# servo timeline for OD-B01-S03 (tools/perform/hardware.js): rows where a channel moves (and where it stops); power is an estimate from a stated model (a 0.30 m puppet; see the file header of hardware.js), not a measurement
# calibration on a rig: encoder velocity -> angular velocity; IMU -> root acceleration; V x I -> electrical power; motor thermistor -> a first-order response to I^2 R, the same form as the motion heat T_m
actor,channel,t,angle_deg,velocity_deg_s,limit_lo_deg,limit_hi_deg,torque_Nm,power_W_est
athena-as-mentes,root.h,0,180,0,,,0,0
athena-as-mentes,root.h,30.583,170.9,-109.5,,,0,0
athena-as-mentes,root.h,30.667,134.7,-433.6,,,0,0
athena-as-mentes,root.h,30.75,87.5,-566.9,,,0,0
athena-as-mentes,root.h,30.833,47,-485.9,,,0,0
athena-as-mentes,root.h,30.917,31.1,-191.4,,,0,0
athena-as-mentes,root.h,31,31.1,0,,,0,0
athena-as-mentes,root.h,31.5,36.4,63.8,,,0,0
athena-as-mentes,root.h,31.583,36.4,0,,,0,0
athena-as-mentes,root.h,31.917,43.8,89.7,,,0,0
athena-as-mentes,root.h,32,51.3,89.7,,,0,0
athena-as-mentes,root.h,32.083,51.3,0,,,0,0
athena-as-mentes,root.h,32.417,56.3,60.2,,,0,0
athena-as-mentes,root.h,32.5,43.8,-150,,,0,0
athena-as-mentes,root.h,32.583,6.5,-448.3,,,0,0
athena-as-mentes,root.h,32.667,-40.8,-567.7,,,0,0
athena-as-mentes,root.h,32.75,-82.8,-503.4,,,0,0
athena-as-mentes,root.h,32.833,-110.2,-329.2,,,0,0
athena-as-mentes,root.h,32.917,-126.9,-200.4,,,0,0
athena-as-mentes,root.h,33,-149.9,-275.4,,,0,0
athena-as-mentes,root.h,33.083,-176.2,-315.7,,,0,0
athena-as-mentes,root.h,33.167,-202.5,-315.7,,,0,0
athena-as-mentes,root.h,33.25,-225.4,-275.4,,,0,0
athena-as-mentes,root.h,33.333,-241.7,-194.8,,,0,0
athena-as-mentes,root.h,33.417,-247.8,-73.9,,,0,0
athena-as-mentes,root.h,33.5,-247.8,0,,,0,0
athena-as-mentes,root.h,37,-212.3,426.6,,,0,0
athena-as-mentes,root.h,37.083,-182.2,361,,,0,0
athena-as-mentes,root.h,37.167,-157.6,295.3,,,0,0
athena-as-mentes,root.h,37.25,-138.5,229.7,,,0,0
athena-as-mentes,root.h,37.333,-124.8,164.1,,,0,0
athena-as-mentes,root.h,37.417,-116.6,98.4,,,0,0
athena-as-mentes,root.h,37.5,-113.8,32.8,,,0,0
athena-as-mentes,root.h,37.583,-113.8,0,,,0,0
athena-as-mentes,root.h,38.25,-118.4,-55.1,,,0,0
athena-as-mentes,root.h,38.333,-130.8,-147.8,,,0,0
athena-as-mentes,root.h,38.417,-148.6,-214,,,0,0
athena-as-mentes,root.h,38.5,-169.7,-253.7,,,0,0
athena-as-mentes,root.h,38.583,-192,-266.9,,,0,0
athena-as-mentes,root.h,38.667,-213.1,-253.7,,,0,0
athena-as-mentes,root.h,38.75,-230.9,-214,,,0,0
athena-as-mentes,root.h,38.833,-243.2,-147.8,,,0,0
athena-as-mentes,root.h,38.917,-247.8,-55.1,,,0,0
athena-as-mentes,root.h,39,-247.8,0,,,0,0
athena-as-mentes,root.h,42.75,-250.6,-32.6,,,0,0
athena-as-mentes,root.h,42.833,-256.5,-71.6,,,0,0
athena-as-mentes,root.h,42.917,-262.5,-71.6,,,0,0
athena-as-mentes,root.h,43,-265.2,-32.6,,,0,0
athena-as-mentes,root.h,43.083,-265.2,0,,,0,0
athena-as-mentes,root.h,43.5,-278.6,-160.7,,,0,0
athena-as-mentes,root.h,43.583,-278.6,0,,,0,0
athena-as-mentes,root.h,43.917,-292.3,-164.7,,,0,0
athena-as-mentes,root.h,44,-292.3,0,,,0,0
athena-as-mentes,root.h,44.417,-292.3,0,,,0,0
athena-as-mentes,root.pitch,0,0,0,,,0,0
athena-as-mentes,root.pitch,44.417,0,0,,,0,0
athena-as-mentes,root.roll,0,0,0,,,0,0
athena-as-mentes,root.roll,4.5,0.1,1.5,,,0,0
athena-as-mentes,root.roll,4.583,0.4,3.8,,,0,0
athena-as-mentes,root.roll,4.667,0.9,5,,,0,0
athena-as-mentes,root.roll,4.75,1.3,5,,,0,0
athena-as-mentes,root.roll,4.833,1.6,3.8,,,0,0
athena-as-mentes,root.roll,4.917,1.7,1.5,,,0,0
athena-as-mentes,root.roll,5,1.7,-0.3,,,0,0
athena-as-mentes,root.roll,7.333,1,-3.7,,,0,0
athena-as-mentes,root.roll,7.417,0.2,-8.9,,,0,0
athena-as-mentes,root.roll,7.5,-0.7,-10.6,,,0,0
athena-as-mentes,root.roll,7.583,-1.4,-8.9,,,0,0
athena-as-mentes,root.roll,7.667,-1.7,-3.7,,,0,0
athena-as-mentes,root.roll,7.75,-1.7,0.3,,,0,0
athena-as-mentes,root.roll,11.583,-1,3.7,,,0,0
athena-as-mentes,root.roll,11.667,-0.2,8.9,,,0,0
athena-as-mentes,root.roll,11.75,0.7,10.6,,,0,0
athena-as-mentes,root.roll,11.833,1.4,8.9,,,0,0
athena-as-mentes,root.roll,11.917,1.7,3.7,,,0,0
athena-as-mentes,root.roll,12,1.7,-0.3,,,0,0
athena-as-mentes,root.roll,14.667,1,-3.7,,,0,0
athena-as-mentes,root.roll,14.75,0.2,-8.9,,,0,0
athena-as-mentes,root.roll,14.833,-0.7,-10.6,,,0,0
athena-as-mentes,root.roll,14.917,-1.4,-8.9,,,0,0
athena-as-mentes,root.roll,15,-1.7,-3.7,,,0,0
athena-as-mentes,root.roll,15.083,-1.7,0.3,,,0,0
athena-as-mentes,root.roll,17.417,-1,3.7,,,0,0
athena-as-mentes,root.roll,17.5,-0.2,8.9,,,0,0
athena-as-mentes,root.roll,17.583,0.7,10.6,,,0,0
athena-as-mentes,root.roll,17.667,1.4,8.9,,,0,0
athena-as-mentes,root.roll,17.75,1.7,3.7,,,0,0
athena-as-mentes,root.roll,17.833,1.7,-0.3,,,0,0
athena-as-mentes,root.roll,21.583,1,-2.6,,,0,0
athena-as-mentes,root.roll,21.667,0.5,-6.6,,,0,0
athena-as-mentes,root.roll,21.75,-0.2,-8.6,,,0,0
athena-as-mentes,root.roll,21.833,-0.9,-8.6,,,0,0
athena-as-mentes,root.roll,21.917,-1.5,-6.6,,,0,0
athena-as-mentes,root.roll,22,-1.7,-2.6,,,0,0
athena-as-mentes,root.roll,22.083,-1.7,0.3,,,0,0
athena-as-mentes,root.roll,24.833,-1,2.6,,,0,0
athena-as-mentes,root.roll,24.917,-0.5,6.6,,,0,0
athena-as-mentes,root.roll,25,0.2,8.6,,,0,0
athena-as-mentes,root.roll,25.083,0.9,8.6,,,0,0
athena-as-mentes,root.roll,25.167,1.5,6.6,,,0,0
athena-as-mentes,root.roll,25.25,1.7,2.6,,,0,0
athena-as-mentes,root.roll,25.333,1.7,-0.3,,,0,0
athena-as-mentes,root.roll,27.583,1,-2.6,,,0,0
athena-as-mentes,root.roll,27.667,0.5,-6.6,,,0,0
athena-as-mentes,root.roll,27.75,-0.2,-8.6,,,0,0
athena-as-mentes,root.roll,27.833,-0.9,-8.6,,,0,0
athena-as-mentes,root.roll,27.917,-1.5,-6.6,,,0,0
athena-as-mentes,root.roll,28,-1.7,-2.6,,,0,0
athena-as-mentes,root.roll,28.083,-1.7,0.3,,,0,0
athena-as-mentes,root.roll,44.417,-1.3,0,,,0,0
athena-as-mentes,torso.lean,0,0,0,-17.2,21.8,0,0
athena-as-mentes,torso.lean,0.417,-0.1,-0.5,-17.2,21.8,0.0007,0
athena-as-mentes,torso.lean,0.5,-0.2,-0.6,-17.2,21.8,0.001,0
athena-as-mentes,torso.lean,0.583,-0.2,-0.7,-17.2,21.8,0.0013,0
athena-as-mentes,torso.lean,0.667,-0.3,-0.8,-17.2,21.8,0.0017,0
athena-as-mentes,torso.lean,0.75,-0.4,-0.8,-17.2,21.8,0.002,0
athena-as-mentes,torso.lean,0.833,-0.4,-0.9,-17.2,21.8,0.0025,0
athena-as-mentes,torso.lean,0.917,-0.5,-0.9,-17.2,21.8,0.0029,0
athena-as-mentes,torso.lean,1,-0.6,-1,-17.2,21.8,0.0033,0
athena-as-mentes,torso.lean,1.083,-0.7,-1,-17.2,21.8,0.0038,0
athena-as-mentes,torso.lean,1.167,-0.8,-1,-17.2,21.8,0.0042,0
athena-as-mentes,torso.lean,1.25,-0.9,-1,-17.2,21.8,0.0047,0
athena-as-mentes,torso.lean,1.333,-0.9,-1,-17.2,21.8,0.0052,0
athena-as-mentes,torso.lean,1.417,-1,-1,-17.2,21.8,0.0056,0
athena-as-mentes,torso.lean,1.5,-1.1,-1,-17.2,21.8,0.0061,0
athena-as-mentes,torso.lean,1.583,-1.2,-1,-17.2,21.8,0.0066,0
athena-as-mentes,torso.lean,1.667,-1.3,-0.9,-17.2,21.8,0.007,0
athena-as-mentes,torso.lean,1.75,-1.3,-0.9,-17.2,21.8,0.0074,0
athena-as-mentes,torso.lean,1.833,-1.4,-0.8,-17.2,21.8,0.0078,0
athena-as-mentes,torso.lean,1.917,-1.5,-0.8,-17.2,21.8,0.0081,0
athena-as-mentes,torso.lean,2,-1.5,-0.7,-17.2,21.8,0.0085,0
athena-as-mentes,torso.lean,2.083,-1.6,-0.6,-17.2,21.8,0.0087,0
athena-as-mentes,torso.lean,2.167,-1.6,-0.5,-17.2,21.8,0.009,0
athena-as-mentes,torso.lean,2.25,-1.7,-0.4,-17.2,21.8,0.0092,0
athena-as-mentes,torso.lean,2.75,-1.6,0.7,-17.2,21.8,0.0088,0
athena-as-mentes,torso.lean,2.833,-1.5,1,-17.2,21.8,0.0084,0
athena-as-mentes,torso.lean,2.917,-1.4,1.2,-17.2,21.8,0.0078,0
athena-as-mentes,torso.lean,3,-1.3,1.3,-17.2,21.8,0.0072,0
athena-as-mentes,torso.lean,3.083,-1.2,1.5,-17.2,21.8,0.0065,0
athena-as-mentes,torso.lean,3.167,-1.1,1.6,-17.2,21.8,0.0058,0
athena-as-mentes,torso.lean,3.25,-0.9,1.6,-17.2,21.8,0.0051,0
athena-as-mentes,torso.lean,3.333,-0.8,1.6,-17.2,21.8,0.0043,0
athena-as-mentes,torso.lean,3.417,-0.7,1.6,-17.2,21.8,0.0036,0
athena-as-mentes,torso.lean,3.5,-0.5,1.6,-17.2,21.8,0.0029,0
athena-as-mentes,torso.lean,3.583,-0.4,1.5,-17.2,21.8,0.0022,0
athena-as-mentes,torso.lean,3.667,-0.3,1.3,-17.2,21.8,0.0016,0
athena-as-mentes,torso.lean,3.75,-0.2,1.2,-17.2,21.8,0.0011,0
athena-as-mentes,torso.lean,3.833,-0.1,1,-17.2,21.8,0.0007,0
athena-as-mentes,torso.lean,3.917,-0.1,0.7,-17.2,21.8,0.0003,0
athena-as-mentes,torso.lean,4,0,0.5,-17.2,21.8,0.0001,0
athena-as-mentes,torso.lean,4.417,-0.1,-0.6,-17.2,21.8,0.0006,0
athena-as-mentes,torso.lean,4.5,-0.2,-0.7,-17.2,21.8,0.0009,0
athena-as-mentes,torso.lean,4.583,-0.2,-0.8,-17.2,21.8,0.0013,0
athena-as-mentes,torso.lean,4.667,-0.3,-0.9,-17.2,21.8,0.0017,0
athena-as-mentes,torso.lean,4.75,-0.4,-1,-17.2,21.8,0.0021,0
athena-as-mentes,torso.lean,4.833,-0.5,-1,-17.2,21.8,0.0026,0
athena-as-mentes,torso.lean,4.917,-0.6,-1.1,-17.2,21.8,0.0031,0
athena-as-mentes,torso.lean,5,-0.7,-1.1,-17.2,21.8,0.0036,0
athena-as-mentes,torso.lean,5.083,-0.8,-1.2,-17.2,21.8,0.0042,0
athena-as-mentes,torso.lean,5.167,-0.9,-1.2,-17.2,21.8,0.0047,0
athena-as-mentes,torso.lean,5.25,-1,-1.2,-17.2,21.8,0.0053,0
athena-as-mentes,torso.lean,5.333,-1.1,-1.2,-17.2,21.8,0.0058,0
athena-as-mentes,torso.lean,5.417,-1.2,-1.1,-17.2,21.8,0.0063,0
athena-as-mentes,torso.lean,5.5,-1.2,-1.1,-17.2,21.8,0.0068,0
athena-as-mentes,torso.lean,5.583,-1.3,-1,-17.2,21.8,0.0073,0
athena-as-mentes,torso.lean,5.667,-1.4,-1,-17.2,21.8,0.0077,0
athena-as-mentes,torso.lean,5.75,-1.5,-0.9,-17.2,21.8,0.0082,0
athena-as-mentes,torso.lean,5.833,-1.6,-0.8,-17.2,21.8,0.0085,0
athena-as-mentes,torso.lean,5.917,-1.6,-0.7,-17.2,21.8,0.0088,0
athena-as-mentes,torso.lean,6,-1.7,-0.6,-17.2,21.8,0.0091,0
athena-as-mentes,torso.lean,6.083,-1.7,-0.4,-17.2,21.8,0.0093,0
athena-as-mentes,torso.lean,6.5,-1.6,0.7,-17.2,21.8,0.0088,0
athena-as-mentes,torso.lean,6.583,-1.5,1,-17.2,21.8,0.0084,0
athena-as-mentes,torso.lean,6.667,-1.4,1.2,-17.2,21.8,0.0078,0
athena-as-mentes,torso.lean,6.75,-1.3,1.3,-17.2,21.8,0.0072,0
athena-as-mentes,torso.lean,6.833,-1.2,1.5,-17.2,21.8,0.0065,0
athena-as-mentes,torso.lean,6.917,-1.1,1.6,-17.2,21.8,0.0058,0
athena-as-mentes,torso.lean,7,-0.9,1.6,-17.2,21.8,0.0051,0
athena-as-mentes,torso.lean,7.083,-0.8,1.6,-17.2,21.8,0.0043,0
athena-as-mentes,torso.lean,7.167,-0.7,1.6,-17.2,21.8,0.0036,0
athena-as-mentes,torso.lean,7.25,-0.5,1.6,-17.2,21.8,0.0029,0
athena-as-mentes,torso.lean,7.333,-0.4,1.5,-17.2,21.8,0.0022,0
athena-as-mentes,torso.lean,7.417,-0.3,1.3,-17.2,21.8,0.0016,0
athena-as-mentes,torso.lean,7.5,-0.2,1.2,-17.2,21.8,0.0011,0
athena-as-mentes,torso.lean,7.583,-0.1,1,-17.2,21.8,0.0007,0
athena-as-mentes,torso.lean,7.667,-0.1,0.7,-17.2,21.8,0.0003,0
athena-as-mentes,torso.lean,7.75,0,0.5,-17.2,21.8,0.0001,0
athena-as-mentes,torso.lean,8.417,-0.1,0.5,-17.2,21.8,0.0005,0
athena-as-mentes,torso.lean,8.5,0,0.7,-17.2,21.8,0.0002,0
athena-as-mentes,torso.lean,8.583,0,0.8,-17.2,21.8,0.0003,0
athena-as-mentes,torso.lean,8.667,0.3,3.2,-17.2,21.8,0.0022,0
athena-as-mentes,torso.lean,8.75,0.9,6.7,-17.2,21.8,0.0054,0.001
athena-as-mentes,torso.lean,8.833,1.6,9.1,-17.2,21.8,0.0093,0.003
athena-as-mentes,torso.lean,8.917,2.4,8.7,-17.2,21.8,0.013,0.004
athena-as-mentes,torso.lean,9,2.8,5,-17.2,21.8,0.0158,0.003
athena-as-mentes,torso.lean,9.083,2.9,1.2,-17.2,21.8,0.0164,0.001
athena-as-mentes,torso.lean,9.167,2.8,-0.5,-17.2,21.8,0.0157,0.001
athena-as-mentes,torso.lean,9.25,2.6,-2.1,-17.2,21.8,0.0148,0.001
athena-as-mentes,torso.lean,9.333,2.3,-3.6,-17.2,21.8,0.0131,0.002
athena-as-mentes,torso.lean,9.417,1.9,-4.9,-17.2,21.8,0.0109,0.002
athena-as-mentes,torso.lean,9.5,1.4,-6.1,-17.2,21.8,0.008,0.002
athena-as-mentes,torso.lean,9.583,0.9,-6.9,-17.2,21.8,0.0049,0.001
athena-as-mentes,torso.lean,9.667,0.3,-7.3,-17.2,21.8,0.0015,0
athena-as-mentes,torso.lean,9.75,-0.4,-7.5,-17.2,21.8,0.0021,0.001
athena-as-mentes,torso.lean,9.833,-1,-7.3,-17.2,21.8,0.0054,0.001
athena-as-mentes,torso.lean,9.917,-1.5,-6.7,-17.2,21.8,0.0085,0.002
athena-as-mentes,torso.lean,10,-2,-5.8,-17.2,21.8,0.0113,0.003
athena-as-mentes,torso.lean,10.083,-2.4,-4.7,-17.2,21.8,0.0135,0.003
athena-as-mentes,torso.lean,10.167,-2.7,-3.3,-17.2,21.8,0.015,0.002
athena-as-mentes,torso.lean,10.25,-2.8,-1.8,-17.2,21.8,0.0158,0.001
athena-as-mentes,torso.lean,10.333,-2.9,-0.1,-17.2,21.8,0.0159,0.001
athena-as-mentes,torso.lean,10.417,-2.7,1.4,-17.2,21.8,0.0153,0.001
athena-as-mentes,torso.lean,10.5,-2.5,3,-17.2,21.8,0.0139,0.002
athena-as-mentes,torso.lean,10.583,-2.1,4.4,-17.2,21.8,0.0118,0.002
athena-as-mentes,torso.lean,10.667,-1.6,5.6,-17.2,21.8,0.0092,0.002
athena-as-mentes,torso.lean,10.75,-1.1,6.6,-17.2,21.8,0.0062,0.001
athena-as-mentes,torso.lean,10.833,-0.5,7.2,-17.2,21.8,0.0028,0.001
athena-as-mentes,torso.lean,10.917,0.1,7.5,-17.2,21.8,0.0007,0
athena-as-mentes,torso.lean,11,0.7,7.4,-17.2,21.8,0.0041,0.001
athena-as-mentes,torso.lean,11.083,1.3,7,-17.2,21.8,0.0073,0.002
athena-as-mentes,torso.lean,11.167,1.8,6.2,-17.2,21.8,0.0102,0.002
athena-as-mentes,torso.lean,11.25,2.3,5.2,-17.2,21.8,0.0126,0.003
athena-as-mentes,torso.lean,11.333,2.6,3.9,-17.2,21.8,0.0145,0.002
athena-as-mentes,torso.lean,11.417,2.8,2.4,-17.2,21.8,0.0156,0.002
athena-as-mentes,torso.lean,11.5,2.9,0.8,-17.2,21.8,0.016,0.001
athena-as-mentes,torso.lean,11.583,2.8,-0.8,-17.2,21.8,0.0156,0.001
athena-as-mentes,torso.lean,11.667,2.6,-2.4,-17.2,21.8,0.0145,0.002
athena-as-mentes,torso.lean,11.75,2.3,-3.9,-17.2,21.8,0.0127,0.002
athena-as-mentes,torso.lean,11.833,1.8,-5.2,-17.2,21.8,0.0103,0.002
athena-as-mentes,torso.lean,11.917,1.3,-6.2,-17.2,21.8,0.0074,0.002
athena-as-mentes,torso.lean,12,0.7,-7,-17.2,21.8,0.0042,0.001
athena-as-mentes,torso.lean,12.083,0.1,-7.4,-17.2,21.8,0.0008,0
athena-as-mentes,torso.lean,12.167,-0.5,-7.5,-17.2,21.8,0.0028,0.001
athena-as-mentes,torso.lean,12.25,-1.1,-7.2,-17.2,21.8,0.0061,0.002
athena-as-mentes,torso.lean,12.333,-1.6,-6.6,-17.2,21.8,0.0091,0.002
athena-as-mentes,torso.lean,12.417,-2.1,-5.6,-17.2,21.8,0.0118,0.003
athena-as-mentes,torso.lean,12.5,-2.5,-4.4,-17.2,21.8,0.0138,0.003
athena-as-mentes,torso.lean,12.583,-2.7,-3,-17.2,21.8,0.0152,0.002
athena-as-mentes,torso.lean,12.667,-2.9,-1.4,-17.2,21.8,0.0159,0.001
athena-as-mentes,torso.lean,12.75,-2.8,0.1,-17.2,21.8,0.0158,0.001
athena-as-mentes,torso.lean,12.833,-2.7,1.8,-17.2,21.8,0.015,0.001
athena-as-mentes,torso.lean,12.917,-2.4,3.3,-17.2,21.8,0.0135,0.002
athena-as-mentes,torso.lean,13,-2,4.7,-17.2,21.8,0.0114,0.002
athena-as-mentes,torso.lean,13.083,-1.5,5.8,-17.2,21.8,0.0087,0.002
athena-as-mentes,torso.lean,13.167,-1,6.7,-17.2,21.8,0.0055,0.001
athena-as-mentes,torso.lean,13.25,-0.4,7.3,-17.2,21.8,0.0021,0.001
athena-as-mentes,torso.lean,13.333,0.3,7.5,-17.2,21.8,0.0014,0
athena-as-mentes,torso.lean,13.417,0.9,7.3,-17.2,21.8,0.0047,0.001
athena-as-mentes,torso.lean,13.5,1.4,6.9,-17.2,21.8,0.0079,0.002
athena-as-mentes,torso.lean,13.583,1.9,6.1,-17.2,21.8,0.0108,0.003
athena-as-mentes,torso.lean,13.667,2.3,4.9,-17.2,21.8,0.0131,0.003
athena-as-mentes,torso.lean,13.75,2.6,3.6,-17.2,21.8,0.0147,0.002
athena-as-mentes,torso.lean,13.833,2.8,2.1,-17.2,21.8,0.0157,0.002
athena-as-mentes,torso.lean,13.917,2.9,0.5,-17.2,21.8,0.016,0.001
athena-as-mentes,torso.lean,14,2.8,-1.2,-17.2,21.8,0.0155,0.001
athena-as-mentes,torso.lean,14.083,2.4,-5,-17.2,21.8,0.0136,0.003
athena-as-mentes,torso.lean,14.167,1.6,-8.7,-17.2,21.8,0.0096,0.003
athena-as-mentes,torso.lean,14.25,0.9,-9.1,-17.2,21.8,0.0048,0.002
athena-as-mentes,torso.lean,14.333,0.3,-6.7,-17.2,21.8,0.0022,0.001
athena-as-mentes,torso.lean,14.417,0,-3.2,-17.2,21.8,0.0009,0
athena-as-mentes,torso.lean,14.5,-0.1,-1.3,-17.2,21.8,0.0007,0
athena-as-mentes,torso.lean,14.583,-0.2,-1.8,-17.2,21.8,0.0013,0
athena-as-mentes,torso.lean,14.667,-0.4,-1.7,-17.2,21.8,0.002,0
athena-as-mentes,torso.lean,14.75,-0.4,-0.9,-17.2,21.8,0.0025,0
athena-as-mentes,torso.lean,14.833,-0.4,-0.1,-17.2,21.8,0.0026,0
athena-as-mentes,torso.lean,14.917,-0.4,0.7,-17.2,21.8,0.0023,0
athena-as-mentes,torso.lean,15,-0.3,1.1,-17.2,21.8,0.0017,0
athena-as-mentes,torso.lean,15.083,-0.2,1.2,-17.2,21.8,0.0011,0
athena-as-mentes,torso.lean,15.167,-0.1,1.2,-17.2,21.8,0.0006,0
athena-as-mentes,torso.lean,15.25,0,0.9,-17.2,21.8,0.0002,0
athena-as-mentes,torso.lean,15.333,0,0.3,-17.2,21.8,0.0001,0
athena-as-mentes,torso.lean,15.667,-0.1,-0.5,-17.2,21.8,0.0006,0
athena-as-mentes,torso.lean,15.75,-0.2,-0.6,-17.2,21.8,0.0009,0
athena-as-mentes,torso.lean,15.833,-0.2,-0.7,-17.2,21.8,0.0012,0
athena-as-mentes,torso.lean,15.917,-0.3,-0.8,-17.2,21.8,0.0016,0
athena-as-mentes,torso.lean,16,-0.4,-0.9,-17.2,21.8,0.002,0
athena-as-mentes,torso.lean,16.083,-0.4,-1,-17.2,21.8,0.0025,0
athena-as-mentes,torso.lean,16.167,-0.5,-1,-17.2,21.8,0.0029,0
athena-as-mentes,torso.lean,16.25,-0.6,-1.1,-17.2,21.8,0.0034,0
athena-as-mentes,torso.lean,16.333,-0.7,-1.1,-17.2,21.8,0.0039,0
athena-as-mentes,torso.lean,16.417,-0.8,-1.1,-17.2,21.8,0.0045,0
athena-as-mentes,torso.lean,16.5,-0.9,-1.1,-17.2,21.8,0.005,0
athena-as-mentes,torso.lean,16.583,-1,-1.1,-17.2,21.8,0.0055,0
athena-as-mentes,torso.lean,16.667,-1.1,-1.1,-17.2,21.8,0.006,0
athena-as-mentes,torso.lean,16.75,-1.2,-1.1,-17.2,21.8,0.0065,0
athena-as-mentes,torso.lean,16.833,-1.3,-1,-17.2,21.8,0.007,0
athena-as-mentes,torso.lean,16.917,-1.4,-1,-17.2,21.8,0.0074,0
athena-as-mentes,torso.lean,17,-1.4,-0.9,-17.2,21.8,0.0079,0
athena-as-mentes,torso.lean,17.083,-1.5,-0.8,-17.2,21.8,0.0082,0
athena-as-mentes,torso.lean,17.167,-1.6,-0.7,-17.2,21.8,0.0086,0
athena-as-mentes,torso.lean,17.25,-1.6,-0.6,-17.2,21.8,0.0089,0
athena-as-mentes,torso.lean,17.333,-1.7,-0.5,-17.2,21.8,0.0091,0
athena-as-mentes,torso.lean,17.417,-1.7,-0.4,-17.2,21.8,0.0093,0
athena-as-mentes,torso.lean,17.833,-1.6,0.7,-17.2,21.8,0.0088,0
athena-as-mentes,torso.lean,17.917,-1.5,1,-17.2,21.8,0.0084,0
athena-as-mentes,torso.lean,18,-1.4,1.2,-17.2,21.8,0.0078,0
athena-as-mentes,torso.lean,18.083,-1.3,1.3,-17.2,21.8,0.0072,0
athena-as-mentes,torso.lean,18.167,-1.2,1.5,-17.2,21.8,0.0065,0
athena-as-mentes,torso.lean,18.25,-1.1,1.6,-17.2,21.8,0.0058,0
athena-as-mentes,torso.lean,18.333,-0.9,1.6,-17.2,21.8,0.0051,0
athena-as-mentes,torso.lean,18.417,-0.8,1.6,-17.2,21.8,0.0043,0
athena-as-mentes,torso.lean,18.5,-0.7,1.6,-17.2,21.8,0.0036,0
athena-as-mentes,torso.lean,18.583,-0.5,1.6,-17.2,21.8,0.0029,0
athena-as-mentes,torso.lean,18.667,-0.4,1.5,-17.2,21.8,0.0022,0
athena-as-mentes,torso.lean,18.75,-0.3,1.3,-17.2,21.8,0.0016,0
athena-as-mentes,torso.lean,18.833,-0.2,1.2,-17.2,21.8,0.0011,0
athena-as-mentes,torso.lean,18.917,-0.1,1,-17.2,21.8,0.0007,0
athena-as-mentes,torso.lean,19,-0.1,0.7,-17.2,21.8,0.0003,0
athena-as-mentes,torso.lean,19.083,0,0.5,-17.2,21.8,0.0001,0
athena-as-mentes,torso.lean,19.5,-0.1,-0.6,-17.2,21.8,0.0006,0
athena-as-mentes,torso.lean,19.583,-0.2,-0.7,-17.2,21.8,0.0009,0
athena-as-mentes,torso.lean,19.667,-0.2,-0.8,-17.2,21.8,0.0013,0
athena-as-mentes,torso.lean,19.75,-0.3,-0.9,-17.2,21.8,0.0017,0
athena-as-mentes,torso.lean,19.833,-0.4,-1,-17.2,21.8,0.0021,0
athena-as-mentes,torso.lean,19.917,-0.5,-1,-17.2,21.8,0.0026,0
athena-as-mentes,torso.lean,20,-0.6,-1.1,-17.2,21.8,0.0031,0
athena-as-mentes,torso.lean,20.083,-0.7,-1.1,-17.2,21.8,0.0036,0
athena-as-mentes,torso.lean,20.167,-0.8,-1.2,-17.2,21.8,0.0042,0
athena-as-mentes,torso.lean,20.25,-0.9,-1.2,-17.2,21.8,0.0047,0
athena-as-mentes,torso.lean,20.333,-1,-1.2,-17.2,21.8,0.0053,0
athena-as-mentes,torso.lean,20.417,-1.1,-1.2,-17.2,21.8,0.0058,0
athena-as-mentes,torso.lean,20.5,-1.2,-1.1,-17.2,21.8,0.0063,0
athena-as-mentes,torso.lean,20.583,-1.2,-1.1,-17.2,21.8,0.0068,0
athena-as-mentes,torso.lean,20.667,-1.3,-1,-17.2,21.8,0.0073,0
athena-as-mentes,torso.lean,20.75,-1.4,-1,-17.2,21.8,0.0077,0
athena-as-mentes,torso.lean,20.833,-1.5,-0.9,-17.2,21.8,0.0082,0
athena-as-mentes,torso.lean,20.917,-1.6,-0.8,-17.2,21.8,0.0085,0
athena-as-mentes,torso.lean,21,-1.6,-0.7,-17.2,21.8,0.0088,0
athena-as-mentes,torso.lean,21.083,-1.7,-0.6,-17.2,21.8,0.0091,0
athena-as-mentes,torso.lean,21.167,-1.7,-0.4,-17.2,21.8,0.0093,0
athena-as-mentes,torso.lean,21.583,-1.6,0.7,-17.2,21.8,0.0088,0
athena-as-mentes,torso.lean,21.667,-1.5,1,-17.2,21.8,0.0084,0
athena-as-mentes,torso.lean,21.75,-1.4,1.2,-17.2,21.8,0.0078,0
athena-as-mentes,torso.lean,21.833,-1.3,1.3,-17.2,21.8,0.0072,0
athena-as-mentes,torso.lean,21.917,-1.2,1.5,-17.2,21.8,0.0065,0
athena-as-mentes,torso.lean,22,-1.1,1.6,-17.2,21.8,0.0058,0
athena-as-mentes,torso.lean,22.083,-0.9,1.6,-17.2,21.8,0.0051,0
athena-as-mentes,torso.lean,22.167,-0.8,1.6,-17.2,21.8,0.0043,0
athena-as-mentes,torso.lean,22.25,-0.7,1.6,-17.2,21.8,0.0036,0
athena-as-mentes,torso.lean,22.333,-0.5,1.6,-17.2,21.8,0.0029,0
athena-as-mentes,torso.lean,22.417,-0.4,1.5,-17.2,21.8,0.0022,0
athena-as-mentes,torso.lean,22.5,-0.3,1.3,-17.2,21.8,0.0016,0
athena-as-mentes,torso.lean,22.583,-0.2,1.2,-17.2,21.8,0.0011,0
athena-as-mentes,torso.lean,22.667,-0.1,1,-17.2,21.8,0.0007,0
athena-as-mentes,torso.lean,22.75,-0.1,0.7,-17.2,21.8,0.0003,0
athena-as-mentes,torso.lean,22.833,0,0.5,-17.2,21.8,0.0001,0
athena-as-mentes,torso.lean,23.25,-0.1,-0.6,-17.2,21.8,0.0006,0
athena-as-mentes,torso.lean,23.333,-0.2,-0.7,-17.2,21.8,0.0009,0
athena-as-mentes,torso.lean,23.417,-0.2,-0.8,-17.2,21.8,0.0013,0
athena-as-mentes,torso.lean,23.5,-0.3,-0.9,-17.2,21.8,0.0017,0
athena-as-mentes,torso.lean,23.583,-0.4,-1,-17.2,21.8,0.0021,0
athena-as-mentes,torso.lean,23.667,-0.5,-1,-17.2,21.8,0.0026,0
athena-as-mentes,torso.lean,23.75,-0.6,-1.1,-17.2,21.8,0.0031,0
athena-as-mentes,torso.lean,23.833,-0.7,-1.1,-17.2,21.8,0.0036,0
athena-as-mentes,torso.lean,23.917,-0.8,-1.2,-17.2,21.8,0.0042,0
athena-as-mentes,torso.lean,24,-0.9,-1.2,-17.2,21.8,0.0047,0
athena-as-mentes,torso.lean,24.083,-1,-1.2,-17.2,21.8,0.0053,0
athena-as-mentes,torso.lean,24.167,-1.1,-1.2,-17.2,21.8,0.0058,0
athena-as-mentes,torso.lean,24.25,-1.2,-1.1,-17.2,21.8,0.0063,0
athena-as-mentes,torso.lean,24.333,-1.2,-1.1,-17.2,21.8,0.0068,0
athena-as-mentes,torso.lean,24.417,-1.3,-1,-17.2,21.8,0.0073,0
athena-as-mentes,torso.lean,24.5,-1.4,-1,-17.2,21.8,0.0077,0
athena-as-mentes,torso.lean,24.583,-1.5,-0.9,-17.2,21.8,0.0082,0
athena-as-mentes,torso.lean,24.667,-1.6,-0.8,-17.2,21.8,0.0085,0
athena-as-mentes,torso.lean,24.75,-1.6,-0.7,-17.2,21.8,0.0088,0
athena-as-mentes,torso.lean,24.833,-1.7,-0.6,-17.2,21.8,0.0091,0
athena-as-mentes,torso.lean,24.917,-1.7,-0.4,-17.2,21.8,0.0093,0
athena-as-mentes,torso.lean,25.333,-1.6,0.7,-17.2,21.8,0.0088,0
athena-as-mentes,torso.lean,25.417,-1.5,1,-17.2,21.8,0.0084,0
athena-as-mentes,torso.lean,25.5,-1.4,1.2,-17.2,21.8,0.0078,0
athena-as-mentes,torso.lean,25.583,-1.3,1.3,-17.2,21.8,0.0072,0
athena-as-mentes,torso.lean,25.667,-1.2,1.5,-17.2,21.8,0.0065,0
athena-as-mentes,torso.lean,25.75,-1.1,1.6,-17.2,21.8,0.0058,0
athena-as-mentes,torso.lean,25.833,-0.9,1.6,-17.2,21.8,0.0051,0
athena-as-mentes,torso.lean,25.917,-0.8,1.6,-17.2,21.8,0.0043,0
athena-as-mentes,torso.lean,26,-0.7,1.6,-17.2,21.8,0.0036,0
athena-as-mentes,torso.lean,26.083,-0.5,1.6,-17.2,21.8,0.0029,0
athena-as-mentes,torso.lean,26.167,-0.4,1.5,-17.2,21.8,0.0022,0
athena-as-mentes,torso.lean,26.25,-0.3,1.3,-17.2,21.8,0.0016,0
athena-as-mentes,torso.lean,26.333,-0.2,1.2,-17.2,21.8,0.0011,0
athena-as-mentes,torso.lean,26.417,-0.1,1,-17.2,21.8,0.0007,0
athena-as-mentes,torso.lean,26.5,-0.1,0.7,-17.2,21.8,0.0003,0
athena-as-mentes,torso.lean,26.583,0,0.5,-17.2,21.8,0.0001,0
athena-as-mentes,torso.lean,27,-0.1,-0.6,-17.2,21.8,0.0006,0
athena-as-mentes,torso.lean,27.083,-0.2,-0.7,-17.2,21.8,0.0009,0
athena-as-mentes,torso.lean,27.167,-0.2,-0.8,-17.2,21.8,0.0013,0
athena-as-mentes,torso.lean,27.25,-0.3,-0.9,-17.2,21.8,0.0017,0
athena-as-mentes,torso.lean,27.333,-0.4,-1,-17.2,21.8,0.0021,0
athena-as-mentes,torso.lean,27.417,-0.5,-1,-17.2,21.8,0.0026,0
athena-as-mentes,torso.lean,27.5,-0.6,-1.1,-17.2,21.8,0.0031,0
athena-as-mentes,torso.lean,27.583,-0.7,-1.1,-17.2,21.8,0.0036,0
athena-as-mentes,torso.lean,27.667,-0.8,-1.2,-17.2,21.8,0.0042,0
athena-as-mentes,torso.lean,27.75,-0.9,-1.2,-17.2,21.8,0.0047,0
athena-as-mentes,torso.lean,27.833,-1,-1.2,-17.2,21.8,0.0053,0
athena-as-mentes,torso.lean,27.917,-1.1,-1.2,-17.2,21.8,0.0058,0
athena-as-mentes,torso.lean,28,-1.2,-1.1,-17.2,21.8,0.0063,0
athena-as-mentes,torso.lean,28.083,-1.2,-1.1,-17.2,21.8,0.0068,0
athena-as-mentes,torso.lean,28.167,-1.3,-1,-17.2,21.8,0.0073,0
athena-as-mentes,torso.lean,28.25,-1.4,-1,-17.2,21.8,0.0077,0
athena-as-mentes,torso.lean,28.333,-1.5,-0.9,-17.2,21.8,0.0082,0
athena-as-mentes,torso.lean,28.417,-1.6,-0.8,-17.2,21.8,0.0085,0
athena-as-mentes,torso.lean,28.5,-1.6,-0.7,-17.2,21.8,0.0088,0
athena-as-mentes,torso.lean,28.583,-1.7,-0.6,-17.2,21.8,0.0091,0
athena-as-mentes,torso.lean,28.667,-1.7,-0.4,-17.2,21.8,0.0093,0
athena-as-mentes,torso.lean,29.083,-1.6,0.7,-17.2,21.8,0.0088,0
athena-as-mentes,torso.lean,29.167,-1.5,1,-17.2,21.8,0.0084,0
athena-as-mentes,torso.lean,29.25,-1.4,1.2,-17.2,21.8,0.0078,0
athena-as-mentes,torso.lean,29.333,-1.3,1.3,-17.2,21.8,0.0072,0
athena-as-mentes,torso.lean,29.417,-1.2,1.5,-17.2,21.8,0.0065,0
athena-as-mentes,torso.lean,29.5,-1.1,1.6,-17.2,21.8,0.0058,0
athena-as-mentes,torso.lean,29.583,-0.9,1.6,-17.2,21.8,0.0051,0
athena-as-mentes,torso.lean,29.667,-0.8,1.6,-17.2,21.8,0.0043,0
athena-as-mentes,torso.lean,29.75,-0.7,1.6,-17.2,21.8,0.0036,0
athena-as-mentes,torso.lean,29.833,-0.5,1.6,-17.2,21.8,0.0029,0
athena-as-mentes,torso.lean,29.917,-0.4,1.5,-17.2,21.8,0.0022,0
athena-as-mentes,torso.lean,30,-0.3,1.3,-17.2,21.8,0.0016,0
athena-as-mentes,torso.lean,30.083,-0.2,1.2,-17.2,21.8,0.0011,0
athena-as-mentes,torso.lean,30.167,-0.1,1,-17.2,21.8,0.0007,0
athena-as-mentes,torso.lean,30.25,-0.1,0.7,-17.2,21.8,0.0003,0
athena-as-mentes,torso.lean,30.333,0,0.5,-17.2,21.8,0.0001,0
athena-as-mentes,torso.lean,30.583,0.1,0.8,-17.2,21.8,0.0005,0
athena-as-mentes,torso.lean,30.667,0.3,2.5,-17.2,21.8,0.0018,0
athena-as-mentes,torso.lean,30.75,0.6,4.2,-17.2,21.8,0.0037,0.001
athena-as-mentes,torso.lean,30.833,1.1,5.9,-17.2,21.8,0.0064,0.001
athena-as-mentes,torso.lean,30.917,1.8,7.6,-17.2,21.8,0.0099,0.003
athena-as-mentes,torso.lean,31,2.5,9.3,-17.2,21.8,0.0141,0.005
athena-as-mentes,torso.lean,31.083,3.4,10.9,-17.2,21.8,0.0191,0.008
athena-as-mentes,torso.lean,31.167,3.4,0,-17.2,21.8,0.0208,0.001
athena-as-mentes,torso.lean,32.5,2.1,-16.4,-17.2,21.8,0.0143,0.009
athena-as-mentes,torso.lean,32.583,0.9,-13.9,-17.2,21.8,0.0054,0.003
athena-as-mentes,torso.lean,32.667,0,-11.4,-17.2,21.8,0.0006,0
athena-as-mentes,torso.lean,32.75,-0.8,-8.8,-17.2,21.8,0.0047,0.001
athena-as-mentes,torso.lean,32.833,-1.3,-6.3,-17.2,21.8,0.0076,0.002
athena-as-mentes,torso.lean,32.917,-1.6,-3.8,-17.2,21.8,0.0093,0.001
athena-as-mentes,torso.lean,33,-1.7,-1.3,-17.2,21.8,0.0099,0.001
athena-as-mentes,torso.lean,33.083,-1.5,3.2,-17.2,21.8,0.0087,0.001
athena-as-mentes,torso.lean,33.167,-0.9,7.1,-17.2,21.8,0.0054,0.001
athena-as-mentes,torso.lean,33.25,-0.3,7.1,-17.2,21.8,0.0015,0
athena-as-mentes,torso.lean,33.333,0,3.2,-17.2,21.8,0.0007,0
athena-as-mentes,torso.lean,33.417,0,0,-17.2,21.8,0.0006,0
athena-as-mentes,torso.lean,37,0.3,3.6,-17.2,21.8,0.0023,0
athena-as-mentes,torso.lean,37.083,1,8.5,-17.2,21.8,0.0064,0.002
athena-as-mentes,torso.lean,37.167,1.9,10.2,-17.2,21.8,0.0105,0.004
athena-as-mentes,torso.lean,37.25,2.6,8.5,-17.2,21.8,0.0144,0.005
athena-as-mentes,torso.lean,37.333,2.9,3.6,-17.2,21.8,0.0166,0.003
athena-as-mentes,torso.lean,37.417,2.8,-0.5,-17.2,21.8,0.0162,0.001
athena-as-mentes,torso.lean,37.5,2.7,-1.3,-17.2,21.8,0.015,0.001
athena-as-mentes,torso.lean,37.583,2.6,-2,-17.2,21.8,0.0141,0.001
athena-as-mentes,torso.lean,37.667,2.3,-2.4,-17.2,21.8,0.0129,0.001
athena-as-mentes,torso.lean,37.75,2.1,-2.7,-17.2,21.8,0.0117,0.001
athena-as-mentes,torso.lean,37.833,1.9,-2.8,-17.2,21.8,0.0104,0.001
athena-as-mentes,torso.lean,37.917,1.7,-2.7,-17.2,21.8,0.0091,0.001
athena-as-mentes,torso.lean,38,1.5,-2.4,-17.2,21.8,0.008,0.001
athena-as-mentes,torso.lean,38.083,1.3,-2,-17.2,21.8,0.0072,0.001
athena-as-mentes,torso.lean,38.167,1.2,-1.3,-17.2,21.8,0.0066,0
athena-as-mentes,torso.lean,38.25,1.1,-0.5,-17.2,21.8,0.0064,0
athena-as-mentes,torso.lean,38.333,1.1,-0.8,-17.2,21.8,0.006,0
athena-as-mentes,torso.lean,38.417,0.9,-2,-17.2,21.8,0.0052,0
athena-as-mentes,torso.lean,38.5,0.7,-2.7,-17.2,21.8,0.0039,0
athena-as-mentes,torso.lean,38.583,0.5,-2.9,-17.2,21.8,0.0025,0
athena-as-mentes,torso.lean,38.667,0.2,-2.7,-17.2,21.8,0.0013,0
athena-as-mentes,torso.lean,38.75,0.1,-2,-17.2,21.8,0.0005,0
athena-as-mentes,torso.lean,38.833,0,-0.8,-17.2,21.8,0.0002,0
athena-as-mentes,torso.lean,38.917,0,0,-17.2,21.8,0.0001,0
athena-as-mentes,torso.lean,44.417,0,0,-17.2,21.8,0,0
athena-as-mentes,torso.twist,0,0,0,-31.5,31.5,0,0
athena-as-mentes,torso.twist,7.083,-0.5,-6,-31.5,31.5,0.0037,0.001
athena-as-mentes,torso.twist,7.167,-1.8,-15.6,-31.5,31.5,0.0115,0.007
athena-as-mentes,torso.twist,7.25,-3.6,-21.3,-31.5,31.5,0.0205,0.016
athena-as-mentes,torso.twist,7.333,-5.5,-23.2,-31.5,31.5,0.0304,0.027
athena-as-mentes,torso.twist,7.417,-7.3,-21.3,-31.5,31.5,0.0401,0.033
athena-as-mentes,torso.twist,7.5,-8.6,-15.6,-31.5,31.5,0.0478,0.031
athena-as-mentes,torso.twist,7.583,-9.1,-6,-31.5,31.5,0.0513,0.016
athena-as-mentes,torso.twist,7.667,-9.1,0,-31.5,31.5,0.0506,0.005
athena-as-mentes,torso.twist,9.833,-8.9,2.7,-31.5,31.5,0.0488,0.009
athena-as-mentes,torso.twist,9.917,-8.3,7.1,-31.5,31.5,0.0459,0.016
athena-as-mentes,torso.twist,10,-7.5,9.7,-31.5,31.5,0.0412,0.017
athena-as-mentes,torso.twist,10.083,-6.6,10.6,-31.5,31.5,0.0361,0.016
athena-as-mentes,torso.twist,10.167,-5.8,9.7,-31.5,31.5,0.0317,0.013
athena-as-mentes,torso.twist,10.25,-5.2,7.1,-31.5,31.5,0.0288,0.009
athena-as-mentes,torso.twist,10.333,-4.9,2.7,-31.5,31.5,0.0278,0.004
athena-as-mentes,torso.twist,10.417,-4.9,0,-31.5,31.5,0.0275,0.002
athena-as-mentes,torso.twist,13.417,-4,11.6,-31.5,31.5,0.0238,0.011
athena-as-mentes,torso.twist,13.5,-1.5,30,-31.5,31.5,0.0114,0.012
athena-as-mentes,torso.twist,13.583,1.9,41.1,-31.5,31.5,0.0126,0.018
athena-as-mentes,torso.twist,13.667,5.7,44.7,-31.5,31.5,0.0317,0.052
athena-as-mentes,torso.twist,13.75,9.1,41.1,-31.5,31.5,0.0503,0.077
athena-as-mentes,torso.twist,13.833,11.6,30,-31.5,31.5,0.0651,0.077
athena-as-mentes,torso.twist,13.917,12.6,11.6,-31.5,31.5,0.0716,0.039
athena-as-mentes,torso.twist,14,12.6,0,-31.5,31.5,0.0704,0.01
athena-as-mentes,torso.twist,15.417,11.6,-11.2,-31.5,31.5,0.0653,0.034
athena-as-mentes,torso.twist,15.5,9.3,-27.9,-31.5,31.5,0.0538,0.058
athena-as-mentes,torso.twist,15.583,6.3,-36.3,-31.5,31.5,0.0359,0.048
athena-as-mentes,torso.twist,15.667,3.3,-36.3,-31.5,31.5,0.0179,0.023
athena-as-mentes,torso.twist,15.75,0.9,-27.9,-31.5,31.5,0.0067,0.007
athena-as-mentes,torso.twist,15.833,0,-11.2,-31.5,31.5,0.0031,0.001
athena-as-mentes,torso.twist,15.917,0,0,-31.5,31.5,0.0021,0
athena-as-mentes,torso.twist,19.417,-0.5,-6,-31.5,31.5,0.0037,0.001
athena-as-mentes,torso.twist,19.5,-1.8,-15.6,-31.5,31.5,0.0115,0.007
athena-as-mentes,torso.twist,19.583,-3.6,-21.3,-31.5,31.5,0.0205,0.016
athena-as-mentes,torso.twist,19.667,-5.5,-23.2,-31.5,31.5,0.0304,0.027
athena-as-mentes,torso.twist,19.75,-7.3,-21.3,-31.5,31.5,0.0401,0.033
athena-as-mentes,torso.twist,19.833,-8.6,-15.6,-31.5,31.5,0.0478,0.031
athena-as-mentes,torso.twist,19.917,-9.1,-6,-31.5,31.5,0.0513,0.016
athena-as-mentes,torso.twist,20,-9.1,0,-31.5,31.5,0.0506,0.005
athena-as-mentes,torso.twist,20.333,-8.8,3.6,-31.5,31.5,0.0486,0.011
athena-as-mentes,torso.twist,20.417,-8,9.1,-31.5,31.5,0.0448,0.018
athena-as-mentes,torso.twist,20.5,-7,11.8,-31.5,31.5,0.039,0.019
athena-as-mentes,torso.twist,20.583,-6.1,11.8,-31.5,31.5,0.0331,0.016
athena-as-mentes,torso.twist,20.667,-5.3,9.1,-31.5,31.5,0.0295,0.011
athena-as-mentes,torso.twist,20.75,-5,3.6,-31.5,31.5,0.0283,0.005
athena-as-mentes,torso.twist,20.833,-4.9,1.5,-31.5,31.5,0.027,0.003
athena-as-mentes,torso.twist,20.917,-4.6,3.6,-31.5,31.5,0.0254,0.004
athena-as-mentes,torso.twist,21,-4.2,4.3,-31.5,31.5,0.0232,0.005
athena-as-mentes,torso.twist,21.083,-3.9,3.6,-31.5,31.5,0.0215,0.004
athena-as-mentes,torso.twist,21.167,-3.8,1.5,-31.5,31.5,0.0211,0.002
athena-as-mentes,torso.twist,21.25,-3.8,0,-31.5,31.5,0.021,0.001
athena-as-mentes,torso.twist,21.333,-3.6,1.9,-31.5,31.5,0.0202,0.002
athena-as-mentes,torso.twist,21.417,-3.3,4.5,-31.5,31.5,0.0183,0.004
athena-as-mentes,torso.twist,21.5,-2.8,5.4,-31.5,31.5,0.0155,0.003
athena-as-mentes,torso.twist,21.583,-2.4,4.5,-31.5,31.5,0.0134,0.002
athena-as-mentes,torso.twist,21.667,-2.3,1.9,-31.5,31.5,0.0129,0.001
athena-as-mentes,torso.twist,21.75,-2.3,0,-31.5,31.5,0.0128,0
athena-as-mentes,torso.twist,21.833,-2.1,2.4,-31.5,31.5,0.0118,0.001
athena-as-mentes,torso.twist,21.917,-1.6,5.7,-31.5,31.5,0.0093,0.002
athena-as-mentes,torso.twist,22,-1,6.8,-31.5,31.5,0.0059,0.001
athena-as-mentes,torso.twist,22.083,-0.6,5.7,-31.5,31.5,0.0033,0.001
athena-as-mentes,torso.twist,22.167,-0.4,2.4,-31.5,31.5,0.0026,0
athena-as-mentes,torso.twist,22.25,-0.4,0,-31.5,31.5,0.0024,0
athena-as-mentes,torso.twist,22.417,-0.2,1.1,-31.5,31.5,0.0014,0
athena-as-mentes,torso.twist,22.5,-0.1,1.3,-31.5,31.5,0.0008,0
athena-as-mentes,torso.twist,22.583,0,1.1,-31.5,31.5,0.0003,0
athena-as-mentes,torso.twist,22.667,0,0.5,-31.5,31.5,0.0001,0
athena-as-mentes,torso.twist,25,1,11.8,-31.5,31.5,0.0075,0.003
athena-as-mentes,torso.twist,25.083,3.1,26,-31.5,31.5,0.0197,0.019
athena-as-mentes,torso.twist,25.167,5.3,26,-31.5,31.5,0.029,0.028
athena-as-mentes,torso.twist,25.25,6.3,11.8,-31.5,31.5,0.0369,0.018
athena-as-mentes,torso.twist,25.333,5.6,-7.9,-31.5,31.5,0.0343,0.012
athena-as-mentes,torso.twist,25.417,4.1,-18.7,-31.5,31.5,0.0242,0.017
athena-as-mentes,torso.twist,25.5,2.2,-22.3,-31.5,31.5,0.0127,0.01
athena-as-mentes,torso.twist,25.583,0.6,-18.7,-31.5,31.5,0.0042,0.003
athena-as-mentes,torso.twist,25.667,0,-7.9,-31.5,31.5,0.002,0.001
athena-as-mentes,torso.twist,25.75,0,0,-31.5,31.5,0.0014,0
athena-as-mentes,torso.twist,30.75,1.4,16.5,-31.5,31.5,0.0105,0.006
athena-as-mentes,torso.twist,30.833,4.4,36.4,-31.5,31.5,0.0276,0.037
athena-as-mentes,torso.twist,30.917,7.4,36.4,-31.5,31.5,0.0406,0.055
athena-as-mentes,torso.twist,31,8.8,16.5,-31.5,31.5,0.0516,0.035
athena-as-mentes,torso.twist,31.083,8.8,0,-31.5,31.5,0.051,0.005
athena-as-mentes,torso.twist,31.167,9.6,9.2,-31.5,31.5,0.0539,0.023
athena-as-mentes,torso.twist,31.25,11.4,22,-31.5,31.5,0.0644,0.058
athena-as-mentes,torso.twist,31.333,13.6,26.3,-31.5,31.5,0.0746,0.08
athena-as-mentes,torso.twist,31.417,15.4,22,-31.5,31.5,0.0844,0.079
athena-as-mentes,torso.twist,31.5,16.2,9.2,-31.5,31.5,0.0899,0.045
athena-as-mentes,torso.twist,31.583,16.3,1.5,-31.5,31.5,0.0897,0.021
athena-as-mentes,torso.twist,31.667,16.7,3.8,-31.5,31.5,0.0904,0.028
athena-as-mentes,torso.twist,31.75,17.1,5,-31.5,31.5,0.0924,0.033
athena-as-mentes,torso.twist,31.833,17.5,5,-31.5,31.5,0.0944,0.034
athena-as-mentes,torso.twist,31.917,17.8,3.8,-31.5,31.5,0.0963,0.031
athena-as-mentes,torso.twist,32,17.9,1.5,-31.5,31.5,0.0971,0.024
athena-as-mentes,torso.twist,32.083,18,0.1,-31.5,31.5,0.097,0.019
athena-as-mentes,torso.twist,32.5,15.5,-30.3,-31.5,31.5,0.0893,0.11
athena-as-mentes,torso.twist,32.583,9.2,-75.7,-31.5,31.5,0.0583,0.161
athena-as-mentes,torso.twist,32.667,1,-98.4,-31.5,31.5,0.0095,0.033
athena-as-mentes,torso.twist,32.75,-7.2,-98.4,-31.5,31.5,0.0394,0.139
athena-as-mentes,torso.twist,32.833,-13.5,-75.7,-31.5,31.5,0.0775,0.217
athena-as-mentes,torso.twist,32.917,-16,-30.3,-31.5,31.5,0.0949,0.118
athena-as-mentes,torso.twist,33,-14.4,20,-31.5,31.5,0.087,0.076
athena-as-mentes,torso.twist,33.083,-10.4,47.8,-31.5,31.5,0.0616,0.11
athena-as-mentes,torso.twist,33.167,-5.6,57,-31.5,31.5,0.0326,0.067
athena-as-mentes,torso.twist,33.25,-1.7,47.8,-31.5,31.5,0.0108,0.018
athena-as-mentes,torso.twist,33.333,0,20,-31.5,31.5,0.005,0.004
athena-as-mentes,torso.twist,33.417,0,0,-31.5,31.5,0.0036,0
athena-as-mentes,torso.twist,42.75,-2.6,-31.2,-31.5,31.5,0.0198,0.022
athena-as-mentes,torso.twist,42.833,-3.5,-10.4,-31.5,31.5,0.0227,0.009
athena-as-mentes,torso.twist,42.917,-1.7,20.8,-31.5,31.5,0.0151,0.011
athena-as-mentes,torso.twist,43,0,20.8,-31.5,31.5,0,0
athena-as-mentes,torso.twist,43.083,0,0,-31.5,31.5,0.0037,0
athena-as-mentes,torso.twist,44.417,0,0,-31.5,31.5,0,0
athena-as-mentes,torso.roll,0,0,0,-9.2,9.2,0,0
athena-as-mentes,torso.roll,4.5,-0.2,-2.3,-9.2,9.2,0.0015,0
athena-as-mentes,torso.roll,4.583,-0.7,-5.7,-9.2,9.2,0.0043,0.001
athena-as-mentes,torso.roll,4.667,-1.3,-7.4,-9.2,9.2,0.0074,0.002
athena-as-mentes,torso.roll,4.75,-1.9,-7.4,-9.2,9.2,0.0105,0.003
athena-as-mentes,torso.roll,4.833,-2.4,-5.7,-9.2,9.2,0.0134,0.003
athena-as-mentes,torso.roll,4.917,-2.6,-2.3,-9.2,9.2,0.0147,0.002
athena-as-mentes,torso.roll,5,-2.5,0.6,-9.2,9.2,0.0144,0.001
athena-as-mentes,torso.roll,5.083,-2.5,0.6,-9.2,9.2,0.0136,0.001
athena-as-mentes,torso.roll,5.167,-2.4,0.6,-9.2,9.2,0.0133,0.001
athena-as-mentes,torso.roll,5.25,-2.4,0.6,-9.2,9.2,0.0131,0.001
athena-as-mentes,torso.roll,5.333,-2.3,0.6,-9.2,9.2,0.0128,0.001
athena-as-mentes,torso.roll,5.417,-2.3,0.6,-9.2,9.2,0.0126,0.001
athena-as-mentes,torso.roll,5.5,-2.2,0.6,-9.2,9.2,0.0123,0.001
athena-as-mentes,torso.roll,5.583,-2.2,0.6,-9.2,9.2,0.012,0.001
athena-as-mentes,torso.roll,5.667,-2.1,0.6,-9.2,9.2,0.0118,0.001
athena-as-mentes,torso.roll,5.75,-2.1,0.6,-9.2,9.2,0.0115,0
athena-as-mentes,torso.roll,5.833,-2.1,0.6,-9.2,9.2,0.0112,0
athena-as-mentes,torso.roll,5.917,-2,0.6,-9.2,9.2,0.011,0
athena-as-mentes,torso.roll,6,-2,0.6,-9.2,9.2,0.0107,0
athena-as-mentes,torso.roll,6.083,-1.9,0.6,-9.2,9.2,0.0105,0
athena-as-mentes,torso.roll,6.167,-1.9,0.6,-9.2,9.2,0.0102,0
athena-as-mentes,torso.roll,6.25,-1.8,0.6,-9.2,9.2,0.0099,0
athena-as-mentes,torso.roll,6.333,-1.8,0.6,-9.2,9.2,0.0097,0
athena-as-mentes,torso.roll,6.417,-1.7,0.6,-9.2,9.2,0.0094,0
athena-as-mentes,torso.roll,6.5,-1.7,0,-9.2,9.2,0.0095,0
athena-as-mentes,torso.roll,7.333,-1.3,5.4,-9.2,9.2,0.0079,0.002
athena-as-mentes,torso.roll,7.417,-0.2,12.8,-9.2,9.2,0.0025,0.001
athena-as-mentes,torso.roll,7.5,1.1,15.3,-9.2,9.2,0.0063,0.003
athena-as-mentes,torso.roll,7.583,2.1,12.8,-9.2,9.2,0.0121,0.006
athena-as-mentes,torso.roll,7.667,2.6,5.4,-9.2,9.2,0.0154,0.003
athena-as-mentes,torso.roll,7.75,2.5,-0.5,-9.2,9.2,0.0149,0.001
athena-as-mentes,torso.roll,7.833,2.5,-0.5,-9.2,9.2,0.0136,0.001
athena-as-mentes,torso.roll,7.917,2.4,-0.5,-9.2,9.2,0.0134,0.001
athena-as-mentes,torso.roll,8,2.4,-0.5,-9.2,9.2,0.0131,0.001
athena-as-mentes,torso.roll,8.083,2.4,-0.5,-9.2,9.2,0.0129,0.001
athena-as-mentes,torso.roll,8.167,2.3,-0.5,-9.2,9.2,0.0126,0.001
athena-as-mentes,torso.roll,8.25,2.3,-0.5,-9.2,9.2,0.0124,0.001
athena-as-mentes,torso.roll,8.333,2.2,-0.5,-9.2,9.2,0.0121,0.001
athena-as-mentes,torso.roll,8.417,2.2,-0.5,-9.2,9.2,0.0119,0.001
athena-as-mentes,torso.roll,8.5,2.1,-0.5,-9.2,9.2,0.0116,0
athena-as-mentes,torso.roll,8.583,2.1,-0.5,-9.2,9.2,0.0114,0
athena-as-mentes,torso.roll,8.667,2,-0.5,-9.2,9.2,0.0112,0
athena-as-mentes,torso.roll,8.75,2,-0.5,-9.2,9.2,0.0109,0
athena-as-mentes,torso.roll,8.833,1.9,-0.5,-9.2,9.2,0.0107,0
athena-as-mentes,torso.roll,8.917,1.9,-0.5,-9.2,9.2,0.0104,0
athena-as-mentes,torso.roll,9,1.9,-0.5,-9.2,9.2,0.0102,0
athena-as-mentes,torso.roll,9.083,1.8,-0.5,-9.2,9.2,0.0099,0
athena-as-mentes,torso.roll,9.167,1.8,-0.5,-9.2,9.2,0.0097,0
athena-as-mentes,torso.roll,9.25,1.7,-0.5,-9.2,9.2,0.0094,0
athena-as-mentes,torso.roll,9.333,1.7,0,-9.2,9.2,0.0095,0
athena-as-mentes,torso.roll,11.583,1.3,-5.4,-9.2,9.2,0.0079,0.002
athena-as-mentes,torso.roll,11.667,0.2,-12.8,-9.2,9.2,0.0025,0.001
athena-as-mentes,torso.roll,11.75,-1.1,-15.3,-9.2,9.2,0.0063,0.003
athena-as-mentes,torso.roll,11.833,-2.1,-12.8,-9.2,9.2,0.0121,0.006
athena-as-mentes,torso.roll,11.917,-2.6,-5.4,-9.2,9.2,0.0154,0.003
athena-as-mentes,torso.roll,12,-2.5,0.5,-9.2,9.2,0.0149,0.001
athena-as-mentes,torso.roll,12.083,-2.5,0.5,-9.2,9.2,0.0136,0.001
athena-as-mentes,torso.roll,12.167,-2.4,0.5,-9.2,9.2,0.0134,0.001
athena-as-mentes,torso.roll,12.25,-2.4,0.5,-9.2,9.2,0.0131,0.001
athena-as-mentes,torso.roll,12.333,-2.4,0.5,-9.2,9.2,0.0129,0.001
athena-as-mentes,torso.roll,12.417,-2.3,0.5,-9.2,9.2,0.0126,0.001
athena-as-mentes,torso.roll,12.5,-2.3,0.5,-9.2,9.2,0.0124,0.001
athena-as-mentes,torso.roll,12.583,-2.2,0.5,-9.2,9.2,0.0121,0.001
athena-as-mentes,torso.roll,12.667,-2.2,0.5,-9.2,9.2,0.0119,0.001
athena-as-mentes,torso.roll,12.75,-2.1,0.5,-9.2,9.2,0.0116,0
athena-as-mentes,torso.roll,12.833,-2.1,0.5,-9.2,9.2,0.0114,0
athena-as-mentes,torso.roll,12.917,-2,0.5,-9.2,9.2,0.0112,0
athena-as-mentes,torso.roll,13,-2,0.5,-9.2,9.2,0.0109,0
athena-as-mentes,torso.roll,13.083,-1.9,0.5,-9.2,9.2,0.0107,0
athena-as-mentes,torso.roll,13.167,-1.9,0.5,-9.2,9.2,0.0104,0
athena-as-mentes,torso.roll,13.25,-1.9,0.5,-9.2,9.2,0.0102,0
athena-as-mentes,torso.roll,13.333,-1.8,0.5,-9.2,9.2,0.0099,0
athena-as-mentes,torso.roll,13.417,-1.8,0.5,-9.2,9.2,0.0097,0
athena-as-mentes,torso.roll,13.5,-1.7,0.5,-9.2,9.2,0.0094,0
athena-as-mentes,torso.roll,13.583,-1.7,0,-9.2,9.2,0.0095,0
athena-as-mentes,torso.roll,14.667,-1.3,5.4,-9.2,9.2,0.0079,0.002
athena-as-mentes,torso.roll,14.75,-0.2,12.8,-9.2,9.2,0.0025,0.001
athena-as-mentes,torso.roll,14.833,1.1,15.3,-9.2,9.2,0.0063,0.003
athena-as-mentes,torso.roll,14.917,2.1,12.8,-9.2,9.2,0.0121,0.006
athena-as-mentes,torso.roll,15,2.6,5.4,-9.2,9.2,0.0154,0.003
athena-as-mentes,torso.roll,15.083,2.5,-0.5,-9.2,9.2,0.0149,0.001
athena-as-mentes,torso.roll,15.167,2.5,-0.5,-9.2,9.2,0.0136,0.001
athena-as-mentes,torso.roll,15.25,2.4,-0.5,-9.2,9.2,0.0134,0.001
athena-as-mentes,torso.roll,15.333,2.4,-0.5,-9.2,9.2,0.0131,0.001
athena-as-mentes,torso.roll,15.417,2.4,-0.5,-9.2,9.2,0.0129,0.001
athena-as-mentes,torso.roll,15.5,2.3,-0.5,-9.2,9.2,0.0126,0.001
athena-as-mentes,torso.roll,15.583,2.3,-0.5,-9.2,9.2,0.0124,0.001
athena-as-mentes,torso.roll,15.667,2.2,-0.5,-9.2,9.2,0.0121,0.001
athena-as-mentes,torso.roll,15.75,2.2,-0.5,-9.2,9.2,0.0119,0.001
athena-as-mentes,torso.roll,15.833,2.1,-0.5,-9.2,9.2,0.0116,0
athena-as-mentes,torso.roll,15.917,2.1,-0.5,-9.2,9.2,0.0114,0
athena-as-mentes,torso.roll,16,2,-0.5,-9.2,9.2,0.0112,0
athena-as-mentes,torso.roll,16.083,2,-0.5,-9.2,9.2,0.0109,0
athena-as-mentes,torso.roll,16.167,1.9,-0.5,-9.2,9.2,0.0107,0
athena-as-mentes,torso.roll,16.25,1.9,-0.5,-9.2,9.2,0.0104,0
athena-as-mentes,torso.roll,16.333,1.9,-0.5,-9.2,9.2,0.0102,0
athena-as-mentes,torso.roll,16.417,1.8,-0.5,-9.2,9.2,0.0099,0
athena-as-mentes,torso.roll,16.5,1.8,-0.5,-9.2,9.2,0.0097,0
athena-as-mentes,torso.roll,16.583,1.7,-0.5,-9.2,9.2,0.0094,0
athena-as-mentes,torso.roll,16.667,1.7,0,-9.2,9.2,0.0095,0
athena-as-mentes,torso.roll,17.417,1.3,-5.4,-9.2,9.2,0.0079,0.002
athena-as-mentes,torso.roll,17.5,0.2,-12.8,-9.2,9.2,0.0025,0.001
athena-as-mentes,torso.roll,17.583,-1.1,-15.3,-9.2,9.2,0.0063,0.003
athena-as-mentes,torso.roll,17.667,-2.1,-12.8,-9.2,9.2,0.0121,0.006
athena-as-mentes,torso.roll,17.75,-2.6,-5.4,-9.2,9.2,0.0154,0.003
athena-as-mentes,torso.roll,17.833,-2.5,0.5,-9.2,9.2,0.0149,0.001
athena-as-mentes,torso.roll,17.917,-2.5,0.5,-9.2,9.2,0.0136,0.001
athena-as-mentes,torso.roll,18,-2.4,0.5,-9.2,9.2,0.0134,0.001
athena-as-mentes,torso.roll,18.083,-2.4,0.5,-9.2,9.2,0.0131,0.001
athena-as-mentes,torso.roll,18.167,-2.4,0.5,-9.2,9.2,0.0129,0.001
athena-as-mentes,torso.roll,18.25,-2.3,0.5,-9.2,9.2,0.0126,0.001
athena-as-mentes,torso.roll,18.333,-2.3,0.5,-9.2,9.2,0.0124,0.001
athena-as-mentes,torso.roll,18.417,-2.2,0.5,-9.2,9.2,0.0121,0.001
athena-as-mentes,torso.roll,18.5,-2.2,0.5,-9.2,9.2,0.0119,0.001
athena-as-mentes,torso.roll,18.583,-2.1,0.5,-9.2,9.2,0.0116,0
athena-as-mentes,torso.roll,18.667,-2.1,0.5,-9.2,9.2,0.0114,0
athena-as-mentes,torso.roll,18.75,-2,0.5,-9.2,9.2,0.0112,0
athena-as-mentes,torso.roll,18.833,-2,0.5,-9.2,9.2,0.0109,0
athena-as-mentes,torso.roll,18.917,-1.9,0.5,-9.2,9.2,0.0107,0
athena-as-mentes,torso.roll,19,-1.9,0.5,-9.2,9.2,0.0104,0
athena-as-mentes,torso.roll,19.083,-1.9,0.5,-9.2,9.2,0.0102,0
athena-as-mentes,torso.roll,19.167,-1.8,0.5,-9.2,9.2,0.0099,0
athena-as-mentes,torso.roll,19.25,-1.8,0.5,-9.2,9.2,0.0097,0
athena-as-mentes,torso.roll,19.333,-1.7,0.5,-9.2,9.2,0.0094,0
athena-as-mentes,torso.roll,19.417,-1.7,0,-9.2,9.2,0.0095,0
athena-as-mentes,torso.roll,21.583,-1.4,3.8,-9.2,9.2,0.0084,0.001
athena-as-mentes,torso.roll,21.667,-0.6,9.5,-9.2,9.2,0.0043,0.001
athena-as-mentes,torso.roll,21.75,0.4,12.4,-9.2,9.2,0.0029,0.001
athena-as-mentes,torso.roll,21.833,1.5,12.4,-9.2,9.2,0.008,0.004
athena-as-mentes,torso.roll,21.917,2.3,9.5,-9.2,9.2,0.0129,0.005
athena-as-mentes,torso.roll,22,2.6,3.8,-9.2,9.2,0.0151,0.002
athena-as-mentes,torso.roll,22.083,2.5,-0.6,-9.2,9.2,0.0146,0.001
athena-as-mentes,torso.roll,22.167,2.5,-0.6,-9.2,9.2,0.0136,0.001
athena-as-mentes,torso.roll,22.25,2.4,-0.6,-9.2,9.2,0.0133,0.001
athena-as-mentes,torso.roll,22.333,2.4,-0.6,-9.2,9.2,0.0131,0.001
athena-as-mentes,torso.roll,22.417,2.3,-0.6,-9.2,9.2,0.0128,0.001
athena-as-mentes,torso.roll,22.5,2.3,-0.6,-9.2,9.2,0.0126,0.001
athena-as-mentes,torso.roll,22.583,2.2,-0.6,-9.2,9.2,0.0123,0.001
athena-as-mentes,torso.roll,22.667,2.2,-0.6,-9.2,9.2,0.012,0.001
athena-as-mentes,torso.roll,22.75,2.1,-0.6,-9.2,9.2,0.0118,0.001
athena-as-mentes,torso.roll,22.833,2.1,-0.6,-9.2,9.2,0.0115,0
athena-as-mentes,torso.roll,22.917,2.1,-0.6,-9.2,9.2,0.0112,0
athena-as-mentes,torso.roll,23,2,-0.6,-9.2,9.2,0.011,0
athena-as-mentes,torso.roll,23.083,2,-0.6,-9.2,9.2,0.0107,0
athena-as-mentes,torso.roll,23.167,1.9,-0.6,-9.2,9.2,0.0105,0
athena-as-mentes,torso.roll,23.25,1.9,-0.6,-9.2,9.2,0.0102,0
athena-as-mentes,torso.roll,23.333,1.8,-0.6,-9.2,9.2,0.0099,0
athena-as-mentes,torso.roll,23.417,1.8,-0.6,-9.2,9.2,0.0097,0
athena-as-mentes,torso.roll,23.5,1.7,-0.6,-9.2,9.2,0.0094,0
athena-as-mentes,torso.roll,23.583,1.7,0,-9.2,9.2,0.0095,0
athena-as-mentes,torso.roll,24.833,1.4,-3.8,-9.2,9.2,0.0084,0.001
athena-as-mentes,torso.roll,24.917,0.6,-9.5,-9.2,9.2,0.0043,0.001
athena-as-mentes,torso.roll,25,-0.4,-12.4,-9.2,9.2,0.0029,0.001
athena-as-mentes,torso.roll,25.083,-1.5,-12.4,-9.2,9.2,0.008,0.004
athena-as-mentes,torso.roll,25.167,-2.3,-9.5,-9.2,9.2,0.0129,0.005
athena-as-mentes,torso.roll,25.25,-2.6,-3.8,-9.2,9.2,0.0151,0.002
athena-as-mentes,torso.roll,25.333,-2.5,0.6,-9.2,9.2,0.0146,0.001
athena-as-mentes,torso.roll,25.417,-2.5,0.6,-9.2,9.2,0.0136,0.001
athena-as-mentes,torso.roll,25.5,-2.4,0.6,-9.2,9.2,0.0133,0.001
athena-as-mentes,torso.roll,25.583,-2.4,0.6,-9.2,9.2,0.0131,0.001
athena-as-mentes,torso.roll,25.667,-2.3,0.6,-9.2,9.2,0.0128,0.001
athena-as-mentes,torso.roll,25.75,-2.3,0.6,-9.2,9.2,0.0126,0.001
athena-as-mentes,torso.roll,25.833,-2.2,0.6,-9.2,9.2,0.0123,0.001
athena-as-mentes,torso.roll,25.917,-2.2,0.6,-9.2,9.2,0.012,0.001
athena-as-mentes,torso.roll,26,-2.1,0.6,-9.2,9.2,0.0118,0.001
athena-as-mentes,torso.roll,26.083,-2.1,0.6,-9.2,9.2,0.0115,0
athena-as-mentes,torso.roll,26.167,-2.1,0.6,-9.2,9.2,0.0112,0
athena-as-mentes,torso.roll,26.25,-2,0.6,-9.2,9.2,0.011,0
athena-as-mentes,torso.roll,26.333,-2,0.6,-9.2,9.2,0.0107,0
athena-as-mentes,torso.roll,26.417,-1.9,0.6,-9.2,9.2,0.0105,0
athena-as-mentes,torso.roll,26.5,-1.9,0.6,-9.2,9.2,0.0102,0
athena-as-mentes,torso.roll,26.583,-1.8,0.6,-9.2,9.2,0.0099,0
athena-as-mentes,torso.roll,26.667,-1.8,0.6,-9.2,9.2,0.0097,0
athena-as-mentes,torso.roll,26.75,-1.7,0.6,-9.2,9.2,0.0094,0
athena-as-mentes,torso.roll,26.833,-1.7,0,-9.2,9.2,0.0095,0
athena-as-mentes,torso.roll,27.583,-1.4,3.8,-9.2,9.2,0.0084,0.001
athena-as-mentes,torso.roll,27.667,-0.6,9.5,-9.2,9.2,0.0043,0.001
athena-as-mentes,torso.roll,27.75,0.4,12.4,-9.2,9.2,0.0029,0.001
athena-as-mentes,torso.roll,27.833,1.5,12.4,-9.2,9.2,0.008,0.004
athena-as-mentes,torso.roll,27.917,2.3,9.5,-9.2,9.2,0.0129,0.005
athena-as-mentes,torso.roll,28,2.6,3.8,-9.2,9.2,0.0151,0.002
athena-as-mentes,torso.roll,28.083,2.5,-0.6,-9.2,9.2,0.0146,0.001
athena-as-mentes,torso.roll,28.167,2.5,-0.6,-9.2,9.2,0.0136,0.001
athena-as-mentes,torso.roll,28.25,2.4,-0.6,-9.2,9.2,0.0133,0.001
athena-as-mentes,torso.roll,28.333,2.4,-0.6,-9.2,9.2,0.0131,0.001
athena-as-mentes,torso.roll,28.417,2.3,-0.6,-9.2,9.2,0.0128,0.001
athena-as-mentes,torso.roll,28.5,2.3,-0.6,-9.2,9.2,0.0126,0.001
athena-as-mentes,torso.roll,28.583,2.2,-0.6,-9.2,9.2,0.0123,0.001
athena-as-mentes,torso.roll,28.667,2.2,-0.6,-9.2,9.2,0.012,0.001
athena-as-mentes,torso.roll,28.75,2.1,-0.6,-9.2,9.2,0.0118,0.001
athena-as-mentes,torso.roll,28.833,2.1,-0.6,-9.2,9.2,0.0115,0
athena-as-mentes,torso.roll,28.917,2.1,-0.6,-9.2,9.2,0.0112,0
athena-as-mentes,torso.roll,29,2,-0.6,-9.2,9.2,0.011,0
athena-as-mentes,torso.roll,29.083,2,-0.6,-9.2,9.2,0.0107,0
athena-as-mentes,torso.roll,29.167,1.9,-0.6,-9.2,9.2,0.0105,0
athena-as-mentes,torso.roll,29.25,1.9,-0.6,-9.2,9.2,0.0102,0
athena-as-mentes,torso.roll,29.333,1.8,-0.6,-9.2,9.2,0.0099,0
athena-as-mentes,torso.roll,29.417,1.8,-0.6,-9.2,9.2,0.0097,0
athena-as-mentes,torso.roll,29.5,1.7,-0.6,-9.2,9.2,0.0094,0
athena-as-mentes,torso.roll,29.583,1.7,0,-9.2,9.2,0.0095,0
athena-as-mentes,torso.roll,30.583,1.6,-0.9,-9.2,9.2,0.0092,0
athena-as-mentes,torso.roll,30.667,1.5,-1.9,-9.2,9.2,0.0083,0.001
athena-as-mentes,torso.roll,30.75,1.3,-1.8,-9.2,9.2,0.0073,0.001
athena-as-mentes,torso.roll,30.833,1.3,-0.5,-9.2,9.2,0.0073,0
athena-as-mentes,torso.roll,30.917,1.4,1.9,-9.2,9.2,0.0083,0.001
athena-as-mentes,torso.roll,31,1.9,5.4,-9.2,9.2,0.011,0.002
athena-as-mentes,torso.roll,31.083,2.6,8.2,-9.2,9.2,0.0146,0.005
athena-as-mentes,torso.roll,31.167,1.7,-11.1,-9.2,9.2,0.0125,0.005
athena-as-mentes,torso.roll,31.25,0.9,-8.7,-9.2,9.2,0.0055,0.002
athena-as-mentes,torso.roll,31.333,0.4,-6.2,-9.2,9.2,0.0027,0.001
athena-as-mentes,torso.roll,31.417,0.1,-3.7,-9.2,9.2,0.001,0
athena-as-mentes,torso.roll,31.5,0,-1.2,-9.2,9.2,0.0004,0
athena-as-mentes,torso.roll,31.583,-0.1,-0.9,-9.2,9.2,0.0005,0
athena-as-mentes,torso.roll,31.667,-0.3,-2.6,-9.2,9.2,0.0019,0
athena-as-mentes,torso.roll,31.75,-0.6,-4.3,-9.2,9.2,0.0038,0.001
athena-as-mentes,torso.roll,31.833,-1.1,-6,-9.2,9.2,0.0066,0.001
athena-as-mentes,torso.roll,31.917,-1.8,-7.7,-9.2,9.2,0.0101,0.003
athena-as-mentes,torso.roll,32,-2.6,-9.5,-9.2,9.2,0.0144,0.005
athena-as-mentes,torso.roll,32.083,-1.7,11.1,-9.2,9.2,0.0127,0.005
athena-as-mentes,torso.roll,32.167,-0.9,8.7,-9.2,9.2,0.0055,0.002
athena-as-mentes,torso.roll,32.25,-0.4,6.2,-9.2,9.2,0.0027,0.001
athena-as-mentes,torso.roll,32.333,-0.1,3.7,-9.2,9.2,0.001,0
athena-as-mentes,torso.roll,32.417,0,1.2,-9.2,9.2,0.0004,0
athena-as-mentes,torso.roll,32.5,0,0,-9.2,9.2,0.0002,0
athena-as-mentes,torso.roll,44.417,0,0,-9.2,9.2,0,0
athena-as-mentes,head.yaw,0,0,0,-83.1,83.1,0,0
athena-as-mentes,head.yaw,7.083,-6.4,-76.7,-83.1,83.1,0.003,0.008
athena-as-mentes,head.yaw,7.167,-11.3,-59.6,-83.1,83.1,0.0047,0.01
athena-as-mentes,head.yaw,7.25,-14.9,-42.6,-83.1,83.1,0.0061,0.009
athena-as-mentes,head.yaw,7.333,-17,-25.6,-83.1,83.1,0.007,0.006
athena-as-mentes,head.yaw,7.417,-17.7,-8.5,-83.1,83.1,0.0072,0.002
athena-as-mentes,head.yaw,7.5,-17.5,2.6,-83.1,83.1,0.0071,0.001
athena-as-mentes,head.yaw,7.583,-17.1,4.9,-83.1,83.1,0.0069,0.001
athena-as-mentes,head.yaw,7.667,-16.9,2.6,-83.1,83.1,0.0068,0.001
athena-as-mentes,head.yaw,7.75,-16.9,0,-83.1,83.1,0.0068,0
athena-as-mentes,head.yaw,9.583,-14.1,33.8,-83.1,83.1,0.0059,0.007
athena-as-mentes,head.yaw,9.667,-9.4,56.2,-83.1,83.1,0.0039,0.008
athena-as-mentes,head.yaw,9.75,-4.6,57.6,-83.1,83.1,0.0019,0.004
athena-as-mentes,head.yaw,9.833,-1,42.3,-83.1,83.1,0.0005,0.001
athena-as-mentes,head.yaw,9.917,1.7,32.4,-83.1,83.1,0.0007,0.001
athena-as-mentes,head.yaw,10,5.9,50.5,-83.1,83.1,0.0025,0.004
athena-as-mentes,head.yaw,10.083,11.5,67.8,-83.1,83.1,0.0048,0.011
athena-as-mentes,head.yaw,10.167,17.5,71.4,-83.1,83.1,0.0071,0.018
athena-as-mentes,head.yaw,10.25,22.6,61.6,-83.1,83.1,0.0091,0.02
athena-as-mentes,head.yaw,10.333,25.8,38.3,-83.1,83.1,0.0104,0.014
athena-as-mentes,head.yaw,10.417,27.4,19.5,-83.1,83.1,0.0109,0.008
athena-as-mentes,head.yaw,10.5,28.6,14.2,-83.1,83.1,0.0113,0.006
athena-as-mentes,head.yaw,10.583,29.3,8.9,-83.1,83.1,0.0116,0.004
athena-as-mentes,head.yaw,10.667,29.6,3.3,-83.1,83.1,0.0117,0.002
athena-as-mentes,head.yaw,10.75,29.4,-2.5,-83.1,83.1,0.0116,0.001
athena-as-mentes,head.yaw,10.833,28.7,-8.4,-83.1,83.1,0.0113,0.004
athena-as-mentes,head.yaw,10.917,27.5,-14.4,-83.1,83.1,0.0109,0.006
athena-as-mentes,head.yaw,11,25.8,-20.6,-83.1,83.1,0.0103,0.008
athena-as-mentes,head.yaw,11.083,22.1,-44.4,-83.1,83.1,0.009,0.014
athena-as-mentes,head.yaw,11.167,16.1,-72.3,-83.1,83.1,0.0067,0.017
athena-as-mentes,head.yaw,11.25,9.3,-81.3,-83.1,83.1,0.0038,0.011
athena-as-mentes,head.yaw,11.333,3.4,-70.6,-83.1,83.1,0.0014,0.004
athena-as-mentes,head.yaw,11.417,0,-40.7,-83.1,83.1,0.0002,0
athena-as-mentes,head.yaw,11.5,-1.2,-14.7,-83.1,83.1,0.0006,0
athena-as-mentes,head.yaw,11.583,-1.8,-6.5,-83.1,83.1,0.0008,0
athena-as-mentes,head.yaw,11.667,-1.8,0,-83.1,83.1,0.0008,0
athena-as-mentes,head.yaw,11.75,-1.4,4.6,-83.1,83.1,0.0006,0
athena-as-mentes,head.yaw,11.833,-0.7,7.6,-83.1,83.1,0.0003,0
athena-as-mentes,head.yaw,11.917,0,8.7,-83.1,83.1,0,0
athena-as-mentes,head.yaw,12,0.7,8.3,-83.1,83.1,0.0003,0
athena-as-mentes,head.yaw,12.083,1.2,5.8,-83.1,83.1,0.0005,0
athena-as-mentes,head.yaw,12.167,1.3,1.8,-83.1,83.1,0.0006,0
athena-as-mentes,head.yaw,12.25,1,-4.1,-83.1,83.1,0.0004,0
athena-as-mentes,head.yaw,12.333,0,-11.7,-83.1,83.1,0,0
athena-as-mentes,head.yaw,12.417,-3.6,-42.8,-83.1,83.1,0.0016,0.002
athena-as-mentes,head.yaw,12.5,-9.9,-75.5,-83.1,83.1,0.0042,0.011
athena-as-mentes,head.yaw,12.583,-16.2,-76.5,-83.1,83.1,0.0066,0.018
athena-as-mentes,head.yaw,12.667,-20.1,-45.8,-83.1,83.1,0.0082,0.013
athena-as-mentes,head.yaw,12.75,-21.5,-17.6,-83.1,83.1,0.0088,0.006
athena-as-mentes,head.yaw,12.833,-22.6,-12.5,-83.1,83.1,0.0091,0.004
athena-as-mentes,head.yaw,12.917,-23.2,-7.6,-83.1,83.1,0.0093,0.003
athena-as-mentes,head.yaw,13,-23.4,-2.5,-83.1,83.1,0.0094,0.001
athena-as-mentes,head.yaw,13.083,-23.2,2.5,-83.1,83.1,0.0093,0.001
athena-as-mentes,head.yaw,13.167,-22.6,7.6,-83.1,83.1,0.0091,0.003
athena-as-mentes,head.yaw,13.25,-21.5,12.5,-83.1,83.1,0.0087,0.004
athena-as-mentes,head.yaw,13.333,-20.1,17.6,-83.1,83.1,0.0081,0.005
athena-as-mentes,head.yaw,13.417,-16,48.8,-83.1,83.1,0.0066,0.011
athena-as-mentes,head.yaw,13.5,-9.2,81.5,-83.1,83.1,0.0039,0.011
athena-as-mentes,head.yaw,13.583,-2.8,76.5,-83.1,83.1,0.0012,0.003
athena-as-mentes,head.yaw,13.667,1.6,53,-83.1,83.1,0.0008,0.001
athena-as-mentes,head.yaw,13.75,6.8,62.1,-83.1,83.1,0.0028,0.006
athena-as-mentes,head.yaw,13.833,13.4,79.5,-83.1,83.1,0.0055,0.015
athena-as-mentes,head.yaw,13.917,19.7,75.5,-83.1,83.1,0.008,0.021
athena-as-mentes,head.yaw,14,23.3,43.8,-83.1,83.1,0.0095,0.015
athena-as-mentes,head.yaw,14.083,23.3,0,-83.1,83.1,0.0095,0
athena-as-mentes,head.yaw,15.417,13.1,-122.4,-83.1,83.1,0.006,0.026
athena-as-mentes,head.yaw,15.5,5.9,-87.4,-83.1,83.1,0.0026,0.008
athena-as-mentes,head.yaw,15.583,1.5,-52.4,-83.1,83.1,0.0008,0.001
athena-as-mentes,head.yaw,15.667,0,-17.5,-83.1,83.1,0.0002,0
athena-as-mentes,head.yaw,15.75,0,0,-83.1,83.1,0.0001,0
athena-as-mentes,head.yaw,19.417,-6.4,-76.7,-83.1,83.1,0.003,0.008
athena-as-mentes,head.yaw,19.5,-11.3,-59.6,-83.1,83.1,0.0047,0.01
athena-as-mentes,head.yaw,19.583,-14.9,-42.6,-83.1,83.1,0.0061,0.009
athena-as-mentes,head.yaw,19.667,-17,-25.6,-83.1,83.1,0.007,0.006
athena-as-mentes,head.yaw,19.75,-17.7,-8.5,-83.1,83.1,0.0072,0.002
athena-as-mentes,head.yaw,19.833,-17.5,2.6,-83.1,83.1,0.0071,0.001
athena-as-mentes,head.yaw,19.917,-17.1,4.9,-83.1,83.1,0.0069,0.001
athena-as-mentes,head.yaw,20,-16.9,2.6,-83.1,83.1,0.0068,0.001
athena-as-mentes,head.yaw,20.083,-16.9,0,-83.1,83.1,0.0068,0
athena-as-mentes,head.yaw,20.333,-13.8,37.4,-83.1,83.1,0.0058,0.008
athena-as-mentes,head.yaw,20.417,-11.5,26.7,-83.1,83.1,0.0048,0.004
athena-as-mentes,head.yaw,20.5,-10.2,16,-83.1,83.1,0.0042,0.002
athena-as-mentes,head.yaw,20.583,-9.7,5.3,-83.1,83.1,0.004,0.001
athena-as-mentes,head.yaw,20.667,-9.6,2.1,-83.1,83.1,0.0039,0
athena-as-mentes,head.yaw,20.75,-9.4,2.1,-83.1,83.1,0.0038,0
athena-as-mentes,head.yaw,20.833,-8.1,15.8,-83.1,83.1,0.0034,0.002
athena-as-mentes,head.yaw,20.917,-7.3,9.5,-83.1,83.1,0.003,0.001
athena-as-mentes,head.yaw,21,-7,3.2,-83.1,83.1,0.0029,0
athena-as-mentes,head.yaw,21.083,-7,0,-83.1,83.1,0.0029,0
athena-as-mentes,head.yaw,21.333,-5.5,18.8,-83.1,83.1,0.0023,0.002
athena-as-mentes,head.yaw,21.417,-4.5,11.3,-83.1,83.1,0.0019,0.001
athena-as-mentes,head.yaw,21.5,-4.2,3.8,-83.1,83.1,0.0018,0
athena-as-mentes,head.yaw,21.583,-4.2,0,-83.1,83.1,0.0018,0
athena-as-mentes,head.yaw,21.833,-2.3,23.6,-83.1,83.1,0.001,0.001
athena-as-mentes,head.yaw,21.917,-1.1,14.1,-83.1,83.1,0.0005,0
athena-as-mentes,head.yaw,22,-0.7,4.7,-83.1,83.1,0.0003,0
athena-as-mentes,head.yaw,22.083,-0.7,0,-83.1,83.1,0.0003,0
athena-as-mentes,head.yaw,22.333,-0.3,4.5,-83.1,83.1,0.0001,0
athena-as-mentes,head.yaw,22.417,-0.1,2.7,-83.1,83.1,0,0
athena-as-mentes,head.yaw,22.5,0,0.9,-83.1,83.1,0,0
athena-as-mentes,head.yaw,22.583,0,0,-83.1,83.1,0,0
athena-as-mentes,head.yaw,25,3.4,40.9,-83.1,83.1,0.0016,0.002
athena-as-mentes,head.yaw,25.083,10.9,89.9,-83.1,83.1,0.0047,0.015
athena-as-mentes,head.yaw,25.167,18.4,89.9,-83.1,83.1,0.0074,0.023
athena-as-mentes,head.yaw,25.25,21.8,40.9,-83.1,83.1,0.009,0.013
athena-as-mentes,head.yaw,25.333,9.7,-145.3,-83.1,83.1,0.0049,0.025
athena-as-mentes,head.yaw,25.417,2.4,-87.2,-83.1,83.1,0.0013,0.004
athena-as-mentes,head.yaw,25.5,0,-29.1,-83.1,83.1,0.0003,0
athena-as-mentes,head.yaw,25.583,0,0,-83.1,83.1,0.0002,0
athena-as-mentes,head.yaw,30.75,12.3,147.4,-83.1,83.1,0.0057,0.03
athena-as-mentes,head.yaw,30.833,16.4,49.1,-83.1,83.1,0.0071,0.012
athena-as-mentes,head.yaw,30.917,16.4,0,-83.1,83.1,0.0069,0
athena-as-mentes,head.yaw,31.167,18.2,21.4,-83.1,83.1,0.0074,0.006
athena-as-mentes,head.yaw,31.25,22.4,51,-83.1,83.1,0.0091,0.016
athena-as-mentes,head.yaw,31.333,27.5,60.9,-83.1,83.1,0.0109,0.023
athena-as-mentes,head.yaw,31.417,31.7,51,-83.1,83.1,0.0124,0.022
athena-as-mentes,head.yaw,31.5,33.5,21.4,-83.1,83.1,0.0131,0.01
athena-as-mentes,head.yaw,31.583,33.5,0,-83.1,83.1,0.0131,0
athena-as-mentes,head.yaw,32.5,9.4,-289.6,-83.1,83.1,0.0053,0.054
athena-as-mentes,head.yaw,32.583,-9.4,-225.2,-83.1,83.1,0.0042,0.033
athena-as-mentes,head.yaw,32.667,-22.8,-160.9,-83.1,83.1,0.0094,0.053
athena-as-mentes,head.yaw,32.75,-30.8,-96.5,-83.1,83.1,0.0124,0.042
athena-as-mentes,head.yaw,32.833,-33.5,-32.2,-83.1,83.1,0.0133,0.015
athena-as-mentes,head.yaw,32.917,-33.5,0,-83.1,83.1,0.0132,0
athena-as-mentes,head.yaw,33,-14.9,223.5,-83.1,83.1,0.0072,0.056
athena-as-mentes,head.yaw,33.083,-3.7,134.1,-83.1,83.1,0.002,0.009
athena-as-mentes,head.yaw,33.167,0,44.7,-83.1,83.1,0.0004,0.001
athena-as-mentes,head.yaw,33.25,0,0,-83.1,83.1,0.0002,0
athena-as-mentes,head.yaw,44.417,0,0,-83.1,83.1,0,0
athena-as-mentes,head.pitch,0,0,0,-12.6,12.6,0,0
athena-as-mentes,head.pitch,0.5,-0.1,-0.5,-12.6,12.6,0.0001,0
athena-as-mentes,head.pitch,0.583,-0.2,-0.6,-12.6,12.6,0.0001,0
athena-as-mentes,head.pitch,0.667,-0.3,-0.6,-12.6,12.6,0.0001,0
athena-as-mentes,head.pitch,0.75,-0.3,-0.7,-12.6,12.6,0.0001,0
athena-as-mentes,head.pitch,0.833,-0.4,-0.7,-12.6,12.6,0.0002,0
athena-as-mentes,head.pitch,0.917,-0.4,-0.8,-12.6,12.6,0.0002,0
athena-as-mentes,head.pitch,1,-0.5,-0.8,-12.6,12.6,0.0002,0
athena-as-mentes,head.pitch,1.083,-0.6,-0.8,-12.6,12.6,0.0002,0
athena-as-mentes,head.pitch,1.167,-0.6,-0.9,-12.6,12.6,0.0003,0
athena-as-mentes,head.pitch,1.25,-0.7,-0.9,-12.6,12.6,0.0003,0
athena-as-mentes,head.pitch,1.333,-0.8,-0.9,-12.6,12.6,0.0003,0
athena-as-mentes,head.pitch,1.417,-0.9,-0.9,-12.6,12.6,0.0004,0
athena-as-mentes,head.pitch,1.5,-0.9,-0.8,-12.6,12.6,0.0004,0
athena-as-mentes,head.pitch,1.583,-1,-0.8,-12.6,12.6,0.0004,0
athena-as-mentes,head.pitch,1.667,-1.1,-0.8,-12.6,12.6,0.0004,0
athena-as-mentes,head.pitch,1.75,-1.1,-0.7,-12.6,12.6,0.0005,0
athena-as-mentes,head.pitch,1.833,-1.2,-0.7,-12.6,12.6,0.0005,0
athena-as-mentes,head.pitch,1.917,-1.2,-0.6,-12.6,12.6,0.0005,0
athena-as-mentes,head.pitch,2,-1.3,-0.6,-12.6,12.6,0.0005,0
athena-as-mentes,head.pitch,2.083,-1.3,-0.5,-12.6,12.6,0.0005,0
athena-as-mentes,head.pitch,2.167,-1.4,-0.4,-12.6,12.6,0.0006,0
athena-as-mentes,head.pitch,2.75,-1.3,0.6,-12.6,12.6,0.0006,0
athena-as-mentes,head.pitch,2.833,-1.3,0.8,-12.6,12.6,0.0005,0
athena-as-mentes,head.pitch,2.917,-1.2,1,-12.6,12.6,0.0005,0
athena-as-mentes,head.pitch,3,-1.1,1.1,-12.6,12.6,0.0005,0
athena-as-mentes,head.pitch,3.083,-1,1.2,-12.6,12.6,0.0004,0
athena-as-mentes,head.pitch,3.167,-0.9,1.3,-12.6,12.6,0.0004,0
athena-as-mentes,head.pitch,3.25,-0.8,1.3,-12.6,12.6,0.0003,0
athena-as-mentes,head.pitch,3.333,-0.7,1.4,-12.6,12.6,0.0003,0
athena-as-mentes,head.pitch,3.417,2.3,35.7,-12.6,12.6,0.0011,0.001
athena-as-mentes,head.pitch,3.5,4.3,23.6,-12.6,12.6,0.0018,0.002
athena-as-mentes,head.pitch,3.583,5.5,14.6,-12.6,12.6,0.0023,0.001
athena-as-mentes,head.pitch,3.667,6,5.6,-12.6,12.6,0.0025,0
athena-as-mentes,head.pitch,3.75,6,1,-12.6,12.6,0.0025,0
athena-as-mentes,head.pitch,3.833,6.1,0.8,-12.6,12.6,0.0025,0
athena-as-mentes,head.pitch,3.917,6.2,0.6,-12.6,12.6,0.0025,0
athena-as-mentes,head.pitch,4,6.2,0.4,-12.6,12.6,0.0025,0
athena-as-mentes,head.pitch,4.5,6.1,-0.6,-12.6,12.6,0.0025,0
athena-as-mentes,head.pitch,4.583,6,-0.7,-12.6,12.6,0.0025,0
athena-as-mentes,head.pitch,4.667,6,-0.7,-12.6,12.6,0.0024,0
athena-as-mentes,head.pitch,4.75,5.9,-0.8,-12.6,12.6,0.0024,0
athena-as-mentes,head.pitch,4.833,5.8,-0.9,-12.6,12.6,0.0024,0
athena-as-mentes,head.pitch,4.917,5.7,-0.9,-12.6,12.6,0.0024,0
athena-as-mentes,head.pitch,5,5.7,-1,-12.6,12.6,0.0023,0
athena-as-mentes,head.pitch,5.083,5.6,-1,-12.6,12.6,0.0023,0
athena-as-mentes,head.pitch,5.167,5.5,-1,-12.6,12.6,0.0023,0
athena-as-mentes,head.pitch,5.25,5.4,-1,-12.6,12.6,0.0022,0
athena-as-mentes,head.pitch,5.333,5.3,-1,-12.6,12.6,0.0022,0
athena-as-mentes,head.pitch,5.417,5.3,-1,-12.6,12.6,0.0022,0
athena-as-mentes,head.pitch,5.5,5.2,-0.9,-12.6,12.6,0.0021,0
athena-as-mentes,head.pitch,5.583,5.1,-0.9,-12.6,12.6,0.0021,0
athena-as-mentes,head.pitch,5.667,5,-0.8,-12.6,12.6,0.0021,0
athena-as-mentes,head.pitch,5.75,5,-0.7,-12.6,12.6,0.002,0
athena-as-mentes,head.pitch,5.833,4.9,-0.7,-12.6,12.6,0.002,0
athena-as-mentes,head.pitch,5.917,4.9,-0.6,-12.6,12.6,0.002,0
athena-as-mentes,head.pitch,6,4.8,-0.5,-12.6,12.6,0.002,0
athena-as-mentes,head.pitch,6.5,4.9,0.6,-12.6,12.6,0.002,0
athena-as-mentes,head.pitch,6.583,4.9,0.8,-12.6,12.6,0.002,0
athena-as-mentes,head.pitch,6.667,5,1,-12.6,12.6,0.0021,0
athena-as-mentes,head.pitch,6.75,5.1,1.1,-12.6,12.6,0.0021,0
athena-as-mentes,head.pitch,6.833,5.2,1.2,-12.6,12.6,0.0021,0
athena-as-mentes,head.pitch,6.917,5.3,1.3,-12.6,12.6,0.0022,0
athena-as-mentes,head.pitch,7,5.4,1.3,-12.6,12.6,0.0022,0
athena-as-mentes,head.pitch,7.083,2.2,-38.8,-12.6,12.6,0.0011,0.002
athena-as-mentes,head.pitch,7.167,3.5,15.7,-12.6,12.6,0.0017,0.001
athena-as-mentes,head.pitch,7.25,4.5,11.5,-12.6,12.6,0.0019,0.001
athena-as-mentes,head.pitch,7.333,5.1,7.4,-12.6,12.6,0.0021,0.001
athena-as-mentes,head.pitch,7.417,5.3,3.2,-12.6,12.6,0.0022,0
athena-as-mentes,head.pitch,7.5,5.4,1,-12.6,12.6,0.0022,0
athena-as-mentes,head.pitch,7.583,5.5,0.8,-12.6,12.6,0.0023,0
athena-as-mentes,head.pitch,7.667,5.5,0.6,-12.6,12.6,0.0023,0
athena-as-mentes,head.pitch,7.75,5.6,0.4,-12.6,12.6,0.0023,0
athena-as-mentes,head.pitch,8.25,4.5,-11.3,-12.6,12.6,0.0019,0.001
athena-as-mentes,head.pitch,8.333,3,-18.5,-12.6,12.6,0.0013,0.001
athena-as-mentes,head.pitch,8.417,1.5,-18.2,-12.6,12.6,0.0006,0
athena-as-mentes,head.pitch,8.5,0.4,-13.6,-12.6,12.6,0.0002,0
athena-as-mentes,head.pitch,8.583,-0.1,-5.6,-12.6,12.6,0.0001,0
athena-as-mentes,head.pitch,8.667,-0.3,-1.9,-12.6,12.6,0.0001,0
athena-as-mentes,head.pitch,8.75,-0.3,-0.2,-12.6,12.6,0.0001,0
athena-as-mentes,head.pitch,8.833,0,2.8,-12.6,12.6,0,0
athena-as-mentes,head.pitch,8.917,0.4,5.4,-12.6,12.6,0.0002,0
athena-as-mentes,head.pitch,9,0.9,6.1,-12.6,12.6,0.0004,0
athena-as-mentes,head.pitch,9.083,1.3,5.2,-12.6,12.6,0.0006,0
athena-as-mentes,head.pitch,9.167,1.7,4.4,-12.6,12.6,0.0007,0
athena-as-mentes,head.pitch,9.25,2,3.5,-12.6,12.6,0.0008,0
athena-as-mentes,head.pitch,9.333,2.2,2.3,-12.6,12.6,0.0009,0
athena-as-mentes,head.pitch,9.417,2.3,1.1,-12.6,12.6,0.0009,0
athena-as-mentes,head.pitch,9.5,2.3,-0.2,-12.6,12.6,0.0009,0
athena-as-mentes,head.pitch,9.583,2.1,-1.5,-12.6,12.6,0.0009,0
athena-as-mentes,head.pitch,9.667,1.9,-2.7,-12.6,12.6,0.0008,0
athena-as-mentes,head.pitch,9.75,1.6,-3.9,-12.6,12.6,0.0007,0
athena-as-mentes,head.pitch,9.833,1.2,-4.7,-12.6,12.6,0.0005,0
athena-as-mentes,head.pitch,9.917,0.8,-5.4,-12.6,12.6,0.0003,0
athena-as-mentes,head.pitch,10,0.3,-5.8,-12.6,12.6,0.0001,0
athena-as-mentes,head.pitch,10.083,-0.2,-6,-12.6,12.6,0.0001,0
athena-as-mentes,head.pitch,10.167,-0.7,-5.8,-12.6,12.6,0.0003,0
athena-as-mentes,head.pitch,10.25,-1.2,-5.5,-12.6,12.6,0.0005,0
athena-as-mentes,head.pitch,10.333,-1.6,-4.7,-12.6,12.6,0.0007,0
athena-as-mentes,head.pitch,10.417,-1.9,-3.8,-12.6,12.6,0.0008,0
athena-as-mentes,head.pitch,10.5,-2.1,-2.8,-12.6,12.6,0.0009,0
athena-as-mentes,head.pitch,10.583,-2.3,-1.6,-12.6,12.6,0.0009,0
athena-as-mentes,head.pitch,10.667,-2.3,-0.3,-12.6,12.6,0.0009,0
athena-as-mentes,head.pitch,10.75,-2.2,1,-12.6,12.6,0.0009,0
athena-as-mentes,head.pitch,10.833,-2,2.3,-12.6,12.6,0.0008,0
athena-as-mentes,head.pitch,10.917,-1.7,3.4,-12.6,12.6,0.0007,0
athena-as-mentes,head.pitch,11,-1.4,4.4,-12.6,12.6,0.0006,0
athena-as-mentes,head.pitch,11.083,-0.9,5.2,-12.6,12.6,0.0004,0
athena-as-mentes,head.pitch,11.167,-0.5,5.7,-12.6,12.6,0.0002,0
athena-as-mentes,head.pitch,11.25,0,6,-12.6,12.6,0,0
athena-as-mentes,head.pitch,11.333,0.5,5.9,-12.6,12.6,0.0002,0
athena-as-mentes,head.pitch,11.417,1,5.6,-12.6,12.6,0.0004,0
athena-as-mentes,head.pitch,11.5,1.4,5.1,-12.6,12.6,0.0006,0
athena-as-mentes,head.pitch,11.583,1.8,4.3,-12.6,12.6,0.0007,0
athena-as-mentes,head.pitch,11.667,2.1,3.2,-12.6,12.6,0.0008,0
athena-as-mentes,head.pitch,11.75,2.2,2.1,-12.6,12.6,0.0009,0
athena-as-mentes,head.pitch,11.833,2.3,0.8,-12.6,12.6,0.0009,0
athena-as-mentes,head.pitch,11.917,2.3,-0.5,-12.6,12.6,0.0009,0
athena-as-mentes,head.pitch,12,2.1,-1.8,-12.6,12.6,0.0009,0
athena-as-mentes,head.pitch,12.083,1.9,-3,-12.6,12.6,0.0008,0
athena-as-mentes,head.pitch,12.167,1.5,-4.1,-12.6,12.6,0.0006,0
athena-as-mentes,head.pitch,12.25,1.1,-4.9,-12.6,12.6,0.0005,0
athena-as-mentes,head.pitch,12.333,0.7,-5.5,-12.6,12.6,0.0003,0
athena-as-mentes,head.pitch,12.417,0.2,-5.9,-12.6,12.6,0.0001,0
athena-as-mentes,head.pitch,12.5,-0.3,-6,-12.6,12.6,0.0001,0
athena-as-mentes,head.pitch,12.583,-0.8,-5.8,-12.6,12.6,0.0003,0
athena-as-mentes,head.pitch,12.667,-1.3,-5.3,-12.6,12.6,0.0005,0
athena-as-mentes,head.pitch,12.75,-1.6,-4.6,-12.6,12.6,0.0007,0
athena-as-mentes,head.pitch,12.833,-2,-3.7,-12.6,12.6,0.0008,0
athena-as-mentes,head.pitch,12.917,-2.2,-2.5,-12.6,12.6,0.0009,0
athena-as-mentes,head.pitch,13,-2.3,-1.3,-12.6,12.6,0.0009,0
athena-as-mentes,head.pitch,13.083,-2.3,-0.1,-12.6,12.6,0.0009,0
athena-as-mentes,head.pitch,13.167,-2.2,1.3,-12.6,12.6,0.0009,0
athena-as-mentes,head.pitch,13.25,-2,2.5,-12.6,12.6,0.0008,0
athena-as-mentes,head.pitch,13.333,-1.7,3.6,-12.6,12.6,0.0007,0
athena-as-mentes,head.pitch,13.417,-1.3,4.5,-12.6,12.6,0.0005,0
athena-as-mentes,head.pitch,13.5,-0.8,5.3,-12.6,12.6,0.0003,0
athena-as-mentes,head.pitch,13.583,-0.4,5.8,-12.6,12.6,0.0002,0
athena-as-mentes,head.pitch,13.667,0.1,5.9,-12.6,12.6,0.0001,0
athena-as-mentes,head.pitch,13.75,0.6,5.9,-12.6,12.6,0.0003,0
athena-as-mentes,head.pitch,13.833,1.1,5.5,-12.6,12.6,0.0004,0
athena-as-mentes,head.pitch,13.917,1.5,4.9,-12.6,12.6,0.0006,0
athena-as-mentes,head.pitch,14,1.8,4.1,-12.6,12.6,0.0008,0
athena-as-mentes,head.pitch,14.083,1.9,1.2,-12.6,12.6,0.0008,0
athena-as-mentes,head.pitch,14.167,1.7,-3.3,-12.6,12.6,0.0007,0
athena-as-mentes,head.pitch,14.25,1.1,-6.2,-12.6,12.6,0.0005,0
athena-as-mentes,head.pitch,14.333,0.6,-6.8,-12.6,12.6,0.0002,0
athena-as-mentes,head.pitch,14.417,0.2,-5.1,-12.6,12.6,0.0001,0
athena-as-mentes,head.pitch,14.5,0.2,0.2,-12.6,12.6,0.0001,0
athena-as-mentes,head.pitch,14.583,0.8,7,-12.6,12.6,0.0003,0
athena-as-mentes,head.pitch,14.667,1.6,9.7,-12.6,12.6,0.0007,0
athena-as-mentes,head.pitch,14.75,2.4,10.4,-12.6,12.6,0.001,0
athena-as-mentes,head.pitch,14.833,2.8,4.4,-12.6,12.6,0.0012,0
athena-as-mentes,head.pitch,14.917,2.9,0.8,-12.6,12.6,0.0012,0
athena-as-mentes,head.pitch,15,3,1.3,-12.6,12.6,0.0012,0
athena-as-mentes,head.pitch,15.083,1.8,-13.8,-12.6,12.6,0.0008,0
athena-as-mentes,head.pitch,15.167,1.2,-7.7,-12.6,12.6,0.0005,0
athena-as-mentes,head.pitch,15.25,1,-2,-12.6,12.6,0.0005,0
athena-as-mentes,head.pitch,15.333,1.2,1.9,-12.6,12.6,0.0005,0
athena-as-mentes,head.pitch,15.417,1,-2,-12.6,12.6,0.0004,0
athena-as-mentes,head.pitch,15.5,3.3,27.5,-12.6,12.6,0.0015,0.001
athena-as-mentes,head.pitch,15.583,4.9,18.9,-12.6,12.6,0.002,0.001
athena-as-mentes,head.pitch,15.667,5.7,9.4,-12.6,12.6,0.0024,0.001
athena-as-mentes,head.pitch,15.75,6,3.4,-12.6,12.6,0.0025,0
athena-as-mentes,head.pitch,15.833,6,0.9,-12.6,12.6,0.0025,0
athena-as-mentes,head.pitch,15.917,6,-0.7,-12.6,12.6,0.0025,0
athena-as-mentes,head.pitch,16,5.9,-0.8,-12.6,12.6,0.0024,0
athena-as-mentes,head.pitch,16.083,5.8,-0.8,-12.6,12.6,0.0024,0
athena-as-mentes,head.pitch,16.167,5.8,-0.9,-12.6,12.6,0.0024,0
athena-as-mentes,head.pitch,16.25,5.7,-0.9,-12.6,12.6,0.0023,0
athena-as-mentes,head.pitch,16.333,5.6,-0.9,-12.6,12.6,0.0023,0
athena-as-mentes,head.pitch,16.417,5.5,-0.9,-12.6,12.6,0.0023,0
athena-as-mentes,head.pitch,16.5,5.5,-1,-12.6,12.6,0.0022,0
athena-as-mentes,head.pitch,16.583,5.4,-0.9,-12.6,12.6,0.0022,0
athena-as-mentes,head.pitch,16.667,5.3,-0.9,-12.6,12.6,0.0022,0
athena-as-mentes,head.pitch,16.75,5.2,-0.9,-12.6,12.6,0.0021,0
athena-as-mentes,head.pitch,16.833,5.1,-0.9,-12.6,12.6,0.0021,0
athena-as-mentes,head.pitch,16.917,5.1,-0.8,-12.6,12.6,0.0021,0
athena-as-mentes,head.pitch,17,5,-0.8,-12.6,12.6,0.0021,0
athena-as-mentes,head.pitch,17.083,5,-0.7,-12.6,12.6,0.002,0
athena-as-mentes,head.pitch,17.167,4.9,-0.6,-12.6,12.6,0.002,0
athena-as-mentes,head.pitch,17.25,4.9,-0.5,-12.6,12.6,0.002,0
athena-as-mentes,head.pitch,17.333,4.8,-0.4,-12.6,12.6,0.002,0
athena-as-mentes,head.pitch,17.833,4.9,0.6,-12.6,12.6,0.002,0
athena-as-mentes,head.pitch,17.917,4.9,0.8,-12.6,12.6,0.002,0
athena-as-mentes,head.pitch,18,5,1,-12.6,12.6,0.0021,0
athena-as-mentes,head.pitch,18.083,5.1,1.1,-12.6,12.6,0.0021,0
athena-as-mentes,head.pitch,18.167,5.2,1.2,-12.6,12.6,0.0021,0
athena-as-mentes,head.pitch,18.25,5.3,1.3,-12.6,12.6,0.0022,0
athena-as-mentes,head.pitch,18.333,5.4,1.3,-12.6,12.6,0.0022,0
athena-as-mentes,head.pitch,18.417,5.6,1.4,-12.6,12.6,0.0023,0
athena-as-mentes,head.pitch,18.5,5.7,1.3,-12.6,12.6,0.0023,0
athena-as-mentes,head.pitch,18.583,5.8,1.3,-12.6,12.6,0.0024,0
athena-as-mentes,head.pitch,18.667,5.9,1.2,-12.6,12.6,0.0024,0
athena-as-mentes,head.pitch,18.75,6,1.1,-12.6,12.6,0.0024,0
athena-as-mentes,head.pitch,18.833,6,1,-12.6,12.6,0.0025,0
athena-as-mentes,head.pitch,18.917,6.1,0.8,-12.6,12.6,0.0025,0
athena-as-mentes,head.pitch,19,6.2,0.6,-12.6,12.6,0.0025,0
athena-as-mentes,head.pitch,19.083,6.2,0.4,-12.6,12.6,0.0025,0
athena-as-mentes,head.pitch,19.417,2.8,-40.5,-12.6,12.6,0.0014,0.002
athena-as-mentes,head.pitch,19.5,4,13.9,-12.6,12.6,0.0019,0.001
athena-as-mentes,head.pitch,19.583,4.8,9.7,-12.6,12.6,0.002,0.001
athena-as-mentes,head.pitch,19.667,5.2,5.5,-12.6,12.6,0.0022,0
athena-as-mentes,head.pitch,19.75,5.3,1.3,-12.6,12.6,0.0022,0
athena-as-mentes,head.pitch,19.833,5.3,-0.8,-12.6,12.6,0.0022,0
athena-as-mentes,head.pitch,19.917,5.2,-0.9,-12.6,12.6,0.0021,0
athena-as-mentes,head.pitch,20,5.1,-0.9,-12.6,12.6,0.0021,0
athena-as-mentes,head.pitch,20.083,5,-1,-12.6,12.6,0.0021,0
athena-as-mentes,head.pitch,20.167,5,-1,-12.6,12.6,0.002,0
athena-as-mentes,head.pitch,20.25,4.9,-1,-12.6,12.6,0.002,0
athena-as-mentes,head.pitch,20.333,2.1,-33.7,-12.6,12.6,0.001,0.001
athena-as-mentes,head.pitch,20.417,0.9,-13.9,-12.6,12.6,0.0005,0
athena-as-mentes,head.pitch,20.5,0.2,-8.7,-12.6,12.6,0.0001,0
athena-as-mentes,head.pitch,20.583,-0.1,-3.5,-12.6,12.6,0.0001,0
athena-as-mentes,head.pitch,20.667,-0.2,-0.9,-12.6,12.6,0.0001,0
athena-as-mentes,head.pitch,20.75,-0.2,-0.8,-12.6,12.6,0.0001,0
athena-as-mentes,head.pitch,20.833,-0.8,-6.9,-12.6,12.6,0.0004,0
athena-as-mentes,head.pitch,20.917,-1.2,-4.4,-12.6,12.6,0.0005,0
athena-as-mentes,head.pitch,21,-1.3,-1.8,-12.6,12.6,0.0006,0
athena-as-mentes,head.pitch,21.083,-1.4,-0.5,-12.6,12.6,0.0006,0
athena-as-mentes,head.pitch,21.583,-1.3,0.6,-12.6,12.6,0.0006,0
athena-as-mentes,head.pitch,21.667,-1.3,0.8,-12.6,12.6,0.0005,0
athena-as-mentes,head.pitch,21.75,-1.2,1,-12.6,12.6,0.0005,0
athena-as-mentes,head.pitch,21.833,-1.1,1.1,-12.6,12.6,0.0005,0
athena-as-mentes,head.pitch,21.917,-1,1.2,-12.6,12.6,0.0004,0
athena-as-mentes,head.pitch,22,-0.9,1.3,-12.6,12.6,0.0004,0
athena-as-mentes,head.pitch,22.083,-0.8,1.3,-12.6,12.6,0.0003,0
athena-as-mentes,head.pitch,22.167,-0.7,1.4,-12.6,12.6,0.0003,0
athena-as-mentes,head.pitch,22.25,-0.5,1.3,-12.6,12.6,0.0002,0
athena-as-mentes,head.pitch,22.333,-0.4,1.3,-12.6,12.6,0.0002,0
athena-as-mentes,head.pitch,22.417,-0.3,1.2,-12.6,12.6,0.0001,0
athena-as-mentes,head.pitch,22.5,-0.2,1.1,-12.6,12.6,0.0001,0
athena-as-mentes,head.pitch,22.583,-0.2,1,-12.6,12.6,0.0001,0
athena-as-mentes,head.pitch,22.667,-0.1,0.8,-12.6,12.6,0,0
athena-as-mentes,head.pitch,22.75,0,0.6,-12.6,12.6,0,0
athena-as-mentes,head.pitch,22.833,0,0.4,-12.6,12.6,0,0
athena-as-mentes,head.pitch,23.333,-0.1,-0.6,-12.6,12.6,0.0001,0
athena-as-mentes,head.pitch,23.417,-0.2,-0.7,-12.6,12.6,0.0001,0
athena-as-mentes,head.pitch,23.5,-0.3,-0.7,-12.6,12.6,0.0001,0
athena-as-mentes,head.pitch,23.583,-0.3,-0.8,-12.6,12.6,0.0001,0
athena-as-mentes,head.pitch,23.667,-0.4,-0.9,-12.6,12.6,0.0002,0
athena-as-mentes,head.pitch,23.75,-0.5,-0.9,-12.6,12.6,0.0002,0
athena-as-mentes,head.pitch,23.833,-0.6,-1,-12.6,12.6,0.0002,0
athena-as-mentes,head.pitch,23.917,-0.6,-1,-12.6,12.6,0.0003,0
athena-as-mentes,head.pitch,24,-0.7,-1,-12.6,12.6,0.0003,0
athena-as-mentes,head.pitch,24.083,-0.8,-1,-12.6,12.6,0.0003,0
athena-as-mentes,head.pitch,24.167,-0.9,-1,-12.6,12.6,0.0004,0
athena-as-mentes,head.pitch,24.25,-1,-1,-12.6,12.6,0.0004,0
athena-as-mentes,head.pitch,24.333,-1,-0.9,-12.6,12.6,0.0004,0
athena-as-mentes,head.pitch,24.417,-1.1,-0.9,-12.6,12.6,0.0005,0
athena-as-mentes,head.pitch,24.5,-1.2,-0.8,-12.6,12.6,0.0005,0
athena-as-mentes,head.pitch,24.583,-1.2,-0.7,-12.6,12.6,0.0005,0
athena-as-mentes,head.pitch,24.667,-1.3,-0.7,-12.6,12.6,0.0005,0
athena-as-mentes,head.pitch,24.75,-1.3,-0.6,-12.6,12.6,0.0006,0
athena-as-mentes,head.pitch,24.833,-1.4,-0.5,-12.6,12.6,0.0006,0
athena-as-mentes,head.pitch,25,1.4,34.2,-12.6,12.6,0.0008,0.001
athena-as-mentes,head.pitch,25.083,1.5,1.2,-12.6,12.6,0.0008,0
athena-as-mentes,head.pitch,25.167,1.7,2.5,-12.6,12.6,0.0007,0
athena-as-mentes,head.pitch,25.25,1.9,1.7,-12.6,12.6,0.0008,0
athena-as-mentes,head.pitch,25.333,0.1,-21.2,-12.6,12.6,0.0002,0
athena-as-mentes,head.pitch,25.417,-0.9,-12.3,-12.6,12.6,0.0004,0
athena-as-mentes,head.pitch,25.5,-1.2,-3.4,-12.6,12.6,0.0005,0
athena-as-mentes,head.pitch,25.583,-1.1,1.1,-12.6,12.6,0.0005,0
athena-as-mentes,head.pitch,25.667,-1,1.2,-12.6,12.6,0.0004,0
athena-as-mentes,head.pitch,25.75,-0.9,1.3,-12.6,12.6,0.0004,0
athena-as-mentes,head.pitch,25.833,-0.8,1.3,-12.6,12.6,0.0003,0
athena-as-mentes,head.pitch,25.917,-0.7,1.4,-12.6,12.6,0.0003,0
athena-as-mentes,head.pitch,26,-0.5,1.3,-12.6,12.6,0.0002,0
athena-as-mentes,head.pitch,26.083,-0.4,1.3,-12.6,12.6,0.0002,0
athena-as-mentes,head.pitch,26.167,-0.3,1.2,-12.6,12.6,0.0001,0
athena-as-mentes,head.pitch,26.25,-0.2,1.1,-12.6,12.6,0.0001,0
athena-as-mentes,head.pitch,26.333,-0.2,1,-12.6,12.6,0.0001,0
athena-as-mentes,head.pitch,26.417,-0.1,0.8,-12.6,12.6,0,0
athena-as-mentes,head.pitch,26.5,0,0.6,-12.6,12.6,0,0
athena-as-mentes,head.pitch,26.583,0,0.4,-12.6,12.6,0,0
athena-as-mentes,head.pitch,27.083,-0.1,-0.6,-12.6,12.6,0.0001,0
athena-as-mentes,head.pitch,27.167,-0.2,-0.7,-12.6,12.6,0.0001,0
athena-as-mentes,head.pitch,27.25,-0.3,-0.7,-12.6,12.6,0.0001,0
athena-as-mentes,head.pitch,27.333,-0.3,-0.8,-12.6,12.6,0.0001,0
athena-as-mentes,head.pitch,27.417,-0.4,-0.9,-12.6,12.6,0.0002,0
athena-as-mentes,head.pitch,27.5,-0.5,-0.9,-12.6,12.6,0.0002,0
athena-as-mentes,head.pitch,27.583,-0.6,-1,-12.6,12.6,0.0002,0
athena-as-mentes,head.pitch,27.667,-0.6,-1,-12.6,12.6,0.0003,0
athena-as-mentes,head.pitch,27.75,-0.7,-1,-12.6,12.6,0.0003,0
athena-as-mentes,head.pitch,27.833,-0.8,-1,-12.6,12.6,0.0003,0
athena-as-mentes,head.pitch,27.917,-0.9,-1,-12.6,12.6,0.0004,0
athena-as-mentes,head.pitch,28,-1,-1,-12.6,12.6,0.0004,0
athena-as-mentes,head.pitch,28.083,-1,-0.9,-12.6,12.6,0.0004,0
athena-as-mentes,head.pitch,28.167,-1.1,-0.9,-12.6,12.6,0.0005,0
athena-as-mentes,head.pitch,28.25,-1.2,-0.8,-12.6,12.6,0.0005,0
athena-as-mentes,head.pitch,28.333,-1.2,-0.7,-12.6,12.6,0.0005,0
athena-as-mentes,head.pitch,28.417,-1.3,-0.7,-12.6,12.6,0.0005,0
athena-as-mentes,head.pitch,28.5,-1.3,-0.6,-12.6,12.6,0.0006,0
athena-as-mentes,head.pitch,28.583,-1.4,-0.5,-12.6,12.6,0.0006,0
athena-as-mentes,head.pitch,29.083,-1.3,0.6,-12.6,12.6,0.0006,0
athena-as-mentes,head.pitch,29.167,-1.3,0.8,-12.6,12.6,0.0005,0
athena-as-mentes,head.pitch,29.25,-1.2,1,-12.6,12.6,0.0005,0
athena-as-mentes,head.pitch,29.333,-1.1,1.1,-12.6,12.6,0.0005,0
athena-as-mentes,head.pitch,29.417,-1,1.2,-12.6,12.6,0.0004,0
athena-as-mentes,head.pitch,29.5,-0.9,1.3,-12.6,12.6,0.0004,0
athena-as-mentes,head.pitch,29.583,-0.8,1.3,-12.6,12.6,0.0003,0
athena-as-mentes,head.pitch,29.667,-0.7,1.4,-12.6,12.6,0.0003,0
athena-as-mentes,head.pitch,29.75,-0.5,1.3,-12.6,12.6,0.0002,0
athena-as-mentes,head.pitch,29.833,-0.4,1.3,-12.6,12.6,0.0002,0
athena-as-mentes,head.pitch,29.917,-0.3,1.2,-12.6,12.6,0.0001,0
athena-as-mentes,head.pitch,30,-0.2,1.1,-12.6,12.6,0.0001,0
athena-as-mentes,head.pitch,30.083,-0.2,1,-12.6,12.6,0.0001,0
athena-as-mentes,head.pitch,30.167,-0.1,0.8,-12.6,12.6,0,0
athena-as-mentes,head.pitch,30.25,0,0.6,-12.6,12.6,0,0
athena-as-mentes,head.pitch,30.333,0,0.4,-12.6,12.6,0,0
athena-as-mentes,head.pitch,30.583,0.1,1,-12.6,12.6,0,0
athena-as-mentes,head.pitch,30.667,0.3,2.7,-12.6,12.6,0.0001,0
athena-as-mentes,head.pitch,30.75,0.7,4.9,-12.6,12.6,0.0003,0
athena-as-mentes,head.pitch,30.833,1.1,4.8,-12.6,12.6,0.0005,0
athena-as-mentes,head.pitch,30.917,1.5,4.4,-12.6,12.6,0.0006,0
athena-as-mentes,head.pitch,31,1.8,3.9,-12.6,12.6,0.0007,0
athena-as-mentes,head.pitch,31.083,2,2.7,-12.6,12.6,0.0008,0
athena-as-mentes,head.pitch,31.167,2.2,1.6,-12.6,12.6,0.0009,0
athena-as-mentes,head.pitch,31.25,1.9,-2.7,-12.6,12.6,0.0008,0
athena-as-mentes,head.pitch,31.333,1.3,-7.9,-12.6,12.6,0.0006,0
athena-as-mentes,head.pitch,31.417,0.5,-9.9,-12.6,12.6,0.0002,0
athena-as-mentes,head.pitch,31.5,-0.3,-8.8,-12.6,12.6,0.0001,0
athena-as-mentes,head.pitch,31.583,-0.4,-0.9,-12.6,12.6,0.0002,0
athena-as-mentes,head.pitch,31.667,0.1,5.2,-12.6,12.6,0.0001,0
athena-as-mentes,head.pitch,31.75,0.8,8.7,-12.6,12.6,0.0003,0
athena-as-mentes,head.pitch,31.833,1.6,10.1,-12.6,12.6,0.0007,0
athena-as-mentes,head.pitch,31.917,2.4,9.4,-12.6,12.6,0.001,0
athena-as-mentes,head.pitch,32,3,7,-12.6,12.6,0.0012,0
athena-as-mentes,head.pitch,32.083,3.4,4.5,-12.6,12.6,0.0014,0
athena-as-mentes,head.pitch,32.167,3.4,0.2,-12.6,12.6,0.0014,0
athena-as-mentes,head.pitch,32.25,3,-4.4,-12.6,12.6,0.0013,0
athena-as-mentes,head.pitch,32.333,2.5,-7,-12.6,12.6,0.001,0
athena-as-mentes,head.pitch,32.417,1.8,-7.6,-12.6,12.6,0.0007,0
athena-as-mentes,head.pitch,32.5,2.1,3.7,-12.6,12.6,0.0009,0
athena-as-mentes,head.pitch,32.583,2.7,6.3,-12.6,12.6,0.0011,0
athena-as-mentes,head.pitch,32.667,3.1,5.3,-12.6,12.6,0.0013,0
athena-as-mentes,head.pitch,32.75,3.4,4.1,-12.6,12.6,0.0014,0
athena-as-mentes,head.pitch,32.833,6.8,40.9,-12.6,12.6,0.003,0.004
athena-as-mentes,head.pitch,32.917,8.9,25,-12.6,12.6,0.0037,0.003
athena-as-mentes,head.pitch,33,8.2,-8.8,-12.6,12.6,0.0035,0.001
athena-as-mentes,head.pitch,33.083,12.1,46.7,-12.6,12.6,0.0052,0.009
athena-as-mentes,head.pitch,33.167,11.2,-10.7,-12.6,12.6,0.0049,0.002
athena-as-mentes,head.pitch,33.25,9.8,-16.8,-12.6,12.6,0.004,0.002
athena-as-mentes,head.pitch,33.333,9.8,0.4,-12.6,12.6,0.0041,0
athena-as-mentes,head.pitch,37,2.9,-83.6,-12.6,12.6,0.0016,0.005
athena-as-mentes,head.pitch,37.083,6.7,46.4,-12.6,12.6,0.0034,0.006
athena-as-mentes,head.pitch,37.167,9.1,27.9,-12.6,12.6,0.0038,0.004
athena-as-mentes,head.pitch,37.25,9.8,9.3,-12.6,12.6,0.0041,0.001
athena-as-mentes,head.pitch,37.333,9.8,0,-12.6,12.6,0.0041,0
athena-as-mentes,head.pitch,39,12.6,33.2,-12.6,12.6,0.0053,0.006
athena-as-mentes,head.pitch,39.083,12.6,0,-12.6,12.6,0.0053,0
athena-as-mentes,head.pitch,39.333,11.3,-15.4,-12.6,12.6,0.0047,0.003
athena-as-mentes,head.pitch,39.417,9.8,-17.8,-12.6,12.6,0.004,0.003
athena-as-mentes,head.pitch,39.5,9.8,0,-12.6,12.6,0.0041,0
athena-as-mentes,head.pitch,42.417,2.9,-83.6,-12.6,12.6,0.0016,0.005
athena-as-mentes,head.pitch,42.5,6.7,46.4,-12.6,12.6,0.0034,0.006
athena-as-mentes,head.pitch,42.583,9.1,27.9,-12.6,12.6,0.0038,0.004
athena-as-mentes,head.pitch,42.667,9.8,9.3,-12.6,12.6,0.0041,0.001
athena-as-mentes,head.pitch,42.75,9.8,0,-12.6,12.6,0.0041,0
athena-as-mentes,head.pitch,44.417,9.8,0,-12.6,12.6,0.004,0
athena-as-mentes,arm.R.pitch,0,0,0,-183.3,60.2,0,0
athena-as-mentes,arm.R.pitch,2,-4.5,-54.5,-183.3,60.2,0.003,0.006
athena-as-mentes,arm.R.pitch,2.083,-8.1,-42.4,-183.3,60.2,0.0043,0.006
athena-as-mentes,arm.R.pitch,2.167,-10.6,-30.3,-183.3,60.2,0.0056,0.006
athena-as-mentes,arm.R.pitch,2.25,-12.1,-18.2,-183.3,60.2,0.0063,0.004
athena-as-mentes,arm.R.pitch,2.333,-12.6,-6.1,-183.3,60.2,0.0066,0.001
athena-as-mentes,arm.R.pitch,2.417,-10.9,19.9,-183.3,60.2,0.0059,0.004
athena-as-mentes,arm.R.pitch,2.5,-6,59.6,-183.3,60.2,0.0036,0.007
athena-as-mentes,arm.R.pitch,2.583,2.3,99.3,-183.3,60.2,0.0017,0.006
athena-as-mentes,arm.R.pitch,2.667,2.1,-2,-183.3,60.2,0.0024,0
athena-as-mentes,arm.R.pitch,2.75,1.7,-5.1,-183.3,60.2,0.0009,0
athena-as-mentes,arm.R.pitch,2.833,1.1,-6.6,-183.3,60.2,0.0006,0
athena-as-mentes,arm.R.pitch,2.917,0.6,-6.6,-183.3,60.2,0.0003,0
athena-as-mentes,arm.R.pitch,3,0.2,-5.1,-183.3,60.2,0.0001,0
athena-as-mentes,arm.R.pitch,3.083,0,-2,-183.3,60.2,0,0
athena-as-mentes,arm.R.pitch,3.167,0,0,-183.3,60.2,0,0
athena-as-mentes,arm.R.pitch,6.333,-2,-24.1,-183.3,60.2,0.0013,0.001
athena-as-mentes,arm.R.pitch,6.417,-3.4,-17.2,-183.3,60.2,0.0019,0.001
athena-as-mentes,arm.R.pitch,6.5,-4.3,-10.3,-183.3,60.2,0.0023,0.001
athena-as-mentes,arm.R.pitch,6.583,-4.6,-3.4,-183.3,60.2,0.0024,0
athena-as-mentes,arm.R.pitch,6.667,-4.5,1.5,-183.3,60.2,0.0023,0
athena-as-mentes,arm.R.pitch,6.75,-4.1,4.2,-183.3,60.2,0.0021,0
athena-as-mentes,arm.R.pitch,6.833,-3.6,6.2,-183.3,60.2,0.0019,0
athena-as-mentes,arm.R.pitch,6.917,-3,7.5,-183.3,60.2,0.0015,0
athena-as-mentes,arm.R.pitch,7,-2.3,8.1,-183.3,60.2,0.0012,0
athena-as-mentes,arm.R.pitch,7.083,-1.6,8.1,-183.3,60.2,0.0008,0
athena-as-mentes,arm.R.pitch,7.167,-1,7.5,-183.3,60.2,0.0005,0
athena-as-mentes,arm.R.pitch,7.25,-0.5,6.2,-183.3,60.2,0.0003,0
athena-as-mentes,arm.R.pitch,7.333,-0.1,4.2,-183.3,60.2,0.0001,0
athena-as-mentes,arm.R.pitch,7.417,0,1.5,-183.3,60.2,0,0
athena-as-mentes,arm.R.pitch,7.5,0,0,-183.3,60.2,0,0
athena-as-mentes,arm.R.pitch,12.417,-1.9,-22.3,-183.3,60.2,0.0012,0.001
athena-as-mentes,arm.R.pitch,12.5,-5.5,-43.7,-183.3,60.2,0.0031,0.005
athena-as-mentes,arm.R.pitch,12.583,-8,-30.3,-183.3,60.2,0.0043,0.005
athena-as-mentes,arm.R.pitch,12.667,-8.8,-9.2,-183.3,60.2,0.0048,0.002
athena-as-mentes,arm.R.pitch,12.75,-9.1,-4.1,-183.3,60.2,0.0047,0.001
athena-as-mentes,arm.R.pitch,12.833,-9.1,0.6,-183.3,60.2,0.0047,0
athena-as-mentes,arm.R.pitch,12.917,-8.7,4.6,-183.3,60.2,0.0045,0.001
athena-as-mentes,arm.R.pitch,13,-8,8.1,-183.3,60.2,0.0042,0.001
athena-as-mentes,arm.R.pitch,13.083,-6.7,16.2,-183.3,60.2,0.0035,0.002
athena-as-mentes,arm.R.pitch,13.167,-4.6,24.7,-183.3,60.2,0.0025,0.002
athena-as-mentes,arm.R.pitch,13.25,-2.4,26.1,-183.3,60.2,0.0013,0.001
athena-as-mentes,arm.R.pitch,13.333,-0.7,20.8,-183.3,60.2,0.0004,0
athena-as-mentes,arm.R.pitch,13.417,-0.1,7.8,-183.3,60.2,0.0002,0
athena-as-mentes,arm.R.pitch,13.5,-0.1,-0.7,-183.3,60.2,0.0002,0
athena-as-mentes,arm.R.pitch,13.583,-0.1,0.5,-183.3,60.2,0,0
athena-as-mentes,arm.R.pitch,13.667,0,0.7,-183.3,60.2,0,0
athena-as-mentes,arm.R.pitch,13.75,0,0.2,-183.3,60.2,0,0
athena-as-mentes,arm.R.pitch,15.083,-9.5,-114.6,-183.3,60.2,0.0063,0.025
athena-as-mentes,arm.R.pitch,15.167,-15.3,-68.8,-183.3,60.2,0.0083,0.02
athena-as-mentes,arm.R.pitch,15.25,-17.2,-22.9,-183.3,60.2,0.0093,0.008
athena-as-mentes,arm.R.pitch,15.333,3.4,247.5,-183.3,60.2,0.0052,0.045
athena-as-mentes,arm.R.pitch,15.417,3.2,-3.1,-183.3,60.2,0.0048,0.001
athena-as-mentes,arm.R.pitch,15.5,2.5,-7.6,-183.3,60.2,0.0014,0
athena-as-mentes,arm.R.pitch,15.583,1.7,-9.9,-183.3,60.2,0.0009,0
athena-as-mentes,arm.R.pitch,15.667,0.9,-9.9,-183.3,60.2,0.0005,0
athena-as-mentes,arm.R.pitch,15.75,0.3,-7.6,-183.3,60.2,0.0002,0
athena-as-mentes,arm.R.pitch,15.833,0,-3.1,-183.3,60.2,0.0001,0
athena-as-mentes,arm.R.pitch,15.917,0,0,-183.3,60.2,0,0
athena-as-mentes,arm.R.pitch,19.167,-2,-24.1,-183.3,60.2,0.0013,0.001
athena-as-mentes,arm.R.pitch,19.25,-3.4,-17.2,-183.3,60.2,0.0019,0.001
athena-as-mentes,arm.R.pitch,19.333,-4.3,-10.3,-183.3,60.2,0.0023,0.001
athena-as-mentes,arm.R.pitch,19.417,-4.6,-3.4,-183.3,60.2,0.0024,0
athena-as-mentes,arm.R.pitch,19.5,-4.5,1.5,-183.3,60.2,0.0023,0
athena-as-mentes,arm.R.pitch,19.583,-4.1,4.2,-183.3,60.2,0.0021,0
athena-as-mentes,arm.R.pitch,19.667,-3.6,6.2,-183.3,60.2,0.0019,0
athena-as-mentes,arm.R.pitch,19.75,-3,7.5,-183.3,60.2,0.0015,0
athena-as-mentes,arm.R.pitch,19.833,-2.3,8.1,-183.3,60.2,0.0012,0
athena-as-mentes,arm.R.pitch,19.917,-1.6,8.1,-183.3,60.2,0.0008,0
athena-as-mentes,arm.R.pitch,20,-1,7.5,-183.3,60.2,0.0005,0
athena-as-mentes,arm.R.pitch,20.083,-0.5,6.2,-183.3,60.2,0.0003,0
athena-as-mentes,arm.R.pitch,20.167,-0.1,4.2,-183.3,60.2,0.0001,0
athena-as-mentes,arm.R.pitch,20.25,0,1.5,-183.3,60.2,0,0
athena-as-mentes,arm.R.pitch,20.333,0,0,-183.3,60.2,0,0
athena-as-mentes,arm.R.pitch,25.167,-1.7,-19.8,-183.3,60.2,0.0011,0.001
athena-as-mentes,arm.R.pitch,25.25,-2.9,-15.4,-183.3,60.2,0.0016,0.001
athena-as-mentes,arm.R.pitch,25.333,-3.9,-11,-183.3,60.2,0.002,0.001
athena-as-mentes,arm.R.pitch,25.417,-4.4,-6.6,-183.3,60.2,0.0023,0.001
athena-as-mentes,arm.R.pitch,25.5,-4.6,-2.2,-183.3,60.2,0.0024,0
athena-as-mentes,arm.R.pitch,25.583,-4.5,1.5,-183.3,60.2,0.0023,0
athena-as-mentes,arm.R.pitch,25.667,-4.1,4.2,-183.3,60.2,0.0021,0
athena-as-mentes,arm.R.pitch,25.75,-3.6,6.2,-183.3,60.2,0.0019,0
athena-as-mentes,arm.R.pitch,25.833,-3,7.5,-183.3,60.2,0.0015,0
athena-as-mentes,arm.R.pitch,25.917,-2.3,8.1,-183.3,60.2,0.0012,0
athena-as-mentes,arm.R.pitch,26,-1.6,8.1,-183.3,60.2,0.0008,0
athena-as-mentes,arm.R.pitch,26.083,-1,7.5,-183.3,60.2,0.0005,0
athena-as-mentes,arm.R.pitch,26.167,-0.5,6.2,-183.3,60.2,0.0003,0
athena-as-mentes,arm.R.pitch,26.25,-0.1,4.2,-183.3,60.2,0.0001,0
athena-as-mentes,arm.R.pitch,26.333,0,1.5,-183.3,60.2,0,0
athena-as-mentes,arm.R.pitch,26.417,0,0,-183.3,60.2,0,0
athena-as-mentes,arm.R.pitch,30.583,-0.5,-6.3,-183.3,60.2,0.0003,0
athena-as-mentes,arm.R.pitch,30.667,-5.2,-56,-183.3,60.2,0.0033,0.006
athena-as-mentes,arm.R.pitch,30.75,-14.5,-111.6,-183.3,60.2,0.0081,0.032
athena-as-mentes,arm.R.pitch,30.833,-22.7,-98.3,-183.3,60.2,0.0115,0.04
athena-as-mentes,arm.R.pitch,30.917,-28.5,-69.3,-183.3,60.2,0.0144,0.035
athena-as-mentes,arm.R.pitch,31,-33.2,-57.2,-183.3,60.2,0.0163,0.033
athena-as-mentes,arm.R.pitch,31.083,-36.6,-40.5,-183.3,60.2,0.0178,0.026
athena-as-mentes,arm.R.pitch,31.167,-38.3,-20.9,-183.3,60.2,0.0185,0.014
athena-as-mentes,arm.R.pitch,31.25,-38.4,-0.3,-183.3,60.2,0.0185,0.001
athena-as-mentes,arm.R.pitch,31.333,-36.8,18.8,-183.3,60.2,0.0179,0.012
athena-as-mentes,arm.R.pitch,31.417,-34,34,-183.3,60.2,0.0166,0.02
athena-as-mentes,arm.R.pitch,31.5,-30.4,43.2,-183.3,60.2,0.015,0.023
athena-as-mentes,arm.R.pitch,31.583,-26.6,44.9,-183.3,60.2,0.0132,0.021
athena-as-mentes,arm.R.pitch,31.667,-23.4,38.5,-183.3,60.2,0.0118,0.016
athena-as-mentes,arm.R.pitch,31.75,-21.4,24.5,-183.3,60.2,0.0109,0.01
athena-as-mentes,arm.R.pitch,31.833,-21,4.2,-183.3,60.2,0.0108,0.002
athena-as-mentes,arm.R.pitch,31.917,-22.7,-20,-183.3,60.2,0.0117,0.008
athena-as-mentes,arm.R.pitch,32,-26.5,-45.7,-183.3,60.2,0.0135,0.022
athena-as-mentes,arm.R.pitch,32.083,-32.3,-69.9,-183.3,60.2,0.016,0.04
athena-as-mentes,arm.R.pitch,32.167,-39.8,-90.2,-183.3,60.2,0.0191,0.061
athena-as-mentes,arm.R.pitch,32.25,-48.6,-104.7,-183.3,60.2,0.0222,0.082
athena-as-mentes,arm.R.pitch,32.333,-57.9,-112.1,-183.3,60.2,0.025,0.099
athena-as-mentes,arm.R.pitch,32.417,-67.3,-112.3,-183.3,60.2,0.0271,0.108
athena-as-mentes,arm.R.pitch,32.5,-76.1,-105.6,-183.3,60.2,0.0286,0.107
athena-as-mentes,arm.R.pitch,32.583,-83.5,-89.7,-183.3,60.2,0.0294,0.094
athena-as-mentes,arm.R.pitch,32.667,-84.7,-13.9,-183.3,60.2,0.0303,0.017
athena-as-mentes,arm.R.pitch,32.75,-79.5,62.6,-183.3,60.2,0.0299,0.067
athena-as-mentes,arm.R.pitch,32.833,-74.6,58.5,-183.3,60.2,0.0284,0.06
athena-as-mentes,arm.R.pitch,32.917,-74.5,1.6,-183.3,60.2,0.0291,0.003
athena-as-mentes,arm.R.pitch,33,-74.5,0,-183.3,60.2,0.0284,0.002
athena-as-mentes,arm.R.pitch,44.417,-74.5,0,-183.3,60.2,0.0284,0.002
athena-as-mentes,arm.R.out,0,0,0,-11.5,31.5,0,0
athena-as-mentes,arm.R.out,37,7.2,86.6,-11.5,31.5,0.0048,0.015
athena-as-mentes,arm.R.out,37.083,13.3,73.3,-11.5,31.5,0.007,0.018
athena-as-mentes,arm.R.out,37.167,18.3,60,-11.5,31.5,0.0094,0.02
athena-as-mentes,arm.R.out,37.25,22.2,46.7,-11.5,31.5,0.0113,0.019
athena-as-mentes,arm.R.out,37.333,25,33.3,-11.5,31.5,0.0126,0.015
athena-as-mentes,arm.R.out,37.417,26.7,20,-11.5,31.5,0.0134,0.01
athena-as-mentes,arm.R.out,37.5,27.2,6.7,-11.5,31.5,0.0136,0.004
athena-as-mentes,arm.R.out,37.583,27.2,0,-11.5,31.5,0.0135,0
athena-as-mentes,arm.R.out,38.25,26.3,-11.2,-11.5,31.5,0.0132,0.005
athena-as-mentes,arm.R.out,38.333,23.8,-30,-11.5,31.5,0.0121,0.013
athena-as-mentes,arm.R.out,38.417,20.2,-43.5,-11.5,31.5,0.0103,0.016
athena-as-mentes,arm.R.out,38.5,15.9,-51.5,-11.5,31.5,0.0081,0.015
athena-as-mentes,arm.R.out,38.583,11.3,-54.2,-11.5,31.5,0.0058,0.011
athena-as-mentes,arm.R.out,38.667,7.1,-51.5,-11.5,31.5,0.0036,0.007
athena-as-mentes,arm.R.out,38.75,3.4,-43.5,-11.5,31.5,0.0019,0.003
athena-as-mentes,arm.R.out,38.833,0.9,-30,-11.5,31.5,0.0006,0.001
athena-as-mentes,arm.R.out,38.917,0,-11.2,-11.5,31.5,0.0002,0
athena-as-mentes,arm.R.out,39,0,0,-11.5,31.5,0.0001,0
athena-as-mentes,arm.R.out,44.417,0,0,-11.5,31.5,0,0
athena-as-mentes,arm.L.pitch,0,0,0,-183.3,60.2,0,0
athena-as-mentes,arm.L.pitch,0.333,0.4,4.5,-183.3,60.2,0.0003,0
athena-as-mentes,arm.L.pitch,0.417,2.6,26.5,-183.3,60.2,0.0016,0.001
athena-as-mentes,arm.L.pitch,0.5,7.1,53.6,-183.3,60.2,0.004,0.007
athena-as-mentes,arm.L.pitch,0.583,12.4,63.6,-183.3,60.2,0.0064,0.014
athena-as-mentes,arm.L.pitch,0.667,15.7,40.6,-183.3,60.2,0.0083,0.012
athena-as-mentes,arm.L.pitch,0.75,18,27.4,-183.3,60.2,0.0093,0.009
athena-as-mentes,arm.L.pitch,0.833,19.5,17.9,-183.3,60.2,0.01,0.006
athena-as-mentes,arm.L.pitch,0.917,20.1,6.5,-183.3,60.2,0.0102,0.003
athena-as-mentes,arm.L.pitch,1,19.5,-6.3,-183.3,60.2,0.01,0.002
athena-as-mentes,arm.L.pitch,1.083,17.9,-19.3,-183.3,60.2,0.0092,0.006
athena-as-mentes,arm.L.pitch,1.167,15.3,-31.6,-183.3,60.2,0.0079,0.009
athena-as-mentes,arm.L.pitch,1.25,11.8,-42.1,-183.3,60.2,0.0061,0.009
athena-as-mentes,arm.L.pitch,1.333,7.6,-50,-183.3,60.2,0.004,0.007
athena-as-mentes,arm.L.pitch,1.417,3.1,-54.5,-183.3,60.2,0.0016,0.003
athena-as-mentes,arm.L.pitch,1.5,-1.6,-55.8,-183.3,60.2,0.0008,0.002
athena-as-mentes,arm.L.pitch,1.583,-6,-53.5,-183.3,60.2,0.0031,0.006
athena-as-mentes,arm.L.pitch,1.667,-10.1,-48.4,-183.3,60.2,0.0052,0.009
athena-as-mentes,arm.L.pitch,1.75,-13.5,-41.1,-183.3,60.2,0.007,0.01
athena-as-mentes,arm.L.pitch,1.833,-15,-18.1,-183.3,60.2,0.0079,0.005
athena-as-mentes,arm.L.pitch,1.917,-12.1,34.5,-183.3,60.2,0.0068,0.008
athena-as-mentes,arm.L.pitch,2,-6.7,65.5,-183.3,60.2,0.0038,0.009
athena-as-mentes,arm.L.pitch,2.083,-1.6,60.6,-183.3,60.2,0.0009,0.002
athena-as-mentes,arm.L.pitch,2.167,-1.4,3.1,-183.3,60.2,0.0014,0
athena-as-mentes,arm.L.pitch,2.25,-0.8,6.7,-183.3,60.2,0.0005,0
athena-as-mentes,arm.L.pitch,2.333,-0.3,6.7,-183.3,60.2,0.0001,0
athena-as-mentes,arm.L.pitch,2.417,0,3.1,-183.3,60.2,0,0
athena-as-mentes,arm.L.pitch,2.5,0,0,-183.3,60.2,0,0
athena-as-mentes,arm.L.pitch,30.583,0.4,4.7,-183.3,60.2,0.0003,0
athena-as-mentes,arm.L.pitch,30.667,4.4,48.1,-183.3,60.2,0.0028,0.005
athena-as-mentes,arm.L.pitch,30.75,12.5,97.6,-183.3,60.2,0.007,0.024
athena-as-mentes,arm.L.pitch,30.833,19.1,78.7,-183.3,60.2,0.0099,0.027
athena-as-mentes,arm.L.pitch,30.917,22.8,44.7,-183.3,60.2,0.0118,0.019
athena-as-mentes,arm.L.pitch,31,25.1,28,-183.3,60.2,0.0127,0.013
athena-as-mentes,arm.L.pitch,31.083,25.8,7.2,-183.3,60.2,0.013,0.004
athena-as-mentes,arm.L.pitch,31.167,24.4,-16,-183.3,60.2,0.0125,0.007
athena-as-mentes,arm.L.pitch,31.25,21.1,-39.7,-183.3,60.2,0.0109,0.015
athena-as-mentes,arm.L.pitch,31.333,16,-61.4,-183.3,60.2,0.0084,0.018
athena-as-mentes,arm.L.pitch,31.417,9.4,-78.7,-183.3,60.2,0.005,0.014
athena-as-mentes,arm.L.pitch,31.5,2,-89.4,-183.3,60.2,0.0012,0.004
athena-as-mentes,arm.L.pitch,31.583,-5.7,-92.2,-183.3,60.2,0.003,0.01
athena-as-mentes,arm.L.pitch,31.667,-12.9,-86.5,-183.3,60.2,0.0066,0.02
athena-as-mentes,arm.L.pitch,31.75,-18.9,-72.6,-183.3,60.2,0.0097,0.025
athena-as-mentes,arm.L.pitch,31.833,-23.3,-52,-183.3,60.2,0.0119,0.022
athena-as-mentes,arm.L.pitch,31.917,-25.5,-26.8,-183.3,60.2,0.013,0.012
athena-as-mentes,arm.L.pitch,32,-25.5,0.2,-183.3,60.2,0.013,0
athena-as-mentes,arm.L.pitch,32.083,-23.3,26.3,-183.3,60.2,0.012,0.011
athena-as-mentes,arm.L.pitch,32.167,-19.2,49,-183.3,60.2,0.01,0.017
athena-as-mentes,arm.L.pitch,32.25,-13.7,66.3,-183.3,60.2,0.0072,0.017
athena-as-mentes,arm.L.pitch,32.333,-7.3,77.1,-183.3,60.2,0.0039,0.01
athena-as-mentes,arm.L.pitch,32.417,-0.5,81.1,-183.3,60.2,0.0003,0.001
athena-as-mentes,arm.L.pitch,32.5,6.1,78.8,-183.3,60.2,0.0031,0.009
athena-as-mentes,arm.L.pitch,32.583,11.7,67.8,-183.3,60.2,0.0061,0.015
athena-as-mentes,arm.L.pitch,32.667,11.5,-2.7,-183.3,60.2,0.0067,0.001
athena-as-mentes,arm.L.pitch,32.75,5.4,-73.3,-183.3,60.2,0.0036,0.009
athena-as-mentes,arm.L.pitch,32.833,0.1,-62.9,-183.3,60.2,0.0002,0
athena-as-mentes,arm.L.pitch,32.917,0,-1.7,-183.3,60.2,0.0008,0
athena-as-mentes,arm.L.pitch,33,0,0,-183.3,60.2,0,0
athena-as-mentes,arm.L.pitch,43.083,2.6,30.9,-183.3,60.2,0.0017,0.002
athena-as-mentes,arm.L.pitch,43.167,11.7,109,-183.3,60.2,0.0069,0.026
athena-as-mentes,arm.L.pitch,43.25,14.5,34.3,-183.3,60.2,0.0083,0.01
athena-as-mentes,arm.L.pitch,43.333,3,-138.3,-183.3,60.2,0.0037,0.018
athena-as-mentes,arm.L.pitch,43.417,-11.3,-171.5,-183.3,60.2,0.0062,0.037
athena-as-mentes,arm.L.pitch,43.5,-19.5,-99,-183.3,60.2,0.0108,0.037
athena-as-mentes,arm.L.pitch,43.583,-17.4,26.2,-183.3,60.2,0.0104,0.01
athena-as-mentes,arm.L.pitch,43.667,-5.9,137.4,-183.3,60.2,0.0044,0.021
athena-as-mentes,arm.L.pitch,43.75,8.7,175.4,-183.3,60.2,0.0049,0.03
athena-as-mentes,arm.L.pitch,43.833,18.5,117.7,-183.3,60.2,0.0101,0.042
athena-as-mentes,arm.L.pitch,43.917,13.9,-55.8,-183.3,60.2,0.0092,0.018
athena-as-mentes,arm.L.pitch,44,2.9,-131,-183.3,60.2,0.0025,0.011
athena-as-mentes,arm.L.pitch,44.083,-0.2,-37.8,-183.3,60.2,0.0013,0.002
athena-as-mentes,arm.L.pitch,44.167,-0.2,0.4,-183.3,60.2,0.0006,0
athena-as-mentes,arm.L.pitch,44.25,-0.1,0.9,-183.3,60.2,0.0001,0
athena-as-mentes,arm.L.pitch,44.333,0,0.9,-183.3,60.2,0,0
athena-as-mentes,arm.L.pitch,44.417,0,0.4,-183.3,60.2,0,0
athena-as-mentes,arm.L.out,0,0,0,-11.5,31.5,0,0
athena-as-mentes,arm.L.out,44.417,0,0,-11.5,31.5,0,0
athena-as-mentes,hand.R.roll,0,0,0,-74.5,74.5,0,0
athena-as-mentes,hand.R.roll,6.333,6.3,75.2,-74.5,74.5,0,0
athena-as-mentes,hand.R.roll,6.417,10.7,53.7,-74.5,74.5,0,0
athena-as-mentes,hand.R.roll,6.5,13.4,32.2,-74.5,74.5,0,0
athena-as-mentes,hand.R.roll,6.583,14.3,10.7,-74.5,74.5,0,0
athena-as-mentes,hand.R.roll,6.667,13.9,-4.8,-74.5,74.5,0,0
athena-as-mentes,hand.R.roll,6.75,12.8,-13.1,-74.5,74.5,0,0
athena-as-mentes,hand.R.roll,6.833,11.2,-19.3,-74.5,74.5,0,0
athena-as-mentes,hand.R.roll,6.917,9.3,-23.4,-74.5,74.5,0,0
athena-as-mentes,hand.R.roll,7,7.2,-25.4,-74.5,74.5,0,0
athena-as-mentes,hand.R.roll,7.083,5,-25.4,-74.5,74.5,0,0
athena-as-mentes,hand.R.roll,7.167,3.1,-23.4,-74.5,74.5,0,0
athena-as-mentes,hand.R.roll,7.25,1.5,-19.3,-74.5,74.5,0,0
athena-as-mentes,hand.R.roll,7.333,0.4,-13.1,-74.5,74.5,0,0
athena-as-mentes,hand.R.roll,7.417,0,-4.8,-74.5,74.5,0,0
athena-as-mentes,hand.R.roll,7.5,0,0,-74.5,74.5,0,0
athena-as-mentes,hand.R.roll,12.583,-6.3,-75.2,-74.5,74.5,0,0
athena-as-mentes,hand.R.roll,12.667,-10.7,-53.7,-74.5,74.5,0,0
athena-as-mentes,hand.R.roll,12.75,-13.4,-32.2,-74.5,74.5,0,0
athena-as-mentes,hand.R.roll,12.833,-14.3,-10.7,-74.5,74.5,0,0
athena-as-mentes,hand.R.roll,12.917,-13.9,4.8,-74.5,74.5,0,0
athena-as-mentes,hand.R.roll,13,-12.8,13.1,-74.5,74.5,0,0
athena-as-mentes,hand.R.roll,13.083,-11.2,19.3,-74.5,74.5,0,0
athena-as-mentes,hand.R.roll,13.167,-9.3,23.4,-74.5,74.5,0,0
athena-as-mentes,hand.R.roll,13.25,-7.2,25.4,-74.5,74.5,0,0
athena-as-mentes,hand.R.roll,13.333,-5,25.4,-74.5,74.5,0,0
athena-as-mentes,hand.R.roll,13.417,-3.1,23.4,-74.5,74.5,0,0
athena-as-mentes,hand.R.roll,13.5,-1.5,19.3,-74.5,74.5,0,0
athena-as-mentes,hand.R.roll,13.583,-0.4,13.1,-74.5,74.5,0,0
athena-as-mentes,hand.R.roll,13.667,0,4.8,-74.5,74.5,0,0
athena-as-mentes,hand.R.roll,13.75,0,0,-74.5,74.5,0,0
athena-as-mentes,hand.R.roll,19.167,6.3,75.2,-74.5,74.5,0,0
athena-as-mentes,hand.R.roll,19.25,10.7,53.7,-74.5,74.5,0,0
athena-as-mentes,hand.R.roll,19.333,13.4,32.2,-74.5,74.5,0,0
athena-as-mentes,hand.R.roll,19.417,14.3,10.7,-74.5,74.5,0,0
athena-as-mentes,hand.R.roll,19.5,13.9,-4.8,-74.5,74.5,0,0
athena-as-mentes,hand.R.roll,19.583,12.8,-13.1,-74.5,74.5,0,0
athena-as-mentes,hand.R.roll,19.667,11.2,-19.3,-74.5,74.5,0,0
athena-as-mentes,hand.R.roll,19.75,9.3,-23.4,-74.5,74.5,0,0
athena-as-mentes,hand.R.roll,19.833,7.2,-25.4,-74.5,74.5,0,0
athena-as-mentes,hand.R.roll,19.917,5,-25.4,-74.5,74.5,0,0
athena-as-mentes,hand.R.roll,20,3.1,-23.4,-74.5,74.5,0,0
athena-as-mentes,hand.R.roll,20.083,1.5,-19.3,-74.5,74.5,0,0
athena-as-mentes,hand.R.roll,20.167,0.4,-13.1,-74.5,74.5,0,0
athena-as-mentes,hand.R.roll,20.25,0,-4.8,-74.5,74.5,0,0
athena-as-mentes,hand.R.roll,20.333,0,0,-74.5,74.5,0,0
athena-as-mentes,hand.R.roll,25.167,5.2,61.9,-74.5,74.5,0,0
athena-as-mentes,hand.R.roll,25.25,9.2,48.1,-74.5,74.5,0,0
athena-as-mentes,hand.R.roll,25.333,12,34.4,-74.5,74.5,0,0
athena-as-mentes,hand.R.roll,25.417,13.8,20.6,-74.5,74.5,0,0
athena-as-mentes,hand.R.roll,25.5,14.3,6.9,-74.5,74.5,0,0
athena-as-mentes,hand.R.roll,25.583,13.9,-4.8,-74.5,74.5,0,0
athena-as-mentes,hand.R.roll,25.667,12.8,-13.1,-74.5,74.5,0,0
athena-as-mentes,hand.R.roll,25.75,11.2,-19.3,-74.5,74.5,0,0
athena-as-mentes,hand.R.roll,25.833,9.3,-23.4,-74.5,74.5,0,0
athena-as-mentes,hand.R.roll,25.917,7.2,-25.4,-74.5,74.5,0,0
athena-as-mentes,hand.R.roll,26,5,-25.4,-74.5,74.5,0,0
athena-as-mentes,hand.R.roll,26.083,3.1,-23.4,-74.5,74.5,0,0
athena-as-mentes,hand.R.roll,26.167,1.5,-19.3,-74.5,74.5,0,0
athena-as-mentes,hand.R.roll,26.25,0.4,-13.1,-74.5,74.5,0,0
athena-as-mentes,hand.R.roll,26.333,0,-4.8,-74.5,74.5,0,0
athena-as-mentes,hand.R.roll,26.417,0,0,-74.5,74.5,0,0
athena-as-mentes,hand.R.roll,37,0.3,3.1,-74.5,74.5,0,0
athena-as-mentes,hand.R.roll,37.083,1,8.6,-74.5,74.5,0,0
athena-as-mentes,hand.R.roll,37.167,2.1,13.3,-74.5,74.5,0,0
athena-as-mentes,hand.R.roll,37.25,3.5,17.2,-74.5,74.5,0,0
athena-as-mentes,hand.R.roll,37.333,5.2,20.2,-74.5,74.5,0,0
athena-as-mentes,hand.R.roll,37.417,7.1,22.3,-74.5,74.5,0,0
athena-as-mentes,hand.R.roll,37.5,9,23.6,-74.5,74.5,0,0
athena-as-mentes,hand.R.roll,37.583,11,24,-74.5,74.5,0,0
athena-as-mentes,hand.R.roll,37.667,13,23.6,-74.5,74.5,0,0
athena-as-mentes,hand.R.roll,37.75,14.9,22.3,-74.5,74.5,0,0
athena-as-mentes,hand.R.roll,37.833,16.5,20.2,-74.5,74.5,0,0
athena-as-mentes,hand.R.roll,37.917,18,17.2,-74.5,74.5,0,0
athena-as-mentes,hand.R.roll,38,19.1,13.3,-74.5,74.5,0,0
athena-as-mentes,hand.R.roll,38.083,19.8,8.6,-74.5,74.5,0,0
athena-as-mentes,hand.R.roll,38.167,20.1,3.1,-74.5,74.5,0,0
athena-as-mentes,hand.R.roll,38.25,19.4,-8.3,-74.5,74.5,0,0
athena-as-mentes,hand.R.roll,38.333,17.5,-22.1,-74.5,74.5,0,0
athena-as-mentes,hand.R.roll,38.417,14.9,-32,-74.5,74.5,0,0
athena-as-mentes,hand.R.roll,38.5,11.7,-38,-74.5,74.5,0,0
athena-as-mentes,hand.R.roll,38.583,8.4,-39.9,-74.5,74.5,0,0
athena-as-mentes,hand.R.roll,38.667,5.2,-38,-74.5,74.5,0,0
athena-as-mentes,hand.R.roll,38.75,2.5,-32,-74.5,74.5,0,0
athena-as-mentes,hand.R.roll,38.833,0.7,-22.1,-74.5,74.5,0,0
athena-as-mentes,hand.R.roll,38.917,0,-8.3,-74.5,74.5,0,0
athena-as-mentes,hand.R.roll,39,0,0,-74.5,74.5,0,0
athena-as-mentes,hand.R.roll,44.417,0,0,-74.5,74.5,0,0
athena-as-mentes,hand.L.roll,0,0,0,-74.5,74.5,0,0
athena-as-mentes,hand.L.roll,44.417,0,0,-74.5,74.5,0,0
athena-as-mentes,leg.R.pitch,0,0,0,-91.7,54.4,0,0
athena-as-mentes,leg.R.pitch,0.333,0.6,7.2,-91.7,54.4,0.001,0
athena-as-mentes,leg.R.pitch,0.417,4.1,41.7,-91.7,54.4,0.0061,0.009
athena-as-mentes,leg.R.pitch,0.5,11.1,84.3,-91.7,54.4,0.0147,0.044
athena-as-mentes,leg.R.pitch,0.583,19.4,99.8,-91.7,54.4,0.0234,0.082
athena-as-mentes,leg.R.pitch,0.667,24.7,63.9,-91.7,54.4,0.03,0.069
athena-as-mentes,leg.R.pitch,0.75,28.3,43,-91.7,54.4,0.0333,0.052
athena-as-mentes,leg.R.pitch,0.833,30.7,28.1,-91.7,54.4,0.0355,0.037
athena-as-mentes,leg.R.pitch,0.917,31.5,10.1,-91.7,54.4,0.0365,0.016
athena-as-mentes,leg.R.pitch,1,30.7,-9.9,-91.7,54.4,0.0357,0.015
athena-as-mentes,leg.R.pitch,1.083,28.2,-30.4,-91.7,54.4,0.0331,0.037
athena-as-mentes,leg.R.pitch,1.167,24,-49.7,-91.7,54.4,0.0286,0.051
athena-as-mentes,leg.R.pitch,1.25,18.5,-66.2,-91.7,54.4,0.0223,0.053
athena-as-mentes,leg.R.pitch,1.333,12,-78.5,-91.7,54.4,0.0146,0.041
athena-as-mentes,leg.R.pitch,1.417,4.8,-85.7,-91.7,54.4,0.006,0.018
athena-as-mentes,leg.R.pitch,1.5,-2.5,-87.6,-91.7,54.4,0.003,0.009
athena-as-mentes,leg.R.pitch,1.583,-9.5,-84.1,-91.7,54.4,0.0115,0.034
athena-as-mentes,leg.R.pitch,1.667,-15.8,-76,-91.7,54.4,0.019,0.051
athena-as-mentes,leg.R.pitch,1.75,-21.2,-64.6,-91.7,54.4,0.0252,0.058
athena-as-mentes,leg.R.pitch,1.833,-23.6,-28.4,-91.7,54.4,0.0287,0.03
athena-as-mentes,leg.R.pitch,1.917,-19.1,54.2,-91.7,54.4,0.0253,0.049
athena-as-mentes,leg.R.pitch,2,-10.5,102.9,-91.7,54.4,0.0142,0.051
athena-as-mentes,leg.R.pitch,2.083,-2.6,95.2,-91.7,54.4,0.0033,0.011
athena-as-mentes,leg.R.pitch,2.167,-2.2,4.8,-91.7,54.4,0.0057,0.001
athena-as-mentes,leg.R.pitch,2.25,-1.3,10.6,-91.7,54.4,0.0017,0.001
athena-as-mentes,leg.R.pitch,2.333,-0.4,10.6,-91.7,54.4,0.0005,0
athena-as-mentes,leg.R.pitch,2.417,0,4.8,-91.7,54.4,0.0002,0
athena-as-mentes,leg.R.pitch,2.5,0,0,-91.7,54.4,0.0002,0
athena-as-mentes,leg.R.pitch,30.583,0.5,6.4,-91.7,54.4,0.0009,0
athena-as-mentes,leg.R.pitch,30.667,6.1,66.3,-91.7,54.4,0.0093,0.022
athena-as-mentes,leg.R.pitch,30.75,17.3,134.5,-91.7,54.4,0.0227,0.108
athena-as-mentes,leg.R.pitch,30.833,26.3,108.5,-91.7,54.4,0.0313,0.121
athena-as-mentes,leg.R.pitch,30.917,31.4,61.6,-91.7,54.4,0.0374,0.083
athena-as-mentes,leg.R.pitch,31,34.7,38.5,-91.7,54.4,0.0398,0.057
athena-as-mentes,leg.R.pitch,31.083,35.5,10,-91.7,54.4,0.0408,0.018
athena-as-mentes,leg.R.pitch,31.167,33.6,-22,-91.7,54.4,0.0391,0.033
athena-as-mentes,leg.R.pitch,31.25,29.1,-54.6,-91.7,54.4,0.0345,0.068
athena-as-mentes,leg.R.pitch,31.333,22,-84.5,-91.7,54.4,0.0268,0.081
athena-as-mentes,leg.R.pitch,31.417,13,-108.4,-91.7,54.4,0.0163,0.062
athena-as-mentes,leg.R.pitch,31.5,2.7,-123.2,-91.7,54.4,0.0038,0.016
athena-as-mentes,leg.R.pitch,31.583,-7.8,-127.1,-91.7,54.4,0.0095,0.042
athena-as-mentes,leg.R.pitch,31.667,-17.8,-119.2,-91.7,54.4,0.0212,0.089
athena-as-mentes,leg.R.pitch,31.75,-26.1,-100,-91.7,54.4,0.0309,0.11
athena-as-mentes,leg.R.pitch,31.833,-32.1,-71.6,-91.7,54.4,0.0374,0.096
athena-as-mentes,leg.R.pitch,31.917,-35.1,-36.9,-91.7,54.4,0.0407,0.056
athena-as-mentes,leg.R.pitch,32,-35.1,0.3,-91.7,54.4,0.0408,0.004
athena-as-mentes,leg.R.pitch,32.083,-32.1,36.3,-91.7,54.4,0.0377,0.051
athena-as-mentes,leg.R.pitch,32.167,-26.5,67.5,-91.7,54.4,0.0317,0.077
athena-as-mentes,leg.R.pitch,32.25,-18.9,91.4,-91.7,54.4,0.023,0.074
athena-as-mentes,leg.R.pitch,32.333,-10,106.3,-91.7,54.4,0.0124,0.046
athena-as-mentes,leg.R.pitch,32.417,-0.7,111.8,-91.7,54.4,0.001,0.004
athena-as-mentes,leg.R.pitch,32.5,8.4,108.6,-91.7,54.4,0.0101,0.038
athena-as-mentes,leg.R.pitch,32.583,16.1,93.3,-91.7,54.4,0.0196,0.065
athena-as-mentes,leg.R.pitch,32.667,15.8,-3.7,-91.7,54.4,0.0221,0.004
athena-as-mentes,leg.R.pitch,32.75,7.4,-101,-91.7,54.4,0.0122,0.043
athena-as-mentes,leg.R.pitch,32.833,0.2,-86.7,-91.7,54.4,0.0007,0.002
athena-as-mentes,leg.R.pitch,32.917,0,-2.3,-91.7,54.4,0.0029,0
athena-as-mentes,leg.R.pitch,33,0,0,-91.7,54.4,0.0001,0
athena-as-mentes,leg.R.pitch,37,-2.7,-32.2,-91.7,54.4,0.0043,0.005
athena-as-mentes,leg.R.pitch,37.083,-8.6,-70.9,-91.7,54.4,0.0116,0.029
athena-as-mentes,leg.R.pitch,37.167,-14.5,-70.9,-91.7,54.4,0.0172,0.043
athena-as-mentes,leg.R.pitch,37.25,-17.2,-32.2,-91.7,54.4,0.0216,0.025
athena-as-mentes,leg.R.pitch,37.333,-7.6,114.6,-91.7,54.4,0.0142,0.057
athena-as-mentes,leg.R.pitch,37.417,-1.9,68.8,-91.7,54.4,0.0039,0.009
athena-as-mentes,leg.R.pitch,37.5,0,22.9,-91.7,54.4,0.0016,0.001
athena-as-mentes,leg.R.pitch,37.583,0,0,-91.7,54.4,0.0008,0
athena-as-mentes,leg.R.pitch,43.083,4,48.5,-91.7,54.4,0.0065,0.011
athena-as-mentes,leg.R.pitch,43.167,18.3,171.3,-91.7,54.4,0.0258,0.155
athena-as-mentes,leg.R.pitch,43.25,22.8,54,-91.7,54.4,0.0306,0.06
athena-as-mentes,leg.R.pitch,43.333,4.7,-217.4,-91.7,54.4,0.0149,0.114
athena-as-mentes,leg.R.pitch,43.417,-17.8,-269.4,-91.7,54.4,0.0227,0.215
athena-as-mentes,leg.R.pitch,43.5,-30.7,-155.7,-91.7,54.4,0.039,0.215
athena-as-mentes,leg.R.pitch,43.583,-27.3,41.2,-91.7,54.4,0.0382,0.058
athena-as-mentes,leg.R.pitch,43.667,-9.3,216,-91.7,54.4,0.0171,0.129
athena-as-mentes,leg.R.pitch,43.75,13.7,275.5,-91.7,54.4,0.0183,0.176
athena-as-mentes,leg.R.pitch,43.833,29.1,185,-91.7,54.4,0.0365,0.238
athena-as-mentes,leg.R.pitch,43.917,21.8,-87.5,-91.7,54.4,0.0348,0.109
athena-as-mentes,leg.R.pitch,44,4.6,-206,-91.7,54.4,0.0096,0.069
athena-as-mentes,leg.R.pitch,44.083,-0.3,-59.5,-91.7,54.4,0.0054,0.011
athena-as-mentes,leg.R.pitch,44.167,-0.3,0.6,-91.7,54.4,0.0024,0
athena-as-mentes,leg.R.pitch,44.25,-0.2,1.3,-91.7,54.4,0.0002,0
athena-as-mentes,leg.R.pitch,44.333,-0.1,1.3,-91.7,54.4,0.0001,0
athena-as-mentes,leg.R.pitch,44.417,0,0.6,-91.7,54.4,0,0
athena-as-mentes,leg.L.pitch,0,0,0,-91.7,54.4,0,0
athena-as-mentes,leg.L.pitch,0.333,-0.6,-7.2,-91.7,54.4,0.001,0
athena-as-mentes,leg.L.pitch,0.417,-4.1,-41.7,-91.7,54.4,0.0061,0.009
athena-as-mentes,leg.L.pitch,0.5,-11.1,-84.3,-91.7,54.4,0.0147,0.044
athena-as-mentes,leg.L.pitch,0.583,-19.4,-99.8,-91.7,54.4,0.0234,0.082
athena-as-mentes,leg.L.pitch,0.667,-24.7,-63.9,-91.7,54.4,0.03,0.069
athena-as-mentes,leg.L.pitch,0.75,-28.3,-43,-91.7,54.4,0.0333,0.052
athena-as-mentes,leg.L.pitch,0.833,-30.7,-28.1,-91.7,54.4,0.0355,0.037
athena-as-mentes,leg.L.pitch,0.917,-31.5,-10.1,-91.7,54.4,0.0365,0.016
athena-as-mentes,leg.L.pitch,1,-30.7,9.9,-91.7,54.4,0.0357,0.015
athena-as-mentes,leg.L.pitch,1.083,-28.2,30.4,-91.7,54.4,0.0331,0.037
athena-as-mentes,leg.L.pitch,1.167,-24,49.7,-91.7,54.4,0.0286,0.051
athena-as-mentes,leg.L.pitch,1.25,-18.5,66.2,-91.7,54.4,0.0223,0.053
athena-as-mentes,leg.L.pitch,1.333,-12,78.5,-91.7,54.4,0.0146,0.041
athena-as-mentes,leg.L.pitch,1.417,-4.8,85.7,-91.7,54.4,0.006,0.018
athena-as-mentes,leg.L.pitch,1.5,2.5,87.6,-91.7,54.4,0.003,0.009
athena-as-mentes,leg.L.pitch,1.583,9.5,84.1,-91.7,54.4,0.0115,0.034
athena-as-mentes,leg.L.pitch,1.667,15.8,76,-91.7,54.4,0.019,0.051
athena-as-mentes,leg.L.pitch,1.75,21.2,64.6,-91.7,54.4,0.0252,0.058
athena-as-mentes,leg.L.pitch,1.833,23.6,28.4,-91.7,54.4,0.0287,0.03
athena-as-mentes,leg.L.pitch,1.917,19.1,-54.2,-91.7,54.4,0.0253,0.049
athena-as-mentes,leg.L.pitch,2,10.5,-102.9,-91.7,54.4,0.0142,0.051
athena-as-mentes,leg.L.pitch,2.083,2.6,-95.2,-91.7,54.4,0.0033,0.011
athena-as-mentes,leg.L.pitch,2.167,2.2,-4.8,-91.7,54.4,0.0057,0.001
athena-as-mentes,leg.L.pitch,2.25,1.3,-10.6,-91.7,54.4,0.0017,0.001
athena-as-mentes,leg.L.pitch,2.333,0.4,-10.6,-91.7,54.4,0.0005,0
athena-as-mentes,leg.L.pitch,2.417,0,-4.8,-91.7,54.4,0.0002,0
athena-as-mentes,leg.L.pitch,2.5,0,0,-91.7,54.4,0.0002,0
athena-as-mentes,leg.L.pitch,30.583,-0.5,-6.4,-91.7,54.4,0.0009,0
athena-as-mentes,leg.L.pitch,30.667,-6.1,-66.3,-91.7,54.4,0.0093,0.022
athena-as-mentes,leg.L.pitch,30.75,-17.3,-134.5,-91.7,54.4,0.0227,0.108
athena-as-mentes,leg.L.pitch,30.833,-26.3,-108.5,-91.7,54.4,0.0313,0.121
athena-as-mentes,leg.L.pitch,30.917,-31.4,-61.6,-91.7,54.4,0.0374,0.083
athena-as-mentes,leg.L.pitch,31,-34.7,-38.5,-91.7,54.4,0.0398,0.057
athena-as-mentes,leg.L.pitch,31.083,-35.5,-10,-91.7,54.4,0.0408,0.018
athena-as-mentes,leg.L.pitch,31.167,-33.6,22,-91.7,54.4,0.0391,0.033
athena-as-mentes,leg.L.pitch,31.25,-29.1,54.6,-91.7,54.4,0.0345,0.068
athena-as-mentes,leg.L.pitch,31.333,-22,84.5,-91.7,54.4,0.0268,0.081
athena-as-mentes,leg.L.pitch,31.417,-13,108.4,-91.7,54.4,0.0163,0.062
athena-as-mentes,leg.L.pitch,31.5,-2.7,123.2,-91.7,54.4,0.0038,0.016
athena-as-mentes,leg.L.pitch,31.583,7.8,127.1,-91.7,54.4,0.0095,0.042
athena-as-mentes,leg.L.pitch,31.667,17.8,119.2,-91.7,54.4,0.0212,0.089
athena-as-mentes,leg.L.pitch,31.75,26.1,100,-91.7,54.4,0.0309,0.11
athena-as-mentes,leg.L.pitch,31.833,32.1,71.6,-91.7,54.4,0.0374,0.096
athena-as-mentes,leg.L.pitch,31.917,35.1,36.9,-91.7,54.4,0.0407,0.056
athena-as-mentes,leg.L.pitch,32,35.1,-0.3,-91.7,54.4,0.0408,0.004
athena-as-mentes,leg.L.pitch,32.083,32.1,-36.3,-91.7,54.4,0.0377,0.051
athena-as-mentes,leg.L.pitch,32.167,26.5,-67.5,-91.7,54.4,0.0317,0.077
athena-as-mentes,leg.L.pitch,32.25,18.9,-91.4,-91.7,54.4,0.023,0.074
athena-as-mentes,leg.L.pitch,32.333,10,-106.3,-91.7,54.4,0.0124,0.046
athena-as-mentes,leg.L.pitch,32.417,0.7,-111.8,-91.7,54.4,0.001,0.004
athena-as-mentes,leg.L.pitch,32.5,-8.4,-108.6,-91.7,54.4,0.0101,0.038
athena-as-mentes,leg.L.pitch,32.583,-16.1,-93.3,-91.7,54.4,0.0196,0.065
athena-as-mentes,leg.L.pitch,32.667,-15.8,3.7,-91.7,54.4,0.0221,0.004
athena-as-mentes,leg.L.pitch,32.75,-7.4,101,-91.7,54.4,0.0122,0.043
athena-as-mentes,leg.L.pitch,32.833,-0.2,86.7,-91.7,54.4,0.0007,0.002
athena-as-mentes,leg.L.pitch,32.917,0,2.3,-91.7,54.4,0.0029,0
athena-as-mentes,leg.L.pitch,33,0,0,-91.7,54.4,0.0001,0
athena-as-mentes,leg.L.pitch,37,1.3,16.1,-91.7,54.4,0.0022,0.001
athena-as-mentes,leg.L.pitch,37.083,4.3,35.5,-91.7,54.4,0.0058,0.007
athena-as-mentes,leg.L.pitch,37.167,7.3,35.5,-91.7,54.4,0.0087,0.011
athena-as-mentes,leg.L.pitch,37.25,8.6,16.1,-91.7,54.4,0.0109,0.006
athena-as-mentes,leg.L.pitch,37.333,3.8,-57.3,-91.7,54.4,0.0071,0.014
athena-as-mentes,leg.L.pitch,37.417,1,-34.4,-91.7,54.4,0.0019,0.002
athena-as-mentes,leg.L.pitch,37.5,0,-11.5,-91.7,54.4,0.0008,0
athena-as-mentes,leg.L.pitch,37.583,0,0,-91.7,54.4,0.0004,0
athena-as-mentes,leg.L.pitch,43.083,-4,-48.5,-91.7,54.4,0.0065,0.011
athena-as-mentes,leg.L.pitch,43.167,-18.3,-171.3,-91.7,54.4,0.0258,0.155
athena-as-mentes,leg.L.pitch,43.25,-22.8,-54,-91.7,54.4,0.0306,0.06
athena-as-mentes,leg.L.pitch,43.333,-4.7,217.4,-91.7,54.4,0.0149,0.114
athena-as-mentes,leg.L.pitch,43.417,17.8,269.4,-91.7,54.4,0.0227,0.215
athena-as-mentes,leg.L.pitch,43.5,30.7,155.7,-91.7,54.4,0.039,0.215
athena-as-mentes,leg.L.pitch,43.583,27.3,-41.2,-91.7,54.4,0.0382,0.058
athena-as-mentes,leg.L.pitch,43.667,9.3,-216,-91.7,54.4,0.0171,0.129
athena-as-mentes,leg.L.pitch,43.75,-13.7,-275.5,-91.7,54.4,0.0183,0.176
athena-as-mentes,leg.L.pitch,43.833,-29.1,-185,-91.7,54.4,0.0365,0.238
athena-as-mentes,leg.L.pitch,43.917,-21.8,87.5,-91.7,54.4,0.0348,0.109
athena-as-mentes,leg.L.pitch,44,-4.6,206,-91.7,54.4,0.0096,0.069
athena-as-mentes,leg.L.pitch,44.083,0.3,59.5,-91.7,54.4,0.0054,0.011
athena-as-mentes,leg.L.pitch,44.167,0.3,-0.6,-91.7,54.4,0.0024,0
athena-as-mentes,leg.L.pitch,44.25,0.2,-1.3,-91.7,54.4,0.0002,0
athena-as-mentes,leg.L.pitch,44.333,0.1,-1.3,-91.7,54.4,0.0001,0
athena-as-mentes,leg.L.pitch,44.417,0,-0.6,-91.7,54.4,0,0
telemachus,root.h,0,0,0,,,0,0
telemachus,root.h,20.417,-2.8,-33.6,,,0,0
telemachus,root.h,20.5,-17.7,-179.1,,,0,0
telemachus,root.h,20.583,-34,-195.4,,,0,0
telemachus,root.h,20.667,-39.1,-61,,,0,0
telemachus,root.h,20.75,-39.1,0,,,0,0
telemachus,root.h,21.75,-37.6,18.1,,,0,0
telemachus,root.h,21.833,-25.3,147.6,,,0,0
telemachus,root.h,21.917,-9.3,192.2,,,0,0
telemachus,root.h,22,-0.1,109.7,,,0,0
telemachus,root.h,22.083,0,1.6,,,0,0
telemachus,root.h,22.167,0,0,,,0,0
telemachus,root.h,32.5,3.8,46.9,,,0,0
telemachus,root.h,32.583,15.5,140.2,,,0,0
telemachus,root.h,32.667,30.3,177.5,,,0,0
telemachus,root.h,32.75,43.4,157.4,,,0,0
telemachus,root.h,32.833,50,79.8,,,0,0
telemachus,root.h,32.917,50.2,1.7,,,0,0
telemachus,root.h,33,50.2,0,,,0,0
telemachus,root.h,37.25,63.5,160.1,,,0,0
telemachus,root.h,37.333,73.1,114.3,,,0,0
telemachus,root.h,37.417,78.8,68.6,,,0,0
telemachus,root.h,37.5,80.7,22.9,,,0,0
telemachus,root.h,37.583,80.7,0,,,0,0
telemachus,root.h,42.25,87.9,86.3,,,0,0
telemachus,root.h,42.333,106.4,222.5,,,0,0
telemachus,root.h,42.417,131.8,304.3,,,0,0
telemachus,root.h,42.5,159.4,331.5,,,0,0
telemachus,root.h,42.583,184.8,304.3,,,0,0
telemachus,root.h,42.667,203.3,222.5,,,0,0
telemachus,root.h,42.75,210.5,86.3,,,0,0
telemachus,root.h,42.833,210.5,0,,,0,0
telemachus,root.h,43.25,207.3,-38.2,,,0,0
telemachus,root.h,43.333,207.3,0,,,0,0
telemachus,root.h,44.417,207.3,0,,,0,0
telemachus,root.pitch,0,0,0,,,0,0
telemachus,root.pitch,44.417,0,0,,,0,0
telemachus,root.roll,0,0,0,,,0,0
telemachus,root.roll,23.5,-0.2,-2.1,,,0,0
telemachus,root.roll,23.583,-0.6,-5.1,,,0,0
telemachus,root.roll,23.667,-1.1,-6.1,,,0,0
telemachus,root.roll,23.75,-1.5,-5.1,,,0,0
telemachus,root.roll,23.833,-1.7,-2.1,,,0,0
telemachus,root.roll,23.917,-1.7,0.3,,,0,0
telemachus,root.roll,27.917,-1,2.6,,,0,0
telemachus,root.roll,28,-0.5,6.6,,,0,0
telemachus,root.roll,28.083,0.2,8.6,,,0,0
telemachus,root.roll,28.167,0.9,8.6,,,0,0
telemachus,root.roll,28.25,1.5,6.6,,,0,0
telemachus,root.roll,28.333,1.7,2.6,,,0,0
telemachus,root.roll,28.417,1.7,-0.3,,,0,0
telemachus,root.roll,44.417,1.3,0,,,0,0
telemachus,torso.lean,0,0,0,-17.2,21.8,0,0
telemachus,torso.lean,0.083,-0.4,-5.3,-17.2,21.8,0.0024,0
telemachus,torso.lean,0.167,-1.3,-9.9,-17.2,21.8,0.0078,0.003
telemachus,torso.lean,0.25,-1.7,-5.3,-17.2,21.8,0.0102,0.002
telemachus,torso.lean,0.333,-1.7,0.2,-17.2,21.8,0.0103,0
telemachus,torso.lean,0.417,-1.7,0.5,-17.2,21.8,0.0092,0
telemachus,torso.lean,0.5,-1.6,0.8,-17.2,21.8,0.0088,0
telemachus,torso.lean,0.583,-1.5,1.1,-17.2,21.8,0.0083,0
telemachus,torso.lean,0.667,-1.4,1.3,-17.2,21.8,0.0077,0
telemachus,torso.lean,0.75,-1.3,1.5,-17.2,21.8,0.007,0
telemachus,torso.lean,0.833,-1.1,1.6,-17.2,21.8,0.0063,0
telemachus,torso.lean,0.917,-1,1.7,-17.2,21.8,0.0055,0
telemachus,torso.lean,1,-0.9,1.7,-17.2,21.8,0.0047,0
telemachus,torso.lean,1.083,-0.7,1.7,-17.2,21.8,0.0039,0
telemachus,torso.lean,1.167,-0.6,1.7,-17.2,21.8,0.0032,0
telemachus,torso.lean,1.25,-0.4,1.6,-17.2,21.8,0.0025,0
telemachus,torso.lean,1.333,-0.3,1.5,-17.2,21.8,0.0018,0
telemachus,torso.lean,1.417,-0.2,1.3,-17.2,21.8,0.0012,0
telemachus,torso.lean,1.5,-0.1,1.1,-17.2,21.8,0.0007,0
telemachus,torso.lean,1.583,-0.1,0.8,-17.2,21.8,0.0004,0
telemachus,torso.lean,1.667,0,0.5,-17.2,21.8,0.0001,0
telemachus,torso.lean,1.75,0,0.2,-17.2,21.8,0.0001,0
telemachus,torso.lean,2.083,-0.1,-0.6,-17.2,21.8,0.0007,0
telemachus,torso.lean,2.167,-0.2,-0.7,-17.2,21.8,0.001,0
telemachus,torso.lean,2.25,-0.2,-0.8,-17.2,21.8,0.0014,0
telemachus,torso.lean,2.333,-0.3,-1,-17.2,21.8,0.0018,0
telemachus,torso.lean,2.417,-0.4,-1,-17.2,21.8,0.0023,0
telemachus,torso.lean,2.5,-0.5,-1.1,-17.2,21.8,0.0028,0
telemachus,torso.lean,2.583,-0.6,-1.2,-17.2,21.8,0.0033,0
telemachus,torso.lean,2.667,-0.7,-1.2,-17.2,21.8,0.0039,0
telemachus,torso.lean,2.75,-0.8,-1.2,-17.2,21.8,0.0044,0
telemachus,torso.lean,2.833,-0.9,-1.2,-17.2,21.8,0.005,0
telemachus,torso.lean,2.917,-1,-1.2,-17.2,21.8,0.0056,0
telemachus,torso.lean,3,-1.1,-1.2,-17.2,21.8,0.0061,0
telemachus,torso.lean,3.083,-1.2,-1.2,-17.2,21.8,0.0066,0
telemachus,torso.lean,3.167,-1.3,-1.1,-17.2,21.8,0.0072,0
telemachus,torso.lean,3.25,-1.4,-1,-17.2,21.8,0.0076,0
telemachus,torso.lean,3.333,-1.5,-1,-17.2,21.8,0.0081,0
telemachus,torso.lean,3.417,-1.5,-0.8,-17.2,21.8,0.0085,0
telemachus,torso.lean,3.5,-1.6,-0.7,-17.2,21.8,0.0088,0
telemachus,torso.lean,3.583,-1.7,-0.6,-17.2,21.8,0.0091,0
telemachus,torso.lean,3.667,-1.7,-0.4,-17.2,21.8,0.0093,0
telemachus,torso.lean,4,-1.7,0.5,-17.2,21.8,0.0092,0
telemachus,torso.lean,4.083,-1.6,0.8,-17.2,21.8,0.0088,0
telemachus,torso.lean,4.167,-1.5,1.1,-17.2,21.8,0.0083,0
telemachus,torso.lean,4.25,-1.4,1.3,-17.2,21.8,0.0077,0
telemachus,torso.lean,4.333,-1.3,1.5,-17.2,21.8,0.007,0
telemachus,torso.lean,4.417,-1.1,1.6,-17.2,21.8,0.0063,0
telemachus,torso.lean,4.5,-1,1.7,-17.2,21.8,0.0055,0
telemachus,torso.lean,4.583,-0.9,1.7,-17.2,21.8,0.0047,0
telemachus,torso.lean,4.667,-0.7,1.7,-17.2,21.8,0.0039,0
telemachus,torso.lean,4.75,-0.6,1.7,-17.2,21.8,0.0032,0
telemachus,torso.lean,4.833,-0.4,1.6,-17.2,21.8,0.0025,0
telemachus,torso.lean,4.917,-0.3,1.5,-17.2,21.8,0.0018,0
telemachus,torso.lean,5,-0.2,1.3,-17.2,21.8,0.0012,0
telemachus,torso.lean,5.083,-0.1,1.1,-17.2,21.8,0.0007,0
telemachus,torso.lean,5.167,-0.1,0.8,-17.2,21.8,0.0004,0
telemachus,torso.lean,5.25,0,0.5,-17.2,21.8,0.0001,0
telemachus,torso.lean,5.333,0,0.2,-17.2,21.8,0.0001,0
telemachus,torso.lean,5.667,-0.1,-0.6,-17.2,21.8,0.0006,0
telemachus,torso.lean,5.75,-0.2,-0.7,-17.2,21.8,0.0009,0
telemachus,torso.lean,5.833,-0.2,-0.8,-17.2,21.8,0.0013,0
telemachus,torso.lean,5.917,-0.3,-0.9,-17.2,21.8,0.0017,0
telemachus,torso.lean,6,-0.4,-1,-17.2,21.8,0.0021,0
telemachus,torso.lean,6.083,-0.5,-1,-17.2,21.8,0.0026,0
telemachus,torso.lean,6.167,-0.6,-1.1,-17.2,21.8,0.0031,0
telemachus,torso.lean,6.25,-0.7,-1.1,-17.2,21.8,0.0036,0
telemachus,torso.lean,6.333,-0.8,-1.2,-17.2,21.8,0.0042,0
telemachus,torso.lean,6.417,-0.9,-1.2,-17.2,21.8,0.0047,0
telemachus,torso.lean,6.5,-1,-1.2,-17.2,21.8,0.0053,0
telemachus,torso.lean,6.583,-1.1,-1.2,-17.2,21.8,0.0058,0
telemachus,torso.lean,6.667,-1.2,-1.1,-17.2,21.8,0.0063,0
telemachus,torso.lean,6.75,-1.2,-1.1,-17.2,21.8,0.0068,0
telemachus,torso.lean,6.833,-1.3,-1,-17.2,21.8,0.0073,0
telemachus,torso.lean,6.917,-1.4,-1,-17.2,21.8,0.0077,0
telemachus,torso.lean,7,-1.5,-0.9,-17.2,21.8,0.0082,0
telemachus,torso.lean,7.083,-1.6,-0.8,-17.2,21.8,0.0085,0
telemachus,torso.lean,7.167,-1.6,-0.7,-17.2,21.8,0.0088,0
telemachus,torso.lean,7.25,-1.7,-0.6,-17.2,21.8,0.0091,0
telemachus,torso.lean,7.333,-1.7,-0.4,-17.2,21.8,0.0093,0
telemachus,torso.lean,7.667,-1.7,0.5,-17.2,21.8,0.0092,0
telemachus,torso.lean,7.75,-1.6,0.8,-17.2,21.8,0.0088,0
telemachus,torso.lean,7.833,-1.5,1.1,-17.2,21.8,0.0083,0
telemachus,torso.lean,7.917,-1.4,1.3,-17.2,21.8,0.0077,0
telemachus,torso.lean,8,-1.3,1.5,-17.2,21.8,0.007,0
telemachus,torso.lean,8.083,-1.1,1.6,-17.2,21.8,0.0063,0
telemachus,torso.lean,8.167,-1,1.7,-17.2,21.8,0.0055,0
telemachus,torso.lean,8.25,-0.9,1.7,-17.2,21.8,0.0047,0
telemachus,torso.lean,8.333,-0.7,1.7,-17.2,21.8,0.0039,0
telemachus,torso.lean,8.417,-0.6,1.7,-17.2,21.8,0.0032,0
telemachus,torso.lean,8.5,-0.4,1.6,-17.2,21.8,0.0025,0
telemachus,torso.lean,8.583,-0.3,1.5,-17.2,21.8,0.0018,0
telemachus,torso.lean,8.667,-0.2,1.3,-17.2,21.8,0.0012,0
telemachus,torso.lean,8.75,-0.1,1.1,-17.2,21.8,0.0007,0
telemachus,torso.lean,8.833,-0.1,0.8,-17.2,21.8,0.0004,0
telemachus,torso.lean,8.917,0,0.5,-17.2,21.8,0.0001,0
telemachus,torso.lean,9,0,0.2,-17.2,21.8,0.0001,0
telemachus,torso.lean,9.333,-0.1,-0.6,-17.2,21.8,0.0007,0
telemachus,torso.lean,9.417,-0.2,-0.7,-17.2,21.8,0.001,0
telemachus,torso.lean,9.5,-0.2,-0.8,-17.2,21.8,0.0014,0
telemachus,torso.lean,9.583,-0.3,-1,-17.2,21.8,0.0018,0
telemachus,torso.lean,9.667,-0.4,-1,-17.2,21.8,0.0023,0
telemachus,torso.lean,9.75,-0.5,-1.1,-17.2,21.8,0.0028,0
telemachus,torso.lean,9.833,-0.6,-1.2,-17.2,21.8,0.0033,0
telemachus,torso.lean,9.917,-0.7,-1.2,-17.2,21.8,0.0039,0
telemachus,torso.lean,10,-0.8,-1.2,-17.2,21.8,0.0044,0
telemachus,torso.lean,10.083,-0.9,-1.2,-17.2,21.8,0.005,0
telemachus,torso.lean,10.167,-1,-1.2,-17.2,21.8,0.0056,0
telemachus,torso.lean,10.25,-1.1,-1.2,-17.2,21.8,0.0061,0
telemachus,torso.lean,10.333,-1.2,-1.2,-17.2,21.8,0.0066,0
telemachus,torso.lean,10.417,-1.3,-1.1,-17.2,21.8,0.0072,0
telemachus,torso.lean,10.5,-1.4,-1,-17.2,21.8,0.0076,0
telemachus,torso.lean,10.583,-1.5,-1,-17.2,21.8,0.0081,0
telemachus,torso.lean,10.667,-1.5,-0.8,-17.2,21.8,0.0085,0
telemachus,torso.lean,10.75,-1.6,-0.7,-17.2,21.8,0.0088,0
telemachus,torso.lean,10.833,-1.7,-0.6,-17.2,21.8,0.0091,0
telemachus,torso.lean,10.917,-1.7,-0.4,-17.2,21.8,0.0093,0
telemachus,torso.lean,11.25,-1.7,0.5,-17.2,21.8,0.0092,0
telemachus,torso.lean,11.333,-1.6,0.8,-17.2,21.8,0.0088,0
telemachus,torso.lean,11.417,-1.5,1.1,-17.2,21.8,0.0083,0
telemachus,torso.lean,11.5,-1.4,1.3,-17.2,21.8,0.0077,0
telemachus,torso.lean,11.583,-1.3,1.5,-17.2,21.8,0.007,0
telemachus,torso.lean,11.667,-1.1,1.6,-17.2,21.8,0.0063,0
telemachus,torso.lean,11.75,-1,1.7,-17.2,21.8,0.0055,0
telemachus,torso.lean,11.833,-0.9,1.7,-17.2,21.8,0.0047,0
telemachus,torso.lean,11.917,-0.7,1.7,-17.2,21.8,0.0039,0
telemachus,torso.lean,12,-0.6,1.7,-17.2,21.8,0.0032,0
telemachus,torso.lean,12.083,-0.4,1.6,-17.2,21.8,0.0025,0
telemachus,torso.lean,12.167,-0.3,1.5,-17.2,21.8,0.0018,0
telemachus,torso.lean,12.25,-0.2,1.3,-17.2,21.8,0.0012,0
telemachus,torso.lean,12.333,-0.1,1.1,-17.2,21.8,0.0007,0
telemachus,torso.lean,12.417,-0.1,0.8,-17.2,21.8,0.0004,0
telemachus,torso.lean,12.5,0,0.5,-17.2,21.8,0.0001,0
telemachus,torso.lean,12.583,0,0.2,-17.2,21.8,0.0001,0
telemachus,torso.lean,12.917,-0.1,-0.6,-17.2,21.8,0.0007,0
telemachus,torso.lean,13,-0.2,-0.7,-17.2,21.8,0.001,0
telemachus,torso.lean,13.083,-0.2,-0.8,-17.2,21.8,0.0014,0
telemachus,torso.lean,13.167,-0.3,-1,-17.2,21.8,0.0018,0
telemachus,torso.lean,13.25,-0.4,-1,-17.2,21.8,0.0023,0
telemachus,torso.lean,13.333,-0.5,-1.1,-17.2,21.8,0.0028,0
telemachus,torso.lean,13.417,-0.6,-1.2,-17.2,21.8,0.0033,0
telemachus,torso.lean,13.5,-0.7,-1.2,-17.2,21.8,0.0039,0
telemachus,torso.lean,13.583,-0.8,-1.2,-17.2,21.8,0.0044,0
telemachus,torso.lean,13.667,-0.9,-1.2,-17.2,21.8,0.005,0
telemachus,torso.lean,13.75,-1,-1.2,-17.2,21.8,0.0056,0
telemachus,torso.lean,13.833,-1.1,-1.2,-17.2,21.8,0.0061,0
telemachus,torso.lean,13.917,-1.2,-1.2,-17.2,21.8,0.0066,0
telemachus,torso.lean,14,-1.3,-1.1,-17.2,21.8,0.0072,0
telemachus,torso.lean,14.083,-1.4,-1,-17.2,21.8,0.0076,0
telemachus,torso.lean,14.167,-1.5,-1,-17.2,21.8,0.0081,0
telemachus,torso.lean,14.25,-1.5,-0.8,-17.2,21.8,0.0085,0
telemachus,torso.lean,14.333,-1.6,-0.7,-17.2,21.8,0.0088,0
telemachus,torso.lean,14.417,-1.7,-0.6,-17.2,21.8,0.0091,0
telemachus,torso.lean,14.5,-1.7,-0.4,-17.2,21.8,0.0093,0
telemachus,torso.lean,14.833,-1.7,0.5,-17.2,21.8,0.0092,0
telemachus,torso.lean,14.917,-1.6,0.8,-17.2,21.8,0.0088,0
telemachus,torso.lean,15,-1.5,1.1,-17.2,21.8,0.0083,0
telemachus,torso.lean,15.083,-1.4,1.3,-17.2,21.8,0.0077,0
telemachus,torso.lean,15.167,-1.3,1.5,-17.2,21.8,0.007,0
telemachus,torso.lean,15.25,-1.1,1.6,-17.2,21.8,0.0063,0
telemachus,torso.lean,15.333,-1,1.7,-17.2,21.8,0.0055,0
telemachus,torso.lean,15.417,-0.9,1.7,-17.2,21.8,0.0047,0
telemachus,torso.lean,15.5,-0.7,1.7,-17.2,21.8,0.0039,0
telemachus,torso.lean,15.583,-0.6,1.7,-17.2,21.8,0.0032,0
telemachus,torso.lean,15.667,-0.4,1.6,-17.2,21.8,0.0025,0
telemachus,torso.lean,15.75,-0.3,1.5,-17.2,21.8,0.0018,0
telemachus,torso.lean,15.833,-0.2,1.3,-17.2,21.8,0.0012,0
telemachus,torso.lean,15.917,-0.1,1.1,-17.2,21.8,0.0007,0
telemachus,torso.lean,16,-0.1,0.8,-17.2,21.8,0.0004,0
telemachus,torso.lean,16.083,0,0.5,-17.2,21.8,0.0001,0
telemachus,torso.lean,16.167,0,0.2,-17.2,21.8,0.0001,0
telemachus,torso.lean,16.5,-0.1,-0.6,-17.2,21.8,0.0006,0
telemachus,torso.lean,16.583,-3.2,-36.8,-17.2,21.8,0.0239,0.032
telemachus,torso.lean,16.667,-4.2,-12.8,-17.2,21.8,0.0275,0.014
telemachus,torso.lean,16.75,-4.2,0.7,-17.2,21.8,0.0253,0.002
telemachus,torso.lean,16.833,-4.1,0.6,-17.2,21.8,0.0226,0.002
telemachus,torso.lean,16.917,-4.1,0.5,-17.2,21.8,0.0224,0.001
telemachus,torso.lean,17,-4,0.5,-17.2,21.8,0.0222,0.001
telemachus,torso.lean,17.667,-3.8,0.5,-17.2,21.8,0.0206,0.001
telemachus,torso.lean,17.75,-3.7,0.6,-17.2,21.8,0.0203,0.001
telemachus,torso.lean,17.833,-3.5,2.7,-17.2,21.8,0.0194,0.003
telemachus,torso.lean,17.917,-3,5.8,-17.2,21.8,0.017,0.004
telemachus,torso.lean,18,-2.8,2.9,-17.2,21.8,0.0156,0.002
telemachus,torso.lean,18.083,-2.4,4,-17.2,21.8,0.0135,0.002
telemachus,torso.lean,18.167,-1.5,11,-17.2,21.8,0.0095,0.004
telemachus,torso.lean,18.25,-0.3,14.6,-17.2,21.8,0.0022,0.001
telemachus,torso.lean,18.333,1,14.8,-17.2,21.8,0.0053,0.003
telemachus,torso.lean,18.417,1.9,11.6,-17.2,21.8,0.0111,0.005
telemachus,torso.lean,18.5,2.4,5.1,-17.2,21.8,0.014,0.003
telemachus,torso.lean,18.583,2.2,-1.5,-17.2,21.8,0.0134,0.001
telemachus,torso.lean,18.667,1.8,-4.7,-17.2,21.8,0.0106,0.002
telemachus,torso.lean,18.75,1.3,-6.2,-17.2,21.8,0.0075,0.002
telemachus,torso.lean,18.833,0.8,-6.1,-17.2,21.8,0.0045,0.001
telemachus,torso.lean,18.917,0.5,-4.2,-17.2,21.8,0.0029,0
telemachus,torso.lean,19,0.4,-0.6,-17.2,21.8,0.0029,0
telemachus,torso.lean,19.083,-0.8,-14.7,-17.2,21.8,0.007,0.004
telemachus,torso.lean,19.167,0.4,14.5,-17.2,21.8,0.0074,0.004
telemachus,torso.lean,19.25,2.9,29.9,-17.2,21.8,0.0185,0.02
telemachus,torso.lean,19.333,5.4,29.8,-17.2,21.8,0.0293,0.032
telemachus,torso.lean,19.417,6.6,14.3,-17.2,21.8,0.0386,0.022
telemachus,torso.lean,19.5,6.5,-1.1,-17.2,21.8,0.0381,0.004
telemachus,torso.lean,19.583,6.3,-1.3,-17.2,21.8,0.0347,0.004
telemachus,torso.lean,19.667,7.3,11.9,-17.2,21.8,0.0424,0.021
telemachus,torso.lean,19.75,9.4,24.8,-17.2,21.8,0.0536,0.052
telemachus,torso.lean,19.833,11.4,24.5,-17.2,21.8,0.0623,0.061
telemachus,torso.lean,19.917,12.4,11,-17.2,21.8,0.0696,0.036
telemachus,torso.lean,20,11.1,-14.9,-17.2,21.8,0.0651,0.042
telemachus,torso.lean,20.083,8.2,-35.2,-17.2,21.8,0.0483,0.064
telemachus,torso.lean,20.167,4.7,-41.3,-17.2,21.8,0.027,0.04
telemachus,torso.lean,20.25,2,-33.2,-17.2,21.8,0.0122,0.014
telemachus,torso.lean,20.333,1.1,-10.8,-17.2,21.8,0.0098,0.004
telemachus,torso.lean,20.417,1.5,5.6,-17.2,21.8,0.0113,0.002
telemachus,torso.lean,20.5,2.1,6.6,-17.2,21.8,0.0116,0.003
telemachus,torso.lean,20.583,2.7,7.6,-17.2,21.8,0.0151,0.004
telemachus,torso.lean,20.667,3.4,8.7,-17.2,21.8,0.019,0.006
telemachus,torso.lean,20.75,3.4,0,-17.2,21.8,0.0204,0.001
telemachus,torso.lean,21.75,1.9,-18.9,-17.2,21.8,0.0136,0.009
telemachus,torso.lean,21.833,0.6,-15.5,-17.2,21.8,0.0038,0.002
telemachus,torso.lean,21.917,-0.4,-12,-17.2,21.8,0.003,0.001
telemachus,torso.lean,22,-1.1,-8.6,-17.2,21.8,0.0069,0.002
telemachus,torso.lean,22.083,-1.6,-5.2,-17.2,21.8,0.0092,0.002
telemachus,torso.lean,22.167,-1.7,-1.7,-17.2,21.8,0.01,0.001
telemachus,torso.lean,22.25,-1.5,3.2,-17.2,21.8,0.0088,0.001
telemachus,torso.lean,22.333,-0.9,7.1,-17.2,21.8,0.0054,0.001
telemachus,torso.lean,22.417,-0.3,7.1,-17.2,21.8,0.0015,0
telemachus,torso.lean,22.5,0,3.2,-17.2,21.8,0.0007,0
telemachus,torso.lean,22.583,0,0,-17.2,21.8,0.0006,0
telemachus,torso.lean,30.583,0.4,4.3,-17.2,21.8,0.0028,0
telemachus,torso.lean,30.667,1.4,13,-17.2,21.8,0.0095,0.005
telemachus,torso.lean,30.75,3.3,21.7,-17.2,21.8,0.0194,0.015
telemachus,torso.lean,30.833,3.4,1.2,-17.2,21.8,0.0221,0.002
telemachus,torso.lean,30.917,3.4,0.7,-17.2,21.8,0.0188,0.001
telemachus,torso.lean,31,3.4,0.2,-17.2,21.8,0.0189,0.001
telemachus,torso.lean,32.583,2.3,-13.9,-17.2,21.8,0.015,0.008
telemachus,torso.lean,32.667,1.9,-4.6,-17.2,21.8,0.012,0.002
telemachus,torso.lean,32.75,0.3,-19,-17.2,21.8,0.0043,0.003
telemachus,torso.lean,32.833,-0.8,-13.5,-17.2,21.8,0.0054,0.003
telemachus,torso.lean,32.917,-1.5,-8.1,-17.2,21.8,0.0091,0.003
telemachus,torso.lean,33,-1.7,-2.7,-17.2,21.8,0.0104,0.001
telemachus,torso.lean,33.083,-1.5,3.2,-17.2,21.8,0.009,0.001
telemachus,torso.lean,33.167,-0.9,7.1,-17.2,21.8,0.0054,0.001
telemachus,torso.lean,33.25,-0.3,7.1,-17.2,21.8,0.0015,0
telemachus,torso.lean,33.333,0,3.2,-17.2,21.8,0.0007,0
telemachus,torso.lean,33.417,0,0,-17.2,21.8,0.0006,0
telemachus,torso.lean,38.667,-0.6,-7.2,-17.2,21.8,0.0046,0.001
telemachus,torso.lean,38.75,-0.8,-2.4,-17.2,21.8,0.0053,0
telemachus,torso.lean,38.833,0.5,15.5,-17.2,21.8,0.0059,0.003
telemachus,torso.lean,38.917,1.4,11,-17.2,21.8,0.0085,0.003
telemachus,torso.lean,39,2,6.6,-17.2,21.8,0.0115,0.003
telemachus,torso.lean,39.083,2.1,2.2,-17.2,21.8,0.0125,0.001
telemachus,torso.lean,39.167,2,-1.5,-17.2,21.8,0.0117,0.001
telemachus,torso.lean,39.25,1.9,-1.5,-17.2,21.8,0.0104,0.001
telemachus,torso.lean,39.333,1.8,-1.5,-17.2,21.8,0.0097,0.001
telemachus,torso.lean,39.417,1.7,-1.5,-17.2,21.8,0.009,0.001
telemachus,torso.lean,39.5,1.5,-1.5,-17.2,21.8,0.0084,0.001
telemachus,torso.lean,39.583,1.4,-1.5,-17.2,21.8,0.0077,0.001
telemachus,torso.lean,39.667,1.3,-1.5,-17.2,21.8,0.007,0
telemachus,torso.lean,39.75,1.1,-2.2,-17.2,21.8,0.0062,0.001
telemachus,torso.lean,39.833,0.7,-4.8,-17.2,21.8,0.0043,0.001
telemachus,torso.lean,39.917,0.3,-4.8,-17.2,21.8,0.0017,0
telemachus,torso.lean,40,0.1,-2.2,-17.2,21.8,0.0012,0
telemachus,torso.lean,40.083,-0.6,-8.4,-17.2,21.8,0.0042,0.001
telemachus,torso.lean,40.167,-0.8,-2.8,-17.2,21.8,0.0054,0.001
telemachus,torso.lean,40.25,0.8,19.6,-17.2,21.8,0.0086,0.006
telemachus,torso.lean,40.333,1.8,11.8,-17.2,21.8,0.0113,0.005
telemachus,torso.lean,40.417,2.1,3.9,-17.2,21.8,0.0131,0.002
telemachus,torso.lean,40.5,2,-1.5,-17.2,21.8,0.012,0.001
telemachus,torso.lean,40.583,1.9,-1.5,-17.2,21.8,0.0104,0.001
telemachus,torso.lean,40.667,1.8,-1.5,-17.2,21.8,0.0097,0.001
telemachus,torso.lean,40.75,1.7,-1.5,-17.2,21.8,0.009,0.001
telemachus,torso.lean,40.833,1.5,-1.5,-17.2,21.8,0.0084,0.001
telemachus,torso.lean,40.917,1.4,-1.5,-17.2,21.8,0.0077,0.001
telemachus,torso.lean,41,1.3,-1.5,-17.2,21.8,0.007,0
telemachus,torso.lean,41.083,1.2,-1.1,-17.2,21.8,0.0066,0
telemachus,torso.lean,41.167,1,-2.9,-17.2,21.8,0.0055,0.001
telemachus,torso.lean,41.25,0.6,-3.7,-17.2,21.8,0.0037,0.001
telemachus,torso.lean,41.333,0.3,-3.7,-17.2,21.8,0.0018,0
telemachus,torso.lean,41.417,0.1,-2.9,-17.2,21.8,0.0007,0
telemachus,torso.lean,41.5,0,-1.1,-17.2,21.8,0.0003,0
telemachus,torso.lean,41.583,0,0,-17.2,21.8,0.0002,0
telemachus,torso.lean,44.417,0,0,-17.2,21.8,0,0
telemachus,torso.twist,0,0,0,-31.5,31.5,0,0
telemachus,torso.twist,1.25,0.2,2.2,-31.5,31.5,0.0014,0
telemachus,torso.twist,1.333,0.7,5.7,-31.5,31.5,0.0043,0.001
telemachus,torso.twist,1.417,1.3,7.9,-31.5,31.5,0.0076,0.002
telemachus,torso.twist,1.5,2,8.6,-31.5,31.5,0.0113,0.004
telemachus,torso.twist,1.583,2.7,7.9,-31.5,31.5,0.0148,0.005
telemachus,torso.twist,1.667,3.2,5.7,-31.5,31.5,0.0177,0.004
telemachus,torso.twist,1.75,3.4,2.2,-31.5,31.5,0.019,0.002
telemachus,torso.twist,1.833,3.4,0,-31.5,31.5,0.0188,0.001
telemachus,torso.twist,4.417,3.1,-3.1,-31.5,31.5,0.0175,0.003
telemachus,torso.twist,4.5,2.5,-7.7,-31.5,31.5,0.0142,0.004
telemachus,torso.twist,4.583,1.6,-10,-31.5,31.5,0.0093,0.003
telemachus,torso.twist,4.667,0.8,-10,-31.5,31.5,0.0042,0.002
telemachus,torso.twist,4.75,0.1,-7.7,-31.5,31.5,0.0011,0
telemachus,torso.twist,4.833,-0.1,-3.1,-31.5,31.5,0.0015,0
telemachus,torso.twist,4.917,-0.1,0,-31.5,31.5,0.0012,0
telemachus,torso.twist,8.833,0.8,11,-31.5,31.5,0.0063,0.002
telemachus,torso.twist,8.917,3.2,29,-31.5,31.5,0.0208,0.022
telemachus,torso.twist,9,6.6,41,-31.5,31.5,0.0384,0.058
telemachus,torso.twist,9.083,10.5,47,-31.5,31.5,0.0585,0.103
telemachus,torso.twist,9.167,14.5,47,-31.5,31.5,0.0784,0.141
telemachus,torso.twist,9.25,17.9,41,-31.5,31.5,0.0974,0.158
telemachus,torso.twist,9.333,20.3,29,-31.5,31.5,0.111,0.137
telemachus,torso.twist,9.417,21.2,11,-31.5,31.5,0.1168,0.072
telemachus,torso.twist,9.5,21.2,0,-31.5,31.5,0.1155,0.027
telemachus,torso.twist,11.583,19.9,-15.9,-31.5,31.5,0.1096,0.085
telemachus,torso.twist,11.667,16.6,-39.7,-31.5,31.5,0.0938,0.148
telemachus,torso.twist,11.75,12.3,-51.6,-31.5,31.5,0.0689,0.134
telemachus,torso.twist,11.833,8,-51.6,-31.5,31.5,0.0436,0.082
telemachus,torso.twist,11.917,4.7,-39.7,-31.5,31.5,0.0277,0.04
telemachus,torso.twist,12,3.4,-15.9,-31.5,31.5,0.0226,0.014
telemachus,torso.twist,12.083,3.4,0,-31.5,31.5,0.0212,0.001
telemachus,torso.twist,12.833,4.3,11.9,-31.5,31.5,0.0259,0.012
telemachus,torso.twist,12.917,6.9,30.6,-31.5,31.5,0.041,0.047
telemachus,torso.twist,13,10.4,41.8,-31.5,31.5,0.0586,0.092
telemachus,torso.twist,13.083,14.2,45.6,-31.5,31.5,0.0776,0.135
telemachus,torso.twist,13.167,17.7,41.8,-31.5,31.5,0.0959,0.159
telemachus,torso.twist,13.25,20.2,30.6,-31.5,31.5,0.1105,0.142
telemachus,torso.twist,13.333,21.2,11.9,-31.5,31.5,0.1169,0.076
telemachus,torso.twist,13.417,21.2,0,-31.5,31.5,0.1157,0.027
telemachus,torso.twist,15,20,-14.2,-31.5,31.5,0.11,0.079
telemachus,torso.twist,15.083,17,-36.6,-31.5,31.5,0.0957,0.14
telemachus,torso.twist,15.167,12.8,-50,-31.5,31.5,0.072,0.136
telemachus,torso.twist,15.25,8.3,-54.5,-31.5,31.5,0.046,0.092
telemachus,torso.twist,15.333,4.1,-50,-31.5,31.5,0.0233,0.042
telemachus,torso.twist,15.417,1.1,-36.6,-31.5,31.5,0.0082,0.011
telemachus,torso.twist,15.5,-0.1,-14.2,-31.5,31.5,0.0047,0.002
telemachus,torso.twist,15.583,-0.1,0,-31.5,31.5,0.0032,0
telemachus,torso.twist,16.5,-0.9,-9.2,-31.5,31.5,0.0065,0.002
telemachus,torso.twist,16.583,-2.6,-20.1,-31.5,31.5,0.016,0.012
telemachus,torso.twist,16.667,-4.2,-20.1,-31.5,31.5,0.0232,0.017
telemachus,torso.twist,16.75,-5,-9.2,-31.5,31.5,0.0294,0.011
telemachus,torso.twist,16.833,-5,0,-31.5,31.5,0.029,0.002
telemachus,torso.twist,17.667,-3.6,17.4,-31.5,31.5,0.0226,0.015
telemachus,torso.twist,17.75,0.2,44.9,-31.5,31.5,0.006,0.009
telemachus,torso.twist,17.833,5.3,61.4,-31.5,31.5,0.032,0.071
telemachus,torso.twist,17.917,10.9,66.9,-31.5,31.5,0.0603,0.148
telemachus,torso.twist,18,16,61.4,-31.5,31.5,0.0876,0.203
telemachus,torso.twist,18.083,19.8,44.9,-31.5,31.5,0.109,0.195
telemachus,torso.twist,18.167,21.2,17.4,-31.5,31.5,0.1185,0.1
telemachus,torso.twist,18.25,21.2,0,-31.5,31.5,0.1167,0.027
telemachus,torso.twist,20,17.9,-39.7,-31.5,31.5,0.1036,0.165
telemachus,torso.twist,20.083,15.5,-28.6,-31.5,31.5,0.0859,0.101
telemachus,torso.twist,20.167,9.8,-68.2,-31.5,31.5,0.0607,0.152
telemachus,torso.twist,20.25,3.1,-81.3,-31.5,31.5,0.0191,0.055
telemachus,torso.twist,20.333,-2.6,-68.2,-31.5,31.5,0.0167,0.04
telemachus,torso.twist,20.417,-5,-28.6,-31.5,31.5,0.0345,0.037
telemachus,torso.twist,20.5,-5,0,-31.5,31.5,0.0325,0.002
telemachus,torso.twist,20.583,-4.5,6.5,-31.5,31.5,0.0256,0.007
telemachus,torso.twist,20.667,-3.3,14.4,-31.5,31.5,0.0193,0.01
telemachus,torso.twist,20.75,-2.1,14.4,-31.5,31.5,0.0113,0.006
telemachus,torso.twist,20.833,-1.5,6.5,-31.5,31.5,0.0097,0.002
telemachus,torso.twist,20.917,-1.5,0,-31.5,31.5,0.0095,0
telemachus,torso.twist,21,-0.3,14.1,-31.5,31.5,0.0044,0.002
telemachus,torso.twist,21.083,2.5,33.7,-31.5,31.5,0.017,0.021
telemachus,torso.twist,21.167,5.8,40.3,-31.5,31.5,0.033,0.049
telemachus,torso.twist,21.25,8.6,33.7,-31.5,31.5,0.0483,0.062
telemachus,torso.twist,21.333,9.8,14.1,-31.5,31.5,0.057,0.035
telemachus,torso.twist,21.417,10,1.8,-31.5,31.5,0.0565,0.01
telemachus,torso.twist,21.5,10.3,4.3,-31.5,31.5,0.0567,0.015
telemachus,torso.twist,21.583,10.7,5.1,-31.5,31.5,0.0587,0.017
telemachus,torso.twist,21.667,11.1,4.3,-31.5,31.5,0.0606,0.016
telemachus,torso.twist,21.75,11.3,1.8,-31.5,31.5,0.0617,0.011
telemachus,torso.twist,21.833,11.3,0,-31.5,31.5,0.0616,0.008
telemachus,torso.twist,21.917,11.1,-2,-31.5,31.5,0.0607,0.012
telemachus,torso.twist,22,10.7,-4.9,-31.5,31.5,0.0587,0.017
telemachus,torso.twist,22.083,10.2,-5.8,-31.5,31.5,0.0557,0.018
telemachus,torso.twist,22.167,9.8,-4.9,-31.5,31.5,0.0535,0.015
telemachus,torso.twist,22.25,9.6,-2,-31.5,31.5,0.0529,0.009
telemachus,torso.twist,22.333,9.6,0,-31.5,31.5,0.0528,0.006
telemachus,torso.twist,22.583,8.9,-8.6,-31.5,31.5,0.0501,0.02
telemachus,torso.twist,22.667,7.1,-21.4,-31.5,31.5,0.0412,0.034
telemachus,torso.twist,22.75,4.8,-27.8,-31.5,31.5,0.0274,0.028
telemachus,torso.twist,22.833,2.5,-27.8,-31.5,31.5,0.0136,0.014
telemachus,torso.twist,22.917,0.7,-21.4,-31.5,31.5,0.005,0.004
telemachus,torso.twist,23,0,-8.6,-31.5,31.5,0.0023,0.001
telemachus,torso.twist,23.083,0,0,-31.5,31.5,0.0016,0
telemachus,torso.twist,25.917,0.9,10.6,-31.5,31.5,0.0067,0.003
telemachus,torso.twist,26,3.2,28.4,-31.5,31.5,0.021,0.022
telemachus,torso.twist,26.083,6.7,41.2,-31.5,31.5,0.0388,0.059
telemachus,torso.twist,26.167,10.7,48.8,-31.5,31.5,0.0599,0.109
telemachus,torso.twist,26.25,15,51.4,-31.5,31.5,0.0819,0.16
telemachus,torso.twist,26.333,19.1,48.8,-31.5,31.5,0.1032,0.197
telemachus,torso.twist,26.417,22.5,41.2,-31.5,31.5,0.1216,0.204
telemachus,torso.twist,26.5,24.9,28.4,-31.5,31.5,0.1344,0.17
telemachus,torso.twist,26.583,25.8,10.6,-31.5,31.5,0.1397,0.091
telemachus,torso.twist,26.667,25.8,0,-31.5,31.5,0.1384,0.038
telemachus,torso.twist,27.5,24.4,-17.1,-31.5,31.5,0.1325,0.114
telemachus,torso.twist,27.583,20.7,-44.2,-31.5,31.5,0.1156,0.205
telemachus,torso.twist,27.667,15.6,-60.4,-31.5,31.5,0.0875,0.2
telemachus,torso.twist,27.75,10.1,-65.9,-31.5,31.5,0.0563,0.136
telemachus,torso.twist,27.833,5.1,-60.4,-31.5,31.5,0.0289,0.063
telemachus,torso.twist,27.917,1.4,-44.2,-31.5,31.5,0.0107,0.017
telemachus,torso.twist,28,0,-17.1,-31.5,31.5,0.0049,0.003
telemachus,torso.twist,28.083,0,0,-31.5,31.5,0.0031,0
telemachus,torso.twist,30.75,0.1,1.8,-31.5,31.5,0.0011,0
telemachus,torso.twist,30.833,0.5,4,-31.5,31.5,0.003,0
telemachus,torso.twist,30.917,0.8,4,-31.5,31.5,0.0045,0.001
telemachus,torso.twist,31,1,1.8,-31.5,31.5,0.0057,0
telemachus,torso.twist,31.083,1,0,-31.5,31.5,0.0056,0
telemachus,torso.twist,31.167,1.1,1.5,-31.5,31.5,0.0062,0
telemachus,torso.twist,31.25,1.4,3.2,-31.5,31.5,0.0078,0.001
telemachus,torso.twist,31.333,1.6,3.2,-31.5,31.5,0.0089,0.001
telemachus,torso.twist,31.417,1.8,1.5,-31.5,31.5,0.0099,0.001
telemachus,torso.twist,31.5,1.8,0,-31.5,31.5,0.0099,0
telemachus,torso.twist,31.583,1.9,2.1,-31.5,31.5,0.0109,0.001
telemachus,torso.twist,31.667,2.4,5,-31.5,31.5,0.0134,0.003
telemachus,torso.twist,31.75,2.9,6,-31.5,31.5,0.0158,0.004
telemachus,torso.twist,31.833,3.3,5,-31.5,31.5,0.0181,0.004
telemachus,torso.twist,31.917,3.4,2.1,-31.5,31.5,0.0194,0.002
telemachus,torso.twist,32,3.4,0,-31.5,31.5,0.0193,0.001
telemachus,torso.twist,32.083,3.9,5.6,-31.5,31.5,0.0225,0.005
telemachus,torso.twist,32.167,4.9,12.4,-31.5,31.5,0.0283,0.014
telemachus,torso.twist,32.25,6,12.4,-31.5,31.5,0.0327,0.016
telemachus,torso.twist,32.333,6.4,5.6,-31.5,31.5,0.0364,0.01
telemachus,torso.twist,32.417,6.4,0,-31.5,31.5,0.0362,0.003
telemachus,torso.twist,32.5,6.9,5.7,-31.5,31.5,0.0388,0.011
telemachus,torso.twist,32.583,8,13.5,-31.5,31.5,0.0453,0.025
telemachus,torso.twist,32.667,9.4,16.1,-31.5,31.5,0.0516,0.034
telemachus,torso.twist,32.75,10.5,13.5,-31.5,31.5,0.0577,0.034
telemachus,torso.twist,32.833,11,5.7,-31.5,31.5,0.0612,0.02
telemachus,torso.twist,32.917,11,0,-31.5,31.5,0.0608,0.007
telemachus,torso.twist,33,9.8,-13.7,-31.5,31.5,0.0561,0.033
telemachus,torso.twist,33.083,7.1,-32.7,-31.5,31.5,0.0423,0.052
telemachus,torso.twist,33.167,3.9,-39,-31.5,31.5,0.0223,0.031
telemachus,torso.twist,33.25,1.1,-32.7,-31.5,31.5,0.0074,0.009
telemachus,torso.twist,33.333,0,-13.7,-31.5,31.5,0.0034,0.002
telemachus,torso.twist,33.417,0,0,-31.5,31.5,0.0024,0
telemachus,torso.twist,36.917,0.7,8.7,-31.5,31.5,0.0055,0.002
telemachus,torso.twist,37,2.5,21.8,-31.5,31.5,0.0163,0.013
telemachus,torso.twist,37.083,4.9,28.3,-31.5,31.5,0.028,0.029
telemachus,torso.twist,37.167,7.3,28.3,-31.5,31.5,0.0397,0.042
telemachus,torso.twist,37.25,9.1,21.8,-31.5,31.5,0.0507,0.044
telemachus,torso.twist,37.333,9.8,8.7,-31.5,31.5,0.0558,0.023
telemachus,torso.twist,37.417,9.8,0,-31.5,31.5,0.055,0.006
telemachus,torso.twist,42.25,19.4,114.6,-31.5,31.5,0.1245,0.529
telemachus,torso.twist,42.333,25.1,68.8,-31.5,31.5,0.1413,0.379
telemachus,torso.twist,42.417,27,22.9,-31.5,31.5,0.1507,0.166
telemachus,torso.twist,42.5,24.3,-32.2,-31.5,31.5,0.1391,0.195
telemachus,torso.twist,42.583,18.4,-70.9,-31.5,31.5,0.106,0.285
telemachus,torso.twist,42.667,12.5,-70.9,-31.5,31.5,0.0679,0.177
telemachus,torso.twist,42.75,9.8,-32.2,-31.5,31.5,0.0604,0.075
telemachus,torso.twist,42.833,9.8,0,-31.5,31.5,0.0592,0.007
telemachus,torso.twist,44.417,9.8,0,-31.5,31.5,0.0535,0.006
telemachus,torso.roll,0,0,0,-9.2,9.2,0,0
telemachus,torso.roll,20.083,0.1,1.1,-9.2,9.2,0.0008,0
telemachus,torso.roll,20.167,0.3,1.9,-9.2,9.2,0.0017,0
telemachus,torso.roll,20.25,0.5,2.7,-9.2,9.2,0.0029,0
telemachus,torso.roll,20.333,0.8,3.4,-9.2,9.2,0.0045,0.001
telemachus,torso.roll,20.417,1.1,4.2,-9.2,9.2,0.0064,0.001
telemachus,torso.roll,20.5,1.6,5,-9.2,9.2,0.0087,0.002
telemachus,torso.roll,20.583,2,5.7,-9.2,9.2,0.0113,0.003
telemachus,torso.roll,20.667,2.6,6.5,-9.2,9.2,0.0143,0.004
telemachus,torso.roll,20.75,1.1,-17.2,-9.2,9.2,0.0105,0.007
telemachus,torso.roll,20.833,0.3,-10.3,-9.2,9.2,0.0028,0.001
telemachus,torso.roll,20.917,0,-3.4,-9.2,9.2,0.0012,0
telemachus,torso.roll,21,-0.3,-3.4,-9.2,9.2,0.0016,0
telemachus,torso.roll,21.083,-1.1,-10.3,-9.2,9.2,0.0075,0.003
telemachus,torso.roll,21.167,-2.6,-17.2,-9.2,9.2,0.0154,0.01
telemachus,torso.roll,21.25,-1.1,17.2,-9.2,9.2,0.0124,0.008
telemachus,torso.roll,21.333,-0.3,10.3,-9.2,9.2,0.0028,0.001
telemachus,torso.roll,21.417,0,3.4,-9.2,9.2,0.0012,0
telemachus,torso.roll,21.5,0.3,3.4,-9.2,9.2,0.0016,0
telemachus,torso.roll,21.583,1.1,10.3,-9.2,9.2,0.0075,0.003
telemachus,torso.roll,21.667,2.6,17.2,-9.2,9.2,0.0154,0.01
telemachus,torso.roll,21.75,2.5,-0.9,-9.2,9.2,0.017,0.001
telemachus,torso.roll,21.833,2.3,-2.4,-9.2,9.2,0.0129,0.001
telemachus,torso.roll,21.917,2,-3.5,-9.2,9.2,0.0113,0.002
telemachus,torso.roll,22,1.7,-4.2,-9.2,9.2,0.0093,0.002
telemachus,torso.roll,22.083,1.3,-4.6,-9.2,9.2,0.0071,0.001
telemachus,torso.roll,22.167,0.9,-4.6,-9.2,9.2,0.005,0.001
telemachus,torso.roll,22.25,0.6,-4.2,-9.2,9.2,0.0031,0
telemachus,torso.roll,22.333,0.3,-3.5,-9.2,9.2,0.0016,0
telemachus,torso.roll,22.417,0.1,-2.4,-9.2,9.2,0.0006,0
telemachus,torso.roll,22.5,0,-0.9,-9.2,9.2,0.0003,0
telemachus,torso.roll,22.583,0,0,-9.2,9.2,0.0002,0
telemachus,torso.roll,23.5,0.3,3.2,-9.2,9.2,0.002,0
telemachus,torso.roll,23.583,0.9,7.7,-9.2,9.2,0.0058,0.002
telemachus,torso.roll,23.667,1.7,9.2,-9.2,9.2,0.0094,0.003
telemachus,torso.roll,23.75,2.3,7.7,-9.2,9.2,0.0129,0.004
telemachus,torso.roll,23.833,2.6,3.2,-9.2,9.2,0.0149,0.002
telemachus,torso.roll,23.917,2.5,-0.5,-9.2,9.2,0.0145,0.001
telemachus,torso.roll,24,2.5,-0.5,-9.2,9.2,0.0136,0.001
telemachus,torso.roll,24.083,2.4,-0.5,-9.2,9.2,0.0134,0.001
telemachus,torso.roll,24.167,2.4,-0.5,-9.2,9.2,0.0131,0.001
telemachus,torso.roll,24.25,2.4,-0.5,-9.2,9.2,0.0129,0.001
telemachus,torso.roll,24.333,2.3,-0.5,-9.2,9.2,0.0126,0.001
telemachus,torso.roll,24.417,2.3,-0.5,-9.2,9.2,0.0124,0.001
telemachus,torso.roll,24.5,2.2,-0.5,-9.2,9.2,0.0121,0.001
telemachus,torso.roll,24.583,2.2,-0.5,-9.2,9.2,0.0119,0.001
telemachus,torso.roll,24.667,2.1,-0.5,-9.2,9.2,0.0116,0
telemachus,torso.roll,24.75,2.1,-0.5,-9.2,9.2,0.0114,0
telemachus,torso.roll,24.833,2,-0.5,-9.2,9.2,0.0112,0
telemachus,torso.roll,24.917,2,-0.5,-9.2,9.2,0.0109,0
telemachus,torso.roll,25,1.9,-0.5,-9.2,9.2,0.0107,0
telemachus,torso.roll,25.083,1.9,-0.5,-9.2,9.2,0.0104,0
telemachus,torso.roll,25.167,1.9,-0.5,-9.2,9.2,0.0102,0
telemachus,torso.roll,25.25,1.8,-0.5,-9.2,9.2,0.0099,0
telemachus,torso.roll,25.333,1.8,-0.5,-9.2,9.2,0.0097,0
telemachus,torso.roll,25.417,1.7,-0.5,-9.2,9.2,0.0094,0
telemachus,torso.roll,25.5,1.7,0,-9.2,9.2,0.0095,0
telemachus,torso.roll,27.917,1.4,-3.8,-9.2,9.2,0.0084,0.001
telemachus,torso.roll,28,0.6,-9.5,-9.2,9.2,0.0043,0.001
telemachus,torso.roll,28.083,-0.4,-12.4,-9.2,9.2,0.0029,0.001
telemachus,torso.roll,28.167,-1.5,-12.4,-9.2,9.2,0.008,0.004
telemachus,torso.roll,28.25,-2.3,-9.5,-9.2,9.2,0.0129,0.005
telemachus,torso.roll,28.333,-2.6,-3.8,-9.2,9.2,0.0151,0.002
telemachus,torso.roll,28.417,-2.5,0.6,-9.2,9.2,0.0146,0.001
telemachus,torso.roll,28.5,-2.5,0.6,-9.2,9.2,0.0136,0.001
telemachus,torso.roll,28.583,-2.4,0.6,-9.2,9.2,0.0133,0.001
telemachus,torso.roll,28.667,-2.4,0.6,-9.2,9.2,0.0131,0.001
telemachus,torso.roll,28.75,-2.3,0.6,-9.2,9.2,0.0128,0.001
telemachus,torso.roll,28.833,-2.3,0.6,-9.2,9.2,0.0126,0.001
telemachus,torso.roll,28.917,-2.2,0.6,-9.2,9.2,0.0123,0.001
telemachus,torso.roll,29,-2.2,0.6,-9.2,9.2,0.012,0.001
telemachus,torso.roll,29.083,-2.1,0.6,-9.2,9.2,0.0118,0.001
telemachus,torso.roll,29.167,-2.1,0.6,-9.2,9.2,0.0115,0
telemachus,torso.roll,29.25,-2.1,0.6,-9.2,9.2,0.0112,0
telemachus,torso.roll,29.333,-2,0.6,-9.2,9.2,0.011,0
telemachus,torso.roll,29.417,-2,0.6,-9.2,9.2,0.0107,0
telemachus,torso.roll,29.5,-1.9,0.6,-9.2,9.2,0.0105,0
telemachus,torso.roll,29.583,-1.9,0.6,-9.2,9.2,0.0102,0
telemachus,torso.roll,29.667,-1.8,0.6,-9.2,9.2,0.0099,0
telemachus,torso.roll,29.75,-1.8,0.6,-9.2,9.2,0.0097,0
telemachus,torso.roll,29.833,-1.7,0.6,-9.2,9.2,0.0094,0
telemachus,torso.roll,29.917,-1.7,0,-9.2,9.2,0.0095,0
telemachus,torso.roll,30.583,-1.3,4.8,-9.2,9.2,0.0081,0.001
telemachus,torso.roll,30.667,-0.2,13.6,-9.2,9.2,0.0026,0.001
telemachus,torso.roll,30.75,1.6,21.3,-9.2,9.2,0.0101,0.008
telemachus,torso.roll,30.833,0.6,-11.3,-9.2,9.2,0.0093,0.004
telemachus,torso.roll,30.917,0.1,-6,-9.2,9.2,0.0018,0
telemachus,torso.roll,31,0,-1.7,-9.2,9.2,0.0008,0
telemachus,torso.roll,31.083,-0.6,-7.7,-9.2,9.2,0.0046,0.001
telemachus,torso.roll,31.167,-2.6,-23.2,-9.2,9.2,0.0169,0.014
telemachus,torso.roll,31.25,-0.6,23.2,-9.2,9.2,0.0118,0.01
telemachus,torso.roll,31.333,0,7.7,-9.2,9.2,0.0028,0.001
telemachus,torso.roll,31.417,0.6,7.7,-9.2,9.2,0.0035,0.001
telemachus,torso.roll,31.5,2.6,23.2,-9.2,9.2,0.0169,0.014
telemachus,torso.roll,31.583,0.6,-23.2,-9.2,9.2,0.0118,0.01
telemachus,torso.roll,31.667,0,-7.7,-9.2,9.2,0.0028,0.001
telemachus,torso.roll,31.75,-0.6,-7.7,-9.2,9.2,0.0035,0.001
telemachus,torso.roll,31.833,-2.6,-23.2,-9.2,9.2,0.0169,0.014
telemachus,torso.roll,31.917,-0.6,23.2,-9.2,9.2,0.0118,0.01
telemachus,torso.roll,32,0,7.7,-9.2,9.2,0.0028,0.001
telemachus,torso.roll,32.083,0.6,7.7,-9.2,9.2,0.0035,0.001
telemachus,torso.roll,32.167,2.6,23.2,-9.2,9.2,0.0169,0.014
telemachus,torso.roll,32.25,0.6,-23.2,-9.2,9.2,0.0118,0.01
telemachus,torso.roll,32.333,0,-7.7,-9.2,9.2,0.0028,0.001
telemachus,torso.roll,32.417,-0.6,-7.7,-9.2,9.2,0.0035,0.001
telemachus,torso.roll,32.5,-2.6,-23.2,-9.2,9.2,0.0169,0.014
telemachus,torso.roll,32.583,-0.6,23.2,-9.2,9.2,0.0118,0.01
telemachus,torso.roll,32.667,0,7.7,-9.2,9.2,0.0028,0.001
telemachus,torso.roll,32.75,0,0,-9.2,9.2,0.0014,0
telemachus,torso.roll,44.417,0,0,-9.2,9.2,0,0
telemachus,head.yaw,0,-5.7,0,-83.1,83.1,0.0024,0
telemachus,head.yaw,1.25,-1.2,54.2,-83.1,83.1,0.0008,0.001
telemachus,head.yaw,1.333,2.3,42.2,-83.1,83.1,0.001,0.001
telemachus,head.yaw,1.417,4.8,30.1,-83.1,83.1,0.002,0.002
telemachus,head.yaw,1.5,6.3,18.1,-83.1,83.1,0.0027,0.002
telemachus,head.yaw,1.583,6.8,6,-83.1,83.1,0.0029,0.001
telemachus,head.yaw,1.667,6.7,-1.9,-83.1,83.1,0.0028,0
telemachus,head.yaw,1.75,6.4,-3.4,-83.1,83.1,0.0026,0
telemachus,head.yaw,1.833,6.2,-1.9,-83.1,83.1,0.0026,0
telemachus,head.yaw,1.917,6.2,0,-83.1,83.1,0.0026,0
telemachus,head.yaw,4.417,3.5,-32.5,-83.1,83.1,0.0016,0.002
telemachus,head.yaw,4.5,1.6,-23.2,-83.1,83.1,0.0007,0.001
telemachus,head.yaw,4.583,0.4,-13.9,-83.1,83.1,0.0002,0
telemachus,head.yaw,4.667,0,-4.6,-83.1,83.1,0.0001,0
telemachus,head.yaw,4.75,0,-0.9,-83.1,83.1,0,0
telemachus,head.yaw,4.833,-0.2,-1.6,-83.1,83.1,0.0001,0
telemachus,head.yaw,4.917,-0.2,-0.9,-83.1,83.1,0.0001,0
telemachus,head.yaw,5,-0.2,0,-83.1,83.1,0.0001,0
telemachus,head.yaw,8.833,12.6,153.6,-83.1,83.1,0.0059,0.032
telemachus,head.yaw,8.917,23,125.6,-83.1,83.1,0.0094,0.041
telemachus,head.yaw,9,31.2,97.7,-83.1,83.1,0.0123,0.042
telemachus,head.yaw,9.083,37,69.8,-83.1,83.1,0.0143,0.035
telemachus,head.yaw,9.167,40.5,41.9,-83.1,83.1,0.0154,0.023
telemachus,head.yaw,9.25,41.6,14,-83.1,83.1,0.0158,0.008
telemachus,head.yaw,9.333,41.1,-7,-83.1,83.1,0.0156,0.004
telemachus,head.yaw,9.417,40,-13,-83.1,83.1,0.0152,0.007
telemachus,head.yaw,9.5,39.4,-7,-83.1,83.1,0.015,0.004
telemachus,head.yaw,9.583,39.4,0,-83.1,83.1,0.015,0
telemachus,head.yaw,11.583,25.1,-171,-83.1,83.1,0.0109,0.065
telemachus,head.yaw,11.667,15,-122.1,-83.1,83.1,0.0063,0.027
telemachus,head.yaw,11.75,8.9,-73.3,-83.1,83.1,0.0039,0.01
telemachus,head.yaw,11.833,6.8,-24.4,-83.1,83.1,0.003,0.003
telemachus,head.yaw,11.917,6.7,-1.9,-83.1,83.1,0.0028,0
telemachus,head.yaw,12,6.4,-3.4,-83.1,83.1,0.0026,0
telemachus,head.yaw,12.083,6.2,-1.9,-83.1,83.1,0.0026,0
telemachus,head.yaw,12.167,6.2,0,-83.1,83.1,0.0026,0
telemachus,head.yaw,12.833,19,153,-83.1,83.1,0.0084,0.045
telemachus,head.yaw,12.917,28.9,119,-83.1,83.1,0.0115,0.048
telemachus,head.yaw,13,36,85,-83.1,83.1,0.014,0.042
telemachus,head.yaw,13.083,40.2,51,-83.1,83.1,0.0154,0.028
telemachus,head.yaw,13.167,41.6,17,-83.1,83.1,0.0158,0.01
telemachus,head.yaw,13.25,41.1,-7,-83.1,83.1,0.0156,0.004
telemachus,head.yaw,13.333,40,-13,-83.1,83.1,0.0152,0.007
telemachus,head.yaw,13.417,39.4,-7,-83.1,83.1,0.015,0.004
telemachus,head.yaw,13.5,39.4,0,-83.1,83.1,0.015,0
telemachus,head.yaw,15,25.2,-170,-83.1,83.1,0.0109,0.065
telemachus,head.yaw,15.083,14.2,-132.2,-83.1,83.1,0.006,0.028
telemachus,head.yaw,15.167,6.3,-94.4,-83.1,83.1,0.0028,0.009
telemachus,head.yaw,15.25,1.6,-56.7,-83.1,83.1,0.0009,0.002
telemachus,head.yaw,15.333,0,-18.9,-83.1,83.1,0.0002,0
telemachus,head.yaw,15.417,0,-0.9,-83.1,83.1,0.0001,0
telemachus,head.yaw,15.5,-0.2,-1.6,-83.1,83.1,0.0001,0
telemachus,head.yaw,15.583,-0.2,-0.9,-83.1,83.1,0.0001,0
telemachus,head.yaw,15.667,-0.2,0,-83.1,83.1,0.0001,0
telemachus,head.yaw,15.75,-3.7,-41.4,-83.1,83.1,0.0017,0.002
telemachus,head.yaw,15.833,-5.8,-24.8,-83.1,83.1,0.0024,0.002
telemachus,head.yaw,15.917,-6.4,-8.3,-83.1,83.1,0.0027,0.001
telemachus,head.yaw,16,-5.9,6.7,-83.1,83.1,0.0025,0.001
telemachus,head.yaw,16.083,-4.8,12.4,-83.1,83.1,0.002,0.001
telemachus,head.yaw,16.167,-4.3,6.7,-83.1,83.1,0.0018,0
telemachus,head.yaw,16.25,-4.7,-4.3,-83.1,83.1,0.002,0
telemachus,head.yaw,16.333,-5.7,-12.9,-83.1,83.1,0.0024,0.001
telemachus,head.yaw,16.417,-5.7,0,-83.1,83.1,0.0024,0
telemachus,head.yaw,16.5,-8.5,-33.8,-83.1,83.1,0.0037,0.004
telemachus,head.yaw,16.583,-9.5,-11.3,-83.1,83.1,0.004,0.002
telemachus,head.yaw,16.667,-9.4,0.6,-83.1,83.1,0.0039,0
telemachus,head.yaw,16.75,-9.4,1,-83.1,83.1,0.0038,0
telemachus,head.yaw,16.833,-9.3,0.6,-83.1,83.1,0.0038,0
telemachus,head.yaw,16.917,-9.3,0,-83.1,83.1,0.0038,0
telemachus,head.yaw,17.667,9,220.1,-83.1,83.1,0.0048,0.037
telemachus,head.yaw,17.75,23.3,171.2,-83.1,83.1,0.0096,0.057
telemachus,head.yaw,17.833,33.5,122.3,-83.1,83.1,0.0132,0.057
telemachus,head.yaw,17.917,39.6,73.4,-83.1,83.1,0.0153,0.04
telemachus,head.yaw,18,41.6,24.5,-83.1,83.1,0.0159,0.014
telemachus,head.yaw,18.083,41.1,-7,-83.1,83.1,0.0156,0.004
telemachus,head.yaw,18.167,40,-13,-83.1,83.1,0.0152,0.007
telemachus,head.yaw,18.25,39.4,-7,-83.1,83.1,0.015,0.004
telemachus,head.yaw,18.333,39.4,0,-83.1,83.1,0.015,0
telemachus,head.yaw,20,32.9,-77.8,-83.1,83.1,0.0132,0.036
telemachus,head.yaw,20.083,10.6,-267.2,-83.1,83.1,0.0053,0.049
telemachus,head.yaw,20.167,-1.9,-151,-83.1,83.1,0.0014,0.007
telemachus,head.yaw,20.25,-5.3,-39.6,-83.1,83.1,0.0027,0.004
telemachus,head.yaw,20.333,-4.4,10.5,-83.1,83.1,0.002,0.001
telemachus,head.yaw,20.417,-4.3,1.4,-83.1,83.1,0.0018,0
telemachus,head.yaw,20.5,-4.3,0,-83.1,83.1,0.0018,0
telemachus,head.yaw,20.583,-3.2,13,-83.1,83.1,0.0014,0.001
telemachus,head.yaw,20.667,-2.8,4.3,-83.1,83.1,0.0012,0
telemachus,head.yaw,20.75,-2.8,0,-83.1,83.1,0.0012,0
telemachus,head.yaw,21,8.9,140.3,-83.1,83.1,0.0043,0.021
telemachus,head.yaw,21.083,15.9,84.2,-83.1,83.1,0.0067,0.02
telemachus,head.yaw,21.167,18.2,28.1,-83.1,83.1,0.0076,0.008
telemachus,head.yaw,21.25,18.2,0,-83.1,83.1,0.0075,0
telemachus,head.yaw,21.417,19.7,17.8,-83.1,83.1,0.008,0.005
telemachus,head.yaw,21.5,20.6,10.7,-83.1,83.1,0.0083,0.003
telemachus,head.yaw,21.583,20.9,3.6,-83.1,83.1,0.0084,0.001
telemachus,head.yaw,21.667,20.9,0,-83.1,83.1,0.0084,0
telemachus,head.yaw,21.917,19.2,-20.2,-83.1,83.1,0.0078,0.006
telemachus,head.yaw,22,18.2,-12.1,-83.1,83.1,0.0074,0.003
telemachus,head.yaw,22.083,17.9,-4,-83.1,83.1,0.0073,0.001
telemachus,head.yaw,22.167,17.9,0,-83.1,83.1,0.0072,0
telemachus,head.yaw,22.583,10,-93.8,-83.1,83.1,0.0046,0.015
telemachus,head.yaw,22.667,4.5,-67,-83.1,83.1,0.002,0.005
telemachus,head.yaw,22.75,1.1,-40.2,-83.1,83.1,0.0006,0.001
telemachus,head.yaw,22.833,0,-13.4,-83.1,83.1,0.0001,0
telemachus,head.yaw,22.917,0,0,-83.1,83.1,0.0001,0
telemachus,head.yaw,25.917,14.6,175.9,-83.1,83.1,0.0068,0.042
telemachus,head.yaw,26,27,148.8,-83.1,83.1,0.0108,0.057
telemachus,head.yaw,26.083,37.2,121.8,-83.1,83.1,0.0144,0.061
telemachus,head.yaw,26.167,45.1,94.7,-83.1,83.1,0.0168,0.056
telemachus,head.yaw,26.25,50.7,67.6,-83.1,83.1,0.0184,0.044
telemachus,head.yaw,26.333,54.1,40.6,-83.1,83.1,0.0192,0.028
telemachus,head.yaw,26.417,55.2,13.5,-83.1,83.1,0.0195,0.01
telemachus,head.yaw,26.5,54.6,-8.2,-83.1,83.1,0.0193,0.006
telemachus,head.yaw,26.583,53.3,-15.2,-83.1,83.1,0.0189,0.011
telemachus,head.yaw,26.667,52.6,-8.2,-83.1,83.1,0.0187,0.006
telemachus,head.yaw,26.75,52.6,0,-83.1,83.1,0.0187,0.001
telemachus,head.yaw,27.5,33.7,-227.3,-83.1,83.1,0.0142,0.113
telemachus,head.yaw,27.583,18.9,-176.8,-83.1,83.1,0.0079,0.049
telemachus,head.yaw,27.667,8.4,-126.3,-83.1,83.1,0.0037,0.016
telemachus,head.yaw,27.75,2.1,-75.8,-83.1,83.1,0.0011,0.003
telemachus,head.yaw,27.833,0,-25.3,-83.1,83.1,0.0003,0
telemachus,head.yaw,27.917,0,0,-83.1,83.1,0.0001,0
telemachus,head.yaw,30.75,1.3,16.2,-83.1,83.1,0.0006,0
telemachus,head.yaw,30.833,1.8,5.4,-83.1,83.1,0.0008,0
telemachus,head.yaw,30.917,1.8,0,-83.1,83.1,0.0008,0
telemachus,head.yaw,31.167,2.9,13.1,-83.1,83.1,0.0013,0.001
telemachus,head.yaw,31.25,3.3,4.4,-83.1,83.1,0.0014,0
telemachus,head.yaw,31.333,3.3,0,-83.1,83.1,0.0014,0
telemachus,head.yaw,31.583,5,21,-83.1,83.1,0.0022,0.002
telemachus,head.yaw,31.667,6.1,12.6,-83.1,83.1,0.0025,0.001
telemachus,head.yaw,31.75,6.4,4.2,-83.1,83.1,0.0027,0
telemachus,head.yaw,31.833,6.4,0,-83.1,83.1,0.0026,0
telemachus,head.yaw,32.083,10.6,50.1,-83.1,83.1,0.0046,0.008
telemachus,head.yaw,32.167,12,16.7,-83.1,83.1,0.0051,0.003
telemachus,head.yaw,32.25,12,0,-83.1,83.1,0.005,0
telemachus,head.yaw,32.5,16.6,56.1,-83.1,83.1,0.007,0.014
telemachus,head.yaw,32.583,19.5,33.7,-83.1,83.1,0.008,0.009
telemachus,head.yaw,32.667,20.4,11.2,-83.1,83.1,0.0083,0.003
telemachus,head.yaw,32.75,20.4,0,-83.1,83.1,0.0083,0
telemachus,head.yaw,33,9.1,-135.9,-83.1,83.1,0.0044,0.021
telemachus,head.yaw,33.083,2.3,-81.6,-83.1,83.1,0.0012,0.003
telemachus,head.yaw,33.167,0,-27.2,-83.1,83.1,0.0003,0
telemachus,head.yaw,33.25,0,0,-83.1,83.1,0.0001,0
telemachus,head.yaw,36.917,8.4,100.3,-83.1,83.1,0.0039,0.014
telemachus,head.yaw,37,14.3,71.7,-83.1,83.1,0.006,0.015
telemachus,head.yaw,37.083,17.9,43,-83.1,83.1,0.0074,0.011
telemachus,head.yaw,37.167,19.1,14.3,-83.1,83.1,0.0079,0.004
telemachus,head.yaw,37.25,18.9,-2.8,-83.1,83.1,0.0077,0.001
telemachus,head.yaw,37.333,18.4,-5.3,-83.1,83.1,0.0075,0.001
telemachus,head.yaw,37.417,18.2,-2.8,-83.1,83.1,0.0074,0.001
telemachus,head.yaw,37.5,18.2,0,-83.1,83.1,0.0074,0
telemachus,head.yaw,44.417,18.2,0,-83.1,83.1,0.0074,0
telemachus,head.pitch,0,0,0,-12.6,12.6,0,0
telemachus,head.pitch,0.083,-0.4,-4.5,-12.6,12.6,0.0002,0
telemachus,head.pitch,0.167,-1.1,-8.3,-12.6,12.6,0.0005,0
telemachus,head.pitch,0.25,-1.4,-4.5,-12.6,12.6,0.0006,0
telemachus,head.pitch,0.333,-1.4,0.2,-12.6,12.6,0.0006,0
telemachus,head.pitch,0.5,-1.3,0.7,-12.6,12.6,0.0005,0
telemachus,head.pitch,0.583,-1.3,0.9,-12.6,12.6,0.0005,0
telemachus,head.pitch,0.667,-1.2,1.1,-12.6,12.6,0.0005,0
telemachus,head.pitch,0.75,-1.1,1.2,-12.6,12.6,0.0004,0
telemachus,head.pitch,0.833,-1,1.3,-12.6,12.6,0.0004,0
telemachus,head.pitch,0.917,-0.8,1.4,-12.6,12.6,0.0003,0
telemachus,head.pitch,1,-0.7,1.4,-12.6,12.6,0.0003,0
telemachus,head.pitch,1.083,-0.6,1.4,-12.6,12.6,0.0002,0
telemachus,head.pitch,1.167,-0.5,1.4,-12.6,12.6,0.0002,0
telemachus,head.pitch,1.25,2.5,35.7,-12.6,12.6,0.0012,0.001
telemachus,head.pitch,1.333,-0.5,-35.6,-12.6,12.6,0.0006,0.001
telemachus,head.pitch,1.417,-2.6,-25.2,-12.6,12.6,0.0011,0.001
telemachus,head.pitch,1.5,-3.8,-14.9,-12.6,12.6,0.0016,0.001
telemachus,head.pitch,1.583,-4.2,-4.6,-12.6,12.6,0.0018,0
telemachus,head.pitch,1.667,-4.2,0.4,-12.6,12.6,0.0017,0
telemachus,head.pitch,2.167,-4.3,-0.6,-12.6,12.6,0.0018,0
telemachus,head.pitch,2.25,-4.4,-0.7,-12.6,12.6,0.0018,0
telemachus,head.pitch,2.333,-4.4,-0.8,-12.6,12.6,0.0018,0
telemachus,head.pitch,2.417,-4.5,-0.9,-12.6,12.6,0.0018,0
telemachus,head.pitch,2.5,-4.6,-0.9,-12.6,12.6,0.0019,0
telemachus,head.pitch,2.583,-4.7,-1,-12.6,12.6,0.0019,0
telemachus,head.pitch,2.667,-4.7,-1,-12.6,12.6,0.0019,0
telemachus,head.pitch,2.75,-4.8,-1,-12.6,12.6,0.002,0
telemachus,head.pitch,2.833,-4.9,-1,-12.6,12.6,0.002,0
telemachus,head.pitch,2.917,-5,-1,-12.6,12.6,0.0021,0
telemachus,head.pitch,3,-5.1,-1,-12.6,12.6,0.0021,0
telemachus,head.pitch,3.083,-5.2,-1,-12.6,12.6,0.0021,0
telemachus,head.pitch,3.167,-5.2,-0.9,-12.6,12.6,0.0022,0
telemachus,head.pitch,3.25,-5.3,-0.9,-12.6,12.6,0.0022,0
telemachus,head.pitch,3.333,-5.4,-0.8,-12.6,12.6,0.0022,0
telemachus,head.pitch,3.417,-5.4,-0.7,-12.6,12.6,0.0022,0
telemachus,head.pitch,3.5,-5.5,-0.6,-12.6,12.6,0.0023,0
telemachus,head.pitch,3.583,-5.5,-0.5,-12.6,12.6,0.0023,0
telemachus,head.pitch,4.083,-5.5,0.7,-12.6,12.6,0.0022,0
telemachus,head.pitch,4.167,-5.4,0.9,-12.6,12.6,0.0022,0
telemachus,head.pitch,4.25,-5.3,1.1,-12.6,12.6,0.0022,0
telemachus,head.pitch,4.333,-5.2,1.2,-12.6,12.6,0.0021,0
telemachus,head.pitch,4.417,1.9,85.5,-12.6,12.6,0.0012,0.004
telemachus,head.pitch,4.5,6.8,58.7,-12.6,12.6,0.0029,0.006
telemachus,head.pitch,4.583,9.8,35.8,-12.6,12.6,0.0041,0.005
telemachus,head.pitch,4.667,10.9,12.9,-12.6,12.6,0.0046,0.002
telemachus,head.pitch,4.75,11,1.4,-12.6,12.6,0.0045,0
telemachus,head.pitch,4.833,11.1,1.3,-12.6,12.6,0.0045,0
telemachus,head.pitch,4.917,11.2,1.2,-12.6,12.6,0.0046,0
telemachus,head.pitch,5,11.3,1.1,-12.6,12.6,0.0046,0
telemachus,head.pitch,5.083,11.4,0.9,-12.6,12.6,0.0046,0
telemachus,head.pitch,5.167,11.4,0.7,-12.6,12.6,0.0047,0
telemachus,head.pitch,5.25,11.4,0.4,-12.6,12.6,0.0047,0
telemachus,head.pitch,5.75,11.3,-0.6,-12.6,12.6,0.0046,0
telemachus,head.pitch,5.833,11.3,-0.7,-12.6,12.6,0.0046,0
telemachus,head.pitch,5.917,11.2,-0.7,-12.6,12.6,0.0046,0
telemachus,head.pitch,6,11.1,-0.8,-12.6,12.6,0.0045,0
telemachus,head.pitch,6.083,11.1,-0.9,-12.6,12.6,0.0045,0
telemachus,head.pitch,6.167,11,-0.9,-12.6,12.6,0.0045,0
telemachus,head.pitch,6.25,10.9,-1,-12.6,12.6,0.0045,0
telemachus,head.pitch,6.333,10.8,-1,-12.6,12.6,0.0044,0
telemachus,head.pitch,6.417,10.7,-1,-12.6,12.6,0.0044,0
telemachus,head.pitch,6.5,10.7,-1,-12.6,12.6,0.0044,0
telemachus,head.pitch,6.583,10.6,-1,-12.6,12.6,0.0043,0
telemachus,head.pitch,6.667,10.5,-1,-12.6,12.6,0.0043,0
telemachus,head.pitch,6.75,10.4,-0.9,-12.6,12.6,0.0043,0
telemachus,head.pitch,6.833,10.4,-0.9,-12.6,12.6,0.0042,0
telemachus,head.pitch,6.917,10.3,-0.8,-12.6,12.6,0.0042,0
telemachus,head.pitch,7,10.2,-0.7,-12.6,12.6,0.0042,0
telemachus,head.pitch,7.083,10.2,-0.7,-12.6,12.6,0.0042,0
telemachus,head.pitch,7.167,10.1,-0.6,-12.6,12.6,0.0041,0
telemachus,head.pitch,7.25,10.1,-0.5,-12.6,12.6,0.0041,0
telemachus,head.pitch,7.75,10.1,0.7,-12.6,12.6,0.0041,0
telemachus,head.pitch,7.833,10.2,0.9,-12.6,12.6,0.0042,0
telemachus,head.pitch,7.917,10.3,1.1,-12.6,12.6,0.0042,0
telemachus,head.pitch,8,10.4,1.2,-12.6,12.6,0.0043,0
telemachus,head.pitch,8.083,10.5,1.3,-12.6,12.6,0.0043,0
telemachus,head.pitch,8.167,10.6,1.4,-12.6,12.6,0.0043,0
telemachus,head.pitch,8.25,10.7,1.4,-12.6,12.6,0.0044,0
telemachus,head.pitch,8.333,10.9,1.4,-12.6,12.6,0.0044,0
telemachus,head.pitch,8.417,11,1.4,-12.6,12.6,0.0045,0
telemachus,head.pitch,8.5,11.1,1.3,-12.6,12.6,0.0045,0
telemachus,head.pitch,8.583,11.2,1.2,-12.6,12.6,0.0046,0
telemachus,head.pitch,8.667,11.3,1.1,-12.6,12.6,0.0046,0
telemachus,head.pitch,8.75,11.4,0.9,-12.6,12.6,0.0046,0
telemachus,head.pitch,8.833,2.8,-102.4,-12.6,12.6,0.0017,0.006
telemachus,head.pitch,8.917,0.8,-24.6,-12.6,12.6,0.0007,0.001
telemachus,head.pitch,9,-0.8,-19.3,-12.6,12.6,0.0004,0
telemachus,head.pitch,9.083,-2,-14,-12.6,12.6,0.0008,0
telemachus,head.pitch,9.167,-2.7,-8.6,-12.6,12.6,0.0011,0
telemachus,head.pitch,9.25,-3,-3.1,-12.6,12.6,0.0013,0
telemachus,head.pitch,9.333,-3,-0.5,-12.6,12.6,0.0013,0
telemachus,head.pitch,9.417,-3.1,-0.6,-12.6,12.6,0.0013,0
telemachus,head.pitch,9.5,-3.1,-0.7,-12.6,12.6,0.0013,0
telemachus,head.pitch,9.583,-3.2,-0.8,-12.6,12.6,0.0013,0
telemachus,head.pitch,9.667,-3.3,-0.9,-12.6,12.6,0.0013,0
telemachus,head.pitch,9.75,-3.3,-0.9,-12.6,12.6,0.0014,0
telemachus,head.pitch,9.833,-3.4,-1,-12.6,12.6,0.0014,0
telemachus,head.pitch,9.917,-3.5,-1,-12.6,12.6,0.0014,0
telemachus,head.pitch,10,-3.6,-1,-12.6,12.6,0.0015,0
telemachus,head.pitch,10.083,-3.7,-1,-12.6,12.6,0.0015,0
telemachus,head.pitch,10.167,-3.8,-1,-12.6,12.6,0.0015,0
telemachus,head.pitch,10.25,-3.9,-1,-12.6,12.6,0.0016,0
telemachus,head.pitch,10.333,-3.9,-1,-12.6,12.6,0.0016,0
telemachus,head.pitch,10.417,-4,-0.9,-12.6,12.6,0.0016,0
telemachus,head.pitch,10.5,-4.1,-0.9,-12.6,12.6,0.0017,0
telemachus,head.pitch,10.583,-4.1,-0.8,-12.6,12.6,0.0017,0
telemachus,head.pitch,10.667,-4.2,-0.7,-12.6,12.6,0.0017,0
telemachus,head.pitch,10.75,-4.3,-0.6,-12.6,12.6,0.0017,0
telemachus,head.pitch,10.833,-4.3,-0.5,-12.6,12.6,0.0018,0
telemachus,head.pitch,11.333,-4.2,0.7,-12.6,12.6,0.0017,0
telemachus,head.pitch,11.417,-4.2,0.9,-12.6,12.6,0.0017,0
telemachus,head.pitch,11.5,-4.1,1.1,-12.6,12.6,0.0017,0
telemachus,head.pitch,11.583,1.8,70.7,-12.6,12.6,0.0011,0.003
telemachus,head.pitch,11.667,-2,-45.5,-12.6,12.6,0.0014,0.002
telemachus,head.pitch,11.75,-4.2,-26.7,-12.6,12.6,0.0018,0.002
telemachus,head.pitch,11.833,-4.9,-7.9,-12.6,12.6,0.0021,0.001
telemachus,head.pitch,11.917,-4.8,1.4,-12.6,12.6,0.002,0
telemachus,head.pitch,12,-4.6,1.4,-12.6,12.6,0.0019,0
telemachus,head.pitch,12.083,-4.5,1.3,-12.6,12.6,0.0019,0
telemachus,head.pitch,12.167,-4.4,1.2,-12.6,12.6,0.0018,0
telemachus,head.pitch,12.25,-4.3,1.1,-12.6,12.6,0.0018,0
telemachus,head.pitch,12.333,-4.3,0.9,-12.6,12.6,0.0017,0
telemachus,head.pitch,12.417,-4.2,0.7,-12.6,12.6,0.0017,0
telemachus,head.pitch,12.5,-4.2,0.4,-12.6,12.6,0.0017,0
telemachus,head.pitch,12.833,6,122.1,-12.6,12.6,0.0031,0.013
telemachus,head.pitch,12.917,5.3,-8,-12.6,12.6,0.0028,0.001
telemachus,head.pitch,13,4.1,-14.7,-12.6,12.6,0.0017,0.001
telemachus,head.pitch,13.083,1.5,-31.6,-12.6,12.6,0.0007,0.001
telemachus,head.pitch,13.167,-1.7,-38.2,-12.6,12.6,0.0007,0.001
telemachus,head.pitch,13.25,-3.3,-18.7,-12.6,12.6,0.0014,0.001
telemachus,head.pitch,13.333,-3.3,-0.9,-12.6,12.6,0.0015,0
telemachus,head.pitch,13.417,-3.4,-1,-12.6,12.6,0.0014,0
telemachus,head.pitch,13.5,-3.5,-1,-12.6,12.6,0.0014,0
telemachus,head.pitch,13.583,-3.6,-1,-12.6,12.6,0.0015,0
telemachus,head.pitch,13.667,-3.7,-1,-12.6,12.6,0.0015,0
telemachus,head.pitch,13.75,-3.8,-1,-12.6,12.6,0.0015,0
telemachus,head.pitch,13.833,-3.9,-1,-12.6,12.6,0.0016,0
telemachus,head.pitch,13.917,-3.9,-1,-12.6,12.6,0.0016,0
telemachus,head.pitch,14,-4,-0.9,-12.6,12.6,0.0016,0
telemachus,head.pitch,14.083,-4.1,-0.9,-12.6,12.6,0.0017,0
telemachus,head.pitch,14.167,-4.1,-0.8,-12.6,12.6,0.0017,0
telemachus,head.pitch,14.25,-4.2,-0.7,-12.6,12.6,0.0017,0
telemachus,head.pitch,14.333,-4.3,-0.6,-12.6,12.6,0.0017,0
telemachus,head.pitch,14.417,-4.3,-0.5,-12.6,12.6,0.0018,0
telemachus,head.pitch,14.917,-4.2,0.7,-12.6,12.6,0.0017,0
telemachus,head.pitch,15,1.6,70.3,-12.6,12.6,0.001,0.002
telemachus,head.pitch,15.083,5.5,46.2,-12.6,12.6,0.0024,0.004
telemachus,head.pitch,15.167,8.2,33.4,-12.6,12.6,0.0034,0.004
telemachus,head.pitch,15.25,10,20.7,-12.6,12.6,0.0041,0.003
telemachus,head.pitch,15.333,10.6,7.8,-12.6,12.6,0.0044,0.001
telemachus,head.pitch,15.417,10.7,1.4,-12.6,12.6,0.0044,0
telemachus,head.pitch,15.5,10.9,1.4,-12.6,12.6,0.0044,0
telemachus,head.pitch,15.583,11,1.4,-12.6,12.6,0.0045,0
telemachus,head.pitch,15.667,11.1,1.3,-12.6,12.6,0.0045,0
telemachus,head.pitch,15.75,11.2,1.2,-12.6,12.6,0.0046,0
telemachus,head.pitch,15.833,11.3,1.1,-12.6,12.6,0.0046,0
telemachus,head.pitch,15.917,11.4,0.9,-12.6,12.6,0.0046,0
telemachus,head.pitch,16,11.4,0.7,-12.6,12.6,0.0047,0
telemachus,head.pitch,16.083,11.4,0.4,-12.6,12.6,0.0047,0
telemachus,head.pitch,16.5,2.8,-103.6,-12.6,12.6,0.0017,0.006
telemachus,head.pitch,16.583,-5.5,-99.4,-12.6,12.6,0.0023,0.008
telemachus,head.pitch,16.667,-5.6,-0.7,-12.6,12.6,0.0028,0
telemachus,head.pitch,16.75,-5.6,-0.7,-12.6,12.6,0.0023,0
telemachus,head.pitch,16.833,-5.7,-0.8,-12.6,12.6,0.0023,0
telemachus,head.pitch,16.917,-5.8,-0.9,-12.6,12.6,0.0024,0
telemachus,head.pitch,17,-5.8,-0.9,-12.6,12.6,0.0024,0
telemachus,head.pitch,17.083,-5.9,-1,-12.6,12.6,0.0024,0
telemachus,head.pitch,17.167,-6,-1,-12.6,12.6,0.0025,0
telemachus,head.pitch,17.25,-6.1,-1,-12.6,12.6,0.0025,0
telemachus,head.pitch,17.333,-6.2,-1,-12.6,12.6,0.0025,0
telemachus,head.pitch,17.417,-6.3,-1,-12.6,12.6,0.0026,0
telemachus,head.pitch,17.5,-6.3,-1,-12.6,12.6,0.0026,0
telemachus,head.pitch,17.583,-6.4,-0.9,-12.6,12.6,0.0026,0
telemachus,head.pitch,17.667,1.8,98,-12.6,12.6,0.0012,0.004
telemachus,head.pitch,17.75,-0.8,-31.2,-12.6,12.6,0.001,0.001
telemachus,head.pitch,17.833,-2.7,-22.4,-12.6,12.6,0.0012,0.001
telemachus,head.pitch,17.917,-3.9,-13.7,-12.6,12.6,0.0016,0.001
telemachus,head.pitch,18,-4.3,-4.9,-12.6,12.6,0.0018,0
telemachus,head.pitch,18.083,-3.6,8.2,-12.6,12.6,0.0015,0
telemachus,head.pitch,18.167,-1.8,21.3,-12.6,12.6,0.0008,0.001
telemachus,head.pitch,18.25,0.5,27.9,-12.6,12.6,0.0002,0
telemachus,head.pitch,18.333,2.9,28.1,-12.6,12.6,0.0012,0.001
telemachus,head.pitch,18.417,4.7,21.8,-12.6,12.6,0.002,0.001
telemachus,head.pitch,18.5,5.4,9.1,-12.6,12.6,0.0023,0.001
telemachus,head.pitch,18.583,5,-4.9,-12.6,12.6,0.0021,0
telemachus,head.pitch,18.667,3.9,-13.1,-12.6,12.6,0.0017,0.001
telemachus,head.pitch,18.75,2.5,-17.2,-12.6,12.6,0.001,0.001
telemachus,head.pitch,18.833,1.1,-17,-12.6,12.6,0.0004,0
telemachus,head.pitch,18.917,0,-12.7,-12.6,12.6,0,0
telemachus,head.pitch,19,-0.3,-4.2,-12.6,12.6,0.0002,0
telemachus,head.pitch,19.083,-3.2,-34.6,-12.6,12.6,0.0015,0.002
telemachus,head.pitch,19.167,-2.3,11.4,-12.6,12.6,0.0012,0
telemachus,head.pitch,19.25,-0.3,23.3,-12.6,12.6,0.0002,0
telemachus,head.pitch,19.333,1.6,23.2,-12.6,12.6,0.0007,0.001
telemachus,head.pitch,19.417,2.5,11.2,-12.6,12.6,0.0011,0
telemachus,head.pitch,19.5,2.3,-2.7,-12.6,12.6,0.001,0
telemachus,head.pitch,19.583,1.6,-8.5,-12.6,12.6,0.0007,0
telemachus,head.pitch,19.667,0.6,-11.6,-12.6,12.6,0.0003,0
telemachus,head.pitch,19.75,-0.4,-11.8,-12.6,12.6,0.0001,0
telemachus,head.pitch,19.833,-1.1,-9.3,-12.6,12.6,0.0005,0
telemachus,head.pitch,19.917,-1.4,-3.8,-12.6,12.6,0.0006,0
telemachus,head.pitch,20,-1.5,-1.2,-12.6,12.6,0.0006,0
telemachus,head.pitch,20.083,-2.8,-15.4,-12.6,12.6,0.0012,0.001
telemachus,head.pitch,20.167,-3.7,-10.3,-12.6,12.6,0.0015,0.001
telemachus,head.pitch,20.25,-4,-3.7,-12.6,12.6,0.0017,0
telemachus,head.pitch,20.333,-3.8,1.7,-12.6,12.6,0.0016,0
telemachus,head.pitch,20.417,-3.5,3.6,-12.6,12.6,0.0015,0
telemachus,head.pitch,20.5,-3.3,3.3,-12.6,12.6,0.0013,0
telemachus,head.pitch,20.583,0.6,46.3,-12.6,12.6,0.0005,0.001
telemachus,head.pitch,20.667,1.9,16.4,-12.6,12.6,0.001,0.001
telemachus,head.pitch,20.75,2,0.7,-12.6,12.6,0.0009,0
telemachus,head.pitch,20.833,1.2,-9.8,-12.6,12.6,0.0005,0
telemachus,head.pitch,20.917,-0.3,-18.2,-12.6,12.6,0.0002,0
telemachus,head.pitch,21,-1.1,-9.8,-12.6,12.6,0.0005,0
telemachus,head.pitch,21.083,-0.3,9.8,-12.6,12.6,0.0002,0
telemachus,head.pitch,21.167,1.2,18.2,-12.6,12.6,0.0005,0
telemachus,head.pitch,21.25,2,9.8,-12.6,12.6,0.0009,0
telemachus,head.pitch,21.333,1.2,-9.8,-12.6,12.6,0.0006,0
telemachus,head.pitch,21.417,-0.3,-18.2,-12.6,12.6,0.0002,0
telemachus,head.pitch,21.5,-1.1,-9.8,-12.6,12.6,0.0005,0
telemachus,head.pitch,21.583,-0.3,9.8,-12.6,12.6,0.0002,0
telemachus,head.pitch,21.667,1.2,18.2,-12.6,12.6,0.0005,0
telemachus,head.pitch,21.75,2,9.8,-12.6,12.6,0.0009,0
telemachus,head.pitch,21.833,1.9,-0.8,-12.6,12.6,0.0008,0
telemachus,head.pitch,21.917,1.8,-2.2,-12.6,12.6,0.0007,0
telemachus,head.pitch,22,1.5,-3.2,-12.6,12.6,0.0006,0
telemachus,head.pitch,22.083,1.2,-3.8,-12.6,12.6,0.0005,0
telemachus,head.pitch,22.167,0.8,-4,-12.6,12.6,0.0003,0
telemachus,head.pitch,22.25,0.5,-3.8,-12.6,12.6,0.0002,0
telemachus,head.pitch,22.333,0.3,-3.2,-12.6,12.6,0.0001,0
telemachus,head.pitch,22.417,0.1,-2.2,-12.6,12.6,0,0
telemachus,head.pitch,22.5,0,-0.8,-12.6,12.6,0,0
telemachus,head.pitch,22.583,2.9,34.4,-12.6,12.6,0.0014,0.002
telemachus,head.pitch,22.667,1.3,-19.1,-12.6,12.6,0.0008,0.001
telemachus,head.pitch,22.75,0.3,-11.5,-12.6,12.6,0.0002,0
telemachus,head.pitch,22.833,0,-3.8,-12.6,12.6,0,0
telemachus,head.pitch,22.917,0,0,-12.6,12.6,0,0
telemachus,head.pitch,25.917,2.9,34.4,-12.6,12.6,0.0013,0.002
telemachus,head.pitch,26,5.5,31.5,-12.6,12.6,0.0023,0.003
telemachus,head.pitch,26.083,7.6,25.8,-12.6,12.6,0.0032,0.003
telemachus,head.pitch,26.167,9.3,20.1,-12.6,12.6,0.0038,0.003
telemachus,head.pitch,26.25,10.5,14.3,-12.6,12.6,0.0043,0.002
telemachus,head.pitch,26.333,11.2,8.6,-12.6,12.6,0.0046,0.001
telemachus,head.pitch,26.417,11.5,2.9,-12.6,12.6,0.0047,0.001
telemachus,head.pitch,26.5,11.5,0,-12.6,12.6,0.0047,0
telemachus,head.pitch,27.5,2.9,-103.1,-12.6,12.6,0.0017,0.006
telemachus,head.pitch,27.583,1.6,-15,-12.6,12.6,0.0011,0.001
telemachus,head.pitch,27.667,0.7,-10.7,-12.6,12.6,0.0003,0
telemachus,head.pitch,27.75,0.2,-6.4,-12.6,12.6,0.0001,0
telemachus,head.pitch,27.833,0,-2.1,-12.6,12.6,0,0
telemachus,head.pitch,27.917,0,0,-12.6,12.6,0,0
telemachus,head.pitch,30.583,0.3,3.6,-12.6,12.6,0.0001,0
telemachus,head.pitch,30.667,1,7.8,-12.6,12.6,0.0004,0
telemachus,head.pitch,30.75,1.5,6.9,-12.6,12.6,0.0006,0
telemachus,head.pitch,30.833,1.8,3.2,-12.6,12.6,0.0008,0
telemachus,head.pitch,30.917,1,-9.5,-12.6,12.6,0.0005,0
telemachus,head.pitch,31,-0.5,-17.6,-12.6,12.6,0.0002,0
telemachus,head.pitch,31.083,-1.3,-9.5,-12.6,12.6,0.0006,0
telemachus,head.pitch,31.167,0,15.1,-12.6,12.6,0.0001,0
telemachus,head.pitch,31.25,1.5,17.6,-12.6,12.6,0.0006,0
telemachus,head.pitch,31.333,-0.1,-18.9,-12.6,12.6,0.0002,0
telemachus,head.pitch,31.417,-1.7,-18.9,-12.6,12.6,0.0007,0
telemachus,head.pitch,31.5,-0.1,18.9,-12.6,12.6,0.0002,0
telemachus,head.pitch,31.583,1.1,14.2,-12.6,12.6,0.0005,0
telemachus,head.pitch,31.667,-0.7,-21.7,-12.6,12.6,0.0005,0
telemachus,head.pitch,31.75,-2.4,-19.8,-12.6,12.6,0.001,0.001
telemachus,head.pitch,31.833,-0.8,18.9,-12.6,12.6,0.0005,0
telemachus,head.pitch,31.917,0.8,18.9,-12.6,12.6,0.0003,0
telemachus,head.pitch,32,-0.8,-18.9,-12.6,12.6,0.0005,0
telemachus,head.pitch,32.083,-3.4,-31.5,-12.6,12.6,0.0015,0.002
telemachus,head.pitch,32.167,-2.2,14.7,-12.6,12.6,0.0011,0.001
telemachus,head.pitch,32.25,-0.6,18.9,-12.6,12.6,0.0003,0
telemachus,head.pitch,32.333,-2.2,-18.9,-12.6,12.6,0.0011,0.001
telemachus,head.pitch,32.417,-2.2,0.2,-12.6,12.6,0.001,0
telemachus,head.pitch,32.5,-0.6,18.6,-12.6,12.6,0.0004,0
telemachus,head.pitch,32.583,0.7,15.6,-12.6,12.6,0.0003,0
telemachus,head.pitch,32.667,-1.6,-27.1,-12.6,12.6,0.0009,0.001
telemachus,head.pitch,32.75,-4.3,-32.4,-12.6,12.6,0.0018,0.002
telemachus,head.pitch,32.833,-5,-8.5,-12.6,12.6,0.0022,0.001
telemachus,head.pitch,32.917,-4.9,1.1,-12.6,12.6,0.0021,0
telemachus,head.pitch,33,2.5,88.7,-12.6,12.6,0.0015,0.005
telemachus,head.pitch,33.083,-6.9,-112.7,-12.6,12.6,0.0038,0.015
telemachus,head.pitch,33.167,-10,-36.6,-12.6,12.6,0.0045,0.006
telemachus,head.pitch,33.25,-9.9,1.1,-12.6,12.6,0.0042,0
telemachus,head.pitch,33.333,-9.8,0.4,-12.6,12.6,0.004,0
telemachus,head.pitch,34.333,-7.7,25.8,-12.6,12.6,0.0033,0.003
telemachus,head.pitch,34.417,-7,8.6,-12.6,12.6,0.0029,0.001
telemachus,head.pitch,34.5,-7.4,-5.4,-12.6,12.6,0.0031,0.001
telemachus,head.pitch,34.583,-8.4,-11.8,-12.6,12.6,0.0035,0.001
telemachus,head.pitch,34.667,-9.4,-11.8,-12.6,12.6,0.0038,0.002
telemachus,head.pitch,34.75,-9.8,-5.4,-12.6,12.6,0.0041,0.001
telemachus,head.pitch,34.833,-9.8,0,-12.6,12.6,0.004,0
telemachus,head.pitch,36.75,-8.2,19.1,-12.6,12.6,0.0035,0.002
telemachus,head.pitch,36.833,-7.3,11.5,-12.6,12.6,0.003,0.001
telemachus,head.pitch,36.917,5.7,156.2,-12.6,12.6,0.0031,0.017
telemachus,head.pitch,37,9.8,48.4,-12.6,12.6,0.0045,0.008
telemachus,head.pitch,37.083,11.2,17.8,-12.6,12.6,0.0047,0.003
telemachus,head.pitch,37.167,11.5,2.5,-12.6,12.6,0.0048,0
telemachus,head.pitch,37.25,11.5,0,-12.6,12.6,0.0047,0
telemachus,head.pitch,38.5,12.6,13.7,-12.6,12.6,0.0052,0.003
telemachus,head.pitch,38.583,12.6,0,-12.6,12.6,0.0052,0
telemachus,head.pitch,38.833,12.2,-4.8,-12.6,12.6,0.005,0.001
telemachus,head.pitch,38.917,11.5,-8.9,-12.6,12.6,0.0047,0.002
telemachus,head.pitch,39,11.5,0,-12.6,12.6,0.0047,0
telemachus,head.pitch,41.75,12.6,13.7,-12.6,12.6,0.0052,0.003
telemachus,head.pitch,41.833,12.6,0,-12.6,12.6,0.0052,0
telemachus,head.pitch,42.083,12.2,-4.8,-12.6,12.6,0.005,0.001
telemachus,head.pitch,42.167,11.5,-8.9,-12.6,12.6,0.0047,0.002
telemachus,head.pitch,42.25,11.5,0,-12.6,12.6,0.0047,0
telemachus,head.pitch,44.417,11.5,0,-12.6,12.6,0.0047,0
telemachus,arm.R.pitch,0,0,0,-183.3,60.2,0,0
telemachus,arm.R.pitch,19.167,-6.7,-80.6,-183.3,60.2,0.0045,0.013
telemachus,arm.R.pitch,19.25,-21.5,-177.3,-183.3,60.2,0.012,0.075
telemachus,arm.R.pitch,19.333,-36.3,-177.3,-183.3,60.2,0.0174,0.108
telemachus,arm.R.pitch,19.417,-43,-80.6,-183.3,60.2,0.0213,0.061
telemachus,arm.R.pitch,19.5,-42.5,6.1,-183.3,60.2,0.021,0.005
telemachus,arm.R.pitch,19.583,-42,6.1,-183.3,60.2,0.0197,0.005
telemachus,arm.R.pitch,19.667,-33.1,106.5,-183.3,60.2,0.0173,0.065
telemachus,arm.R.pitch,19.75,-13.6,234.2,-183.3,60.2,0.0085,0.07
telemachus,arm.R.pitch,19.833,5.9,234.2,-183.3,60.2,0.0031,0.025
telemachus,arm.R.pitch,19.917,14.8,106.3,-183.3,60.2,0.0091,0.034
telemachus,arm.R.pitch,20,10.4,-52.3,-183.3,60.2,0.0073,0.013
telemachus,arm.R.pitch,20.083,0.5,-118.9,-183.3,60.2,0.0011,0.005
telemachus,arm.R.pitch,20.167,-11.5,-144.2,-183.3,60.2,0.0062,0.031
telemachus,arm.R.pitch,20.25,-22.2,-128.2,-183.3,60.2,0.0113,0.051
telemachus,arm.R.pitch,20.333,-28.1,-70.9,-183.3,60.2,0.0146,0.037
telemachus,arm.R.pitch,20.417,-29.3,-14.2,-183.3,60.2,0.0151,0.008
telemachus,arm.R.pitch,20.5,-38.5,-110.8,-183.3,60.2,0.0195,0.076
telemachus,arm.R.pitch,20.583,-50.6,-145.2,-183.3,60.2,0.0232,0.119
telemachus,arm.R.pitch,20.667,-54.3,-44.5,-183.3,60.2,0.0252,0.04
telemachus,arm.R.pitch,20.75,-52.6,20.2,-183.3,60.2,0.0242,0.018
telemachus,arm.R.pitch,20.833,-45.2,88.9,-183.3,60.2,0.0218,0.068
telemachus,arm.R.pitch,20.917,-33.4,141.6,-183.3,60.2,0.0169,0.084
telemachus,arm.R.pitch,21,-20.1,159.9,-183.3,60.2,0.0103,0.058
telemachus,arm.R.pitch,21.083,-8.9,134,-183.3,60.2,0.0049,0.023
telemachus,arm.R.pitch,21.167,-3.2,68.7,-183.3,60.2,0.0025,0.006
telemachus,arm.R.pitch,21.25,-4.7,-17.6,-183.3,60.2,0.0035,0.002
telemachus,arm.R.pitch,21.333,-12.9,-98.4,-183.3,60.2,0.0076,0.026
telemachus,arm.R.pitch,21.417,-25.3,-149.6,-183.3,60.2,0.0132,0.069
telemachus,arm.R.pitch,21.5,-38.5,-157.6,-183.3,60.2,0.0184,0.102
telemachus,arm.R.pitch,21.583,-48.8,-123.9,-183.3,60.2,0.0226,0.099
telemachus,arm.R.pitch,21.667,-54,-62.4,-183.3,60.2,0.0246,0.055
telemachus,arm.R.pitch,21.75,-53.4,6.8,-183.3,60.2,0.0245,0.007
telemachus,arm.R.pitch,21.833,-47,77.2,-183.3,60.2,0.0224,0.061
telemachus,arm.R.pitch,21.917,-33.4,163.6,-183.3,60.2,0.0173,0.099
telemachus,arm.R.pitch,22,-28.7,56.4,-183.3,60.2,0.0155,0.031
telemachus,arm.R.pitch,22.083,-28.6,0.1,-183.3,60.2,0.0148,0
telemachus,arm.R.pitch,30.583,-29.7,-13.2,-183.3,60.2,0.0148,0.007
telemachus,arm.R.pitch,30.667,-39.4,-115.5,-183.3,60.2,0.02,0.081
telemachus,arm.R.pitch,30.75,-52.3,-155.3,-183.3,60.2,0.0238,0.13
telemachus,arm.R.pitch,30.833,-51.2,12.8,-183.3,60.2,0.0251,0.012
telemachus,arm.R.pitch,30.917,-38.2,156.9,-183.3,60.2,0.02,0.11
telemachus,arm.R.pitch,31,-22.1,193.1,-183.3,60.2,0.0115,0.078
telemachus,arm.R.pitch,31.083,-11.4,128,-183.3,60.2,0.0066,0.03
telemachus,arm.R.pitch,31.167,-13.1,-20.1,-183.3,60.2,0.0085,0.006
telemachus,arm.R.pitch,31.25,-28.1,-179.6,-183.3,60.2,0.0158,0.1
telemachus,arm.R.pitch,31.333,-49.7,-259.7,-183.3,60.2,0.0235,0.214
telemachus,arm.R.pitch,31.417,-66.9,-206,-183.3,60.2,0.0277,0.201
telemachus,arm.R.pitch,31.5,-70.4,-42.9,-183.3,60.2,0.0298,0.046
telemachus,arm.R.pitch,31.583,-59.3,133.6,-183.3,60.2,0.0275,0.13
telemachus,arm.R.pitch,31.667,-41.6,212.9,-183.3,60.2,0.0205,0.153
telemachus,arm.R.pitch,31.75,-29.6,143.3,-183.3,60.2,0.0154,0.078
telemachus,arm.R.pitch,31.833,-32.3,-32.3,-183.3,60.2,0.0179,0.021
telemachus,arm.R.pitch,31.917,-49.3,-203.8,-183.3,60.2,0.0245,0.175
telemachus,arm.R.pitch,32,-71.5,-266.3,-183.3,60.2,0.0287,0.268
telemachus,arm.R.pitch,32.083,-87.1,-186.7,-183.3,60.2,0.0304,0.2
telemachus,arm.R.pitch,32.167,-88.6,-18.8,-183.3,60.2,0.0315,0.023
telemachus,arm.R.pitch,32.25,-77.2,137.5,-183.3,60.2,0.0307,0.149
telemachus,arm.R.pitch,32.333,-60.5,200,-183.3,60.2,0.0264,0.186
telemachus,arm.R.pitch,32.417,-48.1,148.1,-183.3,60.2,0.0226,0.118
telemachus,arm.R.pitch,32.5,-46.3,22.7,-183.3,60.2,0.0228,0.019
telemachus,arm.R.pitch,32.583,-55.6,-112.1,-183.3,60.2,0.026,0.103
telemachus,arm.R.pitch,32.667,-71.5,-191,-183.3,60.2,0.0289,0.194
telemachus,arm.R.pitch,32.75,-77.3,-69.1,-183.3,60.2,0.0302,0.075
telemachus,arm.R.pitch,32.833,-74.6,32,-183.3,60.2,0.0296,0.035
telemachus,arm.R.pitch,32.917,-74.5,1.5,-183.3,60.2,0.0287,0.003
telemachus,arm.R.pitch,33,-74.5,0,-183.3,60.2,0.0284,0.002
telemachus,arm.R.pitch,37.25,-82,-90.2,-183.3,60.2,0.0303,0.097
telemachus,arm.R.pitch,37.333,-87.4,-64.5,-183.3,60.2,0.0297,0.069
telemachus,arm.R.pitch,37.417,-90.6,-38.7,-183.3,60.2,0.0298,0.042
telemachus,arm.R.pitch,37.5,-91.7,-12.9,-183.3,60.2,0.0297,0.015
telemachus,arm.R.pitch,37.583,-91.7,0,-183.3,60.2,0.0296,0.002
telemachus,arm.R.pitch,38.083,-88.4,39,-183.3,60.2,0.0299,0.042
telemachus,arm.R.pitch,38.167,-80.7,92.9,-183.3,60.2,0.0297,0.098
telemachus,arm.R.pitch,38.25,-71.4,110.9,-183.3,60.2,0.0281,0.11
telemachus,arm.R.pitch,38.333,-63.7,92.9,-183.3,60.2,0.0266,0.088
telemachus,arm.R.pitch,38.417,-60.4,39,-183.3,60.2,0.0263,0.037
telemachus,arm.R.pitch,38.5,-60.4,0,-183.3,60.2,0.0261,0.001
telemachus,arm.R.pitch,38.667,-58,28.9,-183.3,60.2,0.0253,0.027
telemachus,arm.R.pitch,38.75,-57.2,9.6,-183.3,60.2,0.025,0.01
telemachus,arm.R.pitch,38.833,-69.8,-150.5,-183.3,60.2,0.0296,0.157
telemachus,arm.R.pitch,38.917,-78.7,-107.5,-183.3,60.2,0.0294,0.112
telemachus,arm.R.pitch,39,-84.1,-64.5,-183.3,60.2,0.0298,0.069
telemachus,arm.R.pitch,39.083,-85.9,-21.5,-183.3,60.2,0.0299,0.024
telemachus,arm.R.pitch,39.167,-85.2,7.8,-183.3,60.2,0.0297,0.01
telemachus,arm.R.pitch,39.25,-84.6,7.8,-183.3,60.2,0.0293,0.01
telemachus,arm.R.pitch,39.333,-83.9,7.8,-183.3,60.2,0.0293,0.01
telemachus,arm.R.pitch,39.417,-83.3,7.8,-183.3,60.2,0.0292,0.01
telemachus,arm.R.pitch,39.5,-82.6,7.8,-183.3,60.2,0.0292,0.01
telemachus,arm.R.pitch,39.583,-82,7.8,-183.3,60.2,0.0291,0.01
telemachus,arm.R.pitch,39.667,-81.3,7.8,-183.3,60.2,0.0291,0.01
telemachus,arm.R.pitch,39.75,-78.4,35.1,-183.3,60.2,0.0292,0.037
telemachus,arm.R.pitch,39.833,-72,77.2,-183.3,60.2,0.0285,0.079
telemachus,arm.R.pitch,39.917,-65.5,77.2,-183.3,60.2,0.0268,0.074
telemachus,arm.R.pitch,40,-62.6,35.1,-183.3,60.2,0.0267,0.034
telemachus,arm.R.pitch,40.083,-58.6,48.5,-183.3,60.2,0.0253,0.044
telemachus,arm.R.pitch,40.167,-57.2,16.2,-183.3,60.2,0.0252,0.015
telemachus,arm.R.pitch,40.25,-73.2,-191.1,-183.3,60.2,0.0308,0.207
telemachus,arm.R.pitch,40.333,-82.7,-114.6,-183.3,60.2,0.0302,0.122
telemachus,arm.R.pitch,40.417,-85.9,-38.2,-183.3,60.2,0.0303,0.042
telemachus,arm.R.pitch,40.5,-85.2,7.8,-183.3,60.2,0.0299,0.01
telemachus,arm.R.pitch,40.583,-84.6,7.8,-183.3,60.2,0.0293,0.01
telemachus,arm.R.pitch,40.667,-83.9,7.8,-183.3,60.2,0.0293,0.01
telemachus,arm.R.pitch,40.75,-83.3,7.8,-183.3,60.2,0.0292,0.01
telemachus,arm.R.pitch,40.833,-82.6,7.8,-183.3,60.2,0.0292,0.01
telemachus,arm.R.pitch,40.917,-82,7.8,-183.3,60.2,0.0291,0.01
telemachus,arm.R.pitch,41,-81.3,7.8,-183.3,60.2,0.0291,0.01
telemachus,arm.R.pitch,41.083,-79.8,18.6,-183.3,60.2,0.0291,0.021
telemachus,arm.R.pitch,41.167,-75.9,46.4,-183.3,60.2,0.0289,0.049
telemachus,arm.R.pitch,41.25,-70.9,60.4,-183.3,60.2,0.028,0.061
telemachus,arm.R.pitch,41.333,-65.9,60.4,-183.3,60.2,0.0269,0.058
telemachus,arm.R.pitch,41.417,-62,46.4,-183.3,60.2,0.0262,0.044
telemachus,arm.R.pitch,41.5,-60.4,18.6,-183.3,60.2,0.026,0.018
telemachus,arm.R.pitch,41.583,-60.4,0,-183.3,60.2,0.0258,0.001
telemachus,arm.R.pitch,44.417,-60.4,0,-183.3,60.2,0.0256,0.001
telemachus,arm.R.out,0,0,0,-11.5,31.5,0,0
telemachus,arm.R.out,37.25,8.1,97.8,-11.5,31.5,0.0054,0.018
telemachus,arm.R.out,37.333,14,69.8,-11.5,31.5,0.0075,0.018
telemachus,arm.R.out,37.417,17.5,41.9,-11.5,31.5,0.0092,0.014
telemachus,arm.R.out,37.5,18.6,14,-11.5,31.5,0.0097,0.005
telemachus,arm.R.out,37.583,18.6,0,-11.5,31.5,0.0096,0
telemachus,arm.R.out,38.667,21.6,35.4,-11.5,31.5,0.0113,0.014
telemachus,arm.R.out,38.75,24,28.9,-11.5,31.5,0.012,0.012
telemachus,arm.R.out,38.833,25.9,22.5,-11.5,31.5,0.0129,0.01
telemachus,arm.R.out,38.917,27.2,16.1,-11.5,31.5,0.0135,0.008
telemachus,arm.R.out,39,28,9.6,-11.5,31.5,0.0139,0.005
telemachus,arm.R.out,39.083,28.3,3.2,-11.5,31.5,0.014,0.002
telemachus,arm.R.out,39.167,28,-3.7,-11.5,31.5,0.0139,0.002
telemachus,arm.R.out,39.25,27.7,-3.7,-11.5,31.5,0.0137,0.002
telemachus,arm.R.out,39.333,27.3,-3.7,-11.5,31.5,0.0135,0.002
telemachus,arm.R.out,39.417,27,-3.7,-11.5,31.5,0.0134,0.002
telemachus,arm.R.out,39.5,26.7,-3.7,-11.5,31.5,0.0132,0.002
telemachus,arm.R.out,39.583,26.4,-3.7,-11.5,31.5,0.0131,0.002
telemachus,arm.R.out,39.667,26.1,-3.7,-11.5,31.5,0.013,0.002
telemachus,arm.R.out,39.75,25.1,-12.6,-11.5,31.5,0.0126,0.006
telemachus,arm.R.out,39.833,22.8,-27.7,-11.5,31.5,0.0116,0.011
telemachus,arm.R.out,39.917,20.5,-27.7,-11.5,31.5,0.0103,0.01
telemachus,arm.R.out,40,19.4,-12.6,-11.5,31.5,0.01,0.005
telemachus,arm.R.out,40.083,22.6,38.3,-11.5,31.5,0.0119,0.016
telemachus,arm.R.out,40.167,25.1,29.8,-11.5,31.5,0.0126,0.013
telemachus,arm.R.out,40.25,26.8,21.3,-11.5,31.5,0.0134,0.01
telemachus,arm.R.out,40.333,27.9,12.8,-11.5,31.5,0.0139,0.007
telemachus,arm.R.out,40.417,28.3,4.3,-11.5,31.5,0.014,0.002
telemachus,arm.R.out,40.5,28,-3.7,-11.5,31.5,0.0139,0.002
telemachus,arm.R.out,40.583,27.7,-3.7,-11.5,31.5,0.0137,0.002
telemachus,arm.R.out,40.667,27.3,-3.7,-11.5,31.5,0.0135,0.002
telemachus,arm.R.out,40.75,27,-3.7,-11.5,31.5,0.0134,0.002
telemachus,arm.R.out,40.833,26.7,-3.7,-11.5,31.5,0.0132,0.002
telemachus,arm.R.out,40.917,26.4,-3.7,-11.5,31.5,0.0131,0.002
telemachus,arm.R.out,41,26.1,-3.7,-11.5,31.5,0.013,0.002
telemachus,arm.R.out,41.083,25.6,-6.7,-11.5,31.5,0.0127,0.003
telemachus,arm.R.out,41.167,24.2,-16.7,-11.5,31.5,0.0122,0.007
telemachus,arm.R.out,41.25,22.4,-21.7,-11.5,31.5,0.0113,0.009
telemachus,arm.R.out,41.333,20.6,-21.7,-11.5,31.5,0.0103,0.008
telemachus,arm.R.out,41.417,19.2,-16.7,-11.5,31.5,0.0097,0.006
telemachus,arm.R.out,41.5,18.6,-6.7,-11.5,31.5,0.0095,0.002
telemachus,arm.R.out,41.583,18.6,0,-11.5,31.5,0.0095,0
telemachus,arm.R.out,44.417,18.6,0,-11.5,31.5,0.0094,0
telemachus,arm.L.pitch,0,0,0,-183.3,60.2,0,0
telemachus,arm.L.pitch,19.667,2.6,30.9,-183.3,60.2,0.0017,0.002
telemachus,arm.L.pitch,19.75,8.3,68.1,-183.3,60.2,0.0047,0.011
telemachus,arm.L.pitch,19.833,13.9,68.1,-183.3,60.2,0.0071,0.017
telemachus,arm.L.pitch,19.917,16.5,31.2,-183.3,60.2,0.0088,0.01
telemachus,arm.L.pitch,20,17.6,13.2,-183.3,60.2,0.0091,0.004
telemachus,arm.L.pitch,20.083,19.8,25.7,-183.3,60.2,0.0101,0.009
telemachus,arm.L.pitch,20.167,22.5,32.9,-183.3,60.2,0.0114,0.013
telemachus,arm.L.pitch,20.25,25.4,35,-183.3,60.2,0.0127,0.016
telemachus,arm.L.pitch,20.333,28.1,31.8,-183.3,60.2,0.0139,0.016
telemachus,arm.L.pitch,20.417,29.3,14.2,-183.3,60.2,0.0146,0.008
telemachus,arm.L.pitch,20.5,38.5,110.8,-183.3,60.2,0.0195,0.076
telemachus,arm.L.pitch,20.583,50.6,145.2,-183.3,60.2,0.0232,0.119
telemachus,arm.L.pitch,20.667,54.3,44.5,-183.3,60.2,0.0252,0.04
telemachus,arm.L.pitch,20.75,52.6,-20.2,-183.3,60.2,0.0242,0.018
telemachus,arm.L.pitch,20.833,45.2,-88.9,-183.3,60.2,0.0218,0.068
telemachus,arm.L.pitch,20.917,33.4,-141.6,-183.3,60.2,0.0169,0.084
telemachus,arm.L.pitch,21,20.1,-159.9,-183.3,60.2,0.0103,0.058
telemachus,arm.L.pitch,21.083,8.9,-134,-183.3,60.2,0.0049,0.023
telemachus,arm.L.pitch,21.167,3.2,-68.7,-183.3,60.2,0.0025,0.006
telemachus,arm.L.pitch,21.25,4.7,17.6,-183.3,60.2,0.0035,0.002
telemachus,arm.L.pitch,21.333,12.9,98.4,-183.3,60.2,0.0076,0.026
telemachus,arm.L.pitch,21.417,25.3,149.6,-183.3,60.2,0.0132,0.069
telemachus,arm.L.pitch,21.5,38.5,157.6,-183.3,60.2,0.0184,0.102
telemachus,arm.L.pitch,21.583,48.8,123.9,-183.3,60.2,0.0226,0.099
telemachus,arm.L.pitch,21.667,54,62.4,-183.3,60.2,0.0246,0.055
telemachus,arm.L.pitch,21.75,53.4,-6.8,-183.3,60.2,0.0245,0.007
telemachus,arm.L.pitch,21.833,47,-77.2,-183.3,60.2,0.0224,0.061
telemachus,arm.L.pitch,21.917,33.4,-163.6,-183.3,60.2,0.0173,0.099
telemachus,arm.L.pitch,22,28.7,-56.4,-183.3,60.2,0.0155,0.031
telemachus,arm.L.pitch,22.083,28.6,-0.1,-183.3,60.2,0.0148,0
telemachus,arm.L.pitch,30.583,29.6,11.3,-183.3,60.2,0.0147,0.006
telemachus,arm.L.pitch,30.667,38.5,106.3,-183.3,60.2,0.0195,0.073
telemachus,arm.L.pitch,30.75,50.1,139.2,-183.3,60.2,0.023,0.113
telemachus,arm.L.pitch,30.833,47.1,-35.4,-183.3,60.2,0.0238,0.03
telemachus,arm.L.pitch,30.917,31.7,-185.3,-183.3,60.2,0.0173,0.113
telemachus,arm.L.pitch,31,12.8,-226.8,-183.3,60.2,0.007,0.056
telemachus,arm.L.pitch,31.083,-1.1,-166.4,-183.3,60.2,0.0013,0.008
telemachus,arm.L.pitch,31.167,-3,-22.4,-183.3,60.2,0.0033,0.003
telemachus,arm.L.pitch,31.25,8.1,133.5,-183.3,60.2,0.0061,0.029
telemachus,arm.L.pitch,31.333,25.7,210.6,-183.3,60.2,0.0137,0.101
telemachus,arm.L.pitch,31.417,38.6,154.5,-183.3,60.2,0.0191,0.103
telemachus,arm.L.pitch,31.5,37.7,-10.5,-183.3,60.2,0.0201,0.008
telemachus,arm.L.pitch,31.583,22,-188.2,-183.3,60.2,0.0133,0.087
telemachus,arm.L.pitch,31.667,-0.4,-268.3,-183.3,60.2,0.0012,0.011
telemachus,arm.L.pitch,31.75,-16.9,-198.8,-183.3,60.2,0.0094,0.066
telemachus,arm.L.pitch,31.833,-18.8,-22.7,-183.3,60.2,0.0117,0.01
telemachus,arm.L.pitch,31.917,-6.3,149.8,-183.3,60.2,0.0054,0.028
telemachus,arm.L.pitch,32,11.5,213.9,-183.3,60.2,0.0067,0.05
telemachus,arm.L.pitch,32.083,22.9,136.4,-183.3,60.2,0.0124,0.059
telemachus,arm.L.pitch,32.167,20.5,-28.8,-183.3,60.2,0.0124,0.013
telemachus,arm.L.pitch,32.25,5.3,-181.7,-183.3,60.2,0.0047,0.03
telemachus,arm.L.pitch,32.333,-14.7,-240.4,-183.3,60.2,0.0082,0.069
telemachus,arm.L.pitch,32.417,-30.1,-184.1,-183.3,60.2,0.0154,0.1
telemachus,arm.L.pitch,32.5,-34.5,-53.6,-183.3,60.2,0.0183,0.035
telemachus,arm.L.pitch,32.583,-27.3,86.8,-183.3,60.2,0.0153,0.047
telemachus,arm.L.pitch,32.667,-13,171.9,-183.3,60.2,0.0077,0.046
telemachus,arm.L.pitch,32.75,-8.2,56.7,-183.3,60.2,0.0057,0.011
telemachus,arm.L.pitch,32.833,-11.3,-37,-183.3,60.2,0.007,0.009
telemachus,arm.L.pitch,32.917,-11.5,-1.6,-183.3,60.2,0.0063,0
telemachus,arm.L.pitch,33,-11.5,0,-183.3,60.2,0.0059,0
telemachus,arm.L.pitch,42.833,-9,29.8,-183.3,60.2,0.005,0.005
telemachus,arm.L.pitch,42.917,0.1,109.1,-183.3,60.2,0.0011,0.004
telemachus,arm.L.pitch,43,4.1,47.4,-183.3,60.2,0.0029,0.005
telemachus,arm.L.pitch,43.083,-6,-121.2,-183.3,60.2,0.0052,0.022
telemachus,arm.L.pitch,43.167,-20,-168.2,-183.3,60.2,0.0107,0.063
telemachus,arm.L.pitch,43.25,-29.8,-117.5,-183.3,60.2,0.0153,0.063
telemachus,arm.L.pitch,43.333,-30.6,-8.9,-183.3,60.2,0.0163,0.006
telemachus,arm.L.pitch,43.417,-21.7,106.5,-183.3,60.2,0.0123,0.046
telemachus,arm.L.pitch,43.5,-9.1,151.3,-183.3,60.2,0.0052,0.028
telemachus,arm.L.pitch,43.583,-6.8,27.1,-183.3,60.2,0.0051,0.005
telemachus,arm.L.pitch,43.667,-11.1,-50.7,-183.3,60.2,0.0066,0.012
telemachus,arm.L.pitch,43.75,-11.2,-1.2,-183.3,60.2,0.0063,0
telemachus,arm.L.pitch,43.833,-11.4,-2.3,-183.3,60.2,0.0058,0.001
telemachus,arm.L.pitch,43.917,-11.5,-1.2,-183.3,60.2,0.0059,0
telemachus,arm.L.pitch,44,-11.5,0,-183.3,60.2,0.0059,0
telemachus,arm.L.pitch,44.417,-11.5,0,-183.3,60.2,0.0058,0
telemachus,arm.L.out,0,0,0,-11.5,31.5,0,0
telemachus,arm.L.out,44.417,0,0,-11.5,31.5,0,0
telemachus,hand.R.roll,0,0,0,-74.5,74.5,0,0
telemachus,hand.R.roll,38.667,0.6,6.9,-74.5,74.5,0,0
telemachus,hand.R.roll,38.75,2.1,18.2,-74.5,74.5,0,0
telemachus,hand.R.roll,38.833,4.2,25.7,-74.5,74.5,0,0
telemachus,hand.R.roll,38.917,6.7,29.5,-74.5,74.5,0,0
telemachus,hand.R.roll,39,9.2,29.5,-74.5,74.5,0,0
telemachus,hand.R.roll,39.083,11.3,25.7,-74.5,74.5,0,0
telemachus,hand.R.roll,39.167,12.8,18.2,-74.5,74.5,0,0
telemachus,hand.R.roll,39.25,13.4,6.9,-74.5,74.5,0,0
telemachus,hand.R.roll,39.333,12.9,-5.4,-74.5,74.5,0,0
telemachus,hand.R.roll,39.417,11.8,-14.4,-74.5,74.5,0,0
telemachus,hand.R.roll,39.5,10,-20.8,-74.5,74.5,0,0
telemachus,hand.R.roll,39.583,8,-24.7,-74.5,74.5,0,0
telemachus,hand.R.roll,39.667,5.8,-25.9,-74.5,74.5,0,0
telemachus,hand.R.roll,39.75,3.7,-24.7,-74.5,74.5,0,0
telemachus,hand.R.roll,39.833,2,-20.8,-74.5,74.5,0,0
telemachus,hand.R.roll,39.917,0.8,-14.4,-74.5,74.5,0,0
telemachus,hand.R.roll,40,0.4,-5.4,-74.5,74.5,0,0
telemachus,hand.R.roll,40.083,1.1,8.7,-74.5,74.5,0,0
telemachus,hand.R.roll,40.167,3,22.3,-74.5,74.5,0,0
telemachus,hand.R.roll,40.25,5.5,30.5,-74.5,74.5,0,0
telemachus,hand.R.roll,40.333,8.3,33.3,-74.5,74.5,0,0
telemachus,hand.R.roll,40.417,10.8,30.5,-74.5,74.5,0,0
telemachus,hand.R.roll,40.5,12.7,22.3,-74.5,74.5,0,0
telemachus,hand.R.roll,40.583,13.4,8.7,-74.5,74.5,0,0
telemachus,hand.R.roll,40.667,13.1,-3.7,-74.5,74.5,0,0
telemachus,hand.R.roll,40.75,12.2,-10.3,-74.5,74.5,0,0
telemachus,hand.R.roll,40.833,11,-15.3,-74.5,74.5,0,0
telemachus,hand.R.roll,40.917,9.4,-19,-74.5,74.5,0,0
telemachus,hand.R.roll,41,7.6,-21.1,-74.5,74.5,0,0
telemachus,hand.R.roll,41.083,5.8,-21.9,-74.5,74.5,0,0
telemachus,hand.R.roll,41.167,4,-21.1,-74.5,74.5,0,0
telemachus,hand.R.roll,41.25,2.4,-19,-74.5,74.5,0,0
telemachus,hand.R.roll,41.333,1.2,-15.3,-74.5,74.5,0,0
telemachus,hand.R.roll,41.417,0.3,-10.3,-74.5,74.5,0,0
telemachus,hand.R.roll,41.5,0,-3.7,-74.5,74.5,0,0
telemachus,hand.R.roll,41.583,0,0,-74.5,74.5,0,0
telemachus,hand.R.roll,44.417,0,0,-74.5,74.5,0,0
telemachus,hand.L.roll,0,0,0,-74.5,74.5,0,0
telemachus,hand.L.roll,44.417,0,0,-74.5,74.5,0,0
telemachus,leg.R.pitch,0,-90,0,-91.7,54.4,0.0687,0.009
telemachus,leg.R.pitch,19.917,-89.9,0.9,-91.7,54.4,0.0687,0.012
telemachus,leg.R.pitch,20,-78.2,140.2,-91.7,54.4,0.072,0.363
telemachus,leg.R.pitch,20.083,-52.4,309.8,-91.7,54.4,0.0602,0.659
telemachus,leg.R.pitch,20.167,-20.8,379.2,-91.7,54.4,0.0268,0.356
telemachus,leg.R.pitch,20.25,8.2,348.3,-91.7,54.4,0.0108,0.132
telemachus,leg.R.pitch,20.333,26.3,217.2,-91.7,54.4,0.0349,0.267
telemachus,leg.R.pitch,20.417,29.5,38.5,-91.7,54.4,0.0399,0.057
telemachus,leg.R.pitch,20.5,42.2,152.6,-91.7,54.4,0.05,0.272
telemachus,leg.R.pitch,20.583,58.9,200.1,-91.7,54.4,0.0604,0.429
telemachus,leg.R.pitch,20.667,64,61.3,-91.7,54.4,0.0665,0.151
telemachus,leg.R.pitch,20.75,61.7,-27.8,-91.7,54.4,0.0635,0.07
telemachus,leg.R.pitch,20.833,51.5,-122.4,-91.7,54.4,0.057,0.25
telemachus,leg.R.pitch,20.917,35.2,-195.1,-91.7,54.4,0.0421,0.29
telemachus,leg.R.pitch,21,16.9,-220.3,-91.7,54.4,0.0208,0.161
telemachus,leg.R.pitch,21.083,1.5,-184.6,-91.7,54.4,0.003,0.019
telemachus,leg.R.pitch,21.167,-6.4,-94.6,-91.7,54.4,0.0107,0.036
telemachus,leg.R.pitch,21.25,-4.4,24.2,-91.7,54.4,0.0093,0.008
telemachus,leg.R.pitch,21.333,6.9,135.6,-91.7,54.4,0.0121,0.057
telemachus,leg.R.pitch,21.417,24.1,206.1,-91.7,54.4,0.0304,0.221
telemachus,leg.R.pitch,21.5,42.2,217.1,-91.7,54.4,0.0465,0.357
telemachus,leg.R.pitch,21.583,56.4,170.6,-91.7,54.4,0.0588,0.357
telemachus,leg.R.pitch,21.667,63.6,85.9,-91.7,54.4,0.0644,0.201
telemachus,leg.R.pitch,21.75,62.8,-9.3,-91.7,54.4,0.0643,0.029
telemachus,leg.R.pitch,21.833,53.9,-106.3,-91.7,54.4,0.0588,0.225
telemachus,leg.R.pitch,21.917,35.1,-225.4,-91.7,54.4,0.0436,0.347
telemachus,leg.R.pitch,22,28.7,-77.7,-91.7,54.4,0.038,0.106
telemachus,leg.R.pitch,22.083,28.6,-0.2,-91.7,54.4,0.0356,0.003
telemachus,leg.R.pitch,30.583,30,16.2,-91.7,54.4,0.0349,0.022
telemachus,leg.R.pitch,30.667,42.4,149.3,-91.7,54.4,0.0509,0.27
telemachus,leg.R.pitch,30.75,58.8,196.8,-91.7,54.4,0.0604,0.422
telemachus,leg.R.pitch,30.833,55.4,-41.8,-91.7,54.4,0.0647,0.103
telemachus,leg.R.pitch,30.917,34.8,-246.5,-91.7,54.4,0.0462,0.402
telemachus,leg.R.pitch,31,9.6,-302,-91.7,54.4,0.0134,0.142
telemachus,leg.R.pitch,31.083,-8.5,-217.4,-91.7,54.4,0.013,0.099
telemachus,leg.R.pitch,31.167,-10,-17.8,-91.7,54.4,0.0187,0.012
telemachus,leg.R.pitch,31.25,6.6,198.2,-91.7,54.4,0.0152,0.106
telemachus,leg.R.pitch,31.333,32,305.3,-91.7,54.4,0.0401,0.43
telemachus,leg.R.pitch,31.417,51.1,228.8,-91.7,54.4,0.056,0.454
telemachus,leg.R.pitch,31.5,51.2,2.1,-91.7,54.4,0.0613,0.012
telemachus,leg.R.pitch,31.583,31,-242.4,-91.7,54.4,0.0438,0.374
telemachus,leg.R.pitch,31.667,1.7,-352.5,-91.7,54.4,0.0058,0.071
telemachus,leg.R.pitch,31.75,-19.7,-256.7,-91.7,54.4,0.0265,0.238
telemachus,leg.R.pitch,31.833,-20.9,-14.2,-91.7,54.4,0.0328,0.018
telemachus,leg.R.pitch,31.917,-2.3,223.1,-91.7,54.4,0.0109,0.085
telemachus,leg.R.pitch,32,23.6,310.9,-91.7,54.4,0.0305,0.333
telemachus,leg.R.pitch,32.083,40.6,203.5,-91.7,54.4,0.0483,0.348
telemachus,leg.R.pitch,32.167,38.5,-24.9,-91.7,54.4,0.0505,0.049
telemachus,leg.R.pitch,32.25,18.8,-236.7,-91.7,54.4,0.0293,0.244
telemachus,leg.R.pitch,32.333,-7.8,-318.8,-91.7,54.4,0.0121,0.135
telemachus,leg.R.pitch,32.417,-28,-242.5,-91.7,54.4,0.0349,0.298
telemachus,leg.R.pitch,32.5,-33.4,-64.3,-91.7,54.4,0.0439,0.102
telemachus,leg.R.pitch,32.583,-22.8,127.4,-91.7,54.4,0.0331,0.15
telemachus,leg.R.pitch,32.667,-2.5,242.8,-91.7,54.4,0.007,0.059
telemachus,leg.R.pitch,32.75,4.3,82,-91.7,54.4,0.0107,0.031
telemachus,leg.R.pitch,32.833,0.2,-49.5,-91.7,54.4,0.0047,0.008
telemachus,leg.R.pitch,32.917,0,-2.2,-91.7,54.4,0.0016,0
telemachus,leg.R.pitch,33,5,60.2,-91.7,54.4,0.0081,0.017
telemachus,leg.R.pitch,33.083,20.1,180.5,-91.7,54.4,0.0277,0.176
telemachus,leg.R.pitch,33.167,15.6,-53.5,-91.7,54.4,0.0265,0.051
telemachus,leg.R.pitch,33.25,7.3,-99.3,-91.7,54.4,0.0103,0.036
telemachus,leg.R.pitch,33.333,2.9,-53.5,-91.7,54.4,0.005,0.009
telemachus,leg.R.pitch,33.417,0,-34.4,-91.7,54.4,0.0007,0.001
telemachus,leg.R.pitch,33.5,0,0,-91.7,54.4,0.0012,0
telemachus,leg.R.pitch,37.25,-8.6,-103.1,-91.7,54.4,0.0138,0.05
telemachus,leg.R.pitch,37.333,-17.2,-103.1,-91.7,54.4,0.0203,0.074
telemachus,leg.R.pitch,37.417,-4.3,154.7,-91.7,54.4,0.014,0.076
telemachus,leg.R.pitch,37.5,0,51.6,-91.7,54.4,0.0035,0.006
telemachus,leg.R.pitch,37.583,0,0,-91.7,54.4,0.0018,0
telemachus,leg.R.pitch,42.833,3.9,46.9,-91.7,54.4,0.0063,0.01
telemachus,leg.R.pitch,42.917,18.2,171.5,-91.7,54.4,0.0257,0.155
telemachus,leg.R.pitch,43,24.4,74.6,-91.7,54.4,0.0317,0.085
telemachus,leg.R.pitch,43.083,8.5,-190.5,-91.7,54.4,0.0193,0.129
telemachus,leg.R.pitch,43.167,-13.5,-264.4,-91.7,54.4,0.0185,0.172
telemachus,leg.R.pitch,43.25,-28.9,-184.7,-91.7,54.4,0.0359,0.234
telemachus,leg.R.pitch,43.333,-30.1,-14,-91.7,54.4,0.0402,0.023
telemachus,leg.R.pitch,43.417,-16.1,167.3,-91.7,54.4,0.0253,0.149
telemachus,leg.R.pitch,43.5,3.7,237.9,-91.7,54.4,0.0069,0.057
telemachus,leg.R.pitch,43.583,7.3,42.6,-91.7,54.4,0.0154,0.023
telemachus,leg.R.pitch,43.667,0.6,-79.6,-91.7,54.4,0.0049,0.014
telemachus,leg.R.pitch,43.75,0.5,-1.9,-91.7,54.4,0.0032,0
telemachus,leg.R.pitch,43.833,0.2,-3.6,-91.7,54.4,0.0003,0
telemachus,leg.R.pitch,43.917,0,-1.9,-91.7,54.4,0.0001,0
telemachus,leg.R.pitch,44,0,0,-91.7,54.4,0.0001,0
telemachus,leg.R.pitch,44.417,0,0,-91.7,54.4,0,0
telemachus,leg.L.pitch,0,-90,0,-91.7,54.4,0.0687,0.009
telemachus,leg.L.pitch,20,-83.9,72.5,-91.7,54.4,0.0707,0.189
telemachus,leg.L.pitch,20.083,-70.6,160.2,-91.7,54.4,0.0678,0.388
telemachus,leg.L.pitch,20.167,-54.2,196.1,-91.7,54.4,0.0569,0.396
telemachus,leg.L.pitch,20.25,-39.2,180.1,-91.7,54.4,0.044,0.28
telemachus,leg.L.pitch,20.333,-29.9,112.3,-91.7,54.4,0.0365,0.146
telemachus,leg.L.pitch,20.417,-29.5,4.4,-91.7,54.4,0.0375,0.009
telemachus,leg.L.pitch,20.5,-42.2,-152.6,-91.7,54.4,0.0515,0.28
telemachus,leg.L.pitch,20.583,-58.9,-200.1,-91.7,54.4,0.0604,0.429
telemachus,leg.L.pitch,20.667,-64,-61.3,-91.7,54.4,0.0665,0.151
telemachus,leg.L.pitch,20.75,-61.7,27.8,-91.7,54.4,0.0635,0.07
telemachus,leg.L.pitch,20.833,-51.5,122.4,-91.7,54.4,0.057,0.25
telemachus,leg.L.pitch,20.917,-35.2,195.1,-91.7,54.4,0.0421,0.29
telemachus,leg.L.pitch,21,-16.9,220.3,-91.7,54.4,0.0208,0.161
telemachus,leg.L.pitch,21.083,-1.5,184.6,-91.7,54.4,0.003,0.019
telemachus,leg.L.pitch,21.167,6.4,94.6,-91.7,54.4,0.0107,0.036
telemachus,leg.L.pitch,21.25,4.4,-24.2,-91.7,54.4,0.0093,0.008
telemachus,leg.L.pitch,21.333,-6.9,-135.6,-91.7,54.4,0.0121,0.057
telemachus,leg.L.pitch,21.417,-24.1,-206.1,-91.7,54.4,0.0304,0.221
telemachus,leg.L.pitch,21.5,-42.2,-217.1,-91.7,54.4,0.0465,0.357
telemachus,leg.L.pitch,21.583,-56.4,-170.6,-91.7,54.4,0.0588,0.357
telemachus,leg.L.pitch,21.667,-63.6,-85.9,-91.7,54.4,0.0644,0.201
telemachus,leg.L.pitch,21.75,-62.8,9.3,-91.7,54.4,0.0643,0.029
telemachus,leg.L.pitch,21.833,-53.9,106.3,-91.7,54.4,0.0588,0.225
telemachus,leg.L.pitch,21.917,-35.1,225.4,-91.7,54.4,0.0436,0.347
telemachus,leg.L.pitch,22,-28.7,77.7,-91.7,54.4,0.038,0.106
telemachus,leg.L.pitch,22.083,-28.6,0.2,-91.7,54.4,0.0356,0.003
telemachus,leg.L.pitch,30.583,-30,-16.2,-91.7,54.4,0.0349,0.022
telemachus,leg.L.pitch,30.667,-42.4,-149.3,-91.7,54.4,0.0509,0.27
telemachus,leg.L.pitch,30.75,-58.8,-196.8,-91.7,54.4,0.0604,0.422
telemachus,leg.L.pitch,30.833,-55.4,41.8,-91.7,54.4,0.0647,0.103
telemachus,leg.L.pitch,30.917,-34.8,246.5,-91.7,54.4,0.0462,0.402
telemachus,leg.L.pitch,31,-9.6,302,-91.7,54.4,0.0134,0.142
telemachus,leg.L.pitch,31.083,8.5,217.4,-91.7,54.4,0.013,0.099
telemachus,leg.L.pitch,31.167,10,17.8,-91.7,54.4,0.0187,0.012
telemachus,leg.L.pitch,31.25,-6.6,-198.2,-91.7,54.4,0.0152,0.106
telemachus,leg.L.pitch,31.333,-32,-305.3,-91.7,54.4,0.0401,0.43
telemachus,leg.L.pitch,31.417,-51.1,-228.8,-91.7,54.4,0.056,0.454
telemachus,leg.L.pitch,31.5,-51.2,-2.1,-91.7,54.4,0.0613,0.012
telemachus,leg.L.pitch,31.583,-31,242.4,-91.7,54.4,0.0438,0.374
telemachus,leg.L.pitch,31.667,-1.7,352.5,-91.7,54.4,0.0058,0.071
telemachus,leg.L.pitch,31.75,19.7,256.7,-91.7,54.4,0.0265,0.238
telemachus,leg.L.pitch,31.833,20.9,14.2,-91.7,54.4,0.0328,0.018
telemachus,leg.L.pitch,31.917,2.3,-223.1,-91.7,54.4,0.0109,0.085
telemachus,leg.L.pitch,32,-23.6,-310.9,-91.7,54.4,0.0305,0.333
telemachus,leg.L.pitch,32.083,-40.6,-203.5,-91.7,54.4,0.0483,0.348
telemachus,leg.L.pitch,32.167,-38.5,24.9,-91.7,54.4,0.0505,0.049
telemachus,leg.L.pitch,32.25,-18.8,236.7,-91.7,54.4,0.0293,0.244
telemachus,leg.L.pitch,32.333,7.8,318.8,-91.7,54.4,0.0121,0.135
telemachus,leg.L.pitch,32.417,28,242.5,-91.7,54.4,0.0349,0.298
telemachus,leg.L.pitch,32.5,33.4,64.3,-91.7,54.4,0.0439,0.102
telemachus,leg.L.pitch,32.583,22.8,-127.4,-91.7,54.4,0.0331,0.15
telemachus,leg.L.pitch,32.667,2.5,-242.8,-91.7,54.4,0.007,0.059
telemachus,leg.L.pitch,32.75,-4.3,-82,-91.7,54.4,0.0107,0.031
telemachus,leg.L.pitch,32.833,-0.2,49.5,-91.7,54.4,0.0047,0.008
telemachus,leg.L.pitch,32.917,0,2.2,-91.7,54.4,0.0016,0
telemachus,leg.L.pitch,33,-2.9,-34.4,-91.7,54.4,0.0047,0.006
telemachus,leg.L.pitch,33.083,-11.5,-103.1,-91.7,54.4,0.016,0.058
telemachus,leg.L.pitch,33.167,-5.5,71.3,-91.7,54.4,0.0126,0.032
telemachus,leg.L.pitch,33.25,5.5,132.4,-91.7,54.4,0.0087,0.04
telemachus,leg.L.pitch,33.333,11.5,71.3,-91.7,54.4,0.0157,0.04
telemachus,leg.L.pitch,33.417,0,-137.5,-91.7,54.4,0.0071,0.034
telemachus,leg.L.pitch,33.5,0,0,-91.7,54.4,0.0047,0
telemachus,leg.L.pitch,37.25,4.3,51.6,-91.7,54.4,0.0069,0.013
telemachus,leg.L.pitch,37.333,8.6,51.6,-91.7,54.4,0.0103,0.019
telemachus,leg.L.pitch,37.417,2.1,-77.3,-91.7,54.4,0.007,0.019
telemachus,leg.L.pitch,37.5,0,-25.8,-91.7,54.4,0.0018,0.002
telemachus,leg.L.pitch,37.583,0,0,-91.7,54.4,0.0009,0
telemachus,leg.L.pitch,42.833,-3.9,-46.9,-91.7,54.4,0.0063,0.01
telemachus,leg.L.pitch,42.917,-18.2,-171.5,-91.7,54.4,0.0257,0.155
telemachus,leg.L.pitch,43,-24.4,-74.6,-91.7,54.4,0.0317,0.085
telemachus,leg.L.pitch,43.083,-8.5,190.5,-91.7,54.4,0.0193,0.129
telemachus,leg.L.pitch,43.167,13.5,264.4,-91.7,54.4,0.0185,0.172
telemachus,leg.L.pitch,43.25,28.9,184.7,-91.7,54.4,0.0359,0.234
telemachus,leg.L.pitch,43.333,30.1,14,-91.7,54.4,0.0402,0.023
telemachus,leg.L.pitch,43.417,16.1,-167.3,-91.7,54.4,0.0253,0.149
telemachus,leg.L.pitch,43.5,-3.7,-237.9,-91.7,54.4,0.0069,0.057
telemachus,leg.L.pitch,43.583,-7.3,-42.6,-91.7,54.4,0.0154,0.023
telemachus,leg.L.pitch,43.667,-0.6,79.6,-91.7,54.4,0.0049,0.014
telemachus,leg.L.pitch,43.75,-0.5,1.9,-91.7,54.4,0.0032,0
telemachus,leg.L.pitch,43.833,-0.2,3.6,-91.7,54.4,0.0003,0
telemachus,leg.L.pitch,43.917,0,1.9,-91.7,54.4,0.0001,0
telemachus,leg.L.pitch,44,0,0,-91.7,54.4,0.0001,0
telemachus,leg.L.pitch,44.417,0,0,-91.7,54.4,0,0
