# stop-motion pose sheet for OD-B09-S09 (tools/perform/hardware.js): each drawing on twos (frames at 24), the principals; angles in degrees as set on the toy; x, z in studs, y and hips in plates
# state: A action, R reaction, H alive hold, h authored hold, D dead; holds_R/L: what the hand holds (ownership at that drawing); why: the score's causal chain
drawing,frames,t,actor,state,x_studs,y_plates,z_studs,heading,pitch,roll,hips_plates,torso.lean,torso.twist,torso.roll,head.yaw,head.pitch,arm.R.pitch,arm.R.out,arm.L.pitch,arm.L.out,hand.R.roll,hand.L.roll,leg.R.pitch,leg.L.pitch,holds_R,holds_L,contacts,why
0,1-2,0,odysseus,H,6.5,2,-6,-90,0,0,0,0,0,0,0,0,-22.9,0,-11.5,0,0,0,0,0,,,,BREATH
1,3-4,0.083,odysseus,H,6.5,2,-6,-90,0,0,0,0,0,0,0,0,-22.9,0,-11.5,0,0,0,0,0,,,,BREATH
2,5-6,0.167,odysseus,H,6.5,2,-6,-90,0,0,0,0,0,0,0,0,-22.9,0,-11.5,0,0,0,0,0,,,,BREATH
3,7-8,0.25,odysseus,H,6.5,2,-6,-90,0,0,0,0,0,0,0,0,-22.9,0,-11.5,0,0,0,0,0,,,,BREATH
4,9-10,0.333,odysseus,H,6.5,2,-6,-90,0,0,0,-0.1,0,0,0,0,-22.9,0,-11.5,0,0,0,0,0,,,,BREATH
5,11-12,0.417,odysseus,H,6.5,2,-6,-90,0,0,0,-0.1,0,0,0,-0.1,-22.9,0,-11.5,0,0,0,0,0,,,,BREATH
6,13-14,0.5,odysseus,H,6.5,2,-6,-90,0,0,0,-0.1,0,0,0,-0.1,-22.9,0,-11.5,0,0,0,0,0,,,,BREATH
7,15-16,0.583,odysseus,H,6.5,2,-6,-90,0,0,0,-0.2,0,0,0,-0.1,-22.9,0,-11.5,0,0,0,0,0,,,,BREATH
8,17-18,0.667,odysseus,h,6.5,2,-6,-90,0,0,0,-0.2,0,0,0,-0.2,-22.9,0,-11.5,0,0,0,0,0,,,,HOLD / VOICE / UTTERANCE
9,19-20,0.75,odysseus,h,6.5,2,-6,-90,0,0,0,-0.3,0,0,0,-0.2,-22.9,0,-11.5,0,0,0,0,0,,,,HOLD / VOICE / UTTERANCE
10,21-22,0.833,odysseus,h,6.5,2,-6,-90,0,0,0,-0.3,0,0,0,-0.3,-22.9,0,-11.5,0,0,0,0,0,,,,LOOK / HOLD / VOICE
11,23-24,0.917,odysseus,R,6.5,2,-6,-90,0,0,0,-0.4,-0.6,0,-8.1,2.5,-22.9,0,-11.5,0,0,0,0,0,,,,LOOK / HOLD / VOICE
12,25-26,1,odysseus,R,6.5,2,-6,-90,0,0,0,-0.4,-2.3,0,-14.4,5.9,-22.9,0,-11.5,0,0,0,0,0,,,,LOOK / HOLD / VOICE
13,27-28,1.083,odysseus,R,6.5,2,-6,-90,0,0,0,-0.5,-4.6,0,-19,8.2,-22.9,0,-11.5,0,0,0,0,0,,,,LOOK / HOLD / VOICE
14,29-30,1.167,odysseus,R,6.5,2,-6,-90,0,0,0,-0.6,-7,0,-21.7,9.6,-22.9,0,-11.5,0,0,0,0,0,,,,LOOK / HOLD / VOICE
15,31-32,1.25,odysseus,R,6.5,2,-6,-90,0,0,0,-0.6,-9.3,0,-22.6,10.1,-22.9,0,-11.5,0,0,0,0,0,,,,LOOK / HOLD / VOICE
16,33-34,1.333,odysseus,R,6.5,2,-6,-90,0,0,0,-0.7,-10.9,0,-22.3,10,-22.9,0,-11.5,0,0,0,0,0,,,,LOOK / HOLD / VOICE
17,35-36,1.417,odysseus,h,6.5,2,-6,-90,0,0,0,-0.8,-11.6,0,-21.8,9.9,-22.9,0,-11.5,0,0,0,0,0,,,,LOOK / HOLD / VOICE
18,37-38,1.5,odysseus,h,6.5,2,-6,-90,0,0,0,-0.9,-11.6,0,-21.5,9.9,-22.9,0,-11.5,0,0,0,0,0,,,,LOOK / HOLD / VOICE
19,39-40,1.583,odysseus,h,6.5,2,-6,-90,0,0,0,-0.9,-11.6,0,-21.5,9.8,-22.9,0,-11.5,0,0,0,0,0,,,,HOLD / VOICE / UTTERANCE
20,41-42,1.667,odysseus,h,6.5,2,-6,-90,0,0,0,-1,-11.6,0,-21.5,9.8,-22.9,0,-11.5,0,0,0,0,0,,,,HOLD / VOICE / UTTERANCE
21,43-44,1.75,odysseus,h,6.5,2,-6,-90,0,0,0,-1.1,-11.6,0,-21.5,9.7,-22.9,0,-11.5,0,0,0,0,0,,,,HOLD / VOICE / UTTERANCE
22,45-46,1.833,odysseus,h,6.5,2,-6,-90,0,0,0,-1.1,-11.6,0,-21.5,9.6,-22.9,0,-11.5,0,0,0,0,0,,,,HOLD / VOICE / UTTERANCE
23,47-48,1.917,odysseus,h,6.5,2,-6,-90,0,0,0,-1.2,-11.6,0,-21.5,9.6,-22.9,0,-11.5,0,0,0,0,0,,,,HOLD / VOICE / UTTERANCE
24,49-50,2,odysseus,h,6.5,2,-6,-90,0,0,0,-1.3,-11.6,0,-21.5,9.5,-22.9,0,-11.5,0,0,0,0,0,,,,WEIGHT SHIFT / HOLD / VOICE
25,51-52,2.083,odysseus,h,6.5,2,-6,-90,0,-0.2,0,-1.3,-11.6,0.3,-21.5,9.5,-22.9,0,-11.5,0,0,0,0,0,,,,WEIGHT SHIFT / HOLD / VOICE
26,53-54,2.167,odysseus,h,6.5,2,-6,-90,0,-0.6,0,-1.4,-11.6,0.9,-21.5,9.4,-22.9,0,-11.5,0,0,0,0,0,,,,WEIGHT SHIFT / HOLD / VOICE
27,55-56,2.25,odysseus,h,6.5,2,-6,-90,0,-1.1,-0.1,-1.5,-11.6,1.7,-21.5,9.4,-22.9,0,-11.5,0,0,0,0,0,,,,WEIGHT SHIFT / HOLD / VOICE
28,57-58,2.333,odysseus,h,6.5,2,-6,-90,0,-1.5,-0.1,-1.5,-11.6,2.3,-21.5,9.3,-22.9,0,-11.5,0,0,0,0,0,,,,WEIGHT SHIFT / HOLD / VOICE
29,59-60,2.417,odysseus,h,6.5,2,-6,-90,0,-1.7,-0.1,-1.5,-11.6,2.6,-21.5,9.3,-22.9,0,-11.5,0,0,0,0,0,,,,WEIGHT SHIFT / HOLD / VOICE
30,61-62,2.5,odysseus,h,6.5,2,-6,-90,0,-1.7,0,-1.6,-11.6,2.5,-21.5,9.3,-22.9,0,-11.5,0,0,0,0,0,,,,WEIGHT SHIFT / HOLD / VOICE
31,63-64,2.583,odysseus,h,6.5,2,-6,-90,0,-1.7,0,-1.6,-11.6,2.5,-21.5,9.2,-22.9,0,-11.5,0,0,0,0,0,,,,WEIGHT SHIFT / HOLD / VOICE
32,65-66,2.667,odysseus,h,6.5,2,-6,-90,0,-1.6,0,-1.7,-11.6,2.4,-21.5,9.2,-22.9,0,-11.5,0,0,0,0,0,,,,WEIGHT SHIFT / HOLD / VOICE
33,67-68,2.75,odysseus,h,6.5,2,-6,-90,0,-1.6,0,-1.7,-11.6,2.4,-21.5,9.2,-22.9,0,-11.5,0,0,0,0,0,,,,WEIGHT SHIFT / HOLD / VOICE
34,69-70,2.833,odysseus,h,6.5,2,-6,-90,0,-1.6,0,-1.7,-11.6,2.4,-21.5,9.2,-22.9,0,-11.5,0,0,0,0,0,,,,WEIGHT SHIFT / HOLD / VOICE
35,71-72,2.917,odysseus,h,6.5,2,-6,-90,0,-1.6,0,-1.7,-11.6,2.3,-21.5,9.2,-22.9,0,-11.5,0,0,0,0,0,,,,WEIGHT SHIFT / HOLD / VOICE
36,73-74,3,odysseus,h,6.5,2,-6,-90,0,-1.6,0.1,-1.7,-11.6,2.3,-21.5,9.2,-22.9,0,-11.5,0,0,0,0,0,,,,WEIGHT SHIFT / HOLD / VOICE
37,75-76,3.083,odysseus,h,6.5,2,-6,-90,0,-1.5,0.1,-1.7,-11.6,2.2,-21.5,9.2,-22.9,0,-11.5,0,0,0,0,0,,,,WEIGHT SHIFT / HOLD / VOICE
38,77-78,3.167,odysseus,h,6.5,2,-6,-90,0,-1.5,0.1,-1.7,-11.6,2.2,-21.5,9.2,-22.9,0,-11.5,0,0,0,0,0,,,,WEIGHT SHIFT / HOLD / VOICE
39,79-80,3.25,odysseus,h,6.5,2,-6,-90,0,-1.5,0.1,-1.6,-11.6,2.1,-21.5,9.2,-22.9,0,-11.5,0,0,0,0,0,,,,WEIGHT SHIFT / HOLD / VOICE
40,81-82,3.333,odysseus,h,6.5,2,-6,-90,0,-1.5,0.1,-1.5,-11.6,2.1,-21.5,9.3,-22.9,0,-11.5,0,0,0,0,0,,,,WEIGHT SHIFT / HOLD / VOICE
41,83-84,3.417,odysseus,h,6.5,2,-6,-90,0,-1.4,0.1,-1.5,-11.6,2,-21.5,9.4,-22.9,0,-11.5,0,0,0,0,0,,,,WEIGHT SHIFT / HOLD / VOICE
42,85-86,3.5,odysseus,h,6.5,2,-6,-90,0,-1.4,0.1,-1.3,-11.6,2,-21.5,9.5,-22.9,0,-11.5,0,0,0,0,0,,,,WEIGHT SHIFT / HOLD / VOICE
43,87-88,3.583,odysseus,h,6.5,2,-6,-90,0,-1.4,0.1,-1.2,-11.6,1.9,-21.5,9.6,-22.9,0,-11.5,0,0,0,0,0,,,,WEIGHT SHIFT / HOLD / VOICE
44,89-90,3.667,odysseus,h,6.5,2,-6,-90,0,-1.4,0.1,-1.1,-11.6,1.9,-21.5,9.7,-22.9,0,-11.5,0,0,0,0,0,,,,WEIGHT SHIFT / HOLD / VOICE
45,91-92,3.75,odysseus,h,6.5,2,-6,-90,0,-1.3,0.1,-1,-11.6,1.9,-21.5,9.8,-24.9,0,-11.5,0,-6.3,0,0,0,,,,GRIP / HOLD / VOICE
46,93-94,3.833,odysseus,h,6.5,2,-6,-90,0,-1.3,0,-0.9,-11.6,1.8,-21.5,9.9,-26.4,0,-11.5,0,-10.7,0,0,0,,,,GRIP / HOLD / VOICE
47,95-96,3.917,odysseus,h,6.5,2,-6,-90,0,-1.3,0,-0.7,-11.6,1.8,-21.5,10,-27.2,0,-11.5,0,-13.4,0,0,0,,,,GRIP / HOLD / VOICE
48,97-98,4,odysseus,h,6.5,2,-6,-90,0,-1.3,0,-0.6,-11.6,1.7,-21.5,10.1,-27.5,0,-11.5,0,-14.3,0,0,0,,,,GRIP / HOLD / VOICE
49,99-100,4.083,odysseus,h,6.5,2,-6,-90,0,-1.3,0,-0.5,-11.6,1.7,-21.5,10.2,-27.4,0,-11.5,0,-13.9,0,0,0,,,,GRIP / HOLD / VOICE
50,101-102,4.167,odysseus,h,6.5,2,-6,-90,0,-1.3,0,-0.4,-11.6,1.7,-21.5,10.3,-27,0,-11.5,0,-12.8,0,0,0,,,,GRIP / HOLD / VOICE
51,103-104,4.25,odysseus,h,6.5,2,-6,-90,0,-1.3,0,-0.3,-11.6,1.7,-21.5,10.4,-26.5,0,-11.5,0,-11.2,0,0,0,,,,GRIP / HOLD / VOICE
52,105-106,4.333,odysseus,h,6.5,2,-6,-90,0,-1.3,0,-0.2,-11.6,1.7,-21.5,10.4,-25.9,0,-11.5,0,-9.3,0,0,0,,,,GRIP / HOLD / VOICE
53,107-108,4.417,odysseus,h,6.5,2,-6,-90,0,-1.3,0,-0.1,-11.6,1.7,-21.5,10.5,-25.2,0,-11.5,0,-7.2,0,0,0,,,,GRIP / HOLD / VOICE
54,109-110,4.5,odysseus,h,6.5,2,-6,-90,0,-1.3,0,0,-11.6,1.7,-21.5,10.6,-24.5,0,-11.5,0,-5,0,0,0,,,,LOOK / HOLD / VOICE
55,111-112,4.583,odysseus,A,6.5,2,-6,-90,0,-1.3,0,0,-9.7,1.7,1.7,2.9,-23.9,0,-11.5,0,-3.1,0,0,0,,,,LOOK / HOLD / VOICE
56,113-114,4.667,odysseus,A,6.5,2,-6,-90,0,-1.3,0,0,-4.9,1.7,19.8,1.4,-23.4,0,-11.5,0,-1.5,0,0,0,,,,LOOK / HOLD / VOICE
57,115-116,4.75,odysseus,A,6.5,2,-6,-90,0,-1.3,0,0,1.7,1.7,32.7,0.3,-23,0,-11.5,0,-0.4,0,0,0,,,,LOOK / HOLD / VOICE
58,117-118,4.833,odysseus,A,6.5,2,-6,-90,0,-1.3,0,0,8.8,1.7,40.4,-0.4,-22.9,0,-11.5,0,0,0,0,0,,,,LOOK / HOLD / VOICE
59,119-120,4.917,odysseus,A,6.5,2,-6,-90,0,-1.3,0,-0.1,15.4,1.7,43,-0.6,-22.9,0,-11.5,0,0,0,0,0,,,,LOOK / HOLD / VOICE
60,121-122,5,odysseus,A,6.5,2,-6,-90,0,-1.3,0,-0.1,20.2,1.7,42.5,-0.6,-22.9,0,-11.5,0,0,0,0,0,,,,LOOK / HOLD / VOICE
61,123-124,5.083,odysseus,h,6.5,2,-6,-90,0,-1.3,0,-0.2,22.1,1.7,41.5,-0.7,-22.9,0,-11.5,0,0,0,0,0,,,,LOOK / HOLD / VOICE
62,125-126,5.167,odysseus,h,6.5,2,-6,-90,0,-1.3,0,-0.2,22.1,1.7,41,-0.7,-22.9,0,-11.5,0,0,0,0,0,,,,LOOK / HOLD / VOICE
63,127-128,5.25,odysseus,h,6.5,2,-6,-90,0,-1.3,0,-0.3,22.1,1.7,41,-0.8,-22.9,0,-11.5,0,0,0,0,0,,,,HOLD / VOICE / UTTERANCE
64,129-130,5.333,odysseus,h,6.5,2,-6,-90,0,-1.3,0,-0.4,22.1,1.7,41,-0.9,-22.9,0,-11.5,0,0,0,0,0,,,,HOLD / VOICE / UTTERANCE
65,131-132,5.417,odysseus,h,6.5,2,-6,-90,0,-1.3,0,-0.4,22.1,1.7,41,-0.9,-22.9,0,-11.5,0,0,0,0,0,,,,HOLD / VOICE / UTTERANCE
66,133-134,5.5,odysseus,h,6.5,2,-6,-90,0,-1,0,-0.5,22.1,1.3,41,-1,-22.9,0,-11.5,0,0,0,0,0,,,,WEIGHT SHIFT / HOLD / VOICE
67,135-136,5.583,odysseus,A,6.5,2,-6,-90,0,-0.2,0,-0.6,22.1,0.2,41,-1.1,-22.9,0,-11.5,0,0,0,0,0,,,,WEIGHT SHIFT / HOLD / VOICE
68,137-138,5.667,odysseus,A,6.5,2,-6,-90,0,0.7,-0.1,-0.7,22.1,-1.1,41,-1.1,-22.9,0,-11.5,0,0,0,0,0,,,,WEIGHT SHIFT / HOLD / VOICE
69,139-140,5.75,odysseus,A,6.5,2,-6,-90,0,1.4,-0.1,-0.8,22.1,-2.1,41,-1.2,-22.9,0,-11.5,0,0,0,0,0,,,,WEIGHT SHIFT / HOLD / VOICE
70,141-142,5.833,odysseus,R,6.5,2,-6,-90,0,1.7,-0.1,-0.9,22.1,-2.6,41,-1.3,-22.9,0,-11.5,0,0,0,0,0,,,,WEIGHT SHIFT / HOLD / VOICE
71,143-144,5.917,odysseus,h,6.5,2,-6,-90,0,1.7,0,-1,22.1,-2.5,41,-1.4,-22.9,0,-11.5,0,0,0,0,0,,,,WEIGHT SHIFT / HOLD / VOICE
72,145-146,6,odysseus,h,6.5,2,-6,-90,0,1.7,0,-1.1,22.1,-2.5,41,-1.5,-22.9,0,-11.5,0,0,0,0,0,,,,WEIGHT SHIFT / HOLD / VOICE
73,147-148,6.083,odysseus,h,6.5,2,-6,-90,0,1.6,0,-1.2,22.1,-2.4,41,-1.5,-22.9,0,-11.5,0,0,0,0,0,,,,WEIGHT SHIFT / HOLD / VOICE
74,149-150,6.167,odysseus,h,6.5,2,-6,-90,0,1.6,0,-1.3,22.1,-2.4,41,-1.6,-22.9,0,-11.5,0,0,0,0,0,,,,WEIGHT SHIFT / HOLD / VOICE
75,151-152,6.25,odysseus,h,6.5,2,-6,-90,0,1.6,0,-1.4,22.1,-2.4,41,-1.7,-22.9,0,-11.5,0,0,0,0,0,,,,WEIGHT SHIFT / HOLD / VOICE
76,153-154,6.333,odysseus,h,6.5,2,-6,-90,0,1.6,0,-1.4,22.1,-2.3,41,-1.7,-22.9,0,-11.5,0,0,0,0,0,,,,LOOK / HOLD / VOICE
77,155-156,6.417,odysseus,R,6.5,2,-6,-90,0,1.6,0,-1.5,20.6,-2.3,21.6,1.6,-22.9,0,-11.5,0,0,0,0,0,,,,LOOK / HOLD / VOICE
78,157-158,6.5,odysseus,R,6.5,2,-6,-90,0,1.5,0,-1.6,16.8,-2.2,5.7,4.3,-22.9,0,-11.5,0,0,0,0,0,,,,LOOK / HOLD / VOICE
79,159-160,6.583,odysseus,R,6.5,2,-6,-90,0,1.5,0,-1.6,11.4,-2.2,-6.7,6.5,-22.9,0,-11.5,0,0,0,0,0,,,,LOOK / HOLD / VOICE
80,161-162,6.667,odysseus,R,6.5,2,-6,-90,0,1.5,0,-1.7,5.2,-2.1,-15.5,8,-22.9,0,-11.5,0,0,0,0,0,,,,LOOK / HOLD / VOICE
81,163-164,6.75,odysseus,R,6.5,2,-6,-90,0,1.5,0,-1.7,-0.9,-2.1,-20.8,8.9,-22.9,0,-11.5,0,0,0,0,0,,,,LOOK / HOLD / VOICE
82,165-166,6.833,odysseus,R,6.5,2,-6,-90,0,1.4,0,-1.7,-6.3,-2,-22.6,9.2,-22.9,0,-11.5,0,0,0,0,0,,,,LOOK / HOLD / VOICE
83,167-168,6.917,odysseus,R,6.5,2,-6,-90,0,1.4,0,-1.7,-10.1,-2,-22.3,9.2,-22.9,0,-11.5,0,0,0,0,0,,,,LOOK / HOLD / VOICE
84,169-170,7,odysseus,h,6.5,2,-6,-90,0,1.4,0,-1.7,-11.6,-1.9,-21.8,9.2,-22.9,0,-11.5,0,0,0,0,0,,,,LOOK / HOLD / VOICE
85,171-172,7.083,odysseus,h,6.5,2,-6,-90,0,1.4,0,-1.7,-11.6,-1.9,-21.5,9.2,-22.9,0,-11.5,0,0,0,0,0,,,,WEIGHT SHIFT / HOLD / VOICE
86,173-174,7.167,odysseus,h,6.5,2,-6,-90,0,1.3,0,-1.6,-11.6,-1.9,-21.5,9.2,-22.9,0,-11.5,0,0,0,0,0,,,,WEIGHT SHIFT / HOLD / VOICE
87,175-176,7.25,odysseus,h,6.5,2,-6,-90,0,1.3,0,-1.5,-11.6,-1.8,-21.5,9.3,-22.9,0,-11.5,0,0,0,0,0,,,,WEIGHT SHIFT / HOLD / VOICE
88,177-178,7.333,odysseus,h,6.5,2,-6,-90,0,1.3,0,-1.5,-11.6,-1.8,-21.5,9.4,-22.9,0,-11.5,0,0,0,0,0,,,,WEIGHT SHIFT / HOLD / VOICE
89,179-180,7.417,odysseus,h,6.5,2,-6,-90,0,1.3,0,-1.3,-11.6,-1.7,-21.5,9.5,-22.9,0,-11.5,0,0,0,0,0,,,,WEIGHT SHIFT / HOLD / VOICE
90,181-182,7.5,odysseus,h,6.5,2,-6,-90,0,1.3,0,-1.2,-11.6,-1.7,-21.5,9.6,-22.9,0,-11.5,0,0,0,0,0,,,,HOLD / VOICE / UTTERANCE
91,183-184,7.583,odysseus,h,6.5,2,-6,-90,0,1.3,0,-1.1,-11.6,-1.7,-21.5,9.7,-22.9,0,-11.5,0,0,0,0,0,,,,HOLD / VOICE / UTTERANCE
92,185-186,7.667,odysseus,h,6.5,2,-6,-90,0,1.3,0,-1,-11.6,-1.7,-21.5,9.8,-22.9,0,-11.5,0,0,0,0,0,,,,HOLD / VOICE / UTTERANCE
93,187-188,7.75,odysseus,h,6.5,2,-6,-90,0,1.3,0,-0.9,-11.6,-1.7,-21.5,9.9,-24.6,0,-11.5,0,5.2,0,0,0,,,,GRIP / HOLD / VOICE
94,189-190,7.833,odysseus,h,6.5,2,-6,-90,0,1.3,0,-0.7,-11.6,-1.7,-21.5,10,-25.9,0,-11.5,0,9.2,0,0,0,,,,GRIP / HOLD / VOICE
95,191-192,7.917,odysseus,h,6.5,2,-6,-90,0,1.3,0,-0.6,-11.6,-1.7,-21.5,10.1,-26.8,0,-11.5,0,12,0,0,0,,,,GRIP / HOLD / VOICE
96,193-194,8,odysseus,h,6.5,2,-6,-90,0,1.3,0,-0.5,-11.6,-1.7,-21.5,10.2,-27.3,0,-11.5,0,13.8,0,0,0,,,,GRIP / HOLD / VOICE
97,195-196,8.083,odysseus,h,6.5,2,-6,-90,0,1.3,0,-0.4,-11.6,-1.7,-21.5,10.3,-27.5,0,-11.5,0,14.3,0,0,0,,,,GRIP / HOLD / VOICE
98,197-198,8.167,odysseus,h,6.5,2,-6,-90,0,1.3,0,-0.3,-11.6,-1.7,-21.5,10.4,-27.4,0,-11.5,0,13.9,0,0,0,,,,GRIP / HOLD / VOICE
99,199-200,8.25,odysseus,R,6.5,2,-6,-90,0,1.3,0,-0.2,-11.6,-1.7,-21.5,12.6,-27,0,-11.5,0,12.8,0,0,0,,,,NOD / REACT / WORD
100,201-202,8.333,odysseus,h,6.5,2,-6,-90,0,1.3,0,-0.1,-11.6,-1.7,-21.5,12.6,-26.5,0,-11.5,0,11.2,0,0,0,,,,NOD / REACT / WORD
101,203-204,8.417,odysseus,h,6.5,2,-6,-90,0,1.3,0,0,-11.6,-1.7,-21.5,12.6,-25.9,0,-11.5,0,9.3,0,0,0,,,,NOD / REACT / WORD
102,205-206,8.5,odysseus,h,6.5,2,-6,-90,0,1.3,0,0,-11.6,-1.7,-21.5,12.6,-25.2,0,-11.5,0,7.2,0,0,0,,,,NOD / REACT / WORD
103,207-208,8.583,odysseus,h,6.5,2,-6,-90,0,1.3,0,0,-11.6,-1.7,-21.5,12.1,-24.5,0,-11.5,0,5,0,0,0,,,,NOD / REACT / WORD
104,209-210,8.667,odysseus,h,6.5,2,-6,-90,0,1.3,0,0,-11.6,-1.7,-21.5,10.6,-23.9,0,-11.5,0,3.1,0,0,0,,,,NOD / REACT / WORD
105,211-212,8.75,odysseus,h,6.5,2,-6,-90,0,1.3,0,0,-11.6,-1.7,-21.5,10.6,-23.4,0,-11.5,0,1.5,0,0,0,,,,GRIP / HOLD / VOICE
106,213-214,8.833,odysseus,h,6.5,2,-6,-90,0,1.3,0,-0.1,-11.6,-1.7,-21.5,10.5,-23,0,-11.5,0,0.4,0,0,0,,,,GRIP / HOLD / VOICE
107,215-216,8.917,odysseus,h,6.5,2,-6,-90,0,1.3,0,-0.1,-11.6,-1.7,-21.5,10.5,-22.9,0,-11.5,0,0,0,0,0,,,,GRIP / HOLD / VOICE
108,217-218,9,odysseus,h,6.5,2,-6,-90,0,1.3,0,-0.2,-11.6,-1.7,-21.5,10.5,-22.9,0,-11.5,0,0,0,0,0,,,,WEIGHT SHIFT / HOLD / VOICE
109,219-220,9.083,odysseus,h,6.5,2,-6,-90,0,1,0,-0.2,-11.6,-1.4,-21.5,10.4,-22.9,0,-11.5,0,0,0,0,0,,,,WEIGHT SHIFT / HOLD / VOICE
110,221-222,9.167,odysseus,h,6.5,2,-6,-90,0,0.5,0,-0.3,-11.6,-0.6,-21.5,10.4,-22.9,0,-11.5,0,0,0,0,0,,,,WEIGHT SHIFT / HOLD / VOICE
111,223-224,9.25,odysseus,A,6.5,2,-6,-90,0,-0.2,0,-0.4,-11.6,0.4,-21.5,10.3,-22.9,0,-11.5,0,0,0,0,0,,,,WEIGHT SHIFT / HOLD / VOICE
112,225-226,9.333,odysseus,A,6.5,2,-6,-90,0,-0.9,-0.1,-0.4,-11.6,1.5,-21.5,10.2,-22.9,0,-11.5,0,0,0,0,0,,,,WEIGHT SHIFT / HOLD / VOICE
113,227-228,9.417,odysseus,h,6.5,2,-6,-90,0,-1.5,-0.1,-0.5,-11.6,2.3,-21.5,10.2,-22.9,0,-11.5,0,0,0,0,0,,,,WEIGHT SHIFT / HOLD / VOICE
114,229-230,9.5,odysseus,h,6.5,2,-6,-90,0,-1.7,-0.1,-0.6,-11.6,2.6,-21.5,10.1,-22.9,0,-11.5,0,0,0,0,0,,,,LOOK / HOLD / VOICE
115,231-232,9.583,odysseus,A,6.5,2,-6,-90,0,-1.7,0,-0.7,-10.5,2.5,2.6,2.3,-22.9,0,-11.5,0,0,0,0,0,,,,LOOK / HOLD / VOICE
116,233-234,9.667,odysseus,A,6.5,2,-6,-90,0,-1.7,0,-0.8,-7.7,2.5,23.4,-1.6,-22.9,0,-11.5,0,0,0,0,0,,,,LOOK / HOLD / VOICE
117,235-236,9.75,odysseus,A,6.5,2,-6,-90,0,-1.6,0,-0.9,-3.5,2.4,41.1,-4.9,-22.9,0,-11.5,0,0,0,0,0,,,,LOOK / HOLD / VOICE
118,237-238,9.833,odysseus,A,6.5,2,-6,-90,0,-1.6,0,-1,1.6,2.4,55.5,-7.6,-22.9,0,-11.5,0,0,0,0,0,,,,LOOK / HOLD / VOICE
119,239-240,9.917,odysseus,A,6.5,2,-6,-90,0,-1.6,0,-1.1,7.1,2.3,66.8,-9.7,-22.9,0,-11.5,0,0,0,0,0,,,,LOOK / HOLD / VOICE
120,241-242,10,odysseus,A,6.5,2,-6,-90,0,-1.6,0,-1.2,12.6,2.3,74.8,-11.3,-22.9,0,-11.5,0,0,0,0,0,,,,LOOK / HOLD / VOICE
121,243-244,10.083,odysseus,A,6.5,2,-6,-90,0,-1.5,0,-1.3,17.7,2.2,79.6,-12.2,-22.9,0,-11.5,0,0,0,0,0,,,,LOOK / HOLD / VOICE
122,245-246,10.167,odysseus,A,6.5,2,-6,-90,0,-1.5,0,-1.4,21.9,2.2,81.2,-12.6,-22.9,0,-11.5,0,0,0,0,0,,,,LOOK / HOLD / VOICE
123,247-248,10.25,odysseus,A,6.5,2,-6,-90,0,-1.5,0,-1.4,24.7,2.1,80.2,-12.6,-22.9,0,-11.5,0,0,0,0,0,,,,LOOK / HOLD / VOICE
124,249-250,10.333,odysseus,h,6.5,2,-6,-90,0,-1.5,0,-1.5,25.8,2.1,78.4,-12.6,-22.9,0,-11.5,0,0,0,0,0,,,,LOOK / HOLD / VOICE
125,251-252,10.417,odysseus,h,6.5,2,-6,-90,0,-1.4,0,-1.6,25.8,2.1,77.3,-12.6,-22.9,0,-11.5,0,0,0,0,0,,,,LOOK / HOLD / VOICE
126,253-254,10.5,odysseus,h,6.5,2,-6,-90,0,-1.4,0,-1.6,25.8,2,77.3,-12.6,-22.9,0,-11.5,0,0,0,0,0,,,,WEIGHT SHIFT / HOLD / VOICE
127,255-256,10.583,odysseus,h,6.5,2,-6,-90,0,-1.4,0,-1.7,25.8,2,77.3,-12.6,-22.9,0,-11.5,0,0,0,0,0,,,,WEIGHT SHIFT / HOLD / VOICE
128,257-258,10.667,odysseus,h,6.5,2,-6,-90,0,-1.4,0,-1.7,25.8,1.9,77.3,-12.6,-22.9,0,-11.5,0,0,0,0,0,,,,WEIGHT SHIFT / HOLD / VOICE
129,259-260,10.75,odysseus,h,6.5,2,-6,-90,0,-1.3,0,-1.7,25.8,1.9,77.3,-12.6,-22.9,0,-11.5,0,0,0,0,0,,,,WEIGHT SHIFT / HOLD / VOICE
130,261-262,10.833,odysseus,h,6.5,2,-6,-90,0,-1.3,0,-1.7,25.8,1.8,77.3,-12.6,-22.9,0,-11.5,0,0,0,0,0,,,,WEIGHT SHIFT / HOLD / VOICE
131,263-264,10.917,odysseus,h,6.5,2,-6,-90,0,-1.3,0,-1.7,25.8,1.8,77.3,-12.6,-22.9,0,-11.5,0,0,0,0,0,,,,WEIGHT SHIFT / HOLD / VOICE
132,265-266,11,odysseus,R,6.5,2,-6,-90,0,-1.3,0,-1.7,24.2,1.7,46.8,1.5,-22.9,0,-11.5,0,0,0,0,0,,,,LOOK / HOLD / VOICE
133,267-268,11.083,odysseus,R,6.5,2,-6,-90,0,-1.3,0,-1.6,19.9,1.7,21.8,4.3,-22.9,0,-11.5,0,0,0,0,0,,,,LOOK / HOLD / VOICE
134,269-270,11.167,odysseus,R,6.5,2,-6,-90,0,-1.3,0,-1.5,14,1.7,2.4,6.5,-22.9,0,-11.5,0,0,0,0,0,,,,LOOK / HOLD / VOICE
135,271-272,11.25,odysseus,R,6.5,2,-6,-90,0,-1.3,0,-1.5,7.1,1.7,-11.5,8.1,-22.9,0,-11.5,0,0,0,0,0,,,,LOOK / HOLD / VOICE
136,273-274,11.333,odysseus,R,6.5,2,-6,-90,0,-1.3,0,-1.3,0.2,1.7,-19.8,9.2,-22.9,0,-11.5,0,0,0,0,0,,,,LOOK / HOLD / VOICE
137,275-276,11.417,odysseus,R,6.5,2,-6,-90,0,-1.3,0,-1.2,-5.7,1.7,-22.6,9.6,-22.9,0,-11.5,0,0,0,0,0,,,,LOOK / HOLD / VOICE
138,277-278,11.5,odysseus,R,6.5,2,-6,-90,0,-1.3,0,-1.1,-10,1.7,-22.3,9.7,-22.9,0,-11.5,0,0,0,0,0,,,,LOOK / HOLD / VOICE
139,279-280,11.583,odysseus,h,6.5,2,-6,-90,0,-1.3,0,-1,-11.6,1.7,-21.8,9.8,-22.9,0,-11.5,0,0,0,0,0,,,,LOOK / HOLD / VOICE
140,281-282,11.667,odysseus,h,6.5,2,-6,-90,0,-1.3,0,-0.9,-11.6,1.7,-21.5,9.9,-22.9,0,-11.5,0,0,0,0,0,,,,LOOK / HOLD / VOICE
141,283-284,11.75,odysseus,h,6.5,2,-6,-90,0,-1.3,0,-0.7,-11.6,1.7,-21.5,10,-22.9,0,-11.5,0,0,0,0,0,,,,HOLD / VOICE / UTTERANCE
142,285-286,11.833,odysseus,h,6.5,2,-6,-90,0,-1.3,0,-0.6,-11.6,1.7,-21.5,10.1,-22.9,0,-11.5,0,0,0,0,0,,,,HOLD / VOICE / UTTERANCE
143,287-288,11.917,odysseus,h,6.5,2,-6,-90,0,-1.3,0,-0.5,-11.6,1.7,-21.5,10.2,-22.9,0,-11.5,0,0,0,0,0,,,,HOLD / VOICE / UTTERANCE
144,289-290,12,odysseus,h,6.5,2,-6,-90,0,-1.3,0,-0.4,-11.6,1.7,-21.5,10.3,-22.9,0,-11.5,0,0,0,0,0,,,,HOLD / VOICE / UTTERANCE
145,291-292,12.083,odysseus,h,6.5,2,-6,-90,0,-1.3,0,-0.3,-11.6,1.7,-21.5,10.4,-22.9,0,-11.5,0,0,0,0,0,,,,HOLD / VOICE / UTTERANCE
146,293-294,12.167,odysseus,h,6.5,2,-6,-90,0,-1.3,0,-0.2,-11.6,1.7,-21.5,10.4,-22.9,0,-11.5,0,0,0,0,0,,,,HOLD / VOICE / UTTERANCE
147,295-296,12.25,odysseus,h,6.5,2,-6,-90,0,-1.3,0,-0.1,-11.6,1.7,-21.5,10.5,-22.9,0,-11.5,0,0,0,0,0,,,,HOLD / VOICE / UTTERANCE
148,297-298,12.333,odysseus,h,6.5,2,-6,-90,0,-1.3,0,0,-11.6,1.7,-21.5,10.6,-22.9,0,-11.5,0,0,0,0,0,,,,REACT / WORD / VOICE
149,299-300,12.417,odysseus,h,6.5,2,-6,-90,0,-1.3,0,0,-11.6,1.7,-21.5,10.6,-22.9,0,-11.5,0,0,0,0,0,,,,REACT / WORD / VOICE
150,301-302,12.5,odysseus,h,6.5,2,-6,-90,0,-1.3,0,0,-11.6,1.7,-21.5,10.6,-22.9,0,-11.5,0,0,0,0,0,,,,NOD / REACT / WORD
151,303-304,12.583,odysseus,h,6.5,2,-6,-90,0,-1.3,0,0,-11.6,1.7,-21.5,12.6,-22.9,0,-11.5,0,0,0,0,0,,,,NOD / REACT / WORD
152,305-306,12.667,odysseus,h,6.5,2,-6,-90,0,-1.3,0,0,-11.6,1.7,-21.5,12.6,-22.9,0,-11.5,0,0,0,0,0,,,,NOD / REACT / WORD
153,307-308,12.75,odysseus,h,6.5,2,-6,-90,0,-1.3,0,-0.1,-11.6,1.7,-21.5,12.6,-22.9,0,-11.5,0,0,0,0,0,,,,NOD / REACT / WORD
154,309-310,12.833,odysseus,h,6.5,2,-6,-90,0,-1.3,0,-0.1,-11.6,1.7,-21.5,12.6,-22.9,0,-11.5,0,0,0,0,0,,,,NOD / REACT / WORD
155,311-312,12.917,odysseus,h,6.5,2,-6,-90,0,-1.3,0,-0.2,-11.6,1.7,-21.5,12,-22.9,0,-11.5,0,0,0,0,0,,,,NOD / REACT / WORD
156,313-314,13,odysseus,h,6.5,2,-6,-90,0,-1.3,0,-0.2,-11.6,1.7,-21.5,10.4,-22.9,0,-11.5,0,0,0,0,0,,,,NOD / REACT / WORD
157,315-316,13.083,odysseus,h,6.5,2,-6,-90,0,-1.3,0,-0.3,-11.6,1.7,-21.5,10.4,-22.9,0,-11.5,0,0,0,0,0,,,,REACT / WORD / VOICE
158,317-318,13.167,odysseus,h,6.5,2,-6,-90,0,-1.3,0,-0.4,-11.6,1.7,-21.5,10.3,-22.9,0,-11.5,0,0,0,0,0,,,,REACT / WORD / VOICE
159,319-320,13.25,odysseus,h,6.5,2,-6,-90,0,-1.3,0,-0.4,-11.6,1.7,-21.5,10.2,-22.9,0,-11.5,0,0,0,0,0,,,,HOLD / VOICE / UTTERANCE
160,321-322,13.333,odysseus,h,6.5,2,-6,-90,0,-1.3,0,-0.5,-11.6,1.7,-21.5,10.2,-22.9,0,-11.5,0,0,0,0,0,,,,HOLD / VOICE / UTTERANCE
161,323-324,13.417,odysseus,h,6.5,2,-6,-90,0,-1.3,0,-0.6,-11.6,1.7,-21.5,10.1,-22.9,0,-11.5,0,0,0,0,0,,,,HOLD / VOICE / UTTERANCE
162,325-326,13.5,odysseus,h,6.5,2,-6,-90,0,-1.3,0,-0.7,-11.6,1.7,-21.5,10,-22.9,0,-11.5,0,0,0,0,0,,,,HOLD / VOICE / UTTERANCE
163,327-328,13.583,odysseus,h,6.5,2,-6,-90,0,-1.3,0,-0.8,-11.6,1.7,-21.5,9.9,-22.9,0,-11.5,0,0,0,0,0,,,,HOLD / VOICE / UTTERANCE
164,329-330,13.667,odysseus,R,6.5,2,-6,-90,0,-1.3,0,-0.9,-11.6,1.7,-21.5,9.8,-22.9,0,-11.5,0,0,0,0,0,,,,HOLD / VOICE / UTTERANCE
165,331-332,13.75,odysseus,h,6.5,2,-6,-90,0,-1.3,0,-1,-11.6,1.7,-21.5,9.8,-24.9,0,-11.5,0,6.3,0,0,0,,,,GRIP / HOLD / VOICE
166,333-334,13.833,odysseus,h,6.5,2,-6,-90,0,-1.3,0,-1.1,-11.6,1.7,-21.5,9.7,-26.4,0,-11.5,0,10.7,0,0,0,,,,GRIP / HOLD / VOICE
167,335-336,13.917,odysseus,h,6.5,2,-6,-90,0,-1.3,0,-1.2,-11.6,1.7,-21.5,9.6,-27.2,0,-11.5,0,13.4,0,0,0,,,,GRIP / HOLD / VOICE
168,337-338,14,odysseus,h,6.5,2,-6,-90,0,-1,0,-1.3,-11.6,1.3,-21.5,9.5,-27.5,0,-11.5,0,14.3,0,0,0,,,,WEIGHT SHIFT / HOLD / VOICE
169,339-340,14.083,odysseus,A,6.5,2,-6,-90,0,-0.2,0,-1.4,-11.6,0.2,-21.5,9.5,-27.4,0,-11.5,0,14,0,0,0,,,,WEIGHT SHIFT / HOLD / VOICE
170,341-342,14.167,odysseus,A,6.5,2,-6,-90,0,0.7,-0.1,-1.4,-11.6,-1.1,-21.5,9.4,-27.1,0,-11.5,0,13.1,0,0,0,,,,WEIGHT SHIFT / HOLD / VOICE
171,343-344,14.25,odysseus,A,6.5,2,-6,-90,0,1.4,-0.1,-1.5,-11.6,-2.1,-21.5,9.3,-26.7,0,-11.5,0,11.7,0,0,0,,,,WEIGHT SHIFT / HOLD / VOICE
172,345-346,14.333,odysseus,h,6.5,2,-6,-90,0,1.7,-0.1,-1.6,-11.6,-2.6,-21.5,9.3,-26.1,0,-11.5,0,10,0,0,0,,,,WEIGHT SHIFT / HOLD / VOICE
173,347-348,14.417,odysseus,h,6.5,2,-6,-90,0,1.7,0,-1.6,-11.6,-2.5,-21.5,9.2,-25.5,0,-11.5,0,8.1,0,0,0,,,,WEIGHT SHIFT / HOLD / VOICE
174,349-350,14.5,odysseus,h,6.5,2,-6,-90,0,1.7,0,-1.7,-11.6,-2.5,-21.5,9.2,-24.9,0,-11.5,0,6.2,0,0,0,,,,WEIGHT SHIFT / HOLD / VOICE
175,351-352,14.583,odysseus,h,6.5,2,-6,-90,0,1.6,0,-1.7,-11.6,-2.4,-21.5,9.2,-24.3,0,-11.5,0,4.3,0,0,0,,,,WEIGHT SHIFT / HOLD / VOICE
176,353-354,14.667,odysseus,h,6.5,2,-6,-90,0,1.6,0,-1.7,-11.6,-2.4,-21.5,9.2,-23.8,0,-11.5,0,2.6,0,0,0,,,,WEIGHT SHIFT / HOLD / VOICE
177,355-356,14.75,odysseus,h,6.5,2,-6,-90,0,1.6,0,-1.7,-11.6,-2.4,-21.5,9.2,-23.3,0,-11.5,0,1.2,0,0,0,,,,WEIGHT SHIFT / HOLD / VOICE
178,357-358,14.833,odysseus,h,6.5,2,-6,-90,0,1.6,0,-1.7,-11.6,-2.3,-21.5,9.2,-23,0,-11.5,0,0.3,0,0,0,,,,WEIGHT SHIFT / HOLD / VOICE
179,359-360,14.917,odysseus,h,6.5,2,-6,-90,0,1.6,0,-1.7,-11.6,-2.3,-21.5,9.2,-22.9,0,-11.5,0,0,0,0,0,,,,WEIGHT SHIFT / HOLD / VOICE
180,361-362,15,odysseus,h,6.5,2,-6,-90,0,1.5,0,-1.6,-11.6,-2.2,-21.5,9.2,-22.9,0,-11.5,0,0,0,0,0,,,,WEIGHT SHIFT / HOLD / VOICE
181,363-364,15.083,odysseus,h,6.5,2,-6,-90,0,1.5,0,-1.5,-11.6,-2.2,-21.5,9.3,-22.9,0,-11.5,0,0,0,0,0,,,,WEIGHT SHIFT / HOLD / VOICE
182,365-366,15.167,odysseus,h,6.5,2,-6,-90,0,1.5,0,-1.5,-11.6,-2.1,-21.5,9.4,-22.9,0,-11.5,0,0,0,0,0,,,,WEIGHT SHIFT / HOLD / VOICE
183,367-368,15.25,odysseus,h,6.5,2,-6,-90,0,1.5,0,-1.3,-11.6,-2.1,-21.5,9.5,-22.9,0,-11.5,0,0,0,0,0,,,,WEIGHT SHIFT / HOLD / VOICE
184,369-370,15.333,odysseus,h,6.5,2,-6,-90,0,1.4,0,-1.2,-11.6,-2,-21.5,9.6,-22.9,0,-11.5,0,0,0,0,0,,,,LOOK / HOLD / VOICE
185,371-372,15.417,odysseus,R,6.5,2,-6,-90,0,1.4,0,-1.1,-9.7,-2,1.7,1.9,-22.9,0,-11.5,0,0,0,0,0,,,,LOOK / HOLD / VOICE
186,373-374,15.5,odysseus,R,6.5,2,-6,-90,0,1.4,0,-1,-4.9,-1.9,19.8,0.5,-22.9,0,-11.5,0,0,0,0,0,,,,LOOK / HOLD / VOICE
187,375-376,15.583,odysseus,R,6.5,2,-6,-90,0,1.4,0,-0.9,1.7,-1.9,32.7,-0.4,-22.9,0,-11.5,0,0,0,0,0,,,,LOOK / HOLD / VOICE
188,377-378,15.667,odysseus,R,6.5,2,-6,-90,0,1.3,0,-0.7,8.8,-1.9,40.4,-0.9,-22.9,0,-11.5,0,0,0,0,0,,,,LOOK / HOLD / VOICE
189,379-380,15.75,odysseus,R,6.5,2,-6,-90,0,1.3,0,-0.6,15.4,-1.8,43,-1.1,-22.9,0,-11.5,0,0,0,0,0,,,,LOOK / HOLD / VOICE
190,381-382,15.833,odysseus,R,6.5,2,-6,-90,0,1.3,0,-0.5,20.2,-1.8,42.5,-1,-22.9,0,-11.5,0,0,0,0,0,,,,LOOK / HOLD / VOICE
191,383-384,15.917,odysseus,h,6.5,2,-6,-90,0,1.3,0,-0.4,22.1,-1.7,41.5,-0.9,-22.9,0,-11.5,0,0,0,0,0,,,,LOOK / HOLD / VOICE
192,385-386,16,odysseus,h,6.5,2,-6,-90,0,1.3,0,-0.3,22.1,-1.7,41,-0.8,-22.9,0,-11.5,0,0,0,0,0,,,,LOOK / HOLD / VOICE
193,387-388,16.083,odysseus,h,6.5,2,-6,-90,0,1.3,0,-0.2,22.1,-1.7,41,-0.7,-22.9,0,-11.5,0,0,0,0,0,,,,HOLD / VOICE / UTTERANCE
194,389-390,16.167,odysseus,h,6.5,2,-6,-90,0,1.3,0,-0.1,22.1,-1.7,41,-0.6,-22.9,0,-11.5,0,0,0,0,0,,,,HOLD / VOICE / UTTERANCE
195,391-392,16.25,odysseus,h,6.5,2,-6,-90,0,1.3,0,0,22.1,-1.7,41,-0.6,-22.9,0,-11.5,0,0,0,0,0,,,,HOLD / VOICE / UTTERANCE
196,393-394,16.333,odysseus,h,6.5,2,-6,-90,0,1.3,0,0,22.1,-1.7,41,-0.6,-22.9,0,-11.5,0,0,0,0,0,,,,HOLD / VOICE / UTTERANCE
197,395-396,16.417,odysseus,h,6.5,2,-6,-90,0,1.3,0,0,22.1,-1.7,41,-0.6,-22.9,0,-11.5,0,0,0,0,0,,,,HOLD / VOICE / UTTERANCE
198,397-398,16.5,odysseus,h,6.5,2,-6,-90,0,1.3,0,0,22.1,-1.7,41,-0.6,-22.9,0,-11.5,0,0,0,0,0,,,,HOLD / VOICE / UTTERANCE
199,399-400,16.583,odysseus,h,6.5,2,-6,-90,0,1.3,0,0,22.1,-1.7,41,-0.6,-22.9,0,-11.5,0,0,0,0,0,,,,HOLD / VOICE / UTTERANCE
200,401-402,16.667,odysseus,h,6.5,2,-6,-90,0,1.3,0,-0.1,22.1,-1.7,41,-0.6,-22.9,0,-11.5,0,0,0,0,0,,,,HOLD / VOICE / UTTERANCE
201,403-404,16.75,odysseus,h,6.5,2,-6,-90,0,1.3,0,-0.1,22.1,-1.7,41,-0.6,-22.9,0,-11.5,0,0,0,0,0,,,,HOLD / VOICE / UTTERANCE
202,405-406,16.833,odysseus,h,6.5,2,-6,-90,0,1.3,0,-0.2,22.1,-1.7,41,-0.7,-22.9,0,-11.5,0,0,0,0,0,,,,LOOK / HOLD / VOICE
203,407-408,16.917,odysseus,R,6.5,2,-6,-90,0,1.3,0,-0.2,20.6,-1.7,21.6,2.7,-22.9,0,-11.5,0,0,0,0,0,,,,LOOK / HOLD / VOICE
204,409-410,17,odysseus,R,6.5,2,-6,-90,0,1.3,0,-0.3,16.8,-1.7,5.7,5.4,-22.9,0,-11.5,0,0,0,0,0,,,,LOOK / HOLD / VOICE
205,411-412,17.083,odysseus,R,6.5,2,-6,-90,0,1.3,0,-0.4,11.4,-1.7,-6.7,7.5,-22.9,0,-11.5,0,0,0,0,0,,,,LOOK / HOLD / VOICE
206,413-414,17.167,odysseus,R,6.5,2,-6,-90,0,1.3,0,-0.4,5.2,-1.7,-15.5,9,-22.9,0,-11.5,0,0,0,0,0,,,,LOOK / HOLD / VOICE
207,415-416,17.25,odysseus,R,6.5,2,-6,-90,0,1.3,0,-0.5,-0.9,-1.7,-20.8,9.8,-22.9,0,-11.5,0,0,0,0,0,,,,LOOK / HOLD / VOICE
208,417-418,17.333,odysseus,R,6.5,2,-6,-90,0,1.3,0,-0.6,-6.3,-1.7,-22.6,10.1,-22.9,0,-11.5,0,0,0,0,0,,,,LOOK / HOLD / VOICE
209,419-420,17.417,odysseus,R,6.5,2,-6,-90,0,1.3,0,-0.7,-10.1,-1.7,-22.3,10,-22.9,0,-11.5,0,0,0,0,0,,,,LOOK / HOLD / VOICE
210,421-422,17.5,odysseus,h,6.5,2,-6,-90,0,1.3,0,-0.8,-11.6,-1.7,-21.8,9.9,-22.9,0,-11.5,0,0,0,0,0,,,,WEIGHT SHIFT / HOLD / VOICE
211,423-424,17.583,odysseus,h,6.5,2,-6,-90,0,1,0,-0.9,-11.6,-1.3,-21.5,9.8,-22.9,0,-11.5,0,0,0,0,0,,,,WEIGHT SHIFT / HOLD / VOICE
212,425-426,17.667,odysseus,A,6.5,2,-6,-90,0,0.2,0,-1,-11.6,-0.2,-21.5,9.8,-22.9,0,-11.5,0,0,0,0,0,,,,WEIGHT SHIFT / HOLD / VOICE
213,427-428,17.75,odysseus,A,6.5,2,-6,-90,0,-0.7,-0.1,-1.1,-11.6,1.1,-21.5,9.7,-22.9,0,-11.5,0,0,0,0,0,,,,WEIGHT SHIFT / HOLD / VOICE
214,429-430,17.833,odysseus,A,6.5,2,-6,-90,0,-1.4,-0.1,-1.2,-11.6,2.1,-21.5,9.6,-22.9,0,-11.5,0,0,0,0,0,,,,WEIGHT SHIFT / HOLD / VOICE
215,431-432,17.917,odysseus,h,6.5,2,-6,-90,0,-1.7,-0.1,-1.3,-11.6,2.6,-21.5,9.5,-22.9,0,-11.5,0,0,0,0,0,,,,WEIGHT SHIFT / HOLD / VOICE
216,433-434,18,odysseus,h,6.5,2,-6,-90,0,-1.7,0,-1.4,-11.6,2.5,-21.5,9.5,-22.9,0,-11.5,0,0,0,0,0,,,,WEIGHT SHIFT / HOLD / VOICE
217,435-436,18.083,odysseus,h,6.5,2,-6,-90,0,-1.7,0,-1.4,-11.6,2.5,-21.5,9.4,-22.9,0,-11.5,0,0,0,0,0,,,,WEIGHT SHIFT / HOLD / VOICE
218,437-438,18.167,odysseus,h,6.5,2,-6,-90,0,-1.6,0,-1.5,-11.6,2.4,-21.5,9.3,-22.9,0,-11.5,0,0,0,0,0,,,,WEIGHT SHIFT / HOLD / VOICE
219,439-440,18.25,odysseus,h,6.5,2,-6,-90,0,-1.6,0,-1.6,-11.6,2.4,-21.5,9.3,-22.9,0,-11.5,0,0,0,0,0,,,,WEIGHT SHIFT / HOLD / VOICE
220,441-442,18.333,odysseus,h,6.5,2,-6,-90,0,-1.6,0,-1.6,-11.6,2.4,-21.5,9.2,-22.9,0,-11.5,0,0,0,0,0,,,,WEIGHT SHIFT / HOLD / VOICE
221,443-444,18.417,odysseus,h,6.5,2,-6,-90,0,-1.6,0,-1.7,-11.6,2.3,-21.5,9.2,-22.9,0,-11.5,0,0,0,0,0,,,,WEIGHT SHIFT / HOLD / VOICE
222,445-446,18.5,odysseus,h,6.5,2,-6,-90,0,-1.6,0,-1.7,-11.6,2.3,-21.5,9.2,-22.9,0,-11.5,0,0,0,0,0,,,,WEIGHT SHIFT / HOLD / VOICE
223,447-448,18.583,odysseus,h,6.5,2,-6,-90,0,-1.5,0,-1.7,-11.6,2.2,-21.5,9.2,-22.9,0,-11.5,0,0,0,0,0,,,,WEIGHT SHIFT / HOLD / VOICE
224,449-450,18.667,odysseus,h,6.5,2,-6,-90,0,-1.5,0,-1.7,-11.6,2.2,-21.5,9.2,-22.9,0,-11.5,0,0,0,0,0,,,,WEIGHT SHIFT / HOLD / VOICE
225,451-452,18.75,odysseus,h,6.5,2,-6,-90,0,-1.5,0,-1.7,-11.6,2.1,-21.5,9.2,-22.9,0,-11.5,0,0,0,0,0,,,,WEIGHT SHIFT / HOLD / VOICE
226,453-454,18.833,odysseus,h,6.5,2,-6,-90,0,-1.5,0,-1.7,-11.6,2.1,-21.5,9.2,-22.9,0,-11.5,0,0,0,0,0,,,,WEIGHT SHIFT / HOLD / VOICE
227,455-456,18.917,odysseus,h,6.5,2,-6,-90,0,-1.4,0,-1.6,-11.6,2,-21.5,9.2,-22.9,0,-11.5,0,0,0,0,0,,,,WEIGHT SHIFT / HOLD / VOICE
228,457-458,19,odysseus,h,6.5,2,-6,-90,0,-1.4,0,-1.5,-11.6,2,-21.5,9.3,-22.9,0,-11.5,0,0,0,0,0,,,,WEIGHT SHIFT / HOLD / VOICE
229,459-460,19.083,odysseus,h,6.5,2,-6,-90,0,-1.4,0,-1.5,-11.6,1.9,-21.5,9.4,-22.9,0,-11.5,0,0,0,0,0,,,,WEIGHT SHIFT / HOLD / VOICE
230,461-462,19.167,odysseus,h,6.5,2,-6,-90,0,-1.4,0,-1.3,-11.6,1.9,-21.5,9.5,-22.9,0,-11.5,0,0,0,0,0,,,,WEIGHT SHIFT / HOLD / VOICE
231,463-464,19.25,odysseus,h,6.5,2,-6,-90,0,-1.3,0,-1.2,-11.6,1.9,-21.5,9.6,-22.9,0,-11.5,0,0,0,0,0,,,,WEIGHT SHIFT / HOLD / VOICE
232,465-466,19.333,odysseus,h,6.5,2,-6,-90,0,-1.3,0,-1.1,-11.6,1.8,-21.5,9.7,-22.9,0,-11.5,0,0,0,0,0,,,,WEIGHT SHIFT / HOLD / VOICE
233,467-468,19.417,odysseus,h,6.5,2,-6,-90,0,-1.3,0,-1,-11.6,1.8,-21.5,9.8,-22.9,0,-11.5,0,0,0,0,0,,,,WEIGHT SHIFT / HOLD / VOICE
234,469-470,19.5,odysseus,h,6.5,2,-6,-90,0,-1.3,0,-0.9,-11.6,1.7,-21.5,9.9,-22.9,0,-11.5,0,0,0,0,0,,,,WEIGHT SHIFT / HOLD / VOICE
235,471-472,19.583,odysseus,h,6.5,2,-6,-90,0,-1.3,0,-0.7,-11.6,1.7,-21.5,10,-22.9,0,-11.5,0,0,0,0,0,,,,HOLD / VOICE / UTTERANCE
236,473-474,19.667,odysseus,h,6.5,2,-6,-90,0,-1.3,0,-0.6,-11.6,1.7,-21.5,10.1,-22.9,0,-11.5,0,0,0,0,0,,,,HOLD / VOICE / UTTERANCE
237,475-476,19.75,odysseus,h,6.5,2,-6,-90,0,-1.3,0,-0.5,-11.6,1.7,-21.5,10.2,-22.9,0,-11.5,0,0,0,0,0,,,,HOLD / VOICE / UTTERANCE
238,477-478,19.833,odysseus,h,6.5,2,-6,-90,0,-1.3,0,-0.4,-11.6,1.7,-21.5,10.3,-22.9,0,-11.5,0,0,0,0,0,,,,HOLD / VOICE / UTTERANCE
239,479-480,19.917,odysseus,h,6.5,2,-6,-90,0,-1.3,0,-0.3,-11.6,1.7,-21.5,10.4,-22.9,0,-11.5,0,0,0,0,0,,,,HOLD / VOICE / UTTERANCE
240,481-482,20,odysseus,h,6.5,2,-6,-90,0,-1.3,0,-0.2,-11.6,1.7,-21.5,10.4,-22.9,0,-11.5,0,0,0,0,0,,,,HOLD / VOICE / UTTERANCE
241,483-484,20.083,odysseus,h,6.5,2,-6,-90,0,-1.3,0,-0.1,-11.6,1.7,-21.5,10.5,-22.9,0,-11.5,0,0,0,0,0,,,,LOOK / HOLD / VOICE
242,485-486,20.167,odysseus,A,6.5,2,-6,-90,0,-1.3,0,0,-10.3,1.7,5.8,2.8,-22.9,0,-11.5,0,0,0,0,0,,,,LOOK / HOLD / VOICE
243,487-488,20.25,odysseus,A,6.5,2,-6,-90,0,-1.3,0,0,-6.9,1.7,28.8,-1.5,-24.9,0,-11.5,0,-6.3,0,0,0,,,,GRIP / HOLD / VOICE
244,489-490,20.333,odysseus,A,6.5,2,-6,-90,0,-1.3,0,0,-1.9,1.7,47.7,-5.1,-26.4,0,-11.5,0,-10.7,0,0,0,,,,GRIP / HOLD / VOICE
245,491-492,20.417,odysseus,A,6.5,2,-6,-90,0,-1.3,0,0,4,1.7,62.4,-7.9,-27.2,0,-11.5,0,-13.4,0,0,0,,,,GRIP / HOLD / VOICE
246,493-494,20.5,odysseus,A,6.5,2,-6,-90,0,-1.3,0,0,10.2,1.7,72.8,-9.9,-27.5,0,-11.5,0,-14.3,0,0,0,,,,GRIP / HOLD / VOICE
247,495-496,20.583,odysseus,A,6.5,2,-6,-90,0,-1.3,0,-0.1,16.1,1.7,79.1,-11.1,-27.4,0,-11.5,0,-13.9,0,0,0,,,,GRIP / HOLD / VOICE
248,497-498,20.667,odysseus,A,6.5,2,-6,-90,0,-1.3,0,-0.1,21.1,1.7,81.2,-11.5,-27,0,-11.5,0,-12.8,0,0,0,,,,GRIP / HOLD / VOICE
249,499-500,20.75,odysseus,A,6.5,2,-6,-90,0,-1.3,0,-0.2,24.5,1.7,80.2,-11.6,-26.5,0,-11.5,0,-11.2,0,0,0,,,,GRIP / HOLD / VOICE
250,501-502,20.833,odysseus,h,6.5,2,-6,-90,0,-1.3,0,-0.2,25.8,1.7,78.4,-11.6,-25.9,0,-11.5,0,-9.3,0,0,0,,,,GRIP / HOLD / VOICE
251,503-504,20.917,odysseus,h,6.5,2,-6,-90,0,-1.3,0,-0.3,25.8,1.7,77.3,-11.7,-25.2,0,-11.5,0,-7.2,0,0,0,,,,GRIP / HOLD / VOICE
252,505-506,21,odysseus,h,6.5,2,-6,-90,0,-1.3,0,-0.4,25.8,1.7,77.3,-11.8,-24.5,0,-11.5,0,-5,0,0,0,,,,GRIP / HOLD / VOICE
253,507-508,21.083,odysseus,h,6.5,2,-6,-90,0,-1.3,0,-0.4,25.8,1.7,77.3,-11.8,-23.9,0,-11.5,0,-3.1,0,0,0,,,,GRIP / HOLD / VOICE
254,509-510,21.167,odysseus,h,6.5,2,-6,-90,0,-1.3,0,-0.5,25.8,1.7,77.3,-11.9,-23.4,0,-11.5,0,-1.5,0,0,0,,,,GRIP / HOLD / VOICE
255,511-512,21.25,odysseus,h,6.5,2,-6,-90,0,-1.3,0,-0.6,25.8,1.7,77.3,-12,-23,0,-11.5,0,-0.4,0,0,0,,,,GRIP / HOLD / VOICE
256,513-514,21.333,odysseus,h,6.5,2,-6,-90,0,-1.3,0,-0.7,25.8,1.7,77.3,-12.1,-22.9,0,-11.5,0,0,0,0,0,,,,LOOK / HOLD / VOICE
257,515-516,21.417,odysseus,A,6.5,2,-6,-90,0,-1.3,0,-0.8,23.7,1.7,41.4,2.2,-22.9,0,-11.5,0,0,0,0,0,,,,LOOK / HOLD / VOICE
258,517-518,21.5,odysseus,A,6.5,2,-6,-90,0,-1.3,0,-0.9,18.4,1.7,13.4,5.5,-22.9,0,-11.5,0,0,0,0,0,,,,LOOK / HOLD / VOICE
259,519-520,21.583,odysseus,A,6.5,2,-6,-90,0,-1.3,0,-1,11.1,1.7,-6.6,7.8,-22.9,0,-11.5,0,0,0,0,0,,,,LOOK / HOLD / VOICE
260,521-522,21.667,odysseus,A,6.5,2,-6,-90,0,-1.3,0,-1.1,3.1,1.7,-18.6,9.2,-22.9,0,-11.5,0,0,0,0,0,,,,LOOK / HOLD / VOICE
261,523-524,21.75,odysseus,A,6.5,2,-6,-90,0,-1.3,0,-1.2,-4.2,1.7,-22.6,9.6,-22.9,0,-11.5,0,0,0,0,0,,,,LOOK / HOLD / VOICE
262,525-526,21.833,odysseus,A,6.5,2,-6,-90,0,-1.3,0,-1.3,-9.5,1.7,-22.3,9.5,-22.9,0,-11.5,0,0,0,0,0,,,,LOOK / HOLD / VOICE
263,527-528,21.917,odysseus,A,6.5,2,-6,-90,0,-1.3,0,-1.4,-11.6,1.7,-21.8,9.5,-22.9,0,-11.5,0,0,0,0,0,,,,LOOK / HOLD / VOICE
264,529-530,22,odysseus,h,6.5,2,-6,-90,0,-1.3,0,-1.4,-11.6,1.7,-21.5,9.4,-22.9,0,-11.5,0,0,0,0,0,,,,LOOK / HOLD / VOICE
265,531-532,22.083,odysseus,h,6.5,2,-6,-90,0,-1.3,0,-1.5,-11.6,1.7,-21.5,9.3,-22.9,0,-11.5,0,0,0,0,0,,,,HOLD / VOICE / UTTERANCE
266,533-534,22.167,odysseus,h,6.5,2,-6,-90,0,-1.3,0,-1.6,-11.6,1.7,-21.5,9.3,-22.9,0,-11.5,0,0,0,0,0,,,,HOLD / VOICE / UTTERANCE
267,535-536,22.25,odysseus,h,6.5,2,-6,-90,0,-1,0,-1.6,-11.6,1.3,-21.5,9.2,-22.9,0,-11.5,0,0,0,0,0,,,,WEIGHT SHIFT / HOLD / VOICE
268,537-538,22.333,odysseus,A,6.5,2,-6,-90,0,-0.2,0,-1.7,-11.6,0.2,-21.5,9.2,-22.9,0,-11.5,0,0,0,0,0,,,,WEIGHT SHIFT / HOLD / VOICE
269,539-540,22.417,odysseus,A,6.5,2,-6,-90,0,0.7,-0.1,-1.7,-11.6,-1.1,-21.5,9.2,-22.9,0,-11.5,0,0,0,0,0,,,,WEIGHT SHIFT / HOLD / VOICE
270,541-542,22.5,odysseus,A,6.5,2,-6,-90,0,1.4,-0.1,-1.7,-11.6,-2.1,-21.5,9.2,-22.9,0,-11.5,0,0,0,0,0,,,,WEIGHT SHIFT / HOLD / VOICE
271,543-544,22.583,odysseus,h,6.5,2,-6,-90,0,1.7,-0.1,-1.7,-11.6,-2.6,-21.5,9.2,-22.9,0,-11.5,0,0,0,0,0,,,,WEIGHT SHIFT / HOLD / VOICE
272,545-546,22.667,odysseus,h,6.5,2,-6,-90,0,1.7,0,-1.7,-11.6,-2.5,-21.5,9.2,-22.9,0,-11.5,0,0,0,0,0,,,,WEIGHT SHIFT / HOLD / VOICE
273,547-548,22.75,odysseus,h,6.5,2,-6,-90,0,1.7,0,-1.7,-11.6,-2.5,-21.5,9.2,-22.9,0,-11.5,0,0,0,0,0,,,,WEIGHT SHIFT / HOLD / VOICE
274,549-550,22.833,odysseus,h,6.5,2,-6,-90,0,1.6,0,-1.6,-11.6,-2.4,-21.5,9.2,-22.9,0,-11.5,0,0,0,0,0,,,,WEIGHT SHIFT / HOLD / VOICE
275,551-552,22.917,odysseus,h,6.5,2,-6,-90,0,1.6,0,-1.5,-11.6,-2.4,-21.5,9.3,-22.9,0,-11.5,0,0,0,0,0,,,,WEIGHT SHIFT / HOLD / VOICE
276,553-554,23,odysseus,h,6.5,2,-6,-90,0,1.6,0,-1.5,-11.6,-2.4,-21.5,9.4,-22.9,0,-11.5,0,0,0,0,0,,,,WEIGHT SHIFT / HOLD / VOICE
277,555-556,23.083,odysseus,h,6.5,2,-6,-90,0,1.6,0,-1.3,-11.6,-2.3,-21.5,9.5,-22.9,0,-11.5,0,0,0,0,0,,,,WEIGHT SHIFT / HOLD / VOICE
278,557-558,23.167,odysseus,h,6.5,2,-6,-90,0,1.6,0,-1.2,-11.6,-2.3,-21.5,9.6,-22.9,0,-11.5,0,0,0,0,0,,,,WEIGHT SHIFT / HOLD / VOICE
279,559-560,23.25,odysseus,h,6.5,2,-6,-90,0,1.5,0,-1.1,-11.6,-2.2,-21.5,9.7,-22.9,0,-11.5,0,0,0,0,0,,,,WEIGHT SHIFT / HOLD / VOICE
280,561-562,23.333,odysseus,h,6.5,2,-6,-90,0,1.5,0,-1,-11.6,-2.2,-21.5,9.8,-22.9,0,-11.5,0,0,0,0,0,,,,WEIGHT SHIFT / HOLD / VOICE
281,563-564,23.417,odysseus,h,6.5,2,-6,-90,0,1.5,0,-0.9,-11.6,-2.1,-21.5,9.9,-22.9,0,-11.5,0,0,0,0,0,,,,WEIGHT SHIFT / HOLD / VOICE
282,565-566,23.5,odysseus,h,6.5,2,-6,-90,0,1.5,0,-0.7,-11.6,-2.1,-21.5,10,-22.9,0,-11.5,0,0,0,0,0,,,,WEIGHT SHIFT / HOLD / VOICE
283,567-568,23.583,odysseus,h,6.5,2,-6,-90,0,1.4,0,-0.6,-11.6,-2,-21.5,10.1,-22.9,0,-11.5,0,0,0,0,0,,,,WEIGHT SHIFT / HOLD / VOICE
284,569-570,23.667,odysseus,h,6.5,2,-6,-90,0,1.4,0,-0.5,-11.6,-2,-21.5,10.2,-22.9,0,-11.5,0,0,0,0,0,,,,WEIGHT SHIFT / HOLD / VOICE
285,571-572,23.75,odysseus,h,6.5,2,-6,-90,0,1.4,0,-0.4,-11.6,-1.9,-21.5,10.3,-22.9,0,-11.5,0,0,0,0,0,,,,WEIGHT SHIFT / HOLD / VOICE
286,573-574,23.833,odysseus,h,6.5,2,-6,-90,0,1.4,0,-0.3,-11.6,-1.9,-21.5,10.4,-22.9,0,-11.5,0,0,0,0,0,,,,WEIGHT SHIFT / HOLD / VOICE
287,575-576,23.917,odysseus,h,6.5,2,-6,-90,0,1.3,0,-0.2,-11.6,-1.9,-21.5,10.4,-22.9,0,-11.5,0,0,0,0,0,,,,WEIGHT SHIFT / HOLD / VOICE
288,577-578,24,odysseus,h,6.5,2,-6,-90,0,1.3,0,-0.1,-11.6,-1.8,-21.5,10.5,-22.9,0,-11.5,0,0,0,0,0,,,,WEIGHT SHIFT / HOLD / VOICE
289,579-580,24.083,odysseus,h,6.5,2,-6,-90,0,1.3,0,0,-11.6,-1.8,-21.5,10.6,-22.9,0,-11.5,0,0,0,0,0,,,,WEIGHT SHIFT / HOLD / VOICE
290,581-582,24.167,odysseus,h,6.5,2,-6,-90,0,1.3,0,0,-11.6,-1.7,-21.5,10.6,-22.9,0,-11.5,0,0,0,0,0,,,,WEIGHT SHIFT / HOLD / VOICE
291,583-584,24.25,odysseus,h,6.5,2,-6,-90,0,1.3,0,0,-11.6,-1.7,-21.5,10.6,-22.9,0,-11.5,0,0,0,0,0,,,,HOLD / VOICE / UTTERANCE
292,585-586,24.333,odysseus,h,6.5,2,-6,-90,0,1.3,0,0,-11.6,-1.7,-21.5,10.6,-22.9,0,-11.5,0,0,0,0,0,,,,HOLD / VOICE / UTTERANCE
293,587-588,24.417,odysseus,h,6.5,2,-6,-90,0,1.3,0,0,-11.6,-1.7,-21.5,10.6,-22.9,0,-11.5,0,0,0,0,0,,,,HOLD / VOICE / UTTERANCE
294,589-590,24.5,odysseus,h,6.5,2,-6,-90,0,1.3,0,-0.1,-11.6,-1.7,-21.5,10.5,-22.9,0,-11.5,0,0,0,0,0,,,,GRIP / HOLD / VOICE
295,591-592,24.583,odysseus,h,6.5,2,-6,-90,0,1.3,0,-0.1,-11.6,-1.7,-21.5,10.5,-24.6,0,-11.5,0,-5.2,0,0,0,,,,GRIP / HOLD / VOICE
296,593-594,24.667,odysseus,h,6.5,2,-6,-90,0,1.3,0,-0.2,-11.6,-1.7,-21.5,10.5,-25.9,0,-11.5,0,-9.2,0,0,0,,,,GRIP / HOLD / VOICE
297,595-596,24.75,odysseus,h,6.5,2,-6,-90,0,1.3,0,-0.2,-11.6,-1.7,-21.5,10.4,-26.8,0,-11.5,0,-12,0,0,0,,,,GRIP / HOLD / VOICE
298,597-598,24.833,odysseus,h,6.5,2,-6,-90,0,1.3,0,-0.3,-11.6,-1.7,-21.5,10.4,-27.3,0,-11.5,0,-13.8,0,0,0,,,,GRIP / HOLD / VOICE
299,599-600,24.917,odysseus,h,6.5,2,-6,-90,0,1.3,0,-0.4,-11.6,-1.7,-21.5,10.3,-27.5,0,-11.5,0,-14.3,0,0,0,,,,GRIP / HOLD / VOICE
300,601-602,25,odysseus,h,6.5,2,-6,-90,0,1.3,0,-0.4,-11.6,-1.7,-21.5,10.2,-27.4,0,-11.5,0,-13.9,0,0,0,,,,GRIP / HOLD / VOICE
301,603-604,25.083,odysseus,h,6.5,2,-6,-90,0,1.3,0,-0.5,-11.6,-1.7,-21.5,10.2,-27,0,-11.5,0,-12.8,0,0,0,,,,GRIP / HOLD / VOICE
302,605-606,25.167,odysseus,h,6.5,2,-6,-90,0,1.3,0,-0.6,-11.6,-1.7,-21.5,10.1,-26.5,0,-11.5,0,-11.2,0,0,0,,,,GRIP / HOLD / VOICE
303,607-608,25.25,odysseus,h,6.5,2,-6,-90,0,1.3,0,-0.7,-11.6,-1.7,-21.5,10,-25.9,0,-11.5,0,-9.3,0,0,0,,,,GRIP / HOLD / VOICE
304,609-610,25.333,odysseus,h,6.5,2,-6,-90,0,1.3,0,-0.8,-11.6,-1.7,-21.5,9.9,-25.2,0,-11.5,0,-7.2,0,0,0,,,,GRIP / HOLD / VOICE
305,611-612,25.417,odysseus,h,6.5,2,-6,-90,0,1.3,0,-0.9,-11.6,-1.7,-21.5,9.8,-24.5,0,-11.5,0,-5,0,0,0,,,,GRIP / HOLD / VOICE
306,613-614,25.5,odysseus,h,6.5,2,-6,-90,0,1.3,0,-1,-11.6,-1.7,-21.5,9.8,-23.9,0,-11.5,0,-3.1,0,0,0,,,,LOOK / HOLD / VOICE
307,615-616,25.583,odysseus,R,6.5,2,-6,-90,0,1.3,0,-1.1,-9.2,-1.7,-15,2,-23.4,0,-11.5,0,-1.5,0,0,0,,,,LOOK / HOLD / VOICE
308,617-618,25.667,odysseus,R,6.5,2,-6,-90,0,1.3,0,-1.2,-3.5,-1.7,0.6,1.4,-23,0,-11.5,0,-0.4,0,0,0,,,,LOOK / HOLD / VOICE
309,619-620,25.75,odysseus,R,6.5,2,-6,-90,0,1.3,0,-1.3,3.3,-1.7,19.2,0.2,-22.9,0,-11.5,0,0,0,0,0,,,,LOOK / HOLD / VOICE
310,621-622,25.833,odysseus,R,6.5,2,-6,-90,0,1.3,0,-1.4,9,-1.7,34.7,-1,-22.9,0,-11.5,0,0,0,0,0,,,,LOOK / HOLD / VOICE
311,623-624,25.917,odysseus,R,6.5,2,-6,-90,0,1.3,0,-1.4,11.4,-1.7,41.2,-1.6,-22.9,0,-11.5,0,0,0,0,0,,,,LOOK / HOLD / VOICE
312,625-626,26,odysseus,R,6.5,2,-6,-90,0,1.3,0,-1.5,9.4,-1.7,6,1.6,-22.9,0,-11.5,0,0,0,0,0,,,,LOOK / SIGNAL / NEEDLE
313,627-628,26.083,odysseus,R,6.5,2,-6,-90,0,1.3,0,-1.6,4.4,-1.7,-22.9,-3.6,-22.9,0,-11.5,0,0,0,0,0,,,,LOOK / SIGNAL / NEEDLE
314,629-630,26.167,odysseus,R,6.5,2,-6,-90,0,1.3,0,-1.6,-2.6,-1.7,-45.3,-7.6,-22.9,0,-11.5,0,0,0,0,0,,,,LOOK / SIGNAL / NEEDLE
315,631-632,26.25,odysseus,R,6.5,2,-6,-90,0,1.3,0,-2.1,-10.2,-1.7,-61.3,-10.5,-22.9,0,-14.4,0,0,0,0,0,,,,SIGNAL GO / SIGNAL / NEEDLE
316,633-634,26.333,odysseus,R,6.5,2,-6,-90,0,1.3,0,-3,-17.1,-1.7,-71,-12.3,-22.9,0,-19.9,0,0,0,0,0,,,,SIGNAL GO / SIGNAL / NEEDLE
317,635-636,26.417,odysseus,R,6.5,2,-6,-90,0,1.3,0,-3.4,-22.2,-1.7,-74.2,-12.6,-22.9,0,-22.9,0,0,0,0,0,,,,SIGNAL GO / SIGNAL / NEEDLE
318,637-638,26.5,odysseus,R,6.5,2,-6,-89.9,0,1.3,0,3.4,-24.2,-1.7,-73.3,-12.6,-22.9,0,-86.3,0,0,0,0,0,,,,WALK / APPROACH / SIGNAL
319,639-640,26.583,odysseus,A,6.4,2,-5.9,-87.4,0,1.3,0,3,-20.4,-1.5,-61.8,-12.6,-23.3,0,-78.2,0,0,0,0.5,-0.5,,,,TRACK / APPROACH / SIGNAL
320,641-642,26.667,odysseus,R,6.4,2,-5.8,-82.1,0,1.3,0,2.3,-17.6,-1,-20.5,0.5,-25,0,-58.3,0,0,0,2.7,-2.7,,,,TRACK / APPROACH / SIGNAL
321,643-644,26.75,odysseus,R,6.3,2,-5.7,-74.9,0,1.3,0,1.5,-10.8,-0.4,4.3,8.8,-28.4,0,-33.2,0,0,0,7.1,-7.1,,,,TRACK / APPROACH / SIGNAL
322,645-646,26.833,odysseus,R,6.3,2,-5.6,-66.4,0,1.3,0,0.9,-2.8,0.2,12.5,11.9,-33.4,0,-10.3,0,0,0,13.5,-13.5,,,,TRACK / APPROACH / SIGNAL
323,647-648,26.917,odysseus,R,6.2,2,-5.6,-57.6,0,1.3,0,0.9,3.9,0.6,12.5,12.3,-39.2,0,2.5,0,0,0,21,-21,,,,TRACK / APPROACH / SIGNAL
324,649-650,27,odysseus,R,6.1,2,-5.5,-49.1,0,1.3,-0.1,1.2,6.7,0.9,12.5,12.6,-44.6,0,7,0,0,0,27.9,-27.9,,,,TRACK / APPROACH / SIGNAL
325,651-652,27.083,odysseus,R,6.1,2,-5.4,-41.8,0,1.3,-0.1,1.7,5.2,1.3,-3,12.6,-48.2,0,9.5,0,0,0,32.2,-32.2,,,,TRACK / APPROACH / SIGNAL
326,653-654,27.167,odysseus,R,6,2,-5.3,-36.5,0,1.3,-0.1,2.2,1.4,1.7,-12.3,12.6,-50.2,0,10.4,0,0,0,34.3,-34.3,,,,TRACK / APPROACH / SIGNAL
327,655-656,27.25,odysseus,R,5.9,2,-5.2,-33.8,0,1.3,-0.2,2.8,-3,2.1,-15.5,12.6,-51.6,0,10.4,0,0,0,35.4,-35.4,,,,TRACK / APPROACH / SIGNAL
328,657-658,27.333,odysseus,R,5.9,2,-5.1,-33.7,0,1.3,-0.2,3.4,-6.8,2.6,-15.5,12.6,-52.2,0,9.6,0,0,0,35.4,-35.4,,,,TRACK / APPROACH / SIGNAL
329,659-660,27.417,odysseus,R,5.8,2,-5,-33.7,0,1.3,-0.1,3.4,-8.3,2,-15.5,12.6,-52.1,0,7.8,0,0,0,34.2,-34.2,,,,TRACK / APPROACH / SIGNAL
330,661-662,27.5,odysseus,R,5.7,2,-4.9,-33.7,0,1.3,-0.1,3.4,-8.3,1.5,-15.5,12.6,-51,0,5.2,0,0,0,31.8,-31.8,,,,TRACK / APPROACH / SIGNAL
331,663-664,27.583,odysseus,R,5.7,2,-4.8,-33.7,0,1.3,0,3.4,-8.9,1,-20.8,12.6,-49.2,0,1.6,0,0,0,28.2,-28.2,,,,TRACK / APPROACH / SIGNAL
332,665-666,27.667,odysseus,R,5.6,2,-4.6,-33.7,0,1.3,0,3.4,-10.1,0.6,-24,12.5,-46.7,0,-2.8,0,0,0,23.6,-23.6,,,,TRACK / APPROACH / SIGNAL
333,667-668,27.75,odysseus,R,5.5,2,-4.5,-33.7,0,1.3,0.1,3.4,-11.7,0.4,-25.1,11.9,-43.5,0,-8,0,0,0,18,-18,,,,TRACK / APPROACH / SIGNAL
334,669-670,27.833,odysseus,A,5.4,2,-4.4,-33.7,0,1.3,0.1,3.4,-13,0.2,-25.1,11.3,-39.8,0,-13.7,0,0,0,11.7,-11.7,,,,TRACK / APPROACH / SIGNAL
335,671-672,27.917,odysseus,A,5.4,2,-4.3,-33.7,0,1.3,0.1,3.4,-13.5,0,-25.1,10.8,-35.8,0,-19.9,0,0,0,4.8,-4.8,,,,TRACK / APPROACH / SIGNAL
336,673-674,28,odysseus,A,5.3,2,-4.2,-33.7,0,1.3,0.1,3.4,-13.6,0,-26.1,10.4,-31.6,0,-26.3,0,0,0,-2.3,2.3,,,,TRACK / APPROACH / SIGNAL
337,675-676,28.083,odysseus,A,5.2,2,-4.1,-33.7,0,1.3,0.1,3.4,-13.8,0,-26.6,10.3,-27.5,0,-32.7,0,0,0,-9.4,9.4,,,,TRACK / APPROACH / SIGNAL
338,677-678,28.167,odysseus,A,5.1,2,-4,-33.7,0,1.3,0.1,3.4,-14.1,-0.2,-26.8,10.4,-23.6,0,-38.9,0,0,0,-16.1,16.1,,,,TRACK / APPROACH / SIGNAL
339,679-680,28.25,odysseus,A,5.1,2,-3.9,-33.7,0,1.3,0.1,3.4,-14.3,-0.4,-26.8,10.8,-20.2,0,-44.6,0,0,0,-22.3,22.3,,,,TRACK / APPROACH / SIGNAL
340,681-682,28.333,odysseus,A,5,2,-3.7,-33.7,0,1.3,0,3.4,-14.4,-0.6,-26.8,11.3,-17.5,0,-49.7,0,0,0,-27.5,27.5,,,,TRACK / APPROACH / SIGNAL
341,683-684,28.417,odysseus,A,4.9,2,-3.6,-33.7,0,1.3,0,3.4,-14.4,-1,-26.8,11.9,-15.6,0,-54.1,0,0,0,-31.5,31.5,,,,TRACK / APPROACH / SIGNAL
342,685-686,28.5,odysseus,A,4.8,2,-3.5,-33.7,0,1.3,-0.1,3.4,-14.6,-1.5,-28,12.5,-14.7,0,-57.4,0,0,0,-34.2,34.2,,,,TRACK / APPROACH / SIGNAL
343,687-688,28.583,odysseus,A,4.8,2,-3.4,-33.7,0,1.3,-0.1,3.4,-14.8,-2,-28.7,12.6,-15,0,-59.7,0,0,0,-35.5,35.5,,,,TRACK / APPROACH / SIGNAL
344,689-690,28.667,odysseus,A,4.7,2,-3.3,-33.7,0,1.3,-0.2,3.4,-15.2,-2.6,-28.9,12.6,-16.3,0,-60.9,0,0,0,-35.1,35.1,,,,TRACK / APPROACH / SIGNAL
345,691-692,28.75,odysseus,A,4.6,2,-3.2,-33.7,0,1.3,-0.1,3.4,-15.4,-1.9,-28.9,12.6,-18.8,0,-60.9,0,0,0,-33.2,33.2,,,,TRACK / APPROACH / SIGNAL
346,693-694,28.833,odysseus,A,4.5,2,-3,-33.7,0,1.3,0,3.4,-15.6,-1.3,-28.9,12.6,-22.4,0,-59.9,0,0,0,-29.9,29.9,,,,TRACK / APPROACH / SIGNAL
347,695-696,28.917,odysseus,A,4.4,2,-2.9,-33.7,0,1.3,0,3.4,-15.7,-0.8,-30.2,12.6,-26.9,0,-58,0,0,0,-25.2,25.2,,,,TRACK / APPROACH / SIGNAL
348,697-698,29,odysseus,A,4.4,2,-2.8,-33.7,0,1.3,0.1,3.4,-16,-0.5,-31,12.2,-32.2,0,-55.2,0,0,0,-19.4,19.4,,,,TRACK / APPROACH / SIGNAL
349,699-700,29.083,odysseus,A,4.3,2,-2.7,-33.7,0,1.3,0.1,3.4,-16.4,-0.2,-31.3,11.6,-38.2,0,-51.8,0,0,0,-12.8,12.8,,,,TRACK / APPROACH / SIGNAL
350,701-702,29.167,odysseus,A,4.2,2,-2.6,-33.7,0,1.3,0.1,3.4,-16.7,-0.1,-31.3,10.9,-44.5,0,-48,0,0,0,-5.6,5.6,,,,TRACK / APPROACH / SIGNAL
351,703-704,29.25,odysseus,A,4.1,2,-2.4,-33.7,0,1.3,0.1,3.4,-16.8,0,-31.3,10.5,-51,0,-44,0,0,0,1.8,-1.8,,,,TRACK / APPROACH / SIGNAL
352,705-706,29.333,odysseus,A,4.1,2,-2.3,-33.7,0,1.3,0.1,3.4,-16.9,0,-32.4,10.3,-57.4,0,-40.1,0,0,0,9.1,-9.1,,,,TRACK / APPROACH / SIGNAL
353,707-708,29.417,odysseus,A,4,2,-2.2,-33.7,0,1.3,0.1,3.4,-17.2,0.2,-33.3,10.4,-63.4,0,-36.5,0,0,0,16,-16,,,,TRACK / APPROACH / SIGNAL
354,709-710,29.5,odysseus,A,3.9,2,-2.1,-33.7,0,1.3,0.1,3.4,-17.6,0.4,-33.8,10.8,-68.9,0,-33.4,0,0,0,22.1,-22.1,,,,TRACK / APPROACH / SIGNAL
355,711-712,29.583,odysseus,A,3.8,2,-2,-33.7,0,1.3,0,3.4,-17.9,0.6,-34,11.3,-73.8,0,-30.9,0,0,0,27.3,-27.3,,,,TRACK / APPROACH / SIGNAL
356,713-714,29.667,odysseus,A,3.7,2,-1.9,-33.7,0,1.3,0,3.4,-18.2,1,-34,11.9,-77.7,0,-29.3,0,0,0,31.3,-31.3,,,,TRACK / APPROACH / SIGNAL
357,715-716,29.75,odysseus,A,3.7,2,-1.8,-33.7,0,1.3,-0.1,3.4,-18.3,1.5,-34,12.5,-80.6,0,-28.5,0,0,0,34.1,-34.1,,,,TRACK / APPROACH / SIGNAL
358,717-718,29.833,odysseus,A,3.6,2,-1.6,-33.7,0,1.3,-0.1,3.4,-18.4,2,-35.6,12.6,-82.6,0,-28.8,0,0,0,35.4,-35.4,,,,TRACK / APPROACH / SIGNAL
359,719-720,29.917,odysseus,A,3.5,2,-1.5,-33.7,0,1.3,-0.2,3.4,-18.8,2.6,-36.6,12.6,-83.4,0,-30,0,0,0,35.3,-35.3,,,,TRACK / APPROACH / SIGNAL
360,721-722,30,odysseus,A,3.4,2,-1.4,-33.7,0,1.3,-0.1,3.4,-19.3,2,-36.9,12.6,-83.3,0,-32.2,0,0,0,33.9,-33.9,,,,TRACK / APPROACH / SIGNAL
361,723-724,30.083,odysseus,A,3.4,2,-1.3,-33.7,0,1.3,-0.1,3.4,-19.7,1.5,-36.9,12.6,-82.2,0,-35.2,0,0,0,31.2,-31.2,,,,TRACK / APPROACH / SIGNAL
362,725-726,30.167,odysseus,A,3.3,2,-1.2,-33.7,0,1.3,0,3.4,-19.9,1,-36.9,12.6,-80.2,0,-39,0,0,0,27.4,-27.4,,,,TRACK / APPROACH / SIGNAL
363,727-728,30.25,odysseus,A,3.2,2,-1.1,-33.7,0,1.3,0,3.4,-20,0.6,-38.3,12.5,-77.6,0,-43.4,0,0,0,22.7,-22.7,,,,TRACK / APPROACH / SIGNAL
364,729-730,30.333,odysseus,A,3.2,2,-1,-33.7,0,1.3,0.1,3.4,-20.3,0.4,-39.3,11.9,-74.4,0,-48.2,0,0,0,17.3,-17.3,,,,TRACK / APPROACH / SIGNAL
365,731-732,30.417,odysseus,A,3.1,2,-0.9,-34,0,1.3,0.1,3.4,-20.7,0.2,-39.9,11.3,-70.7,0,-53.3,0,0,0,11.4,-11.4,,,,TRACK / APPROACH / SIGNAL
366,733-734,30.5,odysseus,A,3,2,-0.8,-36.7,0,1.3,0.1,3.4,-21.1,0,-40.1,10.8,-66.9,0,-58.6,0,0,0,5.2,-5.2,,,,TRACK / APPROACH / SIGNAL
367,735-736,30.583,odysseus,A,3,2,-0.7,-41.6,0,1.3,0.1,3.4,-21.4,0,-40.1,10.4,-62.9,0,-63.8,0,0,0,-1,1,,,,TRACK / APPROACH / SIGNAL
368,737-738,30.667,odysseus,A,2.9,2,-0.6,-48.3,0,1.3,0.1,2.5,-21.6,0,-40.1,10.3,-59.1,0,-68.9,0,0,0,-7.1,7.1,,,,TRACK / APPROACH / SIGNAL
369,739-740,30.75,odysseus,A,2.8,2,-0.5,-56.1,0,1.3,0,1.6,-21.3,0,-37.7,10.3,-56.1,0,-72.8,0,0,0,-11.7,11.7,,,,TRACK / APPROACH / SIGNAL
370,741-742,30.833,odysseus,A,2.8,2,-0.4,-64.2,0,1.3,0,0.8,-20.8,0,-36.2,10.4,-55.1,0,-74.7,0,0,0,-13.7,13.7,,,,TRACK / APPROACH / SIGNAL
371,743-744,30.917,odysseus,A,2.7,2,-0.3,-72.2,0,1.3,0,0.1,-20.1,0,-35.7,10.5,-56.1,0,-74.4,0,0,0,-12.7,12.7,,,,TRACK / APPROACH / SIGNAL
372,745-746,31,odysseus,A,2.7,2,-0.2,-79.4,0,1.3,-0.1,-0.4,-19.5,0,-35.7,10.6,-58.8,0,-72.3,0,0,0,-9.3,9.3,,,,TRACK / APPROACH / SIGNAL
373,747-748,31.083,odysseus,A,2.6,2,-0.2,-85.2,0,1.3,-0.1,-0.9,-19.2,0,-35.7,10.7,-62.2,0,-69.3,0,0,0,-5,5,,,,TRACK / APPROACH / SIGNAL
374,749-750,31.167,odysseus,A,2.5,2,-0.1,-88.9,0,1.3,-0.1,-1.3,-18,0,-23.1,10.8,-65,0,-66.8,0,0,0,-1.3,1.3,,,,TRACK / APPROACH / SIGNAL
375,751-752,31.25,odysseus,A,2.5,2,0,-90,0,1.3,-0.1,-1.5,-14.9,0,-15.5,11,-65.9,0,-65.9,0,0,0,0,0,,,,TRACK / APPROACH / SIGNAL
376,753-754,31.333,odysseus,A,2.5,2,0,-90,0,1.3,-0.1,-1.7,-11.3,0,-12.9,11.1,-65.9,0,-65.9,0,0,0,0,0,,,,TRACK / APPROACH / SIGNAL
377,755-756,31.417,odysseus,A,2.5,2,0,-90,0,1.3,-0.1,-1.7,-8.2,0,-12.9,11.2,-65.9,0,-65.9,0,0,0,0,0,,,,TRACK / APPROACH / SIGNAL
378,757-758,31.5,odysseus,h,2.5,2,0,-90,0,1.3,-0.1,-1.5,-7,0,-12.9,11.3,-65.9,0,-65.9,0,0,0,0,0,,,,TRACK / APPROACH / SIGNAL
379,759-760,31.583,odysseus,h,2.5,2,0,-90,0,1.3,-0.1,-0.9,-7,0,-12.9,11.4,-65.9,0,-65.9,0,0,0,0,0,,,,TRACK / APPROACH / SIGNAL
380,761-762,31.667,odysseus,h,2.5,2,0,-90,0,1.3,0,-0.3,-7,0,-12.9,11.4,-65.9,0,-65.9,0,0,0,0,0,,,,TRACK / APPROACH / SIGNAL
381,763-764,31.75,odysseus,A,2.5,2,0,-90,0,1.3,0,-0.4,-7.3,0,-12.2,2.9,-65.9,0,-65.9,0,-4.2,4.2,0,0,,,,TURN IN THE FIRE / HEAT / APPROACH
382,765-766,31.833,odysseus,A,2.5,2,0,-90,0,1.3,0,-1.2,-8.3,0,-11.6,7.6,-65.9,0,-65.9,0,-14.1,14.1,0,0,,,,TURN IN THE FIRE / HEAT / APPROACH
383,767-768,31.917,odysseus,h,2.5,2,0,-90,0,1.3,0,-2.2,-9.3,0,-11.3,10.5,-65.9,0,-65.9,0,-26,26,0,0,,,,TURN IN THE FIRE / HEAT / APPROACH
384,769-770,32,odysseus,h,2.5,2,0,-90,0,1.3,0,-3.1,-10.2,0,-11.2,11.5,-65.9,0,-65.9,0,-35.9,35.9,0,0,,,,TURN IN THE FIRE / HEAT / APPROACH
385,771-772,32.083,odysseus,h,2.5,2,0,-90,0,1.3,0,-3.4,-10.4,0,-11.1,11.5,-65.9,0,-65.9,0,-40.1,40.1,0,0,,,,TURN IN THE FIRE / HEAT / APPROACH
386,773-774,32.167,odysseus,h,2.5,2,0,-90,0,1.3,0,-3.4,-10.2,0,-10.8,11.5,-65.9,0,-65.9,0,-38.6,38.6,0,0,,,,TURN IN THE FIRE / HEAT / APPROACH
387,775-776,32.25,odysseus,h,2.5,2,0,-90,0,1.3,0,-3.3,-9.8,0,-10.7,11.5,-65.9,0,-65.9,0,-34.7,34.7,0,0,,,,TURN IN THE FIRE / HEAT / APPROACH
388,777-778,32.333,odysseus,h,2.5,2,0,-90,0,1.3,0,-3.1,-9.2,0,-10.7,11.5,-65.9,0,-65.9,0,-29.2,29.2,0,0,,,,TURN IN THE FIRE / HEAT / APPROACH
389,779-780,32.417,odysseus,h,2.5,2,0,-90,0,1.3,0,-2.9,-8.6,0,-10.7,11.5,-65.9,0,-65.9,0,-22.9,22.9,0,0,,,,TURN IN THE FIRE / HEAT / APPROACH
390,781-782,32.5,odysseus,h,2.5,2,0,-90,0,1.3,0,-2.7,-8,0,-10.7,11.5,-65.9,0,-65.9,0,-16.6,16.6,0,0,,,,TURN IN THE FIRE / HEAT / APPROACH
391,783-784,32.583,odysseus,h,2.5,2,0,-90,0,1.3,0,-2.5,-7.4,0,-10.7,11.5,-65.9,0,-65.9,0,-11.1,11.1,0,0,,,,TURN IN THE FIRE / HEAT / APPROACH
392,785-786,32.667,odysseus,h,2.5,2,0,-90,0,1.3,0,-2.3,-7,0,-10.7,11.5,-65.9,0,-65.9,0,-7.2,7.2,0,0,,,,TURN IN THE FIRE / HEAT / APPROACH
393,787-788,32.75,odysseus,h,2.5,2,0,-90,0,1.3,0,-2.3,-6.9,0,-10.7,11.5,-65.9,0,-65.9,0,-5.7,5.7,0,0,,,,TURN IN THE FIRE / HEAT / APPROACH
394,789-790,32.833,odysseus,h,2.5,2,0,-90,0,1.3,0,-2.3,-6.9,0,-10.7,11.5,-65.9,0,-65.9,0,-5.7,5.7,0,0,,,,HOLD / APPROACH / SIGNAL
395,791-792,32.917,odysseus,h,2.5,2,0,-90,0,1.3,0,-2.3,-6.9,0,-10.7,11.5,-65.9,0,-65.9,0,-5.7,5.7,0,0,,,,HOLD / APPROACH / SIGNAL
396,793-794,33,odysseus,h,2.5,2,0,-90,0,1.3,0,-2.3,-6.9,0,-10.7,11.5,-65.9,0,-65.9,0,-5.7,5.7,0,0,,,,HOLD / APPROACH / SIGNAL
397,795-796,33.083,odysseus,h,2.5,2,0,-90,0,1.3,0,-2.3,-6.9,0,-10.7,11.5,-65.9,0,-65.9,0,-5.7,5.7,0,0,,,,HOLD / APPROACH / SIGNAL
398,797-798,33.167,odysseus,h,2.5,2,0,-90,0,1.3,0,-2.3,-6.9,0,-10.7,11.5,-65.9,0,-65.9,0,-5.7,5.7,0,0,,,,HOLD / APPROACH / SIGNAL
399,799-800,33.25,odysseus,h,2.5,2,0,-90,0,1.3,0,-2.4,-7.3,0,-10.7,11.5,-65.9,0,-65.9,0,-9.3,9.3,0,0,,,,TURN IN THE FIRE / HEAT / APPROACH
400,801-802,33.333,odysseus,h,2.5,2,0,-90,0,1.3,0,-2.7,-8.1,0,-10.7,11.5,-65.9,0,-65.9,0,-17.8,17.8,0,0,,,,LOOK / ATTEND / SIGHT
401,803-804,33.417,odysseus,R,2.5,2,0,-90,0,1.3,0,-3,-9.1,0,-10.9,2.9,-65.9,0,-65.9,0,-28,28,0,0,,,,LOOK / ATTEND / SIGHT
402,805-806,33.5,odysseus,R,2.5,2,0,-90,0,1.3,0,-3.3,-10,0,-11.1,7.6,-65.9,0,-65.9,0,-36.5,36.5,0,0,,,,LOOK / ATTEND / SIGHT
403,807-808,33.583,odysseus,R,2.5,2,0,-90,0,1.3,0,-3.4,-10.3,0,-11.2,10.5,-65.9,0,-65.9,0,-40.1,40.1,0,0,,,,LOOK / ATTEND / SIGHT
404,809-810,33.667,odysseus,h,2.5,2,0,-90,0,1.3,0,-3.4,-10.2,0,-11.2,11.5,-65.9,0,-65.9,0,-38.6,38.6,0,0,,,,LOOK / ATTEND / SIGHT
405,811-812,33.75,odysseus,h,2.5,2,0,-90,0,1.3,0,-3.3,-9.8,0,-11.1,11.5,-65.9,0,-65.9,0,-34.7,34.7,0,0,,,,LOOK / ATTEND / SIGHT
406,813-814,33.833,odysseus,h,2.5,2,0,-90,0,1.3,0,-3.1,-9.2,0,-10.8,11.5,-65.9,0,-65.9,0,-29.2,29.2,0,0,,,,LOOK / ATTEND / SIGHT
407,815-816,33.917,odysseus,h,2.5,2,0,-90,0,1.3,0,-2.9,-8.6,0,-10.7,11.5,-65.9,0,-65.9,0,-22.9,22.9,0,0,,,,LOOK / ATTEND / SIGHT
408,817-818,34,odysseus,h,2.5,2,0,-90,0,1.3,0,-2.7,-8,0,-10.7,11.5,-65.9,0,-65.9,0,-16.6,16.6,0,0,,,,LOOK / ATTEND / SIGHT
409,819-820,34.083,odysseus,h,2.5,2,0,-90,0,1.3,0,-2.5,-7.4,0,-10.7,11.5,-65.9,0,-65.9,0,-11.1,11.1,0,0,,,,LOOK / ATTEND / SIGHT
410,821-822,34.167,odysseus,R,2.5,2,0,-90,0,1.3,0,-2.3,-7,0,-10.7,11.5,-65.9,0,-65.9,0,-7.2,7.2,0,0,,,,LOOK / ATTEND / SIGHT
411,823-824,34.25,odysseus,R,2.5,2,0,-90,0,1.3,0,-2.3,-7.7,0,-22.5,2.9,-65.9,0,-65.9,0,-5.7,5.7,0,0,,,,LOOK / HOLD / APPROACH
412,825-826,34.333,odysseus,R,2.5,2,0,-90,0,1.3,0,-2.3,-9.9,0,-32.1,4.7,-65.9,0,-65.9,0,-5.7,5.7,0,0,,,,LOOK / HOLD / APPROACH
413,827-828,34.417,odysseus,R,2.5,2,0,-90,0,1.3,0,-2.3,-13.1,0,-39.6,6.2,-65.9,0,-65.9,0,-5.7,5.7,0,0,,,,LOOK / HOLD / APPROACH
414,829-830,34.5,odysseus,R,2.5,2,0,-90,0,1.3,0,-2.3,-16.7,0,-45,7.2,-65.9,0,-65.9,0,-5.7,5.7,0,0,,,,LOOK / HOLD / APPROACH
415,831-832,34.583,odysseus,R,2.5,2,0,-90,0,1.3,0,-2.3,-20.2,0,-48.2,7.8,-65.9,0,-65.9,0,-5.7,5.7,0,0,,,,TURN IN THE FIRE / HEAT / APPROACH
416,833-834,34.667,odysseus,R,2.5,2,0,-90,0,1.3,0,-2.4,-22.9,0,-49.3,8,-65.9,0,-65.9,0,-2.3,2.3,0,0,,,,TURN IN THE FIRE / HEAT / APPROACH
417,835-836,34.75,odysseus,R,2.5,2,0,-90,0,1.3,0,-2.6,-24.1,0,-48.7,8,-65.9,0,-65.9,0,6.2,-6.2,0,0,,,,TURN IN THE FIRE / HEAT / APPROACH
418,837-838,34.833,odysseus,H,2.5,2,0,-90,0,1.3,0,-2.9,-23.6,0,-47.5,8,-65.9,0,-65.9,0,17.2,-17.2,0,0,,,,TURN IN THE FIRE / HEAT / APPROACH
419,839-840,34.917,odysseus,H,2.5,2,0,-90,0,1.3,0,-3.1,-22.2,0,-46.9,8,-65.9,0,-65.9,0,28.2,-28.2,0,0,,,,TURN IN THE FIRE / HEAT / APPROACH
420,841-842,35,odysseus,H,2.5,2,0,-90,0,1.3,0,-3.4,-21.1,0,-46.9,8,-65.9,0,-65.9,0,36.7,-36.7,0,0,,,,TURN IN THE FIRE / HEAT / APPROACH
421,843-844,35.083,odysseus,R,2.5,2,0,-90,0,1.3,0,-3.4,-20.7,0,-46.9,8,-65.9,0,-65.9,0,40.1,-40.1,0,0,,,,TURN IN THE FIRE / HEAT / APPROACH
422,845-846,35.167,odysseus,R,2.5,2,0,-90,0,1.3,0,-3.4,-20.9,0,-46.9,8,-65.9,0,-65.9,0,38.2,-38.2,0,0,,,,TURN IN THE FIRE / HEAT / APPROACH
423,847-848,35.25,odysseus,H,2.5,2,0,-90,0,1.3,0,-3.2,-21.4,0,-46.9,8,-65.9,0,-65.9,0,33.3,-33.3,0,0,,,,TURN IN THE FIRE / HEAT / APPROACH
424,849-850,35.333,odysseus,H,2.5,2,0,-90,0,1.3,0,-3,-22,0,-46.9,8,-65.9,0,-65.9,0,26.6,-26.6,0,0,,,,TURN IN THE FIRE / HEAT / APPROACH
425,851-852,35.417,odysseus,H,2.5,2,0,-90,0,1.3,0,-2.7,-22.8,0,-46.9,8,-65.9,0,-65.9,0,19.3,-19.3,0,0,,,,TURN IN THE FIRE / HEAT / APPROACH
426,853-854,35.5,odysseus,H,2.5,2,0,-90,0,1.3,0,-2.5,-23.4,0,-46.9,8,-65.9,0,-65.9,0,12.5,-12.5,0,0,,,,TURN IN THE FIRE / HEAT / APPROACH
427,855-856,35.583,odysseus,H,2.5,2,0,-90,0,1.3,0,-2.4,-23.9,0,-46.9,8,-65.9,0,-65.9,0,7.6,-7.6,0,0,,,,TURN IN THE FIRE / HEAT / APPROACH
428,857-858,35.667,odysseus,H,2.5,2,0,-90,0,1.3,0,-2.3,-24.1,0,-46.9,8,-65.9,0,-65.9,0,5.7,-5.7,0,0,,,,TURN IN THE FIRE / HEAT / APPROACH
429,859-860,35.75,odysseus,R,2.5,2,0,-90,0,1.3,0,-2.3,-24.1,0,-46.9,8,-65.9,0,-65.9,0,5.7,-5.7,0,0,,,,HOLD / APPROACH / SIGNAL
430,861-862,35.833,odysseus,R,2.5,2,0,-90,0,1.3,0,-2.3,-24.1,0,-46.9,8,-65.9,0,-65.9,0,5.7,-5.7,0,0,,,,HOLD / APPROACH / SIGNAL
431,863-864,35.917,odysseus,R,2.5,2,0,-90,0,1.3,0,-2.3,-24.1,0,-46.9,8,-65.9,0,-65.9,0,5.7,-5.7,0,0,,,,HOLD / APPROACH / SIGNAL
432,865-866,36,odysseus,R,2.5,2,0,-90,0,1.3,0,-2.3,-24.1,0,-46.9,8,-65.9,0,-65.9,0,5.7,-5.7,0,0,,,,HOLD / APPROACH / SIGNAL
433,867-868,36.083,odysseus,R,2.5,2,0,-90,0,1.3,0,-2.3,-24.1,0,-46.9,8,-65.9,0,-65.9,0,5.7,-5.7,0,0,,,,HOLD / APPROACH / SIGNAL
434,869-870,36.167,odysseus,R,2.5,2,0,-90,0,1.3,0,-2.3,-24.1,0,-46.9,8,-65.9,0,-65.9,0,5.7,-5.7,0,0,,,,HOLD / APPROACH / SIGNAL
435,871-872,36.25,odysseus,R,2.5,2,0,-90,0,1.3,0,-2.3,-24.1,0,-46.9,8,-65.9,0,-65.9,0,5.7,-5.7,0,0,,,,TURN IN THE FIRE / HEAT / APPROACH
436,873-874,36.333,odysseus,R,2.5,2,0,-90,0,1.3,0,-2.4,-24.6,0,-46.9,8,-65.9,0,-65.9,0,2.3,-2.3,0,0,,,,TURN IN THE FIRE / HEAT / APPROACH
437,875-876,36.417,odysseus,R,2.5,2,0,-90,0,1.3,0,-2.6,-25.6,0,-46.9,8,-65.9,0,-65.9,0,-6.2,6.2,0,0,,,,TURN IN THE FIRE / HEAT / APPROACH
438,877-878,36.5,odysseus,R,2.5,2,0,-90,0,1.3,0,-2.9,-27,0,-46.9,8,-65.9,0,-65.9,0,-17.2,17.2,0,0,,,,LOOK / HOLD / APPROACH
439,879-880,36.583,odysseus,H,2.5,2,0,-90,0,1.3,0,-3.1,-26.9,0,-16.9,2.9,-65.9,0,-65.9,0,-28.2,28.2,0,0,,,,LOOK / HOLD / APPROACH
440,881-882,36.667,odysseus,H,2.5,2,0,-90,0,1.3,0,-3.4,-24.1,0,9.1,1.7,-65.9,0,-65.9,0,-36.7,36.7,0,0,,,,LOOK / HOLD / APPROACH
441,883-884,36.75,odysseus,A,2.5,2,0,-90,0,1.3,0,-3.4,-18.8,0,31.2,0.7,-65.9,0,-65.9,0,-40.1,40.1,0,0,,,,LOOK / HOLD / APPROACH
442,885-886,36.833,odysseus,A,2.5,2,0,-90,0,1.3,0,-3.4,-11.7,0,49.2,-0.1,-65.9,0,-65.9,0,-38.2,38.2,0,0,,,,LOOK / HOLD / APPROACH
443,887-888,36.917,odysseus,H,2.5,2,0,-90,0,1.3,0,-3.2,-3.6,0,63.2,-0.8,-65.9,0,-65.9,0,-33.3,33.3,0,0,,,,LOOK / HOLD / APPROACH
444,889-890,37,odysseus,H,2.5,2,0,-90,0,1.3,0,-3,4.6,0,73.2,-1.2,-65.9,0,-65.9,0,-26.6,26.6,0,0,,,,LOOK / HOLD / APPROACH
445,891-892,37.083,odysseus,H,2.5,2,0,-90,0,1.3,0,-2.7,12.3,0,79.2,-1.5,-65.9,0,-65.9,0,-19.3,19.3,0,0,,,,LOOK / HOLD / APPROACH
446,893-894,37.167,odysseus,H,2.5,2,0,-90,0,1.3,0,-2.5,18.6,0,81.2,-1.6,-65.9,0,-65.9,0,-12.5,12.5,0,0,,,,LOOK / HOLD / APPROACH
447,895-896,37.25,odysseus,R,2.5,2,0,-90,0,1.3,0,-2.4,23,0,80.2,-1.6,-65.9,0,-65.9,0,-7.6,7.6,0,0,,,,LOOK / HOLD / APPROACH
448,897-898,37.333,odysseus,R,2.5,2,0,-90,0,1.3,0,-2.3,24.6,0,78.4,-1.6,-65.9,0,-65.9,0,-5.7,5.7,0,0,,,,LOOK / HOLD / APPROACH
449,899-900,37.417,odysseus,R,2.5,2,0,-90,0,1.3,0,-2.3,24.6,0,77.3,-1.6,-65.9,0,-65.9,0,-5.7,5.7,0,0,,,,LOOK / HOLD / APPROACH
450,901-902,37.5,odysseus,R,2.5,2,0,-90,0,1.3,0,-2.3,24.6,0,77.3,-1.6,-65.9,0,-65.9,0,-5.7,5.7,0,0,,,,HOLD / APPROACH / SIGNAL
451,903-904,37.583,odysseus,R,2.5,2,0,-90,0,1.3,0,-2.3,24.6,0,77.3,-1.6,-65.9,0,-65.9,0,-5.7,5.7,0,0,,,,HOLD / APPROACH / SIGNAL
452,905-906,37.667,odysseus,R,2.5,2,0,-90,0,1.3,0,-2.3,24.6,0,77.3,-1.6,-65.9,0,-65.9,0,-5.7,5.7,0,0,,,,HOLD / APPROACH / SIGNAL
453,907-908,37.75,odysseus,R,2.5,2,0,-90,0,1.3,0,-2.3,22.9,0,45.5,2.9,-65.9,0,-65.9,0,-5.7,5.7,0,0,,,,LOOK / HOLD / APPROACH
454,909-910,37.833,odysseus,R,2.5,2,0,-90,0,1.3,0,-2.3,18.4,0,20.7,6.6,-65.9,0,-65.9,0,-5.7,5.7,0,0,,,,LOOK / HOLD / APPROACH
455,911-912,37.917,odysseus,R,2.5,2,0,-90,0,1.3,0,-2.3,12.2,0,3,9.3,-65.9,0,-65.9,0,-5.7,5.7,0,0,,,,LOOK / HOLD / APPROACH
456,913-914,38,odysseus,R,2.5,2,0,-90,0,1.3,0,-2.3,5.5,0,-7.7,10.9,-65.9,0,-65.9,0,-5.7,5.7,0,0,,,,LOOK / HOLD / APPROACH
457,915-916,38.083,odysseus,R,2.5,2,0,-90,0,1.3,0,-2.3,-0.6,0,-11.2,11.5,-65.9,0,-65.9,0,-5.7,5.7,0,0,,,,LOOK / HOLD / APPROACH
458,917-918,38.167,odysseus,R,2.5,2,0,-90,0,1.3,0,-2.3,-5.2,0,-11.1,11.5,-65.9,0,-65.9,0,-5.7,5.7,0,0,,,,LOOK / HOLD / APPROACH
459,919-920,38.25,odysseus,A,2.5,2,0,-90,0,1.3,0,-2.5,-7.5,0,-10.8,11.5,-65.9,0,-65.9,0,-11.8,11.8,0,0,,,,TURN IN THE FIRE / HEAT / APPROACH
460,921-922,38.333,odysseus,A,2.5,2,0,-90.5,0,1.3,0,-2.7,-8.1,0,-10.7,11.5,-65.9,0,-65.9,0,-17.8,17.8,0,0,,,,WALK / APPROACH / SIGNAL
461,923-924,38.417,odysseus,A,2.5,2.1,0,-92.5,0,1.3,0,-2.4,-7,0,-9,11.5,-66.3,0,-65.6,0,-16,16,0.5,-0.5,,,,WALK / APPROACH / SIGNAL
462,925-926,38.5,odysseus,A,2.5,2.1,0,-94,0,1.3,0,-1.6,-8.4,0.1,-28.7,10,-67.1,0,-64.9,0,-11.6,11.6,1.5,-1.5,,,,TRACK / APPROACH / SIGNAL
463,927-928,38.583,odysseus,A,2.5,2.1,0,-94.9,0,1.3,0,-0.6,-12.4,0.2,-40.4,9.2,-67.8,0,-64.3,0,-6.3,6.3,2.4,-2.4,,,,TRACK / APPROACH / SIGNAL
464,929-930,38.667,odysseus,A,2.5,2.1,0,-95.3,0,1.3,0,0.3,-17.4,0.4,-44.4,9.1,-68.4,0,-63.8,0,-1.9,1.9,3.1,-3.1,,,,TRACK / APPROACH / SIGNAL
465,931-932,38.75,odysseus,A,2.5,2.1,0,-95.1,0,1.3,0,0.9,-21.9,0.6,-44.4,9.4,-68.4,0,-63.9,0,0,0,3,-3,,,,TRACK / APPROACH / SIGNAL
466,933-934,38.833,odysseus,A,2.5,2.1,0,-94.4,0,1.3,-0.1,1.2,-23.9,0.9,-44.4,9.6,-67.6,0,-64.7,0,0,0,2,-2,,,,TRACK / APPROACH / SIGNAL
467,935-936,38.917,odysseus,A,2.5,2.1,0,-93.2,0,1.3,-0.1,1.7,-21.7,1.3,-22.2,11.1,-67,0,-65.4,0,0,0,1,-1,,,,TRACK / APPROACH / SIGNAL
468,937-938,39,odysseus,A,2.5,2.1,0,-91.3,0,1.3,-0.1,2.2,-16.3,1.7,-8.9,12.1,-66.8,0,-65.7,0,0,0,0.7,-0.7,,,,TRACK / APPROACH / SIGNAL
469,939-940,39.083,odysseus,A,2.5,2.1,0,-90,0,1.3,-0.2,2.8,-10,2.1,-4.5,12.5,-66.5,0,-66.1,0,0,0,0.2,-0.2,,,,SIGNAL GO / SIGNAL / SIGHT
470,941-942,39.167,odysseus,A,2.5,2.1,0,-90,0,1.3,-0.2,2.6,-4.7,2.6,-4.5,12.6,-66.2,0,-53.4,0,0,0,-0.3,0.3,,,,SIGNAL GO / SIGNAL / SIGHT
471,943-944,39.25,odysseus,A,2.5,2.1,0,-90,0,1.3,-0.1,1.7,-2.4,2,-4.5,12.6,-65.8,0,-40.7,0,0,0,-0.8,0.8,,,,SIGNAL GO / SIGNAL / SIGHT
472,945-946,39.333,odysseus,A,2.5,2.1,-0.1,-90,0,1.3,-0.1,8.5,-2.4,1.5,-4.5,12.6,-65.5,0,-91.9,0,0,0,-1.3,1.3,,,,TRACK / APPROACH / SIGNAL
473,947-948,39.417,odysseus,A,2.5,2.1,-0.1,-90,0,1.3,0,9.7,-1.8,1,1.5,12.6,-65.2,0,-101,0,0,0,-1.7,1.7,,,,TRACK / APPROACH / SIGNAL
474,949-950,39.5,odysseus,A,2.5,2.2,-0.1,-92.8,0,1.3,0,9.2,-0.3,0.6,3.5,12.5,-65.2,0,-97.4,0,0,0,-1.8,1.8,,,,TRACK / APPROACH / SIGNAL
475,951-952,39.583,odysseus,A,2.4,2.3,-0.2,-100.1,0,1.3,0.1,9.1,1.2,0.4,3.5,11.9,-66.6,0,-93.7,0,0,0,-0.2,0.2,,,,TRACK / APPROACH / SIGNAL
476,953-954,39.667,odysseus,A,2.4,2.5,-0.3,-110.7,0,1.3,0.1,8.8,1.9,0.2,3.5,11.3,-69.9,0,-83.7,0,0,0,3.9,-3.9,,,,TRACK / APPROACH / SIGNAL
477,955-956,39.75,odysseus,A,2.4,2.6,-0.4,-123.3,0,1.3,0.1,8.4,1.9,0,3.5,10.8,-75.1,0,-69.2,0,0,0,10.3,-10.3,,,,TRACK / APPROACH / SIGNAL
478,957-958,39.833,odysseus,A,2.4,2.7,-0.6,-136.3,0,1.3,0.1,8,1.9,0,3.7,10.4,-81.3,0,-52.3,0,0,0,18,-18,,,,TRACK / APPROACH / SIGNAL
479,959-960,39.917,odysseus,A,2.3,2.9,-0.7,-148.6,0,1.3,0.1,7.6,2,-0.1,3.8,10.3,-87.1,0,-36,0,0,0,25,-25,,,,TRACK / APPROACH / SIGNAL
480,961-962,40,odysseus,A,2.3,3,-0.8,-158.7,0,1.3,0.1,7.2,2,-0.2,3.8,10.5,-90.9,0,-23.4,0,0,0,29.1,-29.1,,,,TRACK / APPROACH / SIGNAL
481,963-964,40.083,odysseus,A,2.3,3.2,-0.9,-165.2,0,1.3,0.1,7,2,-0.5,3.8,10.9,-93.7,0,-15,0,0,0,31.7,-31.7,,,,TRACK / APPROACH / SIGNAL
482,965-966,40.167,odysseus,A,2.3,3.3,-1,-167,0,1.3,0,6.9,2,-0.8,3.8,11.6,-96,0,-11.8,0,0,0,33.5,-33.5,,,,TRACK / APPROACH / SIGNAL
483,967-968,40.25,odysseus,A,2.2,3.5,-1.1,-167,0,1.3,0,6.6,2.1,-1.3,4,12.2,-97.6,0,-14.8,0,0,0,34.2,-34.2,,,,TRACK / APPROACH / SIGNAL
484,969-970,40.333,odysseus,A,2.2,3.6,-1.3,-167,0,1.3,-0.1,6,2.1,-1.9,4.1,12.6,-98.5,0,-22.5,0,0,0,33.7,-33.7,,,,TRACK / APPROACH / SIGNAL
485,971-972,40.417,odysseus,A,2.2,3.8,-1.4,-167,0,1.3,-0.2,5.2,2.2,-2.6,4.1,12.6,-98.6,0,-33.1,0,0,0,32.1,-32.1,,,,TRACK / APPROACH / SIGNAL
486,973-974,40.5,odysseus,A,2.2,4,-1.5,-167,0,1.3,-0.1,4.3,2.2,-2,4.1,12.6,-97.9,0,-44.6,0,0,0,29.3,-29.3,,,,TRACK / APPROACH / SIGNAL
487,975-976,40.583,odysseus,A,2.1,4.1,-1.6,-167,0,1.3,-0.1,3.7,2.2,-1.5,4.1,12.6,-96.4,0,-55.1,0,0,0,25.3,-25.3,,,,TRACK / APPROACH / SIGNAL
488,977-978,40.667,odysseus,A,2.1,4.3,-1.8,-167,0,1.3,0,3.4,2.2,-1,4.1,12.6,-94.3,0,-62.5,0,0,0,20.3,-20.3,,,,TRACK / APPROACH / SIGNAL
489,979-980,40.75,odysseus,A,2.1,4.5,-1.9,-167,0,1.3,0,3.4,2.3,-0.6,4.4,12.5,-91.6,0,-68,0,0,0,14.4,-14.4,,,,TRACK / APPROACH / SIGNAL
490,981-982,40.833,odysseus,A,2,4.6,-2,-167,0,1.3,0.1,3.4,2.3,-0.4,4.5,11.9,-88.4,0,-74.1,0,0,0,7.9,-7.9,,,,TRACK / APPROACH / SIGNAL
491,983-984,40.917,odysseus,A,2,4.8,-2.2,-167,0,1.3,0.1,3.4,2.4,-0.2,4.5,11.3,-85,0,-80.5,0,0,0,0.9,-0.9,,,,TRACK / APPROACH / SIGNAL
492,985-986,41,odysseus,A,2,5,-2.3,-167,0,1.3,0.1,3.4,2.4,0,4.5,10.8,-81.6,0,-87,0,0,0,-6.1,6.1,,,,TRACK / APPROACH / SIGNAL
493,987-988,41.083,odysseus,A,1.9,5.2,-2.4,-167,0,1.3,0.1,3.4,2.4,0,4.5,10.4,-78.4,0,-93.4,0,0,0,-12.9,12.9,,,,TRACK / APPROACH / SIGNAL
494,989-990,41.167,odysseus,A,1.9,5.3,-2.6,-167,0,1.3,0.1,3.4,2.5,0,4.8,10.3,-75.6,0,-99.4,0,0,0,-19.3,19.3,,,,TRACK / APPROACH / SIGNAL
495,991-992,41.25,odysseus,A,1.9,5.5,-2.7,-167,0,1.3,0.1,3.4,2.5,0.2,5,10.4,-73.3,0,-104.9,0,0,0,-24.8,24.8,,,,TRACK / APPROACH / SIGNAL
496,993-994,41.333,odysseus,A,1.8,5.7,-2.8,-167,0,1.3,0.1,3.4,2.6,0.4,5,10.8,-71.9,0,-109.6,0,0,0,-29.3,29.3,,,,TRACK / APPROACH / SIGNAL
497,995-996,41.417,odysseus,A,1.8,5.9,-3,-167,0,1.3,0,3.4,2.7,0.6,5,11.3,-71.4,0,-113.5,0,0,0,-32.4,32.4,,,,TRACK / APPROACH / SIGNAL
498,997-998,41.5,odysseus,A,1.8,6.1,-3.1,-167,0,1.3,0,3.4,2.7,1,5,11.9,-72,0,-116.2,0,0,0,-34.2,34.2,,,,TRACK / APPROACH / SIGNAL
499,999-1000,41.583,odysseus,A,1.8,6.2,-3.2,-167,0,1.3,-0.1,3.4,2.7,1.5,5,12.5,-73.7,0,-117.9,0,0,0,-34.4,34.4,,,,TRACK / APPROACH / SIGNAL
500,1001-1002,41.667,odysseus,A,1.7,6.4,-3.4,-167,0,1.3,-0.1,3.4,2.8,2,5.5,12.6,-76.5,0,-118.4,0,0,0,-33,33,,,,TRACK / APPROACH / SIGNAL
501,1003-1004,41.75,odysseus,A,1.7,6.6,-3.5,-167,0,1.3,-0.2,3.4,2.9,2.6,5.6,12.6,-80.4,0,-117.9,0,0,0,-30.2,30.2,,,,TRACK / APPROACH / SIGNAL
502,1005-1006,41.833,odysseus,A,1.7,6.8,-3.7,-167,0,1.3,-0.1,3,3,2,5.6,12.6,-85.3,0,-116.4,0,0,0,-26,26,,,,TRACK / APPROACH / SIGNAL
503,1007-1008,41.917,odysseus,A,1.6,7,-3.8,-167,0,1.3,-0.1,2.6,3,1.6,5.6,12.6,-91,0,-114,0,0,0,-20.7,20.7,,,,TRACK / APPROACH / SIGNAL
504,1009-1010,42,odysseus,A,1.6,7.1,-3.9,-167.3,0,1.3,-0.1,2.3,3,1.1,5.6,12.6,-97.3,0,-111,0,0,0,-14.5,14.5,,,,TRACK / APPROACH / SIGNAL
505,1011-1012,42.083,odysseus,A,1.6,7.3,-4.1,-167.5,0,1.3,0,2,3.1,0.8,6.1,12.6,-104,0,-107.5,0,0,0,-7.6,7.6,,,,TRACK / APPROACH / SIGNAL
506,1013-1014,42.167,odysseus,A,1.5,7.5,-4.2,-167.7,0,1.3,0,1.8,3.2,0.5,6.5,12.4,-110.8,0,-103.8,0,0,0,-0.6,0.6,,,,TRACK / APPROACH / SIGNAL
507,1015-1016,42.25,odysseus,A,1.5,7.7,-4.3,-167.8,0,1.3,0,1.6,3.4,0.3,6.6,12,-117.3,0,-100.4,0,0,0,6,-6,,,,TRACK / APPROACH / SIGNAL
508,1017-1018,42.333,odysseus,A,1.5,7.8,-4.5,-167.8,0,1.3,0,1.4,3.5,0.1,6.6,11.6,-124.1,0,-96.6,0,0,0,13.2,-13.2,,,,TRACK / APPROACH / SIGNAL
509,1019-1020,42.417,odysseus,H,1.4,8,-4.6,-167.8,0,1.3,0,1.4,3.5,0,6.6,11.3,-130.8,0,-92.8,0,0,0,20.1,-20.1,,,,TRACK / APPROACH / SIGNAL
510,1021-1022,42.5,odysseus,H,1.4,8.2,-4.7,-167.7,0,1.3,0,1.3,4.1,0,10.4,11.1,-136.9,0,-89.6,0,0,0,26.3,-26.3,,,,TRACK / APPROACH / SIGNAL
511,1023-1024,42.583,odysseus,A,1.4,8.4,-4.9,-167.5,0,1.3,0,0,5.2,0,12.7,11,-141.8,0,-87.4,0,0,0,31.1,-31.1,,,,TRACK / APPROACH / SIGNAL
512,1025-1026,42.667,odysseus,H,1.3,8.5,-5,-167.2,0,1.3,-0.1,-1,6.3,0,13.5,11,-145.4,0,-86.4,0,0,0,34.1,-34.1,,,,TRACK / APPROACH / SIGNAL
513,1027-1028,42.75,odysseus,H,1.3,8.6,-5.1,-167,0,1.3,-0.1,-1.5,6.9,0,13.5,11.1,-147.6,0,-86.7,0,0,0,35.2,-35.2,,,,LOOK / SIGNAL / SIGHT
514,1029-1030,42.833,odysseus,H,1.3,8.8,-5.2,-167,0,1.3,-0.1,-1.7,7,0,14.9,2.6,-149.1,0,-87.6,0,0,0,35.4,-35.4,,,,LOOK / SIGNAL / SIGHT
515,1031-1032,42.917,odysseus,H,1.3,9,-5.3,-167,0,1.3,-0.1,-1.5,7.3,0,15.9,7.5,-149.6,0,-89.4,0,0,0,34.4,-34.4,,,,LOOK / SIGNAL / SIGHT
516,1033-1034,43,odysseus,H,1.2,9.1,-5.4,-167,0,1.3,-0.1,-0.9,7.7,0,16.5,10.4,-149.2,0,-92,0,0,0,32.2,-32.2,,,,LOOK / SIGNAL / SIGHT
517,1035-1036,43.083,odysseus,H,1.2,9.3,-5.6,-167.2,0,1.3,0,-0.3,8.1,0,16.7,11.4,-147.9,0,-95.3,0,0,0,29,-29,,,,THRUST / THRUST / SIGNAL
518,1037-1038,43.167,odysseus,H,1.2,9.4,-5.7,-168.1,0,1.3,0.1,-2.5,8.4,0,16.5,11.5,-138,0,-91.1,0,0,0,24.9,-24.9,,,,THRUST / THRUST / SIGNAL
519,1039-1040,43.25,odysseus,H,1.2,9.6,-5.8,-169.6,0,1.3,0.1,-4.1,8.6,0,16.1,11.5,-130.6,0,-90.5,0,0,0,20.1,-20.1,,,,THRUST / THRUST / SIGNAL
520,1041-1042,43.333,odysseus,H,1.1,9.7,-5.9,-171.4,0,1.3,0.1,-4.6,8.6,0,15.9,11.5,-125.6,0,-93.8,0,0,0,14.3,-14.3,,,,THRUST / THRUST / SIGNAL
521,1043-1044,43.417,odysseus,H,1.1,9.9,-6,-173.4,0,1.3,0,0.9,8.6,0,15.9,11.5,-131.5,0,-109.2,0,0,0,7.6,-7.6,,,,THRUST / THRUST / SIGNAL
522,1045-1046,43.5,odysseus,H,1.1,10,-6.1,-175.4,0,1.3,-0.4,17.2,8.6,0,15.9,11.5,-158.2,0,-143.7,0,0,0,2.3,-2.3,,,,THRUST / THRUST / SIGNAL
523,1047-1048,43.583,odysseus,H,1.1,10.1,-6.2,-177.3,0,1.3,-0.4,17,8.6,0,15.9,11.5,-155.9,0,-145.6,0,0,0,-0.7,0.7,,,IMPACT:bearer-1+bearer-2+bearer-3,THRUST / THRUST / SIGNAL
524,1049-1050,43.667,odysseus,H,1,10.3,-6.3,-178.8,0,1.3,-0.3,16.4,8.6,0,15.9,11.5,-154.4,0,-144.9,0,0,0,-1.3,1.3,,,IMPACT:bearer-1+bearer-2+bearer-3,THRUST / THRUST / SIGNAL
525,1051-1052,43.75,odysseus,H,1,10.4,-6.4,-179.7,0,1.3,-0.3,15.7,8.6,0,15.9,11.5,-153.4,0,-142.7,0,0,0,-0.5,0.5,,,IMPACT:bearer-1+bearer-2+bearer-3,THRUST / THRUST / SIGNAL
526,1053-1054,43.833,odysseus,H,1,10.5,-6.5,-180,0,1.3,-0.3,15.1,8.6,0,15.9,11.5,-152.4,0,-141,0,0,0,0,0,,,,THRUST / THRUST / SIGNAL
527,1055-1056,43.917,odysseus,H,1,10.5,-6.5,-180,0,1.3,-0.3,14.9,8.6,0,15.9,11.5,-151.8,0,-140.4,0,0,0,0,0,,,,THRUST / THRUST / SIGNAL
528,1057-1058,44,odysseus,H,1,10.5,-6.5,-180,0,1.3,-0.3,14.1,6.5,0,15.9,12.1,-151.8,0,-140.4,0,-5.4,-5.4,0,0,,,,TWIST / TWIST / IMPACT
529,1059-1060,44.083,odysseus,H,1,10.5,-6.5,-180,0,1.3,-0.3,12.1,1.7,0,15.9,12.6,-151.8,0,-140.4,0,-18.2,-18.2,0,0,,,,TWIST / TWIST / IMPACT
530,1061-1062,44.167,odysseus,H,1,10.5,-6.5,-180,0,1.3,-0.3,9.7,-4.1,0,15.9,12.6,-151.8,0,-140.4,0,-33.4,-33.4,0,0,,,,TWIST / TWIST / IMPACT
531,1063-1064,44.25,odysseus,H,1,10.5,-6.5,-180,0,1.3,-0.3,7.7,-8.9,0,15.9,12.6,-151.8,0,-140.4,0,-46.2,-46.2,0,0,,,,TWIST / TWIST / IMPACT
532,1065-1066,44.333,odysseus,H,1,10.5,-6.5,-180,0,1.3,-0.3,6.9,-10.9,0,15.9,12.6,-151.8,0,-140.4,0,-51.6,-51.6,0,0,,,,TWIST / TWIST / IMPACT
533,1067-1068,44.417,odysseus,H,1,10.5,-6.5,-180,0,1.3,-0.3,6.9,-8,0,15.9,12.6,-151.8,0,-140.4,0,-43.9,-43.9,0,0,,,,TWIST / TWIST / IMPACT
534,1069-1070,44.5,odysseus,H,1,10.5,-6.5,-180,0,1.3,-0.3,6.9,-0.8,0,15.9,12.6,-151.8,0,-140.4,0,-24.8,-24.8,0,0,,,,TWIST / TWIST / IMPACT
535,1071-1072,44.583,odysseus,H,1,10.5,-6.5,-180,0,1.3,-0.3,6.9,8.6,0,15.9,12.6,-151.8,0,-140.4,0,0,0,0,0,,,,TWIST / TWIST / IMPACT
536,1073-1074,44.667,odysseus,H,1,10.5,-6.5,-180,0,1.3,-0.3,6.9,17.9,0,15.9,12.6,-151.8,0,-140.4,0,24.8,24.8,0,0,,,,TWIST / TWIST / IMPACT
537,1075-1076,44.75,odysseus,D,1,10.5,-6.5,-180,0,1.3,-0.3,6.9,25.1,0,15.9,12.6,-151.8,0,-140.4,0,43.9,43.9,0,0,,,,TWIST / TWIST / IMPACT
538,1077-1078,44.833,odysseus,D,1,10.5,-6.5,-180,0,1.3,-0.3,6.9,28,0,15.9,12.6,-151.8,0,-140.4,0,51.6,51.6,0,0,,,,TWIST / TWIST / IMPACT
539,1079-1080,44.917,odysseus,D,1,10.5,-6.5,-180,0,1.3,-0.3,6.9,24,0,15.9,12.6,-151.8,0,-140.4,0,40.8,40.8,0,0,,,,TWIST / TWIST / IMPACT
540,1081-1082,45,odysseus,D,1,10.5,-6.5,-180,0,1.3,-0.3,6.9,14.3,0,15.9,12.6,-151.8,0,-140.4,0,15.3,15.3,0,0,,,,TWIST / TWIST / IMPACT
541,1083-1084,45.083,odysseus,D,1,10.5,-6.5,-180,0,1.3,-0.3,6.9,2.8,0,15.9,12.6,-151.8,0,-140.4,0,-15.3,-15.3,0,0,,,,TWIST / TWIST / IMPACT
542,1085-1086,45.167,odysseus,D,1,10.5,-6.5,-180,0,1.3,-0.3,6.9,-6.9,0,15.9,12.6,-151.8,0,-140.4,0,-40.8,-40.8,0,0,,,,TWIST / TWIST / IMPACT
543,1087-1088,45.25,odysseus,D,1,10.5,-6.5,-180,0,1.3,-0.3,6.9,-10.9,0,15.9,12.6,-151.8,0,-140.4,0,-51.6,-51.6,0,0,,,,TWIST / TWIST / IMPACT
544,1089-1090,45.333,odysseus,D,1,10.5,-6.5,-180,0,1.3,-0.3,6.9,-8,0,15.9,12.6,-151.8,0,-140.4,0,-43.9,-43.9,0,0,,,,TWIST / TWIST / IMPACT
545,1091-1092,45.417,odysseus,D,1,10.5,-6.5,-180,0,1.3,-0.3,6.9,-0.8,0,15.9,12.6,-151.8,0,-140.4,0,-24.8,-24.8,0,0,,,,TWIST / TWIST / IMPACT
546,1093-1094,45.5,odysseus,D,1,10.5,-6.5,-180,0,1.3,-0.3,6.9,8.6,0,15.9,12.6,-151.8,0,-140.4,0,0,0,0,0,,,,TWIST / TWIST / IMPACT
547,1095-1096,45.583,odysseus,D,1,10.5,-6.5,-180,0,1.3,-0.3,6.9,17.9,0,15.9,12.6,-151.8,0,-140.4,0,24.8,24.8,0,0,,,,TWIST / TWIST / IMPACT
548,1097-1098,45.667,odysseus,D,1,10.5,-6.5,-180,0,1.3,-0.3,6.9,25.1,0,15.9,12.6,-151.8,0,-140.4,0,43.9,43.9,0,0,,,,TWIST / TWIST / IMPACT
549,1099-1100,45.75,odysseus,D,1,10.5,-6.5,-180,0,1.3,-0.3,6.9,28,0,15.9,12.6,-151.8,0,-140.4,0,51.6,51.6,0,0,,,,TWIST / TWIST / IMPACT
550,1101-1102,45.833,odysseus,D,1,10.5,-6.5,-180,0,1.3,-0.3,6.9,24,0,15.9,12.6,-151.8,0,-140.4,0,40.8,40.8,0,0,,,,TWIST / TWIST / IMPACT
551,1103-1104,45.917,odysseus,D,1,10.5,-6.5,-180,0,1.3,-0.3,6.9,14.3,0,15.9,12.6,-151.8,0,-140.4,0,15.3,15.3,0,0,,,,TWIST / TWIST / IMPACT
552,1105-1106,46,odysseus,D,1,10.5,-6.5,-180,0,1.3,-0.3,6.9,2.8,0,15.9,12.6,-151.8,0,-140.4,0,-15.3,-15.3,0,0,,,,TWIST / TWIST / IMPACT
553,1107-1108,46.083,odysseus,D,1,10.5,-6.5,-180,0,1.3,-0.3,6.9,-6.9,0,15.9,12.6,-151.8,0,-140.4,0,-40.8,-40.8,0,0,,,,TWIST / TWIST / IMPACT
554,1109-1110,46.167,odysseus,D,1,10.5,-6.5,-180,0,1.3,-0.3,6.9,-10.9,0,15.9,12.6,-151.8,0,-140.4,0,-51.6,-51.6,0,0,,,,TWIST / TWIST / IMPACT
555,1111-1112,46.25,odysseus,D,1,10.5,-6.5,-180,0,1.3,-0.3,6.9,-6.9,0,15.9,12.6,-151.8,0,-140.4,0,-40.8,-40.8,0,0,,,,TWIST / TWIST / IMPACT
556,1113-1114,46.333,odysseus,D,1,10.5,-6.5,-180,0,1.3,-0.3,6.9,2.8,0,15.9,12.6,-151.8,0,-140.4,0,-15.3,-15.3,0,0,,,,TWIST / TWIST / IMPACT
557,1115-1116,46.417,odysseus,D,1,10.5,-6.5,-180,0,1.3,-0.3,6.9,14.3,0,15.9,12.6,-151.8,0,-140.4,0,15.3,15.3,0,0,,,,TWIST / TWIST / IMPACT
558,1117-1118,46.5,odysseus,D,1,10.5,-6.5,-180,0,1.3,-0.3,6.9,24,0,15.9,12.6,-151.8,0,-140.4,0,40.8,40.8,0,0,,,,TWIST / TWIST / IMPACT
559,1119-1120,46.583,odysseus,D,1,10.5,-6.5,-180,0,1.3,-0.3,6.9,28,0,15.9,12.6,-151.8,0,-140.4,0,51.6,51.6,0,0,,,,TWIST / TWIST / IMPACT
560,1121-1122,46.667,odysseus,D,1,10.5,-6.5,-180,0,1.3,-0.3,6.9,25.1,0,15.9,12.6,-151.8,0,-140.4,0,43.9,43.9,0,0,,,,TWIST / TWIST / IMPACT
561,1123-1124,46.75,odysseus,D,1,10.5,-6.5,-180,0,1.3,-0.3,6.9,17.9,0,15.9,12.6,-151.8,0,-140.4,0,24.8,24.8,0,0,,,,TWIST / TWIST / IMPACT
562,1125-1126,46.833,odysseus,D,1,10.5,-6.5,-180,0,1.3,-0.3,6.9,8.6,0,15.9,12.6,-151.8,0,-140.4,0,0,0,0,0,,,,TWIST / TWIST / IMPACT
563,1127-1128,46.917,odysseus,D,1,10.5,-6.5,-180,0,1.3,-0.3,6.9,-0.8,0,15.9,12.6,-151.8,0,-140.4,0,-24.8,-24.8,0,0,,,,TWIST / TWIST / IMPACT
564,1129-1130,47,odysseus,D,1,10.5,-6.5,-180,0,1.3,-0.3,6.9,-8,0,15.9,12.6,-151.8,0,-140.4,0,-43.9,-43.9,0,0,,,,TWIST / TWIST / IMPACT
565,1131-1132,47.083,odysseus,D,1,10.5,-6.5,-180,0,1.3,-0.3,6.9,-10.9,0,15.9,12.6,-151.8,0,-140.4,0,-51.6,-51.6,0,0,,,,TWIST / TWIST / IMPACT
566,1133-1134,47.167,odysseus,D,1,10.5,-6.5,-180,0,1.3,-0.3,6.9,-6.9,0,15.9,12.6,-151.8,0,-140.4,0,-40.8,-40.8,0,0,,,,TWIST / TWIST / IMPACT
567,1135-1136,47.25,odysseus,D,1,10.5,-6.5,-180,0,1.3,-0.3,6.9,2.8,0,15.9,12.6,-151.8,0,-140.4,0,-15.3,-15.3,0,0,,,,TWIST / TWIST / IMPACT
568,1137-1138,47.333,odysseus,D,1,10.5,-6.5,-180,0,1.3,-0.3,6.9,14.3,0,15.9,12.6,-151.8,0,-140.4,0,15.3,15.3,0,0,,,,TWIST / TWIST / IMPACT
569,1139-1140,47.417,odysseus,D,1,10.5,-6.5,-180,0,1.3,-0.3,6.9,24,0,15.9,12.6,-151.8,0,-140.4,0,40.8,40.8,0,0,,,,TWIST / TWIST / IMPACT
570,1141-1142,47.5,odysseus,D,1,10.5,-6.5,-180,0,1.3,-0.3,6.9,28,0,15.9,12.6,-151.8,0,-140.4,0,51.6,51.6,0,0,,,,TWIST / TWIST / IMPACT
571,1143-1144,47.583,odysseus,D,1,10.5,-6.5,-180,0,1.3,-0.3,6.9,25.1,0,15.9,12.6,-151.8,0,-140.4,0,43.9,43.9,0,0,,,,TWIST / TWIST / IMPACT
572,1145-1146,47.667,odysseus,D,1,10.5,-6.5,-180,0,1.3,-0.3,6.9,17.9,0,15.9,12.6,-151.8,0,-140.4,0,24.8,24.8,0,0,,,,TWIST / TWIST / IMPACT
573,1147-1148,47.75,odysseus,D,1,10.5,-6.5,-180,0,1.3,-0.3,6.9,8.6,0,15.9,12.6,-151.8,0,-140.4,0,0,0,0,0,,,,TWIST / TWIST / IMPACT
574,1149-1150,47.833,odysseus,D,1,10.5,-6.5,-180,0,1.3,-0.3,6.9,-0.8,0,15.9,12.6,-151.8,0,-140.4,0,-24.8,-24.8,0,0,,,,TWIST / TWIST / IMPACT
575,1151-1152,47.917,odysseus,D,1,10.5,-6.5,-180,0,1.3,-0.3,6.9,-8,0,15.9,12.6,-151.8,0,-140.4,0,-43.9,-43.9,0,0,,,,TWIST / TWIST / IMPACT
576,1153-1154,48,odysseus,D,1,10.5,-6.5,-180,0,1.3,-0.3,6.9,-10.9,0,15.9,12.6,-151.8,0,-140.4,0,-51.6,-51.6,0,0,,,,TWIST / TWIST / IMPACT
577,1155-1156,48.083,odysseus,D,1,10.5,-6.5,-180,0,1.3,-0.3,6.9,-6.9,0,15.9,12.6,-151.8,0,-140.4,0,-40.8,-40.8,0,0,,,,TWIST / TWIST / IMPACT
578,1157-1158,48.167,odysseus,D,1,10.5,-6.5,-180,0,1.3,-0.3,6.9,2.8,0,15.9,12.6,-151.8,0,-140.4,0,-15.3,-15.3,0,0,,,,TWIST / TWIST / IMPACT
579,1159-1160,48.25,odysseus,D,1,10.5,-6.5,-180,0,1.3,-0.3,6.9,14.3,0,15.9,12.6,-151.8,0,-140.4,0,15.3,15.3,0,0,,,,TWIST / TWIST / IMPACT
580,1161-1162,48.333,odysseus,D,1,10.5,-6.5,-180,0,1.3,-0.3,6.9,24,0,15.9,12.6,-151.8,0,-140.4,0,40.8,40.8,0,0,,,,TWIST / TWIST / IMPACT
581,1163-1164,48.417,odysseus,D,1,10.5,-6.5,-180,0,1.3,-0.3,6.9,28,0,15.9,12.6,-151.8,0,-140.4,0,51.6,51.6,0,0,,,,TWIST / TWIST / IMPACT
582,1165-1166,48.5,odysseus,D,1,10.5,-6.5,-180,0,1.3,-0.3,6.9,24,0,15.9,12.6,-151.8,0,-140.4,0,40.8,40.8,0,0,,,,TWIST / TWIST / IMPACT
583,1167-1168,48.583,odysseus,D,1,10.5,-6.5,-180,0,1.3,-0.3,6.9,14.3,0,15.9,12.6,-151.8,0,-140.4,0,15.3,15.3,0,0,,,,TWIST / TWIST / IMPACT
584,1169-1170,48.667,odysseus,D,1,10.5,-6.5,-180,0,1.3,-0.3,6.9,2.8,0,15.9,12.6,-151.8,0,-140.4,0,-15.3,-15.3,0,0,,,,TWIST / TWIST / IMPACT
585,1171-1172,48.75,odysseus,D,1,10.5,-6.5,-180,0,1.3,-0.3,6.9,-6.9,0,15.9,12.6,-151.8,0,-140.4,0,-40.8,-40.8,0,0,,,,TWIST / TWIST / IMPACT
586,1173-1174,48.833,odysseus,D,1,10.5,-6.5,-180,0,1.3,-0.3,6.9,-10.9,0,15.9,12.6,-151.8,0,-140.4,0,-51.6,-51.6,0,0,,,,TWIST / TWIST / IMPACT
587,1175-1176,48.917,odysseus,D,1,10.5,-6.5,-180,0,1.3,-0.3,6.9,-8,0,15.9,12.6,-151.8,0,-140.4,0,-43.9,-43.9,0,0,,,,TWIST / TWIST / IMPACT
588,1177-1178,49,odysseus,D,1,10.5,-6.5,-180,0,1.3,-0.3,6.9,-0.8,0,15.9,12.6,-151.8,0,-140.4,0,-24.8,-24.8,0,0,,,,TWIST / TWIST / IMPACT
589,1179-1180,49.083,odysseus,D,1,10.5,-6.5,-180,0,1.3,-0.3,6.9,8.6,0,15.9,12.6,-151.8,0,-140.4,0,0,0,0,0,,,,TWIST / TWIST / IMPACT
590,1181-1182,49.167,odysseus,D,1,10.5,-6.5,-180,0,1.3,-0.3,6.9,17.9,0,15.9,12.6,-151.8,0,-140.4,0,24.8,24.8,0,0,,,,TWIST / TWIST / IMPACT
591,1183-1184,49.25,odysseus,D,1,10.5,-6.5,-180,0,1.3,-0.3,6.9,25.1,0,15.9,12.6,-151.8,0,-140.4,0,43.9,43.9,0,0,,,,TWIST / TWIST / IMPACT
592,1185-1186,49.333,odysseus,D,1,10.5,-6.5,-180,0,1.3,-0.3,6.9,28,0,15.9,12.6,-151.8,0,-140.4,0,51.6,51.6,0,0,,,,TWIST / TWIST / IMPACT
593,1187-1188,49.417,odysseus,D,1,10.5,-6.5,-180,0,1.3,-0.3,6.9,24,0,15.9,12.6,-151.8,0,-140.4,0,40.8,40.8,0,0,,,,TWIST / TWIST / IMPACT
594,1189-1190,49.5,odysseus,D,1,10.5,-6.5,-180,0,1.3,-0.3,6.9,14.3,0,15.9,12.6,-151.8,0,-140.4,0,15.3,15.3,0,0,,,,TWIST / TWIST / IMPACT
595,1191-1192,49.583,odysseus,D,1,10.5,-6.5,-180,0,1.3,-0.3,6.9,2.8,0,15.9,12.6,-151.8,0,-140.4,0,-15.3,-15.3,0,0,,,,TWIST / TWIST / IMPACT
596,1193-1194,49.667,odysseus,D,1,10.5,-6.5,-180,0,1.3,-0.3,6.9,-6.9,0,15.9,12.6,-151.8,0,-140.4,0,-40.8,-40.8,0,0,,,,TWIST / TWIST / IMPACT
597,1195-1196,49.75,odysseus,D,1,10.5,-6.5,-180,0,1.3,-0.3,6.9,-10.9,0,15.9,12.6,-151.8,0,-140.4,0,-51.6,-51.6,0,0,,,,TWIST / TWIST / IMPACT
598,1197-1198,49.833,odysseus,D,1,10.5,-6.5,-180,0,1.3,-0.3,6.9,-10.3,0,15.9,12.6,-151.8,0,-140.4,0,-49.8,-49.8,0,0,,,,TWIST / TWIST / IMPACT
599,1199-1200,49.917,odysseus,D,1,10.5,-6.5,-180,0,1.3,-0.3,6.9,-8.5,0,15.9,12.6,-151.8,0,-140.4,0,-45.1,-45.1,0,0,,,,TWIST / TWIST / IMPACT
600,1201-1202,50,odysseus,D,1,10.5,-6.5,-180,0,1.3,-0.3,6.9,-5.9,0,15.9,12.6,-151.8,0,-140.4,0,-38.2,-38.2,0,0,,,,TWIST / TWIST / IMPACT
601,1203-1204,50.083,odysseus,D,1,10.5,-6.5,-180,0,1.3,-0.3,6.9,-2.8,0,15.9,12.6,-151.8,0,-140.4,0,-30.1,-30.1,0,0,,,,TWIST / TWIST / IMPACT
602,1205-1206,50.167,odysseus,D,1,10.5,-6.5,-180,0,1.3,-0.3,6.9,0.4,0,15.9,12.6,-151.8,0,-140.4,0,-21.5,-21.5,0,0,,,,TWIST / TWIST / IMPACT
603,1207-1208,50.25,odysseus,D,1,10.5,-6.5,-180,0,1.3,-0.3,6.9,3.5,0,15.9,12.6,-151.8,0,-140.4,0,-13.4,-13.4,0,0,,,,TWIST / TWIST / IMPACT
604,1209-1210,50.333,odysseus,D,1,10.5,-6.5,-180,0,1.3,-0.3,6.9,6.1,0,15.9,12.2,-151.8,0,-140.4,0,-6.5,-6.5,0,0,,,,TWIST / TWIST / IMPACT
605,1211-1212,50.417,odysseus,D,1,10.5,-6.5,-180,0,1.3,-0.3,6.9,7.9,0,15.9,11.7,-151.8,0,-140.4,0,-1.8,-1.8,0,0,,,,TWIST / TWIST / IMPACT
606,1213-1214,50.5,odysseus,D,1,10.5,-6.5,-180,0,1.3,-0.3,6.9,8.6,0,15.9,11.5,-151.8,0,-140.4,0,0,0,0,0,,,,RECOIL / RECOIL / NEEDLE
607,1215-1216,50.583,odysseus,D,1.1,10.5,-6.3,-180,0,1.3,-0.2,-2.6,8.6,0,15.9,11.5,-183.3,0,-183.3,0,0,0,12.9,-8.6,,,,RECOIL / RECOIL / NEEDLE
608,1217-1218,50.667,odysseus,D,1.3,10.5,-5.9,-180,0,1.3,-0.1,-5.7,8.6,0,15.9,11.5,-183.3,0,-183.3,0,0,0,17.2,-11.5,,,,RECOIL / RECOIL / NEEDLE
609,1219-1220,50.75,odysseus,D,1.5,10.5,-5.5,-180,0,1.3,-0.2,-4.3,8.6,0,15.9,11.5,-183.3,0,-183.3,0,0,0,12.9,-8.6,,,,EARLIER / RETIME / NEEDLE
610,1221-1222,50.833,odysseus,D,1.5,10.5,-5.3,-180,0,1.3,-0.3,-2.9,8.6,0,15.9,11.5,-183.3,0,-183.3,0,0,0,8.6,-5.7,,,,EARLIER / RETIME / NEEDLE
611,1223-1224,50.917,odysseus,D,1.6,10.4,-5.4,-183,0,1.3,-0.2,-2.6,7.2,0,13.5,11.5,-183.3,0,-179,0,0,0,8,-5.4,,,,EARLIER / RETIME / NEEDLE
612,1225-1226,51,odysseus,D,1.6,10.3,-5.7,-191.3,0,1.3,-0.2,-1.9,4.3,0,8.2,11.5,-183.2,0,-160.9,0,0,0,7.7,-5.8,,,,EARLIER / RETIME / NEEDLE
613,1227-1228,51.083,odysseus,D,1.5,10.3,-6,-203.4,0,1.3,-0.1,-1,1.3,0,3,11.5,-163.2,0,-137.5,0,0,0,9.3,-8.4,,,,EARLIER / RETIME / NEEDLE
614,1229-1230,51.167,odysseus,D,1.5,10.2,-6.2,-218.2,0,1.3,0,-0.3,0,0,0.9,11.5,-148.4,0,-115.4,0,0,0,13.7,-13.5,,,,EARLIER / RETIME / NEEDLE
615,1231-1232,51.25,odysseus,D,1.6,10.1,-6.3,-234.2,0,1.3,0,0,0,0,1.4,11.5,-145.7,0,-101.5,0,0,0,20.7,-20.8,,,,EARLIER / RETIME / NEEDLE
616,1233-1234,51.333,odysseus,D,1.7,10,-6.3,-250.3,0,1.3,0,0,0,0,1.9,11.5,-150.7,0,-94.5,0,0,0,28.1,-28.3,,,,EARLIER / RETIME / NEEDLE
617,1235-1236,51.417,odysseus,D,1.9,9.9,-6.2,-265,0,1.3,0,0,0,0,2.6,11.5,-153.7,0,-89.2,0,0,0,33,-33.2,,,,EARLIER / RETIME / NEEDLE
618,1237-1238,51.5,odysseus,D,2,9.8,-6.2,-277.2,0,1.3,0,0,0,0,3.3,11.5,-153.7,0,-86.5,0,0,0,33.9,-34.1,,,,WALK / APPROACH / NEEDLE
619,1239-1240,51.583,odysseus,D,2.1,9.7,-6.1,74.9,0,1.3,0,0.1,0,0,4.2,11.5,-152,0,-85.1,0,0,0,32.5,-32.9,,,,WALK / APPROACH / NEEDLE
620,1241-1242,51.667,odysseus,D,2.3,9.6,-6.1,72.3,0,1.3,0,0.2,0,0.2,5.1,11.7,-149,0,-84.9,0,0,0,29.3,-29.7,,,,WALK / APPROACH / NEEDLE
621,1243-1244,51.75,odysseus,R,2.4,9.5,-6,72.6,0,1.3,0,0.5,1.1,0.4,16.8,12,-144.6,0,-85.8,0,0,0,24.3,-24.8,,,,TRACK / APPROACH / NEEDLE
622,1245-1246,51.833,odysseus,R,2.6,9.5,-6,72.8,0,1.3,0,0.9,3.7,0.6,24.4,12.3,-139,0,-87.6,0,0,0,17.8,-18.4,,,,TRACK / APPROACH / NEEDLE
623,1247-1248,51.917,odysseus,R,2.7,9.4,-5.9,72.9,0,1.3,-0.1,1.3,6.8,1,27.7,12.6,-132.5,0,-90.1,0,0,0,10.1,-10.8,,,,TRACK / APPROACH / NEEDLE
624,1249-1250,52,odysseus,R,2.9,9.3,-5.9,72.8,0,1.3,-0.1,1.9,9.4,1.5,28.9,12.6,-125.3,0,-93,0,0,0,1.5,-2.3,,,,TRACK / APPROACH / NEEDLE
625,1251-1252,52.083,odysseus,R,3,9.1,-5.8,72.7,0,1.3,-0.1,2.6,10.5,2,30.1,12.6,-117.8,0,-96,0,0,0,-7.4,6.5,,,,TRACK / APPROACH / NEEDLE
626,1253-1254,52.167,odysseus,R,3.2,9,-5.8,72.5,0,1.3,-0.2,3.4,11.2,2.6,36.6,12.6,-110.4,0,-98.7,0,0,0,-16.2,15.2,,,,TRACK / APPROACH / NEEDLE
627,1255-1256,52.25,odysseus,R,3.3,8.9,-5.7,72.2,0,1.3,-0.1,3.4,13,1.9,41.6,12.6,-103.1,0,-101.1,0,0,0,-24.7,23.6,,,,TRACK / APPROACH / NEEDLE
628,1257-1258,52.333,odysseus,R,3.5,8.8,-5.7,71.8,0,1.3,0,3.4,15,1.3,45.2,12.6,-96.5,0,-102.6,0,0,0,-32.2,31,,,,TRACK / APPROACH / NEEDLE
629,1259-1260,52.417,odysseus,R,3.7,8.7,-5.6,71.6,0,1.3,0,3.4,16.8,0.8,47.4,12.6,-90.9,0,-103,0,0,0,-38.3,36.9,,,,TRACK / APPROACH / NEEDLE
630,1261-1262,52.5,odysseus,R,3.8,8.6,-5.6,74.7,0,1.3,0.1,3.4,17.5,0.5,48.9,12.2,-86.7,0,-101.9,0,0,0,-42.5,41,,,,TRACK / APPROACH / NEEDLE
631,1263-1264,52.583,odysseus,H,4,8.5,-5.5,74.7,0,1.3,0.1,3.4,17.5,0.2,48.7,11.6,-83.9,0,-99.1,0,0,0,-44.6,43,,,,TRACK / APPROACH / NEEDLE
632,1265-1266,52.667,odysseus,H,4.1,8.4,-5.5,74.7,0,1.3,0.1,3.4,17.6,0.1,49,10.9,-82.8,0,-94.6,0,0,0,-44.4,42.6,,,,TRACK / APPROACH / NEEDLE
633,1267-1268,52.75,odysseus,H,4.3,8.3,-5.4,74.7,0,1.3,0.1,3.4,17.8,0,49.6,10.5,-83.3,0,-88.3,0,0,0,-42,40.1,,,,TRACK / APPROACH / NEEDLE
634,1269-1270,52.833,odysseus,H,4.5,8.2,-5.3,74.7,0,1.3,0.1,3.4,17.9,-0.1,50.7,10.3,-85.2,0,-80.5,0,0,0,-37.5,35.4,,,,TRACK / APPROACH / NEEDLE
635,1271-1272,52.917,odysseus,A,4.6,8.1,-5.3,81.3,0,1.3,0.1,3.4,18,-0.2,52.1,10.5,-88.4,0,-71.4,0,0,0,-31.2,29.1,,,,TRACK / APPROACH / NEEDLE
636,1273-1274,53,odysseus,A,4.8,8,-5.2,88,0,1.3,0.1,3.4,18,-0.5,53.8,10.9,-92.5,0,-61.3,0,0,0,-23.7,21.4,,,,TRACK / APPROACH / NEEDLE
637,1275-1276,53.083,odysseus,H,5,7.8,-5.2,88,0,1.3,0,3.4,18,-0.8,54.8,11.6,-97.1,0,-50.7,0,0,0,-15.5,13.1,,,,TRACK / APPROACH / NEEDLE
638,1277-1278,53.167,odysseus,H,5.1,7.7,-5.1,88,0,1.3,0,3.4,18,-1.3,54.8,12.2,-101.7,0,-39.9,0,0,0,-7.3,4.7,,,,TRACK / APPROACH / NEEDLE
639,1279-1280,53.25,odysseus,H,5.3,7.6,-5.1,88,0,1.3,-0.1,3.4,18,-1.9,54.5,12.6,-106,0,-29.5,0,0,0,0.5,-3.2,,,,TRACK / APPROACH / NEEDLE
640,1281-1282,53.333,odysseus,A,5.5,7.5,-5,88,0,1.3,-0.2,3.4,18,-2.6,54.5,12.6,-109.4,0,-20,0,0,0,7,-9.9,,,,TRACK / APPROACH / NEEDLE
641,1283-1284,53.417,odysseus,A,5.7,7.4,-4.9,92.2,0,1.3,-0.1,3.4,18,-1.8,55.5,12.6,-111.5,0,-11.7,0,0,0,11.9,-14.9,,,,TRACK / APPROACH / NEEDLE
642,1285-1286,53.5,odysseus,H,5.8,7.3,-4.9,92.2,0,1.3,0,3.4,18,-1.1,54.2,12.6,-112.2,0,-4.9,0,0,0,14.7,-17.9,,,,TRACK / APPROACH / NEEDLE
643,1287-1288,53.583,odysseus,H,6,7.2,-4.8,92.2,0,1.3,0,3.4,18,-0.6,53.6,12.6,-111.2,0,0.2,0,0,0,15.2,-18.5,,,,TRACK / APPROACH / NEEDLE
644,1289-1290,53.667,odysseus,H,6.2,7.1,-4.8,92.2,0,1.3,0.1,3.4,18,-0.3,53.7,11.9,-108.4,0,3.5,0,0,0,13.3,-16.8,,,,TRACK / APPROACH / NEEDLE
645,1291-1292,53.75,odysseus,H,6.3,6.9,-4.7,92.2,0,1.3,0.1,3.4,18,-0.1,54.4,11.1,-104,0,5.2,0,0,0,9.1,-12.7,,,,TRACK / APPROACH / NEEDLE
646,1293-1294,53.833,odysseus,A,6.5,6.8,-4.7,99.6,0,1.3,0.1,3.4,18,0,55.7,10.5,-98.2,0,5.2,0,0,0,2.9,-6.6,,,,TRACK / APPROACH / NEEDLE
647,1295-1296,53.917,odysseus,A,6.7,6.7,-4.6,107.1,0,1.3,0.1,3.4,18,0.1,57.3,10.3,-91.1,0,4.1,0,0,0,-5,1.2,,,,TRACK / APPROACH / NEEDLE
648,1297-1298,54,odysseus,H,6.8,6.6,-4.6,107.1,0,1.3,0.1,3.4,18,0.3,55,10.5,-83.3,0,2,0,0,0,-14,10.1,,,,TRACK / APPROACH / NEEDLE
649,1299-1300,54.083,odysseus,H,7,6.5,-4.5,107.1,0,1.3,0,3.4,18,0.6,53.7,11.1,-75,0,-0.6,0,0,0,-23.7,19.6,,,,TRACK / APPROACH / NEEDLE
650,1301-1302,54.167,odysseus,H,7.2,6.4,-4.4,107.1,0,1.3,0,3.4,18,1.1,53.6,11.9,-66.8,0,-3.3,0,0,0,-33.3,29,,,,TRACK / APPROACH / NEEDLE
651,1303-1304,54.25,odysseus,H,7.3,6.3,-4.4,107.1,0,1.3,-0.1,3.4,18,1.8,54.5,12.6,-59.1,0,-5.6,0,0,0,-42.3,37.9,,,,TRACK / APPROACH / NEEDLE
652,1305-1306,54.333,odysseus,A,7.5,6.2,-4.3,110.6,0,1.3,-0.2,3.4,18,2.6,56,12.6,-52.1,0,-7.3,0,0,0,-50.2,45.7,,,,TRACK / APPROACH / NEEDLE
653,1307-1308,54.417,odysseus,A,7.6,6.1,-4.3,110.6,0,1.3,-0.1,3.4,18,1.8,56.5,11.1,-46.4,0,-8,0,0,0,-56.6,52,,,,TRACK / APPROACH / NEEDLE
654,1309-1310,54.5,odysseus,A,7.8,6,-4.2,110.6,0,1.3,0,3.4,18,1.1,55.5,5.2,-42,0,-7.5,0,0,0,-61.1,54.4,,,,TRACK / APPROACH / NEEDLE
655,1311-1312,54.583,odysseus,A,7.9,5.9,-4.2,110.6,0,1.3,0,3.4,18,0.6,54.1,-2.2,-39.1,0,-5.6,0,0,0,-63.7,54.4,,,,TRACK / APPROACH / NEEDLE
656,1313-1314,54.667,odysseus,A,8.1,5.8,-4.1,110.6,0,1.3,0.1,3.4,18,0.3,53.1,-8.6,-37.7,0,-2.5,0,0,0,-64.1,54.4,,,,TRACK / APPROACH / NEEDLE
657,1315-1316,54.75,odysseus,A,8.3,5.7,-4.1,114.6,0,1.3,0.1,3.4,18,0.1,53.3,-11.8,-37.8,0,1.9,0,0,0,-62.7,54.4,,,,TRACK / APPROACH / NEEDLE
658,1317-1318,54.833,odysseus,H,8.4,5.6,-4,114.6,0,1.3,0.1,3.4,18,0,51.3,-12.4,-39.2,0,7.5,0,0,0,-59.4,54.3,,,,TRACK / APPROACH / NEEDLE
659,1319-1320,54.917,odysseus,R,8.6,5.5,-4,114.6,0,1.3,0.1,3.4,18,-0.1,49.9,-12.6,-41.8,0,13.9,0,0,0,-54.6,49.4,,,,TRACK / APPROACH / NEEDLE
660,1321-1322,55,odysseus,R,8.7,5.4,-3.9,113.5,0,1.3,0.1,3.4,18,-0.3,49.1,-12.4,-45.3,0,20.9,0,0,0,-48.7,43.5,,,,TRACK / APPROACH / NEEDLE
661,1323-1324,55.083,odysseus,R,8.8,5.3,-3.9,109.3,0,1.3,0,3.4,18,-0.6,49,-11.8,-49.4,0,28.3,0,0,0,-42.1,36.7,,,,TRACK / APPROACH / NEEDLE
662,1325-1326,55.167,odysseus,R,9,5.2,-3.8,108.1,0,1.3,0,3.4,18,-1.1,49.4,-11,-53.9,0,35.8,0,0,0,-35,29.6,,,,TRACK / APPROACH / NEEDLE
663,1327-1328,55.25,odysseus,R,9.1,5.1,-3.8,105.1,0,1.3,-0.1,3.4,18,-1.8,50.2,-10.3,-58.3,0,43,0,0,0,-28,22.5,,,,TRACK / APPROACH / NEEDLE
664,1329-1330,55.333,odysseus,R,9.2,5,-3.8,95.6,0,1.3,-0.2,3.4,18,-2.6,50,-9.7,-61.8,0,48.8,0,0,0,-22.5,17,,,,TRACK / APPROACH / NEEDLE
665,1331-1332,55.417,odysseus,R,9.4,4.9,-3.7,85.7,0,1.3,-0.1,3.4,18,-1.9,48.7,-9.5,-63.2,0,52.3,0,0,0,-20,14.4,,,,TRACK / APPROACH / NEEDLE
666,1333-1334,55.5,odysseus,R,9.5,4.8,-3.7,76.1,0,1.3,0,3.4,18,-1.3,46.8,-9.6,-62.2,0,53,0,0,0,-20.8,15.2,,,,TRACK / APPROACH / NEEDLE
667,1335-1336,55.583,odysseus,R,9.6,4.7,-3.6,67.4,0,1.3,0,3.4,18,-0.8,45.3,-10.1,-59.3,0,51.5,0,0,0,-24.4,18.7,,,,TRACK / APPROACH / NEEDLE
668,1337-1338,55.667,odysseus,R,9.8,4.7,-3.6,63.8,0,1.3,0.1,3.4,18,-0.5,44.7,-10.7,-55.6,0,48.8,0,0,0,-29.1,23.4,,,,TRACK / APPROACH / NEEDLE
669,1339-1340,55.75,odysseus,R,9.9,4.6,-3.5,59.3,0,1.3,0.1,3.4,18,-0.2,42.7,-11.4,-52.5,0,46.3,0,0,0,-33.2,27.5,,,,TRACK / APPROACH / NEEDLE
670,1341-1342,55.833,odysseus,R,10,4.5,-3.5,57.8,0,1.3,0.1,3.4,18,-0.1,41,-12,-51.2,0,45.2,0,0,0,-35,29.2,,,,TRACK / APPROACH / NEEDLE
671,1343-1344,55.917,odysseus,R,10,4.5,-3.5,57.9,0,1.3,0.1,3.4,18,0,39.7,-12.4,-51.2,0,45.2,0,0,0,-35,29.2,,,,TRACK / APPROACH / NEEDLE
672,1345-1346,56,odysseus,R,10,4.5,-3.5,58,0,1.3,0.1,2.4,18,0,39,-12.6,-51.3,0,45.4,0,0,0,-34.8,29.1,,,,TRACK / APPROACH / NEEDLE
673,1347-1348,56.083,odysseus,R,10,4.5,-3.5,62.5,0,1.3,0,1.4,18,0,38.8,-12.6,-51.5,0,45.6,0,0,0,-34.6,28.8,,,,TRACK / APPROACH / NEEDLE
674,1349-1350,56.167,odysseus,A,10,4.5,-3.5,67,0,1.3,0,0.6,18,0,38.8,-12.5,-51.7,0,45.8,0,0,0,-34.3,28.6,,,,TRACK / APPROACH / NEEDLE
675,1351-1352,56.25,odysseus,A,10,4.5,-3.5,67,0,1.3,-0.1,-0.1,15.4,0,18,-12.4,-51.8,0,46,0,0,0,-34.1,28.4,,,,TRACK / APPROACH / NEEDLE
676,1353-1354,56.333,odysseus,R,10,4.5,-3.5,66.8,0,1.3,-0.1,-0.7,8.7,0,3.2,-12.3,-51.9,0,46.1,0,0,0,-34,28.3,,,,TRACK / APPROACH / NEEDLE
677,1355-1356,56.417,odysseus,R,10,4.5,-3.5,66.6,0,1.3,-0.1,-1.1,0,0,-5.6,-12.2,-51.8,0,46,0,0,0,-34.1,28.3,,,,TRACK / APPROACH / NEEDLE
678,1357-1358,56.5,odysseus,R,10,4.5,-3.5,66.4,0,1.3,-0.1,-1.5,-8.7,0,-8.6,-12,-51.7,0,45.9,0,0,0,-34.3,28.5,,,,TRACK / APPROACH / NEEDLE
679,1359-1360,56.583,odysseus,R,10,4.5,-3.5,57.7,0,1.3,-0.1,-1.7,-15.4,0,-8.6,-11.9,-51.6,0,45.8,0,0,0,-34.4,28.6,,,,TRACK / APPROACH / NEEDLE
680,1361-1362,56.667,odysseus,R,10,4.5,-3.5,35.4,0,1.3,-0.1,-1.7,-18,0,-8.6,-11.8,-51.6,0,45.8,0,0,0,-34.4,28.6,,,,TRACK / APPROACH / NEEDLE
681,1363-1364,56.75,odysseus,R,10,4.5,-3.5,5.1,0,1.3,-0.1,-1.5,-18,0,-8.6,-11.6,-51.6,0,45.8,0,0,0,-34.4,28.6,,,,TRACK / APPROACH / NEEDLE
682,1365-1366,56.833,odysseus,R,10,4.5,-3.5,-28.1,0,1.3,-0.1,-0.9,-18,0,-8.6,-11.5,-51.6,0,45.8,0,0,0,-34.4,28.6,,,,TRACK / APPROACH / NEEDLE
683,1367-1368,56.917,odysseus,R,10,4.5,-3.5,-58.4,0,1.3,0,-0.3,-18,0,-8.6,-11.5,-51.6,0,45.8,0,0,0,-34.4,28.6,,,,TRACK / APPROACH / NEEDLE
684,1369-1370,57,odysseus,R,10,4.5,-3.5,-80.7,0,1.3,0,0,-17.9,0,-9.8,2.9,-51.6,0,45.8,0,0,0,-34.4,28.6,,,,LOOK / HOLD / VOICE
685,1371-1372,57.083,odysseus,R,10,4.5,-3.5,-89.3,0,1.3,0,0,-17.5,0,-10.7,5.9,-51.6,0,45.8,0,0,0,-34.4,28.6,,,,LOOK / HOLD / VOICE
686,1373-1374,57.167,odysseus,R,10,4.5,-3.5,-89.3,0,1.3,0,0,-17,0,-11.5,8.3,-51.6,0,45.8,0,0,0,-34.4,28.6,,,,LOOK / HOLD / VOICE
687,1375-1376,57.25,odysseus,R,10,4.5,-3.5,-89.3,0,1.3,0,0,-16.4,0,-12,10.1,-51.6,0,45.8,0,0,0,-34.4,28.6,,,,LOOK / HOLD / VOICE
688,1377-1378,57.333,odysseus,h,10,4.5,-3.5,-89.3,0,1.3,0,0,-15.8,0,-12.4,11.1,-51.6,0,45.8,0,0,0,-34.4,28.6,,,,LOOK / HOLD / VOICE
689,1379-1380,57.417,odysseus,h,10,4.5,-3.5,-89.3,0,1.3,0,0,-15.3,0,-12.5,11.4,-51.6,0,45.8,0,0,0,-34.4,28.6,,,,LOOK / HOLD / VOICE
690,1381-1382,57.5,odysseus,h,10,4.5,-3.5,-89.3,0,1.3,0,0,-14.9,0,-11.5,11.4,-51.6,0,45.8,0,0,0,-34.4,28.6,,,,LOOK / HOLD / VOICE
691,1383-1384,57.583,odysseus,h,10,4.5,-3.5,-89.3,0,1.3,0,0,-14.8,0,-9.6,11.4,-51.6,0,45.8,0,0,0,-34.4,28.6,,,,LOOK / HOLD / VOICE
692,1385-1386,57.667,odysseus,h,10,4.5,-3.5,-89.3,0,1.3,0,0,-14.8,0,-8.6,11.4,-51.6,0,45.8,0,0,0,-34.4,28.6,,,,LOOK / HOLD / VOICE
693,1387-1388,57.75,odysseus,h,10,4.5,-3.5,-89.3,0,1.3,0,0,-14.8,0,-8.6,11.4,-51.6,0,45.8,0,0,0,-34.4,28.6,,,,HOLD / VOICE / NEEDLE
694,1389-1390,57.833,odysseus,h,10,4.5,-3.5,-89.3,0,1.3,0,0,-14.8,0,-8.6,11.4,-51.6,0,45.8,0,0,0,-34.4,28.6,,,,HOLD / VOICE / NEEDLE
695,1391-1392,57.917,odysseus,h,10,4.5,-3.5,-89.3,0,1.3,0,0,-14.8,0,-8.6,11.4,-51.6,0,45.8,0,0,0,-34.4,28.6,,,,HOLD / VOICE / NEEDLE
696,1393-1394,58,odysseus,h,10,4.5,-3.5,-89.3,0,1.3,0,0,-14.8,0,-8.6,11.4,-51.6,0,45.8,0,0,0,-34.4,28.6,,,,HOLD / VOICE / NEEDLE
697,1395-1396,58.083,odysseus,h,10,4.5,-3.5,-89.3,0,1.3,0,0,-14.8,0,-8.6,11.4,-51.6,0,45.8,0,0,0,-34.4,28.6,,,,HOLD / VOICE / NEEDLE
698,1397-1398,58.167,odysseus,h,10,4.5,-3.5,-89.3,0,1.3,0,0,-14.8,0,-8.6,11.4,-51.6,0,45.8,0,0,0,-34.4,28.6,,,,HOLD / VOICE / NEEDLE
699,1399-1400,58.25,odysseus,h,10,4.5,-3.5,-89.3,0,1.3,0,0,-14.8,0,-8.6,11.4,-51.6,0,45.8,0,0,0,-34.4,28.6,,,,HOLD / VOICE / NEEDLE
700,1401-1402,58.333,odysseus,h,10,4.5,-3.5,-89.3,0,1.3,0,0,-14.8,0,-8.6,11.4,-51.6,0,45.8,0,0,0,-34.4,28.6,,,,WEIGHT SHIFT / HOLD / VOICE
701,1403-1404,58.417,odysseus,h,10,4.5,-3.5,-89.3,0,1.3,0,0,-14.8,-0.2,-8.6,11.4,-51.6,0,45.8,0,0,0,-34.4,28.6,,,,WEIGHT SHIFT / HOLD / VOICE
702,1405-1406,58.5,odysseus,h,10,4.5,-3.5,-89.3,0,1.4,0,0,-14.8,-0.7,-8.6,11.4,-51.6,0,45.8,0,0,0,-34.4,28.6,,,,WEIGHT SHIFT / HOLD / VOICE
703,1407-1408,58.583,odysseus,h,10,4.5,-3.5,-89.3,0,1.5,0,0,-14.8,-1.3,-8.6,11.4,-51.6,0,45.8,0,0,0,-34.4,28.6,,,,WEIGHT SHIFT / HOLD / VOICE
704,1409-1410,58.667,odysseus,h,10,4.5,-3.5,-89.3,0,1.6,-0.1,0,-14.8,-1.9,-8.6,11.4,-51.6,0,45.8,0,0,0,-34.4,28.6,,,,WEIGHT SHIFT / HOLD / VOICE
705,1411-1412,58.75,odysseus,h,10,4.5,-3.5,-89.3,0,1.7,-0.1,0,-14.8,-2.4,-8.6,11.4,-51.6,0,45.8,0,0,0,-34.4,28.6,,,,WEIGHT SHIFT / HOLD / VOICE
706,1413-1414,58.833,odysseus,h,10,4.5,-3.5,-89.3,0,1.7,-0.1,0,-14.8,-2.6,-8.6,11.4,-51.6,0,45.8,0,0,0,-34.4,28.6,,,,WEIGHT SHIFT / HOLD / VOICE
707,1415-1416,58.917,odysseus,h,10,4.5,-3.5,-89.3,0,1.7,0,0,-14.8,-2.5,-8.6,11.4,-51.6,0,45.8,0,0,0,-34.4,28.6,,,,WEIGHT SHIFT / HOLD / VOICE
708,1417-1418,59,odysseus,h,10,4.5,-3.5,-89.3,0,1.7,0,0,-14.8,-2.5,-8.6,11.4,-51.6,0,45.8,0,0,0,-34.4,28.6,,,,WEIGHT SHIFT / HOLD / VOICE
709,1419-1420,59.083,odysseus,h,10,4.5,-3.5,-89.3,0,1.6,0,0,-14.8,-2.4,-8.6,11.4,-51.6,0,45.8,0,0,0,-34.4,28.6,,,,WEIGHT SHIFT / HOLD / VOICE
710,1421-1422,59.167,odysseus,h,10,4.5,-3.5,-89.3,0,1.6,0,0,-14.8,-2.4,-8.6,11.4,-51.6,0,45.8,0,0,0,-34.4,28.6,,,,WEIGHT SHIFT / HOLD / VOICE
711,1423-1424,59.25,odysseus,h,10,4.5,-3.5,-89.3,0,1.6,0,0,-14.8,-2.3,-8.6,11.4,-51.6,0,45.8,0,0,0,-34.4,28.6,,,,WEIGHT SHIFT / HOLD / VOICE
712,1425-1426,59.333,odysseus,h,10,4.5,-3.5,-89.3,0,1.6,0,0,-14.8,-2.3,-8.6,11.4,-51.6,0,45.8,0,0,0,-34.4,28.6,,,,WEIGHT SHIFT / HOLD / VOICE
713,1427-1428,59.417,odysseus,h,10,4.5,-3.5,-89.3,0,1.5,0,0,-14.8,-2.2,-8.6,11.4,-51.6,0,45.8,0,0,0,-34.4,28.6,,,,WEIGHT SHIFT / HOLD / VOICE
714,1429-1430,59.5,odysseus,h,10,4.5,-3.5,-89.3,0,1.5,0,0,-14.8,-2.2,-8.6,11.4,-51.6,0,45.8,0,0,0,-34.4,28.6,,,,WEIGHT SHIFT / HOLD / VOICE
715,1431-1432,59.583,odysseus,h,10,4.5,-3.5,-89.3,0,1.5,0,0,-14.8,-2.1,-8.6,11.4,-51.6,0,45.8,0,0,0,-34.4,28.6,,,,WEIGHT SHIFT / HOLD / VOICE
716,1433-1434,59.667,odysseus,h,10,4.5,-3.5,-89.3,0,1.5,0,0,-14.8,-2.1,-8.6,11.4,-51.6,0,45.8,0,0,0,-34.4,28.6,,,,WEIGHT SHIFT / HOLD / VOICE
717,1435-1436,59.75,odysseus,h,10,4.5,-3.5,-89.3,0,1.4,0,0,-14.8,-2.1,-8.6,11.4,-51.6,0,45.8,0,0,0,-34.4,28.6,,,,WEIGHT SHIFT / HOLD / VOICE
718,1437-1438,59.833,odysseus,h,10,4.5,-3.5,-89.3,0,1.4,0,0,-14.8,-2,-8.6,11.4,-51.6,0,45.8,0,0,0,-34.4,28.6,,,,WEIGHT SHIFT / HOLD / VOICE
719,1439-1440,59.917,odysseus,h,10,4.5,-3.5,-89.3,0,1.4,0,0,-14.8,-2,-8.6,11.4,-51.6,0,45.8,0,0,0,-34.4,28.6,,,,WEIGHT SHIFT / HOLD / VOICE
720,1441-1442,60,odysseus,h,10,4.5,-3.5,-89.3,0,1.4,0,0,-14.8,-1.9,-8.6,11.4,-51.6,0,45.8,0,0,0,-34.4,28.6,,,,WEIGHT SHIFT / HOLD / VOICE
721,1443-1444,60.083,odysseus,h,10,4.5,-3.5,-89.3,0,1.3,0,0,-14.8,-1.9,-8.6,11.4,-51.6,0,45.8,0,0,0,-34.4,28.6,,,,WEIGHT SHIFT / HOLD / VOICE
722,1445-1446,60.167,odysseus,h,10,4.5,-3.5,-89.3,0,1.3,0,0,-14.8,-1.8,-8.6,11.4,-51.6,0,45.8,0,0,0,-34.4,28.6,,,,WEIGHT SHIFT / HOLD / VOICE
723,1447-1448,60.25,odysseus,h,10,4.5,-3.5,-89.3,0,1.3,0,0,-14.8,-1.8,-8.6,11.4,-51.6,0,45.8,0,0,0,-34.4,28.6,,,,WEIGHT SHIFT / HOLD / VOICE
724,1449-1450,60.333,odysseus,h,10,4.5,-3.5,-89.3,0,1.3,0,0,-14.8,-1.7,-8.6,11.4,-51.6,0,45.8,0,0,0,-34.4,28.6,,,,HOLD / VOICE / NEEDLE
725,1451-1452,60.417,odysseus,h,10,4.5,-3.5,-89.3,0,1.3,0,0,-14.8,-1.7,-8.6,11.4,-51.6,0,45.8,0,0,0,-34.4,28.6,,,,HOLD / VOICE / NEEDLE
726,1453-1454,60.5,odysseus,h,10,4.5,-3.5,-89.3,0,1.3,0,0,-14.8,-1.7,-8.6,11.4,-51.6,0,45.8,0,0,0,-34.4,28.6,,,,HOLD / VOICE / NEEDLE
727,1455-1456,60.583,odysseus,h,10,4.5,-3.5,-89.3,0,1.3,0,0,-14.8,-1.7,-8.6,11.4,-51.6,0,45.8,0,0,0,-34.4,28.6,,,,HOLD / VOICE / NEEDLE
728,1457-1458,60.667,odysseus,h,10,4.5,-3.5,-89.3,0,1.3,0,0,-14.8,-1.7,-8.6,11.4,-51.6,0,45.8,0,0,0,-34.4,28.6,,,,HOLD / VOICE / NEEDLE
729,1459-1460,60.75,odysseus,h,10,4.5,-3.5,-89.3,0,1.3,0,0,-14.8,-1.7,-8.6,11.4,-51.6,0,45.8,0,0,0,-34.4,28.6,,,,HOLD / VOICE / NEEDLE
730,1461-1462,60.833,odysseus,h,10,4.5,-3.5,-89.3,0,1.3,0,0,-14.8,-1.7,-8.6,11.4,-51.6,0,45.8,0,0,0,-34.4,28.6,,,,LOOK / HOLD / VOICE
731,1463-1464,60.917,odysseus,A,10,4.5,-3.5,-89.3,0,1.3,0,0,-15.2,-1.7,-9.6,2.9,-51.6,0,45.8,0,0,0,-34.4,28.6,,,,LOOK / HOLD / VOICE
732,1465-1466,61,odysseus,h,10,4.5,-3.5,-89.3,0,1.3,0,0,-16.2,-1.7,-10.5,2.7,-51.6,0,45.8,0,0,0,-34.4,28.6,,,,LOOK / HOLD / VOICE
733,1467-1468,61.083,odysseus,h,10,4.5,-3.5,-89.3,0,1.3,0,0,-17.6,-1.7,-11.2,2.5,-51.6,0,45.8,0,0,0,-34.4,28.6,,,,LOOK / HOLD / VOICE
734,1469-1470,61.167,odysseus,A,10,4.5,-3.5,-89.3,0,1.3,0,0,-19.4,-1.7,-11.8,2.4,-51.6,0,45.8,0,0,0,-34.4,28.6,,,,LOOK / HOLD / VOICE
735,1471-1472,61.25,odysseus,A,10,4.5,-3.5,-89.3,0,1.3,0,0,-21.2,-1.7,-12.1,2.4,-51.6,0,45.8,0,0,0,-34.4,28.6,,,,LOOK / HOLD / VOICE
736,1473-1474,61.333,odysseus,A,10,4.5,-3.5,-89.3,0,1.3,0,0,-22.9,-1.7,-12.4,2.3,-51.6,0,45.8,0,0,0,-34.4,28.6,,,,LOOK / HOLD / VOICE
737,1475-1476,61.417,odysseus,h,10,4.5,-3.5,-89.3,0,1.3,0,0,-24.4,-1.7,-12.5,2.3,-51.6,0,45.8,0,0,0,-34.4,28.6,,,,LOOK / HOLD / VOICE
738,1477-1478,61.5,odysseus,h,10,4.5,-3.5,-89.3,0,1.3,0,0,-25.4,-1.7,-11.5,2.3,-51.6,0,45.8,0,0,0,-34.4,28.6,,,,LOOK / HOLD / VOICE
739,1479-1480,61.583,odysseus,h,10,4.5,-3.5,-89.3,0,1.3,0,0,-25.8,-1.7,-9.6,2.3,-51.6,0,45.8,0,0,0,-34.4,28.6,,,,LOOK / HOLD / VOICE
740,1481-1482,61.667,odysseus,h,10,4.5,-3.5,-89.3,0,1.3,0,0,-25.8,-1.7,-8.6,2.3,-51.6,0,45.8,0,0,0,-34.4,28.6,,,,LOOK / HOLD / VOICE
741,1483-1484,61.75,odysseus,h,10,4.5,-3.5,-89.3,0,1.3,0,0,-25.8,-1.7,-8.6,2.3,-51.6,0,45.8,0,0,0,-34.4,28.6,,,,HOLD / VOICE / NEEDLE
742,1485-1486,61.833,odysseus,h,10,4.5,-3.5,-89.3,0,1.3,0,0,-25.8,-1.7,-8.6,2.3,-51.6,0,45.8,0,0,0,-34.4,28.6,,,,HOLD / VOICE / NEEDLE
743,1487-1488,61.917,odysseus,h,10,4.5,-3.5,-89.3,0,1.3,0,0,-25.8,-1.7,-8.6,2.3,-51.6,0,45.8,0,0,0,-34.4,28.6,,,,HOLD / VOICE / NEEDLE
744,1489-1490,62,odysseus,h,10,4.5,-3.5,-89.3,0,1.3,0,0,-25.8,-1.7,-8.6,2.3,-51.6,0,45.8,0,0,0,-34.4,28.6,,,,HOLD / VOICE / NEEDLE
745,1491-1492,62.083,odysseus,h,10,4.5,-3.5,-89.3,0,1.3,0,0,-25.8,-1.7,-8.6,2.3,-51.6,0,45.8,0,0,0,-34.4,28.6,,,,WEIGHT SHIFT / HOLD / VOICE
746,1493-1494,62.167,odysseus,h,10,4.5,-3.5,-89.3,0,1,0,0,-25.8,-1.4,-8.6,2.3,-51.6,0,45.8,0,0,0,-34.4,28.6,,,,WEIGHT SHIFT / HOLD / VOICE
747,1495-1496,62.25,odysseus,h,10,4.5,-3.5,-89.3,0,0.5,0,0,-25.8,-0.6,-8.6,2.3,-51.6,0,45.8,0,0,0,-34.4,28.6,,,,WEIGHT SHIFT / HOLD / VOICE
748,1497-1498,62.333,odysseus,R,10,4.5,-3.5,-89.3,0,-0.2,0,0,-25.8,0.4,-8.6,2.3,-51.6,0,45.8,0,0,0,-34.4,28.6,,,,WEIGHT SHIFT / HOLD / VOICE
749,1499-1500,62.417,odysseus,R,10,4.5,-3.5,-89.3,0,-0.9,-0.1,0,-25.8,1.5,-8.6,2.3,-51.6,0,45.8,0,0,0,-34.4,28.6,,,,WEIGHT SHIFT / HOLD / VOICE
750,1501-1502,62.5,odysseus,h,10,4.5,-3.5,-89.3,0,-1.5,-0.1,0,-25.8,2.3,-8.6,2.3,-51.6,0,45.8,0,0,0,-34.4,28.6,,,,WEIGHT SHIFT / HOLD / VOICE
751,1503-1504,62.583,odysseus,h,10,4.5,-3.5,-89.3,0,-1.7,-0.1,0,-25.8,2.6,-8.6,2.3,-51.6,0,45.8,0,0,0,-34.4,28.6,,,,WEIGHT SHIFT / HOLD / VOICE
752,1505-1506,62.667,odysseus,h,10,4.5,-3.5,-89.3,0,-1.7,0,0,-25.8,2.5,-8.6,2.3,-51.6,0,45.8,0,0,0,-34.4,28.6,,,,WEIGHT SHIFT / HOLD / VOICE
753,1507-1508,62.75,odysseus,h,10,4.5,-3.5,-89.3,0,-1.7,0,0,-25.8,2.5,-9.6,2.9,-51.6,0,45.8,0,0,0,-34.4,28.6,,,,LOOK / HOLD / VOICE
754,1509-1510,62.833,odysseus,A,10,4.5,-3.5,-89.3,0,-1.6,0,0,-25.8,2.4,-10.5,-1.5,-51.6,0,45.8,0,0,0,-34.4,28.6,,,,LOOK / HOLD / VOICE
755,1511-1512,62.917,odysseus,A,10,4.5,-3.5,-89.3,0,-1.6,0,0,-25.8,2.4,-11.2,-5.1,-51.6,0,45.8,0,0,0,-34.4,28.6,,,,LOOK / HOLD / VOICE
756,1513-1514,63,odysseus,A,10,4.5,-3.5,-89.3,0,-1.6,0,0,-25.8,2.3,-11.8,-7.9,-51.6,0,45.8,0,0,0,-34.4,28.6,,,,LOOK / HOLD / VOICE
757,1515-1516,63.083,odysseus,h,10,4.5,-3.5,-89.3,0,-1.6,0,0,-25.8,2.3,-12.1,-9.9,-51.6,0,45.8,0,0,0,-34.4,28.6,,,,LOOK / HOLD / VOICE
758,1517-1518,63.167,odysseus,h,10,4.5,-3.5,-89.3,0,-1.5,0,0,-25.8,2.2,-12.4,-11.1,-51.6,0,45.8,0,0,0,-34.4,28.6,,,,LOOK / HOLD / VOICE
759,1519-1520,63.25,odysseus,h,10,4.5,-3.5,-89.3,0,-1.5,0,0,-25.8,2.2,-12.5,-11.5,-51.6,0,45.8,0,0,0,-34.4,28.6,,,,LOOK / HOLD / VOICE
760,1521-1522,63.333,odysseus,h,10,4.5,-3.5,-89.3,0,-1.5,0,0,-25.8,2.1,-11.5,-11.5,-51.6,0,45.8,0,0,0,-34.4,28.6,,,,LOOK / HOLD / VOICE
761,1523-1524,63.417,odysseus,h,10,4.5,-3.5,-89.3,0,-1.5,0,0,-25.8,2.1,-9.6,-11.5,-51.6,0,45.8,0,0,0,-34.4,28.6,,,,LOOK / HOLD / VOICE
762,1525-1526,63.5,odysseus,h,10,4.5,-3.5,-89.3,0,-1.4,0,0,-25.8,2.1,-8.6,-11.5,-51.6,0,45.8,0,0,0,-34.4,28.6,,,,LOOK / HOLD / VOICE
763,1527-1528,63.583,odysseus,h,10,4.5,-3.5,-89.3,0,-1.4,0,0,-25.8,2,-8.6,-11.5,-51.6,0,45.8,0,0,0,-34.4,28.6,,,,WEIGHT SHIFT / HOLD / VOICE
764,1529-1530,63.667,odysseus,h,10,4.5,-3.5,-89.3,0,-1.4,0,0,-25.8,2,-8.6,-11.5,-51.6,0,45.8,0,0,0,-34.4,28.6,,,,WEIGHT SHIFT / HOLD / VOICE
765,1531-1532,63.75,odysseus,h,10,4.5,-3.5,-89.3,0,-1.4,0,0,-25.8,1.9,-8.6,-11.5,-51.6,0,45.8,0,0,0,-34.4,28.6,,,,WEIGHT SHIFT / HOLD / VOICE
766,1533-1534,63.833,odysseus,h,10,4.5,-3.5,-89.3,0,-1.3,0,0,-25.8,1.9,-8.6,-11.5,-51.6,0,45.8,0,0,0,-34.4,28.6,,,,WEIGHT SHIFT / HOLD / VOICE
767,1535-1536,63.917,odysseus,h,10,4.5,-3.5,-89.3,0,-1.3,0,0,-25.8,1.8,-8.6,-11.5,-51.6,0,45.8,0,0,0,-34.4,28.6,,,,WEIGHT SHIFT / HOLD / VOICE
768,1537-1538,64,odysseus,h,10,4.5,-3.5,-89.3,0,-1.3,0,0,-25.8,1.8,-8.6,-11.5,-51.6,0,45.8,0,0,0,-34.4,28.6,,,,WEIGHT SHIFT / HOLD / VOICE
769,1539-1540,64.083,odysseus,h,10,4.5,-3.5,-89.3,0,-1.3,0,0,-25.8,1.7,-8.6,-11.5,-51.6,0,45.8,0,0,0,-34.4,28.6,,,,HOLD / VOICE / NEEDLE
770,1541-1542,64.167,odysseus,h,10,4.5,-3.5,-89.3,0,-1.3,0,0,-25.8,1.7,-8.6,-11.5,-51.6,0,45.8,0,0,0,-34.4,28.6,,,,HOLD / VOICE / NEEDLE
771,1543-1544,64.25,odysseus,h,10,4.5,-3.5,-89.3,0,-1.3,0,0,-25.8,1.7,-8.6,-11.5,-51.6,0,45.8,0,0,0,-34.4,28.6,,,,HOLD / VOICE / NEEDLE
772,1545-1546,64.333,odysseus,h,10,4.5,-3.5,-89.3,0,-1.3,0,0,-25.8,1.7,-8.6,-11.5,-51.6,0,45.8,0,0,0,-34.4,28.6,,,,HOLD / VOICE / NEEDLE
773,1547-1548,64.417,odysseus,h,10,4.5,-3.5,-89.3,0,-1.3,0,0,-25.8,1.7,-8.6,-11.5,-51.6,0,45.8,0,0,0,-34.4,28.6,,,,HOLD / VOICE / NEEDLE
774,1549-1550,64.5,odysseus,h,10,4.5,-3.5,-89.3,0,-1.3,0,0,-25.8,1.7,-8.6,-11.5,-51.6,0,45.8,0,0,0,-34.4,28.6,,,,HOLD / VOICE / NEEDLE
775,1551-1552,64.583,odysseus,h,10,4.5,-3.5,-89.3,0,-1.3,0,0,-25.8,1.7,-8.6,-11.5,-51.6,0,45.8,0,0,0,-34.4,28.6,,,,HOLD / VOICE / NEEDLE
776,1553-1554,64.667,odysseus,h,10,4.5,-3.5,-89.3,0,-1.3,0,0,-25.8,1.7,-8.6,-11.5,-51.6,0,45.8,0,0,0,-34.4,28.6,,,,HOLD / VOICE / NEEDLE
777,1555-1556,64.75,odysseus,h,10,4.5,-3.5,-89.3,0,-1.3,0,0,-25.8,1.7,-8.6,-11.5,-51.6,0,45.8,0,0,0,-34.4,28.6,,,,HOLD / VOICE / NEEDLE
778,1557-1558,64.833,odysseus,h,10,4.5,-3.5,-89.3,0,-1.3,0,0,-25.8,1.7,-8.6,-11.5,-51.6,0,45.8,0,0,0,-34.4,28.6,,,,HOLD / VOICE / NEEDLE
779,1559-1560,64.917,odysseus,h,10,4.5,-3.5,-89.3,0,-1.3,0,0,-25.8,1.7,-8.6,-11.5,-51.6,0,45.8,0,0,0,-34.4,28.6,,,,HOLD / VOICE / NEEDLE
780,1561-1562,65,odysseus,h,10,4.5,-3.5,-89.3,0,-1.3,0,0,-25.8,1.7,-8.6,-11.5,-51.6,0,45.8,0,0,0,-34.4,28.6,,,,HOLD / VOICE / NEEDLE
781,1563-1564,65.083,odysseus,h,10,4.5,-3.5,-89.3,0,-1.3,0,0,-25.8,1.7,-8.6,-11.5,-51.6,0,45.8,0,0,0,-34.4,28.6,,,,HOLD / VOICE / NEEDLE
782,1565-1566,65.167,odysseus,h,10,4.5,-3.5,-89.3,0,-1.3,0,0,-25.8,1.7,-8.6,-11.5,-51.6,0,45.8,0,0,0,-34.4,28.6,,,,HOLD / VOICE / NEEDLE
783,1567-1568,65.25,odysseus,h,10,4.5,-3.5,-89.3,0,-1.3,0,0,-25.8,1.7,-8.6,-11.5,-51.6,0,45.8,0,0,0,-34.4,28.6,,,,HOLD / VOICE / NEEDLE
784,1569-1570,65.333,odysseus,h,10,4.5,-3.5,-89.3,0,-1.3,0,0,-25.8,1.7,-8.6,-11.5,-51.6,0,45.8,0,0,0,-34.4,28.6,,,,HOLD / VOICE / NEEDLE
785,1571-1572,65.417,odysseus,h,10,4.5,-3.5,-89.3,0,-1.3,0,0,-25.8,1.7,-8.6,-11.5,-51.6,0,45.8,0,0,0,-34.4,28.6,,,,HOLD / VOICE / NEEDLE
786,1573-1574,65.5,odysseus,A,10,4.5,-3.5,-89.3,0,-1.3,0,0,-25.2,1.7,-10,2.9,-51.6,0,45.8,0,0,0,-34.4,28.6,,,,LOOK / HOLD / VOICE
787,1575-1576,65.583,odysseus,A,10,4.5,-3.5,-89.3,0,-1.3,0,0,-23.6,1.7,-11.1,6.6,-51.6,0,45.8,0,0,0,-34.4,28.6,,,,LOOK / HOLD / VOICE
788,1577-1578,65.667,odysseus,A,10,4.5,-3.5,-89.3,0,-1.3,0,0,-21.5,1.7,-11.8,9.3,-51.6,0,45.8,0,0,0,-34.4,28.6,,,,LOOK / HOLD / VOICE
789,1579-1580,65.75,odysseus,A,10,4.5,-3.5,-89.3,0,-1.3,0,0,-19.1,1.7,-12.3,10.9,-51.6,0,45.8,0,0,0,-34.4,28.6,,,,LOOK / HOLD / VOICE
790,1581-1582,65.833,odysseus,A,10,4.5,-3.5,-89.3,0,-1.3,0,0,-17,1.7,-12.5,11.4,-51.6,0,45.8,0,0,0,-34.4,28.6,,,,LOOK / HOLD / VOICE
791,1583-1584,65.917,odysseus,R,10,4.5,-3.5,-89.3,0,-1.3,0,0,-15.4,1.7,-11.5,11.4,-51.6,0,45.8,0,0,0,-34.4,28.6,,,,LOOK / HOLD / VOICE
792,1585-1586,66,odysseus,R,10,4.5,-3.5,-89.3,0,-1,0,0,-14.8,1.3,-9.6,11.4,-51.6,0,45.8,0,0,0,-34.4,28.6,,,,WEIGHT SHIFT / HOLD / VOICE
793,1587-1588,66.083,odysseus,R,10,4.5,-3.5,-89.3,0,-0.2,0,0,-14.8,0.2,-8.6,11.4,-51.6,0,45.8,0,0,0,-34.4,28.6,,,,WEIGHT SHIFT / HOLD / VOICE
794,1589-1590,66.167,odysseus,R,10,4.5,-3.5,-89.3,0,0.7,-0.1,0,-14.8,-1.1,-8.6,11.4,-51.6,0,45.8,0,0,0,-34.4,28.6,,,,WEIGHT SHIFT / HOLD / VOICE
795,1591-1592,66.25,odysseus,R,10,4.5,-3.5,-89.3,0,1.4,-0.1,0,-14.8,-2.1,-8.6,11.4,-51.6,0,45.8,0,0,0,-34.4,28.6,,,,WEIGHT SHIFT / HOLD / VOICE
796,1593-1594,66.333,odysseus,h,10,4.5,-3.5,-89.3,0,1.7,-0.1,0,-14.8,-2.6,-8.6,11.4,-51.6,0,45.8,0,0,0,-34.4,28.6,,,,WEIGHT SHIFT / HOLD / VOICE
797,1595-1596,66.417,odysseus,h,10,4.5,-3.5,-89.3,0,1.7,0,0,-14.8,-2.5,-8.6,11.4,-51.6,0,45.8,0,0,0,-34.4,28.6,,,,WEIGHT SHIFT / HOLD / VOICE
798,1597-1598,66.5,odysseus,h,10,4.5,-3.5,-89.3,0,1.7,0,0,-14.8,-2.5,-8.6,11.4,-51.6,0,45.8,0,0,0,-34.4,28.6,,,,WEIGHT SHIFT / HOLD / VOICE
799,1599-1600,66.583,odysseus,h,10,4.5,-3.5,-89.3,0,1.6,0,0,-14.8,-2.4,-8.6,11.4,-51.6,0,45.8,0,0,0,-34.4,28.6,,,,WEIGHT SHIFT / HOLD / VOICE
800,1601-1602,66.667,odysseus,h,10,4.5,-3.5,-89.3,0,1.6,0,0,-14.8,-2.4,-8.6,11.4,-51.6,0,45.8,0,0,0,-34.4,28.6,,,,WEIGHT SHIFT / HOLD / VOICE
801,1603-1604,66.75,odysseus,h,10,4.5,-3.5,-89.3,0,1.6,0,0,-14.8,-2.4,-8.6,11.4,-51.6,0,45.8,0,0,0,-34.4,28.6,,,,WEIGHT SHIFT / HOLD / VOICE
802,1605-1606,66.833,odysseus,h,10,4.5,-3.5,-89.3,0,1.6,0,0,-14.8,-2.3,-8.6,11.4,-51.6,0,45.8,0,0,0,-34.4,28.6,,,,WEIGHT SHIFT / HOLD / VOICE
803,1607-1608,66.917,odysseus,h,10,4.5,-3.5,-89.3,0,1.6,0,0,-14.8,-2.3,-8.6,11.4,-51.6,0,45.8,0,0,0,-34.4,28.6,,,,WEIGHT SHIFT / HOLD / VOICE
804,1609-1610,67,odysseus,h,10,4.5,-3.5,-89.3,0,1.5,0,0,-14.8,-2.2,-8.6,11.4,-51.6,0,45.8,0,0,0,-34.4,28.6,,,,WEIGHT SHIFT / HOLD / VOICE
805,1611-1612,67.083,odysseus,h,10,4.5,-3.5,-89.3,0,1.5,0,0,-14.8,-2.2,-8.6,11.4,-51.6,0,45.8,0,0,0,-34.4,28.6,,,,WEIGHT SHIFT / HOLD / VOICE
806,1613-1614,67.167,odysseus,h,10,4.5,-3.5,-89.3,0,1.5,0,0,-14.8,-2.1,-8.6,11.4,-51.6,0,45.8,0,0,0,-34.4,28.6,,,,WEIGHT SHIFT / HOLD / VOICE
807,1615-1616,67.25,odysseus,h,10,4.5,-3.5,-89.3,0,1.5,0,0,-14.8,-2.1,-8.6,11.4,-51.6,0,45.8,0,0,0,-34.4,28.6,,,,WEIGHT SHIFT / HOLD / VOICE
808,1617-1618,67.333,odysseus,h,10,4.5,-3.5,-89.3,0,1.4,0,0,-14.8,-2,-8.6,11.4,-51.6,0,45.8,0,0,0,-34.4,28.6,,,,WEIGHT SHIFT / HOLD / VOICE
809,1619-1620,67.417,odysseus,h,10,4.5,-3.5,-89.3,0,1.4,0,0,-14.8,-2,-8.6,11.4,-51.6,0,45.8,0,0,0,-34.4,28.6,,,,WEIGHT SHIFT / HOLD / VOICE
810,1621-1622,67.5,odysseus,h,10,4.5,-3.5,-89.3,0,1.4,0,0,-14.8,-1.9,-8.6,11.4,-51.6,0,45.8,0,0,0,-34.4,28.6,,,,WEIGHT SHIFT / HOLD / VOICE
811,1623-1624,67.583,odysseus,h,10,4.5,-3.5,-89.3,0,1.4,0,0,-14.8,-1.9,-8.6,11.4,-51.6,0,45.8,0,0,0,-34.4,28.6,,,,WEIGHT SHIFT / HOLD / VOICE
812,1625-1626,67.667,odysseus,h,10,4.5,-3.5,-89.3,0,1.3,0,0,-14.8,-1.9,-8.6,11.4,-51.6,0,45.8,0,0,0,-34.4,28.6,,,,WEIGHT SHIFT / HOLD / VOICE
813,1627-1628,67.75,odysseus,h,10,4.5,-3.5,-89.3,0,1.3,0,0,-14.8,-1.8,-8.6,11.4,-51.6,0,45.8,0,0,0,-34.4,28.6,,,,WEIGHT SHIFT / HOLD / VOICE
814,1629-1630,67.833,odysseus,h,10,4.5,-3.5,-89.3,0,1.3,0,0,-14.8,-1.8,-8.6,11.4,-51.6,0,45.8,0,0,0,-34.4,28.6,,,,WEIGHT SHIFT / HOLD / VOICE
815,1631-1632,67.917,odysseus,h,10,4.5,-3.5,-89.3,0,1.3,0,0,-14.8,-1.7,-8.6,11.4,-51.6,0,45.8,0,0,0,-34.4,28.6,,,,WEIGHT SHIFT / HOLD / VOICE
816,1633-1634,68,odysseus,h,10,4.5,-3.5,-89.3,0,1.3,0,0,-14.8,-1.7,-8.6,11.4,-51.6,0,45.8,0,0,0,-34.4,28.6,,,,HOLD / VOICE / NEEDLE
817,1635-1636,68.083,odysseus,h,10,4.5,-3.5,-89.3,0,1.3,0,0,-14.8,-1.7,-8.6,11.4,-51.6,0,45.8,0,0,0,-34.4,28.6,,,,HOLD / VOICE / NEEDLE
818,1637-1638,68.167,odysseus,h,10,4.5,-3.5,-89.3,0,1.3,0,0,-14.8,-1.7,-8.6,11.4,-51.6,0,45.8,0,0,0,-34.4,28.6,,,,HOLD / VOICE / NEEDLE
819,1639-1640,68.25,odysseus,h,10,4.5,-3.5,-89.3,0,1.3,0,0,-14.8,-1.7,-8.6,11.4,-51.6,0,45.8,0,0,0,-34.4,28.6,,,,LOOK / ATTEND / WORD
820,1641-1642,68.333,odysseus,R,10,4.5,-3.5,-89.3,0,1.3,0,0,-15,-1.7,-8.9,2.9,-51.6,0,45.8,0,0,0,-34.4,28.6,,,,LOOK / ATTEND / WORD
821,1643-1644,68.417,odysseus,R,10,4.5,-3.5,-89.3,0,1.3,0,0,-15.5,-1.7,-9.6,2.8,-51.6,0,45.8,0,0,0,-34.4,28.6,,,,LOOK / ATTEND / WORD
822,1645-1646,68.5,odysseus,R,10,4.5,-3.5,-89.3,0,1.3,0,0,-16.2,-1.7,-10.5,2.7,-51.6,0,45.8,0,0,0,-34.4,28.6,,,,LOOK / ATTEND / WORD
823,1647-1648,68.583,odysseus,R,10,4.5,-3.5,-89.3,0,1.3,0,0,-16.8,-1.7,-11.5,2.5,-51.6,0,45.8,0,0,0,-34.4,28.6,,,,LOOK / ATTEND / WORD
824,1649-1650,68.667,odysseus,h,10,4.5,-3.5,-87.9,0,1.3,0,0,-17.3,-1.7,-12.2,2.4,-51.6,0,45.8,0,0,0,-34.4,28.6,,,,LOOK / ATTEND / WORD
825,1651-1652,68.75,odysseus,A,10,4.5,-3.5,-84.2,0,1.3,0,0,-17.5,-1.7,-12.5,2.3,-51.6,0,45.8,0,0,0,-34.4,28.6,,,,LOOK / HOLD / VOICE
826,1653-1654,68.833,odysseus,A,10,4.5,-3.5,-78.8,0,1.3,0,0,-17.8,-1.7,-12.5,2.9,-51.6,0,45.8,0,0,0,-34.4,28.6,,,,LOOK / HOLD / VOICE
827,1655-1656,68.917,odysseus,A,10,4.5,-3.5,-72.4,0,1.3,0,0,-18.6,-1.7,-12.5,2.7,-51.6,0,45.8,0,0,0,-34.4,28.6,,,,LOOK / HOLD / VOICE
828,1657-1658,69,odysseus,R,10,4.5,-3.5,-65.7,0,1.3,0,0,-19.7,-1.7,-12.5,2.5,-51.6,0,45.8,0,0,0,-34.4,28.6,,,,LOOK / HOLD / VOICE
829,1659-1660,69.083,odysseus,R,10,4.5,-3.5,-59.3,0,1.3,0,0,-21,-1.7,-12.5,2.4,-51.6,0,45.8,0,0,0,-34.4,28.6,,,,LOOK / HOLD / VOICE
830,1661-1662,69.167,odysseus,R,10,4.5,-3.5,-53.9,0,1.3,0,0,-22.3,-1.7,-12.5,2.4,-51.6,0,45.8,0,0,0,-34.4,28.6,,,,LOOK / HOLD / VOICE
831,1663-1664,69.25,odysseus,R,10,4.5,-3.5,-50.2,0,1,0,0,-23.6,-1.4,-12.5,2.3,-51.6,0,45.8,0,0,0,-34.4,28.6,,,,WEIGHT SHIFT / HOLD / VOICE
832,1665-1666,69.333,odysseus,R,10,4.5,-3.5,-48.8,0,0.5,0,0,-24.7,-0.6,-12.5,2.3,-51.6,0,45.8,0,0,0,-34.4,28.6,,,,WEIGHT SHIFT / HOLD / VOICE
833,1667-1668,69.417,odysseus,R,10,4.5,-3.5,-48.8,0,-0.2,0,0,-25.5,0.4,-11.5,2.3,-51.6,0,45.8,0,0,0,-34.4,28.6,,,,WEIGHT SHIFT / HOLD / VOICE
834,1669-1670,69.5,odysseus,R,10,4.5,-3.5,-48.8,0,-0.9,-0.1,0,-25.8,1.5,-9.6,2.3,-51.6,0,45.8,0,0,0,-34.4,28.6,,,,WEIGHT SHIFT / HOLD / VOICE
835,1671-1672,69.583,odysseus,h,10,4.5,-3.5,-48.8,0,-1.5,-0.1,0,-25.8,2.3,-8.6,2.3,-51.6,0,45.8,0,0,0,-34.4,28.6,,,,WEIGHT SHIFT / HOLD / VOICE
836,1673-1674,69.667,odysseus,h,10,4.5,-3.5,-48.8,0,-1.7,-0.1,0,-25.8,2.6,-8.6,2.3,-51.6,0,45.8,0,0,0,-34.4,28.6,,,,WEIGHT SHIFT / HOLD / VOICE
837,1675-1676,69.75,odysseus,h,10,4.5,-3.5,-48.8,0,-1.7,0,0,-25.8,2.5,-8.6,2.3,-51.6,0,45.8,0,0,0,-34.4,28.6,,,,WEIGHT SHIFT / HOLD / VOICE
838,1677-1678,69.833,odysseus,h,10,4.5,-3.5,-48.8,0,-1.7,0,0,-25.8,2.5,-8.6,2.3,-51.6,0,45.8,0,0,0,-34.4,28.6,,,,WEIGHT SHIFT / HOLD / VOICE
839,1679-1680,69.917,odysseus,h,10,4.5,-3.5,-48.8,0,-1.6,0,0,-25.8,2.4,-8.6,2.3,-51.6,0,45.8,0,0,0,-34.4,28.6,,,,WEIGHT SHIFT / HOLD / VOICE
840,1681-1682,70,odysseus,h,10,4.5,-3.5,-48.8,0,-1.6,0,0,-25.8,2.4,-8.6,2.3,-51.6,0,45.8,0,0,0,-34.4,28.6,,,,WEIGHT SHIFT / HOLD / VOICE
841,1683-1684,70.083,odysseus,h,10,4.5,-3.5,-48.8,0,-1.6,0,0,-25.8,2.3,-8.6,2.3,-51.6,0,45.8,0,0,0,-34.4,28.6,,,,WEIGHT SHIFT / HOLD / VOICE
842,1685-1686,70.167,odysseus,h,10,4.5,-3.5,-48.8,0,-1.6,0,0,-25.8,2.3,-8.6,2.3,-51.6,0,45.8,0,0,0,-34.4,28.6,,,,WEIGHT SHIFT / HOLD / VOICE
843,1687-1688,70.25,odysseus,h,10,4.5,-3.5,-48.8,0,-1.5,0,0,-25.8,2.2,-9.6,2.9,-51.6,0,45.8,0,0,0,-34.4,28.6,,,,LOOK / HOLD / VOICE
844,1689-1690,70.333,odysseus,A,10,4.5,-3.5,-48.8,0,-1.5,0,0,-25.8,2.2,-10.5,-1.5,-51.6,0,45.8,0,0,0,-34.4,28.6,,,,LOOK / HOLD / VOICE
845,1691-1692,70.417,odysseus,A,10,4.5,-3.5,-48.8,0,-1.5,0,0,-25.8,2.1,-11.2,-5.1,-51.6,0,45.8,0,0,0,-34.4,28.6,,,,LOOK / HOLD / VOICE
846,1693-1694,70.5,odysseus,A,10,4.5,-3.5,-48.8,0,-1.5,0,0,-25.8,2.1,-11.8,-7.9,-51.6,0,45.8,0,0,0,-34.4,28.6,,,,LOOK / HOLD / VOICE
847,1695-1696,70.583,odysseus,h,10,4.5,-3.5,-48.8,0,-1.4,0,0,-25.8,2.1,-12.1,-9.9,-51.6,0,45.8,0,0,0,-34.4,28.6,,,,LOOK / HOLD / VOICE
848,1697-1698,70.667,odysseus,h,10,4.5,-3.5,-48.8,0,-1.4,0,0,-25.8,2,-12.4,-11.1,-51.6,0,45.8,0,0,0,-34.4,28.6,,,,LOOK / HOLD / VOICE
849,1699-1700,70.75,odysseus,h,10,4.5,-3.5,-48.8,0,-1.4,0,0,-25.8,2,-12.5,-11.5,-51.6,0,45.8,0,0,0,-34.4,28.6,,,,LOOK / HOLD / VOICE
850,1701-1702,70.833,odysseus,h,10,4.5,-3.5,-48.8,0,-1.4,0,0,-25.8,1.9,-11.5,-11.5,-51.6,0,45.8,0,0,0,-34.4,28.6,,,,LOOK / HOLD / VOICE
851,1703-1704,70.917,odysseus,h,10,4.5,-3.5,-48.8,0,-1.3,0,0,-25.8,1.9,-9.6,-11.5,-51.6,0,45.8,0,0,0,-34.4,28.6,,,,LOOK / HOLD / VOICE
852,1705-1706,71,odysseus,h,10,4.5,-3.5,-48.8,0,-1.3,0,0,-25.8,1.8,-8.6,-11.5,-51.6,0,45.8,0,0,0,-34.4,28.6,,,,LOOK / HOLD / VOICE
853,1707-1708,71.083,odysseus,h,10,4.5,-3.5,-48.8,0,-1.3,0,0,-25.8,1.8,-8.6,-11.5,-51.6,0,45.8,0,0,0,-34.4,28.6,,,,WEIGHT SHIFT / HOLD / VOICE
854,1709-1710,71.167,odysseus,h,10,4.5,-3.5,-48.8,0,-1.3,0,0,-25.8,1.7,-8.6,-11.5,-51.6,0,45.8,0,0,0,-34.4,28.6,,,,WEIGHT SHIFT / HOLD / VOICE
855,1711-1712,71.25,odysseus,h,10,4.5,-3.5,-48.8,0,-1.3,0,0,-25.8,1.7,-8.6,-11.5,-51.6,0,45.8,0,0,0,-34.4,28.6,,,,HOLD / VOICE / NEEDLE
856,1713-1714,71.333,odysseus,h,10,4.5,-3.5,-48.8,0,-1.3,0,0,-25.8,1.7,-8.6,-11.5,-51.6,0,45.8,0,0,0,-34.4,28.6,,,,HOLD / VOICE / NEEDLE
857,1715-1716,71.417,odysseus,h,10,4.5,-3.5,-48.8,0,-1.3,0,0,-25.8,1.7,-8.6,-11.5,-51.6,0,45.8,0,0,0,-34.4,28.6,,,,HOLD / VOICE / NEEDLE
858,1717-1718,71.5,odysseus,h,10,4.5,-3.5,-48.8,0,-1.3,0,0,-25.8,1.7,-8.6,-11.5,-51.6,0,45.8,0,0,0,-34.4,28.6,,,,HOLD / VOICE / NEEDLE
859,1719-1720,71.583,odysseus,h,10,4.5,-3.5,-48.8,0,-1.3,0,0,-25.8,1.7,-8.6,-11.5,-51.6,0,45.8,0,0,0,-34.4,28.6,,,,HOLD / VOICE / NEEDLE
860,1721-1722,71.667,odysseus,h,10,4.5,-3.5,-48.8,0,-1.3,0,0,-25.8,1.7,-8.6,-11.5,-51.6,0,45.8,0,0,0,-34.4,28.6,,,,HOLD / VOICE / NEEDLE
861,1723-1724,71.75,odysseus,h,10,4.5,-3.5,-48.8,0,-1.3,0,0,-25.8,1.7,-8.6,-11.5,-51.6,0,45.8,0,0,0,-34.4,28.6,,,,HOLD / VOICE / NEEDLE
862,1725-1726,71.833,odysseus,h,10,4.5,-3.5,-48.8,0,-1.3,0,0,-25.8,1.7,-8.6,-11.5,-51.6,0,45.8,0,0,0,-34.4,28.6,,,,HOLD / VOICE / NEEDLE
863,1727-1728,71.917,odysseus,h,10,4.5,-3.5,-48.8,0,-1.3,0,0,-25.8,1.7,-8.6,-11.5,-51.6,0,45.8,0,0,0,-34.4,28.6,,,,HOLD / VOICE / NEEDLE
864,1729-1730,72,odysseus,h,10,4.5,-3.5,-48.8,0,-1.3,0,0,-25.8,1.7,-8.6,-11.5,-51.6,0,45.8,0,0,0,-34.4,28.6,,,,HOLD / VOICE / NEEDLE
865,1731-1732,72.083,odysseus,h,10,4.5,-3.5,-48.8,0,-1.3,0,0,-25.8,1.7,-8.6,-11.5,-51.6,0,45.8,0,0,0,-34.4,28.6,,,,HOLD / VOICE / NEEDLE
866,1733-1734,72.167,odysseus,h,10,4.5,-3.5,-48.8,0,-1.3,0,0,-25.8,1.7,-8.6,-11.5,-51.6,0,45.8,0,0,0,-34.4,28.6,,,,HOLD / VOICE / NEEDLE
867,1735-1736,72.25,odysseus,h,10,4.5,-3.5,-48.8,0,-1.3,0,0,-25.8,1.7,-8.6,-11.5,-51.6,0,45.8,0,0,0,-34.4,28.6,,,,HOLD / VOICE / NEEDLE
868,1737-1738,72.333,odysseus,h,10,4.5,-3.5,-48.8,0,-1.3,0,0,-25.8,1.7,-8.6,-11.5,-51.6,0,45.8,0,0,0,-34.4,28.6,,,,HOLD / VOICE / NEEDLE
869,1739-1740,72.417,odysseus,h,10,4.5,-3.5,-48.8,0,-1.3,0,0,-25.8,1.7,-8.6,-11.5,-51.6,0,45.8,0,0,0,-34.4,28.6,,,,HOLD / VOICE / NEEDLE
870,1741-1742,72.5,odysseus,h,10,4.5,-3.5,-48.8,0,-1.3,0,0,-25.8,1.7,-8.6,-11.5,-51.6,0,45.8,0,0,0,-34.4,28.6,,,,HOLD / VOICE / NEEDLE
871,1743-1744,72.583,odysseus,h,10,4.5,-3.5,-48.8,0,-1.3,0,0,-25.8,1.7,-8.6,-11.5,-51.6,0,45.8,0,0,0,-34.4,28.6,,,,HOLD / VOICE / NEEDLE
872,1745-1746,72.667,odysseus,h,10,4.5,-3.5,-48.8,0,-1.3,0,0,-25.8,1.7,-8.6,-11.5,-51.6,0,45.8,0,0,0,-34.4,28.6,,,,HOLD / VOICE / NEEDLE
873,1747-1748,72.75,odysseus,A,10,4.5,-3.5,-48.8,0,-1.3,0,0,-25.3,1.7,-9.8,2.9,-51.6,0,45.8,0,0,0,-34.4,28.6,,,,LOOK / HOLD / VOICE
874,1749-1750,72.833,odysseus,A,10,4.5,-3.5,-48.8,0,-1.3,0,0,-24.1,1.7,-10.7,5.9,-51.6,0,45.8,0,0,0,-34.4,28.6,,,,LOOK / HOLD / VOICE
875,1751-1752,72.917,odysseus,A,10,4.5,-3.5,-48.8,0,-1.3,0,0,-22.3,1.7,-11.5,8.3,-51.6,0,45.8,0,0,0,-34.4,28.6,,,,LOOK / HOLD / VOICE
876,1753-1754,73,odysseus,A,10,4.5,-3.5,-48.8,0,-1.3,0,0,-20.3,1.7,-12,10.1,-51.6,0,45.8,0,0,0,-34.4,28.6,,,,LOOK / HOLD / VOICE
877,1755-1756,73.083,odysseus,A,10,4.5,-3.5,-48.8,0,-1.3,0,0,-18.3,1.7,-12.4,11.1,-51.6,0,45.8,0,0,0,-34.4,28.6,,,,WEIGHT SHIFT / HOLD / VOICE
878,1757-1758,73.167,odysseus,A,10,4.5,-3.5,-48.8,0,-1,0,0,-16.5,1.3,-12.5,11.4,-51.6,0,45.8,0,0,0,-34.4,28.6,,,,WEIGHT SHIFT / HOLD / VOICE
879,1759-1760,73.25,odysseus,A,10,4.5,-3.5,-48.8,0,-0.2,0,0,-15.3,0.2,-11.5,11.4,-51.6,0,45.8,0,0,0,-34.4,28.6,,,,WEIGHT SHIFT / HOLD / VOICE
880,1761-1762,73.333,odysseus,A,10,4.5,-3.5,-48.8,0,0.7,-0.1,0,-14.8,-1.1,-9.6,11.4,-51.6,0,45.8,0,0,0,-34.4,28.6,,,,WEIGHT SHIFT / HOLD / VOICE
881,1763-1764,73.417,odysseus,A,10,4.5,-3.5,-48.8,0,1.4,-0.1,0,-14.8,-2.1,-8.6,11.4,-51.6,0,45.8,0,0,0,-34.4,28.6,,,,WEIGHT SHIFT / HOLD / VOICE
882,1765-1766,73.5,odysseus,h,10,4.5,-3.5,-48.8,0,1.7,-0.1,0,-14.8,-2.6,-8.6,11.4,-51.6,0,45.8,0,0,0,-34.4,28.6,,,,WEIGHT SHIFT / HOLD / VOICE
883,1767-1768,73.583,odysseus,h,10,4.5,-3.5,-48.8,0,1.7,0,0,-14.8,-2.5,-8.6,11.4,-51.6,0,45.8,0,0,0,-34.4,28.6,,,,WEIGHT SHIFT / HOLD / VOICE
884,1769-1770,73.667,odysseus,h,10,4.5,-3.5,-48.8,0,1.7,0,0,-14.8,-2.5,-8.6,11.4,-51.6,0,45.8,0,0,0,-34.4,28.6,,,,WEIGHT SHIFT / HOLD / VOICE
885,1771-1772,73.75,odysseus,h,10,4.5,-3.5,-48.8,0,1.6,0,0,-14.8,-2.4,-8.6,11.4,-51.6,0,45.8,0,0,0,-34.4,28.6,,,,WEIGHT SHIFT / HOLD / VOICE
886,1773-1774,73.833,odysseus,h,10,4.5,-3.5,-48.8,0,1.6,0,0,-14.8,-2.4,-8.6,11.4,-51.6,0,45.8,0,0,0,-34.4,28.6,,,,WEIGHT SHIFT / HOLD / VOICE
887,1775-1776,73.917,odysseus,h,10,4.5,-3.5,-48.8,0,1.6,0,0,-14.8,-2.4,-8.6,11.4,-51.6,0,45.8,0,0,0,-34.4,28.6,,,,WEIGHT SHIFT / HOLD / VOICE
888,1777-1778,74,odysseus,h,10,4.5,-3.5,-48.8,0,1.6,0,0,-14.8,-2.3,-8.6,11.4,-51.6,0,45.8,0,0,0,-34.4,28.6,,,,WEIGHT SHIFT / HOLD / VOICE
889,1779-1780,74.083,odysseus,h,10,4.5,-3.5,-48.8,0,1.6,0,0,-14.8,-2.3,-8.6,11.4,-51.6,0,45.8,0,0,0,-34.4,28.6,,,,WEIGHT SHIFT / HOLD / VOICE
890,1781-1782,74.167,odysseus,h,10,4.5,-3.5,-48.8,0,1.5,0,0,-14.8,-2.2,-8.6,11.4,-51.6,0,45.8,0,0,0,-34.4,28.6,,,,WEIGHT SHIFT / HOLD / VOICE
891,1783-1784,74.25,odysseus,h,10,4.5,-3.5,-48.8,0,1.5,0,0,-14.8,-2.2,-8.6,11.4,-51.6,0,45.8,0,0,0,-34.4,28.6,,,,WEIGHT SHIFT / HOLD / VOICE
892,1785-1786,74.333,odysseus,h,10,4.5,-3.5,-48.8,0,1.5,0,0,-14.8,-2.1,-8.6,11.4,-51.6,0,45.8,0,0,0,-34.4,28.6,,,,WEIGHT SHIFT / HOLD / VOICE
893,1787-1788,74.417,odysseus,h,10,4.5,-3.5,-48.8,0,1.5,0,0,-14.8,-2.1,-8.6,11.4,-51.6,0,45.8,0,0,0,-34.4,28.6,,,,WEIGHT SHIFT / HOLD / VOICE
894,1789-1790,74.5,odysseus,h,10,4.5,-3.5,-48.8,0,1.4,0,0,-14.8,-2,-8.6,11.4,-51.6,0,45.8,0,0,0,-34.4,28.6,,,,WEIGHT SHIFT / HOLD / VOICE
895,1791-1792,74.583,odysseus,h,10,4.5,-3.5,-48.8,0,1.4,0,0,-14.8,-2,-8.6,11.4,-51.6,0,45.8,0,0,0,-34.4,28.6,,,,WEIGHT SHIFT / HOLD / VOICE
896,1793-1794,74.667,odysseus,h,10,4.5,-3.5,-48.8,0,1.4,0,0,-14.8,-1.9,-8.6,11.4,-51.6,0,45.8,0,0,0,-34.4,28.6,,,,WEIGHT SHIFT / HOLD / VOICE
897,1795-1796,74.75,odysseus,h,10,4.5,-3.5,-48.8,0,1.4,0,0,-14.8,-1.9,-8.6,11.4,-51.6,0,45.8,0,0,0,-34.4,28.6,,,,WEIGHT SHIFT / HOLD / VOICE
898,1797-1798,74.833,odysseus,h,10,4.5,-3.5,-48.8,0,1.3,0,0,-14.8,-1.9,-8.6,11.4,-51.6,0,45.8,0,0,0,-34.4,28.6,,,,WEIGHT SHIFT / HOLD / VOICE
899,1799-1800,74.917,odysseus,h,10,4.5,-3.5,-48.8,0,1.3,0,0,-14.8,-1.8,-8.6,11.4,-51.6,0,45.8,0,0,0,-34.4,28.6,,,,WEIGHT SHIFT / HOLD / VOICE
900,1801-1802,75,odysseus,h,10,4.5,-3.5,-48.8,0,1.3,0,0,-14.8,-1.8,-8.6,11.4,-51.6,0,45.8,0,0,0,-34.4,28.6,,,,WEIGHT SHIFT / HOLD / VOICE
901,1803-1804,75.083,odysseus,h,10,4.5,-3.5,-48.8,0,1.3,0,0,-14.8,-1.7,-8.6,11.4,-51.6,0,45.8,0,0,0,-34.4,28.6,,,,HOLD / VOICE / NEEDLE
902,1805-1806,75.167,odysseus,h,10,4.5,-3.5,-48.8,0,1.3,0,0,-14.8,-1.7,-8.6,11.4,-51.6,0,45.8,0,0,0,-34.4,28.6,,,,HOLD / VOICE / NEEDLE
903,1807-1808,75.25,odysseus,h,10,4.5,-3.5,-48.8,0,1.3,0,0,-14.8,-1.7,-8.6,11.4,-51.6,0,45.8,0,0,0,-34.4,28.6,,,,HOLD / VOICE / NEEDLE
904,1809-1810,75.333,odysseus,h,10,4.5,-3.5,-48.8,0,1.3,0,0,-14.8,-1.7,-8.6,11.4,-51.6,0,45.8,0,0,0,-34.4,28.6,,,,HOLD / VOICE / NEEDLE
905,1811-1812,75.417,odysseus,h,10,4.5,-3.5,-48.8,0,1.3,0,0,-14.8,-1.7,-8.6,11.4,-51.6,0,45.8,0,0,0,-34.4,28.6,,,,HOLD / VOICE / NEEDLE
906,1813-1814,75.5,odysseus,h,10,4.5,-3.5,-48.8,0,1.3,0,0,-14.8,-1.7,-8.6,11.4,-51.6,0,45.8,0,0,0,-34.4,28.6,,,,HOLD / VOICE / NEEDLE
907,1815-1816,75.583,odysseus,h,10,4.5,-3.5,-48.8,0,1.3,0,0,-14.8,-1.7,-8.6,11.4,-51.6,0,45.8,0,0,0,-34.4,28.6,,,,HOLD / VOICE / NEEDLE
908,1817-1818,75.667,odysseus,h,10,4.5,-3.5,-48.8,0,1.3,0,0,-14.8,-1.7,-8.6,11.4,-51.6,0,45.8,0,0,0,-34.4,28.6,,,,HOLD / VOICE / NEEDLE
909,1819-1820,75.75,odysseus,h,10,4.5,-3.5,-48.8,0,1.3,0,0,-14.8,-1.7,-8.6,11.4,-51.6,0,45.8,0,0,0,-34.4,28.6,,,,HOLD / VOICE / NEEDLE
910,1821-1822,75.833,odysseus,h,10,4.5,-3.5,-48.8,0,1.3,0,0,-14.8,-1.7,-8.6,11.4,-51.6,0,45.8,0,0,0,-34.4,28.6,,,,HOLD / VOICE / NEEDLE
911,1823-1824,75.917,odysseus,h,10,4.5,-3.5,-48.8,0,1.3,0,0,-14.8,-1.7,-8.6,11.4,-51.6,0,45.8,0,0,0,-34.4,28.6,,,,HOLD / VOICE / NEEDLE
912,1825-1826,76,odysseus,h,10,4.5,-3.5,-48.8,0,1.3,0,0,-14.8,-1.7,-8.6,11.4,-51.6,0,45.8,0,0,0,-34.4,28.6,,,,HOLD / VOICE / NEEDLE
913,1827-1828,76.083,odysseus,h,10,4.5,-3.5,-48.8,0,1.3,0,0,-14.8,-1.7,-8.6,11.4,-51.6,0,45.8,0,0,0,-34.4,28.6,,,,HOLD / VOICE / NEEDLE
914,1829-1830,76.167,odysseus,h,10,4.5,-3.5,-48.8,0,1.3,0,0,-14.8,-1.7,-8.6,11.4,-51.6,0,45.8,0,0,0,-34.4,28.6,,,,HOLD / VOICE / NEEDLE
915,1831-1832,76.25,odysseus,h,10,4.5,-3.5,-48.8,0,1.3,0,0,-14.8,-1.7,-8.6,11.4,-51.6,0,45.8,0,0,0,-34.4,28.6,,,,HOLD / VOICE / NEEDLE
916,1833-1834,76.333,odysseus,h,10,4.5,-3.5,-48.8,0,1.3,0,0,-14.8,-1.7,-8.6,11.4,-51.6,0,45.8,0,0,0,-34.4,28.6,,,,HOLD / VOICE / NEEDLE
917,1835-1836,76.417,odysseus,h,10,4.5,-3.5,-48.8,0,1.3,0,0,-14.8,-1.7,-8.6,11.4,-51.6,0,45.8,0,0,0,-34.4,28.6,,,,HOLD / VOICE / NEEDLE
918,1837-1838,76.5,odysseus,h,10,4.5,-3.5,-48.8,0,1.3,0,0,-14.8,-1.7,-8.6,11.4,-51.6,0,45.8,0,0,0,-34.4,28.6,,,,HOLD / VOICE / NEEDLE
919,1839-1840,76.583,odysseus,h,10,4.5,-3.5,-48.8,0,1.3,0,0,-14.8,-1.7,-8.6,11.4,-51.6,0,45.8,0,0,0,-34.4,28.6,,,,HOLD / VOICE / NEEDLE
920,1841-1842,76.667,odysseus,h,10,4.5,-3.5,-48.8,0,1.3,0,0,-14.8,-1.7,-8.6,11.4,-51.6,0,45.8,0,0,0,-34.4,28.6,,,,HOLD / VOICE / NEEDLE
921,1843-1844,76.75,odysseus,h,10,4.5,-3.5,-48.8,0,1.3,0,0,-14.8,-1.7,-8.6,11.4,-51.6,0,45.8,0,0,0,-34.4,28.6,,,,HOLD / VOICE / NEEDLE
922,1845-1846,76.833,odysseus,h,10,4.5,-3.5,-48.8,0,1.3,0,0,-14.8,-1.7,-8.6,11.4,-51.6,0,45.8,0,0,0,-34.4,28.6,,,,HOLD / VOICE / NEEDLE
923,1847-1848,76.917,odysseus,h,10,4.5,-3.5,-48.8,0,1.3,0,0,-14.8,-1.7,-8.6,11.4,-51.6,0,45.8,0,0,0,-34.4,28.6,,,,HOLD / VOICE / NEEDLE
924,1849-1850,77,odysseus,H,10,4.5,-3.5,-48.8,0,1.3,0,0,-14.8,-1.7,-8.6,11.4,-51.6,0,45.8,0,0,0,-34.4,28.6,,,,BREATH
925,1851-1852,77.083,odysseus,A,10,4.5,-3.4,-49.2,-0.9,1.3,0,0,-14.8,-1.7,-8.6,11.4,-51.7,0,45.8,0,0,0,-34.3,28.5,,,,APPROACH / VOICE / NEEDLE
926,1853-1854,77.167,odysseus,A,9.9,4.6,-3.3,-51.2,-2.3,1.3,0,0,-14.8,-1.7,-8.6,11.4,-52.7,0,46.4,0,0,0,-33,27.2,,,,APPROACH / VOICE / NEEDLE
927,1855-1856,77.25,odysseus,A,9.8,4.6,-3.2,-54.6,-3.7,1.3,0,0,-14.8,-1.7,-8.6,11.4,-55.6,0,48.2,0,0,0,-29.5,23.6,,,,APPROACH / VOICE / NEEDLE
928,1857-1858,77.333,odysseus,R,9.7,4.6,-3.1,-58.9,-5,1.3,0,0,-14.8,-1.7,-8.5,11.4,-60.5,0,51.7,0,0,0,-23.3,17.3,,,,APPROACH / VOICE / NEEDLE
929,1859-1860,77.417,odysseus,R,9.7,4.7,-3,-63.8,-6.4,1.3,0,0,-14.8,-1.7,-8.5,11.4,-66.8,0,56.1,0,0,0,-15.4,9.1,,,,APPROACH / VOICE / NEEDLE
930,1861-1862,77.5,odysseus,R,9.6,4.7,-2.9,-68.8,-7.8,1.3,0,0,-14.8,-1.7,-8.5,11.4,-73.5,0,60.5,0,0,0,-7.1,0.5,,,,APPROACH / VOICE / NEEDLE
931,1863-1864,77.583,odysseus,R,9.5,4.7,-2.8,-73.6,-9.2,1.3,0,0,-14.8,-1.7,-8.4,11.4,-79,0,63.3,0,0,0,-0.7,-6.2,,,,APPROACH / VOICE / NEEDLE
932,1865-1866,77.667,odysseus,R,9.4,4.8,-2.6,-77.7,-10.6,1.3,0,0,-14.8,-1.7,-8.3,11.4,-81.7,0,62.9,0,0,0,1.8,-9,,,,APPROACH / VOICE / NEEDLE
933,1867-1868,77.75,odysseus,R,9.3,4.8,-2.5,-80.7,-12,1.3,0,0,-14.8,-1.7,-8.3,11.4,-82.4,0,60.2,0,0,0,1.3,-9,,,,APPROACH / VOICE / NEEDLE
934,1869-1870,77.833,odysseus,R,9.3,4.9,-2.4,-82.3,-13.3,1.3,0,0,-14.8,-1.7,-8.2,11.4,-81.9,0,55.9,0,0,0,-0.9,-7.2,,,,APPROACH / VOICE / NEEDLE
935,1871-1872,77.917,odysseus,R,9.2,4.9,-2.3,-82.4,-14.7,1.3,0,0,-14.8,-1.7,-8.1,11.4,-80.2,0,50.2,0,0,0,-4.9,-3.7,,,,APPROACH / VOICE / NEEDLE
936,1873-1874,78,odysseus,R,9.1,4.9,-2.1,-82.4,-16.1,1.3,0,0,-14.8,-1.7,-8,11.4,-77.5,0,43,0,0,0,-10.5,1.4,,,,APPROACH / VOICE / NEEDLE
937,1875-1876,78.083,odysseus,R,9,5,-2,-82.4,-17.5,1.3,0,0,-14.8,-1.7,-7.9,11.4,-73.8,0,34.7,0,0,0,-17.4,7.7,,,,APPROACH / VOICE / NEEDLE
938,1877-1878,78.167,odysseus,R,8.9,5,-1.8,-82.4,-18.9,1.3,0,0,-14.8,-1.7,-7.8,11.4,-69.6,0,25.4,0,0,0,-25.3,15,,,,APPROACH / VOICE / NEEDLE
939,1879-1880,78.25,odysseus,R,8.8,5.1,-1.7,-82.4,-20.3,1.3,0,0,-14.8,-1.7,-7.7,11.4,-65.1,0,15.6,0,0,0,-33.7,22.8,,,,APPROACH / VOICE / NEEDLE
940,1881-1882,78.333,odysseus,A,8.7,5.1,-1.6,-82.4,-21.7,1.3,0,0,-14.8,-1.7,-7.6,11.4,-60.6,0,5.7,0,0,0,-42.1,30.6,,,,APPROACH / VOICE / NEEDLE
941,1883-1884,78.417,odysseus,A,8.6,5.2,-1.4,-82.4,-23,1.3,0,0,-14.8,-1.7,-7.5,11.4,-56.6,0,-4.1,0,0,0,-50,37.8,,,,APPROACH / VOICE / NEEDLE
942,1885-1886,78.5,odysseus,A,8.5,5.2,-1.3,-82.4,-24.4,1.3,0,0,-14.8,-1.7,-7.4,11.4,-53.5,0,-13.2,0,0,0,-56.8,43.9,,,,APPROACH / VOICE / NEEDLE
943,1887-1888,78.583,odysseus,A,8.4,5.3,-1.1,-82.4,-25.8,1.3,0,0,-14.8,-1.7,-7.3,11.4,-51.5,0,-21.3,0,0,0,-61.9,48.3,,,,APPROACH / VOICE / NEEDLE
944,1889-1890,78.667,odysseus,A,8.3,5.3,-1,-82.4,-27.2,1.3,0,0,-14.8,-1.7,-7.2,11.4,-51.1,0,-28,0,0,0,-65.1,50.7,,,,APPROACH / VOICE / NEEDLE
945,1891-1892,78.75,odysseus,A,8.2,5.3,-0.9,-82.4,-28.6,1.3,0,0,-14.8,-1.7,-7,11.4,-52.4,0,-33.2,0,0,0,-66,50.8,,,,APPROACH / VOICE / NEEDLE
946,1893-1894,78.833,odysseus,A,8.1,5.4,-0.7,-82.4,-30,1.3,0,0,-14.8,-1.7,-6.9,11.4,-55.6,0,-36.8,0,0,0,-64.4,48.5,,,,APPROACH / VOICE / NEEDLE
947,1895-1896,78.917,odysseus,A,8,5.4,-0.6,-82.4,-31.3,1.3,0,0,-14.8,-1.7,-6.8,11.4,-60.4,0,-38.7,0,0,0,-60.5,43.7,,,,APPROACH / VOICE / NEEDLE
948,1897-1898,79,odysseus,A,7.9,5.5,-0.4,-82.4,-32.7,1.3,0,0,-14.8,-1.7,-6.6,11.4,-67,0,-39.1,0,0,0,-54.3,36.8,,,,APPROACH / VOICE / NEEDLE
949,1899-1900,79.083,odysseus,A,7.8,5.5,-0.3,-82.4,-34.1,1.3,0,0,-14.8,-1.7,-6.5,11.4,-74.8,0,-38.3,0,0,0,-46.4,28,,,,APPROACH / VOICE / NEEDLE
950,1901-1902,79.167,odysseus,A,7.7,5.6,-0.1,-82.4,-35.5,1.3,0,0,-14.8,-1.7,-6.3,11.4,-83.6,0,-36.6,0,0,0,-37.2,18,,,,APPROACH / VOICE / NEEDLE
951,1903-1904,79.25,odysseus,A,7.6,5.6,0,-82.4,-36.9,1.3,0,0,-14.8,-1.7,-6.2,11.4,-92.9,0,-34.5,0,0,0,-27.4,7.3,,,,APPROACH / VOICE / NEEDLE
952,1905-1906,79.333,odysseus,A,7.5,5.7,0.2,-82.4,-38.3,1.3,0,0,-14.8,-1.7,-6.1,11.4,-102.1,0,-32.5,0,0,0,-17.6,-3.3,,,,APPROACH / VOICE / NEEDLE
953,1907-1908,79.417,odysseus,A,7.4,5.7,0.3,-82.4,-39.7,1.3,0,0,-14.8,-1.7,-5.9,11.4,-110.9,0,-31,0,0,0,-8.5,-13.2,,,,APPROACH / VOICE / NEEDLE
954,1909-1910,79.5,odysseus,A,7.3,5.8,0.5,-82.4,-41,1.3,0,0,-14.8,-1.7,-5.8,11.4,-118.6,0,-30.6,0,0,0,-0.9,-21.7,,,,APPROACH / VOICE / NEEDLE
955,1911-1912,79.583,odysseus,A,7.2,5.8,0.7,-82.4,-42.4,1.3,0,0,-14.8,-1.7,-5.6,11.4,-124.9,0,-31.6,0,0,0,4.8,-28.3,,,,APPROACH / VOICE / NEEDLE
956,1913-1914,79.667,odysseus,A,7.1,5.9,0.8,-82.4,-43.8,1.3,0,0,-14.8,-1.7,-5.5,11.4,-129.6,0,-34.2,0,0,0,8.3,-32.6,,,,APPROACH / VOICE / NEEDLE
957,1915-1916,79.75,odysseus,A,7,5.9,1,-82.4,-45.2,1.3,0,0,-14.8,-1.7,-5.4,11.4,-132.4,0,-38.7,0,0,0,9.1,-34.3,,,,APPROACH / VOICE / NEEDLE
958,1917-1918,79.833,odysseus,A,6.9,6,1.1,-82.4,-46.6,1.3,0,0,-14.8,-1.7,-5.2,11.4,-133.3,0,-45,0,0,0,7.4,-33.5,,,,APPROACH / VOICE / NEEDLE
959,1919-1920,79.917,odysseus,A,6.8,6,1.3,-82.4,-48,1.3,0,0,-14.8,-1.7,-5.1,11.4,-132.5,0,-53,0,0,0,3.3,-30.2,,,,APPROACH / VOICE / NEEDLE
960,1921-1922,80,odysseus,A,6.7,6.1,1.4,-82.4,-49.3,1.3,0,0,-14.8,-1.7,-4.9,11.4,-130.1,0,-62.4,0,0,0,-2.8,-24.9,,,,APPROACH / VOICE / NEEDLE
961,1923-1924,80.083,odysseus,A,6.6,6.1,1.6,-82.4,-50.7,1.3,0,0,-14.8,-1.7,-4.8,11.4,-126.6,0,-73,0,0,0,-10.5,-18,,,,APPROACH / VOICE / NEEDLE
962,1925-1926,80.167,odysseus,A,6.5,6.2,1.7,-82.4,-52.1,1.3,0,0,-14.8,-1.7,-4.7,11.4,-122.3,0,-84.1,0,0,0,-19.2,-10.1,,,,APPROACH / VOICE / NEEDLE
963,1927-1928,80.25,odysseus,A,6.4,6.2,1.9,-82.4,-53.5,1.3,0,0,-14.8,-1.7,-4.5,11.4,-117.8,0,-95.4,0,0,0,-28.3,-1.9,,,,APPROACH / VOICE / NEEDLE
964,1929-1930,80.333,odysseus,A,6.3,6.3,2,-82.4,-54.9,1.3,0,0,-14.8,-1.7,-4.4,11.4,-113.4,0,-106.4,0,0,0,-36.9,6,,,,APPROACH / VOICE / NEEDLE
965,1931-1932,80.417,odysseus,A,6.2,6.3,2.2,-82.4,-56.3,1.3,0,0,-14.8,-1.7,-4.3,11.4,-109.8,0,-116.6,0,0,0,-44.7,13,,,,APPROACH / VOICE / NEEDLE
966,1933-1934,80.5,odysseus,A,6.2,6.3,2.3,-82.4,-57.7,1.3,0,0,-14.8,-1.7,-4.1,11.4,-107.1,0,-125.5,0,0,0,-51,18.6,,,,APPROACH / VOICE / NEEDLE
967,1935-1936,80.583,odysseus,A,6.1,6.4,2.4,-82.4,-59,1.3,0,0,-14.8,-1.7,-4,11.4,-105.7,0,-133,0,0,0,-55.4,22.3,,,,APPROACH / VOICE / NEEDLE
968,1937-1938,80.667,odysseus,A,6,6.4,2.6,-82.4,-60.4,1.3,0,0,-14.8,-1.7,-3.9,11.4,-105.8,0,-138.8,0,0,0,-57.7,23.9,,,,APPROACH / VOICE / NEEDLE
969,1939-1940,80.75,odysseus,A,5.9,6.5,2.7,-82.4,-61.8,1.3,0,0,-14.8,-1.7,-3.8,11.4,-107.4,0,-142.9,0,0,0,-57.8,23.3,,,,APPROACH / VOICE / NEEDLE
970,1941-1942,80.833,odysseus,A,5.8,6.5,2.9,-82.4,-63.2,1.3,0,0,-14.8,-1.7,-3.7,11.4,-110.5,0,-145.2,0,0,0,-55.7,20.6,,,,APPROACH / VOICE / NEEDLE
971,1943-1944,80.917,odysseus,A,5.7,6.6,3,-82.4,-64.6,1.3,0,0,-14.8,-1.7,-3.6,11.4,-115,0,-145.9,0,0,0,-51.6,15.9,,,,APPROACH / VOICE / NEEDLE
972,1945-1946,81,odysseus,A,5.6,6.6,3.1,-82.4,-66,1.3,0,0,-14.8,-1.7,-3.5,11.4,-120.7,0,-145.2,0,0,0,-45.9,9.6,,,,APPROACH / VOICE / NEEDLE
973,1947-1948,81.083,odysseus,A,5.5,6.7,3.3,-82.4,-67.3,1.3,0,0,-14.8,-1.7,-3.4,11.4,-127.1,0,-143.3,0,0,0,-38.9,2,,,,APPROACH / VOICE / NEEDLE
974,1949-1950,81.167,odysseus,A,5.4,6.7,3.4,-82.2,-68.7,1.3,0,0,-14.8,-1.7,-3.3,11.4,-134.1,0,-140.7,0,0,0,-31,-6.4,,,,APPROACH / VOICE / NEEDLE
975,1951-1952,81.25,odysseus,A,5.3,6.7,3.5,-80.8,-70.1,1.3,0,0,-14.8,-1.7,-3.2,11.4,-141.3,0,-137.5,0,0,0,-22.8,-15.1,,,,APPROACH / VOICE / NEEDLE
976,1953-1954,81.333,odysseus,A,5.2,6.8,3.7,-78,-71.5,1.3,0,0,-14.8,-1.7,-3.2,11.4,-148.3,0,-134.2,0,0,0,-14.6,-23.7,,,,APPROACH / VOICE / NEEDLE
977,1955-1956,81.417,odysseus,A,5.2,6.8,3.8,-74.4,-72.9,1.3,0,0,-14.8,-1.7,-3.1,11.4,-154.9,0,-130.9,0,0,0,-6.9,-31.8,,,,APPROACH / VOICE / NEEDLE
978,1957-1958,81.5,odysseus,A,5.1,6.9,3.9,-70,-74.3,1.3,0,0,-14.8,-1.7,-3,11.4,-159.9,0,-128.9,0,0,0,-1.3,-37.7,,,,APPROACH / VOICE / NEEDLE
979,1959-1960,81.583,odysseus,A,5,6.9,4,-65.4,-75.7,1.3,0,0,-14.8,-1.7,-3,11.4,-162,0,-129.4,0,0,0,0.6,-39.9,,,,APPROACH / VOICE / NEEDLE
980,1961-1962,81.667,odysseus,A,4.9,6.9,4.1,-60.8,-77,1.3,0,0,-14.8,-1.7,-3,11.4,-161.3,0,-132.3,0,0,0,-1.3,-38.3,,,,APPROACH / VOICE / NEEDLE
981,1963-1964,81.75,odysseus,A,4.9,7,4.3,-56.6,-78.4,1.3,0,0,-14.8,-1.7,-2.9,11.4,-158.4,0,-136.9,0,0,0,-6,-33.8,,,,APPROACH / VOICE / NEEDLE
982,1965-1966,81.833,odysseus,A,4.8,7,4.4,-52.9,-79.8,1.3,0,0,-14.8,-1.7,-2.9,11.4,-154.5,0,-142.1,0,0,0,-11.9,-28.1,,,,APPROACH / VOICE / NEEDLE
983,1967-1968,81.917,odysseus,A,4.7,7,4.5,-50.3,-81.2,1.3,0,0,-14.8,-1.7,-2.9,11.4,-151.1,0,-146.4,0,0,0,-17,-23.1,,,,APPROACH / VOICE / NEEDLE
984,1969-1970,82,odysseus,A,4.6,7.1,4.6,-48.9,-82.6,1.3,0,0,-14.8,-1.7,-2.9,11.4,-149.1,0,-148.8,0,0,0,-19.8,-20.3,,,,APPROACH / VOICE / NEEDLE
985,1971-1972,82.083,odysseus,A,4.6,7.1,4.6,-48.8,-83.1,1.3,0,0,-14.8,-1.7,-2.9,11.4,-149,0,-149,0,0,0,-20.1,-20.1,,,,BREATH
986,1973-1974,82.167,odysseus,h,4.6,7.1,4.6,-48.8,-83.1,1.3,0,0,-14.8,-1.7,-2.9,11.4,-149,0,-149,0,0,0,-20.1,-20.1,,,,CLING / APPROACH / VOICE
987,1975-1976,82.25,odysseus,h,4.6,7.1,4.6,-48.8,-83.1,1.3,0,0,-14.8,-1.7,-2.9,11.4,-149,0,-149,0,0,0,-20.1,-20.1,,,,CLING / APPROACH / VOICE
988,1977-1978,82.333,odysseus,h,4.6,7.1,4.6,-48.8,-83.1,1.3,0,0,-14.8,-1.7,-2.9,11.4,-149,0,-149,0,0,0,-20.1,-20.1,,,,CLING / APPROACH / VOICE
989,1979-1980,82.417,odysseus,h,4.6,7.1,4.6,-48.8,-83.1,1.3,0,0,-14.8,-1.7,-2.9,11.4,-149,0,-149,0,0,0,-20.1,-20.1,,,,CLING / APPROACH / VOICE
990,1981-1982,82.5,odysseus,h,4.6,7.1,4.6,-48.8,-83.1,1.3,0,0,-14.8,-1.7,-2.9,11.4,-149,0,-149,0,0,0,-20.1,-20.1,,,,CLING / APPROACH / VOICE
991,1983-1984,82.583,odysseus,h,4.6,7.1,4.6,-48.8,-83.1,1.3,0,0,-14.8,-1.7,-2.9,11.4,-149,0,-149,0,0,0,-20.1,-20.1,,,,CLING / APPROACH / VOICE
992,1985-1986,82.667,odysseus,h,4.6,7.1,4.6,-48.8,-83.1,1.3,0,0,-14.8,-1.7,-2.9,11.4,-149,0,-149,0,0,0,-20.1,-20.1,,,,CLING / APPROACH / VOICE
993,1987-1988,82.75,odysseus,h,4.6,7.1,4.6,-48.8,-83.1,1.3,0,0,-14.8,-1.7,-0.9,11.4,-150.2,0,-148.2,0,0,0,-20.1,-20.1,,,,GRIP / CLING / APPROACH
994,1989-1990,82.833,odysseus,h,4.6,7.1,4.6,-48.8,-83.1,1.3,0,0,-14.8,-1.7,2.9,11.4,-152.4,0,-146.8,0,0,0,-20.1,-20.1,,,,GRIP / CLING / APPROACH
995,1991-1992,82.917,odysseus,h,4.6,7.1,4.6,-48.8,-83.1,1.3,0,0,-14.8,-1.7,4.9,11.4,-153.6,0,-146.1,0,0,0,-20.1,-20.1,,,,GRIP / CLING / APPROACH
996,1993-1994,83,odysseus,h,4.6,7.1,4.6,-48.8,-83.1,1.3,0,0,-14.8,-1.7,4.9,11.4,-153.3,0,-146.3,0,0,0,-20.1,-20.1,,,,GRIP / CLING / APPROACH
997,1995-1996,83.083,odysseus,h,4.6,7.1,4.6,-48.8,-83.1,1.3,0,0,-14.8,-1.7,4.9,11.4,-152.6,0,-146.7,0,0,0,-20.1,-20.1,,,,GRIP / CLING / APPROACH
998,1997-1998,83.167,odysseus,h,4.6,7.1,4.6,-48.8,-83.1,1.3,0,0,-14.8,-1.7,4.9,11.4,-151.7,0,-147.2,0,0,0,-20.1,-20.1,,,,GRIP / CLING / APPROACH
999,1999-2000,83.25,odysseus,h,4.6,7.1,4.6,-48.8,-83.1,1.3,0,0,-14.8,-1.7,4.9,11.4,-150.8,0,-147.8,0,0,0,-20.1,-20.1,,,,GRIP / CLING / APPROACH
1000,2001-2002,83.333,odysseus,h,4.6,7.1,4.6,-48.8,-83.1,1.3,0,0,-14.8,-1.7,4.9,11.4,-149.9,0,-148.4,0,0,0,-20.1,-20.1,,,,GRIP / CLING / APPROACH
1001,2003-2004,83.417,odysseus,h,4.6,7.1,4.6,-48.8,-83.1,1.3,0,0,-14.8,-1.7,4.9,11.4,-149.2,0,-148.8,0,0,0,-20.1,-20.1,,,,GRIP / CLING / APPROACH
1002,2005-2006,83.5,odysseus,h,4.6,7.1,4.6,-48.8,-83.1,1.3,0,0,-14.8,-1.7,4.9,11.4,-149,0,-149,0,0,0,-20.1,-20.1,,,,GRIP / CLING / APPROACH
1003,2007-2008,83.583,odysseus,h,4.6,7.1,4.6,-48.8,-83.1,1.3,0,0,-14.8,-1.7,4.9,11.4,-149,0,-149,0,0,0,-20.1,-20.1,,,,CLING / APPROACH / VOICE
1004,2009-2010,83.667,odysseus,h,4.6,7.1,4.6,-48.8,-83.1,1.3,0,0,-14.8,-1.7,4.9,11.4,-149,0,-149,0,0,0,-20.1,-20.1,,,,CLING / APPROACH / VOICE
1005,2011-2012,83.75,odysseus,h,4.6,7.1,4.6,-48.8,-83.1,1.3,0,0,-14.8,-1.7,4.9,11.4,-149,0,-149,0,0,0,-20.1,-20.1,,,,CLING / APPROACH / VOICE
1006,2013-2014,83.833,odysseus,h,4.6,7.1,4.6,-48.8,-83.1,1.3,0,0,-14.8,-1.7,4.9,11.4,-149,0,-149,0,0,0,-20.1,-20.1,,,,CLING / APPROACH / VOICE
1007,2015-2016,83.917,odysseus,h,4.6,7.1,4.6,-48.8,-83.1,1.3,0,0,-14.8,-1.7,4.9,11.4,-149,0,-149,0,0,0,-20.1,-20.1,,,,CLING / APPROACH / VOICE
1008,2017-2018,84,odysseus,h,4.6,7.1,4.6,-48.8,-83.1,1.3,0,0,-14.8,-1.7,4.9,11.4,-149,0,-149,0,0,0,-20.1,-20.1,,,,CLING / APPROACH / VOICE
1009,2019-2020,84.083,odysseus,h,4.6,7.1,4.6,-48.8,-83.1,1.3,0,0,-14.8,-1.7,4.9,11.4,-149,0,-149,0,0,0,-20.1,-20.1,,,,CLING / APPROACH / VOICE
1010,2021-2022,84.167,odysseus,h,4.6,7.1,4.6,-48.8,-83.1,1.3,0,0,-14.8,-1.7,4.9,11.4,-149,0,-149,0,0,0,-20.1,-20.1,,,,CLING / APPROACH / VOICE
1011,2023-2024,84.25,odysseus,h,4.6,7.1,4.6,-48.8,-83.1,1.3,0,0,-14.8,-1.7,4.9,11.4,-149,0,-149,0,0,0,-20.1,-20.1,,,,CLING / APPROACH / VOICE
1012,2025-2026,84.333,odysseus,h,4.6,7.1,4.6,-48.8,-83.1,1.3,0,0,-14.8,-1.7,4.9,11.4,-149,0,-149,0,0,0,-20.1,-20.1,,,,CLING / APPROACH / VOICE
1013,2027-2028,84.417,odysseus,h,4.6,7.1,4.6,-48.8,-83.1,1.3,0,0,-14.8,-1.7,4.9,11.4,-149,0,-149,0,0,0,-20.1,-20.1,,,,CLING / APPROACH / VOICE
1014,2029-2030,84.5,odysseus,h,4.6,7.1,4.6,-48.8,-83.1,1.3,0,0,-14.8,-1.7,4.9,11.4,-149,0,-149,0,0,0,-20.1,-20.1,,,,CLING / APPROACH / VOICE
1015,2031-2032,84.583,odysseus,h,4.6,7.1,4.6,-48.8,-83.1,1.3,0,0,-14.8,-1.7,4.9,11.4,-149,0,-149,0,0,0,-20.1,-20.1,,,,CLING / APPROACH / VOICE
1016,2033-2034,84.667,odysseus,h,4.6,7.1,4.6,-48.8,-83.1,1.3,0,0,-14.8,-1.7,4.9,11.4,-149,0,-149,0,0,0,-20.1,-20.1,,,,CLING / APPROACH / VOICE
1017,2035-2036,84.75,odysseus,h,4.6,7.1,4.6,-48.8,-83.1,1.3,0,0,-14.8,-1.7,4.9,11.4,-149,0,-149,0,0,0,-20.1,-20.1,,,,CLING / APPROACH / VOICE
1018,2037-2038,84.833,odysseus,h,4.6,7.1,4.6,-48.8,-83.1,1.3,0,0,-14.8,-1.7,4.9,11.4,-149,0,-149,0,0,0,-20.1,-20.1,,,,CLING / APPROACH / VOICE
1019,2039-2040,84.917,odysseus,h,4.6,7.1,4.6,-48.8,-83.1,1.3,0,0,-14.8,-1.7,4.9,11.4,-149,0,-149,0,0,0,-20.1,-20.1,,,,CLING / APPROACH / VOICE
1020,2041-2042,85,odysseus,h,4.6,7.1,4.6,-48.8,-83.1,1.3,0,0,-14.8,-1.7,4.9,11.4,-149,0,-149,0,0,0,-20.1,-20.1,,,,CLING / APPROACH / VOICE
1021,2043-2044,85.083,odysseus,h,4.6,7.1,4.6,-48.8,-83.1,1.3,0,0,-14.8,-1.7,4.9,11.4,-149,0,-149,0,0,0,-20.1,-20.1,,,,CLING / APPROACH / VOICE
1022,2045-2046,85.167,odysseus,h,4.6,7.1,4.6,-48.8,-83.1,1.3,0,0,-14.8,-1.7,4.9,11.4,-149,0,-149,0,0,0,-20.1,-20.1,,,,CLING / APPROACH / VOICE
1023,2047-2048,85.25,odysseus,h,4.6,7.1,4.6,-48.8,-83.1,1.3,0,0,-14.8,-1.7,4.9,11.4,-149,0,-149,0,0,0,-20.1,-20.1,,,,GRIP / CLING / APPROACH
1024,2049-2050,85.333,odysseus,h,4.6,7.1,4.6,-48.8,-83.1,1.3,0,0,-14.8,-1.7,2.3,11.4,-150.2,0,-148.2,0,0,0,-20.1,-20.1,,,,GRIP / CLING / APPROACH
1025,2051-2052,85.417,odysseus,h,4.6,7.1,4.6,-48.8,-83.1,1.3,0,0,-14.8,-1.7,-2.5,11.4,-152.4,0,-146.8,0,0,0,-20.1,-20.1,,,,GRIP / CLING / APPROACH
1026,2053-2054,85.5,odysseus,h,4.6,7.1,4.6,-48.8,-83.1,1.3,0,0,-14.8,-1.7,-5.1,11.4,-153.6,0,-146.1,0,0,0,-20.1,-20.1,,,,GRIP / CLING / APPROACH
1027,2055-2056,85.583,odysseus,h,4.6,7.1,4.6,-48.8,-83.1,1.3,0,0,-14.8,-1.7,-5.1,11.4,-153.4,0,-146.2,0,0,0,-20.1,-20.1,,,,GRIP / CLING / APPROACH
1028,2057-2058,85.667,odysseus,h,4.6,7.1,4.6,-48.8,-83.1,1.3,0,0,-14.8,-1.7,-5.1,11.4,-152.8,0,-146.6,0,0,0,-20.1,-20.1,,,,GRIP / CLING / APPROACH
1029,2059-2060,85.75,odysseus,h,4.6,7.1,4.6,-48.8,-83.1,1.3,0,0,-14.8,-1.7,-5.1,11.4,-152.1,0,-147,0,0,0,-20.1,-20.1,,,,GRIP / CLING / APPROACH
1030,2061-2062,85.833,odysseus,h,4.6,7.1,4.6,-48.8,-83.1,1.3,0,0,-14.8,-1.7,-5.1,11.4,-151.3,0,-147.5,0,0,0,-20.1,-20.1,,,,GRIP / CLING / APPROACH
1031,2063-2064,85.917,odysseus,h,4.6,7.1,4.6,-48.8,-83.1,1.3,0,0,-14.8,-1.7,-5.1,11.4,-150.4,0,-148.1,0,0,0,-20.1,-20.1,,,,GRIP / CLING / APPROACH
1032,2065-2066,86,odysseus,h,4.6,7.1,4.6,-48.8,-83.1,1.3,0,0,-14.8,-1.7,-5.1,11.4,-149.7,0,-148.5,0,0,0,-20.1,-20.1,,,,GRIP / CLING / APPROACH
1033,2067-2068,86.083,odysseus,h,4.6,7.1,4.6,-48.8,-83.1,1.3,0,0,-14.8,-1.7,-5.1,11.4,-149.2,0,-148.8,0,0,0,-20.1,-20.1,,,,GRIP / CLING / APPROACH
1034,2069-2070,86.167,odysseus,h,4.6,7.1,4.6,-48.8,-83.1,1.3,0,0,-14.8,-1.7,-5.1,11.4,-149,0,-149,0,0,0,-20.1,-20.1,,,,GRIP / CLING / APPROACH
1035,2071-2072,86.25,odysseus,h,4.6,7.1,4.6,-48.8,-83.1,1.3,0,0,-14.8,-1.7,-5.1,11.4,-149,0,-149,0,0,0,-20.1,-20.1,,,,CLING / APPROACH / VOICE
1036,2073-2074,86.333,odysseus,h,4.6,7.1,4.6,-48.8,-83.1,1.3,0,0,-14.8,-1.7,-5.1,11.4,-149,0,-149,0,0,0,-20.1,-20.1,,,,CLING / APPROACH / VOICE
1037,2075-2076,86.417,odysseus,h,4.6,7.1,4.6,-48.8,-83.1,1.3,0,0,-14.8,-1.7,-5.1,11.4,-149,0,-149,0,0,0,-20.1,-20.1,,,,CLING / APPROACH / VOICE
1038,2077-2078,86.5,odysseus,h,4.6,7.1,4.6,-48.8,-83.1,1.3,0,0,-14.8,-1.7,-5.1,11.4,-149,0,-149,0,0,0,-20.1,-20.1,,,,CLING / APPROACH / VOICE
1039,2079-2080,86.583,odysseus,h,4.6,7.1,4.6,-48.8,-83.1,1.3,0,0,-14.8,-1.7,-5.1,11.4,-149,0,-149,0,0,0,-20.1,-20.1,,,,CLING / APPROACH / VOICE
1040,2081-2082,86.667,odysseus,h,4.6,7.1,4.6,-48.8,-83.1,1.3,0,0,-14.8,-1.7,-5.1,11.4,-149,0,-149,0,0,0,-20.1,-20.1,,,,CLING / APPROACH / VOICE
1041,2083-2084,86.75,odysseus,h,4.6,7.1,4.6,-48.8,-83.1,1.3,0,0,-14.8,-1.7,-5.1,11.4,-149,0,-149,0,0,0,-20.1,-20.1,,,,CLING / APPROACH / VOICE
1042,2085-2086,86.833,odysseus,h,4.6,7.1,4.6,-48.8,-83.1,1.3,0,0,-14.8,-1.7,-5.1,11.4,-149,0,-149,0,0,0,-20.1,-20.1,,,,CLING / APPROACH / VOICE
1043,2087-2088,86.917,odysseus,h,4.6,7.1,4.6,-48.8,-83.1,1.3,0,0,-14.8,-1.7,-5.1,11.4,-149,0,-149,0,0,0,-20.1,-20.1,,,,CLING / APPROACH / VOICE
1044,2089-2090,87,odysseus,h,4.6,7.1,4.6,-48.8,-83.1,1.3,0,0,-14.8,-1.7,-5.1,11.4,-149,0,-149,0,0,0,-20.1,-20.1,,,,CLING / APPROACH / VOICE
1045,2091-2092,87.083,odysseus,h,4.6,7.1,4.6,-48.8,-83.1,1.3,0,0,-14.8,-1.7,-5.1,11.4,-149,0,-149,0,0,0,-20.1,-20.1,,,,CLING / APPROACH / VOICE
1046,2093-2094,87.167,odysseus,h,4.6,7.1,4.6,-48.8,-83.1,1.3,0,0,-14.8,-1.7,-5.1,11.4,-149,0,-149,0,0,0,-20.1,-20.1,,,,CLING / APPROACH / VOICE
1047,2095-2096,87.25,odysseus,h,4.6,7.1,4.6,-48.8,-83.1,1.3,0,0,-14.8,-1.7,-5.1,11.4,-149,0,-149,0,0,0,-20.1,-20.1,,,,CLING / APPROACH / VOICE
1048,2097-2098,87.333,odysseus,h,4.6,7.1,4.6,-48.8,-83.1,1.3,0,0,-14.8,-1.7,-5.1,11.4,-149,0,-149,0,0,0,-20.1,-20.1,,,,CLING / APPROACH / VOICE
1049,2099-2100,87.417,odysseus,h,4.6,7.1,4.6,-48.8,-83.1,1.3,0,0,-14.8,-1.7,-5.1,11.4,-149,0,-149,0,0,0,-20.1,-20.1,,,,CLING / APPROACH / VOICE
1050,2101-2102,87.5,odysseus,h,4.6,7.1,4.6,-48.8,-83.1,1.3,0,0,-14.8,-1.7,-5.1,11.4,-149,0,-149,0,0,0,-20.1,-20.1,,,,GRIP / CLING / APPROACH
1051,2103-2104,87.583,odysseus,h,4.6,7.1,4.6,-48.8,-83.1,1.3,0,0,-14.8,-1.7,-5.1,11.4,-149.7,0,-148.5,0,0,0,-20.1,-20.1,,,,GRIP / CLING / APPROACH
1052,2105-2106,87.667,odysseus,h,4.6,7.1,4.6,-48.8,-83.1,1.3,0,0,-14.8,-1.7,-5.3,11.4,-151.3,0,-147.5,0,0,0,-20.1,-20.1,,,,GRIP / CLING / APPROACH
1053,2107-2108,87.75,odysseus,h,4.6,7.1,4.6,-48.8,-83.1,1.3,0,0,-14.8,-1.7,-5.4,11.4,-152.8,0,-146.6,0,0,0,-20.1,-20.1,,,,GRIP / CLING / APPROACH
1054,2109-2110,87.833,odysseus,h,4.6,7.1,4.6,-48.8,-83.1,1.3,0,0,-14.8,-1.7,-5.4,11.4,-153.6,0,-146.1,0,0,0,-20.1,-20.1,,,,GRIP / CLING / APPROACH
1055,2111-2112,87.917,odysseus,h,4.6,7.1,4.6,-48.8,-83.1,1.3,0,0,-14.8,-1.7,-5.4,11.4,-153.3,0,-146.3,0,0,0,-20.1,-20.1,,,,GRIP / CLING / APPROACH
1056,2113-2114,88,odysseus,h,4.6,7.1,4.6,-48.8,-83.1,1.3,0,0,-14.8,-1.7,-5.4,11.4,-152.6,0,-146.7,0,0,0,-20.1,-20.1,,,,GRIP / CLING / APPROACH
1057,2115-2116,88.083,odysseus,h,4.6,7.1,4.6,-48.8,-83.1,1.3,0,0,-14.8,-1.7,-5.4,11.4,-151.7,0,-147.2,0,0,0,-20.1,-20.1,,,,GRIP / CLING / APPROACH
1058,2117-2118,88.167,odysseus,h,4.6,7.1,4.6,-48.8,-83.1,1.3,0,0,-14.8,-1.7,-5.4,11.4,-150.8,0,-147.8,0,0,0,-20.1,-20.1,,,,GRIP / CLING / APPROACH
1059,2119-2120,88.25,odysseus,h,4.6,7.1,4.6,-48.8,-83.1,1.3,0,0,-14.8,-1.7,-5.4,11.4,-149.9,0,-148.4,0,0,0,-20.1,-20.1,,,,GRIP / CLING / APPROACH
1060,2121-2122,88.333,odysseus,h,4.6,7.1,4.6,-48.8,-83.1,1.3,0,0,-14.8,-1.7,-5.4,11.4,-149.2,0,-148.8,0,0,0,-20.1,-20.1,,,,GRIP / CLING / APPROACH
1061,2123-2124,88.417,odysseus,h,4.6,7.1,4.6,-48.8,-83.1,1.3,0,0,-14.8,-1.7,-5.4,11.4,-149,0,-149,0,0,0,-20.1,-20.1,,,,GRIP / CLING / APPROACH
1062,2125-2126,88.5,odysseus,h,4.6,7.1,4.6,-48.8,-83.1,1.3,0,0,-14.8,-1.7,-5.4,11.4,-149,0,-149,0,0,0,-20.1,-20.1,,,,CLING / APPROACH / VOICE
1063,2127-2128,88.583,odysseus,h,4.6,7.1,4.6,-48.8,-83.1,1.3,0,0,-14.8,-1.7,-5.4,11.4,-149,0,-149,0,0,0,-20.1,-20.1,,,,CLING / APPROACH / VOICE
1064,2129-2130,88.667,odysseus,h,4.6,7.1,4.6,-48.8,-83.1,1.3,0,0,-14.8,-1.7,-5.4,11.4,-149,0,-149,0,0,0,-20.1,-20.1,,,,CLING / APPROACH / VOICE
1065,2131-2132,88.75,odysseus,h,4.6,7.1,4.6,-48.8,-83.1,1.3,0,0,-14.8,-1.7,-5.4,11.4,-149,0,-149,0,0,0,-20.1,-20.1,,,,CLING / APPROACH / VOICE
1066,2133-2134,88.833,odysseus,h,4.6,7.1,4.6,-48.8,-83.1,1.3,0,0,-14.8,-1.7,-5.4,11.4,-149,0,-149,0,0,0,-20.1,-20.1,,,,CLING / APPROACH / VOICE
1067,2135-2136,88.917,odysseus,h,4.6,7.1,4.6,-48.8,-83.1,1.3,0,0,-14.8,-1.7,-5.4,11.4,-149,0,-149,0,0,0,-20.1,-20.1,,,,CLING / APPROACH / VOICE
1068,2137-2138,89,odysseus,h,4.6,7.1,4.6,-48.8,-83.1,1.3,0,0,-14.8,-1.7,-5.4,11.4,-149,0,-149,0,0,0,-20.1,-20.1,,,,CLING / APPROACH / VOICE
1069,2139-2140,89.083,odysseus,h,4.6,7.1,4.6,-48.8,-83.1,1.3,0,0,-14.8,-1.7,-5.4,11.4,-149,0,-149,0,0,0,-20.1,-20.1,,,,CLING / APPROACH / VOICE
1070,2141-2142,89.167,odysseus,h,4.6,7.1,4.6,-48.8,-83.1,1.3,0,0,-14.8,-1.7,-5.4,11.4,-149,0,-149,0,0,0,-20.1,-20.1,,,,CLING / APPROACH / VOICE
1071,2143-2144,89.25,odysseus,h,4.6,7.1,4.6,-48.8,-83.1,1.3,0,0,-14.8,-1.7,-5.4,11.4,-149,0,-149,0,0,0,-20.1,-20.1,,,,CLING / APPROACH / VOICE
