# stop-motion pose sheet for OD-B10-S05 (tools/perform/hardware.js): each drawing on twos (frames at 24), the principals; angles in degrees as set on the toy; x, z in studs, y and hips in plates
# state: A action, R reaction, H alive hold, h authored hold, D dead; holds_R/L: what the hand holds (ownership at that drawing); why: the score's causal chain
drawing,frames,t,actor,state,x_studs,y_plates,z_studs,heading,pitch,roll,hips_plates,torso.lean,torso.twist,torso.roll,head.yaw,head.pitch,arm.R.pitch,arm.R.out,arm.L.pitch,arm.L.out,hand.R.roll,hand.L.roll,leg.R.pitch,leg.L.pitch,holds_R,holds_L,contacts,why
0,1-2,0,odysseus,H,-2,2,8.5,180,0,0,0,0,0,0,0,0,-17.2,0,0,0,0,0,0,0,,,,BREATH
1,3-4,0.083,odysseus,H,-2,2,8.5,180,0,0,0,0,0,0,0,0,-17.2,0,0,0,0,0,0,0,,,,BREATH
2,5-6,0.167,odysseus,H,-2,2,8.5,180,0,0,0,0,0,0,0,0,-17.2,0,0,0,0,0,0,0,,,,BREATH
3,7-8,0.25,odysseus,H,-2,2,8.5,180,0,0,0,0,0,0,0,0,-17.2,0,0,0,0,0,0,0,,,,BREATH
4,9-10,0.333,odysseus,h,-2,2,8.5,180,0,0,0,-0.1,0,0,0,-0.1,-17.2,0,0,0,0,0,0,0,,,,HOLD / SCENE
5,11-12,0.417,odysseus,h,-2,2,8.5,180,0,0,0,-0.1,0,0,0,-0.1,-17.2,0,0,0,0,0,0,0,,,,HOLD / SCENE
6,13-14,0.5,odysseus,h,-2,2,8.5,180,0,0,0,-0.2,0,0,0,-0.1,-17.2,0,0,0,0,0,0,0,,,,LOOK / HOLD / SCENE
7,15-16,0.583,odysseus,A,-2,2,8.5,180,0,0,0,-0.2,0,0,-0.4,2.7,-17.2,0,0,0,0,0,0,0,,,,TAKE UP ARMS / ARM / SCENE
8,17-18,0.667,odysseus,A,-2,2,8.5,180,0,0,0,1,-0.1,0,-0.6,1,-20.8,0,0,0,0,0,0,0,,,,TAKE UP ARMS / ARM / SCENE
9,19-20,0.75,odysseus,A,-2,2,8.5,180,0,0,-0.1,4.1,-0.2,0,-0.8,0,-29.3,0,0,0,0,0,0,0,,,,TAKE UP ARMS / ARM / SCENE
10,21-22,0.833,odysseus,A,-2,2,8.5,180,0,0,-0.2,7.7,-0.3,0,-0.8,-0.4,-39.5,0,0,0,0,0,0,0,,,,TAKE UP ARMS / ARM / SCENE
11,23-24,0.917,odysseus,A,-2,2,8.5,180,0,0,-0.2,10.8,-0.4,0,-0.8,-0.4,-48,0,0,0,0,0,0,0,,,,TAKE UP ARMS / ARM / SCENE
12,25-26,1,odysseus,A,-2,2,8.5,180,0,0,-0.2,12,-0.4,0,-0.8,-0.5,-51.6,0,0,0,0,0,0,0,,,,TAKE UP ARMS / ARM / SCENE
13,27-28,1.083,odysseus,A,-2,2,8.5,180,0,0,-0.2,10.4,-0.4,0,-0.8,-0.6,-51,0,0,0,0,0,0,0,,,,TAKE UP ARMS / ARM / SCENE
14,29-30,1.167,odysseus,A,-2,2,8.5,180,0,0,-0.2,8.9,-0.4,0,-0.8,-0.6,-49.5,0,0,0,0,0,0,0,,,,TAKE UP ARMS / ARM / SCENE
15,31-32,1.25,odysseus,A,-2,2,8.5,180,0,0,-0.2,7.5,-0.4,0,-0.8,-0.7,-47.9,0,0,0,0,0,0,0,,,,TAKE UP ARMS / ARM / SCENE
16,33-34,1.333,odysseus,A,-2,2,8.5,180,0,0,-0.2,6.2,-0.4,0,-0.8,-0.8,-46.4,0,0,0,0,0,0,0,,,,TAKE UP ARMS / ARM / SCENE
17,35-36,1.417,odysseus,A,-2,2,8.5,180,0,0,-0.2,5.1,-0.4,0,-0.8,-0.9,-45.8,0,0,0,0,0,0,0,,,,TAKE UP ARMS / ARM / SCENE
18,37-38,1.5,odysseus,A,-2,2,8.5,180,0,0,-0.1,4.2,-0.4,0,-0.8,-0.9,-53.4,0,0,0,0,0,0,0,,,,TAKE UP ARMS / ARM / SCENE
19,39-40,1.583,odysseus,A,-2,2,8.5,180,0,0,-0.1,3.4,-0.4,0,-0.8,-1,-59.9,0,0,0,0,0,0,0,,,,TAKE UP ARMS / ARM / SCENE
20,41-42,1.667,odysseus,A,-2,2,8.5,180,0,0,-0.1,2.7,-0.4,0,-0.8,-1.1,-65.1,0,0,0,0,0,0,0,,,,TAKE UP ARMS / ARM / SCENE
21,43-44,1.75,odysseus,A,-2,2,8.5,180,0,0,-0.1,2.1,-0.4,0,-0.8,-1.1,-69.2,0,0,0,0,0,0,0,,,,WEIGHT SHIFT / HOLD / SCENE
22,45-46,1.833,odysseus,A,-2,2,8.5,180,0,0.1,-0.1,1.7,-0.4,-0.2,-0.8,-1.2,-72.1,0,0,0,0,0,0,0,,,,WEIGHT SHIFT / HOLD / SCENE
23,47-48,1.917,odysseus,h,-2,2,8.5,180,0,0.4,-0.1,1.5,-0.4,-0.7,-0.8,-1.2,-73.9,0,0,0,0,0,0,0,,,,WEIGHT SHIFT / HOLD / SCENE
24,49-50,2,odysseus,h,-2,2,8.5,180,0,0.9,-0.2,1.3,-0.4,-1.3,-0.8,-1.3,-74.5,0,0,0,0,0,0,0,,,,WEIGHT SHIFT / HOLD / SCENE
25,51-52,2.083,odysseus,h,-2,2,8.5,180,0,1.3,-0.2,1.3,-0.4,-1.9,-0.8,-1.3,-74.5,0,0,0,0,0,0,0,,,,WEIGHT SHIFT / HOLD / SCENE
26,53-54,2.167,odysseus,h,-2,2,8.5,180,0,1.6,-0.2,1.2,-0.4,-2.4,-0.8,-1.4,-74.5,0,0,0,0,0,0,0,,,,WEIGHT SHIFT / HOLD / SCENE
27,55-56,2.25,odysseus,h,-2,2,8.5,180,0,1.7,-0.2,1.2,-0.4,-2.6,-0.8,-1.4,-74.5,0,0,0,0,0,0,0,,,,WEIGHT SHIFT / HOLD / SCENE
28,57-58,2.333,odysseus,h,-2,2,8.5,180,0,1.7,-0.2,1.2,-0.4,-2.5,-0.8,-1.4,-74.5,0,0,0,0,0,0,0,,,,WEIGHT SHIFT / HOLD / SCENE
29,59-60,2.417,odysseus,h,-2,2,8.5,180,0,1.7,-0.1,1.2,-0.4,-2.5,-0.8,-1.4,-74.5,0,0,0,0,0,0,0,,,,WEIGHT SHIFT / HOLD / SCENE
30,61-62,2.5,odysseus,h,-2,2,8.5,180,0,1.6,0,1.1,-0.4,-2.4,-0.8,-1.4,-74.5,0,0,0,0,0,0,0,,,,WEIGHT SHIFT / HOLD / SCENE
31,63-64,2.583,odysseus,h,-2,2,8.5,180,0,1.6,0,1.2,-0.4,-2.4,-0.8,-1.4,-74.5,0,0,0,0,0,0,0,,,,WEIGHT SHIFT / HOLD / SCENE
32,65-66,2.667,odysseus,h,-2,2,8.5,180,0,1.6,0,1.2,-0.4,-2.3,-0.8,-1.4,-74.5,0,0,0,0,0,0,0,,,,WEIGHT SHIFT / HOLD / SCENE
33,67-68,2.75,odysseus,h,-2,2,8.5,180,0,1.6,0,1.3,-0.4,-2.3,-0.8,-1.3,-74.5,0,0,0,0,0,0,0,,,,WEIGHT SHIFT / HOLD / SCENE
34,69-70,2.833,odysseus,h,-2,2,8.5,180,0,1.5,0,1.3,-0.4,-2.2,-0.8,-1.3,-74.5,0,0,0,0,0,0,0,,,,WEIGHT SHIFT / HOLD / SCENE
35,71-72,2.917,odysseus,h,-2,2,8.5,180,0,1.5,0,1.4,-0.4,-2.2,-0.8,-1.2,-74.5,0,0,0,0,0,0,0,,,,WEIGHT SHIFT / HOLD / SCENE
36,73-74,3,odysseus,h,-2,2,8.5,180,0,1.5,0,1.6,-0.4,-2.1,-0.8,-1.1,-74.5,0,0,0,0,0,0,0,,,,WEIGHT SHIFT / HOLD / SCENE
37,75-76,3.083,odysseus,h,-2,2,8.5,180,0,1.5,0,1.7,-0.4,-2.1,-0.8,-1,-74.5,0,0,0,0,0,0,0,,,,WEIGHT SHIFT / HOLD / SCENE
38,77-78,3.167,odysseus,h,-2,2,8.5,180,0,1.4,0,1.8,-0.4,-2.1,-0.8,-0.9,-74.5,0,0,0,0,0,0,0,,,,WEIGHT SHIFT / HOLD / SCENE
39,79-80,3.25,odysseus,h,-2,2,8.5,180,0,1.4,-0.1,1.9,-0.4,-2,-0.8,-0.8,-74.5,0,0,0,0,0,0,0,,,,WEIGHT SHIFT / HOLD / SCENE
40,81-82,3.333,odysseus,h,-2,2,8.5,180,0,1.4,-0.1,2.1,-0.4,-2,-0.8,-0.7,-74.5,0,0,0,0,0,0,0,,,,WEIGHT SHIFT / HOLD / SCENE
41,83-84,3.417,odysseus,h,-2,2,8.5,180,0,1.4,-0.1,2.2,-0.4,-1.9,-0.8,-0.5,-74.5,0,0,0,0,0,0,0,,,,WEIGHT SHIFT / HOLD / SCENE
42,85-86,3.5,odysseus,h,-2,2,8.5,180,0,1.3,-0.1,2.3,-0.4,-1.9,-0.8,-0.4,-74.5,0,0,0,0,0,0,0,,,,LOOK / HOLD / SCENE
43,87-88,3.583,odysseus,A,-2,2,8.5,180,0,1.3,-0.1,2.5,-0.4,-1.8,-0.8,2.5,-74.5,0,0,0,0,0,0,0,,,,LOOK / HOLD / SCENE
44,89-90,3.667,odysseus,h,-2,2,8.5,180,0,1.3,-0.1,2.6,-0.4,-1.8,-0.8,1,-74.5,0,0,0,0,0,0,0,,,,LOOK / HOLD / SCENE
45,91-92,3.75,odysseus,h,-2,2,8.5,180,0,1.3,-0.1,2.7,-0.4,-1.7,-0.8,0.2,-74.5,0,0,0,0,0,0,0,,,,LOOK / HOLD / SCENE
46,93-94,3.833,odysseus,h,-2,2,8.5,180,0,1.3,-0.1,2.7,-0.4,-1.7,-0.8,-0.1,-74.5,0,0,0,0,0,0,0,,,,LOOK / HOLD / SCENE
47,95-96,3.917,odysseus,h,-2,2,8.5,180,0,1.3,-0.1,2.8,-0.4,-1.7,-0.8,0,-74.5,0,0,0,0,0,0,0,,,,LOOK / HOLD / SCENE
48,97-98,4,odysseus,h,-2,2,8.5,180,0,1.3,-0.1,2.9,-0.4,-1.7,-0.8,0,-74.5,0,0,0,0,0,0,0,,,,LOOK / HOLD / SCENE
49,99-100,4.083,odysseus,h,-2,2,8.5,180,0,1.3,-0.1,2.9,-0.4,-1.7,-0.8,0,-74.5,0,0,0,0,0,0,0,,,,APPROACH / SCENE
50,101-102,4.167,odysseus,h,-2,2,8.5,180,0,1.3,-0.1,2.9,-0.4,-1.7,-0.8,0,-74.5,0,0,0,0,0,0,0,,,,APPROACH / SCENE
51,103-104,4.25,odysseus,h,-2,2,8.5,180,0,1.3,-0.1,2.8,-0.4,-1.7,-0.8,0,-74.5,0,0,0,0,0,0,0,,,,APPROACH / SCENE
52,105-106,4.333,odysseus,h,-2,2,8.5,180,0,1.3,-0.1,2.8,-0.4,-1.7,-0.8,-0.1,-74.5,0,0,0,0,0,0,0,,,,APPROACH / SCENE
53,107-108,4.417,odysseus,h,-2,2,8.5,180,0,1.3,-0.1,2.8,-0.4,-1.7,-0.8,-0.1,-74.5,0,0,0,0,0,0,0,,,,APPROACH / SCENE
54,109-110,4.5,odysseus,h,-2,2,8.5,180,0,1.3,-0.1,2.7,-0.4,-1.7,-0.8,-0.1,-74.5,0,0,0,0,0,0,0,,,,APPROACH / SCENE
55,111-112,4.583,odysseus,h,-2,2,8.5,180,0,1.3,-0.1,2.6,-0.4,-1.7,-0.8,-0.2,-74.5,0,0,0,0,0,0,0,,,,APPROACH / SCENE
56,113-114,4.667,odysseus,h,-2,2,8.5,180,0,1.3,-0.1,2.6,-0.4,-1.7,-0.8,-0.3,-74.5,0,0,0,0,0,0,0,,,,APPROACH / SCENE
57,115-116,4.75,odysseus,h,-2,2,8.5,180,0,1.3,-0.1,2.5,-0.4,-1.7,-0.8,-0.3,-74.5,0,0,0,0,0,0,0,,,,APPROACH / SCENE
58,117-118,4.833,odysseus,h,-2,2,8.5,180,0,1.3,-0.1,2.4,-0.4,-1.7,-0.8,-0.4,-74.5,0,0,0,0,0,0,0,,,,APPROACH / SCENE
59,119-120,4.917,odysseus,h,-2,2,8.5,180,0,1.3,-0.1,2.3,-0.4,-1.7,-0.8,-0.5,-74.5,0,0,0,0,0,0,0,,,,APPROACH / SCENE
60,121-122,5,odysseus,h,-2,2,8.5,180,0,1.3,-0.1,2.2,-0.4,-1.7,-0.8,-0.6,-74.5,0,0,0,0,0,0,0,,,,APPROACH / SCENE
61,123-124,5.083,odysseus,h,-2,2,8.5,180,0,1.3,0,2.1,-0.4,-1.7,-0.8,-0.6,-74.5,0,0,0,0,0,0,0,,,,APPROACH / SCENE
62,125-126,5.167,odysseus,h,-2,2,8.5,180,0,1.3,0,2,-0.4,-1.7,-0.8,-0.7,-74.5,0,0,0,0,0,0,0,,,,APPROACH / SCENE
63,127-128,5.25,odysseus,h,-2,2,8.5,180,0,1.3,0,1.9,-0.4,-1.7,-0.8,-0.8,-74.5,0,0,0,0,0,0,0,,,,APPROACH / SCENE
64,129-130,5.333,odysseus,h,-2,2,8.5,180,0,1.3,0,1.8,-0.4,-1.7,-0.8,-0.9,-74.5,0,0,0,0,0,0,0,,,,APPROACH / SCENE
65,131-132,5.417,odysseus,h,-2,2,8.5,180,0,1.3,0,1.7,-0.4,-1.7,-0.8,-1,-74.5,0,0,0,0,0,0,0,,,,APPROACH / SCENE
66,133-134,5.5,odysseus,h,-2,2,8.5,180,0,1.3,0,1.6,-0.4,-1.7,-0.8,-1,-74.5,0,0,0,0,0,0,0,,,,WEIGHT SHIFT / HOLD / SCENE
67,135-136,5.583,odysseus,h,-2,2,8.5,180,0,1,-0.1,1.5,-0.4,-1.3,-0.8,-1.1,-74.5,0,0,0,0,0,0,0,,,,WEIGHT SHIFT / HOLD / SCENE
68,137-138,5.667,odysseus,A,-2,2,8.5,180,0,0.2,-0.1,1.5,-0.4,-0.2,-0.8,-1.2,-74.5,0,0,0,0,0,0,0,,,,WEIGHT SHIFT / HOLD / SCENE
69,139-140,5.75,odysseus,A,-2,2,8.5,180,0,-0.7,-0.1,1.4,-0.4,1.1,-0.8,-1.2,-74.5,0,0,0,0,0,0,0,,,,WEIGHT SHIFT / HOLD / SCENE
70,141-142,5.833,odysseus,A,-2,2,8.5,180,0,-1.4,-0.2,1.3,-0.4,2.1,-0.8,-1.3,-74.5,0,0,0,0,0,0,0,,,,WEIGHT SHIFT / HOLD / SCENE
71,143-144,5.917,odysseus,h,-2,2,8.5,180,0,-1.7,-0.2,1.3,-0.4,2.6,-0.8,-1.3,-74.5,0,0,0,0,0,0,0,,,,WEIGHT SHIFT / HOLD / SCENE
72,145-146,6,odysseus,h,-2,2,8.5,180,0,-1.7,-0.1,1.2,-0.4,2.5,-0.8,-1.4,-74.5,0,0,0,0,0,0,0,,,,WEIGHT SHIFT / HOLD / SCENE
73,147-148,6.083,odysseus,h,-2,2,8.5,180,0,-1.7,-0.1,1.2,-0.4,2.5,-0.8,-1.4,-74.5,0,0,0,0,0,0,0,,,,WEIGHT SHIFT / HOLD / SCENE
74,149-150,6.167,odysseus,h,-2,2,8.5,180,0,-1.6,-0.1,1.2,-0.4,2.4,-0.8,-1.4,-74.5,0,0,0,0,0,0,0,,,,WEIGHT SHIFT / HOLD / SCENE
75,151-152,6.25,odysseus,h,-2,2,8.5,180,0,-1.6,-0.1,1.1,-0.4,2.4,-0.8,-1.4,-74.5,0,0,0,0,0,0,0,,,,WEIGHT SHIFT / HOLD / SCENE
76,153-154,6.333,odysseus,h,-2,2,8.5,180,0,-1.6,-0.1,1.2,-0.4,2.4,-0.8,-1.4,-74.5,0,0,0,0,0,0,0,,,,WEIGHT SHIFT / HOLD / SCENE
77,155-156,6.417,odysseus,h,-2,2,8.5,180,0,-1.6,-0.1,1.2,-0.4,2.3,-0.8,-1.4,-74.5,0,0,0,0,0,0,0,,,,WEIGHT SHIFT / HOLD / SCENE
78,157-158,6.5,odysseus,h,-2,2,8.5,180,0,-1.6,-0.1,1.3,-0.4,2.3,-0.8,-1.3,-74.5,0,0,0,0,0,0,0,,,,WEIGHT SHIFT / HOLD / SCENE
79,159-160,6.583,odysseus,h,-2,2,8.5,180,0,-1.5,-0.1,1.3,-0.4,2.2,-0.8,-1.3,-74.5,0,0,0,0,0,0,0,,,,WEIGHT SHIFT / HOLD / SCENE
80,161-162,6.667,odysseus,h,-2,2,8.5,180,0,-1.5,-0.1,1.4,-0.4,2.2,-0.8,-1.2,-74.5,0,0,0,0,0,0,0,,,,WEIGHT SHIFT / HOLD / SCENE
81,163-164,6.75,odysseus,h,-2,2,8.5,180,0,-1.5,-0.1,1.6,-0.4,2.1,-0.8,-1.1,-74.5,0,0,0,0,0,0,0,,,,WEIGHT SHIFT / HOLD / SCENE
82,165-166,6.833,odysseus,h,-2,2,8.5,180,0,-1.5,-0.1,1.7,-0.4,2.1,-0.8,-1,-74.5,0,0,0,0,0,0,0,,,,WEIGHT SHIFT / HOLD / SCENE
83,167-168,6.917,odysseus,h,-2,2,8.5,180,0,-1.4,-0.1,1.8,-0.4,2,-0.8,-0.9,-74.5,0,0,0,0,0,0,0,,,,WEIGHT SHIFT / HOLD / SCENE
84,169-170,7,odysseus,h,-2,2,8.5,180,0,-1.4,-0.1,1.9,-0.4,2,-0.8,-0.8,-74.5,0,0,0,0,0,0,0,,,,WEIGHT SHIFT / HOLD / SCENE
85,171-172,7.083,odysseus,h,-2,2,8.5,180,0,-1.4,-0.1,2.1,-0.4,1.9,-0.8,-0.7,-74.5,0,0,0,0,0,0,0,,,,WEIGHT SHIFT / HOLD / SCENE
86,173-174,7.167,odysseus,h,-2,2,8.5,180,0,-1.4,-0.1,2.2,-0.4,1.9,-0.8,-0.5,-74.5,0,0,0,0,0,0,0,,,,WEIGHT SHIFT / HOLD / SCENE
87,175-176,7.25,odysseus,h,-2,2,8.5,180,0,-1.3,-0.1,2.3,-0.4,1.9,-0.8,-0.4,-74.5,0,0,0,0,0,0,0,,,,WEIGHT SHIFT / HOLD / SCENE
88,177-178,7.333,odysseus,h,-2,2,8.5,180,0,-1.3,-0.1,2.5,-0.4,1.8,-0.8,-0.3,-74.5,0,0,0,0,0,0,0,,,,LOOK / HOLD / SCENE
89,179-180,7.417,odysseus,A,-2,2,8.5,180,0,-1.3,-0.1,2.6,-0.4,1.8,-0.8,2.6,-74.5,0,0,0,0,0,0,0,,,,LOOK / HOLD / SCENE
90,181-182,7.5,odysseus,h,-2,2,8.5,180,0,-1.3,-0.1,2.7,-0.4,1.7,-0.8,1.1,-74.5,0,0,0,0,0,0,0,,,,LOOK / HOLD / SCENE
91,183-184,7.583,odysseus,h,-2,2,8.5,180,0,-1.3,-0.1,2.7,-0.4,1.7,-0.8,0.2,-74.5,0,0,0,0,0,0,0,,,,LOOK / HOLD / SCENE
92,185-186,7.667,odysseus,h,-2,2,8.5,180,0,-1.3,-0.1,2.8,-0.4,1.7,-0.8,0,-74.5,0,0,0,0,0,0,0,,,,LOOK / HOLD / SCENE
93,187-188,7.75,odysseus,h,-2,2,8.5,180,0,-1.3,-0.1,2.9,-0.4,1.7,-0.8,0,-74.5,0,0,0,0,0,0,0,,,,LOOK / HOLD / SCENE
94,189-190,7.833,odysseus,h,-2,2,8.5,180,0,-1.3,-0.1,2.9,-0.4,1.7,-0.8,0,-74.5,0,0,0,0,0,0,0,,,,LOOK / HOLD / SCENE
95,191-192,7.917,odysseus,h,-2,2,8.5,180,0,-1.3,-0.1,2.9,-0.4,1.7,-0.8,0,-74.5,0,0,0,0,0,0,0,,,,LOOK / HOLD / SCENE
96,193-194,8,odysseus,h,-2,2,8.5,180,0,-1.3,-0.1,2.8,-0.4,1.7,-0.8,0,-74.5,0,0,0,0,0,0,0,,,,APPROACH / SCENE
97,195-196,8.083,odysseus,h,-2,2,8.5,180,0,-1.3,-0.1,2.8,-0.4,1.7,-0.8,-0.1,-74.5,0,0,0,0,0,0,0,,,,APPROACH / SCENE
98,197-198,8.167,odysseus,h,-2,2,8.5,180,0,-1.3,-0.1,2.7,-0.4,1.7,-0.8,-0.1,-74.5,0,0,0,0,0,0,0,,,,APPROACH / SCENE
99,199-200,8.25,odysseus,h,-2,2,8.5,180,0,-1.3,-0.1,2.7,-0.4,1.7,-0.8,-0.2,-74.5,0,0,0,0,0,0,0,,,,APPROACH / SCENE
100,201-202,8.333,odysseus,h,-2,2,8.5,180,0,-1.3,-0.1,2.6,-0.4,1.7,-0.8,-0.2,-74.5,0,0,0,0,0,0,0,,,,APPROACH / SCENE
101,203-204,8.417,odysseus,h,-2,2,8.5,180,0,-1.3,-0.1,2.5,-0.4,1.7,-0.8,-0.3,-74.5,0,0,0,0,0,0,0,,,,APPROACH / SCENE
102,205-206,8.5,odysseus,h,-2,2,8.5,180,0,-1.3,-0.1,2.4,-0.4,1.7,-0.8,-0.4,-74.5,0,0,0,0,0,0,0,,,,WEIGHT SHIFT / HOLD / SCENE
103,207-208,8.583,odysseus,h,-2,2,8.5,180,0,-1,-0.1,2.3,-0.4,1.4,-0.8,-0.4,-74.5,0,0,0,0,0,0,0,,,,WEIGHT SHIFT / HOLD / SCENE
104,209-210,8.667,odysseus,h,-2,2,8.5,180,0,-0.5,-0.1,2.2,-0.4,0.6,-0.8,-0.5,-74.5,0,0,0,0,0,0,0,,,,WEIGHT SHIFT / HOLD / SCENE
105,211-212,8.75,odysseus,A,-2,2,8.5,180,0,0.2,-0.2,2.1,-0.4,-0.4,-0.8,-0.6,-74.5,0,0,0,0,0,0,0,,,,WEIGHT SHIFT / HOLD / SCENE
106,213-214,8.833,odysseus,A,-2,2,8.5,180,0,0.9,-0.2,2,-0.4,-1.5,-0.8,-0.7,-74.5,0,0,0,0,0,0,0,,,,WEIGHT SHIFT / HOLD / SCENE
107,215-216,8.917,odysseus,h,-2,2,8.5,180,0,1.5,-0.2,1.9,-0.4,-2.3,-0.8,-0.8,-74.5,0,0,0,0,0,0,0,,,,WEIGHT SHIFT / HOLD / SCENE
108,217-218,9,odysseus,h,-2,2,8.5,180,0,1.7,-0.2,1.8,-0.4,-2.6,-0.8,-0.9,-74.5,0,0,0,0,0,0,0,,,,WEIGHT SHIFT / HOLD / SCENE
109,219-220,9.083,odysseus,h,-2,2,8.5,180,0,1.7,-0.1,1.7,-0.4,-2.6,-0.8,-1,-74.5,0,0,0,0,0,0,0,,,,WEIGHT SHIFT / HOLD / SCENE
110,221-222,9.167,odysseus,h,-2,2,8.5,180,0,1.7,-0.1,1.6,-0.4,-2.5,-0.8,-1,-74.5,0,0,0,0,0,0,0,,,,WEIGHT SHIFT / HOLD / SCENE
111,223-224,9.25,odysseus,h,-2,2,8.5,180,0,1.6,-0.1,1.5,-0.4,-2.5,-0.8,-1.1,-74.5,0,0,0,0,0,0,0,,,,WEIGHT SHIFT / HOLD / SCENE
112,225-226,9.333,odysseus,h,-2,2,8.5,180,0,1.6,-0.1,1.4,-0.4,-2.4,-0.8,-1.2,-74.5,0,0,0,0,0,0,0,,,,WEIGHT SHIFT / HOLD / SCENE
113,227-228,9.417,odysseus,h,-2,2,8.5,180,0,1.6,-0.1,1.4,-0.4,-2.3,-0.8,-1.3,-74.5,0,0,0,0,0,0,0,,,,WEIGHT SHIFT / HOLD / SCENE
114,229-230,9.5,odysseus,h,-2,2,8.5,180,0,1.6,-0.1,1.3,-0.4,-2.3,-0.8,-1.3,-74.5,0,0,0,0,0,0,0,,,,WEIGHT SHIFT / HOLD / SCENE
115,231-232,9.583,odysseus,h,-2,2,8.5,180,0,1.5,-0.1,1.2,-0.4,-2.2,-0.8,-1.3,-74.5,0,0,0,0,0,0,0,,,,WEIGHT SHIFT / HOLD / SCENE
116,233-234,9.667,odysseus,h,-2,2,8.5,180,0,1.5,-0.1,1.2,-0.4,-2.2,-0.8,-1.4,-74.5,0,0,0,0,0,0,0,,,,WEIGHT SHIFT / HOLD / SCENE
117,235-236,9.75,odysseus,h,-2,2,8.5,180,0,1.5,-0.1,1.2,-0.4,-2.1,-0.8,-1.4,-74.5,0,0,0,0,0,0,0,,,,WEIGHT SHIFT / HOLD / SCENE
118,237-238,9.833,odysseus,h,-2,2,8.5,180,0,1.5,-0.1,1.2,-0.4,-2.1,-0.8,-1.4,-74.5,0,0,0,0,0,0,0,,,,WALK / APPROACH / SCENE
119,239-240,9.917,odysseus,A,-2,2,8.4,-180,0,1.4,-0.1,1.2,-0.4,-1.8,-0.7,-1.2,-70.9,0,0.7,0,0,0,0.9,-0.9,,,,WALK / APPROACH / SCENE
120,241-242,10,odysseus,A,-2,2,8.2,-180,0,1.4,-0.1,1.4,-0.3,-1.1,-0.5,-0.5,-69,0,9.3,0,0,0,12.8,-12.8,,,,WALK / APPROACH / SCENE
121,243-244,10.083,odysseus,A,-2,2,8,-180,0,1.4,-0.1,1.8,-0.2,-0.1,-0.3,0.3,-63.7,0,17.9,0,0,0,24.7,-24.7,,,,WALK / APPROACH / SCENE
122,245-246,10.167,odysseus,A,-2,2,7.7,-180,0,1.4,-0.1,2.5,0,1.1,-0.1,1.1,-55.1,0,23.1,0,0,0,31.8,-31.8,,,,WALK / APPROACH / SCENE
123,247-248,10.25,odysseus,A,-2,2,7.5,-180,0,1.3,-0.2,3.5,0,2.4,0,1.8,-47.1,0,25.7,0,0,0,35.3,-35.3,,,,WALK / APPROACH / SCENE
124,249-250,10.333,odysseus,A,-2,2,7.3,-180,0,1.3,-0.1,3.4,0,1.5,0,2,-42,0,24.8,0,0,0,34.2,-34.2,,,,WALK / APPROACH / SCENE
125,251-252,10.417,odysseus,A,-2,2,7,-180,0,1.3,0,3.4,0,0.6,0,1.5,-37.6,0,20.4,0,0,0,28.1,-28.1,,,,WALK / APPROACH / SCENE
126,253-254,10.5,odysseus,A,-2,2,6.7,-180,0,1.3,0.1,3.4,0,0.2,0,0.4,-30,0,12.8,0,0,0,17.6,-17.6,,,,WALK / APPROACH / SCENE
127,255-256,10.583,odysseus,A,-2,2,6.5,-180,0,1.3,0.1,3.4,0,0,0,-0.7,-20.4,0,3.2,0,0,0,4.4,-4.4,,,,WALK / APPROACH / SCENE
127,255-256,10.583,hermes-as-young-man,h,-1.9,2,-2.6,-6.3,0,1.6,-0.1,3.2,0,2,0,2,-60.9,0,25.5,0,0,0,35.2,-35.2,,,,WALK / APPROACH / SCENE
128,257-258,10.667,odysseus,A,-2,2,6.2,-180,0,1.3,0.1,3.4,0,-0.2,0,-1.1,-10.3,0,-6.9,0,0,0,-9.5,9.5,,,,WALK / APPROACH / SCENE
128,257-258,10.667,hermes-as-young-man,A,-1.9,2,-2.5,-6.3,0,1.6,-0.1,2.9,0,1.5,0,1.9,-65.5,0,24,0,0,0,33.1,-33.1,,,,WALK / APPROACH / SCENE
129,259-260,10.75,odysseus,A,-2,2,5.9,-180,0,1.3,0,3.4,0,-0.6,0,-0.7,-1.4,0,-15.8,0,0,0,-21.8,21.8,,,,WALK / APPROACH / SCENE
129,259-260,10.75,hermes-as-young-man,A,-1.9,2,-2.3,-6.3,0,1.6,0,2.8,0,1,0,1.6,-68.7,0,21.4,0,0,0,29.5,-29.5,,,,WALK / APPROACH / SCENE
130,261-262,10.833,odysseus,A,-2,2,5.7,-180,0,1.3,-0.1,3.4,0,-1.5,0,0.4,5.1,0,-22.3,0,0,0,-30.7,30.7,,,,WALK / APPROACH / SCENE
130,261-262,10.833,hermes-as-young-man,A,-1.9,2,-2.2,-6.3,0,1.5,0,2.6,0,0.6,0,1.1,-70.7,0,17.8,0,0,0,24.5,-24.5,,,,WALK / APPROACH / SCENE
131,263-264,10.917,odysseus,A,-2,2,5.4,-180,0,1.3,-0.2,3.4,0,-2.6,0,1.5,8.3,0,-25.5,0,0,0,-35.1,35.1,,,,WALK / APPROACH / SCENE
131,263-264,10.917,hermes-as-young-man,A,-1.9,2,-2,-6.3,0,1.5,0,2.5,0,0.4,0,0.6,-71.3,0,13.5,0,0,0,18.6,-18.6,,,,WALK / APPROACH / SCENE
132,265-266,11,odysseus,A,-2,2,5.2,-180,0,1.3,-0.2,1.9,0,-2.5,0,2,8.1,0,-25.3,0,0,0,-34.8,34.8,,,,GLANCE / NOTICE / SCENE
132,265-266,11,hermes-as-young-man,A,-2,2,-1.9,-6.3,0,1.5,0.1,2.4,0,0.2,0,0.1,-70.9,0,8.8,0,0,0,12.2,-12.2,,,,WALK / APPROACH / SCENE
133,267-268,11.083,odysseus,A,-2,2,4.9,-180,0,1.3,-0.2,0.6,0,-2.3,0,1.9,5,0,-22.2,0,0,0,-30.6,30.6,,,,GLANCE / NOTICE / SCENE
133,267-268,11.083,hermes-as-young-man,A,-2,2,-1.8,-5.3,0,1.5,0.1,2.3,0,0,0,-0.3,-69.5,0,4.1,0,0,0,5.6,-5.6,,,,WALK / APPROACH / SCENE
134,269-270,11.167,odysseus,A,-2,2,4.7,-180,0,1.3,-0.2,-0.4,0,-2,0,1.8,-6.4,0,-10.8,0,0,0,-14.9,14.9,,,,GLANCE / NOTICE / SCENE
134,269-270,11.167,hermes-as-young-man,A,-2,2,-1.6,-2.3,0,1.4,0.1,2.3,0,0,0,-0.7,-67.4,0,-0.3,0,0,0,-0.4,0.4,,,,WALK / APPROACH / SCENE
135,271-272,11.25,odysseus,A,-2,2,4.5,-180,0,1.3,-0.1,-1.1,0,-1.7,0.1,1.5,-16.8,0,-0.4,0,0,0,-0.5,0.5,,,,GLANCE / NOTICE / SCENE
135,271-272,11.25,hermes-as-young-man,A,-2,2,-1.5,-0.1,0,1.4,0,0.1,0,0,0,-0.8,-68.5,0,-0.2,0,0,0,-0.2,0.2,,,,WALK / APPROACH / SCENE
136,273-274,11.333,odysseus,A,-2,2,4.5,180,0,1.3,-0.1,-1.6,0,-1.3,0.1,1.2,-17.2,0,0,0,0,0,0,0,,,,LOOK / HOLD / SCENE
136,273-274,11.333,hermes-as-young-man,A,-2,2,-1.5,0,0,1.4,-0.1,-1.3,0,0,0,-0.7,-68.8,0,0,0,0,0,0,0,,,,LOOK / HOLD / SCENE
137,275-276,11.417,odysseus,A,-2,2,4.5,180,0,1.3,-0.1,-1.7,0,-0.9,0,3.7,-17.2,0,0,0,0,0,0,0,,,,LOOK / HOLD / SCENE
137,275-276,11.417,hermes-as-young-man,A,-2,2,-1.5,0,0,1.4,-0.1,-1.7,0,0,0,4.2,-68.8,0,0,0,0,0,0,0,,,,LOOK / HOLD / SCENE
138,277-278,11.5,odysseus,h,-2,2,4.5,180,0,1.3,-0.1,-1.5,0,-0.6,0,1.2,-17.2,0,0,0,0,0,0,0,,,,LOOK / HOLD / SCENE
138,277-278,11.5,hermes-as-young-man,h,-2,2,-1.5,0,0,1.3,-0.1,-1.5,0,0,0,3.9,-68.8,0,0,0,0,0,0,0,,,,LOOK / HOLD / SCENE
139,279-280,11.583,odysseus,h,-2,2,4.5,180,0,1.3,-0.1,-0.9,0,-0.3,0,0.3,-17.2,0,0,0,0,0,0,0,,,,LOOK / HOLD / SCENE
139,279-280,11.583,hermes-as-young-man,h,-2,2,-1.5,0,0,1.3,-0.1,-0.9,0,0,0,3.6,-68.8,0,0,0,0,0,0,0,,,,LOOK / HOLD / SCENE
140,281-282,11.667,odysseus,h,-2,2,4.5,180,0,1.3,0,-0.3,0,-0.1,0,0.1,-17.2,0,0,0,0,0,0,0,,,,LOOK / HOLD / SCENE
140,281-282,11.667,hermes-as-young-man,h,-2,2,-1.5,0,0,1.3,0,-0.3,0,0,0,2.5,-68.8,0,0,0,0,0,0,0,,,,LOOK / HOLD / SCENE
141,283-284,11.75,odysseus,h,-2,2,4.5,180,0,1.3,0,0,0,0,0,0,-17.2,0,0,0,0,0,0,0,,,,SNAP LOOK / NOTICE / SCENE
141,283-284,11.75,hermes-as-young-man,h,-2,2,-1.5,0,0,1.3,0,0,0,0,0,0.9,-68.8,0,0,0,0,0,0,0,,,,LOOK / HOLD / SCENE
142,285-286,11.833,odysseus,R,-2,2,4.5,180,0,1.3,0,0,0,0,0,2.9,-17.2,0,0,0,0,0,0,0,,,,SURPRISE / SNAP LOOK / NOTICE
142,285-286,11.833,hermes-as-young-man,h,-2,2,-1.5,0,0,1.3,0,0,0,0,0,0,-68.8,0,0,0,0,0,0,0,,,,LOOK / HOLD / SCENE
143,287-288,11.917,odysseus,R,-2,2,4.5,180,0,1.3,0.1,-3,0,0,0,0.7,-17.2,0,0,0,0,0,0,0,,,,SURPRISE / SNAP LOOK / NOTICE
143,287-288,11.917,hermes-as-young-man,h,-2,2,-1.5,0,0,1.3,0,0,0,0,0,0,-68.8,0,0,0,0,0,0,0,,,,LOOK / HOLD / SCENE
144,289-290,12,odysseus,R,-2,2,4.5,180,0,1.3,0.2,-4,0,0,0,0,-17.2,0,0,0,0,0,0,0,,,,SURPRISE / SNAP LOOK / NOTICE
144,289-290,12,hermes-as-young-man,h,-2,2,-1.5,0,0,1.3,0,0,0,0,0,0,-68.8,0,0,0,0,0,0,0,,,,DECLARE / UTTERANCE / SCENE
145,291-292,12.083,odysseus,h,-2,2,4.5,180,0,1.3,0.1,-3.9,0,0,0,0,-17.2,0,0,0,0,0,0,0,,,,SURPRISE / SNAP LOOK / NOTICE
145,291-292,12.083,hermes-as-young-man,h,-2,2,-1.5,0,0,1.3,0,0,0,0,0,0,-68.8,0,0,0,0,0,0,0,,,,DECLARE / UTTERANCE / SCENE
146,293-294,12.167,odysseus,h,-2,2,4.5,180,0,1.3,0.1,-3.8,0,0,0,0,-17.2,0,0,0,0,0,0,0,,,,SURPRISE / SNAP LOOK / NOTICE
146,293-294,12.167,hermes-as-young-man,h,-2,2,-1.5,0,0,1.3,0,0,0,0,0,0,-68.8,0,0,0,0,0,0,0,,,,DECLARE / UTTERANCE / SCENE
147,295-296,12.25,odysseus,h,-2,2,4.5,180,0,1.3,0.1,-3.6,0,0,0,0,-17.2,0,0,0,0,0,0,0,,,,SURPRISE / SNAP LOOK / NOTICE
147,295-296,12.25,hermes-as-young-man,h,-2,2,-1.5,0,0,1.3,0,0,0,0,0,0,-68.8,0,0,0,0,0,0,0,,,,DECLARE / UTTERANCE / SCENE
148,297-298,12.333,odysseus,h,-2,2,4.5,180,0,1.3,0.1,-3.5,0,0,0,0,-17.2,0,0,0,0,0,0,0,,,,SURPRISE / SNAP LOOK / NOTICE
148,297-298,12.333,hermes-as-young-man,h,-2,2,-1.5,0,0,1.3,0,0,0,0,0,0,-68.8,0,0,0,0,0,0,0,,,,DECLARE / UTTERANCE / SCENE
149,299-300,12.417,odysseus,h,-2,2,4.5,180,0,1.3,0.1,-3.4,0,0,0,0,-17.2,0,0,0,0,0,0,0,,,,SURPRISE / SNAP LOOK / NOTICE
149,299-300,12.417,hermes-as-young-man,h,-2,2,-1.5,0,0,1.3,0,0,0,0,0,0,-68.8,0,0,0,0,0,0,0,,,,DECLARE / UTTERANCE / SCENE
150,301-302,12.5,odysseus,h,-2,2,4.5,180,0,1.3,0.1,-3.3,0,0,0,0,-17.2,0,0,0,0,0,0,0,,,,SURPRISE / SNAP LOOK / NOTICE
150,301-302,12.5,hermes-as-young-man,h,-2,2,-1.5,0,0,1.3,0,0,0,0,0,0,-68.8,0,0,0,0,0,0,0,,,,NOD / DECLARE / UTTERANCE
151,303-304,12.583,odysseus,h,-2,2,4.5,180,0,1.3,0.1,-3.2,0,0,0,0,-17.2,0,0,0,0,0,0,0,,,,SURPRISE / SNAP LOOK / NOTICE
151,303-304,12.583,hermes-as-young-man,A,-2,2,-1.5,0,0,1.3,0,0,0,0,0,2.6,-68.8,0,0,0,0,0,0,0,,,,OPEN / DECLARE / UTTERANCE
152,305-306,12.667,odysseus,h,-2,2,4.5,180,0,1.3,0.1,-3,0,0,0,0,-17.2,0,0,0,0,0,0,0,,,,SURPRISE / SNAP LOOK / NOTICE
152,305-306,12.667,hermes-as-young-man,A,-2,2,-1.5,0,0,1.3,0,-1.2,0,0,0,1.5,-63,5.9,0,0,1.4,0,0,0,,,,OPEN / DECLARE / UTTERANCE
153,307-308,12.75,odysseus,h,-2,2,4.5,180,0,1.3,0.1,-2.9,0,0,0,0,-17.2,0,0,0,0,0,0,0,,,,SURPRISE / SNAP LOOK / NOTICE
153,307-308,12.75,hermes-as-young-man,A,-2,2,-1.5,0,0,1.3,0,-1.5,0,0,0,0,-61,10.6,0,0,5.1,0,0,0,,,,OPEN / DECLARE / UTTERANCE
154,309-310,12.833,odysseus,h,-2,2,4.5,180,0,1.3,0.1,-2.8,0,0,0,0,-17.2,0,0,0,0,0,0,0,,,,WEIGHT SHIFT / HOLD / SCENE
154,309-310,12.833,hermes-as-young-man,A,-2,2,-1.5,0,0,1.3,0,0.7,0,0,0,-1.7,-92.5,13.9,0,0,10.1,0,0,0,,,,OPEN / DECLARE / UTTERANCE
155,311-312,12.917,odysseus,h,-2,2,4.5,180,0,1,0.1,-2.7,0,0.2,0,0,-17.2,0,0,0,0,0,0,0,,,,WEIGHT SHIFT / HOLD / SCENE
155,311-312,12.917,hermes-as-young-man,A,-2,2,-1.5,0,0,1.3,0,2.1,0,0,0,-2.5,-111.4,15.8,0,0,15.6,0,0,0,,,,OPEN / DECLARE / UTTERANCE
156,313-314,13,odysseus,h,-2,2,4.5,180,0,0.5,0,-2.5,0,0.7,0,0,-17.2,0,0,0,0,0,0,0,,,,WEIGHT SHIFT / HOLD / SCENE
156,313-314,13,hermes-as-young-man,A,-2,2,-1.5,0,0,1.3,0,2.6,0,0,0,-2.3,-117.7,16.5,0,0,20.7,0,0,0,,,,OPEN / DECLARE / UTTERANCE
157,315-316,13.083,odysseus,R,-2,2,4.5,180,0,-0.2,0,-2.4,0,1.3,0,0,-17.2,0,0,0,0,0,0,0,,,,WEIGHT SHIFT / HOLD / SCENE
157,315-316,13.083,hermes-as-young-man,h,-2,2,-1.5,0,0,1.3,0,2.4,0,0,0,-2.1,-116.1,15.8,0,0,24.4,0,0,0,,,,OPEN / DECLARE / UTTERANCE
158,317-318,13.167,odysseus,R,-2,2,4.5,180,0,-0.9,0,-2.3,0,1.9,0,0,-17.2,0,0,0,0,0,0,0,,,,WEIGHT SHIFT / HOLD / SCENE
158,317-318,13.167,hermes-as-young-man,h,-2,2,-1.5,0,0,1.3,0,2.3,0,0,0,-1.9,-114.5,15.1,0,0,25.8,0,0,0,,,,OPEN / DECLARE / UTTERANCE
159,319-320,13.25,odysseus,h,-2,2,4.5,180,0,-1.5,0,-2.1,0,2.4,0,0,-17.2,0,0,0,0,0,0,0,,,,WEIGHT SHIFT / HOLD / SCENE
159,319-320,13.25,hermes-as-young-man,h,-2,2,-1.5,0,0,1.3,0,2.2,0,0,0,-1.7,-112.8,14.4,0,0,25.1,0,0,0,,,,OPEN / DECLARE / UTTERANCE
160,321-322,13.333,odysseus,h,-2,2,4.5,180,0,-1.7,-0.1,-1.7,0,2.6,0,0,-17.2,0,0,0,0,0,0,0,,,,WEIGHT SHIFT / HOLD / SCENE
160,321-322,13.333,hermes-as-young-man,h,-2,2,-1.5,0,0,1.3,0,2.1,0,0,0,-1.4,-111.2,13.8,0,0,23.1,0,0,0,,,,OPEN / DECLARE / UTTERANCE
161,323-324,13.417,odysseus,h,-2,2,4.5,180,0,-1.7,0,-1.1,0,2.5,0,0,-17.2,0,0,0,0,0,0,0,,,,WEIGHT SHIFT / HOLD / SCENE
161,323-324,13.417,hermes-as-young-man,h,-2,2,-1.5,0,0,1.3,0,1.9,0,0,0,-1.2,-109.6,13.1,0,0,20.2,0,0,0,,,,OPEN / DECLARE / UTTERANCE
162,325-326,13.5,odysseus,h,-2,2,4.5,180,0,-1.7,0,-0.6,0,2.5,0,0,-17.2,0,0,0,0,0,0,0,,,,WEIGHT SHIFT / HOLD / SCENE
162,325-326,13.5,hermes-as-young-man,h,-2,2,-1.5,0,0,1.3,0,1.8,0,0,0,-0.9,-107.9,12.4,0,0,16.7,0,0,0,,,,OPEN / DECLARE / UTTERANCE
163,327-328,13.583,odysseus,h,-2,2,4.5,180,0,-1.6,0,-0.2,0,2.4,0,0,-17.2,0,0,0,0,0,0,0,,,,WEIGHT SHIFT / HOLD / SCENE
163,327-328,13.583,hermes-as-young-man,A,-2,2,-1.5,0,0,1.3,0,1.7,0,0,0,-0.7,-105,11.5,0,0,12.9,0,0,0,,,,OPEN / DECLARE / UTTERANCE
164,329-330,13.667,odysseus,h,-2,2,4.5,180,0,-1.6,0,0,0,2.4,0,0,-17.2,0,0,0,0,0,0,0,,,,WEIGHT SHIFT / HOLD / SCENE
164,329-330,13.667,hermes-as-young-man,A,-2,2,-1.5,0,0,1.3,0,1.3,0,0,0,-0.5,-97.8,9.2,0,0,9.1,0,0,0,,,,OPEN / DECLARE / UTTERANCE
165,331-332,13.75,odysseus,h,-2,2,4.5,180,0,-1.6,0,0,0,2.3,0,0,-17.2,0,0,0,0,0,0,0,,,,LOOK / HOLD / SCENE
165,331-332,13.75,hermes-as-young-man,A,-2,2,-1.5,0,0,1.3,0,0.9,0,0,0,-0.3,-88.4,6.2,0,0,5.6,0,0,0,,,,OPEN / DECLARE / UTTERANCE
166,333-334,13.833,odysseus,A,-2,2,4.5,180,0,-1.6,0,0,0,2.3,0,2.9,-17.2,0,0,0,0,0,0,0,,,,LOOK / HOLD / SCENE
166,333-334,13.833,hermes-as-young-man,A,-2,2,-1.5,0,0,1.3,0,0.5,0,0,0,-0.1,-78.9,3.2,0,0,2.7,0,0,0,,,,OPEN / DECLARE / UTTERANCE
167,335-336,13.917,odysseus,h,-2,2,4.5,180,0,-1.5,0,0,0,2.2,0,1.3,-17.2,0,0,0,0,0,0,0,,,,LOOK / HOLD / SCENE
167,335-336,13.917,hermes-as-young-man,A,-2,2,-1.5,0,0,1.3,0,0.1,0,0,0,0,-71.7,0.9,0,0,0.7,0,0,0,,,,OPEN / DECLARE / UTTERANCE
168,337-338,14,odysseus,h,-2,2,4.5,180,0,-1.5,0,0,0,2.2,0,0.3,-17.2,0,0,0,0,0,0,0,,,,LOOK / HOLD / SCENE
168,337-338,14,hermes-as-young-man,A,-2,2,-1.5,0,0,1.3,0,0,0,0,0,0,-68.8,0,0,0,0,0,0,0,,,,WEIGHT SHIFT / HOLD / SCENE
169,339-340,14.083,odysseus,h,-2,2,4.5,180,0,-1.5,0,0,0,2.1,0,0,-17.2,0,0,0,0,0,0,0,,,,LOOK / HOLD / SCENE
169,339-340,14.083,hermes-as-young-man,A,-2,2,-1.5,0,0,1,0,0,0,0.3,0,0,-68.8,0,0,0,0,0,0,0,,,,WEIGHT SHIFT / HOLD / SCENE
170,341-342,14.167,odysseus,h,-2,2,4.5,180,0,-1.5,0,0,0,2.1,0,0,-17.2,0,0,0,0,0,0,0,,,,LOOK / HOLD / SCENE
170,341-342,14.167,hermes-as-young-man,A,-2,2,-1.5,0,0,0.2,0,0,0,0.9,0,0,-68.8,0,0,0,0,0,0,0,,,,WEIGHT SHIFT / HOLD / SCENE
171,343-344,14.25,odysseus,h,-2,2,4.5,180,0,-1.4,0,0,0,2.1,0,0,-17.2,0,0,0,0,0,0,0,,,,LOOK / HOLD / SCENE
171,343-344,14.25,hermes-as-young-man,A,-2,2,-1.5,0,0,-0.7,-0.1,0,0,1.7,0,0,-68.8,0,0,0,0,0,0,0,,,,LOOK / HOLD / SCENE
172,345-346,14.333,odysseus,h,-2,2,4.5,180,0,-1.4,0,0,0,2,0,0,-17.2,0,0,0,0,0,0,0,,,,WEIGHT SHIFT / HOLD / SCENE
172,345-346,14.333,hermes-as-young-man,A,-2,2,-1.5,0,0,-1.4,-0.1,0,0,2.3,0,2.9,-68.8,0,0,0,0,0,0,0,,,,LOOK / HOLD / SCENE
173,347-348,14.417,odysseus,h,-2,2,4.5,180,0,-1.4,0,0,0,2,0,0,-17.2,0,0,0,0,0,0,0,,,,WEIGHT SHIFT / HOLD / SCENE
173,347-348,14.417,hermes-as-young-man,h,-2,2,-1.5,0,0,-1.7,-0.1,0,0,2.6,0,1.3,-68.8,0,0,0,0,0,0,0,,,,LOOK / HOLD / SCENE
174,349-350,14.5,odysseus,h,-2,2,4.5,180,0,-1.4,0,0,0,1.9,0,0,-17.2,0,0,0,0,0,0,0,,,,WEIGHT SHIFT / HOLD / SCENE
174,349-350,14.5,hermes-as-young-man,h,-2,2,-1.5,0,0,-1.7,0,0,0,2.5,0,0.3,-68.8,0,0,0,0,0,0,0,,,,LOOK / HOLD / SCENE
175,351-352,14.583,odysseus,h,-2,2,4.5,180,0,-1.3,0,0,0,1.9,0,0,-17.2,0,0,0,0,0,0,0,,,,WEIGHT SHIFT / HOLD / SCENE
175,351-352,14.583,hermes-as-young-man,h,-2,2,-1.5,0,0,-1.7,0,0,0,2.5,0,0,-68.8,0,0,0,0,0,0,0,,,,LOOK / HOLD / SCENE
176,353-354,14.667,odysseus,h,-2,2,4.5,180,0,-1.3,0,0,0,1.8,0,0,-17.2,0,0,0,0,0,0,0,,,,WEIGHT SHIFT / HOLD / SCENE
176,353-354,14.667,hermes-as-young-man,h,-2,2,-1.5,0,0,-1.6,0,0,0,2.4,0,0,-68.8,0,0,0,0,0,0,0,,,,LOOK / HOLD / SCENE
177,355-356,14.75,odysseus,h,-2,2,4.5,180,0,-1.3,0,0,0,1.8,0,0,-17.2,0,0,0,0,0,0,0,,,,WEIGHT SHIFT / HOLD / SCENE
177,355-356,14.75,hermes-as-young-man,h,-2,2,-1.5,0,0,-1.6,0,0,0,2.4,0,0,-68.8,0,0,0,0,0,0,0,,,,LOOK / HOLD / SCENE
178,357-358,14.833,odysseus,h,-2,2,4.5,180,0,-1.3,0,0,0,1.7,0,0,-17.2,0,0,0,0,0,0,0,,,,LISTEN / SCENE / SCENE
178,357-358,14.833,hermes-as-young-man,h,-2,2,-1.5,0,0,-1.6,0,0,0,2.4,0,0,-68.8,0,0,0,0,0,0,0,,,,WEIGHT SHIFT / HOLD / SCENE
179,359-360,14.917,odysseus,h,-2,2,4.5,180,0,-1.3,0,0,0,1.7,0,0,-17.2,0,0,0,0,0,0,0,,,,LISTEN / SCENE / SCENE
179,359-360,14.917,hermes-as-young-man,h,-2,2,-1.5,0,0,-1.6,0,0,0,2.3,0,0,-68.8,0,0,0,0,0,0,0,,,,WEIGHT SHIFT / HOLD / SCENE
180,361-362,15,odysseus,h,-2,2,4.5,180,0,-1.3,0,0,0,1.7,0,0,-17.2,0,0,0,0,0,0,0,,,,LISTEN / SCENE / SCENE
180,361-362,15,hermes-as-young-man,h,-2,2,-1.5,0,0,-1.6,0,0,0,2.3,0,0,-68.8,0,0,0,0,0,0,0,,,,WEIGHT SHIFT / HOLD / SCENE
181,363-364,15.083,odysseus,h,-2,2,4.5,180,0,-1.3,0,0,0,1.7,0,0,-17.2,0,0,0,0,0,0,0,,,,LISTEN / SCENE / SCENE
181,363-364,15.083,hermes-as-young-man,h,-2,2,-1.5,0,0,-1.5,0,0,0,2.2,0,0,-68.8,0,0,0,0,0,0,0,,,,WEIGHT SHIFT / HOLD / SCENE
182,365-366,15.167,odysseus,h,-2,2,4.5,180,0,-1.3,0,0,0,1.7,0,0,-17.2,0,0,0,0,0,0,0,,,,LISTEN / SCENE / SCENE
182,365-366,15.167,hermes-as-young-man,h,-2,2,-1.5,0,0,-1.5,0,0,0,2.2,0,0,-68.8,0,0,0,0,0,0,0,,,,WEIGHT SHIFT / HOLD / SCENE
183,367-368,15.25,odysseus,h,-2,2,4.5,180,0,-1.3,0,0,0,1.7,0,0,-17.2,0,0,0,0,0,0,0,,,,LISTEN / SCENE / SCENE
183,367-368,15.25,hermes-as-young-man,h,-2,2,-1.5,0,0,-1.5,0,0,0,2.1,0,0,-68.8,0,0,0,0,0,0,0,,,,WEIGHT SHIFT / HOLD / SCENE
184,369-370,15.333,odysseus,h,-2,2,4.5,180,0,-1.3,0,0,0,1.7,0,0,-17.2,0,0,0,0,0,0,0,,,,LISTEN / SCENE / SCENE
184,369-370,15.333,hermes-as-young-man,h,-2,2,-1.5,0,0,-1.5,0,0,0,2.1,0,0,-68.8,0,0,0,0,0,0,0,,,,WEIGHT SHIFT / HOLD / SCENE
185,371-372,15.417,odysseus,h,-2,2,4.5,180,0,-1.3,0,0,0,1.7,0,0,-17.2,0,0,0,0,0,0,0,,,,LISTEN / SCENE / SCENE
185,371-372,15.417,hermes-as-young-man,h,-2,2,-1.5,0,0,-1.4,0,0,0,2,0,0,-68.8,0,0,0,0,0,0,0,,,,WEIGHT SHIFT / HOLD / SCENE
186,373-374,15.5,odysseus,h,-2,2,4.5,180,0,-1.3,0,0,0,1.7,0,0,-17.2,0,0,0,0,0,0,0,,,,LISTEN / SCENE / SCENE
186,373-374,15.5,hermes-as-young-man,h,-2,2,-1.5,0,0,-1.4,0,0,0,2,0,0,-68.8,0,0,0,0,0,0,0,,,,WEIGHT SHIFT / HOLD / SCENE
187,375-376,15.583,odysseus,h,-2,2,4.5,180,0,-1.3,0,0,0,1.7,0,0,-17.2,0,0,0,0,0,0,0,,,,LISTEN / SCENE / SCENE
187,375-376,15.583,hermes-as-young-man,h,-2,2,-1.5,0,0,-1.4,0,0,0,1.9,0,0,-68.8,0,0,0,0,0,0,0,,,,WEIGHT SHIFT / HOLD / SCENE
188,377-378,15.667,odysseus,h,-2,2,4.5,180,0,-1.3,0,0,0,1.7,0,0,-17.2,0,0,0,0,0,0,0,,,,LISTEN / SCENE / SCENE
188,377-378,15.667,hermes-as-young-man,h,-2,2,-1.5,0,0,-1.4,0,0,0,1.9,0,0,-68.8,0,0,0,0,0,0,0,,,,WEIGHT SHIFT / HOLD / SCENE
189,379-380,15.75,odysseus,h,-2,2,4.5,180,0,-1.3,0,0,0,1.7,0,0,-17.2,0,0,0,0,0,0,0,,,,LISTEN / SCENE / SCENE
189,379-380,15.75,hermes-as-young-man,h,-2,2,-1.5,0,0,-1.3,0,0,0,1.9,0,0,-68.8,0,0,0,0,0,0,0,,,,NOD / DECLARE / UTTERANCE
190,381-382,15.833,odysseus,h,-2,2,4.5,180,0,-1.3,0,0,0,1.7,0,0,-17.2,0,0,0,0,0,0,0,,,,LISTEN / SCENE / SCENE
190,381-382,15.833,hermes-as-young-man,h,-2,2,-1.5,0,0,-1.3,0,0,0,1.8,0,1.9,-68.8,0,0,0,0,0,0,0,,,,NOD / DECLARE / UTTERANCE
191,383-384,15.917,odysseus,h,-2,2,4.5,180,0,-1.3,0,0,0,1.7,0,0,-17.2,0,0,0,0,0,0,0,,,,LISTEN / SCENE / SCENE
191,383-384,15.917,hermes-as-young-man,h,-2,2,-1.5,0,0,-1.3,0,0,0,1.8,0,3.1,-68.8,0,0,0,0,0,0,0,,,,NOD / DECLARE / UTTERANCE
192,385-386,16,odysseus,h,-2,2,4.5,180,0,-1.3,0,0,0,1.7,0,0,-17.2,0,0,0,0,0,0,0,,,,LISTEN / SCENE / SCENE
192,385-386,16,hermes-as-young-man,A,-2,2,-1.5,0,0,-1.3,0,-1.2,0,1.7,0,1.5,-63,5.9,0,0,1.4,0,0,0,,,,OPEN / DECLARE / UTTERANCE
193,387-388,16.083,odysseus,h,-2,2,4.5,180,0,-1.3,0,0,0,1.7,0,0,-17.2,0,0,0,0,0,0,0,,,,LISTEN / SCENE / SCENE
193,387-388,16.083,hermes-as-young-man,A,-2,2,-1.5,0,0,-1.3,0,-1.5,0,1.7,0,0,-61,10.6,0,0,5.1,0,0,0,,,,OPEN / DECLARE / UTTERANCE
194,389-390,16.167,odysseus,h,-2,2,4.5,180,0,-1.3,0,0,0,1.7,0,0,-17.2,0,0,0,0,0,0,0,,,,LISTEN / SCENE / SCENE
194,389-390,16.167,hermes-as-young-man,A,-2,2,-1.5,0,0,-1.3,0,0.7,0,1.7,0,-1.7,-92.5,13.9,0,0,10.1,0,0,0,,,,OPEN / DECLARE / UTTERANCE
195,391-392,16.25,odysseus,h,-2,2,4.5,180,0,-1.3,0,0,0,1.7,0,0,-17.2,0,0,0,0,0,0,0,,,,LISTEN / SCENE / SCENE
195,391-392,16.25,hermes-as-young-man,A,-2,2,-1.5,0,0,-1.3,0,2.1,0,1.7,0,-2.5,-111.4,15.8,0,0,15.6,0,0,0,,,,OPEN / DECLARE / UTTERANCE
196,393-394,16.333,odysseus,h,-2,2,4.5,180,0,-1.3,0,0,0,1.7,0,0,-17.2,0,0,0,0,0,0,0,,,,LISTEN / SCENE / SCENE
196,393-394,16.333,hermes-as-young-man,A,-2,2,-1.5,0,0,-1.3,0,2.6,0,1.7,0,-2.3,-117.7,16.5,0,0,20.7,0,0,0,,,,OPEN / DECLARE / UTTERANCE
197,395-396,16.417,odysseus,h,-2,2,4.5,180,0,-1.3,0,0,0,1.7,0,0,-17.2,0,0,0,0,0,0,0,,,,LISTEN / SCENE / SCENE
197,395-396,16.417,hermes-as-young-man,h,-2,2,-1.5,0,0,-1.3,0,2.4,0,1.7,0,-2.1,-116.1,15.8,0,0,24.4,0,0,0,,,,OPEN / DECLARE / UTTERANCE
198,397-398,16.5,odysseus,h,-2,2,4.5,180,0,-1.3,0,0,0,1.7,0,0,-17.2,0,0,0,0,0,0,0,,,,LISTEN / SCENE / SCENE
198,397-398,16.5,hermes-as-young-man,h,-2,2,-1.5,0,0,-1.3,0,2.3,0,1.7,0,-1.9,-114.5,15.1,0,0,25.8,0,0,0,,,,OPEN / DECLARE / UTTERANCE
199,399-400,16.583,odysseus,h,-2,2,4.5,180,0,-1.3,0,0,0,1.7,0,0,-17.2,0,0,0,0,0,0,0,,,,LISTEN / SCENE / SCENE
199,399-400,16.583,hermes-as-young-man,h,-2,2,-1.5,0,0,-1.3,0,2.2,0,1.7,0,-1.7,-112.8,14.4,0,0,25.1,0,0,0,,,,OPEN / DECLARE / UTTERANCE
200,401-402,16.667,odysseus,h,-2,2,4.5,180,0,-1.3,0,0,0,1.7,0,0,-17.2,0,0,0,0,0,0,0,,,,LISTEN / SCENE / SCENE
200,401-402,16.667,hermes-as-young-man,h,-2,2,-1.5,0,0,-1.3,0,2.1,0,1.7,0,-1.4,-111.2,13.8,0,0,23.1,0,0,0,,,,OPEN / DECLARE / UTTERANCE
201,403-404,16.75,odysseus,h,-2,2,4.5,180,0,-1.3,0,0,0,1.7,0,0,-17.2,0,0,0,0,0,0,0,,,,LISTEN / SCENE / SCENE
201,403-404,16.75,hermes-as-young-man,h,-2,2,-1.5,0,0,-1.3,0,1.9,0,1.7,0,-1.2,-109.6,13.1,0,0,20.2,0,0,0,,,,OPEN / DECLARE / UTTERANCE
202,405-406,16.833,odysseus,h,-2,2,4.5,180,0,-1.3,0,0,0,1.7,0,0,-17.2,0,0,0,0,0,0,0,,,,LISTEN / SCENE / SCENE
202,405-406,16.833,hermes-as-young-man,h,-2,2,-1.5,0,0,-1.3,0,1.8,0,1.7,0,-0.9,-107.9,12.4,0,0,16.7,0,0,0,,,,OPEN / DECLARE / UTTERANCE
203,407-408,16.917,odysseus,h,-2,2,4.5,180,0,-1.3,0,0,0,1.7,0,0,-17.2,0,0,0,0,0,0,0,,,,LISTEN / SCENE / SCENE
203,407-408,16.917,hermes-as-young-man,A,-2,2,-1.5,0,0,-1.3,0,1.7,0,1.7,0,-0.7,-105,11.5,0,0,12.9,0,0,0,,,,OPEN / DECLARE / UTTERANCE
204,409-410,17,odysseus,h,-2,2,4.5,180,0,-1.3,0,0,0,1.7,0,0,-17.2,0,0,0,0,0,0,0,,,,WEIGHT SHIFT / HOLD / SCENE
204,409-410,17,hermes-as-young-man,A,-2,2,-1.5,0,0,-1.3,0,1.3,0,1.7,0,-0.5,-97.8,9.2,0,0,9.1,0,0,0,,,,OPEN / DECLARE / UTTERANCE
205,411-412,17.083,odysseus,h,-2,2,4.5,180,0,-1,0,0,0,1.3,0,0,-17.2,0,0,0,0,0,0,0,,,,LOOK / HOLD / SCENE
205,411-412,17.083,hermes-as-young-man,A,-2,2,-1.5,0,0,-1.3,0,0.9,0,1.7,0,-0.3,-88.4,6.2,0,0,5.6,0,0,0,,,,OPEN / DECLARE / UTTERANCE
206,413-414,17.167,odysseus,A,-2,2,4.5,180,0,-0.2,0,0,0,0.2,0,2.9,-17.2,0,0,0,0,0,0,0,,,,LOOK / HOLD / SCENE
206,413-414,17.167,hermes-as-young-man,A,-2,2,-1.5,0,0,-1.3,0,0.5,0,1.7,0,-0.1,-78.9,3.2,0,0,2.7,0,0,0,,,,OPEN / DECLARE / UTTERANCE
207,415-416,17.25,odysseus,A,-2,2,4.5,180,0,0.7,-0.1,0,0,-1.1,0,1.6,-17.2,0,0,0,0,0,0,0,,,,LOOK / HOLD / SCENE
207,415-416,17.25,hermes-as-young-man,A,-2,2,-1.5,0,0,-1.3,0,0.1,0,1.7,0,2.8,-71.7,0.9,0,0,0.7,0,0,0,,,,LOOK / HOLD / SCENE
208,417-418,17.333,odysseus,A,-2,2,4.5,180,0,1.4,-0.1,0,0,-2.1,0,0.7,-17.2,0,0,0,0,0,0,0,,,,LOOK / HOLD / SCENE
208,417-418,17.333,hermes-as-young-man,A,-2,2,-1.5,0,0,-1.3,0,0,0,1.7,0,1.3,-68.8,0,0,0,0,0,0,0,,,,LOOK / HOLD / SCENE
209,419-420,17.417,odysseus,h,-2,2,4.5,180,0,1.7,-0.1,0,0,-2.6,0,0.2,-17.2,0,0,0,0,0,0,0,,,,LOOK / HOLD / SCENE
209,419-420,17.417,hermes-as-young-man,h,-2,2,-1.5,0,0,-1.3,0,0,0,1.7,0,0.3,-68.8,0,0,0,0,0,0,0,,,,LOOK / HOLD / SCENE
210,421-422,17.5,odysseus,h,-2,2,4.5,180,0,1.7,0,0,0,-2.5,0,0,-17.2,0,0,0,0,0,0,0,,,,LOOK / HOLD / SCENE
210,421-422,17.5,hermes-as-young-man,h,-2,2,-1.5,0,0,-1.3,0,0,0,1.7,0,0,-68.8,0,0,0,0,0,0,0,,,,LOOK / HOLD / SCENE
211,423-424,17.583,odysseus,h,-2,2,4.5,180,0,1.7,0,0,0,-2.5,0,0,-17.2,0,0,0,0,0,0,0,,,,LOOK / HOLD / SCENE
211,423-424,17.583,hermes-as-young-man,h,-2,2,-1.5,0,0,-1.3,0,0,0,1.7,0,0,-68.8,0,0,0,0,0,0,0,,,,LOOK / HOLD / SCENE
212,425-426,17.667,odysseus,h,-2,2,4.5,180,0,1.6,0,0,0,-2.4,0,0,-17.2,0,0,0,0,0,0,0,,,,LOOK / HOLD / SCENE
212,425-426,17.667,hermes-as-young-man,h,-2,2,-1.5,0,0,-1.3,0,0,0,1.7,0,0,-68.8,0,0,0,0,0,0,0,,,,LOOK / HOLD / SCENE
213,427-428,17.75,odysseus,h,-2,2,4.5,180,0,1.6,0,0,0,-2.4,0,0,-17.2,0,0,0,0,0,0,0,,,,LOOK / HOLD / SCENE
213,427-428,17.75,hermes-as-young-man,h,-2,2,-1.5,0,0,-1.3,0,0,0,1.7,0,0,-68.8,0,0,0,0,0,0,0,,,,LOOK / HOLD / SCENE
214,429-430,17.833,odysseus,h,-2,2,4.5,180,0,1.6,0,0,0,-2.4,0,0,-17.2,0,0,0,0,0,0,0,,,,WEIGHT SHIFT / HOLD / SCENE
214,429-430,17.833,hermes-as-young-man,h,-2,2,-1.5,0,0,-1.3,0,0,0,1.7,0,0,-68.8,0,0,0,0,0,0,0,,,,DECLARE / UTTERANCE / SCENE
215,431-432,17.917,odysseus,h,-2,2,4.5,180,0,1.6,0,0,0,-2.3,0,0,-17.2,0,0,0,0,0,0,0,,,,WEIGHT SHIFT / HOLD / SCENE
215,431-432,17.917,hermes-as-young-man,h,-2,2,-1.5,0,0,-1.3,0,0,0,1.7,0,0,-68.8,0,0,0,0,0,0,0,,,,DECLARE / UTTERANCE / SCENE
216,433-434,18,odysseus,h,-2,2,4.5,180,0,1.6,0,0,0,-2.3,0,0,-17.2,0,0,0,0,0,0,0,,,,WEIGHT SHIFT / HOLD / SCENE
216,433-434,18,hermes-as-young-man,A,-2,2,-1.5,0,0,-1.3,0,-1.2,0,1.7,0,-1.4,-63,5,0,0,1.4,0,0,0,,,,NOD / DECLARE / UTTERANCE
217,435-436,18.083,odysseus,h,-2,2,4.5,180,0,1.5,0,0,0,-2.2,0,0,-17.2,0,0,0,0,0,0,0,,,,WEIGHT SHIFT / HOLD / SCENE
217,435-436,18.083,hermes-as-young-man,A,-2,2,-1.5,0,0,-1.3,0,-1.5,0,1.7,0,-0.4,-61,9.2,0,0,5.1,0,0,0,,,,NOD / DECLARE / UTTERANCE
218,437-438,18.167,odysseus,h,-2,2,4.5,180,0,1.5,0,0,0,-2.2,0,0,-17.2,0,0,0,0,0,0,0,,,,WEIGHT SHIFT / HOLD / SCENE
218,437-438,18.167,hermes-as-young-man,A,-2,2,-1.5,0,0,-1.3,0,0.3,0,1.7,0,0.5,-85.8,12.4,0,0,10.1,0,0,0,,,,NOD / DECLARE / UTTERANCE
219,439-440,18.25,odysseus,h,-2,2,4.5,180,0,1.5,0,0,0,-2.1,0,0,-17.2,0,0,0,0,0,0,0,,,,WEIGHT SHIFT / HOLD / SCENE
219,439-440,18.25,hermes-as-young-man,A,-2,2,-1.5,0,0,-1.3,0,1.5,0,1.7,0,0.9,-103.6,14.7,0,0,15.6,0,0,0,,,,NOD / DECLARE / UTTERANCE
220,441-442,18.333,odysseus,h,-2,2,4.5,180,0,1.5,0,0,0,-2.1,0,0,-17.2,0,0,0,0,0,0,0,,,,WEIGHT SHIFT / HOLD / SCENE
220,441-442,18.333,hermes-as-young-man,A,-2,2,-1.5,0,0,-1.3,0,2.3,0,1.7,0,0.1,-114.2,16,0,0,20.7,0,0,0,,,,NOD / DECLARE / UTTERANCE
221,443-444,18.417,odysseus,h,-2,2,4.5,180,0,1.4,0,0,0,-2,0,0,-17.2,0,0,0,0,0,0,0,,,,WEIGHT SHIFT / HOLD / SCENE
221,443-444,18.417,hermes-as-young-man,A,-2,2,-1.5,0,0,-1.3,0,2.6,0,1.7,0,-1.4,-117.7,16.5,0,0,24.4,0,0,0,,,,NOD / DECLARE / UTTERANCE
222,445-446,18.5,odysseus,h,-2,2,4.5,180,0,1.4,0,0,0,-2,0,0,-17.2,0,0,0,0,0,0,0,,,,WEIGHT SHIFT / HOLD / SCENE
222,445-446,18.5,hermes-as-young-man,h,-2,2,-1.5,0,0,-1.3,0,2.4,0,1.7,0,-2.1,-115.8,15.7,0,0,25.8,0,0,0,,,,NOD / DECLARE / UTTERANCE
223,447-448,18.583,odysseus,h,-2,2,4.5,180,0,1.4,0,0,0,-1.9,0,0,-17.2,0,0,0,0,0,0,0,,,,WEIGHT SHIFT / HOLD / SCENE
223,447-448,18.583,hermes-as-young-man,h,-2,2,-1.5,0,0,-1.3,0,2.3,0,1.7,0,-1.8,-113.8,14.9,0,0,25.1,0,0,0,,,,OPEN / DECLARE / UTTERANCE
224,449-450,18.667,odysseus,h,-2,2,4.5,180,0,1.4,0,0,0,-1.9,0,0,-17.2,0,0,0,0,0,0,0,,,,WEIGHT SHIFT / HOLD / SCENE
224,449-450,18.667,hermes-as-young-man,h,-2,2,-1.5,0,0,-1.3,0,2.1,0,1.7,0,-1.6,-111.9,14,0,0,23.1,0,0,0,,,,OPEN / DECLARE / UTTERANCE
225,451-452,18.75,odysseus,h,-2,2,4.5,180,0,1.3,0,0,0,-1.9,0,0,-17.2,0,0,0,0,0,0,0,,,,WEIGHT SHIFT / HOLD / SCENE
225,451-452,18.75,hermes-as-young-man,h,-2,2,-1.5,0,0,-1.3,0,2,0,1.7,0,-1.3,-109.9,13.2,0,0,20.2,0,0,0,,,,WEIGHT SHIFT / HOLD / SCENE
226,453-454,18.833,odysseus,h,-2,2,4.5,180,0,1.3,0,0,0,-1.8,0,0,-17.2,0,0,0,0,0,0,0,,,,WEIGHT SHIFT / HOLD / SCENE
226,453-454,18.833,hermes-as-young-man,A,-2,2,-1.5,0,0,-1,0,1.8,0,1.4,0,-1,-107.9,12.4,0,0,16.7,0,0,0,,,,WEIGHT SHIFT / HOLD / SCENE
227,455-456,18.917,odysseus,h,-2,2,4.5,180,0,1.3,0,0,0,-1.8,0,0,-17.2,0,0,0,0,0,0,0,,,,WEIGHT SHIFT / HOLD / SCENE
227,455-456,18.917,hermes-as-young-man,A,-2,2,-1.5,0,0,-0.5,0,1.7,0,0.6,0,-0.8,-105,11.5,0,0,12.9,0,0,0,,,,WEIGHT SHIFT / HOLD / SCENE
228,457-458,19,odysseus,h,-2,2,4.5,180,0,1.3,0,0,0,-1.7,0,0,-17.2,0,0,0,0,0,0,0,,,,WEIGHT SHIFT / HOLD / SCENE
228,457-458,19,hermes-as-young-man,A,-2,2,-1.5,0,0,0.2,0,1.3,0,-0.4,0,-0.5,-97.8,9.2,0,0,9.1,0,0,0,,,,WEIGHT SHIFT / HOLD / SCENE
229,459-460,19.083,odysseus,h,-2,2,4.5,180,0,1.3,0,0,0,-1.7,0,0,-17.2,0,0,0,0,0,0,0,,,,LISTEN / SCENE / SCENE
229,459-460,19.083,hermes-as-young-man,A,-2,2,-1.5,0,0,0.9,-0.1,0.9,0,-1.5,0,-0.3,-88.4,6.2,0,0,5.6,0,0,0,,,,WEIGHT SHIFT / HOLD / SCENE
230,461-462,19.167,odysseus,h,-2,2,4.5,180,0,1.3,0,0,0,-1.7,0,0,-17.2,0,0,0,0,0,0,0,,,,LISTEN / SCENE / SCENE
230,461-462,19.167,hermes-as-young-man,A,-2,2,-1.5,0,0,1.5,-0.1,0.5,0,-2.3,0,-0.1,-78.9,3.2,0,0,2.7,0,0,0,,,,WEIGHT SHIFT / HOLD / SCENE
231,463-464,19.25,odysseus,h,-2,2,4.5,180,0,1.3,0,0,0,-1.7,0,0,-17.2,0,0,0,0,0,0,0,,,,LISTEN / SCENE / SCENE
231,463-464,19.25,hermes-as-young-man,A,-2,2,-1.5,0,0,1.7,-0.1,0.1,0,-2.6,0,0,-71.7,0.9,0,0,0.7,0,0,0,,,,WEIGHT SHIFT / HOLD / SCENE
232,465-466,19.333,odysseus,h,-2,2,4.5,180,0,1.3,0,0,0,-1.7,0,0,-17.2,0,0,0,0,0,0,0,,,,LISTEN / SCENE / SCENE
232,465-466,19.333,hermes-as-young-man,h,-2,2,-1.5,0,0,1.7,0,0,0,-2.5,0,0,-68.8,0,0,0,0,0,0,0,,,,WEIGHT SHIFT / HOLD / SCENE
233,467-468,19.417,odysseus,h,-2,2,4.5,180,0,1.3,0,0,0,-1.7,0,0,-17.2,0,0,0,0,0,0,0,,,,LISTEN / SCENE / SCENE
233,467-468,19.417,hermes-as-young-man,h,-2,2,-1.5,0,0,1.7,0,0,0,-2.5,0,0,-68.8,0,0,0,0,0,0,0,,,,WEIGHT SHIFT / HOLD / SCENE
234,469-470,19.5,odysseus,h,-2,2,4.5,180,0,1.3,0,0,0,-1.7,0,0,-17.2,0,0,0,0,0,0,0,,,,LISTEN / SCENE / SCENE
234,469-470,19.5,hermes-as-young-man,h,-2,2,-1.5,0,0,1.6,0,0,0,-2.4,0,0,-68.8,0,0,0,0,0,0,0,,,,WEIGHT SHIFT / HOLD / SCENE
235,471-472,19.583,odysseus,h,-2,2,4.5,180,0,1.3,0,0,0,-1.7,0,0,-17.2,0,0,0,0,0,0,0,,,,LISTEN / SCENE / SCENE
235,471-472,19.583,hermes-as-young-man,h,-2,2,-1.5,0,0,1.6,0,0,0,-2.4,0,0,-68.8,0,0,0,0,0,0,0,,,,WEIGHT SHIFT / HOLD / SCENE
236,473-474,19.667,odysseus,h,-2,2,4.5,180,0,1.3,0,0,0,-1.7,0,0,-17.2,0,0,0,0,0,0,0,,,,LISTEN / SCENE / SCENE
236,473-474,19.667,hermes-as-young-man,h,-2,2,-1.5,0,0,1.6,0,0,0,-2.3,0,0,-68.8,0,0,0,0,0,0,0,,,,WEIGHT SHIFT / HOLD / SCENE
237,475-476,19.75,odysseus,h,-2,2,4.5,180,0,1.3,0,0,0,-1.7,0,0,-17.2,0,0,0,0,0,0,0,,,,LISTEN / SCENE / SCENE
237,475-476,19.75,hermes-as-young-man,h,-2,2,-1.5,0,0,1.6,0,0,0,-2.3,0,0,-68.8,0,0,0,0,0,0,0,,,,WEIGHT SHIFT / HOLD / SCENE
238,477-478,19.833,odysseus,h,-2,2,4.5,180,0,1.3,0,0,0,-1.7,0,0,-17.2,0,0,0,0,0,0,0,,,,LISTEN / SCENE / SCENE
238,477-478,19.833,hermes-as-young-man,h,-2,2,-1.5,0,0,1.5,0,0,0,-2.2,0,0,-68.8,0,0,0,0,0,0,0,,,,WEIGHT SHIFT / HOLD / SCENE
239,479-480,19.917,odysseus,h,-2,2,4.5,180,0,1.3,0,0,0,-1.7,0,0,-17.2,0,0,0,0,0,0,0,,,,LISTEN / SCENE / SCENE
239,479-480,19.917,hermes-as-young-man,h,-2,2,-1.5,0,0,1.5,0,0,0,-2.2,0,0,-68.8,0,0,0,0,0,0,0,,,,WEIGHT SHIFT / HOLD / SCENE
240,481-482,20,odysseus,h,-2,2,4.5,180,0,1.3,0,0,0,-1.7,0,0,-17.2,0,0,0,0,0,0,0,,,,LISTEN / SCENE / SCENE
240,481-482,20,hermes-as-young-man,h,-2,2,-1.5,0,0,1.5,0,0,0,-2.1,0,0,-68.8,0,0,0,0,0,0,0,,,,WEIGHT SHIFT / HOLD / SCENE
241,483-484,20.083,odysseus,h,-2,2,4.5,180,0,1.3,0,0,0,-1.7,0,0,-17.2,0,0,0,0,0,0,0,,,,LISTEN / SCENE / SCENE
241,483-484,20.083,hermes-as-young-man,h,-2,2,-1.5,0,0,1.5,0,0,0,-2.1,0,0,-68.8,0,0,0,0,0,0,0,,,,WEIGHT SHIFT / HOLD / SCENE
242,485-486,20.167,odysseus,h,-2,2,4.5,180,0,1.3,0,0,0,-1.7,0,0,-17.2,0,0,0,0,0,0,0,,,,LISTEN / SCENE / SCENE
242,485-486,20.167,hermes-as-young-man,h,-2,2,-1.5,0,0,1.4,0,0,0,-2.1,0,0,-68.8,0,0,0,0,0,0,0,,,,WEIGHT SHIFT / HOLD / SCENE
243,487-488,20.25,odysseus,h,-2,2,4.5,180,0,1.3,0,0,0,-1.7,0,0,-17.2,0,0,0,0,0,0,0,,,,LISTEN / SCENE / SCENE
243,487-488,20.25,hermes-as-young-man,h,-2,2,-1.5,0,0,1.4,0,0,0,-2,0,0,-68.8,0,0,0,0,0,0,0,,,,WEIGHT SHIFT / HOLD / SCENE
244,489-490,20.333,odysseus,h,-2,2,4.5,180,0,1.3,0,0,0,-1.7,0,0,-17.2,0,0,0,0,0,0,0,,,,LISTEN / SCENE / SCENE
244,489-490,20.333,hermes-as-young-man,h,-2,2,-1.5,0,0,1.4,0,0,0,-2,0,0,-68.8,0,0,0,0,0,0,0,,,,WEIGHT SHIFT / HOLD / SCENE
245,491-492,20.417,odysseus,h,-2,2,4.5,180,0,1.3,0,0,0,-1.7,0,0,-17.2,0,0,0,0,0,0,0,,,,LISTEN / SCENE / SCENE
245,491-492,20.417,hermes-as-young-man,h,-2,2,-1.5,0,0,1.4,0,0,0,-1.9,0,0,-68.8,0,0,0,0,0,0,0,,,,WEIGHT SHIFT / HOLD / SCENE
246,493-494,20.5,odysseus,h,-2,2,4.5,180,0,1.3,0,0,0,-1.7,0,0,-17.2,0,0,0,0,0,0,0,,,,LISTEN / SCENE / SCENE
246,493-494,20.5,hermes-as-young-man,h,-2,2,-1.5,0,0,1.3,0,0,0,-1.9,0,0,-68.8,0,0,0,0,0,0,0,,,,WEIGHT SHIFT / HOLD / SCENE
247,495-496,20.583,odysseus,h,-2,2,4.5,180,0,1.3,0,0,0,-1.7,0,0,-17.2,0,0,0,0,0,0,0,,,,LISTEN / SCENE / SCENE
247,495-496,20.583,hermes-as-young-man,h,-2,2,-1.5,0,0,1.3,0,0,0,-1.8,0,0,-68.8,0,0,0,0,0,0,0,,,,WEIGHT SHIFT / HOLD / SCENE
248,497-498,20.667,odysseus,h,-2,2,4.5,180,0,1.3,0,0,0,-1.7,0,0,-17.2,0,0,0,0,0,0,0,,,,LISTEN / SCENE / SCENE
248,497-498,20.667,hermes-as-young-man,h,-2,2,-1.5,0,0,1.3,0,0,0,-1.8,0,0,-68.8,0,0,0,0,0,0,0,,,,WEIGHT SHIFT / HOLD / SCENE
249,499-500,20.75,odysseus,h,-2,2,4.5,180,0,1.3,0,0,0,-1.7,0,0,-17.2,0,0,0,0,0,0,0,,,,LISTEN / SCENE / SCENE
249,499-500,20.75,hermes-as-young-man,A,-2,2,-1.5,0,0,1.3,0,-1.2,0,-1.7,0,1.4,-63,5,0,0,1.1,0,0,0,,,,LOOK / HOLD / SCENE
250,501-502,20.833,odysseus,h,-2,2,4.5,180,0,1.3,0,0,0,-1.7,0,0,-17.2,0,0,0,0,0,0,0,,,,LISTEN / SCENE / SCENE
250,501-502,20.833,hermes-as-young-man,A,-2,2,-1.5,0,0,1.3,0,-1.5,0,-1.7,0,-1,-61,9.2,0,0,4,0,0,0,,,,NOD / DECLARE / UTTERANCE
251,503-504,20.917,odysseus,h,-2,2,4.5,180,0,1.3,0,0,0,-1.7,0,0,-17.2,0,0,0,0,0,0,0,,,,LISTEN / SCENE / SCENE
251,503-504,20.917,hermes-as-young-man,A,-2,2,-1.5,0,0,1.3,0,0.3,0,-1.7,0,0.3,-85.8,12.4,0,0,8.2,0,0,0,,,,NOD / DECLARE / UTTERANCE
252,505-506,21,odysseus,R,-2,2,4.5,180,0,1.3,0,0,0,-1.7,0,2.9,-17.2,0,0,0,0,0,0,0,,,,LOOK / HOLD / SCENE
252,505-506,21,hermes-as-young-man,A,-2,2,-1.5,0,0,1.3,0,1.5,0,-1.7,0,0.9,-103.6,14.7,0,0,12.9,0,0,0,,,,NOD / DECLARE / UTTERANCE
253,507-508,21.083,odysseus,R,-2,2,4.5,180,0,1.3,0,0,0,-1.7,0,1.3,-17.2,0,0,0,0,0,0,0,,,,LOOK / HOLD / SCENE
253,507-508,21.083,hermes-as-young-man,A,-2,2,-1.5,0,0,1.3,0,2.3,0,-1.7,0,0.1,-114.2,16,0,0,17.6,0,0,0,,,,NOD / DECLARE / UTTERANCE
254,509-510,21.167,odysseus,h,-2,2,4.5,180,0,1.3,0,0,0,-1.7,0,0.3,-17.2,0,0,0,0,0,0,0,,,,LOOK / HOLD / SCENE
254,509-510,21.167,hermes-as-young-man,A,-2,2,-1.5,0,0,1.3,0,2.6,0,-1.7,0,-1.4,-117.7,16.5,0,0,21.8,0,0,0,,,,NOD / DECLARE / UTTERANCE
255,511-512,21.25,odysseus,h,-2,2,4.5,180,0,1,0,0,0,-1.3,0,0,-17.2,0,0,0,0,0,0,0,,,,WEIGHT SHIFT / HOLD / SCENE
255,511-512,21.25,hermes-as-young-man,h,-2,2,-1.5,0,0,1.3,0,2.4,0,-1.7,0,-2.1,-115.8,15.7,0,0,24.7,0,0,0,,,,NOD / DECLARE / UTTERANCE
256,513-514,21.333,odysseus,A,-2,2,4.5,180,0,0.2,0,0,0,-0.2,0,0,-17.2,0,0,0,0,0,0,0,,,,WEIGHT SHIFT / HOLD / SCENE
256,513-514,21.333,hermes-as-young-man,h,-2,2,-1.5,0,0,1.3,0,2.3,0,-1.7,0,-1.8,-113.8,14.9,0,0,25.8,0,0,0,,,,OPEN / DECLARE / UTTERANCE
257,515-516,21.417,odysseus,A,-2,2,4.5,180,0,-0.7,-0.1,0,0,1.1,0,0,-17.2,0,0,0,0,0,0,0,,,,WEIGHT SHIFT / HOLD / SCENE
257,515-516,21.417,hermes-as-young-man,h,-2,2,-1.5,0,0,1.3,0,2.1,0,-1.7,0,-1.6,-111.9,14,0,0,24.9,0,0,0,,,,OPEN / DECLARE / UTTERANCE
258,517-518,21.5,odysseus,A,-2,2,4.5,180,0,-1.4,-0.1,0,0,2.1,0,0,-17.2,0,0,0,0,0,0,0,,,,WEIGHT SHIFT / HOLD / SCENE
258,517-518,21.5,hermes-as-young-man,h,-2,2,-1.5,0,0,1.3,0,2,0,-1.7,0,-1.3,-109.9,13.2,0,0,22.5,0,0,0,,,,OPEN / DECLARE / UTTERANCE
259,519-520,21.583,odysseus,h,-2,2,4.5,180,0,-1.7,-0.1,0,0,2.6,0,0,-17.2,0,0,0,0,0,0,0,,,,WEIGHT SHIFT / HOLD / SCENE
259,519-520,21.583,hermes-as-young-man,h,-2,2,-1.5,0,0,1.3,0,1.8,0,-1.7,0,-1,-107.9,12.4,0,0,19.1,0,0,0,,,,OPEN / DECLARE / UTTERANCE
260,521-522,21.667,odysseus,h,-2,2,4.5,180,0,-1.7,0,0,0,2.5,0,0,-17.2,0,0,0,0,0,0,0,,,,WEIGHT SHIFT / HOLD / SCENE
260,521-522,21.667,hermes-as-young-man,A,-2,2,-1.5,0,0,1.3,0,1.7,0,-1.7,0,-0.8,-105,11.5,0,0,15,0,0,0,,,,OPEN / DECLARE / UTTERANCE
261,523-524,21.75,odysseus,h,-2,2,4.5,180,0,-1.7,0,0,0,2.5,0,0,-17.2,0,0,0,0,0,0,0,,,,WEIGHT SHIFT / HOLD / SCENE
261,523-524,21.75,hermes-as-young-man,A,-2,2,-1.5,0,0,1.3,0,1.3,0,-1.7,0,-0.5,-97.8,9.2,0,0,10.8,0,0,0,,,,OPEN / DECLARE / UTTERANCE
262,525-526,21.833,odysseus,h,-2,2,4.5,180,0,-1.6,0,0,0,2.4,0,0,-17.2,0,0,0,0,0,0,0,,,,WEIGHT SHIFT / HOLD / SCENE
262,525-526,21.833,hermes-as-young-man,A,-2,2,-1.5,0,0,1.3,0,0.9,0,-1.7,0,-0.3,-88.4,6.2,0,0,6.7,0,0,0,,,,OPEN / DECLARE / UTTERANCE
263,527-528,21.917,odysseus,h,-2,2,4.5,180,0,-1.6,0,0,0,2.4,0,0,-17.2,0,0,0,0,0,0,0,,,,WEIGHT SHIFT / HOLD / SCENE
263,527-528,21.917,hermes-as-young-man,A,-2,2,-1.5,0,0,1.3,0,0.5,0,-1.7,0,-0.1,-78.9,3.2,0,0,3.3,0,0,0,,,,OPEN / DECLARE / UTTERANCE
264,529-530,22,odysseus,h,-2,2,4.5,180,0,-1.6,0,0,0,2.4,0,0,-17.2,0,0,0,0,0,0,0,,,,WEIGHT SHIFT / HOLD / SCENE
264,529-530,22,hermes-as-young-man,A,-2,2,-1.5,0,0,1,0,0.1,0,-1.3,0,0,-71.7,0.9,0,0,0.9,0,0,0,,,,WEIGHT SHIFT / HOLD / SCENE
265,531-532,22.083,odysseus,h,-2,2,4.5,180,0,-1.6,0,0,0,2.3,0,0,-17.2,0,0,0,0,0,0,0,,,,WEIGHT SHIFT / HOLD / SCENE
265,531-532,22.083,hermes-as-young-man,A,-2,2,-1.5,0,0,0.2,0,0,0,-0.2,0,0,-68.8,0,0,0,0,0,0,0,,,,WEIGHT SHIFT / HOLD / SCENE
266,533-534,22.167,odysseus,h,-2,2,4.5,180,0,-1.6,0,0,0,2.3,0,0,-17.2,0,0,0,0,0,0,0,,,,WEIGHT SHIFT / HOLD / SCENE
266,533-534,22.167,hermes-as-young-man,A,-2,2,-1.5,0,0,-0.7,-0.1,0,0,1.1,0,0,-68.8,0,0,0,0,0,0,0,,,,WEIGHT SHIFT / HOLD / SCENE
267,535-536,22.25,odysseus,h,-2,2,4.5,180,0,-1.5,0,0,0,2.2,0,0,-17.2,0,0,0,0,0,0,0,,,,WEIGHT SHIFT / HOLD / SCENE
267,535-536,22.25,hermes-as-young-man,A,-2,2,-1.5,0,0,-1.4,-0.1,0,0,2.1,0,0,-68.8,0,0,0,0,0,0,0,,,,WEIGHT SHIFT / HOLD / SCENE
268,537-538,22.333,odysseus,h,-2,2,4.5,180,0,-1.5,0,0,0,2.2,0,0,-17.2,0,0,0,0,0,0,0,,,,WEIGHT SHIFT / HOLD / SCENE
268,537-538,22.333,hermes-as-young-man,h,-2,2,-1.5,0,0,-1.7,-0.1,0,0,2.6,0,0,-68.8,0,0,0,0,0,0,0,,,,WEIGHT SHIFT / HOLD / SCENE
269,539-540,22.417,odysseus,h,-2,2,4.5,180,0,-1.5,0,0,0,2.1,0,0,-17.2,0,0,0,0,0,0,0,,,,WEIGHT SHIFT / HOLD / SCENE
269,539-540,22.417,hermes-as-young-man,h,-2,2,-1.5,0,0,-1.7,0,0,0,2.5,0,0,-68.8,0,0,0,0,0,0,0,,,,WEIGHT SHIFT / HOLD / SCENE
270,541-542,22.5,odysseus,h,-2,2,4.5,180,0,-1.5,0,0,0,2.1,0,0,-17.2,0,0,0,0,0,0,0,,,,WEIGHT SHIFT / HOLD / SCENE
270,541-542,22.5,hermes-as-young-man,h,-2,2,-1.5,0,0,-1.7,0,0,0,2.5,0,0,-68.8,0,0,0,0,0,0,0,,,,WEIGHT SHIFT / HOLD / SCENE
271,543-544,22.583,odysseus,h,-2,2,4.5,180,0,-1.4,0,0,0,2,0,0,-17.2,0,0,0,0,0,0,0,,,,WEIGHT SHIFT / HOLD / SCENE
271,543-544,22.583,hermes-as-young-man,h,-2,2,-1.5,0,0,-1.6,0,0,0,2.4,0,0,-68.8,0,0,0,0,0,0,0,,,,WEIGHT SHIFT / HOLD / SCENE
272,545-546,22.667,odysseus,h,-2,2,4.5,180,0,-1.4,0,0,0,2,0,0,-17.2,0,0,0,0,0,0,0,,,,WEIGHT SHIFT / HOLD / SCENE
272,545-546,22.667,hermes-as-young-man,h,-2,2,-1.5,0,0,-1.6,0,0,0,2.4,0,0,-68.8,0,0,0,0,0,0,0,,,,WEIGHT SHIFT / HOLD / SCENE
273,547-548,22.75,odysseus,h,-2,2,4.5,180,0,-1.4,0,0,0,1.9,0,0,-17.2,0,0,0,0,0,0,0,,,,WEIGHT SHIFT / HOLD / SCENE
273,547-548,22.75,hermes-as-young-man,h,-2,2,-1.5,0,0,-1.6,0,0,0,2.4,0,0,-68.8,0,0,0,0,0,0,0,,,,WEIGHT SHIFT / HOLD / SCENE
274,549-550,22.833,odysseus,h,-2,2,4.5,180,0,-1.4,0,0,0,1.9,0,0,-17.2,0,0,0,0,0,0,0,,,,WEIGHT SHIFT / HOLD / SCENE
274,549-550,22.833,hermes-as-young-man,h,-2,2,-1.5,0,0,-1.6,0,0,0,2.3,0,0,-68.8,0,0,0,0,0,0,0,,,,WEIGHT SHIFT / HOLD / SCENE
275,551-552,22.917,odysseus,h,-2,2,4.5,180,0,-1.3,0,0,0,1.9,0,0,-17.2,0,0,0,0,0,0,0,,,,WEIGHT SHIFT / HOLD / SCENE
275,551-552,22.917,hermes-as-young-man,h,-2,2,-1.5,0,0,-1.6,0,0,0,2.3,0,0,-68.8,0,0,0,0,0,0,0,,,,WEIGHT SHIFT / HOLD / SCENE
276,553-554,23,odysseus,h,-2,2,4.5,180,0,-1.3,0,0,0,1.8,0,0,-17.2,0,0,0,0,0,0,0,,,,WEIGHT SHIFT / HOLD / SCENE
276,553-554,23,hermes-as-young-man,h,-2,2,-1.5,0,0,-1.5,0,0,0,2.2,0,0,-68.8,0,0,0,0,0,0,0,,,,WEIGHT SHIFT / HOLD / SCENE
277,555-556,23.083,odysseus,h,-2,2,4.5,180,0,-1.3,0,0,0,1.8,0,0,-17.2,0,0,0,0,0,0,0,,,,WEIGHT SHIFT / HOLD / SCENE
277,555-556,23.083,hermes-as-young-man,h,-2,2,-1.5,0,0,-1.5,0,0,0,2.2,0,0,-68.8,0,0,0,0,0,0,0,,,,WEIGHT SHIFT / HOLD / SCENE
278,557-558,23.167,odysseus,h,-2,2,4.5,180,0,-1.3,0,0,0,1.7,0,0,-17.2,0,0,0,0,0,0,0,,,,WEIGHT SHIFT / HOLD / SCENE
278,557-558,23.167,hermes-as-young-man,h,-2,2,-1.5,0,0,-1.5,0,0,0,2.1,0,0,-68.8,0,0,0,0,0,0,0,,,,WEIGHT SHIFT / HOLD / SCENE
279,559-560,23.25,odysseus,h,-2,2,4.5,180,0,-1.3,0,0,0,1.7,0,0,-17.2,0,0,0,0,0,0,0,,,,LISTEN / SCENE / SCENE
279,559-560,23.25,hermes-as-young-man,h,-2,2,-1.5,0,0,-1.5,0,0,0,2.1,0,0,-68.8,0,0,0,0,0,0,0,,,,WEIGHT SHIFT / HOLD / SCENE
280,561-562,23.333,odysseus,h,-2,2,4.5,180,0,-1.3,0,0,0,1.7,0,0,-17.2,0,0,0,0,0,0,0,,,,LISTEN / SCENE / SCENE
280,561-562,23.333,hermes-as-young-man,h,-2,2,-1.5,0,0,-1.4,0,0,0,2,0,0,-68.8,0,0,0,0,0,0,0,,,,WEIGHT SHIFT / HOLD / SCENE
281,563-564,23.417,odysseus,h,-2,2,4.5,180,0,-1.3,0,0,0,1.7,0,0,-17.2,0,0,0,0,0,0,0,,,,LISTEN / SCENE / SCENE
281,563-564,23.417,hermes-as-young-man,h,-2,2,-1.5,0,0,-1.4,0,0,0,2,0,0,-68.8,0,0,0,0,0,0,0,,,,WEIGHT SHIFT / HOLD / SCENE
282,565-566,23.5,odysseus,h,-2,2,4.5,180,0,-1.3,0,0,0,1.7,0,0,-17.2,0,0,0,0,0,0,0,,,,LISTEN / SCENE / SCENE
282,565-566,23.5,hermes-as-young-man,h,-2,2,-1.5,0,0,-1.4,0,0,0,1.9,0,0,-68.8,0,0,0,0,0,0,0,,,,WEIGHT SHIFT / HOLD / SCENE
283,567-568,23.583,odysseus,h,-2,2,4.5,180,0,-1.3,0,0,0,1.7,0,0,-17.2,0,0,0,0,0,0,0,,,,LISTEN / SCENE / SCENE
283,567-568,23.583,hermes-as-young-man,h,-2,2,-1.5,0,0,-1.4,0,0,0,1.9,0,0,-68.8,0,0,0,0,0,0,0,,,,WEIGHT SHIFT / HOLD / SCENE
284,569-570,23.667,odysseus,h,-2,2,4.5,180,0,-1.3,0,0,0,1.7,0,0,-17.2,0,0,0,0,0,0,0,,,,LISTEN / SCENE / SCENE
284,569-570,23.667,hermes-as-young-man,h,-2,2,-1.5,0,0,-1.3,0,0,0,1.9,0,0,-68.8,0,0,0,0,0,0,0,,,,WEIGHT SHIFT / HOLD / SCENE
285,571-572,23.75,odysseus,h,-2,2,4.5,180,0,-1.3,0,0,0,1.7,0,0,-17.2,0,0,0,0,0,0,0,,,,LISTEN / SCENE / SCENE
285,571-572,23.75,hermes-as-young-man,h,-2,2,-1.5,0,0,-1.3,0,0,0,1.8,0,0,-68.8,0,0,0,0,0,0,0,,,,WEIGHT SHIFT / HOLD / SCENE
286,573-574,23.833,odysseus,h,-2,2,4.5,180,0,-1.3,0,0,0,1.7,0,0,-17.2,0,0,0,0,0,0,0,,,,LOOK / HOLD / SCENE
286,573-574,23.833,hermes-as-young-man,h,-2,2,-1.5,0,0,-1.3,0,0,0,1.8,0,0,-68.8,0,0,0,0,0,0,0,,,,WEIGHT SHIFT / HOLD / SCENE
287,575-576,23.917,odysseus,A,-2,2,4.5,180,0,-1.3,0,0,0,1.7,0,2.9,-17.2,0,0,0,0,0,0,0,,,,LOOK / HOLD / SCENE
287,575-576,23.917,hermes-as-young-man,h,-2,2,-1.5,0,0,-1.3,0,0,0,1.7,0,0,-68.8,0,0,0,0,0,0,0,,,,WEIGHT SHIFT / HOLD / SCENE
288,577-578,24,odysseus,h,-2,2,4.5,180,0,-1.3,0,0,0,1.7,0,1.6,-17.2,0,0,0,0,0,0,0,,,,LOOK / HOLD / SCENE
288,577-578,24,hermes-as-young-man,h,-2,2,-1.5,0,0,-1.3,0,0,0,1.7,0,0,-68.8,0,0,0,0,0,0,0,,,,DECLARE / UTTERANCE / SCENE
289,579-580,24.083,odysseus,h,-2,2,4.5,180,0,-1.3,0,0,0,1.7,0,0.7,-17.2,0,0,0,0,0,0,0,,,,LOOK / HOLD / SCENE
289,579-580,24.083,hermes-as-young-man,h,-2,2,-1.5,0,0,-1.3,0,0,0,1.7,0,0,-68.8,0,0,0,0,0,0,0,,,,DECLARE / UTTERANCE / SCENE
290,581-582,24.167,odysseus,h,-2,2,4.5,180,0,-1.3,0,0,0,1.7,0,0.2,-17.2,0,0,0,0,0,0,0,,,,LOOK / HOLD / SCENE
290,581-582,24.167,hermes-as-young-man,h,-2,2,-1.5,0,0,-1.3,0,0,0,1.7,0,0,-68.8,0,0,0,0,0,0,0,,,,DECLARE / UTTERANCE / SCENE
291,583-584,24.25,odysseus,h,-2,2,4.5,180,0,-1.3,0,0,0,1.7,0,0,-17.2,0,0,0,0,0,0,0,,,,LOOK / HOLD / SCENE
291,583-584,24.25,hermes-as-young-man,h,-2,2,-1.5,0,0,-1.3,0,0,0,1.7,0,0,-68.8,0,0,0,0,0,0,0,,,,DECLARE / UTTERANCE / SCENE
292,585-586,24.333,odysseus,h,-2,2,4.5,180,0,-1.3,0,0,0,1.7,0,0,-17.2,0,0,0,0,0,0,0,,,,LOOK / HOLD / SCENE
292,585-586,24.333,hermes-as-young-man,h,-2,2,-1.5,0,0,-1.3,0,0,0,1.7,0,0,-68.8,0,0,0,0,0,0,0,,,,DECLARE / UTTERANCE / SCENE
293,587-588,24.417,odysseus,h,-2,2,4.5,180,0,-1.3,0,0,0,1.7,0,0,-17.2,0,0,0,0,0,0,0,,,,LOOK / HOLD / SCENE
293,587-588,24.417,hermes-as-young-man,h,-2,2,-1.5,0,0,-1.3,0,0,0,1.7,0,0,-68.8,0,0,0,0,0,0,0,,,,DECLARE / UTTERANCE / SCENE
294,589-590,24.5,odysseus,h,-2,2,4.5,180,0,-1.3,0,0,0,1.7,0,0,-17.2,0,0,0,0,0,0,0,,,,LOOK / HOLD / SCENE
294,589-590,24.5,hermes-as-young-man,A,-2,2,-1.5,0,0,-1.3,0,0,0,1.7,0,2.9,-68.8,0,0,0,0,0,0,0,,,,LOOK / HOLD / SCENE
295,591-592,24.583,odysseus,h,-2,2,4.5,180,0,-1.3,0,0,0,1.7,0,0,-17.2,0,0,0,0,0,0,0,,,,LISTEN / SCENE / SCENE
295,591-592,24.583,hermes-as-young-man,h,-2,2,-1.5,0,0,-1.3,0,0,0,1.7,0,1.3,-68.8,0,0,0,0,0,0,0,,,,LOOK / HOLD / SCENE
296,593-594,24.667,odysseus,h,-2,2,4.5,180,0,-1.3,0,0,0,1.7,0,0,-17.2,0,0,0,0,0,0,0,,,,LISTEN / SCENE / SCENE
296,593-594,24.667,hermes-as-young-man,h,-2,2,-1.5,0,0,-1.3,0,0,0,1.7,0,0.3,-68.8,0,0,0,0,0,0,0,,,,LOOK / HOLD / SCENE
297,595-596,24.75,odysseus,h,-2,2,4.5,180,0,-1.3,0,0,0,1.7,0,0,-17.2,0,0,0,0,0,0,0,,,,LISTEN / SCENE / SCENE
297,595-596,24.75,hermes-as-young-man,h,-2,2,-1.5,0,0,-1.3,0,0,0,1.7,0,0,-68.8,0,0,0,0,0,0,0,,,,LOOK / HOLD / SCENE
298,597-598,24.833,odysseus,h,-2,2,4.5,180,0,-1.3,0,0,0,1.7,0,0,-17.2,0,0,0,0,0,0,0,,,,LISTEN / SCENE / SCENE
298,597-598,24.833,hermes-as-young-man,h,-2,2,-1.5,0,0,-1.3,0,0,0,1.7,0,0,-68.8,0,0,0,0,0,0,0,,,,LOOK / HOLD / SCENE
299,599-600,24.917,odysseus,h,-2,2,4.5,180,0,-1.3,0,0,0,1.7,0,0,-17.2,0,0,0,0,0,0,0,,,,LISTEN / SCENE / SCENE
299,599-600,24.917,hermes-as-young-man,h,-2,2,-1.5,0,0,-1.3,0,0,0,1.7,0,0,-68.8,0,0,0,0,0,0,0,,,,LOOK / HOLD / SCENE
300,601-602,25,odysseus,h,-2,2,4.5,180,0,-1.3,0,0,0,1.7,0,0,-17.2,0,0,0,0,0,0,0,,,,LISTEN / SCENE / SCENE
300,601-602,25,hermes-as-young-man,h,-2,2,-1.5,0,0,-1.3,0,0,0,1.7,0,0,-68.8,0,0,0,0,0,0,0,,,,LOOK / HOLD / SCENE
301,603-604,25.083,odysseus,h,-2,2,4.5,180,0,-1.3,0,0,0,1.7,0,0,-17.2,0,0,0,0,0,0,0,,,,LISTEN / SCENE / SCENE
301,603-604,25.083,hermes-as-young-man,h,-2,2,-1.5,0,0,-1.3,0,0,0,1.7,0,0,-68.8,0,0,0,0,0,0,0,,,,OPEN / DECLARE / UTTERANCE
302,605-606,25.167,odysseus,h,-2,2,4.5,180,0,-1.3,0,0,0,1.7,0,0,-17.2,0,0,0,0,0,0,0,,,,LISTEN / SCENE / SCENE
302,605-606,25.167,hermes-as-young-man,A,-2,2,-1.5,0,0,-1.3,0,-1.2,0,1.7,0,1.1,-63,5,0,0,1.1,0,0,0,,,,OPEN / DECLARE / UTTERANCE
303,607-608,25.25,odysseus,h,-2,2,4.5,180,0,-1.3,0,0,0,1.7,0,0,-17.2,0,0,0,0,0,0,0,,,,LISTEN / SCENE / SCENE
303,607-608,25.25,hermes-as-young-man,A,-2,2,-1.5,0,0,-1.3,0,-1.5,0,1.7,0,1.1,-61,9.2,0,0,4,0,0,0,,,,OPEN / DECLARE / UTTERANCE
304,609-610,25.333,odysseus,h,-2,2,4.5,180,0,-1.3,0,0,0,1.7,0,0,-17.2,0,0,0,0,0,0,0,,,,LISTEN / SCENE / SCENE
304,609-610,25.333,hermes-as-young-man,A,-2,2,-1.5,0,0,-1.3,0,0.3,0,1.7,0,0.3,-85.8,12.4,0,0,8.2,0,0,0,,,,OPEN / DECLARE / UTTERANCE
305,611-612,25.417,odysseus,h,-2,2,4.5,180,0,-1.3,0,0,0,1.7,0,0,-17.2,0,0,0,0,0,0,0,,,,LISTEN / SCENE / SCENE
305,611-612,25.417,hermes-as-young-man,A,-2,2,-1.5,0,0,-1.3,0,1.5,0,1.7,0,-0.8,-103.6,14.7,0,0,12.9,0,0,0,,,,OPEN / DECLARE / UTTERANCE
306,613-614,25.5,odysseus,h,-2,2,4.5,180,0,-1.3,0,0,0,1.7,0,0,-17.2,0,0,0,0,0,0,0,,,,LISTEN / SCENE / SCENE
306,613-614,25.5,hermes-as-young-man,A,-2,2,-1.5,0,0,-1.3,0,2.3,0,1.7,0,-1.9,-114.2,16,0,0,17.6,0,0,0,,,,OPEN / DECLARE / UTTERANCE
307,615-616,25.583,odysseus,h,-2,2,4.5,180,0,-1.3,0,0,0,1.7,0,0,-17.2,0,0,0,0,0,0,0,,,,LISTEN / SCENE / SCENE
307,615-616,25.583,hermes-as-young-man,A,-2,2,-1.5,0,0,-1.3,0,2.6,0,1.7,0,-2.3,-117.7,16.5,0,0,21.8,0,0,0,,,,OPEN / DECLARE / UTTERANCE
308,617-618,25.667,odysseus,h,-2,2,4.5,180,0,-1.3,0,0,0,1.7,0,0,-17.2,0,0,0,0,0,0,0,,,,LISTEN / SCENE / SCENE
308,617-618,25.667,hermes-as-young-man,h,-2,2,-1.5,0,0,-1.3,0,2.4,0,1.7,0,-2.1,-115.8,15.7,0,0,24.7,0,0,0,,,,OPEN / DECLARE / UTTERANCE
309,619-620,25.75,odysseus,h,-2,2,4.5,180,0,-1.3,0,0,0,1.7,0,0,-17.2,0,0,0,0,0,0,0,,,,WEIGHT SHIFT / HOLD / SCENE
309,619-620,25.75,hermes-as-young-man,h,-2,2,-1.5,0,0,-1.3,0,2.3,0,1.7,0,-1.8,-113.8,14.9,0,0,25.8,0,0,0,,,,OPEN / DECLARE / UTTERANCE
310,621-622,25.833,odysseus,h,-2,2,4.5,180,0,-1,0,0,0,1.4,0,0,-17.2,0,0,0,0,0,0,0,,,,WEIGHT SHIFT / HOLD / SCENE
310,621-622,25.833,hermes-as-young-man,h,-2,2,-1.5,0,0,-1.3,0,2.1,0,1.7,0,-1.6,-111.9,14,0,0,24.9,0,0,0,,,,OPEN / DECLARE / UTTERANCE
311,623-624,25.917,odysseus,h,-2,2,4.5,180,0,-0.5,0,0,0,0.6,0,0,-17.2,0,0,0,0,0,0,0,,,,WEIGHT SHIFT / HOLD / SCENE
311,623-624,25.917,hermes-as-young-man,h,-2,2,-1.5,0,0,-1.3,0,2,0,1.7,0,-1.3,-109.9,13.2,0,0,22.5,0,0,0,,,,OPEN / DECLARE / UTTERANCE
312,625-626,26,odysseus,R,-2,2,4.5,180,0,0.2,0,0,0,-0.4,0,0,-17.2,0,0,0,0,0,0,0,,,,WEIGHT SHIFT / HOLD / SCENE
312,625-626,26,hermes-as-young-man,h,-2,2,-1.5,0,0,-1.3,0,1.8,0,1.7,0,-1,-107.9,12.4,0,0,19.1,0,0,0,,,,OPEN / DECLARE / UTTERANCE
313,627-628,26.083,odysseus,R,-2,2,4.5,180,0,0.9,-0.1,0,0,-1.5,0,0,-17.2,0,0,0,0,0,0,0,,,,WEIGHT SHIFT / HOLD / SCENE
313,627-628,26.083,hermes-as-young-man,A,-2,2,-1.5,0,0,-1.3,0,1.7,0,1.7,0,-0.8,-105,11.5,0,0,15,0,0,0,,,,OPEN / DECLARE / UTTERANCE
314,629-630,26.167,odysseus,h,-2,2,4.5,180,0,1.5,-0.1,0,0,-2.3,0,0,-17.2,0,0,0,0,0,0,0,,,,WEIGHT SHIFT / HOLD / SCENE
314,629-630,26.167,hermes-as-young-man,A,-2,2,-1.5,0,0,-1.3,0,1.3,0,1.7,0,-0.5,-97.8,9.2,0,0,10.8,0,0,0,,,,OPEN / DECLARE / UTTERANCE
315,631-632,26.25,odysseus,h,-2,2,4.5,180,0,1.7,-0.1,0,0,-2.6,0,0,-17.2,0,0,0,0,0,0,0,,,,WEIGHT SHIFT / HOLD / SCENE
315,631-632,26.25,hermes-as-young-man,A,-2,2,-1.5,0,0,-1.3,0,0.9,0,1.7,0,-0.3,-88.4,6.2,0,0,6.7,0,0,0,,,,OPEN / DECLARE / UTTERANCE
316,633-634,26.333,odysseus,h,-2,2,4.5,180,0,1.7,0,0,0,-2.5,0,0,-17.2,0,0,0,0,0,0,0,,,,WEIGHT SHIFT / HOLD / SCENE
316,633-634,26.333,hermes-as-young-man,A,-2,2,-1.5,0,0,-1.3,0,0.5,0,1.7,0,-0.1,-78.9,3.2,0,0,3.3,0,0,0,,,,OPEN / DECLARE / UTTERANCE
317,635-636,26.417,odysseus,h,-2,2,4.5,180,0,1.7,0,0,0,-2.5,0,0,-17.2,0,0,0,0,0,0,0,,,,WEIGHT SHIFT / HOLD / SCENE
317,635-636,26.417,hermes-as-young-man,A,-2,2,-1.5,0,0,-1.3,0,0.1,0,1.7,0,0,-71.7,0.9,0,0,0.9,0,0,0,,,,OPEN / DECLARE / UTTERANCE
318,637-638,26.5,odysseus,h,-2,2,4.5,180,0,1.6,0,0,0,-2.4,0,0,-17.2,0,0,0,0,0,0,0,,,,WEIGHT SHIFT / HOLD / SCENE
318,637-638,26.5,hermes-as-young-man,A,-2,2,-1.5,0,0,-1.3,0,0,0,1.7,0,0,-68.8,0,0,0,0,0,0,0,,,,OPEN / DECLARE / UTTERANCE
319,639-640,26.583,odysseus,h,-2,2,4.5,180,0,1.6,0,0,0,-2.4,0,0,-17.2,0,0,0,0,0,0,0,,,,WEIGHT SHIFT / HOLD / SCENE
319,639-640,26.583,hermes-as-young-man,h,-2,2,-1.5,0,0,-1.3,0,0,0,1.7,0,0,-68.8,0,0,0,0,0,0,0,,,,DECLARE / UTTERANCE / SCENE
320,641-642,26.667,odysseus,h,-2,2,4.5,180,0,1.6,0,0,0,-2.3,0,0,-17.2,0,0,0,0,0,0,0,,,,WEIGHT SHIFT / HOLD / SCENE
320,641-642,26.667,hermes-as-young-man,h,-2,2,-1.5,0,0,-1.3,0,0,0,1.7,0,0,-68.8,0,0,0,0,0,0,0,,,,DECLARE / UTTERANCE / SCENE
321,643-644,26.75,odysseus,h,-2,2,4.5,180,0,1.6,0,0,0,-2.3,0,0,-17.2,0,0,0,0,0,0,0,,,,WEIGHT SHIFT / HOLD / SCENE
321,643-644,26.75,hermes-as-young-man,h,-2,2,-1.5,0,0,-1,0,0,0,1.3,0,0,-68.8,0,0,0,0,0,0,0,,,,WEIGHT SHIFT / HOLD / SCENE
322,645-646,26.833,odysseus,h,-2,2,4.5,180,0,1.5,0,0,0,-2.2,0,0,-17.2,0,0,0,0,0,0,0,,,,WEIGHT SHIFT / HOLD / SCENE
322,645-646,26.833,hermes-as-young-man,A,-2,2,-1.5,0,0,-0.2,0,0,0,0.2,0,0,-68.8,0,0,0,0,0,0,0,,,,WEIGHT SHIFT / HOLD / SCENE
323,647-648,26.917,odysseus,h,-2,2,4.5,180,0,1.5,0,0,0,-2.2,0,0,-17.2,0,0,0,0,0,0,0,,,,WEIGHT SHIFT / HOLD / SCENE
323,647-648,26.917,hermes-as-young-man,A,-2,2,-1.5,0,0,0.7,-0.1,0,0,-1.1,0,0,-68.8,0,0,0,0,0,0,0,,,,WEIGHT SHIFT / HOLD / SCENE
324,649-650,27,odysseus,h,-2,2,4.5,180,0,1.5,0,0,0,-2.1,0,0,-17.2,0,0,0,0,0,0,0,,,,WEIGHT SHIFT / HOLD / SCENE
324,649-650,27,hermes-as-young-man,A,-2,2,-1.5,0,0,1.4,-0.1,0,0,-2.1,0,0,-68.8,0,0,0,0,0,0,0,,,,WEIGHT SHIFT / HOLD / SCENE
325,651-652,27.083,odysseus,h,-2,2,4.5,180,0,1.5,0,0,0,-2.1,0,0,-17.2,0,0,0,0,0,0,0,,,,WEIGHT SHIFT / HOLD / SCENE
325,651-652,27.083,hermes-as-young-man,h,-2,2,-1.5,0,0,1.7,-0.1,0,0,-2.6,0,0,-68.8,0,0,0,0,0,0,0,,,,WEIGHT SHIFT / HOLD / SCENE
326,653-654,27.167,odysseus,h,-2,2,4.5,180,0,1.4,0,0,0,-2.1,0,0,-17.2,0,0,0,0,0,0,0,,,,WEIGHT SHIFT / HOLD / SCENE
326,653-654,27.167,hermes-as-young-man,h,-2,2,-1.5,0,0,1.7,0,0,0,-2.5,0,0,-68.8,0,0,0,0,0,0,0,,,,WEIGHT SHIFT / HOLD / SCENE
327,655-656,27.25,odysseus,h,-2,2,4.5,180,0,1.4,0,0,0,-2,0,0,-17.2,0,0,0,0,0,0,0,,,,WEIGHT SHIFT / HOLD / SCENE
327,655-656,27.25,hermes-as-young-man,h,-2,2,-1.5,0,0,1.7,0,0,0,-2.5,0,0,-68.8,0,0,0,0,0,0,0,,,,WEIGHT SHIFT / HOLD / SCENE
328,657-658,27.333,odysseus,h,-2,2,4.5,180,0,1.4,0,0,0,-2,0,0,-17.2,0,0,0,0,0,0,0,,,,LOOK / HOLD / SCENE
328,657-658,27.333,hermes-as-young-man,h,-2,2,-1.5,0,0,1.6,0,0,0,-2.4,0,0,-68.8,0,0,0,0,0,0,0,,,,WEIGHT SHIFT / HOLD / SCENE
329,659-660,27.417,odysseus,A,-2,2,4.5,180,0,1.4,0,0,0,-1.9,0,2.9,-17.2,0,0,0,0,0,0,0,,,,LOOK / HOLD / SCENE
329,659-660,27.417,hermes-as-young-man,h,-2,2,-1.5,0,0,1.6,0,0,0,-2.4,0,0,-68.8,0,0,0,0,0,0,0,,,,WEIGHT SHIFT / HOLD / SCENE
330,661-662,27.5,odysseus,h,-2,2,4.5,180,0,1.3,0,0,0,-1.9,0,1.3,-17.2,0,0,0,0,0,0,0,,,,LOOK / HOLD / SCENE
330,661-662,27.5,hermes-as-young-man,h,-2,2,-1.5,0,0,1.6,0,0,0,-2.4,0,0,-68.8,0,0,0,0,0,0,0,,,,WEIGHT SHIFT / HOLD / SCENE
331,663-664,27.583,odysseus,h,-2,2,4.5,180,0,1.3,0,0,0,-1.8,0,0.3,-17.2,0,0,0,0,0,0,0,,,,LOOK / HOLD / SCENE
331,663-664,27.583,hermes-as-young-man,h,-2,2,-1.5,0,0,1.6,0,0,0,-2.3,0,0,-68.8,0,0,0,0,0,0,0,,,,WEIGHT SHIFT / HOLD / SCENE
332,665-666,27.667,odysseus,h,-2,2,4.5,180,0,1.3,0,0,0,-1.8,0,0,-17.2,0,0,0,0,0,0,0,,,,LOOK / HOLD / SCENE
332,665-666,27.667,hermes-as-young-man,h,-2,2,-1.5,0,0,1.6,0,0,0,-2.3,0,0,-68.8,0,0,0,0,0,0,0,,,,WEIGHT SHIFT / HOLD / SCENE
333,667-668,27.75,odysseus,h,-2,2,4.5,180,0,1.3,0,0,0,-1.7,0,0,-17.2,0,0,0,0,0,0,0,,,,LOOK / HOLD / SCENE
333,667-668,27.75,hermes-as-young-man,h,-2,2,-1.5,0,0,1.5,0,0,0,-2.2,0,0,-68.8,0,0,0,0,0,0,0,,,,LOOK / HOLD / SCENE
334,669-670,27.833,odysseus,h,-2,2,4.5,180,0,1.3,0,0,0,-1.7,0,0,-17.2,0,0,0,0,0,0,0,,,,LOOK / HOLD / SCENE
334,669-670,27.833,hermes-as-young-man,A,-2,2,-1.5,0,0,1.5,0,0,0,-2.2,0,2.9,-68.8,0,0,0,0,0,0,0,,,,LOOK / HOLD / SCENE
335,671-672,27.917,odysseus,h,-2,2,4.5,180,0,1.3,0,0,0,-1.7,0,0,-17.6,0,0,0,0,0,0,0,,,,LOOK / HOLD / SCENE
335,671-672,27.917,hermes-as-young-man,A,-2,2,-1.5,0,0,1.5,0,0,0,-2.1,0,1.3,-68.9,0,0,0,0,0,0,0,,,,LOOK / HOLD / SCENE
336,673-674,28,odysseus,A,-2,2,4.4,180,0,1.3,0,0,0,-1.7,0,0,-20.1,0,0,0,0,0,0,0,,,,LISTEN / SCENE / SCENE
336,673-674,28,hermes-as-young-man,A,-2,2,-1.4,0,0,1.5,0,0,0,-2.1,0,0.3,-70.1,0,0,0,0,0,0,0,,,,LOOK / HOLD / SCENE
337,675-676,28.083,odysseus,A,-2,2,4.4,180,0,1.3,0,0,0,-1.7,0,0,-24.5,0,0,0,0,0,0,0,,,,LISTEN / SCENE / SCENE
337,675-676,28.083,hermes-as-young-man,A,-2,2,-1.4,0,0,1.4,0,0,0,-2,0,0,-72,0,0,0,0,0,0,0,,,,LOOK / HOLD / SCENE
338,677-678,28.167,odysseus,A,-2,2,4.2,180,0,1.3,0,0,0,-1.7,0,0,-30.3,0,0,0,0,0,0,0,,,,LISTEN / SCENE / SCENE
338,677-678,28.167,hermes-as-young-man,A,-2,2,-1.2,0,0,1.4,0,0,0,-2,0,0,-74.6,0,0,0,0,0,0,0,,,,LOOK / HOLD / SCENE
339,679-680,28.25,odysseus,A,-2,2,4.1,180,0,1.3,0,0,0,-1.7,0,0,-37,0,0,0,0,0,0,0,,,,LISTEN / SCENE / SCENE
339,679-680,28.25,hermes-as-young-man,A,-2,2,-1.1,0,0,1.4,0,0,0,-1.9,0,2.9,-77.6,0,0,0,0,0,0,0,,,,LOOK / DECLARE / UTTERANCE
340,681-682,28.333,odysseus,A,-2,2,4,180,0,1.3,0,0,0,-1.7,0,0,-44.1,0,0,0,0,0,0,0,,,,LISTEN / SCENE / SCENE
340,681-682,28.333,hermes-as-young-man,A,-2,2,-1,0,0,1.4,0,0,0,-1.9,0,1.3,-80.7,0,0,0,0,0,0,0,,,,LOOK / DECLARE / UTTERANCE
341,683-684,28.417,odysseus,A,-2,2,3.8,180,0,1.3,0,0,0,-1.7,0,0,-51.2,0,0,0,0,0,0,0,,,,LISTEN / SCENE / SCENE
341,683-684,28.417,hermes-as-young-man,A,-2,2,-0.8,0,0,1.3,0,0,0,-1.9,0,0.3,-83.8,0,0,0,0,0,0,0,,,,LOOK / DECLARE / UTTERANCE
342,685-686,28.5,odysseus,A,-2,2,3.7,180,0,1.3,0,0,0,-1.7,0,0,-57.6,0,0,0,0,0,0,0,,,,LISTEN / UTTERANCE
342,685-686,28.5,hermes-as-young-man,A,-2,2,-0.7,0,0,1.3,0,0,0,-1.8,0,0,-86.7,0,0,0,0,0,0,0,,,,CHOP / TOOL_WORK / SCENE
343,687-688,28.583,odysseus,A,-2,2,3.6,180,0,1.3,0,0,0,-1.7,0,0,-63,0,0,0,0,0,0,0,,,,LISTEN / UTTERANCE
343,687-688,28.583,hermes-as-young-man,A,-2,2,-0.6,0,0,1.3,0,-0.2,0,-1.8,0,0,-91.4,0,-5.5,0,0,0,0,0,,,,POINT / DECLARE / UTTERANCE
344,689-690,28.667,odysseus,A,-2,2,3.5,180,0,1.3,0,0,0,-1.7,0,0,-66.9,0,0,0,0,0,0,0,,,,LISTEN / UTTERANCE
344,689-690,28.667,hermes-as-young-man,A,-2,2,-0.5,0,0,1.3,0,-1.5,0,-1.7,0,-2.5,-84.3,1.8,-22,0,0,0,0,0,,,,POINT / DECLARE / UTTERANCE
345,691-692,28.75,odysseus,A,-2,2,3.5,180,0,1.3,0,0,0,-1.7,0,0,-68.7,0,0,0,0,0,0,0,,,,LISTEN / UTTERANCE
345,691-692,28.75,hermes-as-young-man,A,-2,2,-0.5,0,0,1.3,0,-1.9,0,-1.7,0,-3.9,-82.2,2.9,-49.5,0,0,0,0,0,,,,NOD / DECLARE / UTTERANCE
346,693-694,28.833,odysseus,A,-2,2,3.5,180,0,1.3,0,0,0,-1.7,0,0,-68.8,0,0,0,0,0,0,0,,,,LOOK / LISTEN / UTTERANCE
346,693-694,28.833,hermes-as-young-man,A,-2,2,-0.5,0,0,1.3,0,4.5,0,-1.7,0,-2.5,-162.8,3.3,-88,0,0,0,0,0,,,,NOD / DECLARE / UTTERANCE
347,695-696,28.917,odysseus,A,-2,2,3.5,180,0,1.3,0,0,0,-1.7,0,2.9,-68.8,0,0,0,0,0,0,0,,,,LOOK / LISTEN / UTTERANCE
347,695-696,28.917,hermes-as-young-man,A,-2,2,-0.5,0,0,1.3,0.1,6.7,0,-1.7,0,-1.3,-183.3,3.4,-137.5,0,0,0,0,0,,,,NOD / DECLARE / UTTERANCE
348,697-698,29,odysseus,h,-2,2,3.5,180,0,1.3,0,0,0,-1.7,0,0.7,-68.8,0,0,0,0,0,0,0,,,,LOOK / LISTEN / UTTERANCE
348,697-698,29,hermes-as-young-man,A,-2,2,-0.5,0,0,1.3,-0.1,6.7,0,-1.7,0,-0.6,-183.3,3.2,-86.6,0,0,0,0,0,,,,NOD / DECLARE / UTTERANCE
349,699-700,29.083,odysseus,h,-2,2,3.5,180,0,1.3,0,0,0,-1.7,0,0,-68.8,0,0,0,0,0,0,0,,,,WEIGHT SHIFT / HOLD / SCENE
349,699-700,29.083,hermes-as-young-man,A,-2,2,-0.5,0,0,1.3,-0.2,6.3,0,-1.7,0,-1.2,-183.3,3.2,-56,0,0,0,0,0,,,,NOD / DECLARE / UTTERANCE
350,701-702,29.167,odysseus,h,-2,2,3.5,180,0,1,0,0,0,-1.4,0,0,-68.8,0,0,0,0,0,0,0,,,,WEIGHT SHIFT / HOLD / SCENE
350,701-702,29.167,hermes-as-young-man,A,-2,2,-0.5,0,0,1.3,-0.2,6,0,-1.7,0,-2.4,-183.1,3,-45.8,0,0,0,0,0,,,TOOL:,NOD / DECLARE / UTTERANCE
351,703-704,29.25,odysseus,h,-2,2,3.5,180,0,0.5,0,0,0,-0.6,0,0,-68.8,0,0,0,0,0,0,0,,,,WEIGHT SHIFT / HOLD / SCENE
351,703-704,29.25,hermes-as-young-man,A,-2,2,-0.5,0,0,1.3,-0.2,5.7,0,-1.7,0,-2.8,-179.9,2.9,-47.5,0,0,0,0,0,,,TOOL:,NOD / DECLARE / UTTERANCE
352,705-706,29.333,odysseus,R,-2,2,3.5,180,0,-0.2,0,0,0,0.4,0,0,-68.8,0,0,0,0,0,0,0,,,,WEIGHT SHIFT / HOLD / SCENE
352,705-706,29.333,hermes-as-young-man,A,-2,2,-0.5,0,0,1.3,-0.2,5.4,0,-1.7,0,-2.3,-176.8,2.8,-51.8,0,0,0,0,0,,,,WEIGHT SHIFT / HOLD / SCENE
353,707-708,29.417,odysseus,R,-2,2,3.5,180,0,-0.9,-0.1,0,0,1.5,0,0,-68.8,0,0,0,0,0,0,0,,,,WEIGHT SHIFT / HOLD / SCENE
353,707-708,29.417,hermes-as-young-man,A,-2,2,-0.5,0,0,1,-0.2,5,0,-1.4,0,-1.9,-173.6,2.6,-57.3,0,0,0,0,0,,,,WEIGHT SHIFT / HOLD / SCENE
354,709-710,29.5,odysseus,h,-2,2,3.5,180,0,-1.5,-0.1,0,0,2.3,0,0,-68.8,0,0,0,0,0,0,0,,,,WEIGHT SHIFT / HOLD / SCENE
354,709-710,29.5,hermes-as-young-man,A,-2,2,-0.5,0,0,0.5,-0.1,4.7,0,-0.6,0,-1.5,-170.5,2.5,-62.8,0,0,0,0,0,,,,WEIGHT SHIFT / HOLD / SCENE
355,711-712,29.583,odysseus,h,-2,2,3.5,180,0,-1.7,-0.1,0,0,2.6,0,0,-68.8,0,0,0,0,0,0,0,,,,WEIGHT SHIFT / HOLD / SCENE
355,711-712,29.583,hermes-as-young-man,A,-2,2,-0.5,0,0,-0.2,-0.1,4.4,0,0.4,0,-1.2,-167.3,2.4,-67.1,0,0,0,0,0,,,,WEIGHT SHIFT / HOLD / SCENE
356,713-714,29.667,odysseus,h,-2,2,3.5,180,0,-1.7,0,0,0,2.5,0,0,-68.8,0,0,0,0,0,0,0,,,,WEIGHT SHIFT / HOLD / SCENE
356,713-714,29.667,hermes-as-young-man,A,-2,2,-0.5,0,0,-0.9,-0.1,4.1,0,1.5,0,-1.1,-161.7,2.2,-68.8,0,0,0,0,0,,,,WEIGHT SHIFT / HOLD / SCENE
357,715-716,29.75,odysseus,h,-2,2,3.5,180,0,-1.7,0,0,0,2.5,0,0,-68.8,0,0,0,0,0,0,0,,,,WEIGHT SHIFT / HOLD / SCENE
357,715-716,29.75,hermes-as-young-man,A,-2,2,-0.5,0,0,-1.5,-0.2,-0.1,0,2.3,0,0.9,-103.4,3.3,-71.5,0,-0.4,0,0,0,,,,NOD / DECLARE / UTTERANCE
358,717-718,29.833,odysseus,h,-2,2,3.5,180,0,-1.6,0,0,0,2.4,0,0,-68.8,0,0,0,0,0,0,0,,,,WEIGHT SHIFT / HOLD / SCENE
358,717-718,29.833,hermes-as-young-man,A,-2,2,-0.5,0,0,-1.7,-0.2,-1.5,0,2.6,0,4.1,-83.9,4,-79.8,0,-1.6,0,0,0,,,,NOD / DECLARE / UTTERANCE
359,719-720,29.917,odysseus,h,-2,2,3.5,180,0,-1.6,0,0,0,2.4,0,0,-68.8,0,0,0,0,0,0,0,,,,WEIGHT SHIFT / HOLD / SCENE
359,719-720,29.917,hermes-as-young-man,A,-2,2,-0.5,0,0,-1.7,-0.1,2.8,0,2.5,0,5.6,-137.9,4.2,-93.5,0,-3.3,0,0,0,,,,NOD / DECLARE / UTTERANCE
360,721-722,30,odysseus,h,-2,2,3.5,180,0,-1.6,0,0,0,2.3,0,0,-68.8,0,0,0,0,0,0,0,,,,WEIGHT SHIFT / HOLD / SCENE
360,721-722,30,hermes-as-young-man,A,-2,2,-0.5,0,0,-1.7,0,4.4,0,2.5,0,6,-157,4.3,-112.8,0,-5.2,0,0,0,,,,NOD / DECLARE / UTTERANCE
361,723-724,30.083,odysseus,h,-2,2,3.5,180,0,-1.6,0,0,0,2.3,0,0,-68.8,0,0,0,0,0,0,0,,,,WEIGHT SHIFT / HOLD / SCENE
361,723-724,30.083,hermes-as-young-man,A,-2,2,-0.5,0,0,-1.6,0.1,4.4,0,2.4,0,4.9,-157,4.2,-137.5,0,-7.1,0,0,0,,,,NOD / DECLARE / UTTERANCE
362,725-726,30.167,odysseus,h,-2,2,3.5,180,0,-1.5,0,0,0,2.2,0,0,-68.8,0,0,0,0,0,0,0,,,,WEIGHT SHIFT / HOLD / SCENE
362,725-726,30.167,hermes-as-young-man,A,-2,2,-0.5,0,0,-1.6,-0.1,4.1,0,2.4,0,3.1,-153.6,4.1,-86.6,0,-8.7,0,0,0,,,,NOD / DECLARE / UTTERANCE
363,727-728,30.25,odysseus,h,-2,2,3.5,180,0,-1.5,0,0,0,2.2,0,0,-68.8,0,0,0,0,0,0,0,,,,WEIGHT SHIFT / HOLD / SCENE
363,727-728,30.25,hermes-as-young-man,A,-2,2,-0.5,0,0,-1.6,-0.2,3.9,0,2.3,0,1.9,-147.1,3.9,-56,0,-9.9,0,0,0,,,,NOD / DECLARE / UTTERANCE
364,729-730,30.333,odysseus,h,-2,2,3.5,180,0,-1.5,0,0,0,2.1,0,0,-68.8,0,0,0,0,0,0,0,,,,WEIGHT SHIFT / HOLD / SCENE
364,729-730,30.333,hermes-as-young-man,A,-2,2,-0.5,0,0,-1.6,-0.2,3.6,0,2.3,0,1.6,-127.8,3.7,-45.8,0,-10.3,0,0,0,,,,CHOP / DECLARE / UTTERANCE
365,731-732,30.417,odysseus,h,-2,2,3.5,180,0,-1.5,0,0,0,2.1,0,0,-68.8,0,0,0,0,0,0,0,,,,WEIGHT SHIFT / HOLD / SCENE
365,731-732,30.417,hermes-as-young-man,A,-2,2,-0.5,0,0,-1.5,-0.2,3.4,0,2.2,0,1.3,-127.1,3.5,-47.5,0,-9.7,0,0,0,,,TOOL:,CHOP / DECLARE / UTTERANCE
366,733-734,30.5,odysseus,R,-2,2,3.5,180,0,-1.4,0,0,0,2.1,0,2.9,-68.8,0,0,0,0,0,0,0,,,,LOOK / HOLD / SCENE
366,733-734,30.5,hermes-as-young-man,A,-2,2,-0.5,0,0,-1.5,-0.2,3.1,0,2.2,0,1,-126.4,3.3,-51.8,0,-8.3,0,0,0,,,,CHOP / DECLARE / UTTERANCE
367,735-736,30.583,odysseus,R,-2,2,3.5,180,0,-1.4,0,0,0,2,0,1.3,-68.8,0,0,0,0,0,0,0,,,,LOOK / HOLD / SCENE
367,735-736,30.583,hermes-as-young-man,A,-2,2,-0.5,0,0,-1.5,-0.1,2.9,0,2.1,0,0.7,-125.7,3.1,-57.3,0,-6.5,0,0,0,,,,CHOP / DECLARE / UTTERANCE
368,737-738,30.667,odysseus,h,-2,2,3.5,180,0,-1.4,0,0,0,2,0,0.3,-68.8,0,0,0,0,0,0,0,,,,LOOK / HOLD / SCENE
368,737-738,30.667,hermes-as-young-man,A,-2,2,-0.5,0,0,-1.5,-0.1,2.5,0,2.1,0,0.5,-121.3,2.7,-62.8,0,-4.7,0,0,0,,,,CHOP / DECLARE / UTTERANCE
369,739-740,30.75,odysseus,h,-2,2,3.5,180,0,-1.4,0,0,0,1.9,0,0,-68.8,0,0,0,0,0,0,0,,,,LOOK / HOLD / SCENE
369,739-740,30.75,hermes-as-young-man,A,-2,2,-0.5,0,0,-1.4,-0.1,1.8,0,2.1,0,0.4,-113.1,1.9,-67.1,0,-3.2,0,0,0,,,,CHOP / DECLARE / UTTERANCE
370,741-742,30.833,odysseus,h,-2,2,3.5,180,0,-1.3,0,0,0,1.9,0,0,-68.8,0,0,0,0,0,0,0,,,,LOOK / HOLD / SCENE
370,741-742,30.833,hermes-as-young-man,A,-2,2,-0.5,0,0,-1.4,-0.1,1.4,0,2,0,0.3,-108.7,1.5,-68.8,0,-2.7,0,0,0,,,,FIST / DECLARE / UTTERANCE
371,743-744,30.917,odysseus,h,-2,2,3.5,180,0,-1.3,0,0,0,1.8,0,0,-68.8,0,0,0,0,0,0,0,,,,LOOK / HOLD / SCENE
371,743-744,30.917,hermes-as-young-man,A,-2,2,-0.5,0,0,-1.4,-0.1,-0.8,0,2,0,3.2,-90.1,4.6,-70.7,0,-2.5,0,0,0,,,,FIST / DECLARE / UTTERANCE
372,745-746,31,odysseus,h,-2,2,3.5,180,0,-1.3,0,0,0,1.8,0,0,-68.8,0,0,0,0,0,0,0,,,,LOOK / HOLD / SCENE
372,745-746,31,hermes-as-young-man,A,-2,2,-0.5,0,0,-1.4,-0.1,-1.5,0,1.9,0,6,-83.9,6.1,-76.4,0,-2.1,0,0,0,,,,NOD / DECLARE / UTTERANCE
373,747-748,31.083,odysseus,h,-2,2,3.5,180,0,-1.3,0,0,0,1.7,0,0,-68.8,0,0,0,0,0,0,0,,,,LISTEN / UTTERANCE
373,747-748,31.083,hermes-as-young-man,A,-2,2,-0.5,0,0,-1.3,0,6.4,0,1.9,0,7.1,-128.6,6.5,-85.9,0,-1.6,0,0,0,,,,NOD / DECLARE / UTTERANCE
374,749-750,31.167,odysseus,h,-2,2,3.5,180,0,-1.3,0,0,0,1.7,0,0,-68.8,0,0,0,0,0,0,0,,,,LISTEN / UTTERANCE
374,749-750,31.167,hermes-as-young-man,A,-2,2,-0.5,0,0,-1.3,0,7.8,0,1.8,0,7.3,-136.2,6.4,-99.3,0,-1.1,0,0,0,,,,NOD / DECLARE / UTTERANCE
375,751-752,31.25,odysseus,h,-2,2,3.5,180,0,-1.3,0,0,0,1.7,0,0,-68.8,0,0,0,0,0,0,0,,,,LISTEN / UTTERANCE
375,751-752,31.25,hermes-as-young-man,A,-2,2,-0.5,0,0,-1.3,0,7.2,0,1.8,0,6.1,-132.9,6.2,-116.5,0,-0.5,0,0,0,,,,NOD / DECLARE / UTTERANCE
376,753-754,31.333,odysseus,h,-2,2,3.5,180,0,-1.3,0,0,0,1.7,0,0,-68.8,0,0,0,0,0,0,0,,,,LISTEN / UTTERANCE
376,753-754,31.333,hermes-as-young-man,A,-2,2,-0.5,0,0,-1.3,0.1,6.9,0,1.7,0,4.1,-131.6,5.9,-137.5,0,-0.1,0,0,0,,,,NOD / DECLARE / UTTERANCE
377,755-756,31.417,odysseus,h,-2,2,3.5,180,0,-1.3,0,0,0,1.7,0,0,-68.8,0,0,0,0,0,0,0,,,,LISTEN / UTTERANCE
377,755-756,31.417,hermes-as-young-man,A,-2,2,-0.5,0,0,-1.3,-0.1,6.5,0,1.7,0,2.7,-130.2,5.7,-86.6,0,0,0,0,0,,,,NOD / DECLARE / UTTERANCE
378,757-758,31.5,odysseus,h,-2,2,3.5,180,0,-1.3,0,0,0,1.7,0,0,-68.8,0,0,0,0,0,0,0,,,,LISTEN / UTTERANCE
378,757-758,31.5,hermes-as-young-man,A,-2,2,-0.5,0,0,-1.3,-0.2,6.1,0,1.7,0,2.3,-128.8,5.4,-56,0,0,0,0,0,,,,LOOK / HOLD / SCENE
379,759-760,31.583,odysseus,h,-2,2,3.5,180,0,-1.3,0,0,0,1.7,0,0,-68.8,0,0,0,0,0,0,0,,,,LISTEN / UTTERANCE
379,759-760,31.583,hermes-as-young-man,A,-2,2,-0.5,0,0,-1.3,-0.2,5.8,0,1.7,0,4.7,-127.4,5.2,-45.8,0,0,0,0,0,,,TOOL:,LOOK / HOLD / SCENE
380,761-762,31.667,odysseus,h,-2,2,3.5,180,0,-1.3,0,0,0,1.7,0,0,-68.8,0,0,0,0,0,0,0,,,,LISTEN / UTTERANCE
380,761-762,31.667,hermes-as-young-man,A,-2,2,-0.5,0,0,-1.3,-0.2,5.4,0,1.7,0,2.7,-126.1,4.9,-48.2,0,0,0,0,0,,,TOOL:,LOOK / HOLD / SCENE
381,763-764,31.75,odysseus,h,-2,2,3.5,180,0,-1.3,0,0,0,1.7,0,0,-68.8,0,0,0,0,0,0,0,,,,LISTEN / UTTERANCE
381,763-764,31.75,hermes-as-young-man,A,-2,2,-0.5,0,0,-1.3,-0.2,5.1,0,1.7,0,1.3,-124.7,4.6,-53.9,0,0,0,0,0,,,,LOOK / HOLD / SCENE
382,765-766,31.833,odysseus,h,-2,2,3.5,180,0,-1.3,0,0,0,1.7,0,0,-68.8,0,0,0,0,0,0,0,,,,LISTEN / UTTERANCE
382,765-766,31.833,hermes-as-young-man,A,-2,2,-0.5,0,0,-1.3,-0.1,4.4,0,1.7,0,0.7,-120.4,4,-60.7,0,0,0,0,0,,,,LOOK / HOLD / SCENE
383,767-768,31.917,odysseus,h,-2,2,3.5,180,0,-1.3,0,0,0,1.7,0,0,-68.8,0,0,0,0,0,0,0,,,,LISTEN / UTTERANCE
383,767-768,31.917,hermes-as-young-man,A,-2,2,-0.5,0,0,-1.3,-0.1,3.2,0,1.7,0,0.5,-112.5,2.9,-66.4,0,0,0,0,0,,,,LOOK / HOLD / SCENE
384,769-770,32,odysseus,h,-2,2,3.5,180,0,-1.3,0,0,0,1.7,0,0,-68.8,0,0,0,0,0,0,0,,,,LISTEN / UTTERANCE
384,769-770,32,hermes-as-young-man,A,-2,2,-0.5,0,0,-1.3,-0.1,2.5,0,1.7,0,0.4,-108.2,2.3,-68.8,0,0,0,0,0,,,,SHOW / GESTURE / SCENE
385,771-772,32.083,odysseus,h,-2,2,3.5,180,0,-1.3,0,0,0,1.7,0,0,-68.8,0,0,0,0,0,0,0,,,,LISTEN / UTTERANCE
385,771-772,32.083,hermes-as-young-man,A,-2,2,-0.5,0,0,-1.3,-0.1,-0.7,0,1.7,0,1.8,-89.4,3.7,-10.7,2.1,2.5,-2.5,0,0,,,,SHOW / GESTURE / SCENE
386,773-774,32.167,odysseus,h,-2,2,3.5,180,0,-1.3,0,0,0,1.7,0,0,-68.8,0,0,0,0,0,0,0,,,,LISTEN / UTTERANCE
386,773-774,32.167,hermes-as-young-man,A,-2,2,-0.5,0,0,-1.3,0,-1.7,0,1.7,0,2.6,-83.1,4.9,8.6,3.8,9.1,-9.1,0,0,,,,SHOW / GESTURE / SCENE
387,775-776,32.25,odysseus,h,-2,2,3.5,180,0,-1.3,0,0,0,1.7,0,0,-68.8,0,0,0,0,0,0,0,,,,LISTEN / UTTERANCE
387,775-776,32.25,hermes-as-young-man,A,-2,2,-0.5,0,0,-1.3,0,1.5,0,1.7,0,2.9,-116.9,5.7,-25.2,5.2,18,-18,0,0,,,,SHOW / GESTURE / SCENE
388,777-778,32.333,odysseus,h,-2,2,3.5,180,0,-1.3,0,0,0,1.7,0,0,-68.8,0,0,0,0,0,0,0,,,,LISTEN / UTTERANCE
388,777-778,32.333,hermes-as-young-man,A,-2,2,-0.5,0,0,-1.3,0,3.9,0,1.7,0,2.8,-141.1,6.4,-49.4,6.1,27.8,-27.8,0,0,,,,SHOW / GESTURE / SCENE
389,779-780,32.417,odysseus,h,-2,2,3.5,180,0,-1.3,0,0,0,1.7,0,0,-68.8,0,0,0,0,0,0,0,,,,LISTEN / UTTERANCE
389,779-780,32.417,hermes-as-young-man,A,-2,2,-0.5,0,0,-1.3,0,5.3,0,1.7,0,2.8,-155.6,6.7,-63.9,6.7,36.7,-36.7,0,0,,,,SHOW / GESTURE / SCENE
390,781-782,32.5,odysseus,h,-2,2,3.5,180,0,-1.3,0,0,0,1.7,0,0,-68.8,0,0,0,0,0,0,0,,,,LISTEN / UTTERANCE
390,781-782,32.5,hermes-as-young-man,A,-2,2,-0.5,0,0,-1.3,0,5.7,0,1.7,0,2.6,-160.4,6.9,-68.8,6.9,43.3,-43.3,0,0,,,,SHOW / GESTURE / SCENE
391,783-784,32.583,odysseus,h,-2,2,3.5,180,0,-1.3,0,0,0,1.7,0,0,-68.8,0,0,0,0,0,0,0,,,,LISTEN / UTTERANCE
391,783-784,32.583,hermes-as-young-man,h,-2,2,-0.5,0,0,-1.3,0,5.5,0,1.7,0,2.5,-158.7,6.7,-67,6.7,45.8,-45.8,0,0,,,,SHOW / GESTURE / SCENE
392,785-786,32.667,odysseus,h,-2,2,3.5,180,0,-1.3,0,0,0,1.7,0,0,-68.8,0,0,0,0,0,0,0,,,,LISTEN / UTTERANCE
392,785-786,32.667,hermes-as-young-man,h,-2,2,-0.5,0,0,-1.3,0,5.3,0,1.7,0,2.3,-157,6.4,-65.3,6.4,45.1,-45.1,0,0,,,,SHOW / GESTURE / SCENE
393,787-788,32.75,odysseus,h,-2,2,3.5,180,0,-1.3,0,0,0,1.7,0,0,-68.8,0,0,0,0,0,0,0,,,,LISTEN / UTTERANCE
393,787-788,32.75,hermes-as-young-man,h,-2,2,-0.5,0,0,-1.3,0,5.1,0,1.7,0,2,-155.3,6.2,-63.6,6.2,42.9,-42.9,0,0,,,,SHOW / GESTURE / SCENE
394,789-790,32.833,odysseus,h,-2,2,3.5,180,0,-1.3,0,0,0,1.7,0,0,-68.8,0,0,0,0,0,0,0,,,,LISTEN / UTTERANCE
394,789-790,32.833,hermes-as-young-man,h,-2,2,-0.5,0,0,-1.3,0,4.9,0,1.7,0,1.8,-153.6,6,-61.9,6,39.6,-39.6,0,0,,,,SHOW / GESTURE / SCENE
395,791-792,32.917,odysseus,h,-2,2,3.5,180,0,-1.3,0,0,0,1.7,0,0,-68.8,0,0,0,0,0,0,0,,,,LISTEN / UTTERANCE
395,791-792,32.917,hermes-as-young-man,h,-2,2,-0.5,0,0,-1.3,0,4.7,0,1.7,0,1.6,-151.8,5.8,-60.2,5.8,35.5,-35.5,0,0,,,,SHOW / GESTURE / SCENE
396,793-794,33,odysseus,h,-2,2,3.5,180,0,-1.3,0,0,0,1.7,0,0,-68.8,0,0,0,0,0,0,0,,,,LISTEN / UTTERANCE
396,793-794,33,hermes-as-young-man,h,-2,2,-0.5,0,0,-1.3,0,4.4,0,1.7,0,1.3,-150.1,5.6,-58.4,5.6,30.7,-30.7,0,0,,,,SHOW / GESTURE / SCENE
397,795-796,33.083,odysseus,h,-2,2,3.5,180,0,-1.3,0,0,0,1.7,0,0,-68.8,0,0,0,0,0,0,0,,,,LISTEN / UTTERANCE
397,795-796,33.083,hermes-as-young-man,h,-2,2,-0.5,0,0,-1.3,0,4.2,0,1.7,0,1.1,-148.4,5.4,-56.7,5.4,25.6,-25.6,0,0,,,,SHOW / GESTURE / SCENE
398,797-798,33.167,odysseus,h,-2,2,3.5,180,0,-1.3,0,0,0,1.7,0,0,-68.8,0,0,0,0,0,0,0,,,,LISTEN / UTTERANCE
398,797-798,33.167,hermes-as-young-man,h,-2,2,-0.5,0,0,-1.3,0,4,0,1.7,0,0.8,-146.7,5.2,-55,5.2,20.3,-20.3,0,0,,,,SHOW / GESTURE / SCENE
399,799-800,33.25,odysseus,h,-2,2,3.5,180,0,-1.3,0,0,0,1.7,0,0,-68.8,0,0,0,0,0,0,0,,,,LOOK / HOLD / SCENE
399,799-800,33.25,hermes-as-young-man,A,-2,2,-0.5,0,0,-1.3,0,3.7,0,1.7,0,0.6,-142.6,4.8,-50.9,4.8,15.1,-15.1,0,0,,,,SHOW / GESTURE / SCENE
400,801-802,33.333,odysseus,A,-2,2,3.5,180,0,-1.3,0,0,0,1.7,0,2.9,-68.8,0,0,0,0,0,0,0,,,,LOOK / HOLD / SCENE
400,801-802,33.333,hermes-as-young-man,A,-2,2,-0.5,0,0,-1.3,0,3,0,1.7,0,0.4,-132.4,3.8,-40.7,3.8,10.3,-10.3,0,0,,,,SHOW / GESTURE / SCENE
401,803-804,33.417,odysseus,h,-2,2,3.5,180,0,-1.3,0,0,0,1.7,0,1.3,-68.8,0,0,0,0,0,0,0,,,,LOOK / HOLD / SCENE
401,803-804,33.417,hermes-as-young-man,A,-2,2,-0.5,0,0,-1.3,0,2,0,1.7,0,0.2,-119.2,2.6,-27.5,2.6,6.2,-6.2,0,0,,,,SHOW / GESTURE / SCENE
402,805-806,33.5,odysseus,h,-2,2,3.5,180,0,-1.3,0,0,0,1.7,0,0.3,-68.8,0,0,0,0,0,0,0,,,,WEIGHT SHIFT / HOLD / SCENE
402,805-806,33.5,hermes-as-young-man,A,-2,2,-0.5,0,0,-1.3,0,1,0,1.7,0,0.1,-105.9,1.3,-14.3,1.3,2.9,-2.9,0,0,,,,SHOW / GESTURE / SCENE
403,807-808,33.583,odysseus,h,-2,2,3.5,180,0,-1,0,0,0,1.4,0,0,-68.8,0,0,0,0,0,0,0,,,,WEIGHT SHIFT / HOLD / SCENE
403,807-808,33.583,hermes-as-young-man,A,-2,2,-0.5,0,0,-1.3,0,0.3,0,1.7,0,0,-95.7,0.4,-4.1,0.4,0.8,-0.8,0,0,,,,SHOW / GESTURE / SCENE
404,809-810,33.667,odysseus,h,-2,2,3.5,180,0,-0.5,0,0,0,0.6,0,0,-68.8,0,0,0,0,0,0,0,,,,WEIGHT SHIFT / HOLD / SCENE
404,809-810,33.667,hermes-as-young-man,A,-2,2,-0.5,0,0,-1.3,0,0,0,1.7,0,0,-91.7,0,0,0,0,0,0,0,,,,SHOW / GESTURE / SCENE
405,811-812,33.75,odysseus,A,-2,2,3.5,180,0,0.2,0,0,0,-0.4,0,0,-68.8,0,0,0,0,0,0,0,,,,WEIGHT SHIFT / HOLD / SCENE
405,811-812,33.75,hermes-as-young-man,h,-2,2,-0.5,0,0,-1.3,0,0,0,1.7,0,0,-91.7,0,0,0,0,0,0,0,,,,GESTURE / SCENE / SCENE
406,813-814,33.833,odysseus,A,-2,2,3.5,180,0,0.9,-0.1,0,0,-1.5,0,0,-68.8,0,0,0,0,0,0,0,,,,WEIGHT SHIFT / HOLD / SCENE
406,813-814,33.833,hermes-as-young-man,h,-2,2,-0.5,0,0,-1.3,0,0,0,1.7,0,0,-91.7,0,0,0,0,0,0,0,,,,WEIGHT SHIFT / HOLD / SCENE
407,815-816,33.917,odysseus,h,-2,2,3.5,180,0,1.5,-0.1,0,0,-2.3,0,0,-68.8,0,0,0,0,0,0,0,,,,WEIGHT SHIFT / HOLD / SCENE
407,815-816,33.917,hermes-as-young-man,h,-2,2,-0.5,0,0,-1,0,0,0,1.3,0,0,-91.7,0,0,0,0,0,0,0,,,,WEIGHT SHIFT / HOLD / SCENE
408,817-818,34,odysseus,h,-2,2,3.5,180,0,1.7,-0.1,0,0,-2.6,0,0,-68.8,0,0,0,0,0,0,0,,,,WEIGHT SHIFT / HOLD / SCENE
408,817-818,34,hermes-as-young-man,A,-2,2,-0.5,0,0,-0.2,0,0,0,0.2,0,0,-91.7,0,0,0,0,0,0,0,,,,WEIGHT SHIFT / HOLD / SCENE
409,819-820,34.083,odysseus,h,-2,2,3.5,180,0,1.7,0,0,0,-2.5,0,0,-68.8,0,0,0,0,0,0,0,,,,WEIGHT SHIFT / HOLD / SCENE
409,819-820,34.083,hermes-as-young-man,A,-2,2,-0.5,0,0,0.7,-0.1,0,0,-1.1,0,0,-91.7,0,0,0,0,0,0,0,,,,WEIGHT SHIFT / HOLD / SCENE
410,821-822,34.167,odysseus,h,-2,2,3.5,180,0,1.7,0,0,0,-2.5,0,0,-68.8,0,0,0,0,0,0,0,,,,WEIGHT SHIFT / HOLD / SCENE
410,821-822,34.167,hermes-as-young-man,A,-2,2,-0.5,0,0,1.4,-0.1,0,0,-2.1,0,0,-91.7,0,0,0,0,0,0,0,,,,WEIGHT SHIFT / HOLD / SCENE
411,823-824,34.25,odysseus,h,-2,2,3.5,180,0,1.6,0,0,0,-2.4,0,0,-68.8,0,0,0,0,0,0,0,,,,WEIGHT SHIFT / HOLD / SCENE
411,823-824,34.25,hermes-as-young-man,h,-2,2,-0.5,0,0,1.7,-0.1,0,0,-2.6,0,0,-91.7,0,0,0,0,0,0,0,,,,WEIGHT SHIFT / HOLD / SCENE
412,825-826,34.333,odysseus,h,-2,2,3.5,180,0,1.6,0,0,0,-2.4,0,0,-68.8,0,0,0,0,0,0,0,,,,WEIGHT SHIFT / HOLD / SCENE
412,825-826,34.333,hermes-as-young-man,h,-2,2,-0.5,0,0,1.7,0,0,0,-2.5,0,0,-91.7,0,0,0,0,0,0,0,,,,WEIGHT SHIFT / HOLD / SCENE
413,827-828,34.417,odysseus,h,-2,2,3.5,180,0,1.6,0,0,0,-2.3,0,0,-68.8,0,0,0,0,0,0,0,,,,WEIGHT SHIFT / HOLD / SCENE
413,827-828,34.417,hermes-as-young-man,h,-2,2,-0.5,0,0,1.7,0,0,0,-2.5,0,0,-91.7,0,0,0,0,0,0,0,,,,WEIGHT SHIFT / HOLD / SCENE
414,829-830,34.5,odysseus,h,-2,2,3.5,180,0,1.6,0,0,0,-2.3,0,0,-68.8,0,0,0,0,0,0,0,,,,WEIGHT SHIFT / HOLD / SCENE
414,829-830,34.5,hermes-as-young-man,h,-2,2,-0.5,0,0,1.6,0,0,0,-2.4,0,0,-91.7,0,0,0,0,0,0,0,,,,LOOK / HOLD / SCENE
415,831-832,34.583,odysseus,h,-2,2,3.5,180,0,1.5,0,0,0,-2.2,0,0,-68.8,0,0,0,0,0,0,0,,,,WEIGHT SHIFT / HOLD / SCENE
415,831-832,34.583,hermes-as-young-man,A,-2,2,-0.5,0,0,1.6,0,0,0,-2.4,0,2.9,-91.7,0,0,0,0,0,0,0,,,,LOOK / HOLD / SCENE
416,833-834,34.667,odysseus,h,-2,2,3.5,180,0,1.5,0,0,0,-2.2,0,0,-68.8,0,0,0,0,0,0,0,,,,WEIGHT SHIFT / HOLD / SCENE
416,833-834,34.667,hermes-as-young-man,h,-2,2,-0.5,0,0,1.6,0,0,0,-2.4,0,1.3,-91.7,0,0,0,0,0,0,0,,,,LOOK / HOLD / SCENE
417,835-836,34.75,odysseus,h,-2,2,3.5,180,0,1.5,0,0,0,-2.1,0,0,-68.8,0,0,0,0,0,0,0,,,,WEIGHT SHIFT / HOLD / SCENE
417,835-836,34.75,hermes-as-young-man,h,-2,2,-0.5,0,0,1.6,0,0,0,-2.3,0,0.3,-91.7,0,0,0,0,0,0,0,,,,LOOK / HOLD / SCENE
418,837-838,34.833,odysseus,h,-2,2,3.5,180,0,1.5,0,0,0,-2.1,0,0,-68.8,0,0,0,0,0,0,0,,,,WEIGHT SHIFT / HOLD / SCENE
418,837-838,34.833,hermes-as-young-man,h,-2,2,-0.5,0,0,1.6,0,0,0,-2.3,0,0,-91.7,0,0,0,0,0,0,0,,,,LOOK / HOLD / SCENE
419,839-840,34.917,odysseus,h,-2,2,3.5,180,0,1.4,0,0,0,-2.1,0,0,-68.8,0,0,0,0,0,0,0,,,,WEIGHT SHIFT / HOLD / SCENE
419,839-840,34.917,hermes-as-young-man,h,-2,2,-0.5,0,0,1.5,0,0,0,-2.2,0,0,-91.7,0,0,0,0,0,0,0,,,,LOOK / HOLD / SCENE
420,841-842,35,odysseus,h,-2,2,3.5,180,0,1.4,0,0,0,-2,0,0,-68.8,0,0,0,0,0,0,0,,,,WEIGHT SHIFT / HOLD / SCENE
420,841-842,35,hermes-as-young-man,h,-2,2,-0.5,0,0,1.5,0,0,0,-2.2,0,0,-91.7,0,0,0,0,0,0,0,,,,LOOK / HOLD / SCENE
421,843-844,35.083,odysseus,h,-2,2,3.5,180,0,1.4,0,0,0,-2,0,0,-68.8,0,0,0,0,0,0,0,,,,WEIGHT SHIFT / HOLD / SCENE
421,843-844,35.083,hermes-as-young-man,h,-2,2,-0.5,0,0,1.5,0,0,0,-2.1,0,0,-91.7,0,0,0,0,0,0,0,,,,WEIGHT SHIFT / HOLD / SCENE
422,845-846,35.167,odysseus,h,-2,2,3.5,180,0,1.4,0,0,0,-1.9,0,0,-68.8,0,0,0,0,0,0,0,,,,WEIGHT SHIFT / HOLD / SCENE
422,845-846,35.167,hermes-as-young-man,h,-2,2,-0.5,0,0,1.5,0,0,0,-2.1,0,0,-91.7,0,0,0,0,0,0,0,,,,WEIGHT SHIFT / HOLD / SCENE
423,847-848,35.25,odysseus,h,-2,2,3.5,180,0,1.3,0,0,0,-1.9,0,0,-68.8,0,0,0,0,0,0,0,,,,WEIGHT SHIFT / HOLD / SCENE
423,847-848,35.25,hermes-as-young-man,h,-2,2,-0.5,0,0,1.4,0,0,0,-2,0,0,-91.7,0,0,0,0,0,0,0,,,,WEIGHT SHIFT / HOLD / SCENE
424,849-850,35.333,odysseus,h,-2,2,3.5,180,0,1.3,0,0,0,-1.8,0,0,-68.8,0,0,0,0,0,0,0,,,,WEIGHT SHIFT / HOLD / SCENE
424,849-850,35.333,hermes-as-young-man,h,-2,2,-0.5,0,0,1.4,0,0,0,-2,0,0,-91.7,0,0,0,0,0,0,0,,,,NOD / DECLARE / UTTERANCE
425,851-852,35.417,odysseus,h,-2,2,3.5,180,0,1.3,0,0,0,-1.8,0,0,-68.8,0,0,0,0,0,0,0,,,,WEIGHT SHIFT / HOLD / SCENE
425,851-852,35.417,hermes-as-young-man,A,-2,2,-0.5,0,0,1.4,0,0,0,-1.9,0,2.6,-91.7,0,0,0,0,0,0,0,,,,NOD / DECLARE / UTTERANCE
426,853-854,35.5,odysseus,h,-2,2,3.5,180,0,1.3,0,0,0,-1.7,0,0,-68.8,0,0,0,0,0,0,0,,,,WEIGHT SHIFT / HOLD / SCENE
426,853-854,35.5,hermes-as-young-man,A,-2,2,-0.5,0,0,1.4,0,-1.2,0,-1.9,0,0.7,-85.9,1.5,0,0,0,0,0,0,,,,POINT / DECLARE / UTTERANCE
427,855-856,35.583,odysseus,h,-2,2,3.5,180,0,1.3,0,0,0,-1.7,0,0,-68.8,0,0,0,0,0,0,0,,,,LISTEN / UTTERANCE
427,855-856,35.583,hermes-as-young-man,A,-2,2,-0.5,0,0,1.3,0,-1.5,0,-1.9,0,-0.7,-83.9,2.3,0,0,0,0,0,0,,,,POINT / DECLARE / UTTERANCE
428,857-858,35.667,odysseus,h,-2,2,3.5,180,0,1.3,0,0,0,-1.7,0,0,-68.8,0,0,0,0,0,0,0,,,,LISTEN / UTTERANCE
428,857-858,35.667,hermes-as-young-man,A,-2,2,-0.5,0,0,1.3,0,3.6,0,-1.8,0,-1.8,-149.9,2.7,0,0,0,0,0,0,,,,POINT / DECLARE / UTTERANCE
429,859-860,35.75,odysseus,h,-2,2,3.5,180,0,1.3,0,0,0,-1.7,0,0,-68.8,0,0,0,0,0,0,0,,,,LISTEN / UTTERANCE
429,859-860,35.75,hermes-as-young-man,A,-2,2,-0.5,0,0,1.3,0,5.5,0,-1.8,0,-2.7,-173.3,2.8,0,0,0,0,0,0,,,,POINT / DECLARE / UTTERANCE
430,861-862,35.833,odysseus,h,-2,2,3.5,180,0,1.3,0,0,0,-1.7,0,0,-68.8,0,0,0,0,0,0,0,,,,LISTEN / UTTERANCE
430,861-862,35.833,hermes-as-young-man,A,-2,2,-0.5,0,0,1.3,0,5.5,0,-1.7,0,-3,-173.3,2.6,0,0,0,0,0,0,,,,POINT / DECLARE / UTTERANCE
431,863-864,35.917,odysseus,h,-2,2,3.5,180,0,1.3,0,0,0,-1.7,0,0,-68.8,0,0,0,0,0,0,0,,,,LISTEN / UTTERANCE
431,863-864,35.917,hermes-as-young-man,A,-2,2,-0.5,0,0,1.3,0,5.2,0,-1.7,0,-2.8,-169,2.6,0,0,0,0,0,0,,,,POINT / DECLARE / UTTERANCE
432,865-866,36,odysseus,h,-2,2,3.5,180,0,1.3,0,0,0,-1.7,0,0,-68.8,0,0,0,0,0,0,0,,,,LISTEN / UTTERANCE
432,865-866,36,hermes-as-young-man,A,-2,2,-0.5,0,0,1.3,0,4.8,0,-1.7,0,-2.7,-165.9,2.5,0,0,0,0,0,0,,,,OFFER / GESTURE / SCENE
433,867-868,36.083,odysseus,h,-2,2,3.5,180,0,1.3,0,0,0,-1.7,0,0,-68.8,0,0,0,0,0,0,0,,,,LISTEN / UTTERANCE
433,867-868,36.083,hermes-as-young-man,A,-2,2,-0.5,0,0,1.3,0,-0.1,0,-1.7,0,-2.5,-103.8,5.6,6.4,3.9,1.7,-1.7,0,0,,,,OFFER / GESTURE / SCENE
434,869-870,36.167,odysseus,h,-2,2,3.5,180,0,1.3,0,0,0,-1.7,0,0,-68.8,0,0,0,0,0,0,0,,,,LISTEN / UTTERANCE
434,869-870,36.167,hermes-as-young-man,A,-2,2,-0.5,0,0,1.3,0,-1.7,0,-1.7,0,-2.3,-83.1,8.1,8.6,7,6.2,-6.2,0,0,,,,OFFER / GESTURE / SCENE
435,871-872,36.25,odysseus,h,-2,2,3.5,180,0,1.3,0,0,0,-1.7,0,0,-68.8,0,0,0,0,0,0,0,,,,LISTEN / UTTERANCE
435,871-872,36.25,hermes-as-young-man,A,-2,2,-0.5,0,0,1.3,0,1,0,-1.7,0,-2.3,-113.2,10.1,-21.5,9.5,12.4,-12.4,0,0,,,,OFFER / GESTURE / SCENE
436,873-874,36.333,odysseus,h,-2,2,3.5,180,0,1.3,0,0,0,-1.7,0,0,-68.8,0,0,0,0,0,0,0,,,,LISTEN / UTTERANCE
436,873-874,36.333,hermes-as-young-man,A,-2,2,-0.5,0,0,1.3,0,3,0,-1.7,0,-2.2,-134.6,11.5,-43,11.2,19.1,-19.1,0,0,,,,OFFER / GESTURE / SCENE
437,875-876,36.417,odysseus,h,-2,2,3.5,180,0,1.3,0,0,0,-1.7,0,0,-68.8,0,0,0,0,0,0,0,,,,LISTEN / UTTERANCE
437,875-876,36.417,hermes-as-young-man,A,-2,2,-0.5,0,0,1.3,0,4.2,0,-1.7,0,-2.1,-147.5,12.3,-55.9,12.3,25.3,-25.3,0,0,,,,OFFER / GESTURE / SCENE
438,877-878,36.5,odysseus,h,-2,2,3.5,180,0,1.3,0,0,0,-1.7,0,0,-68.8,0,0,0,0,0,0,0,,,,LISTEN / UTTERANCE
438,877-878,36.5,hermes-as-young-man,A,-2,2,-0.5,0,0,1.3,0,4.6,0,-1.7,0,-2,-151.8,12.6,-60.2,12.6,29.8,-29.8,0,0,,,,OFFER / GESTURE / SCENE
439,879-880,36.583,odysseus,h,-2,2,3.5,180,0,1.3,0,0,0,-1.7,0,0,-68.8,0,0,0,0,0,0,0,,,,LISTEN / UTTERANCE
439,879-880,36.583,hermes-as-young-man,A,-2,2,-0.5,0,0,1.3,0,4.4,0,-1.7,0,-2,-150.3,12.2,-58.7,12.2,31.5,-31.5,0,0,,,,CHOP / DECLARE / UTTERANCE
440,881-882,36.667,odysseus,h,-2,2,3.5,180,0,1.3,0,0,0,-1.7,0,0,-68.8,0,0,0,0,0,0,0,,,,LISTEN / UTTERANCE
440,881-882,36.667,hermes-as-young-man,A,-2,2,-0.5,0,0,1.3,0,-0.1,0,-1.7,0,0.6,-100.5,7.5,-57.2,11.8,29.7,-31,0,0,,,,CHOP / DECLARE / UTTERANCE
441,883-884,36.75,odysseus,h,-2,2,3.5,180,0,1.3,0,0,0,-1.7,0,0,-68.8,0,0,0,0,0,0,0,,,,WEIGHT SHIFT / HOLD / SCENE
441,883-884,36.75,hermes-as-young-man,A,-2,2,-0.5,0,0,1.3,0,-1.5,0,-1.7,0,4,-83.9,4.8,-55.6,11.4,25,-29.5,0,0,,,,WEIGHT SHIFT / HOLD / SCENE
442,885-886,36.833,odysseus,h,-2,2,3.5,180,0,1,0,0,0,-1.4,0,0,-68.8,0,0,0,0,0,0,0,,,,WEIGHT SHIFT / HOLD / SCENE
442,885-886,36.833,hermes-as-young-man,A,-2,2,-0.5,0,0,1,0,2.8,0,-1.3,0,5.6,-137.9,3.7,-54.1,11,18.3,-27.3,0,0,,,,WEIGHT SHIFT / HOLD / SCENE
443,887-888,36.917,odysseus,h,-2,2,3.5,180,0,0.5,0,0,0,-0.6,0,0,-68.8,0,0,0,0,0,0,0,,,,WEIGHT SHIFT / HOLD / SCENE
443,887-888,36.917,hermes-as-young-man,A,-2,2,-0.5,0,0,0.2,0,4.4,0,-0.2,0,6,-157,3.6,-52.6,10.6,10.6,-24.4,0,0,,,,WEIGHT SHIFT / HOLD / SCENE
444,889-890,37,odysseus,R,-2,2,3.5,180,0,-0.2,0,0,0,0.4,0,0,-68.8,0,0,0,0,0,0,0,,,,LOOK / HOLD / SCENE
444,889-890,37,hermes-as-young-man,A,-2,2,-0.5,0,0,-0.7,-0.1,4.4,0,1.1,0,5,-157,3.9,-51.1,10.2,2.9,-21.1,0,0,,,,WEIGHT SHIFT / HOLD / SCENE
445,891-892,37.083,odysseus,R,-2,2,3.5,180,0,-0.9,-0.1,0,0,1.5,0,2.9,-68.8,0,0,0,0,0,0,0,,,,LOOK / HOLD / SCENE
445,891-892,37.083,hermes-as-young-man,A,-2,2,-0.5,0,0,-1.4,-0.1,4.1,0,2.1,0,3.2,-153.6,4.1,-49.6,9.8,-3.8,-17.6,0,0,,,,WEIGHT SHIFT / HOLD / SCENE
446,893-894,37.167,odysseus,R,-2,2,3.5,180,0,-1.5,-0.1,0,0,2.3,0,1.6,-68.8,0,0,0,0,0,0,0,,,,LOOK / HOLD / SCENE
446,893-894,37.167,hermes-as-young-man,A,-2,2,-0.5,0,0,-1.7,-0.1,3.9,0,2.6,0,2.1,-147.1,3.9,-48.1,9.5,-8.5,-13.9,0,0,,,,WEIGHT SHIFT / HOLD / SCENE
447,895-896,37.25,odysseus,R,-2,2,3.5,180,0,-1.7,-0.1,0,0,2.6,0,0.3,-68.8,0,0,0,0,0,0,0,,,,LOOK / REACT / SCENE
447,895-896,37.25,hermes-as-young-man,A,-2,2,-0.5,0,0,-1.7,0,3.6,0,2.5,0,1.8,-127.8,3.7,-44.6,8.8,-10.3,-10.4,0,0,,,,WEIGHT SHIFT / HOLD / SCENE
448,897-898,37.333,odysseus,R,-2,2,3.5,180,0,-1.7,0,0,0,2.5,0,2.9,-68.8,0,0,0,0,0,0,0,,,,LEAN / REACT / SCENE
448,897-898,37.333,hermes-as-young-man,A,-2,2,-0.5,0,0,-1.7,0,3.4,0,2.5,0,1.6,-127.1,3.5,-35.7,7,-10,-7.1,0,0,,,,WEIGHT SHIFT / HOLD / SCENE
449,899-900,37.417,odysseus,R,-2,2,3.5,180,0,-1.7,0,0.9,0,2.5,0,1.3,-68.8,0,0,0,0,0,0,0,,,,LEAN / REACT / SCENE
449,899-900,37.417,hermes-as-young-man,A,-2,2,-0.5,0,0,-1.6,0,3.1,0,2.4,0,1.3,-126.4,3.3,-24.1,4.7,-9,-4.3,0,0,,,,WEIGHT SHIFT / HOLD / SCENE
450,901-902,37.5,odysseus,R,-2,2,3.5,180,0,-1.6,0,2.9,0,2.4,0,0.3,-68.8,0,0,0,0,0,0,0,,,,LEAN / REACT / SCENE
450,901-902,37.5,hermes-as-young-man,A,-2,2,-0.5,0,0,-1.6,0,2.9,0,2.4,0,1,-125.7,3.1,-12.5,2.5,-7.6,-2,0,0,,,,WEIGHT SHIFT / HOLD / SCENE
451,903-904,37.583,odysseus,R,-2,2,3.5,180,0,-1.6,0,4.8,0,2.4,0,0,-68.8,0,0,0,0,0,0,0,,,,LEAN / REACT / SCENE
451,903-904,37.583,hermes-as-young-man,A,-2,2,-0.5,0,0,-1.6,0,2.7,0,2.4,0,0.8,-123.2,2.9,-3.6,0.7,-6,-0.5,0,0,,,,WEIGHT SHIFT / HOLD / SCENE
452,905-906,37.667,odysseus,h,-2,2,3.5,180,0,-1.6,0,5.7,0,2.3,0,0,-68.8,0,0,0,0,0,0,0,,,,LEAN / REACT / SCENE
452,905-906,37.667,hermes-as-young-man,A,-2,2,-0.5,0,0,-1.6,0,2.1,0,2.3,0,0.5,-116.9,2.3,0,0,-4.3,0,0,0,,,,WEIGHT SHIFT / HOLD / SCENE
453,907-908,37.75,odysseus,h,-2,2,3.5,180,0,-1.6,0,5.6,0,2.3,0,0,-68.8,0,0,0,0,0,0,0,,,,LEAN / REACT / SCENE
453,907-908,37.75,hermes-as-young-man,A,-2,2,-0.5,0,0,-1.6,0,1.4,0,2.3,0,0.3,-108.7,1.5,0,0,-2.7,0,0,0,,,,WEIGHT SHIFT / HOLD / SCENE
454,909-910,37.833,odysseus,h,-2,2,3.5,180,0,-1.5,0,5.5,0,2.2,0,0,-68.8,0,0,0,0,0,0,0,,,,LEAN / REACT / SCENE
454,909-910,37.833,hermes-as-young-man,A,-2,2,-0.5,0,0,-1.5,0,0.7,0,2.2,0,0.1,-100.5,0.8,0,0,-1.3,0,0,0,,,,WEIGHT SHIFT / HOLD / SCENE
455,911-912,37.917,odysseus,h,-2,2,3.5,180,0,-1.5,0,5.3,0,2.2,0,0,-68.8,0,0,0,0,0,0,0,,,,LEAN / REACT / SCENE
455,911-912,37.917,hermes-as-young-man,A,-2,2,-0.5,0,0,-1.5,0,0.2,0,2.2,0,0,-94.2,0.2,0,0,-0.4,0,0,0,,,,WEIGHT SHIFT / HOLD / SCENE
456,913-914,38,odysseus,h,-2,2,3.5,180,0,-1.5,0,5.2,0,2.1,0,0,-68.8,0,0,0,0,0,0,0,,,,LEAN / REACT / SCENE
456,913-914,38,hermes-as-young-man,A,-2,2,-0.5,0,0,-1.5,0,0,0,2.1,0,0,-91.7,0,0,0,0,0,0,0,,,,FIST / DECLARE / UTTERANCE
457,915-916,38.083,odysseus,h,-2,2,3.5,180,0,-1.5,0,5.1,0,2.1,0,0,-68.8,0,0,0,0,0,0,0,,,,LEAN / REACT / SCENE
457,915-916,38.083,hermes-as-young-man,A,-2,2,-0.5,0,0,-1.5,0,-1.2,0,2.1,0,2.3,-85.9,3.6,0,0,0,0,0,0,,,,NOD / DECLARE / UTTERANCE
458,917-918,38.167,odysseus,h,-2,2,3.5,180,0,-1.4,0,4.9,0,2.1,0,0,-68.8,0,0,0,0,0,0,0,,,,LEAN / REACT / SCENE
458,917-918,38.167,hermes-as-young-man,A,-2,2,-0.5,0,0,-1.4,0,-1.5,0,2,0,5.6,-83.9,5.6,0,0,0,0,0,0,,,,NOD / DECLARE / UTTERANCE
459,919-920,38.25,odysseus,h,-2,2,3.5,180,0,-1.4,0,4.8,0,2,0,0,-68.8,0,0,0,0,0,0,0,,,,LEAN / REACT / SCENE
459,919-920,38.25,hermes-as-young-man,A,-2,2,-0.5,0,0,-1.4,0,5.2,0,2,0,10,-121.9,6.5,0,0,0,0,0,0,,,,LOOK / HOLD / SCENE
460,921-922,38.333,odysseus,h,-2,2,3.5,180,0,-1.4,0,4.7,0,2,0,0,-68.8,0,0,0,0,0,0,0,,,,LEAN / REACT / SCENE
460,921-922,38.333,hermes-as-young-man,A,-2,2,-0.5,0,0,-1.4,0,7.7,0,1.9,0,8.8,-135.4,6.6,0,0,0,0,0,0,,,,LOOK / HOLD / SCENE
461,923-924,38.417,odysseus,h,-2,2,3.5,180,0,-1.4,0,4.5,0,1.9,0,0,-68.8,0,0,0,0,0,0,0,,,,LEAN / REACT / SCENE
461,923-924,38.417,hermes-as-young-man,A,-2,2,-0.5,0,0,-1.4,0,7.7,0,1.9,0,6.8,-135.4,6.4,0,0,0,0,0,0,,,,LOOK / HOLD / SCENE
462,925-926,38.5,odysseus,h,-2,2,3.5,180,0,-1.3,0,4.4,0,1.9,0,0,-68.8,0,0,0,0,0,0,0,,,,LEAN / REACT / SCENE
462,925-926,38.5,hermes-as-young-man,A,-2,2,-0.5,0,0,-1.3,0,7.2,0,1.9,0,4.5,-132.9,6.2,0,0,0,0,0,0,,,,LOOK / HOLD / SCENE
463,927-928,38.583,odysseus,h,-2,2,3.5,180,0,-1.3,0,4.3,0,1.8,0,0,-68.8,0,0,0,0,0,0,0,,,,LEAN / REACT / SCENE
463,927-928,38.583,hermes-as-young-man,h,-2,2,-0.5,0,0,-1.3,0,6.8,0,1.8,0,3.3,-131.3,5.9,0,0,0,0,0,0,,,,LOOK / HOLD / SCENE
464,929-930,38.667,odysseus,h,-2,2,3.5,180,0,-1.3,0,4.1,0,1.8,0,0,-68.8,0,0,0,0,0,0,0,,,,LEAN / REACT / SCENE
464,929-930,38.667,hermes-as-young-man,h,-2,2,-0.5,0,0,-1.3,0,6.4,0,1.8,0,2.9,-129.6,5.6,0,0,0,0,0,0,,,,LOOK / HOLD / SCENE
465,931-932,38.75,odysseus,h,-2,2,3.5,180,0,-1.3,0,4,0,1.7,0,0,-68.8,0,0,0,0,0,0,0,,,,LEAN / REACT / SCENE
465,931-932,38.75,hermes-as-young-man,h,-2,2,-0.5,0,0,-1.3,0,5.9,0,1.7,0,2.5,-128,5.3,0,0,0,0,0,0,,,,LOOK / HOLD / SCENE
466,933-934,38.833,odysseus,h,-2,2,3.5,180,0,-1.3,0,3.7,0,1.7,0,0,-68.8,0,0,0,0,0,0,0,,,,LEAN / REACT / SCENE
466,933-934,38.833,hermes-as-young-man,h,-2,2,-0.5,0,0,-1.3,0,5.5,0,1.7,0,2.1,-126.3,5,0,0,0,0,0,0,,,,FIST / DECLARE / UTTERANCE
467,935-936,38.917,odysseus,h,-2,2,3.5,180,0,-1.3,0,3,0,1.7,0,0,-68.8,0,0,0,0,0,0,0,,,,LEAN / REACT / SCENE
467,935-936,38.917,hermes-as-young-man,h,-2,2,-0.5,0,0,-1.3,0,5.1,0,1.7,0,1.6,-124.7,4.6,0,0,0,0,0,0,,,,FIST / DECLARE / UTTERANCE
468,937-938,39,odysseus,h,-2,2,3.5,180,0,-1.3,0,2,0,1.7,0,0,-68.8,0,0,0,0,0,0,0,,,,LEAN / REACT / SCENE
468,937-938,39,hermes-as-young-man,h,-2,2,-0.5,0,0,-1.3,0,4.7,0,1.7,0,1.2,-122.2,4.3,0,0,0,0,0,0,,,,FIST / DECLARE / UTTERANCE
469,939-940,39.083,odysseus,h,-2,2,3.5,180,0,-1.3,0,1,0,1.7,0,0,-68.8,0,0,0,0,0,0,0,,,,LEAN / REACT / SCENE
469,939-940,39.083,hermes-as-young-man,A,-2,2,-0.5,0,0,-1.3,0,3.7,0,1.7,0,0.8,-116.1,3.4,0,0,0,0,0,0,,,,FIST / DECLARE / UTTERANCE
470,941-942,39.167,odysseus,h,-2,2,3.5,180,0,-1.3,0,0.3,0,1.7,0,0,-68.8,0,0,0,0,0,0,0,,,,LEAN / REACT / SCENE
470,941-942,39.167,hermes-as-young-man,A,-2,2,-0.5,0,0,-1.3,0,2.5,0,1.7,0,0.5,-108.2,2.3,0,0,0,0,0,0,,,,FIST / DECLARE / UTTERANCE
471,943-944,39.25,odysseus,h,-2,2,3.5,180,0,-1.3,0,0,0,1.7,0,0,-68.8,0,0,0,0,0,0,0,,,,LEAN / REACT / SCENE
471,943-944,39.25,hermes-as-young-man,A,-2,2,-0.5,0,0,-1.3,0,1.3,0,1.7,0,0.2,-100.2,1.2,0,0,0,0,0,0,,,,NOD / DECLARE / UTTERANCE
472,945-946,39.333,odysseus,h,-2,2,3.5,180,0,-1.3,0,0,0,1.7,0,0,-68.8,0,0,0,0,0,0,0,,,,LISTEN / UTTERANCE
472,945-946,39.333,hermes-as-young-man,A,-2,2,-0.5,0,0,-1.3,0,0.4,0,1.7,0,2.6,-94.1,0.3,0,0,0,0,0,0,,,,NOD / DECLARE / UTTERANCE
473,947-948,39.417,odysseus,h,-2,2,3.5,180,0,-1.3,0,0,0,1.7,0,0,-68.8,0,0,0,0,0,0,0,,,,LISTEN / UTTERANCE
473,947-948,39.417,hermes-as-young-man,A,-2,2,-0.5,0,0,-1.3,0,0,0,1.7,0,3.4,-91.7,0,0,0,0,0,0,0,,,,NOD / DECLARE / UTTERANCE
474,949-950,39.5,odysseus,h,-2,2,3.5,180,0,-1.3,0,0,0,1.7,0,0,-68.8,0,0,0,0,0,0,0,,,,LISTEN / UTTERANCE
474,949-950,39.5,hermes-as-young-man,A,-2,2,-0.5,0,0,-1.3,0,-1.2,0,1.7,0,0.2,-85.9,1.5,0,0,0,0,0,0,,,,POINT / DECLARE / UTTERANCE
475,951-952,39.583,odysseus,h,-2,2,3.5,180,0,-1.3,0,0,0,1.7,0,0,-68.8,0,0,0,0,0,0,0,,,,LISTEN / UTTERANCE
475,951-952,39.583,hermes-as-young-man,A,-2,2,-0.5,0,0,-1.3,0,-1.5,0,1.7,0,-1.9,-83.9,2.3,0,0,0,0,0,0,,,,POINT / DECLARE / UTTERANCE
476,953-954,39.667,odysseus,h,-2,2,3.5,180,0,-1.3,0,0,0,1.7,0,0,-68.8,0,0,0,0,0,0,0,,,,LISTEN / UTTERANCE
476,953-954,39.667,hermes-as-young-man,A,-2,2,-0.5,0,0,-1.3,0,3.6,0,1.7,0,-3,-149.9,2.7,0,0,0,0,0,0,,,,POINT / DECLARE / UTTERANCE
477,955-956,39.75,odysseus,h,-2,2,3.5,180,0,-1.3,0,0,0,1.7,0,0,-68.8,0,0,0,0,0,0,0,,,,LISTEN / UTTERANCE
477,955-956,39.75,hermes-as-young-man,A,-2,2,-0.5,0,0,-1,0,5.5,0,1.3,0,-3.4,-173.3,2.8,0,0,0,0,0,0,,,,WEIGHT SHIFT / HOLD / SCENE
478,957-958,39.833,odysseus,h,-2,2,3.5,180,0,-1.3,0,0,0,1.7,0,0,-68.8,0,0,0,0,0,0,0,,,,LISTEN / UTTERANCE
478,957-958,39.833,hermes-as-young-man,A,-2,2,-0.5,0,0,-0.2,0,5.5,0,0.2,0,-3.2,-173.3,2.6,0,0,0,0,0,0,,,,WEIGHT SHIFT / HOLD / SCENE
479,959-960,39.917,odysseus,h,-2,2,3.5,180,0,-1.3,0,0,0,1.7,0,0,-68.8,0,0,0,0,0,0,0,,,,LISTEN / UTTERANCE
479,959-960,39.917,hermes-as-young-man,A,-2,2,-0.5,0,0,0.7,-0.1,5.2,0,-1.1,0,-3,-169,2.6,0,0,0,0,0,0,,,,WEIGHT SHIFT / HOLD / SCENE
480,961-962,40,odysseus,h,-2,2,3.5,180,0,-1.3,0,0,0,1.7,0,0,-68.8,0,0,0,0,0,0,0,,,,LISTEN / UTTERANCE
480,961-962,40,hermes-as-young-man,A,-2,2,-0.5,0,0,1.4,-0.1,4.8,0,-2.1,0,-2.7,-165.9,2.4,0,0,0,0,0,0,,,,WEIGHT SHIFT / HOLD / SCENE
481,963-964,40.083,odysseus,h,-2,2,3.5,180,0,-1.3,0,0,0,1.7,0,0,-68.8,0,0,0,0,0,0,0,,,,LISTEN / UTTERANCE
481,963-964,40.083,hermes-as-young-man,A,-2,2,-0.5,0,0,1.7,-0.1,4.5,0,-2.6,0,-2.3,-162.8,2.3,0,0,0,0,0,0,,,,WEIGHT SHIFT / HOLD / SCENE
482,965-966,40.167,odysseus,h,-2,2,3.5,180,0,-1.3,0,0,0,1.7,0,0,-68.8,0,0,0,0,0,0,0,,,,LISTEN / UTTERANCE
482,965-966,40.167,hermes-as-young-man,A,-2,2,-0.5,0,0,1.7,0,4.2,0,-2.5,0,-2,-159.7,2.2,0,0,0,0,0,0,,,,WEIGHT SHIFT / HOLD / SCENE
483,967-968,40.25,odysseus,h,-2,2,3.5,180,0,-1.3,0,0,0,1.7,0,0,-68.8,0,0,0,0,0,0,0,,,,LOOK / HOLD / SCENE
483,967-968,40.25,hermes-as-young-man,A,-2,2,-0.5,0,0,1.7,0,3.9,0,-2.5,0,-1.6,-156.6,2.1,0,0,0,0,0,0,,,,WEIGHT SHIFT / HOLD / SCENE
484,969-970,40.333,odysseus,R,-2,2,3.5,180,0,-1.3,0,0,0,1.7,0,2.9,-68.8,0,0,0,0,0,0,0,,,,LOOK / HOLD / SCENE
484,969-970,40.333,hermes-as-young-man,A,-2,2,-0.5,0,0,1.6,0,3.6,0,-2.4,0,-1.3,-153.6,1.9,0,0,0,0,0,0,,,,WEIGHT SHIFT / HOLD / SCENE
485,971-972,40.417,odysseus,R,-2,2,3.5,180,0,-1.3,0,0,0,1.7,0,1.3,-68.8,0,0,0,0,0,0,0,,,,LOOK / HOLD / SCENE
485,971-972,40.417,hermes-as-young-man,A,-2,2,-0.5,0,0,1.6,0,3.3,0,-2.4,0,-0.9,-149,1.8,0,0,0,0,0,0,,,,WEIGHT SHIFT / HOLD / SCENE
486,973-974,40.5,odysseus,h,-2,2,3.5,180,0,-1.3,0,0,0,1.7,0,0.3,-68.8,0,0,0,0,0,0,0,,,,LOOK / HOLD / SCENE
486,973-974,40.5,hermes-as-young-man,A,-2,2,-0.5,0,0,1.6,0,2.7,0,-2.4,0,-0.6,-137.5,1.4,0,0,0,0,0,0,,,,WEIGHT SHIFT / HOLD / SCENE
487,975-976,40.583,odysseus,h,-2,2,3.5,180,0,-1.3,0,0,0,1.7,0,0,-68.8,0,0,0,0,0,0,0,,,,LOOK / HOLD / SCENE
487,975-976,40.583,hermes-as-young-man,A,-2,2,-0.5,0,0,1.6,0,1.8,0,-2.3,0,-0.4,-122.6,1,0,0,0,0,0,0,,,,WEIGHT SHIFT / HOLD / SCENE
488,977-978,40.667,odysseus,h,-2,2,3.5,180,0,-1.3,0,0,0,1.7,0,0,-68.8,0,0,0,0,0,0,0,,,,LOOK / HOLD / SCENE
488,977-978,40.667,hermes-as-young-man,A,-2,2,-0.5,0,0,1.6,0,0.9,0,-2.3,0,-0.2,-107.7,0.5,0,0,0,0,0,0,,,,WEIGHT SHIFT / HOLD / SCENE
489,979-980,40.75,odysseus,h,-2,2,3.5,180,0,-1.3,0,0,0,1.7,0,0,-68.8,0,0,0,0,0,0,0,,,,LOOK / HOLD / SCENE
489,979-980,40.75,hermes-as-young-man,A,-2,2,-0.5,0,0,1.5,0,0.3,0,-2.2,0,0,-96.3,0.1,0,0,0,0,0,0,,,,WEIGHT SHIFT / HOLD / SCENE
490,981-982,40.833,odysseus,h,-2,2,3.5,180,0,-1.3,0,0,0,1.7,0,0,-68.8,0,0,0,0,0,0,0,,,,LISTEN / UTTERANCE
490,981-982,40.833,hermes-as-young-man,A,-2,2,-0.5,0,0,1.5,0,0,0,-2.2,0,0,-91.7,0,0,0,0,0,0,0,,,,WEIGHT SHIFT / HOLD / SCENE
491,983-984,40.917,odysseus,h,-2,2,3.5,180,0,-1.3,0,0,0,1.7,0,0,-68.8,0,0,0,0,0,0,0,,,,LISTEN / UTTERANCE
491,983-984,40.917,hermes-as-young-man,h,-2,2,-0.5,0,0,1.5,0,0,0,-2.1,0,0,-91.7,0,0,0,0,0,0,0,,,,WEIGHT SHIFT / HOLD / SCENE
492,985-986,41,odysseus,h,-2,2,3.5,180,0,-1.3,0,0,0,1.7,0,0,-68.8,0,0,0,0,0,0,0,,,,LISTEN / UTTERANCE
492,985-986,41,hermes-as-young-man,h,-2,2,-0.5,0,0,1.5,0,0,0,-2.1,0,0,-91.7,0,0,0,0,0,0,0,,,,WEIGHT SHIFT / HOLD / SCENE
493,987-988,41.083,odysseus,h,-2,2,3.5,180,0,-1.3,0,0,0,1.7,0,0,-68.8,0,0,0,0,0,0,0,,,,LISTEN / UTTERANCE
493,987-988,41.083,hermes-as-young-man,h,-2,2,-0.5,0,0,1.4,0,0,0,-2,0,0,-91.7,0,0,0,0,0,0,0,,,,LOOK / HOLD / SCENE
494,989-990,41.167,odysseus,h,-2,2,3.5,180,0,-1.3,0,0,0,1.7,0,0,-68.8,0,0,0,0,0,0,0,,,,LISTEN / UTTERANCE
494,989-990,41.167,hermes-as-young-man,A,-2,2,-0.5,0,0,1.4,0,0,0,-2,0,2.9,-91.7,0,0,0,0,0,0,0,,,,LOOK / HOLD / SCENE
495,991-992,41.25,odysseus,h,-2,2,3.5,180,0,-1.3,0,0,0,1.7,0,0,-68.8,0,0,0,0,0,0,0,,,,LISTEN / UTTERANCE
495,991-992,41.25,hermes-as-young-man,h,-2,2,-0.5,0,0,1.4,0,0,0,-1.9,0,1.3,-91.7,0,0,0,0,0,0,0,,,,LOOK / HOLD / SCENE
496,993-994,41.333,odysseus,h,-2,2,3.5,180,0,-1.3,0,0,0,1.7,0,0,-68.8,0,0,0,0,0,0,0,,,,LISTEN / UTTERANCE
496,993-994,41.333,hermes-as-young-man,h,-2,2,-0.5,0,0,1.4,0,0,0,-1.9,0,0.3,-91.7,0,0,0,0,0,0,0,,,,LOOK / HOLD / SCENE
497,995-996,41.417,odysseus,h,-2,2,3.5,180,0,-1.3,0,0,0,1.7,0,0,-68.8,0,0,0,0,0,0,0,,,,LISTEN / UTTERANCE
497,995-996,41.417,hermes-as-young-man,h,-2,2,-0.5,0,0,1.3,0,0,0,-1.9,0,0,-91.7,0,0,0,0,0,0,0,,,,LOOK / HOLD / SCENE
498,997-998,41.5,odysseus,h,-2,2,3.5,180,0,-1.3,0,0,0,1.7,0,0,-68.8,0,0,0,0,0,0,0,,,,WEIGHT SHIFT / HOLD / SCENE
498,997-998,41.5,hermes-as-young-man,h,-2,2,-0.5,0,0,1.3,0,0,0,-1.8,0,0,-91.7,0,0,0,0,0,0,0,,,,LOOK / HOLD / SCENE
499,999-1000,41.583,odysseus,h,-2,2,3.5,180,0,-1,0,0,0,1.3,0,0,-68.8,0,0,0,0,0,0,0,,,,WEIGHT SHIFT / HOLD / SCENE
499,999-1000,41.583,hermes-as-young-man,h,-2,2,-0.5,0,0,1.3,0,0,0,-1.8,0,0,-91.7,0,0,0,0,0,0,0,,,,LOOK / HOLD / SCENE
500,1001-1002,41.667,odysseus,A,-2,2,3.5,180,0,-0.2,0,0,0,0.2,0,0,-68.8,0,0,0,0,0,0,0,,,,WEIGHT SHIFT / HOLD / SCENE
500,1001-1002,41.667,hermes-as-young-man,h,-2,2,-0.5,0,0,1.3,0,0,0,-1.7,0,0,-91.7,0,0,0,0,0,0,0,,,,LOOK / HOLD / SCENE
501,1003-1004,41.75,odysseus,A,-2,2,3.5,180,0,0.7,-0.1,0,0,-1.1,0,0,-68.8,0,0,0,0,0,0,0,,,,WEIGHT SHIFT / HOLD / SCENE
501,1003-1004,41.75,hermes-as-young-man,h,-2,2,-0.5,0,0,1.3,0,0,0,-1.7,0,0,-91.7,0,0,0,0,0,0,0,,,,DECLARE / UTTERANCE / SCENE
502,1005-1006,41.833,odysseus,A,-2,2,3.5,180,0,1.4,-0.1,0,0,-2.1,0,0,-68.8,0,0,0,0,0,0,0,,,,WEIGHT SHIFT / HOLD / SCENE
502,1005-1006,41.833,hermes-as-young-man,h,-2,2,-0.5,0,0,1.3,0,0,0,-1.7,0,0,-91.7,0,0,0,0,0,0,0,,,,DECLARE / UTTERANCE / SCENE
503,1007-1008,41.917,odysseus,h,-2,2,3.5,180,0,1.7,-0.1,0,0,-2.6,0,0,-68.8,0,0,0,0,0,0,0,,,,WEIGHT SHIFT / HOLD / SCENE
503,1007-1008,41.917,hermes-as-young-man,h,-2,2,-0.5,0,0,1.3,0,0,0,-1.7,0,0,-91.7,0,0,0,0,0,0,0,,,,DECLARE / UTTERANCE / SCENE
504,1009-1010,42,odysseus,h,-2,2,3.5,180,0,1.7,0,0,0,-2.5,0,0,-68.8,0,0,0,0,0,0,0,,,,WEIGHT SHIFT / HOLD / SCENE
504,1009-1010,42,hermes-as-young-man,h,-2,2,-0.5,0,0,1.3,0,0,0,-1.7,0,0,-91.7,0,0,0,0,0,0,0,,,,DECLARE / UTTERANCE / SCENE
505,1011-1012,42.083,odysseus,h,-2,2,3.5,180,0,1.7,0,0,0,-2.5,0,0,-68.8,0,0,0,0,0,0,0,,,,WEIGHT SHIFT / HOLD / SCENE
505,1011-1012,42.083,hermes-as-young-man,h,-2,2,-0.5,0,0,1.3,0,0,0,-1.7,0,0,-91.7,0,0,0,0,0,0,0,,,,NOD / DECLARE / UTTERANCE
506,1013-1014,42.167,odysseus,h,-2,2,3.5,180,0,1.6,0,0,0,-2.4,0,0,-68.8,0,0,0,0,0,0,0,,,,WEIGHT SHIFT / HOLD / SCENE
506,1013-1014,42.167,hermes-as-young-man,h,-2,2,-0.5,0,0,1.3,0,0,0,-1.7,0,1.9,-91.7,0,0,0,0,0,0,0,,,,NOD / DECLARE / UTTERANCE
507,1015-1016,42.25,odysseus,h,-2,2,3.5,180,0,1.6,0,0,0,-2.4,0,0,-68.8,0,0,0,0,0,0,0,,,,WEIGHT SHIFT / HOLD / SCENE
507,1015-1016,42.25,hermes-as-young-man,A,-2,2,-0.5,0,0,1.3,0,-1.2,0,-1.7,0,4.5,-85.9,2.4,0,0,-0.6,0,0,0,,,,CHOP / DECLARE / UTTERANCE
508,1017-1018,42.333,odysseus,h,-2,2,3.5,180,0,1.6,0,0,0,-2.4,0,0,-68.8,0,0,0,0,0,0,0,,,,WEIGHT SHIFT / HOLD / SCENE
508,1017-1018,42.333,hermes-as-young-man,A,-2,2,-0.5,0,0,1.3,0,-1.5,0,-1.7,0,5.7,-83.9,3.8,0,0,-2,0,0,0,,,,CHOP / DECLARE / UTTERANCE
509,1019-1020,42.417,odysseus,h,-2,2,3.5,180,0,1.6,0,0,0,-2.3,0,0,-68.8,0,0,0,0,0,0,0,,,,WEIGHT SHIFT / HOLD / SCENE
509,1019-1020,42.417,hermes-as-young-man,A,-2,2,-0.5,0,0,1.3,0,2.8,0,-1.7,0,5.1,-137.9,4.3,0,0,-4.1,0,0,0,,,,CHOP / DECLARE / UTTERANCE
510,1021-1022,42.5,odysseus,h,-2,2,3.5,180,0,1.6,0,0,0,-2.3,0,0,-68.8,0,0,0,0,0,0,0,,,,WEIGHT SHIFT / HOLD / SCENE
510,1021-1022,42.5,hermes-as-young-man,A,-2,2,-0.5,0,0,1.3,0,4.4,0,-1.7,0,3.4,-157,4.4,0,0,-6.3,0,0,0,,,,CHOP / DECLARE / UTTERANCE
511,1023-1024,42.583,odysseus,h,-2,2,3.5,180,0,1.5,0,0,0,-2.2,0,0,-68.8,0,0,0,0,0,0,0,,,,WEIGHT SHIFT / HOLD / SCENE
511,1023-1024,42.583,hermes-as-young-man,A,-2,2,-0.5,0,0,1.3,0,4.4,0,-1.7,0,2.4,-157,4.2,0,0,-8.3,0,0,0,,,,CHOP / DECLARE / UTTERANCE
512,1025-1026,42.667,odysseus,h,-2,2,3.5,180,0,1.5,0,0,0,-2.2,0,0,-68.8,0,0,0,0,0,0,0,,,,WEIGHT SHIFT / HOLD / SCENE
512,1025-1026,42.667,hermes-as-young-man,A,-2,2,-0.5,0,0,1.3,0,4.1,0,-1.7,0,2.3,-153.6,4.1,0,0,-9.7,0,0,0,,,,CHOP / DECLARE / UTTERANCE
513,1027-1028,42.75,odysseus,h,-2,2,3.5,180,0,1.5,0,0,0,-2.1,0,0,-68.8,0,0,0,0,0,0,0,,,,WEIGHT SHIFT / HOLD / SCENE
513,1027-1028,42.75,hermes-as-young-man,A,-2,2,-0.5,0,0,1.3,0,3.9,0,-1.7,0,2.1,-147.1,3.9,0,0,-10.3,0,0,0,,,,CHOP / DECLARE / UTTERANCE
514,1029-1030,42.833,odysseus,h,-2,2,3.5,180,0,1.5,0,0,0,-2.1,0,0,-68.8,0,0,0,0,0,0,0,,,,WEIGHT SHIFT / HOLD / SCENE
514,1029-1030,42.833,hermes-as-young-man,A,-2,2,-0.5,0,0,1.3,0,3.6,0,-1.7,0,1.8,-127.8,3.7,0,0,-10,0,0,0,,,,CHOP / DECLARE / UTTERANCE
515,1031-1032,42.917,odysseus,h,-2,2,3.5,180,0,1.4,0,0,0,-2,0,0,-68.8,0,0,0,0,0,0,0,,,,WEIGHT SHIFT / HOLD / SCENE
515,1031-1032,42.917,hermes-as-young-man,h,-2,2,-0.5,0,0,1.3,0,3.4,0,-1.7,0,1.6,-127.1,3.5,0,0,-9.2,0,0,0,,,,CHOP / DECLARE / UTTERANCE
516,1033-1034,43,odysseus,h,-2,2,3.5,180,0,1.4,0,0,0,-2,0,0,-68.8,0,0,0,0,0,0,0,,,,WEIGHT SHIFT / HOLD / SCENE
516,1033-1034,43,hermes-as-young-man,h,-2,2,-0.5,0,0,1.3,0,3.1,0,-1.7,0,1.3,-126.4,3.3,0,0,-8.1,0,0,0,,,,CHOP / DECLARE / UTTERANCE
517,1035-1036,43.083,odysseus,h,-2,2,3.5,180,0,1.4,0,0,0,-1.9,0,0,-68.8,0,0,0,0,0,0,0,,,,WEIGHT SHIFT / HOLD / SCENE
517,1035-1036,43.083,hermes-as-young-man,h,-2,2,-0.5,0,0,1.3,0,2.9,0,-1.7,0,1,-125.7,3.1,0,0,-6.7,0,0,0,,,,CHOP / DECLARE / UTTERANCE
518,1037-1038,43.167,odysseus,h,-2,2,3.5,180,0,1.4,0,0,0,-1.9,0,0,-68.8,0,0,0,0,0,0,0,,,,WEIGHT SHIFT / HOLD / SCENE
518,1037-1038,43.167,hermes-as-young-man,h,-2,2,-0.5,0,0,1.3,0,2.7,0,-1.7,0,0.8,-123.2,2.9,0,0,-5.2,0,0,0,,,,CHOP / DECLARE / UTTERANCE
519,1039-1040,43.25,odysseus,h,-2,2,3.5,180,0,1.3,0,0,0,-1.9,0,0,-68.8,0,0,0,0,0,0,0,,,,WEIGHT SHIFT / HOLD / SCENE
519,1039-1040,43.25,hermes-as-young-man,A,-2,2,-0.5,0,0,1.3,0,2.1,0,-1.7,0,0.5,-116.9,2.3,0,0,-3.6,0,0,0,,,,CHOP / DECLARE / UTTERANCE
520,1041-1042,43.333,odysseus,h,-2,2,3.5,180,0,1.3,0,0,0,-1.8,0,0,-68.8,0,0,0,0,0,0,0,,,,WEIGHT SHIFT / HOLD / SCENE
520,1041-1042,43.333,hermes-as-young-man,A,-2,2,-0.5,0,0,1.3,0,1.4,0,-1.7,0,0.3,-108.7,1.5,0,0,-2.2,0,0,0,,,,CHOP / DECLARE / UTTERANCE
521,1043-1044,43.417,odysseus,h,-2,2,3.5,180,0,1.3,0,0,0,-1.8,0,0,-68.8,0,0,0,0,0,0,0,,,,WEIGHT SHIFT / HOLD / SCENE
521,1043-1044,43.417,hermes-as-young-man,A,-2,2,-0.5,0,0,1.3,0,0.7,0,-1.7,0,0.1,-100.5,0.8,0,0,-1.1,0,0,0,,,,CHOP / DECLARE / UTTERANCE
522,1045-1046,43.5,odysseus,h,-2,2,3.5,180,0,1.3,0,0,0,-1.7,0,0,-68.8,0,0,0,0,0,0,0,,,,WEIGHT SHIFT / HOLD / SCENE
522,1045-1046,43.5,hermes-as-young-man,A,-2,2,-0.5,0,0,1.3,0,0.2,0,-1.7,0,0,-94.2,0.2,0,0,-0.3,0,0,0,,,,CHOP / DECLARE / UTTERANCE
523,1047-1048,43.583,odysseus,h,-2,2,3.5,180,0,1.3,0,0,0,-1.7,0,0,-68.8,0,0,0,0,0,0,0,,,,LISTEN / UTTERANCE
523,1047-1048,43.583,hermes-as-young-man,h,-2,2,-0.5,0,0,1.3,0,0,0,-1.7,0,0,-91.7,0,0,0,0,0,0,0,,,,DECLARE / UTTERANCE / SCENE
524,1049-1050,43.667,odysseus,h,-2,2,3.5,180,0,1.3,0,0,0,-1.7,0,0,-68.8,0,0,0,0,0,0,0,,,,LISTEN / UTTERANCE
524,1049-1050,43.667,hermes-as-young-man,h,-2,2,-0.5,0,0,1.3,0,0,0,-1.7,0,0,-91.7,0,0,0,0,0,0,0,,,,DECLARE / UTTERANCE / SCENE
525,1051-1052,43.75,odysseus,h,-2,2,3.5,180,0,1.3,0,0,0,-1.7,0,0,-68.8,0,0,0,0,0,0,0,,,,LISTEN / UTTERANCE
525,1051-1052,43.75,hermes-as-young-man,h,-2,2,-0.5,0,0,1,0,0,0,-1.4,0,0,-91.7,0,0,0,0,0,0,0,,,,WEIGHT SHIFT / HOLD / SCENE
526,1053-1054,43.833,odysseus,h,-2,2,3.5,180,0,1.3,0,0,0,-1.7,0,0,-68.8,0,0,0,0,0,0,0,,,,LOOK / HOLD / SCENE
526,1053-1054,43.833,hermes-as-young-man,h,-2,2,-0.5,0,0,0.5,0,0,0,-0.6,0,0,-91.7,0,0,0,0,0,0,0,,,,WEIGHT SHIFT / HOLD / SCENE
527,1055-1056,43.917,odysseus,A,-2,2,3.5,180,0,1.3,0,0,0,-1.7,0,2.9,-68.8,0,0,0,0,0,0,0,,,,LOOK / HOLD / SCENE
527,1055-1056,43.917,hermes-as-young-man,A,-2,2,-0.5,0,0,-0.2,0,0,0,0.4,0,0,-91.7,0,0,0,0,0,0,0,,,,WEIGHT SHIFT / HOLD / SCENE
528,1057-1058,44,odysseus,h,-2,2,3.5,180,0,1.3,0,0,0,-1.7,0,1.3,-68.8,0,0,0,0,0,0,0,,,,LOOK / HOLD / SCENE
528,1057-1058,44,hermes-as-young-man,A,-2,2,-0.5,0,0,-0.9,-0.1,0,0,1.5,0,0,-91.7,0,0,0,0,0,0,0,,,,WEIGHT SHIFT / HOLD / SCENE
529,1059-1060,44.083,odysseus,h,-2,2,3.5,180,0,1.3,0,0,0,-1.7,0,0.3,-68.8,0,0,0,0,0,0,0,,,,LOOK / HOLD / SCENE
529,1059-1060,44.083,hermes-as-young-man,h,-2,2,-0.5,0,0,-1.5,-0.1,0,0,2.3,0,0,-91.7,0,0,0,0,0,0,0,,,,WEIGHT SHIFT / HOLD / SCENE
530,1061-1062,44.167,odysseus,h,-2,2,3.5,180,0,1.3,0,0,0,-1.7,0,0,-68.8,0,0,0,0,0,0,0,,,,LOOK / HOLD / SCENE
530,1061-1062,44.167,hermes-as-young-man,h,-2,2,-0.5,0,0,-1.7,-0.1,0,0,2.6,0,0,-91.7,0,0,0,0,0,0,0,,,,WEIGHT SHIFT / HOLD / SCENE
531,1063-1064,44.25,odysseus,h,-2,2,3.5,180,0,1.3,0,0,0,-1.7,0,0,-68.8,0,0,0,0,0,0,0,,,,LOOK / HOLD / SCENE
531,1063-1064,44.25,hermes-as-young-man,h,-2,2,-0.5,0,0,-1.7,0,0,0,2.5,0,0,-91.7,0,0,0,0,0,0,0,,,,WEIGHT SHIFT / HOLD / SCENE
532,1065-1066,44.333,odysseus,h,-2,2,3.5,180,0,1.3,0,0,0,-1.7,0,0,-68.8,0,0,0,0,0,0,0,,,,LOOK / HOLD / SCENE
532,1065-1066,44.333,hermes-as-young-man,h,-2,2,-0.5,0,0,-1.7,0,0,0,2.5,0,0,-91.7,0,0,0,0,0,0,0,,,,WEIGHT SHIFT / HOLD / SCENE
533,1067-1068,44.417,odysseus,h,-2,2,3.5,180,0,1.3,0,0,0,-1.7,0,0,-68.8,0,0,0,0,0,0,0,,,,LOOK / HOLD / SCENE
533,1067-1068,44.417,hermes-as-young-man,h,-2,2,-0.5,0,0,-1.6,0,0,0,2.4,0,0,-91.7,0,0,0,0,0,0,0,,,,WEIGHT SHIFT / HOLD / SCENE
534,1069-1070,44.5,odysseus,h,-2,2,3.5,180,0,1.3,0,0,0,-1.7,0,0,-68.8,0,0,0,0,0,0,0,,,,LISTEN / UTTERANCE
534,1069-1070,44.5,hermes-as-young-man,h,-2,2,-0.5,0,0,-1.6,0,0,0,2.4,0,0,-91.7,0,0,0,0,0,0,0,,,,WEIGHT SHIFT / HOLD / SCENE
535,1071-1072,44.583,odysseus,h,-2,2,3.5,180,0,1.3,0,0,0,-1.7,0,0,-68.8,0,0,0,0,0,0,0,,,,LISTEN / UTTERANCE
535,1071-1072,44.583,hermes-as-young-man,h,-2,2,-0.5,0,0,-1.6,0,0,0,2.3,0,0,-91.7,0,0,0,0,0,0,0,,,,WEIGHT SHIFT / HOLD / SCENE
536,1073-1074,44.667,odysseus,h,-2,2,3.5,180,0,1.3,0,0,0,-1.7,0,0,-68.8,0,0,0,0,0,0,0,,,,LISTEN / UTTERANCE
536,1073-1074,44.667,hermes-as-young-man,h,-2,2,-0.5,0,0,-1.6,0,0,0,2.3,0,0,-91.7,0,0,0,0,0,0,0,,,,WEIGHT SHIFT / HOLD / SCENE
537,1075-1076,44.75,odysseus,h,-2,2,3.5,180,0,1.3,0,0,0,-1.7,0,0,-68.8,0,0,0,0,0,0,0,,,,LISTEN / UTTERANCE
537,1075-1076,44.75,hermes-as-young-man,A,-2,2,-0.5,0,0,-1.5,0,0,0,2.2,0,2.9,-91.7,0,0,0,0,0,0,0,,,,LOOK / HOLD / SCENE
538,1077-1078,44.833,odysseus,h,-2,2,3.5,180,0,1.3,0,0,0,-1.7,0,0,-68.8,0,0,0,0,0,0,0,,,,LISTEN / UTTERANCE
538,1077-1078,44.833,hermes-as-young-man,h,-2,2,-0.5,0,0,-1.5,0,0,0,2.2,0,1.6,-91.7,0,0,0,0,0,0,0,,,,LOOK / HOLD / SCENE
539,1079-1080,44.917,odysseus,h,-2,2,3.5,180,0,1.3,0,0,0,-1.7,0,0,-68.8,0,0,0,0,0,0,0,,,,LISTEN / UTTERANCE
539,1079-1080,44.917,hermes-as-young-man,h,-2,2,-0.5,0,0,-1.5,0,0,0,2.1,0,0.7,-91.7,0,0,0,0,0,0,0,,,,LOOK / HOLD / SCENE
540,1081-1082,45,odysseus,h,-2,2,3.5,180,0,1,0,0,0,-1.3,0,0,-68.8,0,0,0,0,0,0,0,,,,WEIGHT SHIFT / HOLD / SCENE
540,1081-1082,45,hermes-as-young-man,h,-2,2,-0.5,0,0,-1.5,0,0,0,2.1,0,0.2,-91.7,0,0,0,0,0,0,0,,,,FIST / DECLARE / UTTERANCE
541,1083-1084,45.083,odysseus,A,-2,2,3.5,180,0,0.2,0,0,0,-0.2,0,0,-68.8,0,0,0,0,0,0,0,,,,WEIGHT SHIFT / HOLD / SCENE
541,1083-1084,45.083,hermes-as-young-man,A,-2,2,-0.5,0,0,-1.4,0,-1.2,0,2.1,0,4.9,-85.9,3.6,0,0,0,0,0,0,,,,FIST / DECLARE / UTTERANCE
542,1085-1086,45.167,odysseus,A,-2,2,3.5,180,0,-0.7,-0.1,0,0,1.1,0,0,-68.8,0,0,0,0,0,0,0,,,,WEIGHT SHIFT / HOLD / SCENE
542,1085-1086,45.167,hermes-as-young-man,A,-2,2,-0.5,0,0,-1.4,0,-1.5,0,2,0,7.1,-83.9,5.6,0,0,0,0,0,0,,,,FIST / DECLARE / UTTERANCE
543,1087-1088,45.25,odysseus,A,-2,2,3.5,180,0,-1.4,-0.1,0,0,2.1,0,0,-68.8,0,0,0,0,0,0,0,,,,WEIGHT SHIFT / HOLD / SCENE
543,1087-1088,45.25,hermes-as-young-man,A,-2,2,-0.5,0,0,-1.4,0,5.2,0,2,0,7,-121.9,6.5,0,0,0,0,0,0,,,,FIST / DECLARE / UTTERANCE
544,1089-1090,45.333,odysseus,h,-2,2,3.5,180,0,-1.7,-0.1,0,0,2.6,0,0,-68.8,0,0,0,0,0,0,0,,,,WEIGHT SHIFT / HOLD / SCENE
544,1089-1090,45.333,hermes-as-young-man,A,-2,2,-0.5,0,0,-1.4,0,7.7,0,1.9,0,5.8,-135.4,6.6,0,0,0,0,0,0,,,,FIST / DECLARE / UTTERANCE
545,1091-1092,45.417,odysseus,h,-2,2,3.5,180,0,-1.7,0,0,0,2.5,0,0,-68.8,0,0,0,0,0,0,0,,,,WEIGHT SHIFT / HOLD / SCENE
545,1091-1092,45.417,hermes-as-young-man,h,-2,2,-0.5,0,0,-1.3,0,7.7,0,1.9,0,4.4,-135.4,6.4,0,0,0,0,0,0,,,,FIST / DECLARE / UTTERANCE
546,1093-1094,45.5,odysseus,h,-2,2,3.5,180,0,-1.7,0,0,0,2.5,0,0,-68.8,0,0,0,0,0,0,0,,,,WEIGHT SHIFT / HOLD / SCENE
546,1093-1094,45.5,hermes-as-young-man,h,-2,2,-0.5,0,0,-1.3,0,7.2,0,1.8,0,3.6,-132.9,6.2,0,0,0,0,0,0,,,,FIST / DECLARE / UTTERANCE
547,1095-1096,45.583,odysseus,h,-2,2,3.5,180,0,-1.6,0,0,0,2.4,0,0,-68.8,0,0,0,0,0,0,0,,,,WEIGHT SHIFT / HOLD / SCENE
547,1095-1096,45.583,hermes-as-young-man,h,-2,2,-0.5,0,0,-1.3,0,6.8,0,1.8,0,3.3,-131.3,5.9,0,0,0,0,0,0,,,,FIST / DECLARE / UTTERANCE
548,1097-1098,45.667,odysseus,h,-2,2,3.5,180,0,-1.6,0,0,0,2.4,0,0,-68.8,0,0,0,0,0,0,0,,,,WEIGHT SHIFT / HOLD / SCENE
548,1097-1098,45.667,hermes-as-young-man,h,-2,2,-0.5,0,0,-1.3,0,6.4,0,1.7,0,2.9,-129.6,5.6,0,0,0,0,0,0,,,,FIST / DECLARE / UTTERANCE
549,1099-1100,45.75,odysseus,h,-2,2,3.5,180,0,-1.6,0,0,0,2.4,0,0,-68.8,0,0,0,0,0,0,0,,,,WEIGHT SHIFT / HOLD / SCENE
549,1099-1100,45.75,hermes-as-young-man,h,-2,2,-0.5,0,0,-1.3,0,5.9,0,1.7,0,2.5,-128,5.3,0,0,0,0,0,0,,,,FIST / DECLARE / UTTERANCE
550,1101-1102,45.833,odysseus,h,-2,2,3.5,180,0,-1.6,0,0,0,2.3,0,0,-68.8,0,0,0,0,0,0,0,,,,WEIGHT SHIFT / HOLD / SCENE
550,1101-1102,45.833,hermes-as-young-man,h,-2,2,-0.5,0,0,-1.3,0,5.5,0,1.7,0,2.1,-126.3,5,0,0,0,0,0,0,,,,FIST / DECLARE / UTTERANCE
551,1103-1104,45.917,odysseus,h,-2,2,3.5,180,0,-1.6,0,0,0,2.3,0,0,-68.8,0,0,0,0,0,0,0,,,,WEIGHT SHIFT / HOLD / SCENE
551,1103-1104,45.917,hermes-as-young-man,h,-2,2,-0.5,0,0,-1.3,0,5.1,0,1.7,0,1.6,-124.7,4.6,0,0,0,0,0,0,,,,FIST / DECLARE / UTTERANCE
552,1105-1106,46,odysseus,h,-2,2,3.5,180,0,-1.5,0,0,0,2.2,0,0,-68.8,0,0,0,0,0,0,0,,,,WEIGHT SHIFT / HOLD / SCENE
552,1105-1106,46,hermes-as-young-man,h,-2,2,-0.5,0,0,-1.3,0,4.7,0,1.7,0,1.2,-122.2,4.3,0,0,0,0,0,0,,,,FIST / DECLARE / UTTERANCE
553,1107-1108,46.083,odysseus,h,-2,2,3.5,180,0,-1.5,0,0,0,2.2,0,0,-68.8,0,0,0,0,0,0,0,,,,WEIGHT SHIFT / HOLD / SCENE
553,1107-1108,46.083,hermes-as-young-man,A,-2,2,-0.5,0,0,-1.3,0,3.7,0,1.7,0,0.8,-116.1,3.4,0,0,0,0,0,0,,,,FIST / DECLARE / UTTERANCE
554,1109-1110,46.167,odysseus,h,-2,2,3.5,180,0,-1.5,0,0,0,2.1,0,0,-68.8,0,0,0,0,0,0,0,,,,WEIGHT SHIFT / HOLD / SCENE
554,1109-1110,46.167,hermes-as-young-man,A,-2,2,-0.5,0,0,-1.3,0,2.5,0,1.7,0,0.5,-108.2,2.3,0,0,0,0,0,0,,,,FIST / DECLARE / UTTERANCE
555,1111-1112,46.25,odysseus,h,-2,2,3.5,180,0,-1.5,0,0,0,2.1,0,0,-68.8,0,0,0,0,0,0,0,,,,WEIGHT SHIFT / HOLD / SCENE
555,1111-1112,46.25,hermes-as-young-man,A,-2,2,-0.5,0,0,-1.3,0,1.3,0,1.7,0,0.2,-100.2,1.2,0,0,0,0,0,0,,,,FIST / DECLARE / UTTERANCE
556,1113-1114,46.333,odysseus,h,-2,2,3.5,180,0,-1.4,0,0,0,2,0,0,-68.8,0,0,0,0,0,0,0,,,,WEIGHT SHIFT / HOLD / SCENE
556,1113-1114,46.333,hermes-as-young-man,A,-2,2,-0.5,0,0,-1.3,0,0.4,0,1.7,0,0.1,-94.1,0.3,0,0,0,0,0,0,,,,FIST / DECLARE / UTTERANCE
557,1115-1116,46.417,odysseus,h,-2,2,3.5,180,0,-1.4,0,0,0,2,0,0,-68.8,0,0,0,0,0,0,0,,,,WEIGHT SHIFT / HOLD / SCENE
557,1115-1116,46.417,hermes-as-young-man,h,-2,2,-0.5,0,0,-1.3,0,0,0,1.7,0,0,-91.7,0,0,0,0,0,0,0,,,,FIST / DECLARE / UTTERANCE
558,1117-1118,46.5,odysseus,h,-2,2,3.5,180,0,-1.4,0,0,0,1.9,0,0,-68.8,0,0,0,0,0,0,0,,,,WEIGHT SHIFT / HOLD / SCENE
558,1117-1118,46.5,hermes-as-young-man,h,-2,2,-0.5,0,0,-1.3,0,0,0,1.7,0,0,-91.7,0,0,0,0,0,0,0,,,,DECLARE / UTTERANCE / SCENE
559,1119-1120,46.583,odysseus,h,-2,2,3.5,180,0,-1.4,0,0,0,1.9,0,0,-68.8,0,0,0,0,0,0,0,,,,WEIGHT SHIFT / HOLD / SCENE
559,1119-1120,46.583,hermes-as-young-man,h,-2,2,-0.5,0,0,-1.3,0,0,0,1.7,0,0,-91.7,0,0,0,0,0,0,0,,,,DECLARE / UTTERANCE / SCENE
560,1121-1122,46.667,odysseus,h,-2,2,3.5,180,0,-1.3,0,0,0,1.9,0,0,-68.8,0,0,0,0,0,0,0,,,,WEIGHT SHIFT / HOLD / SCENE
560,1121-1122,46.667,hermes-as-young-man,h,-2,2,-0.5,0,0,-1.3,0,0,0,1.7,0,0,-91.7,0,0,0,0,0,0,0,,,,DECLARE / UTTERANCE / SCENE
561,1123-1124,46.75,odysseus,h,-2,2,3.5,180,0,-1.3,0,0,0,1.8,0,0,-68.8,0,0,0,0,0,0,0,,,,WEIGHT SHIFT / HOLD / SCENE
561,1123-1124,46.75,hermes-as-young-man,h,-2,2,-0.5,0,0,-1.3,0,0,0,1.7,0,0,-91.7,0,0,0,0,0,0,0,,,,DECLARE / UTTERANCE / SCENE
562,1125-1126,46.833,odysseus,h,-2,2,3.5,180,0,-1.3,0,0,0,1.8,0,0,-68.8,0,0,0,0,0,0,0,,,,WEIGHT SHIFT / HOLD / SCENE
562,1125-1126,46.833,hermes-as-young-man,h,-2,2,-0.5,0,0,-1.3,0,0,0,1.7,0,0,-91.7,0,0,0,0,0,0,0,,,,DECLARE / UTTERANCE / SCENE
563,1127-1128,46.917,odysseus,h,-2,2,3.5,180,0,-1.3,0,0,0,1.7,0,0,-68.8,0,0,0,0,0,0,0,,,,WEIGHT SHIFT / HOLD / SCENE
563,1127-1128,46.917,hermes-as-young-man,h,-2,2,-0.5,0,0,-1.3,0,0,0,1.7,0,0,-91.7,0,0,0,0,0,0,0,,,,DECLARE / UTTERANCE / SCENE
564,1129-1130,47,odysseus,A,-2,2,3.5,180,0,-1.3,0,0,0,1.7,0,2.9,-68.8,0,0,0,0,0,0,0,,,,LOOK / HOLD / SCENE
564,1129-1130,47,hermes-as-young-man,h,-2,2,-0.5,0,0,-1.3,0,0,0,1.7,0,0,-91.7,0,0,0,0,0,0,0,,,,DECLARE / UTTERANCE / SCENE
565,1131-1132,47.083,odysseus,h,-2,2,3.5,180,0,-1.3,0,0,0,1.7,0,1.3,-68.8,0,0,0,0,0,0,0,,,,LOOK / HOLD / SCENE
565,1131-1132,47.083,hermes-as-young-man,h,-2,2,-0.5,0,0,-1.3,0,0,0,1.7,0,0,-91.7,0,0,0,0,0,0,0,,,,DECLARE / UTTERANCE / SCENE
566,1133-1134,47.167,odysseus,h,-2,2,3.5,180,0,-1.3,0,0,0,1.7,0,0.3,-68.8,0,0,0,0,0,0,0,,,,LOOK / HOLD / SCENE
566,1133-1134,47.167,hermes-as-young-man,h,-2,2,-0.5,0,0,-1.3,0,0,0,1.7,0,0,-91.7,0,0,0,0,0,0,0,,,,DECLARE / UTTERANCE / SCENE
567,1135-1136,47.25,odysseus,h,-2,2,3.5,180,0,-1.3,0,0,0,1.7,0,0,-68.8,0,0,0,0,0,0,0,,,,LOOK / HOLD / SCENE
567,1135-1136,47.25,hermes-as-young-man,A,-2,2,-0.5,0,0,-1.3,0,0,0,1.7,0,2.6,-91.7,0,0,0,0,0,0,0,,,,NOD / DECLARE / UTTERANCE
568,1137-1138,47.333,odysseus,h,-2,2,3.5,180,0,-1.3,0,0,0,1.7,0,0,-68.8,0,0,0,0,0,0,0,,,,LOOK / HOLD / SCENE
568,1137-1138,47.333,hermes-as-young-man,h,-2,2,-0.5,0,0,-1.3,0,0,0,1.7,0,3.4,-91.7,0,0,0,0,0,0,0,,,,NOD / DECLARE / UTTERANCE
569,1139-1140,47.417,odysseus,h,-2,2,3.5,180,0,-1.3,0,0,0,1.7,0,0,-68.8,0,0,0,0,0,0,0,,,,LOOK / HOLD / SCENE
569,1139-1140,47.417,hermes-as-young-man,h,-2,2,-0.5,0,0,-1.3,0,0,0,1.7,0,2.9,-91.7,0,0,0,0,0,0,0,,,,NOD / DECLARE / UTTERANCE
570,1141-1142,47.5,odysseus,h,-2,2,3.5,180,0,-1.3,0,0,0,1.7,0,0,-68.5,0,0,0,0,0,0,0,,,,LOOK / HOLD / SCENE
570,1141-1142,47.5,hermes-as-young-man,h,-2,2,-0.5,0,0,-1.3,0,0,0,1.7,0,1.7,-90.8,0,-1.9,0,0,0,0,0,,,,NOD / DECLARE / UTTERANCE
571,1143-1144,47.583,odysseus,h,-2,2,3.5,180,0,-1.3,0,0,0,1.7,0,0,-67.6,0,0,0,0,0,0,0,,,,LISTEN / SCENE / SCENE
571,1143-1144,47.583,hermes-as-young-man,A,-2,2,-0.5,0,0,-1.3,0,0,0,1.7,0,0.5,-87,0,-10.1,0,0,0,0,0,,,,NOD / DECLARE / UTTERANCE
572,1145-1146,47.667,odysseus,h,-2,2,3.5,180,0,-1.3,0,0,0,1.7,0,0,-66,0,0,0,0,0,0,0,,,,LISTEN / SCENE / SCENE
572,1145-1146,47.667,hermes-as-young-man,A,-2,2,-0.5,0,0,-1.3,0,0,0,1.7,0,0,-80.8,0,-23.6,0,0,0,0,0,,,,NOD / DECLARE / UTTERANCE
573,1147-1148,47.75,odysseus,h,-2,2,3.5,180,0,-1.3,0,0,0,1.7,0,0,-64,0,0,0,0,0,0,0,,,,LISTEN / SCENE / SCENE
573,1147-1148,47.75,hermes-as-young-man,A,-2,2,-0.5,0,0,-1.3,0,0,0,1.7,0,0,-72.8,0,-40.8,0,0,0,0,0,,,,LOOK / DECLARE / UTTERANCE
574,1149-1150,47.833,odysseus,h,-2,2,3.5,180,0,-1.3,0,0,0,1.7,0,0,-61.8,0,0,0,0,0,0,0,,,,LISTEN / SCENE / SCENE
574,1149-1150,47.833,hermes-as-young-man,A,-2,2,-0.5,0,0,-1.3,0,0,0,1.7,0,2.9,-63.8,0,-60.5,0,0,0,0,0,,,,LOOK / DECLARE / UTTERANCE
575,1151-1152,47.917,odysseus,h,-2,2,3.5,180,0,-1.3,0,0,0,1.7,0,0,-59.4,0,0,0,0,0,0,0,,,,LISTEN / SCENE / SCENE
575,1151-1152,47.917,hermes-as-young-man,A,-2,2,-0.5,0,0,-1.3,0,0,0,1.7,0,1.3,-54.2,0,-81.1,0,0,0,0,0,,,,LOOK / DECLARE / UTTERANCE
576,1153-1154,48,odysseus,h,-2,2,3.5,180,0,-1.3,0,0,0,1.7,0,0,-57.1,0,0,0,0,0,0,0,,,,LISTEN / SCENE / SCENE
576,1153-1154,48,hermes-as-young-man,A,-2,2,-0.5,0,0,-1.3,0,0,0,1.7,0,2.9,-44.9,0,-101.3,0,0,0,0,0,,,,LOOK / HOLD / SCENE
577,1155-1156,48.083,odysseus,h,-2,2,3.5,180,0,-1.3,0,0,0,1.7,0,0,-55,0,0,0,0,0,0,0,,,,LISTEN / UTTERANCE
577,1155-1156,48.083,hermes-as-young-man,A,-2,2,-0.5,0,0,-1.3,0,0,0,1.7,0,1.3,-36.5,0,-119.5,0,0,0,0,0,,,,LOOK / HOLD / SCENE
578,1157-1158,48.167,odysseus,h,-2,2,3.5,180,0,-1.3,0,0,0,1.7,0,0,-53.2,0,0,0,0,0,0,0,,,,LISTEN / UTTERANCE
578,1157-1158,48.167,hermes-as-young-man,A,-2,2,-0.5,0,0,-1.3,0,0,0,1.7,0,0.3,-29.6,0,-134.5,0,0,0,0,0,,,,LOOK / HOLD / SCENE
579,1159-1160,48.25,odysseus,h,-2,2,3.5,180,0,-1.3,0,0,0,1.7,0,0,-52,0,0,0,0,0,0,0,,,,LISTEN / UTTERANCE
579,1159-1160,48.25,hermes-as-young-man,A,-2,2,-0.5,0,0,-1.3,0,0,0,1.7,0,0,-24.8,0,-144.8,0,0,0,0,0,,,,CHOP / DECLARE / UTTERANCE
580,1161-1162,48.333,odysseus,h,-2,2,3.5,180,0,-1.3,0,0,0,1.7,0,0,-51.6,0,0,0,0,0,0,0,,,,LISTEN / UTTERANCE
580,1161-1162,48.333,hermes-as-young-man,A,-2,2,-0.5,0,0,-1.3,0,-1.4,0,1.7,0,3.7,-15.8,2.9,-148.9,0,-0.5,0,0,0,,,,CHOP / DECLARE / UTTERANCE
581,1163-1164,48.417,odysseus,h,-2,2,3.5,180,0,-1.3,0,0,0,1.7,0,0,-51.6,0,0,0,0,0,0,0,,,,LISTEN / UTTERANCE
581,1163-1164,48.417,hermes-as-young-man,A,-2,2,-0.5,0,0,-1.3,0,-1.9,0,1.7,0,5.9,-13.5,4.6,-149,0,-2,0,0,0,,,,CHOP / DECLARE / UTTERANCE
582,1165-1166,48.5,odysseus,R,-2,2,3.5,180,0,-1.3,0,0,0,1.7,0,2.9,-51.6,0,0,0,0,0,0,0,,,,LOOK / LISTEN / UTTERANCE
582,1165-1166,48.5,hermes-as-young-man,A,-2,2,-0.5,0,0,-1.3,0,3.5,0,1.7,0,6.6,-79.4,5.3,-149,0,-4,0,0,0,,,,CHOP / DECLARE / UTTERANCE
583,1167-1168,48.583,odysseus,R,-2,2,3.5,180,0,-1.3,0,0,0,1.7,0,0.7,-51.6,0,0,0,0,0,0,0,,,,LOOK / LISTEN / UTTERANCE
583,1167-1168,48.583,hermes-as-young-man,A,-2,2,-0.5,0,0,-1.3,0,5.4,0,1.7,0,5.7,-102.8,5.4,-149,0,-6.3,0,0,0,,,,WEIGHT SHIFT / HOLD / SCENE
584,1169-1170,48.667,odysseus,h,-2,2,3.5,180,0,-1.3,0,0,0,1.7,0,0,-51.6,0,0,0,0,0,0,0,,,,LOOK / LISTEN / UTTERANCE
584,1169-1170,48.667,hermes-as-young-man,A,-2,2,-0.5,0,0,-1,0,5.4,0,1.3,0,3.9,-102.8,5.2,-149,0,-8.6,0,0,0,,,,WEIGHT SHIFT / HOLD / SCENE
585,1171-1172,48.75,odysseus,h,-2,2,3.5,180,0,-1.3,0,0,0,1.7,0,0,-51.6,0,0,0,0,0,0,0,,,,LOOK / LISTEN / UTTERANCE
585,1171-1172,48.75,hermes-as-young-man,A,-2,2,-0.5,0,0,-0.2,0,5,0,0.2,0,2.8,-98.5,5,-149,0,-10.6,0,0,0,,,,WEIGHT SHIFT / HOLD / SCENE
586,1173-1174,48.833,odysseus,h,-2,2,3.5,180,0,-1.3,0,0,0,1.7,0,0,-51.6,0,0,0,0,0,0,0,,,,LOOK / LISTEN / UTTERANCE
586,1173-1174,48.833,hermes-as-young-man,A,-2,2,-0.5,0,0,0.7,-0.1,4.7,0,-1.1,0,2.5,-90.7,4.8,-149,0,-12.1,0,0,0,,,,WEIGHT SHIFT / HOLD / SCENE
587,1175-1176,48.917,odysseus,h,-2,2,3.5,180,0,-1.3,0,0,0,1.7,0,0,-51.6,0,0,0,0,0,0,0,,,,LOOK / LISTEN / UTTERANCE
587,1175-1176,48.917,hermes-as-young-man,A,-2,2,-0.5,0,0,1.4,-0.1,4.4,0,-2.1,0,2.2,-67,4.5,-149,0,-12.6,0,0,0,,,,WEIGHT SHIFT / HOLD / SCENE
588,1177-1178,49,odysseus,h,-2,2,3.5,180,0,-1.3,0,0,0,1.7,0,0,-51.6,0,0,0,0,0,0,0,,,,LISTEN / UTTERANCE
588,1177-1178,49,hermes-as-young-man,h,-2,2,-0.5,0,0,1.7,-0.1,4.1,0,-2.6,0,1.9,-66.2,4.3,-149,0,-12.2,0,0,0,,,,WEIGHT SHIFT / HOLD / SCENE
589,1179-1180,49.083,odysseus,h,-2,2,3.5,180,0,-1.3,0,0,0,1.7,0,0,-51.6,0,0,0,0,0,0,0,,,,LISTEN / UTTERANCE
589,1179-1180,49.083,hermes-as-young-man,h,-2,2,-0.5,0,0,1.7,0,3.8,0,-2.5,0,1.6,-65.4,4,-149,0,-11,0,0,0,,,,WEIGHT SHIFT / HOLD / SCENE
590,1181-1182,49.167,odysseus,h,-2,2,3.5,180,0,-1.3,0,0,0,1.7,0,0,-51.6,0,0,0,0,0,0,0,,,,LISTEN / UTTERANCE
590,1181-1182,49.167,hermes-as-young-man,h,-2,2,-0.5,0,0,1.7,0,3.5,0,-2.5,0,1.2,-64.5,3.8,-149,0,-9.3,0,0,0,,,,WEIGHT SHIFT / HOLD / SCENE
591,1183-1184,49.25,odysseus,h,-2,2,3.5,180,0,-1.3,0,0,0,1.7,0,0,-51.6,0,0,0,0,0,0,0,,,,WEIGHT SHIFT / HOLD / SCENE
591,1183-1184,49.25,hermes-as-young-man,A,-2,2,-0.5,0,0,1.6,0,3.3,0,-2.4,0,0.9,-61.4,3.5,-149,0,-7.3,0,0,0,,,,WEIGHT SHIFT / HOLD / SCENE
592,1185-1186,49.333,odysseus,h,-2,2,3.5,180,0,-1,0,0,0,1.3,0,0,-51.6,0,0,0,0,0,0,0,,,,WEIGHT SHIFT / HOLD / SCENE
592,1185-1186,49.333,hermes-as-young-man,A,-2,2,-0.5,0,0,1.6,0,2.6,0,-2.4,0,0.6,-53.7,2.8,-149,0,-5.3,0,0,0,,,,WEIGHT SHIFT / HOLD / SCENE
593,1187-1188,49.417,odysseus,A,-2,2,3.5,180,0,-0.2,0,0,0,0.2,0,0,-51.6,0,0,0,0,0,0,0,,,,WEIGHT SHIFT / HOLD / SCENE
593,1187-1188,49.417,hermes-as-young-man,A,-2,2,-0.5,0,0,1.6,0,1.8,0,-2.4,0,0.4,-43.7,1.9,-149,0,-3.3,0,0,0,,,,WEIGHT SHIFT / HOLD / SCENE
594,1189-1190,49.5,odysseus,A,-2,2,3.5,180,0,0.7,-0.1,0,0,-1.1,0,0,-51.6,0,0,0,0,0,0,0,,,,WEIGHT SHIFT / HOLD / SCENE
594,1189-1190,49.5,hermes-as-young-man,A,-2,2,-0.5,0,0,1.6,0,0.9,0,-2.3,0,0.2,-33.7,1,-149,0,-1.6,0,0,0,,,,WEIGHT SHIFT / HOLD / SCENE
595,1191-1192,49.583,odysseus,A,-2,2,3.5,180,0,1.4,-0.1,0,0,-2.1,0,0,-51.6,0,0,0,0,0,0,0,,,,WEIGHT SHIFT / HOLD / SCENE
595,1191-1192,49.583,hermes-as-young-man,A,-2,2,-0.5,0,0,1.6,0,0.3,0,-2.3,0,0,-26,0.3,-149,0,-0.4,0,0,0,,,,WEIGHT SHIFT / HOLD / SCENE
596,1193-1194,49.667,odysseus,h,-2,2,3.5,180,0,1.7,-0.1,0,0,-2.6,0,0,-51.6,0,0,0,0,0,0,0,,,,WEIGHT SHIFT / HOLD / SCENE
596,1193-1194,49.667,hermes-as-young-man,A,-2,2,-0.5,0,0,1.5,0,0,0,-2.2,0,0,-22.9,0,-149,0,0,0,0,0,,,,WEIGHT SHIFT / HOLD / SCENE
597,1195-1196,49.75,odysseus,h,-2,2,3.5,180,0,1.7,0,0,0,-2.5,0,0,-51.6,0,0,0,0,0,0,0,,,,WEIGHT SHIFT / HOLD / SCENE
597,1195-1196,49.75,hermes-as-young-man,h,-2,2,-0.5,0,0,1.5,0,0,0,-2.2,0,0,-22.9,0,-149,0,0,0,0,0,,,,WEIGHT SHIFT / HOLD / SCENE
598,1197-1198,49.833,odysseus,h,-2,2,3.5,180,0,1.7,0,0,0,-2.5,0,0,-51.6,0,0,0,0,0,0,0,,,,WEIGHT SHIFT / HOLD / SCENE
598,1197-1198,49.833,hermes-as-young-man,h,-2,2,-0.5,0,0,1.5,0,0,0,-2.1,0,0,-22.9,0,-149,0,0,0,0,0,,,,WEIGHT SHIFT / HOLD / SCENE
599,1199-1200,49.917,odysseus,h,-2,2,3.5,180,0,1.6,0,0,0,-2.4,0,0,-51.6,0,0,0,0,0,0,0,,,,WEIGHT SHIFT / HOLD / SCENE
599,1199-1200,49.917,hermes-as-young-man,h,-2,2,-0.5,0,0,1.5,0,0,0,-2.1,0,0,-22.9,0,-149,0,0,0,0,0,,,,WEIGHT SHIFT / HOLD / SCENE
600,1201-1202,50,odysseus,h,-2,2,3.5,180,0,1.6,0,0,0,-2.4,0,0,-51.6,0,0,0,0,0,0,0,,,,WEIGHT SHIFT / HOLD / SCENE
600,1201-1202,50,hermes-as-young-man,h,-2,2,-0.5,0,0,1.4,0,0,0,-2,0,0,-22.9,0,-149,0,0,0,0,0,,,,MIME / GESTURE / SCENE
601,1203-1204,50.083,odysseus,h,-2,2,3.5,180,0,1.6,0,0,0,-2.4,0,0,-51.6,0,0,0,0,0,0,0,,,,WEIGHT SHIFT / HOLD / SCENE
601,1203-1204,50.083,hermes-as-young-man,A,-2,2,-0.5,0,0,1.4,0,-1.3,0,-2,0,1.6,-16.5,-0.9,-142.5,-0.9,-1.6,1.6,0,0,,,,MIME / GESTURE / SCENE
602,1205-1206,50.167,odysseus,h,-2,2,3.5,180,0,1.6,0,0,0,-2.3,0,0,-51.6,0,0,0,0,0,0,0,,,,WEIGHT SHIFT / HOLD / SCENE
602,1205-1206,50.167,hermes-as-young-man,A,-2,2,-0.5,0,0,1.4,0,-1.7,0,-1.9,0,2.5,-14.3,-1.6,-140.4,-1.6,-5.7,5.7,0,0,,,,MIME / GESTURE / SCENE
603,1207-1208,50.25,odysseus,h,-2,2,3.5,180,0,1.6,0,0,0,-2.3,0,0,-51.6,0,0,0,0,0,0,0,,,,WEIGHT SHIFT / HOLD / SCENE
603,1207-1208,50.25,hermes-as-young-man,A,-2,2,-0.5,0,0,1.4,0,1.5,0,-1.9,0,2.9,-50.7,-2.1,-176.7,-2.1,-11.3,11.3,0,0,,,,MIME / GESTURE / SCENE
604,1209-1210,50.333,odysseus,h,-2,2,3.5,180,0,1.5,0,0,0,-2.2,0,0,-51.6,0,0,0,0,0,0,0,,,,WEIGHT SHIFT / HOLD / SCENE
604,1209-1210,50.333,hermes-as-young-man,A,-2,2,-0.5,0,0,1.3,0,3.9,0,-1.9,0,2.8,-76.6,-2.5,-183.3,-2.5,-17.4,17.4,0,0,,,,MIME / GESTURE / SCENE
605,1211-1212,50.417,odysseus,h,-2,2,3.5,180,0,1.5,0,0,0,-2.2,0,0,-51.6,0,0,0,0,0,0,0,,,,WEIGHT SHIFT / HOLD / SCENE
605,1211-1212,50.417,hermes-as-young-man,A,-2,2,-0.5,0,0,1.3,0,5.3,0,-1.8,0,2.7,-92.2,-2.8,-183.3,-2.8,-23,23,0,0,,,,MIME / GESTURE / SCENE
606,1213-1214,50.5,odysseus,h,-2,2,3.5,180,0,1.5,0,0,0,-2.1,0,0,-51.6,0,0,0,0,0,0,0,,,,LOOK / HOLD / SCENE
606,1213-1214,50.5,hermes-as-young-man,A,-2,2,-0.5,0,0,1.3,0,5.7,0,-1.8,0,2.5,-97.4,-2.9,-183.3,-2.9,-27.1,27.1,0,0,,,,MIME / GESTURE / SCENE
607,1215-1216,50.583,odysseus,A,-2,2,3.5,180,0,1.5,0,0,0,-2.1,0,2.9,-51.6,0,0,0,0,0,0,0,,,,LOOK / HOLD / SCENE
607,1215-1216,50.583,hermes-as-young-man,h,-2,2,-0.5,0,0,1.3,0,5.5,0,-1.7,0,2.3,-95.5,-2.8,-183.3,-2.8,-28.6,28.6,0,0,,,,MIME / GESTURE / SCENE
608,1217-1218,50.667,odysseus,h,-2,2,3.5,180,0,1.4,0,0,0,-2,0,1.6,-51.6,0,0,0,0,0,0,0,,,,LOOK / HOLD / SCENE
608,1217-1218,50.667,hermes-as-young-man,h,-2,2,-0.5,0,0,1.3,0,5.3,0,-1.7,0,2,-93.7,-2.7,-183.3,-2.7,-27.8,28.2,0,0,,,,MIME / GESTURE / SCENE
609,1219-1220,50.75,odysseus,h,-2,2,3.5,180,0,1.4,0,0,0,-2,0,0.7,-51.6,0,0,0,0,0,0,0,,,,LOOK / HOLD / SCENE
609,1219-1220,50.75,hermes-as-young-man,h,-2,2,-0.5,0,0,1.3,0,5.1,0,-1.7,0,1.7,-91.8,-2.6,-183.3,-2.6,-25.6,26.8,0,0,,,,MIME / GESTURE / SCENE
610,1221-1222,50.833,odysseus,h,-2,2,3.5,180,0,1.4,0,0,0,-1.9,0,0.2,-51.6,0,0,0,0,0,0,0,,,,LOOK / HOLD / SCENE
610,1221-1222,50.833,hermes-as-young-man,h,-2,2,-0.5,0,0,1.3,0,4.9,0,-1.7,0,1.4,-90,-2.5,-183.3,-2.5,-22.6,24.8,0,0,,,,MIME / GESTURE / SCENE
611,1223-1224,50.917,odysseus,h,-2,2,3.5,180,0,1.4,0,0,0,-1.9,0,0,-51.6,0,0,0,0,0,0,0,,,,LOOK / HOLD / SCENE
611,1223-1224,50.917,hermes-as-young-man,h,-2,2,-0.5,0,0,1.3,0,4.7,0,-1.7,0,1.2,-88.1,-2.4,-183.3,-2.4,-19.1,22.2,0,0,,,,MIME / GESTURE / SCENE
612,1225-1226,51,odysseus,h,-2,2,3.5,180,0,1.3,0,0,0,-1.9,0,0,-51.6,0,0,0,0,0,0,0,,,,LOOK / HOLD / SCENE
612,1225-1226,51,hermes-as-young-man,h,-2,2,-0.5,0,0,1.3,0,4.4,0,-1.7,0,1,-86.2,-2.3,-183.3,-2.3,-15.5,19.2,0,0,,,,MIME / GESTURE / SCENE
613,1227-1228,51.083,odysseus,h,-2,2,3.5,180,0,1.3,0,0,0,-1.8,0,0,-51.6,0,0,0,0,0,0,0,,,,LOOK / HOLD / SCENE
613,1227-1228,51.083,hermes-as-young-man,h,-2,2,-0.5,0,0,1.3,0,4.2,0,-1.7,0,0.8,-84.4,-2.2,-183.3,-2.2,-12.5,16,0,0,,,,MIME / GESTURE / SCENE
614,1229-1230,51.167,odysseus,h,-2,2,3.5,180,0,1.3,0,0,0,-1.8,0,0,-51.6,0,0,0,0,0,0,0,,,,LOOK / HOLD / SCENE
614,1229-1230,51.167,hermes-as-young-man,h,-2,2,-0.5,0,0,1.3,0,4,0,-1.7,0,0.6,-82.5,-2.1,-183.3,-2.1,-10.3,12.7,0,0,,,,MIME / GESTURE / SCENE
615,1231-1232,51.25,odysseus,h,-2,2,3.5,180,0,1.3,0,0,0,-1.7,0,0,-51.6,0,0,0,0,0,0,0,,,,WEIGHT SHIFT / HOLD / SCENE
615,1231-1232,51.25,hermes-as-young-man,A,-2,2,-0.5,0,0,1.3,0,3.7,0,-1.7,0,2.5,-78.1,-2,-183.3,-2,-9.5,9.5,0,0,,,,OPEN / DECLARE / UTTERANCE
616,1233-1234,51.333,odysseus,h,-2,2,3.5,180,0,1.3,0,0,0,-1.7,0,0,-51.6,0,0,0,0,0,0,0,,,,LISTEN / UTTERANCE
616,1233-1234,51.333,hermes-as-young-man,A,-2,2,-0.5,0,0,1.3,0,-0.2,0,-1.7,0,1.9,-30.9,3.7,-183.3,-1.6,-7.5,6.5,0,0,,,,OPEN / DECLARE / UTTERANCE
617,1235-1236,51.417,odysseus,h,-2,2,3.5,180,0,1.3,0,0,0,-1.7,0,0,-51.6,0,0,0,0,0,0,0,,,,LISTEN / UTTERANCE
617,1235-1236,51.417,hermes-as-young-man,A,-2,2,-0.5,0,0,1.3,0,-1.5,0,-1.7,0,1.2,-15.2,8.3,-178.8,-1.1,-2.5,3.9,0,0,,,,OPEN / DECLARE / UTTERANCE
618,1237-1238,51.5,odysseus,h,-2,2,3.5,180,0,1.3,0,0,0,-1.7,0,0,-51.6,0,0,0,0,0,0,0,,,,LISTEN / UTTERANCE
618,1237-1238,51.5,hermes-as-young-man,A,-2,2,-0.5,0,0,1.3,0,0.3,0,-1.7,0,0,-40,11.9,-164.4,-0.6,4.4,1.8,0,0,,,,LOOK / HOLD / SCENE
619,1239-1240,51.583,odysseus,h,-2,2,3.5,180,0,1.3,0,0,0,-1.7,0,0,-51.6,0,0,0,0,0,0,0,,,,LISTEN / UTTERANCE
619,1239-1240,51.583,hermes-as-young-man,A,-2,2,-0.5,0,0,1.3,0,1.5,0,-1.7,0,1.2,-57.7,14.4,-153.4,-0.2,11.9,0.5,0,0,,,,LOOK / HOLD / SCENE
620,1241-1242,51.667,odysseus,h,-2,2,3.5,180,0,1.3,0,0,0,-1.7,0,0,-51.6,0,0,0,0,0,0,0,,,,LISTEN / UTTERANCE
620,1241-1242,51.667,hermes-as-young-man,A,-2,2,-0.5,0,0,1.3,0,2.3,0,-1.7,0,-0.8,-68.4,16,-149,0,18.8,0,0,0,,,,LOOK / HOLD / SCENE
621,1243-1244,51.75,odysseus,h,-2,2,3.5,180,0,1.3,0,0,0,-1.7,0,0,-51.6,0,0,0,0,0,0,0,,,,LISTEN / UTTERANCE
621,1243-1244,51.75,hermes-as-young-man,A,-2,2,-0.5,0,0,1.3,0,2.6,0,-1.7,0,-1.6,-71.9,16.5,-149,0,23.8,0,0,0,,,,WEIGHT SHIFT / HOLD / SCENE
622,1245-1246,51.833,odysseus,h,-2,2,3.5,180,0,1.3,0,0,0,-1.7,0,0,-51.6,0,0,0,0,0,0,0,,,,LISTEN / UTTERANCE
622,1245-1246,51.833,hermes-as-young-man,A,-2,2,-0.5,0,0,1,0,2.4,0,-1.3,0,-1.9,-69.9,15.7,-149,0,25.8,0,0,0,,,,WEIGHT SHIFT / HOLD / SCENE
623,1247-1248,51.917,odysseus,h,-2,2,3.5,180,0,1.3,0,0,0,-1.7,0,0,-51.6,0,0,0,0,0,0,0,,,,LISTEN / UTTERANCE
623,1247-1248,51.917,hermes-as-young-man,A,-2,2,-0.5,0,0,0.2,0,2.3,0,-0.2,0,-1.8,-68,14.9,-149,0,25.1,0,0,0,,,,WEIGHT SHIFT / HOLD / SCENE
624,1249-1250,52,odysseus,h,-2,2,3.5,180,0,1.3,0,0,0,-1.7,0,0,-51.6,0,0,0,0,0,0,0,,,,LISTEN / UTTERANCE
624,1249-1250,52,hermes-as-young-man,A,-2,2,-0.5,0,0,-0.7,-0.1,2.1,0,1.1,0,-1.6,-66,14,-149,0,23.1,0,0,0,,,,WEIGHT SHIFT / HOLD / SCENE
625,1251-1252,52.083,odysseus,h,-2,2,3.5,180,0,1.3,0,0,0,-1.7,0,0,-51.6,0,0,0,0,0,0,0,,,,LISTEN / UTTERANCE
625,1251-1252,52.083,hermes-as-young-man,A,-2,2,-0.5,0,0,-1.4,-0.1,2,0,2.1,0,-1.3,-64.1,13.2,-149,0,20.2,0,0,0,,,,WEIGHT SHIFT / HOLD / SCENE
626,1253-1254,52.167,odysseus,h,-2,2,3.5,180,0,1.3,0,0,0,-1.7,0,0,-51.6,0,0,0,0,0,0,0,,,,LISTEN / UTTERANCE
626,1253-1254,52.167,hermes-as-young-man,h,-2,2,-0.5,0,0,-1.7,-0.1,1.8,0,2.6,0,-1,-62.1,12.4,-149,0,16.7,0,0,0,,,,WEIGHT SHIFT / HOLD / SCENE
627,1255-1256,52.25,odysseus,h,-2,2,3.5,180,0,1.3,0,0,0,-1.7,0,0,-51.6,0,0,0,0,0,0,0,,,,LISTEN / UTTERANCE
627,1255-1256,52.25,hermes-as-young-man,h,-2,2,-0.5,0,0,-1.7,0,1.7,0,2.5,0,-0.8,-59.2,11.5,-149,0,12.9,0,0,0,,,,WEIGHT SHIFT / HOLD / SCENE
628,1257-1258,52.333,odysseus,h,-2,2,3.5,180,0,1.3,0,0,0,-1.7,0,0,-51.6,0,0,0,0,0,0,0,,,,LISTEN / UTTERANCE
628,1257-1258,52.333,hermes-as-young-man,A,-2,2,-0.5,0,0,-1.7,0,1.3,0,2.5,0,-0.5,-51.9,9.2,-149,0,9.1,0,0,0,,,,WEIGHT SHIFT / HOLD / SCENE
629,1259-1260,52.417,odysseus,h,-2,2,3.5,180,0,1.3,0,0,0,-1.7,0,0,-51.6,0,0,0,0,0,0,0,,,,LISTEN / UTTERANCE
629,1259-1260,52.417,hermes-as-young-man,A,-2,2,-0.5,0,0,-1.6,0,0.9,0,2.4,0,-0.3,-42.5,6.2,-149,0,5.6,0,0,0,,,,WEIGHT SHIFT / HOLD / SCENE
630,1261-1262,52.5,odysseus,h,-2,2,3.5,180,0,1.3,0,0,0,-1.7,0,0,-51.6,0,0,0,0,0,0,0,,,,LISTEN / UTTERANCE
630,1261-1262,52.5,hermes-as-young-man,A,-2,2,-0.5,0,0,-1.6,0,0.5,0,2.4,0,-0.1,-33.1,3.2,-149,0,2.7,0,0,0,,,,WEIGHT SHIFT / HOLD / SCENE
631,1263-1264,52.583,odysseus,h,-2,2,3.5,180,0,1.3,0,0,0,-1.7,0,0,-51.6,0,0,0,0,0,0,0,,,,LISTEN / UTTERANCE
631,1263-1264,52.583,hermes-as-young-man,A,-2,2,-0.5,0,0,-1.6,0,0.1,0,2.4,0,0,-25.8,0.9,-149,0,0.7,0,0,0,,,,WEIGHT SHIFT / HOLD / SCENE
632,1265-1266,52.667,odysseus,h,-2,2,3.5,180,0,1.3,0,0,0,-1.7,0,0,-51.6,0,0,0,0,0,0,0,,,,LISTEN / UTTERANCE
632,1265-1266,52.667,hermes-as-young-man,A,-2,2,-0.5,0,0,-1.6,0,0,0,2.3,0,0,-22.9,0,-149,0,0,0,0,0,,,,WEIGHT SHIFT / HOLD / SCENE
633,1267-1268,52.75,odysseus,h,-2,2,3.5,180,0,1.3,0,0,0,-1.7,0,0,-51.6,0,0,0,0,0,0,0,,,,LISTEN / UTTERANCE
633,1267-1268,52.75,hermes-as-young-man,h,-2,2,-0.5,0,0,-1.6,0,0,0,2.3,0,0,-22.9,0,-149,0,0,0,0,0,,,,WEIGHT SHIFT / HOLD / SCENE
634,1269-1270,52.833,odysseus,h,-2,2,3.5,180,0,1.3,0,0,0,-1.7,0,0,-51.6,0,0,0,0,0,0,0,,,,LISTEN / UTTERANCE
634,1269-1270,52.833,hermes-as-young-man,h,-2,2,-0.5,0,0,-1.5,0,0,0,2.2,0,0,-22.9,0,-149,0,0,0,0,0,,,,WEIGHT SHIFT / HOLD / SCENE
635,1271-1272,52.917,odysseus,h,-2,2,3.5,180,0,1.3,0,0,0,-1.7,0,0,-51.6,0,0,0,0,0,0,0,,,,LISTEN / UTTERANCE
635,1271-1272,52.917,hermes-as-young-man,h,-2,2,-0.5,0,0,-1.5,0,0,0,2.2,0,0,-22.9,0,-149,0,0,0,0,0,,,,WEIGHT SHIFT / HOLD / SCENE
636,1273-1274,53,odysseus,h,-2,2,3.5,180,0,1.3,0,0,0,-1.7,0,0,-51.6,0,0,0,0,0,0,0,,,,LISTEN / UTTERANCE
636,1273-1274,53,hermes-as-young-man,h,-2,2,-0.5,0,0,-1.5,0,0,0,2.1,0,0,-22.9,0,-149,0,0,0,0,0,,,,WEIGHT SHIFT / HOLD / SCENE
637,1275-1276,53.083,odysseus,h,-2,2,3.5,180,0,1.3,0,0,0,-1.7,0,0,-51.6,0,0,0,0,0,0,0,,,,LISTEN / UTTERANCE
637,1275-1276,53.083,hermes-as-young-man,h,-2,2,-0.5,0,0,-1.5,0,0,0,2.1,0,0,-22.9,0,-149,0,0,0,0,0,,,,WEIGHT SHIFT / HOLD / SCENE
638,1277-1278,53.167,odysseus,h,-2,2,3.5,180,0,1.3,0,0,0,-1.7,0,0,-51.6,0,0,0,0,0,0,0,,,,LISTEN / UTTERANCE
638,1277-1278,53.167,hermes-as-young-man,h,-2,2,-0.5,0,0,-1.4,0,0,0,2,0,0,-22.9,0,-149,0,0,0,0,0,,,,WEIGHT SHIFT / HOLD / SCENE
639,1279-1280,53.25,odysseus,h,-2,2,3.5,180,0,1.3,0,0,0,-1.7,0,0,-51.6,0,0,0,0,0,0,0,,,,WEIGHT SHIFT / HOLD / SCENE
639,1279-1280,53.25,hermes-as-young-man,h,-2,2,-0.5,0,0,-1.4,0,0,0,2,0,0,-22.9,0,-149,0,0,0,0,0,,,,WEIGHT SHIFT / HOLD / SCENE
640,1281-1282,53.333,odysseus,h,-2,2,3.5,180,0,1,0,0,0,-1.4,0,0,-51.6,0,0,0,0,0,0,0,,,,WEIGHT SHIFT / HOLD / SCENE
640,1281-1282,53.333,hermes-as-young-man,h,-2,2,-0.5,0,0,-1.4,0,0,0,1.9,0,0,-22.9,0,-149,0,0,0,0,0,,,,WEIGHT SHIFT / HOLD / SCENE
641,1283-1284,53.417,odysseus,h,-2,2,3.5,180,0,0.5,0,0,0,-0.6,0,0,-51.6,0,0,0,0,0,0,0,,,,WEIGHT SHIFT / HOLD / SCENE
641,1283-1284,53.417,hermes-as-young-man,h,-2,2,-0.5,0,0,-1.4,0,0,0,1.9,0,0,-22.9,0,-149,0,0,0,0,0,,,,WEIGHT SHIFT / HOLD / SCENE
642,1285-1286,53.5,odysseus,A,-2,2,3.5,180,0,-0.2,0,0,0,0.4,0,0,-51.6,0,0,0,0,0,0,0,,,,WEIGHT SHIFT / HOLD / SCENE
642,1285-1286,53.5,hermes-as-young-man,h,-2,2,-0.5,0,0,-1.3,0,0,0,1.9,0,0,-22.9,0,-149,0,0,0,0,0,,,,WEIGHT SHIFT / HOLD / SCENE
643,1287-1288,53.583,odysseus,A,-2,2,3.5,180,0,-0.9,-0.1,0,0,1.5,0,0,-51.6,0,0,0,0,0,0,0,,,,WEIGHT SHIFT / HOLD / SCENE
643,1287-1288,53.583,hermes-as-young-man,h,-2,2,-0.5,0,0,-1.3,0,0,0,1.8,0,0,-22.9,0,-149,0,0,0,0,0,,,,WEIGHT SHIFT / HOLD / SCENE
644,1289-1290,53.667,odysseus,h,-2,2,3.5,180,0,-1.5,-0.1,0,0,2.3,0,0,-51.6,0,0,0,0,0,0,0,,,,WEIGHT SHIFT / HOLD / SCENE
644,1289-1290,53.667,hermes-as-young-man,h,-2,2,-0.5,0,0,-1.3,0,0,0,1.8,0,0,-22.9,0,-149,0,0,0,0,0,,,,WEIGHT SHIFT / HOLD / SCENE
645,1291-1292,53.75,odysseus,h,-2,2,3.5,180,0,-1.7,-0.1,0,0,2.6,0,0,-51.6,0,0,0,0,0,0,0,,,,LOOK / HOLD / SCENE
645,1291-1292,53.75,hermes-as-young-man,h,-2,2,-0.5,0,0,-1.3,0,0,0,1.7,0,0,-22.9,0,-149,0,0,0,0,0,,,,WEIGHT SHIFT / HOLD / SCENE
646,1293-1294,53.833,odysseus,A,-2,2,3.5,180,0,-1.7,0,0,0,2.5,0,2.9,-51.6,0,0,0,0,0,0,0,,,,LOOK / HOLD / SCENE
646,1293-1294,53.833,hermes-as-young-man,h,-2,2,-0.5,0,0,-1.3,0,0,0,1.7,0,0,-22.9,0,-149,0,0,0,0,0,,,,GESTURE / SCENE / SCENE
647,1295-1296,53.917,odysseus,h,-2,2,3.5,180,0,-1.7,0,0,0,2.5,0,1.6,-51.6,0,0,0,0,0,0,0,,,,LOOK / HOLD / SCENE
647,1295-1296,53.917,hermes-as-young-man,h,-2,2,-0.5,0,0,-1.3,0,0,0,1.7,0,0,-22.9,0,-149,0,0,0,0,0,,,,GESTURE / SCENE / SCENE
648,1297-1298,54,odysseus,h,-2,2,3.5,180,0,-1.6,0,0,0,2.4,0,0.7,-51.6,0,0,0,0,0,0,0,,,,LOOK / HOLD / SCENE
648,1297-1298,54,hermes-as-young-man,h,-2,2,-0.5,0,0,-1.3,0,0,0,1.7,0,0,-22.9,0,-149,0,0,0,0,0,,,,GESTURE / SCENE / SCENE
649,1299-1300,54.083,odysseus,h,-2,2,3.5,180,0,-1.6,0,0,0,2.4,0,0.2,-51.6,0,0,0,0,0,0,0,,,,LOOK / HOLD / SCENE
649,1299-1300,54.083,hermes-as-young-man,h,-2,2,-0.5,0,0,-1.3,0,0,0,1.7,0,0,-22.9,0,-149,0,0,0,0,0,,,,GESTURE / SCENE / SCENE
650,1301-1302,54.167,odysseus,h,-2,2,3.5,180,0,-1.6,0,0,0,2.3,0,0,-51.6,0,0,0,0,0,0,0,,,,LOOK / HOLD / SCENE
650,1301-1302,54.167,hermes-as-young-man,h,-2,2,-0.5,0,0,-1.3,0,0,0,1.7,0,0,-22.9,0,-149,0,0,0,0,0,,,,GESTURE / SCENE / SCENE
651,1303-1304,54.25,odysseus,h,-2,2,3.5,180,0,-1.6,0,0,0,2.3,0,0,-51.6,0,0,0,0,0,0,0,,,,LOOK / HOLD / SCENE
651,1303-1304,54.25,hermes-as-young-man,h,-2,2,-0.5,0,0,-1.3,0,0,0,1.7,0,0,-22.9,0,-149,0,0,0,0,0,,,,GESTURE / SCENE / SCENE
652,1305-1306,54.333,odysseus,h,-2,2,3.5,180,0,-1.5,0,0,0,2.2,0,0,-51.6,0,0,0,0,0,0,0,,,,LOOK / HOLD / SCENE
652,1305-1306,54.333,hermes-as-young-man,h,-2,2,-0.5,0,0,-1.3,0,0,0,1.7,0,0,-22.9,0,-149,0,0,0,0,0,,,,GESTURE / SCENE / SCENE
653,1307-1308,54.417,odysseus,h,-2,2,3.5,180,0,-1.5,0,0,0,2.2,0,0,-51.6,0,0,0,0,0,0,0,,,,LOOK / HOLD / SCENE
653,1307-1308,54.417,hermes-as-young-man,h,-2,2,-0.5,0,0,-1.3,0,0,0,1.7,0,0,-22.9,0,-149,0,0,0,0,0,,,,GESTURE / SCENE / SCENE
654,1309-1310,54.5,odysseus,h,-2,2,3.5,180,0,-1.5,0,0,0,2.1,0,0,-51.6,0,0,0,0,0,0,0,,,,WEIGHT SHIFT / HOLD / SCENE
654,1309-1310,54.5,hermes-as-young-man,h,-2,2,-0.5,0,0,-1.3,0,0,0,1.7,0,0,-22.9,0,-149,0,0,0,0,0,,,,GESTURE / SCENE / SCENE
655,1311-1312,54.583,odysseus,h,-2,2,3.5,180,0,-1.5,0,0,0,2.1,0,0,-51.6,0,0,0,0,0,0,0,,,,WEIGHT SHIFT / HOLD / SCENE
655,1311-1312,54.583,hermes-as-young-man,h,-2,2,-0.5,0,0,-1.3,0,0,0,1.7,0,0,-22.9,0,-149,0,0,0,0,0,,,,GESTURE / SCENE / SCENE
656,1313-1314,54.667,odysseus,h,-2,2,3.5,180,0,-1.4,0,0,0,2.1,0,0,-51.6,0,0,0,0,0,0,0,,,,WEIGHT SHIFT / HOLD / SCENE
656,1313-1314,54.667,hermes-as-young-man,h,-2,2,-0.5,0,0,-1.3,0,0,0,1.7,0,0,-22.9,0,-149,0,0,0,0,0,,,,GESTURE / SCENE / SCENE
657,1315-1316,54.75,odysseus,h,-2,2,3.5,180,0,-1.4,0,0,0,2,0,0,-51.6,0,0,0,0,0,0,0,,,,WEIGHT SHIFT / HOLD / SCENE
657,1315-1316,54.75,hermes-as-young-man,h,-2,2,-0.5,0,0,-1.3,0,0,0,1.7,0,0,-22.9,0,-149,0,0,0,0,0,,,,GESTURE / SCENE / SCENE
658,1317-1318,54.833,odysseus,h,-2,2,3.5,180,0,-1.4,0,0,0,2,0,0,-51.6,0,0,0,0,0,0,0,,,,WEIGHT SHIFT / HOLD / SCENE
658,1317-1318,54.833,hermes-as-young-man,h,-2,2,-0.5,0,0,-1.3,0,0,0,1.7,0,0,-22.9,0,-149,0,0,0,0,0,,,,LOOK / HOLD / SCENE
659,1319-1320,54.917,odysseus,h,-2,2,3.5,180,0,-1.4,0,0,0,1.9,0,0,-51.6,0,0,0,0,0,0,0,,,,WEIGHT SHIFT / HOLD / SCENE
659,1319-1320,54.917,hermes-as-young-man,A,-2,2,-0.5,0,0,-1.3,0,0,0,1.7,0,2.9,-22.9,0,-149,0,0,0,0,0,,,,LOOK / HOLD / SCENE
660,1321-1322,55,odysseus,h,-2,2,3.5,180,0,-1.3,0,0,0,1.9,0,0,-51.6,0,0,0,0,0,0,0,,,,WEIGHT SHIFT / HOLD / SCENE
660,1321-1322,55,hermes-as-young-man,h,-2,2,-0.5,0,0,-1.3,0,0,0,1.7,0,1.6,-22.9,0,-149,0,0,0,0,0,,,,LOOK / HOLD / SCENE
661,1323-1324,55.083,odysseus,h,-2,2,3.5,180,0,-1.3,0,0,0,1.8,0,0,-51.6,0,0,0,0,0,0,0,,,,WEIGHT SHIFT / HOLD / SCENE
661,1323-1324,55.083,hermes-as-young-man,h,-2,2,-0.5,0,0,-1.3,0,0,0,1.7,0,0.7,-22.9,0,-149,0,0,0,0,0,,,,CHOP / DECLARE / UTTERANCE
662,1325-1326,55.167,odysseus,h,-2,2,3.5,180,0,-1.3,0,0,0,1.8,0,0,-51.6,0,0,0,0,0,0,0,,,,WEIGHT SHIFT / HOLD / SCENE
662,1325-1326,55.167,hermes-as-young-man,A,-2,2,-0.5,0,0,-1.3,0,-1.2,0,1.7,0,2.1,-17.1,2.4,-149,0,-0.6,0,0,0,,,,CHOP / DECLARE / UTTERANCE
663,1327-1328,55.25,odysseus,h,-2,2,3.5,180,0,-1.3,0,0,0,1.7,0,0,-51.6,0,0,0,0,0,0,0,,,,WEIGHT SHIFT / HOLD / SCENE
663,1327-1328,55.25,hermes-as-young-man,A,-2,2,-0.5,0,0,-1.3,0,-1.5,0,1.7,0,5.2,-15.2,3.8,-149,0,-2,0,0,0,,,,NOD / DECLARE / UTTERANCE
664,1329-1330,55.333,odysseus,h,-2,2,3.5,180,0,-1.3,0,0,0,1.7,0,0,-51.6,0,0,0,0,0,0,0,,,,LISTEN / UTTERANCE
664,1329-1330,55.333,hermes-as-young-man,A,-2,2,-0.5,0,0,-1.3,0,2.8,0,1.7,0,6,-69.1,4.3,-149,0,-4.1,0,0,0,,,,WEIGHT SHIFT / HOLD / SCENE
665,1331-1332,55.417,odysseus,h,-2,2,3.5,180,0,-1.3,0,0,0,1.7,0,0,-51.6,0,0,0,0,0,0,0,,,,LISTEN / UTTERANCE
665,1331-1332,55.417,hermes-as-young-man,A,-2,2,-0.5,0,0,-1,0,4.4,0,1.3,0,5.4,-88.3,4.4,-149,0,-6.3,0,0,0,,,,WEIGHT SHIFT / HOLD / SCENE
666,1333-1334,55.5,odysseus,h,-2,2,3.5,180,0,-1.3,0,0,0,1.7,0,0,-51.6,0,0,0,0,0,0,0,,,,LISTEN / UTTERANCE
666,1333-1334,55.5,hermes-as-young-man,A,-2,2,-0.5,0,0,-0.2,0,4.4,0,0.2,0,4,-88.3,4.2,-149,0,-8.3,0,0,0,,,,WEIGHT SHIFT / HOLD / SCENE
667,1335-1336,55.583,odysseus,h,-2,2,3.5,180,0,-1.3,0,0,0,1.7,0,0,-51.6,0,0,0,0,0,0,0,,,,LISTEN / UTTERANCE
667,1335-1336,55.583,hermes-as-young-man,A,-2,2,-0.5,0,0,0.7,-0.1,4.1,0,-1.1,0,2.7,-84.8,4.1,-149,0,-9.7,0,0,0,,,,WEIGHT SHIFT / HOLD / SCENE
668,1337-1338,55.667,odysseus,h,-2,2,3.5,180,0,-1.3,0,0,0,1.7,0,0,-51.6,0,0,0,0,0,0,0,,,,LISTEN / UTTERANCE
668,1337-1338,55.667,hermes-as-young-man,A,-2,2,-0.5,0,0,1.4,-0.1,3.9,0,-2.1,0,1.9,-78.4,3.9,-149,0,-10.3,0,0,0,,,,WEIGHT SHIFT / HOLD / SCENE
669,1339-1340,55.75,odysseus,h,-2,2,3.5,180,0,-1.3,0,0,0,1.7,0,0,-51.6,0,0,0,0,0,0,0,,,,LISTEN / UTTERANCE
669,1339-1340,55.75,hermes-as-young-man,A,-2,2,-0.5,0,0,1.7,-0.1,3.6,0,-2.6,0,1.7,-59,3.7,-149,0,-10,0,0,0,,,,WEIGHT SHIFT / HOLD / SCENE
670,1341-1342,55.833,odysseus,h,-2,2,3.5,180,0,-1.3,0,0,0,1.7,0,0,-51.6,0,0,0,0,0,0,0,,,,LISTEN / UTTERANCE
670,1341-1342,55.833,hermes-as-young-man,h,-2,2,-0.5,0,0,1.7,0,3.4,0,-2.5,0,1.4,-58.3,3.5,-149,0,-9.2,0,0,0,,,,WEIGHT SHIFT / HOLD / SCENE
671,1343-1344,55.917,odysseus,h,-2,2,3.5,180,0,-1.3,0,0,0,1.7,0,0,-51.6,0,0,0,0,0,0,0,,,,LISTEN / UTTERANCE
671,1343-1344,55.917,hermes-as-young-man,h,-2,2,-0.5,0,0,1.7,0,3.1,0,-2.5,0,1.2,-57.6,3.3,-149,0,-8.1,0,0,0,,,,WEIGHT SHIFT / HOLD / SCENE
672,1345-1346,56,odysseus,h,-2,2,3.5,180,0,-1.3,0,0,0,1.7,0,0,-51.6,0,0,0,0,0,0,0,,,,LISTEN / UTTERANCE
672,1345-1346,56,hermes-as-young-man,h,-2,2,-0.5,0,0,1.6,0,2.9,0,-2.4,0,0.9,-57,3.1,-149,0,-6.7,0,0,0,,,,WEIGHT SHIFT / HOLD / SCENE
673,1347-1348,56.083,odysseus,h,-2,2,3.5,180,0,-1.3,0,0,0,1.7,0,0,-51.6,0,0,0,0,0,0,0,,,,LISTEN / UTTERANCE
673,1347-1348,56.083,hermes-as-young-man,h,-2,2,-0.5,0,0,1.6,0,2.7,0,-2.4,0,0.7,-54.4,2.9,-149,0,-5.2,0,0,0,,,,WEIGHT SHIFT / HOLD / SCENE
674,1349-1350,56.167,odysseus,h,-2,2,3.5,180,0,-1.3,0,0,0,1.7,0,0,-51.6,0,0,0,0,0,0,0,,,,LISTEN / UTTERANCE
674,1349-1350,56.167,hermes-as-young-man,A,-2,2,-0.5,0,0,1.6,0,2.1,0,-2.4,0,0.5,-48.1,2.3,-149,0,-3.6,0,0,0,,,,WEIGHT SHIFT / HOLD / SCENE
675,1351-1352,56.25,odysseus,h,-2,2,3.5,180,0,-1.3,0,0,0,1.7,0,0,-51.6,0,0,0,0,0,0,0,,,,LISTEN / UTTERANCE
675,1351-1352,56.25,hermes-as-young-man,A,-2,2,-0.5,0,0,1.6,0,1.4,0,-2.3,0,0.3,-39.9,1.5,-149,0,-2.2,0,0,0,,,,WEIGHT SHIFT / HOLD / SCENE
676,1353-1354,56.333,odysseus,h,-2,2,3.5,180,0,-1.3,0,0,0,1.7,0,0,-51.6,0,0,0,0,0,0,0,,,,LISTEN / UTTERANCE
676,1353-1354,56.333,hermes-as-young-man,A,-2,2,-0.5,0,0,1.6,0,0.7,0,-2.3,0,0.1,-31.7,0.8,-149,0,-1.1,0,0,0,,,,WEIGHT SHIFT / HOLD / SCENE
677,1355-1356,56.417,odysseus,h,-2,2,3.5,180,0,-1.3,0,0,0,1.7,0,0,-51.6,0,0,0,0,0,0,0,,,,LISTEN / UTTERANCE
677,1355-1356,56.417,hermes-as-young-man,A,-2,2,-0.5,0,0,1.5,0,0.2,0,-2.2,0,0,-25.4,0.2,-149,0,-0.3,0,0,0,,,,WEIGHT SHIFT / HOLD / SCENE
678,1357-1358,56.5,odysseus,h,-2,2,3.5,180,0,-1.3,0,0,0,1.7,0,0,-51.6,0,0,0,0,0,0,0,,,,LISTEN / UTTERANCE
678,1357-1358,56.5,hermes-as-young-man,h,-2,2,-0.5,0,0,1.5,0,0,0,-2.2,0,0,-22.9,0,-149,0,0,0,0,0,,,,WEIGHT SHIFT / HOLD / SCENE
679,1359-1360,56.583,odysseus,h,-2,2,3.5,180,0,-1.3,0,0,0,1.7,0,0,-51.6,0,0,0,0,0,0,0,,,,LISTEN / UTTERANCE
679,1359-1360,56.583,hermes-as-young-man,h,-2,2,-0.5,0,0,1.5,0,0,0,-2.1,0,0,-22.9,0,-149,0,0,0,0,0,,,,WEIGHT SHIFT / HOLD / SCENE
680,1361-1362,56.667,odysseus,h,-2,2,3.5,180,0,-1.3,0,0,0,1.7,0,0,-51.6,0,0,0,0,0,0,0,,,,LISTEN / UTTERANCE
680,1361-1362,56.667,hermes-as-young-man,h,-2,2,-0.5,0,0,1.5,0,0,0,-2.1,0,0,-22.9,0,-149,0,0,0,0,0,,,,WEIGHT SHIFT / HOLD / SCENE
681,1363-1364,56.75,odysseus,h,-2,2,3.5,180,0,-1.3,0,0,0,1.7,0,0,-51.6,0,0,0,0,0,0,0,,,,LISTEN / UTTERANCE
681,1363-1364,56.75,hermes-as-young-man,h,-2,2,-0.5,0,0,1.4,0,0,0,-2,0,0,-22.9,0,-149,0,0,0,0,0,,,,WEIGHT SHIFT / HOLD / SCENE
682,1365-1366,56.833,odysseus,h,-2,2,3.5,180,0,-1.3,0,0,0,1.7,0,0,-51.6,0,0,0,0,0,0,0,,,,LISTEN / UTTERANCE
682,1365-1366,56.833,hermes-as-young-man,h,-2,2,-0.5,0,0,1.4,0,0,0,-2,0,0,-22.9,0,-149,0,0,0,0,0,,,,WEIGHT SHIFT / HOLD / SCENE
683,1367-1368,56.917,odysseus,h,-2,2,3.5,180,0,-1.3,0,0,0,1.7,0,0,-51.6,0,0,0,0,0,0,0,,,,LISTEN / UTTERANCE
683,1367-1368,56.917,hermes-as-young-man,h,-2,2,-0.5,0,0,1.4,0,0,0,-1.9,0,0,-22.9,0,-149,0,0,0,0,0,,,,WEIGHT SHIFT / HOLD / SCENE
684,1369-1370,57,odysseus,h,-2,2,3.5,180,0,-1.3,0,0,0,1.7,0,0,-51.6,0,0,0,0,0,0,0,,,,LISTEN / UTTERANCE
684,1369-1370,57,hermes-as-young-man,h,-2,2,-0.5,0,0,1.4,0,0,0,-1.9,0,0,-22.9,0,-149,0,0,0,0,0,,,,WEIGHT SHIFT / HOLD / SCENE
685,1371-1372,57.083,odysseus,h,-2,2,3.5,180,0,-1.3,0,0,0,1.7,0,0,-51.6,0,0,0,0,0,0,0,,,,LISTEN / UTTERANCE
685,1371-1372,57.083,hermes-as-young-man,h,-2,2,-0.5,0,0,1.3,0,0,0,-1.9,0,0,-22.9,0,-149,0,0,0,0,0,,,,WEIGHT SHIFT / HOLD / SCENE
686,1373-1374,57.167,odysseus,h,-2,2,3.5,180,0,-1.3,0,0,0,1.7,0,0,-51.6,0,0,0,0,0,0,0,,,,LISTEN / UTTERANCE
686,1373-1374,57.167,hermes-as-young-man,h,-2,2,-0.5,0,0,1.3,0,0,0,-1.8,0,0,-22.9,0,-149,0,0,0,0,0,,,,WEIGHT SHIFT / HOLD / SCENE
687,1375-1376,57.25,odysseus,A,-2,2,3.5,180,0,-1.3,0,0,0,1.7,0,2.9,-51.6,0,0,0,0,0,0,0,,,,LOOK / HOLD / SCENE
687,1375-1376,57.25,hermes-as-young-man,h,-2,2,-0.5,0,0,1.3,0,0,0,-1.8,0,0,-22.9,0,-149,0,0,0,0,0,,,,WEIGHT SHIFT / HOLD / SCENE
688,1377-1378,57.333,odysseus,h,-2,2,3.5,180,0,-1.3,0,0,0,1.7,0,1.6,-51.6,0,0,0,0,0,0,0,,,,LOOK / HOLD / SCENE
688,1377-1378,57.333,hermes-as-young-man,h,-2,2,-0.5,0,0,1.3,0,0,0,-1.7,0,0,-22.9,0,-149,0,0,0,0,0,,,,NOD / DECLARE / UTTERANCE
689,1379-1380,57.417,odysseus,h,-2,2,3.5,180,0,-1.3,0,0,0,1.7,0,0.7,-51.6,0,0,0,0,0,0,0,,,,LOOK / HOLD / SCENE
689,1379-1380,57.417,hermes-as-young-man,A,-2,2,-0.5,0,0,1.3,0,0,0,-1.7,0,2.6,-22.9,0,-149,0,0,0,0,0,,,,NOD / DECLARE / UTTERANCE
690,1381-1382,57.5,odysseus,h,-2,2,3.5,180,0,-1.3,0,0,0,1.7,0,0.2,-51.6,0,0,0,0,0,0,0,,,,LOOK / HOLD / SCENE
690,1381-1382,57.5,hermes-as-young-man,h,-2,2,-0.5,0,0,1.3,0,0,0,-1.7,0,3.4,-22.9,0,-149,0,0,0,0,0,,,,NOD / DECLARE / UTTERANCE
691,1383-1384,57.583,odysseus,h,-2,2,3.5,180,0,-1.3,0,0,0,1.7,0,0,-51.6,0,0,0,0,0,0,0,,,,LOOK / HOLD / SCENE
691,1383-1384,57.583,hermes-as-young-man,h,-2,2,-0.5,0,0,1.3,0,0,0,-1.7,0,2.9,-22.9,0,-149,0,0,0,0,0,,,,NOD / DECLARE / UTTERANCE
692,1385-1386,57.667,odysseus,h,-2,2,3.5,180,0,-1.3,0,0,0,1.7,0,0,-51.6,0,0,0,0,0,0,0,,,,LOOK / HOLD / SCENE
692,1385-1386,57.667,hermes-as-young-man,h,-2,2,-0.5,0,0,1.3,0,0,0,-1.7,0,1.7,-22.9,0,-149,0,0,0,0,0,,,,NOD / DECLARE / UTTERANCE
693,1387-1388,57.75,odysseus,h,-2,2,3.5,180,0,-1.3,0,0,0,1.7,0,0,-51.6,0,0,0,0,0,0,0,,,,WEIGHT SHIFT / HOLD / SCENE
693,1387-1388,57.75,hermes-as-young-man,h,-2,2,-0.5,0,0,1.3,0,0,0,-1.7,0,0.5,-22.9,0,-149,0,0,0,0,0,,,,NOD / DECLARE / UTTERANCE
694,1389-1390,57.833,odysseus,h,-2,2,3.5,180,0,-1,0,0,0,1.3,0,0,-51.6,0,0,0,0,0,0,0,,,,WEIGHT SHIFT / HOLD / SCENE
694,1389-1390,57.833,hermes-as-young-man,h,-2,2,-0.5,0,0,1.3,0,0,0,-1.7,0,0,-22.9,0,-149,0,0,0,0,0,,,,GESTURE / SCENE / SCENE
695,1391-1392,57.917,odysseus,R,-2,2,3.5,180,0,-0.2,0,0,0,0.2,0,0,-51.6,0,0,0,0,0,0,0,,,,WEIGHT SHIFT / HOLD / SCENE
695,1391-1392,57.917,hermes-as-young-man,h,-2,2,-0.5,0,0,1.3,0,0,0,-1.7,0,0,-22.9,0,-149,0,0,0,0,0,,,,GESTURE / SCENE / SCENE
696,1393-1394,58,odysseus,R,-2,2,3.5,180,0,0.7,-0.1,0,0,-1.1,0,0,-51.6,0,0,0,0,0,0,0,,,,WEIGHT SHIFT / HOLD / SCENE
696,1393-1394,58,hermes-as-young-man,h,-2,2,-0.5,0,0,1.3,0,0,0,-1.7,0,0,-22.9,0,-149,0,0,0,0,0,,,,GESTURE / SCENE / SCENE
697,1395-1396,58.083,odysseus,R,-2,2,3.5,180,0,1.4,-0.1,0,0,-2.1,0,0,-51.6,0,0,0,0,0,0,0,,,,WEIGHT SHIFT / HOLD / SCENE
697,1395-1396,58.083,hermes-as-young-man,h,-2,2,-0.5,0,0,1.3,0,0,0,-1.7,0,0,-22.9,0,-149,0,0,0,0,0,,,,LOOK / HOLD / SCENE
698,1397-1398,58.167,odysseus,h,-2,2,3.5,180,0,1.7,-0.1,0,0,-2.6,0,0,-51.6,0,0,0,0,0,0,0,,,,WEIGHT SHIFT / HOLD / SCENE
698,1397-1398,58.167,hermes-as-young-man,A,-2,2,-0.5,0,0,1.3,0,0,0,-1.7,0,2.9,-22.9,0,-149,0,0,0,0,0,,,,LOOK / HOLD / SCENE
699,1399-1400,58.25,odysseus,h,-2,2,3.5,180,0,1.7,0,0,0,-2.5,0,0,-51.6,0,0,0,0,0,0,0,,,,WEIGHT SHIFT / HOLD / SCENE
699,1399-1400,58.25,hermes-as-young-man,h,-2,2,-0.5,0,0,1.3,0,0,0,-1.7,0,1.3,-22.9,0,-149,0,0,0,0,0,,,,LOOK / HOLD / SCENE
700,1401-1402,58.333,odysseus,h,-2,2,3.5,180,0,1.7,0,0,0,-2.5,0,0,-51.6,0,0,0,0,0,0,0,,,,WEIGHT SHIFT / HOLD / SCENE
700,1401-1402,58.333,hermes-as-young-man,h,-2,2,-0.5,0,0,1.3,0,0,0,-1.7,0,0.3,-22.9,0,-149,0,0,0,0,0,,,,LOOK / HOLD / SCENE
701,1403-1404,58.417,odysseus,h,-2,2,3.5,180,0,1.6,0,0,0,-2.4,0,0,-51.6,0,0,0,0,0,0,0,,,,WEIGHT SHIFT / HOLD / SCENE
701,1403-1404,58.417,hermes-as-young-man,h,-2,2,-0.5,0,0,1.3,0,0,0,-1.7,0,0,-22.9,0,-149,0,0,0,0,0,,,,LOOK / HOLD / SCENE
702,1405-1406,58.5,odysseus,h,-2,2,3.5,180,0,1.6,0,0,0,-2.4,0,0,-51.6,0,0,0,0,0,0,0,,,,WEIGHT SHIFT / HOLD / SCENE
702,1405-1406,58.5,hermes-as-young-man,h,-2,2,-0.5,0,0,1.3,0,0,0,-1.7,0,0,-22.9,0,-149,0,0,0,0,0,,,,LOOK / HOLD / SCENE
703,1407-1408,58.583,odysseus,h,-2,2,3.5,180,0,1.6,0,0,0,-2.4,0,0,-51.6,0,0,0,0,0,0,0,,,,WEIGHT SHIFT / HOLD / SCENE
703,1407-1408,58.583,hermes-as-young-man,h,-2,2,-0.5,0,0,1.3,0,0,0,-1.7,0,0,-22.9,0,-149,0,0,0,0,0,,,,LOOK / HOLD / SCENE
704,1409-1410,58.667,odysseus,h,-2,2,3.5,180,0,1.6,0,0,0,-2.3,0,0,-51.6,0,0,0,0,0,0,0,,,,WEIGHT SHIFT / HOLD / SCENE
704,1409-1410,58.667,hermes-as-young-man,h,-2,2,-0.5,0,0,1.3,0,0,0,-1.7,0,0,-22.9,0,-149,0,0,0,0,0,,,,LOOK / HOLD / SCENE
705,1411-1412,58.75,odysseus,h,-2,2,3.5,180,0,1.6,0,0,0,-2.3,0,0,-51.6,0,0,0,0,0,0,0,,,,WEIGHT SHIFT / HOLD / SCENE
705,1411-1412,58.75,hermes-as-young-man,h,-2,2,-0.5,0,0,1.3,0,0,0,-1.7,0,0,-22.9,0,-149,0,0,0,0,0,,,,DECLARE / UTTERANCE / SCENE
706,1413-1414,58.833,odysseus,h,-2,2,3.5,180,0,1.5,0,0,0,-2.2,0,0,-51.6,0,0,0,0,0,0,0,,,,WEIGHT SHIFT / HOLD / SCENE
706,1413-1414,58.833,hermes-as-young-man,h,-2,2,-0.5,0,0,1.3,0,0,0,-1.7,0,0,-22.9,0,-149,0,0,0,0,0,,,,CHOP / DECLARE / UTTERANCE
707,1415-1416,58.917,odysseus,h,-2,2,3.5,180,0,1.5,0,0,0,-2.2,0,0,-51.6,0,0,0,0,0,0,0,,,,WEIGHT SHIFT / HOLD / SCENE
707,1415-1416,58.917,hermes-as-young-man,A,-2,2,-0.5,0,0,1.3,0,-1.2,0,-1.7,0,1.9,-17.1,2.8,-149,0,-0.6,0,0,0,,,,CHOP / DECLARE / UTTERANCE
708,1417-1418,59,odysseus,h,-2,2,3.5,180,0,1.5,0,0,0,-2.1,0,0,-51.6,0,0,0,0,0,0,0,,,,WEIGHT SHIFT / HOLD / SCENE
708,1417-1418,59,hermes-as-young-man,A,-2,2,-0.5,0,0,1.3,0,-1.5,0,-1.7,0,2.6,-15.2,4.1,-149,0,-2,0,0,0,,,,CHOP / DECLARE / UTTERANCE
709,1419-1420,59.083,odysseus,h,-2,2,3.5,180,0,1.5,0,0,0,-2.1,0,0,-51.6,0,0,0,0,0,0,0,,,,WEIGHT SHIFT / HOLD / SCENE
709,1419-1420,59.083,hermes-as-young-man,A,-2,2,-0.5,0,0,1.3,0,3.6,0,-1.7,0,2.5,-78.6,4.4,-149,0,-4.1,0,0,0,,,,CHOP / DECLARE / UTTERANCE
710,1421-1422,59.167,odysseus,h,-2,2,3.5,180,0,1.4,0,0,0,-2,0,0,-51.6,0,0,0,0,0,0,0,,,,WEIGHT SHIFT / HOLD / SCENE
710,1421-1422,59.167,hermes-as-young-man,A,-2,2,-0.5,0,0,1.3,0,4.5,0,-1.7,0,2.5,-89.4,4.3,-149,0,-6.3,0,0,0,,,,CHOP / DECLARE / UTTERANCE
711,1423-1424,59.25,odysseus,h,-2,2,3.5,180,0,1.4,0,0,0,-2,0,0,-51.6,0,0,0,0,0,0,0,,,,WEIGHT SHIFT / HOLD / SCENE
711,1423-1424,59.25,hermes-as-young-man,A,-2,2,-0.5,0,0,1.3,0,4.1,0,-1.7,0,2.3,-84.8,4.1,-149,0,-8.3,0,0,0,,,,CHOP / DECLARE / UTTERANCE
712,1425-1426,59.333,odysseus,h,-2,2,3.5,180,0,1.4,0,0,0,-1.9,0,0,-51.6,0,0,0,0,0,0,0,,,,WEIGHT SHIFT / HOLD / SCENE
712,1425-1426,59.333,hermes-as-young-man,A,-2,2,-0.5,0,0,1.3,0,3.9,0,-1.7,0,2.1,-78.4,4,-149,0,-9.7,0,0,0,,,,CHOP / DECLARE / UTTERANCE
713,1427-1428,59.417,odysseus,h,-2,2,3.5,180,0,1.4,0,0,0,-1.9,0,0,-51.6,0,0,0,0,0,0,0,,,,WEIGHT SHIFT / HOLD / SCENE
713,1427-1428,59.417,hermes-as-young-man,A,-2,2,-0.5,0,0,1.3,0,3.7,0,-1.7,0,1.9,-59,3.8,-149,0,-10.3,0,0,0,,,,CHOP / DECLARE / UTTERANCE
714,1429-1430,59.5,odysseus,h,-2,2,3.5,180,0,1.3,0,0,0,-1.9,0,0,-51.6,0,0,0,0,0,0,0,,,,WEIGHT SHIFT / HOLD / SCENE
714,1429-1430,59.5,hermes-as-young-man,h,-2,2,-0.5,0,0,1.3,0,3.5,0,-1.7,0,1.7,-58.5,3.6,-149,0,-10,0,0,0,,,,WEIGHT SHIFT / HOLD / SCENE
715,1431-1432,59.583,odysseus,h,-2,2,3.5,180,0,1.3,0,0,0,-1.8,0,0,-51.6,0,0,0,0,0,0,0,,,,WEIGHT SHIFT / HOLD / SCENE
715,1431-1432,59.583,hermes-as-young-man,h,-2,2,-0.5,0,0,1,0,3.3,0,-1.3,0,1.4,-58,3.4,-149,0,-9.2,0,0,0,,,,WEIGHT SHIFT / HOLD / SCENE
716,1433-1434,59.667,odysseus,h,-2,2,3.5,180,0,1.3,0,0,0,-1.8,0,0,-51.6,0,0,0,0,0,0,0,,,,WEIGHT SHIFT / HOLD / SCENE
716,1433-1434,59.667,hermes-as-young-man,A,-2,2,-0.5,0,0,0.2,0,3.1,0,-0.2,0,1.2,-57.5,3.3,-149,0,-8.1,0,0,0,,,,WEIGHT SHIFT / HOLD / SCENE
717,1435-1436,59.75,odysseus,h,-2,2,3.5,180,0,1.3,0,0,0,-1.7,0,0,-51.6,0,0,0,0,0,0,0,,,,WEIGHT SHIFT / HOLD / SCENE
717,1435-1436,59.75,hermes-as-young-man,A,-2,2,-0.5,0,0,-0.7,-0.1,2.9,0,1.1,0,0.9,-57,3.1,-149,0,-6.7,0,0,0,,,,WEIGHT SHIFT / HOLD / SCENE
718,1437-1438,59.833,odysseus,h,-2,2,3.5,180,0,1.3,0,0,0,-1.7,0,0,-51.6,0,0,0,0,0,0,0,,,,LISTEN / UTTERANCE
718,1437-1438,59.833,hermes-as-young-man,A,-2,2,-0.5,0,0,-1.4,-0.1,2.7,0,2.1,0,0.7,-54.4,2.9,-149,0,-5.2,0,0,0,,,,WEIGHT SHIFT / HOLD / SCENE
719,1439-1440,59.917,odysseus,h,-2,2,3.5,180,0,1.3,0,0,0,-1.7,0,0,-51.6,0,0,0,0,0,0,0,,,,LISTEN / UTTERANCE
719,1439-1440,59.917,hermes-as-young-man,A,-2,2,-0.5,0,0,-1.7,-0.1,2.1,0,2.6,0,0.5,-48.1,2.3,-149,0,-3.6,0,0,0,,,,WEIGHT SHIFT / HOLD / SCENE
720,1441-1442,60,odysseus,h,-2,2,3.5,180,0,1.3,0,0,0,-1.7,0,0,-51.6,0,0,0,0,0,0,0,,,,LISTEN / UTTERANCE
720,1441-1442,60,hermes-as-young-man,A,-2,2,-0.5,0,0,-1.7,0,1.4,0,2.5,0,0.3,-39.9,1.5,-149,0,-2.2,0,0,0,,,,WEIGHT SHIFT / HOLD / SCENE
721,1443-1444,60.083,odysseus,h,-2,2,3.5,180,0,1.3,0,0,0,-1.7,0,0,-51.6,0,0,0,0,0,0,0,,,,LISTEN / UTTERANCE
721,1443-1444,60.083,hermes-as-young-man,A,-2,2,-0.5,0,0,-1.7,0,0.7,0,2.5,0,0.1,-31.7,0.8,-149,0,-1.1,0,0,0,,,,WEIGHT SHIFT / HOLD / SCENE
722,1445-1446,60.167,odysseus,h,-2,2,3.5,180,0,1.3,0,0,0,-1.7,0,0,-51.6,0,0,0,0,0,0,0,,,,LISTEN / UTTERANCE
722,1445-1446,60.167,hermes-as-young-man,A,-2,2,-0.5,0,0,-1.6,0,0.2,0,2.4,0,0,-25.4,0.2,-149,0,-0.3,0,0,0,,,,WEIGHT SHIFT / HOLD / SCENE
723,1447-1448,60.25,odysseus,h,-2,2,3.5,180,0,1.3,0,0,0,-1.7,0,0,-51.6,0,0,0,0,0,0,0,,,,LISTEN / UTTERANCE
723,1447-1448,60.25,hermes-as-young-man,h,-2,2,-0.5,0,0,-1.6,0,0,0,2.4,0,0,-22.9,0,-149,0,0,0,0,0,,,,WEIGHT SHIFT / HOLD / SCENE
724,1449-1450,60.333,odysseus,h,-2,2,3.5,180,0,1.3,0,0,0,-1.7,0,0,-51.6,0,0,0,0,0,0,0,,,,LISTEN / UTTERANCE
724,1449-1450,60.333,hermes-as-young-man,h,-2,2,-0.5,0,0,-1.6,0,0,0,2.4,0,0,-22.9,0,-149,0,0,0,0,0,,,,WEIGHT SHIFT / HOLD / SCENE
725,1451-1452,60.417,odysseus,h,-2,2,3.5,180,0,1.3,0,0,0,-1.7,0,0,-51.6,0,0,0,0,0,0,0,,,,LISTEN / UTTERANCE
725,1451-1452,60.417,hermes-as-young-man,h,-2,2,-0.5,0,0,-1.6,0,0,0,2.3,0,0,-22.9,0,-149,0,0,0,0,0,,,,WEIGHT SHIFT / HOLD / SCENE
726,1453-1454,60.5,odysseus,h,-2,2,3.5,180,0,1.3,0,0,0,-1.7,0,0,-51.6,0,0,0,0,0,0,0,,,,LISTEN / UTTERANCE
726,1453-1454,60.5,hermes-as-young-man,h,-2,2,-0.5,0,0,-1.6,0,0,0,2.3,0,0,-22.9,0,-149,0,0,0,0,0,,,,WEIGHT SHIFT / HOLD / SCENE
727,1455-1456,60.583,odysseus,h,-2,2,3.5,180,0,1.3,0,0,0,-1.7,0,0,-51.6,0,0,0,0,0,0,0,,,,LISTEN / UTTERANCE
727,1455-1456,60.583,hermes-as-young-man,h,-2,2,-0.5,0,0,-1.5,0,0,0,2.2,0,0,-22.9,0,-149,0,0,0,0,0,,,,WEIGHT SHIFT / HOLD / SCENE
728,1457-1458,60.667,odysseus,h,-2,2,3.5,180,0,1.3,0,0,0,-1.7,0,0,-51.6,0,0,0,0,0,0,0,,,,LISTEN / UTTERANCE
728,1457-1458,60.667,hermes-as-young-man,h,-2,2,-0.5,0,0,-1.5,0,0,0,2.2,0,0,-22.9,0,-149,0,0,0,0,0,,,,WEIGHT SHIFT / HOLD / SCENE
729,1459-1460,60.75,odysseus,h,-2,2,3.5,180,0,1.3,0,0,0,-1.7,0,0,-51.6,0,0,0,0,0,0,0,,,,LISTEN / UTTERANCE
729,1459-1460,60.75,hermes-as-young-man,h,-2,2,-0.5,0,0,-1.5,0,0,0,2.1,0,0,-22.9,0,-149,0,0,0,0,0,,,,WEIGHT SHIFT / HOLD / SCENE
730,1461-1462,60.833,odysseus,h,-2,2,3.5,180,0,1.3,0,0,0,-1.7,0,0,-51.6,0,0,0,0,0,0,0,,,,LISTEN / UTTERANCE
730,1461-1462,60.833,hermes-as-young-man,h,-2,2,-0.5,0,0,-1.5,0,0,0,2.1,0,0,-22.9,0,-149,0,0,0,0,0,,,,WEIGHT SHIFT / HOLD / SCENE
731,1463-1464,60.917,odysseus,h,-2,2,3.5,180,0,1.3,0,0,0,-1.7,0,0,-51.6,0,0,0,0,0,0,0,,,,LISTEN / UTTERANCE
731,1463-1464,60.917,hermes-as-young-man,h,-2,2,-0.5,0,0,-1.4,0,0,0,2,0,0,-22.9,0,-149,0,0,0,0,0,,,,WEIGHT SHIFT / HOLD / SCENE
732,1465-1466,61,odysseus,A,-2,2,3.5,180,0,1.3,0,0,0,-1.7,0,2.9,-51.6,0,0,0,0,0,0,0,,,,LOOK / HOLD / SCENE
732,1465-1466,61,hermes-as-young-man,h,-2,2,-0.5,0,0,-1.4,0,0,0,2,0,0,-22.9,0,-149,0,0,0,0,0,,,,WEIGHT SHIFT / HOLD / SCENE
733,1467-1468,61.083,odysseus,h,-2,2,3.5,180,0,1.3,0,0,0,-1.7,0,1.6,-51.6,0,0,0,0,0,0,0,,,,LOOK / HOLD / SCENE
733,1467-1468,61.083,hermes-as-young-man,h,-2,2,-0.5,0,0,-1.4,0,0,0,1.9,0,0,-22.9,0,-149,0,0,0,0,0,,,,WEIGHT SHIFT / HOLD / SCENE
734,1469-1470,61.167,odysseus,h,-2,2,3.5,180,0,1.3,0,0,0,-1.7,0,0.7,-51.6,0,0,0,0,0,0,0,,,,LOOK / HOLD / SCENE
734,1469-1470,61.167,hermes-as-young-man,h,-2,2,-0.5,0,0,-1.4,0,0,0,1.9,0,0,-22.9,0,-149,0,0,0,0,0,,,,WEIGHT SHIFT / HOLD / SCENE
735,1471-1472,61.25,odysseus,h,-2,2,3.5,180,0,1.3,0,0,0,-1.7,0,0.2,-51.6,0,0,0,0,0,0,0,,,,LOOK / HOLD / SCENE
735,1471-1472,61.25,hermes-as-young-man,A,-2,2,-0.5,0,0,-1.3,0,0,0,1.9,0,2.9,-22.9,0,-149,0,0,0,0,0,,,,LOOK / HOLD / SCENE
736,1473-1474,61.333,odysseus,h,-2,2,3.5,180,0,1.3,0,0,0,-1.7,0,0,-51.6,0,0,0,0,0,0,0,,,,LOOK / HOLD / SCENE
736,1473-1474,61.333,hermes-as-young-man,h,-2,2,-0.5,0,0,-1.3,0,0,0,1.8,0,1.6,-22.9,0,-149,0,0,0,0,0,,,,LOOK / HOLD / SCENE
737,1475-1476,61.417,odysseus,h,-2,2,3.5,180,0,1.3,0,0,0,-1.7,0,0,-51.6,0,0,0,0,0,0,0,,,,LOOK / HOLD / SCENE
737,1475-1476,61.417,hermes-as-young-man,h,-2,2,-0.5,0,0,-1.3,0,0,0,1.8,0,0.7,-22.9,0,-149,0,0,0,0,0,,,,LOOK / HOLD / SCENE
738,1477-1478,61.5,odysseus,h,-2,2,3.5,180,0,1.3,0,0,0,-1.7,0,0,-51.6,0,0,0,0,0,0,0,,,,LOOK / HOLD / SCENE
738,1477-1478,61.5,hermes-as-young-man,h,-2,2,-0.5,0,0,-1.3,0,0,0,1.7,0,0.2,-22.9,0,-149,0,0,0,0,0,,,,LOOK / HOLD / SCENE
739,1479-1480,61.583,odysseus,h,-2,2,3.5,180,0,1.3,0,0,0,-1.7,0,0,-51.6,0,0,0,0,0,0,0,,,,LISTEN / UTTERANCE
739,1479-1480,61.583,hermes-as-young-man,h,-2,2,-0.5,0,0,-1.3,0,0,0,1.7,0,0,-22.9,0,-149,0,0,0,0,0,,,,LOOK / HOLD / SCENE
740,1481-1482,61.667,odysseus,h,-2,2,3.5,180,0,1.3,0,0,0,-1.7,0,0,-51.6,0,0,0,0,0,0,0,,,,LISTEN / UTTERANCE
740,1481-1482,61.667,hermes-as-young-man,h,-2,2,-0.5,0,0,-1.3,0,0,0,1.7,0,0,-22.9,0,-149,0,0,0,0,0,,,,LOOK / HOLD / SCENE
741,1483-1484,61.75,odysseus,h,-2,2,3.5,180,0,1.3,0,0,0,-1.7,0,0,-51.6,0,0,0,0,0,0,0,,,,WEIGHT SHIFT / HOLD / SCENE
741,1483-1484,61.75,hermes-as-young-man,h,-2,2,-0.5,0,0,-1.3,0,0,0,1.7,0,0,-22.9,0,-149,0,0,0,0,0,,,,LOOK / HOLD / SCENE
742,1485-1486,61.833,odysseus,h,-2,2,3.5,180,0,1,0,0,0,-1.4,0,0,-51.6,0,0,0,0,0,0,0,,,,WEIGHT SHIFT / HOLD / SCENE
742,1485-1486,61.833,hermes-as-young-man,h,-2,2,-0.5,0,0,-1.3,0,0,0,1.7,0,0,-22.9,0,-149,0,0,0,0,0,,,,DECLARE / UTTERANCE / SCENE
743,1487-1488,61.917,odysseus,h,-2,2,3.5,180,0,0.5,0,0,0,-0.6,0,0,-51.6,0,0,0,0,0,0,0,,,,WEIGHT SHIFT / HOLD / SCENE
743,1487-1488,61.917,hermes-as-young-man,h,-2,2,-0.5,0,0,-1.3,0,0,0,1.7,0,0,-22.9,0,-149,0,0,0,0,0,,,,DECLARE / UTTERANCE / SCENE
744,1489-1490,62,odysseus,A,-2,2,3.5,180,0,-0.2,0,0,0,0.4,0,0,-51.6,0,0,0,0,0,0,0,,,,WEIGHT SHIFT / HOLD / SCENE
744,1489-1490,62,hermes-as-young-man,h,-2,2,-0.5,0,0,-1.3,0,0,0,1.7,0,0,-22.9,0,-149,0,0,0,0,0,,,,DECLARE / UTTERANCE / SCENE
745,1491-1492,62.083,odysseus,A,-2,2,3.5,180,0,-0.9,-0.1,0,0,1.5,0,0,-51.6,0,0,0,0,0,0,0,,,,WEIGHT SHIFT / HOLD / SCENE
745,1491-1492,62.083,hermes-as-young-man,h,-2,2,-0.5,0,0,-1.3,0,0,0,1.7,0,0,-22.9,0,-149,0,0,0,0,0,,,,DECLARE / UTTERANCE / SCENE
746,1493-1494,62.167,odysseus,h,-2,2,3.5,180,0,-1.5,-0.1,0,0,2.3,0,0,-51.6,0,0,0,0,0,0,0,,,,WEIGHT SHIFT / HOLD / SCENE
746,1493-1494,62.167,hermes-as-young-man,h,-2,2,-0.5,0,0,-1.3,0,0,0,1.7,0,0,-22.9,0,-149,0,0,0,0,0,,,,DECLARE / UTTERANCE / SCENE
747,1495-1496,62.25,odysseus,h,-2,2,3.5,180,0,-1.7,-0.1,0,0,2.6,0,0,-51.6,0,0,0,0,0,0,0,,,,WEIGHT SHIFT / HOLD / SCENE
747,1495-1496,62.25,hermes-as-young-man,h,-2,2,-0.5,0,0,-1.3,0,0,0,1.7,0,0,-22.9,0,-149,0,0,0,0,0,,,,DECLARE / UTTERANCE / SCENE
748,1497-1498,62.333,odysseus,h,-2,2,3.5,180,0,-1.7,0,0,0,2.5,0,0,-51.6,0,0,0,0,0,0,0,,,,WEIGHT SHIFT / HOLD / SCENE
748,1497-1498,62.333,hermes-as-young-man,h,-2,2,-0.5,0,0,-1.3,0,0,0,1.7,0,0,-22.9,0,-149,0,0,0,0,0,,,,DECLARE / UTTERANCE / SCENE
749,1499-1500,62.417,odysseus,h,-2,2,3.5,180,0,-1.7,0,0,0,2.5,0,0,-51.6,0,0,0,0,0,0,0,,,,WEIGHT SHIFT / HOLD / SCENE
749,1499-1500,62.417,hermes-as-young-man,h,-2,2,-0.5,0,0,-1.3,0,0,0,1.7,0,0,-22.9,0,-149,0,0,0,0,0,,,,DECLARE / UTTERANCE / SCENE
750,1501-1502,62.5,odysseus,h,-2,2,3.5,180,0,-1.6,0,0,0,2.4,0,0,-51.6,0,0,0,0,0,0,0,,,,WEIGHT SHIFT / HOLD / SCENE
750,1501-1502,62.5,hermes-as-young-man,h,-2,2,-0.5,0,0,-1.3,0,0,0,1.7,0,0,-22.9,0,-149,0,0,0,0,0,,,,DECLARE / UTTERANCE / SCENE
751,1503-1504,62.583,odysseus,h,-2,2,3.5,180,0,-1.6,0,0,0,2.4,0,0,-51.6,0,0,0,0,0,0,0,,,,WEIGHT SHIFT / HOLD / SCENE
751,1503-1504,62.583,hermes-as-young-man,h,-2,2,-0.5,0,0,-1.3,0,0,0,1.7,0,0,-22.9,0,-149,0,0,0,0,0,,,,DECLARE / UTTERANCE / SCENE
752,1505-1506,62.667,odysseus,h,-2,2,3.5,180,0,-1.6,0,0,0,2.3,0,0,-51.6,0,0,0,0,0,0,0,,,,WEIGHT SHIFT / HOLD / SCENE
752,1505-1506,62.667,hermes-as-young-man,h,-2,2,-0.5,0,0,-1.3,0,0,0,1.7,0,0,-22.9,0,-149,0,0,0,0,0,,,,DECLARE / UTTERANCE / SCENE
753,1507-1508,62.75,odysseus,h,-2,2,3.5,180,0,-1.6,0,0,0,2.3,0,0,-51.6,0,0,0,0,0,0,0,,,,WEIGHT SHIFT / HOLD / SCENE
753,1507-1508,62.75,hermes-as-young-man,h,-2,2,-0.5,0,0,-1.3,0,0,0,1.7,0,0,-22.9,0,-149,0,0,0,0,0,,,,DECLARE / UTTERANCE / SCENE
754,1509-1510,62.833,odysseus,h,-2,2,3.5,180,0,-1.5,0,0,0,2.2,0,0,-51.6,0,0,0,0,0,0,0,,,,WEIGHT SHIFT / HOLD / SCENE
754,1509-1510,62.833,hermes-as-young-man,h,-2,2,-0.5,0,0,-1.3,0,0,0,1.7,0,0,-22.9,0,-149,0,0,0,0,0,,,,DECLARE / UTTERANCE / SCENE
755,1511-1512,62.917,odysseus,h,-2,2,3.5,180,0,-1.5,0,0,0,2.2,0,0,-51.6,0,0,0,0,0,0,0,,,,WEIGHT SHIFT / HOLD / SCENE
755,1511-1512,62.917,hermes-as-young-man,h,-2,2,-0.5,0,0,-1.3,0,0,0,1.7,0,0,-22.9,0,-149,0,0,0,0,0,,,,DECLARE / UTTERANCE / SCENE
756,1513-1514,63,odysseus,h,-2,2,3.5,180,0,-1.5,0,0,0,2.1,0,0,-51.6,0,0,0,0,0,0,0,,,,WEIGHT SHIFT / HOLD / SCENE
756,1513-1514,63,hermes-as-young-man,h,-2,2,-0.5,0,0,-1.3,0,0,0,1.7,0,0,-22.9,0,-149,0,0,0,0,0,,,,DECLARE / UTTERANCE / SCENE
757,1515-1516,63.083,odysseus,h,-2,2,3.5,180,0,-1.5,0,0,0,2.1,0,0,-51.6,0,0,0,0,0,0,0,,,,WEIGHT SHIFT / HOLD / SCENE
757,1515-1516,63.083,hermes-as-young-man,h,-2,2,-0.5,0,0,-1.3,0,0,0,1.7,0,0,-22.9,0,-149,0,0,0,0,0,,,,DECLARE / UTTERANCE / SCENE
758,1517-1518,63.167,odysseus,h,-2,2,3.5,180,0,-1.4,0,0,0,2.1,0,0,-51.6,0,0,0,0,0,0,0,,,,WEIGHT SHIFT / HOLD / SCENE
758,1517-1518,63.167,hermes-as-young-man,h,-2,2,-0.5,0,0,-1.3,0,0,0,1.7,0,0,-22.9,0,-149,0,0,0,0,0,,,,DECLARE / UTTERANCE / SCENE
759,1519-1520,63.25,odysseus,h,-2,2,3.5,180,0,-1.4,0,0,0,2,0,0,-51.6,0,0,0,0,0,0,0,,,,WEIGHT SHIFT / HOLD / SCENE
759,1519-1520,63.25,hermes-as-young-man,h,-2,2,-0.5,0,0,-1.3,0,0,0,1.7,0,0,-22.9,0,-149,0,0,0,0,0,,,,DECLARE / UTTERANCE / SCENE
760,1521-1522,63.333,odysseus,h,-2,2,3.5,180,0,-1.4,0,0,0,2,0,0,-51.6,0,0,0,0,0,0,0,,,,WEIGHT SHIFT / HOLD / SCENE
760,1521-1522,63.333,hermes-as-young-man,h,-2,2,-0.5,0,0,-1.3,0,0,0,1.7,0,0,-22.9,0,-149,0,0,0,0,0,,,,WEIGHT SHIFT / HOLD / SCENE
761,1523-1524,63.417,odysseus,h,-2,2,3.5,180,0,-1.4,0,0,0,1.9,0,0,-51.6,0,0,0,0,0,0,0,,,,WEIGHT SHIFT / HOLD / SCENE
761,1523-1524,63.417,hermes-as-young-man,h,-2,2,-0.5,0,0,-1,0,0,0,1.3,0,0,-22.9,0,-149,0,0,0,0,0,,,,WEIGHT SHIFT / HOLD / SCENE
762,1525-1526,63.5,odysseus,h,-2,2,3.5,180,0,-1.3,0,0,0,1.9,0,0,-51.6,0,0,0,0,0,0,0,,,,WEIGHT SHIFT / HOLD / SCENE
762,1525-1526,63.5,hermes-as-young-man,A,-2,2,-0.5,0,0,-0.2,0,-1.2,0,0.2,0,-1.4,-17.1,5,-149,0,1.4,0,0,0,,,,NOD / DECLARE / UTTERANCE
763,1527-1528,63.583,odysseus,h,-2,2,3.5,180,0,-1.3,0,0,0,1.8,0,0,-51.6,0,0,0,0,0,0,0,,,,WEIGHT SHIFT / HOLD / SCENE
763,1527-1528,63.583,hermes-as-young-man,A,-2,2,-0.5,0,0,0.7,-0.1,-1.5,0,-1.1,0,-0.4,-15.2,9.2,-149,0,5.1,0,0,0,,,,NOD / DECLARE / UTTERANCE
764,1529-1530,63.667,odysseus,h,-2,2,3.5,180,0,-1.3,0,0,0,1.8,0,0,-51.6,0,0,0,0,0,0,0,,,,WEIGHT SHIFT / HOLD / SCENE
764,1529-1530,63.667,hermes-as-young-man,A,-2,2,-0.5,0,0,1.4,-0.1,0.3,0,-2.1,0,0.5,-40,12.4,-149,0,10.1,0,0,0,,,,NOD / DECLARE / UTTERANCE
765,1531-1532,63.75,odysseus,h,-2,2,3.5,180,0,-1.3,0,0,0,1.7,0,0,-51.6,0,0,0,0,0,0,0,,,,WEIGHT SHIFT / HOLD / SCENE
765,1531-1532,63.75,hermes-as-young-man,A,-2,2,-0.5,0,0,1.7,-0.1,1.5,0,-2.6,0,0.9,-57.7,14.7,-149,0,15.6,0,0,0,,,,NOD / DECLARE / UTTERANCE
766,1533-1534,63.833,odysseus,h,-2,2,3.5,180,0,-1.3,0,0,0,1.7,0,0,-51.6,0,0,0,0,0,0,0,,,,LISTEN / UTTERANCE
766,1533-1534,63.833,hermes-as-young-man,A,-2,2,-0.5,0,0,1.7,0,2.3,0,-2.5,0,0.1,-68.4,16,-149,0,20.7,0,0,0,,,,NOD / DECLARE / UTTERANCE
767,1535-1536,63.917,odysseus,h,-2,2,3.5,180,0,-1.3,0,0,0,1.7,0,0,-51.6,0,0,0,0,0,0,0,,,,LISTEN / UTTERANCE
767,1535-1536,63.917,hermes-as-young-man,A,-2,2,-0.5,0,0,1.7,0,2.6,0,-2.5,0,-1.4,-71.9,16.5,-149,0,24.4,0,0,0,,,,NOD / DECLARE / UTTERANCE
768,1537-1538,64,odysseus,h,-2,2,3.5,180,0,-1.3,0,0,0,1.7,0,0,-51.6,0,0,0,0,0,0,0,,,,LISTEN / UTTERANCE
768,1537-1538,64,hermes-as-young-man,h,-2,2,-0.5,0,0,1.6,0,2.4,0,-2.4,0,-2.1,-69.9,15.7,-149,0,25.8,0,0,0,,,,NOD / DECLARE / UTTERANCE
769,1539-1540,64.083,odysseus,h,-2,2,3.5,180,0,-1.3,0,0,0,1.7,0,0,-51.6,0,0,0,0,0,0,0,,,,LISTEN / UTTERANCE
769,1539-1540,64.083,hermes-as-young-man,h,-2,2,-0.5,0,0,1.6,0,2.3,0,-2.4,0,-1.8,-68,14.9,-149,0,25.1,0,0,0,,,,OPEN / DECLARE / UTTERANCE
770,1541-1542,64.167,odysseus,h,-2,2,3.5,180,0,-1.3,0,0,0,1.7,0,0,-51.6,0,0,0,0,0,0,0,,,,LISTEN / UTTERANCE
770,1541-1542,64.167,hermes-as-young-man,h,-2,2,-0.5,0,0,1.6,0,2.1,0,-2.4,0,-1.6,-66,14,-149,0,23.1,0,0,0,,,,OPEN / DECLARE / UTTERANCE
771,1543-1544,64.25,odysseus,h,-2,2,3.5,180,0,-1.3,0,0,0,1.7,0,0,-51.6,0,0,0,0,0,0,0,,,,LISTEN / UTTERANCE
771,1543-1544,64.25,hermes-as-young-man,h,-2,2,-0.5,0,0,1.6,0,2,0,-2.3,0,-1.3,-64.1,13.2,-149,0,20.2,0,0,0,,,,OPEN / DECLARE / UTTERANCE
772,1545-1546,64.333,odysseus,h,-2,2,3.5,180,0,-1.3,0,0,0,1.7,0,0,-51.6,0,0,0,0,0,0,0,,,,LISTEN / UTTERANCE
772,1545-1546,64.333,hermes-as-young-man,h,-2,2,-0.5,0,0,1.6,0,1.8,0,-2.3,0,-1,-62.1,12.4,-149,0,16.7,0,0,0,,,,OPEN / DECLARE / UTTERANCE
773,1547-1548,64.417,odysseus,h,-2,2,3.5,180,0,-1.3,0,0,0,1.7,0,0,-51.6,0,0,0,0,0,0,0,,,,LISTEN / UTTERANCE
773,1547-1548,64.417,hermes-as-young-man,A,-2,2,-0.5,0,0,1.5,0,1.7,0,-2.2,0,-0.8,-59.2,11.5,-149,0,12.9,0,0,0,,,,OPEN / DECLARE / UTTERANCE
774,1549-1550,64.5,odysseus,h,-2,2,3.5,180,0,-1.3,0,0,0,1.7,0,0,-51.6,0,0,0,0,0,0,0,,,,LISTEN / UTTERANCE
774,1549-1550,64.5,hermes-as-young-man,A,-2,2,-0.5,0,0,1.5,0,1.3,0,-2.2,0,-0.5,-51.9,9.2,-149,0,9.1,0,0,0,,,,LOOK / HOLD / SCENE
775,1551-1552,64.583,odysseus,h,-2,2,3.5,180,0,-1.3,0,0,0,1.7,0,0,-51.6,0,0,0,0,0,0,0,,,,LISTEN / UTTERANCE
775,1551-1552,64.583,hermes-as-young-man,A,-2,2,-0.5,0,0,1.5,0,0.9,0,-2.1,0,2.6,-42.5,6.2,-149,0,5.6,0,0,0,,,,LOOK / HOLD / SCENE
776,1553-1554,64.667,odysseus,h,-2,2,3.5,180,0,-1.3,0,0,0,1.7,0,0,-51.6,0,0,0,0,0,0,0,,,,LISTEN / UTTERANCE
776,1553-1554,64.667,hermes-as-young-man,A,-2,2,-0.5,0,0,1.5,0,0.5,0,-2.1,0,1.1,-33.1,3.2,-149,0,2.7,0,0,0,,,,LOOK / HOLD / SCENE
777,1555-1556,64.75,odysseus,R,-2,2,3.5,180,0,-1.3,0,0,0,1.7,0,2.9,-51.6,0,0,0,0,0,0,0,,,,LOOK / HOLD / SCENE
777,1555-1556,64.75,hermes-as-young-man,A,-2,2,-0.5,0,0,1.4,0,0.1,0,-2,0,0.3,-25.8,0.9,-149,0,0.7,0,0,0,,,,LOOK / HOLD / SCENE
778,1557-1558,64.833,odysseus,R,-2,2,3.5,180,0,-1.3,0,0,0,1.7,0,1.3,-51.6,0,0,0,0,0,0,0,,,,LOOK / HOLD / SCENE
778,1557-1558,64.833,hermes-as-young-man,A,-2,2,-0.5,0,0,1.4,0,0,0,-2,0,0,-22.9,0,-149,0,0,0,0,0,,,,LOOK / HOLD / SCENE
779,1559-1560,64.917,odysseus,h,-2,2,3.5,180,0,-1.3,0,0,0,1.7,0,0.3,-51.6,0,0,0,0,0,0,0,,,,LOOK / HOLD / SCENE
779,1559-1560,64.917,hermes-as-young-man,h,-2,2,-0.5,0,0,1.4,0,0,0,-1.9,0,0,-22.9,0,-149,0,0,0,0,0,,,,LOOK / HOLD / SCENE
780,1561-1562,65,odysseus,h,-2,2,3.5,180,0,-1.3,0,0,0,1.7,0,0,-51.6,0,0,0,0,0,0,0,,,,LOOK / HOLD / SCENE
780,1561-1562,65,hermes-as-young-man,h,-2,2,-0.5,0,0,1.4,0,0,0,-1.9,0,0,-22.9,0,-149,0,0,0,0,0,,,,LOOK / HOLD / SCENE
781,1563-1564,65.083,odysseus,h,-2,2,3.5,180,0,-1.3,0,0,0,1.7,0,0,-51.6,0,0,0,0,0,0,0,,,,LOOK / HOLD / SCENE
781,1563-1564,65.083,hermes-as-young-man,h,-2,2,-0.5,0,0,1.3,0,0,0,-1.9,0,0,-22.9,0,-149,0,0,0,0,0,,,,WEIGHT SHIFT / HOLD / SCENE
782,1565-1566,65.167,odysseus,h,-2,2,3.5,180,0,-1.3,0,0,0,1.7,0,0,-51.6,0,0,0,0,0,0,0,,,,LOOK / HOLD / SCENE
782,1565-1566,65.167,hermes-as-young-man,h,-2,2,-0.5,0,0,1.3,0,0,0,-1.8,0,0,-22.9,0,-149,0,0,0,0,0,,,,WEIGHT SHIFT / HOLD / SCENE
783,1567-1568,65.25,odysseus,h,-2,2,3.5,180,0,-1.3,0,0,0,1.7,0,0,-51.6,0,0,0,0,0,0,0,,,,LOOK / HOLD / SCENE
783,1567-1568,65.25,hermes-as-young-man,h,-2,2,-0.5,0,0,1.3,0,0,0,-1.8,0,0,-22.9,0,-149,0,0,0,0,0,,,,WEIGHT SHIFT / HOLD / SCENE
784,1569-1570,65.333,odysseus,h,-2,2,3.5,180,0,-1.3,0,0,0,1.7,0,0,-51.6,0,0,0,0,0,0,0,,,,LISTEN / UTTERANCE
784,1569-1570,65.333,hermes-as-young-man,h,-2,2,-0.5,0,0,1.3,0,0,0,-1.7,0,0,-22.9,0,-149,0,0,0,0,0,,,,DECLARE / UTTERANCE / SCENE
785,1571-1572,65.417,odysseus,h,-2,2,3.5,180,0,-1.3,0,0,0,1.7,0,0,-51.6,0,0,0,0,0,0,0,,,,LISTEN / UTTERANCE
785,1571-1572,65.417,hermes-as-young-man,h,-2,2,-0.5,0,0,1.3,0,0,0,-1.7,0,0,-22.9,0,-149,0,0,0,0,0,,,,DECLARE / UTTERANCE / SCENE
786,1573-1574,65.5,odysseus,h,-2,2,3.5,180,0,-1.3,0,0,0,1.7,0,0,-51.6,0,0,0,0,0,0,0,,,,WEIGHT SHIFT / HOLD / SCENE
786,1573-1574,65.5,hermes-as-young-man,h,-2,2,-0.5,0,0,1.3,0,0,0,-1.7,0,0,-22.9,0,-149,0,0,0,0,0,,,,DECLARE / UTTERANCE / SCENE
787,1575-1576,65.583,odysseus,h,-2,2,3.5,180,0,-1,0,0,0,1.3,0,0,-51.6,0,0,0,0,0,0,0,,,,WEIGHT SHIFT / HOLD / SCENE
787,1575-1576,65.583,hermes-as-young-man,h,-2,2,-0.5,0,0,1.3,0,0,0,-1.7,0,0,-22.9,0,-149,0,0,0,0,0,,,,DECLARE / UTTERANCE / SCENE
788,1577-1578,65.667,odysseus,A,-2,2,3.5,180,0,-0.2,0,0,0,0.2,0,0,-51.6,0,0,0,0,0,0,0,,,,WEIGHT SHIFT / HOLD / SCENE
788,1577-1578,65.667,hermes-as-young-man,h,-2,2,-0.5,0,0,1.3,0,0,0,-1.7,0,0,-22.9,0,-149,0,0,0,0,0,,,,DECLARE / UTTERANCE / SCENE
789,1579-1580,65.75,odysseus,A,-2,2,3.5,180,0,0.7,-0.1,0,0,-1.1,0,0,-51.6,0,0,0,0,0,0,0,,,,WEIGHT SHIFT / HOLD / SCENE
789,1579-1580,65.75,hermes-as-young-man,h,-2,2,-0.5,0,0,1.3,0,0,0,-1.7,0,0,-22.9,0,-149,0,0,0,0,0,,,,NOD / DECLARE / UTTERANCE
790,1581-1582,65.833,odysseus,A,-2,2,3.5,180,0,1.4,-0.1,0,0,-2.1,0,0,-51.6,0,0,0,0,0,0,0,,,,WEIGHT SHIFT / HOLD / SCENE
790,1581-1582,65.833,hermes-as-young-man,h,-2,2,-0.5,0,0,1.3,0,0,0,-1.7,0,1.9,-22.9,0,-149,0,0,0,0,0,,,,NOD / DECLARE / UTTERANCE
791,1583-1584,65.917,odysseus,h,-2,2,3.5,180,0,1.7,-0.1,0,0,-2.6,0,0,-51.6,0,0,0,0,0,0,0,,,,WEIGHT SHIFT / HOLD / SCENE
791,1583-1584,65.917,hermes-as-young-man,h,-2,2,-0.5,0,0,1.3,0,0,0,-1.7,0,3.1,-22.9,0,-149,0,0,0,0,0,,,,NOD / DECLARE / UTTERANCE
792,1585-1586,66,odysseus,h,-2,2,3.5,180,0,1.7,0,0,0,-2.5,0,0,-51.6,0,0,0,0,0,0,0,,,,WEIGHT SHIFT / HOLD / SCENE
792,1585-1586,66,hermes-as-young-man,h,-2,2,-0.5,0,0,1.3,0,0,0,-1.7,0,3.4,-22.9,0,-149,0,0,0,0,0,,,,NOD / DECLARE / UTTERANCE
793,1587-1588,66.083,odysseus,h,-2,2,3.5,180,0,1.7,0,0,0,-2.5,0,0,-51.6,0,0,0,0,0,0,0,,,,WEIGHT SHIFT / HOLD / SCENE
793,1587-1588,66.083,hermes-as-young-man,h,-2,2,-0.5,0,0,1.3,0,0,0,-1.7,0,2.5,-22.9,0,-149,0,0,0,0,0,,,,NOD / DECLARE / UTTERANCE
794,1589-1590,66.167,odysseus,h,-2,2,3.5,180,0,1.6,0,0,0,-2.4,0,0,-51.6,0,0,0,0,0,0,0,,,,WEIGHT SHIFT / HOLD / SCENE
794,1589-1590,66.167,hermes-as-young-man,h,-2,2,-0.5,0,0,1.3,0,0,0,-1.7,0,0.9,-22.9,0,-149,0,0,0,0,0,,,,NOD / DECLARE / UTTERANCE
795,1591-1592,66.25,odysseus,h,-2,2,3.5,180,0,1.6,0,0,0,-2.4,0,0,-51.6,0,0,0,0,0,0,0,,,,WEIGHT SHIFT / HOLD / SCENE
795,1591-1592,66.25,hermes-as-young-man,h,-2,2,-0.5,0,0,1.3,0,0,0,-1.7,0,0,-22.9,0,-149,0,0,0,0,0,,,,NOD / DECLARE / UTTERANCE
796,1593-1594,66.333,odysseus,h,-2,2,3.5,180,0,1.6,0,0,0,-2.4,0,0,-51.6,0,0,0,0,0,0,0,,,,WEIGHT SHIFT / HOLD / SCENE
796,1593-1594,66.333,hermes-as-young-man,h,-2,2,-0.5,0,0,1.3,0,0,0,-1.7,0,0,-22.9,0,-149,0,0,0,0,0,,,,DECLARE / UTTERANCE / SCENE
797,1595-1596,66.417,odysseus,h,-2,2,3.5,180,0,1.6,0,0,0,-2.3,0,0,-51.6,0,0,0,0,0,0,0,,,,WEIGHT SHIFT / HOLD / SCENE
797,1595-1596,66.417,hermes-as-young-man,h,-2,2,-0.5,0,0,1.3,0,0,0,-1.7,0,0,-22.9,0,-149,0,0,0,0,0,,,,DECLARE / UTTERANCE / SCENE
798,1597-1598,66.5,odysseus,h,-2,2,3.5,180,0,1.6,0,0,0,-2.3,0,0,-51.6,0,0,0,0,0,0,0,,,,WEIGHT SHIFT / HOLD / SCENE
798,1597-1598,66.5,hermes-as-young-man,h,-2,2,-0.5,0,0,1.3,0,0,0,-1.7,0,0,-22.9,0,-149,0,0,0,0,0,,,,DECLARE / UTTERANCE / SCENE
799,1599-1600,66.583,odysseus,h,-2,2,3.5,180,0,1.5,0,0,0,-2.2,0,0,-51.6,0,0,0,0,0,0,0,,,,WEIGHT SHIFT / HOLD / SCENE
799,1599-1600,66.583,hermes-as-young-man,h,-2,2,-0.5,0,0,1.3,0,0,0,-1.7,0,0,-22.9,0,-149,0,0,0,0,0,,,,DECLARE / UTTERANCE / SCENE
800,1601-1602,66.667,odysseus,h,-2,2,3.5,180,0,1.5,0,0,0,-2.2,0,0,-51.6,0,0,0,0,0,0,0,,,,WEIGHT SHIFT / HOLD / SCENE
800,1601-1602,66.667,hermes-as-young-man,h,-2,2,-0.5,0,0,1.3,0,0,0,-1.7,0,0,-22.9,0,-149,0,0,0,0,0,,,,DECLARE / UTTERANCE / SCENE
801,1603-1604,66.75,odysseus,h,-2,2,3.5,180,0,1.5,0,0,0,-2.1,0,0,-51.6,0,0,0,0,0,0,0,,,,WEIGHT SHIFT / HOLD / SCENE
801,1603-1604,66.75,hermes-as-young-man,h,-2,2,-0.5,0,0,1.3,0,0,0,-1.7,0,0,-22.9,0,-149,0,0,0,0,0,,,,DECLARE / UTTERANCE / SCENE
802,1605-1606,66.833,odysseus,h,-2,2,3.5,180,0,1.5,0,0,0,-2.1,0,0,-51.6,0,0,0,0,0,0,0,,,,WEIGHT SHIFT / HOLD / SCENE
802,1605-1606,66.833,hermes-as-young-man,h,-2,2,-0.5,0,0,1.3,0,0,0,-1.7,0,0,-22.9,0,-149,0,0,0,0,0,,,,DECLARE / UTTERANCE / SCENE
803,1607-1608,66.917,odysseus,h,-2,2,3.5,180,0,1.4,0,0,0,-2,0,0,-51.6,0,0,0,0,0,0,0,,,,WEIGHT SHIFT / HOLD / SCENE
803,1607-1608,66.917,hermes-as-young-man,h,-2,2,-0.5,0,0,1.3,0,0,0,-1.7,0,0,-22.9,0,-149,0,0,0,0,0,,,,DECLARE / UTTERANCE / SCENE
804,1609-1610,67,odysseus,h,-2,2,3.5,180,0,1.4,0,0,0,-2,0,0,-51.6,0,0,0,0,0,0,0,,,,WEIGHT SHIFT / HOLD / SCENE
804,1609-1610,67,hermes-as-young-man,h,-2,2,-0.5,0,0,1.3,0,0,0,-1.7,0,0,-22.9,0,-149,0,0,0,0,0,,,,DECLARE / UTTERANCE / SCENE
805,1611-1612,67.083,odysseus,h,-2,2,3.5,180,0,1.4,0,0,0,-1.9,0,0,-51.6,0,0,0,0,0,0,0,,,,WEIGHT SHIFT / HOLD / SCENE
805,1611-1612,67.083,hermes-as-young-man,h,-2,2,-0.5,0,0,1.3,0,0,0,-1.7,0,0,-22.9,0,-149,0,0,0,0,0,,,,DECLARE / UTTERANCE / SCENE
806,1613-1614,67.167,odysseus,h,-2,2,3.5,180,0,1.4,0,0,0,-1.9,0,0,-51.6,0,0,0,0,0,0,0,,,,WEIGHT SHIFT / HOLD / SCENE
806,1613-1614,67.167,hermes-as-young-man,h,-2,2,-0.5,0,0,1.3,0,0,0,-1.7,0,0,-22.9,0,-149,0,0,0,0,0,,,,DECLARE / UTTERANCE / SCENE
807,1615-1616,67.25,odysseus,h,-2,2,3.5,180,0,1.3,0,0,0,-1.9,0,0,-51.6,0,0,0,0,0,0,0,,,,WEIGHT SHIFT / HOLD / SCENE
807,1615-1616,67.25,hermes-as-young-man,h,-2,2,-0.5,0,0,1.3,0,0,0,-1.7,0,0,-22.9,0,-149,0,0,0,0,0,,,,DECLARE / UTTERANCE / SCENE
808,1617-1618,67.333,odysseus,h,-2,2,3.5,180,0,1.3,0,0,0,-1.8,0,0,-51.6,0,0,0,0,0,0,0,,,,WEIGHT SHIFT / HOLD / SCENE
808,1617-1618,67.333,hermes-as-young-man,h,-2,2,-0.5,0,0,1.3,0,0,0,-1.7,0,0,-22.9,0,-149,0,0,0,0,0,,,,DECLARE / UTTERANCE / SCENE
809,1619-1620,67.417,odysseus,h,-2,2,3.5,180,0,1.3,0,0,0,-1.8,0,0,-51.6,0,0,0,0,0,0,0,,,,WEIGHT SHIFT / HOLD / SCENE
809,1619-1620,67.417,hermes-as-young-man,h,-2,2,-0.5,0,0,1.3,0,0,0,-1.7,0,0,-22.9,0,-149,0,0,0,0,0,,,,DECLARE / UTTERANCE / SCENE
810,1621-1622,67.5,odysseus,h,-2,2,3.5,180,0,1.3,0,0,0,-1.7,0,0,-51.6,0,0,0,0,0,0,0,,,,WEIGHT SHIFT / HOLD / SCENE
810,1621-1622,67.5,hermes-as-young-man,h,-2,2,-0.5,0,0,1.3,0,0,0,-1.7,0,0,-22.9,0,-149,0,0,0,0,0,,,,DECLARE / UTTERANCE / SCENE
811,1623-1624,67.583,odysseus,h,-2,2,3.5,180,0,1.3,0,0,0,-1.7,0,0,-51.6,0,0,0,0,0,0,0,,,,LISTEN / SCENE / SCENE
811,1623-1624,67.583,hermes-as-young-man,h,-2,2,-0.5,0,0,1.3,0,0,0,-1.7,0,0,-22.9,0,-149,0,0,0,0,0,,,,HOLD / SCENE
812,1625-1626,67.667,odysseus,h,-2,2,3.5,180,0,1.3,0,0,0,-1.7,0,0,-51.6,0,0,0,0,0,0,0,,,,LISTEN / SCENE / SCENE
812,1625-1626,67.667,hermes-as-young-man,h,-2,2,-0.5,0,0,1.3,0,0,0,-1.7,0,0,-22.9,0,-149,0,0,0,0,0,,,,HOLD / SCENE
813,1627-1628,67.75,odysseus,h,-2,2,3.5,180,0,1.3,0,0,0,-1.7,0,0,-51.6,0,0,0,0,0,0,0,,,,LISTEN / SCENE / SCENE
813,1627-1628,67.75,hermes-as-young-man,h,-2,2,-0.5,0,0,1.3,0,0,0,-1.7,0,0,-22.9,0,-149,0,0,0,0,0,,,,HOLD / SCENE
814,1629-1630,67.833,odysseus,h,-2,2,3.5,180,0,1.3,0,0,0,-1.7,0,0,-51.6,0,0,0,0,0,0,0,,,,LISTEN / SCENE / SCENE
814,1629-1630,67.833,hermes-as-young-man,h,-2,2,-0.5,0,0,1.3,0,0,0,-1.7,0,0,-22.9,0,-149,0,0,0,0,0,,,,HOLD / SCENE
815,1631-1632,67.917,odysseus,h,-2,2,3.5,180,0,1.3,0,0,0,-1.7,0,0,-51.6,0,0,0,0,0,0,0,,,,LISTEN / SCENE / SCENE
815,1631-1632,67.917,hermes-as-young-man,h,-2,2,-0.5,0,0,1.3,0,0,0,-1.7,0,0,-22.9,0,-149,0,0,0,0,0,,,,HOLD / SCENE
816,1633-1634,68,odysseus,h,-2,2,3.5,180,0,1.3,0,0,0,-1.7,0,0,-51.6,0,0,0,0,0,0,0,,,,LISTEN / SCENE / SCENE
816,1633-1634,68,hermes-as-young-man,h,-2,2,-0.5,0,0,1.3,0,0,0,-1.7,0,0,-22.9,0,-149,0,0,0,0,0,,,,HOLD / SCENE
