# servo timeline for OD-B12-S07 (tools/perform/hardware.js): rows where a channel moves (and where it stops); power is an estimate from a stated model (a 0.30 m puppet; see the file header of hardware.js), not a measurement
# calibration on a rig: encoder velocity -> angular velocity; IMU -> root acceleration; V x I -> electrical power; motor thermistor -> a first-order response to I^2 R, the same form as the motion heat T_m
actor,channel,t,angle_deg,velocity_deg_s,limit_lo_deg,limit_hi_deg,torque_Nm,power_W_est
odysseus,root.h,0,-90,0,,,0,0
odysseus,root.h,17.167,-89.1,10.3,,,0,0
odysseus,root.h,17.25,-85,50.2,,,0,0
odysseus,root.h,17.333,-77.7,86.9,,,0,0
odysseus,root.h,17.417,-67.9,118.2,,,0,0
odysseus,root.h,17.5,-55.9,144,,,0,0
odysseus,root.h,17.583,-42.2,164.3,,,0,0
odysseus,root.h,17.667,-27.3,179.2,,,0,0
odysseus,root.h,17.75,-11.5,188.6,,,0,0
odysseus,root.h,17.833,4.5,192.5,,,0,0
odysseus,root.h,17.917,20.4,191,,,0,0
odysseus,root.h,18,35.7,184,,,0,0
odysseus,root.h,18.083,50,171.5,,,0,0
odysseus,root.h,18.167,62.8,153.6,,,0,0
odysseus,root.h,18.25,73.7,130.2,,,0,0
odysseus,root.h,18.333,82.1,101.3,,,0,0
odysseus,root.h,18.417,87.7,67,,,0,0
odysseus,root.h,18.5,90,27.2,,,0,0
odysseus,root.h,18.583,90,0.3,,,0,0
odysseus,root.h,26.583,88.9,-12.9,,,0,0
odysseus,root.h,26.667,84.5,-53.3,,,0,0
odysseus,root.h,26.75,77,-89.6,,,0,0
odysseus,root.h,26.833,67,-120.4,,,0,0
odysseus,root.h,26.917,54.8,-145.8,,,0,0
odysseus,root.h,27,41,-165.7,,,0,0
odysseus,root.h,27.083,26,-180.1,,,0,0
odysseus,root.h,27.167,10.3,-189.1,,,0,0
odysseus,root.h,27.25,-5.8,-192.6,,,0,0
odysseus,root.h,27.333,-21.7,-190.6,,,0,0
odysseus,root.h,27.417,-36.9,-183.2,,,0,0
odysseus,root.h,27.5,-51.1,-170.3,,,0,0
odysseus,root.h,27.583,-63.8,-151.9,,,0,0
odysseus,root.h,27.667,-74.5,-128.1,,,0,0
odysseus,root.h,27.75,-82.7,-98.8,,,0,0
odysseus,root.h,27.833,-88,-64,,,0,0
odysseus,root.h,27.917,-90,-23.8,,,0,0
odysseus,root.h,28,-90,0,,,0,0
odysseus,root.h,39.583,-89.7,3.1,,,0,0
odysseus,root.h,39.667,-88,21.3,,,0,0
odysseus,root.h,39.75,-85.1,33.9,,,0,0
odysseus,root.h,39.833,-82,37.3,,,0,0
odysseus,root.h,39.917,-79.4,31.7,,,0,0
odysseus,root.h,40,-78,17,,,0,0
odysseus,root.h,40.083,-77.9,0.9,,,0,0
odysseus,root.h,40.167,-77.9,0,,,0,0
odysseus,root.h,41.917,-77.8,1.2,,,0,0
odysseus,root.h,42,-71.2,79.6,,,0,0
odysseus,root.h,42.083,-56.9,171.8,,,0,0
odysseus,root.h,42.167,-38.7,217.7,,,0,0
odysseus,root.h,42.25,-20.6,217.1,,,0,0
odysseus,root.h,42.333,-6.5,170.1,,,0,0
odysseus,root.h,42.417,-0.1,76.7,,,0,0
odysseus,root.h,42.5,0,0.7,,,0,0
odysseus,root.h,42.583,0,0,,,0,0
odysseus,root.h,46.417,-6,-72,,,0,0
odysseus,root.h,46.5,-75.8,-837.9,,,0,0
odysseus,root.h,46.583,-152.9,-924.9,,,0,0
odysseus,root.h,46.667,-165.9,-155.4,,,0,0
odysseus,root.h,46.75,-165.9,0,,,0,0
odysseus,root.h,47.583,-174.8,-106.8,,,0,0
odysseus,root.h,47.667,140.4,3782.1,,,0,0
odysseus,root.h,47.75,97,-520.5,,,0,0
odysseus,root.h,47.833,90,-84.5,,,0,0
odysseus,root.h,47.917,90,0,,,0,0
odysseus,root.h,60.583,90,0,,,0,0
odysseus,root.pitch,0,0,0,,,0,0
odysseus,root.pitch,60.583,0,0,,,0,0
odysseus,root.roll,0,0,0,,,0,0
odysseus,root.roll,1.5,-0.1,-1.5,,,0,0
odysseus,root.roll,1.583,-0.4,-3.8,,,0,0
odysseus,root.roll,1.667,-0.9,-5,,,0,0
odysseus,root.roll,1.75,-1.3,-5,,,0,0
odysseus,root.roll,1.833,-1.6,-3.8,,,0,0
odysseus,root.roll,1.917,-1.7,-1.5,,,0,0
odysseus,root.roll,2,-1.7,0.3,,,0,0
odysseus,root.roll,4.833,-1,2.6,,,0,0
odysseus,root.roll,4.917,-0.5,6.6,,,0,0
odysseus,root.roll,5,0.2,8.6,,,0,0
odysseus,root.roll,5.083,0.9,8.6,,,0,0
odysseus,root.roll,5.167,1.5,6.6,,,0,0
odysseus,root.roll,5.25,1.7,2.6,,,0,0
odysseus,root.roll,5.333,1.7,-0.3,,,0,0
odysseus,root.roll,9.583,1,-2.6,,,0,0
odysseus,root.roll,9.667,0.5,-6.6,,,0,0
odysseus,root.roll,9.75,-0.2,-8.6,,,0,0
odysseus,root.roll,9.833,-0.9,-8.6,,,0,0
odysseus,root.roll,9.917,-1.5,-6.6,,,0,0
odysseus,root.roll,10,-1.7,-2.6,,,0,0
odysseus,root.roll,10.083,-1.7,0.3,,,0,0
odysseus,root.roll,12.333,-1,2.6,,,0,0
odysseus,root.roll,12.417,-0.5,6.6,,,0,0
odysseus,root.roll,12.5,0.2,8.6,,,0,0
odysseus,root.roll,12.583,0.9,8.6,,,0,0
odysseus,root.roll,12.667,1.5,6.6,,,0,0
odysseus,root.roll,12.75,1.7,2.6,,,0,0
odysseus,root.roll,12.833,1.7,-0.3,,,0,0
odysseus,root.roll,16.083,1,-3.7,,,0,0
odysseus,root.roll,16.167,0.2,-8.9,,,0,0
odysseus,root.roll,16.25,-0.7,-10.6,,,0,0
odysseus,root.roll,16.333,-1.4,-8.9,,,0,0
odysseus,root.roll,16.417,-1.7,-3.7,,,0,0
odysseus,root.roll,16.5,-1.7,0.3,,,0,0
odysseus,root.roll,20.75,-1,2.6,,,0,0
odysseus,root.roll,20.833,-0.5,6.6,,,0,0
odysseus,root.roll,20.917,0.2,8.6,,,0,0
odysseus,root.roll,21,0.9,8.6,,,0,0
odysseus,root.roll,21.083,1.5,6.6,,,0,0
odysseus,root.roll,21.167,1.7,2.6,,,0,0
odysseus,root.roll,21.25,1.7,-0.3,,,0,0
odysseus,root.roll,25.167,1,-3.7,,,0,0
odysseus,root.roll,25.25,0.2,-8.9,,,0,0
odysseus,root.roll,25.333,-0.7,-10.6,,,0,0
odysseus,root.roll,25.417,-1.4,-8.9,,,0,0
odysseus,root.roll,25.5,-1.7,-3.7,,,0,0
odysseus,root.roll,25.583,-1.7,0.3,,,0,0
odysseus,root.roll,28.833,-1,3.7,,,0,0
odysseus,root.roll,28.917,-0.2,8.9,,,0,0
odysseus,root.roll,29,0.7,10.6,,,0,0
odysseus,root.roll,29.083,1.4,8.9,,,0,0
odysseus,root.roll,29.167,1.7,3.7,,,0,0
odysseus,root.roll,29.25,1.7,-0.3,,,0,0
odysseus,root.roll,32.25,1,-2.6,,,0,0
odysseus,root.roll,32.333,0.5,-6.6,,,0,0
odysseus,root.roll,32.417,-0.2,-8.6,,,0,0
odysseus,root.roll,32.5,-0.9,-8.6,,,0,0
odysseus,root.roll,32.583,-1.5,-6.6,,,0,0
odysseus,root.roll,32.667,-1.7,-2.6,,,0,0
odysseus,root.roll,32.75,-1.7,0.3,,,0,0
odysseus,root.roll,35.833,-1,2.6,,,0,0
odysseus,root.roll,35.917,-0.5,6.6,,,0,0
odysseus,root.roll,36,0.2,8.6,,,0,0
odysseus,root.roll,36.083,0.9,8.6,,,0,0
odysseus,root.roll,36.167,1.5,6.6,,,0,0
odysseus,root.roll,36.25,1.7,2.6,,,0,0
odysseus,root.roll,36.333,1.7,-0.3,,,0,0
odysseus,root.roll,39,1,-3.7,,,0,0
odysseus,root.roll,39.083,0.2,-8.9,,,0,0
odysseus,root.roll,39.167,-0.7,-10.6,,,0,0
odysseus,root.roll,39.25,-1.4,-8.9,,,0,0
odysseus,root.roll,39.333,-1.7,-3.7,,,0,0
odysseus,root.roll,39.417,-1.7,0.3,,,0,0
odysseus,root.roll,43.417,-1,3.7,,,0,0
odysseus,root.roll,43.5,-0.2,8.9,,,0,0
odysseus,root.roll,43.583,0.7,10.6,,,0,0
odysseus,root.roll,43.667,1.4,8.9,,,0,0
odysseus,root.roll,43.75,1.7,3.7,,,0,0
odysseus,root.roll,43.833,1.7,-0.3,,,0,0
odysseus,root.roll,46.25,1,-3.7,,,0,0
odysseus,root.roll,46.333,0.2,-8.9,,,0,0
odysseus,root.roll,46.417,-0.7,-10.6,,,0,0
odysseus,root.roll,46.5,-1.4,-8.9,,,0,0
odysseus,root.roll,46.583,-1.7,-3.7,,,0,0
odysseus,root.roll,46.667,-1.7,0.3,,,0,0
odysseus,root.roll,49.833,-1,3.7,,,0,0
odysseus,root.roll,49.917,-0.2,8.9,,,0,0
odysseus,root.roll,50,0.7,10.6,,,0,0
odysseus,root.roll,50.083,1.4,8.9,,,0,0
odysseus,root.roll,50.167,1.7,3.7,,,0,0
odysseus,root.roll,50.25,1.7,-0.3,,,0,0
odysseus,root.roll,53.25,1,-2.6,,,0,0
odysseus,root.roll,53.333,0.5,-6.6,,,0,0
odysseus,root.roll,53.417,-0.2,-8.6,,,0,0
odysseus,root.roll,53.5,-0.9,-8.6,,,0,0
odysseus,root.roll,53.583,-1.5,-6.6,,,0,0
odysseus,root.roll,53.667,-1.7,-2.6,,,0,0
odysseus,root.roll,53.75,-1.7,0.3,,,0,0
odysseus,root.roll,57.417,-1,2.6,,,0,0
odysseus,root.roll,57.5,-0.5,6.6,,,0,0
odysseus,root.roll,57.583,0.2,8.6,,,0,0
odysseus,root.roll,57.667,0.9,8.6,,,0,0
odysseus,root.roll,57.75,1.5,6.6,,,0,0
odysseus,root.roll,57.833,1.7,2.6,,,0,0
odysseus,root.roll,57.917,1.7,-0.3,,,0,0
odysseus,root.roll,60.583,1.3,0,,,0,0
odysseus,torso.lean,0,0,0,-17.2,21.8,0,0
odysseus,torso.lean,0.167,-0.1,-0.8,-17.2,21.8,0.0006,0
odysseus,torso.lean,0.25,-0.2,-1.3,-17.2,21.8,0.0012,0
odysseus,torso.lean,0.333,1,14.1,-17.2,21.8,0.0081,0.004
odysseus,torso.lean,0.417,3.9,35.6,-17.2,21.8,0.0254,0.033
odysseus,torso.lean,0.5,7.5,42.7,-17.2,21.8,0.0422,0.066
odysseus,torso.lean,0.583,10.4,35.3,-17.2,21.8,0.0582,0.078
odysseus,torso.lean,0.667,11.6,13.5,-17.2,21.8,0.0668,0.04
odysseus,torso.lean,0.75,0.5,-132.6,-17.2,21.8,0.0289,0.136
odysseus,torso.lean,0.833,-3.3,-45.4,-17.2,21.8,0.0335,0.055
odysseus,torso.lean,0.917,-5.9,-31.1,-17.2,21.8,0.0346,0.04
odysseus,torso.lean,1,-7.4,-18.9,-17.2,21.8,0.0428,0.032
odysseus,torso.lean,1.083,-8,-6.7,-17.2,21.8,0.0459,0.015
odysseus,torso.lean,1.167,-7.7,3.5,-17.2,21.8,0.0439,0.009
odysseus,torso.lean,1.25,-7.4,3.9,-17.2,21.8,0.0404,0.009
odysseus,torso.lean,1.333,-7,4.1,-17.2,21.8,0.0385,0.009
odysseus,torso.lean,1.417,-6.7,4.3,-17.2,21.8,0.0365,0.008
odysseus,torso.lean,1.5,-6.3,4.5,-17.2,21.8,0.0345,0.008
odysseus,torso.lean,1.583,-5.9,4.7,-17.2,21.8,0.0323,0.007
odysseus,torso.lean,1.667,-5.5,5,-17.2,21.8,0.0301,0.007
odysseus,torso.lean,1.75,-4.6,11,-17.2,21.8,0.0261,0.011
odysseus,torso.lean,1.833,-3.4,14,-17.2,21.8,0.0192,0.01
odysseus,torso.lean,1.917,-2.2,14.1,-17.2,21.8,0.0123,0.006
odysseus,torso.lean,2,-1.3,11.2,-17.2,21.8,0.0077,0.003
odysseus,torso.lean,2.083,-0.9,5.3,-17.2,21.8,0.0058,0.001
odysseus,torso.lean,2.167,-0.7,1.4,-17.2,21.8,0.0048,0
odysseus,torso.lean,2.25,-0.6,1.4,-17.2,21.8,0.0034,0
odysseus,torso.lean,2.333,-0.5,1.3,-17.2,21.8,0.0028,0
odysseus,torso.lean,2.417,-0.4,1.3,-17.2,21.8,0.0023,0
odysseus,torso.lean,2.5,-0.3,1.2,-17.2,21.8,0.0017,0
odysseus,torso.lean,2.583,-0.2,1.1,-17.2,21.8,0.0013,0
odysseus,torso.lean,2.667,-0.1,0.9,-17.2,21.8,0.0008,0
odysseus,torso.lean,2.75,-0.1,0.8,-17.2,21.8,0.0005,0
odysseus,torso.lean,2.833,0,0.6,-17.2,21.8,0.0003,0
odysseus,torso.lean,2.917,-0.8,-8.9,-17.2,21.8,0.006,0.002
odysseus,torso.lean,3,-1.5,-9.2,-17.2,21.8,0.0085,0.003
odysseus,torso.lean,3.083,-1.7,-1.6,-17.2,21.8,0.0106,0.001
odysseus,torso.lean,3.167,-1.7,-0.7,-17.2,21.8,0.0097,0
odysseus,torso.lean,3.25,4,68.9,-17.2,21.8,0.0344,0.085
odysseus,torso.lean,3.333,6,24.1,-17.2,21.8,0.0409,0.038
odysseus,torso.lean,3.417,6,-0.6,-17.2,21.8,0.037,0.003
odysseus,torso.lean,3.5,5.5,-5.1,-17.2,21.8,0.0311,0.008
odysseus,torso.lean,3.583,5.3,-3.3,-17.2,21.8,0.0291,0.005
odysseus,torso.lean,3.667,5,-3.4,-17.2,21.8,0.0273,0.005
odysseus,torso.lean,3.75,4.7,-3.5,-17.2,21.8,0.0257,0.004
odysseus,torso.lean,3.833,4.4,-3.5,-17.2,21.8,0.0241,0.004
odysseus,torso.lean,3.917,4.1,-3.6,-17.2,21.8,0.0225,0.004
odysseus,torso.lean,4,3.8,-3.6,-17.2,21.8,0.0208,0.003
odysseus,torso.lean,4.083,3.5,-3.6,-17.2,21.8,0.0192,0.003
odysseus,torso.lean,4.167,3.2,-3.6,-17.2,21.8,0.0175,0.003
odysseus,torso.lean,4.25,2.8,-4.6,-17.2,21.8,0.0156,0.003
odysseus,torso.lean,4.333,2,-10,-17.2,21.8,0.0118,0.004
odysseus,torso.lean,4.417,0.9,-12.6,-17.2,21.8,0.0055,0.003
odysseus,torso.lean,4.5,-0.1,-12.6,-17.2,21.8,0.0007,0
odysseus,torso.lean,4.583,-0.9,-9.9,-17.2,21.8,0.0057,0.002
odysseus,torso.lean,4.667,-1.3,-4.5,-17.2,21.8,0.0082,0.001
odysseus,torso.lean,4.75,-2.6,-14.8,-17.2,21.8,0.0159,0.009
odysseus,torso.lean,4.833,-3,-5.5,-17.2,21.8,0.0182,0.004
odysseus,torso.lean,4.917,-4.7,-19.7,-17.2,21.8,0.028,0.021
odysseus,torso.lean,5,-5.8,-14.2,-17.2,21.8,0.0329,0.018
odysseus,torso.lean,5.083,-6.6,-8.7,-17.2,21.8,0.0369,0.014
odysseus,torso.lean,5.167,-6.8,-3.2,-17.2,21.8,0.0383,0.007
odysseus,torso.lean,5.25,-6.5,3.4,-17.2,21.8,0.0369,0.007
odysseus,torso.lean,5.333,-6.3,3.5,-17.2,21.8,0.0342,0.007
odysseus,torso.lean,5.417,-5.9,3.6,-17.2,21.8,0.0326,0.006
odysseus,torso.lean,5.5,-5.6,3.8,-17.2,21.8,0.0308,0.006
odysseus,torso.lean,5.583,-5.3,4.1,-17.2,21.8,0.029,0.006
odysseus,torso.lean,5.667,-5,3.8,-17.2,21.8,0.0272,0.005
odysseus,torso.lean,5.75,-4.2,8.8,-17.2,21.8,0.024,0.009
odysseus,torso.lean,5.833,-3.3,11.4,-17.2,21.8,0.0184,0.008
odysseus,torso.lean,5.917,-2.3,11.6,-17.2,21.8,0.0127,0.005
odysseus,torso.lean,6,-1.5,9.3,-17.2,21.8,0.0088,0.003
odysseus,torso.lean,6.083,-1.2,4.6,-17.2,21.8,0.0072,0.001
odysseus,torso.lean,6.167,-1,1.4,-17.2,21.8,0.0063,0
odysseus,torso.lean,6.25,-0.9,1.5,-17.2,21.8,0.0051,0
odysseus,torso.lean,6.333,-0.8,1.5,-17.2,21.8,0.0044,0
odysseus,torso.lean,6.417,-0.7,1.5,-17.2,21.8,0.0037,0
odysseus,torso.lean,6.5,-0.6,1.4,-17.2,21.8,0.0031,0
odysseus,torso.lean,6.583,-0.4,1.4,-17.2,21.8,0.0025,0
odysseus,torso.lean,6.667,-0.3,1.3,-17.2,21.8,0.0019,0
odysseus,torso.lean,6.75,-0.2,1.1,-17.2,21.8,0.0014,0
odysseus,torso.lean,6.833,-0.2,1,-17.2,21.8,0.0009,0
odysseus,torso.lean,6.917,-0.1,0.8,-17.2,21.8,0.0006,0
odysseus,torso.lean,7,0,0.6,-17.2,21.8,0.0003,0
odysseus,torso.lean,7.083,0,0.4,-17.2,21.8,0.0001,0
odysseus,torso.lean,7.583,-0.1,-0.5,-17.2,21.8,0.0007,0
odysseus,torso.lean,7.667,-0.2,-0.6,-17.2,21.8,0.001,0
odysseus,torso.lean,7.75,-0.2,-0.7,-17.2,21.8,0.0013,0
odysseus,torso.lean,7.833,-0.3,-0.8,-17.2,21.8,0.0017,0
odysseus,torso.lean,7.917,-0.4,-0.8,-17.2,21.8,0.002,0
odysseus,torso.lean,8,-0.4,-0.9,-17.2,21.8,0.0025,0
odysseus,torso.lean,8.083,-0.5,-0.9,-17.2,21.8,0.0029,0
odysseus,torso.lean,8.167,-0.6,-1,-17.2,21.8,0.0033,0
odysseus,torso.lean,8.25,-0.7,-1,-17.2,21.8,0.0038,0
odysseus,torso.lean,8.333,-0.8,-1,-17.2,21.8,0.0042,0
odysseus,torso.lean,8.417,-0.9,-1,-17.2,21.8,0.0047,0
odysseus,torso.lean,8.5,-0.9,-1,-17.2,21.8,0.0052,0
odysseus,torso.lean,8.583,-1,-1,-17.2,21.8,0.0056,0
odysseus,torso.lean,8.667,-2.3,-14.9,-17.2,21.8,0.0149,0.008
odysseus,torso.lean,8.75,-2.7,-5.6,-17.2,21.8,0.0167,0.004
odysseus,torso.lean,8.833,-4.4,-19.9,-17.2,21.8,0.0266,0.02
odysseus,torso.lean,8.917,-5.6,-14.4,-17.2,21.8,0.0316,0.018
odysseus,torso.lean,9,-6.3,-9,-17.2,21.8,0.0357,0.014
odysseus,torso.lean,9.083,-6.6,-3.5,-17.2,21.8,0.0373,0.007
odysseus,torso.lean,9.167,-6.4,2.4,-17.2,21.8,0.0363,0.006
odysseus,torso.lean,9.25,-6.2,2.5,-17.2,21.8,0.0341,0.005
odysseus,torso.lean,9.333,-6,2.6,-17.2,21.8,0.0329,0.005
odysseus,torso.lean,9.417,-5.8,2.7,-17.2,21.8,0.0317,0.005
odysseus,torso.lean,9.5,-5.6,2.8,-17.2,21.8,0.0305,0.005
odysseus,torso.lean,9.583,-5.3,2.9,-17.2,21.8,0.0291,0.005
odysseus,torso.lean,9.667,-5.1,3.1,-17.2,21.8,0.0277,0.005
odysseus,torso.lean,9.75,-4.4,8.2,-17.2,21.8,0.0249,0.008
odysseus,torso.lean,9.833,-3.5,10.8,-17.2,21.8,0.0195,0.008
odysseus,torso.lean,9.917,-2.6,11,-17.2,21.8,0.0141,0.006
odysseus,torso.lean,10,-1.8,8.8,-17.2,21.8,0.0104,0.003
odysseus,torso.lean,10.083,-1.5,4.2,-17.2,21.8,0.0089,0.001
odysseus,torso.lean,10.167,-1.4,1.1,-17.2,21.8,0.0081,0
odysseus,torso.lean,10.25,-1.3,1.3,-17.2,21.8,0.007,0
odysseus,torso.lean,10.333,-1.2,1.4,-17.2,21.8,0.0064,0
odysseus,torso.lean,10.417,-1,1.4,-17.2,21.8,0.0057,0
odysseus,torso.lean,10.5,-0.9,1.5,-17.2,21.8,0.0051,0
odysseus,torso.lean,10.583,-0.8,1.5,-17.2,21.8,0.0044,0
odysseus,torso.lean,10.667,-0.7,1.5,-17.2,21.8,0.0037,0
odysseus,torso.lean,10.75,-0.6,1.4,-17.2,21.8,0.0031,0
odysseus,torso.lean,10.833,-1.6,-12.6,-17.2,21.8,0.0113,0.005
odysseus,torso.lean,10.917,-1.9,-3.4,-17.2,21.8,0.012,0.002
odysseus,torso.lean,11,0,22.8,-17.2,21.8,0.0047,0.004
odysseus,torso.lean,11.083,1.4,16.5,-17.2,21.8,0.0087,0.005
odysseus,torso.lean,11.167,2.2,10.1,-17.2,21.8,0.0133,0.005
odysseus,torso.lean,11.25,2.5,3.7,-17.2,21.8,0.015,0.002
odysseus,torso.lean,11.333,2.4,-1.2,-17.2,21.8,0.0142,0.001
odysseus,torso.lean,11.417,2.3,-1.4,-17.2,21.8,0.0128,0.001
odysseus,torso.lean,11.5,2.2,-1.6,-17.2,21.8,0.012,0.001
odysseus,torso.lean,11.583,2,-1.8,-17.2,21.8,0.0112,0.001
odysseus,torso.lean,11.667,1.9,-1.9,-17.2,21.8,0.0103,0.001
odysseus,torso.lean,11.75,1.7,-2,-17.2,21.8,0.0094,0.001
odysseus,torso.lean,11.833,1.5,-2.2,-17.2,21.8,0.0084,0.001
odysseus,torso.lean,11.917,1.1,-4.7,-17.2,21.8,0.0067,0.001
odysseus,torso.lean,12,0.7,-6,-17.2,21.8,0.0038,0.001
odysseus,torso.lean,12.083,0.1,-6,-17.2,21.8,0.0008,0
odysseus,torso.lean,12.167,-0.3,-4.9,-17.2,21.8,0.0016,0
odysseus,torso.lean,12.25,-0.5,-2.5,-17.2,21.8,0.003,0
odysseus,torso.lean,12.333,-0.6,-1,-17.2,21.8,0.0033,0
odysseus,torso.lean,12.417,-0.6,-1,-17.2,21.8,0.0035,0
odysseus,torso.lean,12.5,-0.7,-1,-17.2,21.8,0.004,0
odysseus,torso.lean,12.583,-0.8,-1.1,-17.2,21.8,0.0045,0
odysseus,torso.lean,12.667,-0.9,-1.1,-17.2,21.8,0.005,0
odysseus,torso.lean,12.75,-1,-1.1,-17.2,21.8,0.0054,0
odysseus,torso.lean,12.833,-1.1,-1,-17.2,21.8,0.0059,0
odysseus,torso.lean,12.917,-1.2,-1,-17.2,21.8,0.0064,0
odysseus,torso.lean,13,-1.2,-1,-17.2,21.8,0.0068,0
odysseus,torso.lean,13.083,-1.3,-0.9,-17.2,21.8,0.0073,0
odysseus,torso.lean,13.167,-1.4,-0.9,-17.2,21.8,0.0077,0
odysseus,torso.lean,13.25,-1.5,-0.8,-17.2,21.8,0.008,0
odysseus,torso.lean,13.333,-1.5,-0.7,-17.2,21.8,0.0084,0
odysseus,torso.lean,13.417,-1.6,-0.7,-17.2,21.8,0.0087,0
odysseus,torso.lean,13.5,-1.6,-0.6,-17.2,21.8,0.0089,0
odysseus,torso.lean,13.583,-1.7,-0.5,-17.2,21.8,0.0092,0
odysseus,torso.lean,14.083,-1.6,0.6,-17.2,21.8,0.009,0
odysseus,torso.lean,14.167,-1.6,0.8,-17.2,21.8,0.0086,0
odysseus,torso.lean,14.25,-1.5,0.9,-17.2,21.8,0.0082,0
odysseus,torso.lean,14.333,-1.4,1.1,-17.2,21.8,0.0077,0
odysseus,torso.lean,14.417,-1.3,1.2,-17.2,21.8,0.0072,0
odysseus,torso.lean,14.5,-1.2,1.3,-17.2,21.8,0.0066,0
odysseus,torso.lean,14.583,-1.1,1.3,-17.2,21.8,0.006,0
odysseus,torso.lean,14.667,-2.1,-12.5,-17.2,21.8,0.0142,0.007
odysseus,torso.lean,14.75,-2.4,-3.2,-17.2,21.8,0.0148,0.002
odysseus,torso.lean,14.833,-4.3,-22.7,-17.2,21.8,0.027,0.023
odysseus,torso.lean,14.917,-5.4,-13.1,-17.2,21.8,0.0312,0.016
odysseus,torso.lean,15,-5.7,-3.5,-17.2,21.8,0.0327,0.006
odysseus,torso.lean,15.083,-5.3,4.4,-17.2,21.8,0.0305,0.006
odysseus,torso.lean,15.167,-5,4.3,-17.2,21.8,0.0271,0.006
odysseus,torso.lean,15.25,-4.6,4.1,-17.2,21.8,0.0252,0.005
odysseus,torso.lean,15.333,-4.3,4,-17.2,21.8,0.0234,0.004
odysseus,torso.lean,15.417,-4,3.8,-17.2,21.8,0.0217,0.004
odysseus,torso.lean,15.5,-3.6,3.7,-17.2,21.8,0.02,0.003
odysseus,torso.lean,15.583,-3.4,3.6,-17.2,21.8,0.0184,0.003
odysseus,torso.lean,15.667,-2.7,8.1,-17.2,21.8,0.0155,0.005
odysseus,torso.lean,15.75,-1.8,10.4,-17.2,21.8,0.0103,0.004
odysseus,torso.lean,15.833,-1,10.2,-17.2,21.8,0.0053,0.002
odysseus,torso.lean,15.917,-0.3,7.7,-17.2,21.8,0.0022,0.001
odysseus,torso.lean,16,-0.1,2.8,-17.2,21.8,0.0014,0
odysseus,torso.lean,16.083,-0.1,-0.6,-17.2,21.8,0.0013,0
odysseus,torso.lean,16.167,-0.2,-0.7,-17.2,21.8,0.0011,0
odysseus,torso.lean,16.25,-0.3,-0.7,-17.2,21.8,0.0014,0
odysseus,torso.lean,16.333,-0.3,-0.8,-17.2,21.8,0.0018,0
odysseus,torso.lean,16.417,-0.4,-0.9,-17.2,21.8,0.0022,0
odysseus,torso.lean,16.5,-0.5,-0.9,-17.2,21.8,0.0026,0
odysseus,torso.lean,16.583,-0.6,-1,-17.2,21.8,0.003,0
odysseus,torso.lean,16.667,-0.6,-1,-17.2,21.8,0.0035,0
odysseus,torso.lean,16.75,-0.7,-1,-17.2,21.8,0.004,0
odysseus,torso.lean,16.833,-0.8,-1.1,-17.2,21.8,0.0045,0
odysseus,torso.lean,16.917,-0.9,-1.1,-17.2,21.8,0.005,0
odysseus,torso.lean,17,-1,-1.1,-17.2,21.8,0.0054,0
odysseus,torso.lean,17.083,-1.1,-1,-17.2,21.8,0.0059,0
odysseus,torso.lean,17.167,-1.2,-1,-17.2,21.8,0.0064,0
odysseus,torso.lean,17.25,-1.2,-1,-17.2,21.8,0.0068,0
odysseus,torso.lean,17.333,-1.3,-0.9,-17.2,21.8,0.0073,0
odysseus,torso.lean,17.417,-1.4,-0.9,-17.2,21.8,0.0077,0
odysseus,torso.lean,17.5,-1.5,-0.8,-17.2,21.8,0.008,0
odysseus,torso.lean,17.583,-1.5,-0.7,-17.2,21.8,0.0084,0
odysseus,torso.lean,17.667,-1.6,-0.7,-17.2,21.8,0.0087,0
odysseus,torso.lean,17.75,-1.6,-0.6,-17.2,21.8,0.0089,0
odysseus,torso.lean,17.833,-1.7,-0.5,-17.2,21.8,0.0092,0
odysseus,torso.lean,18.333,-1.6,0.6,-17.2,21.8,0.0089,0
odysseus,torso.lean,18.417,-1.6,0.8,-17.2,21.8,0.0086,0
odysseus,torso.lean,18.5,-1.5,1,-17.2,21.8,0.0081,0
odysseus,torso.lean,18.583,-1.4,1.1,-17.2,21.8,0.0076,0
odysseus,torso.lean,18.667,-1.3,1.3,-17.2,21.8,0.007,0
odysseus,torso.lean,18.75,-1.2,1.4,-17.2,21.8,0.0064,0
odysseus,torso.lean,18.833,-1,1.4,-17.2,21.8,0.0057,0
odysseus,torso.lean,18.917,-0.9,1.5,-17.2,21.8,0.0051,0
odysseus,torso.lean,19,-0.8,1.5,-17.2,21.8,0.0044,0
odysseus,torso.lean,19.083,-0.7,1.5,-17.2,21.8,0.0037,0
odysseus,torso.lean,19.167,-0.6,1.4,-17.2,21.8,0.0031,0
odysseus,torso.lean,19.25,-0.4,1.4,-17.2,21.8,0.0025,0
odysseus,torso.lean,19.333,-0.3,1.3,-17.2,21.8,0.0019,0
odysseus,torso.lean,19.417,-0.2,1.1,-17.2,21.8,0.0014,0
odysseus,torso.lean,19.5,-0.2,1,-17.2,21.8,0.0009,0
odysseus,torso.lean,19.583,-0.1,0.8,-17.2,21.8,0.0006,0
odysseus,torso.lean,19.667,0,0.6,-17.2,21.8,0.0003,0
odysseus,torso.lean,19.75,0,0.4,-17.2,21.8,0.0001,0
odysseus,torso.lean,20.25,-0.1,-0.5,-17.2,21.8,0.0007,0
odysseus,torso.lean,20.333,-0.2,-0.6,-17.2,21.8,0.001,0
odysseus,torso.lean,20.417,-0.2,-0.7,-17.2,21.8,0.0013,0
odysseus,torso.lean,20.5,-0.3,-0.8,-17.2,21.8,0.0017,0
odysseus,torso.lean,20.583,-0.4,-0.8,-17.2,21.8,0.002,0
odysseus,torso.lean,20.667,-0.4,-0.9,-17.2,21.8,0.0025,0
odysseus,torso.lean,20.75,-0.5,-0.9,-17.2,21.8,0.0029,0
odysseus,torso.lean,20.833,-0.6,-1,-17.2,21.8,0.0033,0
odysseus,torso.lean,20.917,-0.7,-1,-17.2,21.8,0.0038,0
odysseus,torso.lean,21,-0.8,-1,-17.2,21.8,0.0042,0
odysseus,torso.lean,21.083,-0.9,-1,-17.2,21.8,0.0047,0
odysseus,torso.lean,21.167,-0.9,-1,-17.2,21.8,0.0052,0
odysseus,torso.lean,21.25,-1,-1,-17.2,21.8,0.0056,0
odysseus,torso.lean,21.333,-1.1,-1,-17.2,21.8,0.0061,0
odysseus,torso.lean,21.417,-1.2,-1,-17.2,21.8,0.0066,0
odysseus,torso.lean,21.5,-1.3,-0.9,-17.2,21.8,0.007,0
odysseus,torso.lean,21.583,-1.3,-0.9,-17.2,21.8,0.0074,0
odysseus,torso.lean,21.667,-1.4,-0.8,-17.2,21.8,0.0078,0
odysseus,torso.lean,21.75,-1.5,-0.8,-17.2,21.8,0.0081,0
odysseus,torso.lean,21.833,-1.5,-0.7,-17.2,21.8,0.0085,0
odysseus,torso.lean,21.917,-1.6,-0.6,-17.2,21.8,0.0087,0
odysseus,torso.lean,22,-1.6,-0.5,-17.2,21.8,0.009,0
odysseus,torso.lean,22.083,-1.7,-0.4,-17.2,21.8,0.0092,0
odysseus,torso.lean,22.583,-1.6,0.6,-17.2,21.8,0.0089,0
odysseus,torso.lean,22.667,-1.6,0.8,-17.2,21.8,0.0086,0
odysseus,torso.lean,22.75,-1.5,1,-17.2,21.8,0.0081,0
odysseus,torso.lean,22.833,-1.4,1.1,-17.2,21.8,0.0076,0
odysseus,torso.lean,22.917,-1.3,1.3,-17.2,21.8,0.007,0
odysseus,torso.lean,23,-1.2,1.4,-17.2,21.8,0.0064,0
odysseus,torso.lean,23.083,-1,1.4,-17.2,21.8,0.0057,0
odysseus,torso.lean,23.167,-0.9,1.5,-17.2,21.8,0.0051,0
odysseus,torso.lean,23.25,-0.8,1.5,-17.2,21.8,0.0044,0
odysseus,torso.lean,23.333,-0.7,1.5,-17.2,21.8,0.0037,0
odysseus,torso.lean,23.417,-0.6,1.4,-17.2,21.8,0.0031,0
odysseus,torso.lean,23.5,-0.4,1.4,-17.2,21.8,0.0025,0
odysseus,torso.lean,23.583,-0.3,1.3,-17.2,21.8,0.0019,0
odysseus,torso.lean,23.667,-0.2,1.1,-17.2,21.8,0.0014,0
odysseus,torso.lean,23.75,-0.2,1,-17.2,21.8,0.0009,0
odysseus,torso.lean,23.833,-0.1,0.8,-17.2,21.8,0.0006,0
odysseus,torso.lean,23.917,0,0.6,-17.2,21.8,0.0003,0
odysseus,torso.lean,24,0,0.4,-17.2,21.8,0.0001,0
odysseus,torso.lean,24.5,-0.1,-0.6,-17.2,21.8,0.0008,0
odysseus,torso.lean,24.583,-0.2,-0.7,-17.2,21.8,0.0011,0
odysseus,torso.lean,24.667,-0.3,-0.7,-17.2,21.8,0.0014,0
odysseus,torso.lean,24.75,-0.3,-0.8,-17.2,21.8,0.0018,0
odysseus,torso.lean,24.833,-0.4,-0.9,-17.2,21.8,0.0022,0
odysseus,torso.lean,24.917,-0.5,-0.9,-17.2,21.8,0.0026,0
odysseus,torso.lean,25,-0.6,-1,-17.2,21.8,0.003,0
odysseus,torso.lean,25.083,-0.6,-1,-17.2,21.8,0.0035,0
odysseus,torso.lean,25.167,-0.7,-1,-17.2,21.8,0.004,0
odysseus,torso.lean,25.25,-0.8,-1.1,-17.2,21.8,0.0045,0
odysseus,torso.lean,25.333,-0.9,-1.1,-17.2,21.8,0.005,0
odysseus,torso.lean,25.417,-1,-1.1,-17.2,21.8,0.0054,0
odysseus,torso.lean,25.5,-1.1,-1,-17.2,21.8,0.0059,0
odysseus,torso.lean,25.583,-1.2,-1,-17.2,21.8,0.0064,0
odysseus,torso.lean,25.667,-1.2,-1,-17.2,21.8,0.0068,0
odysseus,torso.lean,25.75,-1.3,-0.9,-17.2,21.8,0.0073,0
odysseus,torso.lean,25.833,-1.4,-0.9,-17.2,21.8,0.0077,0
odysseus,torso.lean,25.917,-1.5,-0.8,-17.2,21.8,0.008,0
odysseus,torso.lean,26,-1.5,-0.7,-17.2,21.8,0.0084,0
odysseus,torso.lean,26.083,-1.6,-0.7,-17.2,21.8,0.0087,0
odysseus,torso.lean,26.167,-1.6,-0.6,-17.2,21.8,0.0089,0
odysseus,torso.lean,26.25,-1.7,-0.5,-17.2,21.8,0.0092,0
odysseus,torso.lean,26.75,-1.6,0.6,-17.2,21.8,0.0089,0
odysseus,torso.lean,26.833,-1.6,0.8,-17.2,21.8,0.0086,0
odysseus,torso.lean,26.917,-1.5,1,-17.2,21.8,0.0081,0
odysseus,torso.lean,27,-1.4,1.1,-17.2,21.8,0.0076,0
odysseus,torso.lean,27.083,-1.3,1.3,-17.2,21.8,0.007,0
odysseus,torso.lean,27.167,-1.2,1.4,-17.2,21.8,0.0064,0
odysseus,torso.lean,27.25,-1,1.4,-17.2,21.8,0.0057,0
odysseus,torso.lean,27.333,-0.9,1.5,-17.2,21.8,0.0051,0
odysseus,torso.lean,27.417,-0.8,1.5,-17.2,21.8,0.0044,0
odysseus,torso.lean,27.5,-0.7,1.5,-17.2,21.8,0.0037,0
odysseus,torso.lean,27.583,-0.6,1.4,-17.2,21.8,0.0031,0
odysseus,torso.lean,27.667,-0.4,1.4,-17.2,21.8,0.0025,0
odysseus,torso.lean,27.75,-0.3,1.3,-17.2,21.8,0.0019,0
odysseus,torso.lean,27.833,-0.2,1.1,-17.2,21.8,0.0014,0
odysseus,torso.lean,27.917,-0.2,1,-17.2,21.8,0.0009,0
odysseus,torso.lean,28,-0.1,0.8,-17.2,21.8,0.0006,0
odysseus,torso.lean,28.083,0,0.6,-17.2,21.8,0.0003,0
odysseus,torso.lean,28.167,0,0.4,-17.2,21.8,0.0001,0
odysseus,torso.lean,28.667,-0.1,-0.5,-17.2,21.8,0.0007,0
odysseus,torso.lean,28.75,-0.2,-0.6,-17.2,21.8,0.001,0
odysseus,torso.lean,28.833,-0.2,-0.7,-17.2,21.8,0.0013,0
odysseus,torso.lean,28.917,-0.3,-0.8,-17.2,21.8,0.0017,0
odysseus,torso.lean,29,-0.4,-0.8,-17.2,21.8,0.002,0
odysseus,torso.lean,29.083,-0.4,-0.9,-17.2,21.8,0.0025,0
odysseus,torso.lean,29.167,-0.5,-0.9,-17.2,21.8,0.0029,0
odysseus,torso.lean,29.25,-0.6,-1,-17.2,21.8,0.0033,0
odysseus,torso.lean,29.333,-0.7,-1,-17.2,21.8,0.0038,0
odysseus,torso.lean,29.417,-0.8,-1,-17.2,21.8,0.0042,0
odysseus,torso.lean,29.5,-0.9,-1,-17.2,21.8,0.0047,0
odysseus,torso.lean,29.583,-0.9,-1,-17.2,21.8,0.0052,0
odysseus,torso.lean,29.667,-1,-1,-17.2,21.8,0.0056,0
odysseus,torso.lean,29.75,-1.1,-1,-17.2,21.8,0.0061,0
odysseus,torso.lean,29.833,-1.2,-1,-17.2,21.8,0.0066,0
odysseus,torso.lean,29.917,-1.3,-0.9,-17.2,21.8,0.007,0
odysseus,torso.lean,30,-1.3,-0.9,-17.2,21.8,0.0074,0
odysseus,torso.lean,30.083,-1.4,-0.8,-17.2,21.8,0.0078,0
odysseus,torso.lean,30.167,-1.5,-0.8,-17.2,21.8,0.0081,0
odysseus,torso.lean,30.25,-1.5,-0.7,-17.2,21.8,0.0085,0
odysseus,torso.lean,30.333,-1.6,-0.6,-17.2,21.8,0.0087,0
odysseus,torso.lean,30.417,-1.6,-0.5,-17.2,21.8,0.009,0
odysseus,torso.lean,30.5,-1.7,-0.4,-17.2,21.8,0.0092,0
odysseus,torso.lean,31,-1.6,0.6,-17.2,21.8,0.0089,0
odysseus,torso.lean,31.083,-1.6,0.8,-17.2,21.8,0.0086,0
odysseus,torso.lean,31.167,-1.5,1,-17.2,21.8,0.0081,0
odysseus,torso.lean,31.25,-1.4,1.1,-17.2,21.8,0.0076,0
odysseus,torso.lean,31.333,-1.3,1.3,-17.2,21.8,0.007,0
odysseus,torso.lean,31.417,-1.2,1.4,-17.2,21.8,0.0064,0
odysseus,torso.lean,31.5,-1,1.4,-17.2,21.8,0.0057,0
odysseus,torso.lean,31.583,-0.9,1.5,-17.2,21.8,0.0051,0
odysseus,torso.lean,31.667,-0.8,1.5,-17.2,21.8,0.0044,0
odysseus,torso.lean,31.75,-0.7,1.5,-17.2,21.8,0.0037,0
odysseus,torso.lean,31.833,-0.6,1.4,-17.2,21.8,0.0031,0
odysseus,torso.lean,31.917,-0.4,1.4,-17.2,21.8,0.0025,0
odysseus,torso.lean,32,-0.3,1.3,-17.2,21.8,0.0019,0
odysseus,torso.lean,32.083,-0.2,1.1,-17.2,21.8,0.0014,0
odysseus,torso.lean,32.167,-0.2,1,-17.2,21.8,0.0009,0
odysseus,torso.lean,32.25,-0.1,0.8,-17.2,21.8,0.0006,0
odysseus,torso.lean,32.333,0,0.6,-17.2,21.8,0.0003,0
odysseus,torso.lean,32.417,0,0.4,-17.2,21.8,0.0001,0
odysseus,torso.lean,32.917,-0.1,-0.6,-17.2,21.8,0.0008,0
odysseus,torso.lean,33,-0.2,-0.7,-17.2,21.8,0.0011,0
odysseus,torso.lean,33.083,-0.3,-0.7,-17.2,21.8,0.0014,0
odysseus,torso.lean,33.167,-0.3,-0.8,-17.2,21.8,0.0018,0
odysseus,torso.lean,33.25,-0.4,-0.9,-17.2,21.8,0.0022,0
odysseus,torso.lean,33.333,-0.5,-0.9,-17.2,21.8,0.0026,0
odysseus,torso.lean,33.417,-0.6,-1,-17.2,21.8,0.003,0
odysseus,torso.lean,33.5,-0.6,-1,-17.2,21.8,0.0035,0
odysseus,torso.lean,33.583,-0.7,-1,-17.2,21.8,0.004,0
odysseus,torso.lean,33.667,-0.8,-1.1,-17.2,21.8,0.0045,0
odysseus,torso.lean,33.75,-0.9,-1.1,-17.2,21.8,0.005,0
odysseus,torso.lean,33.833,-1,-1.1,-17.2,21.8,0.0054,0
odysseus,torso.lean,33.917,-1.1,-1,-17.2,21.8,0.0059,0
odysseus,torso.lean,34,-1.2,-1,-17.2,21.8,0.0064,0
odysseus,torso.lean,34.083,-1.2,-1,-17.2,21.8,0.0068,0
odysseus,torso.lean,34.167,-1.3,-0.9,-17.2,21.8,0.0073,0
odysseus,torso.lean,34.25,-1.4,-0.9,-17.2,21.8,0.0077,0
odysseus,torso.lean,34.333,-1.5,-0.8,-17.2,21.8,0.008,0
odysseus,torso.lean,34.417,-1.5,-0.7,-17.2,21.8,0.0084,0
odysseus,torso.lean,34.5,-1.6,-0.7,-17.2,21.8,0.0087,0
odysseus,torso.lean,34.583,-1.6,-0.6,-17.2,21.8,0.0089,0
odysseus,torso.lean,34.667,-1.7,-0.5,-17.2,21.8,0.0092,0
odysseus,torso.lean,35.167,-1.6,0.6,-17.2,21.8,0.009,0
odysseus,torso.lean,35.25,-1.6,0.8,-17.2,21.8,0.0086,0
odysseus,torso.lean,35.333,-1.5,0.9,-17.2,21.8,0.0082,0
odysseus,torso.lean,35.417,-1.4,1.1,-17.2,21.8,0.0077,0
odysseus,torso.lean,35.5,-1.3,1.2,-17.2,21.8,0.0072,0
odysseus,torso.lean,35.583,-1.2,1.3,-17.2,21.8,0.0066,0
odysseus,torso.lean,35.667,-1.1,1.3,-17.2,21.8,0.006,0
odysseus,torso.lean,35.75,-1,1.4,-17.2,21.8,0.0054,0
odysseus,torso.lean,35.833,-0.9,1.4,-17.2,21.8,0.0047,0
odysseus,torso.lean,35.917,-0.7,1.4,-17.2,21.8,0.0041,0
odysseus,torso.lean,36,-0.6,1.4,-17.2,21.8,0.0034,0
odysseus,torso.lean,36.083,-0.5,1.3,-17.2,21.8,0.0028,0
odysseus,torso.lean,36.167,-0.4,1.3,-17.2,21.8,0.0023,0
odysseus,torso.lean,36.25,-0.3,1.2,-17.2,21.8,0.0017,0
odysseus,torso.lean,36.333,-0.2,1.1,-17.2,21.8,0.0013,0
odysseus,torso.lean,36.417,-0.1,0.9,-17.2,21.8,0.0008,0
odysseus,torso.lean,36.5,-0.1,0.8,-17.2,21.8,0.0005,0
odysseus,torso.lean,36.583,0,0.6,-17.2,21.8,0.0003,0
odysseus,torso.lean,36.667,0,0.4,-17.2,21.8,0.0001,0
odysseus,torso.lean,37.167,-0.1,-0.6,-17.2,21.8,0.0008,0
odysseus,torso.lean,37.25,-0.2,-0.7,-17.2,21.8,0.0011,0
odysseus,torso.lean,37.333,-0.3,-0.7,-17.2,21.8,0.0014,0
odysseus,torso.lean,37.417,-0.3,-0.8,-17.2,21.8,0.0018,0
odysseus,torso.lean,37.5,-0.4,-0.9,-17.2,21.8,0.0022,0
odysseus,torso.lean,37.583,-0.5,-0.9,-17.2,21.8,0.0026,0
odysseus,torso.lean,37.667,-0.6,-1,-17.2,21.8,0.003,0
odysseus,torso.lean,37.75,-0.6,-1,-17.2,21.8,0.0035,0
odysseus,torso.lean,37.833,-0.7,-1,-17.2,21.8,0.004,0
odysseus,torso.lean,37.917,-0.8,-1.1,-17.2,21.8,0.0045,0
odysseus,torso.lean,38,-0.9,-1.1,-17.2,21.8,0.005,0
odysseus,torso.lean,38.083,-1,-1.1,-17.2,21.8,0.0054,0
odysseus,torso.lean,38.167,-1.1,-1,-17.2,21.8,0.0059,0
odysseus,torso.lean,38.25,-1.2,-1,-17.2,21.8,0.0064,0
odysseus,torso.lean,38.333,-1.2,-1,-17.2,21.8,0.0068,0
odysseus,torso.lean,38.417,-1.3,-0.9,-17.2,21.8,0.0073,0
odysseus,torso.lean,38.5,-1.4,-0.9,-17.2,21.8,0.0077,0
odysseus,torso.lean,38.583,-1.5,-0.8,-17.2,21.8,0.008,0
odysseus,torso.lean,38.667,-1.5,-0.7,-17.2,21.8,0.0084,0
odysseus,torso.lean,38.75,-1.6,-0.7,-17.2,21.8,0.0087,0
odysseus,torso.lean,38.833,-1.6,-0.6,-17.2,21.8,0.0089,0
odysseus,torso.lean,38.917,-1.7,-0.5,-17.2,21.8,0.0092,0
odysseus,torso.lean,39.333,-1.6,0.7,-17.2,21.8,0.009,0
odysseus,torso.lean,39.417,-1.6,0.7,-17.2,21.8,0.0086,0
odysseus,torso.lean,39.5,-1.6,0.3,-17.2,21.8,0.0086,0
odysseus,torso.lean,39.583,-1.3,2.5,-17.2,21.8,0.0077,0.001
odysseus,torso.lean,39.667,-0.8,6.9,-17.2,21.8,0.005,0.001
odysseus,torso.lean,39.75,0.1,10.2,-17.2,21.8,0.001,0
odysseus,torso.lean,39.833,1.1,12.5,-17.2,21.8,0.0066,0.003
odysseus,torso.lean,39.917,2.3,13.8,-17.2,21.8,0.0127,0.006
odysseus,torso.lean,40,3.4,14,-17.2,21.8,0.0189,0.01
odysseus,torso.lean,40.083,3.4,0,-17.2,21.8,0.0213,0.001
odysseus,torso.lean,41.667,4.9,17.2,-17.2,21.8,0.0297,0.02
odysseus,torso.lean,41.75,8,37.8,-17.2,21.8,0.0475,0.067
odysseus,torso.lean,41.833,11.2,37.8,-17.2,21.8,0.0608,0.088
odysseus,torso.lean,41.917,12.6,17.2,-17.2,21.8,0.0722,0.054
odysseus,torso.lean,42,6,-79.2,-17.2,21.8,0.0501,0.143
odysseus,torso.lean,42.083,-0.5,-78,-17.2,21.8,0.0029,0.008
odysseus,torso.lean,42.167,-5.3,-57.9,-17.2,21.8,0.0327,0.068
odysseus,torso.lean,42.25,-8.5,-37.8,-17.2,21.8,0.0498,0.071
odysseus,torso.lean,42.333,-9.9,-17.6,-17.2,21.8,0.0578,0.042
odysseus,torso.lean,42.417,-9.4,5.9,-17.2,21.8,0.0557,0.018
odysseus,torso.lean,42.5,-7.1,27.6,-17.2,21.8,0.0429,0.045
odysseus,torso.lean,42.583,-3.7,41.7,-17.2,21.8,0.0226,0.034
odysseus,torso.lean,42.667,0.5,50,-17.2,21.8,0.0042,0.007
odysseus,torso.lean,42.75,4.7,50.1,-17.2,21.8,0.0256,0.046
odysseus,torso.lean,42.833,7.9,38.5,-17.2,21.8,0.0451,0.065
odysseus,torso.lean,42.917,9.2,15.4,-17.2,21.8,0.0541,0.035
odysseus,torso.lean,43,3.6,-67.2,-17.2,21.8,0.0343,0.083
odysseus,torso.lean,43.083,-1,-55,-17.2,21.8,0.0078,0.015
odysseus,torso.lean,43.167,-4.6,-42.8,-17.2,21.8,0.0273,0.042
odysseus,torso.lean,43.25,-7.1,-30.6,-17.2,21.8,0.0411,0.047
odysseus,torso.lean,43.333,-8.7,-18.3,-17.2,21.8,0.0494,0.037
odysseus,torso.lean,43.417,-9.2,-6.1,-17.2,21.8,0.0522,0.017
odysseus,torso.lean,43.5,-8.4,9.5,-17.2,21.8,0.0485,0.021
odysseus,torso.lean,43.583,-6.3,24.9,-17.2,21.8,0.0372,0.035
odysseus,torso.lean,43.667,-3.4,35.2,-17.2,21.8,0.0203,0.026
odysseus,torso.lean,43.75,0,40.4,-17.2,21.8,0.0009,0.001
odysseus,torso.lean,43.833,3.4,40.4,-17.2,21.8,0.0184,0.027
odysseus,torso.lean,43.917,6.3,35.2,-17.2,21.8,0.0354,0.046
odysseus,torso.lean,44,8.4,24.9,-17.2,21.8,0.0476,0.046
odysseus,torso.lean,44.083,9.2,9.5,-17.2,21.8,0.0528,0.023
odysseus,torso.lean,44.167,2.6,-79.2,-17.2,21.8,0.0299,0.084
odysseus,torso.lean,44.25,-2.6,-61.6,-17.2,21.8,0.0172,0.038
odysseus,torso.lean,44.333,-6.2,-44,-17.2,21.8,0.0372,0.06
odysseus,torso.lean,44.417,-8.4,-26.4,-17.2,21.8,0.0492,0.05
odysseus,torso.lean,44.5,-9.2,-8.8,-17.2,21.8,0.0532,0.022
odysseus,torso.lean,44.583,-8.2,12.2,-17.2,21.8,0.0483,0.025
odysseus,torso.lean,44.667,-5.5,31.4,-17.2,21.8,0.0337,0.039
odysseus,torso.lean,44.75,-2,43,-17.2,21.8,0.0128,0.019
odysseus,torso.lean,44.833,2,46.8,-17.2,21.8,0.0114,0.019
odysseus,torso.lean,44.917,5.5,43,-17.2,21.8,0.031,0.048
odysseus,torso.lean,45,8.2,31.4,-17.2,21.8,0.0466,0.055
odysseus,torso.lean,45.083,9.2,12.2,-17.2,21.8,0.0535,0.028
odysseus,torso.lean,45.167,2.6,-79.2,-17.2,21.8,0.0304,0.086
odysseus,torso.lean,45.25,-2.6,-61.6,-17.2,21.8,0.0172,0.038
odysseus,torso.lean,45.333,-6.2,-44,-17.2,21.8,0.0372,0.06
odysseus,torso.lean,45.417,-8.4,-26.4,-17.2,21.8,0.0492,0.05
odysseus,torso.lean,45.5,-9.2,-8.8,-17.2,21.8,0.0532,0.022
odysseus,torso.lean,45.583,-9,2.6,-17.2,21.8,0.0509,0.01
odysseus,torso.lean,45.667,-8.4,7,-17.2,21.8,0.0465,0.016
odysseus,torso.lean,45.75,-7.5,10.5,-17.2,21.8,0.0416,0.019
odysseus,torso.lean,45.833,-6.4,13,-17.2,21.8,0.0355,0.019
odysseus,torso.lean,45.917,-5.2,14.5,-17.2,21.8,0.0288,0.016
odysseus,torso.lean,46,-4,15,-17.2,21.8,0.0218,0.012
odysseus,torso.lean,46.083,-2.8,14.5,-17.2,21.8,0.0152,0.008
odysseus,torso.lean,46.167,-1.7,13,-17.2,21.8,0.0094,0.004
odysseus,torso.lean,46.25,-0.8,10.5,-17.2,21.8,0.0048,0.002
odysseus,torso.lean,46.333,-0.2,7,-17.2,21.8,0.0018,0
odysseus,torso.lean,46.417,0,2.6,-17.2,21.8,0.0008,0
odysseus,torso.lean,46.5,0.4,4.6,-17.2,21.8,0.0025,0
odysseus,torso.lean,46.583,1.5,13.8,-17.2,21.8,0.01,0.005
odysseus,torso.lean,46.667,3.4,22.9,-17.2,21.8,0.0205,0.017
odysseus,torso.lean,46.75,3.4,0,-17.2,21.8,0.0229,0.001
odysseus,torso.lean,47.5,3.3,-1.3,-17.2,21.8,0.0185,0.001
odysseus,torso.lean,47.583,3.3,-0.8,-17.2,21.8,0.018,0.001
odysseus,torso.lean,47.667,3.2,-0.3,-17.2,21.8,0.0179,0.001
odysseus,torso.lean,47.75,0.5,-33.1,-17.2,21.8,0.0086,0.01
odysseus,torso.lean,47.833,-1.2,-19.9,-17.2,21.8,0.0088,0.006
odysseus,torso.lean,47.917,-1.7,-6.6,-17.2,21.8,0.0118,0.003
odysseus,torso.lean,48,-1.5,3.2,-17.2,21.8,0.0097,0.001
odysseus,torso.lean,48.083,-0.9,7.1,-17.2,21.8,0.0054,0.001
odysseus,torso.lean,48.167,-0.3,7.1,-17.2,21.8,0.0015,0
odysseus,torso.lean,48.25,0,3.2,-17.2,21.8,0.0007,0
odysseus,torso.lean,48.333,0,0,-17.2,21.8,0.0006,0
odysseus,torso.lean,50,5.2,61.9,-17.2,21.8,0.0393,0.088
odysseus,torso.lean,50.083,9.2,48.1,-17.2,21.8,0.0525,0.094
odysseus,torso.lean,50.167,12,34.4,-17.2,21.8,0.0679,0.091
odysseus,torso.lean,50.25,13.8,20.6,-17.2,21.8,0.0771,0.067
odysseus,torso.lean,50.333,14.3,6.9,-17.2,21.8,0.0801,0.032
odysseus,torso.lean,50.417,3.2,-133.7,-17.2,21.8,0.0426,0.202
odysseus,torso.lean,50.5,-3.5,-80.2,-17.2,21.8,0.0287,0.082
odysseus,torso.lean,50.583,-5.7,-26.7,-17.2,21.8,0.0409,0.042
odysseus,torso.lean,50.667,-3.9,21.4,-17.2,21.8,0.0302,0.024
odysseus,torso.lean,50.75,1.4,64.2,-17.2,21.8,0.0153,0.035
odysseus,torso.lean,50.833,10.3,107,-17.2,21.8,0.0638,0.247
odysseus,torso.lean,50.917,7.2,-37.8,-17.2,21.8,0.065,0.094
odysseus,torso.lean,51,4.6,-30.9,-17.2,21.8,0.0263,0.03
odysseus,torso.lean,51.083,2.6,-24.1,-17.2,21.8,0.0154,0.013
odysseus,torso.lean,51.167,1.1,-17.2,-17.2,21.8,0.0075,0.005
odysseus,torso.lean,51.25,0.3,-10.3,-17.2,21.8,0.0028,0.001
odysseus,torso.lean,51.333,0,-3.4,-17.2,21.8,0.0012,0
odysseus,torso.lean,51.417,0,0,-17.2,21.8,0.0006,0
odysseus,torso.lean,58.083,0.7,8.6,-17.2,21.8,0.0055,0.002
odysseus,torso.lean,58.167,2.4,20.5,-17.2,21.8,0.0154,0.011
odysseus,torso.lean,58.25,4.5,24.4,-17.2,21.8,0.0251,0.023
odysseus,torso.lean,58.333,6.2,20.5,-17.2,21.8,0.0344,0.027
odysseus,torso.lean,58.417,6.9,8.6,-17.2,21.8,0.0397,0.015
odysseus,torso.lean,58.5,6.7,-2.1,-17.2,21.8,0.0385,0.006
odysseus,torso.lean,58.583,6.3,-4.7,-17.2,21.8,0.0349,0.008
odysseus,torso.lean,58.667,5.9,-4.7,-17.2,21.8,0.0323,0.007
odysseus,torso.lean,58.75,5.7,-2.1,-17.2,21.8,0.0318,0.004
odysseus,torso.lean,58.833,5.1,-7.2,-17.2,21.8,0.029,0.009
odysseus,torso.lean,58.917,3.7,-17.1,-17.2,21.8,0.0221,0.014
odysseus,torso.lean,59,2,-20.4,-17.2,21.8,0.0116,0.009
odysseus,torso.lean,59.083,0.6,-17.1,-17.2,21.8,0.0039,0.002
odysseus,torso.lean,59.167,0,-7.2,-17.2,21.8,0.0018,0
odysseus,torso.lean,59.25,0,0,-17.2,21.8,0.0013,0
odysseus,torso.lean,60.583,0,0,-17.2,21.8,0,0
odysseus,torso.twist,0,0,0,-31.5,31.5,0,0
odysseus,torso.twist,0.417,-0.2,-2.9,-31.5,31.5,0.0019,0
odysseus,torso.twist,0.5,-0.5,-2.9,-31.5,31.5,0.0027,0
odysseus,torso.twist,0.583,-0.6,-0.8,-31.5,31.5,0.0034,0
odysseus,torso.twist,0.667,-0.7,-2,-31.5,31.5,0.0042,0
odysseus,torso.twist,0.75,-0.9,-2.6,-31.5,31.5,0.0052,0.001
odysseus,torso.twist,0.833,-1.2,-2.6,-31.5,31.5,0.0063,0.001
odysseus,torso.twist,0.917,-1.3,-2,-31.5,31.5,0.0073,0.001
odysseus,torso.twist,1,-1.4,-0.8,-31.5,31.5,0.0078,0
odysseus,torso.twist,1.083,-1.4,0,-31.5,31.5,0.0077,0
odysseus,torso.twist,17.917,-2.4,-12.6,-31.5,31.5,0.0156,0.007
odysseus,torso.twist,18,-5.2,-33.2,-31.5,31.5,0.0321,0.039
odysseus,torso.twist,18.083,-9.1,-46.9,-31.5,31.5,0.0521,0.091
odysseus,torso.twist,18.167,-13.6,-53.7,-31.5,31.5,0.075,0.152
odysseus,torso.twist,18.25,-18.1,-53.7,-31.5,31.5,0.0973,0.202
odysseus,torso.twist,18.333,-22,-46.9,-31.5,31.5,0.1187,0.222
odysseus,torso.twist,18.417,-24.7,-33.2,-31.5,31.5,0.1338,0.191
odysseus,torso.twist,18.5,-25.8,-12.6,-31.5,31.5,0.1402,0.101
odysseus,torso.twist,18.583,-25.8,0,-31.5,31.5,0.1388,0.039
odysseus,torso.twist,21,-24.3,17.3,-31.5,31.5,0.1325,0.115
odysseus,torso.twist,21.083,-20.4,47,-31.5,31.5,0.1148,0.215
odysseus,torso.twist,21.167,-14.6,69.3,-31.5,31.5,0.0833,0.216
odysseus,torso.twist,21.25,-7.6,84.2,-31.5,31.5,0.0443,0.134
odysseus,torso.twist,21.333,0,91.6,-31.5,31.5,0.0013,0.004
odysseus,torso.twist,21.417,7.6,91.6,-31.5,31.5,0.0417,0.137
odysseus,torso.twist,21.5,14.6,84.2,-31.5,31.5,0.0807,0.25
odysseus,torso.twist,21.583,20.4,69.3,-31.5,31.5,0.1122,0.297
odysseus,torso.twist,21.667,24.3,47,-31.5,31.5,0.1334,0.254
odysseus,torso.twist,21.75,25.8,17.3,-31.5,31.5,0.1419,0.126
odysseus,torso.twist,21.833,25.8,0,-31.5,31.5,0.1396,0.039
odysseus,torso.twist,26.75,24.6,-14.4,-31.5,31.5,0.1332,0.102
odysseus,torso.twist,26.833,21.3,-39.5,-31.5,31.5,0.1185,0.191
odysseus,torso.twist,26.917,16.4,-59,-31.5,31.5,0.092,0.206
odysseus,torso.twist,27,10.3,-73,-31.5,31.5,0.0585,0.156
odysseus,torso.twist,27.083,3.5,-81.4,-31.5,31.5,0.0207,0.06
odysseus,torso.twist,27.167,-3.5,-84.1,-31.5,31.5,0.0197,0.059
odysseus,torso.twist,27.25,-10.3,-81.4,-31.5,31.5,0.0566,0.167
odysseus,torso.twist,27.333,-16.4,-73,-31.5,31.5,0.09,0.245
odysseus,torso.twist,27.417,-21.3,-59,-31.5,31.5,0.1165,0.267
odysseus,torso.twist,27.5,-24.6,-39.5,-31.5,31.5,0.1341,0.221
odysseus,torso.twist,27.583,-25.8,-14.4,-31.5,31.5,0.141,0.111
odysseus,torso.twist,27.667,-25.8,0,-31.5,31.5,0.1391,0.039
odysseus,torso.twist,29.917,-24,21.7,-31.5,31.5,0.1314,0.134
odysseus,torso.twist,30,-19.5,54.2,-31.5,31.5,0.1104,0.233
odysseus,torso.twist,30.083,-13.6,70.5,-31.5,31.5,0.0766,0.2
odysseus,torso.twist,30.167,-7.7,70.5,-31.5,31.5,0.0421,0.107
odysseus,torso.twist,30.25,-3.2,54.2,-31.5,31.5,0.0204,0.039
odysseus,torso.twist,30.333,-1.4,21.7,-31.5,31.5,0.0134,0.011
odysseus,torso.twist,30.417,-1.4,0,-31.5,31.5,0.0115,0
odysseus,torso.twist,39.583,-1.2,1.7,-31.5,31.5,0.0071,0.001
odysseus,torso.twist,39.667,-0.9,4.1,-31.5,31.5,0.0054,0.001
odysseus,torso.twist,39.75,-0.5,4.9,-31.5,31.5,0.0028,0.001
odysseus,torso.twist,39.833,-0.1,4.1,-31.5,31.5,0.0009,0
odysseus,torso.twist,39.917,0,1.7,-31.5,31.5,0.0004,0
odysseus,torso.twist,40,0,0,-31.5,31.5,0.0003,0
odysseus,torso.twist,42.583,-0.9,-11.4,-31.5,31.5,0.0072,0.003
odysseus,torso.twist,42.667,-3.4,-29.3,-31.5,31.5,0.0218,0.023
odysseus,torso.twist,42.75,-6.7,-40.1,-31.5,31.5,0.0387,0.057
odysseus,torso.twist,42.833,-10.4,-43.7,-31.5,31.5,0.0571,0.094
odysseus,torso.twist,42.917,-13.7,-40.1,-31.5,31.5,0.075,0.116
odysseus,torso.twist,43,-16.1,-29.3,-31.5,31.5,0.0892,0.107
odysseus,torso.twist,43.083,-17.1,-11.4,-31.5,31.5,0.0955,0.056
odysseus,torso.twist,43.167,-17.1,0,-31.5,31.5,0.0943,0.018
odysseus,torso.twist,46.5,-14.4,32.1,-31.5,31.5,0.0839,0.108
odysseus,torso.twist,46.583,-8.5,70.5,-31.5,31.5,0.0535,0.138
odysseus,torso.twist,46.667,-2.7,70.5,-31.5,31.5,0.0146,0.036
odysseus,torso.twist,46.75,0,32.1,-31.5,31.5,0.0069,0.008
odysseus,torso.twist,46.833,0,0,-31.5,31.5,0.0057,0
odysseus,torso.twist,48.583,-0.7,-8.7,-31.5,31.5,0.0055,0.002
odysseus,torso.twist,48.667,-2.7,-23.5,-31.5,31.5,0.0173,0.015
odysseus,torso.twist,48.75,-5.6,-34.7,-31.5,31.5,0.0325,0.041
odysseus,torso.twist,48.833,-9.1,-42.1,-31.5,31.5,0.0508,0.08
odysseus,torso.twist,48.917,-12.9,-45.8,-31.5,31.5,0.0707,0.123
odysseus,torso.twist,49,-16.7,-45.8,-31.5,31.5,0.0902,0.161
odysseus,torso.twist,49.083,-20.2,-42.1,-31.5,31.5,0.1091,0.184
odysseus,torso.twist,49.167,-23.1,-34.7,-31.5,31.5,0.1245,0.182
odysseus,torso.twist,49.25,-25.1,-23.5,-31.5,31.5,0.135,0.147
odysseus,torso.twist,49.333,-25.8,-8.7,-31.5,31.5,0.1392,0.081
odysseus,torso.twist,49.417,-25.8,0,-31.5,31.5,0.1381,0.038
odysseus,torso.twist,60.583,-25.8,0,-31.5,31.5,0.1365,0.037
odysseus,torso.roll,0,0,0,-9.2,9.2,0,0
odysseus,torso.roll,1.5,0.2,2.3,-9.2,9.2,0.0015,0
odysseus,torso.roll,1.583,0.7,5.7,-9.2,9.2,0.0043,0.001
odysseus,torso.roll,1.667,1.3,7.4,-9.2,9.2,0.0074,0.002
odysseus,torso.roll,1.75,1.9,7.4,-9.2,9.2,0.0105,0.003
odysseus,torso.roll,1.833,2.4,5.7,-9.2,9.2,0.0134,0.003
odysseus,torso.roll,1.917,2.6,2.3,-9.2,9.2,0.0147,0.002
odysseus,torso.roll,2,2.5,-0.6,-9.2,9.2,0.0144,0.001
odysseus,torso.roll,2.083,2.5,-0.6,-9.2,9.2,0.0136,0.001
odysseus,torso.roll,2.167,2.4,-0.6,-9.2,9.2,0.0133,0.001
odysseus,torso.roll,2.25,2.4,-0.6,-9.2,9.2,0.0131,0.001
odysseus,torso.roll,2.333,2.3,-0.6,-9.2,9.2,0.0128,0.001
odysseus,torso.roll,2.417,2.3,-0.6,-9.2,9.2,0.0126,0.001
odysseus,torso.roll,2.5,2.2,-0.6,-9.2,9.2,0.0123,0.001
odysseus,torso.roll,2.583,2.2,-0.6,-9.2,9.2,0.012,0.001
odysseus,torso.roll,2.667,2.1,-0.6,-9.2,9.2,0.0118,0.001
odysseus,torso.roll,2.75,2.1,-0.6,-9.2,9.2,0.0115,0
odysseus,torso.roll,2.833,2.1,-0.6,-9.2,9.2,0.0112,0
odysseus,torso.roll,2.917,2,-0.6,-9.2,9.2,0.011,0
odysseus,torso.roll,3,2,-0.6,-9.2,9.2,0.0107,0
odysseus,torso.roll,3.083,1.9,-0.6,-9.2,9.2,0.0105,0
odysseus,torso.roll,3.167,1.9,-0.6,-9.2,9.2,0.0102,0
odysseus,torso.roll,3.25,1.8,-0.6,-9.2,9.2,0.0099,0
odysseus,torso.roll,3.333,1.8,-0.6,-9.2,9.2,0.0097,0
odysseus,torso.roll,3.417,1.7,-0.6,-9.2,9.2,0.0094,0
odysseus,torso.roll,3.5,1.7,0,-9.2,9.2,0.0095,0
odysseus,torso.roll,4.833,1.4,-3.8,-9.2,9.2,0.0084,0.001
odysseus,torso.roll,4.917,0.6,-9.5,-9.2,9.2,0.0043,0.001
odysseus,torso.roll,5,-0.4,-12.4,-9.2,9.2,0.0029,0.001
odysseus,torso.roll,5.083,-1.5,-12.4,-9.2,9.2,0.008,0.004
odysseus,torso.roll,5.167,-2.3,-9.5,-9.2,9.2,0.0129,0.005
odysseus,torso.roll,5.25,-2.6,-3.8,-9.2,9.2,0.0151,0.002
odysseus,torso.roll,5.333,-2.5,0.6,-9.2,9.2,0.0146,0.001
odysseus,torso.roll,5.417,-2.5,0.6,-9.2,9.2,0.0136,0.001
odysseus,torso.roll,5.5,-2.4,0.6,-9.2,9.2,0.0133,0.001
odysseus,torso.roll,5.583,-2.4,0.6,-9.2,9.2,0.0131,0.001
odysseus,torso.roll,5.667,-2.3,0.6,-9.2,9.2,0.0128,0.001
odysseus,torso.roll,5.75,-2.3,0.6,-9.2,9.2,0.0126,0.001
odysseus,torso.roll,5.833,-2.2,0.6,-9.2,9.2,0.0123,0.001
odysseus,torso.roll,5.917,-2.2,0.6,-9.2,9.2,0.012,0.001
odysseus,torso.roll,6,-2.1,0.6,-9.2,9.2,0.0118,0.001
odysseus,torso.roll,6.083,-2.1,0.6,-9.2,9.2,0.0115,0
odysseus,torso.roll,6.167,-2.1,0.6,-9.2,9.2,0.0112,0
odysseus,torso.roll,6.25,-2,0.6,-9.2,9.2,0.011,0
odysseus,torso.roll,6.333,-2,0.6,-9.2,9.2,0.0107,0
odysseus,torso.roll,6.417,-1.9,0.6,-9.2,9.2,0.0105,0
odysseus,torso.roll,6.5,-1.9,0.6,-9.2,9.2,0.0102,0
odysseus,torso.roll,6.583,-1.8,0.6,-9.2,9.2,0.0099,0
odysseus,torso.roll,6.667,-1.8,0.6,-9.2,9.2,0.0097,0
odysseus,torso.roll,6.75,-1.7,0.6,-9.2,9.2,0.0094,0
odysseus,torso.roll,6.833,-1.7,0,-9.2,9.2,0.0095,0
odysseus,torso.roll,9.583,-1.4,3.8,-9.2,9.2,0.0084,0.001
odysseus,torso.roll,9.667,-0.6,9.5,-9.2,9.2,0.0043,0.001
odysseus,torso.roll,9.75,0.4,12.4,-9.2,9.2,0.0029,0.001
odysseus,torso.roll,9.833,1.5,12.4,-9.2,9.2,0.008,0.004
odysseus,torso.roll,9.917,2.3,9.5,-9.2,9.2,0.0129,0.005
odysseus,torso.roll,10,2.6,3.8,-9.2,9.2,0.0151,0.002
odysseus,torso.roll,10.083,2.5,-0.6,-9.2,9.2,0.0146,0.001
odysseus,torso.roll,10.167,2.5,-0.6,-9.2,9.2,0.0136,0.001
odysseus,torso.roll,10.25,2.4,-0.6,-9.2,9.2,0.0133,0.001
odysseus,torso.roll,10.333,2.4,-0.6,-9.2,9.2,0.0131,0.001
odysseus,torso.roll,10.417,2.3,-0.6,-9.2,9.2,0.0128,0.001
odysseus,torso.roll,10.5,2.3,-0.6,-9.2,9.2,0.0126,0.001
odysseus,torso.roll,10.583,2.2,-0.6,-9.2,9.2,0.0123,0.001
odysseus,torso.roll,10.667,2.2,-0.6,-9.2,9.2,0.012,0.001
odysseus,torso.roll,10.75,2.1,-0.6,-9.2,9.2,0.0118,0.001
odysseus,torso.roll,10.833,2.1,-0.6,-9.2,9.2,0.0115,0
odysseus,torso.roll,10.917,2.1,-0.6,-9.2,9.2,0.0112,0
odysseus,torso.roll,11,2,-0.6,-9.2,9.2,0.011,0
odysseus,torso.roll,11.083,2,-0.6,-9.2,9.2,0.0107,0
odysseus,torso.roll,11.167,1.9,-0.6,-9.2,9.2,0.0105,0
odysseus,torso.roll,11.25,1.9,-0.6,-9.2,9.2,0.0102,0
odysseus,torso.roll,11.333,1.8,-0.6,-9.2,9.2,0.0099,0
odysseus,torso.roll,11.417,1.8,-0.6,-9.2,9.2,0.0097,0
odysseus,torso.roll,11.5,1.7,-0.6,-9.2,9.2,0.0094,0
odysseus,torso.roll,11.583,1.7,0,-9.2,9.2,0.0095,0
odysseus,torso.roll,12.333,1.4,-3.8,-9.2,9.2,0.0084,0.001
odysseus,torso.roll,12.417,0.6,-9.5,-9.2,9.2,0.0043,0.001
odysseus,torso.roll,12.5,-0.4,-12.4,-9.2,9.2,0.0029,0.001
odysseus,torso.roll,12.583,-1.5,-12.4,-9.2,9.2,0.008,0.004
odysseus,torso.roll,12.667,-2.3,-9.5,-9.2,9.2,0.0129,0.005
odysseus,torso.roll,12.75,-2.6,-3.8,-9.2,9.2,0.0151,0.002
odysseus,torso.roll,12.833,-2.5,0.6,-9.2,9.2,0.0146,0.001
odysseus,torso.roll,12.917,-2.5,0.6,-9.2,9.2,0.0136,0.001
odysseus,torso.roll,13,-2.4,0.6,-9.2,9.2,0.0133,0.001
odysseus,torso.roll,13.083,-2.4,0.6,-9.2,9.2,0.0131,0.001
odysseus,torso.roll,13.167,-2.3,0.6,-9.2,9.2,0.0128,0.001
odysseus,torso.roll,13.25,-2.3,0.6,-9.2,9.2,0.0126,0.001
odysseus,torso.roll,13.333,-2.2,0.6,-9.2,9.2,0.0123,0.001
odysseus,torso.roll,13.417,-2.2,0.6,-9.2,9.2,0.012,0.001
odysseus,torso.roll,13.5,-2.1,0.6,-9.2,9.2,0.0118,0.001
odysseus,torso.roll,13.583,-2.1,0.6,-9.2,9.2,0.0115,0
odysseus,torso.roll,13.667,-2.1,0.6,-9.2,9.2,0.0112,0
odysseus,torso.roll,13.75,-2,0.6,-9.2,9.2,0.011,0
odysseus,torso.roll,13.833,-2,0.6,-9.2,9.2,0.0107,0
odysseus,torso.roll,13.917,-1.9,0.6,-9.2,9.2,0.0105,0
odysseus,torso.roll,14,-1.9,0.6,-9.2,9.2,0.0102,0
odysseus,torso.roll,14.083,-1.8,0.6,-9.2,9.2,0.0099,0
odysseus,torso.roll,14.167,-1.8,0.6,-9.2,9.2,0.0097,0
odysseus,torso.roll,14.25,-1.7,0.6,-9.2,9.2,0.0094,0
odysseus,torso.roll,14.333,-1.7,0,-9.2,9.2,0.0095,0
odysseus,torso.roll,16.083,-1.3,5.4,-9.2,9.2,0.0079,0.002
odysseus,torso.roll,16.167,-0.2,12.8,-9.2,9.2,0.0025,0.001
odysseus,torso.roll,16.25,1.1,15.3,-9.2,9.2,0.0063,0.003
odysseus,torso.roll,16.333,2.1,12.8,-9.2,9.2,0.0121,0.006
odysseus,torso.roll,16.417,2.6,5.4,-9.2,9.2,0.0154,0.003
odysseus,torso.roll,16.5,2.5,-0.5,-9.2,9.2,0.0149,0.001
odysseus,torso.roll,16.583,2.5,-0.5,-9.2,9.2,0.0136,0.001
odysseus,torso.roll,16.667,2.4,-0.5,-9.2,9.2,0.0134,0.001
odysseus,torso.roll,16.75,2.4,-0.5,-9.2,9.2,0.0131,0.001
odysseus,torso.roll,16.833,2.4,-0.5,-9.2,9.2,0.0129,0.001
odysseus,torso.roll,16.917,2.3,-0.5,-9.2,9.2,0.0126,0.001
odysseus,torso.roll,17,2.3,-0.5,-9.2,9.2,0.0124,0.001
odysseus,torso.roll,17.083,2.2,-0.5,-9.2,9.2,0.0121,0.001
odysseus,torso.roll,17.167,2.2,-0.5,-9.2,9.2,0.0119,0.001
odysseus,torso.roll,17.25,2.1,-0.5,-9.2,9.2,0.0116,0
odysseus,torso.roll,17.333,2.1,-0.5,-9.2,9.2,0.0114,0
odysseus,torso.roll,17.417,2,-0.5,-9.2,9.2,0.0112,0
odysseus,torso.roll,17.5,2,-0.5,-9.2,9.2,0.0109,0
odysseus,torso.roll,17.583,1.9,-0.5,-9.2,9.2,0.0107,0
odysseus,torso.roll,17.667,1.9,-0.5,-9.2,9.2,0.0104,0
odysseus,torso.roll,17.75,1.9,-0.5,-9.2,9.2,0.0102,0
odysseus,torso.roll,17.833,1.8,-0.5,-9.2,9.2,0.0099,0
odysseus,torso.roll,17.917,1.8,-0.5,-9.2,9.2,0.0097,0
odysseus,torso.roll,18,1.7,-0.5,-9.2,9.2,0.0094,0
odysseus,torso.roll,18.083,1.7,0,-9.2,9.2,0.0095,0
odysseus,torso.roll,20.75,1.4,-3.8,-9.2,9.2,0.0084,0.001
odysseus,torso.roll,20.833,0.6,-9.5,-9.2,9.2,0.0043,0.001
odysseus,torso.roll,20.917,-0.4,-12.4,-9.2,9.2,0.0029,0.001
odysseus,torso.roll,21,-1.5,-12.4,-9.2,9.2,0.008,0.004
odysseus,torso.roll,21.083,-2.3,-9.5,-9.2,9.2,0.0129,0.005
odysseus,torso.roll,21.167,-2.6,-3.8,-9.2,9.2,0.0151,0.002
odysseus,torso.roll,21.25,-2.5,0.6,-9.2,9.2,0.0146,0.001
odysseus,torso.roll,21.333,-2.5,0.6,-9.2,9.2,0.0136,0.001
odysseus,torso.roll,21.417,-2.4,0.6,-9.2,9.2,0.0133,0.001
odysseus,torso.roll,21.5,-2.4,0.6,-9.2,9.2,0.0131,0.001
odysseus,torso.roll,21.583,-2.3,0.6,-9.2,9.2,0.0128,0.001
odysseus,torso.roll,21.667,-2.3,0.6,-9.2,9.2,0.0126,0.001
odysseus,torso.roll,21.75,-2.2,0.6,-9.2,9.2,0.0123,0.001
odysseus,torso.roll,21.833,-2.2,0.6,-9.2,9.2,0.012,0.001
odysseus,torso.roll,21.917,-2.1,0.6,-9.2,9.2,0.0118,0.001
odysseus,torso.roll,22,-2.1,0.6,-9.2,9.2,0.0115,0
odysseus,torso.roll,22.083,-2.1,0.6,-9.2,9.2,0.0112,0
odysseus,torso.roll,22.167,-2,0.6,-9.2,9.2,0.011,0
odysseus,torso.roll,22.25,-2,0.6,-9.2,9.2,0.0107,0
odysseus,torso.roll,22.333,-1.9,0.6,-9.2,9.2,0.0105,0
odysseus,torso.roll,22.417,-1.9,0.6,-9.2,9.2,0.0102,0
odysseus,torso.roll,22.5,-1.8,0.6,-9.2,9.2,0.0099,0
odysseus,torso.roll,22.583,-1.8,0.6,-9.2,9.2,0.0097,0
odysseus,torso.roll,22.667,-1.7,0.6,-9.2,9.2,0.0094,0
odysseus,torso.roll,22.75,-1.7,0,-9.2,9.2,0.0095,0
odysseus,torso.roll,25.167,-1.3,5.4,-9.2,9.2,0.0079,0.002
odysseus,torso.roll,25.25,-0.2,12.8,-9.2,9.2,0.0025,0.001
odysseus,torso.roll,25.333,1.1,15.3,-9.2,9.2,0.0063,0.003
odysseus,torso.roll,25.417,2.1,12.8,-9.2,9.2,0.0121,0.006
odysseus,torso.roll,25.5,2.6,5.4,-9.2,9.2,0.0154,0.003
odysseus,torso.roll,25.583,2.5,-0.5,-9.2,9.2,0.0149,0.001
odysseus,torso.roll,25.667,2.5,-0.5,-9.2,9.2,0.0136,0.001
odysseus,torso.roll,25.75,2.4,-0.5,-9.2,9.2,0.0134,0.001
odysseus,torso.roll,25.833,2.4,-0.5,-9.2,9.2,0.0131,0.001
odysseus,torso.roll,25.917,2.4,-0.5,-9.2,9.2,0.0129,0.001
odysseus,torso.roll,26,2.3,-0.5,-9.2,9.2,0.0126,0.001
odysseus,torso.roll,26.083,2.3,-0.5,-9.2,9.2,0.0124,0.001
odysseus,torso.roll,26.167,2.2,-0.5,-9.2,9.2,0.0121,0.001
odysseus,torso.roll,26.25,2.2,-0.5,-9.2,9.2,0.0119,0.001
odysseus,torso.roll,26.333,2.1,-0.5,-9.2,9.2,0.0116,0
odysseus,torso.roll,26.417,2.1,-0.5,-9.2,9.2,0.0114,0
odysseus,torso.roll,26.5,2,-0.5,-9.2,9.2,0.0112,0
odysseus,torso.roll,26.583,2,-0.5,-9.2,9.2,0.0109,0
odysseus,torso.roll,26.667,1.9,-0.5,-9.2,9.2,0.0107,0
odysseus,torso.roll,26.75,1.9,-0.5,-9.2,9.2,0.0104,0
odysseus,torso.roll,26.833,1.9,-0.5,-9.2,9.2,0.0102,0
odysseus,torso.roll,26.917,1.8,-0.5,-9.2,9.2,0.0099,0
odysseus,torso.roll,27,1.8,-0.5,-9.2,9.2,0.0097,0
odysseus,torso.roll,27.083,1.7,-0.5,-9.2,9.2,0.0094,0
odysseus,torso.roll,27.167,1.7,0,-9.2,9.2,0.0095,0
odysseus,torso.roll,28.833,1.3,-5.4,-9.2,9.2,0.0079,0.002
odysseus,torso.roll,28.917,0.2,-12.8,-9.2,9.2,0.0025,0.001
odysseus,torso.roll,29,-1.1,-15.3,-9.2,9.2,0.0063,0.003
odysseus,torso.roll,29.083,-2.1,-12.8,-9.2,9.2,0.0121,0.006
odysseus,torso.roll,29.167,-2.6,-5.4,-9.2,9.2,0.0154,0.003
odysseus,torso.roll,29.25,-2.5,0.5,-9.2,9.2,0.0149,0.001
odysseus,torso.roll,29.333,-2.5,0.5,-9.2,9.2,0.0136,0.001
odysseus,torso.roll,29.417,-2.4,0.5,-9.2,9.2,0.0134,0.001
odysseus,torso.roll,29.5,-2.4,0.5,-9.2,9.2,0.0131,0.001
odysseus,torso.roll,29.583,-2.4,0.5,-9.2,9.2,0.0129,0.001
odysseus,torso.roll,29.667,-2.3,0.5,-9.2,9.2,0.0126,0.001
odysseus,torso.roll,29.75,-2.3,0.5,-9.2,9.2,0.0124,0.001
odysseus,torso.roll,29.833,-2.2,0.5,-9.2,9.2,0.0121,0.001
odysseus,torso.roll,29.917,-2.2,0.5,-9.2,9.2,0.0119,0.001
odysseus,torso.roll,30,-2.1,0.5,-9.2,9.2,0.0116,0
odysseus,torso.roll,30.083,-2.1,0.5,-9.2,9.2,0.0114,0
odysseus,torso.roll,30.167,-2,0.5,-9.2,9.2,0.0112,0
odysseus,torso.roll,30.25,-2,0.5,-9.2,9.2,0.0109,0
odysseus,torso.roll,30.333,-1.9,0.5,-9.2,9.2,0.0107,0
odysseus,torso.roll,30.417,-1.9,0.5,-9.2,9.2,0.0104,0
odysseus,torso.roll,30.5,-1.9,0.5,-9.2,9.2,0.0102,0
odysseus,torso.roll,30.583,-1.8,0.5,-9.2,9.2,0.0099,0
odysseus,torso.roll,30.667,-1.8,0.5,-9.2,9.2,0.0097,0
odysseus,torso.roll,30.75,-1.7,0.5,-9.2,9.2,0.0094,0
odysseus,torso.roll,30.833,-1.7,0,-9.2,9.2,0.0095,0
odysseus,torso.roll,32.25,-1.4,3.8,-9.2,9.2,0.0084,0.001
odysseus,torso.roll,32.333,-0.6,9.5,-9.2,9.2,0.0043,0.001
odysseus,torso.roll,32.417,0.4,12.4,-9.2,9.2,0.0029,0.001
odysseus,torso.roll,32.5,1.5,12.4,-9.2,9.2,0.008,0.004
odysseus,torso.roll,32.583,2.3,9.5,-9.2,9.2,0.0129,0.005
odysseus,torso.roll,32.667,2.6,3.8,-9.2,9.2,0.0151,0.002
odysseus,torso.roll,32.75,2.5,-0.6,-9.2,9.2,0.0146,0.001
odysseus,torso.roll,32.833,2.5,-0.6,-9.2,9.2,0.0136,0.001
odysseus,torso.roll,32.917,2.4,-0.6,-9.2,9.2,0.0133,0.001
odysseus,torso.roll,33,2.4,-0.6,-9.2,9.2,0.0131,0.001
odysseus,torso.roll,33.083,2.3,-0.6,-9.2,9.2,0.0128,0.001
odysseus,torso.roll,33.167,2.3,-0.6,-9.2,9.2,0.0126,0.001
odysseus,torso.roll,33.25,2.2,-0.6,-9.2,9.2,0.0123,0.001
odysseus,torso.roll,33.333,2.2,-0.6,-9.2,9.2,0.012,0.001
odysseus,torso.roll,33.417,2.1,-0.6,-9.2,9.2,0.0118,0.001
odysseus,torso.roll,33.5,2.1,-0.6,-9.2,9.2,0.0115,0
odysseus,torso.roll,33.583,2.1,-0.6,-9.2,9.2,0.0112,0
odysseus,torso.roll,33.667,2,-0.6,-9.2,9.2,0.011,0
odysseus,torso.roll,33.75,2,-0.6,-9.2,9.2,0.0107,0
odysseus,torso.roll,33.833,1.9,-0.6,-9.2,9.2,0.0105,0
odysseus,torso.roll,33.917,1.9,-0.6,-9.2,9.2,0.0102,0
odysseus,torso.roll,34,1.8,-0.6,-9.2,9.2,0.0099,0
odysseus,torso.roll,34.083,1.8,-0.6,-9.2,9.2,0.0097,0
odysseus,torso.roll,34.167,1.7,-0.6,-9.2,9.2,0.0094,0
odysseus,torso.roll,34.25,1.7,0,-9.2,9.2,0.0095,0
odysseus,torso.roll,35.833,1.4,-3.8,-9.2,9.2,0.0084,0.001
odysseus,torso.roll,35.917,0.6,-9.5,-9.2,9.2,0.0043,0.001
odysseus,torso.roll,36,-0.4,-12.4,-9.2,9.2,0.0029,0.001
odysseus,torso.roll,36.083,-1.5,-12.4,-9.2,9.2,0.008,0.004
odysseus,torso.roll,36.167,-2.3,-9.5,-9.2,9.2,0.0129,0.005
odysseus,torso.roll,36.25,-2.6,-3.8,-9.2,9.2,0.0151,0.002
odysseus,torso.roll,36.333,-2.5,0.6,-9.2,9.2,0.0146,0.001
odysseus,torso.roll,36.417,-2.5,0.6,-9.2,9.2,0.0136,0.001
odysseus,torso.roll,36.5,-2.4,0.6,-9.2,9.2,0.0133,0.001
odysseus,torso.roll,36.583,-2.4,0.6,-9.2,9.2,0.0131,0.001
odysseus,torso.roll,36.667,-2.3,0.6,-9.2,9.2,0.0128,0.001
odysseus,torso.roll,36.75,-2.3,0.6,-9.2,9.2,0.0126,0.001
odysseus,torso.roll,36.833,-2.2,0.6,-9.2,9.2,0.0123,0.001
odysseus,torso.roll,36.917,-2.2,0.6,-9.2,9.2,0.012,0.001
odysseus,torso.roll,37,-2.1,0.6,-9.2,9.2,0.0118,0.001
odysseus,torso.roll,37.083,-2.1,0.6,-9.2,9.2,0.0115,0
odysseus,torso.roll,37.167,-2.1,0.6,-9.2,9.2,0.0112,0
odysseus,torso.roll,37.25,-2,0.6,-9.2,9.2,0.011,0
odysseus,torso.roll,37.333,-2,0.6,-9.2,9.2,0.0107,0
odysseus,torso.roll,37.417,-1.9,0.6,-9.2,9.2,0.0105,0
odysseus,torso.roll,37.5,-1.9,0.6,-9.2,9.2,0.0102,0
odysseus,torso.roll,37.583,-1.8,0.6,-9.2,9.2,0.0099,0
odysseus,torso.roll,37.667,-1.8,0.6,-9.2,9.2,0.0097,0
odysseus,torso.roll,37.75,-1.7,0.6,-9.2,9.2,0.0094,0
odysseus,torso.roll,37.833,-1.7,0,-9.2,9.2,0.0095,0
odysseus,torso.roll,39,-1.3,5.4,-9.2,9.2,0.0079,0.002
odysseus,torso.roll,39.083,-0.2,12.8,-9.2,9.2,0.0025,0.001
odysseus,torso.roll,39.167,1.1,15.3,-9.2,9.2,0.0063,0.003
odysseus,torso.roll,39.25,2.1,12.8,-9.2,9.2,0.0121,0.006
odysseus,torso.roll,39.333,2.6,5.4,-9.2,9.2,0.0154,0.003
odysseus,torso.roll,39.417,2.5,-0.6,-9.2,9.2,0.0149,0.001
odysseus,torso.roll,39.5,2.5,-0.6,-9.2,9.2,0.0136,0.001
odysseus,torso.roll,39.583,2.4,-1.4,-9.2,9.2,0.0131,0.001
odysseus,torso.roll,39.667,2.1,-2.9,-9.2,9.2,0.0119,0.002
odysseus,torso.roll,39.75,1.9,-2.9,-9.2,9.2,0.0104,0.001
odysseus,torso.roll,39.833,1.8,-1.2,-9.2,9.2,0.0101,0.001
odysseus,torso.roll,39.917,2,2.2,-9.2,9.2,0.0114,0.001
odysseus,torso.roll,40,2.6,7.2,-9.2,9.2,0.015,0.004
odysseus,torso.roll,40.083,1.7,-11.1,-9.2,9.2,0.0123,0.005
odysseus,torso.roll,40.167,0.9,-8.7,-9.2,9.2,0.0055,0.002
odysseus,torso.roll,40.25,0.4,-6.2,-9.2,9.2,0.0027,0.001
odysseus,torso.roll,40.333,0.1,-3.7,-9.2,9.2,0.001,0
odysseus,torso.roll,40.417,0,-1.2,-9.2,9.2,0.0004,0
odysseus,torso.roll,40.5,-0.1,-1.2,-9.2,9.2,0.0006,0
odysseus,torso.roll,40.583,-0.4,-3.7,-9.2,9.2,0.0027,0
odysseus,torso.roll,40.667,-0.9,-6.2,-9.2,9.2,0.0055,0.001
odysseus,torso.roll,40.75,-1.7,-8.7,-9.2,9.2,0.0095,0.003
odysseus,torso.roll,40.833,-2.6,-11.1,-9.2,9.2,0.0146,0.006
odysseus,torso.roll,40.917,-1.7,11.1,-9.2,9.2,0.013,0.005
odysseus,torso.roll,41,-0.9,8.7,-9.2,9.2,0.0055,0.002
odysseus,torso.roll,41.083,-0.4,6.2,-9.2,9.2,0.0027,0.001
odysseus,torso.roll,41.167,-0.1,3.7,-9.2,9.2,0.001,0
odysseus,torso.roll,41.25,0,1.2,-9.2,9.2,0.0004,0
odysseus,torso.roll,41.333,0.2,1.9,-9.2,9.2,0.001,0
odysseus,torso.roll,41.417,0.6,5.8,-9.2,9.2,0.0042,0.001
odysseus,torso.roll,41.5,1.5,9.7,-9.2,9.2,0.0086,0.003
odysseus,torso.roll,41.583,2.6,13.5,-9.2,9.2,0.0148,0.007
odysseus,torso.roll,41.667,1.7,-11.1,-9.2,9.2,0.0134,0.006
odysseus,torso.roll,41.75,0.9,-8.7,-9.2,9.2,0.0055,0.002
odysseus,torso.roll,41.833,0.4,-6.2,-9.2,9.2,0.0027,0.001
odysseus,torso.roll,41.917,0.1,-3.7,-9.2,9.2,0.001,0
odysseus,torso.roll,42,0,-1.2,-9.2,9.2,0.0004,0
odysseus,torso.roll,42.083,0,0,-9.2,9.2,0.0002,0
odysseus,torso.roll,43.417,-0.3,-3.2,-9.2,9.2,0.002,0
odysseus,torso.roll,43.5,-0.9,-7.7,-9.2,9.2,0.0058,0.002
odysseus,torso.roll,43.583,-1.7,-9.2,-9.2,9.2,0.0094,0.003
odysseus,torso.roll,43.667,-2.3,-7.7,-9.2,9.2,0.0129,0.004
odysseus,torso.roll,43.75,-2.6,-3.2,-9.2,9.2,0.0149,0.002
odysseus,torso.roll,43.833,-2.5,0.5,-9.2,9.2,0.0145,0.001
odysseus,torso.roll,43.917,-2.5,0.5,-9.2,9.2,0.0136,0.001
odysseus,torso.roll,44,-2.4,0.5,-9.2,9.2,0.0134,0.001
odysseus,torso.roll,44.083,-2.4,0.5,-9.2,9.2,0.0131,0.001
odysseus,torso.roll,44.167,-2.4,0.5,-9.2,9.2,0.0129,0.001
odysseus,torso.roll,44.25,-2.3,0.5,-9.2,9.2,0.0126,0.001
odysseus,torso.roll,44.333,-2.3,0.5,-9.2,9.2,0.0124,0.001
odysseus,torso.roll,44.417,-2.2,0.5,-9.2,9.2,0.0121,0.001
odysseus,torso.roll,44.5,-2.2,0.5,-9.2,9.2,0.0119,0.001
odysseus,torso.roll,44.583,-2.1,0.5,-9.2,9.2,0.0116,0
odysseus,torso.roll,44.667,-2.1,0.5,-9.2,9.2,0.0114,0
odysseus,torso.roll,44.75,-2,0.5,-9.2,9.2,0.0112,0
odysseus,torso.roll,44.833,-2,0.5,-9.2,9.2,0.0109,0
odysseus,torso.roll,44.917,-1.9,0.5,-9.2,9.2,0.0107,0
odysseus,torso.roll,45,-1.9,0.5,-9.2,9.2,0.0104,0
odysseus,torso.roll,45.083,-1.9,0.5,-9.2,9.2,0.0102,0
odysseus,torso.roll,45.167,-1.8,0.5,-9.2,9.2,0.0099,0
odysseus,torso.roll,45.25,-1.8,0.5,-9.2,9.2,0.0097,0
odysseus,torso.roll,45.333,-1.7,0.5,-9.2,9.2,0.0094,0
odysseus,torso.roll,45.417,-1.7,0,-9.2,9.2,0.0095,0
odysseus,torso.roll,46.25,-1,8.7,-9.2,9.2,0.007,0.002
odysseus,torso.roll,46.333,0.3,16.1,-9.2,9.2,0.0032,0.002
odysseus,torso.roll,46.417,1.1,8.7,-9.2,9.2,0.0072,0.002
odysseus,torso.roll,46.5,1.2,2.1,-9.2,9.2,0.008,0.001
odysseus,torso.roll,46.583,1.8,7.1,-9.2,9.2,0.011,0.003
odysseus,torso.roll,46.667,3,13.4,-9.2,9.2,0.0173,0.009
odysseus,torso.roll,46.75,0.8,-26.4,-9.2,9.2,0.0112,0.011
odysseus,torso.roll,46.833,0,-9.1,-9.2,9.2,0.0031,0.001
odysseus,torso.roll,46.917,-0.3,-3.4,-9.2,9.2,0.0026,0
odysseus,torso.roll,47,-1.1,-10.3,-9.2,9.2,0.0075,0.003
odysseus,torso.roll,47.083,-2.6,-17.2,-9.2,9.2,0.0154,0.01
odysseus,torso.roll,47.167,-0.6,23.2,-9.2,9.2,0.0108,0.009
odysseus,torso.roll,47.25,0,7.7,-9.2,9.2,0.0028,0.001
odysseus,torso.roll,47.333,0.6,7.7,-9.2,9.2,0.0035,0.001
odysseus,torso.roll,47.417,2.6,23.2,-9.2,9.2,0.0169,0.014
odysseus,torso.roll,47.5,1.1,-17.2,-9.2,9.2,0.0135,0.008
odysseus,torso.roll,47.583,0.3,-10.3,-9.2,9.2,0.0028,0.001
odysseus,torso.roll,47.667,0,-3.4,-9.2,9.2,0.0012,0
odysseus,torso.roll,47.75,0,0,-9.2,9.2,0.0006,0
odysseus,torso.roll,49.833,-0.3,-3.2,-9.2,9.2,0.002,0
odysseus,torso.roll,49.917,-0.9,-7.7,-9.2,9.2,0.0058,0.002
odysseus,torso.roll,50,-1.7,-9.2,-9.2,9.2,0.0094,0.003
odysseus,torso.roll,50.083,-2.3,-7.7,-9.2,9.2,0.0129,0.004
odysseus,torso.roll,50.167,-2.6,-3.2,-9.2,9.2,0.0149,0.002
odysseus,torso.roll,50.25,-2.5,0.5,-9.2,9.2,0.0145,0.001
odysseus,torso.roll,50.333,-2.5,0.5,-9.2,9.2,0.0136,0.001
odysseus,torso.roll,50.417,-2.4,0.5,-9.2,9.2,0.0134,0.001
odysseus,torso.roll,50.5,-2.4,0.5,-9.2,9.2,0.0131,0.001
odysseus,torso.roll,50.583,-2.4,0.5,-9.2,9.2,0.0129,0.001
odysseus,torso.roll,50.667,-2.3,0.5,-9.2,9.2,0.0126,0.001
odysseus,torso.roll,50.75,-2.3,0.5,-9.2,9.2,0.0124,0.001
odysseus,torso.roll,50.833,-2.2,0.5,-9.2,9.2,0.0121,0.001
odysseus,torso.roll,50.917,-2.2,0.5,-9.2,9.2,0.0119,0.001
odysseus,torso.roll,51,-2.1,0.5,-9.2,9.2,0.0116,0
odysseus,torso.roll,51.083,-2.1,0.5,-9.2,9.2,0.0114,0
odysseus,torso.roll,51.167,-2,0.5,-9.2,9.2,0.0112,0
odysseus,torso.roll,51.25,-2,0.5,-9.2,9.2,0.0109,0
odysseus,torso.roll,51.333,-1.9,0.5,-9.2,9.2,0.0107,0
odysseus,torso.roll,51.417,-1.9,0.5,-9.2,9.2,0.0104,0
odysseus,torso.roll,51.5,-1.9,0.5,-9.2,9.2,0.0102,0
odysseus,torso.roll,51.583,-1.8,0.5,-9.2,9.2,0.0099,0
odysseus,torso.roll,51.667,-1.8,0.5,-9.2,9.2,0.0097,0
odysseus,torso.roll,51.75,-1.7,0.5,-9.2,9.2,0.0094,0
odysseus,torso.roll,51.833,-1.7,0,-9.2,9.2,0.0095,0
odysseus,torso.roll,53.25,-1.4,3.8,-9.2,9.2,0.0084,0.001
odysseus,torso.roll,53.333,-0.6,9.5,-9.2,9.2,0.0043,0.001
odysseus,torso.roll,53.417,0.4,12.4,-9.2,9.2,0.0029,0.001
odysseus,torso.roll,53.5,1.5,12.4,-9.2,9.2,0.008,0.004
odysseus,torso.roll,53.583,2.3,9.5,-9.2,9.2,0.0129,0.005
odysseus,torso.roll,53.667,2.6,3.8,-9.2,9.2,0.0151,0.002
odysseus,torso.roll,53.75,2.5,-0.6,-9.2,9.2,0.0146,0.001
odysseus,torso.roll,53.833,2.5,-0.6,-9.2,9.2,0.0136,0.001
odysseus,torso.roll,53.917,2.4,-0.6,-9.2,9.2,0.0133,0.001
odysseus,torso.roll,54,2.4,-0.6,-9.2,9.2,0.0131,0.001
odysseus,torso.roll,54.083,2.3,-0.6,-9.2,9.2,0.0128,0.001
odysseus,torso.roll,54.167,2.3,-0.6,-9.2,9.2,0.0126,0.001
odysseus,torso.roll,54.25,2.2,-0.6,-9.2,9.2,0.0123,0.001
odysseus,torso.roll,54.333,2.2,-0.6,-9.2,9.2,0.012,0.001
odysseus,torso.roll,54.417,2.1,-0.6,-9.2,9.2,0.0118,0.001
odysseus,torso.roll,54.5,2.1,-0.6,-9.2,9.2,0.0115,0
odysseus,torso.roll,54.583,2.1,-0.6,-9.2,9.2,0.0112,0
odysseus,torso.roll,54.667,2,-0.6,-9.2,9.2,0.011,0
odysseus,torso.roll,54.75,2,-0.6,-9.2,9.2,0.0107,0
odysseus,torso.roll,54.833,1.9,-0.6,-9.2,9.2,0.0105,0
odysseus,torso.roll,54.917,1.9,-0.6,-9.2,9.2,0.0102,0
odysseus,torso.roll,55,1.8,-0.6,-9.2,9.2,0.0099,0
odysseus,torso.roll,55.083,1.8,-0.6,-9.2,9.2,0.0097,0
odysseus,torso.roll,55.167,1.7,-0.6,-9.2,9.2,0.0094,0
odysseus,torso.roll,55.25,1.7,0,-9.2,9.2,0.0095,0
odysseus,torso.roll,57.417,1.4,-3.8,-9.2,9.2,0.0084,0.001
odysseus,torso.roll,57.5,0.6,-9.5,-9.2,9.2,0.0043,0.001
odysseus,torso.roll,57.583,-0.4,-12.4,-9.2,9.2,0.0029,0.001
odysseus,torso.roll,57.667,-1.5,-12.4,-9.2,9.2,0.008,0.004
odysseus,torso.roll,57.75,-2.3,-9.5,-9.2,9.2,0.0129,0.005
odysseus,torso.roll,57.833,-2.6,-3.8,-9.2,9.2,0.0151,0.002
odysseus,torso.roll,57.917,-2.5,0.6,-9.2,9.2,0.0146,0.001
odysseus,torso.roll,58,-2.5,0.6,-9.2,9.2,0.0136,0.001
odysseus,torso.roll,58.083,-2.4,0.6,-9.2,9.2,0.0133,0.001
odysseus,torso.roll,58.167,-2.4,0.6,-9.2,9.2,0.0131,0.001
odysseus,torso.roll,58.25,-2.3,0.6,-9.2,9.2,0.0128,0.001
odysseus,torso.roll,58.333,-2.3,0.6,-9.2,9.2,0.0126,0.001
odysseus,torso.roll,58.417,-2.2,0.6,-9.2,9.2,0.0123,0.001
odysseus,torso.roll,58.5,-2.2,0.6,-9.2,9.2,0.012,0.001
odysseus,torso.roll,58.583,-2.1,0.6,-9.2,9.2,0.0118,0.001
odysseus,torso.roll,58.667,-2.1,0.6,-9.2,9.2,0.0115,0
odysseus,torso.roll,58.75,-2.1,0.6,-9.2,9.2,0.0112,0
odysseus,torso.roll,58.833,-2,0.6,-9.2,9.2,0.011,0
odysseus,torso.roll,58.917,-2,0.6,-9.2,9.2,0.0107,0
odysseus,torso.roll,59,-1.9,0.6,-9.2,9.2,0.0105,0
odysseus,torso.roll,59.083,-1.9,0.6,-9.2,9.2,0.0102,0
odysseus,torso.roll,59.167,-1.8,0.6,-9.2,9.2,0.0099,0
odysseus,torso.roll,59.25,-1.8,0.6,-9.2,9.2,0.0097,0
odysseus,torso.roll,59.333,-1.7,0.6,-9.2,9.2,0.0094,0
odysseus,torso.roll,59.417,-1.7,0,-9.2,9.2,0.0095,0
odysseus,torso.roll,60.583,-1.7,0,-9.2,9.2,0.0094,0
odysseus,head.yaw,0,0,0,-83.1,83.1,0,0
odysseus,head.yaw,0.417,-1.2,-14.4,-83.1,83.1,0.0006,0
odysseus,head.yaw,0.5,-2.4,-14.4,-83.1,83.1,0.001,0.001
odysseus,head.yaw,0.583,-2.5,-1.6,-83.1,83.1,0.0011,0
odysseus,head.yaw,0.667,-2.6,-1.1,-83.1,83.1,0.0011,0
odysseus,head.yaw,0.75,-2.7,-0.7,-83.1,83.1,0.0011,0
odysseus,head.yaw,0.833,-2.7,-0.2,-83.1,83.1,0.0011,0
odysseus,head.yaw,1,-2.6,0.8,-83.1,83.1,0.0011,0
odysseus,head.yaw,1.083,-2.6,0.4,-83.1,83.1,0.0011,0
odysseus,head.yaw,3.333,-2.6,-0.6,-83.1,83.1,0.0011,0
odysseus,head.yaw,3.417,-2.7,-0.4,-83.1,83.1,0.0011,0
odysseus,head.yaw,3.833,-2.6,0.8,-83.1,83.1,0.0011,0
odysseus,head.yaw,3.917,-2.6,0.4,-83.1,83.1,0.0011,0
odysseus,head.yaw,6.417,-2.6,-0.7,-83.1,83.1,0.0011,0
odysseus,head.yaw,6.5,-2.7,-0.5,-83.1,83.1,0.0011,0
odysseus,head.yaw,6.833,-2.6,0.8,-83.1,83.1,0.0011,0
odysseus,head.yaw,6.917,-2.6,0.4,-83.1,83.1,0.0011,0
odysseus,head.yaw,9.5,-2.6,-0.7,-83.1,83.1,0.0011,0
odysseus,head.yaw,9.583,-2.7,-0.5,-83.1,83.1,0.0011,0
odysseus,head.yaw,9.917,-2.6,0.8,-83.1,83.1,0.0011,0
odysseus,head.yaw,10,-2.6,0.4,-83.1,83.1,0.0011,0
odysseus,head.yaw,12.417,-2.6,-0.7,-83.1,83.1,0.0011,0
odysseus,head.yaw,12.5,-2.7,-0.5,-83.1,83.1,0.0011,0
odysseus,head.yaw,12.833,-2.6,0.8,-83.1,83.1,0.0011,0
odysseus,head.yaw,12.917,-2.6,0.4,-83.1,83.1,0.0011,0
odysseus,head.yaw,15,-2.6,-0.7,-83.1,83.1,0.0011,0
odysseus,head.yaw,15.083,-2.7,-0.5,-83.1,83.1,0.0011,0
odysseus,head.yaw,15.417,-2.6,0.8,-83.1,83.1,0.0011,0
odysseus,head.yaw,15.5,-2.6,0.4,-83.1,83.1,0.0011,0
odysseus,head.yaw,17.917,-23.5,-251,-83.1,83.1,0.0106,0.094
odysseus,head.yaw,18,-40.6,-205.4,-83.1,83.1,0.0156,0.112
odysseus,head.yaw,18.083,-53.9,-159.7,-83.1,83.1,0.0193,0.108
odysseus,head.yaw,18.167,-63.4,-114.1,-83.1,83.1,0.0213,0.086
odysseus,head.yaw,18.25,-69.1,-68.5,-83.1,83.1,0.0222,0.054
odysseus,head.yaw,18.333,-71,-22.8,-83.1,83.1,0.0225,0.019
odysseus,head.yaw,18.417,-70.2,10.5,-83.1,83.1,0.0223,0.009
odysseus,head.yaw,18.5,-68.5,19.6,-83.1,83.1,0.022,0.016
odysseus,head.yaw,18.583,-67.6,10.5,-83.1,83.1,0.0218,0.009
odysseus,head.yaw,18.667,-67.6,0,-83.1,83.1,0.0218,0.001
odysseus,head.yaw,21,-32.8,418.7,-83.1,83.1,0.0148,0.217
odysseus,head.yaw,21.083,-2.5,362.9,-83.1,83.1,0.0013,0.017
odysseus,head.yaw,21.167,23.1,307,-83.1,83.1,0.0095,0.102
odysseus,head.yaw,21.25,44,251.2,-83.1,83.1,0.0166,0.146
odysseus,head.yaw,21.333,60.3,195.4,-83.1,83.1,0.0207,0.142
odysseus,head.yaw,21.417,71.9,139.6,-83.1,83.1,0.0227,0.111
odysseus,head.yaw,21.5,78.9,83.7,-83.1,83.1,0.0234,0.069
odysseus,head.yaw,21.583,81.2,27.9,-83.1,83.1,0.0235,0.024
odysseus,head.yaw,21.667,80.2,-12,-83.1,83.1,0.0234,0.011
odysseus,head.yaw,21.75,78.4,-22.3,-83.1,83.1,0.0231,0.019
odysseus,head.yaw,21.833,77.3,-12,-83.1,83.1,0.023,0.011
odysseus,head.yaw,21.917,77.3,0,-83.1,83.1,0.023,0.001
odysseus,head.yaw,23.833,78.3,10.9,-83.1,83.1,0.0231,0.01
odysseus,head.yaw,23.917,79,9.4,-83.1,83.1,0.0231,0.009
odysseus,head.yaw,24,79.7,8,-83.1,83.1,0.0232,0.008
odysseus,head.yaw,24.083,80.2,6.5,-83.1,83.1,0.0232,0.006
odysseus,head.yaw,24.167,80.7,5.1,-83.1,83.1,0.0232,0.005
odysseus,head.yaw,24.25,81,3.6,-83.1,83.1,0.0233,0.004
odysseus,head.yaw,24.333,81.2,2.2,-83.1,83.1,0.0233,0.003
odysseus,head.yaw,24.417,81.2,0.7,-83.1,83.1,0.0233,0.002
odysseus,head.yaw,24.5,80.2,-12,-83.1,83.1,0.0233,0.011
odysseus,head.yaw,24.583,78.4,-22.3,-83.1,83.1,0.0231,0.019
odysseus,head.yaw,24.667,77.3,-12,-83.1,83.1,0.023,0.011
odysseus,head.yaw,24.75,77.3,0,-83.1,83.1,0.023,0.001
odysseus,head.yaw,26.75,44.1,-399.4,-83.1,83.1,0.0184,0.257
odysseus,head.yaw,26.833,14.7,-352.4,-83.1,83.1,0.0062,0.076
odysseus,head.yaw,26.917,-10.7,-305.4,-83.1,83.1,0.0046,0.049
odysseus,head.yaw,27,-32.3,-258.4,-83.1,83.1,0.0128,0.116
odysseus,head.yaw,27.083,-49.9,-211.4,-83.1,83.1,0.0182,0.135
odysseus,head.yaw,27.167,-63.6,-164.4,-83.1,83.1,0.0213,0.123
odysseus,head.yaw,27.25,-73.4,-117.5,-83.1,83.1,0.0228,0.095
odysseus,head.yaw,27.333,-79.3,-70.5,-83.1,83.1,0.0234,0.059
odysseus,head.yaw,27.417,-81.2,-23.5,-83.1,83.1,0.0235,0.02
odysseus,head.yaw,27.5,-80.2,12,-83.1,83.1,0.0234,0.011
odysseus,head.yaw,27.583,-78.4,22.3,-83.1,83.1,0.0231,0.019
odysseus,head.yaw,27.667,-77.3,12,-83.1,83.1,0.023,0.011
odysseus,head.yaw,27.75,-77.3,0,-83.1,83.1,0.023,0.001
odysseus,head.yaw,29.917,-44.7,391.9,-83.1,83.1,0.0185,0.254
odysseus,head.yaw,30,-21.4,279.9,-83.1,83.1,0.0091,0.089
odysseus,head.yaw,30.083,-7.4,168,-83.1,83.1,0.0036,0.021
odysseus,head.yaw,30.167,-2.7,56,-83.1,83.1,0.0017,0.003
odysseus,head.yaw,30.25,-2.7,0.4,-83.1,83.1,0.0014,0
odysseus,head.yaw,30.333,-2.6,0.8,-83.1,83.1,0.0011,0
odysseus,head.yaw,30.417,-2.6,0.4,-83.1,83.1,0.0011,0
odysseus,head.yaw,32.417,-2.6,-0.6,-83.1,83.1,0.0011,0
odysseus,head.yaw,32.5,-2.7,-0.4,-83.1,83.1,0.0011,0
odysseus,head.yaw,32.917,-2.6,0.8,-83.1,83.1,0.0011,0
odysseus,head.yaw,33,-2.6,0.4,-83.1,83.1,0.0011,0
odysseus,head.yaw,35.083,-2.6,-0.6,-83.1,83.1,0.0011,0
odysseus,head.yaw,35.167,-2.7,-0.4,-83.1,83.1,0.0011,0
odysseus,head.yaw,35.583,-2.6,0.8,-83.1,83.1,0.0011,0
odysseus,head.yaw,35.667,-2.6,0.4,-83.1,83.1,0.0011,0
odysseus,head.yaw,37.917,-2.6,-0.6,-83.1,83.1,0.0011,0
odysseus,head.yaw,38,-2.7,-0.4,-83.1,83.1,0.0011,0
odysseus,head.yaw,38.417,-2.6,0.8,-83.1,83.1,0.0011,0
odysseus,head.yaw,38.5,-2.6,0.4,-83.1,83.1,0.0011,0
odysseus,head.yaw,39.583,-2.3,3.2,-83.1,83.1,0.001,0
odysseus,head.yaw,39.667,-1.7,7.7,-83.1,83.1,0.0007,0
odysseus,head.yaw,39.75,-0.9,9.1,-83.1,83.1,0.0004,0
odysseus,head.yaw,39.833,-0.3,7.7,-83.1,83.1,0.0001,0
odysseus,head.yaw,39.917,0,3.2,-83.1,83.1,0,0
odysseus,head.yaw,40,0,0,-83.1,83.1,0,0
odysseus,head.yaw,42.583,-12,-144,-83.1,83.1,0.0056,0.028
odysseus,head.yaw,42.667,-21.3,-112,-83.1,83.1,0.0087,0.034
odysseus,head.yaw,42.75,-28,-80,-83.1,83.1,0.0112,0.032
odysseus,head.yaw,42.833,-32,-48,-83.1,83.1,0.0126,0.021
odysseus,head.yaw,42.917,-33.3,-16,-83.1,83.1,0.0131,0.008
odysseus,head.yaw,43,-32.9,4.9,-83.1,83.1,0.0129,0.003
odysseus,head.yaw,43.083,-32.2,9.2,-83.1,83.1,0.0126,0.004
odysseus,head.yaw,43.167,-31.7,4.9,-83.1,83.1,0.0124,0.002
odysseus,head.yaw,43.25,-31.7,0,-83.1,83.1,0.0124,0
odysseus,head.yaw,43.333,-32.2,-5.8,-83.1,83.1,0.0126,0.003
odysseus,head.yaw,43.417,-32.6,-4.8,-83.1,83.1,0.0127,0.002
odysseus,head.yaw,43.5,-32.9,-3.7,-83.1,83.1,0.0128,0.002
odysseus,head.yaw,43.583,-33.2,-2.6,-83.1,83.1,0.0129,0.002
odysseus,head.yaw,43.667,-33.3,-1.6,-83.1,83.1,0.0129,0.001
odysseus,head.yaw,43.75,-33.3,-0.5,-83.1,83.1,0.0129,0.001
odysseus,head.yaw,43.833,-32.9,4.9,-83.1,83.1,0.0128,0.003
odysseus,head.yaw,43.917,-32.2,9.2,-83.1,83.1,0.0126,0.004
odysseus,head.yaw,44,-31.7,4.9,-83.1,83.1,0.0124,0.002
odysseus,head.yaw,44.083,-31.7,0,-83.1,83.1,0.0124,0
odysseus,head.yaw,46.167,-32,-2.6,-83.1,83.1,0.0125,0.001
odysseus,head.yaw,46.25,-32.5,-5.8,-83.1,83.1,0.0126,0.003
odysseus,head.yaw,46.333,-32.9,-5.8,-83.1,83.1,0.0128,0.003
odysseus,head.yaw,46.417,-33.2,-2.6,-83.1,83.1,0.0129,0.002
odysseus,head.yaw,46.5,-28,62.2,-83.1,83.1,0.0114,0.025
odysseus,head.yaw,46.583,-16.6,136.8,-83.1,83.1,0.0071,0.034
odysseus,head.yaw,46.667,-5.2,136.8,-83.1,83.1,0.0021,0.01
odysseus,head.yaw,46.75,0,62.2,-83.1,83.1,0.0004,0.001
odysseus,head.yaw,46.833,0,0,-83.1,83.1,0.0003,0
odysseus,head.yaw,48.583,-19,-228.4,-83.1,83.1,0.0088,0.071
odysseus,head.yaw,48.667,-35.5,-198,-83.1,83.1,0.0138,0.096
odysseus,head.yaw,48.75,-49.5,-167.5,-83.1,83.1,0.0181,0.106
odysseus,head.yaw,48.833,-60.9,-137.1,-83.1,83.1,0.0207,0.1
odysseus,head.yaw,48.917,-69.8,-106.6,-83.1,83.1,0.0222,0.084
odysseus,head.yaw,49,-76.1,-76.1,-83.1,83.1,0.023,0.062
odysseus,head.yaw,49.083,-79.9,-45.7,-83.1,83.1,0.0233,0.038
odysseus,head.yaw,49.167,-81.2,-15.2,-83.1,83.1,0.0234,0.014
odysseus,head.yaw,49.25,-80.2,12,-83.1,83.1,0.0233,0.011
odysseus,head.yaw,49.333,-78.4,22.3,-83.1,83.1,0.0231,0.019
odysseus,head.yaw,49.417,-77.3,12,-83.1,83.1,0.023,0.011
odysseus,head.yaw,49.5,-77.3,0,-83.1,83.1,0.023,0.001
odysseus,head.yaw,51.583,-78.3,-11.4,-83.1,83.1,0.0231,0.01
odysseus,head.yaw,51.667,-80.4,-25.1,-83.1,83.1,0.0233,0.022
odysseus,head.yaw,51.75,-83.1,-32.2,-83.1,83.1,0.0234,0.027
odysseus,head.yaw,51.833,-83.1,0,-83.1,83.1,0.0235,0.001
odysseus,head.yaw,53.25,-79.8,39.8,-83.1,83.1,0.0234,0.034
odysseus,head.yaw,53.333,-72.9,82,-83.1,83.1,0.0227,0.066
odysseus,head.yaw,53.417,-69.2,44.2,-83.1,83.1,0.0222,0.035
odysseus,head.yaw,53.5,-69.2,0,-83.1,83.1,0.0222,0.001
odysseus,head.yaw,54.667,-70.7,-17.6,-83.1,83.1,0.0223,0.015
odysseus,head.yaw,54.75,-73.9,-38.7,-83.1,83.1,0.0227,0.032
odysseus,head.yaw,54.833,-78.1,-49.6,-83.1,83.1,0.0231,0.041
odysseus,head.yaw,54.917,-80.3,-27,-83.1,83.1,0.0233,0.023
odysseus,head.yaw,55,-81,-8,-83.1,83.1,0.0233,0.008
odysseus,head.yaw,55.083,-81.5,-6.5,-83.1,83.1,0.0233,0.006
odysseus,head.yaw,55.167,-82,-5.1,-83.1,83.1,0.0233,0.005
odysseus,head.yaw,55.25,-82.3,-3.6,-83.1,83.1,0.0233,0.004
odysseus,head.yaw,55.333,-82.4,-2.2,-83.1,83.1,0.0233,0.003
odysseus,head.yaw,55.417,-82.5,-0.7,-83.1,83.1,0.0233,0.002
odysseus,head.yaw,55.5,-81.5,12,-83.1,83.1,0.0233,0.011
odysseus,head.yaw,55.583,-79.6,22.3,-83.1,83.1,0.0232,0.019
odysseus,head.yaw,55.667,-78.6,12,-83.1,83.1,0.0231,0.011
odysseus,head.yaw,55.75,-78.6,0,-83.1,83.1,0.0231,0.001
odysseus,head.yaw,57.333,-78.4,3,-83.1,83.1,0.0231,0.003
odysseus,head.yaw,57.417,-77.9,5.5,-83.1,83.1,0.023,0.006
odysseus,head.yaw,57.5,-77.7,3,-83.1,83.1,0.023,0.003
odysseus,head.yaw,57.583,-77.7,0,-83.1,83.1,0.023,0.001
odysseus,head.yaw,57.667,-78.7,-12.3,-83.1,83.1,0.0231,0.011
odysseus,head.yaw,57.75,-79.6,-10.4,-83.1,83.1,0.0232,0.009
odysseus,head.yaw,57.833,-80.3,-8.5,-83.1,83.1,0.0232,0.008
odysseus,head.yaw,57.917,-80.8,-6.6,-83.1,83.1,0.0233,0.006
odysseus,head.yaw,58,-81.2,-4.7,-83.1,83.1,0.0233,0.005
odysseus,head.yaw,58.083,-81.5,-2.8,-83.1,83.1,0.0233,0.003
odysseus,head.yaw,58.167,-81.5,-0.9,-83.1,83.1,0.0233,0.002
odysseus,head.yaw,58.25,-80.5,12,-83.1,83.1,0.0233,0.011
odysseus,head.yaw,58.333,-78.7,22.3,-83.1,83.1,0.0231,0.019
odysseus,head.yaw,58.417,-77.7,12,-83.1,83.1,0.0231,0.011
odysseus,head.yaw,58.5,-77.7,0,-83.1,83.1,0.0231,0.001
odysseus,head.yaw,60.583,-77.7,0,-83.1,83.1,0.023,0.001
odysseus,head.pitch,0,0,0,-12.6,12.6,0,0
odysseus,head.pitch,0.167,-0.1,-0.7,-12.6,12.6,0,0
odysseus,head.pitch,0.25,-0.2,-1.1,-12.6,12.6,0.0001,0
odysseus,head.pitch,0.333,-0.3,-1.4,-12.6,12.6,0.0001,0
odysseus,head.pitch,0.417,2.4,32.8,-12.6,12.6,0.0012,0.001
odysseus,head.pitch,0.5,0.2,-27.5,-12.6,12.6,0.0004,0
odysseus,head.pitch,0.583,2.1,24,-12.6,12.6,0.0011,0.001
odysseus,head.pitch,0.667,0.4,-20.9,-12.6,12.6,0.0004,0
odysseus,head.pitch,0.75,-9.2,-115.3,-12.6,12.6,0.0042,0.017
odysseus,head.pitch,0.833,-9.9,-8.5,-12.6,12.6,0.0046,0.001
odysseus,head.pitch,0.917,-9,10.7,-12.6,12.6,0.0038,0.001
odysseus,head.pitch,1,-9.2,-2.6,-12.6,12.6,0.0038,0
odysseus,head.pitch,1.083,-9.9,-7.3,-12.6,12.6,0.0041,0.001
odysseus,head.pitch,1.167,-10.2,-4.7,-12.6,12.6,0.0042,0.001
odysseus,head.pitch,1.25,-9.8,5.1,-12.6,12.6,0.0041,0.001
odysseus,head.pitch,1.333,-8.8,12.9,-12.6,12.6,0.0036,0.002
odysseus,head.pitch,1.417,-7.6,13.8,-12.6,12.6,0.0031,0.002
odysseus,head.pitch,1.5,-6.4,14.2,-12.6,12.6,0.0026,0.001
odysseus,head.pitch,1.583,-5.2,14.1,-12.6,12.6,0.0021,0.001
odysseus,head.pitch,1.667,-4.1,13.5,-12.6,12.6,0.0017,0.001
odysseus,head.pitch,1.75,-3.1,12.4,-12.6,12.6,0.0013,0.001
odysseus,head.pitch,1.833,-2.2,10.8,-12.6,12.6,0.0009,0
odysseus,head.pitch,1.917,-1.5,8.7,-12.6,12.6,0.0006,0
odysseus,head.pitch,2,-1,6,-12.6,12.6,0.0004,0
odysseus,head.pitch,2.083,-0.7,2.9,-12.6,12.6,0.0003,0
odysseus,head.pitch,2.167,-0.6,1.2,-12.6,12.6,0.0003,0
odysseus,head.pitch,2.25,-0.5,1.1,-12.6,12.6,0.0002,0
odysseus,head.pitch,2.333,-0.4,1.1,-12.6,12.6,0.0002,0
odysseus,head.pitch,2.417,-0.3,1.1,-12.6,12.6,0.0001,0
odysseus,head.pitch,2.5,-0.3,1,-12.6,12.6,0.0001,0
odysseus,head.pitch,2.583,-0.2,0.9,-12.6,12.6,0.0001,0
odysseus,head.pitch,2.667,-0.1,0.8,-12.6,12.6,0.0001,0
odysseus,head.pitch,2.75,-0.1,0.6,-12.6,12.6,0,0
odysseus,head.pitch,2.833,0,0.5,-12.6,12.6,0,0
odysseus,head.pitch,2.917,-1.2,-13.5,-12.6,12.6,0.0005,0
odysseus,head.pitch,3,-2.3,-13.6,-12.6,12.6,0.0009,0
odysseus,head.pitch,3.083,-0.7,19.4,-12.6,12.6,0.0004,0
odysseus,head.pitch,3.167,-0.4,3.3,-12.6,12.6,0.0002,0
odysseus,head.pitch,3.25,-1.5,-13.3,-12.6,12.6,0.0007,0
odysseus,head.pitch,3.333,-0.3,14.6,-12.6,12.6,0.0003,0
odysseus,head.pitch,3.417,-2.4,-24.8,-12.6,12.6,0.0012,0.001
odysseus,head.pitch,3.5,-3.1,-9.2,-12.6,12.6,0.0014,0
odysseus,head.pitch,3.583,-3.5,-4.3,-12.6,12.6,0.0015,0
odysseus,head.pitch,3.667,-3.4,0.5,-12.6,12.6,0.0014,0
odysseus,head.pitch,3.75,-3.2,3,-12.6,12.6,0.0013,0
odysseus,head.pitch,3.833,-2.9,3.2,-12.6,12.6,0.0012,0
odysseus,head.pitch,3.917,-2.6,3.4,-12.6,12.6,0.0011,0
odysseus,head.pitch,4,-2.4,3.4,-12.6,12.6,0.001,0
odysseus,head.pitch,4.083,-2.1,3.3,-12.6,12.6,0.0009,0
odysseus,head.pitch,4.167,-1.8,3.1,-12.6,12.6,0.0008,0
odysseus,head.pitch,4.25,-1.6,2.8,-12.6,12.6,0.0007,0
odysseus,head.pitch,4.333,-1.4,2.4,-12.6,12.6,0.0006,0
odysseus,head.pitch,4.417,-1.2,1.9,-12.6,12.6,0.0005,0
odysseus,head.pitch,4.5,-1.1,1.3,-12.6,12.6,0.0005,0
odysseus,head.pitch,4.583,-1.1,0.5,-12.6,12.6,0.0004,0
odysseus,head.pitch,4.667,-1.1,-0.3,-12.6,12.6,0.0005,0
odysseus,head.pitch,4.75,-6.3,-62.6,-12.6,12.6,0.0029,0.006
odysseus,head.pitch,4.833,-9.5,-37.8,-12.6,12.6,0.004,0.005
odysseus,head.pitch,4.917,-8,17.9,-12.6,12.6,0.0035,0.002
odysseus,head.pitch,5,-7,11.4,-12.6,12.6,0.0029,0.001
odysseus,head.pitch,5.083,-7.6,-6.6,-12.6,12.6,0.0032,0.001
odysseus,head.pitch,5.167,-8.7,-13.3,-12.6,12.6,0.0036,0.002
odysseus,head.pitch,5.25,-8.9,-2,-12.6,12.6,0.0037,0
odysseus,head.pitch,5.333,-8,10.2,-12.6,12.6,0.0033,0.001
odysseus,head.pitch,5.417,-7.1,11.3,-12.6,12.6,0.0029,0.001
odysseus,head.pitch,5.5,-6.1,12,-12.6,12.6,0.0025,0.001
odysseus,head.pitch,5.583,-5,12.2,-12.6,12.6,0.0021,0.001
odysseus,head.pitch,5.667,-4.1,11.9,-12.6,12.6,0.0017,0.001
odysseus,head.pitch,5.75,-3.1,11.1,-12.6,12.6,0.0013,0.001
odysseus,head.pitch,5.833,-2.3,9.8,-12.6,12.6,0.001,0
odysseus,head.pitch,5.917,-1.7,7.9,-12.6,12.6,0.0007,0
odysseus,head.pitch,6,-1.2,5.6,-12.6,12.6,0.0005,0
odysseus,head.pitch,6.083,-1,2.8,-12.6,12.6,0.0004,0
odysseus,head.pitch,6.167,-0.9,1.2,-12.6,12.6,0.0004,0
odysseus,head.pitch,6.25,-0.8,1.2,-12.6,12.6,0.0003,0
odysseus,head.pitch,6.333,-0.7,1.2,-12.6,12.6,0.0003,0
odysseus,head.pitch,6.417,2.3,35.6,-12.6,12.6,0.0011,0.001
odysseus,head.pitch,6.5,0.8,-17.9,-12.6,12.6,0.0006,0
odysseus,head.pitch,6.583,-0.1,-10.3,-12.6,12.6,0.0001,0
odysseus,head.pitch,6.667,-0.3,-2.8,-12.6,12.6,0.0002,0
odysseus,head.pitch,6.75,-0.2,0.9,-12.6,12.6,0.0001,0
odysseus,head.pitch,6.833,-0.1,0.8,-12.6,12.6,0.0001,0
odysseus,head.pitch,6.917,-0.1,0.7,-12.6,12.6,0,0
odysseus,head.pitch,7,0,0.5,-12.6,12.6,0,0
odysseus,head.pitch,7.083,0,0.3,-12.6,12.6,0,0
odysseus,head.pitch,7.667,-0.1,-0.5,-12.6,12.6,0.0001,0
odysseus,head.pitch,7.75,-0.2,-0.6,-12.6,12.6,0.0001,0
odysseus,head.pitch,7.833,-0.3,-0.6,-12.6,12.6,0.0001,0
odysseus,head.pitch,7.917,-0.3,-0.7,-12.6,12.6,0.0001,0
odysseus,head.pitch,8,-0.4,-0.7,-12.6,12.6,0.0002,0
odysseus,head.pitch,8.083,-0.4,-0.8,-12.6,12.6,0.0002,0
odysseus,head.pitch,8.167,-0.5,-0.8,-12.6,12.6,0.0002,0
odysseus,head.pitch,8.25,-0.6,-0.8,-12.6,12.6,0.0002,0
odysseus,head.pitch,8.333,-0.6,-0.9,-12.6,12.6,0.0003,0
odysseus,head.pitch,8.417,-0.7,-0.9,-12.6,12.6,0.0003,0
odysseus,head.pitch,8.5,-0.8,-0.9,-12.6,12.6,0.0003,0
odysseus,head.pitch,8.583,-0.9,-0.9,-12.6,12.6,0.0004,0
odysseus,head.pitch,8.667,-6.1,-62.7,-12.6,12.6,0.0028,0.006
odysseus,head.pitch,8.75,-9.2,-37.9,-12.6,12.6,0.0039,0.005
odysseus,head.pitch,8.833,-7.8,17.8,-12.6,12.6,0.0035,0.002
odysseus,head.pitch,8.917,-6.8,11,-12.6,12.6,0.0028,0.001
odysseus,head.pitch,9,-7.5,-7.4,-12.6,12.6,0.0032,0.001
odysseus,head.pitch,9.083,-8.7,-14.3,-12.6,12.6,0.0036,0.002
odysseus,head.pitch,9.167,-8.9,-3.3,-12.6,12.6,0.0037,0
odysseus,head.pitch,9.25,-8.2,8.8,-12.6,12.6,0.0034,0.001
odysseus,head.pitch,9.333,-7.4,9.9,-12.6,12.6,0.003,0.001
odysseus,head.pitch,9.417,-6.5,10.6,-12.6,12.6,0.0027,0.001
odysseus,head.pitch,9.5,-2.7,45.2,-12.6,12.6,0.0013,0.002
odysseus,head.pitch,9.583,-3.4,-8.3,-12.6,12.6,0.0017,0
odysseus,head.pitch,9.667,-3.5,-1.2,-12.6,12.6,0.0015,0
odysseus,head.pitch,9.75,-3.1,5.6,-12.6,12.6,0.0013,0
odysseus,head.pitch,9.833,-2.4,8.3,-12.6,12.6,0.001,0
odysseus,head.pitch,9.917,-1.8,6.7,-12.6,12.6,0.0007,0
odysseus,head.pitch,10,-1.4,4.7,-12.6,12.6,0.0006,0
odysseus,head.pitch,10.083,-1.2,2.2,-12.6,12.6,0.0005,0
odysseus,head.pitch,10.167,-1.1,0.9,-12.6,12.6,0.0005,0
odysseus,head.pitch,10.25,-1.1,1,-12.6,12.6,0.0004,0
odysseus,head.pitch,10.333,-1,1.1,-12.6,12.6,0.0004,0
odysseus,head.pitch,10.417,-0.9,1.2,-12.6,12.6,0.0004,0
odysseus,head.pitch,10.5,-0.8,1.2,-12.6,12.6,0.0003,0
odysseus,head.pitch,10.583,1.2,24.1,-12.6,12.6,0.0006,0.001
odysseus,head.pitch,10.667,2.5,15,-12.6,12.6,0.0011,0.001
odysseus,head.pitch,10.75,3,5.8,-12.6,12.6,0.0013,0
odysseus,head.pitch,10.833,0.7,-26.8,-12.6,12.6,0.0005,0
odysseus,head.pitch,10.917,-1.7,-29.1,-12.6,12.6,0.0007,0.001
odysseus,head.pitch,11,-2.8,-13.2,-12.6,12.6,0.0012,0.001
odysseus,head.pitch,11.083,-2.7,1.2,-12.6,12.6,0.0012,0
odysseus,head.pitch,11.167,-2.5,1.8,-12.6,12.6,0.001,0
odysseus,head.pitch,11.25,-2.3,2.2,-12.6,12.6,0.001,0
odysseus,head.pitch,11.333,-2.1,2.5,-12.6,12.6,0.0009,0
odysseus,head.pitch,11.417,-1.9,2.7,-12.6,12.6,0.0008,0
odysseus,head.pitch,11.5,-1.7,2.8,-12.6,12.6,0.0007,0
odysseus,head.pitch,11.583,-1.4,2.9,-12.6,12.6,0.0006,0
odysseus,head.pitch,11.667,-1.2,2.8,-12.6,12.6,0.0005,0
odysseus,head.pitch,11.75,-1,2.7,-12.6,12.6,0.0004,0
odysseus,head.pitch,11.833,-0.8,2.4,-12.6,12.6,0.0003,0
odysseus,head.pitch,11.917,-0.6,2,-12.6,12.6,0.0003,0
odysseus,head.pitch,12,-0.5,1.6,-12.6,12.6,0.0002,0
odysseus,head.pitch,12.083,-0.4,1,-12.6,12.6,0.0002,0
odysseus,head.pitch,12.167,-0.4,0.4,-12.6,12.6,0.0002,0
odysseus,head.pitch,12.333,-0.5,-0.8,-12.6,12.6,0.0002,0
odysseus,head.pitch,12.417,2.3,33.5,-12.6,12.6,0.0011,0.001
odysseus,head.pitch,12.5,0.7,-20,-12.6,12.6,0.0005,0
odysseus,head.pitch,12.583,-0.4,-12.3,-12.6,12.6,0.0002,0
odysseus,head.pitch,12.667,-0.8,-4.7,-12.6,12.6,0.0003,0
odysseus,head.pitch,12.75,-0.8,-0.9,-12.6,12.6,0.0004,0
odysseus,head.pitch,12.833,-0.9,-0.9,-12.6,12.6,0.0004,0
odysseus,head.pitch,12.917,-1,-0.9,-12.6,12.6,0.0004,0
odysseus,head.pitch,13,-1,-0.8,-12.6,12.6,0.0004,0
odysseus,head.pitch,13.083,-1.1,-0.8,-12.6,12.6,0.0005,0
odysseus,head.pitch,13.167,-1.2,-0.7,-12.6,12.6,0.0005,0
odysseus,head.pitch,13.25,0.7,22.2,-12.6,12.6,0.0004,0
odysseus,head.pitch,13.333,1.8,13.1,-12.6,12.6,0.0008,0
odysseus,head.pitch,13.417,2.1,4,-12.6,12.6,0.0009,0
odysseus,head.pitch,13.5,1.2,-11.2,-12.6,12.6,0.0006,0
odysseus,head.pitch,13.583,-0.5,-20.2,-12.6,12.6,0.0003,0
odysseus,head.pitch,13.667,-1.4,-11,-12.6,12.6,0.0006,0
odysseus,head.pitch,13.75,-1.4,-0.2,-12.6,12.6,0.0006,0
odysseus,head.pitch,14.167,-1.3,0.6,-12.6,12.6,0.0005,0
odysseus,head.pitch,14.25,-1.2,0.8,-12.6,12.6,0.0005,0
odysseus,head.pitch,14.333,-1.2,0.9,-12.6,12.6,0.0005,0
odysseus,head.pitch,14.417,-1.1,1,-12.6,12.6,0.0004,0
odysseus,head.pitch,14.5,-1,1.1,-12.6,12.6,0.0004,0
odysseus,head.pitch,14.583,1.7,32.1,-12.6,12.6,0.0008,0.001
odysseus,head.pitch,14.667,-4.3,-72.1,-12.6,12.6,0.0023,0.006
odysseus,head.pitch,14.75,-7.1,-33.1,-12.6,12.6,0.0031,0.004
odysseus,head.pitch,14.833,-8.1,-11.6,-12.6,12.6,0.0034,0.001
odysseus,head.pitch,14.917,-8.8,-9,-12.6,12.6,0.0036,0.001
odysseus,head.pitch,15,-5.9,35.2,-12.6,12.6,0.0026,0.003
odysseus,head.pitch,15.083,-6.7,-10.1,-12.6,12.6,0.003,0.001
odysseus,head.pitch,15.167,-6.8,-1.1,-12.6,12.6,0.0028,0
odysseus,head.pitch,15.25,-6.2,7.4,-12.6,12.6,0.0026,0.001
odysseus,head.pitch,15.333,-5.2,11.7,-12.6,12.6,0.0022,0.001
odysseus,head.pitch,15.417,-4.3,11.7,-12.6,12.6,0.0017,0.001
odysseus,head.pitch,15.5,-3.3,11.4,-12.6,12.6,0.0014,0.001
odysseus,head.pitch,15.583,-2.4,10.6,-12.6,12.6,0.001,0
odysseus,head.pitch,15.667,-1.6,9.4,-12.6,12.6,0.0007,0
odysseus,head.pitch,15.75,-1,7.9,-12.6,12.6,0.0004,0
odysseus,head.pitch,15.833,-0.5,6,-12.6,12.6,0.0002,0
odysseus,head.pitch,15.917,-0.2,3.7,-12.6,12.6,0.0001,0
odysseus,head.pitch,16,-0.1,1,-12.6,12.6,0,0
odysseus,head.pitch,16.083,-0.1,-0.5,-12.6,12.6,0.0001,0
odysseus,head.pitch,16.167,-0.2,-0.5,-12.6,12.6,0.0001,0
odysseus,head.pitch,16.25,-0.2,-0.6,-12.6,12.6,0.0001,0
odysseus,head.pitch,16.333,-0.3,-0.7,-12.6,12.6,0.0001,0
odysseus,head.pitch,16.417,-0.3,-0.7,-12.6,12.6,0.0001,0
odysseus,head.pitch,16.5,-0.4,-0.8,-12.6,12.6,0.0002,0
odysseus,head.pitch,16.583,-0.5,-0.8,-12.6,12.6,0.0002,0
odysseus,head.pitch,16.667,-0.5,-0.9,-12.6,12.6,0.0002,0
odysseus,head.pitch,16.75,-0.6,-0.9,-12.6,12.6,0.0002,0
odysseus,head.pitch,16.833,-0.7,-0.9,-12.6,12.6,0.0003,0
odysseus,head.pitch,16.917,-0.8,-0.9,-12.6,12.6,0.0003,0
odysseus,head.pitch,17,-0.8,-0.9,-12.6,12.6,0.0003,0
odysseus,head.pitch,17.083,-0.9,-0.9,-12.6,12.6,0.0004,0
odysseus,head.pitch,17.167,-1,-0.9,-12.6,12.6,0.0004,0
odysseus,head.pitch,17.25,-1,-0.8,-12.6,12.6,0.0004,0
odysseus,head.pitch,17.333,-1.1,-0.8,-12.6,12.6,0.0005,0
odysseus,head.pitch,17.417,-1.2,-0.7,-12.6,12.6,0.0005,0
odysseus,head.pitch,17.5,-1.2,-0.7,-12.6,12.6,0.0005,0
odysseus,head.pitch,17.583,-1.3,-0.6,-12.6,12.6,0.0005,0
odysseus,head.pitch,17.667,-1.3,-0.5,-12.6,12.6,0.0005,0
odysseus,head.pitch,17.75,-1.4,-0.5,-12.6,12.6,0.0006,0
odysseus,head.pitch,17.917,1.5,34.1,-12.6,12.6,0.0008,0.001
odysseus,head.pitch,18,0.4,-12.5,-12.6,12.6,0.0004,0
odysseus,head.pitch,18.083,-0.4,-9.7,-12.6,12.6,0.0002,0
odysseus,head.pitch,18.167,-1,-6.8,-12.6,12.6,0.0004,0
odysseus,head.pitch,18.25,-1.3,-3.8,-12.6,12.6,0.0005,0
odysseus,head.pitch,18.333,-1.4,-0.9,-12.6,12.6,0.0006,0
odysseus,head.pitch,18.417,-1.3,0.7,-12.6,12.6,0.0005,0
odysseus,head.pitch,18.5,-1.2,0.8,-12.6,12.6,0.0005,0
odysseus,head.pitch,18.583,-1.1,0.9,-12.6,12.6,0.0005,0
odysseus,head.pitch,18.667,-1.1,1,-12.6,12.6,0.0004,0
odysseus,head.pitch,18.75,-1,1.1,-12.6,12.6,0.0004,0
odysseus,head.pitch,18.833,-0.9,1.2,-12.6,12.6,0.0004,0
odysseus,head.pitch,18.917,-0.8,1.2,-12.6,12.6,0.0003,0
odysseus,head.pitch,19,-0.7,1.2,-12.6,12.6,0.0003,0
odysseus,head.pitch,19.083,-0.6,1.2,-12.6,12.6,0.0002,0
odysseus,head.pitch,19.167,-0.5,1.2,-12.6,12.6,0.0002,0
odysseus,head.pitch,19.25,-0.4,1.1,-12.6,12.6,0.0002,0
odysseus,head.pitch,19.333,-0.3,1,-12.6,12.6,0.0001,0
odysseus,head.pitch,19.417,-0.2,0.9,-12.6,12.6,0.0001,0
odysseus,head.pitch,19.5,-0.1,0.8,-12.6,12.6,0.0001,0
odysseus,head.pitch,19.583,-0.1,0.7,-12.6,12.6,0,0
odysseus,head.pitch,19.667,0,0.5,-12.6,12.6,0,0
odysseus,head.pitch,19.75,0,0.3,-12.6,12.6,0,0
odysseus,head.pitch,20.333,-0.1,-0.5,-12.6,12.6,0.0001,0
odysseus,head.pitch,20.417,-0.2,-0.6,-12.6,12.6,0.0001,0
odysseus,head.pitch,20.5,-0.3,-0.6,-12.6,12.6,0.0001,0
odysseus,head.pitch,20.583,-0.3,-0.7,-12.6,12.6,0.0001,0
odysseus,head.pitch,20.667,-0.4,-0.7,-12.6,12.6,0.0002,0
odysseus,head.pitch,20.75,-0.4,-0.8,-12.6,12.6,0.0002,0
odysseus,head.pitch,20.833,-0.5,-0.8,-12.6,12.6,0.0002,0
odysseus,head.pitch,20.917,-0.6,-0.8,-12.6,12.6,0.0002,0
odysseus,head.pitch,21,2.2,33.5,-12.6,12.6,0.0011,0.001
odysseus,head.pitch,21.083,1.4,-10,-12.6,12.6,0.0008,0
odysseus,head.pitch,21.167,0.7,-8.6,-12.6,12.6,0.0003,0
odysseus,head.pitch,21.25,0.1,-7.2,-12.6,12.6,0,0
odysseus,head.pitch,21.333,-0.4,-5.7,-12.6,12.6,0.0002,0
odysseus,head.pitch,21.417,-0.8,-4.3,-12.6,12.6,0.0003,0
odysseus,head.pitch,21.5,-1,-2.9,-12.6,12.6,0.0004,0
odysseus,head.pitch,21.583,-1.1,-1.4,-12.6,12.6,0.0005,0
odysseus,head.pitch,21.667,-1.2,-0.7,-12.6,12.6,0.0005,0
odysseus,head.pitch,21.75,-1.2,-0.6,-12.6,12.6,0.0005,0
odysseus,head.pitch,21.833,-1.3,-0.6,-12.6,12.6,0.0005,0
odysseus,head.pitch,21.917,-1.3,-0.5,-12.6,12.6,0.0005,0
odysseus,head.pitch,22,-1.4,-0.4,-12.6,12.6,0.0006,0
odysseus,head.pitch,22.583,-1.4,0.5,-12.6,12.6,0.0006,0
odysseus,head.pitch,22.667,-1.3,0.7,-12.6,12.6,0.0005,0
odysseus,head.pitch,22.75,-1.2,0.8,-12.6,12.6,0.0005,0
odysseus,head.pitch,22.833,-1.1,0.9,-12.6,12.6,0.0005,0
odysseus,head.pitch,22.917,-1.1,1,-12.6,12.6,0.0004,0
odysseus,head.pitch,23,-1,1.1,-12.6,12.6,0.0004,0
odysseus,head.pitch,23.083,-0.9,1.2,-12.6,12.6,0.0004,0
odysseus,head.pitch,23.167,-0.8,1.2,-12.6,12.6,0.0003,0
odysseus,head.pitch,23.25,-0.7,1.2,-12.6,12.6,0.0003,0
odysseus,head.pitch,23.333,-0.6,1.2,-12.6,12.6,0.0002,0
odysseus,head.pitch,23.417,-0.5,1.2,-12.6,12.6,0.0002,0
odysseus,head.pitch,23.5,-0.4,1.1,-12.6,12.6,0.0002,0
odysseus,head.pitch,23.583,-0.3,1,-12.6,12.6,0.0001,0
odysseus,head.pitch,23.667,-0.2,0.9,-12.6,12.6,0.0001,0
odysseus,head.pitch,23.75,-0.1,0.8,-12.6,12.6,0.0001,0
odysseus,head.pitch,23.833,2.8,35.1,-12.6,12.6,0.0013,0.002
odysseus,head.pitch,23.917,2.1,-8.6,-12.6,12.6,0.0011,0
odysseus,head.pitch,24,1.5,-7.4,-12.6,12.6,0.0006,0
odysseus,head.pitch,24.083,0.9,-6.2,-12.6,12.6,0.0004,0
odysseus,head.pitch,24.167,0.5,-5,-12.6,12.6,0.0002,0
odysseus,head.pitch,24.25,0.2,-3.7,-12.6,12.6,0.0001,0
odysseus,head.pitch,24.333,0,-2.4,-12.6,12.6,0,0
odysseus,head.pitch,24.417,-0.1,-1.1,-12.6,12.6,0,0
odysseus,head.pitch,24.5,-0.1,-0.5,-12.6,12.6,0,0
odysseus,head.pitch,24.583,-0.2,-0.5,-12.6,12.6,0.0001,0
odysseus,head.pitch,24.667,-0.2,-0.6,-12.6,12.6,0.0001,0
odysseus,head.pitch,24.75,-0.3,-0.7,-12.6,12.6,0.0001,0
odysseus,head.pitch,24.833,-0.3,-0.7,-12.6,12.6,0.0001,0
odysseus,head.pitch,24.917,-0.4,-0.8,-12.6,12.6,0.0002,0
odysseus,head.pitch,25,-0.5,-0.8,-12.6,12.6,0.0002,0
odysseus,head.pitch,25.083,-0.5,-0.9,-12.6,12.6,0.0002,0
odysseus,head.pitch,25.167,-0.6,-0.9,-12.6,12.6,0.0002,0
odysseus,head.pitch,25.25,-0.7,-0.9,-12.6,12.6,0.0003,0
odysseus,head.pitch,25.333,-0.8,-0.9,-12.6,12.6,0.0003,0
odysseus,head.pitch,25.417,-0.8,-0.9,-12.6,12.6,0.0003,0
odysseus,head.pitch,25.5,-0.9,-0.9,-12.6,12.6,0.0004,0
odysseus,head.pitch,25.583,-1,-0.9,-12.6,12.6,0.0004,0
odysseus,head.pitch,25.667,-1,-0.8,-12.6,12.6,0.0004,0
odysseus,head.pitch,25.75,-1.1,-0.8,-12.6,12.6,0.0005,0
odysseus,head.pitch,25.833,-1.2,-0.7,-12.6,12.6,0.0005,0
odysseus,head.pitch,25.917,-1.2,-0.7,-12.6,12.6,0.0005,0
odysseus,head.pitch,26,-1.3,-0.6,-12.6,12.6,0.0005,0
odysseus,head.pitch,26.083,-1.3,-0.5,-12.6,12.6,0.0005,0
odysseus,head.pitch,26.167,-1.4,-0.5,-12.6,12.6,0.0006,0
odysseus,head.pitch,26.75,1.5,34.9,-12.6,12.6,0.0008,0.001
odysseus,head.pitch,26.833,0.9,-7.4,-12.6,12.6,0.0006,0
odysseus,head.pitch,26.917,0.4,-6.2,-12.6,12.6,0.0002,0
odysseus,head.pitch,27,0,-5,-12.6,12.6,0,0
odysseus,head.pitch,27.083,-0.3,-3.8,-12.6,12.6,0.0001,0
odysseus,head.pitch,27.167,-0.6,-2.6,-12.6,12.6,0.0002,0
odysseus,head.pitch,27.25,-0.7,-1.5,-12.6,12.6,0.0003,0
odysseus,head.pitch,27.333,-0.7,-0.4,-12.6,12.6,0.0003,0
odysseus,head.pitch,27.417,-0.7,0.7,-12.6,12.6,0.0003,0
odysseus,head.pitch,27.5,-0.6,1.2,-12.6,12.6,0.0002,0
odysseus,head.pitch,27.583,-0.5,1.2,-12.6,12.6,0.0002,0
odysseus,head.pitch,27.667,-0.4,1.1,-12.6,12.6,0.0002,0
odysseus,head.pitch,27.75,-0.3,1,-12.6,12.6,0.0001,0
odysseus,head.pitch,27.833,-0.2,0.9,-12.6,12.6,0.0001,0
odysseus,head.pitch,27.917,-0.1,0.8,-12.6,12.6,0.0001,0
odysseus,head.pitch,28,-0.1,0.7,-12.6,12.6,0,0
odysseus,head.pitch,28.083,0,0.5,-12.6,12.6,0,0
odysseus,head.pitch,28.167,0,0.3,-12.6,12.6,0,0
odysseus,head.pitch,28.75,-0.1,-0.5,-12.6,12.6,0.0001,0
odysseus,head.pitch,28.833,-0.2,-0.6,-12.6,12.6,0.0001,0
odysseus,head.pitch,28.917,-0.3,-0.6,-12.6,12.6,0.0001,0
odysseus,head.pitch,29,-0.3,-0.7,-12.6,12.6,0.0001,0
odysseus,head.pitch,29.083,-0.4,-0.7,-12.6,12.6,0.0002,0
odysseus,head.pitch,29.167,-0.4,-0.8,-12.6,12.6,0.0002,0
odysseus,head.pitch,29.25,-0.5,-0.8,-12.6,12.6,0.0002,0
odysseus,head.pitch,29.333,-0.6,-0.8,-12.6,12.6,0.0002,0
odysseus,head.pitch,29.417,-0.6,-0.9,-12.6,12.6,0.0003,0
odysseus,head.pitch,29.5,-0.7,-0.9,-12.6,12.6,0.0003,0
odysseus,head.pitch,29.583,-0.8,-0.9,-12.6,12.6,0.0003,0
odysseus,head.pitch,29.667,-0.9,-0.9,-12.6,12.6,0.0004,0
odysseus,head.pitch,29.75,-0.9,-0.8,-12.6,12.6,0.0004,0
odysseus,head.pitch,29.833,-1,-0.8,-12.6,12.6,0.0004,0
odysseus,head.pitch,29.917,1.8,33.6,-12.6,12.6,0.0009,0.001
odysseus,head.pitch,30,0.2,-19.8,-12.6,12.6,0.0003,0
odysseus,head.pitch,30.083,-0.9,-12.2,-12.6,12.6,0.0004,0
odysseus,head.pitch,30.167,-1.2,-4.5,-12.6,12.6,0.0005,0
odysseus,head.pitch,30.25,-1.3,-0.6,-12.6,12.6,0.0005,0
odysseus,head.pitch,30.333,-1.3,-0.5,-12.6,12.6,0.0005,0
odysseus,head.pitch,30.417,-1.4,-0.4,-12.6,12.6,0.0006,0
odysseus,head.pitch,31,-1.4,0.5,-12.6,12.6,0.0006,0
odysseus,head.pitch,31.083,-1.3,0.7,-12.6,12.6,0.0005,0
odysseus,head.pitch,31.167,-1.2,0.8,-12.6,12.6,0.0005,0
odysseus,head.pitch,31.25,-1.1,0.9,-12.6,12.6,0.0005,0
odysseus,head.pitch,31.333,-1.1,1,-12.6,12.6,0.0004,0
odysseus,head.pitch,31.417,-1,1.1,-12.6,12.6,0.0004,0
odysseus,head.pitch,31.5,-0.9,1.2,-12.6,12.6,0.0004,0
odysseus,head.pitch,31.583,-0.8,1.2,-12.6,12.6,0.0003,0
odysseus,head.pitch,31.667,-0.7,1.2,-12.6,12.6,0.0003,0
odysseus,head.pitch,31.75,-0.6,1.2,-12.6,12.6,0.0002,0
odysseus,head.pitch,31.833,-0.5,1.2,-12.6,12.6,0.0002,0
odysseus,head.pitch,31.917,-0.4,1.1,-12.6,12.6,0.0002,0
odysseus,head.pitch,32,-0.3,1,-12.6,12.6,0.0001,0
odysseus,head.pitch,32.083,-0.2,0.9,-12.6,12.6,0.0001,0
odysseus,head.pitch,32.167,-0.1,0.8,-12.6,12.6,0.0001,0
odysseus,head.pitch,32.25,-0.1,0.7,-12.6,12.6,0,0
odysseus,head.pitch,32.333,0,0.5,-12.6,12.6,0,0
odysseus,head.pitch,32.417,2.9,34.7,-12.6,12.6,0.0013,0.002
odysseus,head.pitch,32.5,1.6,-14.9,-12.6,12.6,0.0009,0
odysseus,head.pitch,32.583,0.7,-10.8,-12.6,12.6,0.0003,0
odysseus,head.pitch,32.667,0.2,-6.6,-12.6,12.6,0.0001,0
odysseus,head.pitch,32.75,0,-2.4,-12.6,12.6,0,0
odysseus,head.pitch,32.833,-0.1,-0.4,-12.6,12.6,0,0
odysseus,head.pitch,33,-0.2,-0.5,-12.6,12.6,0.0001,0
odysseus,head.pitch,33.083,-0.2,-0.6,-12.6,12.6,0.0001,0
odysseus,head.pitch,33.167,-0.3,-0.7,-12.6,12.6,0.0001,0
odysseus,head.pitch,33.25,-0.3,-0.7,-12.6,12.6,0.0001,0
odysseus,head.pitch,33.333,-0.4,-0.8,-12.6,12.6,0.0002,0
odysseus,head.pitch,33.417,-0.5,-0.8,-12.6,12.6,0.0002,0
odysseus,head.pitch,33.5,-0.5,-0.9,-12.6,12.6,0.0002,0
odysseus,head.pitch,33.583,-0.6,-0.9,-12.6,12.6,0.0002,0
odysseus,head.pitch,33.667,-0.7,-0.9,-12.6,12.6,0.0003,0
odysseus,head.pitch,33.75,-0.8,-0.9,-12.6,12.6,0.0003,0
odysseus,head.pitch,33.833,-0.8,-0.9,-12.6,12.6,0.0003,0
odysseus,head.pitch,33.917,-0.9,-0.9,-12.6,12.6,0.0004,0
odysseus,head.pitch,34,-1,-0.9,-12.6,12.6,0.0004,0
odysseus,head.pitch,34.083,-1,-0.8,-12.6,12.6,0.0004,0
odysseus,head.pitch,34.167,-1.1,-0.8,-12.6,12.6,0.0005,0
odysseus,head.pitch,34.25,-1.2,-0.7,-12.6,12.6,0.0005,0
odysseus,head.pitch,34.333,-1.2,-0.7,-12.6,12.6,0.0005,0
odysseus,head.pitch,34.417,-1.3,-0.6,-12.6,12.6,0.0005,0
odysseus,head.pitch,34.5,-1.3,-0.5,-12.6,12.6,0.0005,0
odysseus,head.pitch,34.583,-1.4,-0.5,-12.6,12.6,0.0006,0
odysseus,head.pitch,35.083,1.5,34.7,-12.6,12.6,0.0008,0.001
odysseus,head.pitch,35.167,0.3,-14.6,-12.6,12.6,0.0004,0
odysseus,head.pitch,35.25,-0.6,-10.1,-12.6,12.6,0.0003,0
odysseus,head.pitch,35.333,-1.1,-5.7,-12.6,12.6,0.0005,0
odysseus,head.pitch,35.417,-1.2,-1.3,-12.6,12.6,0.0005,0
odysseus,head.pitch,35.5,-1.1,1,-12.6,12.6,0.0005,0
odysseus,head.pitch,35.583,-1,1.1,-12.6,12.6,0.0004,0
odysseus,head.pitch,35.667,-0.9,1.1,-12.6,12.6,0.0004,0
odysseus,head.pitch,35.75,-0.8,1.1,-12.6,12.6,0.0003,0
odysseus,head.pitch,35.833,-0.7,1.2,-12.6,12.6,0.0003,0
odysseus,head.pitch,35.917,-0.6,1.2,-12.6,12.6,0.0003,0
odysseus,head.pitch,36,-0.5,1.1,-12.6,12.6,0.0002,0
odysseus,head.pitch,36.083,-0.4,1.1,-12.6,12.6,0.0002,0
odysseus,head.pitch,36.167,-0.3,1.1,-12.6,12.6,0.0001,0
odysseus,head.pitch,36.25,-0.3,1,-12.6,12.6,0.0001,0
odysseus,head.pitch,36.333,-0.2,0.9,-12.6,12.6,0.0001,0
odysseus,head.pitch,36.417,-0.1,0.8,-12.6,12.6,0.0001,0
odysseus,head.pitch,36.5,-0.1,0.6,-12.6,12.6,0,0
odysseus,head.pitch,36.583,0,0.5,-12.6,12.6,0,0
odysseus,head.pitch,37.25,-0.2,-0.5,-12.6,12.6,0.0001,0
odysseus,head.pitch,37.333,-0.2,-0.6,-12.6,12.6,0.0001,0
odysseus,head.pitch,37.417,-0.3,-0.7,-12.6,12.6,0.0001,0
odysseus,head.pitch,37.5,-0.3,-0.7,-12.6,12.6,0.0001,0
odysseus,head.pitch,37.583,-0.4,-0.8,-12.6,12.6,0.0002,0
odysseus,head.pitch,37.667,-0.5,-0.8,-12.6,12.6,0.0002,0
odysseus,head.pitch,37.75,-0.5,-0.9,-12.6,12.6,0.0002,0
odysseus,head.pitch,37.833,-0.6,-0.9,-12.6,12.6,0.0002,0
odysseus,head.pitch,37.917,2.2,33.5,-12.6,12.6,0.0011,0.001
odysseus,head.pitch,38,0.9,-15.9,-12.6,12.6,0.0006,0
odysseus,head.pitch,38.083,-0.1,-11.6,-12.6,12.6,0.0001,0
odysseus,head.pitch,38.167,-0.7,-7.3,-12.6,12.6,0.0003,0
odysseus,head.pitch,38.25,-1,-3,-12.6,12.6,0.0004,0
odysseus,head.pitch,38.333,-1,-0.8,-12.6,12.6,0.0004,0
odysseus,head.pitch,38.417,-1.1,-0.8,-12.6,12.6,0.0005,0
odysseus,head.pitch,38.5,-1.2,-0.7,-12.6,12.6,0.0005,0
odysseus,head.pitch,38.583,-1.2,-0.7,-12.6,12.6,0.0005,0
odysseus,head.pitch,38.667,-1.3,-0.6,-12.6,12.6,0.0005,0
odysseus,head.pitch,38.75,-1.3,-0.5,-12.6,12.6,0.0005,0
odysseus,head.pitch,38.833,-1.4,-0.5,-12.6,12.6,0.0006,0
odysseus,head.pitch,39.333,-1.4,0.6,-12.6,12.6,0.0006,0
odysseus,head.pitch,39.417,-1.3,0.6,-12.6,12.6,0.0005,0
odysseus,head.pitch,39.5,-1.3,0.3,-12.6,12.6,0.0005,0
odysseus,head.pitch,39.583,-1.1,2.5,-12.6,12.6,0.0005,0
odysseus,head.pitch,39.667,-0.6,6.3,-12.6,12.6,0.0003,0
odysseus,head.pitch,39.75,0.1,8.4,-12.6,12.6,0.0001,0
odysseus,head.pitch,39.833,0.9,8.9,-12.6,12.6,0.0004,0
odysseus,head.pitch,39.917,1.5,7.6,-12.6,12.6,0.0006,0
odysseus,head.pitch,40,1.9,4.6,-12.6,12.6,0.0008,0
odysseus,head.pitch,40.083,2,1.3,-12.6,12.6,0.0008,0
odysseus,head.pitch,40.167,1.7,-3.9,-12.6,12.6,0.0007,0
odysseus,head.pitch,40.25,0.9,-9.4,-12.6,12.6,0.0004,0
odysseus,head.pitch,40.333,0,-11.2,-12.6,12.6,0,0
odysseus,head.pitch,40.417,-0.8,-9.4,-12.6,12.6,0.0003,0
odysseus,head.pitch,40.5,-1.1,-3.9,-12.6,12.6,0.0005,0
odysseus,head.pitch,40.583,-0.8,3.9,-12.6,12.6,0.0004,0
odysseus,head.pitch,40.667,0,9.4,-12.6,12.6,0,0
odysseus,head.pitch,40.75,0.9,11.2,-12.6,12.6,0.0004,0
odysseus,head.pitch,40.833,1.7,9.4,-12.6,12.6,0.0007,0
odysseus,head.pitch,40.917,2,3.9,-12.6,12.6,0.0009,0
odysseus,head.pitch,41,1.7,-3.9,-12.6,12.6,0.0007,0
odysseus,head.pitch,41.083,0.9,-9.4,-12.6,12.6,0.0004,0
odysseus,head.pitch,41.167,0,-11.2,-12.6,12.6,0,0
odysseus,head.pitch,41.25,-0.8,-9.4,-12.6,12.6,0.0003,0
odysseus,head.pitch,41.333,-1.1,-3.9,-12.6,12.6,0.0005,0
odysseus,head.pitch,41.417,-0.7,5.9,-12.6,12.6,0.0003,0
odysseus,head.pitch,41.5,0.4,13,-12.6,12.6,0.0002,0
odysseus,head.pitch,41.583,1.5,13,-12.6,12.6,0.0006,0
odysseus,head.pitch,41.667,2,5.9,-12.6,12.6,0.0009,0
odysseus,head.pitch,41.75,1.7,-3.9,-12.6,12.6,0.0007,0
odysseus,head.pitch,41.833,0.9,-9.4,-12.6,12.6,0.0004,0
odysseus,head.pitch,41.917,0,-11.2,-12.6,12.6,0,0
odysseus,head.pitch,42,-0.8,-9.4,-12.6,12.6,0.0003,0
odysseus,head.pitch,42.083,-1.1,-3.9,-12.6,12.6,0.0005,0
odysseus,head.pitch,42.167,-1.1,0.4,-12.6,12.6,0.0005,0
odysseus,head.pitch,42.25,-1,1,-12.6,12.6,0.0004,0
odysseus,head.pitch,42.333,-0.9,1.5,-12.6,12.6,0.0004,0
odysseus,head.pitch,42.417,-0.7,1.9,-12.6,12.6,0.0003,0
odysseus,head.pitch,42.5,-0.6,2,-12.6,12.6,0.0002,0
odysseus,head.pitch,42.583,2.5,36.4,-12.6,12.6,0.0012,0.002
odysseus,head.pitch,42.667,6.4,47,-12.6,12.6,0.0027,0.004
odysseus,head.pitch,42.75,9.2,33.8,-12.6,12.6,0.0038,0.005
odysseus,head.pitch,42.833,10.9,20.4,-12.6,12.6,0.0045,0.003
odysseus,head.pitch,42.917,11.5,6.8,-12.6,12.6,0.0047,0.001
odysseus,head.pitch,43,11.5,0,-12.6,12.6,0.0047,0
odysseus,head.pitch,43.333,2.9,-103.1,-12.6,12.6,0.0017,0.006
odysseus,head.pitch,43.417,6,37.1,-12.6,12.6,0.0031,0.004
odysseus,head.pitch,43.5,8.4,28.9,-12.6,12.6,0.0035,0.004
odysseus,head.pitch,43.583,10.1,20.6,-12.6,12.6,0.0042,0.003
odysseus,head.pitch,43.667,11.1,12.4,-12.6,12.6,0.0046,0.002
odysseus,head.pitch,43.75,11.5,4.1,-12.6,12.6,0.0047,0.001
odysseus,head.pitch,43.833,11.5,0,-12.6,12.6,0.0047,0
odysseus,head.pitch,46.167,2.9,-103.1,-12.6,12.6,0.0017,0.006
odysseus,head.pitch,46.25,6,37.1,-12.6,12.6,0.0031,0.004
odysseus,head.pitch,46.333,8.4,28.9,-12.6,12.6,0.0035,0.004
odysseus,head.pitch,46.417,10.1,20.6,-12.6,12.6,0.0042,0.003
odysseus,head.pitch,46.5,11.4,16.1,-12.6,12.6,0.0047,0.003
odysseus,head.pitch,46.583,12.5,12.4,-12.6,12.6,0.0051,0.002
odysseus,head.pitch,46.667,12.6,1.7,-12.6,12.6,0.0052,0
odysseus,head.pitch,46.75,12.6,0,-12.6,12.6,0.0051,0
odysseus,head.pitch,46.833,11.9,-8.6,-12.6,12.6,0.0049,0.002
odysseus,head.pitch,46.917,10.3,-18.9,-12.6,12.6,0.0043,0.003
odysseus,head.pitch,47,11.1,9.8,-12.6,12.6,0.0047,0.002
odysseus,head.pitch,47.083,12.6,17.7,-12.6,12.6,0.0052,0.003
odysseus,head.pitch,47.167,12.6,0,-12.6,12.6,0.0052,0
odysseus,head.pitch,47.25,11.9,-8.6,-12.6,12.6,0.0049,0.002
odysseus,head.pitch,47.333,10.3,-18.9,-12.6,12.6,0.0043,0.003
odysseus,head.pitch,47.417,11.9,18.9,-12.6,12.6,0.005,0.003
odysseus,head.pitch,47.5,12.6,8.6,-12.6,12.6,0.0052,0.002
odysseus,head.pitch,47.583,12.6,0,-12.6,12.6,0.0052,0
odysseus,head.pitch,47.667,11.2,-17.1,-12.6,12.6,0.0046,0.003
odysseus,head.pitch,47.75,10.4,-9.6,-12.6,12.6,0.0043,0.001
odysseus,head.pitch,47.833,10.5,1,-12.6,12.6,0.0043,0
odysseus,head.pitch,47.917,10.7,2.4,-12.6,12.6,0.0044,0
odysseus,head.pitch,48,10.9,3.1,-12.6,12.6,0.0045,0.001
odysseus,head.pitch,48.083,11.2,3.1,-12.6,12.6,0.0046,0.001
odysseus,head.pitch,48.167,11.4,2.4,-12.6,12.6,0.0046,0
odysseus,head.pitch,48.25,11.5,1,-12.6,12.6,0.0047,0
odysseus,head.pitch,48.333,11.5,0,-12.6,12.6,0.0047,0
odysseus,head.pitch,48.583,2.9,-103.1,-12.6,12.6,0.0017,0.006
odysseus,head.pitch,48.667,5.1,27.4,-12.6,12.6,0.0028,0.003
odysseus,head.pitch,48.75,7.1,23.2,-12.6,12.6,0.0029,0.002
odysseus,head.pitch,48.833,8.7,18.9,-12.6,12.6,0.0036,0.002
odysseus,head.pitch,48.917,9.9,14.7,-12.6,12.6,0.0041,0.002
odysseus,head.pitch,49,10.8,10.5,-12.6,12.6,0.0044,0.002
odysseus,head.pitch,49.083,11.3,6.3,-12.6,12.6,0.0046,0.001
odysseus,head.pitch,49.167,11.5,2.1,-12.6,12.6,0.0047,0
odysseus,head.pitch,49.25,11.5,0,-12.6,12.6,0.0047,0
odysseus,head.pitch,51.75,2.9,-103.1,-12.6,12.6,0.0017,0.006
odysseus,head.pitch,51.833,5.5,31.5,-12.6,12.6,0.0029,0.003
odysseus,head.pitch,51.917,7.6,25.8,-12.6,12.6,0.0032,0.003
odysseus,head.pitch,52,9.3,20.1,-12.6,12.6,0.0038,0.003
odysseus,head.pitch,52.083,10.5,14.3,-12.6,12.6,0.0043,0.002
odysseus,head.pitch,52.167,11.2,8.6,-12.6,12.6,0.0046,0.001
odysseus,head.pitch,52.25,11.5,2.9,-12.6,12.6,0.0047,0.001
odysseus,head.pitch,52.333,11.5,0,-12.6,12.6,0.0047,0
odysseus,head.pitch,54.833,2.9,-103.1,-12.6,12.6,0.0017,0.006
odysseus,head.pitch,54.917,5.1,27.4,-12.6,12.6,0.0028,0.003
odysseus,head.pitch,55,7.1,23.2,-12.6,12.6,0.0029,0.002
odysseus,head.pitch,55.083,8.7,18.9,-12.6,12.6,0.0036,0.002
odysseus,head.pitch,55.167,9.9,14.7,-12.6,12.6,0.0041,0.002
odysseus,head.pitch,55.25,10.8,10.5,-12.6,12.6,0.0044,0.002
odysseus,head.pitch,55.333,11.3,6.3,-12.6,12.6,0.0046,0.001
odysseus,head.pitch,55.417,11.5,2.1,-12.6,12.6,0.0047,0
odysseus,head.pitch,55.5,11.5,0,-12.6,12.6,0.0047,0
odysseus,head.pitch,57.667,2.9,-103.1,-12.6,12.6,0.0017,0.006
odysseus,head.pitch,57.75,5.5,31.5,-12.6,12.6,0.0029,0.003
odysseus,head.pitch,57.833,7.6,25.8,-12.6,12.6,0.0032,0.003
odysseus,head.pitch,57.917,9.3,20.1,-12.6,12.6,0.0038,0.003
odysseus,head.pitch,58,10.5,14.3,-12.6,12.6,0.0043,0.002
odysseus,head.pitch,58.083,11.8,15.7,-12.6,12.6,0.0048,0.003
odysseus,head.pitch,58.167,12.6,9.5,-12.6,12.6,0.0052,0.002
odysseus,head.pitch,58.25,12.6,0,-12.6,12.6,0.0052,0
odysseus,head.pitch,59,12.2,-5.1,-12.6,12.6,0.005,0.001
odysseus,head.pitch,59.083,11.7,-6.3,-12.6,12.6,0.0048,0.001
odysseus,head.pitch,59.167,11.5,-2.4,-12.6,12.6,0.0047,0
odysseus,head.pitch,59.25,11.5,0,-12.6,12.6,0.0047,0
odysseus,head.pitch,60.583,11.5,0,-12.6,12.6,0.0047,0
odysseus,arm.R.pitch,0,-103.1,0,-183.3,60.2,0.0287,0.002
odysseus,arm.R.pitch,0.333,-101.3,21.5,-183.3,60.2,0.0291,0.024
odysseus,arm.R.pitch,0.417,-97.1,51.2,-183.3,60.2,0.0296,0.055
odysseus,arm.R.pitch,0.5,-92,61.1,-183.3,60.2,0.0295,0.065
odysseus,arm.R.pitch,0.583,-87.7,51.2,-183.3,60.2,0.0295,0.054
odysseus,arm.R.pitch,0.667,-85.9,21.5,-183.3,60.2,0.0297,0.024
odysseus,arm.R.pitch,0.75,-91.7,-69.6,-183.3,60.2,0.0306,0.076
odysseus,arm.R.pitch,0.833,-93.7,-23.2,-183.3,60.2,0.03,0.026
odysseus,arm.R.pitch,0.917,-183.3,-1076,-183.3,60.2,0.0149,0.562
odysseus,arm.R.pitch,1,-183.3,0,-183.3,60.2,0.0152,0
odysseus,arm.R.pitch,1.833,-173.7,115.5,-183.3,60.2,0.0047,0.019
odysseus,arm.R.pitch,1.917,-139.7,407.8,-183.3,60.2,0.0227,0.324
odysseus,arm.R.pitch,2,-113.6,313.7,-183.3,60.2,0.0282,0.31
odysseus,arm.R.pitch,2.083,-103.1,125.5,-183.3,60.2,0.031,0.138
odysseus,arm.R.pitch,2.167,-103.1,0,-183.3,60.2,0.0302,0.002
odysseus,arm.R.pitch,2.917,-99.3,46.4,-183.3,60.2,0.0296,0.05
odysseus,arm.R.pitch,3,-95.4,46.4,-183.3,60.2,0.0293,0.049
odysseus,arm.R.pitch,3.083,-94.8,7.7,-183.3,60.2,0.0298,0.01
odysseus,arm.R.pitch,3.167,-94.5,2.6,-183.3,60.2,0.0294,0.004
odysseus,arm.R.pitch,3.25,-167.8,-879.2,-183.3,60.2,0.0173,0.531
odysseus,arm.R.pitch,3.333,-183.3,-186.5,-183.3,60.2,0.0104,0.068
odysseus,arm.R.pitch,3.417,-183.3,0,-183.3,60.2,0.0041,0
odysseus,arm.R.pitch,3.75,-182.6,8.6,-183.3,60.2,0.0015,0
odysseus,arm.R.pitch,3.833,-180.5,25.8,-183.3,60.2,0.0005,0
odysseus,arm.R.pitch,3.917,-178.3,25.8,-183.3,60.2,0.0009,0.001
odysseus,arm.R.pitch,4,-176.2,25.8,-183.3,60.2,0.002,0.002
odysseus,arm.R.pitch,4.083,-174,25.8,-183.3,60.2,0.0031,0.003
odysseus,arm.R.pitch,4.167,-171.9,25.8,-183.3,60.2,0.0042,0.004
odysseus,arm.R.pitch,4.25,-166.8,61.1,-183.3,60.2,0.0072,0.015
odysseus,arm.R.pitch,4.333,-154.1,152.8,-183.3,60.2,0.014,0.075
odysseus,arm.R.pitch,4.417,-137.5,198.6,-183.3,60.2,0.0205,0.143
odysseus,arm.R.pitch,4.5,-121,198.6,-183.3,60.2,0.0252,0.176
odysseus,arm.R.pitch,4.583,-108.2,152.8,-183.3,60.2,0.0285,0.154
odysseus,arm.R.pitch,4.667,-103.1,61.1,-183.3,60.2,0.0298,0.065
odysseus,arm.R.pitch,4.75,-97.3,69.6,-183.3,60.2,0.0293,0.073
odysseus,arm.R.pitch,4.833,-95.4,23.2,-183.3,60.2,0.0299,0.026
odysseus,arm.R.pitch,4.917,-162,-798.6,-183.3,60.2,0.0194,0.543
odysseus,arm.R.pitch,5,-183.3,-256.8,-183.3,60.2,0.0085,0.077
odysseus,arm.R.pitch,5.083,-183.3,0,-183.3,60.2,0.0049,0
odysseus,arm.R.pitch,5.833,-160.9,269.5,-183.3,60.2,0.013,0.123
odysseus,arm.R.pitch,5.917,-133.1,333.7,-183.3,60.2,0.0223,0.261
odysseus,arm.R.pitch,6,-111.7,256.7,-183.3,60.2,0.0283,0.255
odysseus,arm.R.pitch,6.083,-103.1,102.7,-183.3,60.2,0.0306,0.112
odysseus,arm.R.pitch,6.167,-103.1,0,-183.3,60.2,0.03,0.002
odysseus,arm.R.pitch,8.667,-97.3,69.6,-183.3,60.2,0.0301,0.075
odysseus,arm.R.pitch,8.75,-95.4,23.2,-183.3,60.2,0.0299,0.026
odysseus,arm.R.pitch,8.833,-162,-798.6,-183.3,60.2,0.0194,0.543
odysseus,arm.R.pitch,8.917,-183.3,-256.8,-183.3,60.2,0.0085,0.077
odysseus,arm.R.pitch,9,-183.3,0,-183.3,60.2,0.0049,0
odysseus,arm.R.pitch,9.833,-160.9,269.5,-183.3,60.2,0.013,0.123
odysseus,arm.R.pitch,9.917,-133.1,333.7,-183.3,60.2,0.0223,0.261
odysseus,arm.R.pitch,10,-111.7,256.7,-183.3,60.2,0.0283,0.255
odysseus,arm.R.pitch,10.083,-103.1,102.7,-183.3,60.2,0.0306,0.112
odysseus,arm.R.pitch,10.167,-103.1,0,-183.3,60.2,0.03,0.002
odysseus,arm.R.pitch,10.833,-97.3,69.6,-183.3,60.2,0.0301,0.075
odysseus,arm.R.pitch,10.917,-95.4,23.2,-183.3,60.2,0.0299,0.026
odysseus,arm.R.pitch,11,-120.2,-297.8,-183.3,60.2,0.0295,0.308
odysseus,arm.R.pitch,11.083,-137.9,-212.7,-183.3,60.2,0.0208,0.155
odysseus,arm.R.pitch,11.167,-148.6,-127.6,-183.3,60.2,0.0164,0.074
odysseus,arm.R.pitch,11.25,-152.1,-42.5,-183.3,60.2,0.0148,0.022
odysseus,arm.R.pitch,11.333,-150.5,19.6,-183.3,60.2,0.0153,0.011
odysseus,arm.R.pitch,11.417,-148.9,19.6,-183.3,60.2,0.0152,0.011
odysseus,arm.R.pitch,11.5,-147.2,19.6,-183.3,60.2,0.0159,0.011
odysseus,arm.R.pitch,11.583,-145.6,19.6,-183.3,60.2,0.0166,0.012
odysseus,arm.R.pitch,11.667,-144,19.6,-183.3,60.2,0.0173,0.012
odysseus,arm.R.pitch,11.75,-142.3,19.6,-183.3,60.2,0.018,0.013
odysseus,arm.R.pitch,11.833,-139.4,34.8,-183.3,60.2,0.0193,0.024
odysseus,arm.R.pitch,11.917,-132.2,87.1,-183.3,60.2,0.0225,0.069
odysseus,arm.R.pitch,12,-122.7,113.2,-183.3,60.2,0.0251,0.1
odysseus,arm.R.pitch,12.083,-113.3,113.2,-183.3,60.2,0.027,0.108
odysseus,arm.R.pitch,12.167,-106,87.1,-183.3,60.2,0.0286,0.089
odysseus,arm.R.pitch,12.25,-103.1,34.8,-183.3,60.2,0.0293,0.037
odysseus,arm.R.pitch,12.333,-103.1,0,-183.3,60.2,0.0291,0.002
odysseus,arm.R.pitch,14.667,-97.3,69.6,-183.3,60.2,0.0301,0.075
odysseus,arm.R.pitch,14.75,-95.4,23.2,-183.3,60.2,0.0299,0.026
odysseus,arm.R.pitch,14.833,-179.9,-1014.1,-183.3,60.2,0.0131,0.463
odysseus,arm.R.pitch,14.917,-183.3,-41.3,-183.3,60.2,0.0139,0.02
odysseus,arm.R.pitch,15,-183.3,0,-183.3,60.2,0.0022,0
odysseus,arm.R.pitch,15.75,-160.9,269.5,-183.3,60.2,0.013,0.123
odysseus,arm.R.pitch,15.833,-133.1,333.7,-183.3,60.2,0.0223,0.261
odysseus,arm.R.pitch,15.917,-111.7,256.7,-183.3,60.2,0.0283,0.255
odysseus,arm.R.pitch,16,-103.1,102.7,-183.3,60.2,0.0306,0.112
odysseus,arm.R.pitch,16.083,-103.1,0,-183.3,60.2,0.03,0.002
odysseus,arm.R.pitch,17.167,-102.8,4.3,-183.3,60.2,0.0288,0.006
odysseus,arm.R.pitch,17.25,-101,20.8,-183.3,60.2,0.0291,0.023
odysseus,arm.R.pitch,17.333,-98.1,36,-183.3,60.2,0.0293,0.039
odysseus,arm.R.pitch,17.417,-94,48.9,-183.3,60.2,0.0295,0.052
odysseus,arm.R.pitch,17.5,-89,59.6,-183.3,60.2,0.0296,0.063
odysseus,arm.R.pitch,17.583,-83.3,68,-183.3,60.2,0.0293,0.071
odysseus,arm.R.pitch,17.667,-77.2,74.1,-183.3,60.2,0.0288,0.076
odysseus,arm.R.pitch,17.75,-70.7,78,-183.3,60.2,0.0278,0.077
odysseus,arm.R.pitch,17.833,-64,79.7,-183.3,60.2,0.0265,0.075
odysseus,arm.R.pitch,17.917,-57.4,79,-183.3,60.2,0.0248,0.07
odysseus,arm.R.pitch,18,-51.1,76.1,-183.3,60.2,0.0229,0.062
odysseus,arm.R.pitch,18.083,-45.2,71,-183.3,60.2,0.0209,0.053
odysseus,arm.R.pitch,18.167,-39.9,63.6,-183.3,60.2,0.019,0.043
odysseus,arm.R.pitch,18.25,-35.4,53.9,-183.3,60.2,0.0172,0.033
odysseus,arm.R.pitch,18.333,-31.9,41.9,-183.3,60.2,0.0157,0.023
odysseus,arm.R.pitch,18.417,-29.6,27.7,-183.3,60.2,0.0147,0.015
odysseus,arm.R.pitch,18.5,-28.7,11.3,-183.3,60.2,0.0143,0.006
odysseus,arm.R.pitch,18.583,-28.6,0.1,-183.3,60.2,0.0142,0
odysseus,arm.R.pitch,26.583,-29.5,-9.8,-183.3,60.2,0.0146,0.005
odysseus,arm.R.pitch,26.667,-32.9,-40.7,-183.3,60.2,0.0164,0.024
odysseus,arm.R.pitch,26.75,-38.6,-68.4,-183.3,60.2,0.0187,0.045
odysseus,arm.R.pitch,26.833,-46.2,-92,-183.3,60.2,0.0215,0.07
odysseus,arm.R.pitch,26.917,-55.5,-111.4,-183.3,60.2,0.0245,0.096
odysseus,arm.R.pitch,27,-66.1,-126.6,-183.3,60.2,0.0271,0.121
odysseus,arm.R.pitch,27.083,-77.5,-137.6,-183.3,60.2,0.0289,0.14
odysseus,arm.R.pitch,27.167,-89.6,-144.4,-183.3,60.2,0.0295,0.151
odysseus,arm.R.pitch,27.25,-101.8,-147.1,-183.3,60.2,0.0288,0.15
odysseus,arm.R.pitch,27.333,-114,-145.6,-183.3,60.2,0.0269,0.138
odysseus,arm.R.pitch,27.417,-125.6,-139.9,-183.3,60.2,0.024,0.118
odysseus,arm.R.pitch,27.5,-136.5,-130.1,-183.3,60.2,0.0204,0.093
odysseus,arm.R.pitch,27.583,-146.1,-116,-183.3,60.2,0.0166,0.068
odysseus,arm.R.pitch,27.667,-154.3,-97.8,-183.3,60.2,0.013,0.045
odysseus,arm.R.pitch,27.75,-160.6,-75.5,-183.3,60.2,0.0101,0.027
odysseus,arm.R.pitch,27.833,-164.6,-48.9,-183.3,60.2,0.0081,0.014
odysseus,arm.R.pitch,27.917,-166.2,-18.2,-183.3,60.2,0.0074,0.005
odysseus,arm.R.pitch,28,-166.2,0,-183.3,60.2,0.0073,0
odysseus,arm.R.pitch,39.583,-166.2,-0.6,-183.3,60.2,0.007,0
odysseus,arm.R.pitch,39.667,-168.1,-22.9,-183.3,60.2,0.0063,0.005
odysseus,arm.R.pitch,39.75,-173.8,-67.9,-183.3,60.2,0.0038,0.009
odysseus,arm.R.pitch,39.833,-181.1,-88.4,-183.3,60.2,0.0008,0.003
odysseus,arm.R.pitch,39.917,-184.8,-44,-183.3,60.2,0.003,0.005
odysseus,arm.R.pitch,40,-184.4,5,-183.3,60.2,0.0029,0.001
odysseus,arm.R.pitch,40.083,-181.4,35.4,-183.3,60.2,0.0011,0.001
odysseus,arm.R.pitch,40.167,-175.8,67.4,-183.3,60.2,0.0025,0.006
odysseus,arm.R.pitch,40.25,-167.6,98.1,-183.3,60.2,0.0067,0.023
odysseus,arm.R.pitch,40.333,-157.3,124.3,-183.3,60.2,0.0117,0.051
odysseus,arm.R.pitch,40.417,-145.4,142.9,-183.3,60.2,0.017,0.085
odysseus,arm.R.pitch,40.5,-132.8,151.1,-183.3,60.2,0.0217,0.115
odysseus,arm.R.pitch,40.583,-120.5,147.6,-183.3,60.2,0.0254,0.132
odysseus,arm.R.pitch,40.667,-109.5,132.3,-183.3,60.2,0.0279,0.131
odysseus,arm.R.pitch,40.75,-100.6,106.7,-183.3,60.2,0.0293,0.111
odysseus,arm.R.pitch,40.833,-94.4,74,-183.3,60.2,0.0298,0.079
odysseus,arm.R.pitch,40.917,-91.2,38.1,-183.3,60.2,0.0299,0.042
odysseus,arm.R.pitch,41,-90.9,3.8,-183.3,60.2,0.0299,0.006
odysseus,arm.R.pitch,41.083,-93,-24.6,-183.3,60.2,0.0297,0.027
odysseus,arm.R.pitch,41.167,-96.6,-43.5,-183.3,60.2,0.0295,0.046
odysseus,arm.R.pitch,41.25,-100.8,-50.6,-183.3,60.2,0.029,0.053
odysseus,arm.R.pitch,41.333,-104.6,-45.5,-183.3,60.2,0.0285,0.047
odysseus,arm.R.pitch,41.417,-107.1,-29.4,-183.3,60.2,0.0283,0.031
odysseus,arm.R.pitch,41.5,-107.5,-4.9,-183.3,60.2,0.0284,0.006
odysseus,arm.R.pitch,41.583,-105.4,24.4,-183.3,60.2,0.0287,0.026
odysseus,arm.R.pitch,41.667,-102.7,32.4,-183.3,60.2,0.0288,0.034
odysseus,arm.R.pitch,41.75,-100,32.9,-183.3,60.2,0.029,0.035
odysseus,arm.R.pitch,41.833,-95.5,53.8,-183.3,60.2,0.0296,0.057
odysseus,arm.R.pitch,41.917,-87.8,92.9,-183.3,60.2,0.0299,0.099
odysseus,arm.R.pitch,42,-68.6,230.2,-183.3,60.2,0.0291,0.236
odysseus,arm.R.pitch,42.083,-51.9,200,-183.3,60.2,0.0235,0.165
odysseus,arm.R.pitch,42.167,-40.5,136.6,-183.3,60.2,0.0199,0.096
odysseus,arm.R.pitch,42.25,-37.2,39.8,-183.3,60.2,0.019,0.027
odysseus,arm.R.pitch,42.333,-40.1,-34.7,-183.3,60.2,0.0199,0.025
odysseus,arm.R.pitch,42.417,-45.9,-69.4,-183.3,60.2,0.0216,0.053
odysseus,arm.R.pitch,42.5,-52.8,-83.5,-183.3,60.2,0.0236,0.07
odysseus,arm.R.pitch,42.583,-62.3,-113.5,-183.3,60.2,0.0264,0.106
odysseus,arm.R.pitch,42.667,-72.6,-123.7,-183.3,60.2,0.0282,0.123
odysseus,arm.R.pitch,42.75,-82.1,-113.5,-183.3,60.2,0.0293,0.118
odysseus,arm.R.pitch,42.833,-89,-83,-183.3,60.2,0.0298,0.088
odysseus,arm.R.pitch,42.917,-91.7,-32.2,-183.3,60.2,0.0301,0.036
odysseus,arm.R.pitch,43,-75.9,189.1,-183.3,60.2,0.0313,0.209
odysseus,arm.R.pitch,43.083,-63,154.7,-183.3,60.2,0.0267,0.145
odysseus,arm.R.pitch,43.167,-53,120.3,-183.3,60.2,0.0239,0.102
odysseus,arm.R.pitch,43.25,-45.8,85.9,-183.3,60.2,0.0215,0.066
odysseus,arm.R.pitch,43.333,-41.5,51.6,-183.3,60.2,0.0199,0.037
odysseus,arm.R.pitch,43.417,-40.1,17.2,-183.3,60.2,0.0194,0.012
odysseus,arm.R.pitch,43.5,-42.3,-26.6,-183.3,60.2,0.0204,0.02
odysseus,arm.R.pitch,43.583,-48.2,-70.1,-183.3,60.2,0.0225,0.056
odysseus,arm.R.pitch,43.667,-56.4,-99.1,-183.3,60.2,0.0249,0.087
odysseus,arm.R.pitch,43.75,-65.9,-113.6,-183.3,60.2,0.027,0.109
odysseus,arm.R.pitch,43.833,-75.4,-113.6,-183.3,60.2,0.0285,0.115
odysseus,arm.R.pitch,43.917,-83.6,-99.1,-183.3,60.2,0.0294,0.104
odysseus,arm.R.pitch,44,-89.5,-70.1,-183.3,60.2,0.0298,0.075
odysseus,arm.R.pitch,44.083,-91.7,-26.6,-183.3,60.2,0.03,0.03
odysseus,arm.R.pitch,44.167,-73.1,222.8,-183.3,60.2,0.0313,0.245
odysseus,arm.R.pitch,44.25,-58.7,173.3,-183.3,60.2,0.0258,0.157
odysseus,arm.R.pitch,44.333,-48.4,123.8,-183.3,60.2,0.0226,0.099
odysseus,arm.R.pitch,44.417,-42.2,74.3,-183.3,60.2,0.0204,0.054
odysseus,arm.R.pitch,44.5,-40.1,24.8,-183.3,60.2,0.0196,0.018
odysseus,arm.R.pitch,44.583,-43,-34.3,-183.3,60.2,0.0208,0.026
odysseus,arm.R.pitch,44.667,-50.3,-88.4,-183.3,60.2,0.0233,0.073
odysseus,arm.R.pitch,44.75,-60.4,-120.9,-183.3,60.2,0.026,0.111
odysseus,arm.R.pitch,44.833,-71.4,-131.7,-183.3,60.2,0.028,0.13
odysseus,arm.R.pitch,44.917,-81.5,-120.9,-183.3,60.2,0.0292,0.125
odysseus,arm.R.pitch,45,-88.8,-88.4,-183.3,60.2,0.0298,0.094
odysseus,arm.R.pitch,45.083,-91.7,-34.3,-183.3,60.2,0.0301,0.038
odysseus,arm.R.pitch,45.167,-73.1,222.8,-183.3,60.2,0.0314,0.246
odysseus,arm.R.pitch,45.25,-58.7,173.3,-183.3,60.2,0.0258,0.157
odysseus,arm.R.pitch,45.333,-48.4,123.8,-183.3,60.2,0.0226,0.099
odysseus,arm.R.pitch,45.417,-42.2,74.3,-183.3,60.2,0.0204,0.054
odysseus,arm.R.pitch,45.5,-40.1,24.8,-183.3,60.2,0.0196,0.018
odysseus,arm.R.pitch,45.583,-40.5,-4.8,-183.3,60.2,0.0195,0.004
odysseus,arm.R.pitch,45.667,-41.6,-13.2,-183.3,60.2,0.0196,0.01
odysseus,arm.R.pitch,45.75,-43.2,-19.7,-183.3,60.2,0.0202,0.015
odysseus,arm.R.pitch,45.833,-45.3,-24.3,-183.3,60.2,0.021,0.019
odysseus,arm.R.pitch,45.917,-47.5,-27.1,-183.3,60.2,0.0217,0.022
odysseus,arm.R.pitch,46,-49.9,-28,-183.3,60.2,0.0225,0.023
odysseus,arm.R.pitch,46.083,-52.1,-27.1,-183.3,60.2,0.0232,0.023
odysseus,arm.R.pitch,46.167,-54.2,-24.3,-183.3,60.2,0.0239,0.021
odysseus,arm.R.pitch,46.25,-55.8,-19.7,-183.3,60.2,0.0244,0.018
odysseus,arm.R.pitch,46.333,-56.9,-13.2,-183.3,60.2,0.0247,0.013
odysseus,arm.R.pitch,46.417,-57.7,-9.2,-183.3,60.2,0.0249,0.009
odysseus,arm.R.pitch,46.5,-70.2,-150.2,-183.3,60.2,0.0295,0.156
odysseus,arm.R.pitch,46.583,-87.4,-206.7,-183.3,60.2,0.0301,0.219
odysseus,arm.R.pitch,46.667,-94,-79.4,-183.3,60.2,0.031,0.088
odysseus,arm.R.pitch,46.75,-92.9,13.7,-183.3,60.2,0.0306,0.016
odysseus,arm.R.pitch,46.833,-85.8,84.4,-183.3,60.2,0.0302,0.091
odysseus,arm.R.pitch,46.917,-78.7,85.5,-183.3,60.2,0.0289,0.088
odysseus,arm.R.pitch,47,-78.7,0.4,-183.3,60.2,0.0299,0.002
odysseus,arm.R.pitch,47.083,-90.4,-140.5,-183.3,60.2,0.0312,0.155
odysseus,arm.R.pitch,47.167,-113,-271.2,-183.3,60.2,0.0287,0.274
odysseus,arm.R.pitch,47.25,-140.3,-327.5,-183.3,60.2,0.0195,0.224
odysseus,arm.R.pitch,47.333,-163.9,-283.4,-183.3,60.2,0.0087,0.086
odysseus,arm.R.pitch,47.417,-177.6,-164,-183.3,60.2,0.0027,0.016
odysseus,arm.R.pitch,47.5,-179.7,-26.1,-183.3,60.2,0.0019,0.002
odysseus,arm.R.pitch,47.583,-173.3,76.9,-183.3,60.2,0.0047,0.013
odysseus,arm.R.pitch,47.667,-164.6,104.9,-183.3,60.2,0.0082,0.03
odysseus,arm.R.pitch,47.75,-169.3,-56.2,-183.3,60.2,0.0075,0.015
odysseus,arm.R.pitch,47.833,-171.9,-31.4,-183.3,60.2,0.0045,0.005
odysseus,arm.R.pitch,47.917,-171.9,0,-183.3,60.2,0.0045,0
odysseus,arm.R.pitch,50,-161.6,123.8,-183.3,60.2,0.0109,0.047
odysseus,arm.R.pitch,50.083,-153.6,96.3,-183.3,60.2,0.0135,0.046
odysseus,arm.R.pitch,50.167,-147.8,68.8,-183.3,60.2,0.016,0.039
odysseus,arm.R.pitch,50.25,-144.4,41.3,-183.3,60.2,0.0175,0.026
odysseus,arm.R.pitch,50.333,-143.2,13.8,-183.3,60.2,0.018,0.009
odysseus,arm.R.pitch,50.417,-183.3,-481.3,-183.3,60.2,0.0079,0.133
odysseus,arm.R.pitch,50.5,-183.3,0,-183.3,60.2,0.0078,0
odysseus,arm.R.pitch,51.75,-180.3,36.7,-183.3,60.2,0.0006,0.001
odysseus,arm.R.pitch,51.833,-176.5,45.8,-183.3,60.2,0.0019,0.003
odysseus,arm.R.pitch,51.917,-176.2,3,-183.3,60.2,0.0025,0
odysseus,arm.R.pitch,52,-175.6,7.9,-183.3,60.2,0.0023,0.001
odysseus,arm.R.pitch,52.083,-174.7,10.7,-183.3,60.2,0.0028,0.001
odysseus,arm.R.pitch,52.167,-173.7,11.7,-183.3,60.2,0.0032,0.001
odysseus,arm.R.pitch,52.25,-172.8,10.7,-183.3,60.2,0.0037,0.001
odysseus,arm.R.pitch,52.333,-172.1,7.9,-183.3,60.2,0.0041,0.001
odysseus,arm.R.pitch,52.417,-171.9,3,-183.3,60.2,0.0042,0
odysseus,arm.R.pitch,52.5,-171.9,0,-183.3,60.2,0.0042,0
odysseus,arm.R.pitch,53.25,-173.1,-14.3,-183.3,60.2,0.0037,0.002
odysseus,arm.R.pitch,53.333,-175.3,-26.5,-183.3,60.2,0.0026,0.002
odysseus,arm.R.pitch,53.417,-176.5,-14.3,-183.3,60.2,0.002,0.001
odysseus,arm.R.pitch,53.5,-176.3,2.4,-183.3,60.2,0.0021,0
odysseus,arm.R.pitch,53.583,-175.8,6.2,-183.3,60.2,0.0022,0
odysseus,arm.R.pitch,53.667,-175,8.8,-183.3,60.2,0.0026,0.001
odysseus,arm.R.pitch,53.75,-174.2,10.1,-183.3,60.2,0.003,0.001
odysseus,arm.R.pitch,53.833,-173.3,10.1,-183.3,60.2,0.0034,0.001
odysseus,arm.R.pitch,53.917,-172.6,8.8,-183.3,60.2,0.0038,0.001
odysseus,arm.R.pitch,54,-172.1,6.2,-183.3,60.2,0.0041,0.001
odysseus,arm.R.pitch,54.083,-171.9,2.4,-183.3,60.2,0.0042,0
odysseus,arm.R.pitch,54.167,-171.9,0,-183.3,60.2,0.0042,0
odysseus,arm.R.pitch,54.667,-172.6,-8.6,-183.3,60.2,0.0039,0.001
odysseus,arm.R.pitch,54.75,-174.2,-18.9,-183.3,60.2,0.0031,0.002
odysseus,arm.R.pitch,54.833,-175.8,-18.9,-183.3,60.2,0.0022,0.001
odysseus,arm.R.pitch,54.917,-176.5,-8.6,-183.3,60.2,0.0019,0.001
odysseus,arm.R.pitch,55,-176.2,3,-183.3,60.2,0.0021,0
odysseus,arm.R.pitch,55.083,-175.6,7.9,-183.3,60.2,0.0023,0.001
odysseus,arm.R.pitch,55.167,-174.7,10.7,-183.3,60.2,0.0028,0.001
odysseus,arm.R.pitch,55.25,-173.7,11.7,-183.3,60.2,0.0032,0.001
odysseus,arm.R.pitch,55.333,-172.8,10.7,-183.3,60.2,0.0037,0.001
odysseus,arm.R.pitch,55.417,-172.1,7.9,-183.3,60.2,0.0041,0.001
odysseus,arm.R.pitch,55.5,-171.9,3,-183.3,60.2,0.0042,0
odysseus,arm.R.pitch,55.583,-171.9,0,-183.3,60.2,0.0042,0
odysseus,arm.R.pitch,57.333,-173.1,-14.3,-183.3,60.2,0.0037,0.002
odysseus,arm.R.pitch,57.417,-175.3,-26.5,-183.3,60.2,0.0026,0.002
odysseus,arm.R.pitch,57.5,-176.5,-14.3,-183.3,60.2,0.002,0.001
odysseus,arm.R.pitch,57.583,-176.2,3.4,-183.3,60.2,0.0022,0
odysseus,arm.R.pitch,57.667,-175.5,8.6,-183.3,60.2,0.0024,0.001
odysseus,arm.R.pitch,57.75,-174.5,11.2,-183.3,60.2,0.0028,0.001
odysseus,arm.R.pitch,57.833,-173.6,11.2,-183.3,60.2,0.0033,0.001
odysseus,arm.R.pitch,57.917,-172.9,8.6,-183.3,60.2,0.0037,0.001
odysseus,arm.R.pitch,58,-172.6,3.4,-183.3,60.2,0.0039,0
odysseus,arm.R.pitch,58.083,-159.1,161.8,-183.3,60.2,0.0125,0.071
odysseus,arm.R.pitch,58.167,-127,385.8,-183.3,60.2,0.0263,0.356
odysseus,arm.R.pitch,58.25,-88.6,460.5,-183.3,60.2,0.0304,0.49
odysseus,arm.R.pitch,58.333,-56.5,385.8,-183.3,60.2,0.0255,0.344
odysseus,arm.R.pitch,58.417,-43,161.8,-183.3,60.2,0.0229,0.13
odysseus,arm.R.pitch,58.5,-42.5,5.4,-183.3,60.2,0.0219,0.005
odysseus,arm.R.pitch,58.583,-41.5,11.8,-183.3,60.2,0.0196,0.009
odysseus,arm.R.pitch,58.667,-40.6,11.8,-183.3,60.2,0.0191,0.009
odysseus,arm.R.pitch,58.75,-40.1,5.4,-183.3,60.2,0.019,0.004
odysseus,arm.R.pitch,58.833,-53.8,-164.5,-183.3,60.2,0.0259,0.15
odysseus,arm.R.pitch,58.917,-86.5,-392.2,-183.3,60.2,0.0322,0.443
odysseus,arm.R.pitch,59,-125.5,-468.1,-183.3,60.2,0.0249,0.408
odysseus,arm.R.pitch,59.083,-158.2,-392.2,-183.3,60.2,0.0119,0.163
odysseus,arm.R.pitch,59.167,-171.9,-164.5,-183.3,60.2,0.007,0.04
odysseus,arm.R.pitch,59.25,-171.9,0,-183.3,60.2,0.0062,0
odysseus,arm.R.pitch,60.583,-171.9,0,-183.3,60.2,0.0042,0
odysseus,arm.R.out,0,0,0,-11.5,31.5,0,0
odysseus,arm.R.out,0.75,6.8,81.7,-11.5,31.5,0.0045,0.013
odysseus,arm.R.out,0.833,12.1,63.5,-11.5,31.5,0.0064,0.014
odysseus,arm.R.out,0.917,15.9,45.4,-11.5,31.5,0.0083,0.013
odysseus,arm.R.out,1,18.2,27.2,-11.5,31.5,0.0094,0.009
odysseus,arm.R.out,1.083,18.9,9.1,-11.5,31.5,0.0098,0.003
odysseus,arm.R.out,1.167,18.1,-9.5,-11.5,31.5,0.0094,0.003
odysseus,arm.R.out,1.25,17.3,-9.5,-11.5,31.5,0.0088,0.003
odysseus,arm.R.out,1.333,16.5,-9.5,-11.5,31.5,0.0084,0.003
odysseus,arm.R.out,1.417,15.8,-9.5,-11.5,31.5,0.008,0.003
odysseus,arm.R.out,1.5,15,-9.5,-11.5,31.5,0.0076,0.003
odysseus,arm.R.out,1.583,14.2,-9.5,-11.5,31.5,0.0072,0.002
odysseus,arm.R.out,1.667,13.1,-12.6,-11.5,31.5,0.0067,0.003
odysseus,arm.R.out,1.75,10.5,-31.5,-11.5,31.5,0.0056,0.006
odysseus,arm.R.out,1.833,7.1,-41,-11.5,31.5,0.0038,0.005
odysseus,arm.R.out,1.917,3.7,-41,-11.5,31.5,0.0019,0.003
odysseus,arm.R.out,2,1.1,-31.5,-11.5,31.5,0.0007,0.001
odysseus,arm.R.out,2.083,0,-12.6,-11.5,31.5,0.0002,0
odysseus,arm.R.out,2.167,0,0,-11.5,31.5,0.0002,0
odysseus,arm.R.out,2.917,4.6,55,-11.5,31.5,0.003,0.006
odysseus,arm.R.out,3,9.2,55,-11.5,31.5,0.0047,0.009
odysseus,arm.R.out,3.083,5.5,-44.1,-11.5,31.5,0.0041,0.006
odysseus,arm.R.out,3.167,3.4,-24.8,-11.5,31.5,0.002,0.002
odysseus,arm.R.out,3.25,2.5,-10.5,-11.5,31.5,0.0015,0.001
odysseus,arm.R.out,3.333,2.4,-1.3,-11.5,31.5,0.0014,0
odysseus,arm.R.out,3.417,2.7,2.9,-11.5,31.5,0.0014,0
odysseus,arm.R.out,3.5,2.9,2.1,-11.5,31.5,0.0015,0
odysseus,arm.R.out,3.583,2.8,-1.1,-11.5,31.5,0.0015,0
odysseus,arm.R.out,3.667,2.7,-1.1,-11.5,31.5,0.0014,0
odysseus,arm.R.out,3.75,2.6,-1.1,-11.5,31.5,0.0013,0
odysseus,arm.R.out,3.833,2.5,-1.1,-11.5,31.5,0.0013,0
odysseus,arm.R.out,3.917,2.4,-1.1,-11.5,31.5,0.0012,0
odysseus,arm.R.out,4,2.3,-1.1,-11.5,31.5,0.0012,0
odysseus,arm.R.out,4.083,2.2,-1.1,-11.5,31.5,0.0011,0
odysseus,arm.R.out,4.167,2.1,-1.1,-11.5,31.5,0.0011,0
odysseus,arm.R.out,4.25,2,-1.9,-11.5,31.5,0.001,0
odysseus,arm.R.out,4.333,1.6,-4.8,-11.5,31.5,0.0009,0
odysseus,arm.R.out,4.417,1.1,-6.2,-11.5,31.5,0.0006,0
odysseus,arm.R.out,4.5,0.6,-6.2,-11.5,31.5,0.0003,0
odysseus,arm.R.out,4.583,0.2,-4.8,-11.5,31.5,0.0001,0
odysseus,arm.R.out,4.667,0,-1.9,-11.5,31.5,0,0
odysseus,arm.R.out,4.75,4.7,56.7,-11.5,31.5,0.0032,0.006
odysseus,arm.R.out,4.833,8.6,46.4,-11.5,31.5,0.0045,0.007
odysseus,arm.R.out,4.917,11.6,36.1,-11.5,31.5,0.006,0.008
odysseus,arm.R.out,5,13.8,25.8,-11.5,31.5,0.0071,0.007
odysseus,arm.R.out,5.083,15,15.5,-11.5,31.5,0.0078,0.004
odysseus,arm.R.out,5.167,15.5,5.2,-11.5,31.5,0.008,0.002
odysseus,arm.R.out,5.25,14.7,-9.3,-11.5,31.5,0.0076,0.003
odysseus,arm.R.out,5.333,13.9,-9.3,-11.5,31.5,0.0071,0.002
odysseus,arm.R.out,5.417,13.1,-9.3,-11.5,31.5,0.0067,0.002
odysseus,arm.R.out,5.5,12.4,-9.3,-11.5,31.5,0.0063,0.002
odysseus,arm.R.out,5.583,11.6,-9.3,-11.5,31.5,0.0059,0.002
odysseus,arm.R.out,5.667,10.7,-10.3,-11.5,31.5,0.0055,0.002
odysseus,arm.R.out,5.75,8.6,-25.8,-11.5,31.5,0.0046,0.004
odysseus,arm.R.out,5.833,5.8,-33.5,-11.5,31.5,0.0031,0.004
odysseus,arm.R.out,5.917,3,-33.5,-11.5,31.5,0.0015,0.002
odysseus,arm.R.out,6,0.9,-25.8,-11.5,31.5,0.0005,0
odysseus,arm.R.out,6.083,0,-10.3,-11.5,31.5,0.0002,0
odysseus,arm.R.out,6.167,0,0,-11.5,31.5,0.0001,0
odysseus,arm.R.out,8.667,4.7,56.7,-11.5,31.5,0.0031,0.006
odysseus,arm.R.out,8.75,8.6,46.4,-11.5,31.5,0.0045,0.007
odysseus,arm.R.out,8.833,11.6,36.1,-11.5,31.5,0.006,0.008
odysseus,arm.R.out,8.917,13.8,25.8,-11.5,31.5,0.0071,0.007
odysseus,arm.R.out,9,15,15.5,-11.5,31.5,0.0078,0.004
odysseus,arm.R.out,9.083,15.5,5.2,-11.5,31.5,0.008,0.002
odysseus,arm.R.out,9.167,14.8,-7.7,-11.5,31.5,0.0077,0.002
odysseus,arm.R.out,9.25,14.2,-7.7,-11.5,31.5,0.0072,0.002
odysseus,arm.R.out,9.333,13.5,-7.7,-11.5,31.5,0.0069,0.002
odysseus,arm.R.out,9.417,12.9,-7.7,-11.5,31.5,0.0066,0.002
odysseus,arm.R.out,9.5,12.2,-7.7,-11.5,31.5,0.0062,0.002
odysseus,arm.R.out,9.583,11.6,-7.7,-11.5,31.5,0.0059,0.002
odysseus,arm.R.out,9.667,10.7,-10.3,-11.5,31.5,0.0055,0.002
odysseus,arm.R.out,9.75,8.6,-25.8,-11.5,31.5,0.0046,0.004
odysseus,arm.R.out,9.833,5.8,-33.5,-11.5,31.5,0.0031,0.004
odysseus,arm.R.out,9.917,3,-33.5,-11.5,31.5,0.0015,0.002
odysseus,arm.R.out,10,0.9,-25.8,-11.5,31.5,0.0005,0
odysseus,arm.R.out,10.083,0,-10.3,-11.5,31.5,0.0002,0
odysseus,arm.R.out,10.167,0,0,-11.5,31.5,0.0001,0
odysseus,arm.R.out,10.833,5,60.5,-11.5,31.5,0.0033,0.007
odysseus,arm.R.out,10.917,9.2,49.5,-11.5,31.5,0.0048,0.008
odysseus,arm.R.out,11,12.4,38.5,-11.5,31.5,0.0064,0.009
odysseus,arm.R.out,11.083,14.7,27.5,-11.5,31.5,0.0076,0.007
odysseus,arm.R.out,11.167,16,16.5,-11.5,31.5,0.0083,0.005
odysseus,arm.R.out,11.25,16.5,5.5,-11.5,31.5,0.0085,0.002
odysseus,arm.R.out,11.333,15.8,-8.3,-11.5,31.5,0.0082,0.002
odysseus,arm.R.out,11.417,15.1,-8.3,-11.5,31.5,0.0077,0.002
odysseus,arm.R.out,11.5,14.4,-8.3,-11.5,31.5,0.0073,0.002
odysseus,arm.R.out,11.583,13.8,-8.3,-11.5,31.5,0.007,0.002
odysseus,arm.R.out,11.667,13.1,-8.3,-11.5,31.5,0.0067,0.002
odysseus,arm.R.out,11.75,12.4,-8.3,-11.5,31.5,0.0063,0.002
odysseus,arm.R.out,11.833,11.5,-11,-11.5,31.5,0.0059,0.002
odysseus,arm.R.out,11.917,9.2,-27.5,-11.5,31.5,0.0049,0.005
odysseus,arm.R.out,12,6.2,-35.8,-11.5,31.5,0.0033,0.004
odysseus,arm.R.out,12.083,3.2,-35.8,-11.5,31.5,0.0016,0.002
odysseus,arm.R.out,12.167,0.9,-27.5,-11.5,31.5,0.0006,0.001
odysseus,arm.R.out,12.25,0,-11,-11.5,31.5,0.0002,0
odysseus,arm.R.out,12.333,0,0,-11.5,31.5,0.0001,0
odysseus,arm.R.out,14.667,5.6,66.8,-11.5,31.5,0.0037,0.009
odysseus,arm.R.out,14.75,9.9,52,-11.5,31.5,0.0052,0.01
odysseus,arm.R.out,14.833,13,37.1,-11.5,31.5,0.0068,0.009
odysseus,arm.R.out,14.917,14.9,22.3,-11.5,31.5,0.0077,0.006
odysseus,arm.R.out,15,15.5,7.4,-11.5,31.5,0.008,0.002
odysseus,arm.R.out,15.083,14.8,-7.7,-11.5,31.5,0.0077,0.002
odysseus,arm.R.out,15.167,14.2,-7.7,-11.5,31.5,0.0072,0.002
odysseus,arm.R.out,15.25,13.5,-7.7,-11.5,31.5,0.0069,0.002
odysseus,arm.R.out,15.333,12.9,-7.7,-11.5,31.5,0.0066,0.002
odysseus,arm.R.out,15.417,12.2,-7.7,-11.5,31.5,0.0062,0.002
odysseus,arm.R.out,15.5,11.6,-7.7,-11.5,31.5,0.0059,0.002
odysseus,arm.R.out,15.583,10.7,-10.3,-11.5,31.5,0.0055,0.002
odysseus,arm.R.out,15.667,8.6,-25.8,-11.5,31.5,0.0046,0.004
odysseus,arm.R.out,15.75,5.8,-33.5,-11.5,31.5,0.0031,0.004
odysseus,arm.R.out,15.833,3,-33.5,-11.5,31.5,0.0015,0.002
odysseus,arm.R.out,15.917,0.9,-25.8,-11.5,31.5,0.0005,0
odysseus,arm.R.out,16,0,-10.3,-11.5,31.5,0.0002,0
odysseus,arm.R.out,16.083,0,0,-11.5,31.5,0.0001,0
odysseus,arm.R.out,60.583,0,0,-11.5,31.5,0,0
odysseus,arm.L.pitch,0,-22.9,0,-183.3,60.2,0.0115,0
odysseus,arm.L.pitch,0.333,-21.1,21.5,-183.3,60.2,0.0109,0.008
odysseus,arm.L.pitch,0.417,-16.9,51.2,-183.3,60.2,0.0089,0.016
odysseus,arm.L.pitch,0.5,-11.8,61.1,-183.3,60.2,0.0061,0.013
odysseus,arm.L.pitch,0.583,-7.5,51.2,-183.3,60.2,0.004,0.007
odysseus,arm.L.pitch,0.667,-5.7,21.5,-183.3,60.2,0.0033,0.003
odysseus,arm.L.pitch,0.75,-11.5,-69.6,-183.3,60.2,0.007,0.017
odysseus,arm.L.pitch,0.833,-13.5,-23.2,-183.3,60.2,0.0074,0.006
odysseus,arm.L.pitch,0.917,-116.8,-1239.5,-183.3,60.2,0.0416,1.802
odysseus,arm.L.pitch,1,-178.7,-743.7,-183.3,60.2,0.0069,0.179
odysseus,arm.L.pitch,1.083,-183.3,-55.4,-183.3,60.2,0.0104,0.02
odysseus,arm.L.pitch,1.167,-183.3,0,-183.3,60.2,0.0024,0
odysseus,arm.L.pitch,1.333,-181.7,19.2,-183.3,60.2,0.0011,0.001
odysseus,arm.L.pitch,1.417,-175.9,70.6,-183.3,60.2,0.0028,0.007
odysseus,arm.L.pitch,1.5,-170,70.6,-183.3,60.2,0.0051,0.013
odysseus,arm.L.pitch,1.583,-164.1,70.6,-183.3,60.2,0.0081,0.02
odysseus,arm.L.pitch,1.667,-153.6,125.5,-183.3,60.2,0.0138,0.061
odysseus,arm.L.pitch,1.75,-127.5,313.7,-183.3,60.2,0.0257,0.283
odysseus,arm.L.pitch,1.833,-93.5,407.8,-183.3,60.2,0.0306,0.437
odysseus,arm.L.pitch,1.917,-59.5,407.8,-183.3,60.2,0.0254,0.362
odysseus,arm.L.pitch,2,-33.4,313.7,-183.3,60.2,0.0174,0.191
odysseus,arm.L.pitch,2.083,-22.9,125.5,-183.3,60.2,0.0138,0.061
odysseus,arm.L.pitch,2.167,-22.9,0,-183.3,60.2,0.013,0
odysseus,arm.L.pitch,4.75,-17.1,69.6,-183.3,60.2,0.0095,0.023
odysseus,arm.L.pitch,4.833,-15.2,23.2,-183.3,60.2,0.0083,0.007
odysseus,arm.L.pitch,4.917,-81.7,-798.6,-183.3,60.2,0.0395,1.103
odysseus,arm.L.pitch,5,-129.3,-570.5,-183.3,60.2,0.0257,0.512
odysseus,arm.L.pitch,5.083,-157.8,-342.3,-183.3,60.2,0.014,0.168
odysseus,arm.L.pitch,5.167,-167.3,-114.1,-183.3,60.2,0.0093,0.037
odysseus,arm.L.pitch,5.25,-161.5,69.3,-183.3,60.2,0.0116,0.028
odysseus,arm.L.pitch,5.333,-155.8,69.3,-183.3,60.2,0.0121,0.03
odysseus,arm.L.pitch,5.417,-150,69.3,-183.3,60.2,0.0147,0.036
odysseus,arm.L.pitch,5.5,-144.2,69.3,-183.3,60.2,0.0172,0.042
odysseus,arm.L.pitch,5.583,-138.4,69.3,-183.3,60.2,0.0195,0.048
odysseus,arm.L.pitch,5.667,-129.9,102.7,-183.3,60.2,0.023,0.084
odysseus,arm.L.pitch,5.75,-108.5,256.7,-183.3,60.2,0.0298,0.269
odysseus,arm.L.pitch,5.833,-80.7,333.7,-183.3,60.2,0.03,0.351
odysseus,arm.L.pitch,5.917,-52.9,333.7,-183.3,60.2,0.0235,0.274
odysseus,arm.L.pitch,6,-31.5,256.7,-183.3,60.2,0.0163,0.147
odysseus,arm.L.pitch,6.083,-22.9,102.7,-183.3,60.2,0.0134,0.048
odysseus,arm.L.pitch,6.167,-22.9,0,-183.3,60.2,0.0128,0
odysseus,arm.L.pitch,8.667,-17.1,69.6,-183.3,60.2,0.0095,0.023
odysseus,arm.L.pitch,8.75,-15.2,23.2,-183.3,60.2,0.0083,0.007
odysseus,arm.L.pitch,8.833,-81.7,-798.6,-183.3,60.2,0.0395,1.103
odysseus,arm.L.pitch,8.917,-129.3,-570.5,-183.3,60.2,0.0257,0.512
odysseus,arm.L.pitch,9,-157.8,-342.3,-183.3,60.2,0.014,0.168
odysseus,arm.L.pitch,9.083,-167.3,-114.1,-183.3,60.2,0.0093,0.037
odysseus,arm.L.pitch,9.167,-162.5,57.8,-183.3,60.2,0.011,0.022
odysseus,arm.L.pitch,9.25,-157.7,57.8,-183.3,60.2,0.0112,0.023
odysseus,arm.L.pitch,9.333,-152.9,57.8,-183.3,60.2,0.0134,0.027
odysseus,arm.L.pitch,9.417,-148.1,57.8,-183.3,60.2,0.0156,0.032
odysseus,arm.L.pitch,9.5,-143.2,57.8,-183.3,60.2,0.0176,0.036
odysseus,arm.L.pitch,9.583,-138.4,57.8,-183.3,60.2,0.0195,0.04
odysseus,arm.L.pitch,9.667,-129.9,102.7,-183.3,60.2,0.0232,0.084
odysseus,arm.L.pitch,9.75,-108.5,256.7,-183.3,60.2,0.0298,0.269
odysseus,arm.L.pitch,9.833,-80.7,333.7,-183.3,60.2,0.03,0.351
odysseus,arm.L.pitch,9.917,-52.9,333.7,-183.3,60.2,0.0235,0.274
odysseus,arm.L.pitch,10,-31.5,256.7,-183.3,60.2,0.0163,0.147
odysseus,arm.L.pitch,10.083,-22.9,102.7,-183.3,60.2,0.0134,0.048
odysseus,arm.L.pitch,10.167,-22.9,0,-183.3,60.2,0.0128,0
odysseus,arm.L.pitch,14.667,-17.1,69.6,-183.3,60.2,0.0095,0.023
odysseus,arm.L.pitch,14.75,-15.2,23.2,-183.3,60.2,0.0083,0.007
odysseus,arm.L.pitch,14.833,-99.7,-1014.1,-183.3,60.2,0.042,1.492
odysseus,arm.L.pitch,14.917,-150.4,-608.5,-183.3,60.2,0.0196,0.418
odysseus,arm.L.pitch,15,-167.3,-202.8,-183.3,60.2,0.0116,0.082
odysseus,arm.L.pitch,15.083,-162.5,57.8,-183.3,60.2,0.0121,0.025
odysseus,arm.L.pitch,15.167,-157.7,57.8,-183.3,60.2,0.0112,0.023
odysseus,arm.L.pitch,15.25,-152.9,57.8,-183.3,60.2,0.0134,0.027
odysseus,arm.L.pitch,15.333,-148.1,57.8,-183.3,60.2,0.0156,0.032
odysseus,arm.L.pitch,15.417,-143.2,57.8,-183.3,60.2,0.0176,0.036
odysseus,arm.L.pitch,15.5,-138.4,57.8,-183.3,60.2,0.0195,0.04
odysseus,arm.L.pitch,15.583,-129.9,102.7,-183.3,60.2,0.0232,0.084
odysseus,arm.L.pitch,15.667,-108.5,256.7,-183.3,60.2,0.0298,0.269
odysseus,arm.L.pitch,15.75,-80.7,333.7,-183.3,60.2,0.03,0.351
odysseus,arm.L.pitch,15.833,-52.9,333.7,-183.3,60.2,0.0235,0.274
odysseus,arm.L.pitch,15.917,-31.5,256.7,-183.3,60.2,0.0163,0.147
odysseus,arm.L.pitch,16,-22.9,102.7,-183.3,60.2,0.0134,0.048
odysseus,arm.L.pitch,16.083,-22.9,0,-183.3,60.2,0.0128,0
odysseus,arm.L.pitch,17.167,-22.8,1.3,-183.3,60.2,0.0114,0.001
odysseus,arm.L.pitch,17.25,-22.3,6.4,-183.3,60.2,0.0112,0.003
odysseus,arm.L.pitch,17.333,-21.4,11.1,-183.3,60.2,0.0108,0.004
odysseus,arm.L.pitch,17.417,-20.1,15,-183.3,60.2,0.0102,0.006
odysseus,arm.L.pitch,17.5,-18.6,18.3,-183.3,60.2,0.0094,0.006
odysseus,arm.L.pitch,17.583,-16.8,20.9,-183.3,60.2,0.0086,0.006
odysseus,arm.L.pitch,17.667,-14.9,22.8,-183.3,60.2,0.0076,0.006
odysseus,arm.L.pitch,17.75,-12.9,24,-183.3,60.2,0.0066,0.006
odysseus,arm.L.pitch,17.833,-10.9,24.5,-183.3,60.2,0.0056,0.005
odysseus,arm.L.pitch,17.917,-8.9,24.3,-183.3,60.2,0.0045,0.004
odysseus,arm.L.pitch,18,-6.9,23.4,-183.3,60.2,0.0036,0.003
odysseus,arm.L.pitch,18.083,-5.1,21.8,-183.3,60.2,0.0026,0.002
odysseus,arm.L.pitch,18.167,-3.5,19.6,-183.3,60.2,0.0018,0.001
odysseus,arm.L.pitch,18.25,-2.1,16.6,-183.3,60.2,0.0011,0.001
odysseus,arm.L.pitch,18.333,-1,12.9,-183.3,60.2,0.0006,0
odysseus,arm.L.pitch,18.417,-0.3,8.5,-183.3,60.2,0.0002,0
odysseus,arm.L.pitch,18.5,0,3.5,-183.3,60.2,0.0001,0
odysseus,arm.L.pitch,18.583,0,0,-183.3,60.2,0,0
odysseus,arm.L.pitch,26.583,-1,-11.9,-183.3,60.2,0.0007,0
odysseus,arm.L.pitch,26.667,-5.1,-49.2,-183.3,60.2,0.0031,0.005
odysseus,arm.L.pitch,26.75,-12,-82.7,-183.3,60.2,0.0065,0.019
odysseus,arm.L.pitch,26.833,-21.2,-111.2,-183.3,60.2,0.011,0.043
odysseus,arm.L.pitch,26.917,-32.5,-134.6,-183.3,60.2,0.0161,0.076
odysseus,arm.L.pitch,27,-45.2,-152.9,-183.3,60.2,0.0211,0.114
odysseus,arm.L.pitch,27.083,-59.1,-166.3,-183.3,60.2,0.0254,0.149
odysseus,arm.L.pitch,27.167,-73.6,-174.5,-183.3,60.2,0.0283,0.174
odysseus,arm.L.pitch,27.25,-88.4,-177.8,-183.3,60.2,0.0295,0.185
odysseus,arm.L.pitch,27.333,-103.1,-175.9,-183.3,60.2,0.0287,0.178
odysseus,arm.L.pitch,27.417,-117.2,-169.1,-183.3,60.2,0.0263,0.156
odysseus,arm.L.pitch,27.5,-130.3,-157.2,-183.3,60.2,0.0226,0.125
odysseus,arm.L.pitch,27.583,-142,-140.2,-183.3,60.2,0.0184,0.09
odysseus,arm.L.pitch,27.667,-151.8,-118.2,-183.3,60.2,0.0142,0.059
odysseus,arm.L.pitch,27.75,-159.4,-91.2,-183.3,60.2,0.0107,0.034
odysseus,arm.L.pitch,27.833,-164.3,-59.1,-183.3,60.2,0.0084,0.017
odysseus,arm.L.pitch,27.917,-166.2,-21.9,-183.3,60.2,0.0075,0.006
odysseus,arm.L.pitch,28,-166.2,0,-183.3,60.2,0.0073,0
odysseus,arm.L.pitch,39.583,-166,2.2,-183.3,60.2,0.0072,0.001
odysseus,arm.L.pitch,39.667,-163,35.6,-183.3,60.2,0.009,0.011
odysseus,arm.L.pitch,39.75,-155.3,92.6,-183.3,60.2,0.013,0.042
odysseus,arm.L.pitch,39.833,-144.9,124.2,-183.3,60.2,0.0173,0.076
odysseus,arm.L.pitch,39.917,-137.4,90.3,-183.3,60.2,0.0203,0.065
odysseus,arm.L.pitch,40,-133.2,51,-183.3,60.2,0.022,0.04
odysseus,arm.L.pitch,40.083,-130.7,29.6,-183.3,60.2,0.0226,0.024
odysseus,arm.L.pitch,40.167,-130.2,5.7,-183.3,60.2,0.0228,0.006
odysseus,arm.L.pitch,40.25,-131.7,-17.6,-183.3,60.2,0.0223,0.015
odysseus,arm.L.pitch,40.333,-134.8,-37.2,-183.3,60.2,0.0211,0.028
odysseus,arm.L.pitch,40.417,-138.9,-49.8,-183.3,60.2,0.0195,0.035
odysseus,arm.L.pitch,40.5,-143.3,-52.9,-183.3,60.2,0.0176,0.033
odysseus,arm.L.pitch,40.583,-147.1,-45,-183.3,60.2,0.0161,0.026
odysseus,arm.L.pitch,40.667,-149.3,-26.1,-183.3,60.2,0.0153,0.014
odysseus,arm.L.pitch,40.75,-149.1,2.4,-183.3,60.2,0.0155,0.002
odysseus,arm.L.pitch,40.833,-146,37.2,-183.3,60.2,0.0169,0.023
odysseus,arm.L.pitch,40.917,-139.8,74.4,-183.3,60.2,0.0195,0.051
odysseus,arm.L.pitch,41,-130.6,109.4,-183.3,60.2,0.0228,0.088
odysseus,arm.L.pitch,41.083,-119.2,137.7,-183.3,60.2,0.0261,0.127
odysseus,arm.L.pitch,41.167,-106.2,155.6,-183.3,60.2,0.0285,0.156
odysseus,arm.L.pitch,41.25,-92.8,161.1,-183.3,60.2,0.0295,0.167
odysseus,arm.L.pitch,41.333,-80,153.6,-183.3,60.2,0.0291,0.158
odysseus,arm.L.pitch,41.417,-68.8,134.3,-183.3,60.2,0.0277,0.131
odysseus,arm.L.pitch,41.5,-60,105.8,-183.3,60.2,0.0258,0.097
odysseus,arm.L.pitch,41.583,-54,71.8,-183.3,60.2,0.0242,0.062
odysseus,arm.L.pitch,41.667,-55.4,-16.6,-183.3,60.2,0.0253,0.016
odysseus,arm.L.pitch,41.75,-64.8,-113.3,-183.3,60.2,0.0278,0.112
odysseus,arm.L.pitch,41.833,-76.6,-141.1,-183.3,60.2,0.029,0.144
odysseus,arm.L.pitch,41.917,-84.7,-98,-183.3,60.2,0.0298,0.104
odysseus,arm.L.pitch,42,-73.9,130.6,-183.3,60.2,0.0311,0.144
odysseus,arm.L.pitch,42.083,-66.8,85,-183.3,60.2,0.0276,0.084
odysseus,arm.L.pitch,42.167,-60.8,71.9,-183.3,60.2,0.0258,0.066
odysseus,arm.L.pitch,42.25,-53.2,91.4,-183.3,60.2,0.0238,0.077
odysseus,arm.L.pitch,42.333,-45.8,87.9,-183.3,60.2,0.0212,0.066
odysseus,arm.L.pitch,42.417,-44.4,17.6,-183.3,60.2,0.0215,0.014
odysseus,arm.L.pitch,42.5,-50.2,-69.8,-183.3,60.2,0.0237,0.059
odysseus,arm.L.pitch,42.583,-58.2,-96.2,-183.3,60.2,0.0253,0.086
odysseus,arm.L.pitch,42.667,-66.9,-104.8,-183.3,60.2,0.0272,0.101
odysseus,arm.L.pitch,42.75,-74.9,-96.2,-183.3,60.2,0.0285,0.097
odysseus,arm.L.pitch,42.833,-80.8,-70.3,-183.3,60.2,0.0294,0.074
odysseus,arm.L.pitch,42.917,-83.1,-27.3,-183.3,60.2,0.0298,0.03
odysseus,arm.L.pitch,43,-71.7,136.6,-183.3,60.2,0.03,0.145
odysseus,arm.L.pitch,43.083,-62.4,111.7,-183.3,60.2,0.0264,0.104
odysseus,arm.L.pitch,43.167,-55.1,86.9,-183.3,60.2,0.0245,0.075
odysseus,arm.L.pitch,43.25,-50,62.1,-183.3,60.2,0.0228,0.051
odysseus,arm.L.pitch,43.333,-46.9,37.2,-183.3,60.2,0.0218,0.029
odysseus,arm.L.pitch,43.417,-45.8,12.4,-183.3,60.2,0.0214,0.01
odysseus,arm.L.pitch,43.5,-47.4,-19.2,-183.3,60.2,0.0221,0.016
odysseus,arm.L.pitch,43.583,-51.7,-50.6,-183.3,60.2,0.0235,0.043
odysseus,arm.L.pitch,43.667,-57.6,-71.6,-183.3,60.2,0.0251,0.064
odysseus,arm.L.pitch,43.75,-64.5,-82,-183.3,60.2,0.0267,0.078
odysseus,arm.L.pitch,43.833,-71.3,-82,-183.3,60.2,0.0279,0.081
odysseus,arm.L.pitch,43.917,-77.3,-71.6,-183.3,60.2,0.0288,0.074
odysseus,arm.L.pitch,44,-81.5,-50.6,-183.3,60.2,0.0294,0.054
odysseus,arm.L.pitch,44.083,-83.1,-19.2,-183.3,60.2,0.0296,0.022
odysseus,arm.L.pitch,44.167,-69.7,160.9,-183.3,60.2,0.0299,0.169
odysseus,arm.L.pitch,44.25,-59.2,125.1,-183.3,60.2,0.0257,0.114
odysseus,arm.L.pitch,44.333,-51.8,89.4,-183.3,60.2,0.0236,0.075
odysseus,arm.L.pitch,44.417,-47.3,53.6,-183.3,60.2,0.0221,0.042
odysseus,arm.L.pitch,44.5,-45.8,17.9,-183.3,60.2,0.0216,0.014
odysseus,arm.L.pitch,44.583,-47.9,-24.8,-183.3,60.2,0.0224,0.02
odysseus,arm.L.pitch,44.667,-53.2,-63.8,-183.3,60.2,0.0241,0.055
odysseus,arm.L.pitch,44.75,-60.5,-87.3,-183.3,60.2,0.0259,0.08
odysseus,arm.L.pitch,44.833,-68.4,-95.1,-183.3,60.2,0.0275,0.093
odysseus,arm.L.pitch,44.917,-75.7,-87.3,-183.3,60.2,0.0286,0.089
odysseus,arm.L.pitch,45,-81,-63.8,-183.3,60.2,0.0294,0.067
odysseus,arm.L.pitch,45.083,-83.1,-24.8,-183.3,60.2,0.0297,0.027
odysseus,arm.L.pitch,45.167,-69.7,160.9,-183.3,60.2,0.0299,0.17
odysseus,arm.L.pitch,45.25,-59.2,125.1,-183.3,60.2,0.0257,0.114
odysseus,arm.L.pitch,45.333,-51.8,89.4,-183.3,60.2,0.0236,0.075
odysseus,arm.L.pitch,45.417,-47.3,53.6,-183.3,60.2,0.0221,0.042
odysseus,arm.L.pitch,45.5,-45.8,17.9,-183.3,60.2,0.0216,0.014
odysseus,arm.L.pitch,45.583,-46.1,-3.2,-183.3,60.2,0.0215,0.003
odysseus,arm.L.pitch,45.667,-46.8,-8.8,-183.3,60.2,0.0215,0.008
odysseus,arm.L.pitch,45.75,-47.9,-13.1,-183.3,60.2,0.0219,0.011
odysseus,arm.L.pitch,45.833,-49.3,-16.2,-183.3,60.2,0.0223,0.014
odysseus,arm.L.pitch,45.917,-50.8,-18.1,-183.3,60.2,0.0228,0.015
odysseus,arm.L.pitch,46,-52.3,-18.7,-183.3,60.2,0.0233,0.016
odysseus,arm.L.pitch,46.083,-53.9,-18.1,-183.3,60.2,0.0238,0.016
odysseus,arm.L.pitch,46.167,-55.2,-16.2,-183.3,60.2,0.0242,0.015
odysseus,arm.L.pitch,46.25,-56.3,-13.1,-183.3,60.2,0.0245,0.012
odysseus,arm.L.pitch,46.333,-57,-8.8,-183.3,60.2,0.0247,0.009
odysseus,arm.L.pitch,46.417,-57.2,-1.8,-183.3,60.2,0.0248,0.003
odysseus,arm.L.pitch,46.5,-48.4,104.9,-183.3,60.2,0.0234,0.087
odysseus,arm.L.pitch,46.583,-39.1,112.1,-183.3,60.2,0.0187,0.074
odysseus,arm.L.pitch,46.667,-43.9,-57.5,-183.3,60.2,0.0225,0.046
odysseus,arm.L.pitch,46.75,-59.4,-186,-183.3,60.2,0.0269,0.176
odysseus,arm.L.pitch,46.833,-83.1,-285,-183.3,60.2,0.0305,0.305
odysseus,arm.L.pitch,46.917,-108.8,-307.6,-183.3,60.2,0.0281,0.304
odysseus,arm.L.pitch,47,-128.5,-236.9,-183.3,60.2,0.0239,0.199
odysseus,arm.L.pitch,47.083,-137.2,-103.6,-183.3,60.2,0.0217,0.079
odysseus,arm.L.pitch,47.167,-134.9,26.6,-183.3,60.2,0.0225,0.022
odysseus,arm.L.pitch,47.25,-127.5,89.2,-183.3,60.2,0.0241,0.076
odysseus,arm.L.pitch,47.333,-122.6,58.5,-183.3,60.2,0.0252,0.053
odysseus,arm.L.pitch,47.417,-126,-40.5,-183.3,60.2,0.0251,0.037
odysseus,arm.L.pitch,47.5,-138.6,-151.2,-183.3,60.2,0.0209,0.111
odysseus,arm.L.pitch,47.583,-156.9,-220,-183.3,60.2,0.0124,0.095
odysseus,arm.L.pitch,47.667,-174.2,-206.7,-183.3,60.2,0.0032,0.023
odysseus,arm.L.pitch,47.75,-174,2.6,-183.3,60.2,0.0057,0.001
odysseus,arm.L.pitch,47.833,-171.9,24.8,-183.3,60.2,0.0044,0.004
odysseus,arm.L.pitch,47.917,-171.9,0,-183.3,60.2,0.0045,0
odysseus,arm.L.pitch,50,-161.6,123.8,-183.3,60.2,0.0109,0.047
odysseus,arm.L.pitch,50.083,-153.6,96.3,-183.3,60.2,0.0135,0.046
odysseus,arm.L.pitch,50.167,-147.8,68.8,-183.3,60.2,0.016,0.039
odysseus,arm.L.pitch,50.25,-144.4,41.3,-183.3,60.2,0.0175,0.026
odysseus,arm.L.pitch,50.333,-143.2,13.8,-183.3,60.2,0.018,0.009
odysseus,arm.L.pitch,50.417,-183.3,-481.3,-183.3,60.2,0.0079,0.133
odysseus,arm.L.pitch,50.5,-183.3,0,-183.3,60.2,0.0078,0
odysseus,arm.L.pitch,51.75,-175.5,94,-183.3,60.2,0.0035,0.011
odysseus,arm.L.pitch,51.833,-169,77.9,-183.3,60.2,0.0058,0.016
odysseus,arm.L.pitch,51.917,-169.2,-1.9,-183.3,60.2,0.0065,0.001
odysseus,arm.L.pitch,52,-169.6,-4.9,-183.3,60.2,0.0054,0.001
odysseus,arm.L.pitch,52.083,-170.2,-6.7,-183.3,60.2,0.0051,0.001
odysseus,arm.L.pitch,52.167,-170.8,-7.3,-183.3,60.2,0.0047,0.001
odysseus,arm.L.pitch,52.25,-171.3,-6.7,-183.3,60.2,0.0044,0.001
odysseus,arm.L.pitch,52.333,-171.7,-4.9,-183.3,60.2,0.0043,0.001
odysseus,arm.L.pitch,52.417,-171.9,-1.9,-183.3,60.2,0.0042,0
odysseus,arm.L.pitch,52.5,-171.9,0,-183.3,60.2,0.0042,0
odysseus,arm.L.pitch,53.25,-171.1,8.9,-183.3,60.2,0.0046,0.001
odysseus,arm.L.pitch,53.333,-169.8,16.6,-183.3,60.2,0.0053,0.003
odysseus,arm.L.pitch,53.417,-169,8.9,-183.3,60.2,0.0057,0.002
odysseus,arm.L.pitch,53.5,-169.1,-1.5,-183.3,60.2,0.0057,0
odysseus,arm.L.pitch,53.583,-169.5,-3.9,-183.3,60.2,0.0054,0.001
odysseus,arm.L.pitch,53.667,-169.9,-5.5,-183.3,60.2,0.0052,0.001
odysseus,arm.L.pitch,53.75,-170.5,-6.3,-183.3,60.2,0.0049,0.001
odysseus,arm.L.pitch,53.833,-171,-6.3,-183.3,60.2,0.0046,0.001
odysseus,arm.L.pitch,53.917,-171.4,-5.5,-183.3,60.2,0.0044,0.001
odysseus,arm.L.pitch,54,-171.8,-3.9,-183.3,60.2,0.0042,0.001
odysseus,arm.L.pitch,54.083,-171.9,-1.5,-183.3,60.2,0.0042,0
odysseus,arm.L.pitch,54.167,-171.9,0,-183.3,60.2,0.0042,0
odysseus,arm.L.pitch,54.667,-171.4,5.4,-183.3,60.2,0.0044,0.001
odysseus,arm.L.pitch,54.75,-170.5,11.8,-183.3,60.2,0.005,0.002
odysseus,arm.L.pitch,54.833,-169.5,11.8,-183.3,60.2,0.0054,0.002
odysseus,arm.L.pitch,54.917,-169,5.4,-183.3,60.2,0.0057,0.001
odysseus,arm.L.pitch,55,-169.2,-1.9,-183.3,60.2,0.0056,0
odysseus,arm.L.pitch,55.083,-169.6,-4.9,-183.3,60.2,0.0054,0.001
odysseus,arm.L.pitch,55.167,-170.2,-6.7,-183.3,60.2,0.0051,0.001
odysseus,arm.L.pitch,55.25,-170.8,-7.3,-183.3,60.2,0.0047,0.001
odysseus,arm.L.pitch,55.333,-171.3,-6.7,-183.3,60.2,0.0044,0.001
odysseus,arm.L.pitch,55.417,-171.7,-4.9,-183.3,60.2,0.0043,0.001
odysseus,arm.L.pitch,55.5,-171.9,-1.9,-183.3,60.2,0.0042,0
odysseus,arm.L.pitch,55.583,-171.9,0,-183.3,60.2,0.0042,0
odysseus,arm.L.pitch,57.333,-171.1,8.9,-183.3,60.2,0.0046,0.001
odysseus,arm.L.pitch,57.417,-169.8,16.6,-183.3,60.2,0.0053,0.003
odysseus,arm.L.pitch,57.5,-169,8.9,-183.3,60.2,0.0057,0.002
odysseus,arm.L.pitch,57.583,-169.1,-1.5,-183.3,60.2,0.0057,0
odysseus,arm.L.pitch,57.667,-169.5,-3.9,-183.3,60.2,0.0054,0.001
odysseus,arm.L.pitch,57.75,-169.9,-5.5,-183.3,60.2,0.0052,0.001
odysseus,arm.L.pitch,57.833,-170.5,-6.3,-183.3,60.2,0.0049,0.001
odysseus,arm.L.pitch,57.917,-171,-6.3,-183.3,60.2,0.0046,0.001
odysseus,arm.L.pitch,58,-171.4,-5.5,-183.3,60.2,0.0044,0.001
odysseus,arm.L.pitch,58.083,-171.8,-3.9,-183.3,60.2,0.0042,0.001
odysseus,arm.L.pitch,58.167,-171.9,-1.5,-183.3,60.2,0.0042,0
odysseus,arm.L.pitch,58.25,-171.9,0,-183.3,60.2,0.0042,0
odysseus,arm.L.pitch,60.583,-171.9,0,-183.3,60.2,0.0042,0
odysseus,arm.L.out,0,0,0,-11.5,31.5,0,0
odysseus,arm.L.out,0.75,6.8,81.7,-11.5,31.5,0.0045,0.013
odysseus,arm.L.out,0.833,12.1,63.5,-11.5,31.5,0.0064,0.014
odysseus,arm.L.out,0.917,15.9,45.4,-11.5,31.5,0.0083,0.013
odysseus,arm.L.out,1,18.2,27.2,-11.5,31.5,0.0094,0.009
odysseus,arm.L.out,1.083,18.9,9.1,-11.5,31.5,0.0098,0.003
odysseus,arm.L.out,1.167,18.1,-9.5,-11.5,31.5,0.0094,0.003
odysseus,arm.L.out,1.25,17.3,-9.5,-11.5,31.5,0.0088,0.003
odysseus,arm.L.out,1.333,16.5,-9.5,-11.5,31.5,0.0084,0.003
odysseus,arm.L.out,1.417,15.8,-9.5,-11.5,31.5,0.008,0.003
odysseus,arm.L.out,1.5,15,-9.5,-11.5,31.5,0.0076,0.003
odysseus,arm.L.out,1.583,14.2,-9.5,-11.5,31.5,0.0072,0.002
odysseus,arm.L.out,1.667,13.1,-12.6,-11.5,31.5,0.0067,0.003
odysseus,arm.L.out,1.75,10.5,-31.5,-11.5,31.5,0.0056,0.006
odysseus,arm.L.out,1.833,7.1,-41,-11.5,31.5,0.0038,0.005
odysseus,arm.L.out,1.917,3.7,-41,-11.5,31.5,0.0019,0.003
odysseus,arm.L.out,2,1.1,-31.5,-11.5,31.5,0.0007,0.001
odysseus,arm.L.out,2.083,0,-12.6,-11.5,31.5,0.0002,0
odysseus,arm.L.out,2.167,0,0,-11.5,31.5,0.0002,0
odysseus,arm.L.out,4.75,4.7,56.7,-11.5,31.5,0.0031,0.006
odysseus,arm.L.out,4.833,8.6,46.4,-11.5,31.5,0.0045,0.007
odysseus,arm.L.out,4.917,11.6,36.1,-11.5,31.5,0.006,0.008
odysseus,arm.L.out,5,13.8,25.8,-11.5,31.5,0.0071,0.007
odysseus,arm.L.out,5.083,15,15.5,-11.5,31.5,0.0078,0.004
odysseus,arm.L.out,5.167,15.5,5.2,-11.5,31.5,0.008,0.002
odysseus,arm.L.out,5.25,14.7,-9.3,-11.5,31.5,0.0076,0.003
odysseus,arm.L.out,5.333,13.9,-9.3,-11.5,31.5,0.0071,0.002
odysseus,arm.L.out,5.417,13.1,-9.3,-11.5,31.5,0.0067,0.002
odysseus,arm.L.out,5.5,12.4,-9.3,-11.5,31.5,0.0063,0.002
odysseus,arm.L.out,5.583,11.6,-9.3,-11.5,31.5,0.0059,0.002
odysseus,arm.L.out,5.667,10.7,-10.3,-11.5,31.5,0.0055,0.002
odysseus,arm.L.out,5.75,8.6,-25.8,-11.5,31.5,0.0046,0.004
odysseus,arm.L.out,5.833,5.8,-33.5,-11.5,31.5,0.0031,0.004
odysseus,arm.L.out,5.917,3,-33.5,-11.5,31.5,0.0015,0.002
odysseus,arm.L.out,6,0.9,-25.8,-11.5,31.5,0.0005,0
odysseus,arm.L.out,6.083,0,-10.3,-11.5,31.5,0.0002,0
odysseus,arm.L.out,6.167,0,0,-11.5,31.5,0.0001,0
odysseus,arm.L.out,8.667,4.7,56.7,-11.5,31.5,0.0031,0.006
odysseus,arm.L.out,8.75,8.6,46.4,-11.5,31.5,0.0045,0.007
odysseus,arm.L.out,8.833,11.6,36.1,-11.5,31.5,0.006,0.008
odysseus,arm.L.out,8.917,13.8,25.8,-11.5,31.5,0.0071,0.007
odysseus,arm.L.out,9,15,15.5,-11.5,31.5,0.0078,0.004
odysseus,arm.L.out,9.083,15.5,5.2,-11.5,31.5,0.008,0.002
odysseus,arm.L.out,9.167,14.8,-7.7,-11.5,31.5,0.0077,0.002
odysseus,arm.L.out,9.25,14.2,-7.7,-11.5,31.5,0.0072,0.002
odysseus,arm.L.out,9.333,13.5,-7.7,-11.5,31.5,0.0069,0.002
odysseus,arm.L.out,9.417,12.9,-7.7,-11.5,31.5,0.0066,0.002
odysseus,arm.L.out,9.5,12.2,-7.7,-11.5,31.5,0.0062,0.002
odysseus,arm.L.out,9.583,11.6,-7.7,-11.5,31.5,0.0059,0.002
odysseus,arm.L.out,9.667,10.7,-10.3,-11.5,31.5,0.0055,0.002
odysseus,arm.L.out,9.75,8.6,-25.8,-11.5,31.5,0.0046,0.004
odysseus,arm.L.out,9.833,5.8,-33.5,-11.5,31.5,0.0031,0.004
odysseus,arm.L.out,9.917,3,-33.5,-11.5,31.5,0.0015,0.002
odysseus,arm.L.out,10,0.9,-25.8,-11.5,31.5,0.0005,0
odysseus,arm.L.out,10.083,0,-10.3,-11.5,31.5,0.0002,0
odysseus,arm.L.out,10.167,0,0,-11.5,31.5,0.0001,0
odysseus,arm.L.out,14.667,5.6,66.8,-11.5,31.5,0.0037,0.009
odysseus,arm.L.out,14.75,9.9,52,-11.5,31.5,0.0052,0.01
odysseus,arm.L.out,14.833,13,37.1,-11.5,31.5,0.0068,0.009
odysseus,arm.L.out,14.917,14.9,22.3,-11.5,31.5,0.0077,0.006
odysseus,arm.L.out,15,15.5,7.4,-11.5,31.5,0.008,0.002
odysseus,arm.L.out,15.083,14.8,-7.7,-11.5,31.5,0.0077,0.002
odysseus,arm.L.out,15.167,14.2,-7.7,-11.5,31.5,0.0072,0.002
odysseus,arm.L.out,15.25,13.5,-7.7,-11.5,31.5,0.0069,0.002
odysseus,arm.L.out,15.333,12.9,-7.7,-11.5,31.5,0.0066,0.002
odysseus,arm.L.out,15.417,12.2,-7.7,-11.5,31.5,0.0062,0.002
odysseus,arm.L.out,15.5,11.6,-7.7,-11.5,31.5,0.0059,0.002
odysseus,arm.L.out,15.583,10.7,-10.3,-11.5,31.5,0.0055,0.002
odysseus,arm.L.out,15.667,8.6,-25.8,-11.5,31.5,0.0046,0.004
odysseus,arm.L.out,15.75,5.8,-33.5,-11.5,31.5,0.0031,0.004
odysseus,arm.L.out,15.833,3,-33.5,-11.5,31.5,0.0015,0.002
odysseus,arm.L.out,15.917,0.9,-25.8,-11.5,31.5,0.0005,0
odysseus,arm.L.out,16,0,-10.3,-11.5,31.5,0.0002,0
odysseus,arm.L.out,16.083,0,0,-11.5,31.5,0.0001,0
odysseus,arm.L.out,60.583,0,0,-11.5,31.5,0,0
odysseus,hand.R.roll,0,0,0,-74.5,74.5,0,0
odysseus,hand.R.roll,0.75,1.4,16.8,-74.5,74.5,0,0
odysseus,hand.R.roll,0.833,5,43.2,-74.5,74.5,0,0
odysseus,hand.R.roll,0.917,9.9,59.1,-74.5,74.5,0,0
odysseus,hand.R.roll,1,15.3,64.4,-74.5,74.5,0,0
odysseus,hand.R.roll,1.083,20.2,59.1,-74.5,74.5,0,0
odysseus,hand.R.roll,1.167,23.8,43.2,-74.5,74.5,0,0
odysseus,hand.R.roll,1.25,25.2,16.8,-74.5,74.5,0,0
odysseus,hand.R.roll,1.333,24.5,-8.5,-74.5,74.5,0,0
odysseus,hand.R.roll,1.417,22.6,-23,-74.5,74.5,0,0
odysseus,hand.R.roll,1.5,19.8,-33.9,-74.5,74.5,0,0
odysseus,hand.R.roll,1.583,16.3,-41.1,-74.5,74.5,0,0
odysseus,hand.R.roll,1.667,12.6,-44.8,-74.5,74.5,0,0
odysseus,hand.R.roll,1.75,8.9,-44.8,-74.5,74.5,0,0
odysseus,hand.R.roll,1.833,5.4,-41.1,-74.5,74.5,0,0
odysseus,hand.R.roll,1.917,2.6,-33.9,-74.5,74.5,0,0
odysseus,hand.R.roll,2,0.7,-23,-74.5,74.5,0,0
odysseus,hand.R.roll,2.083,0,-8.5,-74.5,74.5,0,0
odysseus,hand.R.roll,2.167,0,0,-74.5,74.5,0,0
odysseus,hand.R.roll,2.917,2,24.2,-74.5,74.5,0,0
odysseus,hand.R.roll,3,4,24.2,-74.5,74.5,0,0
odysseus,hand.R.roll,3.083,3.8,-2.7,-74.5,74.5,0,0
odysseus,hand.R.roll,3.167,3.2,-6.9,-74.5,74.5,0,0
odysseus,hand.R.roll,3.25,2.4,-9.4,-74.5,74.5,0,0
odysseus,hand.R.roll,3.333,1.6,-10.3,-74.5,74.5,0,0
odysseus,hand.R.roll,3.417,0.8,-9.4,-74.5,74.5,0,0
odysseus,hand.R.roll,3.5,0.2,-6.9,-74.5,74.5,0,0
odysseus,hand.R.roll,3.583,0,-2.7,-74.5,74.5,0,0
odysseus,hand.R.roll,3.667,0,0,-74.5,74.5,0,0
odysseus,hand.R.roll,4.75,0.9,10.6,-74.5,74.5,0,0
odysseus,hand.R.roll,4.833,3.2,28,-74.5,74.5,0,0
odysseus,hand.R.roll,4.917,6.5,39.6,-74.5,74.5,0,0
odysseus,hand.R.roll,5,10.3,45.4,-74.5,74.5,0,0
odysseus,hand.R.roll,5.083,14.1,45.4,-74.5,74.5,0,0
odysseus,hand.R.roll,5.167,17.4,39.6,-74.5,74.5,0,0
odysseus,hand.R.roll,5.25,19.7,28,-74.5,74.5,0,0
odysseus,hand.R.roll,5.333,20.6,10.6,-74.5,74.5,0,0
odysseus,hand.R.roll,5.417,19.9,-8.5,-74.5,74.5,0,0
odysseus,hand.R.roll,5.5,18,-22.7,-74.5,74.5,0,0
odysseus,hand.R.roll,5.583,15.3,-32.9,-74.5,74.5,0,0
odysseus,hand.R.roll,5.667,12,-39,-74.5,74.5,0,0
odysseus,hand.R.roll,5.75,8.6,-41.1,-74.5,74.5,0,0
odysseus,hand.R.roll,5.833,5.3,-39,-74.5,74.5,0,0
odysseus,hand.R.roll,5.917,2.6,-32.9,-74.5,74.5,0,0
odysseus,hand.R.roll,6,0.7,-22.7,-74.5,74.5,0,0
odysseus,hand.R.roll,6.083,0,-8.5,-74.5,74.5,0,0
odysseus,hand.R.roll,6.167,0,0,-74.5,74.5,0,0
odysseus,hand.R.roll,8.667,0.9,10.6,-74.5,74.5,0,0
odysseus,hand.R.roll,8.75,3.2,28,-74.5,74.5,0,0
odysseus,hand.R.roll,8.833,6.5,39.6,-74.5,74.5,0,0
odysseus,hand.R.roll,8.917,10.3,45.4,-74.5,74.5,0,0
odysseus,hand.R.roll,9,14.1,45.4,-74.5,74.5,0,0
odysseus,hand.R.roll,9.083,17.4,39.6,-74.5,74.5,0,0
odysseus,hand.R.roll,9.167,19.7,28,-74.5,74.5,0,0
odysseus,hand.R.roll,9.25,20.6,10.6,-74.5,74.5,0,0
odysseus,hand.R.roll,9.333,20,-6.9,-74.5,74.5,0,0
odysseus,hand.R.roll,9.417,18.5,-18.8,-74.5,74.5,0,0
odysseus,hand.R.roll,9.5,16.2,-27.7,-74.5,74.5,0,0
odysseus,hand.R.roll,9.583,13.4,-33.7,-74.5,74.5,0,0
odysseus,hand.R.roll,9.667,10.3,-36.6,-74.5,74.5,0,0
odysseus,hand.R.roll,9.75,7.3,-36.6,-74.5,74.5,0,0
odysseus,hand.R.roll,9.833,4.5,-33.7,-74.5,74.5,0,0
odysseus,hand.R.roll,9.917,2.1,-27.7,-74.5,74.5,0,0
odysseus,hand.R.roll,10,0.6,-18.8,-74.5,74.5,0,0
odysseus,hand.R.roll,10.083,0,-6.9,-74.5,74.5,0,0
odysseus,hand.R.roll,10.167,0,0,-74.5,74.5,0,0
odysseus,hand.R.roll,10.833,1.1,13.3,-74.5,74.5,0,0
odysseus,hand.R.roll,10.917,4,35,-74.5,74.5,0,0
odysseus,hand.R.roll,11,8.2,49.6,-74.5,74.5,0,0
odysseus,hand.R.roll,11.083,12.9,56.8,-74.5,74.5,0,0
odysseus,hand.R.roll,11.167,17.6,56.8,-74.5,74.5,0,0
odysseus,hand.R.roll,11.25,21.8,49.6,-74.5,74.5,0,0
odysseus,hand.R.roll,11.333,24.7,35,-74.5,74.5,0,0
odysseus,hand.R.roll,11.417,25.8,13.3,-74.5,74.5,0,0
odysseus,hand.R.roll,11.5,25.1,-8.7,-74.5,74.5,0,0
odysseus,hand.R.roll,11.583,23.1,-23.5,-74.5,74.5,0,0
odysseus,hand.R.roll,11.667,20.2,-34.7,-74.5,74.5,0,0
odysseus,hand.R.roll,11.75,16.7,-42.1,-74.5,74.5,0,0
odysseus,hand.R.roll,11.833,12.9,-45.8,-74.5,74.5,0,0
odysseus,hand.R.roll,11.917,9.1,-45.8,-74.5,74.5,0,0
odysseus,hand.R.roll,12,5.6,-42.1,-74.5,74.5,0,0
odysseus,hand.R.roll,12.083,2.7,-34.7,-74.5,74.5,0,0
odysseus,hand.R.roll,12.167,0.7,-23.5,-74.5,74.5,0,0
odysseus,hand.R.roll,12.25,0,-8.7,-74.5,74.5,0,0
odysseus,hand.R.roll,12.333,0,0,-74.5,74.5,0,0
odysseus,hand.R.roll,14.667,1.1,13.7,-74.5,74.5,0,0
odysseus,hand.R.roll,14.75,4.1,35.4,-74.5,74.5,0,0
odysseus,hand.R.roll,14.833,8.1,48.3,-74.5,74.5,0,0
odysseus,hand.R.roll,14.917,12.5,52.7,-74.5,74.5,0,0
odysseus,hand.R.roll,15,16.5,48.3,-74.5,74.5,0,0
odysseus,hand.R.roll,15.083,19.5,35.4,-74.5,74.5,0,0
odysseus,hand.R.roll,15.167,20.6,13.7,-74.5,74.5,0,0
odysseus,hand.R.roll,15.25,20,-6.9,-74.5,74.5,0,0
odysseus,hand.R.roll,15.333,18.5,-18.8,-74.5,74.5,0,0
odysseus,hand.R.roll,15.417,16.2,-27.7,-74.5,74.5,0,0
odysseus,hand.R.roll,15.5,13.4,-33.7,-74.5,74.5,0,0
odysseus,hand.R.roll,15.583,10.3,-36.6,-74.5,74.5,0,0
odysseus,hand.R.roll,15.667,7.3,-36.6,-74.5,74.5,0,0
odysseus,hand.R.roll,15.75,4.5,-33.7,-74.5,74.5,0,0
odysseus,hand.R.roll,15.833,2.1,-27.7,-74.5,74.5,0,0
odysseus,hand.R.roll,15.917,0.6,-18.8,-74.5,74.5,0,0
odysseus,hand.R.roll,16,0,-6.9,-74.5,74.5,0,0
odysseus,hand.R.roll,16.083,0,0,-74.5,74.5,0,0
odysseus,hand.R.roll,60.583,0,0,-74.5,74.5,0,0
odysseus,hand.L.roll,0,0,0,-74.5,74.5,0,0
odysseus,hand.L.roll,0.75,-1.4,-16.8,-74.5,74.5,0,0
odysseus,hand.L.roll,0.833,-5,-43.2,-74.5,74.5,0,0
odysseus,hand.L.roll,0.917,-9.9,-59.1,-74.5,74.5,0,0
odysseus,hand.L.roll,1,-15.3,-64.4,-74.5,74.5,0,0
odysseus,hand.L.roll,1.083,-20.2,-59.1,-74.5,74.5,0,0
odysseus,hand.L.roll,1.167,-23.8,-43.2,-74.5,74.5,0,0
odysseus,hand.L.roll,1.25,-25.2,-16.8,-74.5,74.5,0,0
odysseus,hand.L.roll,1.333,-24.5,8.5,-74.5,74.5,0,0
odysseus,hand.L.roll,1.417,-22.6,23,-74.5,74.5,0,0
odysseus,hand.L.roll,1.5,-19.8,33.9,-74.5,74.5,0,0
odysseus,hand.L.roll,1.583,-16.3,41.1,-74.5,74.5,0,0
odysseus,hand.L.roll,1.667,-12.6,44.8,-74.5,74.5,0,0
odysseus,hand.L.roll,1.75,-8.9,44.8,-74.5,74.5,0,0
odysseus,hand.L.roll,1.833,-5.4,41.1,-74.5,74.5,0,0
odysseus,hand.L.roll,1.917,-2.6,33.9,-74.5,74.5,0,0
odysseus,hand.L.roll,2,-0.7,23,-74.5,74.5,0,0
odysseus,hand.L.roll,2.083,0,8.5,-74.5,74.5,0,0
odysseus,hand.L.roll,2.167,0,0,-74.5,74.5,0,0
odysseus,hand.L.roll,4.75,-0.9,-10.6,-74.5,74.5,0,0
odysseus,hand.L.roll,4.833,-3.2,-28,-74.5,74.5,0,0
odysseus,hand.L.roll,4.917,-6.5,-39.6,-74.5,74.5,0,0
odysseus,hand.L.roll,5,-10.3,-45.4,-74.5,74.5,0,0
odysseus,hand.L.roll,5.083,-14.1,-45.4,-74.5,74.5,0,0
odysseus,hand.L.roll,5.167,-17.4,-39.6,-74.5,74.5,0,0
odysseus,hand.L.roll,5.25,-19.7,-28,-74.5,74.5,0,0
odysseus,hand.L.roll,5.333,-20.6,-10.6,-74.5,74.5,0,0
odysseus,hand.L.roll,5.417,-19.9,8.5,-74.5,74.5,0,0
odysseus,hand.L.roll,5.5,-18,22.7,-74.5,74.5,0,0
odysseus,hand.L.roll,5.583,-15.3,32.9,-74.5,74.5,0,0
odysseus,hand.L.roll,5.667,-12,39,-74.5,74.5,0,0
odysseus,hand.L.roll,5.75,-8.6,41.1,-74.5,74.5,0,0
odysseus,hand.L.roll,5.833,-5.3,39,-74.5,74.5,0,0
odysseus,hand.L.roll,5.917,-2.6,32.9,-74.5,74.5,0,0
odysseus,hand.L.roll,6,-0.7,22.7,-74.5,74.5,0,0
odysseus,hand.L.roll,6.083,0,8.5,-74.5,74.5,0,0
odysseus,hand.L.roll,6.167,0,0,-74.5,74.5,0,0
odysseus,hand.L.roll,8.667,-0.9,-10.6,-74.5,74.5,0,0
odysseus,hand.L.roll,8.75,-3.2,-28,-74.5,74.5,0,0
odysseus,hand.L.roll,8.833,-6.5,-39.6,-74.5,74.5,0,0
odysseus,hand.L.roll,8.917,-10.3,-45.4,-74.5,74.5,0,0
odysseus,hand.L.roll,9,-14.1,-45.4,-74.5,74.5,0,0
odysseus,hand.L.roll,9.083,-17.4,-39.6,-74.5,74.5,0,0
odysseus,hand.L.roll,9.167,-19.7,-28,-74.5,74.5,0,0
odysseus,hand.L.roll,9.25,-20.6,-10.6,-74.5,74.5,0,0
odysseus,hand.L.roll,9.333,-20,6.9,-74.5,74.5,0,0
odysseus,hand.L.roll,9.417,-18.5,18.8,-74.5,74.5,0,0
odysseus,hand.L.roll,9.5,-16.2,27.7,-74.5,74.5,0,0
odysseus,hand.L.roll,9.583,-13.4,33.7,-74.5,74.5,0,0
odysseus,hand.L.roll,9.667,-10.3,36.6,-74.5,74.5,0,0
odysseus,hand.L.roll,9.75,-7.3,36.6,-74.5,74.5,0,0
odysseus,hand.L.roll,9.833,-4.5,33.7,-74.5,74.5,0,0
odysseus,hand.L.roll,9.917,-2.1,27.7,-74.5,74.5,0,0
odysseus,hand.L.roll,10,-0.6,18.8,-74.5,74.5,0,0
odysseus,hand.L.roll,10.083,0,6.9,-74.5,74.5,0,0
odysseus,hand.L.roll,10.167,0,0,-74.5,74.5,0,0
odysseus,hand.L.roll,14.667,-1.1,-13.7,-74.5,74.5,0,0
odysseus,hand.L.roll,14.75,-4.1,-35.4,-74.5,74.5,0,0
odysseus,hand.L.roll,14.833,-8.1,-48.3,-74.5,74.5,0,0
odysseus,hand.L.roll,14.917,-12.5,-52.7,-74.5,74.5,0,0
odysseus,hand.L.roll,15,-16.5,-48.3,-74.5,74.5,0,0
odysseus,hand.L.roll,15.083,-19.5,-35.4,-74.5,74.5,0,0
odysseus,hand.L.roll,15.167,-20.6,-13.7,-74.5,74.5,0,0
odysseus,hand.L.roll,15.25,-20,6.9,-74.5,74.5,0,0
odysseus,hand.L.roll,15.333,-18.5,18.8,-74.5,74.5,0,0
odysseus,hand.L.roll,15.417,-16.2,27.7,-74.5,74.5,0,0
odysseus,hand.L.roll,15.5,-13.4,33.7,-74.5,74.5,0,0
odysseus,hand.L.roll,15.583,-10.3,36.6,-74.5,74.5,0,0
odysseus,hand.L.roll,15.667,-7.3,36.6,-74.5,74.5,0,0
odysseus,hand.L.roll,15.75,-4.5,33.7,-74.5,74.5,0,0
odysseus,hand.L.roll,15.833,-2.1,27.7,-74.5,74.5,0,0
odysseus,hand.L.roll,15.917,-0.6,18.8,-74.5,74.5,0,0
odysseus,hand.L.roll,16,0,6.9,-74.5,74.5,0,0
odysseus,hand.L.roll,16.083,0,0,-74.5,74.5,0,0
odysseus,hand.L.roll,60.583,0,0,-74.5,74.5,0,0
odysseus,leg.R.pitch,0,0,0,-91.7,54.4,0,0
odysseus,leg.R.pitch,39.583,0.2,1.9,-91.7,54.4,0.0003,0
odysseus,leg.R.pitch,39.667,3.5,40.3,-91.7,54.4,0.0055,0.008
odysseus,leg.R.pitch,39.75,12.7,110.6,-91.7,54.4,0.0175,0.068
odysseus,leg.R.pitch,39.833,24.9,146.5,-91.7,54.4,0.0302,0.156
odysseus,leg.R.pitch,39.917,32.6,92.5,-91.7,54.4,0.0389,0.129
odysseus,leg.R.pitch,40,35.3,31.7,-91.7,54.4,0.0417,0.05
odysseus,leg.R.pitch,40.083,34.9,-4,-91.7,54.4,0.0406,0.009
odysseus,leg.R.pitch,40.167,31.4,-42.5,-91.7,54.4,0.0371,0.058
odysseus,leg.R.pitch,40.25,24.8,-79.7,-91.7,54.4,0.03,0.085
odysseus,leg.R.pitch,40.333,15.5,-111.3,-91.7,54.4,0.0194,0.076
odysseus,leg.R.pitch,40.417,4.4,-132.7,-91.7,54.4,0.006,0.028
odysseus,leg.R.pitch,40.5,-7.3,-140.5,-91.7,54.4,0.009,0.044
odysseus,leg.R.pitch,40.583,-18.3,-132.6,-91.7,54.4,0.0219,0.102
odysseus,leg.R.pitch,40.667,-27.4,-109.1,-91.7,54.4,0.0324,0.126
odysseus,leg.R.pitch,40.75,-33.4,-71.9,-91.7,54.4,0.0391,0.101
odysseus,leg.R.pitch,40.833,-35.5,-25.3,-91.7,54.4,0.0415,0.04
odysseus,leg.R.pitch,40.917,-33.4,25,-91.7,54.4,0.0396,0.038
odysseus,leg.R.pitch,41,-27.4,72.8,-91.7,54.4,0.0332,0.087
odysseus,leg.R.pitch,41.083,-18.1,111.8,-91.7,54.4,0.0226,0.089
odysseus,leg.R.pitch,41.167,-6.6,137.2,-91.7,54.4,0.0088,0.042
odysseus,leg.R.pitch,41.25,5.5,145.9,-91.7,54.4,0.0069,0.035
odysseus,leg.R.pitch,41.333,17,137.2,-91.7,54.4,0.0203,0.098
odysseus,leg.R.pitch,41.417,26.4,112.7,-91.7,54.4,0.0313,0.125
odysseus,leg.R.pitch,41.5,32.7,76.3,-91.7,54.4,0.0384,0.105
odysseus,leg.R.pitch,41.583,35.4,32.7,-91.7,54.4,0.0413,0.051
odysseus,leg.R.pitch,41.667,34.4,-12.4,-91.7,54.4,0.0403,0.021
odysseus,leg.R.pitch,41.75,29.9,-53.9,-91.7,54.4,0.0357,0.07
odysseus,leg.R.pitch,41.833,22.6,-87.4,-91.7,54.4,0.0276,0.086
odysseus,leg.R.pitch,41.917,13.4,-110.2,-91.7,54.4,0.0167,0.065
odysseus,leg.R.pitch,42,3.3,-121.2,-91.7,54.4,0.0044,0.019
odysseus,leg.R.pitch,42.083,-6.7,-120.1,-91.7,54.4,0.008,0.034
odysseus,leg.R.pitch,42.167,-12.8,-73.8,-91.7,54.4,0.0168,0.044
odysseus,leg.R.pitch,42.25,-11.3,18,-91.7,54.4,0.0166,0.011
odysseus,leg.R.pitch,42.333,-4.8,78.6,-91.7,54.4,0.0078,0.021
odysseus,leg.R.pitch,42.417,-0.1,56.6,-91.7,54.4,0.0008,0.002
odysseus,leg.R.pitch,42.5,0,0.7,-91.7,54.4,0.0019,0
odysseus,leg.R.pitch,42.583,0,0,-91.7,54.4,0,0
odysseus,leg.R.pitch,46.417,0.3,4.2,-91.7,54.4,0.0006,0
odysseus,leg.R.pitch,46.5,15.2,178,-91.7,54.4,0.0239,0.15
odysseus,leg.R.pitch,46.583,33.9,224.3,-91.7,54.4,0.0399,0.315
odysseus,leg.R.pitch,46.667,35.7,22,-91.7,54.4,0.047,0.04
odysseus,leg.R.pitch,46.75,25,-128.9,-91.7,54.4,0.0341,0.156
odysseus,leg.R.pitch,46.833,4.6,-244.5,-91.7,54.4,0.0094,0.081
odysseus,leg.R.pitch,46.917,-17.1,-259.7,-91.7,54.4,0.0207,0.188
odysseus,leg.R.pitch,47,-29.7,-151.7,-91.7,54.4,0.0377,0.203
odysseus,leg.R.pitch,47.083,-26.6,37.6,-91.7,54.4,0.0372,0.052
odysseus,leg.R.pitch,47.167,-8.4,217.4,-91.7,54.4,0.0162,0.124
odysseus,leg.R.pitch,47.25,16.5,299,-91.7,54.4,0.0223,0.233
odysseus,leg.R.pitch,47.333,37,246.7,-91.7,54.4,0.0431,0.375
odysseus,leg.R.pitch,47.417,45,95.3,-91.7,54.4,0.0537,0.184
odysseus,leg.R.pitch,47.5,38.5,-77.4,-91.7,54.4,0.0487,0.136
odysseus,leg.R.pitch,47.583,22.1,-197.4,-91.7,54.4,0.0299,0.208
odysseus,leg.R.pitch,47.667,4.6,-209.6,-91.7,54.4,0.0059,0.043
odysseus,leg.R.pitch,47.75,8.2,43.2,-91.7,54.4,0.0184,0.028
odysseus,leg.R.pitch,47.833,11.5,39.1,-91.7,54.4,0.0138,0.019
odysseus,leg.R.pitch,47.917,11.5,0,-91.7,54.4,0.015,0
odysseus,leg.R.pitch,50,5.3,-74.3,-91.7,54.4,0.0088,0.023
odysseus,leg.R.pitch,50.083,0.5,-57.8,-91.7,54.4,0.0011,0.002
odysseus,leg.R.pitch,50.167,-3,-41.3,-91.7,54.4,0.0041,0.006
odysseus,leg.R.pitch,50.25,-5,-24.8,-91.7,54.4,0.0066,0.006
odysseus,leg.R.pitch,50.333,-5.7,-8.3,-91.7,54.4,0.0074,0.002
odysseus,leg.R.pitch,50.417,-12.1,-76.4,-91.7,54.4,0.0167,0.045
odysseus,leg.R.pitch,50.5,-15.9,-45.8,-91.7,54.4,0.0199,0.033
odysseus,leg.R.pitch,50.583,-17.2,-15.3,-91.7,54.4,0.0213,0.012
odysseus,leg.R.pitch,50.667,-15.3,22.9,-91.7,54.4,0.0194,0.016
odysseus,leg.R.pitch,50.75,-9.5,68.8,-91.7,54.4,0.013,0.031
odysseus,leg.R.pitch,50.833,0,114.6,-91.7,54.4,0.0016,0.006
odysseus,leg.R.pitch,50.917,3.5,42,-91.7,54.4,0.0067,0.01
odysseus,leg.R.pitch,51,6.4,34.4,-91.7,54.4,0.0079,0.01
odysseus,leg.R.pitch,51.083,8.6,26.7,-91.7,54.4,0.0105,0.01
odysseus,leg.R.pitch,51.167,10.2,19.1,-91.7,54.4,0.0124,0.009
odysseus,leg.R.pitch,51.25,11.1,11.5,-91.7,54.4,0.0135,0.006
odysseus,leg.R.pitch,51.333,11.5,3.8,-91.7,54.4,0.0139,0.002
odysseus,leg.R.pitch,51.417,11.5,0,-91.7,54.4,0.0138,0
odysseus,leg.R.pitch,60.583,11.5,0,-91.7,54.4,0.0136,0
odysseus,leg.L.pitch,0,0,0,-91.7,54.4,0,0
odysseus,leg.L.pitch,39.583,-0.2,-1.9,-91.7,54.4,0.0003,0
odysseus,leg.L.pitch,39.667,-3.5,-40.3,-91.7,54.4,0.0055,0.008
odysseus,leg.L.pitch,39.75,-12.7,-110.6,-91.7,54.4,0.0175,0.068
odysseus,leg.L.pitch,39.833,-24.9,-146.5,-91.7,54.4,0.0302,0.156
odysseus,leg.L.pitch,39.917,-32.6,-92.5,-91.7,54.4,0.0389,0.129
odysseus,leg.L.pitch,40,-35.3,-31.7,-91.7,54.4,0.0417,0.05
odysseus,leg.L.pitch,40.083,-34.9,4,-91.7,54.4,0.0406,0.009
odysseus,leg.L.pitch,40.167,-31.4,42.5,-91.7,54.4,0.0371,0.058
odysseus,leg.L.pitch,40.25,-24.8,79.7,-91.7,54.4,0.03,0.085
odysseus,leg.L.pitch,40.333,-15.5,111.3,-91.7,54.4,0.0194,0.076
odysseus,leg.L.pitch,40.417,-4.4,132.7,-91.7,54.4,0.006,0.028
odysseus,leg.L.pitch,40.5,7.3,140.5,-91.7,54.4,0.009,0.044
odysseus,leg.L.pitch,40.583,18.3,132.6,-91.7,54.4,0.0219,0.102
odysseus,leg.L.pitch,40.667,27.4,109.1,-91.7,54.4,0.0324,0.126
odysseus,leg.L.pitch,40.75,33.4,71.9,-91.7,54.4,0.0391,0.101
odysseus,leg.L.pitch,40.833,35.5,25.3,-91.7,54.4,0.0415,0.04
odysseus,leg.L.pitch,40.917,33.4,-25,-91.7,54.4,0.0396,0.038
odysseus,leg.L.pitch,41,27.4,-72.8,-91.7,54.4,0.0332,0.087
odysseus,leg.L.pitch,41.083,18.1,-111.8,-91.7,54.4,0.0226,0.089
odysseus,leg.L.pitch,41.167,6.6,-137.2,-91.7,54.4,0.0088,0.042
odysseus,leg.L.pitch,41.25,-5.5,-145.9,-91.7,54.4,0.0069,0.035
odysseus,leg.L.pitch,41.333,-17,-137.2,-91.7,54.4,0.0203,0.098
odysseus,leg.L.pitch,41.417,-26.4,-112.7,-91.7,54.4,0.0313,0.125
odysseus,leg.L.pitch,41.5,-32.7,-76.3,-91.7,54.4,0.0384,0.105
odysseus,leg.L.pitch,41.583,-35.4,-32.7,-91.7,54.4,0.0413,0.051
odysseus,leg.L.pitch,41.667,-34.4,12.4,-91.7,54.4,0.0403,0.021
odysseus,leg.L.pitch,41.75,-29.9,53.9,-91.7,54.4,0.0357,0.07
odysseus,leg.L.pitch,41.833,-22.6,87.4,-91.7,54.4,0.0276,0.086
odysseus,leg.L.pitch,41.917,-13.4,110.2,-91.7,54.4,0.0167,0.065
odysseus,leg.L.pitch,42,-3.3,121.2,-91.7,54.4,0.0044,0.019
odysseus,leg.L.pitch,42.083,6.7,120.1,-91.7,54.4,0.008,0.034
odysseus,leg.L.pitch,42.167,12.8,73.8,-91.7,54.4,0.0168,0.044
odysseus,leg.L.pitch,42.25,11.3,-18,-91.7,54.4,0.0166,0.011
odysseus,leg.L.pitch,42.333,4.8,-78.6,-91.7,54.4,0.0078,0.021
odysseus,leg.L.pitch,42.417,0.1,-56.6,-91.7,54.4,0.0008,0.002
odysseus,leg.L.pitch,42.5,0,-0.7,-91.7,54.4,0.0019,0
odysseus,leg.L.pitch,42.583,0,0,-91.7,54.4,0,0
odysseus,leg.L.pitch,46.417,-0.3,-4.2,-91.7,54.4,0.0006,0
odysseus,leg.L.pitch,46.5,-15.2,-178,-91.7,54.4,0.0239,0.15
odysseus,leg.L.pitch,46.583,-33.9,-224.3,-91.7,54.4,0.0399,0.315
odysseus,leg.L.pitch,46.667,-35.7,-22,-91.7,54.4,0.047,0.04
odysseus,leg.L.pitch,46.75,-25,128.9,-91.7,54.4,0.0341,0.156
odysseus,leg.L.pitch,46.833,-4.6,244.5,-91.7,54.4,0.0094,0.081
odysseus,leg.L.pitch,46.917,17.1,259.7,-91.7,54.4,0.0207,0.188
odysseus,leg.L.pitch,47,29.7,151.7,-91.7,54.4,0.0377,0.203
odysseus,leg.L.pitch,47.083,26.6,-37.6,-91.7,54.4,0.0372,0.052
odysseus,leg.L.pitch,47.167,8.4,-217.4,-91.7,54.4,0.0162,0.124
odysseus,leg.L.pitch,47.25,-16.5,-299,-91.7,54.4,0.0223,0.233
odysseus,leg.L.pitch,47.333,-37,-246.7,-91.7,54.4,0.0431,0.375
odysseus,leg.L.pitch,47.417,-45,-95.3,-91.7,54.4,0.0537,0.184
odysseus,leg.L.pitch,47.5,-38.5,77.4,-91.7,54.4,0.0487,0.136
odysseus,leg.L.pitch,47.583,-22.1,197.4,-91.7,54.4,0.0299,0.208
odysseus,leg.L.pitch,47.667,-4.6,209.6,-91.7,54.4,0.0059,0.043
odysseus,leg.L.pitch,47.75,-8.2,-43.2,-91.7,54.4,0.0184,0.028
odysseus,leg.L.pitch,47.833,-11.5,-39.1,-91.7,54.4,0.0138,0.019
odysseus,leg.L.pitch,47.917,-11.5,0,-91.7,54.4,0.015,0
odysseus,leg.L.pitch,50,-17.6,-74.3,-91.7,54.4,0.0234,0.062
odysseus,leg.L.pitch,50.083,-22.5,-57.8,-91.7,54.4,0.0268,0.055
odysseus,leg.L.pitch,50.167,-25.9,-41.3,-91.7,54.4,0.0306,0.046
odysseus,leg.L.pitch,50.25,-28,-24.8,-91.7,54.4,0.0328,0.03
odysseus,leg.L.pitch,50.333,-28.6,-8.3,-91.7,54.4,0.0335,0.012
odysseus,leg.L.pitch,50.417,-9.5,229.2,-91.7,54.4,0.0195,0.157
odysseus,leg.L.pitch,50.5,1.9,137.5,-91.7,54.4,0.0054,0.026
odysseus,leg.L.pitch,50.583,5.7,45.8,-91.7,54.4,0.01,0.016
odysseus,leg.L.pitch,50.667,2.5,-38.2,-91.7,54.4,0.0059,0.008
odysseus,leg.L.pitch,50.75,-7,-114.6,-91.7,54.4,0.011,0.044
odysseus,leg.L.pitch,50.833,-22.9,-191,-91.7,54.4,0.0294,0.197
odysseus,leg.L.pitch,50.917,-19.4,42,-91.7,54.4,0.0308,0.047
odysseus,leg.L.pitch,51,-16.6,34.4,-91.7,54.4,0.0198,0.025
odysseus,leg.L.pitch,51.083,-14.3,26.7,-91.7,54.4,0.0173,0.017
odysseus,leg.L.pitch,51.167,-12.7,19.1,-91.7,54.4,0.0154,0.011
odysseus,leg.L.pitch,51.25,-11.8,11.5,-91.7,54.4,0.0143,0.006
odysseus,leg.L.pitch,51.333,-11.5,3.8,-91.7,54.4,0.0139,0.002
odysseus,leg.L.pitch,51.417,-11.5,0,-91.7,54.4,0.0138,0
odysseus,leg.L.pitch,60.583,-11.5,0,-91.7,54.4,0.0136,0
