# stop-motion pose sheet for OD-B09-S11 (tools/perform/hardware.js): each drawing on twos (frames at 24), the principals; angles in degrees as set on the toy; x, z in studs, y and hips in plates
# state: A action, R reaction, H alive hold, h authored hold, D dead; holds_R/L: what the hand holds (ownership at that drawing); why: the score's causal chain
drawing,frames,t,actor,state,x_studs,y_plates,z_studs,heading,pitch,roll,hips_plates,torso.lean,torso.twist,torso.roll,head.yaw,head.pitch,arm.R.pitch,arm.R.out,arm.L.pitch,arm.L.out,hand.R.roll,hand.L.roll,leg.R.pitch,leg.L.pitch,holds_R,holds_L,contacts,why
0,1-2,0,odysseus,H,-5,9.1,3,180,0,0,0,0,0,0,0,0,-154.7,0,-22.9,0,0,0,0,0,,,,BREATH
1,3-4,0.083,odysseus,H,-5,9.1,3,180,0,0,0,0,0,0,0,0,-154.7,0,-22.9,0,0,0,0,0,,,,BREATH
2,5-6,0.167,odysseus,H,-5,9.1,3,180,0,0,0,-0.1,0,0,0,-0.1,-154.7,0,-22.9,0,0,0,0,0,,,,BREATH
3,7-8,0.25,odysseus,H,-5,9.1,3,180,0,0,0,-0.2,0,0,0,-0.1,-154.7,0,-22.9,0,0,0,0,0,,,,DECLARE / UTTERANCE / SCENE
4,9-10,0.333,odysseus,h,-5,9.1,3,180,0,0,0,-0.3,0,0,0,-0.3,-154.7,0,-22.9,0,0,0,0,0,,,,HOLD / SCENE
5,11-12,0.417,odysseus,h,-5,9.1,3,180,0,0,0,-0.4,0,0,0,-0.4,-154.7,0,-22.9,0,0,0,0,0,,,,HOLD / SCENE
6,13-14,0.5,odysseus,h,-5,9.1,3,180,0,0,0,-0.6,0,0,0,-0.5,-154.7,0,-22.9,0,0,0,0,0,,,,LOOK / HOLD / SCENE
7,15-16,0.583,odysseus,A,-5,9.1,3,180,0,0,0,-0.8,0.7,0,19,2.2,-154.7,0,-22.9,0,0,0,0,0,,,,LOOK / HOLD / SCENE
8,17-18,0.667,odysseus,A,-5,9.1,3,180,0,0,0,-0.9,2.7,0,35.5,1.3,-154.7,0,-22.9,0,0,0,0,0,,,,LOOK / HOLD / SCENE
9,19-20,0.75,odysseus,A,-5,9.1,3,180,0,0,0.1,-1.1,5.6,0,49.5,0.5,-154.7,0,-22.9,0,0,0,0,0,,,,LOOK / HOLD / SCENE
10,21-22,0.833,odysseus,A,-5,9.1,3,180,0,0,0.1,-1.3,9.1,0,60.9,-0.1,-154.7,0,-22.9,0,0,0,0,0,,,,LOOK / HOLD / SCENE
11,23-24,0.917,odysseus,A,-5,9.1,3,180,0,0,0.1,-1.4,12.9,0,69.8,-0.7,-154.7,0,-22.9,0,0,0,0,0,,,,LOOK / HOLD / SCENE
12,25-26,1,odysseus,A,-5,9.1,3,180,0,0,0.1,-3,16.7,0,76.1,-3.4,-147.6,16.5,-22.9,0,3.1,0,0,0,,,,TAUNT / DECLARE / UTTERANCE
13,27-28,1.083,odysseus,A,-5,9.1,3,180,0,0,0.1,-3.5,20.2,0,79.9,-5.7,-145.2,25.8,-22.9,0,11.2,0,0,0,,,,TAUNT / DECLARE / UTTERANCE
14,29-30,1.167,odysseus,A,-5,9.1,3,180,0,0,0.1,-6,23.1,0,81.2,-7.7,-177,29.8,-22.9,0,22.3,0,0,0,,,,TAUNT / DECLARE / UTTERANCE
15,31-32,1.25,odysseus,A,-5,9.1,3,180,0,0,0.1,-6.9,25.1,0,80.2,-9.2,-183.3,30.3,-22.9,0,34.4,0,0,0,,,,TAUNT / DECLARE / UTTERANCE
16,33-34,1.333,odysseus,h,-5,9.1,3,180,0,0,0.1,-6.9,25.8,0,78.4,-9.8,-183.3,29.1,-22.9,0,45.5,0,0,0,,,,TAUNT / DECLARE / UTTERANCE
17,35-36,1.417,odysseus,h,-5,9.1,3,180,0,0,0.1,-6.7,25.8,0,77.3,-9.2,-183.3,28.4,-22.9,0,53.6,0,0,0,,,,TAUNT / DECLARE / UTTERANCE
18,37-38,1.5,odysseus,h,-5,9.1,3,180,0,0,0.1,-6.3,25.8,0,77.3,-8.4,-183.3,26.9,-22.9,0,56.7,0,0,0,,,,TAUNT / DECLARE / UTTERANCE
19,39-40,1.583,odysseus,h,-5,9.1,3,180,0,0,0.1,-6,25.8,0,77.3,-7.5,-183.3,25.5,-22.9,0,55.1,0,0,0,,,,TAUNT / DECLARE / UTTERANCE
20,41-42,1.667,odysseus,h,-5,9.1,3,180,0,0,0.1,-5.6,25.8,0,77.3,-6.5,-182.4,24.1,-22.9,0,50.8,0,0,0,,,,TAUNT / DECLARE / UTTERANCE
21,43-44,1.75,odysseus,h,-5,9.1,3,180,0,0,0.1,-5.1,25.8,0,77.3,-5.5,-181.2,22.7,-22.9,0,44.5,0,0,0,,,,TAUNT / DECLARE / UTTERANCE
22,45-46,1.833,odysseus,h,-5,9.1,3,180,0,0,0.1,-4.7,25.8,0,77.3,-4.5,-179.9,21.3,-22.9,0,36.8,0,0,0,,,,TAUNT / DECLARE / UTTERANCE
23,47-48,1.917,odysseus,A,-5,9.1,3,180,0,0,0,-4.3,25.8,0,77.3,-3.5,-178,19.7,-22.9,0,28.4,0,0,0,,,,TAUNT / DECLARE / UTTERANCE
24,49-50,2,odysseus,A,-5,9.1,3,180,0,0,0,-3.5,25.8,0,77.3,-2.5,-173.4,15.8,-22.9,0,20,0,0,0,,,,TAUNT / DECLARE / UTTERANCE
25,51-52,2.083,odysseus,A,-5,9.1,3,180,0,0,0,-2.6,25.8,0,77.3,-1.7,-167.3,10.6,-22.9,0,12.3,0,0,0,,,,WEIGHT SHIFT / HOLD / SCENE
26,53-54,2.167,odysseus,A,-5,9.1,3,180,0,-0.1,0,-1.6,25.8,0.2,77.3,-1,-161.2,5.5,-22.9,0,5.9,0,0,0,,,,WEIGHT SHIFT / HOLD / SCENE
27,55-56,2.25,odysseus,A,-5,9.1,3,180,0,-0.4,0,-0.8,25.8,0.7,77.3,-0.6,-156.6,1.6,-22.9,0,1.6,0,0,0,,,,WEIGHT SHIFT / HOLD / SCENE
28,57-58,2.333,odysseus,A,-5,9.1,3,180,0,-0.9,0,-0.4,25.8,1.3,77.3,-0.3,-154.7,0,-22.9,0,0,0,0,0,,,,WEIGHT SHIFT / HOLD / SCENE
29,59-60,2.417,odysseus,h,-5,9.1,3,180,0,-1.3,-0.1,-0.3,25.8,1.9,77.3,-0.2,-154.7,0,-22.9,0,0,0,0,0,,,,WEIGHT SHIFT / HOLD / SCENE
30,61-62,2.5,odysseus,h,-5,9.1,3,180,0,-1.6,-0.1,-0.2,25.8,2.4,77.3,-0.2,-154.7,0,-22.9,0,0,0,0,0,,,,WEIGHT SHIFT / HOLD / SCENE
31,63-64,2.583,odysseus,h,-5,9.1,3,180,0,-1.7,-0.1,-0.1,25.8,2.6,77.3,-0.1,-154.7,0,-22.9,0,0,0,0,0,,,,WEIGHT SHIFT / HOLD / SCENE
32,65-66,2.667,odysseus,h,-5,9.1,3,180,0,-1.7,0,-0.1,25.8,2.5,77.3,0,-154.7,0,-22.9,0,0,0,0,0,,,,WEIGHT SHIFT / HOLD / SCENE
33,67-68,2.75,odysseus,h,-5,9.1,3,180,0,-1.7,0,0,25.8,2.5,77.3,0,-154.7,0,-22.9,0,0,0,0,0,,,,NOD / DECLARE / UTTERANCE
34,69-70,2.833,odysseus,h,-5,9.1,3,180,0,-1.6,0,0,25.8,2.4,77.3,1.9,-154.7,0,-22.9,0,0,0,0,0,,,,NOD / DECLARE / UTTERANCE
35,71-72,2.917,odysseus,h,-5,9.1,3,180,0,-1.6,0,0,25.8,2.4,77.3,3.1,-154.7,0,-22.9,0,0,0,0,0,,,,NOD / DECLARE / UTTERANCE
36,73-74,3,odysseus,h,-5,9.1,3,180,0,-1.6,0,0,25.8,2.3,77.3,3.4,-154.7,0,-22.9,0,0,0,0,0,,,,NOD / DECLARE / UTTERANCE
37,75-76,3.083,odysseus,h,-5,9.1,3,180,0,-1.6,0,-0.1,25.8,2.3,77.3,2.5,-154.7,0,-22.9,0,0,0,0,0,,,,OPEN / DECLARE / UTTERANCE
38,77-78,3.167,odysseus,A,-5,9.1,3,180,0,-1.5,0,-1.3,25.8,2.2,77.3,-0.6,-148.9,5,-22.9,0,1.1,0,0,0,,,,OPEN / DECLARE / UTTERANCE
39,79-80,3.25,odysseus,A,-5,9.1,3,180,0,-1.5,0,-1.7,25.8,2.2,77.3,-2.4,-147,9.2,-22.9,0,4,0,0,0,,,,OPEN / DECLARE / UTTERANCE
40,81-82,3.333,odysseus,A,-5,9.1,3,180,0,-1.5,0,0,25.8,2.1,77.3,-2.8,-171.8,12.4,-22.9,0,8.2,0,0,0,,,,LOOK / HOLD / SCENE
41,83-84,3.417,odysseus,A,-5,9.1,3,180,0,-1.5,0,1.3,25.8,2.1,78.2,0.1,-183.3,14.7,-22.9,0,12.9,0,0,0,,,,LOOK / HOLD / SCENE
42,85-86,3.5,odysseus,h,-5,9.1,3,180,0,-1.4,0,2,25.8,2.1,78.9,-0.5,-183.3,16,-22.9,0,17.6,0,0,0,,,,LOOK / HOLD / SCENE
43,87-88,3.583,odysseus,h,-5,9.1,3,180,0,-1.4,0,2.1,25.8,2,79.5,-1,-183.3,16.5,-22.9,0,21.8,0,0,0,,,,LOOK / HOLD / SCENE
44,89-90,3.667,odysseus,h,-5,9.1,3,180,0,-1.4,0,1.9,25.8,2,80,-1.4,-183.3,15.7,-22.9,0,24.7,0,0,0,,,,LOOK / HOLD / SCENE
45,91-92,3.75,odysseus,h,-5,9.1,3,180,0,-1.4,0,1.6,25.8,1.9,80.5,-1.6,-183.3,14.9,-22.9,0,25.8,0,0,0,,,,LOOK / HOLD / SCENE
46,93-94,3.833,odysseus,h,-5,9.1,3,180,0,-1.3,0,1.4,25.8,1.9,80.8,-1.8,-183.3,14,-22.9,0,24.9,0,0,0,,,,LOOK / HOLD / SCENE
47,95-96,3.917,odysseus,h,-5,9.1,3,180,0,-1.3,0,1.1,25.8,1.8,81,-1.8,-183.3,13.2,-22.9,0,22.5,0,0,0,,,,LOOK / HOLD / SCENE
48,97-98,4,odysseus,h,-5,9.1,3,180,0,-1.3,0,0.9,25.8,1.8,81.2,-1.7,-183.3,12.4,-22.9,0,19.1,0,0,0,,,,LOOK / HOLD / SCENE
49,99-100,4.083,odysseus,h,-5,9.1,3,180,0,-1.3,0,0.7,25.8,1.7,81.2,-1.6,-183.3,11.5,-22.9,0,15,0,0,0,,,,LOOK / HOLD / SCENE
50,101-102,4.167,odysseus,h,-5,9.1,3,180,0,-1.3,0,0.2,25.8,1.7,80.2,-1.4,-183.3,9.2,-22.9,0,10.8,0,0,0,,,,LOOK / HOLD / SCENE
51,103-104,4.25,odysseus,A,-5,9.1,3,180,0,-1.3,0,-0.3,25.8,1.7,78.4,-1.3,-174.3,6.2,-22.9,0,6.7,0,0,0,,,,LOOK / HOLD / SCENE
52,105-106,4.333,odysseus,A,-5,9.1,3,180,0,-1.3,0,-0.8,25.8,1.7,77.3,-1.2,-164.9,3.2,-22.9,0,3.3,0,0,0,,,,OPEN / DECLARE / UTTERANCE
53,107-108,4.417,odysseus,A,-5,9.1,3,180,0,-1.3,0,-1.2,25.8,1.7,77.3,-1.2,-157.6,0.9,-22.9,0,0.9,0,0,0,,,,OPEN / DECLARE / UTTERANCE
54,109-110,4.5,odysseus,A,-5,9.1,3,180,0,-1.3,0,-1.4,25.8,1.7,77.3,-1.2,-154.7,0,-22.9,0,0,0,0,0,,,,OPEN / DECLARE / UTTERANCE
55,111-112,4.583,odysseus,h,-5,9.1,3,180,0,-1.3,0,-1.5,25.8,1.7,77.3,-1.3,-154.7,0,-22.9,0,0,0,0,0,,,,HOLD / SCENE
56,113-114,4.667,odysseus,h,-5,9.1,3,180,0,-1.3,0,-1.6,25.8,1.7,77.3,-1.3,-154.7,0,-22.9,0,0,0,0,0,,,,HOLD / SCENE
57,115-116,4.75,odysseus,h,-5,9.1,3,180,0,-1.3,0,-1.6,25.8,1.7,77.3,-1.3,-154.7,0,-22.9,0,0,0,0,0,,,,HOLD / SCENE
58,117-118,4.833,odysseus,h,-5,9.1,3,180,0,-1.3,0,-1.7,25.8,1.7,77.3,-1.4,-154.7,0,-22.9,0,0,0,0,0,,,,HOLD / SCENE
59,119-120,4.917,odysseus,h,-5,9.1,3,180,0,-1.3,0,-1.7,25.8,1.7,77.3,-1.4,-154.7,0,-22.9,0,0,0,0,0,,,,HOLD / SCENE
60,121-122,5,odysseus,h,-5,9.1,3,180,0,-1.3,0,-1.7,25.8,1.7,77.3,-1.4,-154.7,0,-22.9,0,0,0,0,0,,,,HOLD / SCENE
61,123-124,5.083,odysseus,h,-5,9.1,3,180,0,-1.3,0,-1.7,25.8,1.7,77.3,-1.4,-154.7,0,-22.9,0,0,0,0,0,,,,WEIGHT SHIFT / HOLD / SCENE
62,125-126,5.167,odysseus,h,-5,9.1,3,180,0,-1,0,-1.7,25.8,1.3,77.3,-1.4,-154.7,0,-22.9,0,0,0,0,0,,,,WEIGHT SHIFT / HOLD / SCENE
63,127-128,5.25,odysseus,A,-5,9.1,3,180,0,-0.2,0,-1.7,25.8,0.2,77.3,-1.4,-154.7,0,-22.9,0,0,0,0,0,,,,WEIGHT SHIFT / HOLD / SCENE
64,129-130,5.333,odysseus,A,-5,9.1,3,180,0,0.7,-0.1,-1.6,25.8,-1.1,77.3,-1.3,-154.7,0,-22.9,0,0,0,0,0,,,,WEIGHT SHIFT / HOLD / SCENE
65,131-132,5.417,odysseus,A,-5,9.1,3,180,0,1.4,-0.1,-1.5,25.8,-2.1,77.3,-1.3,-154.7,0,-22.9,0,0,0,0,0,,,,WEIGHT SHIFT / HOLD / SCENE
66,133-134,5.5,odysseus,h,-5,9.1,3,180,0,1.7,-0.1,-1.4,25.8,-2.6,77.3,-1.2,-154.7,0,-22.9,0,0,0,0,0,,,,WEIGHT SHIFT / HOLD / SCENE
67,135-136,5.583,odysseus,h,-5,9.1,3,180,0,1.7,0,-1.3,25.8,-2.5,77.3,-1.1,-154.7,0,-22.9,0,0,0,0,0,,,,WEIGHT SHIFT / HOLD / SCENE
68,137-138,5.667,odysseus,h,-5,9.1,3,180,0,1.7,0,-1.2,25.8,-2.5,77.3,-1,-154.7,0,-22.9,0,0,0,0,0,,,,WEIGHT SHIFT / HOLD / SCENE
69,139-140,5.75,odysseus,h,-5,9.1,3,180,0,1.6,0,-1.1,25.8,-2.4,77.3,-0.9,-154.7,0,-22.9,0,0,0,0,0,,,,WEIGHT SHIFT / HOLD / SCENE
70,141-142,5.833,odysseus,h,-5,9.1,3,180,0,1.6,0,-0.9,25.8,-2.4,77.3,-0.8,-154.7,0,-22.9,0,0,0,0,0,,,,WEIGHT SHIFT / HOLD / SCENE
71,143-144,5.917,odysseus,h,-5,9.1,3,180,0,1.6,0,-0.8,25.8,-2.4,77.3,-0.7,-154.7,0,-22.9,0,0,0,0,0,,,,WEIGHT SHIFT / HOLD / SCENE
72,145-146,6,odysseus,A,-5,9.1,3,180,0,1.6,0,-0.7,25.8,-2.3,78.3,2.3,-154.7,0,-22.9,0,0,0,0,0,,,,LOOK / HOLD / SCENE
73,147-148,6.083,odysseus,h,-5,9.1,3,180,0,1.6,0,-0.5,25.8,-2.3,79,1.7,-154.7,0,-22.9,0,0,0,0,0,,,,LOOK / HOLD / SCENE
74,149-150,6.167,odysseus,h,-5,9.1,3,180,0,1.5,0,-0.4,25.8,-2.2,79.7,1.1,-154.7,0,-22.9,0,0,0,0,0,,,,LOOK / HOLD / SCENE
75,151-152,6.25,odysseus,h,-5,9.1,3,180,0,1.5,0,-0.3,25.8,-2.2,80.2,0.7,-154.7,0,-22.9,0,0,0,0,0,,,,LOOK / HOLD / SCENE
76,153-154,6.333,odysseus,h,-5,9.1,3,180,0,1.5,0,-0.2,25.8,-2.1,80.7,0.4,-154.7,0,-22.9,0,0,0,0,0,,,,LOOK / HOLD / SCENE
77,155-156,6.417,odysseus,h,-5,9.1,3,180,0,1.5,0,-0.1,25.8,-2.1,81,0.1,-154.7,0,-22.9,0,0,0,0,0,,,,LOOK / HOLD / SCENE
78,157-158,6.5,odysseus,h,-5,9.1,3,180,0,1.4,0,-0.1,25.8,-2,81.2,0,-154.7,0,-22.9,0,0,0,0,0,,,,LOOK / HOLD / SCENE
79,159-160,6.583,odysseus,h,-5,9.1,3,180,0,1.4,0,0,25.8,-2,81.2,0,-154.7,0,-22.9,0,0,0,0,0,,,,LOOK / HOLD / SCENE
80,161-162,6.667,odysseus,h,-5,9.1,3,180,0,1.4,0,0,25.8,-1.9,80.2,0,-154.7,0,-22.9,0,0,0,0,0,,,,LOOK / HOLD / SCENE
81,163-164,6.75,odysseus,h,-5,9.1,3,180,0,1.4,0,0,25.8,-1.9,78.4,0,-154.7,0,-22.9,0,0,0,0,0,,,,LOOK / HOLD / SCENE
82,165-166,6.833,odysseus,h,-5,9.1,3,180,0,1.3,0,0,25.8,-1.9,77.3,0,-154.7,0,-22.9,0,0,0,0,0,,,,WEIGHT SHIFT / HOLD / SCENE
83,167-168,6.917,odysseus,h,-5,9.1,3,180,0,1.3,0,-0.1,25.8,-1.8,77.3,0,-154.7,0,-22.9,0,0,0,0,0,,,,WEIGHT SHIFT / HOLD / SCENE
84,169-170,7,odysseus,h,-5,9.1,3,180,0,1.3,0,-0.1,25.8,-1.8,77.3,-0.1,-154.7,0,-22.9,0,0,0,0,0,,,,WEIGHT SHIFT / HOLD / SCENE
85,171-172,7.083,odysseus,h,-5,9.1,3,180,0,1.3,0,-0.2,25.8,-1.7,77.3,-0.1,-154.7,0,-22.9,0,0,0,0,0,,,,HOLD / SCENE
86,173-174,7.167,odysseus,h,-5,9.1,3,180,0,1.3,0,-0.2,25.8,-1.7,77.3,-0.2,-154.7,0,-22.9,0,0,0,0,0,,,,HOLD / SCENE
87,175-176,7.25,odysseus,h,-5,9.1,3,180,0,1.3,0,-0.3,25.8,-1.7,77.3,-0.2,-154.7,0,-22.9,0,0,0,0,0,,,,HOLD / SCENE
88,177-178,7.333,odysseus,h,-5,9.1,3,180,0,1.3,0,-0.4,25.8,-1.7,77.3,-0.3,-154.7,0,-22.9,0,0,0,0,0,,,,HOLD / SCENE
89,179-180,7.417,odysseus,h,-5,9.1,3,180,0,1.3,0,-0.4,25.8,-1.7,77.3,-0.4,-154.7,0,-22.9,0,0,0,0,0,,,,HOLD / SCENE
90,181-182,7.5,odysseus,h,-5,9.1,3,180,0,1.3,0,-0.5,25.8,-1.7,77.3,-0.4,-154.7,0,-22.9,0,0,0,0,0,,,,HOLD / SCENE
91,183-184,7.583,odysseus,h,-5,9.1,3,180,0,1.3,0,-0.6,25.8,-1.7,77.3,-0.5,-154.7,0,-22.9,0,0,0,0,0,,,,HOLD / SCENE
92,185-186,7.667,odysseus,h,-5,9.1,3,180,0,1.3,0,-0.7,25.8,-1.7,77.3,-0.6,-154.7,0,-22.9,0,0,0,0,0,,,,HOLD / SCENE
93,187-188,7.75,odysseus,h,-5,9.1,3,180,0,1.3,0,-0.8,25.8,-1.7,77.3,-0.7,-154.7,0,-22.9,0,0,0,0,0,,,,TAUNT / DECLARE / UTTERANCE
94,189-190,7.833,odysseus,A,-5,9.1,3,180,0,1.3,0,-2.1,25.8,-1.7,77.3,-4.8,-148.9,13.5,-22.9,0,2,0,0,0,,,,NOD / DECLARE / UTTERANCE
95,191-192,7.917,odysseus,A,-5,9.1,3,180,0,1.3,0,-2.5,25.8,-1.7,77.3,-5.3,-147,21.1,-22.9,0,7.3,0,0,0,,,,NOD / DECLARE / UTTERANCE
96,193-194,8,odysseus,A,-5,9.1,3,180,0,1.3,0,-4.6,25.8,-1.7,77.3,-5.1,-172.9,24.4,-22.9,0,14.7,0,0,0,,,,NOD / DECLARE / UTTERANCE
97,195-196,8.083,odysseus,A,-5,9.1,3,180,0,1.3,0,-5.4,25.8,-1.7,77.3,-4.7,-182.2,24.8,-22.9,0,23.2,0,0,0,,,,NOD / DECLARE / UTTERANCE
98,197-198,8.167,odysseus,h,-5,9.1,3,180,0,1.3,0,-5.5,25.8,-1.7,77.3,-5.4,-182.2,23.8,-22.9,0,31.7,0,0,0,,,,NOD / DECLARE / UTTERANCE
99,199-200,8.25,odysseus,h,-5,9.1,3,180,0,1.3,0,-5.5,25.8,-1.7,77.3,-6.7,-180.5,23.2,-22.9,0,39.2,0,0,0,,,,NOD / DECLARE / UTTERANCE
100,201-202,8.333,odysseus,h,-5,9.1,3,180,0,1.3,0,-5.4,25.8,-1.7,77.3,-7.1,-179.6,22.2,-22.9,0,44.4,0,0,0,,,,TAUNT / DECLARE / UTTERANCE
101,203-204,8.417,odysseus,h,-5,9.1,3,180,0,1.3,0,-5.2,25.8,-1.7,77.3,-6.6,-178.8,21.3,-22.9,0,46.4,0,0,0,,,,TAUNT / DECLARE / UTTERANCE
102,205-206,8.5,odysseus,h,-5,9.1,3,180,0,1.3,0,-5.1,25.8,-1.7,77.3,-6,-177.9,20.3,-22.9,0,45.1,0,0,0,,,,WEIGHT SHIFT / HOLD / SCENE
103,207-208,8.583,odysseus,h,-5,9.1,3,180,0,1,0,-4.9,25.8,-1.3,77.3,-5.3,-177,19.3,-22.9,0,41.6,0,0,0,,,,WEIGHT SHIFT / HOLD / SCENE
104,209-210,8.667,odysseus,A,-5,9.1,3,180,0,0.2,0,-4.8,25.8,-0.2,77.3,-4.6,-176.2,18.4,-22.9,0,36.4,0,0,0,,,,WEIGHT SHIFT / HOLD / SCENE
105,211-212,8.75,odysseus,A,-5,9.1,3,180,0,-0.7,-0.1,-4.6,25.8,1.1,77.3,-4,-175.3,17.4,-22.9,0,30.1,0,0,0,,,,WEIGHT SHIFT / HOLD / SCENE
106,213-214,8.833,odysseus,A,-5,9.1,3,180,0,-1.4,-0.1,-4.4,25.8,2.1,77.3,-3.3,-173.8,16.1,-22.9,0,23.2,0,0,0,,,,WEIGHT SHIFT / HOLD / SCENE
107,215-216,8.917,odysseus,A,-5,9.1,3,180,0,-1.7,-0.1,-3.9,25.8,2.6,77.3,-2.7,-170,12.9,-22.9,0,16.3,0,0,0,,,,WEIGHT SHIFT / HOLD / SCENE
108,217-218,9,odysseus,A,-5,9.1,3,180,0,-1.7,0,-3.1,25.8,2.5,78.3,0.7,-165,8.7,-22.9,0,10,0,0,0,,,,LOOK / HOLD / SCENE
109,219-220,9.083,odysseus,A,-5,9.1,3,180,0,-1.7,0,-2.4,25.8,2.5,79,0.4,-160,4.5,-22.9,0,4.8,0,0,0,,,,LOOK / HOLD / SCENE
110,221-222,9.167,odysseus,A,-5,9.1,3,180,0,-1.6,0,-1.8,25.8,2.4,79.7,0,-156.2,1.3,-22.9,0,1.3,0,0,0,,,,LOOK / HOLD / SCENE
111,223-224,9.25,odysseus,h,-5,9.1,3,180,0,-1.6,0,-1.5,25.8,2.4,80.2,-0.3,-154.7,0,-22.9,0,0,0,0,0,,,,LOOK / HOLD / SCENE
112,225-226,9.333,odysseus,h,-5,9.1,3,180,0,-1.6,0,-1.4,25.8,2.4,80.7,-0.7,-154.7,0,-22.9,0,0,0,0,0,,,,LOOK / HOLD / SCENE
113,227-228,9.417,odysseus,h,-5,9.1,3,180,0,-1.6,0,-1.3,25.8,2.3,81,-0.9,-154.7,0,-22.9,0,0,0,0,0,,,,LOOK / HOLD / SCENE
114,229-230,9.5,odysseus,h,-5,9.1,3,180,0,-1.6,0,-1.2,25.8,2.3,81.2,-0.9,-154.7,0,-22.9,0,0,0,0,0,,,,LOOK / HOLD / SCENE
115,231-232,9.583,odysseus,h,-5,9.1,3,180,0,-1.5,0,-1.1,25.8,2.2,81.2,-0.9,-154.7,0,-22.9,0,0,0,0,0,,,,LOOK / HOLD / SCENE
116,233-234,9.667,odysseus,h,-5,9.1,3,180,0,-1.5,0,-0.9,25.8,2.2,80.2,-0.8,-154.7,0,-22.9,0,0,0,0,0,,,,LOOK / HOLD / SCENE
117,235-236,9.75,odysseus,h,-5,9.1,3,180,0,-1.5,0,-0.8,25.8,2.1,78.4,-0.7,-154.7,0,-22.9,0,0,0,0,0,,,,LOOK / HOLD / SCENE
118,237-238,9.833,odysseus,h,-5,9.1,3,180,0,-1.5,0,-0.7,25.8,2.1,77.3,-0.5,-154.7,0,-22.9,0,0,0,0,0,,,,WEIGHT SHIFT / HOLD / SCENE
119,239-240,9.917,odysseus,h,-5,9.1,3,180,0,-1.4,0,-0.5,25.8,2,77.3,-0.4,-154.7,0,-22.9,0,0,0,0,0,,,,WEIGHT SHIFT / HOLD / SCENE
120,241-242,10,odysseus,h,-5,9.1,3,180,0,-1.4,0,-0.4,25.8,2,77.3,-0.3,-154.7,0,-22.9,0,0,0,0,0,,,,WEIGHT SHIFT / HOLD / SCENE
121,243-244,10.083,odysseus,h,-5,9.1,3,180,0,-1.4,0,-0.3,25.8,1.9,77.3,-0.2,-154.7,0,-22.9,0,0,0,0,0,,,,WEIGHT SHIFT / HOLD / SCENE
122,245-246,10.167,odysseus,h,-5,9.1,3,180,0,-1.4,0,-0.2,25.8,1.9,77.3,-0.2,-154.7,0,-22.9,0,0,0,0,0,,,,WEIGHT SHIFT / HOLD / SCENE
123,247-248,10.25,odysseus,h,-5,9.1,3,180,0,-1.3,0,-0.1,25.8,1.9,77.3,-0.1,-154.7,0,-22.9,0,0,0,0,0,,,,WEIGHT SHIFT / HOLD / SCENE
124,249-250,10.333,odysseus,h,-5,9.1,3,180,0,-1.3,0,-0.1,25.8,1.8,77.3,0,-154.7,0,-22.9,0,0,0,0,0,,,,WEIGHT SHIFT / HOLD / SCENE
125,251-252,10.417,odysseus,h,-5,9.1,3,180,0,-1.3,0,0,25.8,1.8,77.3,0,-154.7,0,-22.9,0,0,0,0,0,,,,WEIGHT SHIFT / HOLD / SCENE
126,253-254,10.5,odysseus,h,-5,9.1,3,180,0,-1.3,0,0,25.8,1.7,77.3,0,-154.7,0,-22.9,0,0,0,0,0,,,,WEIGHT SHIFT / HOLD / SCENE
127,255-256,10.583,odysseus,h,-5,9.1,3,180,0,-1.3,0,0,25.8,1.7,77.3,0,-154.7,0,-22.9,0,0,0,0,0,,,,HOLD / SCENE
128,257-258,10.667,odysseus,h,-5,9.1,3,180,0,-1.3,0,0,25.8,1.7,77.3,0,-154.7,0,-22.9,0,0,0,0,0,,,,HOLD / SCENE
129,259-260,10.75,odysseus,h,-5,9.1,3,180,0,-1.3,0,-0.1,25.8,1.7,77.3,0,-154.7,0,-22.9,0,0,0,0,0,,,,HOLD / SCENE
130,261-262,10.833,odysseus,h,-5,9.1,3,180,0,-1.3,0,-0.1,25.8,1.7,77.3,-0.1,-154.7,0,-22.9,0,0,0,0,0,,,,HOLD / SCENE
131,263-264,10.917,odysseus,h,-5,9.1,3,180,0,-1.3,0,-0.2,25.8,1.7,77.3,-0.1,-154.7,0,-22.9,0,0,0,0,0,,,,HOLD / SCENE
132,265-266,11,odysseus,h,-5,9.1,3,180,0,-1.3,0,-0.2,25.8,1.7,77.3,-0.2,-154.7,0,-22.9,0,0,0,0,0,,,,HOLD / SCENE
133,267-268,11.083,odysseus,h,-5,9.1,3,180,0,-1.3,0,-0.3,25.8,1.7,77.3,-0.2,-154.7,0,-22.9,0,0,0,0,0,,,,HOLD / SCENE
134,269-270,11.167,odysseus,h,-5,9.1,3,180,0,-1.3,0,-0.4,25.8,1.7,77.3,-0.3,-154.7,0,-22.9,0,0,0,0,0,,,,HOLD / SCENE
135,271-272,11.25,odysseus,h,-5,9.1,3,180,0,-1.3,0,-0.4,25.8,1.7,77.3,-0.4,-154.7,0,-22.9,0,0,0,0,0,,,,HOLD / SCENE
136,273-274,11.333,odysseus,h,-5,9.1,3,180,0,-1.3,0,-0.5,25.8,1.7,77.3,-0.4,-154.7,0,-22.9,0,0,0,0,0,,,,HOLD / SCENE
137,275-276,11.417,odysseus,h,-5,9.1,3,180,0,-1.3,0,-0.6,25.8,1.7,77.3,-0.5,-154.7,0,-22.9,0,0,0,0,0,,,,HOLD / SCENE
138,277-278,11.5,odysseus,A,-5,9.1,3,180,0,-1.3,0,-0.7,25.8,1.7,77.3,2,-154.7,0,-22.9,0,0,0,0,0,,,,NOD / DECLARE / UTTERANCE
139,279-280,11.583,odysseus,h,-5,9.1,3,180,0,-1.3,0,-0.8,25.8,1.7,77.3,2.8,-154.7,0,-22.9,0,0,0,0,0,,,,WEIGHT SHIFT / HOLD / SCENE
140,281-282,11.667,odysseus,h,-5,9.1,3,180,0,-1,0,-0.9,25.8,1.4,77.3,2.1,-154.7,0,-22.9,0,0,0,0,0,,,,WEIGHT SHIFT / HOLD / SCENE
141,283-284,11.75,odysseus,A,-5,9.1,3,180,0,-0.5,0,-1,25.8,0.6,77.3,0.9,-154.7,0,-22.9,0,0,0,0,0,,,,LOOK / HOLD / SCENE
142,285-286,11.833,odysseus,A,-5,9.1,3,180,0,0.2,0,-1.1,25.8,-0.4,78.3,2.5,-154.7,0,-22.9,0,0,0,0,0,,,,LOOK / HOLD / SCENE
143,287-288,11.917,odysseus,A,-5,9.1,3,180,0,0.9,-0.1,-1.2,25.8,-1.5,79,1.1,-154.7,0,-22.9,0,0,0,0,0,,,,LOOK / HOLD / SCENE
144,289-290,12,odysseus,h,-5,9.1,3,180,0,1.5,-0.1,-1.3,25.8,-2.3,79.7,0.4,-154.7,0,-22.9,0,0,0,0,0,,,,LOOK / HOLD / SCENE
145,291-292,12.083,odysseus,h,-5,9.1,3,180,0,1.7,-0.1,-1.4,25.8,-2.6,80.2,-0.2,-154.7,0,-22.9,0,0,0,0,0,,,,LOOK / HOLD / SCENE
146,293-294,12.167,odysseus,h,-5,9.1,3,180,0,1.7,0,-1.4,25.8,-2.5,80.7,-0.7,-154.7,0,-22.9,0,0,0,0,0,,,,LOOK / HOLD / SCENE
147,295-296,12.25,odysseus,A,-5,9.1,3,180,0,1.7,0,-2.7,25.8,-2.5,81,-6.4,-148.9,15.5,-22.9,0,2.6,0,0,0,,,,TAUNT / DECLARE / UTTERANCE
148,297-298,12.333,odysseus,A,-5,9.1,3,180,0,1.6,0,-3.1,25.8,-2.4,81.2,-8.5,-147,22.9,-22.9,0,9.2,0,0,0,,,,TAUNT / DECLARE / UTTERANCE
149,299-300,12.417,odysseus,A,-5,9.1,3,180,0,1.6,0,-5.5,25.8,-2.4,81.2,-8.5,-177.5,24.8,-22.9,0,18.3,0,0,0,,,,TAUNT / DECLARE / UTTERANCE
150,301-302,12.5,odysseus,A,-5,9.1,3,180,0,1.6,0,-6,25.8,-2.3,80.2,-8.3,-182.7,24.1,-22.9,0,28.1,0,0,0,,,,TAUNT / DECLARE / UTTERANCE
151,303-304,12.583,odysseus,A,-5,9.1,3,180,0,1.6,0,-5.8,25.8,-2.3,78.4,-7.9,-180.5,23.2,-22.9,0,37.2,0,0,0,,,,TAUNT / DECLARE / UTTERANCE
152,305-306,12.667,odysseus,h,-5,9.1,3,180,0,1.5,0,-5.6,25.8,-2.2,77.3,-7.4,-179.6,22.2,-22.9,0,43.8,0,0,0,,,,TAUNT / DECLARE / UTTERANCE
153,307-308,12.75,odysseus,h,-5,9.1,3,180,0,1.5,0,-5.4,25.8,-2.2,77.3,-6.8,-178.8,21.3,-22.9,0,46.4,0,0,0,,,,TAUNT / DECLARE / UTTERANCE
154,309-310,12.833,odysseus,h,-5,9.1,3,180,0,1.5,0,-5.2,25.8,-2.1,77.3,-6.1,-177.9,20.3,-22.9,0,45.1,0,0,0,,,,TAUNT / DECLARE / UTTERANCE
155,311-312,12.917,odysseus,h,-5,9.1,3,180,0,1.5,0,-5,25.8,-2.1,77.3,-5.4,-177,19.3,-22.9,0,41.6,0,0,0,,,,TAUNT / DECLARE / UTTERANCE
156,313-314,13,odysseus,h,-5,9.1,3,180,0,1.4,0,-4.7,25.8,-2.1,77.3,-4.6,-176.2,18.4,-22.9,0,36.4,0,0,0,,,,TAUNT / DECLARE / UTTERANCE
157,315-316,13.083,odysseus,h,-5,9.1,3,180,0,1.4,0,-4.4,25.8,-2,77.3,-3.8,-175.3,17.4,-22.9,0,30.1,0,0,0,,,,TAUNT / DECLARE / UTTERANCE
158,317-318,13.167,odysseus,h,-5,9.1,3,180,0,1.4,0,-4.1,25.8,-2,77.3,-3.1,-173.8,16.1,-22.9,0,23.2,0,0,0,,,,TAUNT / DECLARE / UTTERANCE
159,319-320,13.25,odysseus,A,-5,9.1,3,180,0,1.4,0,-3.5,25.8,-1.9,77.3,-2.4,-170,12.9,-22.9,0,16.3,0,0,0,,,,TAUNT / DECLARE / UTTERANCE
160,321-322,13.333,odysseus,A,-5,9.1,3,180,0,1.3,0,-2.6,25.8,-1.9,77.3,-1.7,-165,8.7,-22.9,0,10,0,0,0,,,,TAUNT / DECLARE / UTTERANCE
161,323-324,13.417,odysseus,A,-5,9.1,3,180,0,1.3,0,-1.8,25.8,-1.8,77.3,-1.2,-160,4.5,-22.9,0,4.8,0,0,0,,,,TAUNT / DECLARE / UTTERANCE
162,325-326,13.5,odysseus,A,-5,9.1,3,180,0,1.3,0,-1.1,25.8,-1.8,77.3,-0.9,-156.2,1.3,-22.9,0,1.3,0,0,0,,,,TAUNT / DECLARE / UTTERANCE
163,327-328,13.583,odysseus,h,-5,9.1,3,180,0,1.3,0,-0.8,25.8,-1.7,77.3,-0.7,-154.7,0,-22.9,0,0,0,0,0,,,,HOLD / SCENE
164,329-330,13.667,odysseus,h,-5,9.1,3,180,0,1.3,0,-0.7,25.8,-1.7,77.3,-0.5,-154.7,0,-22.9,0,0,0,0,0,,,,HOLD / SCENE
165,331-332,13.75,odysseus,h,-5,9.1,3,180,0,1.3,0,-0.5,25.8,-1.7,77.3,-0.4,-154.7,0,-22.9,0,0,0,0,0,,,,HOLD / SCENE
166,333-334,13.833,odysseus,h,-5,9.1,3,180,0,1.3,0,-0.4,25.8,-1.7,77.3,-0.3,-154.7,0,-22.9,0,0,0,0,0,,,,HOLD / SCENE
167,335-336,13.917,odysseus,h,-5,9.1,3,180,0,1.3,0,-0.3,25.8,-1.7,77.3,-0.2,-154.7,0,-22.9,0,0,0,0,0,,,,HOLD / SCENE
168,337-338,14,odysseus,h,-5,9.1,3,180,0,1.3,0,-0.2,25.8,-1.7,77.3,-0.2,-154.7,0,-22.9,0,0,0,0,0,,,,HOLD / SCENE
169,339-340,14.083,odysseus,h,-5,9.1,3,180,0,1.3,0,-0.1,25.8,-1.7,77.3,-0.1,-154.7,0,-22.9,0,0,0,0,0,,,,HOLD / SCENE
170,341-342,14.167,odysseus,h,-5,9.1,3,180,0,1.3,0,-0.1,25.8,-1.7,77.3,0,-154.7,0,-22.9,0,0,0,0,0,,,,HOLD / SCENE
171,343-344,14.25,odysseus,h,-5,9.1,3,180,0,1.3,0,0,25.8,-1.7,77.3,0,-154.7,0,-22.9,0,0,0,0,0,,,,HOLD / SCENE
172,345-346,14.333,odysseus,h,-5,9.1,3,180,0,1.3,0,0,25.8,-1.7,77.3,0,-154.7,0,-22.9,0,0,0,0,0,,,,HOLD / SCENE
173,347-348,14.417,odysseus,h,-5,9.1,3,180,0,1.3,0,0,25.8,-1.7,77.3,0,-154.7,0,-22.9,0,0,0,0,0,,,,HOLD / SCENE
174,349-350,14.5,odysseus,h,-5,9.1,3,180,0,1.3,0,0,25.8,-1.7,77.3,0,-154.7,0,-22.9,0,0,0,0,0,,,,HOLD / SCENE
175,351-352,14.583,odysseus,h,-5,9.1,3,180,0,1.3,0,-0.1,25.8,-1.7,77.3,0,-154.7,0,-22.9,0,0,0,0,0,,,,NOD / DECLARE / UTTERANCE
176,353-354,14.667,odysseus,A,-5,9.1,3,180,0,1.3,0,-0.1,25.8,-1.7,78.3,4.7,-154.7,0,-22.9,0,0,0,0,0,,,,NOD / DECLARE / UTTERANCE
177,355-356,14.75,odysseus,A,-5,9.1,3,180,0,1.3,0,-0.2,25.8,-1.7,79,5,-154.7,0,-22.9,0,0,0,0,0,,,,OPEN / DECLARE / UTTERANCE
178,357-358,14.833,odysseus,A,-5,9.1,3,180,0,1.3,0,-1.4,25.8,-1.7,79.7,3.3,-148.9,5,-22.9,0,1.1,0,0,0,,,,WEIGHT SHIFT / HOLD / SCENE
179,359-360,14.917,odysseus,A,-5,9.1,3,180,0,1,0,-1.8,25.8,-1.4,80.2,1,-147,9.2,-22.9,0,4,0,0,0,,,,WEIGHT SHIFT / HOLD / SCENE
180,361-362,15,odysseus,A,-5,9.1,3,180,0,0.5,0,-0.1,25.8,-0.6,80.7,-1.5,-171.8,12.4,-22.9,0,8.2,0,0,0,,,,WEIGHT SHIFT / HOLD / SCENE
181,363-364,15.083,odysseus,A,-5,9.1,3,180,0,-0.2,0,1.1,25.8,0.4,81,-2.7,-183.3,14.7,-22.9,0,12.9,0,0,0,,,,WEIGHT SHIFT / HOLD / SCENE
182,365-366,15.167,odysseus,A,-5,9.1,3,180,0,-0.9,-0.1,1.8,25.8,1.5,81.2,-2.8,-183.3,16,-22.9,0,17.6,0,0,0,,,,WEIGHT SHIFT / HOLD / SCENE
183,367-368,15.25,odysseus,h,-5,9.1,3,180,0,-1.5,-0.1,2,25.8,2.3,81.2,-2.8,-183.3,16.5,-22.9,0,21.8,0,0,0,,,,WEIGHT SHIFT / HOLD / SCENE
184,369-370,15.333,odysseus,h,-5,9.1,3,180,0,-1.7,-0.1,1.7,25.8,2.6,80.2,-2.7,-183.3,15.8,-22.9,0,24.7,0,0,0,,,,WEIGHT SHIFT / HOLD / SCENE
185,371-372,15.417,odysseus,h,-5,9.1,3,180,0,-1.7,0,1.5,25.8,2.5,78.4,-2.6,-183.3,15.1,-22.9,0,25.8,0,0,0,,,,WEIGHT SHIFT / HOLD / SCENE
186,373-374,15.5,odysseus,h,-5,9.1,3,180,0,-1.7,0,1.3,25.8,2.5,77.3,-2.4,-183.3,14.4,-22.9,0,25.1,0,0,0,,,,WEIGHT SHIFT / HOLD / SCENE
187,375-376,15.583,odysseus,h,-5,9.1,3,180,0,-1.6,0,1.1,25.8,2.4,77.3,-2.3,-183.3,13.8,-22.9,0,23.1,0,0,0,,,,WEIGHT SHIFT / HOLD / SCENE
188,377-378,15.667,odysseus,h,-5,9.1,3,180,0,-1.6,0,0.8,25.8,2.4,77.3,-2.1,-183.3,13.1,-22.9,0,20.2,0,0,0,,,,WEIGHT SHIFT / HOLD / SCENE
189,379-380,15.75,odysseus,h,-5,9.1,3,180,0,-1.6,0,0.6,25.8,2.3,77.3,-1.9,-183.3,12.4,-22.9,0,16.7,0,0,0,,,,WEIGHT SHIFT / HOLD / SCENE
190,381-382,15.833,odysseus,h,-5,9.1,3,180,0,-1.6,0,0.4,25.8,2.3,77.3,-1.7,-183.3,11.5,-22.9,0,12.9,0,0,0,,,,WEIGHT SHIFT / HOLD / SCENE
191,383-384,15.917,odysseus,h,-5,9.1,3,180,0,-1.5,0,0,25.8,2.2,77.3,-1.6,-183.3,9.2,-22.9,0,9.1,0,0,0,,,,WEIGHT SHIFT / HOLD / SCENE
192,385-386,16,odysseus,A,-5,9.1,3,180,0,-1.5,0,-0.5,25.8,2.2,77.3,-1.5,-174.3,6.2,-22.9,0,5.6,0,0,0,,,,WEIGHT SHIFT / HOLD / SCENE
193,387-388,16.083,odysseus,A,-5,9.1,3,180,0,-1.5,0,-1,25.8,2.1,77.3,-1.4,-164.9,3.2,-22.9,0,2.7,0,0,0,,,,WEIGHT SHIFT / HOLD / SCENE
194,389-390,16.167,odysseus,A,-5,9.1,3,180,0,-1.5,0,-1.4,25.8,2.1,77.3,-1.3,-157.6,0.9,-22.9,0,0.7,0,0,0,,,,WEIGHT SHIFT / HOLD / SCENE
195,391-392,16.25,odysseus,A,-5,9.1,3,180,0,-1.4,0,-1.6,25.8,2.1,77.3,-1.3,-154.7,0,-22.9,0,0,0,0,0,,,,WEIGHT SHIFT / HOLD / SCENE
196,393-394,16.333,odysseus,h,-5,9.1,3,180,0,-1.4,0,-1.7,25.8,2,77.3,-1.4,-154.7,0,-22.9,0,0,0,0,0,,,,WEIGHT SHIFT / HOLD / SCENE
197,395-396,16.417,odysseus,h,-5,9.1,3,180,0,-1.4,0,-1.7,25.8,2,77.3,-1.4,-154.7,0,-22.9,0,0,0,0,0,,,,WEIGHT SHIFT / HOLD / SCENE
198,397-398,16.5,odysseus,h,-5,9.1,3,180,0,-1.4,0,-1.7,25.8,1.9,77.3,-1.4,-154.7,0,-22.9,0,0,0,0,0,,,,WEIGHT SHIFT / HOLD / SCENE
199,399-400,16.583,odysseus,h,-5,9.1,3,180,0,-1.3,0,-1.7,25.8,1.9,77.3,-1.4,-154.7,0,-22.9,0,0,0,0,0,,,,WEIGHT SHIFT / HOLD / SCENE
200,401-402,16.667,odysseus,h,-5,9.1,3,180,0,-1.3,0,-1.7,25.8,1.8,77.3,-1.4,-154.7,0,-22.9,0,0,0,0,0,,,,WEIGHT SHIFT / HOLD / SCENE
201,403-404,16.75,odysseus,h,-5,9.1,3,180,0,-1.3,0,-1.7,25.8,1.8,77.3,-1.4,-154.7,0,-22.9,0,0,0,0,0,,,,WEIGHT SHIFT / HOLD / SCENE
202,405-406,16.833,odysseus,h,-5,9.1,3,180,0,-1.3,0,-1.6,25.8,1.7,77.3,-1.3,-154.7,0,-22.9,0,0,0,0,0,,,,HOLD / SCENE
203,407-408,16.917,odysseus,h,-5,9.1,3,180,0,-1.3,0,-1.5,25.8,1.7,77.3,-1.3,-154.7,0,-22.9,0,0,0,0,0,,,,HOLD / SCENE
204,409-410,17,odysseus,h,-5,9.1,3,180,0,-1.3,0,-1.4,25.8,1.7,77.3,-1.2,-154.7,0,-22.9,0,0,0,0,0,,,,HOLD / SCENE
205,411-412,17.083,odysseus,h,-5,9.1,3,180,0,-1.3,0,-1.3,25.8,1.7,77.3,-1.1,-154.7,0,-22.9,0,0,0,0,0,,,,LOOK / HOLD / SCENE
206,413-414,17.167,odysseus,A,-5,9.1,3,180,0,-1.3,0,-1.2,25.8,1.7,78.2,1.9,-153.4,0,-23.1,0,0,0,0,0,,,,LOOK / HOLD / SCENE
207,415-416,17.25,odysseus,A,-5,9.1,3,180,0,-1.3,0,-1.1,25.8,1.7,78.9,1.3,-148.3,0,-23.8,0,0,0,0,0,,,,LOOK / HOLD / SCENE
208,417-418,17.333,odysseus,A,-5,9.1,3,180,0,-1.3,0,-0.9,25.8,1.7,79.5,0.8,-140.4,0,-24.8,0,0,0,0,0,,,,LOOK / HOLD / SCENE
209,419-420,17.417,odysseus,A,-5,9.1,3,180,0,-1.3,0,-0.8,25.8,1.7,80,0.5,-130.3,0,-26.2,0,0,0,0,0,,,,LOOK / HOLD / SCENE
210,421-422,17.5,odysseus,A,-5,9.1,3,180,0,-1.3,0,-0.7,25.8,1.7,80.5,0.2,-118.9,0,-27.7,0,0,0,0,0,,,,LOOK / HOLD / SCENE
211,423-424,17.583,odysseus,A,-5,9.1,3,180,0,-1.3,0,-0.5,25.8,1.7,80.8,0,-107,0,-29.3,0,0,0,0,0,,,,LOOK / HOLD / SCENE
212,425-426,17.667,odysseus,A,-5,9.1,3,180,0,-1.3,0,-0.4,25.8,1.7,81,-0.2,-95.4,0,-30.8,0,0,0,0,0,,,,LOOK / HOLD / SCENE
213,427-428,17.75,odysseus,A,-5,9.1,3,180,0,-1.3,0,-0.3,25.8,1.7,81.2,-0.2,-85,0,-32.2,0,0,0,0,0,,,,LOOK / HOLD / SCENE
214,429-430,17.833,odysseus,A,-5,9.1,3,180,0,-1.3,0,-0.2,25.8,1.7,81.2,-0.2,-76.5,0,-33.3,0,0,0,0,0,,,,LOOK / HOLD / SCENE
215,431-432,17.917,odysseus,A,-5,9.1,3,180,0,-1.3,0,-0.1,25.8,1.7,80.2,-0.1,-70.8,0,-34.1,0,0,0,0,0,,,,LOOK / HOLD / SCENE
216,433-434,18,odysseus,h,-5,9.1,3,180,0,-1.3,0,-0.1,25.8,1.7,78.4,0,-68.8,0,-34.4,0,0,0,0,0,,,,LOOK / HOLD / SCENE
217,435-436,18.083,odysseus,h,-5,9.1,3,180,0,-1.3,0,0,25.8,1.7,77.3,0,-68.8,0,-34.4,0,0,0,0,0,,,,HOLD / SCENE
218,437-438,18.167,odysseus,h,-5,9.1,3,180,0,-1.3,0,0,25.8,1.7,77.3,0,-68.8,0,-34.4,0,0,0,0,0,,,,HOLD / SCENE
219,439-440,18.25,odysseus,h,-5,9.1,3,180,0,-1.3,0,0,25.8,1.7,77.3,0,-68.8,0,-34.4,0,0,0,0,0,,,,HOLD / SCENE
220,441-442,18.333,odysseus,h,-5,9.1,3,180,0,-1.3,0,0,25.8,1.7,77.3,0,-68.8,0,-34.4,0,0,0,0,0,,,,HOLD / SCENE
221,443-444,18.417,odysseus,h,-5,9.1,3,180,0,-1.3,0,-0.1,25.8,1.7,77.3,0,-68.8,0,-34.4,0,0,0,0,0,,,,HOLD / SCENE
222,445-446,18.5,odysseus,h,-5,9.1,3,180,0,-1.3,0,-0.1,25.8,1.7,77.3,-0.1,-68.8,0,-34.4,0,0,0,0,0,,,,HOLD / SCENE
223,447-448,18.583,odysseus,h,-5,9.1,3,180,0,-1.3,0,-0.2,25.8,1.7,77.3,-0.1,-68.8,0,-34.4,0,0,0,0,0,,,,HOLD / SCENE
224,449-450,18.667,odysseus,h,-5,9.1,3,180,0,-1.3,0,-0.2,25.8,1.7,77.3,-0.2,-68.8,0,-34.4,0,0,0,0,0,,,,HOLD / SCENE
225,451-452,18.75,odysseus,h,-5,9.1,3,180,0,-1,0,-0.3,25.8,1.4,77.3,-0.2,-68.8,0,-34.4,0,0,0,0,0,,,,WEIGHT SHIFT / HOLD / SCENE
226,453-454,18.833,odysseus,h,-5,9.1,3,180,0,-0.5,0,-0.4,25.8,0.6,77.3,-0.3,-68.8,0,-34.4,0,0,0,0,0,,,,WEIGHT SHIFT / HOLD / SCENE
227,455-456,18.917,odysseus,A,-5,9.1,3,180,0,0.2,0,-0.4,25.8,-0.4,77.3,-0.4,-68.8,0,-34.4,0,0,0,0,0,,,,WEIGHT SHIFT / HOLD / SCENE
228,457-458,19,odysseus,A,-5,9.1,3,180,0,0.9,-0.1,-0.5,25.8,-1.5,77.3,-0.4,-68.8,0,-34.4,0,0,0,0,0,,,,WEIGHT SHIFT / HOLD / SCENE
229,459-460,19.083,odysseus,h,-5,9.1,3,180,0,1.5,-0.1,-0.6,25.8,-2.3,77.3,-0.5,-68.8,0,-34.4,0,0,0,0,0,,,,WEIGHT SHIFT / HOLD / SCENE
230,461-462,19.167,odysseus,h,-5,9.1,3,180,0,1.7,-0.1,-0.7,25.8,-2.6,77.3,-0.6,-68.8,0,-34.4,0,0,0,0,0,,,,WEIGHT SHIFT / HOLD / SCENE
231,463-464,19.25,odysseus,h,-5,9.1,3,180,0,1.7,0,-0.8,25.8,-2.5,77.3,-0.7,-68.8,0,-34.4,0,0,0,0,0,,,,WEIGHT SHIFT / HOLD / SCENE
232,465-466,19.333,odysseus,h,-5,9.1,3,180,0,1.7,0,-0.9,25.8,-2.5,77.3,-0.8,-68.8,0,-34.4,0,0,0,0,0,,,,WEIGHT SHIFT / HOLD / SCENE
233,467-468,19.417,odysseus,h,-5,9.1,3,180,0,1.6,0,-1,25.8,-2.4,77.3,-0.8,-68.8,0,-34.4,0,0,0,0,0,,,,WEIGHT SHIFT / HOLD / SCENE
234,469-470,19.5,odysseus,h,-5,9.1,3,180,0,1.6,0,-1.1,25.8,-2.4,77.3,-0.9,-68.8,0,-34.4,0,0,0,0,0,,,,WEIGHT SHIFT / HOLD / SCENE
235,471-472,19.583,odysseus,h,-5,9.1,3,180,0,1.6,0,-1.2,25.8,-2.3,77.3,-1,-68.8,0,-34.4,0,0,0,0,0,,,,WEIGHT SHIFT / HOLD / SCENE
236,473-474,19.667,odysseus,h,-5,9.1,3,180,0,1.6,0,-1.3,25.8,-2.3,77.3,-1.1,-68.8,0,-34.4,0,0,0,0,0,,,,WEIGHT SHIFT / HOLD / SCENE
237,475-476,19.75,odysseus,A,-5,9.1,3,180,0,1.5,0,-1.4,25.8,-2.2,78.3,1.7,-68.8,0,-34.4,0,0,0,0,0,,,,LOOK / HOLD / SCENE
238,477-478,19.833,odysseus,h,-5,9.1,3,180,0,1.5,0,-1.4,25.8,-2.2,79,0.9,-68.8,0,-34.4,0,0,0,0,0,,,,LOOK / HOLD / SCENE
239,479-480,19.917,odysseus,h,-5,9.1,3,180,0,1.5,0,-1.5,25.8,-2.1,79.7,0.2,-68.8,0,-34.4,0,0,0,0,0,,,,LOOK / HOLD / SCENE
240,481-482,20,odysseus,h,-5,9.1,3,180,0,1.5,0,-1.6,25.8,-2.1,80.2,-0.4,-68.8,0,-34.4,0,0,0,0,0,,,,LOOK / HOLD / SCENE
241,483-484,20.083,odysseus,h,-5,9.1,3,180,0,1.4,0,-1.6,25.8,-2.1,80.7,-0.8,-68.8,0,-34.4,0,0,0,0,0,,,,LOOK / HOLD / SCENE
242,485-486,20.167,odysseus,h,-5,9.1,3,180,0,1.4,0,-1.7,25.8,-2,81,-1.1,-68.8,0,-34.4,0,0,0,0,0,,,,LOOK / HOLD / SCENE
243,487-488,20.25,odysseus,h,-5,9.1,3,180,0,1.4,0,-1.7,25.8,-2,81.2,-1.4,-68.8,0,-34.4,0,0,0,0,0,,,,LOOK / HOLD / SCENE
244,489-490,20.333,odysseus,h,-5,9.1,3,180,0,1.4,0,-1.7,25.8,-1.9,81.2,-1.4,-68.8,0,-34.4,0,0,0,0,0,,,,LOOK / HOLD / SCENE
245,491-492,20.417,odysseus,h,-5,9.1,3,180,0,1.3,0,-1.7,25.8,-1.9,80.2,-1.4,-68.8,0,-34.4,0,0,0,0,0,,,,LOOK / HOLD / SCENE
246,493-494,20.5,odysseus,h,-5,9.1,3,180,0,1.3,0,-1.7,25.8,-1.8,78.4,-1.4,-68.8,0,-34.4,0,0,0,0,0,,,,LOOK / HOLD / SCENE
247,495-496,20.583,odysseus,h,-5,9.1,3,180,0,1.3,0,-1.7,25.8,-1.8,77.3,-1.4,-68.8,0,-34.4,0,0,0,0,0,,,,WEIGHT SHIFT / HOLD / SCENE
248,497-498,20.667,odysseus,h,-5,9.1,3,180,0,1.3,0,-1.6,25.8,-1.7,77.3,-1.3,-68.8,0,-34.4,0,0,0,0,0,,,,WEIGHT SHIFT / HOLD / SCENE
249,499-500,20.75,odysseus,h,-5,9.1,3,180,0,1.3,0,-1.5,25.8,-1.7,77.3,-1.3,-68.8,0,-34.4,0,0,0,0,0,,,,HOLD / SCENE
250,501-502,20.833,odysseus,h,-5,9.1,3,180,0,1.3,0,-1.4,25.8,-1.7,77.3,-1.2,-68.8,0,-34.4,0,0,0,0,0,,,,HOLD / SCENE
251,503-504,20.917,odysseus,h,-5,9.1,3,180,0,1.3,0,-1.3,25.8,-1.7,77.3,-1.1,-68.8,0,-34.4,0,0,0,0,0,,,,HOLD / SCENE
252,505-506,21,odysseus,h,-5,9.1,3,180,0,1.3,0,-1.2,25.8,-1.7,77.3,-1,-68.8,0,-34.4,0,0,0,0,0,,,,STEER / STEER / SCENE
253,507-508,21.083,odysseus,h,-5,9.1,3,180,0,1.3,0,-1.1,25.8,-1.7,77.3,-0.9,-68.4,0,-35.1,0,0,0,0,0,,,,STEER / STEER / SCENE
254,509-510,21.167,odysseus,h,-5,9.1,3,180,0,1.3,0,-0.9,25.9,-1.7,77.3,-0.8,-67.4,0,-36.9,0,0,0,0,0,,,,STEER / STEER / SCENE
255,511-512,21.25,odysseus,A,-5,9.1,3,180,0,1.3,0,-0.8,26,-1.7,77.3,-0.7,-66,0,-39.7,0,0,0,0,0,,,,STEER / STEER / SCENE
256,513-514,21.333,odysseus,A,-5,9.1,3,180,0,1.3,0,-0.7,26.1,-1.7,77.3,-0.5,-64.2,0,-43,0,0,0,0,0,,,,STEER / STEER / SCENE
257,515-516,21.417,odysseus,A,-5,9.1,3,180,0,1.3,0,-0.5,26.2,-1.7,77.3,-0.4,-62.3,0,-46.6,0,0,0,0,0,,,,STEER / STEER / SCENE
258,517-518,21.5,odysseus,A,-5,9.1,3,180,0,1.3,0,-0.4,26.4,-1.7,77.3,-0.3,-60.4,0,-50.2,0,0,0,0,0,,,,STEER / STEER / SCENE
259,519-520,21.583,odysseus,A,-5,9.1,3,180,0,1.3,0,-0.3,26.5,-1.7,77.3,-0.2,-58.6,0,-53.5,0,0,0,0,0,,,,STEER / STEER / SCENE
260,521-522,21.667,odysseus,A,-5,9.1,3,180,0,1.3,0,-0.2,26.6,-1.7,77.3,-0.2,-57.1,0,-56.3,0,0,0,0,0,,,,STEER / STEER / SCENE
261,523-524,21.75,odysseus,h,-5,9.1,3,180,0,1.3,0,-0.1,26.7,-1.7,77.3,-0.1,-56.2,0,-58.1,0,0,0,0,0,,,,STEER / STEER / SCENE
262,525-526,21.833,odysseus,h,-5,9.1,3,180,0,1.3,0,-0.1,26.7,-1.7,77.3,0,-55.8,0,-58.8,0,0,0,0,0,,,,STEER / STEER / SCENE
263,527-528,21.917,odysseus,h,-5,9.1,3,180,0,1.3,0,0,26.7,-1.7,77.3,0,-55.8,0,-58.8,0,0,0,0,0,,,,STEER / STEER / SCENE
264,529-530,22,odysseus,h,-5,9.1,3,180,0,1.3,0,0,26.6,-1.7,77.3,0,-56,0,-58.6,0,0,0,0,0,,,,STEER / STEER / SCENE
265,531-532,22.083,odysseus,h,-5,9.1,3,180,0,1.3,0,0,26.5,-1.7,77.3,0,-56.1,0,-58.4,0,0,0,0,0,,,,STEER / STEER / SCENE
266,533-534,22.167,odysseus,h,-5,9.1,3,180,0,1.3,0,0,26.3,-1.7,77.3,0,-56.4,0,-58.2,0,0,0,0,0,,,,STEER / STEER / SCENE
267,535-536,22.25,odysseus,h,-5,9.1,3,180,0,1.3,0,-0.1,26.1,-1.7,77.3,0,-56.7,0,-57.9,0,0,0,0,0,,,,LOOK / HOLD / SCENE
268,537-538,22.333,odysseus,A,-5,9.1,3,180,0,1.3,0,-0.1,25.9,-1.7,78.3,2.8,-57.1,0,-57.5,0,0,0,0,0,,,,LOOK / HOLD / SCENE
269,539-540,22.417,odysseus,h,-5,9.1,3,180,0,1.3,0,-0.2,25.7,-1.7,79,2,-57.4,0,-57.2,0,0,0,0,0,,,,LOOK / HOLD / SCENE
270,541-542,22.5,odysseus,h,-5,9.1,3,180,0,1,0,-0.2,25.4,-1.4,79.7,1.3,-57.9,0,-56.7,0,0,0,0,0,,,,WEIGHT SHIFT / HOLD / SCENE
271,543-544,22.583,odysseus,h,-5,9.1,3,180,0,0.5,0,-0.3,25.2,-0.6,80.2,0.7,-58.3,0,-56.3,0,0,0,0,0,,,,WEIGHT SHIFT / HOLD / SCENE
272,545-546,22.667,odysseus,h,-5,9.1,3,180,0,-0.2,0,-0.4,24.9,0.4,80.7,0.2,-58.8,0,-55.8,0,0,0,0,0,,,,WEIGHT SHIFT / HOLD / SCENE
273,547-548,22.75,odysseus,h,-5,9.1,3,180,0,-0.9,-0.1,-0.4,24.6,1.5,81,-0.1,-59.2,0,-55.4,0,0,0,0,0,,,,WEIGHT SHIFT / HOLD / SCENE
274,549-550,22.833,odysseus,h,-5,9.1,3,180,0,-1.5,-0.1,-0.5,24.3,2.3,81.2,-0.4,-59.7,0,-54.9,0,0,0,0,0,,,,WEIGHT SHIFT / HOLD / SCENE
275,551-552,22.917,odysseus,h,-5,9.1,3,180,0,-1.7,-0.1,-0.6,24.1,2.6,81.2,-0.5,-60.2,0,-54.4,0,0,0,0,0,,,,WEIGHT SHIFT / HOLD / SCENE
276,553-554,23,odysseus,h,-5,9.1,3,180,0,-1.7,0,-0.7,23.8,2.5,80.2,-0.6,-60.6,0,-54,0,0,0,0,0,,,,WEIGHT SHIFT / HOLD / SCENE
277,555-556,23.083,odysseus,h,-5,9.1,3,180,0,-1.7,0,-0.8,23.5,2.5,78.4,-0.7,-61,0,-53.6,0,0,0,0,0,,,,WEIGHT SHIFT / HOLD / SCENE
278,557-558,23.167,odysseus,h,-5,9.1,3,180,0,-1.6,0,-0.9,23.3,2.4,77.3,-0.8,-61.4,0,-53.2,0,0,0,0,0,,,,WEIGHT SHIFT / HOLD / SCENE
279,559-560,23.25,odysseus,h,-5,9.1,3,180,0,-1.6,0,-1,23.1,2.4,77.3,-0.8,-61.8,0,-52.8,0,0,0,0,0,,,,WEIGHT SHIFT / HOLD / SCENE
280,561-562,23.333,odysseus,h,-5,9.1,3,180,0,-1.6,0,-1.1,22.9,2.3,77.3,-0.9,-62.1,0,-52.5,0,0,0,0,0,,,,WEIGHT SHIFT / HOLD / SCENE
281,563-564,23.417,odysseus,h,-5,9.1,3,180,0,-1.6,0,-1.2,22.8,2.3,77.3,-1,-62.3,0,-52.3,0,0,0,0,0,,,,WEIGHT SHIFT / HOLD / SCENE
282,565-566,23.5,odysseus,h,-5,9.1,3,180,0,-1.5,0,-1.3,22.7,2.2,77.3,-1.1,-62.5,0,-52.1,0,0,0,0,0,,,,WEIGHT SHIFT / HOLD / SCENE
283,567-568,23.583,odysseus,h,-5,9.1,3,180,0,-1.5,0,-1.4,22.6,2.2,77.3,-1.1,-62.6,0,-52,0,0,0,0,0,,,,WEIGHT SHIFT / HOLD / SCENE
284,569-570,23.667,odysseus,h,-5,9.1,3,180,0,-1.5,0,-1.4,22.6,2.1,77.3,-1.2,-62.7,0,-51.9,0,0,0,0,0,,,,WEIGHT SHIFT / HOLD / SCENE
285,571-572,23.75,odysseus,h,-5,9.1,3,180,0,-1.5,0,-1.5,22.6,2.1,77.3,-1.3,-62.7,0,-51.9,0,0,0,0,0,,,,WEIGHT SHIFT / HOLD / SCENE
286,573-574,23.833,odysseus,h,-5,9.1,3,180,0,-1.4,0,-1.6,22.6,2.1,77.3,-1.3,-62.7,0,-51.9,0,0,0,0,0,,,,WEIGHT SHIFT / HOLD / SCENE
287,575-576,23.917,odysseus,h,-5,9.1,3,180,0,-1.4,0,-1.6,22.6,2,77.3,-1.3,-62.7,0,-51.9,0,0,0,0,0,,,,WEIGHT SHIFT / HOLD / SCENE
288,577-578,24,odysseus,h,-5,9.1,3,180,0,-1.4,0,-1.7,22.6,2,77.3,-1.4,-62.7,0,-51.9,0,0,0,0,0,,,,WEIGHT SHIFT / HOLD / SCENE
289,579-580,24.083,odysseus,h,-5,9.1,3,180,0,-1.4,0,-1.7,22.6,1.9,77.3,-1.4,-62.7,0,-51.9,0,0,0,0,0,,,,WEIGHT SHIFT / HOLD / SCENE
290,581-582,24.167,odysseus,h,-5,9.1,3,180,0,-1.3,0,-1.7,22.6,1.9,77.3,-1.4,-62.7,0,-51.9,0,0,0,0,0,,,,WEIGHT SHIFT / HOLD / SCENE
291,583-584,24.25,odysseus,h,-5,9.1,3,180,0,-1.3,0,-1.7,22.6,1.8,77.3,-1.4,-62.7,0,-51.9,0,0,0,0,0,,,,WEIGHT SHIFT / HOLD / SCENE
292,585-586,24.333,odysseus,h,-5,9.1,3,180,0,-1.3,0,-1.7,22.6,1.8,77.3,-1.4,-62.7,0,-51.9,0,0,0,0,0,,,,WEIGHT SHIFT / HOLD / SCENE
293,587-588,24.417,odysseus,h,-5,9.1,3,180,0,-1.3,0,-1.7,22.6,1.7,77.3,-1.4,-62.7,0,-51.9,0,0,0,0,0,,,,WEIGHT SHIFT / HOLD / SCENE
294,589-590,24.5,odysseus,h,-5,9.1,3,180,0,-1.3,0,-1.6,22.6,1.7,77.3,-1.3,-62.7,0,-51.9,0,0,0,0,0,,,,STEER / SCENE / SCENE
295,591-592,24.583,odysseus,h,-5,9.1,3,180,0,-1.3,0,-1.5,22.6,1.7,77.3,-1.3,-62.7,0,-51.9,0,0,0,0,0,,,,STEER / SCENE / SCENE
296,593-594,24.667,odysseus,h,-5,9.1,3,180,0,-1.3,0,-1.4,22.6,1.7,77.3,-1.2,-62.7,0,-51.9,0,0,0,0,0,,,,STEER / SCENE / SCENE
297,595-596,24.75,odysseus,h,-5,9.1,3,180,0,-1.3,0,-1.3,22.6,1.7,77.3,-1.1,-62.7,0,-51.9,0,0,0,0,0,,,,LOOK / HOLD / SCENE
298,597-598,24.833,odysseus,A,-5,9.1,3,180,0,-1.3,0,-1.2,22.6,1.7,78.2,1.9,-62.7,0,-51.9,0,0,0,0,0,,,,LOOK / HOLD / SCENE
299,599-600,24.917,odysseus,h,-5,9.1,3,180,0,-1.3,0,-1.1,22.6,1.7,78.9,1.3,-62.7,0,-51.9,0,0,0,0,0,,,,LOOK / HOLD / SCENE
300,601-602,25,odysseus,h,-5,9.1,3,180,0,-1.3,0,-0.9,22.6,1.7,79.5,0.8,-62.7,0,-51.9,0,0,0,0,0,,,,LOOK / HOLD / SCENE
301,603-604,25.083,odysseus,h,-5,9.1,3,180,0,-1.3,0,-0.8,22.6,1.7,80,0.5,-62.7,0,-51.9,0,0,0,0,0,,,,LOOK / HOLD / SCENE
302,605-606,25.167,odysseus,h,-5,9.1,3,180,0,-1.3,0,-0.7,22.6,1.7,80.5,0.2,-62.7,0,-51.9,0,0,0,0,0,,,,LOOK / HOLD / SCENE
303,607-608,25.25,odysseus,h,-5,9.1,3,180,0,-1.3,0,-0.5,22.6,1.7,80.8,0,-62.7,0,-51.9,0,0,0,0,0,,,,LOOK / HOLD / SCENE
304,609-610,25.333,odysseus,h,-5,9.1,3,180,0,-1.3,0,-0.4,22.6,1.7,81,-0.2,-62.7,0,-51.9,0,0,0,0,0,,,,LOOK / HOLD / SCENE
305,611-612,25.417,odysseus,h,-5,9.1,3,180,0,-1.3,0,-0.3,22.6,1.7,81.2,-0.2,-62.7,0,-51.9,0,0,0,0,0,,,,LOOK / HOLD / SCENE
306,613-614,25.5,odysseus,h,-5,9.1,3,180,0,-1.3,0,-0.2,22.6,1.7,81.2,-0.2,-62.7,0,-51.9,0,0,0,0,0,,,,WEIGHT SHIFT / HOLD / SCENE
307,615-616,25.583,odysseus,h,-5,9.1,3,180,0,-1,0,-0.1,22.6,1.3,80.2,-0.1,-62.7,0,-51.9,0,0,0,0,0,,,,WEIGHT SHIFT / HOLD / SCENE
308,617-618,25.667,odysseus,A,-5,9.1,3,180,0,-0.2,0,-0.1,22.6,0.2,78.4,0,-62.7,0,-51.9,0,0,0,0,0,,,,WEIGHT SHIFT / HOLD / SCENE
309,619-620,25.75,odysseus,A,-5,9.1,3,180,0,0.7,-0.1,0,22.6,-1.1,77.3,0,-62.7,0,-51.9,0,0,0,0,0,,,,WEIGHT SHIFT / HOLD / SCENE
310,621-622,25.833,odysseus,A,-5,9.1,3,180,0,1.4,-0.1,0,22.6,-2.1,77.3,0,-62.7,0,-51.9,0,0,0,0,0,,,,WEIGHT SHIFT / HOLD / SCENE
311,623-624,25.917,odysseus,h,-5,9.1,3,180,0,1.7,-0.1,0,22.6,-2.6,77.3,0,-62.7,0,-51.9,0,0,0,0,0,,,,WEIGHT SHIFT / HOLD / SCENE
312,625-626,26,odysseus,h,-5,9.1,3,180,0,1.7,0,0,22.6,-2.5,77.3,0,-62.7,0,-51.9,0,0,0,0,0,,,,WEIGHT SHIFT / HOLD / SCENE
313,627-628,26.083,odysseus,h,-5,9.1,3,180,0,1.7,0,-0.1,22.6,-2.5,77.3,0,-62.7,0,-51.9,0,0,0,0,0,,,,WEIGHT SHIFT / HOLD / SCENE
314,629-630,26.167,odysseus,h,-5,9.1,3,180,0,1.6,0,-0.1,22.6,-2.4,77.3,-0.1,-62.7,0,-51.9,0,0,0,0,0,,,,WEIGHT SHIFT / HOLD / SCENE
315,631-632,26.25,odysseus,h,-5,9.1,3,180,0,1.6,0,-0.2,22.6,-2.4,77.3,-0.1,-62.7,0,-51.9,0,0,0,0,0,,,,WEIGHT SHIFT / HOLD / SCENE
316,633-634,26.333,odysseus,h,-5,9.1,3,180,0,1.6,0,-0.2,22.6,-2.4,77.3,-0.2,-62.7,0,-51.9,0,0,0,0,0,,,,WEIGHT SHIFT / HOLD / SCENE
317,635-636,26.417,odysseus,h,-5,9.1,3,180,0,1.6,0,-0.3,22.6,-2.3,77.3,-0.2,-62.7,0,-51.9,0,0,0,0,0,,,,WEIGHT SHIFT / HOLD / SCENE
318,637-638,26.5,odysseus,h,-5,9.1,3,180,0,1.6,0,-0.4,22.6,-2.3,77.3,-0.3,-62.7,0,-51.9,0,0,0,0,0,,,,WEIGHT SHIFT / HOLD / SCENE
319,639-640,26.583,odysseus,h,-5,9.1,3,180,0,1.5,0,-0.4,22.6,-2.2,77.3,-0.4,-62.7,0,-51.9,0,0,0,0,0,,,,WEIGHT SHIFT / HOLD / SCENE
320,641-642,26.667,odysseus,h,-5,9.1,3,180,0,1.5,0,-0.5,22.6,-2.2,77.3,-0.4,-62.7,0,-51.9,0,0,0,0,0,,,,WEIGHT SHIFT / HOLD / SCENE
321,643-644,26.75,odysseus,h,-5,9.1,3,180,0,1.5,0,-0.6,22.6,-2.1,77.3,-0.5,-62.7,0,-51.9,0,0,0,0,0,,,,WEIGHT SHIFT / HOLD / SCENE
322,645-646,26.833,odysseus,h,-5,9.1,3,180,0,1.5,0,-0.7,22.6,-2.1,77.3,-0.6,-62.7,0,-51.9,0,0,0,0,0,,,,WEIGHT SHIFT / HOLD / SCENE
323,647-648,26.917,odysseus,h,-5,9.1,3,180,0,1.4,0,-0.8,22.6,-2,77.3,-0.7,-62.7,0,-51.9,0,0,0,0,0,,,,WEIGHT SHIFT / HOLD / SCENE
324,649-650,27,odysseus,h,-5,9.1,3,180,0,1.4,0,-0.9,22.6,-2,77.3,-0.8,-62.7,0,-51.9,0,0,0,0,0,,,,WEIGHT SHIFT / HOLD / SCENE
325,651-652,27.083,odysseus,h,-5,9.1,3,180,0,1.4,0,-1,22.6,-1.9,77.3,-0.8,-62.7,0,-51.9,0,0,0,0,0,,,,WEIGHT SHIFT / HOLD / SCENE
326,653-654,27.167,odysseus,h,-5,9.1,3,180,0,1.4,0,-1.1,22.6,-1.9,77.3,-0.9,-62.7,0,-51.9,0,0,0,0,0,,,,WEIGHT SHIFT / HOLD / SCENE
327,655-656,27.25,odysseus,h,-5,9.1,3,180,0,1.3,0,-1.2,22.6,-1.9,77.3,-1,-62.7,0,-51.9,0,0,0,0,0,,,,WEIGHT SHIFT / HOLD / SCENE
328,657-658,27.333,odysseus,h,-5,9.1,3,180,0,1.3,0,-1.3,22.6,-1.8,77.3,-1.1,-62.7,0,-51.9,0,0,0,0,0,,,,WEIGHT SHIFT / HOLD / SCENE
329,659-660,27.417,odysseus,h,-5,9.1,3,180,0,1.3,0,-1.4,22.6,-1.8,77.3,-1.1,-62.7,0,-51.9,0,0,0,0,0,,,,WEIGHT SHIFT / HOLD / SCENE
330,661-662,27.5,odysseus,h,-5,9.1,3,180,0,1.3,0,-1.4,22.6,-1.7,77.3,-1.2,-62.7,0,-51.9,0,0,0,0,0,,,,WEIGHT SHIFT / HOLD / SCENE
331,663-664,27.583,odysseus,h,-5,9.1,3,180,0,1.3,0,-1.5,22.6,-1.7,77.3,-1.3,-62.7,0,-51.9,0,0,0,0,0,,,,HOLD / SCENE
332,665-666,27.667,odysseus,h,-5,9.1,3,180,0,1.3,0,-1.6,22.6,-1.7,77.3,-1.3,-62.7,0,-51.9,0,0,0,0,0,,,,HOLD / SCENE
333,667-668,27.75,odysseus,A,-5,9.1,3,180,0,1.3,0,-1.6,22.6,-1.7,78.3,1.5,-62.7,0,-51.9,0,0,0,0,0,,,,LOOK / HOLD / SCENE
334,669-670,27.833,odysseus,A,-5,9.1,3,180,0,1.3,0,-1.7,22.6,-1.7,79,0.7,-63.4,0,-51.8,0,0,0,0,0,,,,LOOK / HOLD / SCENE
335,671-672,27.917,odysseus,A,-5,9.1,3,180,0,1.3,0,-1.7,22.6,-1.7,79.7,0.1,-65.7,0,-51.5,0,0,0,0,0,,,,LOOK / HOLD / SCENE
336,673-674,28,odysseus,A,-5,9.1,3,180,0,1.3,0,-1.7,22.6,-1.7,80.2,-0.5,-69.4,0,-51,0,0,0,0,0,,,,LOOK / HOLD / SCENE
337,675-676,28.083,odysseus,A,-5.1,9.2,2.9,180,0,1.3,0,-1.7,22.6,-1.7,80.7,-0.9,-74.3,0,-50.4,0,0,0,0,0,,,,LOOK / HOLD / SCENE
338,677-678,28.167,odysseus,A,-5.1,9.2,2.9,180,0,1.3,0,-1.7,22.6,-1.7,81,-1.2,-80.2,0,-49.6,0,0,0,0,0,,,,LOOK / HOLD / SCENE
339,679-680,28.25,odysseus,A,-5.1,9.2,2.9,180,0,1.3,0,-1.7,22.6,-1.7,81.2,-1.3,-86.9,0,-48.7,0,0,0,0,0,,,,LOOK / HOLD / SCENE
340,681-682,28.333,odysseus,A,-5.2,9.3,2.8,180,0,1.3,0,-1.6,22.6,-1.7,81.2,-1.3,-94.1,0,-47.7,0,0,0,0,0,,,,LOOK / HOLD / SCENE
341,683-684,28.417,odysseus,A,-5.2,9.3,2.8,180,0,1.3,0,-1.5,22.6,-1.7,80.2,-1.3,-101.7,0,-46.7,0,0,0,0,0,,,,LOOK / HOLD / SCENE
342,685-686,28.5,odysseus,A,-5.3,9.4,2.7,180,0,1.3,0,-1.4,22.6,-1.7,78.4,-1.2,-109.3,0,-45.7,0,0,0,0,0,,,,LOOK / HOLD / SCENE
343,687-688,28.583,odysseus,A,-5.3,9.4,2.7,180,0,1.3,0,-1.3,22.6,-1.7,77.3,-1.1,-116.9,0,-44.7,0,0,0,0,0,,,,DECLARE / UTTERANCE / SCENE
344,689-690,28.667,odysseus,A,-5.4,9.4,2.6,180,0,1.3,0,-1.2,22.6,-1.7,77.3,-1,-124.1,0,-43.7,0,0,0,0,0,,,,DECLARE / UTTERANCE / SCENE
345,691-692,28.75,odysseus,A,-5.4,9.5,2.6,180,0,1.3,0,-1.1,22.6,-1.7,77.3,-0.9,-130.8,0,-42.8,0,0,0,0,0,,,,DECLARE / UTTERANCE / SCENE
346,693-694,28.833,odysseus,A,-5.4,9.5,2.6,180,0,1.3,0,-0.9,22.6,-1.7,77.3,-0.8,-136.8,0,-42,0,0,0,0,0,,,,WEIGHT SHIFT / HOLD / SCENE
347,695-696,28.917,odysseus,A,-5.5,9.5,2.5,180,0,1,0,-0.8,22.6,-1.3,77.3,-0.7,-141.7,0,-41.4,0,0,0,0,0,,,,WEIGHT SHIFT / HOLD / SCENE
348,697-698,29,odysseus,A,-5.5,9.6,2.5,180,0,0.2,0,-2.1,22.6,-0.2,77.3,1.6,-143,-0.8,-40.9,0,-1.1,0,0,0,,,,NOD / DECLARE / UTTERANCE
349,699-700,29.083,odysseus,A,-5.5,9.6,2.5,180,0,-0.7,-0.1,-2.4,22.6,1.1,77.3,4.8,-144.5,-1.4,-40.6,0,-3.9,0,0,0,,,,NOD / DECLARE / UTTERANCE
350,701-702,29.167,odysseus,A,-5.5,9.6,2.5,180,0,-1.4,-0.1,-2,22.6,2.1,77.3,6.5,-183.3,-1.9,-40.5,0,-8,0,0,0,,,,NOD / DECLARE / UTTERANCE
351,703-704,29.25,odysseus,h,-5.5,9.6,2.5,180,0,-1.7,-0.1,-1.7,22.6,2.6,77.3,6.9,-183.3,-2.2,-40.5,0,-12.6,0,0,0,,,,NOD / DECLARE / UTTERANCE
352,705-706,29.333,odysseus,h,-5.5,9.6,2.5,180,0,-1.7,0,-1.5,22.6,2.5,77.3,6,-183.3,-2.5,-40.5,0,-17.2,0,0,0,,,,NOD / DECLARE / UTTERANCE
353,707-708,29.417,odysseus,h,-5.5,9.6,2.5,180,0,-1.7,0,-1.4,22.6,2.5,77.3,4.1,-183.3,-2.5,-40.5,0,-21.3,0,0,0,,,,NOD / DECLARE / UTTERANCE
354,709-710,29.5,odysseus,h,-5.5,9.6,2.5,180,0,-1.6,0,-1.2,22.6,2.4,77.3,3,-183.3,-2.4,-40.5,0,-24.1,0,0,0,,,,NOD / DECLARE / UTTERANCE
355,711-712,29.583,odysseus,h,-5.5,9.6,2.5,180,0,-1.6,0,-1.1,22.6,2.4,77.3,2.7,-183.3,-2.3,-40.5,0,-25.2,0,0,0,,,,CHEST / DECLARE / UTTERANCE
356,713-714,29.667,odysseus,h,-5.5,9.6,2.5,180,0,-1.6,0,-1,22.6,2.4,77.3,2.3,-183.3,-2.1,-40.5,0,-24.3,0,0,0,,,,CHEST / DECLARE / UTTERANCE
357,715-716,29.75,odysseus,h,-5.5,9.6,2.5,180,0,-1.6,0,-1,22.6,2.3,77.3,1.9,-183.3,-2,-40.5,0,-22,0,0,0,,,,CHEST / DECLARE / UTTERANCE
358,717-718,29.833,odysseus,h,-5.5,9.6,2.5,180,0,-1.6,0,-0.9,22.6,2.3,77.3,1.5,-183.3,-1.9,-40.5,0,-18.7,0,0,0,,,,CHEST / DECLARE / UTTERANCE
359,719-720,29.917,odysseus,h,-5.5,9.6,2.5,180,0,-1.5,0,-0.9,22.6,2.2,77.3,1.1,-183.3,-1.8,-40.5,0,-14.7,0,0,0,,,,CHEST / DECLARE / UTTERANCE
360,721-722,30,odysseus,h,-5.5,9.6,2.5,180,0,-1.5,0,-0.8,22.6,2.2,77.3,0.7,-183.3,-1.4,-40.5,0,-10.5,0,0,0,,,,CHEST / DECLARE / UTTERANCE
361,723-724,30.083,odysseus,h,-5.5,9.6,2.5,180,0,-1.5,0,-0.6,22.6,2.1,77.3,0.3,-183.3,-0.9,-40.5,0,-6.5,0,0,0,,,,CHEST / DECLARE / UTTERANCE
362,725-726,30.167,odysseus,A,-5.5,9.6,2.5,180,0,-1.5,0,-0.4,22.6,2.1,77.3,0,-171.7,-0.5,-40.5,0,-3.2,0,0,0,,,,CHEST / DECLARE / UTTERANCE
363,727-728,30.25,odysseus,A,-5.5,9.6,2.5,180,0,-1.4,0,-0.4,22.6,2,77.3,-0.2,-159.6,-0.1,-40.5,0,-0.9,0,0,0,,,,CHEST / DECLARE / UTTERANCE
364,729-730,30.333,odysseus,A,-5.5,9.6,2.5,180,0,-1.4,0,-0.4,22.6,2,77.3,-0.3,-154.7,0,-40.5,0,0,0,0,0,,,,WEIGHT SHIFT / HOLD / SCENE
365,731-732,30.417,odysseus,h,-5.5,9.6,2.5,180,0,-1.4,0,-0.4,22.6,1.9,77.3,-0.4,-154.7,0,-40.5,0,0,0,0,0,,,,WEIGHT SHIFT / HOLD / SCENE
366,733-734,30.5,odysseus,h,-5.5,9.6,2.5,180,0,-1.4,0,-0.5,22.6,1.9,77.3,-0.4,-154.7,0,-40.5,0,0,0,0,0,,,,WEIGHT SHIFT / HOLD / SCENE
367,735-736,30.583,odysseus,h,-5.5,9.6,2.5,180,0,-1.3,0,-0.6,22.6,1.9,77.3,-0.5,-154.7,0,-40.5,0,0,0,0,0,,,,WEIGHT SHIFT / HOLD / SCENE
368,737-738,30.667,odysseus,h,-5.5,9.6,2.5,180,0,-1.3,0,-0.7,22.6,1.8,77.3,-0.6,-154.7,0,-40.5,0,0,0,0,0,,,,WEIGHT SHIFT / HOLD / SCENE
369,739-740,30.75,odysseus,A,-5.5,9.6,2.5,180,0,-1.3,0,-0.8,22.6,1.8,77.3,1.9,-154.7,0,-40.5,0,0,0,0,0,,,,OPEN / DECLARE / UTTERANCE
370,741-742,30.833,odysseus,A,-5.5,9.6,2.5,180,0,-1.3,0,-2.1,22.6,1.7,77.3,1.2,-148.9,5,-40.5,0,1.1,0,0,0,,,,LOOK / HOLD / SCENE
371,743-744,30.917,odysseus,A,-5.5,9.6,2.5,180,0,-1.3,0,-2.5,22.6,1.7,78.3,2.3,-147,9.2,-40.5,0,4,0,0,0,,,,LOOK / HOLD / SCENE
372,745-746,31,odysseus,A,-5.5,9.6,2.5,180,0,-1.3,0,-0.8,22.6,1.7,79,-0.1,-171.8,12.4,-40.5,0,8.2,0,0,0,,,,LOOK / HOLD / SCENE
373,747-748,31.083,odysseus,A,-5.5,9.6,2.5,180,0,-1.3,0,0.4,22.6,1.7,79.7,-1.3,-183.3,14.7,-40.5,0,12.9,0,0,0,,,,LOOK / HOLD / SCENE
374,749-750,31.167,odysseus,h,-5.5,9.6,2.5,180,0,-1.3,0,1,22.6,1.7,80.2,-1.5,-183.3,16,-40.5,0,17.6,0,0,0,,,,LOOK / HOLD / SCENE
375,751-752,31.25,odysseus,h,-5.5,9.6,2.5,180,0,-1.3,0,1.2,22.6,1.7,80.7,-1.6,-183.3,16.5,-40.5,0,21.8,0,0,0,,,,LOOK / HOLD / SCENE
376,753-754,31.333,odysseus,h,-5.5,9.6,2.5,180,0,-1.3,0,1,22.6,1.7,81,-1.6,-183.3,15.7,-40.5,0,24.7,0,0,0,,,,LOOK / HOLD / SCENE
377,755-756,31.417,odysseus,h,-5.5,9.6,2.5,180,0,-1.3,0,0.8,22.6,1.7,81.2,-1.5,-183.3,14.9,-40.5,0,25.8,0,0,0,,,,LOOK / HOLD / SCENE
378,757-758,31.5,odysseus,h,-5.5,9.6,2.5,180,0,-1.3,0,0.6,22.6,1.7,81.2,-1.3,-183.3,14,-40.5,0,24.9,0,0,0,,,,LOOK / HOLD / SCENE
379,759-760,31.583,odysseus,h,-5.5,9.6,2.5,180,0,-1.3,0,0.3,22.6,1.7,80.2,-1.1,-183.3,13.2,-40.5,0,22.5,0,0,0,,,,LOOK / HOLD / SCENE
380,761-762,31.667,odysseus,h,-5.5,9.6,2.5,180,0,-1.3,0,0.1,22.6,1.7,78.4,-0.9,-183.3,12.4,-40.5,0,19.1,0,0,0,,,,LOOK / HOLD / SCENE
381,763-764,31.75,odysseus,h,-5.5,9.6,2.5,180,0,-1.3,0,0,22.6,1.7,77.3,-0.6,-183.3,11.5,-40.5,0,15,0,0,0,,,,LOOK / HOLD / SCENE
382,765-766,31.833,odysseus,h,-5.5,9.6,2.5,180,0,-1.3,0,-0.4,22.6,1.7,77.3,-0.4,-183.3,9.2,-40.5,0,10.8,0,0,0,,,,OPEN / DECLARE / UTTERANCE
383,767-768,31.917,odysseus,A,-5.5,9.6,2.5,180,0,-1.3,0,-0.8,22.6,1.7,77.3,-0.2,-174.3,6.2,-40.5,0,6.7,0,0,0,,,,OPEN / DECLARE / UTTERANCE
384,769-770,32,odysseus,A,-5.5,9.6,2.5,180,0,-1,0,-1.2,22.6,1.4,77.3,0,-164.9,3.2,-40.5,0,3.3,0,0,0,,,,WEIGHT SHIFT / HOLD / SCENE
385,771-772,32.083,odysseus,A,-5.5,9.6,2.5,180,0,-0.5,0,-1.5,22.6,0.6,77.3,0.1,-157.6,0.9,-40.5,0,0.9,0,0,0,,,,WEIGHT SHIFT / HOLD / SCENE
386,773-774,32.167,odysseus,A,-5.5,9.6,2.5,180,0,0.2,0,-1.6,22.6,-0.4,77.3,0.2,-154.7,0,-40.5,0,0,0,0,0,,,,WEIGHT SHIFT / HOLD / SCENE
387,775-776,32.25,odysseus,A,-5.5,9.6,2.5,180,0,0.9,-0.1,-1.5,22.6,-1.5,77.3,0.3,-154.7,0,-40.5,0,0,0,0,0,,,,WEIGHT SHIFT / HOLD / SCENE
388,777-778,32.333,odysseus,h,-5.5,9.6,2.5,180,0,1.5,-0.1,-1.4,22.6,-2.3,77.3,0.4,-154.7,0,-40.5,0,0,0,0,0,,,,WEIGHT SHIFT / HOLD / SCENE
389,779-780,32.417,odysseus,h,-5.5,9.6,2.5,180,0,1.7,-0.1,-1.3,22.6,-2.6,77.3,0.4,-154.7,0,-40.5,0,0,0,0,0,,,,WEIGHT SHIFT / HOLD / SCENE
390,781-782,32.5,odysseus,h,-5.5,9.6,2.5,180,0,1.7,0,-1.2,22.6,-2.5,77.3,0.5,-154.7,0,-40.5,0,0,0,0,0,,,,WEIGHT SHIFT / HOLD / SCENE
391,783-784,32.583,odysseus,h,-5.5,9.6,2.5,180,0,1.7,0,-1.1,22.6,-2.5,77.3,0.7,-154.7,0,-40.5,0,0,0,0,0,,,,WEIGHT SHIFT / HOLD / SCENE
392,785-786,32.667,odysseus,h,-5.5,9.6,2.5,180,0,1.6,0,-0.9,22.6,-2.4,77.3,0.8,-154.7,0,-40.5,0,0,0,0,0,,,,WEIGHT SHIFT / HOLD / SCENE
393,787-788,32.75,odysseus,h,-5.5,9.6,2.5,180,0,1.6,0,-0.8,22.6,-2.4,77.3,0.9,-154.7,0,-40.5,0,0,0,0,0,,,,WEIGHT SHIFT / HOLD / SCENE
394,789-790,32.833,odysseus,h,-5.5,9.6,2.5,180,0,1.6,0,-0.7,22.6,-2.3,77.3,1,-154.7,0,-40.5,0,0,0,0,0,,,,WEIGHT SHIFT / HOLD / SCENE
395,791-792,32.917,odysseus,h,-5.5,9.6,2.5,180,0,1.6,0,-0.5,22.6,-2.3,77.3,1.1,-154.7,0,-40.5,0,0,0,0,0,,,,WEIGHT SHIFT / HOLD / SCENE
396,793-794,33,odysseus,h,-5.5,9.6,2.5,180,0,1.5,0,-0.4,22.6,-2.2,77.3,1.2,-154.7,0,-40.5,0,0,0,0,0,,,,WEIGHT SHIFT / HOLD / SCENE
397,795-796,33.083,odysseus,h,-5.5,9.6,2.5,180,0,1.5,0,-0.3,22.6,-2.2,77.3,1.3,-154.7,0,-40.5,0,0,0,0,0,,,,WEIGHT SHIFT / HOLD / SCENE
398,797-798,33.167,odysseus,h,-5.5,9.6,2.5,180,0,1.5,0,-0.2,22.6,-2.1,77.3,1.4,-154.7,0,-40.5,0,0,0,0,0,,,,WEIGHT SHIFT / HOLD / SCENE
399,799-800,33.25,odysseus,h,-5.5,9.6,2.5,180,0,1.5,0,-0.1,22.6,-2.1,77.3,1.4,-154.7,0,-40.5,0,0,0,0,0,,,,WEIGHT SHIFT / HOLD / SCENE
400,801-802,33.333,odysseus,h,-5.5,9.6,2.5,180,0,1.4,0,-0.1,22.6,-2.1,77.3,1.5,-154.7,0,-40.5,0,0,0,0,0,,,,WEIGHT SHIFT / HOLD / SCENE
401,803-804,33.417,odysseus,h,-5.5,9.6,2.5,180,0,1.4,0,0,22.6,-2,77.3,1.5,-154.7,0,-40.5,0,0,0,0,0,,,,WEIGHT SHIFT / HOLD / SCENE
402,805-806,33.5,odysseus,h,-5.5,9.6,2.5,180,0,1.4,0,0,22.6,-2,77.3,1.5,-154.7,0,-40.5,0,0,0,0,0,,,,WEIGHT SHIFT / HOLD / SCENE
403,807-808,33.583,odysseus,h,-5.5,9.6,2.5,180,0,1.4,0,0,22.6,-1.9,77.3,1.5,-154.7,0,-40.5,0,0,0,0,0,,,,LOOK / HOLD / SCENE
404,809-810,33.667,odysseus,h,-5.5,9.6,2.5,180,0,1.3,0,0,22.6,-1.9,78.3,2.8,-154.7,0,-40.5,0,0,0,0,0,,,,LOOK / HOLD / SCENE
405,811-812,33.75,odysseus,h,-5.5,9.6,2.5,180,0,1.3,0,-0.1,22.6,-1.8,79,2.5,-154.7,0,-40.5,0,0,0,0,0,,,,LOOK / HOLD / SCENE
406,813-814,33.833,odysseus,h,-5.5,9.6,2.5,180,0,1.3,0,-0.1,22.6,-1.8,79.7,2.1,-154.7,0,-40.5,0,0,0,0,0,,,,LOOK / HOLD / SCENE
407,815-816,33.917,odysseus,h,-5.5,9.6,2.5,180,0,1.3,0,-0.2,22.6,-1.7,80.2,1.8,-154.7,0,-40.5,0,0,0,0,0,,,,LOOK / HOLD / SCENE
408,817-818,34,odysseus,h,-5.5,9.6,2.5,180,0,1.3,0,-0.2,22.6,-1.7,80.7,1.6,-154.7,0,-40.5,0,0,0,0,0,,,,LOOK / HOLD / SCENE
409,819-820,34.083,odysseus,h,-5.5,9.6,2.5,180,0,1.3,0,-0.3,22.6,-1.7,81,1.4,-154.7,0,-40.5,0,0,0,0,0,,,,LOOK / HOLD / SCENE
410,821-822,34.167,odysseus,h,-5.5,9.6,2.5,180,0,1.3,0,-0.4,22.6,-1.7,81.2,1.3,-154.7,0,-40.5,0,0,0,0,0,,,,LOOK / HOLD / SCENE
411,823-824,34.25,odysseus,h,-5.5,9.6,2.5,180,0,1.3,0,-0.4,22.6,-1.7,81.2,1.2,-154.7,0,-40.5,0,0,0,0,0,,,,LOOK / HOLD / SCENE
412,825-826,34.333,odysseus,h,-5.5,9.6,2.5,180,0,1.3,0,-0.5,22.6,-1.7,80.2,1.1,-154.7,0,-40.5,0,0,0,0,0,,,,LOOK / HOLD / SCENE
413,827-828,34.417,odysseus,h,-5.5,9.6,2.5,180,0,1.3,0,-0.6,22.6,-1.7,78.4,1,-154.7,0,-40.5,0,0,0,0,0,,,,LOOK / HOLD / SCENE
414,829-830,34.5,odysseus,h,-5.5,9.6,2.5,180,0,1.3,0,-0.7,22.6,-1.7,77.3,0.9,-154.7,0,-40.5,0,0,0,0,0,,,,LOOK / HOLD / SCENE
415,831-832,34.583,odysseus,h,-5.5,9.6,2.5,180,0,1.3,0,-0.8,22.6,-1.7,77.3,0.9,-154.7,0,-40.5,0,0,0,0,0,,,,DECLARE / UTTERANCE / SCENE
416,833-834,34.667,odysseus,h,-5.5,9.6,2.5,180,0,1.3,0,-0.9,22.6,-1.7,77.3,0.8,-154.7,0,-40.5,0,0,0,0,0,,,,DECLARE / UTTERANCE / SCENE
417,835-836,34.75,odysseus,h,-5.5,9.6,2.5,180,0,1.3,0,-1,22.6,-1.7,77.3,0.7,-154.7,0,-40.5,0,0,0,0,0,,,,WEIGHT SHIFT / HOLD / SCENE
418,837-838,34.833,odysseus,h,-5.5,9.6,2.5,180,0,1,0,-1.1,22.6,-1.3,77.3,0.6,-154.7,0,-40.5,0,0,0,0,0,,,,WEIGHT SHIFT / HOLD / SCENE
419,839-840,34.917,odysseus,A,-5.5,9.6,2.5,180,0,0.2,0,-1.2,22.6,-0.2,77.3,0.6,-154.7,0,-40.5,0,0,0,0,0,,,,WEIGHT SHIFT / HOLD / SCENE
420,841-842,35,odysseus,A,-5.5,9.6,2.5,180,0,-0.7,-0.1,-1.3,22.6,1.1,77.3,0.5,-154.7,0,-40.5,0,0,0,0,0,,,,WEIGHT SHIFT / HOLD / SCENE
421,843-844,35.083,odysseus,A,-5.5,9.6,2.5,180,0,-1.4,-0.1,-1.4,22.6,2.1,77.3,0.4,-154.7,0,-40.5,0,0,0,0,0,,,,WEIGHT SHIFT / HOLD / SCENE
422,845-846,35.167,odysseus,h,-5.5,9.6,2.5,180,0,-1.7,-0.1,-1.4,22.6,2.6,77.3,0.3,-154.7,0,-40.5,0,0,0,0,0,,,,WEIGHT SHIFT / HOLD / SCENE
423,847-848,35.25,odysseus,h,-5.5,9.6,2.5,180,0,-1.7,0,-1.5,22.6,2.5,77.3,0.3,-154.7,0,-40.5,0,0,0,0,0,,,,WEIGHT SHIFT / HOLD / SCENE
424,849-850,35.333,odysseus,h,-5.5,9.6,2.5,180,0,-1.7,0,-1.6,22.6,2.5,77.3,0.2,-154.7,0,-40.5,0,0,0,0,0,,,,WEIGHT SHIFT / HOLD / SCENE
425,851-852,35.417,odysseus,h,-5.5,9.6,2.5,180,0,-1.6,0,-1.6,22.6,2.4,77.3,0.2,-154.7,0,-40.5,0,0,0,0,0,,,,WEIGHT SHIFT / HOLD / SCENE
426,853-854,35.5,odysseus,h,-5.5,9.6,2.5,180,0,-1.6,0,-1.7,22.6,2.4,77.3,0.2,-154.7,0,-40.5,0,0,0,0,0,,,,WEIGHT SHIFT / HOLD / SCENE
427,855-856,35.583,odysseus,h,-5.5,9.6,2.5,180,0,-1.6,0,-1.7,22.6,2.4,77.3,0.1,-154.7,0,-40.5,0,0,0,0,0,,,,WEIGHT SHIFT / HOLD / SCENE
428,857-858,35.667,odysseus,h,-5.5,9.6,2.5,180,0,-1.6,0,-1.7,22.6,2.3,77.3,0.1,-154.7,0,-40.5,0,0,0,0,0,,,,WEIGHT SHIFT / HOLD / SCENE
429,859-860,35.75,odysseus,h,-5.5,9.6,2.5,180,0,-1.6,0,-1.7,22.6,2.3,77.3,0.1,-154.7,0,-40.5,0,0,0,0,0,,,,WEIGHT SHIFT / HOLD / SCENE
430,861-862,35.833,odysseus,h,-5.5,9.6,2.5,180,0,-1.5,0,-1.7,22.6,2.2,77.3,0.1,-154.7,0,-40.5,0,0,0,0,0,,,,WEIGHT SHIFT / HOLD / SCENE
431,863-864,35.917,odysseus,h,-5.5,9.6,2.5,180,0,-1.5,0,-1.7,22.6,2.2,77.3,0.2,-154.7,0,-40.5,0,0,0,0,0,,,,WEIGHT SHIFT / HOLD / SCENE
432,865-866,36,odysseus,A,-5.5,9.6,2.5,180,0,-1.5,0,-2.8,22.6,2.1,77.3,1.9,-148.9,-0.6,-40.5,0,-0.9,0,0,0,,,,NOD / DECLARE / UTTERANCE
433,867-868,36.083,odysseus,A,-5.5,9.6,2.5,180,0,-1.5,0,-3.1,22.6,2.1,77.3,5.6,-147,-1.1,-40.5,0,-3.2,0,0,0,,,,LOOK / HOLD / SCENE
434,869-870,36.167,odysseus,A,-5.5,9.6,2.5,180,0,-1.4,0,-2.7,22.6,2,78.3,8.2,-179.7,-1.5,-40.5,0,-6.5,0,0,0,,,,LOOK / HOLD / SCENE
435,871-872,36.25,odysseus,A,-5.5,9.6,2.5,180,0,-1.4,0,-2.5,22.6,2,79,7,-183.3,-1.8,-40.5,0,-10.3,0,0,0,,,,LOOK / HOLD / SCENE
436,873-874,36.333,odysseus,h,-5.5,9.6,2.5,180,0,-1.4,0,-2.3,22.6,1.9,79.7,5,-183.3,-2,-40.5,0,-14.1,0,0,0,,,,LOOK / HOLD / SCENE
437,875-876,36.417,odysseus,h,-5.5,9.6,2.5,180,0,-1.4,0,-2.1,22.6,1.9,80.2,3.8,-183.3,-2.1,-40.5,0,-17.4,0,0,0,,,,LOOK / HOLD / SCENE
438,877-878,36.5,odysseus,h,-5.5,9.6,2.5,180,0,-1.3,0,-1.9,22.6,1.9,80.7,3.5,-183.3,-2,-40.5,0,-19.7,0,0,0,,,,LOOK / HOLD / SCENE
439,879-880,36.583,odysseus,h,-5.5,9.6,2.5,180,0,-1.3,0,-1.7,22.6,1.8,81,3.2,-183.3,-1.9,-40.5,0,-20.6,0,0,0,,,,LOOK / HOLD / SCENE
440,881-882,36.667,odysseus,h,-5.5,9.6,2.5,180,0,-1.3,0,-1.5,22.6,1.8,81.2,2.9,-183.3,-1.8,-40.5,0,-19.9,0,0,0,,,,LOOK / HOLD / SCENE
441,883-884,36.75,odysseus,h,-5.5,9.6,2.5,180,0,-1.3,0,-1.3,22.6,1.7,81.2,2.6,-183.3,-1.7,-40.5,0,-18,0,0,0,,,,LOOK / HOLD / SCENE
442,885-886,36.833,odysseus,h,-5.5,9.6,2.5,180,0,-1.3,0,-1.1,22.6,1.7,80.2,2.4,-183.3,-1.5,-40.5,0,-15.3,0,0,0,,,,LOOK / HOLD / SCENE
443,887-888,36.917,odysseus,h,-5.5,9.6,2.5,180,0,-1.3,0,-1,22.6,1.7,78.4,2.2,-183.3,-1.4,-40.5,0,-12,0,0,0,,,,LOOK / HOLD / SCENE
444,889-890,37,odysseus,h,-5.5,9.6,2.5,180,0,-1.3,0,-0.7,22.6,1.7,77.3,2,-183.3,-1.1,-40.5,0,-8.6,0,0,0,,,,LOOK / HOLD / SCENE
445,891-892,37.083,odysseus,h,-5.5,9.6,2.5,180,0,-1.3,0,-0.5,22.6,1.7,77.3,1.8,-181.5,-0.8,-40.5,0,-5.3,0,0,0,,,,CHEST / DECLARE / UTTERANCE
446,893-894,37.167,odysseus,A,-5.5,9.6,2.5,180,0,-1.3,0,-0.2,22.6,1.7,77.3,1.7,-168.6,-0.4,-40.5,0,-2.6,0,0,0,,,,CHEST / DECLARE / UTTERANCE
447,895-896,37.25,odysseus,A,-5.5,9.6,2.5,180,0,-1.3,0,-0.1,22.6,1.7,77.3,1.6,-158.7,-0.1,-40.5,0,-0.7,0,0,0,,,,CHEST / DECLARE / UTTERANCE
448,897-898,37.333,odysseus,A,-5.5,9.6,2.5,180,0,-1.3,0,0,22.6,1.7,77.3,1.5,-154.7,0,-40.5,0,0,0,0,0,,,,DECLARE / UTTERANCE / SCENE
449,899-900,37.417,odysseus,h,-5.5,9.6,2.5,180,0,-1.3,0,0,22.6,1.7,77.3,1.5,-154.7,0,-40.5,0,0,0,0,0,,,,DECLARE / UTTERANCE / SCENE
450,901-902,37.5,odysseus,h,-5.5,9.6,2.5,180,0,-1.3,0,0,22.6,1.7,77.3,1.5,-154.7,0,-40.5,0,0,0,0,0,,,,DECLARE / UTTERANCE / SCENE
451,903-904,37.583,odysseus,h,-5.5,9.6,2.5,180,0,-1.3,0,-0.1,22.6,1.7,77.3,1.5,-154.7,0,-40.5,0,0,0,0,0,,,,DECLARE / UTTERANCE / SCENE
452,905-906,37.667,odysseus,h,-5.5,9.6,2.5,180,0,-1.3,0,-0.1,22.6,1.7,77.3,1.5,-154.7,0,-40.5,0,0,0,0,0,,,,DECLARE / UTTERANCE / SCENE
453,907-908,37.75,odysseus,h,-5.5,9.6,2.5,180,0,-1.3,0,-0.2,22.6,1.7,77.3,3.3,-154.7,0,-40.5,0,0,0,0,0,,,,NOD / DECLARE / UTTERANCE
454,909-910,37.833,odysseus,h,-5.5,9.6,2.5,180,0,-1.3,0,-0.2,22.6,1.7,77.3,4.4,-154.7,0,-40.5,0,0,0,0,0,,,,CHEST / DECLARE / UTTERANCE
455,911-912,37.917,odysseus,A,-5.5,9.6,2.5,180,0,-1.3,0,-1.4,22.6,1.7,77.3,6.5,-148.9,-0.6,-40.5,0,-0.9,0,0,0,,,,CHEST / DECLARE / UTTERANCE
456,913-914,38,odysseus,A,-5.5,9.6,2.5,180,0,-1.3,0,-1.9,22.6,1.7,77.3,6.5,-147,-1.1,-40.5,0,-3.2,0,0,0,,,,CHEST / DECLARE / UTTERANCE
457,915-916,38.083,odysseus,A,-5.5,9.6,2.5,180,0,-1.3,0,-1.8,22.6,1.7,77.3,5.2,-179.7,-1.5,-40.5,0,-6.5,0,0,0,,,,CHEST / DECLARE / UTTERANCE
458,917-918,38.167,odysseus,A,-5.5,9.6,2.5,180,0,-1.3,0,-1.7,22.6,1.7,77.3,4.1,-183.3,-1.8,-40.5,0,-10.3,0,0,0,,,,CHEST / DECLARE / UTTERANCE
459,919-920,38.25,odysseus,h,-5.5,9.6,2.5,180,0,-1.3,0,-1.7,22.6,1.7,77.3,3.9,-183.3,-2,-40.5,0,-14.1,0,0,0,,,,CHEST / DECLARE / UTTERANCE
460,921-922,38.333,odysseus,h,-5.5,9.6,2.5,180,0,-1.3,0,-1.7,22.6,1.7,77.3,3.7,-183.3,-2.1,-40.5,0,-17.4,0,0,0,,,,CHEST / DECLARE / UTTERANCE
461,923-924,38.417,odysseus,h,-5.5,9.6,2.5,180,0,-1.3,0,-1.8,22.6,1.7,77.3,3.3,-183.3,-2,-40.5,0,-19.7,0,0,0,,,,CHEST / DECLARE / UTTERANCE
462,925-926,38.5,odysseus,h,-5.5,9.6,2.5,180,0,-1.3,0,-1.8,22.6,1.7,77.3,3,-183.3,-1.9,-40.5,0,-20.6,0,0,0,,,,CHEST / DECLARE / UTTERANCE
463,927-928,38.583,odysseus,h,-5.5,9.6,2.5,180,0,-1.3,0,-1.8,22.6,1.7,77.3,2.6,-183.3,-1.8,-40.5,0,-19.9,0,0,0,,,,LOOK / HOLD / SCENE
464,929-930,38.667,odysseus,h,-5.5,9.6,2.5,180,0,-1.3,0,-1.9,22.6,1.7,78.3,3.5,-183.3,-1.7,-40.5,0,-18,0,0,0,,,,LOOK / HOLD / SCENE
465,931-932,38.75,odysseus,h,-5.5,9.6,2.5,180,0,-1.3,0,-1.9,22.6,1.7,79,2.7,-183.3,-1.5,-40.5,0,-15.3,0,0,0,,,,LOOK / HOLD / SCENE
466,933-934,38.833,odysseus,h,-5.5,9.6,2.5,180,0,-1.3,0,-1.9,22.6,1.7,79.7,2.1,-183.3,-1.4,-40.5,0,-12,0,0,0,,,,LOOK / HOLD / SCENE
467,935-936,38.917,odysseus,h,-5.5,9.6,2.5,180,0,-1.3,0,-1.9,22.6,1.7,80.2,1.5,-183.3,-1.1,-40.5,0,-8.6,0,0,0,,,,LOOK / HOLD / SCENE
468,937-938,39,odysseus,h,-5.5,9.6,2.5,180,0,-1.3,0,-1.8,22.6,1.7,80.7,1,-181.5,-0.8,-40.5,0,-5.3,0,0,0,,,,LOOK / HOLD / SCENE
469,939-940,39.083,odysseus,A,-5.5,9.6,2.5,180,0,-1.3,0,-1.7,22.6,1.7,81,0.6,-168.6,-0.4,-40.5,0,-2.6,0,0,0,,,,LOOK / HOLD / SCENE
470,941-942,39.167,odysseus,A,-5.5,9.6,2.5,180,0,-1.3,0,-1.6,22.6,1.7,81.2,0.3,-158.7,-0.1,-40.5,0,-0.7,0,0,0,,,,LOOK / HOLD / SCENE
471,943-944,39.25,odysseus,A,-5.5,9.6,2.5,180,0,-1.3,0,-1.6,22.6,1.7,81.2,0.2,-154.7,0,-40.5,0,0,0,0,0,,,,WEIGHT SHIFT / HOLD / SCENE
472,945-946,39.333,odysseus,A,-5.5,9.6,2.5,180,0,-1,0,-1.7,22.6,1.3,80.2,0.2,-154.7,0,-40.5,0,0,0,0,0,,,,WEIGHT SHIFT / HOLD / SCENE
473,947-948,39.417,odysseus,A,-5.5,9.6,2.5,180,0,-0.2,0,-1.7,22.6,0.2,78.4,0.1,-154.7,0,-40.5,0,0,0,0,0,,,,WEIGHT SHIFT / HOLD / SCENE
474,949-950,39.5,odysseus,A,-5.5,9.6,2.5,180,0,0.7,-0.1,-1.7,22.6,-1.1,77.3,0.1,-154.7,0,-40.5,0,0,0,0,0,,,,WEIGHT SHIFT / HOLD / SCENE
475,951-952,39.583,odysseus,A,-5.5,9.6,2.5,180,0,1.4,-0.1,-1.7,22.6,-2.1,77.3,0.1,-154.7,0,-40.5,0,0,0,0,0,,,,WEIGHT SHIFT / HOLD / SCENE
476,953-954,39.667,odysseus,h,-5.5,9.6,2.5,180,0,1.7,-0.1,-1.7,22.6,-2.6,77.3,0.1,-154.7,0,-40.5,0,0,0,0,0,,,,WEIGHT SHIFT / HOLD / SCENE
477,955-956,39.75,odysseus,h,-5.5,9.6,2.5,180,0,1.7,0,-1.7,22.6,-2.5,77.3,0.2,-154.7,0,-40.5,0,0,0,0,0,,,,WEIGHT SHIFT / HOLD / SCENE
478,957-958,39.833,odysseus,h,-5.5,9.6,2.5,180,0,1.7,0,-1.6,22.6,-2.5,77.3,0.2,-154.7,0,-40.5,0,0,0,0,0,,,,WEIGHT SHIFT / HOLD / SCENE
479,959-960,39.917,odysseus,h,-5.5,9.6,2.5,180,0,1.6,0,-1.5,22.6,-2.4,77.3,0.3,-154.7,0,-40.5,0,0,0,0,0,,,,WEIGHT SHIFT / HOLD / SCENE
480,961-962,40,odysseus,h,-5.5,9.6,2.5,180,0,1.6,0,-1.4,22.6,-2.4,77.3,0.4,-154.7,0,-40.5,0,0,0,0,0,,,,WEIGHT SHIFT / HOLD / SCENE
481,963-964,40.083,odysseus,h,-5.5,9.6,2.5,180,0,1.6,0,-1.3,22.6,-2.4,77.3,0.4,-154.7,0,-40.5,0,0,0,0,0,,,,WEIGHT SHIFT / HOLD / SCENE
482,965-966,40.167,odysseus,h,-5.5,9.6,2.5,180,0,1.6,0,-1.2,22.6,-2.3,77.3,0.5,-154.7,0,-40.5,0,0,0,0,0,,,,WEIGHT SHIFT / HOLD / SCENE
483,967-968,40.25,odysseus,h,-5.5,9.6,2.5,180,0,1.6,0,-1.1,22.6,-2.3,77.3,0.7,-154.7,0,-40.5,0,0,0,0,0,,,,WEIGHT SHIFT / HOLD / SCENE
484,969-970,40.333,odysseus,h,-5.5,9.6,2.5,180,0,1.5,0,-0.9,22.6,-2.2,77.3,0.8,-154.7,0,-40.5,0,0,0,0,0,,,,WEIGHT SHIFT / HOLD / SCENE
485,971-972,40.417,odysseus,h,-5.5,9.6,2.5,180,0,1.5,0,-0.8,22.6,-2.2,77.3,0.9,-154.7,0,-40.5,0,0,0,0,0,,,,WEIGHT SHIFT / HOLD / SCENE
486,973-974,40.5,odysseus,h,-5.5,9.6,2.5,180,0,1.5,0,-0.7,22.6,-2.1,77.3,1,-154.7,0,-40.5,0,0,0,0,0,,,,WEIGHT SHIFT / HOLD / SCENE
487,975-976,40.583,odysseus,h,-5.5,9.6,2.5,180,0,1.5,0,-0.5,22.6,-2.1,77.3,1.1,-154.7,0,-40.5,0,0,0,0,0,,,,WEIGHT SHIFT / HOLD / SCENE
488,977-978,40.667,odysseus,h,-5.5,9.6,2.5,180,0,1.4,0,-0.4,22.6,-2,77.3,1.2,-154.7,0,-40.5,0,0,0,0,0,,,,WEIGHT SHIFT / HOLD / SCENE
489,979-980,40.75,odysseus,h,-5.5,9.6,2.5,180,0,1.4,0,-0.3,22.6,-2,77.3,1.3,-154.7,0,-40.5,0,0,0,0,0,,,,WEIGHT SHIFT / HOLD / SCENE
490,981-982,40.833,odysseus,h,-5.5,9.6,2.5,180,0,1.4,0,-0.2,22.6,-1.9,77.3,1.4,-154.7,0,-40.5,0,0,0,0,0,,,,WEIGHT SHIFT / HOLD / SCENE
491,983-984,40.917,odysseus,h,-5.5,9.6,2.5,180,0,1.4,0,-0.1,22.6,-1.9,77.3,1.4,-154.7,0,-40.5,0,0,0,0,0,,,,WEIGHT SHIFT / HOLD / SCENE
492,985-986,41,odysseus,h,-5.5,9.6,2.5,180,0,1.3,0,-0.1,22.6,-1.9,77.3,1.5,-154.7,0,-40.5,0,0,0,0,0,,,,WEIGHT SHIFT / HOLD / SCENE
493,987-988,41.083,odysseus,h,-5.5,9.6,2.5,180,0,1.3,0,0,22.6,-1.8,77.3,1.5,-154.7,0,-40.5,0,0,0,0,0,,,,WEIGHT SHIFT / HOLD / SCENE
494,989-990,41.167,odysseus,h,-5.5,9.6,2.5,180,0,1.3,0,0,22.6,-1.8,77.3,1.5,-154.7,0,-40.5,0,0,0,0,0,,,,WEIGHT SHIFT / HOLD / SCENE
495,991-992,41.25,odysseus,h,-5.5,9.6,2.5,180,0,1.3,0,0,22.6,-1.7,78.3,2.9,-154.7,0,-40.5,0,0,0,0,0,,,,LOOK / HOLD / SCENE
496,993-994,41.333,odysseus,h,-5.5,9.6,2.5,180,0,1.3,0,0,22.6,-1.7,79,2.5,-154.7,0,-40.5,0,0,0,0,0,,,,LOOK / HOLD / SCENE
497,995-996,41.417,odysseus,h,-5.5,9.6,2.5,180,0,1.3,0,-0.1,22.6,-1.7,79.7,2.2,-154.7,0,-40.5,0,0,0,0,0,,,,LOOK / HOLD / SCENE
498,997-998,41.5,odysseus,h,-5.5,9.6,2.5,180,0,1.3,0,-0.1,22.6,-1.7,80.2,1.9,-154.7,0,-40.5,0,0,0,0,0,,,,LOOK / HOLD / SCENE
499,999-1000,41.583,odysseus,h,-5.5,9.6,2.5,180,0,1.3,0,-0.2,22.6,-1.7,80.7,1.7,-154.7,0,-40.5,0,0,0,0,0,,,,LOOK / HOLD / SCENE
500,1001-1002,41.667,odysseus,h,-5.5,9.6,2.5,180,0,1.3,0,-0.2,22.6,-1.7,81,1.5,-154.7,0,-40.5,0,0,0,0,0,,,,LOOK / HOLD / SCENE
501,1003-1004,41.75,odysseus,h,-5.5,9.6,2.5,180,0,1.3,0,-0.3,22.6,-1.7,81.2,1.3,-154.7,0,-40.5,0,0,0,0,0,,,,LOOK / HOLD / SCENE
502,1005-1006,41.833,odysseus,h,-5.5,9.6,2.5,180,0,1.3,0,-0.4,22.6,-1.7,81.2,1.2,-154.7,0,-40.5,0,0,0,0,0,,,,LOOK / HOLD / SCENE
503,1007-1008,41.917,odysseus,h,-5.5,9.6,2.5,180,0,1.3,0,-0.4,22.6,-1.7,80.2,1.2,-154.7,0,-40.5,0,0,0,0,0,,,,LOOK / HOLD / SCENE
504,1009-1010,42,odysseus,h,-5.5,9.6,2.5,180,0,1.3,0,-0.5,22.6,-1.7,78.4,1.1,-154.7,0,-40.5,0,0,0,0,0,,,,LOOK / HOLD / SCENE
505,1011-1012,42.083,odysseus,h,-5.5,9.6,2.5,180,0,1.3,0,-0.6,22.6,-1.7,77.3,1,-154.7,0,-40.5,0,0,0,0,0,,,,DECLARE / UTTERANCE / SCENE
506,1013-1014,42.167,odysseus,h,-5.5,9.6,2.5,180,0,1.3,0,-0.7,22.6,-1.7,77.3,0.9,-154.7,0,-40.5,0,0,0,0,0,,,,DECLARE / UTTERANCE / SCENE
507,1015-1016,42.25,odysseus,h,-5.5,9.6,2.5,180,0,1.3,0,-0.8,22.6,-1.7,77.3,0.9,-154.7,0,-40.5,0,0,0,0,0,,,,DECLARE / UTTERANCE / SCENE
508,1017-1018,42.333,odysseus,h,-5.5,9.6,2.5,180,0,1.3,0,-0.9,22.6,-1.7,77.3,0.8,-154.7,0,-40.5,0,0,0,0,0,,,,WEIGHT SHIFT / HOLD / SCENE
509,1019-1020,42.417,odysseus,h,-5.5,9.6,2.5,180,0,1,0,-1,22.6,-1.4,77.3,0.7,-154.7,0,-40.5,0,0,0,0,0,,,,WEIGHT SHIFT / HOLD / SCENE
510,1021-1022,42.5,odysseus,h,-5.5,9.6,2.5,180,0,0.5,0,-1.1,22.6,-0.6,77.3,0.6,-154.7,0,-40.5,0,0,0,0,0,,,,WEIGHT SHIFT / HOLD / SCENE
511,1023-1024,42.583,odysseus,h,-5.5,9.6,2.5,180,0,-0.2,0,-1.2,22.6,0.4,77.3,0.6,-154.7,0,-40.5,0,0,0,0,0,,,,WEIGHT SHIFT / HOLD / SCENE
512,1025-1026,42.667,odysseus,h,-5.5,9.6,2.5,180,0,-0.9,-0.1,-1.3,22.6,1.5,77.3,0.5,-154.7,0,-40.5,0,0,0,0,0,,,,WEIGHT SHIFT / HOLD / SCENE
513,1027-1028,42.75,odysseus,A,-5.5,9.6,2.5,180,0,-1.5,-0.1,-2.5,22.6,2.3,77.3,1.6,-148.9,5,-40.5,0,1.1,0,0,0,,,,OPEN / DECLARE / UTTERANCE
514,1029-1030,42.833,odysseus,A,-5.5,9.6,2.5,180,0,-1.7,-0.1,-3,22.6,2.6,77.3,1.5,-147,9.2,-40.5,0,4,0,0,0,,,,OPEN / DECLARE / UTTERANCE
515,1031-1032,42.917,odysseus,A,-5.5,9.6,2.5,180,0,-1.7,0,-1.2,22.6,2.5,77.3,0.3,-171.8,12.4,-40.5,0,8.2,0,0,0,,,,OPEN / DECLARE / UTTERANCE
516,1033-1034,43,odysseus,A,-5.5,9.6,2.5,180,0,-1.7,0,0,22.6,2.5,77.3,-1.4,-183.3,14.7,-40.5,0,12.9,0,0,0,,,,OPEN / DECLARE / UTTERANCE
517,1035-1036,43.083,odysseus,h,-5.5,9.6,2.5,180,0,-1.6,0,0.7,22.6,2.4,77.3,-2.3,-183.3,16,-40.5,0,17.6,0,0,0,,,,OPEN / DECLARE / UTTERANCE
518,1037-1038,43.167,odysseus,h,-5.5,9.6,2.5,180,0,-1.6,0,0.9,22.6,2.4,77.3,-2.2,-183.3,16.5,-40.5,0,21.8,0,0,0,,,,OPEN / DECLARE / UTTERANCE
519,1039-1040,43.25,odysseus,h,-5.5,9.6,2.5,180,0,-1.6,0,0.8,22.6,2.3,77.3,-2,-183.3,15.8,-40.5,0,24.7,0,0,0,,,,OPEN / DECLARE / UTTERANCE
520,1041-1042,43.333,odysseus,h,-5.5,9.6,2.5,180,0,-1.6,0,0.6,22.6,2.3,77.3,-1.8,-183.3,15.1,-40.5,0,25.8,0,0,0,,,,OPEN / DECLARE / UTTERANCE
521,1043-1044,43.417,odysseus,h,-5.5,9.6,2.5,180,0,-1.5,0,0.5,22.6,2.2,77.3,-1.6,-183.3,14.4,-40.5,0,25.1,0,0,0,,,,OPEN / DECLARE / UTTERANCE
522,1045-1046,43.5,odysseus,h,-5.5,9.6,2.5,180,0,-1.5,0,0.4,22.6,2.2,77.3,-1.3,-183.3,13.8,-40.5,0,23.1,0,0,0,,,,OPEN / DECLARE / UTTERANCE
523,1047-1048,43.583,odysseus,h,-5.5,9.6,2.5,180,0,-1.5,0,0.3,22.6,2.1,77.3,-1,-183.3,13.1,-40.5,0,20.2,0,0,0,,,,OPEN / DECLARE / UTTERANCE
524,1049-1050,43.667,odysseus,h,-5.5,9.6,2.5,180,0,-1.5,0,0.2,22.6,2.1,77.3,-0.7,-183.3,12.4,-40.5,0,16.7,0,0,0,,,,OPEN / DECLARE / UTTERANCE
525,1051-1052,43.75,odysseus,h,-5.5,9.6,2.5,180,0,-1.4,0,0.1,22.6,2.1,77.3,-0.4,-183.3,11.5,-40.5,0,12.9,0,0,0,,,,OPEN / DECLARE / UTTERANCE
526,1053-1054,43.833,odysseus,h,-5.5,9.6,2.5,180,0,-1.4,0,-0.1,22.6,2,77.3,-0.1,-183.3,9.2,-40.5,0,9.1,0,0,0,,,,OPEN / DECLARE / UTTERANCE
527,1055-1056,43.917,odysseus,A,-5.5,9.6,2.5,180,0,-1.4,0,-0.4,22.6,2,77.3,0.2,-174.3,6.2,-40.5,0,5.6,0,0,0,,,,OPEN / DECLARE / UTTERANCE
528,1057-1058,44,odysseus,A,-5.5,9.6,2.5,180,0,-1.4,0,-0.7,22.6,1.9,77.3,0.4,-164.9,3.2,-40.5,0,2.7,0,0,0,,,,OPEN / DECLARE / UTTERANCE
529,1059-1060,44.083,odysseus,A,-5.5,9.6,2.5,180,0,-1.3,0,-0.9,22.6,1.9,77.3,0.6,-157.6,0.9,-40.5,0,0.7,0,0,0,,,,OPEN / DECLARE / UTTERANCE
530,1061-1062,44.167,odysseus,A,-5.5,9.6,2.5,180,0,-1.3,0,-0.9,22.6,1.8,77.3,0.8,-154.7,0,-40.5,0,0,0,0,0,,,,OPEN / DECLARE / UTTERANCE
531,1063-1064,44.25,odysseus,h,-5.5,9.6,2.5,180,0,-1.3,0,-0.8,22.6,1.8,77.3,0.9,-154.7,0,-40.5,0,0,0,0,0,,,,LOOK / HOLD / SCENE
532,1065-1066,44.333,odysseus,h,-5.5,9.6,2.5,180,0,-1.3,0,-0.7,22.6,1.7,78.3,2.3,-154.7,0,-40.5,0,0,0,0,0,,,,NOD / DECLARE / UTTERANCE
533,1067-1068,44.417,odysseus,h,-5.5,9.6,2.5,180,0,-1.3,0,-0.5,22.6,1.7,79,4,-154.7,0,-40.5,0,0,0,0,0,,,,NOD / DECLARE / UTTERANCE
534,1069-1070,44.5,odysseus,h,-5.5,9.6,2.5,180,0,-1.3,0,-0.4,22.6,1.7,79.7,4.9,-154.7,0,-40.5,0,0,0,0,0,,,,NOD / DECLARE / UTTERANCE
535,1071-1072,44.583,odysseus,h,-5.5,9.6,2.5,180,0,-1.3,0,-0.3,22.6,1.7,80.2,5.2,-154.7,0,-40.5,0,0,0,0,0,,,,CHEST / DECLARE / UTTERANCE
536,1073-1074,44.667,odysseus,A,-5.5,9.6,2.5,180,0,-1.3,0,-1.4,22.6,1.7,80.7,6.5,-148.9,-0.7,-40.5,0,-1.1,0,0,0,,,,CHEST / DECLARE / UTTERANCE
537,1075-1076,44.75,odysseus,A,-5.5,9.6,2.5,180,0,-1.3,0,-1.7,22.6,1.7,81,5.5,-147,-1.3,-40.5,0,-4.1,0,0,0,,,,CHEST / DECLARE / UTTERANCE
538,1077-1078,44.833,odysseus,A,-5.5,9.6,2.5,180,0,-1.3,0,-1.3,22.6,1.7,81.2,4.6,-183.3,-1.7,-40.5,0,-8.1,0,0,0,,,,CHEST / DECLARE / UTTERANCE
539,1079-1080,44.917,odysseus,h,-5.5,9.6,2.5,180,0,-1.3,0,-1.1,22.6,1.7,81.2,4.5,-183.3,-2,-40.5,0,-12.5,0,0,0,,,,CHEST / DECLARE / UTTERANCE
540,1081-1082,45,odysseus,h,-5.5,9.6,2.5,180,0,-1.3,0,-1,22.6,1.7,80.2,4.3,-183.3,-2.1,-40.5,0,-16.5,0,0,0,,,,CHEST / DECLARE / UTTERANCE
541,1083-1084,45.083,odysseus,h,-5.5,9.6,2.5,180,0,-1.3,0,-1,22.6,1.7,78.4,4.1,-183.3,-2,-40.5,0,-19.5,0,0,0,,,,CHEST / DECLARE / UTTERANCE
542,1085-1086,45.167,odysseus,h,-5.5,9.6,2.5,180,0,-1.3,0,-1,22.6,1.7,77.3,3.8,-183.3,-1.9,-40.5,0,-20.6,0,0,0,,,,CHEST / DECLARE / UTTERANCE
543,1087-1088,45.25,odysseus,h,-5.5,9.6,2.5,180,0,-1.3,0,-0.9,22.6,1.7,77.3,3.5,-183.3,-1.8,-40.5,0,-20,0,0,0,,,,CHEST / DECLARE / UTTERANCE
544,1089-1090,45.333,odysseus,h,-5.5,9.6,2.5,180,0,-1.3,0,-0.9,22.6,1.7,77.3,3.2,-183.3,-1.7,-40.5,0,-18.5,0,0,0,,,,CHEST / DECLARE / UTTERANCE
545,1091-1092,45.417,odysseus,h,-5.5,9.6,2.5,180,0,-1.3,0,-0.9,22.6,1.7,77.3,2.8,-183.3,-1.6,-40.5,0,-16.2,0,0,0,,,,CHEST / DECLARE / UTTERANCE
546,1093-1094,45.5,odysseus,h,-5.5,9.6,2.5,180,0,-1.3,0,-0.9,22.6,1.7,77.3,2.4,-183.3,-1.5,-40.5,0,-13.4,0,0,0,,,,WEIGHT SHIFT / HOLD / SCENE
547,1095-1096,45.583,odysseus,h,-5.5,9.6,2.5,180,0,-1,0,-1,22.6,1.3,77.3,2.1,-183.3,-1.4,-40.5,0,-10.3,0,0,0,,,,WEIGHT SHIFT / HOLD / SCENE
548,1097-1098,45.667,odysseus,A,-5.5,9.6,2.5,180,0,-0.2,0,-0.9,22.6,0.2,77.3,1.8,-183.3,-1.1,-40.5,0,-7.3,0,0,0,,,,WEIGHT SHIFT / HOLD / SCENE
549,1099-1100,45.75,odysseus,A,-5.5,9.6,2.5,180,0,0.7,-0.1,-0.8,22.6,-1.1,77.3,1.5,-181.5,-0.8,-40.5,0,-4.5,0,0,0,,,,WEIGHT SHIFT / HOLD / SCENE
550,1101-1102,45.833,odysseus,A,-5.5,9.6,2.5,180,0,1.4,-0.1,-0.7,22.6,-2.1,77.3,1.2,-168.6,-0.4,-40.5,0,-2.1,0,0,0,,,,WEIGHT SHIFT / HOLD / SCENE
551,1103-1104,45.917,odysseus,A,-5.5,9.6,2.5,180,0,1.7,-0.1,-0.7,22.6,-2.6,77.3,1.1,-158.7,-0.1,-40.5,0,-0.6,0,0,0,,,,WEIGHT SHIFT / HOLD / SCENE
552,1105-1106,46,odysseus,A,-5.5,9.6,2.5,180,0,1.7,0,-0.7,22.6,-2.5,77.3,0.9,-154.7,0,-40.5,0,0,0,0,0,,,,WEIGHT SHIFT / HOLD / SCENE
553,1107-1108,46.083,odysseus,h,-5.5,9.6,2.5,180,0,1.7,0,-0.8,22.6,-2.5,77.3,0.9,-154.7,0,-40.5,0,0,0,0,0,,,,WEIGHT SHIFT / HOLD / SCENE
554,1109-1110,46.167,odysseus,h,-5.5,9.6,2.5,180,0,1.6,0,-0.9,22.6,-2.4,77.3,0.8,-154.7,0,-40.5,0,0,0,0,0,,,,WEIGHT SHIFT / HOLD / SCENE
555,1111-1112,46.25,odysseus,h,-5.5,9.6,2.5,180,0,1.6,0,-1,22.6,-2.4,77.3,0.7,-154.7,0,-40.5,0,0,0,0,0,,,,WEIGHT SHIFT / HOLD / SCENE
556,1113-1114,46.333,odysseus,h,-5.5,9.6,2.5,180,0,1.6,0,-1.1,22.6,-2.4,77.3,0.6,-154.7,0,-40.5,0,0,0,0,0,,,,WEIGHT SHIFT / HOLD / SCENE
557,1115-1116,46.417,odysseus,h,-5.5,9.6,2.5,180,0,1.6,0,-1.2,22.6,-2.3,77.3,0.6,-154.3,0,-40.4,0,0,0,0,0,,,,WEIGHT SHIFT / HOLD / SCENE
558,1117-1118,46.5,odysseus,h,-5.5,9.6,2.5,180,0,1.6,0,-1.3,22.6,-2.3,77.3,0.5,-151.4,0,-39.9,0,0,0,0,0,,,,WEIGHT SHIFT / HOLD / SCENE
559,1119-1120,46.583,odysseus,A,-5.5,9.6,2.5,180,0,1.5,0,-1.4,22.6,-2.2,77.3,0.4,-146.1,0,-39,0,0,0,0,0,,,,WEIGHT SHIFT / HOLD / SCENE
560,1121-1122,46.667,odysseus,A,-5.4,9.5,2.6,180,0,1.5,0,-1.4,22.6,-2.2,77.3,0.3,-138.8,0,-37.8,0,0,0,0,0,,,,WEIGHT SHIFT / HOLD / SCENE
561,1123-1124,46.75,odysseus,A,-5.4,9.5,2.6,180,0,1.5,0,-1.5,22.6,-2.1,77.3,0.3,-129.8,0,-36.3,0,0,0,0,0,,,,WEIGHT SHIFT / HOLD / SCENE
562,1125-1126,46.833,odysseus,A,-5.4,9.5,2.6,180,0,1.5,0,-1.6,22.6,-2.1,77.3,0.2,-119.5,0,-34.6,0,0,0,0,0,,,,WEIGHT SHIFT / HOLD / SCENE
563,1127-1128,46.917,odysseus,A,-5.3,9.4,2.7,180,0,1.4,0,-1.6,22.6,-2,77.3,0.2,-108.2,0,-32.7,0,0,0,0,0,,,,WEIGHT SHIFT / HOLD / SCENE
564,1129-1130,47,odysseus,A,-5.3,9.4,2.7,180,0,1.4,0,-1.7,22.6,-2,77.3,0.2,-96.2,0,-30.7,0,0,0,0,0,,,,WEIGHT SHIFT / HOLD / SCENE
565,1131-1132,47.083,odysseus,A,-5.2,9.3,2.8,180,0,1.4,0,-1.7,22.6,-1.9,77.3,0.1,-84,0,-28.7,0,0,0,0,0,,,,LOOK / HOLD / SCENE
566,1133-1134,47.167,odysseus,A,-5.2,9.3,2.8,180,0,1.4,0,-1.7,22.6,-1.9,78.3,1.4,-71.8,0,-26.6,0,0,0,0,0,,,,LOOK / HOLD / SCENE
567,1135-1136,47.25,odysseus,A,-5.2,9.2,2.8,180,0,1.3,0,-1.7,22.6,-1.9,79,0.9,-60,0,-24.7,0,0,0,0,0,,,,LOOK / HOLD / SCENE
568,1137-1138,47.333,odysseus,A,-5.1,9.2,2.9,180,0,1.3,0,-1.7,22.6,-1.8,79.7,0.4,-49,0,-22.8,0,0,0,0,0,,,,LOOK / HOLD / SCENE
569,1139-1140,47.417,odysseus,A,-5.1,9.2,2.9,180,0,1.3,0,-1.7,22.6,-1.8,80.2,0.1,-39,0,-21.2,0,0,0,0,0,,,,LOOK / HOLD / SCENE
570,1141-1142,47.5,odysseus,A,-5,9.1,3,180,0,1.3,0,-1.6,22.6,-1.7,80.7,-0.2,-30.6,0,-19.8,0,0,0,0,0,,,,LOOK / HOLD / SCENE
571,1143-1144,47.583,odysseus,A,-5,9.1,3,180,0,1.3,0,-1.5,22.6,-1.7,81,-0.3,-23.9,0,-18.7,0,0,0,0,0,,,,LOOK / HOLD / SCENE
572,1145-1146,47.667,odysseus,A,-5,9.1,3,180,0,1.3,0,-1.4,22.6,-1.7,81.2,-0.4,-19.3,0,-17.9,0,0,0,0,0,,,,LOOK / HOLD / SCENE
573,1147-1148,47.75,odysseus,A,-5,9.1,3,180,0,1.3,0,-1.3,22.6,-1.7,81.2,-0.3,-17.3,0,-17.6,0,0,0,0,0,,,,LOOK / HOLD / SCENE
574,1149-1150,47.833,odysseus,h,-5,9.1,3,180,0,1.3,0,-1.2,22.6,-1.7,80.2,-0.2,-17.2,0,-17.5,0,0,0,0,0,,,,LOOK / HOLD / SCENE
575,1151-1152,47.917,odysseus,h,-5,9.1,3,180,0,1.3,0,-1.1,22.6,-1.7,78.4,-0.1,-17.2,0,-17.5,0,0,0,0,0,,,,LOOK / HOLD / SCENE
576,1153-1154,48,odysseus,h,-5,9.1,3,180,0,1.3,0,-0.9,22.6,-1.7,77.3,0,-17.2,0,-17.5,0,0,0,0,0,,,,LOOK / HOLD / SCENE
577,1155-1156,48.083,odysseus,h,-5,9.1,3,180,0,1.3,0,-0.8,22.6,-1.7,77.3,0.1,-17.2,0,-17.5,0,0,0,0,0,,,,HOLD / SCENE
578,1157-1158,48.167,odysseus,h,-5,9.1,3,180,0,1.3,0,-0.7,22.6,-1.7,77.3,0.2,-17.2,0,-17.5,0,0,0,0,0,,,,HOLD / SCENE
579,1159-1160,48.25,odysseus,h,-5,9.1,3,180,0,1,0,-0.5,22.6,-1.4,77.3,0.3,-17.2,0,-17.5,0,0,0,0,0,,,,WEIGHT SHIFT / HOLD / SCENE
580,1161-1162,48.333,odysseus,h,-5,9.1,3,180,0,0.5,0,-0.4,22.6,-0.6,77.3,0.4,-17.2,0,-17.5,0,0,0,0,0,,,,WEIGHT SHIFT / HOLD / SCENE
581,1163-1164,48.417,odysseus,A,-5,9.1,3,180,0,-0.2,0,-0.3,22.6,0.4,77.3,0.5,-17.2,0,-17.5,0,0,0,0,0,,,,WEIGHT SHIFT / HOLD / SCENE
582,1165-1166,48.5,odysseus,A,-5,9.1,3,180,0,-0.9,-0.1,-0.2,22.6,1.5,77.3,0.6,-17.2,0,-17.5,0,0,0,0,0,,,,WEIGHT SHIFT / HOLD / SCENE
583,1167-1168,48.583,odysseus,h,-5,9.1,3,180,0,-1.5,-0.1,-0.1,22.6,2.3,77.3,0.7,-17.2,0,-17.5,0,0,0,0,0,,,,WEIGHT SHIFT / HOLD / SCENE
584,1169-1170,48.667,odysseus,h,-5,9.1,3,180,0,-1.7,-0.1,-0.1,22.6,2.6,77.3,0.7,-17.2,0,-17.5,0,0,0,0,0,,,,WEIGHT SHIFT / HOLD / SCENE
585,1171-1172,48.75,odysseus,h,-5,9.1,3,180,0,-1.7,0,0,22.6,2.5,77.3,0.8,-17.2,0,-17.5,0,0,0,0,0,,,,WEIGHT SHIFT / HOLD / SCENE
586,1173-1174,48.833,odysseus,h,-5,9.1,3,180,0,-1.7,0,0,22.6,2.5,77.3,0.8,-17.2,0,-17.5,0,0,0,0,0,,,,WEIGHT SHIFT / HOLD / SCENE
587,1175-1176,48.917,odysseus,h,-5,9.1,3,180,0,-1.6,0,0,22.6,2.4,77.3,0.8,-17.2,0,-17.5,0,0,0,0,0,,,,WEIGHT SHIFT / HOLD / SCENE
588,1177-1178,49,odysseus,h,-5,9.1,3,180,0,-1.6,0,0,22.6,2.4,77.3,0.7,-17.2,0,-17.5,0,0,0,0,0,,,,WEIGHT SHIFT / HOLD / SCENE
589,1179-1180,49.083,odysseus,h,-5,9.1,3,180,0,-1.6,0,-0.1,22.6,2.3,77.3,0.7,-17.2,0,-17.5,0,0,0,0,0,,,,WEIGHT SHIFT / HOLD / SCENE
590,1181-1182,49.167,odysseus,h,-5,9.1,3,180,0,-1.6,0,-0.1,22.6,2.3,77.3,0.7,-17.2,0,-17.5,0,0,0,0,0,,,,WEIGHT SHIFT / HOLD / SCENE
591,1183-1184,49.25,odysseus,h,-5,9.1,3,180,0,-1.5,0,-0.2,22.6,2.2,77.3,0.6,-17.2,0,-17.5,0,0,0,0,0,,,,WEIGHT SHIFT / HOLD / SCENE
592,1185-1186,49.333,odysseus,h,-5,9.1,3,180,0,-1.5,0,-0.2,22.6,2.2,77.3,0.6,-17.2,0,-17.5,0,0,0,0,0,,,,WEIGHT SHIFT / HOLD / SCENE
593,1187-1188,49.417,odysseus,h,-5,9.1,3,180,0,-1.5,0,-0.3,22.6,2.1,77.3,0.5,-17.2,0,-17.5,0,0,0,0,0,,,,WEIGHT SHIFT / HOLD / SCENE
594,1189-1190,49.5,odysseus,h,-5,9.1,3,180,0,-1.5,0,-0.4,22.6,2.1,78.3,2.6,-17.2,0,-17.5,0,0,0,0,0,,,,LOOK / HOLD / SCENE
595,1191-1192,49.583,odysseus,h,-5,9.1,3,180,0,-1.4,0,-0.4,22.6,2.1,79,1.7,-17.2,0,-17.5,0,0,0,0,0,,,,LOOK / HOLD / SCENE
596,1193-1194,49.667,odysseus,h,-5,9.1,3,180,0,-1.4,0,-0.5,22.6,2,79.7,1,-17.2,0,-17.5,0,0,0,0,0,,,,LOOK / HOLD / SCENE
597,1195-1196,49.75,odysseus,h,-5,9.1,3,180,0,-1.4,0,-0.6,22.6,2,80.2,0.4,-17.2,0,-17.5,0,0,0,0,0,,,,LOOK / HOLD / SCENE
598,1197-1198,49.833,odysseus,h,-5,9.1,3,180,0,-1.4,0,-0.7,22.6,1.9,80.7,-0.1,-17.2,0,-17.5,0,0,0,0,0,,,,LOOK / HOLD / SCENE
599,1199-1200,49.917,odysseus,h,-5,9.1,3,180,0,-1.3,0,-0.8,22.6,1.9,81,-0.4,-17.2,0,-17.5,0,0,0,0,0,,,,LOOK / HOLD / SCENE
600,1201-1202,50,odysseus,h,-5,9.1,3,180,0,-1.3,0,-0.9,22.6,1.8,81.2,-0.7,-17.2,0,-17.5,0,0,0,0,0,,,,LOOK / HOLD / SCENE
601,1203-1204,50.083,odysseus,h,-5,9.1,3,180,0,-1.3,0,-1,22.6,1.8,81.2,-0.8,-17.2,0,-17.5,0,0,0,0,0,,,,LOOK / HOLD / SCENE
602,1205-1206,50.167,odysseus,h,-5,9.1,3,180,0,-1.3,0,-1.1,22.6,1.7,80.2,-0.9,-17.2,0,-17.5,0,0,0,0,0,,,,LOOK / HOLD / SCENE
603,1207-1208,50.25,odysseus,h,-5,9.1,3,180,0,-1.3,0,-1.2,22.6,1.7,78.4,-1,-17.2,0,-17.5,0,0,0,0,0,,,,LOOK / HOLD / SCENE
604,1209-1210,50.333,odysseus,h,-5,9.1,3,180,0,-1.3,0,-1.3,22.6,1.7,77.3,-1.1,-17.2,0,-17.5,0,0,0,0,0,,,,HOLD / SCENE
605,1211-1212,50.417,odysseus,h,-5,9.1,3,180,0,-1.3,0,-1.4,22.6,1.7,77.3,-1.1,-17.2,0,-17.5,0,0,0,0,0,,,,HOLD / SCENE
606,1213-1214,50.5,odysseus,h,-5,9.1,3,180,0,-1.3,0,-1.4,22.6,1.7,77.3,-1.2,-17.2,0,-17.5,0,0,0,0,0,,,,HOLD / SCENE
607,1215-1216,50.583,odysseus,h,-5,9.1,3,180,0,-1.3,0,-1.5,22.6,1.7,77.3,-1.3,-17.2,0,-17.5,0,0,0,0,0,,,,HOLD / SCENE
608,1217-1218,50.667,odysseus,h,-5,9.1,3,180,0,-1.3,0,-1.6,22.6,1.7,77.3,-1.3,-17.2,0,-17.5,0,0,0,0,0,,,,HOLD / SCENE
609,1219-1220,50.75,odysseus,h,-5,9.1,3,180,0,-1.3,0,-1.6,22.6,1.7,77.3,-1.3,-17.2,0,-17.5,0,0,0,0,0,,,,HOLD / SCENE
610,1221-1222,50.833,odysseus,h,-5,9.1,3,180,0,-1.3,0,-1.7,22.6,1.7,77.3,-1.4,-17.2,0,-17.5,0,0,0,0,0,,,,HOLD / SCENE
611,1223-1224,50.917,odysseus,h,-5,9.1,3,180,0,-1.3,0,-1.7,22.6,1.7,77.3,-1.4,-17.2,0,-17.5,0,0,0,0,0,,,,HOLD / SCENE
612,1225-1226,51,odysseus,h,-5,9.1,3,180,0,-1.3,0,-1.7,22.6,1.7,77.3,-1.4,-17.2,0,-17.5,0,0,0,0,0,,,,HOLD / SCENE
613,1227-1228,51.083,odysseus,h,-5,9.1,3,180,0,-1.3,0,-1.7,22.6,1.7,77.3,-1.4,-17.2,0,-17.5,0,0,0,0,0,,,,WEIGHT SHIFT / HOLD / SCENE
614,1229-1230,51.167,odysseus,h,-5,9.1,3,180,0,-1,0,-1.7,22.6,1.4,77.3,-1.4,-17.2,0,-17.5,0,0,0,0,0,,,,WEIGHT SHIFT / HOLD / SCENE
615,1231-1232,51.25,odysseus,h,-5,9.1,3,180,0,-0.5,0,-1.7,22.6,0.6,77.3,-1.4,-17.2,0,-17.5,0,0,0,0,0,,,,WEIGHT SHIFT / HOLD / SCENE
616,1233-1234,51.333,odysseus,A,-5,9.1,3,180,0,0.2,0,-1.6,22.6,-0.4,77.3,-1.3,-17.2,0,-17.5,0,0,0,0,0,,,,WEIGHT SHIFT / HOLD / SCENE
617,1235-1236,51.417,odysseus,A,-5,9.1,3,180,0,0.9,-0.1,-1.5,22.6,-1.5,77.3,-1.3,-17.2,0,-17.5,0,0,0,0,0,,,,WEIGHT SHIFT / HOLD / SCENE
618,1237-1238,51.5,odysseus,h,-5,9.1,3,180,0,1.5,-0.1,-1.5,22.6,-2.3,77.3,-1.2,-17.2,0,-17.5,0,0,0,0,0,,,,WEIGHT SHIFT / HOLD / SCENE
619,1239-1240,51.583,odysseus,h,-5,9.1,3,180,0,1.7,-0.1,-1.3,22.6,-2.6,77.3,-1.1,-17.2,0,-17.5,0,0,0,0,0,,,,WEIGHT SHIFT / HOLD / SCENE
620,1241-1242,51.667,odysseus,h,-5,9.1,3,180,0,1.7,0,-1.2,22.6,-2.5,77.3,-1,-17.2,0,-17.5,0,0,0,0,0,,,,WEIGHT SHIFT / HOLD / SCENE
621,1243-1244,51.75,odysseus,h,-5,9.1,3,180,0,1.7,0,-1.1,22.6,-2.5,77.3,-0.9,-17.2,0,-17.5,0,0,0,0,0,,,,WEIGHT SHIFT / HOLD / SCENE
622,1245-1246,51.833,odysseus,h,-5,9.1,3,180,0,1.6,0,-1,22.6,-2.4,77.3,-0.8,-17.2,0,-17.5,0,0,0,0,0,,,,WEIGHT SHIFT / HOLD / SCENE
623,1247-1248,51.917,odysseus,h,-5,9.1,3,180,0,1.6,0,-0.9,22.6,-2.4,77.3,-0.7,-17.2,0,-17.5,0,0,0,0,0,,,,WEIGHT SHIFT / HOLD / SCENE
624,1249-1250,52,odysseus,h,-5,9.1,3,180,0,1.6,0,-0.7,22.6,-2.3,77.3,-0.6,-17.2,0,-17.5,0,0,0,0,0,,,,WEIGHT SHIFT / HOLD / SCENE
625,1251-1252,52.083,odysseus,h,-5,9.1,3,180,0,1.6,0,-0.6,22.6,-2.3,77.3,-0.5,-17.2,0,-17.5,0,0,0,0,0,,,,WEIGHT SHIFT / HOLD / SCENE
626,1253-1254,52.167,odysseus,h,-5,9.1,3,180,0,1.5,0,-0.5,22.6,-2.2,77.3,-0.4,-17.2,0,-17.5,0,0,0,0,0,,,,WEIGHT SHIFT / HOLD / SCENE
627,1255-1256,52.25,odysseus,h,-5,9.1,3,180,0,1.5,0,-0.4,22.6,-2.2,77.3,-0.3,-17.2,0,-17.5,0,0,0,0,0,,,,WEIGHT SHIFT / HOLD / SCENE
628,1257-1258,52.333,odysseus,h,-5,9.1,3,180,0,1.5,0,-0.3,22.6,-2.1,77.3,-0.2,-17.2,0,-17.5,0,0,0,0,0,,,,WEIGHT SHIFT / HOLD / SCENE
629,1259-1260,52.417,odysseus,h,-5,9.1,3,180,0,1.5,0,-0.2,22.6,-2.1,77.3,-0.1,-17.2,0,-17.5,0,0,0,0,0,,,,WEIGHT SHIFT / HOLD / SCENE
630,1261-1262,52.5,odysseus,h,-5,9.1,3,180,0,1.4,0,-0.1,22.6,-2.1,77.3,-0.1,-17.2,0,-17.5,0,0,0,0,0,,,,WEIGHT SHIFT / HOLD / SCENE
631,1263-1264,52.583,odysseus,h,-5,9.1,3,180,0,1.4,0,0,22.6,-2,77.3,0,-17.2,0,-17.5,0,0,0,0,0,,,,WEIGHT SHIFT / HOLD / SCENE
632,1265-1266,52.667,odysseus,h,-5,9.1,3,180,0,1.4,0,0,22.6,-2,77.3,0,-17.2,0,-17.5,0,0,0,0,0,,,,WEIGHT SHIFT / HOLD / SCENE
633,1267-1268,52.75,odysseus,A,-5,9.1,3,180,0,1.4,0,0,22.6,-1.9,78.3,2.9,-17.2,0,-17.5,0,0,0,0,0,,,,LOOK / HOLD / SCENE
634,1269-1270,52.833,odysseus,h,-5,9.1,3,180,0,1.3,0,0,22.6,-1.9,79,2.1,-17.2,0,-17.5,0,0,0,0,0,,,,LOOK / HOLD / SCENE
635,1271-1272,52.917,odysseus,h,-5,9.1,3,180,0,1.3,0,0,22.6,-1.8,79.7,1.4,-17.2,0,-17.5,0,0,0,0,0,,,,LOOK / HOLD / SCENE
636,1273-1274,53,odysseus,h,-5,9.1,3,180,0,1.3,0,-0.1,22.6,-1.8,80.2,0.9,-17.2,0,-17.5,0,0,0,0,0,,,,LOOK / HOLD / SCENE
637,1275-1276,53.083,odysseus,h,-5,9.1,3,180,0,1.3,0,-0.1,22.6,-1.7,80.7,0.4,-17.2,0,-17.5,0,0,0,0,0,,,,LOOK / HOLD / SCENE
638,1277-1278,53.167,odysseus,h,-5,9.1,3,180,0,1.3,0,-0.2,22.6,-1.7,81,0.1,-17.2,0,-17.5,0,0,0,0,0,,,,LOOK / HOLD / SCENE
639,1279-1280,53.25,odysseus,h,-5,9.1,3,180,0,1.3,0,-0.2,22.6,-1.7,81.2,-0.1,-17.2,0,-17.5,0,0,0,0,0,,,,LOOK / HOLD / SCENE
640,1281-1282,53.333,odysseus,h,-5,9.1,3,180,0,1.3,0,-0.3,22.6,-1.7,81.2,-0.3,-17.2,0,-17.5,0,0,0,0,0,,,,LOOK / HOLD / SCENE
641,1283-1284,53.417,odysseus,h,-5,9.1,3,180,0,1.3,0,-0.4,22.6,-1.7,80.2,-0.3,-17.2,0,-17.5,0,0,0,0,0,,,,LOOK / HOLD / SCENE
642,1285-1286,53.5,odysseus,h,-5,9.1,3,180,0,1.3,0,-0.5,22.6,-1.7,78.4,-0.4,-17.2,0,-17.5,0,0,0,0,0,,,,LOOK / HOLD / SCENE
643,1287-1288,53.583,odysseus,h,-5,9.1,3,180,0,1.3,0,-0.6,22.6,-1.7,77.3,-0.5,-17.2,0,-17.5,0,0,0,0,0,,,,HOLD / SCENE
644,1289-1290,53.667,odysseus,h,-5,9.1,3,180,0,1.3,0,-0.7,22.6,-1.7,77.3,-0.6,-17.2,0,-17.5,0,0,0,0,0,,,,HOLD / SCENE
645,1291-1292,53.75,odysseus,h,-5,9.1,3,180,0,1.3,0,-0.8,22.6,-1.7,77.3,-0.6,-17.2,0,-17.5,0,0,0,0,0,,,,HOLD / SCENE
646,1293-1294,53.833,odysseus,h,-5,9.1,3,180,0,1.3,0,-0.9,22.6,-1.7,77.3,-0.7,-17.2,0,-17.5,0,0,0,0,0,,,,HOLD / SCENE
647,1295-1296,53.917,odysseus,h,-5,9.1,3,180,0,1.3,0,-1,22.6,-1.7,77.3,-0.8,-17.2,0,-17.5,0,0,0,0,0,,,,HOLD / SCENE
648,1297-1298,54,odysseus,h,-5,9.1,3,180,0,1.3,0,-1.1,22.6,-1.7,77.3,-0.9,-17.2,0,-17.5,0,0,0,0,0,,,,WEIGHT SHIFT / HOLD / SCENE
649,1299-1300,54.083,odysseus,h,-5,9.1,3,180,0,1,0,-1.2,22.6,-1.3,77.3,-1,-17.2,0,-17.5,0,0,0,0,0,,,,WEIGHT SHIFT / HOLD / SCENE
650,1301-1302,54.167,odysseus,A,-5,9.1,3,180,0,0.2,0,-1.2,22.6,-0.2,77.3,-1,-17.2,0,-17.5,0,0,0,0,0,,,,WEIGHT SHIFT / HOLD / SCENE
651,1303-1304,54.25,odysseus,A,-5,9.1,3,180,0,-0.7,-0.1,-1.3,22.6,1.1,77.3,-1.1,-17.2,0,-17.5,0,0,0,0,0,,,,WEIGHT SHIFT / HOLD / SCENE
652,1305-1306,54.333,odysseus,A,-5,9.1,3,180,0,-1.4,-0.1,-1.4,22.6,2.1,77.3,-1.2,-17.2,0,-17.5,0,0,0,0,0,,,,WEIGHT SHIFT / HOLD / SCENE
653,1307-1308,54.417,odysseus,h,-5,9.1,3,180,0,-1.7,-0.1,-1.5,22.6,2.6,77.3,-1.2,-17.2,0,-17.5,0,0,0,0,0,,,,WEIGHT SHIFT / HOLD / SCENE
654,1309-1310,54.5,odysseus,h,-5,9.1,3,180,0,-1.7,0,-1.6,22.6,2.5,77.3,-1.3,-17.2,0,-17.5,0,0,0,0,0,,,,WEIGHT SHIFT / HOLD / SCENE
655,1311-1312,54.583,odysseus,h,-5,9.1,3,180,0,-1.7,0,-1.6,22.6,2.5,77.3,-1.3,-17.2,0,-17.5,0,0,0,0,0,,,,WEIGHT SHIFT / HOLD / SCENE
656,1313-1314,54.667,odysseus,h,-5,9.1,3,180,0,-1.6,0,-1.7,22.6,2.4,77.3,-1.4,-17.2,0,-17.5,0,0,0,0,0,,,,WEIGHT SHIFT / HOLD / SCENE
657,1315-1316,54.75,odysseus,h,-5,9.1,3,180,0,-1.6,0,-1.7,22.6,2.4,77.3,-1.4,-17.2,0,-17.5,0,0,0,0,0,,,,WEIGHT SHIFT / HOLD / SCENE
658,1317-1318,54.833,odysseus,h,-5,9.1,3,180,0,-1.6,0,-1.7,22.6,2.4,77.3,-1.4,-17.2,0,-17.5,0,0,0,0,0,,,,WEIGHT SHIFT / HOLD / SCENE
659,1319-1320,54.917,odysseus,h,-5,9.1,3,180,0,-1.6,0,-1.7,22.6,2.3,77.3,-1.4,-17.2,0,-17.5,0,0,0,0,0,,,,WEIGHT SHIFT / HOLD / SCENE
660,1321-1322,55,odysseus,h,-5,9.1,3,180,0,-1.6,0,-1.7,22.6,2.3,77.3,-1.4,-17.2,0,-17.5,0,0,0,0,0,,,,LOOK / HOLD / SCENE
661,1323-1324,55.083,odysseus,A,-5,9.1,3,180,0,-1.5,0,-1.7,22.6,2.2,78.2,1.5,-17.2,0,-17.5,0,0,0,0,0,,,,LOOK / HOLD / SCENE
662,1325-1326,55.167,odysseus,h,-5,9.1,3,180,0,-1.5,0,-1.6,22.6,2.2,78.9,0.8,-17.2,0,-17.5,0,0,0,0,0,,,,LOOK / HOLD / SCENE
663,1327-1328,55.25,odysseus,h,-5,9.1,3,180,0,-1.5,0,-1.5,22.6,2.1,79.5,0.3,-17.2,0,-17.5,0,0,0,0,0,,,,LOOK / HOLD / SCENE
664,1329-1330,55.333,odysseus,h,-5,9.1,3,180,0,-1.5,0,-1.5,22.6,2.1,80,-0.1,-17.2,0,-17.5,0,0,0,0,0,,,,LOOK / HOLD / SCENE
665,1331-1332,55.417,odysseus,h,-5,9.1,3,180,0,-1.4,0,-1.3,22.6,2,80.5,-0.4,-17.2,0,-17.5,0,0,0,0,0,,,,LOOK / HOLD / SCENE
666,1333-1334,55.5,odysseus,h,-5,9.1,3,180,0,-1.4,0,-1.2,22.6,2,80.8,-0.6,-17.2,0,-17.5,0,0,0,0,0,,,,LOOK / HOLD / SCENE
667,1335-1336,55.583,odysseus,h,-5,9.1,3,180,0,-1.4,0,-1.1,22.6,1.9,81,-0.7,-17.2,0,-17.5,0,0,0,0,0,,,,LOOK / HOLD / SCENE
668,1337-1338,55.667,odysseus,h,-5,9.1,3,180,0,-1.4,0,-1,22.6,1.9,81.2,-0.8,-17.2,0,-17.5,0,0,0,0,0,,,,LOOK / HOLD / SCENE
669,1339-1340,55.75,odysseus,h,-5,9.1,3,180,0,-1.3,0,-0.9,22.6,1.9,81.2,-0.7,-17.2,0,-17.5,0,0,0,0,0,,,,LOOK / HOLD / SCENE
670,1341-1342,55.833,odysseus,h,-5,9.1,3,180,0,-1.3,0,-0.7,22.6,1.8,80.2,-0.6,-17.2,0,-17.5,0,0,0,0,0,,,,LOOK / HOLD / SCENE
671,1343-1344,55.917,odysseus,h,-5,9.1,3,180,0,-1.3,0,-0.6,22.6,1.8,78.4,-0.5,-17.2,0,-17.5,0,0,0,0,0,,,,LOOK / HOLD / SCENE
672,1345-1346,56,odysseus,h,-5,9.1,3,180,0,-1.3,0,-0.5,22.6,1.7,77.3,-0.4,-17.2,0,-17.5,0,0,0,0,0,,,,LOOK / HOLD / SCENE
673,1347-1348,56.083,odysseus,h,-5,9.1,3,180,0,-1.3,0,-0.4,22.6,1.7,77.3,-0.3,-17.2,0,-17.5,0,0,0,0,0,,,,HOLD / SCENE
674,1349-1350,56.167,odysseus,h,-5,9.1,3,180,0,-1.3,0,-0.3,22.6,1.7,77.3,-0.2,-17.2,0,-17.5,0,0,0,0,0,,,,HOLD / SCENE
675,1351-1352,56.25,odysseus,h,-5,9.1,3,180,0,-1.3,0,-0.2,22.6,1.7,77.3,-0.1,-17.2,0,-17.5,0,0,0,0,0,,,,HOLD / SCENE
676,1353-1354,56.333,odysseus,h,-5,9.1,3,180,0,-1.3,0,-0.1,22.6,1.7,77.3,-0.1,-17.2,0,-17.5,0,0,0,0,0,,,,HOLD / SCENE
677,1355-1356,56.417,odysseus,h,-5,9.1,3,180,0,-1.3,0,0,22.6,1.7,77.3,0,-17.2,0,-17.5,0,0,0,0,0,,,,HOLD / SCENE
678,1357-1358,56.5,odysseus,h,-5,9.1,3,180,0,-1.3,0,0,22.6,1.7,77.3,0,-17.2,0,-17.5,0,0,0,0,0,,,,HOLD / SCENE
679,1359-1360,56.583,odysseus,h,-5,9.1,3,180,0,-1.3,0,0,22.6,1.7,77.3,0,-17.2,0,-17.5,0,0,0,0,0,,,,HOLD / SCENE
680,1361-1362,56.667,odysseus,h,-5,9.1,3,180,0,-1.3,0,0,22.6,1.7,77.3,0,-17.2,0,-17.5,0,0,0,0,0,,,,HOLD / SCENE
681,1363-1364,56.75,odysseus,h,-5,9.1,3,180,0,-1.3,0,0,22.6,1.7,77.3,0,-17.2,0,-17.5,0,0,0,0,0,,,,HOLD / SCENE
682,1365-1366,56.833,odysseus,h,-5,9.1,3,180,0,-1.3,0,-0.1,22.6,1.7,77.3,-0.1,-17.2,0,-17.5,0,0,0,0,0,,,,HOLD / SCENE
683,1367-1368,56.917,odysseus,h,-5,9.1,3,180,0,-1.3,0,-0.1,22.6,1.7,77.3,-0.1,-17.2,0,-17.5,0,0,0,0,0,,,,HOLD / SCENE
684,1369-1370,57,odysseus,h,-5,9.1,3,180,0,-1.3,0,-0.2,22.6,1.7,77.3,-0.1,-17.2,0,-17.5,0,0,0,0,0,,,,HOLD / SCENE
685,1371-1372,57.083,odysseus,h,-5,9.1,3,180,0,-1.3,0,-0.2,22.6,1.7,77.3,-0.2,-17.2,0,-17.5,0,0,0,0,0,,,,HOLD / SCENE
686,1373-1374,57.167,odysseus,h,-5,9.1,3,180,0,-1.3,0,-0.3,22.6,1.7,77.3,-0.3,-17.2,0,-17.5,0,0,0,0,0,,,,HOLD / SCENE
687,1375-1376,57.25,odysseus,h,-5,9.1,3,180,0,-1.3,0,-0.4,22.6,1.7,77.3,-0.3,-17.2,0,-17.5,0,0,0,0,0,,,,HOLD / SCENE
688,1377-1378,57.333,odysseus,h,-5,9.1,3,180,0,-1.3,0,-0.5,22.6,1.7,77.3,-0.4,-17.2,0,-17.5,0,0,0,0,0,,,,HOLD / SCENE
689,1379-1380,57.417,odysseus,h,-5,9.1,3,180,0,-1.3,0,-0.6,22.6,1.7,77.3,-0.5,-17.2,0,-17.5,0,0,0,0,0,,,,HOLD / SCENE
690,1381-1382,57.5,odysseus,h,-5,9.1,3,180,0,-1.3,0,-0.7,22.6,1.7,77.3,-0.6,-17.2,0,-17.5,0,0,0,0,0,,,,HOLD / SCENE
691,1383-1384,57.583,odysseus,h,-5,9.1,3,180,0,-1.3,0,-0.8,22.6,1.7,77.3,-0.6,-17.2,0,-17.5,0,0,0,0,0,,,,HOLD / SCENE
692,1385-1386,57.667,odysseus,h,-5,9.1,3,180,0,-1.3,0,-0.9,22.6,1.7,77.3,-0.7,-17.2,0,-17.5,0,0,0,0,0,,,,HOLD / SCENE
693,1387-1388,57.75,odysseus,h,-5,9.1,3,180,0,-1.3,0,-1,22.6,1.7,77.3,-0.8,-17.2,0,-17.5,0,0,0,0,0,,,,HOLD / SCENE
694,1389-1390,57.833,odysseus,h,-5,9.1,3,180,0,-1.3,0,-1.1,22.6,1.7,77.3,-0.9,-17.2,0,-17.5,0,0,0,0,0,,,,HOLD / SCENE
695,1391-1392,57.917,odysseus,h,-5,9.1,3,180,0,-1.3,0,-1.2,22.6,1.7,77.3,-1,-17.2,0,-17.5,0,0,0,0,0,,,,HOLD / SCENE
696,1393-1394,58,odysseus,h,-5,9.1,3,180,0,-1.3,0,-1.2,22.6,1.7,77.3,-1,-17.2,0,-17.5,0,0,0,0,0,,,,HOLD / SCENE
697,1395-1396,58.083,odysseus,h,-5,9.1,3,180,0,-1.3,0,-1.3,22.6,1.7,77.3,-1.1,-17.2,0,-17.5,0,0,0,0,0,,,,HOLD / SCENE
698,1397-1398,58.167,odysseus,h,-5,9.1,3,180,0,-1.3,0,-1.4,22.6,1.7,77.3,-1.2,-17.2,0,-17.5,0,0,0,0,0,,,,HOLD / SCENE
699,1399-1400,58.25,odysseus,h,-5,9.1,3,180,0,-1,0,-1.5,22.6,1.3,77.3,-1.2,-17.2,0,-17.5,0,0,0,0,0,,,,LOOK / HOLD / SCENE
700,1401-1402,58.333,odysseus,A,-5,9.1,3,180,0,-0.2,0,-1.6,22.6,0.2,78.3,1.6,-17.2,0,-17.5,0,0,0,0,0,,,,LOOK / HOLD / SCENE
701,1403-1404,58.417,odysseus,A,-5,9.1,3,180,0,0.7,-0.1,-1.6,22.6,-1.1,79,0.8,-17.2,0,-17.5,0,0,0,0,0,,,,LOOK / HOLD / SCENE
702,1405-1406,58.5,odysseus,A,-5,9.1,3,180,0,1.4,-0.1,-1.7,22.6,-2.1,79.7,0.1,-17.2,0,-17.5,0,0,0,0,0,,,,LOOK / HOLD / SCENE
703,1407-1408,58.583,odysseus,h,-5,9.1,3,180,0,1.7,-0.1,-1.7,22.6,-2.6,80.2,-0.5,-17.2,0,-17.5,0,0,0,0,0,,,,LOOK / HOLD / SCENE
704,1409-1410,58.667,odysseus,h,-5,9.1,3,180,0,1.7,0,-1.7,22.6,-2.5,80.7,-0.9,-17.2,0,-17.5,0,0,0,0,0,,,,LOOK / HOLD / SCENE
705,1411-1412,58.75,odysseus,h,-5,9.1,3,180,0,1.7,0,-1.7,22.6,-2.5,81,-1.2,-17.2,0,-17.5,0,0,0,0,0,,,,LOOK / HOLD / SCENE
706,1413-1414,58.833,odysseus,h,-5,9.1,3,180,0,1.6,0,-1.7,22.6,-2.4,81.2,-1.4,-17.2,0,-17.5,0,0,0,0,0,,,,LOOK / HOLD / SCENE
707,1415-1416,58.917,odysseus,h,-5,9.1,3,180,0,1.6,0,-1.7,22.6,-2.4,81.2,-1.4,-17.2,0,-17.5,0,0,0,0,0,,,,LOOK / HOLD / SCENE
708,1417-1418,59,odysseus,h,-5,9.1,3,180,0,1.6,0,-1.6,22.6,-2.4,80.2,-1.3,-17.2,0,-17.5,0,0,0,0,0,,,,LOOK / HOLD / SCENE
709,1419-1420,59.083,odysseus,h,-5,9.1,3,180,0,1.6,0,-1.5,22.6,-2.3,78.4,-1.3,-17.2,0,-17.5,0,0,0,0,0,,,,LOOK / HOLD / SCENE
710,1421-1422,59.167,odysseus,h,-5,9.1,3,180,0,1.6,0,-1.5,22.6,-2.3,77.3,-1.2,-17.2,0,-17.5,0,0,0,0,0,,,,LOOK / HOLD / SCENE
711,1423-1424,59.25,odysseus,h,-5,9.1,3,180,0,1.5,0,-1.3,22.6,-2.2,77.3,-1.1,-17.2,0,-17.5,0,0,0,0,0,,,,WEIGHT SHIFT / HOLD / SCENE
712,1425-1426,59.333,odysseus,h,-5,9.1,3,180,0,1.5,0,-1.2,22.6,-2.2,77.3,-1,-17.2,0,-17.5,0,0,0,0,0,,,,WEIGHT SHIFT / HOLD / SCENE
713,1427-1428,59.417,odysseus,h,-5,9.1,3,180,0,1.5,0,-1.1,22.6,-2.1,77.3,-0.9,-17.2,0,-17.5,0,0,0,0,0,,,,WEIGHT SHIFT / HOLD / SCENE
714,1429-1430,59.5,odysseus,h,-5,9.1,3,180,0,1.5,0,-1,22.6,-2.1,77.3,-0.8,-17.2,0,-17.5,0,0,0,0,0,,,,WEIGHT SHIFT / HOLD / SCENE
715,1431-1432,59.583,odysseus,h,-5,9.1,3,180,0,1.4,0,-0.9,22.6,-2,77.3,-0.7,-17.2,0,-17.5,0,0,0,0,0,,,,WEIGHT SHIFT / HOLD / SCENE
716,1433-1434,59.667,odysseus,h,-5,9.1,3,180,0,1.4,0,-0.7,22.6,-2,77.3,-0.6,-17.2,0,-17.5,0,0,0,0,0,,,,WEIGHT SHIFT / HOLD / SCENE
717,1435-1436,59.75,odysseus,h,-5,9.1,3,180,0,1.4,0,-0.6,22.6,-1.9,77.3,-0.5,-17.2,0,-17.5,0,0,0,0,0,,,,WEIGHT SHIFT / HOLD / SCENE
718,1437-1438,59.833,odysseus,h,-5,9.1,3,180,0,1.4,0,-0.5,22.6,-1.9,77.3,-0.4,-17.2,0,-17.5,0,0,0,0,0,,,,WEIGHT SHIFT / HOLD / SCENE
719,1439-1440,59.917,odysseus,h,-5,9.1,3,180,0,1.3,0,-0.4,22.6,-1.9,77.3,-0.3,-17.2,0,-17.5,0,0,0,0,0,,,,WEIGHT SHIFT / HOLD / SCENE
720,1441-1442,60,odysseus,h,-5,9.1,3,180,0,1.3,0,-0.3,22.6,-1.8,77.3,-0.2,-17.2,0,-17.5,0,0,0,0,0,,,,WEIGHT SHIFT / HOLD / SCENE
721,1443-1444,60.083,odysseus,h,-5,9.1,3,180,0,1.3,0,-0.2,22.6,-1.8,77.3,-0.1,-17.2,0,-17.5,0,0,0,0,0,,,,WEIGHT SHIFT / HOLD / SCENE
722,1445-1446,60.167,odysseus,h,-5,9.1,3,180,0,1.3,0,-0.1,22.6,-1.7,77.3,-0.1,-17.2,0,-17.5,0,0,0,0,0,,,,WEIGHT SHIFT / HOLD / SCENE
723,1447-1448,60.25,odysseus,h,-5,9.1,3,180,0,1.3,0,0,22.6,-1.7,77.3,0,-17.2,0,-17.5,0,0,0,0,0,,,,HOLD / SCENE
724,1449-1450,60.333,odysseus,h,-5,9.1,3,180,0,1.3,0,0,22.6,-1.7,77.3,0,-17.2,0,-17.5,0,0,0,0,0,,,,HOLD / SCENE
725,1451-1452,60.417,odysseus,h,-5,9.1,3,180,0,1.3,0,0,22.6,-1.7,77.3,0,-17.2,0,-17.5,0,0,0,0,0,,,,HOLD / SCENE
726,1453-1454,60.5,odysseus,h,-5,9.1,3,180,0,1.3,0,0,22.6,-1.7,77.3,0,-17.2,0,-17.5,0,0,0,0,0,,,,HOLD / SCENE
727,1455-1456,60.583,odysseus,h,-5,9.1,3,180,0,1.3,0,0,22.6,-1.7,77.3,0,-17.2,0,-17.5,0,0,0,0,0,,,,HOLD / SCENE
728,1457-1458,60.667,odysseus,h,-5,9.1,3,180,0,1.3,0,-0.1,22.6,-1.7,77.3,-0.1,-17.2,0,-17.5,0,0,0,0,0,,,,HOLD / SCENE
729,1459-1460,60.75,odysseus,A,-5,9.1,3,180,0,1.3,0,-0.1,22.6,-1.7,78.3,2.8,-17.2,0,-17.5,0,0,0,0,0,,,,LOOK / HOLD / SCENE
730,1461-1462,60.833,odysseus,h,-5,9.1,3,180,0,1.3,0,-0.2,22.6,-1.7,79,2,-17.2,0,-17.5,0,0,0,0,0,,,,LOOK / HOLD / SCENE
731,1463-1464,60.917,odysseus,h,-5,9.1,3,180,0,1.3,0,-0.2,22.6,-1.7,79.7,1.3,-17.2,0,-17.5,0,0,0,0,0,,,,LOOK / HOLD / SCENE
732,1465-1466,61,odysseus,h,-5,9.1,3,180,0,1.3,0,-0.3,22.6,-1.7,80.2,0.7,-17.2,0,-17.5,0,0,0,0,0,,,,LOOK / HOLD / SCENE
733,1467-1468,61.083,odysseus,h,-5,9.1,3,180,0,1.3,0,-0.4,22.6,-1.7,80.7,0.2,-17.2,0,-17.5,0,0,0,0,0,,,,LOOK / HOLD / SCENE
734,1469-1470,61.167,odysseus,h,-5,9.1,3,180,0,1.3,0,-0.5,22.6,-1.7,81,-0.2,-17.2,0,-17.5,0,0,0,0,0,,,,LOOK / HOLD / SCENE
735,1471-1472,61.25,odysseus,h,-5,9.1,3,180,0,1.3,0,-0.6,22.6,-1.7,81.2,-0.4,-17.2,0,-17.5,0,0,0,0,0,,,,LOOK / HOLD / SCENE
736,1473-1474,61.333,odysseus,h,-5,9.1,3,180,0,1.3,0,-0.7,22.6,-1.7,81.2,-0.6,-17.2,0,-17.5,0,0,0,0,0,,,,LOOK / HOLD / SCENE
737,1475-1476,61.417,odysseus,h,-5,9.1,3,180,0,1.3,0,-0.8,22.6,-1.7,80.2,-0.6,-17.2,0,-17.5,0,0,0,0,0,,,,LOOK / HOLD / SCENE
738,1477-1478,61.5,odysseus,h,-5,9.1,3,180,0,1.3,0,-0.9,22.6,-1.7,78.4,-0.7,-17.2,0,-17.5,0,0,0,0,0,,,,LOOK / HOLD / SCENE
739,1479-1480,61.583,odysseus,h,-5,9.1,3,180,0,1.3,0,-1,22.6,-1.7,77.3,-0.8,-17.2,0,-17.5,0,0,0,0,0,,,,WEIGHT SHIFT / HOLD / SCENE
740,1481-1482,61.667,odysseus,h,-5,9.1,3,180,0,1,0,-1.1,22.6,-1.3,77.3,-0.9,-17.2,0,-17.5,0,0,0,0,0,,,,WEIGHT SHIFT / HOLD / SCENE
741,1483-1484,61.75,odysseus,A,-5,9.1,3,180,0,0.2,0,-1.2,22.6,-0.2,77.3,-1,-17.2,0,-17.5,0,0,0,0,0,,,,WEIGHT SHIFT / HOLD / SCENE
742,1485-1486,61.833,odysseus,A,-5,9.1,3,180,0,-0.7,-0.1,-1.2,22.6,1.1,77.3,-1,-17.2,0,-17.5,0,0,0,0,0,,,,WEIGHT SHIFT / HOLD / SCENE
743,1487-1488,61.917,odysseus,A,-5,9.1,3,180,0,-1.4,-0.1,-1.3,22.6,2.1,77.3,-1.1,-17.2,0,-17.5,0,0,0,0,0,,,,WEIGHT SHIFT / HOLD / SCENE
744,1489-1490,62,odysseus,h,-5,9.1,3,180,0,-1.7,-0.1,-1.4,22.6,2.6,77.3,-1.2,-17.2,0,-17.5,0,0,0,0,0,,,,WEIGHT SHIFT / HOLD / SCENE
745,1491-1492,62.083,odysseus,h,-5,9.1,3,180,0,-1.7,0,-1.5,22.6,2.5,77.3,-1.2,-17.2,0,-17.5,0,0,0,0,0,,,,WEIGHT SHIFT / HOLD / SCENE
746,1493-1494,62.167,odysseus,h,-5,9.1,3,180,0,-1.7,0,-1.6,22.6,2.5,77.3,-1.3,-17.2,0,-17.5,0,0,0,0,0,,,,WEIGHT SHIFT / HOLD / SCENE
747,1495-1496,62.25,odysseus,h,-5,9.1,3,180,0,-1.6,0,-1.6,22.6,2.4,77.3,-1.3,-17.2,0,-17.5,0,0,0,0,0,,,,WEIGHT SHIFT / HOLD / SCENE
748,1497-1498,62.333,odysseus,h,-5,9.1,3,180,0,-1.6,0,-1.7,22.6,2.4,77.3,-1.4,-17.2,0,-17.5,0,0,0,0,0,,,,WEIGHT SHIFT / HOLD / SCENE
749,1499-1500,62.417,odysseus,h,-5,9.1,3,180,0,-1.6,0,-1.7,22.6,2.4,77.3,-1.4,-17.2,0,-17.5,0,0,0,0,0,,,,WEIGHT SHIFT / HOLD / SCENE
750,1501-1502,62.5,odysseus,h,-5,9.1,3,180,0,-1.6,0,-1.7,22.6,2.3,77.3,-1.4,-17.2,0,-17.5,0,0,0,0,0,,,,WEIGHT SHIFT / HOLD / SCENE
751,1503-1504,62.583,odysseus,h,-5,9.1,3,180,0,-1.6,0,-1.7,22.6,2.3,77.3,-1.4,-17.2,0,-17.5,0,0,0,0,0,,,,WEIGHT SHIFT / HOLD / SCENE
752,1505-1506,62.667,odysseus,h,-5,9.1,3,180,0,-1.5,0,-1.7,22.6,2.2,77.3,-1.4,-17.2,0,-17.5,0,0,0,0,0,,,,WEIGHT SHIFT / HOLD / SCENE
753,1507-1508,62.75,odysseus,h,-5,9.1,3,180,0,-1.5,0,-1.7,22.6,2.2,77.3,-1.4,-17.2,0,-17.5,0,0,0,0,0,,,,WEIGHT SHIFT / HOLD / SCENE
754,1509-1510,62.833,odysseus,h,-5,9.1,3,180,0,-1.5,0,-1.6,22.6,2.1,77.3,-1.3,-17.2,0,-17.5,0,0,0,0,0,,,,WEIGHT SHIFT / HOLD / SCENE
755,1511-1512,62.917,odysseus,h,-5,9.1,3,180,0,-1.5,0,-1.5,22.6,2.1,77.3,-1.3,-17.2,0,-17.5,0,0,0,0,0,,,,WEIGHT SHIFT / HOLD / SCENE
756,1513-1514,63,odysseus,h,-5,9.1,3,180,0,-1.4,0,-1.5,22.6,2,77.3,-1.2,-17.2,0,-17.5,0,0,0,0,0,,,,WEIGHT SHIFT / HOLD / SCENE
757,1515-1516,63.083,odysseus,h,-5,9.1,3,180,0,-1.4,0,-1.3,22.6,2,77.3,-1.1,-17.2,0,-17.5,0,0,0,0,0,,,,WEIGHT SHIFT / HOLD / SCENE
758,1517-1518,63.167,odysseus,h,-5,9.1,3,180,0,-1.4,0,-1.2,22.6,1.9,77.3,-1,-17.2,0,-17.5,0,0,0,0,0,,,,WEIGHT SHIFT / HOLD / SCENE
759,1519-1520,63.25,odysseus,h,-5,9.1,3,180,0,-1.4,0,-1.1,22.6,1.9,77.3,-0.9,-17.2,0,-17.5,0,0,0,0,0,,,,WEIGHT SHIFT / HOLD / SCENE
760,1521-1522,63.333,odysseus,h,-5,9.1,3,180,0,-1.3,0,-1,22.6,1.9,77.3,-0.8,-17.2,0,-17.5,0,0,0,0,0,,,,WEIGHT SHIFT / HOLD / SCENE
761,1523-1524,63.417,odysseus,h,-5,9.1,3,180,0,-1.3,0,-0.9,22.6,1.8,77.3,-0.7,-17.2,0,-17.5,0,0,0,0,0,,,,WEIGHT SHIFT / HOLD / SCENE
762,1525-1526,63.5,odysseus,h,-5,9.1,3,180,0,-1.3,0,-0.7,22.6,1.8,77.3,-0.6,-17.2,0,-17.5,0,0,0,0,0,,,,WEIGHT SHIFT / HOLD / SCENE
763,1527-1528,63.583,odysseus,h,-5,9.1,3,180,0,-1.3,0,-0.6,22.6,1.7,77.3,-0.5,-17.2,0,-17.5,0,0,0,0,0,,,,HOLD / SCENE
764,1529-1530,63.667,odysseus,h,-5,9.1,3,180,0,-1.3,0,-0.5,22.6,1.7,77.3,-0.4,-17.2,0,-17.5,0,0,0,0,0,,,,HOLD / SCENE
765,1531-1532,63.75,odysseus,h,-5,9.1,3,180,0,-1.3,0,-0.4,22.6,1.7,77.3,-0.3,-17.2,0,-17.5,0,0,0,0,0,,,,HOLD / SCENE
766,1533-1534,63.833,odysseus,h,-5,9.1,3,180,0,-1.3,0,-0.3,22.6,1.7,77.3,-0.2,-17.2,0,-17.5,0,0,0,0,0,,,,LOOK / HOLD / SCENE
767,1535-1536,63.917,odysseus,A,-5,9.1,3,180,0,-1.3,0,-0.2,22.6,1.7,78.3,2.7,-17.2,0,-17.5,0,0,0,0,0,,,,LOOK / HOLD / SCENE
768,1537-1538,64,odysseus,h,-5,9.1,3,180,0,-1.3,0,-0.1,22.6,1.7,79,2,-17.2,0,-17.5,0,0,0,0,0,,,,LOOK / HOLD / SCENE
769,1539-1540,64.083,odysseus,h,-5,9.1,3,180,0,-1.3,0,0,22.6,1.7,79.7,1.4,-17.2,0,-17.5,0,0,0,0,0,,,,LOOK / HOLD / SCENE
770,1541-1542,64.167,odysseus,h,-5,9.1,3,180,0,-1.3,0,0,22.6,1.7,80.2,0.9,-17.2,0,-17.5,0,0,0,0,0,,,,LOOK / HOLD / SCENE
771,1543-1544,64.25,odysseus,h,-5,9.1,3,180,0,-1.3,0,0,22.6,1.7,80.7,0.5,-17.2,0,-17.5,0,0,0,0,0,,,,LOOK / HOLD / SCENE
772,1545-1546,64.333,odysseus,h,-5,9.1,3,180,0,-1.3,0,0,22.6,1.7,81,0.2,-17.2,0,-17.5,0,0,0,0,0,,,,LOOK / HOLD / SCENE
773,1547-1548,64.417,odysseus,h,-5,9.1,3,180,0,-1.3,0,0,22.6,1.7,81.2,0,-17.2,0,-17.5,0,0,0,0,0,,,,LOOK / HOLD / SCENE
774,1549-1550,64.5,odysseus,h,-5,9.1,3,180,0,-1.3,0,-0.1,22.6,1.7,81.2,-0.1,-17.2,0,-17.5,0,0,0,0,0,,,,LOOK / HOLD / SCENE
775,1551-1552,64.583,odysseus,h,-5,9.1,3,180,0,-1.3,0,-0.1,22.6,1.7,80.2,-0.1,-17.2,0,-17.5,0,0,0,0,0,,,,LOOK / HOLD / SCENE
776,1553-1554,64.667,odysseus,h,-5,9.1,3,180,0,-1.3,0,-0.2,22.6,1.7,78.4,-0.1,-17.2,0,-17.5,0,0,0,0,0,,,,LOOK / HOLD / SCENE
777,1555-1556,64.75,odysseus,h,-5,9.1,3,180,0,-1.3,0,-0.2,22.6,1.7,77.3,-0.2,-17.2,0,-17.5,0,0,0,0,0,,,,LOOK / HOLD / SCENE
778,1557-1558,64.833,odysseus,h,-5,9.1,3,180,0,-1.3,0,-0.3,22.6,1.7,77.3,-0.3,-17.2,0,-17.5,0,0,0,0,0,,,,HOLD / SCENE
779,1559-1560,64.917,odysseus,h,-5,9.1,3,180,0,-1.3,0,-0.4,22.6,1.7,77.3,-0.3,-17.2,0,-17.5,0,0,0,0,0,,,,HOLD / SCENE
780,1561-1562,65,odysseus,h,-5,9.1,3,180,0,-1.3,0,-0.5,22.6,1.7,77.3,-0.4,-17.2,0,-17.5,0,0,0,0,0,,,,HOLD / SCENE
781,1563-1564,65.083,odysseus,h,-5,9.1,3,180,0,-1.3,0,-0.6,22.6,1.7,77.3,-0.5,-17.2,0,-17.5,0,0,0,0,0,,,,HOLD / SCENE
782,1565-1566,65.167,odysseus,h,-5,9.1,3,180,0,-1.3,0,-0.7,22.6,1.7,77.3,-0.6,-17.2,0,-17.5,0,0,0,0,0,,,,HOLD / SCENE
783,1567-1568,65.25,odysseus,h,-5,9.1,3,180,0,-1.3,0,-0.8,22.6,1.7,77.3,-0.6,-17.2,0,-17.5,0,0,0,0,0,,,,HOLD / SCENE
784,1569-1570,65.333,odysseus,h,-5,9.1,3,180,0,-1.3,0,-0.9,22.6,1.7,77.3,-0.7,-17.2,0,-17.5,0,0,0,0,0,,,,HOLD / SCENE
785,1571-1572,65.417,odysseus,h,-5,9.1,3,180,0,-1.3,0,-1,22.6,1.7,77.3,-0.8,-17.2,0,-17.5,0,0,0,0,0,,,,HOLD / SCENE
786,1573-1574,65.5,odysseus,h,-5,9.1,3,180,0,-1.3,0,-1.1,22.6,1.7,77.3,-0.9,-17.2,0,-17.5,0,0,0,0,0,,,,HOLD / SCENE
787,1575-1576,65.583,odysseus,h,-5,9.1,3,180,0,-1.3,0,-1.2,22.6,1.7,77.3,-1,-17.2,0,-17.5,0,0,0,0,0,,,,HOLD / SCENE
788,1577-1578,65.667,odysseus,h,-5,9.1,3,180,0,-1.3,0,-1.2,22.6,1.7,77.3,-1,-17.2,0,-17.5,0,0,0,0,0,,,,HOLD / SCENE
789,1579-1580,65.75,odysseus,h,-5,9.1,3,180,0,-1.3,0,-1.3,22.6,1.7,77.3,-1.1,-17.2,0,-17.5,0,0,0,0,0,,,,HOLD / SCENE
790,1581-1582,65.833,odysseus,h,-5,9.1,3,180,0,-1.3,0,-1.4,22.6,1.7,77.3,-1.2,-17.2,0,-17.5,0,0,0,0,0,,,,HOLD / SCENE
791,1583-1584,65.917,odysseus,h,-5,9.1,3,180,0,-1.3,0,-1.5,22.6,1.7,77.3,-1.2,-17.2,0,-17.5,0,0,0,0,0,,,,HOLD / SCENE
792,1585-1586,66,odysseus,h,-5,9.1,3,180,0,-1,0,-1.6,22.6,1.4,77.3,-1.3,-17.2,0,-17.5,0,0,0,0,0,,,,WEIGHT SHIFT / HOLD / SCENE
793,1587-1588,66.083,odysseus,h,-5,9.1,3,180,0,-0.5,0,-1.6,22.6,0.6,77.3,-1.3,-17.2,0,-17.5,0,0,0,0,0,,,,WEIGHT SHIFT / HOLD / SCENE
794,1589-1590,66.167,odysseus,A,-5,9.1,3,180,0,0.2,0,-1.7,22.6,-0.4,77.3,-1.4,-17.2,0,-17.5,0,0,0,0,0,,,,WEIGHT SHIFT / HOLD / SCENE
795,1591-1592,66.25,odysseus,A,-5,9.1,3,180,0,0.9,-0.1,-1.7,22.6,-1.5,77.3,-1.4,-17.2,0,-17.5,0,0,0,0,0,,,,WEIGHT SHIFT / HOLD / SCENE
796,1593-1594,66.333,odysseus,h,-5,9.1,3,180,0,1.5,-0.1,-1.7,22.6,-2.3,77.3,-1.4,-17.2,0,-17.5,0,0,0,0,0,,,,WEIGHT SHIFT / HOLD / SCENE
797,1595-1596,66.417,odysseus,h,-5,9.1,3,180,0,1.7,-0.1,-1.7,22.6,-2.6,77.3,-1.4,-17.2,0,-17.5,0,0,0,0,0,,,,WEIGHT SHIFT / HOLD / SCENE
798,1597-1598,66.5,odysseus,h,-5,9.1,3,180,0,1.7,0,-1.7,22.6,-2.5,77.3,-1.4,-17.2,0,-17.5,0,0,0,0,0,,,,WEIGHT SHIFT / HOLD / SCENE
799,1599-1600,66.583,odysseus,h,-5,9.1,3,180,0,1.7,0,-1.7,22.6,-2.5,77.3,-1.4,-17.2,0,-17.5,0,0,0,0,0,,,,WEIGHT SHIFT / HOLD / SCENE
800,1601-1602,66.667,odysseus,h,-5,9.1,3,180,0,1.6,0,-1.6,22.6,-2.4,77.3,-1.3,-17.2,0,-17.5,0,0,0,0,0,,,,WEIGHT SHIFT / HOLD / SCENE
801,1603-1604,66.75,odysseus,h,-5,9.1,3,180,0,1.6,0,-1.5,22.6,-2.4,77.3,-1.3,-17.2,0,-17.5,0,0,0,0,0,,,,WEIGHT SHIFT / HOLD / SCENE
802,1605-1606,66.833,odysseus,h,-5,9.1,3,180,0,1.6,0,-1.5,22.6,-2.3,77.3,-1.2,-17.2,0,-17.5,0,0,0,0,0,,,,LOOK / HOLD / SCENE
803,1607-1608,66.917,odysseus,A,-5,9.1,3,180,0,1.6,0,-1.3,22.6,-2.3,78.3,1.7,-17.2,0,-17.5,0,0,0,0,0,,,,LOOK / HOLD / SCENE
804,1609-1610,67,odysseus,h,-5,9.1,3,180,0,1.5,0,-1.2,22.6,-2.2,79,1.1,-17.2,0,-17.5,0,0,0,0,0,,,,LOOK / HOLD / SCENE
805,1611-1612,67.083,odysseus,h,-5,9.1,3,180,0,1.5,0,-1.1,22.6,-2.2,79.7,0.5,-17.2,0,-17.5,0,0,0,0,0,,,,LOOK / HOLD / SCENE
806,1613-1614,67.167,odysseus,h,-5,9.1,3,180,0,1.5,0,-1,22.6,-2.1,80.2,0.1,-17.2,0,-17.5,0,0,0,0,0,,,,LOOK / HOLD / SCENE
807,1615-1616,67.25,odysseus,h,-5,9.1,3,180,0,1.5,0,-0.9,22.6,-2.1,80.7,-0.2,-17.2,0,-17.5,0,0,0,0,0,,,,LOOK / HOLD / SCENE
808,1617-1618,67.333,odysseus,h,-5,9.1,3,180,0,1.4,0,-0.7,22.6,-2.1,81,-0.4,-17.2,0,-17.5,0,0,0,0,0,,,,LOOK / HOLD / SCENE
809,1619-1620,67.417,odysseus,h,-5,9.1,3,180,0,1.4,0,-0.6,22.6,-2,81.2,-0.4,-17.2,0,-17.5,0,0,0,0,0,,,,LOOK / HOLD / SCENE
810,1621-1622,67.5,odysseus,h,-5,9.1,3,180,0,1.4,0,-0.5,22.6,-2,81.2,-0.4,-17.2,0,-17.5,0,0,0,0,0,,,,LOOK / HOLD / SCENE
811,1623-1624,67.583,odysseus,h,-5,9.1,3,180,0,1.4,0,-0.4,22.6,-1.9,80.2,-0.3,-17.2,0,-17.5,0,0,0,0,0,,,,LOOK / HOLD / SCENE
812,1625-1626,67.667,odysseus,h,-5,9.1,3,180,0,1.3,0,-0.3,22.6,-1.9,78.4,-0.2,-17.2,0,-17.5,0,0,0,0,0,,,,LOOK / HOLD / SCENE
813,1627-1628,67.75,odysseus,h,-5,9.1,3,180,0,1.3,0,-0.2,22.6,-1.8,77.3,-0.1,-17.2,0,-17.5,0,0,0,0,0,,,,LOOK / HOLD / SCENE
814,1629-1630,67.833,odysseus,h,-5,9.1,3,180,0,1.3,0,-0.1,22.6,-1.8,77.3,-0.1,-17.2,0,-17.5,0,0,0,0,0,,,,WEIGHT SHIFT / HOLD / SCENE
815,1631-1632,67.917,odysseus,h,-5,9.1,3,180,0,1.3,0,0,22.6,-1.7,77.3,0,-17.2,0,-17.5,0,0,0,0,0,,,,WEIGHT SHIFT / HOLD / SCENE
816,1633-1634,68,odysseus,h,-5,9.1,3,180,0,1.3,0,0,22.6,-1.7,77.3,0,-17.2,0,-17.5,0,0,0,0,0,,,,HOLD / SCENE
817,1635-1636,68.083,odysseus,h,-5,9.1,3,180,0,1.3,0,0,22.6,-1.7,77.3,0,-17.2,0,-17.5,0,0,0,0,0,,,,HOLD / SCENE
818,1637-1638,68.167,odysseus,h,-5,9.1,3,180,0,1.3,0,0,22.6,-1.7,77.3,0,-17.2,0,-17.5,0,0,0,0,0,,,,HOLD / SCENE
819,1639-1640,68.25,odysseus,h,-5,9.1,3,180,0,1.3,0,0,22.6,-1.7,77.3,0,-17.2,0,-17.5,0,0,0,0,0,,,,HOLD / SCENE
820,1641-1642,68.333,odysseus,h,-5,9.1,3,180,0,1.3,0,-0.1,22.6,-1.7,77.3,-0.1,-17.2,0,-17.5,0,0,0,0,0,,,,HOLD / SCENE
821,1643-1644,68.417,odysseus,h,-5,9.1,3,180,0,1.3,0,-0.1,22.6,-1.7,77.3,-0.1,-17.2,0,-17.5,0,0,0,0,0,,,,HOLD / SCENE
822,1645-1646,68.5,odysseus,h,-5,9.1,3,180,0,1.3,0,-0.2,22.6,-1.7,77.3,-0.1,-17.2,0,-17.5,0,0,0,0,0,,,,HOLD / SCENE
823,1647-1648,68.583,odysseus,h,-5,9.1,3,180,0,1.3,0,-0.2,22.6,-1.7,77.3,-0.2,-17.2,0,-17.5,0,0,0,0,0,,,,HOLD / SCENE
824,1649-1650,68.667,odysseus,h,-5,9.1,3,180,0,1.3,0,-0.3,22.6,-1.7,77.3,-0.3,-17.2,0,-17.5,0,0,0,0,0,,,,HOLD / SCENE
825,1651-1652,68.75,odysseus,h,-5,9.1,3,180,0,1.3,0,-0.4,22.6,-1.7,77.3,-0.3,-17.2,0,-17.5,0,0,0,0,0,,,,HOLD / SCENE
826,1653-1654,68.833,odysseus,h,-5,9.1,3,180,0,1.3,0,-0.5,22.6,-1.7,77.3,-0.4,-17.2,0,-17.5,0,0,0,0,0,,,,HOLD / SCENE
827,1655-1656,68.917,odysseus,h,-5,9.1,3,180,0,1.3,0,-0.6,22.6,-1.7,77.3,-0.5,-17.2,0,-17.5,0,0,0,0,0,,,,HOLD / SCENE
828,1657-1658,69,odysseus,h,-5,9.1,3,180,0,1.3,0,-0.7,22.6,-1.7,77.3,-0.6,-17.2,0,-17.5,0,0,0,0,0,,,,HOLD / SCENE
829,1659-1660,69.083,odysseus,h,-5,9.1,3,180,0,1.3,0,-0.8,22.6,-1.7,77.3,-0.6,-17.2,0,-17.5,0,0,0,0,0,,,,HOLD / SCENE
830,1661-1662,69.167,odysseus,h,-5,9.1,3,180,0,1.3,0,-0.9,22.6,-1.7,77.3,-0.7,-17.2,0,-17.5,0,0,0,0,0,,,,HOLD / SCENE
831,1663-1664,69.25,odysseus,h,-5,9.1,3,180,0,1.3,0,-1,22.6,-1.7,77.3,-0.8,-17.2,0,-17.5,0,0,0,0,0,,,,HOLD / SCENE
832,1665-1666,69.333,odysseus,h,-5,9.1,3,180,0,1.3,0,-1.1,22.6,-1.7,77.3,-0.9,-17.2,0,-17.5,0,0,0,0,0,,,,HOLD / SCENE
833,1667-1668,69.417,odysseus,h,-5,9.1,3,180,0,1.3,0,-1.2,22.6,-1.7,77.3,-1,-17.2,0,-17.5,0,0,0,0,0,,,,HOLD / SCENE
834,1669-1670,69.5,odysseus,A,-5,9.1,3,180,0,1.3,0,-1.2,22.6,-1.7,78.3,1.8,-17.2,0,-17.5,0,0,0,0,0,,,,LOOK / HOLD / SCENE
835,1671-1672,69.583,odysseus,h,-5,9.1,3,180,0,1.3,0,-1.3,22.6,-1.7,79,1,-17.2,0,-17.5,0,0,0,0,0,,,,LOOK / HOLD / SCENE
836,1673-1674,69.667,odysseus,h,-5,9.1,3,180,0,1.3,0,-1.4,22.6,-1.7,79.7,0.3,-17.2,0,-17.5,0,0,0,0,0,,,,LOOK / HOLD / SCENE
837,1675-1676,69.75,odysseus,h,-5,9.1,3,180,0,1.3,0,-1.5,22.6,-1.7,80.2,-0.3,-17.2,0,-17.5,0,0,0,0,0,,,,LOOK / HOLD / SCENE
838,1677-1678,69.833,odysseus,h,-5,9.1,3,180,0,1.3,0,-1.6,22.6,-1.7,80.7,-0.8,-17.2,0,-17.5,0,0,0,0,0,,,,LOOK / HOLD / SCENE
839,1679-1680,69.917,odysseus,h,-5,9.1,3,180,0,1.3,0,-1.6,22.6,-1.7,81,-1.1,-17.2,0,-17.5,0,0,0,0,0,,,,LOOK / HOLD / SCENE
840,1681-1682,70,odysseus,h,-5,9.1,3,180,0,1.3,0,-1.7,22.6,-1.7,81.2,-1.3,-17.2,0,-17.5,0,0,0,0,0,,,,LOOK / HOLD / SCENE
841,1683-1684,70.083,odysseus,h,-5,9.1,3,180,0,1.3,0,-1.7,22.6,-1.7,81.2,-1.4,-17.2,0,-17.5,0,0,0,0,0,,,,LOOK / HOLD / SCENE
842,1685-1686,70.167,odysseus,h,-5,9.1,3,180,0,1.3,0,-1.7,22.6,-1.7,80.2,-1.4,-17.2,0,-17.5,0,0,0,0,0,,,,LOOK / HOLD / SCENE
843,1687-1688,70.25,odysseus,h,-5,9.1,3,180,0,1.3,0,-1.7,22.6,-1.7,78.4,-1.4,-17.2,0,-17.5,0,0,0,0,0,,,,LOOK / HOLD / SCENE
844,1689-1690,70.333,odysseus,h,-5,9.1,3,180,0,1.3,0,-1.7,22.6,-1.7,77.3,-1.4,-17.2,0,-17.5,0,0,0,0,0,,,,HOLD / SCENE
845,1691-1692,70.417,odysseus,h,-5,9.1,3,180,0,1.3,0,-1.7,22.6,-1.7,77.3,-1.4,-17.2,0,-17.5,0,0,0,0,0,,,,HOLD / SCENE
846,1693-1694,70.5,odysseus,h,-5,9.1,3,180,0,1.3,0,-1.6,22.6,-1.7,77.3,-1.3,-17.2,0,-17.5,0,0,0,0,0,,,,HOLD / SCENE
847,1695-1696,70.583,odysseus,h,-5,9.1,3,180,0,1.3,0,-1.5,22.6,-1.7,77.3,-1.3,-17.2,0,-17.5,0,0,0,0,0,,,,HOLD / SCENE
848,1697-1698,70.667,odysseus,h,-5,9.1,3,180,0,1.3,0,-1.5,22.6,-1.7,77.3,-1.2,-17.2,0,-17.5,0,0,0,0,0,,,,HOLD / SCENE
849,1699-1700,70.75,odysseus,h,-5,9.1,3,180,0,1.3,0,-1.3,22.6,-1.7,77.3,-1.1,-17.2,0,-17.5,0,0,0,0,0,,,,WEIGHT SHIFT / HOLD / SCENE
850,1701-1702,70.833,odysseus,h,-5,9.1,3,180,0,1,0,-1.2,22.6,-1.3,77.3,-1,-17.2,0,-17.5,0,0,0,0,0,,,,WEIGHT SHIFT / HOLD / SCENE
851,1703-1704,70.917,odysseus,A,-5,9.1,3,180,0,0.2,0,-1.1,22.6,-0.2,77.3,-0.9,-17.2,0,-17.5,0,0,0,0,0,,,,WEIGHT SHIFT / HOLD / SCENE
852,1705-1706,71,odysseus,A,-5,9.1,3,180,0,-0.7,-0.1,-1,22.6,1.1,77.3,-0.8,-17.2,0,-17.5,0,0,0,0,0,,,,WEIGHT SHIFT / HOLD / SCENE
853,1707-1708,71.083,odysseus,A,-5,9.1,3,180,0,-1.4,-0.1,-0.9,22.6,2.1,77.3,-0.7,-17.2,0,-17.5,0,0,0,0,0,,,,WEIGHT SHIFT / HOLD / SCENE
854,1709-1710,71.167,odysseus,h,-5,9.1,3,180,0,-1.7,-0.1,-0.7,22.6,2.6,77.3,-0.6,-17.2,0,-17.5,0,0,0,0,0,,,,WEIGHT SHIFT / HOLD / SCENE
855,1711-1712,71.25,odysseus,h,-5,9.1,3,180,0,-1.7,0,-0.6,22.6,2.5,77.3,-0.5,-17.2,0,-17.5,0,0,0,0,0,,,,WEIGHT SHIFT / HOLD / SCENE
856,1713-1714,71.333,odysseus,h,-5,9.1,3,180,0,-1.7,0,-0.5,22.6,2.5,77.3,-0.4,-17.2,0,-17.5,0,0,0,0,0,,,,WEIGHT SHIFT / HOLD / SCENE
857,1715-1716,71.417,odysseus,h,-5,9.1,3,180,0,-1.6,0,-0.4,22.6,2.4,77.3,-0.3,-17.2,0,-17.5,0,0,0,0,0,,,,WEIGHT SHIFT / HOLD / SCENE
858,1717-1718,71.5,odysseus,h,-5,9.1,3,180,0,-1.6,0,-0.3,22.6,2.4,77.3,-0.2,-17.2,0,-17.5,0,0,0,0,0,,,,WEIGHT SHIFT / HOLD / SCENE
859,1719-1720,71.583,odysseus,h,-5,9.1,3,180,0,-1.6,0,-0.2,22.6,2.4,77.3,-0.1,-17.2,0,-17.5,0,0,0,0,0,,,,WEIGHT SHIFT / HOLD / SCENE
860,1721-1722,71.667,odysseus,h,-5,9.1,3,180,0,-1.6,0,-0.1,22.6,2.3,77.3,-0.1,-17.2,0,-17.5,0,0,0,0,0,,,,WEIGHT SHIFT / HOLD / SCENE
861,1723-1724,71.75,odysseus,h,-5,9.1,3,180,0,-1.6,0,0,22.6,2.3,77.3,0,-17.2,0,-17.5,0,0,0,0,0,,,,WEIGHT SHIFT / HOLD / SCENE
862,1725-1726,71.833,odysseus,h,-5,9.1,3,180,0,-1.5,0,0,22.6,2.2,77.3,0,-17.2,0,-17.5,0,0,0,0,0,,,,WEIGHT SHIFT / HOLD / SCENE
863,1727-1728,71.917,odysseus,h,-5,9.1,3,180,0,-1.5,0,0,22.6,2.2,77.3,0,-17.2,0,-17.5,0,0,0,0,0,,,,WEIGHT SHIFT / HOLD / SCENE
864,1729-1730,72,odysseus,h,-5,9.1,3,180,0,-1.5,0,0,22.6,2.1,77.3,0,-17.2,0,-17.5,0,0,0,0,0,,,,WEIGHT SHIFT / HOLD / SCENE
865,1731-1732,72.083,odysseus,h,-5,9.1,3,180,0,-1.5,0,0,22.6,2.1,77.3,0,-17.2,0,-17.5,0,0,0,0,0,,,,LOOK / HOLD / SCENE
866,1733-1734,72.167,odysseus,A,-5,9.1,3,180,0,-1.4,0,-0.1,22.6,2,78.2,2.8,-17.2,0,-17.5,0,0,0,0,0,,,,LOOK / HOLD / SCENE
867,1735-1736,72.25,odysseus,h,-5,9.1,3,180,0,-1.4,0,-0.1,22.6,2,78.9,2.1,-17.2,0,-17.5,0,0,0,0,0,,,,LOOK / HOLD / SCENE
868,1737-1738,72.333,odysseus,h,-5,9.1,3,180,0,-1.4,0,-0.2,22.6,1.9,79.5,1.5,-17.2,0,-17.5,0,0,0,0,0,,,,LOOK / HOLD / SCENE
869,1739-1740,72.417,odysseus,h,-5,9.1,3,180,0,-1.4,0,-0.2,22.6,1.9,80,0.9,-17.2,0,-17.5,0,0,0,0,0,,,,LOOK / HOLD / SCENE
870,1741-1742,72.5,odysseus,h,-5,9.1,3,180,0,-1.3,0,-0.3,22.6,1.9,80.5,0.5,-17.2,0,-17.5,0,0,0,0,0,,,,LOOK / HOLD / SCENE
871,1743-1744,72.583,odysseus,h,-5,9.1,3,180,0,-1.3,0,-0.4,22.6,1.8,80.8,0.1,-17.2,0,-17.5,0,0,0,0,0,,,,LOOK / HOLD / SCENE
872,1745-1746,72.667,odysseus,h,-5,9.1,3,180,0,-1.3,0,-0.5,22.6,1.8,81,-0.2,-17.2,0,-17.5,0,0,0,0,0,,,,LOOK / HOLD / SCENE
873,1747-1748,72.75,odysseus,h,-5,9.1,3,180,0,-1.3,0,-0.6,22.6,1.7,81.2,-0.4,-17.2,0,-17.5,0,0,0,0,0,,,,LOOK / HOLD / SCENE
874,1749-1750,72.833,odysseus,h,-5,9.1,3,180,0,-1.3,0,-0.7,22.6,1.7,81.2,-0.6,-17.2,0,-17.5,0,0,0,0,0,,,,LOOK / HOLD / SCENE
875,1751-1752,72.917,odysseus,h,-5,9.1,3,180,0,-1.3,0,-0.8,22.6,1.7,80.2,-0.6,-17.2,0,-17.5,0,0,0,0,0,,,,LOOK / HOLD / SCENE
876,1753-1754,73,odysseus,h,-5,9.1,3,180,0,-1.3,0,-0.9,22.6,1.7,78.4,-0.7,-17.2,0,-17.5,0,0,0,0,0,,,,LOOK / HOLD / SCENE
877,1755-1756,73.083,odysseus,h,-5,9.1,3,180,0,-1.3,0,-1,22.6,1.7,77.3,-0.8,-17.2,0,-17.5,0,0,0,0,0,,,,HOLD / SCENE
878,1757-1758,73.167,odysseus,h,-5,9.1,3,180,0,-1.3,0,-1.1,22.6,1.7,77.3,-0.9,-17.2,0,-17.5,0,0,0,0,0,,,,HOLD / SCENE
879,1759-1760,73.25,odysseus,h,-5,9.1,3,180,0,-1.3,0,-1.2,22.6,1.7,77.3,-1,-17.2,0,-17.5,0,0,0,0,0,,,,HOLD / SCENE
880,1761-1762,73.333,odysseus,h,-5,9.1,3,180,0,-1.3,0,-1.2,22.6,1.7,77.3,-1,-17.2,0,-17.5,0,0,0,0,0,,,,HOLD / SCENE
881,1763-1764,73.417,odysseus,h,-5,9.1,3,180,0,-1.3,0,-1.3,22.6,1.7,77.3,-1.1,-17.2,0,-17.5,0,0,0,0,0,,,,HOLD / SCENE
882,1765-1766,73.5,odysseus,h,-5,9.1,3,180,0,-1.3,0,-1.4,22.6,1.7,77.3,-1.2,-17.2,0,-17.5,0,0,0,0,0,,,,WEIGHT SHIFT / HOLD / SCENE
883,1767-1768,73.583,odysseus,h,-5,9.1,3,180,0,-1,0,-1.5,22.6,1.4,77.3,-1.2,-17.2,0,-17.5,0,0,0,0,0,,,,WEIGHT SHIFT / HOLD / SCENE
884,1769-1770,73.667,odysseus,h,-5,9.1,3,180,0,-0.5,0,-1.6,22.6,0.6,77.3,-1.3,-17.2,0,-17.5,0,0,0,0,0,,,,WEIGHT SHIFT / HOLD / SCENE
885,1771-1772,73.75,odysseus,A,-5,9.1,3,180,0,0.2,0,-1.6,22.6,-0.4,77.3,-1.3,-17.2,0,-17.5,0,0,0,0,0,,,,WEIGHT SHIFT / HOLD / SCENE
886,1773-1774,73.833,odysseus,A,-5,9.1,3,180,0,0.9,-0.1,-1.7,22.6,-1.5,77.3,-1.4,-17.2,0,-17.5,0,0,0,0,0,,,,WEIGHT SHIFT / HOLD / SCENE
887,1775-1776,73.917,odysseus,h,-5,9.1,3,180,0,1.5,-0.1,-1.7,22.6,-2.3,77.3,-1.4,-17.2,0,-17.5,0,0,0,0,0,,,,WEIGHT SHIFT / HOLD / SCENE
888,1777-1778,74,odysseus,h,-5,9.1,3,180,0,1.7,-0.1,-1.7,22.6,-2.6,77.3,-1.4,-17.2,0,-17.5,0,0,0,0,0,,,,WEIGHT SHIFT / HOLD / SCENE
889,1779-1780,74.083,odysseus,h,-5,9.1,3,180,0,1.7,0,-1.7,22.6,-2.5,77.3,-1.4,-17.2,0,-17.5,0,0,0,0,0,,,,WEIGHT SHIFT / HOLD / SCENE
890,1781-1782,74.167,odysseus,h,-5,9.1,3,180,0,1.7,0,-1.7,22.6,-2.5,77.3,-1.4,-17.2,0,-17.5,0,0,0,0,0,,,,WEIGHT SHIFT / HOLD / SCENE
891,1783-1784,74.25,odysseus,h,-5,9.1,3,180,0,1.6,0,-1.7,22.6,-2.4,77.3,-1.4,-17.2,0,-17.5,0,0,0,0,0,,,,WEIGHT SHIFT / HOLD / SCENE
892,1785-1786,74.333,odysseus,h,-5,9.1,3,180,0,1.6,0,-1.6,22.6,-2.4,77.3,-1.3,-17.2,0,-17.5,0,0,0,0,0,,,,WEIGHT SHIFT / HOLD / SCENE
893,1787-1788,74.417,odysseus,h,-5,9.1,3,180,0,1.6,0,-1.5,22.6,-2.3,77.3,-1.3,-17.2,0,-17.5,0,0,0,0,0,,,,WEIGHT SHIFT / HOLD / SCENE
894,1789-1790,74.5,odysseus,h,-5,9.1,3,180,0,1.6,0,-1.5,22.6,-2.3,77.3,-1.2,-17.2,0,-17.5,0,0,0,0,0,,,,WEIGHT SHIFT / HOLD / SCENE
895,1791-1792,74.583,odysseus,h,-5,9.1,3,180,0,1.5,0,-1.3,22.6,-2.2,77.3,-1.1,-17.2,0,-17.5,0,0,0,0,0,,,,WEIGHT SHIFT / HOLD / SCENE
896,1793-1794,74.667,odysseus,h,-5,9.1,3,180,0,1.5,0,-1.2,22.6,-2.2,77.3,-1,-17.2,0,-17.5,0,0,0,0,0,,,,WEIGHT SHIFT / HOLD / SCENE
897,1795-1796,74.75,odysseus,h,-5,9.1,3,180,0,1.5,0,-1.1,22.6,-2.1,77.3,-0.9,-17.2,0,-17.5,0,0,0,0,0,,,,LOOK / HOLD / SCENE
898,1797-1798,74.833,odysseus,A,-5,9.1,3,180,0,1.5,0,-1,22.6,-2.1,78.3,2,-17.2,0,-17.5,0,0,0,0,0,,,,LOOK / HOLD / SCENE
899,1799-1800,74.917,odysseus,h,-5,9.1,3,180,0,1.4,0,-0.9,22.6,-2.1,79,1.4,-17.2,0,-17.5,0,0,0,0,0,,,,LOOK / HOLD / SCENE
900,1801-1802,75,odysseus,h,-5,9.1,3,180,0,1.4,0,-0.7,22.6,-2,79.7,0.9,-17.2,0,-17.5,0,0,0,0,0,,,,LOOK / HOLD / SCENE
901,1803-1804,75.083,odysseus,h,-5,9.1,3,180,0,1.4,0,-0.6,22.6,-2,80.2,0.4,-17.2,0,-17.5,0,0,0,0,0,,,,LOOK / HOLD / SCENE
902,1805-1806,75.167,odysseus,h,-5,9.1,3,180,0,1.4,0,-0.5,22.6,-1.9,80.7,0.1,-17.2,0,-17.5,0,0,0,0,0,,,,LOOK / HOLD / SCENE
903,1807-1808,75.25,odysseus,h,-5,9.1,3,180,0,1.3,0,-0.4,22.6,-1.9,81,-0.1,-17.2,0,-17.5,0,0,0,0,0,,,,LOOK / HOLD / SCENE
904,1809-1810,75.333,odysseus,h,-5,9.1,3,180,0,1.3,0,-0.3,22.6,-1.8,81.2,-0.2,-17.2,0,-17.5,0,0,0,0,0,,,,LOOK / HOLD / SCENE
905,1811-1812,75.417,odysseus,h,-5,9.1,3,180,0,1.3,0,-0.2,22.6,-1.8,81.2,-0.1,-17.2,0,-17.5,0,0,0,0,0,,,,LOOK / HOLD / SCENE
906,1813-1814,75.5,odysseus,h,-5,9.1,3,180,0,1.3,0,-0.1,22.6,-1.7,80.2,-0.1,-17.2,0,-17.5,0,0,0,0,0,,,,LOOK / HOLD / SCENE
907,1815-1816,75.583,odysseus,h,-5,9.1,3,180,0,1.3,0,0,22.6,-1.7,78.4,0,-17.2,0,-17.5,0,0,0,0,0,,,,LOOK / HOLD / SCENE
908,1817-1818,75.667,odysseus,h,-5,9.1,3,180,0,1.3,0,0,22.6,-1.7,77.3,0,-17.2,0,-17.5,0,0,0,0,0,,,,LOOK / HOLD / SCENE
909,1819-1820,75.75,odysseus,h,-5,9.1,3,180,0,1.3,0,0,22.6,-1.7,77.3,0,-17.2,0,-17.5,0,0,0,0,0,,,,HOLD / SCENE
910,1821-1822,75.833,odysseus,h,-5,9.1,3,180,0,1.3,0,0,22.6,-1.7,77.3,0,-17.2,0,-17.5,0,0,0,0,0,,,,HOLD / SCENE
911,1823-1824,75.917,odysseus,h,-5,9.1,3,180,0,1.3,0,0,22.6,-1.7,77.3,0,-17.2,0,-17.5,0,0,0,0,0,,,,HOLD / SCENE
912,1825-1826,76,odysseus,h,-5,9.1,3,180,0,1.3,0,-0.1,22.6,-1.7,77.3,-0.1,-17.2,0,-17.5,0,0,0,0,0,,,,HOLD / SCENE
913,1827-1828,76.083,odysseus,h,-5,9.1,3,180,0,1.3,0,-0.1,22.6,-1.7,77.3,-0.1,-17.2,0,-17.5,0,0,0,0,0,,,,HOLD / SCENE
914,1829-1830,76.167,odysseus,h,-5,9.1,3,180,0,1.3,0,-0.2,22.6,-1.7,77.3,-0.1,-17.2,0,-17.5,0,0,0,0,0,,,,HOLD / SCENE
915,1831-1832,76.25,odysseus,h,-5,9.1,3,180,0,1.3,0,-0.2,22.6,-1.7,77.3,-0.2,-17.2,0,-17.5,0,0,0,0,0,,,,HOLD / SCENE
916,1833-1834,76.333,odysseus,h,-5,9.1,3,180,0,1.3,0,-0.3,22.6,-1.7,77.3,-0.3,-17.2,0,-17.5,0,0,0,0,0,,,,HOLD / SCENE
917,1835-1836,76.417,odysseus,h,-5,9.1,3,180,0,1.3,0,-0.4,22.6,-1.7,77.3,-0.3,-17.2,0,-17.5,0,0,0,0,0,,,,HOLD / SCENE
918,1837-1838,76.5,odysseus,h,-5,9.1,3,180,0,1.3,0,-0.5,22.6,-1.7,77.3,-0.4,-17.2,0,-17.5,0,0,0,0,0,,,,HOLD / SCENE
919,1839-1840,76.583,odysseus,h,-5,9.1,3,180,0,1.3,0,-0.6,22.6,-1.7,77.3,-0.5,-17.2,0,-17.5,0,0,0,0,0,,,,HOLD / SCENE
920,1841-1842,76.667,odysseus,h,-5,9.1,3,180,0,1.3,0,-0.7,22.6,-1.7,77.3,-0.6,-17.2,0,-17.5,0,0,0,0,0,,,,HOLD / SCENE
921,1843-1844,76.75,odysseus,h,-5,9.1,3,180,0,1.3,0,-0.8,22.6,-1.7,77.3,-0.6,-17.2,0,-17.5,0,0,0,0,0,,,,HOLD / SCENE
922,1845-1846,76.833,odysseus,h,-5,9.1,3,180,0,1.3,0,-0.9,22.6,-1.7,77.3,-0.7,-17.2,0,-17.5,0,0,0,0,0,,,,HOLD / SCENE
923,1847-1848,76.917,odysseus,h,-5,9.1,3,180,0,1.3,0,-1,22.6,-1.7,77.3,-0.8,-17.2,0,-17.5,0,0,0,0,0,,,,HOLD / SCENE
924,1849-1850,77,odysseus,h,-5,9.1,3,180,0,1.3,0,-1.1,22.6,-1.7,77.3,-0.9,-17.2,0,-17.5,0,0,0,0,0,,,,HOLD / SCENE
925,1851-1852,77.083,odysseus,h,-5,9.1,3,180,0,1.3,0,-1.2,22.6,-1.7,77.3,-1,-17.2,0,-17.5,0,0,0,0,0,,,,HOLD / SCENE
926,1853-1854,77.167,odysseus,h,-5,9.1,3,180,0,1.3,0,-1.2,22.6,-1.7,77.3,-1,-17.2,0,-17.5,0,0,0,0,0,,,,HOLD / SCENE
927,1855-1856,77.25,odysseus,h,-5,9.1,3,180,0,1.3,0,-1.3,22.6,-1.7,77.3,-1.1,-17.2,0,-17.5,0,0,0,0,0,,,,HOLD / SCENE
928,1857-1858,77.333,odysseus,h,-5,9.1,3,180,0,1.3,0,-1.4,22.6,-1.7,77.3,-1.2,-17.2,0,-17.5,0,0,0,0,0,,,,LOOK / HOLD / SCENE
929,1859-1860,77.417,odysseus,A,-5,9.1,3,180,0,1.3,0,-1.5,22.6,-1.7,78.2,1.6,-17.2,0,-17.5,0,0,0,0,0,,,,LOOK / HOLD / SCENE
930,1861-1862,77.5,odysseus,h,-5,9.1,3,180,0,1.3,0,-1.6,22.6,-1.7,78.9,0.9,-17.2,0,-17.5,0,0,0,0,0,,,,LOOK / HOLD / SCENE
931,1863-1864,77.583,odysseus,h,-5,9.1,3,180,0,1.3,0,-1.6,22.6,-1.7,79.5,0.3,-17.2,0,-17.5,0,0,0,0,0,,,,LOOK / HOLD / SCENE
932,1865-1866,77.667,odysseus,h,-5,9.1,3,180,0,1.3,0,-1.7,22.6,-1.7,80,-0.3,-17.2,0,-17.5,0,0,0,0,0,,,,LOOK / HOLD / SCENE
933,1867-1868,77.75,odysseus,h,-5,9.1,3,180,0,1.3,0,-1.7,22.6,-1.7,80.5,-0.7,-17.2,0,-17.5,0,0,0,0,0,,,,LOOK / HOLD / SCENE
934,1869-1870,77.833,odysseus,h,-5,9.1,3,180,0,1.3,0,-1.7,22.6,-1.7,80.8,-1,-17.2,0,-17.5,0,0,0,0,0,,,,LOOK / HOLD / SCENE
935,1871-1872,77.917,odysseus,h,-5,9.1,3,180,0,1.3,0,-1.7,22.6,-1.7,81,-1.3,-17.2,0,-17.5,0,0,0,0,0,,,,LOOK / HOLD / SCENE
936,1873-1874,78,odysseus,h,-5,9.1,3,180,0,1.3,0,-1.7,22.6,-1.7,81.2,-1.4,-17.2,0,-17.5,0,0,0,0,0,,,,LOOK / HOLD / SCENE
937,1875-1876,78.083,odysseus,h,-5,9.1,3,180,0,1.3,0,-1.7,22.6,-1.7,81.2,-1.4,-17.2,0,-17.5,0,0,0,0,0,,,,LOOK / HOLD / SCENE
938,1877-1878,78.167,odysseus,h,-5,9.1,3,180,0,1.3,0,-1.6,22.6,-1.7,80.2,-1.3,-17.2,0,-17.5,0,0,0,0,0,,,,LOOK / HOLD / SCENE
939,1879-1880,78.25,odysseus,h,-5,9.1,3,180,0,1.3,0,-1.5,22.6,-1.7,78.4,-1.3,-17.2,0,-17.5,0,0,0,0,0,,,,WEIGHT SHIFT / HOLD / SCENE
940,1881-1882,78.333,odysseus,h,-5,9.1,3,180,0,1,0,-1.5,22.6,-1.3,77.3,-1.2,-17.2,0,-17.5,0,0,0,0,0,,,,WEIGHT SHIFT / HOLD / SCENE
941,1883-1884,78.417,odysseus,A,-5,9.1,3,180,0,0.2,0,-1.3,22.6,-0.2,77.3,-1.1,-17.2,0,-17.5,0,0,0,0,0,,,,WEIGHT SHIFT / HOLD / SCENE
942,1885-1886,78.5,odysseus,A,-5,9.1,3,180,0,-0.7,-0.1,-1.2,22.6,1.1,77.3,-1,-17.2,0,-17.5,0,0,0,0,0,,,,WEIGHT SHIFT / HOLD / SCENE
943,1887-1888,78.583,odysseus,A,-5,9.1,3,180,0,-1.4,-0.1,-1.1,22.6,2.1,77.3,-0.9,-17.2,0,-17.5,0,0,0,0,0,,,,WEIGHT SHIFT / HOLD / SCENE
944,1889-1890,78.667,odysseus,h,-5,9.1,3,180,0,-1.7,-0.1,-1,22.6,2.6,77.3,-0.8,-17.2,0,-17.5,0,0,0,0,0,,,,WEIGHT SHIFT / HOLD / SCENE
945,1891-1892,78.75,odysseus,h,-5,9.1,3,180,0,-1.7,0,-0.9,22.6,2.5,77.3,-0.7,-17.2,0,-17.5,0,0,0,0,0,,,,WEIGHT SHIFT / HOLD / SCENE
946,1893-1894,78.833,odysseus,h,-5,9.1,3,180,0,-1.7,0,-0.7,22.6,2.5,77.3,-0.6,-17.2,0,-17.5,0,0,0,0,0,,,,WEIGHT SHIFT / HOLD / SCENE
947,1895-1896,78.917,odysseus,h,-5,9.1,3,180,0,-1.6,0,-0.6,22.6,2.4,77.3,-0.5,-17.2,0,-17.5,0,0,0,0,0,,,,WEIGHT SHIFT / HOLD / SCENE
948,1897-1898,79,odysseus,h,-5,9.1,3,180,0,-1.6,0,-0.5,22.6,2.4,77.3,-0.4,-17.2,0,-17.5,0,0,0,0,0,,,,WEIGHT SHIFT / HOLD / SCENE
949,1899-1900,79.083,odysseus,h,-5,9.1,3,180,0,-1.6,0,-0.4,22.6,2.4,77.3,-0.3,-17.2,0,-17.5,0,0,0,0,0,,,,WEIGHT SHIFT / HOLD / SCENE
950,1901-1902,79.167,odysseus,h,-5,9.1,3,180,0,-1.6,0,-0.3,22.6,2.3,77.3,-0.2,-17.2,0,-17.5,0,0,0,0,0,,,,WEIGHT SHIFT / HOLD / SCENE
951,1903-1904,79.25,odysseus,h,-5,9.1,3,180,0,-1.6,0,-0.2,22.6,2.3,77.3,-0.1,-17.2,0,-17.5,0,0,0,0,0,,,,WEIGHT SHIFT / HOLD / SCENE
952,1905-1906,79.333,odysseus,h,-5,9.1,3,180,0,-1.5,0,-0.1,22.6,2.2,77.3,-0.1,-17.2,0,-17.5,0,0,0,0,0,,,,WEIGHT SHIFT / HOLD / SCENE
953,1907-1908,79.417,odysseus,h,-5,9.1,3,180,0,-1.5,0,0,22.6,2.2,77.3,0,-17.2,0,-17.5,0,0,0,0,0,,,,WEIGHT SHIFT / HOLD / SCENE
954,1909-1910,79.5,odysseus,h,-5,9.1,3,180,0,-1.5,0,0,22.6,2.1,77.3,0,-17.2,0,-17.5,0,0,0,0,0,,,,WEIGHT SHIFT / HOLD / SCENE
955,1911-1912,79.583,odysseus,h,-5,9.1,3,180,0,-1.5,0,0,22.6,2.1,77.3,0,-17.2,0,-17.5,0,0,0,0,0,,,,WEIGHT SHIFT / HOLD / SCENE
956,1913-1914,79.667,odysseus,h,-5,9.1,3,180,0,-1.4,0,0,22.6,2,77.3,0,-17.2,0,-17.5,0,0,0,0,0,,,,WEIGHT SHIFT / HOLD / SCENE
957,1915-1916,79.75,odysseus,h,-5,9.1,3,180,0,-1.4,0,0,22.6,2,77.3,0,-17.2,0,-17.5,0,0,0,0,0,,,,LOOK / HOLD / SCENE
958,1917-1918,79.833,odysseus,A,-5,9.1,3,180,0,-1.4,0,-0.1,22.6,1.9,78.2,2.8,-17.2,0,-17.5,0,0,0,0,0,,,,LOOK / HOLD / SCENE
959,1919-1920,79.917,odysseus,h,-5,9.1,3,180,0,-1.4,0,-0.1,22.6,1.9,78.9,2.1,-17.2,0,-17.5,0,0,0,0,0,,,,LOOK / HOLD / SCENE
960,1921-1922,80,odysseus,h,-5,9.1,3,180,0,-1.3,0,-0.2,22.6,1.9,79.5,1.5,-17.2,0,-17.5,0,0,0,0,0,,,,LOOK / HOLD / SCENE
961,1923-1924,80.083,odysseus,h,-5,9.1,3,180,0,-1.3,0,-0.2,22.6,1.8,80,0.9,-17.2,0,-17.5,0,0,0,0,0,,,,LOOK / HOLD / SCENE
962,1925-1926,80.167,odysseus,h,-5,9.1,3,180,0,-1.3,0,-0.3,22.6,1.8,80.5,0.5,-17.2,0,-17.5,0,0,0,0,0,,,,LOOK / HOLD / SCENE
963,1927-1928,80.25,odysseus,h,-5,9.1,3,180,0,-1.3,0,-0.4,22.6,1.7,80.8,0.1,-17.2,0,-17.5,0,0,0,0,0,,,,LOOK / HOLD / SCENE
964,1929-1930,80.333,odysseus,h,-5,9.1,3,180,0,-1.3,0,-0.5,22.6,1.7,81,-0.2,-17.2,0,-17.5,0,0,0,0,0,,,,LOOK / HOLD / SCENE
965,1931-1932,80.417,odysseus,h,-5,9.1,3,180,0,-1.3,0,-0.6,22.6,1.7,81.2,-0.4,-17.2,0,-17.5,0,0,0,0,0,,,,LOOK / HOLD / SCENE
966,1933-1934,80.5,odysseus,h,-5,9.1,3,180,0,-1.3,0,-0.7,22.6,1.7,81.2,-0.6,-17.2,0,-17.5,0,0,0,0,0,,,,LOOK / HOLD / SCENE
967,1935-1936,80.583,odysseus,h,-5,9.1,3,180,0,-1.3,0,-0.8,22.6,1.7,80.2,-0.6,-17.2,0,-17.5,0,0,0,0,0,,,,LOOK / HOLD / SCENE
968,1937-1938,80.667,odysseus,h,-5,9.1,3,180,0,-1.3,0,-0.9,22.6,1.7,78.4,-0.7,-17.2,0,-17.5,0,0,0,0,0,,,,LOOK / HOLD / SCENE
969,1939-1940,80.75,odysseus,h,-5,9.1,3,180,0,-1.3,0,-1,22.6,1.7,77.3,-0.8,-17.2,0,-17.5,0,0,0,0,0,,,,LOOK / HOLD / SCENE
970,1941-1942,80.833,odysseus,h,-5,9.1,3,180,0,-1.3,0,-1.1,22.6,1.7,77.3,-0.9,-17.2,0,-17.5,0,0,0,0,0,,,,HOLD / SCENE
971,1943-1944,80.917,odysseus,h,-5,9.1,3,180,0,-1.3,0,-1.2,22.6,1.7,77.3,-1,-17.2,0,-17.5,0,0,0,0,0,,,,HOLD / SCENE
972,1945-1946,81,odysseus,h,-5,9.1,3,180,0,-1.3,0,-1.2,22.6,1.7,77.3,-1,-17.2,0,-17.5,0,0,0,0,0,,,,HOLD / SCENE
973,1947-1948,81.083,odysseus,h,-5,9.1,3,180,0,-1.3,0,-1.3,22.6,1.7,77.3,-1.1,-17.2,0,-17.5,0,0,0,0,0,,,,HOLD / SCENE
974,1949-1950,81.167,odysseus,h,-5,9.1,3,180,0,-1.3,0,-1.4,22.6,1.7,77.3,-1.2,-17.2,0,-17.5,0,0,0,0,0,,,,HOLD / SCENE
975,1951-1952,81.25,odysseus,h,-5,9.1,3,180,0,-1,0,-1.5,22.6,1.4,77.3,-1.2,-17.2,0,-17.5,0,0,0,0,0,,,,WEIGHT SHIFT / HOLD / SCENE
976,1953-1954,81.333,odysseus,h,-5,9.1,3,180,0,-0.5,0,-1.6,22.6,0.6,77.3,-1.3,-17.2,0,-17.5,0,0,0,0,0,,,,WEIGHT SHIFT / HOLD / SCENE
977,1955-1956,81.417,odysseus,A,-5,9.1,3,180,0,0.2,0,-1.6,22.6,-0.4,77.3,-1.3,-17.2,0,-17.5,0,0,0,0,0,,,,WEIGHT SHIFT / HOLD / SCENE
978,1957-1958,81.5,odysseus,A,-5,9.1,3,180,0,0.9,-0.1,-1.7,22.6,-1.5,77.3,-1.4,-17.2,0,-17.5,0,0,0,0,0,,,,WEIGHT SHIFT / HOLD / SCENE
979,1959-1960,81.583,odysseus,h,-5,9.1,3,180,0,1.5,-0.1,-1.7,22.6,-2.3,77.3,-1.4,-17.2,0,-17.5,0,0,0,0,0,,,,WEIGHT SHIFT / HOLD / SCENE
980,1961-1962,81.667,odysseus,h,-5,9.1,3,180,0,1.7,-0.1,-1.7,22.6,-2.6,77.3,-1.4,-17.2,0,-17.5,0,0,0,0,0,,,,WEIGHT SHIFT / HOLD / SCENE
981,1963-1964,81.75,odysseus,h,-5,9.1,3,180,0,1.7,0,-1.7,22.6,-2.5,77.3,-1.4,-17.2,0,-17.5,0,0,0,0,0,,,,WEIGHT SHIFT / HOLD / SCENE
982,1965-1966,81.833,odysseus,h,-5,9.1,3,180,0,1.7,0,-1.7,22.6,-2.5,77.3,-1.4,-17.2,0,-17.5,0,0,0,0,0,,,,WEIGHT SHIFT / HOLD / SCENE
983,1967-1968,81.917,odysseus,h,-5,9.1,3,180,0,1.6,0,-1.7,22.6,-2.4,77.3,-1.4,-17.2,0,-17.5,0,0,0,0,0,,,,WEIGHT SHIFT / HOLD / SCENE
984,1969-1970,82,odysseus,h,-5,9.1,3,180,0,1.6,0,-1.6,22.6,-2.4,77.3,-1.3,-17.2,0,-17.5,0,0,0,0,0,,,,WEIGHT SHIFT / HOLD / SCENE
985,1971-1972,82.083,odysseus,h,-5,9.1,3,180,0,1.6,0,-1.5,22.6,-2.3,77.3,-1.3,-17.2,0,-17.5,0,0,0,0,0,,,,WEIGHT SHIFT / HOLD / SCENE
986,1973-1974,82.167,odysseus,h,-5,9.1,3,180,0,1.6,0,-1.5,22.6,-2.3,77.3,-1.2,-17.2,0,-17.5,0,0,0,0,0,,,,WEIGHT SHIFT / HOLD / SCENE
987,1975-1976,82.25,odysseus,A,-5,9.1,3,180,0,1.5,0,-1.3,22.6,-2.2,78.2,1.7,-17.2,0,-17.5,0,0,0,0,0,,,,LOOK / HOLD / SCENE
988,1977-1978,82.333,odysseus,h,-5,9.1,3,180,0,1.5,0,-1.2,22.6,-2.2,78.9,1.2,-17.2,0,-17.5,0,0,0,0,0,,,,LOOK / HOLD / SCENE
989,1979-1980,82.417,odysseus,h,-5,9.1,3,180,0,1.5,0,-1.1,22.6,-2.1,79.5,0.7,-17.2,0,-17.5,0,0,0,0,0,,,,LOOK / HOLD / SCENE
990,1981-1982,82.5,odysseus,h,-5,9.1,3,180,0,1.5,0,-1,22.6,-2.1,80,0.3,-17.2,0,-17.5,0,0,0,0,0,,,,LOOK / HOLD / SCENE
991,1983-1984,82.583,odysseus,h,-5,9.1,3,180,0,1.4,0,-0.9,22.6,-2.1,80.5,0,-17.2,0,-17.5,0,0,0,0,0,,,,LOOK / HOLD / SCENE
992,1985-1986,82.667,odysseus,h,-5,9.1,3,180,0,1.4,0,-0.7,22.6,-2,80.8,-0.2,-17.2,0,-17.5,0,0,0,0,0,,,,LOOK / HOLD / SCENE
993,1987-1988,82.75,odysseus,h,-5,9.1,3,180,0,1.4,0,-0.6,22.6,-2,81,-0.3,-17.2,0,-17.5,0,0,0,0,0,,,,LOOK / HOLD / SCENE
994,1989-1990,82.833,odysseus,h,-5,9.1,3,180,0,1.4,0,-0.5,22.6,-1.9,81.2,-0.4,-17.2,0,-17.5,0,0,0,0,0,,,,LOOK / HOLD / SCENE
995,1991-1992,82.917,odysseus,h,-5,9.1,3,180,0,1.3,0,-0.4,22.6,-1.9,81.2,-0.3,-17.2,0,-17.5,0,0,0,0,0,,,,LOOK / HOLD / SCENE
996,1993-1994,83,odysseus,h,-5,9.1,3,180,0,1.3,0,-0.3,22.6,-1.8,80.2,-0.2,-17.2,0,-17.5,0,0,0,0,0,,,,LOOK / HOLD / SCENE
997,1995-1996,83.083,odysseus,h,-5,9.1,3,180,0,1.3,0,-0.2,22.6,-1.8,78.4,-0.1,-17.2,0,-17.5,0,0,0,0,0,,,,LOOK / HOLD / SCENE
998,1997-1998,83.167,odysseus,h,-5,9.1,3,180,0,1.3,0,-0.1,22.6,-1.7,77.3,-0.1,-17.2,0,-17.5,0,0,0,0,0,,,,LOOK / HOLD / SCENE
999,1999-2000,83.25,odysseus,h,-5,9.1,3,180,0,1.3,0,0,22.6,-1.7,77.3,0,-17.2,0,-17.5,0,0,0,0,0,,,,HOLD / SCENE
1000,2001-2002,83.333,odysseus,h,-5,9.1,3,180,0,1.3,0,0,22.6,-1.7,77.3,0,-17.2,0,-17.5,0,0,0,0,0,,,,HOLD / SCENE
1001,2003-2004,83.417,odysseus,h,-5,9.1,3,180,0,1.3,0,0,22.6,-1.7,77.3,0,-17.2,0,-17.5,0,0,0,0,0,,,,HOLD / SCENE
1002,2005-2006,83.5,odysseus,h,-5,9.1,3,180,0,1.3,0,0,22.6,-1.7,77.3,0,-17.2,0,-17.5,0,0,0,0,0,,,,HOLD / SCENE
1003,2007-2008,83.583,odysseus,h,-5,9.1,3,180,0,1.3,0,0,22.6,-1.7,77.3,0,-17.2,0,-17.5,0,0,0,0,0,,,,HOLD / SCENE
1004,2009-2010,83.667,odysseus,h,-5,9.1,3,180,0,1.3,0,-0.1,22.6,-1.7,77.3,0,-17.2,0,-17.5,0,0,0,0,0,,,,HOLD / SCENE
1005,2011-2012,83.75,odysseus,h,-5,9.1,3,180,0,1.3,0,-0.1,22.6,-1.7,77.3,-0.1,-17.2,0,-17.5,0,0,0,0,0,,,,HOLD / SCENE
1006,2013-2014,83.833,odysseus,h,-5,9.1,3,180,0,1.3,0,-0.2,22.6,-1.7,77.3,-0.1,-17.2,0,-17.5,0,0,0,0,0,,,,HOLD / SCENE
1007,2015-2016,83.917,odysseus,h,-5,9.1,3,180,0,1.3,0,-0.2,22.6,-1.7,77.3,-0.2,-17.2,0,-17.5,0,0,0,0,0,,,,HOLD / SCENE
1008,2017-2018,84,odysseus,h,-5,9.1,3,180,0,1.3,0,-0.3,22.6,-1.7,77.3,-0.2,-17.2,0,-17.5,0,0,0,0,0,,,,HOLD / SCENE
1009,2019-2020,84.083,odysseus,h,-5,9.1,3,180,0,1.3,0,-0.4,22.6,-1.7,77.3,-0.3,-17.2,0,-17.5,0,0,0,0,0,,,,HOLD / SCENE
1010,2021-2022,84.167,odysseus,h,-5,9.1,3,180,0,1.3,0,-0.4,22.6,-1.7,77.3,-0.4,-17.2,0,-17.5,0,0,0,0,0,,,,HOLD / SCENE
1011,2023-2024,84.25,odysseus,h,-5,9.1,3,180,0,1.3,0,-0.5,22.6,-1.7,77.3,-0.4,-17.2,0,-17.5,0,0,0,0,0,,,,HOLD / SCENE
1012,2025-2026,84.333,odysseus,h,-5,9.1,3,180,0,1.3,0,-0.6,22.6,-1.7,77.3,-0.5,-17.2,0,-17.5,0,0,0,0,0,,,,HOLD / SCENE
1013,2027-2028,84.417,odysseus,h,-5,9.1,3,180,0,1.3,0,-0.7,22.6,-1.7,77.3,-0.6,-17.2,0,-17.5,0,0,0,0,0,,,,HOLD / SCENE
1014,2029-2030,84.5,odysseus,h,-5,9.1,3,180,0,1,0,-0.8,22.6,-1.3,77.3,-0.7,-17.2,0,-17.5,0,0,0,0,0,,,,WEIGHT SHIFT / HOLD / SCENE
1015,2031-2032,84.583,odysseus,A,-5,9.1,3,180,0,0.2,0,-0.9,22.6,-0.2,77.3,-0.8,-17.2,0,-17.5,0,0,0,0,0,,,,WEIGHT SHIFT / HOLD / SCENE
1016,2033-2034,84.667,odysseus,A,-5,9.1,3,180,0,-0.7,-0.1,-1,22.6,1.1,77.3,-0.8,-17.2,0,-17.5,0,0,0,0,0,,,,WEIGHT SHIFT / HOLD / SCENE
1017,2035-2036,84.75,odysseus,A,-5,9.1,3,180,0,-1.4,-0.1,-1.1,22.6,2.1,77.3,-0.9,-17.2,0,-17.5,0,0,0,0,0,,,,WEIGHT SHIFT / HOLD / SCENE
1018,2037-2038,84.833,odysseus,h,-5,9.1,3,180,0,-1.7,-0.1,-1.2,22.6,2.6,77.3,-1,-17.2,0,-17.5,0,0,0,0,0,,,,WEIGHT SHIFT / HOLD / SCENE
1019,2039-2040,84.917,odysseus,h,-5,9.1,3,180,0,-1.7,0,-1.3,22.6,2.5,77.3,-1.1,-17.2,0,-17.5,0,0,0,0,0,,,,WEIGHT SHIFT / HOLD / SCENE
1020,2041-2042,85,odysseus,A,-5,9.1,3,180,0,-1.7,0,-1.4,22.6,2.5,78.3,1.7,-17.2,0,-17.5,0,0,0,0,0,,,,LOOK / HOLD / SCENE
1021,2043-2044,85.083,odysseus,h,-5,9.1,3,180,0,-1.6,0,-1.4,22.6,2.4,79,0.9,-17.2,0,-17.5,0,0,0,0,0,,,,LOOK / HOLD / SCENE
1022,2045-2046,85.167,odysseus,h,-5,9.1,3,180,0,-1.6,0,-1.5,22.6,2.4,79.7,0.2,-17.2,0,-17.5,0,0,0,0,0,,,,LOOK / HOLD / SCENE
1023,2047-2048,85.25,odysseus,h,-5,9.1,3,180,0,-1.6,0,-1.6,22.6,2.4,80.2,-0.4,-17.2,0,-17.5,0,0,0,0,0,,,,LOOK / HOLD / SCENE
1024,2049-2050,85.333,odysseus,h,-5,9.1,3,180,0,-1.6,0,-1.6,22.6,2.3,80.7,-0.8,-17.2,0,-17.5,0,0,0,0,0,,,,LOOK / HOLD / SCENE
1025,2051-2052,85.417,odysseus,h,-5,9.1,3,180,0,-1.6,0,-1.7,22.6,2.3,81,-1.1,-17.2,0,-17.5,0,0,0,0,0,,,,LOOK / HOLD / SCENE
1026,2053-2054,85.5,odysseus,h,-5,9.1,3,180,0,-1.5,0,-1.7,22.6,2.2,81.2,-1.4,-17.2,0,-17.5,0,0,0,0,0,,,,LOOK / HOLD / SCENE
1027,2055-2056,85.583,odysseus,h,-5,9.1,3,180,0,-1.5,0,-1.7,22.6,2.2,81.2,-1.4,-17.2,0,-17.5,0,0,0,0,0,,,,LOOK / HOLD / SCENE
1028,2057-2058,85.667,odysseus,h,-5,9.1,3,180,0,-1.5,0,-1.7,22.6,2.1,80.2,-1.4,-17.2,0,-17.5,0,0,0,0,0,,,,LOOK / HOLD / SCENE
1029,2059-2060,85.75,odysseus,h,-5,9.1,3,180,0,-1.5,0,-1.7,22.6,2.1,78.4,-1.4,-17.2,0,-17.5,0,0,0,0,0,,,,LOOK / HOLD / SCENE
1030,2061-2062,85.833,odysseus,h,-5,9.1,3,180,0,-1.4,0,-1.7,22.6,2,77.3,-1.4,-17.2,0,-17.5,0,0,0,0,0,,,,WEIGHT SHIFT / HOLD / SCENE
1031,2063-2064,85.917,odysseus,h,-5,9.1,3,180,0,-1.4,0,-1.6,22.6,2,77.3,-1.3,-17.2,0,-17.5,0,0,0,0,0,,,,WEIGHT SHIFT / HOLD / SCENE
1032,2065-2066,86,odysseus,h,-5,9.1,3,180,0,-1.4,0,-1.5,22.6,1.9,77.3,-1.3,-17.2,0,-17.5,0,0,0,0,0,,,,WEIGHT SHIFT / HOLD / SCENE
1033,2067-2068,86.083,odysseus,h,-5,9.1,3,180,0,-1.4,0,-1.4,22.6,1.9,77.3,-1.2,-17.2,0,-17.5,0,0,0,0,0,,,,WEIGHT SHIFT / HOLD / SCENE
1034,2069-2070,86.167,odysseus,h,-5,9.1,3,180,0,-1.3,0,-1.3,22.6,1.9,77.3,-1.1,-17.2,0,-17.5,0,0,0,0,0,,,,WEIGHT SHIFT / HOLD / SCENE
1035,2071-2072,86.25,odysseus,h,-5,9.1,3,180,0,-1.3,0,-1.2,22.6,1.8,77.3,-1,-17.2,0,-17.5,0,0,0,0,0,,,,WEIGHT SHIFT / HOLD / SCENE
1036,2073-2074,86.333,odysseus,h,-5,9.1,3,180,0,-1.3,0,-1.1,22.6,1.8,77.3,-0.9,-17.2,0,-17.5,0,0,0,0,0,,,,WEIGHT SHIFT / HOLD / SCENE
1037,2075-2076,86.417,odysseus,h,-5,9.1,3,180,0,-1.3,0,-0.9,22.6,1.7,77.3,-0.8,-17.2,0,-17.5,0,0,0,0,0,,,,WEIGHT SHIFT / HOLD / SCENE
1038,2077-2078,86.5,odysseus,h,-5,9.1,3,180,0,-1.3,0,-0.8,22.6,1.7,77.3,-0.7,-17.2,0,-17.5,0,0,0,0,0,,,,HOLD / SCENE
1039,2079-2080,86.583,odysseus,h,-5,9.1,3,180,0,-1.3,0,-0.7,22.6,1.7,77.3,-0.5,-17.2,0,-17.5,0,0,0,0,0,,,,HOLD / SCENE
1040,2081-2082,86.667,odysseus,h,-5,9.1,3,180,0,-1.3,0,-0.5,22.6,1.7,77.3,-0.4,-17.2,0,-17.5,0,0,0,0,0,,,,HOLD / SCENE
1041,2083-2084,86.75,odysseus,h,-5,9.1,3,180,0,-1.3,0,-0.4,22.6,1.7,77.3,-0.3,-17.2,0,-17.5,0,0,0,0,0,,,,HOLD / SCENE
1042,2085-2086,86.833,odysseus,h,-5,9.1,3,180,0,-1.3,0,-0.3,22.6,1.7,77.3,-0.2,-17.2,0,-17.5,0,0,0,0,0,,,,HOLD / SCENE
1043,2087-2088,86.917,odysseus,h,-5,9.1,3,180,0,-1.3,0,-0.2,22.6,1.7,77.3,-0.2,-17.2,0,-17.5,0,0,0,0,0,,,,HOLD / SCENE
1044,2089-2090,87,odysseus,h,-5,9.1,3,180,0,-1.3,0,-0.1,22.6,1.7,77.3,-0.1,-17.2,0,-17.5,0,0,0,0,0,,,,HOLD / SCENE
1045,2091-2092,87.083,odysseus,h,-5,9.1,3,180,0,-1.3,0,-0.1,22.6,1.7,77.3,0,-17.2,0,-17.5,0,0,0,0,0,,,,HOLD / SCENE
1046,2093-2094,87.167,odysseus,h,-5,9.1,3,180,0,-1.3,0,0,22.6,1.7,77.3,0,-17.2,0,-17.5,0,0,0,0,0,,,,HOLD / SCENE
1047,2095-2096,87.25,odysseus,h,-5,9.1,3,180,0,-1.3,0,0,22.6,1.7,77.3,0,-17.2,0,-17.5,0,0,0,0,0,,,,HOLD / SCENE
1048,2097-2098,87.333,odysseus,h,-5,9.1,3,180,0,-1.3,0,0,22.6,1.7,77.3,0,-17.2,0,-17.5,0,0,0,0,0,,,,HOLD / SCENE
1049,2099-2100,87.417,odysseus,h,-5,9.1,3,180,0,-1.3,0,0,22.6,1.7,77.3,0,-17.2,0,-17.5,0,0,0,0,0,,,,HOLD / SCENE
1050,2101-2102,87.5,odysseus,h,-5,9.1,3,180,0,-1.3,0,-0.1,22.6,1.7,77.3,0,-17.2,0,-17.5,0,0,0,0,0,,,,HOLD / SCENE
1051,2103-2104,87.583,odysseus,h,-5,9.1,3,180,0,-1.3,0,-0.1,22.6,1.7,77.3,-0.1,-17.2,0,-17.5,0,0,0,0,0,,,,HOLD / SCENE
1052,2105-2106,87.667,odysseus,h,-5,9.1,3,180,0,-1.3,0,-0.2,22.6,1.7,77.3,-0.1,-17.2,0,-17.5,0,0,0,0,0,,,,HOLD / SCENE
1053,2107-2108,87.75,odysseus,h,-5,9.1,3,180,0,-1,0,-0.2,22.6,1.3,77.3,-0.2,-17.2,0,-17.5,0,0,0,0,0,,,,WEIGHT SHIFT / HOLD / SCENE
1054,2109-2110,87.833,odysseus,A,-5,9.1,3,180,0,-0.2,0,-0.3,22.6,0.2,77.3,-0.2,-17.2,0,-17.5,0,0,0,0,0,,,,WEIGHT SHIFT / HOLD / SCENE
1055,2111-2112,87.917,odysseus,A,-5,9.1,3,180,0,0.7,-0.1,-0.4,22.6,-1.1,77.3,-0.3,-17.2,0,-17.5,0,0,0,0,0,,,,WEIGHT SHIFT / HOLD / SCENE
1056,2113-2114,88,odysseus,A,-5,9.1,3,180,0,1.4,-0.1,-0.4,22.6,-2.1,77.3,-0.4,-17.2,0,-17.5,0,0,0,0,0,,,,LOOK / HOLD / SCENE
1057,2115-2116,88.083,odysseus,h,-5,9.1,3,180,0,1.7,-0.1,-0.5,22.6,-2.6,78.3,2.4,-17.2,0,-17.5,0,0,0,0,0,,,,LOOK / HOLD / SCENE
1058,2117-2118,88.167,odysseus,h,-5,9.1,3,180,0,1.7,0,-0.6,22.6,-2.5,79,1.6,-17.2,0,-17.5,0,0,0,0,0,,,,LOOK / HOLD / SCENE
1059,2119-2120,88.25,odysseus,h,-5,9.1,3,180,0,1.7,0,-0.7,22.6,-2.5,79.7,0.9,-17.2,0,-17.5,0,0,0,0,0,,,,LOOK / HOLD / SCENE
1060,2121-2122,88.333,odysseus,h,-5,9.1,3,180,0,1.6,0,-0.8,22.6,-2.4,80.2,0.3,-17.2,0,-17.5,0,0,0,0,0,,,,LOOK / HOLD / SCENE
1061,2123-2124,88.417,odysseus,h,-5,9.1,3,180,0,1.6,0,-0.9,22.6,-2.4,80.7,-0.2,-17.2,0,-17.5,0,0,0,0,0,,,,LOOK / HOLD / SCENE
1062,2125-2126,88.5,odysseus,h,-5,9.1,3,180,0,1.6,0,-1,22.6,-2.4,81,-0.6,-17.2,0,-17.5,0,0,0,0,0,,,,LOOK / HOLD / SCENE
1063,2127-2128,88.583,odysseus,h,-5,9.1,3,180,0,1.6,0,-1.1,22.6,-2.3,81.2,-0.9,-17.2,0,-17.5,0,0,0,0,0,,,,LOOK / HOLD / SCENE
1064,2129-2130,88.667,odysseus,h,-5,9.1,3,180,0,1.6,0,-1.2,22.6,-2.3,81.2,-1,-17.2,0,-17.5,0,0,0,0,0,,,,LOOK / HOLD / SCENE
1065,2131-2132,88.75,odysseus,h,-5,9.1,3,180,0,1.5,0,-1.3,22.6,-2.2,80.2,-1.1,-17.2,0,-17.5,0,0,0,0,0,,,,LOOK / HOLD / SCENE
1066,2133-2134,88.833,odysseus,h,-5,9.1,3,180,0,1.5,0,-1.4,22.6,-2.2,78.4,-1.1,-17.2,0,-17.5,0,0,0,0,0,,,,LOOK / HOLD / SCENE
1067,2135-2136,88.917,odysseus,h,-5,9.1,3,180,0,1.5,0,-1.4,22.6,-2.1,77.3,-1.2,-17.2,0,-17.5,0,0,0,0,0,,,,LOOK / HOLD / SCENE
1068,2137-2138,89,odysseus,h,-5,9.1,3,180,0,1.5,0,-1.5,22.6,-2.1,77.3,-1.3,-17.2,0,-17.5,0,0,0,0,0,,,,WEIGHT SHIFT / HOLD / SCENE
1069,2139-2140,89.083,odysseus,h,-5,9.1,3,180,0,1.4,0,-1.6,22.6,-2,77.3,-1.3,-17.2,0,-17.5,0,0,0,0,0,,,,WEIGHT SHIFT / HOLD / SCENE
1070,2141-2142,89.167,odysseus,h,-5,9.1,3,180,0,1.4,0,-1.6,22.6,-2,77.3,-1.3,-17.2,0,-17.5,0,0,0,0,0,,,,WEIGHT SHIFT / HOLD / SCENE
1071,2143-2144,89.25,odysseus,h,-5,9.1,3,180,0,1.4,0,-1.7,22.6,-1.9,77.3,-1.4,-17.2,0,-17.5,0,0,0,0,0,,,,WEIGHT SHIFT / HOLD / SCENE
1072,2145-2146,89.333,odysseus,h,-5,9.1,3,180,0,1.4,0,-1.7,22.6,-1.9,77.3,-1.4,-17.2,0,-17.5,0,0,0,0,0,,,,WEIGHT SHIFT / HOLD / SCENE
1073,2147-2148,89.417,odysseus,h,-5,9.1,3,180,0,1.3,0,-1.7,22.6,-1.9,77.3,-1.4,-17.2,0,-17.5,0,0,0,0,0,,,,WEIGHT SHIFT / HOLD / SCENE
1074,2149-2150,89.5,odysseus,h,-5,9.1,3,180,0,1.3,0,-1.7,22.6,-1.8,77.3,-1.4,-17.2,0,-17.5,0,0,0,0,0,,,,WEIGHT SHIFT / HOLD / SCENE
1075,2151-2152,89.583,odysseus,h,-5,9.1,3,180,0,1.3,0,-1.7,22.6,-1.8,77.3,-1.4,-17.2,0,-17.5,0,0,0,0,0,,,,WEIGHT SHIFT / HOLD / SCENE
1076,2153-2154,89.667,odysseus,h,-5,9.1,3,180,0,1.3,0,-1.7,22.6,-1.7,77.3,-1.4,-17.2,0,-17.5,0,0,0,0,0,,,,WEIGHT SHIFT / HOLD / SCENE
1077,2155-2156,89.75,odysseus,h,-5,9.1,3,180,0,1.3,0,-1.6,22.6,-1.7,77.3,-1.3,-17.2,0,-17.5,0,0,0,0,0,,,,HOLD / SCENE
1078,2157-2158,89.833,odysseus,h,-5,9.1,3,180,0,1.3,0,-1.5,22.6,-1.7,77.3,-1.3,-17.2,0,-17.5,0,0,0,0,0,,,,HOLD / SCENE
1079,2159-2160,89.917,odysseus,h,-5,9.1,3,180,0,1.3,0,-1.4,22.6,-1.7,77.3,-1.2,-17.2,0,-17.5,0,0,0,0,0,,,,HOLD / SCENE
1080,2161-2162,90,odysseus,h,-5,9.1,3,180,0,1.3,0,-1.3,22.6,-1.7,77.3,-1.1,-17.2,0,-17.5,0,0,0,0,0,,,,HOLD / SCENE
1081,2163-2164,90.083,odysseus,h,-5,9.1,3,180,0,1.3,0,-1.2,22.6,-1.7,77.3,-1,-17.2,0,-17.5,0,0,0,0,0,,,,HOLD / SCENE
1082,2165-2166,90.167,odysseus,h,-5,9.1,3,180,0,1.3,0,-1.1,22.6,-1.7,77.3,-0.9,-17.2,0,-17.5,0,0,0,0,0,,,,HOLD / SCENE
1083,2167-2168,90.25,odysseus,h,-5,9.1,3,180,0,1.3,0,-0.9,22.6,-1.7,77.3,-0.8,-17.2,0,-17.5,0,0,0,0,0,,,,HOLD / SCENE
1084,2169-2170,90.333,odysseus,h,-5,9.1,3,180,0,1.3,0,-0.8,22.6,-1.7,77.3,-0.7,-17.2,0,-17.5,0,0,0,0,0,,,,HOLD / SCENE
1085,2171-2172,90.417,odysseus,h,-5,9.1,3,180,0,1.3,0,-0.7,22.6,-1.7,77.3,-0.5,-17.2,0,-17.5,0,0,0,0,0,,,,HOLD / SCENE
1086,2173-2174,90.5,odysseus,h,-5,9.1,3,180,0,1.3,0,-0.5,22.6,-1.7,77.3,-0.4,-17.2,0,-17.5,0,0,0,0,0,,,,HOLD / SCENE
1087,2175-2176,90.583,odysseus,h,-5,9.1,3,180,0,1.3,0,-0.4,22.6,-1.7,77.3,-0.3,-17.2,0,-17.5,0,0,0,0,0,,,,HOLD / SCENE
1088,2177-2178,90.667,odysseus,h,-5,9.1,3,180,0,1.3,0,-0.3,22.6,-1.7,77.3,-0.2,-17.2,0,-17.5,0,0,0,0,0,,,,HOLD / SCENE
1089,2179-2180,90.75,odysseus,h,-5,9.1,3,180,0,1.3,0,-0.2,22.6,-1.7,77.3,-0.2,-17.2,0,-17.5,0,0,0,0,0,,,,HOLD / SCENE
1090,2181-2182,90.833,odysseus,h,-5,9.1,3,180,0,1.3,0,-0.1,22.6,-1.7,77.3,-0.1,-17.2,0,-17.5,0,0,0,0,0,,,,LOOK / HOLD / SCENE
1091,2183-2184,90.917,odysseus,A,-5,9.1,3,180,0,1.3,0,-0.1,22.6,-1.7,78.3,2.8,-17.2,0,-17.5,0,0,0,0,0,,,,LOOK / HOLD / SCENE
1092,2185-2186,91,odysseus,h,-5,9.1,3,180,0,1.3,0,0,22.6,-1.7,79,2.1,-17.2,0,-17.5,0,0,0,0,0,,,,LOOK / HOLD / SCENE
1093,2187-2188,91.083,odysseus,h,-5,9.1,3,180,0,1.3,0,0,22.6,-1.7,79.7,1.5,-17.2,0,-17.5,0,0,0,0,0,,,,LOOK / HOLD / SCENE
1094,2189-2190,91.167,odysseus,h,-5,9.1,3,180,0,1.3,0,0,22.6,-1.7,80.2,0.9,-17.2,0,-17.5,0,0,0,0,0,,,,LOOK / HOLD / SCENE
1095,2191-2192,91.25,odysseus,h,-5,9.1,3,180,0,1.3,0,0,22.6,-1.7,80.7,0.5,-17.2,0,-17.5,0,0,0,0,0,,,,LOOK / HOLD / SCENE
1096,2193-2194,91.333,odysseus,h,-5,9.1,3,180,0,1.3,0,-0.1,22.6,-1.7,81,0.2,-17.2,0,-17.5,0,0,0,0,0,,,,LOOK / HOLD / SCENE
1097,2195-2196,91.417,odysseus,h,-5,9.1,3,180,0,1.3,0,-0.1,22.6,-1.7,81.2,0,-17.2,0,-17.5,0,0,0,0,0,,,,LOOK / HOLD / SCENE
1098,2197-2198,91.5,odysseus,h,-5,9.1,3,180,0,1.3,0,-0.2,22.6,-1.7,81.2,-0.1,-17.2,0,-17.5,0,0,0,0,0,,,,WEIGHT SHIFT / HOLD / SCENE
1099,2199-2200,91.583,odysseus,h,-5,9.1,3,180,0,1,0,-0.2,22.6,-1.4,80.2,-0.2,-17.2,0,-17.5,0,0,0,0,0,,,,WEIGHT SHIFT / HOLD / SCENE
1100,2201-2202,91.667,odysseus,h,-5,9.1,3,180,0,0.5,0,-0.3,22.6,-0.6,78.4,-0.2,-17.2,0,-17.5,0,0,0,0,0,,,,WEIGHT SHIFT / HOLD / SCENE
1101,2203-2204,91.75,odysseus,A,-5,9.1,3,180,0,-0.2,0,-0.4,22.6,0.4,77.3,-0.3,-17.2,0,-17.5,0,0,0,0,0,,,,WEIGHT SHIFT / HOLD / SCENE
1102,2205-2206,91.833,odysseus,A,-5,9.1,3,180,0,-0.9,-0.1,-0.4,22.6,1.5,77.3,-0.4,-17.2,0,-17.5,0,0,0,0,0,,,,WEIGHT SHIFT / HOLD / SCENE
1103,2207-2208,91.917,odysseus,A,-5,9.1,3,177.2,0,-1.5,-0.1,-0.5,22.6,2.3,77.3,-0.4,-17.5,0,-17.5,0,0,0,0,0,,,,WEIGHT SHIFT / HOLD / SCENE
1104,2209-2210,92,odysseus,A,-5,9.1,3,166.7,0,-1.7,-0.1,-0.6,22.6,2.6,77.3,-0.5,-18.5,0,-17.5,0,0,0,0,0,,,,WEIGHT SHIFT / HOLD / SCENE
1105,2211-2212,92.083,odysseus,A,-5,9.1,3,150,0,-1.7,0,-0.7,22.6,2.5,77.3,-0.6,-20.1,0,-17.5,0,0,0,0,0,,,,WEIGHT SHIFT / HOLD / SCENE
1106,2213-2214,92.167,odysseus,A,-5,9.1,3,128.8,0,-1.7,0,-0.8,22.6,2.5,77.3,-0.7,-22.1,0,-17.5,0,0,0,0,0,,,,WEIGHT SHIFT / HOLD / SCENE
1107,2215-2216,92.25,odysseus,A,-5,9.1,3,104.9,0,-1.6,0,-0.9,22.6,2.4,77.3,-0.8,-24.4,0,-17.5,0,0,0,0,0,,,,WEIGHT SHIFT / HOLD / SCENE
1108,2217-2218,92.333,odysseus,A,-5,9.1,3,80,0,-1.6,0,-1,22.6,2.4,77.3,-0.8,-26.7,0,-17.5,0,0,0,0,0,,,,WEIGHT SHIFT / HOLD / SCENE
1109,2219-2220,92.417,odysseus,A,-5,9.1,3,55.8,0,-1.6,0,-1.1,22.6,2.3,77.3,-0.9,-29.1,0,-17.5,0,0,0,0,0,,,,WEIGHT SHIFT / HOLD / SCENE
1110,2221-2222,92.5,odysseus,A,-5,9.1,3,34,0,-1.6,0,-1.2,22.6,2.3,77.3,-1,-31.1,0,-17.5,0,0,0,0,0,,,,WEIGHT SHIFT / HOLD / SCENE
1111,2223-2224,92.583,odysseus,A,-5,9.1,3,16.2,0,-1.5,0,-1.3,22.6,2.2,77.3,-1.1,-32.8,0,-17.5,0,0,0,0,0,,,,WEIGHT SHIFT / HOLD / SCENE
1112,2225-2226,92.667,odysseus,A,-5,9.1,3,4.3,0,-1.5,0,-1.4,22.6,2.2,77.3,-1.1,-34,0,-17.5,0,0,0,0,0,,,,WEIGHT SHIFT / HOLD / SCENE
1113,2227-2228,92.75,odysseus,A,-5,9.1,3,0,0,-1.5,0,-1.4,22.6,2.1,77.3,-1.2,-34.4,0,-17.5,0,0,0,0,0,,,,WEIGHT SHIFT / HOLD / SCENE
1114,2229-2230,92.833,odysseus,h,-5,9.1,3,0,0,-1.5,0,-1.5,22.6,2.1,77.3,-1.3,-34.4,0,-17.5,0,0,0,0,0,,,,WEIGHT SHIFT / HOLD / SCENE
1115,2231-2232,92.917,odysseus,h,-5,9.1,3,0,0,-1.4,0,-1.6,22.6,2.1,77.3,-1.3,-34.4,0,-17.5,0,0,0,0,0,,,,WEIGHT SHIFT / HOLD / SCENE
1116,2233-2234,93,odysseus,h,-5,9.1,3,0,0,-1.4,0,-1.6,22.6,2,77.3,-1.3,-34.4,0,-17.5,0,0,0,0,0,,,,WEIGHT SHIFT / HOLD / SCENE
1117,2235-2236,93.083,odysseus,h,-5,9.1,3,0,0,-1.4,0,-1.7,22.6,2,77.3,-1.4,-34.4,0,-17.5,0,0,0,0,0,,,,WEIGHT SHIFT / HOLD / SCENE
1118,2237-2238,93.167,odysseus,h,-5,9.1,3,0,0,-1.4,0,-1.7,22.6,1.9,77.3,-1.4,-34.4,0,-17.5,0,0,0,0,0,,,,WEIGHT SHIFT / HOLD / SCENE
1119,2239-2240,93.25,odysseus,h,-5,9.1,3,0,0,-1.3,0,-1.7,22.6,1.9,77.3,-1.4,-34.4,0,-17.5,0,0,0,0,0,,,,WEIGHT SHIFT / HOLD / SCENE
1120,2241-2242,93.333,odysseus,h,-5,9.1,3,0,0,-1.3,0,-1.7,22.6,1.8,77.3,-1.4,-34.4,0,-17.5,0,0,0,0,0,,,,WEIGHT SHIFT / HOLD / SCENE
1121,2243-2244,93.417,odysseus,h,-5,9.1,3,0,0,-1.3,0,-1.7,22.6,1.8,77.3,-1.4,-34.4,0,-17.5,0,0,0,0,0,,,,WEIGHT SHIFT / HOLD / SCENE
1122,2245-2246,93.5,odysseus,A,-5,9.1,3,0,0,-1.3,0,-1.7,20.6,1.7,42.9,1.5,-34.4,0,-17.5,0,0,0,0,0,,,,LOOK / HOLD / SCENE
1123,2247-2248,93.583,odysseus,A,-5,9.1,3,0,0,-1.3,0,-1.6,15.6,1.7,16.2,0.3,-34.4,0,-17.5,0,0,0,0,0,,,,LOOK / HOLD / SCENE
1124,2249-2250,93.667,odysseus,A,-5,9.1,3,0,0,-1.3,0,-1.5,8.7,1.7,-3,-0.6,-34.4,0,-17.5,0,0,0,0,0,,,,LOOK / HOLD / SCENE
1125,2251-2252,93.75,odysseus,A,-5,9.1,3,0,0,-1.3,0,-1.4,1.2,1.7,-14.4,-1,-34.4,0,-17.5,0,0,0,0,0,,,,LOOK / HOLD / SCENE
1126,2253-2254,93.833,odysseus,A,-5,9.1,3,0,0,-1.3,0,-1.3,-5.6,1.7,-18.3,-1.1,-34.4,0,-17.5,0,0,0,0,0,,,,LOOK / HOLD / SCENE
1127,2255-2256,93.917,odysseus,A,-5,9.1,3,0,0,-1.3,0,-1.2,-10.6,1.7,-18,-1,-34.4,0,-17.5,0,0,0,0,0,,,,LOOK / HOLD / SCENE
1128,2257-2258,94,odysseus,A,-5,9.1,3,0,0,-1.3,0,-1.1,-12.6,1.7,-17.6,-0.9,-34.4,0,-17.5,0,0,0,0,0,,,,LOOK / HOLD / SCENE
1129,2259-2260,94.083,odysseus,h,-5,9.1,3,0,0,-1.3,0,-0.9,-12.6,1.7,-17.4,-0.8,-34.4,0,-17.5,0,0,0,0,0,,,,HOLD / SCENE
1130,2261-2262,94.167,odysseus,h,-5,9.1,3,0,0,-1.3,0,-0.8,-12.6,1.7,-17.4,-0.7,-34.4,0,-17.5,0,0,0,0,0,,,,HOLD / SCENE
1131,2263-2264,94.25,odysseus,h,-5,9.1,3,0,0,-1.3,0,-0.7,-12.6,1.7,-17.4,-0.5,-34.4,0,-17.5,0,0,0,0,0,,,,HOLD / SCENE
1132,2265-2266,94.333,odysseus,h,-5,9.1,3,0,0,-1.3,0,-0.5,-12.6,1.7,-17.4,-0.4,-34.4,0,-17.5,0,0,0,0,0,,,,HOLD / SCENE
1133,2267-2268,94.417,odysseus,h,-5,9.1,3,0,0,-1.3,0,-0.4,-12.6,1.7,-17.4,-0.3,-34.4,0,-17.5,0,0,0,0,0,,,,HOLD / SCENE
1134,2269-2270,94.5,odysseus,h,-5,9.1,3,0,0,-1.3,0,-0.3,-12.6,1.7,-17.4,-0.2,-34.4,0,-17.5,0,0,0,0,0,,,,HOLD / SCENE
1135,2271-2272,94.583,odysseus,h,-5,9.1,3,0,0,-1.3,0,-0.2,-12.6,1.7,-17.4,-0.2,-34.4,0,-17.5,0,0,0,0,0,,,,HOLD / SCENE
1136,2273-2274,94.667,odysseus,h,-5,9.1,3,0,0,-1.3,0,-0.1,-12.6,1.7,-17.4,-0.1,-34.4,0,-17.5,0,0,0,0,0,,,,HOLD / SCENE
1137,2275-2276,94.75,odysseus,h,-5,9.1,3,0,0,-1.3,0,-0.1,-12.6,1.7,-17.4,0,-34.4,0,-17.5,0,0,0,0,0,,,,HOLD / SCENE
1138,2277-2278,94.833,odysseus,h,-5,9.1,3,0,0,-1.3,0,0,-12.6,1.7,-17.4,0,-34.4,0,-17.5,0,0,0,0,0,,,,HOLD / SCENE
1139,2279-2280,94.917,odysseus,h,-5,9.1,3,0,0,-1.3,0,0,-12.6,1.7,-17.4,0,-34.4,0,-17.5,0,0,0,0,0,,,,HOLD / SCENE
1140,2281-2282,95,odysseus,h,-5,9.1,3,0,0,-1.3,0,0,-12.6,1.7,-17.4,0,-34.4,0,-17.5,0,0,0,0,0,,,,HOLD / SCENE
1141,2283-2284,95.083,odysseus,h,-5,9.1,3,0,0,-1.3,0,0,-12.6,1.7,-17.4,0,-34.4,0,-17.5,0,0,0,0,0,,,,HOLD / SCENE
1142,2285-2286,95.167,odysseus,h,-5,9.1,3,0,0,-1.3,0,-0.1,-12.6,1.7,-17.4,0,-34.4,0,-17.5,0,0,0,0,0,,,,HOLD / SCENE
1143,2287-2288,95.25,odysseus,h,-5,9.1,3,0,0,-1.3,0,-0.1,-12.6,1.7,-17.4,-0.1,-34.4,0,-17.5,0,0,0,0,0,,,,HOLD / SCENE
1144,2289-2290,95.333,odysseus,h,-5,9.1,3,0,0,-1.3,0,-0.2,-12.6,1.7,-17.4,-0.1,-34.4,0,-17.5,0,0,0,0,0,,,,WEIGHT SHIFT / HOLD / SCENE
1145,2291-2292,95.417,odysseus,h,-5,9.1,3,0,0,-1,0,-0.2,-12.6,1.3,-17.4,-0.2,-34.4,0,-17.5,0,0,0,0,0,,,,WEIGHT SHIFT / HOLD / SCENE
1146,2293-2294,95.5,odysseus,A,-5,9.1,3,0,0,-0.2,0,-0.3,-12.6,0.2,-17.4,-0.2,-34.4,0,-17.5,0,0,0,0,0,,,,WEIGHT SHIFT / HOLD / SCENE
1147,2295-2296,95.583,odysseus,A,-5,9.1,3,0,0,0.7,-0.1,-0.4,-12.6,-1.1,-17.4,-0.3,-34.4,0,-17.5,0,0,0,0,0,,,,WEIGHT SHIFT / HOLD / SCENE
1148,2297-2298,95.667,odysseus,A,-5,9.1,3,0,0,1.4,-0.1,-0.4,-12.6,-2.1,-17.4,-0.4,-34.4,0,-17.5,0,0,0,0,0,,,,WEIGHT SHIFT / HOLD / SCENE
1149,2299-2300,95.75,odysseus,h,-5,9.1,3,0,0,1.7,-0.1,-0.5,-12.6,-2.6,-17.4,-0.4,-34.4,0,-17.5,0,0,0,0,0,,,,WEIGHT SHIFT / HOLD / SCENE
1150,2301-2302,95.833,odysseus,h,-5,9.1,3,0,0,1.7,0,-0.6,-12.6,-2.5,-17.4,-0.5,-34.4,0,-17.5,0,0,0,0,0,,,,WEIGHT SHIFT / HOLD / SCENE
1151,2303-2304,95.917,odysseus,h,-5,9.1,3,0,0,1.7,0,-0.7,-12.6,-2.5,-17.4,-0.6,-34.4,0,-17.5,0,0,0,0,0,,,,WEIGHT SHIFT / HOLD / SCENE
1152,2305-2306,96,odysseus,h,-5,9.1,3,0,0,1.6,0,-0.8,-12.6,-2.4,-17.4,-0.7,-34.4,0,-17.5,0,0,0,0,0,,,,WEIGHT SHIFT / HOLD / SCENE
1153,2307-2308,96.083,odysseus,h,-5,9.1,3,0,0,1.6,0,-0.9,-12.6,-2.4,-17.4,-0.8,-34.4,0,-17.5,0,0,0,0,0,,,,WEIGHT SHIFT / HOLD / SCENE
1154,2309-2310,96.167,odysseus,h,-5,9.1,3,0,0,1.6,0,-1,-12.6,-2.4,-17.4,-0.8,-34.4,0,-17.5,0,0,0,0,0,,,,WEIGHT SHIFT / HOLD / SCENE
1155,2311-2312,96.25,odysseus,h,-5,9.1,3,0,0,1.6,0,-1.1,-12.6,-2.3,-17.4,-0.9,-34.4,0,-17.5,0,0,0,0,0,,,,WEIGHT SHIFT / HOLD / SCENE
1156,2313-2314,96.333,odysseus,h,-5,9.1,3,0,0,1.6,0,-1.2,-12.6,-2.3,-17.4,-1,-34.4,0,-17.5,0,0,0,0,0,,,,WEIGHT SHIFT / HOLD / SCENE
1157,2315-2316,96.417,odysseus,h,-5,9.1,3,0,0,1.5,0,-1.3,-12.6,-2.2,-17.4,-1.1,-34.4,0,-17.5,0,0,0,0,0,,,,WEIGHT SHIFT / HOLD / SCENE
1158,2317-2318,96.5,odysseus,h,-5,9.1,3,0,0,1.5,0,-1.4,-12.6,-2.2,-17.4,-1.1,-34.4,0,-17.5,0,0,0,0,0,,,,LOOK / HOLD / SCENE
1159,2319-2320,96.583,odysseus,A,-5,9.1,3,0,0,1.5,0,-1.4,-12.6,-2.1,-17.7,1.7,-34.4,0,-17.5,0,0,0,0,0,,,,LOOK / HOLD / SCENE
1160,2321-2322,96.667,odysseus,h,-5,9.1,3,0,0,1.5,0,-1.5,-12.6,-2.1,-17.9,0.4,-34.4,0,-17.5,0,0,0,0,0,,,,LOOK / HOLD / SCENE
1161,2323-2324,96.75,odysseus,h,-5,9.1,3,0,0,1.4,0,-1.6,-12.6,-2,-18.1,-0.6,-34.4,0,-17.5,0,0,0,0,0,,,,LOOK / HOLD / SCENE
1162,2325-2326,96.833,odysseus,h,-5,9.1,3,0,0,1.4,0,-1.6,-12.6,-2,-18.2,-1.2,-34.4,0,-17.5,0,0,0,0,0,,,,LOOK / HOLD / SCENE
1163,2327-2328,96.917,odysseus,h,-5,9.1,3,0,0,1.4,0,-1.7,-12.6,-1.9,-18.3,-1.4,-34.4,0,-17.5,0,0,0,0,0,,,,LOOK / HOLD / SCENE
1164,2329-2330,97,odysseus,h,-5,9.1,3,0,0,1.4,0,-1.7,-12.6,-1.9,-18,-1.4,-34.4,0,-17.5,0,0,0,0,0,,,,LOOK / HOLD / SCENE
1165,2331-2332,97.083,odysseus,h,-5,9.1,3,0,0,1.3,0,-1.7,-12.6,-1.9,-17.6,-1.4,-34.4,0,-17.5,0,0,0,0,0,,,,LOOK / HOLD / SCENE
1166,2333-2334,97.167,odysseus,h,-5,9.1,3,0,0,1.3,0,-1.7,-12.6,-1.8,-17.4,-1.4,-34.4,0,-17.5,0,0,0,0,0,,,,LOOK / HOLD / SCENE
1167,2335-2336,97.25,odysseus,h,-5,9.1,3,0,0,1.3,0,-1.7,-12.6,-1.8,-17.4,-1.4,-34.4,0,-17.5,0,0,0,0,0,,,,WEIGHT SHIFT / HOLD / SCENE
1168,2337-2338,97.333,odysseus,h,-5,9.1,3,0,0,1.3,0,-1.7,-12.6,-1.7,-17.4,-1.4,-34.4,0,-17.5,0,0,0,0,0,,,,HOLD / SCENE
1169,2339-2340,97.417,odysseus,h,-5,9.1,3,0,0,1.3,0,-1.6,-12.6,-1.7,-17.4,-1.3,-34.4,0,-17.5,0,0,0,0,0,,,,HOLD / SCENE
1170,2341-2342,97.5,odysseus,h,-5,9.1,3,0,0,1.3,0,-1.5,-12.6,-1.7,-17.4,-1.3,-34.4,0,-17.5,0,0,0,0,0,,,,HOLD / SCENE
1171,2343-2344,97.583,odysseus,h,-5,9.1,3,0,0,1.3,0,-1.4,-12.6,-1.7,-17.4,-1.2,-34.4,0,-17.5,0,0,0,0,0,,,,HOLD / SCENE
1172,2345-2346,97.667,odysseus,h,-5,9.1,3,0,0,1.3,0,-1.3,-12.6,-1.7,-17.4,-1.1,-34.4,0,-17.5,0,0,0,0,0,,,,HOLD / SCENE
1173,2347-2348,97.75,odysseus,h,-5,9.1,3,0,0,1.3,0,-1.2,-12.6,-1.7,-17.4,-1,-34.4,0,-17.5,0,0,0,0,0,,,,HOLD / SCENE
1174,2349-2350,97.833,odysseus,h,-5,9.1,3,0,0,1.3,0,-1.1,-12.6,-1.7,-17.4,-0.9,-34.4,0,-17.5,0,0,0,0,0,,,,HOLD / SCENE
1175,2351-2352,97.917,odysseus,h,-5,9.1,3,0,0,1.3,0,-0.9,-12.6,-1.7,-17.4,-0.8,-34.4,0,-17.5,0,0,0,0,0,,,,HOLD / SCENE
1176,2353-2354,98,odysseus,h,-5,9.1,3,0,0,1.3,0,-0.8,-12.6,-1.7,-17.4,-0.7,-34.4,0,-17.5,0,0,0,0,0,,,,HOLD / SCENE
1177,2355-2356,98.083,odysseus,h,-5,9.1,3,0,0,1.3,0,-0.7,-12.6,-1.7,-17.4,-0.5,-34.4,0,-17.5,0,0,0,0,0,,,,HOLD / SCENE
1178,2357-2358,98.167,odysseus,h,-5,9.1,3,0,0,1.3,0,-0.5,-12.6,-1.7,-17.4,-0.4,-34.4,0,-17.5,0,0,0,0,0,,,,HOLD / SCENE
1179,2359-2360,98.25,odysseus,h,-5,9.1,3,0,0,1.3,0,-0.4,-12.6,-1.7,-17.4,-0.3,-34.4,0,-17.5,0,0,0,0,0,,,,WEIGHT SHIFT / HOLD / SCENE
1180,2361-2362,98.333,odysseus,h,-5,9.1,3,0,0,1,0,-0.3,-12.6,-1.3,-17.4,-0.2,-34.4,0,-17.5,0,0,0,0,0,,,,WEIGHT SHIFT / HOLD / SCENE
1181,2363-2364,98.417,odysseus,A,-5,9.1,3,0,0,0.2,0,-0.2,-12.6,-0.2,-17.4,-0.2,-34.4,0,-17.5,0,0,0,0,0,,,,WEIGHT SHIFT / HOLD / SCENE
1182,2365-2366,98.5,odysseus,A,-5,9.1,3,0,0,-0.7,-0.1,-0.1,-12.6,1.1,-17.4,-0.1,-34.4,0,-17.5,0,0,0,0,0,,,,WEIGHT SHIFT / HOLD / SCENE
1183,2367-2368,98.583,odysseus,A,-5,9.1,3,0,0,-1.4,-0.1,-0.1,-12.6,2.1,-17.4,0,-34.4,0,-17.5,0,0,0,0,0,,,,WEIGHT SHIFT / HOLD / SCENE
1184,2369-2370,98.667,odysseus,h,-5,9.1,3,0,0,-1.7,-0.1,0,-12.6,2.6,-17.4,0,-34.4,0,-17.5,0,0,0,0,0,,,,WEIGHT SHIFT / HOLD / SCENE
1185,2371-2372,98.75,odysseus,h,-5,9.1,3,0,0,-1.7,0,0,-12.6,2.5,-17.4,0,-34.4,0,-17.5,0,0,0,0,0,,,,WEIGHT SHIFT / HOLD / SCENE
1186,2373-2374,98.833,odysseus,h,-5,9.1,3,0,0,-1.7,0,0,-12.6,2.5,-17.4,0,-34.4,0,-17.5,0,0,0,0,0,,,,WEIGHT SHIFT / HOLD / SCENE
1187,2375-2376,98.917,odysseus,h,-5,9.1,3,0,0,-1.6,0,0,-12.6,2.4,-17.4,0,-34.4,0,-17.5,0,0,0,0,0,,,,WEIGHT SHIFT / HOLD / SCENE
1188,2377-2378,99,odysseus,h,-5,9.1,3,0,0,-1.6,0,-0.1,-12.6,2.4,-17.4,0,-34.4,0,-17.5,0,0,0,0,0,,,,WEIGHT SHIFT / HOLD / SCENE
1189,2379-2380,99.083,odysseus,h,-5,9.1,3,0,0,-1.6,0,-0.1,-12.6,2.4,-17.4,-0.1,-34.4,0,-17.5,0,0,0,0,0,,,,WEIGHT SHIFT / HOLD / SCENE
1190,2381-2382,99.167,odysseus,h,-5,9.1,3,0,0,-1.6,0,-0.2,-12.6,2.3,-17.4,-0.1,-34.4,0,-17.5,0,0,0,0,0,,,,WEIGHT SHIFT / HOLD / SCENE
1191,2383-2384,99.25,odysseus,A,-5,9.1,3,0,0,-1.6,0,-0.2,-12.6,2.3,-17.7,2.7,-34.4,0,-17.5,0,0,0,0,0,,,,LOOK / HOLD / SCENE
1192,2385-2386,99.333,odysseus,h,-5,9.1,3,0,0,-1.5,0,-0.3,-12.6,2.2,-17.9,1.4,-34.4,0,-17.5,0,0,0,0,0,,,,LOOK / HOLD / SCENE
1193,2387-2388,99.417,odysseus,h,-5,9.1,3,0,0,-1.5,0,-0.4,-12.6,2.2,-18.1,0.4,-34.4,0,-17.5,0,0,0,0,0,,,,LOOK / HOLD / SCENE
1194,2389-2390,99.5,odysseus,h,-5,9.1,3,0,0,-1.5,0,-0.4,-12.6,2.1,-18.2,-0.2,-34.4,0,-17.5,0,0,0,0,0,,,,LOOK / HOLD / SCENE
1195,2391-2392,99.583,odysseus,h,-5,9.1,3,0,0,-1.5,0,-0.5,-12.6,2.1,-18.3,-0.4,-34.4,0,-17.5,0,0,0,0,0,,,,LOOK / HOLD / SCENE
1196,2393-2394,99.667,odysseus,h,-5,9.1,3,0,0,-1.4,0,-0.6,-12.6,2,-18,-0.5,-34.4,0,-17.5,0,0,0,0,0,,,,LOOK / HOLD / SCENE
1197,2395-2396,99.75,odysseus,h,-5,9.1,3,0,0,-1.4,0,-0.7,-12.6,2,-17.6,-0.6,-34.4,0,-17.5,0,0,0,0,0,,,,LOOK / HOLD / SCENE
1198,2397-2398,99.833,odysseus,h,-5,9.1,3,0,0,-1.4,0,-0.8,-12.6,1.9,-17.4,-0.7,-34.4,0,-17.5,0,0,0,0,0,,,,WEIGHT SHIFT / HOLD / SCENE
1199,2399-2400,99.917,odysseus,h,-5,9.1,3,0,0,-1.4,0,-0.9,-12.6,1.9,-17.4,-0.8,-34.4,0,-17.5,0,0,0,0,0,,,,WEIGHT SHIFT / HOLD / SCENE
1200,2401-2402,100,odysseus,h,-5,9.1,3,0,0,-1.3,0,-1,-12.6,1.9,-17.4,-0.8,-34.4,0,-17.5,0,0,0,0,0,,,,WEIGHT SHIFT / HOLD / SCENE
1201,2403-2404,100.083,odysseus,h,-5,9.1,3,0,0,-1.3,0,-1.1,-12.6,1.8,-17.4,-0.9,-34.4,0,-17.5,0,0,0,0,0,,,,WEIGHT SHIFT / HOLD / SCENE
1202,2405-2406,100.167,odysseus,h,-5,9.1,3,0,0,-1.3,0,-1.2,-12.6,1.8,-17.4,-1,-34.4,0,-17.5,0,0,0,0,0,,,,WEIGHT SHIFT / HOLD / SCENE
1203,2407-2408,100.25,odysseus,h,-5,9.1,3,0,0,-1.3,0,-1.3,-12.6,1.7,-17.4,-1.1,-34.4,0,-17.5,0,0,0,0,0,,,,WEIGHT SHIFT / HOLD / SCENE
1204,2409-2410,100.333,odysseus,h,-5,9.1,3,0,0,-1.3,0,-1.4,-12.6,1.7,-17.4,-1.1,-34.4,0,-17.5,0,0,0,0,0,,,,HOLD / SCENE
1205,2411-2412,100.417,odysseus,h,-5,9.1,3,0,0,-1.3,0,-1.4,-12.6,1.7,-17.4,-1.2,-34.4,0,-17.5,0,0,0,0,0,,,,HOLD / SCENE
