# stop-motion pose sheet for OD-B22-S01 (tools/perform/hardware.js): each drawing on twos (frames at 24), the principals; angles in degrees as set on the toy; x, z in studs, y and hips in plates
# state: A action, R reaction, H alive hold, h authored hold, D dead; holds_R/L: what the hand holds (ownership at that drawing); why: the score's causal chain
drawing,frames,t,actor,state,x_studs,y_plates,z_studs,heading,pitch,roll,hips_plates,torso.lean,torso.twist,torso.roll,head.yaw,head.pitch,arm.R.pitch,arm.R.out,arm.L.pitch,arm.L.out,hand.R.roll,hand.L.roll,leg.R.pitch,leg.L.pitch,holds_R,holds_L,contacts,why
0,1-2,0,odysseus-revealed,H,0,1.5,12.5,180,0,0,0.1,-1.7,0,0,0,-1.4,-137.5,0,-68.8,0,0,0,0,0,,bow,,BREATH
0,1-2,0,antinous,H,11,1.5,-6.5,0,0,0,0,0,0,0,0,0,-108.9,0,0,0,0,0,0,0,,,,BREATH
1,3-4,0.083,odysseus-revealed,H,0,1.5,12.5,180,0,0,0.1,-1.7,0,0,0,-1.4,-137.5,0,-68.8,0,0,0,0,0,,bow,,BREATH
1,3-4,0.083,antinous,H,11,1.5,-6.5,0,0,0,0,-0.3,0,0,0,-0.2,-108.9,0,0,0,0,0,0,0,,,,BREATH
2,5-6,0.167,odysseus-revealed,H,0,1.5,12.5,180,0,0,0.1,-1.7,0,0,0,-1.4,-137.5,0,-68.8,0,0,0,0,0,,bow,,BREATH
2,5-6,0.167,antinous,H,11,1.5,-6.5,0,0,0,0,-0.9,0,0,0,-0.7,-108.9,0,0,0,0,0,0,0,,,,BREATH
3,7-8,0.25,odysseus-revealed,H,0,1.5,12.5,180,0,0,0.1,-1.6,0,0,0,-1.3,-137.5,0,-68.8,0,0,0,0,0,,bow,,BREATH
3,7-8,0.25,antinous,H,11,1.5,-6.5,0,0,0,0.1,-1.5,0,0,0,-1.2,-108.9,0,0,0,0,0,0,0,,,,BREATH
4,9-10,0.333,odysseus-revealed,H,0,1.5,12.5,180,0,0,0.1,-1.5,0,0,0,-1.2,-137.5,0,-68.8,0,0,0,0,0,,bow,,BREATH
4,9-10,0.333,antinous,h,11,1.5,-6.5,0,0,0,0.1,-1.7,0,0,0,-1.4,-108.9,0,0,0,0,0,0,0,,,,HOLD / SCENE
5,11-12,0.417,odysseus-revealed,H,0,1.5,12.5,180,0,0,0.1,-1.4,0,0,0,-1.1,-137.5,0,-68.8,0,0,0,0,0,,bow,,BREATH
5,11-12,0.417,antinous,h,11,1.5,-6.5,0,0,0,0.1,-1.7,0,0,0,-1.4,-108.9,0,0,0,0,0,0,0,,,,HOLD / SCENE
6,13-14,0.5,odysseus-revealed,H,0,1.5,12.5,180,0,0,0.1,-1.2,0,0,0,-1,-137.5,0,-68.8,0,0,0,0,0,,bow,,BREATH
6,13-14,0.5,antinous,h,11,1.5,-6.5,0,0,0,0.1,-1.7,0,0,0,-1.4,-108.9,0,0,0,0,0,0,0,,,,LOOK / HOLD / SCENE
7,15-16,0.583,odysseus-revealed,H,0,1.5,12.5,180,0,0,0.1,-1.1,0,0,0,-0.9,-137.5,0,-68.8,0,0,0,0,0,,bow,,BREATH
7,15-16,0.583,antinous,A,11,1.5,-6.5,0,0,0,0.1,-1.6,0.2,0,2,1.5,-108.9,0,0,0,0,0,0,0,,,,LOOK / HOLD / SCENE
8,17-18,0.667,odysseus-revealed,H,0,1.5,12.5,180,0,0,0,-0.9,0,0,0,-0.8,-137.5,0,-68.8,0,0,0,0,0,,bow,,BREATH
8,17-18,0.667,antinous,h,11,1.5,-6.5,0,0,0,0.1,-1.5,0.6,0,3.5,0,-108.9,0,0,0,0,0,0,0,,,,LOOK / HOLD / SCENE
9,19-20,0.75,odysseus-revealed,H,0,1.5,12.5,180,0,0,0,-0.8,0,0,0,-0.7,-137.5,0,-68.8,0,0,0,0,0,,bow,,BREATH
9,19-20,0.75,antinous,h,11,1.5,-6.5,0,0,0,0.1,-1.5,1.2,0,4.3,-0.9,-108.9,0,0,0,0,0,0,0,,,,LOOK / HOLD / SCENE
10,21-22,0.833,odysseus-revealed,H,0,1.5,12.5,180,0,0,0,-0.6,0,0,0,-0.5,-137.5,0,-68.8,0,0,0,0,0,,bow,,BREATH
10,21-22,0.833,antinous,h,11,1.5,-6.5,0,0,0,0.1,-1.3,1.8,0,4.6,-1.1,-108.9,0,0,0,0,0,0,0,,,,LOOK / HOLD / SCENE
11,23-24,0.917,odysseus-revealed,H,0,1.5,12.5,180,0,0,0,-0.5,0,0,0,-0.4,-137.5,0,-68.8,0,0,0,0,0,,bow,,BREATH
11,23-24,0.917,antinous,h,11,1.5,-6.5,0,0,0,0.1,-1.2,2.2,0,4.6,-1,-108.9,0,0,0,0,0,0,0,,,,LOOK / HOLD / SCENE
12,25-26,1,odysseus-revealed,H,0,1.5,12.5,180,0,0,0,-0.4,0,0,0,-0.3,-137.5,0,-68.8,0,0,0,0,0,,bow,,BREATH
12,25-26,1,antinous,h,11,1.5,-6.5,0,0,0,0.1,-1.1,2.4,0,4.5,-0.9,-108.9,0,0,0,0,0,0,0,,,,LOOK / HOLD / SCENE
13,27-28,1.083,odysseus-revealed,H,0,1.5,12.5,180,0,0,0,-0.2,0,0,0,-0.2,-137.5,0,-68.8,0,0,0,0,0,,bow,,BREATH
13,27-28,1.083,antinous,h,11,1.5,-6.5,0,0,0,0,-1,2.4,0,4.4,-0.8,-108.9,0,0,0,0,0,0,0,,,,HOLD / SCENE
14,29-30,1.167,odysseus-revealed,H,0,1.5,12.5,180,0,0,0,-0.1,0,0,0,-0.1,-137.5,0,-68.8,0,0,0,0,0,,bow,,BREATH
14,29-30,1.167,antinous,h,11,1.5,-6.5,0,0,0,0,-0.9,2.4,0,4.4,-0.7,-108.9,0,0,0,0,0,0,0,,,,HOLD / SCENE
15,31-32,1.25,odysseus-revealed,H,0,1.5,12.5,180,0,0,0,-0.1,0,0,0,-0.1,-137.5,0,-68.8,0,0,0,0,0,,bow,,BREATH
15,31-32,1.25,antinous,h,11,1.5,-6.5,0,0,0,0,-0.7,2.4,0,4.4,-0.6,-108.9,0,0,0,0,0,0,0,,,,HOLD / SCENE
16,33-34,1.333,odysseus-revealed,H,0,1.5,12.5,180,0,0,0,0,0,0,0,0,-137.5,0,-68.8,0,0,0,0,0,,bow,,BREATH
16,33-34,1.333,antinous,h,11,1.5,-6.5,0,0,0,0,-0.6,2.4,0,4.4,-0.5,-108.9,0,0,0,0,0,0,0,,,,HOLD / SCENE
17,35-36,1.417,odysseus-revealed,H,0,1.5,12.5,180,0,0,0,0,0,0,0,0,-137.5,0,-68.8,0,0,0,0,0,,bow,,STRIP / NARRATION
17,35-36,1.417,antinous,h,11,1.5,-6.5,0,0,0,0,-0.5,2.4,0,4.4,-0.4,-108.9,0,0,0,0,0,0,0,,,,HOLD / SCENE
18,37-38,1.5,odysseus-revealed,A,0,1.5,12.5,180,0,0,0,1.1,0,0,0,1.1,-125,-1.3,-67,-1.3,0,0,0,0,,bow,,STRIP / STRIP / NARRATION
18,37-38,1.5,antinous,h,11,1.5,-6.5,0,0,0,0,-0.4,2.4,0,4.4,-0.3,-108.9,0,0,0,0,0,0,0,,,,HOLD / SCENE
19,39-40,1.583,odysseus-revealed,A,0,1.5,12.5,180,0,0,0,3.4,0,0,0,3.4,-97.4,-4.3,-63,-4.3,0,0,0,0,,bow,,STRIP / STRIP / NARRATION
19,39-40,1.583,antinous,h,11,1.5,-6.5,0,0,0,0,-0.3,2.4,0,4.4,-0.2,-108.9,0,0,0,0,0,0,0,,,,HOLD / SCENE
20,41-42,1.667,odysseus-revealed,A,0,1.5,12.5,180,0,0,0,5.7,0,0,0,5.7,-69.8,-7.3,-59.1,-7.3,0,0,0,0,,bow,,STRIP / STRIP / NARRATION
20,41-42,1.667,antinous,h,11,1.5,-6.5,0,0,0,0,-0.2,2.4,0,4.4,-0.1,-108.9,0,0,0,0,0,0,0,,,,HOLD / SCENE
21,43-44,1.75,odysseus-revealed,A,0,1.5,12.5,180,0,0,0,6.7,0,0,0,6.8,-57.3,-8.6,-57.3,-8.6,0,0,0,0,,bow,,STRIP / STRIP / NARRATION
21,43-44,1.75,antinous,h,11,1.5,-6.5,0,0,0,0,-0.1,2.4,0,4.4,-0.1,-108.9,0,0,0,0,0,0,0,,,,HOLD / SCENE
22,45-46,1.833,odysseus-revealed,A,0,1.5,12.5,180,0,0,0,3.2,0,0,0,2.9,-90.6,-2.5,-90.6,-2.5,0,0,0,0,,bow,,STRIP / STRIP / NARRATION
22,45-46,1.833,antinous,h,11,1.5,-6.5,0,0,0,0,0,2.4,0,4.4,0,-108.9,0,0,0,0,0,0,0,,,,HOLD / SCENE
23,47-48,1.917,odysseus-revealed,A,0,1.5,12.5,180,0,0,0,0.2,0,0,0,-0.4,-117.8,2.5,-117.8,2.5,0,0,0,0,,bow,,STRIP / STRIP / NARRATION
23,47-48,1.917,antinous,h,11,1.5,-6.5,0,0,0,0,0,2.4,0,4.4,0,-108.9,0,0,0,0,0,0,0,,,,HOLD / SCENE
24,49-50,2,odysseus-revealed,A,0,1.5,12.5,180,0,0,0,-2.1,0,0,0,-2.9,-138.9,6.4,-138.9,6.4,0,0,0,0,,bow,,STRIP / STRIP / NARRATION
24,49-50,2,antinous,h,11,1.5,-6.5,0,0,0.2,0,0,2.4,-0.3,4.4,0,-108.9,0,0,0,0,0,0,0,,,,WEIGHT SHIFT / HOLD / SCENE
25,51-52,2.083,odysseus-revealed,A,0,1.5,12.5,180,0,0,0,-3.8,0,0,0,-4.7,-154.1,9.2,-154.1,9.2,0,0,0,0,,bow,,STRIP / STRIP / NARRATION
25,51-52,2.083,antinous,h,11,1.5,-6.5,0,0,0.6,0,0,2.4,-0.9,4.4,0,-108.9,0,0,0,0,0,0,0,,,,WEIGHT SHIFT / HOLD / SCENE
26,53-54,2.167,odysseus-revealed,A,0,1.5,12.5,180,0,0,0,-4.8,0,0,0,-5.8,-163.1,10.9,-163.1,10.9,0,0,0,0,,bow,,STRIP / STRIP / NARRATION
26,53-54,2.167,antinous,h,11,1.5,-6.5,0,0,1.1,-0.1,0,2.4,-1.7,4.4,0,-108.9,0,0,0,0,0,0,0,,,,WEIGHT SHIFT / HOLD / SCENE
27,55-56,2.25,odysseus-revealed,A,0,1.5,12.5,180,0,0,0,-5.2,0,0,0,-6.3,-166.2,11.5,-166.2,11.5,0,0,0,0,,bow,,STRIP / STRIP / NARRATION
27,55-56,2.25,antinous,h,11,1.5,-6.5,0,0,1.5,-0.1,-0.1,2.4,-2.3,4.4,0,-108.9,0,0,0,0,0,0,0,,,,WEIGHT SHIFT / HOLD / SCENE
28,57-58,2.333,odysseus-revealed,A,0,1.5,12.5,180,0,0,0,0,0,0,0,-6.3,-89.7,21,-82.1,21,0,0,0,0,,bow,,STRIP / STRIP / NARRATION
28,57-58,2.333,antinous,h,11,1.5,-6.5,0,0,1.7,-0.1,-0.1,2.4,-2.6,4.4,-0.1,-108.9,0,0,0,0,0,0,0,,,,WEIGHT SHIFT / HOLD / SCENE
29,59-60,2.417,odysseus-revealed,A,0,1.5,12.5,180,0,0,0,2.5,0,0,0,-6.1,-53.2,25.6,-41.9,25.6,0,0,0,0,,bow,,STRIP / STRIP / NARRATION
29,59-60,2.417,antinous,h,11,1.5,-6.5,0,0,1.7,0,-0.1,2.4,-2.5,4.4,-0.1,-108.9,0,0,0,0,0,0,0,,,,WEIGHT SHIFT / HOLD / SCENE
30,61-62,2.5,odysseus-revealed,A,0,1.5,12.5,180,0,0,0,3,0,0,0,-5.9,-43.5,26.8,-31.2,26.8,0,0,0,0,,bow,,STRIP / STRIP / NARRATION
30,61-62,2.5,antinous,h,11,1.5,-6.5,0,0,1.7,0,-0.2,2.4,-2.5,4.4,-0.2,-108.9,0,0,0,0,0,0,0,,,,WEIGHT SHIFT / HOLD / SCENE
31,63-64,2.583,odysseus-revealed,A,0,1.5,12.5,180,0,0,0.1,2.7,0,0,0,-5.5,-47.3,26.3,-35.5,26.3,0,0,0,0,,bow,,STRIP / STRIP / NARRATION
31,63-64,2.583,antinous,h,11,1.5,-6.5,0,0,1.6,0,-0.3,2.4,-2.4,4.4,-0.2,-108.9,0,0,0,0,0,0,0,,,,WEIGHT SHIFT / HOLD / SCENE
32,65-66,2.667,odysseus-revealed,A,0,1.5,12.5,180,0,0,0.1,2.3,0,0,0,-5,-51.6,25.8,-40.1,25.8,0,0,0,0,,bow,,STRIP / STRIP / NARRATION
32,65-66,2.667,antinous,h,11,1.5,-6.5,0,0,1.6,0,-0.3,2.4,-2.4,4.4,-0.3,-108.9,0,0,0,0,0,0,0,,,,WEIGHT SHIFT / HOLD / SCENE
33,67-68,2.75,odysseus-revealed,A,0,1.5,12.5,180,0,0,0.1,2,0,0,0,-4.5,-55.1,24.9,-41.3,24.9,0,0,0,0,,bow,,STRIP / STRIP / NARRATION
33,67-68,2.75,antinous,h,11,1.5,-6.5,0,0,1.6,0,-0.4,2.4,-2.4,4.4,-0.3,-108.9,0,0,0,0,0,0,0,,,,WEIGHT SHIFT / HOLD / SCENE
34,69-70,2.833,odysseus-revealed,A,0,1.5,12.5,180,0,0,0.1,1.6,0,0,0,-4,-64.5,22.5,-44.4,22.5,0,0,0,0,,bow,,STRIP / STRIP / NARRATION
34,69-70,2.833,antinous,h,11,1.5,-6.5,0,0,1.6,0,-0.5,2.4,-2.3,4.4,-0.4,-108.9,0,0,0,0,0,0,0,,,,WEIGHT SHIFT / HOLD / SCENE
35,71-72,2.917,odysseus-revealed,A,0,1.5,12.5,180,0,0,0.1,0.9,0,0,0,-3.5,-77.8,19.1,-48.9,19.1,0,0,0,0,,bow,,STRIP / STRIP / NARRATION
35,71-72,2.917,antinous,h,11,1.5,-6.5,0,0,1.6,0,-0.6,2.4,-2.3,4.4,-0.5,-108.9,0,0,0,0,0,0,0,,,,WEIGHT SHIFT / HOLD / SCENE
36,73-74,3,odysseus-revealed,A,0,1.5,12.5,180,0,0,0.1,0.3,0,0,0,-2.9,-93.1,15,-53.9,15,0,0,0,0,,bow,,STRIP / STRIP / NARRATION
36,73-74,3,antinous,h,11,1.5,-6.5,0,0,1.5,0,-0.7,2.4,-2.2,4.4,-0.6,-108.9,0,0,0,0,0,0,0,,,,WEIGHT SHIFT / HOLD / SCENE
37,75-76,3.083,odysseus-revealed,A,0,1.5,12.5,180,0,0,0.1,-0.4,0,0,0,-2.5,-108.3,10.8,-59,10.8,0,0,0,0,,bow,,STRIP / STRIP / NARRATION
37,75-76,3.083,antinous,h,11,1.5,-6.5,0,0,1.5,0,-0.8,2.4,-2.2,4.4,-0.6,-108.9,0,0,0,0,0,0,0,,,,WEIGHT SHIFT / HOLD / SCENE
38,77-78,3.167,odysseus-revealed,A,0,1.5,12.5,180,0,0,0.1,-1,0,0,0,-2,-121.6,6.7,-63.5,6.7,0,0,0,0,,bow,,STRIP / STRIP / NARRATION
38,77-78,3.167,antinous,h,11,1.5,-6.5,0,0,1.5,0,-0.9,2.4,-2.1,4.4,-0.7,-108.9,0,0,0,0,0,0,0,,,,WEIGHT SHIFT / HOLD / SCENE
39,79-80,3.25,odysseus-revealed,A,0,1.5,12.5,180,0,0,0.1,-1.4,0,0,0,-1.7,-131,3.3,-66.6,3.3,0,0,0,0,,bow,,STRIP / STRIP / NARRATION
39,79-80,3.25,antinous,h,11,1.5,-6.5,0,0,1.5,0,-1,2.4,-2.1,4.4,-0.8,-108.9,0,0,0,0,0,0,0,,,,WEIGHT SHIFT / HOLD / SCENE
40,81-82,3.333,odysseus-revealed,A,0,1.5,12.5,180,0,0,0.1,-1.6,0,0,0,-1.5,-134.6,0.9,-67.8,0.9,0,0,0,0,,bow,,LEAP / LEAP / STRIP
40,81-82,3.333,antinous,h,11,1.5,-6.5,0,0,1.4,0,-1,2.4,-2,4.4,-0.9,-108.9,0,0,0,0,0,0,0,,,,WEIGHT SHIFT / HOLD / SCENE
41,83-84,3.417,odysseus-revealed,A,0,2,12.5,180,0,0,0,3.5,0,0,0,-1.4,-125.3,0,-57.8,0,0,0,-6.2,-6.2,,bow,,LEAP / LEAP / STRIP
41,83-84,3.417,antinous,h,11,1.5,-6.5,0,0,1.4,0,-1.1,2.4,-2,4.4,-0.9,-108.9,0,0,0,0,0,0,0,,,,WEIGHT SHIFT / HOLD / SCENE
42,85-86,3.5,odysseus-revealed,A,0,2.5,12.5,180,0,0,-0.2,7.5,0,0,0,-1.4,-118.1,0,-50.1,0,0,0,-11,-11,,bow,,LEAP / LEAP / STRIP
42,85-86,3.5,antinous,h,11,1.5,-6.5,0,0,1.4,0,-1.2,2.4,-1.9,4.4,-1,-108.9,0,0,0,0,0,0,0,,,,GRIP / HOLD / SCENE
43,87-88,3.583,odysseus-revealed,A,0,2.9,12.5,180,0,0,-0.2,10.4,0,0,0,-1.4,-113,0,-44.5,0,0,0,-14.4,-14.4,,bow,,LEAP / LEAP / STRIP
43,87-88,3.583,antinous,h,11,1.5,-6.5,0,0,1.4,0,-1.3,2.4,-1.9,4.4,-1.1,-108.9,0,0,0,0,0,0,0,,,,GRIP / HOLD / SCENE
44,89-90,3.667,odysseus-revealed,A,0,3.2,12.5,180,0,0,-0.3,12.2,0,0,0,-1.3,-109.9,0,-41.2,0,0,0,-16.5,-16.5,,bow,,LEAP / LEAP / STRIP
44,89-90,3.667,antinous,h,11,1.5,-6.5,0,0,1.3,0,-1.4,2.4,-1.9,4.4,-1.1,-108.9,0,0,0,0,0,0,0,,,,GRIP / HOLD / SCENE
45,91-92,3.75,odysseus-revealed,A,0,3.4,12.5,180,0,0,-0.3,12.8,0,0,0,-1.2,-108.9,0,-40.1,0,0,0,-17.2,-17.2,,bow,,LEAP / LEAP / STRIP
45,91-92,3.75,antinous,h,11,1.5,-6.5,0,0,1.3,0,-1.5,2.4,-1.8,4.4,-1.2,-108.9,0,0,0,0,0,0,0,,,,GRIP / HOLD / SCENE
46,93-94,3.833,odysseus-revealed,A,0,3.6,12.5,180,0,0,0,1.8,0,0,0,-1.1,-183.3,0,-126.1,0,0,0,-23.6,1.9,,bow,,LEAP / LEAP / STRIP
46,93-94,3.833,antinous,h,11,1.5,-6.5,0,0,1.3,0,-1.5,2.4,-1.8,4.4,-1.3,-108.9,0,0,0,0,0,0,0,,,,GRIP / HOLD / SCENE
47,95-96,3.917,odysseus-revealed,A,0,3.7,12.5,180,0,0,0.1,-4.7,0,0,0,-1,-183.3,0,-177.6,0,0,0,-27.4,13.4,,bow,,LEAP / LEAP / STRIP
47,95-96,3.917,antinous,h,11,1.5,-6.5,0,0,1.3,0,-1.6,2.4,-1.7,4.4,-1.3,-108.9,0,0,0,0,0,0,0,,,,GRIP / HOLD / SCENE
48,97-98,4,odysseus-revealed,A,0,3.8,12.5,180,0,0,0.2,-6.8,0,0,0,-0.9,-183.3,0,-183.3,0,0,0,-28.6,17.2,,bow,,LEAP / LEAP / STRIP
48,97-98,4,antinous,h,11,1.5,-6.5,0,0,1.3,0,-1.6,2.4,-1.7,4.4,-1.4,-108.9,0,0,0,0,0,0,0,,,,LOOK / HOLD / SCENE
49,99-100,4.083,odysseus-revealed,A,0,3.5,12.5,180,0,0,0.1,-4.9,0,0,0,-0.8,-183.3,0,-183.3,0,0,0,-26.7,14,,bow,,LEAP / LEAP / STRIP
49,99-100,4.083,antinous,A,11,1.5,-6.5,0,0,1.3,0,-1.7,1.9,-1.7,-1.9,1.5,-108.9,0,0,0,0,0,0,0,,,,LOOK / HOLD / SCENE
50,101-102,4.167,odysseus-revealed,A,0,2.8,12.5,180,0,0,0,0.6,0,0,0,-0.7,-183.3,0,-161.7,0,0,0,-21,4.5,,bow,,LEAP / LEAP / STRIP
50,101-102,4.167,antinous,A,11,1.5,-6.5,0,0,1.3,0,-1.7,0.6,-1.7,-6.9,0.2,-108.9,0,0,0,0,0,0,0,,,,LOOK / HOLD / SCENE
51,103-104,4.25,odysseus-revealed,A,0,1.5,12.5,180,0,0,-0.3,9.7,0,0,0,-0.5,-183.3,0,-120.3,0,0,0,-11.5,-11.5,,bow,,LEAP / LEAP / STRIP
51,103-104,4.25,antinous,A,11,1.5,-6.5,0,0,1.3,0,-1.7,-1.2,-1.7,-10.4,-0.7,-108.9,0,0,0,0,0,0,0,,,,LOOK / HOLD / SCENE
52,105-106,4.333,odysseus-revealed,A,0,1.5,12.5,180,0,0,-0.2,6.7,0,0,0,-0.4,-183.3,0,-118.6,0,0,0,-8,-8,,bow,,LEAP / LEAP / STRIP
52,105-106,4.333,antinous,h,11,1.5,-6.5,0,0,1.3,0,-1.7,-3.2,-1.7,-12.5,-1.3,-108.9,0,0,0,0,0,0,0,,,,LOOK / HOLD / SCENE
53,107-108,4.417,odysseus-revealed,A,0,1.5,12.5,180,0,0,-0.1,4.2,0,0,0,-0.3,-183.3,0,-117.1,0,0,0,-5.1,-5.1,,bow,,LEAP / LEAP / STRIP
53,107-108,4.417,antinous,h,11,1.5,-6.5,0,0,1.3,0,-1.7,-5,-1.7,-13.2,-1.4,-108.9,0,0,0,0,0,0,0,,,,LOOK / HOLD / SCENE
54,109-110,4.5,odysseus-revealed,A,0,1.5,12.5,180,0,0,-0.1,2.3,0,0,0,-0.2,-180.5,0,-116,0,0,0,-2.9,-2.9,,bow,,LEAP / LEAP / STRIP
54,109-110,4.5,antinous,h,11,1.5,-6.5,0,0,1.3,0,-1.7,-6.3,-1.7,-13,-1.4,-108.9,0,0,0,0,0,0,0,,,,LOOK / HOLD / SCENE
55,111-112,4.583,odysseus-revealed,A,0,1.5,12.5,180,0,0,0,1,0,0,0,-0.1,-175.7,0,-115.2,0,0,0,-1.3,-1.3,,bow,,LEAP / LEAP / STRIP
55,111-112,4.583,antinous,h,11,1.5,-6.5,0,0,1.3,0,-1.6,-6.8,-1.7,-12.7,-1.3,-108.9,0,0,0,0,0,0,0,,,,LOOK / HOLD / SCENE
56,113-114,4.667,odysseus-revealed,A,0,1.5,12.5,180,0,0,0,0.2,0,0,0,-0.1,-172.8,0,-114.8,0,0,0,-0.3,-0.3,,bow,,LEAP / LEAP / STRIP
56,113-114,4.667,antinous,h,11,1.5,-6.5,0,0,1.3,0,-1.5,-6.8,-1.7,-12.6,-1.3,-108.9,0,0,0,0,0,0,0,,,,LOOK / HOLD / SCENE
57,115-116,4.75,odysseus-revealed,H,0,1.5,12.5,180,0,0,0,0,0,0,0,0,-171.9,0,-114.6,0,0,0,0,0,,bow,,LEAP / LEAP / STRIP
57,115-116,4.75,antinous,h,11,1.5,-6.5,0,0,1.3,0,-1.5,-6.8,-1.7,-12.6,-1.2,-108.9,0,0,0,0,0,0,0,,,,HOLD / SCENE
58,117-118,4.833,odysseus-revealed,H,0,1.5,12.5,180,0,0,0,0,0,0,0,0,-170.4,0,-112.6,0,0,0,0,0,,bow,,LEAP / LEAP / STRIP
58,117-118,4.833,antinous,h,11,1.5,-6.5,0,0,1.3,0,-1.3,-6.8,-1.7,-12.6,-1.1,-108.9,0,0,0,0,0,0,0,,,,HOLD / SCENE
59,119-120,4.917,odysseus-revealed,A,0,1.5,12.5,180,0,0,0,0,0,0,0,0,-166.5,0,-107.4,0,0,0,0,0,,bow,,LEAP / LEAP / STRIP
59,119-120,4.917,antinous,h,11,1.5,-6.5,0,0,1.3,0,-1.2,-6.8,-1.7,-12.6,-1,-108.9,0,0,0,0,0,0,0,,,,HOLD / SCENE
60,121-122,5,odysseus-revealed,A,0,1.5,12.5,180,0,0,0,0,0,0,0,0,-161,0,-100.1,0,0,0,0,0,,bow,,LEAP / LEAP / STRIP
60,121-122,5,antinous,h,11,1.5,-6.5,0,0,1,0,-1.1,-6.8,-1.3,-12.6,-0.9,-108.9,0,0,0,0,0,0,0,,,,WEIGHT SHIFT / HOLD / SCENE
61,123-124,5.083,odysseus-revealed,A,0,1.5,12.5,180,0,0,0,-0.1,0,0,0,-0.1,-154.7,0,-91.7,0,0,0,0,0,,bow,,LEAP / LEAP / STRIP
61,123-124,5.083,antinous,R,11,1.5,-6.5,0,0,0.2,0,-1,-6.8,-0.2,-12.6,-0.8,-108.9,0,0,0,0,0,0,0,,,,WEIGHT SHIFT / HOLD / SCENE
62,125-126,5.167,odysseus-revealed,A,0,1.5,12.5,180,0,0,0,-0.1,0,0,0,-0.1,-148.4,0,-83.3,0,0,0,0,0,,bow,,LEAP / LEAP / STRIP
62,125-126,5.167,antinous,R,11,1.5,-6.5,0,0,-0.7,-0.1,-0.9,-6.8,1.1,-12.6,-0.7,-108.9,0,0,0,0,0,0,0,,,,WEIGHT SHIFT / HOLD / SCENE
63,127-128,5.25,odysseus-revealed,A,0,1.5,12.5,180,0,0,0,-0.2,0,0,0,-0.2,-142.9,0,-75.9,0,0,0,0,0,,bow,,LEAP / LEAP / STRIP
63,127-128,5.25,antinous,R,11,1.5,-6.5,0,0,-1.4,-0.1,-0.7,-6.8,2.1,-12.6,-0.6,-108.9,0,0,0,0,0,0,0,,,,WEIGHT SHIFT / HOLD / SCENE
64,129-130,5.333,odysseus-revealed,A,0,1.5,12.5,180,0,0,0,-0.3,0,0,0,-0.2,-139,0,-70.7,0,0,0,0,0,,bow,,LEAP / LEAP / STRIP
64,129-130,5.333,antinous,h,11,1.5,-6.5,0,0,-1.7,-0.1,-0.6,-6.8,2.6,-12.6,-0.5,-108.9,0,0,0,0,0,0,0,,,,WEIGHT SHIFT / HOLD / SCENE
65,131-132,5.417,odysseus-revealed,H,0,1.5,12.5,180,0,0,0,-0.4,0,0,0,-0.3,-137.5,0,-68.8,0,0,0,0,0,,bow,,LEAP / LEAP / STRIP
65,131-132,5.417,antinous,h,11,1.5,-6.5,0,0,-1.7,0,-0.5,-6.8,2.5,-12.6,-0.4,-108.9,0,0,0,0,0,0,0,,,,WEIGHT SHIFT / HOLD / SCENE
66,133-134,5.5,odysseus-revealed,H,0,1.5,12.5,180,0,0,0,-0.4,0,0,0,-0.4,-137.5,0,-68.8,0,0,0,0,0,,bow,,SET / LEAP / STRIP
66,133-134,5.5,antinous,h,11,1.5,-6.5,0,0,-1.7,0,-0.4,-6.8,2.5,-12.6,-0.3,-108.9,0,0,0,0,0,0,0,,,,WEIGHT SHIFT / HOLD / SCENE
67,135-136,5.583,odysseus-revealed,H,0,1.5,12.5,180,0,0,0,-0.5,0,0,0,-0.5,-137.5,0,-68.8,0,0,0,0,0,,bow,,SET / LEAP / STRIP
67,135-136,5.583,antinous,h,11,1.5,-6.5,0,0,-1.6,0,-0.3,-6.8,2.4,-12.6,-0.2,-108.9,0,0,0,0,0,0,0,,,,WEIGHT SHIFT / HOLD / SCENE
68,137-138,5.667,odysseus-revealed,H,0,1.5,12.5,180,0,0,0,-0.6,0,0,0,-0.5,-137.5,0,-68.8,0,0,0,0,0,,bow,,SET / LEAP / STRIP
68,137-138,5.667,antinous,h,11,1.5,-6.5,0,0,-1.6,0,-0.2,-6.8,2.4,-12.6,-0.1,-108.9,0,0,0,0,0,0,0,,,,WEIGHT SHIFT / HOLD / SCENE
69,139-140,5.75,odysseus-revealed,H,0,1.5,12.5,180,0,0,0,-0.8,0,0,0,-0.6,-137.5,0,-68.8,0,0,0,0,0,,bow,,SET / LEAP / STRIP
69,139-140,5.75,antinous,h,11,1.5,-6.5,0,0,-1.6,0,-0.1,-6.8,2.4,-12.6,-0.1,-108.9,0,0,0,0,0,0,0,,,,WEIGHT SHIFT / HOLD / SCENE
70,141-142,5.833,odysseus-revealed,H,0,1.5,12.5,180,0,0,0,-0.9,0,0,0,-0.7,-137.5,0,-68.8,0,0,0,0,0,,bow,,SET / LEAP / STRIP
70,141-142,5.833,antinous,h,11,1.5,-6.5,0,0,-1.6,0,0,-6.8,2.3,-12.6,0,-108.9,0,0,0,0,0,0,0,,,,WEIGHT SHIFT / HOLD / SCENE
71,143-144,5.917,odysseus-revealed,H,0,1.5,12.5,180,0,0,0,-1,0,0,0,-0.8,-137.5,0,-68.8,0,0,0,0,0,,bow,,SET / LEAP / STRIP
71,143-144,5.917,antinous,h,11,1.5,-6.5,0,0,-1.6,0,0,-6.8,2.3,-12.6,0,-108.9,0,0,0,0,0,0,0,,,,WEIGHT SHIFT / HOLD / SCENE
72,145-146,6,odysseus-revealed,H,0,1.5,12.5,180,0,0,0.1,-1.1,0,0,0,-0.9,-137.5,0,-68.8,0,0,0,0,0,,bow,,SET / LEAP / STRIP
72,145-146,6,antinous,h,11,1.5,-6.5,0,0,-1.5,0,0,-6.8,2.2,-12.6,0,-108.9,0,0,0,0,0,0,0,,,,WEIGHT SHIFT / HOLD / SCENE
73,147-148,6.083,odysseus-revealed,H,0,1.5,12.5,180,0,0,0.1,-1.2,0,0,0,-1,-137.5,0,-68.8,0,0,0,0,0,,bow,,SET / LEAP / STRIP
73,147-148,6.083,antinous,h,11,1.5,-6.5,0,0,-1.5,0,0,-6.8,2.2,-12.6,0,-108.9,0,0,0,0,0,0,0,,,,WEIGHT SHIFT / HOLD / SCENE
74,149-150,6.167,odysseus-revealed,H,0,1.5,12.5,180,0,0,0.1,-1.3,0,0,0,-1.1,-137.5,0,-68.8,0,0,0,0,0,,bow,,SET / LEAP / STRIP
74,149-150,6.167,antinous,h,11,1.5,-6.5,0,0,-1.5,0,0,-6.8,2.1,-12.6,0,-108.9,0,0,0,0,0,0,0,,,,WEIGHT SHIFT / HOLD / SCENE
75,151-152,6.25,odysseus-revealed,H,0,1.5,12.5,180,0,0,0.1,-1.4,0,0,0,-1.1,-137.5,0,-68.8,0,0,0,0,0,,bow,,SET / LEAP / STRIP
75,151-152,6.25,antinous,h,11,1.5,-6.5,0,0,-1.5,0,-0.1,-6.8,2.1,-12.6,0,-108.9,0,0,0,0,0,0,0,,,,WEIGHT SHIFT / HOLD / SCENE
76,153-154,6.333,odysseus-revealed,H,0,1.5,12.5,180,0,0,0.1,-1.5,0,0,0,-1.2,-137.5,0,-68.8,0,0,0,0,0,,bow,,SET / LEAP / STRIP
76,153-154,6.333,antinous,h,11,1.5,-6.5,0,0,-1.4,0,-0.1,-6.8,2,-12.6,-0.1,-108.9,0,0,0,0,0,0,0,,,,WEIGHT SHIFT / HOLD / SCENE
77,155-156,6.417,odysseus-revealed,H,0,1.5,12.5,180,0,0,0.1,-1.5,0,0,0,-1.3,-137.5,0,-68.8,0,0,0,0,0,,bow,,SET / LEAP / STRIP
77,155-156,6.417,antinous,h,11,1.5,-6.5,0,0,-1.4,0,-0.1,-6.8,2,-12.6,-0.1,-108.9,0,0,0,0,0,0,0,,,,WEIGHT SHIFT / HOLD / SCENE
78,157-158,6.5,odysseus-revealed,H,0,1.5,12.5,180,0,0,0.1,-1.6,0,0,0,-1.3,-137.5,0,-68.8,0,0,0,0,0,,bow,,SET / LEAP / STRIP
78,157-158,6.5,antinous,h,11,1.5,-6.5,0,0,-1.4,0,-0.2,-6.8,1.9,-12.6,-0.2,-108.9,0,0,0,0,0,0,0,,,,WEIGHT SHIFT / HOLD / SCENE
79,159-160,6.583,odysseus-revealed,H,0,1.5,12.5,180,0,0,0.1,-1.6,0,0,0,-1.4,-137.5,0,-68.8,0,0,0,0,0,,bow,,POUR OUT / POUR_OUT / LEAP
79,159-160,6.583,antinous,h,11,1.5,-6.5,0,0,-1.4,0,-0.3,-6.8,1.9,-12.6,-0.2,-108.9,0,0,0,0,0,0,0,,,,WEIGHT SHIFT / HOLD / SCENE
80,161-162,6.667,odysseus-revealed,A,0,1.5,12.5,180,0,0,0.1,-0.8,0,0,0,-0.9,-132.4,0,-68.8,0,3.6,0,0,0,,bow,,POUR OUT / POUR_OUT / LEAP
80,161-162,6.667,antinous,h,11,1.5,-6.5,0,0,-1.3,0,-0.3,-6.8,1.9,-12.6,-0.3,-108.9,0,0,0,0,0,0,0,,,,WEIGHT SHIFT / HOLD / SCENE
81,163-164,6.75,odysseus-revealed,A,0,1.5,12.5,180,0,0,0.1,1.6,0,0,0,0.4,-119.7,0,-68.8,0,7.2,0,0,0,,bow,,POUR OUT / POUR_OUT / LEAP
81,163-164,6.75,antinous,A,11,1.5,-6.5,0,0,-1.3,0,-0.4,-6.1,1.8,-5,2.5,-108.9,0,0,0,0,0,0,0,,,,LOOK / HOLD / SCENE
82,165-166,6.833,odysseus-revealed,A,0,1.5,12.5,180,0,0,0.1,4.6,0,0,0,2,-103.1,0,-68.8,0,10.7,0,0,0,,bow,,POUR OUT / POUR_OUT / LEAP
82,165-166,6.833,antinous,A,11,1.5,-6.5,0,0,-1.3,0,-0.5,-4.4,1.8,0.3,0.9,-108.9,0,0,0,0,0,0,0,,,,LOOK / HOLD / SCENE
83,167-168,6.917,odysseus-revealed,A,0,1.5,12.5,180,0,0,0.1,7.6,0,0,0,3.7,-86.6,0,-68.8,0,14.3,0,0,0,,bow,,POUR OUT / POUR_OUT / LEAP
83,167-168,6.917,antinous,A,11,1.5,-6.5,0,0,-1.3,0,-0.6,-2.2,1.7,3.5,-0.2,-108.9,0,0,0,0,0,0,0,,,,LOOK / HOLD / SCENE
84,169-170,7,odysseus-revealed,A,0,1.5,12.5,180,0,0,0.1,10,0,0,0,5,-73.8,0,-68.8,0,17.9,0,0,0,,bow,,POUR OUT / POUR_OUT / LEAP
84,169-170,7,antinous,A,11,1.5,-6.5,0,0,-1.3,0,-0.7,0,1.7,4.6,-0.6,-108.9,0,0,0,0,0,0,0,,,,LOOK / HOLD / SCENE
85,171-172,7.083,odysseus-revealed,A,0,1.5,12.5,180,0,0,0.1,11,0,0,0,5.6,-68.8,0,-68.8,0,21.5,0,0,0,,bow,,POUR OUT / POUR_OUT / LEAP
85,171-172,7.083,antinous,h,11,1.5,-6.5,0,0,-1.3,0,-0.8,1.7,1.7,4.6,-0.6,-108.9,0,0,0,0,0,0,0,,,,LOOK / HOLD / SCENE
86,173-174,7.167,odysseus-revealed,H,0,1.5,12.5,180,0,0,0.1,11.4,0,0,0,5.6,-67,0,-68.8,0,25.1,0,0,0,,bow,,POUR OUT / POUR_OUT / LEAP
86,173-174,7.167,antinous,h,11,1.5,-6.5,0,0,-1.3,0,-0.9,2.4,1.7,4.5,-0.7,-108.9,0,0,0,0,0,0,0,,,,LOOK / HOLD / SCENE
87,175-176,7.25,odysseus-revealed,H,0,1.5,12.5,180,0,0,0.1,11.7,0,0,0,5.5,-65.3,0,-68.8,0,28.6,0,0,0,,bow,,POUR OUT / POUR_OUT / LEAP
87,175-176,7.25,antinous,h,11,1.5,-6.5,0,0,-1.3,0,-1,2.4,1.7,4.4,-0.8,-108.9,0,0,0,0,0,0,0,,,,LOOK / HOLD / SCENE
88,177-178,7.333,odysseus-revealed,H,0,1.5,12.5,180,0,0,0.1,12.1,0,0,0,5.3,-63.6,0,-68.8,0,32.2,0,0,0,,bow,,POUR OUT / POUR_OUT / LEAP
88,177-178,7.333,antinous,h,11,1.5,-6.5,0,0,-1.3,0,-1,2.4,1.7,4.4,-0.9,-108.9,0,0,0,0,0,0,0,,,,HOLD / SCENE
89,179-180,7.417,odysseus-revealed,H,0,1.5,12.5,180,0,0,0.1,12.4,0,0,0,5.1,-61.9,0,-68.8,0,35.8,0,0,0,,bow,,POUR OUT / POUR_OUT / LEAP
89,179-180,7.417,antinous,h,11,1.5,-6.5,0,0,-1.3,0,-1.1,2.4,1.7,4.4,-0.9,-108.9,0,0,0,0,0,0,0,,,,HOLD / SCENE
90,181-182,7.5,odysseus-revealed,H,0,1.5,12.5,180,0,0,0,12.8,0,0,0,4.8,-60.2,0,-68.8,0,39.4,0,0,0,,bow,,POUR OUT / POUR_OUT / LEAP
90,181-182,7.5,antinous,h,11,1.5,-6.5,0,0,-1.3,0,-1.2,2.4,1.7,4.4,-1,-108.9,0,0,0,0,0,0,0,,,,HOLD / SCENE
91,183-184,7.583,odysseus-revealed,H,0,1.5,12.5,180,0,0,0,13.2,0,0,0,4.4,-58.4,0,-68.8,0,43,0,0,0,,bow,,POUR OUT / POUR_OUT / LEAP
91,183-184,7.583,antinous,h,11,1.5,-6.5,0,0,-1.3,0,-1.3,2.4,1.7,4.4,-1.1,-108.9,0,0,0,0,0,0,0,,,,HOLD / SCENE
92,185-186,7.667,odysseus-revealed,H,0,1.5,12.5,180,0,0,0,13.6,0,0,0,4,-56.7,0,-68.8,0,46.6,0,0,0,,bow,,POUR OUT / POUR_OUT / LEAP
92,185-186,7.667,antinous,h,11,1.5,-6.5,0,0,-1.3,0,-1.4,2.4,1.7,4.4,-1.1,-108.9,0,0,0,0,0,0,0,,,,HOLD / SCENE
93,187-188,7.75,odysseus-revealed,H,0,1.5,12.5,180,0,0,0,13.9,0,0,0,3.6,-55,0,-68.8,0,50.1,0,0,0,,bow,,POUR OUT / POUR_OUT / LEAP
93,187-188,7.75,antinous,h,11,1.5,-6.5,0,0,-1.3,0,-1.5,2.4,1.7,4.4,-1.2,-108.9,0,0,0,0,0,0,0,,,,HOLD / SCENE
94,189-190,7.833,odysseus-revealed,H,0,1.5,12.5,180,0,0,0,14.3,0,0,0,3.1,-53.3,0,-68.8,0,53.7,0,0,0,,bow,,POUR OUT / POUR_OUT / LEAP
94,189-190,7.833,antinous,h,11,1.5,-6.5,0,0,-1.3,0,-1.5,2.4,1.7,4.4,-1.3,-108.9,0,0,0,0,0,0,0,,,,HOLD / SCENE
95,191-192,7.917,odysseus-revealed,H,0,1.5,12.5,180,0,0,0,14.7,0,0,0,2.7,-51.6,0,-68.8,0,57.3,0,0,0,,bow,,POUR OUT / POUR_OUT / LEAP
95,191-192,7.917,antinous,h,11,1.5,-6.5,0,0,-1.3,0,-1.6,2.4,1.7,4.4,-1.3,-108.9,0,0,0,0,0,0,0,,,,HOLD / SCENE
96,193-194,8,odysseus-revealed,A,0,1.5,12.5,180,0,0,0,14.1,0,0,0,2.2,-55.3,0,-68.8,0,54.8,0,0,0,,bow,,POUR OUT / POUR_OUT / LEAP
96,193-194,8,antinous,h,11,1.5,-6.5,0,0,-1.3,0,-1.6,2.4,1.7,4.4,-1.4,-108.9,0,0,0,0,0,0,0,,,,HOLD / SCENE
97,195-196,8.083,odysseus-revealed,A,0,1.5,12.5,180,0,0,0,12.5,0,0,0,1.7,-65,0,-68.8,0,48.3,0,0,0,,bow,,POUR OUT / POUR_OUT / LEAP
97,195-196,8.083,antinous,h,11,1.5,-6.5,0,0,-1.3,0,-1.7,2.4,1.7,4.4,-1.4,-108.9,0,0,0,0,0,0,0,,,,HOLD / SCENE
98,197-198,8.167,odysseus-revealed,A,0,1.5,12.5,180,0,0,0,10.2,0,0,0,1.3,-78.8,0,-68.8,0,39.2,0,0,0,,bow,,POUR OUT / POUR_OUT / LEAP
98,197-198,8.167,antinous,h,11,1.5,-6.5,0,0,-1.3,0,-1.7,2.4,1.7,4.4,-1.4,-108.9,0,0,0,0,0,0,0,,,,HOLD / SCENE
99,199-200,8.25,odysseus-revealed,A,0,1.5,12.5,180,0,0,0,7.4,0,0,0,0.9,-94.5,0,-68.8,0,28.6,0,0,0,,bow,,POUR OUT / POUR_OUT / LEAP
99,199-200,8.25,antinous,h,11,1.5,-6.5,0,0,-1.3,0,-1.7,2.4,1.7,4.4,-1.4,-108.9,0,0,0,0,0,0,0,,,,HOLD / SCENE
100,201-202,8.333,odysseus-revealed,A,0,1.5,12.5,180,0,0,0,4.7,0,0,0,0.5,-110.3,0,-68.8,0,18.1,0,0,0,,bow,,POUR OUT / POUR_OUT / LEAP
100,201-202,8.333,antinous,h,11,1.5,-6.5,0,0,-1.3,0,-1.7,2.4,1.7,4.4,-1.4,-108.9,0,0,0,0,0,0,0,,,,HOLD / SCENE
101,203-204,8.417,odysseus-revealed,A,0,1.5,12.5,180,0,0,0,2.3,0,0,0,0.2,-124.1,0,-68.8,0,9,0,0,0,,bow,,POUR OUT / POUR_OUT / LEAP
101,203-204,8.417,antinous,h,11,1.5,-6.5,0,0,-1.3,0,-1.7,2.4,1.7,4.4,-1.4,-108.9,0,0,0,0,0,0,0,,,,HOLD / SCENE
102,205-206,8.5,odysseus-revealed,A,0,1.5,12.5,180,0,0,0,0.6,0,0,0,0,-133.8,0,-68.8,0,2.5,0,0,0,,bow,,POUR OUT / POUR_OUT / LEAP
102,205-206,8.5,antinous,h,11,1.5,-6.5,0,0,-1.3,0,-1.7,2.4,1.7,4.4,-1.4,-108.9,0,0,0,0,0,0,0,,,,HOLD / SCENE
103,207-208,8.583,odysseus-revealed,A,0,1.5,12.5,180,0,0,0,-0.1,0,0,0,-0.1,-137.5,0,-68.8,0,0,0,0,0,,bow,,POUR_OUT / LEAP / STRIP
103,207-208,8.583,antinous,h,11,1.5,-6.5,0,0,-1.3,0,-1.6,2.4,1.7,4.4,-1.3,-108.9,0,0,0,0,0,0,0,,,,HOLD / SCENE
104,209-210,8.667,odysseus-revealed,H,0,1.5,12.5,180,0,0,0,-0.2,0,0,0,-0.2,-137.5,0,-68.8,0,0,0,0,0,,bow,,POUR_OUT / LEAP / STRIP
104,209-210,8.667,antinous,h,11,1.5,-6.5,0,0,-1.3,0,-1.5,2.4,1.7,4.4,-1.3,-108.9,0,0,0,0,0,0,0,,,,HOLD / SCENE
105,211-212,8.75,odysseus-revealed,H,0,1.5,12.5,180,0,0,0,-0.3,0,0,0,-0.2,-137.5,0,-68.8,0,0,0,0,0,,bow,,POUR_OUT / LEAP / STRIP
105,211-212,8.75,antinous,h,11,1.5,-6.5,0,0,-1.3,0,-1.5,2.4,1.7,4.4,-1.2,-108.9,0,0,0,0,0,0,0,,,,HOLD / SCENE
106,213-214,8.833,odysseus-revealed,H,0,1.5,12.5,180,0,0,0,-0.4,0,0,0,-0.3,-137.5,0,-68.8,0,0,0,0,0,,bow,,SET / LEAP / STRIP
106,213-214,8.833,antinous,h,11,1.5,-6.5,0,0,-1.3,0,-1.3,2.4,1.7,4.4,-1.1,-108.9,0,0,0,0,0,0,0,,,,HOLD / SCENE
107,215-216,8.917,odysseus-revealed,H,0,1.5,12.5,180,0,0,0,-0.5,0,0,0,-0.4,-137.5,0,-68.8,0,0,0,0,0,,bow,,SET / LEAP / STRIP
107,215-216,8.917,antinous,h,11,1.5,-6.5,0,0,-1.3,0,-1.2,2.4,1.7,4.4,-1,-108.9,0,0,0,0,0,0,0,,,,HOLD / SCENE
108,217-218,9,odysseus-revealed,H,0,1.5,12.5,180,0,0,0,-0.6,0,0,0,-0.5,-137.5,0,-68.8,0,0,0,0,0,,bow,,SET / LEAP / STRIP
108,217-218,9,antinous,h,11,1.5,-6.5,0,0,-1.3,0,-1.1,2.4,1.7,4.4,-0.9,-108.9,0,0,0,0,0,0,0,,,,HOLD / SCENE
109,219-220,9.083,odysseus-revealed,H,0,1.5,12.5,180,0,0,0,-0.7,0,0,0,-0.6,-137.5,0,-68.8,0,0,0,0,0,,bow,,SET / LEAP / STRIP
109,219-220,9.083,antinous,h,11,1.5,-6.5,0,0,-1.3,0,-1,2.4,1.7,4.4,-0.8,-108.9,0,0,0,0,0,0,0,,,,HOLD / SCENE
110,221-222,9.167,odysseus-revealed,H,0,1.5,12.5,180,0,0,0,-0.8,0,0,0,-0.7,-137.5,0,-68.8,0,0,0,0,0,,bow,,SET / LEAP / STRIP
110,221-222,9.167,antinous,h,11,1.5,-6.5,0,0,-1.3,0,-0.9,2.4,1.7,4.4,-0.7,-108.9,0,0,0,0,0,0,0,,,,HOLD / SCENE
111,223-224,9.25,odysseus-revealed,H,0,1.5,12.5,180,0,0,0,-0.9,0,0,0,-0.8,-137.5,0,-68.8,0,0,0,0,0,,bow,,SET / LEAP / STRIP
111,223-224,9.25,antinous,h,11,1.5,-6.5,0,0,-1.3,0,-0.7,2.4,1.7,4.4,-0.6,-108.9,0,0,0,0,0,0,0,,,,HOLD / SCENE
112,225-226,9.333,odysseus-revealed,H,0,1.5,12.5,180,0,0,0.1,-1,0,0,0,-0.9,-137.5,0,-68.8,0,0,0,0,0,,bow,,SET / LEAP / STRIP
112,225-226,9.333,antinous,h,11,1.5,-6.5,0,0,-1.3,0,-0.6,2.4,1.7,4.4,-0.5,-108.9,0,0,0,0,0,0,0,,,,GRIP / HOLD / SCENE
113,227-228,9.417,odysseus-revealed,H,0,1.5,12.5,180,0,0,0.1,-1.1,0,0,0,-0.9,-137.5,0,-68.8,0,0,0,0,0,,bow,,SET / LEAP / STRIP
113,227-228,9.417,antinous,h,11,1.5,-6.5,0,0,-1.3,0,-0.5,2.4,1.7,4.4,-0.4,-108.9,0,0,0,0,0,0,0,,,,GRIP / HOLD / SCENE
114,229-230,9.5,odysseus-revealed,H,0,1.5,12.5,180,0,0,0.1,-1.2,0,0,0,-1,-137.5,0,-68.8,0,0,0,0,0,,bow,,SET / LEAP / STRIP
114,229-230,9.5,antinous,h,11,1.5,-6.5,0,0,-1,0,-0.4,2.4,1.3,4.4,-0.3,-108.9,0,0,0,0,0,0,0,,,,WEIGHT SHIFT / HOLD / SCENE
115,231-232,9.583,odysseus-revealed,H,0,1.5,12.5,180,0,0,0.1,-1.3,0,0,0,-1.1,-137.5,0,-68.8,0,0,0,0,0,,bow,,SET / LEAP / STRIP
115,231-232,9.583,antinous,A,11,1.5,-6.5,0,0,-0.2,0,-0.3,2.4,0.2,4.4,-0.2,-108.9,0,0,0,0,0,0,0,,,,WEIGHT SHIFT / HOLD / SCENE
116,233-234,9.667,odysseus-revealed,H,0,1.5,12.5,180,0,0,0.1,-1.4,0,0,0,-1.2,-137.5,0,-68.8,0,0,0,0,0,,bow,,SET / LEAP / STRIP
116,233-234,9.667,antinous,A,11,1.5,-6.5,0,0,0.7,-0.1,-0.2,2.4,-1.1,4.4,-0.1,-108.9,0,0,0,0,0,0,0,,,,WEIGHT SHIFT / HOLD / SCENE
117,235-236,9.75,odysseus-revealed,H,0,1.5,12.5,180,0,0,0.1,-1.5,0,0,0,-1.3,-137.5,0,-68.8,0,0,0,0,0,,bow,,SET / LEAP / STRIP
117,235-236,9.75,antinous,A,11,1.5,-6.5,0,0,1.4,-0.1,-0.1,2.4,-2.1,4.4,-0.1,-108.9,0,0,0,0,0,0,0,,,,WEIGHT SHIFT / HOLD / SCENE
118,237-238,9.833,odysseus-revealed,H,0,1.5,12.5,180,0,0,0.1,-1.6,0,0,0,-1.3,-137.5,0,-68.8,0,0,0,0,0,,bow,,SET / LEAP / STRIP
118,237-238,9.833,antinous,h,11,1.5,-6.5,0,0,1.7,-0.1,0,2.4,-2.6,4.4,0,-108.9,0,0,0,0,0,0,0,,,,WEIGHT SHIFT / HOLD / SCENE
119,239-240,9.917,odysseus-revealed,H,0,1.5,12.5,180,0,0,0.1,-1.6,0,0,0,-1.4,-137.5,0,-68.8,0,0,0,0,0,,bow,,SET / LEAP / STRIP
119,239-240,9.917,antinous,h,11,1.5,-6.5,0,0,1.7,0,0,2.4,-2.5,4.4,0,-108.9,0,0,0,0,0,0,0,,,,WEIGHT SHIFT / HOLD / SCENE
120,241-242,10,odysseus-revealed,H,0,1.5,12.5,180,0,0,0.1,-1.7,0,0,0,-1.4,-137.5,0,-68.8,0,0,0,0,0,,bow,,SET / LEAP / STRIP
120,241-242,10,antinous,h,11,1.5,-6.5,0,0,1.7,0,0,2.4,-2.5,4.4,0,-108.9,0,0,0,0,0,0,0,,,,WEIGHT SHIFT / HOLD / SCENE
121,243-244,10.083,odysseus-revealed,H,0,1.5,12.5,180,0,0,0.1,-1.7,0,0,0,-1.4,-137.5,0,-68.8,0,0,0,0,0,,bow,,SET / LEAP / STRIP
121,243-244,10.083,antinous,h,11,1.5,-6.5,0,0,1.6,0,0,2.4,-2.4,4.4,0,-108.9,0,0,0,0,0,0,0,,,,WEIGHT SHIFT / HOLD / SCENE
122,245-246,10.167,odysseus-revealed,H,0,1.5,12.5,180,0,0,0.1,-1.7,0,0,0,-1.4,-137.5,0,-68.8,0,0,0,0,0,,bow,,SET / LEAP / STRIP
122,245-246,10.167,antinous,h,11,1.5,-6.5,0,0,1.6,0,0,2.4,-2.4,4.4,0,-108.9,0,0,0,0,0,0,0,,,,WEIGHT SHIFT / HOLD / SCENE
123,247-248,10.25,odysseus-revealed,H,0,1.5,12.5,180,0,0,0.1,-1.7,0,0,0,-1.4,-137.5,0,-68.8,0,0,0,0,0,,bow,,SET / LEAP / STRIP
123,247-248,10.25,antinous,h,11,1.5,-6.5,0,0,1.6,0,-0.1,2.4,-2.4,4.4,0,-108.9,0,0,0,0,0,0,0,,,,LOOK / HOLD / SCENE
124,249-250,10.333,odysseus-revealed,H,0,1.5,12.5,180,0,0,0.1,-1.6,0,0,0,-1.3,-137.5,0,-68.8,0,0,0,0,0,,bow,,SET / LEAP / STRIP
124,249-250,10.333,antinous,R,11,1.5,-6.5,0,0,1.6,0,-0.1,1.9,-2.3,-1.9,2.8,-108.9,0,0,0,0,0,0,0,,,,LOOK / HOLD / SCENE
125,251-252,10.417,odysseus-revealed,H,0,1.5,12.5,180,0,0,0.1,-1.5,0,0,0,-1.2,-137.5,0,-68.8,0,0,0,0,0,,bow,,SET / LEAP / STRIP
125,251-252,10.417,antinous,R,11,1.5,-6.5,0,0,1.6,0,-0.1,0.6,-2.3,-6.9,1.5,-108.9,0,0,0,0,0,0,0,,,,LOOK / HOLD / SCENE
126,253-254,10.5,odysseus-revealed,H,0,1.5,12.5,180,0,0,0.1,-1.3,0,0,0,-1.1,-137.5,0,-68.8,0,0,0,0,0,,bow,,SET / LEAP / STRIP
126,253-254,10.5,antinous,R,11,1.5,-6.5,0,0,1.5,0,-0.2,-1.2,-2.2,-10.4,0.5,-108.9,0,0,0,0,0,0,0,,,,LOOK / HOLD / SCENE
127,255-256,10.583,odysseus-revealed,H,0,1.5,12.5,180,0,0,0.1,-1.2,0,0,0,-1,-137.5,0,-68.8,0,0,0,0,0,,bow,,SET / LEAP / STRIP
127,255-256,10.583,antinous,R,11,1.5,-6.5,0,0,1.5,0,-0.3,-3.2,-2.2,-12.5,0,-108.9,0,0,0,0,0,0,0,,,,LOOK / HOLD / SCENE
128,257-258,10.667,odysseus-revealed,H,0,1.5,12.5,180,0,0,0.1,-1.1,0,0,0,-0.9,-137.5,0,-68.8,0,0,0,0,0,,bow,,SET / LEAP / STRIP
128,257-258,10.667,antinous,R,11,1.5,-6.5,0,0,1.5,0,-0.3,-5,-2.1,-13.2,-0.3,-108.9,0,0,0,0,0,0,0,,,,LOOK / HOLD / SCENE
129,259-260,10.75,odysseus-revealed,D,0,1.5,12.5,180,0,0,0,-1,0,0,0,-0.8,-137.5,0,-68.8,0,0,0,0,0,,bow,,SET / LEAP / STRIP
129,259-260,10.75,antinous,R,11,1.5,-6.5,0,0,1.5,0,-0.4,-6.3,-2.1,-13,-0.3,-108.9,0,0,0,0,0,0,0,,,,LOOK / HOLD / SCENE
130,261-262,10.833,odysseus-revealed,D,0,1.5,12.5,180,0,0,0,-0.9,0,0,0,-0.8,-137.5,0,-68.8,0,0,0,0,0,,bow,,WALK / BLOCKING
130,261-262,10.833,antinous,h,11,1.5,-6.5,0,0,1.4,0,-0.5,-6.8,-2,-12.7,-0.4,-108.9,0,0,0,0,0,0,0,,,,LOOK / HOLD / SCENE
131,263-264,10.917,odysseus-revealed,A,0,1.5,12.4,180,0,0,0,-0.8,0,0,0,-0.7,-138.2,0,-67.8,0,0,0,1.5,-1.5,,bow,,WALK / BLOCKING
131,263-264,10.917,antinous,h,11,1.5,-6.5,0,0,1.4,0,-0.6,-6.8,-2,-12.6,-0.5,-109,0,0,0,0,0,0,0,,,,LOOK / HOLD / SCENE
132,265-266,11,odysseus-revealed,A,0,1.5,12.3,180,0,0,0,-0.5,0,0.2,0,-0.3,-143,0,-62.3,0,0,0,9.5,-9.5,,bow,,WALK / BLOCKING
132,265-266,11,antinous,h,11,1.5,-6.5,0,0,1.4,0,-0.7,-6.8,-1.9,-12.6,-0.6,-109.5,0,0,0,0,0,0,0,,,,WEIGHT SHIFT / HOLD / SCENE
133,267-268,11.083,odysseus-revealed,A,0,1.6,12.1,180,0,0,0,0,0,0.4,0,0.1,-147.3,0,-56.9,0,0,0,17.9,-17.9,,bow,,WALK / BLOCKING
133,267-268,11.083,antinous,h,11,1.5,-6.5,0,0,1.4,0,-0.8,-6.8,-1.9,-12.6,-0.6,-110.4,0,0,0,0,0,0,0,,,,WEIGHT SHIFT / HOLD / SCENE
134,269-270,11.167,odysseus-revealed,A,0,1.6,12,180,0,0,0,0.6,0,0.6,0,0.6,-149.2,0,-53.4,0,0,0,23.8,-23.8,,bow,,WALK / BLOCKING
134,269-270,11.167,antinous,h,11,1.5,-6.5,0,0,1.3,0,-0.9,-6.8,-1.9,-12.6,-0.7,-111.5,0,0,0,0,0,0,0,,,,WEIGHT SHIFT / HOLD / SCENE
135,271-272,11.25,odysseus-revealed,A,0,1.6,11.9,180,0,0,-0.1,1.3,0,1,0,1.1,-150,0,-50.6,0,0,0,28.9,-28.9,,bow,,WALK / BLOCKING
135,271-272,11.25,antinous,h,11,1.5,-6.5,0,0,1.3,0,-1,-6.8,-1.8,-12.6,-0.8,-112.9,0,0,0,0,0,0,0,,,,WEIGHT SHIFT / HOLD / SCENE
136,273-274,11.333,odysseus-revealed,A,0,1.6,11.7,180,0,0,-0.1,1.9,0,1.5,0,1.5,-149.4,0,-48.9,0,0,0,32.7,-32.7,,bow,,WALK / BLOCKING
136,273-274,11.333,antinous,h,11,1.5,-6.5,0,0,1.3,0,-1,-6.8,-1.8,-12.6,-0.9,-114.5,0,0,0,0,0,0,0,,,,WEIGHT SHIFT / HOLD / SCENE
137,275-276,11.417,odysseus-revealed,A,0,1.7,11.6,180,0,0,-0.1,2.6,0,2,0,1.8,-147.4,0,-48.5,0,0,0,35,-35,,bow,,WALK / BLOCKING
137,275-276,11.417,antinous,h,11,1.5,-6.5,0,0,1.3,0,-1.1,-6.8,-1.7,-12.6,-0.9,-116.3,0,0,0,0,0,0,0,,,,WEIGHT SHIFT / HOLD / SCENE
138,277-278,11.5,odysseus-revealed,A,0,1.7,11.4,180,0,0,-0.2,3.4,0,2.6,0,1.9,-143.7,0,-49.6,0,0,0,35.4,-35.4,,bow,,WALK / BLOCKING
138,277-278,11.5,antinous,h,11,1.5,-6.5,0,0,1.3,0,-1.2,-6.8,-1.7,-12.6,-1,-118.2,0,0,0,0,0,0,0,,,,HOLD / SCENE
139,279-280,11.583,odysseus-revealed,A,0,1.7,11.2,180,0,0,-0.1,3.4,0,1.9,0,2,-138.3,0,-52.1,0,0,0,33.9,-33.9,,bow,,WALK / BLOCKING
139,279-280,11.583,antinous,h,11,1.5,-6.5,0,0,1.3,0,-1.3,-6.8,-1.7,-12.6,-1.1,-120.2,0,0,0,0,0,0,0,,,,HOLD / SCENE
140,281-282,11.667,odysseus-revealed,A,0,1.7,11.1,180,0,0,0,3.4,0,1.3,0,1.8,-131.4,0,-56.1,0,0,0,30.3,-30.3,,bow,,WALK / BLOCKING
140,281-282,11.667,antinous,h,11,1.5,-6.5,0,0,1.3,0,-1.4,-6.8,-1.7,-12.6,-1.1,-122.2,0,0,0,0,0,0,0,,,,HOLD / SCENE
141,283-284,11.75,odysseus-revealed,A,0,1.8,10.9,180,0,0,0,3.4,0,0.8,0,1.4,-123.2,0,-61.4,0,0,0,25,-25,,bow,,WALK / BLOCKING
141,283-284,11.75,antinous,h,11,1.5,-6.5,0,0,1.3,0,-1.5,-6.8,-1.7,-12.6,-1.2,-124.3,0,0,0,0,0,0,0,,,,HOLD / SCENE
142,285-286,11.833,odysseus-revealed,A,0,1.8,10.7,180,0,0,0.1,3.4,0,0.5,0,0.8,-114,0,-67.8,0,0,0,18.2,-18.2,,bow,,WALK / BLOCKING
142,285-286,11.833,antinous,h,11,1.5,-6.5,0,0,1.3,0,-1.5,-6.8,-1.7,-12.6,-1.3,-126.4,0,0,0,0,0,0,0,,,,HOLD / SCENE
143,287-288,11.917,odysseus-revealed,A,0,1.8,10.6,180,0,0,0.1,3.4,0,0.2,0,0.1,-104.2,0,-74.8,0,0,0,10.4,-10.4,,bow,,WALK / BLOCKING
143,287-288,11.917,antinous,h,11,1.5,-6.5,0,0,1.3,0,-1.6,-6.8,-1.7,-12.6,-1.3,-128.4,0,0,0,0,0,0,0,,,,HOLD / SCENE
144,289-290,12,odysseus-revealed,A,0,1.8,10.4,180,0,0,0.1,3.4,0,0.1,0,-0.5,-94.2,0,-82.1,0,0,0,2.2,-2.2,,bow,,WALK / BLOCKING
144,289-290,12,antinous,h,11,1.5,-6.5,0,0,1.3,0,-1.6,-6.8,-1.7,-12.6,-1.4,-130.2,0,0,0,0,0,0,0,,,,HOLD / SCENE
145,291-292,12.083,odysseus-revealed,A,0,1.9,10.3,180,0,0,0.1,3.4,0,0,0,-1,-84.6,0,-89.2,0,0,0,-5.9,5.9,,bow,,WALK / BLOCKING
145,291-292,12.083,antinous,h,11,1.5,-6.5,0,0,1.3,0,-1.7,-6.8,-1.7,-12.6,-1.4,-132,0,0,0,0,0,0,0,,,,HOLD / SCENE
146,293-294,12.167,odysseus-revealed,A,0,1.9,10.1,180,0,0,0.1,2.2,0,0,0,-1.1,-75.8,0,-95.9,0,0,0,-13.5,13.5,,bow,,WALK / BLOCKING
146,293-294,12.167,antinous,h,11,1.5,-6.5,0,0,1.3,0,-1.7,-6.8,-1.7,-12.6,-1.4,-133.6,0,0,0,0,0,0,0,,,,HOLD / SCENE
147,295-296,12.25,odysseus-revealed,A,0,1.9,10,180,0,0,0,1.2,0,0,0,-1.1,-68,0,-101.7,0,0,0,-20.2,20.2,,bow,,WALK / BLOCKING
147,295-296,12.25,antinous,h,11,1.5,-6.5,0,0,1.3,0,-1.7,-6.8,-1.7,-12.6,-1.4,-135,0,0,0,0,0,0,0,,,,HOLD / SCENE
148,297-298,12.333,odysseus-revealed,A,0,1.9,9.8,180,0,0,0,0.3,0,0,0,-1,-61.7,0,-106.5,0,0,0,-25.7,25.7,,bow,,DRAW AND LOOSE / SHOOT / POUR_OUT
148,297-298,12.333,antinous,h,11,1.5,-6.5,0,0,1.3,0,-1.7,-6.8,-1.7,-12.6,-1.4,-136.1,0,0,0,0,0,0,0,,,,HOLD / SCENE
149,299-300,12.417,odysseus-revealed,A,0,2,9.7,180,0,0,-0.1,-0.4,-1.1,0,0,-1.1,-61.8,0.3,-105.4,0,0,0,-23.5,23.5,,bow,,DRAW AND LOOSE / SHOOT / POUR_OUT
149,299-300,12.417,antinous,h,11,1.5,-6.5,0,0,1.3,0,-1.6,-6.8,-1.7,-12.6,-1.4,-136.9,0,0,0,0,0,0,0,,,,HOLD / SCENE
150,301-302,12.5,odysseus-revealed,A,0,2,9.6,180,0,0,-0.1,-1,-3.7,0,0,-1.1,-72.8,1.3,-94.3,0,0,0,-7.7,7.7,,bow,,DRAW AND LOOSE / SHOOT / POUR_OUT
150,301-302,12.5,antinous,h,11,1.5,-6.5,0,0,1.3,0,-1.5,-6.8,-1.7,-12.6,-1.3,-137.4,0,0,0,0,0,0,0,,,,HOLD / SCENE
151,303-304,12.583,odysseus-revealed,A,0,2,9.5,180,0,0,-0.1,-1.4,-7.2,0,0,-1,-78.8,2.7,-88.8,0,0,0,0,0,,bow,,LOOK / SHOOT / POUR_OUT
151,303-304,12.583,antinous,h,11,1.5,-6.5,0,0,1.3,0,-1.5,-6.8,-1.7,-12.6,-1.2,-137.5,0,0,0,0,0,0,0,,,,HOLD / SCENE
152,305-306,12.667,odysseus-revealed,A,0,2,9.5,180,0,0,-0.1,-1.6,-11.3,0,-8.7,1.9,-79.5,4.5,-88.8,0,0,0,0,0,,bow,,LOOK / SHOOT / POUR_OUT
152,305-306,12.667,antinous,h,11,1.5,-6.5,0,0,1.3,0,-1.4,-6.8,-1.7,-12.6,-1.1,-137.5,0,0,0,0,0,0,0,,,,HOLD / SCENE
153,307-308,12.75,odysseus-revealed,A,0,2,9.5,180,0,0,-0.1,-1.7,-15.7,0,-15.5,0.9,-80,6.7,-88.8,0,0,0,0,0,,bow,,LOOK / SHOOT / POUR_OUT
153,307-308,12.75,antinous,h,11,1.5,-6.5,0,0,1.3,0,-1.3,-6.8,-1.7,-12.6,-1.1,-137.5,0,0,0,0,0,0,0,,,,HOLD / SCENE
154,309-310,12.833,odysseus-revealed,A,0,2,9.5,180,0,0,-0.1,-1.5,-19.2,0,-20.3,0.2,-80.2,9,-88.8,0,0,0,0,0,,bow,,LOOK / SHOOT / POUR_OUT
154,309-310,12.833,antinous,h,11,1.5,-6.5,0,0,1.3,0,-1.2,-6.8,-1.7,-12.6,-1,-137.5,0,0,0,0,0,0,0,,,,LOOK / HOLD / SCENE
155,311-312,12.917,odysseus-revealed,A,0,2,9.5,180,0,0,-0.1,-0.9,-22.1,0,-23.2,-0.2,-79.8,11.5,-88.9,0,0,0,0,0,,bow,,LOOK / SHOOT / POUR_OUT
155,311-312,12.917,antinous,A,11,1.5,-6.5,0,0,1.3,0,-1.1,-6,-1.7,-3.5,1.9,-137.5,0,0,0,0,0,0,0,,,,LOOK / HOLD / SCENE
156,313-314,13,odysseus-revealed,A,0,2,9.5,180,0,0,0,-0.3,-25.2,0,-24.2,-0.4,-78.9,13.9,-89.3,0,0,0,0,0,,bow,,LOOK / SHOOT / POUR_OUT
156,313-314,13,antinous,A,11,1.5,-6.5,0,0,1.3,0,-1,-4.1,-1.7,3.6,1.2,-137.5,0,0,0,0,0,0,0,,,,LOOK / HOLD / SCENE
157,315-316,13.083,odysseus-revealed,A,0,2,9.5,180,0,0,0,0,-27.9,0,-23.9,-0.4,-77.5,16.2,-89.7,0,0,0,0,0,,bow,,LOOK / SHOOT / POUR_OUT
157,315-316,13.083,antinous,A,11,1.5,-6.5,0,0,1.3,0,-0.9,-1.5,-1.7,8.6,0.4,-137.5,0,0,0,0,0,0,0,,,,LOOK / HOLD / SCENE
158,317-318,13.167,odysseus-revealed,H,0,2,9.5,180,0,0,0,0,-29.6,0,-23.3,-0.5,-75.9,18.4,-90.2,0,0,0,0,0,,bow,,LOOK / SHOOT / POUR_OUT
158,317-318,13.167,antinous,A,11,1.5,-6.5,0,0,1.3,0,-0.8,1.3,-1.7,11.7,-0.3,-137.5,0,0,0,0,0,0,0,,,,LOOK / HOLD / SCENE
159,319-320,13.25,odysseus-revealed,H,0,2,9.5,180,0,0,0,0,-30.7,0,-23,-0.6,-74.3,20.2,-90.8,0,0,0,0,0,,bow,,LOOK / SHOOT / POUR_OUT
159,319-320,13.25,antinous,A,11,1.5,-6.5,0,0,1.3,0,-0.6,3.9,-1.7,12.7,-0.5,-137.5,0,0,0,0,0,0,0,,,,WEIGHT SHIFT / HOLD / SCENE
160,321-322,13.333,odysseus-revealed,H,0,2,9.5,180,0,0,0,0,-31.5,0,-23,-0.7,-73,21.6,-91.2,0,0,0,0,0,,bow,,LOOK / SHOOT / POUR_OUT
160,321-322,13.333,antinous,A,11,1.5,-6.5,0,0,1,0,-0.3,5.8,-1.3,12.5,-0.3,-137.5,0,0,0,0,0,0,0,,,,WEIGHT SHIFT / HOLD / SCENE
161,323-324,13.417,odysseus-revealed,H,0,2,9.5,180,0,0,0,0,-31.5,0,-23,-0.8,-72,22.6,-91.6,0,0,0,0,0,,bow,,LOOK / SHOOT / POUR_OUT
161,323-324,13.417,antinous,A,11,1.5,-6.5,0,0,0.2,0,-0.1,6.5,-0.2,12.2,-0.1,-137.5,0,0,0,0,0,0,0,,,,WEIGHT SHIFT / HOLD / SCENE
162,325-326,13.5,odysseus-revealed,H,0,2,9.5,180,0,0,0,0,-31.5,0,-23,-0.9,-71.6,22.9,-91.7,0,0,0,0,0,,bow,,LOOK / SHOOT / POUR_OUT
162,325-326,13.5,antinous,A,11,1.5,-6.5,0,0,-0.7,-0.1,0,6.5,1.1,12.1,0,-137.5,0,0,0,0,0,0,0,,,,WEIGHT SHIFT / HOLD / SCENE
163,327-328,13.583,odysseus-revealed,H,0,2,9.5,180,0,0,0,0,-31.5,0,-23,-1,-69.9,24.3,-91.6,0,0,0,0,0,,bow,,DRAW AND LOOSE / SHOOT / POUR_OUT
163,327-328,13.583,antinous,A,11,1.5,-6.5,0,0,-1.4,-0.1,-0.5,6.5,2.1,12.1,-0.7,-139,0,0,0,0,0,0,0,,,,WEIGHT SHIFT / HOLD / SCENE
164,329-330,13.667,odysseus-revealed,A,0,2,9.5,180,0,0,0,0,-30.8,0,-23,-1,-71.6,25.6,-91.5,0,0,0,0,0,,bow,,DRAW AND LOOSE / SHOOT / POUR_OUT
164,329-330,13.667,antinous,A,11,1.5,-6.5,0,0,-1.7,-0.1,-1.7,6.5,2.6,12.1,-2.5,-142.5,0,0,0,0,0,0,0,,,,WEIGHT SHIFT / HOLD / SCENE
165,331-332,13.75,odysseus-revealed,A,0,2,9.5,180,0,0,0,0,-30.1,0,-23,-1.1,-73.3,26.9,-91.4,0,0,0,0,0,,bow,,DRAW AND LOOSE / SHOOT / POUR_OUT
165,331-332,13.75,antinous,A,11,1.5,-6.5,0,0,-1.7,0,-3.1,6.5,2.5,12.1,-4.8,-147.1,0.1,0,0.1,0,0,0,0,,,,DRINK / DRINK / HOLD
166,333-334,13.833,odysseus-revealed,A,0,2,9.5,180,0,0,0,0,-29.4,0,-23,-1.2,-71.6,28.1,-91.2,0,0,0,0,0,,bow,,DRAW AND LOOSE / SHOOT / POUR_OUT
166,333-334,13.833,antinous,A,11,1.5,-6.5,0,0,-1.7,0,-4.2,6.5,2.5,12.1,-7,-151.5,0.2,0,0.2,0,0,0,0,,,,DRINK / DRINK / HOLD
167,335-336,13.917,odysseus-revealed,A,0,2,9.5,180,0,0,0,0,-28.7,0,-23,-1.2,-69.9,29.2,-90.9,0,0,0,0,0,,bow,,DRAW AND LOOSE / SHOOT / POUR_OUT
167,335-336,13.917,antinous,A,11,1.5,-6.5,0,0,-1.6,0,-4.6,6.5,2.4,12.1,-8.6,-154.7,0.3,0,0.3,0,0,0,0,,,,DRINK / DRINK / HOLD
168,337-338,14,odysseus-revealed,A,0,2,9.5,180,0,0,0,0,-28.1,0,-23,-1.3,-71.6,30.2,-90.7,0,0,0,0,0,,bow,,DRAW AND LOOSE / SHOOT / POUR_OUT
168,337-338,14,antinous,A,11,1.5,-6.5,0,0,-1.6,0,-4.6,6.5,2.4,12.1,-8.9,-160.5,0.4,0,0.4,0,0,0,0,,,,DRINK / DRINK / HOLD
169,339-340,14.083,odysseus-revealed,H,0,2,9.5,180,0,0,0,0,-27.5,0,-23,-1.3,-73.3,31.2,-90.3,0,0,0,0,0,,bow,,DRAW AND LOOSE / SHOOT / POUR_OUT
169,339-340,14.083,antinous,A,11,1.5,-6.5,0,0,-1.6,0,-4.6,6.5,2.4,12.1,-8.5,-164.9,0.5,0,0.5,0,0,0,0,,,,DRINK / DRINK / HOLD
170,341-342,14.167,odysseus-revealed,H,0,2,9.5,180,0,0,0,0,-27,0,-23,-1.4,-71.6,31.5,-90,0,0,0,0,0,,bow,,DRAW AND LOOSE / SHOOT / POUR_OUT
170,341-342,14.167,antinous,A,11,1.5,-6.5,0,0,-1.6,0,-3.4,6.5,2.3,12.1,-8.6,-154.7,0.3,0,0.3,0,0,0,0,,,,DRINK / DRINK / HOLD
171,343-344,14.25,odysseus-revealed,H,0,2,9.5,180,0,0,0,0,-26.5,0,-23,-1.4,-69.9,31.5,-89.6,0,0,0,0,0,,bow,,DRAW AND LOOSE / SHOOT / POUR_OUT
171,343-344,14.25,antinous,A,11,1.5,-6.5,0,0,-1.6,0,-0.7,6.5,2.3,12.1,-11.2,-113.3,0,-43.4,14.1,0,0,0,0,,,,DRINK / DRINK / HOLD
172,345-346,14.333,odysseus-revealed,H,0,2,9.5,180,0,0,0,0,-26,0,-23,-1.5,-71.6,31.5,-89.2,0,0,0,0,0,,bow,,DRAW AND LOOSE / SHOOT / POUR_OUT
172,345-346,14.333,antinous,A,11,1.5,-6.5,0,0,-1.5,0,0,6.5,2.2,12.1,-12.6,-57.3,8.5,-91.7,28.6,0,0,0,0,,,,DRINK / DRINK / HOLD
173,347-348,14.417,odysseus-revealed,H,0,2,9.5,180,0,0,0,0,-25.6,0,-23,-1.5,-73.3,31.5,-88.7,0,0,0,0,0,,bow,,DRAW AND LOOSE / SHOOT / POUR_OUT
173,347-348,14.417,antinous,A,11,1.5,-6.5,0,0,-1.5,0,0,6.5,2.2,12.1,-10.8,-22.9,17.2,-99.3,29.4,0,0,0,0,,,,DRINK / DRINK / HOLD
174,349-350,14.5,odysseus-revealed,H,0,2,9.5,180,0,0,0,0,-25.2,0,-23,-1.5,-71.6,31.5,-88.3,0,0,0,0,0,,bow,,DRAW AND LOOSE / SHOOT / POUR_OUT
174,349-350,14.5,antinous,A,11,1.5,-6.5,0,0,-1.5,0,0,6.5,2.1,12.1,-8.4,-15.5,17.7,-103.3,30.1,0,0,0,0,,,,DRINK / DRINK / HOLD
175,351-352,14.583,odysseus-revealed,H,0,2,9.5,180,0,0,0,0,-24.9,0,-23,-1.6,-69.9,31.5,-87.8,0,0,0,0,0,,bow,,DRAW AND LOOSE / SHOOT / POUR_OUT
175,351-352,14.583,antinous,A,11,1.5,-6.5,0,0,-1.5,0,0,6.5,2.1,12.1,-5.7,-14.6,18.1,-104.5,30.8,0,0,0,0,,,,DRINK / DRINK / HOLD
176,353-354,14.667,odysseus-revealed,H,0,2,9.5,180,0,0,0,0,-24.6,0,-23,-1.6,-71.6,31.5,-87.4,0,0,0,0,0,,bow,,DRAW AND LOOSE / SHOOT / POUR_OUT
176,353-354,14.667,antinous,A,11,1.5,-6.5,0,0,-1.4,0,0,6.5,2,12.1,-2.8,-18.5,18.5,-103.8,31.4,0,0,0,0,,,,DRINK / DRINK / HOLD
177,355-356,14.75,odysseus-revealed,H,0,2,9.5,180,0,0,0,0,-24.4,0,-23,-1.6,-73.3,31.5,-86.9,0,0,0,0,0,,bow,,DRAW AND LOOSE / SHOOT / POUR_OUT
177,355-356,14.75,antinous,A,11,1.5,-6.5,0,0,-1.4,0,0,6.5,2,12.1,0,-24.9,18.9,-101.8,31.5,0,0,0,0,,,,DRINK / DRINK / HOLD
178,357-358,14.833,odysseus-revealed,H,0,2,9.5,180,0,0,0,0,-24.2,0,-23,-1.6,-71.6,31.5,-86.5,0,0,0,0,0,,bow,,DRAW AND LOOSE / SHOOT / POUR_OUT
178,357-358,14.833,antinous,A,11,1.5,-6.5,0,0,-1.4,0,0,6.5,1.9,12.1,2.5,-32,19.3,-99.4,31.5,0,0,0,0,,,,DRINK / DRINK / HOLD
179,359-360,14.917,odysseus-revealed,H,0,2,9.5,180,0,0,0,0,-24.1,0,-23,-1.7,-69.9,31.5,-86,0,0,0,0,0,,bow,,DRAW AND LOOSE / SHOOT / POUR_OUT
179,359-360,14.917,antinous,A,11,1.5,-6.5,0,0,-1.4,0,0,6.5,1.9,12.1,4.5,-37.7,19.6,-97.3,31.5,0,0,0,0,,,,DRINK / DRINK / HOLD
180,361-362,15,odysseus-revealed,A,0,2,9.5,180,0,0,0,0,-24,0,-23,-1.7,-64.5,31.5,-85.6,0,0,0,0,0,,bow,,DRAW AND LOOSE / SHOOT / POUR_OUT
180,361-362,15,antinous,A,11,1.5,-6.5,0,0,-1.3,0,0,6.5,1.9,12.1,5.7,-40.1,19.9,-96.3,31.5,0,0,0,0,,,,DRINK / DRINK / HOLD
181,363-364,15.083,odysseus-revealed,A,0,2,9.5,180,0,0,0,0,-23.9,0,-23,-1.7,-61.2,31.5,-85.2,0,0,0,0,0,,bow,,DRAW AND LOOSE / SHOOT / POUR_OUT
181,363-364,15.083,antinous,A,11,1.5,-6.5,0,0,-1.3,0,0,6.5,1.8,12.1,6.5,-38.3,20.1,-95.6,31.5,0,0,0,0,,,,DRINK / DRINK / HOLD
182,365-366,15.167,odysseus-revealed,H,0,2,9.5,180,0,0,0,0,-23.9,0,-23,-1.7,-60.2,31.5,-84.8,0,0,0,0,0,,bow,,DRAW AND LOOSE / SHOOT / POUR_OUT
182,365-366,15.167,antinous,A,11,1.5,-6.5,0,0,-1.3,0,0,6.5,1.8,12.1,7.2,-34.1,20.4,-94.1,31.5,0,0,0,0,,,,DRINK / DRINK / HOLD
183,367-368,15.25,odysseus-revealed,H,0,2,9.5,180,0,0,0,0,-23.7,0,-23,-1.7,-59.8,31.5,-84.4,0,0,0,0,0,,bow,,DRAW AND LOOSE / SHOOT / POUR_OUT
183,367-368,15.25,antinous,A,11,1.5,-6.5,0,-4.3,-1.3,0.1,0,6.5,1.8,12.1,7.7,-29,20.6,-92.4,31.5,0,0,0,0,,,,IMPACT / IMPACT / SOUND
184,369-370,15.333,odysseus-revealed,H,0,2,9.5,180,0,0,0,0,-23.4,0,-23,-1.6,-58.8,31.5,-84.1,0,0,0,0,0,,bow,,DRAW AND LOOSE / SHOOT / POUR_OUT
184,369-370,15.333,antinous,A,11,1.5,-6.5,0,-5.7,-1.6,0.2,0,6.5,2.1,12.1,8.2,-24.7,20.8,-90.6,31.5,0,0,0,0,,,,IMPACT / IMPACT / SOUND
185,371-372,15.417,odysseus-revealed,R,0,2,9.5,180,0,0,0,0,-23,0,-23,-1.5,-57.4,29.1,-83.8,0,0,0,0,0,,bow,,DRAW AND LOOSE / SHOOT / POUR_OUT
185,371-372,15.417,antinous,A,11,1.5,-6.5,0,-5.3,-1.9,0.1,0,6.5,2.6,12.1,8.6,-22.9,20.9,-89.3,31.5,0,0,0,0,,,,IMPACT / IMPACT / SOUND
186,373-374,15.5,odysseus-revealed,R,0,2,9.5,180,0,0,0,0,-22.4,0,-23,-1.4,-55.9,24.4,-83.6,0,0,0,0,0,,bow,,DRAW AND LOOSE / SHOOT / POUR_OUT
186,373-374,15.5,antinous,A,11,1.5,-6.5,0,-4.3,-2.3,0,0,6.5,3.1,12.1,8.9,-23.9,21,-88.8,31.5,0,0,0,0,,,,IMPACT / IMPACT / SOUND
187,375-376,15.583,odysseus-revealed,R,0,2,9.5,180,0,0,0,0,-21.9,0,-23,-1.2,-54.3,19.6,-83.4,0,0,0,0,0,,bow,,DRAW AND LOOSE / SHOOT / POUR_OUT
187,375-376,15.583,antinous,A,11,1.5,-6.5,0,-3.3,-2.7,-0.1,0,6.5,3.7,12.1,9.2,-26.3,21.1,-89.4,31.5,0,0,0,0,,,,IMPACT / IMPACT / SOUND
188,377-378,15.667,odysseus-revealed,R,0,2,9.5,180,0,0,0,0,-21.5,0,-23,-1.1,-52.9,15.5,-83.2,0,0,0,0,0,,bow,,DRAW AND LOOSE / SHOOT / POUR_OUT
188,377-378,15.667,antinous,A,11,1.5,-6.5,0,-2.9,-3.1,-0.2,0,6.5,4.3,12.1,9.3,-29.7,21.2,-90.8,31.5,0,0,0,0,,,,IMPACT / IMPACT / SOUND
189,379-380,15.75,odysseus-revealed,R,0,2,9.5,180,0,0,0,0,-21.1,0,-23,-0.9,-51.9,12.6,-83.1,0,0,0,0,0,,bow,,DRAW AND LOOSE / SHOOT / POUR_OUT
189,379-380,15.75,antinous,A,11,1.5,-6.5,0,-2.8,-3.5,-0.2,0,6.5,4.9,12.1,9.4,-33.3,21.2,-92.7,31.5,0,0,0,0,,,,IMPACT / IMPACT / SOUND
190,381-382,15.833,odysseus-revealed,H,0,2,9.5,180,0,0,0,0,-21,0,-23,-0.7,-51.6,11.5,-83.1,0,0,0,0,0,,bow,,DRAW AND LOOSE / SHOOT / POUR_OUT
190,381-382,15.833,antinous,A,11,1.5,-6.5,0,-2.8,-3.8,-0.2,0,6.5,5.3,12.1,9.5,-36.7,21.2,-94.5,31.5,0,0,0,0,,,,IMPACT / IMPACT / SOUND
191,383-384,15.917,odysseus-revealed,H,0,2,9.5,180,0,0,0,0,-20.8,0,-23,-0.5,-52.3,11.1,-83.2,0,0,0,0,0,,bow,,DRAW AND LOOSE / SHOOT / POUR_OUT
191,383-384,15.917,antinous,A,11,1.5,-6.5,0,-2.7,-4,-0.2,0,6.5,5.6,12.1,9.5,-39.2,21.1,-95.9,31.5,0,0,0,0,,,,IMPACT / IMPACT / SOUND
192,385-386,16,odysseus-revealed,H,0,2,9.5,180,0,0,0,0,-20.1,0,-23,-0.3,-54.2,10.3,-83.7,0,0,0,0,0,,bow,,DRAW AND LOOSE / SHOOT / POUR_OUT
192,385-386,16,antinous,A,11,1.5,-6.5,0,-2.6,-4.1,-0.2,0,6.5,5.7,12.1,9.5,-40.1,21.1,-96.3,31.5,0,0,0,0,,,,IMPACT / IMPACT / SOUND
193,387-388,16.083,odysseus-revealed,A,0,2,9.5,180,0,0,0,0,-19.1,0,-23,-0.2,-57.1,9,-84.3,0,0,0,0,0,,bow,,DRAW AND LOOSE / SHOOT / POUR_OUT
193,387-388,16.083,antinous,A,11,1.5,-6.5,0,-2.4,-3.5,-0.2,0,6.5,4.9,12.1,9.4,-38.9,21,-95.7,31.5,0,0,0,0,,,,IMPACT / IMPACT / SOUND
194,389-390,16.167,odysseus-revealed,A,0,2,9.5,180,0,0,0,0,-18,0,-23,0,-60.6,7.4,-85.1,0,0,0,0,0,,bow,,DRAW AND LOOSE / SHOOT / POUR_OUT
194,389-390,16.167,antinous,A,11,1.5,-6.5,0,-2.2,-2.1,-0.2,0,6.5,2.9,12.1,9.3,-35.8,20.9,-94.4,31.5,0,0,0,0,,,,IMPACT / IMPACT / SOUND
195,391-392,16.25,odysseus-revealed,A,0,2,9.5,180,0,0,0,0,-16.7,0,-23,0.2,-64.5,5.7,-85.9,0,0,0,0,0,,bow,,DRAW AND LOOSE / SHOOT / POUR_OUT
195,391-392,16.25,antinous,A,11,1.5,-6.5,0,-2.1,-0.4,-0.3,0,6.5,0.5,12.1,9.1,-31.8,20.7,-92.8,31.5,0,0,0,0,,,,IMPACT / IMPACT / SOUND
196,393-394,16.333,odysseus-revealed,R,0,2,9.5,180,0,0,0,0,-15.4,0,-23,0.3,-68.3,4,-86.8,0,0,0,0,0,,bow,,DRAW AND LOOSE / SHOOT / POUR_OUT
196,393-394,16.333,antinous,A,11,1.5,-6.5,0,-1.9,1,-0.3,0,6.5,-1.5,12.1,9,-27.7,20.5,-90.9,31.5,0,0,0,0,,,,IMPACT / IMPACT / SOUND
197,395-396,16.417,odysseus-revealed,R,0,2,9.5,180,0,0,0,0,-14.3,0,-23,0.4,-71.8,2.5,-87.6,0,0,0,0,0,,bow,,DRAW AND LOOSE / SHOOT / POUR_OUT
197,395-396,16.417,antinous,A,11,1.5,-6.5,0,-1.6,1.6,-0.3,0,6.5,-2.3,12.1,8.8,-24.5,20.3,-89,31.5,0,0,0,0,,,,IMPACT / IMPACT / SOUND
198,397-398,16.5,odysseus-revealed,R,0,2,9.5,180,0,0,0,0,-13.3,0,-23,0.5,-74.7,1.2,-88.2,0,0,0,0,0,,bow,,DRAW AND LOOSE / SHOOT / POUR_OUT
198,397-398,16.5,antinous,A,11,1.5,-6.5,0,-1.4,1.3,-0.3,0,6.5,-1.8,12.1,8.6,-22.9,20.1,-87.3,31.5,0,0,0,0,,,,IMPACT / IMPACT / SOUND
199,399-400,16.583,odysseus-revealed,H,0,2,9.5,180,0,0,0,0,-12.7,0,-23,0.6,-76.6,0.3,-88.6,0,0,0,0,0,,bow,,DRAW AND LOOSE / SHOOT / POUR_OUT
199,399-400,16.583,antinous,A,11,1.5,-6.5,0,-1.2,0.5,-0.3,0,6.5,-0.7,12.1,8.2,-22,19.8,-85.9,31.5,0,0,0,0,,,,IMPACT / IMPACT / SOUND
200,401-402,16.667,odysseus-revealed,H,0,2,9.5,180,0,0,0,0,-12.4,0,-23,0.6,-77.3,0,-88.8,0,0,0,0,0,,bow,,DRAW AND LOOSE / SHOOT / POUR_OUT
200,401-402,16.667,antinous,A,11,1.5,-6.5,0,-1,-0.7,-0.3,0,6.5,0.9,12.1,7.6,-20.3,19.5,-86,31.5,0,0,0,0,,,,IMPACT / IMPACT / SOUND
201,403-404,16.75,odysseus-revealed,H,0,2,9.5,180,0,0,0,0,-12.4,0,-23,0.6,-77.3,0,-88.8,0,0,0,0,0,,bow,,RECOVER / RECOVER / SOUND
201,403-404,16.75,antinous,A,11,1.5,-6.5,0,-0.8,-1.9,-0.2,0,6.5,2.6,12.1,6.7,-18.7,19.2,-87.5,31.5,0,0,0,0,,,,IMPACT / IMPACT / SOUND
202,405-406,16.833,odysseus-revealed,H,0,2,9.5,180,0,0,0,0.2,-12.4,0,-23,0.6,-77.3,0,-88.8,0,0,0,0,0,,bow,,RECOVER / RECOVER / SOUND
202,405-406,16.833,antinous,A,11,1.5,-6.5,0,-0.6,-3,-0.2,0,6.5,4.1,12.1,5.7,-17.8,18.9,-89.4,31.4,0,0,0,0,,,,IMPACT / IMPACT / SOUND
203,407-408,16.917,odysseus-revealed,H,0,2,9.5,180,0,0,0,0.7,-12.4,0,-23,0.6,-77.3,0,-88.8,0,0,0,0,0,,bow,,RECOVER / RECOVER / SOUND
203,407-408,16.917,antinous,A,11,1.5,-6.5,0,-0.4,-3.8,-0.2,0,6.5,5.3,12.1,4.6,-18.3,18.5,-90.8,30.8,0,0,0,0,,,,IMPACT / IMPACT / SOUND
204,409-410,17,odysseus-revealed,H,0,2,9.5,180,0,0,0,1.2,-12.4,0,-23,0.6,-77.3,0,-88.8,0,0,0,0,0,,bow,,RECOVER / RECOVER / SOUND
204,409-410,17,antinous,A,11,1.5,-6.5,0,-0.3,-4.1,-0.2,0,6.5,5.7,12.1,3.5,-20.7,18.1,-90.6,30.1,0,0,0,0,,,,FALL / FALL / IMPACT
205,411-412,17.083,odysseus-revealed,H,0,2,9.5,179.4,0,0,0,1.4,-12.4,0,-23,0.6,-77.4,0,-88.8,0,0,0,0,0,,bow,,WALK / BLOCKING
205,411-412,17.083,antinous,A,11,1.5,-6.5,0,-0.5,-3.7,-0.2,0,6.5,5.1,12.1,2.4,-25.9,17.7,-87.8,29.4,0,0,0,0,,,,FALL / FALL / IMPACT
206,413-414,17.167,odysseus-revealed,R,0,2,9.6,166.6,0,0,0,1.3,-10.5,0,-19.4,0.6,-77.7,0,-88.5,0,0,0,0.4,-0.4,,bow,,WALK / BLOCKING
206,413-414,17.167,antinous,A,11,1.6,-6.5,-0.8,-1.6,-2.7,-0.2,0,6.5,3.7,12.1,1.4,-34.6,17.2,-81.5,28.6,0,0,0.3,-0.3,,,,FALL / FALL / IMPACT
207,415-416,17.25,odysseus-revealed,R,0,2,9.6,140.7,0,0,0,1,-6.2,0,-11.5,0.7,-79,0,-87.2,0,0,0,2.2,-2.2,,bow,,WALK / BLOCKING
207,415-416,17.25,antinous,A,11,1.6,-6.4,-2.4,-2.8,-1.7,-0.3,0,6.5,2.3,12.1,0.7,-66.9,12.5,-56.6,20.9,0,0,1.3,-1.3,,,,FALL / FALL / IMPACT
208,417-418,17.333,odysseus-revealed,R,0,2,9.7,107,0,0,0,0.6,-1.9,0.1,-3.6,0.8,-81.5,0,-84.7,0,0,0,5.7,-5.7,,bow,,WALK / BLOCKING
208,417-418,17.333,antinous,A,11,1.7,-6.4,-4.5,-4,-1.3,-0.4,0,6.5,1.7,12.1,0.2,-126.9,4.4,-24.5,7.3,0,0,3.4,-3.4,,,,FALL / FALL / IMPACT
209,419-420,17.417,odysseus-revealed,R,0,2,9.7,70.8,0,0,0,0.4,0,0.2,0,0.9,-84.9,0,-81.3,0,0,0,10.4,-10.4,,bow,,WALK / BLOCKING
209,419-420,17.417,antinous,A,11,1.8,-6.4,-6.8,-5.2,-1.3,-0.4,0,6.5,1.7,12.1,-0.5,-176.9,0,-16.5,0,0,0,6.2,-6.2,,,,FALL / FALL / IMPACT
210,421-422,17.5,odysseus-revealed,R,0,2,9.8,37.5,0,0,0,0.3,0,0.3,0,1,-88.1,0,-78,0,0,0,14.9,-14.9,,bow,,WALK / BLOCKING
210,421-422,17.5,antinous,R,11,1.8,-6.3,-8.8,-6.4,-1.3,-0.4,0,6.5,1.7,12.1,-1.9,-144.9,0,0.8,0,0,0,8.9,-8.9,,,,FALL / FALL / IMPACT
211,423-424,17.583,odysseus-revealed,R,0,1.9,9.9,12.2,0,0,0,0.5,0,0.4,0,1.2,-90.4,0,-75.8,0,0,0,17.9,-17.9,,bow,,WALK / BLOCKING
211,423-424,17.583,antinous,R,11,1.9,-6.3,-10.4,-7.6,-1.3,-0.4,0,6.5,1.7,12.1,-3,-146.6,0,-0.1,0,0,0,10.8,-10.8,,,,FALL / FALL / IMPACT
212,425-426,17.667,odysseus-revealed,R,0,1.9,9.9,0.3,0,0,0,0.7,0,0.5,0,1.4,-92.4,0,-73.8,0,0,0,20.7,-20.7,,bow,,WALK / BLOCKING
212,425-426,17.667,antinous,R,11,2,-6.3,-11.1,-8.9,-1.3,-0.4,-0.2,6.5,1.7,12.1,-3.2,-148.4,0,-1.3,0,0,0,12.7,-12.7,,,,FALL / FALL / IMPACT
213,427-428,17.75,odysseus-revealed,R,0,1.9,10,0,0,0,0,0.9,0,0.6,0,1.5,-94.4,0,-71.8,0,0,0,23.4,-23.4,,bow,,WALK / BLOCKING
213,427-428,17.75,antinous,R,10.9,2.1,-6.2,-11.1,-10.1,-1.3,-0.4,-1.1,6.5,1.7,12.1,-2.3,-150.2,0,-2.8,0,0,0,14.6,-14.6,,,,FALL / FALL / IMPACT
214,429-430,17.833,odysseus-revealed,R,0,1.9,10.1,0,0,0,-0.1,1.1,0,0.8,0,1.7,-96.2,0,-70,0,0,0,25.9,-25.9,,bow,,THREAT / THREAT / RECOVER
214,429-430,17.833,antinous,R,10.9,2.1,-6.2,-11.1,-11.3,-1.3,-0.4,-2,6.5,1.7,12.1,-0.9,-152,0,-4.7,0,0,0,16.4,-16.4,,,,FALL / FALL / IMPACT
215,431-432,17.917,odysseus-revealed,R,0,1.9,10.1,0,0,0,-0.1,1.8,0,1,0,1.9,-97.9,0,-70,0,0,0,28.3,-28.3,,bow,,THREAT / THREAT / RECOVER
215,431-432,17.917,antinous,R,10.9,2.2,-6.1,-11.1,-12.5,-1.3,-0.3,-1.7,6.5,1.7,12.1,0.4,-153.8,0,-6.8,0,0,0,18.3,-18.3,,,,FALL / FALL / IMPACT
216,433-434,18,odysseus-revealed,R,0,1.9,10.2,0,0,0,-0.2,3.2,0,1.2,0,2.1,-99.4,0,-72.7,0,0,0,30.3,-30.3,,bow,,THREAT / THREAT / RECOVER
216,433-434,18,antinous,R,10.9,2.3,-6.1,-11.1,-13.7,-1.3,-0.3,0,6.5,1.7,12.1,1.6,-155.7,0,-9.1,0,0,0,20.1,-20.1,,,,FALL / FALL / IMPACT
217,435-436,18.083,odysseus-revealed,R,0,1.9,10.3,0,0,0,-0.2,4.9,0,1.5,0,2.2,-100.6,0,-76.3,0,0,0,32.1,-32.1,,bow,,THREAT / THREAT / RECOVER
217,435-436,18.083,antinous,R,10.9,2.4,-6.1,-11.1,-15,-1.3,-0.3,1.9,6.5,1.7,12.1,2.8,-157.6,0,-11.8,0,0,0,21.8,-21.8,,,,FALL / FALL / IMPACT
218,437-438,18.167,odysseus-revealed,A,0,1.9,10.3,0,0,0,-0.3,6.4,0,1.7,0,2.3,-101.7,0,-79.4,0,0,0,33.5,-33.5,,bow,,THREAT / THREAT / RECOVER
218,437-438,18.167,antinous,R,10.9,2.5,-6,-11.1,-16.2,-1.3,-0.3,3.2,6.5,1.7,12.1,3.8,-159.5,0,-14.6,0,0,0,23.5,-23.5,,,,FALL / FALL / IMPACT
219,439-440,18.25,odysseus-revealed,A,0,1.8,10.4,0,0,0,-0.3,7.2,0,2,0,2.5,-102.4,0,-80.3,0,0,0,34.6,-34.6,,bow,,THREAT / THREAT / RECOVER
219,439-440,18.25,antinous,R,10.9,2.6,-6,-11.1,-17.4,-1.3,-0.3,3.4,6.5,1.7,12.1,4.7,-161.3,0,-17.7,0,0,0,25.1,-25.1,,,,FALL / FALL / IMPACT
220,441-442,18.333,odysseus-revealed,A,0,1.8,10.5,0,0,0,-0.4,7.6,0,2.3,0,2.5,-102.9,0,-79.7,0,0,0,35.3,-35.3,,bow,,THREAT / THREAT / RECOVER
220,441-442,18.333,antinous,R,10.9,2.6,-5.9,-11.1,-18.6,-1.3,-0.3,2.5,6.5,1.7,12.1,5.6,-163.1,0,-21.1,0,0,0,26.7,-26.7,,,,FALL / FALL / IMPACT
221,443-444,18.417,odysseus-revealed,A,0,1.8,10.5,0,0,0,-0.4,8,0,2.6,0,2.6,-103.1,0,-79.4,0,0,0,35.5,-35.5,,bow,,THREAT / THREAT / RECOVER
221,443-444,18.417,antinous,R,10.9,2.7,-5.9,-11.1,-19.9,-1.3,-0.3,0.8,6.5,1.7,12.1,6.3,-164.9,0,-24.6,0,0,0,28.1,-28.1,,,,FALL / FALL / IMPACT
222,445-446,18.5,odysseus-revealed,A,0,1.8,10.6,0,0,0,-0.3,8,0,2.2,0,2.6,-103,0,-79.4,0,0,0,35.4,-35.4,,bow,,THREAT / THREAT / RECOVER
222,445-446,18.5,antinous,A,10.9,2.8,-5.9,-11.1,-21.1,-1.3,-0.3,-1.2,6.5,1.7,12.1,7,-166.6,0,-28.3,0,0,0,29.5,-29.5,,,,FALL / FALL / IMPACT
223,447-448,18.583,odysseus-revealed,A,0,1.8,10.7,0,0,0,-0.3,8,0,1.9,0,2.6,-102.6,0,-79.7,0,0,0,34.8,-34.8,,bow,,THREAT / THREAT / RECOVER
223,447-448,18.583,antinous,A,10.9,2.9,-5.8,-11.1,-22.3,-1.3,-0.3,-2.8,6.5,1.7,12.1,7.6,-168.2,0,-32.2,0,0,0,30.7,-30.7,,,,FALL / FALL / IMPACT
224,449-450,18.667,odysseus-revealed,A,0,1.8,10.8,0,0,0,-0.3,8,0,1.6,0,2.4,-101.8,0,-80.3,0,0,0,33.7,-33.7,,bow,,THREAT / THREAT / RECOVER
224,449-450,18.667,antinous,A,10.9,3,-5.8,-11.1,-23.5,-1.3,-0.3,-3.4,6.5,1.7,12.1,8.1,-169.8,0,-36.3,0,0,0,31.8,-31.8,,,,FALL / FALL / IMPACT
225,451-452,18.75,odysseus-revealed,A,0,1.8,10.8,0,0,0,-0.2,8,0,1.3,0,2.3,-100.8,0,-81.3,0,0,0,32.2,-32.2,,bow,,THREAT / THREAT / RECOVER
225,451-452,18.75,antinous,A,10.8,3.1,-5.7,-11.1,-24.7,-1.3,-0.3,-3,6.5,1.7,12.1,8.6,-171.2,0,-40.6,0,0,0,32.8,-32.8,,,,FALL / FALL / IMPACT
226,453-454,18.833,odysseus-revealed,A,0,1.8,10.9,0,0,0,-0.2,8,0,1.1,0,2,-99.4,0,-82.5,0,0,0,30.4,-30.4,,bow,,THREAT / THREAT / RECOVER
226,453-454,18.833,antinous,A,10.8,3.2,-5.7,-11.1,-26,-1.3,-0.3,-1.5,6.5,1.7,12.1,8.9,-172.6,0,-45,0,0,0,33.6,-33.6,,,,FALL / FALL / IMPACT
227,455-456,18.917,odysseus-revealed,A,0,1.8,11,0,0,0,-0.2,8,0,0.8,0,1.7,-97.7,0,-84,0,0,0,28.1,-28.1,,bow,,THREAT / THREAT / RECOVER
227,455-456,18.917,antinous,A,10.8,3.2,-5.6,-11.1,-27.2,-1.3,-0.3,0.4,6.5,1.7,12.1,9.2,-167.9,0,-49.5,0,0,0,34.3,-34.3,,,,FALL / FALL / IMPACT
228,457-458,19,odysseus-revealed,A,0,1.7,11.1,0,0,0,-0.1,8,0,0.6,0,1.4,-95.8,0,-85.8,0,0,0,25.5,-25.5,,bow,,THREAT / THREAT / RECOVER
228,457-458,19,antinous,A,10.8,3.3,-5.6,-11.1,-28.4,-1.3,-0.3,2.2,6.5,1.7,12.1,9.4,-162.8,0,-54.1,0,0,0,34.8,-34.8,,,,FALL / FALL / IMPACT
229,459-460,19.083,odysseus-revealed,A,0,1.7,11.2,0,0,0,-0.1,8,0,0.5,0,1,-93.7,0,-87.8,0,0,0,22.5,-22.5,,bow,,THREAT / THREAT / RECOVER
229,459-460,19.083,antinous,A,10.8,3.4,-5.5,-11.1,-29.6,-1.3,-0.3,3.3,6.5,1.7,12.1,9.5,-157.3,0,-58.8,0,0,0,35.2,-35.2,,,,FALL / FALL / IMPACT
230,461-462,19.167,odysseus-revealed,A,0,1.7,11.2,0,0,0,-0.1,8,0,0.3,0,0.7,-91.4,0,-90.1,0,0,0,19.3,-19.3,,bow,,THREAT / THREAT / RECOVER
230,461-462,19.167,antinous,A,10.8,3.5,-5.5,-11.1,-30.9,-1.3,-0.3,3.3,6.5,1.7,12.1,9.6,-155.1,0,-63.6,0,0,0,35.5,-35.5,,,,FALL / FALL / IMPACT
231,463-464,19.25,odysseus-revealed,A,0,1.7,11.3,0,0,0,-0.1,8,0,0.2,0,0.4,-88.9,0,-92.4,0,0,0,15.9,-15.9,,bow,,THREAT / THREAT / RECOVER
231,463-464,19.25,antinous,A,10.8,3.6,-5.5,-11.1,-32.1,-1.3,-0.2,2.2,6.5,1.7,12.1,9.5,-154.9,0,-68.5,0,0,0,35.5,-35.5,,,,FALL / FALL / IMPACT
232,465-466,19.333,odysseus-revealed,A,0,1.7,11.4,0,0,0,-0.1,8,0,0.1,0,0.1,-86.2,0,-94.9,0,0,0,12.2,-12.2,,bow,,THREAT / THREAT / RECOVER
232,465-466,19.333,antinous,A,10.8,3.7,-5.4,-11.1,-33.3,-1.3,-0.2,0.4,6.5,1.7,12.1,8.5,-158.7,0,-73.4,0,0,0,35.4,-35.4,,,,FALL / FALL / IMPACT
233,467-468,19.417,odysseus-revealed,A,0,1.7,11.4,0,0,0,-0.1,8,0,0.1,0,-0.2,-83.5,0,-97.5,0,0,0,8.5,-8.5,,bow,,THREAT / THREAT / RECOVER
233,467-468,19.417,antinous,A,10.8,3.8,-5.4,-11.1,-34.5,-1.3,-0.1,-1.5,6.5,1.7,12.1,7.5,-161.9,0,-78.2,0,0,0,35.2,-35.2,,,,FALL / FALL / IMPACT
234,469-470,19.5,odysseus-revealed,A,0,1.7,11.5,0,0,0,-0.1,7.9,0,0,0,-0.4,-80.7,0,-100.2,0,0,0,4.7,-4.7,,bow,,THREAT / THREAT / RECOVER
234,469-470,19.5,antinous,A,10.8,3.9,-5.3,-11.1,-35.8,-1.3,-0.1,-3,6.5,1.7,12.1,6.7,-164.6,0,-83.1,0,0,0,34.8,-34.8,,,,FALL / FALL / IMPACT
235,471-472,19.583,odysseus-revealed,A,0,1.7,11.6,0,0,0,-0.1,7.9,0,0,0,-0.5,-77.9,0,-102.9,0,0,0,0.8,-0.8,,bow,,THREAT / THREAT / RECOVER
235,471-472,19.583,antinous,A,10.8,3.9,-5.3,-11.1,-37,-1.3,-0.1,-3.4,6.5,1.7,12.1,6.1,-166.8,0,-87.9,0,0,0,34.3,-34.3,,,,FALL / FALL / IMPACT
236,473-474,19.667,odysseus-revealed,A,0,1.6,11.7,0,0,0,-0.1,7.3,0,0,0,-0.5,-75.2,0,-105.5,0,0,0,-3,3,,bow,,THREAT / THREAT / RECOVER
236,473-474,19.667,antinous,A,10.8,4,-5.2,-11.1,-38.2,-1.3,-0.1,-2.6,6.5,1.7,12.1,5.5,-168.5,0,-92.7,0,0,0,33.7,-33.7,,,,FALL / FALL / IMPACT
237,475-476,19.75,odysseus-revealed,A,0,1.6,11.7,0,0,0,-0.1,6.7,0,0,0,-0.5,-72.5,0,-108.1,0,0,0,-6.7,6.7,,bow,,THREAT / THREAT / RECOVER
237,475-476,19.75,antinous,A,10.7,4.1,-5.2,-11.1,-39.4,-1.3,0,-0.8,6.5,1.7,12.1,5,-169.8,0,-97.3,0,0,0,32.9,-32.9,,,,FALL / FALL / IMPACT
238,477-478,19.833,odysseus-revealed,A,0,1.6,11.8,0,0,0,-0.2,6.2,0,0,0,-0.5,-69.9,0,-110.6,0,0,0,-10.3,10.3,,bow,,THREAT / THREAT / RECOVER
238,477-478,19.833,antinous,A,10.7,4.2,-5.2,-11.1,-40.6,-1.3,0,0.3,6.5,1.7,12.1,4.7,-170.8,0,-101.9,0,0,0,32,-32,,,,FALL / FALL / IMPACT
239,479-480,19.917,odysseus-revealed,A,0,1.6,11.9,0,0,0,-0.2,5.7,0,0,0,-0.5,-67.4,0,-112.9,0,0,0,-13.7,13.7,,bow,,THREAT / THREAT / RECOVER
239,479-480,19.917,antinous,A,10.7,4.3,-5.1,-11.1,-41.9,-1.3,0,0.3,6.5,1.7,12.1,4.4,-171.3,0,-106.3,0,0,0,31.1,-31.1,,,,FALL / FALL / IMPACT
240,481-482,20,odysseus-revealed,A,0,1.6,11.9,0,0,0,-0.2,5.2,0,0,0,-0.4,-65,0,-115.2,0,0,0,-17,17,,bow,,THREAT / THREAT / RECOVER
240,481-482,20,antinous,A,10.7,4.4,-5.1,-11.1,-43.1,-1.3,0,0.1,6.5,1.7,12.1,4.2,-171.6,0,-110.5,0,0,0,30,-30,,,,FALL / FALL / IMPACT
241,483-484,20.083,odysseus-revealed,A,0,1.6,12,0,0,0,-0.2,4.8,0,0,0,-0.3,-62.8,0,-117.2,0,0,0,-20,20,,bow,,THREAT / THREAT / RECOVER
241,483-484,20.083,antinous,A,10.7,4.4,-5,-11.1,-44.3,-1.3,0,0.3,6.5,1.7,12.1,4.1,-171.5,0,-114.5,0,0,0,28.8,-28.8,,,,FALL / FALL / IMPACT
242,485-486,20.167,odysseus-revealed,A,0,1.6,12.1,4.3,0,0,-0.2,4.4,0,0,0,-0.3,-60.9,0,-119.1,0,0,0,-22.7,22.7,,bow,,THREAT / THREAT / RECOVER
242,485-486,20.167,antinous,A,10.7,4.5,-5,-11.6,-45.5,-1.3,0,0.4,6.5,1.7,12.1,4,-171.2,0,-118.3,0,0,0,27.6,-27.6,,,,FALL / FALL / IMPACT
243,487-488,20.25,odysseus-revealed,A,0,1.6,12.1,21.7,0,0,-0.3,4,0,0,0,-0.2,-59.1,0,-120.8,0,0,0,-25.2,25.2,,bow,,THREAT / THREAT / RECOVER
243,487-488,20.25,antinous,A,10.7,4.6,-5,-13.7,-46.8,-1.3,0,0.6,6.5,1.7,12.1,4,-170.7,0,-121.8,0,0,0,26.3,-26.3,,,,FALL / FALL / IMPACT
244,489-490,20.333,odysseus-revealed,A,0,1.5,12.2,48.7,0,0,-0.3,3.7,0,0,0,-0.1,-57.6,0,-122.1,0,0,0,-27.2,27.2,,bow,,THREAT / THREAT / RECOVER
244,489-490,20.333,antinous,A,10.7,4.7,-4.9,-16.8,-48,-1.3,0,1,6.5,1.7,12.1,4,-169.9,0,-125.2,0,0,0,24.8,-24.8,,,,FALL / FALL / IMPACT
245,491-492,20.417,odysseus-revealed,A,0,1.5,12.3,81,0,0,-0.3,3.5,0,0,0,0,-59,0,-120.6,0,0,0,-25.3,25.3,,bow,,THREAT / THREAT / RECOVER
245,491-492,20.417,antinous,A,10.7,4.7,-4.9,-20.6,-49.2,-1.3,0,1.5,6.5,1.7,12.1,4.1,-166.8,0,-130.3,0,0,0,20.4,-20.4,,,,FALL / FALL / IMPACT
246,493-494,20.5,odysseus-revealed,A,0,1.5,12.3,114.4,0,0,-0.3,3.2,0,0,0,0.1,-63.2,0,-116.3,0,0,0,-19.5,19.5,,bow,,THREAT / THREAT / RECOVER
246,493-494,20.5,antinous,A,10.7,4.8,-4.9,-24.5,-50.4,-1.3,0,1.7,6.5,1.7,12.1,4.1,-162.2,0,-136.5,0,0,0,14,-14,,,,FALL / FALL / IMPACT
247,495-496,20.583,odysseus-revealed,A,0,1.5,12.4,144.7,0,0,-0.3,3,0,0,0,0.2,-68.8,0,-110.5,0,0,0,-11.8,11.8,,bow,,THREAT / THREAT / RECOVER
247,495-496,20.583,antinous,A,10.7,4.9,-4.8,-28.1,-51.7,-1.3,0,1.8,6.5,1.7,12.1,4.2,-157.5,0,-142.3,0,0,0,7.6,-7.6,,,,FALL / FALL / IMPACT
248,497-498,20.667,odysseus-revealed,A,0,1.5,12.4,167.8,0,0,-0.3,2.9,0,0,0,0.3,-74.1,0,-105.1,0,0,0,-4.4,4.4,,bow,,THREAT / THREAT / RECOVER
248,497-498,20.667,antinous,A,10.7,4.9,-4.8,-30.8,-52.9,-1.3,0,1.8,6.5,1.7,12.1,4.2,-153.8,0,-146.7,0,0,0,2.6,-2.6,,,,FALL / FALL / IMPACT
249,499-500,20.75,odysseus-revealed,R,0,1.5,12.5,179.4,0,0,-0.3,2.8,0,0,0,0.3,-77.2,0,-101.9,0,0,0,-0.2,0.2,,bow,,THREAT / THREAT / RECOVER
249,499-500,20.75,antinous,A,10.7,5,-4.8,-32.1,-54.1,-1.3,0,1.7,6.5,1.7,12.1,4.3,-152,0,-148.9,0,0,0,0.1,-0.1,,,,FALL / FALL / IMPACT
250,501-502,20.833,odysseus-revealed,R,0,1.5,12.5,180,0,0,-0.3,2.7,0,0,0,0.4,-77.3,0,-101.6,0,0,0,0,0,,bow,,LOOK / THREAT / RECOVER
250,501-502,20.833,antinous,H,10.7,5,-4.8,-32.2,-54.4,-1.3,0,1.7,6.5,1.7,12.1,4.3,-151.8,0,-149,0,0,0,0,0,,,,FALL / FALL / IMPACT
251,503-504,20.917,odysseus-revealed,R,0,1.5,12.5,180,0,0,-0.3,2.7,0.6,0,7.1,2.7,-77.3,0,-101.5,0,0,0,0,0,,bow,,LOOK / THREAT / RECOVER
251,503-504,20.917,antinous,H,10.7,5,-4.8,-32.2,-54.4,-1.3,0,1.6,6.5,1.7,12.1,4.2,-152.1,0,-149,0,0,0,0,0,,,,FALL / FALL / IMPACT
252,505-506,21,odysseus-revealed,R,0,1.5,12.5,180,0,0,-0.3,3,2,0,12.6,1.5,-77.3,0,-101.3,0,0,0,0,0,,bow,,LOOK / THREAT / RECOVER
252,505-506,21,antinous,H,10.7,5,-4.8,-32.2,-54.4,-1.3,0,1.4,6.5,1.7,12.1,4,-152.7,0,-149,0,0,0,0,0,,,,FALL / FALL / IMPACT
253,507-508,21.083,odysseus-revealed,R,0,1.5,12.5,180,0,0,-0.3,3.6,4,0,16.5,0.7,-77.3,0,-101.2,0,0,0,0,0,,bow,,LOOK / THREAT / RECOVER
253,507-508,21.083,antinous,H,10.7,5,-4.8,-32.2,-54.4,-1.3,0,1,6.5,1.7,12.1,3.7,-153.7,0,-149,0,0,0,0,0,,,,FALL / FALL / IMPACT
254,509-510,21.167,odysseus-revealed,R,0,1.5,12.5,180,0,0,-0.2,4.1,6.1,0,18.9,0.2,-77.3,0,-101.1,0,0,0,0,0,,bow,,LOOK / THREAT / RECOVER
254,509-510,21.167,antinous,H,10.7,5,-4.8,-32.2,-54.4,-1.3,0,0.5,6.5,1.7,12.1,3.3,-154.9,0,-149,0,0,0,0,0,,,,FALL / FALL / IMPACT
255,511-512,21.25,odysseus-revealed,R,0,1.5,12.5,180,0,0,-0.2,4.4,8.1,0,19.7,0,-77.3,0,-101,0,0,0,0,0,,bow,,LOOK / THREAT / RECOVER
255,511-512,21.25,antinous,H,10.7,5,-4.8,-32.2,-54.4,-1.3,0,0,6.5,1.7,12.1,2.9,-156.1,0,-149,0,0,0,0,0,,,,FALL / FALL / IMPACT
256,513-514,21.333,odysseus-revealed,R,0,1.5,12.5,180,0,0,-0.2,4.4,9.5,0,19.4,0,-77.3,0,-100.8,0,0,0,0,0,,bow,,LOOK / THREAT / RECOVER
256,513-514,21.333,antinous,H,10.7,5,-4.8,-32.2,-54.4,-1.3,0,-0.5,6.5,1.7,12.1,2.4,-157.4,0,-149,0,0,0,0,0,,,,FALL / FALL / IMPACT
257,515-516,21.417,odysseus-revealed,h,0,1.5,12.5,180,0,0,-0.2,4.4,10.1,0,19,0,-77.3,0,-100.7,0,0,0,0,0,,bow,,LOOK / THREAT / RECOVER
257,515-516,21.417,antinous,H,10.7,5,-4.8,-32.2,-54.4,-1.3,0,-1,6.5,1.7,12.1,2.1,-158.6,0,-149,0,0,0,0,0,,,,FALL / FALL / IMPACT
258,517-518,21.5,odysseus-revealed,h,0,1.5,12.5,180,0,0,-0.2,4.4,10.1,0,18.7,0,-77.3,0,-100.6,0,0,0,0,0,,bow,,LOOK / THREAT / RECOVER
258,517-518,21.5,antinous,H,10.7,5,-4.8,-32.2,-54.4,-1.3,0,-1.4,6.5,1.7,12.1,1.7,-159.5,0,-149,0,0,0,0,0,,,,FALL / FALL / IMPACT
259,519-520,21.583,odysseus-revealed,h,0,1.5,12.5,180,0,0,-0.2,4.4,10.1,0,18.7,0,-77.3,0,-100.5,0,0,0,0,0,,bow,,LOOK / THREAT / RECOVER
259,519-520,21.583,antinous,H,10.7,5,-4.8,-32.2,-54.4,-1.3,0,-1.6,6.5,1.7,12.1,1.5,-160.2,0,-149,0,0,0,0,0,,,,FALL / FALL / IMPACT
260,521-522,21.667,odysseus-revealed,h,0,1.5,12.5,180,0,0,-0.2,4.4,10.1,0,18.7,0,-77.3,0,-100.3,0,0,0,0,0,,bow,,LOOK / THREAT / RECOVER
260,521-522,21.667,antinous,H,10.7,5,-4.8,-32.2,-54.4,-1.3,0,-1.7,6.5,1.7,12.1,1.4,-160.4,0,-149,0,0,0,0,0,,,,FALL / FALL / IMPACT
261,523-524,21.75,odysseus-revealed,h,0,1.5,12.5,180,0,0,-0.2,4.4,10.1,0,18.7,0,-77.3,0,-100.2,0,0,0,0,0,,bow,,LOOK / THREAT / RECOVER
261,523-524,21.75,antinous,H,10.7,5,-4.8,-32.2,-54.4,-1.3,0,-1.7,6.5,1.7,12.1,1.4,-160.4,0,-149,0,0,0,0,0,,,,BREATH
262,525-526,21.833,odysseus-revealed,h,0,1.5,12.5,180,0,0,-0.2,4.4,10.1,0,18.7,0,-77.3,0,-100.1,0,0,0,0,0,,bow,,THREAT / THREAT / RECOVER
262,525-526,21.833,antinous,h,10.7,5,-4.8,-32.2,-54.4,-1.3,0,-1.7,6.5,1.7,12.1,1.4,-160.4,0,-149,0,0,0,0,0,,,,HOLD / FALL / IMPACT
263,527-528,21.917,odysseus-revealed,h,0,1.5,12.5,180,0,0,-0.2,4.4,10.1,0,18.7,0,-77.3,0,-100,0,0,0,0,0,,bow,,THREAT / THREAT / RECOVER
263,527-528,21.917,antinous,h,10.7,5,-4.8,-32.2,-54.4,-1.3,0,-1.7,6.5,1.7,12.1,1.4,-160.4,0,-149,0,0,0,0,0,,,,HOLD / FALL / IMPACT
264,529-530,22,odysseus-revealed,h,0,1.5,12.5,180,0,0,-0.2,4.4,10.1,0,18.7,0,-77.3,0,-99.9,0,0,0,0,0,,bow,,THREAT / THREAT / RECOVER
264,529-530,22,antinous,h,10.7,5,-4.8,-32.2,-54.4,-1.3,0,-1.7,6.5,1.7,12.1,1.4,-160.4,0,-149,0,0,0,0,0,,,,HOLD / FALL / IMPACT
265,531-532,22.083,odysseus-revealed,h,0,1.5,12.5,180,0,0,-0.2,4.4,10.1,0,18.7,0,-77.3,0,-99.7,0,0,0,0,0,,bow,,THREAT / THREAT / RECOVER
265,531-532,22.083,antinous,h,10.7,5,-4.8,-32.2,-54.4,-1.3,0,-1.7,6.5,1.7,12.1,1.4,-160.4,0,-149,0,0,0,0,0,,,,HOLD / FALL / IMPACT
266,533-534,22.167,odysseus-revealed,h,0,1.5,12.5,180,0,0,-0.2,4.4,10.1,0,18.7,0,-77.3,0,-99.6,0,0,0,0,0,,bow,,THREAT / THREAT / RECOVER
266,533-534,22.167,antinous,h,10.7,5,-4.8,-32.2,-54.4,-1.3,0,-1.7,6.5,1.7,12.1,1.4,-160.4,0,-149,0,0,0,0,0,,,,HOLD / FALL / IMPACT
267,535-536,22.25,odysseus-revealed,h,0,1.5,12.5,180,0,0,-0.2,4.3,10.1,0,18.7,0,-77.3,0,-99.5,0,0,0,0,0,,bow,,THREAT / THREAT / RECOVER
267,535-536,22.25,antinous,h,10.7,5,-4.8,-32.2,-54.4,-1.3,0,-1.7,6.5,1.7,12.1,1.4,-160.4,0,-149,0,0,0,0,0,,,,HOLD / FALL / IMPACT
268,537-538,22.333,odysseus-revealed,h,0,1.5,12.5,180,0,0,-0.2,4.3,10.1,0,18.7,0,-77.3,0,-99.4,0,0,0,0,0,,bow,,THREAT / THREAT / RECOVER
268,537-538,22.333,antinous,h,10.7,5,-4.8,-32.2,-54.4,-1.3,0,-1.7,6.5,1.7,12.1,1.4,-160.4,0,-149,0,0,0,0,0,,,,HOLD / FALL / IMPACT
269,539-540,22.417,odysseus-revealed,h,0,1.5,12.5,180,0,0,-0.2,4.3,10.1,0,18.7,0,-77.3,0,-99.2,0,0,0,0,0,,bow,,THREAT / THREAT / RECOVER
269,539-540,22.417,antinous,h,10.7,5,-4.8,-32.2,-54.4,-1.3,0,-1.7,6.5,1.7,12.1,1.4,-160.4,0,-149,0,0,0,0,0,,,,HOLD / FALL / IMPACT
270,541-542,22.5,odysseus-revealed,h,0,1.5,12.5,180,0,0,-0.2,4.3,10.1,0,18.7,0,-77.3,0,-99.1,0,0,0,0,0,,bow,,THREAT / THREAT / RECOVER
270,541-542,22.5,antinous,h,10.7,5,-4.8,-32.2,-54.4,-1.3,0,-1.7,6.5,1.7,12.1,1.4,-160.4,0,-149,0,0,0,0,0,,,,HOLD / FALL / IMPACT
271,543-544,22.583,odysseus-revealed,h,0,1.5,12.5,180,0,0,-0.2,4.3,10.1,0,18.7,0,-77.3,0,-99,0,0,0,0,0,,bow,,THREAT / THREAT / RECOVER
271,543-544,22.583,antinous,h,10.7,5,-4.8,-32.2,-54.4,-1.3,0,-1.7,6.5,1.7,12.1,1.4,-160.4,0,-149,0,0,0,0,0,,,,HOLD / FALL / IMPACT
272,545-546,22.667,odysseus-revealed,h,0,1.5,12.5,180,0,0,-0.2,4.3,10.1,0,18.7,0,-77.3,0,-98.9,0,0,0,0,0,,bow,,THREAT / THREAT / RECOVER
272,545-546,22.667,antinous,h,10.7,5,-4.8,-32.2,-54.4,-1.3,0,-1.7,6.5,1.7,12.1,1.4,-160.4,0,-149,0,0,0,0,0,,,,HOLD / FALL / IMPACT
273,547-548,22.75,odysseus-revealed,h,0,1.5,12.5,180,0,0,-0.2,4.3,10.1,0,18.7,0,-77.3,0,-98.7,0,0,0,0,0,,bow,,THREAT / THREAT / RECOVER
273,547-548,22.75,antinous,h,10.7,5,-4.8,-32.2,-54.4,-1.3,0,-1.7,6.5,1.7,12.1,1.4,-160.4,0,-149,0,0,0,0,0,,,,HOLD / FALL / IMPACT
274,549-550,22.833,odysseus-revealed,h,0,1.5,12.5,180,0,0,-0.2,4.3,10.1,0,18.7,0,-77.3,0,-98.6,0,0,0,0,0,,bow,,THREAT / THREAT / RECOVER
274,549-550,22.833,antinous,h,10.7,5,-4.8,-32.2,-54.4,-1.3,0,-1.7,6.5,1.7,12.1,1.4,-160.4,0,-149,0,0,0,0,0,,,,HOLD / FALL / IMPACT
275,551-552,22.917,odysseus-revealed,h,0,1.5,12.5,180,0,0,-0.2,4.3,10.1,0,18.7,0,-77.3,0,-98.5,0,0,0,0,0,,bow,,THREAT / THREAT / RECOVER
275,551-552,22.917,antinous,h,10.7,5,-4.8,-32.2,-54.4,-1.3,0,-1.7,6.5,1.7,12.1,1.4,-160.4,0,-149,0,0,0,0,0,,,,HOLD / FALL / IMPACT
276,553-554,23,odysseus-revealed,h,0,1.5,12.5,180,0,0,-0.2,4.3,10.1,0,18.7,0,-77.3,0,-98.4,0,0,0,0,0,,bow,,LOOK / HOLD / THREAT
276,553-554,23,antinous,h,10.7,5,-4.8,-32.2,-54.4,-1.3,0,-1.7,6.5,1.7,12.1,1.4,-160.4,0,-149,0,0,0,0,0,,,,HOLD / FALL / IMPACT
277,555-556,23.083,odysseus-revealed,A,0,1.5,12.5,180,0,0,-0.2,4.3,10.4,0,23.6,2.9,-77.3,0,-98.2,0,0,0,0,0,,bow,,LOOK / HOLD / THREAT
277,555-556,23.083,antinous,h,10.7,5,-4.8,-32.2,-54.4,-1.3,0,-1.7,6.5,1.7,12.1,1.4,-160.4,0,-149,0,0,0,0,0,,,,HOLD / FALL / IMPACT
278,557-558,23.167,odysseus-revealed,R,0,1.5,12.5,180,0,0,-0.2,4.3,11.3,0,27.6,2.2,-77.3,0,-98.1,0,0,0,0,0,,bow,,LOOK / HOLD / THREAT
278,557-558,23.167,antinous,h,10.7,5,-4.8,-32.2,-54.4,-1.3,0,-1.7,6.5,1.7,12.1,1.4,-160.4,0,-149,0,0,0,0,0,,,,HOLD / FALL / IMPACT
279,559-560,23.25,odysseus-revealed,R,0,1.5,12.5,180,0,0,-0.2,4.3,12.5,0,30.6,1.8,-77.3,0,-98,0,0,0,0,0,,bow,,LOOK / HOLD / THREAT
279,559-560,23.25,antinous,h,10.7,5,-4.8,-32.2,-54.4,-1.3,0,-1.7,6.5,1.7,12.1,1.4,-160.4,0,-149,0,0,0,0,0,,,,HOLD / FALL / IMPACT
280,561-562,23.333,odysseus-revealed,R,0,1.5,12.5,180,0,0,-0.2,4.3,13.9,0,32.9,1.4,-77.3,0,-97.9,0,0,0,0,0,,bow,,LOOK / HOLD / THREAT
280,561-562,23.333,antinous,h,10.7,5,-4.8,-32.2,-54.4,-1.3,0,-1.7,6.5,1.7,12.1,1.4,-160.4,0,-149,0,0,0,0,0,,,,HOLD / FALL / IMPACT
281,563-564,23.417,odysseus-revealed,R,0,1.5,12.5,180,0,0,-0.2,4.3,15.3,0,34.2,1.2,-77.3,0,-97.7,0,0,0,0,0,,bow,,LOOK / HOLD / THREAT
281,563-564,23.417,antinous,h,10.7,5,-4.8,-32.2,-54.4,-1.3,0,-1.7,6.5,1.7,12.1,1.4,-160.4,0,-149,0,0,0,0,0,,,,HOLD / FALL / IMPACT
282,565-566,23.5,odysseus-revealed,R,0,1.5,12.5,180,0,0,-0.2,4.3,16.6,0,34.6,1.2,-77.3,0,-97.6,0,0,0,0,0,,bow,,LOOK / HOLD / THREAT
282,565-566,23.5,antinous,h,10.7,5,-4.8,-32.2,-54.4,-1.3,0,-1.7,6.5,1.7,12.1,1.4,-160.4,0,-149,0,0,0,0,0,,,,HOLD / FALL / IMPACT
283,567-568,23.583,odysseus-revealed,h,0,1.5,12.5,180,0,0,-0.2,4.3,17.4,0,34.2,1.2,-77.3,0,-97.5,0,0,0,0,0,,bow,,LOOK / HOLD / THREAT
283,567-568,23.583,antinous,h,10.7,5,-4.8,-32.2,-54.4,-1.3,0,-1.7,6.5,1.7,12.1,1.4,-160.4,0,-149,0,0,0,0,0,,,,HOLD / FALL / IMPACT
284,569-570,23.667,odysseus-revealed,h,0,1.5,12.5,180,0,0,-0.2,4.3,17.8,0,33.4,1.2,-77.3,0,-97.4,0,0,0,0,0,,bow,,LOOK / HOLD / THREAT
284,569-570,23.667,antinous,h,10.7,5,-4.8,-32.2,-54.4,-1.3,0,-1.7,6.5,1.7,12.1,1.4,-160.4,0,-149,0,0,0,0,0,,,,HOLD / FALL / IMPACT
285,571-572,23.75,odysseus-revealed,h,0,1.5,12.5,180,0,0,-0.2,4.3,17.8,0,33,1.2,-77.3,0,-97.2,0,0,0,0,0,,bow,,LOOK / HOLD / THREAT
285,571-572,23.75,antinous,h,10.7,5,-4.8,-32.2,-54.4,-1.3,0,-1.7,6.5,1.7,12.1,1.4,-160.4,0,-149,0,0,0,0,0,,,,HOLD / FALL / IMPACT
286,573-574,23.833,odysseus-revealed,h,0,1.5,12.5,180,0,0,-0.2,4.3,17.8,0,33,1.2,-77.3,0,-97.1,0,0,0,0,0,,bow,,THREAT / THREAT / RECOVER
286,573-574,23.833,antinous,h,10.7,5,-4.8,-32.2,-54.4,-1.3,0,-1.7,6.5,1.7,12.1,1.4,-160.4,0,-149,0,0,0,0,0,,,,HOLD / FALL / IMPACT
287,575-576,23.917,odysseus-revealed,h,0,1.5,12.5,180,0,0,-0.2,4.3,17.8,0,33,1.2,-77.3,0,-97,0,0,0,0,0,,bow,,THREAT / THREAT / RECOVER
287,575-576,23.917,antinous,h,10.7,5,-4.8,-32.2,-54.4,-1.3,0,-1.7,6.5,1.7,12.1,1.4,-160.4,0,-149,0,0,0,0,0,,,,HOLD / FALL / IMPACT
288,577-578,24,odysseus-revealed,h,0,1.5,12.5,180,0,0,-0.2,4.2,17.8,0,33,1.2,-77.3,0,-96.9,0,0,0,0,0,,bow,,THREAT / THREAT / RECOVER
288,577-578,24,antinous,h,10.7,5,-4.8,-32.2,-54.4,-1.3,0,-1.7,6.5,1.7,12.1,1.4,-160.4,0,-149,0,0,0,0,0,,,,HOLD / FALL / IMPACT
289,579-580,24.083,odysseus-revealed,h,0,1.5,12.5,180,0,0,-0.2,4.2,17.8,0,33,1.2,-77.3,0,-96.7,0,0,0,0,0,,bow,,THREAT / THREAT / RECOVER
289,579-580,24.083,antinous,h,10.7,5,-4.8,-32.2,-54.4,-1.3,0,-1.7,6.5,1.7,12.1,1.4,-160.4,0,-149,0,0,0,0,0,,,,HOLD / FALL / IMPACT
290,581-582,24.167,odysseus-revealed,h,0,1.5,12.5,180,0,0,-0.2,4.2,17.8,0,33,1.2,-77.3,0,-96.6,0,0,0,0,0,,bow,,THREAT / THREAT / RECOVER
290,581-582,24.167,antinous,h,10.7,5,-4.8,-32.2,-54.4,-1.3,0,-1.7,6.5,1.7,12.1,1.4,-160.4,0,-149,0,0,0,0,0,,,,HOLD / FALL / IMPACT
291,583-584,24.25,odysseus-revealed,h,0,1.5,12.5,180,0,0,-0.2,4.2,17.8,0,33,1.2,-77.3,0,-96.5,0,0,0,0,0,,bow,,THREAT / THREAT / RECOVER
291,583-584,24.25,antinous,h,10.7,5,-4.8,-32.2,-54.4,-1.3,0,-1.7,6.5,1.7,12.1,1.4,-160.4,0,-149,0,0,0,0,0,,,,HOLD / FALL / IMPACT
292,585-586,24.333,odysseus-revealed,h,0,1.5,12.5,180,0,0,-0.2,4.2,17.8,0,33,1.2,-77.3,0,-96.4,0,0,0,0,0,,bow,,THREAT / THREAT / RECOVER
292,585-586,24.333,antinous,h,10.7,5,-4.8,-32.2,-54.4,-1.3,0,-1.7,6.5,1.7,12.1,1.4,-160.4,0,-149,0,0,0,0,0,,,,HOLD / FALL / IMPACT
293,587-588,24.417,odysseus-revealed,h,0,1.5,12.5,180,0,0,-0.2,4.2,17.8,0,33,1.2,-77.3,0,-96.3,0,0,0,0,0,,bow,,THREAT / THREAT / RECOVER
293,587-588,24.417,antinous,h,10.7,5,-4.8,-32.2,-54.4,-1.3,0,-1.7,6.5,1.7,12.1,1.4,-160.4,0,-149,0,0,0,0,0,,,,HOLD / FALL / IMPACT
294,589-590,24.5,odysseus-revealed,h,0,1.5,12.5,180,0,0,-0.2,4.2,17.8,0,33,1.2,-77.3,0,-96.1,0,0,0,0,0,,bow,,THREAT / THREAT / RECOVER
294,589-590,24.5,antinous,h,10.7,5,-4.8,-32.2,-54.4,-1.3,0,-1.7,6.5,1.7,12.1,1.4,-160.4,0,-149,0,0,0,0,0,,,,HOLD / FALL / IMPACT
295,591-592,24.583,odysseus-revealed,h,0,1.5,12.5,180,0,0,-0.2,4.2,17.8,0,33,1.2,-77.3,0,-96,0,0,0,0,0,,bow,,THREAT / THREAT / RECOVER
295,591-592,24.583,antinous,h,10.7,5,-4.8,-32.2,-54.4,-1.3,0,-1.7,6.5,1.7,12.1,1.4,-160.4,0,-149,0,0,0,0,0,,,,HOLD / FALL / IMPACT
296,593-594,24.667,odysseus-revealed,h,0,1.5,12.5,180,0,0,-0.2,4.2,17.8,0,33,1.2,-77.3,0,-95.9,0,0,0,0,0,,bow,,THREAT / THREAT / RECOVER
296,593-594,24.667,antinous,h,10.7,5,-4.8,-32.2,-54.4,-1.3,0,-1.7,6.5,1.7,12.1,1.4,-160.4,0,-149,0,0,0,0,0,,,,HOLD / FALL / IMPACT
297,595-596,24.75,odysseus-revealed,h,0,1.5,12.5,180,0,0,-0.2,4.2,17.8,0,33,1.2,-77.3,0,-95.8,0,0,0,0,0,,bow,,THREAT / THREAT / RECOVER
297,595-596,24.75,antinous,h,10.7,5,-4.8,-32.2,-54.4,-1.3,0,-1.7,6.5,1.7,12.1,1.4,-160.4,0,-149,0,0,0,0,0,,,,HOLD / FALL / IMPACT
298,597-598,24.833,odysseus-revealed,h,0,1.5,12.5,180,0,0,-0.2,4.2,17.8,0,33,1.2,-77.3,0,-95.6,0,0,0,0,0,,bow,,THREAT / THREAT / RECOVER
298,597-598,24.833,antinous,h,10.7,5,-4.8,-32.2,-54.4,-1.3,0,-1.7,6.5,1.7,12.1,1.4,-160.4,0,-149,0,0,0,0,0,,,,HOLD / FALL / IMPACT
299,599-600,24.917,odysseus-revealed,h,0,1.5,12.5,180,0,0,-0.2,4.2,17.8,0,33,1.2,-77.3,0,-95.5,0,0,0,0,0,,bow,,THREAT / THREAT / RECOVER
299,599-600,24.917,antinous,h,10.7,5,-4.8,-32.2,-54.4,-1.3,0,-1.7,6.5,1.7,12.1,1.4,-160.4,0,-149,0,0,0,0,0,,,,HOLD / FALL / IMPACT
300,601-602,25,odysseus-revealed,h,0,1.5,12.5,180,0,0,-0.2,4.2,17.8,0,33,1.2,-77.3,0,-95.4,0,0,0,0,0,,bow,,THREAT / THREAT / RECOVER
300,601-602,25,antinous,h,10.7,5,-4.8,-32.2,-54.4,-1.3,0,-1.7,6.5,1.7,12.1,1.4,-160.4,0,-149,0,0,0,0,0,,,,HOLD / FALL / IMPACT
301,603-604,25.083,odysseus-revealed,h,0,1.5,12.5,180,0,0,-0.2,4.2,17.8,0,33,1.2,-77.3,0,-95.3,0,0,0,0,0,,bow,,THREAT / THREAT / RECOVER
301,603-604,25.083,antinous,h,10.7,5,-4.8,-32.2,-54.4,-1.3,0,-1.7,6.5,1.7,12.1,1.4,-160.4,0,-149,0,0,0,0,0,,,,HOLD / FALL / IMPACT
302,605-606,25.167,odysseus-revealed,h,0,1.5,12.5,180,0,0,-0.2,4.2,17.8,0,33,1.2,-77.3,0,-95.1,0,0,0,0,0,,bow,,THREAT / THREAT / RECOVER
302,605-606,25.167,antinous,h,10.7,5,-4.8,-32.2,-54.4,-1.3,0,-1.7,6.5,1.7,12.1,1.4,-160.4,0,-149,0,0,0,0,0,,,,HOLD / FALL / IMPACT
303,607-608,25.25,odysseus-revealed,R,0,1.5,12.5,180,0,0,-0.2,4.2,16.2,0,13.3,2.9,-77.3,0,-95,0,0,0,0,0,,bow,,LOOK / HOLD / THREAT
303,607-608,25.25,antinous,h,10.7,5,-4.8,-32.2,-54.4,-1.3,0,-1.7,6.5,1.7,12.1,1.4,-160.4,0,-149,0,0,0,0,0,,,,HOLD / FALL / IMPACT
304,609-610,25.333,odysseus-revealed,R,0,1.5,12.5,180,0,0,-0.2,4.2,12,0,-2,2,-77.3,0,-94.9,0,0,0,0,0,,bow,,LOOK / HOLD / THREAT
304,609-610,25.333,antinous,h,10.7,5,-4.8,-32.2,-54.4,-1.3,0,-1.7,6.5,1.7,12.1,1.4,-160.4,0,-149,0,0,0,0,0,,,,HOLD / FALL / IMPACT
305,611-612,25.417,odysseus-revealed,R,0,1.5,12.5,180,0,0,-0.2,4.2,6.4,0,-12.9,1.5,-77.3,0,-94.8,0,0,0,0,0,,bow,,LOOK / HOLD / THREAT
305,611-612,25.417,antinous,h,10.7,5,-4.8,-32.2,-54.4,-1.3,0,-1.7,6.5,1.7,12.1,1.4,-160.4,0,-149,0,0,0,0,0,,,,HOLD / FALL / IMPACT
306,613-614,25.5,odysseus-revealed,R,0,1.5,12.5,180,0,0,-0.2,4.2,0.2,0,-19.5,1.1,-77.3,0,-94.6,0,0,0,0,0,,bow,,LOOK / HOLD / THREAT
306,613-614,25.5,antinous,h,10.7,5,-4.8,-32.2,-54.4,-1.3,0,-1.7,6.5,1.7,12.1,1.4,-160.4,0,-149,0,0,0,0,0,,,,HOLD / FALL / IMPACT
307,615-616,25.583,odysseus-revealed,R,0,1.5,12.5,180,0,0,-0.2,4.2,-5.4,0,-21.7,1,-77.3,0,-94.5,0,0,0,0,0,,bow,,LOOK / HOLD / THREAT
307,615-616,25.583,antinous,h,10.7,5,-4.8,-32.2,-54.4,-1.3,0,-1.7,6.5,1.7,12.1,1.4,-160.4,0,-149,0,0,0,0,0,,,,HOLD / FALL / IMPACT
308,617-618,25.667,odysseus-revealed,R,0,1.5,12.5,180,0,0,-0.2,4.1,-9.5,0,-21.4,1,-77.3,0,-94.4,0,0,0,0,0,,bow,,LOOK / HOLD / THREAT
308,617-618,25.667,antinous,h,10.7,5,-4.8,-32.2,-54.4,-1.3,0,-1.7,6.5,1.7,12.1,1.4,-160.4,0,-149,0,0,0,0,0,,,,HOLD / FALL / IMPACT
309,619-620,25.75,odysseus-revealed,h,0,1.5,12.5,180,0,0,-0.2,4.1,-11.1,0,-20.9,1,-77.3,0,-94.3,0,0,0,0,0,,bow,,LOOK / HOLD / THREAT
309,619-620,25.75,antinous,h,10.7,5,-4.8,-32.2,-54.4,-1.3,0,-1.7,6.5,1.7,12.1,1.4,-160.4,0,-149,0,0,0,0,0,,,,HOLD / FALL / IMPACT
310,621-622,25.833,odysseus-revealed,h,0,1.5,12.5,180,0,0,-0.2,4.1,-11.1,0,-20.6,1,-77.3,0,-94.1,0,0,0,0,0,,bow,,THREAT / THREAT / RECOVER
310,621-622,25.833,antinous,h,10.7,5,-4.8,-32.2,-54.4,-1.3,0,-1.7,6.5,1.7,12.1,1.4,-160.4,0,-149,0,0,0,0,0,,,,HOLD / FALL / IMPACT
311,623-624,25.917,odysseus-revealed,h,0,1.5,12.5,180,0,0,-0.2,4.1,-11.1,0,-20.6,1,-77.3,0,-94,0,0,0,0,0,,bow,,THREAT / THREAT / RECOVER
311,623-624,25.917,antinous,h,10.7,5,-4.8,-32.2,-54.4,-1.3,0,-1.7,6.5,1.7,12.1,1.4,-160.4,0,-149,0,0,0,0,0,,,,HOLD / FALL / IMPACT
312,625-626,26,odysseus-revealed,h,0,1.5,12.5,180,0,0,-0.2,4.1,-11.1,0,-20.6,1,-77.3,0,-93.9,0,0,0,0,0,,bow,,THREAT / THREAT / RECOVER
312,625-626,26,antinous,h,10.7,5,-4.8,-32.2,-54.4,-1.3,0,-1.7,6.5,1.7,12.1,1.4,-160.4,0,-149,0,0,0,0,0,,,,HOLD / FALL / IMPACT
313,627-628,26.083,odysseus-revealed,h,0,1.5,12.5,180,0,0,-0.2,4.1,-11.1,0,-20.6,1,-77.3,0,-93.8,0,0,0,0,0,,bow,,THREAT / THREAT / RECOVER
313,627-628,26.083,antinous,h,10.7,5,-4.8,-32.2,-54.4,-1.3,0,-1.7,6.5,1.7,12.1,1.4,-160.4,0,-149,0,0,0,0,0,,,,HOLD / FALL / IMPACT
314,629-630,26.167,odysseus-revealed,h,0,1.5,12.5,180,0,0,-0.2,4.1,-11.1,0,-20.6,1,-77.3,0,-93.6,0,0,0,0,0,,bow,,THREAT / THREAT / RECOVER
314,629-630,26.167,antinous,h,10.7,5,-4.8,-32.2,-54.4,-1.3,0,-1.7,6.5,1.7,12.1,1.4,-160.4,0,-149,0,0,0,0,0,,,,HOLD / FALL / IMPACT
315,631-632,26.25,odysseus-revealed,h,0,1.5,12.5,180,0,0,-0.2,4.1,-11.1,0,-20.6,1,-77.3,0,-93.5,0,0,0,0,0,,bow,,THREAT / THREAT / RECOVER
315,631-632,26.25,antinous,h,10.7,5,-4.8,-32.2,-54.4,-1.3,0,-1.7,6.5,1.7,12.1,1.4,-160.4,0,-149,0,0,0,0,0,,,,HOLD / FALL / IMPACT
316,633-634,26.333,odysseus-revealed,h,0,1.5,12.5,180,0,0,-0.2,4.1,-11.1,0,-20.6,1,-77.3,0,-93.4,0,0,0,0,0,,bow,,THREAT / THREAT / RECOVER
316,633-634,26.333,antinous,h,10.7,5,-4.8,-32.2,-54.4,-1.3,0,-1.7,6.5,1.7,12.1,1.4,-160.4,0,-149,0,0,0,0,0,,,,HOLD / FALL / IMPACT
317,635-636,26.417,odysseus-revealed,h,0,1.5,12.5,180,0,0,-0.2,4.1,-11.1,0,-20.6,1,-77.3,0,-93.3,0,0,0,0,0,,bow,,THREAT / THREAT / RECOVER
317,635-636,26.417,antinous,h,10.7,5,-4.8,-32.2,-54.4,-1.3,0,-1.7,6.5,1.7,12.1,1.4,-160.4,0,-149,0,0,0,0,0,,,,HOLD / FALL / IMPACT
318,637-638,26.5,odysseus-revealed,h,0,1.5,12.5,180,0,0,-0.2,4.1,-11.1,0,-20.6,1,-77.3,0,-93.1,0,0,0,0,0,,bow,,THREAT / THREAT / RECOVER
318,637-638,26.5,antinous,h,10.7,5,-4.8,-32.2,-54.4,-1.3,0,-1.7,6.5,1.7,12.1,1.4,-160.4,0,-149,0,0,0,0,0,,,,HOLD / FALL / IMPACT
319,639-640,26.583,odysseus-revealed,h,0,1.5,12.5,180,0,0,-0.2,4.1,-11.1,0,-20.6,1,-77.3,0,-93,0,0,0,0,0,,bow,,LOOK / HOLD / THREAT
319,639-640,26.583,antinous,h,10.7,5,-4.8,-32.2,-54.4,-1.3,0,-1.7,6.5,1.7,12.1,1.4,-160.4,0,-149,0,0,0,0,0,,,,HOLD / FALL / IMPACT
320,641-642,26.667,odysseus-revealed,R,0,1.5,12.5,180,0,0,-0.2,4.1,-10,0,-5,2.9,-77.3,0,-92.9,0,0,0,0,0,,bow,,LOOK / HOLD / THREAT
320,641-642,26.667,antinous,h,10.7,5,-4.8,-32.2,-54.4,-1.3,0,-1.7,6.5,1.7,12.1,1.4,-160.4,0,-149,0,0,0,0,0,,,,HOLD / FALL / IMPACT
321,643-644,26.75,odysseus-revealed,R,0,1.5,12.5,180,0,0,-0.2,4.1,-6.9,0,7.8,1.8,-77.3,0,-92.8,0,0,0,0,0,,bow,,LOOK / HOLD / THREAT
321,643-644,26.75,antinous,h,10.7,5,-4.8,-32.2,-54.4,-1.3,0,-1.7,6.5,1.7,12.1,1.4,-160.4,0,-149,0,0,0,0,0,,,,HOLD / FALL / IMPACT
322,645-646,26.833,odysseus-revealed,R,0,1.5,12.5,180,0,0,-0.2,4.1,-2.6,0,17.8,1,-77.3,0,-92.7,0,0,0,0,0,,bow,,LOOK / HOLD / THREAT
322,645-646,26.833,antinous,h,10.7,5,-4.8,-32.2,-54.4,-1.3,0,-1.7,6.5,1.7,12.1,1.4,-160.4,0,-149,0,0,0,0,0,,,,HOLD / FALL / IMPACT
323,647-648,26.917,odysseus-revealed,R,0,1.5,12.5,180,0,0,-0.2,4.1,2.3,0,24.9,0.5,-77.3,0,-92.5,0,0,0,0,0,,bow,,LOOK / HOLD / THREAT
323,647-648,26.917,antinous,h,10.7,5,-4.8,-32.2,-54.4,-1.3,0,-1.7,6.5,1.7,12.1,1.4,-160.4,0,-149,0,0,0,0,0,,,,HOLD / FALL / IMPACT
324,649-650,27,odysseus-revealed,R,0,1.5,12.5,180,0,0,-0.2,4.1,7.2,0,29.2,0.1,-77.3,0,-92.4,0,0,0,0,0,,bow,,LOOK / HOLD / THREAT
324,649-650,27,antinous,h,10.7,5,-4.8,-32.2,-54.4,-1.3,0,-1.7,6.5,1.7,12.1,1.4,-160.4,0,-149,0,0,0,0,0,,,,HOLD / FALL / IMPACT
325,651-652,27.083,odysseus-revealed,R,0,1.5,12.5,180,0,0,-0.2,4.1,11.5,0,30.6,0,-77.3,0,-92.3,0,0,0,0,0,,bow,,LOOK / HOLD / THREAT
325,651-652,27.083,antinous,h,10.7,5,-4.8,-32.2,-54.4,-1.3,0,-1.7,6.5,1.7,12.1,1.4,-160.4,0,-149,0,0,0,0,0,,,,HOLD / FALL / IMPACT
326,653-654,27.167,odysseus-revealed,R,0,1.5,12.5,180,0,0,-0.2,4.1,14.6,0,30.3,0,-77.3,0,-92.2,0,0,0,0,0,,bow,,LOOK / HOLD / THREAT
326,653-654,27.167,antinous,h,10.7,5,-4.8,-32.2,-54.4,-1.3,0,-1.7,6.5,1.7,12.1,1.4,-160.4,0,-149,0,0,0,0,0,,,,HOLD / FALL / IMPACT
327,655-656,27.25,odysseus-revealed,h,0,1.5,12.5,180,0,0,-0.2,4.1,15.7,0,29.6,0,-77.3,0,-92,0,0,0,0,0,,bow,,LOOK / HOLD / THREAT
327,655-656,27.25,antinous,h,10.7,5,-4.8,-32.2,-54.4,-1.3,0,-1.7,6.5,1.7,12.1,1.4,-160.4,0,-149,0,0,0,0,0,,,,HOLD / FALL / IMPACT
328,657-658,27.333,odysseus-revealed,h,0,1.5,12.5,180,0,0,-0.2,4,15.7,0,29.2,0,-77.3,0,-91.9,0,0,0,0,0,,bow,,THREAT / THREAT / RECOVER
328,657-658,27.333,antinous,h,10.7,5,-4.8,-32.2,-54.4,-1.3,0,-1.7,6.5,1.7,12.1,1.4,-160.4,0,-149,0,0,0,0,0,,,,HOLD / FALL / IMPACT
329,659-660,27.417,odysseus-revealed,h,0,1.5,12.5,180,0,0,-0.2,4,15.7,0,29.2,0,-77.3,0,-91.8,0,0,0,0,0,,bow,,THREAT / THREAT / RECOVER
329,659-660,27.417,antinous,h,10.7,5,-4.8,-32.2,-54.4,-1.3,0,-1.7,6.5,1.7,12.1,1.4,-160.4,0,-149,0,0,0,0,0,,,,HOLD / FALL / IMPACT
330,661-662,27.5,odysseus-revealed,h,0,1.5,12.5,180,0,0,-0.2,4,15.7,0,29.2,0,-77.3,0,-91.7,0,0,0,0,0,,bow,,THREAT / THREAT / RECOVER
330,661-662,27.5,antinous,h,10.7,5,-4.8,-32.2,-54.4,-1.3,0,-1.7,6.5,1.7,12.1,1.4,-160.4,0,-149,0,0,0,0,0,,,,HOLD / FALL / IMPACT
331,663-664,27.583,odysseus-revealed,h,0,1.5,12.5,180,0,0,-0.2,4,15.7,0,29.2,0,-77.3,0,-91.5,0,0,0,0,0,,bow,,THREAT / THREAT / RECOVER
331,663-664,27.583,antinous,h,10.7,5,-4.8,-32.2,-54.4,-1.3,0,-1.7,6.5,1.7,12.1,1.4,-160.4,0,-149,0,0,0,0,0,,,,HOLD / FALL / IMPACT
332,665-666,27.667,odysseus-revealed,h,0,1.5,12.5,180,0,0,-0.2,4,15.7,0,29.2,0,-77.3,0,-91.4,0,0,0,0,0,,bow,,THREAT / THREAT / RECOVER
332,665-666,27.667,antinous,h,10.7,5,-4.8,-32.2,-54.4,-1.3,0,-1.7,6.5,1.7,12.1,1.4,-160.4,0,-149,0,0,0,0,0,,,,HOLD / FALL / IMPACT
333,667-668,27.75,odysseus-revealed,h,0,1.5,12.5,180,0,0,-0.2,4,15.7,0,29.2,0,-77.3,0,-91.3,0,0,0,0,0,,bow,,THREAT / THREAT / RECOVER
333,667-668,27.75,antinous,h,10.7,5,-4.8,-32.2,-54.4,-1.3,0,-1.7,6.5,1.7,12.1,1.4,-160.4,0,-149,0,0,0,0,0,,,,HOLD / FALL / IMPACT
334,669-670,27.833,odysseus-revealed,h,0,1.5,12.5,180,0,0,-0.2,4,15.7,0,29.2,0,-77.3,0,-91.2,0,0,0,0,0,,bow,,THREAT / THREAT / RECOVER
334,669-670,27.833,antinous,h,10.7,5,-4.8,-32.2,-54.4,-1.3,0,-1.7,6.5,1.7,12.1,1.4,-160.4,0,-149,0,0,0,0,0,,,,HOLD / FALL / IMPACT
335,671-672,27.917,odysseus-revealed,h,0,1.5,12.5,180,0,0,-0.2,4,15.7,0,29.2,0,-77.3,0,-91,0,0,0,0,0,,bow,,THREAT / THREAT / RECOVER
335,671-672,27.917,antinous,h,10.7,5,-4.8,-32.2,-54.4,-1.3,0,-1.7,6.5,1.7,12.1,1.4,-160.4,0,-149,0,0,0,0,0,,,,HOLD / FALL / IMPACT
336,673-674,28,odysseus-revealed,h,0,1.5,12.5,180,0,0,-0.2,4,15.7,0,29.2,0,-77.3,0,-90.9,0,0,0,0,0,,bow,,THREAT / THREAT / RECOVER
336,673-674,28,antinous,h,10.7,5,-4.8,-32.2,-54.4,-1.3,0,-1.7,6.5,1.7,12.1,1.4,-160.4,0,-149,0,0,0,0,0,,,,HOLD / FALL / IMPACT
337,675-676,28.083,odysseus-revealed,h,0,1.5,12.5,180,0,0,-0.2,4,15.7,0,29.2,0,-77.3,0,-90.8,0,0,0,0,0,,bow,,THREAT / THREAT / RECOVER
337,675-676,28.083,antinous,h,10.7,5,-4.8,-32.2,-54.4,-1.3,0,-1.7,6.5,1.7,12.1,1.4,-160.4,0,-149,0,0,0,0,0,,,,HOLD / FALL / IMPACT
338,677-678,28.167,odysseus-revealed,h,0,1.5,12.5,180,0,0,-0.2,4,15.7,0,29.2,0,-77.3,0,-90.7,0,0,0,0,0,,bow,,THREAT / THREAT / RECOVER
338,677-678,28.167,antinous,h,10.7,5,-4.8,-32.2,-54.4,-1.3,0,-1.7,6.5,1.7,12.1,1.4,-160.4,0,-149,0,0,0,0,0,,,,HOLD / FALL / IMPACT
339,679-680,28.25,odysseus-revealed,h,0,1.5,12.5,180,0,0,-0.2,4,15.7,0,29.2,0,-77.3,0,-90.5,0,0,0,0,0,,bow,,THREAT / THREAT / RECOVER
339,679-680,28.25,antinous,h,10.7,5,-4.8,-32.2,-54.4,-1.3,0,-1.7,6.5,1.7,12.1,1.4,-160.4,0,-149,0,0,0,0,0,,,,HOLD / FALL / IMPACT
340,681-682,28.333,odysseus-revealed,h,0,1.5,12.5,180,0,0,-0.2,4,15.7,0,29.2,0,-77.3,0,-90.4,0,0,0,0,0,,bow,,THREAT / THREAT / RECOVER
340,681-682,28.333,antinous,h,10.7,5,-4.8,-32.2,-54.4,-1.3,0,-1.7,6.5,1.7,12.1,1.4,-160.4,0,-149,0,0,0,0,0,,,,HOLD / FALL / IMPACT
341,683-684,28.417,odysseus-revealed,h,0,1.5,12.5,180,0,0,-0.2,4,15.7,0,29.2,0,-77.3,0,-90.3,0,0,0,0,0,,bow,,THREAT / THREAT / RECOVER
341,683-684,28.417,antinous,h,10.7,5,-4.8,-32.2,-54.4,-1.3,0,-1.7,6.5,1.7,12.1,1.4,-160.4,0,-149,0,0,0,0,0,,,,HOLD / FALL / IMPACT
342,685-686,28.5,odysseus-revealed,h,0,1.5,12.5,180,0,0,-0.2,4,15.7,0,29.2,0,-77.3,0,-90.2,0,0,0,0,0,,bow,,THREAT / THREAT / RECOVER
342,685-686,28.5,antinous,h,10.7,5,-4.8,-32.2,-54.4,-1.3,0,-1.7,6.5,1.7,12.1,1.4,-160.4,0,-149,0,0,0,0,0,,,,HOLD / FALL / IMPACT
343,687-688,28.583,odysseus-revealed,h,0,1.5,12.5,180,0,0,-0.2,4,15.7,0,29.2,0,-77.3,0,-90,0,0,0,0,0,,bow,,THREAT / THREAT / RECOVER
343,687-688,28.583,antinous,h,10.7,5,-4.8,-32.2,-54.4,-1.3,0,-1.7,6.5,1.7,12.1,1.4,-160.4,0,-149,0,0,0,0,0,,,,HOLD / FALL / IMPACT
344,689-690,28.667,odysseus-revealed,h,0,1.5,12.5,180,0,0,-0.2,4,15.7,0,29.2,0,-77.3,0,-89.9,0,0,0,0,0,,bow,,THREAT / THREAT / RECOVER
344,689-690,28.667,antinous,h,10.7,5,-4.8,-32.2,-54.4,-1.3,0,-1.7,6.5,1.7,12.1,1.4,-160.4,0,-149,0,0,0,0,0,,,,HOLD / FALL / IMPACT
345,691-692,28.75,odysseus-revealed,h,0,1.5,12.5,180,0,0,-0.2,4,15.7,0,29.2,0,-77.3,0,-89.8,0,0,0,0,0,,bow,,THREAT / THREAT / RECOVER
345,691-692,28.75,antinous,h,10.7,5,-4.8,-32.2,-54.4,-1.3,0,-1.7,6.5,1.7,12.1,1.4,-160.4,0,-149,0,0,0,0,0,,,,HOLD / FALL / IMPACT
346,693-694,28.833,odysseus-revealed,h,0,1.5,12.5,180,0,0,-0.2,4,15.7,0,29.2,0,-77.3,0,-89.7,0,0,0,0,0,,bow,,THREAT / THREAT / RECOVER
346,693-694,28.833,antinous,h,10.7,5,-4.8,-32.2,-54.4,-1.3,0,-1.7,6.5,1.7,12.1,1.4,-160.4,0,-149,0,0,0,0,0,,,,HOLD / FALL / IMPACT
347,695-696,28.917,odysseus-revealed,h,0,1.5,12.5,180,0,0,-0.2,4,15.7,0,29.2,0,-77.3,0,-89.5,0,0,0,0,0,,bow,,THREAT / THREAT / RECOVER
347,695-696,28.917,antinous,h,10.7,5,-4.8,-32.2,-54.4,-1.3,0,-1.7,6.5,1.7,12.1,1.4,-160.4,0,-149,0,0,0,0,0,,,,HOLD / FALL / IMPACT
348,697-698,29,odysseus-revealed,h,0,1.5,12.5,180,0,0,-0.2,4,15.7,0,29.2,0,-77.3,0,-89.4,0,0,0,0,0,,bow,,THREAT / THREAT / RECOVER
348,697-698,29,antinous,h,10.7,5,-4.8,-32.2,-54.4,-1.3,0,-1.7,6.5,1.7,12.1,1.4,-160.4,0,-149,0,0,0,0,0,,,,HOLD / FALL / IMPACT
349,699-700,29.083,odysseus-revealed,h,0,1.5,12.5,180,0,0,-0.2,3.9,15.7,0,29.2,0,-77.3,0,-89.3,0,0,0,0,0,,bow,,LOOK / HOLD / THREAT
349,699-700,29.083,antinous,h,10.7,5,-4.8,-32.2,-54.4,-1.3,0,-1.7,6.5,1.7,12.1,1.4,-160.4,0,-149,0,0,0,0,0,,,,HOLD / FALL / IMPACT
350,701-702,29.167,odysseus-revealed,A,0,1.5,12.5,180,0,0,-0.2,3.9,15.6,0,28.1,2.9,-77.3,0,-89.2,0,0,0,0,0,,bow,,LOOK / HOLD / THREAT
350,701-702,29.167,antinous,h,10.7,5,-4.8,-32.2,-54.4,-1.3,0,-1.7,6.5,1.7,12.1,1.4,-160.4,0,-149,0,0,0,0,0,,,,HOLD / FALL / IMPACT
351,703-704,29.25,odysseus-revealed,h,0,1.5,12.5,180,0,0,-0.2,3.9,15.2,0,27.2,1.6,-77.3,0,-89.1,0,0,0,0,0,,bow,,LOOK / HOLD / THREAT
351,703-704,29.25,antinous,h,10.7,5,-4.8,-32.2,-54.4,-1.3,0,-1.7,6.5,1.7,12.1,1.4,-160.4,0,-149,0,0,0,0,0,,,,HOLD / FALL / IMPACT
352,705-706,29.333,odysseus-revealed,h,0,1.5,12.5,180,0,0,-0.2,3.9,14.8,0,26.5,0.7,-77.3,0,-88.9,0,0,0,0,0,,bow,,LOOK / HOLD / THREAT
352,705-706,29.333,antinous,h,10.7,5,-4.8,-32.2,-54.4,-1.3,0,-1.7,6.5,1.7,12.1,1.4,-160.4,0,-149,0,0,0,0,0,,,,HOLD / FALL / IMPACT
353,707-708,29.417,odysseus-revealed,h,0,1.5,12.5,180,0,0,-0.2,3.9,14.3,0,26.2,0.2,-77.3,0,-88.8,0,0,0,0,0,,bow,,LOOK / HOLD / THREAT
353,707-708,29.417,antinous,h,10.7,5,-4.8,-32.2,-54.4,-1.3,0,-1.7,6.5,1.7,12.1,1.4,-160.4,0,-149,0,0,0,0,0,,,,HOLD / FALL / IMPACT
354,709-710,29.5,odysseus-revealed,h,0,1.5,12.5,180,0,0,-0.2,3.9,13.8,0,26,0,-77.3,0,-88.7,0,0,0,0,0,,bow,,LOOK / HOLD / THREAT
354,709-710,29.5,antinous,h,10.7,5,-4.8,-32.2,-54.4,-1.3,0,-1.7,6.5,1.7,12.1,1.4,-160.4,0,-149,0,0,0,0,0,,,,HOLD / FALL / IMPACT
355,711-712,29.583,odysseus-revealed,h,0,1.5,12.5,180,0,0,-0.2,3.9,13.5,0,25.7,0,-77.3,0,-88.6,0,0,0,0,0,,bow,,LOOK / HOLD / THREAT
355,711-712,29.583,antinous,h,10.7,5,-4.8,-32.2,-54.4,-1.3,0,-1.7,6.5,1.7,12.1,1.4,-160.4,0,-149,0,0,0,0,0,,,,HOLD / FALL / IMPACT
356,713-714,29.667,odysseus-revealed,h,0,1.5,12.5,180,0,0,-0.2,3.9,13.4,0,25.1,0,-77.3,0,-88.4,0,0,0,0,0,,bow,,LOOK / HOLD / THREAT
356,713-714,29.667,antinous,h,10.7,5,-4.8,-32.2,-54.4,-1.3,0,-1.7,6.5,1.7,12.1,1.4,-160.4,0,-149,0,0,0,0,0,,,,HOLD / FALL / IMPACT
357,715-716,29.75,odysseus-revealed,h,0,1.5,12.5,180,0,0,-0.2,3.9,13.4,0,24.8,0,-77.3,0,-88.3,0,0,0,0,0,,bow,,LOOK / HOLD / THREAT
357,715-716,29.75,antinous,h,10.7,5,-4.8,-32.2,-54.4,-1.3,0,-1.7,6.5,1.7,12.1,1.4,-160.4,0,-149,0,0,0,0,0,,,,HOLD / FALL / IMPACT
358,717-718,29.833,odysseus-revealed,h,0,1.5,12.5,180,0,0,-0.2,3.9,13.4,0,24.8,0,-77.3,0,-88.2,0,0,0,0,0,,bow,,THREAT / THREAT / RECOVER
358,717-718,29.833,antinous,h,10.7,5,-4.8,-32.2,-54.4,-1.3,0,-1.7,6.5,1.7,12.1,1.4,-160.4,0,-149,0,0,0,0,0,,,,HOLD / FALL / IMPACT
359,719-720,29.917,odysseus-revealed,h,0,1.5,12.5,180,0,0,-0.2,3.9,13.4,0,24.8,0,-77.3,0,-88.1,0,0,0,0,0,,bow,,THREAT / THREAT / RECOVER
359,719-720,29.917,antinous,h,10.7,5,-4.8,-32.2,-54.4,-1.3,0,-1.7,6.5,1.7,12.1,1.4,-160.4,0,-149,0,0,0,0,0,,,,HOLD / FALL / IMPACT
360,721-722,30,odysseus-revealed,h,0,1.5,12.5,180,0,0,-0.2,3.9,13.4,0,24.8,0,-77.3,0,-87.9,0,0,0,0,0,,bow,,THREAT / THREAT / RECOVER
360,721-722,30,antinous,h,10.7,5,-4.8,-32.2,-54.4,-1.3,0,-1.7,6.5,1.7,12.1,1.4,-160.4,0,-149,0,0,0,0,0,,,,HOLD / FALL / IMPACT
361,723-724,30.083,odysseus-revealed,h,0,1.5,12.5,180,0,0,-0.2,3.9,13.4,0,24.8,0,-77.3,0,-87.8,0,0,0,0,0,,bow,,THREAT / THREAT / RECOVER
361,723-724,30.083,antinous,h,10.7,5,-4.8,-32.2,-54.4,-1.3,0,-1.7,6.5,1.7,12.1,1.4,-160.4,0,-149,0,0,0,0,0,,,,HOLD / FALL / IMPACT
362,725-726,30.167,odysseus-revealed,h,0,1.5,12.5,180,0,0,-0.2,3.9,13.4,0,24.8,0,-77.3,0,-87.7,0,0,0,0,0,,bow,,THREAT / THREAT / RECOVER
362,725-726,30.167,antinous,h,10.7,5,-4.8,-32.2,-54.4,-1.3,0,-1.7,6.5,1.7,12.1,1.4,-160.4,0,-149,0,0,0,0,0,,,,HOLD / FALL / IMPACT
363,727-728,30.25,odysseus-revealed,h,0,1.5,12.5,180,0,0,-0.2,3.9,13.4,0,24.8,0,-77.3,0,-87.6,0,0,0,0,0,,bow,,THREAT / THREAT / RECOVER
363,727-728,30.25,antinous,h,10.7,5,-4.8,-32.2,-54.4,-1.3,0,-1.7,6.5,1.7,12.1,1.4,-160.4,0,-149,0,0,0,0,0,,,,HOLD / FALL / IMPACT
364,729-730,30.333,odysseus-revealed,h,0,1.5,12.5,180,0,0,-0.2,3.9,13.4,0,24.8,0,-77.3,0,-87.4,0,0,0,0,0,,bow,,THREAT / THREAT / RECOVER
364,729-730,30.333,antinous,h,10.7,5,-4.8,-32.2,-54.4,-1.3,0,-1.7,6.5,1.7,12.1,1.4,-160.4,0,-149,0,0,0,0,0,,,,HOLD / FALL / IMPACT
365,731-732,30.417,odysseus-revealed,h,0,1.5,12.5,180,0,0,-0.2,3.9,13.4,0,24.8,0,-77.3,0,-87.3,0,0,0,0,0,,bow,,THREAT / THREAT / RECOVER
365,731-732,30.417,antinous,h,10.7,5,-4.8,-32.2,-54.4,-1.3,0,-1.7,6.5,1.7,12.1,1.4,-160.4,0,-149,0,0,0,0,0,,,,HOLD / FALL / IMPACT
366,733-734,30.5,odysseus-revealed,h,0,1.5,12.5,180,0,0,-0.2,3.9,13.4,0,24.8,0,-77.3,0,-87.2,0,0,0,0,0,,bow,,THREAT / THREAT / RECOVER
366,733-734,30.5,antinous,h,10.7,5,-4.8,-32.2,-54.4,-1.3,0,-1.7,6.5,1.7,12.1,1.4,-160.4,0,-149,0,0,0,0,0,,,,HOLD / FALL / IMPACT
367,735-736,30.583,odysseus-revealed,h,0,1.5,12.5,180,0,0,-0.2,3.9,13.4,0,24.8,0,-77.3,0,-87.1,0,0,0,0,0,,bow,,THREAT / THREAT / RECOVER
367,735-736,30.583,antinous,h,10.7,5,-4.8,-32.2,-54.4,-1.3,0,-1.7,6.5,1.7,12.1,1.4,-160.4,0,-149,0,0,0,0,0,,,,HOLD / FALL / IMPACT
368,737-738,30.667,odysseus-revealed,h,0,1.5,12.5,180,0,0,-0.2,3.9,13.4,0,24.8,0,-77.3,0,-86.9,0,0,0,0,0,,bow,,THREAT / THREAT / RECOVER
368,737-738,30.667,antinous,h,10.7,5,-4.8,-32.2,-54.4,-1.3,0,-1.7,6.5,1.7,12.1,1.4,-160.4,0,-149,0,0,0,0,0,,,,HOLD / FALL / IMPACT
369,739-740,30.75,odysseus-revealed,h,0,1.5,12.5,180,0,0,-0.2,3.8,13.4,0,24.8,0,-77.3,0,-86.8,0,0,0,0,0,,bow,,THREAT / THREAT / RECOVER
369,739-740,30.75,antinous,h,10.7,5,-4.8,-32.2,-54.4,-1.3,0,-1.7,6.5,1.7,12.1,1.4,-160.4,0,-149,0,0,0,0,0,,,,HOLD / FALL / IMPACT
370,741-742,30.833,odysseus-revealed,h,0,1.5,12.5,180,0,0,-0.2,3.8,13.4,0,24.8,0,-77.3,0,-86.7,0,0,0,0,0,,bow,,THREAT / THREAT / RECOVER
370,741-742,30.833,antinous,h,10.7,5,-4.8,-32.2,-54.4,-1.3,0,-1.7,6.5,1.7,12.1,1.4,-160.4,0,-149,0,0,0,0,0,,,,HOLD / FALL / IMPACT
371,743-744,30.917,odysseus-revealed,h,0,1.5,12.5,180,0,0,-0.2,3.8,13.4,0,24.8,0,-77.3,0,-86.6,0,0,0,0,0,,bow,,THREAT / THREAT / RECOVER
371,743-744,30.917,antinous,h,10.7,5,-4.8,-32.2,-54.4,-1.3,0,-1.7,6.5,1.7,12.1,1.4,-160.4,0,-149,0,0,0,0,0,,,,HOLD / FALL / IMPACT
372,745-746,31,odysseus-revealed,h,0,1.5,12.5,180,0,0,-0.2,3.8,13.4,0,24.8,0,-77.3,0,-86.4,0,0,0,0,0,,bow,,THREAT / THREAT / RECOVER
372,745-746,31,antinous,h,10.7,5,-4.8,-32.2,-54.4,-1.3,0,-1.7,6.5,1.7,12.1,1.4,-160.4,0,-149,0,0,0,0,0,,,,HOLD / FALL / IMPACT
373,747-748,31.083,odysseus-revealed,h,0,1.5,12.5,180,0,0,-0.2,3.8,13.4,0,24.8,0,-77.3,0,-86.3,0,0,0,0,0,,bow,,THREAT / THREAT / RECOVER
373,747-748,31.083,antinous,h,10.7,5,-4.8,-32.2,-54.4,-1.3,0,-1.7,6.5,1.7,12.1,1.4,-160.4,0,-149,0,0,0,0,0,,,,HOLD / FALL / IMPACT
374,749-750,31.167,odysseus-revealed,h,0,1.5,12.5,180,0,0,-0.2,3.8,13.4,0,24.8,0,-77.3,0,-86.2,0,0,0,0,0,,bow,,THREAT / THREAT / RECOVER
374,749-750,31.167,antinous,h,10.7,5,-4.8,-32.2,-54.4,-1.3,0,-1.7,6.5,1.7,12.1,1.4,-160.4,0,-149,0,0,0,0,0,,,,HOLD / FALL / IMPACT
375,751-752,31.25,odysseus-revealed,h,0,1.5,12.5,180,0,0,-0.2,3.8,13.4,0,24.8,0,-77.3,0,-86.1,0,0,0,0,0,,bow,,THREAT / THREAT / RECOVER
375,751-752,31.25,antinous,h,10.7,5,-4.8,-32.2,-54.4,-1.3,0,-1.7,6.5,1.7,12.1,1.4,-160.4,0,-149,0,0,0,0,0,,,,HOLD / FALL / IMPACT
376,753-754,31.333,odysseus-revealed,h,0,1.5,12.5,180,0,0,-0.2,3.8,13.4,0,24.8,0,-77.3,0,-85.9,0,0,0,0,0,,bow,,THREAT / THREAT / RECOVER
376,753-754,31.333,antinous,h,10.7,5,-4.8,-32.2,-54.4,-1.3,0,-1.7,6.5,1.7,12.1,1.4,-160.4,0,-149,0,0,0,0,0,,,,HOLD / FALL / IMPACT
377,755-756,31.417,odysseus-revealed,h,0,1.5,12.5,180,0,0,-0.2,3.8,13.4,0,24.8,0,-77.3,0,-85.8,0,0,0,0,0,,bow,,THREAT / THREAT / RECOVER
377,755-756,31.417,antinous,h,10.7,5,-4.8,-32.2,-54.4,-1.3,0,-1.7,6.5,1.7,12.1,1.4,-160.4,0,-149,0,0,0,0,0,,,,HOLD / FALL / IMPACT
378,757-758,31.5,odysseus-revealed,h,0,1.5,12.5,180,0,0,-0.2,3.8,13.4,0,24.8,0,-77.3,0,-85.7,0,0,0,0,0,,bow,,LOOK / HOLD / THREAT
378,757-758,31.5,antinous,h,10.7,5,-4.8,-32.2,-54.4,-1.3,0,-1.7,6.5,1.7,12.1,1.4,-160.4,0,-149,0,0,0,0,0,,,,HOLD / FALL / IMPACT
379,759-760,31.583,odysseus-revealed,A,0,1.5,12.5,180,0,0,-0.2,3.8,11.7,0,1.5,2.9,-77.3,0,-85.6,0,0,0,0,0,,bow,,LOOK / HOLD / THREAT
379,759-760,31.583,antinous,h,10.7,5,-4.8,-32.2,-54.4,-1.3,0,-1.7,6.5,1.7,12.1,1.4,-160.4,0,-149,0,0,0,0,0,,,,HOLD / FALL / IMPACT
380,761-762,31.667,odysseus-revealed,R,0,1.5,12.5,180,0,0,-0.2,3.8,7.2,0,-17.6,1.5,-77.3,0,-85.5,0,0,0,0,0,,bow,,LOOK / HOLD / THREAT
380,761-762,31.667,antinous,h,10.7,5,-4.8,-32.2,-54.4,-1.3,0,-1.7,6.5,1.7,12.1,1.4,-160.4,0,-149,0,0,0,0,0,,,,HOLD / FALL / IMPACT
381,763-764,31.75,odysseus-revealed,R,0,1.5,12.5,180,0,0,-0.2,3.8,1,0,-32.5,0.5,-77.3,0,-85.3,0,0,0,0,0,,bow,,LOOK / HOLD / THREAT
381,763-764,31.75,antinous,h,10.7,5,-4.8,-32.2,-54.4,-1.3,0,-1.7,6.5,1.7,12.1,1.4,-160.4,0,-149,0,0,0,0,0,,,,HOLD / FALL / IMPACT
382,765-766,31.833,odysseus-revealed,R,0,1.5,12.5,180,0,0,-0.2,3.8,-6.2,0,-43.1,-0.3,-77.3,0,-85.2,0,0,0,0,0,,bow,,LOOK / HOLD / THREAT
382,765-766,31.833,antinous,h,10.7,5,-4.8,-32.2,-54.4,-1.3,0,-1.7,6.5,1.7,12.1,1.4,-160.4,0,-149,0,0,0,0,0,,,,HOLD / FALL / IMPACT
383,767-768,31.917,odysseus-revealed,R,0,1.5,12.5,180,0,0,-0.2,3.8,-13.4,0,-49.4,-0.7,-77.3,0,-85.1,0,0,0,0,0,,bow,,LOOK / HOLD / THREAT
383,767-768,31.917,antinous,h,10.7,5,-4.8,-32.2,-54.4,-1.3,0,-1.7,6.5,1.7,12.1,1.4,-160.4,0,-149,0,0,0,0,0,,,,HOLD / FALL / IMPACT
384,769-770,32,odysseus-revealed,R,0,1.5,12.5,180,0,0,-0.2,3.8,-19.7,0,-51.5,-0.9,-77.3,0,-85,0,0,0,0,0,,bow,,LOOK / HOLD / THREAT
384,769-770,32,antinous,h,10.7,5,-4.8,-32.2,-54.4,-1.3,0,-1.7,6.5,1.7,12.1,1.4,-160.4,0,-149,0,0,0,0,0,,,,HOLD / FALL / IMPACT
385,771-772,32.083,odysseus-revealed,R,0,1.5,12.5,180,0,0,-0.2,3.8,-24.1,0,-50.9,-0.9,-77.3,0,-84.8,0,0,0,0,0,,bow,,LOOK / HOLD / THREAT
385,771-772,32.083,antinous,h,10.7,5,-4.8,-32.2,-54.4,-1.3,0,-1.7,6.5,1.7,12.1,1.4,-160.4,0,-149,0,0,0,0,0,,,,HOLD / FALL / IMPACT
386,773-774,32.167,odysseus-revealed,h,0,1.5,12.5,180,0,0,-0.2,3.8,-25.8,0,-49.7,-0.9,-77.3,0,-84.7,0,0,0,0,0,,bow,,LOOK / HOLD / THREAT
386,773-774,32.167,antinous,h,10.7,5,-4.8,-32.2,-54.4,-1.3,0,-1.7,6.5,1.7,12.1,1.4,-160.4,0,-149,0,0,0,0,0,,,,HOLD / FALL / IMPACT
387,775-776,32.25,odysseus-revealed,h,0,1.5,12.5,180,0,0,-0.2,3.8,-25.8,0,-49.1,-0.9,-77.3,0,-84.6,0,0,0,0,0,,bow,,LOOK / HOLD / THREAT
387,775-776,32.25,antinous,h,10.7,5,-4.8,-32.2,-54.4,-1.3,0,-1.7,6.5,1.7,12.1,1.4,-160.4,0,-149,0,0,0,0,0,,,,HOLD / FALL / IMPACT
388,777-778,32.333,odysseus-revealed,h,0,1.5,12.5,180,0,0,-0.2,3.8,-25.8,0,-49.1,-0.9,-77.3,0,-84.5,0,0,0,0,0,,bow,,THREAT / THREAT / RECOVER
388,777-778,32.333,antinous,h,10.7,5,-4.8,-32.2,-54.4,-1.3,0,-1.7,6.5,1.7,12.1,1.4,-160.4,0,-149,0,0,0,0,0,,,,HOLD / FALL / IMPACT
389,779-780,32.417,odysseus-revealed,h,0,1.5,12.5,180,0,0,-0.2,3.8,-25.8,0,-49.1,-0.9,-77.3,0,-84.3,0,0,0,0,0,,bow,,THREAT / THREAT / RECOVER
389,779-780,32.417,antinous,h,10.7,5,-4.8,-32.2,-54.4,-1.3,0,-1.7,6.5,1.7,12.1,1.4,-160.4,0,-149,0,0,0,0,0,,,,HOLD / FALL / IMPACT
390,781-782,32.5,odysseus-revealed,h,0,1.5,12.5,180,0,0,-0.2,3.7,-25.8,0,-49.1,-0.9,-77.3,0,-84.2,0,0,0,0,0,,bow,,THREAT / THREAT / RECOVER
390,781-782,32.5,antinous,h,10.7,5,-4.8,-32.2,-54.4,-1.3,0,-1.7,6.5,1.7,12.1,1.4,-160.4,0,-149,0,0,0,0,0,,,,HOLD / FALL / IMPACT
391,783-784,32.583,odysseus-revealed,h,0,1.5,12.5,180,0,0,-0.2,3.7,-25.8,0,-49.1,-0.9,-77.3,0,-84.1,0,0,0,0,0,,bow,,THREAT / THREAT / RECOVER
391,783-784,32.583,antinous,h,10.7,5,-4.8,-32.2,-54.4,-1.3,0,-1.7,6.5,1.7,12.1,1.4,-160.4,0,-149,0,0,0,0,0,,,,HOLD / FALL / IMPACT
392,785-786,32.667,odysseus-revealed,h,0,1.5,12.5,180,0,0,-0.2,3.7,-25.8,0,-49.1,-0.9,-77.3,0,-84,0,0,0,0,0,,bow,,THREAT / THREAT / RECOVER
392,785-786,32.667,antinous,h,10.7,5,-4.8,-32.2,-54.4,-1.3,0,-1.7,6.5,1.7,12.1,1.4,-160.4,0,-149,0,0,0,0,0,,,,HOLD / FALL / IMPACT
393,787-788,32.75,odysseus-revealed,h,0,1.5,12.5,180,0,0,-0.2,3.7,-25.8,0,-49.1,-0.9,-77.3,0,-83.8,0,0,0,0,0,,bow,,THREAT / THREAT / RECOVER
393,787-788,32.75,antinous,h,10.7,5,-4.8,-32.2,-54.4,-1.3,0,-1.7,6.5,1.7,12.1,1.4,-160.4,0,-149,0,0,0,0,0,,,,HOLD / FALL / IMPACT
394,789-790,32.833,odysseus-revealed,h,0,1.5,12.5,180,0,0,-0.2,3.7,-25.8,0,-49.1,-0.9,-77.3,0,-83.7,0,0,0,0,0,,bow,,THREAT / THREAT / RECOVER
394,789-790,32.833,antinous,h,10.7,5,-4.8,-32.2,-54.4,-1.3,0,-1.7,6.5,1.7,12.1,1.4,-160.4,0,-149,0,0,0,0,0,,,,HOLD / FALL / IMPACT
395,791-792,32.917,odysseus-revealed,h,0,1.5,12.5,180,0,0,-0.2,3.7,-25.8,0,-49.1,-0.9,-77.3,0,-83.6,0,0,0,0,0,,bow,,THREAT / THREAT / RECOVER
395,791-792,32.917,antinous,h,10.7,5,-4.8,-32.2,-54.4,-1.3,0,-1.7,6.5,1.7,12.1,1.4,-160.4,0,-149,0,0,0,0,0,,,,HOLD / FALL / IMPACT
396,793-794,33,odysseus-revealed,h,0,1.5,12.5,180,0,0,-0.2,3.7,-25.8,0,-49.1,-0.9,-77.3,0,-83.5,0,0,0,0,0,,bow,,THREAT / THREAT / RECOVER
396,793-794,33,antinous,h,10.7,5,-4.8,-32.2,-54.4,-1.3,0,-1.7,6.5,1.7,12.1,1.4,-160.4,0,-149,0,0,0,0,0,,,,HOLD / FALL / IMPACT
397,795-796,33.083,odysseus-revealed,h,0,1.5,12.5,180,0,0,-0.2,3.7,-25.8,0,-49.1,-0.9,-77.3,0,-83.3,0,0,0,0,0,,bow,,THREAT / THREAT / RECOVER
397,795-796,33.083,antinous,h,10.7,5,-4.8,-32.2,-54.4,-1.3,0,-1.7,6.5,1.7,12.1,1.4,-160.4,0,-149,0,0,0,0,0,,,,HOLD / FALL / IMPACT
398,797-798,33.167,odysseus-revealed,h,0,1.5,12.5,180,0,0,-0.2,3.7,-25.8,0,-49.1,-0.9,-77.3,0,-83.2,0,0,0,0,0,,bow,,THREAT / THREAT / RECOVER
398,797-798,33.167,antinous,h,10.7,5,-4.8,-32.2,-54.4,-1.3,0,-1.7,6.5,1.7,12.1,1.4,-160.4,0,-149,0,0,0,0,0,,,,HOLD / FALL / IMPACT
399,799-800,33.25,odysseus-revealed,h,0,1.5,12.5,180,0,0,-0.2,3.7,-25.8,0,-49.1,-0.9,-77.3,0,-83.1,0,0,0,0,0,,bow,,THREAT / THREAT / RECOVER
399,799-800,33.25,antinous,h,10.7,5,-4.8,-32.2,-54.4,-1.3,0,-1.7,6.5,1.7,12.1,1.4,-160.4,0,-149,0,0,0,0,0,,,,HOLD / FALL / IMPACT
400,801-802,33.333,odysseus-revealed,h,0,1.5,12.5,180,0,0,-0.2,3.7,-25.8,0,-49.1,-0.9,-77.3,0,-83,0,0,0,0,0,,bow,,THREAT / THREAT / RECOVER
400,801-802,33.333,antinous,h,10.7,5,-4.8,-32.2,-54.4,-1.3,0,-1.7,6.5,1.7,12.1,1.4,-160.4,0,-149,0,0,0,0,0,,,,HOLD / FALL / IMPACT
401,803-804,33.417,odysseus-revealed,h,0,1.5,12.5,180,0,0,-0.2,3.7,-25.8,0,-49.1,-0.9,-77.3,0,-82.8,0,0,0,0,0,,bow,,THREAT / THREAT / RECOVER
401,803-804,33.417,antinous,h,10.7,5,-4.8,-32.2,-54.4,-1.3,0,-1.7,6.5,1.7,12.1,1.4,-160.4,0,-149,0,0,0,0,0,,,,HOLD / FALL / IMPACT
402,805-806,33.5,odysseus-revealed,h,0,1.5,12.5,180,0,0,-0.2,3.7,-25.8,0,-49.1,-0.9,-77.3,0,-82.7,0,0,0,0,0,,bow,,LOOK / HOLD / THREAT
402,805-806,33.5,antinous,h,10.7,5,-4.8,-32.2,-54.4,-1.3,0,-1.7,6.5,1.7,12.1,1.4,-160.4,0,-149,0,0,0,0,0,,,,HOLD / FALL / IMPACT
403,807-808,33.583,odysseus-revealed,R,0,1.5,12.5,180,0,0,-0.2,3.7,-25,0,-39.2,2.9,-77.3,0,-82.6,0,0,0,0,0,,bow,,LOOK / HOLD / THREAT
403,807-808,33.583,antinous,h,10.7,5,-4.8,-32.2,-54.4,-1.3,0,-1.7,6.5,1.7,12.1,1.4,-160.4,0,-149,0,0,0,0,0,,,,HOLD / FALL / IMPACT
404,809-810,33.667,odysseus-revealed,R,0,1.5,12.5,180,0,0,-0.2,3.7,-22.9,0,-31.5,2,-77.3,0,-82.5,0,0,0,0,0,,bow,,LOOK / HOLD / THREAT
404,809-810,33.667,antinous,h,10.7,5,-4.8,-32.2,-54.4,-1.3,0,-1.7,6.5,1.7,12.1,1.4,-160.4,0,-149,0,0,0,0,0,,,,HOLD / FALL / IMPACT
405,811-812,33.75,odysseus-revealed,R,0,1.5,12.5,180,0,0,-0.2,3.7,-20,0,-26.1,1.5,-77.3,0,-82.4,0,0,0,0,0,,bow,,LOOK / HOLD / THREAT
405,811-812,33.75,antinous,h,10.7,5,-4.8,-32.2,-54.4,-1.3,0,-1.7,6.5,1.7,12.1,1.4,-160.4,0,-149,0,0,0,0,0,,,,HOLD / FALL / IMPACT
406,813-814,33.833,odysseus-revealed,R,0,1.5,12.5,180,0,0,-0.2,3.7,-16.9,0,-22.8,1.1,-77.3,0,-82.2,0,0,0,0,0,,bow,,LOOK / HOLD / THREAT
406,813-814,33.833,antinous,h,10.7,5,-4.8,-32.2,-54.4,-1.3,0,-1.7,6.5,1.7,12.1,1.4,-160.4,0,-149,0,0,0,0,0,,,,HOLD / FALL / IMPACT
407,815-816,33.917,odysseus-revealed,R,0,1.5,12.5,180,0,0,-0.2,3.7,-14,0,-21.7,1,-77.3,0,-82.1,0,0,0,0,0,,bow,,LOOK / HOLD / THREAT
407,815-816,33.917,antinous,h,10.7,5,-4.8,-32.2,-54.4,-1.3,0,-1.7,6.5,1.7,12.1,1.4,-160.4,0,-149,0,0,0,0,0,,,,HOLD / FALL / IMPACT
408,817-818,34,odysseus-revealed,R,0,1.5,12.5,180,0,0,-0.2,3.7,-11.9,0,-21.4,1,-77.3,0,-82,0,0,0,0,0,,bow,,LOOK / HOLD / THREAT
408,817-818,34,antinous,h,10.7,5,-4.8,-32.2,-54.4,-1.3,0,-1.7,6.5,1.7,12.1,1.4,-160.4,0,-149,0,0,0,0,0,,,,HOLD / FALL / IMPACT
409,819-820,34.083,odysseus-revealed,R,0,1.5,12.5,180,0,0,-0.2,3.7,-11.1,0,-20.9,1,-77.3,0,-81.9,0,0,0,0,0,,bow,,LOOK / HOLD / THREAT
409,819-820,34.083,antinous,h,10.7,5,-4.8,-32.2,-54.4,-1.3,0,-1.7,6.5,1.7,12.1,1.4,-160.4,0,-149,0,0,0,0,0,,,,HOLD / FALL / IMPACT
410,821-822,34.167,odysseus-revealed,h,0,1.5,12.5,180,0,0,-0.2,3.6,-11.1,0,-20.6,1,-77.3,0,-81.7,0,0,0,0,0,,bow,,LOOK / HOLD / THREAT
410,821-822,34.167,antinous,h,10.7,5,-4.8,-32.2,-54.4,-1.3,0,-1.7,6.5,1.7,12.1,1.4,-160.4,0,-149,0,0,0,0,0,,,,HOLD / FALL / IMPACT
411,823-824,34.25,odysseus-revealed,h,0,1.5,12.5,180,0,0,-0.2,3.6,-11.1,0,-20.6,1,-77.3,0,-81.6,0,0,0,0,0,,bow,,THREAT / THREAT / RECOVER
411,823-824,34.25,antinous,h,10.7,5,-4.8,-32.2,-54.4,-1.3,0,-1.7,6.5,1.7,12.1,1.4,-160.4,0,-149,0,0,0,0,0,,,,HOLD / FALL / IMPACT
412,825-826,34.333,odysseus-revealed,h,0,1.5,12.5,180,0,0,-0.2,3.6,-11.1,0,-20.6,1,-77.3,0,-81.5,0,0,0,0,0,,bow,,THREAT / THREAT / RECOVER
412,825-826,34.333,antinous,h,10.7,5,-4.8,-32.2,-54.4,-1.3,0,-1.7,6.5,1.7,12.1,1.4,-160.4,0,-149,0,0,0,0,0,,,,HOLD / FALL / IMPACT
413,827-828,34.417,odysseus-revealed,h,0,1.5,12.5,180,0,0,-0.2,3.6,-11.1,0,-20.6,1,-77.3,0,-81.4,0,0,0,0,0,,bow,,THREAT / THREAT / RECOVER
413,827-828,34.417,antinous,h,10.7,5,-4.8,-32.2,-54.4,-1.3,0,-1.7,6.5,1.7,12.1,1.4,-160.4,0,-149,0,0,0,0,0,,,,HOLD / FALL / IMPACT
414,829-830,34.5,odysseus-revealed,h,0,1.5,12.5,180,0,0,-0.2,3.6,-11.1,0,-20.6,1,-77.3,0,-81.2,0,0,0,0,0,,bow,,THREAT / THREAT / RECOVER
414,829-830,34.5,antinous,h,10.7,5,-4.8,-32.2,-54.4,-1.3,0,-1.7,6.5,1.7,12.1,1.4,-160.4,0,-149,0,0,0,0,0,,,,HOLD / FALL / IMPACT
415,831-832,34.583,odysseus-revealed,h,0,1.5,12.5,180,0,0,-0.2,3.6,-11.1,0,-20.6,1,-77.3,0,-81.1,0,0,0,0,0,,bow,,THREAT / THREAT / RECOVER
415,831-832,34.583,antinous,h,10.7,5,-4.8,-32.2,-54.4,-1.3,0,-1.7,6.5,1.7,12.1,1.4,-160.4,0,-149,0,0,0,0,0,,,,HOLD / FALL / IMPACT
416,833-834,34.667,odysseus-revealed,h,0,1.5,12.5,180,0,0,-0.2,3.6,-11.1,0,-20.6,1,-77.3,0,-81,0,0,0,0,0,,bow,,THREAT / THREAT / RECOVER
416,833-834,34.667,antinous,h,10.7,5,-4.8,-32.2,-54.4,-1.3,0,-1.7,6.5,1.7,12.1,1.4,-160.4,0,-149,0,0,0,0,0,,,,HOLD / FALL / IMPACT
417,835-836,34.75,odysseus-revealed,h,0,1.5,12.5,180,0,0,-0.2,3.6,-11.1,0,-20.6,1,-77.3,0,-80.9,0,0,0,0,0,,bow,,THREAT / THREAT / RECOVER
417,835-836,34.75,antinous,h,10.7,5,-4.8,-32.2,-54.4,-1.3,0,-1.7,6.5,1.7,12.1,1.4,-160.4,0,-149,0,0,0,0,0,,,,HOLD / FALL / IMPACT
418,837-838,34.833,odysseus-revealed,h,0,1.5,12.5,180,0,0,-0.2,3.6,-11.1,0,-20.6,1,-77.3,0,-80.7,0,0,0,0,0,,bow,,THREAT / THREAT / RECOVER
418,837-838,34.833,antinous,h,10.7,5,-4.8,-32.2,-54.4,-1.3,0,-1.7,6.5,1.7,12.1,1.4,-160.4,0,-149,0,0,0,0,0,,,,HOLD / FALL / IMPACT
419,839-840,34.917,odysseus-revealed,h,0,1.5,12.5,180,0,0,-0.2,3.6,-11.1,0,-20.6,1,-77.3,0,-80.6,0,0,0,0,0,,bow,,THREAT / THREAT / RECOVER
419,839-840,34.917,antinous,h,10.7,5,-4.8,-32.2,-54.4,-1.3,0,-1.7,6.5,1.7,12.1,1.4,-160.4,0,-149,0,0,0,0,0,,,,HOLD / FALL / IMPACT
420,841-842,35,odysseus-revealed,h,0,1.5,12.5,180,0,0,-0.2,3.6,-11.1,0,-20.6,1,-77.3,0,-80.5,0,0,0,0,0,,bow,,THREAT / THREAT / RECOVER
420,841-842,35,antinous,h,10.7,5,-4.8,-32.2,-54.4,-1.3,0,-1.7,6.5,1.7,12.1,1.4,-160.4,0,-149,0,0,0,0,0,,,,HOLD / FALL / IMPACT
421,843-844,35.083,odysseus-revealed,h,0,1.5,12.5,180,0,0,-0.2,3.6,-11.1,0,-20.6,1,-77.2,0,-80.4,0,0,0,0,0,,bow,,THREAT / THREAT / RECOVER
421,843-844,35.083,antinous,h,10.7,5,-4.8,-32.2,-54.4,-1.3,0,-1.7,6.5,1.7,12.1,1.4,-160.4,0,-149,0,0,0,0,0,,,,HOLD / FALL / IMPACT
422,845-846,35.167,odysseus-revealed,h,0,1.5,12.5,180,0,0,-0.2,3.6,-11.1,0,-20.6,1,-77,0,-80.2,0,0,0,0,0,,bow,,THREAT / THREAT / RECOVER
422,845-846,35.167,antinous,h,10.7,5,-4.8,-32.2,-54.4,-1.3,0,-1.7,6.5,1.7,12.1,1.4,-160.4,0,-149,0,0,0,0,0,,,,HOLD / FALL / IMPACT
423,847-848,35.25,odysseus-revealed,h,0,1.5,12.5,180,0,0,-0.2,3.6,-11.1,0,-20.6,1,-76.8,0,-80.1,0,0,0,0,0,,bow,,THREAT / THREAT / RECOVER
423,847-848,35.25,antinous,h,10.7,5,-4.8,-32.2,-54.4,-1.3,0,-1.7,6.5,1.7,12.1,1.4,-160.4,0,-149,0,0,0,0,0,,,,HOLD / FALL / IMPACT
424,849-850,35.333,odysseus-revealed,h,0,1.5,12.5,180,0,0,-0.2,3.6,-11.1,0,-20.6,1,-76.4,0,-79.9,0,0,0,0,0,,bow,,THREAT / THREAT / RECOVER
424,849-850,35.333,antinous,h,10.7,5,-4.8,-32.2,-54.4,-1.3,0,-1.7,6.5,1.7,12.1,1.4,-160.4,0,-149,0,0,0,0,0,,,,HOLD / FALL / IMPACT
425,851-852,35.417,odysseus-revealed,h,0,1.5,12.5,180,0,0,-0.2,3.6,-11.1,0,-20.6,1,-76,0,-79.8,0,0,0,0,0,,bow,,THREAT / THREAT / RECOVER
425,851-852,35.417,antinous,h,10.7,5,-4.8,-32.2,-54.4,-1.3,0,-1.7,6.5,1.7,12.1,1.4,-160.4,0,-149,0,0,0,0,0,,,,HOLD / FALL / IMPACT
426,853-854,35.5,odysseus-revealed,h,0,1.5,12.5,180,0,0,-0.2,3.6,-11.3,0,-23.2,2.9,-75.5,0,-79.6,0,0,0,0,0,,bow,,LOOK / HOLD / THREAT
426,853-854,35.5,antinous,h,10.7,5,-4.8,-32.2,-54.4,-1.3,0,-1.7,6.5,1.7,12.1,1.4,-160.4,0,-149,0,0,0,0,0,,,,HOLD / FALL / IMPACT
427,855-856,35.583,odysseus-revealed,h,0,1.5,12.5,180,0,0,-0.2,3.6,-11.7,0,-25.1,1.6,-75,0,-79.5,0,0,0,0,0,,bow,,LOOK / HOLD / THREAT
427,855-856,35.583,antinous,h,10.7,5,-4.8,-32.2,-54.4,-1.3,0,-1.7,6.5,1.7,12.1,1.4,-160.4,0,-149,0,0,0,0,0,,,,HOLD / FALL / IMPACT
428,857-858,35.667,odysseus-revealed,h,0,1.5,12.5,180,0,0,-0.2,3.6,-12.3,0,-26.5,0.7,-74.4,0,-79.3,0,0,0,0,0,,bow,,LOOK / HOLD / THREAT
428,857-858,35.667,antinous,h,10.7,5,-4.8,-32.2,-54.4,-1.3,0,-1.7,6.5,1.7,12.1,1.4,-160.4,0,-149,0,0,0,0,0,,,,HOLD / FALL / IMPACT
429,859-860,35.75,odysseus-revealed,h,0,1.5,12.5,180,0,0,-0.2,3.6,-13,0,-27.4,0.2,-73.7,0,-79.1,0,0,0,0,0,,bow,,LOOK / HOLD / THREAT
429,859-860,35.75,antinous,h,10.7,5,-4.8,-32.2,-54.4,-1.3,0,-1.7,6.5,1.7,12.1,1.4,-160.4,0,-149,0,0,0,0,0,,,,HOLD / FALL / IMPACT
430,861-862,35.833,odysseus-revealed,h,0,1.5,12.5,180,0,0,-0.2,3.6,-13.6,0,-27.7,0,-73,0,-79,0,0,0,0,0,,bow,,LOOK / HOLD / THREAT
430,861-862,35.833,antinous,h,10.7,5,-4.8,-32.2,-54.4,-1.3,0,-1.7,6.5,1.7,12.1,1.4,-160.4,0,-149,0,0,0,0,0,,,,HOLD / FALL / IMPACT
431,863-864,35.917,odysseus-revealed,h,0,1.5,12.5,180,0,0,-0.2,3.5,-14,0,-27.3,0,-72.2,0,-78.8,0,0,0,0,0,,bow,,LOOK / HOLD / THREAT
431,863-864,35.917,antinous,h,10.7,5,-4.8,-32.2,-54.4,-1.3,0,-1.7,6.5,1.7,12.1,1.4,-160.4,0,-149,0,0,0,0,0,,,,HOLD / FALL / IMPACT
432,865-866,36,odysseus-revealed,h,0,1.5,12.5,180,0,0,-0.2,3.5,-14.2,0,-26.7,0,-71.4,0,-78.6,0,0,0,0,0,,bow,,LOOK / HOLD / THREAT
432,865-866,36,antinous,h,10.7,5,-4.8,-32.2,-54.4,-1.3,0,-1.7,6.5,1.7,12.1,1.4,-160.4,0,-149,0,0,0,0,0,,,,HOLD / FALL / IMPACT
433,867-868,36.083,odysseus-revealed,h,0,1.5,12.5,180,0,0,-0.2,3.5,-14.2,0,-26.3,0,-70.5,0,-78.4,0,0,0,0,0,,bow,,THREAT / THREAT / RECOVER
433,867-868,36.083,antinous,h,10.7,5,-4.8,-32.2,-54.4,-1.3,0,-1.7,6.5,1.7,12.1,1.4,-160.4,0,-149,0,0,0,0,0,,,,HOLD / FALL / IMPACT
434,869-870,36.167,odysseus-revealed,h,0,1.5,12.5,180,0,0,-0.2,3.5,-14.2,0,-26.3,0,-69.6,0,-78.2,0,0,0,0,0,,bow,,THREAT / THREAT / RECOVER
434,869-870,36.167,antinous,h,10.7,5,-4.8,-32.2,-54.4,-1.3,0,-1.7,6.5,1.7,12.1,1.4,-160.4,0,-149,0,0,0,0,0,,,,HOLD / FALL / IMPACT
435,871-872,36.25,odysseus-revealed,h,0,1.5,12.5,180,0,0,-0.2,3.5,-14.2,0,-26.3,0,-68.6,0,-78,0,0,0,0,0,,bow,,THREAT / THREAT / RECOVER
435,871-872,36.25,antinous,h,10.7,5,-4.8,-32.2,-54.4,-1.3,0,-1.7,6.5,1.7,12.1,1.4,-160.4,0,-149,0,0,0,0,0,,,,HOLD / FALL / IMPACT
436,873-874,36.333,odysseus-revealed,h,0,1.5,12.5,180,0,0,-0.2,3.5,-14.2,0,-26.3,0,-67.7,0,-77.9,0,0,0,0,0,,bow,,THREAT / THREAT / RECOVER
436,873-874,36.333,antinous,h,10.7,5,-4.8,-32.2,-54.4,-1.3,0,-1.7,6.5,1.7,12.1,1.4,-160.4,0,-149,0,0,0,0,0,,,,HOLD / FALL / IMPACT
437,875-876,36.417,odysseus-revealed,h,0,1.5,12.5,180,0,0,-0.2,3.5,-14.2,0,-26.3,0,-66.6,0,-77.7,0,0,0,0,0,,bow,,THREAT / THREAT / RECOVER
437,875-876,36.417,antinous,h,10.7,5,-4.8,-32.2,-54.4,-1.3,0,-1.7,6.5,1.7,12.1,1.4,-160.4,0,-149,0,0,0,0,0,,,,HOLD / FALL / IMPACT
438,877-878,36.5,odysseus-revealed,h,0,1.5,12.5,180,0,0,-0.2,3.5,-14.2,0,-26.3,0,-65.6,0,-77.5,0,0,0,0,0,,bow,,THREAT / THREAT / RECOVER
438,877-878,36.5,antinous,h,10.7,5,-4.8,-32.2,-54.4,-1.3,0,-1.7,6.5,1.7,12.1,1.4,-160.4,0,-149,0,0,0,0,0,,,,HOLD / FALL / IMPACT
439,879-880,36.583,odysseus-revealed,h,0,1.5,12.5,180,0,0,-0.2,3.5,-14.2,0,-26.3,0,-64.5,0,-77.3,0,0,0,0,0,,bow,,THREAT / THREAT / RECOVER
439,879-880,36.583,antinous,h,10.7,5,-4.8,-32.2,-54.4,-1.3,0,-1.7,6.5,1.7,12.1,1.4,-160.4,0,-149,0,0,0,0,0,,,,HOLD / FALL / IMPACT
440,881-882,36.667,odysseus-revealed,h,0,1.5,12.5,180,0,0,-0.2,3.5,-14.2,0,-26.3,0,-63.4,0,-77.1,0,0,0,0,0,,bow,,THREAT / THREAT / RECOVER
440,881-882,36.667,antinous,h,10.7,5,-4.8,-32.2,-54.4,-1.3,0,-1.7,6.5,1.7,12.1,1.4,-160.4,0,-149,0,0,0,0,0,,,,HOLD / FALL / IMPACT
441,883-884,36.75,odysseus-revealed,h,0,1.5,12.5,180,0,0,-0.2,3.5,-14.2,0,-26.3,0,-62.3,0,-76.9,0,0,0,0,0,,bow,,THREAT / THREAT / RECOVER
441,883-884,36.75,antinous,h,10.7,5,-4.8,-32.2,-54.4,-1.3,0,-1.7,6.5,1.7,12.1,1.4,-160.4,0,-149,0,0,0,0,0,,,,HOLD / FALL / IMPACT
442,885-886,36.833,odysseus-revealed,h,0,1.5,12.5,180,0,0,-0.2,3.5,-14.2,0,-26.3,0,-61.1,0,-76.7,0,0,0,0,0,,bow,,THREAT / THREAT / RECOVER
442,885-886,36.833,antinous,h,10.7,5,-4.8,-32.2,-54.4,-1.3,0,-1.7,6.5,1.7,12.1,1.4,-160.4,0,-149,0,0,0,0,0,,,,HOLD / FALL / IMPACT
443,887-888,36.917,odysseus-revealed,h,0,1.5,12.5,180,0,0,-0.2,3.5,-14.2,0,-26.3,0,-60,0,-76.5,0,0,0,0,0,,bow,,THREAT / THREAT / RECOVER
443,887-888,36.917,antinous,h,10.7,5,-4.8,-32.2,-54.4,-1.3,0,-1.7,6.5,1.7,12.1,1.4,-160.4,0,-149,0,0,0,0,0,,,,HOLD / FALL / IMPACT
444,889-890,37,odysseus-revealed,h,0,1.5,12.5,180,0,0,-0.2,3.5,-14.2,0,-26.3,0,-58.8,0,-76.3,0,0,0,0,0,,bow,,THREAT / THREAT / RECOVER
444,889-890,37,antinous,h,10.7,5,-4.8,-32.2,-54.4,-1.3,0,-1.7,6.5,1.7,12.1,1.4,-160.4,0,-149,0,0,0,0,0,,,,HOLD / FALL / IMPACT
445,891-892,37.083,odysseus-revealed,h,0,1.5,12.5,180,0,0,-0.2,3.5,-14.2,0,-26.3,0,-57.6,0,-76.1,0,0,0,0,0,,bow,,THREAT / THREAT / RECOVER
445,891-892,37.083,antinous,h,10.7,5,-4.8,-32.2,-54.4,-1.3,0,-1.7,6.5,1.7,12.1,1.4,-160.4,0,-149,0,0,0,0,0,,,,HOLD / FALL / IMPACT
446,893-894,37.167,odysseus-revealed,h,0,1.5,12.5,180,0,0,-0.2,3.5,-14.2,0,-26.3,0,-56.5,0,-75.9,0,0,0,0,0,,bow,,THREAT / THREAT / RECOVER
446,893-894,37.167,antinous,h,10.7,5,-4.8,-32.2,-54.4,-1.3,0,-1.7,6.5,1.7,12.1,1.4,-160.4,0,-149,0,0,0,0,0,,,,HOLD / FALL / IMPACT
447,895-896,37.25,odysseus-revealed,h,0,1.5,12.5,180,0,0,-0.2,3.5,-14.2,0,-26.3,0,-55.3,0,-75.7,0,0,0,0,0,,bow,,THREAT / THREAT / RECOVER
447,895-896,37.25,antinous,h,10.7,5,-4.8,-32.2,-54.4,-1.3,0,-1.7,6.5,1.7,12.1,1.4,-160.4,0,-149,0,0,0,0,0,,,,HOLD / FALL / IMPACT
448,897-898,37.333,odysseus-revealed,h,0,1.5,12.5,180,0,0,-0.2,3.5,-14.2,0,-26.3,0,-54.1,0,-75.5,0,0,0,0,0,,bow,,THREAT / THREAT / RECOVER
448,897-898,37.333,antinous,h,10.7,5,-4.8,-32.2,-54.4,-1.3,0,-1.7,6.5,1.7,12.1,1.4,-160.4,0,-149,0,0,0,0,0,,,,HOLD / FALL / IMPACT
449,899-900,37.417,odysseus-revealed,h,0,1.5,12.5,180,0,0,-0.2,3.5,-14.2,0,-26.3,0,-52.9,0,-75.3,0,0,0,0,0,,bow,,THREAT / THREAT / RECOVER
449,899-900,37.417,antinous,h,10.7,5,-4.8,-32.2,-54.4,-1.3,0,-1.7,6.5,1.7,12.1,1.4,-160.4,0,-149,0,0,0,0,0,,,,HOLD / FALL / IMPACT
450,901-902,37.5,odysseus-revealed,h,0,1.5,12.5,180,0,0,-0.2,3.5,-14.2,0,-26.3,0,-51.8,0,-77.1,0,0,0,0,0,,bow,,THREAT / THREAT / RECOVER
450,901-902,37.5,antinous,h,10.7,5,-4.8,-32.2,-54.4,-1.3,0,-1.7,6.5,1.7,12.1,1.4,-160.4,0,-149,0,0,0,0,0,,,,HOLD / FALL / IMPACT
451,903-904,37.583,odysseus-revealed,A,0,1.5,12.5,180,0,0,-0.2,3.4,-14.2,0,-26.3,0,-50.6,0,-80.3,0,0,0,0,0,,bow,,THREAT / THREAT / RECOVER
451,903-904,37.583,antinous,h,10.7,5,-4.8,-32.2,-54.4,-1.3,0,-1.7,6.5,1.7,12.1,1.4,-160.4,0,-149,0,0,0,0,0,,,,HOLD / FALL / IMPACT
452,905-906,37.667,odysseus-revealed,A,0,1.5,12.5,180,0,0,-0.2,3.4,-14.2,0,-26.3,0,-49.5,0,-83.5,0,0,0,0,0,,bow,,THREAT / THREAT / RECOVER
452,905-906,37.667,antinous,h,10.7,5,-4.8,-32.2,-54.4,-1.3,0,-1.7,6.5,1.7,12.1,1.4,-160.4,0,-149,0,0,0,0,0,,,,HOLD / FALL / IMPACT
453,907-908,37.75,odysseus-revealed,A,0,1.5,12.5,180,0,0,-0.1,3.4,-14.2,0,-26.3,0,-48.4,0,-86.1,0,0,0,0,0,,bow,,THREAT / THREAT / RECOVER
453,907-908,37.75,antinous,h,10.7,5,-4.8,-32.2,-54.4,-1.3,0,-1.7,6.5,1.7,12.1,1.4,-160.4,0,-149,0,0,0,0,0,,,,HOLD / FALL / IMPACT
454,909-910,37.833,odysseus-revealed,A,0,1.5,12.5,180,0,0,-0.1,3.4,-14.2,0,-26.3,0,-47.3,0,-82.4,0,0,0,0,0,,bow,,LOOK / DECLARE / UTTERANCE
454,909-910,37.833,antinous,h,10.7,5,-4.8,-32.2,-54.4,-1.3,0,-1.7,6.5,1.7,12.1,1.4,-160.4,0,-149,0,0,0,0,0,,,,HOLD / FALL / IMPACT
455,911-912,37.917,odysseus-revealed,A,0,1.5,12.5,180,0,0,-0.1,3.4,-13.2,0,-16,2.9,-46.2,0,-71.4,0,0,0,0,0,,bow,,LOOK / DECLARE / UTTERANCE
455,911-912,37.917,antinous,h,10.7,5,-4.8,-32.2,-54.4,-1.3,0,-1.7,6.5,1.7,12.1,1.4,-160.4,0,-149,0,0,0,0,0,,,,HOLD / FALL / IMPACT
456,913-914,38,odysseus-revealed,A,0,1.5,12.5,180,0,0,-0.1,3.4,-10.9,0,-8.6,1,-45.1,0,-56.9,0,0,0,0,0,,bow,,LOOK / DECLARE / UTTERANCE
456,913-914,38,antinous,h,10.7,5,-4.8,-32.2,-54.4,-1.3,0,-1.7,6.5,1.7,12.1,1.4,-160.4,0,-149,0,0,0,0,0,,,,HOLD / FALL / IMPACT
457,915-916,38.083,odysseus-revealed,A,0,1.5,12.5,180,0,0,-0.1,3.4,-7.8,0,-4.1,-0.1,-44.1,0,-42.4,0,0,0,0,0,,bow,,LOOK / DECLARE / UTTERANCE
457,915-916,38.083,antinous,h,10.7,5,-4.8,-32.2,-54.4,-1.3,0,-1.7,6.5,1.7,12.1,1.4,-160.4,0,-149,0,0,0,0,0,,,,HOLD / FALL / IMPACT
458,917-918,38.167,odysseus-revealed,A,0,1.5,12.5,180,0,0,-0.1,3.4,-4.7,0,-2.7,-0.5,-43.1,0,-31.2,0,0,0,0,0,,bow,,LOOK / DECLARE / UTTERANCE
458,917-918,38.167,antinous,h,10.7,5,-4.8,-32.2,-54.4,-1.3,0,-1.7,6.5,1.7,12.1,1.4,-160.4,0,-149,0,0,0,0,0,,,,HOLD / FALL / IMPACT
459,919-920,38.25,odysseus-revealed,A,0,1.5,12.5,180,0,0,-0.1,3.4,-2.3,0,-2.6,-0.5,-42.2,0,-26.3,0,0,0,0,0,,bow,,NOD / DECLARE / UTTERANCE
459,919-920,38.25,antinous,h,10.7,5,-4.8,-32.2,-54.4,-1.3,0,-1.7,6.5,1.7,12.1,1.4,-160.4,0,-149,0,0,0,0,0,,,,HOLD / FALL / IMPACT
460,921-922,38.333,odysseus-revealed,A,0,1.5,12.5,180,0,0,-0.1,3.4,-1.4,0,-2.6,1.4,-41.2,0,-25.8,0,0,0,0,0,,bow,,POINT / DECLARE / UTTERANCE
460,921-922,38.333,antinous,h,10.7,5,-4.8,-32.2,-54.4,-1.3,0,-1.7,6.5,1.7,12.1,1.4,-160.4,0,-149,0,0,0,0,0,,,,HOLD / FALL / IMPACT
461,923-924,38.417,odysseus-revealed,A,0,1.5,12.5,180,0,0,-0.1,-0.6,-1.4,0,-2.5,-0.7,-33.3,2.1,-25.3,0,0,0,0,0,,bow,,POINT / DECLARE / UTTERANCE
461,923-924,38.417,antinous,h,10.7,5,-4.8,-32.2,-54.4,-1.3,0,-1.7,6.5,1.7,12.1,1.4,-160.4,0,-149,0,0,0,0,0,,,,HOLD / FALL / IMPACT
462,925-926,38.5,odysseus-revealed,A,0,1.5,12.5,180,0,0,-0.1,-1.9,-1.4,0,-2.5,-1.5,-30.1,3.1,-24.8,0,0,0,0,0,,bow,,POINT / DECLARE / UTTERANCE
462,925-926,38.5,antinous,h,10.7,5,-4.8,-32.2,-54.4,-1.3,0,-1.7,6.5,1.7,12.1,1.4,-160.4,0,-149,0,0,0,0,0,,,,HOLD / FALL / IMPACT
463,927-928,38.583,odysseus-revealed,A,0,1.5,12.5,180,0,0,-0.1,5.6,-1.4,0,-2.5,-2.3,-124.1,3.4,-24.3,0,0,0,0,0,,bow,,POINT / DECLARE / UTTERANCE
463,927-928,38.583,antinous,h,10.7,5,-4.8,-32.2,-54.4,-1.3,0,-1.7,6.5,1.7,12.1,1.4,-160.4,0,-149,0,0,0,0,0,,,,HOLD / FALL / IMPACT
464,929-930,38.667,odysseus-revealed,A,0,1.5,12.5,180,0,0,-0.1,6.8,-1.4,0,-2.5,-3.8,-139.5,3.3,-23.9,0,0,0,0,0,,bow,,POINT / DECLARE / UTTERANCE
464,929-930,38.667,antinous,h,10.7,5,-4.8,-32.2,-54.4,-1.3,0,-1.7,6.5,1.7,12.1,1.4,-160.4,0,-149,0,0,0,0,0,,,,HOLD / FALL / IMPACT
465,931-932,38.75,odysseus-revealed,A,0,1.5,12.5,180,0,0,-0.1,6.3,-1.4,0,-2.5,-4.4,-131.9,3.2,-23.5,0,0,0,0,0,,bow,,POINT / DECLARE / UTTERANCE
465,931-932,38.75,antinous,h,10.7,5,-4.8,-32.2,-54.4,-1.3,0,-1.7,6.5,1.7,12.1,1.4,-160.4,0,-149,0,0,0,0,0,,,,HOLD / FALL / IMPACT
466,933-934,38.833,odysseus-revealed,A,0,1.5,12.5,180,0,0,-0.1,6,-1.4,0,-2.5,-4.1,-128.2,3,-23.1,0,0,0,0,0,,bow,,POINT / DECLARE / UTTERANCE
466,933-934,38.833,antinous,h,10.7,5,-4.8,-32.2,-54.4,-1.3,0,-1.7,6.5,1.7,12.1,1.4,-160.4,0,-149,0,0,0,0,0,,,,HOLD / FALL / IMPACT
467,935-936,38.917,odysseus-revealed,A,0,1.5,12.5,180,0,0,-0.1,5.7,-1.4,0,-2.5,-3.8,-124.5,2.9,-22.7,0,0,0,0,0,,bow,,POINT / DECLARE / UTTERANCE
467,935-936,38.917,antinous,h,10.7,5,-4.8,-32.2,-54.4,-1.3,0,-1.7,6.5,1.7,12.1,1.4,-160.4,0,-149,0,0,0,0,0,,,,HOLD / FALL / IMPACT
468,937-938,39,odysseus-revealed,A,0,1.5,12.5,180,0,0,-0.1,5.4,-1.4,0,-2.5,-3.4,-120.8,2.8,-22.4,0,0,0,0,0,,bow,,POINT / DECLARE / UTTERANCE
468,937-938,39,antinous,h,10.7,5,-4.8,-32.2,-54.4,-1.3,0,-1.7,6.5,1.7,12.1,1.4,-160.4,0,-149,0,0,0,0,0,,,,HOLD / FALL / IMPACT
469,939-940,39.083,odysseus-revealed,A,0,1.5,12.5,180,0,0,-0.1,5,-1.4,0,-2.5,-2.9,-117.3,2.6,-22,0,0,0,0,0,,bow,,POINT / DECLARE / UTTERANCE
469,939-940,39.083,antinous,h,10.7,5,-4.8,-32.2,-54.4,-1.3,0,-1.7,6.5,1.7,12.1,1.4,-160.4,0,-149,0,0,0,0,0,,,,HOLD / FALL / IMPACT
470,941-942,39.167,odysseus-revealed,A,0,1.5,12.5,180,0,0,-0.1,4.7,-1.4,0,-2.5,-2.5,-113.8,2.5,-21.7,0,0,0,0,0,,bow,,POINT / DECLARE / UTTERANCE
470,941-942,39.167,antinous,h,10.7,5,-4.8,-32.2,-54.4,-1.3,0,-1.7,6.5,1.7,12.1,1.4,-160.4,0,-149,0,0,0,0,0,,,,HOLD / FALL / IMPACT
471,943-944,39.25,odysseus-revealed,A,0,1.5,12.5,180,0,0,-0.1,4.4,-1.4,0,-2.5,-2,-110.3,2.4,-21.4,0,0,0,0,0,,bow,,POINT / DECLARE / UTTERANCE
471,943-944,39.25,antinous,h,10.7,5,-4.8,-32.2,-54.4,-1.3,0,-1.7,6.5,1.7,12.1,1.4,-160.4,0,-149,0,0,0,0,0,,,,HOLD / FALL / IMPACT
472,945-946,39.333,odysseus-revealed,A,0,1.5,12.5,180,0,0,-0.1,4.1,-1.4,0,-2.5,-1.6,-104.5,2.2,-21.1,0,0,0,0,0,,bow,,POINT / DECLARE / UTTERANCE
472,945-946,39.333,antinous,h,10.7,5,-4.8,-32.2,-54.4,-1.3,0,-1.7,6.5,1.7,12.1,1.4,-160.4,0,-149,0,0,0,0,0,,,,HOLD / FALL / IMPACT
473,947-948,39.417,odysseus-revealed,A,0,1.5,12.5,180,0,0,-0.1,3.3,-1.4,0,-2.5,-1.3,-90.4,1.8,-20.9,0,0,0,0,0,,bow,,POINT / DECLARE / UTTERANCE
473,947-948,39.417,antinous,h,10.7,5,-4.8,-32.2,-54.4,-1.3,0,-1.7,6.5,1.7,12.1,1.4,-160.4,0,-149,0,0,0,0,0,,,,HOLD / FALL / IMPACT
474,949-950,39.5,odysseus-revealed,A,0,1.5,12.5,180,0,0,-0.1,2.2,-1.4,0,-2.5,-1,-72.2,1.2,-20.7,0,0,0,0,0,,bow,,POINT / DECLARE / UTTERANCE
474,949-950,39.5,antinous,h,10.7,5,-4.8,-32.2,-54.4,-1.3,0,-1.7,6.5,1.7,12.1,1.4,-160.4,0,-149,0,0,0,0,0,,,,HOLD / FALL / IMPACT
475,951-952,39.583,odysseus-revealed,A,0,1.5,12.5,180,0,0,-0.1,1.1,-1.4,0,-2.5,-0.7,-54,0.6,-20.5,0,0,0,0,0,,bow,,POINT / DECLARE / UTTERANCE
475,951-952,39.583,antinous,h,10.7,5,-4.8,-32.2,-54.4,-1.3,0,-1.7,6.5,1.7,12.1,1.4,-160.4,0,-149,0,0,0,0,0,,,,HOLD / FALL / IMPACT
476,953-954,39.667,odysseus-revealed,A,0,1.5,12.5,180,0,0,-0.1,0.3,-1.4,0,-2.5,-0.5,-40,0.2,-20.3,0,0,0,0,0,,bow,,POINT / DECLARE / UTTERANCE
476,953-954,39.667,antinous,h,10.7,5,-4.8,-32.2,-54.4,-1.3,0,-1.7,6.5,1.7,12.1,1.4,-160.4,0,-149,0,0,0,0,0,,,,HOLD / FALL / IMPACT
477,955-956,39.75,odysseus-revealed,A,0,1.5,12.5,180,0,0,-0.1,0,-1.4,0,-2.5,-0.5,-34.4,0,-20.1,0,0,0,0,0,,bow,,POINT / DECLARE / UTTERANCE
477,955-956,39.75,antinous,h,10.7,5,-4.8,-32.2,-54.4,-1.3,0,-1.7,6.5,1.7,12.1,1.4,-160.4,0,-149,0,0,0,0,0,,,,HOLD / FALL / IMPACT
478,957-958,39.833,odysseus-revealed,H,0,1.5,12.5,180,0,0,-0.1,0,-1.4,0,-2.5,-0.5,-34.4,0,-19.9,0,0,0,0,0,,bow,,DECLARE / UTTERANCE / APPROACH
478,957-958,39.833,antinous,h,10.7,5,-4.8,-32.2,-54.4,-1.3,0,-1.7,6.5,1.7,12.1,1.4,-160.4,0,-149,0,0,0,0,0,,,,HOLD / FALL / IMPACT
479,959-960,39.917,odysseus-revealed,H,0,1.5,12.5,180,0,0,-0.1,0,-1.4,0,-2.5,-0.5,-34.4,0,-19.8,0,0,0,0,0,,bow,,DECLARE / UTTERANCE / APPROACH
479,959-960,39.917,antinous,h,10.7,5,-4.8,-32.2,-54.4,-1.3,0,-1.7,6.5,1.7,12.1,1.4,-160.4,0,-149,0,0,0,0,0,,,,HOLD / FALL / IMPACT
480,961-962,40,odysseus-revealed,H,0,1.5,12.5,180,0,0,-0.1,0,-1.4,0,-2.5,-0.5,-34.4,0,-19.6,0,0,0,0,0,,bow,,DECLARE / UTTERANCE / APPROACH
480,961-962,40,antinous,h,10.7,5,-4.8,-32.2,-54.4,-1.3,0,-1.7,6.5,1.7,12.1,1.4,-160.4,0,-149,0,0,0,0,0,,,,HOLD / FALL / IMPACT
481,963-964,40.083,odysseus-revealed,H,0,1.5,12.5,180,0,0,-0.1,0,-1.4,0,-2.5,-0.5,-34.4,0,-19.5,0,0,0,0,0,,bow,,DECLARE / UTTERANCE / APPROACH
481,963-964,40.083,antinous,h,10.7,5,-4.8,-32.2,-54.4,-1.3,0,-1.7,6.5,1.7,12.1,1.4,-160.4,0,-149,0,0,0,0,0,,,,HOLD / FALL / IMPACT
482,965-966,40.167,odysseus-revealed,H,0,1.5,12.5,180,0,0,-0.1,0,-1.4,0,-2.5,-0.5,-34.4,0,-19.4,0,0,0,0,0,,bow,,DECLARE / UTTERANCE / APPROACH
482,965-966,40.167,antinous,h,10.7,5,-4.8,-32.2,-54.4,-1.3,0,-1.7,6.5,1.7,12.1,1.4,-160.4,0,-149,0,0,0,0,0,,,,HOLD / FALL / IMPACT
483,967-968,40.25,odysseus-revealed,H,0,1.5,12.5,180,0,0,-0.1,0,-1.4,0,-2.5,-0.5,-34.4,0,-19.3,0,0,0,0,0,,bow,,DECLARE / UTTERANCE / APPROACH
483,967-968,40.25,antinous,h,10.7,5,-4.8,-32.2,-54.4,-1.3,0,-1.7,6.5,1.7,12.1,1.4,-160.4,0,-149,0,0,0,0,0,,,,HOLD / FALL / IMPACT
484,969-970,40.333,odysseus-revealed,H,0,1.5,12.5,180,0,0,-0.1,0,-1.4,0,-2.5,-0.5,-34.4,0,-19.2,0,0,0,0,0,,bow,,DECLARE / UTTERANCE / APPROACH
484,969-970,40.333,antinous,h,10.7,5,-4.8,-32.2,-54.4,-1.3,0,-1.7,6.5,1.7,12.1,1.4,-160.4,0,-149,0,0,0,0,0,,,,HOLD / FALL / IMPACT
485,971-972,40.417,odysseus-revealed,H,0,1.5,12.5,180,0,0,-0.1,0,-1.4,0,-2.5,-0.5,-34.4,0,-19.1,0,0,0,0,0,,bow,,DECLARE / UTTERANCE / APPROACH
485,971-972,40.417,antinous,h,10.7,5,-4.8,-32.2,-54.4,-1.3,0,-1.7,6.5,1.7,12.1,1.4,-160.4,0,-149,0,0,0,0,0,,,,HOLD / FALL / IMPACT
486,973-974,40.5,odysseus-revealed,H,0,1.5,12.5,180,0,0,-0.1,0,-1.4,0,-2.5,-0.5,-34.4,0,-19,0,0,0,0,0,,bow,,DECLARE / UTTERANCE / APPROACH
486,973-974,40.5,antinous,h,10.7,5,-4.8,-32.2,-54.4,-1.3,0,-1.7,6.5,1.7,12.1,1.4,-160.4,0,-149,0,0,0,0,0,,,,HOLD / FALL / IMPACT
487,975-976,40.583,odysseus-revealed,H,0,1.5,12.5,180,0,0,-0.1,0,-1.4,0,-2.5,-0.5,-34.4,0,-19,0,0,0,0,0,,bow,,CHOP / DECLARE / UTTERANCE
487,975-976,40.583,antinous,h,10.7,5,-4.8,-32.2,-54.4,-1.3,0,-1.7,6.5,1.7,12.1,1.4,-160.4,0,-149,0,0,0,0,0,,,,HOLD / FALL / IMPACT
488,977-978,40.667,odysseus-revealed,A,0,1.5,12.5,180,0,0,-0.1,-1.2,-1.4,0,-2.5,1.4,-28.6,2.8,-18.9,0,-0.6,0,0,0,,bow,,CHOP / DECLARE / UTTERANCE
488,977-978,40.667,antinous,h,10.7,5,-4.8,-32.2,-54.4,-1.3,0,-1.7,6.5,1.7,12.1,1.4,-160.4,0,-149,0,0,0,0,0,,,,HOLD / FALL / IMPACT
489,979-980,40.75,odysseus-revealed,A,0,1.5,12.5,180,0,0,-0.1,-1.5,-1.4,0,-2.5,4.7,-26.6,4.1,-18.9,0,-2,0,0,0,,bow,,NOD / DECLARE / UTTERANCE
489,979-980,40.75,antinous,h,10.7,5,-4.8,-32.2,-54.4,-1.3,0,-1.7,6.5,1.7,12.1,1.4,-160.4,0,-149,0,0,0,0,0,,,,HOLD / FALL / IMPACT
490,981-982,40.833,odysseus-revealed,A,0,1.5,12.5,180,0,0,-0.1,3.6,-1.4,0,-2.5,5.5,-90.1,4.4,-18.9,0,-4.1,0,0,0,,bow,,NOD / DECLARE / UTTERANCE
490,981-982,40.833,antinous,h,10.7,5,-4.8,-32.2,-54.4,-1.3,0,-1.7,6.5,1.7,12.1,1.4,-160.4,0,-149,0,0,0,0,0,,,,HOLD / FALL / IMPACT
491,983-984,40.917,odysseus-revealed,A,0,1.5,12.5,180,0,0,-0.1,4.5,-1.4,0,-2.5,4.5,-100.9,4.3,-18.9,0,-6.3,0,0,0,,bow,,NOD / DECLARE / UTTERANCE
491,983-984,40.917,antinous,h,10.7,5,-4.8,-32.2,-54.4,-1.3,0,-1.7,6.5,1.7,12.1,1.4,-160.4,0,-149,0,0,0,0,0,,,,HOLD / FALL / IMPACT
492,985-986,41,odysseus-revealed,A,0,1.5,12.5,180,0,0,-0.1,4.1,-1.4,0,-2.5,2.7,-96.3,4.1,-18.9,0,-8.3,0,0,0,,bow,,NOD / DECLARE / UTTERANCE
492,985-986,41,antinous,h,10.7,5,-4.8,-32.2,-54.4,-1.3,0,-1.7,6.5,1.7,12.1,1.4,-160.4,0,-149,0,0,0,0,0,,,,HOLD / FALL / IMPACT
493,987-988,41.083,odysseus-revealed,A,0,1.5,12.5,180,0,0,-0.1,3.9,-1.4,0,-2.5,1.6,-89.8,4,-18.9,0,-9.7,0,0,0,,bow,,CHOP / DECLARE / UTTERANCE
493,987-988,41.083,antinous,h,10.7,5,-4.8,-32.2,-54.4,-1.3,0,-1.7,6.5,1.7,12.1,1.4,-160.4,0,-149,0,0,0,0,0,,,,HOLD / FALL / IMPACT
494,989-990,41.167,odysseus-revealed,A,0,1.5,12.5,180,0,0,-0.1,3.7,-1.4,0,-2.5,1.4,-70.5,3.8,-18.9,0,-10.3,0,0,0,,bow,,CHOP / DECLARE / UTTERANCE
494,989-990,41.167,antinous,h,10.7,5,-4.8,-32.2,-54.4,-1.3,0,-1.7,6.5,1.7,12.1,1.4,-160.4,0,-149,0,0,0,0,0,,,,HOLD / FALL / IMPACT
495,991-992,41.25,odysseus-revealed,H,0,1.5,12.5,180,0,0,-0.1,3.5,-1.4,0,-2.5,1.2,-70,3.6,-18.9,0,-10,0,0,0,,bow,,CHOP / DECLARE / UTTERANCE
495,991-992,41.25,antinous,h,10.7,5,-4.8,-32.2,-54.4,-1.3,0,-1.7,6.5,1.7,12.1,1.4,-160.4,0,-149,0,0,0,0,0,,,,HOLD / FALL / IMPACT
496,993-994,41.333,odysseus-revealed,H,0,1.5,12.5,180,0,0,-0.1,3.3,-1.4,0,-2.5,0.9,-69.4,3.4,-19,0,-9.2,0,0,0,,bow,,CHOP / DECLARE / UTTERANCE
496,993-994,41.333,antinous,h,10.7,5,-4.8,-32.2,-54.4,-1.3,0,-1.7,6.5,1.7,12.1,1.4,-160.4,0,-149,0,0,0,0,0,,,,HOLD / FALL / IMPACT
497,995-996,41.417,odysseus-revealed,H,0,1.5,12.5,180,0,0,-0.1,3.1,-1.4,0,-2.5,0.7,-68.9,3.3,-19,0,-8.1,0,0,0,,bow,,CHOP / DECLARE / UTTERANCE
497,995-996,41.417,antinous,h,10.7,5,-4.8,-32.2,-54.4,-1.3,0,-1.7,6.5,1.7,12.1,1.4,-160.4,0,-149,0,0,0,0,0,,,,HOLD / FALL / IMPACT
498,997-998,41.5,odysseus-revealed,H,0,1.5,12.5,180,0,0,-0.1,2.9,-1.4,0,-2.5,0.4,-68.4,3.1,-19.1,0,-6.7,0,0,0,,bow,,CHOP / DECLARE / UTTERANCE
498,997-998,41.5,antinous,h,10.7,5,-4.8,-32.2,-54.4,-1.3,0,-1.7,6.5,1.7,12.1,1.4,-160.4,0,-149,0,0,0,0,0,,,,HOLD / FALL / IMPACT
499,999-1000,41.583,odysseus-revealed,H,0,1.5,12.5,180,0,0,-0.1,2.7,-1.4,0,-2.5,0.2,-65.9,2.9,-19.1,0,-5.2,0,0,0,,bow,,CHOP / DECLARE / UTTERANCE
499,999-1000,41.583,antinous,h,10.7,5,-4.8,-32.2,-54.4,-1.3,0,-1.7,6.5,1.7,12.1,1.4,-160.4,0,-149,0,0,0,0,0,,,,HOLD / FALL / IMPACT
500,1001-1002,41.667,odysseus-revealed,A,0,1.5,12.5,180,0,0,-0.1,2.1,-1.4,0,-2.5,0,-59.6,2.3,-19.2,0,-3.6,0,0,0,,bow,,CHOP / DECLARE / UTTERANCE
500,1001-1002,41.667,antinous,h,10.7,5,-4.8,-32.2,-54.4,-1.3,0,-1.7,6.5,1.7,12.1,1.4,-160.4,0,-149,0,0,0,0,0,,,,HOLD / FALL / IMPACT
501,1003-1004,41.75,odysseus-revealed,A,0,1.5,12.5,180,0,0,-0.1,1.4,-1.4,0,-2.5,-0.2,-51.4,1.5,-19.3,0,-2.2,0,0,0,,bow,,CHOP / DECLARE / UTTERANCE
501,1003-1004,41.75,antinous,h,10.7,5,-4.8,-32.2,-54.4,-1.3,0,-1.7,6.5,1.7,12.1,1.4,-160.4,0,-149,0,0,0,0,0,,,,HOLD / FALL / IMPACT
502,1005-1006,41.833,odysseus-revealed,A,0,1.5,12.5,180,0,0,-0.1,0.7,-1.4,0,-2.5,-0.4,-43.2,0.8,-19.4,0,-1.1,0,0,0,,bow,,CHOP / DECLARE / UTTERANCE
502,1005-1006,41.833,antinous,h,10.7,5,-4.8,-32.2,-54.4,-1.3,0,-1.7,6.5,1.7,12.1,1.4,-160.4,0,-149,0,0,0,0,0,,,,HOLD / FALL / IMPACT
503,1007-1008,41.917,odysseus-revealed,A,0,1.5,12.5,180,0,0,-0.1,0.2,-1.4,0,-2.5,-0.5,-36.9,0.2,-19.5,0,-0.3,0,0,0,,bow,,CHOP / DECLARE / UTTERANCE
503,1007-1008,41.917,antinous,h,10.7,5,-4.8,-32.2,-54.4,-1.3,0,-1.7,6.5,1.7,12.1,1.4,-160.4,0,-149,0,0,0,0,0,,,,HOLD / FALL / IMPACT
504,1009-1010,42,odysseus-revealed,H,0,1.5,12.5,180,0,0,-0.1,0,-1.4,0,-2.5,-0.5,-34.4,0,-19.6,0,0,0,0,0,,bow,,CHOP / DECLARE / UTTERANCE
504,1009-1010,42,antinous,h,10.7,5,-4.8,-32.2,-54.4,-1.3,0,-1.7,6.5,1.7,12.1,1.4,-160.4,0,-149,0,0,0,0,0,,,,HOLD / FALL / IMPACT
505,1011-1012,42.083,odysseus-revealed,H,0,1.5,12.5,180,0,0,-0.1,0,-1.4,0,-2.5,-0.5,-34.4,0,-19.7,0,0,0,0,0,,bow,,DECLARE / UTTERANCE / APPROACH
505,1011-1012,42.083,antinous,h,10.7,5,-4.8,-32.2,-54.4,-1.3,0,-1.7,6.5,1.7,12.1,1.4,-160.4,0,-149,0,0,0,0,0,,,,HOLD / FALL / IMPACT
506,1013-1014,42.167,odysseus-revealed,H,0,1.5,12.5,180,0,0,-0.1,0,-1.4,0,-2.5,-0.5,-34.4,0,-19.8,0,0,0,0,0,,bow,,DECLARE / UTTERANCE / APPROACH
506,1013-1014,42.167,antinous,h,10.7,5,-4.8,-32.2,-54.4,-1.3,0,-1.7,6.5,1.7,12.1,1.4,-160.4,0,-149,0,0,0,0,0,,,,HOLD / FALL / IMPACT
507,1015-1016,42.25,odysseus-revealed,H,0,1.5,12.5,180,0,0,-0.1,0,-1.4,0,-2.5,-0.5,-34.4,0,-19.9,0,0,0,0,0,,bow,,DECLARE / UTTERANCE / APPROACH
507,1015-1016,42.25,antinous,h,10.7,5,-4.8,-32.2,-54.4,-1.3,0,-1.7,6.5,1.7,12.1,1.4,-160.4,0,-149,0,0,0,0,0,,,,HOLD / FALL / IMPACT
508,1017-1018,42.333,odysseus-revealed,H,0,1.5,12.5,180,0,0,-0.1,0,-1.4,0,-2.5,-0.5,-34.4,0,-20,0,0,0,0,0,,bow,,DECLARE / UTTERANCE / APPROACH
508,1017-1018,42.333,antinous,h,10.7,5,-4.8,-32.2,-54.4,-1.3,0,-1.7,6.5,1.7,12.1,1.4,-160.4,0,-149,0,0,0,0,0,,,,HOLD / FALL / IMPACT
509,1019-1020,42.417,odysseus-revealed,H,0,1.5,12.5,180,0,0,-0.1,0,-1.4,0,-2.5,-0.5,-34.4,0,-20.2,0,0,0,0,0,,bow,,DECLARE / UTTERANCE / APPROACH
509,1019-1020,42.417,antinous,h,10.7,5,-4.8,-32.2,-54.4,-1.3,0,-1.7,6.5,1.7,12.1,1.4,-160.4,0,-149,0,0,0,0,0,,,,HOLD / FALL / IMPACT
510,1021-1022,42.5,odysseus-revealed,H,0,1.5,12.5,180,0,0,-0.1,0,-1.4,0,-2.5,-0.5,-34.4,0,-20.3,0,0,0,0,0,,bow,,DECLARE / UTTERANCE / APPROACH
510,1021-1022,42.5,antinous,h,10.7,5,-4.8,-32.2,-54.4,-1.3,0,-1.7,6.5,1.7,12.1,1.4,-160.4,0,-149,0,0,0,0,0,,,,HOLD / FALL / IMPACT
511,1023-1024,42.583,odysseus-revealed,H,0,1.5,12.5,180,0,0,-0.1,0,-1.4,0,-2.5,-0.5,-34.4,0,-20.4,0,0,0,0,0,,bow,,DECLARE / UTTERANCE / APPROACH
511,1023-1024,42.583,antinous,h,10.7,5,-4.8,-32.2,-54.4,-1.3,0,-1.7,6.5,1.7,12.1,1.4,-160.4,0,-149,0,0,0,0,0,,,,HOLD / FALL / IMPACT
512,1025-1026,42.667,odysseus-revealed,H,0,1.5,12.5,180,0,0,-0.1,0,-1.4,0,-2.5,-0.5,-34.4,0,-20.6,0,0,0,0,0,,bow,,DECLARE / UTTERANCE / APPROACH
512,1025-1026,42.667,antinous,h,10.7,5,-4.8,-32.2,-54.4,-1.3,0,-1.7,6.5,1.7,12.1,1.4,-160.4,0,-149,0,0,0,0,0,,,,HOLD / FALL / IMPACT
513,1027-1028,42.75,odysseus-revealed,H,0,1.5,12.5,180,0,0,-0.1,0,-1.4,0,-2.5,-0.5,-34.4,0,-20.7,0,0,0,0,0,,bow,,DECLARE / UTTERANCE / APPROACH
513,1027-1028,42.75,antinous,h,10.7,5,-4.8,-32.2,-54.4,-1.3,0,-1.7,6.5,1.7,12.1,1.4,-160.4,0,-149,0,0,0,0,0,,,,HOLD / FALL / IMPACT
514,1029-1030,42.833,odysseus-revealed,H,0,1.5,12.5,180,0,0,-0.1,0,-1.4,0,-2.5,-0.5,-34.4,0,-20.9,0,0,0,0,0,,bow,,DECLARE / UTTERANCE / APPROACH
514,1029-1030,42.833,antinous,h,10.7,5,-4.8,-32.2,-54.4,-1.3,0,-1.7,6.5,1.7,12.1,1.4,-160.4,0,-149,0,0,0,0,0,,,,HOLD / FALL / IMPACT
515,1031-1032,42.917,odysseus-revealed,H,0,1.5,12.5,180,0,0,-0.1,0,-1.4,0,-2.5,-0.5,-34.4,0,-21,0,0,0,0,0,,bow,,DECLARE / UTTERANCE / APPROACH
515,1031-1032,42.917,antinous,h,10.7,5,-4.8,-32.2,-54.4,-1.3,0,-1.7,6.5,1.7,12.1,1.4,-160.4,0,-149,0,0,0,0,0,,,,HOLD / FALL / IMPACT
516,1033-1034,43,odysseus-revealed,H,0,1.5,12.5,180,0,0,-0.1,0,-1.4,0,-2.5,-0.5,-34.4,0,-21.2,0,0,0,0,0,,bow,,DECLARE / UTTERANCE / APPROACH
516,1033-1034,43,antinous,h,10.7,5,-4.8,-32.2,-54.4,-1.3,0,-1.7,6.5,1.7,12.1,1.4,-160.4,0,-149,0,0,0,0,0,,,,HOLD / FALL / IMPACT
517,1035-1036,43.083,odysseus-revealed,H,0,1.5,12.5,180,0,0,-0.1,0,-1.4,0,-2.5,-0.5,-34.4,0,-21.3,0,0,0,0,0,,bow,,DECLARE / UTTERANCE / APPROACH
517,1035-1036,43.083,antinous,h,10.7,5,-4.8,-32.2,-54.4,-1.3,0,-1.7,6.5,1.7,12.1,1.4,-160.4,0,-149,0,0,0,0,0,,,,HOLD / FALL / IMPACT
518,1037-1038,43.167,odysseus-revealed,H,0,1.5,12.5,180,0,0,-0.1,0,-1.4,0,-2.5,-0.5,-34.4,0,-21.5,0,0,0,0,0,,bow,,DECLARE / UTTERANCE / APPROACH
518,1037-1038,43.167,antinous,h,10.7,5,-4.8,-32.2,-54.4,-1.3,0,-1.7,6.5,1.7,12.1,1.4,-160.4,0,-149,0,0,0,0,0,,,,HOLD / FALL / IMPACT
519,1039-1040,43.25,odysseus-revealed,H,0,1.5,12.5,180,0,0,-0.1,0,-1.4,0,-2.5,-0.5,-34.4,0,-21.7,0,0,0,0,0,,bow,,DECLARE / UTTERANCE / APPROACH
519,1039-1040,43.25,antinous,h,10.7,5,-4.8,-32.2,-54.4,-1.3,0,-1.7,6.5,1.7,12.1,1.4,-160.4,0,-149,0,0,0,0,0,,,,HOLD / FALL / IMPACT
520,1041-1042,43.333,odysseus-revealed,H,0,1.5,12.5,180,0,0,-0.1,0,-1.4,0,-2.5,-0.5,-34.4,0,-21.8,0,0,0,0,0,,bow,,DECLARE / UTTERANCE / APPROACH
520,1041-1042,43.333,antinous,h,10.7,5,-4.8,-32.2,-54.4,-1.3,0,-1.7,6.5,1.7,12.1,1.4,-160.4,0,-149,0,0,0,0,0,,,,HOLD / FALL / IMPACT
521,1043-1044,43.417,odysseus-revealed,H,0,1.5,12.5,180,0,0,-0.1,0,-1.4,0,-2.5,-0.5,-34.4,0,-22,0,0,0,0,0,,bow,,DECLARE / UTTERANCE / APPROACH
521,1043-1044,43.417,antinous,h,10.7,5,-4.8,-32.2,-54.4,-1.3,0,-1.7,6.5,1.7,12.1,1.4,-160.4,0,-149,0,0,0,0,0,,,,HOLD / FALL / IMPACT
522,1045-1046,43.5,odysseus-revealed,H,0,1.5,12.5,180,0,0,-0.1,0,-1.4,0,-2.5,-0.5,-34.4,0,-22.2,0,0,0,0,0,,bow,,DECLARE / UTTERANCE / APPROACH
522,1045-1046,43.5,antinous,h,10.7,5,-4.8,-32.2,-54.4,-1.3,0,-1.7,6.5,1.7,12.1,1.4,-160.4,0,-149,0,0,0,0,0,,,,HOLD / FALL / IMPACT
523,1047-1048,43.583,odysseus-revealed,H,0,1.5,12.5,180,0,0,-0.1,0,-1.4,0,-2.5,-0.5,-34.4,0,-22.4,0,0,0,0,0,,bow,,DECLARE / UTTERANCE / APPROACH
523,1047-1048,43.583,antinous,h,10.7,5,-4.8,-32.2,-54.4,-1.3,0,-1.7,6.5,1.7,12.1,1.4,-160.4,0,-149,0,0,0,0,0,,,,HOLD / FALL / IMPACT
524,1049-1050,43.667,odysseus-revealed,H,0,1.5,12.5,180,0,0,-0.1,0,-1.4,0,-2.5,-0.5,-34.4,0,-22.5,0,0,0,0,0,,bow,,DECLARE / UTTERANCE / APPROACH
524,1049-1050,43.667,antinous,h,10.7,5,-4.8,-32.2,-54.4,-1.3,0,-1.7,6.5,1.7,12.1,1.4,-160.4,0,-149,0,0,0,0,0,,,,HOLD / FALL / IMPACT
525,1051-1052,43.75,odysseus-revealed,H,0,1.5,12.5,180,0,0,-0.1,0,-1.4,0,-2.5,-0.5,-34.4,0,-22.7,0,0,0,0,0,,bow,,DECLARE / UTTERANCE / APPROACH
525,1051-1052,43.75,antinous,h,10.7,5,-4.8,-32.2,-54.4,-1.3,0,-1.7,6.5,1.7,12.1,1.4,-160.4,0,-149,0,0,0,0,0,,,,HOLD / FALL / IMPACT
526,1053-1054,43.833,odysseus-revealed,H,0,1.5,12.5,180,0,0,-0.1,0,-1.4,0,-2.5,-0.5,-34.4,0,-22.9,0,0,0,0,0,,bow,,DECLARE / UTTERANCE / APPROACH
526,1053-1054,43.833,antinous,h,10.7,5,-4.8,-32.2,-54.4,-1.3,0,-1.7,6.5,1.7,12.1,1.4,-160.4,0,-149,0,0,0,0,0,,,,HOLD / FALL / IMPACT
527,1055-1056,43.917,odysseus-revealed,H,0,1.5,12.5,180,0,0,-0.1,0,-1.4,0,-2.5,-0.5,-34.4,0,-23.1,0,0,0,0,0,,bow,,DECLARE / UTTERANCE / APPROACH
527,1055-1056,43.917,antinous,h,10.7,5,-4.8,-32.2,-54.4,-1.3,0,-1.7,6.5,1.7,12.1,1.4,-160.4,0,-149,0,0,0,0,0,,,,HOLD / FALL / IMPACT
528,1057-1058,44,odysseus-revealed,H,0,1.5,12.5,180,0,0,-0.1,0,-1.4,0,-2.5,-0.5,-34.4,0,-23.3,0,0,0,0,0,,bow,,DECLARE / UTTERANCE / APPROACH
528,1057-1058,44,antinous,h,10.7,5,-4.8,-32.2,-54.4,-1.3,0,-1.7,6.5,1.7,12.1,1.4,-160.4,0,-149,0,0,0,0,0,,,,HOLD / FALL / IMPACT
529,1059-1060,44.083,odysseus-revealed,H,0,1.5,12.5,180,0,0,-0.1,0,-1.4,0,-2.5,-0.5,-34.4,0,-23.4,0,0,0,0,0,,bow,,DECLARE / UTTERANCE / APPROACH
529,1059-1060,44.083,antinous,h,10.7,5,-4.8,-32.2,-54.4,-1.3,0,-1.7,6.5,1.7,12.1,1.4,-160.4,0,-149,0,0,0,0,0,,,,HOLD / FALL / IMPACT
530,1061-1062,44.167,odysseus-revealed,H,0,1.5,12.5,180,0,0,-0.1,0,-1.4,0,-2.5,-0.5,-34.4,0,-23.6,0,0,0,0,0,,bow,,DECLARE / UTTERANCE / APPROACH
530,1061-1062,44.167,antinous,h,10.7,5,-4.8,-32.2,-54.4,-1.3,0,-1.7,6.5,1.7,12.1,1.4,-160.4,0,-149,0,0,0,0,0,,,,HOLD / FALL / IMPACT
531,1063-1064,44.25,odysseus-revealed,A,0,1.5,12.5,180,0,0,-0.1,-1.2,-1.4,0,-2.5,3.7,-28.6,3.6,-23.8,0,0,0,0,0,,bow,,FIST / DECLARE / UTTERANCE
531,1063-1064,44.25,antinous,h,10.7,5,-4.8,-32.2,-54.4,-1.3,0,-1.7,6.5,1.7,12.1,1.4,-160.4,0,-149,0,0,0,0,0,,,,HOLD / FALL / IMPACT
532,1065-1066,44.333,odysseus-revealed,A,0,1.5,12.5,180,0,0,-0.1,-1.5,-1.4,0,-2.5,6.2,-26.6,5.6,-24,0,0,0,0,0,,bow,,FIST / DECLARE / UTTERANCE
532,1065-1066,44.333,antinous,h,10.7,5,-4.8,-32.2,-54.4,-1.3,0,-1.7,6.5,1.7,12.1,1.4,-160.4,0,-149,0,0,0,0,0,,,,HOLD / FALL / IMPACT
533,1067-1068,44.417,odysseus-revealed,A,0,1.5,12.5,180,0,0,-0.1,5.2,-1.4,0,-2.5,7.1,-64.6,6.5,-24.2,0,0,0,0,0,,bow,,FIST / DECLARE / UTTERANCE
533,1067-1068,44.417,antinous,h,10.7,5,-4.8,-32.2,-54.4,-1.3,0,-1.7,6.5,1.7,12.1,1.4,-160.4,0,-149,0,0,0,0,0,,,,HOLD / FALL / IMPACT
534,1069-1070,44.5,odysseus-revealed,A,0,1.5,12.5,180,0,0,-0.1,7.7,-1.4,0,-2.5,6.1,-78.1,6.6,-24.3,0,0,0,0,0,,bow,,FIST / DECLARE / UTTERANCE
534,1069-1070,44.5,antinous,h,10.7,5,-4.8,-32.2,-54.4,-1.3,0,-1.7,6.5,1.7,12.1,1.4,-160.4,0,-149,0,0,0,0,0,,,,HOLD / FALL / IMPACT
535,1071-1072,44.583,odysseus-revealed,H,0,1.5,12.5,180,0,0,-0.1,7.7,-1.4,0,-2.5,4.3,-78.1,6.4,-24.5,0,0,0,0,0,,bow,,FIST / DECLARE / UTTERANCE
535,1071-1072,44.583,antinous,h,10.7,5,-4.8,-32.2,-54.4,-1.3,0,-1.7,6.5,1.7,12.1,1.4,-160.4,0,-149,0,0,0,0,0,,,,HOLD / FALL / IMPACT
536,1073-1074,44.667,odysseus-revealed,H,0,1.5,12.5,180,0,0,-0.1,7.2,-1.4,0,-2.5,3.1,-75.6,6.2,-24.7,0,0,0,0,0,,bow,,FIST / DECLARE / UTTERANCE
536,1073-1074,44.667,antinous,h,10.7,5,-4.8,-32.2,-54.4,-1.3,0,-1.7,6.5,1.7,12.1,1.4,-160.4,0,-149,0,0,0,0,0,,,,HOLD / FALL / IMPACT
537,1075-1076,44.75,odysseus-revealed,H,0,1.5,12.5,180,0,0,-0.1,6.8,-1.4,0,-2.5,2.8,-74,5.9,-24.8,0,0,0,0,0,,bow,,FIST / DECLARE / UTTERANCE
537,1075-1076,44.75,antinous,h,10.7,5,-4.8,-32.2,-54.4,-1.3,0,-1.7,6.5,1.7,12.1,1.4,-160.4,0,-149,0,0,0,0,0,,,,HOLD / FALL / IMPACT
538,1077-1078,44.833,odysseus-revealed,H,0,1.5,12.5,180,0,0,-0.1,6.4,-1.4,0,-2.5,2.4,-72.3,5.6,-25,0,0,0,0,0,,bow,,FIST / DECLARE / UTTERANCE
538,1077-1078,44.833,antinous,h,10.7,5,-4.8,-32.2,-54.4,-1.3,0,-1.7,6.5,1.7,12.1,1.4,-160.4,0,-149,0,0,0,0,0,,,,HOLD / FALL / IMPACT
539,1079-1080,44.917,odysseus-revealed,H,0,1.5,12.5,180,0,0,-0.1,5.9,-1.4,0,-2.5,2,-70.7,5.3,-25.2,0,0,0,0,0,,bow,,FIST / DECLARE / UTTERANCE
539,1079-1080,44.917,antinous,h,10.7,5,-4.8,-32.2,-54.4,-1.3,0,-1.7,6.5,1.7,12.1,1.4,-160.4,0,-149,0,0,0,0,0,,,,HOLD / FALL / IMPACT
540,1081-1082,45,odysseus-revealed,H,0,1.5,12.5,180,0,0,-0.1,5.5,-1.4,0,-2.5,1.6,-69,5,-25.3,0,0,0,0,0,,bow,,FIST / DECLARE / UTTERANCE
540,1081-1082,45,antinous,h,10.7,5,-4.8,-32.2,-54.4,-1.3,0,-1.7,6.5,1.7,12.1,1.4,-160.4,0,-149,0,0,0,0,0,,,,HOLD / FALL / IMPACT
541,1083-1084,45.083,odysseus-revealed,H,0,1.5,12.5,180,0,0,-0.1,5.1,-1.4,0,-2.5,1.1,-67.4,4.6,-25.5,0,0,0,0,0,,bow,,FIST / DECLARE / UTTERANCE
541,1083-1084,45.083,antinous,h,10.7,5,-4.8,-32.2,-54.4,-1.3,0,-1.7,6.5,1.7,12.1,1.4,-160.4,0,-149,0,0,0,0,0,,,,HOLD / FALL / IMPACT
542,1085-1086,45.167,odysseus-revealed,H,0,1.5,12.5,180,0,0,-0.1,4.7,-1.4,0,-2.5,0.7,-64.9,4.3,-25.6,0,0,0,0,0,,bow,,FIST / DECLARE / UTTERANCE
542,1085-1086,45.167,antinous,h,10.7,5,-4.8,-32.2,-54.4,-1.3,0,-1.7,6.5,1.7,12.1,1.4,-160.4,0,-149,0,0,0,0,0,,,,HOLD / FALL / IMPACT
543,1087-1088,45.25,odysseus-revealed,A,0,1.5,12.5,180,0,0,-0.1,3.7,-1.4,0,-2.5,0.3,-58.8,3.4,-25.8,0,0,0,0,0,,bow,,FIST / DECLARE / UTTERANCE
543,1087-1088,45.25,antinous,h,10.7,5,-4.8,-32.2,-54.4,-1.3,0,-1.7,6.5,1.7,12.1,1.4,-160.4,0,-149,0,0,0,0,0,,,,HOLD / FALL / IMPACT
544,1089-1090,45.333,odysseus-revealed,A,0,1.5,12.5,180,0,0,-0.1,2.5,-1.4,0,-2.5,0,-50.9,2.3,-25.9,0,0,0,0,0,,bow,,FIST / DECLARE / UTTERANCE
544,1089-1090,45.333,antinous,h,10.7,5,-4.8,-32.2,-54.4,-1.3,0,-1.7,6.5,1.7,12.1,1.4,-160.4,0,-149,0,0,0,0,0,,,,HOLD / FALL / IMPACT
545,1091-1092,45.417,odysseus-revealed,A,0,1.5,12.5,180,0,0,-0.1,1.3,-1.4,0,-2.5,-0.3,-42.9,1.2,-26,0,0,0,0,0,,bow,,FIST / DECLARE / UTTERANCE
545,1091-1092,45.417,antinous,h,10.7,5,-4.8,-32.2,-54.4,-1.3,0,-1.7,6.5,1.7,12.1,1.4,-160.4,0,-149,0,0,0,0,0,,,,HOLD / FALL / IMPACT
546,1093-1094,45.5,odysseus-revealed,A,0,1.5,12.5,180,0,0,-0.1,0.4,-1.4,0,-2.5,-0.4,-36.8,0.3,-26.2,0,0,0,0,0,,bow,,FIST / DECLARE / UTTERANCE
546,1093-1094,45.5,antinous,h,10.7,5,-4.8,-32.2,-54.4,-1.3,0,-1.7,6.5,1.7,12.1,1.4,-160.4,0,-149,0,0,0,0,0,,,,HOLD / FALL / IMPACT
547,1095-1096,45.583,odysseus-revealed,H,0,1.5,12.5,180,0,0,-0.1,0,-1.4,0,-2.5,-0.5,-34.4,0,-26.3,0,0,0,0,0,,bow,,DECLARE / UTTERANCE / APPROACH
547,1095-1096,45.583,antinous,h,10.7,5,-4.8,-32.2,-54.4,-1.3,0,-1.7,6.5,1.7,12.1,1.4,-160.4,0,-149,0,0,0,0,0,,,,HOLD / FALL / IMPACT
548,1097-1098,45.667,odysseus-revealed,H,0,1.5,12.5,180,0,0,-0.1,0,-1.4,0,-2.5,-0.5,-34.4,0,-26.4,0,0,0,0,0,,bow,,DECLARE / UTTERANCE / APPROACH
548,1097-1098,45.667,antinous,h,10.7,5,-4.8,-32.2,-54.4,-1.3,0,-1.7,6.5,1.7,12.1,1.4,-160.4,0,-149,0,0,0,0,0,,,,HOLD / FALL / IMPACT
549,1099-1100,45.75,odysseus-revealed,H,0,1.5,12.5,180,0,0,-0.1,0,-1.4,0,-2.5,-0.5,-34.4,0,-26.5,0,0,0,0,0,,bow,,DECLARE / UTTERANCE / APPROACH
549,1099-1100,45.75,antinous,h,10.7,5,-4.8,-32.2,-54.4,-1.3,0,-1.7,6.5,1.7,12.1,1.4,-160.4,0,-149,0,0,0,0,0,,,,HOLD / FALL / IMPACT
550,1101-1102,45.833,odysseus-revealed,H,0,1.5,12.5,180,0,0,-0.1,0,-1.4,0,-2.5,-0.5,-34.4,0,-26.7,0,0,0,0,0,,bow,,DECLARE / UTTERANCE / APPROACH
550,1101-1102,45.833,antinous,h,10.7,5,-4.8,-32.2,-54.4,-1.3,0,-1.7,6.5,1.7,12.1,1.4,-160.4,0,-149,0,0,0,0,0,,,,HOLD / FALL / IMPACT
551,1103-1104,45.917,odysseus-revealed,H,0,1.5,12.5,180,0,0,-0.1,0,-1.4,0,-2.5,-0.5,-34.4,0,-26.8,0,0,0,0,0,,bow,,DECLARE / UTTERANCE / APPROACH
551,1103-1104,45.917,antinous,h,10.7,5,-4.8,-32.2,-54.4,-1.3,0,-1.7,6.5,1.7,12.1,1.4,-160.4,0,-149,0,0,0,0,0,,,,HOLD / FALL / IMPACT
552,1105-1106,46,odysseus-revealed,H,0,1.5,12.5,180,0,0,-0.1,0,-1.4,0,-2.5,-0.5,-34.4,0,-26.9,0,0,0,0,0,,bow,,DECLARE / UTTERANCE / APPROACH
552,1105-1106,46,antinous,h,10.7,5,-4.8,-32.2,-54.4,-1.3,0,-1.7,6.5,1.7,12.1,1.4,-160.4,0,-149,0,0,0,0,0,,,,HOLD / FALL / IMPACT
553,1107-1108,46.083,odysseus-revealed,H,0,1.5,12.5,180,0,0,-0.1,0,-1.4,0,-2.5,-0.5,-34.4,0,-27,0,0,0,0,0,,bow,,DECLARE / UTTERANCE / APPROACH
553,1107-1108,46.083,antinous,h,10.7,5,-4.8,-32.2,-54.4,-1.3,0,-1.7,6.5,1.7,12.1,1.4,-160.4,0,-149,0,0,0,0,0,,,,HOLD / FALL / IMPACT
554,1109-1110,46.167,odysseus-revealed,H,0,1.5,12.5,180,0,0,-0.1,0,-1.4,0,-2.5,-0.5,-34.4,0,-27,0,0,0,0,0,,bow,,DECLARE / UTTERANCE / APPROACH
554,1109-1110,46.167,antinous,h,10.7,5,-4.8,-32.2,-54.4,-1.3,0,-1.7,6.5,1.7,12.1,1.4,-160.4,0,-149,0,0,0,0,0,,,,HOLD / FALL / IMPACT
555,1111-1112,46.25,odysseus-revealed,H,0,1.5,12.5,180,0,0,-0.1,0,-1.4,0,-2.5,-0.5,-34.4,0,-27.1,0,0,0,0,0,,bow,,DECLARE / UTTERANCE / APPROACH
555,1111-1112,46.25,antinous,h,10.7,5,-4.8,-32.2,-54.4,-1.3,0,-1.7,6.5,1.7,12.1,1.4,-160.4,0,-149,0,0,0,0,0,,,,HOLD / FALL / IMPACT
556,1113-1114,46.333,odysseus-revealed,H,0,1.5,12.5,180,0,0,-0.1,0,-1.4,0,-2.5,-0.5,-34.4,0,-27.2,0,0,0,0,0,,bow,,NOD / DECLARE / UTTERANCE
556,1113-1114,46.333,antinous,h,10.7,5,-4.8,-32.2,-54.4,-1.3,0,-1.7,6.5,1.7,12.1,1.4,-160.4,0,-149,0,0,0,0,0,,,,HOLD / FALL / IMPACT
557,1115-1116,46.417,odysseus-revealed,A,0,1.5,12.5,180,0,0,-0.1,0,-1.4,0,-2.5,2.1,-34.4,0,-27.2,0,0,0,0,0,,bow,,NOD / DECLARE / UTTERANCE
557,1115-1116,46.417,antinous,h,10.7,5,-4.8,-32.2,-54.4,-1.3,0,-1.7,6.5,1.7,12.1,1.4,-160.4,0,-149,0,0,0,0,0,,,,HOLD / FALL / IMPACT
558,1117-1118,46.5,odysseus-revealed,H,0,1.5,12.5,180,0,0,-0.1,0,-1.4,0,-2.5,2.9,-34.4,0,-27.3,0,0,0,0,0,,bow,,NOD / DECLARE / UTTERANCE
558,1117-1118,46.5,antinous,h,10.7,5,-4.8,-32.2,-54.4,-1.3,0,-1.7,6.5,1.7,12.1,1.4,-160.4,0,-149,0,0,0,0,0,,,,HOLD / FALL / IMPACT
559,1119-1120,46.583,odysseus-revealed,H,0,1.5,12.5,180,0,0,-0.1,0,-1.4,0,-2.5,2.4,-34.4,0,-27.3,0,0,0,0,0,,bow,,POINT / DECLARE / UTTERANCE
559,1119-1120,46.583,antinous,h,10.7,5,-4.8,-32.2,-54.4,-1.3,0,-1.7,6.5,1.7,12.1,1.4,-160.4,0,-149,0,0,0,0,0,,,,HOLD / FALL / IMPACT
560,1121-1122,46.667,odysseus-revealed,A,0,1.5,12.5,180,0,0,-0.1,-1.2,-1.4,0,-2.5,-0.8,-28.6,1.5,-27.4,0,0,0,0,0,,bow,,POINT / DECLARE / UTTERANCE
560,1121-1122,46.667,antinous,h,10.7,5,-4.8,-32.2,-54.4,-1.3,0,-1.7,6.5,1.7,12.1,1.4,-160.4,0,-149,0,0,0,0,0,,,,HOLD / FALL / IMPACT
561,1123-1124,46.75,odysseus-revealed,A,0,1.5,12.5,180,0,0,-0.1,-1.5,-1.4,0,-2.5,-3.2,-26.6,2.3,-27.4,0,0,0,0,0,,bow,,POINT / DECLARE / UTTERANCE
561,1123-1124,46.75,antinous,h,10.7,5,-4.8,-32.2,-54.4,-1.3,0,-1.7,6.5,1.7,12.1,1.4,-160.4,0,-149,0,0,0,0,0,,,,HOLD / FALL / IMPACT
562,1125-1126,46.833,odysseus-revealed,A,0,1.5,12.5,180,0,0,-0.1,3.6,-1.4,0,-2.5,-4.1,-92.6,2.7,-27.4,0,0,0,0,0,,bow,,POINT / DECLARE / UTTERANCE
562,1125-1126,46.833,antinous,h,10.7,5,-4.8,-32.2,-54.4,-1.3,0,-1.7,6.5,1.7,12.1,1.4,-160.4,0,-149,0,0,0,0,0,,,,HOLD / FALL / IMPACT
563,1127-1128,46.917,odysseus-revealed,A,0,1.5,12.5,180,0,0,-0.1,5.5,-1.4,0,-2.5,-4,-116,2.8,-27.4,0,0,0,0,0,,bow,,POINT / DECLARE / UTTERANCE
563,1127-1128,46.917,antinous,h,10.7,5,-4.8,-32.2,-54.4,-1.3,0,-1.7,6.5,1.7,12.1,1.4,-160.4,0,-149,0,0,0,0,0,,,,HOLD / FALL / IMPACT
564,1129-1130,47,odysseus-revealed,A,0,1.5,12.5,180,0,0,-0.1,5.5,-1.4,0,-2.5,-3.9,-116,2.6,-27.4,0,0,0,0,0,,bow,,POINT / DECLARE / UTTERANCE
564,1129-1130,47,antinous,h,10.7,5,-4.8,-32.2,-54.4,-1.3,0,-1.7,6.5,1.7,12.1,1.4,-160.4,0,-149,0,0,0,0,0,,,,HOLD / FALL / IMPACT
565,1131-1132,47.083,odysseus-revealed,A,0,1.5,12.5,180,0,0,-0.1,5.2,-1.4,0,-2.5,-3.7,-111.7,2.6,-27.4,0,0,0,0,0,,bow,,POINT / DECLARE / UTTERANCE
565,1131-1132,47.083,antinous,h,10.7,5,-4.8,-32.2,-54.4,-1.3,0,-1.7,6.5,1.7,12.1,1.4,-160.4,0,-149,0,0,0,0,0,,,,HOLD / FALL / IMPACT
566,1133-1134,47.167,odysseus-revealed,A,0,1.5,12.5,180,0,0,-0.1,4.8,-1.4,0,-2.5,-3.4,-108.6,2.4,-27.4,0,0,0,0,0,,bow,,POINT / DECLARE / UTTERANCE
566,1133-1134,47.167,antinous,h,10.7,5,-4.8,-32.2,-54.4,-1.3,0,-1.7,6.5,1.7,12.1,1.4,-160.4,0,-149,0,0,0,0,0,,,,HOLD / FALL / IMPACT
567,1135-1136,47.25,odysseus-revealed,A,0,1.5,12.5,180,0,0,-0.1,4.5,-1.4,0,-2.5,-3.1,-105.5,2.3,-27.3,0,0,0,0,0,,bow,,POINT / DECLARE / UTTERANCE
567,1135-1136,47.25,antinous,h,10.7,5,-4.8,-32.2,-54.4,-1.3,0,-1.7,6.5,1.7,12.1,1.4,-160.4,0,-149,0,0,0,0,0,,,,HOLD / FALL / IMPACT
568,1137-1138,47.333,odysseus-revealed,A,0,1.5,12.5,180,0,0,-0.1,4.2,-1.4,0,-2.5,-2.7,-102.4,2.2,-27.3,0,0,0,0,0,,bow,,POINT / DECLARE / UTTERANCE
568,1137-1138,47.333,antinous,h,10.7,5,-4.8,-32.2,-54.4,-1.3,0,-1.7,6.5,1.7,12.1,1.4,-160.4,0,-149,0,0,0,0,0,,,,HOLD / FALL / IMPACT
569,1139-1140,47.417,odysseus-revealed,A,0,1.5,12.5,180,0,0,-0.1,3.9,-1.4,0,-2.5,-2.3,-99.4,2.1,-27.2,0,0,0,0,0,,bow,,POINT / DECLARE / UTTERANCE
569,1139-1140,47.417,antinous,h,10.7,5,-4.8,-32.2,-54.4,-1.3,0,-1.7,6.5,1.7,12.1,1.4,-160.4,0,-149,0,0,0,0,0,,,,HOLD / FALL / IMPACT
570,1141-1142,47.5,odysseus-revealed,A,0,1.5,12.5,180,0,0,-0.1,3.6,-1.4,0,-2.5,-1.9,-96.3,1.9,-27.2,0,0,0,0,0,,bow,,POINT / DECLARE / UTTERANCE
570,1141-1142,47.5,antinous,h,10.7,5,-4.8,-32.2,-54.4,-1.3,0,-1.7,6.5,1.7,12.1,1.4,-160.4,0,-149,0,0,0,0,0,,,,HOLD / FALL / IMPACT
571,1143-1144,47.583,odysseus-revealed,A,0,1.5,12.5,180,0,0,-0.1,3.3,-1.4,0,-2.5,-1.5,-91.7,1.8,-27.1,0,0,0,0,0,,bow,,POINT / DECLARE / UTTERANCE
571,1143-1144,47.583,antinous,h,10.7,5,-4.8,-32.2,-54.4,-1.3,0,-1.7,6.5,1.7,12.1,1.4,-160.4,0,-149,0,0,0,0,0,,,,HOLD / FALL / IMPACT
572,1145-1146,47.667,odysseus-revealed,A,0,1.5,12.5,180,0,0,-0.1,2.7,-1.4,0,-2.5,-1.2,-80.2,1.4,-27,0,0,0,0,0,,bow,,POINT / DECLARE / UTTERANCE
572,1145-1146,47.667,antinous,h,10.7,5,-4.8,-32.2,-54.4,-1.3,0,-1.7,6.5,1.7,12.1,1.4,-160.4,0,-149,0,0,0,0,0,,,,HOLD / FALL / IMPACT
573,1147-1148,47.75,odysseus-revealed,A,0,1.5,12.5,180,0,0,-0.1,1.8,-1.4,0,-2.5,-0.9,-65.3,1,-26.9,0,0,0,0,0,,bow,,POINT / DECLARE / UTTERANCE
573,1147-1148,47.75,antinous,h,10.7,5,-4.8,-32.2,-54.4,-1.3,0,-1.7,6.5,1.7,12.1,1.4,-160.4,0,-149,0,0,0,0,0,,,,HOLD / FALL / IMPACT
574,1149-1150,47.833,odysseus-revealed,A,0,1.5,12.5,180,0,0,-0.1,0.9,-1.4,0,-2.5,-0.7,-50.4,0.5,-26.8,0,0,0,0,0,,bow,,POINT / DECLARE / UTTERANCE
574,1149-1150,47.833,antinous,h,10.7,5,-4.8,-32.2,-54.4,-1.3,0,-1.7,6.5,1.7,12.1,1.4,-160.4,0,-149,0,0,0,0,0,,,,HOLD / FALL / IMPACT
575,1151-1152,47.917,odysseus-revealed,A,0,1.5,12.5,180,0,0,-0.1,0.3,-1.4,0,-2.5,-0.5,-39,0.1,-26.6,0,0,0,0,0,,bow,,POINT / DECLARE / UTTERANCE
575,1151-1152,47.917,antinous,h,10.7,5,-4.8,-32.2,-54.4,-1.3,0,-1.7,6.5,1.7,12.1,1.4,-160.4,0,-149,0,0,0,0,0,,,,HOLD / FALL / IMPACT
576,1153-1154,48,odysseus-revealed,A,0,1.5,12.5,180,0,0,-0.1,0,-1.4,0,-2.5,-0.5,-34.4,0,-26.5,0,0,0,0,0,,bow,,POINT / DECLARE / UTTERANCE
576,1153-1154,48,antinous,h,10.7,5,-4.8,-32.2,-54.4,-1.3,0,-1.7,6.5,1.7,12.1,1.4,-160.4,0,-149,0,0,0,0,0,,,,HOLD / FALL / IMPACT
577,1155-1156,48.083,odysseus-revealed,H,0,1.5,12.5,180,0,0,-0.1,0,-1.4,0,-2.5,-0.5,-34.4,0,-26.3,0,0,0,0,0,,bow,,DECLARE / UTTERANCE / APPROACH
577,1155-1156,48.083,antinous,h,10.7,5,-4.8,-32.2,-54.4,-1.3,0,-1.7,6.5,1.7,12.1,1.4,-160.4,0,-149,0,0,0,0,0,,,,HOLD / FALL / IMPACT
578,1157-1158,48.167,odysseus-revealed,H,0,1.5,12.5,180,0,0,-0.1,0,-1.4,0,-2.5,-0.5,-34.4,0,-26.2,0,0,0,0,0,,bow,,DECLARE / UTTERANCE / APPROACH
578,1157-1158,48.167,antinous,h,10.7,5,-4.8,-32.2,-54.4,-1.3,0,-1.7,6.5,1.7,12.1,1.4,-160.4,0,-149,0,0,0,0,0,,,,HOLD / FALL / IMPACT
579,1159-1160,48.25,odysseus-revealed,H,0,1.5,12.5,180,0,0,-0.1,0,-1.4,0,-2.5,-0.5,-34.4,0,-26,0,0,0,0,0,,bow,,DECLARE / UTTERANCE / APPROACH
579,1159-1160,48.25,antinous,h,10.7,5,-4.8,-32.2,-54.4,-1.3,0,-1.7,6.5,1.7,12.1,1.4,-160.4,0,-149,0,0,0,0,0,,,,HOLD / FALL / IMPACT
580,1161-1162,48.333,odysseus-revealed,H,0,1.5,12.5,180,0,0,-0.1,0,-1.4,0,-2.5,-0.5,-34.4,0,-25.8,0,0,0,0,0,,bow,,DECLARE / UTTERANCE / APPROACH
580,1161-1162,48.333,antinous,h,10.7,5,-4.8,-32.2,-54.4,-1.3,0,-1.7,6.5,1.7,12.1,1.4,-160.4,0,-149,0,0,0,0,0,,,,HOLD / FALL / IMPACT
581,1163-1164,48.417,odysseus-revealed,A,0,1.5,12.5,180,0,0,-0.1,0,-1.4,0,-2.5,-0.5,-34.4,0,-19.6,0,0,0,0,0,,bow,,DECLARE / UTTERANCE / APPROACH
581,1163-1164,48.417,antinous,h,10.7,5,-4.8,-32.2,-54.4,-1.3,0,-1.7,6.5,1.7,12.1,1.4,-160.4,0,-149,0,0,0,0,0,,,,HOLD / FALL / IMPACT
582,1165-1166,48.5,odysseus-revealed,A,0,1.5,12.5,180,0,0,-0.1,0,-1.4,0,-2.5,-0.5,-34.4,0,-7.8,0,0,0,0,0,,bow,,DECLARE / UTTERANCE / APPROACH
582,1165-1166,48.5,antinous,h,10.7,5,-4.8,-32.2,-54.4,-1.3,0,-1.7,6.5,1.7,12.1,1.4,-160.4,0,-149,0,0,0,0,0,,,,HOLD / FALL / IMPACT
583,1167-1168,48.583,odysseus-revealed,A,0,1.5,12.5,180,0,0,-0.1,0,-1.4,0,-2.5,-0.5,-34.4,0,0,0,0,0,0,0,,bow,,DECLARE / UTTERANCE / APPROACH
583,1167-1168,48.583,antinous,h,10.7,5,-4.8,-32.2,-54.4,-1.3,0,-1.7,6.5,1.7,12.1,1.4,-160.4,0,-149,0,0,0,0,0,,,,HOLD / FALL / IMPACT
584,1169-1170,48.667,odysseus-revealed,H,0,1.5,12.5,180,0,0,-0.1,0,-1.4,0,-2.5,-0.5,-34.4,0,2.2,0,0,0,0,0,,bow,,DECLARE / UTTERANCE / APPROACH
584,1169-1170,48.667,antinous,h,10.7,5,-4.8,-32.2,-54.4,-1.3,0,-1.7,6.5,1.7,12.1,1.4,-160.4,0,-149,0,0,0,0,0,,,,HOLD / FALL / IMPACT
585,1171-1172,48.75,odysseus-revealed,H,0,1.5,12.5,180,0,0,-0.1,0,-1.4,0,-2.5,-0.5,-34.4,0,3.7,0,0,0,0,0,,bow,,DECLARE / UTTERANCE / APPROACH
585,1171-1172,48.75,antinous,h,10.7,5,-4.8,-32.2,-54.4,-1.3,0,-1.7,6.5,1.7,12.1,1.4,-160.4,0,-149,0,0,0,0,0,,,,HOLD / FALL / IMPACT
586,1173-1174,48.833,odysseus-revealed,H,0,1.5,12.5,180,0,0,-0.1,0,-1.4,0,-2.5,-0.5,-34.4,0,4.4,0,0,0,0,0,,bow,,DECLARE / UTTERANCE / APPROACH
586,1173-1174,48.833,antinous,h,10.7,5,-4.8,-32.2,-54.4,-1.3,0,-1.7,6.5,1.7,12.1,1.4,-160.4,0,-149,0,0,0,0,0,,,,HOLD / FALL / IMPACT
587,1175-1176,48.917,odysseus-revealed,H,0,1.5,12.5,180,0,0,-0.1,0,-1.4,0,-2.5,-0.5,-34.4,0,4.4,0,0,0,0,0,,bow,,DECLARE / UTTERANCE / APPROACH
587,1175-1176,48.917,antinous,h,10.7,5,-4.8,-32.2,-54.4,-1.3,0,-1.7,6.5,1.7,12.1,1.4,-160.4,0,-149,0,0,0,0,0,,,,HOLD / FALL / IMPACT
588,1177-1178,49,odysseus-revealed,H,0,1.5,12.5,180,0,0,-0.1,0,-1.4,0,-2.5,-0.5,-34.4,0,3.7,0,0,0,0,0,,bow,,DECLARE / UTTERANCE / APPROACH
588,1177-1178,49,antinous,h,10.7,5,-4.8,-32.2,-54.4,-1.3,0,-1.7,6.5,1.7,12.1,1.4,-160.4,0,-149,0,0,0,0,0,,,,HOLD / FALL / IMPACT
589,1179-1180,49.083,odysseus-revealed,H,0,1.5,12.5,180,0,0,-0.1,0,-1.4,0,-2.5,-0.5,-34.4,0,2.2,0,0,0,0,0,,bow,,DECLARE / UTTERANCE / APPROACH
589,1179-1180,49.083,antinous,h,10.7,5,-4.8,-32.2,-54.4,-1.3,0,-1.7,6.5,1.7,12.1,1.4,-160.4,0,-149,0,0,0,0,0,,,,HOLD / FALL / IMPACT
590,1181-1182,49.167,odysseus-revealed,H,0,1.5,12.5,180,0,0,-0.1,0,-1.4,0,-2.5,-0.5,-34.4,0,0,0,0,0,0,0,,bow,,DECLARE / UTTERANCE / APPROACH
590,1181-1182,49.167,antinous,h,10.7,5,-4.8,-32.2,-54.4,-1.3,0,-1.7,6.5,1.7,12.1,1.4,-160.4,0,-149,0,0,0,0,0,,,,HOLD / FALL / IMPACT
591,1183-1184,49.25,odysseus-revealed,A,0,1.5,12.5,180,0,0,-0.1,0,-1.4,0,-2.5,-0.5,-34.4,0,-7.6,0,0,0,0,0,,bow,,DECLARE / UTTERANCE / APPROACH
591,1183-1184,49.25,antinous,h,10.7,5,-4.8,-32.2,-54.4,-1.3,0,-1.7,6.5,1.7,12.1,1.4,-160.4,0,-149,0,0,0,0,0,,,,HOLD / FALL / IMPACT
592,1185-1186,49.333,odysseus-revealed,A,0,1.5,12.5,180,0,0,-0.1,0,-1.4,0,-2.5,-0.5,-34.4,0,-19.2,0,0,0,0,0,,bow,,DECLARE / UTTERANCE / APPROACH
592,1185-1186,49.333,antinous,h,10.7,5,-4.8,-32.2,-54.4,-1.3,0,-1.7,6.5,1.7,12.1,1.4,-160.4,0,-149,0,0,0,0,0,,,,HOLD / FALL / IMPACT
593,1187-1188,49.417,odysseus-revealed,A,0,1.5,12.5,180,0,0,-0.1,0,-1.4,0,-2.5,-0.5,-34.4,0,-25.8,0,0,0,0,0,,bow,,DECLARE / UTTERANCE / APPROACH
593,1187-1188,49.417,antinous,h,10.7,5,-4.8,-32.2,-54.4,-1.3,0,-1.7,6.5,1.7,12.1,1.4,-160.4,0,-149,0,0,0,0,0,,,,HOLD / FALL / IMPACT
594,1189-1190,49.5,odysseus-revealed,A,0,1.5,12.5,180,0,0,-0.1,0,-1.4,0,-2.5,-0.5,-34.4,0,-26.9,0,0,0,0,0,,bow,,NOD / DECLARE / UTTERANCE
594,1189-1190,49.5,antinous,h,10.7,5,-4.8,-32.2,-54.4,-1.3,0,-1.7,6.5,1.7,12.1,1.4,-160.4,0,-149,0,0,0,0,0,,,,HOLD / FALL / IMPACT
595,1191-1192,49.583,odysseus-revealed,A,0,1.5,12.5,180,0,0,-0.1,0,-1.4,0,-2.5,2.1,-34.4,0,-27.9,0,0,0,0,0,,bow,,NOD / DECLARE / UTTERANCE
595,1191-1192,49.583,antinous,h,10.7,5,-4.8,-32.2,-54.4,-1.3,0,-1.7,6.5,1.7,12.1,1.4,-160.4,0,-149,0,0,0,0,0,,,,HOLD / FALL / IMPACT
596,1193-1194,49.667,odysseus-revealed,A,0,1.5,12.5,180,0,0,-0.1,0,-1.4,0,-2.5,2.9,-34.4,0,-28.7,0,0,0,0,0,,bow,,NOD / DECLARE / UTTERANCE
596,1193-1194,49.667,antinous,h,10.7,5,-4.8,-32.2,-54.4,-1.3,0,-1.7,6.5,1.7,12.1,1.4,-160.4,0,-149,0,0,0,0,0,,,,HOLD / FALL / IMPACT
597,1195-1196,49.75,odysseus-revealed,A,0,1.5,12.5,180,0,0,-0.1,-1.2,-1.4,0,-2.5,4,-28.6,2.8,-29.5,0,-0.6,0,0,0,,bow,,CHOP / DECLARE / UTTERANCE
597,1195-1196,49.75,antinous,h,10.7,5,-4.8,-32.2,-54.4,-1.3,0,-1.7,6.5,1.7,12.1,1.4,-160.4,0,-149,0,0,0,0,0,,,,HOLD / FALL / IMPACT
598,1197-1198,49.833,odysseus-revealed,A,0,1.5,12.5,180,0,0,-0.1,-1.5,-1.4,0,-2.5,3,-26.6,4.1,-30.1,0,-2,0,0,0,,bow,,CHOP / DECLARE / UTTERANCE
598,1197-1198,49.833,antinous,h,10.7,5,-4.8,-32.2,-54.4,-1.3,0,-1.7,6.5,1.7,12.1,1.4,-160.4,0,-149,0,0,0,0,0,,,,HOLD / FALL / IMPACT
599,1199-1200,49.917,odysseus-revealed,A,0,1.5,12.5,180,0,0,-0.1,3.6,-1.4,0,-2.5,2.1,-90.1,4.4,-30.6,0,-4.1,0,0,0,,bow,,CHOP / DECLARE / UTTERANCE
599,1199-1200,49.917,antinous,h,10.7,5,-4.8,-32.2,-54.4,-1.3,0,-1.7,6.5,1.7,12.1,1.4,-160.4,0,-149,0,0,0,0,0,,,,HOLD / FALL / IMPACT
600,1201-1202,50,odysseus-revealed,A,0,1.5,12.5,180,0,0,-0.1,4.5,-1.4,0,-2.5,2,-100.9,4.3,-31,0,-6.3,0,0,0,,bow,,CHOP / DECLARE / UTTERANCE
600,1201-1202,50,antinous,h,10.7,5,-4.8,-32.2,-54.4,-1.3,0,-1.7,6.5,1.7,12.1,1.4,-160.4,0,-149,0,0,0,0,0,,,,HOLD / FALL / IMPACT
601,1203-1204,50.083,odysseus-revealed,A,0,1.5,12.5,180,0,0,-0.1,4.1,-1.4,0,-2.5,1.8,-96.3,4.1,-31.2,0,-8.3,0,0,0,,bow,,CHOP / DECLARE / UTTERANCE
601,1203-1204,50.083,antinous,h,10.7,5,-4.8,-32.2,-54.4,-1.3,0,-1.7,6.5,1.7,12.1,1.4,-160.4,0,-149,0,0,0,0,0,,,,HOLD / FALL / IMPACT
602,1205-1206,50.167,odysseus-revealed,A,0,1.5,12.5,180,0,0,-0.1,3.9,-1.4,0,-2.5,1.6,-89.8,4,-31.3,0,-9.7,0,0,0,,bow,,CHOP / DECLARE / UTTERANCE
602,1205-1206,50.167,antinous,h,10.7,5,-4.8,-32.2,-54.4,-1.3,0,-1.7,6.5,1.7,12.1,1.4,-160.4,0,-149,0,0,0,0,0,,,,HOLD / FALL / IMPACT
603,1207-1208,50.25,odysseus-revealed,A,0,1.5,12.5,180,0,0,-0.1,3.7,-1.4,0,-2.5,1.4,-70.5,3.8,-31.3,0,-10.3,0,0,0,,bow,,CHOP / DECLARE / UTTERANCE
603,1207-1208,50.25,antinous,h,10.7,5,-4.8,-32.2,-54.4,-1.3,0,-1.7,6.5,1.7,12.1,1.4,-160.4,0,-149,0,0,0,0,0,,,,HOLD / FALL / IMPACT
604,1209-1210,50.333,odysseus-revealed,H,0,1.5,12.5,180,0,0,-0.1,3.5,-1.4,0,-2.5,1.2,-70,3.6,-31.2,0,-10,0,0,0,,bow,,CHOP / DECLARE / UTTERANCE
604,1209-1210,50.333,antinous,h,10.7,5,-4.8,-32.2,-54.4,-1.3,0,-1.7,6.5,1.7,12.1,1.4,-160.4,0,-149,0,0,0,0,0,,,,HOLD / FALL / IMPACT
605,1211-1212,50.417,odysseus-revealed,H,0,1.5,12.5,180,0,0,-0.1,3.3,-1.4,0,-2.5,0.9,-69.4,3.4,-31,0,-9.2,0,0,0,,bow,,CHOP / DECLARE / UTTERANCE
605,1211-1212,50.417,antinous,h,10.7,5,-4.8,-32.2,-54.4,-1.3,0,-1.7,6.5,1.7,12.1,1.4,-160.4,0,-149,0,0,0,0,0,,,,HOLD / FALL / IMPACT
606,1213-1214,50.5,odysseus-revealed,H,0,1.5,12.5,180,0,0,-0.1,3.1,-1.4,0,-2.5,0.7,-68.9,3.3,-30.6,0,-8.1,0,0,0,,bow,,CHOP / DECLARE / UTTERANCE
606,1213-1214,50.5,antinous,h,10.7,5,-4.8,-32.2,-54.4,-1.3,0,-1.7,6.5,1.7,12.1,1.4,-160.4,0,-149,0,0,0,0,0,,,,HOLD / FALL / IMPACT
607,1215-1216,50.583,odysseus-revealed,H,0,1.5,12.5,180,0,0,-0.1,2.9,-1.4,0,-2.5,0.4,-68.4,3.1,-30.1,0,-6.7,0,0,0,,bow,,CHOP / DECLARE / UTTERANCE
607,1215-1216,50.583,antinous,h,10.7,5,-4.8,-32.2,-54.4,-1.3,0,-1.7,6.5,1.7,12.1,1.4,-160.4,0,-149,0,0,0,0,0,,,,HOLD / FALL / IMPACT
608,1217-1218,50.667,odysseus-revealed,H,0,1.5,12.5,180,0,0,-0.1,2.7,-1.4,0,-2.5,0.2,-65.9,2.9,-29.5,0,-5.2,0,0,0,,bow,,CHOP / DECLARE / UTTERANCE
608,1217-1218,50.667,antinous,h,10.7,5,-4.8,-32.2,-54.4,-1.3,0,-1.7,6.5,1.7,12.1,1.4,-160.4,0,-149,0,0,0,0,0,,,,HOLD / FALL / IMPACT
609,1219-1220,50.75,odysseus-revealed,A,0,1.5,12.5,180,0,0,-0.1,2.1,-1.4,0,-2.5,0,-59.6,2.3,-28.7,0,-3.6,0,0,0,,bow,,CHOP / DECLARE / UTTERANCE
609,1219-1220,50.75,antinous,h,10.7,5,-4.8,-32.2,-54.4,-1.3,0,-1.7,6.5,1.7,12.1,1.4,-160.4,0,-149,0,0,0,0,0,,,,HOLD / FALL / IMPACT
610,1221-1222,50.833,odysseus-revealed,A,0,1.5,12.5,180,0,0,-0.1,1.4,-1.4,0,-2.5,-0.2,-51.4,1.5,-27.9,0,-2.2,0,0,0,,bow,,CHOP / DECLARE / UTTERANCE
610,1221-1222,50.833,antinous,h,10.7,5,-4.8,-32.2,-54.4,-1.3,0,-1.7,6.5,1.7,12.1,1.4,-160.4,0,-149,0,0,0,0,0,,,,HOLD / FALL / IMPACT
611,1223-1224,50.917,odysseus-revealed,A,0,1.5,12.5,180,0,0,-0.1,0.7,-1.4,0,-2.5,-0.4,-43.2,0.8,-26.9,0,-1.1,0,0,0,,bow,,CHOP / DECLARE / UTTERANCE
611,1223-1224,50.917,antinous,h,10.7,5,-4.8,-32.2,-54.4,-1.3,0,-1.7,6.5,1.7,12.1,1.4,-160.4,0,-149,0,0,0,0,0,,,,HOLD / FALL / IMPACT
612,1225-1226,51,odysseus-revealed,A,0,1.5,12.5,180,0,0,-0.1,0.2,-1.4,0,-2.5,-0.5,-36.9,0.2,-25.8,0,-0.3,0,0,0,,bow,,CHOP / DECLARE / UTTERANCE
612,1225-1226,51,antinous,h,10.7,5,-4.8,-32.2,-54.4,-1.3,0,-1.7,6.5,1.7,12.1,1.4,-160.4,0,-149,0,0,0,0,0,,,,HOLD / FALL / IMPACT
613,1227-1228,51.083,odysseus-revealed,A,0,1.5,12.5,180,0,0,-0.1,0,-1.4,0,-2.5,-0.5,-34.4,0,-19.1,0,0,0,0,0,,bow,,DECLARE / UTTERANCE / APPROACH
613,1227-1228,51.083,antinous,h,10.7,5,-4.8,-32.2,-54.4,-1.3,0,-1.7,6.5,1.7,12.1,1.4,-160.4,0,-149,0,0,0,0,0,,,,HOLD / FALL / IMPACT
614,1229-1230,51.167,odysseus-revealed,A,0,1.5,12.5,180,0,0,-0.1,0,-1.4,0,-2.5,-0.5,-34.4,0,-7.5,0,0,0,0,0,,bow,,DECLARE / UTTERANCE / APPROACH
614,1229-1230,51.167,antinous,h,10.7,5,-4.8,-32.2,-54.4,-1.3,0,-1.7,6.5,1.7,12.1,1.4,-160.4,0,-149,0,0,0,0,0,,,,HOLD / FALL / IMPACT
615,1231-1232,51.25,odysseus-revealed,A,0,1.5,12.5,180,0,0,-0.1,0,-1.4,0,-2.5,-0.5,-34.4,0,0,0,0,0,0,0,,bow,,DECLARE / UTTERANCE / APPROACH
615,1231-1232,51.25,antinous,h,10.7,5,-4.8,-32.2,-54.4,-1.3,0,-1.7,6.5,1.7,12.1,1.4,-160.4,0,-149,0,0,0,0,0,,,,HOLD / FALL / IMPACT
616,1233-1234,51.333,odysseus-revealed,H,0,1.5,12.5,180,0,0,-0.1,0,-1.4,0,-2.5,-0.5,-34.4,0,1.8,0,0,0,0,0,,bow,,DECLARE / UTTERANCE / APPROACH
616,1233-1234,51.333,antinous,h,10.7,5,-4.8,-32.2,-54.4,-1.3,0,-1.7,6.5,1.7,12.1,1.4,-160.4,0,-149,0,0,0,0,0,,,,HOLD / FALL / IMPACT
617,1235-1236,51.417,odysseus-revealed,H,0,1.5,12.5,180,0,0,-0.1,0,-1.4,0,-2.5,-0.5,-34.4,0,2.6,0,0,0,0,0,,bow,,DECLARE / UTTERANCE / APPROACH
617,1235-1236,51.417,antinous,h,10.7,5,-4.8,-32.2,-54.4,-1.3,0,-1.7,6.5,1.7,12.1,1.4,-160.4,0,-149,0,0,0,0,0,,,,HOLD / FALL / IMPACT
618,1237-1238,51.5,odysseus-revealed,H,0,1.5,12.5,180,0,0,-0.1,0,-1.4,0,-2.5,-0.5,-34.4,0,2.7,0,0,0,0,0,,bow,,DECLARE / UTTERANCE / APPROACH
618,1237-1238,51.5,antinous,h,10.7,5,-4.8,-32.2,-54.4,-1.3,0,-1.7,6.5,1.7,12.1,1.4,-160.4,0,-149,0,0,0,0,0,,,,HOLD / FALL / IMPACT
619,1239-1240,51.583,odysseus-revealed,H,0,1.5,12.5,180,0,0,-0.1,0,-1.4,0,-2.5,-0.5,-34.4,0,2.3,0,0,0,0,0,,bow,,DECLARE / UTTERANCE / APPROACH
619,1239-1240,51.583,antinous,h,10.7,5,-4.8,-32.2,-54.4,-1.3,0,-1.7,6.5,1.7,12.1,1.4,-160.4,0,-149,0,0,0,0,0,,,,HOLD / FALL / IMPACT
620,1241-1242,51.667,odysseus-revealed,H,0,1.5,12.5,180,0,0,-0.1,0,-1.4,0,-2.5,-0.5,-34.4,0,1.7,0,0,0,0,0,,bow,,SET / LEAP / STRIP
620,1241-1242,51.667,antinous,h,10.7,5,-4.8,-32.2,-54.4,-1.3,0,-1.7,6.5,1.7,12.1,1.4,-160.4,0,-149,0,0,0,0,0,,,,HOLD / FALL / IMPACT
621,1243-1244,51.75,odysseus-revealed,H,0,1.5,12.5,180,0,0,-0.1,0,-1.4,0,-2.5,-0.5,-34.4,0,0.9,0,0,0,0,0,,bow,,SET / LEAP / STRIP
621,1243-1244,51.75,antinous,h,10.7,5,-4.8,-32.2,-54.4,-1.3,0,-1.7,6.5,1.7,12.1,1.4,-160.4,0,-149,0,0,0,0,0,,,,HOLD / FALL / IMPACT
622,1245-1246,51.833,odysseus-revealed,H,0,1.5,12.5,180,0,0,-0.1,0,-1.4,0,-2.5,-0.5,-34.4,0,0.3,0,0,0,0,0,,bow,,SET / LEAP / STRIP
622,1245-1246,51.833,antinous,h,10.7,5,-4.8,-32.2,-54.4,-1.3,0,-1.7,6.5,1.7,12.1,1.4,-160.4,0,-149,0,0,0,0,0,,,,HOLD / FALL / IMPACT
623,1247-1248,51.917,odysseus-revealed,H,0,1.5,12.5,180,0,0,-0.1,0,-1.4,0,-2.5,-0.5,-34.4,0,0,0,0,0,0,0,,bow,,SET / LEAP / STRIP
623,1247-1248,51.917,antinous,h,10.7,5,-4.8,-32.2,-54.4,-1.3,0,-1.7,6.5,1.7,12.1,1.4,-160.4,0,-149,0,0,0,0,0,,,,HOLD / FALL / IMPACT
624,1249-1250,52,odysseus-revealed,H,0,1.5,12.5,180,0,0,-0.1,0,-1.4,0,-2.5,-0.5,-34.4,0,0,0,0,0,0,0,,bow,,SET / LEAP / STRIP
624,1249-1250,52,antinous,h,10.7,5,-4.8,-32.2,-54.4,-1.3,0,-1.7,6.5,1.7,12.1,1.4,-160.4,0,-149,0,0,0,0,0,,,,HOLD / FALL / IMPACT
625,1251-1252,52.083,odysseus-revealed,H,0,1.5,12.5,180,0,0,-0.1,0,-1.4,0,-2.5,-0.5,-34.4,0,0,0,0,0,0,0,,bow,,SET / LEAP / STRIP
625,1251-1252,52.083,antinous,h,10.7,5,-4.8,-32.2,-54.4,-1.3,0,-1.7,6.5,1.7,12.1,1.4,-160.4,0,-149,0,0,0,0,0,,,,HOLD / FALL / IMPACT
