# servo timeline for OD-B09-S09 (tools/perform/hardware.js): rows where a channel moves (and where it stops); power is an estimate from a stated model (a 0.30 m puppet; see the file header of hardware.js), not a measurement
# calibration on a rig: encoder velocity -> angular velocity; IMU -> root acceleration; V x I -> electrical power; motor thermistor -> a first-order response to I^2 R, the same form as the motion heat T_m
actor,channel,t,angle_deg,velocity_deg_s,limit_lo_deg,limit_hi_deg,torque_Nm,power_W_est
odysseus,root.h,0,-90,0,,,0,0
odysseus,root.h,26.5,-89.9,1.3,,,0,0
odysseus,root.h,26.583,-87.4,30.1,,,0,0
odysseus,root.h,26.667,-82.1,63.2,,,0,0
odysseus,root.h,26.75,-74.9,87,,,0,0
odysseus,root.h,26.833,-66.4,101.3,,,0,0
odysseus,root.h,26.917,-57.6,106.1,,,0,0
odysseus,root.h,27,-49.1,101.6,,,0,0
odysseus,root.h,27.083,-41.8,87.7,,,0,0
odysseus,root.h,27.167,-36.5,64.3,,,0,0
odysseus,root.h,27.25,-33.8,31.5,,,0,0
odysseus,root.h,27.333,-33.7,1.7,,,0,0
odysseus,root.h,27.417,-33.7,0,,,0,0
odysseus,root.h,30.417,-34,-3.5,,,0,0
odysseus,root.h,30.5,-36.7,-32.2,,,0,0
odysseus,root.h,30.583,-41.6,-59.9,,,0,0
odysseus,root.h,30.667,-48.3,-80.1,,,0,0
odysseus,root.h,30.75,-56.1,-92.9,,,0,0
odysseus,root.h,30.833,-64.2,-98.2,,,0,0
odysseus,root.h,30.917,-72.2,-96,,,0,0
odysseus,root.h,31,-79.4,-86.3,,,0,0
odysseus,root.h,31.083,-85.2,-69.2,,,0,0
odysseus,root.h,31.167,-88.9,-44.6,,,0,0
odysseus,root.h,31.25,-90,-13,,,0,0
odysseus,root.h,31.333,-90,0,,,0,0
odysseus,root.h,38.333,-90.5,-5.7,,,0,0
odysseus,root.h,38.417,-92.5,-24.3,,,0,0
odysseus,root.h,38.5,-94,-17.7,,,0,0
odysseus,root.h,38.583,-94.9,-11.2,,,0,0
odysseus,root.h,38.667,-95.3,-4.6,,,0,0
odysseus,root.h,38.75,-95.1,2,,,0,0
odysseus,root.h,38.833,-94.4,8.5,,,0,0
odysseus,root.h,38.917,-93.2,15.2,,,0,0
odysseus,root.h,39,-91.3,21.7,,,0,0
odysseus,root.h,39.083,-90,16.1,,,0,0
odysseus,root.h,39.167,-90,0,,,0,0
odysseus,root.h,39.5,-92.8,-33.1,,,0,0
odysseus,root.h,39.583,-100.1,-88.4,,,0,0
odysseus,root.h,39.667,-110.7,-127.4,,,0,0
odysseus,root.h,39.75,-123.3,-150.2,,,0,0
odysseus,root.h,39.833,-136.3,-156.8,,,0,0
odysseus,root.h,39.917,-148.6,-146.9,,,0,0
odysseus,root.h,40,-158.7,-121,,,0,0
odysseus,root.h,40.083,-165.2,-78.7,,,0,0
odysseus,root.h,40.167,-167,-21.6,,,0,0
odysseus,root.h,40.25,-167,0,,,0,0
odysseus,root.h,42,-167.3,-3.4,,,0,0
odysseus,root.h,42.083,-167.5,-3,,,0,0
odysseus,root.h,42.167,-167.7,-2,,,0,0
odysseus,root.h,42.25,-167.8,-1.2,,,0,0
odysseus,root.h,42.333,-167.8,-0.3,,,0,0
odysseus,root.h,42.417,-167.8,0.5,,,0,0
odysseus,root.h,42.5,-167.7,1.5,,,0,0
odysseus,root.h,42.583,-167.5,2.3,,,0,0
odysseus,root.h,42.667,-167.2,3.3,,,0,0
odysseus,root.h,42.75,-167,2.3,,,0,0
odysseus,root.h,42.833,-167,0,,,0,0
odysseus,root.h,43.083,-167.2,-2.4,,,0,0
odysseus,root.h,43.167,-168.1,-10.7,,,0,0
odysseus,root.h,43.25,-169.6,-17.5,,,0,0
odysseus,root.h,43.333,-171.4,-21.9,,,0,0
odysseus,root.h,43.417,-173.4,-24.2,,,0,0
odysseus,root.h,43.5,-175.4,-24.3,,,0,0
odysseus,root.h,43.583,-177.3,-22.3,,,0,0
odysseus,root.h,43.667,-178.8,-17.9,,,0,0
odysseus,root.h,43.75,-179.7,-11.6,,,0,0
odysseus,root.h,43.833,-180,-3.2,,,0,0
odysseus,root.h,43.917,-180,0,,,0,0
odysseus,root.h,50.917,-183,-36.4,,,0,0
odysseus,root.h,51,-191.3,-98.9,,,0,0
odysseus,root.h,51.083,-203.4,-145.8,,,0,0
odysseus,root.h,51.167,-218.2,-177,,,0,0
odysseus,root.h,51.25,-234.2,-192.6,,,0,0
odysseus,root.h,51.333,-250.3,-192.6,,,0,0
odysseus,root.h,51.417,-265,-177,,,0,0
odysseus,root.h,51.5,-277.2,-145.8,,,0,0
odysseus,root.h,51.583,74.9,4224.4,,,0,0
odysseus,root.h,51.667,72.3,-31.5,,,0,0
odysseus,root.h,51.75,72.6,3.6,,,0,0
odysseus,root.h,51.833,72.8,2.4,,,0,0
odysseus,root.h,51.917,72.9,1.2,,,0,0
odysseus,root.h,52,72.8,-0.1,,,0,0
odysseus,root.h,52.083,72.7,-1.3,,,0,0
odysseus,root.h,52.167,72.5,-2.5,,,0,0
odysseus,root.h,52.25,72.2,-3.8,,,0,0
odysseus,root.h,52.333,71.8,-5,,,0,0
odysseus,root.h,52.417,71.6,-2.7,,,0,0
odysseus,root.h,52.5,74.7,37.2,,,0,0
odysseus,root.h,52.583,74.7,0,,,0,0
odysseus,root.h,52.917,81.3,79.9,,,0,0
odysseus,root.h,53,88,79.9,,,0,0
odysseus,root.h,53.083,88,0,,,0,0
odysseus,root.h,53.417,92.2,50.5,,,0,0
odysseus,root.h,53.5,92.2,0,,,0,0
odysseus,root.h,53.833,99.6,89.5,,,0,0
odysseus,root.h,53.917,107.1,89.5,,,0,0
odysseus,root.h,54,107.1,0,,,0,0
odysseus,root.h,54.333,110.6,41.9,,,0,0
odysseus,root.h,54.417,110.6,0,,,0,0
odysseus,root.h,54.75,114.6,48.1,,,0,0
odysseus,root.h,54.833,114.6,0,,,0,0
odysseus,root.h,55,113.5,-13.4,,,0,0
odysseus,root.h,55.083,109.3,-50.2,,,0,0
odysseus,root.h,55.167,108.1,-14.3,,,0,0
odysseus,root.h,55.25,105.1,-35.6,,,0,0
odysseus,root.h,55.333,95.6,-113.9,,,0,0
odysseus,root.h,55.417,85.7,-118.9,,,0,0
odysseus,root.h,55.5,76.1,-115.6,,,0,0
odysseus,root.h,55.583,67.4,-104.2,,,0,0
odysseus,root.h,55.667,63.8,-43.6,,,0,0
odysseus,root.h,55.75,59.3,-53.7,,,0,0
odysseus,root.h,55.833,57.8,-18.4,,,0,0
odysseus,root.h,55.917,57.9,1.7,,,0,0
odysseus,root.h,56,58,1,,,0,0
odysseus,root.h,56.083,62.5,54.6,,,0,0
odysseus,root.h,56.167,67,54,,,0,0
odysseus,root.h,56.25,67,-0.9,,,0,0
odysseus,root.h,56.333,66.8,-1.6,,,0,0
odysseus,root.h,56.417,66.6,-2.3,,,0,0
odysseus,root.h,56.5,66.4,-2.9,,,0,0
odysseus,root.h,56.583,57.7,-104.9,,,0,0
odysseus,root.h,56.667,35.4,-266.7,,,0,0
odysseus,root.h,56.75,5.1,-364.6,,,0,0
odysseus,root.h,56.833,-28.1,-397.3,,,0,0
odysseus,root.h,56.917,-58.4,-364.6,,,0,0
odysseus,root.h,57,-80.7,-266.7,,,0,0
odysseus,root.h,57.083,-89.3,-103.4,,,0,0
odysseus,root.h,57.167,-89.3,0,,,0,0
odysseus,root.h,68.667,-87.9,16.6,,,0,0
odysseus,root.h,68.75,-84.2,44.6,,,0,0
odysseus,root.h,68.833,-78.8,64.6,,,0,0
odysseus,root.h,68.917,-72.4,76.6,,,0,0
odysseus,root.h,69,-65.7,80.6,,,0,0
odysseus,root.h,69.083,-59.3,76.6,,,0,0
odysseus,root.h,69.167,-53.9,64.6,,,0,0
odysseus,root.h,69.25,-50.2,44.6,,,0,0
odysseus,root.h,69.333,-48.8,16.6,,,0,0
odysseus,root.h,69.417,-48.8,0,,,0,0
odysseus,root.h,77.083,-49.2,-4.7,,,0,0
odysseus,root.h,77.167,-51.2,-24.2,,,0,0
odysseus,root.h,77.25,-54.6,-40.5,,,0,0
odysseus,root.h,77.333,-58.9,-51.9,,,0,0
odysseus,root.h,77.417,-63.8,-58.5,,,0,0
odysseus,root.h,77.5,-68.8,-60.2,,,0,0
odysseus,root.h,77.583,-73.6,-57.1,,,0,0
odysseus,root.h,77.667,-77.7,-49.2,,,0,0
odysseus,root.h,77.75,-80.7,-36.4,,,0,0
odysseus,root.h,77.833,-82.3,-18.8,,,0,0
odysseus,root.h,77.917,-82.4,-1.5,,,0,0
odysseus,root.h,78,-82.4,0,,,0,0
odysseus,root.h,81.167,-82.2,2,,,0,0
odysseus,root.h,81.25,-80.8,17.6,,,0,0
odysseus,root.h,81.333,-78,32.8,,,0,0
odysseus,root.h,81.417,-74.4,44.2,,,0,0
odysseus,root.h,81.5,-70,51.7,,,0,0
odysseus,root.h,81.583,-65.4,55.4,,,0,0
odysseus,root.h,81.667,-60.8,55.2,,,0,0
odysseus,root.h,81.75,-56.6,51.3,,,0,0
odysseus,root.h,81.833,-52.9,43.4,,,0,0
odysseus,root.h,81.917,-50.3,31.8,,,0,0
odysseus,root.h,82,-48.9,16.2,,,0,0
odysseus,root.h,82.083,-48.8,1.3,,,0,0
odysseus,root.h,82.167,-48.8,0,,,0,0
odysseus,root.h,89.25,-48.8,0,,,0,0
odysseus,root.pitch,0,0,0,,,0,0
odysseus,root.pitch,77.083,-0.9,-10.6,,,0,0
odysseus,root.pitch,77.167,-2.3,-16.6,,,0,0
odysseus,root.pitch,77.25,-3.7,-16.6,,,0,0
odysseus,root.pitch,77.333,-5,-16.6,,,0,0
odysseus,root.pitch,77.417,-6.4,-16.6,,,0,0
odysseus,root.pitch,77.5,-7.8,-16.6,,,0,0
odysseus,root.pitch,77.583,-9.2,-16.6,,,0,0
odysseus,root.pitch,77.667,-10.6,-16.6,,,0,0
odysseus,root.pitch,77.75,-12,-16.6,,,0,0
odysseus,root.pitch,77.833,-13.3,-16.6,,,0,0
odysseus,root.pitch,77.917,-14.7,-16.6,,,0,0
odysseus,root.pitch,78,-16.1,-16.6,,,0,0
odysseus,root.pitch,78.083,-17.5,-16.6,,,0,0
odysseus,root.pitch,78.167,-18.9,-16.6,,,0,0
odysseus,root.pitch,78.25,-20.3,-16.6,,,0,0
odysseus,root.pitch,78.333,-21.7,-16.6,,,0,0
odysseus,root.pitch,78.417,-23,-16.6,,,0,0
odysseus,root.pitch,78.5,-24.4,-16.6,,,0,0
odysseus,root.pitch,78.583,-25.8,-16.6,,,0,0
odysseus,root.pitch,78.667,-27.2,-16.6,,,0,0
odysseus,root.pitch,78.75,-28.6,-16.6,,,0,0
odysseus,root.pitch,78.833,-30,-16.6,,,0,0
odysseus,root.pitch,78.917,-31.3,-16.6,,,0,0
odysseus,root.pitch,79,-32.7,-16.6,,,0,0
odysseus,root.pitch,79.083,-34.1,-16.6,,,0,0
odysseus,root.pitch,79.167,-35.5,-16.6,,,0,0
odysseus,root.pitch,79.25,-36.9,-16.6,,,0,0
odysseus,root.pitch,79.333,-38.3,-16.6,,,0,0
odysseus,root.pitch,79.417,-39.7,-16.6,,,0,0
odysseus,root.pitch,79.5,-41,-16.6,,,0,0
odysseus,root.pitch,79.583,-42.4,-16.6,,,0,0
odysseus,root.pitch,79.667,-43.8,-16.6,,,0,0
odysseus,root.pitch,79.75,-45.2,-16.6,,,0,0
odysseus,root.pitch,79.833,-46.6,-16.6,,,0,0
odysseus,root.pitch,79.917,-48,-16.6,,,0,0
odysseus,root.pitch,80,-49.3,-16.6,,,0,0
odysseus,root.pitch,80.083,-50.7,-16.6,,,0,0
odysseus,root.pitch,80.167,-52.1,-16.6,,,0,0
odysseus,root.pitch,80.25,-53.5,-16.6,,,0,0
odysseus,root.pitch,80.333,-54.9,-16.6,,,0,0
odysseus,root.pitch,80.417,-56.3,-16.6,,,0,0
odysseus,root.pitch,80.5,-57.7,-16.6,,,0,0
odysseus,root.pitch,80.583,-59,-16.6,,,0,0
odysseus,root.pitch,80.667,-60.4,-16.6,,,0,0
odysseus,root.pitch,80.75,-61.8,-16.6,,,0,0
odysseus,root.pitch,80.833,-63.2,-16.6,,,0,0
odysseus,root.pitch,80.917,-64.6,-16.6,,,0,0
odysseus,root.pitch,81,-66,-16.6,,,0,0
odysseus,root.pitch,81.083,-67.3,-16.6,,,0,0
odysseus,root.pitch,81.167,-68.7,-16.6,,,0,0
odysseus,root.pitch,81.25,-70.1,-16.6,,,0,0
odysseus,root.pitch,81.333,-71.5,-16.6,,,0,0
odysseus,root.pitch,81.417,-72.9,-16.6,,,0,0
odysseus,root.pitch,81.5,-74.3,-16.6,,,0,0
odysseus,root.pitch,81.583,-75.7,-16.6,,,0,0
odysseus,root.pitch,81.667,-77,-16.6,,,0,0
odysseus,root.pitch,81.75,-78.4,-16.6,,,0,0
odysseus,root.pitch,81.833,-79.8,-16.6,,,0,0
odysseus,root.pitch,81.917,-81.2,-16.6,,,0,0
odysseus,root.pitch,82,-82.6,-16.6,,,0,0
odysseus,root.pitch,82.083,-83.1,-6,,,0,0
odysseus,root.pitch,82.167,-83.1,0,,,0,0
odysseus,root.pitch,89.25,-83.1,0,,,0,0
odysseus,root.roll,0,0,0,,,0,0
odysseus,root.roll,2.083,-0.2,-2.1,,,0,0
odysseus,root.roll,2.167,-0.6,-5.1,,,0,0
odysseus,root.roll,2.25,-1.1,-6.1,,,0,0
odysseus,root.roll,2.333,-1.5,-5.1,,,0,0
odysseus,root.roll,2.417,-1.7,-2.1,,,0,0
odysseus,root.roll,2.5,-1.7,0.3,,,0,0
odysseus,root.roll,5.5,-1,3.7,,,0,0
odysseus,root.roll,5.583,-0.2,8.9,,,0,0
odysseus,root.roll,5.667,0.7,10.6,,,0,0
odysseus,root.roll,5.75,1.4,8.9,,,0,0
odysseus,root.roll,5.833,1.7,3.7,,,0,0
odysseus,root.roll,5.917,1.7,-0.3,,,0,0
odysseus,root.roll,9.083,1,-2.6,,,0,0
odysseus,root.roll,9.167,0.5,-6.6,,,0,0
odysseus,root.roll,9.25,-0.2,-8.6,,,0,0
odysseus,root.roll,9.333,-0.9,-8.6,,,0,0
odysseus,root.roll,9.417,-1.5,-6.6,,,0,0
odysseus,root.roll,9.5,-1.7,-2.6,,,0,0
odysseus,root.roll,9.583,-1.7,0.3,,,0,0
odysseus,root.roll,14,-1,3.7,,,0,0
odysseus,root.roll,14.083,-0.2,8.9,,,0,0
odysseus,root.roll,14.167,0.7,10.6,,,0,0
odysseus,root.roll,14.25,1.4,8.9,,,0,0
odysseus,root.roll,14.333,1.7,3.7,,,0,0
odysseus,root.roll,14.417,1.7,-0.3,,,0,0
odysseus,root.roll,17.583,1,-3.7,,,0,0
odysseus,root.roll,17.667,0.2,-8.9,,,0,0
odysseus,root.roll,17.75,-0.7,-10.6,,,0,0
odysseus,root.roll,17.833,-1.4,-8.9,,,0,0
odysseus,root.roll,17.917,-1.7,-3.7,,,0,0
odysseus,root.roll,18,-1.7,0.3,,,0,0
odysseus,root.roll,22.25,-1,3.7,,,0,0
odysseus,root.roll,22.333,-0.2,8.9,,,0,0
odysseus,root.roll,22.417,0.7,10.6,,,0,0
odysseus,root.roll,22.5,1.4,8.9,,,0,0
odysseus,root.roll,22.583,1.7,3.7,,,0,0
odysseus,root.roll,22.667,1.7,-0.3,,,0,0
odysseus,root.roll,58.5,1.4,1,,,0,0
odysseus,root.roll,58.583,1.5,1.3,,,0,0
odysseus,root.roll,58.667,1.6,1.3,,,0,0
odysseus,root.roll,58.75,1.7,1,,,0,0
odysseus,root.roll,58.833,1.7,0.4,,,0,0
odysseus,root.roll,62.167,1,-2.6,,,0,0
odysseus,root.roll,62.25,0.5,-6.6,,,0,0
odysseus,root.roll,62.333,-0.2,-8.6,,,0,0
odysseus,root.roll,62.417,-0.9,-8.6,,,0,0
odysseus,root.roll,62.5,-1.5,-6.6,,,0,0
odysseus,root.roll,62.583,-1.7,-2.6,,,0,0
odysseus,root.roll,62.667,-1.7,0.3,,,0,0
odysseus,root.roll,66,-1,3.7,,,0,0
odysseus,root.roll,66.083,-0.2,8.9,,,0,0
odysseus,root.roll,66.167,0.7,10.6,,,0,0
odysseus,root.roll,66.25,1.4,8.9,,,0,0
odysseus,root.roll,66.333,1.7,3.7,,,0,0
odysseus,root.roll,66.417,1.7,-0.3,,,0,0
odysseus,root.roll,69.25,1,-2.6,,,0,0
odysseus,root.roll,69.333,0.5,-6.6,,,0,0
odysseus,root.roll,69.417,-0.2,-8.6,,,0,0
odysseus,root.roll,69.5,-0.9,-8.6,,,0,0
odysseus,root.roll,69.583,-1.5,-6.6,,,0,0
odysseus,root.roll,69.667,-1.7,-2.6,,,0,0
odysseus,root.roll,69.75,-1.7,0.3,,,0,0
odysseus,root.roll,73.167,-1,3.7,,,0,0
odysseus,root.roll,73.25,-0.2,8.9,,,0,0
odysseus,root.roll,73.333,0.7,10.6,,,0,0
odysseus,root.roll,73.417,1.4,8.9,,,0,0
odysseus,root.roll,73.5,1.7,3.7,,,0,0
odysseus,root.roll,73.583,1.7,-0.3,,,0,0
odysseus,root.roll,89.25,1.3,0,,,0,0
odysseus,torso.lean,0,0,0,-17.2,21.8,0,0
odysseus,torso.lean,0.583,-0.2,-0.5,-17.2,21.8,0.0009,0
odysseus,torso.lean,0.667,-0.2,-0.6,-17.2,21.8,0.0012,0
odysseus,torso.lean,0.75,-0.3,-0.6,-17.2,21.8,0.0015,0
odysseus,torso.lean,0.833,-0.3,-0.7,-17.2,21.8,0.0018,0
odysseus,torso.lean,0.917,-0.4,-0.7,-17.2,21.8,0.0021,0
odysseus,torso.lean,1,-0.4,-0.7,-17.2,21.8,0.0024,0
odysseus,torso.lean,1.083,-0.5,-0.8,-17.2,21.8,0.0028,0
odysseus,torso.lean,1.167,-0.6,-0.8,-17.2,21.8,0.0032,0
odysseus,torso.lean,1.25,-0.6,-0.8,-17.2,21.8,0.0035,0
odysseus,torso.lean,1.333,-0.7,-0.8,-17.2,21.8,0.0039,0
odysseus,torso.lean,1.417,-0.8,-0.9,-17.2,21.8,0.0043,0
odysseus,torso.lean,1.5,-0.9,-0.9,-17.2,21.8,0.0047,0
odysseus,torso.lean,1.583,-0.9,-0.9,-17.2,21.8,0.0051,0
odysseus,torso.lean,1.667,-1,-0.9,-17.2,21.8,0.0055,0
odysseus,torso.lean,1.75,-1.1,-0.8,-17.2,21.8,0.0059,0
odysseus,torso.lean,1.833,-1.1,-0.8,-17.2,21.8,0.0063,0
odysseus,torso.lean,1.917,-1.2,-0.8,-17.2,21.8,0.0066,0
odysseus,torso.lean,2,-1.3,-0.8,-17.2,21.8,0.007,0
odysseus,torso.lean,2.083,-1.3,-0.7,-17.2,21.8,0.0073,0
odysseus,torso.lean,2.167,-1.4,-0.7,-17.2,21.8,0.0076,0
odysseus,torso.lean,2.25,-1.5,-0.7,-17.2,21.8,0.008,0
odysseus,torso.lean,2.333,-1.5,-0.6,-17.2,21.8,0.0082,0
odysseus,torso.lean,2.417,-1.5,-0.6,-17.2,21.8,0.0085,0
odysseus,torso.lean,2.5,-1.6,-0.5,-17.2,21.8,0.0087,0
odysseus,torso.lean,2.583,-1.6,-0.4,-17.2,21.8,0.0089,0
odysseus,torso.lean,3.25,-1.6,0.7,-17.2,21.8,0.0089,0
odysseus,torso.lean,3.333,-1.5,0.9,-17.2,21.8,0.0085,0
odysseus,torso.lean,3.417,-1.5,1.1,-17.2,21.8,0.008,0
odysseus,torso.lean,3.5,-1.3,1.2,-17.2,21.8,0.0074,0
odysseus,torso.lean,3.583,-1.2,1.4,-17.2,21.8,0.0068,0
odysseus,torso.lean,3.667,-1.1,1.4,-17.2,21.8,0.0061,0
odysseus,torso.lean,3.75,-1,1.5,-17.2,21.8,0.0054,0
odysseus,torso.lean,3.833,-0.9,1.5,-17.2,21.8,0.0047,0
odysseus,torso.lean,3.917,-0.7,1.5,-17.2,21.8,0.004,0
odysseus,torso.lean,4,-0.6,1.5,-17.2,21.8,0.0033,0
odysseus,torso.lean,4.083,-0.5,1.4,-17.2,21.8,0.0027,0
odysseus,torso.lean,4.167,-0.4,1.4,-17.2,21.8,0.0021,0
odysseus,torso.lean,4.25,-0.3,1.2,-17.2,21.8,0.0015,0
odysseus,torso.lean,4.333,-0.2,1.1,-17.2,21.8,0.001,0
odysseus,torso.lean,4.417,-0.1,0.9,-17.2,21.8,0.0006,0
odysseus,torso.lean,4.5,0,0.7,-17.2,21.8,0.0003,0
odysseus,torso.lean,4.583,0,0.4,-17.2,21.8,0.0001,0
odysseus,torso.lean,5,-0.1,-0.5,-17.2,21.8,0.0006,0
odysseus,torso.lean,5.083,-0.2,-0.6,-17.2,21.8,0.0009,0
odysseus,torso.lean,5.167,-0.2,-0.7,-17.2,21.8,0.0012,0
odysseus,torso.lean,5.25,-0.3,-0.8,-17.2,21.8,0.0016,0
odysseus,torso.lean,5.333,-0.4,-0.9,-17.2,21.8,0.002,0
odysseus,torso.lean,5.417,-0.4,-1,-17.2,21.8,0.0025,0
odysseus,torso.lean,5.5,-0.5,-1,-17.2,21.8,0.0029,0
odysseus,torso.lean,5.583,-0.6,-1.1,-17.2,21.8,0.0034,0
odysseus,torso.lean,5.667,-0.7,-1.1,-17.2,21.8,0.0039,0
odysseus,torso.lean,5.75,-0.8,-1.1,-17.2,21.8,0.0045,0
odysseus,torso.lean,5.833,-0.9,-1.1,-17.2,21.8,0.005,0
odysseus,torso.lean,5.917,-1,-1.1,-17.2,21.8,0.0055,0
odysseus,torso.lean,6,-1.1,-1.1,-17.2,21.8,0.006,0
odysseus,torso.lean,6.083,-1.2,-1.1,-17.2,21.8,0.0065,0
odysseus,torso.lean,6.167,-1.3,-1,-17.2,21.8,0.007,0
odysseus,torso.lean,6.25,-1.4,-1,-17.2,21.8,0.0074,0
odysseus,torso.lean,6.333,-1.4,-0.9,-17.2,21.8,0.0079,0
odysseus,torso.lean,6.417,-1.5,-0.8,-17.2,21.8,0.0082,0
odysseus,torso.lean,6.5,-1.6,-0.7,-17.2,21.8,0.0086,0
odysseus,torso.lean,6.583,-1.6,-0.6,-17.2,21.8,0.0089,0
odysseus,torso.lean,6.667,-1.7,-0.5,-17.2,21.8,0.0091,0
odysseus,torso.lean,6.75,-1.7,-0.4,-17.2,21.8,0.0093,0
odysseus,torso.lean,7.167,-1.6,0.7,-17.2,21.8,0.0089,0
odysseus,torso.lean,7.25,-1.5,0.9,-17.2,21.8,0.0085,0
odysseus,torso.lean,7.333,-1.5,1.1,-17.2,21.8,0.008,0
odysseus,torso.lean,7.417,-1.3,1.2,-17.2,21.8,0.0074,0
odysseus,torso.lean,7.5,-1.2,1.4,-17.2,21.8,0.0068,0
odysseus,torso.lean,7.583,-1.1,1.4,-17.2,21.8,0.0061,0
odysseus,torso.lean,7.667,-1,1.5,-17.2,21.8,0.0054,0
odysseus,torso.lean,7.75,-0.9,1.5,-17.2,21.8,0.0047,0
odysseus,torso.lean,7.833,-0.7,1.5,-17.2,21.8,0.004,0
odysseus,torso.lean,7.917,-0.6,1.5,-17.2,21.8,0.0033,0
odysseus,torso.lean,8,-0.5,1.4,-17.2,21.8,0.0027,0
odysseus,torso.lean,8.083,-0.4,1.4,-17.2,21.8,0.0021,0
odysseus,torso.lean,8.167,-0.3,1.2,-17.2,21.8,0.0015,0
odysseus,torso.lean,8.25,-0.2,1.1,-17.2,21.8,0.001,0
odysseus,torso.lean,8.333,-0.1,0.9,-17.2,21.8,0.0006,0
odysseus,torso.lean,8.417,0,0.7,-17.2,21.8,0.0003,0
odysseus,torso.lean,8.5,0,0.4,-17.2,21.8,0.0001,0
odysseus,torso.lean,8.917,-0.1,-0.5,-17.2,21.8,0.0006,0
odysseus,torso.lean,9,-0.2,-0.6,-17.2,21.8,0.0009,0
odysseus,torso.lean,9.083,-0.2,-0.7,-17.2,21.8,0.0012,0
odysseus,torso.lean,9.167,-0.3,-0.8,-17.2,21.8,0.0016,0
odysseus,torso.lean,9.25,-0.4,-0.9,-17.2,21.8,0.002,0
odysseus,torso.lean,9.333,-0.4,-1,-17.2,21.8,0.0025,0
odysseus,torso.lean,9.417,-0.5,-1,-17.2,21.8,0.0029,0
odysseus,torso.lean,9.5,-0.6,-1.1,-17.2,21.8,0.0034,0
odysseus,torso.lean,9.583,-0.7,-1.1,-17.2,21.8,0.0039,0
odysseus,torso.lean,9.667,-0.8,-1.1,-17.2,21.8,0.0045,0
odysseus,torso.lean,9.75,-0.9,-1.1,-17.2,21.8,0.005,0
odysseus,torso.lean,9.833,-1,-1.1,-17.2,21.8,0.0055,0
odysseus,torso.lean,9.917,-1.1,-1.1,-17.2,21.8,0.006,0
odysseus,torso.lean,10,-1.2,-1.1,-17.2,21.8,0.0065,0
odysseus,torso.lean,10.083,-1.3,-1,-17.2,21.8,0.007,0
odysseus,torso.lean,10.167,-1.4,-1,-17.2,21.8,0.0074,0
odysseus,torso.lean,10.25,-1.4,-0.9,-17.2,21.8,0.0079,0
odysseus,torso.lean,10.333,-1.5,-0.8,-17.2,21.8,0.0082,0
odysseus,torso.lean,10.417,-1.6,-0.7,-17.2,21.8,0.0086,0
odysseus,torso.lean,10.5,-1.6,-0.6,-17.2,21.8,0.0089,0
odysseus,torso.lean,10.583,-1.7,-0.5,-17.2,21.8,0.0091,0
odysseus,torso.lean,10.667,-1.7,-0.4,-17.2,21.8,0.0093,0
odysseus,torso.lean,11.083,-1.6,0.7,-17.2,21.8,0.0089,0
odysseus,torso.lean,11.167,-1.5,0.9,-17.2,21.8,0.0085,0
odysseus,torso.lean,11.25,-1.5,1.1,-17.2,21.8,0.008,0
odysseus,torso.lean,11.333,-1.3,1.2,-17.2,21.8,0.0074,0
odysseus,torso.lean,11.417,-1.2,1.4,-17.2,21.8,0.0068,0
odysseus,torso.lean,11.5,-1.1,1.4,-17.2,21.8,0.0061,0
odysseus,torso.lean,11.583,-1,1.5,-17.2,21.8,0.0054,0
odysseus,torso.lean,11.667,-0.9,1.5,-17.2,21.8,0.0047,0
odysseus,torso.lean,11.75,-0.7,1.5,-17.2,21.8,0.004,0
odysseus,torso.lean,11.833,-0.6,1.5,-17.2,21.8,0.0033,0
odysseus,torso.lean,11.917,-0.5,1.4,-17.2,21.8,0.0027,0
odysseus,torso.lean,12,-0.4,1.4,-17.2,21.8,0.0021,0
odysseus,torso.lean,12.083,-0.3,1.2,-17.2,21.8,0.0015,0
odysseus,torso.lean,12.167,-0.2,1.1,-17.2,21.8,0.001,0
odysseus,torso.lean,12.25,-0.1,0.9,-17.2,21.8,0.0006,0
odysseus,torso.lean,12.333,0,0.7,-17.2,21.8,0.0003,0
odysseus,torso.lean,12.417,0,0.4,-17.2,21.8,0.0001,0
odysseus,torso.lean,12.833,-0.1,-0.5,-17.2,21.8,0.0006,0
odysseus,torso.lean,12.917,-0.2,-0.6,-17.2,21.8,0.0009,0
odysseus,torso.lean,13,-0.2,-0.7,-17.2,21.8,0.0012,0
odysseus,torso.lean,13.083,-0.3,-0.8,-17.2,21.8,0.0016,0
odysseus,torso.lean,13.167,-0.4,-0.9,-17.2,21.8,0.002,0
odysseus,torso.lean,13.25,-0.4,-1,-17.2,21.8,0.0025,0
odysseus,torso.lean,13.333,-0.5,-1,-17.2,21.8,0.0029,0
odysseus,torso.lean,13.417,-0.6,-1.1,-17.2,21.8,0.0034,0
odysseus,torso.lean,13.5,-0.7,-1.1,-17.2,21.8,0.0039,0
odysseus,torso.lean,13.583,-0.8,-1.1,-17.2,21.8,0.0045,0
odysseus,torso.lean,13.667,-0.9,-1.1,-17.2,21.8,0.005,0
odysseus,torso.lean,13.75,-1,-1.1,-17.2,21.8,0.0055,0
odysseus,torso.lean,13.833,-1.1,-1.1,-17.2,21.8,0.006,0
odysseus,torso.lean,13.917,-1.2,-1.1,-17.2,21.8,0.0065,0
odysseus,torso.lean,14,-1.3,-1,-17.2,21.8,0.007,0
odysseus,torso.lean,14.083,-1.4,-1,-17.2,21.8,0.0074,0
odysseus,torso.lean,14.167,-1.4,-0.9,-17.2,21.8,0.0079,0
odysseus,torso.lean,14.25,-1.5,-0.8,-17.2,21.8,0.0082,0
odysseus,torso.lean,14.333,-1.6,-0.7,-17.2,21.8,0.0086,0
odysseus,torso.lean,14.417,-1.6,-0.6,-17.2,21.8,0.0089,0
odysseus,torso.lean,14.5,-1.7,-0.5,-17.2,21.8,0.0091,0
odysseus,torso.lean,14.583,-1.7,-0.4,-17.2,21.8,0.0093,0
odysseus,torso.lean,15,-1.6,0.7,-17.2,21.8,0.0089,0
odysseus,torso.lean,15.083,-1.5,0.9,-17.2,21.8,0.0085,0
odysseus,torso.lean,15.167,-1.5,1.1,-17.2,21.8,0.008,0
odysseus,torso.lean,15.25,-1.3,1.2,-17.2,21.8,0.0074,0
odysseus,torso.lean,15.333,-1.2,1.4,-17.2,21.8,0.0068,0
odysseus,torso.lean,15.417,-1.1,1.4,-17.2,21.8,0.0061,0
odysseus,torso.lean,15.5,-1,1.5,-17.2,21.8,0.0054,0
odysseus,torso.lean,15.583,-0.9,1.5,-17.2,21.8,0.0047,0
odysseus,torso.lean,15.667,-0.7,1.5,-17.2,21.8,0.004,0
odysseus,torso.lean,15.75,-0.6,1.5,-17.2,21.8,0.0033,0
odysseus,torso.lean,15.833,-0.5,1.4,-17.2,21.8,0.0027,0
odysseus,torso.lean,15.917,-0.4,1.4,-17.2,21.8,0.0021,0
odysseus,torso.lean,16,-0.3,1.2,-17.2,21.8,0.0015,0
odysseus,torso.lean,16.083,-0.2,1.1,-17.2,21.8,0.001,0
odysseus,torso.lean,16.167,-0.1,0.9,-17.2,21.8,0.0006,0
odysseus,torso.lean,16.25,0,0.7,-17.2,21.8,0.0003,0
odysseus,torso.lean,16.333,0,0.4,-17.2,21.8,0.0001,0
odysseus,torso.lean,16.75,-0.1,-0.5,-17.2,21.8,0.0006,0
odysseus,torso.lean,16.833,-0.2,-0.6,-17.2,21.8,0.0009,0
odysseus,torso.lean,16.917,-0.2,-0.7,-17.2,21.8,0.0012,0
odysseus,torso.lean,17,-0.3,-0.8,-17.2,21.8,0.0016,0
odysseus,torso.lean,17.083,-0.4,-0.9,-17.2,21.8,0.002,0
odysseus,torso.lean,17.167,-0.4,-1,-17.2,21.8,0.0025,0
odysseus,torso.lean,17.25,-0.5,-1,-17.2,21.8,0.0029,0
odysseus,torso.lean,17.333,-0.6,-1.1,-17.2,21.8,0.0034,0
odysseus,torso.lean,17.417,-0.7,-1.1,-17.2,21.8,0.0039,0
odysseus,torso.lean,17.5,-0.8,-1.1,-17.2,21.8,0.0045,0
odysseus,torso.lean,17.583,-0.9,-1.1,-17.2,21.8,0.005,0
odysseus,torso.lean,17.667,-1,-1.1,-17.2,21.8,0.0055,0
odysseus,torso.lean,17.75,-1.1,-1.1,-17.2,21.8,0.006,0
odysseus,torso.lean,17.833,-1.2,-1.1,-17.2,21.8,0.0065,0
odysseus,torso.lean,17.917,-1.3,-1,-17.2,21.8,0.007,0
odysseus,torso.lean,18,-1.4,-1,-17.2,21.8,0.0074,0
odysseus,torso.lean,18.083,-1.4,-0.9,-17.2,21.8,0.0079,0
odysseus,torso.lean,18.167,-1.5,-0.8,-17.2,21.8,0.0082,0
odysseus,torso.lean,18.25,-1.6,-0.7,-17.2,21.8,0.0086,0
odysseus,torso.lean,18.333,-1.6,-0.6,-17.2,21.8,0.0089,0
odysseus,torso.lean,18.417,-1.7,-0.5,-17.2,21.8,0.0091,0
odysseus,torso.lean,18.5,-1.7,-0.4,-17.2,21.8,0.0093,0
odysseus,torso.lean,18.917,-1.6,0.7,-17.2,21.8,0.0089,0
odysseus,torso.lean,19,-1.5,0.9,-17.2,21.8,0.0085,0
odysseus,torso.lean,19.083,-1.5,1.1,-17.2,21.8,0.008,0
odysseus,torso.lean,19.167,-1.3,1.2,-17.2,21.8,0.0074,0
odysseus,torso.lean,19.25,-1.2,1.4,-17.2,21.8,0.0068,0
odysseus,torso.lean,19.333,-1.1,1.4,-17.2,21.8,0.0061,0
odysseus,torso.lean,19.417,-1,1.5,-17.2,21.8,0.0054,0
odysseus,torso.lean,19.5,-0.9,1.5,-17.2,21.8,0.0047,0
odysseus,torso.lean,19.583,-0.7,1.5,-17.2,21.8,0.004,0
odysseus,torso.lean,19.667,-0.6,1.5,-17.2,21.8,0.0033,0
odysseus,torso.lean,19.75,-0.5,1.4,-17.2,21.8,0.0027,0
odysseus,torso.lean,19.833,-0.4,1.4,-17.2,21.8,0.0021,0
odysseus,torso.lean,19.917,-0.3,1.2,-17.2,21.8,0.0015,0
odysseus,torso.lean,20,-0.2,1.1,-17.2,21.8,0.001,0
odysseus,torso.lean,20.083,-0.1,0.9,-17.2,21.8,0.0006,0
odysseus,torso.lean,20.167,0,0.7,-17.2,21.8,0.0003,0
odysseus,torso.lean,20.25,0,0.4,-17.2,21.8,0.0001,0
odysseus,torso.lean,20.667,-0.1,-0.5,-17.2,21.8,0.0006,0
odysseus,torso.lean,20.75,-0.2,-0.6,-17.2,21.8,0.0009,0
odysseus,torso.lean,20.833,-0.2,-0.7,-17.2,21.8,0.0012,0
odysseus,torso.lean,20.917,-0.3,-0.8,-17.2,21.8,0.0016,0
odysseus,torso.lean,21,-0.4,-0.9,-17.2,21.8,0.002,0
odysseus,torso.lean,21.083,-0.4,-1,-17.2,21.8,0.0025,0
odysseus,torso.lean,21.167,-0.5,-1,-17.2,21.8,0.0029,0
odysseus,torso.lean,21.25,-0.6,-1.1,-17.2,21.8,0.0034,0
odysseus,torso.lean,21.333,-0.7,-1.1,-17.2,21.8,0.0039,0
odysseus,torso.lean,21.417,-0.8,-1.1,-17.2,21.8,0.0045,0
odysseus,torso.lean,21.5,-0.9,-1.1,-17.2,21.8,0.005,0
odysseus,torso.lean,21.583,-1,-1.1,-17.2,21.8,0.0055,0
odysseus,torso.lean,21.667,-1.1,-1.1,-17.2,21.8,0.006,0
odysseus,torso.lean,21.75,-1.2,-1.1,-17.2,21.8,0.0065,0
odysseus,torso.lean,21.833,-1.3,-1,-17.2,21.8,0.007,0
odysseus,torso.lean,21.917,-1.4,-1,-17.2,21.8,0.0074,0
odysseus,torso.lean,22,-1.4,-0.9,-17.2,21.8,0.0079,0
odysseus,torso.lean,22.083,-1.5,-0.8,-17.2,21.8,0.0082,0
odysseus,torso.lean,22.167,-1.6,-0.7,-17.2,21.8,0.0086,0
odysseus,torso.lean,22.25,-1.6,-0.6,-17.2,21.8,0.0089,0
odysseus,torso.lean,22.333,-1.7,-0.5,-17.2,21.8,0.0091,0
odysseus,torso.lean,22.417,-1.7,-0.4,-17.2,21.8,0.0093,0
odysseus,torso.lean,22.833,-1.6,0.7,-17.2,21.8,0.0089,0
odysseus,torso.lean,22.917,-1.5,0.9,-17.2,21.8,0.0085,0
odysseus,torso.lean,23,-1.5,1.1,-17.2,21.8,0.008,0
odysseus,torso.lean,23.083,-1.3,1.2,-17.2,21.8,0.0074,0
odysseus,torso.lean,23.167,-1.2,1.4,-17.2,21.8,0.0068,0
odysseus,torso.lean,23.25,-1.1,1.4,-17.2,21.8,0.0061,0
odysseus,torso.lean,23.333,-1,1.5,-17.2,21.8,0.0054,0
odysseus,torso.lean,23.417,-0.9,1.5,-17.2,21.8,0.0047,0
odysseus,torso.lean,23.5,-0.7,1.5,-17.2,21.8,0.004,0
odysseus,torso.lean,23.583,-0.6,1.5,-17.2,21.8,0.0033,0
odysseus,torso.lean,23.667,-0.5,1.4,-17.2,21.8,0.0027,0
odysseus,torso.lean,23.75,-0.4,1.4,-17.2,21.8,0.0021,0
odysseus,torso.lean,23.833,-0.3,1.2,-17.2,21.8,0.0015,0
odysseus,torso.lean,23.917,-0.2,1.1,-17.2,21.8,0.001,0
odysseus,torso.lean,24,-0.1,0.9,-17.2,21.8,0.0006,0
odysseus,torso.lean,24.083,0,0.7,-17.2,21.8,0.0003,0
odysseus,torso.lean,24.167,0,0.4,-17.2,21.8,0.0001,0
odysseus,torso.lean,24.583,-0.1,-0.5,-17.2,21.8,0.0006,0
odysseus,torso.lean,24.667,-0.2,-0.6,-17.2,21.8,0.0009,0
odysseus,torso.lean,24.75,-0.2,-0.7,-17.2,21.8,0.0012,0
odysseus,torso.lean,24.833,-0.3,-0.8,-17.2,21.8,0.0016,0
odysseus,torso.lean,24.917,-0.4,-0.9,-17.2,21.8,0.002,0
odysseus,torso.lean,25,-0.4,-1,-17.2,21.8,0.0024,0
odysseus,torso.lean,25.083,-0.5,-1,-17.2,21.8,0.0029,0
odysseus,torso.lean,25.167,-0.6,-1.1,-17.2,21.8,0.0034,0
odysseus,torso.lean,25.25,-0.7,-1.1,-17.2,21.8,0.0039,0
odysseus,torso.lean,25.333,-0.8,-1.1,-17.2,21.8,0.0044,0
odysseus,torso.lean,25.417,-0.9,-1.1,-17.2,21.8,0.005,0
odysseus,torso.lean,25.5,-1,-1.1,-17.2,21.8,0.0055,0
odysseus,torso.lean,25.583,-1.1,-1.1,-17.2,21.8,0.006,0
odysseus,torso.lean,25.667,-1.2,-1.1,-17.2,21.8,0.0065,0
odysseus,torso.lean,25.75,-1.3,-1,-17.2,21.8,0.007,0
odysseus,torso.lean,25.833,-1.4,-1,-17.2,21.8,0.0074,0
odysseus,torso.lean,25.917,-1.4,-0.9,-17.2,21.8,0.0078,0
odysseus,torso.lean,26,-1.5,-0.8,-17.2,21.8,0.0082,0
odysseus,torso.lean,26.083,-1.6,-0.7,-17.2,21.8,0.0086,0
odysseus,torso.lean,26.167,-1.6,-0.6,-17.2,21.8,0.0088,0
odysseus,torso.lean,26.25,-2.1,-5.9,-17.2,21.8,0.0124,0.003
odysseus,torso.lean,26.333,-3,-10.3,-17.2,21.8,0.017,0.007
odysseus,torso.lean,26.417,-3.4,-5.6,-17.2,21.8,0.0196,0.005
odysseus,torso.lean,26.5,3.4,81.3,-17.2,21.8,0.0339,0.098
odysseus,torso.lean,26.583,3,-3.8,-17.2,21.8,0.0318,0.006
odysseus,torso.lean,26.667,2.3,-8.7,-17.2,21.8,0.0135,0.004
odysseus,torso.lean,26.75,1.5,-9.8,-17.2,21.8,0.0084,0.003
odysseus,torso.lean,26.833,0.9,-7.1,-17.2,21.8,0.0054,0.001
odysseus,torso.lean,26.917,0.9,-0.5,-17.2,21.8,0.0059,0
odysseus,torso.lean,27,1.2,4.5,-17.2,21.8,0.0077,0.001
odysseus,torso.lean,27.083,1.7,5.4,-17.2,21.8,0.0094,0.002
odysseus,torso.lean,27.167,2.2,6.2,-17.2,21.8,0.0122,0.003
odysseus,torso.lean,27.25,2.8,7,-17.2,21.8,0.0154,0.004
odysseus,torso.lean,27.333,3.4,7.8,-17.2,21.8,0.019,0.006
odysseus,torso.lean,27.417,3.4,0,-17.2,21.8,0.0202,0.001
odysseus,torso.lean,30.667,2.5,-11.8,-17.2,21.8,0.0156,0.007
odysseus,torso.lean,30.75,1.6,-10.5,-17.2,21.8,0.0089,0.003
odysseus,torso.lean,30.833,0.8,-9.3,-17.2,21.8,0.0046,0.002
odysseus,torso.lean,30.917,0.1,-8,-17.2,21.8,0.001,0
odysseus,torso.lean,31,-0.4,-6.8,-17.2,21.8,0.0026,0.001
odysseus,torso.lean,31.083,-0.9,-5.6,-17.2,21.8,0.0051,0.001
odysseus,torso.lean,31.167,-1.3,-4.3,-17.2,21.8,0.0071,0.001
odysseus,torso.lean,31.25,-1.5,-3.1,-17.2,21.8,0.0085,0.001
odysseus,torso.lean,31.333,-1.7,-1.9,-17.2,21.8,0.0094,0.001
odysseus,torso.lean,31.417,-1.7,-0.6,-17.2,21.8,0.0096,0
odysseus,torso.lean,31.5,-1.5,3.2,-17.2,21.8,0.0086,0.001
odysseus,torso.lean,31.583,-0.9,7.1,-17.2,21.8,0.0054,0.001
odysseus,torso.lean,31.667,-0.3,7.1,-17.2,21.8,0.0015,0
odysseus,torso.lean,31.75,-0.4,-1.1,-17.2,21.8,0.0034,0
odysseus,torso.lean,31.833,-1.2,-10.2,-17.2,21.8,0.0083,0.003
odysseus,torso.lean,31.917,-2.2,-12.2,-17.2,21.8,0.0126,0.006
odysseus,torso.lean,32,-3.1,-10.2,-17.2,21.8,0.0172,0.007
odysseus,torso.lean,32.083,-3.4,-4.3,-17.2,21.8,0.0199,0.004
odysseus,torso.lean,32.167,-3.4,0.6,-17.2,21.8,0.0194,0.001
odysseus,torso.lean,32.25,-3.3,1.6,-17.2,21.8,0.018,0.002
odysseus,torso.lean,32.333,-3.1,2.2,-17.2,21.8,0.017,0.002
odysseus,torso.lean,32.417,-2.9,2.5,-17.2,21.8,0.0157,0.002
odysseus,torso.lean,32.5,-2.7,2.5,-17.2,21.8,0.0145,0.002
odysseus,torso.lean,32.583,-2.5,2.2,-17.2,21.8,0.0136,0.001
odysseus,torso.lean,32.667,-2.3,1.6,-17.2,21.8,0.0129,0.001
odysseus,torso.lean,32.75,-2.3,0.6,-17.2,21.8,0.0127,0.001
odysseus,torso.lean,32.833,-2.3,0,-17.2,21.8,0.0127,0
odysseus,torso.lean,33.25,-2.4,-1.4,-17.2,21.8,0.0135,0.001
odysseus,torso.lean,33.333,-2.7,-3.4,-17.2,21.8,0.0151,0.002
odysseus,torso.lean,33.417,-3,-4.1,-17.2,21.8,0.0167,0.003
odysseus,torso.lean,33.5,-3.3,-3.4,-17.2,21.8,0.0183,0.003
odysseus,torso.lean,33.583,-3.4,-1.4,-17.2,21.8,0.0192,0.002
odysseus,torso.lean,33.667,-3.4,0.6,-17.2,21.8,0.0189,0.001
odysseus,torso.lean,33.75,-3.3,1.6,-17.2,21.8,0.018,0.002
odysseus,torso.lean,33.833,-3.1,2.2,-17.2,21.8,0.017,0.002
odysseus,torso.lean,33.917,-2.9,2.5,-17.2,21.8,0.0157,0.002
odysseus,torso.lean,34,-2.7,2.5,-17.2,21.8,0.0145,0.002
odysseus,torso.lean,34.083,-2.5,2.2,-17.2,21.8,0.0136,0.001
odysseus,torso.lean,34.167,-2.3,1.6,-17.2,21.8,0.0129,0.001
odysseus,torso.lean,34.25,-2.3,0.6,-17.2,21.8,0.0127,0.001
odysseus,torso.lean,34.333,-2.3,0,-17.2,21.8,0.0127,0
odysseus,torso.lean,34.667,-2.4,-1,-17.2,21.8,0.0132,0.001
odysseus,torso.lean,34.75,-2.6,-2.5,-17.2,21.8,0.0145,0.002
odysseus,torso.lean,34.833,-2.9,-3.3,-17.2,21.8,0.0158,0.002
odysseus,torso.lean,34.917,-3.1,-3.3,-17.2,21.8,0.0172,0.003
odysseus,torso.lean,35,-3.4,-2.5,-17.2,21.8,0.0185,0.002
odysseus,torso.lean,35.083,-3.4,-1,-17.2,21.8,0.0191,0.001
odysseus,torso.lean,35.167,-3.4,0.8,-17.2,21.8,0.0188,0.001
odysseus,torso.lean,35.25,-3.2,2,-17.2,21.8,0.0178,0.002
odysseus,torso.lean,35.333,-3,2.7,-17.2,21.8,0.0165,0.002
odysseus,torso.lean,35.417,-2.7,2.9,-17.2,21.8,0.0151,0.002
odysseus,torso.lean,35.5,-2.5,2.7,-17.2,21.8,0.0138,0.002
odysseus,torso.lean,35.583,-2.4,2,-17.2,21.8,0.013,0.001
odysseus,torso.lean,35.667,-2.3,0.8,-17.2,21.8,0.0128,0.001
odysseus,torso.lean,35.75,-2.3,0,-17.2,21.8,0.0127,0
odysseus,torso.lean,36.333,-2.4,-1,-17.2,21.8,0.0132,0.001
odysseus,torso.lean,36.417,-2.6,-2.5,-17.2,21.8,0.0145,0.002
odysseus,torso.lean,36.5,-2.9,-3.3,-17.2,21.8,0.0158,0.002
odysseus,torso.lean,36.583,-3.1,-3.3,-17.2,21.8,0.0172,0.003
odysseus,torso.lean,36.667,-3.4,-2.5,-17.2,21.8,0.0185,0.002
odysseus,torso.lean,36.75,-3.4,-1,-17.2,21.8,0.0191,0.001
odysseus,torso.lean,36.833,-3.4,0.8,-17.2,21.8,0.0188,0.001
odysseus,torso.lean,36.917,-3.2,2,-17.2,21.8,0.0178,0.002
odysseus,torso.lean,37,-3,2.7,-17.2,21.8,0.0165,0.002
odysseus,torso.lean,37.083,-2.7,2.9,-17.2,21.8,0.0151,0.002
odysseus,torso.lean,37.167,-2.5,2.7,-17.2,21.8,0.0138,0.002
odysseus,torso.lean,37.25,-2.4,2,-17.2,21.8,0.013,0.001
odysseus,torso.lean,37.333,-2.3,0.8,-17.2,21.8,0.0128,0.001
odysseus,torso.lean,37.417,-2.3,0,-17.2,21.8,0.0127,0
odysseus,torso.lean,38.25,-2.5,-2.4,-17.2,21.8,0.0141,0.002
odysseus,torso.lean,38.333,-2.7,-2.4,-17.2,21.8,0.0147,0.002
odysseus,torso.lean,38.417,-2.4,3.8,-17.2,21.8,0.0141,0.002
odysseus,torso.lean,38.5,-1.6,9.3,-17.2,21.8,0.0098,0.003
odysseus,torso.lean,38.583,-0.6,11.6,-17.2,21.8,0.0039,0.002
odysseus,torso.lean,38.667,0.3,10.9,-17.2,21.8,0.0016,0.001
odysseus,torso.lean,38.75,0.9,7.1,-17.2,21.8,0.0054,0.001
odysseus,torso.lean,38.833,1.2,4.5,-17.2,21.8,0.0072,0.001
odysseus,torso.lean,38.917,1.7,5.4,-17.2,21.8,0.0094,0.002
odysseus,torso.lean,39,2.2,6.2,-17.2,21.8,0.0122,0.003
odysseus,torso.lean,39.083,2.8,7,-17.2,21.8,0.0154,0.004
odysseus,torso.lean,39.167,2.6,-2.5,-17.2,21.8,0.0158,0.002
odysseus,torso.lean,39.25,1.7,-10.3,-17.2,21.8,0.0108,0.004
odysseus,torso.lean,39.333,8.5,81.4,-17.2,21.8,0.0628,0.186
odysseus,torso.lean,39.417,9.7,13.9,-17.2,21.8,0.0648,0.04
odysseus,torso.lean,39.5,9.2,-6,-17.2,21.8,0.0536,0.017
odysseus,torso.lean,39.583,9.1,-1.2,-17.2,21.8,0.0503,0.007
odysseus,torso.lean,39.667,8.8,-3.1,-17.2,21.8,0.0484,0.01
odysseus,torso.lean,39.75,8.4,-4.4,-17.2,21.8,0.0463,0.011
odysseus,torso.lean,39.833,8,-5,-17.2,21.8,0.0439,0.012
odysseus,torso.lean,39.917,7.6,-5,-17.2,21.8,0.0415,0.011
odysseus,torso.lean,40,7.2,-4.4,-17.2,21.8,0.0396,0.009
odysseus,torso.lean,40.083,7,-3.1,-17.2,21.8,0.0383,0.007
odysseus,torso.lean,40.167,6.9,-1.2,-17.2,21.8,0.0379,0.004
odysseus,torso.lean,40.25,6.6,-3.1,-17.2,21.8,0.0365,0.007
odysseus,torso.lean,40.333,6,-7.6,-17.2,21.8,0.0335,0.011
odysseus,torso.lean,40.417,5.2,-9.9,-17.2,21.8,0.0286,0.012
odysseus,torso.lean,40.5,4.3,-9.9,-17.2,21.8,0.0237,0.009
odysseus,torso.lean,40.583,3.7,-7.6,-17.2,21.8,0.0206,0.006
odysseus,torso.lean,40.667,3.4,-3.1,-17.2,21.8,0.0196,0.003
odysseus,torso.lean,40.75,3.4,0,-17.2,21.8,0.0194,0.001
odysseus,torso.lean,41.833,3,-5.3,-17.2,21.8,0.0174,0.004
odysseus,torso.lean,41.917,2.6,-4.7,-17.2,21.8,0.0144,0.003
odysseus,torso.lean,42,2.3,-4,-17.2,21.8,0.0125,0.002
odysseus,torso.lean,42.083,2,-3.4,-17.2,21.8,0.011,0.002
odysseus,torso.lean,42.167,1.8,-2.8,-17.2,21.8,0.0097,0.001
odysseus,torso.lean,42.25,1.6,-2.2,-17.2,21.8,0.0087,0.001
odysseus,torso.lean,42.333,1.4,-1.6,-17.2,21.8,0.008,0.001
odysseus,torso.lean,42.417,1.4,-0.9,-17.2,21.8,0.0076,0
odysseus,torso.lean,42.5,1.3,-0.3,-17.2,21.8,0.0074,0
odysseus,torso.lean,42.583,0,-16,-17.2,21.8,0.0028,0.002
odysseus,torso.lean,42.667,-1,-11.5,-17.2,21.8,0.0061,0.002
odysseus,torso.lean,42.75,-1.5,-6.9,-17.2,21.8,0.0092,0.002
odysseus,torso.lean,42.833,-1.7,-2.3,-17.2,21.8,0.0102,0.001
odysseus,torso.lean,42.917,-1.5,3.2,-17.2,21.8,0.0089,0.001
odysseus,torso.lean,43,-0.9,7.1,-17.2,21.8,0.0054,0.001
odysseus,torso.lean,43.083,-0.3,7.1,-17.2,21.8,0.0015,0
odysseus,torso.lean,43.167,-2.5,-27.3,-17.2,21.8,0.0201,0.02
odysseus,torso.lean,43.25,-4.1,-18.3,-17.2,21.8,0.0239,0.016
odysseus,torso.lean,43.333,-4.6,-6.1,-17.2,21.8,0.0273,0.007
odysseus,torso.lean,43.417,0.9,65.3,-17.2,21.8,0.0175,0.04
odysseus,torso.lean,43.5,17.2,196,-17.2,21.8,0.1161,0.821
odysseus,torso.lean,43.583,17,-2.9,-17.2,21.8,0.1271,0.045
odysseus,torso.lean,43.667,16.4,-6.8,-17.2,21.8,0.0892,0.037
odysseus,torso.lean,43.75,15.7,-8.1,-17.2,21.8,0.0852,0.039
odysseus,torso.lean,43.833,15.1,-6.8,-17.2,21.8,0.0822,0.033
odysseus,torso.lean,43.917,14.9,-2.9,-17.2,21.8,0.0814,0.021
odysseus,torso.lean,44,14.1,-10,-17.2,21.8,0.0776,0.039
odysseus,torso.lean,44.083,12.1,-23.9,-17.2,21.8,0.0681,0.066
odysseus,torso.lean,44.167,9.7,-28.5,-17.2,21.8,0.0537,0.059
odysseus,torso.lean,44.25,7.7,-23.9,-17.2,21.8,0.0429,0.039
odysseus,torso.lean,44.333,6.9,-10,-17.2,21.8,0.0401,0.017
odysseus,torso.lean,44.417,6.9,0,-17.2,21.8,0.0394,0.003
odysseus,torso.lean,50.583,-2.6,-113.4,-17.2,21.8,0.0344,0.139
odysseus,torso.lean,50.667,-5.7,-37.8,-17.2,21.8,0.0449,0.063
odysseus,torso.lean,50.75,-4.3,17.2,-17.2,21.8,0.0334,0.022
odysseus,torso.lean,50.833,-2.9,17.2,-17.2,21.8,0.0157,0.01
odysseus,torso.lean,50.917,-2.6,3.6,-17.2,21.8,0.0165,0.003
odysseus,torso.lean,51,-1.9,8.5,-17.2,21.8,0.0111,0.004
odysseus,torso.lean,51.083,-1,10.2,-17.2,21.8,0.0058,0.002
odysseus,torso.lean,51.167,-0.3,8.5,-17.2,21.8,0.0019,0.001
odysseus,torso.lean,51.25,0,3.6,-17.2,21.8,0.0009,0
odysseus,torso.lean,51.333,0,0,-17.2,21.8,0.0006,0
odysseus,torso.lean,51.583,0.1,0.6,-17.2,21.8,0.0004,0
odysseus,torso.lean,51.667,0.2,1.9,-17.2,21.8,0.0014,0
odysseus,torso.lean,51.75,0.5,3.2,-17.2,21.8,0.0029,0
odysseus,torso.lean,51.833,0.9,4.5,-17.2,21.8,0.0049,0.001
odysseus,torso.lean,51.917,1.3,5.8,-17.2,21.8,0.0076,0.002
odysseus,torso.lean,52,1.9,7.1,-17.2,21.8,0.0108,0.003
odysseus,torso.lean,52.083,2.6,8.4,-17.2,21.8,0.0146,0.005
odysseus,torso.lean,52.167,3.4,9.7,-17.2,21.8,0.0191,0.007
odysseus,torso.lean,52.25,3.4,0,-17.2,21.8,0.0206,0.001
odysseus,torso.lean,56,2.4,-13,-17.2,21.8,0.0152,0.007
odysseus,torso.lean,56.083,1.4,-11.5,-17.2,21.8,0.0079,0.003
odysseus,torso.lean,56.167,0.6,-9.9,-17.2,21.8,0.0034,0.001
odysseus,torso.lean,56.25,-0.1,-8.4,-17.2,21.8,0.001,0
odysseus,torso.lean,56.333,-0.7,-6.9,-17.2,21.8,0.0041,0.001
odysseus,torso.lean,56.417,-1.1,-5.3,-17.2,21.8,0.0066,0.001
odysseus,torso.lean,56.5,-1.5,-3.8,-17.2,21.8,0.0083,0.001
odysseus,torso.lean,56.583,-1.7,-2.3,-17.2,21.8,0.0093,0.001
odysseus,torso.lean,56.667,-1.7,-0.8,-17.2,21.8,0.0097,0
odysseus,torso.lean,56.75,-1.5,3.2,-17.2,21.8,0.0087,0.001
odysseus,torso.lean,56.833,-0.9,7.1,-17.2,21.8,0.0054,0.001
odysseus,torso.lean,56.917,-0.3,7.1,-17.2,21.8,0.0015,0
odysseus,torso.lean,57,0,3.2,-17.2,21.8,0.0007,0
odysseus,torso.lean,57.083,0,0,-17.2,21.8,0.0006,0
odysseus,torso.lean,89.25,0,0,-17.2,21.8,0,0
odysseus,torso.twist,0,0,0,-31.5,31.5,0,0
odysseus,torso.twist,0.917,-0.6,-7.7,-31.5,31.5,0.0049,0.001
odysseus,torso.twist,1,-2.3,-19.8,-31.5,31.5,0.0147,0.011
odysseus,torso.twist,1.083,-4.6,-27.1,-31.5,31.5,0.0262,0.026
odysseus,torso.twist,1.167,-7,-29.6,-31.5,31.5,0.0388,0.043
odysseus,torso.twist,1.25,-9.3,-27.1,-31.5,31.5,0.0511,0.054
odysseus,torso.twist,1.333,-10.9,-19.8,-31.5,31.5,0.0608,0.05
odysseus,torso.twist,1.417,-11.6,-7.7,-31.5,31.5,0.0652,0.026
odysseus,torso.twist,1.5,-11.6,0,-31.5,31.5,0.0644,0.008
odysseus,torso.twist,4.583,-9.7,22.4,-31.5,31.5,0.0569,0.051
odysseus,torso.twist,4.667,-4.9,57.7,-31.5,31.5,0.0332,0.069
odysseus,torso.twist,4.75,1.7,78.8,-31.5,31.5,0.0129,0.036
odysseus,torso.twist,4.833,8.8,85.9,-31.5,31.5,0.0494,0.153
odysseus,torso.twist,4.917,15.4,78.8,-31.5,31.5,0.0846,0.247
odysseus,torso.twist,5,20.2,57.7,-31.5,31.5,0.1122,0.251
odysseus,torso.twist,5.083,22.1,22.4,-31.5,31.5,0.1242,0.128
odysseus,torso.twist,5.167,22.1,0,-31.5,31.5,0.1219,0.03
odysseus,torso.twist,6.417,20.6,-17.3,-31.5,31.5,0.1136,0.095
odysseus,torso.twist,6.5,16.8,-45.7,-31.5,31.5,0.0959,0.171
odysseus,torso.twist,6.583,11.4,-64.6,-31.5,31.5,0.0655,0.157
odysseus,torso.twist,6.667,5.2,-74.1,-31.5,31.5,0.0304,0.08
odysseus,torso.twist,6.75,-0.9,-74.1,-31.5,31.5,0.0051,0.013
odysseus,torso.twist,6.833,-6.3,-64.6,-31.5,31.5,0.0362,0.084
odysseus,torso.twist,6.917,-10.1,-45.7,-31.5,31.5,0.0586,0.1
odysseus,torso.twist,7,-11.6,-17.3,-31.5,31.5,0.0681,0.05
odysseus,torso.twist,7.083,-11.6,0,-31.5,31.5,0.0661,0.009
odysseus,torso.twist,9.583,-10.5,12.6,-31.5,31.5,0.0596,0.033
odysseus,torso.twist,9.667,-7.7,34.1,-31.5,31.5,0.0458,0.059
odysseus,torso.twist,9.75,-3.5,50.2,-31.5,31.5,0.0221,0.04
odysseus,torso.twist,9.833,1.6,61,-31.5,31.5,0.0106,0.023
odysseus,torso.twist,9.917,7.1,66.3,-31.5,31.5,0.0398,0.095
odysseus,torso.twist,10,12.6,66.3,-31.5,31.5,0.0687,0.168
odysseus,torso.twist,10.083,17.7,61,-31.5,31.5,0.0965,0.224
odysseus,torso.twist,10.167,21.9,50.2,-31.5,31.5,0.119,0.237
odysseus,torso.twist,10.25,24.7,34.1,-31.5,31.5,0.1342,0.196
odysseus,torso.twist,10.333,25.8,12.6,-31.5,31.5,0.1404,0.101
odysseus,torso.twist,10.417,25.8,0,-31.5,31.5,0.1388,0.039
odysseus,torso.twist,11,24.2,-19.3,-31.5,31.5,0.132,0.124
odysseus,torso.twist,11.083,19.9,-50.8,-31.5,31.5,0.1127,0.225
odysseus,torso.twist,11.167,14,-71.8,-31.5,31.5,0.0795,0.212
odysseus,torso.twist,11.25,7.1,-82.3,-31.5,31.5,0.0407,0.12
odysseus,torso.twist,11.333,0.2,-82.3,-31.5,31.5,0.0013,0.004
odysseus,torso.twist,11.417,-5.7,-71.8,-31.5,31.5,0.0333,0.086
odysseus,torso.twist,11.5,-10,-50.8,-31.5,31.5,0.0581,0.11
odysseus,torso.twist,11.583,-11.6,-19.3,-31.5,31.5,0.0686,0.056
odysseus,torso.twist,11.667,-11.6,0,-31.5,31.5,0.0664,0.009
odysseus,torso.twist,15.417,-9.7,22.4,-31.5,31.5,0.0569,0.051
odysseus,torso.twist,15.5,-4.9,57.7,-31.5,31.5,0.0332,0.069
odysseus,torso.twist,15.583,1.7,78.8,-31.5,31.5,0.0129,0.036
odysseus,torso.twist,15.667,8.8,85.9,-31.5,31.5,0.0494,0.153
odysseus,torso.twist,15.75,15.4,78.8,-31.5,31.5,0.0846,0.247
odysseus,torso.twist,15.833,20.2,57.7,-31.5,31.5,0.1122,0.251
odysseus,torso.twist,15.917,22.1,22.4,-31.5,31.5,0.1242,0.128
odysseus,torso.twist,16,22.1,0,-31.5,31.5,0.1219,0.03
odysseus,torso.twist,16.917,20.6,-17.3,-31.5,31.5,0.1136,0.095
odysseus,torso.twist,17,16.8,-45.7,-31.5,31.5,0.0959,0.171
odysseus,torso.twist,17.083,11.4,-64.6,-31.5,31.5,0.0655,0.157
odysseus,torso.twist,17.167,5.2,-74.1,-31.5,31.5,0.0304,0.08
odysseus,torso.twist,17.25,-0.9,-74.1,-31.5,31.5,0.0051,0.013
odysseus,torso.twist,17.333,-6.3,-64.6,-31.5,31.5,0.0362,0.084
odysseus,torso.twist,17.417,-10.1,-45.7,-31.5,31.5,0.0586,0.1
odysseus,torso.twist,17.5,-11.6,-17.3,-31.5,31.5,0.0681,0.05
odysseus,torso.twist,17.583,-11.6,0,-31.5,31.5,0.0661,0.009
odysseus,torso.twist,20.167,-10.3,15.4,-31.5,31.5,0.0588,0.038
odysseus,torso.twist,20.25,-6.9,41.2,-31.5,31.5,0.0421,0.064
odysseus,torso.twist,20.333,-1.9,59.6,-31.5,31.5,0.0136,0.029
odysseus,torso.twist,20.417,4,70.7,-31.5,31.5,0.0239,0.06
odysseus,torso.twist,20.5,10.2,74.4,-31.5,31.5,0.0563,0.152
odysseus,torso.twist,20.583,16.1,70.7,-31.5,31.5,0.0877,0.232
odysseus,torso.twist,20.667,21.1,59.6,-31.5,31.5,0.1148,0.265
odysseus,torso.twist,20.75,24.5,41.2,-31.5,31.5,0.1335,0.228
odysseus,torso.twist,20.833,25.8,15.4,-31.5,31.5,0.1412,0.116
odysseus,torso.twist,20.917,25.8,0,-31.5,31.5,0.1393,0.039
odysseus,torso.twist,21.417,23.7,-24.8,-31.5,31.5,0.1307,0.147
odysseus,torso.twist,21.5,18.4,-64,-31.5,31.5,0.106,0.259
odysseus,torso.twist,21.583,11.1,-87.6,-31.5,31.5,0.0645,0.206
odysseus,torso.twist,21.667,3.1,-95.4,-31.5,31.5,0.0185,0.062
odysseus,torso.twist,21.75,-4.2,-87.6,-31.5,31.5,0.0242,0.075
odysseus,torso.twist,21.833,-9.5,-64,-31.5,31.5,0.056,0.132
odysseus,torso.twist,21.917,-11.6,-24.8,-31.5,31.5,0.07,0.07
odysseus,torso.twist,22,-11.6,0,-31.5,31.5,0.0674,0.009
odysseus,torso.twist,25.583,-9.2,28.7,-31.5,31.5,0.0552,0.061
odysseus,torso.twist,25.667,-3.5,68.4,-31.5,31.5,0.0262,0.064
odysseus,torso.twist,25.75,3.3,81.7,-31.5,31.5,0.0206,0.06
odysseus,torso.twist,25.833,9,68.4,-31.5,31.5,0.0516,0.129
odysseus,torso.twist,25.917,11.4,28.7,-31.5,31.5,0.0693,0.079
odysseus,torso.twist,26,9.4,-23.7,-31.5,31.5,0.0609,0.058
odysseus,torso.twist,26.083,4.4,-61,-31.5,31.5,0.0305,0.067
odysseus,torso.twist,26.167,-2.6,-83.5,-31.5,31.5,0.0182,0.054
odysseus,torso.twist,26.25,-10.2,-90.9,-31.5,31.5,0.0568,0.187
odysseus,torso.twist,26.333,-17.1,-83.5,-31.5,31.5,0.0938,0.291
odysseus,torso.twist,26.417,-22.2,-61,-31.5,31.5,0.1227,0.291
odysseus,torso.twist,26.5,-24.2,-23.7,-31.5,31.5,0.1353,0.148
odysseus,torso.twist,26.583,-20.4,45.4,-31.5,31.5,0.1218,0.223
odysseus,torso.twist,26.667,-17.6,33.9,-31.5,31.5,0.0969,0.133
odysseus,torso.twist,26.75,-10.8,80.8,-31.5,31.5,0.0675,0.199
odysseus,torso.twist,26.833,-2.8,96.4,-31.5,31.5,0.0182,0.062
odysseus,torso.twist,26.917,3.9,80.8,-31.5,31.5,0.0242,0.069
odysseus,torso.twist,27,6.7,33.9,-31.5,31.5,0.0452,0.058
odysseus,torso.twist,27.083,5.2,-18.8,-31.5,31.5,0.0377,0.028
odysseus,torso.twist,27.167,1.4,-44.8,-31.5,31.5,0.0125,0.02
odysseus,torso.twist,27.25,-3,-53.5,-31.5,31.5,0.0181,0.034
odysseus,torso.twist,27.333,-6.8,-44.8,-31.5,31.5,0.0385,0.063
odysseus,torso.twist,27.417,-8.3,-18.8,-31.5,31.5,0.0501,0.038
odysseus,torso.twist,27.5,-8.3,0,-31.5,31.5,0.0488,0.005
odysseus,torso.twist,27.583,-8.9,-6.5,-31.5,31.5,0.0495,0.016
odysseus,torso.twist,27.667,-10.1,-15.4,-31.5,31.5,0.0569,0.037
odysseus,torso.twist,27.75,-11.7,-18.4,-31.5,31.5,0.0641,0.049
odysseus,torso.twist,27.833,-13,-15.4,-31.5,31.5,0.071,0.048
odysseus,torso.twist,27.917,-13.5,-6.5,-31.5,31.5,0.0749,0.028
odysseus,torso.twist,28,-13.6,-1.2,-31.5,31.5,0.0748,0.014
odysseus,torso.twist,28.083,-13.8,-2.8,-31.5,31.5,0.0754,0.019
odysseus,torso.twist,28.167,-14.1,-3.3,-31.5,31.5,0.0767,0.021
odysseus,torso.twist,28.25,-14.3,-2.8,-31.5,31.5,0.0779,0.02
odysseus,torso.twist,28.333,-14.4,-1.2,-31.5,31.5,0.0786,0.016
odysseus,torso.twist,28.417,-14.4,0,-31.5,31.5,0.0785,0.012
odysseus,torso.twist,28.5,-14.6,-1.4,-31.5,31.5,0.0792,0.016
odysseus,torso.twist,28.583,-14.8,-3.3,-31.5,31.5,0.0807,0.022
odysseus,torso.twist,28.667,-15.2,-3.9,-31.5,31.5,0.0822,0.025
odysseus,torso.twist,28.75,-15.4,-3.3,-31.5,31.5,0.0837,0.024
odysseus,torso.twist,28.833,-15.6,-1.4,-31.5,31.5,0.0845,0.018
odysseus,torso.twist,28.917,-15.7,-1.6,-31.5,31.5,0.0849,0.019
odysseus,torso.twist,29,-16,-3.8,-31.5,31.5,0.087,0.027
odysseus,torso.twist,29.083,-16.4,-4.5,-31.5,31.5,0.0887,0.03
odysseus,torso.twist,29.167,-16.7,-3.8,-31.5,31.5,0.0903,0.028
odysseus,torso.twist,29.25,-16.8,-1.6,-31.5,31.5,0.0913,0.022
odysseus,torso.twist,29.333,-16.9,-1.3,-31.5,31.5,0.0915,0.021
odysseus,torso.twist,29.417,-17.2,-3.2,-31.5,31.5,0.0932,0.028
odysseus,torso.twist,29.5,-17.6,-4.2,-31.5,31.5,0.0949,0.032
odysseus,torso.twist,29.583,-17.9,-4.2,-31.5,31.5,0.0965,0.033
odysseus,torso.twist,29.667,-18.2,-3.2,-31.5,31.5,0.0981,0.03
odysseus,torso.twist,29.75,-18.3,-1.3,-31.5,31.5,0.0988,0.024
odysseus,torso.twist,29.833,-18.4,-2,-31.5,31.5,0.0995,0.027
odysseus,torso.twist,29.917,-18.8,-4.8,-31.5,31.5,0.1019,0.038
odysseus,torso.twist,30,-19.3,-5.7,-31.5,31.5,0.104,0.042
odysseus,torso.twist,30.083,-19.7,-4.8,-31.5,31.5,0.1061,0.04
odysseus,torso.twist,30.167,-19.9,-2,-31.5,31.5,0.1073,0.03
odysseus,torso.twist,30.25,-20,-1.5,-31.5,31.5,0.1075,0.029
odysseus,torso.twist,30.333,-20.3,-3.8,-31.5,31.5,0.1094,0.038
odysseus,torso.twist,30.417,-20.7,-4.9,-31.5,31.5,0.1113,0.044
odysseus,torso.twist,30.5,-21.1,-4.9,-31.5,31.5,0.1132,0.045
odysseus,torso.twist,30.583,-21.4,-3.8,-31.5,31.5,0.115,0.042
odysseus,torso.twist,30.667,-21.6,-1.5,-31.5,31.5,0.1158,0.033
odysseus,torso.twist,30.75,-21.3,2.9,-31.5,31.5,0.115,0.038
odysseus,torso.twist,30.833,-20.8,6.9,-31.5,31.5,0.112,0.052
odysseus,torso.twist,30.917,-20.1,8.3,-31.5,31.5,0.1079,0.054
odysseus,torso.twist,31,-19.5,6.9,-31.5,31.5,0.105,0.047
odysseus,torso.twist,31.083,-19.2,2.9,-31.5,31.5,0.1042,0.032
odysseus,torso.twist,31.167,-18,15.3,-31.5,31.5,0.0991,0.073
odysseus,torso.twist,31.25,-14.9,36.6,-31.5,31.5,0.0846,0.122
odysseus,torso.twist,31.333,-11.3,43.6,-31.5,31.5,0.0627,0.103
odysseus,torso.twist,31.417,-8.2,36.6,-31.5,31.5,0.0463,0.063
odysseus,torso.twist,31.5,-7,15.3,-31.5,31.5,0.0418,0.026
odysseus,torso.twist,31.583,-7,0,-31.5,31.5,0.0408,0.003
odysseus,torso.twist,31.75,-7.3,-4.6,-31.5,31.5,0.041,0.01
odysseus,torso.twist,31.833,-8.3,-11,-31.5,31.5,0.0462,0.022
odysseus,torso.twist,31.917,-9.3,-12.8,-31.5,31.5,0.0512,0.028
odysseus,torso.twist,32,-10.2,-10.1,-31.5,31.5,0.0559,0.026
odysseus,torso.twist,32.083,-10.4,-3,-31.5,31.5,0.0581,0.013
odysseus,torso.twist,32.167,-10.2,2.8,-31.5,31.5,0.0566,0.012
odysseus,torso.twist,32.25,-9.8,4.7,-31.5,31.5,0.0538,0.015
odysseus,torso.twist,32.333,-9.2,6.6,-31.5,31.5,0.0508,0.017
odysseus,torso.twist,32.417,-8.6,7.6,-31.5,31.5,0.0472,0.017
odysseus,torso.twist,32.5,-8,7.6,-31.5,31.5,0.0436,0.015
odysseus,torso.twist,32.583,-7.4,6.6,-31.5,31.5,0.0408,0.013
odysseus,torso.twist,32.667,-7,4.7,-31.5,31.5,0.0389,0.009
odysseus,torso.twist,32.75,-6.9,1.8,-31.5,31.5,0.0382,0.005
odysseus,torso.twist,32.833,-6.9,0,-31.5,31.5,0.038,0.003
odysseus,torso.twist,33.25,-7.3,-4.3,-31.5,31.5,0.0404,0.009
odysseus,torso.twist,33.333,-8.1,-10.2,-31.5,31.5,0.0453,0.02
odysseus,torso.twist,33.417,-9.1,-12.2,-31.5,31.5,0.0501,0.026
odysseus,torso.twist,33.5,-10,-10.2,-31.5,31.5,0.0548,0.026
odysseus,torso.twist,33.583,-10.3,-4.3,-31.5,31.5,0.0574,0.015
odysseus,torso.twist,33.667,-10.2,1.8,-31.5,31.5,0.0566,0.01
odysseus,torso.twist,33.75,-9.8,4.7,-31.5,31.5,0.0539,0.015
odysseus,torso.twist,33.833,-9.2,6.6,-31.5,31.5,0.0508,0.017
odysseus,torso.twist,33.917,-8.6,7.6,-31.5,31.5,0.0472,0.017
odysseus,torso.twist,34,-8,7.6,-31.5,31.5,0.0436,0.015
odysseus,torso.twist,34.083,-7.4,6.6,-31.5,31.5,0.0408,0.013
odysseus,torso.twist,34.167,-7,4.7,-31.5,31.5,0.0389,0.009
odysseus,torso.twist,34.25,-7.7,-8.3,-31.5,31.5,0.0446,0.017
odysseus,torso.twist,34.333,-9.9,-26.5,-31.5,31.5,0.0575,0.06
odysseus,torso.twist,34.417,-13.1,-37.5,-31.5,31.5,0.073,0.106
odysseus,torso.twist,34.5,-16.7,-43,-31.5,31.5,0.091,0.153
odysseus,torso.twist,34.583,-20.2,-43,-31.5,31.5,0.1086,0.187
odysseus,torso.twist,34.667,-22.9,-32.4,-31.5,31.5,0.1243,0.172
odysseus,torso.twist,34.75,-24.1,-13.8,-31.5,31.5,0.1315,0.098
odysseus,torso.twist,34.833,-23.6,6.5,-31.5,31.5,0.1291,0.063
odysseus,torso.twist,34.917,-22.2,16.6,-31.5,31.5,0.1203,0.098
odysseus,torso.twist,35,-21.1,12.7,-31.5,31.5,0.1138,0.076
odysseus,torso.twist,35.083,-20.7,5.1,-31.5,31.5,0.1123,0.045
odysseus,torso.twist,35.167,-20.9,-2.3,-31.5,31.5,0.1132,0.035
odysseus,torso.twist,35.25,-21.4,-5.9,-31.5,31.5,0.115,0.05
odysseus,torso.twist,35.333,-22,-8.1,-31.5,31.5,0.1182,0.061
odysseus,torso.twist,35.417,-22.8,-8.8,-31.5,31.5,0.1216,0.067
odysseus,torso.twist,35.5,-23.4,-8.1,-31.5,31.5,0.125,0.066
odysseus,torso.twist,35.583,-23.9,-5.9,-31.5,31.5,0.1278,0.059
odysseus,torso.twist,35.667,-24.1,-2.3,-31.5,31.5,0.129,0.044
odysseus,torso.twist,35.75,-24.1,0,-31.5,31.5,0.1287,0.033
odysseus,torso.twist,36.333,-24.6,-5.1,-31.5,31.5,0.1313,0.058
odysseus,torso.twist,36.417,-25.6,-12.7,-31.5,31.5,0.1371,0.098
odysseus,torso.twist,36.5,-27,-16.6,-31.5,31.5,0.1432,0.124
odysseus,torso.twist,36.583,-26.9,0.6,-31.5,31.5,0.1453,0.045
odysseus,torso.twist,36.667,-24.1,33.8,-31.5,31.5,0.1342,0.195
odysseus,torso.twist,36.75,-18.8,63.5,-31.5,31.5,0.1066,0.259
odysseus,torso.twist,36.833,-11.7,85.6,-31.5,31.5,0.0676,0.211
odysseus,torso.twist,36.917,-3.6,96.6,-31.5,31.5,0.0219,0.075
odysseus,torso.twist,37,4.6,98.7,-31.5,31.5,0.0255,0.089
odysseus,torso.twist,37.083,12.3,92.1,-31.5,31.5,0.0678,0.227
odysseus,torso.twist,37.167,18.6,76.7,-31.5,31.5,0.1031,0.297
odysseus,torso.twist,37.25,23,52.5,-31.5,31.5,0.1271,0.265
odysseus,torso.twist,37.333,24.6,19.4,-31.5,31.5,0.1368,0.13
odysseus,torso.twist,37.417,24.6,0,-31.5,31.5,0.1343,0.036
odysseus,torso.twist,37.75,22.9,-21,-31.5,31.5,0.1259,0.124
odysseus,torso.twist,37.833,18.4,-54.1,-31.5,31.5,0.1049,0.22
odysseus,torso.twist,37.917,12.2,-73.9,-31.5,31.5,0.07,0.19
odysseus,torso.twist,38,5.5,-80.5,-31.5,31.5,0.0313,0.09
odysseus,torso.twist,38.083,-0.6,-73.9,-31.5,31.5,0.0047,0.012
odysseus,torso.twist,38.167,-5.2,-54.1,-31.5,31.5,0.0317,0.062
odysseus,torso.twist,38.25,-7.5,-28.2,-31.5,31.5,0.0456,0.049
odysseus,torso.twist,38.333,-8.1,-7.3,-31.5,31.5,0.048,0.017
odysseus,torso.twist,38.417,-7,13.7,-31.5,31.5,0.0418,0.024
odysseus,torso.twist,38.5,-8.4,-16.8,-31.5,31.5,0.0511,0.035
odysseus,torso.twist,38.583,-12.4,-48.3,-31.5,31.5,0.073,0.134
odysseus,torso.twist,38.667,-17.4,-60.6,-31.5,31.5,0.0963,0.222
odysseus,torso.twist,38.75,-21.9,-53.7,-31.5,31.5,0.1184,0.25
odysseus,torso.twist,38.833,-23.9,-23.8,-31.5,31.5,0.1325,0.145
odysseus,torso.twist,38.917,-21.7,26.8,-31.5,31.5,0.1249,0.148
odysseus,torso.twist,39,-16.3,63.9,-31.5,31.5,0.0949,0.23
odysseus,torso.twist,39.083,-10,76.2,-31.5,31.5,0.0566,0.157
odysseus,torso.twist,39.167,-4.7,63.9,-31.5,31.5,0.0277,0.063
odysseus,torso.twist,39.25,-2.4,26.8,-31.5,31.5,0.0199,0.019
odysseus,torso.twist,39.333,-2.4,0,-31.5,31.5,0.0181,0.001
odysseus,torso.twist,39.417,-1.8,8.1,-31.5,31.5,0.0111,0.003
odysseus,torso.twist,39.5,-0.3,17.9,-31.5,31.5,0.0032,0.002
odysseus,torso.twist,39.583,1.2,17.9,-31.5,31.5,0.0067,0.004
odysseus,torso.twist,39.667,1.9,8.1,-31.5,31.5,0.0122,0.004
odysseus,torso.twist,39.75,1.9,0,-31.5,31.5,0.0119,0
odysseus,torso.twist,40,2,0.5,-31.5,31.5,0.0109,0
odysseus,torso.twist,40.083,2,0.4,-31.5,31.5,0.0111,0
odysseus,torso.twist,40.333,2.1,0.5,-31.5,31.5,0.0116,0
odysseus,torso.twist,40.417,2.2,0.7,-31.5,31.5,0.0119,0.001
odysseus,torso.twist,40.5,2.2,0.5,-31.5,31.5,0.0121,0.001
odysseus,torso.twist,40.583,2.2,0.2,-31.5,31.5,0.0123,0
odysseus,torso.twist,40.833,2.3,0.9,-31.5,31.5,0.0129,0.001
odysseus,torso.twist,40.917,2.4,0.9,-31.5,31.5,0.0132,0.001
odysseus,torso.twist,41,2.4,0.4,-31.5,31.5,0.0135,0.001
odysseus,torso.twist,41.25,2.5,0.8,-31.5,31.5,0.014,0.001
odysseus,torso.twist,41.333,2.6,0.9,-31.5,31.5,0.0143,0.001
odysseus,torso.twist,41.417,2.7,0.8,-31.5,31.5,0.0147,0.001
odysseus,torso.twist,41.5,2.7,0.3,-31.5,31.5,0.0149,0.001
odysseus,torso.twist,41.667,2.8,0.6,-31.5,31.5,0.0152,0.001
odysseus,torso.twist,41.75,2.9,1.3,-31.5,31.5,0.0158,0.001
odysseus,torso.twist,41.833,3,1.3,-31.5,31.5,0.0162,0.001
odysseus,torso.twist,41.917,3,0.6,-31.5,31.5,0.0166,0.001
odysseus,torso.twist,42,3,0,-31.5,31.5,0.0166,0.001
odysseus,torso.twist,42.083,3.1,0.7,-31.5,31.5,0.0169,0.001
odysseus,torso.twist,42.167,3.2,1.6,-31.5,31.5,0.0177,0.002
odysseus,torso.twist,42.25,3.4,1.9,-31.5,31.5,0.0184,0.002
odysseus,torso.twist,42.333,3.5,1.6,-31.5,31.5,0.0191,0.002
odysseus,torso.twist,42.417,3.5,0.7,-31.5,31.5,0.0196,0.001
odysseus,torso.twist,42.5,4.1,6.2,-31.5,31.5,0.0232,0.006
odysseus,torso.twist,42.583,5.2,13.7,-31.5,31.5,0.0298,0.016
odysseus,torso.twist,42.667,6.3,13.7,-31.5,31.5,0.0347,0.019
odysseus,torso.twist,42.75,6.9,6.2,-31.5,31.5,0.0388,0.011
odysseus,torso.twist,42.833,7,1.5,-31.5,31.5,0.039,0.005
odysseus,torso.twist,42.917,7.3,3.8,-31.5,31.5,0.0403,0.009
odysseus,torso.twist,43,7.7,4.9,-31.5,31.5,0.0423,0.011
odysseus,torso.twist,43.083,8.1,4.9,-31.5,31.5,0.0443,0.012
odysseus,torso.twist,43.167,8.4,3.8,-31.5,31.5,0.0462,0.01
odysseus,torso.twist,43.25,8.6,1.5,-31.5,31.5,0.0471,0.007
odysseus,torso.twist,43.333,8.6,0,-31.5,31.5,0.047,0.004
odysseus,torso.twist,44,6.5,-24.3,-31.5,31.5,0.04,0.037
odysseus,torso.twist,44.083,1.7,-58,-31.5,31.5,0.0153,0.031
odysseus,torso.twist,44.167,-4.1,-69.2,-31.5,31.5,0.0243,0.06
odysseus,torso.twist,44.25,-8.9,-58,-31.5,31.5,0.0506,0.107
odysseus,torso.twist,44.333,-10.9,-24.3,-31.5,31.5,0.0655,0.064
odysseus,torso.twist,44.417,-8,34.6,-31.5,31.5,0.0544,0.072
odysseus,torso.twist,44.5,-0.8,86.6,-31.5,31.5,0.0138,0.042
odysseus,torso.twist,44.583,8.6,112.6,-31.5,31.5,0.0513,0.207
odysseus,torso.twist,44.667,17.9,112.6,-31.5,31.5,0.0967,0.398
odysseus,torso.twist,44.75,25.1,86.6,-31.5,31.5,0.138,0.455
odysseus,torso.twist,44.833,28,34.6,-31.5,31.5,0.1568,0.239
odysseus,torso.twist,44.917,24,-48.6,-31.5,31.5,0.1425,0.282
odysseus,torso.twist,45,14.3,-115.9,-31.5,31.5,0.0897,0.379
odysseus,torso.twist,45.083,2.8,-138.4,-31.5,31.5,0.0193,0.094
odysseus,torso.twist,45.167,-6.9,-115.9,-31.5,31.5,0.0416,0.172
odysseus,torso.twist,45.25,-10.9,-48.6,-31.5,31.5,0.0715,0.132
odysseus,torso.twist,45.333,-8,34.6,-31.5,31.5,0.0588,0.078
odysseus,torso.twist,45.417,-0.8,86.6,-31.5,31.5,0.0138,0.042
odysseus,torso.twist,45.5,8.6,112.6,-31.5,31.5,0.0513,0.207
odysseus,torso.twist,45.583,17.9,112.6,-31.5,31.5,0.0967,0.398
odysseus,torso.twist,45.667,25.1,86.6,-31.5,31.5,0.138,0.455
odysseus,torso.twist,45.75,28,34.6,-31.5,31.5,0.1568,0.239
odysseus,torso.twist,45.833,24,-48.6,-31.5,31.5,0.1425,0.282
odysseus,torso.twist,45.917,14.3,-115.9,-31.5,31.5,0.0897,0.379
odysseus,torso.twist,46,2.8,-138.4,-31.5,31.5,0.0193,0.094
odysseus,torso.twist,46.083,-6.9,-115.9,-31.5,31.5,0.0416,0.172
odysseus,torso.twist,46.167,-10.9,-48.6,-31.5,31.5,0.0715,0.132
odysseus,torso.twist,46.25,-6.9,48.6,-31.5,31.5,0.055,0.099
odysseus,torso.twist,46.333,2.8,115.9,-31.5,31.5,0.0273,0.112
odysseus,torso.twist,46.417,14.3,138.4,-31.5,31.5,0.0817,0.408
odysseus,torso.twist,46.5,24,115.9,-31.5,31.5,0.1316,0.567
odysseus,torso.twist,46.583,28,48.6,-31.5,31.5,0.1596,0.322
odysseus,torso.twist,46.667,25.1,-34.6,-31.5,31.5,0.1483,0.223
odysseus,torso.twist,46.75,17.9,-86.6,-31.5,31.5,0.1059,0.343
odysseus,torso.twist,46.833,8.6,-112.6,-31.5,31.5,0.0513,0.207
odysseus,torso.twist,46.917,-0.8,-112.6,-31.5,31.5,0.0045,0.018
odysseus,torso.twist,47,-8,-86.6,-31.5,31.5,0.0485,0.151
odysseus,torso.twist,47.083,-10.9,-34.6,-31.5,31.5,0.0688,0.093
odysseus,torso.twist,47.167,-6.9,48.6,-31.5,31.5,0.0525,0.095
odysseus,torso.twist,47.25,2.8,115.9,-31.5,31.5,0.0273,0.112
odysseus,torso.twist,47.333,14.3,138.4,-31.5,31.5,0.0817,0.408
odysseus,torso.twist,47.417,24,115.9,-31.5,31.5,0.1316,0.567
odysseus,torso.twist,47.5,28,48.6,-31.5,31.5,0.1596,0.322
odysseus,torso.twist,47.583,25.1,-34.6,-31.5,31.5,0.1483,0.223
odysseus,torso.twist,47.667,17.9,-86.6,-31.5,31.5,0.1059,0.343
odysseus,torso.twist,47.75,8.6,-112.6,-31.5,31.5,0.0513,0.207
odysseus,torso.twist,47.833,-0.8,-112.6,-31.5,31.5,0.0045,0.018
odysseus,torso.twist,47.917,-8,-86.6,-31.5,31.5,0.0485,0.151
odysseus,torso.twist,48,-10.9,-34.6,-31.5,31.5,0.0688,0.093
odysseus,torso.twist,48.083,-6.9,48.6,-31.5,31.5,0.0525,0.095
odysseus,torso.twist,48.167,2.8,115.9,-31.5,31.5,0.0273,0.112
odysseus,torso.twist,48.25,14.3,138.4,-31.5,31.5,0.0817,0.408
odysseus,torso.twist,48.333,24,115.9,-31.5,31.5,0.1316,0.567
odysseus,torso.twist,48.417,28,48.6,-31.5,31.5,0.1596,0.322
odysseus,torso.twist,48.5,24,-48.6,-31.5,31.5,0.145,0.288
odysseus,torso.twist,48.583,14.3,-115.9,-31.5,31.5,0.0897,0.379
odysseus,torso.twist,48.667,2.8,-138.4,-31.5,31.5,0.0193,0.094
odysseus,torso.twist,48.75,-6.9,-115.9,-31.5,31.5,0.0416,0.172
odysseus,torso.twist,48.833,-10.9,-48.6,-31.5,31.5,0.0715,0.132
odysseus,torso.twist,48.917,-8,34.6,-31.5,31.5,0.0588,0.078
odysseus,torso.twist,49,-0.8,86.6,-31.5,31.5,0.0138,0.042
odysseus,torso.twist,49.083,8.6,112.6,-31.5,31.5,0.0513,0.207
odysseus,torso.twist,49.167,17.9,112.6,-31.5,31.5,0.0967,0.398
odysseus,torso.twist,49.25,25.1,86.6,-31.5,31.5,0.138,0.455
odysseus,torso.twist,49.333,28,34.6,-31.5,31.5,0.1568,0.239
odysseus,torso.twist,49.417,24,-48.6,-31.5,31.5,0.1425,0.282
odysseus,torso.twist,49.5,14.3,-115.9,-31.5,31.5,0.0897,0.379
odysseus,torso.twist,49.583,2.8,-138.4,-31.5,31.5,0.0193,0.094
odysseus,torso.twist,49.667,-6.9,-115.9,-31.5,31.5,0.0416,0.172
odysseus,torso.twist,49.75,-10.9,-48.6,-31.5,31.5,0.0715,0.132
odysseus,torso.twist,49.833,-10.3,8,-31.5,31.5,0.066,0.027
odysseus,torso.twist,49.917,-8.5,21.5,-31.5,31.5,0.0486,0.041
odysseus,torso.twist,50,-5.9,31.1,-31.5,31.5,0.0339,0.039
odysseus,torso.twist,50.083,-2.8,36.9,-31.5,31.5,0.0164,0.022
odysseus,torso.twist,50.167,0.4,38.8,-31.5,31.5,0.0027,0.004
odysseus,torso.twist,50.25,3.5,36.9,-31.5,31.5,0.0195,0.026
odysseus,torso.twist,50.333,6.1,31.1,-31.5,31.5,0.0344,0.04
odysseus,torso.twist,50.417,7.9,21.5,-31.5,31.5,0.0448,0.038
odysseus,torso.twist,50.5,8.6,8,-31.5,31.5,0.0491,0.019
odysseus,torso.twist,50.583,8.6,0,-31.5,31.5,0.0481,0.005
odysseus,torso.twist,50.917,7.2,-16,-31.5,31.5,0.0423,0.027
odysseus,torso.twist,51,4.3,-35.3,-31.5,31.5,0.0269,0.035
odysseus,torso.twist,51.083,1.3,-35.3,-31.5,31.5,0.0073,0.009
odysseus,torso.twist,51.167,0,-16,-31.5,31.5,0.0034,0.002
odysseus,torso.twist,51.25,0,0,-31.5,31.5,0.0029,0
odysseus,torso.twist,51.75,1.1,13.1,-31.5,31.5,0.0083,0.004
odysseus,torso.twist,51.833,3.7,31.2,-31.5,31.5,0.0235,0.027
odysseus,torso.twist,51.917,6.8,37.3,-31.5,31.5,0.0383,0.053
odysseus,torso.twist,52,9.4,31.2,-31.5,31.5,0.0524,0.063
odysseus,torso.twist,52.083,10.5,13.1,-31.5,31.5,0.0604,0.035
odysseus,torso.twist,52.167,11.2,8.7,-31.5,31.5,0.0619,0.027
odysseus,torso.twist,52.25,13,20.8,-31.5,31.5,0.0725,0.063
odysseus,torso.twist,52.333,15,24.8,-31.5,31.5,0.0821,0.085
odysseus,torso.twist,52.417,16.8,20.8,-31.5,31.5,0.0912,0.083
odysseus,torso.twist,52.5,17.5,8.7,-31.5,31.5,0.0965,0.048
odysseus,torso.twist,52.583,17.5,0.5,-31.5,31.5,0.096,0.02
odysseus,torso.twist,52.667,17.6,1.2,-31.5,31.5,0.0952,0.022
odysseus,torso.twist,52.75,17.8,1.5,-31.5,31.5,0.0958,0.023
odysseus,torso.twist,52.833,17.9,1.5,-31.5,31.5,0.0964,0.024
odysseus,torso.twist,52.917,18,1.2,-31.5,31.5,0.097,0.023
odysseus,torso.twist,53,18,0.5,-31.5,31.5,0.0972,0.021
odysseus,torso.twist,56.25,15.4,-32.1,-31.5,31.5,0.089,0.115
odysseus,torso.twist,56.333,8.7,-80.2,-31.5,31.5,0.056,0.163
odysseus,torso.twist,56.417,0,-104.3,-31.5,31.5,0.0043,0.016
odysseus,torso.twist,56.5,-8.7,-104.3,-31.5,31.5,0.0474,0.177
odysseus,torso.twist,56.583,-15.4,-80.2,-31.5,31.5,0.0875,0.26
odysseus,torso.twist,56.667,-18,-32.1,-31.5,31.5,0.1059,0.141
odysseus,torso.twist,56.75,-18,0,-31.5,31.5,0.103,0.021
odysseus,torso.twist,57,-17.9,1.7,-31.5,31.5,0.0968,0.024
odysseus,torso.twist,57.083,-17.5,4.4,-31.5,31.5,0.0951,0.033
odysseus,torso.twist,57.167,-17,6.3,-31.5,31.5,0.0922,0.037
odysseus,torso.twist,57.25,-16.4,7.2,-31.5,31.5,0.0889,0.038
odysseus,torso.twist,57.333,-15.8,7.2,-31.5,31.5,0.0856,0.036
odysseus,torso.twist,57.417,-15.3,6.3,-31.5,31.5,0.083,0.032
odysseus,torso.twist,57.5,-14.9,4.4,-31.5,31.5,0.0812,0.026
odysseus,torso.twist,57.583,-14.8,1.7,-31.5,31.5,0.0806,0.018
odysseus,torso.twist,57.667,-14.8,0,-31.5,31.5,0.0804,0.013
odysseus,torso.twist,60.917,-15.2,-4.5,-31.5,31.5,0.0829,0.027
odysseus,torso.twist,61,-16.2,-12.1,-31.5,31.5,0.0888,0.053
odysseus,torso.twist,61.083,-17.6,-17.6,-31.5,31.5,0.0961,0.077
odysseus,torso.twist,61.167,-19.4,-20.8,-31.5,31.5,0.1047,0.098
odysseus,torso.twist,61.25,-21.2,-21.9,-31.5,31.5,0.1137,0.113
odysseus,torso.twist,61.333,-22.9,-20.8,-31.5,31.5,0.1225,0.119
odysseus,torso.twist,61.417,-24.4,-17.6,-31.5,31.5,0.1302,0.114
odysseus,torso.twist,61.5,-25.4,-12.1,-31.5,31.5,0.1357,0.094
odysseus,torso.twist,61.583,-25.8,-4.5,-31.5,31.5,0.1379,0.06
odysseus,torso.twist,61.667,-25.8,0,-31.5,31.5,0.1374,0.038
odysseus,torso.twist,65.5,-25.2,7.3,-31.5,31.5,0.1348,0.071
odysseus,torso.twist,65.583,-23.6,18.9,-31.5,31.5,0.1278,0.117
odysseus,torso.twist,65.667,-21.5,25.8,-31.5,31.5,0.1161,0.131
odysseus,torso.twist,65.75,-19.1,28.1,-31.5,31.5,0.1032,0.123
odysseus,torso.twist,65.833,-17,25.8,-31.5,31.5,0.092,0.1
odysseus,torso.twist,65.917,-15.4,18.9,-31.5,31.5,0.0846,0.07
odysseus,torso.twist,66,-14.8,7.3,-31.5,31.5,0.0822,0.034
odysseus,torso.twist,66.083,-14.8,0,-31.5,31.5,0.0814,0.013
odysseus,torso.twist,68.333,-15,-2.4,-31.5,31.5,0.0816,0.02
odysseus,torso.twist,68.417,-15.5,-6.1,-31.5,31.5,0.0845,0.032
odysseus,torso.twist,68.5,-16.2,-8,-31.5,31.5,0.0877,0.04
odysseus,torso.twist,68.583,-16.8,-8,-31.5,31.5,0.0909,0.042
odysseus,torso.twist,68.667,-17.3,-6.1,-31.5,31.5,0.0939,0.038
odysseus,torso.twist,68.75,-17.5,-2.4,-31.5,31.5,0.0953,0.026
odysseus,torso.twist,68.833,-17.8,-3.4,-31.5,31.5,0.0962,0.03
odysseus,torso.twist,68.917,-18.6,-9.1,-31.5,31.5,0.101,0.052
odysseus,torso.twist,69,-19.7,-13.2,-31.5,31.5,0.1064,0.072
odysseus,torso.twist,69.083,-21,-15.6,-31.5,31.5,0.1128,0.087
odysseus,torso.twist,69.167,-22.3,-16.4,-31.5,31.5,0.1195,0.097
odysseus,torso.twist,69.25,-23.6,-15.6,-31.5,31.5,0.1261,0.1
odysseus,torso.twist,69.333,-24.7,-13.2,-31.5,31.5,0.1318,0.095
odysseus,torso.twist,69.417,-25.5,-9.1,-31.5,31.5,0.1359,0.08
odysseus,torso.twist,69.5,-25.8,-3.4,-31.5,31.5,0.1376,0.054
odysseus,torso.twist,69.583,-25.8,0,-31.5,31.5,0.1372,0.038
odysseus,torso.twist,72.75,-25.3,5.7,-31.5,31.5,0.1352,0.063
odysseus,torso.twist,72.833,-24.1,15,-31.5,31.5,0.1297,0.101
odysseus,torso.twist,72.917,-22.3,21.1,-31.5,31.5,0.1202,0.118
odysseus,torso.twist,73,-20.3,24.2,-31.5,31.5,0.1094,0.116
odysseus,torso.twist,73.083,-18.3,24.2,-31.5,31.5,0.0984,0.103
odysseus,torso.twist,73.167,-16.5,21.1,-31.5,31.5,0.0897,0.082
odysseus,torso.twist,73.25,-15.3,15,-31.5,31.5,0.0837,0.058
odysseus,torso.twist,73.333,-14.8,5.7,-31.5,31.5,0.0818,0.03
odysseus,torso.twist,73.417,-14.8,0,-31.5,31.5,0.0811,0.013
odysseus,torso.twist,89.25,-14.8,0,-31.5,31.5,0.0801,0.013
odysseus,torso.roll,0,0,0,-9.2,9.2,0,0
odysseus,torso.roll,2.083,0.3,3.2,-9.2,9.2,0.002,0
odysseus,torso.roll,2.167,0.9,7.7,-9.2,9.2,0.0058,0.002
odysseus,torso.roll,2.25,1.7,9.2,-9.2,9.2,0.0094,0.003
odysseus,torso.roll,2.333,2.3,7.7,-9.2,9.2,0.0129,0.004
odysseus,torso.roll,2.417,2.6,3.2,-9.2,9.2,0.0149,0.002
odysseus,torso.roll,2.5,2.5,-0.5,-9.2,9.2,0.0145,0.001
odysseus,torso.roll,2.583,2.5,-0.5,-9.2,9.2,0.0136,0.001
odysseus,torso.roll,2.667,2.4,-0.5,-9.2,9.2,0.0134,0.001
odysseus,torso.roll,2.75,2.4,-0.5,-9.2,9.2,0.0131,0.001
odysseus,torso.roll,2.833,2.4,-0.5,-9.2,9.2,0.0129,0.001
odysseus,torso.roll,2.917,2.3,-0.5,-9.2,9.2,0.0126,0.001
odysseus,torso.roll,3,2.3,-0.5,-9.2,9.2,0.0124,0.001
odysseus,torso.roll,3.083,2.2,-0.5,-9.2,9.2,0.0121,0.001
odysseus,torso.roll,3.167,2.2,-0.5,-9.2,9.2,0.0119,0.001
odysseus,torso.roll,3.25,2.1,-0.5,-9.2,9.2,0.0116,0
odysseus,torso.roll,3.333,2.1,-0.5,-9.2,9.2,0.0114,0
odysseus,torso.roll,3.417,2,-0.5,-9.2,9.2,0.0112,0
odysseus,torso.roll,3.5,2,-0.5,-9.2,9.2,0.0109,0
odysseus,torso.roll,3.583,1.9,-0.5,-9.2,9.2,0.0107,0
odysseus,torso.roll,3.667,1.9,-0.5,-9.2,9.2,0.0104,0
odysseus,torso.roll,3.75,1.9,-0.5,-9.2,9.2,0.0102,0
odysseus,torso.roll,3.833,1.8,-0.5,-9.2,9.2,0.0099,0
odysseus,torso.roll,3.917,1.8,-0.5,-9.2,9.2,0.0097,0
odysseus,torso.roll,4,1.7,-0.5,-9.2,9.2,0.0094,0
odysseus,torso.roll,4.083,1.7,0,-9.2,9.2,0.0095,0
odysseus,torso.roll,5.5,1.3,-5.4,-9.2,9.2,0.0079,0.002
odysseus,torso.roll,5.583,0.2,-12.8,-9.2,9.2,0.0025,0.001
odysseus,torso.roll,5.667,-1.1,-15.3,-9.2,9.2,0.0063,0.003
odysseus,torso.roll,5.75,-2.1,-12.8,-9.2,9.2,0.0121,0.006
odysseus,torso.roll,5.833,-2.6,-5.4,-9.2,9.2,0.0154,0.003
odysseus,torso.roll,5.917,-2.5,0.5,-9.2,9.2,0.0149,0.001
odysseus,torso.roll,6,-2.5,0.5,-9.2,9.2,0.0136,0.001
odysseus,torso.roll,6.083,-2.4,0.5,-9.2,9.2,0.0134,0.001
odysseus,torso.roll,6.167,-2.4,0.5,-9.2,9.2,0.0131,0.001
odysseus,torso.roll,6.25,-2.4,0.5,-9.2,9.2,0.0129,0.001
odysseus,torso.roll,6.333,-2.3,0.5,-9.2,9.2,0.0126,0.001
odysseus,torso.roll,6.417,-2.3,0.5,-9.2,9.2,0.0124,0.001
odysseus,torso.roll,6.5,-2.2,0.5,-9.2,9.2,0.0121,0.001
odysseus,torso.roll,6.583,-2.2,0.5,-9.2,9.2,0.0119,0.001
odysseus,torso.roll,6.667,-2.1,0.5,-9.2,9.2,0.0116,0
odysseus,torso.roll,6.75,-2.1,0.5,-9.2,9.2,0.0114,0
odysseus,torso.roll,6.833,-2,0.5,-9.2,9.2,0.0112,0
odysseus,torso.roll,6.917,-2,0.5,-9.2,9.2,0.0109,0
odysseus,torso.roll,7,-1.9,0.5,-9.2,9.2,0.0107,0
odysseus,torso.roll,7.083,-1.9,0.5,-9.2,9.2,0.0104,0
odysseus,torso.roll,7.167,-1.9,0.5,-9.2,9.2,0.0102,0
odysseus,torso.roll,7.25,-1.8,0.5,-9.2,9.2,0.0099,0
odysseus,torso.roll,7.333,-1.8,0.5,-9.2,9.2,0.0097,0
odysseus,torso.roll,7.417,-1.7,0.5,-9.2,9.2,0.0094,0
odysseus,torso.roll,7.5,-1.7,0,-9.2,9.2,0.0095,0
odysseus,torso.roll,9.083,-1.4,3.8,-9.2,9.2,0.0084,0.001
odysseus,torso.roll,9.167,-0.6,9.5,-9.2,9.2,0.0043,0.001
odysseus,torso.roll,9.25,0.4,12.4,-9.2,9.2,0.0029,0.001
odysseus,torso.roll,9.333,1.5,12.4,-9.2,9.2,0.008,0.004
odysseus,torso.roll,9.417,2.3,9.5,-9.2,9.2,0.0129,0.005
odysseus,torso.roll,9.5,2.6,3.8,-9.2,9.2,0.0151,0.002
odysseus,torso.roll,9.583,2.5,-0.6,-9.2,9.2,0.0146,0.001
odysseus,torso.roll,9.667,2.5,-0.6,-9.2,9.2,0.0136,0.001
odysseus,torso.roll,9.75,2.4,-0.6,-9.2,9.2,0.0133,0.001
odysseus,torso.roll,9.833,2.4,-0.6,-9.2,9.2,0.0131,0.001
odysseus,torso.roll,9.917,2.3,-0.6,-9.2,9.2,0.0128,0.001
odysseus,torso.roll,10,2.3,-0.6,-9.2,9.2,0.0126,0.001
odysseus,torso.roll,10.083,2.2,-0.6,-9.2,9.2,0.0123,0.001
odysseus,torso.roll,10.167,2.2,-0.6,-9.2,9.2,0.012,0.001
odysseus,torso.roll,10.25,2.1,-0.6,-9.2,9.2,0.0118,0.001
odysseus,torso.roll,10.333,2.1,-0.6,-9.2,9.2,0.0115,0
odysseus,torso.roll,10.417,2.1,-0.6,-9.2,9.2,0.0112,0
odysseus,torso.roll,10.5,2,-0.6,-9.2,9.2,0.011,0
odysseus,torso.roll,10.583,2,-0.6,-9.2,9.2,0.0107,0
odysseus,torso.roll,10.667,1.9,-0.6,-9.2,9.2,0.0105,0
odysseus,torso.roll,10.75,1.9,-0.6,-9.2,9.2,0.0102,0
odysseus,torso.roll,10.833,1.8,-0.6,-9.2,9.2,0.0099,0
odysseus,torso.roll,10.917,1.8,-0.6,-9.2,9.2,0.0097,0
odysseus,torso.roll,11,1.7,-0.6,-9.2,9.2,0.0094,0
odysseus,torso.roll,11.083,1.7,0,-9.2,9.2,0.0095,0
odysseus,torso.roll,14,1.3,-5.4,-9.2,9.2,0.0079,0.002
odysseus,torso.roll,14.083,0.2,-12.8,-9.2,9.2,0.0025,0.001
odysseus,torso.roll,14.167,-1.1,-15.3,-9.2,9.2,0.0063,0.003
odysseus,torso.roll,14.25,-2.1,-12.8,-9.2,9.2,0.0121,0.006
odysseus,torso.roll,14.333,-2.6,-5.4,-9.2,9.2,0.0154,0.003
odysseus,torso.roll,14.417,-2.5,0.5,-9.2,9.2,0.0149,0.001
odysseus,torso.roll,14.5,-2.5,0.5,-9.2,9.2,0.0136,0.001
odysseus,torso.roll,14.583,-2.4,0.5,-9.2,9.2,0.0134,0.001
odysseus,torso.roll,14.667,-2.4,0.5,-9.2,9.2,0.0131,0.001
odysseus,torso.roll,14.75,-2.4,0.5,-9.2,9.2,0.0129,0.001
odysseus,torso.roll,14.833,-2.3,0.5,-9.2,9.2,0.0126,0.001
odysseus,torso.roll,14.917,-2.3,0.5,-9.2,9.2,0.0124,0.001
odysseus,torso.roll,15,-2.2,0.5,-9.2,9.2,0.0121,0.001
odysseus,torso.roll,15.083,-2.2,0.5,-9.2,9.2,0.0119,0.001
odysseus,torso.roll,15.167,-2.1,0.5,-9.2,9.2,0.0116,0
odysseus,torso.roll,15.25,-2.1,0.5,-9.2,9.2,0.0114,0
odysseus,torso.roll,15.333,-2,0.5,-9.2,9.2,0.0112,0
odysseus,torso.roll,15.417,-2,0.5,-9.2,9.2,0.0109,0
odysseus,torso.roll,15.5,-1.9,0.5,-9.2,9.2,0.0107,0
odysseus,torso.roll,15.583,-1.9,0.5,-9.2,9.2,0.0104,0
odysseus,torso.roll,15.667,-1.9,0.5,-9.2,9.2,0.0102,0
odysseus,torso.roll,15.75,-1.8,0.5,-9.2,9.2,0.0099,0
odysseus,torso.roll,15.833,-1.8,0.5,-9.2,9.2,0.0097,0
odysseus,torso.roll,15.917,-1.7,0.5,-9.2,9.2,0.0094,0
odysseus,torso.roll,16,-1.7,0,-9.2,9.2,0.0095,0
odysseus,torso.roll,17.583,-1.3,5.4,-9.2,9.2,0.0079,0.002
odysseus,torso.roll,17.667,-0.2,12.8,-9.2,9.2,0.0025,0.001
odysseus,torso.roll,17.75,1.1,15.3,-9.2,9.2,0.0063,0.003
odysseus,torso.roll,17.833,2.1,12.8,-9.2,9.2,0.0121,0.006
odysseus,torso.roll,17.917,2.6,5.4,-9.2,9.2,0.0154,0.003
odysseus,torso.roll,18,2.5,-0.5,-9.2,9.2,0.0149,0.001
odysseus,torso.roll,18.083,2.5,-0.5,-9.2,9.2,0.0136,0.001
odysseus,torso.roll,18.167,2.4,-0.5,-9.2,9.2,0.0134,0.001
odysseus,torso.roll,18.25,2.4,-0.5,-9.2,9.2,0.0131,0.001
odysseus,torso.roll,18.333,2.4,-0.5,-9.2,9.2,0.0129,0.001
odysseus,torso.roll,18.417,2.3,-0.5,-9.2,9.2,0.0126,0.001
odysseus,torso.roll,18.5,2.3,-0.5,-9.2,9.2,0.0124,0.001
odysseus,torso.roll,18.583,2.2,-0.5,-9.2,9.2,0.0121,0.001
odysseus,torso.roll,18.667,2.2,-0.5,-9.2,9.2,0.0119,0.001
odysseus,torso.roll,18.75,2.1,-0.5,-9.2,9.2,0.0116,0
odysseus,torso.roll,18.833,2.1,-0.5,-9.2,9.2,0.0114,0
odysseus,torso.roll,18.917,2,-0.5,-9.2,9.2,0.0112,0
odysseus,torso.roll,19,2,-0.5,-9.2,9.2,0.0109,0
odysseus,torso.roll,19.083,1.9,-0.5,-9.2,9.2,0.0107,0
odysseus,torso.roll,19.167,1.9,-0.5,-9.2,9.2,0.0104,0
odysseus,torso.roll,19.25,1.9,-0.5,-9.2,9.2,0.0102,0
odysseus,torso.roll,19.333,1.8,-0.5,-9.2,9.2,0.0099,0
odysseus,torso.roll,19.417,1.8,-0.5,-9.2,9.2,0.0097,0
odysseus,torso.roll,19.5,1.7,-0.5,-9.2,9.2,0.0094,0
odysseus,torso.roll,19.583,1.7,0,-9.2,9.2,0.0095,0
odysseus,torso.roll,22.25,1.3,-5.4,-9.2,9.2,0.0079,0.002
odysseus,torso.roll,22.333,0.2,-12.8,-9.2,9.2,0.0025,0.001
odysseus,torso.roll,22.417,-1.1,-15.3,-9.2,9.2,0.0063,0.003
odysseus,torso.roll,22.5,-2.1,-12.8,-9.2,9.2,0.0121,0.006
odysseus,torso.roll,22.583,-2.6,-5.4,-9.2,9.2,0.0154,0.003
odysseus,torso.roll,22.667,-2.5,0.5,-9.2,9.2,0.0149,0.001
odysseus,torso.roll,22.75,-2.5,0.5,-9.2,9.2,0.0136,0.001
odysseus,torso.roll,22.833,-2.4,0.5,-9.2,9.2,0.0134,0.001
odysseus,torso.roll,22.917,-2.4,0.5,-9.2,9.2,0.0131,0.001
odysseus,torso.roll,23,-2.4,0.5,-9.2,9.2,0.0129,0.001
odysseus,torso.roll,23.083,-2.3,0.5,-9.2,9.2,0.0126,0.001
odysseus,torso.roll,23.167,-2.3,0.5,-9.2,9.2,0.0124,0.001
odysseus,torso.roll,23.25,-2.2,0.5,-9.2,9.2,0.0121,0.001
odysseus,torso.roll,23.333,-2.2,0.5,-9.2,9.2,0.0119,0.001
odysseus,torso.roll,23.417,-2.1,0.5,-9.2,9.2,0.0116,0
odysseus,torso.roll,23.5,-2.1,0.5,-9.2,9.2,0.0114,0
odysseus,torso.roll,23.583,-2,0.5,-9.2,9.2,0.0112,0
odysseus,torso.roll,23.667,-2,0.5,-9.2,9.2,0.0109,0
odysseus,torso.roll,23.75,-1.9,0.5,-9.2,9.2,0.0107,0
odysseus,torso.roll,23.833,-1.9,0.5,-9.2,9.2,0.0104,0
odysseus,torso.roll,23.917,-1.9,0.5,-9.2,9.2,0.0102,0
odysseus,torso.roll,24,-1.8,0.5,-9.2,9.2,0.0099,0
odysseus,torso.roll,24.083,-1.8,0.5,-9.2,9.2,0.0097,0
odysseus,torso.roll,24.167,-1.7,0.5,-9.2,9.2,0.0094,0
odysseus,torso.roll,24.25,-1.7,0,-9.2,9.2,0.0095,0
odysseus,torso.roll,26.583,-1.5,2.5,-9.2,9.2,0.0087,0.001
odysseus,torso.roll,26.667,-1,6,-9.2,9.2,0.0062,0.001
odysseus,torso.roll,26.75,-0.4,7.7,-9.2,9.2,0.0023,0.001
odysseus,torso.roll,26.833,0.2,7.3,-9.2,9.2,0.0013,0
odysseus,torso.roll,26.917,0.6,4.9,-9.2,9.2,0.004,0.001
odysseus,torso.roll,27,0.9,3.4,-9.2,9.2,0.0054,0.001
odysseus,torso.roll,27.083,1.3,4,-9.2,9.2,0.007,0.001
odysseus,torso.roll,27.167,1.7,4.6,-9.2,9.2,0.0092,0.002
odysseus,torso.roll,27.25,2.1,5.3,-9.2,9.2,0.0116,0.002
odysseus,torso.roll,27.333,2.6,5.9,-9.2,9.2,0.0142,0.003
odysseus,torso.roll,27.417,2,-7.3,-9.2,9.2,0.0132,0.004
odysseus,torso.roll,27.5,1.5,-6.3,-9.2,9.2,0.0081,0.002
odysseus,torso.roll,27.583,1,-5.3,-9.2,9.2,0.0057,0.001
odysseus,torso.roll,27.667,0.6,-4.4,-9.2,9.2,0.0037,0.001
odysseus,torso.roll,27.75,0.4,-3.4,-9.2,9.2,0.0022,0
odysseus,torso.roll,27.833,0.2,-2.4,-9.2,9.2,0.0011,0
odysseus,torso.roll,27.917,0,-1.5,-9.2,9.2,0.0004,0
odysseus,torso.roll,28,0,-0.5,-9.2,9.2,0.0002,0
odysseus,torso.roll,28.167,-0.2,-1.5,-9.2,9.2,0.0011,0
odysseus,torso.roll,28.25,-0.4,-2.4,-9.2,9.2,0.0022,0
odysseus,torso.roll,28.333,-0.6,-3.4,-9.2,9.2,0.0037,0
odysseus,torso.roll,28.417,-1,-4.4,-9.2,9.2,0.0057,0.001
odysseus,torso.roll,28.5,-1.5,-5.3,-9.2,9.2,0.0081,0.002
odysseus,torso.roll,28.583,-2,-6.3,-9.2,9.2,0.011,0.003
odysseus,torso.roll,28.667,-2.6,-7.3,-9.2,9.2,0.0143,0.004
odysseus,torso.roll,28.75,-1.9,8.2,-9.2,9.2,0.0131,0.004
odysseus,torso.roll,28.833,-1.3,6.9,-9.2,9.2,0.0074,0.002
odysseus,torso.roll,28.917,-0.8,5.7,-9.2,9.2,0.0048,0.001
odysseus,torso.roll,29,-0.5,4.4,-9.2,9.2,0.0028,0
odysseus,torso.roll,29.083,-0.2,3.2,-9.2,9.2,0.0014,0
odysseus,torso.roll,29.167,-0.1,1.9,-9.2,9.2,0.0005,0
odysseus,torso.roll,29.25,0,0.6,-9.2,9.2,0.0002,0
odysseus,torso.roll,29.333,0,0.5,-9.2,9.2,0.0002,0
odysseus,torso.roll,29.417,0.2,1.5,-9.2,9.2,0.0011,0
odysseus,torso.roll,29.5,0.4,2.4,-9.2,9.2,0.0022,0
odysseus,torso.roll,29.583,0.6,3.4,-9.2,9.2,0.0037,0
odysseus,torso.roll,29.667,1,4.4,-9.2,9.2,0.0057,0.001
odysseus,torso.roll,29.75,1.5,5.3,-9.2,9.2,0.0081,0.002
odysseus,torso.roll,29.833,2,6.3,-9.2,9.2,0.011,0.003
odysseus,torso.roll,29.917,2.6,7.3,-9.2,9.2,0.0143,0.004
odysseus,torso.roll,30,2,-7.3,-9.2,9.2,0.0134,0.004
odysseus,torso.roll,30.083,1.5,-6.3,-9.2,9.2,0.0081,0.002
odysseus,torso.roll,30.167,1,-5.3,-9.2,9.2,0.0057,0.001
odysseus,torso.roll,30.25,0.6,-4.4,-9.2,9.2,0.0037,0.001
odysseus,torso.roll,30.333,0.4,-3.4,-9.2,9.2,0.0022,0
odysseus,torso.roll,30.417,0.2,-2.4,-9.2,9.2,0.0011,0
odysseus,torso.roll,30.5,0,-1.5,-9.2,9.2,0.0004,0
odysseus,torso.roll,30.583,0,-0.5,-9.2,9.2,0.0002,0
odysseus,torso.roll,38.5,0.1,0.9,-9.2,9.2,0.0007,0
odysseus,torso.roll,38.583,0.2,1.5,-9.2,9.2,0.0014,0
odysseus,torso.roll,38.667,0.4,2.2,-9.2,9.2,0.0024,0
odysseus,torso.roll,38.75,0.6,2.8,-9.2,9.2,0.0036,0
odysseus,torso.roll,38.833,0.9,3.4,-9.2,9.2,0.0052,0.001
odysseus,torso.roll,38.917,1.3,4,-9.2,9.2,0.007,0.001
odysseus,torso.roll,39,1.7,4.6,-9.2,9.2,0.0092,0.002
odysseus,torso.roll,39.083,2.1,5.3,-9.2,9.2,0.0116,0.002
odysseus,torso.roll,39.167,2.6,5.9,-9.2,9.2,0.0142,0.003
odysseus,torso.roll,39.25,2,-7.3,-9.2,9.2,0.0132,0.004
odysseus,torso.roll,39.333,1.5,-6.3,-9.2,9.2,0.0081,0.002
odysseus,torso.roll,39.417,1,-5.3,-9.2,9.2,0.0057,0.001
odysseus,torso.roll,39.5,0.6,-4.4,-9.2,9.2,0.0037,0.001
odysseus,torso.roll,39.583,0.4,-3.4,-9.2,9.2,0.0022,0
odysseus,torso.roll,39.667,0.2,-2.4,-9.2,9.2,0.0011,0
odysseus,torso.roll,39.75,0,-1.5,-9.2,9.2,0.0004,0
odysseus,torso.roll,39.833,0,-0.5,-9.2,9.2,0.0002,0
odysseus,torso.roll,39.917,-0.1,-0.6,-9.2,9.2,0.0003,0
odysseus,torso.roll,40,-0.2,-1.9,-9.2,9.2,0.0014,0
odysseus,torso.roll,40.083,-0.5,-3.2,-9.2,9.2,0.0028,0
odysseus,torso.roll,40.167,-0.8,-4.4,-9.2,9.2,0.0048,0.001
odysseus,torso.roll,40.25,-1.3,-5.7,-9.2,9.2,0.0074,0.002
odysseus,torso.roll,40.333,-1.9,-6.9,-9.2,9.2,0.0106,0.003
odysseus,torso.roll,40.417,-2.6,-8.2,-9.2,9.2,0.0143,0.005
odysseus,torso.roll,40.5,-2,7.3,-9.2,9.2,0.0136,0.004
odysseus,torso.roll,40.583,-1.5,6.3,-9.2,9.2,0.0081,0.002
odysseus,torso.roll,40.667,-1,5.3,-9.2,9.2,0.0057,0.001
odysseus,torso.roll,40.75,-0.6,4.4,-9.2,9.2,0.0037,0.001
odysseus,torso.roll,40.833,-0.4,3.4,-9.2,9.2,0.0022,0
odysseus,torso.roll,40.917,-0.2,2.4,-9.2,9.2,0.0011,0
odysseus,torso.roll,41,0,1.5,-9.2,9.2,0.0004,0
odysseus,torso.roll,41.083,0,0.5,-9.2,9.2,0.0002,0
odysseus,torso.roll,41.25,0.2,1.5,-9.2,9.2,0.0011,0
odysseus,torso.roll,41.333,0.4,2.4,-9.2,9.2,0.0022,0
odysseus,torso.roll,41.417,0.6,3.4,-9.2,9.2,0.0037,0
odysseus,torso.roll,41.5,1,4.4,-9.2,9.2,0.0057,0.001
odysseus,torso.roll,41.583,1.5,5.3,-9.2,9.2,0.0081,0.002
odysseus,torso.roll,41.667,2,6.3,-9.2,9.2,0.011,0.003
odysseus,torso.roll,41.75,2.6,7.3,-9.2,9.2,0.0143,0.004
odysseus,torso.roll,41.833,2,-6.5,-9.2,9.2,0.0136,0.003
odysseus,torso.roll,41.917,1.6,-5.7,-9.2,9.2,0.0087,0.002
odysseus,torso.roll,42,1.1,-5,-9.2,9.2,0.0064,0.001
odysseus,torso.roll,42.083,0.8,-4.2,-9.2,9.2,0.0045,0.001
odysseus,torso.roll,42.167,0.5,-3.4,-9.2,9.2,0.0029,0
odysseus,torso.roll,42.25,0.3,-2.7,-9.2,9.2,0.0017,0
odysseus,torso.roll,42.333,0.1,-1.9,-9.2,9.2,0.0008,0
odysseus,torso.roll,42.417,0,-1.1,-9.2,9.2,0.0003,0
odysseus,torso.roll,42.5,0,-0.4,-9.2,9.2,0.0001,0
odysseus,torso.roll,51.667,0.2,1.5,-9.2,9.2,0.0011,0
odysseus,torso.roll,51.75,0.4,2.4,-9.2,9.2,0.0022,0
odysseus,torso.roll,51.833,0.6,3.4,-9.2,9.2,0.0037,0
odysseus,torso.roll,51.917,1,4.4,-9.2,9.2,0.0057,0.001
odysseus,torso.roll,52,1.5,5.3,-9.2,9.2,0.0081,0.002
odysseus,torso.roll,52.083,2,6.3,-9.2,9.2,0.011,0.003
odysseus,torso.roll,52.167,2.6,7.3,-9.2,9.2,0.0143,0.004
odysseus,torso.roll,52.25,1.9,-8.2,-9.2,9.2,0.0131,0.004
odysseus,torso.roll,52.333,1.3,-6.9,-9.2,9.2,0.0074,0.002
odysseus,torso.roll,52.417,0.8,-5.7,-9.2,9.2,0.0048,0.001
odysseus,torso.roll,52.5,0.5,-4.4,-9.2,9.2,0.0028,0
odysseus,torso.roll,52.583,0.2,-3.2,-9.2,9.2,0.0014,0
odysseus,torso.roll,52.667,0.1,-1.9,-9.2,9.2,0.0005,0
odysseus,torso.roll,52.75,0,-0.6,-9.2,9.2,0.0002,0
odysseus,torso.roll,52.833,-0.1,-0.6,-9.2,9.2,0.0003,0
odysseus,torso.roll,52.917,-0.2,-1.9,-9.2,9.2,0.0014,0
odysseus,torso.roll,53,-0.5,-3.2,-9.2,9.2,0.0028,0
odysseus,torso.roll,53.083,-0.8,-4.4,-9.2,9.2,0.0048,0.001
odysseus,torso.roll,53.167,-1.3,-5.7,-9.2,9.2,0.0074,0.002
odysseus,torso.roll,53.25,-1.9,-6.9,-9.2,9.2,0.0106,0.003
odysseus,torso.roll,53.333,-2.6,-8.2,-9.2,9.2,0.0143,0.005
odysseus,torso.roll,53.417,-1.8,9.5,-9.2,9.2,0.013,0.005
odysseus,torso.roll,53.5,-1.1,7.7,-9.2,9.2,0.0066,0.002
odysseus,torso.roll,53.583,-0.6,6,-9.2,9.2,0.0038,0.001
odysseus,torso.roll,53.667,-0.3,4.3,-9.2,9.2,0.0019,0
odysseus,torso.roll,53.75,-0.1,2.6,-9.2,9.2,0.0007,0
odysseus,torso.roll,53.833,0,0.9,-9.2,9.2,0.0003,0
odysseus,torso.roll,53.917,0.1,0.9,-9.2,9.2,0.0004,0
odysseus,torso.roll,54,0.3,2.6,-9.2,9.2,0.0019,0
odysseus,torso.roll,54.083,0.6,4.3,-9.2,9.2,0.0038,0.001
odysseus,torso.roll,54.167,1.1,6,-9.2,9.2,0.0066,0.001
odysseus,torso.roll,54.25,1.8,7.7,-9.2,9.2,0.0101,0.003
odysseus,torso.roll,54.333,2.6,9.5,-9.2,9.2,0.0144,0.005
odysseus,torso.roll,54.417,1.8,-9.5,-9.2,9.2,0.0132,0.005
odysseus,torso.roll,54.5,1.1,-7.7,-9.2,9.2,0.0066,0.002
odysseus,torso.roll,54.583,0.6,-6,-9.2,9.2,0.0038,0.001
odysseus,torso.roll,54.667,0.3,-4.3,-9.2,9.2,0.0019,0
odysseus,torso.roll,54.75,0.1,-2.6,-9.2,9.2,0.0007,0
odysseus,torso.roll,54.833,0,-0.9,-9.2,9.2,0.0003,0
odysseus,torso.roll,54.917,-0.1,-0.9,-9.2,9.2,0.0004,0
odysseus,torso.roll,55,-0.3,-2.6,-9.2,9.2,0.0019,0
odysseus,torso.roll,55.083,-0.6,-4.3,-9.2,9.2,0.0038,0.001
odysseus,torso.roll,55.167,-1.1,-6,-9.2,9.2,0.0066,0.001
odysseus,torso.roll,55.25,-1.8,-7.7,-9.2,9.2,0.0101,0.003
odysseus,torso.roll,55.333,-2.6,-9.5,-9.2,9.2,0.0144,0.005
odysseus,torso.roll,55.417,-1.9,8.2,-9.2,9.2,0.0135,0.004
odysseus,torso.roll,55.5,-1.3,6.9,-9.2,9.2,0.0074,0.002
odysseus,torso.roll,55.583,-0.8,5.7,-9.2,9.2,0.0048,0.001
odysseus,torso.roll,55.667,-0.5,4.4,-9.2,9.2,0.0028,0
odysseus,torso.roll,55.75,-0.2,3.2,-9.2,9.2,0.0014,0
odysseus,torso.roll,55.833,-0.1,1.9,-9.2,9.2,0.0005,0
odysseus,torso.roll,55.917,0,0.6,-9.2,9.2,0.0002,0
odysseus,torso.roll,56,0,0,-9.2,9.2,0.0001,0
odysseus,torso.roll,58.417,-0.2,-2.3,-9.2,9.2,0.0015,0
odysseus,torso.roll,58.5,-0.7,-5.7,-9.2,9.2,0.0043,0.001
odysseus,torso.roll,58.583,-1.3,-7.4,-9.2,9.2,0.0074,0.002
odysseus,torso.roll,58.667,-1.9,-7.4,-9.2,9.2,0.0105,0.003
odysseus,torso.roll,58.75,-2.4,-5.7,-9.2,9.2,0.0134,0.003
odysseus,torso.roll,58.833,-2.6,-2.3,-9.2,9.2,0.0147,0.002
odysseus,torso.roll,58.917,-2.5,0.6,-9.2,9.2,0.0144,0.001
odysseus,torso.roll,59,-2.5,0.6,-9.2,9.2,0.0136,0.001
odysseus,torso.roll,59.083,-2.4,0.6,-9.2,9.2,0.0133,0.001
odysseus,torso.roll,59.167,-2.4,0.6,-9.2,9.2,0.0131,0.001
odysseus,torso.roll,59.25,-2.3,0.6,-9.2,9.2,0.0128,0.001
odysseus,torso.roll,59.333,-2.3,0.6,-9.2,9.2,0.0126,0.001
odysseus,torso.roll,59.417,-2.2,0.6,-9.2,9.2,0.0123,0.001
odysseus,torso.roll,59.5,-2.2,0.6,-9.2,9.2,0.012,0.001
odysseus,torso.roll,59.583,-2.1,0.6,-9.2,9.2,0.0118,0.001
odysseus,torso.roll,59.667,-2.1,0.6,-9.2,9.2,0.0115,0
odysseus,torso.roll,59.75,-2.1,0.6,-9.2,9.2,0.0112,0
odysseus,torso.roll,59.833,-2,0.6,-9.2,9.2,0.011,0
odysseus,torso.roll,59.917,-2,0.6,-9.2,9.2,0.0107,0
odysseus,torso.roll,60,-1.9,0.6,-9.2,9.2,0.0105,0
odysseus,torso.roll,60.083,-1.9,0.6,-9.2,9.2,0.0102,0
odysseus,torso.roll,60.167,-1.8,0.6,-9.2,9.2,0.0099,0
odysseus,torso.roll,60.25,-1.8,0.6,-9.2,9.2,0.0097,0
odysseus,torso.roll,60.333,-1.7,0.6,-9.2,9.2,0.0094,0
odysseus,torso.roll,60.417,-1.7,0,-9.2,9.2,0.0095,0
odysseus,torso.roll,62.167,-1.4,3.8,-9.2,9.2,0.0084,0.001
odysseus,torso.roll,62.25,-0.6,9.5,-9.2,9.2,0.0043,0.001
odysseus,torso.roll,62.333,0.4,12.4,-9.2,9.2,0.0029,0.001
odysseus,torso.roll,62.417,1.5,12.4,-9.2,9.2,0.008,0.004
odysseus,torso.roll,62.5,2.3,9.5,-9.2,9.2,0.0129,0.005
odysseus,torso.roll,62.583,2.6,3.8,-9.2,9.2,0.0151,0.002
odysseus,torso.roll,62.667,2.5,-0.6,-9.2,9.2,0.0146,0.001
odysseus,torso.roll,62.75,2.5,-0.6,-9.2,9.2,0.0136,0.001
odysseus,torso.roll,62.833,2.4,-0.6,-9.2,9.2,0.0133,0.001
odysseus,torso.roll,62.917,2.4,-0.6,-9.2,9.2,0.0131,0.001
odysseus,torso.roll,63,2.3,-0.6,-9.2,9.2,0.0128,0.001
odysseus,torso.roll,63.083,2.3,-0.6,-9.2,9.2,0.0126,0.001
odysseus,torso.roll,63.167,2.2,-0.6,-9.2,9.2,0.0123,0.001
odysseus,torso.roll,63.25,2.2,-0.6,-9.2,9.2,0.012,0.001
odysseus,torso.roll,63.333,2.1,-0.6,-9.2,9.2,0.0118,0.001
odysseus,torso.roll,63.417,2.1,-0.6,-9.2,9.2,0.0115,0
odysseus,torso.roll,63.5,2.1,-0.6,-9.2,9.2,0.0112,0
odysseus,torso.roll,63.583,2,-0.6,-9.2,9.2,0.011,0
odysseus,torso.roll,63.667,2,-0.6,-9.2,9.2,0.0107,0
odysseus,torso.roll,63.75,1.9,-0.6,-9.2,9.2,0.0105,0
odysseus,torso.roll,63.833,1.9,-0.6,-9.2,9.2,0.0102,0
odysseus,torso.roll,63.917,1.8,-0.6,-9.2,9.2,0.0099,0
odysseus,torso.roll,64,1.8,-0.6,-9.2,9.2,0.0097,0
odysseus,torso.roll,64.083,1.7,-0.6,-9.2,9.2,0.0094,0
odysseus,torso.roll,64.167,1.7,0,-9.2,9.2,0.0095,0
odysseus,torso.roll,66,1.3,-5.4,-9.2,9.2,0.0079,0.002
odysseus,torso.roll,66.083,0.2,-12.8,-9.2,9.2,0.0025,0.001
odysseus,torso.roll,66.167,-1.1,-15.3,-9.2,9.2,0.0063,0.003
odysseus,torso.roll,66.25,-2.1,-12.8,-9.2,9.2,0.0121,0.006
odysseus,torso.roll,66.333,-2.6,-5.4,-9.2,9.2,0.0154,0.003
odysseus,torso.roll,66.417,-2.5,0.5,-9.2,9.2,0.0149,0.001
odysseus,torso.roll,66.5,-2.5,0.5,-9.2,9.2,0.0136,0.001
odysseus,torso.roll,66.583,-2.4,0.5,-9.2,9.2,0.0134,0.001
odysseus,torso.roll,66.667,-2.4,0.5,-9.2,9.2,0.0131,0.001
odysseus,torso.roll,66.75,-2.4,0.5,-9.2,9.2,0.0129,0.001
odysseus,torso.roll,66.833,-2.3,0.5,-9.2,9.2,0.0126,0.001
odysseus,torso.roll,66.917,-2.3,0.5,-9.2,9.2,0.0124,0.001
odysseus,torso.roll,67,-2.2,0.5,-9.2,9.2,0.0121,0.001
odysseus,torso.roll,67.083,-2.2,0.5,-9.2,9.2,0.0119,0.001
odysseus,torso.roll,67.167,-2.1,0.5,-9.2,9.2,0.0116,0
odysseus,torso.roll,67.25,-2.1,0.5,-9.2,9.2,0.0114,0
odysseus,torso.roll,67.333,-2,0.5,-9.2,9.2,0.0112,0
odysseus,torso.roll,67.417,-2,0.5,-9.2,9.2,0.0109,0
odysseus,torso.roll,67.5,-1.9,0.5,-9.2,9.2,0.0107,0
odysseus,torso.roll,67.583,-1.9,0.5,-9.2,9.2,0.0104,0
odysseus,torso.roll,67.667,-1.9,0.5,-9.2,9.2,0.0102,0
odysseus,torso.roll,67.75,-1.8,0.5,-9.2,9.2,0.0099,0
odysseus,torso.roll,67.833,-1.8,0.5,-9.2,9.2,0.0097,0
odysseus,torso.roll,67.917,-1.7,0.5,-9.2,9.2,0.0094,0
odysseus,torso.roll,68,-1.7,0,-9.2,9.2,0.0095,0
odysseus,torso.roll,69.25,-1.4,3.8,-9.2,9.2,0.0084,0.001
odysseus,torso.roll,69.333,-0.6,9.5,-9.2,9.2,0.0043,0.001
odysseus,torso.roll,69.417,0.4,12.4,-9.2,9.2,0.0029,0.001
odysseus,torso.roll,69.5,1.5,12.4,-9.2,9.2,0.008,0.004
odysseus,torso.roll,69.583,2.3,9.5,-9.2,9.2,0.0129,0.005
odysseus,torso.roll,69.667,2.6,3.8,-9.2,9.2,0.0151,0.002
odysseus,torso.roll,69.75,2.5,-0.6,-9.2,9.2,0.0146,0.001
odysseus,torso.roll,69.833,2.5,-0.6,-9.2,9.2,0.0136,0.001
odysseus,torso.roll,69.917,2.4,-0.6,-9.2,9.2,0.0133,0.001
odysseus,torso.roll,70,2.4,-0.6,-9.2,9.2,0.0131,0.001
odysseus,torso.roll,70.083,2.3,-0.6,-9.2,9.2,0.0128,0.001
odysseus,torso.roll,70.167,2.3,-0.6,-9.2,9.2,0.0126,0.001
odysseus,torso.roll,70.25,2.2,-0.6,-9.2,9.2,0.0123,0.001
odysseus,torso.roll,70.333,2.2,-0.6,-9.2,9.2,0.012,0.001
odysseus,torso.roll,70.417,2.1,-0.6,-9.2,9.2,0.0118,0.001
odysseus,torso.roll,70.5,2.1,-0.6,-9.2,9.2,0.0115,0
odysseus,torso.roll,70.583,2.1,-0.6,-9.2,9.2,0.0112,0
odysseus,torso.roll,70.667,2,-0.6,-9.2,9.2,0.011,0
odysseus,torso.roll,70.75,2,-0.6,-9.2,9.2,0.0107,0
odysseus,torso.roll,70.833,1.9,-0.6,-9.2,9.2,0.0105,0
odysseus,torso.roll,70.917,1.9,-0.6,-9.2,9.2,0.0102,0
odysseus,torso.roll,71,1.8,-0.6,-9.2,9.2,0.0099,0
odysseus,torso.roll,71.083,1.8,-0.6,-9.2,9.2,0.0097,0
odysseus,torso.roll,71.167,1.7,-0.6,-9.2,9.2,0.0094,0
odysseus,torso.roll,71.25,1.7,0,-9.2,9.2,0.0095,0
odysseus,torso.roll,73.167,1.3,-5.4,-9.2,9.2,0.0079,0.002
odysseus,torso.roll,73.25,0.2,-12.8,-9.2,9.2,0.0025,0.001
odysseus,torso.roll,73.333,-1.1,-15.3,-9.2,9.2,0.0063,0.003
odysseus,torso.roll,73.417,-2.1,-12.8,-9.2,9.2,0.0121,0.006
odysseus,torso.roll,73.5,-2.6,-5.4,-9.2,9.2,0.0154,0.003
odysseus,torso.roll,73.583,-2.5,0.5,-9.2,9.2,0.0149,0.001
odysseus,torso.roll,73.667,-2.5,0.5,-9.2,9.2,0.0136,0.001
odysseus,torso.roll,73.75,-2.4,0.5,-9.2,9.2,0.0134,0.001
odysseus,torso.roll,73.833,-2.4,0.5,-9.2,9.2,0.0131,0.001
odysseus,torso.roll,73.917,-2.4,0.5,-9.2,9.2,0.0129,0.001
odysseus,torso.roll,74,-2.3,0.5,-9.2,9.2,0.0126,0.001
odysseus,torso.roll,74.083,-2.3,0.5,-9.2,9.2,0.0124,0.001
odysseus,torso.roll,74.167,-2.2,0.5,-9.2,9.2,0.0121,0.001
odysseus,torso.roll,74.25,-2.2,0.5,-9.2,9.2,0.0119,0.001
odysseus,torso.roll,74.333,-2.1,0.5,-9.2,9.2,0.0116,0
odysseus,torso.roll,74.417,-2.1,0.5,-9.2,9.2,0.0114,0
odysseus,torso.roll,74.5,-2,0.5,-9.2,9.2,0.0112,0
odysseus,torso.roll,74.583,-2,0.5,-9.2,9.2,0.0109,0
odysseus,torso.roll,74.667,-1.9,0.5,-9.2,9.2,0.0107,0
odysseus,torso.roll,74.75,-1.9,0.5,-9.2,9.2,0.0104,0
odysseus,torso.roll,74.833,-1.9,0.5,-9.2,9.2,0.0102,0
odysseus,torso.roll,74.917,-1.8,0.5,-9.2,9.2,0.0099,0
odysseus,torso.roll,75,-1.8,0.5,-9.2,9.2,0.0097,0
odysseus,torso.roll,75.083,-1.7,0.5,-9.2,9.2,0.0094,0
odysseus,torso.roll,75.167,-1.7,0,-9.2,9.2,0.0095,0
odysseus,torso.roll,89.25,-1.7,0,-9.2,9.2,0.0094,0
odysseus,head.yaw,0,0,0,-83.1,83.1,0,0
odysseus,head.yaw,0.917,-8.1,-97.5,-83.1,83.1,0.0038,0.013
odysseus,head.yaw,1,-14.4,-75.8,-83.1,83.1,0.006,0.016
odysseus,head.yaw,1.083,-19,-54.2,-83.1,83.1,0.0078,0.015
odysseus,head.yaw,1.167,-21.7,-32.5,-83.1,83.1,0.0088,0.01
odysseus,head.yaw,1.25,-22.6,-10.8,-83.1,83.1,0.0091,0.004
odysseus,head.yaw,1.333,-22.3,3.3,-83.1,83.1,0.009,0.001
odysseus,head.yaw,1.417,-21.8,6.2,-83.1,83.1,0.0087,0.002
odysseus,head.yaw,1.5,-21.5,3.3,-83.1,83.1,0.0086,0.001
odysseus,head.yaw,1.583,-21.5,0,-83.1,83.1,0.0086,0
odysseus,head.yaw,4.583,1.7,278.7,-83.1,83.1,0.0021,0.021
odysseus,head.yaw,4.667,19.8,216.8,-83.1,83.1,0.0083,0.063
odysseus,head.yaw,4.75,32.7,154.8,-83.1,83.1,0.013,0.071
odysseus,head.yaw,4.833,40.4,92.9,-83.1,83.1,0.0156,0.051
odysseus,head.yaw,4.917,43,31,-83.1,83.1,0.0164,0.018
odysseus,head.yaw,5,42.5,-6.4,-83.1,83.1,0.0161,0.004
odysseus,head.yaw,5.083,41.5,-11.8,-83.1,83.1,0.0156,0.007
odysseus,head.yaw,5.167,41,-6.4,-83.1,83.1,0.0155,0.004
odysseus,head.yaw,5.25,41,0,-83.1,83.1,0.0155,0
odysseus,head.yaw,6.417,21.6,-233,-83.1,83.1,0.0098,0.08
odysseus,head.yaw,6.5,5.7,-190.6,-83.1,83.1,0.0025,0.017
odysseus,head.yaw,6.583,-6.7,-148.3,-83.1,83.1,0.003,0.015
odysseus,head.yaw,6.667,-15.5,-105.9,-83.1,83.1,0.0065,0.024
odysseus,head.yaw,6.75,-20.8,-63.5,-83.1,83.1,0.0086,0.019
odysseus,head.yaw,6.833,-22.6,-21.2,-83.1,83.1,0.0092,0.007
odysseus,head.yaw,6.917,-22.3,3.3,-83.1,83.1,0.0091,0.001
odysseus,head.yaw,7,-21.8,6.2,-83.1,83.1,0.0087,0.002
odysseus,head.yaw,7.083,-21.5,3.3,-83.1,83.1,0.0086,0.001
odysseus,head.yaw,7.167,-21.5,0,-83.1,83.1,0.0086,0
odysseus,head.yaw,9.583,2.6,288.9,-83.1,83.1,0.0025,0.025
odysseus,head.yaw,9.667,23.4,250.4,-83.1,83.1,0.0096,0.084
odysseus,head.yaw,9.75,41.1,211.8,-83.1,83.1,0.0157,0.116
odysseus,head.yaw,9.833,55.5,173.3,-83.1,83.1,0.0196,0.119
odysseus,head.yaw,9.917,66.8,134.8,-83.1,83.1,0.0218,0.104
odysseus,head.yaw,10,74.8,96.3,-83.1,83.1,0.0229,0.078
odysseus,head.yaw,10.083,79.6,57.8,-83.1,83.1,0.0234,0.048
odysseus,head.yaw,10.167,81.2,19.3,-83.1,83.1,0.0235,0.017
odysseus,head.yaw,10.25,80.2,-12,-83.1,83.1,0.0234,0.011
odysseus,head.yaw,10.333,78.4,-22.3,-83.1,83.1,0.0231,0.019
odysseus,head.yaw,10.417,77.3,-12,-83.1,83.1,0.023,0.011
odysseus,head.yaw,10.5,77.3,0,-83.1,83.1,0.023,0.001
odysseus,head.yaw,11,46.8,-366.3,-83.1,83.1,0.019,0.244
odysseus,head.yaw,11.083,21.8,-299.7,-83.1,83.1,0.0091,0.095
odysseus,head.yaw,11.167,2.4,-233.1,-83.1,83.1,0.0013,0.011
odysseus,head.yaw,11.25,-11.5,-166.5,-83.1,83.1,0.005,0.029
odysseus,head.yaw,11.333,-19.8,-99.9,-83.1,83.1,0.0083,0.029
odysseus,head.yaw,11.417,-22.6,-33.3,-83.1,83.1,0.0094,0.011
odysseus,head.yaw,11.5,-22.3,3.3,-83.1,83.1,0.0091,0.001
odysseus,head.yaw,11.583,-21.8,6.2,-83.1,83.1,0.0087,0.002
odysseus,head.yaw,11.667,-21.5,3.3,-83.1,83.1,0.0086,0.001
odysseus,head.yaw,11.75,-21.5,0,-83.1,83.1,0.0086,0
odysseus,head.yaw,15.417,1.7,278.7,-83.1,83.1,0.0021,0.021
odysseus,head.yaw,15.5,19.8,216.8,-83.1,83.1,0.0083,0.063
odysseus,head.yaw,15.583,32.7,154.8,-83.1,83.1,0.013,0.071
odysseus,head.yaw,15.667,40.4,92.9,-83.1,83.1,0.0156,0.051
odysseus,head.yaw,15.75,43,31,-83.1,83.1,0.0164,0.018
odysseus,head.yaw,15.833,42.5,-6.4,-83.1,83.1,0.0161,0.004
odysseus,head.yaw,15.917,41.5,-11.8,-83.1,83.1,0.0156,0.007
odysseus,head.yaw,16,41,-6.4,-83.1,83.1,0.0155,0.004
odysseus,head.yaw,16.083,41,0,-83.1,83.1,0.0155,0
odysseus,head.yaw,16.917,21.6,-233,-83.1,83.1,0.0098,0.08
odysseus,head.yaw,17,5.7,-190.6,-83.1,83.1,0.0025,0.017
odysseus,head.yaw,17.083,-6.7,-148.3,-83.1,83.1,0.003,0.015
odysseus,head.yaw,17.167,-15.5,-105.9,-83.1,83.1,0.0065,0.024
odysseus,head.yaw,17.25,-20.8,-63.5,-83.1,83.1,0.0086,0.019
odysseus,head.yaw,17.333,-22.6,-21.2,-83.1,83.1,0.0092,0.007
odysseus,head.yaw,17.417,-22.3,3.3,-83.1,83.1,0.0091,0.001
odysseus,head.yaw,17.5,-21.8,6.2,-83.1,83.1,0.0087,0.002
odysseus,head.yaw,17.583,-21.5,3.3,-83.1,83.1,0.0086,0.001
odysseus,head.yaw,17.667,-21.5,0,-83.1,83.1,0.0086,0
odysseus,head.yaw,20.167,5.8,327,-83.1,83.1,0.004,0.046
odysseus,head.yaw,20.25,28.8,276.7,-83.1,83.1,0.0116,0.112
odysseus,head.yaw,20.333,47.7,226.4,-83.1,83.1,0.0177,0.14
odysseus,head.yaw,20.417,62.4,176.1,-83.1,83.1,0.0211,0.131
odysseus,head.yaw,20.5,72.8,125.8,-83.1,83.1,0.0227,0.101
odysseus,head.yaw,20.583,79.1,75.5,-83.1,83.1,0.0234,0.063
odysseus,head.yaw,20.667,81.2,25.2,-83.1,83.1,0.0235,0.022
odysseus,head.yaw,20.75,80.2,-12,-83.1,83.1,0.0234,0.011
odysseus,head.yaw,20.833,78.4,-22.3,-83.1,83.1,0.0231,0.019
odysseus,head.yaw,20.917,77.3,-12,-83.1,83.1,0.023,0.011
odysseus,head.yaw,21,77.3,0,-83.1,83.1,0.023,0.001
odysseus,head.yaw,21.417,41.4,-431.6,-83.1,83.1,0.0177,0.268
odysseus,head.yaw,21.5,13.4,-335.7,-83.1,83.1,0.0059,0.07
odysseus,head.yaw,21.583,-6.6,-239.8,-83.1,83.1,0.0032,0.027
odysseus,head.yaw,21.667,-18.6,-143.9,-83.1,83.1,0.008,0.04
odysseus,head.yaw,21.75,-22.6,-48,-83.1,83.1,0.0095,0.016
odysseus,head.yaw,21.833,-22.3,3.3,-83.1,83.1,0.0092,0.001
odysseus,head.yaw,21.917,-21.8,6.2,-83.1,83.1,0.0087,0.002
odysseus,head.yaw,22,-21.5,3.3,-83.1,83.1,0.0086,0.001
odysseus,head.yaw,22.083,-21.5,0,-83.1,83.1,0.0086,0
odysseus,head.yaw,25.583,-15,78.3,-83.1,83.1,0.0065,0.018
odysseus,head.yaw,25.667,0.6,186.7,-83.1,83.1,0.0008,0.005
odysseus,head.yaw,25.75,19.2,222.8,-83.1,83.1,0.0079,0.062
odysseus,head.yaw,25.833,34.7,186.7,-83.1,83.1,0.0136,0.089
odysseus,head.yaw,25.917,41.2,78.3,-83.1,83.1,0.0161,0.044
odysseus,head.yaw,26,6,-423.2,-83.1,83.1,0.005,0.073
odysseus,head.yaw,26.083,-22.9,-346.2,-83.1,83.1,0.0095,0.115
odysseus,head.yaw,26.167,-45.3,-269.3,-83.1,83.1,0.0171,0.162
odysseus,head.yaw,26.25,-61.3,-192.3,-83.1,83.1,0.021,0.142
odysseus,head.yaw,26.333,-71,-115.4,-83.1,83.1,0.0226,0.092
odysseus,head.yaw,26.417,-74.2,-38.5,-83.1,83.1,0.023,0.032
odysseus,head.yaw,26.5,-73.3,11,-83.1,83.1,0.0228,0.01
odysseus,head.yaw,26.583,-61.8,137.4,-83.1,83.1,0.0214,0.103
odysseus,head.yaw,26.667,-20.5,495.5,-83.1,83.1,0.0101,0.174
odysseus,head.yaw,26.75,4.3,297.3,-83.1,83.1,0.0027,0.028
odysseus,head.yaw,26.833,12.5,99.1,-83.1,83.1,0.0061,0.021
odysseus,head.yaw,26.917,12.5,0,-83.1,83.1,0.0056,0
odysseus,head.yaw,27.083,-3,-186.4,-83.1,83.1,0.0022,0.014
odysseus,head.yaw,27.167,-12.3,-111.9,-83.1,83.1,0.0054,0.021
odysseus,head.yaw,27.25,-15.5,-37.3,-83.1,83.1,0.0066,0.009
odysseus,head.yaw,27.333,-15.5,0,-83.1,83.1,0.0065,0
odysseus,head.yaw,27.583,-20.8,-64.2,-83.1,83.1,0.0087,0.02
odysseus,head.yaw,27.667,-24,-38.5,-83.1,83.1,0.0097,0.013
odysseus,head.yaw,27.75,-25.1,-12.8,-83.1,83.1,0.0101,0.005
odysseus,head.yaw,27.833,-25.1,0,-83.1,83.1,0.01,0
odysseus,head.yaw,28,-26.1,-11.6,-83.1,83.1,0.0104,0.004
odysseus,head.yaw,28.083,-26.6,-7,-83.1,83.1,0.0106,0.003
odysseus,head.yaw,28.167,-26.8,-2.3,-83.1,83.1,0.0107,0.001
odysseus,head.yaw,28.25,-26.8,0,-83.1,83.1,0.0106,0
odysseus,head.yaw,28.5,-28,-13.7,-83.1,83.1,0.0111,0.006
odysseus,head.yaw,28.583,-28.7,-8.2,-83.1,83.1,0.0113,0.003
odysseus,head.yaw,28.667,-28.9,-2.7,-83.1,83.1,0.0114,0.001
odysseus,head.yaw,28.75,-28.9,0,-83.1,83.1,0.0114,0
odysseus,head.yaw,28.917,-30.2,-15.9,-83.1,83.1,0.0119,0.007
odysseus,head.yaw,29,-31,-9.5,-83.1,83.1,0.0122,0.004
odysseus,head.yaw,29.083,-31.3,-3.2,-83.1,83.1,0.0123,0.002
odysseus,head.yaw,29.167,-31.3,0,-83.1,83.1,0.0122,0
odysseus,head.yaw,29.333,-32.4,-14.1,-83.1,83.1,0.0127,0.007
odysseus,head.yaw,29.417,-33.3,-10.1,-83.1,83.1,0.0129,0.005
odysseus,head.yaw,29.5,-33.8,-6.1,-83.1,83.1,0.0131,0.003
odysseus,head.yaw,29.583,-34,-2,-83.1,83.1,0.0132,0.001
odysseus,head.yaw,29.667,-34,0,-83.1,83.1,0.0132,0
odysseus,head.yaw,29.833,-35.6,-19.7,-83.1,83.1,0.0138,0.01
odysseus,head.yaw,29.917,-36.6,-11.8,-83.1,83.1,0.0141,0.006
odysseus,head.yaw,30,-36.9,-3.9,-83.1,83.1,0.0142,0.002
odysseus,head.yaw,30.083,-36.9,0,-83.1,83.1,0.0142,0
odysseus,head.yaw,30.25,-38.3,-16.5,-83.1,83.1,0.0147,0.009
odysseus,head.yaw,30.333,-39.3,-11.8,-83.1,83.1,0.0149,0.007
odysseus,head.yaw,30.417,-39.9,-7.1,-83.1,83.1,0.0151,0.004
odysseus,head.yaw,30.5,-40.1,-2.4,-83.1,83.1,0.0152,0.002
odysseus,head.yaw,30.583,-40.1,0,-83.1,83.1,0.0152,0
odysseus,head.yaw,30.75,-37.7,28.8,-83.1,83.1,0.0145,0.015
odysseus,head.yaw,30.833,-36.2,17.3,-83.1,83.1,0.014,0.009
odysseus,head.yaw,30.917,-35.7,5.8,-83.1,83.1,0.0138,0.003
odysseus,head.yaw,31,-35.7,0,-83.1,83.1,0.0138,0
odysseus,head.yaw,31.167,-23.1,152.1,-83.1,83.1,0.01,0.053
odysseus,head.yaw,31.25,-15.5,91.3,-83.1,83.1,0.0066,0.021
odysseus,head.yaw,31.333,-12.9,30.4,-83.1,83.1,0.0056,0.006
odysseus,head.yaw,31.417,-12.9,0,-83.1,83.1,0.0054,0
odysseus,head.yaw,31.75,-12.2,9,-83.1,83.1,0.005,0.002
odysseus,head.yaw,31.833,-11.6,6.4,-83.1,83.1,0.0048,0.001
odysseus,head.yaw,31.917,-11.3,3.8,-83.1,83.1,0.0046,0.001
odysseus,head.yaw,32,-11.2,1.3,-83.1,83.1,0.0046,0
odysseus,head.yaw,32.083,-11.1,1.7,-83.1,83.1,0.0045,0
odysseus,head.yaw,32.167,-10.8,3.1,-83.1,83.1,0.0044,0.001
odysseus,head.yaw,32.25,-10.7,1.7,-83.1,83.1,0.0044,0
odysseus,head.yaw,32.333,-10.7,0,-83.1,83.1,0.0044,0
odysseus,head.yaw,33.417,-10.9,-2.8,-83.1,83.1,0.0045,0
odysseus,head.yaw,33.5,-11.1,-2,-83.1,83.1,0.0045,0
odysseus,head.yaw,33.583,-11.2,-1.2,-83.1,83.1,0.0046,0
odysseus,head.yaw,33.667,-11.2,-0.4,-83.1,83.1,0.0046,0
odysseus,head.yaw,33.75,-11.1,1.7,-83.1,83.1,0.0045,0
odysseus,head.yaw,33.833,-10.8,3.1,-83.1,83.1,0.0044,0.001
odysseus,head.yaw,33.917,-10.7,1.7,-83.1,83.1,0.0044,0
odysseus,head.yaw,34,-10.7,0,-83.1,83.1,0.0044,0
odysseus,head.yaw,34.25,-22.5,-141.6,-83.1,83.1,0.0097,0.048
odysseus,head.yaw,34.333,-32.1,-115.8,-83.1,83.1,0.0127,0.051
odysseus,head.yaw,34.417,-39.6,-90.1,-83.1,83.1,0.0151,0.048
odysseus,head.yaw,34.5,-45,-64.3,-83.1,83.1,0.0168,0.038
odysseus,head.yaw,34.583,-48.2,-38.6,-83.1,83.1,0.0177,0.024
odysseus,head.yaw,34.667,-49.3,-12.9,-83.1,83.1,0.018,0.009
odysseus,head.yaw,34.75,-48.7,7.3,-83.1,83.1,0.0178,0.005
odysseus,head.yaw,34.833,-47.5,13.6,-83.1,83.1,0.0174,0.009
odysseus,head.yaw,34.917,-46.9,7.3,-83.1,83.1,0.0172,0.005
odysseus,head.yaw,35,-46.9,0,-83.1,83.1,0.0172,0.001
odysseus,head.yaw,36.583,-16.9,360.4,-83.1,83.1,0.0087,0.109
odysseus,head.yaw,36.667,9.1,312.4,-83.1,83.1,0.004,0.043
odysseus,head.yaw,36.75,31.2,264.3,-83.1,83.1,0.0124,0.115
odysseus,head.yaw,36.833,49.2,216.3,-83.1,83.1,0.0181,0.137
odysseus,head.yaw,36.917,63.2,168.2,-83.1,83.1,0.0213,0.126
odysseus,head.yaw,37,73.2,120.1,-83.1,83.1,0.0228,0.097
odysseus,head.yaw,37.083,79.2,72.1,-83.1,83.1,0.0234,0.06
odysseus,head.yaw,37.167,81.2,24,-83.1,83.1,0.0235,0.021
odysseus,head.yaw,37.25,80.2,-12,-83.1,83.1,0.0234,0.011
odysseus,head.yaw,37.333,78.4,-22.3,-83.1,83.1,0.0231,0.019
odysseus,head.yaw,37.417,77.3,-12,-83.1,83.1,0.023,0.011
odysseus,head.yaw,37.5,77.3,0,-83.1,83.1,0.023,0.001
odysseus,head.yaw,37.75,45.5,-382.6,-83.1,83.1,0.0187,0.251
odysseus,head.yaw,37.833,20.7,-297.6,-83.1,83.1,0.0087,0.091
odysseus,head.yaw,37.917,3,-212.6,-83.1,83.1,0.0016,0.012
odysseus,head.yaw,38,-7.7,-127.5,-83.1,83.1,0.0036,0.016
odysseus,head.yaw,38.083,-11.2,-42.5,-83.1,83.1,0.005,0.007
odysseus,head.yaw,38.167,-11.1,1.7,-83.1,83.1,0.0047,0
odysseus,head.yaw,38.25,-10.8,3.1,-83.1,83.1,0.0044,0.001
odysseus,head.yaw,38.333,-10.7,1.7,-83.1,83.1,0.0044,0
odysseus,head.yaw,38.417,-9,20,-83.1,83.1,0.0038,0.003
odysseus,head.yaw,38.5,-28.7,-235.7,-83.1,83.1,0.0126,0.104
odysseus,head.yaw,38.583,-40.4,-141.4,-83.1,83.1,0.0157,0.078
odysseus,head.yaw,38.667,-44.4,-47.1,-83.1,83.1,0.0169,0.028
odysseus,head.yaw,38.75,-44.4,0,-83.1,83.1,0.0167,0.001
odysseus,head.yaw,38.917,-22.2,265.7,-83.1,83.1,0.0102,0.095
odysseus,head.yaw,39,-8.9,159.4,-83.1,83.1,0.0042,0.023
odysseus,head.yaw,39.083,-4.5,53.1,-83.1,83.1,0.0024,0.004
odysseus,head.yaw,39.167,-4.5,0,-83.1,83.1,0.0021,0
odysseus,head.yaw,39.417,1.5,72.4,-83.1,83.1,0.001,0.003
odysseus,head.yaw,39.5,3.5,24.1,-83.1,83.1,0.0017,0.001
odysseus,head.yaw,39.583,3.5,0,-83.1,83.1,0.0016,0
odysseus,head.yaw,39.833,3.7,1.8,-83.1,83.1,0.0015,0
odysseus,head.yaw,39.917,3.8,1.1,-83.1,83.1,0.0016,0
odysseus,head.yaw,40,3.8,0.4,-83.1,83.1,0.0016,0
odysseus,head.yaw,40.25,4,2.2,-83.1,83.1,0.0016,0
odysseus,head.yaw,40.333,4.1,1.3,-83.1,83.1,0.0017,0
odysseus,head.yaw,40.417,4.1,0.4,-83.1,83.1,0.0017,0
odysseus,head.yaw,40.75,4.4,3.6,-83.1,83.1,0.0018,0
odysseus,head.yaw,40.833,4.5,1.2,-83.1,83.1,0.0019,0
odysseus,head.yaw,40.917,4.5,0,-83.1,83.1,0.0019,0
odysseus,head.yaw,41.167,4.8,3.2,-83.1,83.1,0.002,0
odysseus,head.yaw,41.25,5,1.9,-83.1,83.1,0.002,0
odysseus,head.yaw,41.333,5,0.6,-83.1,83.1,0.0021,0
odysseus,head.yaw,41.417,5,0,-83.1,83.1,0.0021,0
odysseus,head.yaw,41.667,5.5,5.2,-83.1,83.1,0.0023,0
odysseus,head.yaw,41.75,5.6,1.7,-83.1,83.1,0.0023,0
odysseus,head.yaw,41.833,5.6,0,-83.1,83.1,0.0023,0
odysseus,head.yaw,42.083,6.1,6.5,-83.1,83.1,0.0026,0.001
odysseus,head.yaw,42.167,6.5,3.9,-83.1,83.1,0.0027,0
odysseus,head.yaw,42.25,6.6,1.3,-83.1,83.1,0.0027,0
odysseus,head.yaw,42.333,6.6,0,-83.1,83.1,0.0027,0
odysseus,head.yaw,42.5,10.4,45.9,-83.1,83.1,0.0045,0.007
odysseus,head.yaw,42.583,12.7,27.5,-83.1,83.1,0.0053,0.005
odysseus,head.yaw,42.667,13.5,9.2,-83.1,83.1,0.0056,0.002
odysseus,head.yaw,42.75,13.5,0,-83.1,83.1,0.0055,0
odysseus,head.yaw,42.833,14.9,17,-83.1,83.1,0.0061,0.004
odysseus,head.yaw,42.917,15.9,12.1,-83.1,83.1,0.0065,0.003
odysseus,head.yaw,43,16.5,7.3,-83.1,83.1,0.0067,0.002
odysseus,head.yaw,43.083,16.7,2.4,-83.1,83.1,0.0068,0.001
odysseus,head.yaw,43.167,16.5,-2.5,-83.1,83.1,0.0067,0.001
odysseus,head.yaw,43.25,16.1,-4.6,-83.1,83.1,0.0065,0.001
odysseus,head.yaw,43.333,15.9,-2.5,-83.1,83.1,0.0065,0.001
odysseus,head.yaw,43.417,15.9,0,-83.1,83.1,0.0065,0
odysseus,head.yaw,50.917,13.5,-29.1,-83.1,83.1,0.0056,0.006
odysseus,head.yaw,51,8.2,-63.5,-83.1,83.1,0.0035,0.008
odysseus,head.yaw,51.083,3,-62.2,-83.1,83.1,0.0012,0.003
odysseus,head.yaw,51.167,0.9,-25.3,-83.1,83.1,0.0005,0
odysseus,head.yaw,51.25,1.4,5.7,-83.1,83.1,0.0007,0
odysseus,head.yaw,51.333,1.9,6.9,-83.1,83.1,0.0008,0
odysseus,head.yaw,51.417,2.6,8,-83.1,83.1,0.0011,0
odysseus,head.yaw,51.5,3.3,9,-83.1,83.1,0.0014,0
odysseus,head.yaw,51.583,4.2,9.9,-83.1,83.1,0.0017,0.001
odysseus,head.yaw,51.667,5.1,10.9,-83.1,83.1,0.0021,0.001
odysseus,head.yaw,51.75,16.8,141.2,-83.1,83.1,0.0075,0.037
odysseus,head.yaw,51.833,24.4,90.4,-83.1,83.1,0.01,0.032
odysseus,head.yaw,51.917,27.7,39.4,-83.1,83.1,0.0112,0.016
odysseus,head.yaw,52,28.9,14.3,-83.1,83.1,0.0115,0.006
odysseus,head.yaw,52.083,30.1,15,-83.1,83.1,0.0118,0.006
odysseus,head.yaw,52.167,36.6,77.6,-83.1,83.1,0.0143,0.039
odysseus,head.yaw,52.25,41.6,60.6,-83.1,83.1,0.0157,0.034
odysseus,head.yaw,52.333,45.2,43.5,-83.1,83.1,0.0168,0.026
odysseus,head.yaw,52.417,47.4,26.4,-83.1,83.1,0.0174,0.017
odysseus,head.yaw,52.5,48.9,18,-83.1,83.1,0.0178,0.012
odysseus,head.yaw,52.583,48.7,-2.4,-83.1,83.1,0.0178,0.002
odysseus,head.yaw,52.667,49,2.7,-83.1,83.1,0.0178,0.002
odysseus,head.yaw,52.75,49.6,7.6,-83.1,83.1,0.018,0.005
odysseus,head.yaw,52.833,50.7,12.6,-83.1,83.1,0.0182,0.009
odysseus,head.yaw,52.917,52.1,17.6,-83.1,83.1,0.0186,0.012
odysseus,head.yaw,53,53.8,20.1,-83.1,83.1,0.019,0.014
odysseus,head.yaw,53.083,54.8,11.8,-83.1,83.1,0.0193,0.009
odysseus,head.yaw,53.167,54.8,0.1,-83.1,83.1,0.0193,0.001
odysseus,head.yaw,53.25,54.5,-3.8,-83.1,83.1,0.0192,0.003
odysseus,head.yaw,53.333,54.5,0.2,-83.1,83.1,0.0192,0.001
odysseus,head.yaw,53.417,55.5,12.1,-83.1,83.1,0.0195,0.009
odysseus,head.yaw,53.5,54.2,-15.1,-83.1,83.1,0.0192,0.011
odysseus,head.yaw,53.583,53.6,-7.2,-83.1,83.1,0.019,0.006
odysseus,head.yaw,53.667,53.7,0.5,-83.1,83.1,0.019,0.001
odysseus,head.yaw,53.75,54.4,8.3,-83.1,83.1,0.0192,0.006
odysseus,head.yaw,53.833,55.7,15.9,-83.1,83.1,0.0195,0.012
odysseus,head.yaw,53.917,57.3,19.7,-83.1,83.1,0.0198,0.014
odysseus,head.yaw,54,55,-28.2,-83.1,83.1,0.0195,0.02
odysseus,head.yaw,54.083,53.7,-15,-83.1,83.1,0.0191,0.011
odysseus,head.yaw,54.167,53.6,-1.8,-83.1,83.1,0.019,0.002
odysseus,head.yaw,54.25,54.5,11.3,-83.1,83.1,0.0192,0.008
odysseus,head.yaw,54.333,56,17.6,-83.1,83.1,0.0195,0.013
odysseus,head.yaw,54.417,56.5,5.6,-83.1,83.1,0.0197,0.005
odysseus,head.yaw,54.5,55.5,-11,-83.1,83.1,0.0195,0.008
odysseus,head.yaw,54.583,54.1,-17,-83.1,83.1,0.0191,0.012
odysseus,head.yaw,54.667,53.1,-12.4,-83.1,83.1,0.0188,0.009
odysseus,head.yaw,54.75,53.3,2.9,-83.1,83.1,0.019,0.003
odysseus,head.yaw,54.833,51.3,-24.6,-83.1,83.1,0.0185,0.017
odysseus,head.yaw,54.917,49.9,-16.9,-83.1,83.1,0.018,0.011
odysseus,head.yaw,55,49.1,-9.2,-83.1,83.1,0.0178,0.006
odysseus,head.yaw,55.083,49,-1.8,-83.1,83.1,0.0178,0.002
odysseus,head.yaw,55.167,49.4,5.8,-83.1,83.1,0.0179,0.004
odysseus,head.yaw,55.25,50.2,9.1,-83.1,83.1,0.0181,0.006
odysseus,head.yaw,55.333,50,-1.8,-83.1,83.1,0.0181,0.002
odysseus,head.yaw,55.417,48.7,-16.4,-83.1,83.1,0.0178,0.011
odysseus,head.yaw,55.5,46.8,-22.1,-83.1,83.1,0.0172,0.014
odysseus,head.yaw,55.583,45.3,-18.8,-83.1,83.1,0.0167,0.012
odysseus,head.yaw,55.667,44.7,-6.4,-83.1,83.1,0.0166,0.004
odysseus,head.yaw,55.75,42.7,-25,-83.1,83.1,0.016,0.014
odysseus,head.yaw,55.833,41,-20.2,-83.1,83.1,0.0155,0.011
odysseus,head.yaw,55.917,39.7,-14.9,-83.1,83.1,0.0151,0.008
odysseus,head.yaw,56,39,-9,-83.1,83.1,0.0148,0.005
odysseus,head.yaw,56.083,38.8,-2.9,-83.1,83.1,0.0148,0.002
odysseus,head.yaw,56.167,38.8,0.1,-83.1,83.1,0.0148,0
odysseus,head.yaw,56.25,18,-248.7,-83.1,83.1,0.0085,0.074
odysseus,head.yaw,56.333,3.2,-177.6,-83.1,83.1,0.0017,0.01
odysseus,head.yaw,56.417,-5.6,-106.6,-83.1,83.1,0.0027,0.01
odysseus,head.yaw,56.5,-8.6,-35.4,-83.1,83.1,0.0039,0.005
odysseus,head.yaw,56.583,-8.6,0,-83.1,83.1,0.0037,0
odysseus,head.yaw,57,-9.8,-14.2,-83.1,83.1,0.0041,0.002
odysseus,head.yaw,57.083,-10.7,-11.6,-83.1,83.1,0.0044,0.002
odysseus,head.yaw,57.167,-11.5,-9,-83.1,83.1,0.0047,0.002
odysseus,head.yaw,57.25,-12,-6.4,-83.1,83.1,0.0049,0.001
odysseus,head.yaw,57.333,-12.4,-3.9,-83.1,83.1,0.0051,0.001
odysseus,head.yaw,57.417,-12.5,-1.3,-83.1,83.1,0.0051,0
odysseus,head.yaw,57.5,-11.5,12,-83.1,83.1,0.0047,0.002
odysseus,head.yaw,57.583,-9.6,22.3,-83.1,83.1,0.004,0.003
odysseus,head.yaw,57.667,-8.6,12,-83.1,83.1,0.0036,0.002
odysseus,head.yaw,57.75,-8.6,0,-83.1,83.1,0.0036,0
odysseus,head.yaw,60.917,-9.6,-12.3,-83.1,83.1,0.004,0.002
odysseus,head.yaw,61,-10.5,-10.4,-83.1,83.1,0.0043,0.002
odysseus,head.yaw,61.083,-11.2,-8.5,-83.1,83.1,0.0046,0.001
odysseus,head.yaw,61.167,-11.8,-6.6,-83.1,83.1,0.0048,0.001
odysseus,head.yaw,61.25,-12.1,-4.7,-83.1,83.1,0.005,0.001
odysseus,head.yaw,61.333,-12.4,-2.8,-83.1,83.1,0.0051,0.001
odysseus,head.yaw,61.417,-12.5,-0.9,-83.1,83.1,0.0051,0
odysseus,head.yaw,61.5,-11.5,12,-83.1,83.1,0.0047,0.002
odysseus,head.yaw,61.583,-9.6,22.3,-83.1,83.1,0.004,0.003
odysseus,head.yaw,61.667,-8.6,12,-83.1,83.1,0.0036,0.002
odysseus,head.yaw,61.75,-8.6,0,-83.1,83.1,0.0036,0
odysseus,head.yaw,62.75,-9.6,-12.3,-83.1,83.1,0.004,0.002
odysseus,head.yaw,62.833,-10.5,-10.4,-83.1,83.1,0.0043,0.002
odysseus,head.yaw,62.917,-11.2,-8.5,-83.1,83.1,0.0046,0.001
odysseus,head.yaw,63,-11.8,-6.6,-83.1,83.1,0.0048,0.001
odysseus,head.yaw,63.083,-12.1,-4.7,-83.1,83.1,0.005,0.001
odysseus,head.yaw,63.167,-12.4,-2.8,-83.1,83.1,0.0051,0.001
odysseus,head.yaw,63.25,-12.5,-0.9,-83.1,83.1,0.0051,0
odysseus,head.yaw,63.333,-11.5,12,-83.1,83.1,0.0047,0.002
odysseus,head.yaw,63.417,-9.6,22.3,-83.1,83.1,0.004,0.003
odysseus,head.yaw,63.5,-8.6,12,-83.1,83.1,0.0036,0.002
odysseus,head.yaw,63.583,-8.6,0,-83.1,83.1,0.0036,0
odysseus,head.yaw,65.5,-10,-16.7,-83.1,83.1,0.0042,0.002
odysseus,head.yaw,65.583,-11.1,-13,-83.1,83.1,0.0045,0.002
odysseus,head.yaw,65.667,-11.8,-9.3,-83.1,83.1,0.0049,0.002
odysseus,head.yaw,65.75,-12.3,-5.6,-83.1,83.1,0.005,0.001
odysseus,head.yaw,65.833,-12.5,-1.9,-83.1,83.1,0.0051,0
odysseus,head.yaw,65.917,-11.5,12,-83.1,83.1,0.0047,0.002
odysseus,head.yaw,66,-9.6,22.3,-83.1,83.1,0.004,0.003
odysseus,head.yaw,66.083,-8.6,12,-83.1,83.1,0.0036,0.002
odysseus,head.yaw,66.167,-8.6,0,-83.1,83.1,0.0036,0
odysseus,head.yaw,68.333,-8.9,-3.4,-83.1,83.1,0.0037,0
odysseus,head.yaw,68.417,-9.6,-8.6,-83.1,83.1,0.004,0.001
odysseus,head.yaw,68.5,-10.5,-11.2,-83.1,83.1,0.0043,0.002
odysseus,head.yaw,68.583,-11.5,-11.2,-83.1,83.1,0.0047,0.002
odysseus,head.yaw,68.667,-12.2,-8.6,-83.1,83.1,0.005,0.002
odysseus,head.yaw,68.75,-12.5,-3.4,-83.1,83.1,0.0051,0.001
odysseus,head.yaw,68.833,-12.5,0,-83.1,83.1,0.0051,0
odysseus,head.yaw,69.417,-11.5,12,-83.1,83.1,0.0047,0.002
odysseus,head.yaw,69.5,-9.6,22.3,-83.1,83.1,0.004,0.003
odysseus,head.yaw,69.583,-8.6,12,-83.1,83.1,0.0036,0.002
odysseus,head.yaw,69.667,-8.6,0,-83.1,83.1,0.0036,0
odysseus,head.yaw,70.25,-9.6,-12.3,-83.1,83.1,0.004,0.002
odysseus,head.yaw,70.333,-10.5,-10.4,-83.1,83.1,0.0043,0.002
odysseus,head.yaw,70.417,-11.2,-8.5,-83.1,83.1,0.0046,0.001
odysseus,head.yaw,70.5,-11.8,-6.6,-83.1,83.1,0.0048,0.001
odysseus,head.yaw,70.583,-12.1,-4.7,-83.1,83.1,0.005,0.001
odysseus,head.yaw,70.667,-12.4,-2.8,-83.1,83.1,0.0051,0.001
odysseus,head.yaw,70.75,-12.5,-0.9,-83.1,83.1,0.0051,0
odysseus,head.yaw,70.833,-11.5,12,-83.1,83.1,0.0047,0.002
odysseus,head.yaw,70.917,-9.6,22.3,-83.1,83.1,0.004,0.003
odysseus,head.yaw,71,-8.6,12,-83.1,83.1,0.0036,0.002
odysseus,head.yaw,71.083,-8.6,0,-83.1,83.1,0.0036,0
odysseus,head.yaw,72.75,-9.8,-14.2,-83.1,83.1,0.0041,0.002
odysseus,head.yaw,72.833,-10.7,-11.6,-83.1,83.1,0.0044,0.002
odysseus,head.yaw,72.917,-11.5,-9,-83.1,83.1,0.0047,0.002
odysseus,head.yaw,73,-12,-6.4,-83.1,83.1,0.0049,0.001
odysseus,head.yaw,73.083,-12.4,-3.9,-83.1,83.1,0.0051,0.001
odysseus,head.yaw,73.167,-12.5,-1.3,-83.1,83.1,0.0051,0
odysseus,head.yaw,73.25,-11.5,12,-83.1,83.1,0.0047,0.002
odysseus,head.yaw,73.333,-9.6,22.3,-83.1,83.1,0.004,0.003
odysseus,head.yaw,73.417,-8.6,12,-83.1,83.1,0.0036,0.002
odysseus,head.yaw,73.5,-8.6,0,-83.1,83.1,0.0036,0
odysseus,head.yaw,77.5,-8.5,0.5,-83.1,83.1,0.0035,0
odysseus,head.yaw,77.583,-8.4,0.6,-83.1,83.1,0.0034,0
odysseus,head.yaw,77.667,-8.3,0.7,-83.1,83.1,0.0034,0
odysseus,head.yaw,77.75,-8.3,0.8,-83.1,83.1,0.0034,0
odysseus,head.yaw,77.833,-8.2,0.9,-83.1,83.1,0.0034,0
odysseus,head.yaw,77.917,-8.1,1,-83.1,83.1,0.0033,0
odysseus,head.yaw,78,-8,1,-83.1,83.1,0.0033,0
odysseus,head.yaw,78.083,-7.9,1.1,-83.1,83.1,0.0033,0
odysseus,head.yaw,78.167,-7.8,1.2,-83.1,83.1,0.0032,0
odysseus,head.yaw,78.25,-7.7,1.2,-83.1,83.1,0.0032,0
odysseus,head.yaw,78.333,-7.6,1.3,-83.1,83.1,0.0031,0
odysseus,head.yaw,78.417,-7.5,1.4,-83.1,83.1,0.0031,0
odysseus,head.yaw,78.5,-7.4,1.4,-83.1,83.1,0.003,0
odysseus,head.yaw,78.583,-7.3,1.5,-83.1,83.1,0.003,0
odysseus,head.yaw,78.667,-7.2,1.5,-83.1,83.1,0.0029,0
odysseus,head.yaw,78.75,-7,1.5,-83.1,83.1,0.0029,0
odysseus,head.yaw,78.833,-6.9,1.6,-83.1,83.1,0.0028,0
odysseus,head.yaw,78.917,-6.8,1.6,-83.1,83.1,0.0028,0
odysseus,head.yaw,79,-6.6,1.6,-83.1,83.1,0.0027,0
odysseus,head.yaw,79.083,-6.5,1.7,-83.1,83.1,0.0027,0
odysseus,head.yaw,79.167,-6.3,1.7,-83.1,83.1,0.0026,0
odysseus,head.yaw,79.25,-6.2,1.7,-83.1,83.1,0.0025,0
odysseus,head.yaw,79.333,-6.1,1.7,-83.1,83.1,0.0025,0
odysseus,head.yaw,79.417,-5.9,1.7,-83.1,83.1,0.0024,0
odysseus,head.yaw,79.5,-5.8,1.7,-83.1,83.1,0.0024,0
odysseus,head.yaw,79.583,-5.6,1.7,-83.1,83.1,0.0023,0
odysseus,head.yaw,79.667,-5.5,1.7,-83.1,83.1,0.0023,0
odysseus,head.yaw,79.75,-5.4,1.7,-83.1,83.1,0.0022,0
odysseus,head.yaw,79.833,-5.2,1.7,-83.1,83.1,0.0021,0
odysseus,head.yaw,79.917,-5.1,1.7,-83.1,83.1,0.0021,0
odysseus,head.yaw,80,-4.9,1.7,-83.1,83.1,0.002,0
odysseus,head.yaw,80.083,-4.8,1.6,-83.1,83.1,0.002,0
odysseus,head.yaw,80.167,-4.7,1.6,-83.1,83.1,0.0019,0
odysseus,head.yaw,80.25,-4.5,1.6,-83.1,83.1,0.0019,0
odysseus,head.yaw,80.333,-4.4,1.6,-83.1,83.1,0.0018,0
odysseus,head.yaw,80.417,-4.3,1.5,-83.1,83.1,0.0018,0
odysseus,head.yaw,80.5,-4.1,1.5,-83.1,83.1,0.0017,0
odysseus,head.yaw,80.583,-4,1.4,-83.1,83.1,0.0017,0
odysseus,head.yaw,80.667,-3.9,1.4,-83.1,83.1,0.0016,0
odysseus,head.yaw,80.75,-3.8,1.3,-83.1,83.1,0.0016,0
odysseus,head.yaw,80.833,-3.7,1.3,-83.1,83.1,0.0015,0
odysseus,head.yaw,80.917,-3.6,1.2,-83.1,83.1,0.0015,0
odysseus,head.yaw,81,-3.5,1.2,-83.1,83.1,0.0014,0
odysseus,head.yaw,81.083,-3.4,1.1,-83.1,83.1,0.0014,0
odysseus,head.yaw,81.167,-3.3,1,-83.1,83.1,0.0014,0
odysseus,head.yaw,81.25,-3.2,0.9,-83.1,83.1,0.0013,0
odysseus,head.yaw,81.333,-3.2,0.9,-83.1,83.1,0.0013,0
odysseus,head.yaw,81.417,-3.1,0.8,-83.1,83.1,0.0013,0
odysseus,head.yaw,81.5,-3,0.7,-83.1,83.1,0.0013,0
odysseus,head.yaw,81.583,-3,0.6,-83.1,83.1,0.0012,0
odysseus,head.yaw,81.667,-3,0.5,-83.1,83.1,0.0012,0
odysseus,head.yaw,81.75,-2.9,0.4,-83.1,83.1,0.0012,0
odysseus,head.yaw,82.75,-0.9,24.1,-83.1,83.1,0.0005,0
odysseus,head.yaw,82.833,2.9,44.8,-83.1,83.1,0.0013,0.002
odysseus,head.yaw,82.917,4.9,24.1,-83.1,83.1,0.0021,0.002
odysseus,head.yaw,83,4.9,0,-83.1,83.1,0.0021,0
odysseus,head.yaw,85.333,2.3,-31,-83.1,83.1,0.0011,0.001
odysseus,head.yaw,85.417,-2.5,-57.6,-83.1,83.1,0.0012,0.002
odysseus,head.yaw,85.5,-5.1,-31,-83.1,83.1,0.0022,0.002
odysseus,head.yaw,85.583,-5.1,0,-83.1,83.1,0.0022,0
odysseus,head.yaw,87.583,-5.1,-0.6,-83.1,83.1,0.0021,0
odysseus,head.yaw,87.667,-5.3,-1.4,-83.1,83.1,0.0022,0
odysseus,head.yaw,87.75,-5.4,-1.4,-83.1,83.1,0.0022,0
odysseus,head.yaw,87.833,-5.4,-0.6,-83.1,83.1,0.0022,0
odysseus,head.yaw,87.917,-5.4,0,-83.1,83.1,0.0022,0
odysseus,head.yaw,89.25,-5.4,0,-83.1,83.1,0.0022,0
odysseus,head.pitch,0,0,0,-12.6,12.6,0,0
odysseus,head.pitch,0.75,-0.2,-0.5,-12.6,12.6,0.0001,0
odysseus,head.pitch,0.833,-0.3,-0.6,-12.6,12.6,0.0001,0
odysseus,head.pitch,0.917,2.5,33.8,-12.6,12.6,0.0012,0.001
odysseus,head.pitch,1,5.9,40,-12.6,12.6,0.0024,0.003
odysseus,head.pitch,1.083,8.2,28.3,-12.6,12.6,0.0034,0.003
odysseus,head.pitch,1.167,9.6,16.7,-12.6,12.6,0.004,0.002
odysseus,head.pitch,1.25,10.1,5.1,-12.6,12.6,0.0042,0.001
odysseus,head.pitch,1.333,10,-0.7,-12.6,12.6,0.0041,0
odysseus,head.pitch,1.417,9.9,-0.7,-12.6,12.6,0.0041,0
odysseus,head.pitch,1.5,9.9,-0.7,-12.6,12.6,0.004,0
odysseus,head.pitch,1.583,9.8,-0.7,-12.6,12.6,0.004,0
odysseus,head.pitch,1.667,9.8,-0.7,-12.6,12.6,0.004,0
odysseus,head.pitch,1.75,9.7,-0.7,-12.6,12.6,0.004,0
odysseus,head.pitch,1.833,9.6,-0.7,-12.6,12.6,0.0039,0
odysseus,head.pitch,1.917,9.6,-0.7,-12.6,12.6,0.0039,0
odysseus,head.pitch,2,9.5,-0.6,-12.6,12.6,0.0039,0
odysseus,head.pitch,2.083,9.5,-0.6,-12.6,12.6,0.0039,0
odysseus,head.pitch,2.167,9.4,-0.6,-12.6,12.6,0.0039,0
odysseus,head.pitch,2.25,9.4,-0.6,-12.6,12.6,0.0038,0
odysseus,head.pitch,2.333,9.3,-0.5,-12.6,12.6,0.0038,0
odysseus,head.pitch,2.417,9.3,-0.5,-12.6,12.6,0.0038,0
odysseus,head.pitch,3.25,9.2,0.6,-12.6,12.6,0.0038,0
odysseus,head.pitch,3.333,9.3,0.7,-12.6,12.6,0.0038,0
odysseus,head.pitch,3.417,9.4,0.9,-12.6,12.6,0.0038,0
odysseus,head.pitch,3.5,9.5,1,-12.6,12.6,0.0039,0
odysseus,head.pitch,3.583,9.6,1.1,-12.6,12.6,0.0039,0
odysseus,head.pitch,3.667,9.7,1.2,-12.6,12.6,0.004,0
odysseus,head.pitch,3.75,9.8,1.3,-12.6,12.6,0.004,0
odysseus,head.pitch,3.833,9.9,1.3,-12.6,12.6,0.004,0
odysseus,head.pitch,3.917,10,1.3,-12.6,12.6,0.0041,0
odysseus,head.pitch,4,10.1,1.3,-12.6,12.6,0.0041,0
odysseus,head.pitch,4.083,10.2,1.2,-12.6,12.6,0.0042,0
odysseus,head.pitch,4.167,10.3,1.1,-12.6,12.6,0.0042,0
odysseus,head.pitch,4.25,10.4,1,-12.6,12.6,0.0042,0
odysseus,head.pitch,4.333,10.4,0.9,-12.6,12.6,0.0043,0
odysseus,head.pitch,4.417,10.5,0.7,-12.6,12.6,0.0043,0
odysseus,head.pitch,4.5,10.6,0.6,-12.6,12.6,0.0043,0
odysseus,head.pitch,4.583,2.9,-92.4,-12.6,12.6,0.0016,0.005
odysseus,head.pitch,4.667,1.4,-17.8,-12.6,12.6,0.0009,0.001
odysseus,head.pitch,4.75,0.3,-12.9,-12.6,12.6,0.0001,0
odysseus,head.pitch,4.833,-0.4,-7.9,-12.6,12.6,0.0002,0
odysseus,head.pitch,4.917,-0.6,-2.9,-12.6,12.6,0.0003,0
odysseus,head.pitch,5,-0.6,-0.4,-12.6,12.6,0.0003,0
odysseus,head.pitch,5.083,-0.7,-0.5,-12.6,12.6,0.0003,0
odysseus,head.pitch,5.167,-0.7,-0.6,-12.6,12.6,0.0003,0
odysseus,head.pitch,5.25,-0.8,-0.7,-12.6,12.6,0.0003,0
odysseus,head.pitch,5.333,-0.9,-0.8,-12.6,12.6,0.0004,0
odysseus,head.pitch,5.417,-0.9,-0.8,-12.6,12.6,0.0004,0
odysseus,head.pitch,5.5,-1,-0.9,-12.6,12.6,0.0004,0
odysseus,head.pitch,5.583,-1.1,-0.9,-12.6,12.6,0.0004,0
odysseus,head.pitch,5.667,-1.1,-0.9,-12.6,12.6,0.0005,0
odysseus,head.pitch,5.75,-1.2,-0.9,-12.6,12.6,0.0005,0
odysseus,head.pitch,5.833,-1.3,-1,-12.6,12.6,0.0005,0
odysseus,head.pitch,5.917,-1.4,-0.9,-12.6,12.6,0.0006,0
odysseus,head.pitch,6,-1.5,-0.9,-12.6,12.6,0.0006,0
odysseus,head.pitch,6.083,-1.5,-0.9,-12.6,12.6,0.0006,0
odysseus,head.pitch,6.167,-1.6,-0.9,-12.6,12.6,0.0007,0
odysseus,head.pitch,6.25,-1.7,-0.8,-12.6,12.6,0.0007,0
odysseus,head.pitch,6.333,-1.7,-0.8,-12.6,12.6,0.0007,0
odysseus,head.pitch,6.417,1.6,40.3,-12.6,12.6,0.0009,0.001
odysseus,head.pitch,6.5,4.3,32.8,-12.6,12.6,0.0018,0.002
odysseus,head.pitch,6.583,6.5,25.4,-12.6,12.6,0.0027,0.002
odysseus,head.pitch,6.667,8,18.1,-12.6,12.6,0.0033,0.002
odysseus,head.pitch,6.75,8.9,10.8,-12.6,12.6,0.0037,0.001
odysseus,head.pitch,6.833,9.2,3.5,-12.6,12.6,0.0038,0
odysseus,head.pitch,6.917,9.2,-0.1,-12.6,12.6,0.0038,0
odysseus,head.pitch,7.167,9.2,0.6,-12.6,12.6,0.0038,0
odysseus,head.pitch,7.25,9.3,0.7,-12.6,12.6,0.0038,0
odysseus,head.pitch,7.333,9.4,0.9,-12.6,12.6,0.0038,0
odysseus,head.pitch,7.417,9.5,1,-12.6,12.6,0.0039,0
odysseus,head.pitch,7.5,9.6,1.1,-12.6,12.6,0.0039,0
odysseus,head.pitch,7.583,9.7,1.2,-12.6,12.6,0.004,0
odysseus,head.pitch,7.667,9.8,1.3,-12.6,12.6,0.004,0
odysseus,head.pitch,7.75,9.9,1.3,-12.6,12.6,0.004,0
odysseus,head.pitch,7.833,10,1.3,-12.6,12.6,0.0041,0
odysseus,head.pitch,7.917,10.1,1.3,-12.6,12.6,0.0041,0
odysseus,head.pitch,8,10.2,1.2,-12.6,12.6,0.0042,0
odysseus,head.pitch,8.083,10.3,1.1,-12.6,12.6,0.0042,0
odysseus,head.pitch,8.167,10.4,1,-12.6,12.6,0.0042,0
odysseus,head.pitch,8.25,12.6,26.8,-12.6,12.6,0.0053,0.005
odysseus,head.pitch,8.333,12.6,0,-12.6,12.6,0.0053,0
odysseus,head.pitch,8.583,12.1,-6.3,-12.6,12.6,0.005,0.001
odysseus,head.pitch,8.667,10.6,-17.9,-12.6,12.6,0.0044,0.003
odysseus,head.pitch,8.75,10.6,-0.2,-12.6,12.6,0.0044,0
odysseus,head.pitch,9,10.5,-0.5,-12.6,12.6,0.0043,0
odysseus,head.pitch,9.083,10.4,-0.6,-12.6,12.6,0.0043,0
odysseus,head.pitch,9.167,10.4,-0.7,-12.6,12.6,0.0042,0
odysseus,head.pitch,9.25,10.3,-0.8,-12.6,12.6,0.0042,0
odysseus,head.pitch,9.333,10.2,-0.8,-12.6,12.6,0.0042,0
odysseus,head.pitch,9.417,10.2,-0.9,-12.6,12.6,0.0041,0
odysseus,head.pitch,9.5,10.1,-0.9,-12.6,12.6,0.0041,0
odysseus,head.pitch,9.583,2.3,-93.7,-12.6,12.6,0.0014,0.005
odysseus,head.pitch,9.667,-1.6,-46.6,-12.6,12.6,0.0009,0.001
odysseus,head.pitch,9.75,-4.9,-39.5,-12.6,12.6,0.002,0.003
odysseus,head.pitch,9.833,-7.6,-32.5,-12.6,12.6,0.0032,0.004
odysseus,head.pitch,9.917,-9.7,-25.5,-12.6,12.6,0.004,0.004
odysseus,head.pitch,10,-11.3,-18.4,-12.6,12.6,0.0046,0.003
odysseus,head.pitch,10.083,-12.2,-11.4,-12.6,12.6,0.005,0.002
odysseus,head.pitch,10.167,-12.6,-4.3,-12.6,12.6,0.0052,0.001
odysseus,head.pitch,10.25,-12.6,-0.2,-12.6,12.6,0.0052,0
odysseus,head.pitch,11,1.5,168.9,-12.6,12.6,0.0015,0.009
odysseus,head.pitch,11.083,4.3,34,-12.6,12.6,0.0024,0.003
odysseus,head.pitch,11.167,6.5,26.7,-12.6,12.6,0.0027,0.003
odysseus,head.pitch,11.25,8.1,19.4,-12.6,12.6,0.0034,0.002
odysseus,head.pitch,11.333,9.2,12.2,-12.6,12.6,0.0038,0.002
odysseus,head.pitch,11.417,9.6,4.8,-12.6,12.6,0.0039,0.001
odysseus,head.pitch,11.5,9.7,1.2,-12.6,12.6,0.004,0
odysseus,head.pitch,11.583,9.8,1.3,-12.6,12.6,0.004,0
odysseus,head.pitch,11.667,9.9,1.3,-12.6,12.6,0.004,0
odysseus,head.pitch,11.75,10,1.3,-12.6,12.6,0.0041,0
odysseus,head.pitch,11.833,10.1,1.3,-12.6,12.6,0.0041,0
odysseus,head.pitch,11.917,10.2,1.2,-12.6,12.6,0.0042,0
odysseus,head.pitch,12,10.3,1.1,-12.6,12.6,0.0042,0
odysseus,head.pitch,12.083,10.4,1,-12.6,12.6,0.0042,0
odysseus,head.pitch,12.167,10.4,0.9,-12.6,12.6,0.0043,0
odysseus,head.pitch,12.25,10.5,0.7,-12.6,12.6,0.0043,0
odysseus,head.pitch,12.333,10.6,0.6,-12.6,12.6,0.0043,0
odysseus,head.pitch,12.417,10.6,0.4,-12.6,12.6,0.0043,0
odysseus,head.pitch,12.583,12.6,24.1,-12.6,12.6,0.0053,0.004
odysseus,head.pitch,12.667,12.6,0,-12.6,12.6,0.0053,0
odysseus,head.pitch,12.917,12,-7.9,-12.6,12.6,0.0049,0.001
odysseus,head.pitch,13,10.4,-18.4,-12.6,12.6,0.0043,0.003
odysseus,head.pitch,13.083,10.4,-0.7,-12.6,12.6,0.0043,0
odysseus,head.pitch,13.167,10.3,-0.8,-12.6,12.6,0.0042,0
odysseus,head.pitch,13.25,10.2,-0.8,-12.6,12.6,0.0042,0
odysseus,head.pitch,13.333,10.2,-0.9,-12.6,12.6,0.0041,0
odysseus,head.pitch,13.417,10.1,-0.9,-12.6,12.6,0.0041,0
odysseus,head.pitch,13.5,10,-0.9,-12.6,12.6,0.0041,0
odysseus,head.pitch,13.583,9.9,-0.9,-12.6,12.6,0.0041,0
odysseus,head.pitch,13.667,9.8,-1,-12.6,12.6,0.004,0
odysseus,head.pitch,13.75,9.8,-0.9,-12.6,12.6,0.004,0
odysseus,head.pitch,13.833,9.7,-0.9,-12.6,12.6,0.004,0
odysseus,head.pitch,13.917,9.6,-0.9,-12.6,12.6,0.0039,0
odysseus,head.pitch,14,9.5,-0.9,-12.6,12.6,0.0039,0
odysseus,head.pitch,14.083,9.5,-0.8,-12.6,12.6,0.0039,0
odysseus,head.pitch,14.167,9.4,-0.8,-12.6,12.6,0.0038,0
odysseus,head.pitch,14.25,9.3,-0.7,-12.6,12.6,0.0038,0
odysseus,head.pitch,14.333,9.3,-0.6,-12.6,12.6,0.0038,0
odysseus,head.pitch,14.417,9.2,-0.5,-12.6,12.6,0.0038,0
odysseus,head.pitch,14.5,9.2,-0.4,-12.6,12.6,0.0038,0
odysseus,head.pitch,15,9.2,0.6,-12.6,12.6,0.0038,0
odysseus,head.pitch,15.083,9.3,0.7,-12.6,12.6,0.0038,0
odysseus,head.pitch,15.167,9.4,0.9,-12.6,12.6,0.0038,0
odysseus,head.pitch,15.25,9.5,1,-12.6,12.6,0.0039,0
odysseus,head.pitch,15.333,9.6,1.1,-12.6,12.6,0.0039,0
odysseus,head.pitch,15.417,1.9,-91.5,-12.6,12.6,0.0013,0.004
odysseus,head.pitch,15.5,0.5,-16.7,-12.6,12.6,0.0006,0
odysseus,head.pitch,15.583,-0.4,-11.5,-12.6,12.6,0.0002,0
odysseus,head.pitch,15.667,-0.9,-6.4,-12.6,12.6,0.0004,0
odysseus,head.pitch,15.75,-1.1,-1.3,-12.6,12.6,0.0005,0
odysseus,head.pitch,15.833,-1,1.2,-12.6,12.6,0.0004,0
odysseus,head.pitch,15.917,-0.9,1.1,-12.6,12.6,0.0004,0
odysseus,head.pitch,16,-0.8,1,-12.6,12.6,0.0003,0
odysseus,head.pitch,16.083,-0.7,0.9,-12.6,12.6,0.0003,0
odysseus,head.pitch,16.167,-0.6,0.7,-12.6,12.6,0.0003,0
odysseus,head.pitch,16.25,-0.6,0.6,-12.6,12.6,0.0002,0
odysseus,head.pitch,16.333,-0.6,0.4,-12.6,12.6,0.0002,0
odysseus,head.pitch,16.833,-0.7,-0.5,-12.6,12.6,0.0003,0
odysseus,head.pitch,16.917,2.7,40.4,-12.6,12.6,0.0013,0.002
odysseus,head.pitch,17,5.4,32.7,-12.6,12.6,0.0023,0.003
odysseus,head.pitch,17.083,7.5,25.2,-12.6,12.6,0.0031,0.003
odysseus,head.pitch,17.167,9,17.7,-12.6,12.6,0.0037,0.002
odysseus,head.pitch,17.25,9.8,10.3,-12.6,12.6,0.0041,0.001
odysseus,head.pitch,17.333,10.1,2.8,-12.6,12.6,0.0042,0
odysseus,head.pitch,17.417,10,-0.9,-12.6,12.6,0.0041,0
odysseus,head.pitch,17.5,9.9,-0.9,-12.6,12.6,0.0041,0
odysseus,head.pitch,17.583,9.8,-1,-12.6,12.6,0.004,0
odysseus,head.pitch,17.667,9.8,-0.9,-12.6,12.6,0.004,0
odysseus,head.pitch,17.75,9.7,-0.9,-12.6,12.6,0.004,0
odysseus,head.pitch,17.833,9.6,-0.9,-12.6,12.6,0.0039,0
odysseus,head.pitch,17.917,9.5,-0.9,-12.6,12.6,0.0039,0
odysseus,head.pitch,18,9.5,-0.8,-12.6,12.6,0.0039,0
odysseus,head.pitch,18.083,9.4,-0.8,-12.6,12.6,0.0038,0
odysseus,head.pitch,18.167,9.3,-0.7,-12.6,12.6,0.0038,0
odysseus,head.pitch,18.25,9.3,-0.6,-12.6,12.6,0.0038,0
odysseus,head.pitch,18.333,9.2,-0.5,-12.6,12.6,0.0038,0
odysseus,head.pitch,18.417,9.2,-0.4,-12.6,12.6,0.0038,0
odysseus,head.pitch,18.917,9.2,0.6,-12.6,12.6,0.0038,0
odysseus,head.pitch,19,9.3,0.7,-12.6,12.6,0.0038,0
odysseus,head.pitch,19.083,9.4,0.9,-12.6,12.6,0.0038,0
odysseus,head.pitch,19.167,9.5,1,-12.6,12.6,0.0039,0
odysseus,head.pitch,19.25,9.6,1.1,-12.6,12.6,0.0039,0
odysseus,head.pitch,19.333,9.7,1.2,-12.6,12.6,0.004,0
odysseus,head.pitch,19.417,9.8,1.3,-12.6,12.6,0.004,0
odysseus,head.pitch,19.5,9.9,1.3,-12.6,12.6,0.004,0
odysseus,head.pitch,19.583,10,1.3,-12.6,12.6,0.0041,0
odysseus,head.pitch,19.667,10.1,1.3,-12.6,12.6,0.0041,0
odysseus,head.pitch,19.75,10.2,1.2,-12.6,12.6,0.0042,0
odysseus,head.pitch,19.833,10.3,1.1,-12.6,12.6,0.0042,0
odysseus,head.pitch,19.917,10.4,1,-12.6,12.6,0.0042,0
odysseus,head.pitch,20,10.4,0.9,-12.6,12.6,0.0043,0
odysseus,head.pitch,20.083,10.5,0.7,-12.6,12.6,0.0043,0
odysseus,head.pitch,20.167,2.8,-92.2,-12.6,12.6,0.0016,0.005
odysseus,head.pitch,20.25,-1.5,-52.2,-12.6,12.6,0.0008,0.002
odysseus,head.pitch,20.333,-5.1,-42.8,-12.6,12.6,0.0021,0.003
odysseus,head.pitch,20.417,-7.9,-33.5,-12.6,12.6,0.0033,0.004
odysseus,head.pitch,20.5,-9.9,-24.1,-12.6,12.6,0.0041,0.003
odysseus,head.pitch,20.583,-11.1,-14.6,-12.6,12.6,0.0046,0.002
odysseus,head.pitch,20.667,-11.5,-5.2,-12.6,12.6,0.0048,0.001
odysseus,head.pitch,20.75,-11.6,-0.5,-12.6,12.6,0.0048,0
odysseus,head.pitch,20.833,-11.6,-0.6,-12.6,12.6,0.0048,0
odysseus,head.pitch,20.917,-11.7,-0.7,-12.6,12.6,0.0048,0
odysseus,head.pitch,21,-11.8,-0.8,-12.6,12.6,0.0048,0
odysseus,head.pitch,21.083,-11.8,-0.8,-12.6,12.6,0.0048,0
odysseus,head.pitch,21.167,-11.9,-0.9,-12.6,12.6,0.0049,0
odysseus,head.pitch,21.25,-12,-0.9,-12.6,12.6,0.0049,0
odysseus,head.pitch,21.333,-12.1,-0.9,-12.6,12.6,0.0049,0
odysseus,head.pitch,21.417,2.2,170.9,-12.6,12.6,0.0018,0.011
odysseus,head.pitch,21.5,5.5,39.6,-12.6,12.6,0.0029,0.004
odysseus,head.pitch,21.583,7.8,28,-12.6,12.6,0.0033,0.003
odysseus,head.pitch,21.667,9.2,16.5,-12.6,12.6,0.0038,0.002
odysseus,head.pitch,21.75,9.6,4.9,-12.6,12.6,0.004,0.001
odysseus,head.pitch,21.833,9.5,-0.9,-12.6,12.6,0.0039,0
odysseus,head.pitch,21.917,9.5,-0.8,-12.6,12.6,0.0039,0
odysseus,head.pitch,22,9.4,-0.8,-12.6,12.6,0.0038,0
odysseus,head.pitch,22.083,9.3,-0.7,-12.6,12.6,0.0038,0
odysseus,head.pitch,22.167,9.3,-0.6,-12.6,12.6,0.0038,0
odysseus,head.pitch,22.25,9.2,-0.5,-12.6,12.6,0.0038,0
odysseus,head.pitch,22.333,9.2,-0.4,-12.6,12.6,0.0038,0
odysseus,head.pitch,22.833,9.2,0.6,-12.6,12.6,0.0038,0
odysseus,head.pitch,22.917,9.3,0.7,-12.6,12.6,0.0038,0
odysseus,head.pitch,23,9.4,0.9,-12.6,12.6,0.0038,0
odysseus,head.pitch,23.083,9.5,1,-12.6,12.6,0.0039,0
odysseus,head.pitch,23.167,9.6,1.1,-12.6,12.6,0.0039,0
odysseus,head.pitch,23.25,9.7,1.2,-12.6,12.6,0.004,0
odysseus,head.pitch,23.333,9.8,1.3,-12.6,12.6,0.004,0
odysseus,head.pitch,23.417,9.9,1.3,-12.6,12.6,0.004,0
odysseus,head.pitch,23.5,10,1.3,-12.6,12.6,0.0041,0
odysseus,head.pitch,23.583,10.1,1.3,-12.6,12.6,0.0041,0
odysseus,head.pitch,23.667,10.2,1.2,-12.6,12.6,0.0042,0
odysseus,head.pitch,23.75,10.3,1.1,-12.6,12.6,0.0042,0
odysseus,head.pitch,23.833,10.4,1,-12.6,12.6,0.0042,0
odysseus,head.pitch,23.917,10.4,0.9,-12.6,12.6,0.0043,0
odysseus,head.pitch,24,10.5,0.7,-12.6,12.6,0.0043,0
odysseus,head.pitch,24.083,10.6,0.6,-12.6,12.6,0.0043,0
odysseus,head.pitch,24.167,10.6,0.4,-12.6,12.6,0.0043,0
odysseus,head.pitch,24.667,10.5,-0.5,-12.6,12.6,0.0043,0
odysseus,head.pitch,24.75,10.4,-0.6,-12.6,12.6,0.0043,0
odysseus,head.pitch,24.833,10.4,-0.7,-12.6,12.6,0.0042,0
odysseus,head.pitch,24.917,10.3,-0.8,-12.6,12.6,0.0042,0
odysseus,head.pitch,25,10.2,-0.8,-12.6,12.6,0.0042,0
odysseus,head.pitch,25.083,10.2,-0.9,-12.6,12.6,0.0042,0
odysseus,head.pitch,25.167,10.1,-0.9,-12.6,12.6,0.0041,0
odysseus,head.pitch,25.25,10,-0.9,-12.6,12.6,0.0041,0
odysseus,head.pitch,25.333,9.9,-0.9,-12.6,12.6,0.0041,0
odysseus,head.pitch,25.417,9.8,-1,-12.6,12.6,0.004,0
odysseus,head.pitch,25.5,9.8,-0.9,-12.6,12.6,0.004,0
odysseus,head.pitch,25.583,2,-93.7,-12.6,12.6,0.0013,0.004
odysseus,head.pitch,25.667,1.4,-7,-12.6,12.6,0.001,0
odysseus,head.pitch,25.75,0.2,-14.4,-12.6,12.6,0.0001,0
odysseus,head.pitch,25.833,-1,-14.3,-12.6,12.6,0.0004,0
odysseus,head.pitch,25.917,-1.6,-6.9,-12.6,12.6,0.0007,0
odysseus,head.pitch,26,1.6,38.6,-12.6,12.6,0.0009,0.001
odysseus,head.pitch,26.083,-3.6,-62.5,-12.6,12.6,0.002,0.004
odysseus,head.pitch,26.167,-7.6,-48.7,-12.6,12.6,0.0032,0.005
odysseus,head.pitch,26.25,-10.5,-34.8,-12.6,12.6,0.0044,0.005
odysseus,head.pitch,26.333,-12.3,-20.9,-12.6,12.6,0.0051,0.004
odysseus,head.pitch,26.417,-12.6,-3.8,-12.6,12.6,0.0052,0.001
odysseus,head.pitch,26.5,-12.6,0,-12.6,12.6,0.0052,0
odysseus,head.pitch,26.667,0.5,157.5,-12.6,12.6,0.001,0.006
odysseus,head.pitch,26.75,8.8,99,-12.6,12.6,0.0039,0.013
odysseus,head.pitch,26.833,11.9,37.6,-12.6,12.6,0.0052,0.007
odysseus,head.pitch,26.917,12.3,4.9,-12.6,12.6,0.0052,0.001
odysseus,head.pitch,27,12.6,3.3,-12.6,12.6,0.0051,0.001
odysseus,head.pitch,27.083,12.6,0.1,-12.6,12.6,0.0052,0
odysseus,head.pitch,27.667,12.5,-1.7,-12.6,12.6,0.0051,0
odysseus,head.pitch,27.75,11.9,-6.9,-12.6,12.6,0.0049,0.001
odysseus,head.pitch,27.833,11.3,-6.9,-12.6,12.6,0.0046,0.001
odysseus,head.pitch,27.917,10.8,-6.1,-12.6,12.6,0.0044,0.001
odysseus,head.pitch,28,10.4,-4.3,-12.6,12.6,0.0043,0.001
odysseus,head.pitch,28.083,10.3,-1.6,-12.6,12.6,0.0042,0
odysseus,head.pitch,28.167,10.4,1.6,-12.6,12.6,0.0043,0
odysseus,head.pitch,28.25,10.8,4.3,-12.6,12.6,0.0044,0.001
odysseus,head.pitch,28.333,11.3,6.1,-12.6,12.6,0.0046,0.001
odysseus,head.pitch,28.417,11.9,6.9,-12.6,12.6,0.0049,0.001
odysseus,head.pitch,28.5,12.5,6.9,-12.6,12.6,0.0051,0.001
odysseus,head.pitch,28.583,12.6,1.7,-12.6,12.6,0.0052,0
odysseus,head.pitch,28.667,12.6,0,-12.6,12.6,0.0051,0
odysseus,head.pitch,29,12.2,-4.6,-12.6,12.6,0.005,0.001
odysseus,head.pitch,29.083,11.6,-8,-12.6,12.6,0.0047,0.001
odysseus,head.pitch,29.167,10.9,-7.4,-12.6,12.6,0.0045,0.001
odysseus,head.pitch,29.25,10.5,-5.4,-12.6,12.6,0.0043,0.001
odysseus,head.pitch,29.333,10.3,-2.1,-12.6,12.6,0.0042,0
odysseus,head.pitch,29.417,10.4,1.6,-12.6,12.6,0.0043,0
odysseus,head.pitch,29.5,10.8,4.3,-12.6,12.6,0.0044,0.001
odysseus,head.pitch,29.583,11.3,6.1,-12.6,12.6,0.0046,0.001
odysseus,head.pitch,29.667,11.9,6.9,-12.6,12.6,0.0049,0.001
odysseus,head.pitch,29.75,12.5,6.9,-12.6,12.6,0.0051,0.001
odysseus,head.pitch,29.833,12.6,1.7,-12.6,12.6,0.0052,0
odysseus,head.pitch,29.917,12.6,0,-12.6,12.6,0.0051,0
odysseus,head.pitch,30.25,12.5,-1.7,-12.6,12.6,0.0051,0
odysseus,head.pitch,30.333,11.9,-6.9,-12.6,12.6,0.0049,0.001
odysseus,head.pitch,30.417,11.3,-6.9,-12.6,12.6,0.0046,0.001
odysseus,head.pitch,30.5,10.8,-6.1,-12.6,12.6,0.0044,0.001
odysseus,head.pitch,30.583,10.4,-4.3,-12.6,12.6,0.0043,0.001
odysseus,head.pitch,30.667,10.3,-1.6,-12.6,12.6,0.0042,0
odysseus,head.pitch,30.75,10.3,0.2,-12.6,12.6,0.0042,0
odysseus,head.pitch,30.833,10.4,0.6,-12.6,12.6,0.0042,0
odysseus,head.pitch,30.917,10.5,1,-12.6,12.6,0.0043,0
odysseus,head.pitch,31,10.6,1.2,-12.6,12.6,0.0043,0
odysseus,head.pitch,31.083,10.7,1.4,-12.6,12.6,0.0044,0
odysseus,head.pitch,31.167,10.8,1.5,-12.6,12.6,0.0044,0
odysseus,head.pitch,31.25,11,1.6,-12.6,12.6,0.0045,0
odysseus,head.pitch,31.333,11.1,1.5,-12.6,12.6,0.0045,0
odysseus,head.pitch,31.417,11.2,1.4,-12.6,12.6,0.0046,0
odysseus,head.pitch,31.5,11.3,1.2,-12.6,12.6,0.0046,0
odysseus,head.pitch,31.583,11.4,1,-12.6,12.6,0.0046,0
odysseus,head.pitch,31.667,11.4,0.6,-12.6,12.6,0.0047,0
odysseus,head.pitch,31.75,2.9,-102.9,-12.6,12.6,0.0017,0.006
odysseus,head.pitch,31.833,7.6,57.3,-12.6,12.6,0.0039,0.008
odysseus,head.pitch,31.917,10.5,34.4,-12.6,12.6,0.0044,0.005
odysseus,head.pitch,32,11.5,11.5,-12.6,12.6,0.0048,0.002
odysseus,head.pitch,32.083,11.5,0,-12.6,12.6,0.0047,0
odysseus,head.pitch,33.417,2.9,-103.1,-12.6,12.6,0.0017,0.006
odysseus,head.pitch,33.5,7.6,57.3,-12.6,12.6,0.0039,0.008
odysseus,head.pitch,33.583,10.5,34.4,-12.6,12.6,0.0044,0.005
odysseus,head.pitch,33.667,11.5,11.5,-12.6,12.6,0.0048,0.002
odysseus,head.pitch,33.75,11.5,0,-12.6,12.6,0.0047,0
odysseus,head.pitch,34.25,2.9,-103.1,-12.6,12.6,0.0017,0.006
odysseus,head.pitch,34.333,4.7,22.3,-12.6,12.6,0.0026,0.002
odysseus,head.pitch,34.417,6.2,17.3,-12.6,12.6,0.0026,0.002
odysseus,head.pitch,34.5,7.2,12.4,-12.6,12.6,0.003,0.001
odysseus,head.pitch,34.583,7.8,7.4,-12.6,12.6,0.0032,0.001
odysseus,head.pitch,34.667,8,2.5,-12.6,12.6,0.0033,0
odysseus,head.pitch,34.75,8,0,-12.6,12.6,0.0033,0
odysseus,head.pitch,36.583,2.9,-61.8,-12.6,12.6,0.0015,0.003
odysseus,head.pitch,36.667,1.7,-14.2,-12.6,12.6,0.0009,0
odysseus,head.pitch,36.75,0.7,-12,-12.6,12.6,0.0003,0
odysseus,head.pitch,36.833,-0.1,-9.8,-12.6,12.6,0.0001,0
odysseus,head.pitch,36.917,-0.8,-7.6,-12.6,12.6,0.0003,0
odysseus,head.pitch,37,-1.2,-5.5,-12.6,12.6,0.0005,0
odysseus,head.pitch,37.083,-1.5,-3.3,-12.6,12.6,0.0006,0
odysseus,head.pitch,37.167,-1.6,-1.1,-12.6,12.6,0.0007,0
odysseus,head.pitch,37.25,-1.6,0,-12.6,12.6,0.0007,0
odysseus,head.pitch,37.75,2.9,53.4,-12.6,12.6,0.0014,0.003
odysseus,head.pitch,37.833,6.6,45.1,-12.6,12.6,0.0028,0.004
odysseus,head.pitch,37.917,9.3,32.2,-12.6,12.6,0.0039,0.004
odysseus,head.pitch,38,10.9,19.3,-12.6,12.6,0.0045,0.003
odysseus,head.pitch,38.083,11.5,6.4,-12.6,12.6,0.0047,0.001
odysseus,head.pitch,38.167,11.5,0,-12.6,12.6,0.0047,0
odysseus,head.pitch,38.417,11.5,0.6,-12.6,12.6,0.0047,0
odysseus,head.pitch,38.5,10,-18.2,-12.6,12.6,0.0042,0.003
odysseus,head.pitch,38.583,9.2,-9.6,-12.6,12.6,0.0038,0.001
odysseus,head.pitch,38.667,9.1,-1.1,-12.6,12.6,0.0038,0
odysseus,head.pitch,38.75,9.4,3.2,-12.6,12.6,0.0039,0
odysseus,head.pitch,38.833,9.6,3.3,-12.6,12.6,0.0039,0
odysseus,head.pitch,38.917,11.1,17.9,-12.6,12.6,0.0046,0.003
odysseus,head.pitch,39,12.1,11.7,-12.6,12.6,0.005,0.002
odysseus,head.pitch,39.083,12.5,5.2,-12.6,12.6,0.0051,0.001
odysseus,head.pitch,39.167,12.6,0.8,-12.6,12.6,0.0052,0
odysseus,head.pitch,39.25,12.6,0,-12.6,12.6,0.0051,0
odysseus,head.pitch,39.5,12.5,-1.7,-12.6,12.6,0.0051,0
odysseus,head.pitch,39.583,11.9,-6.9,-12.6,12.6,0.0049,0.001
odysseus,head.pitch,39.667,11.3,-6.9,-12.6,12.6,0.0046,0.001
odysseus,head.pitch,39.75,10.8,-6.1,-12.6,12.6,0.0044,0.001
odysseus,head.pitch,39.833,10.4,-4.3,-12.6,12.6,0.0043,0.001
odysseus,head.pitch,39.917,10.3,-1.6,-12.6,12.6,0.0042,0
odysseus,head.pitch,40,10.5,2.1,-12.6,12.6,0.0043,0
odysseus,head.pitch,40.083,10.9,5.4,-12.6,12.6,0.0045,0.001
odysseus,head.pitch,40.167,11.6,7.4,-12.6,12.6,0.0047,0.001
odysseus,head.pitch,40.25,12.2,8,-12.6,12.6,0.005,0.001
odysseus,head.pitch,40.333,12.6,4.6,-12.6,12.6,0.0052,0.001
odysseus,head.pitch,40.417,12.6,0,-12.6,12.6,0.0052,0
odysseus,head.pitch,40.75,12.5,-1.7,-12.6,12.6,0.0051,0
odysseus,head.pitch,40.833,11.9,-6.9,-12.6,12.6,0.0049,0.001
odysseus,head.pitch,40.917,11.3,-6.9,-12.6,12.6,0.0046,0.001
odysseus,head.pitch,41,10.8,-6.1,-12.6,12.6,0.0044,0.001
odysseus,head.pitch,41.083,10.4,-4.3,-12.6,12.6,0.0043,0.001
odysseus,head.pitch,41.167,10.3,-1.6,-12.6,12.6,0.0042,0
odysseus,head.pitch,41.25,10.4,1.6,-12.6,12.6,0.0043,0
odysseus,head.pitch,41.333,10.8,4.3,-12.6,12.6,0.0044,0.001
odysseus,head.pitch,41.417,11.3,6.1,-12.6,12.6,0.0046,0.001
odysseus,head.pitch,41.5,11.9,6.9,-12.6,12.6,0.0049,0.001
odysseus,head.pitch,41.583,12.5,6.9,-12.6,12.6,0.0051,0.001
odysseus,head.pitch,41.667,12.6,1.7,-12.6,12.6,0.0052,0
odysseus,head.pitch,41.75,12.6,0,-12.6,12.6,0.0051,0
odysseus,head.pitch,42.167,12.4,-2,-12.6,12.6,0.0051,0
odysseus,head.pitch,42.25,12,-4.9,-12.6,12.6,0.0049,0.001
odysseus,head.pitch,42.333,11.6,-4.6,-12.6,12.6,0.0048,0.001
odysseus,head.pitch,42.417,11.3,-3.9,-12.6,12.6,0.0046,0.001
odysseus,head.pitch,42.5,11.1,-2.7,-12.6,12.6,0.0045,0
odysseus,head.pitch,42.583,11,-1,-12.6,12.6,0.0045,0
odysseus,head.pitch,42.667,11,0.3,-12.6,12.6,0.0045,0
odysseus,head.pitch,42.75,11.1,0.8,-12.6,12.6,0.0045,0
odysseus,head.pitch,42.833,2.6,-102.1,-12.6,12.6,0.0016,0.006
odysseus,head.pitch,42.917,7.5,58.4,-12.6,12.6,0.0039,0.008
odysseus,head.pitch,43,10.4,35.4,-12.6,12.6,0.0044,0.005
odysseus,head.pitch,43.083,11.4,12.2,-12.6,12.6,0.0048,0.002
odysseus,head.pitch,43.167,11.5,0.3,-12.6,12.6,0.0047,0
odysseus,head.pitch,44,12.1,7.2,-12.6,12.6,0.005,0.001
odysseus,head.pitch,44.083,12.6,6.6,-12.6,12.6,0.0051,0.001
odysseus,head.pitch,44.167,12.6,0,-12.6,12.6,0.0052,0
odysseus,head.pitch,50.333,12.2,-5.1,-12.6,12.6,0.005,0.001
odysseus,head.pitch,50.417,11.7,-6.3,-12.6,12.6,0.0048,0.001
odysseus,head.pitch,50.5,11.5,-2.4,-12.6,12.6,0.0047,0
odysseus,head.pitch,50.583,11.5,0,-12.6,12.6,0.0047,0
odysseus,head.pitch,51.583,11.5,0.8,-12.6,12.6,0.0047,0
odysseus,head.pitch,51.667,11.7,2.2,-12.6,12.6,0.0048,0
odysseus,head.pitch,51.75,12,3.2,-12.6,12.6,0.0049,0.001
odysseus,head.pitch,51.833,12.3,3.8,-12.6,12.6,0.005,0.001
odysseus,head.pitch,51.917,12.6,3.7,-12.6,12.6,0.0051,0.001
odysseus,head.pitch,52,12.6,0,-12.6,12.6,0.0052,0
odysseus,head.pitch,52.5,12.2,-4.6,-12.6,12.6,0.005,0.001
odysseus,head.pitch,52.583,11.6,-8,-12.6,12.6,0.0047,0.001
odysseus,head.pitch,52.667,10.9,-7.4,-12.6,12.6,0.0045,0.001
odysseus,head.pitch,52.75,10.5,-5.4,-12.6,12.6,0.0043,0.001
odysseus,head.pitch,52.833,10.3,-2.1,-12.6,12.6,0.0042,0
odysseus,head.pitch,52.917,10.5,2.1,-12.6,12.6,0.0043,0
odysseus,head.pitch,53,10.9,5.4,-12.6,12.6,0.0045,0.001
odysseus,head.pitch,53.083,11.6,7.4,-12.6,12.6,0.0047,0.001
odysseus,head.pitch,53.167,12.2,8,-12.6,12.6,0.005,0.001
odysseus,head.pitch,53.25,12.6,4.6,-12.6,12.6,0.0052,0.001
odysseus,head.pitch,53.333,12.6,0,-12.6,12.6,0.0052,0
odysseus,head.pitch,53.667,11.9,-8.6,-12.6,12.6,0.0049,0.002
odysseus,head.pitch,53.75,11.1,-9.1,-12.6,12.6,0.0045,0.001
odysseus,head.pitch,53.833,10.5,-7,-12.6,12.6,0.0043,0.001
odysseus,head.pitch,53.917,10.3,-2.8,-12.6,12.6,0.0042,0
odysseus,head.pitch,54,10.5,2.8,-12.6,12.6,0.0043,0
odysseus,head.pitch,54.083,11.1,7,-12.6,12.6,0.0046,0.001
odysseus,head.pitch,54.167,11.9,9.1,-12.6,12.6,0.0049,0.002
odysseus,head.pitch,54.25,12.6,8.6,-12.6,12.6,0.0051,0.002
odysseus,head.pitch,54.333,12.6,0,-12.6,12.6,0.0052,0
odysseus,head.pitch,54.417,11.1,-18.3,-12.6,12.6,0.0046,0.003
odysseus,head.pitch,54.5,5.2,-71,-12.6,12.6,0.0024,0.006
odysseus,head.pitch,54.583,-2.2,-88.4,-12.6,12.6,0.001,0.003
odysseus,head.pitch,54.667,-8.6,-77.3,-12.6,12.6,0.0036,0.01
odysseus,head.pitch,54.75,-11.8,-37.7,-12.6,12.6,0.005,0.007
odysseus,head.pitch,54.833,-12.4,-7,-12.6,12.6,0.0052,0.001
odysseus,head.pitch,54.917,-12.6,-2.8,-12.6,12.6,0.0052,0.001
odysseus,head.pitch,55,-12.4,2.8,-12.6,12.6,0.0051,0.001
odysseus,head.pitch,55.083,-11.8,7,-12.6,12.6,0.0048,0.001
odysseus,head.pitch,55.167,-11,9.1,-12.6,12.6,0.0045,0.001
odysseus,head.pitch,55.25,-10.3,9.1,-12.6,12.6,0.0042,0.001
odysseus,head.pitch,55.333,-9.7,7,-12.6,12.6,0.004,0.001
odysseus,head.pitch,55.417,-9.5,2.8,-12.6,12.6,0.0039,0
odysseus,head.pitch,55.5,-9.6,-2.1,-12.6,12.6,0.004,0
odysseus,head.pitch,55.583,-10.1,-5.4,-12.6,12.6,0.0041,0.001
odysseus,head.pitch,55.667,-10.7,-7.4,-12.6,12.6,0.0044,0.001
odysseus,head.pitch,55.75,-11.4,-8,-12.6,12.6,0.0046,0.001
odysseus,head.pitch,55.833,-12,-7.4,-12.6,12.6,0.0049,0.001
odysseus,head.pitch,55.917,-12.4,-5.4,-12.6,12.6,0.0051,0.001
odysseus,head.pitch,56,-12.6,-2.1,-12.6,12.6,0.0052,0
odysseus,head.pitch,56.083,-12.6,0.3,-12.6,12.6,0.0051,0
odysseus,head.pitch,56.167,-12.5,0.7,-12.6,12.6,0.0051,0
odysseus,head.pitch,56.25,-12.4,1.1,-12.6,12.6,0.0051,0
odysseus,head.pitch,56.333,-12.3,1.4,-12.6,12.6,0.005,0
odysseus,head.pitch,56.417,-12.2,1.6,-12.6,12.6,0.005,0
odysseus,head.pitch,56.5,-12,1.7,-12.6,12.6,0.0049,0
odysseus,head.pitch,56.583,-11.9,1.7,-12.6,12.6,0.0049,0
odysseus,head.pitch,56.667,-11.8,1.6,-12.6,12.6,0.0048,0
odysseus,head.pitch,56.75,-11.6,1.4,-12.6,12.6,0.0048,0
odysseus,head.pitch,56.833,-11.5,1.1,-12.6,12.6,0.0047,0
odysseus,head.pitch,56.917,-11.5,0.7,-12.6,12.6,0.0047,0
odysseus,head.pitch,57,2.9,172.2,-12.6,12.6,0.002,0.012
odysseus,head.pitch,57.083,5.9,37,-12.6,12.6,0.0031,0.004
odysseus,head.pitch,57.167,8.3,28.8,-12.6,12.6,0.0035,0.003
odysseus,head.pitch,57.25,10.1,20.5,-12.6,12.6,0.0042,0.003
odysseus,head.pitch,57.333,11.1,12.3,-12.6,12.6,0.0046,0.002
odysseus,head.pitch,57.417,11.4,4.1,-12.6,12.6,0.0047,0.001
odysseus,head.pitch,57.5,11.4,0,-12.6,12.6,0.0047,0
odysseus,head.pitch,60.917,2.9,-102.7,-12.6,12.6,0.0017,0.006
odysseus,head.pitch,61,2.7,-2.1,-12.6,12.6,0.0016,0
odysseus,head.pitch,61.083,2.5,-1.7,-12.6,12.6,0.001,0
odysseus,head.pitch,61.167,2.4,-1.3,-12.6,12.6,0.001,0
odysseus,head.pitch,61.25,2.4,-1,-12.6,12.6,0.001,0
odysseus,head.pitch,61.333,2.3,-0.6,-12.6,12.6,0.0009,0
odysseus,head.pitch,61.417,2.3,-0.2,-12.6,12.6,0.0009,0
odysseus,head.pitch,62.75,2.9,6.9,-12.6,12.6,0.0012,0
odysseus,head.pitch,62.833,-1.5,-52.5,-12.6,12.6,0.0009,0.002
odysseus,head.pitch,62.917,-5.1,-43,-12.6,12.6,0.0021,0.003
odysseus,head.pitch,63,-7.9,-33.4,-12.6,12.6,0.0033,0.004
odysseus,head.pitch,63.083,-9.9,-23.9,-12.6,12.6,0.0041,0.003
odysseus,head.pitch,63.167,-11.1,-14.3,-12.6,12.6,0.0046,0.002
odysseus,head.pitch,63.25,-11.5,-4.8,-12.6,12.6,0.0047,0.001
odysseus,head.pitch,63.333,-11.5,0,-12.6,12.6,0.0047,0
odysseus,head.pitch,65.5,2.9,171.9,-12.6,12.6,0.002,0.012
odysseus,head.pitch,65.583,6.6,44.9,-12.6,12.6,0.0033,0.005
odysseus,head.pitch,65.667,9.3,32.1,-12.6,12.6,0.0039,0.004
odysseus,head.pitch,65.75,10.9,19.3,-12.6,12.6,0.0045,0.003
odysseus,head.pitch,65.833,11.4,6.4,-12.6,12.6,0.0047,0.001
odysseus,head.pitch,65.917,11.4,0,-12.6,12.6,0.0047,0
odysseus,head.pitch,68.333,2.9,-102.7,-12.6,12.6,0.0017,0.006
odysseus,head.pitch,68.417,2.8,-0.7,-12.6,12.6,0.0017,0
odysseus,head.pitch,68.5,2.7,-1.7,-12.6,12.6,0.0011,0
odysseus,head.pitch,68.583,2.5,-2,-12.6,12.6,0.001,0
odysseus,head.pitch,68.667,2.4,-1.7,-12.6,12.6,0.001,0
odysseus,head.pitch,68.75,2.3,-0.7,-12.6,12.6,0.0009,0
odysseus,head.pitch,68.833,2.9,6.9,-12.6,12.6,0.0012,0
odysseus,head.pitch,68.917,2.7,-2.1,-12.6,12.6,0.0011,0
odysseus,head.pitch,69,2.5,-1.7,-12.6,12.6,0.001,0
odysseus,head.pitch,69.083,2.4,-1.3,-12.6,12.6,0.001,0
odysseus,head.pitch,69.167,2.4,-1,-12.6,12.6,0.001,0
odysseus,head.pitch,69.25,2.3,-0.6,-12.6,12.6,0.0009,0
odysseus,head.pitch,69.333,2.3,-0.2,-12.6,12.6,0.0009,0
odysseus,head.pitch,70.25,2.9,6.9,-12.6,12.6,0.0012,0
odysseus,head.pitch,70.333,-1.5,-52.5,-12.6,12.6,0.0009,0.002
odysseus,head.pitch,70.417,-5.1,-43,-12.6,12.6,0.0021,0.003
odysseus,head.pitch,70.5,-7.9,-33.4,-12.6,12.6,0.0033,0.004
odysseus,head.pitch,70.583,-9.9,-23.9,-12.6,12.6,0.0041,0.003
odysseus,head.pitch,70.667,-11.1,-14.3,-12.6,12.6,0.0046,0.002
odysseus,head.pitch,70.75,-11.5,-4.8,-12.6,12.6,0.0047,0.001
odysseus,head.pitch,70.833,-11.5,0,-12.6,12.6,0.0047,0
odysseus,head.pitch,72.75,2.9,171.9,-12.6,12.6,0.002,0.012
odysseus,head.pitch,72.833,5.9,37,-12.6,12.6,0.0031,0.004
odysseus,head.pitch,72.917,8.3,28.8,-12.6,12.6,0.0035,0.003
odysseus,head.pitch,73,10.1,20.5,-12.6,12.6,0.0042,0.003
odysseus,head.pitch,73.083,11.1,12.3,-12.6,12.6,0.0046,0.002
odysseus,head.pitch,73.167,11.4,4.1,-12.6,12.6,0.0047,0.001
odysseus,head.pitch,73.25,11.4,0,-12.6,12.6,0.0047,0
odysseus,head.pitch,89.25,11.4,0,-12.6,12.6,0.0047,0
odysseus,arm.R.pitch,0,-22.9,0,-183.3,60.2,0.0115,0
odysseus,arm.R.pitch,3.75,-24.9,-24.1,-183.3,60.2,0.0127,0.011
odysseus,arm.R.pitch,3.833,-26.4,-17.2,-183.3,60.2,0.0132,0.008
odysseus,arm.R.pitch,3.917,-27.2,-10.3,-183.3,60.2,0.0135,0.005
odysseus,arm.R.pitch,4,-27.5,-3.4,-183.3,60.2,0.0137,0.002
odysseus,arm.R.pitch,4.083,-27.4,1.5,-183.3,60.2,0.0136,0.001
odysseus,arm.R.pitch,4.167,-27,4.2,-183.3,60.2,0.0134,0.002
odysseus,arm.R.pitch,4.25,-26.5,6.2,-183.3,60.2,0.0132,0.003
odysseus,arm.R.pitch,4.333,-25.9,7.5,-183.3,60.2,0.0129,0.004
odysseus,arm.R.pitch,4.417,-25.2,8.1,-183.3,60.2,0.0125,0.004
odysseus,arm.R.pitch,4.5,-24.5,8.1,-183.3,60.2,0.0122,0.004
odysseus,arm.R.pitch,4.583,-23.9,7.5,-183.3,60.2,0.0119,0.003
odysseus,arm.R.pitch,4.667,-23.4,6.2,-183.3,60.2,0.0117,0.003
odysseus,arm.R.pitch,4.75,-23,4.2,-183.3,60.2,0.0115,0.002
odysseus,arm.R.pitch,4.833,-22.9,1.5,-183.3,60.2,0.0115,0.001
odysseus,arm.R.pitch,4.917,-22.9,0,-183.3,60.2,0.0115,0
odysseus,arm.R.pitch,7.75,-24.6,-19.8,-183.3,60.2,0.0125,0.009
odysseus,arm.R.pitch,7.833,-25.9,-15.4,-183.3,60.2,0.0129,0.007
odysseus,arm.R.pitch,7.917,-26.8,-11,-183.3,60.2,0.0133,0.005
odysseus,arm.R.pitch,8,-27.3,-6.6,-183.3,60.2,0.0136,0.003
odysseus,arm.R.pitch,8.083,-27.5,-2.2,-183.3,60.2,0.0136,0.001
odysseus,arm.R.pitch,8.167,-27.4,1.5,-183.3,60.2,0.0136,0.001
odysseus,arm.R.pitch,8.25,-27,4.2,-183.3,60.2,0.0134,0.002
odysseus,arm.R.pitch,8.333,-26.5,6.2,-183.3,60.2,0.0132,0.003
odysseus,arm.R.pitch,8.417,-25.9,7.5,-183.3,60.2,0.0129,0.004
odysseus,arm.R.pitch,8.5,-25.2,8.1,-183.3,60.2,0.0125,0.004
odysseus,arm.R.pitch,8.583,-24.5,8.1,-183.3,60.2,0.0122,0.004
odysseus,arm.R.pitch,8.667,-23.9,7.5,-183.3,60.2,0.0119,0.003
odysseus,arm.R.pitch,8.75,-23.4,6.2,-183.3,60.2,0.0117,0.003
odysseus,arm.R.pitch,8.833,-23,4.2,-183.3,60.2,0.0115,0.002
odysseus,arm.R.pitch,8.917,-22.9,1.5,-183.3,60.2,0.0115,0.001
odysseus,arm.R.pitch,9,-22.9,0,-183.3,60.2,0.0115,0
odysseus,arm.R.pitch,13.75,-24.9,-24.1,-183.3,60.2,0.0127,0.011
odysseus,arm.R.pitch,13.833,-26.4,-17.2,-183.3,60.2,0.0132,0.008
odysseus,arm.R.pitch,13.917,-27.2,-10.3,-183.3,60.2,0.0135,0.005
odysseus,arm.R.pitch,14,-27.5,-3.4,-183.3,60.2,0.0137,0.002
odysseus,arm.R.pitch,14.083,-27.4,1.3,-183.3,60.2,0.0136,0.001
odysseus,arm.R.pitch,14.167,-27.1,3.5,-183.3,60.2,0.0134,0.002
odysseus,arm.R.pitch,14.25,-26.7,5.2,-183.3,60.2,0.0132,0.003
odysseus,arm.R.pitch,14.333,-26.1,6.5,-183.3,60.2,0.013,0.003
odysseus,arm.R.pitch,14.417,-25.5,7.2,-183.3,60.2,0.0127,0.004
odysseus,arm.R.pitch,14.5,-24.9,7.5,-183.3,60.2,0.0124,0.004
odysseus,arm.R.pitch,14.583,-24.3,7.2,-183.3,60.2,0.0121,0.003
odysseus,arm.R.pitch,14.667,-23.8,6.5,-183.3,60.2,0.0119,0.003
odysseus,arm.R.pitch,14.75,-23.3,5.2,-183.3,60.2,0.0117,0.002
odysseus,arm.R.pitch,14.833,-23,3.5,-183.3,60.2,0.0115,0.002
odysseus,arm.R.pitch,14.917,-22.9,1.3,-183.3,60.2,0.0115,0.001
odysseus,arm.R.pitch,15,-22.9,0,-183.3,60.2,0.0115,0
odysseus,arm.R.pitch,20.25,-24.9,-24.1,-183.3,60.2,0.0127,0.011
odysseus,arm.R.pitch,20.333,-26.4,-17.2,-183.3,60.2,0.0132,0.008
odysseus,arm.R.pitch,20.417,-27.2,-10.3,-183.3,60.2,0.0135,0.005
odysseus,arm.R.pitch,20.5,-27.5,-3.4,-183.3,60.2,0.0137,0.002
odysseus,arm.R.pitch,20.583,-27.4,1.5,-183.3,60.2,0.0136,0.001
odysseus,arm.R.pitch,20.667,-27,4.2,-183.3,60.2,0.0134,0.002
odysseus,arm.R.pitch,20.75,-26.5,6.2,-183.3,60.2,0.0132,0.003
odysseus,arm.R.pitch,20.833,-25.9,7.5,-183.3,60.2,0.0129,0.004
odysseus,arm.R.pitch,20.917,-25.2,8.1,-183.3,60.2,0.0125,0.004
odysseus,arm.R.pitch,21,-24.5,8.1,-183.3,60.2,0.0122,0.004
odysseus,arm.R.pitch,21.083,-23.9,7.5,-183.3,60.2,0.0119,0.003
odysseus,arm.R.pitch,21.167,-23.4,6.2,-183.3,60.2,0.0117,0.003
odysseus,arm.R.pitch,21.25,-23,4.2,-183.3,60.2,0.0115,0.002
odysseus,arm.R.pitch,21.333,-22.9,1.5,-183.3,60.2,0.0115,0.001
odysseus,arm.R.pitch,21.417,-22.9,0,-183.3,60.2,0.0115,0
odysseus,arm.R.pitch,24.583,-24.6,-19.8,-183.3,60.2,0.0125,0.009
odysseus,arm.R.pitch,24.667,-25.9,-15.4,-183.3,60.2,0.0129,0.007
odysseus,arm.R.pitch,24.75,-26.8,-11,-183.3,60.2,0.0133,0.005
odysseus,arm.R.pitch,24.833,-27.3,-6.6,-183.3,60.2,0.0136,0.003
odysseus,arm.R.pitch,24.917,-27.5,-2.2,-183.3,60.2,0.0136,0.001
odysseus,arm.R.pitch,25,-27.4,1.5,-183.3,60.2,0.0136,0.001
odysseus,arm.R.pitch,25.083,-27,4.2,-183.3,60.2,0.0134,0.002
odysseus,arm.R.pitch,25.167,-26.5,6.2,-183.3,60.2,0.0132,0.003
odysseus,arm.R.pitch,25.25,-25.9,7.5,-183.3,60.2,0.0129,0.004
odysseus,arm.R.pitch,25.333,-25.2,8.1,-183.3,60.2,0.0125,0.004
odysseus,arm.R.pitch,25.417,-24.5,8.1,-183.3,60.2,0.0122,0.004
odysseus,arm.R.pitch,25.5,-23.9,7.5,-183.3,60.2,0.0119,0.003
odysseus,arm.R.pitch,25.583,-23.4,6.2,-183.3,60.2,0.0117,0.003
odysseus,arm.R.pitch,25.667,-23,4.2,-183.3,60.2,0.0115,0.002
odysseus,arm.R.pitch,25.75,-22.9,1.5,-183.3,60.2,0.0115,0.001
odysseus,arm.R.pitch,25.833,-22.9,0,-183.3,60.2,0.0115,0
odysseus,arm.R.pitch,26.583,-23.3,-5,-183.3,60.2,0.0117,0.002
odysseus,arm.R.pitch,26.667,-25,-20.4,-183.3,60.2,0.0127,0.009
odysseus,arm.R.pitch,26.75,-28.4,-40.9,-183.3,60.2,0.0143,0.021
odysseus,arm.R.pitch,26.833,-33.4,-59.5,-183.3,60.2,0.0164,0.035
odysseus,arm.R.pitch,26.917,-39.2,-69.5,-183.3,60.2,0.0187,0.046
odysseus,arm.R.pitch,27,-44.6,-65.1,-183.3,60.2,0.0207,0.048
odysseus,arm.R.pitch,27.083,-48.2,-42.8,-183.3,60.2,0.0222,0.034
odysseus,arm.R.pitch,27.167,-50.2,-24.7,-183.3,60.2,0.0229,0.021
odysseus,arm.R.pitch,27.25,-51.6,-16.5,-183.3,60.2,0.0232,0.014
odysseus,arm.R.pitch,27.333,-52.2,-7.4,-183.3,60.2,0.0234,0.007
odysseus,arm.R.pitch,27.417,-52.1,2.2,-183.3,60.2,0.0233,0.003
odysseus,arm.R.pitch,27.5,-51,12.1,-183.3,60.2,0.023,0.011
odysseus,arm.R.pitch,27.583,-49.2,21.6,-183.3,60.2,0.0224,0.018
odysseus,arm.R.pitch,27.667,-46.7,30.5,-183.3,60.2,0.0215,0.024
odysseus,arm.R.pitch,27.75,-43.5,38.2,-183.3,60.2,0.0204,0.028
odysseus,arm.R.pitch,27.833,-39.8,44.3,-183.3,60.2,0.0189,0.03
odysseus,arm.R.pitch,27.917,-35.8,48.5,-183.3,60.2,0.0173,0.03
odysseus,arm.R.pitch,28,-31.6,50.3,-183.3,60.2,0.0154,0.028
odysseus,arm.R.pitch,28.083,-27.5,49.7,-183.3,60.2,0.0136,0.024
odysseus,arm.R.pitch,28.167,-23.6,46.5,-183.3,60.2,0.0118,0.019
odysseus,arm.R.pitch,28.25,-20.2,40.7,-183.3,60.2,0.0102,0.015
odysseus,arm.R.pitch,28.333,-17.5,32.6,-183.3,60.2,0.0089,0.01
odysseus,arm.R.pitch,28.417,-15.6,22.3,-183.3,60.2,0.008,0.006
odysseus,arm.R.pitch,28.5,-14.7,10.4,-183.3,60.2,0.0076,0.003
odysseus,arm.R.pitch,28.583,-15,-2.7,-183.3,60.2,0.0078,0.001
odysseus,arm.R.pitch,28.667,-16.3,-16.3,-183.3,60.2,0.0084,0.005
odysseus,arm.R.pitch,28.75,-18.8,-29.9,-183.3,60.2,0.0097,0.01
odysseus,arm.R.pitch,28.833,-22.4,-42.7,-183.3,60.2,0.0114,0.017
odysseus,arm.R.pitch,28.917,-26.9,-54.3,-183.3,60.2,0.0135,0.026
odysseus,arm.R.pitch,29,-32.2,-63.9,-183.3,60.2,0.0158,0.036
odysseus,arm.R.pitch,29.083,-38.2,-71.3,-183.3,60.2,0.0183,0.046
odysseus,arm.R.pitch,29.167,-44.5,-76,-183.3,60.2,0.0207,0.056
odysseus,arm.R.pitch,29.25,-51,-77.8,-183.3,60.2,0.0229,0.063
odysseus,arm.R.pitch,29.333,-57.4,-76.7,-183.3,60.2,0.0248,0.068
odysseus,arm.R.pitch,29.417,-63.4,-72.8,-183.3,60.2,0.0264,0.068
odysseus,arm.R.pitch,29.5,-68.9,-66.3,-183.3,60.2,0.0275,0.065
odysseus,arm.R.pitch,29.583,-73.8,-57.7,-183.3,60.2,0.0284,0.059
odysseus,arm.R.pitch,29.667,-77.7,-47.2,-183.3,60.2,0.0289,0.049
odysseus,arm.R.pitch,29.75,-80.6,-35.5,-183.3,60.2,0.0292,0.038
odysseus,arm.R.pitch,29.833,-82.6,-23,-183.3,60.2,0.0293,0.025
odysseus,arm.R.pitch,29.917,-83.4,-10.4,-183.3,60.2,0.0294,0.012
odysseus,arm.R.pitch,30,-83.3,1.8,-183.3,60.2,0.0294,0.004
odysseus,arm.R.pitch,30.083,-82.2,13.2,-183.3,60.2,0.0293,0.015
odysseus,arm.R.pitch,30.167,-80.2,23.3,-183.3,60.2,0.0291,0.025
odysseus,arm.R.pitch,30.25,-77.6,31.8,-183.3,60.2,0.0288,0.034
odysseus,arm.R.pitch,30.333,-74.4,38.6,-183.3,60.2,0.0284,0.04
odysseus,arm.R.pitch,30.417,-70.7,43.4,-183.3,60.2,0.0278,0.044
odysseus,arm.R.pitch,30.5,-66.9,46.3,-183.3,60.2,0.0271,0.045
odysseus,arm.R.pitch,30.583,-62.9,47.4,-183.3,60.2,0.0262,0.045
odysseus,arm.R.pitch,30.667,-59.1,46.4,-183.3,60.2,0.0253,0.042
odysseus,arm.R.pitch,30.75,-56.1,35.2,-183.3,60.2,0.0246,0.031
odysseus,arm.R.pitch,30.833,-55.1,12.5,-183.3,60.2,0.0244,0.012
odysseus,arm.R.pitch,30.917,-56.1,-12.5,-183.3,60.2,0.0247,0.012
odysseus,arm.R.pitch,31,-58.8,-32.1,-183.3,60.2,0.0254,0.03
odysseus,arm.R.pitch,31.083,-62.2,-40.3,-183.3,60.2,0.0261,0.038
odysseus,arm.R.pitch,31.167,-65,-33.6,-183.3,60.2,0.0267,0.033
odysseus,arm.R.pitch,31.25,-65.9,-11.3,-183.3,60.2,0.0271,0.012
odysseus,arm.R.pitch,31.333,-65.9,0,-183.3,60.2,0.027,0.001
odysseus,arm.R.pitch,38.417,-66.3,-5,-183.3,60.2,0.027,0.006
odysseus,arm.R.pitch,38.5,-67.1,-8.8,-183.3,60.2,0.0272,0.01
odysseus,arm.R.pitch,38.583,-67.8,-9.2,-183.3,60.2,0.0273,0.01
odysseus,arm.R.pitch,38.667,-68.4,-6.2,-183.3,60.2,0.0274,0.007
odysseus,arm.R.pitch,38.75,-68.4,0.1,-183.3,60.2,0.0274,0.002
odysseus,arm.R.pitch,38.833,-67.6,8.6,-183.3,60.2,0.0273,0.01
odysseus,arm.R.pitch,38.917,-67,7.5,-183.3,60.2,0.0271,0.009
odysseus,arm.R.pitch,39,-66.8,3,-183.3,60.2,0.0271,0.004
odysseus,arm.R.pitch,39.083,-66.5,3.4,-183.3,60.2,0.027,0.005
odysseus,arm.R.pitch,39.167,-66.2,3.8,-183.3,60.2,0.0269,0.005
odysseus,arm.R.pitch,39.25,-65.8,3.9,-183.3,60.2,0.0269,0.005
odysseus,arm.R.pitch,39.333,-65.5,3.9,-183.3,60.2,0.0268,0.005
odysseus,arm.R.pitch,39.417,-65.2,3.7,-183.3,60.2,0.0267,0.005
odysseus,arm.R.pitch,39.5,-65.2,-0.3,-183.3,60.2,0.0268,0.002
odysseus,arm.R.pitch,39.583,-66.6,-16.5,-183.3,60.2,0.0272,0.017
odysseus,arm.R.pitch,39.667,-69.9,-40,-183.3,60.2,0.0279,0.041
odysseus,arm.R.pitch,39.75,-75.1,-62.2,-183.3,60.2,0.0287,0.064
odysseus,arm.R.pitch,39.833,-81.3,-74.4,-183.3,60.2,0.0292,0.078
odysseus,arm.R.pitch,39.917,-87.1,-69.4,-183.3,60.2,0.0295,0.073
odysseus,arm.R.pitch,40,-90.9,-45.3,-183.3,60.2,0.0297,0.049
odysseus,arm.R.pitch,40.083,-93.7,-34.1,-183.3,60.2,0.0295,0.037
odysseus,arm.R.pitch,40.167,-96,-27.3,-183.3,60.2,0.0294,0.03
odysseus,arm.R.pitch,40.25,-97.6,-19.4,-183.3,60.2,0.0293,0.022
odysseus,arm.R.pitch,40.333,-98.5,-10.4,-183.3,60.2,0.0292,0.012
odysseus,arm.R.pitch,40.417,-98.6,-1.1,-183.3,60.2,0.0292,0.003
odysseus,arm.R.pitch,40.5,-97.9,8.4,-183.3,60.2,0.0293,0.01
odysseus,arm.R.pitch,40.583,-96.4,17.6,-183.3,60.2,0.0294,0.02
odysseus,arm.R.pitch,40.667,-94.3,25.7,-183.3,60.2,0.0295,0.028
odysseus,arm.R.pitch,40.75,-91.6,32.6,-183.3,60.2,0.0295,0.035
odysseus,arm.R.pitch,40.833,-88.4,37.7,-183.3,60.2,0.0295,0.041
odysseus,arm.R.pitch,40.917,-85,40.5,-183.3,60.2,0.0294,0.043
odysseus,arm.R.pitch,41,-81.6,41,-183.3,60.2,0.0291,0.043
odysseus,arm.R.pitch,41.083,-78.4,38.8,-183.3,60.2,0.0289,0.041
odysseus,arm.R.pitch,41.167,-75.6,33.9,-183.3,60.2,0.0286,0.035
odysseus,arm.R.pitch,41.25,-73.3,26.7,-183.3,60.2,0.0283,0.028
odysseus,arm.R.pitch,41.333,-71.9,17.1,-183.3,60.2,0.0281,0.018
odysseus,arm.R.pitch,41.417,-71.4,5.7,-183.3,60.2,0.028,0.007
odysseus,arm.R.pitch,41.5,-72,-6.9,-183.3,60.2,0.0282,0.008
odysseus,arm.R.pitch,41.583,-73.7,-20.4,-183.3,60.2,0.0284,0.022
odysseus,arm.R.pitch,41.667,-76.5,-33.9,-183.3,60.2,0.0288,0.036
odysseus,arm.R.pitch,41.75,-80.4,-46.7,-183.3,60.2,0.0292,0.049
odysseus,arm.R.pitch,41.833,-85.3,-58.3,-183.3,60.2,0.0295,0.062
odysseus,arm.R.pitch,41.917,-91,-68.1,-183.3,60.2,0.0295,0.072
odysseus,arm.R.pitch,42,-97.3,-75.6,-183.3,60.2,0.0293,0.079
odysseus,arm.R.pitch,42.083,-104,-80.6,-183.3,60.2,0.0286,0.082
odysseus,arm.R.pitch,42.167,-110.8,-82.3,-183.3,60.2,0.0275,0.081
odysseus,arm.R.pitch,42.25,-117.3,-77.9,-183.3,60.2,0.0262,0.073
odysseus,arm.R.pitch,42.333,-124.1,-81.7,-183.3,60.2,0.0244,0.071
odysseus,arm.R.pitch,42.417,-130.8,-80,-183.3,60.2,0.0223,0.063
odysseus,arm.R.pitch,42.5,-136.9,-72.6,-183.3,60.2,0.0202,0.052
odysseus,arm.R.pitch,42.583,-141.8,-59.7,-183.3,60.2,0.0183,0.039
odysseus,arm.R.pitch,42.667,-145.4,-42.6,-183.3,60.2,0.0169,0.026
odysseus,arm.R.pitch,42.75,-147.6,-26.7,-183.3,60.2,0.016,0.015
odysseus,arm.R.pitch,42.833,-149.1,-17.9,-183.3,60.2,0.0152,0.01
odysseus,arm.R.pitch,42.917,-149.6,-6,-183.3,60.2,0.015,0.004
odysseus,arm.R.pitch,43,-149.2,5.1,-183.3,60.2,0.0152,0.003
odysseus,arm.R.pitch,43.083,-147.9,15.1,-183.3,60.2,0.0158,0.009
odysseus,arm.R.pitch,43.167,-138,119.3,-183.3,60.2,0.021,0.088
odysseus,arm.R.pitch,43.25,-130.6,88.1,-183.3,60.2,0.0227,0.071
odysseus,arm.R.pitch,43.333,-125.6,60.6,-183.3,60.2,0.0243,0.053
odysseus,arm.R.pitch,43.417,-131.5,-70.7,-183.3,60.2,0.0237,0.06
odysseus,arm.R.pitch,43.5,-158.2,-320.9,-183.3,60.2,0.0141,0.158
odysseus,arm.R.pitch,43.583,-155.9,28,-183.3,60.2,0.0164,0.017
odysseus,arm.R.pitch,43.667,-154.4,18.5,-183.3,60.2,0.0129,0.009
odysseus,arm.R.pitch,43.75,-153.4,11,-183.3,60.2,0.0133,0.005
odysseus,arm.R.pitch,43.833,-152.4,12.1,-183.3,60.2,0.0136,0.006
odysseus,arm.R.pitch,43.917,-151.8,7.2,-183.3,60.2,0.014,0.004
odysseus,arm.R.pitch,44,-151.8,0,-183.3,60.2,0.014,0
odysseus,arm.R.pitch,50.583,-183.3,-378.2,-183.3,60.2,0.0065,0.085
odysseus,arm.R.pitch,50.667,-183.3,0,-183.3,60.2,0.0065,0
odysseus,arm.R.pitch,51,-183.2,1.2,-183.3,60.2,0.0017,0
odysseus,arm.R.pitch,51.083,-163.2,240.6,-183.3,60.2,0.0115,0.097
odysseus,arm.R.pitch,51.167,-148.4,177,-183.3,60.2,0.0162,0.101
odysseus,arm.R.pitch,51.25,-145.7,32.7,-183.3,60.2,0.0184,0.022
odysseus,arm.R.pitch,51.333,-150.7,-59.2,-183.3,60.2,0.0156,0.033
odysseus,arm.R.pitch,51.417,-153.7,-36.2,-183.3,60.2,0.0133,0.017
odysseus,arm.R.pitch,51.5,-153.7,0,-183.3,60.2,0.0135,0
odysseus,arm.R.pitch,51.583,-152,19.7,-183.3,60.2,0.0141,0.01
odysseus,arm.R.pitch,51.667,-149,36.6,-183.3,60.2,0.0154,0.02
odysseus,arm.R.pitch,51.75,-144.6,52.8,-183.3,60.2,0.0173,0.032
odysseus,arm.R.pitch,51.833,-139,67,-183.3,60.2,0.0195,0.046
odysseus,arm.R.pitch,51.917,-132.5,78.3,-183.3,60.2,0.0218,0.061
odysseus,arm.R.pitch,52,-125.3,86,-183.3,60.2,0.0241,0.074
odysseus,arm.R.pitch,52.083,-117.8,89.6,-183.3,60.2,0.0261,0.083
odysseus,arm.R.pitch,52.167,-110.4,89.3,-183.3,60.2,0.0276,0.087
odysseus,arm.R.pitch,52.25,-103.1,87.5,-183.3,60.2,0.0287,0.089
odysseus,arm.R.pitch,52.333,-96.5,79.2,-183.3,60.2,0.0293,0.083
odysseus,arm.R.pitch,52.417,-90.9,66.9,-183.3,60.2,0.0296,0.071
odysseus,arm.R.pitch,52.5,-86.7,51.1,-183.3,60.2,0.0296,0.055
odysseus,arm.R.pitch,52.583,-83.9,32.9,-183.3,60.2,0.0295,0.036
odysseus,arm.R.pitch,52.667,-82.8,13.5,-183.3,60.2,0.0294,0.016
odysseus,arm.R.pitch,52.75,-83.3,-5.7,-183.3,60.2,0.0295,0.008
odysseus,arm.R.pitch,52.833,-85.2,-23.4,-183.3,60.2,0.0296,0.026
odysseus,arm.R.pitch,52.917,-88.4,-38.2,-183.3,60.2,0.0296,0.041
odysseus,arm.R.pitch,53,-92.5,-49.1,-183.3,60.2,0.0295,0.052
odysseus,arm.R.pitch,53.083,-97.1,-55.1,-183.3,60.2,0.0293,0.058
odysseus,arm.R.pitch,53.167,-101.7,-55.7,-183.3,60.2,0.0288,0.058
odysseus,arm.R.pitch,53.25,-106,-50.7,-183.3,60.2,0.0284,0.052
odysseus,arm.R.pitch,53.333,-109.4,-40.6,-183.3,60.2,0.0279,0.041
odysseus,arm.R.pitch,53.417,-111.5,-26.1,-183.3,60.2,0.0276,0.027
odysseus,arm.R.pitch,53.5,-112.2,-8,-183.3,60.2,0.0275,0.009
odysseus,arm.R.pitch,53.583,-111.2,12.1,-183.3,60.2,0.0277,0.013
odysseus,arm.R.pitch,53.667,-108.4,32.8,-183.3,60.2,0.0282,0.034
odysseus,arm.R.pitch,53.75,-104,52.8,-183.3,60.2,0.0288,0.055
odysseus,arm.R.pitch,53.833,-98.2,70.4,-183.3,60.2,0.0294,0.074
odysseus,arm.R.pitch,53.917,-91.1,84.6,-183.3,60.2,0.0296,0.089
odysseus,arm.R.pitch,54,-83.3,94.3,-183.3,60.2,0.0293,0.098
odysseus,arm.R.pitch,54.083,-75,99,-183.3,60.2,0.0285,0.1
odysseus,arm.R.pitch,54.167,-66.8,98.6,-183.3,60.2,0.0271,0.095
odysseus,arm.R.pitch,54.25,-59.1,93.1,-183.3,60.2,0.0253,0.084
odysseus,arm.R.pitch,54.333,-52.1,83,-183.3,60.2,0.0234,0.069
odysseus,arm.R.pitch,54.417,-46.4,69.3,-183.3,60.2,0.0215,0.053
odysseus,arm.R.pitch,54.5,-42,52.8,-183.3,60.2,0.0199,0.037
odysseus,arm.R.pitch,54.583,-39.1,34.9,-183.3,60.2,0.0188,0.024
odysseus,arm.R.pitch,54.667,-37.7,16.4,-183.3,60.2,0.0182,0.011
odysseus,arm.R.pitch,54.75,-37.8,-1.3,-183.3,60.2,0.0183,0.001
odysseus,arm.R.pitch,54.833,-39.2,-17.4,-183.3,60.2,0.0188,0.012
odysseus,arm.R.pitch,54.917,-41.8,-31.1,-183.3,60.2,0.0198,0.022
odysseus,arm.R.pitch,55,-45.3,-41.8,-183.3,60.2,0.0211,0.032
odysseus,arm.R.pitch,55.083,-49.4,-49.2,-183.3,60.2,0.0224,0.04
odysseus,arm.R.pitch,55.167,-53.9,-53.3,-183.3,60.2,0.0238,0.045
odysseus,arm.R.pitch,55.25,-58.3,-53.6,-183.3,60.2,0.0251,0.048
odysseus,arm.R.pitch,55.333,-61.8,-41.6,-183.3,60.2,0.0261,0.039
odysseus,arm.R.pitch,55.417,-63.2,-16.4,-183.3,60.2,0.0266,0.017
odysseus,arm.R.pitch,55.5,-62.2,12,-183.3,60.2,0.0264,0.012
odysseus,arm.R.pitch,55.583,-59.3,34.3,-183.3,60.2,0.0256,0.032
odysseus,arm.R.pitch,55.667,-55.6,44,-183.3,60.2,0.0244,0.039
odysseus,arm.R.pitch,55.75,-52.5,37.6,-183.3,60.2,0.0234,0.032
odysseus,arm.R.pitch,55.833,-51.2,15.7,-183.3,60.2,0.0232,0.014
odysseus,arm.R.pitch,55.917,-51.2,0,-183.3,60.2,0.0231,0.001
odysseus,arm.R.pitch,56,-51.3,-1,-183.3,60.2,0.023,0.002
odysseus,arm.R.pitch,56.083,-51.5,-2.1,-183.3,60.2,0.023,0.003
odysseus,arm.R.pitch,56.167,-51.7,-2.3,-183.3,60.2,0.0231,0.003
odysseus,arm.R.pitch,56.25,-51.8,-1.8,-183.3,60.2,0.0231,0.003
odysseus,arm.R.pitch,56.333,-51.9,-0.7,-183.3,60.2,0.0232,0.002
odysseus,arm.R.pitch,56.417,-51.8,0.5,-183.3,60.2,0.0231,0.002
odysseus,arm.R.pitch,56.5,-51.7,1.9,-183.3,60.2,0.0231,0.003
odysseus,arm.R.pitch,56.583,-51.6,1.1,-183.3,60.2,0.0231,0.002
odysseus,arm.R.pitch,56.667,-51.6,0,-183.3,60.2,0.0231,0.001
odysseus,arm.R.pitch,77.083,-51.7,-1.1,-183.3,60.2,0.0231,0.002
odysseus,arm.R.pitch,77.167,-52.7,-12.8,-183.3,60.2,0.0236,0.012
odysseus,arm.R.pitch,77.25,-55.6,-34.6,-183.3,60.2,0.0246,0.031
odysseus,arm.R.pitch,77.333,-60.5,-58.6,-183.3,60.2,0.0259,0.054
odysseus,arm.R.pitch,77.417,-66.8,-76.1,-183.3,60.2,0.0273,0.074
odysseus,arm.R.pitch,77.5,-73.5,-80,-183.3,60.2,0.0283,0.08
odysseus,arm.R.pitch,77.583,-79,-65.4,-183.3,60.2,0.0291,0.068
odysseus,arm.R.pitch,77.667,-81.7,-32.6,-183.3,60.2,0.0295,0.035
odysseus,arm.R.pitch,77.75,-82.4,-8.2,-183.3,60.2,0.0295,0.01
odysseus,arm.R.pitch,77.833,-81.9,6,-183.3,60.2,0.0293,0.008
odysseus,arm.R.pitch,77.917,-80.2,20,-183.3,60.2,0.0292,0.022
odysseus,arm.R.pitch,78,-77.5,32.7,-183.3,60.2,0.0289,0.035
odysseus,arm.R.pitch,78.083,-73.8,43.4,-183.3,60.2,0.0284,0.045
odysseus,arm.R.pitch,78.167,-69.6,50.9,-183.3,60.2,0.0277,0.051
odysseus,arm.R.pitch,78.25,-65.1,54.5,-183.3,60.2,0.0267,0.052
odysseus,arm.R.pitch,78.333,-60.6,53.6,-183.3,60.2,0.0257,0.049
odysseus,arm.R.pitch,78.417,-56.6,48,-183.3,60.2,0.0246,0.043
odysseus,arm.R.pitch,78.5,-53.5,37.7,-183.3,60.2,0.0238,0.032
odysseus,arm.R.pitch,78.583,-51.5,23.1,-183.3,60.2,0.0232,0.02
odysseus,arm.R.pitch,78.667,-51.1,4.9,-183.3,60.2,0.0231,0.005
odysseus,arm.R.pitch,78.75,-52.4,-15.7,-183.3,60.2,0.0236,0.014
odysseus,arm.R.pitch,78.833,-55.6,-37.4,-183.3,60.2,0.0245,0.033
odysseus,arm.R.pitch,78.917,-60.4,-58.7,-183.3,60.2,0.0259,0.054
odysseus,arm.R.pitch,79,-67,-78.1,-183.3,60.2,0.0273,0.076
odysseus,arm.R.pitch,79.083,-74.8,-94.1,-183.3,60.2,0.0286,0.096
odysseus,arm.R.pitch,79.167,-83.6,-105.5,-183.3,60.2,0.0294,0.11
odysseus,arm.R.pitch,79.25,-92.9,-111.3,-183.3,60.2,0.0295,0.116
odysseus,arm.R.pitch,79.333,-102.1,-111.1,-183.3,60.2,0.0288,0.113
odysseus,arm.R.pitch,79.417,-110.9,-104.8,-183.3,60.2,0.0276,0.102
odysseus,arm.R.pitch,79.5,-118.6,-92.8,-183.3,60.2,0.026,0.086
odysseus,arm.R.pitch,79.583,-124.9,-76,-183.3,60.2,0.0243,0.066
odysseus,arm.R.pitch,79.667,-129.6,-55.8,-183.3,60.2,0.0229,0.046
odysseus,arm.R.pitch,79.75,-132.4,-33.6,-183.3,60.2,0.022,0.027
odysseus,arm.R.pitch,79.833,-133.3,-11,-183.3,60.2,0.0217,0.009
odysseus,arm.R.pitch,79.917,-132.5,10.1,-183.3,60.2,0.022,0.009
odysseus,arm.R.pitch,80,-130.1,28.3,-183.3,60.2,0.0227,0.023
odysseus,arm.R.pitch,80.083,-126.6,42.3,-183.3,60.2,0.0238,0.036
odysseus,arm.R.pitch,80.167,-122.3,51.1,-183.3,60.2,0.025,0.046
odysseus,arm.R.pitch,80.25,-117.8,54.4,-183.3,60.2,0.0261,0.051
odysseus,arm.R.pitch,80.333,-113.4,52,-183.3,60.2,0.027,0.051
odysseus,arm.R.pitch,80.417,-109.8,44.4,-183.3,60.2,0.0278,0.045
odysseus,arm.R.pitch,80.5,-107.1,32.2,-183.3,60.2,0.0283,0.033
odysseus,arm.R.pitch,80.583,-105.7,16.7,-183.3,60.2,0.0285,0.018
odysseus,arm.R.pitch,80.667,-105.8,-1.1,-183.3,60.2,0.0285,0.003
odysseus,arm.R.pitch,80.75,-107.4,-19.6,-183.3,60.2,0.0283,0.021
odysseus,arm.R.pitch,80.833,-110.5,-37.6,-183.3,60.2,0.0278,0.038
odysseus,arm.R.pitch,80.917,-115,-53.9,-183.3,60.2,0.0269,0.052
odysseus,arm.R.pitch,81,-120.7,-67.5,-183.3,60.2,0.0255,0.061
odysseus,arm.R.pitch,81.083,-127.1,-77.7,-183.3,60.2,0.0236,0.065
odysseus,arm.R.pitch,81.167,-134.1,-83.9,-183.3,60.2,0.0212,0.063
odysseus,arm.R.pitch,81.25,-141.3,-86.1,-183.3,60.2,0.0184,0.056
odysseus,arm.R.pitch,81.333,-148.3,-84.3,-183.3,60.2,0.0155,0.046
odysseus,arm.R.pitch,81.417,-154.9,-78.8,-183.3,60.2,0.0126,0.035
odysseus,arm.R.pitch,81.5,-159.9,-59.5,-183.3,60.2,0.0104,0.022
odysseus,arm.R.pitch,81.583,-162,-25.7,-183.3,60.2,0.0095,0.009
odysseus,arm.R.pitch,81.667,-161.3,8.8,-183.3,60.2,0.0099,0.003
odysseus,arm.R.pitch,81.75,-158.4,34.7,-183.3,60.2,0.0112,0.014
odysseus,arm.R.pitch,81.833,-154.5,46.2,-183.3,60.2,0.0128,0.021
odysseus,arm.R.pitch,81.917,-151.1,41.6,-183.3,60.2,0.0143,0.021
odysseus,arm.R.pitch,82,-149.1,23.1,-183.3,60.2,0.0153,0.013
odysseus,arm.R.pitch,82.083,-149,1.9,-183.3,60.2,0.0154,0.001
odysseus,arm.R.pitch,82.167,-149,0,-183.3,60.2,0.0152,0
odysseus,arm.R.pitch,82.75,-150.2,-14.3,-183.3,60.2,0.0148,0.008
odysseus,arm.R.pitch,82.833,-152.4,-26.5,-183.3,60.2,0.0138,0.013
odysseus,arm.R.pitch,82.917,-153.6,-14.3,-183.3,60.2,0.0133,0.007
odysseus,arm.R.pitch,83,-153.3,3,-183.3,60.2,0.0134,0.002
odysseus,arm.R.pitch,83.083,-152.6,7.9,-183.3,60.2,0.0136,0.004
odysseus,arm.R.pitch,83.167,-151.7,10.7,-183.3,60.2,0.014,0.006
odysseus,arm.R.pitch,83.25,-150.8,11.7,-183.3,60.2,0.0144,0.006
odysseus,arm.R.pitch,83.333,-149.9,10.7,-183.3,60.2,0.0148,0.006
odysseus,arm.R.pitch,83.417,-149.2,7.9,-183.3,60.2,0.0151,0.005
odysseus,arm.R.pitch,83.5,-149,3,-183.3,60.2,0.0152,0.002
odysseus,arm.R.pitch,83.583,-149,0,-183.3,60.2,0.0152,0
odysseus,arm.R.pitch,85.333,-150.2,-14.3,-183.3,60.2,0.0148,0.008
odysseus,arm.R.pitch,85.417,-152.4,-26.5,-183.3,60.2,0.0138,0.013
odysseus,arm.R.pitch,85.5,-153.6,-14.3,-183.3,60.2,0.0133,0.007
odysseus,arm.R.pitch,85.583,-153.4,2.4,-183.3,60.2,0.0134,0.001
odysseus,arm.R.pitch,85.667,-152.8,6.2,-183.3,60.2,0.0135,0.003
odysseus,arm.R.pitch,85.75,-152.1,8.8,-183.3,60.2,0.0138,0.005
odysseus,arm.R.pitch,85.833,-151.3,10.1,-183.3,60.2,0.0142,0.005
odysseus,arm.R.pitch,85.917,-150.4,10.1,-183.3,60.2,0.0145,0.006
odysseus,arm.R.pitch,86,-149.7,8.8,-183.3,60.2,0.0149,0.005
odysseus,arm.R.pitch,86.083,-149.2,6.2,-183.3,60.2,0.0151,0.004
odysseus,arm.R.pitch,86.167,-149,2.4,-183.3,60.2,0.0152,0.002
odysseus,arm.R.pitch,86.25,-149,0,-183.3,60.2,0.0152,0
odysseus,arm.R.pitch,87.583,-149.7,-8.6,-183.3,60.2,0.015,0.005
odysseus,arm.R.pitch,87.667,-151.3,-18.9,-183.3,60.2,0.0143,0.01
odysseus,arm.R.pitch,87.75,-152.8,-18.9,-183.3,60.2,0.0134,0.009
odysseus,arm.R.pitch,87.833,-153.6,-8.6,-183.3,60.2,0.0132,0.004
odysseus,arm.R.pitch,87.917,-153.3,3,-183.3,60.2,0.0134,0.002
odysseus,arm.R.pitch,88,-152.6,7.9,-183.3,60.2,0.0136,0.004
odysseus,arm.R.pitch,88.083,-151.7,10.7,-183.3,60.2,0.014,0.006
odysseus,arm.R.pitch,88.167,-150.8,11.7,-183.3,60.2,0.0144,0.006
odysseus,arm.R.pitch,88.25,-149.9,10.7,-183.3,60.2,0.0148,0.006
odysseus,arm.R.pitch,88.333,-149.2,7.9,-183.3,60.2,0.0151,0.005
odysseus,arm.R.pitch,88.417,-149,3,-183.3,60.2,0.0152,0.002
odysseus,arm.R.pitch,88.5,-149,0,-183.3,60.2,0.0152,0
odysseus,arm.R.pitch,89.25,-149,0,-183.3,60.2,0.0152,0
odysseus,arm.R.out,0,0,0,-11.5,31.5,0,0
odysseus,arm.R.out,89.25,0,0,-11.5,31.5,0,0
odysseus,arm.L.pitch,0,-11.5,0,-183.3,60.2,0.0058,0
odysseus,arm.L.pitch,26.25,-14.4,-35.7,-183.3,60.2,0.0078,0.01
odysseus,arm.L.pitch,26.333,-19.9,-66.2,-183.3,60.2,0.0104,0.024
odysseus,arm.L.pitch,26.417,-22.9,-35.7,-183.3,60.2,0.0118,0.015
odysseus,arm.L.pitch,26.5,-86.3,-760.6,-183.3,60.2,0.0385,1.025
odysseus,arm.L.pitch,26.583,-78.2,96.9,-183.3,60.2,0.0396,0.137
odysseus,arm.L.pitch,26.667,-58.3,239.5,-183.3,60.2,0.0268,0.226
odysseus,arm.L.pitch,26.75,-33.2,301.1,-183.3,60.2,0.0169,0.178
odysseus,arm.L.pitch,26.833,-10.3,274.7,-183.3,60.2,0.0056,0.054
odysseus,arm.L.pitch,26.917,2.5,153.6,-183.3,60.2,0.0028,0.015
odysseus,arm.L.pitch,27,7,54,-183.3,60.2,0.0048,0.009
odysseus,arm.L.pitch,27.083,9.5,30,-183.3,60.2,0.0052,0.005
odysseus,arm.L.pitch,27.167,10.4,10.3,-183.3,60.2,0.0055,0.002
odysseus,arm.L.pitch,27.25,10.4,0.6,-183.3,60.2,0.0054,0
odysseus,arm.L.pitch,27.333,9.6,-10,-183.3,60.2,0.005,0.002
odysseus,arm.L.pitch,27.417,7.8,-21,-183.3,60.2,0.0041,0.003
odysseus,arm.L.pitch,27.5,5.2,-32.1,-183.3,60.2,0.0028,0.003
odysseus,arm.L.pitch,27.583,1.6,-42.9,-183.3,60.2,0.0009,0.001
odysseus,arm.L.pitch,27.667,-2.8,-52.9,-183.3,60.2,0.0016,0.003
odysseus,arm.L.pitch,27.75,-8,-61.7,-183.3,60.2,0.0042,0.009
odysseus,arm.L.pitch,27.833,-13.7,-68.8,-183.3,60.2,0.0071,0.017
odysseus,arm.L.pitch,27.917,-19.9,-73.9,-183.3,60.2,0.0101,0.026
odysseus,arm.L.pitch,28,-26.3,-76.6,-183.3,60.2,0.0131,0.035
odysseus,arm.L.pitch,28.083,-32.7,-76.8,-183.3,60.2,0.0159,0.043
odysseus,arm.L.pitch,28.167,-38.9,-74.3,-183.3,60.2,0.0185,0.049
odysseus,arm.L.pitch,28.25,-44.6,-69.2,-183.3,60.2,0.0207,0.051
odysseus,arm.L.pitch,28.333,-49.7,-61.6,-183.3,60.2,0.0226,0.049
odysseus,arm.L.pitch,28.417,-54.1,-51.8,-183.3,60.2,0.0239,0.044
odysseus,arm.L.pitch,28.5,-57.4,-40.3,-183.3,60.2,0.0249,0.036
odysseus,arm.L.pitch,28.583,-59.7,-27.5,-183.3,60.2,0.0256,0.026
odysseus,arm.L.pitch,28.667,-60.9,-14.1,-183.3,60.2,0.0259,0.014
odysseus,arm.L.pitch,28.75,-60.9,-0.7,-183.3,60.2,0.0259,0.002
odysseus,arm.L.pitch,28.833,-59.9,12,-183.3,60.2,0.0256,0.012
odysseus,arm.L.pitch,28.917,-58,23.6,-183.3,60.2,0.0251,0.022
odysseus,arm.L.pitch,29,-55.2,33.3,-183.3,60.2,0.0243,0.029
odysseus,arm.L.pitch,29.083,-51.8,40.7,-183.3,60.2,0.0232,0.034
odysseus,arm.L.pitch,29.167,-48,45.6,-183.3,60.2,0.0219,0.036
odysseus,arm.L.pitch,29.25,-44,47.7,-183.3,60.2,0.0205,0.035
odysseus,arm.L.pitch,29.333,-40.1,47,-183.3,60.2,0.019,0.032
odysseus,arm.L.pitch,29.417,-36.5,43.5,-183.3,60.2,0.0175,0.027
odysseus,arm.L.pitch,29.5,-33.4,37.6,-183.3,60.2,0.0163,0.022
odysseus,arm.L.pitch,29.583,-30.9,29.5,-183.3,60.2,0.0152,0.016
odysseus,arm.L.pitch,29.667,-29.3,19.7,-183.3,60.2,0.0145,0.01
odysseus,arm.L.pitch,29.75,-28.5,8.7,-183.3,60.2,0.0142,0.005
odysseus,arm.L.pitch,29.833,-28.8,-3,-183.3,60.2,0.0143,0.002
odysseus,arm.L.pitch,29.917,-30,-14.7,-183.3,60.2,0.0149,0.008
odysseus,arm.L.pitch,30,-32.2,-26,-183.3,60.2,0.0158,0.015
odysseus,arm.L.pitch,30.083,-35.2,-36.3,-183.3,60.2,0.0171,0.022
odysseus,arm.L.pitch,30.167,-39,-45.3,-183.3,60.2,0.0186,0.03
odysseus,arm.L.pitch,30.25,-43.4,-52.7,-183.3,60.2,0.0203,0.038
odysseus,arm.L.pitch,30.333,-48.2,-58.2,-183.3,60.2,0.022,0.046
odysseus,arm.L.pitch,30.417,-53.3,-61.7,-183.3,60.2,0.0237,0.052
odysseus,arm.L.pitch,30.5,-58.6,-63.2,-183.3,60.2,0.0251,0.057
odysseus,arm.L.pitch,30.583,-63.8,-62.7,-183.3,60.2,0.0264,0.059
odysseus,arm.L.pitch,30.667,-68.9,-60.2,-183.3,60.2,0.0275,0.059
odysseus,arm.L.pitch,30.75,-72.8,-47.3,-183.3,60.2,0.0283,0.048
odysseus,arm.L.pitch,30.833,-74.7,-22.9,-183.3,60.2,0.0287,0.025
odysseus,arm.L.pitch,30.917,-74.4,3.9,-183.3,60.2,0.0287,0.006
odysseus,arm.L.pitch,31,-72.3,25.3,-183.3,60.2,0.0283,0.027
odysseus,arm.L.pitch,31.083,-69.3,35.4,-183.3,60.2,0.0277,0.036
odysseus,arm.L.pitch,31.167,-66.8,30.7,-183.3,60.2,0.0271,0.031
odysseus,arm.L.pitch,31.25,-65.9,10.5,-183.3,60.2,0.0271,0.011
odysseus,arm.L.pitch,31.333,-65.9,0,-183.3,60.2,0.027,0.001
odysseus,arm.L.pitch,38.417,-65.6,3.8,-183.3,60.2,0.0268,0.005
odysseus,arm.L.pitch,38.5,-64.9,7.7,-183.3,60.2,0.0267,0.009
odysseus,arm.L.pitch,38.583,-64.3,8.1,-183.3,60.2,0.0265,0.009
odysseus,arm.L.pitch,38.667,-63.8,5.1,-183.3,60.2,0.0265,0.006
odysseus,arm.L.pitch,38.75,-63.9,-1.1,-183.3,60.2,0.0265,0.002
odysseus,arm.L.pitch,38.833,-64.7,-9.6,-183.3,60.2,0.0267,0.01
odysseus,arm.L.pitch,38.917,-65.4,-8.5,-183.3,60.2,0.0268,0.009
odysseus,arm.L.pitch,39,-65.7,-3.8,-183.3,60.2,0.0269,0.005
odysseus,arm.L.pitch,39.083,-66.1,-4.3,-183.3,60.2,0.0269,0.005
odysseus,arm.L.pitch,39.167,-53.4,152.7,-183.3,60.2,0.0256,0.138
odysseus,arm.L.pitch,39.25,-40.7,152.6,-183.3,60.2,0.0192,0.103
odysseus,arm.L.pitch,39.333,-91.9,-615,-183.3,60.2,0.0391,0.842
odysseus,arm.L.pitch,39.417,-101,-108.6,-183.3,60.2,0.0353,0.136
odysseus,arm.L.pitch,39.5,-97.4,42.8,-183.3,60.2,0.0311,0.048
odysseus,arm.L.pitch,39.583,-93.7,44.6,-183.3,60.2,0.0294,0.047
odysseus,arm.L.pitch,39.667,-83.7,119.4,-183.3,60.2,0.0302,0.128
odysseus,arm.L.pitch,39.75,-69.2,175,-183.3,60.2,0.0282,0.174
odysseus,arm.L.pitch,39.833,-52.3,202.6,-183.3,60.2,0.0236,0.168
odysseus,arm.L.pitch,39.917,-36,195.2,-183.3,60.2,0.0174,0.119
odysseus,arm.L.pitch,40,-23.4,150.7,-183.3,60.2,0.0123,0.065
odysseus,arm.L.pitch,40.083,-15,101.2,-183.3,60.2,0.0082,0.029
odysseus,arm.L.pitch,40.167,-11.8,38.1,-183.3,60.2,0.0068,0.009
odysseus,arm.L.pitch,40.25,-14.8,-35.7,-183.3,60.2,0.0085,0.011
odysseus,arm.L.pitch,40.333,-22.5,-92.6,-183.3,60.2,0.012,0.039
odysseus,arm.L.pitch,40.417,-33.1,-126.8,-183.3,60.2,0.0165,0.074
odysseus,arm.L.pitch,40.5,-44.6,-137.9,-183.3,60.2,0.0208,0.101
odysseus,arm.L.pitch,40.583,-55.1,-125.5,-183.3,60.2,0.0243,0.108
odysseus,arm.L.pitch,40.667,-62.5,-89.1,-183.3,60.2,0.0266,0.084
odysseus,arm.L.pitch,40.75,-68,-66.6,-183.3,60.2,0.0276,0.066
odysseus,arm.L.pitch,40.833,-74.1,-72.7,-183.3,60.2,0.0284,0.074
odysseus,arm.L.pitch,40.917,-80.5,-76.7,-183.3,60.2,0.0291,0.08
odysseus,arm.L.pitch,41,-87,-78.1,-183.3,60.2,0.0294,0.082
odysseus,arm.L.pitch,41.083,-93.4,-76.7,-183.3,60.2,0.0294,0.08
odysseus,arm.L.pitch,41.167,-99.4,-72.6,-183.3,60.2,0.0291,0.075
odysseus,arm.L.pitch,41.25,-104.9,-65.8,-183.3,60.2,0.0285,0.067
odysseus,arm.L.pitch,41.333,-109.6,-56.7,-183.3,60.2,0.0278,0.057
odysseus,arm.L.pitch,41.417,-113.5,-45.8,-183.3,60.2,0.0271,0.045
odysseus,arm.L.pitch,41.5,-116.2,-33.3,-183.3,60.2,0.0266,0.032
odysseus,arm.L.pitch,41.583,-117.9,-19.9,-183.3,60.2,0.0262,0.02
odysseus,arm.L.pitch,41.667,-118.4,-6.5,-183.3,60.2,0.026,0.007
odysseus,arm.L.pitch,41.75,-117.9,6.4,-183.3,60.2,0.0262,0.007
odysseus,arm.L.pitch,41.833,-116.4,18.3,-183.3,60.2,0.0265,0.018
odysseus,arm.L.pitch,41.917,-114,28.5,-183.3,60.2,0.027,0.028
odysseus,arm.L.pitch,42,-111,36.5,-183.3,60.2,0.0276,0.037
odysseus,arm.L.pitch,42.083,-107.5,41.9,-183.3,60.2,0.0281,0.043
odysseus,arm.L.pitch,42.167,-103.8,44.4,-183.3,60.2,0.0286,0.046
odysseus,arm.L.pitch,42.25,-100.4,40.9,-183.3,60.2,0.029,0.043
odysseus,arm.L.pitch,42.333,-96.6,45.6,-183.3,60.2,0.0293,0.048
odysseus,arm.L.pitch,42.417,-92.8,45,-183.3,60.2,0.0294,0.048
odysseus,arm.L.pitch,42.5,-89.6,38.7,-183.3,60.2,0.0295,0.042
odysseus,arm.L.pitch,42.583,-87.4,27.1,-183.3,60.2,0.0295,0.03
odysseus,arm.L.pitch,42.667,-86.4,11.3,-183.3,60.2,0.0296,0.013
odysseus,arm.L.pitch,42.75,-86.7,-3.5,-183.3,60.2,0.0296,0.005
odysseus,arm.L.pitch,42.833,-87.6,-11.4,-183.3,60.2,0.0295,0.013
odysseus,arm.L.pitch,42.917,-89.4,-21.6,-183.3,60.2,0.0296,0.024
odysseus,arm.L.pitch,43,-92,-30.9,-183.3,60.2,0.0295,0.034
odysseus,arm.L.pitch,43.083,-95.3,-38.9,-183.3,60.2,0.0294,0.042
odysseus,arm.L.pitch,43.167,-91.1,50,-183.3,60.2,0.0305,0.055
odysseus,arm.L.pitch,43.25,-90.5,7,-183.3,60.2,0.03,0.009
odysseus,arm.L.pitch,43.333,-93.8,-39.6,-183.3,60.2,0.0299,0.043
odysseus,arm.L.pitch,43.417,-109.2,-184.7,-183.3,60.2,0.0296,0.193
odysseus,arm.L.pitch,43.5,-143.7,-413.3,-183.3,60.2,0.0203,0.294
odysseus,arm.L.pitch,43.583,-145.6,-23.2,-183.3,60.2,0.0215,0.018
odysseus,arm.L.pitch,43.667,-144.9,8.7,-183.3,60.2,0.0173,0.006
odysseus,arm.L.pitch,43.75,-142.7,25.8,-183.3,60.2,0.018,0.017
odysseus,arm.L.pitch,43.833,-141,21,-183.3,60.2,0.0186,0.014
odysseus,arm.L.pitch,43.917,-140.4,7.2,-183.3,60.2,0.0189,0.005
odysseus,arm.L.pitch,44,-140.4,0,-183.3,60.2,0.0189,0.001
odysseus,arm.L.pitch,50.583,-183.3,-515.7,-183.3,60.2,0.0082,0.148
odysseus,arm.L.pitch,50.667,-183.3,0,-183.3,60.2,0.0082,0
odysseus,arm.L.pitch,50.917,-179,52.2,-183.3,60.2,0.0012,0.002
odysseus,arm.L.pitch,51,-160.9,217.5,-183.3,60.2,0.0117,0.089
odysseus,arm.L.pitch,51.083,-137.5,279.9,-183.3,60.2,0.0206,0.203
odysseus,arm.L.pitch,51.167,-115.4,265.6,-183.3,60.2,0.0268,0.25
odysseus,arm.L.pitch,51.25,-101.5,166.5,-183.3,60.2,0.0301,0.177
odysseus,arm.L.pitch,51.333,-94.5,83.8,-183.3,60.2,0.0304,0.091
odysseus,arm.L.pitch,51.417,-89.2,64.8,-183.3,60.2,0.0297,0.069
odysseus,arm.L.pitch,51.5,-86.5,32.2,-183.3,60.2,0.0298,0.035
odysseus,arm.L.pitch,51.583,-85.1,16,-183.3,60.2,0.0295,0.018
odysseus,arm.L.pitch,51.667,-84.9,2.4,-183.3,60.2,0.0295,0.004
odysseus,arm.L.pitch,51.75,-85.8,-10.5,-183.3,60.2,0.0295,0.013
odysseus,arm.L.pitch,51.833,-87.6,-21.5,-183.3,60.2,0.0295,0.024
odysseus,arm.L.pitch,51.917,-90.1,-29.8,-183.3,60.2,0.0295,0.032
odysseus,arm.L.pitch,52,-93,-34.8,-183.3,60.2,0.0295,0.038
odysseus,arm.L.pitch,52.083,-96,-35.8,-183.3,60.2,0.0293,0.038
odysseus,arm.L.pitch,52.167,-98.7,-33,-183.3,60.2,0.0291,0.035
odysseus,arm.L.pitch,52.25,-101.1,-28.8,-183.3,60.2,0.0289,0.031
odysseus,arm.L.pitch,52.333,-102.6,-18.4,-183.3,60.2,0.0288,0.02
odysseus,arm.L.pitch,52.417,-103,-4.1,-183.3,60.2,0.0289,0.006
odysseus,arm.L.pitch,52.5,-101.9,13.5,-183.3,60.2,0.029,0.015
odysseus,arm.L.pitch,52.583,-99.1,33.4,-183.3,60.2,0.0293,0.036
odysseus,arm.L.pitch,52.667,-94.6,54.2,-183.3,60.2,0.0296,0.058
odysseus,arm.L.pitch,52.75,-88.3,74.8,-183.3,60.2,0.0297,0.079
odysseus,arm.L.pitch,52.833,-80.5,93.7,-183.3,60.2,0.0293,0.097
odysseus,arm.L.pitch,52.917,-71.4,109.5,-183.3,60.2,0.0281,0.109
odysseus,arm.L.pitch,53,-61.3,121.2,-183.3,60.2,0.026,0.111
odysseus,arm.L.pitch,53.083,-50.7,127.8,-183.3,60.2,0.0228,0.103
odysseus,arm.L.pitch,53.167,-39.9,128.9,-183.3,60.2,0.0189,0.086
odysseus,arm.L.pitch,53.25,-29.5,124.4,-183.3,60.2,0.0146,0.064
odysseus,arm.L.pitch,53.333,-20,114.4,-183.3,60.2,0.0102,0.041
odysseus,arm.L.pitch,53.417,-11.7,99.8,-183.3,60.2,0.0061,0.022
odysseus,arm.L.pitch,53.5,-4.9,81.7,-183.3,60.2,0.0027,0.008
odysseus,arm.L.pitch,53.583,0.2,61.2,-183.3,60.2,0.0004,0.001
odysseus,arm.L.pitch,53.667,3.5,40,-183.3,60.2,0.0021,0.003
odysseus,arm.L.pitch,53.75,5.2,19.4,-183.3,60.2,0.0029,0.002
odysseus,arm.L.pitch,53.833,5.2,0.9,-183.3,60.2,0.0029,0
odysseus,arm.L.pitch,53.917,4.1,-14.1,-183.3,60.2,0.0023,0.001
odysseus,arm.L.pitch,54,2,-25.1,-183.3,60.2,0.0012,0.001
odysseus,arm.L.pitch,54.083,-0.6,-31,-183.3,60.2,0.0004,0
odysseus,arm.L.pitch,54.167,-3.3,-32.1,-183.3,60.2,0.0017,0.002
odysseus,arm.L.pitch,54.25,-5.6,-28.2,-183.3,60.2,0.0029,0.003
odysseus,arm.L.pitch,54.333,-7.3,-19.9,-183.3,60.2,0.0038,0.003
odysseus,arm.L.pitch,54.417,-8,-8.2,-183.3,60.2,0.0042,0.001
odysseus,arm.L.pitch,54.5,-7.5,6.2,-183.3,60.2,0.004,0.001
odysseus,arm.L.pitch,54.583,-5.6,21.8,-183.3,60.2,0.0031,0.002
odysseus,arm.L.pitch,54.667,-2.5,37.9,-183.3,60.2,0.0015,0.002
odysseus,arm.L.pitch,54.75,1.9,52.9,-183.3,60.2,0.0012,0.002
odysseus,arm.L.pitch,54.833,7.5,66.4,-183.3,60.2,0.004,0.009
odysseus,arm.L.pitch,54.917,13.9,77,-183.3,60.2,0.0072,0.019
odysseus,arm.L.pitch,55,20.9,84.7,-183.3,60.2,0.0106,0.032
odysseus,arm.L.pitch,55.083,28.3,88.7,-183.3,60.2,0.014,0.044
odysseus,arm.L.pitch,55.167,35.8,89.4,-183.3,60.2,0.0172,0.054
odysseus,arm.L.pitch,55.25,43,86.1,-183.3,60.2,0.0201,0.061
odysseus,arm.L.pitch,55.333,48.8,70.4,-183.3,60.2,0.0223,0.056
odysseus,arm.L.pitch,55.417,52.3,41.2,-183.3,60.2,0.0236,0.035
odysseus,arm.L.pitch,55.5,53,8.7,-183.3,60.2,0.0239,0.008
odysseus,arm.L.pitch,55.583,51.5,-17.8,-183.3,60.2,0.0234,0.016
odysseus,arm.L.pitch,55.667,48.8,-31.9,-183.3,60.2,0.0223,0.026
odysseus,arm.L.pitch,55.75,46.3,-30.2,-183.3,60.2,0.0213,0.023
odysseus,arm.L.pitch,55.833,45.2,-13,-183.3,60.2,0.0211,0.01
odysseus,arm.L.pitch,55.917,45.2,0.2,-183.3,60.2,0.0211,0.001
odysseus,arm.L.pitch,56,45.4,1.4,-183.3,60.2,0.021,0.002
odysseus,arm.L.pitch,56.083,45.6,2.5,-183.3,60.2,0.021,0.003
odysseus,arm.L.pitch,56.167,45.8,2.6,-183.3,60.2,0.0211,0.003
odysseus,arm.L.pitch,56.25,46,2.1,-183.3,60.2,0.0212,0.002
odysseus,arm.L.pitch,56.333,46.1,1.1,-183.3,60.2,0.0212,0.002
odysseus,arm.L.pitch,56.417,46,-0.2,-183.3,60.2,0.0212,0.001
odysseus,arm.L.pitch,56.5,45.9,-1.5,-183.3,60.2,0.0212,0.002
odysseus,arm.L.pitch,56.583,45.8,-0.9,-183.3,60.2,0.0211,0.002
odysseus,arm.L.pitch,56.667,45.8,0,-183.3,60.2,0.0211,0.001
odysseus,arm.L.pitch,77.167,46.4,6.3,-183.3,60.2,0.0214,0.006
odysseus,arm.L.pitch,77.25,48.2,22.6,-183.3,60.2,0.0222,0.018
odysseus,arm.L.pitch,77.333,51.7,41.2,-183.3,60.2,0.0233,0.035
odysseus,arm.L.pitch,77.417,56.1,53.6,-183.3,60.2,0.0246,0.047
odysseus,arm.L.pitch,77.5,60.5,52.5,-183.3,60.2,0.0256,0.048
odysseus,arm.L.pitch,77.583,63.3,33.2,-183.3,60.2,0.0265,0.032
odysseus,arm.L.pitch,77.667,62.9,-4.2,-183.3,60.2,0.0267,0.005
odysseus,arm.L.pitch,77.75,60.2,-32.9,-183.3,60.2,0.0259,0.031
odysseus,arm.L.pitch,77.833,55.9,-51.3,-183.3,60.2,0.0246,0.045
odysseus,arm.L.pitch,77.917,50.2,-69.2,-183.3,60.2,0.0228,0.056
odysseus,arm.L.pitch,78,43,-85.8,-183.3,60.2,0.0203,0.062
odysseus,arm.L.pitch,78.083,34.7,-99.9,-183.3,60.2,0.0169,0.06
odysseus,arm.L.pitch,78.167,25.4,-110.8,-183.3,60.2,0.0128,0.05
odysseus,arm.L.pitch,78.25,15.6,-117.6,-183.3,60.2,0.008,0.033
odysseus,arm.L.pitch,78.333,5.7,-119.8,-183.3,60.2,0.0029,0.012
odysseus,arm.L.pitch,78.417,-4.1,-117,-183.3,60.2,0.0021,0.009
odysseus,arm.L.pitch,78.5,-13.2,-109.2,-183.3,60.2,0.0068,0.026
odysseus,arm.L.pitch,78.583,-21.3,-97,-183.3,60.2,0.0108,0.037
odysseus,arm.L.pitch,78.667,-28,-81.1,-183.3,60.2,0.014,0.04
odysseus,arm.L.pitch,78.75,-33.2,-62.5,-183.3,60.2,0.0164,0.036
odysseus,arm.L.pitch,78.833,-36.8,-42.6,-183.3,60.2,0.0179,0.027
odysseus,arm.L.pitch,78.917,-38.7,-22.9,-183.3,60.2,0.0186,0.016
odysseus,arm.L.pitch,79,-39.1,-4.9,-183.3,60.2,0.0188,0.004
odysseus,arm.L.pitch,79.083,-38.3,9.8,-183.3,60.2,0.0184,0.007
odysseus,arm.L.pitch,79.167,-36.6,20.2,-183.3,60.2,0.0177,0.013
odysseus,arm.L.pitch,79.25,-34.5,25.1,-183.3,60.2,0.0167,0.015
odysseus,arm.L.pitch,79.333,-32.5,24.2,-183.3,60.2,0.0158,0.014
odysseus,arm.L.pitch,79.417,-31,17.5,-183.3,60.2,0.0153,0.01
odysseus,arm.L.pitch,79.5,-30.6,5.2,-183.3,60.2,0.0151,0.003
odysseus,arm.L.pitch,79.583,-31.6,-11.6,-183.3,60.2,0.0156,0.007
odysseus,arm.L.pitch,79.667,-34.2,-31.7,-183.3,60.2,0.0168,0.019
odysseus,arm.L.pitch,79.75,-38.7,-53.7,-183.3,60.2,0.0187,0.036
odysseus,arm.L.pitch,79.833,-45,-75.6,-183.3,60.2,0.0211,0.057
odysseus,arm.L.pitch,79.917,-53,-96.1,-183.3,60.2,0.0238,0.081
odysseus,arm.L.pitch,80,-62.4,-113.4,-183.3,60.2,0.0263,0.105
odysseus,arm.L.pitch,80.083,-73,-126.2,-183.3,60.2,0.0283,0.126
odysseus,arm.L.pitch,80.167,-84.1,-133.8,-183.3,60.2,0.0294,0.139
odysseus,arm.L.pitch,80.25,-95.4,-135.6,-183.3,60.2,0.0293,0.141
odysseus,arm.L.pitch,80.333,-106.4,-131.5,-183.3,60.2,0.0283,0.131
odysseus,arm.L.pitch,80.417,-116.6,-122,-183.3,60.2,0.0264,0.114
odysseus,arm.L.pitch,80.5,-125.5,-107.8,-183.3,60.2,0.0241,0.092
odysseus,arm.L.pitch,80.583,-133,-90,-183.3,60.2,0.0217,0.069
odysseus,arm.L.pitch,80.667,-138.8,-69.8,-183.3,60.2,0.0196,0.049
odysseus,arm.L.pitch,80.75,-142.9,-48.6,-183.3,60.2,0.018,0.031
odysseus,arm.L.pitch,80.833,-145.2,-27.7,-183.3,60.2,0.0171,0.017
odysseus,arm.L.pitch,80.917,-145.9,-8.3,-183.3,60.2,0.0167,0.005
odysseus,arm.L.pitch,81,-145.2,8.5,-183.3,60.2,0.017,0.006
odysseus,arm.L.pitch,81.083,-143.3,22.1,-183.3,60.2,0.0177,0.014
odysseus,arm.L.pitch,81.167,-140.7,32,-183.3,60.2,0.0188,0.022
odysseus,arm.L.pitch,81.25,-137.5,38,-183.3,60.2,0.02,0.027
odysseus,arm.L.pitch,81.333,-134.2,40.2,-183.3,60.2,0.0211,0.031
odysseus,arm.L.pitch,81.417,-130.9,38.9,-183.3,60.2,0.0223,0.031
odysseus,arm.L.pitch,81.5,-128.9,24,-183.3,60.2,0.0231,0.02
odysseus,arm.L.pitch,81.583,-129.4,-5.2,-183.3,60.2,0.0231,0.005
odysseus,arm.L.pitch,81.667,-132.3,-34.9,-183.3,60.2,0.0221,0.028
odysseus,arm.L.pitch,81.75,-136.9,-55.8,-183.3,60.2,0.0204,0.04
odysseus,arm.L.pitch,81.833,-142.1,-62.1,-183.3,60.2,0.0182,0.04
odysseus,arm.L.pitch,81.917,-146.4,-52.2,-183.3,60.2,0.0164,0.03
odysseus,arm.L.pitch,82,-148.8,-28.1,-183.3,60.2,0.0156,0.016
odysseus,arm.L.pitch,82.083,-149,-2.3,-183.3,60.2,0.0155,0.002
odysseus,arm.L.pitch,82.167,-149,0,-183.3,60.2,0.0152,0
odysseus,arm.L.pitch,82.75,-148.2,8.9,-183.3,60.2,0.0156,0.005
odysseus,arm.L.pitch,82.833,-146.8,16.6,-183.3,60.2,0.0162,0.01
odysseus,arm.L.pitch,82.917,-146.1,8.9,-183.3,60.2,0.0165,0.006
odysseus,arm.L.pitch,83,-146.3,-1.9,-183.3,60.2,0.0165,0.002
odysseus,arm.L.pitch,83.083,-146.7,-4.9,-183.3,60.2,0.0162,0.003
odysseus,arm.L.pitch,83.167,-147.2,-6.7,-183.3,60.2,0.016,0.004
odysseus,arm.L.pitch,83.25,-147.8,-7.3,-183.3,60.2,0.0157,0.004
odysseus,arm.L.pitch,83.333,-148.4,-6.7,-183.3,60.2,0.0154,0.004
odysseus,arm.L.pitch,83.417,-148.8,-4.9,-183.3,60.2,0.0153,0.003
odysseus,arm.L.pitch,83.5,-149,-1.9,-183.3,60.2,0.0152,0.001
odysseus,arm.L.pitch,83.583,-149,0,-183.3,60.2,0.0152,0
odysseus,arm.L.pitch,85.333,-148.2,8.9,-183.3,60.2,0.0156,0.005
odysseus,arm.L.pitch,85.417,-146.8,16.6,-183.3,60.2,0.0162,0.01
odysseus,arm.L.pitch,85.5,-146.1,8.9,-183.3,60.2,0.0165,0.006
odysseus,arm.L.pitch,85.583,-146.2,-1.5,-183.3,60.2,0.0165,0.001
odysseus,arm.L.pitch,85.667,-146.6,-3.9,-183.3,60.2,0.0163,0.003
odysseus,arm.L.pitch,85.75,-147,-5.5,-183.3,60.2,0.016,0.004
odysseus,arm.L.pitch,85.833,-147.5,-6.3,-183.3,60.2,0.0158,0.004
odysseus,arm.L.pitch,85.917,-148.1,-6.3,-183.3,60.2,0.0156,0.004
odysseus,arm.L.pitch,86,-148.5,-5.5,-183.3,60.2,0.0154,0.003
odysseus,arm.L.pitch,86.083,-148.8,-3.9,-183.3,60.2,0.0152,0.003
odysseus,arm.L.pitch,86.167,-149,-1.5,-183.3,60.2,0.0152,0.001
odysseus,arm.L.pitch,86.25,-149,0,-183.3,60.2,0.0152,0
odysseus,arm.L.pitch,87.583,-148.5,5.4,-183.3,60.2,0.0154,0.003
odysseus,arm.L.pitch,87.667,-147.5,11.8,-183.3,60.2,0.0159,0.007
odysseus,arm.L.pitch,87.75,-146.6,11.8,-183.3,60.2,0.0162,0.007
odysseus,arm.L.pitch,87.833,-146.1,5.4,-183.3,60.2,0.0165,0.004
odysseus,arm.L.pitch,87.917,-146.3,-1.9,-183.3,60.2,0.0164,0.002
odysseus,arm.L.pitch,88,-146.7,-4.9,-183.3,60.2,0.0162,0.003
odysseus,arm.L.pitch,88.083,-147.2,-6.7,-183.3,60.2,0.016,0.004
odysseus,arm.L.pitch,88.167,-147.8,-7.3,-183.3,60.2,0.0157,0.004
odysseus,arm.L.pitch,88.25,-148.4,-6.7,-183.3,60.2,0.0154,0.004
odysseus,arm.L.pitch,88.333,-148.8,-4.9,-183.3,60.2,0.0153,0.003
odysseus,arm.L.pitch,88.417,-149,-1.9,-183.3,60.2,0.0152,0.001
odysseus,arm.L.pitch,88.5,-149,0,-183.3,60.2,0.0152,0
odysseus,arm.L.pitch,89.25,-149,0,-183.3,60.2,0.0152,0
odysseus,arm.L.out,0,0,0,-11.5,31.5,0,0
odysseus,arm.L.out,89.25,0,0,-11.5,31.5,0,0
odysseus,hand.R.roll,0,0,0,-74.5,74.5,0,0
odysseus,hand.R.roll,3.75,-6.3,-75.2,-74.5,74.5,0,0
odysseus,hand.R.roll,3.833,-10.7,-53.7,-74.5,74.5,0,0
odysseus,hand.R.roll,3.917,-13.4,-32.2,-74.5,74.5,0,0
odysseus,hand.R.roll,4,-14.3,-10.7,-74.5,74.5,0,0
odysseus,hand.R.roll,4.083,-13.9,4.8,-74.5,74.5,0,0
odysseus,hand.R.roll,4.167,-12.8,13.1,-74.5,74.5,0,0
odysseus,hand.R.roll,4.25,-11.2,19.3,-74.5,74.5,0,0
odysseus,hand.R.roll,4.333,-9.3,23.4,-74.5,74.5,0,0
odysseus,hand.R.roll,4.417,-7.2,25.4,-74.5,74.5,0,0
odysseus,hand.R.roll,4.5,-5,25.4,-74.5,74.5,0,0
odysseus,hand.R.roll,4.583,-3.1,23.4,-74.5,74.5,0,0
odysseus,hand.R.roll,4.667,-1.5,19.3,-74.5,74.5,0,0
odysseus,hand.R.roll,4.75,-0.4,13.1,-74.5,74.5,0,0
odysseus,hand.R.roll,4.833,0,4.8,-74.5,74.5,0,0
odysseus,hand.R.roll,4.917,0,0,-74.5,74.5,0,0
odysseus,hand.R.roll,7.75,5.2,61.9,-74.5,74.5,0,0
odysseus,hand.R.roll,7.833,9.2,48.1,-74.5,74.5,0,0
odysseus,hand.R.roll,7.917,12,34.4,-74.5,74.5,0,0
odysseus,hand.R.roll,8,13.8,20.6,-74.5,74.5,0,0
odysseus,hand.R.roll,8.083,14.3,6.9,-74.5,74.5,0,0
odysseus,hand.R.roll,8.167,13.9,-4.8,-74.5,74.5,0,0
odysseus,hand.R.roll,8.25,12.8,-13.1,-74.5,74.5,0,0
odysseus,hand.R.roll,8.333,11.2,-19.3,-74.5,74.5,0,0
odysseus,hand.R.roll,8.417,9.3,-23.4,-74.5,74.5,0,0
odysseus,hand.R.roll,8.5,7.2,-25.4,-74.5,74.5,0,0
odysseus,hand.R.roll,8.583,5,-25.4,-74.5,74.5,0,0
odysseus,hand.R.roll,8.667,3.1,-23.4,-74.5,74.5,0,0
odysseus,hand.R.roll,8.75,1.5,-19.3,-74.5,74.5,0,0
odysseus,hand.R.roll,8.833,0.4,-13.1,-74.5,74.5,0,0
odysseus,hand.R.roll,8.917,0,-4.8,-74.5,74.5,0,0
odysseus,hand.R.roll,9,0,0,-74.5,74.5,0,0
odysseus,hand.R.roll,13.75,6.3,75.2,-74.5,74.5,0,0
odysseus,hand.R.roll,13.833,10.7,53.7,-74.5,74.5,0,0
odysseus,hand.R.roll,13.917,13.4,32.2,-74.5,74.5,0,0
odysseus,hand.R.roll,14,14.3,10.7,-74.5,74.5,0,0
odysseus,hand.R.roll,14.083,14,-4,-74.5,74.5,0,0
odysseus,hand.R.roll,14.167,13.1,-11,-74.5,74.5,0,0
odysseus,hand.R.roll,14.25,11.7,-16.4,-74.5,74.5,0,0
odysseus,hand.R.roll,14.333,10,-20.3,-74.5,74.5,0,0
odysseus,hand.R.roll,14.417,8.1,-22.6,-74.5,74.5,0,0
odysseus,hand.R.roll,14.5,6.2,-23.4,-74.5,74.5,0,0
odysseus,hand.R.roll,14.583,4.3,-22.6,-74.5,74.5,0,0
odysseus,hand.R.roll,14.667,2.6,-20.3,-74.5,74.5,0,0
odysseus,hand.R.roll,14.75,1.2,-16.4,-74.5,74.5,0,0
odysseus,hand.R.roll,14.833,0.3,-11,-74.5,74.5,0,0
odysseus,hand.R.roll,14.917,0,-4,-74.5,74.5,0,0
odysseus,hand.R.roll,15,0,0,-74.5,74.5,0,0
odysseus,hand.R.roll,20.25,-6.3,-75.2,-74.5,74.5,0,0
odysseus,hand.R.roll,20.333,-10.7,-53.7,-74.5,74.5,0,0
odysseus,hand.R.roll,20.417,-13.4,-32.2,-74.5,74.5,0,0
odysseus,hand.R.roll,20.5,-14.3,-10.7,-74.5,74.5,0,0
odysseus,hand.R.roll,20.583,-13.9,4.8,-74.5,74.5,0,0
odysseus,hand.R.roll,20.667,-12.8,13.1,-74.5,74.5,0,0
odysseus,hand.R.roll,20.75,-11.2,19.3,-74.5,74.5,0,0
odysseus,hand.R.roll,20.833,-9.3,23.4,-74.5,74.5,0,0
odysseus,hand.R.roll,20.917,-7.2,25.4,-74.5,74.5,0,0
odysseus,hand.R.roll,21,-5,25.4,-74.5,74.5,0,0
odysseus,hand.R.roll,21.083,-3.1,23.4,-74.5,74.5,0,0
odysseus,hand.R.roll,21.167,-1.5,19.3,-74.5,74.5,0,0
odysseus,hand.R.roll,21.25,-0.4,13.1,-74.5,74.5,0,0
odysseus,hand.R.roll,21.333,0,4.8,-74.5,74.5,0,0
odysseus,hand.R.roll,21.417,0,0,-74.5,74.5,0,0
odysseus,hand.R.roll,24.583,-5.2,-61.9,-74.5,74.5,0,0
odysseus,hand.R.roll,24.667,-9.2,-48.1,-74.5,74.5,0,0
odysseus,hand.R.roll,24.75,-12,-34.4,-74.5,74.5,0,0
odysseus,hand.R.roll,24.833,-13.8,-20.6,-74.5,74.5,0,0
odysseus,hand.R.roll,24.917,-14.3,-6.9,-74.5,74.5,0,0
odysseus,hand.R.roll,25,-13.9,4.8,-74.5,74.5,0,0
odysseus,hand.R.roll,25.083,-12.8,13.1,-74.5,74.5,0,0
odysseus,hand.R.roll,25.167,-11.2,19.3,-74.5,74.5,0,0
odysseus,hand.R.roll,25.25,-9.3,23.4,-74.5,74.5,0,0
odysseus,hand.R.roll,25.333,-7.2,25.4,-74.5,74.5,0,0
odysseus,hand.R.roll,25.417,-5,25.4,-74.5,74.5,0,0
odysseus,hand.R.roll,25.5,-3.1,23.4,-74.5,74.5,0,0
odysseus,hand.R.roll,25.583,-1.5,19.3,-74.5,74.5,0,0
odysseus,hand.R.roll,25.667,-0.4,13.1,-74.5,74.5,0,0
odysseus,hand.R.roll,25.75,0,4.8,-74.5,74.5,0,0
odysseus,hand.R.roll,25.833,0,0,-74.5,74.5,0,0
odysseus,hand.R.roll,31.75,-4.2,-50.1,-74.5,74.5,0,0
odysseus,hand.R.roll,31.833,-14.1,-119.4,-74.5,74.5,0,0
odysseus,hand.R.roll,31.917,-26,-142.5,-74.5,74.5,0,0
odysseus,hand.R.roll,32,-35.9,-119.4,-74.5,74.5,0,0
odysseus,hand.R.roll,32.083,-40.1,-50.1,-74.5,74.5,0,0
odysseus,hand.R.roll,32.167,-38.6,17.7,-74.5,74.5,0,0
odysseus,hand.R.roll,32.25,-34.7,46.7,-74.5,74.5,0,0
odysseus,hand.R.roll,32.333,-29.2,66.1,-74.5,74.5,0,0
odysseus,hand.R.roll,32.417,-22.9,75.7,-74.5,74.5,0,0
odysseus,hand.R.roll,32.5,-16.6,75.7,-74.5,74.5,0,0
odysseus,hand.R.roll,32.583,-11.1,66.1,-74.5,74.5,0,0
odysseus,hand.R.roll,32.667,-7.2,46.7,-74.5,74.5,0,0
odysseus,hand.R.roll,32.75,-5.7,17.7,-74.5,74.5,0,0
odysseus,hand.R.roll,32.833,-5.7,0,-74.5,74.5,0,0
odysseus,hand.R.roll,33.25,-9.3,-42.9,-74.5,74.5,0,0
odysseus,hand.R.roll,33.333,-17.8,-102.3,-74.5,74.5,0,0
odysseus,hand.R.roll,33.417,-28,-122.1,-74.5,74.5,0,0
odysseus,hand.R.roll,33.5,-36.5,-102.3,-74.5,74.5,0,0
odysseus,hand.R.roll,33.583,-40.1,-42.9,-74.5,74.5,0,0
odysseus,hand.R.roll,33.667,-38.6,17.7,-74.5,74.5,0,0
odysseus,hand.R.roll,33.75,-34.7,46.7,-74.5,74.5,0,0
odysseus,hand.R.roll,33.833,-29.2,66.1,-74.5,74.5,0,0
odysseus,hand.R.roll,33.917,-22.9,75.7,-74.5,74.5,0,0
odysseus,hand.R.roll,34,-16.6,75.7,-74.5,74.5,0,0
odysseus,hand.R.roll,34.083,-11.1,66.1,-74.5,74.5,0,0
odysseus,hand.R.roll,34.167,-7.2,46.7,-74.5,74.5,0,0
odysseus,hand.R.roll,34.25,-5.7,17.7,-74.5,74.5,0,0
odysseus,hand.R.roll,34.333,-5.7,0,-74.5,74.5,0,0
odysseus,hand.R.roll,34.667,-2.3,40.7,-74.5,74.5,0,0
odysseus,hand.R.roll,34.75,6.2,101.9,-74.5,74.5,0,0
odysseus,hand.R.roll,34.833,17.2,132.4,-74.5,74.5,0,0
odysseus,hand.R.roll,34.917,28.2,132.4,-74.5,74.5,0,0
odysseus,hand.R.roll,35,36.7,101.9,-74.5,74.5,0,0
odysseus,hand.R.roll,35.083,40.1,40.7,-74.5,74.5,0,0
odysseus,hand.R.roll,35.167,38.2,-22.9,-74.5,74.5,0,0
odysseus,hand.R.roll,35.25,33.3,-58.9,-74.5,74.5,0,0
odysseus,hand.R.roll,35.333,26.6,-80.6,-74.5,74.5,0,0
odysseus,hand.R.roll,35.417,19.3,-87.8,-74.5,74.5,0,0
odysseus,hand.R.roll,35.5,12.5,-80.6,-74.5,74.5,0,0
odysseus,hand.R.roll,35.583,7.6,-58.9,-74.5,74.5,0,0
odysseus,hand.R.roll,35.667,5.7,-22.9,-74.5,74.5,0,0
odysseus,hand.R.roll,35.75,5.7,0,-74.5,74.5,0,0
odysseus,hand.R.roll,36.333,2.3,-40.7,-74.5,74.5,0,0
odysseus,hand.R.roll,36.417,-6.2,-101.9,-74.5,74.5,0,0
odysseus,hand.R.roll,36.5,-17.2,-132.4,-74.5,74.5,0,0
odysseus,hand.R.roll,36.583,-28.2,-132.4,-74.5,74.5,0,0
odysseus,hand.R.roll,36.667,-36.7,-101.9,-74.5,74.5,0,0
odysseus,hand.R.roll,36.75,-40.1,-40.7,-74.5,74.5,0,0
odysseus,hand.R.roll,36.833,-38.2,22.9,-74.5,74.5,0,0
odysseus,hand.R.roll,36.917,-33.3,58.9,-74.5,74.5,0,0
odysseus,hand.R.roll,37,-26.6,80.6,-74.5,74.5,0,0
odysseus,hand.R.roll,37.083,-19.3,87.8,-74.5,74.5,0,0
odysseus,hand.R.roll,37.167,-12.5,80.6,-74.5,74.5,0,0
odysseus,hand.R.roll,37.25,-7.6,58.9,-74.5,74.5,0,0
odysseus,hand.R.roll,37.333,-5.7,22.9,-74.5,74.5,0,0
odysseus,hand.R.roll,37.417,-5.7,0,-74.5,74.5,0,0
odysseus,hand.R.roll,38.25,-11.8,-72.6,-74.5,74.5,0,0
odysseus,hand.R.roll,38.333,-17.8,-72.6,-74.5,74.5,0,0
odysseus,hand.R.roll,38.417,-16,22.3,-74.5,74.5,0,0
odysseus,hand.R.roll,38.5,-11.6,53.1,-74.5,74.5,0,0
odysseus,hand.R.roll,38.583,-6.3,63.3,-74.5,74.5,0,0
odysseus,hand.R.roll,38.667,-1.9,53.1,-74.5,74.5,0,0
odysseus,hand.R.roll,38.75,0,22.3,-74.5,74.5,0,0
odysseus,hand.R.roll,38.833,0,0,-74.5,74.5,0,0
odysseus,hand.R.roll,44,-5.4,-64.4,-74.5,74.5,0,0
odysseus,hand.R.roll,44.083,-18.2,-153.5,-74.5,74.5,0,0
odysseus,hand.R.roll,44.167,-33.4,-183.2,-74.5,74.5,0,0
odysseus,hand.R.roll,44.25,-46.2,-153.5,-74.5,74.5,0,0
odysseus,hand.R.roll,44.333,-51.6,-64.4,-74.5,74.5,0,0
odysseus,hand.R.roll,44.417,-43.9,91.7,-74.5,74.5,0,0
odysseus,hand.R.roll,44.5,-24.8,229.2,-74.5,74.5,0,0
odysseus,hand.R.roll,44.583,0,297.9,-74.5,74.5,0,0
odysseus,hand.R.roll,44.667,24.8,297.9,-74.5,74.5,0,0
odysseus,hand.R.roll,44.75,43.9,229.2,-74.5,74.5,0,0
odysseus,hand.R.roll,44.833,51.6,91.7,-74.5,74.5,0,0
odysseus,hand.R.roll,44.917,40.8,-128.7,-74.5,74.5,0,0
odysseus,hand.R.roll,45,15.3,-306.9,-74.5,74.5,0,0
odysseus,hand.R.roll,45.083,-15.3,-366.3,-74.5,74.5,0,0
odysseus,hand.R.roll,45.167,-40.8,-306.9,-74.5,74.5,0,0
odysseus,hand.R.roll,45.25,-51.6,-128.7,-74.5,74.5,0,0
odysseus,hand.R.roll,45.333,-43.9,91.7,-74.5,74.5,0,0
odysseus,hand.R.roll,45.417,-24.8,229.2,-74.5,74.5,0,0
odysseus,hand.R.roll,45.5,0,297.9,-74.5,74.5,0,0
odysseus,hand.R.roll,45.583,24.8,297.9,-74.5,74.5,0,0
odysseus,hand.R.roll,45.667,43.9,229.2,-74.5,74.5,0,0
odysseus,hand.R.roll,45.75,51.6,91.7,-74.5,74.5,0,0
odysseus,hand.R.roll,45.833,40.8,-128.7,-74.5,74.5,0,0
odysseus,hand.R.roll,45.917,15.3,-306.9,-74.5,74.5,0,0
odysseus,hand.R.roll,46,-15.3,-366.3,-74.5,74.5,0,0
odysseus,hand.R.roll,46.083,-40.8,-306.9,-74.5,74.5,0,0
odysseus,hand.R.roll,46.167,-51.6,-128.7,-74.5,74.5,0,0
odysseus,hand.R.roll,46.25,-40.8,128.7,-74.5,74.5,0,0
odysseus,hand.R.roll,46.333,-15.3,306.9,-74.5,74.5,0,0
odysseus,hand.R.roll,46.417,15.3,366.3,-74.5,74.5,0,0
odysseus,hand.R.roll,46.5,40.8,306.9,-74.5,74.5,0,0
odysseus,hand.R.roll,46.583,51.6,128.7,-74.5,74.5,0,0
odysseus,hand.R.roll,46.667,43.9,-91.7,-74.5,74.5,0,0
odysseus,hand.R.roll,46.75,24.8,-229.2,-74.5,74.5,0,0
odysseus,hand.R.roll,46.833,0,-297.9,-74.5,74.5,0,0
odysseus,hand.R.roll,46.917,-24.8,-297.9,-74.5,74.5,0,0
odysseus,hand.R.roll,47,-43.9,-229.2,-74.5,74.5,0,0
odysseus,hand.R.roll,47.083,-51.6,-91.7,-74.5,74.5,0,0
odysseus,hand.R.roll,47.167,-40.8,128.7,-74.5,74.5,0,0
odysseus,hand.R.roll,47.25,-15.3,306.9,-74.5,74.5,0,0
odysseus,hand.R.roll,47.333,15.3,366.3,-74.5,74.5,0,0
odysseus,hand.R.roll,47.417,40.8,306.9,-74.5,74.5,0,0
odysseus,hand.R.roll,47.5,51.6,128.7,-74.5,74.5,0,0
odysseus,hand.R.roll,47.583,43.9,-91.7,-74.5,74.5,0,0
odysseus,hand.R.roll,47.667,24.8,-229.2,-74.5,74.5,0,0
odysseus,hand.R.roll,47.75,0,-297.9,-74.5,74.5,0,0
odysseus,hand.R.roll,47.833,-24.8,-297.9,-74.5,74.5,0,0
odysseus,hand.R.roll,47.917,-43.9,-229.2,-74.5,74.5,0,0
odysseus,hand.R.roll,48,-51.6,-91.7,-74.5,74.5,0,0
odysseus,hand.R.roll,48.083,-40.8,128.7,-74.5,74.5,0,0
odysseus,hand.R.roll,48.167,-15.3,306.9,-74.5,74.5,0,0
odysseus,hand.R.roll,48.25,15.3,366.3,-74.5,74.5,0,0
odysseus,hand.R.roll,48.333,40.8,306.9,-74.5,74.5,0,0
odysseus,hand.R.roll,48.417,51.6,128.7,-74.5,74.5,0,0
odysseus,hand.R.roll,48.5,40.8,-128.7,-74.5,74.5,0,0
odysseus,hand.R.roll,48.583,15.3,-306.9,-74.5,74.5,0,0
odysseus,hand.R.roll,48.667,-15.3,-366.3,-74.5,74.5,0,0
odysseus,hand.R.roll,48.75,-40.8,-306.9,-74.5,74.5,0,0
odysseus,hand.R.roll,48.833,-51.6,-128.7,-74.5,74.5,0,0
odysseus,hand.R.roll,48.917,-43.9,91.7,-74.5,74.5,0,0
odysseus,hand.R.roll,49,-24.8,229.2,-74.5,74.5,0,0
odysseus,hand.R.roll,49.083,0,297.9,-74.5,74.5,0,0
odysseus,hand.R.roll,49.167,24.8,297.9,-74.5,74.5,0,0
odysseus,hand.R.roll,49.25,43.9,229.2,-74.5,74.5,0,0
odysseus,hand.R.roll,49.333,51.6,91.7,-74.5,74.5,0,0
odysseus,hand.R.roll,49.417,40.8,-128.7,-74.5,74.5,0,0
odysseus,hand.R.roll,49.5,15.3,-306.9,-74.5,74.5,0,0
odysseus,hand.R.roll,49.583,-15.3,-366.3,-74.5,74.5,0,0
odysseus,hand.R.roll,49.667,-40.8,-306.9,-74.5,74.5,0,0
odysseus,hand.R.roll,49.75,-51.6,-128.7,-74.5,74.5,0,0
odysseus,hand.R.roll,49.833,-49.8,21.2,-74.5,74.5,0,0
odysseus,hand.R.roll,49.917,-45.1,56.9,-74.5,74.5,0,0
odysseus,hand.R.roll,50,-38.2,82.3,-74.5,74.5,0,0
odysseus,hand.R.roll,50.083,-30.1,97.6,-74.5,74.5,0,0
odysseus,hand.R.roll,50.167,-21.5,102.7,-74.5,74.5,0,0
odysseus,hand.R.roll,50.25,-13.4,97.6,-74.5,74.5,0,0
odysseus,hand.R.roll,50.333,-6.5,82.3,-74.5,74.5,0,0
odysseus,hand.R.roll,50.417,-1.8,56.9,-74.5,74.5,0,0
odysseus,hand.R.roll,50.5,0,21.2,-74.5,74.5,0,0
odysseus,hand.R.roll,50.583,0,0,-74.5,74.5,0,0
odysseus,hand.R.roll,89.25,0,0,-74.5,74.5,0,0
odysseus,hand.L.roll,0,0,0,-74.5,74.5,0,0
odysseus,hand.L.roll,31.75,4.2,50.1,-74.5,74.5,0,0
odysseus,hand.L.roll,31.833,14.1,119.4,-74.5,74.5,0,0
odysseus,hand.L.roll,31.917,26,142.5,-74.5,74.5,0,0
odysseus,hand.L.roll,32,35.9,119.4,-74.5,74.5,0,0
odysseus,hand.L.roll,32.083,40.1,50.1,-74.5,74.5,0,0
odysseus,hand.L.roll,32.167,38.6,-17.7,-74.5,74.5,0,0
odysseus,hand.L.roll,32.25,34.7,-46.7,-74.5,74.5,0,0
odysseus,hand.L.roll,32.333,29.2,-66.1,-74.5,74.5,0,0
odysseus,hand.L.roll,32.417,22.9,-75.7,-74.5,74.5,0,0
odysseus,hand.L.roll,32.5,16.6,-75.7,-74.5,74.5,0,0
odysseus,hand.L.roll,32.583,11.1,-66.1,-74.5,74.5,0,0
odysseus,hand.L.roll,32.667,7.2,-46.7,-74.5,74.5,0,0
odysseus,hand.L.roll,32.75,5.7,-17.7,-74.5,74.5,0,0
odysseus,hand.L.roll,32.833,5.7,0,-74.5,74.5,0,0
odysseus,hand.L.roll,33.25,9.3,42.9,-74.5,74.5,0,0
odysseus,hand.L.roll,33.333,17.8,102.3,-74.5,74.5,0,0
odysseus,hand.L.roll,33.417,28,122.1,-74.5,74.5,0,0
odysseus,hand.L.roll,33.5,36.5,102.3,-74.5,74.5,0,0
odysseus,hand.L.roll,33.583,40.1,42.9,-74.5,74.5,0,0
odysseus,hand.L.roll,33.667,38.6,-17.7,-74.5,74.5,0,0
odysseus,hand.L.roll,33.75,34.7,-46.7,-74.5,74.5,0,0
odysseus,hand.L.roll,33.833,29.2,-66.1,-74.5,74.5,0,0
odysseus,hand.L.roll,33.917,22.9,-75.7,-74.5,74.5,0,0
odysseus,hand.L.roll,34,16.6,-75.7,-74.5,74.5,0,0
odysseus,hand.L.roll,34.083,11.1,-66.1,-74.5,74.5,0,0
odysseus,hand.L.roll,34.167,7.2,-46.7,-74.5,74.5,0,0
odysseus,hand.L.roll,34.25,5.7,-17.7,-74.5,74.5,0,0
odysseus,hand.L.roll,34.333,5.7,0,-74.5,74.5,0,0
odysseus,hand.L.roll,34.667,2.3,-40.7,-74.5,74.5,0,0
odysseus,hand.L.roll,34.75,-6.2,-101.9,-74.5,74.5,0,0
odysseus,hand.L.roll,34.833,-17.2,-132.4,-74.5,74.5,0,0
odysseus,hand.L.roll,34.917,-28.2,-132.4,-74.5,74.5,0,0
odysseus,hand.L.roll,35,-36.7,-101.9,-74.5,74.5,0,0
odysseus,hand.L.roll,35.083,-40.1,-40.7,-74.5,74.5,0,0
odysseus,hand.L.roll,35.167,-38.2,22.9,-74.5,74.5,0,0
odysseus,hand.L.roll,35.25,-33.3,58.9,-74.5,74.5,0,0
odysseus,hand.L.roll,35.333,-26.6,80.6,-74.5,74.5,0,0
odysseus,hand.L.roll,35.417,-19.3,87.8,-74.5,74.5,0,0
odysseus,hand.L.roll,35.5,-12.5,80.6,-74.5,74.5,0,0
odysseus,hand.L.roll,35.583,-7.6,58.9,-74.5,74.5,0,0
odysseus,hand.L.roll,35.667,-5.7,22.9,-74.5,74.5,0,0
odysseus,hand.L.roll,35.75,-5.7,0,-74.5,74.5,0,0
odysseus,hand.L.roll,36.333,-2.3,40.7,-74.5,74.5,0,0
odysseus,hand.L.roll,36.417,6.2,101.9,-74.5,74.5,0,0
odysseus,hand.L.roll,36.5,17.2,132.4,-74.5,74.5,0,0
odysseus,hand.L.roll,36.583,28.2,132.4,-74.5,74.5,0,0
odysseus,hand.L.roll,36.667,36.7,101.9,-74.5,74.5,0,0
odysseus,hand.L.roll,36.75,40.1,40.7,-74.5,74.5,0,0
odysseus,hand.L.roll,36.833,38.2,-22.9,-74.5,74.5,0,0
odysseus,hand.L.roll,36.917,33.3,-58.9,-74.5,74.5,0,0
odysseus,hand.L.roll,37,26.6,-80.6,-74.5,74.5,0,0
odysseus,hand.L.roll,37.083,19.3,-87.8,-74.5,74.5,0,0
odysseus,hand.L.roll,37.167,12.5,-80.6,-74.5,74.5,0,0
odysseus,hand.L.roll,37.25,7.6,-58.9,-74.5,74.5,0,0
odysseus,hand.L.roll,37.333,5.7,-22.9,-74.5,74.5,0,0
odysseus,hand.L.roll,37.417,5.7,0,-74.5,74.5,0,0
odysseus,hand.L.roll,38.25,11.8,72.6,-74.5,74.5,0,0
odysseus,hand.L.roll,38.333,17.8,72.6,-74.5,74.5,0,0
odysseus,hand.L.roll,38.417,16,-22.3,-74.5,74.5,0,0
odysseus,hand.L.roll,38.5,11.6,-53.1,-74.5,74.5,0,0
odysseus,hand.L.roll,38.583,6.3,-63.3,-74.5,74.5,0,0
odysseus,hand.L.roll,38.667,1.9,-53.1,-74.5,74.5,0,0
odysseus,hand.L.roll,38.75,0,-22.3,-74.5,74.5,0,0
odysseus,hand.L.roll,38.833,0,0,-74.5,74.5,0,0
odysseus,hand.L.roll,44,-5.4,-64.4,-74.5,74.5,0,0
odysseus,hand.L.roll,44.083,-18.2,-153.5,-74.5,74.5,0,0
odysseus,hand.L.roll,44.167,-33.4,-183.2,-74.5,74.5,0,0
odysseus,hand.L.roll,44.25,-46.2,-153.5,-74.5,74.5,0,0
odysseus,hand.L.roll,44.333,-51.6,-64.4,-74.5,74.5,0,0
odysseus,hand.L.roll,44.417,-43.9,91.7,-74.5,74.5,0,0
odysseus,hand.L.roll,44.5,-24.8,229.2,-74.5,74.5,0,0
odysseus,hand.L.roll,44.583,0,297.9,-74.5,74.5,0,0
odysseus,hand.L.roll,44.667,24.8,297.9,-74.5,74.5,0,0
odysseus,hand.L.roll,44.75,43.9,229.2,-74.5,74.5,0,0
odysseus,hand.L.roll,44.833,51.6,91.7,-74.5,74.5,0,0
odysseus,hand.L.roll,44.917,40.8,-128.7,-74.5,74.5,0,0
odysseus,hand.L.roll,45,15.3,-306.9,-74.5,74.5,0,0
odysseus,hand.L.roll,45.083,-15.3,-366.3,-74.5,74.5,0,0
odysseus,hand.L.roll,45.167,-40.8,-306.9,-74.5,74.5,0,0
odysseus,hand.L.roll,45.25,-51.6,-128.7,-74.5,74.5,0,0
odysseus,hand.L.roll,45.333,-43.9,91.7,-74.5,74.5,0,0
odysseus,hand.L.roll,45.417,-24.8,229.2,-74.5,74.5,0,0
odysseus,hand.L.roll,45.5,0,297.9,-74.5,74.5,0,0
odysseus,hand.L.roll,45.583,24.8,297.9,-74.5,74.5,0,0
odysseus,hand.L.roll,45.667,43.9,229.2,-74.5,74.5,0,0
odysseus,hand.L.roll,45.75,51.6,91.7,-74.5,74.5,0,0
odysseus,hand.L.roll,45.833,40.8,-128.7,-74.5,74.5,0,0
odysseus,hand.L.roll,45.917,15.3,-306.9,-74.5,74.5,0,0
odysseus,hand.L.roll,46,-15.3,-366.3,-74.5,74.5,0,0
odysseus,hand.L.roll,46.083,-40.8,-306.9,-74.5,74.5,0,0
odysseus,hand.L.roll,46.167,-51.6,-128.7,-74.5,74.5,0,0
odysseus,hand.L.roll,46.25,-40.8,128.7,-74.5,74.5,0,0
odysseus,hand.L.roll,46.333,-15.3,306.9,-74.5,74.5,0,0
odysseus,hand.L.roll,46.417,15.3,366.3,-74.5,74.5,0,0
odysseus,hand.L.roll,46.5,40.8,306.9,-74.5,74.5,0,0
odysseus,hand.L.roll,46.583,51.6,128.7,-74.5,74.5,0,0
odysseus,hand.L.roll,46.667,43.9,-91.7,-74.5,74.5,0,0
odysseus,hand.L.roll,46.75,24.8,-229.2,-74.5,74.5,0,0
odysseus,hand.L.roll,46.833,0,-297.9,-74.5,74.5,0,0
odysseus,hand.L.roll,46.917,-24.8,-297.9,-74.5,74.5,0,0
odysseus,hand.L.roll,47,-43.9,-229.2,-74.5,74.5,0,0
odysseus,hand.L.roll,47.083,-51.6,-91.7,-74.5,74.5,0,0
odysseus,hand.L.roll,47.167,-40.8,128.7,-74.5,74.5,0,0
odysseus,hand.L.roll,47.25,-15.3,306.9,-74.5,74.5,0,0
odysseus,hand.L.roll,47.333,15.3,366.3,-74.5,74.5,0,0
odysseus,hand.L.roll,47.417,40.8,306.9,-74.5,74.5,0,0
odysseus,hand.L.roll,47.5,51.6,128.7,-74.5,74.5,0,0
odysseus,hand.L.roll,47.583,43.9,-91.7,-74.5,74.5,0,0
odysseus,hand.L.roll,47.667,24.8,-229.2,-74.5,74.5,0,0
odysseus,hand.L.roll,47.75,0,-297.9,-74.5,74.5,0,0
odysseus,hand.L.roll,47.833,-24.8,-297.9,-74.5,74.5,0,0
odysseus,hand.L.roll,47.917,-43.9,-229.2,-74.5,74.5,0,0
odysseus,hand.L.roll,48,-51.6,-91.7,-74.5,74.5,0,0
odysseus,hand.L.roll,48.083,-40.8,128.7,-74.5,74.5,0,0
odysseus,hand.L.roll,48.167,-15.3,306.9,-74.5,74.5,0,0
odysseus,hand.L.roll,48.25,15.3,366.3,-74.5,74.5,0,0
odysseus,hand.L.roll,48.333,40.8,306.9,-74.5,74.5,0,0
odysseus,hand.L.roll,48.417,51.6,128.7,-74.5,74.5,0,0
odysseus,hand.L.roll,48.5,40.8,-128.7,-74.5,74.5,0,0
odysseus,hand.L.roll,48.583,15.3,-306.9,-74.5,74.5,0,0
odysseus,hand.L.roll,48.667,-15.3,-366.3,-74.5,74.5,0,0
odysseus,hand.L.roll,48.75,-40.8,-306.9,-74.5,74.5,0,0
odysseus,hand.L.roll,48.833,-51.6,-128.7,-74.5,74.5,0,0
odysseus,hand.L.roll,48.917,-43.9,91.7,-74.5,74.5,0,0
odysseus,hand.L.roll,49,-24.8,229.2,-74.5,74.5,0,0
odysseus,hand.L.roll,49.083,0,297.9,-74.5,74.5,0,0
odysseus,hand.L.roll,49.167,24.8,297.9,-74.5,74.5,0,0
odysseus,hand.L.roll,49.25,43.9,229.2,-74.5,74.5,0,0
odysseus,hand.L.roll,49.333,51.6,91.7,-74.5,74.5,0,0
odysseus,hand.L.roll,49.417,40.8,-128.7,-74.5,74.5,0,0
odysseus,hand.L.roll,49.5,15.3,-306.9,-74.5,74.5,0,0
odysseus,hand.L.roll,49.583,-15.3,-366.3,-74.5,74.5,0,0
odysseus,hand.L.roll,49.667,-40.8,-306.9,-74.5,74.5,0,0
odysseus,hand.L.roll,49.75,-51.6,-128.7,-74.5,74.5,0,0
odysseus,hand.L.roll,49.833,-49.8,21.2,-74.5,74.5,0,0
odysseus,hand.L.roll,49.917,-45.1,56.9,-74.5,74.5,0,0
odysseus,hand.L.roll,50,-38.2,82.3,-74.5,74.5,0,0
odysseus,hand.L.roll,50.083,-30.1,97.6,-74.5,74.5,0,0
odysseus,hand.L.roll,50.167,-21.5,102.7,-74.5,74.5,0,0
odysseus,hand.L.roll,50.25,-13.4,97.6,-74.5,74.5,0,0
odysseus,hand.L.roll,50.333,-6.5,82.3,-74.5,74.5,0,0
odysseus,hand.L.roll,50.417,-1.8,56.9,-74.5,74.5,0,0
odysseus,hand.L.roll,50.5,0,21.2,-74.5,74.5,0,0
odysseus,hand.L.roll,50.583,0,0,-74.5,74.5,0,0
odysseus,hand.L.roll,89.25,0,0,-74.5,74.5,0,0
odysseus,leg.R.pitch,0,0,0,-91.7,54.4,0,0
odysseus,leg.R.pitch,26.583,0.5,6,-91.7,54.4,0.0008,0
odysseus,leg.R.pitch,26.667,2.7,25.9,-91.7,54.4,0.0039,0.004
odysseus,leg.R.pitch,26.75,7.1,52.9,-91.7,54.4,0.0094,0.017
odysseus,leg.R.pitch,26.833,13.5,77.4,-91.7,54.4,0.0169,0.046
odysseus,leg.R.pitch,26.917,21,90.1,-91.7,54.4,0.0251,0.08
odysseus,leg.R.pitch,27,27.9,83,-91.7,54.4,0.0324,0.096
odysseus,leg.R.pitch,27.083,32.2,51.2,-91.7,54.4,0.0377,0.07
odysseus,leg.R.pitch,27.167,34.3,25.3,-91.7,54.4,0.0396,0.038
odysseus,leg.R.pitch,27.25,35.4,13,-91.7,54.4,0.0402,0.022
odysseus,leg.R.pitch,27.333,35.4,-0.4,-91.7,54.4,0.0402,0.004
odysseus,leg.R.pitch,27.417,34.2,-14.5,-91.7,54.4,0.039,0.023
odysseus,leg.R.pitch,27.5,31.8,-28.8,-91.7,54.4,0.0366,0.04
odysseus,leg.R.pitch,27.583,28.2,-42.7,-91.7,54.4,0.0329,0.051
odysseus,leg.R.pitch,27.667,23.6,-55.6,-91.7,54.4,0.0279,0.056
odysseus,leg.R.pitch,27.75,18,-66.9,-91.7,54.4,0.0216,0.051
odysseus,leg.R.pitch,27.833,11.7,-76,-91.7,54.4,0.0142,0.038
odysseus,leg.R.pitch,27.917,4.8,-82.3,-91.7,54.4,0.006,0.017
odysseus,leg.R.pitch,28,-2.3,-85.3,-91.7,54.4,0.0029,0.009
odysseus,leg.R.pitch,28.083,-9.4,-85,-91.7,54.4,0.0112,0.034
odysseus,leg.R.pitch,28.167,-16.1,-81,-91.7,54.4,0.0192,0.055
odysseus,leg.R.pitch,28.25,-22.3,-73.4,-91.7,54.4,0.0263,0.069
odysseus,leg.R.pitch,28.333,-27.5,-62.5,-91.7,54.4,0.032,0.072
odysseus,leg.R.pitch,28.417,-31.5,-48.7,-91.7,54.4,0.0364,0.064
odysseus,leg.R.pitch,28.5,-34.2,-32.5,-91.7,54.4,0.0392,0.048
odysseus,leg.R.pitch,28.583,-35.5,-14.7,-91.7,54.4,0.0404,0.024
odysseus,leg.R.pitch,28.667,-35.1,4,-91.7,54.4,0.0402,0.009
odysseus,leg.R.pitch,28.75,-33.2,22.6,-91.7,54.4,0.0383,0.033
odysseus,leg.R.pitch,28.833,-29.9,40.2,-91.7,54.4,0.0348,0.051
odysseus,leg.R.pitch,28.917,-25.2,56.1,-91.7,54.4,0.0298,0.06
odysseus,leg.R.pitch,29,-19.4,69.4,-91.7,54.4,0.0233,0.058
odysseus,leg.R.pitch,29.083,-12.8,79.6,-91.7,54.4,0.0156,0.044
odysseus,leg.R.pitch,29.167,-5.6,86.2,-91.7,54.4,0.0069,0.021
odysseus,leg.R.pitch,29.25,1.8,88.9,-91.7,54.4,0.0022,0.007
odysseus,leg.R.pitch,29.333,9.1,87.6,-91.7,54.4,0.0109,0.034
odysseus,leg.R.pitch,29.417,16,82.5,-91.7,54.4,0.0191,0.056
odysseus,leg.R.pitch,29.5,22.1,73.9,-91.7,54.4,0.0262,0.069
odysseus,leg.R.pitch,29.583,27.3,62.3,-91.7,54.4,0.0319,0.071
odysseus,leg.R.pitch,29.667,31.3,48.3,-91.7,54.4,0.0362,0.064
odysseus,leg.R.pitch,29.75,34.1,32.6,-91.7,54.4,0.039,0.047
odysseus,leg.R.pitch,29.833,35.4,15.9,-91.7,54.4,0.0403,0.026
odysseus,leg.R.pitch,29.917,35.3,-0.9,-91.7,54.4,0.0403,0.005
odysseus,leg.R.pitch,30,33.9,-17.2,-91.7,54.4,0.0388,0.026
odysseus,leg.R.pitch,30.083,31.2,-32.2,-91.7,54.4,0.0361,0.043
odysseus,leg.R.pitch,30.167,27.4,-45.5,-91.7,54.4,0.0321,0.053
odysseus,leg.R.pitch,30.25,22.7,-56.5,-91.7,54.4,0.0269,0.054
odysseus,leg.R.pitch,30.333,17.3,-65.1,-91.7,54.4,0.0207,0.048
odysseus,leg.R.pitch,30.417,11.4,-70.9,-91.7,54.4,0.0137,0.034
odysseus,leg.R.pitch,30.5,5.2,-74.1,-91.7,54.4,0.0063,0.016
odysseus,leg.R.pitch,30.583,-1,-74.6,-91.7,54.4,0.0013,0.003
odysseus,leg.R.pitch,30.667,-7.1,-72.3,-91.7,54.4,0.0085,0.022
odysseus,leg.R.pitch,30.75,-11.7,-55.9,-91.7,54.4,0.0145,0.029
odysseus,leg.R.pitch,30.833,-13.7,-23.6,-91.7,54.4,0.0173,0.015
odysseus,leg.R.pitch,30.917,-12.7,12,-91.7,54.4,0.0163,0.007
odysseus,leg.R.pitch,31,-9.3,40,-91.7,54.4,0.0121,0.017
odysseus,leg.R.pitch,31.083,-5,52.5,-91.7,54.4,0.0064,0.012
odysseus,leg.R.pitch,31.167,-1.3,44.5,-91.7,54.4,0.0018,0.003
odysseus,leg.R.pitch,31.25,0,15.1,-91.7,54.4,0.001,0.001
odysseus,leg.R.pitch,31.333,0,0,-91.7,54.4,0.0005,0
odysseus,leg.R.pitch,38.417,0.5,5.9,-91.7,54.4,0.0008,0
odysseus,leg.R.pitch,38.5,1.5,11.3,-91.7,54.4,0.0019,0.001
odysseus,leg.R.pitch,38.583,2.4,11.8,-91.7,54.4,0.0029,0.001
odysseus,leg.R.pitch,38.667,3.1,7.7,-91.7,54.4,0.0038,0.001
odysseus,leg.R.pitch,38.75,3,-0.8,-91.7,54.4,0.0039,0
odysseus,leg.R.pitch,38.833,2,-12.6,-91.7,54.4,0.0028,0.001
odysseus,leg.R.pitch,38.917,1,-11.1,-91.7,54.4,0.0013,0.001
odysseus,leg.R.pitch,39,0.7,-4.7,-91.7,54.4,0.001,0
odysseus,leg.R.pitch,39.083,0.2,-5.4,-91.7,54.4,0.0003,0
odysseus,leg.R.pitch,39.167,-0.3,-5.7,-91.7,54.4,0.0003,0
odysseus,leg.R.pitch,39.25,-0.8,-5.9,-91.7,54.4,0.0009,0
odysseus,leg.R.pitch,39.333,-1.3,-5.9,-91.7,54.4,0.0015,0
odysseus,leg.R.pitch,39.417,-1.7,-5.5,-91.7,54.4,0.0021,0
odysseus,leg.R.pitch,39.5,-1.8,-1.2,-91.7,54.4,0.0023,0
odysseus,leg.R.pitch,39.583,-0.2,19,-91.7,54.4,0.001,0.001
odysseus,leg.R.pitch,39.667,3.9,49.2,-91.7,54.4,0.0056,0.01
odysseus,leg.R.pitch,39.75,10.3,77.7,-91.7,54.4,0.0133,0.036
odysseus,leg.R.pitch,39.833,18,92.6,-91.7,54.4,0.0218,0.071
odysseus,leg.R.pitch,39.917,25,83.8,-91.7,54.4,0.0293,0.088
odysseus,leg.R.pitch,40,29.1,48.8,-91.7,54.4,0.0346,0.061
odysseus,leg.R.pitch,40.083,31.7,31.8,-91.7,54.4,0.0367,0.043
odysseus,leg.R.pitch,40.167,33.5,20.8,-91.7,54.4,0.0382,0.031
odysseus,leg.R.pitch,40.25,34.2,8.3,-91.7,54.4,0.039,0.014
odysseus,leg.R.pitch,40.333,33.7,-5.4,-91.7,54.4,0.0386,0.01
odysseus,leg.R.pitch,40.417,32.1,-19.6,-91.7,54.4,0.037,0.028
odysseus,leg.R.pitch,40.5,29.3,-33.9,-91.7,54.4,0.034,0.043
odysseus,leg.R.pitch,40.583,25.3,-47.7,-91.7,54.4,0.0298,0.051
odysseus,leg.R.pitch,40.667,20.3,-60.1,-91.7,54.4,0.0242,0.052
odysseus,leg.R.pitch,40.75,14.4,-70.5,-91.7,54.4,0.0174,0.043
odysseus,leg.R.pitch,40.833,7.9,-78.4,-91.7,54.4,0.0097,0.027
odysseus,leg.R.pitch,40.917,0.9,-83.1,-91.7,54.4,0.0013,0.004
odysseus,leg.R.pitch,41,-6.1,-84.5,-91.7,54.4,0.0074,0.022
odysseus,leg.R.pitch,41.083,-12.9,-82.1,-91.7,54.4,0.0155,0.045
odysseus,leg.R.pitch,41.167,-19.3,-76,-91.7,54.4,0.0229,0.062
odysseus,leg.R.pitch,41.25,-24.8,-66.3,-91.7,54.4,0.0291,0.069
odysseus,leg.R.pitch,41.333,-29.3,-53.4,-91.7,54.4,0.034,0.066
odysseus,leg.R.pitch,41.417,-32.4,-38.1,-91.7,54.4,0.0373,0.052
odysseus,leg.R.pitch,41.5,-34.2,-20.7,-91.7,54.4,0.0391,0.031
odysseus,leg.R.pitch,41.583,-34.4,-2.4,-91.7,54.4,0.0394,0.006
odysseus,leg.R.pitch,41.667,-33,16.1,-91.7,54.4,0.038,0.024
odysseus,leg.R.pitch,41.75,-30.2,34,-91.7,54.4,0.0351,0.044
odysseus,leg.R.pitch,41.833,-26,50.1,-91.7,54.4,0.0307,0.055
odysseus,leg.R.pitch,41.917,-20.7,63.9,-91.7,54.4,0.0247,0.056
odysseus,leg.R.pitch,42,-14.5,74.6,-91.7,54.4,0.0175,0.046
odysseus,leg.R.pitch,42.083,-7.6,81.9,-91.7,54.4,0.0094,0.027
odysseus,leg.R.pitch,42.167,-0.6,84.7,-91.7,54.4,0.0008,0.002
odysseus,leg.R.pitch,42.25,6,79.4,-91.7,54.4,0.0074,0.021
odysseus,leg.R.pitch,42.333,13.2,85.3,-91.7,54.4,0.0158,0.048
odysseus,leg.R.pitch,42.417,20.1,83.8,-91.7,54.4,0.0237,0.07
odysseus,leg.R.pitch,42.5,26.3,74.4,-91.7,54.4,0.0308,0.082
odysseus,leg.R.pitch,42.583,31.1,57.7,-91.7,54.4,0.0361,0.075
odysseus,leg.R.pitch,42.667,34.1,35.1,-91.7,54.4,0.0392,0.051
odysseus,leg.R.pitch,42.75,35.2,14,-91.7,54.4,0.0403,0.023
odysseus,leg.R.pitch,42.833,35.4,2.5,-91.7,54.4,0.0402,0.007
odysseus,leg.R.pitch,42.917,34.4,-12.6,-91.7,54.4,0.0393,0.02
odysseus,leg.R.pitch,43,32.2,-26.5,-91.7,54.4,0.0371,0.037
odysseus,leg.R.pitch,43.083,29,-38.8,-91.7,54.4,0.0337,0.048
odysseus,leg.R.pitch,43.167,24.9,-49.1,-91.7,54.4,0.0292,0.052
odysseus,leg.R.pitch,43.25,20.1,-57.2,-91.7,54.4,0.0239,0.049
odysseus,leg.R.pitch,43.333,14.3,-70.1,-91.7,54.4,0.0174,0.043
odysseus,leg.R.pitch,43.417,7.6,-79.5,-91.7,54.4,0.0094,0.026
odysseus,leg.R.pitch,43.5,2.3,-64.4,-91.7,54.4,0.0032,0.007
odysseus,leg.R.pitch,43.583,-0.7,-36,-91.7,54.4,0.0019,0.002
odysseus,leg.R.pitch,43.667,-1.3,-7.2,-91.7,54.4,0.0026,0.001
odysseus,leg.R.pitch,43.75,-0.5,9.9,-91.7,54.4,0.0012,0
odysseus,leg.R.pitch,43.833,0,6.1,-91.7,54.4,0.0001,0
odysseus,leg.R.pitch,43.917,0,0,-91.7,54.4,0.0002,0
odysseus,leg.R.pitch,50.583,12.9,154.7,-91.7,54.4,0.0206,0.112
odysseus,leg.R.pitch,50.667,17.2,51.6,-91.7,54.4,0.0238,0.044
odysseus,leg.R.pitch,50.75,12.9,-51.6,-91.7,54.4,0.0188,0.035
odysseus,leg.R.pitch,50.833,8.6,-51.6,-91.7,54.4,0.0103,0.019
odysseus,leg.R.pitch,50.917,8,-7.4,-91.7,54.4,0.011,0.003
odysseus,leg.R.pitch,51,7.7,-3.7,-91.7,54.4,0.0093,0.001
odysseus,leg.R.pitch,51.083,9.3,20.1,-91.7,54.4,0.012,0.009
odysseus,leg.R.pitch,51.167,13.7,52.8,-91.7,54.4,0.0174,0.033
odysseus,leg.R.pitch,51.25,20.7,83.5,-91.7,54.4,0.0253,0.075
odysseus,leg.R.pitch,51.333,28.1,89.2,-91.7,54.4,0.0326,0.104
odysseus,leg.R.pitch,51.417,33,58.6,-91.7,54.4,0.0385,0.082
odysseus,leg.R.pitch,51.5,33.9,9.9,-91.7,54.4,0.0399,0.017
odysseus,leg.R.pitch,51.583,32.5,-16.1,-91.7,54.4,0.0378,0.024
odysseus,leg.R.pitch,51.667,29.3,-38.4,-91.7,54.4,0.0344,0.048
odysseus,leg.R.pitch,51.75,24.3,-59.7,-91.7,54.4,0.029,0.062
odysseus,leg.R.pitch,51.833,17.8,-78.2,-91.7,54.4,0.0217,0.06
odysseus,leg.R.pitch,51.917,10.1,-92.9,-91.7,54.4,0.0125,0.041
odysseus,leg.R.pitch,52,1.5,-102.6,-91.7,54.4,0.0022,0.008
odysseus,leg.R.pitch,52.083,-7.4,-106.9,-91.7,54.4,0.009,0.034
odysseus,leg.R.pitch,52.167,-16.2,-105.6,-91.7,54.4,0.0192,0.071
odysseus,leg.R.pitch,52.25,-24.7,-102.4,-91.7,54.4,0.0288,0.105
odysseus,leg.R.pitch,52.333,-32.2,-90.3,-91.7,54.4,0.037,0.12
odysseus,leg.R.pitch,52.417,-38.3,-72.8,-91.7,54.4,0.0432,0.113
odysseus,leg.R.pitch,52.5,-42.5,-50.4,-91.7,54.4,0.0472,0.087
odysseus,leg.R.pitch,52.583,-44.6,-24.8,-91.7,54.4,0.0491,0.047
odysseus,leg.R.pitch,52.667,-44.4,2.3,-91.7,54.4,0.049,0.009
odysseus,leg.R.pitch,52.75,-42,29.2,-91.7,54.4,0.0468,0.052
odysseus,leg.R.pitch,52.833,-37.5,54,-91.7,54.4,0.0426,0.084
odysseus,leg.R.pitch,52.917,-31.2,74.7,-91.7,54.4,0.0363,0.097
odysseus,leg.R.pitch,53,-23.7,90,-91.7,54.4,0.0282,0.09
odysseus,leg.R.pitch,53.083,-15.5,98.4,-91.7,54.4,0.0187,0.065
odysseus,leg.R.pitch,53.167,-7.3,99.3,-91.7,54.4,0.0087,0.03
odysseus,leg.R.pitch,53.25,0.5,92.6,-91.7,54.4,0.0008,0.003
odysseus,leg.R.pitch,53.333,7,78.8,-91.7,54.4,0.0089,0.025
odysseus,leg.R.pitch,53.417,11.9,58.7,-91.7,54.4,0.0149,0.031
odysseus,leg.R.pitch,53.5,14.7,33.9,-91.7,54.4,0.0183,0.022
odysseus,leg.R.pitch,53.583,15.2,6,-91.7,54.4,0.019,0.005
odysseus,leg.R.pitch,53.667,13.3,-22.7,-91.7,54.4,0.0168,0.014
odysseus,leg.R.pitch,53.75,9.1,-50.4,-91.7,54.4,0.0119,0.021
odysseus,leg.R.pitch,53.833,2.9,-75,-91.7,54.4,0.0043,0.011
odysseus,leg.R.pitch,53.917,-5,-94.7,-91.7,54.4,0.0067,0.022
odysseus,leg.R.pitch,54,-14,-108.5,-91.7,54.4,0.0171,0.065
odysseus,leg.R.pitch,54.083,-23.7,-115.4,-91.7,54.4,0.0278,0.114
odysseus,leg.R.pitch,54.167,-33.3,-115.2,-91.7,54.4,0.0377,0.154
odysseus,leg.R.pitch,54.25,-42.3,-108.2,-91.7,54.4,0.0464,0.18
odysseus,leg.R.pitch,54.333,-50.2,-94.9,-91.7,54.4,0.0532,0.182
odysseus,leg.R.pitch,54.417,-56.6,-76.6,-91.7,54.4,0.0579,0.162
odysseus,leg.R.pitch,54.5,-61.1,-54.6,-91.7,54.4,0.0609,0.123
odysseus,leg.R.pitch,54.583,-63.7,-30.5,-91.7,54.4,0.0624,0.074
odysseus,leg.R.pitch,54.667,-64.1,-5.9,-91.7,54.4,0.0626,0.021
odysseus,leg.R.pitch,54.75,-62.7,17.7,-91.7,54.4,0.0618,0.046
odysseus,leg.R.pitch,54.833,-59.4,39.1,-91.7,54.4,0.0598,0.089
odysseus,leg.R.pitch,54.917,-54.6,57.1,-91.7,54.4,0.0566,0.119
odysseus,leg.R.pitch,55,-48.7,70.8,-91.7,54.4,0.0521,0.134
odysseus,leg.R.pitch,55.083,-42.1,80,-91.7,54.4,0.0463,0.134
odysseus,leg.R.pitch,55.167,-35,84.6,-91.7,54.4,0.0396,0.12
odysseus,leg.R.pitch,55.25,-28,83.9,-91.7,54.4,0.0323,0.097
odysseus,leg.R.pitch,55.333,-22.5,66.2,-91.7,54.4,0.0269,0.064
odysseus,leg.R.pitch,55.417,-20,30.2,-91.7,54.4,0.0247,0.027
odysseus,leg.R.pitch,55.5,-20.8,-10.2,-91.7,54.4,0.0258,0.01
odysseus,leg.R.pitch,55.583,-24.4,-42.2,-91.7,54.4,0.0294,0.045
odysseus,leg.R.pitch,55.667,-29.1,-56.8,-91.7,54.4,0.0339,0.069
odysseus,leg.R.pitch,55.75,-33.2,-49.6,-91.7,54.4,0.0379,0.068
odysseus,leg.R.pitch,55.833,-35,-20.8,-91.7,54.4,0.0403,0.033
odysseus,leg.R.pitch,55.917,-35,0,-91.7,54.4,0.0401,0.003
odysseus,leg.R.pitch,56,-34.8,1.5,-91.7,54.4,0.0393,0.005
odysseus,leg.R.pitch,56.083,-34.6,3,-91.7,54.4,0.039,0.007
odysseus,leg.R.pitch,56.167,-34.3,3.3,-91.7,54.4,0.0387,0.007
odysseus,leg.R.pitch,56.25,-34.1,2.6,-91.7,54.4,0.0385,0.006
odysseus,leg.R.pitch,56.333,-34,1.1,-91.7,54.4,0.0384,0.004
odysseus,leg.R.pitch,56.417,-34.1,-0.6,-91.7,54.4,0.0385,0.004
odysseus,leg.R.pitch,56.5,-34.3,-2.4,-91.7,54.4,0.0387,0.006
odysseus,leg.R.pitch,56.583,-34.4,-1.5,-91.7,54.4,0.0388,0.005
odysseus,leg.R.pitch,56.667,-34.4,0,-91.7,54.4,0.0388,0.003
odysseus,leg.R.pitch,77.083,-34.3,1.1,-91.7,54.4,0.0387,0.004
odysseus,leg.R.pitch,77.167,-33,14.9,-91.7,54.4,0.0379,0.023
odysseus,leg.R.pitch,77.25,-29.5,42.8,-91.7,54.4,0.0347,0.054
odysseus,leg.R.pitch,77.333,-23.3,73.6,-91.7,54.4,0.0283,0.074
odysseus,leg.R.pitch,77.417,-15.4,95.7,-91.7,54.4,0.019,0.064
odysseus,leg.R.pitch,77.5,-7.1,98.9,-91.7,54.4,0.0086,0.03
odysseus,leg.R.pitch,77.583,-0.7,77,-91.7,54.4,0.0016,0.004
odysseus,leg.R.pitch,77.667,1.8,29.8,-91.7,54.4,0.0037,0.004
odysseus,leg.R.pitch,77.75,1.3,-5.6,-91.7,54.4,0.0028,0.001
odysseus,leg.R.pitch,77.833,-0.9,-26.8,-91.7,54.4,0.0019,0.002
odysseus,leg.R.pitch,77.917,-4.9,-47.7,-91.7,54.4,0.0066,0.011
odysseus,leg.R.pitch,78,-10.5,-66.9,-91.7,54.4,0.0132,0.031
odysseus,leg.R.pitch,78.083,-17.4,-82.9,-91.7,54.4,0.0211,0.062
odysseus,leg.R.pitch,78.167,-25.3,-94.7,-91.7,54.4,0.0297,0.1
odysseus,leg.R.pitch,78.25,-33.7,-101,-91.7,54.4,0.0383,0.138
odysseus,leg.R.pitch,78.333,-42.1,-101,-91.7,54.4,0.0461,0.167
odysseus,leg.R.pitch,78.417,-50,-94.4,-91.7,54.4,0.0528,0.18
odysseus,leg.R.pitch,78.5,-56.8,-81.3,-91.7,54.4,0.0579,0.171
odysseus,leg.R.pitch,78.583,-61.9,-62.1,-91.7,54.4,0.0613,0.14
odysseus,leg.R.pitch,78.667,-65.1,-38,-91.7,54.4,0.0631,0.092
odysseus,leg.R.pitch,78.75,-66,-10.4,-91.7,54.4,0.0637,0.031
odysseus,leg.R.pitch,78.833,-64.4,18.7,-91.7,54.4,0.0629,0.049
odysseus,leg.R.pitch,78.917,-60.5,47.4,-91.7,54.4,0.0607,0.108
odysseus,leg.R.pitch,79,-54.3,73.6,-91.7,54.4,0.0567,0.152
odysseus,leg.R.pitch,79.083,-46.4,95.1,-91.7,54.4,0.0505,0.173
odysseus,leg.R.pitch,79.167,-37.2,110.4,-91.7,54.4,0.042,0.166
odysseus,leg.R.pitch,79.25,-27.4,118,-91.7,54.4,0.0318,0.133
odysseus,leg.R.pitch,79.333,-17.6,117.4,-91.7,54.4,0.0208,0.086
odysseus,leg.R.pitch,79.417,-8.5,108.5,-91.7,54.4,0.0105,0.04
odysseus,leg.R.pitch,79.5,-0.9,91.9,-91.7,54.4,0.0016,0.005
odysseus,leg.R.pitch,79.583,4.8,68.8,-91.7,54.4,0.0066,0.016
odysseus,leg.R.pitch,79.667,8.3,40.9,-91.7,54.4,0.0108,0.016
odysseus,leg.R.pitch,79.75,9.1,10.5,-91.7,54.4,0.0119,0.005
odysseus,leg.R.pitch,79.833,7.4,-20.3,-91.7,54.4,0.0099,0.007
odysseus,leg.R.pitch,79.917,3.3,-49.2,-91.7,54.4,0.005,0.009
odysseus,leg.R.pitch,80,-2.8,-73.9,-91.7,54.4,0.0042,0.011
odysseus,leg.R.pitch,80.083,-10.5,-92.7,-91.7,54.4,0.0132,0.043
odysseus,leg.R.pitch,80.167,-19.2,-104.4,-91.7,54.4,0.023,0.085
odysseus,leg.R.pitch,80.25,-28.3,-108.3,-91.7,54.4,0.0326,0.126
odysseus,leg.R.pitch,80.333,-36.9,-104.3,-91.7,54.4,0.0414,0.154
odysseus,leg.R.pitch,80.417,-44.7,-93,-91.7,54.4,0.0487,0.163
odysseus,leg.R.pitch,80.5,-51,-75.4,-91.7,54.4,0.054,0.148
odysseus,leg.R.pitch,80.583,-55.4,-53,-91.7,54.4,0.0573,0.113
odysseus,leg.R.pitch,80.667,-57.7,-27.6,-91.7,54.4,0.0589,0.064
odysseus,leg.R.pitch,80.75,-57.8,-1,-91.7,54.4,0.059,0.009
odysseus,leg.R.pitch,80.833,-55.7,25,-91.7,54.4,0.0576,0.057
odysseus,leg.R.pitch,80.917,-51.6,48.8,-91.7,54.4,0.0547,0.099
odysseus,leg.R.pitch,81,-45.9,68.8,-91.7,54.4,0.05,0.125
odysseus,leg.R.pitch,81.083,-38.9,84.2,-91.7,54.4,0.0436,0.132
odysseus,leg.R.pitch,81.167,-31,94.3,-91.7,54.4,0.0357,0.12
odysseus,leg.R.pitch,81.25,-22.8,98.9,-91.7,54.4,0.0267,0.094
odysseus,leg.R.pitch,81.333,-14.6,98.1,-91.7,54.4,0.0173,0.06
odysseus,leg.R.pitch,81.417,-6.9,92.2,-91.7,54.4,0.0085,0.027
odysseus,leg.R.pitch,81.5,-1.3,67.4,-91.7,54.4,0.0024,0.006
odysseus,leg.R.pitch,81.583,0.6,22.7,-91.7,54.4,0.0022,0.002
odysseus,leg.R.pitch,81.667,-1.3,-22.8,-91.7,54.4,0.0031,0.003
odysseus,leg.R.pitch,81.75,-6,-56.4,-91.7,54.4,0.0083,0.017
odysseus,leg.R.pitch,81.833,-11.9,-70.1,-91.7,54.4,0.0146,0.036
odysseus,leg.R.pitch,81.917,-17,-61.7,-91.7,54.4,0.0204,0.045
odysseus,leg.R.pitch,82,-19.8,-33.9,-91.7,54.4,0.0242,0.03
odysseus,leg.R.pitch,82.083,-20.1,-2.8,-91.7,54.4,0.0246,0.004
odysseus,leg.R.pitch,82.167,-20.1,0,-91.7,54.4,0.0236,0.001
odysseus,leg.R.pitch,89.25,-20.1,0,-91.7,54.4,0.0235,0.001
odysseus,leg.L.pitch,0,0,0,-91.7,54.4,0,0
odysseus,leg.L.pitch,26.583,-0.5,-6,-91.7,54.4,0.0008,0
odysseus,leg.L.pitch,26.667,-2.7,-25.9,-91.7,54.4,0.0039,0.004
odysseus,leg.L.pitch,26.75,-7.1,-52.9,-91.7,54.4,0.0094,0.017
odysseus,leg.L.pitch,26.833,-13.5,-77.4,-91.7,54.4,0.0169,0.046
odysseus,leg.L.pitch,26.917,-21,-90.1,-91.7,54.4,0.0251,0.08
odysseus,leg.L.pitch,27,-27.9,-83,-91.7,54.4,0.0324,0.096
odysseus,leg.L.pitch,27.083,-32.2,-51.2,-91.7,54.4,0.0377,0.07
odysseus,leg.L.pitch,27.167,-34.3,-25.3,-91.7,54.4,0.0396,0.038
odysseus,leg.L.pitch,27.25,-35.4,-13,-91.7,54.4,0.0402,0.022
odysseus,leg.L.pitch,27.333,-35.4,0.4,-91.7,54.4,0.0402,0.004
odysseus,leg.L.pitch,27.417,-34.2,14.5,-91.7,54.4,0.039,0.023
odysseus,leg.L.pitch,27.5,-31.8,28.8,-91.7,54.4,0.0366,0.04
odysseus,leg.L.pitch,27.583,-28.2,42.7,-91.7,54.4,0.0329,0.051
odysseus,leg.L.pitch,27.667,-23.6,55.6,-91.7,54.4,0.0279,0.056
odysseus,leg.L.pitch,27.75,-18,66.9,-91.7,54.4,0.0216,0.051
odysseus,leg.L.pitch,27.833,-11.7,76,-91.7,54.4,0.0142,0.038
odysseus,leg.L.pitch,27.917,-4.8,82.3,-91.7,54.4,0.006,0.017
odysseus,leg.L.pitch,28,2.3,85.3,-91.7,54.4,0.0029,0.009
odysseus,leg.L.pitch,28.083,9.4,85,-91.7,54.4,0.0112,0.034
odysseus,leg.L.pitch,28.167,16.1,81,-91.7,54.4,0.0192,0.055
odysseus,leg.L.pitch,28.25,22.3,73.4,-91.7,54.4,0.0263,0.069
odysseus,leg.L.pitch,28.333,27.5,62.5,-91.7,54.4,0.032,0.072
odysseus,leg.L.pitch,28.417,31.5,48.7,-91.7,54.4,0.0364,0.064
odysseus,leg.L.pitch,28.5,34.2,32.5,-91.7,54.4,0.0392,0.048
odysseus,leg.L.pitch,28.583,35.5,14.7,-91.7,54.4,0.0404,0.024
odysseus,leg.L.pitch,28.667,35.1,-4,-91.7,54.4,0.0402,0.009
odysseus,leg.L.pitch,28.75,33.2,-22.6,-91.7,54.4,0.0383,0.033
odysseus,leg.L.pitch,28.833,29.9,-40.2,-91.7,54.4,0.0348,0.051
odysseus,leg.L.pitch,28.917,25.2,-56.1,-91.7,54.4,0.0298,0.06
odysseus,leg.L.pitch,29,19.4,-69.4,-91.7,54.4,0.0233,0.058
odysseus,leg.L.pitch,29.083,12.8,-79.6,-91.7,54.4,0.0156,0.044
odysseus,leg.L.pitch,29.167,5.6,-86.2,-91.7,54.4,0.0069,0.021
odysseus,leg.L.pitch,29.25,-1.8,-88.9,-91.7,54.4,0.0022,0.007
odysseus,leg.L.pitch,29.333,-9.1,-87.6,-91.7,54.4,0.0109,0.034
odysseus,leg.L.pitch,29.417,-16,-82.5,-91.7,54.4,0.0191,0.056
odysseus,leg.L.pitch,29.5,-22.1,-73.9,-91.7,54.4,0.0262,0.069
odysseus,leg.L.pitch,29.583,-27.3,-62.3,-91.7,54.4,0.0319,0.071
odysseus,leg.L.pitch,29.667,-31.3,-48.3,-91.7,54.4,0.0362,0.064
odysseus,leg.L.pitch,29.75,-34.1,-32.6,-91.7,54.4,0.039,0.047
odysseus,leg.L.pitch,29.833,-35.4,-15.9,-91.7,54.4,0.0403,0.026
odysseus,leg.L.pitch,29.917,-35.3,0.9,-91.7,54.4,0.0403,0.005
odysseus,leg.L.pitch,30,-33.9,17.2,-91.7,54.4,0.0388,0.026
odysseus,leg.L.pitch,30.083,-31.2,32.2,-91.7,54.4,0.0361,0.043
odysseus,leg.L.pitch,30.167,-27.4,45.5,-91.7,54.4,0.0321,0.053
odysseus,leg.L.pitch,30.25,-22.7,56.5,-91.7,54.4,0.0269,0.054
odysseus,leg.L.pitch,30.333,-17.3,65.1,-91.7,54.4,0.0207,0.048
odysseus,leg.L.pitch,30.417,-11.4,70.9,-91.7,54.4,0.0137,0.034
odysseus,leg.L.pitch,30.5,-5.2,74.1,-91.7,54.4,0.0063,0.016
odysseus,leg.L.pitch,30.583,1,74.6,-91.7,54.4,0.0013,0.003
odysseus,leg.L.pitch,30.667,7.1,72.3,-91.7,54.4,0.0085,0.022
odysseus,leg.L.pitch,30.75,11.7,55.9,-91.7,54.4,0.0145,0.029
odysseus,leg.L.pitch,30.833,13.7,23.6,-91.7,54.4,0.0173,0.015
odysseus,leg.L.pitch,30.917,12.7,-12,-91.7,54.4,0.0163,0.007
odysseus,leg.L.pitch,31,9.3,-40,-91.7,54.4,0.0121,0.017
odysseus,leg.L.pitch,31.083,5,-52.5,-91.7,54.4,0.0064,0.012
odysseus,leg.L.pitch,31.167,1.3,-44.5,-91.7,54.4,0.0018,0.003
odysseus,leg.L.pitch,31.25,0,-15.1,-91.7,54.4,0.001,0.001
odysseus,leg.L.pitch,31.333,0,0,-91.7,54.4,0.0005,0
odysseus,leg.L.pitch,38.417,-0.5,-5.9,-91.7,54.4,0.0008,0
odysseus,leg.L.pitch,38.5,-1.5,-11.3,-91.7,54.4,0.0019,0.001
odysseus,leg.L.pitch,38.583,-2.4,-11.8,-91.7,54.4,0.0029,0.001
odysseus,leg.L.pitch,38.667,-3.1,-7.7,-91.7,54.4,0.0038,0.001
odysseus,leg.L.pitch,38.75,-3,0.8,-91.7,54.4,0.0039,0
odysseus,leg.L.pitch,38.833,-2,12.6,-91.7,54.4,0.0028,0.001
odysseus,leg.L.pitch,38.917,-1,11.1,-91.7,54.4,0.0013,0.001
odysseus,leg.L.pitch,39,-0.7,4.7,-91.7,54.4,0.001,0
odysseus,leg.L.pitch,39.083,-0.2,5.4,-91.7,54.4,0.0003,0
odysseus,leg.L.pitch,39.167,0.3,5.7,-91.7,54.4,0.0003,0
odysseus,leg.L.pitch,39.25,0.8,5.9,-91.7,54.4,0.0009,0
odysseus,leg.L.pitch,39.333,1.3,5.9,-91.7,54.4,0.0015,0
odysseus,leg.L.pitch,39.417,1.7,5.5,-91.7,54.4,0.0021,0
odysseus,leg.L.pitch,39.5,1.8,1.2,-91.7,54.4,0.0023,0
odysseus,leg.L.pitch,39.583,0.2,-19,-91.7,54.4,0.001,0.001
odysseus,leg.L.pitch,39.667,-3.9,-49.2,-91.7,54.4,0.0056,0.01
odysseus,leg.L.pitch,39.75,-10.3,-77.7,-91.7,54.4,0.0133,0.036
odysseus,leg.L.pitch,39.833,-18,-92.6,-91.7,54.4,0.0218,0.071
odysseus,leg.L.pitch,39.917,-25,-83.8,-91.7,54.4,0.0293,0.088
odysseus,leg.L.pitch,40,-29.1,-48.8,-91.7,54.4,0.0346,0.061
odysseus,leg.L.pitch,40.083,-31.7,-31.8,-91.7,54.4,0.0367,0.043
odysseus,leg.L.pitch,40.167,-33.5,-20.8,-91.7,54.4,0.0382,0.031
odysseus,leg.L.pitch,40.25,-34.2,-8.3,-91.7,54.4,0.039,0.014
odysseus,leg.L.pitch,40.333,-33.7,5.4,-91.7,54.4,0.0386,0.01
odysseus,leg.L.pitch,40.417,-32.1,19.6,-91.7,54.4,0.037,0.028
odysseus,leg.L.pitch,40.5,-29.3,33.9,-91.7,54.4,0.034,0.043
odysseus,leg.L.pitch,40.583,-25.3,47.7,-91.7,54.4,0.0298,0.051
odysseus,leg.L.pitch,40.667,-20.3,60.1,-91.7,54.4,0.0242,0.052
odysseus,leg.L.pitch,40.75,-14.4,70.5,-91.7,54.4,0.0174,0.043
odysseus,leg.L.pitch,40.833,-7.9,78.4,-91.7,54.4,0.0097,0.027
odysseus,leg.L.pitch,40.917,-0.9,83.1,-91.7,54.4,0.0013,0.004
odysseus,leg.L.pitch,41,6.1,84.5,-91.7,54.4,0.0074,0.022
odysseus,leg.L.pitch,41.083,12.9,82.1,-91.7,54.4,0.0155,0.045
odysseus,leg.L.pitch,41.167,19.3,76,-91.7,54.4,0.0229,0.062
odysseus,leg.L.pitch,41.25,24.8,66.3,-91.7,54.4,0.0291,0.069
odysseus,leg.L.pitch,41.333,29.3,53.4,-91.7,54.4,0.034,0.066
odysseus,leg.L.pitch,41.417,32.4,38.1,-91.7,54.4,0.0373,0.052
odysseus,leg.L.pitch,41.5,34.2,20.7,-91.7,54.4,0.0391,0.031
odysseus,leg.L.pitch,41.583,34.4,2.4,-91.7,54.4,0.0394,0.006
odysseus,leg.L.pitch,41.667,33,-16.1,-91.7,54.4,0.038,0.024
odysseus,leg.L.pitch,41.75,30.2,-34,-91.7,54.4,0.0351,0.044
odysseus,leg.L.pitch,41.833,26,-50.1,-91.7,54.4,0.0307,0.055
odysseus,leg.L.pitch,41.917,20.7,-63.9,-91.7,54.4,0.0247,0.056
odysseus,leg.L.pitch,42,14.5,-74.6,-91.7,54.4,0.0175,0.046
odysseus,leg.L.pitch,42.083,7.6,-81.9,-91.7,54.4,0.0094,0.027
odysseus,leg.L.pitch,42.167,0.6,-84.7,-91.7,54.4,0.0008,0.002
odysseus,leg.L.pitch,42.25,-6,-79.4,-91.7,54.4,0.0074,0.021
odysseus,leg.L.pitch,42.333,-13.2,-85.3,-91.7,54.4,0.0158,0.048
odysseus,leg.L.pitch,42.417,-20.1,-83.8,-91.7,54.4,0.0237,0.07
odysseus,leg.L.pitch,42.5,-26.3,-74.4,-91.7,54.4,0.0308,0.082
odysseus,leg.L.pitch,42.583,-31.1,-57.7,-91.7,54.4,0.0361,0.075
odysseus,leg.L.pitch,42.667,-34.1,-35.1,-91.7,54.4,0.0392,0.051
odysseus,leg.L.pitch,42.75,-35.2,-14,-91.7,54.4,0.0403,0.023
odysseus,leg.L.pitch,42.833,-35.4,-2.5,-91.7,54.4,0.0402,0.007
odysseus,leg.L.pitch,42.917,-34.4,12.6,-91.7,54.4,0.0393,0.02
odysseus,leg.L.pitch,43,-32.2,26.5,-91.7,54.4,0.0371,0.037
odysseus,leg.L.pitch,43.083,-29,38.8,-91.7,54.4,0.0337,0.048
odysseus,leg.L.pitch,43.167,-24.9,49.1,-91.7,54.4,0.0292,0.052
odysseus,leg.L.pitch,43.25,-20.1,57.2,-91.7,54.4,0.0239,0.049
odysseus,leg.L.pitch,43.333,-14.3,70.1,-91.7,54.4,0.0174,0.043
odysseus,leg.L.pitch,43.417,-7.6,79.5,-91.7,54.4,0.0094,0.026
odysseus,leg.L.pitch,43.5,-2.3,64.4,-91.7,54.4,0.0032,0.007
odysseus,leg.L.pitch,43.583,0.7,36,-91.7,54.4,0.0019,0.002
odysseus,leg.L.pitch,43.667,1.3,7.2,-91.7,54.4,0.0026,0.001
odysseus,leg.L.pitch,43.75,0.5,-9.9,-91.7,54.4,0.0012,0
odysseus,leg.L.pitch,43.833,0,-6.1,-91.7,54.4,0.0001,0
odysseus,leg.L.pitch,43.917,0,0,-91.7,54.4,0.0002,0
odysseus,leg.L.pitch,50.583,-8.6,-103.1,-91.7,54.4,0.0138,0.05
odysseus,leg.L.pitch,50.667,-11.5,-34.4,-91.7,54.4,0.016,0.02
odysseus,leg.L.pitch,50.75,-8.6,34.4,-91.7,54.4,0.0126,0.015
odysseus,leg.L.pitch,50.833,-5.7,34.4,-91.7,54.4,0.0069,0.008
odysseus,leg.L.pitch,50.917,-5.4,3.8,-91.7,54.4,0.0075,0.001
odysseus,leg.L.pitch,51,-5.8,-5,-91.7,54.4,0.0073,0.001
odysseus,leg.L.pitch,51.083,-8.4,-30.5,-91.7,54.4,0.0109,0.012
odysseus,leg.L.pitch,51.167,-13.5,-61.7,-91.7,54.4,0.0171,0.037
odysseus,leg.L.pitch,51.25,-20.8,-87.5,-91.7,54.4,0.0253,0.079
odysseus,leg.L.pitch,51.333,-28.3,-89.8,-91.7,54.4,0.0326,0.104
odysseus,leg.L.pitch,51.417,-33.2,-59.3,-91.7,54.4,0.0387,0.083
odysseus,leg.L.pitch,51.5,-34.1,-10.7,-91.7,54.4,0.0402,0.018
odysseus,leg.L.pitch,51.583,-32.9,15.2,-91.7,54.4,0.0381,0.023
odysseus,leg.L.pitch,51.667,-29.7,37.5,-91.7,54.4,0.0348,0.048
odysseus,leg.L.pitch,51.75,-24.8,58.7,-91.7,54.4,0.0296,0.062
odysseus,leg.L.pitch,51.833,-18.4,77.1,-91.7,54.4,0.0223,0.061
odysseus,leg.L.pitch,51.917,-10.8,91.8,-91.7,54.4,0.0133,0.043
odysseus,leg.L.pitch,52,-2.3,101.4,-91.7,54.4,0.0031,0.011
odysseus,leg.L.pitch,52.083,6.5,105.7,-91.7,54.4,0.0079,0.029
odysseus,leg.L.pitch,52.167,15.2,104.3,-91.7,54.4,0.018,0.066
odysseus,leg.L.pitch,52.25,23.6,101.1,-91.7,54.4,0.0276,0.099
odysseus,leg.L.pitch,52.333,31,89,-91.7,54.4,0.0358,0.114
odysseus,leg.L.pitch,52.417,36.9,71.3,-91.7,54.4,0.0419,0.108
odysseus,leg.L.pitch,52.5,41,48.9,-91.7,54.4,0.0458,0.082
odysseus,leg.L.pitch,52.583,43,23.3,-91.7,54.4,0.0477,0.043
odysseus,leg.L.pitch,52.667,42.6,-3.9,-91.7,54.4,0.0475,0.011
odysseus,leg.L.pitch,52.75,40.1,-30.8,-91.7,54.4,0.0451,0.053
odysseus,leg.L.pitch,52.833,35.4,-55.6,-91.7,54.4,0.0407,0.082
odysseus,leg.L.pitch,52.917,29.1,-76.4,-91.7,54.4,0.0341,0.093
odysseus,leg.L.pitch,53,21.4,-91.6,-91.7,54.4,0.0256,0.083
odysseus,leg.L.pitch,53.083,13.1,-100.1,-91.7,54.4,0.0159,0.056
odysseus,leg.L.pitch,53.167,4.7,-101,-91.7,54.4,0.0056,0.02
odysseus,leg.L.pitch,53.25,-3.2,-94.3,-91.7,54.4,0.004,0.013
odysseus,leg.L.pitch,53.333,-9.9,-80.6,-91.7,54.4,0.0123,0.035
odysseus,leg.L.pitch,53.417,-14.9,-60.4,-91.7,54.4,0.0184,0.039
odysseus,leg.L.pitch,53.5,-17.9,-35.5,-91.7,54.4,0.0219,0.028
odysseus,leg.L.pitch,53.583,-18.5,-7.7,-91.7,54.4,0.0228,0.007
odysseus,leg.L.pitch,53.667,-16.8,21.1,-91.7,54.4,0.0208,0.016
odysseus,leg.L.pitch,53.75,-12.7,48.7,-91.7,54.4,0.016,0.028
odysseus,leg.L.pitch,53.833,-6.6,73.2,-91.7,54.4,0.0087,0.022
odysseus,leg.L.pitch,53.917,1.2,93.1,-91.7,54.4,0.0021,0.007
odysseus,leg.L.pitch,54,10.1,106.9,-91.7,54.4,0.0125,0.047
odysseus,leg.L.pitch,54.083,19.6,113.8,-91.7,54.4,0.0232,0.093
odysseus,leg.L.pitch,54.167,29,113.6,-91.7,54.4,0.0333,0.134
odysseus,leg.L.pitch,54.25,37.9,106.6,-91.7,54.4,0.0424,0.162
odysseus,leg.L.pitch,54.333,45.7,93.5,-91.7,54.4,0.0496,0.167
odysseus,leg.L.pitch,54.417,52,75.1,-91.7,54.4,0.0547,0.149
odysseus,leg.L.pitch,54.5,54.4,29.6,-91.7,54.4,0.0574,0.066
odysseus,leg.L.pitch,54.583,54.4,0,-91.7,54.4,0.0569,0.006
odysseus,leg.L.pitch,54.833,54.3,-1.8,-91.7,54.4,0.0558,0.01
odysseus,leg.L.pitch,54.917,49.4,-58.1,-91.7,54.4,0.0541,0.116
odysseus,leg.L.pitch,55,43.5,-71.8,-91.7,54.4,0.0477,0.124
odysseus,leg.L.pitch,55.083,36.7,-81,-91.7,54.4,0.0414,0.12
odysseus,leg.L.pitch,55.167,29.6,-85.4,-91.7,54.4,0.0341,0.104
odysseus,leg.L.pitch,55.25,22.5,-84.7,-91.7,54.4,0.0263,0.079
odysseus,leg.L.pitch,55.333,17,-66.9,-91.7,54.4,0.0206,0.049
odysseus,leg.L.pitch,55.417,14.4,-30.8,-91.7,54.4,0.0183,0.02
odysseus,leg.L.pitch,55.5,15.2,9.7,-91.7,54.4,0.0194,0.007
odysseus,leg.L.pitch,55.583,18.7,41.8,-91.7,54.4,0.0231,0.035
odysseus,leg.L.pitch,55.667,23.4,56.6,-91.7,54.4,0.0278,0.056
odysseus,leg.L.pitch,55.75,27.5,49.4,-91.7,54.4,0.032,0.057
odysseus,leg.L.pitch,55.833,29.2,20.7,-91.7,54.4,0.0345,0.027
odysseus,leg.L.pitch,55.917,29.2,-0.1,-91.7,54.4,0.0342,0.002
odysseus,leg.L.pitch,56,29.1,-1.5,-91.7,54.4,0.0334,0.004
odysseus,leg.L.pitch,56.083,28.8,-3,-91.7,54.4,0.0332,0.006
odysseus,leg.L.pitch,56.167,28.6,-3.3,-91.7,54.4,0.0329,0.006
odysseus,leg.L.pitch,56.25,28.4,-2.5,-91.7,54.4,0.0327,0.005
odysseus,leg.L.pitch,56.333,28.3,-1.1,-91.7,54.4,0.0326,0.003
odysseus,leg.L.pitch,56.417,28.3,0.7,-91.7,54.4,0.0326,0.003
odysseus,leg.L.pitch,56.5,28.5,2.3,-91.7,54.4,0.0328,0.005
odysseus,leg.L.pitch,56.583,28.6,1.5,-91.7,54.4,0.033,0.004
odysseus,leg.L.pitch,56.667,28.6,0,-91.7,54.4,0.033,0.002
odysseus,leg.L.pitch,77.083,28.5,-1.2,-91.7,54.4,0.0329,0.004
odysseus,leg.L.pitch,77.167,27.2,-15.7,-91.7,54.4,0.0319,0.02
odysseus,leg.L.pitch,77.25,23.6,-44.2,-91.7,54.4,0.0284,0.045
odysseus,leg.L.pitch,77.333,17.3,-75.6,-91.7,54.4,0.0214,0.058
odysseus,leg.L.pitch,77.417,9.1,-98.3,-91.7,54.4,0.0116,0.04
odysseus,leg.L.pitch,77.5,0.5,-102.1,-91.7,54.4,0.0008,0.003
odysseus,leg.L.pitch,77.583,-6.2,-80.8,-91.7,54.4,0.0081,0.023
odysseus,leg.L.pitch,77.667,-9,-34.1,-91.7,54.4,0.0124,0.015
odysseus,leg.L.pitch,77.75,-9,0.8,-91.7,54.4,0.0119,0.001
odysseus,leg.L.pitch,77.833,-7.2,21.5,-91.7,54.4,0.0093,0.007
odysseus,leg.L.pitch,77.917,-3.7,41.9,-91.7,54.4,0.0051,0.008
odysseus,leg.L.pitch,78,1.4,60.6,-91.7,54.4,0.0023,0.005
odysseus,leg.L.pitch,78.083,7.7,76.3,-91.7,54.4,0.0098,0.026
odysseus,leg.L.pitch,78.167,15,87.6,-91.7,54.4,0.0182,0.056
odysseus,leg.L.pitch,78.25,22.8,93.5,-91.7,54.4,0.0268,0.089
odysseus,leg.L.pitch,78.333,30.6,93.2,-91.7,54.4,0.035,0.116
odysseus,leg.L.pitch,78.417,37.8,86.3,-91.7,54.4,0.0423,0.131
odysseus,leg.L.pitch,78.5,43.9,72.9,-91.7,54.4,0.048,0.127
odysseus,leg.L.pitch,78.583,48.3,53.4,-91.7,54.4,0.052,0.102
odysseus,leg.L.pitch,78.667,50.7,29.1,-91.7,54.4,0.054,0.061
odysseus,leg.L.pitch,78.75,50.8,1.2,-91.7,54.4,0.0542,0.008
odysseus,leg.L.pitch,78.833,48.5,-28.1,-91.7,54.4,0.0524,0.057
odysseus,leg.L.pitch,78.917,43.7,-57.1,-91.7,54.4,0.0485,0.101
odysseus,leg.L.pitch,79,36.8,-83.4,-91.7,54.4,0.042,0.126
odysseus,leg.L.pitch,79.083,28,-105,-91.7,54.4,0.033,0.123
odysseus,leg.L.pitch,79.167,18,-120.4,-91.7,54.4,0.0218,0.092
odysseus,leg.L.pitch,79.25,7.3,-128.2,-91.7,54.4,0.009,0.041
odysseus,leg.L.pitch,79.333,-3.3,-127.7,-91.7,54.4,0.004,0.018
odysseus,leg.L.pitch,79.417,-13.2,-118.8,-91.7,54.4,0.016,0.067
odysseus,leg.L.pitch,79.5,-21.7,-102.2,-91.7,54.4,0.026,0.094
odysseus,leg.L.pitch,79.583,-28.3,-79.1,-91.7,54.4,0.0334,0.094
odysseus,leg.L.pitch,79.667,-32.6,-51.2,-91.7,54.4,0.0379,0.071
odysseus,leg.L.pitch,79.75,-34.3,-20.7,-91.7,54.4,0.0398,0.032
odysseus,leg.L.pitch,79.833,-33.5,10.1,-91.7,54.4,0.0389,0.017
odysseus,leg.L.pitch,79.917,-30.2,39,-91.7,54.4,0.0355,0.051
odysseus,leg.L.pitch,80,-24.9,63.8,-91.7,54.4,0.0298,0.068
odysseus,leg.L.pitch,80.083,-18,82.8,-91.7,54.4,0.0219,0.064
odysseus,leg.L.pitch,80.167,-10.1,94.7,-91.7,54.4,0.0125,0.041
odysseus,leg.L.pitch,80.25,-1.9,98.7,-91.7,54.4,0.0024,0.008
odysseus,leg.L.pitch,80.333,6,94.9,-91.7,54.4,0.0073,0.024
odysseus,leg.L.pitch,80.417,13,83.9,-91.7,54.4,0.0158,0.047
odysseus,leg.L.pitch,80.5,18.6,66.5,-91.7,54.4,0.0225,0.053
odysseus,leg.L.pitch,80.583,22.3,44.4,-91.7,54.4,0.0268,0.043
odysseus,leg.L.pitch,80.667,23.9,19.3,-91.7,54.4,0.0286,0.021
odysseus,leg.L.pitch,80.75,23.3,-7,-91.7,54.4,0.028,0.008
odysseus,leg.L.pitch,80.833,20.6,-32.7,-91.7,54.4,0.025,0.03
odysseus,leg.L.pitch,80.917,15.9,-56.1,-91.7,54.4,0.0196,0.039
odysseus,leg.L.pitch,81,9.6,-75.8,-91.7,54.4,0.0121,0.032
odysseus,leg.L.pitch,81.083,2,-90.8,-91.7,54.4,0.0029,0.009
odysseus,leg.L.pitch,81.167,-6.4,-100.4,-91.7,54.4,0.0079,0.028
odysseus,leg.L.pitch,81.25,-15.1,-104.6,-91.7,54.4,0.018,0.066
odysseus,leg.L.pitch,81.333,-23.7,-103.3,-91.7,54.4,0.0276,0.101
odysseus,leg.L.pitch,81.417,-31.8,-96.9,-91.7,54.4,0.0364,0.126
odysseus,leg.L.pitch,81.5,-37.7,-71.6,-91.7,54.4,0.0429,0.111
odysseus,leg.L.pitch,81.583,-39.9,-26.3,-91.7,54.4,0.0456,0.046
odysseus,leg.L.pitch,81.667,-38.3,19.8,-91.7,54.4,0.0441,0.034
odysseus,leg.L.pitch,81.75,-33.8,53.9,-91.7,54.4,0.0394,0.077
odysseus,leg.L.pitch,81.833,-28.1,68.3,-91.7,54.4,0.0328,0.08
odysseus,leg.L.pitch,81.917,-23.1,60.4,-91.7,54.4,0.0272,0.059
odysseus,leg.L.pitch,82,-20.3,33.3,-91.7,54.4,0.0247,0.03
odysseus,leg.L.pitch,82.083,-20.1,2.7,-91.7,54.4,0.0246,0.004
odysseus,leg.L.pitch,82.167,-20.1,0,-91.7,54.4,0.0236,0.001
odysseus,leg.L.pitch,89.25,-20.1,0,-91.7,54.4,0.0235,0.001
polyphemus,root.h,0,8.6,0,-Infinity,Infinity,0,0
polyphemus,root.h,50.5,8.7,1.4,-Infinity,Infinity,0,0
polyphemus,root.h,50.583,9,4,-Infinity,Infinity,0,0
polyphemus,root.h,50.667,9.6,6.2,-Infinity,Infinity,0,0
polyphemus,root.h,50.75,10.2,8.1,-Infinity,Infinity,0,0
polyphemus,root.h,50.833,11,9.6,-Infinity,Infinity,0,0
polyphemus,root.h,50.917,11.9,10.8,-Infinity,Infinity,0,0
polyphemus,root.h,51,12.9,11.6,-Infinity,Infinity,0,0
polyphemus,root.h,51.083,13.9,12.1,-Infinity,Infinity,0,0
polyphemus,root.h,51.167,14.9,12.3,-Infinity,Infinity,0,0
polyphemus,root.h,51.25,15.9,12.1,-Infinity,Infinity,0,0
polyphemus,root.h,51.333,16.9,11.5,-Infinity,Infinity,0,0
polyphemus,root.h,51.417,17.8,10.6,-Infinity,Infinity,0,0
polyphemus,root.h,51.5,18.6,9.3,-Infinity,Infinity,0,0
polyphemus,root.h,51.583,19.2,7.7,-Infinity,Infinity,0,0
polyphemus,root.h,51.667,19.7,5.8,-Infinity,Infinity,0,0
polyphemus,root.h,51.75,20,3.5,-Infinity,Infinity,0,0
polyphemus,root.h,51.833,20.1,0.9,-Infinity,Infinity,0,0
polyphemus,root.h,51.917,20.1,0,-Infinity,Infinity,0,0
polyphemus,root.h,89.25,20.1,0,-Infinity,Infinity,0,0
polyphemus,root.pitch,0,0,0,-Infinity,Infinity,0,0
polyphemus,root.pitch,0.083,-8.7,-103.8,-Infinity,Infinity,0,0
polyphemus,root.pitch,0.167,-17.3,-103.8,-Infinity,Infinity,0,0
polyphemus,root.pitch,0.25,-26,-103.8,-Infinity,Infinity,0,0
polyphemus,root.pitch,0.333,-34.6,-103.8,-Infinity,Infinity,0,0
polyphemus,root.pitch,0.417,-43.3,-103.8,-Infinity,Infinity,0,0
polyphemus,root.pitch,0.5,-51.9,-103.8,-Infinity,Infinity,0,0
polyphemus,root.pitch,0.583,-60.6,-103.8,-Infinity,Infinity,0,0
polyphemus,root.pitch,0.667,-69.2,-103.8,-Infinity,Infinity,0,0
polyphemus,root.pitch,0.75,-77.9,-103.8,-Infinity,Infinity,0,0
polyphemus,root.pitch,0.833,-83.1,-62.3,-Infinity,Infinity,0,0
polyphemus,root.pitch,0.917,-83.1,0,-Infinity,Infinity,0,0
polyphemus,root.pitch,51.083,-76.2,83.1,-Infinity,Infinity,0,0
polyphemus,root.pitch,51.167,-67.5,103.8,-Infinity,Infinity,0,0
polyphemus,root.pitch,51.25,-58.8,103.8,-Infinity,Infinity,0,0
polyphemus,root.pitch,51.333,-50.2,103.8,-Infinity,Infinity,0,0
polyphemus,root.pitch,51.417,-41.5,103.8,-Infinity,Infinity,0,0
polyphemus,root.pitch,51.5,-32.9,103.8,-Infinity,Infinity,0,0
polyphemus,root.pitch,51.583,-24.2,103.8,-Infinity,Infinity,0,0
polyphemus,root.pitch,51.667,-15.6,103.8,-Infinity,Infinity,0,0
polyphemus,root.pitch,51.75,-6.9,103.8,-Infinity,Infinity,0,0
polyphemus,root.pitch,51.833,0,83.1,-Infinity,Infinity,0,0
polyphemus,root.pitch,51.917,0,0,-Infinity,Infinity,0,0
polyphemus,root.pitch,89.25,0,0,-Infinity,Infinity,0,0
polyphemus,root.roll,0,0,0,-Infinity,Infinity,0,0
polyphemus,root.roll,89.25,0,0,-Infinity,Infinity,0,0
polyphemus,body.yaw,0,0,0,-45.8,45.8,0,0
polyphemus,body.yaw,77.5,0.1,0.8,-45.8,45.8,0.0309,0.003
polyphemus,body.yaw,77.583,0.2,1.7,-45.8,45.8,0.0722,0.015
polyphemus,body.yaw,77.667,0.5,3.2,-45.8,45.8,0.1403,0.055
polyphemus,body.yaw,77.75,1,5.5,-45.8,45.8,0.2541,0.178
polyphemus,body.yaw,77.833,1.7,8.4,-45.8,45.8,0.4147,0.466
polyphemus,body.yaw,77.917,2.4,8.6,-45.8,45.8,0.4931,0.634
polyphemus,body.yaw,78,3,7.1,-45.8,45.8,0.6477,1
polyphemus,body.yaw,78.083,3.5,6.5,-45.8,45.8,0.7376,1.254
polyphemus,body.yaw,78.167,3.9,4.6,-45.8,45.8,0.8464,1.569
polyphemus,body.yaw,78.25,4,1.3,-45.8,45.8,0.9045,1.678
polyphemus,body.yaw,78.333,3.7,-3.3,-45.8,45.8,0.8823,1.659
polyphemus,body.yaw,78.417,3,-8.9,-45.8,45.8,0.7535,1.37
polyphemus,body.yaw,78.5,1.8,-14.6,-45.8,45.8,0.5053,0.768
polyphemus,body.yaw,78.583,0.2,-18.9,-45.8,45.8,0.1487,0.142
polyphemus,body.yaw,78.667,-1.5,-20.4,-45.8,45.8,0.3481,0.491
polyphemus,body.yaw,78.75,-3,-17.8,-45.8,45.8,0.6803,1.349
polyphemus,body.yaw,78.833,-3.9,-10.7,-45.8,45.8,0.9774,2.276
polyphemus,body.yaw,78.917,-3.9,0.1,-45.8,45.8,1.068,2.284
polyphemus,body.yaw,79,-2.9,12.1,-45.8,45.8,0.8931,1.973
polyphemus,body.yaw,79.083,-1,22,-45.8,45.8,0.4622,0.782
polyphemus,body.yaw,79.167,1.2,26.3,-45.8,45.8,0.3428,0.549
polyphemus,body.yaw,79.25,3,22.6,-45.8,45.8,0.7149,1.586
polyphemus,body.yaw,79.333,4,11.3,-45.8,45.8,1.1004,2.856
polyphemus,body.yaw,79.417,3.6,-4.5,-45.8,45.8,1.1366,2.764
polyphemus,body.yaw,79.5,2,-19.6,-45.8,45.8,0.7818,1.758
polyphemus,body.yaw,79.583,-0.4,-28.3,-45.8,45.8,0.2989,0.474
polyphemus,body.yaw,79.667,-2.6,-26.8,-45.8,45.8,0.5768,1.206
polyphemus,body.yaw,79.75,-3.9,-15.3,-45.8,45.8,1.092,2.966
polyphemus,body.yaw,79.833,-3.7,2.4,-45.8,45.8,1.2038,2.998
polyphemus,body.yaw,79.917,-2.1,19.4,-45.8,45.8,0.8564,2.046
polyphemus,body.yaw,80,0.3,29,-45.8,45.8,0.3112,0.509
polyphemus,body.yaw,80.083,2.6,27.5,-45.8,45.8,0.5776,1.222
polyphemus,body.yaw,80.167,3.9,15.4,-45.8,45.8,1.1069,3.045
polyphemus,body.yaw,80.25,3.7,-2.5,-45.8,45.8,1.2089,3.029
polyphemus,body.yaw,80.333,2.1,-19.2,-45.8,45.8,0.85,2.014
polyphemus,body.yaw,80.417,-0.3,-28.3,-45.8,45.8,0.2842,0.443
polyphemus,body.yaw,80.5,-2.5,-26.9,-45.8,45.8,0.5505,1.123
polyphemus,body.yaw,80.583,-3.8,-16,-45.8,45.8,1.0627,2.851
polyphemus,body.yaw,80.667,-3.8,0,-45.8,45.8,1.1894,2.83
polyphemus,body.yaw,80.75,-2.6,15.2,-45.8,45.8,0.9097,2.138
polyphemus,body.yaw,80.833,-0.5,24.7,-45.8,45.8,0.3436,0.532
polyphemus,body.yaw,80.917,1.7,26,-45.8,45.8,0.3722,0.615
polyphemus,body.yaw,81,3.3,19.7,-45.8,45.8,0.8343,1.965
polyphemus,body.yaw,81.083,4,8.5,-45.8,45.8,1.1013,2.751
polyphemus,body.yaw,81.167,3.7,-3.9,-45.8,45.8,1.0641,2.408
polyphemus,body.yaw,81.25,2.5,-14,-45.8,45.8,0.7697,1.561
polyphemus,body.yaw,81.333,0.9,-19.9,-45.8,45.8,0.3226,0.432
polyphemus,body.yaw,81.417,-0.9,-20.9,-45.8,45.8,0.2107,0.243
polyphemus,body.yaw,81.5,-2.4,-18,-45.8,45.8,0.5656,0.995
polyphemus,body.yaw,81.583,-3.4,-12.5,-45.8,45.8,0.8433,1.791
polyphemus,body.yaw,81.667,-3.9,-6.1,-45.8,45.8,0.9706,2.092
polyphemus,body.yaw,81.75,-4,-0.2,-45.8,45.8,0.9626,1.86
polyphemus,body.yaw,81.833,-3.6,4.4,-45.8,45.8,0.8541,1.591
polyphemus,body.yaw,81.917,-3,7.4,-45.8,45.8,0.6862,1.119
polyphemus,body.yaw,82,-2.3,8.7,-45.8,45.8,0.4964,0.644
polyphemus,body.yaw,82.083,-1.8,5.8,-45.8,45.8,0.4389,0.473
polyphemus,body.yaw,82.167,-1.4,4,-45.8,45.8,0.3409,0.28
polyphemus,body.yaw,82.25,-1.1,4,-45.8,45.8,0.228,0.136
polyphemus,body.yaw,82.333,-0.8,4,-45.8,45.8,0.1602,0.073
polyphemus,body.yaw,82.417,-0.4,4,-45.8,45.8,0.0923,0.03
polyphemus,body.yaw,82.5,-0.1,4,-45.8,45.8,0.0244,0.005
polyphemus,body.yaw,82.583,0,1.4,-45.8,45.8,0.0638,0.011
polyphemus,body.yaw,82.667,0,0,-45.8,45.8,0.0359,0.003
polyphemus,body.yaw,89.25,0,0,-45.8,45.8,0,0
polyphemus,body.pitch,0,0,0,-34.4,68.8,0,0
polyphemus,body.pitch,89.25,0,0,-34.4,68.8,0,0
polyphemus,body.roll,0,0,0,-22.9,22.9,0,0
polyphemus,body.roll,78,0.4,5.1,-22.9,22.9,0.2158,0.132
polyphemus,body.roll,78.083,1.6,14.1,-22.9,22.9,0.5558,0.892
polyphemus,body.roll,78.167,2.8,13.8,-22.9,22.9,0.5732,0.934
polyphemus,body.roll,78.25,3.7,10.8,-22.9,22.9,0.8272,1.679
polyphemus,body.roll,78.333,4,4.3,-22.9,22.9,0.9857,2.091
polyphemus,body.roll,78.417,3.6,-5.2,-22.9,22.9,0.973,2.068
polyphemus,body.roll,78.5,2.3,-15.8,-22.9,22.9,0.7324,1.476
polyphemus,body.roll,78.583,0.3,-24.2,-22.9,22.9,0.2637,0.362
polyphemus,body.roll,78.667,0,-3,-22.9,22.9,0.5311,0.621
polyphemus,body.roll,78.75,-0.5,-5.7,-22.9,22.9,0.1625,0.085
polyphemus,body.roll,78.833,-2.7,-27.1,-22.9,22.9,1.1003,3.463
polyphemus,body.roll,78.917,-4,-14.7,-22.9,22.9,1.1241,3.105
polyphemus,body.roll,79,-3.5,5.7,-22.9,22.9,1.2283,3.262
polyphemus,body.roll,79.083,-1.4,25.5,-22.9,22.9,0.7757,1.894
polyphemus,body.roll,79.167,0,16.3,-22.9,22.9,0.2326,0.24
polyphemus,body.roll,79.25,0.5,6.6,-22.9,22.9,0.356,0.335
polyphemus,body.roll,79.333,3.1,31.1,-22.9,22.9,1.2627,4.561
polyphemus,body.roll,79.417,4,10.2,-22.9,22.9,1.3459,4.1
polyphemus,body.roll,79.5,2.5,-17.9,-22.9,22.9,1.2176,3.725
polyphemus,body.roll,79.583,0,-30,-22.9,22.9,0.3043,0.504
polyphemus,body.roll,79.667,0,0,-22.9,22.9,0.7535,1.136
polyphemus,body.roll,79.75,-2.8,-33.4,-22.9,22.9,1.4128,5.641
polyphemus,body.roll,79.833,-4,-14.7,-22.9,22.9,1.2948,4.016
polyphemus,body.roll,79.917,-2.6,16.3,-22.9,22.9,1.3235,4.258
polyphemus,body.roll,80,0,31.8,-22.9,22.9,0.3876,0.73
polyphemus,body.roll,80.083,0,0,-22.9,22.9,0.7984,1.275
polyphemus,body.roll,80.167,2.8,33.7,-22.9,22.9,1.4218,5.714
polyphemus,body.roll,80.25,4,14.5,-22.9,22.9,1.3056,4.068
polyphemus,body.roll,80.333,2.7,-16.2,-22.9,22.9,1.3166,4.212
polyphemus,body.roll,80.417,0,-31.9,-22.9,22.9,0.3946,0.751
polyphemus,body.roll,80.5,0,0,-22.9,22.9,0.8019,1.286
polyphemus,body.roll,80.583,-2.5,-30.5,-22.9,22.9,1.2885,4.692
polyphemus,body.roll,80.667,-4,-17.4,-22.9,22.9,1.149,3.336
polyphemus,body.roll,80.75,-3.2,9.7,-22.9,22.9,1.3329,4.005
polyphemus,body.roll,80.833,-0.7,30,-22.9,22.9,0.65,1.527
polyphemus,body.roll,80.917,0,8.1,-22.9,22.9,0.5513,0.764
polyphemus,body.roll,81,1.1,13,-22.9,22.9,0.3446,0.394
polyphemus,body.roll,81.083,3.3,26.4,-22.9,22.9,1.0106,2.974
polyphemus,body.roll,81.167,4,8.7,-22.9,22.9,1.2667,3.594
polyphemus,body.roll,81.25,3.1,-10.7,-22.9,22.9,1.1276,2.965
polyphemus,body.roll,81.333,1.1,-24,-22.9,22.9,0.5623,1.103
polyphemus,body.roll,81.417,0,-13.4,-22.9,22.9,0.2663,0.266
polyphemus,body.roll,81.5,0,0,-22.9,22.9,0.3363,0.226
polyphemus,body.roll,81.583,-1.4,-17,-22.9,22.9,0.7191,1.461
polyphemus,body.roll,81.667,-3,-18.8,-22.9,22.9,0.6566,1.293
polyphemus,body.roll,81.75,-3.8,-10.3,-22.9,22.9,1.0016,2.366
polyphemus,body.roll,81.833,-4,-1.8,-22.9,22.9,1.0332,2.198
polyphemus,body.roll,81.917,-3.6,4.9,-22.9,22.9,0.9022,1.783
polyphemus,body.roll,82,-2.8,8.9,-22.9,22.9,0.6828,1.146
polyphemus,body.roll,82.083,-2.3,6.9,-22.9,22.9,0.5135,0.652
polyphemus,body.roll,82.167,-1.8,5,-22.9,22.9,0.424,0.434
polyphemus,body.roll,82.25,-1.4,5,-22.9,22.9,0.2902,0.22
polyphemus,body.roll,82.333,-1,5,-22.9,22.9,0.2038,0.119
polyphemus,body.roll,82.417,-0.6,5,-22.9,22.9,0.1175,0.048
polyphemus,body.roll,82.5,-0.2,5,-22.9,22.9,0.0311,0.007
polyphemus,body.roll,82.583,0,1.8,-22.9,22.9,0.0811,0.018
polyphemus,body.roll,82.667,0,0,-22.9,22.9,0.0456,0.004
polyphemus,body.roll,89.25,0,0,-22.9,22.9,0,0
polyphemus,torso.lean,0,0,0,-20.1,51.6,0,0
polyphemus,torso.lean,50.5,-1.8,-21.5,-20.1,51.6,0.9078,2.329
polyphemus,torso.lean,50.583,-3.6,-21.5,-20.1,51.6,0.7353,1.633
polyphemus,torso.lean,50.667,-5.4,-21.5,-20.1,51.6,1.102,3.255
polyphemus,torso.lean,50.75,-7.2,-21.5,-20.1,51.6,1.4677,5.409
polyphemus,torso.lean,50.833,-9,-21.5,-20.1,51.6,1.8319,8.086
polyphemus,torso.lean,50.917,-10.7,-21.5,-20.1,51.6,2.1943,11.276
polyphemus,torso.lean,51,-12.5,-21.5,-20.1,51.6,2.5546,14.968
polyphemus,torso.lean,51.083,-14.3,-21.5,-20.1,51.6,2.9124,19.149
polyphemus,torso.lean,51.167,-16.1,-21.5,-20.1,51.6,3.2674,23.802
polyphemus,torso.lean,51.25,-17.2,-12.9,-20.1,51.6,3.6949,28.967
polyphemus,torso.lean,51.333,-17.2,0,-20.1,51.6,3.8029,28.924
polyphemus,torso.lean,56.583,-16.3,11.2,-20.1,51.6,3.5765,26.977
polyphemus,torso.lean,56.667,-14.5,21.5,-20.1,51.6,3.2001,22.882
polyphemus,torso.lean,56.75,-12.7,21.5,-20.1,51.6,2.5834,15.285
polyphemus,torso.lean,56.833,-10.9,21.5,-20.1,51.6,2.2232,11.553
polyphemus,torso.lean,56.917,-9.1,21.5,-20.1,51.6,1.861,8.322
polyphemus,torso.lean,57,-7.3,21.5,-20.1,51.6,1.4969,5.604
polyphemus,torso.lean,57.083,-5.5,21.5,-20.1,51.6,1.1313,3.408
polyphemus,torso.lean,57.167,-3.7,21.5,-20.1,51.6,0.7646,1.743
polyphemus,torso.lean,57.25,-1.9,21.5,-20.1,51.6,0.3972,0.614
polyphemus,torso.lean,57.333,-0.1,21.5,-20.1,51.6,0.0294,0.024
polyphemus,torso.lean,57.417,0,1.7,-20.1,51.6,0.4968,0.523
polyphemus,torso.lean,57.5,0,0,-20.1,51.6,0.0432,0.004
polyphemus,torso.lean,77.167,0.4,4.3,-20.1,51.6,0.1773,0.089
polyphemus,torso.lean,77.25,1.3,11,-20.1,51.6,0.4409,0.559
polyphemus,torso.lean,77.333,2.9,19.2,-20.1,51.6,0.8044,1.833
polyphemus,torso.lean,77.417,5.2,27.6,-20.1,51.6,1.2827,4.527
polyphemus,torso.lean,77.5,8.2,35.6,-20.1,51.6,1.8753,9.361
polyphemus,torso.lean,77.583,10.6,29,-20.1,51.6,2.3303,13.22
polyphemus,torso.lean,77.667,12.4,21.4,-20.1,51.6,2.7158,16.781
polyphemus,torso.lean,77.75,14,19.7,-20.1,51.6,2.8961,18.768
polyphemus,torso.lean,77.833,15.5,17.9,-20.1,51.6,3.1961,22.422
polyphemus,torso.lean,77.917,16.2,8.5,-20.1,51.6,3.5244,25.888
polyphemus,torso.lean,78,16.3,0.9,-20.1,51.6,3.4942,24.534
polyphemus,torso.lean,78.083,16.2,-0.9,-20.1,51.6,3.3357,22.355
polyphemus,torso.lean,78.167,16,-2.4,-20.1,51.6,3.2889,21.904
polyphemus,torso.lean,78.25,15.7,-3.5,-20.1,51.6,3.2231,21.175
polyphemus,torso.lean,78.333,15.4,-4.5,-20.1,51.6,3.1429,20.244
polyphemus,torso.lean,78.417,14.9,-5.1,-20.1,51.6,3.0522,19.179
polyphemus,torso.lean,78.5,14.5,-5.6,-20.1,51.6,2.9544,18.035
polyphemus,torso.lean,78.583,14,-5.9,-20.1,51.6,2.8519,16.858
polyphemus,torso.lean,78.667,13.5,-6.1,-20.1,51.6,2.7469,15.678
polyphemus,torso.lean,78.75,12.9,-6.2,-20.1,51.6,2.6406,14.52
polyphemus,torso.lean,78.833,12.4,-6.3,-20.1,51.6,2.5343,13.399
polyphemus,torso.lean,78.917,11.9,-6.2,-20.1,51.6,2.4294,12.334
polyphemus,torso.lean,79,11.4,-6.2,-20.1,51.6,2.3263,11.326
polyphemus,torso.lean,79.083,10.9,-6.1,-20.1,51.6,2.2237,10.366
polyphemus,torso.lean,79.167,10.4,-6.1,-20.1,51.6,2.122,9.455
polyphemus,torso.lean,79.25,9.9,-6,-20.1,51.6,2.0212,8.593
polyphemus,torso.lean,79.333,9.4,-5.9,-20.1,51.6,1.9214,7.78
polyphemus,torso.lean,79.417,8.9,-5.8,-20.1,51.6,1.8224,7.014
polyphemus,torso.lean,79.5,8.4,-5.8,-20.1,51.6,1.7242,6.294
polyphemus,torso.lean,79.583,7.9,-5.7,-20.1,51.6,1.6267,5.618
polyphemus,torso.lean,79.667,7.5,-5.7,-20.1,51.6,1.5298,4.985
polyphemus,torso.lean,79.75,7,-5.7,-20.1,51.6,1.4332,4.392
polyphemus,torso.lean,79.833,6.5,-5.6,-20.1,51.6,1.337,3.839
polyphemus,torso.lean,79.917,6,-5.6,-20.1,51.6,1.2411,3.324
polyphemus,torso.lean,80,5.6,-5.6,-20.1,51.6,1.1453,2.848
polyphemus,torso.lean,80.083,5.1,-5.6,-20.1,51.6,1.0496,2.409
polyphemus,torso.lean,80.167,4.6,-5.6,-20.1,51.6,0.9539,2.006
polyphemus,torso.lean,80.25,4.2,-5.6,-20.1,51.6,0.8582,1.641
polyphemus,torso.lean,80.333,3.7,-5.6,-20.1,51.6,0.7625,1.312
polyphemus,torso.lean,80.417,3.2,-5.6,-20.1,51.6,0.6668,1.02
polyphemus,torso.lean,80.5,2.8,-5.6,-20.1,51.6,0.571,0.764
polyphemus,torso.lean,80.583,2.3,-5.6,-20.1,51.6,0.4751,0.544
polyphemus,torso.lean,80.667,1.8,-5.6,-20.1,51.6,0.3792,0.362
polyphemus,torso.lean,80.75,1.4,-5.6,-20.1,51.6,0.2832,0.216
polyphemus,torso.lean,80.833,0.9,-5.6,-20.1,51.6,0.1872,0.107
polyphemus,torso.lean,80.917,0.4,-5.6,-20.1,51.6,0.0911,0.034
polyphemus,torso.lean,81,0,-5.6,-20.1,51.6,0.0051,0.001
polyphemus,torso.lean,81.083,-0.5,-5.6,-20.1,51.6,0.1013,0.04
polyphemus,torso.lean,81.167,-1,-5.6,-20.1,51.6,0.1974,0.117
polyphemus,torso.lean,81.25,-1.4,-5.6,-20.1,51.6,0.2936,0.23
polyphemus,torso.lean,81.333,-1.9,-5.6,-20.1,51.6,0.3897,0.38
polyphemus,torso.lean,81.417,-2.4,-5.6,-20.1,51.6,0.4858,0.567
polyphemus,torso.lean,81.5,-2.8,-5.6,-20.1,51.6,0.5819,0.791
polyphemus,torso.lean,81.583,-3.3,-5.6,-20.1,51.6,0.678,1.052
polyphemus,torso.lean,81.667,-3.8,-5.6,-20.1,51.6,0.774,1.35
polyphemus,torso.lean,81.75,-4.2,-5.6,-20.1,51.6,0.87,1.684
polyphemus,torso.lean,81.833,-4.7,-5.6,-20.1,51.6,0.9659,2.055
polyphemus,torso.lean,81.917,-5.2,-5.6,-20.1,51.6,1.0617,2.463
polyphemus,torso.lean,82,-5.6,-5.6,-20.1,51.6,1.1578,2.907
polyphemus,torso.lean,82.083,-3.8,21.5,-20.1,51.6,1.4709,5.431
polyphemus,torso.lean,82.167,-1,33.9,-20.1,51.6,0.5218,1.162
polyphemus,torso.lean,82.25,1.6,31.5,-20.1,51.6,0.3891,0.73
polyphemus,torso.lean,82.333,4,29.1,-20.1,51.6,0.8865,2.472
polyphemus,torso.lean,82.417,6.2,26.7,-20.1,51.6,1.3416,4.85
polyphemus,torso.lean,82.5,8.3,24.3,-20.1,51.6,1.7541,7.641
polyphemus,torso.lean,82.583,9.9,19.6,-20.1,51.6,2.1429,10.651
polyphemus,torso.lean,82.667,10.9,11.8,-20.1,51.6,2.4208,12.716
polyphemus,torso.lean,82.75,9.8,-13.1,-20.1,51.6,2.6287,15.026
polyphemus,torso.lean,82.833,6.6,-38.1,-20.1,51.6,1.9843,10.513
polyphemus,torso.lean,82.917,2.2,-53.2,-20.1,51.6,0.8284,2.91
polyphemus,torso.lean,83,2.6,4.4,-20.1,51.6,1.9716,8.077
polyphemus,torso.lean,83.083,4,17.6,-20.1,51.6,1.1579,3.393
polyphemus,torso.lean,83.167,-7.9,-143.4,-20.1,51.6,5.6719,92.74
polyphemus,torso.lean,83.25,-12.3,-52.7,-20.1,51.6,4.7932,54.76
polyphemus,torso.lean,83.333,-15.9,-43,-20.1,51.6,3.4683,29.26
polyphemus,torso.lean,83.417,-19.5,-43,-20.1,51.6,3.9258,36.713
polyphemus,torso.lean,83.5,-20.1,-6.9,-20.1,51.6,4.9438,50.069
polyphemus,torso.lean,83.583,-20.1,0,-20.1,51.6,4.2094,35.438
polyphemus,torso.lean,83.667,-13.5,78.6,-20.1,51.6,4.7245,57.611
polyphemus,torso.lean,83.75,-19.5,-71.9,-20.1,51.6,7.7107,138.258
polyphemus,torso.lean,83.833,-20.1,-6.8,-20.1,51.6,5.6735,65.715
polyphemus,torso.lean,83.917,-20.1,0,-20.1,51.6,4.2063,35.385
polyphemus,torso.lean,84.333,-14.1,72,-20.1,51.6,4.6684,55.328
polyphemus,torso.lean,84.417,-20.1,-72,-20.1,51.6,7.6575,136.531
polyphemus,torso.lean,84.5,-20.1,0,-20.1,51.6,5.8471,68.376
polyphemus,torso.lean,84.75,-18.5,18.9,-20.1,51.6,4.2066,38.173
polyphemus,torso.lean,84.833,-11.5,84.3,-20.1,51.6,3.9789,43.368
polyphemus,torso.lean,84.917,2.9,172,-20.1,51.6,2.7984,32.467
polyphemus,torso.lean,85,-1.1,-47.5,-20.1,51.6,5.7383,75.371
polyphemus,torso.lean,85.083,-4.6,-42.4,-20.1,51.6,1.0739,3.896
polyphemus,torso.lean,85.167,-2,30.9,-20.1,51.6,2.2595,12.651
polyphemus,torso.lean,85.25,-0.3,20.7,-20.1,51.6,0.3176,0.432
polyphemus,torso.lean,85.333,1.1,16.4,-20.1,51.6,0.3289,0.405
polyphemus,torso.lean,85.417,6.9,70.1,-20.1,51.6,2.7674,22.092
polyphemus,torso.lean,85.5,14.9,95.5,-20.1,51.6,3.6569,38.932
polyphemus,torso.lean,85.583,11.6,-39.6,-20.1,51.6,5.7545,74.175
polyphemus,torso.lean,85.667,5.1,-77.5,-20.1,51.6,2.0025,13.435
polyphemus,torso.lean,85.75,3.4,-20.7,-20.1,51.6,2.1249,10.563
polyphemus,torso.lean,85.833,2.9,-5.4,-20.1,51.6,0.9866,2.134
polyphemus,torso.lean,85.917,2.2,-8.8,-20.1,51.6,0.5385,0.746
polyphemus,torso.lean,86,2.2,-0.1,-20.1,51.6,0.6701,0.901
polyphemus,torso.lean,86.083,9.9,92.8,-20.1,51.6,4.3652,52.251
polyphemus,torso.lean,86.167,9.3,-7.4,-20.1,51.6,4.4234,40.276
polyphemus,torso.lean,86.25,1,-99.9,-20.1,51.6,2.5271,21.582
polyphemus,torso.lean,86.333,-5.7,-80.3,-20.1,51.6,1.6612,10.178
polyphemus,torso.lean,86.417,-8.9,-38,-20.1,51.6,2.8802,20.407
polyphemus,torso.lean,86.5,-11.9,-36.3,-20.1,51.6,2.4681,15.31
polyphemus,torso.lean,86.583,-15.6,-44.9,-20.1,51.6,3.3878,28.26
polyphemus,torso.lean,86.667,-14.7,11.8,-20.1,51.6,4.4014,40.555
polyphemus,torso.lean,86.75,-6.8,94.2,-20.1,51.6,3.4655,35.417
polyphemus,torso.lean,86.833,-12.3,-65.6,-20.1,51.6,6.5166,99.847
polyphemus,torso.lean,86.917,-20.1,-93.5,-20.1,51.6,4.7377,60.349
polyphemus,torso.lean,87,-20.1,0,-20.1,51.6,6.3858,81.556
polyphemus,torso.lean,87.417,-12.8,87.3,-20.1,51.6,4.7976,60.649
polyphemus,torso.lean,87.5,-18.6,-70.1,-20.1,51.6,7.7156,137.949
polyphemus,torso.lean,87.583,-20.1,-17.1,-20.1,51.6,5.3684,60.851
polyphemus,torso.lean,87.667,-20.1,0,-20.1,51.6,4.4674,39.915
polyphemus,torso.lean,87.833,-16.9,37.3,-20.1,51.6,4.3681,43.84
polyphemus,torso.lean,87.917,-11.5,65.6,-20.1,51.6,3.056,25.677
polyphemus,torso.lean,88,1,149.6,-20.1,51.6,2.3137,22.789
polyphemus,torso.lean,88.083,1.3,3.7,-20.1,51.6,3.933,31.445
polyphemus,torso.lean,88.167,-3.2,-53.8,-20.1,51.6,2.1014,12.78
polyphemus,torso.lean,88.25,-3,2.1,-20.1,51.6,2.0255,8.356
polyphemus,torso.lean,88.333,-1.3,21,-20.1,51.6,0.7347,1.619
polyphemus,torso.lean,88.417,0.1,16.8,-20.1,51.6,0.1342,0.115
polyphemus,torso.lean,88.5,2,22.7,-20.1,51.6,0.5668,1.093
polyphemus,torso.lean,88.583,11.2,110.2,-20.1,51.6,4.4875,57.537
polyphemus,torso.lean,88.667,12,9.5,-20.1,51.6,4.98,51.246
polyphemus,torso.lean,88.75,6.3,-69,-20.1,51.6,3.2549,29.032
polyphemus,torso.lean,88.833,0,-75.5,-20.1,51.6,0.1719,0.512
polyphemus,torso.lean,88.917,-1.7,-20.1,-20.1,51.6,1.7458,7.321
polyphemus,torso.lean,89,-3.7,-24.3,-20.1,51.6,0.8722,2.26
polyphemus,torso.lean,89.083,-6.3,-30.5,-20.1,51.6,1.4431,5.7
polyphemus,torso.lean,89.167,-7.6,-15.3,-20.1,51.6,1.9285,8.467
polyphemus,torso.lean,89.25,-3.9,43.7,-20.1,51.6,2.2845,13.919
polyphemus,torso.twist,0,0,0,-45.8,45.8,0,0
polyphemus,torso.twist,82.667,1.8,21.6,-45.8,45.8,0.9107,2.344
polyphemus,torso.twist,82.75,5.8,47.5,-45.8,45.8,1.8315,9.744
polyphemus,torso.twist,82.833,9.5,44.5,-45.8,45.8,2.0099,11.202
polyphemus,torso.twist,82.917,10.9,17.2,-45.8,45.8,2.9112,18.697
polyphemus,torso.twist,83,13.9,36.5,-45.8,45.8,3.3222,26.312
polyphemus,torso.twist,83.083,26,144.4,-45.8,45.8,7.867,163.439
polyphemus,torso.twist,83.167,26.4,5.4,-45.8,45.8,8.7323,154.163
polyphemus,torso.twist,83.25,30.9,54.2,-45.8,45.8,7.2783,119.716
polyphemus,torso.twist,83.333,36.7,68.9,-45.8,45.8,7.4037,127.442
polyphemus,torso.twist,83.417,42.6,71.5,-45.8,45.8,8.0407,149.383
polyphemus,torso.twist,83.5,43.4,8.7,-45.8,45.8,9.663,189.693
polyphemus,torso.twist,83.583,32.4,-132.2,-45.8,45.8,9.8431,239.205
polyphemus,torso.twist,83.667,38.3,70.8,-45.8,45.8,12.393,337.815
polyphemus,torso.twist,83.75,31.5,-81,-45.8,45.8,9.9683,226.912
polyphemus,torso.twist,83.833,38.5,83.3,-45.8,45.8,11.4513,295.579
polyphemus,torso.twist,83.917,38.3,-1.8,-45.8,45.8,9.4371,178.708
polyphemus,torso.twist,84,38.4,1.7,-45.8,45.8,7.4065,110.144
polyphemus,torso.twist,84.083,39.2,9.3,-45.8,45.8,7.6363,119.11
polyphemus,torso.twist,84.167,39.5,3.5,-45.8,45.8,7.6371,117.57
polyphemus,torso.twist,84.25,31.5,-95.8,-45.8,45.8,8.6499,178.561
polyphemus,torso.twist,84.333,36.4,58.2,-45.8,45.8,10.8503,257.482
polyphemus,torso.twist,84.417,42.1,69.2,-45.8,45.8,8.178,153.526
polyphemus,torso.twist,84.5,42.3,1.3,-45.8,45.8,9.6237,185.657
polyphemus,torso.twist,84.583,40.6,-20.3,-45.8,45.8,8.1969,140.191
polyphemus,torso.twist,84.667,38.9,-19.8,-45.8,45.8,7.4055,114.809
polyphemus,torso.twist,84.75,38.3,-7.5,-45.8,45.8,7.6015,117.564
polyphemus,torso.twist,84.833,32.1,-74.3,-45.8,45.8,7.9309,146.36
polyphemus,torso.twist,84.917,44.7,150.9,-45.8,45.8,13.9351,461.79
polyphemus,torso.twist,85,45.8,14.1,-45.8,45.8,11.8845,288.316
polyphemus,torso.twist,85.083,44.8,-12.6,-45.8,45.8,8.9632,164.622
polyphemus,torso.twist,85.167,45.8,12.6,-45.8,45.8,9.0786,168.84
polyphemus,torso.twist,85.25,45.8,0,-45.8,45.8,8.7617,153.534
polyphemus,torso.twist,86.333,44.8,-12.4,-45.8,45.8,8.6076,151.917
polyphemus,torso.twist,86.417,43.3,-17.7,-45.8,45.8,8.21,139.892
polyphemus,torso.twist,86.5,42,-16.3,-45.8,45.8,7.9075,129.558
polyphemus,torso.twist,86.583,40,-23.7,-45.8,45.8,7.7515,126.596
polyphemus,torso.twist,86.667,36.4,-42.6,-45.8,45.8,7.4659,122.592
polyphemus,torso.twist,86.75,35.9,-6.1,-45.8,45.8,7.8264,124.163
polyphemus,torso.twist,86.833,38.2,27.8,-45.8,45.8,8.1384,140.37
polyphemus,torso.twist,86.917,38,-3,-45.8,45.8,8.021,129.513
polyphemus,torso.twist,87,39.1,13,-45.8,45.8,7.8228,125.943
polyphemus,torso.twist,87.083,39.4,4.2,-45.8,45.8,7.6982,119.639
polyphemus,torso.twist,87.167,39.7,3.1,-45.8,45.8,7.5436,114.617
polyphemus,torso.twist,87.25,39,-8.4,-45.8,45.8,7.6932,120.636
polyphemus,torso.twist,87.333,29.8,-109.6,-45.8,45.8,8.4005,173.284
polyphemus,torso.twist,87.417,37.3,89.9,-45.8,45.8,12.1544,333.61
polyphemus,torso.twist,87.5,37.6,3,-45.8,45.8,9.3639,176.358
polyphemus,torso.twist,87.583,39.9,27.3,-45.8,45.8,8.1531,140.703
polyphemus,torso.twist,87.667,39.6,-2.6,-45.8,45.8,8.2607,137.237
polyphemus,torso.twist,87.75,39.5,-1.9,-45.8,45.8,7.5043,113.117
polyphemus,torso.twist,87.833,41.2,20.5,-45.8,45.8,8.3149,144.23
polyphemus,torso.twist,87.917,38.7,-29.6,-45.8,45.8,8.6234,157.631
polyphemus,torso.twist,88,41.1,28.5,-45.8,45.8,9.199,178.4
polyphemus,torso.twist,88.083,45.8,56.8,-45.8,45.8,9.156,185.823
polyphemus,torso.twist,88.167,45.8,0,-45.8,45.8,9.8726,194.938
polyphemus,torso.twist,89.167,41.6,-50.5,-45.8,45.8,9.0898,181.282
polyphemus,torso.twist,89.25,39.6,-24.2,-45.8,45.8,8.1669,140.297
polyphemus,torso.roll,0,0,0,-20.1,20.1,0,0
polyphemus,torso.roll,78,-0.3,-3.6,-20.1,20.1,0.1542,0.067
polyphemus,torso.roll,78.083,-1.1,-10.1,-20.1,20.1,0.397,0.455
polyphemus,torso.roll,78.167,-2,-9.9,-20.1,20.1,0.4095,0.477
polyphemus,torso.roll,78.25,-2.6,-7.7,-20.1,20.1,0.591,0.857
polyphemus,torso.roll,78.333,-2.9,-3.1,-20.1,20.1,0.7043,1.068
polyphemus,torso.roll,78.417,-2.6,3.7,-20.1,20.1,0.6952,1.056
polyphemus,torso.roll,78.5,-1.6,11.3,-20.1,20.1,0.5232,0.753
polyphemus,torso.roll,78.583,-0.2,17.3,-20.1,20.1,0.1883,0.184
polyphemus,torso.roll,78.667,0,2.2,-20.1,20.1,0.3794,0.317
polyphemus,torso.roll,78.75,0.3,4,-20.1,20.1,0.1161,0.043
polyphemus,torso.roll,78.833,2,19.4,-20.1,20.1,0.786,1.767
polyphemus,torso.roll,78.917,2.8,10.5,-20.1,20.1,0.8032,1.585
polyphemus,torso.roll,79,2.5,-4.1,-20.1,20.1,0.8775,1.665
polyphemus,torso.roll,79.083,1,-18.2,-20.1,20.1,0.5541,0.967
polyphemus,torso.roll,79.167,0,-11.6,-20.1,20.1,0.1662,0.123
polyphemus,torso.roll,79.25,-0.4,-4.7,-20.1,20.1,0.2543,0.171
polyphemus,torso.roll,79.333,-2.2,-22.2,-20.1,20.1,0.902,2.328
polyphemus,torso.roll,79.417,-2.8,-7.3,-20.1,20.1,0.9616,2.093
polyphemus,torso.roll,79.5,-1.8,12.8,-20.1,20.1,0.8698,1.901
polyphemus,torso.roll,79.583,0,21.4,-20.1,20.1,0.2174,0.257
polyphemus,torso.roll,79.667,0,0,-20.1,20.1,0.5382,0.579
polyphemus,torso.roll,79.75,2,23.9,-20.1,20.1,1.0092,2.879
polyphemus,torso.roll,79.833,2.9,10.5,-20.1,20.1,0.9251,2.05
polyphemus,torso.roll,79.917,1.9,-11.7,-20.1,20.1,0.9454,2.173
polyphemus,torso.roll,80,0,-22.7,-20.1,20.1,0.2768,0.373
polyphemus,torso.roll,80.083,0,0,-20.1,20.1,0.5703,0.651
polyphemus,torso.roll,80.167,-2,-24,-20.1,20.1,1.0157,2.916
polyphemus,torso.roll,80.25,-2.9,-10.3,-20.1,20.1,0.9328,2.076
polyphemus,torso.roll,80.333,-1.9,11.6,-20.1,20.1,0.9405,2.149
polyphemus,torso.roll,80.417,0,22.8,-20.1,20.1,0.2819,0.383
polyphemus,torso.roll,80.5,0,0,-20.1,20.1,0.5728,0.656
polyphemus,torso.roll,80.583,1.8,21.8,-20.1,20.1,0.9204,2.394
polyphemus,torso.roll,80.667,2.8,12.4,-20.1,20.1,0.8209,1.703
polyphemus,torso.roll,80.75,2.3,-6.9,-20.1,20.1,0.9522,2.044
polyphemus,torso.roll,80.833,0.5,-21.5,-20.1,20.1,0.4643,0.779
polyphemus,torso.roll,80.917,0,-5.8,-20.1,20.1,0.3938,0.39
polyphemus,torso.roll,81,-0.8,-9.3,-20.1,20.1,0.2461,0.201
polyphemus,torso.roll,81.083,-2.3,-18.8,-20.1,20.1,0.722,1.518
polyphemus,torso.roll,81.167,-2.9,-6.2,-20.1,20.1,0.905,1.835
polyphemus,torso.roll,81.25,-2.2,7.7,-20.1,20.1,0.8055,1.513
polyphemus,torso.roll,81.333,-0.8,17.1,-20.1,20.1,0.4016,0.563
polyphemus,torso.roll,81.417,0,9.6,-20.1,20.1,0.1902,0.136
polyphemus,torso.roll,81.5,0,0,-20.1,20.1,0.2402,0.115
polyphemus,torso.roll,81.583,1,12.2,-20.1,20.1,0.5137,0.746
polyphemus,torso.roll,81.667,2.1,13.4,-20.1,20.1,0.4691,0.66
polyphemus,torso.roll,81.75,2.7,7.4,-20.1,20.1,0.7156,1.208
polyphemus,torso.roll,81.833,2.8,1.3,-20.1,20.1,0.7382,1.122
polyphemus,torso.roll,81.917,2.6,-3.5,-20.1,20.1,0.6446,0.91
polyphemus,torso.roll,82,2,-6.4,-20.1,20.1,0.4878,0.585
polyphemus,torso.roll,82.083,1.6,-5,-20.1,20.1,0.3668,0.333
polyphemus,torso.roll,82.167,1.3,-3.6,-20.1,20.1,0.3029,0.222
polyphemus,torso.roll,82.25,1,-3.6,-20.1,20.1,0.2073,0.112
polyphemus,torso.roll,82.333,0.7,-3.6,-20.1,20.1,0.1456,0.061
polyphemus,torso.roll,82.417,0.4,-3.6,-20.1,20.1,0.0839,0.025
polyphemus,torso.roll,82.5,0.1,-3.6,-20.1,20.1,0.0222,0.004
polyphemus,torso.roll,82.583,0,-1.3,-20.1,20.1,0.058,0.009
polyphemus,torso.roll,82.667,0,0,-20.1,20.1,0.0326,0.002
polyphemus,torso.roll,89.25,0,0,-20.1,20.1,0,0
polyphemus,head.yaw,0,0,0,-28.6,28.6,0,0
polyphemus,head.yaw,0.75,0.1,0.7,-28.6,28.6,0.0016,0
polyphemus,head.yaw,0.833,0.2,1.2,-28.6,28.6,0.0032,0
polyphemus,head.yaw,0.917,0.3,1.7,-28.6,28.6,0.0055,0
polyphemus,head.yaw,1,0.5,2.1,-28.6,28.6,0.0083,0.001
polyphemus,head.yaw,1.083,0.7,2.5,-28.6,28.6,0.0116,0.001
polyphemus,head.yaw,1.167,0.9,2.8,-28.6,28.6,0.0155,0.002
polyphemus,head.yaw,1.25,1.2,3.1,-28.6,28.6,0.0198,0.003
polyphemus,head.yaw,1.333,1.5,3.4,-28.6,28.6,0.0244,0.004
polyphemus,head.yaw,1.417,1.8,3.7,-28.6,28.6,0.0295,0.006
polyphemus,head.yaw,1.5,2.1,3.9,-28.6,28.6,0.0348,0.007
polyphemus,head.yaw,1.583,2.4,4.1,-28.6,28.6,0.0404,0.009
polyphemus,head.yaw,1.667,2.8,4.2,-28.6,28.6,0.0461,0.011
polyphemus,head.yaw,1.75,3.2,4.4,-28.6,28.6,0.0521,0.013
polyphemus,head.yaw,1.833,3.5,4.4,-28.6,28.6,0.0581,0.016
polyphemus,head.yaw,1.917,3.9,4.5,-28.6,28.6,0.0642,0.018
polyphemus,head.yaw,2,4.3,4.5,-28.6,28.6,0.0703,0.021
polyphemus,head.yaw,2.083,4.7,4.5,-28.6,28.6,0.0764,0.024
polyphemus,head.yaw,2.167,5,4.4,-28.6,28.6,0.0824,0.026
polyphemus,head.yaw,2.25,5.4,4.3,-28.6,28.6,0.0883,0.029
polyphemus,head.yaw,2.333,5.7,4.2,-28.6,28.6,0.0941,0.031
polyphemus,head.yaw,2.417,6.1,4,-28.6,28.6,0.0996,0.034
polyphemus,head.yaw,2.5,6.4,3.8,-28.6,28.6,0.1048,0.036
polyphemus,head.yaw,2.583,6.7,3.6,-28.6,28.6,0.1097,0.038
polyphemus,head.yaw,2.667,7,3.3,-28.6,28.6,0.1142,0.039
polyphemus,head.yaw,2.75,7.2,3,-28.6,28.6,0.1183,0.04
polyphemus,head.yaw,2.833,7.4,2.7,-28.6,28.6,0.122,0.041
polyphemus,head.yaw,2.917,7.6,2.3,-28.6,28.6,0.1252,0.041
polyphemus,head.yaw,3,7.8,1.9,-28.6,28.6,0.1278,0.041
polyphemus,head.yaw,3.083,7.9,1.5,-28.6,28.6,0.1298,0.04
polyphemus,head.yaw,3.167,8,1,-28.6,28.6,0.1311,0.039
polyphemus,head.yaw,3.25,8,0.5,-28.6,28.6,0.1318,0.037
polyphemus,head.yaw,3.333,7.4,-7.8,-28.6,28.6,0.1274,0.067
polyphemus,head.yaw,3.417,4.3,-36.4,-28.6,28.6,0.0943,0.138
polyphemus,head.yaw,3.5,0,-52.1,-28.6,28.6,0.0126,0.023
polyphemus,head.yaw,3.583,-4.3,-52.1,-28.6,28.6,0.0713,0.14
polyphemus,head.yaw,3.667,-7.4,-36.4,-28.6,28.6,0.1335,0.205
polyphemus,head.yaw,3.75,-8,-7.5,-28.6,28.6,0.1542,0.088
polyphemus,head.yaw,3.833,-7.7,4.1,-28.6,28.6,0.1347,0.055
polyphemus,head.yaw,3.917,-7,8.2,-28.6,28.6,0.1176,0.061
polyphemus,head.yaw,4,-6,11.7,-28.6,28.6,0.1012,0.062
polyphemus,head.yaw,4.083,-4.8,14.5,-28.6,28.6,0.0809,0.054
polyphemus,head.yaw,4.167,-3.4,16.6,-28.6,28.6,0.0576,0.04
polyphemus,head.yaw,4.25,-1.9,18.1,-28.6,28.6,0.0323,0.023
polyphemus,head.yaw,4.333,-0.3,18.9,-28.6,28.6,0.0059,0.004
polyphemus,head.yaw,4.417,1.3,19,-28.6,28.6,0.021,0.015
polyphemus,head.yaw,4.5,2.8,18.5,-28.6,28.6,0.0466,0.034
polyphemus,head.yaw,4.583,4.3,17.3,-28.6,28.6,0.0708,0.053
polyphemus,head.yaw,4.667,5.5,15.4,-28.6,28.6,0.0924,0.067
polyphemus,head.yaw,4.75,6.6,12.9,-28.6,28.6,0.1105,0.074
polyphemus,head.yaw,4.833,7.4,9.7,-28.6,28.6,0.1242,0.073
polyphemus,head.yaw,4.917,7.9,5.8,-28.6,28.6,0.1326,0.062
polyphemus,head.yaw,5,8,1.4,-28.6,28.6,0.135,0.043
polyphemus,head.yaw,5.083,8,-0.1,-28.6,28.6,0.1325,0.035
polyphemus,head.yaw,5.583,7.8,-0.6,-28.6,28.6,0.1284,0.036
polyphemus,head.yaw,5.667,7.8,-0.7,-28.6,28.6,0.1275,0.035
polyphemus,head.yaw,5.75,7.7,-0.7,-28.6,28.6,0.1265,0.035
polyphemus,head.yaw,5.833,7.6,-0.8,-28.6,28.6,0.1254,0.035
polyphemus,head.yaw,5.917,7.6,-0.9,-28.6,28.6,0.1242,0.035
polyphemus,head.yaw,6,7.5,-1,-28.6,28.6,0.1229,0.034
polyphemus,head.yaw,6.083,7.4,-1,-28.6,28.6,0.1215,0.034
polyphemus,head.yaw,6.167,7.3,-1.1,-28.6,28.6,0.12,0.033
polyphemus,head.yaw,6.25,7.2,-1.2,-28.6,28.6,0.1184,0.033
polyphemus,head.yaw,6.333,7.1,-1.2,-28.6,28.6,0.1167,0.032
polyphemus,head.yaw,6.417,7,-1.3,-28.6,28.6,0.1149,0.032
polyphemus,head.yaw,6.5,6.9,-1.4,-28.6,28.6,0.1131,0.031
polyphemus,head.yaw,6.583,6.8,-1.4,-28.6,28.6,0.1112,0.03
polyphemus,head.yaw,6.667,6.7,-1.5,-28.6,28.6,0.1091,0.029
polyphemus,head.yaw,6.75,6.5,-1.5,-28.6,28.6,0.107,0.029
polyphemus,head.yaw,6.833,6.4,-1.6,-28.6,28.6,0.1049,0.028
polyphemus,head.yaw,6.917,6.3,-1.7,-28.6,28.6,0.1026,0.027
polyphemus,head.yaw,7,6.1,-1.7,-28.6,28.6,0.1003,0.026
polyphemus,head.yaw,7.083,6,-1.8,-28.6,28.6,0.0979,0.025
polyphemus,head.yaw,7.167,5.8,-1.8,-28.6,28.6,0.0954,0.024
polyphemus,head.yaw,7.25,5.7,-1.9,-28.6,28.6,0.0929,0.023
polyphemus,head.yaw,7.333,5.5,-1.9,-28.6,28.6,0.0903,0.022
polyphemus,head.yaw,7.417,5.3,-2,-28.6,28.6,0.0876,0.021
polyphemus,head.yaw,7.5,5.2,-2,-28.6,28.6,0.0849,0.02
polyphemus,head.yaw,7.583,5,-2,-28.6,28.6,0.0821,0.019
polyphemus,head.yaw,7.667,4.8,-2.1,-28.6,28.6,0.0793,0.018
polyphemus,head.yaw,7.75,4.7,-2.1,-28.6,28.6,0.0764,0.017
polyphemus,head.yaw,7.833,4.5,-2.2,-28.6,28.6,0.0734,0.016
polyphemus,head.yaw,7.917,4.3,-2.2,-28.6,28.6,0.0705,0.015
polyphemus,head.yaw,8,4.1,-2.2,-28.6,28.6,0.0674,0.014
polyphemus,head.yaw,8.083,3.9,-2.3,-28.6,28.6,0.0643,0.013
polyphemus,head.yaw,8.167,3.7,-2.3,-28.6,28.6,0.0612,0.012
polyphemus,head.yaw,8.25,3.5,-2.3,-28.6,28.6,0.058,0.011
polyphemus,head.yaw,8.333,3.3,-2.3,-28.6,28.6,0.0548,0.01
polyphemus,head.yaw,8.417,3.1,-2.4,-28.6,28.6,0.0516,0.01
polyphemus,head.yaw,8.5,2.9,-2.4,-28.6,28.6,0.0483,0.009
polyphemus,head.yaw,8.583,2.7,-2.4,-28.6,28.6,0.045,0.008
polyphemus,head.yaw,8.667,2.5,-2.4,-28.6,28.6,0.0417,0.007
polyphemus,head.yaw,8.75,2.3,-2.5,-28.6,28.6,0.0383,0.006
polyphemus,head.yaw,8.833,2.1,-2.5,-28.6,28.6,0.0349,0.005
polyphemus,head.yaw,8.917,1.9,-2.5,-28.6,28.6,0.0315,0.005
polyphemus,head.yaw,9,1.7,-2.5,-28.6,28.6,0.0281,0.004
polyphemus,head.yaw,9.083,1.5,-2.5,-28.6,28.6,0.0246,0.003
polyphemus,head.yaw,9.167,1.3,-2.5,-28.6,28.6,0.0212,0.003
polyphemus,head.yaw,9.25,1.1,-2.5,-28.6,28.6,0.0177,0.002
polyphemus,head.yaw,9.333,0.9,-2.5,-28.6,28.6,0.0142,0.002
polyphemus,head.yaw,9.417,0.6,-2.6,-28.6,28.6,0.0107,0.001
polyphemus,head.yaw,9.5,0.4,-2.6,-28.6,28.6,0.0072,0.001
polyphemus,head.yaw,9.583,0.2,-2.6,-28.6,28.6,0.0037,0
polyphemus,head.yaw,9.667,0,-2.6,-28.6,28.6,0.0001,0
polyphemus,head.yaw,9.75,-0.2,-2.6,-28.6,28.6,0.0034,0
polyphemus,head.yaw,9.833,-0.4,-2.6,-28.6,28.6,0.0069,0.001
polyphemus,head.yaw,9.917,-0.6,-2.6,-28.6,28.6,0.0104,0.001
polyphemus,head.yaw,10,-0.8,-2.6,-28.6,28.6,0.0139,0.002
polyphemus,head.yaw,10.083,-1.1,-2.5,-28.6,28.6,0.0174,0.002
polyphemus,head.yaw,10.167,-1.3,-2.5,-28.6,28.6,0.0209,0.003
polyphemus,head.yaw,10.25,-1.5,-2.5,-28.6,28.6,0.0243,0.003
polyphemus,head.yaw,10.333,-1.7,-2.5,-28.6,28.6,0.0278,0.004
polyphemus,head.yaw,10.417,-1.9,-2.5,-28.6,28.6,0.0312,0.005
polyphemus,head.yaw,10.5,-2.1,-2.5,-28.6,28.6,0.0346,0.005
polyphemus,head.yaw,10.583,-2.3,-2.5,-28.6,28.6,0.038,0.006
polyphemus,head.yaw,10.667,-2.5,-2.5,-28.6,28.6,0.0414,0.007
polyphemus,head.yaw,10.75,-2.7,-2.4,-28.6,28.6,0.0447,0.008
polyphemus,head.yaw,10.833,-2.9,-2.4,-28.6,28.6,0.048,0.009
polyphemus,head.yaw,10.917,-3.1,-2.4,-28.6,28.6,0.0513,0.01
polyphemus,head.yaw,11,-3.3,-2.4,-28.6,28.6,0.0546,0.01
polyphemus,head.yaw,11.083,-3.5,-2.3,-28.6,28.6,0.0578,0.011
polyphemus,head.yaw,11.167,-3.7,-2.3,-28.6,28.6,0.0609,0.012
polyphemus,head.yaw,11.25,-3.9,-2.3,-28.6,28.6,0.0641,0.013
polyphemus,head.yaw,11.333,-4.1,-2.3,-28.6,28.6,0.0672,0.014
polyphemus,head.yaw,11.417,-4.3,-2.2,-28.6,28.6,0.0702,0.015
polyphemus,head.yaw,11.5,-4.5,-2.2,-28.6,28.6,0.0732,0.016
polyphemus,head.yaw,11.583,-4.6,-2.2,-28.6,28.6,0.0762,0.017
polyphemus,head.yaw,11.667,-4.8,-2.1,-28.6,28.6,0.079,0.018
polyphemus,head.yaw,11.75,-5,-2.1,-28.6,28.6,0.0819,0.019
polyphemus,head.yaw,11.833,-5.2,-2,-28.6,28.6,0.0847,0.02
polyphemus,head.yaw,11.917,-5.3,-2,-28.6,28.6,0.0874,0.021
polyphemus,head.yaw,12,-5.5,-2,-28.6,28.6,0.0901,0.022
polyphemus,head.yaw,12.083,-5.6,-1.9,-28.6,28.6,0.0927,0.023
polyphemus,head.yaw,12.167,-5.8,-1.9,-28.6,28.6,0.0952,0.024
polyphemus,head.yaw,12.25,-6,-1.8,-28.6,28.6,0.0977,0.025
polyphemus,head.yaw,12.333,-6.1,-1.8,-28.6,28.6,0.1001,0.026
polyphemus,head.yaw,12.417,-6.2,-1.7,-28.6,28.6,0.1024,0.027
polyphemus,head.yaw,12.5,-6.4,-1.7,-28.6,28.6,0.1047,0.028
polyphemus,head.yaw,12.583,-6.5,-1.6,-28.6,28.6,0.1069,0.029
polyphemus,head.yaw,12.667,-6.6,-1.5,-28.6,28.6,0.109,0.03
polyphemus,head.yaw,12.75,-6.8,-1.5,-28.6,28.6,0.111,0.03
polyphemus,head.yaw,12.833,-6.9,-1.4,-28.6,28.6,0.1129,0.031
polyphemus,head.yaw,12.917,-7,-1.4,-28.6,28.6,0.1148,0.032
polyphemus,head.yaw,13,-7.1,-1.3,-28.6,28.6,0.1166,0.032
polyphemus,head.yaw,13.083,-7.2,-1.2,-28.6,28.6,0.1183,0.033
polyphemus,head.yaw,13.167,-7.3,-1.2,-28.6,28.6,0.1199,0.034
polyphemus,head.yaw,13.25,-7.4,-1.1,-28.6,28.6,0.1214,0.034
polyphemus,head.yaw,13.333,-7.5,-1,-28.6,28.6,0.1228,0.035
polyphemus,head.yaw,13.417,-7.6,-1,-28.6,28.6,0.1241,0.035
polyphemus,head.yaw,13.5,-7.6,-0.9,-28.6,28.6,0.1253,0.035
polyphemus,head.yaw,13.583,-7.7,-0.8,-28.6,28.6,0.1264,0.036
polyphemus,head.yaw,13.667,-7.8,-0.7,-28.6,28.6,0.1274,0.036
polyphemus,head.yaw,13.75,-7.8,-0.7,-28.6,28.6,0.1283,0.036
polyphemus,head.yaw,13.833,-7.9,-0.6,-28.6,28.6,0.1291,0.036
polyphemus,head.yaw,13.917,-7.9,-0.5,-28.6,28.6,0.1298,0.036
polyphemus,head.yaw,14,-8,-0.4,-28.6,28.6,0.1304,0.036
polyphemus,head.yaw,17.5,-7.1,0.5,-28.6,28.6,0.1172,0.03
polyphemus,head.yaw,17.583,-7.1,0.5,-28.6,28.6,0.1165,0.029
polyphemus,head.yaw,17.667,-7.1,0.5,-28.6,28.6,0.1157,0.029
polyphemus,head.yaw,17.75,-7,0.5,-28.6,28.6,0.115,0.029
polyphemus,head.yaw,17.833,-7,0.5,-28.6,28.6,0.1143,0.028
polyphemus,head.yaw,17.917,-6.9,0.6,-28.6,28.6,0.1135,0.028
polyphemus,head.yaw,18,-6.9,0.6,-28.6,28.6,0.1127,0.028
polyphemus,head.yaw,18.083,-6.8,0.6,-28.6,28.6,0.112,0.027
polyphemus,head.yaw,18.167,-6.8,0.6,-28.6,28.6,0.1112,0.027
polyphemus,head.yaw,18.25,-6.7,0.6,-28.6,28.6,0.1104,0.027
polyphemus,head.yaw,18.333,-6.7,0.6,-28.6,28.6,0.1095,0.026
polyphemus,head.yaw,18.417,-6.6,0.6,-28.6,28.6,0.1087,0.026
polyphemus,head.yaw,18.5,-6.6,0.6,-28.6,28.6,0.1079,0.026
polyphemus,head.yaw,18.583,-6.5,0.6,-28.6,28.6,0.107,0.025
polyphemus,head.yaw,18.667,-6.5,0.6,-28.6,28.6,0.1062,0.025
polyphemus,head.yaw,18.75,-6.4,0.6,-28.6,28.6,0.1053,0.025
polyphemus,head.yaw,18.833,-6.4,0.6,-28.6,28.6,0.1044,0.024
polyphemus,head.yaw,18.917,-6.3,0.7,-28.6,28.6,0.1035,0.024
polyphemus,head.yaw,19,-6.3,0.7,-28.6,28.6,0.1026,0.023
polyphemus,head.yaw,19.083,-6.2,0.7,-28.6,28.6,0.1017,0.023
polyphemus,head.yaw,19.167,-6.1,0.7,-28.6,28.6,0.1008,0.023
polyphemus,head.yaw,19.25,-6.1,0.7,-28.6,28.6,0.0999,0.022
polyphemus,head.yaw,19.333,-6,0.7,-28.6,28.6,0.0989,0.022
polyphemus,head.yaw,19.417,-6,0.7,-28.6,28.6,0.098,0.022
polyphemus,head.yaw,19.5,-5.9,0.7,-28.6,28.6,0.097,0.021
polyphemus,head.yaw,19.583,-5.9,0.7,-28.6,28.6,0.0961,0.021
polyphemus,head.yaw,19.667,-5.8,0.7,-28.6,28.6,0.0951,0.02
polyphemus,head.yaw,19.75,-5.7,0.7,-28.6,28.6,0.0941,0.02
polyphemus,head.yaw,19.833,-5.7,0.7,-28.6,28.6,0.0932,0.02
polyphemus,head.yaw,19.917,-5.6,0.7,-28.6,28.6,0.0922,0.019
polyphemus,head.yaw,20,-5.6,0.7,-28.6,28.6,0.0912,0.019
polyphemus,head.yaw,20.083,-5.5,0.7,-28.6,28.6,0.0902,0.019
polyphemus,head.yaw,20.167,-5.4,0.7,-28.6,28.6,0.0892,0.018
polyphemus,head.yaw,20.25,-5.4,0.7,-28.6,28.6,0.0881,0.018
polyphemus,head.yaw,20.333,-5.3,0.7,-28.6,28.6,0.0871,0.017
polyphemus,head.yaw,20.417,-5.2,0.8,-28.6,28.6,0.0861,0.017
polyphemus,head.yaw,20.5,-5.2,0.8,-28.6,28.6,0.0851,0.017
polyphemus,head.yaw,20.583,-5.1,0.8,-28.6,28.6,0.084,0.016
polyphemus,head.yaw,20.667,-5.1,0.8,-28.6,28.6,0.083,0.016
polyphemus,head.yaw,20.75,-5,0.8,-28.6,28.6,0.082,0.016
polyphemus,head.yaw,20.833,-4.9,0.8,-28.6,28.6,0.0809,0.015
polyphemus,head.yaw,20.917,-4.9,0.8,-28.6,28.6,0.0799,0.015
polyphemus,head.yaw,21,-4.8,0.8,-28.6,28.6,0.0788,0.015
polyphemus,head.yaw,21.083,-4.7,0.8,-28.6,28.6,0.0778,0.014
polyphemus,head.yaw,21.167,-4.7,0.8,-28.6,28.6,0.0767,0.014
polyphemus,head.yaw,21.25,-4.6,0.8,-28.6,28.6,0.0756,0.013
polyphemus,head.yaw,21.333,-4.5,0.8,-28.6,28.6,0.0746,0.013
polyphemus,head.yaw,21.417,-4.5,0.8,-28.6,28.6,0.0735,0.013
polyphemus,head.yaw,21.5,-4.4,0.8,-28.6,28.6,0.0724,0.012
polyphemus,head.yaw,21.583,-4.3,0.8,-28.6,28.6,0.0714,0.012
polyphemus,head.yaw,21.667,-4.3,0.8,-28.6,28.6,0.0703,0.012
polyphemus,head.yaw,21.75,-4.2,0.8,-28.6,28.6,0.0692,0.011
polyphemus,head.yaw,21.833,-4.1,0.8,-28.6,28.6,0.0681,0.011
polyphemus,head.yaw,21.917,-4.1,0.8,-28.6,28.6,0.0671,0.011
polyphemus,head.yaw,22,-4,0.8,-28.6,28.6,0.066,0.011
polyphemus,head.yaw,22.083,-4,0.8,-28.6,28.6,0.0649,0.01
polyphemus,head.yaw,22.167,-3.9,0.8,-28.6,28.6,0.0638,0.01
polyphemus,head.yaw,22.25,-3.8,0.8,-28.6,28.6,0.0628,0.01
polyphemus,head.yaw,22.333,-3.8,0.8,-28.6,28.6,0.0617,0.009
polyphemus,head.yaw,22.417,-3.7,0.8,-28.6,28.6,0.0606,0.009
polyphemus,head.yaw,22.5,-3.6,0.8,-28.6,28.6,0.0596,0.009
polyphemus,head.yaw,22.583,-3.6,0.8,-28.6,28.6,0.0585,0.008
polyphemus,head.yaw,22.667,-3.5,0.8,-28.6,28.6,0.0574,0.008
polyphemus,head.yaw,22.75,-3.4,0.8,-28.6,28.6,0.0564,0.008
polyphemus,head.yaw,22.833,-3.4,0.8,-28.6,28.6,0.0553,0.008
polyphemus,head.yaw,22.917,-3.3,0.8,-28.6,28.6,0.0542,0.007
polyphemus,head.yaw,23,-3.2,0.8,-28.6,28.6,0.0532,0.007
polyphemus,head.yaw,23.083,-3.2,0.8,-28.6,28.6,0.0521,0.007
polyphemus,head.yaw,23.167,-3.1,0.8,-28.6,28.6,0.0511,0.007
polyphemus,head.yaw,23.25,-3,0.8,-28.6,28.6,0.05,0.006
polyphemus,head.yaw,23.333,-3,0.8,-28.6,28.6,0.049,0.006
polyphemus,head.yaw,23.417,-2.9,0.8,-28.6,28.6,0.0479,0.006
polyphemus,head.yaw,23.5,-2.9,0.8,-28.6,28.6,0.0469,0.006
polyphemus,head.yaw,23.583,-2.8,0.8,-28.6,28.6,0.0459,0.005
polyphemus,head.yaw,23.667,-2.7,0.8,-28.6,28.6,0.0448,0.005
polyphemus,head.yaw,23.75,-2.7,0.7,-28.6,28.6,0.0438,0.005
polyphemus,head.yaw,23.833,-2.6,0.7,-28.6,28.6,0.0428,0.005
polyphemus,head.yaw,23.917,-2.5,0.7,-28.6,28.6,0.0418,0.005
polyphemus,head.yaw,24,-2.5,0.7,-28.6,28.6,0.0408,0.004
polyphemus,head.yaw,24.083,-2.4,0.7,-28.6,28.6,0.0398,0.004
polyphemus,head.yaw,24.167,-2.4,0.7,-28.6,28.6,0.0388,0.004
polyphemus,head.yaw,24.25,-2.3,0.7,-28.6,28.6,0.0378,0.004
polyphemus,head.yaw,24.333,-2.2,0.7,-28.6,28.6,0.0368,0.004
polyphemus,head.yaw,24.417,-2.2,0.7,-28.6,28.6,0.0358,0.003
polyphemus,head.yaw,24.5,-2.1,0.7,-28.6,28.6,0.0349,0.003
polyphemus,head.yaw,24.583,-2.1,0.7,-28.6,28.6,0.0339,0.003
polyphemus,head.yaw,24.667,-2,0.7,-28.6,28.6,0.033,0.003
polyphemus,head.yaw,24.75,-1.9,0.7,-28.6,28.6,0.032,0.003
polyphemus,head.yaw,24.833,-1.9,0.7,-28.6,28.6,0.0311,0.003
polyphemus,head.yaw,24.917,-1.8,0.7,-28.6,28.6,0.0302,0.003
polyphemus,head.yaw,25,-1.8,0.7,-28.6,28.6,0.0292,0.002
polyphemus,head.yaw,25.083,-1.7,0.7,-28.6,28.6,0.0283,0.002
polyphemus,head.yaw,25.167,-1.7,0.7,-28.6,28.6,0.0274,0.002
polyphemus,head.yaw,25.25,-1.6,0.6,-28.6,28.6,0.0265,0.002
polyphemus,head.yaw,25.333,-1.6,0.6,-28.6,28.6,0.0257,0.002
polyphemus,head.yaw,25.417,-1.5,0.6,-28.6,28.6,0.0248,0.002
polyphemus,head.yaw,25.5,-1.5,0.6,-28.6,28.6,0.0239,0.002
polyphemus,head.yaw,25.583,-1.4,0.6,-28.6,28.6,0.0231,0.002
polyphemus,head.yaw,25.667,-1.4,0.6,-28.6,28.6,0.0223,0.001
polyphemus,head.yaw,25.75,-1.3,0.6,-28.6,28.6,0.0214,0.001
polyphemus,head.yaw,25.833,-1.3,0.6,-28.6,28.6,0.0206,0.001
polyphemus,head.yaw,25.917,-1.2,0.6,-28.6,28.6,0.0198,0.001
polyphemus,head.yaw,26,-1.2,0.6,-28.6,28.6,0.019,0.001
polyphemus,head.yaw,26.083,-1.1,0.6,-28.6,28.6,0.0183,0.001
polyphemus,head.yaw,26.167,-1.1,0.6,-28.6,28.6,0.0175,0.001
polyphemus,head.yaw,26.25,-1,0.5,-28.6,28.6,0.0167,0.001
polyphemus,head.yaw,26.333,-1,0.5,-28.6,28.6,0.016,0.001
polyphemus,head.yaw,26.417,-0.9,0.5,-28.6,28.6,0.0153,0.001
polyphemus,head.yaw,26.5,-0.9,0.5,-28.6,28.6,0.0146,0.001
polyphemus,head.yaw,26.583,-0.8,0.5,-28.6,28.6,0.0139,0.001
polyphemus,head.yaw,26.667,-0.8,0.5,-28.6,28.6,0.0132,0.001
polyphemus,head.yaw,26.75,-0.8,0.5,-28.6,28.6,0.0125,0.001
polyphemus,head.yaw,48.917,0.7,8.1,-28.6,28.6,0.0176,0.006
polyphemus,head.yaw,49,2.5,21.4,-28.6,28.6,0.0512,0.044
polyphemus,head.yaw,49.083,5,30.6,-28.6,28.6,0.0897,0.112
polyphemus,head.yaw,49.167,8,35.6,-28.6,28.6,0.1348,0.204
polyphemus,head.yaw,49.25,11,36.5,-28.6,28.6,0.1807,0.295
polyphemus,head.yaw,49.333,13.8,33.1,-28.6,28.6,0.227,0.366
polyphemus,head.yaw,49.417,15.9,25.6,-28.6,28.6,0.2643,0.376
polyphemus,head.yaw,49.5,17.1,13.9,-28.6,28.6,0.2859,0.302
polyphemus,head.yaw,49.583,17.1,0.8,-28.6,28.6,0.2881,0.174
polyphemus,head.yaw,49.667,16.9,-3.1,-28.6,28.6,0.2767,0.183
polyphemus,head.yaw,49.75,16.4,-5.5,-28.6,28.6,0.2682,0.196
polyphemus,head.yaw,49.833,15.8,-7.6,-28.6,28.6,0.258,0.201
polyphemus,head.yaw,49.917,15,-9.2,-28.6,28.6,0.2455,0.199
polyphemus,head.yaw,50,14.2,-10.5,-28.6,28.6,0.2313,0.191
polyphemus,head.yaw,50.083,13.2,-11.3,-28.6,28.6,0.2159,0.179
polyphemus,head.yaw,50.167,12.2,-11.8,-28.6,28.6,0.1999,0.162
polyphemus,head.yaw,50.25,11.2,-11.9,-28.6,28.6,0.1836,0.144
polyphemus,head.yaw,50.333,10.3,-11.6,-28.6,28.6,0.1683,0.125
polyphemus,head.yaw,50.417,9.4,-10.8,-28.6,28.6,0.154,0.106
polyphemus,head.yaw,50.5,8.6,-9.8,-28.6,28.6,0.1411,0.088
polyphemus,head.yaw,50.583,7.9,-8.3,-28.6,28.6,0.1302,0.071
polyphemus,head.yaw,50.667,7.3,-6.4,-28.6,28.6,0.1218,0.057
polyphemus,head.yaw,50.75,7,-4.1,-28.6,28.6,0.1165,0.044
polyphemus,head.yaw,50.833,6.9,-1.5,-28.6,28.6,0.1149,0.032
polyphemus,head.yaw,50.917,6.9,0,-28.6,28.6,0.1139,0.026
polyphemus,head.yaw,89.25,6.9,0,-28.6,28.6,0.1127,0.025
polyphemus,head.pitch,0,0,0,-17.2,25.8,0,0
polyphemus,head.pitch,25.583,-0.1,-1.2,-17.2,25.8,0.0029,0
polyphemus,head.pitch,25.667,-0.3,-1.9,-17.2,25.8,0.0054,0
polyphemus,head.pitch,25.75,-0.5,-2.6,-17.2,25.8,0.0089,0.001
polyphemus,head.pitch,25.833,-0.8,-3.1,-17.2,25.8,0.0131,0.002
polyphemus,head.pitch,25.917,-1.1,-3.6,-17.2,25.8,0.0181,0.003
polyphemus,head.pitch,26,-1.4,-4.1,-17.2,25.8,0.0236,0.004
polyphemus,head.pitch,26.083,-1.8,-4.4,-17.2,25.8,0.0296,0.006
polyphemus,head.pitch,26.167,-2.2,-4.7,-17.2,25.8,0.036,0.009
polyphemus,head.pitch,26.25,-2.6,-4.9,-17.2,25.8,0.0427,0.011
polyphemus,head.pitch,26.333,-3,-5.1,-17.2,25.8,0.0495,0.014
polyphemus,head.pitch,26.417,-3.4,-5.1,-17.2,25.8,0.0565,0.017
polyphemus,head.pitch,26.5,-3.9,-5.1,-17.2,25.8,0.0635,0.019
polyphemus,head.pitch,26.583,-4.3,-5.1,-17.2,25.8,0.0705,0.022
polyphemus,head.pitch,26.667,-4.7,-4.9,-17.2,25.8,0.0773,0.025
polyphemus,head.pitch,26.75,-5.1,-4.7,-17.2,25.8,0.0838,0.028
polyphemus,head.pitch,26.833,-5.5,-4.4,-17.2,25.8,0.0899,0.03
polyphemus,head.pitch,26.917,-5.8,-4.1,-17.2,25.8,0.0955,0.032
polyphemus,head.pitch,27,-6.1,-3.6,-17.2,25.8,0.1005,0.033
polyphemus,head.pitch,27.083,-6.4,-3.1,-17.2,25.8,0.1048,0.033
polyphemus,head.pitch,27.167,-6.6,-2.6,-17.2,25.8,0.1084,0.033
polyphemus,head.pitch,27.25,-6.7,-1.9,-17.2,25.8,0.111,0.032
polyphemus,head.pitch,27.333,-6.8,-1.2,-17.2,25.8,0.1127,0.03
polyphemus,head.pitch,27.417,-6.9,-0.4,-17.2,25.8,0.1134,0.027
polyphemus,head.pitch,43.583,-2.4,54.2,-17.2,25.8,0.0823,0.169
polyphemus,head.pitch,43.667,9.8,146.2,-17.2,25.8,0.2347,1.308
polyphemus,head.pitch,43.75,18.6,105,-17.2,25.8,0.3332,1.443
polyphemus,head.pitch,43.833,18.8,2.6,-17.2,25.8,0.3858,0.333
polyphemus,head.pitch,43.917,18.4,-5.1,-17.2,25.8,0.303,0.237
polyphemus,head.pitch,44,17.7,-8.3,-17.2,25.8,0.2887,0.25
polyphemus,head.pitch,44.083,16.8,-10.9,-17.2,25.8,0.274,0.254
polyphemus,head.pitch,44.167,15.7,-12.8,-17.2,25.8,0.2566,0.246
polyphemus,head.pitch,44.25,14.5,-14.1,-17.2,25.8,0.2374,0.23
polyphemus,head.pitch,44.333,13.3,-14.8,-17.2,25.8,0.2173,0.207
polyphemus,head.pitch,44.417,12.1,-14.9,-17.2,25.8,0.1969,0.18
polyphemus,head.pitch,44.5,10.9,-14.3,-17.2,25.8,0.1781,0.152
polyphemus,head.pitch,44.583,9.8,-13.1,-17.2,25.8,0.1609,0.125
polyphemus,head.pitch,44.667,8.8,-11.3,-17.2,25.8,0.1462,0.1
polyphemus,head.pitch,44.75,8.1,-8.8,-17.2,25.8,0.1347,0.078
polyphemus,head.pitch,44.833,7.6,-5.8,-17.2,25.8,0.1274,0.058
polyphemus,head.pitch,44.917,7.4,-2.1,-17.2,25.8,0.1251,0.04
polyphemus,head.pitch,45,7.4,-0.1,-17.2,25.8,0.1236,0.031
polyphemus,head.pitch,45.333,7.3,-0.6,-17.2,25.8,0.1199,0.031
polyphemus,head.pitch,45.417,7.2,-0.7,-17.2,25.8,0.1189,0.031
polyphemus,head.pitch,45.5,7.2,-0.8,-17.2,25.8,0.1178,0.031
polyphemus,head.pitch,45.583,7.1,-0.9,-17.2,25.8,0.1165,0.031
polyphemus,head.pitch,45.667,7,-1.1,-17.2,25.8,0.1151,0.031
polyphemus,head.pitch,45.75,6.9,-1.2,-17.2,25.8,0.1135,0.03
polyphemus,head.pitch,45.833,6.8,-1.3,-17.2,25.8,0.1118,0.03
polyphemus,head.pitch,45.917,6.7,-1.3,-17.2,25.8,0.1099,0.029
polyphemus,head.pitch,46,6.6,-1.4,-17.2,25.8,0.108,0.029
polyphemus,head.pitch,46.083,6.5,-1.5,-17.2,25.8,0.1059,0.028
polyphemus,head.pitch,46.167,6.3,-1.6,-17.2,25.8,0.1037,0.027
polyphemus,head.pitch,46.25,6.2,-1.7,-17.2,25.8,0.1014,0.027
polyphemus,head.pitch,46.333,6,-1.8,-17.2,25.8,0.099,0.026
polyphemus,head.pitch,46.417,5.9,-1.8,-17.2,25.8,0.0965,0.025
polyphemus,head.pitch,46.5,5.7,-1.9,-17.2,25.8,0.0939,0.024
polyphemus,head.pitch,46.583,5.6,-2,-17.2,25.8,0.0913,0.023
polyphemus,head.pitch,46.667,5.4,-2,-17.2,25.8,0.0885,0.022
polyphemus,head.pitch,46.75,5.2,-2.1,-17.2,25.8,0.0857,0.021
polyphemus,head.pitch,46.833,5,-2.1,-17.2,25.8,0.0829,0.02
polyphemus,head.pitch,46.917,4.9,-2.1,-17.2,25.8,0.0799,0.019
polyphemus,head.pitch,47,4.7,-2.2,-17.2,25.8,0.0769,0.018
polyphemus,head.pitch,47.083,4.5,-2.2,-17.2,25.8,0.0739,0.017
polyphemus,head.pitch,47.167,4.3,-2.3,-17.2,25.8,0.0708,0.016
polyphemus,head.pitch,47.25,4.1,-2.3,-17.2,25.8,0.0677,0.015
polyphemus,head.pitch,47.333,3.9,-2.3,-17.2,25.8,0.0645,0.014
polyphemus,head.pitch,47.417,3.7,-2.3,-17.2,25.8,0.0614,0.012
polyphemus,head.pitch,47.5,3.5,-2.3,-17.2,25.8,0.0582,0.012
polyphemus,head.pitch,47.583,3.3,-2.3,-17.2,25.8,0.055,0.011
polyphemus,head.pitch,47.667,3.2,-2.3,-17.2,25.8,0.0518,0.01
polyphemus,head.pitch,47.75,3,-2.3,-17.2,25.8,0.0486,0.009
polyphemus,head.pitch,47.833,2.8,-2.3,-17.2,25.8,0.0454,0.008
polyphemus,head.pitch,47.917,2.6,-2.3,-17.2,25.8,0.0422,0.007
polyphemus,head.pitch,48,2.4,-2.3,-17.2,25.8,0.039,0.006
polyphemus,head.pitch,48.083,2.2,-2.3,-17.2,25.8,0.0359,0.005
polyphemus,head.pitch,48.167,2,-2.3,-17.2,25.8,0.0328,0.005
polyphemus,head.pitch,48.25,1.8,-2.3,-17.2,25.8,0.0297,0.004
polyphemus,head.pitch,48.333,1.6,-2.2,-17.2,25.8,0.0266,0.003
polyphemus,head.pitch,48.417,1.4,-2.2,-17.2,25.8,0.0236,0.003
polyphemus,head.pitch,48.5,1.3,-2.1,-17.2,25.8,0.0207,0.002
polyphemus,head.pitch,48.583,1.1,-2.1,-17.2,25.8,0.0178,0.002
polyphemus,head.pitch,48.667,0.9,-2.1,-17.2,25.8,0.015,0.002
polyphemus,head.pitch,48.75,0.7,-2,-17.2,25.8,0.0123,0.001
polyphemus,head.pitch,48.833,0.6,-2,-17.2,25.8,0.0096,0.001
polyphemus,head.pitch,48.917,0.4,-1.9,-17.2,25.8,0.007,0.001
polyphemus,head.pitch,49,0.3,-1.8,-17.2,25.8,0.0045,0
polyphemus,head.pitch,49.083,0.1,-1.8,-17.2,25.8,0.0021,0
polyphemus,head.pitch,49.167,0,-1.7,-17.2,25.8,0.0003,0
polyphemus,head.pitch,49.25,-0.1,-1.6,-17.2,25.8,0.0025,0
polyphemus,head.pitch,49.333,-0.3,-1.5,-17.2,25.8,0.0046,0
polyphemus,head.pitch,49.417,-0.4,-1.4,-17.2,25.8,0.0066,0
polyphemus,head.pitch,49.5,-0.5,-1.3,-17.2,25.8,0.0084,0.001
polyphemus,head.pitch,49.583,-0.6,-1.3,-17.2,25.8,0.0102,0.001
polyphemus,head.pitch,49.667,-0.7,-1.2,-17.2,25.8,0.0117,0.001
polyphemus,head.pitch,49.75,-0.8,-1.1,-17.2,25.8,0.0132,0.001
polyphemus,head.pitch,49.833,-0.9,-0.9,-17.2,25.8,0.0145,0.001
polyphemus,head.pitch,49.917,-0.9,-0.8,-17.2,25.8,0.0156,0.001
polyphemus,head.pitch,50,-1,-0.7,-17.2,25.8,0.0166,0.001
polyphemus,head.pitch,50.083,-1.1,-0.6,-17.2,25.8,0.0174,0.001
polyphemus,head.pitch,50.167,-1.1,-0.5,-17.2,25.8,0.0181,0.001
polyphemus,head.pitch,50.5,-0.6,6.1,-17.2,25.8,0.0154,0.004
polyphemus,head.pitch,50.583,0.6,15.3,-17.2,25.8,0.0178,0.01
polyphemus,head.pitch,50.667,2.3,19.9,-17.2,25.8,0.0413,0.032
polyphemus,head.pitch,50.75,3.9,19.9,-17.2,25.8,0.0648,0.053
polyphemus,head.pitch,50.833,5.2,15.3,-17.2,25.8,0.0894,0.064
polyphemus,head.pitch,50.917,5.7,6.1,-17.2,25.8,0.1014,0.042
polyphemus,head.pitch,51,5.7,0,-17.2,25.8,0.0989,0.02
polyphemus,head.pitch,89.25,5.7,0,-17.2,25.8,0.094,0.018
polyphemus,jaw,0,0,0,-2.9,34.4,0,0
polyphemus,jaw,0.75,0.1,0.7,-2.9,34.4,0.0002,0
polyphemus,jaw,0.833,0.2,1,-2.9,34.4,0.0004,0
polyphemus,jaw,0.917,0.3,1.2,-2.9,34.4,0.0006,0
polyphemus,jaw,1,0.4,1.4,-2.9,34.4,0.0009,0
polyphemus,jaw,1.083,0.5,1.6,-2.9,34.4,0.0011,0
polyphemus,jaw,1.167,0.7,1.7,-2.9,34.4,0.0014,0
polyphemus,jaw,1.25,0.8,1.8,-2.9,34.4,0.0017,0
polyphemus,jaw,1.333,1,1.9,-2.9,34.4,0.0021,0
polyphemus,jaw,1.417,1.2,2,-2.9,34.4,0.0024,0
polyphemus,jaw,1.5,1.3,2,-2.9,34.4,0.0027,0
polyphemus,jaw,1.583,1.5,2,-2.9,34.4,0.0031,0
polyphemus,jaw,1.667,1.7,2,-2.9,34.4,0.0034,0
polyphemus,jaw,1.75,1.8,2,-2.9,34.4,0.0038,0
polyphemus,jaw,1.833,2,1.9,-2.9,34.4,0.0041,0
polyphemus,jaw,1.917,2.2,1.8,-2.9,34.4,0.0044,0
polyphemus,jaw,2,2.3,1.7,-2.9,34.4,0.0047,0
polyphemus,jaw,2.083,2.4,1.6,-2.9,34.4,0.005,0
polyphemus,jaw,2.167,2.5,1.4,-2.9,34.4,0.0052,0
polyphemus,jaw,2.25,2.7,1.2,-2.9,34.4,0.0055,0
polyphemus,jaw,2.333,2.7,1,-2.9,34.4,0.0056,0
polyphemus,jaw,2.417,2.8,0.8,-2.9,34.4,0.0058,0
polyphemus,jaw,2.5,2.8,0.5,-2.9,34.4,0.0059,0
polyphemus,jaw,2.583,2.9,0.2,-2.9,34.4,0.0059,0
polyphemus,jaw,2.667,12.9,120.3,-2.9,34.4,0.0343,0.146
polyphemus,jaw,2.75,20,85.9,-2.9,34.4,0.0426,0.131
polyphemus,jaw,2.833,19.9,-2,-2.9,34.4,0.0459,0.007
polyphemus,jaw,2.917,19.5,-4.1,-2.9,34.4,0.0395,0.009
polyphemus,jaw,3,19,-5.9,-2.9,34.4,0.0385,0.011
polyphemus,jaw,3.083,18.4,-7.5,-2.9,34.4,0.0373,0.012
polyphemus,jaw,3.167,17.7,-8.7,-2.9,34.4,0.0359,0.014
polyphemus,jaw,3.25,16.9,-9.8,-2.9,34.4,0.0343,0.014
polyphemus,jaw,3.333,16,-10.5,-2.9,34.4,0.0325,0.014
polyphemus,jaw,3.417,15.1,-11,-2.9,34.4,0.0307,0.014
polyphemus,jaw,3.5,14.2,-11.2,-2.9,34.4,0.0288,0.013
polyphemus,jaw,3.583,13.2,-11.2,-2.9,34.4,0.0269,0.012
polyphemus,jaw,3.667,12.3,-10.8,-2.9,34.4,0.0251,0.011
polyphemus,jaw,3.75,11.5,-10.3,-2.9,34.4,0.0234,0.009
polyphemus,jaw,3.833,10.7,-9.4,-2.9,34.4,0.0219,0.008
polyphemus,jaw,3.917,10,-8.3,-2.9,34.4,0.0205,0.007
polyphemus,jaw,4,9.4,-6.9,-2.9,34.4,0.0193,0.005
polyphemus,jaw,4.083,9,-5.3,-2.9,34.4,0.0185,0.004
polyphemus,jaw,4.167,8.7,-3.4,-2.9,34.4,0.0179,0.003
polyphemus,jaw,4.25,8.6,-1.2,-2.9,34.4,0.0177,0.001
polyphemus,jaw,4.333,8.7,0.9,-2.9,34.4,0.0179,0.001
polyphemus,jaw,4.417,8.9,2.5,-2.9,34.4,0.0183,0.002
polyphemus,jaw,4.5,9.2,3.9,-2.9,34.4,0.0189,0.003
polyphemus,jaw,4.583,9.6,5.1,-2.9,34.4,0.0197,0.004
polyphemus,jaw,4.667,10.1,6.1,-2.9,34.4,0.0208,0.005
polyphemus,jaw,4.75,10.7,6.9,-2.9,34.4,0.0219,0.006
polyphemus,jaw,4.833,11.3,7.6,-2.9,34.4,0.0232,0.007
polyphemus,jaw,4.917,12,8,-2.9,34.4,0.0245,0.008
polyphemus,jaw,5,12.7,8.2,-2.9,34.4,0.0259,0.009
polyphemus,jaw,5.083,13.4,8.3,-2.9,34.4,0.0272,0.009
polyphemus,jaw,5.167,14.1,8.2,-2.9,34.4,0.0286,0.01
polyphemus,jaw,5.25,14.7,7.8,-2.9,34.4,0.0299,0.01
polyphemus,jaw,5.333,15.3,7.3,-2.9,34.4,0.0311,0.01
polyphemus,jaw,5.417,15.9,6.6,-2.9,34.4,0.0322,0.01
polyphemus,jaw,5.5,16.3,5.7,-2.9,34.4,0.0332,0.009
polyphemus,jaw,5.583,16.7,4.6,-2.9,34.4,0.034,0.008
polyphemus,jaw,5.667,17,3.3,-2.9,34.4,0.0345,0.006
polyphemus,jaw,5.75,17.2,1.8,-2.9,34.4,0.0348,0.005
polyphemus,jaw,5.833,13,-49.6,-2.9,34.4,0.03,0.054
polyphemus,jaw,5.917,1.1,-142.6,-2.9,34.4,0.0086,0.043
polyphemus,jaw,6,1.2,0.6,-2.9,34.4,0.0121,0.001
polyphemus,jaw,6.083,1.3,1.4,-2.9,34.4,0.0028,0
polyphemus,jaw,6.167,1.5,2,-2.9,34.4,0.0031,0
polyphemus,jaw,6.25,1.7,2.4,-2.9,34.4,0.0035,0
polyphemus,jaw,6.333,1.9,2.7,-2.9,34.4,0.0039,0
polyphemus,jaw,6.417,2.1,2.7,-2.9,34.4,0.0044,0
polyphemus,jaw,6.5,2.4,2.6,-2.9,34.4,0.0048,0
polyphemus,jaw,6.583,2.6,2.4,-2.9,34.4,0.0053,0
polyphemus,jaw,6.667,2.7,1.9,-2.9,34.4,0.0056,0
polyphemus,jaw,6.75,2.8,1.3,-2.9,34.4,0.0058,0
polyphemus,jaw,6.833,2.9,0.5,-2.9,34.4,0.0059,0
polyphemus,jaw,6.917,14.9,145,-2.9,34.4,0.04,0.206
polyphemus,jaw,7,20,60.9,-2.9,34.4,0.0459,0.102
polyphemus,jaw,7.083,19.8,-3,-2.9,34.4,0.0441,0.009
polyphemus,jaw,7.167,19.3,-5.7,-2.9,34.4,0.0391,0.011
polyphemus,jaw,7.25,18.6,-7.9,-2.9,34.4,0.0378,0.013
polyphemus,jaw,7.333,17.8,-9.8,-2.9,34.4,0.0362,0.015
polyphemus,jaw,7.417,16.9,-11.2,-2.9,34.4,0.0343,0.016
polyphemus,jaw,7.5,15.9,-12.2,-2.9,34.4,0.0323,0.016
polyphemus,jaw,7.583,14.8,-12.8,-2.9,34.4,0.0301,0.015
polyphemus,jaw,7.667,13.7,-13,-2.9,34.4,0.0279,0.014
polyphemus,jaw,7.75,12.7,-12.8,-2.9,34.4,0.0258,0.013
polyphemus,jaw,7.833,11.6,-12.1,-2.9,34.4,0.0238,0.011
polyphemus,jaw,7.917,10.7,-11.1,-2.9,34.4,0.022,0.009
polyphemus,jaw,8,9.9,-9.6,-2.9,34.4,0.0204,0.008
polyphemus,jaw,8.083,9.3,-7.7,-2.9,34.4,0.0191,0.006
polyphemus,jaw,8.167,8.8,-5.4,-2.9,34.4,0.0182,0.004
polyphemus,jaw,8.25,8.6,-2.7,-2.9,34.4,0.0178,0.002
polyphemus,jaw,8.333,8.6,0.3,-2.9,34.4,0.0179,0.001
polyphemus,jaw,8.417,8.8,2.5,-2.9,34.4,0.0183,0.002
polyphemus,jaw,8.5,9.2,4.4,-2.9,34.4,0.019,0.004
polyphemus,jaw,8.583,9.7,6,-2.9,34.4,0.02,0.005
polyphemus,jaw,8.667,10.3,7.3,-2.9,34.4,0.0212,0.006
polyphemus,jaw,8.75,11,8.4,-2.9,34.4,0.0226,0.008
polyphemus,jaw,8.833,11.8,9.1,-2.9,34.4,0.0241,0.009
polyphemus,jaw,8.917,12.6,9.5,-2.9,34.4,0.0256,0.01
polyphemus,jaw,9,13.4,9.6,-2.9,34.4,0.0272,0.011
polyphemus,jaw,9.083,14.2,9.4,-2.9,34.4,0.0288,0.011
polyphemus,jaw,9.167,14.9,9,-2.9,34.4,0.0303,0.011
polyphemus,jaw,9.25,15.6,8.2,-2.9,34.4,0.0317,0.011
polyphemus,jaw,9.333,16.2,7.1,-2.9,34.4,0.0329,0.01
polyphemus,jaw,9.417,16.7,5.7,-2.9,34.4,0.0338,0.009
polyphemus,jaw,9.5,17,4.1,-2.9,34.4,0.0345,0.007
polyphemus,jaw,9.583,17.2,2.1,-2.9,34.4,0.0349,0.005
polyphemus,jaw,9.667,10,-86.4,-2.9,34.4,0.0263,0.081
polyphemus,jaw,9.75,1.1,-105.8,-2.9,34.4,0.0037,0.014
polyphemus,jaw,9.833,1.2,0.5,-2.9,34.4,0.0096,0
polyphemus,jaw,9.917,1.3,1,-2.9,34.4,0.0026,0
polyphemus,jaw,10,1.4,1.4,-2.9,34.4,0.0029,0
polyphemus,jaw,10.083,1.5,1.7,-2.9,34.4,0.0032,0
polyphemus,jaw,10.167,1.7,2,-2.9,34.4,0.0035,0
polyphemus,jaw,10.25,1.9,2.1,-2.9,34.4,0.0039,0
polyphemus,jaw,10.333,2.1,2.2,-2.9,34.4,0.0042,0
polyphemus,jaw,10.417,2.2,2.2,-2.9,34.4,0.0046,0
polyphemus,jaw,10.5,2.4,2,-2.9,34.4,0.0049,0
polyphemus,jaw,10.583,2.6,1.8,-2.9,34.4,0.0053,0
polyphemus,jaw,10.667,2.7,1.6,-2.9,34.4,0.0055,0
polyphemus,jaw,10.75,2.8,1.2,-2.9,34.4,0.0058,0
polyphemus,jaw,10.833,2.8,0.7,-2.9,34.4,0.0059,0
polyphemus,jaw,10.917,3.8,11,-2.9,34.4,0.0084,0.003
polyphemus,jaw,11,18.8,180.2,-2.9,34.4,0.0492,0.314
polyphemus,jaw,11.083,19.7,11.5,-2.9,34.4,0.0511,0.026
polyphemus,jaw,11.167,18.5,-14.6,-2.9,34.4,0.0391,0.023
polyphemus,jaw,11.25,16.7,-22.2,-2.9,34.4,0.0343,0.029
polyphemus,jaw,11.333,14.5,-26.1,-2.9,34.4,0.0297,0.029
polyphemus,jaw,11.417,12.3,-26.4,-2.9,34.4,0.0251,0.024
polyphemus,jaw,11.5,10.4,-23,-2.9,34.4,0.0214,0.018
polyphemus,jaw,11.583,9,-16,-2.9,34.4,0.019,0.011
polyphemus,jaw,11.667,8.6,-5.4,-2.9,34.4,0.0183,0.004
polyphemus,jaw,11.75,9,5.2,-2.9,34.4,0.0192,0.004
polyphemus,jaw,11.833,10.1,12.4,-2.9,34.4,0.021,0.01
polyphemus,jaw,11.917,11.5,17.1,-2.9,34.4,0.0237,0.015
polyphemus,jaw,12,13.1,19.2,-2.9,34.4,0.0268,0.019
polyphemus,jaw,12.083,14.7,19,-2.9,34.4,0.0298,0.022
polyphemus,jaw,12.167,16,16.2,-2.9,34.4,0.0327,0.021
polyphemus,jaw,12.25,16.9,10.9,-2.9,34.4,0.0346,0.016
polyphemus,jaw,12.333,16.4,-6.1,-2.9,34.4,0.0344,0.01
polyphemus,jaw,12.417,1.2,-182.5,-2.9,34.4,0.0143,0.091
polyphemus,jaw,12.5,1.2,-0.5,-2.9,34.4,0.0146,0.001
polyphemus,jaw,12.667,1.2,0.7,-2.9,34.4,0.0026,0
polyphemus,jaw,12.75,1.3,0.9,-2.9,34.4,0.0027,0
polyphemus,jaw,12.833,1.4,1.1,-2.9,34.4,0.0029,0
polyphemus,jaw,12.917,1.5,1.2,-2.9,34.4,0.0031,0
polyphemus,jaw,13,1.6,1.3,-2.9,34.4,0.0033,0
polyphemus,jaw,13.083,1.7,1.4,-2.9,34.4,0.0036,0
polyphemus,jaw,13.167,1.9,1.5,-2.9,34.4,0.0038,0
polyphemus,jaw,13.25,2,1.5,-2.9,34.4,0.0041,0
polyphemus,jaw,13.333,2.1,1.5,-2.9,34.4,0.0044,0
polyphemus,jaw,13.417,2.2,1.5,-2.9,34.4,0.0046,0
polyphemus,jaw,13.5,2.4,1.4,-2.9,34.4,0.0049,0
polyphemus,jaw,13.583,2.5,1.4,-2.9,34.4,0.0051,0
polyphemus,jaw,13.667,2.6,1.2,-2.9,34.4,0.0053,0
polyphemus,jaw,13.75,2.7,1.1,-2.9,34.4,0.0055,0
polyphemus,jaw,13.833,2.7,0.9,-2.9,34.4,0.0057,0
polyphemus,jaw,13.917,2.8,0.7,-2.9,34.4,0.0058,0
polyphemus,jaw,14,2.8,0.5,-2.9,34.4,0.0059,0
polyphemus,jaw,14.167,12.9,120.3,-2.9,34.4,0.0343,0.146
polyphemus,jaw,14.25,20,85.8,-2.9,34.4,0.0426,0.131
polyphemus,jaw,14.333,19.8,-2.6,-2.9,34.4,0.0458,0.008
polyphemus,jaw,14.417,19.4,-5.2,-2.9,34.4,0.0393,0.01
polyphemus,jaw,14.5,18.8,-7.5,-2.9,34.4,0.038,0.013
polyphemus,jaw,14.583,18,-9.3,-2.9,34.4,0.0365,0.015
polyphemus,jaw,14.667,17.1,-10.8,-2.9,34.4,0.0347,0.015
polyphemus,jaw,14.75,16.1,-11.9,-2.9,34.4,0.0327,0.016
polyphemus,jaw,14.833,15,-12.5,-2.9,34.4,0.0306,0.015
polyphemus,jaw,14.917,14,-12.8,-2.9,34.4,0.0285,0.014
polyphemus,jaw,15,12.9,-12.7,-2.9,34.4,0.0263,0.013
polyphemus,jaw,15.083,11.9,-12.2,-2.9,34.4,0.0243,0.012
polyphemus,jaw,15.167,11,-11.2,-2.9,34.4,0.0225,0.01
polyphemus,jaw,15.25,10.2,-9.9,-2.9,34.4,0.0208,0.008
polyphemus,jaw,15.333,9.5,-8.2,-2.9,34.4,0.0195,0.006
polyphemus,jaw,15.417,9,-6.1,-2.9,34.4,0.0185,0.005
polyphemus,jaw,15.5,8.7,-3.6,-2.9,34.4,0.0179,0.003
polyphemus,jaw,15.583,8.6,-0.7,-2.9,34.4,0.0178,0.001
polyphemus,jaw,15.667,8.7,1.7,-2.9,34.4,0.0181,0.002
polyphemus,jaw,15.75,9.1,3.7,-2.9,34.4,0.0186,0.003
polyphemus,jaw,15.833,9.5,5.3,-2.9,34.4,0.0195,0.004
polyphemus,jaw,15.917,10.1,6.7,-2.9,34.4,0.0207,0.006
polyphemus,jaw,16,10.7,7.8,-2.9,34.4,0.022,0.007
polyphemus,jaw,16.083,11.4,8.7,-2.9,34.4,0.0234,0.008
polyphemus,jaw,16.167,12.2,9.2,-2.9,34.4,0.0249,0.009
polyphemus,jaw,16.25,13,9.4,-2.9,34.4,0.0265,0.01
polyphemus,jaw,16.333,13.8,9.4,-2.9,34.4,0.028,0.011
polyphemus,jaw,16.417,14.5,9.1,-2.9,34.4,0.0296,0.011
polyphemus,jaw,16.5,15.2,8.5,-2.9,34.4,0.031,0.011
polyphemus,jaw,16.583,15.9,7.6,-2.9,34.4,0.0322,0.011
polyphemus,jaw,16.667,16.4,6.4,-2.9,34.4,0.0333,0.01
polyphemus,jaw,16.75,16.8,5,-2.9,34.4,0.0342,0.008
polyphemus,jaw,16.833,17.1,3.2,-2.9,34.4,0.0347,0.006
polyphemus,jaw,16.917,17.2,1.2,-2.9,34.4,0.0349,0.004
polyphemus,jaw,17,2.8,-172.5,-2.9,34.4,0.0174,0.105
polyphemus,jaw,17.083,1.3,-18.1,-2.9,34.4,0.013,0.009
polyphemus,jaw,17.167,1.8,6.3,-2.9,34.4,0.0054,0.001
polyphemus,jaw,17.25,2.4,7.3,-2.9,34.4,0.0051,0.001
polyphemus,jaw,17.333,2.8,4.7,-2.9,34.4,0.006,0.001
polyphemus,jaw,17.417,10.7,94.9,-2.9,34.4,0.028,0.094
polyphemus,jaw,17.5,20,110.8,-2.9,34.4,0.0413,0.163
polyphemus,jaw,17.583,18.2,-20.9,-2.9,34.4,0.0457,0.037
polyphemus,jaw,17.667,15.1,-37.8,-2.9,34.4,0.0318,0.044
polyphemus,jaw,17.75,11.7,-40.8,-2.9,34.4,0.0241,0.035
polyphemus,jaw,17.833,9.2,-30,-2.9,34.4,0.0195,0.021
polyphemus,jaw,17.917,8.7,-6,-2.9,34.4,0.0194,0.005
polyphemus,jaw,18,10,15.7,-2.9,34.4,0.0219,0.013
polyphemus,jaw,18.083,12.2,27,-2.9,34.4,0.0257,0.026
polyphemus,jaw,18.167,14.7,29.3,-2.9,34.4,0.03,0.033
polyphemus,jaw,18.25,16.6,22.7,-2.9,34.4,0.034,0.029
polyphemus,jaw,18.333,16.4,-2,-2.9,34.4,0.0349,0.005
polyphemus,jaw,18.417,1.2,-182.5,-2.9,34.4,0.0146,0.093
polyphemus,jaw,18.5,1.2,-0.2,-2.9,34.4,0.0146,0.001
polyphemus,jaw,18.583,1.3,1.2,-2.9,34.4,0.0027,0
polyphemus,jaw,18.667,1.4,1.9,-2.9,34.4,0.003,0
polyphemus,jaw,18.75,1.6,2.3,-2.9,34.4,0.0034,0
polyphemus,jaw,18.833,1.9,2.6,-2.9,34.4,0.0038,0
polyphemus,jaw,18.917,2.1,2.7,-2.9,34.4,0.0043,0
polyphemus,jaw,19,2.3,2.7,-2.9,34.4,0.0047,0
polyphemus,jaw,19.083,2.5,2.5,-2.9,34.4,0.0052,0
polyphemus,jaw,19.167,2.7,2,-2.9,34.4,0.0055,0
polyphemus,jaw,19.25,2.8,1.5,-2.9,34.4,0.0058,0
polyphemus,jaw,19.333,2.9,0.7,-2.9,34.4,0.0059,0
polyphemus,jaw,19.417,8.8,70.8,-2.9,34.4,0.0226,0.057
polyphemus,jaw,19.5,1.1,-91.4,-2.9,34.4,0.0132,0.043
polyphemus,jaw,19.583,1.2,0.4,-2.9,34.4,0.0086,0
polyphemus,jaw,19.667,1.2,0.8,-2.9,34.4,0.0026,0
polyphemus,jaw,19.75,1.3,1.1,-2.9,34.4,0.0028,0
polyphemus,jaw,19.833,1.5,1.4,-2.9,34.4,0.003,0
polyphemus,jaw,19.917,1.6,1.7,-2.9,34.4,0.0033,0
polyphemus,jaw,20,1.8,1.8,-2.9,34.4,0.0036,0
polyphemus,jaw,20.083,1.9,1.9,-2.9,34.4,0.0039,0
polyphemus,jaw,20.167,2.1,2,-2.9,34.4,0.0043,0
polyphemus,jaw,20.25,2.2,2,-2.9,34.4,0.0046,0
polyphemus,jaw,20.333,2.4,1.9,-2.9,34.4,0.0049,0
polyphemus,jaw,20.417,2.5,1.7,-2.9,34.4,0.0052,0
polyphemus,jaw,20.5,2.7,1.5,-2.9,34.4,0.0055,0
polyphemus,jaw,20.583,2.8,1.2,-2.9,34.4,0.0057,0
polyphemus,jaw,20.667,2.8,0.8,-2.9,34.4,0.0058,0
polyphemus,jaw,20.75,2.9,0.4,-2.9,34.4,0.0059,0
polyphemus,jaw,20.833,10,86,-2.9,34.4,0.0262,0.08
polyphemus,jaw,20.917,20,119.8,-2.9,34.4,0.0426,0.182
polyphemus,jaw,21,18.9,-12.9,-2.9,34.4,0.0471,0.026
polyphemus,jaw,21.083,16.8,-25.9,-2.9,34.4,0.0349,0.034
polyphemus,jaw,21.167,14.1,-32.2,-2.9,34.4,0.0291,0.034
polyphemus,jaw,21.25,11.5,-31.6,-2.9,34.4,0.0234,0.027
polyphemus,jaw,21.333,9.4,-24.3,-2.9,34.4,0.0198,0.018
polyphemus,jaw,21.417,8.6,-10.2,-2.9,34.4,0.0185,0.007
polyphemus,jaw,21.5,9.1,6.1,-2.9,34.4,0.0197,0.005
polyphemus,jaw,21.583,10.5,16.5,-2.9,34.4,0.0221,0.014
polyphemus,jaw,21.667,12.3,22.3,-2.9,34.4,0.0255,0.021
polyphemus,jaw,21.75,14.3,23.6,-2.9,34.4,0.0292,0.026
polyphemus,jaw,21.833,16,20.3,-2.9,34.4,0.0327,0.025
polyphemus,jaw,21.917,17,12.5,-2.9,34.4,0.035,0.018
polyphemus,jaw,22,11.5,-65.9,-2.9,34.4,0.0288,0.068
polyphemus,jaw,22.083,1.2,-124.6,-2.9,34.4,0.0063,0.028
polyphemus,jaw,22.167,1.3,1.9,-2.9,34.4,0.0112,0.001
polyphemus,jaw,22.25,1.6,3.6,-2.9,34.4,0.0034,0
polyphemus,jaw,22.333,2,4.4,-2.9,34.4,0.0041,0.001
polyphemus,jaw,22.417,2.3,4.5,-2.9,34.4,0.0048,0.001
polyphemus,jaw,22.5,2.7,3.7,-2.9,34.4,0.0055,0.001
polyphemus,jaw,22.583,2.8,2.2,-2.9,34.4,0.0059,0.001
polyphemus,jaw,22.667,8.6,69.6,-2.9,34.4,0.0222,0.055
polyphemus,jaw,22.75,19.6,131,-2.9,34.4,0.0435,0.203
polyphemus,jaw,22.833,9,-126.6,-2.9,34.4,0.0357,0.16
polyphemus,jaw,22.917,17.2,97.8,-2.9,34.4,0.0498,0.175
polyphemus,jaw,23,2.8,-172.2,-2.9,34.4,0.0239,0.145
polyphemus,jaw,23.083,1.2,-19.6,-2.9,34.4,0.0127,0.009
polyphemus,jaw,23.167,1.3,1.8,-2.9,34.4,0.0042,0
polyphemus,jaw,23.25,1.6,2.8,-2.9,34.4,0.0033,0
polyphemus,jaw,23.333,1.8,3.3,-2.9,34.4,0.0038,0
polyphemus,jaw,23.417,2.1,3.6,-2.9,34.4,0.0044,0.001
polyphemus,jaw,23.5,2.4,3.4,-2.9,34.4,0.005,0.001
polyphemus,jaw,23.583,2.7,2.8,-2.9,34.4,0.0055,0.001
polyphemus,jaw,23.667,2.8,1.9,-2.9,34.4,0.0058,0
polyphemus,jaw,23.75,16.3,161.8,-2.9,34.4,0.0437,0.251
polyphemus,jaw,23.833,1.5,-177.4,-2.9,34.4,0.0258,0.161
polyphemus,jaw,23.917,20,222.5,-2.9,34.4,0.0672,0.531
polyphemus,jaw,24,20,-0.4,-2.9,34.4,0.0552,0.007
polyphemus,jaw,24.083,20,-0.7,-2.9,34.4,0.0402,0.004
polyphemus,jaw,24.167,19.9,-0.9,-2.9,34.4,0.0401,0.005
polyphemus,jaw,24.25,19.8,-1.2,-2.9,34.4,0.0399,0.005
polyphemus,jaw,24.333,19.7,-1.5,-2.9,34.4,0.0396,0.005
polyphemus,jaw,24.417,19.5,-1.7,-2.9,34.4,0.0393,0.005
polyphemus,jaw,24.5,19.4,-2,-2.9,34.4,0.039,0.006
polyphemus,jaw,24.583,19.2,-2.2,-2.9,34.4,0.0387,0.006
polyphemus,jaw,24.667,19,-2.5,-2.9,34.4,0.0383,0.006
polyphemus,jaw,24.75,18.7,-2.7,-2.9,34.4,0.0378,0.006
polyphemus,jaw,24.833,18.5,-2.9,-2.9,34.4,0.0374,0.007
polyphemus,jaw,24.917,18.2,-3.1,-2.9,34.4,0.0369,0.007
polyphemus,jaw,25,18,-3.3,-2.9,34.4,0.0363,0.007
polyphemus,jaw,25.083,17.7,-3.5,-2.9,34.4,0.0358,0.007
polyphemus,jaw,25.167,17.4,-3.6,-2.9,34.4,0.0352,0.007
polyphemus,jaw,25.25,17.1,-3.8,-2.9,34.4,0.0345,0.007
polyphemus,jaw,25.333,16.7,-4,-2.9,34.4,0.0339,0.007
polyphemus,jaw,25.417,16.4,-4.1,-2.9,34.4,0.0332,0.007
polyphemus,jaw,25.5,16,-4.3,-2.9,34.4,0.0325,0.007
polyphemus,jaw,25.583,15.7,-4.4,-2.9,34.4,0.0318,0.007
polyphemus,jaw,25.667,15.3,-4.5,-2.9,34.4,0.031,0.007
polyphemus,jaw,25.75,14.9,-4.6,-2.9,34.4,0.0303,0.007
polyphemus,jaw,25.833,14.5,-4.7,-2.9,34.4,0.0295,0.007
polyphemus,jaw,25.917,14.1,-4.8,-2.9,34.4,0.0287,0.006
polyphemus,jaw,26,13.7,-4.9,-2.9,34.4,0.0279,0.006
polyphemus,jaw,26.083,13.3,-5,-2.9,34.4,0.027,0.006
polyphemus,jaw,26.167,12.9,-5.1,-2.9,34.4,0.0262,0.006
polyphemus,jaw,26.25,12.4,-5.1,-2.9,34.4,0.0253,0.006
polyphemus,jaw,26.333,12,-5.2,-2.9,34.4,0.0245,0.006
polyphemus,jaw,26.417,11.6,-5.2,-2.9,34.4,0.0236,0.005
polyphemus,jaw,26.5,11.1,-5.2,-2.9,34.4,0.0227,0.005
polyphemus,jaw,26.583,10.7,-5.3,-2.9,34.4,0.0218,0.005
polyphemus,jaw,26.667,10.3,-5.3,-2.9,34.4,0.021,0.005
polyphemus,jaw,26.75,9.8,-5.3,-2.9,34.4,0.0201,0.005
polyphemus,jaw,26.833,9.4,-5.3,-2.9,34.4,0.0192,0.004
polyphemus,jaw,26.917,8.9,-5.3,-2.9,34.4,0.0183,0.004
polyphemus,jaw,27,8.5,-5.2,-2.9,34.4,0.0174,0.004
polyphemus,jaw,27.083,8.1,-5.2,-2.9,34.4,0.0165,0.004
polyphemus,jaw,27.167,7.6,-5.2,-2.9,34.4,0.0156,0.003
polyphemus,jaw,27.25,7.2,-5.1,-2.9,34.4,0.0148,0.003
polyphemus,jaw,27.333,6.8,-5.1,-2.9,34.4,0.0139,0.003
polyphemus,jaw,27.417,6.4,-5,-2.9,34.4,0.0131,0.003
polyphemus,jaw,27.5,6,-4.9,-2.9,34.4,0.0122,0.002
polyphemus,jaw,27.583,5.6,-4.8,-2.9,34.4,0.0114,0.002
polyphemus,jaw,27.667,5.2,-4.7,-2.9,34.4,0.0106,0.002
polyphemus,jaw,27.75,4.8,-4.6,-2.9,34.4,0.0098,0.002
polyphemus,jaw,27.833,4.4,-4.5,-2.9,34.4,0.0091,0.002
polyphemus,jaw,27.917,4,-4.4,-2.9,34.4,0.0083,0.001
polyphemus,jaw,28,3.7,-4.3,-2.9,34.4,0.0076,0.001
polyphemus,jaw,28.083,3.3,-4.1,-2.9,34.4,0.0069,0.001
polyphemus,jaw,28.167,3,-4,-2.9,34.4,0.0062,0.001
polyphemus,jaw,28.25,2.7,-3.8,-2.9,34.4,0.0055,0.001
polyphemus,jaw,28.333,2.4,-3.7,-2.9,34.4,0.0049,0.001
polyphemus,jaw,28.417,2.1,-3.5,-2.9,34.4,0.0043,0.001
polyphemus,jaw,28.5,1.8,-3.3,-2.9,34.4,0.0038,0
polyphemus,jaw,28.583,1.6,-3.1,-2.9,34.4,0.0032,0
polyphemus,jaw,28.667,1.3,-2.9,-2.9,34.4,0.0027,0
polyphemus,jaw,28.75,1.1,-2.7,-2.9,34.4,0.0023,0
polyphemus,jaw,28.833,0.9,-2.5,-2.9,34.4,0.0019,0
polyphemus,jaw,28.917,0.7,-2.2,-2.9,34.4,0.0015,0
polyphemus,jaw,29,0.5,-2,-2.9,34.4,0.0011,0
polyphemus,jaw,29.083,0.4,-1.7,-2.9,34.4,0.0008,0
polyphemus,jaw,29.167,0.3,-1.5,-2.9,34.4,0.0006,0
polyphemus,jaw,29.25,0.2,-1.2,-2.9,34.4,0.0004,0
polyphemus,jaw,29.333,0.1,-0.9,-2.9,34.4,0.0002,0
polyphemus,jaw,29.417,0,-0.7,-2.9,34.4,0.0001,0
polyphemus,jaw,29.5,0,-0.4,-2.9,34.4,0,0
polyphemus,jaw,43.583,11.9,142.5,-2.9,34.4,0.0338,0.17
polyphemus,jaw,43.667,34.4,270,-2.9,34.4,0.075,0.718
polyphemus,jaw,43.75,34.4,0,-2.9,34.4,0.0846,0.014
polyphemus,jaw,47.083,34.3,-1,-2.9,34.4,0.0664,0.011
polyphemus,jaw,47.167,33.9,-5.1,-2.9,34.4,0.0659,0.02
polyphemus,jaw,47.25,33.4,-5.1,-2.9,34.4,0.0649,0.02
polyphemus,jaw,47.333,33,-5.1,-2.9,34.4,0.0641,0.02
polyphemus,jaw,47.417,32.6,-5.1,-2.9,34.4,0.0634,0.019
polyphemus,jaw,47.5,32.2,-5.1,-2.9,34.4,0.0627,0.019
polyphemus,jaw,47.583,31.7,-5,-2.9,34.4,0.0619,0.019
polyphemus,jaw,47.667,31.3,-5,-2.9,34.4,0.0612,0.018
polyphemus,jaw,47.75,30.9,-4.9,-2.9,34.4,0.0605,0.018
polyphemus,jaw,47.833,30.5,-4.9,-2.9,34.4,0.0598,0.017
polyphemus,jaw,47.917,30.1,-4.8,-2.9,34.4,0.0591,0.017
polyphemus,jaw,48,29.7,-4.8,-2.9,34.4,0.0584,0.017
polyphemus,jaw,48.083,29.3,-4.7,-2.9,34.4,0.0577,0.016
polyphemus,jaw,48.167,28.9,-4.6,-2.9,34.4,0.057,0.016
polyphemus,jaw,48.25,28.6,-4.5,-2.9,34.4,0.0563,0.015
polyphemus,jaw,48.333,28.2,-4.4,-2.9,34.4,0.0556,0.015
polyphemus,jaw,48.417,27.8,-4.3,-2.9,34.4,0.055,0.014
polyphemus,jaw,48.5,27.5,-4.2,-2.9,34.4,0.0543,0.014
polyphemus,jaw,48.583,27.1,-4.1,-2.9,34.4,0.0537,0.014
polyphemus,jaw,48.667,26.8,-4,-2.9,34.4,0.0531,0.013
polyphemus,jaw,48.75,26.5,-3.9,-2.9,34.4,0.0525,0.013
polyphemus,jaw,48.833,26.2,-3.8,-2.9,34.4,0.0519,0.012
polyphemus,jaw,48.917,29.1,35.3,-2.9,34.4,0.0599,0.081
polyphemus,jaw,49,34.4,63.4,-2.9,34.4,0.0684,0.161
polyphemus,jaw,49.083,34.4,0,-2.9,34.4,0.0707,0.01
polyphemus,jaw,49.5,33.8,-7.5,-2.9,34.4,0.0659,0.026
polyphemus,jaw,49.583,30.9,-34.4,-2.9,34.4,0.0622,0.083
polyphemus,jaw,49.667,28.2,-32.6,-2.9,34.4,0.0557,0.07
polyphemus,jaw,49.75,25.8,-27.9,-2.9,34.4,0.0516,0.056
polyphemus,jaw,49.833,24.1,-20.4,-2.9,34.4,0.0487,0.039
polyphemus,jaw,49.917,23.3,-10.1,-2.9,34.4,0.0473,0.021
polyphemus,jaw,50,23.2,-1.6,-2.9,34.4,0.0469,0.007
polyphemus,jaw,50.083,23.1,-1.1,-2.9,34.4,0.0462,0.006
polyphemus,jaw,50.167,23,-0.9,-2.9,34.4,0.046,0.006
polyphemus,jaw,50.25,23,-0.6,-2.9,34.4,0.0459,0.005
polyphemus,jaw,50.333,22.9,-0.4,-2.9,34.4,0.0459,0.005
polyphemus,jaw,50.5,29.3,77,-2.9,34.4,0.0628,0.177
polyphemus,jaw,50.583,34.4,60.5,-2.9,34.4,0.0676,0.152
polyphemus,jaw,50.667,34.4,0,-2.9,34.4,0.0705,0.01
polyphemus,jaw,89.25,34.4,0,-2.9,34.4,0.0665,0.009
polyphemus,arm.R.pitch,0,0,0,-183.3,51.6,0,0
polyphemus,arm.R.pitch,43.75,-1,-11.6,-183.3,51.6,0.1106,0.069
polyphemus,arm.R.pitch,43.833,-10.7,-117.3,-183.3,51.6,1.1017,6.937
polyphemus,arm.R.pitch,43.917,-28.2,-209.7,-183.3,51.6,1.8753,20.76
polyphemus,arm.R.pitch,44,-49.9,-260.1,-183.3,51.6,2.5148,35.482
polyphemus,arm.R.pitch,44.083,-72.3,-268.5,-183.3,51.6,2.8472,42.901
polyphemus,arm.R.pitch,44.167,-91.8,-234.9,-183.3,51.6,3.1173,45
polyphemus,arm.R.pitch,44.25,-105.1,-159.4,-183.3,51.6,3.2368,38.959
polyphemus,arm.R.pitch,44.333,-108.9,-44.8,-183.3,51.6,3.3846,28.208
polyphemus,arm.R.pitch,44.417,-108.8,0.2,-183.3,51.6,3.0208,18.267
polyphemus,arm.R.pitch,44.583,-108.8,0.6,-183.3,51.6,2.7877,15.601
polyphemus,arm.R.pitch,44.667,-108.7,0.8,-183.3,51.6,2.7888,15.633
polyphemus,arm.R.pitch,44.75,-108.6,1,-183.3,51.6,2.7901,15.668
polyphemus,arm.R.pitch,44.833,-108.5,1.2,-183.3,51.6,2.7917,15.706
polyphemus,arm.R.pitch,44.917,-108.4,1.4,-183.3,51.6,2.7936,15.746
polyphemus,arm.R.pitch,45,-108.3,1.6,-183.3,51.6,2.7957,15.787
polyphemus,arm.R.pitch,45.083,-108.1,1.8,-183.3,51.6,2.7981,15.831
polyphemus,arm.R.pitch,45.167,-108,1.9,-183.3,51.6,2.8006,15.877
polyphemus,arm.R.pitch,45.25,-107.8,2.1,-183.3,51.6,2.8033,15.924
polyphemus,arm.R.pitch,45.333,-107.6,2.3,-183.3,51.6,2.8063,15.972
polyphemus,arm.R.pitch,45.417,-107.4,2.4,-183.3,51.6,2.8093,16.022
polyphemus,arm.R.pitch,45.5,-107.2,2.6,-183.3,51.6,2.8126,16.074
polyphemus,arm.R.pitch,45.583,-106.9,2.7,-183.3,51.6,2.8159,16.126
polyphemus,arm.R.pitch,45.667,-106.7,2.8,-183.3,51.6,2.8194,16.179
polyphemus,arm.R.pitch,45.75,-106.5,3,-183.3,51.6,2.823,16.233
polyphemus,arm.R.pitch,45.833,-106.2,3.1,-183.3,51.6,2.8267,16.287
polyphemus,arm.R.pitch,45.917,-105.9,3.2,-183.3,51.6,2.8305,16.341
polyphemus,arm.R.pitch,46,-105.7,3.3,-183.3,51.6,2.8344,16.396
polyphemus,arm.R.pitch,46.083,-105.4,3.4,-183.3,51.6,2.8383,16.451
polyphemus,arm.R.pitch,46.167,-105.1,3.5,-183.3,51.6,2.8422,16.506
polyphemus,arm.R.pitch,46.25,-104.8,3.6,-183.3,51.6,2.8461,16.56
polyphemus,arm.R.pitch,46.333,-104.5,3.7,-183.3,51.6,2.8501,16.614
polyphemus,arm.R.pitch,46.417,-104.2,3.8,-183.3,51.6,2.8541,16.668
polyphemus,arm.R.pitch,46.5,-103.8,3.9,-183.3,51.6,2.858,16.721
polyphemus,arm.R.pitch,46.583,-103.5,3.9,-183.3,51.6,2.862,16.773
polyphemus,arm.R.pitch,46.667,-103.2,4,-183.3,51.6,2.8659,16.824
polyphemus,arm.R.pitch,46.75,-102.8,4,-183.3,51.6,2.8697,16.874
polyphemus,arm.R.pitch,46.833,-102.5,4.1,-183.3,51.6,2.8735,16.923
polyphemus,arm.R.pitch,46.917,-102.2,4.1,-183.3,51.6,2.8772,16.97
polyphemus,arm.R.pitch,47,-101.8,4.2,-183.3,51.6,2.8809,17.016
polyphemus,arm.R.pitch,47.083,-101.5,4.2,-183.3,51.6,2.8845,17.061
polyphemus,arm.R.pitch,47.167,-101.1,4.2,-183.3,51.6,2.8879,17.104
polyphemus,arm.R.pitch,47.25,-100.8,4.2,-183.3,51.6,2.8913,17.145
polyphemus,arm.R.pitch,47.333,-100.4,4.2,-183.3,51.6,2.8946,17.184
polyphemus,arm.R.pitch,47.417,-100.1,4.2,-183.3,51.6,2.8978,17.222
polyphemus,arm.R.pitch,47.5,-99.7,4.2,-183.3,51.6,2.9009,17.258
polyphemus,arm.R.pitch,47.583,-99.4,4.2,-183.3,51.6,2.9039,17.293
polyphemus,arm.R.pitch,47.667,-99,4.2,-183.3,51.6,2.9068,17.325
polyphemus,arm.R.pitch,47.75,-98.7,4.2,-183.3,51.6,2.9096,17.355
polyphemus,arm.R.pitch,47.833,-98.3,4.1,-183.3,51.6,2.9122,17.384
polyphemus,arm.R.pitch,47.917,-98,4.1,-183.3,51.6,2.9148,17.41
polyphemus,arm.R.pitch,48,-97.6,4.1,-183.3,51.6,2.9172,17.434
polyphemus,arm.R.pitch,48.083,-97.3,4,-183.3,51.6,2.9194,17.456
polyphemus,arm.R.pitch,48.167,-97,4,-183.3,51.6,2.9216,17.476
polyphemus,arm.R.pitch,48.25,-96.6,3.9,-183.3,51.6,2.9236,17.493
polyphemus,arm.R.pitch,48.333,-96.3,3.8,-183.3,51.6,2.9255,17.509
polyphemus,arm.R.pitch,48.417,-96,3.8,-183.3,51.6,2.9272,17.522
polyphemus,arm.R.pitch,48.5,-95.7,3.7,-183.3,51.6,2.9289,17.533
polyphemus,arm.R.pitch,48.583,-95.4,3.6,-183.3,51.6,2.9304,17.543
polyphemus,arm.R.pitch,48.667,-95.1,3.5,-183.3,51.6,2.9318,17.55
polyphemus,arm.R.pitch,48.75,-94.8,3.4,-183.3,51.6,2.9331,17.555
polyphemus,arm.R.pitch,48.833,-94.5,3.3,-183.3,51.6,2.9343,17.559
polyphemus,arm.R.pitch,48.917,-94.3,3.2,-183.3,51.6,2.9354,17.56
polyphemus,arm.R.pitch,49,-94,3.1,-183.3,51.6,2.9364,17.56
polyphemus,arm.R.pitch,49.083,-93.8,3,-183.3,51.6,2.9373,17.558
polyphemus,arm.R.pitch,49.167,-93.5,2.8,-183.3,51.6,2.9381,17.554
polyphemus,arm.R.pitch,49.25,-93.3,2.7,-183.3,51.6,2.9388,17.548
polyphemus,arm.R.pitch,49.333,-93.1,2.5,-183.3,51.6,2.9394,17.541
polyphemus,arm.R.pitch,49.417,-92.9,2.4,-183.3,51.6,2.94,17.533
polyphemus,arm.R.pitch,49.5,-92.7,2.2,-183.3,51.6,2.9405,17.523
polyphemus,arm.R.pitch,49.583,-92.5,2.1,-183.3,51.6,2.9409,17.511
polyphemus,arm.R.pitch,49.667,-92.4,1.9,-183.3,51.6,2.9413,17.499
polyphemus,arm.R.pitch,49.75,-92.2,1.7,-183.3,51.6,2.9417,17.485
polyphemus,arm.R.pitch,49.833,-92.1,1.6,-183.3,51.6,2.9419,17.47
polyphemus,arm.R.pitch,49.917,-92,1.4,-183.3,51.6,2.9422,17.453
polyphemus,arm.R.pitch,50,-91.9,1.2,-183.3,51.6,2.9424,17.436
polyphemus,arm.R.pitch,50.083,-91.8,1,-183.3,51.6,2.9426,17.417
polyphemus,arm.R.pitch,50.167,-91.8,0.8,-183.3,51.6,2.9427,17.398
polyphemus,arm.R.pitch,50.25,-91.7,0.6,-183.3,51.6,2.9428,17.377
polyphemus,arm.R.pitch,50.333,-91.7,0.3,-183.3,51.6,2.9429,17.356
polyphemus,arm.R.pitch,89.25,-91.7,0,-183.3,51.6,2.9417,17.308
polyphemus,arm.L.pitch,0,0,0,-183.3,51.6,0,0
polyphemus,arm.L.pitch,43.833,-3.5,-42.4,-183.3,51.6,0.4034,0.922
polyphemus,arm.L.pitch,43.917,-16.1,-150.9,-183.3,51.6,1.3846,11.127
polyphemus,arm.L.pitch,44,-34.7,-222.5,-183.3,51.6,2.0485,24.304
polyphemus,arm.L.pitch,44.083,-55.9,-254.4,-183.3,51.6,2.6023,36.651
polyphemus,arm.L.pitch,44.167,-76.4,-246.4,-183.3,51.6,2.9019,41.805
polyphemus,arm.L.pitch,44.25,-92.9,-198.7,-183.3,51.6,3.189,42.459
polyphemus,arm.L.pitch,44.333,-102.2,-111.2,-183.3,51.6,3.3347,35.182
polyphemus,arm.L.pitch,44.417,-103.1,-11,-183.3,51.6,3.3906,24.296
polyphemus,arm.L.pitch,44.5,-103.1,0.3,-183.3,51.6,2.9253,17.141
polyphemus,arm.L.pitch,44.667,-103,0.7,-183.3,51.6,2.8686,16.527
polyphemus,arm.L.pitch,44.75,-102.9,0.9,-183.3,51.6,2.8694,16.558
polyphemus,arm.L.pitch,44.833,-102.8,1.1,-183.3,51.6,2.8705,16.591
polyphemus,arm.L.pitch,44.917,-102.7,1.3,-183.3,51.6,2.8717,16.625
polyphemus,arm.L.pitch,45,-102.6,1.5,-183.3,51.6,2.8731,16.66
polyphemus,arm.L.pitch,45.083,-102.5,1.7,-183.3,51.6,2.8746,16.696
polyphemus,arm.L.pitch,45.167,-102.3,1.9,-183.3,51.6,2.8763,16.733
polyphemus,arm.L.pitch,45.25,-102.1,2,-183.3,51.6,2.8781,16.772
polyphemus,arm.L.pitch,45.333,-102,2.2,-183.3,51.6,2.88,16.811
polyphemus,arm.L.pitch,45.417,-101.8,2.4,-183.3,51.6,2.8821,16.851
polyphemus,arm.L.pitch,45.5,-101.5,2.5,-183.3,51.6,2.8842,16.891
polyphemus,arm.L.pitch,45.583,-101.3,2.7,-183.3,51.6,2.8864,16.932
polyphemus,arm.L.pitch,45.667,-101.1,2.8,-183.3,51.6,2.8888,16.973
polyphemus,arm.L.pitch,45.75,-100.8,2.9,-183.3,51.6,2.8911,17.014
polyphemus,arm.L.pitch,45.833,-100.6,3.1,-183.3,51.6,2.8935,17.055
polyphemus,arm.L.pitch,45.917,-100.3,3.2,-183.3,51.6,2.896,17.096
polyphemus,arm.L.pitch,46,-100.1,3.3,-183.3,51.6,2.8984,17.136
polyphemus,arm.L.pitch,46.083,-99.8,3.4,-183.3,51.6,2.9009,17.176
polyphemus,arm.L.pitch,46.167,-99.5,3.5,-183.3,51.6,2.9034,17.216
polyphemus,arm.L.pitch,46.25,-99.2,3.6,-183.3,51.6,2.9059,17.254
polyphemus,arm.L.pitch,46.333,-98.9,3.7,-183.3,51.6,2.9083,17.292
polyphemus,arm.L.pitch,46.417,-98.5,3.8,-183.3,51.6,2.9107,17.329
polyphemus,arm.L.pitch,46.5,-98.2,3.9,-183.3,51.6,2.9131,17.364
polyphemus,arm.L.pitch,46.583,-97.9,3.9,-183.3,51.6,2.9154,17.399
polyphemus,arm.L.pitch,46.667,-97.6,4,-183.3,51.6,2.9177,17.432
polyphemus,arm.L.pitch,46.75,-97.2,4,-183.3,51.6,2.9199,17.464
polyphemus,arm.L.pitch,46.833,-96.9,4.1,-183.3,51.6,2.922,17.494
polyphemus,arm.L.pitch,46.917,-96.5,4.1,-183.3,51.6,2.924,17.522
polyphemus,arm.L.pitch,47,-96.2,4.2,-183.3,51.6,2.926,17.549
polyphemus,arm.L.pitch,47.083,-95.8,4.2,-183.3,51.6,2.9278,17.574
polyphemus,arm.L.pitch,47.167,-95.5,4.2,-183.3,51.6,2.9296,17.597
polyphemus,arm.L.pitch,47.25,-95.1,4.2,-183.3,51.6,2.9313,17.619
polyphemus,arm.L.pitch,47.333,-94.8,4.3,-183.3,51.6,2.9328,17.638
polyphemus,arm.L.pitch,47.417,-94.4,4.3,-183.3,51.6,2.9342,17.656
polyphemus,arm.L.pitch,47.5,-94.1,4.3,-183.3,51.6,2.9356,17.672
polyphemus,arm.L.pitch,47.583,-93.7,4.3,-183.3,51.6,2.9368,17.686
polyphemus,arm.L.pitch,47.667,-93.4,4.2,-183.3,51.6,2.938,17.698
polyphemus,arm.L.pitch,47.75,-93,4.2,-183.3,51.6,2.939,17.708
polyphemus,arm.L.pitch,47.833,-92.7,4.2,-183.3,51.6,2.94,17.716
polyphemus,arm.L.pitch,47.917,-92.3,4.2,-183.3,51.6,2.9408,17.722
polyphemus,arm.L.pitch,48,-92,4.1,-183.3,51.6,2.9415,17.727
polyphemus,arm.L.pitch,48.083,-91.6,4.1,-183.3,51.6,2.942,17.729
polyphemus,arm.L.pitch,48.167,-91.3,4,-183.3,51.6,2.9425,17.729
polyphemus,arm.L.pitch,48.25,-91,4,-183.3,51.6,2.9429,17.727
polyphemus,arm.L.pitch,48.333,-90.7,3.9,-183.3,51.6,2.9432,17.723
polyphemus,arm.L.pitch,48.417,-90.3,3.8,-183.3,51.6,2.9433,17.718
polyphemus,arm.L.pitch,48.5,-90,3.7,-183.3,51.6,2.9434,17.711
polyphemus,arm.L.pitch,48.583,-89.7,3.6,-183.3,51.6,2.9434,17.702
polyphemus,arm.L.pitch,48.667,-89.4,3.6,-183.3,51.6,2.9433,17.692
polyphemus,arm.L.pitch,48.75,-89.1,3.5,-183.3,51.6,2.9432,17.68
polyphemus,arm.L.pitch,48.833,-88.9,3.3,-183.3,51.6,2.943,17.666
polyphemus,arm.L.pitch,48.917,-88.6,3.2,-183.3,51.6,2.9427,17.651
polyphemus,arm.L.pitch,49,-88.3,3.1,-183.3,51.6,2.9424,17.635
polyphemus,arm.L.pitch,49.083,-88.1,3,-183.3,51.6,2.942,17.618
polyphemus,arm.L.pitch,49.167,-87.8,2.9,-183.3,51.6,2.9416,17.6
polyphemus,arm.L.pitch,49.25,-87.6,2.7,-183.3,51.6,2.9412,17.581
polyphemus,arm.L.pitch,49.333,-87.4,2.6,-183.3,51.6,2.9407,17.561
polyphemus,arm.L.pitch,49.417,-87.2,2.4,-183.3,51.6,2.9403,17.54
polyphemus,arm.L.pitch,49.5,-87,2.3,-183.3,51.6,2.9398,17.518
polyphemus,arm.L.pitch,49.583,-86.8,2.1,-183.3,51.6,2.9394,17.496
polyphemus,arm.L.pitch,49.667,-86.7,1.9,-183.3,51.6,2.9389,17.473
polyphemus,arm.L.pitch,49.75,-86.5,1.8,-183.3,51.6,2.9385,17.45
polyphemus,arm.L.pitch,49.833,-86.4,1.6,-183.3,51.6,2.9381,17.427
polyphemus,arm.L.pitch,49.917,-86.3,1.4,-183.3,51.6,2.9378,17.404
polyphemus,arm.L.pitch,50,-86.2,1.2,-183.3,51.6,2.9375,17.38
polyphemus,arm.L.pitch,50.083,-86.1,1,-183.3,51.6,2.9372,17.356
polyphemus,arm.L.pitch,50.167,-86,0.8,-183.3,51.6,2.937,17.332
polyphemus,arm.L.pitch,50.25,-86,0.6,-183.3,51.6,2.9369,17.309
polyphemus,arm.L.pitch,50.333,-86,0.3,-183.3,51.6,2.9368,17.285
polyphemus,arm.L.pitch,89.25,-85.9,0,-183.3,51.6,2.9356,17.236
polyphemus,arm.R.out,0,0,0,-17.2,80.2,0,0
polyphemus,arm.R.out,48.917,1.5,17.8,-17.2,80.2,0.1698,0.163
polyphemus,arm.R.out,49,5.2,44.6,-17.2,80.2,0.4067,0.964
polyphemus,arm.R.out,49.083,10,57.9,-17.2,80.2,0.5825,1.856
polyphemus,arm.R.out,49.167,14.9,57.9,-17.2,80.2,0.7546,2.665
polyphemus,arm.R.out,49.25,18.6,44.6,-17.2,80.2,1.0072,3.596
polyphemus,arm.R.out,49.333,20.1,17.8,-17.2,80.2,1.1492,3.356
polyphemus,arm.R.out,49.417,19.8,-2.8,-17.2,80.2,1.1058,2.554
polyphemus,arm.R.out,49.5,19.2,-7.8,-17.2,80.2,0.9925,2.242
polyphemus,arm.R.out,49.583,18.2,-12,-17.2,80.2,0.9393,2.157
polyphemus,arm.R.out,49.667,16.9,-15.2,-17.2,80.2,0.8726,1.986
polyphemus,arm.R.out,49.75,15.4,-17.5,-17.2,80.2,0.7959,1.754
polyphemus,arm.R.out,49.833,13.9,-19,-17.2,80.2,0.7127,1.488
polyphemus,arm.R.out,49.917,12.2,-19.5,-17.2,80.2,0.6268,1.212
polyphemus,arm.R.out,50,10.6,-19.1,-17.2,80.2,0.5456,0.96
polyphemus,arm.R.out,50.083,9.2,-17.9,-17.2,80.2,0.4749,0.747
polyphemus,arm.R.out,50.167,7.8,-15.7,-17.2,80.2,0.413,0.568
polyphemus,arm.R.out,50.25,6.8,-12.7,-17.2,80.2,0.3639,0.426
polyphemus,arm.R.out,50.333,6.1,-8.7,-17.2,80.2,0.3315,0.321
polyphemus,arm.R.out,50.417,5.7,-3.9,-17.2,80.2,0.3197,0.248
polyphemus,arm.R.out,50.5,5.7,-0.1,-17.2,80.2,0.3135,0.198
polyphemus,arm.R.out,89.25,5.7,0,-17.2,80.2,0.2938,0.173
polyphemus,arm.L.out,0,0,0,-17.2,80.2,0,0
polyphemus,arm.L.out,0.083,2.4,28.6,-17.2,80.2,0.1226,0.153
polyphemus,arm.L.out,0.167,4.8,28.6,-17.2,80.2,0.245,0.365
polyphemus,arm.L.out,0.25,7.2,28.6,-17.2,80.2,0.3669,0.636
polyphemus,arm.L.out,0.333,9.5,28.6,-17.2,80.2,0.4882,0.965
polyphemus,arm.L.out,0.417,11.9,28.6,-17.2,80.2,0.6087,1.35
polyphemus,arm.L.out,0.5,14.3,28.6,-17.2,80.2,0.7281,1.788
polyphemus,arm.L.out,0.583,16.7,28.6,-17.2,80.2,0.8463,2.279
polyphemus,arm.L.out,0.667,19.1,28.6,-17.2,80.2,0.9629,2.817
polyphemus,arm.L.out,0.75,21.5,28.6,-17.2,80.2,1.0779,3.402
polyphemus,arm.L.out,0.833,22.9,17.2,-17.2,80.2,1.2061,3.633
polyphemus,arm.L.out,0.917,22.9,0,-17.2,80.2,1.2361,3.056
polyphemus,arm.L.out,50.5,24.7,21.5,-17.2,80.2,1.3427,4.613
polyphemus,arm.L.out,50.583,26.5,21.5,-17.2,80.2,1.3131,4.433
polyphemus,arm.L.out,50.667,28.3,21.5,-17.2,80.2,1.3948,4.937
polyphemus,arm.L.out,50.75,30.1,21.5,-17.2,80.2,1.4751,5.458
polyphemus,arm.L.out,50.833,31.9,21.5,-17.2,80.2,1.5539,5.995
polyphemus,arm.L.out,50.917,33.7,21.5,-17.2,80.2,1.6313,6.545
polyphemus,arm.L.out,51,35.5,21.5,-17.2,80.2,1.707,7.108
polyphemus,arm.L.out,51.083,36.9,17.7,-17.2,80.2,1.788,7.497
polyphemus,arm.L.out,51.167,38.8,22.1,-17.2,80.2,1.8658,8.401
polyphemus,arm.L.out,51.25,40.1,16.1,-17.2,80.2,1.9272,8.512
polyphemus,arm.L.out,51.333,40.1,0,-17.2,80.2,1.9803,7.843
polyphemus,arm.L.out,56.583,37.9,-26.1,-17.2,80.2,1.9457,9.342
polyphemus,arm.L.out,56.667,33.8,-50.1,-17.2,80.2,1.7613,9.287
polyphemus,arm.L.out,56.75,29.6,-50.1,-17.2,80.2,1.4527,6.763
polyphemus,arm.L.out,56.833,25.4,-50.1,-17.2,80.2,1.2624,5.397
polyphemus,arm.L.out,56.917,21.2,-50.1,-17.2,80.2,1.0654,4.134
polyphemus,arm.L.out,57,17,-50.1,-17.2,80.2,0.8627,2.998
polyphemus,arm.L.out,57.083,12.9,-50.1,-17.2,80.2,0.6554,2.006
polyphemus,arm.L.out,57.167,8.7,-50.1,-17.2,80.2,0.4446,1.174
polyphemus,arm.L.out,57.25,4.5,-50.1,-17.2,80.2,0.2315,0.512
polyphemus,arm.L.out,57.333,0.3,-50.1,-17.2,80.2,0.0172,0.031
polyphemus,arm.L.out,57.417,0,-4,-17.2,80.2,0.2415,0.15
polyphemus,arm.L.out,57.5,0,0,-17.2,80.2,0.021,0.001
polyphemus,arm.L.out,82.75,-0.2,-1.6,-17.2,80.2,0.0148,0.001
polyphemus,arm.L.out,82.833,-0.4,-2.8,-17.2,80.2,0.0263,0.004
polyphemus,arm.L.out,82.917,0.5,10.4,-17.2,80.2,0.0938,0.052
polyphemus,arm.L.out,83,-0.1,-6.6,-17.2,80.2,0.0924,0.038
polyphemus,arm.L.out,83.083,-6.7,-79.2,-17.2,80.2,0.7221,3.039
polyphemus,arm.L.out,83.167,-5.9,9.2,-17.2,80.2,0.7655,1.418
polyphemus,arm.L.out,83.25,-8.2,-27.7,-17.2,80.2,0.6136,1.346
polyphemus,arm.L.out,83.333,-11.5,-40,-17.2,80.2,0.6529,1.763
polyphemus,arm.L.out,83.417,-15.2,-43.8,-17.2,80.2,0.7913,2.462
polyphemus,arm.L.out,83.5,-16.7,-17.6,-17.2,80.2,0.9808,2.527
polyphemus,arm.L.out,83.583,-11.7,60,-17.2,80.2,1.0011,4.101
polyphemus,arm.L.out,83.667,-17,-63.7,-17.2,80.2,1.5061,7.883
polyphemus,arm.L.out,83.75,-17.2,-2.7,-17.2,80.2,1.1889,2.939
polyphemus,arm.L.out,83.833,-17.2,0,-17.2,80.2,0.8839,1.562
polyphemus,arm.L.out,84.25,-13.9,39.6,-17.2,80.2,0.9138,2.933
polyphemus,arm.L.out,84.333,-17.2,-39.6,-17.2,80.2,1.2845,5.076
polyphemus,arm.L.out,84.417,-17.2,0,-17.2,80.2,1.0771,2.32
polyphemus,arm.L.out,84.583,-15.2,24.1,-17.2,80.2,0.8968,2.363
polyphemus,arm.L.out,84.667,-12.9,27.3,-17.2,80.2,0.6742,1.551
polyphemus,arm.L.out,84.75,-11.2,20.4,-17.2,80.2,0.608,1.172
polyphemus,arm.L.out,84.833,-6,62.1,-17.2,80.2,0.5275,1.7
polyphemus,arm.L.out,84.917,-13.1,-84.5,-17.2,80.2,1.4328,8.33
polyphemus,arm.L.out,85,-12.8,3.1,-17.2,80.2,1.111,2.587
polyphemus,arm.L.out,85.083,-10.9,23.3,-17.2,80.2,0.6612,1.413
polyphemus,arm.L.out,85.167,-10.8,1.3,-17.2,80.2,0.6651,0.914
polyphemus,arm.L.out,85.25,-10,9.4,-17.2,80.2,0.5526,0.791
polyphemus,arm.L.out,85.333,-9.4,7.2,-17.2,80.2,0.4908,0.606
polyphemus,arm.L.out,85.417,-9,4.5,-17.2,80.2,0.4751,0.526
polyphemus,arm.L.out,85.5,-8.8,2.5,-17.2,80.2,0.4609,0.464
polyphemus,arm.L.out,85.583,-8.6,2.1,-17.2,80.2,0.4428,0.425
polyphemus,arm.L.out,85.667,-8.9,-3.8,-17.2,80.2,0.488,0.54
polyphemus,arm.L.out,85.75,-9.4,-5.3,-17.2,80.2,0.4874,0.565
polyphemus,arm.L.out,85.833,-10,-7.3,-17.2,80.2,0.5204,0.673
polyphemus,arm.L.out,85.917,-10.8,-9.4,-17.2,80.2,0.561,0.814
polyphemus,arm.L.out,86,-11.7,-11.3,-17.2,80.2,0.6074,0.978
polyphemus,arm.L.out,86.083,-12.8,-12.6,-17.2,80.2,0.6567,1.152
polyphemus,arm.L.out,86.167,-14,-15.2,-17.2,80.2,0.7267,1.441
polyphemus,arm.L.out,86.25,-15.4,-16.1,-17.2,80.2,0.7846,1.672
polyphemus,arm.L.out,86.333,-15.8,-5.1,-17.2,80.2,0.8585,1.626
polyphemus,arm.L.out,86.417,-16.1,-3.3,-17.2,80.2,0.8236,1.451
polyphemus,arm.L.out,86.5,-16.5,-4.9,-17.2,80.2,0.8433,1.568
polyphemus,arm.L.out,86.583,-16.5,0,-17.2,80.2,0.8606,1.482
polyphemus,arm.L.out,86.667,-15.4,12.8,-17.2,80.2,0.8487,1.818
polyphemus,arm.L.out,86.75,-16.2,-9.9,-17.2,80.2,0.9414,2.097
polyphemus,arm.L.out,86.833,-17.2,-11.4,-17.2,80.2,0.8778,1.892
polyphemus,arm.L.out,86.917,-17.2,0,-17.2,80.2,0.9296,1.728
polyphemus,arm.L.out,87.333,-15.5,20.2,-17.2,80.2,0.8925,2.221
polyphemus,arm.L.out,87.417,-17.2,-20.2,-17.2,80.2,1.0809,3.097
polyphemus,arm.L.out,87.5,-17.2,0,-17.2,80.2,0.9753,1.902
polyphemus,arm.L.out,87.75,-16.1,12.8,-17.2,80.2,0.8843,1.96
polyphemus,arm.L.out,87.833,-15.9,3.2,-17.2,80.2,0.8544,1.555
polyphemus,arm.L.out,87.917,-12.8,37.1,-17.2,80.2,0.8275,2.44
polyphemus,arm.L.out,88,-12.9,-1.4,-17.2,80.2,0.8577,1.514
polyphemus,arm.L.out,88.083,-15.1,-27.1,-17.2,80.2,0.9031,2.485
polyphemus,arm.L.out,88.167,-13.8,16.4,-17.2,80.2,0.9285,2.255
polyphemus,arm.L.out,88.25,-12.6,14.3,-17.2,80.2,0.6523,1.176
polyphemus,arm.L.out,88.333,-11.5,12.5,-17.2,80.2,0.5978,0.977
polyphemus,arm.L.out,88.417,-10.5,12,-17.2,80.2,0.5417,0.813
polyphemus,arm.L.out,88.5,-9.5,12.1,-17.2,80.2,0.4883,0.682
polyphemus,arm.L.out,88.583,-8.6,10.9,-17.2,80.2,0.4474,0.571
polyphemus,arm.L.out,88.667,-7.5,13,-17.2,80.2,0.3973,0.495
polyphemus,arm.L.out,88.75,-6.6,11.6,-17.2,80.2,0.3442,0.377
polyphemus,arm.L.out,88.833,-6,6.6,-17.2,80.2,0.3353,0.302
polyphemus,arm.L.out,88.917,-5.4,7.3,-17.2,80.2,0.2816,0.23
polyphemus,arm.L.out,89,-5,5.7,-17.2,80.2,0.2623,0.19
polyphemus,arm.L.out,89.083,-4.6,3.9,-17.2,80.2,0.2466,0.155
polyphemus,arm.L.out,89.167,-1.5,37,-17.2,80.2,0.2526,0.454
polyphemus,arm.L.out,89.25,-0.4,14.1,-17.2,80.2,0.1392,0.107
polyphemus,elbow.R,0,0,0,-68.8,28.6,0,0
polyphemus,elbow.R,43.75,-0.6,-7.3,-68.8,28.6,0.0163,0.005
polyphemus,elbow.R,43.833,-6.8,-74.1,-68.8,28.6,0.1672,0.488
polyphemus,elbow.R,43.917,-17.8,-132.4,-68.8,28.6,0.3252,1.715
polyphemus,elbow.R,44,-31.5,-164.3,-68.8,28.6,0.4915,3.301
polyphemus,elbow.R,44.083,-45.6,-169.6,-68.8,28.6,0.6363,4.576
polyphemus,elbow.R,44.167,-58,-148.4,-68.8,28.6,0.7688,5.164
polyphemus,elbow.R,44.25,-66.4,-100.6,-68.8,28.6,0.854,4.459
polyphemus,elbow.R,44.333,-68.8,-28.3,-68.8,28.6,0.8911,2.469
polyphemus,elbow.R,44.417,-68.8,0,-68.8,28.6,0.8496,1.444
polyphemus,elbow.R,89.25,-68.8,0,-68.8,28.6,0.8229,1.354
polyphemus,elbow.L,0,0,0,-68.8,28.6,0,0
polyphemus,elbow.L,43.833,-2.4,-28.3,-68.8,28.6,0.0629,0.07
polyphemus,elbow.L,43.917,-10.7,-100.6,-68.8,28.6,0.2327,0.925
polyphemus,elbow.L,44,-23.1,-148.4,-68.8,28.6,0.3914,2.333
polyphemus,elbow.L,44.083,-37.2,-169.6,-68.8,28.6,0.5542,3.895
polyphemus,elbow.L,44.167,-50.9,-164.3,-68.8,28.6,0.6904,4.913
polyphemus,elbow.L,44.25,-62,-132.5,-68.8,28.6,0.8093,5.052
polyphemus,elbow.L,44.333,-68.1,-74.1,-68.8,28.6,0.8744,3.792
polyphemus,elbow.L,44.417,-68.8,-7.4,-68.8,28.6,0.8858,1.797
polyphemus,elbow.L,44.5,-68.8,0,-68.8,28.6,0.8298,1.377
polyphemus,elbow.L,89.25,-68.8,0,-68.8,28.6,0.8229,1.354
polyphemus,hand.R.roll,0,0,0,-91.7,91.7,0,0
polyphemus,hand.R.roll,82.667,3.2,37.8,-91.7,91.7,0,0
polyphemus,hand.R.roll,82.75,10.3,85.9,-91.7,91.7,0,0
polyphemus,hand.R.roll,82.833,17.5,85.9,-91.7,91.7,0,0
polyphemus,hand.R.roll,82.917,24.6,85.9,-91.7,91.7,0,0
polyphemus,hand.R.roll,83,31.8,85.9,-91.7,91.7,0,0
polyphemus,hand.R.roll,83.083,39,85.9,-91.7,91.7,0,0
polyphemus,hand.R.roll,83.167,46.1,85.9,-91.7,91.7,0,0
polyphemus,hand.R.roll,83.25,53.3,85.9,-91.7,91.7,0,0
polyphemus,hand.R.roll,83.333,60.4,85.9,-91.7,91.7,0,0
polyphemus,hand.R.roll,83.417,67.6,85.9,-91.7,91.7,0,0
polyphemus,hand.R.roll,83.5,68.8,13.8,-91.7,91.7,0,0
polyphemus,hand.R.roll,83.583,68.8,0,-91.7,91.7,0,0
polyphemus,hand.R.roll,89.25,68.8,0,-91.7,91.7,0,0
polyphemus,hand.L.roll,0,0,0,-91.7,91.7,0,0
polyphemus,hand.L.roll,82.667,-3.2,-37.8,-91.7,91.7,0,0
polyphemus,hand.L.roll,82.75,-10.3,-85.9,-91.7,91.7,0,0
polyphemus,hand.L.roll,82.833,-17.5,-85.9,-91.7,91.7,0,0
polyphemus,hand.L.roll,82.917,-24.6,-85.9,-91.7,91.7,0,0
polyphemus,hand.L.roll,83,-31.8,-85.9,-91.7,91.7,0,0
polyphemus,hand.L.roll,83.083,-39,-85.9,-91.7,91.7,0,0
polyphemus,hand.L.roll,83.167,-46.1,-85.9,-91.7,91.7,0,0
polyphemus,hand.L.roll,83.25,-53.3,-85.9,-91.7,91.7,0,0
polyphemus,hand.L.roll,83.333,-60.4,-85.9,-91.7,91.7,0,0
polyphemus,hand.L.roll,83.417,-67.6,-85.9,-91.7,91.7,0,0
polyphemus,hand.L.roll,83.5,-68.8,-13.8,-91.7,91.7,0,0
polyphemus,hand.L.roll,83.583,-68.8,0,-91.7,91.7,0,0
polyphemus,hand.L.roll,89.25,-68.8,0,-91.7,91.7,0,0
polyphemus,leg.R.pitch,0,0,0,-91.7,34.4,0,0
polyphemus,leg.R.pitch,77.083,-2.6,-31.2,-91.7,34.4,0.6595,1.589
polyphemus,leg.R.pitch,77.167,-6.7,-48.8,-91.7,34.4,0.9038,3.172
polyphemus,leg.R.pitch,77.25,-10.7,-48.7,-91.7,34.4,1.0963,4.266
polyphemus,leg.R.pitch,77.333,-14.7,-48.2,-91.7,34.4,1.5029,7.047
polyphemus,leg.R.pitch,77.417,-18.7,-47.2,-91.7,34.4,1.8973,10.324
polyphemus,leg.R.pitch,77.5,-22.4,-45.2,-91.7,34.4,2.2715,13.9
polyphemus,leg.R.pitch,77.583,-23.4,-11.8,-91.7,34.4,2.7585,16.351
polyphemus,leg.R.pitch,77.667,-22.7,8.1,-91.7,34.4,2.5248,13.465
polyphemus,leg.R.pitch,77.75,-21.8,11.4,-91.7,34.4,2.226,10.795
polyphemus,leg.R.pitch,77.833,-20.5,15.1,-91.7,34.4,2.1109,10.026
polyphemus,leg.R.pitch,77.917,-19,18,-91.7,34.4,1.9549,8.869
polyphemus,leg.R.pitch,78,-26.2,-86.6,-91.7,34.4,3.9163,42.508
polyphemus,leg.R.pitch,78.083,-31.9,-67.6,-91.7,34.4,3.3465,30.298
polyphemus,leg.R.pitch,78.167,-35.4,-41.7,-91.7,34.4,3.7317,33.284
polyphemus,leg.R.pitch,78.25,-37.2,-22.3,-91.7,34.4,3.8035,31.899
polyphemus,leg.R.pitch,78.333,-37.2,0.7,-91.7,34.4,3.845,29.667
polyphemus,leg.R.pitch,78.417,-34.8,28,-91.7,34.4,3.7035,31.047
polyphemus,leg.R.pitch,78.5,-30.3,54.8,-91.7,34.4,3.3031,28.136
polyphemus,leg.R.pitch,78.583,-24.2,73.1,-91.7,34.4,2.6403,20.678
polyphemus,leg.R.pitch,78.667,-19.9,50.7,-91.7,34.4,2.2889,14.53
polyphemus,leg.R.pitch,78.75,-19,11.8,-91.7,34.4,2.4006,12.519
polyphemus,leg.R.pitch,78.833,-32.7,-164.4,-91.7,34.4,5.392,89.099
polyphemus,leg.R.pitch,78.917,-48.1,-185.4,-91.7,34.4,4.6446,73.199
polyphemus,leg.R.pitch,79,-50.5,-28.3,-91.7,34.4,6.5132,91.289
polyphemus,leg.R.pitch,79.083,-26.6,286.5,-91.7,34.4,6.5915,152.806
polyphemus,leg.R.pitch,79.167,-22,55.1,-91.7,34.4,5.1132,62.123
polyphemus,leg.R.pitch,79.25,-27,-60.3,-91.7,34.4,4.1256,42.725
polyphemus,leg.R.pitch,79.333,-36.3,-110.7,-91.7,34.4,4.1154,49.783
polyphemus,leg.R.pitch,79.417,-36.8,-6.7,-91.7,34.4,4.8353,47.887
polyphemus,leg.R.pitch,79.5,-31,69.8,-91.7,34.4,3.9927,41.608
polyphemus,leg.R.pitch,79.583,-22.5,102.2,-91.7,34.4,2.659,23.628
polyphemus,leg.R.pitch,79.667,-17.6,59.1,-91.7,34.4,2.3187,15.533
polyphemus,leg.R.pitch,79.75,-33.2,-187.1,-91.7,34.4,6.3126,120.923
polyphemus,leg.R.pitch,79.833,-50.7,-210.2,-91.7,34.4,4.8427,82.428
polyphemus,leg.R.pitch,79.917,-43.5,85.9,-91.7,34.4,7.7732,144.164
polyphemus,leg.R.pitch,80,-23.8,236,-91.7,34.4,4.2649,71.512
polyphemus,leg.R.pitch,80.083,-18.4,65.7,-91.7,34.4,3.9941,41.07
polyphemus,leg.R.pitch,80.167,-35.5,-205.4,-91.7,34.4,6.8228,142.012
polyphemus,leg.R.pitch,80.25,-37.1,-19.3,-91.7,34.4,5.8877,73.29
polyphemus,leg.R.pitch,80.333,-31.5,66.6,-91.7,34.4,4.1574,44.233
polyphemus,leg.R.pitch,80.417,-22.8,104.7,-91.7,34.4,2.7607,25.337
polyphemus,leg.R.pitch,80.5,-17.8,59.7,-91.7,34.4,2.3686,16.155
polyphemus,leg.R.pitch,80.583,-31,-158.6,-91.7,34.4,5.7792,98.797
polyphemus,leg.R.pitch,80.667,-49,-215.6,-91.7,34.4,5.1595,92.072
polyphemus,leg.R.pitch,80.75,-48.4,7.8,-91.7,34.4,7.2067,105.832
polyphemus,leg.R.pitch,80.833,-25.9,269.6,-91.7,34.4,5.861,123.856
polyphemus,leg.R.pitch,80.917,-20.8,60.7,-91.7,34.4,4.7194,54.544
polyphemus,leg.R.pitch,81,-29.8,-107.5,-91.7,34.4,5.0397,69.716
polyphemus,leg.R.pitch,81.083,-36.6,-81,-91.7,34.4,3.8391,40.334
polyphemus,leg.R.pitch,81.167,-37,-5.6,-91.7,34.4,4.4918,41.232
polyphemus,leg.R.pitch,81.25,-33.1,47.3,-91.7,34.4,3.8777,36.474
polyphemus,leg.R.pitch,81.333,-26.7,76.5,-91.7,34.4,3.0125,26.199
polyphemus,leg.R.pitch,81.417,-21.3,64.6,-91.7,34.4,2.2907,15.658
polyphemus,leg.R.pitch,81.5,-18.1,39.1,-91.7,34.4,2.1459,12.137
polyphemus,leg.R.pitch,81.583,-22.8,-56.2,-91.7,34.4,3.4736,30.946
polyphemus,leg.R.pitch,81.667,-32,-111,-91.7,34.4,3.8081,43.761
polyphemus,leg.R.pitch,81.75,-40.5,-102,-91.7,34.4,3.9359,45.002
polyphemus,leg.R.pitch,81.833,-45.9,-64.3,-91.7,34.4,4.699,54.699
polyphemus,leg.R.pitch,81.917,-47.2,-16.3,-91.7,34.4,4.9226,51.266
polyphemus,leg.R.pitch,82,-45.3,23.2,-91.7,34.4,4.6792,47.58
polyphemus,leg.R.pitch,82.083,-42.3,36.3,-91.7,34.4,4.1232,39.23
polyphemus,leg.R.pitch,82.167,-40.7,18.4,-91.7,34.4,4.0662,35.674
polyphemus,leg.R.pitch,82.25,-40.7,0,-91.7,34.4,4.071,33.148
polyphemus,leg.R.pitch,82.333,-42.3,-18.3,-91.7,34.4,4.1886,37.769
polyphemus,leg.R.pitch,82.417,-45.3,-36.7,-91.7,34.4,4.4153,44.643
polyphemus,leg.R.pitch,82.5,-49.9,-55,-91.7,34.4,4.7329,53.892
polyphemus,leg.R.pitch,82.583,-57.5,-90.8,-91.7,34.4,5.4112,75.707
polyphemus,leg.R.pitch,82.667,-66.1,-103.8,-91.7,34.4,5.5464,81.63
polyphemus,leg.R.pitch,82.75,-74.8,-103.8,-91.7,34.4,5.6793,85.096
polyphemus,leg.R.pitch,82.833,-83.1,-99.7,-91.7,34.4,5.8953,90.025
polyphemus,leg.R.pitch,82.917,-83.1,0,-91.7,34.4,7.0959,100.704
polyphemus,leg.R.pitch,89.25,-83.1,0,-91.7,34.4,5.8431,68.284
polyphemus,leg.L.pitch,0,0,0,-91.7,34.4,0,0
polyphemus,leg.L.pitch,77.083,-3,-36,-91.7,34.4,0.7609,2.115
polyphemus,leg.L.pitch,77.167,-7.7,-56.3,-91.7,34.4,1.0433,4.228
polyphemus,leg.L.pitch,77.25,-12.4,-56.5,-91.7,34.4,1.266,5.702
polyphemus,leg.L.pitch,77.333,-17.1,-56.7,-91.7,34.4,1.7366,9.469
polyphemus,leg.L.pitch,77.417,-21.9,-56.9,-91.7,34.4,2.1941,13.983
polyphemus,leg.L.pitch,77.5,-26.6,-56.5,-91.7,34.4,2.6376,19.12
polyphemus,leg.L.pitch,77.583,-28.2,-19.2,-91.7,34.4,3.2488,23.288
polyphemus,leg.L.pitch,77.667,-27.9,2.9,-91.7,34.4,3.0354,18.73
polyphemus,leg.L.pitch,77.75,-27.5,4.7,-91.7,34.4,2.7458,15.534
polyphemus,leg.L.pitch,77.833,-27.1,5.9,-91.7,34.4,2.6919,15.051
polyphemus,leg.L.pitch,77.917,-26.6,6,-91.7,34.4,2.6316,14.399
polyphemus,leg.L.pitch,78,-28.2,-19.7,-91.7,34.4,3.1039,21.404
polyphemus,leg.L.pitch,78.083,-34,-69.4,-91.7,34.4,3.9149,40.142
polyphemus,leg.L.pitch,78.167,-41,-84.1,-91.7,34.4,4.0461,44.626
polyphemus,leg.L.pitch,78.25,-48.1,-85.4,-91.7,34.4,4.3979,51.796
polyphemus,leg.L.pitch,78.333,-52.6,-53.7,-91.7,34.4,5.0741,60.997
polyphemus,leg.L.pitch,78.417,-50.7,22.9,-91.7,34.4,5.5152,65.239
polyphemus,leg.L.pitch,78.5,-37.1,162.9,-91.7,34.4,5.3108,86.615
polyphemus,leg.L.pitch,78.583,-25.2,143.3,-91.7,34.4,2.7486,28.861
polyphemus,leg.L.pitch,78.667,-21.2,47.8,-91.7,34.4,3.3274,27.69
polyphemus,leg.L.pitch,78.75,-26.6,-64.5,-91.7,34.4,4.0417,41.77
polyphemus,leg.L.pitch,78.833,-35.3,-104.9,-91.7,34.4,3.9084,44.862
polyphemus,leg.L.pitch,78.917,-37.4,-25.6,-91.7,34.4,4.5735,45.926
polyphemus,leg.L.pitch,79,-34.4,36,-91.7,34.4,4.1025,38.814
polyphemus,leg.L.pitch,79.083,-27.4,84.1,-91.7,34.4,3.3152,31.71
polyphemus,leg.L.pitch,79.167,-20.7,80.2,-91.7,34.4,2.1328,15.07
polyphemus,leg.L.pitch,79.25,-19.3,17.8,-91.7,34.4,2.7248,16.546
polyphemus,leg.L.pitch,79.333,-36.6,-208,-91.7,34.4,6.3458,126.605
polyphemus,leg.L.pitch,79.417,-51.4,-177.9,-91.7,34.4,4.9783,80.488
polyphemus,leg.L.pitch,79.5,-41.9,114.6,-91.7,34.4,7.6039,146.048
polyphemus,leg.L.pitch,79.583,-23.7,218,-91.7,34.4,3.6655,54.762
polyphemus,leg.L.pitch,79.667,-18.3,64.3,-91.7,34.4,3.7844,37.132
polyphemus,leg.L.pitch,79.75,-35.4,-205,-91.7,34.4,6.7966,141.033
polyphemus,leg.L.pitch,79.833,-37.1,-20,-91.7,34.4,5.8759,73.153
polyphemus,leg.L.pitch,79.917,-31.5,67.3,-91.7,34.4,4.1714,44.595
polyphemus,leg.L.pitch,80,-22.6,106.3,-91.7,34.4,2.756,25.415
polyphemus,leg.L.pitch,80.083,-17.6,60.7,-91.7,34.4,2.3502,16.028
polyphemus,leg.L.pitch,80.167,-33.3,-188.9,-91.7,34.4,6.3694,123.129
polyphemus,leg.L.pitch,80.25,-50.7,-208.9,-91.7,34.4,4.8092,81.334
polyphemus,leg.L.pitch,80.333,-43.6,85.2,-91.7,34.4,7.7579,143.447
polyphemus,leg.L.pitch,80.417,-24,235.6,-91.7,34.4,4.2834,71.924
polyphemus,leg.L.pitch,80.5,-18.7,63.6,-91.7,34.4,4.0475,41.755
polyphemus,leg.L.pitch,80.583,-34.8,-193.3,-91.7,34.4,6.5875,131.236
polyphemus,leg.L.pitch,80.667,-37.4,-30.9,-91.7,34.4,5.6135,69.073
polyphemus,leg.L.pitch,80.75,-33.3,48.6,-91.7,34.4,4.2323,43.01
polyphemus,leg.L.pitch,80.833,-25.4,95,-91.7,34.4,3.1072,29.612
polyphemus,leg.L.pitch,80.917,-19.6,69.2,-91.7,34.4,2.3028,16.164
polyphemus,leg.L.pitch,81,-21.6,-24,-91.7,34.4,3.3403,25.108
polyphemus,leg.L.pitch,81.083,-38.1,-197.3,-91.7,34.4,5.8092,107.512
polyphemus,leg.L.pitch,81.167,-50.9,-154.1,-91.7,34.4,5.1125,79.782
polyphemus,leg.L.pitch,81.25,-47.8,37,-91.7,34.4,6.7653,100.285
polyphemus,leg.L.pitch,81.333,-26.4,256.9,-91.7,34.4,5.3831,106.239
polyphemus,leg.L.pitch,81.417,-22.6,46,-91.7,34.4,4.9117,56.14
polyphemus,leg.L.pitch,81.5,-19,43.2,-91.7,34.4,1.9513,10.557
polyphemus,leg.L.pitch,81.583,-31.2,-146.4,-91.7,34.4,5.4313,86.757
polyphemus,leg.L.pitch,81.667,-35.9,-56.5,-91.7,34.4,4.5814,51.02
polyphemus,leg.L.pitch,81.75,-37.4,-18.3,-91.7,34.4,4.0582,35.525
polyphemus,leg.L.pitch,81.833,-36.8,7.4,-91.7,34.4,3.8491,30.622
polyphemus,leg.L.pitch,81.917,-34.8,24.1,-91.7,34.4,3.5696,28.481
polyphemus,leg.L.pitch,82,-32.1,32.4,-91.7,34.4,3.2334,24.565
polyphemus,leg.L.pitch,82.083,-31.5,7.9,-91.7,34.4,3.3798,23.772
polyphemus,leg.L.pitch,82.167,-32.9,-17.6,-91.7,34.4,3.5188,26.924
polyphemus,leg.L.pitch,82.25,-35.5,-30.5,-91.7,34.4,3.578,29.419
polyphemus,leg.L.pitch,82.333,-39.1,-43.5,-91.7,34.4,3.8742,35.901
polyphemus,leg.L.pitch,82.417,-43.8,-56.4,-91.7,34.4,4.2363,44.24
polyphemus,leg.L.pitch,82.5,-49.6,-69.4,-91.7,34.4,4.6437,54.377
polyphemus,leg.L.pitch,82.583,-57.5,-94.6,-91.7,34.4,5.2791,73.173
polyphemus,leg.L.pitch,82.667,-66.1,-103.8,-91.7,34.4,5.498,80.387
polyphemus,leg.L.pitch,82.75,-74.8,-103.8,-91.7,34.4,5.6793,85.096
polyphemus,leg.L.pitch,82.833,-83.1,-99.7,-91.7,34.4,5.8953,90.025
polyphemus,leg.L.pitch,82.917,-83.1,0,-91.7,34.4,7.0959,100.704
polyphemus,leg.L.pitch,89.25,-83.1,0,-91.7,34.4,5.8431,68.284
polyphemus,leg.R.out,0,0,0,-11.5,28.6,0,0
polyphemus,leg.R.out,77.583,0.1,0.9,-11.5,28.6,0.0177,0.001
polyphemus,leg.R.out,77.667,0.2,1.5,-11.5,28.6,0.0331,0.004
polyphemus,leg.R.out,77.75,0.4,2.4,-11.5,28.6,0.057,0.011
polyphemus,leg.R.out,77.833,0.7,3.4,-11.5,28.6,0.0869,0.025
polyphemus,leg.R.out,77.917,1,2.9,-11.5,28.6,0.1058,0.033
polyphemus,leg.R.out,78,1.7,8.5,-11.5,28.6,0.2428,0.19
polyphemus,leg.R.out,78.083,3.3,19.8,-11.5,28.6,0.4835,0.801
polyphemus,leg.R.out,78.167,4.9,18.4,-11.5,28.6,0.5162,0.865
polyphemus,leg.R.out,78.25,5.9,13,-11.5,28.6,0.6783,1.228
polyphemus,leg.R.out,78.333,6.2,2.8,-11.5,28.6,0.762,1.237
polyphemus,leg.R.out,78.417,5.3,-11,-11.5,28.6,0.7143,1.294
polyphemus,leg.R.out,78.5,3.2,-25,-11.5,28.6,0.5033,0.946
polyphemus,leg.R.out,78.583,0.3,-34.2,-11.5,28.6,0.1499,0.224
polyphemus,leg.R.out,78.667,0.1,-3.4,-11.5,28.6,0.3915,0.354
polyphemus,leg.R.out,78.75,-0.3,-4.6,-11.5,28.6,0.0487,0.013
polyphemus,leg.R.out,78.833,-3.8,-42.1,-11.5,28.6,0.8663,2.775
polyphemus,leg.R.out,78.917,-6.8,-36,-11.5,28.6,0.7786,2.191
polyphemus,leg.R.out,79,-6.6,3.3,-11.5,28.6,1.167,2.859
polyphemus,leg.R.out,79.083,-2.5,49.3,-11.5,28.6,0.83,2.805
polyphemus,leg.R.out,79.167,0.5,36,-11.5,28.6,0.2224,0.378
polyphemus,leg.R.out,79.25,1.9,15.8,-11.5,28.6,0.4441,0.639
polyphemus,leg.R.out,79.333,5.4,42,-11.5,28.6,0.878,2.828
polyphemus,leg.R.out,79.417,6.1,8.7,-11.5,28.6,1.0411,2.485
polyphemus,leg.R.out,79.5,3.5,-30.6,-11.5,28.6,0.8568,2.383
polyphemus,leg.R.out,79.583,0,-42.4,-11.5,28.6,0.149,0.265
polyphemus,leg.R.out,79.667,0.2,2.7,-11.5,28.6,0.589,0.749
polyphemus,leg.R.out,79.75,-4,-50.1,-11.5,28.6,1.0681,4.148
polyphemus,leg.R.out,79.833,-7.2,-38.9,-11.5,28.6,0.8774,2.73
polyphemus,leg.R.out,79.917,-5,26.6,-11.5,28.6,1.333,4.79
polyphemus,leg.R.out,80,0.2,61.7,-11.5,28.6,0.4593,1.412
polyphemus,leg.R.out,80.083,1,10.4,-11.5,28.6,0.7513,1.403
polyphemus,leg.R.out,80.167,4.9,46.7,-11.5,28.6,0.9611,3.413
polyphemus,leg.R.out,80.25,6.2,14.8,-11.5,28.6,1.0323,2.666
polyphemus,leg.R.out,80.333,3.8,-28.7,-11.5,28.6,0.9344,2.681
polyphemus,leg.R.out,80.417,0,-45.4,-11.5,28.6,0.2102,0.421
polyphemus,leg.R.out,80.5,0.2,2.4,-11.5,28.6,0.6196,0.819
polyphemus,leg.R.out,80.583,-3.5,-44.1,-11.5,28.6,0.9418,3.224
polyphemus,leg.R.out,80.667,-7,-42,-11.5,28.6,0.7425,2.19
polyphemus,leg.R.out,80.75,-6,11.6,-11.5,28.6,1.2897,3.851
polyphemus,leg.R.out,80.833,-1.2,57.8,-11.5,28.6,0.7024,2.403
polyphemus,leg.R.out,80.917,0.7,23.1,-11.5,28.6,0.5106,0.934
polyphemus,leg.R.out,81,2.6,22.5,-11.5,28.6,0.276,0.369
polyphemus,leg.R.out,81.083,5.5,35,-11.5,28.6,0.7229,1.927
polyphemus,leg.R.out,81.167,6.1,7.5,-11.5,28.6,0.9752,2.158
polyphemus,leg.R.out,81.25,4.5,-19.9,-11.5,28.6,0.8052,1.856
polyphemus,leg.R.out,81.333,1.5,-35.6,-11.5,28.6,0.3537,0.69
polyphemus,leg.R.out,81.417,0,-18.1,-11.5,28.6,0.2206,0.237
polyphemus,leg.R.out,81.5,0.2,1.9,-11.5,28.6,0.2701,0.164
polyphemus,leg.R.out,81.583,-1.6,-21.1,-11.5,28.6,0.4532,0.745
polyphemus,leg.R.out,81.667,-4.1,-30.5,-11.5,28.6,0.542,1.165
polyphemus,leg.R.out,81.75,-6,-22.1,-11.5,28.6,0.7183,1.586
polyphemus,leg.R.out,81.833,-6.6,-7.5,-11.5,28.6,0.8595,1.704
polyphemus,leg.R.out,81.917,-6,6.7,-11.5,28.6,0.7985,1.461
polyphemus,leg.R.out,82,-4.7,15.6,-11.5,28.6,0.5994,1.045
polyphemus,leg.R.out,82.083,-2.5,26.4,-11.5,28.6,0.397,0.682
polyphemus,leg.R.out,82.167,-0.1,29.5,-11.5,28.6,0.0475,0.053
polyphemus,leg.R.out,82.25,2.2,27.8,-11.5,28.6,0.2516,0.371
polyphemus,leg.R.out,82.333,4.4,26.1,-11.5,28.6,0.4742,0.881
polyphemus,leg.R.out,82.417,6.4,24.3,-11.5,28.6,0.6813,1.506
polyphemus,leg.R.out,82.5,8.3,22.6,-11.5,28.6,0.8728,2.211
polyphemus,leg.R.out,82.583,9.9,19.2,-11.5,28.6,1.0555,2.934
polyphemus,leg.R.out,82.667,11.4,17.9,-11.5,28.6,1.179,3.517
polyphemus,leg.R.out,82.75,12.9,17.9,-11.5,28.6,1.3132,4.27
polyphemus,leg.R.out,82.833,14.3,17.2,-11.5,28.6,1.4652,5.173
polyphemus,leg.R.out,82.917,14.3,0,-11.5,28.6,1.6722,5.593
polyphemus,leg.R.out,89.25,14.3,0,-11.5,28.6,1.4562,4.241
polyphemus,leg.L.out,0,0,0,-11.5,28.6,0,0
polyphemus,leg.L.out,0.083,1.8,21.5,-11.5,28.6,0.1839,0.206
polyphemus,leg.L.out,0.167,3.6,21.5,-11.5,28.6,0.3676,0.546
polyphemus,leg.L.out,0.25,5.4,21.5,-11.5,28.6,0.551,1.02
polyphemus,leg.L.out,0.333,7.2,21.5,-11.5,28.6,0.7338,1.627
polyphemus,leg.L.out,0.417,9,21.5,-11.5,28.6,0.9159,2.365
polyphemus,leg.L.out,0.5,10.7,21.5,-11.5,28.6,1.0972,3.23
polyphemus,leg.L.out,0.583,12.5,21.5,-11.5,28.6,1.2773,4.221
polyphemus,leg.L.out,0.667,14.3,21.5,-11.5,28.6,1.4562,5.333
polyphemus,leg.L.out,0.75,16.1,21.5,-11.5,28.6,1.6337,6.563
polyphemus,leg.L.out,0.833,17.2,12.9,-11.5,28.6,1.8474,7.657
polyphemus,leg.L.out,0.917,17.2,0,-11.5,28.6,1.9014,7.231
polyphemus,leg.L.out,51.083,15.8,-17.2,-11.5,28.6,1.8143,7.672
polyphemus,leg.L.out,51.167,14,-21.5,-11.5,28.6,1.4745,5.454
polyphemus,leg.L.out,51.25,12.2,-21.5,-11.5,28.6,1.2414,4.013
polyphemus,leg.L.out,51.333,10.4,-21.5,-11.5,28.6,1.061,3.047
polyphemus,leg.L.out,51.417,8.6,-21.5,-11.5,28.6,0.8796,2.207
polyphemus,leg.L.out,51.5,6.8,-21.5,-11.5,28.6,0.6973,1.496
polyphemus,leg.L.out,51.583,5,-21.5,-11.5,28.6,0.5144,0.915
polyphemus,leg.L.out,51.667,3.2,-21.5,-11.5,28.6,0.3309,0.467
polyphemus,leg.L.out,51.75,1.4,-21.5,-11.5,28.6,0.1471,0.154
polyphemus,leg.L.out,51.833,0,-17.2,-11.5,28.6,0.054,0.038
polyphemus,leg.L.out,51.917,0,0,-11.5,28.6,0.216,0.093
polyphemus,leg.L.out,77.667,-0.1,-0.5,-11.5,28.6,0.0118,0.001
polyphemus,leg.L.out,77.75,-0.2,-0.8,-11.5,28.6,0.0191,0.001
polyphemus,leg.L.out,77.833,-0.2,-1,-11.5,28.6,0.0264,0.002
polyphemus,leg.L.out,77.917,-0.3,-0.5,-11.5,28.6,0.0342,0.003
polyphemus,leg.L.out,78,-0.8,-6.8,-11.5,28.6,0.1647,0.093
polyphemus,leg.L.out,78.083,-2.6,-20.8,-11.5,28.6,0.4409,0.709
polyphemus,leg.L.out,78.167,-4.6,-24.2,-11.5,28.6,0.5139,0.962
polyphemus,leg.L.out,78.25,-6.5,-23.1,-11.5,28.6,0.6818,1.479
polyphemus,leg.L.out,78.333,-7.6,-12.8,-11.5,28.6,0.9052,2.045
polyphemus,leg.L.out,78.417,-6.9,7.9,-11.5,28.6,0.9702,2.149
polyphemus,leg.L.out,78.5,-4.3,31.9,-11.5,28.6,0.7401,1.92
polyphemus,leg.L.out,78.583,-0.4,45.9,-11.5,28.6,0.2212,0.452
polyphemus,leg.L.out,78.667,0.7,13.5,-11.5,28.6,0.478,0.682
polyphemus,leg.L.out,78.75,1.7,12.8,-11.5,28.6,0.1878,0.154
polyphemus,leg.L.out,78.833,4.8,37.1,-11.5,28.6,0.801,2.319
polyphemus,leg.L.out,78.917,6.2,16.6,-11.5,28.6,0.8944,2.119
polyphemus,leg.L.out,79,5.1,-13.5,-11.5,28.6,0.9012,2.048
polyphemus,leg.L.out,79.083,1.9,-38.8,-11.5,28.6,0.5096,1.21
polyphemus,leg.L.out,79.167,0,-22,-11.5,28.6,0.2139,0.256
polyphemus,leg.L.out,79.25,-0.4,-5.4,-11.5,28.6,0.2525,0.175
polyphemus,leg.L.out,79.333,-4.7,-51.1,-11.5,28.6,1.0544,4.104
polyphemus,leg.L.out,79.417,-7.2,-30.8,-11.5,28.6,0.9977,3.063
polyphemus,leg.L.out,79.5,-4.7,30.8,-11.5,28.6,1.2545,4.495
polyphemus,leg.L.out,79.583,0.2,58.6,-11.5,28.6,0.37,1.031
polyphemus,leg.L.out,79.667,1,10.1,-11.5,28.6,0.7164,1.279
polyphemus,leg.L.out,79.75,4.9,46.4,-11.5,28.6,0.9595,3.395
polyphemus,leg.L.out,79.833,6.2,15.2,-11.5,28.6,1.0249,2.644
polyphemus,leg.L.out,79.917,3.8,-28.9,-11.5,28.6,0.9401,2.717
polyphemus,leg.L.out,80,0,-45.1,-11.5,28.6,0.2041,0.405
polyphemus,leg.L.out,80.083,0.2,2.6,-11.5,28.6,0.623,0.834
polyphemus,leg.L.out,80.167,-4,-50.5,-11.5,28.6,1.0767,4.215
polyphemus,leg.L.out,80.25,-7.2,-38.5,-11.5,28.6,0.8875,2.769
polyphemus,leg.L.out,80.333,-5,26.4,-11.5,28.6,1.3285,4.753
polyphemus,leg.L.out,80.417,0.1,61.6,-11.5,28.6,0.4565,1.399
polyphemus,leg.L.out,80.5,1,10.5,-11.5,28.6,0.7459,1.386
polyphemus,leg.L.out,80.583,4.6,43,-11.5,28.6,0.8791,2.865
polyphemus,leg.L.out,80.667,6.2,19.6,-11.5,28.6,0.9314,2.374
polyphemus,leg.L.out,80.75,4.6,-19.6,-11.5,28.6,0.9643,2.518
polyphemus,leg.L.out,80.833,0.9,-44.2,-11.5,28.6,0.4034,0.948
polyphemus,leg.L.out,80.917,0.1,-10.2,-11.5,28.6,0.4347,0.532
polyphemus,leg.L.out,81,-1.1,-14.5,-11.5,28.6,0.1718,0.146
polyphemus,leg.L.out,81.083,-5,-46.2,-11.5,28.6,0.9106,3.127
polyphemus,leg.L.out,81.167,-7.2,-26.7,-11.5,28.6,0.9846,2.856
polyphemus,leg.L.out,81.25,-5.9,16,-11.5,28.6,1.1398,3.235
polyphemus,leg.L.out,81.333,-2,46.5,-11.5,28.6,0.5896,1.652
polyphemus,leg.L.out,81.417,0.4,29.2,-11.5,28.6,0.2614,0.403
polyphemus,leg.L.out,81.5,1,6.6,-11.5,28.6,0.385,0.385
polyphemus,leg.L.out,81.583,3.1,25.2,-11.5,28.6,0.5501,1.089
polyphemus,leg.L.out,81.667,5.2,24.9,-11.5,28.6,0.5321,1.03
polyphemus,leg.L.out,81.75,6.1,11.8,-11.5,28.6,0.7945,1.589
polyphemus,leg.L.out,81.833,6.1,-0.7,-11.5,28.6,0.7801,1.236
polyphemus,leg.L.out,81.917,5.3,-9.8,-11.5,28.6,0.6541,1.079
polyphemus,leg.L.out,82,4,-14.6,-11.5,28.6,0.4758,0.696
polyphemus,leg.L.out,82.083,3.9,-1.4,-11.5,28.6,0.5702,0.677
polyphemus,leg.L.out,82.167,4.6,8,-11.5,28.6,0.5894,0.859
polyphemus,leg.L.out,82.25,5.4,9.5,-11.5,28.6,0.5714,0.842
polyphemus,leg.L.out,82.333,6.3,11,-11.5,28.6,0.6649,1.139
polyphemus,leg.L.out,82.417,7.3,12.5,-11.5,28.6,0.7708,1.524
polyphemus,leg.L.out,82.5,8.5,13.9,-11.5,28.6,0.8891,2.014
polyphemus,leg.L.out,82.583,9.9,16.8,-11.5,28.6,1.0491,2.818
polyphemus,leg.L.out,82.667,11.4,17.9,-11.5,28.6,1.1767,3.505
polyphemus,leg.L.out,82.75,12.9,17.9,-11.5,28.6,1.3132,4.27
polyphemus,leg.L.out,82.833,14.3,17.2,-11.5,28.6,1.4652,5.173
polyphemus,leg.L.out,82.917,14.3,0,-11.5,28.6,1.6722,5.593
polyphemus,leg.L.out,89.25,14.3,0,-11.5,28.6,1.4562,4.241
polyphemus,knee.R,0,0,0,-5.7,91.7,0,0
polyphemus,knee.R,77.083,1.8,21.6,-5.7,91.7,0.122,0.122
polyphemus,knee.R,77.167,4.6,33.8,-5.7,91.7,0.1918,0.3
polyphemus,knee.R,77.25,7.4,33.8,-5.7,91.7,0.2537,0.428
polyphemus,knee.R,77.333,10.2,33.8,-5.7,91.7,0.3489,0.655
polyphemus,knee.R,77.417,13.1,33.8,-5.7,91.7,0.4433,0.916
polyphemus,knee.R,77.5,15.9,33.8,-5.7,91.7,0.5366,1.208
polyphemus,knee.R,77.583,16.9,12.2,-5.7,91.7,0.6302,1.062
polyphemus,knee.R,77.667,16.9,0,-5.7,91.7,0.6038,0.729
polyphemus,knee.R,78,34,204.8,-5.7,91.7,1.6678,17.488
polyphemus,knee.R,78.083,48.2,170.7,-5.7,91.7,1.5574,14.132
polyphemus,knee.R,78.167,58.7,126.2,-5.7,91.7,1.8007,14.418
polyphemus,knee.R,78.25,66.7,95.8,-5.7,91.7,1.8866,13.429
polyphemus,knee.R,78.333,71.7,59.7,-5.7,91.7,1.9632,11.8
polyphemus,knee.R,78.417,72.9,15.4,-5.7,91.7,1.9995,9.069
polyphemus,knee.R,78.5,70.4,-31.1,-5.7,91.7,1.9775,9.966
polyphemus,knee.R,78.583,64.9,-65.1,-5.7,91.7,1.8721,11.262
polyphemus,knee.R,78.667,63.1,-22.3,-5.7,91.7,1.8689,8.437
polyphemus,knee.R,78.75,67.6,53.8,-5.7,91.7,2.0259,12.015
polyphemus,knee.R,78.833,85.7,217.3,-5.7,91.7,2.4129,29.949
polyphemus,knee.R,78.917,89.9,50.5,-5.7,91.7,2.4277,16.071
polyphemus,knee.R,79,70.2,-236.3,-5.7,91.7,2.6469,35.845
polyphemus,knee.R,79.083,16.9,-639.6,-5.7,91.7,1.6962,43.625
polyphemus,knee.R,79.167,16.9,0,-5.7,91.7,2.3561,11.102
polyphemus,knee.R,79.25,35.8,227.2,-5.7,91.7,1.7826,20.493
polyphemus,knee.R,79.333,62,314.7,-5.7,91.7,1.9774,29.543
polyphemus,knee.R,79.417,72.3,123.2,-5.7,91.7,2.404,21.898
polyphemus,knee.R,79.5,70.9,-16.7,-5.7,91.7,2.245,11.392
polyphemus,knee.R,79.583,63.8,-85.1,-5.7,91.7,1.9517,13.414
polyphemus,knee.R,79.667,63.3,-5.9,-5.7,91.7,1.9746,8.202
polyphemus,knee.R,79.75,86.1,272.6,-5.7,91.7,2.7351,40.989
polyphemus,knee.R,79.833,87.1,12,-5.7,91.7,2.6871,15.57
polyphemus,knee.R,79.917,50.9,-433.9,-5.7,91.7,2.768,57.25
polyphemus,knee.R,80,16.9,-408.2,-5.7,91.7,0.6418,9.968
polyphemus,knee.R,80.083,16.9,0,-5.7,91.7,1.7097,5.846
polyphemus,knee.R,80.167,59.1,506.8,-5.7,91.7,3.0993,74.046
polyphemus,knee.R,80.25,71.8,152.6,-5.7,91.7,2.8534,31.488
polyphemus,knee.R,80.333,71.3,-6.6,-5.7,91.7,2.303,11.136
polyphemus,knee.R,80.417,64,-88,-5.7,91.7,1.9903,14.038
polyphemus,knee.R,80.5,63.2,-8.6,-5.7,91.7,1.9736,8.385
polyphemus,knee.R,80.583,84.3,252.8,-5.7,91.7,2.6822,38.053
polyphemus,knee.R,80.667,89.2,59,-5.7,91.7,2.5028,17.685
polyphemus,knee.R,80.75,63.2,-312.3,-5.7,91.7,2.7882,45.944
polyphemus,knee.R,80.833,16.9,-555.7,-5.7,91.7,1.2496,27.364
polyphemus,knee.R,80.917,16.9,0,-5.7,91.7,2.1218,9.004
polyphemus,knee.R,81,42.7,309.4,-5.7,91.7,2.1936,33.314
polyphemus,knee.R,81.083,63.3,247.2,-5.7,91.7,1.926,24.035
polyphemus,knee.R,81.167,72,104.5,-5.7,91.7,2.2641,18.511
polyphemus,knee.R,81.25,72.3,3.5,-5.7,91.7,2.1509,9.512
polyphemus,knee.R,81.333,67.3,-59.6,-5.7,91.7,1.986,12.019
polyphemus,knee.R,81.417,63.4,-46.7,-5.7,91.7,1.7902,9.33
polyphemus,knee.R,81.5,63.2,-2.8,-5.7,91.7,1.8735,7.202
polyphemus,knee.R,81.583,75.4,146.9,-5.7,91.7,2.3167,22.612
polyphemus,knee.R,81.667,87.7,147,-5.7,91.7,1.9608,17.754
polyphemus,knee.R,81.75,91.7,48.1,-5.7,91.7,2.2373,13.771
polyphemus,knee.R,81.833,91.7,0,-5.7,91.7,2.0956,8.783
polyphemus,knee.R,81.917,87.1,-54.8,-5.7,91.7,2.1124,12.962
polyphemus,knee.R,82,79,-97.2,-5.7,91.7,2.0446,15.299
polyphemus,knee.R,82.083,67.8,-134.7,-5.7,91.7,1.9211,16.417
polyphemus,knee.R,82.167,55.1,-151.7,-5.7,91.7,1.6573,14.272
polyphemus,knee.R,82.25,42.5,-151.7,-5.7,91.7,1.3252,10.532
polyphemus,knee.R,82.333,29.8,-151.7,-5.7,91.7,0.9764,7.078
polyphemus,knee.R,82.417,17.2,-151.7,-5.7,91.7,0.5801,3.746
polyphemus,knee.R,82.5,4.6,-151.7,-5.7,91.7,0.1557,0.873
polyphemus,knee.R,82.583,0,-54.6,-5.7,91.7,0.2712,0.664
polyphemus,knee.R,82.667,0,0,-5.7,91.7,0.1526,0.047
polyphemus,knee.R,89.25,0,0,-5.7,91.7,0,0
polyphemus,knee.L,0,0,0,-5.7,91.7,0,0
polyphemus,knee.L,77.083,5.7,68,-5.7,91.7,0.3836,1.205
polyphemus,knee.L,77.167,14.5,106.4,-5.7,91.7,0.5994,2.944
polyphemus,knee.L,77.25,23.4,107,-5.7,91.7,0.7823,4.145
polyphemus,knee.L,77.333,32.5,108.5,-5.7,91.7,1.0579,6.244
polyphemus,knee.L,77.417,41.7,111.1,-5.7,91.7,1.3134,8.541
polyphemus,knee.L,77.5,51.3,114.5,-5.7,91.7,1.5403,10.899
polyphemus,knee.L,77.583,55.2,47.4,-5.7,91.7,1.7989,9.449
polyphemus,knee.L,77.667,55.9,8.5,-5.7,91.7,1.7339,6.529
polyphemus,knee.L,77.75,56.7,8.7,-5.7,91.7,1.6395,5.872
polyphemus,knee.L,77.833,57.5,10,-5.7,91.7,1.6584,6.079
polyphemus,knee.L,77.917,58.8,15.8,-5.7,91.7,1.6947,6.68
polyphemus,knee.L,78,64.3,66.2,-5.7,91.7,1.9091,11.703
polyphemus,knee.L,78.083,74.4,120.6,-5.7,91.7,2.0414,16.93
polyphemus,knee.L,78.167,82,91.6,-5.7,91.7,2.024,14.664
polyphemus,knee.L,78.25,85.2,37.8,-5.7,91.7,2.1052,11.641
polyphemus,knee.L,78.333,81,-50.5,-5.7,91.7,2.1842,13.395
polyphemus,knee.L,78.417,66.6,-171.9,-5.7,91.7,2.1398,21.994
polyphemus,knee.L,78.5,35.9,-368.8,-5.7,91.7,1.7004,27.672
polyphemus,knee.L,78.583,16.9,-228.1,-5.7,91.7,0.9627,9.52
polyphemus,knee.L,78.667,16.9,0,-5.7,91.7,1.207,2.914
polyphemus,knee.L,78.75,34.7,213.5,-5.7,91.7,1.7125,18.629
polyphemus,knee.L,78.833,58.5,285.7,-5.7,91.7,1.8742,25.717
polyphemus,knee.L,78.917,70.2,140.5,-5.7,91.7,2.2514,21.18
polyphemus,knee.L,79,72.8,31.7,-5.7,91.7,2.1784,11.905
polyphemus,knee.L,79.083,67.9,-58.7,-5.7,91.7,2.0711,12.823
polyphemus,knee.L,79.167,63.2,-56.6,-5.7,91.7,1.7577,9.651
polyphemus,knee.L,79.25,68.2,59.7,-5.7,91.7,2.1464,13.684
polyphemus,knee.L,79.333,88.4,242,-5.7,91.7,2.4704,33.073
polyphemus,knee.L,79.417,85.1,-38.9,-5.7,91.7,2.7393,18.728
polyphemus,knee.L,79.5,47.2,-454.7,-5.7,91.7,2.6015,54.827
polyphemus,knee.L,79.583,16.9,-364.2,-5.7,91.7,0.8225,11.81
polyphemus,knee.L,79.667,16.9,0,-5.7,91.7,1.587,5.037
polyphemus,knee.L,79.75,59,505,-5.7,91.7,3.0914,73.61
polyphemus,knee.L,79.833,71.8,154,-5.7,91.7,2.844,31.467
polyphemus,knee.L,79.917,71.3,-6.4,-5.7,91.7,2.3061,11.153
polyphemus,knee.L,80,63.9,-88.5,-5.7,91.7,1.9911,14.083
polyphemus,knee.L,80.083,63.3,-6.7,-5.7,91.7,1.9819,8.318
polyphemus,knee.L,80.167,86.2,274.2,-5.7,91.7,2.7419,41.278
polyphemus,knee.L,80.25,86.9,9.1,-5.7,91.7,2.6994,15.433
polyphemus,knee.L,80.333,51.2,-429.2,-5.7,91.7,2.7526,56.393
polyphemus,knee.L,80.417,16.9,-411.5,-5.7,91.7,0.6194,9.664
polyphemus,knee.L,80.5,16.9,0,-5.7,91.7,1.7189,5.909
polyphemus,knee.L,80.583,56.8,479.4,-5.7,91.7,2.9811,67.657
polyphemus,knee.L,80.667,70.8,167.1,-5.7,91.7,2.7245,30.737
polyphemus,knee.L,80.75,72.4,19.5,-5.7,91.7,2.2822,11.969
polyphemus,knee.L,80.833,66.1,-75.5,-5.7,91.7,2.0589,13.908
polyphemus,knee.L,80.917,63,-36.6,-5.7,91.7,1.8575,9.273
polyphemus,knee.L,81,72.7,116,-5.7,91.7,2.2995,19.888
polyphemus,knee.L,81.083,89.2,197.5,-5.7,91.7,2.1893,24.68
polyphemus,knee.L,81.167,86.5,-31.7,-5.7,91.7,2.5986,16.385
polyphemus,knee.L,81.25,61.7,-298,-5.7,91.7,2.4708,37.911
polyphemus,knee.L,81.333,16.9,-537.6,-5.7,91.7,1.239,26.323
polyphemus,knee.L,81.417,16.9,0,-5.7,91.7,2.0712,8.58
polyphemus,knee.L,81.583,46.3,353.2,-5.7,91.7,2.4051,41.217
polyphemus,knee.L,81.667,60.7,172.2,-5.7,91.7,2.2158,23.137
polyphemus,knee.L,81.75,68.7,95.9,-5.7,91.7,2.0405,15.158
polyphemus,knee.L,81.833,72.3,44,-5.7,91.7,2.0144,11.207
polyphemus,knee.L,81.917,72.9,7.4,-5.7,91.7,1.9778,8.334
polyphemus,knee.L,82,71.7,-15.1,-5.7,91.7,1.9253,8.426
polyphemus,knee.L,82.083,63.4,-99.3,-5.7,91.7,1.9898,14.818
polyphemus,knee.L,82.167,51.6,-141.9,-5.7,91.7,1.656,13.691
polyphemus,knee.L,82.25,39.7,-141.9,-5.7,91.7,1.2545,9.363
polyphemus,knee.L,82.333,27.9,-141.9,-5.7,91.7,0.9186,6.239
polyphemus,knee.L,82.417,16.1,-141.9,-5.7,91.7,0.5437,3.285
polyphemus,knee.L,82.5,4.3,-141.9,-5.7,91.7,0.1457,0.764
polyphemus,knee.L,82.583,0,-51.1,-5.7,91.7,0.2537,0.581
polyphemus,knee.L,82.667,0,0,-5.7,91.7,0.1427,0.041
polyphemus,knee.L,89.25,0,0,-5.7,91.7,0,0
