# servo timeline for OD-B10-S04 (tools/perform/hardware.js): rows where a channel moves (and where it stops); power is an estimate from a stated model (a 0.30 m puppet; see the file header of hardware.js), not a measurement
# calibration on a rig: encoder velocity -> angular velocity; IMU -> root acceleration; V x I -> electrical power; motor thermistor -> a first-order response to I^2 R, the same form as the motion heat T_m
actor,channel,t,angle_deg,velocity_deg_s,limit_lo_deg,limit_hi_deg,torque_Nm,power_W_est
eurylochus,root.h,0,180,0,,,0,0
eurylochus,root.h,35.917,-179,-4308.5,,,0,0
eurylochus,root.h,36,-161.6,209.2,,,0,0
eurylochus,root.h,36.083,-128.5,397.5,,,0,0
eurylochus,root.h,36.167,-87.9,487.7,,,0,0
eurylochus,root.h,36.25,-47.9,479.9,,,0,0
eurylochus,root.h,36.333,-16.7,373.9,,,0,0
eurylochus,root.h,36.417,-2.5,170,,,0,0
eurylochus,root.h,36.5,-2.4,2,,,0,0
eurylochus,root.h,36.583,-2.4,0,,,0,0
eurylochus,root.h,38.583,-2.3,1.2,,,0,0
eurylochus,root.h,38.667,-2,3.8,,,0,0
eurylochus,root.h,38.75,-1.5,5.5,,,0,0
eurylochus,root.h,38.833,-1,6.1,,,0,0
eurylochus,root.h,38.917,-0.5,5.7,,,0,0
eurylochus,root.h,39,-0.2,4.3,,,0,0
eurylochus,root.h,39.083,0,1.8,,,0,0
eurylochus,root.h,39.167,0,0,,,0,0
eurylochus,root.h,52,0,0,,,0,0
eurylochus,root.pitch,0,0,0,,,0,0
eurylochus,root.pitch,52,0,0,,,0,0
eurylochus,root.roll,0,0,0,,,0,0
eurylochus,root.roll,2,-0.1,-1.5,,,0,0
eurylochus,root.roll,2.083,-0.4,-3.8,,,0,0
eurylochus,root.roll,2.167,-0.9,-5,,,0,0
eurylochus,root.roll,2.25,-1.3,-5,,,0,0
eurylochus,root.roll,2.333,-1.6,-3.8,,,0,0
eurylochus,root.roll,2.417,-1.7,-1.5,,,0,0
eurylochus,root.roll,2.5,-1.7,0.3,,,0,0
eurylochus,root.roll,6.417,-1,2.6,,,0,0
eurylochus,root.roll,6.5,-0.5,6.6,,,0,0
eurylochus,root.roll,6.583,0.2,8.6,,,0,0
eurylochus,root.roll,6.667,0.9,8.6,,,0,0
eurylochus,root.roll,6.75,1.5,6.6,,,0,0
eurylochus,root.roll,6.833,1.7,2.6,,,0,0
eurylochus,root.roll,6.917,1.7,-0.3,,,0,0
eurylochus,root.roll,10.167,1,-3.7,,,0,0
eurylochus,root.roll,10.25,0.2,-8.9,,,0,0
eurylochus,root.roll,10.333,-0.7,-10.6,,,0,0
eurylochus,root.roll,10.417,-1.4,-8.9,,,0,0
eurylochus,root.roll,10.5,-1.7,-3.7,,,0,0
eurylochus,root.roll,10.583,-1.7,0.3,,,0,0
eurylochus,root.roll,14.917,-1,3.7,,,0,0
eurylochus,root.roll,15,-0.2,8.9,,,0,0
eurylochus,root.roll,15.083,0.7,10.6,,,0,0
eurylochus,root.roll,15.167,1.4,8.9,,,0,0
eurylochus,root.roll,15.25,1.7,3.7,,,0,0
eurylochus,root.roll,15.333,1.7,-0.3,,,0,0
eurylochus,root.roll,17.667,1,-2.6,,,0,0
eurylochus,root.roll,17.75,0.5,-6.6,,,0,0
eurylochus,root.roll,17.833,-0.2,-8.6,,,0,0
eurylochus,root.roll,17.917,-0.9,-8.6,,,0,0
eurylochus,root.roll,18,-1.5,-6.6,,,0,0
eurylochus,root.roll,18.083,-1.7,-2.6,,,0,0
eurylochus,root.roll,18.167,-1.7,0.3,,,0,0
eurylochus,root.roll,22.333,-1,3.7,,,0,0
eurylochus,root.roll,22.417,-0.2,8.9,,,0,0
eurylochus,root.roll,22.5,0.7,10.6,,,0,0
eurylochus,root.roll,22.583,1.4,8.9,,,0,0
eurylochus,root.roll,22.667,1.7,3.7,,,0,0
eurylochus,root.roll,22.75,1.7,-0.3,,,0,0
eurylochus,root.roll,25.25,1,-2.6,,,0,0
eurylochus,root.roll,25.333,0.5,-6.6,,,0,0
eurylochus,root.roll,25.417,-0.2,-8.6,,,0,0
eurylochus,root.roll,25.5,-0.9,-8.6,,,0,0
eurylochus,root.roll,25.583,-1.5,-6.6,,,0,0
eurylochus,root.roll,25.667,-1.7,-2.6,,,0,0
eurylochus,root.roll,25.75,-1.7,0.3,,,0,0
eurylochus,root.roll,30,-1,2.6,,,0,0
eurylochus,root.roll,30.083,-0.5,6.6,,,0,0
eurylochus,root.roll,30.167,0.2,8.6,,,0,0
eurylochus,root.roll,30.25,0.9,8.6,,,0,0
eurylochus,root.roll,30.333,1.5,6.6,,,0,0
eurylochus,root.roll,30.417,1.7,2.6,,,0,0
eurylochus,root.roll,30.5,1.7,-0.3,,,0,0
eurylochus,root.roll,34.583,1,-3.7,,,0,0
eurylochus,root.roll,34.667,0.2,-8.9,,,0,0
eurylochus,root.roll,34.75,-0.7,-10.6,,,0,0
eurylochus,root.roll,34.833,-1.4,-8.9,,,0,0
eurylochus,root.roll,34.917,-1.7,-3.7,,,0,0
eurylochus,root.roll,35,-1.7,0.3,,,0,0
eurylochus,root.roll,42.333,-1.4,-1,,,0,0
eurylochus,root.roll,42.417,-1.5,-1.3,,,0,0
eurylochus,root.roll,42.5,-1.6,-1.3,,,0,0
eurylochus,root.roll,42.583,-1.7,-1,,,0,0
eurylochus,root.roll,42.667,-1.7,-0.4,,,0,0
eurylochus,root.roll,45.75,-1,3.7,,,0,0
eurylochus,root.roll,45.833,-0.2,8.9,,,0,0
eurylochus,root.roll,45.917,0.7,10.6,,,0,0
eurylochus,root.roll,46,1.4,8.9,,,0,0
eurylochus,root.roll,46.083,1.7,3.7,,,0,0
eurylochus,root.roll,46.167,1.7,-0.3,,,0,0
eurylochus,root.roll,49,1,-2.6,,,0,0
eurylochus,root.roll,49.083,0.5,-6.6,,,0,0
eurylochus,root.roll,49.167,-0.2,-8.6,,,0,0
eurylochus,root.roll,49.25,-0.9,-8.6,,,0,0
eurylochus,root.roll,49.333,-1.5,-6.6,,,0,0
eurylochus,root.roll,49.417,-1.7,-2.6,,,0,0
eurylochus,root.roll,49.5,-1.7,0.3,,,0,0
eurylochus,root.roll,52,-1.3,0,,,0,0
eurylochus,torso.lean,0,0,0,-17.2,21.8,0,0
eurylochus,torso.lean,0.583,-0.2,-0.5,-17.2,21.8,0.001,0
eurylochus,torso.lean,0.667,-0.2,-0.6,-17.2,21.8,0.0013,0
eurylochus,torso.lean,0.75,-0.3,-0.6,-17.2,21.8,0.0016,0
eurylochus,torso.lean,0.833,-0.3,-0.7,-17.2,21.8,0.0019,0
eurylochus,torso.lean,0.917,-0.4,-0.7,-17.2,21.8,0.0022,0
eurylochus,torso.lean,1,-0.5,-0.8,-17.2,21.8,0.0026,0
eurylochus,torso.lean,1.083,-0.5,-0.8,-17.2,21.8,0.0029,0
eurylochus,torso.lean,1.167,-0.6,-0.8,-17.2,21.8,0.0033,0
eurylochus,torso.lean,1.25,-0.7,-0.9,-17.2,21.8,0.0037,0
eurylochus,torso.lean,1.333,-0.7,-0.9,-17.2,21.8,0.0041,0
eurylochus,torso.lean,1.417,-0.8,-0.9,-17.2,21.8,0.0045,0
eurylochus,torso.lean,1.5,-0.9,-0.9,-17.2,21.8,0.0049,0
eurylochus,torso.lean,1.583,-1,-0.9,-17.2,21.8,0.0053,0
eurylochus,torso.lean,1.667,-1,-0.9,-17.2,21.8,0.0057,0
eurylochus,torso.lean,1.75,-1.1,-0.9,-17.2,21.8,0.0061,0
eurylochus,torso.lean,1.833,-1.2,-0.8,-17.2,21.8,0.0065,0
eurylochus,torso.lean,1.917,-1.3,-0.8,-17.2,21.8,0.0069,0
eurylochus,torso.lean,2,-1.3,-0.8,-17.2,21.8,0.0072,0
eurylochus,torso.lean,2.083,-1.4,-0.7,-17.2,21.8,0.0076,0
eurylochus,torso.lean,2.167,-1.4,-0.7,-17.2,21.8,0.0079,0
eurylochus,torso.lean,2.25,-1.5,-0.6,-17.2,21.8,0.0082,0
eurylochus,torso.lean,2.333,-1.5,-0.6,-17.2,21.8,0.0084,0
eurylochus,torso.lean,2.417,-1.6,-0.5,-17.2,21.8,0.0087,0
eurylochus,torso.lean,2.5,-1.6,-0.5,-17.2,21.8,0.0089,0
eurylochus,torso.lean,3.167,-1.6,0.6,-17.2,21.8,0.0089,0
eurylochus,torso.lean,3.25,-1.6,0.8,-17.2,21.8,0.0086,0
eurylochus,torso.lean,3.333,-1.5,1,-17.2,21.8,0.0081,0
eurylochus,torso.lean,3.417,-1.4,1.1,-17.2,21.8,0.0076,0
eurylochus,torso.lean,3.5,-1.3,1.3,-17.2,21.8,0.007,0
eurylochus,torso.lean,3.583,-1.2,1.4,-17.2,21.8,0.0064,0
eurylochus,torso.lean,3.667,-1,1.4,-17.2,21.8,0.0057,0
eurylochus,torso.lean,3.75,-0.9,1.5,-17.2,21.8,0.0051,0
eurylochus,torso.lean,3.833,-0.8,1.5,-17.2,21.8,0.0044,0
eurylochus,torso.lean,3.917,-0.7,1.5,-17.2,21.8,0.0037,0
eurylochus,torso.lean,4,-0.6,1.4,-17.2,21.8,0.0031,0
eurylochus,torso.lean,4.083,-0.4,1.4,-17.2,21.8,0.0025,0
eurylochus,torso.lean,4.167,-0.3,1.3,-17.2,21.8,0.0019,0
eurylochus,torso.lean,4.25,-0.2,1.1,-17.2,21.8,0.0014,0
eurylochus,torso.lean,4.333,-0.2,1,-17.2,21.8,0.0009,0
eurylochus,torso.lean,4.417,-0.1,0.8,-17.2,21.8,0.0006,0
eurylochus,torso.lean,4.5,0,0.6,-17.2,21.8,0.0003,0
eurylochus,torso.lean,4.583,0,0.4,-17.2,21.8,0.0001,0
eurylochus,torso.lean,5.083,-0.1,-0.6,-17.2,21.8,0.0008,0
eurylochus,torso.lean,5.167,-0.2,-0.7,-17.2,21.8,0.0011,0
eurylochus,torso.lean,5.25,-0.3,-0.7,-17.2,21.8,0.0014,0
eurylochus,torso.lean,5.333,-0.3,-0.8,-17.2,21.8,0.0018,0
eurylochus,torso.lean,5.417,-0.4,-0.9,-17.2,21.8,0.0022,0
eurylochus,torso.lean,5.5,-0.5,-0.9,-17.2,21.8,0.0026,0
eurylochus,torso.lean,5.583,-0.6,-1,-17.2,21.8,0.003,0
eurylochus,torso.lean,5.667,-0.6,-1,-17.2,21.8,0.0035,0
eurylochus,torso.lean,5.75,-0.7,-1,-17.2,21.8,0.004,0
eurylochus,torso.lean,5.833,-0.8,-1.1,-17.2,21.8,0.0045,0
eurylochus,torso.lean,5.917,-0.9,-1.1,-17.2,21.8,0.005,0
eurylochus,torso.lean,6,-1,-1.1,-17.2,21.8,0.0054,0
eurylochus,torso.lean,6.083,-1.1,-1,-17.2,21.8,0.0059,0
eurylochus,torso.lean,6.167,-1.2,-1,-17.2,21.8,0.0064,0
eurylochus,torso.lean,6.25,-1.2,-1,-17.2,21.8,0.0068,0
eurylochus,torso.lean,6.333,-1.3,-0.9,-17.2,21.8,0.0073,0
eurylochus,torso.lean,6.417,-1.4,-0.9,-17.2,21.8,0.0077,0
eurylochus,torso.lean,6.5,-1.5,-0.8,-17.2,21.8,0.008,0
eurylochus,torso.lean,6.583,-1.5,-0.7,-17.2,21.8,0.0084,0
eurylochus,torso.lean,6.667,-1.6,-0.7,-17.2,21.8,0.0087,0
eurylochus,torso.lean,6.75,-1.6,-0.6,-17.2,21.8,0.0089,0
eurylochus,torso.lean,6.833,-1.7,-0.5,-17.2,21.8,0.0092,0
eurylochus,torso.lean,7.333,-1.6,0.6,-17.2,21.8,0.0089,0
eurylochus,torso.lean,7.417,-1.6,0.8,-17.2,21.8,0.0086,0
eurylochus,torso.lean,7.5,-1.5,1,-17.2,21.8,0.0081,0
eurylochus,torso.lean,7.583,-1.4,1.1,-17.2,21.8,0.0076,0
eurylochus,torso.lean,7.667,-1.3,1.3,-17.2,21.8,0.007,0
eurylochus,torso.lean,7.75,-1.2,1.4,-17.2,21.8,0.0064,0
eurylochus,torso.lean,7.833,-1,1.4,-17.2,21.8,0.0057,0
eurylochus,torso.lean,7.917,-0.9,1.5,-17.2,21.8,0.0051,0
eurylochus,torso.lean,8,-0.8,1.5,-17.2,21.8,0.0044,0
eurylochus,torso.lean,8.083,-0.7,1.5,-17.2,21.8,0.0037,0
eurylochus,torso.lean,8.167,-0.6,1.4,-17.2,21.8,0.0031,0
eurylochus,torso.lean,8.25,-0.4,1.4,-17.2,21.8,0.0025,0
eurylochus,torso.lean,8.333,-0.3,1.3,-17.2,21.8,0.0019,0
eurylochus,torso.lean,8.417,-0.2,1.1,-17.2,21.8,0.0014,0
eurylochus,torso.lean,8.5,-0.2,1,-17.2,21.8,0.0009,0
eurylochus,torso.lean,8.583,-0.1,0.8,-17.2,21.8,0.0006,0
eurylochus,torso.lean,8.667,0,0.6,-17.2,21.8,0.0003,0
eurylochus,torso.lean,8.75,0,0.4,-17.2,21.8,0.0001,0
eurylochus,torso.lean,9.25,-0.1,-0.5,-17.2,21.8,0.0007,0
eurylochus,torso.lean,9.333,-0.2,-0.6,-17.2,21.8,0.001,0
eurylochus,torso.lean,9.417,-0.2,-0.7,-17.2,21.8,0.0013,0
eurylochus,torso.lean,9.5,-0.3,-0.8,-17.2,21.8,0.0017,0
eurylochus,torso.lean,9.583,-0.4,-0.8,-17.2,21.8,0.002,0
eurylochus,torso.lean,9.667,-0.4,-0.9,-17.2,21.8,0.0025,0
eurylochus,torso.lean,9.75,-0.5,-0.9,-17.2,21.8,0.0029,0
eurylochus,torso.lean,9.833,-0.6,-1,-17.2,21.8,0.0033,0
eurylochus,torso.lean,9.917,-0.7,-1,-17.2,21.8,0.0038,0
eurylochus,torso.lean,10,-0.8,-1,-17.2,21.8,0.0042,0
eurylochus,torso.lean,10.083,-0.9,-1,-17.2,21.8,0.0047,0
eurylochus,torso.lean,10.167,-0.9,-1,-17.2,21.8,0.0052,0
eurylochus,torso.lean,10.25,-1,-1,-17.2,21.8,0.0056,0
eurylochus,torso.lean,10.333,-1.1,-1,-17.2,21.8,0.0061,0
eurylochus,torso.lean,10.417,-1.2,-1,-17.2,21.8,0.0066,0
eurylochus,torso.lean,10.5,-1.3,-0.9,-17.2,21.8,0.007,0
eurylochus,torso.lean,10.583,-1.3,-0.9,-17.2,21.8,0.0074,0
eurylochus,torso.lean,10.667,-1.4,-0.8,-17.2,21.8,0.0078,0
eurylochus,torso.lean,10.75,-1.5,-0.8,-17.2,21.8,0.0081,0
eurylochus,torso.lean,10.833,-1.5,-0.7,-17.2,21.8,0.0085,0
eurylochus,torso.lean,10.917,-1.6,-0.6,-17.2,21.8,0.0087,0
eurylochus,torso.lean,11,-1.6,-0.5,-17.2,21.8,0.009,0
eurylochus,torso.lean,11.083,-1.7,-0.4,-17.2,21.8,0.0092,0
eurylochus,torso.lean,11.583,-1.6,0.6,-17.2,21.8,0.0089,0
eurylochus,torso.lean,11.667,-1.6,0.8,-17.2,21.8,0.0086,0
eurylochus,torso.lean,11.75,4.1,68.2,-17.2,21.8,0.0347,0.085
eurylochus,torso.lean,11.833,8.8,56.1,-17.2,21.8,0.0502,0.103
eurylochus,torso.lean,11.917,12.5,44,-17.2,21.8,0.07,0.117
eurylochus,torso.lean,12,15.1,31.9,-17.2,21.8,0.0841,0.108
eurylochus,torso.lean,12.083,16.8,19.8,-17.2,21.8,0.0928,0.081
eurylochus,torso.lean,12.167,17.4,7.6,-17.2,21.8,0.0961,0.044
eurylochus,torso.lean,12.25,17.5,1.5,-17.2,21.8,0.0957,0.023
eurylochus,torso.lean,12.333,17.7,1.5,-17.2,21.8,0.0952,0.023
eurylochus,torso.lean,12.417,17.8,1.4,-17.2,21.8,0.0958,0.023
eurylochus,torso.lean,12.5,17.9,1.3,-17.2,21.8,0.0964,0.023
eurylochus,torso.lean,12.583,18,1.3,-17.2,21.8,0.097,0.023
eurylochus,torso.lean,12.667,18.1,1.1,-17.2,21.8,0.0975,0.023
eurylochus,torso.lean,12.75,18.2,1,-17.2,21.8,0.0979,0.023
eurylochus,torso.lean,12.833,18.2,0.8,-17.2,21.8,0.0983,0.022
eurylochus,torso.lean,12.917,18.3,0.6,-17.2,21.8,0.0985,0.022
eurylochus,torso.lean,13,18.3,0.4,-17.2,21.8,0.0987,0.021
eurylochus,torso.lean,13.5,18.2,-0.6,-17.2,21.8,0.098,0.021
eurylochus,torso.lean,13.583,18.1,-0.7,-17.2,21.8,0.0977,0.021
eurylochus,torso.lean,13.667,18.1,-0.8,-17.2,21.8,0.0974,0.022
eurylochus,torso.lean,13.75,18,-0.8,-17.2,21.8,0.097,0.022
eurylochus,torso.lean,13.833,17.9,-0.9,-17.2,21.8,0.0966,0.022
eurylochus,torso.lean,13.917,17.8,-1,-17.2,21.8,0.0962,0.022
eurylochus,torso.lean,14,17.8,-1,-17.2,21.8,0.0958,0.022
eurylochus,torso.lean,14.083,17.7,-1,-17.2,21.8,0.0953,0.022
eurylochus,torso.lean,14.167,17.6,-1.1,-17.2,21.8,0.0949,0.022
eurylochus,torso.lean,14.25,17.5,-1.1,-17.2,21.8,0.0944,0.021
eurylochus,torso.lean,14.333,17.4,-1.1,-17.2,21.8,0.0939,0.021
eurylochus,torso.lean,14.417,17.3,-1.1,-17.2,21.8,0.0934,0.021
eurylochus,torso.lean,14.5,17.2,-1.1,-17.2,21.8,0.093,0.021
eurylochus,torso.lean,14.583,17.1,-1,-17.2,21.8,0.0925,0.02
eurylochus,torso.lean,14.667,17.1,-1,-17.2,21.8,0.0921,0.02
eurylochus,torso.lean,14.75,17,-1,-17.2,21.8,0.0917,0.02
eurylochus,torso.lean,14.833,16.9,-0.9,-17.2,21.8,0.0913,0.02
eurylochus,torso.lean,14.917,16.8,-0.8,-17.2,21.8,0.0909,0.019
eurylochus,torso.lean,15,16.8,-0.8,-17.2,21.8,0.0906,0.019
eurylochus,torso.lean,15.083,16.7,-0.7,-17.2,21.8,0.0903,0.018
eurylochus,torso.lean,15.167,16.7,-0.6,-17.2,21.8,0.09,0.018
eurylochus,torso.lean,15.25,16.6,-0.5,-17.2,21.8,0.0898,0.018
eurylochus,torso.lean,15.75,16.6,0.6,-17.2,21.8,0.09,0.018
eurylochus,torso.lean,15.833,16.7,0.8,-17.2,21.8,0.0903,0.019
eurylochus,torso.lean,15.917,16.8,1,-17.2,21.8,0.0907,0.019
eurylochus,torso.lean,16,16.9,1.1,-17.2,21.8,0.0912,0.02
eurylochus,torso.lean,16.083,17,1.2,-17.2,21.8,0.0917,0.021
eurylochus,torso.lean,16.167,17.1,1.3,-17.2,21.8,0.0923,0.021
eurylochus,torso.lean,16.25,17.2,1.4,-17.2,21.8,0.0929,0.022
eurylochus,torso.lean,16.333,17.3,1.4,-17.2,21.8,0.0935,0.022
eurylochus,torso.lean,16.417,17.4,1.4,-17.2,21.8,0.0941,0.022
eurylochus,torso.lean,16.5,17.6,1.4,-17.2,21.8,0.0947,0.023
eurylochus,torso.lean,16.583,17.7,1.4,-17.2,21.8,0.0953,0.023
eurylochus,torso.lean,16.667,17.8,1.3,-17.2,21.8,0.0959,0.023
eurylochus,torso.lean,16.75,17.9,1.2,-17.2,21.8,0.0964,0.023
eurylochus,torso.lean,16.833,18,1.1,-17.2,21.8,0.0969,0.022
eurylochus,torso.lean,16.917,18.1,0.9,-17.2,21.8,0.0973,0.022
eurylochus,torso.lean,17,18.1,0.8,-17.2,21.8,0.0977,0.022
eurylochus,torso.lean,17.083,18.2,0.6,-17.2,21.8,0.0979,0.021
eurylochus,torso.lean,17.167,18.2,0.3,-17.2,21.8,0.0981,0.02
eurylochus,torso.lean,17.667,18.1,-0.6,-17.2,21.8,0.0973,0.021
eurylochus,torso.lean,17.75,18,-0.7,-17.2,21.8,0.097,0.021
eurylochus,torso.lean,17.833,17.9,-0.7,-17.2,21.8,0.0967,0.021
eurylochus,torso.lean,17.917,17.9,-0.8,-17.2,21.8,0.0964,0.021
eurylochus,torso.lean,18,17.8,-0.9,-17.2,21.8,0.096,0.021
eurylochus,torso.lean,18.083,17.7,-0.9,-17.2,21.8,0.0956,0.021
eurylochus,torso.lean,18.167,17.6,-1,-17.2,21.8,0.0951,0.021
eurylochus,torso.lean,18.25,17.6,-1,-17.2,21.8,0.0947,0.021
eurylochus,torso.lean,18.333,17.5,-1.1,-17.2,21.8,0.0942,0.021
eurylochus,torso.lean,18.417,17.4,-1.1,-17.2,21.8,0.0937,0.021
eurylochus,torso.lean,18.5,17.3,-1.1,-17.2,21.8,0.0933,0.021
eurylochus,torso.lean,18.583,17.2,-1.1,-17.2,21.8,0.0928,0.021
eurylochus,torso.lean,18.667,17.1,-1.1,-17.2,21.8,0.0923,0.021
eurylochus,torso.lean,18.75,17,-1.1,-17.2,21.8,0.0919,0.02
eurylochus,torso.lean,18.833,16.9,-1,-17.2,21.8,0.0914,0.02
eurylochus,torso.lean,18.917,16.8,-1,-17.2,21.8,0.091,0.02
eurylochus,torso.lean,19,16.8,-0.9,-17.2,21.8,0.0906,0.019
eurylochus,torso.lean,19.083,16.7,-0.9,-17.2,21.8,0.0902,0.019
eurylochus,torso.lean,19.167,16.6,-0.8,-17.2,21.8,0.0898,0.019
eurylochus,torso.lean,19.25,16.6,-0.8,-17.2,21.8,0.0895,0.018
eurylochus,torso.lean,19.333,16.5,-0.7,-17.2,21.8,0.0892,0.018
eurylochus,torso.lean,19.417,16.5,-0.6,-17.2,21.8,0.0889,0.018
eurylochus,torso.lean,19.5,16.4,-0.5,-17.2,21.8,0.0887,0.017
eurylochus,torso.lean,20,16.4,0.6,-17.2,21.8,0.0888,0.018
eurylochus,torso.lean,20.083,16.5,0.8,-17.2,21.8,0.0892,0.018
eurylochus,torso.lean,20.167,16.6,0.9,-17.2,21.8,0.0896,0.019
eurylochus,torso.lean,20.25,16.7,1.1,-17.2,21.8,0.09,0.02
eurylochus,torso.lean,20.333,16.8,1.2,-17.2,21.8,0.0906,0.02
eurylochus,torso.lean,20.417,16.9,1.3,-17.2,21.8,0.0911,0.021
eurylochus,torso.lean,20.5,17,1.4,-17.2,21.8,0.0917,0.021
eurylochus,torso.lean,20.583,17.1,1.4,-17.2,21.8,0.0923,0.022
eurylochus,torso.lean,20.667,17.2,1.4,-17.2,21.8,0.0929,0.022
eurylochus,torso.lean,20.75,17.3,1.4,-17.2,21.8,0.0935,0.022
eurylochus,torso.lean,20.833,17.4,1.4,-17.2,21.8,0.0941,0.022
eurylochus,torso.lean,20.917,17.6,1.3,-17.2,21.8,0.0947,0.022
eurylochus,torso.lean,21,17.7,1.2,-17.2,21.8,0.0952,0.022
eurylochus,torso.lean,21.083,17.7,1.1,-17.2,21.8,0.0957,0.022
eurylochus,torso.lean,21.167,17.8,0.9,-17.2,21.8,0.0961,0.022
eurylochus,torso.lean,21.25,17.9,0.8,-17.2,21.8,0.0964,0.021
eurylochus,torso.lean,21.333,17.9,0.6,-17.2,21.8,0.0967,0.021
eurylochus,torso.lean,21.417,18,0.3,-17.2,21.8,0.0968,0.02
eurylochus,torso.lean,21.833,17.8,-0.5,-17.2,21.8,0.0962,0.02
eurylochus,torso.lean,21.917,17.8,-0.6,-17.2,21.8,0.096,0.021
eurylochus,torso.lean,22,17.7,-0.7,-17.2,21.8,0.0957,0.021
eurylochus,torso.lean,22.083,17.7,-0.8,-17.2,21.8,0.0953,0.021
eurylochus,torso.lean,22.167,17.6,-0.9,-17.2,21.8,0.0949,0.021
eurylochus,torso.lean,22.25,17.5,-1,-17.2,21.8,0.0945,0.021
eurylochus,torso.lean,22.333,17.4,-1,-17.2,21.8,0.0941,0.021
eurylochus,torso.lean,22.417,17.3,-1.1,-17.2,21.8,0.0936,0.021
eurylochus,torso.lean,22.5,17.3,-1.1,-17.2,21.8,0.0931,0.021
eurylochus,torso.lean,22.583,17.2,-1.1,-17.2,21.8,0.0926,0.021
eurylochus,torso.lean,22.667,17.1,-1.1,-17.2,21.8,0.0921,0.021
eurylochus,torso.lean,22.75,17,-1.1,-17.2,21.8,0.0916,0.02
eurylochus,torso.lean,22.833,16.9,-1.1,-17.2,21.8,0.0911,0.02
eurylochus,torso.lean,22.917,16.8,-1.1,-17.2,21.8,0.0907,0.02
eurylochus,torso.lean,23,16.7,-1.1,-17.2,21.8,0.0902,0.02
eurylochus,torso.lean,23.083,16.6,-1.1,-17.2,21.8,0.0897,0.019
eurylochus,torso.lean,23.167,16.5,-1,-17.2,21.8,0.0893,0.019
eurylochus,torso.lean,23.25,16.4,-1,-17.2,21.8,0.0889,0.019
eurylochus,torso.lean,23.333,16.4,-0.9,-17.2,21.8,0.0885,0.018
eurylochus,torso.lean,23.417,16.3,-0.8,-17.2,21.8,0.0881,0.018
eurylochus,torso.lean,23.5,16.2,-0.7,-17.2,21.8,0.0878,0.018
eurylochus,torso.lean,23.583,16.2,-0.6,-17.2,21.8,0.0875,0.017
eurylochus,torso.lean,23.667,16.1,-0.5,-17.2,21.8,0.0873,0.017
eurylochus,torso.lean,23.75,16.1,-0.4,-17.2,21.8,0.0871,0.016
eurylochus,torso.lean,24.25,16.2,0.7,-17.2,21.8,0.0876,0.017
eurylochus,torso.lean,24.333,16.3,0.8,-17.2,21.8,0.088,0.018
eurylochus,torso.lean,24.417,16.4,1,-17.2,21.8,0.0884,0.019
eurylochus,torso.lean,24.5,16.4,1.1,-17.2,21.8,0.0889,0.019
eurylochus,torso.lean,24.583,16.5,1.2,-17.2,21.8,0.0894,0.02
eurylochus,torso.lean,24.667,16.7,1.3,-17.2,21.8,0.09,0.02
eurylochus,torso.lean,24.75,16.8,1.3,-17.2,21.8,0.0905,0.021
eurylochus,torso.lean,24.833,16.9,1.3,-17.2,21.8,0.0911,0.021
eurylochus,torso.lean,24.917,17,1.3,-17.2,21.8,0.0917,0.021
eurylochus,torso.lean,25,17.1,1.3,-17.2,21.8,0.0923,0.021
eurylochus,torso.lean,25.083,17.2,1.3,-17.2,21.8,0.0928,0.021
eurylochus,torso.lean,25.167,17.3,1.2,-17.2,21.8,0.0934,0.021
eurylochus,torso.lean,25.25,17.4,1.1,-17.2,21.8,0.0938,0.021
eurylochus,torso.lean,25.333,17.5,1,-17.2,21.8,0.0943,0.021
eurylochus,torso.lean,25.417,17.5,0.8,-17.2,21.8,0.0946,0.021
eurylochus,torso.lean,25.5,17.6,0.7,-17.2,21.8,0.0949,0.02
eurylochus,torso.lean,25.583,17.6,0.5,-17.2,21.8,0.0952,0.02
eurylochus,torso.lean,26.083,17.6,-0.5,-17.2,21.8,0.0947,0.02
eurylochus,torso.lean,26.167,17.5,-0.6,-17.2,21.8,0.0945,0.02
eurylochus,torso.lean,26.25,17.4,-0.7,-17.2,21.8,0.0941,0.02
eurylochus,torso.lean,26.333,17.4,-0.8,-17.2,21.8,0.0938,0.02
eurylochus,torso.lean,26.417,17.3,-0.9,-17.2,21.8,0.0934,0.02
eurylochus,torso.lean,26.5,17.2,-1,-17.2,21.8,0.093,0.02
eurylochus,torso.lean,26.583,17.1,-1,-17.2,21.8,0.0925,0.02
eurylochus,torso.lean,26.667,17.1,-1.1,-17.2,21.8,0.0921,0.02
eurylochus,torso.lean,26.75,17,-1.1,-17.2,21.8,0.0916,0.02
eurylochus,torso.lean,26.833,16.9,-1.1,-17.2,21.8,0.0911,0.02
eurylochus,torso.lean,26.917,16.8,-1.1,-17.2,21.8,0.0906,0.02
eurylochus,torso.lean,27,16.7,-1.1,-17.2,21.8,0.0901,0.02
eurylochus,torso.lean,27.083,16.6,-1.1,-17.2,21.8,0.0896,0.02
eurylochus,torso.lean,27.167,16.5,-1.1,-17.2,21.8,0.0891,0.019
eurylochus,torso.lean,27.25,16.4,-1.1,-17.2,21.8,0.0887,0.019
eurylochus,torso.lean,27.333,16.3,-1,-17.2,21.8,0.0882,0.019
eurylochus,torso.lean,27.417,16.2,-1,-17.2,21.8,0.0878,0.018
eurylochus,torso.lean,27.5,16.2,-0.9,-17.2,21.8,0.0874,0.018
eurylochus,torso.lean,27.583,16.1,-0.9,-17.2,21.8,0.087,0.018
eurylochus,torso.lean,27.667,16,-0.8,-17.2,21.8,0.0866,0.017
eurylochus,torso.lean,27.75,16,-0.7,-17.2,21.8,0.0863,0.017
eurylochus,torso.lean,27.833,15.9,-0.6,-17.2,21.8,0.086,0.017
eurylochus,torso.lean,27.917,15.9,-0.5,-17.2,21.8,0.0858,0.016
eurylochus,torso.lean,28,15.8,-0.4,-17.2,21.8,0.0856,0.016
eurylochus,torso.lean,28.417,15.9,0.6,-17.2,21.8,0.0859,0.016
eurylochus,torso.lean,28.5,15.9,0.8,-17.2,21.8,0.0862,0.017
eurylochus,torso.lean,28.583,16,0.9,-17.2,21.8,0.0866,0.018
eurylochus,torso.lean,28.667,16.1,1.1,-17.2,21.8,0.0871,0.018
eurylochus,torso.lean,28.75,16.2,1.2,-17.2,21.8,0.0876,0.019
eurylochus,torso.lean,28.833,16.3,1.3,-17.2,21.8,0.0882,0.02
eurylochus,torso.lean,28.917,16.4,1.4,-17.2,21.8,0.0888,0.02
eurylochus,torso.lean,29,16.5,1.4,-17.2,21.8,0.0894,0.02
eurylochus,torso.lean,29.083,16.7,1.4,-17.2,21.8,0.09,0.021
eurylochus,torso.lean,29.167,16.8,1.4,-17.2,21.8,0.0906,0.021
eurylochus,torso.lean,29.25,16.9,1.4,-17.2,21.8,0.0912,0.021
eurylochus,torso.lean,29.333,17,1.3,-17.2,21.8,0.0918,0.021
eurylochus,torso.lean,29.417,17.1,1.2,-17.2,21.8,0.0923,0.021
eurylochus,torso.lean,29.5,17.2,1.1,-17.2,21.8,0.0928,0.021
eurylochus,torso.lean,29.583,17.3,0.9,-17.2,21.8,0.0932,0.02
eurylochus,torso.lean,29.667,17.3,0.8,-17.2,21.8,0.0936,0.02
eurylochus,torso.lean,29.75,17.4,0.6,-17.2,21.8,0.0938,0.019
eurylochus,torso.lean,29.833,17.4,0.3,-17.2,21.8,0.094,0.019
eurylochus,torso.lean,30.25,17.3,-0.5,-17.2,21.8,0.0934,0.019
eurylochus,torso.lean,30.333,17.3,-0.6,-17.2,21.8,0.0931,0.019
eurylochus,torso.lean,30.417,17.2,-0.7,-17.2,21.8,0.0928,0.02
eurylochus,torso.lean,30.5,17.1,-0.8,-17.2,21.8,0.0925,0.02
eurylochus,torso.lean,30.583,17.1,-0.9,-17.2,21.8,0.0921,0.02
eurylochus,torso.lean,30.667,17,-0.9,-17.2,21.8,0.0917,0.02
eurylochus,torso.lean,30.75,16.9,-1,-17.2,21.8,0.0913,0.02
eurylochus,torso.lean,30.833,16.8,-1,-17.2,21.8,0.0908,0.02
eurylochus,torso.lean,30.917,16.7,-1.1,-17.2,21.8,0.0904,0.02
eurylochus,torso.lean,31,16.6,-1.1,-17.2,21.8,0.0899,0.02
eurylochus,torso.lean,31.083,16.5,-1.1,-17.2,21.8,0.0894,0.019
eurylochus,torso.lean,31.167,16.5,-1.1,-17.2,21.8,0.0889,0.019
eurylochus,torso.lean,31.25,16.4,-1.1,-17.2,21.8,0.0884,0.019
eurylochus,torso.lean,31.333,16.3,-1.1,-17.2,21.8,0.0879,0.019
eurylochus,torso.lean,31.417,16.2,-1.1,-17.2,21.8,0.0875,0.019
eurylochus,torso.lean,31.5,16.1,-1,-17.2,21.8,0.087,0.018
eurylochus,torso.lean,31.583,16,-1,-17.2,21.8,0.0866,0.018
eurylochus,torso.lean,31.667,15.9,-0.9,-17.2,21.8,0.0862,0.018
eurylochus,torso.lean,31.75,15.9,-0.9,-17.2,21.8,0.0858,0.017
eurylochus,torso.lean,31.833,15.8,-0.8,-17.2,21.8,0.0855,0.017
eurylochus,torso.lean,31.917,15.7,-0.7,-17.2,21.8,0.0852,0.017
eurylochus,torso.lean,32,15.7,-0.6,-17.2,21.8,0.0849,0.016
eurylochus,torso.lean,32.083,15.6,-0.5,-17.2,21.8,0.0847,0.016
eurylochus,torso.lean,32.583,15.7,0.5,-17.2,21.8,0.0848,0.016
eurylochus,torso.lean,32.667,15.7,0.7,-17.2,21.8,0.0851,0.017
eurylochus,torso.lean,32.75,15.8,0.9,-17.2,21.8,0.0855,0.017
eurylochus,torso.lean,32.833,15.9,1,-17.2,21.8,0.086,0.018
eurylochus,torso.lean,32.917,16,1.1,-17.2,21.8,0.0864,0.018
eurylochus,torso.lean,33,16.1,1.2,-17.2,21.8,0.087,0.019
eurylochus,torso.lean,33.083,16.2,1.3,-17.2,21.8,0.0876,0.019
eurylochus,torso.lean,33.167,16.3,1.4,-17.2,21.8,0.0881,0.02
eurylochus,torso.lean,33.25,16.4,1.4,-17.2,21.8,0.0887,0.02
eurylochus,torso.lean,33.333,16.5,1.4,-17.2,21.8,0.0893,0.02
eurylochus,torso.lean,33.417,16.6,1.4,-17.2,21.8,0.0899,0.02
eurylochus,torso.lean,33.5,16.8,1.3,-17.2,21.8,0.0905,0.021
eurylochus,torso.lean,33.583,16.9,1.2,-17.2,21.8,0.0911,0.021
eurylochus,torso.lean,33.667,17,1.1,-17.2,21.8,0.0916,0.02
eurylochus,torso.lean,33.75,17,1,-17.2,21.8,0.092,0.02
eurylochus,torso.lean,33.833,17.1,0.9,-17.2,21.8,0.0924,0.02
eurylochus,torso.lean,33.917,17.2,0.7,-17.2,21.8,0.0927,0.02
eurylochus,torso.lean,34,17.2,0.5,-17.2,21.8,0.093,0.019
eurylochus,torso.lean,34.083,17.2,0.3,-17.2,21.8,0.0931,0.018
eurylochus,torso.lean,34.417,17.2,-0.5,-17.2,21.8,0.0927,0.019
eurylochus,torso.lean,34.5,17.1,-0.7,-17.2,21.8,0.0924,0.019
eurylochus,torso.lean,34.583,17.1,-0.8,-17.2,21.8,0.0921,0.02
eurylochus,torso.lean,34.667,17,-0.9,-17.2,21.8,0.0917,0.02
eurylochus,torso.lean,34.75,16.9,-1,-17.2,21.8,0.0912,0.02
eurylochus,torso.lean,34.833,16.8,-1.1,-17.2,21.8,0.0907,0.02
eurylochus,torso.lean,34.917,16.7,-1.2,-17.2,21.8,0.0902,0.02
eurylochus,torso.lean,35,16.6,-1.2,-17.2,21.8,0.0897,0.02
eurylochus,torso.lean,35.083,16.5,-1.2,-17.2,21.8,0.0891,0.02
eurylochus,torso.lean,35.167,16.4,-1.2,-17.2,21.8,0.0886,0.019
eurylochus,torso.lean,35.25,16.3,-1.2,-17.2,21.8,0.0881,0.019
eurylochus,torso.lean,35.333,16.2,-1.1,-17.2,21.8,0.0876,0.019
eurylochus,torso.lean,35.417,16.1,-1,-17.2,21.8,0.0872,0.018
eurylochus,torso.lean,35.5,16,-0.9,-17.2,21.8,0.0868,0.018
eurylochus,torso.lean,35.583,16,-0.8,-17.2,21.8,0.0864,0.017
eurylochus,torso.lean,35.667,15.9,-0.7,-17.2,21.8,0.0861,0.017
eurylochus,torso.lean,35.75,15.9,-0.5,-17.2,21.8,0.0859,0.016
eurylochus,torso.lean,35.833,15.9,-0.3,-17.2,21.8,0.0858,0.016
eurylochus,torso.lean,36,14.5,-16.6,-17.2,21.8,0.0813,0.06
eurylochus,torso.lean,36.083,11.3,-37.7,-17.2,21.8,0.0653,0.095
eurylochus,torso.lean,36.167,7.9,-40.6,-17.2,21.8,0.0438,0.066
eurylochus,torso.lean,36.25,4.8,-37.4,-17.2,21.8,0.0269,0.037
eurylochus,torso.lean,36.333,3.4,-16.5,-17.2,21.8,0.0226,0.014
eurylochus,torso.lean,36.417,3.4,0,-17.2,21.8,0.0218,0.001
eurylochus,torso.lean,38.167,2.1,-15.5,-17.2,21.8,0.0145,0.008
eurylochus,torso.lean,38.25,1.7,-5.2,-17.2,21.8,0.0113,0.002
eurylochus,torso.lean,38.333,5.5,45.1,-17.2,21.8,0.039,0.064
eurylochus,torso.lean,38.417,8.2,32.2,-17.2,21.8,0.0469,0.057
eurylochus,torso.lean,38.5,9.8,19.3,-17.2,21.8,0.0556,0.044
eurylochus,torso.lean,38.583,10.3,6.4,-17.2,21.8,0.0585,0.02
eurylochus,torso.lean,38.667,9.9,-4.4,-17.2,21.8,0.0562,0.015
eurylochus,torso.lean,38.75,9.6,-4.2,-17.2,21.8,0.0524,0.013
eurylochus,torso.lean,38.833,9,-7.5,-17.2,21.8,0.0496,0.018
eurylochus,torso.lean,38.917,7.8,-14.3,-17.2,21.8,0.0437,0.026
eurylochus,torso.lean,39,6.1,-20.4,-17.2,21.8,0.0343,0.027
eurylochus,torso.lean,39.083,4.5,-18.9,-17.2,21.8,0.0249,0.018
eurylochus,torso.lean,39.167,3.6,-10.7,-17.2,21.8,0.0213,0.009
eurylochus,torso.lean,39.25,-1.9,-65.8,-17.2,21.8,0.0201,0.047
eurylochus,torso.lean,39.333,-3.3,-17.7,-17.2,21.8,0.0269,0.018
eurylochus,torso.lean,39.417,-1.3,24.8,-17.2,21.8,0.0146,0.013
eurylochus,torso.lean,39.5,2.6,46.1,-17.2,21.8,0.0179,0.029
eurylochus,torso.lean,39.583,6.1,42.2,-17.2,21.8,0.034,0.052
eurylochus,torso.lean,39.667,7.6,17.7,-17.2,21.8,0.0457,0.032
eurylochus,torso.lean,39.75,0.7,-82,-17.2,21.8,0.0218,0.063
eurylochus,torso.lean,39.833,-1.5,-27.3,-17.2,21.8,0.0182,0.018
eurylochus,torso.lean,39.917,0.3,21.7,-17.2,21.8,0.0102,0.008
eurylochus,torso.lean,40,1.5,15.5,-17.2,21.8,0.0096,0.005
eurylochus,torso.lean,40.083,2.3,9.3,-17.2,21.8,0.0138,0.005
eurylochus,torso.lean,40.167,2.6,3.1,-17.2,21.8,0.0152,0.002
eurylochus,torso.lean,40.25,2.4,-1.9,-17.2,21.8,0.0142,0.001
eurylochus,torso.lean,40.333,2.3,-1.9,-17.2,21.8,0.0124,0.001
eurylochus,torso.lean,40.417,2.1,-1.9,-17.2,21.8,0.0116,0.001
eurylochus,torso.lean,40.5,2,-1.9,-17.2,21.8,0.0107,0.001
eurylochus,torso.lean,40.583,1.8,-1.9,-17.2,21.8,0.0099,0.001
eurylochus,torso.lean,40.667,1.7,-1.6,-17.2,21.8,0.0092,0.001
eurylochus,torso.lean,40.75,1.3,-4,-17.2,21.8,0.0078,0.001
eurylochus,torso.lean,40.833,0.9,-5.2,-17.2,21.8,0.0052,0.001
eurylochus,torso.lean,40.917,0.5,-5.2,-17.2,21.8,0.0026,0
eurylochus,torso.lean,41,0.1,-4,-17.2,21.8,0.0009,0
eurylochus,torso.lean,41.083,0,-1.6,-17.2,21.8,0.0004,0
eurylochus,torso.lean,41.167,0,0,-17.2,21.8,0.0003,0
eurylochus,torso.lean,41.667,-1.2,-13.9,-17.2,21.8,0.0088,0.004
eurylochus,torso.lean,41.75,-1.5,-4.6,-17.2,21.8,0.0101,0.002
eurylochus,torso.lean,41.833,1.8,40.6,-17.2,21.8,0.0182,0.026
eurylochus,torso.lean,41.917,4.3,29,-17.2,21.8,0.0254,0.027
eurylochus,torso.lean,42,5.7,17.4,-17.2,21.8,0.0333,0.022
eurylochus,torso.lean,42.083,6.2,5.8,-17.2,21.8,0.0359,0.01
eurylochus,torso.lean,42.167,5.8,-4.5,-17.2,21.8,0.0336,0.007
eurylochus,torso.lean,42.25,5.4,-4.5,-17.2,21.8,0.0298,0.006
eurylochus,torso.lean,42.333,5.1,-4.5,-17.2,21.8,0.0278,0.006
eurylochus,torso.lean,42.417,4.7,-4.5,-17.2,21.8,0.0257,0.005
eurylochus,torso.lean,42.5,4.3,-4.5,-17.2,21.8,0.0237,0.005
eurylochus,torso.lean,42.583,4,-3.9,-17.2,21.8,0.0221,0.004
eurylochus,torso.lean,42.667,3.2,-9.6,-17.2,21.8,0.0186,0.007
eurylochus,torso.lean,42.75,2.2,-12.5,-17.2,21.8,0.0124,0.006
eurylochus,torso.lean,42.833,1.1,-12.5,-17.2,21.8,0.0062,0.003
eurylochus,torso.lean,42.917,0.3,-9.6,-17.2,21.8,0.0023,0.001
eurylochus,torso.lean,43,0,-3.9,-17.2,21.8,0.001,0
eurylochus,torso.lean,43.083,0,0,-17.2,21.8,0.0007,0
eurylochus,torso.lean,43.167,-1.2,-13.9,-17.2,21.8,0.0088,0.004
eurylochus,torso.lean,43.25,-1.5,-4.6,-17.2,21.8,0.0101,0.002
eurylochus,torso.lean,43.333,1.8,40.6,-17.2,21.8,0.0182,0.026
eurylochus,torso.lean,43.417,4.3,29,-17.2,21.8,0.0254,0.027
eurylochus,torso.lean,43.5,5.7,17.4,-17.2,21.8,0.0333,0.022
eurylochus,torso.lean,43.583,6.2,5.8,-17.2,21.8,0.0359,0.01
eurylochus,torso.lean,43.667,5.8,-4.5,-17.2,21.8,0.0336,0.007
eurylochus,torso.lean,43.75,5.4,-4.5,-17.2,21.8,0.0298,0.006
eurylochus,torso.lean,43.833,5.1,-4.5,-17.2,21.8,0.0278,0.006
eurylochus,torso.lean,43.917,4.7,-4.5,-17.2,21.8,0.0257,0.005
eurylochus,torso.lean,44,4.3,-4.5,-17.2,21.8,0.0237,0.005
eurylochus,torso.lean,44.083,4,-3.9,-17.2,21.8,0.0221,0.004
eurylochus,torso.lean,44.167,3.2,-9.6,-17.2,21.8,0.0186,0.007
eurylochus,torso.lean,44.25,2.2,-12.5,-17.2,21.8,0.0124,0.006
eurylochus,torso.lean,44.333,1.1,-12.5,-17.2,21.8,0.0062,0.003
eurylochus,torso.lean,44.417,0.3,-9.6,-17.2,21.8,0.0023,0.001
eurylochus,torso.lean,44.5,0,-3.9,-17.2,21.8,0.001,0
eurylochus,torso.lean,44.583,0,0,-17.2,21.8,0.0007,0
eurylochus,torso.lean,45.667,-1.2,-13.9,-17.2,21.8,0.0088,0.004
eurylochus,torso.lean,45.75,-1.5,-4.6,-17.2,21.8,0.0101,0.002
eurylochus,torso.lean,45.833,0.3,21.7,-17.2,21.8,0.0061,0.005
eurylochus,torso.lean,45.917,1.5,15.5,-17.2,21.8,0.0096,0.005
eurylochus,torso.lean,46,2.3,9.3,-17.2,21.8,0.0138,0.005
eurylochus,torso.lean,46.083,2.6,3.1,-17.2,21.8,0.0152,0.002
eurylochus,torso.lean,46.167,2.4,-1.9,-17.2,21.8,0.0142,0.001
eurylochus,torso.lean,46.25,2.3,-1.9,-17.2,21.8,0.0124,0.001
eurylochus,torso.lean,46.333,2.1,-1.9,-17.2,21.8,0.0116,0.001
eurylochus,torso.lean,46.417,2,-1.9,-17.2,21.8,0.0107,0.001
eurylochus,torso.lean,46.5,1.8,-1.9,-17.2,21.8,0.0099,0.001
eurylochus,torso.lean,46.583,1.7,-1.6,-17.2,21.8,0.0092,0.001
eurylochus,torso.lean,46.667,1.3,-4,-17.2,21.8,0.0078,0.001
eurylochus,torso.lean,46.75,0.9,-5.2,-17.2,21.8,0.0052,0.001
eurylochus,torso.lean,46.833,0.5,-5.2,-17.2,21.8,0.0026,0
eurylochus,torso.lean,46.917,0.1,-4,-17.2,21.8,0.0009,0
eurylochus,torso.lean,47,0,-1.6,-17.2,21.8,0.0004,0
eurylochus,torso.lean,47.083,0,0,-17.2,21.8,0.0003,0
eurylochus,torso.lean,47.833,-1.2,-13.9,-17.2,21.8,0.0088,0.004
eurylochus,torso.lean,47.917,-1.5,-4.6,-17.2,21.8,0.0101,0.002
eurylochus,torso.lean,48,1.8,40.6,-17.2,21.8,0.0182,0.026
eurylochus,torso.lean,48.083,4.3,29,-17.2,21.8,0.0254,0.027
eurylochus,torso.lean,48.167,5.7,17.4,-17.2,21.8,0.0333,0.022
eurylochus,torso.lean,48.25,6.2,5.8,-17.2,21.8,0.0359,0.01
eurylochus,torso.lean,48.333,5.8,-4.5,-17.2,21.8,0.0336,0.007
eurylochus,torso.lean,48.417,5.4,-4.5,-17.2,21.8,0.0298,0.006
eurylochus,torso.lean,48.5,5.1,-4.5,-17.2,21.8,0.0278,0.006
eurylochus,torso.lean,48.583,4.7,-4.5,-17.2,21.8,0.0257,0.005
eurylochus,torso.lean,48.667,4.3,-4.5,-17.2,21.8,0.0237,0.005
eurylochus,torso.lean,48.75,4,-3.9,-17.2,21.8,0.0221,0.004
eurylochus,torso.lean,48.833,-0.2,-50,-17.2,21.8,0.0091,0.016
eurylochus,torso.lean,48.917,-1.5,-16.7,-17.2,21.8,0.0144,0.009
eurylochus,torso.lean,49,1.8,40.6,-17.2,21.8,0.0203,0.03
eurylochus,torso.lean,49.083,4.3,29,-17.2,21.8,0.0254,0.027
eurylochus,torso.lean,49.167,5.7,17.4,-17.2,21.8,0.0333,0.022
eurylochus,torso.lean,49.25,6.2,5.8,-17.2,21.8,0.0359,0.01
eurylochus,torso.lean,49.333,5.8,-4.5,-17.2,21.8,0.0336,0.007
eurylochus,torso.lean,49.417,5.4,-4.5,-17.2,21.8,0.0298,0.006
eurylochus,torso.lean,49.5,5.1,-4.5,-17.2,21.8,0.0278,0.006
eurylochus,torso.lean,49.583,4.7,-4.5,-17.2,21.8,0.0257,0.005
eurylochus,torso.lean,49.667,4.3,-4.5,-17.2,21.8,0.0237,0.005
eurylochus,torso.lean,49.75,4,-3.9,-17.2,21.8,0.0221,0.004
eurylochus,torso.lean,49.833,3.2,-9.6,-17.2,21.8,0.0186,0.007
eurylochus,torso.lean,49.917,2.2,-12.5,-17.2,21.8,0.0124,0.006
eurylochus,torso.lean,50,1.1,-12.5,-17.2,21.8,0.0062,0.003
eurylochus,torso.lean,50.083,0.3,-9.6,-17.2,21.8,0.0023,0.001
eurylochus,torso.lean,50.167,0,-3.9,-17.2,21.8,0.001,0
eurylochus,torso.lean,50.25,0,0,-17.2,21.8,0.0007,0
eurylochus,torso.lean,52,0,0,-17.2,21.8,0,0
eurylochus,torso.twist,0,0,0,-31.5,31.5,0,0
eurylochus,torso.twist,39.25,-0.7,-8.7,-31.5,31.5,0.0055,0.002
eurylochus,torso.twist,39.333,-2.7,-23.5,-31.5,31.5,0.0173,0.015
eurylochus,torso.twist,39.417,-5.6,-34.7,-31.5,31.5,0.0325,0.041
eurylochus,torso.twist,39.5,-9.1,-42.1,-31.5,31.5,0.0508,0.08
eurylochus,torso.twist,39.583,-12.9,-45.8,-31.5,31.5,0.0707,0.123
eurylochus,torso.twist,39.667,-16.7,-45.8,-31.5,31.5,0.0902,0.161
eurylochus,torso.twist,39.75,-20.2,-42.1,-31.5,31.5,0.1091,0.184
eurylochus,torso.twist,39.833,-23.1,-34.7,-31.5,31.5,0.1245,0.182
eurylochus,torso.twist,39.917,-25.1,-23.5,-31.5,31.5,0.135,0.147
eurylochus,torso.twist,40,-25.8,-8.7,-31.5,31.5,0.1392,0.081
eurylochus,torso.twist,40.083,-25.8,0,-31.5,31.5,0.1381,0.038
eurylochus,torso.twist,52,-25.8,0,-31.5,31.5,0.1365,0.037
eurylochus,torso.roll,0,0,0,-9.2,9.2,0,0
eurylochus,torso.roll,2,0.2,2.3,-9.2,9.2,0.0015,0
eurylochus,torso.roll,2.083,0.7,5.7,-9.2,9.2,0.0043,0.001
eurylochus,torso.roll,2.167,1.3,7.4,-9.2,9.2,0.0074,0.002
eurylochus,torso.roll,2.25,1.9,7.4,-9.2,9.2,0.0105,0.003
eurylochus,torso.roll,2.333,2.4,5.7,-9.2,9.2,0.0134,0.003
eurylochus,torso.roll,2.417,2.6,2.3,-9.2,9.2,0.0147,0.002
eurylochus,torso.roll,2.5,2.5,-0.6,-9.2,9.2,0.0144,0.001
eurylochus,torso.roll,2.583,2.5,-0.6,-9.2,9.2,0.0136,0.001
eurylochus,torso.roll,2.667,2.4,-0.6,-9.2,9.2,0.0133,0.001
eurylochus,torso.roll,2.75,2.4,-0.6,-9.2,9.2,0.0131,0.001
eurylochus,torso.roll,2.833,2.3,-0.6,-9.2,9.2,0.0128,0.001
eurylochus,torso.roll,2.917,2.3,-0.6,-9.2,9.2,0.0126,0.001
eurylochus,torso.roll,3,2.2,-0.6,-9.2,9.2,0.0123,0.001
eurylochus,torso.roll,3.083,2.2,-0.6,-9.2,9.2,0.012,0.001
eurylochus,torso.roll,3.167,2.1,-0.6,-9.2,9.2,0.0118,0.001
eurylochus,torso.roll,3.25,2.1,-0.6,-9.2,9.2,0.0115,0
eurylochus,torso.roll,3.333,2.1,-0.6,-9.2,9.2,0.0112,0
eurylochus,torso.roll,3.417,2,-0.6,-9.2,9.2,0.011,0
eurylochus,torso.roll,3.5,2,-0.6,-9.2,9.2,0.0107,0
eurylochus,torso.roll,3.583,1.9,-0.6,-9.2,9.2,0.0105,0
eurylochus,torso.roll,3.667,1.9,-0.6,-9.2,9.2,0.0102,0
eurylochus,torso.roll,3.75,1.8,-0.6,-9.2,9.2,0.0099,0
eurylochus,torso.roll,3.833,1.8,-0.6,-9.2,9.2,0.0097,0
eurylochus,torso.roll,3.917,1.7,-0.6,-9.2,9.2,0.0094,0
eurylochus,torso.roll,4,1.7,0,-9.2,9.2,0.0095,0
eurylochus,torso.roll,6.417,1.4,-3.8,-9.2,9.2,0.0084,0.001
eurylochus,torso.roll,6.5,0.6,-9.5,-9.2,9.2,0.0043,0.001
eurylochus,torso.roll,6.583,-0.4,-12.4,-9.2,9.2,0.0029,0.001
eurylochus,torso.roll,6.667,-1.5,-12.4,-9.2,9.2,0.008,0.004
eurylochus,torso.roll,6.75,-2.3,-9.5,-9.2,9.2,0.0129,0.005
eurylochus,torso.roll,6.833,-2.6,-3.8,-9.2,9.2,0.0151,0.002
eurylochus,torso.roll,6.917,-2.5,0.6,-9.2,9.2,0.0146,0.001
eurylochus,torso.roll,7,-2.5,0.6,-9.2,9.2,0.0136,0.001
eurylochus,torso.roll,7.083,-2.4,0.6,-9.2,9.2,0.0133,0.001
eurylochus,torso.roll,7.167,-2.4,0.6,-9.2,9.2,0.0131,0.001
eurylochus,torso.roll,7.25,-2.3,0.6,-9.2,9.2,0.0128,0.001
eurylochus,torso.roll,7.333,-2.3,0.6,-9.2,9.2,0.0126,0.001
eurylochus,torso.roll,7.417,-2.2,0.6,-9.2,9.2,0.0123,0.001
eurylochus,torso.roll,7.5,-2.2,0.6,-9.2,9.2,0.012,0.001
eurylochus,torso.roll,7.583,-2.1,0.6,-9.2,9.2,0.0118,0.001
eurylochus,torso.roll,7.667,-2.1,0.6,-9.2,9.2,0.0115,0
eurylochus,torso.roll,7.75,-2.1,0.6,-9.2,9.2,0.0112,0
eurylochus,torso.roll,7.833,-2,0.6,-9.2,9.2,0.011,0
eurylochus,torso.roll,7.917,-2,0.6,-9.2,9.2,0.0107,0
eurylochus,torso.roll,8,-1.9,0.6,-9.2,9.2,0.0105,0
eurylochus,torso.roll,8.083,-1.9,0.6,-9.2,9.2,0.0102,0
eurylochus,torso.roll,8.167,-1.8,0.6,-9.2,9.2,0.0099,0
eurylochus,torso.roll,8.25,-1.8,0.6,-9.2,9.2,0.0097,0
eurylochus,torso.roll,8.333,-1.7,0.6,-9.2,9.2,0.0094,0
eurylochus,torso.roll,8.417,-1.7,0,-9.2,9.2,0.0095,0
eurylochus,torso.roll,10.167,-1.3,5.4,-9.2,9.2,0.0079,0.002
eurylochus,torso.roll,10.25,-0.2,12.8,-9.2,9.2,0.0025,0.001
eurylochus,torso.roll,10.333,1.1,15.3,-9.2,9.2,0.0063,0.003
eurylochus,torso.roll,10.417,2.1,12.8,-9.2,9.2,0.0121,0.006
eurylochus,torso.roll,10.5,2.6,5.4,-9.2,9.2,0.0154,0.003
eurylochus,torso.roll,10.583,2.5,-0.5,-9.2,9.2,0.0149,0.001
eurylochus,torso.roll,10.667,2.5,-0.5,-9.2,9.2,0.0136,0.001
eurylochus,torso.roll,10.75,2.4,-0.5,-9.2,9.2,0.0134,0.001
eurylochus,torso.roll,10.833,2.4,-0.5,-9.2,9.2,0.0131,0.001
eurylochus,torso.roll,10.917,2.4,-0.5,-9.2,9.2,0.0129,0.001
eurylochus,torso.roll,11,2.3,-0.5,-9.2,9.2,0.0126,0.001
eurylochus,torso.roll,11.083,2.3,-0.5,-9.2,9.2,0.0124,0.001
eurylochus,torso.roll,11.167,2.2,-0.5,-9.2,9.2,0.0121,0.001
eurylochus,torso.roll,11.25,2.2,-0.5,-9.2,9.2,0.0119,0.001
eurylochus,torso.roll,11.333,2.1,-0.5,-9.2,9.2,0.0116,0
eurylochus,torso.roll,11.417,2.1,-0.5,-9.2,9.2,0.0114,0
eurylochus,torso.roll,11.5,2,-0.5,-9.2,9.2,0.0112,0
eurylochus,torso.roll,11.583,2,-0.5,-9.2,9.2,0.0109,0
eurylochus,torso.roll,11.667,1.9,-0.5,-9.2,9.2,0.0107,0
eurylochus,torso.roll,11.75,1.9,-0.5,-9.2,9.2,0.0104,0
eurylochus,torso.roll,11.833,1.9,-0.5,-9.2,9.2,0.0102,0
eurylochus,torso.roll,11.917,1.8,-0.5,-9.2,9.2,0.0099,0
eurylochus,torso.roll,12,1.8,-0.5,-9.2,9.2,0.0097,0
eurylochus,torso.roll,12.083,1.7,-0.5,-9.2,9.2,0.0094,0
eurylochus,torso.roll,12.167,1.7,0,-9.2,9.2,0.0095,0
eurylochus,torso.roll,14.917,1.3,-5.4,-9.2,9.2,0.0079,0.002
eurylochus,torso.roll,15,0.2,-12.8,-9.2,9.2,0.0025,0.001
eurylochus,torso.roll,15.083,-1.1,-15.3,-9.2,9.2,0.0063,0.003
eurylochus,torso.roll,15.167,-2.1,-12.8,-9.2,9.2,0.0121,0.006
eurylochus,torso.roll,15.25,-2.6,-5.4,-9.2,9.2,0.0154,0.003
eurylochus,torso.roll,15.333,-2.5,0.5,-9.2,9.2,0.0149,0.001
eurylochus,torso.roll,15.417,-2.5,0.5,-9.2,9.2,0.0136,0.001
eurylochus,torso.roll,15.5,-2.4,0.5,-9.2,9.2,0.0134,0.001
eurylochus,torso.roll,15.583,-2.4,0.5,-9.2,9.2,0.0131,0.001
eurylochus,torso.roll,15.667,-2.4,0.5,-9.2,9.2,0.0129,0.001
eurylochus,torso.roll,15.75,-2.3,0.5,-9.2,9.2,0.0126,0.001
eurylochus,torso.roll,15.833,-2.3,0.5,-9.2,9.2,0.0124,0.001
eurylochus,torso.roll,15.917,-2.2,0.5,-9.2,9.2,0.0121,0.001
eurylochus,torso.roll,16,-2.2,0.5,-9.2,9.2,0.0119,0.001
eurylochus,torso.roll,16.083,-2.1,0.5,-9.2,9.2,0.0116,0
eurylochus,torso.roll,16.167,-2.1,0.5,-9.2,9.2,0.0114,0
eurylochus,torso.roll,16.25,-2,0.5,-9.2,9.2,0.0112,0
eurylochus,torso.roll,16.333,-2,0.5,-9.2,9.2,0.0109,0
eurylochus,torso.roll,16.417,-1.9,0.5,-9.2,9.2,0.0107,0
eurylochus,torso.roll,16.5,-1.9,0.5,-9.2,9.2,0.0104,0
eurylochus,torso.roll,16.583,-1.9,0.5,-9.2,9.2,0.0102,0
eurylochus,torso.roll,16.667,-1.8,0.5,-9.2,9.2,0.0099,0
eurylochus,torso.roll,16.75,-1.8,0.5,-9.2,9.2,0.0097,0
eurylochus,torso.roll,16.833,-1.7,0.5,-9.2,9.2,0.0094,0
eurylochus,torso.roll,16.917,-1.7,0,-9.2,9.2,0.0095,0
eurylochus,torso.roll,17.667,-1.4,3.8,-9.2,9.2,0.0084,0.001
eurylochus,torso.roll,17.75,-0.6,9.5,-9.2,9.2,0.0043,0.001
eurylochus,torso.roll,17.833,0.4,12.4,-9.2,9.2,0.0029,0.001
eurylochus,torso.roll,17.917,1.5,12.4,-9.2,9.2,0.008,0.004
eurylochus,torso.roll,18,2.3,9.5,-9.2,9.2,0.0129,0.005
eurylochus,torso.roll,18.083,2.6,3.8,-9.2,9.2,0.0151,0.002
eurylochus,torso.roll,18.167,2.5,-0.6,-9.2,9.2,0.0146,0.001
eurylochus,torso.roll,18.25,2.5,-0.6,-9.2,9.2,0.0136,0.001
eurylochus,torso.roll,18.333,2.4,-0.6,-9.2,9.2,0.0133,0.001
eurylochus,torso.roll,18.417,2.4,-0.6,-9.2,9.2,0.0131,0.001
eurylochus,torso.roll,18.5,2.3,-0.6,-9.2,9.2,0.0128,0.001
eurylochus,torso.roll,18.583,2.3,-0.6,-9.2,9.2,0.0126,0.001
eurylochus,torso.roll,18.667,2.2,-0.6,-9.2,9.2,0.0123,0.001
eurylochus,torso.roll,18.75,2.2,-0.6,-9.2,9.2,0.012,0.001
eurylochus,torso.roll,18.833,2.1,-0.6,-9.2,9.2,0.0118,0.001
eurylochus,torso.roll,18.917,2.1,-0.6,-9.2,9.2,0.0115,0
eurylochus,torso.roll,19,2.1,-0.6,-9.2,9.2,0.0112,0
eurylochus,torso.roll,19.083,2,-0.6,-9.2,9.2,0.011,0
eurylochus,torso.roll,19.167,2,-0.6,-9.2,9.2,0.0107,0
eurylochus,torso.roll,19.25,1.9,-0.6,-9.2,9.2,0.0105,0
eurylochus,torso.roll,19.333,1.9,-0.6,-9.2,9.2,0.0102,0
eurylochus,torso.roll,19.417,1.8,-0.6,-9.2,9.2,0.0099,0
eurylochus,torso.roll,19.5,1.8,-0.6,-9.2,9.2,0.0097,0
eurylochus,torso.roll,19.583,1.7,-0.6,-9.2,9.2,0.0094,0
eurylochus,torso.roll,19.667,1.7,0,-9.2,9.2,0.0095,0
eurylochus,torso.roll,22.333,1.3,-5.4,-9.2,9.2,0.0079,0.002
eurylochus,torso.roll,22.417,0.2,-12.8,-9.2,9.2,0.0025,0.001
eurylochus,torso.roll,22.5,-1.1,-15.3,-9.2,9.2,0.0063,0.003
eurylochus,torso.roll,22.583,-2.1,-12.8,-9.2,9.2,0.0121,0.006
eurylochus,torso.roll,22.667,-2.6,-5.4,-9.2,9.2,0.0154,0.003
eurylochus,torso.roll,22.75,-2.5,0.5,-9.2,9.2,0.0149,0.001
eurylochus,torso.roll,22.833,-2.5,0.5,-9.2,9.2,0.0136,0.001
eurylochus,torso.roll,22.917,-2.4,0.5,-9.2,9.2,0.0134,0.001
eurylochus,torso.roll,23,-2.4,0.5,-9.2,9.2,0.0131,0.001
eurylochus,torso.roll,23.083,-2.4,0.5,-9.2,9.2,0.0129,0.001
eurylochus,torso.roll,23.167,-2.3,0.5,-9.2,9.2,0.0126,0.001
eurylochus,torso.roll,23.25,-2.3,0.5,-9.2,9.2,0.0124,0.001
eurylochus,torso.roll,23.333,-2.2,0.5,-9.2,9.2,0.0121,0.001
eurylochus,torso.roll,23.417,-2.2,0.5,-9.2,9.2,0.0119,0.001
eurylochus,torso.roll,23.5,-2.1,0.5,-9.2,9.2,0.0116,0
eurylochus,torso.roll,23.583,-2.1,0.5,-9.2,9.2,0.0114,0
eurylochus,torso.roll,23.667,-2,0.5,-9.2,9.2,0.0112,0
eurylochus,torso.roll,23.75,-2,0.5,-9.2,9.2,0.0109,0
eurylochus,torso.roll,23.833,-1.9,0.5,-9.2,9.2,0.0107,0
eurylochus,torso.roll,23.917,-1.9,0.5,-9.2,9.2,0.0104,0
eurylochus,torso.roll,24,-1.9,0.5,-9.2,9.2,0.0102,0
eurylochus,torso.roll,24.083,-1.8,0.5,-9.2,9.2,0.0099,0
eurylochus,torso.roll,24.167,-1.8,0.5,-9.2,9.2,0.0097,0
eurylochus,torso.roll,24.25,-1.7,0.5,-9.2,9.2,0.0094,0
eurylochus,torso.roll,24.333,-1.7,0,-9.2,9.2,0.0095,0
eurylochus,torso.roll,25.25,-1.4,3.8,-9.2,9.2,0.0084,0.001
eurylochus,torso.roll,25.333,-0.6,9.5,-9.2,9.2,0.0043,0.001
eurylochus,torso.roll,25.417,0.4,12.4,-9.2,9.2,0.0029,0.001
eurylochus,torso.roll,25.5,1.5,12.4,-9.2,9.2,0.008,0.004
eurylochus,torso.roll,25.583,2.3,9.5,-9.2,9.2,0.0129,0.005
eurylochus,torso.roll,25.667,2.6,3.8,-9.2,9.2,0.0151,0.002
eurylochus,torso.roll,25.75,2.5,-0.6,-9.2,9.2,0.0146,0.001
eurylochus,torso.roll,25.833,2.5,-0.6,-9.2,9.2,0.0136,0.001
eurylochus,torso.roll,25.917,2.4,-0.6,-9.2,9.2,0.0133,0.001
eurylochus,torso.roll,26,2.4,-0.6,-9.2,9.2,0.0131,0.001
eurylochus,torso.roll,26.083,2.3,-0.6,-9.2,9.2,0.0128,0.001
eurylochus,torso.roll,26.167,2.3,-0.6,-9.2,9.2,0.0126,0.001
eurylochus,torso.roll,26.25,2.2,-0.6,-9.2,9.2,0.0123,0.001
eurylochus,torso.roll,26.333,2.2,-0.6,-9.2,9.2,0.012,0.001
eurylochus,torso.roll,26.417,2.1,-0.6,-9.2,9.2,0.0118,0.001
eurylochus,torso.roll,26.5,2.1,-0.6,-9.2,9.2,0.0115,0
eurylochus,torso.roll,26.583,2.1,-0.6,-9.2,9.2,0.0112,0
eurylochus,torso.roll,26.667,2,-0.6,-9.2,9.2,0.011,0
eurylochus,torso.roll,26.75,2,-0.6,-9.2,9.2,0.0107,0
eurylochus,torso.roll,26.833,1.9,-0.6,-9.2,9.2,0.0105,0
eurylochus,torso.roll,26.917,1.9,-0.6,-9.2,9.2,0.0102,0
eurylochus,torso.roll,27,1.8,-0.6,-9.2,9.2,0.0099,0
eurylochus,torso.roll,27.083,1.8,-0.6,-9.2,9.2,0.0097,0
eurylochus,torso.roll,27.167,1.7,-0.6,-9.2,9.2,0.0094,0
eurylochus,torso.roll,27.25,1.7,0,-9.2,9.2,0.0095,0
eurylochus,torso.roll,30,1.4,-3.8,-9.2,9.2,0.0084,0.001
eurylochus,torso.roll,30.083,0.6,-9.5,-9.2,9.2,0.0043,0.001
eurylochus,torso.roll,30.167,-0.4,-12.4,-9.2,9.2,0.0029,0.001
eurylochus,torso.roll,30.25,-1.5,-12.4,-9.2,9.2,0.008,0.004
eurylochus,torso.roll,30.333,-2.3,-9.5,-9.2,9.2,0.0129,0.005
eurylochus,torso.roll,30.417,-2.6,-3.8,-9.2,9.2,0.0151,0.002
eurylochus,torso.roll,30.5,-2.5,0.6,-9.2,9.2,0.0146,0.001
eurylochus,torso.roll,30.583,-2.5,0.6,-9.2,9.2,0.0136,0.001
eurylochus,torso.roll,30.667,-2.4,0.6,-9.2,9.2,0.0133,0.001
eurylochus,torso.roll,30.75,-2.4,0.6,-9.2,9.2,0.0131,0.001
eurylochus,torso.roll,30.833,-2.3,0.6,-9.2,9.2,0.0128,0.001
eurylochus,torso.roll,30.917,-2.3,0.6,-9.2,9.2,0.0126,0.001
eurylochus,torso.roll,31,-2.2,0.6,-9.2,9.2,0.0123,0.001
eurylochus,torso.roll,31.083,-2.2,0.6,-9.2,9.2,0.012,0.001
eurylochus,torso.roll,31.167,-2.1,0.6,-9.2,9.2,0.0118,0.001
eurylochus,torso.roll,31.25,-2.1,0.6,-9.2,9.2,0.0115,0
eurylochus,torso.roll,31.333,-2.1,0.6,-9.2,9.2,0.0112,0
eurylochus,torso.roll,31.417,-2,0.6,-9.2,9.2,0.011,0
eurylochus,torso.roll,31.5,-2,0.6,-9.2,9.2,0.0107,0
eurylochus,torso.roll,31.583,-1.9,0.6,-9.2,9.2,0.0105,0
eurylochus,torso.roll,31.667,-1.9,0.6,-9.2,9.2,0.0102,0
eurylochus,torso.roll,31.75,-1.8,0.6,-9.2,9.2,0.0099,0
eurylochus,torso.roll,31.833,-1.8,0.6,-9.2,9.2,0.0097,0
eurylochus,torso.roll,31.917,-1.7,0.6,-9.2,9.2,0.0094,0
eurylochus,torso.roll,32,-1.7,0,-9.2,9.2,0.0095,0
eurylochus,torso.roll,34.583,-1.3,5.4,-9.2,9.2,0.0079,0.002
eurylochus,torso.roll,34.667,-0.2,12.8,-9.2,9.2,0.0025,0.001
eurylochus,torso.roll,34.75,1.1,15.3,-9.2,9.2,0.0063,0.003
eurylochus,torso.roll,34.833,2.1,12.8,-9.2,9.2,0.0121,0.006
eurylochus,torso.roll,34.917,2.6,5.4,-9.2,9.2,0.0154,0.003
eurylochus,torso.roll,35,2.6,-0.1,-9.2,9.2,0.015,0.001
eurylochus,torso.roll,35.167,2.5,-0.5,-9.2,9.2,0.0137,0.001
eurylochus,torso.roll,35.25,2.4,-0.7,-9.2,9.2,0.0134,0.001
eurylochus,torso.roll,35.333,2.4,-0.8,-9.2,9.2,0.013,0.001
eurylochus,torso.roll,35.417,2.3,-0.8,-9.2,9.2,0.0126,0.001
eurylochus,torso.roll,35.5,2.2,-0.8,-9.2,9.2,0.0123,0.001
eurylochus,torso.roll,35.583,2.2,-0.8,-9.2,9.2,0.0119,0.001
eurylochus,torso.roll,35.667,2.1,-0.7,-9.2,9.2,0.0116,0.001
eurylochus,torso.roll,35.75,2.1,-0.5,-9.2,9.2,0.0114,0
eurylochus,torso.roll,35.833,2,-0.4,-9.2,9.2,0.0112,0
eurylochus,torso.roll,36.083,2.1,1,-9.2,9.2,0.0117,0.001
eurylochus,torso.roll,36.167,2.5,4.5,-9.2,9.2,0.0142,0.003
eurylochus,torso.roll,36.25,0.7,-21.9,-9.2,9.2,0.0083,0.006
eurylochus,torso.roll,36.333,0,-7.8,-9.2,9.2,0.0025,0.001
eurylochus,torso.roll,36.417,-0.6,-7.7,-9.2,9.2,0.0035,0.001
eurylochus,torso.roll,36.5,-2.6,-23.2,-9.2,9.2,0.0169,0.014
eurylochus,torso.roll,36.583,-1.1,17.2,-9.2,9.2,0.0135,0.008
eurylochus,torso.roll,36.667,-0.3,10.3,-9.2,9.2,0.0028,0.001
eurylochus,torso.roll,36.75,0,3.4,-9.2,9.2,0.0012,0
eurylochus,torso.roll,36.833,0.6,7.7,-9.2,9.2,0.0043,0.001
eurylochus,torso.roll,36.917,2.6,23.2,-9.2,9.2,0.0169,0.014
eurylochus,torso.roll,37,0.6,-23.2,-9.2,9.2,0.0118,0.01
eurylochus,torso.roll,37.083,0,-7.7,-9.2,9.2,0.0028,0.001
eurylochus,torso.roll,37.167,-0.6,-7.7,-9.2,9.2,0.0035,0.001
eurylochus,torso.roll,37.25,-2.6,-23.2,-9.2,9.2,0.0169,0.014
eurylochus,torso.roll,37.333,-0.6,23.2,-9.2,9.2,0.0118,0.01
eurylochus,torso.roll,37.417,0,7.7,-9.2,9.2,0.0028,0.001
eurylochus,torso.roll,37.5,0.6,7.7,-9.2,9.2,0.0035,0.001
eurylochus,torso.roll,37.583,2.6,23.2,-9.2,9.2,0.0169,0.014
eurylochus,torso.roll,37.667,0.6,-23.2,-9.2,9.2,0.0118,0.01
eurylochus,torso.roll,37.75,0,-7.7,-9.2,9.2,0.0028,0.001
eurylochus,torso.roll,37.833,-0.6,-7.7,-9.2,9.2,0.0035,0.001
eurylochus,torso.roll,37.917,-2.6,-23.2,-9.2,9.2,0.0169,0.014
eurylochus,torso.roll,38,-0.6,23.2,-9.2,9.2,0.0118,0.01
eurylochus,torso.roll,38.083,0,7.7,-9.2,9.2,0.0028,0.001
eurylochus,torso.roll,38.167,0.6,7.7,-9.2,9.2,0.0035,0.001
eurylochus,torso.roll,38.25,2.6,23.2,-9.2,9.2,0.0169,0.014
eurylochus,torso.roll,38.333,0.6,-23.2,-9.2,9.2,0.0118,0.01
eurylochus,torso.roll,38.417,0,-7.7,-9.2,9.2,0.0028,0.001
eurylochus,torso.roll,38.5,-0.6,-7.7,-9.2,9.2,0.0035,0.001
eurylochus,torso.roll,38.583,-2.6,-23.2,-9.2,9.2,0.0169,0.014
eurylochus,torso.roll,38.667,-0.6,23.2,-9.2,9.2,0.0118,0.01
eurylochus,torso.roll,38.75,0,7.7,-9.2,9.2,0.0028,0.001
eurylochus,torso.roll,38.833,0.1,0.6,-9.2,9.2,0.0016,0
eurylochus,torso.roll,38.917,0.2,1.9,-9.2,9.2,0.0014,0
eurylochus,torso.roll,39,0.5,3.2,-9.2,9.2,0.0029,0
eurylochus,torso.roll,39.083,0.5,-0.3,-9.2,9.2,0.0032,0
eurylochus,torso.roll,39.167,0.4,-0.8,-9.2,9.2,0.0022,0
eurylochus,torso.roll,39.25,0.3,-1.1,-9.2,9.2,0.0017,0
eurylochus,torso.roll,39.333,0.2,-1.2,-9.2,9.2,0.0011,0
eurylochus,torso.roll,39.417,0.1,-1.1,-9.2,9.2,0.0005,0
eurylochus,torso.roll,39.5,0,-0.8,-9.2,9.2,0.0002,0
eurylochus,torso.roll,39.583,0,-0.3,-9.2,9.2,0.0001,0
eurylochus,torso.roll,42.25,0.2,2.3,-9.2,9.2,0.0015,0
eurylochus,torso.roll,42.333,0.7,5.7,-9.2,9.2,0.0043,0.001
eurylochus,torso.roll,42.417,1.3,7.4,-9.2,9.2,0.0074,0.002
eurylochus,torso.roll,42.5,1.9,7.4,-9.2,9.2,0.0105,0.003
eurylochus,torso.roll,42.583,2.4,5.7,-9.2,9.2,0.0134,0.003
eurylochus,torso.roll,42.667,2.6,2.3,-9.2,9.2,0.0147,0.002
eurylochus,torso.roll,42.75,2.5,-0.6,-9.2,9.2,0.0144,0.001
eurylochus,torso.roll,42.833,2.5,-0.6,-9.2,9.2,0.0136,0.001
eurylochus,torso.roll,42.917,2.4,-0.6,-9.2,9.2,0.0133,0.001
eurylochus,torso.roll,43,2.4,-0.6,-9.2,9.2,0.0131,0.001
eurylochus,torso.roll,43.083,2.3,-0.6,-9.2,9.2,0.0128,0.001
eurylochus,torso.roll,43.167,2.3,-0.6,-9.2,9.2,0.0126,0.001
eurylochus,torso.roll,43.25,2.2,-0.6,-9.2,9.2,0.0123,0.001
eurylochus,torso.roll,43.333,2.2,-0.6,-9.2,9.2,0.012,0.001
eurylochus,torso.roll,43.417,2.1,-0.6,-9.2,9.2,0.0118,0.001
eurylochus,torso.roll,43.5,2.1,-0.6,-9.2,9.2,0.0115,0
eurylochus,torso.roll,43.583,2.1,-0.6,-9.2,9.2,0.0112,0
eurylochus,torso.roll,43.667,2,-0.6,-9.2,9.2,0.011,0
eurylochus,torso.roll,43.75,2,-0.6,-9.2,9.2,0.0107,0
eurylochus,torso.roll,43.833,1.9,-0.6,-9.2,9.2,0.0105,0
eurylochus,torso.roll,43.917,1.9,-0.6,-9.2,9.2,0.0102,0
eurylochus,torso.roll,44,1.8,-0.6,-9.2,9.2,0.0099,0
eurylochus,torso.roll,44.083,1.8,-0.6,-9.2,9.2,0.0097,0
eurylochus,torso.roll,44.167,1.7,-0.6,-9.2,9.2,0.0094,0
eurylochus,torso.roll,44.25,1.7,0,-9.2,9.2,0.0095,0
eurylochus,torso.roll,45.75,1.3,-5.4,-9.2,9.2,0.0079,0.002
eurylochus,torso.roll,45.833,0.2,-12.8,-9.2,9.2,0.0025,0.001
eurylochus,torso.roll,45.917,-1.1,-15.3,-9.2,9.2,0.0063,0.003
eurylochus,torso.roll,46,-2.1,-12.8,-9.2,9.2,0.0121,0.006
eurylochus,torso.roll,46.083,-2.6,-5.4,-9.2,9.2,0.0154,0.003
eurylochus,torso.roll,46.167,-2.5,0.5,-9.2,9.2,0.0149,0.001
eurylochus,torso.roll,46.25,-2.5,0.5,-9.2,9.2,0.0136,0.001
eurylochus,torso.roll,46.333,-2.4,0.5,-9.2,9.2,0.0134,0.001
eurylochus,torso.roll,46.417,-2.4,0.5,-9.2,9.2,0.0131,0.001
eurylochus,torso.roll,46.5,-2.4,0.5,-9.2,9.2,0.0129,0.001
eurylochus,torso.roll,46.583,-2.3,0.5,-9.2,9.2,0.0126,0.001
eurylochus,torso.roll,46.667,-2.3,0.5,-9.2,9.2,0.0124,0.001
eurylochus,torso.roll,46.75,-2.2,0.5,-9.2,9.2,0.0121,0.001
eurylochus,torso.roll,46.833,-2.2,0.5,-9.2,9.2,0.0119,0.001
eurylochus,torso.roll,46.917,-2.1,0.5,-9.2,9.2,0.0116,0
eurylochus,torso.roll,47,-2.1,0.5,-9.2,9.2,0.0114,0
eurylochus,torso.roll,47.083,-2,0.5,-9.2,9.2,0.0112,0
eurylochus,torso.roll,47.167,-2,0.5,-9.2,9.2,0.0109,0
eurylochus,torso.roll,47.25,-1.9,0.5,-9.2,9.2,0.0107,0
eurylochus,torso.roll,47.333,-1.9,0.5,-9.2,9.2,0.0104,0
eurylochus,torso.roll,47.417,-1.9,0.5,-9.2,9.2,0.0102,0
eurylochus,torso.roll,47.5,-1.8,0.5,-9.2,9.2,0.0099,0
eurylochus,torso.roll,47.583,-1.8,0.5,-9.2,9.2,0.0097,0
eurylochus,torso.roll,47.667,-1.7,0.5,-9.2,9.2,0.0094,0
eurylochus,torso.roll,47.75,-1.7,0,-9.2,9.2,0.0095,0
eurylochus,torso.roll,49,-1.4,3.8,-9.2,9.2,0.0084,0.001
eurylochus,torso.roll,49.083,-0.6,9.5,-9.2,9.2,0.0043,0.001
eurylochus,torso.roll,49.167,0.4,12.4,-9.2,9.2,0.0029,0.001
eurylochus,torso.roll,49.25,1.5,12.4,-9.2,9.2,0.008,0.004
eurylochus,torso.roll,49.333,2.3,9.5,-9.2,9.2,0.0129,0.005
eurylochus,torso.roll,49.417,2.6,3.8,-9.2,9.2,0.0151,0.002
eurylochus,torso.roll,49.5,2.5,-0.6,-9.2,9.2,0.0146,0.001
eurylochus,torso.roll,49.583,2.5,-0.6,-9.2,9.2,0.0136,0.001
eurylochus,torso.roll,49.667,2.4,-0.6,-9.2,9.2,0.0133,0.001
eurylochus,torso.roll,49.75,2.4,-0.6,-9.2,9.2,0.0131,0.001
eurylochus,torso.roll,49.833,2.3,-0.6,-9.2,9.2,0.0128,0.001
eurylochus,torso.roll,49.917,2.3,-0.6,-9.2,9.2,0.0126,0.001
eurylochus,torso.roll,50,2.2,-0.6,-9.2,9.2,0.0123,0.001
eurylochus,torso.roll,50.083,2.2,-0.6,-9.2,9.2,0.012,0.001
eurylochus,torso.roll,50.167,2.1,-0.6,-9.2,9.2,0.0118,0.001
eurylochus,torso.roll,50.25,2.1,-0.6,-9.2,9.2,0.0115,0
eurylochus,torso.roll,50.333,2.1,-0.6,-9.2,9.2,0.0112,0
eurylochus,torso.roll,50.417,2,-0.6,-9.2,9.2,0.011,0
eurylochus,torso.roll,50.5,2,-0.6,-9.2,9.2,0.0107,0
eurylochus,torso.roll,50.583,1.9,-0.6,-9.2,9.2,0.0105,0
eurylochus,torso.roll,50.667,1.9,-0.6,-9.2,9.2,0.0102,0
eurylochus,torso.roll,50.75,1.8,-0.6,-9.2,9.2,0.0099,0
eurylochus,torso.roll,50.833,1.8,-0.6,-9.2,9.2,0.0097,0
eurylochus,torso.roll,50.917,1.7,-0.6,-9.2,9.2,0.0094,0
eurylochus,torso.roll,51,1.7,0,-9.2,9.2,0.0095,0
eurylochus,torso.roll,52,1.7,0,-9.2,9.2,0.0094,0
eurylochus,head.yaw,0,0,0,-83.1,83.1,0,0
eurylochus,head.yaw,36,-0.1,-1.2,-83.1,83.1,0,0
eurylochus,head.yaw,36.083,-0.3,-2.6,-83.1,83.1,0.0001,0
eurylochus,head.yaw,36.167,-0.7,-4,-83.1,83.1,0.0003,0
eurylochus,head.yaw,36.25,-1.1,-5.3,-83.1,83.1,0.0005,0
eurylochus,head.yaw,36.333,-1.6,-6.5,-83.1,83.1,0.0007,0
eurylochus,head.yaw,36.417,-2.3,-7.6,-83.1,83.1,0.0009,0
eurylochus,head.yaw,36.5,-3,-8.6,-83.1,83.1,0.0012,0
eurylochus,head.yaw,36.583,-3.8,-9.6,-83.1,83.1,0.0016,0.001
eurylochus,head.yaw,36.667,-4.6,-10.4,-83.1,83.1,0.0019,0.001
eurylochus,head.yaw,36.75,-5.6,-11.2,-83.1,83.1,0.0023,0.001
eurylochus,head.yaw,36.833,-6.6,-12,-83.1,83.1,0.0027,0.001
eurylochus,head.yaw,36.917,-7.6,-12.6,-83.1,83.1,0.0031,0.001
eurylochus,head.yaw,37,-8.7,-13.1,-83.1,83.1,0.0036,0.002
eurylochus,head.yaw,37.083,-9.9,-13.6,-83.1,83.1,0.004,0.002
eurylochus,head.yaw,37.167,-11,-14,-83.1,83.1,0.0045,0.002
eurylochus,head.yaw,37.25,-12.2,-14.3,-83.1,83.1,0.005,0.003
eurylochus,head.yaw,37.333,-13.4,-14.6,-83.1,83.1,0.0055,0.003
eurylochus,head.yaw,37.417,-14.7,-14.7,-83.1,83.1,0.006,0.003
eurylochus,head.yaw,37.5,-15.9,-14.8,-83.1,83.1,0.0064,0.003
eurylochus,head.yaw,37.583,-17.1,-14.8,-83.1,83.1,0.0069,0.004
eurylochus,head.yaw,37.667,-18.3,-14.7,-83.1,83.1,0.0074,0.004
eurylochus,head.yaw,37.75,-19.6,-14.5,-83.1,83.1,0.0079,0.004
eurylochus,head.yaw,37.833,-20.7,-14.3,-83.1,83.1,0.0083,0.004
eurylochus,head.yaw,37.917,-21.9,-13.9,-83.1,83.1,0.0088,0.004
eurylochus,head.yaw,38,-23,-13.5,-83.1,83.1,0.0092,0.005
eurylochus,head.yaw,38.083,-24.1,-13,-83.1,83.1,0.0096,0.005
eurylochus,head.yaw,38.167,-25.2,-12.5,-83.1,83.1,0.01,0.005
eurylochus,head.yaw,38.25,-26.1,-11.8,-83.1,83.1,0.0104,0.004
eurylochus,head.yaw,38.333,-27.1,-11.1,-83.1,83.1,0.0107,0.004
eurylochus,head.yaw,38.417,-27.9,-10.3,-83.1,83.1,0.011,0.004
eurylochus,head.yaw,38.5,-28.7,-9.4,-83.1,83.1,0.0113,0.004
eurylochus,head.yaw,38.583,-29.4,-8.4,-83.1,83.1,0.0116,0.004
eurylochus,head.yaw,38.667,-30,-7.3,-83.1,83.1,0.0118,0.003
eurylochus,head.yaw,38.75,-30.5,-6.2,-83.1,83.1,0.012,0.003
eurylochus,head.yaw,38.833,-30.9,-5,-83.1,83.1,0.0121,0.002
eurylochus,head.yaw,38.917,-31.2,-3.7,-83.1,83.1,0.0122,0.002
eurylochus,head.yaw,39,-31.4,-2.3,-83.1,83.1,0.0123,0.001
eurylochus,head.yaw,39.083,-31.5,-0.8,-83.1,83.1,0.0123,0.001
eurylochus,head.yaw,39.167,-31.5,0,-83.1,83.1,0.0123,0
eurylochus,head.yaw,39.25,-50.5,-228.4,-83.1,83.1,0.0193,0.155
eurylochus,head.yaw,39.333,-67,-198,-83.1,83.1,0.0218,0.152
eurylochus,head.yaw,39.417,-81,-167.5,-83.1,83.1,0.0234,0.138
eurylochus,head.yaw,39.5,-83.1,-24.9,-83.1,83.1,0.0241,0.022
eurylochus,head.yaw,39.583,-83.1,0,-83.1,83.1,0.0235,0.001
eurylochus,head.yaw,52,-83.1,0,-83.1,83.1,0.0234,0.001
eurylochus,head.pitch,0,0,0,-12.6,12.6,0,0
eurylochus,head.pitch,0.75,-0.2,-0.5,-12.6,12.6,0.0001,0
eurylochus,head.pitch,0.833,-0.3,-0.6,-12.6,12.6,0.0001,0
eurylochus,head.pitch,0.917,-0.3,-0.6,-12.6,12.6,0.0001,0
eurylochus,head.pitch,1,-0.4,-0.6,-12.6,12.6,0.0002,0
eurylochus,head.pitch,1.083,-0.4,-0.7,-12.6,12.6,0.0002,0
eurylochus,head.pitch,1.167,-0.5,-0.7,-12.6,12.6,0.0002,0
eurylochus,head.pitch,1.25,-0.6,-0.7,-12.6,12.6,0.0002,0
eurylochus,head.pitch,1.333,-0.6,-0.7,-12.6,12.6,0.0003,0
eurylochus,head.pitch,1.417,-0.7,-0.7,-12.6,12.6,0.0003,0
eurylochus,head.pitch,1.5,-0.7,-0.7,-12.6,12.6,0.0003,0
eurylochus,head.pitch,1.583,-0.8,-0.7,-12.6,12.6,0.0003,0
eurylochus,head.pitch,1.667,-0.9,-0.7,-12.6,12.6,0.0004,0
eurylochus,head.pitch,1.75,-0.9,-0.7,-12.6,12.6,0.0004,0
eurylochus,head.pitch,1.833,-1,-0.7,-12.6,12.6,0.0004,0
eurylochus,head.pitch,1.917,-1,-0.7,-12.6,12.6,0.0004,0
eurylochus,head.pitch,2,-1.1,-0.6,-12.6,12.6,0.0005,0
eurylochus,head.pitch,2.083,-1.1,-0.6,-12.6,12.6,0.0005,0
eurylochus,head.pitch,2.167,-1.2,-0.6,-12.6,12.6,0.0005,0
eurylochus,head.pitch,2.25,-1.2,-0.5,-12.6,12.6,0.0005,0
eurylochus,head.pitch,2.333,-1.3,-0.5,-12.6,12.6,0.0005,0
eurylochus,head.pitch,3.167,-1.4,0.5,-12.6,12.6,0.0006,0
eurylochus,head.pitch,3.25,-1.3,0.7,-12.6,12.6,0.0005,0
eurylochus,head.pitch,3.333,-1.2,0.8,-12.6,12.6,0.0005,0
eurylochus,head.pitch,3.417,-1.1,0.9,-12.6,12.6,0.0005,0
eurylochus,head.pitch,3.5,-1.1,1,-12.6,12.6,0.0004,0
eurylochus,head.pitch,3.583,-1,1.1,-12.6,12.6,0.0004,0
eurylochus,head.pitch,3.667,-0.9,1.2,-12.6,12.6,0.0004,0
eurylochus,head.pitch,3.75,-0.8,1.2,-12.6,12.6,0.0003,0
eurylochus,head.pitch,3.833,-0.7,1.2,-12.6,12.6,0.0003,0
eurylochus,head.pitch,3.917,-0.6,1.2,-12.6,12.6,0.0002,0
eurylochus,head.pitch,4,-0.5,1.2,-12.6,12.6,0.0002,0
eurylochus,head.pitch,4.083,-0.4,1.1,-12.6,12.6,0.0002,0
eurylochus,head.pitch,4.167,-0.3,1,-12.6,12.6,0.0001,0
eurylochus,head.pitch,4.25,-0.2,0.9,-12.6,12.6,0.0001,0
eurylochus,head.pitch,4.333,-0.1,0.8,-12.6,12.6,0.0001,0
eurylochus,head.pitch,4.417,-0.1,0.7,-12.6,12.6,0,0
eurylochus,head.pitch,4.5,0,0.5,-12.6,12.6,0,0
eurylochus,head.pitch,4.583,0,0.3,-12.6,12.6,0,0
eurylochus,head.pitch,5.167,-0.2,-0.5,-12.6,12.6,0.0001,0
eurylochus,head.pitch,5.25,-0.2,-0.6,-12.6,12.6,0.0001,0
eurylochus,head.pitch,5.333,-0.3,-0.7,-12.6,12.6,0.0001,0
eurylochus,head.pitch,5.417,-0.3,-0.7,-12.6,12.6,0.0001,0
eurylochus,head.pitch,5.5,-0.4,-0.8,-12.6,12.6,0.0002,0
eurylochus,head.pitch,5.583,-0.5,-0.8,-12.6,12.6,0.0002,0
eurylochus,head.pitch,5.667,-0.5,-0.9,-12.6,12.6,0.0002,0
eurylochus,head.pitch,5.75,-0.6,-0.9,-12.6,12.6,0.0002,0
eurylochus,head.pitch,5.833,-0.7,-0.9,-12.6,12.6,0.0003,0
eurylochus,head.pitch,5.917,-0.8,-0.9,-12.6,12.6,0.0003,0
eurylochus,head.pitch,6,-0.8,-0.9,-12.6,12.6,0.0003,0
eurylochus,head.pitch,6.083,-0.9,-0.9,-12.6,12.6,0.0004,0
eurylochus,head.pitch,6.167,-1,-0.9,-12.6,12.6,0.0004,0
eurylochus,head.pitch,6.25,-1,-0.8,-12.6,12.6,0.0004,0
eurylochus,head.pitch,6.333,-1.1,-0.8,-12.6,12.6,0.0005,0
eurylochus,head.pitch,6.417,-1.2,-0.7,-12.6,12.6,0.0005,0
eurylochus,head.pitch,6.5,-1.2,-0.7,-12.6,12.6,0.0005,0
eurylochus,head.pitch,6.583,-1.3,-0.6,-12.6,12.6,0.0005,0
eurylochus,head.pitch,6.667,-1.3,-0.5,-12.6,12.6,0.0005,0
eurylochus,head.pitch,6.75,-1.4,-0.5,-12.6,12.6,0.0006,0
eurylochus,head.pitch,7.333,-1.4,0.5,-12.6,12.6,0.0006,0
eurylochus,head.pitch,7.417,-1.3,0.7,-12.6,12.6,0.0005,0
eurylochus,head.pitch,7.5,-1.2,0.8,-12.6,12.6,0.0005,0
eurylochus,head.pitch,7.583,-1.1,0.9,-12.6,12.6,0.0005,0
eurylochus,head.pitch,7.667,-1.1,1,-12.6,12.6,0.0004,0
eurylochus,head.pitch,7.75,-1,1.1,-12.6,12.6,0.0004,0
eurylochus,head.pitch,7.833,-0.9,1.2,-12.6,12.6,0.0004,0
eurylochus,head.pitch,7.917,-0.8,1.2,-12.6,12.6,0.0003,0
eurylochus,head.pitch,8,-0.7,1.2,-12.6,12.6,0.0003,0
eurylochus,head.pitch,8.083,-0.6,1.2,-12.6,12.6,0.0002,0
eurylochus,head.pitch,8.167,-0.5,1.2,-12.6,12.6,0.0002,0
eurylochus,head.pitch,8.25,-0.4,1.1,-12.6,12.6,0.0002,0
eurylochus,head.pitch,8.333,-0.3,1,-12.6,12.6,0.0001,0
eurylochus,head.pitch,8.417,-0.2,0.9,-12.6,12.6,0.0001,0
eurylochus,head.pitch,8.5,-0.1,0.8,-12.6,12.6,0.0001,0
eurylochus,head.pitch,8.583,-0.1,0.7,-12.6,12.6,0,0
eurylochus,head.pitch,8.667,0,0.5,-12.6,12.6,0,0
eurylochus,head.pitch,8.75,0,0.3,-12.6,12.6,0,0
eurylochus,head.pitch,9.333,-0.1,-0.5,-12.6,12.6,0.0001,0
eurylochus,head.pitch,9.417,-0.2,-0.6,-12.6,12.6,0.0001,0
eurylochus,head.pitch,9.5,-0.3,-0.6,-12.6,12.6,0.0001,0
eurylochus,head.pitch,9.583,-0.3,-0.7,-12.6,12.6,0.0001,0
eurylochus,head.pitch,9.667,-0.4,-0.7,-12.6,12.6,0.0002,0
eurylochus,head.pitch,9.75,-0.4,-0.8,-12.6,12.6,0.0002,0
eurylochus,head.pitch,9.833,-0.5,-0.8,-12.6,12.6,0.0002,0
eurylochus,head.pitch,9.917,-0.6,-0.8,-12.6,12.6,0.0002,0
eurylochus,head.pitch,10,-0.6,-0.9,-12.6,12.6,0.0003,0
eurylochus,head.pitch,10.083,-0.7,-0.9,-12.6,12.6,0.0003,0
eurylochus,head.pitch,10.167,-0.8,-0.9,-12.6,12.6,0.0003,0
eurylochus,head.pitch,10.25,-0.9,-0.9,-12.6,12.6,0.0004,0
eurylochus,head.pitch,10.333,-0.9,-0.8,-12.6,12.6,0.0004,0
eurylochus,head.pitch,10.417,-1,-0.8,-12.6,12.6,0.0004,0
eurylochus,head.pitch,10.5,-1.1,-0.8,-12.6,12.6,0.0004,0
eurylochus,head.pitch,10.583,-1.1,-0.7,-12.6,12.6,0.0005,0
eurylochus,head.pitch,10.667,-1.2,-0.7,-12.6,12.6,0.0005,0
eurylochus,head.pitch,10.75,-1.2,-0.6,-12.6,12.6,0.0005,0
eurylochus,head.pitch,10.833,-1.3,-0.6,-12.6,12.6,0.0005,0
eurylochus,head.pitch,10.917,-1.3,-0.5,-12.6,12.6,0.0005,0
eurylochus,head.pitch,11,-1.4,-0.4,-12.6,12.6,0.0006,0
eurylochus,head.pitch,11.583,-1.4,0.5,-12.6,12.6,0.0006,0
eurylochus,head.pitch,11.667,-1.3,0.7,-12.6,12.6,0.0005,0
eurylochus,head.pitch,11.75,-3.3,-24.4,-12.6,12.6,0.0015,0.001
eurylochus,head.pitch,11.833,-5,-19.7,-12.6,12.6,0.0021,0.001
eurylochus,head.pitch,11.917,-6.2,-15,-12.6,12.6,0.0026,0.001
eurylochus,head.pitch,12,-7.1,-10.3,-12.6,12.6,0.0029,0.001
eurylochus,head.pitch,12.083,-7.6,-5.7,-12.6,12.6,0.0031,0.001
eurylochus,head.pitch,12.167,-7.6,-1.1,-12.6,12.6,0.0032,0
eurylochus,head.pitch,12.25,-7.5,1.2,-12.6,12.6,0.0031,0
eurylochus,head.pitch,12.333,-7.4,1.2,-12.6,12.6,0.003,0
eurylochus,head.pitch,12.417,-7.3,1.2,-12.6,12.6,0.003,0
eurylochus,head.pitch,12.5,-7.2,1.1,-12.6,12.6,0.003,0
eurylochus,head.pitch,12.583,-7.2,1.1,-12.6,12.6,0.0029,0
eurylochus,head.pitch,12.667,-7.1,1,-12.6,12.6,0.0029,0
eurylochus,head.pitch,12.75,-7,0.8,-12.6,12.6,0.0029,0
eurylochus,head.pitch,12.833,-7,0.7,-12.6,12.6,0.0029,0
eurylochus,head.pitch,12.917,-6.9,0.5,-12.6,12.6,0.0028,0
eurylochus,head.pitch,13,-6.9,0.3,-12.6,12.6,0.0028,0
eurylochus,head.pitch,13.583,-7,-0.5,-12.6,12.6,0.0029,0
eurylochus,head.pitch,13.667,-7.1,-0.6,-12.6,12.6,0.0029,0
eurylochus,head.pitch,13.75,-7.1,-0.7,-12.6,12.6,0.0029,0
eurylochus,head.pitch,13.833,-7.2,-0.7,-12.6,12.6,0.0029,0
eurylochus,head.pitch,13.917,-7.3,-0.8,-12.6,12.6,0.003,0
eurylochus,head.pitch,14,-7.3,-0.8,-12.6,12.6,0.003,0
eurylochus,head.pitch,14.083,-7.4,-0.8,-12.6,12.6,0.003,0
eurylochus,head.pitch,14.167,-7.5,-0.9,-12.6,12.6,0.0031,0
eurylochus,head.pitch,14.25,-7.5,-0.9,-12.6,12.6,0.0031,0
eurylochus,head.pitch,14.333,-7.6,-0.9,-12.6,12.6,0.0031,0
eurylochus,head.pitch,14.417,-7.7,-0.9,-12.6,12.6,0.0031,0
eurylochus,head.pitch,14.5,-7.7,-0.8,-12.6,12.6,0.0032,0
eurylochus,head.pitch,14.583,-7.8,-0.8,-12.6,12.6,0.0032,0
eurylochus,head.pitch,14.667,-7.9,-0.8,-12.6,12.6,0.0032,0
eurylochus,head.pitch,14.75,-7.9,-0.8,-12.6,12.6,0.0033,0
eurylochus,head.pitch,14.833,-8,-0.7,-12.6,12.6,0.0033,0
eurylochus,head.pitch,14.917,-8.1,-0.7,-12.6,12.6,0.0033,0
eurylochus,head.pitch,15,-8.1,-0.6,-12.6,12.6,0.0033,0
eurylochus,head.pitch,15.083,-8.1,-0.5,-12.6,12.6,0.0033,0
eurylochus,head.pitch,15.167,-8.2,-0.4,-12.6,12.6,0.0034,0
eurylochus,head.pitch,15.75,-8.2,0.5,-12.6,12.6,0.0033,0
eurylochus,head.pitch,15.833,-8.1,0.7,-12.6,12.6,0.0033,0
eurylochus,head.pitch,15.917,-8,0.9,-12.6,12.6,0.0033,0
eurylochus,head.pitch,16,-7.9,1,-12.6,12.6,0.0033,0
eurylochus,head.pitch,16.083,-7.9,1.1,-12.6,12.6,0.0032,0
eurylochus,head.pitch,16.167,-7.8,1.2,-12.6,12.6,0.0032,0
eurylochus,head.pitch,16.25,-7.7,1.2,-12.6,12.6,0.0031,0
eurylochus,head.pitch,16.333,-7.6,1.3,-12.6,12.6,0.0031,0
eurylochus,head.pitch,16.417,-7.4,1.3,-12.6,12.6,0.0031,0
eurylochus,head.pitch,16.5,-7.3,1.3,-12.6,12.6,0.003,0
eurylochus,head.pitch,16.583,-7.2,1.2,-12.6,12.6,0.003,0
eurylochus,head.pitch,16.667,-7.1,1.2,-12.6,12.6,0.0029,0
eurylochus,head.pitch,16.75,-7.1,1.1,-12.6,12.6,0.0029,0
eurylochus,head.pitch,16.833,-7,1,-12.6,12.6,0.0029,0
eurylochus,head.pitch,16.917,-6.9,0.9,-12.6,12.6,0.0028,0
eurylochus,head.pitch,17,-6.8,0.7,-12.6,12.6,0.0028,0
eurylochus,head.pitch,17.083,-6.8,0.6,-12.6,12.6,0.0028,0
eurylochus,head.pitch,17.167,-6.8,0.4,-12.6,12.6,0.0028,0
eurylochus,head.pitch,17.833,-6.9,-0.5,-12.6,12.6,0.0028,0
eurylochus,head.pitch,17.917,-7,-0.6,-12.6,12.6,0.0029,0
eurylochus,head.pitch,18,-7,-0.6,-12.6,12.6,0.0029,0
eurylochus,head.pitch,18.083,-7.1,-0.7,-12.6,12.6,0.0029,0
eurylochus,head.pitch,18.167,-7.1,-0.7,-12.6,12.6,0.0029,0
eurylochus,head.pitch,18.25,-7.2,-0.8,-12.6,12.6,0.003,0
eurylochus,head.pitch,18.333,-7.3,-0.8,-12.6,12.6,0.003,0
eurylochus,head.pitch,18.417,-7.3,-0.8,-12.6,12.6,0.003,0
eurylochus,head.pitch,18.5,-7.4,-0.8,-12.6,12.6,0.003,0
eurylochus,head.pitch,18.583,-7.5,-0.8,-12.6,12.6,0.0031,0
eurylochus,head.pitch,18.667,-7.5,-0.8,-12.6,12.6,0.0031,0
eurylochus,head.pitch,18.75,-7.6,-0.8,-12.6,12.6,0.0031,0
eurylochus,head.pitch,18.833,-7.7,-0.8,-12.6,12.6,0.0031,0
eurylochus,head.pitch,18.917,-7.7,-0.7,-12.6,12.6,0.0032,0
eurylochus,head.pitch,19,-7.8,-0.7,-12.6,12.6,0.0032,0
eurylochus,head.pitch,19.083,-7.8,-0.6,-12.6,12.6,0.0032,0
eurylochus,head.pitch,19.167,-7.9,-0.6,-12.6,12.6,0.0032,0
eurylochus,head.pitch,19.25,-7.9,-0.5,-12.6,12.6,0.0032,0
eurylochus,head.pitch,19.333,-8,-0.5,-12.6,12.6,0.0033,0
eurylochus,head.pitch,20,-7.9,0.6,-12.6,12.6,0.0033,0
eurylochus,head.pitch,20.083,-7.9,0.7,-12.6,12.6,0.0032,0
eurylochus,head.pitch,20.167,-7.8,0.9,-12.6,12.6,0.0032,0
eurylochus,head.pitch,20.25,-7.7,1,-12.6,12.6,0.0032,0
eurylochus,head.pitch,20.333,-7.6,1.1,-12.6,12.6,0.0031,0
eurylochus,head.pitch,20.417,-7.5,1.2,-12.6,12.6,0.0031,0
eurylochus,head.pitch,20.5,-7.4,1.2,-12.6,12.6,0.003,0
eurylochus,head.pitch,20.583,-7.3,1.3,-12.6,12.6,0.003,0
eurylochus,head.pitch,20.667,-7.2,1.3,-12.6,12.6,0.003,0
eurylochus,head.pitch,20.75,-7.1,1.3,-12.6,12.6,0.0029,0
eurylochus,head.pitch,20.833,-7,1.2,-12.6,12.6,0.0029,0
eurylochus,head.pitch,20.917,-6.9,1.2,-12.6,12.6,0.0028,0
eurylochus,head.pitch,21,-6.8,1.1,-12.6,12.6,0.0028,0
eurylochus,head.pitch,21.083,-6.7,1,-12.6,12.6,0.0028,0
eurylochus,head.pitch,21.167,-6.7,0.9,-12.6,12.6,0.0027,0
eurylochus,head.pitch,21.25,-6.6,0.7,-12.6,12.6,0.0027,0
eurylochus,head.pitch,21.333,-6.5,0.6,-12.6,12.6,0.0027,0
eurylochus,head.pitch,21.417,-6.5,0.4,-12.6,12.6,0.0027,0
eurylochus,head.pitch,22.083,-6.7,-0.6,-12.6,12.6,0.0027,0
eurylochus,head.pitch,22.167,-6.7,-0.6,-12.6,12.6,0.0028,0
eurylochus,head.pitch,22.25,-6.8,-0.7,-12.6,12.6,0.0028,0
eurylochus,head.pitch,22.333,-6.8,-0.7,-12.6,12.6,0.0028,0
eurylochus,head.pitch,22.417,-6.9,-0.8,-12.6,12.6,0.0028,0
eurylochus,head.pitch,22.5,-7,-0.8,-12.6,12.6,0.0029,0
eurylochus,head.pitch,22.583,-7,-0.8,-12.6,12.6,0.0029,0
eurylochus,head.pitch,22.667,-7.1,-0.8,-12.6,12.6,0.0029,0
eurylochus,head.pitch,22.75,-7.2,-0.8,-12.6,12.6,0.0029,0
eurylochus,head.pitch,22.833,-7.2,-0.8,-12.6,12.6,0.003,0
eurylochus,head.pitch,22.917,-7.3,-0.8,-12.6,12.6,0.003,0
eurylochus,head.pitch,23,-7.4,-0.8,-12.6,12.6,0.003,0
eurylochus,head.pitch,23.083,-7.4,-0.8,-12.6,12.6,0.003,0
eurylochus,head.pitch,23.167,-7.5,-0.7,-12.6,12.6,0.0031,0
eurylochus,head.pitch,23.25,-7.5,-0.7,-12.6,12.6,0.0031,0
eurylochus,head.pitch,23.333,-7.6,-0.6,-12.6,12.6,0.0031,0
eurylochus,head.pitch,23.417,-7.6,-0.5,-12.6,12.6,0.0031,0
eurylochus,head.pitch,23.5,-7.7,-0.5,-12.6,12.6,0.0031,0
eurylochus,head.pitch,24.167,-7.7,0.5,-12.6,12.6,0.0031,0
eurylochus,head.pitch,24.25,-7.6,0.7,-12.6,12.6,0.0031,0
eurylochus,head.pitch,24.333,-7.6,0.8,-12.6,12.6,0.0031,0
eurylochus,head.pitch,24.417,-7.5,0.9,-12.6,12.6,0.0031,0
eurylochus,head.pitch,24.5,-7.4,1,-12.6,12.6,0.003,0
eurylochus,head.pitch,24.583,-7.3,1.1,-12.6,12.6,0.003,0
eurylochus,head.pitch,24.667,-7.2,1.2,-12.6,12.6,0.0029,0
eurylochus,head.pitch,24.75,-7.1,1.2,-12.6,12.6,0.0029,0
eurylochus,head.pitch,24.833,-7,1.2,-12.6,12.6,0.0029,0
eurylochus,head.pitch,24.917,-6.9,1.2,-12.6,12.6,0.0028,0
eurylochus,head.pitch,25,-6.8,1.2,-12.6,12.6,0.0028,0
eurylochus,head.pitch,25.083,-6.7,1.2,-12.6,12.6,0.0027,0
eurylochus,head.pitch,25.167,-6.6,1.1,-12.6,12.6,0.0027,0
eurylochus,head.pitch,25.25,-6.5,1,-12.6,12.6,0.0027,0
eurylochus,head.pitch,25.333,-6.4,0.9,-12.6,12.6,0.0026,0
eurylochus,head.pitch,25.417,-6.4,0.8,-12.6,12.6,0.0026,0
eurylochus,head.pitch,25.5,-6.3,0.7,-12.6,12.6,0.0026,0
eurylochus,head.pitch,25.583,-6.3,0.5,-12.6,12.6,0.0026,0
eurylochus,head.pitch,25.667,-6.2,0.4,-12.6,12.6,0.0026,0
eurylochus,head.pitch,26.333,-6.4,-0.6,-12.6,12.6,0.0026,0
eurylochus,head.pitch,26.417,-6.4,-0.6,-12.6,12.6,0.0026,0
eurylochus,head.pitch,26.5,-6.5,-0.7,-12.6,12.6,0.0027,0
eurylochus,head.pitch,26.583,-6.5,-0.7,-12.6,12.6,0.0027,0
eurylochus,head.pitch,26.667,-6.6,-0.8,-12.6,12.6,0.0027,0
eurylochus,head.pitch,26.75,-6.7,-0.8,-12.6,12.6,0.0027,0
eurylochus,head.pitch,26.833,-6.7,-0.8,-12.6,12.6,0.0028,0
eurylochus,head.pitch,26.917,-6.8,-0.8,-12.6,12.6,0.0028,0
eurylochus,head.pitch,27,-6.9,-0.8,-12.6,12.6,0.0028,0
eurylochus,head.pitch,27.083,-6.9,-0.8,-12.6,12.6,0.0028,0
eurylochus,head.pitch,27.167,-7,-0.8,-12.6,12.6,0.0029,0
eurylochus,head.pitch,27.25,-7.1,-0.8,-12.6,12.6,0.0029,0
eurylochus,head.pitch,27.333,-7.1,-0.8,-12.6,12.6,0.0029,0
eurylochus,head.pitch,27.417,-7.2,-0.7,-12.6,12.6,0.003,0
eurylochus,head.pitch,27.5,-7.3,-0.7,-12.6,12.6,0.003,0
eurylochus,head.pitch,27.583,-7.3,-0.6,-12.6,12.6,0.003,0
eurylochus,head.pitch,27.667,-7.4,-0.6,-12.6,12.6,0.003,0
eurylochus,head.pitch,27.75,-7.4,-0.5,-12.6,12.6,0.003,0
eurylochus,head.pitch,28.417,-7.4,0.6,-12.6,12.6,0.003,0
eurylochus,head.pitch,28.5,-7.3,0.7,-12.6,12.6,0.003,0
eurylochus,head.pitch,28.583,-7.3,0.9,-12.6,12.6,0.003,0
eurylochus,head.pitch,28.667,-7.2,1,-12.6,12.6,0.0029,0
eurylochus,head.pitch,28.75,-7.1,1.1,-12.6,12.6,0.0029,0
eurylochus,head.pitch,28.833,-7,1.2,-12.6,12.6,0.0029,0
eurylochus,head.pitch,28.917,-6.9,1.2,-12.6,12.6,0.0028,0
eurylochus,head.pitch,29,-6.8,1.3,-12.6,12.6,0.0028,0
eurylochus,head.pitch,29.083,-6.7,1.3,-12.6,12.6,0.0027,0
eurylochus,head.pitch,29.167,-6.6,1.3,-12.6,12.6,0.0027,0
eurylochus,head.pitch,29.25,-6.5,1.2,-12.6,12.6,0.0026,0
eurylochus,head.pitch,29.333,-6.4,1.2,-12.6,12.6,0.0026,0
eurylochus,head.pitch,29.417,-6.3,1.1,-12.6,12.6,0.0026,0
eurylochus,head.pitch,29.5,-6.2,1,-12.6,12.6,0.0025,0
eurylochus,head.pitch,29.583,-6.1,0.9,-12.6,12.6,0.0025,0
eurylochus,head.pitch,29.667,-6,0.7,-12.6,12.6,0.0025,0
eurylochus,head.pitch,29.75,-6,0.6,-12.6,12.6,0.0025,0
eurylochus,head.pitch,29.833,-6,0.4,-12.6,12.6,0.0024,0
eurylochus,head.pitch,30.5,-6.1,-0.6,-12.6,12.6,0.0025,0
eurylochus,head.pitch,30.583,-6.2,-0.6,-12.6,12.6,0.0025,0
eurylochus,head.pitch,30.667,-6.2,-0.7,-12.6,12.6,0.0026,0
eurylochus,head.pitch,30.75,-6.3,-0.7,-12.6,12.6,0.0026,0
eurylochus,head.pitch,30.833,-6.4,-0.8,-12.6,12.6,0.0026,0
eurylochus,head.pitch,30.917,-6.4,-0.8,-12.6,12.6,0.0026,0
eurylochus,head.pitch,31,-6.5,-0.8,-12.6,12.6,0.0027,0
eurylochus,head.pitch,31.083,-6.6,-0.8,-12.6,12.6,0.0027,0
eurylochus,head.pitch,31.167,-6.6,-0.8,-12.6,12.6,0.0027,0
eurylochus,head.pitch,31.25,-6.7,-0.8,-12.6,12.6,0.0028,0
eurylochus,head.pitch,31.333,-6.8,-0.8,-12.6,12.6,0.0028,0
eurylochus,head.pitch,31.417,-6.9,-0.8,-12.6,12.6,0.0028,0
eurylochus,head.pitch,31.5,-6.9,-0.8,-12.6,12.6,0.0028,0
eurylochus,head.pitch,31.583,-7,-0.7,-12.6,12.6,0.0029,0
eurylochus,head.pitch,31.667,-7,-0.7,-12.6,12.6,0.0029,0
eurylochus,head.pitch,31.75,-7.1,-0.6,-12.6,12.6,0.0029,0
eurylochus,head.pitch,31.833,-7.1,-0.6,-12.6,12.6,0.0029,0
eurylochus,head.pitch,31.917,-7.2,-0.5,-12.6,12.6,0.0029,0
eurylochus,head.pitch,32,-7.2,-0.4,-12.6,12.6,0.003,0
eurylochus,head.pitch,32.583,-7.2,0.5,-12.6,12.6,0.003,0
eurylochus,head.pitch,32.667,-7.1,0.7,-12.6,12.6,0.0029,0
eurylochus,head.pitch,32.75,-7.1,0.8,-12.6,12.6,0.0029,0
eurylochus,head.pitch,32.833,-7,0.9,-12.6,12.6,0.0029,0
eurylochus,head.pitch,32.917,-6.9,1,-12.6,12.6,0.0028,0
eurylochus,head.pitch,33,-6.8,1.1,-12.6,12.6,0.0028,0
eurylochus,head.pitch,33.083,-6.7,1.1,-12.6,12.6,0.0028,0
eurylochus,head.pitch,33.167,-6.6,1.2,-12.6,12.6,0.0027,0
eurylochus,head.pitch,33.25,-6.5,1.2,-12.6,12.6,0.0027,0
eurylochus,head.pitch,33.333,-6.4,1.2,-12.6,12.6,0.0026,0
eurylochus,head.pitch,33.417,-6.3,1.2,-12.6,12.6,0.0026,0
eurylochus,head.pitch,33.5,-6.2,1.1,-12.6,12.6,0.0026,0
eurylochus,head.pitch,33.583,-6.2,1.1,-12.6,12.6,0.0025,0
eurylochus,head.pitch,33.667,-6.1,1,-12.6,12.6,0.0025,0
eurylochus,head.pitch,33.75,-6,0.9,-12.6,12.6,0.0025,0
eurylochus,head.pitch,33.833,-5.9,0.8,-12.6,12.6,0.0024,0
eurylochus,head.pitch,33.917,-5.9,0.6,-12.6,12.6,0.0024,0
eurylochus,head.pitch,34,-5.8,0.5,-12.6,12.6,0.0024,0
eurylochus,head.pitch,34.5,-5.9,-0.5,-12.6,12.6,0.0024,0
eurylochus,head.pitch,34.583,-6,-0.7,-12.6,12.6,0.0024,0
eurylochus,head.pitch,34.667,-6,-0.8,-12.6,12.6,0.0025,0
eurylochus,head.pitch,34.75,-6.1,-0.8,-12.6,12.6,0.0025,0
eurylochus,head.pitch,34.833,-6.2,-0.9,-12.6,12.6,0.0025,0
eurylochus,head.pitch,34.917,-6.2,-0.9,-12.6,12.6,0.0026,0
eurylochus,head.pitch,35,-6.3,-1,-12.6,12.6,0.0026,0
eurylochus,head.pitch,35.083,-6.4,-1,-12.6,12.6,0.0026,0
eurylochus,head.pitch,35.167,-6.5,-1,-12.6,12.6,0.0027,0
eurylochus,head.pitch,35.25,-6.6,-1,-12.6,12.6,0.0027,0
eurylochus,head.pitch,35.333,-6.6,-0.9,-12.6,12.6,0.0027,0
eurylochus,head.pitch,35.417,-6.7,-0.8,-12.6,12.6,0.0028,0
eurylochus,head.pitch,35.5,-6.8,-0.8,-12.6,12.6,0.0028,0
eurylochus,head.pitch,35.583,-6.8,-0.7,-12.6,12.6,0.0028,0
eurylochus,head.pitch,35.667,-6.9,-0.5,-12.6,12.6,0.0028,0
eurylochus,head.pitch,35.75,-6.9,-0.4,-12.6,12.6,0.0028,0
eurylochus,head.pitch,36,-6,11.2,-12.6,12.6,0.0025,0.001
eurylochus,head.pitch,36.083,-3.8,26.3,-12.6,12.6,0.0016,0.002
eurylochus,head.pitch,36.167,-1.3,30.3,-12.6,12.6,0.0005,0.001
eurylochus,head.pitch,36.25,0.7,23.2,-12.6,12.6,0.0003,0
eurylochus,head.pitch,36.333,0.1,-6.5,-12.6,12.6,0.0002,0
eurylochus,head.pitch,36.417,-1.1,-15.1,-12.6,12.6,0.0005,0
eurylochus,head.pitch,36.5,0.4,18.9,-12.6,12.6,0.0003,0
eurylochus,head.pitch,36.583,2,18.9,-12.6,12.6,0.0008,0.001
eurylochus,head.pitch,36.667,1.2,-9.8,-12.6,12.6,0.0006,0
eurylochus,head.pitch,36.75,-0.3,-18.2,-12.6,12.6,0.0002,0
eurylochus,head.pitch,36.833,-1.1,-9.8,-12.6,12.6,0.0005,0
eurylochus,head.pitch,36.917,0.4,18.9,-12.6,12.6,0.0003,0
eurylochus,head.pitch,37,2,18.9,-12.6,12.6,0.0008,0.001
eurylochus,head.pitch,37.083,0.4,-18.9,-12.6,12.6,0.0004,0
eurylochus,head.pitch,37.167,-1.1,-18.9,-12.6,12.6,0.0005,0
eurylochus,head.pitch,37.25,0.4,18.9,-12.6,12.6,0.0004,0
eurylochus,head.pitch,37.333,2,18.9,-12.6,12.6,0.0008,0.001
eurylochus,head.pitch,37.417,0.4,-18.9,-12.6,12.6,0.0004,0
eurylochus,head.pitch,37.5,-1.1,-18.9,-12.6,12.6,0.0005,0
eurylochus,head.pitch,37.583,0.4,18.9,-12.6,12.6,0.0004,0
eurylochus,head.pitch,37.667,2,18.9,-12.6,12.6,0.0008,0.001
eurylochus,head.pitch,37.75,0.4,-18.9,-12.6,12.6,0.0004,0
eurylochus,head.pitch,37.833,-1.1,-18.9,-12.6,12.6,0.0005,0
eurylochus,head.pitch,37.917,0.4,18.9,-12.6,12.6,0.0004,0
eurylochus,head.pitch,38,2,18.9,-12.6,12.6,0.0008,0.001
eurylochus,head.pitch,38.083,0.4,-18.9,-12.6,12.6,0.0004,0
eurylochus,head.pitch,38.167,-5,-64.7,-12.6,12.6,0.0023,0.005
eurylochus,head.pitch,38.25,-5.7,-8.6,-12.6,12.6,0.0026,0.001
eurylochus,head.pitch,38.333,-4.9,9.7,-12.6,12.6,0.0021,0.001
eurylochus,head.pitch,38.417,-6.3,-17.5,-12.6,12.6,0.0027,0.002
eurylochus,head.pitch,38.5,-7.6,-15,-12.6,12.6,0.0031,0.002
eurylochus,head.pitch,38.583,-5.5,24.7,-12.6,12.6,0.0025,0.002
eurylochus,head.pitch,38.667,-3.3,26,-12.6,12.6,0.0014,0.001
eurylochus,head.pitch,38.75,-4.2,-10.5,-12.6,12.6,0.0019,0.001
eurylochus,head.pitch,38.833,-5.1,-10.5,-12.6,12.6,0.0021,0.001
eurylochus,head.pitch,38.917,-4.1,11.4,-12.6,12.6,0.0018,0.001
eurylochus,head.pitch,39,-3,13.9,-12.6,12.6,0.0012,0.001
eurylochus,head.pitch,39.083,-2.3,8.3,-12.6,12.6,0.001,0
eurylochus,head.pitch,39.167,-2.2,1.1,-12.6,12.6,0.0009,0
eurylochus,head.pitch,39.25,-0.6,19.3,-12.6,12.6,0.0003,0
eurylochus,head.pitch,39.333,-1.7,-14,-12.6,12.6,0.0009,0
eurylochus,head.pitch,39.417,-2.7,-11.9,-12.6,12.6,0.0011,0
eurylochus,head.pitch,39.5,-4,-15.2,-12.6,12.6,0.0017,0.001
eurylochus,head.pitch,39.583,-5.1,-13.4,-12.6,12.6,0.0021,0.001
eurylochus,head.pitch,39.667,-5.7,-7.1,-12.6,12.6,0.0024,0.001
eurylochus,head.pitch,39.75,-3.8,22.5,-12.6,12.6,0.0017,0.001
eurylochus,head.pitch,39.833,-0.8,36.9,-12.6,12.6,0.0004,0
eurylochus,head.pitch,39.917,0.8,18.6,-12.6,12.6,0.0004,0
eurylochus,head.pitch,40,1.2,5,-12.6,12.6,0.0006,0
eurylochus,head.pitch,40.083,0.4,-9.4,-12.6,12.6,0.0002,0
eurylochus,head.pitch,40.167,-1.1,-17.9,-12.6,12.6,0.0005,0
eurylochus,head.pitch,40.25,-1.8,-8.2,-12.6,12.6,0.0008,0
eurylochus,head.pitch,40.333,-1.5,2.9,-12.6,12.6,0.0007,0
eurylochus,head.pitch,40.417,-1.3,3.2,-12.6,12.6,0.0005,0
eurylochus,head.pitch,40.5,-1,3.3,-12.6,12.6,0.0004,0
eurylochus,head.pitch,40.583,-0.7,3.3,-12.6,12.6,0.0003,0
eurylochus,head.pitch,40.667,-0.4,3.2,-12.6,12.6,0.0002,0
eurylochus,head.pitch,40.75,-0.2,2.9,-12.6,12.6,0.0001,0
eurylochus,head.pitch,40.833,0,2.5,-12.6,12.6,0,0
eurylochus,head.pitch,40.917,0.2,1.9,-12.6,12.6,0.0001,0
eurylochus,head.pitch,41,0.3,1.3,-12.6,12.6,0.0001,0
eurylochus,head.pitch,41.083,0.3,0.5,-12.6,12.6,0.0001,0
eurylochus,head.pitch,41.583,2.2,22.9,-12.6,12.6,0.001,0.001
eurylochus,head.pitch,41.667,-1.3,-41.9,-12.6,12.6,0.0009,0.001
eurylochus,head.pitch,41.75,-2.4,-14,-12.6,12.6,0.0011,0.001
eurylochus,head.pitch,41.833,-3.3,-9.7,-12.6,12.6,0.0014,0
eurylochus,head.pitch,41.917,-2.1,13.5,-12.6,12.6,0.001,0
eurylochus,head.pitch,42,-3.4,-14.7,-12.6,12.6,0.0015,0.001
eurylochus,head.pitch,42.083,-3.5,-1.6,-12.6,12.6,0.0015,0
eurylochus,head.pitch,42.167,-3.4,0.6,-12.6,12.6,0.0014,0
eurylochus,head.pitch,42.25,-3.2,2.5,-12.6,12.6,0.0013,0
eurylochus,head.pitch,42.333,-2.9,4.2,-12.6,12.6,0.0012,0
eurylochus,head.pitch,42.417,-2.4,5.5,-12.6,12.6,0.001,0
eurylochus,head.pitch,42.5,-1.9,6.7,-12.6,12.6,0.0008,0
eurylochus,head.pitch,42.583,-1.3,6.9,-12.6,12.6,0.0005,0
eurylochus,head.pitch,42.667,-0.8,6.2,-12.6,12.6,0.0003,0
eurylochus,head.pitch,42.75,-0.3,5.3,-12.6,12.6,0.0001,0
eurylochus,head.pitch,42.833,0,4.1,-12.6,12.6,0,0
eurylochus,head.pitch,42.917,0.2,2.7,-12.6,12.6,0.0001,0
eurylochus,head.pitch,43,2.9,31.9,-12.6,12.6,0.0013,0.001
eurylochus,head.pitch,43.083,3.7,10.3,-12.6,12.6,0.0016,0.001
eurylochus,head.pitch,43.167,-1.8,-66.4,-12.6,12.6,0.0011,0.003
eurylochus,head.pitch,43.25,-5,-38.4,-12.6,12.6,0.0022,0.003
eurylochus,head.pitch,43.333,-5.8,-9.7,-12.6,12.6,0.0025,0.001
eurylochus,head.pitch,43.417,-5.6,2.7,-12.6,12.6,0.0024,0
eurylochus,head.pitch,43.5,-5.2,4.1,-12.6,12.6,0.0022,0
eurylochus,head.pitch,43.583,-4.8,5.3,-12.6,12.6,0.002,0
eurylochus,head.pitch,43.667,-4.3,6.2,-12.6,12.6,0.0018,0
eurylochus,head.pitch,43.75,-3.7,6.9,-12.6,12.6,0.0015,0
eurylochus,head.pitch,43.833,-3.1,7.3,-12.6,12.6,0.0013,0
eurylochus,head.pitch,43.917,-2.5,7.4,-12.6,12.6,0.001,0
eurylochus,head.pitch,44,-1.9,7.3,-12.6,12.6,0.0008,0
eurylochus,head.pitch,44.083,-1.3,6.9,-12.6,12.6,0.0005,0
eurylochus,head.pitch,44.167,-0.8,6.2,-12.6,12.6,0.0003,0
eurylochus,head.pitch,44.25,-0.3,5.3,-12.6,12.6,0.0001,0
eurylochus,head.pitch,44.333,0,4.1,-12.6,12.6,0,0
eurylochus,head.pitch,44.417,2.8,33.3,-12.6,12.6,0.0013,0.002
eurylochus,head.pitch,44.5,2.3,-6.2,-12.6,12.6,0.0011,0
eurylochus,head.pitch,44.583,1.7,-6.2,-12.6,12.6,0.0007,0
eurylochus,head.pitch,44.667,1.3,-5.3,-12.6,12.6,0.0005,0
eurylochus,head.pitch,44.75,0.9,-4.3,-12.6,12.6,0.0004,0
eurylochus,head.pitch,44.833,0.7,-3.4,-12.6,12.6,0.0003,0
eurylochus,head.pitch,44.917,0.5,-2.4,-12.6,12.6,0.0002,0
eurylochus,head.pitch,45,0.3,-1.4,-12.6,12.6,0.0001,0
eurylochus,head.pitch,45.083,0.3,-0.5,-12.6,12.6,0.0001,0
eurylochus,head.pitch,45.667,-1.1,-17.2,-12.6,12.6,0.0005,0
eurylochus,head.pitch,45.75,0.6,20.6,-12.6,12.6,0.0004,0
eurylochus,head.pitch,45.833,1.2,6.9,-12.6,12.6,0.0005,0
eurylochus,head.pitch,45.917,0.7,-6,-12.6,12.6,0.0003,0
eurylochus,head.pitch,46,-0.4,-12.9,-12.6,12.6,0.0002,0
eurylochus,head.pitch,46.083,-1.4,-12.2,-12.6,12.6,0.0006,0
eurylochus,head.pitch,46.167,-1.8,-4,-12.6,12.6,0.0008,0
eurylochus,head.pitch,46.25,-1.5,2.9,-12.6,12.6,0.0007,0
eurylochus,head.pitch,46.333,-1.3,3.2,-12.6,12.6,0.0005,0
eurylochus,head.pitch,46.417,-1,3.3,-12.6,12.6,0.0004,0
eurylochus,head.pitch,46.5,-0.7,3.3,-12.6,12.6,0.0003,0
eurylochus,head.pitch,46.583,-0.4,3.2,-12.6,12.6,0.0002,0
eurylochus,head.pitch,46.667,-0.2,2.9,-12.6,12.6,0.0001,0
eurylochus,head.pitch,46.75,0,2.5,-12.6,12.6,0,0
eurylochus,head.pitch,46.833,0.2,1.9,-12.6,12.6,0.0001,0
eurylochus,head.pitch,46.917,0.3,1.3,-12.6,12.6,0.0001,0
eurylochus,head.pitch,47,0.3,0.5,-12.6,12.6,0.0001,0
eurylochus,head.pitch,47.167,2.9,30.7,-12.6,12.6,0.0013,0.001
eurylochus,head.pitch,47.25,2.2,-8.1,-12.6,12.6,0.0011,0
eurylochus,head.pitch,47.333,1.6,-6.9,-12.6,12.6,0.0007,0
eurylochus,head.pitch,47.417,1.1,-5.6,-12.6,12.6,0.0005,0
eurylochus,head.pitch,47.5,2.7,18.5,-12.6,12.6,0.0012,0.001
eurylochus,head.pitch,47.583,3.6,10.6,-12.6,12.6,0.0015,0.001
eurylochus,head.pitch,47.667,3.8,2.7,-12.6,12.6,0.0016,0
eurylochus,head.pitch,47.75,2.9,-11.3,-12.6,12.6,0.0012,0
eurylochus,head.pitch,47.833,-2.2,-61.1,-12.6,12.6,0.0012,0.002
eurylochus,head.pitch,47.917,-5.2,-35.4,-12.6,12.6,0.0023,0.003
eurylochus,head.pitch,48,-5.9,-8.3,-12.6,12.6,0.0025,0.001
eurylochus,head.pitch,48.083,-5.7,1.8,-12.6,12.6,0.0024,0
eurylochus,head.pitch,48.167,-5.3,4.8,-12.6,12.6,0.0022,0
eurylochus,head.pitch,48.25,-4.7,7,-12.6,12.6,0.002,0
eurylochus,head.pitch,48.333,-4.1,8.3,-12.6,12.6,0.0017,0
eurylochus,head.pitch,48.417,-3.3,8.7,-12.6,12.6,0.0014,0
eurylochus,head.pitch,48.5,-2.6,8.3,-12.6,12.6,0.0011,0
eurylochus,head.pitch,48.583,-2,7,-12.6,12.6,0.0008,0
eurylochus,head.pitch,48.667,0.3,27.8,-12.6,12.6,0.0002,0
eurylochus,head.pitch,48.75,1.6,15.6,-12.6,12.6,0.0007,0
eurylochus,head.pitch,48.833,-0.5,-24.6,-12.6,12.6,0.0004,0
eurylochus,head.pitch,48.917,-2.8,-28.2,-12.6,12.6,0.0012,0.001
eurylochus,head.pitch,49,-5,-25.7,-12.6,12.6,0.0021,0.002
eurylochus,head.pitch,49.083,-5.8,-9.6,-12.6,12.6,0.0025,0.001
eurylochus,head.pitch,49.167,-5.5,3,-12.6,12.6,0.0023,0
eurylochus,head.pitch,49.25,-5.1,4.7,-12.6,12.6,0.0021,0
eurylochus,head.pitch,49.333,-4.7,6,-12.6,12.6,0.0019,0
eurylochus,head.pitch,49.417,-4.1,6.9,-12.6,12.6,0.0017,0
eurylochus,head.pitch,49.5,-3.4,7.6,-12.6,12.6,0.0014,0
eurylochus,head.pitch,49.583,-0.2,38.6,-12.6,12.6,0.0002,0
eurylochus,head.pitch,49.667,-0.2,-0.2,-12.6,12.6,0.0003,0
eurylochus,head.pitch,49.75,-0.2,0.7,-12.6,12.6,0.0001,0
eurylochus,head.pitch,49.833,-0.1,1.3,-12.6,12.6,0,0
eurylochus,head.pitch,49.917,0,1.6,-12.6,12.6,0,0
eurylochus,head.pitch,50,0.2,1.5,-12.6,12.6,0.0001,0
eurylochus,head.pitch,50.083,0.3,1.2,-12.6,12.6,0.0001,0
eurylochus,head.pitch,50.167,0.3,0.5,-12.6,12.6,0.0001,0
eurylochus,head.pitch,52,0.3,0,-12.6,12.6,0.0001,0
eurylochus,arm.R.pitch,0,0,0,-183.3,60.2,0,0
eurylochus,arm.R.pitch,11.75,-8.8,-105,-183.3,60.2,0.0058,0.021
eurylochus,arm.R.pitch,11.833,-15.9,-85.9,-183.3,60.2,0.0083,0.025
eurylochus,arm.R.pitch,11.917,-21.5,-66.8,-183.3,60.2,0.011,0.026
eurylochus,arm.R.pitch,12,-25.5,-47.7,-183.3,60.2,0.0129,0.022
eurylochus,arm.R.pitch,12.083,-27.9,-28.6,-183.3,60.2,0.014,0.014
eurylochus,arm.R.pitch,12.167,-28.6,-9.5,-183.3,60.2,0.0143,0.005
eurylochus,arm.R.pitch,12.25,-28.6,0,-183.3,60.2,0.0142,0
eurylochus,arm.R.pitch,36,-28.4,3,-183.3,60.2,0.0141,0.002
eurylochus,arm.R.pitch,36.083,-29.5,-12.8,-183.3,60.2,0.0147,0.007
eurylochus,arm.R.pitch,36.167,-27.6,22.6,-183.3,60.2,0.0141,0.011
eurylochus,arm.R.pitch,36.25,-15.4,146.4,-183.3,60.2,0.0094,0.048
eurylochus,arm.R.pitch,36.333,3.9,231.9,-183.3,60.2,0.0031,0.025
eurylochus,arm.R.pitch,36.417,20.8,202.2,-183.3,60.2,0.0108,0.077
eurylochus,arm.R.pitch,36.5,30.3,115,-183.3,60.2,0.016,0.065
eurylochus,arm.R.pitch,36.583,28,-27.7,-183.3,60.2,0.0156,0.016
eurylochus,arm.R.pitch,36.667,14.8,-158.3,-183.3,60.2,0.0092,0.051
eurylochus,arm.R.pitch,36.75,-2.2,-205.1,-183.3,60.2,0.0017,0.012
eurylochus,arm.R.pitch,36.833,-13.4,-133.7,-183.3,60.2,0.0077,0.036
eurylochus,arm.R.pitch,36.917,-11.2,26.1,-183.3,60.2,0.0077,0.007
eurylochus,arm.R.pitch,37,4.5,188.8,-183.3,60.2,0.0044,0.029
eurylochus,arm.R.pitch,37.083,26.1,259,-183.3,60.2,0.0138,0.125
eurylochus,arm.R.pitch,37.167,42,190.3,-183.3,60.2,0.0205,0.137
eurylochus,arm.R.pitch,37.25,43.6,19.1,-183.3,60.2,0.0224,0.016
eurylochus,arm.R.pitch,37.333,30.9,-152.5,-183.3,60.2,0.0172,0.092
eurylochus,arm.R.pitch,37.417,12.7,-218,-183.3,60.2,0.0073,0.056
eurylochus,arm.R.pitch,37.5,1.5,-134.8,-183.3,60.2,0.0018,0.008
eurylochus,arm.R.pitch,37.583,5.3,46.5,-183.3,60.2,0.005,0.008
eurylochus,arm.R.pitch,37.667,23.1,213.4,-183.3,60.2,0.0136,0.102
eurylochus,arm.R.pitch,37.75,45,263.1,-183.3,60.2,0.0214,0.198
eurylochus,arm.R.pitch,37.833,59,167.1,-183.3,60.2,0.0264,0.156
eurylochus,arm.R.pitch,37.917,57.9,-13.2,-183.3,60.2,0.0272,0.014
eurylochus,arm.R.pitch,38,43.8,-168.5,-183.3,60.2,0.0223,0.132
eurylochus,arm.R.pitch,38.083,26.3,-209.8,-183.3,60.2,0.0136,0.1
eurylochus,arm.R.pitch,38.167,22.8,-42.7,-183.3,60.2,0.0135,0.02
eurylochus,arm.R.pitch,38.25,28.5,68.6,-183.3,60.2,0.0154,0.037
eurylochus,arm.R.pitch,38.333,11.4,-205.2,-183.3,60.2,0.0093,0.066
eurylochus,arm.R.pitch,38.417,7.8,-43.4,-183.3,60.2,0.006,0.009
eurylochus,arm.R.pitch,38.5,8.5,8.2,-183.3,60.2,0.005,0.001
eurylochus,arm.R.pitch,38.583,7.5,-11.6,-183.3,60.2,0.0041,0.002
eurylochus,arm.R.pitch,38.667,0.5,-84,-183.3,60.2,0.0012,0.003
eurylochus,arm.R.pitch,38.75,-12.4,-154.9,-183.3,60.2,0.0072,0.039
eurylochus,arm.R.pitch,38.833,-20.6,-98.2,-183.3,60.2,0.0111,0.038
eurylochus,arm.R.pitch,38.917,-17.2,40.8,-183.3,60.2,0.0105,0.015
eurylochus,arm.R.pitch,39,-8.4,106,-183.3,60.2,0.0051,0.019
eurylochus,arm.R.pitch,39.083,-3.4,59.1,-183.3,60.2,0.0024,0.005
eurylochus,arm.R.pitch,39.167,-2.8,7.8,-183.3,60.2,0.0021,0.001
eurylochus,arm.R.pitch,39.25,45.1,574.3,-183.3,60.2,0.028,0.562
eurylochus,arm.R.pitch,39.333,60.2,181.1,-183.3,60.2,0.0305,0.195
eurylochus,arm.R.pitch,39.417,48.2,-143.3,-183.3,60.2,0.026,0.132
eurylochus,arm.R.pitch,39.5,20.1,-338,-183.3,60.2,0.0125,0.148
eurylochus,arm.R.pitch,39.583,-8.1,-338,-183.3,60.2,0.0042,0.049
eurylochus,arm.R.pitch,39.667,-20.9,-153.6,-183.3,60.2,0.0128,0.069
eurylochus,arm.R.pitch,39.75,39.2,721.9,-183.3,60.2,0.0296,0.748
eurylochus,arm.R.pitch,39.833,59.3,240.6,-183.3,60.2,0.0314,0.265
eurylochus,arm.R.pitch,39.917,34.5,-297.8,-183.3,60.2,0.0234,0.245
eurylochus,arm.R.pitch,40,16.8,-212.7,-183.3,60.2,0.0096,0.071
eurylochus,arm.R.pitch,40.083,6.1,-127.6,-183.3,60.2,0.0042,0.019
eurylochus,arm.R.pitch,40.167,2.6,-42.5,-183.3,60.2,0.0024,0.004
eurylochus,arm.R.pitch,40.25,4.5,23.5,-183.3,60.2,0.0032,0.003
eurylochus,arm.R.pitch,40.333,6.5,23.5,-183.3,60.2,0.0033,0.003
eurylochus,arm.R.pitch,40.417,8.5,23.5,-183.3,60.2,0.0043,0.004
eurylochus,arm.R.pitch,40.5,10.4,23.5,-183.3,60.2,0.0053,0.004
eurylochus,arm.R.pitch,40.583,12.4,23.5,-183.3,60.2,0.0063,0.005
eurylochus,arm.R.pitch,40.667,15.3,34.8,-183.3,60.2,0.0079,0.01
eurylochus,arm.R.pitch,40.75,22.5,87.1,-183.3,60.2,0.0119,0.037
eurylochus,arm.R.pitch,40.833,32,113.2,-183.3,60.2,0.0159,0.063
eurylochus,arm.R.pitch,40.917,41.4,113.2,-183.3,60.2,0.0195,0.078
eurylochus,arm.R.pitch,41,48.7,87.1,-183.3,60.2,0.0224,0.069
eurylochus,arm.R.pitch,41.083,51.6,34.8,-183.3,60.2,0.0237,0.03
eurylochus,arm.R.pitch,41.167,51.6,0,-183.3,60.2,0.0235,0.001
eurylochus,arm.R.pitch,41.667,57.4,69.6,-183.3,60.2,0.0257,0.064
eurylochus,arm.R.pitch,41.75,59.3,23.2,-183.3,60.2,0.0259,0.022
eurylochus,arm.R.pitch,41.833,30,-351.9,-183.3,60.2,0.0194,0.239
eurylochus,arm.R.pitch,41.917,9,-251.4,-183.3,60.2,0.0059,0.052
eurylochus,arm.R.pitch,42,-3.5,-150.8,-183.3,60.2,0.0031,0.016
eurylochus,arm.R.pitch,42.083,-7.7,-50.3,-183.3,60.2,0.0052,0.009
eurylochus,arm.R.pitch,42.167,-5.4,28.5,-183.3,60.2,0.0037,0.004
eurylochus,arm.R.pitch,42.25,-3,28.5,-183.3,60.2,0.0015,0.002
eurylochus,arm.R.pitch,42.333,-0.6,28.5,-183.3,60.2,0.0003,0
eurylochus,arm.R.pitch,42.417,1.8,28.5,-183.3,60.2,0.0009,0.001
eurylochus,arm.R.pitch,42.5,4.1,28.5,-183.3,60.2,0.0021,0.002
eurylochus,arm.R.pitch,42.583,7.6,42.2,-183.3,60.2,0.0041,0.006
eurylochus,arm.R.pitch,42.667,16.4,105.4,-183.3,60.2,0.0091,0.034
eurylochus,arm.R.pitch,42.75,27.8,137.1,-183.3,60.2,0.0141,0.068
eurylochus,arm.R.pitch,42.833,39.3,137.1,-183.3,60.2,0.0186,0.09
eurylochus,arm.R.pitch,42.917,48.1,105.4,-183.3,60.2,0.0223,0.083
eurylochus,arm.R.pitch,43,51.6,42.2,-183.3,60.2,0.0238,0.036
eurylochus,arm.R.pitch,43.083,51.6,0,-183.3,60.2,0.0236,0.001
eurylochus,arm.R.pitch,43.167,57.4,69.6,-183.3,60.2,0.0257,0.064
eurylochus,arm.R.pitch,43.25,59.3,23.2,-183.3,60.2,0.0259,0.022
eurylochus,arm.R.pitch,43.333,30,-351.9,-183.3,60.2,0.0194,0.239
eurylochus,arm.R.pitch,43.417,9,-251.4,-183.3,60.2,0.0059,0.052
eurylochus,arm.R.pitch,43.5,-3.5,-150.8,-183.3,60.2,0.0031,0.016
eurylochus,arm.R.pitch,43.583,-7.7,-50.3,-183.3,60.2,0.0052,0.009
eurylochus,arm.R.pitch,43.667,-5.4,28.5,-183.3,60.2,0.0037,0.004
eurylochus,arm.R.pitch,43.75,-3,28.5,-183.3,60.2,0.0015,0.002
eurylochus,arm.R.pitch,43.833,-0.6,28.5,-183.3,60.2,0.0003,0
eurylochus,arm.R.pitch,43.917,1.8,28.5,-183.3,60.2,0.0009,0.001
eurylochus,arm.R.pitch,44,4.1,28.5,-183.3,60.2,0.0021,0.002
eurylochus,arm.R.pitch,44.083,7.6,42.2,-183.3,60.2,0.0041,0.006
eurylochus,arm.R.pitch,44.167,16.4,105.4,-183.3,60.2,0.0091,0.034
eurylochus,arm.R.pitch,44.25,27.8,137.1,-183.3,60.2,0.0141,0.068
eurylochus,arm.R.pitch,44.333,39.3,137.1,-183.3,60.2,0.0186,0.09
eurylochus,arm.R.pitch,44.417,48.1,105.4,-183.3,60.2,0.0223,0.083
eurylochus,arm.R.pitch,44.5,51.6,42.2,-183.3,60.2,0.0238,0.036
eurylochus,arm.R.pitch,44.583,51.6,0,-183.3,60.2,0.0236,0.001
eurylochus,arm.R.pitch,45.667,57.4,69.6,-183.3,60.2,0.0257,0.064
eurylochus,arm.R.pitch,45.75,59.3,23.2,-183.3,60.2,0.0259,0.022
eurylochus,arm.R.pitch,45.833,34.5,-297.8,-183.3,60.2,0.0207,0.216
eurylochus,arm.R.pitch,45.917,16.8,-212.7,-183.3,60.2,0.0096,0.071
eurylochus,arm.R.pitch,46,6.1,-127.6,-183.3,60.2,0.0042,0.019
eurylochus,arm.R.pitch,46.083,2.6,-42.5,-183.3,60.2,0.0024,0.004
eurylochus,arm.R.pitch,46.167,4.5,23.5,-183.3,60.2,0.0032,0.003
eurylochus,arm.R.pitch,46.25,6.5,23.5,-183.3,60.2,0.0033,0.003
eurylochus,arm.R.pitch,46.333,8.5,23.5,-183.3,60.2,0.0043,0.004
eurylochus,arm.R.pitch,46.417,10.4,23.5,-183.3,60.2,0.0053,0.004
eurylochus,arm.R.pitch,46.5,12.4,23.5,-183.3,60.2,0.0063,0.005
eurylochus,arm.R.pitch,46.583,15.3,34.8,-183.3,60.2,0.0079,0.01
eurylochus,arm.R.pitch,46.667,22.5,87.1,-183.3,60.2,0.0119,0.037
eurylochus,arm.R.pitch,46.75,32,113.2,-183.3,60.2,0.0159,0.063
eurylochus,arm.R.pitch,46.833,41.4,113.2,-183.3,60.2,0.0195,0.078
eurylochus,arm.R.pitch,46.917,48.7,87.1,-183.3,60.2,0.0224,0.069
eurylochus,arm.R.pitch,47,51.6,34.8,-183.3,60.2,0.0237,0.03
eurylochus,arm.R.pitch,47.083,51.6,0,-183.3,60.2,0.0235,0.001
eurylochus,arm.R.pitch,47.833,57.4,69.6,-183.3,60.2,0.0257,0.064
eurylochus,arm.R.pitch,47.917,59.3,23.2,-183.3,60.2,0.0259,0.022
eurylochus,arm.R.pitch,48,30,-351.9,-183.3,60.2,0.0194,0.239
eurylochus,arm.R.pitch,48.083,9,-251.4,-183.3,60.2,0.0059,0.052
eurylochus,arm.R.pitch,48.167,-3.5,-150.8,-183.3,60.2,0.0031,0.016
eurylochus,arm.R.pitch,48.25,-7.7,-50.3,-183.3,60.2,0.0052,0.009
eurylochus,arm.R.pitch,48.333,-5.4,28.5,-183.3,60.2,0.0037,0.004
eurylochus,arm.R.pitch,48.417,-3,28.5,-183.3,60.2,0.0015,0.002
eurylochus,arm.R.pitch,48.5,-0.6,28.5,-183.3,60.2,0.0003,0
eurylochus,arm.R.pitch,48.583,1.8,28.5,-183.3,60.2,0.0009,0.001
eurylochus,arm.R.pitch,48.667,4.1,28.5,-183.3,60.2,0.0021,0.002
eurylochus,arm.R.pitch,48.75,7.6,42.1,-183.3,60.2,0.0041,0.006
eurylochus,arm.R.pitch,48.833,46.4,465,-183.3,60.2,0.0266,0.433
eurylochus,arm.R.pitch,48.917,59.3,155,-183.3,60.2,0.0292,0.16
eurylochus,arm.R.pitch,49,30,-351.9,-183.3,60.2,0.0211,0.26
eurylochus,arm.R.pitch,49.083,9,-251.4,-183.3,60.2,0.0059,0.052
eurylochus,arm.R.pitch,49.167,-3.5,-150.8,-183.3,60.2,0.0031,0.016
eurylochus,arm.R.pitch,49.25,-7.7,-50.3,-183.3,60.2,0.0052,0.009
eurylochus,arm.R.pitch,49.333,-5.4,28.5,-183.3,60.2,0.0037,0.004
eurylochus,arm.R.pitch,49.417,-3,28.5,-183.3,60.2,0.0015,0.002
eurylochus,arm.R.pitch,49.5,-0.6,28.5,-183.3,60.2,0.0003,0
eurylochus,arm.R.pitch,49.583,1.8,28.5,-183.3,60.2,0.0009,0.001
eurylochus,arm.R.pitch,49.667,4.1,28.5,-183.3,60.2,0.0021,0.002
eurylochus,arm.R.pitch,49.75,7.6,42.2,-183.3,60.2,0.0041,0.006
eurylochus,arm.R.pitch,49.833,16.4,105.4,-183.3,60.2,0.0091,0.034
eurylochus,arm.R.pitch,49.917,27.8,137.1,-183.3,60.2,0.0141,0.068
eurylochus,arm.R.pitch,50,39.3,137.1,-183.3,60.2,0.0186,0.09
eurylochus,arm.R.pitch,50.083,48.1,105.4,-183.3,60.2,0.0223,0.083
eurylochus,arm.R.pitch,50.167,51.6,42.2,-183.3,60.2,0.0238,0.036
eurylochus,arm.R.pitch,50.25,51.6,0,-183.3,60.2,0.0236,0.001
eurylochus,arm.R.pitch,52,51.6,0,-183.3,60.2,0.0231,0.001
eurylochus,arm.R.out,0,0,0,-11.5,31.5,0,0
eurylochus,arm.R.out,38.167,1.4,16.8,-11.5,31.5,0.0009,0.001
eurylochus,arm.R.out,38.25,2.5,13.8,-11.5,31.5,0.0013,0.001
eurylochus,arm.R.out,38.333,3.4,10.7,-11.5,31.5,0.0018,0.001
eurylochus,arm.R.out,38.417,4.1,7.6,-11.5,31.5,0.0021,0.001
eurylochus,arm.R.out,38.5,4.5,4.6,-11.5,31.5,0.0023,0
eurylochus,arm.R.out,38.583,4.6,1.5,-11.5,31.5,0.0024,0
eurylochus,arm.R.out,38.667,4.5,-0.7,-11.5,31.5,0.0024,0
eurylochus,arm.R.out,38.75,4.4,-1.7,-11.5,31.5,0.0023,0
eurylochus,arm.R.out,38.833,4.2,-2.4,-11.5,31.5,0.0022,0
eurylochus,arm.R.out,38.917,4,-2.6,-11.5,31.5,0.002,0
eurylochus,arm.R.out,39,3.8,-2.4,-11.5,31.5,0.0019,0
eurylochus,arm.R.out,39.083,3.6,-1.7,-11.5,31.5,0.0019,0
eurylochus,arm.R.out,39.167,3.6,-0.7,-11.5,31.5,0.0019,0
eurylochus,arm.R.out,39.25,3.7,1.3,-11.5,31.5,0.0019,0
eurylochus,arm.R.out,39.333,4,3.2,-11.5,31.5,0.0021,0
eurylochus,arm.R.out,39.417,4.3,4.2,-11.5,31.5,0.0022,0
eurylochus,arm.R.out,39.5,4.7,4.2,-11.5,31.5,0.0024,0
eurylochus,arm.R.out,39.583,4.9,3.2,-11.5,31.5,0.0025,0
eurylochus,arm.R.out,39.667,5,1.3,-11.5,31.5,0.0026,0
eurylochus,arm.R.out,39.75,8.5,42,-11.5,31.5,0.0049,0.007
eurylochus,arm.R.out,39.833,11.4,34.4,-11.5,31.5,0.0059,0.007
eurylochus,arm.R.out,39.917,13.6,26.7,-11.5,31.5,0.007,0.007
eurylochus,arm.R.out,40,15.2,19.1,-11.5,31.5,0.0078,0.005
eurylochus,arm.R.out,40.083,16.2,11.5,-11.5,31.5,0.0083,0.003
eurylochus,arm.R.out,40.167,16.5,3.8,-11.5,31.5,0.0085,0.001
eurylochus,arm.R.out,40.25,15.7,-9.9,-11.5,31.5,0.0081,0.003
eurylochus,arm.R.out,40.333,14.9,-9.9,-11.5,31.5,0.0075,0.003
eurylochus,arm.R.out,40.417,14,-9.9,-11.5,31.5,0.0071,0.003
eurylochus,arm.R.out,40.5,13.2,-9.9,-11.5,31.5,0.0067,0.002
eurylochus,arm.R.out,40.583,12.4,-9.9,-11.5,31.5,0.0063,0.002
eurylochus,arm.R.out,40.667,11.5,-11,-11.5,31.5,0.0059,0.002
eurylochus,arm.R.out,40.75,9.2,-27.5,-11.5,31.5,0.0049,0.005
eurylochus,arm.R.out,40.833,6.2,-35.8,-11.5,31.5,0.0033,0.004
eurylochus,arm.R.out,40.917,3.2,-35.8,-11.5,31.5,0.0016,0.002
eurylochus,arm.R.out,41,0.9,-27.5,-11.5,31.5,0.0006,0.001
eurylochus,arm.R.out,41.083,0,-11,-11.5,31.5,0.0002,0
eurylochus,arm.R.out,41.167,0,0,-11.5,31.5,0.0001,0
eurylochus,arm.R.out,41.667,1.3,15.1,-11.5,31.5,0.0008,0
eurylochus,arm.R.out,41.75,2.3,12.4,-11.5,31.5,0.0012,0.001
eurylochus,arm.R.out,41.833,3.1,9.6,-11.5,31.5,0.0016,0.001
eurylochus,arm.R.out,41.917,3.7,6.9,-11.5,31.5,0.0019,0
eurylochus,arm.R.out,42,4,4.1,-11.5,31.5,0.0021,0
eurylochus,arm.R.out,42.083,4.1,1.4,-11.5,31.5,0.0022,0
eurylochus,arm.R.out,42.167,3.9,-2.5,-11.5,31.5,0.0021,0
eurylochus,arm.R.out,42.25,3.7,-2.5,-11.5,31.5,0.0019,0
eurylochus,arm.R.out,42.333,3.5,-2.5,-11.5,31.5,0.0018,0
eurylochus,arm.R.out,42.417,3.3,-2.5,-11.5,31.5,0.0017,0
eurylochus,arm.R.out,42.5,3.1,-2.5,-11.5,31.5,0.0016,0
eurylochus,arm.R.out,42.583,2.9,-2.8,-11.5,31.5,0.0015,0
eurylochus,arm.R.out,42.667,2.3,-6.9,-11.5,31.5,0.0012,0
eurylochus,arm.R.out,42.75,1.5,-8.9,-11.5,31.5,0.0008,0
eurylochus,arm.R.out,42.833,0.8,-8.9,-11.5,31.5,0.0004,0
eurylochus,arm.R.out,42.917,0.2,-6.9,-11.5,31.5,0.0001,0
eurylochus,arm.R.out,43,0,-2.8,-11.5,31.5,0.0001,0
eurylochus,arm.R.out,43.083,0,0,-11.5,31.5,0,0
eurylochus,arm.R.out,43.167,1.3,15.1,-11.5,31.5,0.0008,0
eurylochus,arm.R.out,43.25,2.3,12.4,-11.5,31.5,0.0012,0.001
eurylochus,arm.R.out,43.333,3.1,9.6,-11.5,31.5,0.0016,0.001
eurylochus,arm.R.out,43.417,3.7,6.9,-11.5,31.5,0.0019,0
eurylochus,arm.R.out,43.5,4,4.1,-11.5,31.5,0.0021,0
eurylochus,arm.R.out,43.583,4.1,1.4,-11.5,31.5,0.0022,0
eurylochus,arm.R.out,43.667,3.9,-2.5,-11.5,31.5,0.0021,0
eurylochus,arm.R.out,43.75,3.7,-2.5,-11.5,31.5,0.0019,0
eurylochus,arm.R.out,43.833,3.5,-2.5,-11.5,31.5,0.0018,0
eurylochus,arm.R.out,43.917,3.3,-2.5,-11.5,31.5,0.0017,0
eurylochus,arm.R.out,44,3.1,-2.5,-11.5,31.5,0.0016,0
eurylochus,arm.R.out,44.083,2.9,-2.8,-11.5,31.5,0.0015,0
eurylochus,arm.R.out,44.167,2.3,-6.9,-11.5,31.5,0.0012,0
eurylochus,arm.R.out,44.25,1.5,-8.9,-11.5,31.5,0.0008,0
eurylochus,arm.R.out,44.333,0.8,-8.9,-11.5,31.5,0.0004,0
eurylochus,arm.R.out,44.417,0.2,-6.9,-11.5,31.5,0.0001,0
eurylochus,arm.R.out,44.5,0,-2.8,-11.5,31.5,0.0001,0
eurylochus,arm.R.out,44.583,0,0,-11.5,31.5,0,0
eurylochus,arm.R.out,45.667,5,60.5,-11.5,31.5,0.0033,0.007
eurylochus,arm.R.out,45.75,9.2,49.5,-11.5,31.5,0.0048,0.008
eurylochus,arm.R.out,45.833,12.4,38.5,-11.5,31.5,0.0064,0.009
eurylochus,arm.R.out,45.917,14.7,27.5,-11.5,31.5,0.0076,0.007
eurylochus,arm.R.out,46,16,16.5,-11.5,31.5,0.0083,0.005
eurylochus,arm.R.out,46.083,16.5,5.5,-11.5,31.5,0.0085,0.002
eurylochus,arm.R.out,46.167,15.7,-9.9,-11.5,31.5,0.0081,0.003
eurylochus,arm.R.out,46.25,14.9,-9.9,-11.5,31.5,0.0075,0.003
eurylochus,arm.R.out,46.333,14,-9.9,-11.5,31.5,0.0071,0.003
eurylochus,arm.R.out,46.417,13.2,-9.9,-11.5,31.5,0.0067,0.002
eurylochus,arm.R.out,46.5,12.4,-9.9,-11.5,31.5,0.0063,0.002
eurylochus,arm.R.out,46.583,11.5,-11,-11.5,31.5,0.0059,0.002
eurylochus,arm.R.out,46.667,9.2,-27.5,-11.5,31.5,0.0049,0.005
eurylochus,arm.R.out,46.75,6.2,-35.8,-11.5,31.5,0.0033,0.004
eurylochus,arm.R.out,46.833,3.2,-35.8,-11.5,31.5,0.0016,0.002
eurylochus,arm.R.out,46.917,0.9,-27.5,-11.5,31.5,0.0006,0.001
eurylochus,arm.R.out,47,0,-11,-11.5,31.5,0.0002,0
eurylochus,arm.R.out,47.083,0,0,-11.5,31.5,0.0001,0
eurylochus,arm.R.out,47.833,1.3,15.1,-11.5,31.5,0.0008,0
eurylochus,arm.R.out,47.917,2.3,12.4,-11.5,31.5,0.0012,0.001
eurylochus,arm.R.out,48,3.1,9.6,-11.5,31.5,0.0016,0.001
eurylochus,arm.R.out,48.083,3.7,6.9,-11.5,31.5,0.0019,0
eurylochus,arm.R.out,48.167,4,4.1,-11.5,31.5,0.0021,0
eurylochus,arm.R.out,48.25,4.1,1.4,-11.5,31.5,0.0022,0
eurylochus,arm.R.out,48.333,3.9,-2.5,-11.5,31.5,0.0021,0
eurylochus,arm.R.out,48.417,3.7,-2.5,-11.5,31.5,0.0019,0
eurylochus,arm.R.out,48.5,3.5,-2.5,-11.5,31.5,0.0018,0
eurylochus,arm.R.out,48.583,3.3,-2.5,-11.5,31.5,0.0017,0
eurylochus,arm.R.out,48.667,3.1,-2.5,-11.5,31.5,0.0016,0
eurylochus,arm.R.out,48.75,2.9,-2.8,-11.5,31.5,0.0015,0
eurylochus,arm.R.out,48.833,3.2,4.6,-11.5,31.5,0.0018,0
eurylochus,arm.R.out,48.917,3.6,3.8,-11.5,31.5,0.0018,0
eurylochus,arm.R.out,49,3.8,2.9,-11.5,31.5,0.002,0
eurylochus,arm.R.out,49.083,4,2.1,-11.5,31.5,0.0021,0
eurylochus,arm.R.out,49.167,4.1,1.3,-11.5,31.5,0.0021,0
eurylochus,arm.R.out,49.25,4.1,0.4,-11.5,31.5,0.0021,0
eurylochus,arm.R.out,49.333,3.9,-2.5,-11.5,31.5,0.002,0
eurylochus,arm.R.out,49.417,3.7,-2.5,-11.5,31.5,0.0019,0
eurylochus,arm.R.out,49.5,3.5,-2.5,-11.5,31.5,0.0018,0
eurylochus,arm.R.out,49.583,3.3,-2.5,-11.5,31.5,0.0017,0
eurylochus,arm.R.out,49.667,3.1,-2.5,-11.5,31.5,0.0016,0
eurylochus,arm.R.out,49.75,2.9,-2.8,-11.5,31.5,0.0015,0
eurylochus,arm.R.out,49.833,2.3,-6.9,-11.5,31.5,0.0012,0
eurylochus,arm.R.out,49.917,1.5,-8.9,-11.5,31.5,0.0008,0
eurylochus,arm.R.out,50,0.8,-8.9,-11.5,31.5,0.0004,0
eurylochus,arm.R.out,50.083,0.2,-6.9,-11.5,31.5,0.0001,0
eurylochus,arm.R.out,50.167,0,-2.8,-11.5,31.5,0.0001,0
eurylochus,arm.R.out,50.25,0,0,-11.5,31.5,0,0
eurylochus,arm.R.out,52,0,0,-11.5,31.5,0,0
eurylochus,arm.L.pitch,0,0,0,-183.3,60.2,0,0
eurylochus,arm.L.pitch,11.75,-8.8,-105,-183.3,60.2,0.0058,0.021
eurylochus,arm.L.pitch,11.833,-15.9,-85.9,-183.3,60.2,0.0083,0.025
eurylochus,arm.L.pitch,11.917,-21.5,-66.8,-183.3,60.2,0.011,0.026
eurylochus,arm.L.pitch,12,-25.5,-47.7,-183.3,60.2,0.0129,0.022
eurylochus,arm.L.pitch,12.083,-27.9,-28.6,-183.3,60.2,0.014,0.014
eurylochus,arm.L.pitch,12.167,-28.6,-9.5,-183.3,60.2,0.0143,0.005
eurylochus,arm.L.pitch,12.25,-28.6,0,-183.3,60.2,0.0142,0
eurylochus,arm.L.pitch,36,-22.9,68.3,-183.3,60.2,0.0123,0.03
eurylochus,arm.L.pitch,36.083,-7.7,182.9,-183.3,60.2,0.0054,0.034
eurylochus,arm.L.pitch,36.167,7.3,180.2,-183.3,60.2,0.0038,0.024
eurylochus,arm.L.pitch,36.25,9.3,23.2,-183.3,60.2,0.0067,0.006
eurylochus,arm.L.pitch,36.333,-4.2,-161.6,-183.3,60.2,0.0045,0.025
eurylochus,arm.L.pitch,36.417,-21.2,-203.6,-183.3,60.2,0.0112,0.08
eurylochus,arm.L.pitch,36.5,-30.9,-116.6,-183.3,60.2,0.0162,0.066
eurylochus,arm.L.pitch,36.583,-28.7,26,-183.3,60.2,0.0159,0.015
eurylochus,arm.L.pitch,36.667,-15.7,156.4,-183.3,60.2,0.0096,0.053
eurylochus,arm.L.pitch,36.75,1.2,203,-183.3,60.2,0.0012,0.009
eurylochus,arm.L.pitch,36.833,12.2,131.5,-183.3,60.2,0.0071,0.033
eurylochus,arm.L.pitch,36.917,9.8,-28.4,-183.3,60.2,0.007,0.007
eurylochus,arm.L.pitch,37,-6.1,-191.2,-183.3,60.2,0.0052,0.035
eurylochus,arm.L.pitch,37.083,-27.9,-261.5,-183.3,60.2,0.0147,0.134
eurylochus,arm.L.pitch,37.167,-44,-192.9,-183.3,60.2,0.0213,0.144
eurylochus,arm.L.pitch,37.25,-45.8,-21.7,-183.3,60.2,0.0232,0.019
eurylochus,arm.L.pitch,37.333,-33.3,149.9,-183.3,60.2,0.0183,0.096
eurylochus,arm.L.pitch,37.417,-15.4,215.3,-183.3,60.2,0.0086,0.065
eurylochus,arm.L.pitch,37.5,-4.3,132.1,-183.3,60.2,0.0033,0.015
eurylochus,arm.L.pitch,37.583,-8.4,-49.2,-183.3,60.2,0.0066,0.011
eurylochus,arm.L.pitch,37.667,-26.4,-216.1,-183.3,60.2,0.0152,0.115
eurylochus,arm.L.pitch,37.75,-48.6,-265.7,-183.3,60.2,0.0227,0.212
eurylochus,arm.L.pitch,37.833,-62.7,-169.7,-183.3,60.2,0.0274,0.164
eurylochus,arm.L.pitch,37.917,-61.8,10.7,-183.3,60.2,0.0282,0.012
eurylochus,arm.L.pitch,38,-48,166,-183.3,60.2,0.0238,0.139
eurylochus,arm.L.pitch,38.083,-30.7,207.4,-183.3,60.2,0.0156,0.113
eurylochus,arm.L.pitch,38.167,-14.5,195.1,-183.3,60.2,0.0075,0.051
eurylochus,arm.L.pitch,38.25,-16.1,-19.2,-183.3,60.2,0.0108,0.007
eurylochus,arm.L.pitch,38.333,-64.3,-578.9,-183.3,60.2,0.0336,0.68
eurylochus,arm.L.pitch,38.417,-107.4,-517.1,-183.3,60.2,0.0289,0.523
eurylochus,arm.L.pitch,38.5,-136.1,-345.1,-183.3,60.2,0.0226,0.273
eurylochus,arm.L.pitch,38.583,-144.6,-101.6,-183.3,60.2,0.0201,0.072
eurylochus,arm.L.pitch,38.667,-136.4,98,-183.3,60.2,0.0228,0.079
eurylochus,arm.L.pitch,38.75,-120.3,193.3,-183.3,60.2,0.0266,0.181
eurylochus,arm.L.pitch,38.833,-107.7,151.4,-183.3,60.2,0.0286,0.153
eurylochus,arm.L.pitch,38.917,-106.3,17.4,-183.3,60.2,0.0299,0.02
eurylochus,arm.L.pitch,39,-110.6,-52.4,-183.3,60.2,0.0284,0.054
eurylochus,arm.L.pitch,39.083,-112.3,-19.7,-183.3,60.2,0.0276,0.021
eurylochus,arm.L.pitch,39.167,-111.7,7.5,-183.3,60.2,0.0277,0.009
eurylochus,arm.L.pitch,39.25,-63.8,574.3,-183.3,60.2,0.0335,0.674
eurylochus,arm.L.pitch,39.333,-47.8,191.4,-183.3,60.2,0.0266,0.179
eurylochus,arm.L.pitch,39.417,-83.7,-430.1,-183.3,60.2,0.0371,0.559
eurylochus,arm.L.pitch,39.5,-109.3,-307.2,-183.3,60.2,0.0293,0.316
eurylochus,arm.L.pitch,39.583,-124.7,-184.3,-183.3,60.2,0.0258,0.167
eurylochus,arm.L.pitch,39.667,-129.8,-61.4,-183.3,60.2,0.0242,0.053
eurylochus,arm.L.pitch,39.75,-126.9,34.8,-183.3,60.2,0.0248,0.031
eurylochus,arm.L.pitch,39.833,-124,34.8,-183.3,60.2,0.0244,0.031
eurylochus,arm.L.pitch,39.917,-121.1,34.8,-183.3,60.2,0.0252,0.032
eurylochus,arm.L.pitch,40,-118.2,34.8,-183.3,60.2,0.0259,0.033
eurylochus,arm.L.pitch,40.083,-115.3,34.8,-183.3,60.2,0.0266,0.034
eurylochus,arm.L.pitch,40.167,-111,51.5,-183.3,60.2,0.0277,0.051
eurylochus,arm.L.pitch,40.25,-100.2,128.9,-183.3,60.2,0.0299,0.136
eurylochus,arm.L.pitch,40.333,-86.3,167.5,-183.3,60.2,0.0299,0.176
eurylochus,arm.L.pitch,40.417,-72.3,167.5,-183.3,60.2,0.028,0.166
eurylochus,arm.L.pitch,40.5,-61.6,128.9,-183.3,60.2,0.0264,0.12
eurylochus,arm.L.pitch,40.583,-57.3,51.5,-183.3,60.2,0.0257,0.048
eurylochus,arm.L.pitch,40.667,-57.3,0,-183.3,60.2,0.0254,0.001
eurylochus,arm.L.pitch,41.667,-51.5,69.6,-183.3,60.2,0.0239,0.059
eurylochus,arm.L.pitch,41.75,-49.6,23.2,-183.3,60.2,0.023,0.02
eurylochus,arm.L.pitch,41.833,-78.9,-351.9,-183.3,60.2,0.0336,0.415
eurylochus,arm.L.pitch,41.917,-99.8,-251.4,-183.3,60.2,0.0303,0.267
eurylochus,arm.L.pitch,42,-112.4,-150.8,-183.3,60.2,0.0285,0.152
eurylochus,arm.L.pitch,42.083,-116.6,-50.3,-183.3,60.2,0.0276,0.05
eurylochus,arm.L.pitch,42.167,-114.2,28.5,-183.3,60.2,0.0278,0.029
eurylochus,arm.L.pitch,42.25,-111.9,28.5,-183.3,60.2,0.0273,0.029
eurylochus,arm.L.pitch,42.333,-109.5,28.5,-183.3,60.2,0.0277,0.029
eurylochus,arm.L.pitch,42.417,-107.1,28.5,-183.3,60.2,0.0281,0.03
eurylochus,arm.L.pitch,42.5,-104.7,28.5,-183.3,60.2,0.0285,0.03
eurylochus,arm.L.pitch,42.583,-101.2,42.2,-183.3,60.2,0.029,0.044
eurylochus,arm.L.pitch,42.667,-92.4,105.4,-183.3,60.2,0.0302,0.113
eurylochus,arm.L.pitch,42.75,-81,137.1,-183.3,60.2,0.0295,0.143
eurylochus,arm.L.pitch,42.833,-69.6,137.1,-183.3,60.2,0.0276,0.133
eurylochus,arm.L.pitch,42.917,-60.8,105.4,-183.3,60.2,0.0261,0.097
eurylochus,arm.L.pitch,43,-57.3,42.2,-183.3,60.2,0.0256,0.039
eurylochus,arm.L.pitch,43.083,-57.3,0,-183.3,60.2,0.0253,0.001
eurylochus,arm.L.pitch,43.167,-51.5,69.6,-183.3,60.2,0.0239,0.059
eurylochus,arm.L.pitch,43.25,-49.6,23.2,-183.3,60.2,0.023,0.02
eurylochus,arm.L.pitch,43.333,-78.9,-351.9,-183.3,60.2,0.0336,0.415
eurylochus,arm.L.pitch,43.417,-99.8,-251.4,-183.3,60.2,0.0303,0.267
eurylochus,arm.L.pitch,43.5,-112.4,-150.8,-183.3,60.2,0.0285,0.152
eurylochus,arm.L.pitch,43.583,-116.6,-50.3,-183.3,60.2,0.0276,0.05
eurylochus,arm.L.pitch,43.667,-114.2,28.5,-183.3,60.2,0.0278,0.029
eurylochus,arm.L.pitch,43.75,-111.9,28.5,-183.3,60.2,0.0273,0.029
eurylochus,arm.L.pitch,43.833,-109.5,28.5,-183.3,60.2,0.0277,0.029
eurylochus,arm.L.pitch,43.917,-107.1,28.5,-183.3,60.2,0.0281,0.03
eurylochus,arm.L.pitch,44,-104.7,28.5,-183.3,60.2,0.0285,0.03
eurylochus,arm.L.pitch,44.083,-101.2,42.2,-183.3,60.2,0.029,0.044
eurylochus,arm.L.pitch,44.167,-92.4,105.4,-183.3,60.2,0.0302,0.113
eurylochus,arm.L.pitch,44.25,-81,137.1,-183.3,60.2,0.0295,0.143
eurylochus,arm.L.pitch,44.333,-69.6,137.1,-183.3,60.2,0.0276,0.133
eurylochus,arm.L.pitch,44.417,-60.8,105.4,-183.3,60.2,0.0261,0.097
eurylochus,arm.L.pitch,44.5,-57.3,42.2,-183.3,60.2,0.0256,0.039
eurylochus,arm.L.pitch,44.583,-57.3,0,-183.3,60.2,0.0253,0.001
eurylochus,arm.L.pitch,47.833,-51.5,69.6,-183.3,60.2,0.0239,0.059
eurylochus,arm.L.pitch,47.917,-49.6,23.2,-183.3,60.2,0.023,0.02
eurylochus,arm.L.pitch,48,-78.9,-351.9,-183.3,60.2,0.0336,0.415
eurylochus,arm.L.pitch,48.083,-99.8,-251.4,-183.3,60.2,0.0303,0.267
eurylochus,arm.L.pitch,48.167,-112.4,-150.8,-183.3,60.2,0.0285,0.152
eurylochus,arm.L.pitch,48.25,-116.6,-50.3,-183.3,60.2,0.0276,0.05
eurylochus,arm.L.pitch,48.333,-114.2,28.5,-183.3,60.2,0.0278,0.029
eurylochus,arm.L.pitch,48.417,-111.9,28.5,-183.3,60.2,0.0273,0.029
eurylochus,arm.L.pitch,48.5,-109.5,28.5,-183.3,60.2,0.0277,0.029
eurylochus,arm.L.pitch,48.583,-107.1,28.5,-183.3,60.2,0.0281,0.03
eurylochus,arm.L.pitch,48.667,-104.7,28.5,-183.3,60.2,0.0285,0.03
eurylochus,arm.L.pitch,48.75,-101.2,42.1,-183.3,60.2,0.029,0.044
eurylochus,arm.L.pitch,48.833,-62.5,465,-183.3,60.2,0.0314,0.512
eurylochus,arm.L.pitch,48.917,-49.6,155,-183.3,60.2,0.0263,0.144
eurylochus,arm.L.pitch,49,-78.9,-351.9,-183.3,60.2,0.0352,0.436
eurylochus,arm.L.pitch,49.083,-99.8,-251.4,-183.3,60.2,0.0303,0.267
eurylochus,arm.L.pitch,49.167,-112.4,-150.8,-183.3,60.2,0.0285,0.152
eurylochus,arm.L.pitch,49.25,-116.6,-50.3,-183.3,60.2,0.0276,0.05
eurylochus,arm.L.pitch,49.333,-114.2,28.5,-183.3,60.2,0.0278,0.029
eurylochus,arm.L.pitch,49.417,-111.9,28.5,-183.3,60.2,0.0273,0.029
eurylochus,arm.L.pitch,49.5,-109.5,28.5,-183.3,60.2,0.0277,0.029
eurylochus,arm.L.pitch,49.583,-107.1,28.5,-183.3,60.2,0.0281,0.03
eurylochus,arm.L.pitch,49.667,-104.7,28.5,-183.3,60.2,0.0285,0.03
eurylochus,arm.L.pitch,49.75,-101.2,42.2,-183.3,60.2,0.029,0.044
eurylochus,arm.L.pitch,49.833,-92.4,105.4,-183.3,60.2,0.0302,0.113
eurylochus,arm.L.pitch,49.917,-81,137.1,-183.3,60.2,0.0295,0.143
eurylochus,arm.L.pitch,50,-69.6,137.1,-183.3,60.2,0.0276,0.133
eurylochus,arm.L.pitch,50.083,-60.8,105.4,-183.3,60.2,0.0261,0.097
eurylochus,arm.L.pitch,50.167,-57.3,42.2,-183.3,60.2,0.0256,0.039
eurylochus,arm.L.pitch,50.25,-57.3,0,-183.3,60.2,0.0253,0.001
eurylochus,arm.L.pitch,52,-57.3,0,-183.3,60.2,0.0248,0.001
eurylochus,arm.L.out,0,0,0,-11.5,31.5,0,0
eurylochus,arm.L.out,38.167,1.4,16.8,-11.5,31.5,0.0009,0.001
eurylochus,arm.L.out,38.25,2.5,13.8,-11.5,31.5,0.0013,0.001
eurylochus,arm.L.out,38.333,3.4,10.7,-11.5,31.5,0.0018,0.001
eurylochus,arm.L.out,38.417,4.1,7.6,-11.5,31.5,0.0021,0.001
eurylochus,arm.L.out,38.5,4.5,4.6,-11.5,31.5,0.0023,0
eurylochus,arm.L.out,38.583,4.6,1.5,-11.5,31.5,0.0024,0
eurylochus,arm.L.out,38.667,4.5,-0.7,-11.5,31.5,0.0024,0
eurylochus,arm.L.out,38.75,4.4,-1.7,-11.5,31.5,0.0023,0
eurylochus,arm.L.out,38.833,4.2,-2.4,-11.5,31.5,0.0022,0
eurylochus,arm.L.out,38.917,4,-2.6,-11.5,31.5,0.002,0
eurylochus,arm.L.out,39,3.8,-2.4,-11.5,31.5,0.0019,0
eurylochus,arm.L.out,39.083,3.6,-1.7,-11.5,31.5,0.0019,0
eurylochus,arm.L.out,39.167,3.6,-0.7,-11.5,31.5,0.0019,0
eurylochus,arm.L.out,39.25,4,5.4,-11.5,31.5,0.0021,0
eurylochus,arm.L.out,39.333,4.4,4.4,-11.5,31.5,0.0023,0
eurylochus,arm.L.out,39.417,4.7,3.4,-11.5,31.5,0.0024,0
eurylochus,arm.L.out,39.5,4.9,2.4,-11.5,31.5,0.0025,0
eurylochus,arm.L.out,39.583,5,1.5,-11.5,31.5,0.0026,0
eurylochus,arm.L.out,39.667,5,0.5,-11.5,31.5,0.0026,0
eurylochus,arm.L.out,39.75,4.8,-3,-11.5,31.5,0.0025,0
eurylochus,arm.L.out,39.833,4.5,-3,-11.5,31.5,0.0023,0
eurylochus,arm.L.out,39.917,4.3,-3,-11.5,31.5,0.0022,0
eurylochus,arm.L.out,40,4,-3,-11.5,31.5,0.0021,0
eurylochus,arm.L.out,40.083,3.8,-3,-11.5,31.5,0.0019,0
eurylochus,arm.L.out,40.167,3.5,-3.4,-11.5,31.5,0.0018,0
eurylochus,arm.L.out,40.25,2.8,-8.4,-11.5,31.5,0.0015,0
eurylochus,arm.L.out,40.333,1.9,-10.9,-11.5,31.5,0.001,0
eurylochus,arm.L.out,40.417,1,-10.9,-11.5,31.5,0.0005,0
eurylochus,arm.L.out,40.5,0.3,-8.4,-11.5,31.5,0.0002,0
eurylochus,arm.L.out,40.583,0,-3.4,-11.5,31.5,0.0001,0
eurylochus,arm.L.out,40.667,0,0,-11.5,31.5,0,0
eurylochus,arm.L.out,41.667,1.3,15.1,-11.5,31.5,0.0008,0
eurylochus,arm.L.out,41.75,2.3,12.4,-11.5,31.5,0.0012,0.001
eurylochus,arm.L.out,41.833,3.1,9.6,-11.5,31.5,0.0016,0.001
eurylochus,arm.L.out,41.917,3.7,6.9,-11.5,31.5,0.0019,0
eurylochus,arm.L.out,42,4,4.1,-11.5,31.5,0.0021,0
eurylochus,arm.L.out,42.083,4.1,1.4,-11.5,31.5,0.0022,0
eurylochus,arm.L.out,42.167,3.9,-2.5,-11.5,31.5,0.0021,0
eurylochus,arm.L.out,42.25,3.7,-2.5,-11.5,31.5,0.0019,0
eurylochus,arm.L.out,42.333,3.5,-2.5,-11.5,31.5,0.0018,0
eurylochus,arm.L.out,42.417,3.3,-2.5,-11.5,31.5,0.0017,0
eurylochus,arm.L.out,42.5,3.1,-2.5,-11.5,31.5,0.0016,0
eurylochus,arm.L.out,42.583,2.9,-2.8,-11.5,31.5,0.0015,0
eurylochus,arm.L.out,42.667,2.3,-6.9,-11.5,31.5,0.0012,0
eurylochus,arm.L.out,42.75,1.5,-8.9,-11.5,31.5,0.0008,0
eurylochus,arm.L.out,42.833,0.8,-8.9,-11.5,31.5,0.0004,0
eurylochus,arm.L.out,42.917,0.2,-6.9,-11.5,31.5,0.0001,0
eurylochus,arm.L.out,43,0,-2.8,-11.5,31.5,0.0001,0
eurylochus,arm.L.out,43.083,0,0,-11.5,31.5,0,0
eurylochus,arm.L.out,43.167,1.3,15.1,-11.5,31.5,0.0008,0
eurylochus,arm.L.out,43.25,2.3,12.4,-11.5,31.5,0.0012,0.001
eurylochus,arm.L.out,43.333,3.1,9.6,-11.5,31.5,0.0016,0.001
eurylochus,arm.L.out,43.417,3.7,6.9,-11.5,31.5,0.0019,0
eurylochus,arm.L.out,43.5,4,4.1,-11.5,31.5,0.0021,0
eurylochus,arm.L.out,43.583,4.1,1.4,-11.5,31.5,0.0022,0
eurylochus,arm.L.out,43.667,3.9,-2.5,-11.5,31.5,0.0021,0
eurylochus,arm.L.out,43.75,3.7,-2.5,-11.5,31.5,0.0019,0
eurylochus,arm.L.out,43.833,3.5,-2.5,-11.5,31.5,0.0018,0
eurylochus,arm.L.out,43.917,3.3,-2.5,-11.5,31.5,0.0017,0
eurylochus,arm.L.out,44,3.1,-2.5,-11.5,31.5,0.0016,0
eurylochus,arm.L.out,44.083,2.9,-2.8,-11.5,31.5,0.0015,0
eurylochus,arm.L.out,44.167,2.3,-6.9,-11.5,31.5,0.0012,0
eurylochus,arm.L.out,44.25,1.5,-8.9,-11.5,31.5,0.0008,0
eurylochus,arm.L.out,44.333,0.8,-8.9,-11.5,31.5,0.0004,0
eurylochus,arm.L.out,44.417,0.2,-6.9,-11.5,31.5,0.0001,0
eurylochus,arm.L.out,44.5,0,-2.8,-11.5,31.5,0.0001,0
eurylochus,arm.L.out,44.583,0,0,-11.5,31.5,0,0
eurylochus,arm.L.out,47.833,1.3,15.1,-11.5,31.5,0.0008,0
eurylochus,arm.L.out,47.917,2.3,12.4,-11.5,31.5,0.0012,0.001
eurylochus,arm.L.out,48,3.1,9.6,-11.5,31.5,0.0016,0.001
eurylochus,arm.L.out,48.083,3.7,6.9,-11.5,31.5,0.0019,0
eurylochus,arm.L.out,48.167,4,4.1,-11.5,31.5,0.0021,0
eurylochus,arm.L.out,48.25,4.1,1.4,-11.5,31.5,0.0022,0
eurylochus,arm.L.out,48.333,3.9,-2.5,-11.5,31.5,0.0021,0
eurylochus,arm.L.out,48.417,3.7,-2.5,-11.5,31.5,0.0019,0
eurylochus,arm.L.out,48.5,3.5,-2.5,-11.5,31.5,0.0018,0
eurylochus,arm.L.out,48.583,3.3,-2.5,-11.5,31.5,0.0017,0
eurylochus,arm.L.out,48.667,3.1,-2.5,-11.5,31.5,0.0016,0
eurylochus,arm.L.out,48.75,2.9,-2.8,-11.5,31.5,0.0015,0
eurylochus,arm.L.out,48.833,3.2,4.6,-11.5,31.5,0.0018,0
eurylochus,arm.L.out,48.917,3.6,3.8,-11.5,31.5,0.0018,0
eurylochus,arm.L.out,49,3.8,2.9,-11.5,31.5,0.002,0
eurylochus,arm.L.out,49.083,4,2.1,-11.5,31.5,0.0021,0
eurylochus,arm.L.out,49.167,4.1,1.3,-11.5,31.5,0.0021,0
eurylochus,arm.L.out,49.25,4.1,0.4,-11.5,31.5,0.0021,0
eurylochus,arm.L.out,49.333,3.9,-2.5,-11.5,31.5,0.002,0
eurylochus,arm.L.out,49.417,3.7,-2.5,-11.5,31.5,0.0019,0
eurylochus,arm.L.out,49.5,3.5,-2.5,-11.5,31.5,0.0018,0
eurylochus,arm.L.out,49.583,3.3,-2.5,-11.5,31.5,0.0017,0
eurylochus,arm.L.out,49.667,3.1,-2.5,-11.5,31.5,0.0016,0
eurylochus,arm.L.out,49.75,2.9,-2.8,-11.5,31.5,0.0015,0
eurylochus,arm.L.out,49.833,2.3,-6.9,-11.5,31.5,0.0012,0
eurylochus,arm.L.out,49.917,1.5,-8.9,-11.5,31.5,0.0008,0
eurylochus,arm.L.out,50,0.8,-8.9,-11.5,31.5,0.0004,0
eurylochus,arm.L.out,50.083,0.2,-6.9,-11.5,31.5,0.0001,0
eurylochus,arm.L.out,50.167,0,-2.8,-11.5,31.5,0.0001,0
eurylochus,arm.L.out,50.25,0,0,-11.5,31.5,0,0
eurylochus,arm.L.out,52,0,0,-11.5,31.5,0,0
eurylochus,hand.R.roll,0,0,0,-74.5,74.5,0,0
eurylochus,hand.R.roll,38.167,1.7,20.7,-74.5,74.5,0,0
eurylochus,hand.R.roll,38.25,6.3,54.5,-74.5,74.5,0,0
eurylochus,hand.R.roll,38.333,12.7,77.1,-74.5,74.5,0,0
eurylochus,hand.R.roll,38.417,20.1,88.4,-74.5,74.5,0,0
eurylochus,hand.R.roll,38.5,27.4,88.4,-74.5,74.5,0,0
eurylochus,hand.R.roll,38.583,33.8,77.1,-74.5,74.5,0,0
eurylochus,hand.R.roll,38.667,38.4,54.5,-74.5,74.5,0,0
eurylochus,hand.R.roll,38.75,40.1,20.7,-74.5,74.5,0,0
eurylochus,hand.R.roll,38.833,38.5,-18.8,-74.5,74.5,0,0
eurylochus,hand.R.roll,38.917,34.8,-44.9,-74.5,74.5,0,0
eurylochus,hand.R.roll,39,30.3,-53.6,-74.5,74.5,0,0
eurylochus,hand.R.roll,39.083,26.6,-44.9,-74.5,74.5,0,0
eurylochus,hand.R.roll,39.167,25,-18.8,-74.5,74.5,0,0
eurylochus,hand.R.roll,39.25,26.4,16,-74.5,74.5,0,0
eurylochus,hand.R.roll,39.333,29.7,40.1,-74.5,74.5,0,0
eurylochus,hand.R.roll,39.417,34,52.1,-74.5,74.5,0,0
eurylochus,hand.R.roll,39.5,38.4,52.1,-74.5,74.5,0,0
eurylochus,hand.R.roll,39.583,41.7,40.1,-74.5,74.5,0,0
eurylochus,hand.R.roll,39.667,43.1,16,-74.5,74.5,0,0
eurylochus,hand.R.roll,39.75,42.3,-8.9,-74.5,74.5,0,0
eurylochus,hand.R.roll,39.833,40.4,-23.5,-74.5,74.5,0,0
eurylochus,hand.R.roll,39.917,37.6,-33.2,-74.5,74.5,0,0
eurylochus,hand.R.roll,40,34.4,-38.1,-74.5,74.5,0,0
eurylochus,hand.R.roll,40.083,31.2,-38.1,-74.5,74.5,0,0
eurylochus,hand.R.roll,40.167,28.5,-33.2,-74.5,74.5,0,0
eurylochus,hand.R.roll,40.25,26.5,-23.5,-74.5,74.5,0,0
eurylochus,hand.R.roll,40.333,25.8,-8.9,-74.5,74.5,0,0
eurylochus,hand.R.roll,40.417,24.9,-10.6,-74.5,74.5,0,0
eurylochus,hand.R.roll,40.5,22.5,-28.4,-74.5,74.5,0,0
eurylochus,hand.R.roll,40.583,19.1,-41.2,-74.5,74.5,0,0
eurylochus,hand.R.roll,40.667,15,-48.8,-74.5,74.5,0,0
eurylochus,hand.R.roll,40.75,10.8,-51.4,-74.5,74.5,0,0
eurylochus,hand.R.roll,40.833,6.7,-48.8,-74.5,74.5,0,0
eurylochus,hand.R.roll,40.917,3.3,-41.2,-74.5,74.5,0,0
eurylochus,hand.R.roll,41,0.9,-28.4,-74.5,74.5,0,0
eurylochus,hand.R.roll,41.083,0,-10.6,-74.5,74.5,0,0
eurylochus,hand.R.roll,41.167,0,0,-74.5,74.5,0,0
eurylochus,hand.R.roll,41.667,2,24,-74.5,74.5,0,0
eurylochus,hand.R.roll,41.75,7.2,61.9,-74.5,74.5,0,0
eurylochus,hand.R.roll,41.833,14.2,84.6,-74.5,74.5,0,0
eurylochus,hand.R.roll,41.917,21.9,92.2,-74.5,74.5,0,0
eurylochus,hand.R.roll,42,28.9,84.6,-74.5,74.5,0,0
eurylochus,hand.R.roll,42.083,34.1,61.9,-74.5,74.5,0,0
eurylochus,hand.R.roll,42.167,36.1,24,-74.5,74.5,0,0
eurylochus,hand.R.roll,42.25,35.1,-12.1,-74.5,74.5,0,0
eurylochus,hand.R.roll,42.333,32.3,-32.9,-74.5,74.5,0,0
eurylochus,hand.R.roll,42.417,28.3,-48.5,-74.5,74.5,0,0
eurylochus,hand.R.roll,42.5,23.4,-58.9,-74.5,74.5,0,0
eurylochus,hand.R.roll,42.583,18,-64.1,-74.5,74.5,0,0
eurylochus,hand.R.roll,42.667,12.7,-64.1,-74.5,74.5,0,0
eurylochus,hand.R.roll,42.75,7.8,-58.9,-74.5,74.5,0,0
eurylochus,hand.R.roll,42.833,3.8,-48.5,-74.5,74.5,0,0
eurylochus,hand.R.roll,42.917,1,-32.9,-74.5,74.5,0,0
eurylochus,hand.R.roll,43,0,-12.1,-74.5,74.5,0,0
eurylochus,hand.R.roll,43.083,0,0,-74.5,74.5,0,0
eurylochus,hand.R.roll,43.167,2,24,-74.5,74.5,0,0
eurylochus,hand.R.roll,43.25,7.2,61.9,-74.5,74.5,0,0
eurylochus,hand.R.roll,43.333,14.2,84.6,-74.5,74.5,0,0
eurylochus,hand.R.roll,43.417,21.9,92.2,-74.5,74.5,0,0
eurylochus,hand.R.roll,43.5,28.9,84.6,-74.5,74.5,0,0
eurylochus,hand.R.roll,43.583,34.1,61.9,-74.5,74.5,0,0
eurylochus,hand.R.roll,43.667,36.1,24,-74.5,74.5,0,0
eurylochus,hand.R.roll,43.75,35.1,-12.1,-74.5,74.5,0,0
eurylochus,hand.R.roll,43.833,32.3,-32.9,-74.5,74.5,0,0
eurylochus,hand.R.roll,43.917,28.3,-48.5,-74.5,74.5,0,0
eurylochus,hand.R.roll,44,23.4,-58.9,-74.5,74.5,0,0
eurylochus,hand.R.roll,44.083,18,-64.1,-74.5,74.5,0,0
eurylochus,hand.R.roll,44.167,12.7,-64.1,-74.5,74.5,0,0
eurylochus,hand.R.roll,44.25,7.8,-58.9,-74.5,74.5,0,0
eurylochus,hand.R.roll,44.333,3.8,-48.5,-74.5,74.5,0,0
eurylochus,hand.R.roll,44.417,1,-32.9,-74.5,74.5,0,0
eurylochus,hand.R.roll,44.5,0,-12.1,-74.5,74.5,0,0
eurylochus,hand.R.roll,44.583,0,0,-74.5,74.5,0,0
eurylochus,hand.R.roll,45.667,1.1,13.3,-74.5,74.5,0,0
eurylochus,hand.R.roll,45.75,4,35,-74.5,74.5,0,0
eurylochus,hand.R.roll,45.833,8.2,49.6,-74.5,74.5,0,0
eurylochus,hand.R.roll,45.917,12.9,56.8,-74.5,74.5,0,0
eurylochus,hand.R.roll,46,17.6,56.8,-74.5,74.5,0,0
eurylochus,hand.R.roll,46.083,21.8,49.6,-74.5,74.5,0,0
eurylochus,hand.R.roll,46.167,24.7,35,-74.5,74.5,0,0
eurylochus,hand.R.roll,46.25,25.8,13.3,-74.5,74.5,0,0
eurylochus,hand.R.roll,46.333,24.9,-10.6,-74.5,74.5,0,0
eurylochus,hand.R.roll,46.417,22.5,-28.4,-74.5,74.5,0,0
eurylochus,hand.R.roll,46.5,19.1,-41.2,-74.5,74.5,0,0
eurylochus,hand.R.roll,46.583,15,-48.8,-74.5,74.5,0,0
eurylochus,hand.R.roll,46.667,10.8,-51.4,-74.5,74.5,0,0
eurylochus,hand.R.roll,46.75,6.7,-48.8,-74.5,74.5,0,0
eurylochus,hand.R.roll,46.833,3.3,-41.2,-74.5,74.5,0,0
eurylochus,hand.R.roll,46.917,0.9,-28.4,-74.5,74.5,0,0
eurylochus,hand.R.roll,47,0,-10.6,-74.5,74.5,0,0
eurylochus,hand.R.roll,47.083,0,0,-74.5,74.5,0,0
eurylochus,hand.R.roll,47.833,2,24,-74.5,74.5,0,0
eurylochus,hand.R.roll,47.917,7.2,61.9,-74.5,74.5,0,0
eurylochus,hand.R.roll,48,14.2,84.6,-74.5,74.5,0,0
eurylochus,hand.R.roll,48.083,21.9,92.2,-74.5,74.5,0,0
eurylochus,hand.R.roll,48.167,28.9,84.6,-74.5,74.5,0,0
eurylochus,hand.R.roll,48.25,34.1,61.9,-74.5,74.5,0,0
eurylochus,hand.R.roll,48.333,36.1,24,-74.5,74.5,0,0
eurylochus,hand.R.roll,48.417,34.2,-22.5,-74.5,74.5,0,0
eurylochus,hand.R.roll,48.5,29.7,-53.7,-74.5,74.5,0,0
eurylochus,hand.R.roll,48.583,24.4,-64.1,-74.5,74.5,0,0
eurylochus,hand.R.roll,48.667,19.9,-53.7,-74.5,74.5,0,0
eurylochus,hand.R.roll,48.75,18,-22.5,-74.5,74.5,0,0
eurylochus,hand.R.roll,48.833,19,12,-74.5,74.5,0,0
eurylochus,hand.R.roll,48.917,21.6,30.9,-74.5,74.5,0,0
eurylochus,hand.R.roll,49,25.2,42.3,-74.5,74.5,0,0
eurylochus,hand.R.roll,49.083,29,46.1,-74.5,74.5,0,0
eurylochus,hand.R.roll,49.167,32.5,42.3,-74.5,74.5,0,0
eurylochus,hand.R.roll,49.25,35.1,30.9,-74.5,74.5,0,0
eurylochus,hand.R.roll,49.333,36.1,12,-74.5,74.5,0,0
eurylochus,hand.R.roll,49.417,35.1,-12.1,-74.5,74.5,0,0
eurylochus,hand.R.roll,49.5,32.3,-32.9,-74.5,74.5,0,0
eurylochus,hand.R.roll,49.583,28.3,-48.5,-74.5,74.5,0,0
eurylochus,hand.R.roll,49.667,23.4,-58.9,-74.5,74.5,0,0
eurylochus,hand.R.roll,49.75,18,-64.1,-74.5,74.5,0,0
eurylochus,hand.R.roll,49.833,12.7,-64.1,-74.5,74.5,0,0
eurylochus,hand.R.roll,49.917,7.8,-58.9,-74.5,74.5,0,0
eurylochus,hand.R.roll,50,3.8,-48.5,-74.5,74.5,0,0
eurylochus,hand.R.roll,50.083,1,-32.9,-74.5,74.5,0,0
eurylochus,hand.R.roll,50.167,0,-12.1,-74.5,74.5,0,0
eurylochus,hand.R.roll,50.25,0,0,-74.5,74.5,0,0
eurylochus,hand.R.roll,52,0,0,-74.5,74.5,0,0
eurylochus,hand.L.roll,0,0,0,-74.5,74.5,0,0
eurylochus,hand.L.roll,38.167,-1.7,-20.7,-74.5,74.5,0,0
eurylochus,hand.L.roll,38.25,-6.3,-54.5,-74.5,74.5,0,0
eurylochus,hand.L.roll,38.333,-12.7,-77.1,-74.5,74.5,0,0
eurylochus,hand.L.roll,38.417,-20.1,-88.4,-74.5,74.5,0,0
eurylochus,hand.L.roll,38.5,-27.4,-88.4,-74.5,74.5,0,0
eurylochus,hand.L.roll,38.583,-33.8,-77.1,-74.5,74.5,0,0
eurylochus,hand.L.roll,38.667,-38.4,-54.5,-74.5,74.5,0,0
eurylochus,hand.L.roll,38.75,-40.1,-20.7,-74.5,74.5,0,0
eurylochus,hand.L.roll,38.833,-38.5,18.8,-74.5,74.5,0,0
eurylochus,hand.L.roll,38.917,-34.8,44.9,-74.5,74.5,0,0
eurylochus,hand.L.roll,39,-30.3,53.6,-74.5,74.5,0,0
eurylochus,hand.L.roll,39.083,-26.6,44.9,-74.5,74.5,0,0
eurylochus,hand.L.roll,39.167,-25,18.8,-74.5,74.5,0,0
eurylochus,hand.L.roll,39.25,-26.1,-12.7,-74.5,74.5,0,0
eurylochus,hand.L.roll,39.333,-28.8,-32.7,-74.5,74.5,0,0
eurylochus,hand.L.roll,39.417,-32.5,-44.8,-74.5,74.5,0,0
eurylochus,hand.L.roll,39.5,-36.6,-48.8,-74.5,74.5,0,0
eurylochus,hand.L.roll,39.583,-40.3,-44.8,-74.5,74.5,0,0
eurylochus,hand.L.roll,39.667,-43.1,-32.7,-74.5,74.5,0,0
eurylochus,hand.L.roll,39.75,-44.1,-12.7,-74.5,74.5,0,0
eurylochus,hand.L.roll,39.833,-42.9,14.8,-74.5,74.5,0,0
eurylochus,hand.L.roll,39.917,-39.5,40.2,-74.5,74.5,0,0
eurylochus,hand.L.roll,40,-34.6,59.3,-74.5,74.5,0,0
eurylochus,hand.L.roll,40.083,-28.6,72,-74.5,74.5,0,0
eurylochus,hand.L.roll,40.167,-22.1,78.4,-74.5,74.5,0,0
eurylochus,hand.L.roll,40.25,-15.5,78.4,-74.5,74.5,0,0
eurylochus,hand.L.roll,40.333,-9.5,72,-74.5,74.5,0,0
eurylochus,hand.L.roll,40.417,-4.6,59.3,-74.5,74.5,0,0
eurylochus,hand.L.roll,40.5,-1.2,40.2,-74.5,74.5,0,0
eurylochus,hand.L.roll,40.583,0,14.8,-74.5,74.5,0,0
eurylochus,hand.L.roll,40.667,0,0,-74.5,74.5,0,0
eurylochus,hand.L.roll,41.667,-2,-24,-74.5,74.5,0,0
eurylochus,hand.L.roll,41.75,-7.2,-61.9,-74.5,74.5,0,0
eurylochus,hand.L.roll,41.833,-14.2,-84.6,-74.5,74.5,0,0
eurylochus,hand.L.roll,41.917,-21.9,-92.2,-74.5,74.5,0,0
eurylochus,hand.L.roll,42,-28.9,-84.6,-74.5,74.5,0,0
eurylochus,hand.L.roll,42.083,-34.1,-61.9,-74.5,74.5,0,0
eurylochus,hand.L.roll,42.167,-36.1,-24,-74.5,74.5,0,0
eurylochus,hand.L.roll,42.25,-35.1,12.1,-74.5,74.5,0,0
eurylochus,hand.L.roll,42.333,-32.3,32.9,-74.5,74.5,0,0
eurylochus,hand.L.roll,42.417,-28.3,48.5,-74.5,74.5,0,0
eurylochus,hand.L.roll,42.5,-23.4,58.9,-74.5,74.5,0,0
eurylochus,hand.L.roll,42.583,-18,64.1,-74.5,74.5,0,0
eurylochus,hand.L.roll,42.667,-12.7,64.1,-74.5,74.5,0,0
eurylochus,hand.L.roll,42.75,-7.8,58.9,-74.5,74.5,0,0
eurylochus,hand.L.roll,42.833,-3.8,48.5,-74.5,74.5,0,0
eurylochus,hand.L.roll,42.917,-1,32.9,-74.5,74.5,0,0
eurylochus,hand.L.roll,43,0,12.1,-74.5,74.5,0,0
eurylochus,hand.L.roll,43.083,0,0,-74.5,74.5,0,0
eurylochus,hand.L.roll,43.167,-2,-24,-74.5,74.5,0,0
eurylochus,hand.L.roll,43.25,-7.2,-61.9,-74.5,74.5,0,0
eurylochus,hand.L.roll,43.333,-14.2,-84.6,-74.5,74.5,0,0
eurylochus,hand.L.roll,43.417,-21.9,-92.2,-74.5,74.5,0,0
eurylochus,hand.L.roll,43.5,-28.9,-84.6,-74.5,74.5,0,0
eurylochus,hand.L.roll,43.583,-34.1,-61.9,-74.5,74.5,0,0
eurylochus,hand.L.roll,43.667,-36.1,-24,-74.5,74.5,0,0
eurylochus,hand.L.roll,43.75,-35.1,12.1,-74.5,74.5,0,0
eurylochus,hand.L.roll,43.833,-32.3,32.9,-74.5,74.5,0,0
eurylochus,hand.L.roll,43.917,-28.3,48.5,-74.5,74.5,0,0
eurylochus,hand.L.roll,44,-23.4,58.9,-74.5,74.5,0,0
eurylochus,hand.L.roll,44.083,-18,64.1,-74.5,74.5,0,0
eurylochus,hand.L.roll,44.167,-12.7,64.1,-74.5,74.5,0,0
eurylochus,hand.L.roll,44.25,-7.8,58.9,-74.5,74.5,0,0
eurylochus,hand.L.roll,44.333,-3.8,48.5,-74.5,74.5,0,0
eurylochus,hand.L.roll,44.417,-1,32.9,-74.5,74.5,0,0
eurylochus,hand.L.roll,44.5,0,12.1,-74.5,74.5,0,0
eurylochus,hand.L.roll,44.583,0,0,-74.5,74.5,0,0
eurylochus,hand.L.roll,47.833,-2,-24,-74.5,74.5,0,0
eurylochus,hand.L.roll,47.917,-7.2,-61.9,-74.5,74.5,0,0
eurylochus,hand.L.roll,48,-14.2,-84.6,-74.5,74.5,0,0
eurylochus,hand.L.roll,48.083,-21.9,-92.2,-74.5,74.5,0,0
eurylochus,hand.L.roll,48.167,-28.9,-84.6,-74.5,74.5,0,0
eurylochus,hand.L.roll,48.25,-34.1,-61.9,-74.5,74.5,0,0
eurylochus,hand.L.roll,48.333,-36.1,-24,-74.5,74.5,0,0
eurylochus,hand.L.roll,48.417,-34.2,22.5,-74.5,74.5,0,0
eurylochus,hand.L.roll,48.5,-29.7,53.7,-74.5,74.5,0,0
eurylochus,hand.L.roll,48.583,-24.4,64.1,-74.5,74.5,0,0
eurylochus,hand.L.roll,48.667,-19.9,53.7,-74.5,74.5,0,0
eurylochus,hand.L.roll,48.75,-18,22.5,-74.5,74.5,0,0
eurylochus,hand.L.roll,48.833,-19,-12,-74.5,74.5,0,0
eurylochus,hand.L.roll,48.917,-21.6,-30.9,-74.5,74.5,0,0
eurylochus,hand.L.roll,49,-25.2,-42.3,-74.5,74.5,0,0
eurylochus,hand.L.roll,49.083,-29,-46.1,-74.5,74.5,0,0
eurylochus,hand.L.roll,49.167,-32.5,-42.3,-74.5,74.5,0,0
eurylochus,hand.L.roll,49.25,-35.1,-30.9,-74.5,74.5,0,0
eurylochus,hand.L.roll,49.333,-36.1,-12,-74.5,74.5,0,0
eurylochus,hand.L.roll,49.417,-35.1,12.1,-74.5,74.5,0,0
eurylochus,hand.L.roll,49.5,-32.3,32.9,-74.5,74.5,0,0
eurylochus,hand.L.roll,49.583,-28.3,48.5,-74.5,74.5,0,0
eurylochus,hand.L.roll,49.667,-23.4,58.9,-74.5,74.5,0,0
eurylochus,hand.L.roll,49.75,-18,64.1,-74.5,74.5,0,0
eurylochus,hand.L.roll,49.833,-12.7,64.1,-74.5,74.5,0,0
eurylochus,hand.L.roll,49.917,-7.8,58.9,-74.5,74.5,0,0
eurylochus,hand.L.roll,50,-3.8,48.5,-74.5,74.5,0,0
eurylochus,hand.L.roll,50.083,-1,32.9,-74.5,74.5,0,0
eurylochus,hand.L.roll,50.167,0,12.1,-74.5,74.5,0,0
eurylochus,hand.L.roll,50.25,0,0,-74.5,74.5,0,0
eurylochus,hand.L.roll,52,0,0,-74.5,74.5,0,0
eurylochus,leg.R.pitch,0,0,0,-91.7,54.4,0,0
eurylochus,leg.R.pitch,35.917,0,0.5,-91.7,54.4,0.0001,0
eurylochus,leg.R.pitch,36,3.9,46.2,-91.7,54.4,0.0062,0.01
eurylochus,leg.R.pitch,36.083,15.3,137.4,-91.7,54.4,0.0213,0.103
eurylochus,leg.R.pitch,36.167,24.7,112.6,-91.7,54.4,0.0296,0.118
eurylochus,leg.R.pitch,36.25,18.1,-79.6,-91.7,54.4,0.0279,0.079
eurylochus,leg.R.pitch,36.333,-3.9,-264.5,-91.7,54.4,0.011,0.102
eurylochus,leg.R.pitch,36.417,-26.6,-271.9,-91.7,54.4,0.031,0.296
eurylochus,leg.R.pitch,36.5,-39.2,-150.8,-91.7,54.4,0.0475,0.255
eurylochus,leg.R.pitch,36.583,-35.3,46.7,-91.7,54.4,0.0464,0.08
eurylochus,leg.R.pitch,36.667,-16.3,227.4,-91.7,54.4,0.0255,0.204
eurylochus,leg.R.pitch,36.75,8.1,292.6,-91.7,54.4,0.0119,0.121
eurylochus,leg.R.pitch,36.833,24.3,194.8,-91.7,54.4,0.0316,0.217
eurylochus,leg.R.pitch,36.917,22.2,-24.8,-91.7,54.4,0.0335,0.031
eurylochus,leg.R.pitch,37,1.5,-248.4,-91.7,54.4,0.0095,0.082
eurylochus,leg.R.pitch,37.083,-27.2,-344.7,-91.7,54.4,0.0347,0.42
eurylochus,leg.R.pitch,37.167,-48,-249.7,-91.7,54.4,0.0543,0.479
eurylochus,leg.R.pitch,37.25,-49.1,-13.5,-91.7,54.4,0.06,0.035
eurylochus,leg.R.pitch,37.333,-30.5,223.1,-91.7,54.4,0.043,0.339
eurylochus,leg.R.pitch,37.417,-4.4,313.4,-91.7,54.4,0.0084,0.092
eurylochus,leg.R.pitch,37.5,12.2,198.9,-91.7,54.4,0.0184,0.128
eurylochus,leg.R.pitch,37.583,7.9,-50.9,-91.7,54.4,0.018,0.033
eurylochus,leg.R.pitch,37.667,-15.5,-280.9,-91.7,54.4,0.0262,0.258
eurylochus,leg.R.pitch,37.75,-44.6,-349.6,-91.7,54.4,0.0506,0.622
eurylochus,leg.R.pitch,37.833,-62.8,-217.6,-91.7,54.4,0.0656,0.507
eurylochus,leg.R.pitch,37.917,-60.2,30.6,-91.7,54.4,0.0681,0.082
eurylochus,leg.R.pitch,38,-39.9,244.2,-91.7,54.4,0.0513,0.443
eurylochus,leg.R.pitch,38.083,-14.8,300.7,-91.7,54.4,0.0195,0.205
eurylochus,leg.R.pitch,38.167,-0.1,176.5,-91.7,54.4,0.0044,0.027
eurylochus,leg.R.pitch,38.25,-4.1,-48.4,-91.7,54.4,0.0126,0.022
eurylochus,leg.R.pitch,38.333,-24.6,-246.2,-91.7,54.4,0.0354,0.307
eurylochus,leg.R.pitch,38.417,-51,-315.9,-91.7,54.4,0.0557,0.621
eurylochus,leg.R.pitch,38.5,-70.5,-233.8,-91.7,54.4,0.0675,0.56
eurylochus,leg.R.pitch,38.583,-74.9,-53.5,-91.7,54.4,0.0725,0.146
eurylochus,leg.R.pitch,38.667,-63.8,132.9,-91.7,54.4,0.068,0.325
eurylochus,leg.R.pitch,38.75,-43.3,246.2,-91.7,54.4,0.051,0.443
eurylochus,leg.R.pitch,38.833,-28.6,177,-91.7,54.4,0.0352,0.22
eurylochus,leg.R.pitch,38.917,-29.6,-12.4,-91.7,54.4,0.0404,0.021
eurylochus,leg.R.pitch,39,-38.5,-106.8,-91.7,54.4,0.046,0.176
eurylochus,leg.R.pitch,39.083,-43,-53.4,-91.7,54.4,0.0486,0.095
eurylochus,leg.R.pitch,39.167,-43,-0.2,-91.7,54.4,0.0486,0.005
eurylochus,leg.R.pitch,52,-43,0,-91.7,54.4,0.0468,0.004
eurylochus,leg.L.pitch,0,0,0,-91.7,54.4,0,0
eurylochus,leg.L.pitch,35.917,0,-0.5,-91.7,54.4,0.0001,0
eurylochus,leg.L.pitch,36,-3.9,-46.5,-91.7,54.4,0.0063,0.01
eurylochus,leg.L.pitch,36.083,-15.4,-138.2,-91.7,54.4,0.0214,0.104
eurylochus,leg.L.pitch,36.167,-24.9,-113.7,-91.7,54.4,0.0298,0.12
eurylochus,leg.L.pitch,36.25,-18.4,78.1,-91.7,54.4,0.0282,0.079
eurylochus,leg.L.pitch,36.333,3.5,262.7,-91.7,54.4,0.0105,0.097
eurylochus,leg.L.pitch,36.417,26,269.8,-91.7,54.4,0.0303,0.287
eurylochus,leg.L.pitch,36.5,38.4,148.4,-91.7,54.4,0.0468,0.247
eurylochus,leg.L.pitch,36.583,34.2,-49.3,-91.7,54.4,0.0454,0.082
eurylochus,leg.L.pitch,36.667,15.1,-230.2,-91.7,54.4,0.024,0.194
eurylochus,leg.L.pitch,36.75,-9.6,-295.6,-91.7,54.4,0.0137,0.141
eurylochus,leg.L.pitch,36.833,-26.1,-198.1,-91.7,54.4,0.0335,0.234
eurylochus,leg.L.pitch,36.917,-24.3,21.3,-91.7,54.4,0.0358,0.029
eurylochus,leg.L.pitch,37,-3.9,244.8,-91.7,54.4,0.0123,0.106
eurylochus,leg.L.pitch,37.083,24.5,341,-91.7,54.4,0.0318,0.38
eurylochus,leg.L.pitch,37.167,45,245.9,-91.7,54.4,0.0518,0.45
eurylochus,leg.L.pitch,37.25,45.8,9.6,-91.7,54.4,0.0573,0.026
eurylochus,leg.L.pitch,37.333,26.9,-227.1,-91.7,54.4,0.0391,0.313
eurylochus,leg.L.pitch,37.417,0.4,-317.5,-91.7,54.4,0.0036,0.04
eurylochus,leg.L.pitch,37.5,-16.5,-202.9,-91.7,54.4,0.0234,0.167
eurylochus,leg.L.pitch,37.583,-12.6,46.9,-91.7,54.4,0.0235,0.04
eurylochus,leg.L.pitch,37.667,10.5,276.9,-91.7,54.4,0.0204,0.198
eurylochus,leg.L.pitch,37.75,39.3,345.6,-91.7,54.4,0.0458,0.557
eurylochus,leg.L.pitch,37.833,57.1,213.7,-91.7,54.4,0.0622,0.471
eurylochus,leg.L.pitch,37.917,54.2,-34.4,-91.7,54.4,0.0642,0.085
eurylochus,leg.L.pitch,38,33.6,-247.8,-91.7,54.4,0.0453,0.396
eurylochus,leg.L.pitch,38.083,8.2,-304.3,-91.7,54.4,0.0118,0.125
eurylochus,leg.L.pitch,38.167,-6.8,-179.9,-91.7,54.4,0.0123,0.078
eurylochus,leg.L.pitch,38.25,-3,45.2,-91.7,54.4,0.0113,0.018
eurylochus,leg.L.pitch,38.333,17.3,243.1,-91.7,54.4,0.0271,0.232
eurylochus,leg.L.pitch,38.417,43.4,313.1,-91.7,54.4,0.0495,0.546
eurylochus,leg.L.pitch,38.5,62.6,231.3,-91.7,54.4,0.0638,0.523
eurylochus,leg.L.pitch,38.583,66.9,51.2,-91.7,54.4,0.0693,0.133
eurylochus,leg.L.pitch,38.667,55.7,-134.9,-91.7,54.4,0.0631,0.305
eurylochus,leg.L.pitch,38.75,35,-247.9,-91.7,54.4,0.0432,0.378
eurylochus,leg.L.pitch,38.833,20.1,-178.4,-91.7,54.4,0.026,0.163
eurylochus,leg.L.pitch,38.917,21.1,11.4,-91.7,54.4,0.0312,0.014
eurylochus,leg.L.pitch,39,29.9,106.2,-91.7,54.4,0.0375,0.142
eurylochus,leg.L.pitch,39.083,34.4,53.2,-91.7,54.4,0.0406,0.079
eurylochus,leg.L.pitch,39.167,34.4,0.2,-91.7,54.4,0.0406,0.004
eurylochus,leg.L.pitch,52,34.4,0,-91.7,54.4,0.0388,0.003
