# servo timeline for OD-B09-S11 (tools/perform/hardware.js): rows where a channel moves (and where it stops); power is an estimate from a stated model (a 0.30 m puppet; see the file header of hardware.js), not a measurement
# calibration on a rig: encoder velocity -> angular velocity; IMU -> root acceleration; V x I -> electrical power; motor thermistor -> a first-order response to I^2 R, the same form as the motion heat T_m
actor,channel,t,angle_deg,velocity_deg_s,limit_lo_deg,limit_hi_deg,torque_Nm,power_W_est
odysseus,root.h,0,180,0,,,0,0
odysseus,root.h,91.917,177.2,-33.8,,,0,0
odysseus,root.h,92,166.7,-126.2,,,0,0
odysseus,root.h,92.083,150,-200.3,,,0,0
odysseus,root.h,92.167,128.8,-253.8,,,0,0
odysseus,root.h,92.25,104.9,-286.7,,,0,0
odysseus,root.h,92.333,80,-299,,,0,0
odysseus,root.h,92.417,55.8,-290.8,,,0,0
odysseus,root.h,92.5,34,-262,,,0,0
odysseus,root.h,92.583,16.2,-212.6,,,0,0
odysseus,root.h,92.667,4.3,-142.7,,,0,0
odysseus,root.h,92.75,0,-52.1,,,0,0
odysseus,root.h,92.833,0,0,,,0,0
odysseus,root.h,100.417,0,0,,,0,0
odysseus,root.pitch,0,0,0,,,0,0
odysseus,root.pitch,100.417,0,0,,,0,0
odysseus,root.roll,0,0,0,,,0,0
odysseus,root.roll,2.167,-0.1,-1.5,,,0,0
odysseus,root.roll,2.25,-0.4,-3.8,,,0,0
odysseus,root.roll,2.333,-0.9,-5,,,0,0
odysseus,root.roll,2.417,-1.3,-5,,,0,0
odysseus,root.roll,2.5,-1.6,-3.8,,,0,0
odysseus,root.roll,2.583,-1.7,-1.5,,,0,0
odysseus,root.roll,2.667,-1.7,0.3,,,0,0
odysseus,root.roll,5.167,-1,3.7,,,0,0
odysseus,root.roll,5.25,-0.2,8.9,,,0,0
odysseus,root.roll,5.333,0.7,10.6,,,0,0
odysseus,root.roll,5.417,1.4,8.9,,,0,0
odysseus,root.roll,5.5,1.7,3.7,,,0,0
odysseus,root.roll,5.583,1.7,-0.3,,,0,0
odysseus,root.roll,8.583,1,-3.7,,,0,0
odysseus,root.roll,8.667,0.2,-8.9,,,0,0
odysseus,root.roll,8.75,-0.7,-10.6,,,0,0
odysseus,root.roll,8.833,-1.4,-8.9,,,0,0
odysseus,root.roll,8.917,-1.7,-3.7,,,0,0
odysseus,root.roll,9,-1.7,0.3,,,0,0
odysseus,root.roll,11.667,-1,2.6,,,0,0
odysseus,root.roll,11.75,-0.5,6.6,,,0,0
odysseus,root.roll,11.833,0.2,8.6,,,0,0
odysseus,root.roll,11.917,0.9,8.6,,,0,0
odysseus,root.roll,12,1.5,6.6,,,0,0
odysseus,root.roll,12.083,1.7,2.6,,,0,0
odysseus,root.roll,12.167,1.7,-0.3,,,0,0
odysseus,root.roll,14.917,1,-2.6,,,0,0
odysseus,root.roll,15,0.5,-6.6,,,0,0
odysseus,root.roll,15.083,-0.2,-8.6,,,0,0
odysseus,root.roll,15.167,-0.9,-8.6,,,0,0
odysseus,root.roll,15.25,-1.5,-6.6,,,0,0
odysseus,root.roll,15.333,-1.7,-2.6,,,0,0
odysseus,root.roll,15.417,-1.7,0.3,,,0,0
odysseus,root.roll,18.75,-1,2.6,,,0,0
odysseus,root.roll,18.833,-0.5,6.6,,,0,0
odysseus,root.roll,18.917,0.2,8.6,,,0,0
odysseus,root.roll,19,0.9,8.6,,,0,0
odysseus,root.roll,19.083,1.5,6.6,,,0,0
odysseus,root.roll,19.167,1.7,2.6,,,0,0
odysseus,root.roll,19.25,1.7,-0.3,,,0,0
odysseus,root.roll,22.5,1,-2.6,,,0,0
odysseus,root.roll,22.583,0.5,-6.6,,,0,0
odysseus,root.roll,22.667,-0.2,-8.6,,,0,0
odysseus,root.roll,22.75,-0.9,-8.6,,,0,0
odysseus,root.roll,22.833,-1.5,-6.6,,,0,0
odysseus,root.roll,22.917,-1.7,-2.6,,,0,0
odysseus,root.roll,23,-1.7,0.3,,,0,0
odysseus,root.roll,25.583,-1,3.7,,,0,0
odysseus,root.roll,25.667,-0.2,8.9,,,0,0
odysseus,root.roll,25.75,0.7,10.6,,,0,0
odysseus,root.roll,25.833,1.4,8.9,,,0,0
odysseus,root.roll,25.917,1.7,3.7,,,0,0
odysseus,root.roll,26,1.7,-0.3,,,0,0
odysseus,root.roll,28.917,1,-3.7,,,0,0
odysseus,root.roll,29,0.2,-8.9,,,0,0
odysseus,root.roll,29.083,-0.7,-10.6,,,0,0
odysseus,root.roll,29.167,-1.4,-8.9,,,0,0
odysseus,root.roll,29.25,-1.7,-3.7,,,0,0
odysseus,root.roll,29.333,-1.7,0.3,,,0,0
odysseus,root.roll,32,-1,2.6,,,0,0
odysseus,root.roll,32.083,-0.5,6.6,,,0,0
odysseus,root.roll,32.167,0.2,8.6,,,0,0
odysseus,root.roll,32.25,0.9,8.6,,,0,0
odysseus,root.roll,32.333,1.5,6.6,,,0,0
odysseus,root.roll,32.417,1.7,2.6,,,0,0
odysseus,root.roll,32.5,1.7,-0.3,,,0,0
odysseus,root.roll,34.833,1,-3.7,,,0,0
odysseus,root.roll,34.917,0.2,-8.9,,,0,0
odysseus,root.roll,35,-0.7,-10.6,,,0,0
odysseus,root.roll,35.083,-1.4,-8.9,,,0,0
odysseus,root.roll,35.167,-1.7,-3.7,,,0,0
odysseus,root.roll,35.25,-1.7,0.3,,,0,0
odysseus,root.roll,39.333,-1,3.7,,,0,0
odysseus,root.roll,39.417,-0.2,8.9,,,0,0
odysseus,root.roll,39.5,0.7,10.6,,,0,0
odysseus,root.roll,39.583,1.4,8.9,,,0,0
odysseus,root.roll,39.667,1.7,3.7,,,0,0
odysseus,root.roll,39.75,1.7,-0.3,,,0,0
odysseus,root.roll,42.417,1,-2.6,,,0,0
odysseus,root.roll,42.5,0.5,-6.6,,,0,0
odysseus,root.roll,42.583,-0.2,-8.6,,,0,0
odysseus,root.roll,42.667,-0.9,-8.6,,,0,0
odysseus,root.roll,42.75,-1.5,-6.6,,,0,0
odysseus,root.roll,42.833,-1.7,-2.6,,,0,0
odysseus,root.roll,42.917,-1.7,0.3,,,0,0
odysseus,root.roll,45.583,-1,3.7,,,0,0
odysseus,root.roll,45.667,-0.2,8.9,,,0,0
odysseus,root.roll,45.75,0.7,10.6,,,0,0
odysseus,root.roll,45.833,1.4,8.9,,,0,0
odysseus,root.roll,45.917,1.7,3.7,,,0,0
odysseus,root.roll,46,1.7,-0.3,,,0,0
odysseus,root.roll,48.25,1,-2.6,,,0,0
odysseus,root.roll,48.333,0.5,-6.6,,,0,0
odysseus,root.roll,48.417,-0.2,-8.6,,,0,0
odysseus,root.roll,48.5,-0.9,-8.6,,,0,0
odysseus,root.roll,48.583,-1.5,-6.6,,,0,0
odysseus,root.roll,48.667,-1.7,-2.6,,,0,0
odysseus,root.roll,48.75,-1.7,0.3,,,0,0
odysseus,root.roll,51.167,-1,2.6,,,0,0
odysseus,root.roll,51.25,-0.5,6.6,,,0,0
odysseus,root.roll,51.333,0.2,8.6,,,0,0
odysseus,root.roll,51.417,0.9,8.6,,,0,0
odysseus,root.roll,51.5,1.5,6.6,,,0,0
odysseus,root.roll,51.583,1.7,2.6,,,0,0
odysseus,root.roll,51.667,1.7,-0.3,,,0,0
odysseus,root.roll,54.083,1,-3.7,,,0,0
odysseus,root.roll,54.167,0.2,-8.9,,,0,0
odysseus,root.roll,54.25,-0.7,-10.6,,,0,0
odysseus,root.roll,54.333,-1.4,-8.9,,,0,0
odysseus,root.roll,54.417,-1.7,-3.7,,,0,0
odysseus,root.roll,54.5,-1.7,0.3,,,0,0
odysseus,root.roll,58.25,-1,3.7,,,0,0
odysseus,root.roll,58.333,-0.2,8.9,,,0,0
odysseus,root.roll,58.417,0.7,10.6,,,0,0
odysseus,root.roll,58.5,1.4,8.9,,,0,0
odysseus,root.roll,58.583,1.7,3.7,,,0,0
odysseus,root.roll,58.667,1.7,-0.3,,,0,0
odysseus,root.roll,61.667,1,-3.7,,,0,0
odysseus,root.roll,61.75,0.2,-8.9,,,0,0
odysseus,root.roll,61.833,-0.7,-10.6,,,0,0
odysseus,root.roll,61.917,-1.4,-8.9,,,0,0
odysseus,root.roll,62,-1.7,-3.7,,,0,0
odysseus,root.roll,62.083,-1.7,0.3,,,0,0
odysseus,root.roll,66,-1,2.6,,,0,0
odysseus,root.roll,66.083,-0.5,6.6,,,0,0
odysseus,root.roll,66.167,0.2,8.6,,,0,0
odysseus,root.roll,66.25,0.9,8.6,,,0,0
odysseus,root.roll,66.333,1.5,6.6,,,0,0
odysseus,root.roll,66.417,1.7,2.6,,,0,0
odysseus,root.roll,66.5,1.7,-0.3,,,0,0
odysseus,root.roll,70.833,1,-3.7,,,0,0
odysseus,root.roll,70.917,0.2,-8.9,,,0,0
odysseus,root.roll,71,-0.7,-10.6,,,0,0
odysseus,root.roll,71.083,-1.4,-8.9,,,0,0
odysseus,root.roll,71.167,-1.7,-3.7,,,0,0
odysseus,root.roll,71.25,-1.7,0.3,,,0,0
odysseus,root.roll,73.583,-1,2.6,,,0,0
odysseus,root.roll,73.667,-0.5,6.6,,,0,0
odysseus,root.roll,73.75,0.2,8.6,,,0,0
odysseus,root.roll,73.833,0.9,8.6,,,0,0
odysseus,root.roll,73.917,1.5,6.6,,,0,0
odysseus,root.roll,74,1.7,2.6,,,0,0
odysseus,root.roll,74.083,1.7,-0.3,,,0,0
odysseus,root.roll,78.333,1,-3.7,,,0,0
odysseus,root.roll,78.417,0.2,-8.9,,,0,0
odysseus,root.roll,78.5,-0.7,-10.6,,,0,0
odysseus,root.roll,78.583,-1.4,-8.9,,,0,0
odysseus,root.roll,78.667,-1.7,-3.7,,,0,0
odysseus,root.roll,78.75,-1.7,0.3,,,0,0
odysseus,root.roll,81.25,-1,2.6,,,0,0
odysseus,root.roll,81.333,-0.5,6.6,,,0,0
odysseus,root.roll,81.417,0.2,8.6,,,0,0
odysseus,root.roll,81.5,0.9,8.6,,,0,0
odysseus,root.roll,81.583,1.5,6.6,,,0,0
odysseus,root.roll,81.667,1.7,2.6,,,0,0
odysseus,root.roll,81.75,1.7,-0.3,,,0,0
odysseus,root.roll,84.5,1,-3.7,,,0,0
odysseus,root.roll,84.583,0.2,-8.9,,,0,0
odysseus,root.roll,84.667,-0.7,-10.6,,,0,0
odysseus,root.roll,84.75,-1.4,-8.9,,,0,0
odysseus,root.roll,84.833,-1.7,-3.7,,,0,0
odysseus,root.roll,84.917,-1.7,0.3,,,0,0
odysseus,root.roll,87.75,-1,3.7,,,0,0
odysseus,root.roll,87.833,-0.2,8.9,,,0,0
odysseus,root.roll,87.917,0.7,10.6,,,0,0
odysseus,root.roll,88,1.4,8.9,,,0,0
odysseus,root.roll,88.083,1.7,3.7,,,0,0
odysseus,root.roll,88.167,1.7,-0.3,,,0,0
odysseus,root.roll,91.583,1,-2.6,,,0,0
odysseus,root.roll,91.667,0.5,-6.6,,,0,0
odysseus,root.roll,91.75,-0.2,-8.6,,,0,0
odysseus,root.roll,91.833,-0.9,-8.6,,,0,0
odysseus,root.roll,91.917,-1.5,-6.6,,,0,0
odysseus,root.roll,92,-1.7,-2.6,,,0,0
odysseus,root.roll,92.083,-1.7,0.3,,,0,0
odysseus,root.roll,95.417,-1,3.7,,,0,0
odysseus,root.roll,95.5,-0.2,8.9,,,0,0
odysseus,root.roll,95.583,0.7,10.6,,,0,0
odysseus,root.roll,95.667,1.4,8.9,,,0,0
odysseus,root.roll,95.75,1.7,3.7,,,0,0
odysseus,root.roll,95.833,1.7,-0.3,,,0,0
odysseus,root.roll,98.333,1,-3.7,,,0,0
odysseus,root.roll,98.417,0.2,-8.9,,,0,0
odysseus,root.roll,98.5,-0.7,-10.6,,,0,0
odysseus,root.roll,98.583,-1.4,-8.9,,,0,0
odysseus,root.roll,98.667,-1.7,-3.7,,,0,0
odysseus,root.roll,98.75,-1.7,0.3,,,0,0
odysseus,root.roll,100.417,-1.3,0,,,0,0
odysseus,torso.lean,0,0,0,-17.2,21.8,0,0
odysseus,torso.lean,0.167,-0.1,-0.7,-17.2,21.8,0.0005,0
odysseus,torso.lean,0.25,-0.2,-1.1,-17.2,21.8,0.0011,0
odysseus,torso.lean,0.333,-0.3,-1.5,-17.2,21.8,0.0017,0
odysseus,torso.lean,0.417,-0.4,-1.7,-17.2,21.8,0.0025,0
odysseus,torso.lean,0.5,-0.6,-1.9,-17.2,21.8,0.0033,0
odysseus,torso.lean,0.583,-0.8,-2,-17.2,21.8,0.0043,0
odysseus,torso.lean,0.667,-0.9,-2.1,-17.2,21.8,0.0052,0
odysseus,torso.lean,0.75,-1.1,-2,-17.2,21.8,0.0061,0.001
odysseus,torso.lean,0.833,-1.3,-1.9,-17.2,21.8,0.007,0.001
odysseus,torso.lean,0.917,-1.4,-1.7,-17.2,21.8,0.0078,0.001
odysseus,torso.lean,1,-3,-18.5,-17.2,21.8,0.0192,0.013
odysseus,torso.lean,1.083,-3.5,-6.8,-17.2,21.8,0.0214,0.006
odysseus,torso.lean,1.167,-6,-30,-17.2,21.8,0.0371,0.042
odysseus,torso.lean,1.25,-6.9,-10.7,-17.2,21.8,0.0413,0.019
odysseus,torso.lean,1.333,-6.9,0.2,-17.2,21.8,0.0397,0.003
odysseus,torso.lean,1.417,-6.7,2.4,-17.2,21.8,0.0371,0.006
odysseus,torso.lean,1.5,-6.3,4.4,-17.2,21.8,0.035,0.008
odysseus,torso.lean,1.583,-6,4.6,-17.2,21.8,0.0326,0.007
odysseus,torso.lean,1.667,-5.6,4.8,-17.2,21.8,0.0304,0.007
odysseus,torso.lean,1.75,-5.1,5,-17.2,21.8,0.0282,0.006
odysseus,torso.lean,1.833,-4.7,5.1,-17.2,21.8,0.0259,0.006
odysseus,torso.lean,1.917,-4.3,4.7,-17.2,21.8,0.0238,0.005
odysseus,torso.lean,2,-3.5,9.5,-17.2,21.8,0.0202,0.007
odysseus,torso.lean,2.083,-2.6,11.8,-17.2,21.8,0.0144,0.006
odysseus,torso.lean,2.167,-1.6,11.8,-17.2,21.8,0.0086,0.004
odysseus,torso.lean,2.25,-0.8,9.4,-17.2,21.8,0.0048,0.002
odysseus,torso.lean,2.333,-0.4,4.6,-17.2,21.8,0.0031,0.001
odysseus,torso.lean,2.417,-0.3,1.3,-17.2,21.8,0.0022,0
odysseus,torso.lean,2.5,-0.2,1.2,-17.2,21.8,0.0011,0
odysseus,torso.lean,2.583,-0.1,1,-17.2,21.8,0.0007,0
odysseus,torso.lean,2.667,-0.1,0.7,-17.2,21.8,0.0003,0
odysseus,torso.lean,2.75,0,0.5,-17.2,21.8,0.0001,0
odysseus,torso.lean,3.167,-1.3,-14.4,-17.2,21.8,0.0094,0.005
odysseus,torso.lean,3.25,-1.7,-5.3,-17.2,21.8,0.011,0.002
odysseus,torso.lean,3.333,0,20.9,-17.2,21.8,0.0049,0.004
odysseus,torso.lean,3.417,1.3,14.6,-17.2,21.8,0.008,0.004
odysseus,torso.lean,3.5,2,8.4,-17.2,21.8,0.0118,0.004
odysseus,torso.lean,3.583,2.1,2.1,-17.2,21.8,0.0128,0.001
odysseus,torso.lean,3.667,1.9,-2.9,-17.2,21.8,0.0113,0.001
odysseus,torso.lean,3.75,1.6,-2.9,-17.2,21.8,0.009,0.001
odysseus,torso.lean,3.833,1.4,-3,-17.2,21.8,0.0077,0.001
odysseus,torso.lean,3.917,1.1,-3,-17.2,21.8,0.0063,0.001
odysseus,torso.lean,4,0.9,-3,-17.2,21.8,0.0049,0.001
odysseus,torso.lean,4.083,0.7,-2.7,-17.2,21.8,0.0037,0
odysseus,torso.lean,4.167,0.2,-5.1,-17.2,21.8,0.0017,0
odysseus,torso.lean,4.25,-0.3,-6.3,-17.2,21.8,0.0018,0
odysseus,torso.lean,4.333,-0.8,-6.3,-17.2,21.8,0.0044,0.001
odysseus,torso.lean,4.417,-1.2,-5,-17.2,21.8,0.0069,0.001
odysseus,torso.lean,4.5,-1.4,-2.5,-17.2,21.8,0.0083,0.001
odysseus,torso.lean,4.583,-1.5,-0.8,-17.2,21.8,0.0085,0
odysseus,torso.lean,4.667,-1.6,-0.7,-17.2,21.8,0.0086,0
odysseus,torso.lean,4.75,-1.6,-0.6,-17.2,21.8,0.0089,0
odysseus,torso.lean,4.833,-1.7,-0.5,-17.2,21.8,0.0091,0
odysseus,torso.lean,4.917,-1.7,-0.4,-17.2,21.8,0.0093,0
odysseus,torso.lean,5.333,-1.6,0.7,-17.2,21.8,0.0088,0
odysseus,torso.lean,5.417,-1.5,1,-17.2,21.8,0.0084,0
odysseus,torso.lean,5.5,-1.4,1.2,-17.2,21.8,0.0078,0
odysseus,torso.lean,5.583,-1.3,1.3,-17.2,21.8,0.0072,0
odysseus,torso.lean,5.667,-1.2,1.5,-17.2,21.8,0.0065,0
odysseus,torso.lean,5.75,-1.1,1.6,-17.2,21.8,0.0058,0
odysseus,torso.lean,5.833,-0.9,1.6,-17.2,21.8,0.0051,0
odysseus,torso.lean,5.917,-0.8,1.6,-17.2,21.8,0.0043,0
odysseus,torso.lean,6,-0.7,1.6,-17.2,21.8,0.0036,0
odysseus,torso.lean,6.083,-0.5,1.6,-17.2,21.8,0.0029,0
odysseus,torso.lean,6.167,-0.4,1.5,-17.2,21.8,0.0022,0
odysseus,torso.lean,6.25,-0.3,1.3,-17.2,21.8,0.0016,0
odysseus,torso.lean,6.333,-0.2,1.2,-17.2,21.8,0.0011,0
odysseus,torso.lean,6.417,-0.1,1,-17.2,21.8,0.0007,0
odysseus,torso.lean,6.5,-0.1,0.7,-17.2,21.8,0.0003,0
odysseus,torso.lean,6.583,0,0.5,-17.2,21.8,0.0001,0
odysseus,torso.lean,7,-0.1,-0.5,-17.2,21.8,0.0006,0
odysseus,torso.lean,7.083,-0.2,-0.6,-17.2,21.8,0.0009,0
odysseus,torso.lean,7.167,-0.2,-0.7,-17.2,21.8,0.0012,0
odysseus,torso.lean,7.25,-0.3,-0.8,-17.2,21.8,0.0016,0
odysseus,torso.lean,7.333,-0.4,-0.9,-17.2,21.8,0.002,0
odysseus,torso.lean,7.417,-0.4,-1,-17.2,21.8,0.0025,0
odysseus,torso.lean,7.5,-0.5,-1,-17.2,21.8,0.0029,0
odysseus,torso.lean,7.583,-0.6,-1.1,-17.2,21.8,0.0034,0
odysseus,torso.lean,7.667,-0.7,-1.1,-17.2,21.8,0.0039,0
odysseus,torso.lean,7.75,-0.8,-1.1,-17.2,21.8,0.0045,0
odysseus,torso.lean,7.833,-2.1,-15.1,-17.2,21.8,0.0138,0.008
odysseus,torso.lean,7.917,-2.5,-5.8,-17.2,21.8,0.0156,0.004
odysseus,torso.lean,8,-4.6,-25.1,-17.2,21.8,0.0289,0.027
odysseus,torso.lean,8.083,-5.4,-9.6,-17.2,21.8,0.0325,0.013
odysseus,torso.lean,8.167,-5.5,-1,-17.2,21.8,0.0318,0.003
odysseus,torso.lean,8.25,-5.5,0.6,-17.2,21.8,0.0303,0.002
odysseus,torso.lean,8.333,-5.4,1.6,-17.2,21.8,0.0295,0.003
odysseus,torso.lean,8.417,-5.2,1.6,-17.2,21.8,0.0285,0.003
odysseus,torso.lean,8.5,-5.1,1.7,-17.2,21.8,0.0278,0.003
odysseus,torso.lean,8.583,-4.9,1.8,-17.2,21.8,0.0269,0.003
odysseus,torso.lean,8.667,-4.8,2,-17.2,21.8,0.026,0.003
odysseus,torso.lean,8.75,-4.6,2.1,-17.2,21.8,0.0251,0.003
odysseus,torso.lean,8.833,-4.4,2.3,-17.2,21.8,0.024,0.003
odysseus,torso.lean,8.917,-3.9,6.3,-17.2,21.8,0.0218,0.006
odysseus,torso.lean,9,-3.1,8.5,-17.2,21.8,0.0176,0.006
odysseus,torso.lean,9.083,-2.4,8.8,-17.2,21.8,0.0133,0.004
odysseus,torso.lean,9.167,-1.8,7.2,-17.2,21.8,0.0103,0.003
odysseus,torso.lean,9.25,-1.5,3.5,-17.2,21.8,0.009,0.001
odysseus,torso.lean,9.333,-1.4,1.2,-17.2,21.8,0.0082,0
odysseus,torso.lean,9.417,-1.3,1.3,-17.2,21.8,0.0072,0
odysseus,torso.lean,9.5,-1.2,1.5,-17.2,21.8,0.0065,0
odysseus,torso.lean,9.583,-1.1,1.6,-17.2,21.8,0.0058,0
odysseus,torso.lean,9.667,-0.9,1.6,-17.2,21.8,0.0051,0
odysseus,torso.lean,9.75,-0.8,1.6,-17.2,21.8,0.0043,0
odysseus,torso.lean,9.833,-0.7,1.6,-17.2,21.8,0.0036,0
odysseus,torso.lean,9.917,-0.5,1.6,-17.2,21.8,0.0029,0
odysseus,torso.lean,10,-0.4,1.5,-17.2,21.8,0.0022,0
odysseus,torso.lean,10.083,-0.3,1.3,-17.2,21.8,0.0016,0
odysseus,torso.lean,10.167,-0.2,1.2,-17.2,21.8,0.0011,0
odysseus,torso.lean,10.25,-0.1,1,-17.2,21.8,0.0007,0
odysseus,torso.lean,10.333,-0.1,0.7,-17.2,21.8,0.0003,0
odysseus,torso.lean,10.417,0,0.5,-17.2,21.8,0.0001,0
odysseus,torso.lean,10.833,-0.1,-0.5,-17.2,21.8,0.0006,0
odysseus,torso.lean,10.917,-0.2,-0.6,-17.2,21.8,0.0009,0
odysseus,torso.lean,11,-0.2,-0.7,-17.2,21.8,0.0012,0
odysseus,torso.lean,11.083,-0.3,-0.8,-17.2,21.8,0.0016,0
odysseus,torso.lean,11.167,-0.4,-0.9,-17.2,21.8,0.002,0
odysseus,torso.lean,11.25,-0.4,-1,-17.2,21.8,0.0025,0
odysseus,torso.lean,11.333,-0.5,-1,-17.2,21.8,0.0029,0
odysseus,torso.lean,11.417,-0.6,-1.1,-17.2,21.8,0.0034,0
odysseus,torso.lean,11.5,-0.7,-1.1,-17.2,21.8,0.0039,0
odysseus,torso.lean,11.583,-0.8,-1.1,-17.2,21.8,0.0045,0
odysseus,torso.lean,11.667,-0.9,-1.1,-17.2,21.8,0.005,0
odysseus,torso.lean,11.75,-1,-1.1,-17.2,21.8,0.0055,0
odysseus,torso.lean,11.833,-1.1,-1.1,-17.2,21.8,0.006,0
odysseus,torso.lean,11.917,-1.2,-1.1,-17.2,21.8,0.0065,0
odysseus,torso.lean,12,-1.3,-1,-17.2,21.8,0.007,0
odysseus,torso.lean,12.083,-1.4,-1,-17.2,21.8,0.0074,0
odysseus,torso.lean,12.167,-1.4,-0.9,-17.2,21.8,0.0079,0
odysseus,torso.lean,12.25,-2.7,-14.8,-17.2,21.8,0.0171,0.009
odysseus,torso.lean,12.333,-3.1,-5.4,-17.2,21.8,0.0187,0.004
odysseus,torso.lean,12.417,-5.5,-28.8,-17.2,21.8,0.0343,0.037
odysseus,torso.lean,12.5,-6,-5.3,-17.2,21.8,0.0368,0.01
odysseus,torso.lean,12.583,-5.8,1.7,-17.2,21.8,0.0331,0.004
odysseus,torso.lean,12.667,-5.6,2.2,-17.2,21.8,0.0309,0.004
odysseus,torso.lean,12.75,-5.4,2.4,-17.2,21.8,0.0297,0.004
odysseus,torso.lean,12.833,-5.2,2.6,-17.2,21.8,0.0286,0.004
odysseus,torso.lean,12.917,-5,2.9,-17.2,21.8,0.0272,0.004
odysseus,torso.lean,13,-4.7,3.2,-17.2,21.8,0.0258,0.004
odysseus,torso.lean,13.083,-4.4,3.5,-17.2,21.8,0.0242,0.004
odysseus,torso.lean,13.167,-4.1,3.7,-17.2,21.8,0.0225,0.004
odysseus,torso.lean,13.25,-3.5,7.8,-17.2,21.8,0.0196,0.006
odysseus,torso.lean,13.333,-2.6,9.8,-17.2,21.8,0.0148,0.006
odysseus,torso.lean,13.417,-1.8,9.9,-17.2,21.8,0.0099,0.004
odysseus,torso.lean,13.5,-1.1,8,-17.2,21.8,0.0066,0.002
odysseus,torso.lean,13.583,-0.8,4.2,-17.2,21.8,0.005,0.001
odysseus,torso.lean,13.667,-0.7,1.6,-17.2,21.8,0.0041,0
odysseus,torso.lean,13.75,-0.5,1.6,-17.2,21.8,0.0029,0
odysseus,torso.lean,13.833,-0.4,1.5,-17.2,21.8,0.0022,0
odysseus,torso.lean,13.917,-0.3,1.3,-17.2,21.8,0.0016,0
odysseus,torso.lean,14,-0.2,1.2,-17.2,21.8,0.0011,0
odysseus,torso.lean,14.083,-0.1,1,-17.2,21.8,0.0007,0
odysseus,torso.lean,14.167,-0.1,0.7,-17.2,21.8,0.0003,0
odysseus,torso.lean,14.25,0,0.5,-17.2,21.8,0.0001,0
odysseus,torso.lean,14.667,-0.1,-0.5,-17.2,21.8,0.0006,0
odysseus,torso.lean,14.75,-0.2,-0.6,-17.2,21.8,0.0009,0
odysseus,torso.lean,14.833,-1.4,-14.7,-17.2,21.8,0.0101,0.005
odysseus,torso.lean,14.917,-1.8,-5.5,-17.2,21.8,0.0117,0.003
odysseus,torso.lean,15,-0.1,20.7,-17.2,21.8,0.0053,0.004
odysseus,torso.lean,15.083,1.1,14.5,-17.2,21.8,0.0072,0.004
odysseus,torso.lean,15.167,1.8,8.2,-17.2,21.8,0.0109,0.003
odysseus,torso.lean,15.25,2,2,-17.2,21.8,0.0118,0.001
odysseus,torso.lean,15.333,1.7,-2.7,-17.2,21.8,0.0103,0.001
odysseus,torso.lean,15.417,1.5,-2.7,-17.2,21.8,0.0083,0.001
odysseus,torso.lean,15.5,1.3,-2.7,-17.2,21.8,0.007,0.001
odysseus,torso.lean,15.583,1.1,-2.7,-17.2,21.8,0.0058,0.001
odysseus,torso.lean,15.667,0.8,-2.7,-17.2,21.8,0.0046,0
odysseus,torso.lean,15.75,0.6,-2.6,-17.2,21.8,0.0034,0
odysseus,torso.lean,15.833,0.4,-2.6,-17.2,21.8,0.0022,0
odysseus,torso.lean,15.917,0,-5,-17.2,21.8,0.0005,0
odysseus,torso.lean,16,-0.5,-6.1,-17.2,21.8,0.0031,0.001
odysseus,torso.lean,16.083,-1,-6.1,-17.2,21.8,0.0057,0.001
odysseus,torso.lean,16.167,-1.4,-4.8,-17.2,21.8,0.0081,0.001
odysseus,torso.lean,16.25,-1.6,-2.2,-17.2,21.8,0.0093,0.001
odysseus,torso.lean,16.333,-1.7,-0.5,-17.2,21.8,0.0094,0
odysseus,torso.lean,16.417,-1.7,-0.4,-17.2,21.8,0.0093,0
odysseus,torso.lean,16.833,-1.6,0.7,-17.2,21.8,0.0088,0
odysseus,torso.lean,16.917,-1.5,1,-17.2,21.8,0.0084,0
odysseus,torso.lean,17,-1.4,1.2,-17.2,21.8,0.0078,0
odysseus,torso.lean,17.083,-1.3,1.3,-17.2,21.8,0.0072,0
odysseus,torso.lean,17.167,-1.2,1.5,-17.2,21.8,0.0065,0
odysseus,torso.lean,17.25,-1.1,1.6,-17.2,21.8,0.0058,0
odysseus,torso.lean,17.333,-0.9,1.6,-17.2,21.8,0.0051,0
odysseus,torso.lean,17.417,-0.8,1.6,-17.2,21.8,0.0043,0
odysseus,torso.lean,17.5,-0.7,1.6,-17.2,21.8,0.0036,0
odysseus,torso.lean,17.583,-0.5,1.6,-17.2,21.8,0.0029,0
odysseus,torso.lean,17.667,-0.4,1.5,-17.2,21.8,0.0022,0
odysseus,torso.lean,17.75,-0.3,1.3,-17.2,21.8,0.0016,0
odysseus,torso.lean,17.833,-0.2,1.2,-17.2,21.8,0.0011,0
odysseus,torso.lean,17.917,-0.1,1,-17.2,21.8,0.0007,0
odysseus,torso.lean,18,-0.1,0.7,-17.2,21.8,0.0003,0
odysseus,torso.lean,18.083,0,0.5,-17.2,21.8,0.0001,0
odysseus,torso.lean,18.5,-0.1,-0.5,-17.2,21.8,0.0006,0
odysseus,torso.lean,18.583,-0.2,-0.6,-17.2,21.8,0.0009,0
odysseus,torso.lean,18.667,-0.2,-0.7,-17.2,21.8,0.0012,0
odysseus,torso.lean,18.75,-0.3,-0.8,-17.2,21.8,0.0016,0
odysseus,torso.lean,18.833,-0.4,-0.9,-17.2,21.8,0.002,0
odysseus,torso.lean,18.917,-0.4,-1,-17.2,21.8,0.0025,0
odysseus,torso.lean,19,-0.5,-1,-17.2,21.8,0.0029,0
odysseus,torso.lean,19.083,-0.6,-1.1,-17.2,21.8,0.0034,0
odysseus,torso.lean,19.167,-0.7,-1.1,-17.2,21.8,0.0039,0
odysseus,torso.lean,19.25,-0.8,-1.1,-17.2,21.8,0.0045,0
odysseus,torso.lean,19.333,-0.9,-1.1,-17.2,21.8,0.005,0
odysseus,torso.lean,19.417,-1,-1.1,-17.2,21.8,0.0055,0
odysseus,torso.lean,19.5,-1.1,-1.1,-17.2,21.8,0.006,0
odysseus,torso.lean,19.583,-1.2,-1.1,-17.2,21.8,0.0065,0
odysseus,torso.lean,19.667,-1.3,-1,-17.2,21.8,0.007,0
odysseus,torso.lean,19.75,-1.4,-1,-17.2,21.8,0.0074,0
odysseus,torso.lean,19.833,-1.4,-0.9,-17.2,21.8,0.0079,0
odysseus,torso.lean,19.917,-1.5,-0.8,-17.2,21.8,0.0082,0
odysseus,torso.lean,20,-1.6,-0.7,-17.2,21.8,0.0086,0
odysseus,torso.lean,20.083,-1.6,-0.6,-17.2,21.8,0.0089,0
odysseus,torso.lean,20.167,-1.7,-0.5,-17.2,21.8,0.0091,0
odysseus,torso.lean,20.25,-1.7,-0.4,-17.2,21.8,0.0093,0
odysseus,torso.lean,20.667,-1.6,0.7,-17.2,21.8,0.0088,0
odysseus,torso.lean,20.75,-1.5,1,-17.2,21.8,0.0084,0
odysseus,torso.lean,20.833,-1.4,1.2,-17.2,21.8,0.0078,0
odysseus,torso.lean,20.917,-1.3,1.3,-17.2,21.8,0.0072,0
odysseus,torso.lean,21,-1.2,1.5,-17.2,21.8,0.0065,0
odysseus,torso.lean,21.083,-1.1,1.6,-17.2,21.8,0.0058,0
odysseus,torso.lean,21.167,-0.9,1.6,-17.2,21.8,0.0051,0
odysseus,torso.lean,21.25,-0.8,1.6,-17.2,21.8,0.0043,0
odysseus,torso.lean,21.333,-0.7,1.6,-17.2,21.8,0.0036,0
odysseus,torso.lean,21.417,-0.5,1.6,-17.2,21.8,0.0029,0
odysseus,torso.lean,21.5,-0.4,1.5,-17.2,21.8,0.0022,0
odysseus,torso.lean,21.583,-0.3,1.3,-17.2,21.8,0.0016,0
odysseus,torso.lean,21.667,-0.2,1.2,-17.2,21.8,0.0011,0
odysseus,torso.lean,21.75,-0.1,1,-17.2,21.8,0.0007,0
odysseus,torso.lean,21.833,-0.1,0.7,-17.2,21.8,0.0003,0
odysseus,torso.lean,21.917,0,0.5,-17.2,21.8,0.0001,0
odysseus,torso.lean,22.333,-0.1,-0.5,-17.2,21.8,0.0006,0
odysseus,torso.lean,22.417,-0.2,-0.6,-17.2,21.8,0.0009,0
odysseus,torso.lean,22.5,-0.2,-0.7,-17.2,21.8,0.0012,0
odysseus,torso.lean,22.583,-0.3,-0.8,-17.2,21.8,0.0016,0
odysseus,torso.lean,22.667,-0.4,-0.9,-17.2,21.8,0.002,0
odysseus,torso.lean,22.75,-0.4,-1,-17.2,21.8,0.0025,0
odysseus,torso.lean,22.833,-0.5,-1,-17.2,21.8,0.0029,0
odysseus,torso.lean,22.917,-0.6,-1.1,-17.2,21.8,0.0034,0
odysseus,torso.lean,23,-0.7,-1.1,-17.2,21.8,0.0039,0
odysseus,torso.lean,23.083,-0.8,-1.1,-17.2,21.8,0.0045,0
odysseus,torso.lean,23.167,-0.9,-1.1,-17.2,21.8,0.005,0
odysseus,torso.lean,23.25,-1,-1.1,-17.2,21.8,0.0055,0
odysseus,torso.lean,23.333,-1.1,-1.1,-17.2,21.8,0.006,0
odysseus,torso.lean,23.417,-1.2,-1.1,-17.2,21.8,0.0065,0
odysseus,torso.lean,23.5,-1.3,-1,-17.2,21.8,0.007,0
odysseus,torso.lean,23.583,-1.4,-1,-17.2,21.8,0.0074,0
odysseus,torso.lean,23.667,-1.4,-0.9,-17.2,21.8,0.0079,0
odysseus,torso.lean,23.75,-1.5,-0.8,-17.2,21.8,0.0082,0
odysseus,torso.lean,23.833,-1.6,-0.7,-17.2,21.8,0.0086,0
odysseus,torso.lean,23.917,-1.6,-0.6,-17.2,21.8,0.0089,0
odysseus,torso.lean,24,-1.7,-0.5,-17.2,21.8,0.0091,0
odysseus,torso.lean,24.083,-1.7,-0.4,-17.2,21.8,0.0093,0
odysseus,torso.lean,24.5,-1.6,0.7,-17.2,21.8,0.0088,0
odysseus,torso.lean,24.583,-1.5,1,-17.2,21.8,0.0084,0
odysseus,torso.lean,24.667,-1.4,1.2,-17.2,21.8,0.0078,0
odysseus,torso.lean,24.75,-1.3,1.3,-17.2,21.8,0.0072,0
odysseus,torso.lean,24.833,-1.2,1.5,-17.2,21.8,0.0065,0
odysseus,torso.lean,24.917,-1.1,1.6,-17.2,21.8,0.0058,0
odysseus,torso.lean,25,-0.9,1.6,-17.2,21.8,0.0051,0
odysseus,torso.lean,25.083,-0.8,1.6,-17.2,21.8,0.0043,0
odysseus,torso.lean,25.167,-0.7,1.6,-17.2,21.8,0.0036,0
odysseus,torso.lean,25.25,-0.5,1.6,-17.2,21.8,0.0029,0
odysseus,torso.lean,25.333,-0.4,1.5,-17.2,21.8,0.0022,0
odysseus,torso.lean,25.417,-0.3,1.3,-17.2,21.8,0.0016,0
odysseus,torso.lean,25.5,-0.2,1.2,-17.2,21.8,0.0011,0
odysseus,torso.lean,25.583,-0.1,1,-17.2,21.8,0.0007,0
odysseus,torso.lean,25.667,-0.1,0.7,-17.2,21.8,0.0003,0
odysseus,torso.lean,25.75,0,0.5,-17.2,21.8,0.0001,0
odysseus,torso.lean,26.167,-0.1,-0.5,-17.2,21.8,0.0006,0
odysseus,torso.lean,26.25,-0.2,-0.6,-17.2,21.8,0.0009,0
odysseus,torso.lean,26.333,-0.2,-0.7,-17.2,21.8,0.0012,0
odysseus,torso.lean,26.417,-0.3,-0.8,-17.2,21.8,0.0016,0
odysseus,torso.lean,26.5,-0.4,-0.9,-17.2,21.8,0.002,0
odysseus,torso.lean,26.583,-0.4,-1,-17.2,21.8,0.0025,0
odysseus,torso.lean,26.667,-0.5,-1,-17.2,21.8,0.0029,0
odysseus,torso.lean,26.75,-0.6,-1.1,-17.2,21.8,0.0034,0
odysseus,torso.lean,26.833,-0.7,-1.1,-17.2,21.8,0.0039,0
odysseus,torso.lean,26.917,-0.8,-1.1,-17.2,21.8,0.0045,0
odysseus,torso.lean,27,-0.9,-1.1,-17.2,21.8,0.005,0
odysseus,torso.lean,27.083,-1,-1.1,-17.2,21.8,0.0055,0
odysseus,torso.lean,27.167,-1.1,-1.1,-17.2,21.8,0.006,0
odysseus,torso.lean,27.25,-1.2,-1.1,-17.2,21.8,0.0065,0
odysseus,torso.lean,27.333,-1.3,-1,-17.2,21.8,0.007,0
odysseus,torso.lean,27.417,-1.4,-1,-17.2,21.8,0.0074,0
odysseus,torso.lean,27.5,-1.4,-0.9,-17.2,21.8,0.0079,0
odysseus,torso.lean,27.583,-1.5,-0.8,-17.2,21.8,0.0082,0
odysseus,torso.lean,27.667,-1.6,-0.7,-17.2,21.8,0.0086,0
odysseus,torso.lean,27.75,-1.6,-0.6,-17.2,21.8,0.0089,0
odysseus,torso.lean,27.833,-1.7,-0.5,-17.2,21.8,0.0091,0
odysseus,torso.lean,27.917,-1.7,-0.4,-17.2,21.8,0.0093,0
odysseus,torso.lean,28.333,-1.6,0.7,-17.2,21.8,0.0088,0
odysseus,torso.lean,28.417,-1.5,1,-17.2,21.8,0.0084,0
odysseus,torso.lean,28.5,-1.4,1.2,-17.2,21.8,0.0078,0
odysseus,torso.lean,28.583,-1.3,1.3,-17.2,21.8,0.0072,0
odysseus,torso.lean,28.667,-1.2,1.5,-17.2,21.8,0.0065,0
odysseus,torso.lean,28.75,-1.1,1.6,-17.2,21.8,0.0058,0
odysseus,torso.lean,28.833,-0.9,1.6,-17.2,21.8,0.0051,0
odysseus,torso.lean,28.917,-0.8,1.6,-17.2,21.8,0.0043,0
odysseus,torso.lean,29,-2.1,-15.4,-17.2,21.8,0.0144,0.008
odysseus,torso.lean,29.083,-2.4,-4.1,-17.2,21.8,0.0153,0.003
odysseus,torso.lean,29.167,-2,4.8,-17.2,21.8,0.0127,0.002
odysseus,torso.lean,29.25,-1.7,3.7,-17.2,21.8,0.0096,0.001
odysseus,torso.lean,29.333,-1.5,2.6,-17.2,21.8,0.0084,0.001
odysseus,torso.lean,29.417,-1.4,1.5,-17.2,21.8,0.0077,0.001
odysseus,torso.lean,29.5,-1.2,1.7,-17.2,21.8,0.0068,0
odysseus,torso.lean,29.583,-1.1,1.4,-17.2,21.8,0.0062,0
odysseus,torso.lean,29.667,-1,1.1,-17.2,21.8,0.0057,0
odysseus,torso.lean,29.75,-1,0.8,-17.2,21.8,0.0053,0
odysseus,torso.lean,29.833,-0.9,0.7,-17.2,21.8,0.005,0
odysseus,torso.lean,29.917,-0.9,0.4,-17.2,21.8,0.0048,0
odysseus,torso.lean,30,-0.8,1.4,-17.2,21.8,0.0043,0
odysseus,torso.lean,30.083,-0.6,1.9,-17.2,21.8,0.0034,0
odysseus,torso.lean,30.167,-0.4,1.8,-17.2,21.8,0.0025,0
odysseus,torso.lean,30.25,-0.4,1.1,-17.2,21.8,0.0021,0
odysseus,torso.lean,30.333,-0.4,-0.1,-17.2,21.8,0.0022,0
odysseus,torso.lean,30.417,-0.4,-1,-17.2,21.8,0.0026,0
odysseus,torso.lean,30.5,-0.5,-1,-17.2,21.8,0.0029,0
odysseus,torso.lean,30.583,-0.6,-1.1,-17.2,21.8,0.0034,0
odysseus,torso.lean,30.667,-0.7,-1.1,-17.2,21.8,0.0039,0
odysseus,torso.lean,30.75,-0.8,-1.1,-17.2,21.8,0.0045,0
odysseus,torso.lean,30.833,-2.1,-15.1,-17.2,21.8,0.0138,0.008
odysseus,torso.lean,30.917,-2.5,-5.8,-17.2,21.8,0.0156,0.004
odysseus,torso.lean,31,-0.8,20.5,-17.2,21.8,0.0093,0.007
odysseus,torso.lean,31.083,0.4,14.4,-17.2,21.8,0.0031,0.002
odysseus,torso.lean,31.167,1,8.2,-17.2,21.8,0.0068,0.002
odysseus,torso.lean,31.25,1.2,2.1,-17.2,21.8,0.0078,0.001
odysseus,torso.lean,31.333,1,-2.8,-17.2,21.8,0.0063,0.001
odysseus,torso.lean,31.417,0.8,-2.7,-17.2,21.8,0.0042,0
odysseus,torso.lean,31.5,0.6,-2.6,-17.2,21.8,0.003,0
odysseus,torso.lean,31.583,0.3,-2.5,-17.2,21.8,0.0019,0
odysseus,torso.lean,31.667,0.1,-2.4,-17.2,21.8,0.0008,0
odysseus,torso.lean,31.75,0,-2,-17.2,21.8,0.0002,0
odysseus,torso.lean,31.833,-0.4,-4.3,-17.2,21.8,0.0025,0
odysseus,torso.lean,31.917,-0.8,-5.3,-17.2,21.8,0.0047,0.001
odysseus,torso.lean,32,-1.2,-5,-17.2,21.8,0.0068,0.001
odysseus,torso.lean,32.083,-1.5,-3.5,-17.2,21.8,0.0087,0.001
odysseus,torso.lean,32.167,-1.6,-0.9,-17.2,21.8,0.0093,0
odysseus,torso.lean,32.25,-1.5,1,-17.2,21.8,0.0087,0
odysseus,torso.lean,32.333,-1.4,1.2,-17.2,21.8,0.0078,0
odysseus,torso.lean,32.417,-1.3,1.3,-17.2,21.8,0.0072,0
odysseus,torso.lean,32.5,-1.2,1.5,-17.2,21.8,0.0065,0
odysseus,torso.lean,32.583,-1.1,1.6,-17.2,21.8,0.0058,0
odysseus,torso.lean,32.667,-0.9,1.6,-17.2,21.8,0.0051,0
odysseus,torso.lean,32.75,-0.8,1.6,-17.2,21.8,0.0043,0
odysseus,torso.lean,32.833,-0.7,1.6,-17.2,21.8,0.0036,0
odysseus,torso.lean,32.917,-0.5,1.6,-17.2,21.8,0.0029,0
odysseus,torso.lean,33,-0.4,1.5,-17.2,21.8,0.0022,0
odysseus,torso.lean,33.083,-0.3,1.3,-17.2,21.8,0.0016,0
odysseus,torso.lean,33.167,-0.2,1.2,-17.2,21.8,0.0011,0
odysseus,torso.lean,33.25,-0.1,1,-17.2,21.8,0.0007,0
odysseus,torso.lean,33.333,-0.1,0.7,-17.2,21.8,0.0003,0
odysseus,torso.lean,33.417,0,0.5,-17.2,21.8,0.0001,0
odysseus,torso.lean,33.833,-0.1,-0.5,-17.2,21.8,0.0006,0
odysseus,torso.lean,33.917,-0.2,-0.6,-17.2,21.8,0.0009,0
odysseus,torso.lean,34,-0.2,-0.7,-17.2,21.8,0.0012,0
odysseus,torso.lean,34.083,-0.3,-0.8,-17.2,21.8,0.0016,0
odysseus,torso.lean,34.167,-0.4,-0.9,-17.2,21.8,0.002,0
odysseus,torso.lean,34.25,-0.4,-1,-17.2,21.8,0.0025,0
odysseus,torso.lean,34.333,-0.5,-1,-17.2,21.8,0.0029,0
odysseus,torso.lean,34.417,-0.6,-1.1,-17.2,21.8,0.0034,0
odysseus,torso.lean,34.5,-0.7,-1.1,-17.2,21.8,0.0039,0
odysseus,torso.lean,34.583,-0.8,-1.1,-17.2,21.8,0.0045,0
odysseus,torso.lean,34.667,-0.9,-1.1,-17.2,21.8,0.005,0
odysseus,torso.lean,34.75,-1,-1.1,-17.2,21.8,0.0055,0
odysseus,torso.lean,34.833,-1.1,-1.1,-17.2,21.8,0.006,0
odysseus,torso.lean,34.917,-1.2,-1.1,-17.2,21.8,0.0065,0
odysseus,torso.lean,35,-1.3,-1,-17.2,21.8,0.007,0
odysseus,torso.lean,35.083,-1.4,-1,-17.2,21.8,0.0074,0
odysseus,torso.lean,35.167,-1.4,-0.9,-17.2,21.8,0.0079,0
odysseus,torso.lean,35.25,-1.5,-0.8,-17.2,21.8,0.0082,0
odysseus,torso.lean,35.333,-1.6,-0.7,-17.2,21.8,0.0086,0
odysseus,torso.lean,35.417,-1.6,-0.6,-17.2,21.8,0.0089,0
odysseus,torso.lean,35.5,-1.7,-0.5,-17.2,21.8,0.0091,0
odysseus,torso.lean,35.583,-1.7,-0.4,-17.2,21.8,0.0093,0
odysseus,torso.lean,36,-2.8,-13.2,-17.2,21.8,0.0176,0.009
odysseus,torso.lean,36.083,-3.1,-3.7,-17.2,21.8,0.0185,0.003
odysseus,torso.lean,36.167,-2.7,3.9,-17.2,21.8,0.0164,0.003
odysseus,torso.lean,36.25,-2.5,3.3,-17.2,21.8,0.0137,0.002
odysseus,torso.lean,36.333,-2.3,2.6,-17.2,21.8,0.0125,0.001
odysseus,torso.lean,36.417,-2.1,1.9,-17.2,21.8,0.0116,0.001
odysseus,torso.lean,36.5,-1.9,2.4,-17.2,21.8,0.0105,0.001
odysseus,torso.lean,36.583,-1.7,2.4,-17.2,21.8,0.0093,0.001
odysseus,torso.lean,36.667,-1.5,2.4,-17.2,21.8,0.0082,0.001
odysseus,torso.lean,36.75,-1.3,2.3,-17.2,21.8,0.0072,0.001
odysseus,torso.lean,36.833,-1.1,2.2,-17.2,21.8,0.0062,0.001
odysseus,torso.lean,36.917,-1,2,-17.2,21.8,0.0053,0
odysseus,torso.lean,37,-0.7,2.8,-17.2,21.8,0.0041,0
odysseus,torso.lean,37.083,-0.5,3.1,-17.2,21.8,0.0027,0
odysseus,torso.lean,37.167,-0.2,2.8,-17.2,21.8,0.0014,0
odysseus,torso.lean,37.25,-0.1,2.1,-17.2,21.8,0.0005,0
odysseus,torso.lean,37.333,0,0.8,-17.2,21.8,0.0002,0
odysseus,torso.lean,37.417,0,-0.1,-17.2,21.8,0.0002,0
odysseus,torso.lean,37.667,-0.1,-0.5,-17.2,21.8,0.0006,0
odysseus,torso.lean,37.75,-0.2,-0.6,-17.2,21.8,0.0009,0
odysseus,torso.lean,37.833,-0.2,-0.7,-17.2,21.8,0.0012,0
odysseus,torso.lean,37.917,-1.4,-14.8,-17.2,21.8,0.0104,0.006
odysseus,torso.lean,38,-1.9,-5.6,-17.2,21.8,0.0121,0.003
odysseus,torso.lean,38.083,-1.8,1.7,-17.2,21.8,0.011,0.001
odysseus,torso.lean,38.167,-1.7,0.9,-17.2,21.8,0.0094,0
odysseus,torso.lean,38.25,-1.7,0.1,-17.2,21.8,0.0094,0
odysseus,torso.lean,38.333,-1.7,-0.7,-17.2,21.8,0.0097,0
odysseus,torso.lean,38.417,-1.8,-0.4,-17.2,21.8,0.0098,0
odysseus,torso.lean,38.917,-1.9,0.6,-17.2,21.8,0.0105,0
odysseus,torso.lean,39,-1.8,1.2,-17.2,21.8,0.0099,0.001
odysseus,torso.lean,39.083,-1.7,1.2,-17.2,21.8,0.0093,0.001
odysseus,torso.lean,39.167,-1.6,0.9,-17.2,21.8,0.0089,0
odysseus,torso.lean,39.25,-1.6,0,-17.2,21.8,0.009,0
odysseus,torso.lean,39.333,-1.7,-0.5,-17.2,21.8,0.0092,0
odysseus,torso.lean,39.417,-1.7,-0.4,-17.2,21.8,0.0093,0
odysseus,torso.lean,39.833,-1.6,0.7,-17.2,21.8,0.0088,0
odysseus,torso.lean,39.917,-1.5,1,-17.2,21.8,0.0084,0
odysseus,torso.lean,40,-1.4,1.2,-17.2,21.8,0.0078,0
odysseus,torso.lean,40.083,-1.3,1.3,-17.2,21.8,0.0072,0
odysseus,torso.lean,40.167,-1.2,1.5,-17.2,21.8,0.0065,0
odysseus,torso.lean,40.25,-1.1,1.6,-17.2,21.8,0.0058,0
odysseus,torso.lean,40.333,-0.9,1.6,-17.2,21.8,0.0051,0
odysseus,torso.lean,40.417,-0.8,1.6,-17.2,21.8,0.0043,0
odysseus,torso.lean,40.5,-0.7,1.6,-17.2,21.8,0.0036,0
odysseus,torso.lean,40.583,-0.5,1.6,-17.2,21.8,0.0029,0
odysseus,torso.lean,40.667,-0.4,1.5,-17.2,21.8,0.0022,0
odysseus,torso.lean,40.75,-0.3,1.3,-17.2,21.8,0.0016,0
odysseus,torso.lean,40.833,-0.2,1.2,-17.2,21.8,0.0011,0
odysseus,torso.lean,40.917,-0.1,1,-17.2,21.8,0.0007,0
odysseus,torso.lean,41,-0.1,0.7,-17.2,21.8,0.0003,0
odysseus,torso.lean,41.083,0,0.5,-17.2,21.8,0.0001,0
odysseus,torso.lean,41.5,-0.1,-0.5,-17.2,21.8,0.0006,0
odysseus,torso.lean,41.583,-0.2,-0.6,-17.2,21.8,0.0009,0
odysseus,torso.lean,41.667,-0.2,-0.7,-17.2,21.8,0.0012,0
odysseus,torso.lean,41.75,-0.3,-0.8,-17.2,21.8,0.0016,0
odysseus,torso.lean,41.833,-0.4,-0.9,-17.2,21.8,0.002,0
odysseus,torso.lean,41.917,-0.4,-1,-17.2,21.8,0.0025,0
odysseus,torso.lean,42,-0.5,-1,-17.2,21.8,0.0029,0
odysseus,torso.lean,42.083,-0.6,-1.1,-17.2,21.8,0.0034,0
odysseus,torso.lean,42.167,-0.7,-1.1,-17.2,21.8,0.0039,0
odysseus,torso.lean,42.25,-0.8,-1.1,-17.2,21.8,0.0045,0
odysseus,torso.lean,42.333,-0.9,-1.1,-17.2,21.8,0.005,0
odysseus,torso.lean,42.417,-1,-1.1,-17.2,21.8,0.0055,0
odysseus,torso.lean,42.5,-1.1,-1.1,-17.2,21.8,0.006,0
odysseus,torso.lean,42.583,-1.2,-1.1,-17.2,21.8,0.0065,0
odysseus,torso.lean,42.667,-1.3,-1,-17.2,21.8,0.007,0
odysseus,torso.lean,42.75,-2.5,-14.9,-17.2,21.8,0.0163,0.009
odysseus,torso.lean,42.833,-3,-5.6,-17.2,21.8,0.018,0.004
odysseus,torso.lean,42.917,-1.2,20.8,-17.2,21.8,0.0115,0.009
odysseus,torso.lean,43,0,14.7,-17.2,21.8,0.0012,0.001
odysseus,torso.lean,43.083,0.7,8.6,-17.2,21.8,0.0049,0.002
odysseus,torso.lean,43.167,0.9,2.6,-17.2,21.8,0.0061,0.001
odysseus,torso.lean,43.25,0.8,-1.9,-17.2,21.8,0.005,0
odysseus,torso.lean,43.333,0.6,-1.8,-17.2,21.8,0.0034,0
odysseus,torso.lean,43.417,0.5,-1.6,-17.2,21.8,0.0026,0
odysseus,torso.lean,43.5,0.4,-1.4,-17.2,21.8,0.002,0
odysseus,torso.lean,43.583,0.3,-1.1,-17.2,21.8,0.0015,0
odysseus,torso.lean,43.667,0.2,-0.8,-17.2,21.8,0.0011,0
odysseus,torso.lean,43.75,0.1,-0.6,-17.2,21.8,0.0008,0
odysseus,torso.lean,43.833,-0.1,-2.8,-17.2,21.8,0.0009,0
odysseus,torso.lean,43.917,-0.4,-3.9,-17.2,21.8,0.0024,0
odysseus,torso.lean,44,-0.7,-3.7,-17.2,21.8,0.004,0.001
odysseus,torso.lean,44.083,-0.9,-2.5,-17.2,21.8,0.0053,0.001
odysseus,torso.lean,44.167,-0.9,0,-17.2,21.8,0.0055,0
odysseus,torso.lean,44.25,-0.8,1.6,-17.2,21.8,0.0046,0
odysseus,torso.lean,44.333,-0.7,1.6,-17.2,21.8,0.0036,0
odysseus,torso.lean,44.417,-0.5,1.6,-17.2,21.8,0.0029,0
odysseus,torso.lean,44.5,-0.4,1.5,-17.2,21.8,0.0022,0
odysseus,torso.lean,44.583,-0.3,1.3,-17.2,21.8,0.0016,0
odysseus,torso.lean,44.667,-1.4,-12.7,-17.2,21.8,0.0099,0.005
odysseus,torso.lean,44.75,-1.7,-3.7,-17.2,21.8,0.0107,0.002
odysseus,torso.lean,44.833,-1.3,4.2,-17.2,21.8,0.0086,0.001
odysseus,torso.lean,44.917,-1.1,2.5,-17.2,21.8,0.0063,0.001
odysseus,torso.lean,45,-1,0.9,-17.2,21.8,0.006,0
odysseus,torso.lean,45.083,-1,0.5,-17.2,21.8,0.0055,0
odysseus,torso.lean,45.167,-1,0.4,-17.2,21.8,0.0053,0
odysseus,torso.lean,45.667,-0.9,0.7,-17.2,21.8,0.0051,0
odysseus,torso.lean,45.75,-0.8,1.1,-17.2,21.8,0.0045,0
odysseus,torso.lean,45.833,-0.7,1,-17.2,21.8,0.004,0
odysseus,torso.lean,45.917,-0.7,0.5,-17.2,21.8,0.0038,0
odysseus,torso.lean,46,-0.7,-0.5,-17.2,21.8,0.0041,0
odysseus,torso.lean,46.083,-0.8,-1.1,-17.2,21.8,0.0046,0
odysseus,torso.lean,46.167,-0.9,-1.1,-17.2,21.8,0.005,0
odysseus,torso.lean,46.25,-1,-1.1,-17.2,21.8,0.0055,0
odysseus,torso.lean,46.333,-1.1,-1.1,-17.2,21.8,0.006,0
odysseus,torso.lean,46.417,-1.2,-1.1,-17.2,21.8,0.0065,0
odysseus,torso.lean,46.5,-1.3,-1,-17.2,21.8,0.007,0
odysseus,torso.lean,46.583,-1.4,-1,-17.2,21.8,0.0074,0
odysseus,torso.lean,46.667,-1.4,-0.9,-17.2,21.8,0.0079,0
odysseus,torso.lean,46.75,-1.5,-0.8,-17.2,21.8,0.0082,0
odysseus,torso.lean,46.833,-1.6,-0.7,-17.2,21.8,0.0086,0
odysseus,torso.lean,46.917,-1.6,-0.6,-17.2,21.8,0.0089,0
odysseus,torso.lean,47,-1.7,-0.5,-17.2,21.8,0.0091,0
odysseus,torso.lean,47.083,-1.7,-0.4,-17.2,21.8,0.0093,0
odysseus,torso.lean,47.5,-1.6,0.7,-17.2,21.8,0.0088,0
odysseus,torso.lean,47.583,-1.5,1,-17.2,21.8,0.0084,0
odysseus,torso.lean,47.667,-1.4,1.2,-17.2,21.8,0.0078,0
odysseus,torso.lean,47.75,-1.3,1.3,-17.2,21.8,0.0072,0
odysseus,torso.lean,47.833,-1.2,1.5,-17.2,21.8,0.0065,0
odysseus,torso.lean,47.917,-1.1,1.6,-17.2,21.8,0.0058,0
odysseus,torso.lean,48,-0.9,1.6,-17.2,21.8,0.0051,0
odysseus,torso.lean,48.083,-0.8,1.6,-17.2,21.8,0.0043,0
odysseus,torso.lean,48.167,-0.7,1.6,-17.2,21.8,0.0036,0
odysseus,torso.lean,48.25,-0.5,1.6,-17.2,21.8,0.0029,0
odysseus,torso.lean,48.333,-0.4,1.5,-17.2,21.8,0.0022,0
odysseus,torso.lean,48.417,-0.3,1.3,-17.2,21.8,0.0016,0
odysseus,torso.lean,48.5,-0.2,1.2,-17.2,21.8,0.0011,0
odysseus,torso.lean,48.583,-0.1,1,-17.2,21.8,0.0007,0
odysseus,torso.lean,48.667,-0.1,0.7,-17.2,21.8,0.0003,0
odysseus,torso.lean,48.75,0,0.5,-17.2,21.8,0.0001,0
odysseus,torso.lean,49.167,-0.1,-0.5,-17.2,21.8,0.0006,0
odysseus,torso.lean,49.25,-0.2,-0.6,-17.2,21.8,0.0009,0
odysseus,torso.lean,49.333,-0.2,-0.7,-17.2,21.8,0.0012,0
odysseus,torso.lean,49.417,-0.3,-0.8,-17.2,21.8,0.0016,0
odysseus,torso.lean,49.5,-0.4,-0.9,-17.2,21.8,0.002,0
odysseus,torso.lean,49.583,-0.4,-1,-17.2,21.8,0.0025,0
odysseus,torso.lean,49.667,-0.5,-1,-17.2,21.8,0.0029,0
odysseus,torso.lean,49.75,-0.6,-1.1,-17.2,21.8,0.0034,0
odysseus,torso.lean,49.833,-0.7,-1.1,-17.2,21.8,0.0039,0
odysseus,torso.lean,49.917,-0.8,-1.1,-17.2,21.8,0.0045,0
odysseus,torso.lean,50,-0.9,-1.1,-17.2,21.8,0.005,0
odysseus,torso.lean,50.083,-1,-1.1,-17.2,21.8,0.0055,0
odysseus,torso.lean,50.167,-1.1,-1.1,-17.2,21.8,0.006,0
odysseus,torso.lean,50.25,-1.2,-1.1,-17.2,21.8,0.0065,0
odysseus,torso.lean,50.333,-1.3,-1,-17.2,21.8,0.007,0
odysseus,torso.lean,50.417,-1.4,-1,-17.2,21.8,0.0074,0
odysseus,torso.lean,50.5,-1.4,-0.9,-17.2,21.8,0.0079,0
odysseus,torso.lean,50.583,-1.5,-0.8,-17.2,21.8,0.0082,0
odysseus,torso.lean,50.667,-1.6,-0.7,-17.2,21.8,0.0086,0
odysseus,torso.lean,50.75,-1.6,-0.6,-17.2,21.8,0.0089,0
odysseus,torso.lean,50.833,-1.7,-0.5,-17.2,21.8,0.0091,0
odysseus,torso.lean,50.917,-1.7,-0.4,-17.2,21.8,0.0093,0
odysseus,torso.lean,51.333,-1.6,0.7,-17.2,21.8,0.0089,0
odysseus,torso.lean,51.417,-1.5,0.9,-17.2,21.8,0.0085,0
odysseus,torso.lean,51.5,-1.5,1.1,-17.2,21.8,0.008,0
odysseus,torso.lean,51.583,-1.3,1.2,-17.2,21.8,0.0074,0
odysseus,torso.lean,51.667,-1.2,1.4,-17.2,21.8,0.0068,0
odysseus,torso.lean,51.75,-1.1,1.4,-17.2,21.8,0.0061,0
odysseus,torso.lean,51.833,-1,1.5,-17.2,21.8,0.0054,0
odysseus,torso.lean,51.917,-0.9,1.5,-17.2,21.8,0.0047,0
odysseus,torso.lean,52,-0.7,1.5,-17.2,21.8,0.004,0
odysseus,torso.lean,52.083,-0.6,1.5,-17.2,21.8,0.0033,0
odysseus,torso.lean,52.167,-0.5,1.4,-17.2,21.8,0.0027,0
odysseus,torso.lean,52.25,-0.4,1.4,-17.2,21.8,0.0021,0
odysseus,torso.lean,52.333,-0.3,1.2,-17.2,21.8,0.0015,0
odysseus,torso.lean,52.417,-0.2,1.1,-17.2,21.8,0.001,0
odysseus,torso.lean,52.5,-0.1,0.9,-17.2,21.8,0.0006,0
odysseus,torso.lean,52.583,0,0.7,-17.2,21.8,0.0003,0
odysseus,torso.lean,52.667,0,0.4,-17.2,21.8,0.0001,0
odysseus,torso.lean,53.083,-0.1,-0.6,-17.2,21.8,0.0006,0
odysseus,torso.lean,53.167,-0.2,-0.7,-17.2,21.8,0.0009,0
odysseus,torso.lean,53.25,-0.2,-0.8,-17.2,21.8,0.0013,0
odysseus,torso.lean,53.333,-0.3,-0.9,-17.2,21.8,0.0017,0
odysseus,torso.lean,53.417,-0.4,-1,-17.2,21.8,0.0021,0
odysseus,torso.lean,53.5,-0.5,-1,-17.2,21.8,0.0026,0
odysseus,torso.lean,53.583,-0.6,-1.1,-17.2,21.8,0.0031,0
odysseus,torso.lean,53.667,-0.7,-1.1,-17.2,21.8,0.0036,0
odysseus,torso.lean,53.75,-0.8,-1.2,-17.2,21.8,0.0042,0
odysseus,torso.lean,53.833,-0.9,-1.2,-17.2,21.8,0.0047,0
odysseus,torso.lean,53.917,-1,-1.2,-17.2,21.8,0.0053,0
odysseus,torso.lean,54,-1.1,-1.2,-17.2,21.8,0.0058,0
odysseus,torso.lean,54.083,-1.2,-1.1,-17.2,21.8,0.0063,0
odysseus,torso.lean,54.167,-1.2,-1.1,-17.2,21.8,0.0068,0
odysseus,torso.lean,54.25,-1.3,-1,-17.2,21.8,0.0073,0
odysseus,torso.lean,54.333,-1.4,-1,-17.2,21.8,0.0077,0
odysseus,torso.lean,54.417,-1.5,-0.9,-17.2,21.8,0.0082,0
odysseus,torso.lean,54.5,-1.6,-0.8,-17.2,21.8,0.0085,0
odysseus,torso.lean,54.583,-1.6,-0.7,-17.2,21.8,0.0088,0
odysseus,torso.lean,54.667,-1.7,-0.6,-17.2,21.8,0.0091,0
odysseus,torso.lean,54.75,-1.7,-0.4,-17.2,21.8,0.0093,0
odysseus,torso.lean,55.167,-1.6,0.7,-17.2,21.8,0.0089,0
odysseus,torso.lean,55.25,-1.5,0.9,-17.2,21.8,0.0085,0
odysseus,torso.lean,55.333,-1.5,1.1,-17.2,21.8,0.008,0
odysseus,torso.lean,55.417,-1.3,1.2,-17.2,21.8,0.0074,0
odysseus,torso.lean,55.5,-1.2,1.4,-17.2,21.8,0.0068,0
odysseus,torso.lean,55.583,-1.1,1.4,-17.2,21.8,0.0061,0
odysseus,torso.lean,55.667,-1,1.5,-17.2,21.8,0.0054,0
odysseus,torso.lean,55.75,-0.9,1.5,-17.2,21.8,0.0047,0
odysseus,torso.lean,55.833,-0.7,1.5,-17.2,21.8,0.004,0
odysseus,torso.lean,55.917,-0.6,1.5,-17.2,21.8,0.0033,0
odysseus,torso.lean,56,-0.5,1.4,-17.2,21.8,0.0027,0
odysseus,torso.lean,56.083,-0.4,1.4,-17.2,21.8,0.0021,0
odysseus,torso.lean,56.167,-0.3,1.2,-17.2,21.8,0.0015,0
odysseus,torso.lean,56.25,-0.2,1.1,-17.2,21.8,0.001,0
odysseus,torso.lean,56.333,-0.1,0.9,-17.2,21.8,0.0006,0
odysseus,torso.lean,56.417,0,0.7,-17.2,21.8,0.0003,0
odysseus,torso.lean,56.5,0,0.4,-17.2,21.8,0.0001,0
odysseus,torso.lean,56.917,-0.1,-0.6,-17.2,21.8,0.0006,0
odysseus,torso.lean,57,-0.2,-0.7,-17.2,21.8,0.0009,0
odysseus,torso.lean,57.083,-0.2,-0.8,-17.2,21.8,0.0013,0
odysseus,torso.lean,57.167,-0.3,-0.9,-17.2,21.8,0.0017,0
odysseus,torso.lean,57.25,-0.4,-1,-17.2,21.8,0.0021,0
odysseus,torso.lean,57.333,-0.5,-1,-17.2,21.8,0.0026,0
odysseus,torso.lean,57.417,-0.6,-1.1,-17.2,21.8,0.0031,0
odysseus,torso.lean,57.5,-0.7,-1.1,-17.2,21.8,0.0036,0
odysseus,torso.lean,57.583,-0.8,-1.2,-17.2,21.8,0.0042,0
odysseus,torso.lean,57.667,-0.9,-1.2,-17.2,21.8,0.0047,0
odysseus,torso.lean,57.75,-1,-1.2,-17.2,21.8,0.0053,0
odysseus,torso.lean,57.833,-1.1,-1.2,-17.2,21.8,0.0058,0
odysseus,torso.lean,57.917,-1.2,-1.1,-17.2,21.8,0.0063,0
odysseus,torso.lean,58,-1.2,-1.1,-17.2,21.8,0.0068,0
odysseus,torso.lean,58.083,-1.3,-1,-17.2,21.8,0.0073,0
odysseus,torso.lean,58.167,-1.4,-1,-17.2,21.8,0.0077,0
odysseus,torso.lean,58.25,-1.5,-0.9,-17.2,21.8,0.0082,0
odysseus,torso.lean,58.333,-1.6,-0.8,-17.2,21.8,0.0085,0
odysseus,torso.lean,58.417,-1.6,-0.7,-17.2,21.8,0.0088,0
odysseus,torso.lean,58.5,-1.7,-0.6,-17.2,21.8,0.0091,0
odysseus,torso.lean,58.583,-1.7,-0.4,-17.2,21.8,0.0093,0
odysseus,torso.lean,59,-1.6,0.7,-17.2,21.8,0.0089,0
odysseus,torso.lean,59.083,-1.5,0.9,-17.2,21.8,0.0085,0
odysseus,torso.lean,59.167,-1.5,1.1,-17.2,21.8,0.008,0
odysseus,torso.lean,59.25,-1.3,1.2,-17.2,21.8,0.0074,0
odysseus,torso.lean,59.333,-1.2,1.4,-17.2,21.8,0.0068,0
odysseus,torso.lean,59.417,-1.1,1.4,-17.2,21.8,0.0061,0
odysseus,torso.lean,59.5,-1,1.5,-17.2,21.8,0.0054,0
odysseus,torso.lean,59.583,-0.9,1.5,-17.2,21.8,0.0047,0
odysseus,torso.lean,59.667,-0.7,1.5,-17.2,21.8,0.004,0
odysseus,torso.lean,59.75,-0.6,1.5,-17.2,21.8,0.0033,0
odysseus,torso.lean,59.833,-0.5,1.4,-17.2,21.8,0.0027,0
odysseus,torso.lean,59.917,-0.4,1.4,-17.2,21.8,0.0021,0
odysseus,torso.lean,60,-0.3,1.2,-17.2,21.8,0.0015,0
odysseus,torso.lean,60.083,-0.2,1.1,-17.2,21.8,0.001,0
odysseus,torso.lean,60.167,-0.1,0.9,-17.2,21.8,0.0006,0
odysseus,torso.lean,60.25,0,0.7,-17.2,21.8,0.0003,0
odysseus,torso.lean,60.333,0,0.4,-17.2,21.8,0.0001,0
odysseus,torso.lean,60.75,-0.1,-0.6,-17.2,21.8,0.0006,0
odysseus,torso.lean,60.833,-0.2,-0.7,-17.2,21.8,0.0009,0
odysseus,torso.lean,60.917,-0.2,-0.8,-17.2,21.8,0.0013,0
odysseus,torso.lean,61,-0.3,-0.9,-17.2,21.8,0.0017,0
odysseus,torso.lean,61.083,-0.4,-1,-17.2,21.8,0.0021,0
odysseus,torso.lean,61.167,-0.5,-1,-17.2,21.8,0.0026,0
odysseus,torso.lean,61.25,-0.6,-1.1,-17.2,21.8,0.0031,0
odysseus,torso.lean,61.333,-0.7,-1.1,-17.2,21.8,0.0036,0
odysseus,torso.lean,61.417,-0.8,-1.2,-17.2,21.8,0.0042,0
odysseus,torso.lean,61.5,-0.9,-1.2,-17.2,21.8,0.0047,0
odysseus,torso.lean,61.583,-1,-1.2,-17.2,21.8,0.0053,0
odysseus,torso.lean,61.667,-1.1,-1.2,-17.2,21.8,0.0058,0
odysseus,torso.lean,61.75,-1.2,-1.1,-17.2,21.8,0.0063,0
odysseus,torso.lean,61.833,-1.2,-1.1,-17.2,21.8,0.0068,0
odysseus,torso.lean,61.917,-1.3,-1,-17.2,21.8,0.0073,0
odysseus,torso.lean,62,-1.4,-1,-17.2,21.8,0.0077,0
odysseus,torso.lean,62.083,-1.5,-0.9,-17.2,21.8,0.0082,0
odysseus,torso.lean,62.167,-1.6,-0.8,-17.2,21.8,0.0085,0
odysseus,torso.lean,62.25,-1.6,-0.7,-17.2,21.8,0.0088,0
odysseus,torso.lean,62.333,-1.7,-0.6,-17.2,21.8,0.0091,0
odysseus,torso.lean,62.417,-1.7,-0.4,-17.2,21.8,0.0093,0
odysseus,torso.lean,62.833,-1.6,0.7,-17.2,21.8,0.0089,0
odysseus,torso.lean,62.917,-1.5,0.9,-17.2,21.8,0.0085,0
odysseus,torso.lean,63,-1.5,1.1,-17.2,21.8,0.008,0
odysseus,torso.lean,63.083,-1.3,1.2,-17.2,21.8,0.0074,0
odysseus,torso.lean,63.167,-1.2,1.4,-17.2,21.8,0.0068,0
odysseus,torso.lean,63.25,-1.1,1.4,-17.2,21.8,0.0061,0
odysseus,torso.lean,63.333,-1,1.5,-17.2,21.8,0.0054,0
odysseus,torso.lean,63.417,-0.9,1.5,-17.2,21.8,0.0047,0
odysseus,torso.lean,63.5,-0.7,1.5,-17.2,21.8,0.004,0
odysseus,torso.lean,63.583,-0.6,1.5,-17.2,21.8,0.0033,0
odysseus,torso.lean,63.667,-0.5,1.4,-17.2,21.8,0.0027,0
odysseus,torso.lean,63.75,-0.4,1.4,-17.2,21.8,0.0021,0
odysseus,torso.lean,63.833,-0.3,1.2,-17.2,21.8,0.0015,0
odysseus,torso.lean,63.917,-0.2,1.1,-17.2,21.8,0.001,0
odysseus,torso.lean,64,-0.1,0.9,-17.2,21.8,0.0006,0
odysseus,torso.lean,64.083,0,0.7,-17.2,21.8,0.0003,0
odysseus,torso.lean,64.167,0,0.4,-17.2,21.8,0.0001,0
odysseus,torso.lean,64.583,-0.1,-0.6,-17.2,21.8,0.0006,0
odysseus,torso.lean,64.667,-0.2,-0.7,-17.2,21.8,0.0009,0
odysseus,torso.lean,64.75,-0.2,-0.8,-17.2,21.8,0.0013,0
odysseus,torso.lean,64.833,-0.3,-0.9,-17.2,21.8,0.0017,0
odysseus,torso.lean,64.917,-0.4,-1,-17.2,21.8,0.0021,0
odysseus,torso.lean,65,-0.5,-1,-17.2,21.8,0.0026,0
odysseus,torso.lean,65.083,-0.6,-1.1,-17.2,21.8,0.0031,0
odysseus,torso.lean,65.167,-0.7,-1.1,-17.2,21.8,0.0036,0
odysseus,torso.lean,65.25,-0.8,-1.2,-17.2,21.8,0.0042,0
odysseus,torso.lean,65.333,-0.9,-1.2,-17.2,21.8,0.0047,0
odysseus,torso.lean,65.417,-1,-1.2,-17.2,21.8,0.0053,0
odysseus,torso.lean,65.5,-1.1,-1.2,-17.2,21.8,0.0058,0
odysseus,torso.lean,65.583,-1.2,-1.1,-17.2,21.8,0.0063,0
odysseus,torso.lean,65.667,-1.2,-1.1,-17.2,21.8,0.0068,0
odysseus,torso.lean,65.75,-1.3,-1,-17.2,21.8,0.0073,0
odysseus,torso.lean,65.833,-1.4,-1,-17.2,21.8,0.0077,0
odysseus,torso.lean,65.917,-1.5,-0.9,-17.2,21.8,0.0082,0
odysseus,torso.lean,66,-1.6,-0.8,-17.2,21.8,0.0085,0
odysseus,torso.lean,66.083,-1.6,-0.7,-17.2,21.8,0.0088,0
odysseus,torso.lean,66.167,-1.7,-0.6,-17.2,21.8,0.0091,0
odysseus,torso.lean,66.25,-1.7,-0.4,-17.2,21.8,0.0093,0
odysseus,torso.lean,66.667,-1.6,0.7,-17.2,21.8,0.0089,0
odysseus,torso.lean,66.75,-1.5,0.9,-17.2,21.8,0.0085,0
odysseus,torso.lean,66.833,-1.5,1.1,-17.2,21.8,0.008,0
odysseus,torso.lean,66.917,-1.3,1.2,-17.2,21.8,0.0074,0
odysseus,torso.lean,67,-1.2,1.4,-17.2,21.8,0.0068,0
odysseus,torso.lean,67.083,-1.1,1.4,-17.2,21.8,0.0061,0
odysseus,torso.lean,67.167,-1,1.5,-17.2,21.8,0.0054,0
odysseus,torso.lean,67.25,-0.9,1.5,-17.2,21.8,0.0047,0
odysseus,torso.lean,67.333,-0.7,1.5,-17.2,21.8,0.004,0
odysseus,torso.lean,67.417,-0.6,1.5,-17.2,21.8,0.0033,0
odysseus,torso.lean,67.5,-0.5,1.4,-17.2,21.8,0.0027,0
odysseus,torso.lean,67.583,-0.4,1.4,-17.2,21.8,0.0021,0
odysseus,torso.lean,67.667,-0.3,1.2,-17.2,21.8,0.0015,0
odysseus,torso.lean,67.75,-0.2,1.1,-17.2,21.8,0.001,0
odysseus,torso.lean,67.833,-0.1,0.9,-17.2,21.8,0.0006,0
odysseus,torso.lean,67.917,0,0.7,-17.2,21.8,0.0003,0
odysseus,torso.lean,68,0,0.4,-17.2,21.8,0.0001,0
odysseus,torso.lean,68.417,-0.1,-0.6,-17.2,21.8,0.0006,0
odysseus,torso.lean,68.5,-0.2,-0.7,-17.2,21.8,0.0009,0
odysseus,torso.lean,68.583,-0.2,-0.8,-17.2,21.8,0.0013,0
odysseus,torso.lean,68.667,-0.3,-0.9,-17.2,21.8,0.0017,0
odysseus,torso.lean,68.75,-0.4,-1,-17.2,21.8,0.0021,0
odysseus,torso.lean,68.833,-0.5,-1,-17.2,21.8,0.0026,0
odysseus,torso.lean,68.917,-0.6,-1.1,-17.2,21.8,0.0031,0
odysseus,torso.lean,69,-0.7,-1.1,-17.2,21.8,0.0036,0
odysseus,torso.lean,69.083,-0.8,-1.2,-17.2,21.8,0.0042,0
odysseus,torso.lean,69.167,-0.9,-1.2,-17.2,21.8,0.0047,0
odysseus,torso.lean,69.25,-1,-1.2,-17.2,21.8,0.0053,0
odysseus,torso.lean,69.333,-1.1,-1.2,-17.2,21.8,0.0058,0
odysseus,torso.lean,69.417,-1.2,-1.1,-17.2,21.8,0.0063,0
odysseus,torso.lean,69.5,-1.2,-1.1,-17.2,21.8,0.0068,0
odysseus,torso.lean,69.583,-1.3,-1,-17.2,21.8,0.0073,0
odysseus,torso.lean,69.667,-1.4,-1,-17.2,21.8,0.0077,0
odysseus,torso.lean,69.75,-1.5,-0.9,-17.2,21.8,0.0082,0
odysseus,torso.lean,69.833,-1.6,-0.8,-17.2,21.8,0.0085,0
odysseus,torso.lean,69.917,-1.6,-0.7,-17.2,21.8,0.0088,0
odysseus,torso.lean,70,-1.7,-0.6,-17.2,21.8,0.0091,0
odysseus,torso.lean,70.083,-1.7,-0.4,-17.2,21.8,0.0093,0
odysseus,torso.lean,70.5,-1.6,0.7,-17.2,21.8,0.0089,0
odysseus,torso.lean,70.583,-1.5,0.9,-17.2,21.8,0.0085,0
odysseus,torso.lean,70.667,-1.5,1.1,-17.2,21.8,0.008,0
odysseus,torso.lean,70.75,-1.3,1.2,-17.2,21.8,0.0074,0
odysseus,torso.lean,70.833,-1.2,1.4,-17.2,21.8,0.0068,0
odysseus,torso.lean,70.917,-1.1,1.4,-17.2,21.8,0.0061,0
odysseus,torso.lean,71,-1,1.5,-17.2,21.8,0.0054,0
odysseus,torso.lean,71.083,-0.9,1.5,-17.2,21.8,0.0047,0
odysseus,torso.lean,71.167,-0.7,1.5,-17.2,21.8,0.004,0
odysseus,torso.lean,71.25,-0.6,1.5,-17.2,21.8,0.0033,0
odysseus,torso.lean,71.333,-0.5,1.4,-17.2,21.8,0.0027,0
odysseus,torso.lean,71.417,-0.4,1.4,-17.2,21.8,0.0021,0
odysseus,torso.lean,71.5,-0.3,1.2,-17.2,21.8,0.0015,0
odysseus,torso.lean,71.583,-0.2,1.1,-17.2,21.8,0.001,0
odysseus,torso.lean,71.667,-0.1,0.9,-17.2,21.8,0.0006,0
odysseus,torso.lean,71.75,0,0.7,-17.2,21.8,0.0003,0
odysseus,torso.lean,71.833,0,0.4,-17.2,21.8,0.0001,0
odysseus,torso.lean,72.25,-0.1,-0.6,-17.2,21.8,0.0006,0
odysseus,torso.lean,72.333,-0.2,-0.7,-17.2,21.8,0.0009,0
odysseus,torso.lean,72.417,-0.2,-0.8,-17.2,21.8,0.0013,0
odysseus,torso.lean,72.5,-0.3,-0.9,-17.2,21.8,0.0017,0
odysseus,torso.lean,72.583,-0.4,-1,-17.2,21.8,0.0021,0
odysseus,torso.lean,72.667,-0.5,-1,-17.2,21.8,0.0026,0
odysseus,torso.lean,72.75,-0.6,-1.1,-17.2,21.8,0.0031,0
odysseus,torso.lean,72.833,-0.7,-1.1,-17.2,21.8,0.0036,0
odysseus,torso.lean,72.917,-0.8,-1.2,-17.2,21.8,0.0042,0
odysseus,torso.lean,73,-0.9,-1.2,-17.2,21.8,0.0047,0
odysseus,torso.lean,73.083,-1,-1.2,-17.2,21.8,0.0053,0
odysseus,torso.lean,73.167,-1.1,-1.2,-17.2,21.8,0.0058,0
odysseus,torso.lean,73.25,-1.2,-1.1,-17.2,21.8,0.0063,0
odysseus,torso.lean,73.333,-1.2,-1.1,-17.2,21.8,0.0068,0
odysseus,torso.lean,73.417,-1.3,-1,-17.2,21.8,0.0073,0
odysseus,torso.lean,73.5,-1.4,-1,-17.2,21.8,0.0077,0
odysseus,torso.lean,73.583,-1.5,-0.9,-17.2,21.8,0.0082,0
odysseus,torso.lean,73.667,-1.6,-0.8,-17.2,21.8,0.0085,0
odysseus,torso.lean,73.75,-1.6,-0.7,-17.2,21.8,0.0088,0
odysseus,torso.lean,73.833,-1.7,-0.6,-17.2,21.8,0.0091,0
odysseus,torso.lean,73.917,-1.7,-0.4,-17.2,21.8,0.0093,0
odysseus,torso.lean,74.333,-1.6,0.7,-17.2,21.8,0.0089,0
odysseus,torso.lean,74.417,-1.5,0.9,-17.2,21.8,0.0085,0
odysseus,torso.lean,74.5,-1.5,1.1,-17.2,21.8,0.008,0
odysseus,torso.lean,74.583,-1.3,1.2,-17.2,21.8,0.0074,0
odysseus,torso.lean,74.667,-1.2,1.4,-17.2,21.8,0.0068,0
odysseus,torso.lean,74.75,-1.1,1.4,-17.2,21.8,0.0061,0
odysseus,torso.lean,74.833,-1,1.5,-17.2,21.8,0.0054,0
odysseus,torso.lean,74.917,-0.9,1.5,-17.2,21.8,0.0047,0
odysseus,torso.lean,75,-0.7,1.5,-17.2,21.8,0.004,0
odysseus,torso.lean,75.083,-0.6,1.5,-17.2,21.8,0.0033,0
odysseus,torso.lean,75.167,-0.5,1.4,-17.2,21.8,0.0027,0
odysseus,torso.lean,75.25,-0.4,1.4,-17.2,21.8,0.0021,0
odysseus,torso.lean,75.333,-0.3,1.2,-17.2,21.8,0.0015,0
odysseus,torso.lean,75.417,-0.2,1.1,-17.2,21.8,0.001,0
odysseus,torso.lean,75.5,-0.1,0.9,-17.2,21.8,0.0006,0
odysseus,torso.lean,75.583,0,0.7,-17.2,21.8,0.0003,0
odysseus,torso.lean,75.667,0,0.4,-17.2,21.8,0.0001,0
odysseus,torso.lean,76.083,-0.1,-0.6,-17.2,21.8,0.0006,0
odysseus,torso.lean,76.167,-0.2,-0.7,-17.2,21.8,0.0009,0
odysseus,torso.lean,76.25,-0.2,-0.8,-17.2,21.8,0.0013,0
odysseus,torso.lean,76.333,-0.3,-0.9,-17.2,21.8,0.0017,0
odysseus,torso.lean,76.417,-0.4,-1,-17.2,21.8,0.0021,0
odysseus,torso.lean,76.5,-0.5,-1,-17.2,21.8,0.0026,0
odysseus,torso.lean,76.583,-0.6,-1.1,-17.2,21.8,0.0031,0
odysseus,torso.lean,76.667,-0.7,-1.1,-17.2,21.8,0.0036,0
odysseus,torso.lean,76.75,-0.8,-1.2,-17.2,21.8,0.0042,0
odysseus,torso.lean,76.833,-0.9,-1.2,-17.2,21.8,0.0047,0
odysseus,torso.lean,76.917,-1,-1.2,-17.2,21.8,0.0053,0
odysseus,torso.lean,77,-1.1,-1.2,-17.2,21.8,0.0058,0
odysseus,torso.lean,77.083,-1.2,-1.1,-17.2,21.8,0.0063,0
odysseus,torso.lean,77.167,-1.2,-1.1,-17.2,21.8,0.0068,0
odysseus,torso.lean,77.25,-1.3,-1,-17.2,21.8,0.0073,0
odysseus,torso.lean,77.333,-1.4,-1,-17.2,21.8,0.0077,0
odysseus,torso.lean,77.417,-1.5,-0.9,-17.2,21.8,0.0082,0
odysseus,torso.lean,77.5,-1.6,-0.8,-17.2,21.8,0.0085,0
odysseus,torso.lean,77.583,-1.6,-0.7,-17.2,21.8,0.0088,0
odysseus,torso.lean,77.667,-1.7,-0.6,-17.2,21.8,0.0091,0
odysseus,torso.lean,77.75,-1.7,-0.4,-17.2,21.8,0.0093,0
odysseus,torso.lean,78.167,-1.6,0.7,-17.2,21.8,0.0089,0
odysseus,torso.lean,78.25,-1.5,0.9,-17.2,21.8,0.0085,0
odysseus,torso.lean,78.333,-1.5,1.1,-17.2,21.8,0.008,0
odysseus,torso.lean,78.417,-1.3,1.2,-17.2,21.8,0.0074,0
odysseus,torso.lean,78.5,-1.2,1.4,-17.2,21.8,0.0068,0
odysseus,torso.lean,78.583,-1.1,1.4,-17.2,21.8,0.0061,0
odysseus,torso.lean,78.667,-1,1.5,-17.2,21.8,0.0054,0
odysseus,torso.lean,78.75,-0.9,1.5,-17.2,21.8,0.0047,0
odysseus,torso.lean,78.833,-0.7,1.5,-17.2,21.8,0.004,0
odysseus,torso.lean,78.917,-0.6,1.5,-17.2,21.8,0.0033,0
odysseus,torso.lean,79,-0.5,1.4,-17.2,21.8,0.0027,0
odysseus,torso.lean,79.083,-0.4,1.4,-17.2,21.8,0.0021,0
odysseus,torso.lean,79.167,-0.3,1.2,-17.2,21.8,0.0015,0
odysseus,torso.lean,79.25,-0.2,1.1,-17.2,21.8,0.001,0
odysseus,torso.lean,79.333,-0.1,0.9,-17.2,21.8,0.0006,0
odysseus,torso.lean,79.417,0,0.7,-17.2,21.8,0.0003,0
odysseus,torso.lean,79.5,0,0.4,-17.2,21.8,0.0001,0
odysseus,torso.lean,79.917,-0.1,-0.6,-17.2,21.8,0.0006,0
odysseus,torso.lean,80,-0.2,-0.7,-17.2,21.8,0.0009,0
odysseus,torso.lean,80.083,-0.2,-0.8,-17.2,21.8,0.0013,0
odysseus,torso.lean,80.167,-0.3,-0.9,-17.2,21.8,0.0017,0
odysseus,torso.lean,80.25,-0.4,-1,-17.2,21.8,0.0021,0
odysseus,torso.lean,80.333,-0.5,-1,-17.2,21.8,0.0026,0
odysseus,torso.lean,80.417,-0.6,-1.1,-17.2,21.8,0.0031,0
odysseus,torso.lean,80.5,-0.7,-1.1,-17.2,21.8,0.0036,0
odysseus,torso.lean,80.583,-0.8,-1.2,-17.2,21.8,0.0042,0
odysseus,torso.lean,80.667,-0.9,-1.2,-17.2,21.8,0.0047,0
odysseus,torso.lean,80.75,-1,-1.2,-17.2,21.8,0.0053,0
odysseus,torso.lean,80.833,-1.1,-1.2,-17.2,21.8,0.0058,0
odysseus,torso.lean,80.917,-1.2,-1.1,-17.2,21.8,0.0063,0
odysseus,torso.lean,81,-1.2,-1.1,-17.2,21.8,0.0068,0
odysseus,torso.lean,81.083,-1.3,-1,-17.2,21.8,0.0073,0
odysseus,torso.lean,81.167,-1.4,-1,-17.2,21.8,0.0077,0
odysseus,torso.lean,81.25,-1.5,-0.9,-17.2,21.8,0.0082,0
odysseus,torso.lean,81.333,-1.6,-0.8,-17.2,21.8,0.0085,0
odysseus,torso.lean,81.417,-1.6,-0.7,-17.2,21.8,0.0088,0
odysseus,torso.lean,81.5,-1.7,-0.6,-17.2,21.8,0.0091,0
odysseus,torso.lean,81.583,-1.7,-0.4,-17.2,21.8,0.0093,0
odysseus,torso.lean,82,-1.6,0.7,-17.2,21.8,0.0089,0
odysseus,torso.lean,82.083,-1.5,0.9,-17.2,21.8,0.0085,0
odysseus,torso.lean,82.167,-1.5,1.1,-17.2,21.8,0.008,0
odysseus,torso.lean,82.25,-1.3,1.2,-17.2,21.8,0.0074,0
odysseus,torso.lean,82.333,-1.2,1.4,-17.2,21.8,0.0068,0
odysseus,torso.lean,82.417,-1.1,1.4,-17.2,21.8,0.0061,0
odysseus,torso.lean,82.5,-1,1.5,-17.2,21.8,0.0054,0
odysseus,torso.lean,82.583,-0.9,1.5,-17.2,21.8,0.0047,0
odysseus,torso.lean,82.667,-0.7,1.5,-17.2,21.8,0.004,0
odysseus,torso.lean,82.75,-0.6,1.5,-17.2,21.8,0.0033,0
odysseus,torso.lean,82.833,-0.5,1.4,-17.2,21.8,0.0027,0
odysseus,torso.lean,82.917,-0.4,1.4,-17.2,21.8,0.0021,0
odysseus,torso.lean,83,-0.3,1.2,-17.2,21.8,0.0015,0
odysseus,torso.lean,83.083,-0.2,1.1,-17.2,21.8,0.001,0
odysseus,torso.lean,83.167,-0.1,0.9,-17.2,21.8,0.0006,0
odysseus,torso.lean,83.25,0,0.7,-17.2,21.8,0.0003,0
odysseus,torso.lean,83.333,0,0.4,-17.2,21.8,0.0001,0
odysseus,torso.lean,83.75,-0.1,-0.5,-17.2,21.8,0.0006,0
odysseus,torso.lean,83.833,-0.2,-0.6,-17.2,21.8,0.0009,0
odysseus,torso.lean,83.917,-0.2,-0.7,-17.2,21.8,0.0012,0
odysseus,torso.lean,84,-0.3,-0.8,-17.2,21.8,0.0016,0
odysseus,torso.lean,84.083,-0.4,-0.9,-17.2,21.8,0.002,0
odysseus,torso.lean,84.167,-0.4,-1,-17.2,21.8,0.0025,0
odysseus,torso.lean,84.25,-0.5,-1,-17.2,21.8,0.0029,0
odysseus,torso.lean,84.333,-0.6,-1.1,-17.2,21.8,0.0034,0
odysseus,torso.lean,84.417,-0.7,-1.1,-17.2,21.8,0.0039,0
odysseus,torso.lean,84.5,-0.8,-1.1,-17.2,21.8,0.0045,0
odysseus,torso.lean,84.583,-0.9,-1.1,-17.2,21.8,0.005,0
odysseus,torso.lean,84.667,-1,-1.1,-17.2,21.8,0.0055,0
odysseus,torso.lean,84.75,-1.1,-1.1,-17.2,21.8,0.006,0
odysseus,torso.lean,84.833,-1.2,-1.1,-17.2,21.8,0.0065,0
odysseus,torso.lean,84.917,-1.3,-1,-17.2,21.8,0.007,0
odysseus,torso.lean,85,-1.4,-1,-17.2,21.8,0.0074,0
odysseus,torso.lean,85.083,-1.4,-0.9,-17.2,21.8,0.0079,0
odysseus,torso.lean,85.167,-1.5,-0.8,-17.2,21.8,0.0082,0
odysseus,torso.lean,85.25,-1.6,-0.7,-17.2,21.8,0.0086,0
odysseus,torso.lean,85.333,-1.6,-0.6,-17.2,21.8,0.0089,0
odysseus,torso.lean,85.417,-1.7,-0.5,-17.2,21.8,0.0091,0
odysseus,torso.lean,85.5,-1.7,-0.4,-17.2,21.8,0.0093,0
odysseus,torso.lean,85.917,-1.6,0.7,-17.2,21.8,0.0088,0
odysseus,torso.lean,86,-1.5,1,-17.2,21.8,0.0084,0
odysseus,torso.lean,86.083,-1.4,1.2,-17.2,21.8,0.0078,0
odysseus,torso.lean,86.167,-1.3,1.3,-17.2,21.8,0.0072,0
odysseus,torso.lean,86.25,-1.2,1.5,-17.2,21.8,0.0065,0
odysseus,torso.lean,86.333,-1.1,1.6,-17.2,21.8,0.0058,0
odysseus,torso.lean,86.417,-0.9,1.6,-17.2,21.8,0.0051,0
odysseus,torso.lean,86.5,-0.8,1.6,-17.2,21.8,0.0043,0
odysseus,torso.lean,86.583,-0.7,1.6,-17.2,21.8,0.0036,0
odysseus,torso.lean,86.667,-0.5,1.6,-17.2,21.8,0.0029,0
odysseus,torso.lean,86.75,-0.4,1.5,-17.2,21.8,0.0022,0
odysseus,torso.lean,86.833,-0.3,1.3,-17.2,21.8,0.0016,0
odysseus,torso.lean,86.917,-0.2,1.2,-17.2,21.8,0.0011,0
odysseus,torso.lean,87,-0.1,1,-17.2,21.8,0.0007,0
odysseus,torso.lean,87.083,-0.1,0.7,-17.2,21.8,0.0003,0
odysseus,torso.lean,87.167,0,0.5,-17.2,21.8,0.0001,0
odysseus,torso.lean,87.583,-0.1,-0.5,-17.2,21.8,0.0006,0
odysseus,torso.lean,87.667,-0.2,-0.6,-17.2,21.8,0.0009,0
odysseus,torso.lean,87.75,-0.2,-0.7,-17.2,21.8,0.0012,0
odysseus,torso.lean,87.833,-0.3,-0.8,-17.2,21.8,0.0016,0
odysseus,torso.lean,87.917,-0.4,-0.9,-17.2,21.8,0.002,0
odysseus,torso.lean,88,-0.4,-1,-17.2,21.8,0.0025,0
odysseus,torso.lean,88.083,-0.5,-1,-17.2,21.8,0.0029,0
odysseus,torso.lean,88.167,-0.6,-1.1,-17.2,21.8,0.0034,0
odysseus,torso.lean,88.25,-0.7,-1.1,-17.2,21.8,0.0039,0
odysseus,torso.lean,88.333,-0.8,-1.1,-17.2,21.8,0.0045,0
odysseus,torso.lean,88.417,-0.9,-1.1,-17.2,21.8,0.005,0
odysseus,torso.lean,88.5,-1,-1.1,-17.2,21.8,0.0055,0
odysseus,torso.lean,88.583,-1.1,-1.1,-17.2,21.8,0.006,0
odysseus,torso.lean,88.667,-1.2,-1.1,-17.2,21.8,0.0065,0
odysseus,torso.lean,88.75,-1.3,-1,-17.2,21.8,0.007,0
odysseus,torso.lean,88.833,-1.4,-1,-17.2,21.8,0.0074,0
odysseus,torso.lean,88.917,-1.4,-0.9,-17.2,21.8,0.0079,0
odysseus,torso.lean,89,-1.5,-0.8,-17.2,21.8,0.0082,0
odysseus,torso.lean,89.083,-1.6,-0.7,-17.2,21.8,0.0086,0
odysseus,torso.lean,89.167,-1.6,-0.6,-17.2,21.8,0.0089,0
odysseus,torso.lean,89.25,-1.7,-0.5,-17.2,21.8,0.0091,0
odysseus,torso.lean,89.333,-1.7,-0.4,-17.2,21.8,0.0093,0
odysseus,torso.lean,89.75,-1.6,0.7,-17.2,21.8,0.0088,0
odysseus,torso.lean,89.833,-1.5,1,-17.2,21.8,0.0084,0
odysseus,torso.lean,89.917,-1.4,1.2,-17.2,21.8,0.0078,0
odysseus,torso.lean,90,-1.3,1.3,-17.2,21.8,0.0072,0
odysseus,torso.lean,90.083,-1.2,1.5,-17.2,21.8,0.0065,0
odysseus,torso.lean,90.167,-1.1,1.6,-17.2,21.8,0.0058,0
odysseus,torso.lean,90.25,-0.9,1.6,-17.2,21.8,0.0051,0
odysseus,torso.lean,90.333,-0.8,1.6,-17.2,21.8,0.0043,0
odysseus,torso.lean,90.417,-0.7,1.6,-17.2,21.8,0.0036,0
odysseus,torso.lean,90.5,-0.5,1.6,-17.2,21.8,0.0029,0
odysseus,torso.lean,90.583,-0.4,1.5,-17.2,21.8,0.0022,0
odysseus,torso.lean,90.667,-0.3,1.3,-17.2,21.8,0.0016,0
odysseus,torso.lean,90.75,-0.2,1.2,-17.2,21.8,0.0011,0
odysseus,torso.lean,90.833,-0.1,1,-17.2,21.8,0.0007,0
odysseus,torso.lean,90.917,-0.1,0.7,-17.2,21.8,0.0003,0
odysseus,torso.lean,91,0,0.5,-17.2,21.8,0.0001,0
odysseus,torso.lean,91.417,-0.1,-0.5,-17.2,21.8,0.0006,0
odysseus,torso.lean,91.5,-0.2,-0.6,-17.2,21.8,0.0009,0
odysseus,torso.lean,91.583,-0.2,-0.7,-17.2,21.8,0.0012,0
odysseus,torso.lean,91.667,-0.3,-0.8,-17.2,21.8,0.0016,0
odysseus,torso.lean,91.75,-0.4,-0.9,-17.2,21.8,0.002,0
odysseus,torso.lean,91.833,-0.4,-1,-17.2,21.8,0.0025,0
odysseus,torso.lean,91.917,-0.5,-1,-17.2,21.8,0.0029,0
odysseus,torso.lean,92,-0.6,-1.1,-17.2,21.8,0.0034,0
odysseus,torso.lean,92.083,-0.7,-1.1,-17.2,21.8,0.0039,0
odysseus,torso.lean,92.167,-0.8,-1.1,-17.2,21.8,0.0045,0
odysseus,torso.lean,92.25,-0.9,-1.1,-17.2,21.8,0.005,0
odysseus,torso.lean,92.333,-1,-1.1,-17.2,21.8,0.0055,0
odysseus,torso.lean,92.417,-1.1,-1.1,-17.2,21.8,0.006,0
odysseus,torso.lean,92.5,-1.2,-1.1,-17.2,21.8,0.0065,0
odysseus,torso.lean,92.583,-1.3,-1,-17.2,21.8,0.007,0
odysseus,torso.lean,92.667,-1.4,-1,-17.2,21.8,0.0074,0
odysseus,torso.lean,92.75,-1.4,-0.9,-17.2,21.8,0.0079,0
odysseus,torso.lean,92.833,-1.5,-0.8,-17.2,21.8,0.0082,0
odysseus,torso.lean,92.917,-1.6,-0.7,-17.2,21.8,0.0086,0
odysseus,torso.lean,93,-1.6,-0.6,-17.2,21.8,0.0089,0
odysseus,torso.lean,93.083,-1.7,-0.5,-17.2,21.8,0.0091,0
odysseus,torso.lean,93.167,-1.7,-0.4,-17.2,21.8,0.0093,0
odysseus,torso.lean,93.583,-1.6,0.7,-17.2,21.8,0.0088,0
odysseus,torso.lean,93.667,-1.5,1,-17.2,21.8,0.0084,0
odysseus,torso.lean,93.75,-1.4,1.2,-17.2,21.8,0.0078,0
odysseus,torso.lean,93.833,-1.3,1.3,-17.2,21.8,0.0072,0
odysseus,torso.lean,93.917,-1.2,1.5,-17.2,21.8,0.0065,0
odysseus,torso.lean,94,-1.1,1.6,-17.2,21.8,0.0058,0
odysseus,torso.lean,94.083,-0.9,1.6,-17.2,21.8,0.0051,0
odysseus,torso.lean,94.167,-0.8,1.6,-17.2,21.8,0.0043,0
odysseus,torso.lean,94.25,-0.7,1.6,-17.2,21.8,0.0036,0
odysseus,torso.lean,94.333,-0.5,1.6,-17.2,21.8,0.0029,0
odysseus,torso.lean,94.417,-0.4,1.5,-17.2,21.8,0.0022,0
odysseus,torso.lean,94.5,-0.3,1.3,-17.2,21.8,0.0016,0
odysseus,torso.lean,94.583,-0.2,1.2,-17.2,21.8,0.0011,0
odysseus,torso.lean,94.667,-0.1,1,-17.2,21.8,0.0007,0
odysseus,torso.lean,94.75,-0.1,0.7,-17.2,21.8,0.0003,0
odysseus,torso.lean,94.833,0,0.5,-17.2,21.8,0.0001,0
odysseus,torso.lean,95.25,-0.1,-0.5,-17.2,21.8,0.0006,0
odysseus,torso.lean,95.333,-0.2,-0.6,-17.2,21.8,0.0009,0
odysseus,torso.lean,95.417,-0.2,-0.7,-17.2,21.8,0.0012,0
odysseus,torso.lean,95.5,-0.3,-0.8,-17.2,21.8,0.0016,0
odysseus,torso.lean,95.583,-0.4,-0.9,-17.2,21.8,0.002,0
odysseus,torso.lean,95.667,-0.4,-1,-17.2,21.8,0.0025,0
odysseus,torso.lean,95.75,-0.5,-1,-17.2,21.8,0.0029,0
odysseus,torso.lean,95.833,-0.6,-1.1,-17.2,21.8,0.0034,0
odysseus,torso.lean,95.917,-0.7,-1.1,-17.2,21.8,0.0039,0
odysseus,torso.lean,96,-0.8,-1.1,-17.2,21.8,0.0045,0
odysseus,torso.lean,96.083,-0.9,-1.1,-17.2,21.8,0.005,0
odysseus,torso.lean,96.167,-1,-1.1,-17.2,21.8,0.0055,0
odysseus,torso.lean,96.25,-1.1,-1.1,-17.2,21.8,0.006,0
odysseus,torso.lean,96.333,-1.2,-1.1,-17.2,21.8,0.0065,0
odysseus,torso.lean,96.417,-1.3,-1,-17.2,21.8,0.007,0
odysseus,torso.lean,96.5,-1.4,-1,-17.2,21.8,0.0074,0
odysseus,torso.lean,96.583,-1.4,-0.9,-17.2,21.8,0.0079,0
odysseus,torso.lean,96.667,-1.5,-0.8,-17.2,21.8,0.0082,0
odysseus,torso.lean,96.75,-1.6,-0.7,-17.2,21.8,0.0086,0
odysseus,torso.lean,96.833,-1.6,-0.6,-17.2,21.8,0.0089,0
odysseus,torso.lean,96.917,-1.7,-0.5,-17.2,21.8,0.0091,0
odysseus,torso.lean,97,-1.7,-0.4,-17.2,21.8,0.0093,0
odysseus,torso.lean,97.417,-1.6,0.7,-17.2,21.8,0.0088,0
odysseus,torso.lean,97.5,-1.5,1,-17.2,21.8,0.0084,0
odysseus,torso.lean,97.583,-1.4,1.2,-17.2,21.8,0.0078,0
odysseus,torso.lean,97.667,-1.3,1.3,-17.2,21.8,0.0072,0
odysseus,torso.lean,97.75,-1.2,1.5,-17.2,21.8,0.0065,0
odysseus,torso.lean,97.833,-1.1,1.6,-17.2,21.8,0.0058,0
odysseus,torso.lean,97.917,-0.9,1.6,-17.2,21.8,0.0051,0
odysseus,torso.lean,98,-0.8,1.6,-17.2,21.8,0.0043,0
odysseus,torso.lean,98.083,-0.7,1.6,-17.2,21.8,0.0036,0
odysseus,torso.lean,98.167,-0.5,1.6,-17.2,21.8,0.0029,0
odysseus,torso.lean,98.25,-0.4,1.5,-17.2,21.8,0.0022,0
odysseus,torso.lean,98.333,-0.3,1.3,-17.2,21.8,0.0016,0
odysseus,torso.lean,98.417,-0.2,1.2,-17.2,21.8,0.0011,0
odysseus,torso.lean,98.5,-0.1,1,-17.2,21.8,0.0007,0
odysseus,torso.lean,98.583,-0.1,0.7,-17.2,21.8,0.0003,0
odysseus,torso.lean,98.667,0,0.5,-17.2,21.8,0.0001,0
odysseus,torso.lean,99.083,-0.1,-0.5,-17.2,21.8,0.0006,0
odysseus,torso.lean,99.167,-0.2,-0.6,-17.2,21.8,0.0009,0
odysseus,torso.lean,99.25,-0.2,-0.7,-17.2,21.8,0.0012,0
odysseus,torso.lean,99.333,-0.3,-0.8,-17.2,21.8,0.0016,0
odysseus,torso.lean,99.417,-0.4,-0.9,-17.2,21.8,0.002,0
odysseus,torso.lean,99.5,-0.4,-1,-17.2,21.8,0.0025,0
odysseus,torso.lean,99.583,-0.5,-1,-17.2,21.8,0.0029,0
odysseus,torso.lean,99.667,-0.6,-1.1,-17.2,21.8,0.0034,0
odysseus,torso.lean,99.75,-0.7,-1.1,-17.2,21.8,0.0039,0
odysseus,torso.lean,99.833,-0.8,-1.1,-17.2,21.8,0.0045,0
odysseus,torso.lean,99.917,-0.9,-1.1,-17.2,21.8,0.005,0
odysseus,torso.lean,100,-1,-1.1,-17.2,21.8,0.0055,0
odysseus,torso.lean,100.083,-1.1,-1.1,-17.2,21.8,0.006,0
odysseus,torso.lean,100.167,-1.2,-1.1,-17.2,21.8,0.0065,0
odysseus,torso.lean,100.25,-1.3,-1,-17.2,21.8,0.007,0
odysseus,torso.lean,100.333,-1.4,-1,-17.2,21.8,0.0074,0
odysseus,torso.lean,100.417,-1.4,-0.9,-17.2,21.8,0.0079,0
odysseus,torso.twist,0,0,0,-31.5,31.5,0,0
odysseus,torso.twist,0.583,0.7,8.7,-31.5,31.5,0.0055,0.002
odysseus,torso.twist,0.667,2.7,23.5,-31.5,31.5,0.0173,0.015
odysseus,torso.twist,0.75,5.6,34.7,-31.5,31.5,0.0325,0.041
odysseus,torso.twist,0.833,9.1,42.1,-31.5,31.5,0.0508,0.08
odysseus,torso.twist,0.917,12.9,45.8,-31.5,31.5,0.0707,0.123
odysseus,torso.twist,1,16.7,45.8,-31.5,31.5,0.0902,0.161
odysseus,torso.twist,1.083,20.2,42.1,-31.5,31.5,0.1091,0.184
odysseus,torso.twist,1.167,23.1,34.7,-31.5,31.5,0.1245,0.182
odysseus,torso.twist,1.25,25.1,23.5,-31.5,31.5,0.135,0.147
odysseus,torso.twist,1.333,25.8,8.7,-31.5,31.5,0.1392,0.081
odysseus,torso.twist,1.417,25.8,0,-31.5,31.5,0.1381,0.038
odysseus,torso.twist,21.167,25.9,0.8,-31.5,31.5,0.1371,0.042
odysseus,torso.twist,21.25,26,1.2,-31.5,31.5,0.1376,0.044
odysseus,torso.twist,21.333,26.1,1.5,-31.5,31.5,0.1382,0.045
odysseus,torso.twist,21.417,26.2,1.6,-31.5,31.5,0.1388,0.046
odysseus,torso.twist,21.5,26.4,1.6,-31.5,31.5,0.1394,0.047
odysseus,torso.twist,21.583,26.5,1.5,-31.5,31.5,0.14,0.046
odysseus,torso.twist,21.667,26.6,1.2,-31.5,31.5,0.1406,0.045
odysseus,torso.twist,21.75,26.7,0.8,-31.5,31.5,0.1409,0.044
odysseus,torso.twist,21.833,26.7,0.3,-31.5,31.5,0.1411,0.041
odysseus,torso.twist,22,26.6,-0.9,-31.5,31.5,0.1406,0.044
odysseus,torso.twist,22.083,26.5,-1.4,-31.5,31.5,0.14,0.046
odysseus,torso.twist,22.167,26.3,-1.8,-31.5,31.5,0.1393,0.048
odysseus,torso.twist,22.25,26.1,-2.2,-31.5,31.5,0.1384,0.049
odysseus,torso.twist,22.333,25.9,-2.5,-31.5,31.5,0.1373,0.05
odysseus,torso.twist,22.417,25.7,-2.8,-31.5,31.5,0.1362,0.05
odysseus,torso.twist,22.5,25.4,-3,-31.5,31.5,0.1349,0.051
odysseus,torso.twist,22.583,25.2,-3.2,-31.5,31.5,0.1336,0.051
odysseus,torso.twist,22.667,24.9,-3.3,-31.5,31.5,0.1322,0.05
odysseus,torso.twist,22.75,24.6,-3.4,-31.5,31.5,0.1308,0.05
odysseus,torso.twist,22.833,24.3,-3.4,-31.5,31.5,0.1294,0.049
odysseus,torso.twist,22.917,24.1,-3.3,-31.5,31.5,0.128,0.048
odysseus,torso.twist,23,23.8,-3.2,-31.5,31.5,0.1267,0.046
odysseus,torso.twist,23.083,23.5,-3,-31.5,31.5,0.1254,0.045
odysseus,torso.twist,23.167,23.3,-2.8,-31.5,31.5,0.1243,0.043
odysseus,torso.twist,23.25,23.1,-2.5,-31.5,31.5,0.1232,0.041
odysseus,torso.twist,23.333,22.9,-2.2,-31.5,31.5,0.1223,0.039
odysseus,torso.twist,23.417,22.8,-1.8,-31.5,31.5,0.1215,0.037
odysseus,torso.twist,23.5,22.7,-1.4,-31.5,31.5,0.121,0.035
odysseus,torso.twist,23.583,22.6,-0.9,-31.5,31.5,0.1206,0.033
odysseus,torso.twist,23.667,22.6,-0.3,-31.5,31.5,0.1205,0.03
odysseus,torso.twist,93.5,20.6,-23.4,-31.5,31.5,0.1147,0.12
odysseus,torso.twist,93.583,15.6,-60.3,-31.5,31.5,0.091,0.208
odysseus,torso.twist,93.667,8.7,-82.4,-31.5,31.5,0.0516,0.154
odysseus,torso.twist,93.75,1.2,-89.8,-31.5,31.5,0.0081,0.026
odysseus,torso.twist,93.833,-5.6,-82.4,-31.5,31.5,0.0321,0.094
odysseus,torso.twist,93.917,-10.6,-60.3,-31.5,31.5,0.062,0.138
odysseus,torso.twist,94,-12.6,-23.4,-31.5,31.5,0.075,0.072
odysseus,torso.twist,94.083,-12.6,0,-31.5,31.5,0.0726,0.011
odysseus,torso.twist,100.417,-12.6,0,-31.5,31.5,0.0684,0.009
odysseus,torso.roll,0,0,0,-9.2,9.2,0,0
odysseus,torso.roll,2.167,0.2,2.3,-9.2,9.2,0.0015,0
odysseus,torso.roll,2.25,0.7,5.7,-9.2,9.2,0.0043,0.001
odysseus,torso.roll,2.333,1.3,7.4,-9.2,9.2,0.0074,0.002
odysseus,torso.roll,2.417,1.9,7.4,-9.2,9.2,0.0105,0.003
odysseus,torso.roll,2.5,2.4,5.7,-9.2,9.2,0.0134,0.003
odysseus,torso.roll,2.583,2.6,2.3,-9.2,9.2,0.0147,0.002
odysseus,torso.roll,2.667,2.5,-0.6,-9.2,9.2,0.0144,0.001
odysseus,torso.roll,2.75,2.5,-0.6,-9.2,9.2,0.0136,0.001
odysseus,torso.roll,2.833,2.4,-0.6,-9.2,9.2,0.0133,0.001
odysseus,torso.roll,2.917,2.4,-0.6,-9.2,9.2,0.0131,0.001
odysseus,torso.roll,3,2.3,-0.6,-9.2,9.2,0.0128,0.001
odysseus,torso.roll,3.083,2.3,-0.6,-9.2,9.2,0.0126,0.001
odysseus,torso.roll,3.167,2.2,-0.6,-9.2,9.2,0.0123,0.001
odysseus,torso.roll,3.25,2.2,-0.6,-9.2,9.2,0.012,0.001
odysseus,torso.roll,3.333,2.1,-0.6,-9.2,9.2,0.0118,0.001
odysseus,torso.roll,3.417,2.1,-0.6,-9.2,9.2,0.0115,0
odysseus,torso.roll,3.5,2.1,-0.6,-9.2,9.2,0.0112,0
odysseus,torso.roll,3.583,2,-0.6,-9.2,9.2,0.011,0
odysseus,torso.roll,3.667,2,-0.6,-9.2,9.2,0.0107,0
odysseus,torso.roll,3.75,1.9,-0.6,-9.2,9.2,0.0105,0
odysseus,torso.roll,3.833,1.9,-0.6,-9.2,9.2,0.0102,0
odysseus,torso.roll,3.917,1.8,-0.6,-9.2,9.2,0.0099,0
odysseus,torso.roll,4,1.8,-0.6,-9.2,9.2,0.0097,0
odysseus,torso.roll,4.083,1.7,-0.6,-9.2,9.2,0.0094,0
odysseus,torso.roll,4.167,1.7,0,-9.2,9.2,0.0095,0
odysseus,torso.roll,5.167,1.3,-5.4,-9.2,9.2,0.0079,0.002
odysseus,torso.roll,5.25,0.2,-12.8,-9.2,9.2,0.0025,0.001
odysseus,torso.roll,5.333,-1.1,-15.3,-9.2,9.2,0.0063,0.003
odysseus,torso.roll,5.417,-2.1,-12.8,-9.2,9.2,0.0121,0.006
odysseus,torso.roll,5.5,-2.6,-5.4,-9.2,9.2,0.0154,0.003
odysseus,torso.roll,5.583,-2.5,0.5,-9.2,9.2,0.0149,0.001
odysseus,torso.roll,5.667,-2.5,0.5,-9.2,9.2,0.0136,0.001
odysseus,torso.roll,5.75,-2.4,0.5,-9.2,9.2,0.0134,0.001
odysseus,torso.roll,5.833,-2.4,0.5,-9.2,9.2,0.0131,0.001
odysseus,torso.roll,5.917,-2.4,0.5,-9.2,9.2,0.0129,0.001
odysseus,torso.roll,6,-2.3,0.5,-9.2,9.2,0.0126,0.001
odysseus,torso.roll,6.083,-2.3,0.5,-9.2,9.2,0.0124,0.001
odysseus,torso.roll,6.167,-2.2,0.5,-9.2,9.2,0.0121,0.001
odysseus,torso.roll,6.25,-2.2,0.5,-9.2,9.2,0.0119,0.001
odysseus,torso.roll,6.333,-2.1,0.5,-9.2,9.2,0.0116,0
odysseus,torso.roll,6.417,-2.1,0.5,-9.2,9.2,0.0114,0
odysseus,torso.roll,6.5,-2,0.5,-9.2,9.2,0.0112,0
odysseus,torso.roll,6.583,-2,0.5,-9.2,9.2,0.0109,0
odysseus,torso.roll,6.667,-1.9,0.5,-9.2,9.2,0.0107,0
odysseus,torso.roll,6.75,-1.9,0.5,-9.2,9.2,0.0104,0
odysseus,torso.roll,6.833,-1.9,0.5,-9.2,9.2,0.0102,0
odysseus,torso.roll,6.917,-1.8,0.5,-9.2,9.2,0.0099,0
odysseus,torso.roll,7,-1.8,0.5,-9.2,9.2,0.0097,0
odysseus,torso.roll,7.083,-1.7,0.5,-9.2,9.2,0.0094,0
odysseus,torso.roll,7.167,-1.7,0,-9.2,9.2,0.0095,0
odysseus,torso.roll,8.583,-1.3,5.4,-9.2,9.2,0.0079,0.002
odysseus,torso.roll,8.667,-0.2,12.8,-9.2,9.2,0.0025,0.001
odysseus,torso.roll,8.75,1.1,15.3,-9.2,9.2,0.0063,0.003
odysseus,torso.roll,8.833,2.1,12.8,-9.2,9.2,0.0121,0.006
odysseus,torso.roll,8.917,2.6,5.4,-9.2,9.2,0.0154,0.003
odysseus,torso.roll,9,2.5,-0.5,-9.2,9.2,0.0149,0.001
odysseus,torso.roll,9.083,2.5,-0.5,-9.2,9.2,0.0136,0.001
odysseus,torso.roll,9.167,2.4,-0.5,-9.2,9.2,0.0134,0.001
odysseus,torso.roll,9.25,2.4,-0.5,-9.2,9.2,0.0131,0.001
odysseus,torso.roll,9.333,2.4,-0.5,-9.2,9.2,0.0129,0.001
odysseus,torso.roll,9.417,2.3,-0.5,-9.2,9.2,0.0126,0.001
odysseus,torso.roll,9.5,2.3,-0.5,-9.2,9.2,0.0124,0.001
odysseus,torso.roll,9.583,2.2,-0.5,-9.2,9.2,0.0121,0.001
odysseus,torso.roll,9.667,2.2,-0.5,-9.2,9.2,0.0119,0.001
odysseus,torso.roll,9.75,2.1,-0.5,-9.2,9.2,0.0116,0
odysseus,torso.roll,9.833,2.1,-0.5,-9.2,9.2,0.0114,0
odysseus,torso.roll,9.917,2,-0.5,-9.2,9.2,0.0112,0
odysseus,torso.roll,10,2,-0.5,-9.2,9.2,0.0109,0
odysseus,torso.roll,10.083,1.9,-0.5,-9.2,9.2,0.0107,0
odysseus,torso.roll,10.167,1.9,-0.5,-9.2,9.2,0.0104,0
odysseus,torso.roll,10.25,1.9,-0.5,-9.2,9.2,0.0102,0
odysseus,torso.roll,10.333,1.8,-0.5,-9.2,9.2,0.0099,0
odysseus,torso.roll,10.417,1.8,-0.5,-9.2,9.2,0.0097,0
odysseus,torso.roll,10.5,1.7,-0.5,-9.2,9.2,0.0094,0
odysseus,torso.roll,10.583,1.7,0,-9.2,9.2,0.0095,0
odysseus,torso.roll,11.667,1.4,-3.8,-9.2,9.2,0.0084,0.001
odysseus,torso.roll,11.75,0.6,-9.5,-9.2,9.2,0.0043,0.001
odysseus,torso.roll,11.833,-0.4,-12.4,-9.2,9.2,0.0029,0.001
odysseus,torso.roll,11.917,-1.5,-12.4,-9.2,9.2,0.008,0.004
odysseus,torso.roll,12,-2.3,-9.5,-9.2,9.2,0.0129,0.005
odysseus,torso.roll,12.083,-2.6,-3.8,-9.2,9.2,0.0151,0.002
odysseus,torso.roll,12.167,-2.5,0.6,-9.2,9.2,0.0146,0.001
odysseus,torso.roll,12.25,-2.5,0.6,-9.2,9.2,0.0136,0.001
odysseus,torso.roll,12.333,-2.4,0.6,-9.2,9.2,0.0133,0.001
odysseus,torso.roll,12.417,-2.4,0.6,-9.2,9.2,0.0131,0.001
odysseus,torso.roll,12.5,-2.3,0.6,-9.2,9.2,0.0128,0.001
odysseus,torso.roll,12.583,-2.3,0.6,-9.2,9.2,0.0126,0.001
odysseus,torso.roll,12.667,-2.2,0.6,-9.2,9.2,0.0123,0.001
odysseus,torso.roll,12.75,-2.2,0.6,-9.2,9.2,0.012,0.001
odysseus,torso.roll,12.833,-2.1,0.6,-9.2,9.2,0.0118,0.001
odysseus,torso.roll,12.917,-2.1,0.6,-9.2,9.2,0.0115,0
odysseus,torso.roll,13,-2.1,0.6,-9.2,9.2,0.0112,0
odysseus,torso.roll,13.083,-2,0.6,-9.2,9.2,0.011,0
odysseus,torso.roll,13.167,-2,0.6,-9.2,9.2,0.0107,0
odysseus,torso.roll,13.25,-1.9,0.6,-9.2,9.2,0.0105,0
odysseus,torso.roll,13.333,-1.9,0.6,-9.2,9.2,0.0102,0
odysseus,torso.roll,13.417,-1.8,0.6,-9.2,9.2,0.0099,0
odysseus,torso.roll,13.5,-1.8,0.6,-9.2,9.2,0.0097,0
odysseus,torso.roll,13.583,-1.7,0.6,-9.2,9.2,0.0094,0
odysseus,torso.roll,13.667,-1.7,0,-9.2,9.2,0.0095,0
odysseus,torso.roll,14.917,-1.4,3.8,-9.2,9.2,0.0084,0.001
odysseus,torso.roll,15,-0.6,9.5,-9.2,9.2,0.0043,0.001
odysseus,torso.roll,15.083,0.4,12.4,-9.2,9.2,0.0029,0.001
odysseus,torso.roll,15.167,1.5,12.4,-9.2,9.2,0.008,0.004
odysseus,torso.roll,15.25,2.3,9.5,-9.2,9.2,0.0129,0.005
odysseus,torso.roll,15.333,2.6,3.8,-9.2,9.2,0.0151,0.002
odysseus,torso.roll,15.417,2.5,-0.6,-9.2,9.2,0.0146,0.001
odysseus,torso.roll,15.5,2.5,-0.6,-9.2,9.2,0.0136,0.001
odysseus,torso.roll,15.583,2.4,-0.6,-9.2,9.2,0.0133,0.001
odysseus,torso.roll,15.667,2.4,-0.6,-9.2,9.2,0.0131,0.001
odysseus,torso.roll,15.75,2.3,-0.6,-9.2,9.2,0.0128,0.001
odysseus,torso.roll,15.833,2.3,-0.6,-9.2,9.2,0.0126,0.001
odysseus,torso.roll,15.917,2.2,-0.6,-9.2,9.2,0.0123,0.001
odysseus,torso.roll,16,2.2,-0.6,-9.2,9.2,0.012,0.001
odysseus,torso.roll,16.083,2.1,-0.6,-9.2,9.2,0.0118,0.001
odysseus,torso.roll,16.167,2.1,-0.6,-9.2,9.2,0.0115,0
odysseus,torso.roll,16.25,2.1,-0.6,-9.2,9.2,0.0112,0
odysseus,torso.roll,16.333,2,-0.6,-9.2,9.2,0.011,0
odysseus,torso.roll,16.417,2,-0.6,-9.2,9.2,0.0107,0
odysseus,torso.roll,16.5,1.9,-0.6,-9.2,9.2,0.0105,0
odysseus,torso.roll,16.583,1.9,-0.6,-9.2,9.2,0.0102,0
odysseus,torso.roll,16.667,1.8,-0.6,-9.2,9.2,0.0099,0
odysseus,torso.roll,16.75,1.8,-0.6,-9.2,9.2,0.0097,0
odysseus,torso.roll,16.833,1.7,-0.6,-9.2,9.2,0.0094,0
odysseus,torso.roll,16.917,1.7,0,-9.2,9.2,0.0095,0
odysseus,torso.roll,18.75,1.4,-3.8,-9.2,9.2,0.0084,0.001
odysseus,torso.roll,18.833,0.6,-9.5,-9.2,9.2,0.0043,0.001
odysseus,torso.roll,18.917,-0.4,-12.4,-9.2,9.2,0.0029,0.001
odysseus,torso.roll,19,-1.5,-12.4,-9.2,9.2,0.008,0.004
odysseus,torso.roll,19.083,-2.3,-9.5,-9.2,9.2,0.0129,0.005
odysseus,torso.roll,19.167,-2.6,-3.8,-9.2,9.2,0.0151,0.002
odysseus,torso.roll,19.25,-2.5,0.6,-9.2,9.2,0.0146,0.001
odysseus,torso.roll,19.333,-2.5,0.6,-9.2,9.2,0.0136,0.001
odysseus,torso.roll,19.417,-2.4,0.6,-9.2,9.2,0.0133,0.001
odysseus,torso.roll,19.5,-2.4,0.6,-9.2,9.2,0.0131,0.001
odysseus,torso.roll,19.583,-2.3,0.6,-9.2,9.2,0.0128,0.001
odysseus,torso.roll,19.667,-2.3,0.6,-9.2,9.2,0.0126,0.001
odysseus,torso.roll,19.75,-2.2,0.6,-9.2,9.2,0.0123,0.001
odysseus,torso.roll,19.833,-2.2,0.6,-9.2,9.2,0.012,0.001
odysseus,torso.roll,19.917,-2.1,0.6,-9.2,9.2,0.0118,0.001
odysseus,torso.roll,20,-2.1,0.6,-9.2,9.2,0.0115,0
odysseus,torso.roll,20.083,-2.1,0.6,-9.2,9.2,0.0112,0
odysseus,torso.roll,20.167,-2,0.6,-9.2,9.2,0.011,0
odysseus,torso.roll,20.25,-2,0.6,-9.2,9.2,0.0107,0
odysseus,torso.roll,20.333,-1.9,0.6,-9.2,9.2,0.0105,0
odysseus,torso.roll,20.417,-1.9,0.6,-9.2,9.2,0.0102,0
odysseus,torso.roll,20.5,-1.8,0.6,-9.2,9.2,0.0099,0
odysseus,torso.roll,20.583,-1.8,0.6,-9.2,9.2,0.0097,0
odysseus,torso.roll,20.667,-1.7,0.6,-9.2,9.2,0.0094,0
odysseus,torso.roll,20.75,-1.7,0,-9.2,9.2,0.0095,0
odysseus,torso.roll,22.5,-1.4,3.8,-9.2,9.2,0.0084,0.001
odysseus,torso.roll,22.583,-0.6,9.5,-9.2,9.2,0.0043,0.001
odysseus,torso.roll,22.667,0.4,12.4,-9.2,9.2,0.0029,0.001
odysseus,torso.roll,22.75,1.5,12.4,-9.2,9.2,0.008,0.004
odysseus,torso.roll,22.833,2.3,9.5,-9.2,9.2,0.0129,0.005
odysseus,torso.roll,22.917,2.6,3.8,-9.2,9.2,0.0151,0.002
odysseus,torso.roll,23,2.5,-0.6,-9.2,9.2,0.0146,0.001
odysseus,torso.roll,23.083,2.5,-0.6,-9.2,9.2,0.0136,0.001
odysseus,torso.roll,23.167,2.4,-0.6,-9.2,9.2,0.0133,0.001
odysseus,torso.roll,23.25,2.4,-0.6,-9.2,9.2,0.0131,0.001
odysseus,torso.roll,23.333,2.3,-0.6,-9.2,9.2,0.0128,0.001
odysseus,torso.roll,23.417,2.3,-0.6,-9.2,9.2,0.0126,0.001
odysseus,torso.roll,23.5,2.2,-0.6,-9.2,9.2,0.0123,0.001
odysseus,torso.roll,23.583,2.2,-0.6,-9.2,9.2,0.012,0.001
odysseus,torso.roll,23.667,2.1,-0.6,-9.2,9.2,0.0118,0.001
odysseus,torso.roll,23.75,2.1,-0.6,-9.2,9.2,0.0115,0
odysseus,torso.roll,23.833,2.1,-0.6,-9.2,9.2,0.0112,0
odysseus,torso.roll,23.917,2,-0.6,-9.2,9.2,0.011,0
odysseus,torso.roll,24,2,-0.6,-9.2,9.2,0.0107,0
odysseus,torso.roll,24.083,1.9,-0.6,-9.2,9.2,0.0105,0
odysseus,torso.roll,24.167,1.9,-0.6,-9.2,9.2,0.0102,0
odysseus,torso.roll,24.25,1.8,-0.6,-9.2,9.2,0.0099,0
odysseus,torso.roll,24.333,1.8,-0.6,-9.2,9.2,0.0097,0
odysseus,torso.roll,24.417,1.7,-0.6,-9.2,9.2,0.0094,0
odysseus,torso.roll,24.5,1.7,0,-9.2,9.2,0.0095,0
odysseus,torso.roll,25.583,1.3,-5.4,-9.2,9.2,0.0079,0.002
odysseus,torso.roll,25.667,0.2,-12.8,-9.2,9.2,0.0025,0.001
odysseus,torso.roll,25.75,-1.1,-15.3,-9.2,9.2,0.0063,0.003
odysseus,torso.roll,25.833,-2.1,-12.8,-9.2,9.2,0.0121,0.006
odysseus,torso.roll,25.917,-2.6,-5.4,-9.2,9.2,0.0154,0.003
odysseus,torso.roll,26,-2.5,0.5,-9.2,9.2,0.0149,0.001
odysseus,torso.roll,26.083,-2.5,0.5,-9.2,9.2,0.0136,0.001
odysseus,torso.roll,26.167,-2.4,0.5,-9.2,9.2,0.0134,0.001
odysseus,torso.roll,26.25,-2.4,0.5,-9.2,9.2,0.0131,0.001
odysseus,torso.roll,26.333,-2.4,0.5,-9.2,9.2,0.0129,0.001
odysseus,torso.roll,26.417,-2.3,0.5,-9.2,9.2,0.0126,0.001
odysseus,torso.roll,26.5,-2.3,0.5,-9.2,9.2,0.0124,0.001
odysseus,torso.roll,26.583,-2.2,0.5,-9.2,9.2,0.0121,0.001
odysseus,torso.roll,26.667,-2.2,0.5,-9.2,9.2,0.0119,0.001
odysseus,torso.roll,26.75,-2.1,0.5,-9.2,9.2,0.0116,0
odysseus,torso.roll,26.833,-2.1,0.5,-9.2,9.2,0.0114,0
odysseus,torso.roll,26.917,-2,0.5,-9.2,9.2,0.0112,0
odysseus,torso.roll,27,-2,0.5,-9.2,9.2,0.0109,0
odysseus,torso.roll,27.083,-1.9,0.5,-9.2,9.2,0.0107,0
odysseus,torso.roll,27.167,-1.9,0.5,-9.2,9.2,0.0104,0
odysseus,torso.roll,27.25,-1.9,0.5,-9.2,9.2,0.0102,0
odysseus,torso.roll,27.333,-1.8,0.5,-9.2,9.2,0.0099,0
odysseus,torso.roll,27.417,-1.8,0.5,-9.2,9.2,0.0097,0
odysseus,torso.roll,27.5,-1.7,0.5,-9.2,9.2,0.0094,0
odysseus,torso.roll,27.583,-1.7,0,-9.2,9.2,0.0095,0
odysseus,torso.roll,28.917,-1.3,5.4,-9.2,9.2,0.0079,0.002
odysseus,torso.roll,29,-0.2,12.8,-9.2,9.2,0.0025,0.001
odysseus,torso.roll,29.083,1.1,15.3,-9.2,9.2,0.0063,0.003
odysseus,torso.roll,29.167,2.1,12.8,-9.2,9.2,0.0121,0.006
odysseus,torso.roll,29.25,2.6,5.4,-9.2,9.2,0.0154,0.003
odysseus,torso.roll,29.333,2.5,-0.5,-9.2,9.2,0.0149,0.001
odysseus,torso.roll,29.417,2.5,-0.5,-9.2,9.2,0.0136,0.001
odysseus,torso.roll,29.5,2.4,-0.5,-9.2,9.2,0.0134,0.001
odysseus,torso.roll,29.583,2.4,-0.5,-9.2,9.2,0.0131,0.001
odysseus,torso.roll,29.667,2.4,-0.5,-9.2,9.2,0.0129,0.001
odysseus,torso.roll,29.75,2.3,-0.5,-9.2,9.2,0.0126,0.001
odysseus,torso.roll,29.833,2.3,-0.5,-9.2,9.2,0.0124,0.001
odysseus,torso.roll,29.917,2.2,-0.5,-9.2,9.2,0.0121,0.001
odysseus,torso.roll,30,2.2,-0.5,-9.2,9.2,0.0119,0.001
odysseus,torso.roll,30.083,2.1,-0.5,-9.2,9.2,0.0116,0
odysseus,torso.roll,30.167,2.1,-0.5,-9.2,9.2,0.0114,0
odysseus,torso.roll,30.25,2,-0.5,-9.2,9.2,0.0112,0
odysseus,torso.roll,30.333,2,-0.5,-9.2,9.2,0.0109,0
odysseus,torso.roll,30.417,1.9,-0.5,-9.2,9.2,0.0107,0
odysseus,torso.roll,30.5,1.9,-0.5,-9.2,9.2,0.0104,0
odysseus,torso.roll,30.583,1.9,-0.5,-9.2,9.2,0.0102,0
odysseus,torso.roll,30.667,1.8,-0.5,-9.2,9.2,0.0099,0
odysseus,torso.roll,30.75,1.8,-0.5,-9.2,9.2,0.0097,0
odysseus,torso.roll,30.833,1.7,-0.5,-9.2,9.2,0.0094,0
odysseus,torso.roll,30.917,1.7,0,-9.2,9.2,0.0095,0
odysseus,torso.roll,32,1.4,-3.8,-9.2,9.2,0.0084,0.001
odysseus,torso.roll,32.083,0.6,-9.5,-9.2,9.2,0.0043,0.001
odysseus,torso.roll,32.167,-0.4,-12.4,-9.2,9.2,0.0029,0.001
odysseus,torso.roll,32.25,-1.5,-12.4,-9.2,9.2,0.008,0.004
odysseus,torso.roll,32.333,-2.3,-9.5,-9.2,9.2,0.0129,0.005
odysseus,torso.roll,32.417,-2.6,-3.8,-9.2,9.2,0.0151,0.002
odysseus,torso.roll,32.5,-2.5,0.6,-9.2,9.2,0.0146,0.001
odysseus,torso.roll,32.583,-2.5,0.6,-9.2,9.2,0.0136,0.001
odysseus,torso.roll,32.667,-2.4,0.6,-9.2,9.2,0.0133,0.001
odysseus,torso.roll,32.75,-2.4,0.6,-9.2,9.2,0.0131,0.001
odysseus,torso.roll,32.833,-2.3,0.6,-9.2,9.2,0.0128,0.001
odysseus,torso.roll,32.917,-2.3,0.6,-9.2,9.2,0.0126,0.001
odysseus,torso.roll,33,-2.2,0.6,-9.2,9.2,0.0123,0.001
odysseus,torso.roll,33.083,-2.2,0.6,-9.2,9.2,0.012,0.001
odysseus,torso.roll,33.167,-2.1,0.6,-9.2,9.2,0.0118,0.001
odysseus,torso.roll,33.25,-2.1,0.6,-9.2,9.2,0.0115,0
odysseus,torso.roll,33.333,-2.1,0.6,-9.2,9.2,0.0112,0
odysseus,torso.roll,33.417,-2,0.6,-9.2,9.2,0.011,0
odysseus,torso.roll,33.5,-2,0.6,-9.2,9.2,0.0107,0
odysseus,torso.roll,33.583,-1.9,0.6,-9.2,9.2,0.0105,0
odysseus,torso.roll,33.667,-1.9,0.6,-9.2,9.2,0.0102,0
odysseus,torso.roll,33.75,-1.8,0.6,-9.2,9.2,0.0099,0
odysseus,torso.roll,33.833,-1.8,0.6,-9.2,9.2,0.0097,0
odysseus,torso.roll,33.917,-1.7,0.6,-9.2,9.2,0.0094,0
odysseus,torso.roll,34,-1.7,0,-9.2,9.2,0.0095,0
odysseus,torso.roll,34.833,-1.3,5.4,-9.2,9.2,0.0079,0.002
odysseus,torso.roll,34.917,-0.2,12.8,-9.2,9.2,0.0025,0.001
odysseus,torso.roll,35,1.1,15.3,-9.2,9.2,0.0063,0.003
odysseus,torso.roll,35.083,2.1,12.8,-9.2,9.2,0.0121,0.006
odysseus,torso.roll,35.167,2.6,5.4,-9.2,9.2,0.0154,0.003
odysseus,torso.roll,35.25,2.5,-0.5,-9.2,9.2,0.0149,0.001
odysseus,torso.roll,35.333,2.5,-0.5,-9.2,9.2,0.0136,0.001
odysseus,torso.roll,35.417,2.4,-0.5,-9.2,9.2,0.0134,0.001
odysseus,torso.roll,35.5,2.4,-0.5,-9.2,9.2,0.0131,0.001
odysseus,torso.roll,35.583,2.4,-0.5,-9.2,9.2,0.0129,0.001
odysseus,torso.roll,35.667,2.3,-0.5,-9.2,9.2,0.0126,0.001
odysseus,torso.roll,35.75,2.3,-0.5,-9.2,9.2,0.0124,0.001
odysseus,torso.roll,35.833,2.2,-0.5,-9.2,9.2,0.0121,0.001
odysseus,torso.roll,35.917,2.2,-0.5,-9.2,9.2,0.0119,0.001
odysseus,torso.roll,36,2.1,-0.5,-9.2,9.2,0.0116,0
odysseus,torso.roll,36.083,2.1,-0.5,-9.2,9.2,0.0114,0
odysseus,torso.roll,36.167,2,-0.5,-9.2,9.2,0.0112,0
odysseus,torso.roll,36.25,2,-0.5,-9.2,9.2,0.0109,0
odysseus,torso.roll,36.333,1.9,-0.5,-9.2,9.2,0.0107,0
odysseus,torso.roll,36.417,1.9,-0.5,-9.2,9.2,0.0104,0
odysseus,torso.roll,36.5,1.9,-0.5,-9.2,9.2,0.0102,0
odysseus,torso.roll,36.583,1.8,-0.5,-9.2,9.2,0.0099,0
odysseus,torso.roll,36.667,1.8,-0.5,-9.2,9.2,0.0097,0
odysseus,torso.roll,36.75,1.7,-0.5,-9.2,9.2,0.0094,0
odysseus,torso.roll,36.833,1.7,0,-9.2,9.2,0.0095,0
odysseus,torso.roll,39.333,1.3,-5.4,-9.2,9.2,0.0079,0.002
odysseus,torso.roll,39.417,0.2,-12.8,-9.2,9.2,0.0025,0.001
odysseus,torso.roll,39.5,-1.1,-15.3,-9.2,9.2,0.0063,0.003
odysseus,torso.roll,39.583,-2.1,-12.8,-9.2,9.2,0.0121,0.006
odysseus,torso.roll,39.667,-2.6,-5.4,-9.2,9.2,0.0154,0.003
odysseus,torso.roll,39.75,-2.5,0.5,-9.2,9.2,0.0149,0.001
odysseus,torso.roll,39.833,-2.5,0.5,-9.2,9.2,0.0136,0.001
odysseus,torso.roll,39.917,-2.4,0.5,-9.2,9.2,0.0134,0.001
odysseus,torso.roll,40,-2.4,0.5,-9.2,9.2,0.0131,0.001
odysseus,torso.roll,40.083,-2.4,0.5,-9.2,9.2,0.0129,0.001
odysseus,torso.roll,40.167,-2.3,0.5,-9.2,9.2,0.0126,0.001
odysseus,torso.roll,40.25,-2.3,0.5,-9.2,9.2,0.0124,0.001
odysseus,torso.roll,40.333,-2.2,0.5,-9.2,9.2,0.0121,0.001
odysseus,torso.roll,40.417,-2.2,0.5,-9.2,9.2,0.0119,0.001
odysseus,torso.roll,40.5,-2.1,0.5,-9.2,9.2,0.0116,0
odysseus,torso.roll,40.583,-2.1,0.5,-9.2,9.2,0.0114,0
odysseus,torso.roll,40.667,-2,0.5,-9.2,9.2,0.0112,0
odysseus,torso.roll,40.75,-2,0.5,-9.2,9.2,0.0109,0
odysseus,torso.roll,40.833,-1.9,0.5,-9.2,9.2,0.0107,0
odysseus,torso.roll,40.917,-1.9,0.5,-9.2,9.2,0.0104,0
odysseus,torso.roll,41,-1.9,0.5,-9.2,9.2,0.0102,0
odysseus,torso.roll,41.083,-1.8,0.5,-9.2,9.2,0.0099,0
odysseus,torso.roll,41.167,-1.8,0.5,-9.2,9.2,0.0097,0
odysseus,torso.roll,41.25,-1.7,0.5,-9.2,9.2,0.0094,0
odysseus,torso.roll,41.333,-1.7,0,-9.2,9.2,0.0095,0
odysseus,torso.roll,42.417,-1.4,3.8,-9.2,9.2,0.0084,0.001
odysseus,torso.roll,42.5,-0.6,9.5,-9.2,9.2,0.0043,0.001
odysseus,torso.roll,42.583,0.4,12.4,-9.2,9.2,0.0029,0.001
odysseus,torso.roll,42.667,1.5,12.4,-9.2,9.2,0.008,0.004
odysseus,torso.roll,42.75,2.3,9.5,-9.2,9.2,0.0129,0.005
odysseus,torso.roll,42.833,2.6,3.8,-9.2,9.2,0.0151,0.002
odysseus,torso.roll,42.917,2.5,-0.6,-9.2,9.2,0.0146,0.001
odysseus,torso.roll,43,2.5,-0.6,-9.2,9.2,0.0136,0.001
odysseus,torso.roll,43.083,2.4,-0.6,-9.2,9.2,0.0133,0.001
odysseus,torso.roll,43.167,2.4,-0.6,-9.2,9.2,0.0131,0.001
odysseus,torso.roll,43.25,2.3,-0.6,-9.2,9.2,0.0128,0.001
odysseus,torso.roll,43.333,2.3,-0.6,-9.2,9.2,0.0126,0.001
odysseus,torso.roll,43.417,2.2,-0.6,-9.2,9.2,0.0123,0.001
odysseus,torso.roll,43.5,2.2,-0.6,-9.2,9.2,0.012,0.001
odysseus,torso.roll,43.583,2.1,-0.6,-9.2,9.2,0.0118,0.001
odysseus,torso.roll,43.667,2.1,-0.6,-9.2,9.2,0.0115,0
odysseus,torso.roll,43.75,2.1,-0.6,-9.2,9.2,0.0112,0
odysseus,torso.roll,43.833,2,-0.6,-9.2,9.2,0.011,0
odysseus,torso.roll,43.917,2,-0.6,-9.2,9.2,0.0107,0
odysseus,torso.roll,44,1.9,-0.6,-9.2,9.2,0.0105,0
odysseus,torso.roll,44.083,1.9,-0.6,-9.2,9.2,0.0102,0
odysseus,torso.roll,44.167,1.8,-0.6,-9.2,9.2,0.0099,0
odysseus,torso.roll,44.25,1.8,-0.6,-9.2,9.2,0.0097,0
odysseus,torso.roll,44.333,1.7,-0.6,-9.2,9.2,0.0094,0
odysseus,torso.roll,44.417,1.7,0,-9.2,9.2,0.0095,0
odysseus,torso.roll,45.583,1.3,-5.4,-9.2,9.2,0.0079,0.002
odysseus,torso.roll,45.667,0.2,-12.8,-9.2,9.2,0.0025,0.001
odysseus,torso.roll,45.75,-1.1,-15.3,-9.2,9.2,0.0063,0.003
odysseus,torso.roll,45.833,-2.1,-12.8,-9.2,9.2,0.0121,0.006
odysseus,torso.roll,45.917,-2.6,-5.4,-9.2,9.2,0.0154,0.003
odysseus,torso.roll,46,-2.5,0.5,-9.2,9.2,0.0149,0.001
odysseus,torso.roll,46.083,-2.5,0.5,-9.2,9.2,0.0136,0.001
odysseus,torso.roll,46.167,-2.4,0.5,-9.2,9.2,0.0134,0.001
odysseus,torso.roll,46.25,-2.4,0.5,-9.2,9.2,0.0131,0.001
odysseus,torso.roll,46.333,-2.4,0.5,-9.2,9.2,0.0129,0.001
odysseus,torso.roll,46.417,-2.3,0.5,-9.2,9.2,0.0126,0.001
odysseus,torso.roll,46.5,-2.3,0.5,-9.2,9.2,0.0124,0.001
odysseus,torso.roll,46.583,-2.2,0.5,-9.2,9.2,0.0121,0.001
odysseus,torso.roll,46.667,-2.2,0.5,-9.2,9.2,0.0119,0.001
odysseus,torso.roll,46.75,-2.1,0.5,-9.2,9.2,0.0116,0
odysseus,torso.roll,46.833,-2.1,0.5,-9.2,9.2,0.0114,0
odysseus,torso.roll,46.917,-2,0.5,-9.2,9.2,0.0112,0
odysseus,torso.roll,47,-2,0.5,-9.2,9.2,0.0109,0
odysseus,torso.roll,47.083,-1.9,0.5,-9.2,9.2,0.0107,0
odysseus,torso.roll,47.167,-1.9,0.5,-9.2,9.2,0.0104,0
odysseus,torso.roll,47.25,-1.9,0.5,-9.2,9.2,0.0102,0
odysseus,torso.roll,47.333,-1.8,0.5,-9.2,9.2,0.0099,0
odysseus,torso.roll,47.417,-1.8,0.5,-9.2,9.2,0.0097,0
odysseus,torso.roll,47.5,-1.7,0.5,-9.2,9.2,0.0094,0
odysseus,torso.roll,47.583,-1.7,0,-9.2,9.2,0.0095,0
odysseus,torso.roll,48.25,-1.4,3.8,-9.2,9.2,0.0084,0.001
odysseus,torso.roll,48.333,-0.6,9.5,-9.2,9.2,0.0043,0.001
odysseus,torso.roll,48.417,0.4,12.4,-9.2,9.2,0.0029,0.001
odysseus,torso.roll,48.5,1.5,12.4,-9.2,9.2,0.008,0.004
odysseus,torso.roll,48.583,2.3,9.5,-9.2,9.2,0.0129,0.005
odysseus,torso.roll,48.667,2.6,3.8,-9.2,9.2,0.0151,0.002
odysseus,torso.roll,48.75,2.5,-0.6,-9.2,9.2,0.0146,0.001
odysseus,torso.roll,48.833,2.5,-0.6,-9.2,9.2,0.0136,0.001
odysseus,torso.roll,48.917,2.4,-0.6,-9.2,9.2,0.0133,0.001
odysseus,torso.roll,49,2.4,-0.6,-9.2,9.2,0.0131,0.001
odysseus,torso.roll,49.083,2.3,-0.6,-9.2,9.2,0.0128,0.001
odysseus,torso.roll,49.167,2.3,-0.6,-9.2,9.2,0.0126,0.001
odysseus,torso.roll,49.25,2.2,-0.6,-9.2,9.2,0.0123,0.001
odysseus,torso.roll,49.333,2.2,-0.6,-9.2,9.2,0.012,0.001
odysseus,torso.roll,49.417,2.1,-0.6,-9.2,9.2,0.0118,0.001
odysseus,torso.roll,49.5,2.1,-0.6,-9.2,9.2,0.0115,0
odysseus,torso.roll,49.583,2.1,-0.6,-9.2,9.2,0.0112,0
odysseus,torso.roll,49.667,2,-0.6,-9.2,9.2,0.011,0
odysseus,torso.roll,49.75,2,-0.6,-9.2,9.2,0.0107,0
odysseus,torso.roll,49.833,1.9,-0.6,-9.2,9.2,0.0105,0
odysseus,torso.roll,49.917,1.9,-0.6,-9.2,9.2,0.0102,0
odysseus,torso.roll,50,1.8,-0.6,-9.2,9.2,0.0099,0
odysseus,torso.roll,50.083,1.8,-0.6,-9.2,9.2,0.0097,0
odysseus,torso.roll,50.167,1.7,-0.6,-9.2,9.2,0.0094,0
odysseus,torso.roll,50.25,1.7,0,-9.2,9.2,0.0095,0
odysseus,torso.roll,51.167,1.4,-3.8,-9.2,9.2,0.0084,0.001
odysseus,torso.roll,51.25,0.6,-9.5,-9.2,9.2,0.0043,0.001
odysseus,torso.roll,51.333,-0.4,-12.4,-9.2,9.2,0.0029,0.001
odysseus,torso.roll,51.417,-1.5,-12.4,-9.2,9.2,0.008,0.004
odysseus,torso.roll,51.5,-2.3,-9.5,-9.2,9.2,0.0129,0.005
odysseus,torso.roll,51.583,-2.6,-3.8,-9.2,9.2,0.0151,0.002
odysseus,torso.roll,51.667,-2.5,0.6,-9.2,9.2,0.0146,0.001
odysseus,torso.roll,51.75,-2.5,0.6,-9.2,9.2,0.0136,0.001
odysseus,torso.roll,51.833,-2.4,0.6,-9.2,9.2,0.0133,0.001
odysseus,torso.roll,51.917,-2.4,0.6,-9.2,9.2,0.0131,0.001
odysseus,torso.roll,52,-2.3,0.6,-9.2,9.2,0.0128,0.001
odysseus,torso.roll,52.083,-2.3,0.6,-9.2,9.2,0.0126,0.001
odysseus,torso.roll,52.167,-2.2,0.6,-9.2,9.2,0.0123,0.001
odysseus,torso.roll,52.25,-2.2,0.6,-9.2,9.2,0.012,0.001
odysseus,torso.roll,52.333,-2.1,0.6,-9.2,9.2,0.0118,0.001
odysseus,torso.roll,52.417,-2.1,0.6,-9.2,9.2,0.0115,0
odysseus,torso.roll,52.5,-2.1,0.6,-9.2,9.2,0.0112,0
odysseus,torso.roll,52.583,-2,0.6,-9.2,9.2,0.011,0
odysseus,torso.roll,52.667,-2,0.6,-9.2,9.2,0.0107,0
odysseus,torso.roll,52.75,-1.9,0.6,-9.2,9.2,0.0105,0
odysseus,torso.roll,52.833,-1.9,0.6,-9.2,9.2,0.0102,0
odysseus,torso.roll,52.917,-1.8,0.6,-9.2,9.2,0.0099,0
odysseus,torso.roll,53,-1.8,0.6,-9.2,9.2,0.0097,0
odysseus,torso.roll,53.083,-1.7,0.6,-9.2,9.2,0.0094,0
odysseus,torso.roll,53.167,-1.7,0,-9.2,9.2,0.0095,0
odysseus,torso.roll,54.083,-1.3,5.4,-9.2,9.2,0.0079,0.002
odysseus,torso.roll,54.167,-0.2,12.8,-9.2,9.2,0.0025,0.001
odysseus,torso.roll,54.25,1.1,15.3,-9.2,9.2,0.0063,0.003
odysseus,torso.roll,54.333,2.1,12.8,-9.2,9.2,0.0121,0.006
odysseus,torso.roll,54.417,2.6,5.4,-9.2,9.2,0.0154,0.003
odysseus,torso.roll,54.5,2.5,-0.5,-9.2,9.2,0.0149,0.001
odysseus,torso.roll,54.583,2.5,-0.5,-9.2,9.2,0.0136,0.001
odysseus,torso.roll,54.667,2.4,-0.5,-9.2,9.2,0.0134,0.001
odysseus,torso.roll,54.75,2.4,-0.5,-9.2,9.2,0.0131,0.001
odysseus,torso.roll,54.833,2.4,-0.5,-9.2,9.2,0.0129,0.001
odysseus,torso.roll,54.917,2.3,-0.5,-9.2,9.2,0.0126,0.001
odysseus,torso.roll,55,2.3,-0.5,-9.2,9.2,0.0124,0.001
odysseus,torso.roll,55.083,2.2,-0.5,-9.2,9.2,0.0121,0.001
odysseus,torso.roll,55.167,2.2,-0.5,-9.2,9.2,0.0119,0.001
odysseus,torso.roll,55.25,2.1,-0.5,-9.2,9.2,0.0116,0
odysseus,torso.roll,55.333,2.1,-0.5,-9.2,9.2,0.0114,0
odysseus,torso.roll,55.417,2,-0.5,-9.2,9.2,0.0112,0
odysseus,torso.roll,55.5,2,-0.5,-9.2,9.2,0.0109,0
odysseus,torso.roll,55.583,1.9,-0.5,-9.2,9.2,0.0107,0
odysseus,torso.roll,55.667,1.9,-0.5,-9.2,9.2,0.0104,0
odysseus,torso.roll,55.75,1.9,-0.5,-9.2,9.2,0.0102,0
odysseus,torso.roll,55.833,1.8,-0.5,-9.2,9.2,0.0099,0
odysseus,torso.roll,55.917,1.8,-0.5,-9.2,9.2,0.0097,0
odysseus,torso.roll,56,1.7,-0.5,-9.2,9.2,0.0094,0
odysseus,torso.roll,56.083,1.7,0,-9.2,9.2,0.0095,0
odysseus,torso.roll,58.25,1.3,-5.4,-9.2,9.2,0.0079,0.002
odysseus,torso.roll,58.333,0.2,-12.8,-9.2,9.2,0.0025,0.001
odysseus,torso.roll,58.417,-1.1,-15.3,-9.2,9.2,0.0063,0.003
odysseus,torso.roll,58.5,-2.1,-12.8,-9.2,9.2,0.0121,0.006
odysseus,torso.roll,58.583,-2.6,-5.4,-9.2,9.2,0.0154,0.003
odysseus,torso.roll,58.667,-2.5,0.5,-9.2,9.2,0.0149,0.001
odysseus,torso.roll,58.75,-2.5,0.5,-9.2,9.2,0.0136,0.001
odysseus,torso.roll,58.833,-2.4,0.5,-9.2,9.2,0.0134,0.001
odysseus,torso.roll,58.917,-2.4,0.5,-9.2,9.2,0.0131,0.001
odysseus,torso.roll,59,-2.4,0.5,-9.2,9.2,0.0129,0.001
odysseus,torso.roll,59.083,-2.3,0.5,-9.2,9.2,0.0126,0.001
odysseus,torso.roll,59.167,-2.3,0.5,-9.2,9.2,0.0124,0.001
odysseus,torso.roll,59.25,-2.2,0.5,-9.2,9.2,0.0121,0.001
odysseus,torso.roll,59.333,-2.2,0.5,-9.2,9.2,0.0119,0.001
odysseus,torso.roll,59.417,-2.1,0.5,-9.2,9.2,0.0116,0
odysseus,torso.roll,59.5,-2.1,0.5,-9.2,9.2,0.0114,0
odysseus,torso.roll,59.583,-2,0.5,-9.2,9.2,0.0112,0
odysseus,torso.roll,59.667,-2,0.5,-9.2,9.2,0.0109,0
odysseus,torso.roll,59.75,-1.9,0.5,-9.2,9.2,0.0107,0
odysseus,torso.roll,59.833,-1.9,0.5,-9.2,9.2,0.0104,0
odysseus,torso.roll,59.917,-1.9,0.5,-9.2,9.2,0.0102,0
odysseus,torso.roll,60,-1.8,0.5,-9.2,9.2,0.0099,0
odysseus,torso.roll,60.083,-1.8,0.5,-9.2,9.2,0.0097,0
odysseus,torso.roll,60.167,-1.7,0.5,-9.2,9.2,0.0094,0
odysseus,torso.roll,60.25,-1.7,0,-9.2,9.2,0.0095,0
odysseus,torso.roll,61.667,-1.3,5.4,-9.2,9.2,0.0079,0.002
odysseus,torso.roll,61.75,-0.2,12.8,-9.2,9.2,0.0025,0.001
odysseus,torso.roll,61.833,1.1,15.3,-9.2,9.2,0.0063,0.003
odysseus,torso.roll,61.917,2.1,12.8,-9.2,9.2,0.0121,0.006
odysseus,torso.roll,62,2.6,5.4,-9.2,9.2,0.0154,0.003
odysseus,torso.roll,62.083,2.5,-0.5,-9.2,9.2,0.0149,0.001
odysseus,torso.roll,62.167,2.5,-0.5,-9.2,9.2,0.0136,0.001
odysseus,torso.roll,62.25,2.4,-0.5,-9.2,9.2,0.0134,0.001
odysseus,torso.roll,62.333,2.4,-0.5,-9.2,9.2,0.0131,0.001
odysseus,torso.roll,62.417,2.4,-0.5,-9.2,9.2,0.0129,0.001
odysseus,torso.roll,62.5,2.3,-0.5,-9.2,9.2,0.0126,0.001
odysseus,torso.roll,62.583,2.3,-0.5,-9.2,9.2,0.0124,0.001
odysseus,torso.roll,62.667,2.2,-0.5,-9.2,9.2,0.0121,0.001
odysseus,torso.roll,62.75,2.2,-0.5,-9.2,9.2,0.0119,0.001
odysseus,torso.roll,62.833,2.1,-0.5,-9.2,9.2,0.0116,0
odysseus,torso.roll,62.917,2.1,-0.5,-9.2,9.2,0.0114,0
odysseus,torso.roll,63,2,-0.5,-9.2,9.2,0.0112,0
odysseus,torso.roll,63.083,2,-0.5,-9.2,9.2,0.0109,0
odysseus,torso.roll,63.167,1.9,-0.5,-9.2,9.2,0.0107,0
odysseus,torso.roll,63.25,1.9,-0.5,-9.2,9.2,0.0104,0
odysseus,torso.roll,63.333,1.9,-0.5,-9.2,9.2,0.0102,0
odysseus,torso.roll,63.417,1.8,-0.5,-9.2,9.2,0.0099,0
odysseus,torso.roll,63.5,1.8,-0.5,-9.2,9.2,0.0097,0
odysseus,torso.roll,63.583,1.7,-0.5,-9.2,9.2,0.0094,0
odysseus,torso.roll,63.667,1.7,0,-9.2,9.2,0.0095,0
odysseus,torso.roll,66,1.4,-3.8,-9.2,9.2,0.0084,0.001
odysseus,torso.roll,66.083,0.6,-9.5,-9.2,9.2,0.0043,0.001
odysseus,torso.roll,66.167,-0.4,-12.4,-9.2,9.2,0.0029,0.001
odysseus,torso.roll,66.25,-1.5,-12.4,-9.2,9.2,0.008,0.004
odysseus,torso.roll,66.333,-2.3,-9.5,-9.2,9.2,0.0129,0.005
odysseus,torso.roll,66.417,-2.6,-3.8,-9.2,9.2,0.0151,0.002
odysseus,torso.roll,66.5,-2.5,0.6,-9.2,9.2,0.0146,0.001
odysseus,torso.roll,66.583,-2.5,0.6,-9.2,9.2,0.0136,0.001
odysseus,torso.roll,66.667,-2.4,0.6,-9.2,9.2,0.0133,0.001
odysseus,torso.roll,66.75,-2.4,0.6,-9.2,9.2,0.0131,0.001
odysseus,torso.roll,66.833,-2.3,0.6,-9.2,9.2,0.0128,0.001
odysseus,torso.roll,66.917,-2.3,0.6,-9.2,9.2,0.0126,0.001
odysseus,torso.roll,67,-2.2,0.6,-9.2,9.2,0.0123,0.001
odysseus,torso.roll,67.083,-2.2,0.6,-9.2,9.2,0.012,0.001
odysseus,torso.roll,67.167,-2.1,0.6,-9.2,9.2,0.0118,0.001
odysseus,torso.roll,67.25,-2.1,0.6,-9.2,9.2,0.0115,0
odysseus,torso.roll,67.333,-2.1,0.6,-9.2,9.2,0.0112,0
odysseus,torso.roll,67.417,-2,0.6,-9.2,9.2,0.011,0
odysseus,torso.roll,67.5,-2,0.6,-9.2,9.2,0.0107,0
odysseus,torso.roll,67.583,-1.9,0.6,-9.2,9.2,0.0105,0
odysseus,torso.roll,67.667,-1.9,0.6,-9.2,9.2,0.0102,0
odysseus,torso.roll,67.75,-1.8,0.6,-9.2,9.2,0.0099,0
odysseus,torso.roll,67.833,-1.8,0.6,-9.2,9.2,0.0097,0
odysseus,torso.roll,67.917,-1.7,0.6,-9.2,9.2,0.0094,0
odysseus,torso.roll,68,-1.7,0,-9.2,9.2,0.0095,0
odysseus,torso.roll,70.833,-1.3,5.4,-9.2,9.2,0.0079,0.002
odysseus,torso.roll,70.917,-0.2,12.8,-9.2,9.2,0.0025,0.001
odysseus,torso.roll,71,1.1,15.3,-9.2,9.2,0.0063,0.003
odysseus,torso.roll,71.083,2.1,12.8,-9.2,9.2,0.0121,0.006
odysseus,torso.roll,71.167,2.6,5.4,-9.2,9.2,0.0154,0.003
odysseus,torso.roll,71.25,2.5,-0.5,-9.2,9.2,0.0149,0.001
odysseus,torso.roll,71.333,2.5,-0.5,-9.2,9.2,0.0136,0.001
odysseus,torso.roll,71.417,2.4,-0.5,-9.2,9.2,0.0134,0.001
odysseus,torso.roll,71.5,2.4,-0.5,-9.2,9.2,0.0131,0.001
odysseus,torso.roll,71.583,2.4,-0.5,-9.2,9.2,0.0129,0.001
odysseus,torso.roll,71.667,2.3,-0.5,-9.2,9.2,0.0126,0.001
odysseus,torso.roll,71.75,2.3,-0.5,-9.2,9.2,0.0124,0.001
odysseus,torso.roll,71.833,2.2,-0.5,-9.2,9.2,0.0121,0.001
odysseus,torso.roll,71.917,2.2,-0.5,-9.2,9.2,0.0119,0.001
odysseus,torso.roll,72,2.1,-0.5,-9.2,9.2,0.0116,0
odysseus,torso.roll,72.083,2.1,-0.5,-9.2,9.2,0.0114,0
odysseus,torso.roll,72.167,2,-0.5,-9.2,9.2,0.0112,0
odysseus,torso.roll,72.25,2,-0.5,-9.2,9.2,0.0109,0
odysseus,torso.roll,72.333,1.9,-0.5,-9.2,9.2,0.0107,0
odysseus,torso.roll,72.417,1.9,-0.5,-9.2,9.2,0.0104,0
odysseus,torso.roll,72.5,1.9,-0.5,-9.2,9.2,0.0102,0
odysseus,torso.roll,72.583,1.8,-0.5,-9.2,9.2,0.0099,0
odysseus,torso.roll,72.667,1.8,-0.5,-9.2,9.2,0.0097,0
odysseus,torso.roll,72.75,1.7,-0.5,-9.2,9.2,0.0094,0
odysseus,torso.roll,72.833,1.7,0,-9.2,9.2,0.0095,0
odysseus,torso.roll,73.583,1.4,-3.8,-9.2,9.2,0.0084,0.001
odysseus,torso.roll,73.667,0.6,-9.5,-9.2,9.2,0.0043,0.001
odysseus,torso.roll,73.75,-0.4,-12.4,-9.2,9.2,0.0029,0.001
odysseus,torso.roll,73.833,-1.5,-12.4,-9.2,9.2,0.008,0.004
odysseus,torso.roll,73.917,-2.3,-9.5,-9.2,9.2,0.0129,0.005
odysseus,torso.roll,74,-2.6,-3.8,-9.2,9.2,0.0151,0.002
odysseus,torso.roll,74.083,-2.5,0.6,-9.2,9.2,0.0146,0.001
odysseus,torso.roll,74.167,-2.5,0.6,-9.2,9.2,0.0136,0.001
odysseus,torso.roll,74.25,-2.4,0.6,-9.2,9.2,0.0133,0.001
odysseus,torso.roll,74.333,-2.4,0.6,-9.2,9.2,0.0131,0.001
odysseus,torso.roll,74.417,-2.3,0.6,-9.2,9.2,0.0128,0.001
odysseus,torso.roll,74.5,-2.3,0.6,-9.2,9.2,0.0126,0.001
odysseus,torso.roll,74.583,-2.2,0.6,-9.2,9.2,0.0123,0.001
odysseus,torso.roll,74.667,-2.2,0.6,-9.2,9.2,0.012,0.001
odysseus,torso.roll,74.75,-2.1,0.6,-9.2,9.2,0.0118,0.001
odysseus,torso.roll,74.833,-2.1,0.6,-9.2,9.2,0.0115,0
odysseus,torso.roll,74.917,-2.1,0.6,-9.2,9.2,0.0112,0
odysseus,torso.roll,75,-2,0.6,-9.2,9.2,0.011,0
odysseus,torso.roll,75.083,-2,0.6,-9.2,9.2,0.0107,0
odysseus,torso.roll,75.167,-1.9,0.6,-9.2,9.2,0.0105,0
odysseus,torso.roll,75.25,-1.9,0.6,-9.2,9.2,0.0102,0
odysseus,torso.roll,75.333,-1.8,0.6,-9.2,9.2,0.0099,0
odysseus,torso.roll,75.417,-1.8,0.6,-9.2,9.2,0.0097,0
odysseus,torso.roll,75.5,-1.7,0.6,-9.2,9.2,0.0094,0
odysseus,torso.roll,75.583,-1.7,0,-9.2,9.2,0.0095,0
odysseus,torso.roll,78.333,-1.3,5.4,-9.2,9.2,0.0079,0.002
odysseus,torso.roll,78.417,-0.2,12.8,-9.2,9.2,0.0025,0.001
odysseus,torso.roll,78.5,1.1,15.3,-9.2,9.2,0.0063,0.003
odysseus,torso.roll,78.583,2.1,12.8,-9.2,9.2,0.0121,0.006
odysseus,torso.roll,78.667,2.6,5.4,-9.2,9.2,0.0154,0.003
odysseus,torso.roll,78.75,2.5,-0.5,-9.2,9.2,0.0149,0.001
odysseus,torso.roll,78.833,2.5,-0.5,-9.2,9.2,0.0136,0.001
odysseus,torso.roll,78.917,2.4,-0.5,-9.2,9.2,0.0134,0.001
odysseus,torso.roll,79,2.4,-0.5,-9.2,9.2,0.0131,0.001
odysseus,torso.roll,79.083,2.4,-0.5,-9.2,9.2,0.0129,0.001
odysseus,torso.roll,79.167,2.3,-0.5,-9.2,9.2,0.0126,0.001
odysseus,torso.roll,79.25,2.3,-0.5,-9.2,9.2,0.0124,0.001
odysseus,torso.roll,79.333,2.2,-0.5,-9.2,9.2,0.0121,0.001
odysseus,torso.roll,79.417,2.2,-0.5,-9.2,9.2,0.0119,0.001
odysseus,torso.roll,79.5,2.1,-0.5,-9.2,9.2,0.0116,0
odysseus,torso.roll,79.583,2.1,-0.5,-9.2,9.2,0.0114,0
odysseus,torso.roll,79.667,2,-0.5,-9.2,9.2,0.0112,0
odysseus,torso.roll,79.75,2,-0.5,-9.2,9.2,0.0109,0
odysseus,torso.roll,79.833,1.9,-0.5,-9.2,9.2,0.0107,0
odysseus,torso.roll,79.917,1.9,-0.5,-9.2,9.2,0.0104,0
odysseus,torso.roll,80,1.9,-0.5,-9.2,9.2,0.0102,0
odysseus,torso.roll,80.083,1.8,-0.5,-9.2,9.2,0.0099,0
odysseus,torso.roll,80.167,1.8,-0.5,-9.2,9.2,0.0097,0
odysseus,torso.roll,80.25,1.7,-0.5,-9.2,9.2,0.0094,0
odysseus,torso.roll,80.333,1.7,0,-9.2,9.2,0.0095,0
odysseus,torso.roll,81.25,1.4,-3.8,-9.2,9.2,0.0084,0.001
odysseus,torso.roll,81.333,0.6,-9.5,-9.2,9.2,0.0043,0.001
odysseus,torso.roll,81.417,-0.4,-12.4,-9.2,9.2,0.0029,0.001
odysseus,torso.roll,81.5,-1.5,-12.4,-9.2,9.2,0.008,0.004
odysseus,torso.roll,81.583,-2.3,-9.5,-9.2,9.2,0.0129,0.005
odysseus,torso.roll,81.667,-2.6,-3.8,-9.2,9.2,0.0151,0.002
odysseus,torso.roll,81.75,-2.5,0.6,-9.2,9.2,0.0146,0.001
odysseus,torso.roll,81.833,-2.5,0.6,-9.2,9.2,0.0136,0.001
odysseus,torso.roll,81.917,-2.4,0.6,-9.2,9.2,0.0133,0.001
odysseus,torso.roll,82,-2.4,0.6,-9.2,9.2,0.0131,0.001
odysseus,torso.roll,82.083,-2.3,0.6,-9.2,9.2,0.0128,0.001
odysseus,torso.roll,82.167,-2.3,0.6,-9.2,9.2,0.0126,0.001
odysseus,torso.roll,82.25,-2.2,0.6,-9.2,9.2,0.0123,0.001
odysseus,torso.roll,82.333,-2.2,0.6,-9.2,9.2,0.012,0.001
odysseus,torso.roll,82.417,-2.1,0.6,-9.2,9.2,0.0118,0.001
odysseus,torso.roll,82.5,-2.1,0.6,-9.2,9.2,0.0115,0
odysseus,torso.roll,82.583,-2.1,0.6,-9.2,9.2,0.0112,0
odysseus,torso.roll,82.667,-2,0.6,-9.2,9.2,0.011,0
odysseus,torso.roll,82.75,-2,0.6,-9.2,9.2,0.0107,0
odysseus,torso.roll,82.833,-1.9,0.6,-9.2,9.2,0.0105,0
odysseus,torso.roll,82.917,-1.9,0.6,-9.2,9.2,0.0102,0
odysseus,torso.roll,83,-1.8,0.6,-9.2,9.2,0.0099,0
odysseus,torso.roll,83.083,-1.8,0.6,-9.2,9.2,0.0097,0
odysseus,torso.roll,83.167,-1.7,0.6,-9.2,9.2,0.0094,0
odysseus,torso.roll,83.25,-1.7,0,-9.2,9.2,0.0095,0
odysseus,torso.roll,84.5,-1.3,5.4,-9.2,9.2,0.0079,0.002
odysseus,torso.roll,84.583,-0.2,12.8,-9.2,9.2,0.0025,0.001
odysseus,torso.roll,84.667,1.1,15.3,-9.2,9.2,0.0063,0.003
odysseus,torso.roll,84.75,2.1,12.8,-9.2,9.2,0.0121,0.006
odysseus,torso.roll,84.833,2.6,5.4,-9.2,9.2,0.0154,0.003
odysseus,torso.roll,84.917,2.5,-0.5,-9.2,9.2,0.0149,0.001
odysseus,torso.roll,85,2.5,-0.5,-9.2,9.2,0.0136,0.001
odysseus,torso.roll,85.083,2.4,-0.5,-9.2,9.2,0.0134,0.001
odysseus,torso.roll,85.167,2.4,-0.5,-9.2,9.2,0.0131,0.001
odysseus,torso.roll,85.25,2.4,-0.5,-9.2,9.2,0.0129,0.001
odysseus,torso.roll,85.333,2.3,-0.5,-9.2,9.2,0.0126,0.001
odysseus,torso.roll,85.417,2.3,-0.5,-9.2,9.2,0.0124,0.001
odysseus,torso.roll,85.5,2.2,-0.5,-9.2,9.2,0.0121,0.001
odysseus,torso.roll,85.583,2.2,-0.5,-9.2,9.2,0.0119,0.001
odysseus,torso.roll,85.667,2.1,-0.5,-9.2,9.2,0.0116,0
odysseus,torso.roll,85.75,2.1,-0.5,-9.2,9.2,0.0114,0
odysseus,torso.roll,85.833,2,-0.5,-9.2,9.2,0.0112,0
odysseus,torso.roll,85.917,2,-0.5,-9.2,9.2,0.0109,0
odysseus,torso.roll,86,1.9,-0.5,-9.2,9.2,0.0107,0
odysseus,torso.roll,86.083,1.9,-0.5,-9.2,9.2,0.0104,0
odysseus,torso.roll,86.167,1.9,-0.5,-9.2,9.2,0.0102,0
odysseus,torso.roll,86.25,1.8,-0.5,-9.2,9.2,0.0099,0
odysseus,torso.roll,86.333,1.8,-0.5,-9.2,9.2,0.0097,0
odysseus,torso.roll,86.417,1.7,-0.5,-9.2,9.2,0.0094,0
odysseus,torso.roll,86.5,1.7,0,-9.2,9.2,0.0095,0
odysseus,torso.roll,87.75,1.3,-5.4,-9.2,9.2,0.0079,0.002
odysseus,torso.roll,87.833,0.2,-12.8,-9.2,9.2,0.0025,0.001
odysseus,torso.roll,87.917,-1.1,-15.3,-9.2,9.2,0.0063,0.003
odysseus,torso.roll,88,-2.1,-12.8,-9.2,9.2,0.0121,0.006
odysseus,torso.roll,88.083,-2.6,-5.4,-9.2,9.2,0.0154,0.003
odysseus,torso.roll,88.167,-2.5,0.5,-9.2,9.2,0.0149,0.001
odysseus,torso.roll,88.25,-2.5,0.5,-9.2,9.2,0.0136,0.001
odysseus,torso.roll,88.333,-2.4,0.5,-9.2,9.2,0.0134,0.001
odysseus,torso.roll,88.417,-2.4,0.5,-9.2,9.2,0.0131,0.001
odysseus,torso.roll,88.5,-2.4,0.5,-9.2,9.2,0.0129,0.001
odysseus,torso.roll,88.583,-2.3,0.5,-9.2,9.2,0.0126,0.001
odysseus,torso.roll,88.667,-2.3,0.5,-9.2,9.2,0.0124,0.001
odysseus,torso.roll,88.75,-2.2,0.5,-9.2,9.2,0.0121,0.001
odysseus,torso.roll,88.833,-2.2,0.5,-9.2,9.2,0.0119,0.001
odysseus,torso.roll,88.917,-2.1,0.5,-9.2,9.2,0.0116,0
odysseus,torso.roll,89,-2.1,0.5,-9.2,9.2,0.0114,0
odysseus,torso.roll,89.083,-2,0.5,-9.2,9.2,0.0112,0
odysseus,torso.roll,89.167,-2,0.5,-9.2,9.2,0.0109,0
odysseus,torso.roll,89.25,-1.9,0.5,-9.2,9.2,0.0107,0
odysseus,torso.roll,89.333,-1.9,0.5,-9.2,9.2,0.0104,0
odysseus,torso.roll,89.417,-1.9,0.5,-9.2,9.2,0.0102,0
odysseus,torso.roll,89.5,-1.8,0.5,-9.2,9.2,0.0099,0
odysseus,torso.roll,89.583,-1.8,0.5,-9.2,9.2,0.0097,0
odysseus,torso.roll,89.667,-1.7,0.5,-9.2,9.2,0.0094,0
odysseus,torso.roll,89.75,-1.7,0,-9.2,9.2,0.0095,0
odysseus,torso.roll,91.583,-1.4,3.8,-9.2,9.2,0.0084,0.001
odysseus,torso.roll,91.667,-0.6,9.5,-9.2,9.2,0.0043,0.001
odysseus,torso.roll,91.75,0.4,12.4,-9.2,9.2,0.0029,0.001
odysseus,torso.roll,91.833,1.5,12.4,-9.2,9.2,0.008,0.004
odysseus,torso.roll,91.917,2.3,9.5,-9.2,9.2,0.0129,0.005
odysseus,torso.roll,92,2.6,3.8,-9.2,9.2,0.0151,0.002
odysseus,torso.roll,92.083,2.5,-0.6,-9.2,9.2,0.0146,0.001
odysseus,torso.roll,92.167,2.5,-0.6,-9.2,9.2,0.0136,0.001
odysseus,torso.roll,92.25,2.4,-0.6,-9.2,9.2,0.0133,0.001
odysseus,torso.roll,92.333,2.4,-0.6,-9.2,9.2,0.0131,0.001
odysseus,torso.roll,92.417,2.3,-0.6,-9.2,9.2,0.0128,0.001
odysseus,torso.roll,92.5,2.3,-0.6,-9.2,9.2,0.0126,0.001
odysseus,torso.roll,92.583,2.2,-0.6,-9.2,9.2,0.0123,0.001
odysseus,torso.roll,92.667,2.2,-0.6,-9.2,9.2,0.012,0.001
odysseus,torso.roll,92.75,2.1,-0.6,-9.2,9.2,0.0118,0.001
odysseus,torso.roll,92.833,2.1,-0.6,-9.2,9.2,0.0115,0
odysseus,torso.roll,92.917,2.1,-0.6,-9.2,9.2,0.0112,0
odysseus,torso.roll,93,2,-0.6,-9.2,9.2,0.011,0
odysseus,torso.roll,93.083,2,-0.6,-9.2,9.2,0.0107,0
odysseus,torso.roll,93.167,1.9,-0.6,-9.2,9.2,0.0105,0
odysseus,torso.roll,93.25,1.9,-0.6,-9.2,9.2,0.0102,0
odysseus,torso.roll,93.333,1.8,-0.6,-9.2,9.2,0.0099,0
odysseus,torso.roll,93.417,1.8,-0.6,-9.2,9.2,0.0097,0
odysseus,torso.roll,93.5,1.7,-0.6,-9.2,9.2,0.0094,0
odysseus,torso.roll,93.583,1.7,0,-9.2,9.2,0.0095,0
odysseus,torso.roll,95.417,1.3,-5.4,-9.2,9.2,0.0079,0.002
odysseus,torso.roll,95.5,0.2,-12.8,-9.2,9.2,0.0025,0.001
odysseus,torso.roll,95.583,-1.1,-15.3,-9.2,9.2,0.0063,0.003
odysseus,torso.roll,95.667,-2.1,-12.8,-9.2,9.2,0.0121,0.006
odysseus,torso.roll,95.75,-2.6,-5.4,-9.2,9.2,0.0154,0.003
odysseus,torso.roll,95.833,-2.5,0.5,-9.2,9.2,0.0149,0.001
odysseus,torso.roll,95.917,-2.5,0.5,-9.2,9.2,0.0136,0.001
odysseus,torso.roll,96,-2.4,0.5,-9.2,9.2,0.0134,0.001
odysseus,torso.roll,96.083,-2.4,0.5,-9.2,9.2,0.0131,0.001
odysseus,torso.roll,96.167,-2.4,0.5,-9.2,9.2,0.0129,0.001
odysseus,torso.roll,96.25,-2.3,0.5,-9.2,9.2,0.0126,0.001
odysseus,torso.roll,96.333,-2.3,0.5,-9.2,9.2,0.0124,0.001
odysseus,torso.roll,96.417,-2.2,0.5,-9.2,9.2,0.0121,0.001
odysseus,torso.roll,96.5,-2.2,0.5,-9.2,9.2,0.0119,0.001
odysseus,torso.roll,96.583,-2.1,0.5,-9.2,9.2,0.0116,0
odysseus,torso.roll,96.667,-2.1,0.5,-9.2,9.2,0.0114,0
odysseus,torso.roll,96.75,-2,0.5,-9.2,9.2,0.0112,0
odysseus,torso.roll,96.833,-2,0.5,-9.2,9.2,0.0109,0
odysseus,torso.roll,96.917,-1.9,0.5,-9.2,9.2,0.0107,0
odysseus,torso.roll,97,-1.9,0.5,-9.2,9.2,0.0104,0
odysseus,torso.roll,97.083,-1.9,0.5,-9.2,9.2,0.0102,0
odysseus,torso.roll,97.167,-1.8,0.5,-9.2,9.2,0.0099,0
odysseus,torso.roll,97.25,-1.8,0.5,-9.2,9.2,0.0097,0
odysseus,torso.roll,97.333,-1.7,0.5,-9.2,9.2,0.0094,0
odysseus,torso.roll,97.417,-1.7,0,-9.2,9.2,0.0095,0
odysseus,torso.roll,98.333,-1.3,5.4,-9.2,9.2,0.0079,0.002
odysseus,torso.roll,98.417,-0.2,12.8,-9.2,9.2,0.0025,0.001
odysseus,torso.roll,98.5,1.1,15.3,-9.2,9.2,0.0063,0.003
odysseus,torso.roll,98.583,2.1,12.8,-9.2,9.2,0.0121,0.006
odysseus,torso.roll,98.667,2.6,5.4,-9.2,9.2,0.0154,0.003
odysseus,torso.roll,98.75,2.5,-0.5,-9.2,9.2,0.0149,0.001
odysseus,torso.roll,98.833,2.5,-0.5,-9.2,9.2,0.0136,0.001
odysseus,torso.roll,98.917,2.4,-0.5,-9.2,9.2,0.0134,0.001
odysseus,torso.roll,99,2.4,-0.5,-9.2,9.2,0.0131,0.001
odysseus,torso.roll,99.083,2.4,-0.5,-9.2,9.2,0.0129,0.001
odysseus,torso.roll,99.167,2.3,-0.5,-9.2,9.2,0.0126,0.001
odysseus,torso.roll,99.25,2.3,-0.5,-9.2,9.2,0.0124,0.001
odysseus,torso.roll,99.333,2.2,-0.5,-9.2,9.2,0.0121,0.001
odysseus,torso.roll,99.417,2.2,-0.5,-9.2,9.2,0.0119,0.001
odysseus,torso.roll,99.5,2.1,-0.5,-9.2,9.2,0.0116,0
odysseus,torso.roll,99.583,2.1,-0.5,-9.2,9.2,0.0114,0
odysseus,torso.roll,99.667,2,-0.5,-9.2,9.2,0.0112,0
odysseus,torso.roll,99.75,2,-0.5,-9.2,9.2,0.0109,0
odysseus,torso.roll,99.833,1.9,-0.5,-9.2,9.2,0.0107,0
odysseus,torso.roll,99.917,1.9,-0.5,-9.2,9.2,0.0104,0
odysseus,torso.roll,100,1.9,-0.5,-9.2,9.2,0.0102,0
odysseus,torso.roll,100.083,1.8,-0.5,-9.2,9.2,0.0099,0
odysseus,torso.roll,100.167,1.8,-0.5,-9.2,9.2,0.0097,0
odysseus,torso.roll,100.25,1.7,-0.5,-9.2,9.2,0.0094,0
odysseus,torso.roll,100.333,1.7,0,-9.2,9.2,0.0095,0
odysseus,torso.roll,100.417,1.7,0,-9.2,9.2,0.0094,0
odysseus,head.yaw,0,0,0,-83.1,83.1,0,0
odysseus,head.yaw,0.583,19,228.4,-83.1,83.1,0.0088,0.071
odysseus,head.yaw,0.667,35.5,198,-83.1,83.1,0.0138,0.096
odysseus,head.yaw,0.75,49.5,167.5,-83.1,83.1,0.0181,0.106
odysseus,head.yaw,0.833,60.9,137.1,-83.1,83.1,0.0207,0.1
odysseus,head.yaw,0.917,69.8,106.6,-83.1,83.1,0.0222,0.084
odysseus,head.yaw,1,76.1,76.1,-83.1,83.1,0.023,0.062
odysseus,head.yaw,1.083,79.9,45.7,-83.1,83.1,0.0233,0.038
odysseus,head.yaw,1.167,81.2,15.2,-83.1,83.1,0.0234,0.014
odysseus,head.yaw,1.25,80.2,-12,-83.1,83.1,0.0233,0.011
odysseus,head.yaw,1.333,78.4,-22.3,-83.1,83.1,0.0231,0.019
odysseus,head.yaw,1.417,77.3,-12,-83.1,83.1,0.023,0.011
odysseus,head.yaw,1.5,77.3,0,-83.1,83.1,0.023,0.001
odysseus,head.yaw,3.417,78.2,9.7,-83.1,83.1,0.0231,0.009
odysseus,head.yaw,3.5,78.9,8.6,-83.1,83.1,0.0231,0.008
odysseus,head.yaw,3.583,79.5,7.4,-83.1,83.1,0.0232,0.007
odysseus,head.yaw,3.667,80,6.3,-83.1,83.1,0.0232,0.006
odysseus,head.yaw,3.75,80.5,5.2,-83.1,83.1,0.0232,0.005
odysseus,head.yaw,3.833,80.8,4,-83.1,83.1,0.0232,0.004
odysseus,head.yaw,3.917,81,2.9,-83.1,83.1,0.0233,0.003
odysseus,head.yaw,4,81.2,1.7,-83.1,83.1,0.0233,0.002
odysseus,head.yaw,4.083,81.2,0.6,-83.1,83.1,0.0233,0.002
odysseus,head.yaw,4.167,80.2,-12,-83.1,83.1,0.0233,0.011
odysseus,head.yaw,4.25,78.4,-22.3,-83.1,83.1,0.0231,0.019
odysseus,head.yaw,4.333,77.3,-12,-83.1,83.1,0.023,0.011
odysseus,head.yaw,4.417,77.3,0,-83.1,83.1,0.023,0.001
odysseus,head.yaw,6,78.3,10.9,-83.1,83.1,0.0231,0.01
odysseus,head.yaw,6.083,79,9.4,-83.1,83.1,0.0231,0.009
odysseus,head.yaw,6.167,79.7,8,-83.1,83.1,0.0232,0.008
odysseus,head.yaw,6.25,80.2,6.5,-83.1,83.1,0.0232,0.006
odysseus,head.yaw,6.333,80.7,5.1,-83.1,83.1,0.0232,0.005
odysseus,head.yaw,6.417,81,3.6,-83.1,83.1,0.0233,0.004
odysseus,head.yaw,6.5,81.2,2.2,-83.1,83.1,0.0233,0.003
odysseus,head.yaw,6.583,81.2,0.7,-83.1,83.1,0.0233,0.002
odysseus,head.yaw,6.667,80.2,-12,-83.1,83.1,0.0233,0.011
odysseus,head.yaw,6.75,78.4,-22.3,-83.1,83.1,0.0231,0.019
odysseus,head.yaw,6.833,77.3,-12,-83.1,83.1,0.023,0.011
odysseus,head.yaw,6.917,77.3,0,-83.1,83.1,0.023,0.001
odysseus,head.yaw,9,78.3,10.9,-83.1,83.1,0.0231,0.01
odysseus,head.yaw,9.083,79,9.4,-83.1,83.1,0.0231,0.009
odysseus,head.yaw,9.167,79.7,8,-83.1,83.1,0.0232,0.008
odysseus,head.yaw,9.25,80.2,6.5,-83.1,83.1,0.0232,0.006
odysseus,head.yaw,9.333,80.7,5.1,-83.1,83.1,0.0232,0.005
odysseus,head.yaw,9.417,81,3.6,-83.1,83.1,0.0233,0.004
odysseus,head.yaw,9.5,81.2,2.2,-83.1,83.1,0.0233,0.003
odysseus,head.yaw,9.583,81.2,0.7,-83.1,83.1,0.0233,0.002
odysseus,head.yaw,9.667,80.2,-12,-83.1,83.1,0.0233,0.011
odysseus,head.yaw,9.75,78.4,-22.3,-83.1,83.1,0.0231,0.019
odysseus,head.yaw,9.833,77.3,-12,-83.1,83.1,0.023,0.011
odysseus,head.yaw,9.917,77.3,0,-83.1,83.1,0.023,0.001
odysseus,head.yaw,11.833,78.3,10.9,-83.1,83.1,0.0231,0.01
odysseus,head.yaw,11.917,79,9.4,-83.1,83.1,0.0231,0.009
odysseus,head.yaw,12,79.7,8,-83.1,83.1,0.0232,0.008
odysseus,head.yaw,12.083,80.2,6.5,-83.1,83.1,0.0232,0.006
odysseus,head.yaw,12.167,80.7,5.1,-83.1,83.1,0.0232,0.005
odysseus,head.yaw,12.25,81,3.6,-83.1,83.1,0.0233,0.004
odysseus,head.yaw,12.333,81.2,2.2,-83.1,83.1,0.0233,0.003
odysseus,head.yaw,12.417,81.2,0.7,-83.1,83.1,0.0233,0.002
odysseus,head.yaw,12.5,80.2,-12,-83.1,83.1,0.0233,0.011
odysseus,head.yaw,12.583,78.4,-22.3,-83.1,83.1,0.0231,0.019
odysseus,head.yaw,12.667,77.3,-12,-83.1,83.1,0.023,0.011
odysseus,head.yaw,12.75,77.3,0,-83.1,83.1,0.023,0.001
odysseus,head.yaw,14.667,78.3,10.9,-83.1,83.1,0.0231,0.01
odysseus,head.yaw,14.75,79,9.4,-83.1,83.1,0.0231,0.009
odysseus,head.yaw,14.833,79.7,8,-83.1,83.1,0.0232,0.008
odysseus,head.yaw,14.917,80.2,6.5,-83.1,83.1,0.0232,0.006
odysseus,head.yaw,15,80.7,5.1,-83.1,83.1,0.0232,0.005
odysseus,head.yaw,15.083,81,3.6,-83.1,83.1,0.0233,0.004
odysseus,head.yaw,15.167,81.2,2.2,-83.1,83.1,0.0233,0.003
odysseus,head.yaw,15.25,81.2,0.7,-83.1,83.1,0.0233,0.002
odysseus,head.yaw,15.333,80.2,-12,-83.1,83.1,0.0233,0.011
odysseus,head.yaw,15.417,78.4,-22.3,-83.1,83.1,0.0231,0.019
odysseus,head.yaw,15.5,77.3,-12,-83.1,83.1,0.023,0.011
odysseus,head.yaw,15.583,77.3,0,-83.1,83.1,0.023,0.001
odysseus,head.yaw,17.167,78.2,9.7,-83.1,83.1,0.0231,0.009
odysseus,head.yaw,17.25,78.9,8.6,-83.1,83.1,0.0231,0.008
odysseus,head.yaw,17.333,79.5,7.4,-83.1,83.1,0.0232,0.007
odysseus,head.yaw,17.417,80,6.3,-83.1,83.1,0.0232,0.006
odysseus,head.yaw,17.5,80.5,5.2,-83.1,83.1,0.0232,0.005
odysseus,head.yaw,17.583,80.8,4,-83.1,83.1,0.0232,0.004
odysseus,head.yaw,17.667,81,2.9,-83.1,83.1,0.0233,0.003
odysseus,head.yaw,17.75,81.2,1.7,-83.1,83.1,0.0233,0.002
odysseus,head.yaw,17.833,81.2,0.6,-83.1,83.1,0.0233,0.002
odysseus,head.yaw,17.917,80.2,-12,-83.1,83.1,0.0233,0.011
odysseus,head.yaw,18,78.4,-22.3,-83.1,83.1,0.0231,0.019
odysseus,head.yaw,18.083,77.3,-12,-83.1,83.1,0.023,0.011
odysseus,head.yaw,18.167,77.3,0,-83.1,83.1,0.023,0.001
odysseus,head.yaw,19.75,78.3,10.9,-83.1,83.1,0.0231,0.01
odysseus,head.yaw,19.833,79,9.4,-83.1,83.1,0.0231,0.009
odysseus,head.yaw,19.917,79.7,8,-83.1,83.1,0.0232,0.008
odysseus,head.yaw,20,80.2,6.5,-83.1,83.1,0.0232,0.006
odysseus,head.yaw,20.083,80.7,5.1,-83.1,83.1,0.0232,0.005
odysseus,head.yaw,20.167,81,3.6,-83.1,83.1,0.0233,0.004
odysseus,head.yaw,20.25,81.2,2.2,-83.1,83.1,0.0233,0.003
odysseus,head.yaw,20.333,81.2,0.7,-83.1,83.1,0.0233,0.002
odysseus,head.yaw,20.417,80.2,-12,-83.1,83.1,0.0233,0.011
odysseus,head.yaw,20.5,78.4,-22.3,-83.1,83.1,0.0231,0.019
odysseus,head.yaw,20.583,77.3,-12,-83.1,83.1,0.023,0.011
odysseus,head.yaw,20.667,77.3,0,-83.1,83.1,0.023,0.001
odysseus,head.yaw,22.333,78.3,10.9,-83.1,83.1,0.0231,0.01
odysseus,head.yaw,22.417,79,9.4,-83.1,83.1,0.0231,0.009
odysseus,head.yaw,22.5,79.7,8,-83.1,83.1,0.0232,0.008
odysseus,head.yaw,22.583,80.2,6.5,-83.1,83.1,0.0232,0.006
odysseus,head.yaw,22.667,80.7,5.1,-83.1,83.1,0.0232,0.005
odysseus,head.yaw,22.75,81,3.6,-83.1,83.1,0.0233,0.004
odysseus,head.yaw,22.833,81.2,2.2,-83.1,83.1,0.0233,0.003
odysseus,head.yaw,22.917,81.2,0.7,-83.1,83.1,0.0233,0.002
odysseus,head.yaw,23,80.2,-12,-83.1,83.1,0.0233,0.011
odysseus,head.yaw,23.083,78.4,-22.3,-83.1,83.1,0.0231,0.019
odysseus,head.yaw,23.167,77.3,-12,-83.1,83.1,0.023,0.011
odysseus,head.yaw,23.25,77.3,0,-83.1,83.1,0.023,0.001
odysseus,head.yaw,24.833,78.2,9.7,-83.1,83.1,0.0231,0.009
odysseus,head.yaw,24.917,78.9,8.6,-83.1,83.1,0.0231,0.008
odysseus,head.yaw,25,79.5,7.4,-83.1,83.1,0.0232,0.007
odysseus,head.yaw,25.083,80,6.3,-83.1,83.1,0.0232,0.006
odysseus,head.yaw,25.167,80.5,5.2,-83.1,83.1,0.0232,0.005
odysseus,head.yaw,25.25,80.8,4,-83.1,83.1,0.0232,0.004
odysseus,head.yaw,25.333,81,2.9,-83.1,83.1,0.0233,0.003
odysseus,head.yaw,25.417,81.2,1.7,-83.1,83.1,0.0233,0.002
odysseus,head.yaw,25.5,81.2,0.6,-83.1,83.1,0.0233,0.002
odysseus,head.yaw,25.583,80.2,-12,-83.1,83.1,0.0233,0.011
odysseus,head.yaw,25.667,78.4,-22.3,-83.1,83.1,0.0231,0.019
odysseus,head.yaw,25.75,77.3,-12,-83.1,83.1,0.023,0.011
odysseus,head.yaw,25.833,77.3,0,-83.1,83.1,0.023,0.001
odysseus,head.yaw,27.75,78.3,10.9,-83.1,83.1,0.0231,0.01
odysseus,head.yaw,27.833,79,9.4,-83.1,83.1,0.0231,0.009
odysseus,head.yaw,27.917,79.7,8,-83.1,83.1,0.0232,0.008
odysseus,head.yaw,28,80.2,6.5,-83.1,83.1,0.0232,0.006
odysseus,head.yaw,28.083,80.7,5.1,-83.1,83.1,0.0232,0.005
odysseus,head.yaw,28.167,81,3.6,-83.1,83.1,0.0233,0.004
odysseus,head.yaw,28.25,81.2,2.2,-83.1,83.1,0.0233,0.003
odysseus,head.yaw,28.333,81.2,0.7,-83.1,83.1,0.0233,0.002
odysseus,head.yaw,28.417,80.2,-12,-83.1,83.1,0.0233,0.011
odysseus,head.yaw,28.5,78.4,-22.3,-83.1,83.1,0.0231,0.019
odysseus,head.yaw,28.583,77.3,-12,-83.1,83.1,0.023,0.011
odysseus,head.yaw,28.667,77.3,0,-83.1,83.1,0.023,0.001
odysseus,head.yaw,30.917,78.3,10.9,-83.1,83.1,0.0231,0.01
odysseus,head.yaw,31,79,9.4,-83.1,83.1,0.0231,0.009
odysseus,head.yaw,31.083,79.7,8,-83.1,83.1,0.0232,0.008
odysseus,head.yaw,31.167,80.2,6.5,-83.1,83.1,0.0232,0.006
odysseus,head.yaw,31.25,80.7,5.1,-83.1,83.1,0.0232,0.005
odysseus,head.yaw,31.333,81,3.6,-83.1,83.1,0.0233,0.004
odysseus,head.yaw,31.417,81.2,2.2,-83.1,83.1,0.0233,0.003
odysseus,head.yaw,31.5,81.2,0.7,-83.1,83.1,0.0233,0.002
odysseus,head.yaw,31.583,80.2,-12,-83.1,83.1,0.0233,0.011
odysseus,head.yaw,31.667,78.4,-22.3,-83.1,83.1,0.0231,0.019
odysseus,head.yaw,31.75,77.3,-12,-83.1,83.1,0.023,0.011
odysseus,head.yaw,31.833,77.3,0,-83.1,83.1,0.023,0.001
odysseus,head.yaw,33.667,78.3,10.9,-83.1,83.1,0.0231,0.01
odysseus,head.yaw,33.75,79,9.4,-83.1,83.1,0.0231,0.009
odysseus,head.yaw,33.833,79.7,8,-83.1,83.1,0.0232,0.008
odysseus,head.yaw,33.917,80.2,6.5,-83.1,83.1,0.0232,0.006
odysseus,head.yaw,34,80.7,5.1,-83.1,83.1,0.0232,0.005
odysseus,head.yaw,34.083,81,3.6,-83.1,83.1,0.0233,0.004
odysseus,head.yaw,34.167,81.2,2.2,-83.1,83.1,0.0233,0.003
odysseus,head.yaw,34.25,81.2,0.7,-83.1,83.1,0.0233,0.002
odysseus,head.yaw,34.333,80.2,-12,-83.1,83.1,0.0233,0.011
odysseus,head.yaw,34.417,78.4,-22.3,-83.1,83.1,0.0231,0.019
odysseus,head.yaw,34.5,77.3,-12,-83.1,83.1,0.023,0.011
odysseus,head.yaw,34.583,77.3,0,-83.1,83.1,0.023,0.001
odysseus,head.yaw,36.167,78.3,10.9,-83.1,83.1,0.0231,0.01
odysseus,head.yaw,36.25,79,9.4,-83.1,83.1,0.0231,0.009
odysseus,head.yaw,36.333,79.7,8,-83.1,83.1,0.0232,0.008
odysseus,head.yaw,36.417,80.2,6.5,-83.1,83.1,0.0232,0.006
odysseus,head.yaw,36.5,80.7,5.1,-83.1,83.1,0.0232,0.005
odysseus,head.yaw,36.583,81,3.6,-83.1,83.1,0.0233,0.004
odysseus,head.yaw,36.667,81.2,2.2,-83.1,83.1,0.0233,0.003
odysseus,head.yaw,36.75,81.2,0.7,-83.1,83.1,0.0233,0.002
odysseus,head.yaw,36.833,80.2,-12,-83.1,83.1,0.0233,0.011
odysseus,head.yaw,36.917,78.4,-22.3,-83.1,83.1,0.0231,0.019
odysseus,head.yaw,37,77.3,-12,-83.1,83.1,0.023,0.011
odysseus,head.yaw,37.083,77.3,0,-83.1,83.1,0.023,0.001
odysseus,head.yaw,38.667,78.3,10.9,-83.1,83.1,0.0231,0.01
odysseus,head.yaw,38.75,79,9.4,-83.1,83.1,0.0231,0.009
odysseus,head.yaw,38.833,79.7,8,-83.1,83.1,0.0232,0.008
odysseus,head.yaw,38.917,80.2,6.5,-83.1,83.1,0.0232,0.006
odysseus,head.yaw,39,80.7,5.1,-83.1,83.1,0.0232,0.005
odysseus,head.yaw,39.083,81,3.6,-83.1,83.1,0.0233,0.004
odysseus,head.yaw,39.167,81.2,2.2,-83.1,83.1,0.0233,0.003
odysseus,head.yaw,39.25,81.2,0.7,-83.1,83.1,0.0233,0.002
odysseus,head.yaw,39.333,80.2,-12,-83.1,83.1,0.0233,0.011
odysseus,head.yaw,39.417,78.4,-22.3,-83.1,83.1,0.0231,0.019
odysseus,head.yaw,39.5,77.3,-12,-83.1,83.1,0.023,0.011
odysseus,head.yaw,39.583,77.3,0,-83.1,83.1,0.023,0.001
odysseus,head.yaw,41.25,78.3,10.9,-83.1,83.1,0.0231,0.01
odysseus,head.yaw,41.333,79,9.4,-83.1,83.1,0.0231,0.009
odysseus,head.yaw,41.417,79.7,8,-83.1,83.1,0.0232,0.008
odysseus,head.yaw,41.5,80.2,6.5,-83.1,83.1,0.0232,0.006
odysseus,head.yaw,41.583,80.7,5.1,-83.1,83.1,0.0232,0.005
odysseus,head.yaw,41.667,81,3.6,-83.1,83.1,0.0233,0.004
odysseus,head.yaw,41.75,81.2,2.2,-83.1,83.1,0.0233,0.003
odysseus,head.yaw,41.833,81.2,0.7,-83.1,83.1,0.0233,0.002
odysseus,head.yaw,41.917,80.2,-12,-83.1,83.1,0.0233,0.011
odysseus,head.yaw,42,78.4,-22.3,-83.1,83.1,0.0231,0.019
odysseus,head.yaw,42.083,77.3,-12,-83.1,83.1,0.023,0.011
odysseus,head.yaw,42.167,77.3,0,-83.1,83.1,0.023,0.001
odysseus,head.yaw,44.333,78.3,10.9,-83.1,83.1,0.0231,0.01
odysseus,head.yaw,44.417,79,9.4,-83.1,83.1,0.0231,0.009
odysseus,head.yaw,44.5,79.7,8,-83.1,83.1,0.0232,0.008
odysseus,head.yaw,44.583,80.2,6.5,-83.1,83.1,0.0232,0.006
odysseus,head.yaw,44.667,80.7,5.1,-83.1,83.1,0.0232,0.005
odysseus,head.yaw,44.75,81,3.6,-83.1,83.1,0.0233,0.004
odysseus,head.yaw,44.833,81.2,2.2,-83.1,83.1,0.0233,0.003
odysseus,head.yaw,44.917,81.2,0.7,-83.1,83.1,0.0233,0.002
odysseus,head.yaw,45,80.2,-12,-83.1,83.1,0.0233,0.011
odysseus,head.yaw,45.083,78.4,-22.3,-83.1,83.1,0.0231,0.019
odysseus,head.yaw,45.167,77.3,-12,-83.1,83.1,0.023,0.011
odysseus,head.yaw,45.25,77.3,0,-83.1,83.1,0.023,0.001
odysseus,head.yaw,47.167,78.3,10.9,-83.1,83.1,0.0231,0.01
odysseus,head.yaw,47.25,79,9.4,-83.1,83.1,0.0231,0.009
odysseus,head.yaw,47.333,79.7,8,-83.1,83.1,0.0232,0.008
odysseus,head.yaw,47.417,80.2,6.5,-83.1,83.1,0.0232,0.006
odysseus,head.yaw,47.5,80.7,5.1,-83.1,83.1,0.0232,0.005
odysseus,head.yaw,47.583,81,3.6,-83.1,83.1,0.0233,0.004
odysseus,head.yaw,47.667,81.2,2.2,-83.1,83.1,0.0233,0.003
odysseus,head.yaw,47.75,81.2,0.7,-83.1,83.1,0.0233,0.002
odysseus,head.yaw,47.833,80.2,-12,-83.1,83.1,0.0233,0.011
odysseus,head.yaw,47.917,78.4,-22.3,-83.1,83.1,0.0231,0.019
odysseus,head.yaw,48,77.3,-12,-83.1,83.1,0.023,0.011
odysseus,head.yaw,48.083,77.3,0,-83.1,83.1,0.023,0.001
odysseus,head.yaw,49.5,78.3,10.9,-83.1,83.1,0.0231,0.01
odysseus,head.yaw,49.583,79,9.4,-83.1,83.1,0.0231,0.009
odysseus,head.yaw,49.667,79.7,8,-83.1,83.1,0.0232,0.008
odysseus,head.yaw,49.75,80.2,6.5,-83.1,83.1,0.0232,0.006
odysseus,head.yaw,49.833,80.7,5.1,-83.1,83.1,0.0232,0.005
odysseus,head.yaw,49.917,81,3.6,-83.1,83.1,0.0233,0.004
odysseus,head.yaw,50,81.2,2.2,-83.1,83.1,0.0233,0.003
odysseus,head.yaw,50.083,81.2,0.7,-83.1,83.1,0.0233,0.002
odysseus,head.yaw,50.167,80.2,-12,-83.1,83.1,0.0233,0.011
odysseus,head.yaw,50.25,78.4,-22.3,-83.1,83.1,0.0231,0.019
odysseus,head.yaw,50.333,77.3,-12,-83.1,83.1,0.023,0.011
odysseus,head.yaw,50.417,77.3,0,-83.1,83.1,0.023,0.001
odysseus,head.yaw,52.75,78.3,10.9,-83.1,83.1,0.0231,0.01
odysseus,head.yaw,52.833,79,9.4,-83.1,83.1,0.0231,0.009
odysseus,head.yaw,52.917,79.7,8,-83.1,83.1,0.0232,0.008
odysseus,head.yaw,53,80.2,6.5,-83.1,83.1,0.0232,0.006
odysseus,head.yaw,53.083,80.7,5.1,-83.1,83.1,0.0232,0.005
odysseus,head.yaw,53.167,81,3.6,-83.1,83.1,0.0233,0.004
odysseus,head.yaw,53.25,81.2,2.2,-83.1,83.1,0.0233,0.003
odysseus,head.yaw,53.333,81.2,0.7,-83.1,83.1,0.0233,0.002
odysseus,head.yaw,53.417,80.2,-12,-83.1,83.1,0.0233,0.011
odysseus,head.yaw,53.5,78.4,-22.3,-83.1,83.1,0.0231,0.019
odysseus,head.yaw,53.583,77.3,-12,-83.1,83.1,0.023,0.011
odysseus,head.yaw,53.667,77.3,0,-83.1,83.1,0.023,0.001
odysseus,head.yaw,55.083,78.2,9.7,-83.1,83.1,0.0231,0.009
odysseus,head.yaw,55.167,78.9,8.6,-83.1,83.1,0.0231,0.008
odysseus,head.yaw,55.25,79.5,7.4,-83.1,83.1,0.0232,0.007
odysseus,head.yaw,55.333,80,6.3,-83.1,83.1,0.0232,0.006
odysseus,head.yaw,55.417,80.5,5.2,-83.1,83.1,0.0232,0.005
odysseus,head.yaw,55.5,80.8,4,-83.1,83.1,0.0232,0.004
odysseus,head.yaw,55.583,81,2.9,-83.1,83.1,0.0233,0.003
odysseus,head.yaw,55.667,81.2,1.7,-83.1,83.1,0.0233,0.002
odysseus,head.yaw,55.75,81.2,0.6,-83.1,83.1,0.0233,0.002
odysseus,head.yaw,55.833,80.2,-12,-83.1,83.1,0.0233,0.011
odysseus,head.yaw,55.917,78.4,-22.3,-83.1,83.1,0.0231,0.019
odysseus,head.yaw,56,77.3,-12,-83.1,83.1,0.023,0.011
odysseus,head.yaw,56.083,77.3,0,-83.1,83.1,0.023,0.001
odysseus,head.yaw,58.333,78.3,10.9,-83.1,83.1,0.0231,0.01
odysseus,head.yaw,58.417,79,9.4,-83.1,83.1,0.0231,0.009
odysseus,head.yaw,58.5,79.7,8,-83.1,83.1,0.0232,0.008
odysseus,head.yaw,58.583,80.2,6.5,-83.1,83.1,0.0232,0.006
odysseus,head.yaw,58.667,80.7,5.1,-83.1,83.1,0.0232,0.005
odysseus,head.yaw,58.75,81,3.6,-83.1,83.1,0.0233,0.004
odysseus,head.yaw,58.833,81.2,2.2,-83.1,83.1,0.0233,0.003
odysseus,head.yaw,58.917,81.2,0.7,-83.1,83.1,0.0233,0.002
odysseus,head.yaw,59,80.2,-12,-83.1,83.1,0.0233,0.011
odysseus,head.yaw,59.083,78.4,-22.3,-83.1,83.1,0.0231,0.019
odysseus,head.yaw,59.167,77.3,-12,-83.1,83.1,0.023,0.011
odysseus,head.yaw,59.25,77.3,0,-83.1,83.1,0.023,0.001
odysseus,head.yaw,60.75,78.3,10.9,-83.1,83.1,0.0231,0.01
odysseus,head.yaw,60.833,79,9.4,-83.1,83.1,0.0231,0.009
odysseus,head.yaw,60.917,79.7,8,-83.1,83.1,0.0232,0.008
odysseus,head.yaw,61,80.2,6.5,-83.1,83.1,0.0232,0.006
odysseus,head.yaw,61.083,80.7,5.1,-83.1,83.1,0.0232,0.005
odysseus,head.yaw,61.167,81,3.6,-83.1,83.1,0.0233,0.004
odysseus,head.yaw,61.25,81.2,2.2,-83.1,83.1,0.0233,0.003
odysseus,head.yaw,61.333,81.2,0.7,-83.1,83.1,0.0233,0.002
odysseus,head.yaw,61.417,80.2,-12,-83.1,83.1,0.0233,0.011
odysseus,head.yaw,61.5,78.4,-22.3,-83.1,83.1,0.0231,0.019
odysseus,head.yaw,61.583,77.3,-12,-83.1,83.1,0.023,0.011
odysseus,head.yaw,61.667,77.3,0,-83.1,83.1,0.023,0.001
odysseus,head.yaw,63.917,78.3,10.9,-83.1,83.1,0.0231,0.01
odysseus,head.yaw,64,79,9.4,-83.1,83.1,0.0231,0.009
odysseus,head.yaw,64.083,79.7,8,-83.1,83.1,0.0232,0.008
odysseus,head.yaw,64.167,80.2,6.5,-83.1,83.1,0.0232,0.006
odysseus,head.yaw,64.25,80.7,5.1,-83.1,83.1,0.0232,0.005
odysseus,head.yaw,64.333,81,3.6,-83.1,83.1,0.0233,0.004
odysseus,head.yaw,64.417,81.2,2.2,-83.1,83.1,0.0233,0.003
odysseus,head.yaw,64.5,81.2,0.7,-83.1,83.1,0.0233,0.002
odysseus,head.yaw,64.583,80.2,-12,-83.1,83.1,0.0233,0.011
odysseus,head.yaw,64.667,78.4,-22.3,-83.1,83.1,0.0231,0.019
odysseus,head.yaw,64.75,77.3,-12,-83.1,83.1,0.023,0.011
odysseus,head.yaw,64.833,77.3,0,-83.1,83.1,0.023,0.001
odysseus,head.yaw,66.917,78.3,10.9,-83.1,83.1,0.0231,0.01
odysseus,head.yaw,67,79,9.4,-83.1,83.1,0.0231,0.009
odysseus,head.yaw,67.083,79.7,8,-83.1,83.1,0.0232,0.008
odysseus,head.yaw,67.167,80.2,6.5,-83.1,83.1,0.0232,0.006
odysseus,head.yaw,67.25,80.7,5.1,-83.1,83.1,0.0232,0.005
odysseus,head.yaw,67.333,81,3.6,-83.1,83.1,0.0233,0.004
odysseus,head.yaw,67.417,81.2,2.2,-83.1,83.1,0.0233,0.003
odysseus,head.yaw,67.5,81.2,0.7,-83.1,83.1,0.0233,0.002
odysseus,head.yaw,67.583,80.2,-12,-83.1,83.1,0.0233,0.011
odysseus,head.yaw,67.667,78.4,-22.3,-83.1,83.1,0.0231,0.019
odysseus,head.yaw,67.75,77.3,-12,-83.1,83.1,0.023,0.011
odysseus,head.yaw,67.833,77.3,0,-83.1,83.1,0.023,0.001
odysseus,head.yaw,69.5,78.3,10.9,-83.1,83.1,0.0231,0.01
odysseus,head.yaw,69.583,79,9.4,-83.1,83.1,0.0231,0.009
odysseus,head.yaw,69.667,79.7,8,-83.1,83.1,0.0232,0.008
odysseus,head.yaw,69.75,80.2,6.5,-83.1,83.1,0.0232,0.006
odysseus,head.yaw,69.833,80.7,5.1,-83.1,83.1,0.0232,0.005
odysseus,head.yaw,69.917,81,3.6,-83.1,83.1,0.0233,0.004
odysseus,head.yaw,70,81.2,2.2,-83.1,83.1,0.0233,0.003
odysseus,head.yaw,70.083,81.2,0.7,-83.1,83.1,0.0233,0.002
odysseus,head.yaw,70.167,80.2,-12,-83.1,83.1,0.0233,0.011
odysseus,head.yaw,70.25,78.4,-22.3,-83.1,83.1,0.0231,0.019
odysseus,head.yaw,70.333,77.3,-12,-83.1,83.1,0.023,0.011
odysseus,head.yaw,70.417,77.3,0,-83.1,83.1,0.023,0.001
odysseus,head.yaw,72.167,78.2,9.7,-83.1,83.1,0.0231,0.009
odysseus,head.yaw,72.25,78.9,8.6,-83.1,83.1,0.0231,0.008
odysseus,head.yaw,72.333,79.5,7.4,-83.1,83.1,0.0232,0.007
odysseus,head.yaw,72.417,80,6.3,-83.1,83.1,0.0232,0.006
odysseus,head.yaw,72.5,80.5,5.2,-83.1,83.1,0.0232,0.005
odysseus,head.yaw,72.583,80.8,4,-83.1,83.1,0.0232,0.004
odysseus,head.yaw,72.667,81,2.9,-83.1,83.1,0.0233,0.003
odysseus,head.yaw,72.75,81.2,1.7,-83.1,83.1,0.0233,0.002
odysseus,head.yaw,72.833,81.2,0.6,-83.1,83.1,0.0233,0.002
odysseus,head.yaw,72.917,80.2,-12,-83.1,83.1,0.0233,0.011
odysseus,head.yaw,73,78.4,-22.3,-83.1,83.1,0.0231,0.019
odysseus,head.yaw,73.083,77.3,-12,-83.1,83.1,0.023,0.011
odysseus,head.yaw,73.167,77.3,0,-83.1,83.1,0.023,0.001
odysseus,head.yaw,74.833,78.3,10.9,-83.1,83.1,0.0231,0.01
odysseus,head.yaw,74.917,79,9.4,-83.1,83.1,0.0231,0.009
odysseus,head.yaw,75,79.7,8,-83.1,83.1,0.0232,0.008
odysseus,head.yaw,75.083,80.2,6.5,-83.1,83.1,0.0232,0.006
odysseus,head.yaw,75.167,80.7,5.1,-83.1,83.1,0.0232,0.005
odysseus,head.yaw,75.25,81,3.6,-83.1,83.1,0.0233,0.004
odysseus,head.yaw,75.333,81.2,2.2,-83.1,83.1,0.0233,0.003
odysseus,head.yaw,75.417,81.2,0.7,-83.1,83.1,0.0233,0.002
odysseus,head.yaw,75.5,80.2,-12,-83.1,83.1,0.0233,0.011
odysseus,head.yaw,75.583,78.4,-22.3,-83.1,83.1,0.0231,0.019
odysseus,head.yaw,75.667,77.3,-12,-83.1,83.1,0.023,0.011
odysseus,head.yaw,75.75,77.3,0,-83.1,83.1,0.023,0.001
odysseus,head.yaw,77.417,78.2,9.7,-83.1,83.1,0.0231,0.009
odysseus,head.yaw,77.5,78.9,8.6,-83.1,83.1,0.0231,0.008
odysseus,head.yaw,77.583,79.5,7.4,-83.1,83.1,0.0232,0.007
odysseus,head.yaw,77.667,80,6.3,-83.1,83.1,0.0232,0.006
odysseus,head.yaw,77.75,80.5,5.2,-83.1,83.1,0.0232,0.005
odysseus,head.yaw,77.833,80.8,4,-83.1,83.1,0.0232,0.004
odysseus,head.yaw,77.917,81,2.9,-83.1,83.1,0.0233,0.003
odysseus,head.yaw,78,81.2,1.7,-83.1,83.1,0.0233,0.002
odysseus,head.yaw,78.083,81.2,0.6,-83.1,83.1,0.0233,0.002
odysseus,head.yaw,78.167,80.2,-12,-83.1,83.1,0.0233,0.011
odysseus,head.yaw,78.25,78.4,-22.3,-83.1,83.1,0.0231,0.019
odysseus,head.yaw,78.333,77.3,-12,-83.1,83.1,0.023,0.011
odysseus,head.yaw,78.417,77.3,0,-83.1,83.1,0.023,0.001
odysseus,head.yaw,79.833,78.2,9.7,-83.1,83.1,0.0231,0.009
odysseus,head.yaw,79.917,78.9,8.6,-83.1,83.1,0.0231,0.008
odysseus,head.yaw,80,79.5,7.4,-83.1,83.1,0.0232,0.007
odysseus,head.yaw,80.083,80,6.3,-83.1,83.1,0.0232,0.006
odysseus,head.yaw,80.167,80.5,5.2,-83.1,83.1,0.0232,0.005
odysseus,head.yaw,80.25,80.8,4,-83.1,83.1,0.0232,0.004
odysseus,head.yaw,80.333,81,2.9,-83.1,83.1,0.0233,0.003
odysseus,head.yaw,80.417,81.2,1.7,-83.1,83.1,0.0233,0.002
odysseus,head.yaw,80.5,81.2,0.6,-83.1,83.1,0.0233,0.002
odysseus,head.yaw,80.583,80.2,-12,-83.1,83.1,0.0233,0.011
odysseus,head.yaw,80.667,78.4,-22.3,-83.1,83.1,0.0231,0.019
odysseus,head.yaw,80.75,77.3,-12,-83.1,83.1,0.023,0.011
odysseus,head.yaw,80.833,77.3,0,-83.1,83.1,0.023,0.001
odysseus,head.yaw,82.25,78.2,9.7,-83.1,83.1,0.0231,0.009
odysseus,head.yaw,82.333,78.9,8.6,-83.1,83.1,0.0231,0.008
odysseus,head.yaw,82.417,79.5,7.4,-83.1,83.1,0.0232,0.007
odysseus,head.yaw,82.5,80,6.3,-83.1,83.1,0.0232,0.006
odysseus,head.yaw,82.583,80.5,5.2,-83.1,83.1,0.0232,0.005
odysseus,head.yaw,82.667,80.8,4,-83.1,83.1,0.0232,0.004
odysseus,head.yaw,82.75,81,2.9,-83.1,83.1,0.0233,0.003
odysseus,head.yaw,82.833,81.2,1.7,-83.1,83.1,0.0233,0.002
odysseus,head.yaw,82.917,81.2,0.6,-83.1,83.1,0.0233,0.002
odysseus,head.yaw,83,80.2,-12,-83.1,83.1,0.0233,0.011
odysseus,head.yaw,83.083,78.4,-22.3,-83.1,83.1,0.0231,0.019
odysseus,head.yaw,83.167,77.3,-12,-83.1,83.1,0.023,0.011
odysseus,head.yaw,83.25,77.3,0,-83.1,83.1,0.023,0.001
odysseus,head.yaw,85,78.3,10.9,-83.1,83.1,0.0231,0.01
odysseus,head.yaw,85.083,79,9.4,-83.1,83.1,0.0231,0.009
odysseus,head.yaw,85.167,79.7,8,-83.1,83.1,0.0232,0.008
odysseus,head.yaw,85.25,80.2,6.5,-83.1,83.1,0.0232,0.006
odysseus,head.yaw,85.333,80.7,5.1,-83.1,83.1,0.0232,0.005
odysseus,head.yaw,85.417,81,3.6,-83.1,83.1,0.0233,0.004
odysseus,head.yaw,85.5,81.2,2.2,-83.1,83.1,0.0233,0.003
odysseus,head.yaw,85.583,81.2,0.7,-83.1,83.1,0.0233,0.002
odysseus,head.yaw,85.667,80.2,-12,-83.1,83.1,0.0233,0.011
odysseus,head.yaw,85.75,78.4,-22.3,-83.1,83.1,0.0231,0.019
odysseus,head.yaw,85.833,77.3,-12,-83.1,83.1,0.023,0.011
odysseus,head.yaw,85.917,77.3,0,-83.1,83.1,0.023,0.001
odysseus,head.yaw,88.083,78.3,10.9,-83.1,83.1,0.0231,0.01
odysseus,head.yaw,88.167,79,9.4,-83.1,83.1,0.0231,0.009
odysseus,head.yaw,88.25,79.7,8,-83.1,83.1,0.0232,0.008
odysseus,head.yaw,88.333,80.2,6.5,-83.1,83.1,0.0232,0.006
odysseus,head.yaw,88.417,80.7,5.1,-83.1,83.1,0.0232,0.005
odysseus,head.yaw,88.5,81,3.6,-83.1,83.1,0.0233,0.004
odysseus,head.yaw,88.583,81.2,2.2,-83.1,83.1,0.0233,0.003
odysseus,head.yaw,88.667,81.2,0.7,-83.1,83.1,0.0233,0.002
odysseus,head.yaw,88.75,80.2,-12,-83.1,83.1,0.0233,0.011
odysseus,head.yaw,88.833,78.4,-22.3,-83.1,83.1,0.0231,0.019
odysseus,head.yaw,88.917,77.3,-12,-83.1,83.1,0.023,0.011
odysseus,head.yaw,89,77.3,0,-83.1,83.1,0.023,0.001
odysseus,head.yaw,90.917,78.3,10.9,-83.1,83.1,0.0231,0.01
odysseus,head.yaw,91,79,9.4,-83.1,83.1,0.0231,0.009
odysseus,head.yaw,91.083,79.7,8,-83.1,83.1,0.0232,0.008
odysseus,head.yaw,91.167,80.2,6.5,-83.1,83.1,0.0232,0.006
odysseus,head.yaw,91.25,80.7,5.1,-83.1,83.1,0.0232,0.005
odysseus,head.yaw,91.333,81,3.6,-83.1,83.1,0.0233,0.004
odysseus,head.yaw,91.417,81.2,2.2,-83.1,83.1,0.0233,0.003
odysseus,head.yaw,91.5,81.2,0.7,-83.1,83.1,0.0233,0.002
odysseus,head.yaw,91.583,80.2,-12,-83.1,83.1,0.0233,0.011
odysseus,head.yaw,91.667,78.4,-22.3,-83.1,83.1,0.0231,0.019
odysseus,head.yaw,91.75,77.3,-12,-83.1,83.1,0.023,0.011
odysseus,head.yaw,91.833,77.3,0,-83.1,83.1,0.023,0.001
odysseus,head.yaw,93.5,42.9,-413,-83.1,83.1,0.0181,0.262
odysseus,head.yaw,93.583,16.2,-321.2,-83.1,83.1,0.007,0.079
odysseus,head.yaw,93.667,-3,-229.5,-83.1,83.1,0.0017,0.013
odysseus,head.yaw,93.75,-14.4,-137.7,-83.1,83.1,0.0063,0.031
odysseus,head.yaw,93.833,-18.3,-45.9,-83.1,83.1,0.0078,0.013
odysseus,head.yaw,93.917,-18,2.7,-83.1,83.1,0.0075,0.001
odysseus,head.yaw,94,-17.6,5,-83.1,83.1,0.0071,0.001
odysseus,head.yaw,94.083,-17.4,2.7,-83.1,83.1,0.0071,0.001
odysseus,head.yaw,94.167,-17.4,0,-83.1,83.1,0.0071,0
odysseus,head.yaw,96.583,-17.7,-3.7,-83.1,83.1,0.0072,0.001
odysseus,head.yaw,96.667,-17.9,-2.9,-83.1,83.1,0.0073,0.001
odysseus,head.yaw,96.75,-18.1,-2.1,-83.1,83.1,0.0073,0.001
odysseus,head.yaw,96.833,-18.2,-1.2,-83.1,83.1,0.0074,0
odysseus,head.yaw,96.917,-18.3,-0.4,-83.1,83.1,0.0074,0
odysseus,head.yaw,97,-18,2.7,-83.1,83.1,0.0073,0.001
odysseus,head.yaw,97.083,-17.6,5,-83.1,83.1,0.0071,0.001
odysseus,head.yaw,97.167,-17.4,2.7,-83.1,83.1,0.0071,0.001
odysseus,head.yaw,97.25,-17.4,0,-83.1,83.1,0.0071,0
odysseus,head.yaw,99.25,-17.7,-3.7,-83.1,83.1,0.0072,0.001
odysseus,head.yaw,99.333,-17.9,-2.9,-83.1,83.1,0.0073,0.001
odysseus,head.yaw,99.417,-18.1,-2.1,-83.1,83.1,0.0073,0.001
odysseus,head.yaw,99.5,-18.2,-1.2,-83.1,83.1,0.0074,0
odysseus,head.yaw,99.583,-18.3,-0.4,-83.1,83.1,0.0074,0
odysseus,head.yaw,99.667,-18,2.7,-83.1,83.1,0.0073,0.001
odysseus,head.yaw,99.75,-17.6,5,-83.1,83.1,0.0071,0.001
odysseus,head.yaw,99.833,-17.4,2.7,-83.1,83.1,0.0071,0.001
odysseus,head.yaw,99.917,-17.4,0,-83.1,83.1,0.0071,0
odysseus,head.yaw,100.417,-17.4,0,-83.1,83.1,0.007,0
odysseus,head.pitch,0,0,0,-12.6,12.6,0,0
odysseus,head.pitch,0.167,-0.1,-0.6,-12.6,12.6,0,0
odysseus,head.pitch,0.25,-0.1,-1,-12.6,12.6,0.0001,0
odysseus,head.pitch,0.333,-0.3,-1.2,-12.6,12.6,0.0001,0
odysseus,head.pitch,0.417,-0.4,-1.4,-12.6,12.6,0.0002,0
odysseus,head.pitch,0.5,-0.5,-1.6,-12.6,12.6,0.0002,0
odysseus,head.pitch,0.583,2.2,32.7,-12.6,12.6,0.0011,0.001
odysseus,head.pitch,0.667,1.3,-10.8,-12.6,12.6,0.0008,0
odysseus,head.pitch,0.75,0.5,-9.4,-12.6,12.6,0.0002,0
odysseus,head.pitch,0.833,-0.1,-7.9,-12.6,12.6,0.0001,0
odysseus,head.pitch,0.917,-0.7,-6.4,-12.6,12.6,0.0003,0
odysseus,head.pitch,1,-3.4,-32.6,-12.6,12.6,0.0015,0.002
odysseus,head.pitch,1.083,-5.7,-28,-12.6,12.6,0.0024,0.002
odysseus,head.pitch,1.167,-7.7,-23.8,-12.6,12.6,0.0032,0.003
odysseus,head.pitch,1.25,-9.2,-18.5,-12.6,12.6,0.0038,0.002
odysseus,head.pitch,1.333,-9.8,-6.2,-12.6,12.6,0.0041,0.001
odysseus,head.pitch,1.417,-9.2,7,-12.6,12.6,0.0038,0.001
odysseus,head.pitch,1.5,-8.4,9.1,-12.6,12.6,0.0035,0.001
odysseus,head.pitch,1.583,-7.5,10.7,-12.6,12.6,0.0031,0.001
odysseus,head.pitch,1.667,-6.5,11.8,-12.6,12.6,0.0027,0.001
odysseus,head.pitch,1.75,-5.5,12.4,-12.6,12.6,0.0023,0.001
odysseus,head.pitch,1.833,-4.5,12.5,-12.6,12.6,0.0018,0.001
odysseus,head.pitch,1.917,-3.5,12.1,-12.6,12.6,0.0014,0.001
odysseus,head.pitch,2,-2.5,11.2,-12.6,12.6,0.001,0
odysseus,head.pitch,2.083,-1.7,9.8,-12.6,12.6,0.0007,0
odysseus,head.pitch,2.167,-1,8,-12.6,12.6,0.0004,0
odysseus,head.pitch,2.25,-0.6,5.6,-12.6,12.6,0.0002,0
odysseus,head.pitch,2.333,-0.3,2.8,-12.6,12.6,0.0002,0
odysseus,head.pitch,2.417,-0.2,1.1,-12.6,12.6,0.0001,0
odysseus,head.pitch,2.5,-0.2,1,-12.6,12.6,0.0001,0
odysseus,head.pitch,2.583,-0.1,0.8,-12.6,12.6,0,0
odysseus,head.pitch,2.667,0,0.6,-12.6,12.6,0,0
odysseus,head.pitch,2.75,0,0.4,-12.6,12.6,0,0
odysseus,head.pitch,2.833,1.9,23.1,-12.6,12.6,0.0009,0.001
odysseus,head.pitch,2.917,3.1,13.7,-12.6,12.6,0.0013,0.001
odysseus,head.pitch,3,3.4,4.4,-12.6,12.6,0.0014,0
odysseus,head.pitch,3.083,2.5,-11,-12.6,12.6,0.0011,0
odysseus,head.pitch,3.167,-0.6,-37.5,-12.6,12.6,0.0004,0.001
odysseus,head.pitch,3.25,-2.4,-21.5,-12.6,12.6,0.0011,0.001
odysseus,head.pitch,3.333,-2.8,-4.1,-12.6,12.6,0.0012,0
odysseus,head.pitch,3.417,0.1,34.1,-12.6,12.6,0.0002,0
odysseus,head.pitch,3.5,-0.5,-7.6,-12.6,12.6,0.0004,0
odysseus,head.pitch,3.583,-1,-5.9,-12.6,12.6,0.0004,0
odysseus,head.pitch,3.667,-1.4,-4.3,-12.6,12.6,0.0006,0
odysseus,head.pitch,3.75,-1.6,-2.9,-12.6,12.6,0.0007,0
odysseus,head.pitch,3.833,-1.8,-1.5,-12.6,12.6,0.0007,0
odysseus,head.pitch,3.917,-1.8,-0.3,-12.6,12.6,0.0007,0
odysseus,head.pitch,4,-1.7,0.7,-12.6,12.6,0.0007,0
odysseus,head.pitch,4.083,-1.6,1.7,-12.6,12.6,0.0007,0
odysseus,head.pitch,4.167,-1.4,2,-12.6,12.6,0.0006,0
odysseus,head.pitch,4.25,-1.3,1.6,-12.6,12.6,0.0005,0
odysseus,head.pitch,4.333,-1.2,1.1,-12.6,12.6,0.0005,0
odysseus,head.pitch,4.417,-1.2,0.4,-12.6,12.6,0.0005,0
odysseus,head.pitch,4.583,-1.3,-0.7,-12.6,12.6,0.0005,0
odysseus,head.pitch,4.667,-1.3,-0.6,-12.6,12.6,0.0005,0
odysseus,head.pitch,4.75,-1.3,-0.5,-12.6,12.6,0.0006,0
odysseus,head.pitch,4.833,-1.4,-0.4,-12.6,12.6,0.0006,0
odysseus,head.pitch,5.333,-1.3,0.6,-12.6,12.6,0.0006,0
odysseus,head.pitch,5.417,-1.3,0.8,-12.6,12.6,0.0005,0
odysseus,head.pitch,5.5,-1.2,1,-12.6,12.6,0.0005,0
odysseus,head.pitch,5.583,-1.1,1.1,-12.6,12.6,0.0005,0
odysseus,head.pitch,5.667,-1,1.2,-12.6,12.6,0.0004,0
odysseus,head.pitch,5.75,-0.9,1.3,-12.6,12.6,0.0004,0
odysseus,head.pitch,5.833,-0.8,1.3,-12.6,12.6,0.0003,0
odysseus,head.pitch,5.917,-0.7,1.4,-12.6,12.6,0.0003,0
odysseus,head.pitch,6,2.3,35.7,-12.6,12.6,0.0011,0.001
odysseus,head.pitch,6.083,1.7,-7.8,-12.6,12.6,0.0009,0
odysseus,head.pitch,6.167,1.1,-6.5,-12.6,12.6,0.0005,0
odysseus,head.pitch,6.25,0.7,-5.2,-12.6,12.6,0.0003,0
odysseus,head.pitch,6.333,0.4,-3.9,-12.6,12.6,0.0002,0
odysseus,head.pitch,6.417,0.1,-2.7,-12.6,12.6,0.0001,0
odysseus,head.pitch,6.5,0,-1.5,-12.6,12.6,0,0
odysseus,head.pitch,6.583,0,-0.3,-12.6,12.6,0,0
odysseus,head.pitch,7.083,-0.1,-0.5,-12.6,12.6,0.0001,0
odysseus,head.pitch,7.167,-0.2,-0.6,-12.6,12.6,0.0001,0
odysseus,head.pitch,7.25,-0.2,-0.7,-12.6,12.6,0.0001,0
odysseus,head.pitch,7.333,-0.3,-0.8,-12.6,12.6,0.0001,0
odysseus,head.pitch,7.417,-0.4,-0.8,-12.6,12.6,0.0002,0
odysseus,head.pitch,7.5,-0.4,-0.9,-12.6,12.6,0.0002,0
odysseus,head.pitch,7.583,-0.5,-0.9,-12.6,12.6,0.0002,0
odysseus,head.pitch,7.667,-0.6,-0.9,-12.6,12.6,0.0002,0
odysseus,head.pitch,7.75,-0.7,-0.9,-12.6,12.6,0.0003,0
odysseus,head.pitch,7.833,-4.8,-49.1,-12.6,12.6,0.0022,0.004
odysseus,head.pitch,7.917,-5.3,-6.9,-12.6,12.6,0.0024,0.001
odysseus,head.pitch,8,-5.1,3.2,-12.6,12.6,0.0021,0
odysseus,head.pitch,8.083,-4.7,4.8,-12.6,12.6,0.0019,0
odysseus,head.pitch,8.167,-5.4,-8.5,-12.6,12.6,0.0023,0.001
odysseus,head.pitch,8.25,-6.7,-15.9,-12.6,12.6,0.0028,0.002
odysseus,head.pitch,8.333,-7.1,-5.3,-12.6,12.6,0.003,0.001
odysseus,head.pitch,8.417,-6.6,6.6,-12.6,12.6,0.0028,0.001
odysseus,head.pitch,8.5,-6,7.4,-12.6,12.6,0.0025,0.001
odysseus,head.pitch,8.583,-5.3,8,-12.6,12.6,0.0022,0.001
odysseus,head.pitch,8.667,-4.6,8.2,-12.6,12.6,0.0019,0.001
odysseus,head.pitch,8.75,-4,8.2,-12.6,12.6,0.0016,0
odysseus,head.pitch,8.833,-3.3,7.8,-12.6,12.6,0.0014,0
odysseus,head.pitch,8.917,-2.7,7.2,-12.6,12.6,0.0011,0
odysseus,head.pitch,9,0.7,40.7,-12.6,12.6,0.0005,0.001
odysseus,head.pitch,9.083,0.4,-3.9,-12.6,12.6,0.0004,0
odysseus,head.pitch,9.167,0,-4,-12.6,12.6,0,0
odysseus,head.pitch,9.25,-0.3,-4.4,-12.6,12.6,0.0001,0
odysseus,head.pitch,9.333,-0.7,-3.9,-12.6,12.6,0.0003,0
odysseus,head.pitch,9.417,-0.9,-2.4,-12.6,12.6,0.0004,0
odysseus,head.pitch,9.5,-0.9,-0.9,-12.6,12.6,0.0004,0
odysseus,head.pitch,9.583,-0.9,0.6,-12.6,12.6,0.0004,0
odysseus,head.pitch,9.667,-0.8,1.3,-12.6,12.6,0.0003,0
odysseus,head.pitch,9.75,-0.7,1.4,-12.6,12.6,0.0003,0
odysseus,head.pitch,9.833,-0.5,1.3,-12.6,12.6,0.0002,0
odysseus,head.pitch,9.917,-0.4,1.3,-12.6,12.6,0.0002,0
odysseus,head.pitch,10,-0.3,1.2,-12.6,12.6,0.0001,0
odysseus,head.pitch,10.083,-0.2,1.1,-12.6,12.6,0.0001,0
odysseus,head.pitch,10.167,-0.2,1,-12.6,12.6,0.0001,0
odysseus,head.pitch,10.25,-0.1,0.8,-12.6,12.6,0,0
odysseus,head.pitch,10.333,0,0.6,-12.6,12.6,0,0
odysseus,head.pitch,10.417,0,0.4,-12.6,12.6,0,0
odysseus,head.pitch,10.917,-0.1,-0.5,-12.6,12.6,0.0001,0
odysseus,head.pitch,11,-0.2,-0.6,-12.6,12.6,0.0001,0
odysseus,head.pitch,11.083,-0.2,-0.7,-12.6,12.6,0.0001,0
odysseus,head.pitch,11.167,-0.3,-0.8,-12.6,12.6,0.0001,0
odysseus,head.pitch,11.25,-0.4,-0.8,-12.6,12.6,0.0002,0
odysseus,head.pitch,11.333,-0.4,-0.9,-12.6,12.6,0.0002,0
odysseus,head.pitch,11.417,-0.5,-0.9,-12.6,12.6,0.0002,0
odysseus,head.pitch,11.5,2,30,-12.6,12.6,0.001,0.001
odysseus,head.pitch,11.583,2.8,9.4,-12.6,12.6,0.0012,0
odysseus,head.pitch,11.667,2.1,-7.4,-12.6,12.6,0.001,0
odysseus,head.pitch,11.75,0.9,-15.1,-12.6,12.6,0.0004,0
odysseus,head.pitch,11.833,2.5,19.3,-12.6,12.6,0.0012,0.001
odysseus,head.pitch,11.917,1.1,-16.5,-12.6,12.6,0.0006,0
odysseus,head.pitch,12,0.4,-8.6,-12.6,12.6,0.0002,0
odysseus,head.pitch,12.083,-0.2,-7.1,-12.6,12.6,0.0001,0
odysseus,head.pitch,12.167,-0.7,-5.7,-12.6,12.6,0.0003,0
odysseus,head.pitch,12.25,-6.4,-69.2,-12.6,12.6,0.003,0.007
odysseus,head.pitch,12.333,-8.5,-24.4,-12.6,12.6,0.0037,0.003
odysseus,head.pitch,12.417,-8.5,-0.1,-12.6,12.6,0.0036,0
odysseus,head.pitch,12.5,-8.3,2.7,-12.6,12.6,0.0034,0
odysseus,head.pitch,12.583,-7.9,4.5,-12.6,12.6,0.0032,0.001
odysseus,head.pitch,12.667,-7.4,6,-12.6,12.6,0.003,0.001
odysseus,head.pitch,12.75,-6.8,7.2,-12.6,12.6,0.0028,0.001
odysseus,head.pitch,12.833,-6.1,8.2,-12.6,12.6,0.0025,0.001
odysseus,head.pitch,12.917,-5.4,8.9,-12.6,12.6,0.0022,0.001
odysseus,head.pitch,13,-4.6,9.3,-12.6,12.6,0.0019,0.001
odysseus,head.pitch,13.083,-3.8,9.3,-12.6,12.6,0.0016,0.001
odysseus,head.pitch,13.167,-3.1,9,-12.6,12.6,0.0013,0
odysseus,head.pitch,13.25,-2.4,8.4,-12.6,12.6,0.001,0
odysseus,head.pitch,13.333,-1.7,7.4,-12.6,12.6,0.0007,0
odysseus,head.pitch,13.417,-1.2,6.1,-12.6,12.6,0.0005,0
odysseus,head.pitch,13.5,-0.9,4.4,-12.6,12.6,0.0004,0
odysseus,head.pitch,13.583,-0.7,2.5,-12.6,12.6,0.0003,0
odysseus,head.pitch,13.667,-0.5,1.3,-12.6,12.6,0.0002,0
odysseus,head.pitch,13.75,-0.4,1.3,-12.6,12.6,0.0002,0
odysseus,head.pitch,13.833,-0.3,1.2,-12.6,12.6,0.0001,0
odysseus,head.pitch,13.917,-0.2,1.1,-12.6,12.6,0.0001,0
odysseus,head.pitch,14,-0.2,1,-12.6,12.6,0.0001,0
odysseus,head.pitch,14.083,-0.1,0.8,-12.6,12.6,0,0
odysseus,head.pitch,14.167,0,0.6,-12.6,12.6,0,0
odysseus,head.pitch,14.25,0,0.4,-12.6,12.6,0,0
odysseus,head.pitch,14.667,4.7,56.9,-12.6,12.6,0.0022,0.004
odysseus,head.pitch,14.75,5,4.1,-12.6,12.6,0.0023,0
odysseus,head.pitch,14.833,3.3,-20.9,-12.6,12.6,0.0015,0.001
odysseus,head.pitch,14.917,1,-28,-12.6,12.6,0.0004,0
odysseus,head.pitch,15,-1.5,-29,-12.6,12.6,0.0006,0.001
odysseus,head.pitch,15.083,-2.7,-14.6,-12.6,12.6,0.0012,0.001
odysseus,head.pitch,15.167,-2.8,-1.9,-12.6,12.6,0.0012,0
odysseus,head.pitch,15.25,-2.8,0.1,-12.6,12.6,0.0012,0
odysseus,head.pitch,15.333,-2.7,1.3,-12.6,12.6,0.0011,0
odysseus,head.pitch,15.417,-2.6,1.6,-12.6,12.6,0.0011,0
odysseus,head.pitch,15.5,-2.4,1.9,-12.6,12.6,0.001,0
odysseus,head.pitch,15.583,-2.3,2.1,-12.6,12.6,0.0009,0
odysseus,head.pitch,15.667,-2.1,2.2,-12.6,12.6,0.0009,0
odysseus,head.pitch,15.75,-1.9,2.1,-12.6,12.6,0.0008,0
odysseus,head.pitch,15.833,-1.7,2,-12.6,12.6,0.0007,0
odysseus,head.pitch,15.917,-1.6,1.8,-12.6,12.6,0.0007,0
odysseus,head.pitch,16,-1.5,1.4,-12.6,12.6,0.0006,0
odysseus,head.pitch,16.083,-1.4,1,-12.6,12.6,0.0006,0
odysseus,head.pitch,16.167,-1.3,0.5,-12.6,12.6,0.0006,0
odysseus,head.pitch,16.833,-1.3,0.6,-12.6,12.6,0.0006,0
odysseus,head.pitch,16.917,-1.3,0.8,-12.6,12.6,0.0005,0
odysseus,head.pitch,17,-1.2,1,-12.6,12.6,0.0005,0
odysseus,head.pitch,17.083,-1.1,1.1,-12.6,12.6,0.0005,0
odysseus,head.pitch,17.167,1.9,35.6,-12.6,12.6,0.0009,0.001
odysseus,head.pitch,17.25,1.3,-6.8,-12.6,12.6,0.0008,0
odysseus,head.pitch,17.333,0.8,-5.6,-12.6,12.6,0.0004,0
odysseus,head.pitch,17.417,0.5,-4.6,-12.6,12.6,0.0002,0
odysseus,head.pitch,17.5,0.2,-3.5,-12.6,12.6,0.0001,0
odysseus,head.pitch,17.583,0,-2.5,-12.6,12.6,0,0
odysseus,head.pitch,17.667,-0.2,-1.5,-12.6,12.6,0.0001,0
odysseus,head.pitch,17.75,-0.2,-0.5,-12.6,12.6,0.0001,0
odysseus,head.pitch,17.917,-0.1,0.8,-12.6,12.6,0,0
odysseus,head.pitch,18,0,0.6,-12.6,12.6,0,0
odysseus,head.pitch,18.083,0,0.4,-12.6,12.6,0,0
odysseus,head.pitch,18.583,-0.1,-0.5,-12.6,12.6,0.0001,0
odysseus,head.pitch,18.667,-0.2,-0.6,-12.6,12.6,0.0001,0
odysseus,head.pitch,18.75,-0.2,-0.7,-12.6,12.6,0.0001,0
odysseus,head.pitch,18.833,-0.3,-0.8,-12.6,12.6,0.0001,0
odysseus,head.pitch,18.917,-0.4,-0.8,-12.6,12.6,0.0002,0
odysseus,head.pitch,19,-0.4,-0.9,-12.6,12.6,0.0002,0
odysseus,head.pitch,19.083,-0.5,-0.9,-12.6,12.6,0.0002,0
odysseus,head.pitch,19.167,-0.6,-0.9,-12.6,12.6,0.0002,0
odysseus,head.pitch,19.25,-0.7,-0.9,-12.6,12.6,0.0003,0
odysseus,head.pitch,19.333,-0.8,-1,-12.6,12.6,0.0003,0
odysseus,head.pitch,19.417,-0.8,-0.9,-12.6,12.6,0.0003,0
odysseus,head.pitch,19.5,-0.9,-0.9,-12.6,12.6,0.0004,0
odysseus,head.pitch,19.583,-1,-0.9,-12.6,12.6,0.0004,0
odysseus,head.pitch,19.667,-1.1,-0.9,-12.6,12.6,0.0004,0
odysseus,head.pitch,19.75,1.7,33.6,-12.6,12.6,0.0009,0.001
odysseus,head.pitch,19.833,0.9,-9.9,-12.6,12.6,0.0006,0
odysseus,head.pitch,19.917,0.2,-8.4,-12.6,12.6,0.0001,0
odysseus,head.pitch,20,-0.4,-6.9,-12.6,12.6,0.0002,0
odysseus,head.pitch,20.083,-0.8,-5.4,-12.6,12.6,0.0003,0
odysseus,head.pitch,20.167,-1.1,-3.9,-12.6,12.6,0.0005,0
odysseus,head.pitch,20.25,-1.4,-2.4,-12.6,12.6,0.0006,0
odysseus,head.pitch,20.333,-1.4,-0.9,-12.6,12.6,0.0006,0
odysseus,head.pitch,20.417,-1.4,-0.1,-12.6,12.6,0.0006,0
odysseus,head.pitch,20.667,-1.3,0.6,-12.6,12.6,0.0006,0
odysseus,head.pitch,20.75,-1.3,0.8,-12.6,12.6,0.0005,0
odysseus,head.pitch,20.833,-1.2,1,-12.6,12.6,0.0005,0
odysseus,head.pitch,20.917,-1.1,1.1,-12.6,12.6,0.0005,0
odysseus,head.pitch,21,-1,1.2,-12.6,12.6,0.0004,0
odysseus,head.pitch,21.083,-0.9,1.3,-12.6,12.6,0.0004,0
odysseus,head.pitch,21.167,-0.8,1.3,-12.6,12.6,0.0003,0
odysseus,head.pitch,21.25,-0.7,1.4,-12.6,12.6,0.0003,0
odysseus,head.pitch,21.333,-0.5,1.3,-12.6,12.6,0.0002,0
odysseus,head.pitch,21.417,-0.4,1.3,-12.6,12.6,0.0002,0
odysseus,head.pitch,21.5,-0.3,1.2,-12.6,12.6,0.0001,0
odysseus,head.pitch,21.583,-0.2,1.1,-12.6,12.6,0.0001,0
odysseus,head.pitch,21.667,-0.2,1,-12.6,12.6,0.0001,0
odysseus,head.pitch,21.75,-0.1,0.8,-12.6,12.6,0,0
odysseus,head.pitch,21.833,0,0.6,-12.6,12.6,0,0
odysseus,head.pitch,21.917,0,0.4,-12.6,12.6,0,0
odysseus,head.pitch,22.333,2.8,33.9,-12.6,12.6,0.0013,0.002
odysseus,head.pitch,22.417,2,-9.7,-12.6,12.6,0.001,0
odysseus,head.pitch,22.5,1.3,-8.3,-12.6,12.6,0.0005,0
odysseus,head.pitch,22.583,0.7,-7,-12.6,12.6,0.0003,0
odysseus,head.pitch,22.667,0.2,-5.7,-12.6,12.6,0.0001,0
odysseus,head.pitch,22.75,-0.1,-4.3,-12.6,12.6,0.0001,0
odysseus,head.pitch,22.833,-0.4,-3,-12.6,12.6,0.0002,0
odysseus,head.pitch,22.917,-0.5,-1.6,-12.6,12.6,0.0002,0
odysseus,head.pitch,23,-0.6,-0.9,-12.6,12.6,0.0002,0
odysseus,head.pitch,23.083,-0.7,-0.9,-12.6,12.6,0.0003,0
odysseus,head.pitch,23.167,-0.8,-1,-12.6,12.6,0.0003,0
odysseus,head.pitch,23.25,-0.8,-0.9,-12.6,12.6,0.0003,0
odysseus,head.pitch,23.333,-0.9,-0.9,-12.6,12.6,0.0004,0
odysseus,head.pitch,23.417,-1,-0.9,-12.6,12.6,0.0004,0
odysseus,head.pitch,23.5,-1.1,-0.9,-12.6,12.6,0.0004,0
odysseus,head.pitch,23.583,-1.1,-0.8,-12.6,12.6,0.0005,0
odysseus,head.pitch,23.667,-1.2,-0.8,-12.6,12.6,0.0005,0
odysseus,head.pitch,23.75,-1.3,-0.7,-12.6,12.6,0.0005,0
odysseus,head.pitch,23.833,-1.3,-0.6,-12.6,12.6,0.0005,0
odysseus,head.pitch,23.917,-1.3,-0.5,-12.6,12.6,0.0006,0
odysseus,head.pitch,24,-1.4,-0.4,-12.6,12.6,0.0006,0
odysseus,head.pitch,24.5,-1.3,0.6,-12.6,12.6,0.0006,0
odysseus,head.pitch,24.583,-1.3,0.8,-12.6,12.6,0.0005,0
odysseus,head.pitch,24.667,-1.2,1,-12.6,12.6,0.0005,0
odysseus,head.pitch,24.75,-1.1,1.1,-12.6,12.6,0.0005,0
odysseus,head.pitch,24.833,1.9,35.6,-12.6,12.6,0.0009,0.001
odysseus,head.pitch,24.917,1.3,-6.8,-12.6,12.6,0.0008,0
odysseus,head.pitch,25,0.8,-5.6,-12.6,12.6,0.0004,0
odysseus,head.pitch,25.083,0.5,-4.6,-12.6,12.6,0.0002,0
odysseus,head.pitch,25.167,0.2,-3.5,-12.6,12.6,0.0001,0
odysseus,head.pitch,25.25,0,-2.5,-12.6,12.6,0,0
odysseus,head.pitch,25.333,-0.2,-1.5,-12.6,12.6,0.0001,0
odysseus,head.pitch,25.417,-0.2,-0.5,-12.6,12.6,0.0001,0
odysseus,head.pitch,25.583,-0.1,0.8,-12.6,12.6,0,0
odysseus,head.pitch,25.667,0,0.6,-12.6,12.6,0,0
odysseus,head.pitch,25.75,0,0.4,-12.6,12.6,0,0
odysseus,head.pitch,26.25,-0.1,-0.5,-12.6,12.6,0.0001,0
odysseus,head.pitch,26.333,-0.2,-0.6,-12.6,12.6,0.0001,0
odysseus,head.pitch,26.417,-0.2,-0.7,-12.6,12.6,0.0001,0
odysseus,head.pitch,26.5,-0.3,-0.8,-12.6,12.6,0.0001,0
odysseus,head.pitch,26.583,-0.4,-0.8,-12.6,12.6,0.0002,0
odysseus,head.pitch,26.667,-0.4,-0.9,-12.6,12.6,0.0002,0
odysseus,head.pitch,26.75,-0.5,-0.9,-12.6,12.6,0.0002,0
odysseus,head.pitch,26.833,-0.6,-0.9,-12.6,12.6,0.0002,0
odysseus,head.pitch,26.917,-0.7,-0.9,-12.6,12.6,0.0003,0
odysseus,head.pitch,27,-0.8,-1,-12.6,12.6,0.0003,0
odysseus,head.pitch,27.083,-0.8,-0.9,-12.6,12.6,0.0003,0
odysseus,head.pitch,27.167,-0.9,-0.9,-12.6,12.6,0.0004,0
odysseus,head.pitch,27.25,-1,-0.9,-12.6,12.6,0.0004,0
odysseus,head.pitch,27.333,-1.1,-0.9,-12.6,12.6,0.0004,0
odysseus,head.pitch,27.417,-1.1,-0.8,-12.6,12.6,0.0005,0
odysseus,head.pitch,27.5,-1.2,-0.8,-12.6,12.6,0.0005,0
odysseus,head.pitch,27.583,-1.3,-0.7,-12.6,12.6,0.0005,0
odysseus,head.pitch,27.667,-1.3,-0.6,-12.6,12.6,0.0005,0
odysseus,head.pitch,27.75,1.5,33.8,-12.6,12.6,0.0008,0.001
odysseus,head.pitch,27.833,0.7,-9.6,-12.6,12.6,0.0005,0
odysseus,head.pitch,27.917,0.1,-8,-12.6,12.6,0,0
odysseus,head.pitch,28,-0.5,-6.5,-12.6,12.6,0.0002,0
odysseus,head.pitch,28.083,-0.9,-5,-12.6,12.6,0.0004,0
odysseus,head.pitch,28.167,-1.2,-3.4,-12.6,12.6,0.0005,0
odysseus,head.pitch,28.25,-1.3,-1.7,-12.6,12.6,0.0006,0
odysseus,head.pitch,28.333,-1.3,-0.1,-12.6,12.6,0.0006,0
odysseus,head.pitch,28.417,-1.3,0.8,-12.6,12.6,0.0005,0
odysseus,head.pitch,28.5,-1.2,1,-12.6,12.6,0.0005,0
odysseus,head.pitch,28.583,-1.1,1.1,-12.6,12.6,0.0005,0
odysseus,head.pitch,28.667,-1,1.2,-12.6,12.6,0.0004,0
odysseus,head.pitch,28.75,-0.9,1.3,-12.6,12.6,0.0004,0
odysseus,head.pitch,28.833,-0.8,1.3,-12.6,12.6,0.0003,0
odysseus,head.pitch,28.917,-0.7,1.4,-12.6,12.6,0.0003,0
odysseus,head.pitch,29,1.6,26.6,-12.6,12.6,0.0008,0.001
odysseus,head.pitch,29.083,4.8,39.3,-12.6,12.6,0.002,0.003
odysseus,head.pitch,29.167,6.5,20,-12.6,12.6,0.0028,0.002
odysseus,head.pitch,29.25,6.9,5,-12.6,12.6,0.0029,0.001
odysseus,head.pitch,29.333,6,-11.6,-12.6,12.6,0.0025,0.001
odysseus,head.pitch,29.417,4.1,-21.9,-12.6,12.6,0.0017,0.001
odysseus,head.pitch,29.5,3,-13.7,-12.6,12.6,0.0013,0.001
odysseus,head.pitch,29.583,2.7,-3.8,-12.6,12.6,0.0011,0
odysseus,head.pitch,29.667,2.3,-4.5,-12.6,12.6,0.0009,0
odysseus,head.pitch,29.75,1.9,-4.9,-12.6,12.6,0.0008,0
odysseus,head.pitch,29.833,1.5,-5,-12.6,12.6,0.0006,0
odysseus,head.pitch,29.917,1.1,-5,-12.6,12.6,0.0004,0
odysseus,head.pitch,30,0.7,-4.7,-12.6,12.6,0.0003,0
odysseus,head.pitch,30.083,0.3,-4.2,-12.6,12.6,0.0001,0
odysseus,head.pitch,30.167,0,-3.5,-12.6,12.6,0,0
odysseus,head.pitch,30.25,-0.2,-2.5,-12.6,12.6,0.0001,0
odysseus,head.pitch,30.333,-0.3,-1.4,-12.6,12.6,0.0001,0
odysseus,head.pitch,30.417,-0.4,-0.8,-12.6,12.6,0.0002,0
odysseus,head.pitch,30.5,-0.4,-0.9,-12.6,12.6,0.0002,0
odysseus,head.pitch,30.583,-0.5,-0.9,-12.6,12.6,0.0002,0
odysseus,head.pitch,30.667,-0.6,-0.9,-12.6,12.6,0.0002,0
odysseus,head.pitch,30.75,1.9,30,-12.6,12.6,0.0009,0.001
odysseus,head.pitch,30.833,1.2,-7.8,-12.6,12.6,0.0007,0
odysseus,head.pitch,30.917,2.3,12.4,-12.6,12.6,0.001,0
odysseus,head.pitch,31,-0.1,-28.4,-12.6,12.6,0.0002,0
odysseus,head.pitch,31.083,-1.3,-14.7,-12.6,12.6,0.0006,0
odysseus,head.pitch,31.167,-1.5,-2.5,-12.6,12.6,0.0007,0
odysseus,head.pitch,31.25,-1.6,-1.2,-12.6,12.6,0.0007,0
odysseus,head.pitch,31.333,-1.6,0.1,-12.6,12.6,0.0007,0
odysseus,head.pitch,31.417,-1.5,1.2,-12.6,12.6,0.0006,0
odysseus,head.pitch,31.5,-1.3,2.2,-12.6,12.6,0.0005,0
odysseus,head.pitch,31.583,-1.1,2.8,-12.6,12.6,0.0005,0
odysseus,head.pitch,31.667,-0.9,2.9,-12.6,12.6,0.0004,0
odysseus,head.pitch,31.75,-0.6,2.8,-12.6,12.6,0.0003,0
odysseus,head.pitch,31.833,-0.4,2.7,-12.6,12.6,0.0002,0
odysseus,head.pitch,31.917,-0.2,2.4,-12.6,12.6,0.0001,0
odysseus,head.pitch,32,0,2.1,-12.6,12.6,0,0
odysseus,head.pitch,32.083,0.1,1.7,-12.6,12.6,0,0
odysseus,head.pitch,32.167,0.2,1.1,-12.6,12.6,0.0001,0
odysseus,head.pitch,32.25,0.3,0.8,-12.6,12.6,0.0001,0
odysseus,head.pitch,32.333,0.4,1,-12.6,12.6,0.0001,0
odysseus,head.pitch,32.417,0.4,1.1,-12.6,12.6,0.0002,0
odysseus,head.pitch,32.5,0.5,1.2,-12.6,12.6,0.0002,0
odysseus,head.pitch,32.583,0.7,1.3,-12.6,12.6,0.0003,0
odysseus,head.pitch,32.667,0.8,1.3,-12.6,12.6,0.0003,0
odysseus,head.pitch,32.75,0.9,1.4,-12.6,12.6,0.0004,0
odysseus,head.pitch,32.833,1,1.3,-12.6,12.6,0.0004,0
odysseus,head.pitch,32.917,1.1,1.3,-12.6,12.6,0.0005,0
odysseus,head.pitch,33,1.2,1.2,-12.6,12.6,0.0005,0
odysseus,head.pitch,33.083,1.3,1.1,-12.6,12.6,0.0005,0
odysseus,head.pitch,33.167,1.4,1,-12.6,12.6,0.0006,0
odysseus,head.pitch,33.25,1.4,0.8,-12.6,12.6,0.0006,0
odysseus,head.pitch,33.333,1.5,0.6,-12.6,12.6,0.0006,0
odysseus,head.pitch,33.417,1.5,0.4,-12.6,12.6,0.0006,0
odysseus,head.pitch,33.667,2.8,15.7,-12.6,12.6,0.0012,0.001
odysseus,head.pitch,33.75,2.5,-4.5,-12.6,12.6,0.0011,0
odysseus,head.pitch,33.833,2.1,-4,-12.6,12.6,0.0009,0
odysseus,head.pitch,33.917,1.8,-3.4,-12.6,12.6,0.0008,0
odysseus,head.pitch,34,1.6,-2.9,-12.6,12.6,0.0007,0
odysseus,head.pitch,34.083,1.4,-2.3,-12.6,12.6,0.0006,0
odysseus,head.pitch,34.167,1.3,-1.7,-12.6,12.6,0.0005,0
odysseus,head.pitch,34.25,1.2,-1.1,-12.6,12.6,0.0005,0
odysseus,head.pitch,34.333,1.1,-0.9,-12.6,12.6,0.0005,0
odysseus,head.pitch,34.417,1,-0.9,-12.6,12.6,0.0004,0
odysseus,head.pitch,34.5,0.9,-0.9,-12.6,12.6,0.0004,0
odysseus,head.pitch,34.583,0.9,-0.9,-12.6,12.6,0.0004,0
odysseus,head.pitch,34.667,0.8,-1,-12.6,12.6,0.0003,0
odysseus,head.pitch,34.75,0.7,-0.9,-12.6,12.6,0.0003,0
odysseus,head.pitch,34.833,0.6,-0.9,-12.6,12.6,0.0003,0
odysseus,head.pitch,34.917,0.6,-0.9,-12.6,12.6,0.0002,0
odysseus,head.pitch,35,0.5,-0.9,-12.6,12.6,0.0002,0
odysseus,head.pitch,35.083,0.4,-0.8,-12.6,12.6,0.0002,0
odysseus,head.pitch,35.167,0.3,-0.8,-12.6,12.6,0.0001,0
odysseus,head.pitch,35.25,0.3,-0.7,-12.6,12.6,0.0001,0
odysseus,head.pitch,35.333,0.2,-0.6,-12.6,12.6,0.0001,0
odysseus,head.pitch,35.417,0.2,-0.5,-12.6,12.6,0.0001,0
odysseus,head.pitch,35.5,0.2,-0.4,-12.6,12.6,0.0001,0
odysseus,head.pitch,36,1.9,21.2,-12.6,12.6,0.0009,0.001
odysseus,head.pitch,36.083,5.6,44.1,-12.6,12.6,0.0024,0.004
odysseus,head.pitch,36.167,8.2,31.3,-12.6,12.6,0.0034,0.004
odysseus,head.pitch,36.25,7,-14.3,-12.6,12.6,0.0031,0.002
odysseus,head.pitch,36.333,5,-23.7,-12.6,12.6,0.0021,0.002
odysseus,head.pitch,36.417,3.8,-14.6,-12.6,12.6,0.0016,0.001
odysseus,head.pitch,36.5,3.5,-3.9,-12.6,12.6,0.0015,0
odysseus,head.pitch,36.583,3.2,-3.7,-12.6,12.6,0.0013,0
odysseus,head.pitch,36.667,2.9,-3.4,-12.6,12.6,0.0012,0
odysseus,head.pitch,36.75,2.6,-3,-12.6,12.6,0.0011,0
odysseus,head.pitch,36.833,2.4,-2.7,-12.6,12.6,0.001,0
odysseus,head.pitch,36.917,2.2,-2.7,-12.6,12.6,0.0009,0
odysseus,head.pitch,37,2,-2.5,-12.6,12.6,0.0008,0
odysseus,head.pitch,37.083,1.8,-2.2,-12.6,12.6,0.0007,0
odysseus,head.pitch,37.167,1.7,-1.7,-12.6,12.6,0.0007,0
odysseus,head.pitch,37.25,1.6,-1.1,-12.6,12.6,0.0007,0
odysseus,head.pitch,37.333,1.5,-0.4,-12.6,12.6,0.0006,0
odysseus,head.pitch,37.75,3.3,22.4,-12.6,12.6,0.0015,0.001
odysseus,head.pitch,37.833,4.4,13.1,-12.6,12.6,0.0019,0.001
odysseus,head.pitch,37.917,6.5,24.5,-12.6,12.6,0.0027,0.002
odysseus,head.pitch,38,6.5,0.9,-12.6,12.6,0.0028,0
odysseus,head.pitch,38.083,5.2,-16.6,-12.6,12.6,0.0022,0.001
odysseus,head.pitch,38.167,4.1,-12.1,-12.6,12.6,0.0017,0.001
odysseus,head.pitch,38.25,3.9,-2.4,-12.6,12.6,0.0017,0
odysseus,head.pitch,38.333,3.7,-3.3,-12.6,12.6,0.0015,0
odysseus,head.pitch,38.417,3.3,-3.9,-12.6,12.6,0.0014,0
odysseus,head.pitch,38.5,3,-4.4,-12.6,12.6,0.0012,0
odysseus,head.pitch,38.583,2.6,-4.7,-12.6,12.6,0.0011,0
odysseus,head.pitch,38.667,3.5,11,-12.6,12.6,0.0015,0.001
odysseus,head.pitch,38.75,2.7,-9.1,-12.6,12.6,0.0012,0
odysseus,head.pitch,38.833,2.1,-8.2,-12.6,12.6,0.0008,0
odysseus,head.pitch,38.917,1.5,-7.2,-12.6,12.6,0.0006,0
odysseus,head.pitch,39,1,-6,-12.6,12.6,0.0004,0
odysseus,head.pitch,39.083,0.6,-4.6,-12.6,12.6,0.0002,0
odysseus,head.pitch,39.167,0.3,-3.1,-12.6,12.6,0.0001,0
odysseus,head.pitch,39.25,0.2,-1.4,-12.6,12.6,0.0001,0
odysseus,head.pitch,39.333,0.2,-0.4,-12.6,12.6,0.0001,0
odysseus,head.pitch,39.833,0.2,0.6,-12.6,12.6,0.0001,0
odysseus,head.pitch,39.917,0.3,0.8,-12.6,12.6,0.0001,0
odysseus,head.pitch,40,0.4,1,-12.6,12.6,0.0001,0
odysseus,head.pitch,40.083,0.4,1.1,-12.6,12.6,0.0002,0
odysseus,head.pitch,40.167,0.5,1.2,-12.6,12.6,0.0002,0
odysseus,head.pitch,40.25,0.7,1.3,-12.6,12.6,0.0003,0
odysseus,head.pitch,40.333,0.8,1.3,-12.6,12.6,0.0003,0
odysseus,head.pitch,40.417,0.9,1.4,-12.6,12.6,0.0004,0
odysseus,head.pitch,40.5,1,1.3,-12.6,12.6,0.0004,0
odysseus,head.pitch,40.583,1.1,1.3,-12.6,12.6,0.0005,0
odysseus,head.pitch,40.667,1.2,1.2,-12.6,12.6,0.0005,0
odysseus,head.pitch,40.75,1.3,1.1,-12.6,12.6,0.0005,0
odysseus,head.pitch,40.833,1.4,1,-12.6,12.6,0.0006,0
odysseus,head.pitch,40.917,1.4,0.8,-12.6,12.6,0.0006,0
odysseus,head.pitch,41,1.5,0.6,-12.6,12.6,0.0006,0
odysseus,head.pitch,41.083,1.5,0.4,-12.6,12.6,0.0006,0
odysseus,head.pitch,41.25,2.9,15.8,-12.6,12.6,0.0013,0.001
odysseus,head.pitch,41.333,2.5,-4.4,-12.6,12.6,0.0011,0
odysseus,head.pitch,41.417,2.2,-3.9,-12.6,12.6,0.0009,0
odysseus,head.pitch,41.5,1.9,-3.3,-12.6,12.6,0.0008,0
odysseus,head.pitch,41.583,1.7,-2.8,-12.6,12.6,0.0007,0
odysseus,head.pitch,41.667,1.5,-2.2,-12.6,12.6,0.0006,0
odysseus,head.pitch,41.75,1.3,-1.7,-12.6,12.6,0.0005,0
odysseus,head.pitch,41.833,1.2,-1.1,-12.6,12.6,0.0005,0
odysseus,head.pitch,41.917,1.2,-0.8,-12.6,12.6,0.0005,0
odysseus,head.pitch,42,1.1,-0.9,-12.6,12.6,0.0005,0
odysseus,head.pitch,42.083,1,-0.9,-12.6,12.6,0.0004,0
odysseus,head.pitch,42.167,0.9,-0.9,-12.6,12.6,0.0004,0
odysseus,head.pitch,42.25,0.9,-0.9,-12.6,12.6,0.0004,0
odysseus,head.pitch,42.333,0.8,-1,-12.6,12.6,0.0003,0
odysseus,head.pitch,42.417,0.7,-0.9,-12.6,12.6,0.0003,0
odysseus,head.pitch,42.5,0.6,-0.9,-12.6,12.6,0.0003,0
odysseus,head.pitch,42.583,0.6,-0.9,-12.6,12.6,0.0002,0
odysseus,head.pitch,42.667,0.5,-0.9,-12.6,12.6,0.0002,0
odysseus,head.pitch,42.75,1.6,12.9,-12.6,12.6,0.0007,0
odysseus,head.pitch,42.833,1.5,-0.8,-12.6,12.6,0.0007,0
odysseus,head.pitch,42.917,0.3,-14.8,-12.6,12.6,0.0002,0
odysseus,head.pitch,43,-1.4,-20.1,-12.6,12.6,0.0006,0
odysseus,head.pitch,43.083,-2.3,-10.1,-12.6,12.6,0.001,0
odysseus,head.pitch,43.167,-2.2,1.3,-12.6,12.6,0.0009,0
odysseus,head.pitch,43.25,-2,1.9,-12.6,12.6,0.0008,0
odysseus,head.pitch,43.333,-1.8,2.4,-12.6,12.6,0.0007,0
odysseus,head.pitch,43.417,-1.6,2.8,-12.6,12.6,0.0006,0
odysseus,head.pitch,43.5,-1.3,3.2,-12.6,12.6,0.0005,0
odysseus,head.pitch,43.583,-1,3.5,-12.6,12.6,0.0004,0
odysseus,head.pitch,43.667,-0.7,3.7,-12.6,12.6,0.0003,0
odysseus,head.pitch,43.75,-0.4,3.7,-12.6,12.6,0.0002,0
odysseus,head.pitch,43.833,-0.1,3.6,-12.6,12.6,0,0
odysseus,head.pitch,43.917,0.2,3.3,-12.6,12.6,0.0001,0
odysseus,head.pitch,44,0.4,2.9,-12.6,12.6,0.0002,0
odysseus,head.pitch,44.083,0.6,2.4,-12.6,12.6,0.0003,0
odysseus,head.pitch,44.167,0.8,1.7,-12.6,12.6,0.0003,0
odysseus,head.pitch,44.25,0.9,1.4,-12.6,12.6,0.0004,0
odysseus,head.pitch,44.333,2.3,17.2,-12.6,12.6,0.001,0.001
odysseus,head.pitch,44.417,4,20,-12.6,12.6,0.0016,0.001
odysseus,head.pitch,44.5,4.9,11.4,-12.6,12.6,0.0021,0.001
odysseus,head.pitch,44.583,5.2,2.8,-12.6,12.6,0.0022,0
odysseus,head.pitch,44.667,6.5,15.9,-12.6,12.6,0.0027,0.002
odysseus,head.pitch,44.75,5.5,-11.4,-12.6,12.6,0.0024,0.001
odysseus,head.pitch,44.833,4.6,-11.5,-12.6,12.6,0.0019,0.001
odysseus,head.pitch,44.917,4.5,-1.3,-12.6,12.6,0.0019,0
odysseus,head.pitch,45,4.3,-1.9,-12.6,12.6,0.0018,0
odysseus,head.pitch,45.083,4.1,-2.7,-12.6,12.6,0.0017,0
odysseus,head.pitch,45.167,3.8,-3.3,-12.6,12.6,0.0016,0
odysseus,head.pitch,45.25,3.5,-3.8,-12.6,12.6,0.0014,0
odysseus,head.pitch,45.333,3.2,-4.1,-12.6,12.6,0.0013,0
odysseus,head.pitch,45.417,2.8,-4.2,-12.6,12.6,0.0012,0
odysseus,head.pitch,45.5,2.4,-4.3,-12.6,12.6,0.001,0
odysseus,head.pitch,45.583,2.1,-4.1,-12.6,12.6,0.0009,0
odysseus,head.pitch,45.667,1.8,-3.9,-12.6,12.6,0.0007,0
odysseus,head.pitch,45.75,1.5,-3.5,-12.6,12.6,0.0006,0
odysseus,head.pitch,45.833,1.2,-2.9,-12.6,12.6,0.0005,0
odysseus,head.pitch,45.917,1.1,-2.2,-12.6,12.6,0.0004,0
odysseus,head.pitch,46,0.9,-1.4,-12.6,12.6,0.0004,0
odysseus,head.pitch,46.083,0.9,-0.9,-12.6,12.6,0.0004,0
odysseus,head.pitch,46.167,0.8,-1,-12.6,12.6,0.0003,0
odysseus,head.pitch,46.25,0.7,-0.9,-12.6,12.6,0.0003,0
odysseus,head.pitch,46.333,0.6,-0.9,-12.6,12.6,0.0003,0
odysseus,head.pitch,46.417,0.6,-0.9,-12.6,12.6,0.0002,0
odysseus,head.pitch,46.5,0.5,-0.9,-12.6,12.6,0.0002,0
odysseus,head.pitch,46.583,0.4,-0.8,-12.6,12.6,0.0002,0
odysseus,head.pitch,46.667,0.3,-0.8,-12.6,12.6,0.0001,0
odysseus,head.pitch,46.75,0.3,-0.7,-12.6,12.6,0.0001,0
odysseus,head.pitch,46.833,0.2,-0.6,-12.6,12.6,0.0001,0
odysseus,head.pitch,46.917,0.2,-0.5,-12.6,12.6,0.0001,0
odysseus,head.pitch,47,0.2,-0.4,-12.6,12.6,0.0001,0
odysseus,head.pitch,47.167,1.4,15.7,-12.6,12.6,0.0007,0
odysseus,head.pitch,47.25,0.9,-6.8,-12.6,12.6,0.0005,0
odysseus,head.pitch,47.333,0.4,-5.5,-12.6,12.6,0.0002,0
odysseus,head.pitch,47.417,0.1,-4.2,-12.6,12.6,0,0
odysseus,head.pitch,47.5,-0.2,-3,-12.6,12.6,0.0001,0
odysseus,head.pitch,47.583,-0.3,-1.8,-12.6,12.6,0.0001,0
odysseus,head.pitch,47.667,-0.4,-0.6,-12.6,12.6,0.0002,0
odysseus,head.pitch,47.75,-0.3,0.6,-12.6,12.6,0.0001,0
odysseus,head.pitch,47.833,-0.2,1.2,-12.6,12.6,0.0001,0
odysseus,head.pitch,47.917,-0.1,1.3,-12.6,12.6,0.0001,0
odysseus,head.pitch,48,0,1.3,-12.6,12.6,0,0
odysseus,head.pitch,48.083,0.1,1.4,-12.6,12.6,0,0
odysseus,head.pitch,48.167,0.2,1.3,-12.6,12.6,0.0001,0
odysseus,head.pitch,48.25,0.3,1.3,-12.6,12.6,0.0001,0
odysseus,head.pitch,48.333,0.4,1.2,-12.6,12.6,0.0002,0
odysseus,head.pitch,48.417,0.5,1.1,-12.6,12.6,0.0002,0
odysseus,head.pitch,48.5,0.6,1,-12.6,12.6,0.0002,0
odysseus,head.pitch,48.583,0.7,0.8,-12.6,12.6,0.0003,0
odysseus,head.pitch,48.667,0.7,0.6,-12.6,12.6,0.0003,0
odysseus,head.pitch,48.75,0.8,0.4,-12.6,12.6,0.0003,0
odysseus,head.pitch,49.25,0.6,-0.5,-12.6,12.6,0.0003,0
odysseus,head.pitch,49.333,0.6,-0.6,-12.6,12.6,0.0002,0
odysseus,head.pitch,49.417,0.5,-0.7,-12.6,12.6,0.0002,0
odysseus,head.pitch,49.5,2.6,24.5,-12.6,12.6,0.0012,0.001
odysseus,head.pitch,49.583,1.7,-9.9,-12.6,12.6,0.0009,0
odysseus,head.pitch,49.667,1,-8.6,-12.6,12.6,0.0004,0
odysseus,head.pitch,49.75,0.4,-7.2,-12.6,12.6,0.0002,0
odysseus,head.pitch,49.833,-0.1,-5.8,-12.6,12.6,0,0
odysseus,head.pitch,49.917,-0.4,-4.5,-12.6,12.6,0.0002,0
odysseus,head.pitch,50,-0.7,-3.1,-12.6,12.6,0.0003,0
odysseus,head.pitch,50.083,-0.8,-1.7,-12.6,12.6,0.0004,0
odysseus,head.pitch,50.167,-0.9,-0.9,-12.6,12.6,0.0004,0
odysseus,head.pitch,50.25,-1,-0.9,-12.6,12.6,0.0004,0
odysseus,head.pitch,50.333,-1.1,-0.9,-12.6,12.6,0.0004,0
odysseus,head.pitch,50.417,-1.1,-0.8,-12.6,12.6,0.0005,0
odysseus,head.pitch,50.5,-1.2,-0.8,-12.6,12.6,0.0005,0
odysseus,head.pitch,50.583,-1.3,-0.7,-12.6,12.6,0.0005,0
odysseus,head.pitch,50.667,-1.3,-0.6,-12.6,12.6,0.0005,0
odysseus,head.pitch,50.75,-1.3,-0.5,-12.6,12.6,0.0006,0
odysseus,head.pitch,50.833,-1.4,-0.4,-12.6,12.6,0.0006,0
odysseus,head.pitch,51.333,-1.3,0.6,-12.6,12.6,0.0006,0
odysseus,head.pitch,51.417,-1.3,0.7,-12.6,12.6,0.0005,0
odysseus,head.pitch,51.5,-1.2,0.9,-12.6,12.6,0.0005,0
odysseus,head.pitch,51.583,-1.1,1,-12.6,12.6,0.0005,0
odysseus,head.pitch,51.667,-1,1.1,-12.6,12.6,0.0004,0
odysseus,head.pitch,51.75,-0.9,1.2,-12.6,12.6,0.0004,0
odysseus,head.pitch,51.833,-0.8,1.3,-12.6,12.6,0.0003,0
odysseus,head.pitch,51.917,-0.7,1.3,-12.6,12.6,0.0003,0
odysseus,head.pitch,52,-0.6,1.3,-12.6,12.6,0.0003,0
odysseus,head.pitch,52.083,-0.5,1.3,-12.6,12.6,0.0002,0
odysseus,head.pitch,52.167,-0.4,1.2,-12.6,12.6,0.0002,0
odysseus,head.pitch,52.25,-0.3,1.1,-12.6,12.6,0.0001,0
odysseus,head.pitch,52.333,-0.2,1,-12.6,12.6,0.0001,0
odysseus,head.pitch,52.417,-0.1,0.9,-12.6,12.6,0.0001,0
odysseus,head.pitch,52.5,-0.1,0.7,-12.6,12.6,0,0
odysseus,head.pitch,52.583,0,0.6,-12.6,12.6,0,0
odysseus,head.pitch,52.667,0,0.4,-12.6,12.6,0,0
odysseus,head.pitch,52.75,2.9,34.5,-12.6,12.6,0.0013,0.002
odysseus,head.pitch,52.833,2.1,-9.2,-12.6,12.6,0.0011,0
odysseus,head.pitch,52.917,1.4,-7.9,-12.6,12.6,0.0006,0
odysseus,head.pitch,53,0.9,-6.7,-12.6,12.6,0.0004,0
odysseus,head.pitch,53.083,0.4,-5.4,-12.6,12.6,0.0002,0
odysseus,head.pitch,53.167,0.1,-4.1,-12.6,12.6,0,0
odysseus,head.pitch,53.25,-0.1,-2.8,-12.6,12.6,0.0001,0
odysseus,head.pitch,53.333,-0.3,-1.4,-12.6,12.6,0.0001,0
odysseus,head.pitch,53.417,-0.3,-0.8,-12.6,12.6,0.0001,0
odysseus,head.pitch,53.5,-0.4,-0.9,-12.6,12.6,0.0002,0
odysseus,head.pitch,53.583,-0.5,-0.9,-12.6,12.6,0.0002,0
odysseus,head.pitch,53.667,-0.6,-1,-12.6,12.6,0.0002,0
odysseus,head.pitch,53.75,-0.6,-1,-12.6,12.6,0.0003,0
odysseus,head.pitch,53.833,-0.7,-1,-12.6,12.6,0.0003,0
odysseus,head.pitch,53.917,-0.8,-1,-12.6,12.6,0.0003,0
odysseus,head.pitch,54,-0.9,-1,-12.6,12.6,0.0004,0
odysseus,head.pitch,54.083,-1,-1,-12.6,12.6,0.0004,0
odysseus,head.pitch,54.167,-1,-0.9,-12.6,12.6,0.0004,0
odysseus,head.pitch,54.25,-1.1,-0.9,-12.6,12.6,0.0005,0
odysseus,head.pitch,54.333,-1.2,-0.8,-12.6,12.6,0.0005,0
odysseus,head.pitch,54.417,-1.2,-0.7,-12.6,12.6,0.0005,0
odysseus,head.pitch,54.5,-1.3,-0.7,-12.6,12.6,0.0005,0
odysseus,head.pitch,54.583,-1.3,-0.6,-12.6,12.6,0.0006,0
odysseus,head.pitch,54.667,-1.4,-0.5,-12.6,12.6,0.0006,0
odysseus,head.pitch,55.083,1.5,34.7,-12.6,12.6,0.0008,0.001
odysseus,head.pitch,55.167,0.8,-7.5,-12.6,12.6,0.0006,0
odysseus,head.pitch,55.25,0.3,-6.2,-12.6,12.6,0.0001,0
odysseus,head.pitch,55.333,-0.1,-5,-12.6,12.6,0,0
odysseus,head.pitch,55.417,-0.4,-3.8,-12.6,12.6,0.0002,0
odysseus,head.pitch,55.5,-0.6,-2.6,-12.6,12.6,0.0003,0
odysseus,head.pitch,55.583,-0.7,-1.5,-12.6,12.6,0.0003,0
odysseus,head.pitch,55.667,-0.8,-0.4,-12.6,12.6,0.0003,0
odysseus,head.pitch,55.75,-0.7,0.7,-12.6,12.6,0.0003,0
odysseus,head.pitch,55.833,-0.6,1.3,-12.6,12.6,0.0003,0
odysseus,head.pitch,55.917,-0.5,1.3,-12.6,12.6,0.0002,0
odysseus,head.pitch,56,-0.4,1.2,-12.6,12.6,0.0002,0
odysseus,head.pitch,56.083,-0.3,1.1,-12.6,12.6,0.0001,0
odysseus,head.pitch,56.167,-0.2,1,-12.6,12.6,0.0001,0
odysseus,head.pitch,56.25,-0.1,0.9,-12.6,12.6,0.0001,0
odysseus,head.pitch,56.333,-0.1,0.7,-12.6,12.6,0,0
odysseus,head.pitch,56.417,0,0.6,-12.6,12.6,0,0
odysseus,head.pitch,56.5,0,0.4,-12.6,12.6,0,0
odysseus,head.pitch,57,-0.1,-0.6,-12.6,12.6,0.0001,0
odysseus,head.pitch,57.083,-0.2,-0.7,-12.6,12.6,0.0001,0
odysseus,head.pitch,57.167,-0.3,-0.7,-12.6,12.6,0.0001,0
odysseus,head.pitch,57.25,-0.3,-0.8,-12.6,12.6,0.0001,0
odysseus,head.pitch,57.333,-0.4,-0.9,-12.6,12.6,0.0002,0
odysseus,head.pitch,57.417,-0.5,-0.9,-12.6,12.6,0.0002,0
odysseus,head.pitch,57.5,-0.6,-1,-12.6,12.6,0.0002,0
odysseus,head.pitch,57.583,-0.6,-1,-12.6,12.6,0.0003,0
odysseus,head.pitch,57.667,-0.7,-1,-12.6,12.6,0.0003,0
odysseus,head.pitch,57.75,-0.8,-1,-12.6,12.6,0.0003,0
odysseus,head.pitch,57.833,-0.9,-1,-12.6,12.6,0.0004,0
odysseus,head.pitch,57.917,-1,-1,-12.6,12.6,0.0004,0
odysseus,head.pitch,58,-1,-0.9,-12.6,12.6,0.0004,0
odysseus,head.pitch,58.083,-1.1,-0.9,-12.6,12.6,0.0005,0
odysseus,head.pitch,58.167,-1.2,-0.8,-12.6,12.6,0.0005,0
odysseus,head.pitch,58.25,-1.2,-0.7,-12.6,12.6,0.0005,0
odysseus,head.pitch,58.333,1.6,33.7,-12.6,12.6,0.0008,0.001
odysseus,head.pitch,58.417,0.8,-9.7,-12.6,12.6,0.0005,0
odysseus,head.pitch,58.5,0.1,-8.2,-12.6,12.6,0,0
odysseus,head.pitch,58.583,-0.5,-6.7,-12.6,12.6,0.0002,0
odysseus,head.pitch,58.667,-0.9,-5.1,-12.6,12.6,0.0004,0
odysseus,head.pitch,58.75,-1.2,-3.6,-12.6,12.6,0.0005,0
odysseus,head.pitch,58.833,-1.4,-2,-12.6,12.6,0.0006,0
odysseus,head.pitch,58.917,-1.4,-0.3,-12.6,12.6,0.0006,0
odysseus,head.pitch,59,-1.3,0.6,-12.6,12.6,0.0006,0
odysseus,head.pitch,59.083,-1.3,0.7,-12.6,12.6,0.0005,0
odysseus,head.pitch,59.167,-1.2,0.9,-12.6,12.6,0.0005,0
odysseus,head.pitch,59.25,-1.1,1,-12.6,12.6,0.0005,0
odysseus,head.pitch,59.333,-1,1.1,-12.6,12.6,0.0004,0
odysseus,head.pitch,59.417,-0.9,1.2,-12.6,12.6,0.0004,0
odysseus,head.pitch,59.5,-0.8,1.3,-12.6,12.6,0.0003,0
odysseus,head.pitch,59.583,-0.7,1.3,-12.6,12.6,0.0003,0
odysseus,head.pitch,59.667,-0.6,1.3,-12.6,12.6,0.0003,0
odysseus,head.pitch,59.75,-0.5,1.3,-12.6,12.6,0.0002,0
odysseus,head.pitch,59.833,-0.4,1.2,-12.6,12.6,0.0002,0
odysseus,head.pitch,59.917,-0.3,1.1,-12.6,12.6,0.0001,0
odysseus,head.pitch,60,-0.2,1,-12.6,12.6,0.0001,0
odysseus,head.pitch,60.083,-0.1,0.9,-12.6,12.6,0.0001,0
odysseus,head.pitch,60.167,-0.1,0.7,-12.6,12.6,0,0
odysseus,head.pitch,60.25,0,0.6,-12.6,12.6,0,0
odysseus,head.pitch,60.333,0,0.4,-12.6,12.6,0,0
odysseus,head.pitch,60.75,2.8,33.9,-12.6,12.6,0.0013,0.002
odysseus,head.pitch,60.833,2,-9.7,-12.6,12.6,0.001,0
odysseus,head.pitch,60.917,1.3,-8.4,-12.6,12.6,0.0005,0
odysseus,head.pitch,61,0.7,-7.1,-12.6,12.6,0.0003,0
odysseus,head.pitch,61.083,0.2,-5.7,-12.6,12.6,0.0001,0
odysseus,head.pitch,61.167,-0.2,-4.4,-12.6,12.6,0.0001,0
odysseus,head.pitch,61.25,-0.4,-3,-12.6,12.6,0.0002,0
odysseus,head.pitch,61.333,-0.6,-1.7,-12.6,12.6,0.0002,0
odysseus,head.pitch,61.417,-0.6,-1,-12.6,12.6,0.0003,0
odysseus,head.pitch,61.5,-0.7,-1,-12.6,12.6,0.0003,0
odysseus,head.pitch,61.583,-0.8,-1,-12.6,12.6,0.0003,0
odysseus,head.pitch,61.667,-0.9,-1,-12.6,12.6,0.0004,0
odysseus,head.pitch,61.75,-1,-1,-12.6,12.6,0.0004,0
odysseus,head.pitch,61.833,-1,-0.9,-12.6,12.6,0.0004,0
odysseus,head.pitch,61.917,-1.1,-0.9,-12.6,12.6,0.0005,0
odysseus,head.pitch,62,-1.2,-0.8,-12.6,12.6,0.0005,0
odysseus,head.pitch,62.083,-1.2,-0.7,-12.6,12.6,0.0005,0
odysseus,head.pitch,62.167,-1.3,-0.7,-12.6,12.6,0.0005,0
odysseus,head.pitch,62.25,-1.3,-0.6,-12.6,12.6,0.0006,0
odysseus,head.pitch,62.333,-1.4,-0.5,-12.6,12.6,0.0006,0
odysseus,head.pitch,62.833,-1.3,0.6,-12.6,12.6,0.0006,0
odysseus,head.pitch,62.917,-1.3,0.7,-12.6,12.6,0.0005,0
odysseus,head.pitch,63,-1.2,0.9,-12.6,12.6,0.0005,0
odysseus,head.pitch,63.083,-1.1,1,-12.6,12.6,0.0005,0
odysseus,head.pitch,63.167,-1,1.1,-12.6,12.6,0.0004,0
odysseus,head.pitch,63.25,-0.9,1.2,-12.6,12.6,0.0004,0
odysseus,head.pitch,63.333,-0.8,1.3,-12.6,12.6,0.0003,0
odysseus,head.pitch,63.417,-0.7,1.3,-12.6,12.6,0.0003,0
odysseus,head.pitch,63.5,-0.6,1.3,-12.6,12.6,0.0003,0
odysseus,head.pitch,63.583,-0.5,1.3,-12.6,12.6,0.0002,0
odysseus,head.pitch,63.667,-0.4,1.2,-12.6,12.6,0.0002,0
odysseus,head.pitch,63.75,-0.3,1.1,-12.6,12.6,0.0001,0
odysseus,head.pitch,63.833,-0.2,1,-12.6,12.6,0.0001,0
odysseus,head.pitch,63.917,2.7,35.3,-12.6,12.6,0.0013,0.002
odysseus,head.pitch,64,2,-8.4,-12.6,12.6,0.001,0
odysseus,head.pitch,64.083,1.4,-7.2,-12.6,12.6,0.0006,0
odysseus,head.pitch,64.167,0.9,-6,-12.6,12.6,0.0004,0
odysseus,head.pitch,64.25,0.5,-4.8,-12.6,12.6,0.0002,0
odysseus,head.pitch,64.333,0.2,-3.6,-12.6,12.6,0.0001,0
odysseus,head.pitch,64.417,0,-2.3,-12.6,12.6,0,0
odysseus,head.pitch,64.5,-0.1,-1,-12.6,12.6,0,0
odysseus,head.pitch,64.583,-0.1,-0.5,-12.6,12.6,0,0
odysseus,head.pitch,64.667,-0.1,-0.6,-12.6,12.6,0.0001,0
odysseus,head.pitch,64.75,-0.2,-0.7,-12.6,12.6,0.0001,0
odysseus,head.pitch,64.833,-0.3,-0.7,-12.6,12.6,0.0001,0
odysseus,head.pitch,64.917,-0.3,-0.8,-12.6,12.6,0.0001,0
odysseus,head.pitch,65,-0.4,-0.9,-12.6,12.6,0.0002,0
odysseus,head.pitch,65.083,-0.5,-0.9,-12.6,12.6,0.0002,0
odysseus,head.pitch,65.167,-0.6,-1,-12.6,12.6,0.0002,0
odysseus,head.pitch,65.25,-0.6,-1,-12.6,12.6,0.0003,0
odysseus,head.pitch,65.333,-0.7,-1,-12.6,12.6,0.0003,0
odysseus,head.pitch,65.417,-0.8,-1,-12.6,12.6,0.0003,0
odysseus,head.pitch,65.5,-0.9,-1,-12.6,12.6,0.0004,0
odysseus,head.pitch,65.583,-1,-1,-12.6,12.6,0.0004,0
odysseus,head.pitch,65.667,-1,-0.9,-12.6,12.6,0.0004,0
odysseus,head.pitch,65.75,-1.1,-0.9,-12.6,12.6,0.0005,0
odysseus,head.pitch,65.833,-1.2,-0.8,-12.6,12.6,0.0005,0
odysseus,head.pitch,65.917,-1.2,-0.7,-12.6,12.6,0.0005,0
odysseus,head.pitch,66,-1.3,-0.7,-12.6,12.6,0.0005,0
odysseus,head.pitch,66.083,-1.3,-0.6,-12.6,12.6,0.0006,0
odysseus,head.pitch,66.167,-1.4,-0.5,-12.6,12.6,0.0006,0
odysseus,head.pitch,66.667,-1.3,0.6,-12.6,12.6,0.0006,0
odysseus,head.pitch,66.75,-1.3,0.7,-12.6,12.6,0.0005,0
odysseus,head.pitch,66.833,-1.2,0.9,-12.6,12.6,0.0005,0
odysseus,head.pitch,66.917,1.7,35.4,-12.6,12.6,0.0009,0.001
odysseus,head.pitch,67,1.1,-8,-12.6,12.6,0.0007,0
odysseus,head.pitch,67.083,0.5,-6.5,-12.6,12.6,0.0002,0
odysseus,head.pitch,67.167,0.1,-5.1,-12.6,12.6,0.0001,0
odysseus,head.pitch,67.25,-0.2,-3.6,-12.6,12.6,0.0001,0
odysseus,head.pitch,67.333,-0.4,-2.2,-12.6,12.6,0.0002,0
odysseus,head.pitch,67.417,-0.4,-0.8,-12.6,12.6,0.0002,0
odysseus,head.pitch,67.5,-0.4,0.5,-12.6,12.6,0.0002,0
odysseus,head.pitch,67.583,-0.3,1.1,-12.6,12.6,0.0001,0
odysseus,head.pitch,67.667,-0.2,1,-12.6,12.6,0.0001,0
odysseus,head.pitch,67.75,-0.1,0.9,-12.6,12.6,0.0001,0
odysseus,head.pitch,67.833,-0.1,0.7,-12.6,12.6,0,0
odysseus,head.pitch,67.917,0,0.6,-12.6,12.6,0,0
odysseus,head.pitch,68,0,0.4,-12.6,12.6,0,0
odysseus,head.pitch,68.5,-0.1,-0.6,-12.6,12.6,0.0001,0
odysseus,head.pitch,68.583,-0.2,-0.7,-12.6,12.6,0.0001,0
odysseus,head.pitch,68.667,-0.3,-0.7,-12.6,12.6,0.0001,0
odysseus,head.pitch,68.75,-0.3,-0.8,-12.6,12.6,0.0001,0
odysseus,head.pitch,68.833,-0.4,-0.9,-12.6,12.6,0.0002,0
odysseus,head.pitch,68.917,-0.5,-0.9,-12.6,12.6,0.0002,0
odysseus,head.pitch,69,-0.6,-1,-12.6,12.6,0.0002,0
odysseus,head.pitch,69.083,-0.6,-1,-12.6,12.6,0.0003,0
odysseus,head.pitch,69.167,-0.7,-1,-12.6,12.6,0.0003,0
odysseus,head.pitch,69.25,-0.8,-1,-12.6,12.6,0.0003,0
odysseus,head.pitch,69.333,-0.9,-1,-12.6,12.6,0.0004,0
odysseus,head.pitch,69.417,-1,-1,-12.6,12.6,0.0004,0
odysseus,head.pitch,69.5,1.8,33.5,-12.6,12.6,0.0009,0.001
odysseus,head.pitch,69.583,1,-10,-12.6,12.6,0.0006,0
odysseus,head.pitch,69.667,0.3,-8.5,-12.6,12.6,0.0001,0
odysseus,head.pitch,69.75,-0.3,-7.1,-12.6,12.6,0.0001,0
odysseus,head.pitch,69.833,-0.8,-5.6,-12.6,12.6,0.0003,0
odysseus,head.pitch,69.917,-1.1,-4.1,-12.6,12.6,0.0005,0
odysseus,head.pitch,70,-1.3,-2.6,-12.6,12.6,0.0006,0
odysseus,head.pitch,70.083,-1.4,-1,-12.6,12.6,0.0006,0
odysseus,head.pitch,70.167,-1.4,-0.2,-12.6,12.6,0.0006,0
odysseus,head.pitch,70.5,-1.3,0.6,-12.6,12.6,0.0006,0
odysseus,head.pitch,70.583,-1.3,0.7,-12.6,12.6,0.0005,0
odysseus,head.pitch,70.667,-1.2,0.9,-12.6,12.6,0.0005,0
odysseus,head.pitch,70.75,-1.1,1,-12.6,12.6,0.0005,0
odysseus,head.pitch,70.833,-1,1.1,-12.6,12.6,0.0004,0
odysseus,head.pitch,70.917,-0.9,1.2,-12.6,12.6,0.0004,0
odysseus,head.pitch,71,-0.8,1.3,-12.6,12.6,0.0003,0
odysseus,head.pitch,71.083,-0.7,1.3,-12.6,12.6,0.0003,0
odysseus,head.pitch,71.167,-0.6,1.3,-12.6,12.6,0.0003,0
odysseus,head.pitch,71.25,-0.5,1.3,-12.6,12.6,0.0002,0
odysseus,head.pitch,71.333,-0.4,1.2,-12.6,12.6,0.0002,0
odysseus,head.pitch,71.417,-0.3,1.1,-12.6,12.6,0.0001,0
odysseus,head.pitch,71.5,-0.2,1,-12.6,12.6,0.0001,0
odysseus,head.pitch,71.583,-0.1,0.9,-12.6,12.6,0.0001,0
odysseus,head.pitch,71.667,-0.1,0.7,-12.6,12.6,0,0
odysseus,head.pitch,71.75,0,0.6,-12.6,12.6,0,0
odysseus,head.pitch,71.833,0,0.4,-12.6,12.6,0,0
odysseus,head.pitch,72.167,2.8,34,-12.6,12.6,0.0013,0.002
odysseus,head.pitch,72.25,2.1,-8.5,-12.6,12.6,0.0011,0
odysseus,head.pitch,72.333,1.5,-7.6,-12.6,12.6,0.0006,0
odysseus,head.pitch,72.417,0.9,-6.6,-12.6,12.6,0.0004,0
odysseus,head.pitch,72.5,0.5,-5.6,-12.6,12.6,0.0002,0
odysseus,head.pitch,72.583,0.1,-4.6,-12.6,12.6,0,0
odysseus,head.pitch,72.667,-0.2,-3.6,-12.6,12.6,0.0001,0
odysseus,head.pitch,72.75,-0.4,-2.5,-12.6,12.6,0.0002,0
odysseus,head.pitch,72.833,-0.6,-1.5,-12.6,12.6,0.0002,0
odysseus,head.pitch,72.917,-0.6,-1,-12.6,12.6,0.0003,0
odysseus,head.pitch,73,-0.7,-1,-12.6,12.6,0.0003,0
odysseus,head.pitch,73.083,-0.8,-1,-12.6,12.6,0.0003,0
odysseus,head.pitch,73.167,-0.9,-1,-12.6,12.6,0.0004,0
odysseus,head.pitch,73.25,-1,-1,-12.6,12.6,0.0004,0
odysseus,head.pitch,73.333,-1,-0.9,-12.6,12.6,0.0004,0
odysseus,head.pitch,73.417,-1.1,-0.9,-12.6,12.6,0.0005,0
odysseus,head.pitch,73.5,-1.2,-0.8,-12.6,12.6,0.0005,0
odysseus,head.pitch,73.583,-1.2,-0.7,-12.6,12.6,0.0005,0
odysseus,head.pitch,73.667,-1.3,-0.7,-12.6,12.6,0.0005,0
odysseus,head.pitch,73.75,-1.3,-0.6,-12.6,12.6,0.0006,0
odysseus,head.pitch,73.833,-1.4,-0.5,-12.6,12.6,0.0006,0
odysseus,head.pitch,74.333,-1.3,0.6,-12.6,12.6,0.0006,0
odysseus,head.pitch,74.417,-1.3,0.7,-12.6,12.6,0.0005,0
odysseus,head.pitch,74.5,-1.2,0.9,-12.6,12.6,0.0005,0
odysseus,head.pitch,74.583,-1.1,1,-12.6,12.6,0.0005,0
odysseus,head.pitch,74.667,-1,1.1,-12.6,12.6,0.0004,0
odysseus,head.pitch,74.75,-0.9,1.2,-12.6,12.6,0.0004,0
odysseus,head.pitch,74.833,2,35.6,-12.6,12.6,0.001,0.001
odysseus,head.pitch,74.917,1.4,-7.8,-12.6,12.6,0.0008,0
odysseus,head.pitch,75,0.9,-6.4,-12.6,12.6,0.0004,0
odysseus,head.pitch,75.083,0.4,-5.1,-12.6,12.6,0.0002,0
odysseus,head.pitch,75.167,0.1,-3.7,-12.6,12.6,0.0001,0
odysseus,head.pitch,75.25,-0.1,-2.4,-12.6,12.6,0,0
odysseus,head.pitch,75.333,-0.2,-1.1,-12.6,12.6,0.0001,0
odysseus,head.pitch,75.417,-0.1,0.2,-12.6,12.6,0.0001,0
odysseus,head.pitch,75.5,-0.1,0.7,-12.6,12.6,0,0
odysseus,head.pitch,75.583,0,0.6,-12.6,12.6,0,0
odysseus,head.pitch,75.667,0,0.4,-12.6,12.6,0,0
odysseus,head.pitch,76.167,-0.1,-0.6,-12.6,12.6,0.0001,0
odysseus,head.pitch,76.25,-0.2,-0.7,-12.6,12.6,0.0001,0
odysseus,head.pitch,76.333,-0.3,-0.7,-12.6,12.6,0.0001,0
odysseus,head.pitch,76.417,-0.3,-0.8,-12.6,12.6,0.0001,0
odysseus,head.pitch,76.5,-0.4,-0.9,-12.6,12.6,0.0002,0
odysseus,head.pitch,76.583,-0.5,-0.9,-12.6,12.6,0.0002,0
odysseus,head.pitch,76.667,-0.6,-1,-12.6,12.6,0.0002,0
odysseus,head.pitch,76.75,-0.6,-1,-12.6,12.6,0.0003,0
odysseus,head.pitch,76.833,-0.7,-1,-12.6,12.6,0.0003,0
odysseus,head.pitch,76.917,-0.8,-1,-12.6,12.6,0.0003,0
odysseus,head.pitch,77,-0.9,-1,-12.6,12.6,0.0004,0
odysseus,head.pitch,77.083,-1,-1,-12.6,12.6,0.0004,0
odysseus,head.pitch,77.167,-1,-0.9,-12.6,12.6,0.0004,0
odysseus,head.pitch,77.25,-1.1,-0.9,-12.6,12.6,0.0005,0
odysseus,head.pitch,77.333,-1.2,-0.8,-12.6,12.6,0.0005,0
odysseus,head.pitch,77.417,1.6,33.6,-12.6,12.6,0.0008,0.001
odysseus,head.pitch,77.5,0.9,-8.7,-12.6,12.6,0.0006,0
odysseus,head.pitch,77.583,0.3,-7.6,-12.6,12.6,0.0001,0
odysseus,head.pitch,77.667,-0.3,-6.4,-12.6,12.6,0.0001,0
odysseus,head.pitch,77.75,-0.7,-5.2,-12.6,12.6,0.0003,0
odysseus,head.pitch,77.833,-1,-4,-12.6,12.6,0.0004,0
odysseus,head.pitch,77.917,-1.3,-2.8,-12.6,12.6,0.0005,0
odysseus,head.pitch,78,-1.4,-1.5,-12.6,12.6,0.0006,0
odysseus,head.pitch,78.083,-1.4,-0.2,-12.6,12.6,0.0006,0
odysseus,head.pitch,78.167,-1.3,0.6,-12.6,12.6,0.0006,0
odysseus,head.pitch,78.25,-1.3,0.7,-12.6,12.6,0.0005,0
odysseus,head.pitch,78.333,-1.2,0.9,-12.6,12.6,0.0005,0
odysseus,head.pitch,78.417,-1.1,1,-12.6,12.6,0.0005,0
odysseus,head.pitch,78.5,-1,1.1,-12.6,12.6,0.0004,0
odysseus,head.pitch,78.583,-0.9,1.2,-12.6,12.6,0.0004,0
odysseus,head.pitch,78.667,-0.8,1.3,-12.6,12.6,0.0003,0
odysseus,head.pitch,78.75,-0.7,1.3,-12.6,12.6,0.0003,0
odysseus,head.pitch,78.833,-0.6,1.3,-12.6,12.6,0.0003,0
odysseus,head.pitch,78.917,-0.5,1.3,-12.6,12.6,0.0002,0
odysseus,head.pitch,79,-0.4,1.2,-12.6,12.6,0.0002,0
odysseus,head.pitch,79.083,-0.3,1.1,-12.6,12.6,0.0001,0
odysseus,head.pitch,79.167,-0.2,1,-12.6,12.6,0.0001,0
odysseus,head.pitch,79.25,-0.1,0.9,-12.6,12.6,0.0001,0
odysseus,head.pitch,79.333,-0.1,0.7,-12.6,12.6,0,0
odysseus,head.pitch,79.417,0,0.6,-12.6,12.6,0,0
odysseus,head.pitch,79.5,0,0.4,-12.6,12.6,0,0
odysseus,head.pitch,79.833,2.8,34,-12.6,12.6,0.0013,0.002
odysseus,head.pitch,79.917,2.1,-8.5,-12.6,12.6,0.0011,0
odysseus,head.pitch,80,1.5,-7.6,-12.6,12.6,0.0006,0
odysseus,head.pitch,80.083,0.9,-6.6,-12.6,12.6,0.0004,0
odysseus,head.pitch,80.167,0.5,-5.6,-12.6,12.6,0.0002,0
odysseus,head.pitch,80.25,0.1,-4.6,-12.6,12.6,0,0
odysseus,head.pitch,80.333,-0.2,-3.6,-12.6,12.6,0.0001,0
odysseus,head.pitch,80.417,-0.4,-2.5,-12.6,12.6,0.0002,0
odysseus,head.pitch,80.5,-0.6,-1.5,-12.6,12.6,0.0002,0
odysseus,head.pitch,80.583,-0.6,-1,-12.6,12.6,0.0003,0
odysseus,head.pitch,80.667,-0.7,-1,-12.6,12.6,0.0003,0
odysseus,head.pitch,80.75,-0.8,-1,-12.6,12.6,0.0003,0
odysseus,head.pitch,80.833,-0.9,-1,-12.6,12.6,0.0004,0
odysseus,head.pitch,80.917,-1,-1,-12.6,12.6,0.0004,0
odysseus,head.pitch,81,-1,-0.9,-12.6,12.6,0.0004,0
odysseus,head.pitch,81.083,-1.1,-0.9,-12.6,12.6,0.0005,0
odysseus,head.pitch,81.167,-1.2,-0.8,-12.6,12.6,0.0005,0
odysseus,head.pitch,81.25,-1.2,-0.7,-12.6,12.6,0.0005,0
odysseus,head.pitch,81.333,-1.3,-0.7,-12.6,12.6,0.0005,0
odysseus,head.pitch,81.417,-1.3,-0.6,-12.6,12.6,0.0006,0
odysseus,head.pitch,81.5,-1.4,-0.5,-12.6,12.6,0.0006,0
odysseus,head.pitch,82,-1.3,0.6,-12.6,12.6,0.0006,0
odysseus,head.pitch,82.083,-1.3,0.7,-12.6,12.6,0.0005,0
odysseus,head.pitch,82.167,-1.2,0.9,-12.6,12.6,0.0005,0
odysseus,head.pitch,82.25,1.7,35.4,-12.6,12.6,0.0009,0.001
odysseus,head.pitch,82.333,1.2,-6.9,-12.6,12.6,0.0007,0
odysseus,head.pitch,82.417,0.7,-5.8,-12.6,12.6,0.0003,0
odysseus,head.pitch,82.5,0.3,-4.6,-12.6,12.6,0.0001,0
odysseus,head.pitch,82.583,0,-3.5,-12.6,12.6,0,0
odysseus,head.pitch,82.667,-0.2,-2.5,-12.6,12.6,0.0001,0
odysseus,head.pitch,82.75,-0.3,-1.4,-12.6,12.6,0.0001,0
odysseus,head.pitch,82.833,-0.4,-0.4,-12.6,12.6,0.0002,0
odysseus,head.pitch,82.917,-0.3,0.6,-12.6,12.6,0.0001,0
odysseus,head.pitch,83,-0.2,1,-12.6,12.6,0.0001,0
odysseus,head.pitch,83.083,-0.1,0.9,-12.6,12.6,0.0001,0
odysseus,head.pitch,83.167,-0.1,0.7,-12.6,12.6,0,0
odysseus,head.pitch,83.25,0,0.6,-12.6,12.6,0,0
odysseus,head.pitch,83.333,0,0.4,-12.6,12.6,0,0
odysseus,head.pitch,83.833,-0.1,-0.5,-12.6,12.6,0.0001,0
odysseus,head.pitch,83.917,-0.2,-0.6,-12.6,12.6,0.0001,0
odysseus,head.pitch,84,-0.2,-0.7,-12.6,12.6,0.0001,0
odysseus,head.pitch,84.083,-0.3,-0.8,-12.6,12.6,0.0001,0
odysseus,head.pitch,84.167,-0.4,-0.8,-12.6,12.6,0.0002,0
odysseus,head.pitch,84.25,-0.4,-0.9,-12.6,12.6,0.0002,0
odysseus,head.pitch,84.333,-0.5,-0.9,-12.6,12.6,0.0002,0
odysseus,head.pitch,84.417,-0.6,-0.9,-12.6,12.6,0.0002,0
odysseus,head.pitch,84.5,-0.7,-0.9,-12.6,12.6,0.0003,0
odysseus,head.pitch,84.583,-0.8,-1,-12.6,12.6,0.0003,0
odysseus,head.pitch,84.667,-0.8,-0.9,-12.6,12.6,0.0003,0
odysseus,head.pitch,84.75,-0.9,-0.9,-12.6,12.6,0.0004,0
odysseus,head.pitch,84.833,-1,-0.9,-12.6,12.6,0.0004,0
odysseus,head.pitch,84.917,-1.1,-0.9,-12.6,12.6,0.0004,0
odysseus,head.pitch,85,1.7,33.6,-12.6,12.6,0.0009,0.001
odysseus,head.pitch,85.083,0.9,-9.9,-12.6,12.6,0.0006,0
odysseus,head.pitch,85.167,0.2,-8.4,-12.6,12.6,0.0001,0
odysseus,head.pitch,85.25,-0.4,-6.9,-12.6,12.6,0.0002,0
odysseus,head.pitch,85.333,-0.8,-5.4,-12.6,12.6,0.0003,0
odysseus,head.pitch,85.417,-1.1,-3.9,-12.6,12.6,0.0005,0
odysseus,head.pitch,85.5,-1.4,-2.4,-12.6,12.6,0.0006,0
odysseus,head.pitch,85.583,-1.4,-0.9,-12.6,12.6,0.0006,0
odysseus,head.pitch,85.667,-1.4,-0.1,-12.6,12.6,0.0006,0
odysseus,head.pitch,85.917,-1.3,0.6,-12.6,12.6,0.0006,0
odysseus,head.pitch,86,-1.3,0.8,-12.6,12.6,0.0005,0
odysseus,head.pitch,86.083,-1.2,1,-12.6,12.6,0.0005,0
odysseus,head.pitch,86.167,-1.1,1.1,-12.6,12.6,0.0005,0
odysseus,head.pitch,86.25,-1,1.2,-12.6,12.6,0.0004,0
odysseus,head.pitch,86.333,-0.9,1.3,-12.6,12.6,0.0004,0
odysseus,head.pitch,86.417,-0.8,1.3,-12.6,12.6,0.0003,0
odysseus,head.pitch,86.5,-0.7,1.4,-12.6,12.6,0.0003,0
odysseus,head.pitch,86.583,-0.5,1.3,-12.6,12.6,0.0002,0
odysseus,head.pitch,86.667,-0.4,1.3,-12.6,12.6,0.0002,0
odysseus,head.pitch,86.75,-0.3,1.2,-12.6,12.6,0.0001,0
odysseus,head.pitch,86.833,-0.2,1.1,-12.6,12.6,0.0001,0
odysseus,head.pitch,86.917,-0.2,1,-12.6,12.6,0.0001,0
odysseus,head.pitch,87,-0.1,0.8,-12.6,12.6,0,0
odysseus,head.pitch,87.083,0,0.6,-12.6,12.6,0,0
odysseus,head.pitch,87.167,0,0.4,-12.6,12.6,0,0
odysseus,head.pitch,87.667,-0.1,-0.5,-12.6,12.6,0.0001,0
odysseus,head.pitch,87.75,-0.2,-0.6,-12.6,12.6,0.0001,0
odysseus,head.pitch,87.833,-0.2,-0.7,-12.6,12.6,0.0001,0
odysseus,head.pitch,87.917,-0.3,-0.8,-12.6,12.6,0.0001,0
odysseus,head.pitch,88,-0.4,-0.8,-12.6,12.6,0.0002,0
odysseus,head.pitch,88.083,2.4,33.5,-12.6,12.6,0.0012,0.001
odysseus,head.pitch,88.167,1.6,-10,-12.6,12.6,0.0009,0
odysseus,head.pitch,88.25,0.9,-8.7,-12.6,12.6,0.0004,0
odysseus,head.pitch,88.333,0.3,-7.3,-12.6,12.6,0.0001,0
odysseus,head.pitch,88.417,-0.2,-5.9,-12.6,12.6,0.0001,0
odysseus,head.pitch,88.5,-0.6,-4.5,-12.6,12.6,0.0003,0
odysseus,head.pitch,88.583,-0.9,-3,-12.6,12.6,0.0004,0
odysseus,head.pitch,88.667,-1,-1.6,-12.6,12.6,0.0004,0
odysseus,head.pitch,88.75,-1.1,-0.9,-12.6,12.6,0.0004,0
odysseus,head.pitch,88.833,-1.1,-0.8,-12.6,12.6,0.0005,0
odysseus,head.pitch,88.917,-1.2,-0.8,-12.6,12.6,0.0005,0
odysseus,head.pitch,89,-1.3,-0.7,-12.6,12.6,0.0005,0
odysseus,head.pitch,89.083,-1.3,-0.6,-12.6,12.6,0.0005,0
odysseus,head.pitch,89.167,-1.3,-0.5,-12.6,12.6,0.0006,0
odysseus,head.pitch,89.25,-1.4,-0.4,-12.6,12.6,0.0006,0
odysseus,head.pitch,89.75,-1.3,0.6,-12.6,12.6,0.0006,0
odysseus,head.pitch,89.833,-1.3,0.8,-12.6,12.6,0.0005,0
odysseus,head.pitch,89.917,-1.2,1,-12.6,12.6,0.0005,0
odysseus,head.pitch,90,-1.1,1.1,-12.6,12.6,0.0005,0
odysseus,head.pitch,90.083,-1,1.2,-12.6,12.6,0.0004,0
odysseus,head.pitch,90.167,-0.9,1.3,-12.6,12.6,0.0004,0
odysseus,head.pitch,90.25,-0.8,1.3,-12.6,12.6,0.0003,0
odysseus,head.pitch,90.333,-0.7,1.4,-12.6,12.6,0.0003,0
odysseus,head.pitch,90.417,-0.5,1.3,-12.6,12.6,0.0002,0
odysseus,head.pitch,90.5,-0.4,1.3,-12.6,12.6,0.0002,0
odysseus,head.pitch,90.583,-0.3,1.2,-12.6,12.6,0.0001,0
odysseus,head.pitch,90.667,-0.2,1.1,-12.6,12.6,0.0001,0
odysseus,head.pitch,90.75,-0.2,1,-12.6,12.6,0.0001,0
odysseus,head.pitch,90.833,-0.1,0.8,-12.6,12.6,0,0
odysseus,head.pitch,90.917,2.8,35,-12.6,12.6,0.0013,0.002
odysseus,head.pitch,91,2.1,-8.7,-12.6,12.6,0.0011,0
odysseus,head.pitch,91.083,1.5,-7.6,-12.6,12.6,0.0006,0
odysseus,head.pitch,91.167,0.9,-6.4,-12.6,12.6,0.0004,0
odysseus,head.pitch,91.25,0.5,-5.1,-12.6,12.6,0.0002,0
odysseus,head.pitch,91.333,0.2,-3.8,-12.6,12.6,0.0001,0
odysseus,head.pitch,91.417,0,-2.5,-12.6,12.6,0,0
odysseus,head.pitch,91.5,-0.1,-1.2,-12.6,12.6,0.0001,0
odysseus,head.pitch,91.583,-0.2,-0.6,-12.6,12.6,0.0001,0
odysseus,head.pitch,91.667,-0.2,-0.7,-12.6,12.6,0.0001,0
odysseus,head.pitch,91.75,-0.3,-0.8,-12.6,12.6,0.0001,0
odysseus,head.pitch,91.833,-0.4,-0.8,-12.6,12.6,0.0002,0
odysseus,head.pitch,91.917,-0.4,-0.9,-12.6,12.6,0.0002,0
odysseus,head.pitch,92,-0.5,-0.9,-12.6,12.6,0.0002,0
odysseus,head.pitch,92.083,-0.6,-0.9,-12.6,12.6,0.0002,0
odysseus,head.pitch,92.167,-0.7,-0.9,-12.6,12.6,0.0003,0
odysseus,head.pitch,92.25,-0.8,-1,-12.6,12.6,0.0003,0
odysseus,head.pitch,92.333,-0.8,-0.9,-12.6,12.6,0.0003,0
odysseus,head.pitch,92.417,-0.9,-0.9,-12.6,12.6,0.0004,0
odysseus,head.pitch,92.5,-1,-0.9,-12.6,12.6,0.0004,0
odysseus,head.pitch,92.583,-1.1,-0.9,-12.6,12.6,0.0004,0
odysseus,head.pitch,92.667,-1.1,-0.8,-12.6,12.6,0.0005,0
odysseus,head.pitch,92.75,-1.2,-0.8,-12.6,12.6,0.0005,0
odysseus,head.pitch,92.833,-1.3,-0.7,-12.6,12.6,0.0005,0
odysseus,head.pitch,92.917,-1.3,-0.6,-12.6,12.6,0.0005,0
odysseus,head.pitch,93,-1.3,-0.5,-12.6,12.6,0.0006,0
odysseus,head.pitch,93.083,-1.4,-0.4,-12.6,12.6,0.0006,0
odysseus,head.pitch,93.5,1.5,34.8,-12.6,12.6,0.0008,0.001
odysseus,head.pitch,93.583,0.3,-14.4,-12.6,12.6,0.0004,0
odysseus,head.pitch,93.667,-0.6,-9.9,-12.6,12.6,0.0002,0
odysseus,head.pitch,93.75,-1,-5.5,-12.6,12.6,0.0004,0
odysseus,head.pitch,93.833,-1.1,-1,-12.6,12.6,0.0005,0
odysseus,head.pitch,93.917,-1,1.2,-12.6,12.6,0.0004,0
odysseus,head.pitch,94,-0.9,1.3,-12.6,12.6,0.0004,0
odysseus,head.pitch,94.083,-0.8,1.3,-12.6,12.6,0.0003,0
odysseus,head.pitch,94.167,-0.7,1.4,-12.6,12.6,0.0003,0
odysseus,head.pitch,94.25,-0.5,1.3,-12.6,12.6,0.0002,0
odysseus,head.pitch,94.333,-0.4,1.3,-12.6,12.6,0.0002,0
odysseus,head.pitch,94.417,-0.3,1.2,-12.6,12.6,0.0001,0
odysseus,head.pitch,94.5,-0.2,1.1,-12.6,12.6,0.0001,0
odysseus,head.pitch,94.583,-0.2,1,-12.6,12.6,0.0001,0
odysseus,head.pitch,94.667,-0.1,0.8,-12.6,12.6,0,0
odysseus,head.pitch,94.75,0,0.6,-12.6,12.6,0,0
odysseus,head.pitch,94.833,0,0.4,-12.6,12.6,0,0
odysseus,head.pitch,95.333,-0.1,-0.5,-12.6,12.6,0.0001,0
odysseus,head.pitch,95.417,-0.2,-0.6,-12.6,12.6,0.0001,0
odysseus,head.pitch,95.5,-0.2,-0.7,-12.6,12.6,0.0001,0
odysseus,head.pitch,95.583,-0.3,-0.8,-12.6,12.6,0.0001,0
odysseus,head.pitch,95.667,-0.4,-0.8,-12.6,12.6,0.0002,0
odysseus,head.pitch,95.75,-0.4,-0.9,-12.6,12.6,0.0002,0
odysseus,head.pitch,95.833,-0.5,-0.9,-12.6,12.6,0.0002,0
odysseus,head.pitch,95.917,-0.6,-0.9,-12.6,12.6,0.0002,0
odysseus,head.pitch,96,-0.7,-0.9,-12.6,12.6,0.0003,0
odysseus,head.pitch,96.083,-0.8,-1,-12.6,12.6,0.0003,0
odysseus,head.pitch,96.167,-0.8,-0.9,-12.6,12.6,0.0003,0
odysseus,head.pitch,96.25,-0.9,-0.9,-12.6,12.6,0.0004,0
odysseus,head.pitch,96.333,-1,-0.9,-12.6,12.6,0.0004,0
odysseus,head.pitch,96.417,-1.1,-0.9,-12.6,12.6,0.0004,0
odysseus,head.pitch,96.5,-1.1,-0.8,-12.6,12.6,0.0005,0
odysseus,head.pitch,96.583,1.7,33.6,-12.6,12.6,0.0009,0.001
odysseus,head.pitch,96.667,0.4,-15.7,-12.6,12.6,0.0004,0
odysseus,head.pitch,96.75,-0.6,-11.4,-12.6,12.6,0.0003,0
odysseus,head.pitch,96.833,-1.2,-7,-12.6,12.6,0.0005,0
odysseus,head.pitch,96.917,-1.4,-2.6,-12.6,12.6,0.0006,0
odysseus,head.pitch,97,-1.4,-0.3,-12.6,12.6,0.0006,0
odysseus,head.pitch,97.417,-1.3,0.6,-12.6,12.6,0.0006,0
odysseus,head.pitch,97.5,-1.3,0.8,-12.6,12.6,0.0005,0
odysseus,head.pitch,97.583,-1.2,1,-12.6,12.6,0.0005,0
odysseus,head.pitch,97.667,-1.1,1.1,-12.6,12.6,0.0005,0
odysseus,head.pitch,97.75,-1,1.2,-12.6,12.6,0.0004,0
odysseus,head.pitch,97.833,-0.9,1.3,-12.6,12.6,0.0004,0
odysseus,head.pitch,97.917,-0.8,1.3,-12.6,12.6,0.0003,0
odysseus,head.pitch,98,-0.7,1.4,-12.6,12.6,0.0003,0
odysseus,head.pitch,98.083,-0.5,1.3,-12.6,12.6,0.0002,0
odysseus,head.pitch,98.167,-0.4,1.3,-12.6,12.6,0.0002,0
odysseus,head.pitch,98.25,-0.3,1.2,-12.6,12.6,0.0001,0
odysseus,head.pitch,98.333,-0.2,1.1,-12.6,12.6,0.0001,0
odysseus,head.pitch,98.417,-0.2,1,-12.6,12.6,0.0001,0
odysseus,head.pitch,98.5,-0.1,0.8,-12.6,12.6,0,0
odysseus,head.pitch,98.583,0,0.6,-12.6,12.6,0,0
odysseus,head.pitch,98.667,0,0.4,-12.6,12.6,0,0
odysseus,head.pitch,99.167,-0.1,-0.5,-12.6,12.6,0.0001,0
odysseus,head.pitch,99.25,2.7,33.8,-12.6,12.6,0.0013,0.002
odysseus,head.pitch,99.333,1.4,-15.7,-12.6,12.6,0.0008,0
odysseus,head.pitch,99.417,0.4,-11.5,-12.6,12.6,0.0002,0
odysseus,head.pitch,99.5,-0.2,-7.3,-12.6,12.6,0.0001,0
odysseus,head.pitch,99.583,-0.4,-3,-12.6,12.6,0.0002,0
odysseus,head.pitch,99.667,-0.5,-0.9,-12.6,12.6,0.0002,0
odysseus,head.pitch,99.75,-0.6,-0.9,-12.6,12.6,0.0002,0
odysseus,head.pitch,99.833,-0.7,-0.9,-12.6,12.6,0.0003,0
odysseus,head.pitch,99.917,-0.8,-1,-12.6,12.6,0.0003,0
odysseus,head.pitch,100,-0.8,-0.9,-12.6,12.6,0.0003,0
odysseus,head.pitch,100.083,-0.9,-0.9,-12.6,12.6,0.0004,0
odysseus,head.pitch,100.167,-1,-0.9,-12.6,12.6,0.0004,0
odysseus,head.pitch,100.25,-1.1,-0.9,-12.6,12.6,0.0004,0
odysseus,head.pitch,100.333,-1.1,-0.8,-12.6,12.6,0.0005,0
odysseus,head.pitch,100.417,-1.2,-0.8,-12.6,12.6,0.0005,0
odysseus,arm.R.pitch,0,-154.7,0,-183.3,60.2,0.0126,0
odysseus,arm.R.pitch,1,-147.6,85.1,-183.3,60.2,0.0168,0.051
odysseus,arm.R.pitch,1.083,-145.2,28.4,-183.3,60.2,0.0175,0.018
odysseus,arm.R.pitch,1.167,-177,-381,-183.3,60.2,0.0067,0.089
odysseus,arm.R.pitch,1.25,-183.3,-76.2,-183.3,60.2,0.0055,0.015
odysseus,arm.R.pitch,1.333,-183.3,0,-183.3,60.2,0.0027,0
odysseus,arm.R.pitch,1.667,-182.4,11,-183.3,60.2,0.0014,0.001
odysseus,arm.R.pitch,1.75,-181.2,15.1,-183.3,60.2,0.0007,0
odysseus,arm.R.pitch,1.833,-179.9,15.1,-183.3,60.2,0,0
odysseus,arm.R.pitch,1.917,-178,22.4,-183.3,60.2,0.0011,0.001
odysseus,arm.R.pitch,2,-173.4,56,-183.3,60.2,0.0038,0.007
odysseus,arm.R.pitch,2.083,-167.3,72.8,-183.3,60.2,0.0067,0.017
odysseus,arm.R.pitch,2.167,-161.2,72.8,-183.3,60.2,0.0095,0.024
odysseus,arm.R.pitch,2.25,-156.6,56,-183.3,60.2,0.0119,0.024
odysseus,arm.R.pitch,2.333,-154.7,22.4,-183.3,60.2,0.013,0.011
odysseus,arm.R.pitch,2.417,-154.7,0,-183.3,60.2,0.0129,0
odysseus,arm.R.pitch,3.167,-148.9,69.6,-183.3,60.2,0.0161,0.04
odysseus,arm.R.pitch,3.25,-147,23.2,-183.3,60.2,0.0166,0.014
odysseus,arm.R.pitch,3.333,-171.8,-297.8,-183.3,60.2,0.0082,0.086
odysseus,arm.R.pitch,3.417,-183.3,-138.8,-183.3,60.2,0.0037,0.018
odysseus,arm.R.pitch,3.5,-183.3,0,-183.3,60.2,0.0035,0
odysseus,arm.R.pitch,4.25,-174.3,108.6,-183.3,60.2,0.0043,0.016
odysseus,arm.R.pitch,4.333,-164.9,113.2,-183.3,60.2,0.0077,0.031
odysseus,arm.R.pitch,4.417,-157.6,87.1,-183.3,60.2,0.0115,0.035
odysseus,arm.R.pitch,4.5,-154.7,34.8,-183.3,60.2,0.0132,0.016
odysseus,arm.R.pitch,4.583,-154.7,0,-183.3,60.2,0.013,0
odysseus,arm.R.pitch,7.833,-148.9,69.6,-183.3,60.2,0.0161,0.04
odysseus,arm.R.pitch,7.917,-147,23.2,-183.3,60.2,0.0166,0.014
odysseus,arm.R.pitch,8,-172.9,-311.7,-183.3,60.2,0.0078,0.085
odysseus,arm.R.pitch,8.083,-182.2,-110.6,-183.3,60.2,0.0036,0.014
odysseus,arm.R.pitch,8.167,-182.2,0,-183.3,60.2,0.0025,0
odysseus,arm.R.pitch,8.25,-180.5,20.1,-183.3,60.2,0.0005,0
odysseus,arm.R.pitch,8.333,-179.6,10.3,-183.3,60.2,0.0003,0
odysseus,arm.R.pitch,8.417,-178.8,10.3,-183.3,60.2,0.0006,0
odysseus,arm.R.pitch,8.5,-177.9,10.3,-183.3,60.2,0.0011,0
odysseus,arm.R.pitch,8.583,-177,10.3,-183.3,60.2,0.0015,0.001
odysseus,arm.R.pitch,8.667,-176.2,10.3,-183.3,60.2,0.002,0.001
odysseus,arm.R.pitch,8.75,-175.3,10.3,-183.3,60.2,0.0024,0.001
odysseus,arm.R.pitch,8.833,-173.8,18.3,-183.3,60.2,0.0033,0.002
odysseus,arm.R.pitch,8.917,-170,45.8,-183.3,60.2,0.0055,0.009
odysseus,arm.R.pitch,9,-165,59.6,-183.3,60.2,0.0078,0.016
odysseus,arm.R.pitch,9.083,-160,59.6,-183.3,60.2,0.01,0.021
odysseus,arm.R.pitch,9.167,-156.2,45.8,-183.3,60.2,0.012,0.02
odysseus,arm.R.pitch,9.25,-154.7,18.3,-183.3,60.2,0.0129,0.009
odysseus,arm.R.pitch,9.333,-154.7,0,-183.3,60.2,0.0128,0
odysseus,arm.R.pitch,12.25,-148.9,69.6,-183.3,60.2,0.0161,0.04
odysseus,arm.R.pitch,12.333,-147,23.2,-183.3,60.2,0.0166,0.014
odysseus,arm.R.pitch,12.417,-177.5,-366.5,-183.3,60.2,0.0062,0.079
odysseus,arm.R.pitch,12.5,-182.7,-62.6,-183.3,60.2,0.0052,0.011
odysseus,arm.R.pitch,12.583,-180.5,26.8,-183.3,60.2,0.0014,0.001
odysseus,arm.R.pitch,12.667,-179.6,10.3,-183.3,60.2,0.0004,0
odysseus,arm.R.pitch,12.75,-178.8,10.3,-183.3,60.2,0.0006,0
odysseus,arm.R.pitch,12.833,-177.9,10.3,-183.3,60.2,0.0011,0
odysseus,arm.R.pitch,12.917,-177,10.3,-183.3,60.2,0.0015,0.001
odysseus,arm.R.pitch,13,-176.2,10.3,-183.3,60.2,0.002,0.001
odysseus,arm.R.pitch,13.083,-175.3,10.3,-183.3,60.2,0.0024,0.001
odysseus,arm.R.pitch,13.167,-173.8,18.3,-183.3,60.2,0.0033,0.002
odysseus,arm.R.pitch,13.25,-170,45.8,-183.3,60.2,0.0055,0.009
odysseus,arm.R.pitch,13.333,-165,59.6,-183.3,60.2,0.0078,0.016
odysseus,arm.R.pitch,13.417,-160,59.6,-183.3,60.2,0.01,0.021
odysseus,arm.R.pitch,13.5,-156.2,45.8,-183.3,60.2,0.012,0.02
odysseus,arm.R.pitch,13.583,-154.7,18.3,-183.3,60.2,0.0129,0.009
odysseus,arm.R.pitch,13.667,-154.7,0,-183.3,60.2,0.0128,0
odysseus,arm.R.pitch,14.833,-148.9,69.6,-183.3,60.2,0.0161,0.04
odysseus,arm.R.pitch,14.917,-147,23.2,-183.3,60.2,0.0166,0.014
odysseus,arm.R.pitch,15,-171.8,-297.8,-183.3,60.2,0.0082,0.086
odysseus,arm.R.pitch,15.083,-183.3,-138.8,-183.3,60.2,0.0037,0.018
odysseus,arm.R.pitch,15.167,-183.3,0,-183.3,60.2,0.0035,0
odysseus,arm.R.pitch,16,-174.3,108.6,-183.3,60.2,0.0043,0.016
odysseus,arm.R.pitch,16.083,-164.9,113.2,-183.3,60.2,0.0077,0.031
odysseus,arm.R.pitch,16.167,-157.6,87.1,-183.3,60.2,0.0115,0.035
odysseus,arm.R.pitch,16.25,-154.7,34.8,-183.3,60.2,0.0132,0.016
odysseus,arm.R.pitch,16.333,-154.7,0,-183.3,60.2,0.013,0
odysseus,arm.R.pitch,17.167,-153.4,16.1,-183.3,60.2,0.0134,0.008
odysseus,arm.R.pitch,17.25,-148.3,60.3,-183.3,60.2,0.016,0.034
odysseus,arm.R.pitch,17.333,-140.4,95.6,-183.3,60.2,0.0192,0.065
odysseus,arm.R.pitch,17.417,-130.3,121.2,-183.3,60.2,0.0228,0.097
odysseus,arm.R.pitch,17.5,-118.9,136.9,-183.3,60.2,0.026,0.125
odysseus,arm.R.pitch,17.583,-107,142.8,-183.3,60.2,0.0282,0.142
odysseus,arm.R.pitch,17.667,-95.4,138.9,-183.3,60.2,0.0293,0.144
odysseus,arm.R.pitch,17.75,-85,125.1,-183.3,60.2,0.0295,0.131
odysseus,arm.R.pitch,17.833,-76.5,101.5,-183.3,60.2,0.0289,0.104
odysseus,arm.R.pitch,17.917,-70.8,68.1,-183.3,60.2,0.0282,0.069
odysseus,arm.R.pitch,18,-68.8,24.9,-183.3,60.2,0.028,0.026
odysseus,arm.R.pitch,18.083,-68.8,0,-183.3,60.2,0.0277,0.002
odysseus,arm.R.pitch,21.083,-68.4,4.4,-183.3,60.2,0.0274,0.006
odysseus,arm.R.pitch,21.167,-67.4,11.8,-183.3,60.2,0.0273,0.013
odysseus,arm.R.pitch,21.25,-66,17.4,-183.3,60.2,0.0269,0.018
odysseus,arm.R.pitch,21.333,-64.2,21.2,-183.3,60.2,0.0265,0.021
odysseus,arm.R.pitch,21.417,-62.3,23,-183.3,60.2,0.0261,0.022
odysseus,arm.R.pitch,21.5,-60.4,23,-183.3,60.2,0.0256,0.022
odysseus,arm.R.pitch,21.583,-58.6,21.2,-183.3,60.2,0.0251,0.02
odysseus,arm.R.pitch,21.667,-57.1,17.4,-183.3,60.2,0.0248,0.016
odysseus,arm.R.pitch,21.75,-56.2,11.8,-183.3,60.2,0.0245,0.011
odysseus,arm.R.pitch,21.833,-55.8,4.4,-183.3,60.2,0.0244,0.005
odysseus,arm.R.pitch,21.917,-55.8,-0.5,-183.3,60.2,0.0244,0.002
odysseus,arm.R.pitch,22,-56,-1.4,-183.3,60.2,0.0244,0.002
odysseus,arm.R.pitch,22.083,-56.1,-2.3,-183.3,60.2,0.0245,0.003
odysseus,arm.R.pitch,22.167,-56.4,-3,-183.3,60.2,0.0245,0.004
odysseus,arm.R.pitch,22.25,-56.7,-3.7,-183.3,60.2,0.0246,0.004
odysseus,arm.R.pitch,22.333,-57.1,-4.2,-183.3,60.2,0.0247,0.005
odysseus,arm.R.pitch,22.417,-57.4,-4.7,-183.3,60.2,0.0248,0.005
odysseus,arm.R.pitch,22.5,-57.9,-5.1,-183.3,60.2,0.0249,0.006
odysseus,arm.R.pitch,22.583,-58.3,-5.3,-183.3,60.2,0.025,0.006
odysseus,arm.R.pitch,22.667,-58.8,-5.5,-183.3,60.2,0.0252,0.006
odysseus,arm.R.pitch,22.75,-59.2,-5.6,-183.3,60.2,0.0253,0.006
odysseus,arm.R.pitch,22.833,-59.7,-5.6,-183.3,60.2,0.0254,0.006
odysseus,arm.R.pitch,22.917,-60.2,-5.5,-183.3,60.2,0.0255,0.006
odysseus,arm.R.pitch,23,-60.6,-5.3,-183.3,60.2,0.0256,0.006
odysseus,arm.R.pitch,23.083,-61,-5.1,-183.3,60.2,0.0258,0.006
odysseus,arm.R.pitch,23.167,-61.4,-4.7,-183.3,60.2,0.0258,0.006
odysseus,arm.R.pitch,23.25,-61.8,-4.2,-183.3,60.2,0.0259,0.005
odysseus,arm.R.pitch,23.333,-62.1,-3.7,-183.3,60.2,0.026,0.005
odysseus,arm.R.pitch,23.417,-62.3,-3,-183.3,60.2,0.0261,0.004
odysseus,arm.R.pitch,23.5,-62.5,-2.3,-183.3,60.2,0.0261,0.003
odysseus,arm.R.pitch,23.583,-62.6,-1.4,-183.3,60.2,0.0261,0.003
odysseus,arm.R.pitch,23.667,-62.7,-0.5,-183.3,60.2,0.0262,0.002
odysseus,arm.R.pitch,27.833,-63.4,-8.2,-183.3,60.2,0.0264,0.009
odysseus,arm.R.pitch,27.917,-65.7,-27.7,-183.3,60.2,0.0271,0.028
odysseus,arm.R.pitch,28,-69.4,-44.7,-183.3,60.2,0.0278,0.045
odysseus,arm.R.pitch,28.083,-74.3,-59.1,-183.3,60.2,0.0285,0.06
odysseus,arm.R.pitch,28.167,-80.2,-70.9,-183.3,60.2,0.0292,0.074
odysseus,arm.R.pitch,28.25,-86.9,-80.1,-183.3,60.2,0.0295,0.084
odysseus,arm.R.pitch,28.333,-94.1,-86.6,-183.3,60.2,0.0294,0.091
odysseus,arm.R.pitch,28.417,-101.7,-90.6,-183.3,60.2,0.0289,0.093
odysseus,arm.R.pitch,28.5,-109.3,-92,-183.3,60.2,0.0278,0.091
odysseus,arm.R.pitch,28.583,-116.9,-90.7,-183.3,60.2,0.0263,0.085
odysseus,arm.R.pitch,28.667,-124.1,-86.9,-183.3,60.2,0.0244,0.075
odysseus,arm.R.pitch,28.75,-130.8,-80.4,-183.3,60.2,0.0224,0.064
odysseus,arm.R.pitch,28.833,-136.8,-71.3,-183.3,60.2,0.0203,0.051
odysseus,arm.R.pitch,28.917,-141.7,-59.6,-183.3,60.2,0.0184,0.039
odysseus,arm.R.pitch,29,-143,-14.9,-183.3,60.2,0.0183,0.01
odysseus,arm.R.pitch,29.083,-144.5,-18.3,-183.3,60.2,0.0171,0.012
odysseus,arm.R.pitch,29.167,-183.3,-466.2,-183.3,60.2,0.0073,0.12
odysseus,arm.R.pitch,29.25,-183.3,0,-183.3,60.2,0.0076,0
odysseus,arm.R.pitch,30.167,-171.7,139.9,-183.3,60.2,0.006,0.029
odysseus,arm.R.pitch,30.25,-159.6,145.7,-183.3,60.2,0.0104,0.053
odysseus,arm.R.pitch,30.333,-154.7,58.3,-183.3,60.2,0.0137,0.028
odysseus,arm.R.pitch,30.417,-154.7,0,-183.3,60.2,0.0133,0
odysseus,arm.R.pitch,30.833,-148.9,69.6,-183.3,60.2,0.0161,0.04
odysseus,arm.R.pitch,30.917,-147,23.2,-183.3,60.2,0.0166,0.014
odysseus,arm.R.pitch,31,-171.8,-297.8,-183.3,60.2,0.0082,0.086
odysseus,arm.R.pitch,31.083,-183.3,-138.8,-183.3,60.2,0.0037,0.018
odysseus,arm.R.pitch,31.167,-183.3,0,-183.3,60.2,0.0035,0
odysseus,arm.R.pitch,31.917,-174.3,108.6,-183.3,60.2,0.0043,0.016
odysseus,arm.R.pitch,32,-164.9,113.2,-183.3,60.2,0.0077,0.031
odysseus,arm.R.pitch,32.083,-157.6,87.1,-183.3,60.2,0.0115,0.035
odysseus,arm.R.pitch,32.167,-154.7,34.8,-183.3,60.2,0.0132,0.016
odysseus,arm.R.pitch,32.25,-154.7,0,-183.3,60.2,0.013,0
odysseus,arm.R.pitch,36,-148.9,69.6,-183.3,60.2,0.0161,0.04
odysseus,arm.R.pitch,36.083,-147,23.2,-183.3,60.2,0.0166,0.014
odysseus,arm.R.pitch,36.167,-179.7,-392.5,-183.3,60.2,0.0054,0.074
odysseus,arm.R.pitch,36.25,-183.3,-44,-183.3,60.2,0.0061,0.009
odysseus,arm.R.pitch,36.333,-183.3,0,-183.3,60.2,0.0023,0
odysseus,arm.R.pitch,37.083,-181.5,22,-183.3,60.2,0.0011,0.001
odysseus,arm.R.pitch,37.167,-168.6,154.9,-183.3,60.2,0.0075,0.041
odysseus,arm.R.pitch,37.25,-158.7,119.2,-183.3,60.2,0.0112,0.047
odysseus,arm.R.pitch,37.333,-154.7,47.7,-183.3,60.2,0.0135,0.023
odysseus,arm.R.pitch,37.417,-154.7,0,-183.3,60.2,0.0132,0
odysseus,arm.R.pitch,37.917,-148.9,69.6,-183.3,60.2,0.0161,0.04
odysseus,arm.R.pitch,38,-147,23.2,-183.3,60.2,0.0166,0.014
odysseus,arm.R.pitch,38.083,-179.7,-392.5,-183.3,60.2,0.0054,0.074
odysseus,arm.R.pitch,38.167,-183.3,-44,-183.3,60.2,0.0061,0.009
odysseus,arm.R.pitch,38.25,-183.3,0,-183.3,60.2,0.0023,0
odysseus,arm.R.pitch,39,-181.5,22,-183.3,60.2,0.0011,0.001
odysseus,arm.R.pitch,39.083,-168.6,154.9,-183.3,60.2,0.0075,0.041
odysseus,arm.R.pitch,39.167,-158.7,119.2,-183.3,60.2,0.0112,0.047
odysseus,arm.R.pitch,39.25,-154.7,47.7,-183.3,60.2,0.0135,0.023
odysseus,arm.R.pitch,39.333,-154.7,0,-183.3,60.2,0.0132,0
odysseus,arm.R.pitch,42.75,-148.9,69.6,-183.3,60.2,0.0161,0.04
odysseus,arm.R.pitch,42.833,-147,23.2,-183.3,60.2,0.0166,0.014
odysseus,arm.R.pitch,42.917,-171.8,-297.8,-183.3,60.2,0.0082,0.086
odysseus,arm.R.pitch,43,-183.3,-138.8,-183.3,60.2,0.0037,0.018
odysseus,arm.R.pitch,43.083,-183.3,0,-183.3,60.2,0.0035,0
odysseus,arm.R.pitch,43.917,-174.3,108.6,-183.3,60.2,0.0043,0.016
odysseus,arm.R.pitch,44,-164.9,113.2,-183.3,60.2,0.0077,0.031
odysseus,arm.R.pitch,44.083,-157.6,87.1,-183.3,60.2,0.0115,0.035
odysseus,arm.R.pitch,44.167,-154.7,34.8,-183.3,60.2,0.0132,0.016
odysseus,arm.R.pitch,44.25,-154.7,0,-183.3,60.2,0.013,0
odysseus,arm.R.pitch,44.667,-148.9,69.6,-183.3,60.2,0.0161,0.04
odysseus,arm.R.pitch,44.75,-147,23.2,-183.3,60.2,0.0166,0.014
odysseus,arm.R.pitch,44.833,-183.3,-436.6,-183.3,60.2,0.0075,0.114
odysseus,arm.R.pitch,44.917,-183.3,0,-183.3,60.2,0.0072,0
odysseus,arm.R.pitch,45.75,-181.5,22,-183.3,60.2,0.0011,0.001
odysseus,arm.R.pitch,45.833,-168.6,154.9,-183.3,60.2,0.0075,0.041
odysseus,arm.R.pitch,45.917,-158.7,119.2,-183.3,60.2,0.0112,0.047
odysseus,arm.R.pitch,46,-154.7,47.7,-183.3,60.2,0.0135,0.023
odysseus,arm.R.pitch,46.083,-154.7,0,-183.3,60.2,0.0132,0
odysseus,arm.R.pitch,46.417,-154.3,5.4,-183.3,60.2,0.0129,0.003
odysseus,arm.R.pitch,46.5,-151.4,34.7,-183.3,60.2,0.0145,0.018
odysseus,arm.R.pitch,46.583,-146.1,63.2,-183.3,60.2,0.0168,0.038
odysseus,arm.R.pitch,46.667,-138.8,87.6,-183.3,60.2,0.0197,0.061
odysseus,arm.R.pitch,46.75,-129.8,107.8,-183.3,60.2,0.0229,0.087
odysseus,arm.R.pitch,46.833,-119.5,123.9,-183.3,60.2,0.0258,0.113
odysseus,arm.R.pitch,46.917,-108.2,135.7,-183.3,60.2,0.0281,0.135
odysseus,arm.R.pitch,47,-96.2,143.4,-183.3,60.2,0.0294,0.149
odysseus,arm.R.pitch,47.083,-84,146.9,-183.3,60.2,0.0293,0.152
odysseus,arm.R.pitch,47.167,-71.8,146.2,-183.3,60.2,0.028,0.144
odysseus,arm.R.pitch,47.25,-60,141.4,-183.3,60.2,0.0256,0.127
odysseus,arm.R.pitch,47.333,-49,132.4,-183.3,60.2,0.0223,0.104
odysseus,arm.R.pitch,47.417,-39,119.2,-183.3,60.2,0.0187,0.079
odysseus,arm.R.pitch,47.5,-30.6,101.8,-183.3,60.2,0.0152,0.054
odysseus,arm.R.pitch,47.583,-23.9,80.3,-183.3,60.2,0.0122,0.034
odysseus,arm.R.pitch,47.667,-19.3,54.5,-183.3,60.2,0.0101,0.019
odysseus,arm.R.pitch,47.75,-17.3,24.6,-183.3,60.2,0.0091,0.008
odysseus,arm.R.pitch,47.833,-17.2,1,-183.3,60.2,0.009,0
odysseus,arm.R.pitch,47.917,-17.2,0,-183.3,60.2,0.0087,0
odysseus,arm.R.pitch,91.917,-17.5,-3.2,-183.3,60.2,0.0089,0.001
odysseus,arm.R.pitch,92,-18.5,-12.1,-183.3,60.2,0.0094,0.004
odysseus,arm.R.pitch,92.083,-20.1,-19.1,-183.3,60.2,0.0102,0.007
odysseus,arm.R.pitch,92.167,-22.1,-24.2,-183.3,60.2,0.0111,0.01
odysseus,arm.R.pitch,92.25,-24.4,-27.4,-183.3,60.2,0.0122,0.012
odysseus,arm.R.pitch,92.333,-26.7,-28.6,-183.3,60.2,0.0133,0.014
odysseus,arm.R.pitch,92.417,-29.1,-27.8,-183.3,60.2,0.0143,0.014
odysseus,arm.R.pitch,92.5,-31.1,-25,-183.3,60.2,0.0153,0.014
odysseus,arm.R.pitch,92.583,-32.8,-20.3,-183.3,60.2,0.016,0.012
odysseus,arm.R.pitch,92.667,-34,-13.6,-183.3,60.2,0.0165,0.008
odysseus,arm.R.pitch,92.75,-34.4,-5,-183.3,60.2,0.0167,0.003
odysseus,arm.R.pitch,92.833,-34.4,0,-183.3,60.2,0.0167,0.001
odysseus,arm.R.pitch,100.417,-34.4,0,-183.3,60.2,0.0166,0.001
odysseus,arm.R.out,0,0,0,-11.5,31.5,0,0
odysseus,arm.R.out,1,16.5,198.5,-11.5,31.5,0.0109,0.076
odysseus,arm.R.out,1.083,25.8,111.6,-11.5,31.5,0.0139,0.055
odysseus,arm.R.out,1.167,29.8,47.3,-11.5,31.5,0.0154,0.026
odysseus,arm.R.out,1.25,30.3,5.7,-11.5,31.5,0.0153,0.004
odysseus,arm.R.out,1.333,29.1,-13.2,-11.5,31.5,0.0146,0.007
odysseus,arm.R.out,1.417,28.4,-9.5,-11.5,31.5,0.014,0.005
odysseus,arm.R.out,1.5,26.9,-17,-11.5,31.5,0.0134,0.008
odysseus,arm.R.out,1.583,25.5,-17,-11.5,31.5,0.0127,0.008
odysseus,arm.R.out,1.667,24.1,-17,-11.5,31.5,0.012,0.007
odysseus,arm.R.out,1.75,22.7,-17,-11.5,31.5,0.0114,0.007
odysseus,arm.R.out,1.833,21.3,-17,-11.5,31.5,0.0107,0.007
odysseus,arm.R.out,1.917,19.7,-18.9,-11.5,31.5,0.0099,0.007
odysseus,arm.R.out,2,15.8,-47.3,-11.5,31.5,0.0083,0.014
odysseus,arm.R.out,2.083,10.6,-61.5,-11.5,31.5,0.0056,0.012
odysseus,arm.R.out,2.167,5.5,-61.5,-11.5,31.5,0.0028,0.006
odysseus,arm.R.out,2.25,1.6,-47.3,-11.5,31.5,0.001,0.002
odysseus,arm.R.out,2.333,0,-18.9,-11.5,31.5,0.0004,0
odysseus,arm.R.out,2.417,0,0,-11.5,31.5,0.0002,0
odysseus,arm.R.out,3.167,5,60.5,-11.5,31.5,0.0033,0.007
odysseus,arm.R.out,3.25,9.2,49.5,-11.5,31.5,0.0048,0.008
odysseus,arm.R.out,3.333,12.4,38.5,-11.5,31.5,0.0064,0.009
odysseus,arm.R.out,3.417,14.7,27.5,-11.5,31.5,0.0076,0.007
odysseus,arm.R.out,3.5,16,16.5,-11.5,31.5,0.0083,0.005
odysseus,arm.R.out,3.583,16.5,5.5,-11.5,31.5,0.0085,0.002
odysseus,arm.R.out,3.667,15.7,-9.9,-11.5,31.5,0.0081,0.003
odysseus,arm.R.out,3.75,14.9,-9.9,-11.5,31.5,0.0075,0.003
odysseus,arm.R.out,3.833,14,-9.9,-11.5,31.5,0.0071,0.003
odysseus,arm.R.out,3.917,13.2,-9.9,-11.5,31.5,0.0067,0.002
odysseus,arm.R.out,4,12.4,-9.9,-11.5,31.5,0.0063,0.002
odysseus,arm.R.out,4.083,11.5,-11,-11.5,31.5,0.0059,0.002
odysseus,arm.R.out,4.167,9.2,-27.5,-11.5,31.5,0.0049,0.005
odysseus,arm.R.out,4.25,6.2,-35.8,-11.5,31.5,0.0033,0.004
odysseus,arm.R.out,4.333,3.2,-35.8,-11.5,31.5,0.0016,0.002
odysseus,arm.R.out,4.417,0.9,-27.5,-11.5,31.5,0.0006,0.001
odysseus,arm.R.out,4.5,0,-11,-11.5,31.5,0.0002,0
odysseus,arm.R.out,4.583,0,0,-11.5,31.5,0.0001,0
odysseus,arm.R.out,7.833,13.5,162.4,-11.5,31.5,0.0089,0.051
odysseus,arm.R.out,7.917,21.1,91.3,-11.5,31.5,0.0115,0.037
odysseus,arm.R.out,8,24.4,38.7,-11.5,31.5,0.0128,0.018
odysseus,arm.R.out,8.083,24.8,4.6,-11.5,31.5,0.0127,0.002
odysseus,arm.R.out,8.167,23.8,-10.8,-11.5,31.5,0.0121,0.005
odysseus,arm.R.out,8.25,23.2,-7.7,-11.5,31.5,0.0116,0.003
odysseus,arm.R.out,8.333,22.2,-11.6,-11.5,31.5,0.0112,0.005
odysseus,arm.R.out,8.417,21.3,-11.6,-11.5,31.5,0.0107,0.005
odysseus,arm.R.out,8.5,20.3,-11.6,-11.5,31.5,0.0102,0.004
odysseus,arm.R.out,8.583,19.3,-11.6,-11.5,31.5,0.0097,0.004
odysseus,arm.R.out,8.667,18.4,-11.6,-11.5,31.5,0.0093,0.004
odysseus,arm.R.out,8.75,17.4,-11.6,-11.5,31.5,0.0088,0.004
odysseus,arm.R.out,8.833,16.1,-15.5,-11.5,31.5,0.0082,0.005
odysseus,arm.R.out,8.917,12.9,-38.7,-11.5,31.5,0.0069,0.009
odysseus,arm.R.out,9,8.7,-50.3,-11.5,31.5,0.0046,0.008
odysseus,arm.R.out,9.083,4.5,-50.3,-11.5,31.5,0.0023,0.004
odysseus,arm.R.out,9.167,1.3,-38.7,-11.5,31.5,0.0008,0.001
odysseus,arm.R.out,9.25,0,-15.5,-11.5,31.5,0.0003,0
odysseus,arm.R.out,9.333,0,0,-11.5,31.5,0.0002,0
odysseus,arm.R.out,12.25,15.5,185.8,-11.5,31.5,0.0102,0.066
odysseus,arm.R.out,12.333,22.9,88.7,-11.5,31.5,0.0127,0.039
odysseus,arm.R.out,12.417,24.8,23.6,-11.5,31.5,0.0132,0.011
odysseus,arm.R.out,12.5,24.1,-9.4,-11.5,31.5,0.0124,0.004
odysseus,arm.R.out,12.583,23.2,-10.2,-11.5,31.5,0.0116,0.004
odysseus,arm.R.out,12.667,22.2,-11.6,-11.5,31.5,0.0112,0.005
odysseus,arm.R.out,12.75,21.3,-11.6,-11.5,31.5,0.0107,0.005
odysseus,arm.R.out,12.833,20.3,-11.6,-11.5,31.5,0.0102,0.004
odysseus,arm.R.out,12.917,19.3,-11.6,-11.5,31.5,0.0097,0.004
odysseus,arm.R.out,13,18.4,-11.6,-11.5,31.5,0.0093,0.004
odysseus,arm.R.out,13.083,17.4,-11.6,-11.5,31.5,0.0088,0.004
odysseus,arm.R.out,13.167,16.1,-15.5,-11.5,31.5,0.0082,0.005
odysseus,arm.R.out,13.25,12.9,-38.7,-11.5,31.5,0.0069,0.009
odysseus,arm.R.out,13.333,8.7,-50.3,-11.5,31.5,0.0046,0.008
odysseus,arm.R.out,13.417,4.5,-50.3,-11.5,31.5,0.0023,0.004
odysseus,arm.R.out,13.5,1.3,-38.7,-11.5,31.5,0.0008,0.001
odysseus,arm.R.out,13.583,0,-15.5,-11.5,31.5,0.0003,0
odysseus,arm.R.out,13.667,0,0,-11.5,31.5,0.0002,0
odysseus,arm.R.out,14.833,5,60.5,-11.5,31.5,0.0033,0.007
odysseus,arm.R.out,14.917,9.2,49.5,-11.5,31.5,0.0048,0.008
odysseus,arm.R.out,15,12.4,38.5,-11.5,31.5,0.0064,0.009
odysseus,arm.R.out,15.083,14.7,27.5,-11.5,31.5,0.0076,0.007
odysseus,arm.R.out,15.167,16,16.5,-11.5,31.5,0.0083,0.005
odysseus,arm.R.out,15.25,16.5,5.5,-11.5,31.5,0.0085,0.002
odysseus,arm.R.out,15.333,15.8,-8.3,-11.5,31.5,0.0082,0.002
odysseus,arm.R.out,15.417,15.1,-8.3,-11.5,31.5,0.0077,0.002
odysseus,arm.R.out,15.5,14.4,-8.3,-11.5,31.5,0.0073,0.002
odysseus,arm.R.out,15.583,13.8,-8.3,-11.5,31.5,0.007,0.002
odysseus,arm.R.out,15.667,13.1,-8.3,-11.5,31.5,0.0067,0.002
odysseus,arm.R.out,15.75,12.4,-8.3,-11.5,31.5,0.0063,0.002
odysseus,arm.R.out,15.833,11.5,-11,-11.5,31.5,0.0059,0.002
odysseus,arm.R.out,15.917,9.2,-27.5,-11.5,31.5,0.0049,0.005
odysseus,arm.R.out,16,6.2,-35.8,-11.5,31.5,0.0033,0.004
odysseus,arm.R.out,16.083,3.2,-35.8,-11.5,31.5,0.0016,0.002
odysseus,arm.R.out,16.167,0.9,-27.5,-11.5,31.5,0.0006,0.001
odysseus,arm.R.out,16.25,0,-11,-11.5,31.5,0.0002,0
odysseus,arm.R.out,16.333,0,0,-11.5,31.5,0.0001,0
odysseus,arm.R.out,29,-0.8,-9.2,-11.5,31.5,0.0005,0
odysseus,arm.R.out,29.083,-1.4,-7.6,-11.5,31.5,0.0007,0
odysseus,arm.R.out,29.167,-1.9,-5.9,-11.5,31.5,0.001,0
odysseus,arm.R.out,29.25,-2.2,-4.2,-11.5,31.5,0.0012,0
odysseus,arm.R.out,29.333,-2.5,-2.5,-11.5,31.5,0.0013,0
odysseus,arm.R.out,29.417,-2.5,-0.8,-11.5,31.5,0.0013,0
odysseus,arm.R.out,29.5,-2.4,1.5,-11.5,31.5,0.0013,0
odysseus,arm.R.out,29.583,-2.3,1.5,-11.5,31.5,0.0012,0
odysseus,arm.R.out,29.667,-2.1,1.5,-11.5,31.5,0.0011,0
odysseus,arm.R.out,29.75,-2,1.5,-11.5,31.5,0.001,0
odysseus,arm.R.out,29.833,-1.9,1.5,-11.5,31.5,0.001,0
odysseus,arm.R.out,29.917,-1.8,1.7,-11.5,31.5,0.0009,0
odysseus,arm.R.out,30,-1.4,4.2,-11.5,31.5,0.0008,0
odysseus,arm.R.out,30.083,-0.9,5.5,-11.5,31.5,0.0005,0
odysseus,arm.R.out,30.167,-0.5,5.5,-11.5,31.5,0.0003,0
odysseus,arm.R.out,30.25,-0.1,4.2,-11.5,31.5,0.0001,0
odysseus,arm.R.out,30.333,0,1.7,-11.5,31.5,0,0
odysseus,arm.R.out,30.417,0,0,-11.5,31.5,0,0
odysseus,arm.R.out,30.833,5,60.5,-11.5,31.5,0.0033,0.007
odysseus,arm.R.out,30.917,9.2,49.5,-11.5,31.5,0.0048,0.008
odysseus,arm.R.out,31,12.4,38.5,-11.5,31.5,0.0064,0.009
odysseus,arm.R.out,31.083,14.7,27.5,-11.5,31.5,0.0076,0.007
odysseus,arm.R.out,31.167,16,16.5,-11.5,31.5,0.0083,0.005
odysseus,arm.R.out,31.25,16.5,5.5,-11.5,31.5,0.0085,0.002
odysseus,arm.R.out,31.333,15.7,-9.9,-11.5,31.5,0.0081,0.003
odysseus,arm.R.out,31.417,14.9,-9.9,-11.5,31.5,0.0075,0.003
odysseus,arm.R.out,31.5,14,-9.9,-11.5,31.5,0.0071,0.003
odysseus,arm.R.out,31.583,13.2,-9.9,-11.5,31.5,0.0067,0.002
odysseus,arm.R.out,31.667,12.4,-9.9,-11.5,31.5,0.0063,0.002
odysseus,arm.R.out,31.75,11.5,-11,-11.5,31.5,0.0059,0.002
odysseus,arm.R.out,31.833,9.2,-27.5,-11.5,31.5,0.0049,0.005
odysseus,arm.R.out,31.917,6.2,-35.8,-11.5,31.5,0.0033,0.004
odysseus,arm.R.out,32,3.2,-35.8,-11.5,31.5,0.0016,0.002
odysseus,arm.R.out,32.083,0.9,-27.5,-11.5,31.5,0.0006,0.001
odysseus,arm.R.out,32.167,0,-11,-11.5,31.5,0.0002,0
odysseus,arm.R.out,32.25,0,0,-11.5,31.5,0.0001,0
odysseus,arm.R.out,36,-0.6,-7.6,-11.5,31.5,0.0004,0
odysseus,arm.R.out,36.083,-1.1,-6.2,-11.5,31.5,0.0006,0
odysseus,arm.R.out,36.167,-1.5,-4.8,-11.5,31.5,0.0008,0
odysseus,arm.R.out,36.25,-1.8,-3.4,-11.5,31.5,0.001,0
odysseus,arm.R.out,36.333,-2,-2.1,-11.5,31.5,0.001,0
odysseus,arm.R.out,36.417,-2.1,-0.7,-11.5,31.5,0.0011,0
odysseus,arm.R.out,36.5,-2,1.2,-11.5,31.5,0.001,0
odysseus,arm.R.out,36.583,-1.9,1.2,-11.5,31.5,0.001,0
odysseus,arm.R.out,36.667,-1.8,1.2,-11.5,31.5,0.0009,0
odysseus,arm.R.out,36.75,-1.7,1.2,-11.5,31.5,0.0008,0
odysseus,arm.R.out,36.833,-1.5,1.2,-11.5,31.5,0.0008,0
odysseus,arm.R.out,36.917,-1.4,1.4,-11.5,31.5,0.0007,0
odysseus,arm.R.out,37,-1.1,3.4,-11.5,31.5,0.0006,0
odysseus,arm.R.out,37.083,-0.8,4.5,-11.5,31.5,0.0004,0
odysseus,arm.R.out,37.167,-0.4,4.5,-11.5,31.5,0.0002,0
odysseus,arm.R.out,37.25,-0.1,3.4,-11.5,31.5,0.0001,0
odysseus,arm.R.out,37.333,0,1.4,-11.5,31.5,0,0
odysseus,arm.R.out,37.417,0,0,-11.5,31.5,0,0
odysseus,arm.R.out,37.917,-0.6,-7.6,-11.5,31.5,0.0004,0
odysseus,arm.R.out,38,-1.1,-6.2,-11.5,31.5,0.0006,0
odysseus,arm.R.out,38.083,-1.5,-4.8,-11.5,31.5,0.0008,0
odysseus,arm.R.out,38.167,-1.8,-3.4,-11.5,31.5,0.001,0
odysseus,arm.R.out,38.25,-2,-2.1,-11.5,31.5,0.001,0
odysseus,arm.R.out,38.333,-2.1,-0.7,-11.5,31.5,0.0011,0
odysseus,arm.R.out,38.417,-2,1.2,-11.5,31.5,0.001,0
odysseus,arm.R.out,38.5,-1.9,1.2,-11.5,31.5,0.001,0
odysseus,arm.R.out,38.583,-1.8,1.2,-11.5,31.5,0.0009,0
odysseus,arm.R.out,38.667,-1.7,1.2,-11.5,31.5,0.0008,0
odysseus,arm.R.out,38.75,-1.5,1.2,-11.5,31.5,0.0008,0
odysseus,arm.R.out,38.833,-1.4,1.4,-11.5,31.5,0.0007,0
odysseus,arm.R.out,38.917,-1.1,3.4,-11.5,31.5,0.0006,0
odysseus,arm.R.out,39,-0.8,4.5,-11.5,31.5,0.0004,0
odysseus,arm.R.out,39.083,-0.4,4.5,-11.5,31.5,0.0002,0
odysseus,arm.R.out,39.167,-0.1,3.4,-11.5,31.5,0.0001,0
odysseus,arm.R.out,39.25,0,1.4,-11.5,31.5,0,0
odysseus,arm.R.out,39.333,0,0,-11.5,31.5,0,0
odysseus,arm.R.out,42.75,5,60.5,-11.5,31.5,0.0033,0.007
odysseus,arm.R.out,42.833,9.2,49.5,-11.5,31.5,0.0048,0.008
odysseus,arm.R.out,42.917,12.4,38.5,-11.5,31.5,0.0064,0.009
odysseus,arm.R.out,43,14.7,27.5,-11.5,31.5,0.0076,0.007
odysseus,arm.R.out,43.083,16,16.5,-11.5,31.5,0.0083,0.005
odysseus,arm.R.out,43.167,16.5,5.5,-11.5,31.5,0.0085,0.002
odysseus,arm.R.out,43.25,15.8,-8.3,-11.5,31.5,0.0082,0.002
odysseus,arm.R.out,43.333,15.1,-8.3,-11.5,31.5,0.0077,0.002
odysseus,arm.R.out,43.417,14.4,-8.3,-11.5,31.5,0.0073,0.002
odysseus,arm.R.out,43.5,13.8,-8.3,-11.5,31.5,0.007,0.002
odysseus,arm.R.out,43.583,13.1,-8.3,-11.5,31.5,0.0067,0.002
odysseus,arm.R.out,43.667,12.4,-8.3,-11.5,31.5,0.0063,0.002
odysseus,arm.R.out,43.75,11.5,-11,-11.5,31.5,0.0059,0.002
odysseus,arm.R.out,43.833,9.2,-27.5,-11.5,31.5,0.0049,0.005
odysseus,arm.R.out,43.917,6.2,-35.8,-11.5,31.5,0.0033,0.004
odysseus,arm.R.out,44,3.2,-35.8,-11.5,31.5,0.0016,0.002
odysseus,arm.R.out,44.083,0.9,-27.5,-11.5,31.5,0.0006,0.001
odysseus,arm.R.out,44.167,0,-11,-11.5,31.5,0.0002,0
odysseus,arm.R.out,44.25,0,0,-11.5,31.5,0.0001,0
odysseus,arm.R.out,44.667,-0.7,-8.9,-11.5,31.5,0.0005,0
odysseus,arm.R.out,44.75,-1.3,-6.9,-11.5,31.5,0.0007,0
odysseus,arm.R.out,44.833,-1.7,-5,-11.5,31.5,0.0009,0
odysseus,arm.R.out,44.917,-2,-3,-11.5,31.5,0.001,0
odysseus,arm.R.out,45,-2.1,-1,-11.5,31.5,0.0011,0
odysseus,arm.R.out,45.083,-2,1,-11.5,31.5,0.001,0
odysseus,arm.R.out,45.167,-1.9,1,-11.5,31.5,0.001,0
odysseus,arm.R.out,45.25,-1.8,1,-11.5,31.5,0.0009,0
odysseus,arm.R.out,45.333,-1.7,1,-11.5,31.5,0.0009,0
odysseus,arm.R.out,45.417,-1.6,1,-11.5,31.5,0.0008,0
odysseus,arm.R.out,45.5,-1.5,1,-11.5,31.5,0.0008,0
odysseus,arm.R.out,45.583,-1.4,1.4,-11.5,31.5,0.0007,0
odysseus,arm.R.out,45.667,-1.1,3.4,-11.5,31.5,0.0006,0
odysseus,arm.R.out,45.75,-0.8,4.5,-11.5,31.5,0.0004,0
odysseus,arm.R.out,45.833,-0.4,4.5,-11.5,31.5,0.0002,0
odysseus,arm.R.out,45.917,-0.1,3.4,-11.5,31.5,0.0001,0
odysseus,arm.R.out,46,0,1.4,-11.5,31.5,0,0
odysseus,arm.R.out,46.083,0,0,-11.5,31.5,0,0
odysseus,arm.R.out,100.417,0,0,-11.5,31.5,0,0
odysseus,arm.L.pitch,0,-22.9,0,-183.3,60.2,0.0115,0
odysseus,arm.L.pitch,17.167,-23.1,-2.2,-183.3,60.2,0.0116,0.001
odysseus,arm.L.pitch,17.25,-23.8,-8,-183.3,60.2,0.0119,0.004
odysseus,arm.L.pitch,17.333,-24.8,-12.7,-183.3,60.2,0.0124,0.006
odysseus,arm.L.pitch,17.417,-26.2,-16.2,-183.3,60.2,0.013,0.008
odysseus,arm.L.pitch,17.5,-27.7,-18.3,-183.3,60.2,0.0137,0.009
odysseus,arm.L.pitch,17.583,-29.3,-19,-183.3,60.2,0.0144,0.01
odysseus,arm.L.pitch,17.667,-30.8,-18.5,-183.3,60.2,0.0151,0.01
odysseus,arm.L.pitch,17.75,-32.2,-16.7,-183.3,60.2,0.0157,0.01
odysseus,arm.L.pitch,17.833,-33.3,-13.5,-183.3,60.2,0.0162,0.008
odysseus,arm.L.pitch,17.917,-34.1,-9.1,-183.3,60.2,0.0166,0.006
odysseus,arm.L.pitch,18,-34.4,-3.3,-183.3,60.2,0.0167,0.002
odysseus,arm.L.pitch,18.083,-34.4,0,-183.3,60.2,0.0167,0.001
odysseus,arm.L.pitch,21.083,-35.1,-8.2,-183.3,60.2,0.017,0.005
odysseus,arm.L.pitch,21.167,-36.9,-22.3,-183.3,60.2,0.0179,0.015
odysseus,arm.L.pitch,21.25,-39.7,-32.8,-183.3,60.2,0.0189,0.022
odysseus,arm.L.pitch,21.333,-43,-39.9,-183.3,60.2,0.0201,0.029
odysseus,arm.L.pitch,21.417,-46.6,-43.4,-183.3,60.2,0.0214,0.033
odysseus,arm.L.pitch,21.5,-50.2,-43.4,-183.3,60.2,0.0226,0.035
odysseus,arm.L.pitch,21.583,-53.5,-39.9,-183.3,60.2,0.0237,0.034
odysseus,arm.L.pitch,21.667,-56.3,-32.8,-183.3,60.2,0.0246,0.029
odysseus,arm.L.pitch,21.75,-58.1,-22.3,-183.3,60.2,0.0251,0.021
odysseus,arm.L.pitch,21.833,-58.8,-8.2,-183.3,60.2,0.0253,0.009
odysseus,arm.L.pitch,21.917,-58.8,0.5,-183.3,60.2,0.0253,0.002
odysseus,arm.L.pitch,22,-58.6,1.4,-183.3,60.2,0.0251,0.003
odysseus,arm.L.pitch,22.083,-58.4,2.3,-183.3,60.2,0.0251,0.003
odysseus,arm.L.pitch,22.167,-58.2,3,-183.3,60.2,0.025,0.004
odysseus,arm.L.pitch,22.25,-57.9,3.7,-183.3,60.2,0.0249,0.004
odysseus,arm.L.pitch,22.333,-57.5,4.2,-183.3,60.2,0.0248,0.005
odysseus,arm.L.pitch,22.417,-57.2,4.7,-183.3,60.2,0.0247,0.005
odysseus,arm.L.pitch,22.5,-56.7,5.1,-183.3,60.2,0.0246,0.006
odysseus,arm.L.pitch,22.583,-56.3,5.3,-183.3,60.2,0.0245,0.006
odysseus,arm.L.pitch,22.667,-55.8,5.5,-183.3,60.2,0.0244,0.006
odysseus,arm.L.pitch,22.75,-55.4,5.6,-183.3,60.2,0.0242,0.006
odysseus,arm.L.pitch,22.833,-54.9,5.6,-183.3,60.2,0.0241,0.006
odysseus,arm.L.pitch,22.917,-54.4,5.5,-183.3,60.2,0.0239,0.006
odysseus,arm.L.pitch,23,-54,5.3,-183.3,60.2,0.0238,0.006
odysseus,arm.L.pitch,23.083,-53.6,5.1,-183.3,60.2,0.0237,0.005
odysseus,arm.L.pitch,23.167,-53.2,4.7,-183.3,60.2,0.0236,0.005
odysseus,arm.L.pitch,23.25,-52.8,4.2,-183.3,60.2,0.0235,0.005
odysseus,arm.L.pitch,23.333,-52.5,3.7,-183.3,60.2,0.0234,0.004
odysseus,arm.L.pitch,23.417,-52.3,3,-183.3,60.2,0.0233,0.004
odysseus,arm.L.pitch,23.5,-52.1,2.3,-183.3,60.2,0.0232,0.003
odysseus,arm.L.pitch,23.583,-52,1.4,-183.3,60.2,0.0232,0.002
odysseus,arm.L.pitch,23.667,-51.9,0.5,-183.3,60.2,0.0232,0.001
odysseus,arm.L.pitch,27.833,-51.8,1.1,-183.3,60.2,0.0231,0.002
odysseus,arm.L.pitch,27.917,-51.5,3.7,-183.3,60.2,0.0231,0.004
odysseus,arm.L.pitch,28,-51,6,-183.3,60.2,0.0229,0.006
odysseus,arm.L.pitch,28.083,-50.4,7.9,-183.3,60.2,0.0227,0.007
odysseus,arm.L.pitch,28.167,-49.6,9.5,-183.3,60.2,0.0224,0.008
odysseus,arm.L.pitch,28.25,-48.7,10.7,-183.3,60.2,0.0221,0.009
odysseus,arm.L.pitch,28.333,-47.7,11.6,-183.3,60.2,0.0218,0.01
odysseus,arm.L.pitch,28.417,-46.7,12.1,-183.3,60.2,0.0214,0.01
odysseus,arm.L.pitch,28.5,-45.7,12.3,-183.3,60.2,0.0211,0.01
odysseus,arm.L.pitch,28.583,-44.7,12.1,-183.3,60.2,0.0207,0.01
odysseus,arm.L.pitch,28.667,-43.7,11.6,-183.3,60.2,0.0203,0.009
odysseus,arm.L.pitch,28.75,-42.8,10.7,-183.3,60.2,0.02,0.008
odysseus,arm.L.pitch,28.833,-42,9.5,-183.3,60.2,0.0197,0.007
odysseus,arm.L.pitch,28.917,-41.4,7.9,-183.3,60.2,0.0195,0.006
odysseus,arm.L.pitch,29,-40.9,6,-183.3,60.2,0.0193,0.005
odysseus,arm.L.pitch,29.083,-40.6,3.8,-183.3,60.2,0.0192,0.003
odysseus,arm.L.pitch,29.167,-40.5,1.2,-183.3,60.2,0.0191,0.002
odysseus,arm.L.pitch,29.25,-40.5,0,-183.3,60.2,0.0191,0.001
odysseus,arm.L.pitch,46.417,-40.4,0.9,-183.3,60.2,0.0191,0.001
odysseus,arm.L.pitch,46.5,-39.9,5.8,-183.3,60.2,0.0189,0.005
odysseus,arm.L.pitch,46.583,-39,10.5,-183.3,60.2,0.0186,0.008
odysseus,arm.L.pitch,46.667,-37.8,14.6,-183.3,60.2,0.0181,0.01
odysseus,arm.L.pitch,46.75,-36.3,18,-183.3,60.2,0.0175,0.012
odysseus,arm.L.pitch,46.833,-34.6,20.6,-183.3,60.2,0.0167,0.013
odysseus,arm.L.pitch,46.917,-32.7,22.6,-183.3,60.2,0.0159,0.013
odysseus,arm.L.pitch,47,-30.7,23.9,-183.3,60.2,0.015,0.013
odysseus,arm.L.pitch,47.083,-28.7,24.5,-183.3,60.2,0.0141,0.012
odysseus,arm.L.pitch,47.167,-26.6,24.4,-183.3,60.2,0.0132,0.012
odysseus,arm.L.pitch,47.25,-24.7,23.6,-183.3,60.2,0.0123,0.01
odysseus,arm.L.pitch,47.333,-22.8,22.1,-183.3,60.2,0.0114,0.009
odysseus,arm.L.pitch,47.417,-21.2,19.9,-183.3,60.2,0.0107,0.008
odysseus,arm.L.pitch,47.5,-19.8,17,-183.3,60.2,0.01,0.006
odysseus,arm.L.pitch,47.583,-18.7,13.4,-183.3,60.2,0.0095,0.005
odysseus,arm.L.pitch,47.667,-17.9,9.1,-183.3,60.2,0.0091,0.003
odysseus,arm.L.pitch,47.75,-17.6,4.1,-183.3,60.2,0.0089,0.001
odysseus,arm.L.pitch,47.833,-17.5,0.2,-183.3,60.2,0.0089,0
odysseus,arm.L.pitch,100.417,-17.5,0,-183.3,60.2,0.0089,0
odysseus,arm.L.out,0,0,0,-11.5,31.5,0,0
odysseus,arm.L.out,100.417,0,0,-11.5,31.5,0,0
odysseus,hand.R.roll,0,0,0,-74.5,74.5,0,0
odysseus,hand.R.roll,1,3.1,37.7,-74.5,74.5,0,0
odysseus,hand.R.roll,1.083,11.2,97.2,-74.5,74.5,0,0
odysseus,hand.R.roll,1.167,22.3,133,-74.5,74.5,0,0
odysseus,hand.R.roll,1.25,34.4,144.9,-74.5,74.5,0,0
odysseus,hand.R.roll,1.333,45.5,133,-74.5,74.5,0,0
odysseus,hand.R.roll,1.417,53.6,97.2,-74.5,74.5,0,0
odysseus,hand.R.roll,1.5,56.7,37.7,-74.5,74.5,0,0
odysseus,hand.R.roll,1.583,55.1,-19.1,-74.5,74.5,0,0
odysseus,hand.R.roll,1.667,50.8,-51.7,-74.5,74.5,0,0
odysseus,hand.R.roll,1.75,44.5,-76.2,-74.5,74.5,0,0
odysseus,hand.R.roll,1.833,36.8,-92.6,-74.5,74.5,0,0
odysseus,hand.R.roll,1.917,28.4,-100.7,-74.5,74.5,0,0
odysseus,hand.R.roll,2,20,-100.7,-74.5,74.5,0,0
odysseus,hand.R.roll,2.083,12.3,-92.6,-74.5,74.5,0,0
odysseus,hand.R.roll,2.167,5.9,-76.2,-74.5,74.5,0,0
odysseus,hand.R.roll,2.25,1.6,-51.7,-74.5,74.5,0,0
odysseus,hand.R.roll,2.333,0,-19.1,-74.5,74.5,0,0
odysseus,hand.R.roll,2.417,0,0,-74.5,74.5,0,0
odysseus,hand.R.roll,3.167,1.1,13.3,-74.5,74.5,0,0
odysseus,hand.R.roll,3.25,4,35,-74.5,74.5,0,0
odysseus,hand.R.roll,3.333,8.2,49.6,-74.5,74.5,0,0
odysseus,hand.R.roll,3.417,12.9,56.8,-74.5,74.5,0,0
odysseus,hand.R.roll,3.5,17.6,56.8,-74.5,74.5,0,0
odysseus,hand.R.roll,3.583,21.8,49.6,-74.5,74.5,0,0
odysseus,hand.R.roll,3.667,24.7,35,-74.5,74.5,0,0
odysseus,hand.R.roll,3.75,25.8,13.3,-74.5,74.5,0,0
odysseus,hand.R.roll,3.833,24.9,-10.6,-74.5,74.5,0,0
odysseus,hand.R.roll,3.917,22.5,-28.4,-74.5,74.5,0,0
odysseus,hand.R.roll,4,19.1,-41.2,-74.5,74.5,0,0
odysseus,hand.R.roll,4.083,15,-48.8,-74.5,74.5,0,0
odysseus,hand.R.roll,4.167,10.8,-51.4,-74.5,74.5,0,0
odysseus,hand.R.roll,4.25,6.7,-48.8,-74.5,74.5,0,0
odysseus,hand.R.roll,4.333,3.3,-41.2,-74.5,74.5,0,0
odysseus,hand.R.roll,4.417,0.9,-28.4,-74.5,74.5,0,0
odysseus,hand.R.roll,4.5,0,-10.6,-74.5,74.5,0,0
odysseus,hand.R.roll,4.583,0,0,-74.5,74.5,0,0
odysseus,hand.R.roll,7.833,2,23.9,-74.5,74.5,0,0
odysseus,hand.R.roll,7.917,7.3,63.1,-74.5,74.5,0,0
odysseus,hand.R.roll,8,14.7,89.2,-74.5,74.5,0,0
odysseus,hand.R.roll,8.083,23.2,102.2,-74.5,74.5,0,0
odysseus,hand.R.roll,8.167,31.7,102.2,-74.5,74.5,0,0
odysseus,hand.R.roll,8.25,39.2,89.2,-74.5,74.5,0,0
odysseus,hand.R.roll,8.333,44.4,63.1,-74.5,74.5,0,0
odysseus,hand.R.roll,8.417,46.4,23.9,-74.5,74.5,0,0
odysseus,hand.R.roll,8.5,45.1,-15.6,-74.5,74.5,0,0
odysseus,hand.R.roll,8.583,41.6,-42.3,-74.5,74.5,0,0
odysseus,hand.R.roll,8.667,36.4,-62.4,-74.5,74.5,0,0
odysseus,hand.R.roll,8.75,30.1,-75.7,-74.5,74.5,0,0
odysseus,hand.R.roll,8.833,23.2,-82.4,-74.5,74.5,0,0
odysseus,hand.R.roll,8.917,16.3,-82.4,-74.5,74.5,0,0
odysseus,hand.R.roll,9,10,-75.7,-74.5,74.5,0,0
odysseus,hand.R.roll,9.083,4.8,-62.4,-74.5,74.5,0,0
odysseus,hand.R.roll,9.167,1.3,-42.3,-74.5,74.5,0,0
odysseus,hand.R.roll,9.25,0,-15.6,-74.5,74.5,0,0
odysseus,hand.R.roll,9.333,0,0,-74.5,74.5,0,0
odysseus,hand.R.roll,12.25,2.6,30.8,-74.5,74.5,0,0
odysseus,hand.R.roll,12.333,9.2,79.6,-74.5,74.5,0,0
odysseus,hand.R.roll,12.417,18.3,108.8,-74.5,74.5,0,0
odysseus,hand.R.roll,12.5,28.1,118.5,-74.5,74.5,0,0
odysseus,hand.R.roll,12.583,37.2,108.8,-74.5,74.5,0,0
odysseus,hand.R.roll,12.667,43.8,79.6,-74.5,74.5,0,0
odysseus,hand.R.roll,12.75,46.4,30.8,-74.5,74.5,0,0
odysseus,hand.R.roll,12.833,45.1,-15.6,-74.5,74.5,0,0
odysseus,hand.R.roll,12.917,41.6,-42.3,-74.5,74.5,0,0
odysseus,hand.R.roll,13,36.4,-62.4,-74.5,74.5,0,0
odysseus,hand.R.roll,13.083,30.1,-75.7,-74.5,74.5,0,0
odysseus,hand.R.roll,13.167,23.2,-82.4,-74.5,74.5,0,0
odysseus,hand.R.roll,13.25,16.3,-82.4,-74.5,74.5,0,0
odysseus,hand.R.roll,13.333,10,-75.7,-74.5,74.5,0,0
odysseus,hand.R.roll,13.417,4.8,-62.4,-74.5,74.5,0,0
odysseus,hand.R.roll,13.5,1.3,-42.3,-74.5,74.5,0,0
odysseus,hand.R.roll,13.583,0,-15.6,-74.5,74.5,0,0
odysseus,hand.R.roll,13.667,0,0,-74.5,74.5,0,0
odysseus,hand.R.roll,14.833,1.1,13.3,-74.5,74.5,0,0
odysseus,hand.R.roll,14.917,4,35,-74.5,74.5,0,0
odysseus,hand.R.roll,15,8.2,49.6,-74.5,74.5,0,0
odysseus,hand.R.roll,15.083,12.9,56.8,-74.5,74.5,0,0
odysseus,hand.R.roll,15.167,17.6,56.8,-74.5,74.5,0,0
odysseus,hand.R.roll,15.25,21.8,49.6,-74.5,74.5,0,0
odysseus,hand.R.roll,15.333,24.7,35,-74.5,74.5,0,0
odysseus,hand.R.roll,15.417,25.8,13.3,-74.5,74.5,0,0
odysseus,hand.R.roll,15.5,25.1,-8.7,-74.5,74.5,0,0
odysseus,hand.R.roll,15.583,23.1,-23.5,-74.5,74.5,0,0
odysseus,hand.R.roll,15.667,20.2,-34.7,-74.5,74.5,0,0
odysseus,hand.R.roll,15.75,16.7,-42.1,-74.5,74.5,0,0
odysseus,hand.R.roll,15.833,12.9,-45.8,-74.5,74.5,0,0
odysseus,hand.R.roll,15.917,9.1,-45.8,-74.5,74.5,0,0
odysseus,hand.R.roll,16,5.6,-42.1,-74.5,74.5,0,0
odysseus,hand.R.roll,16.083,2.7,-34.7,-74.5,74.5,0,0
odysseus,hand.R.roll,16.167,0.7,-23.5,-74.5,74.5,0,0
odysseus,hand.R.roll,16.25,0,-8.7,-74.5,74.5,0,0
odysseus,hand.R.roll,16.333,0,0,-74.5,74.5,0,0
odysseus,hand.R.roll,29,-1.1,-13,-74.5,74.5,0,0
odysseus,hand.R.roll,29.083,-3.9,-34.3,-74.5,74.5,0,0
odysseus,hand.R.roll,29.167,-8,-48.5,-74.5,74.5,0,0
odysseus,hand.R.roll,29.25,-12.6,-55.5,-74.5,74.5,0,0
odysseus,hand.R.roll,29.333,-17.2,-55.5,-74.5,74.5,0,0
odysseus,hand.R.roll,29.417,-21.3,-48.5,-74.5,74.5,0,0
odysseus,hand.R.roll,29.5,-24.1,-34.3,-74.5,74.5,0,0
odysseus,hand.R.roll,29.583,-25.2,-13,-74.5,74.5,0,0
odysseus,hand.R.roll,29.667,-24.3,10.4,-74.5,74.5,0,0
odysseus,hand.R.roll,29.75,-22,27.8,-74.5,74.5,0,0
odysseus,hand.R.roll,29.833,-18.7,40.3,-74.5,74.5,0,0
odysseus,hand.R.roll,29.917,-14.7,47.7,-74.5,74.5,0,0
odysseus,hand.R.roll,30,-10.5,50.2,-74.5,74.5,0,0
odysseus,hand.R.roll,30.083,-6.5,47.7,-74.5,74.5,0,0
odysseus,hand.R.roll,30.167,-3.2,40.3,-74.5,74.5,0,0
odysseus,hand.R.roll,30.25,-0.9,27.8,-74.5,74.5,0,0
odysseus,hand.R.roll,30.333,0,10.4,-74.5,74.5,0,0
odysseus,hand.R.roll,30.417,0,0,-74.5,74.5,0,0
odysseus,hand.R.roll,30.833,1.1,13.3,-74.5,74.5,0,0
odysseus,hand.R.roll,30.917,4,35,-74.5,74.5,0,0
odysseus,hand.R.roll,31,8.2,49.6,-74.5,74.5,0,0
odysseus,hand.R.roll,31.083,12.9,56.8,-74.5,74.5,0,0
odysseus,hand.R.roll,31.167,17.6,56.8,-74.5,74.5,0,0
odysseus,hand.R.roll,31.25,21.8,49.6,-74.5,74.5,0,0
odysseus,hand.R.roll,31.333,24.7,35,-74.5,74.5,0,0
odysseus,hand.R.roll,31.417,25.8,13.3,-74.5,74.5,0,0
odysseus,hand.R.roll,31.5,24.9,-10.6,-74.5,74.5,0,0
odysseus,hand.R.roll,31.583,22.5,-28.4,-74.5,74.5,0,0
odysseus,hand.R.roll,31.667,19.1,-41.2,-74.5,74.5,0,0
odysseus,hand.R.roll,31.75,15,-48.8,-74.5,74.5,0,0
odysseus,hand.R.roll,31.833,10.8,-51.4,-74.5,74.5,0,0
odysseus,hand.R.roll,31.917,6.7,-48.8,-74.5,74.5,0,0
odysseus,hand.R.roll,32,3.3,-41.2,-74.5,74.5,0,0
odysseus,hand.R.roll,32.083,0.9,-28.4,-74.5,74.5,0,0
odysseus,hand.R.roll,32.167,0,-10.6,-74.5,74.5,0,0
odysseus,hand.R.roll,32.25,0,0,-74.5,74.5,0,0
odysseus,hand.R.roll,36,-0.9,-10.6,-74.5,74.5,0,0
odysseus,hand.R.roll,36.083,-3.2,-28,-74.5,74.5,0,0
odysseus,hand.R.roll,36.167,-6.5,-39.6,-74.5,74.5,0,0
odysseus,hand.R.roll,36.25,-10.3,-45.4,-74.5,74.5,0,0
odysseus,hand.R.roll,36.333,-14.1,-45.4,-74.5,74.5,0,0
odysseus,hand.R.roll,36.417,-17.4,-39.6,-74.5,74.5,0,0
odysseus,hand.R.roll,36.5,-19.7,-28,-74.5,74.5,0,0
odysseus,hand.R.roll,36.583,-20.6,-10.6,-74.5,74.5,0,0
odysseus,hand.R.roll,36.667,-19.9,8.5,-74.5,74.5,0,0
odysseus,hand.R.roll,36.75,-18,22.7,-74.5,74.5,0,0
odysseus,hand.R.roll,36.833,-15.3,32.9,-74.5,74.5,0,0
odysseus,hand.R.roll,36.917,-12,39,-74.5,74.5,0,0
odysseus,hand.R.roll,37,-8.6,41.1,-74.5,74.5,0,0
odysseus,hand.R.roll,37.083,-5.3,39,-74.5,74.5,0,0
odysseus,hand.R.roll,37.167,-2.6,32.9,-74.5,74.5,0,0
odysseus,hand.R.roll,37.25,-0.7,22.7,-74.5,74.5,0,0
odysseus,hand.R.roll,37.333,0,8.5,-74.5,74.5,0,0
odysseus,hand.R.roll,37.417,0,0,-74.5,74.5,0,0
odysseus,hand.R.roll,37.917,-0.9,-10.6,-74.5,74.5,0,0
odysseus,hand.R.roll,38,-3.2,-28,-74.5,74.5,0,0
odysseus,hand.R.roll,38.083,-6.5,-39.6,-74.5,74.5,0,0
odysseus,hand.R.roll,38.167,-10.3,-45.4,-74.5,74.5,0,0
odysseus,hand.R.roll,38.25,-14.1,-45.4,-74.5,74.5,0,0
odysseus,hand.R.roll,38.333,-17.4,-39.6,-74.5,74.5,0,0
odysseus,hand.R.roll,38.417,-19.7,-28,-74.5,74.5,0,0
odysseus,hand.R.roll,38.5,-20.6,-10.6,-74.5,74.5,0,0
odysseus,hand.R.roll,38.583,-19.9,8.5,-74.5,74.5,0,0
odysseus,hand.R.roll,38.667,-18,22.7,-74.5,74.5,0,0
odysseus,hand.R.roll,38.75,-15.3,32.9,-74.5,74.5,0,0
odysseus,hand.R.roll,38.833,-12,39,-74.5,74.5,0,0
odysseus,hand.R.roll,38.917,-8.6,41.1,-74.5,74.5,0,0
odysseus,hand.R.roll,39,-5.3,39,-74.5,74.5,0,0
odysseus,hand.R.roll,39.083,-2.6,32.9,-74.5,74.5,0,0
odysseus,hand.R.roll,39.167,-0.7,22.7,-74.5,74.5,0,0
odysseus,hand.R.roll,39.25,0,8.5,-74.5,74.5,0,0
odysseus,hand.R.roll,39.333,0,0,-74.5,74.5,0,0
odysseus,hand.R.roll,42.75,1.1,13.3,-74.5,74.5,0,0
odysseus,hand.R.roll,42.833,4,35,-74.5,74.5,0,0
odysseus,hand.R.roll,42.917,8.2,49.6,-74.5,74.5,0,0
odysseus,hand.R.roll,43,12.9,56.8,-74.5,74.5,0,0
odysseus,hand.R.roll,43.083,17.6,56.8,-74.5,74.5,0,0
odysseus,hand.R.roll,43.167,21.8,49.6,-74.5,74.5,0,0
odysseus,hand.R.roll,43.25,24.7,35,-74.5,74.5,0,0
odysseus,hand.R.roll,43.333,25.8,13.3,-74.5,74.5,0,0
odysseus,hand.R.roll,43.417,25.1,-8.7,-74.5,74.5,0,0
odysseus,hand.R.roll,43.5,23.1,-23.5,-74.5,74.5,0,0
odysseus,hand.R.roll,43.583,20.2,-34.7,-74.5,74.5,0,0
odysseus,hand.R.roll,43.667,16.7,-42.1,-74.5,74.5,0,0
odysseus,hand.R.roll,43.75,12.9,-45.8,-74.5,74.5,0,0
odysseus,hand.R.roll,43.833,9.1,-45.8,-74.5,74.5,0,0
odysseus,hand.R.roll,43.917,5.6,-42.1,-74.5,74.5,0,0
odysseus,hand.R.roll,44,2.7,-34.7,-74.5,74.5,0,0
odysseus,hand.R.roll,44.083,0.7,-23.5,-74.5,74.5,0,0
odysseus,hand.R.roll,44.167,0,-8.7,-74.5,74.5,0,0
odysseus,hand.R.roll,44.25,0,0,-74.5,74.5,0,0
odysseus,hand.R.roll,44.667,-1.1,-13.7,-74.5,74.5,0,0
odysseus,hand.R.roll,44.75,-4.1,-35.4,-74.5,74.5,0,0
odysseus,hand.R.roll,44.833,-8.1,-48.3,-74.5,74.5,0,0
odysseus,hand.R.roll,44.917,-12.5,-52.7,-74.5,74.5,0,0
odysseus,hand.R.roll,45,-16.5,-48.3,-74.5,74.5,0,0
odysseus,hand.R.roll,45.083,-19.5,-35.4,-74.5,74.5,0,0
odysseus,hand.R.roll,45.167,-20.6,-13.7,-74.5,74.5,0,0
odysseus,hand.R.roll,45.25,-20,6.9,-74.5,74.5,0,0
odysseus,hand.R.roll,45.333,-18.5,18.8,-74.5,74.5,0,0
odysseus,hand.R.roll,45.417,-16.2,27.7,-74.5,74.5,0,0
odysseus,hand.R.roll,45.5,-13.4,33.7,-74.5,74.5,0,0
odysseus,hand.R.roll,45.583,-10.3,36.6,-74.5,74.5,0,0
odysseus,hand.R.roll,45.667,-7.3,36.6,-74.5,74.5,0,0
odysseus,hand.R.roll,45.75,-4.5,33.7,-74.5,74.5,0,0
odysseus,hand.R.roll,45.833,-2.1,27.7,-74.5,74.5,0,0
odysseus,hand.R.roll,45.917,-0.6,18.8,-74.5,74.5,0,0
odysseus,hand.R.roll,46,0,6.9,-74.5,74.5,0,0
odysseus,hand.R.roll,46.083,0,0,-74.5,74.5,0,0
odysseus,hand.R.roll,100.417,0,0,-74.5,74.5,0,0
odysseus,hand.L.roll,0,0,0,-74.5,74.5,0,0
odysseus,hand.L.roll,100.417,0,0,-74.5,74.5,0,0
odysseus,leg.R.pitch,0,0,0,-91.7,54.4,0,0
odysseus,leg.R.pitch,100.417,0,0,-91.7,54.4,0,0
odysseus,leg.L.pitch,0,0,0,-91.7,54.4,0,0
odysseus,leg.L.pitch,100.417,0,0,-91.7,54.4,0,0
