# servo timeline for OD-B22-S01 (tools/perform/hardware.js): rows where a channel moves (and where it stops); power is an estimate from a stated model (a 0.30 m puppet; see the file header of hardware.js), not a measurement
# calibration on a rig: encoder velocity -> angular velocity; IMU -> root acceleration; V x I -> electrical power; motor thermistor -> a first-order response to I^2 R, the same form as the motion heat T_m
actor,channel,t,angle_deg,velocity_deg_s,limit_lo_deg,limit_hi_deg,torque_Nm,power_W_est
odysseus-revealed,root.h,0,180,0,,,0,0
odysseus-revealed,root.h,17.083,179.4,-6.6,,,0,0
odysseus-revealed,root.h,17.167,166.6,-154.1,,,0,0
odysseus-revealed,root.h,17.25,140.7,-310.9,,,0,0
odysseus-revealed,root.h,17.333,107,-404.2,,,0,0
odysseus-revealed,root.h,17.417,70.8,-434,,,0,0
odysseus-revealed,root.h,17.5,37.5,-400.4,,,0,0
odysseus-revealed,root.h,17.583,12.2,-303.3,,,0,0
odysseus-revealed,root.h,17.667,0.3,-142.7,,,0,0
odysseus-revealed,root.h,17.75,0,-3.7,,,0,0
odysseus-revealed,root.h,17.833,0,0,,,0,0
odysseus-revealed,root.h,20.167,4.3,51.7,,,0,0
odysseus-revealed,root.h,20.25,21.7,209.3,,,0,0
odysseus-revealed,root.h,20.333,48.7,323.5,,,0,0
odysseus-revealed,root.h,20.417,81,387.4,,,0,0
odysseus-revealed,root.h,20.5,114.4,400.9,,,0,0
odysseus-revealed,root.h,20.583,144.7,364,,,0,0
odysseus-revealed,root.h,20.667,167.8,276.7,,,0,0
odysseus-revealed,root.h,20.75,179.4,139.1,,,0,0
odysseus-revealed,root.h,20.833,180,7.4,,,0,0
odysseus-revealed,root.h,20.917,180,0,,,0,0
odysseus-revealed,root.h,52.083,180,0,,,0,0
odysseus-revealed,root.pitch,0,0,0,,,0,0
odysseus-revealed,root.pitch,52.083,0,0,,,0,0
odysseus-revealed,root.roll,0,0,0,,,0,0
odysseus-revealed,root.roll,52.083,0,0,,,0,0
odysseus-revealed,torso.lean,0,-1.7,0,-17.2,21.8,0.0094,0
odysseus-revealed,torso.lean,0.167,-1.7,0.6,-17.2,21.8,0.0091,0
odysseus-revealed,torso.lean,0.25,-1.6,0.9,-17.2,21.8,0.0087,0
odysseus-revealed,torso.lean,0.333,-1.5,1.2,-17.2,21.8,0.0081,0
odysseus-revealed,torso.lean,0.417,-1.4,1.4,-17.2,21.8,0.0075,0
odysseus-revealed,torso.lean,0.5,-1.2,1.6,-17.2,21.8,0.0068,0
odysseus-revealed,torso.lean,0.583,-1.1,1.7,-17.2,21.8,0.006,0
odysseus-revealed,torso.lean,0.667,-0.9,1.8,-17.2,21.8,0.0051,0
odysseus-revealed,torso.lean,0.75,-0.8,1.8,-17.2,21.8,0.0043,0
odysseus-revealed,torso.lean,0.833,-0.6,1.8,-17.2,21.8,0.0035,0
odysseus-revealed,torso.lean,0.917,-0.5,1.7,-17.2,21.8,0.0027,0
odysseus-revealed,torso.lean,1,-0.4,1.6,-17.2,21.8,0.002,0
odysseus-revealed,torso.lean,1.083,-0.2,1.4,-17.2,21.8,0.0014,0
odysseus-revealed,torso.lean,1.167,-0.1,1.2,-17.2,21.8,0.0008,0
odysseus-revealed,torso.lean,1.25,-0.1,0.9,-17.2,21.8,0.0004,0
odysseus-revealed,torso.lean,1.333,0,0.6,-17.2,21.8,0.0002,0
odysseus-revealed,torso.lean,1.417,0,0.2,-17.2,21.8,0.0001,0
odysseus-revealed,torso.lean,1.5,1.1,12.8,-17.2,21.8,0.0081,0.004
odysseus-revealed,torso.lean,1.583,3.4,28.1,-17.2,21.8,0.0214,0.022
odysseus-revealed,torso.lean,1.667,5.7,27.9,-17.2,21.8,0.0314,0.032
odysseus-revealed,torso.lean,1.75,6.7,12.2,-17.2,21.8,0.0397,0.02
odysseus-revealed,torso.lean,1.833,3.2,-42.8,-17.2,21.8,0.0273,0.042
odysseus-revealed,torso.lean,1.917,0.2,-35.3,-17.2,21.8,0.0027,0.003
odysseus-revealed,torso.lean,2,-2.1,-27.8,-17.2,21.8,0.0127,0.013
odysseus-revealed,torso.lean,2.083,-3.8,-20.2,-17.2,21.8,0.0219,0.016
odysseus-revealed,torso.lean,2.167,-4.8,-12.6,-17.2,21.8,0.0277,0.014
odysseus-revealed,torso.lean,2.25,-5.2,-5.1,-17.2,21.8,0.03,0.007
odysseus-revealed,torso.lean,2.333,0,63,-17.2,21.8,0.0122,0.027
odysseus-revealed,torso.lean,2.417,2.5,29.4,-17.2,21.8,0.0195,0.021
odysseus-revealed,torso.lean,2.5,3,6.9,-17.2,21.8,0.0206,0.006
odysseus-revealed,torso.lean,2.583,2.7,-4.5,-17.2,21.8,0.0166,0.003
odysseus-revealed,torso.lean,2.667,2.3,-4.8,-17.2,21.8,0.0124,0.002
odysseus-revealed,torso.lean,2.75,2,-2.9,-17.2,21.8,0.0114,0.001
odysseus-revealed,torso.lean,2.833,1.6,-5.6,-17.2,21.8,0.009,0.002
odysseus-revealed,torso.lean,2.917,0.9,-7.4,-17.2,21.8,0.0055,0.001
odysseus-revealed,torso.lean,3,0.3,-8.2,-17.2,21.8,0.0015,0
odysseus-revealed,torso.lean,3.083,-0.4,-8.1,-17.2,21.8,0.0023,0.001
odysseus-revealed,torso.lean,3.167,-1,-7,-17.2,21.8,0.0057,0.001
odysseus-revealed,torso.lean,3.25,-1.4,-5,-17.2,21.8,0.0082,0.002
odysseus-revealed,torso.lean,3.333,-1.6,-2,-17.2,21.8,0.0092,0.001
odysseus-revealed,torso.lean,3.417,3.5,61.3,-17.2,21.8,0.0306,0.067
odysseus-revealed,torso.lean,3.5,7.5,47.9,-17.2,21.8,0.0434,0.076
odysseus-revealed,torso.lean,3.583,10.4,34.7,-17.2,21.8,0.059,0.078
odysseus-revealed,torso.lean,3.667,12.2,21.4,-17.2,21.8,0.0686,0.061
odysseus-revealed,torso.lean,3.75,12.8,8,-17.2,21.8,0.0722,0.031
odysseus-revealed,torso.lean,3.833,1.8,-132.3,-17.2,21.8,0.0351,0.164
odysseus-revealed,torso.lean,3.917,-4.7,-78.6,-17.2,21.8,0.0355,0.1
odysseus-revealed,torso.lean,4,-6.8,-25,-17.2,21.8,0.0468,0.045
odysseus-revealed,torso.lean,4.083,-4.9,23.2,-17.2,21.8,0.0353,0.031
odysseus-revealed,torso.lean,4.167,0.6,66,-17.2,21.8,0.011,0.026
odysseus-revealed,torso.lean,4.25,9.7,108.7,-17.2,21.8,0.0604,0.237
odysseus-revealed,torso.lean,4.333,6.7,-36.1,-17.2,21.8,0.0624,0.086
odysseus-revealed,torso.lean,4.417,4.2,-29.3,-17.2,21.8,0.0243,0.026
odysseus-revealed,torso.lean,4.5,2.3,-22.6,-17.2,21.8,0.014,0.011
odysseus-revealed,torso.lean,4.583,1,-16,-17.2,21.8,0.0067,0.004
odysseus-revealed,torso.lean,4.667,0.2,-9.4,-17.2,21.8,0.0024,0.001
odysseus-revealed,torso.lean,4.75,0,-2.9,-17.2,21.8,0.0013,0
odysseus-revealed,torso.lean,4.833,0,0.2,-17.2,21.8,0.0005,0
odysseus-revealed,torso.lean,5.167,-0.1,-0.6,-17.2,21.8,0.0007,0
odysseus-revealed,torso.lean,5.25,-0.2,-0.8,-17.2,21.8,0.0011,0
odysseus-revealed,torso.lean,5.333,-0.3,-0.9,-17.2,21.8,0.0015,0
odysseus-revealed,torso.lean,5.417,-0.4,-1,-17.2,21.8,0.002,0
odysseus-revealed,torso.lean,5.5,-0.4,-1.1,-17.2,21.8,0.0025,0
odysseus-revealed,torso.lean,5.583,-0.5,-1.2,-17.2,21.8,0.003,0
odysseus-revealed,torso.lean,5.667,-0.6,-1.2,-17.2,21.8,0.0036,0
odysseus-revealed,torso.lean,5.75,-0.8,-1.3,-17.2,21.8,0.0041,0
odysseus-revealed,torso.lean,5.833,-0.9,-1.3,-17.2,21.8,0.0047,0
odysseus-revealed,torso.lean,5.917,-1,-1.3,-17.2,21.8,0.0053,0
odysseus-revealed,torso.lean,6,-1.1,-1.3,-17.2,21.8,0.0059,0
odysseus-revealed,torso.lean,6.083,-1.2,-1.2,-17.2,21.8,0.0064,0
odysseus-revealed,torso.lean,6.167,-1.3,-1.2,-17.2,21.8,0.007,0
odysseus-revealed,torso.lean,6.25,-1.4,-1.1,-17.2,21.8,0.0075,0
odysseus-revealed,torso.lean,6.333,-1.5,-1,-17.2,21.8,0.008,0
odysseus-revealed,torso.lean,6.417,-1.5,-0.9,-17.2,21.8,0.0084,0
odysseus-revealed,torso.lean,6.5,-1.6,-0.8,-17.2,21.8,0.0087,0
odysseus-revealed,torso.lean,6.583,-1.6,-0.6,-17.2,21.8,0.009,0
odysseus-revealed,torso.lean,6.667,-0.8,10.7,-17.2,21.8,0.0061,0.002
odysseus-revealed,torso.lean,6.75,1.6,27.7,-17.2,21.8,0.0116,0.011
odysseus-revealed,torso.lean,6.833,4.6,36.3,-17.2,21.8,0.0266,0.035
odysseus-revealed,torso.lean,6.917,7.6,36.6,-17.2,21.8,0.0418,0.057
odysseus-revealed,torso.lean,7,10,28.6,-17.2,21.8,0.056,0.062
odysseus-revealed,torso.lean,7.083,11,12.1,-17.2,21.8,0.063,0.035
odysseus-revealed,torso.lean,7.167,11.4,3.9,-17.2,21.8,0.0633,0.017
odysseus-revealed,torso.lean,7.25,11.7,4.2,-17.2,21.8,0.0637,0.017
odysseus-revealed,torso.lean,7.333,12.1,4.3,-17.2,21.8,0.0656,0.019
odysseus-revealed,torso.lean,7.417,12.4,4.5,-17.2,21.8,0.0676,0.02
odysseus-revealed,torso.lean,7.5,12.8,4.5,-17.2,21.8,0.0696,0.021
odysseus-revealed,torso.lean,7.583,13.2,4.6,-17.2,21.8,0.0717,0.022
odysseus-revealed,torso.lean,7.667,13.6,4.5,-17.2,21.8,0.0737,0.023
odysseus-revealed,torso.lean,7.75,13.9,4.5,-17.2,21.8,0.0757,0.023
odysseus-revealed,torso.lean,7.833,14.3,4.3,-17.2,21.8,0.0776,0.024
odysseus-revealed,torso.lean,7.917,14.7,4.2,-17.2,21.8,0.0795,0.024
odysseus-revealed,torso.lean,8,14.1,-6.5,-17.2,21.8,0.0785,0.03
odysseus-revealed,torso.lean,8.083,12.5,-19.3,-17.2,21.8,0.0703,0.057
odysseus-revealed,torso.lean,8.167,10.2,-28,-17.2,21.8,0.057,0.062
odysseus-revealed,torso.lean,8.25,7.4,-32.6,-17.2,21.8,0.0415,0.051
odysseus-revealed,torso.lean,8.333,4.7,-32.9,-17.2,21.8,0.0258,0.031
odysseus-revealed,torso.lean,8.417,2.3,-29,-17.2,21.8,0.0133,0.014
odysseus-revealed,torso.lean,8.5,0.6,-20.8,-17.2,21.8,0.0045,0.003
odysseus-revealed,torso.lean,8.583,-0.1,-8.4,-17.2,21.8,0.003,0.001
odysseus-revealed,torso.lean,8.667,-0.2,-0.8,-17.2,21.8,0.0025,0
odysseus-revealed,torso.lean,8.75,-0.3,-1,-17.2,21.8,0.0016,0
odysseus-revealed,torso.lean,8.833,-0.4,-1.1,-17.2,21.8,0.0021,0
odysseus-revealed,torso.lean,8.917,-0.5,-1.2,-17.2,21.8,0.0026,0
odysseus-revealed,torso.lean,9,-0.6,-1.3,-17.2,21.8,0.0032,0
odysseus-revealed,torso.lean,9.083,-0.7,-1.3,-17.2,21.8,0.0038,0
odysseus-revealed,torso.lean,9.167,-0.8,-1.3,-17.2,21.8,0.0044,0
odysseus-revealed,torso.lean,9.25,-0.9,-1.3,-17.2,21.8,0.005,0
odysseus-revealed,torso.lean,9.333,-1,-1.3,-17.2,21.8,0.0056,0
odysseus-revealed,torso.lean,9.417,-1.1,-1.3,-17.2,21.8,0.0062,0
odysseus-revealed,torso.lean,9.5,-1.2,-1.3,-17.2,21.8,0.0068,0
odysseus-revealed,torso.lean,9.583,-1.3,-1.2,-17.2,21.8,0.0073,0
odysseus-revealed,torso.lean,9.667,-1.4,-1.1,-17.2,21.8,0.0078,0
odysseus-revealed,torso.lean,9.75,-1.5,-1,-17.2,21.8,0.0083,0
odysseus-revealed,torso.lean,9.833,-1.6,-0.8,-17.2,21.8,0.0087,0
odysseus-revealed,torso.lean,9.917,-1.6,-0.7,-17.2,21.8,0.009,0
odysseus-revealed,torso.lean,10,-1.7,-0.5,-17.2,21.8,0.0092,0
odysseus-revealed,torso.lean,10.083,-1.7,-0.3,-17.2,21.8,0.0094,0
odysseus-revealed,torso.lean,10.333,-1.6,1.1,-17.2,21.8,0.0089,0
odysseus-revealed,torso.lean,10.417,-1.5,1.5,-17.2,21.8,0.0081,0.001
odysseus-revealed,torso.lean,10.5,-1.3,1.7,-17.2,21.8,0.0073,0.001
odysseus-revealed,torso.lean,10.583,-1.2,1.7,-17.2,21.8,0.0065,0
odysseus-revealed,torso.lean,10.667,-1.1,1.5,-17.2,21.8,0.0058,0
odysseus-revealed,torso.lean,10.75,-1,1.1,-17.2,21.8,0.0054,0
odysseus-revealed,torso.lean,10.833,-0.9,0.4,-17.2,21.8,0.0052,0
odysseus-revealed,torso.lean,10.917,-0.8,1.5,-17.2,21.8,0.0046,0
odysseus-revealed,torso.lean,11,-0.5,4,-17.2,21.8,0.0031,0
odysseus-revealed,torso.lean,11.083,0,5.9,-17.2,21.8,0.0004,0
odysseus-revealed,torso.lean,11.167,0.6,7.2,-17.2,21.8,0.0036,0.001
odysseus-revealed,torso.lean,11.25,1.3,7.9,-17.2,21.8,0.0071,0.002
odysseus-revealed,torso.lean,11.333,1.9,7.9,-17.2,21.8,0.0106,0.003
odysseus-revealed,torso.lean,11.417,2.6,8.4,-17.2,21.8,0.0145,0.005
odysseus-revealed,torso.lean,11.5,3.4,9.7,-17.2,21.8,0.0191,0.007
odysseus-revealed,torso.lean,11.583,3.4,0,-17.2,21.8,0.0206,0.001
odysseus-revealed,torso.lean,12.167,2.2,-14.5,-17.2,21.8,0.0148,0.008
odysseus-revealed,torso.lean,12.25,1.2,-12.6,-17.2,21.8,0.0068,0.003
odysseus-revealed,torso.lean,12.333,0.3,-10.6,-17.2,21.8,0.002,0.001
odysseus-revealed,torso.lean,12.417,-0.4,-8.7,-17.2,21.8,0.0027,0.001
odysseus-revealed,torso.lean,12.5,-1,-6.8,-17.2,21.8,0.0058,0.001
odysseus-revealed,torso.lean,12.583,-1.4,-4.8,-17.2,21.8,0.008,0.001
odysseus-revealed,torso.lean,12.667,-1.6,-2.9,-17.2,21.8,0.0093,0.001
odysseus-revealed,torso.lean,12.75,-1.7,-1,-17.2,21.8,0.0098,0.001
odysseus-revealed,torso.lean,12.833,-1.5,3.2,-17.2,21.8,0.0087,0.001
odysseus-revealed,torso.lean,12.917,-0.9,7.1,-17.2,21.8,0.0054,0.001
odysseus-revealed,torso.lean,13,-0.3,7.1,-17.2,21.8,0.0015,0
odysseus-revealed,torso.lean,13.083,0,3.2,-17.2,21.8,0.0007,0
odysseus-revealed,torso.lean,13.167,0,0,-17.2,21.8,0.0006,0
odysseus-revealed,torso.lean,16.833,0.2,2.6,-17.2,21.8,0.0017,0
odysseus-revealed,torso.lean,16.917,0.7,5.7,-17.2,21.8,0.0044,0.001
odysseus-revealed,torso.lean,17,1.2,5.7,-17.2,21.8,0.0064,0.001
odysseus-revealed,torso.lean,17.083,1.4,2.6,-17.2,21.8,0.0082,0.001
odysseus-revealed,torso.lean,17.167,1.3,-1.6,-17.2,21.8,0.0077,0.001
odysseus-revealed,torso.lean,17.25,1,-3.7,-17.2,21.8,0.0056,0.001
odysseus-revealed,torso.lean,17.333,0.6,-4.1,-17.2,21.8,0.0034,0.001
odysseus-revealed,torso.lean,17.417,0.4,-3,-17.2,21.8,0.0022,0
odysseus-revealed,torso.lean,17.5,0.3,-0.3,-17.2,21.8,0.0023,0
odysseus-revealed,torso.lean,17.583,0.5,1.8,-17.2,21.8,0.003,0
odysseus-revealed,torso.lean,17.667,0.7,2.1,-17.2,21.8,0.0037,0
odysseus-revealed,torso.lean,17.75,0.9,2.4,-17.2,21.8,0.0048,0
odysseus-revealed,torso.lean,17.833,1.1,2.7,-17.2,21.8,0.006,0.001
odysseus-revealed,torso.lean,17.917,1.8,8.8,-17.2,21.8,0.011,0.004
odysseus-revealed,torso.lean,18,3.2,17,-17.2,21.8,0.0192,0.012
odysseus-revealed,torso.lean,18.083,4.9,20,-17.2,21.8,0.0274,0.021
odysseus-revealed,torso.lean,18.167,6.4,17.7,-17.2,21.8,0.0353,0.024
odysseus-revealed,torso.lean,18.25,7.2,10.1,-17.2,21.8,0.0408,0.018
odysseus-revealed,torso.lean,18.333,7.6,4.6,-17.2,21.8,0.0425,0.01
odysseus-revealed,torso.lean,18.417,8,4.9,-17.2,21.8,0.0438,0.011
odysseus-revealed,torso.lean,18.5,8,-0.1,-17.2,21.8,0.0446,0.004
odysseus-revealed,torso.lean,19.667,7.3,-7.6,-17.2,21.8,0.0413,0.014
odysseus-revealed,torso.lean,19.75,6.7,-7.1,-17.2,21.8,0.0368,0.012
odysseus-revealed,torso.lean,19.833,6.2,-6.6,-17.2,21.8,0.0339,0.01
odysseus-revealed,torso.lean,19.917,5.7,-6.1,-17.2,21.8,0.0311,0.009
odysseus-revealed,torso.lean,20,5.2,-5.6,-17.2,21.8,0.0285,0.007
odysseus-revealed,torso.lean,20.083,4.8,-5.1,-17.2,21.8,0.0262,0.006
odysseus-revealed,torso.lean,20.167,4.4,-4.7,-17.2,21.8,0.0241,0.005
odysseus-revealed,torso.lean,20.25,4,-4.2,-17.2,21.8,0.0222,0.004
odysseus-revealed,torso.lean,20.333,3.7,-3.7,-17.2,21.8,0.0205,0.003
odysseus-revealed,torso.lean,20.417,3.5,-3.2,-17.2,21.8,0.019,0.003
odysseus-revealed,torso.lean,20.5,3.2,-2.7,-17.2,21.8,0.0178,0.002
odysseus-revealed,torso.lean,20.583,3,-2.2,-17.2,21.8,0.0168,0.002
odysseus-revealed,torso.lean,20.667,2.9,-1.8,-17.2,21.8,0.016,0.001
odysseus-revealed,torso.lean,20.75,2.8,-1.3,-17.2,21.8,0.0154,0.001
odysseus-revealed,torso.lean,20.833,2.7,-0.8,-17.2,21.8,0.0151,0.001
odysseus-revealed,torso.lean,20.917,2.7,-0.3,-17.2,21.8,0.0149,0.001
odysseus-revealed,torso.lean,21,3,3.2,-17.2,21.8,0.0169,0.002
odysseus-revealed,torso.lean,21.083,3.6,7,-17.2,21.8,0.0202,0.006
odysseus-revealed,torso.lean,21.167,4.1,7,-17.2,21.8,0.0227,0.007
odysseus-revealed,torso.lean,21.25,4.4,3.2,-17.2,21.8,0.0248,0.004
odysseus-revealed,torso.lean,21.333,4.4,-0.1,-17.2,21.8,0.0247,0.001
odysseus-revealed,torso.lean,38.417,-0.6,-48,-17.2,21.8,0.0116,0.02
odysseus-revealed,torso.lean,38.5,-1.9,-16,-17.2,21.8,0.0161,0.009
odysseus-revealed,torso.lean,38.583,5.6,89.6,-17.2,21.8,0.0494,0.159
odysseus-revealed,torso.lean,38.667,6.8,15.3,-17.2,21.8,0.0507,0.032
odysseus-revealed,torso.lean,38.75,6.3,-6.6,-17.2,21.8,0.0384,0.012
odysseus-revealed,torso.lean,38.833,6,-3.8,-17.2,21.8,0.0332,0.007
odysseus-revealed,torso.lean,38.917,5.7,-3.8,-17.2,21.8,0.031,0.006
odysseus-revealed,torso.lean,39,5.4,-3.8,-17.2,21.8,0.0293,0.006
odysseus-revealed,torso.lean,39.083,5,-3.8,-17.2,21.8,0.0276,0.005
odysseus-revealed,torso.lean,39.167,4.7,-3.8,-17.2,21.8,0.0259,0.005
odysseus-revealed,torso.lean,39.25,4.4,-3.8,-17.2,21.8,0.0241,0.004
odysseus-revealed,torso.lean,39.333,4.1,-3.9,-17.2,21.8,0.0224,0.004
odysseus-revealed,torso.lean,39.417,3.3,-9.8,-17.2,21.8,0.0189,0.007
odysseus-revealed,torso.lean,39.5,2.2,-12.7,-17.2,21.8,0.0126,0.006
odysseus-revealed,torso.lean,39.583,1.1,-12.7,-17.2,21.8,0.0063,0.003
odysseus-revealed,torso.lean,39.667,0.3,-9.8,-17.2,21.8,0.0023,0.001
odysseus-revealed,torso.lean,39.75,0,-3.9,-17.2,21.8,0.0011,0
odysseus-revealed,torso.lean,39.833,0,0,-17.2,21.8,0.0007,0
odysseus-revealed,torso.lean,40.667,-1.2,-13.9,-17.2,21.8,0.0088,0.004
odysseus-revealed,torso.lean,40.75,-1.5,-4.6,-17.2,21.8,0.0101,0.002
odysseus-revealed,torso.lean,40.833,3.6,62,-17.2,21.8,0.0317,0.071
odysseus-revealed,torso.lean,40.917,4.5,10.6,-17.2,21.8,0.0338,0.015
odysseus-revealed,torso.lean,41,4.1,-4.5,-17.2,21.8,0.0253,0.005
odysseus-revealed,torso.lean,41.083,3.9,-2.5,-17.2,21.8,0.0218,0.003
odysseus-revealed,torso.lean,41.167,3.7,-2.5,-17.2,21.8,0.0203,0.003
odysseus-revealed,torso.lean,41.25,3.5,-2.5,-17.2,21.8,0.0192,0.002
odysseus-revealed,torso.lean,41.333,3.3,-2.5,-17.2,21.8,0.0181,0.002
odysseus-revealed,torso.lean,41.417,3.1,-2.5,-17.2,21.8,0.0169,0.002
odysseus-revealed,torso.lean,41.5,2.9,-2.5,-17.2,21.8,0.0158,0.002
odysseus-revealed,torso.lean,41.583,2.7,-2.6,-17.2,21.8,0.0147,0.002
odysseus-revealed,torso.lean,41.667,2.1,-6.4,-17.2,21.8,0.0124,0.003
odysseus-revealed,torso.lean,41.75,1.4,-8.3,-17.2,21.8,0.0083,0.003
odysseus-revealed,torso.lean,41.833,0.7,-8.3,-17.2,21.8,0.0041,0.001
odysseus-revealed,torso.lean,41.917,0.2,-6.4,-17.2,21.8,0.0015,0
odysseus-revealed,torso.lean,42,0,-2.6,-17.2,21.8,0.0007,0
odysseus-revealed,torso.lean,42.083,0,0,-17.2,21.8,0.0005,0
odysseus-revealed,torso.lean,44.25,-1.2,-13.9,-17.2,21.8,0.0088,0.004
odysseus-revealed,torso.lean,44.333,-1.5,-4.6,-17.2,21.8,0.0101,0.002
odysseus-revealed,torso.lean,44.417,5.2,81.5,-17.2,21.8,0.0441,0.129
odysseus-revealed,torso.lean,44.5,7.7,28.9,-17.2,21.8,0.0512,0.057
odysseus-revealed,torso.lean,44.583,7.7,0,-17.2,21.8,0.047,0.004
odysseus-revealed,torso.lean,44.667,7.2,-5.3,-17.2,21.8,0.0404,0.011
odysseus-revealed,torso.lean,44.75,6.8,-5.2,-17.2,21.8,0.0371,0.009
odysseus-revealed,torso.lean,44.833,6.4,-5.2,-17.2,21.8,0.0347,0.009
odysseus-revealed,torso.lean,44.917,5.9,-5.2,-17.2,21.8,0.0324,0.008
odysseus-revealed,torso.lean,45,5.5,-5.2,-17.2,21.8,0.03,0.007
odysseus-revealed,torso.lean,45.083,5.1,-5.2,-17.2,21.8,0.0277,0.007
odysseus-revealed,torso.lean,45.167,4.7,-4.5,-17.2,21.8,0.0257,0.005
odysseus-revealed,torso.lean,45.25,3.7,-11.2,-17.2,21.8,0.0217,0.009
odysseus-revealed,torso.lean,45.333,2.5,-14.6,-17.2,21.8,0.0144,0.008
odysseus-revealed,torso.lean,45.417,1.3,-14.6,-17.2,21.8,0.0072,0.004
odysseus-revealed,torso.lean,45.5,0.4,-11.2,-17.2,21.8,0.0027,0.001
odysseus-revealed,torso.lean,45.583,0,-4.5,-17.2,21.8,0.0012,0
odysseus-revealed,torso.lean,45.667,0,0,-17.2,21.8,0.0008,0
odysseus-revealed,torso.lean,46.667,-1.2,-13.9,-17.2,21.8,0.0088,0.004
odysseus-revealed,torso.lean,46.75,-1.5,-4.6,-17.2,21.8,0.0101,0.002
odysseus-revealed,torso.lean,46.833,3.6,62.3,-17.2,21.8,0.0319,0.072
odysseus-revealed,torso.lean,46.917,5.5,22.1,-17.2,21.8,0.0372,0.032
odysseus-revealed,torso.lean,47,5.5,0,-17.2,21.8,0.034,0.002
odysseus-revealed,torso.lean,47.083,5.2,-4,-17.2,21.8,0.0289,0.006
odysseus-revealed,torso.lean,47.167,4.8,-3.7,-17.2,21.8,0.0266,0.005
odysseus-revealed,torso.lean,47.25,4.5,-3.7,-17.2,21.8,0.0248,0.004
odysseus-revealed,torso.lean,47.333,4.2,-3.7,-17.2,21.8,0.0231,0.004
odysseus-revealed,torso.lean,47.417,3.9,-3.7,-17.2,21.8,0.0215,0.004
odysseus-revealed,torso.lean,47.5,3.6,-3.7,-17.2,21.8,0.0198,0.003
odysseus-revealed,torso.lean,47.583,3.3,-3.2,-17.2,21.8,0.0184,0.003
odysseus-revealed,torso.lean,47.667,2.7,-8,-17.2,21.8,0.0155,0.005
odysseus-revealed,torso.lean,47.75,1.8,-10.4,-17.2,21.8,0.0103,0.004
odysseus-revealed,torso.lean,47.833,0.9,-10.4,-17.2,21.8,0.0051,0.002
odysseus-revealed,torso.lean,47.917,0.3,-8,-17.2,21.8,0.0019,0.001
odysseus-revealed,torso.lean,48,0,-3.2,-17.2,21.8,0.0009,0
odysseus-revealed,torso.lean,48.083,0,0,-17.2,21.8,0.0006,0
odysseus-revealed,torso.lean,49.75,-1.2,-13.9,-17.2,21.8,0.0088,0.004
odysseus-revealed,torso.lean,49.833,-1.5,-4.6,-17.2,21.8,0.0101,0.002
odysseus-revealed,torso.lean,49.917,3.6,62,-17.2,21.8,0.0317,0.071
odysseus-revealed,torso.lean,50,4.5,10.6,-17.2,21.8,0.0338,0.015
odysseus-revealed,torso.lean,50.083,4.1,-4.5,-17.2,21.8,0.0253,0.005
odysseus-revealed,torso.lean,50.167,3.9,-2.5,-17.2,21.8,0.0218,0.003
odysseus-revealed,torso.lean,50.25,3.7,-2.5,-17.2,21.8,0.0203,0.003
odysseus-revealed,torso.lean,50.333,3.5,-2.5,-17.2,21.8,0.0192,0.002
odysseus-revealed,torso.lean,50.417,3.3,-2.5,-17.2,21.8,0.0181,0.002
odysseus-revealed,torso.lean,50.5,3.1,-2.5,-17.2,21.8,0.0169,0.002
odysseus-revealed,torso.lean,50.583,2.9,-2.5,-17.2,21.8,0.0158,0.002
odysseus-revealed,torso.lean,50.667,2.7,-2.6,-17.2,21.8,0.0147,0.002
odysseus-revealed,torso.lean,50.75,2.1,-6.4,-17.2,21.8,0.0124,0.003
odysseus-revealed,torso.lean,50.833,1.4,-8.3,-17.2,21.8,0.0083,0.003
odysseus-revealed,torso.lean,50.917,0.7,-8.3,-17.2,21.8,0.0041,0.001
odysseus-revealed,torso.lean,51,0.2,-6.4,-17.2,21.8,0.0015,0
odysseus-revealed,torso.lean,51.083,0,-2.6,-17.2,21.8,0.0007,0
odysseus-revealed,torso.lean,51.167,0,0,-17.2,21.8,0.0005,0
odysseus-revealed,torso.lean,52.083,0,0,-17.2,21.8,0,0
odysseus-revealed,torso.twist,0,0,0,-31.5,31.5,0,0
odysseus-revealed,torso.twist,12.417,-1.1,-12.7,-31.5,31.5,0.0081,0.004
odysseus-revealed,torso.twist,12.5,-3.7,-31.8,-31.5,31.5,0.0237,0.028
odysseus-revealed,torso.twist,12.583,-7.2,-41.4,-31.5,31.5,0.0408,0.062
odysseus-revealed,torso.twist,12.667,-11.3,-49.6,-31.5,31.5,0.063,0.117
odysseus-revealed,torso.twist,12.75,-15.7,-53.1,-31.5,31.5,0.0857,0.174
odysseus-revealed,torso.twist,12.833,-19.2,-41.8,-31.5,31.5,0.1053,0.176
odysseus-revealed,torso.twist,12.917,-22.1,-34.6,-31.5,31.5,0.1194,0.173
odysseus-revealed,torso.twist,13,-25.2,-36.9,-31.5,31.5,0.1339,0.208
odysseus-revealed,torso.twist,13.083,-27.9,-32.3,-31.5,31.5,0.1475,0.21
odysseus-revealed,torso.twist,13.167,-29.6,-20.9,-31.5,31.5,0.1571,0.164
odysseus-revealed,torso.twist,13.25,-30.7,-12.6,-31.5,31.5,0.1615,0.123
odysseus-revealed,torso.twist,13.333,-31.5,-10.3,-31.5,31.5,0.1645,0.113
odysseus-revealed,torso.twist,13.417,-31.5,0,-31.5,31.5,0.1659,0.055
odysseus-revealed,torso.twist,13.667,-30.8,8.2,-31.5,31.5,0.1623,0.099
odysseus-revealed,torso.twist,13.75,-30.1,9,-31.5,31.5,0.1575,0.099
odysseus-revealed,torso.twist,13.833,-29.4,8.5,-31.5,31.5,0.1541,0.093
odysseus-revealed,torso.twist,13.917,-28.7,8,-31.5,31.5,0.1509,0.088
odysseus-revealed,torso.twist,14,-28.1,7.5,-31.5,31.5,0.1479,0.082
odysseus-revealed,torso.twist,14.083,-27.5,7,-31.5,31.5,0.145,0.077
odysseus-revealed,torso.twist,14.167,-27,6.4,-31.5,31.5,0.1424,0.073
odysseus-revealed,torso.twist,14.25,-26.5,5.9,-31.5,31.5,0.14,0.068
odysseus-revealed,torso.twist,14.333,-26,5.4,-31.5,31.5,0.1378,0.064
odysseus-revealed,torso.twist,14.417,-25.6,4.9,-31.5,31.5,0.1358,0.06
odysseus-revealed,torso.twist,14.5,-25.2,4.4,-31.5,31.5,0.134,0.056
odysseus-revealed,torso.twist,14.583,-24.9,3.9,-31.5,31.5,0.1324,0.053
odysseus-revealed,torso.twist,14.667,-24.6,3.4,-31.5,31.5,0.131,0.05
odysseus-revealed,torso.twist,14.75,-24.4,2.8,-31.5,31.5,0.1298,0.047
odysseus-revealed,torso.twist,14.833,-24.2,2.3,-31.5,31.5,0.1288,0.044
odysseus-revealed,torso.twist,14.917,-24.1,1.8,-31.5,31.5,0.1281,0.041
odysseus-revealed,torso.twist,15,-24,1.3,-31.5,31.5,0.1276,0.038
odysseus-revealed,torso.twist,15.083,-23.9,0.8,-31.5,31.5,0.1272,0.036
odysseus-revealed,torso.twist,15.167,-23.9,0.3,-31.5,31.5,0.1271,0.033
odysseus-revealed,torso.twist,15.25,-23.7,1.5,-31.5,31.5,0.1266,0.039
odysseus-revealed,torso.twist,15.333,-23.4,3.9,-31.5,31.5,0.1252,0.048
odysseus-revealed,torso.twist,15.417,-23,5.5,-31.5,31.5,0.1228,0.054
odysseus-revealed,torso.twist,15.5,-22.4,6.3,-31.5,31.5,0.12,0.055
odysseus-revealed,torso.twist,15.583,-21.9,6.3,-31.5,31.5,0.1171,0.053
odysseus-revealed,torso.twist,15.667,-21.5,5.5,-31.5,31.5,0.115,0.049
odysseus-revealed,torso.twist,15.75,-21.1,3.9,-31.5,31.5,0.1134,0.041
odysseus-revealed,torso.twist,15.833,-21,1.5,-31.5,31.5,0.113,0.031
odysseus-revealed,torso.twist,15.917,-20.8,2.9,-31.5,31.5,0.1115,0.036
odysseus-revealed,torso.twist,16,-20.1,7.8,-31.5,31.5,0.1088,0.053
odysseus-revealed,torso.twist,16.083,-19.1,11.6,-31.5,31.5,0.1036,0.063
odysseus-revealed,torso.twist,16.167,-18,14,-31.5,31.5,0.0973,0.067
odysseus-revealed,torso.twist,16.25,-16.7,15.3,-31.5,31.5,0.0905,0.065
odysseus-revealed,torso.twist,16.333,-15.4,15.3,-31.5,31.5,0.0836,0.058
odysseus-revealed,torso.twist,16.417,-14.3,14,-31.5,31.5,0.0776,0.05
odysseus-revealed,torso.twist,16.5,-13.3,11.6,-31.5,31.5,0.0727,0.04
odysseus-revealed,torso.twist,16.583,-12.7,7.8,-31.5,31.5,0.0694,0.029
odysseus-revealed,torso.twist,16.667,-12.4,2.9,-31.5,31.5,0.0683,0.016
odysseus-revealed,torso.twist,16.75,-12.4,0,-31.5,31.5,0.068,0.009
odysseus-revealed,torso.twist,17.167,-10.5,23.3,-31.5,31.5,0.0612,0.057
odysseus-revealed,torso.twist,17.25,-6.2,51.2,-31.5,31.5,0.0389,0.073
odysseus-revealed,torso.twist,17.333,-1.9,51.2,-31.5,31.5,0.0106,0.019
odysseus-revealed,torso.twist,17.417,0,23.3,-31.5,31.5,0.005,0.004
odysseus-revealed,torso.twist,17.5,0,0,-31.5,31.5,0.0042,0
odysseus-revealed,torso.twist,20.917,0.6,6.7,-31.5,31.5,0.0043,0.001
odysseus-revealed,torso.twist,21,2,17.3,-31.5,31.5,0.0128,0.008
odysseus-revealed,torso.twist,21.083,4,23.6,-31.5,31.5,0.0229,0.02
odysseus-revealed,torso.twist,21.167,6.1,25.8,-31.5,31.5,0.0338,0.033
odysseus-revealed,torso.twist,21.25,8.1,23.6,-31.5,31.5,0.0445,0.041
odysseus-revealed,torso.twist,21.333,9.5,17.3,-31.5,31.5,0.0531,0.038
odysseus-revealed,torso.twist,21.417,10.1,6.7,-31.5,31.5,0.0569,0.02
odysseus-revealed,torso.twist,21.5,10.1,0,-31.5,31.5,0.0562,0.006
odysseus-revealed,torso.twist,23.083,10.4,4,-31.5,31.5,0.0574,0.015
odysseus-revealed,torso.twist,23.167,11.3,10.4,-31.5,31.5,0.0626,0.031
odysseus-revealed,torso.twist,23.25,12.5,14.7,-31.5,31.5,0.0688,0.045
odysseus-revealed,torso.twist,23.333,13.9,16.9,-31.5,31.5,0.0759,0.056
odysseus-revealed,torso.twist,23.417,15.3,16.9,-31.5,31.5,0.083,0.063
odysseus-revealed,torso.twist,23.5,16.6,14.7,-31.5,31.5,0.0898,0.062
odysseus-revealed,torso.twist,23.583,17.4,10.4,-31.5,31.5,0.0948,0.052
odysseus-revealed,torso.twist,23.667,17.8,4,-31.5,31.5,0.0969,0.032
odysseus-revealed,torso.twist,23.75,17.8,0,-31.5,31.5,0.0964,0.019
odysseus-revealed,torso.twist,25.25,16.2,-19.2,-31.5,31.5,0.0908,0.077
odysseus-revealed,torso.twist,25.333,12,-49.5,-31.5,31.5,0.0709,0.132
odysseus-revealed,torso.twist,25.417,6.4,-67.7,-31.5,31.5,0.0382,0.093
odysseus-revealed,torso.twist,25.5,0.2,-73.8,-31.5,31.5,0.0024,0.006
odysseus-revealed,torso.twist,25.583,-5.4,-67.7,-31.5,31.5,0.0306,0.074
odysseus-revealed,torso.twist,25.667,-9.5,-49.5,-31.5,31.5,0.0552,0.101
odysseus-revealed,torso.twist,25.75,-11.1,-19.2,-31.5,31.5,0.066,0.053
odysseus-revealed,torso.twist,25.833,-11.1,0,-31.5,31.5,0.064,0.008
odysseus-revealed,torso.twist,26.667,-10,13.8,-31.5,31.5,0.0568,0.034
odysseus-revealed,torso.twist,26.75,-6.9,36.5,-31.5,31.5,0.0419,0.057
odysseus-revealed,torso.twist,26.833,-2.6,51.6,-31.5,31.5,0.0171,0.031
odysseus-revealed,torso.twist,26.917,2.3,59.1,-31.5,31.5,0.0139,0.029
odysseus-revealed,torso.twist,27,7.2,59.1,-31.5,31.5,0.0395,0.085
odysseus-revealed,torso.twist,27.083,11.5,51.6,-31.5,31.5,0.064,0.123
odysseus-revealed,torso.twist,27.167,14.6,36.5,-31.5,31.5,0.0816,0.117
odysseus-revealed,torso.twist,27.25,15.7,13.8,-31.5,31.5,0.089,0.059
odysseus-revealed,torso.twist,27.333,15.7,0,-31.5,31.5,0.0875,0.015
odysseus-revealed,torso.twist,29.167,15.6,-1.6,-31.5,31.5,0.0846,0.019
odysseus-revealed,torso.twist,29.25,15.2,-4,-31.5,31.5,0.083,0.025
odysseus-revealed,torso.twist,29.333,14.8,-5.5,-31.5,31.5,0.0804,0.028
odysseus-revealed,torso.twist,29.417,14.3,-6,-31.5,31.5,0.0775,0.028
odysseus-revealed,torso.twist,29.5,13.8,-5.5,-31.5,31.5,0.0751,0.026
odysseus-revealed,torso.twist,29.583,13.5,-4,-31.5,31.5,0.0735,0.021
odysseus-revealed,torso.twist,29.667,13.4,-1.6,-31.5,31.5,0.073,0.015
odysseus-revealed,torso.twist,29.75,13.4,0,-31.5,31.5,0.0728,0.011
odysseus-revealed,torso.twist,31.583,11.7,-20.2,-31.5,31.5,0.0671,0.056
odysseus-revealed,torso.twist,31.667,7.2,-53.2,-31.5,31.5,0.0455,0.089
odysseus-revealed,torso.twist,31.75,1,-75.2,-31.5,31.5,0.0093,0.024
odysseus-revealed,torso.twist,31.833,-6.2,-86.2,-31.5,31.5,0.0359,0.111
odysseus-revealed,torso.twist,31.917,-13.4,-86.2,-31.5,31.5,0.0727,0.23
odysseus-revealed,torso.twist,32,-19.7,-75.2,-31.5,31.5,0.1076,0.306
odysseus-revealed,torso.twist,32.083,-24.1,-53.2,-31.5,31.5,0.1321,0.28
odysseus-revealed,torso.twist,32.167,-25.8,-20.2,-31.5,31.5,0.1424,0.141
odysseus-revealed,torso.twist,32.25,-25.8,0,-31.5,31.5,0.1402,0.039
odysseus-revealed,torso.twist,33.583,-25,9.7,-31.5,31.5,0.1343,0.082
odysseus-revealed,torso.twist,33.667,-22.9,25.1,-31.5,31.5,0.1248,0.141
odysseus-revealed,torso.twist,33.75,-20,34.4,-31.5,31.5,0.1091,0.155
odysseus-revealed,torso.twist,33.833,-16.9,37.4,-31.5,31.5,0.0918,0.137
odysseus-revealed,torso.twist,33.917,-14,34.4,-31.5,31.5,0.0766,0.104
odysseus-revealed,torso.twist,34,-11.9,25.1,-31.5,31.5,0.0666,0.067
odysseus-revealed,torso.twist,34.083,-11.1,9.7,-31.5,31.5,0.0633,0.03
odysseus-revealed,torso.twist,34.167,-11.1,0,-31.5,31.5,0.0623,0.008
odysseus-revealed,torso.twist,35.5,-11.3,-2,-31.5,31.5,0.0618,0.012
odysseus-revealed,torso.twist,35.583,-11.7,-5.2,-31.5,31.5,0.0644,0.02
odysseus-revealed,torso.twist,35.667,-12.3,-7.2,-31.5,31.5,0.0674,0.026
odysseus-revealed,torso.twist,35.75,-13,-7.8,-31.5,31.5,0.0706,0.029
odysseus-revealed,torso.twist,35.833,-13.6,-7.2,-31.5,31.5,0.0738,0.029
odysseus-revealed,torso.twist,35.917,-14,-5.2,-31.5,31.5,0.0763,0.026
odysseus-revealed,torso.twist,36,-14.2,-2,-31.5,31.5,0.0775,0.018
odysseus-revealed,torso.twist,36.083,-14.2,0,-31.5,31.5,0.0773,0.012
odysseus-revealed,torso.twist,37.917,-13.2,11.4,-31.5,31.5,0.0739,0.04
odysseus-revealed,torso.twist,38,-10.9,28.5,-31.5,31.5,0.0622,0.07
odysseus-revealed,torso.twist,38.083,-7.8,37,-31.5,31.5,0.044,0.061
odysseus-revealed,torso.twist,38.167,-4.7,37,-31.5,31.5,0.0256,0.034
odysseus-revealed,torso.twist,38.25,-2.3,28.5,-31.5,31.5,0.0142,0.014
odysseus-revealed,torso.twist,38.333,-1.4,11.4,-31.5,31.5,0.0105,0.004
odysseus-revealed,torso.twist,38.417,-1.4,0,-31.5,31.5,0.0095,0
odysseus-revealed,torso.twist,52.083,-1.4,0,-31.5,31.5,0.0074,0
odysseus-revealed,torso.roll,0,0,0,-9.2,9.2,0,0
odysseus-revealed,torso.roll,11,0.2,1.5,-9.2,9.2,0.0011,0
odysseus-revealed,torso.roll,11.083,0.4,2.4,-9.2,9.2,0.0022,0
odysseus-revealed,torso.roll,11.167,0.6,3.4,-9.2,9.2,0.0037,0
odysseus-revealed,torso.roll,11.25,1,4.4,-9.2,9.2,0.0057,0.001
odysseus-revealed,torso.roll,11.333,1.5,5.3,-9.2,9.2,0.0081,0.002
odysseus-revealed,torso.roll,11.417,2,6.3,-9.2,9.2,0.011,0.003
odysseus-revealed,torso.roll,11.5,2.6,7.3,-9.2,9.2,0.0143,0.004
odysseus-revealed,torso.roll,11.583,1.9,-8.2,-9.2,9.2,0.0131,0.004
odysseus-revealed,torso.roll,11.667,1.3,-6.9,-9.2,9.2,0.0074,0.002
odysseus-revealed,torso.roll,11.75,0.8,-5.7,-9.2,9.2,0.0048,0.001
odysseus-revealed,torso.roll,11.833,0.5,-4.4,-9.2,9.2,0.0028,0
odysseus-revealed,torso.roll,11.917,0.2,-3.2,-9.2,9.2,0.0014,0
odysseus-revealed,torso.roll,12,0.1,-1.9,-9.2,9.2,0.0005,0
odysseus-revealed,torso.roll,12.083,0,-0.6,-9.2,9.2,0.0002,0
odysseus-revealed,torso.roll,12.167,0,0,-9.2,9.2,0.0001,0
odysseus-revealed,torso.roll,17.333,0.1,0.6,-9.2,9.2,0.0005,0
odysseus-revealed,torso.roll,17.417,0.2,0.8,-9.2,9.2,0.0009,0
odysseus-revealed,torso.roll,17.5,0.3,1.1,-9.2,9.2,0.0014,0
odysseus-revealed,torso.roll,17.583,0.4,1.3,-9.2,9.2,0.002,0
odysseus-revealed,torso.roll,17.667,0.5,1.6,-9.2,9.2,0.0027,0
odysseus-revealed,torso.roll,17.75,0.6,1.8,-9.2,9.2,0.0036,0
odysseus-revealed,torso.roll,17.833,0.8,2.1,-9.2,9.2,0.0045,0
odysseus-revealed,torso.roll,17.917,1,2.3,-9.2,9.2,0.0056,0.001
odysseus-revealed,torso.roll,18,1.2,2.5,-9.2,9.2,0.0067,0.001
odysseus-revealed,torso.roll,18.083,1.5,2.8,-9.2,9.2,0.008,0.001
odysseus-revealed,torso.roll,18.167,1.7,3,-9.2,9.2,0.0094,0.001
odysseus-revealed,torso.roll,18.25,2,3.3,-9.2,9.2,0.0109,0.001
odysseus-revealed,torso.roll,18.333,2.3,3.5,-9.2,9.2,0.0125,0.002
odysseus-revealed,torso.roll,18.417,2.6,3.7,-9.2,9.2,0.0142,0.002
odysseus-revealed,torso.roll,18.5,2.2,-4.3,-9.2,9.2,0.0136,0.002
odysseus-revealed,torso.roll,18.583,1.9,-3.9,-9.2,9.2,0.0104,0.002
odysseus-revealed,torso.roll,18.667,1.6,-3.6,-9.2,9.2,0.0088,0.001
odysseus-revealed,torso.roll,18.75,1.3,-3.3,-9.2,9.2,0.0073,0.001
odysseus-revealed,torso.roll,18.833,1.1,-3,-9.2,9.2,0.0059,0.001
odysseus-revealed,torso.roll,18.917,0.8,-2.7,-9.2,9.2,0.0047,0
odysseus-revealed,torso.roll,19,0.6,-2.4,-9.2,9.2,0.0036,0
odysseus-revealed,torso.roll,19.083,0.5,-2.1,-9.2,9.2,0.0027,0
odysseus-revealed,torso.roll,19.167,0.3,-1.7,-9.2,9.2,0.0019,0
odysseus-revealed,torso.roll,19.25,0.2,-1.4,-9.2,9.2,0.0012,0
odysseus-revealed,torso.roll,19.333,0.1,-1.1,-9.2,9.2,0.0007,0
odysseus-revealed,torso.roll,19.417,0.1,-0.8,-9.2,9.2,0.0003,0
odysseus-revealed,torso.roll,19.5,0,-0.5,-9.2,9.2,0.0001,0
odysseus-revealed,torso.roll,52.083,0,0,-9.2,9.2,0,0
odysseus-revealed,head.yaw,0,0,0,-83.1,83.1,0,0
odysseus-revealed,head.yaw,12.667,-8.7,-104.5,-83.1,83.1,0.0041,0.015
odysseus-revealed,head.yaw,12.75,-15.5,-81.3,-83.1,83.1,0.0064,0.018
odysseus-revealed,head.yaw,12.833,-20.3,-58.1,-83.1,83.1,0.0083,0.017
odysseus-revealed,head.yaw,12.917,-23.2,-34.8,-83.1,83.1,0.0094,0.012
odysseus-revealed,head.yaw,13,-24.2,-11.6,-83.1,83.1,0.0098,0.004
odysseus-revealed,head.yaw,13.083,-23.9,3.6,-83.1,83.1,0.0096,0.001
odysseus-revealed,head.yaw,13.167,-23.3,6.7,-83.1,83.1,0.0093,0.002
odysseus-revealed,head.yaw,13.25,-23,3.6,-83.1,83.1,0.0092,0.001
odysseus-revealed,head.yaw,13.333,-23,0,-83.1,83.1,0.0092,0
odysseus-revealed,head.yaw,17.167,-19.4,43.2,-83.1,83.1,0.0081,0.012
odysseus-revealed,head.yaw,17.25,-11.5,95.1,-83.1,83.1,0.005,0.017
odysseus-revealed,head.yaw,17.333,-3.6,95.1,-83.1,83.1,0.0015,0.005
odysseus-revealed,head.yaw,17.417,0,43.2,-83.1,83.1,0.0003,0
odysseus-revealed,head.yaw,17.5,0,0,-83.1,83.1,0.0002,0
odysseus-revealed,head.yaw,20.917,7.1,84.9,-83.1,83.1,0.0033,0.01
odysseus-revealed,head.yaw,21,12.6,66.1,-83.1,83.1,0.0052,0.012
odysseus-revealed,head.yaw,21.083,16.5,47.2,-83.1,83.1,0.0068,0.011
odysseus-revealed,head.yaw,21.167,18.9,28.3,-83.1,83.1,0.0077,0.008
odysseus-revealed,head.yaw,21.25,19.7,9.4,-83.1,83.1,0.008,0.003
odysseus-revealed,head.yaw,21.333,19.4,-2.9,-83.1,83.1,0.0079,0.001
odysseus-revealed,head.yaw,21.417,19,-5.4,-83.1,83.1,0.0077,0.002
odysseus-revealed,head.yaw,21.5,18.7,-2.9,-83.1,83.1,0.0076,0.001
odysseus-revealed,head.yaw,21.583,18.7,0,-83.1,83.1,0.0076,0
odysseus-revealed,head.yaw,23.083,23.6,58.3,-83.1,83.1,0.0097,0.02
odysseus-revealed,head.yaw,23.167,27.6,47.7,-83.1,83.1,0.0109,0.018
odysseus-revealed,head.yaw,23.25,30.6,37.1,-83.1,83.1,0.0121,0.016
odysseus-revealed,head.yaw,23.333,32.9,26.5,-83.1,83.1,0.0128,0.012
odysseus-revealed,head.yaw,23.417,34.2,15.9,-83.1,83.1,0.0133,0.008
odysseus-revealed,head.yaw,23.5,34.6,5.3,-83.1,83.1,0.0134,0.003
odysseus-revealed,head.yaw,23.583,34.2,-5.1,-83.1,83.1,0.0133,0.003
odysseus-revealed,head.yaw,23.667,33.4,-9.5,-83.1,83.1,0.013,0.005
odysseus-revealed,head.yaw,23.75,33,-5.1,-83.1,83.1,0.0128,0.003
odysseus-revealed,head.yaw,23.833,33,0,-83.1,83.1,0.0128,0
odysseus-revealed,head.yaw,25.25,13.3,-236.1,-83.1,83.1,0.0066,0.055
odysseus-revealed,head.yaw,25.333,-2,-183.6,-83.1,83.1,0.0011,0.007
odysseus-revealed,head.yaw,25.417,-12.9,-131.2,-83.1,83.1,0.0055,0.025
odysseus-revealed,head.yaw,25.5,-19.5,-78.7,-83.1,83.1,0.0081,0.022
odysseus-revealed,head.yaw,25.583,-21.7,-26.2,-83.1,83.1,0.009,0.008
odysseus-revealed,head.yaw,25.667,-21.4,3.2,-83.1,83.1,0.0087,0.001
odysseus-revealed,head.yaw,25.75,-20.9,6,-83.1,83.1,0.0084,0.002
odysseus-revealed,head.yaw,25.833,-20.6,3.2,-83.1,83.1,0.0083,0.001
odysseus-revealed,head.yaw,25.917,-20.6,0,-83.1,83.1,0.0083,0
odysseus-revealed,head.yaw,26.667,-5,188.1,-83.1,83.1,0.003,0.02
odysseus-revealed,head.yaw,26.75,7.8,153.9,-83.1,83.1,0.0034,0.018
odysseus-revealed,head.yaw,26.833,17.8,119.7,-83.1,83.1,0.0074,0.031
odysseus-revealed,head.yaw,26.917,24.9,85.5,-83.1,83.1,0.0101,0.03
odysseus-revealed,head.yaw,27,29.2,51.3,-83.1,83.1,0.0117,0.021
odysseus-revealed,head.yaw,27.083,30.6,17.1,-83.1,83.1,0.0122,0.008
odysseus-revealed,head.yaw,27.167,30.3,-4.5,-83.1,83.1,0.012,0.002
odysseus-revealed,head.yaw,27.25,29.6,-8.4,-83.1,83.1,0.0116,0.004
odysseus-revealed,head.yaw,27.333,29.2,-4.5,-83.1,83.1,0.0115,0.002
odysseus-revealed,head.yaw,27.417,29.2,0,-83.1,83.1,0.0115,0
odysseus-revealed,head.yaw,29.167,28.1,-13.5,-83.1,83.1,0.0111,0.006
odysseus-revealed,head.yaw,29.25,27.2,-10.5,-83.1,83.1,0.0108,0.004
odysseus-revealed,head.yaw,29.333,26.5,-7.5,-83.1,83.1,0.0105,0.003
odysseus-revealed,head.yaw,29.417,26.2,-4.5,-83.1,83.1,0.0104,0.002
odysseus-revealed,head.yaw,29.5,26,-1.5,-83.1,83.1,0.0104,0.001
odysseus-revealed,head.yaw,29.583,25.7,-3.9,-83.1,83.1,0.0102,0.002
odysseus-revealed,head.yaw,29.667,25.1,-7.2,-83.1,83.1,0.01,0.003
odysseus-revealed,head.yaw,29.75,24.8,-3.9,-83.1,83.1,0.0099,0.002
odysseus-revealed,head.yaw,29.833,24.8,0,-83.1,83.1,0.0099,0
odysseus-revealed,head.yaw,31.583,1.5,-280,-83.1,83.1,0.002,0.02
odysseus-revealed,head.yaw,31.667,-17.6,-229.1,-83.1,83.1,0.0074,0.059
odysseus-revealed,head.yaw,31.75,-32.5,-178.2,-83.1,83.1,0.0129,0.081
odysseus-revealed,head.yaw,31.833,-43.1,-127.3,-83.1,83.1,0.0163,0.073
odysseus-revealed,head.yaw,31.917,-49.4,-76.4,-83.1,83.1,0.0181,0.049
odysseus-revealed,head.yaw,32,-51.5,-25.5,-83.1,83.1,0.0187,0.017
odysseus-revealed,head.yaw,32.083,-50.9,7.6,-83.1,83.1,0.0184,0.006
odysseus-revealed,head.yaw,32.167,-49.7,14.2,-83.1,83.1,0.018,0.01
odysseus-revealed,head.yaw,32.25,-49.1,7.6,-83.1,83.1,0.0178,0.005
odysseus-revealed,head.yaw,32.333,-49.1,0,-83.1,83.1,0.0178,0.001
odysseus-revealed,head.yaw,33.583,-39.2,118.4,-83.1,83.1,0.0155,0.064
odysseus-revealed,head.yaw,33.667,-31.5,92.1,-83.1,83.1,0.0125,0.04
odysseus-revealed,head.yaw,33.75,-26.1,65.8,-83.1,83.1,0.0105,0.024
odysseus-revealed,head.yaw,33.833,-22.8,39.5,-83.1,83.1,0.0092,0.013
odysseus-revealed,head.yaw,33.917,-21.7,13.2,-83.1,83.1,0.0088,0.004
odysseus-revealed,head.yaw,34,-21.4,3.2,-83.1,83.1,0.0086,0.001
odysseus-revealed,head.yaw,34.083,-20.9,6,-83.1,83.1,0.0084,0.002
odysseus-revealed,head.yaw,34.167,-20.6,3.2,-83.1,83.1,0.0083,0.001
odysseus-revealed,head.yaw,34.25,-20.6,0,-83.1,83.1,0.0083,0
odysseus-revealed,head.yaw,35.5,-23.2,-30.3,-83.1,83.1,0.0094,0.01
odysseus-revealed,head.yaw,35.583,-25.1,-23.5,-83.1,83.1,0.01,0.008
odysseus-revealed,head.yaw,35.667,-26.5,-16.8,-83.1,83.1,0.0106,0.006
odysseus-revealed,head.yaw,35.75,-27.4,-10.1,-83.1,83.1,0.0109,0.004
odysseus-revealed,head.yaw,35.833,-27.7,-3.4,-83.1,83.1,0.011,0.002
odysseus-revealed,head.yaw,35.917,-27.3,4.1,-83.1,83.1,0.0108,0.002
odysseus-revealed,head.yaw,36,-26.7,7.6,-83.1,83.1,0.0106,0.003
odysseus-revealed,head.yaw,36.083,-26.3,4.1,-83.1,83.1,0.0105,0.002
odysseus-revealed,head.yaw,36.167,-26.3,0,-83.1,83.1,0.0105,0
odysseus-revealed,head.yaw,37.917,-16,124.4,-83.1,83.1,0.0071,0.031
odysseus-revealed,head.yaw,38,-8.6,88.8,-83.1,83.1,0.0037,0.011
odysseus-revealed,head.yaw,38.083,-4.1,53.3,-83.1,83.1,0.0019,0.003
odysseus-revealed,head.yaw,38.167,-2.7,17.8,-83.1,83.1,0.0013,0.001
odysseus-revealed,head.yaw,38.25,-2.6,0.4,-83.1,83.1,0.0012,0
odysseus-revealed,head.yaw,38.333,-2.6,0.7,-83.1,83.1,0.0011,0
odysseus-revealed,head.yaw,38.417,-2.5,0.4,-83.1,83.1,0.001,0
odysseus-revealed,head.yaw,52.083,-2.5,0,-83.1,83.1,0.001,0
odysseus-revealed,head.pitch,0,-1.4,0,-12.6,12.6,0.0006,0
odysseus-revealed,head.pitch,0.25,-1.3,0.8,-12.6,12.6,0.0005,0
odysseus-revealed,head.pitch,0.333,-1.2,1,-12.6,12.6,0.0005,0
odysseus-revealed,head.pitch,0.417,-1.1,1.2,-12.6,12.6,0.0005,0
odysseus-revealed,head.pitch,0.5,-1,1.3,-12.6,12.6,0.0004,0
odysseus-revealed,head.pitch,0.583,-0.9,1.4,-12.6,12.6,0.0004,0
odysseus-revealed,head.pitch,0.667,-0.8,1.5,-12.6,12.6,0.0003,0
odysseus-revealed,head.pitch,0.75,-0.7,1.5,-12.6,12.6,0.0003,0
odysseus-revealed,head.pitch,0.833,-0.5,1.5,-12.6,12.6,0.0002,0
odysseus-revealed,head.pitch,0.917,-0.4,1.4,-12.6,12.6,0.0002,0
odysseus-revealed,head.pitch,1,-0.3,1.3,-12.6,12.6,0.0001,0
odysseus-revealed,head.pitch,1.083,-0.2,1.2,-12.6,12.6,0.0001,0
odysseus-revealed,head.pitch,1.167,-0.1,1,-12.6,12.6,0,0
odysseus-revealed,head.pitch,1.25,-0.1,0.8,-12.6,12.6,0,0
odysseus-revealed,head.pitch,1.333,0,0.5,-12.6,12.6,0,0
odysseus-revealed,head.pitch,1.5,1.1,12.8,-12.6,12.6,0.0005,0
odysseus-revealed,head.pitch,1.583,3.4,28.1,-12.6,12.6,0.0015,0.001
odysseus-revealed,head.pitch,1.667,5.7,28,-12.6,12.6,0.0024,0.002
odysseus-revealed,head.pitch,1.75,6.8,12.4,-12.6,12.6,0.0029,0.001
odysseus-revealed,head.pitch,1.833,2.9,-46.9,-12.6,12.6,0.0015,0.002
odysseus-revealed,head.pitch,1.917,-0.4,-38.6,-12.6,12.6,0.0002,0
odysseus-revealed,head.pitch,2,-2.9,-30.3,-12.6,12.6,0.0012,0.001
odysseus-revealed,head.pitch,2.083,-4.7,-21.9,-12.6,12.6,0.002,0.002
odysseus-revealed,head.pitch,2.167,-5.8,-13.6,-12.6,12.6,0.0024,0.001
odysseus-revealed,head.pitch,2.25,-6.3,-5.2,-12.6,12.6,0.0026,0
odysseus-revealed,head.pitch,2.333,-6.3,-0.1,-12.6,12.6,0.0026,0
odysseus-revealed,head.pitch,2.417,-6.1,1.7,-12.6,12.6,0.0025,0
odysseus-revealed,head.pitch,2.5,-5.9,3.2,-12.6,12.6,0.0024,0
odysseus-revealed,head.pitch,2.583,-5.5,4.5,-12.6,12.6,0.0023,0
odysseus-revealed,head.pitch,2.667,-5,5.4,-12.6,12.6,0.0021,0
odysseus-revealed,head.pitch,2.75,-4.5,6,-12.6,12.6,0.0019,0
odysseus-revealed,head.pitch,2.833,-4,6.4,-12.6,12.6,0.0016,0
odysseus-revealed,head.pitch,2.917,-3.5,6.5,-12.6,12.6,0.0014,0
odysseus-revealed,head.pitch,3,-2.9,6.3,-12.6,12.6,0.0012,0
odysseus-revealed,head.pitch,3.083,-2.5,5.8,-12.6,12.6,0.001,0
odysseus-revealed,head.pitch,3.167,-2,5,-12.6,12.6,0.0008,0
odysseus-revealed,head.pitch,3.25,-1.7,3.9,-12.6,12.6,0.0007,0
odysseus-revealed,head.pitch,3.333,-1.5,2.6,-12.6,12.6,0.0006,0
odysseus-revealed,head.pitch,3.417,-1.4,0.9,-12.6,12.6,0.0006,0
odysseus-revealed,head.pitch,3.5,-1.4,0.2,-12.6,12.6,0.0006,0
odysseus-revealed,head.pitch,3.667,-1.3,0.8,-12.6,12.6,0.0005,0
odysseus-revealed,head.pitch,3.75,-1.2,1,-12.6,12.6,0.0005,0
odysseus-revealed,head.pitch,3.833,-1.1,1.2,-12.6,12.6,0.0005,0
odysseus-revealed,head.pitch,3.917,-1,1.3,-12.6,12.6,0.0004,0
odysseus-revealed,head.pitch,4,-0.9,1.4,-12.6,12.6,0.0004,0
odysseus-revealed,head.pitch,4.083,-0.8,1.5,-12.6,12.6,0.0003,0
odysseus-revealed,head.pitch,4.167,-0.7,1.5,-12.6,12.6,0.0003,0
odysseus-revealed,head.pitch,4.25,-0.5,1.5,-12.6,12.6,0.0002,0
odysseus-revealed,head.pitch,4.333,-0.4,1.4,-12.6,12.6,0.0002,0
odysseus-revealed,head.pitch,4.417,-0.3,1.3,-12.6,12.6,0.0001,0
odysseus-revealed,head.pitch,4.5,-0.2,1.2,-12.6,12.6,0.0001,0
odysseus-revealed,head.pitch,4.583,-0.1,1,-12.6,12.6,0,0
odysseus-revealed,head.pitch,4.667,-0.1,0.8,-12.6,12.6,0,0
odysseus-revealed,head.pitch,4.75,0,0.5,-12.6,12.6,0,0
odysseus-revealed,head.pitch,5.167,-0.1,-0.5,-12.6,12.6,0,0
odysseus-revealed,head.pitch,5.25,-0.2,-0.7,-12.6,12.6,0.0001,0
odysseus-revealed,head.pitch,5.333,-0.2,-0.8,-12.6,12.6,0.0001,0
odysseus-revealed,head.pitch,5.417,-0.3,-0.8,-12.6,12.6,0.0001,0
odysseus-revealed,head.pitch,5.5,-0.4,-0.9,-12.6,12.6,0.0002,0
odysseus-revealed,head.pitch,5.583,-0.5,-1,-12.6,12.6,0.0002,0
odysseus-revealed,head.pitch,5.667,-0.5,-1,-12.6,12.6,0.0002,0
odysseus-revealed,head.pitch,5.75,-0.6,-1.1,-12.6,12.6,0.0003,0
odysseus-revealed,head.pitch,5.833,-0.7,-1.1,-12.6,12.6,0.0003,0
odysseus-revealed,head.pitch,5.917,-0.8,-1.1,-12.6,12.6,0.0003,0
odysseus-revealed,head.pitch,6,-0.9,-1.1,-12.6,12.6,0.0004,0
odysseus-revealed,head.pitch,6.083,-1,-1,-12.6,12.6,0.0004,0
odysseus-revealed,head.pitch,6.167,-1.1,-1,-12.6,12.6,0.0004,0
odysseus-revealed,head.pitch,6.25,-1.1,-0.9,-12.6,12.6,0.0005,0
odysseus-revealed,head.pitch,6.333,-1.2,-0.8,-12.6,12.6,0.0005,0
odysseus-revealed,head.pitch,6.417,-1.3,-0.8,-12.6,12.6,0.0005,0
odysseus-revealed,head.pitch,6.5,-1.3,-0.7,-12.6,12.6,0.0005,0
odysseus-revealed,head.pitch,6.583,-1.4,-0.5,-12.6,12.6,0.0006,0
odysseus-revealed,head.pitch,6.667,-0.9,5.7,-12.6,12.6,0.0004,0
odysseus-revealed,head.pitch,6.75,0.4,15,-12.6,12.6,0.0002,0
odysseus-revealed,head.pitch,6.833,2,19.8,-12.6,12.6,0.0008,0.001
odysseus-revealed,head.pitch,6.917,3.7,20,-12.6,12.6,0.0015,0.001
odysseus-revealed,head.pitch,7,5,15.8,-12.6,12.6,0.0021,0.001
odysseus-revealed,head.pitch,7.083,5.6,6.9,-12.6,12.6,0.0023,0.001
odysseus-revealed,head.pitch,7.167,5.6,0.3,-12.6,12.6,0.0023,0
odysseus-revealed,head.pitch,7.25,5.5,-0.9,-12.6,12.6,0.0023,0
odysseus-revealed,head.pitch,7.333,5.3,-2,-12.6,12.6,0.0022,0
odysseus-revealed,head.pitch,7.417,5.1,-2.9,-12.6,12.6,0.0021,0
odysseus-revealed,head.pitch,7.5,4.8,-3.7,-12.6,12.6,0.002,0
odysseus-revealed,head.pitch,7.583,4.4,-4.3,-12.6,12.6,0.0018,0
odysseus-revealed,head.pitch,7.667,4,-4.8,-12.6,12.6,0.0017,0
odysseus-revealed,head.pitch,7.75,3.6,-5.2,-12.6,12.6,0.0015,0
odysseus-revealed,head.pitch,7.833,3.1,-5.5,-12.6,12.6,0.0013,0
odysseus-revealed,head.pitch,7.917,2.7,-5.7,-12.6,12.6,0.0011,0
odysseus-revealed,head.pitch,8,2.2,-5.7,-12.6,12.6,0.0009,0
odysseus-revealed,head.pitch,8.083,1.7,-5.6,-12.6,12.6,0.0007,0
odysseus-revealed,head.pitch,8.167,1.3,-5.3,-12.6,12.6,0.0005,0
odysseus-revealed,head.pitch,8.25,0.9,-5,-12.6,12.6,0.0004,0
odysseus-revealed,head.pitch,8.333,0.5,-4.4,-12.6,12.6,0.0002,0
odysseus-revealed,head.pitch,8.417,0.2,-3.6,-12.6,12.6,0.0001,0
odysseus-revealed,head.pitch,8.5,0,-2.5,-12.6,12.6,0,0
odysseus-revealed,head.pitch,8.583,-0.1,-1.3,-12.6,12.6,0.0001,0
odysseus-revealed,head.pitch,8.667,-0.2,-0.7,-12.6,12.6,0.0001,0
odysseus-revealed,head.pitch,8.75,-0.2,-0.8,-12.6,12.6,0.0001,0
odysseus-revealed,head.pitch,8.833,-0.3,-0.9,-12.6,12.6,0.0001,0
odysseus-revealed,head.pitch,8.917,-0.4,-1,-12.6,12.6,0.0002,0
odysseus-revealed,head.pitch,9,-0.5,-1,-12.6,12.6,0.0002,0
odysseus-revealed,head.pitch,9.083,-0.6,-1.1,-12.6,12.6,0.0002,0
odysseus-revealed,head.pitch,9.167,-0.7,-1.1,-12.6,12.6,0.0003,0
odysseus-revealed,head.pitch,9.25,-0.8,-1.1,-12.6,12.6,0.0003,0
odysseus-revealed,head.pitch,9.333,-0.9,-1.1,-12.6,12.6,0.0004,0
odysseus-revealed,head.pitch,9.417,-0.9,-1.1,-12.6,12.6,0.0004,0
odysseus-revealed,head.pitch,9.5,-1,-1,-12.6,12.6,0.0004,0
odysseus-revealed,head.pitch,9.583,-1.1,-1,-12.6,12.6,0.0005,0
odysseus-revealed,head.pitch,9.667,-1.2,-0.9,-12.6,12.6,0.0005,0
odysseus-revealed,head.pitch,9.75,-1.3,-0.8,-12.6,12.6,0.0005,0
odysseus-revealed,head.pitch,9.833,-1.3,-0.7,-12.6,12.6,0.0005,0
odysseus-revealed,head.pitch,9.917,-1.4,-0.6,-12.6,12.6,0.0006,0
odysseus-revealed,head.pitch,10,-1.4,-0.4,-12.6,12.6,0.0006,0
odysseus-revealed,head.pitch,10.333,-1.3,0.9,-12.6,12.6,0.0005,0
odysseus-revealed,head.pitch,10.417,-1.2,1.3,-12.6,12.6,0.0005,0
odysseus-revealed,head.pitch,10.5,-1.1,1.4,-12.6,12.6,0.0005,0
odysseus-revealed,head.pitch,10.583,-1,1.4,-12.6,12.6,0.0004,0
odysseus-revealed,head.pitch,10.667,-0.9,1.3,-12.6,12.6,0.0004,0
odysseus-revealed,head.pitch,10.75,-0.8,0.9,-12.6,12.6,0.0003,0
odysseus-revealed,head.pitch,10.833,-0.8,0.3,-12.6,12.6,0.0003,0
odysseus-revealed,head.pitch,10.917,-0.7,1.5,-12.6,12.6,0.0003,0
odysseus-revealed,head.pitch,11,-0.3,3.9,-12.6,12.6,0.0001,0
odysseus-revealed,head.pitch,11.083,0.1,5.5,-12.6,12.6,0.0001,0
odysseus-revealed,head.pitch,11.167,0.6,6,-12.6,12.6,0.0003,0
odysseus-revealed,head.pitch,11.25,1.1,5.7,-12.6,12.6,0.0005,0
odysseus-revealed,head.pitch,11.333,1.5,4.5,-12.6,12.6,0.0006,0
odysseus-revealed,head.pitch,11.417,1.8,3.2,-12.6,12.6,0.0007,0
odysseus-revealed,head.pitch,11.5,1.9,2.2,-12.6,12.6,0.0008,0
odysseus-revealed,head.pitch,11.583,2,0.8,-12.6,12.6,0.0008,0
odysseus-revealed,head.pitch,11.667,1.8,-2.1,-12.6,12.6,0.0008,0
odysseus-revealed,head.pitch,11.75,1.4,-5.4,-12.6,12.6,0.0006,0
odysseus-revealed,head.pitch,11.833,0.8,-7.4,-12.6,12.6,0.0003,0
odysseus-revealed,head.pitch,11.917,0.1,-8,-12.6,12.6,0,0
odysseus-revealed,head.pitch,12,-0.5,-7.4,-12.6,12.6,0.0002,0
odysseus-revealed,head.pitch,12.083,-1,-5.4,-12.6,12.6,0.0004,0
odysseus-revealed,head.pitch,12.167,-1.1,-2.1,-12.6,12.6,0.0005,0
odysseus-revealed,head.pitch,12.25,-1.1,0.3,-12.6,12.6,0.0005,0
odysseus-revealed,head.pitch,12.333,-1,0.9,-12.6,12.6,0.0004,0
odysseus-revealed,head.pitch,12.417,-1.1,-0.3,-12.6,12.6,0.0004,0
odysseus-revealed,head.pitch,12.667,1.9,34.8,-12.6,12.6,0.0009,0.001
odysseus-revealed,head.pitch,12.75,0.9,-11.4,-12.6,12.6,0.0006,0
odysseus-revealed,head.pitch,12.833,0.2,-8.2,-12.6,12.6,0.0001,0
odysseus-revealed,head.pitch,12.917,-0.2,-5,-12.6,12.6,0.0001,0
odysseus-revealed,head.pitch,13,-0.4,-2.1,-12.6,12.6,0.0002,0
odysseus-revealed,head.pitch,13.083,-0.4,-0.9,-12.6,12.6,0.0002,0
odysseus-revealed,head.pitch,13.167,-0.5,-1.2,-12.6,12.6,0.0002,0
odysseus-revealed,head.pitch,13.25,-0.6,-1.1,-12.6,12.6,0.0003,0
odysseus-revealed,head.pitch,13.333,-0.7,-1.1,-12.6,12.6,0.0003,0
odysseus-revealed,head.pitch,13.417,-0.8,-1,-12.6,12.6,0.0003,0
odysseus-revealed,head.pitch,13.5,-0.9,-1,-12.6,12.6,0.0004,0
odysseus-revealed,head.pitch,13.583,-1,-0.9,-12.6,12.6,0.0004,0
odysseus-revealed,head.pitch,13.667,-1,-0.9,-12.6,12.6,0.0004,0
odysseus-revealed,head.pitch,13.75,-1.1,-0.8,-12.6,12.6,0.0005,0
odysseus-revealed,head.pitch,13.833,-1.2,-0.8,-12.6,12.6,0.0005,0
odysseus-revealed,head.pitch,13.917,-1.2,-0.7,-12.6,12.6,0.0005,0
odysseus-revealed,head.pitch,14,-1.3,-0.7,-12.6,12.6,0.0005,0
odysseus-revealed,head.pitch,14.083,-1.3,-0.6,-12.6,12.6,0.0005,0
odysseus-revealed,head.pitch,14.167,-1.4,-0.6,-12.6,12.6,0.0006,0
odysseus-revealed,head.pitch,14.25,-1.4,-0.5,-12.6,12.6,0.0006,0
odysseus-revealed,head.pitch,14.333,-1.5,-0.5,-12.6,12.6,0.0006,0
odysseus-revealed,head.pitch,15.333,-1.6,0.7,-12.6,12.6,0.0007,0
odysseus-revealed,head.pitch,15.417,-1.5,1.1,-12.6,12.6,0.0006,0
odysseus-revealed,head.pitch,15.5,-1.4,1.4,-12.6,12.6,0.0006,0
odysseus-revealed,head.pitch,15.583,-1.2,1.7,-12.6,12.6,0.0005,0
odysseus-revealed,head.pitch,15.667,-1.1,1.9,-12.6,12.6,0.0004,0
odysseus-revealed,head.pitch,15.75,-0.9,2.1,-12.6,12.6,0.0004,0
odysseus-revealed,head.pitch,15.833,-0.7,2.2,-12.6,12.6,0.0003,0
odysseus-revealed,head.pitch,15.917,-0.5,2.3,-12.6,12.6,0.0002,0
odysseus-revealed,head.pitch,16,-0.3,2.3,-12.6,12.6,0.0001,0
odysseus-revealed,head.pitch,16.083,-0.2,2.2,-12.6,12.6,0.0001,0
odysseus-revealed,head.pitch,16.167,0,2.1,-12.6,12.6,0,0
odysseus-revealed,head.pitch,16.25,0.2,1.9,-12.6,12.6,0.0001,0
odysseus-revealed,head.pitch,16.333,0.3,1.7,-12.6,12.6,0.0001,0
odysseus-revealed,head.pitch,16.417,0.4,1.4,-12.6,12.6,0.0002,0
odysseus-revealed,head.pitch,16.5,0.5,1.1,-12.6,12.6,0.0002,0
odysseus-revealed,head.pitch,16.583,0.6,0.7,-12.6,12.6,0.0002,0
odysseus-revealed,head.pitch,16.667,0.6,0.2,-12.6,12.6,0.0003,0
odysseus-revealed,head.pitch,17.25,0.7,0.7,-12.6,12.6,0.0003,0
odysseus-revealed,head.pitch,17.333,0.8,1.1,-12.6,12.6,0.0003,0
odysseus-revealed,head.pitch,17.417,0.9,1.4,-12.6,12.6,0.0004,0
odysseus-revealed,head.pitch,17.5,1,1.7,-12.6,12.6,0.0004,0
odysseus-revealed,head.pitch,17.583,1.2,1.9,-12.6,12.6,0.0005,0
odysseus-revealed,head.pitch,17.667,1.4,2,-12.6,12.6,0.0006,0
odysseus-revealed,head.pitch,17.75,1.5,2.1,-12.6,12.6,0.0006,0
odysseus-revealed,head.pitch,17.833,1.7,2.1,-12.6,12.6,0.0007,0
odysseus-revealed,head.pitch,17.917,1.9,2.1,-12.6,12.6,0.0008,0
odysseus-revealed,head.pitch,18,2.1,2,-12.6,12.6,0.0008,0
odysseus-revealed,head.pitch,18.083,2.2,1.9,-12.6,12.6,0.0009,0
odysseus-revealed,head.pitch,18.167,2.3,1.7,-12.6,12.6,0.001,0
odysseus-revealed,head.pitch,18.25,2.5,1.4,-12.6,12.6,0.001,0
odysseus-revealed,head.pitch,18.333,2.5,1.1,-12.6,12.6,0.001,0
odysseus-revealed,head.pitch,18.417,2.6,0.7,-12.6,12.6,0.0011,0
odysseus-revealed,head.pitch,18.5,2.6,0.2,-12.6,12.6,0.0011,0
odysseus-revealed,head.pitch,18.583,2.6,-0.6,-12.6,12.6,0.0011,0
odysseus-revealed,head.pitch,18.667,2.4,-1.5,-12.6,12.6,0.001,0
odysseus-revealed,head.pitch,18.75,2.3,-2.4,-12.6,12.6,0.0009,0
odysseus-revealed,head.pitch,18.833,2,-3,-12.6,12.6,0.0008,0
odysseus-revealed,head.pitch,18.917,1.7,-3.5,-12.6,12.6,0.0007,0
odysseus-revealed,head.pitch,19,1.4,-3.9,-12.6,12.6,0.0006,0
odysseus-revealed,head.pitch,19.083,1,-4,-12.6,12.6,0.0004,0
odysseus-revealed,head.pitch,19.167,0.7,-4,-12.6,12.6,0.0003,0
odysseus-revealed,head.pitch,19.25,0.4,-3.9,-12.6,12.6,0.0002,0
odysseus-revealed,head.pitch,19.333,0.1,-3.5,-12.6,12.6,0,0
odysseus-revealed,head.pitch,19.417,-0.2,-3,-12.6,12.6,0.0001,0
odysseus-revealed,head.pitch,19.5,-0.4,-2.4,-12.6,12.6,0.0001,0
odysseus-revealed,head.pitch,19.583,-0.5,-1.5,-12.6,12.6,0.0002,0
odysseus-revealed,head.pitch,19.667,-0.5,-0.6,-12.6,12.6,0.0002,0
odysseus-revealed,head.pitch,19.75,-0.5,0.1,-12.6,12.6,0.0002,0
odysseus-revealed,head.pitch,20,-0.4,0.7,-12.6,12.6,0.0002,0
odysseus-revealed,head.pitch,20.083,-0.3,0.8,-12.6,12.6,0.0001,0
odysseus-revealed,head.pitch,20.167,-0.3,0.9,-12.6,12.6,0.0001,0
odysseus-revealed,head.pitch,20.25,-0.2,1,-12.6,12.6,0.0001,0
odysseus-revealed,head.pitch,20.333,-0.1,1,-12.6,12.6,0,0
odysseus-revealed,head.pitch,20.417,0,1.1,-12.6,12.6,0,0
odysseus-revealed,head.pitch,20.5,0.1,1.1,-12.6,12.6,0,0
odysseus-revealed,head.pitch,20.583,0.2,1.1,-12.6,12.6,0.0001,0
odysseus-revealed,head.pitch,20.667,0.3,1,-12.6,12.6,0.0001,0
odysseus-revealed,head.pitch,20.75,0.3,1,-12.6,12.6,0.0001,0
odysseus-revealed,head.pitch,20.833,0.4,0.9,-12.6,12.6,0.0002,0
odysseus-revealed,head.pitch,20.917,2.7,27.7,-12.6,12.6,0.0013,0.001
odysseus-revealed,head.pitch,21,1.5,-14.4,-12.6,12.6,0.0008,0
odysseus-revealed,head.pitch,21.083,0.7,-10.2,-12.6,12.6,0.0003,0
odysseus-revealed,head.pitch,21.167,0.2,-6.1,-12.6,12.6,0.0001,0
odysseus-revealed,head.pitch,21.25,0,-2,-12.6,12.6,0,0
odysseus-revealed,head.pitch,21.333,0,0,-12.6,12.6,0,0
odysseus-revealed,head.pitch,23.083,2.9,34.4,-12.6,12.6,0.0013,0.002
odysseus-revealed,head.pitch,23.167,2.2,-7.4,-12.6,12.6,0.0011,0
odysseus-revealed,head.pitch,23.25,1.8,-5.8,-12.6,12.6,0.0007,0
odysseus-revealed,head.pitch,23.333,1.4,-4.1,-12.6,12.6,0.0006,0
odysseus-revealed,head.pitch,23.417,1.2,-2.5,-12.6,12.6,0.0005,0
odysseus-revealed,head.pitch,23.5,1.2,-0.8,-12.6,12.6,0.0005,0
odysseus-revealed,head.pitch,23.583,1.2,0,-12.6,12.6,0.0005,0
odysseus-revealed,head.pitch,25.25,2.9,20.6,-12.6,12.6,0.0013,0.001
odysseus-revealed,head.pitch,25.333,2,-9.9,-12.6,12.6,0.001,0
odysseus-revealed,head.pitch,25.417,1.5,-7,-12.6,12.6,0.0006,0
odysseus-revealed,head.pitch,25.5,1.1,-4.2,-12.6,12.6,0.0005,0
odysseus-revealed,head.pitch,25.583,1,-1.4,-12.6,12.6,0.0004,0
odysseus-revealed,head.pitch,25.667,1,0,-12.6,12.6,0.0004,0
odysseus-revealed,head.pitch,26.667,2.9,22.6,-12.6,12.6,0.0013,0.001
odysseus-revealed,head.pitch,26.75,1.8,-12.4,-12.6,12.6,0.0009,0
odysseus-revealed,head.pitch,26.833,1,-9.6,-12.6,12.6,0.0004,0
odysseus-revealed,head.pitch,26.917,0.5,-6.9,-12.6,12.6,0.0002,0
odysseus-revealed,head.pitch,27,0.1,-4.1,-12.6,12.6,0.0001,0
odysseus-revealed,head.pitch,27.083,0,-1.4,-12.6,12.6,0,0
odysseus-revealed,head.pitch,27.167,0,0,-12.6,12.6,0,0
odysseus-revealed,head.pitch,29.167,2.9,34.4,-12.6,12.6,0.0013,0.002
odysseus-revealed,head.pitch,29.25,1.6,-15,-12.6,12.6,0.0009,0
odysseus-revealed,head.pitch,29.333,0.7,-10.7,-12.6,12.6,0.0003,0
odysseus-revealed,head.pitch,29.417,0.2,-6.4,-12.6,12.6,0.0001,0
odysseus-revealed,head.pitch,29.5,0,-2.1,-12.6,12.6,0,0
odysseus-revealed,head.pitch,29.583,0,0,-12.6,12.6,0,0
odysseus-revealed,head.pitch,31.583,2.9,34.4,-12.6,12.6,0.0013,0.002
odysseus-revealed,head.pitch,31.667,1.5,-16.1,-12.6,12.6,0.0009,0
odysseus-revealed,head.pitch,31.75,0.5,-12.5,-12.6,12.6,0.0002,0
odysseus-revealed,head.pitch,31.833,-0.3,-9,-12.6,12.6,0.0001,0
odysseus-revealed,head.pitch,31.917,-0.7,-5.4,-12.6,12.6,0.0003,0
odysseus-revealed,head.pitch,32,-0.9,-1.8,-12.6,12.6,0.0004,0
odysseus-revealed,head.pitch,32.083,-0.9,0,-12.6,12.6,0.0004,0
odysseus-revealed,head.pitch,33.583,2.9,44.8,-12.6,12.6,0.0014,0.002
odysseus-revealed,head.pitch,33.667,2,-9.9,-12.6,12.6,0.0011,0
odysseus-revealed,head.pitch,33.75,1.5,-7,-12.6,12.6,0.0006,0
odysseus-revealed,head.pitch,33.833,1.1,-4.2,-12.6,12.6,0.0005,0
odysseus-revealed,head.pitch,33.917,1,-1.4,-12.6,12.6,0.0004,0
odysseus-revealed,head.pitch,34,1,0,-12.6,12.6,0.0004,0
odysseus-revealed,head.pitch,35.5,2.9,22.6,-12.6,12.6,0.0013,0.001
odysseus-revealed,head.pitch,35.583,1.6,-15,-12.6,12.6,0.0009,0
odysseus-revealed,head.pitch,35.667,0.7,-10.7,-12.6,12.6,0.0003,0
odysseus-revealed,head.pitch,35.75,0.2,-6.4,-12.6,12.6,0.0001,0
odysseus-revealed,head.pitch,35.833,0,-2.1,-12.6,12.6,0,0
odysseus-revealed,head.pitch,35.917,0,0,-12.6,12.6,0,0
odysseus-revealed,head.pitch,37.917,2.9,34.4,-12.6,12.6,0.0013,0.002
odysseus-revealed,head.pitch,38,1,-22.4,-12.6,12.6,0.0007,0.001
odysseus-revealed,head.pitch,38.083,-0.1,-13.4,-12.6,12.6,0.0001,0
odysseus-revealed,head.pitch,38.167,-0.5,-4.5,-12.6,12.6,0.0002,0
odysseus-revealed,head.pitch,38.25,-0.5,0,-12.6,12.6,0.0002,0
odysseus-revealed,head.pitch,38.333,1.4,22.9,-12.6,12.6,0.0007,0.001
odysseus-revealed,head.pitch,38.417,-0.7,-26,-12.6,12.6,0.0006,0.001
odysseus-revealed,head.pitch,38.5,-1.5,-8.7,-12.6,12.6,0.0007,0
odysseus-revealed,head.pitch,38.583,-2.3,-10,-12.6,12.6,0.001,0
odysseus-revealed,head.pitch,38.667,-3.8,-18,-12.6,12.6,0.0016,0.001
odysseus-revealed,head.pitch,38.75,-4.4,-7.8,-12.6,12.6,0.0019,0.001
odysseus-revealed,head.pitch,38.833,-4.1,3.8,-12.6,12.6,0.0018,0
odysseus-revealed,head.pitch,38.917,-3.8,4.4,-12.6,12.6,0.0015,0
odysseus-revealed,head.pitch,39,-3.4,4.9,-12.6,12.6,0.0014,0
odysseus-revealed,head.pitch,39.083,-2.9,5.2,-12.6,12.6,0.0012,0
odysseus-revealed,head.pitch,39.167,-2.5,5.3,-12.6,12.6,0.001,0
odysseus-revealed,head.pitch,39.25,-2,5.2,-12.6,12.6,0.0008,0
odysseus-revealed,head.pitch,39.333,-1.6,4.9,-12.6,12.6,0.0007,0
odysseus-revealed,head.pitch,39.417,-1.3,4.4,-12.6,12.6,0.0005,0
odysseus-revealed,head.pitch,39.5,-1,3.8,-12.6,12.6,0.0004,0
odysseus-revealed,head.pitch,39.583,-0.7,2.9,-12.6,12.6,0.0003,0
odysseus-revealed,head.pitch,39.667,-0.5,1.9,-12.6,12.6,0.0002,0
odysseus-revealed,head.pitch,39.75,-0.5,0.7,-12.6,12.6,0.0002,0
odysseus-revealed,head.pitch,39.833,-0.5,0,-12.6,12.6,0.0002,0
odysseus-revealed,head.pitch,40.667,1.4,23.2,-12.6,12.6,0.0007,0.001
odysseus-revealed,head.pitch,40.75,4.7,38.7,-12.6,12.6,0.002,0.003
odysseus-revealed,head.pitch,40.833,5.5,9.9,-12.6,12.6,0.0024,0.001
odysseus-revealed,head.pitch,40.917,4.5,-11.8,-12.6,12.6,0.002,0.001
odysseus-revealed,head.pitch,41,2.7,-21.6,-12.6,12.6,0.0012,0.001
odysseus-revealed,head.pitch,41.083,1.6,-12.9,-12.6,12.6,0.0007,0
odysseus-revealed,head.pitch,41.167,1.4,-2.6,-12.6,12.6,0.0006,0
odysseus-revealed,head.pitch,41.25,1.2,-2.9,-12.6,12.6,0.0005,0
odysseus-revealed,head.pitch,41.333,0.9,-3,-12.6,12.6,0.0004,0
odysseus-revealed,head.pitch,41.417,0.7,-3.1,-12.6,12.6,0.0003,0
odysseus-revealed,head.pitch,41.5,0.4,-3,-12.6,12.6,0.0002,0
odysseus-revealed,head.pitch,41.583,0.2,-2.9,-12.6,12.6,0.0001,0
odysseus-revealed,head.pitch,41.667,0,-2.6,-12.6,12.6,0,0
odysseus-revealed,head.pitch,41.75,-0.2,-2.2,-12.6,12.6,0.0001,0
odysseus-revealed,head.pitch,41.833,-0.4,-1.7,-12.6,12.6,0.0002,0
odysseus-revealed,head.pitch,41.917,-0.5,-1.1,-12.6,12.6,0.0002,0
odysseus-revealed,head.pitch,42,-0.5,-0.4,-12.6,12.6,0.0002,0
odysseus-revealed,head.pitch,44.25,3.7,50.4,-12.6,12.6,0.0018,0.003
odysseus-revealed,head.pitch,44.333,6.2,30.3,-12.6,12.6,0.0027,0.003
odysseus-revealed,head.pitch,44.417,7.1,10.1,-12.6,12.6,0.003,0.001
odysseus-revealed,head.pitch,44.5,6.1,-11.4,-12.6,12.6,0.0026,0.001
odysseus-revealed,head.pitch,44.583,4.3,-21.9,-12.6,12.6,0.0018,0.001
odysseus-revealed,head.pitch,44.667,3.1,-13.8,-12.6,12.6,0.0013,0.001
odysseus-revealed,head.pitch,44.75,2.8,-4,-12.6,12.6,0.0012,0
odysseus-revealed,head.pitch,44.833,2.4,-4.6,-12.6,12.6,0.001,0
odysseus-revealed,head.pitch,44.917,2,-5.1,-12.6,12.6,0.0008,0
odysseus-revealed,head.pitch,45,1.6,-5.3,-12.6,12.6,0.0006,0
odysseus-revealed,head.pitch,45.083,1.1,-5.3,-12.6,12.6,0.0005,0
odysseus-revealed,head.pitch,45.167,0.7,-5.1,-12.6,12.6,0.0003,0
odysseus-revealed,head.pitch,45.25,0.3,-4.6,-12.6,12.6,0.0001,0
odysseus-revealed,head.pitch,45.333,0,-4,-12.6,12.6,0,0
odysseus-revealed,head.pitch,45.417,-0.3,-3.1,-12.6,12.6,0.0001,0
odysseus-revealed,head.pitch,45.5,-0.4,-2,-12.6,12.6,0.0002,0
odysseus-revealed,head.pitch,45.583,-0.5,-0.7,-12.6,12.6,0.0002,0
odysseus-revealed,head.pitch,45.667,-0.5,0,-12.6,12.6,0.0002,0
odysseus-revealed,head.pitch,46.417,2.1,30.9,-12.6,12.6,0.001,0.001
odysseus-revealed,head.pitch,46.5,2.9,10.3,-12.6,12.6,0.0013,0
odysseus-revealed,head.pitch,46.583,2.4,-6.4,-12.6,12.6,0.0011,0
odysseus-revealed,head.pitch,46.667,-0.8,-38.2,-12.6,12.6,0.0005,0.001
odysseus-revealed,head.pitch,46.75,-3.2,-28.6,-12.6,12.6,0.0013,0.001
odysseus-revealed,head.pitch,46.833,-4.1,-11.3,-12.6,12.6,0.0018,0.001
odysseus-revealed,head.pitch,46.917,-4,0.6,-12.6,12.6,0.0017,0
odysseus-revealed,head.pitch,47,-3.9,1.8,-12.6,12.6,0.0016,0
odysseus-revealed,head.pitch,47.083,-3.7,2.7,-12.6,12.6,0.0015,0
odysseus-revealed,head.pitch,47.167,-3.4,3.5,-12.6,12.6,0.0014,0
odysseus-revealed,head.pitch,47.25,-3.1,4,-12.6,12.6,0.0013,0
odysseus-revealed,head.pitch,47.333,-2.7,4.4,-12.6,12.6,0.0011,0
odysseus-revealed,head.pitch,47.417,-2.3,4.6,-12.6,12.6,0.0009,0
odysseus-revealed,head.pitch,47.5,-1.9,4.6,-12.6,12.6,0.0008,0
odysseus-revealed,head.pitch,47.583,-1.5,4.4,-12.6,12.6,0.0006,0
odysseus-revealed,head.pitch,47.667,-1.2,4,-12.6,12.6,0.0005,0
odysseus-revealed,head.pitch,47.75,-0.9,3.5,-12.6,12.6,0.0004,0
odysseus-revealed,head.pitch,47.833,-0.7,2.7,-12.6,12.6,0.0003,0
odysseus-revealed,head.pitch,47.917,-0.5,1.8,-12.6,12.6,0.0002,0
odysseus-revealed,head.pitch,48,-0.5,0.6,-12.6,12.6,0.0002,0
odysseus-revealed,head.pitch,48.083,-0.5,0,-12.6,12.6,0.0002,0
odysseus-revealed,head.pitch,49.583,2.1,30.9,-12.6,12.6,0.001,0.001
odysseus-revealed,head.pitch,49.667,2.9,10.3,-12.6,12.6,0.0013,0
odysseus-revealed,head.pitch,49.75,4,12.5,-12.6,12.6,0.0016,0.001
odysseus-revealed,head.pitch,49.833,3,-12.1,-12.6,12.6,0.0013,0.001
odysseus-revealed,head.pitch,49.917,2.1,-11.1,-12.6,12.6,0.0008,0
odysseus-revealed,head.pitch,50,2,-1.1,-12.6,12.6,0.0009,0
odysseus-revealed,head.pitch,50.083,1.8,-1.7,-12.6,12.6,0.0007,0
odysseus-revealed,head.pitch,50.167,1.6,-2.2,-12.6,12.6,0.0007,0
odysseus-revealed,head.pitch,50.25,1.4,-2.6,-12.6,12.6,0.0006,0
odysseus-revealed,head.pitch,50.333,1.2,-2.9,-12.6,12.6,0.0005,0
odysseus-revealed,head.pitch,50.417,0.9,-3,-12.6,12.6,0.0004,0
odysseus-revealed,head.pitch,50.5,0.7,-3.1,-12.6,12.6,0.0003,0
odysseus-revealed,head.pitch,50.583,0.4,-3,-12.6,12.6,0.0002,0
odysseus-revealed,head.pitch,50.667,0.2,-2.9,-12.6,12.6,0.0001,0
odysseus-revealed,head.pitch,50.75,0,-2.6,-12.6,12.6,0,0
odysseus-revealed,head.pitch,50.833,-0.2,-2.2,-12.6,12.6,0.0001,0
odysseus-revealed,head.pitch,50.917,-0.4,-1.7,-12.6,12.6,0.0002,0
odysseus-revealed,head.pitch,51,-0.5,-1.1,-12.6,12.6,0.0002,0
odysseus-revealed,head.pitch,51.083,-0.5,-0.4,-12.6,12.6,0.0002,0
odysseus-revealed,head.pitch,52.083,-0.5,0,-12.6,12.6,0.0002,0
odysseus-revealed,arm.R.pitch,0,-137.5,0,-183.3,60.2,0.0199,0.001
odysseus-revealed,arm.R.pitch,1.5,-125,150.4,-183.3,60.2,0.026,0.138
odysseus-revealed,arm.R.pitch,1.583,-97.4,330.9,-183.3,60.2,0.0315,0.365
odysseus-revealed,arm.R.pitch,1.667,-69.8,330.9,-183.3,60.2,0.0276,0.321
odysseus-revealed,arm.R.pitch,1.75,-57.3,150.4,-183.3,60.2,0.027,0.143
odysseus-revealed,arm.R.pitch,1.833,-90.6,-399.2,-183.3,60.2,0.0363,0.509
odysseus-revealed,arm.R.pitch,1.917,-117.8,-326.6,-183.3,60.2,0.027,0.309
odysseus-revealed,arm.R.pitch,2,-138.9,-254,-183.3,60.2,0.0202,0.18
odysseus-revealed,arm.R.pitch,2.083,-154.1,-181.4,-183.3,60.2,0.0138,0.088
odysseus-revealed,arm.R.pitch,2.167,-163.1,-108.9,-183.3,60.2,0.0095,0.036
odysseus-revealed,arm.R.pitch,2.25,-166.2,-36.3,-183.3,60.2,0.008,0.01
odysseus-revealed,arm.R.pitch,2.333,-89.7,917.5,-183.3,60.2,0.0414,1.33
odysseus-revealed,arm.R.pitch,2.417,-53.2,437.8,-183.3,60.2,0.0296,0.454
odysseus-revealed,arm.R.pitch,2.5,-43.5,116.6,-183.3,60.2,0.0243,0.1
odysseus-revealed,arm.R.pitch,2.583,-47.3,-46.2,-183.3,60.2,0.0237,0.039
odysseus-revealed,arm.R.pitch,2.667,-51.6,-50.6,-183.3,60.2,0.0231,0.042
odysseus-revealed,arm.R.pitch,2.75,-55.1,-42.8,-183.3,60.2,0.0242,0.037
odysseus-revealed,arm.R.pitch,2.833,-64.5,-112.8,-183.3,60.2,0.0275,0.11
odysseus-revealed,arm.R.pitch,2.917,-77.8,-159.5,-183.3,60.2,0.0294,0.165
odysseus-revealed,arm.R.pitch,3,-93.1,-182.9,-183.3,60.2,0.0297,0.191
odysseus-revealed,arm.R.pitch,3.083,-108.3,-182.9,-183.3,60.2,0.0279,0.18
odysseus-revealed,arm.R.pitch,3.167,-121.6,-159.5,-183.3,60.2,0.0254,0.142
odysseus-revealed,arm.R.pitch,3.25,-131,-112.8,-183.3,60.2,0.0228,0.091
odysseus-revealed,arm.R.pitch,3.333,-134.6,-42.8,-183.3,60.2,0.0218,0.034
odysseus-revealed,arm.R.pitch,3.417,-125.3,111,-183.3,60.2,0.0259,0.102
odysseus-revealed,arm.R.pitch,3.5,-118.1,86.4,-183.3,60.2,0.0263,0.081
odysseus-revealed,arm.R.pitch,3.583,-113,61.7,-183.3,60.2,0.0274,0.061
odysseus-revealed,arm.R.pitch,3.667,-109.9,37,-183.3,60.2,0.028,0.038
odysseus-revealed,arm.R.pitch,3.75,-108.9,12.3,-183.3,60.2,0.0282,0.014
odysseus-revealed,arm.R.pitch,3.833,-183.3,-893.8,-183.3,60.2,0.0131,0.409
odysseus-revealed,arm.R.pitch,3.917,-183.3,0,-183.3,60.2,0.0129,0
odysseus-revealed,arm.R.pitch,4.5,-180.5,34.4,-183.3,60.2,0.0007,0.001
odysseus-revealed,arm.R.pitch,4.583,-175.7,57.3,-183.3,60.2,0.0025,0.005
odysseus-revealed,arm.R.pitch,4.667,-172.8,34.4,-183.3,60.2,0.004,0.005
odysseus-revealed,arm.R.pitch,4.75,-171.9,11.5,-183.3,60.2,0.0044,0.002
odysseus-revealed,arm.R.pitch,4.833,-170.4,17.7,-183.3,60.2,0.005,0.003
odysseus-revealed,arm.R.pitch,4.917,-166.5,46.7,-183.3,60.2,0.0072,0.012
odysseus-revealed,arm.R.pitch,5,-161,66.1,-183.3,60.2,0.0098,0.023
odysseus-revealed,arm.R.pitch,5.083,-154.7,75.7,-183.3,60.2,0.0127,0.034
odysseus-revealed,arm.R.pitch,5.167,-148.4,75.7,-183.3,60.2,0.0154,0.041
odysseus-revealed,arm.R.pitch,5.25,-142.9,66.1,-183.3,60.2,0.0179,0.042
odysseus-revealed,arm.R.pitch,5.333,-139,46.7,-183.3,60.2,0.0196,0.033
odysseus-revealed,arm.R.pitch,5.417,-137.5,17.7,-183.3,60.2,0.0202,0.013
odysseus-revealed,arm.R.pitch,5.5,-137.5,0,-183.3,60.2,0.0201,0.001
odysseus-revealed,arm.R.pitch,6.667,-132.4,61.1,-183.3,60.2,0.0225,0.049
odysseus-revealed,arm.R.pitch,6.75,-119.7,152.8,-183.3,60.2,0.0267,0.144
odysseus-revealed,arm.R.pitch,6.833,-103.1,198.6,-183.3,60.2,0.0292,0.204
odysseus-revealed,arm.R.pitch,6.917,-86.6,198.6,-183.3,60.2,0.0294,0.205
odysseus-revealed,arm.R.pitch,7,-73.8,152.8,-183.3,60.2,0.0288,0.156
odysseus-revealed,arm.R.pitch,7.083,-68.8,61.1,-183.3,60.2,0.0286,0.063
odysseus-revealed,arm.R.pitch,7.167,-67,20.6,-183.3,60.2,0.0276,0.021
odysseus-revealed,arm.R.pitch,7.25,-65.3,20.6,-183.3,60.2,0.0267,0.021
odysseus-revealed,arm.R.pitch,7.333,-63.6,20.6,-183.3,60.2,0.0264,0.02
odysseus-revealed,arm.R.pitch,7.417,-61.9,20.6,-183.3,60.2,0.026,0.02
odysseus-revealed,arm.R.pitch,7.5,-60.2,20.6,-183.3,60.2,0.0255,0.02
odysseus-revealed,arm.R.pitch,7.583,-58.4,20.6,-183.3,60.2,0.0251,0.019
odysseus-revealed,arm.R.pitch,7.667,-56.7,20.6,-183.3,60.2,0.0246,0.019
odysseus-revealed,arm.R.pitch,7.75,-55,20.6,-183.3,60.2,0.0241,0.019
odysseus-revealed,arm.R.pitch,7.833,-53.3,20.6,-183.3,60.2,0.0236,0.018
odysseus-revealed,arm.R.pitch,7.917,-51.6,20.6,-183.3,60.2,0.0231,0.018
odysseus-revealed,arm.R.pitch,8,-55.3,-44.3,-183.3,60.2,0.025,0.04
odysseus-revealed,arm.R.pitch,8.083,-65,-116.8,-183.3,60.2,0.0276,0.114
odysseus-revealed,arm.R.pitch,8.167,-78.8,-165.2,-183.3,60.2,0.0295,0.172
odysseus-revealed,arm.R.pitch,8.25,-94.5,-189.3,-183.3,60.2,0.0296,0.198
odysseus-revealed,arm.R.pitch,8.333,-110.3,-189.3,-183.3,60.2,0.0276,0.184
odysseus-revealed,arm.R.pitch,8.417,-124.1,-165.2,-183.3,60.2,0.0247,0.144
odysseus-revealed,arm.R.pitch,8.5,-133.8,-116.8,-183.3,60.2,0.0218,0.09
odysseus-revealed,arm.R.pitch,8.583,-137.5,-44.3,-183.3,60.2,0.0208,0.033
odysseus-revealed,arm.R.pitch,8.667,-137.5,0,-183.3,60.2,0.0204,0.001
odysseus-revealed,arm.R.pitch,10.917,-138.2,-8.8,-183.3,60.2,0.0197,0.007
odysseus-revealed,arm.R.pitch,11,-143,-57.1,-183.3,60.2,0.0183,0.037
odysseus-revealed,arm.R.pitch,11.083,-147.3,-51.3,-183.3,60.2,0.016,0.029
odysseus-revealed,arm.R.pitch,11.167,-149.2,-22.8,-183.3,60.2,0.0154,0.013
odysseus-revealed,arm.R.pitch,11.25,-150,-9.5,-183.3,60.2,0.0149,0.005
odysseus-revealed,arm.R.pitch,11.333,-149.4,6.5,-183.3,60.2,0.0152,0.004
odysseus-revealed,arm.R.pitch,11.417,-147.4,24.7,-183.3,60.2,0.0161,0.014
odysseus-revealed,arm.R.pitch,11.5,-143.7,44.3,-183.3,60.2,0.0177,0.028
odysseus-revealed,arm.R.pitch,11.583,-138.3,64.2,-183.3,60.2,0.0198,0.045
odysseus-revealed,arm.R.pitch,11.667,-131.4,82.8,-183.3,60.2,0.0223,0.065
odysseus-revealed,arm.R.pitch,11.75,-123.2,98.7,-183.3,60.2,0.0248,0.087
odysseus-revealed,arm.R.pitch,11.833,-114,110.7,-183.3,60.2,0.027,0.106
odysseus-revealed,arm.R.pitch,11.917,-104.2,117.7,-183.3,60.2,0.0286,0.119
odysseus-revealed,arm.R.pitch,12,-94.2,119.2,-183.3,60.2,0.0294,0.124
odysseus-revealed,arm.R.pitch,12.083,-84.6,115.2,-183.3,60.2,0.0294,0.12
odysseus-revealed,arm.R.pitch,12.167,-75.8,106.1,-183.3,60.2,0.0286,0.108
odysseus-revealed,arm.R.pitch,12.25,-68,92.8,-183.3,60.2,0.0275,0.09
odysseus-revealed,arm.R.pitch,12.333,-61.7,76.2,-183.3,60.2,0.0261,0.071
odysseus-revealed,arm.R.pitch,12.417,-61.8,-1.4,-183.3,60.2,0.0269,0.003
odysseus-revealed,arm.R.pitch,12.5,-72.8,-131.7,-183.3,60.2,0.0298,0.139
odysseus-revealed,arm.R.pitch,12.583,-78.8,-71.9,-183.3,60.2,0.0296,0.076
odysseus-revealed,arm.R.pitch,12.667,-79.5,-8.3,-183.3,60.2,0.0297,0.01
odysseus-revealed,arm.R.pitch,12.75,-80,-6.4,-183.3,60.2,0.029,0.008
odysseus-revealed,arm.R.pitch,12.833,-80.2,-2.5,-183.3,60.2,0.029,0.004
odysseus-revealed,arm.R.pitch,12.917,-79.8,4.4,-183.3,60.2,0.0291,0.006
odysseus-revealed,arm.R.pitch,13,-78.9,11.7,-183.3,60.2,0.029,0.013
odysseus-revealed,arm.R.pitch,13.083,-77.5,16.5,-183.3,60.2,0.0288,0.018
odysseus-revealed,arm.R.pitch,13.167,-75.9,18.9,-183.3,60.2,0.0286,0.021
odysseus-revealed,arm.R.pitch,13.25,-74.3,18.9,-183.3,60.2,0.0283,0.02
odysseus-revealed,arm.R.pitch,13.333,-73,16.5,-183.3,60.2,0.0282,0.018
odysseus-revealed,arm.R.pitch,13.417,-72,11.7,-183.3,60.2,0.028,0.013
odysseus-revealed,arm.R.pitch,13.5,-71.6,4.4,-183.3,60.2,0.028,0.006
odysseus-revealed,arm.R.pitch,13.583,-69.9,20.6,-183.3,60.2,0.0278,0.022
odysseus-revealed,arm.R.pitch,13.667,-71.6,-20.6,-183.3,60.2,0.0284,0.022
odysseus-revealed,arm.R.pitch,13.75,-73.3,-20.6,-183.3,60.2,0.0282,0.022
odysseus-revealed,arm.R.pitch,13.833,-71.6,20.6,-183.3,60.2,0.0284,0.022
odysseus-revealed,arm.R.pitch,13.917,-69.9,20.6,-183.3,60.2,0.0276,0.021
odysseus-revealed,arm.R.pitch,14,-71.6,-20.6,-183.3,60.2,0.0284,0.022
odysseus-revealed,arm.R.pitch,14.083,-73.3,-20.6,-183.3,60.2,0.0282,0.022
odysseus-revealed,arm.R.pitch,14.167,-71.6,20.6,-183.3,60.2,0.0284,0.022
odysseus-revealed,arm.R.pitch,14.25,-69.9,20.6,-183.3,60.2,0.0276,0.021
odysseus-revealed,arm.R.pitch,14.333,-71.6,-20.6,-183.3,60.2,0.0284,0.022
odysseus-revealed,arm.R.pitch,14.417,-73.3,-20.6,-183.3,60.2,0.0282,0.022
odysseus-revealed,arm.R.pitch,14.5,-71.6,20.6,-183.3,60.2,0.0284,0.022
odysseus-revealed,arm.R.pitch,14.583,-69.9,20.6,-183.3,60.2,0.0276,0.021
odysseus-revealed,arm.R.pitch,14.667,-71.6,-20.6,-183.3,60.2,0.0284,0.022
odysseus-revealed,arm.R.pitch,14.75,-73.3,-20.6,-183.3,60.2,0.0282,0.022
odysseus-revealed,arm.R.pitch,14.833,-71.6,20.6,-183.3,60.2,0.0284,0.022
odysseus-revealed,arm.R.pitch,14.917,-69.9,20.6,-183.3,60.2,0.0276,0.021
odysseus-revealed,arm.R.pitch,15,-64.5,64.9,-183.3,60.2,0.0271,0.063
odysseus-revealed,arm.R.pitch,15.083,-61.2,39,-183.3,60.2,0.0261,0.037
odysseus-revealed,arm.R.pitch,15.167,-60.2,13,-183.3,60.2,0.0259,0.013
odysseus-revealed,arm.R.pitch,15.25,-59.8,4.4,-183.3,60.2,0.0255,0.005
odysseus-revealed,arm.R.pitch,15.333,-58.8,11.7,-183.3,60.2,0.0253,0.012
odysseus-revealed,arm.R.pitch,15.417,-57.4,16.5,-183.3,60.2,0.0249,0.016
odysseus-revealed,arm.R.pitch,15.5,-55.9,18.9,-183.3,60.2,0.0244,0.017
odysseus-revealed,arm.R.pitch,15.583,-54.3,18.9,-183.3,60.2,0.0239,0.017
odysseus-revealed,arm.R.pitch,15.667,-52.9,16.5,-183.3,60.2,0.0235,0.015
odysseus-revealed,arm.R.pitch,15.75,-51.9,11.7,-183.3,60.2,0.0232,0.011
odysseus-revealed,arm.R.pitch,15.833,-51.6,4.4,-183.3,60.2,0.0231,0.005
odysseus-revealed,arm.R.pitch,15.917,-52.3,-8.7,-183.3,60.2,0.0234,0.008
odysseus-revealed,arm.R.pitch,16,-54.2,-23.5,-183.3,60.2,0.0241,0.021
odysseus-revealed,arm.R.pitch,16.083,-57.1,-34.7,-183.3,60.2,0.0249,0.031
odysseus-revealed,arm.R.pitch,16.167,-60.6,-42.1,-183.3,60.2,0.0257,0.039
odysseus-revealed,arm.R.pitch,16.25,-64.5,-45.8,-183.3,60.2,0.0266,0.044
odysseus-revealed,arm.R.pitch,16.333,-68.3,-45.8,-183.3,60.2,0.0273,0.045
odysseus-revealed,arm.R.pitch,16.417,-71.8,-42.1,-183.3,60.2,0.028,0.043
odysseus-revealed,arm.R.pitch,16.5,-74.7,-34.7,-183.3,60.2,0.0285,0.036
odysseus-revealed,arm.R.pitch,16.583,-76.6,-23.5,-183.3,60.2,0.0288,0.025
odysseus-revealed,arm.R.pitch,16.667,-77.3,-8.7,-183.3,60.2,0.0289,0.01
odysseus-revealed,arm.R.pitch,16.75,-77.3,0,-183.3,60.2,0.0288,0.002
odysseus-revealed,arm.R.pitch,17.167,-77.7,-3.7,-183.3,60.2,0.0288,0.005
odysseus-revealed,arm.R.pitch,17.25,-79,-15.6,-183.3,60.2,0.029,0.017
odysseus-revealed,arm.R.pitch,17.333,-81.5,-30.2,-183.3,60.2,0.0293,0.033
odysseus-revealed,arm.R.pitch,17.417,-84.9,-40.6,-183.3,60.2,0.0294,0.044
odysseus-revealed,arm.R.pitch,17.5,-88.1,-39.4,-183.3,60.2,0.0294,0.042
odysseus-revealed,arm.R.pitch,17.583,-90.4,-26.5,-183.3,60.2,0.0296,0.029
odysseus-revealed,arm.R.pitch,17.667,-92.4,-24.5,-183.3,60.2,0.0294,0.027
odysseus-revealed,arm.R.pitch,17.75,-94.4,-23.4,-183.3,60.2,0.0294,0.026
odysseus-revealed,arm.R.pitch,17.833,-96.2,-22,-183.3,60.2,0.0293,0.024
odysseus-revealed,arm.R.pitch,17.917,-97.9,-20.1,-183.3,60.2,0.0292,0.022
odysseus-revealed,arm.R.pitch,18,-99.4,-17.9,-183.3,60.2,0.0291,0.02
odysseus-revealed,arm.R.pitch,18.083,-100.6,-15.4,-183.3,60.2,0.029,0.017
odysseus-revealed,arm.R.pitch,18.167,-101.7,-12.5,-183.3,60.2,0.0289,0.014
odysseus-revealed,arm.R.pitch,18.25,-102.4,-9.3,-183.3,60.2,0.0288,0.011
odysseus-revealed,arm.R.pitch,18.333,-102.9,-5.9,-183.3,60.2,0.0287,0.008
odysseus-revealed,arm.R.pitch,18.417,-103.1,-2.3,-183.3,60.2,0.0287,0.004
odysseus-revealed,arm.R.pitch,18.5,-103,1.5,-183.3,60.2,0.0287,0.003
odysseus-revealed,arm.R.pitch,18.583,-102.6,5.3,-183.3,60.2,0.0288,0.007
odysseus-revealed,arm.R.pitch,18.667,-101.8,9.1,-183.3,60.2,0.0289,0.011
odysseus-revealed,arm.R.pitch,18.75,-100.8,12.8,-183.3,60.2,0.029,0.015
odysseus-revealed,arm.R.pitch,18.833,-99.4,16.4,-183.3,60.2,0.0291,0.018
odysseus-revealed,arm.R.pitch,18.917,-97.7,19.7,-183.3,60.2,0.0292,0.022
odysseus-revealed,arm.R.pitch,19,-95.8,22.9,-183.3,60.2,0.0293,0.025
odysseus-revealed,arm.R.pitch,19.083,-93.7,25.6,-183.3,60.2,0.0294,0.028
odysseus-revealed,arm.R.pitch,19.167,-91.4,28,-183.3,60.2,0.0295,0.031
odysseus-revealed,arm.R.pitch,19.25,-88.9,30,-183.3,60.2,0.0294,0.033
odysseus-revealed,arm.R.pitch,19.333,-86.2,31.6,-183.3,60.2,0.0294,0.034
odysseus-revealed,arm.R.pitch,19.417,-83.5,32.7,-183.3,60.2,0.0293,0.035
odysseus-revealed,arm.R.pitch,19.5,-80.7,33.3,-183.3,60.2,0.0291,0.035
odysseus-revealed,arm.R.pitch,19.583,-77.9,33.5,-183.3,60.2,0.0288,0.035
odysseus-revealed,arm.R.pitch,19.667,-75.2,33.2,-183.3,60.2,0.0285,0.035
odysseus-revealed,arm.R.pitch,19.75,-72.5,32.5,-183.3,60.2,0.0281,0.033
odysseus-revealed,arm.R.pitch,19.833,-69.9,31.4,-183.3,60.2,0.0276,0.032
odysseus-revealed,arm.R.pitch,19.917,-67.4,29.9,-183.3,60.2,0.0272,0.03
odysseus-revealed,arm.R.pitch,20,-65,28.1,-183.3,60.2,0.0267,0.028
odysseus-revealed,arm.R.pitch,20.083,-62.8,26.1,-183.3,60.2,0.0262,0.025
odysseus-revealed,arm.R.pitch,20.167,-60.9,23.9,-183.3,60.2,0.0257,0.023
odysseus-revealed,arm.R.pitch,20.25,-59.1,21.6,-183.3,60.2,0.0253,0.02
odysseus-revealed,arm.R.pitch,20.333,-57.6,17.3,-183.3,60.2,0.0249,0.016
odysseus-revealed,arm.R.pitch,20.417,-59,-16.3,-183.3,60.2,0.0256,0.016
odysseus-revealed,arm.R.pitch,20.5,-63.2,-50.4,-183.3,60.2,0.0267,0.048
odysseus-revealed,arm.R.pitch,20.583,-68.8,-67.6,-183.3,60.2,0.0277,0.067
odysseus-revealed,arm.R.pitch,20.667,-74.1,-63.8,-183.3,60.2,0.0284,0.065
odysseus-revealed,arm.R.pitch,20.75,-77.2,-36.7,-183.3,60.2,0.029,0.039
odysseus-revealed,arm.R.pitch,20.833,-77.3,-2.1,-183.3,60.2,0.0291,0.004
odysseus-revealed,arm.R.pitch,20.917,-77.3,0,-183.3,60.2,0.0287,0.002
odysseus-revealed,arm.R.pitch,35.083,-77.2,1.3,-183.3,60.2,0.0287,0.003
odysseus-revealed,arm.R.pitch,35.167,-77,2.3,-183.3,60.2,0.0287,0.004
odysseus-revealed,arm.R.pitch,35.25,-76.8,3.2,-183.3,60.2,0.0287,0.005
odysseus-revealed,arm.R.pitch,35.333,-76.4,4.1,-183.3,60.2,0.0286,0.006
odysseus-revealed,arm.R.pitch,35.417,-76,5,-183.3,60.2,0.0286,0.007
odysseus-revealed,arm.R.pitch,35.5,-75.5,5.8,-183.3,60.2,0.0285,0.007
odysseus-revealed,arm.R.pitch,35.583,-75,6.6,-183.3,60.2,0.0284,0.008
odysseus-revealed,arm.R.pitch,35.667,-74.4,7.3,-183.3,60.2,0.0284,0.009
odysseus-revealed,arm.R.pitch,35.75,-73.7,8,-183.3,60.2,0.0283,0.009
odysseus-revealed,arm.R.pitch,35.833,-73,8.7,-183.3,60.2,0.0281,0.01
odysseus-revealed,arm.R.pitch,35.917,-72.2,9.3,-183.3,60.2,0.028,0.011
odysseus-revealed,arm.R.pitch,36,-71.4,9.9,-183.3,60.2,0.0279,0.011
odysseus-revealed,arm.R.pitch,36.083,-70.5,10.4,-183.3,60.2,0.0278,0.012
odysseus-revealed,arm.R.pitch,36.167,-69.6,10.9,-183.3,60.2,0.0276,0.012
odysseus-revealed,arm.R.pitch,36.25,-68.6,11.4,-183.3,60.2,0.0274,0.012
odysseus-revealed,arm.R.pitch,36.333,-67.7,11.9,-183.3,60.2,0.0272,0.013
odysseus-revealed,arm.R.pitch,36.417,-66.6,12.3,-183.3,60.2,0.027,0.013
odysseus-revealed,arm.R.pitch,36.5,-65.6,12.6,-183.3,60.2,0.0268,0.013
odysseus-revealed,arm.R.pitch,36.583,-64.5,12.9,-183.3,60.2,0.0266,0.013
odysseus-revealed,arm.R.pitch,36.667,-63.4,13.2,-183.3,60.2,0.0263,0.014
odysseus-revealed,arm.R.pitch,36.75,-62.3,13.5,-183.3,60.2,0.0261,0.014
odysseus-revealed,arm.R.pitch,36.833,-61.1,13.7,-183.3,60.2,0.0258,0.014
odysseus-revealed,arm.R.pitch,36.917,-60,13.9,-183.3,60.2,0.0255,0.014
odysseus-revealed,arm.R.pitch,37,-58.8,14,-183.3,60.2,0.0252,0.014
odysseus-revealed,arm.R.pitch,37.083,-57.6,14.1,-183.3,60.2,0.0249,0.013
odysseus-revealed,arm.R.pitch,37.167,-56.5,14.1,-183.3,60.2,0.0245,0.013
odysseus-revealed,arm.R.pitch,37.25,-55.3,14.2,-183.3,60.2,0.0242,0.013
odysseus-revealed,arm.R.pitch,37.333,-54.1,14.1,-183.3,60.2,0.0238,0.013
odysseus-revealed,arm.R.pitch,37.417,-52.9,14.1,-183.3,60.2,0.0235,0.013
odysseus-revealed,arm.R.pitch,37.5,-51.8,14,-183.3,60.2,0.0231,0.012
odysseus-revealed,arm.R.pitch,37.583,-50.6,13.9,-183.3,60.2,0.0227,0.012
odysseus-revealed,arm.R.pitch,37.667,-49.5,13.7,-183.3,60.2,0.0224,0.012
odysseus-revealed,arm.R.pitch,37.75,-48.4,13.5,-183.3,60.2,0.022,0.011
odysseus-revealed,arm.R.pitch,37.833,-47.3,13.2,-183.3,60.2,0.0216,0.011
odysseus-revealed,arm.R.pitch,37.917,-46.2,12.9,-183.3,60.2,0.0212,0.01
odysseus-revealed,arm.R.pitch,38,-45.1,12.6,-183.3,60.2,0.0209,0.01
odysseus-revealed,arm.R.pitch,38.083,-44.1,12.3,-183.3,60.2,0.0205,0.01
odysseus-revealed,arm.R.pitch,38.167,-43.1,11.9,-183.3,60.2,0.0201,0.009
odysseus-revealed,arm.R.pitch,38.25,-42.2,11.4,-183.3,60.2,0.0198,0.009
odysseus-revealed,arm.R.pitch,38.333,-41.2,11,-183.3,60.2,0.0194,0.008
odysseus-revealed,arm.R.pitch,38.417,-33.3,95.5,-183.3,60.2,0.0172,0.058
odysseus-revealed,arm.R.pitch,38.5,-30.1,38.3,-183.3,60.2,0.0155,0.021
odysseus-revealed,arm.R.pitch,38.583,-124.1,-1127.7,-183.3,60.2,0.039,1.539
odysseus-revealed,arm.R.pitch,38.667,-139.5,-185.4,-183.3,60.2,0.0309,0.202
odysseus-revealed,arm.R.pitch,38.75,-131.9,91.2,-183.3,60.2,0.0254,0.082
odysseus-revealed,arm.R.pitch,38.833,-128.2,45.1,-183.3,60.2,0.0237,0.038
odysseus-revealed,arm.R.pitch,38.917,-124.5,44.4,-183.3,60.2,0.0243,0.039
odysseus-revealed,arm.R.pitch,39,-120.8,43.6,-183.3,60.2,0.0253,0.04
odysseus-revealed,arm.R.pitch,39.083,-117.3,42.8,-183.3,60.2,0.0262,0.04
odysseus-revealed,arm.R.pitch,39.167,-113.8,41.9,-183.3,60.2,0.0269,0.041
odysseus-revealed,arm.R.pitch,39.25,-110.3,41.1,-183.3,60.2,0.0276,0.041
odysseus-revealed,arm.R.pitch,39.333,-104.5,69.5,-183.3,60.2,0.0288,0.072
odysseus-revealed,arm.R.pitch,39.417,-90.4,169.4,-183.3,60.2,0.0307,0.183
odysseus-revealed,arm.R.pitch,39.5,-72.2,218.8,-183.3,60.2,0.0286,0.22
odysseus-revealed,arm.R.pitch,39.583,-54,218.5,-183.3,60.2,0.0238,0.183
odysseus-revealed,arm.R.pitch,39.667,-40,168.1,-183.3,60.2,0.0195,0.115
odysseus-revealed,arm.R.pitch,39.75,-34.4,67.2,-183.3,60.2,0.0179,0.043
odysseus-revealed,arm.R.pitch,39.833,-34.4,0,-183.3,60.2,0.0175,0.001
odysseus-revealed,arm.R.pitch,40.667,-28.6,69.6,-183.3,60.2,0.015,0.037
odysseus-revealed,arm.R.pitch,40.75,-26.6,23.2,-183.3,60.2,0.0138,0.012
odysseus-revealed,arm.R.pitch,40.833,-90.1,-761.1,-183.3,60.2,0.0393,1.047
odysseus-revealed,arm.R.pitch,40.917,-100.9,-129.9,-183.3,60.2,0.0368,0.17
odysseus-revealed,arm.R.pitch,41,-96.3,55.7,-183.3,60.2,0.0316,0.063
odysseus-revealed,arm.R.pitch,41.083,-89.8,77.3,-183.3,60.2,0.0297,0.082
odysseus-revealed,arm.R.pitch,41.167,-70.5,232,-183.3,60.2,0.0297,0.242
odysseus-revealed,arm.R.pitch,41.25,-70,6.2,-183.3,60.2,0.0305,0.008
odysseus-revealed,arm.R.pitch,41.333,-69.4,6.2,-183.3,60.2,0.0276,0.007
odysseus-revealed,arm.R.pitch,41.417,-68.9,6.2,-183.3,60.2,0.0275,0.007
odysseus-revealed,arm.R.pitch,41.5,-68.4,6.2,-183.3,60.2,0.0274,0.007
odysseus-revealed,arm.R.pitch,41.583,-65.9,30.3,-183.3,60.2,0.0272,0.03
odysseus-revealed,arm.R.pitch,41.667,-59.6,75.6,-183.3,60.2,0.026,0.07
odysseus-revealed,arm.R.pitch,41.75,-51.4,98.3,-183.3,60.2,0.0233,0.081
odysseus-revealed,arm.R.pitch,41.833,-43.2,98.3,-183.3,60.2,0.0201,0.07
odysseus-revealed,arm.R.pitch,41.917,-36.9,75.6,-183.3,60.2,0.018,0.048
odysseus-revealed,arm.R.pitch,42,-34.4,30.3,-183.3,60.2,0.0172,0.019
odysseus-revealed,arm.R.pitch,42.083,-34.4,0,-183.3,60.2,0.017,0.001
odysseus-revealed,arm.R.pitch,44.25,-28.6,69.6,-183.3,60.2,0.015,0.037
odysseus-revealed,arm.R.pitch,44.333,-26.6,23.2,-183.3,60.2,0.0138,0.012
odysseus-revealed,arm.R.pitch,44.417,-64.6,-455.6,-183.3,60.2,0.0326,0.521
odysseus-revealed,arm.R.pitch,44.5,-78.1,-161.7,-183.3,60.2,0.0325,0.185
odysseus-revealed,arm.R.pitch,44.583,-78.1,0,-183.3,60.2,0.0308,0.002
odysseus-revealed,arm.R.pitch,44.667,-75.6,29.4,-183.3,60.2,0.0289,0.031
odysseus-revealed,arm.R.pitch,44.75,-74,19.8,-183.3,60.2,0.0284,0.021
odysseus-revealed,arm.R.pitch,44.833,-72.3,19.8,-183.3,60.2,0.028,0.021
odysseus-revealed,arm.R.pitch,44.917,-70.7,19.8,-183.3,60.2,0.0278,0.021
odysseus-revealed,arm.R.pitch,45,-69,19.8,-183.3,60.2,0.0275,0.021
odysseus-revealed,arm.R.pitch,45.083,-67.4,19.8,-183.3,60.2,0.0272,0.02
odysseus-revealed,arm.R.pitch,45.167,-64.9,29.3,-183.3,60.2,0.0268,0.029
odysseus-revealed,arm.R.pitch,45.25,-58.8,73.3,-183.3,60.2,0.0257,0.067
odysseus-revealed,arm.R.pitch,45.333,-50.9,95.3,-183.3,60.2,0.0231,0.078
odysseus-revealed,arm.R.pitch,45.417,-42.9,95.3,-183.3,60.2,0.02,0.068
odysseus-revealed,arm.R.pitch,45.5,-36.8,73.3,-183.3,60.2,0.0179,0.047
odysseus-revealed,arm.R.pitch,45.583,-34.4,29.3,-183.3,60.2,0.0172,0.018
odysseus-revealed,arm.R.pitch,45.667,-34.4,0,-183.3,60.2,0.017,0.001
odysseus-revealed,arm.R.pitch,46.667,-28.6,69.6,-183.3,60.2,0.015,0.037
odysseus-revealed,arm.R.pitch,46.75,-26.6,23.2,-183.3,60.2,0.0138,0.012
odysseus-revealed,arm.R.pitch,46.833,-92.6,-791.3,-183.3,60.2,0.0396,1.098
odysseus-revealed,arm.R.pitch,46.917,-116,-280.8,-183.3,60.2,0.0329,0.324
odysseus-revealed,arm.R.pitch,47,-116,0,-183.3,60.2,0.03,0.002
odysseus-revealed,arm.R.pitch,47.083,-111.7,51.1,-183.3,60.2,0.028,0.051
odysseus-revealed,arm.R.pitch,47.167,-108.6,37.1,-183.3,60.2,0.0281,0.038
odysseus-revealed,arm.R.pitch,47.25,-105.5,37.1,-183.3,60.2,0.0284,0.038
odysseus-revealed,arm.R.pitch,47.333,-102.4,37.1,-183.3,60.2,0.0287,0.039
odysseus-revealed,arm.R.pitch,47.417,-99.4,37.1,-183.3,60.2,0.029,0.039
odysseus-revealed,arm.R.pitch,47.5,-96.3,37.1,-183.3,60.2,0.0293,0.04
odysseus-revealed,arm.R.pitch,47.583,-91.7,55,-183.3,60.2,0.0296,0.059
odysseus-revealed,arm.R.pitch,47.667,-80.2,137.5,-183.3,60.2,0.03,0.146
odysseus-revealed,arm.R.pitch,47.75,-65.3,178.8,-183.3,60.2,0.0273,0.172
odysseus-revealed,arm.R.pitch,47.833,-50.4,178.8,-183.3,60.2,0.0227,0.143
odysseus-revealed,arm.R.pitch,47.917,-39,137.5,-183.3,60.2,0.019,0.092
odysseus-revealed,arm.R.pitch,48,-34.4,55,-183.3,60.2,0.0177,0.035
odysseus-revealed,arm.R.pitch,48.083,-34.4,0,-183.3,60.2,0.0173,0.001
odysseus-revealed,arm.R.pitch,49.75,-28.6,69.6,-183.3,60.2,0.015,0.037
odysseus-revealed,arm.R.pitch,49.833,-26.6,23.2,-183.3,60.2,0.0138,0.012
odysseus-revealed,arm.R.pitch,49.917,-90.1,-761.1,-183.3,60.2,0.0393,1.047
odysseus-revealed,arm.R.pitch,50,-100.9,-129.9,-183.3,60.2,0.0368,0.17
odysseus-revealed,arm.R.pitch,50.083,-96.3,55.7,-183.3,60.2,0.0316,0.063
odysseus-revealed,arm.R.pitch,50.167,-89.8,77.3,-183.3,60.2,0.0297,0.082
odysseus-revealed,arm.R.pitch,50.25,-70.5,232,-183.3,60.2,0.0297,0.242
odysseus-revealed,arm.R.pitch,50.333,-70,6.2,-183.3,60.2,0.0305,0.008
odysseus-revealed,arm.R.pitch,50.417,-69.4,6.2,-183.3,60.2,0.0276,0.007
odysseus-revealed,arm.R.pitch,50.5,-68.9,6.2,-183.3,60.2,0.0275,0.007
odysseus-revealed,arm.R.pitch,50.583,-68.4,6.2,-183.3,60.2,0.0274,0.007
odysseus-revealed,arm.R.pitch,50.667,-65.9,30.3,-183.3,60.2,0.0272,0.03
odysseus-revealed,arm.R.pitch,50.75,-59.6,75.6,-183.3,60.2,0.026,0.07
odysseus-revealed,arm.R.pitch,50.833,-51.4,98.3,-183.3,60.2,0.0233,0.081
odysseus-revealed,arm.R.pitch,50.917,-43.2,98.3,-183.3,60.2,0.0201,0.07
odysseus-revealed,arm.R.pitch,51,-36.9,75.6,-183.3,60.2,0.018,0.048
odysseus-revealed,arm.R.pitch,51.083,-34.4,30.3,-183.3,60.2,0.0172,0.019
odysseus-revealed,arm.R.pitch,51.167,-34.4,0,-183.3,60.2,0.017,0.001
odysseus-revealed,arm.R.pitch,52.083,-34.4,0,-183.3,60.2,0.0166,0.001
odysseus-revealed,arm.R.out,0,0,0,-11.5,31.5,0,0
odysseus-revealed,arm.R.out,1.5,-1.3,-16.1,-11.5,31.5,0.0009,0.001
odysseus-revealed,arm.R.out,1.583,-4.3,-35.5,-11.5,31.5,0.0024,0.003
odysseus-revealed,arm.R.out,1.667,-7.3,-35.5,-11.5,31.5,0.0037,0.005
odysseus-revealed,arm.R.out,1.75,-8.6,-16.1,-11.5,31.5,0.0046,0.003
odysseus-revealed,arm.R.out,1.833,-2.5,73.5,-11.5,31.5,0.0024,0.006
odysseus-revealed,arm.R.out,1.917,2.5,60.2,-11.5,31.5,0.0015,0.003
odysseus-revealed,arm.R.out,2,6.4,46.8,-11.5,31.5,0.0035,0.006
odysseus-revealed,arm.R.out,2.083,9.2,33.4,-11.5,31.5,0.0049,0.006
odysseus-revealed,arm.R.out,2.167,10.9,20.1,-11.5,31.5,0.0057,0.004
odysseus-revealed,arm.R.out,2.25,11.5,6.7,-11.5,31.5,0.006,0.001
odysseus-revealed,arm.R.out,2.333,21,114.7,-11.5,31.5,0.0119,0.048
odysseus-revealed,arm.R.out,2.417,25.6,54.7,-11.5,31.5,0.0135,0.026
odysseus-revealed,arm.R.out,2.5,26.8,14.6,-11.5,31.5,0.0138,0.007
odysseus-revealed,arm.R.out,2.583,26.3,-5.8,-11.5,31.5,0.0133,0.003
odysseus-revealed,arm.R.out,2.667,25.8,-6.3,-11.5,31.5,0.0128,0.003
odysseus-revealed,arm.R.out,2.75,24.9,-10.6,-11.5,31.5,0.0124,0.005
odysseus-revealed,arm.R.out,2.833,22.5,-28.4,-11.5,31.5,0.0115,0.012
odysseus-revealed,arm.R.out,2.917,19.1,-41.2,-11.5,31.5,0.0098,0.014
odysseus-revealed,arm.R.out,3,15,-48.8,-11.5,31.5,0.0077,0.013
odysseus-revealed,arm.R.out,3.083,10.8,-51.4,-11.5,31.5,0.0055,0.01
odysseus-revealed,arm.R.out,3.167,6.7,-48.8,-11.5,31.5,0.0035,0.006
odysseus-revealed,arm.R.out,3.25,3.3,-41.2,-11.5,31.5,0.0018,0.003
odysseus-revealed,arm.R.out,3.333,0.9,-28.4,-11.5,31.5,0.0006,0.001
odysseus-revealed,arm.R.out,3.417,0,-10.6,-11.5,31.5,0.0002,0
odysseus-revealed,arm.R.out,3.5,0,0,-11.5,31.5,0.0001,0
odysseus-revealed,arm.R.out,12.417,0.3,4,-11.5,31.5,0.0002,0
odysseus-revealed,arm.R.out,12.5,1.3,11.2,-11.5,31.5,0.0007,0
odysseus-revealed,arm.R.out,12.583,2.7,17.2,-11.5,31.5,0.0015,0.001
odysseus-revealed,arm.R.out,12.667,4.5,22,-11.5,31.5,0.0024,0.002
odysseus-revealed,arm.R.out,12.75,6.7,25.7,-11.5,31.5,0.0035,0.003
odysseus-revealed,arm.R.out,12.833,9,28.1,-11.5,31.5,0.0046,0.005
odysseus-revealed,arm.R.out,12.917,11.5,29.3,-11.5,31.5,0.0059,0.006
odysseus-revealed,arm.R.out,13,13.9,29.3,-11.5,31.5,0.0071,0.007
odysseus-revealed,arm.R.out,13.083,16.2,28.1,-11.5,31.5,0.0082,0.008
odysseus-revealed,arm.R.out,13.167,18.4,25.7,-11.5,31.5,0.0093,0.009
odysseus-revealed,arm.R.out,13.25,20.2,22,-11.5,31.5,0.0102,0.008
odysseus-revealed,arm.R.out,13.333,21.6,17.2,-11.5,31.5,0.0109,0.007
odysseus-revealed,arm.R.out,13.417,22.6,11.2,-11.5,31.5,0.0114,0.005
odysseus-revealed,arm.R.out,13.5,22.9,4,-11.5,31.5,0.0116,0.002
odysseus-revealed,arm.R.out,13.583,24.3,16.8,-11.5,31.5,0.0123,0.007
odysseus-revealed,arm.R.out,13.667,25.6,15.9,-11.5,31.5,0.0127,0.007
odysseus-revealed,arm.R.out,13.75,26.9,15,-11.5,31.5,0.0133,0.007
odysseus-revealed,arm.R.out,13.833,28.1,14.2,-11.5,31.5,0.0139,0.007
odysseus-revealed,arm.R.out,13.917,29.2,13.3,-11.5,31.5,0.0144,0.007
odysseus-revealed,arm.R.out,14,30.2,12.5,-11.5,31.5,0.0148,0.007
odysseus-revealed,arm.R.out,14.083,31.2,11.6,-11.5,31.5,0.0153,0.007
odysseus-revealed,arm.R.out,14.167,31.5,3.9,-11.5,31.5,0.0155,0.003
odysseus-revealed,arm.R.out,14.25,31.5,0,-11.5,31.5,0.0154,0
odysseus-revealed,arm.R.out,15.417,29.1,-29.1,-11.5,31.5,0.0147,0.015
odysseus-revealed,arm.R.out,15.5,24.4,-56.8,-11.5,31.5,0.0125,0.025
odysseus-revealed,arm.R.out,15.583,19.6,-56.8,-11.5,31.5,0.0099,0.02
odysseus-revealed,arm.R.out,15.667,15.5,-49.6,-11.5,31.5,0.0079,0.014
odysseus-revealed,arm.R.out,15.75,12.6,-35,-11.5,31.5,0.0066,0.008
odysseus-revealed,arm.R.out,15.833,11.5,-13.3,-11.5,31.5,0.0061,0.003
odysseus-revealed,arm.R.out,15.917,11.1,-3.9,-11.5,31.5,0.0058,0.001
odysseus-revealed,arm.R.out,16,10.3,-10.5,-11.5,31.5,0.0053,0.002
odysseus-revealed,arm.R.out,16.083,9,-15.4,-11.5,31.5,0.0047,0.003
odysseus-revealed,arm.R.out,16.167,7.4,-18.7,-11.5,31.5,0.0038,0.003
odysseus-revealed,arm.R.out,16.25,5.7,-20.4,-11.5,31.5,0.003,0.002
odysseus-revealed,arm.R.out,16.333,4,-20.4,-11.5,31.5,0.0021,0.001
odysseus-revealed,arm.R.out,16.417,2.5,-18.7,-11.5,31.5,0.0013,0.001
odysseus-revealed,arm.R.out,16.5,1.2,-15.4,-11.5,31.5,0.0007,0
odysseus-revealed,arm.R.out,16.583,0.3,-10.5,-11.5,31.5,0.0002,0
odysseus-revealed,arm.R.out,16.667,0,-3.9,-11.5,31.5,0.0001,0
odysseus-revealed,arm.R.out,16.75,0,0,-11.5,31.5,0,0
odysseus-revealed,arm.R.out,38.417,2.1,25.2,-11.5,31.5,0.0014,0.001
odysseus-revealed,arm.R.out,38.5,3.1,12,-11.5,31.5,0.0018,0.001
odysseus-revealed,arm.R.out,38.583,3.4,3.2,-11.5,31.5,0.0018,0
odysseus-revealed,arm.R.out,38.667,3.3,-1.3,-11.5,31.5,0.0017,0
odysseus-revealed,arm.R.out,38.75,3.2,-1.4,-11.5,31.5,0.0016,0
odysseus-revealed,arm.R.out,38.833,3,-1.6,-11.5,31.5,0.0016,0
odysseus-revealed,arm.R.out,38.917,2.9,-1.6,-11.5,31.5,0.0015,0
odysseus-revealed,arm.R.out,39,2.8,-1.6,-11.5,31.5,0.0014,0
odysseus-revealed,arm.R.out,39.083,2.6,-1.6,-11.5,31.5,0.0013,0
odysseus-revealed,arm.R.out,39.167,2.5,-1.6,-11.5,31.5,0.0013,0
odysseus-revealed,arm.R.out,39.25,2.4,-1.6,-11.5,31.5,0.0012,0
odysseus-revealed,arm.R.out,39.333,2.2,-2.1,-11.5,31.5,0.0011,0
odysseus-revealed,arm.R.out,39.417,1.8,-5.3,-11.5,31.5,0.0009,0
odysseus-revealed,arm.R.out,39.5,1.2,-6.8,-11.5,31.5,0.0006,0
odysseus-revealed,arm.R.out,39.583,0.6,-6.8,-11.5,31.5,0.0003,0
odysseus-revealed,arm.R.out,39.667,0.2,-5.3,-11.5,31.5,0.0001,0
odysseus-revealed,arm.R.out,39.75,0,-2.1,-11.5,31.5,0,0
odysseus-revealed,arm.R.out,39.833,0,0,-11.5,31.5,0,0
odysseus-revealed,arm.R.out,40.667,2.8,33,-11.5,31.5,0.0018,0.002
odysseus-revealed,arm.R.out,40.75,4.1,15.8,-11.5,31.5,0.0023,0.001
odysseus-revealed,arm.R.out,40.833,4.4,4.2,-11.5,31.5,0.0024,0
odysseus-revealed,arm.R.out,40.917,4.3,-1.7,-11.5,31.5,0.0023,0
odysseus-revealed,arm.R.out,41,4.1,-1.8,-11.5,31.5,0.0021,0
odysseus-revealed,arm.R.out,41.083,4,-2.1,-11.5,31.5,0.002,0
odysseus-revealed,arm.R.out,41.167,3.8,-2.1,-11.5,31.5,0.0019,0
odysseus-revealed,arm.R.out,41.25,3.6,-2.1,-11.5,31.5,0.0019,0
odysseus-revealed,arm.R.out,41.333,3.4,-2.1,-11.5,31.5,0.0018,0
odysseus-revealed,arm.R.out,41.417,3.3,-2.1,-11.5,31.5,0.0017,0
odysseus-revealed,arm.R.out,41.5,3.1,-2.1,-11.5,31.5,0.0016,0
odysseus-revealed,arm.R.out,41.583,2.9,-2.8,-11.5,31.5,0.0015,0
odysseus-revealed,arm.R.out,41.667,2.3,-6.9,-11.5,31.5,0.0012,0
odysseus-revealed,arm.R.out,41.75,1.5,-8.9,-11.5,31.5,0.0008,0
odysseus-revealed,arm.R.out,41.833,0.8,-8.9,-11.5,31.5,0.0004,0
odysseus-revealed,arm.R.out,41.917,0.2,-6.9,-11.5,31.5,0.0001,0
odysseus-revealed,arm.R.out,42,0,-2.8,-11.5,31.5,0.0001,0
odysseus-revealed,arm.R.out,42.083,0,0,-11.5,31.5,0,0
odysseus-revealed,arm.R.out,44.25,3.6,43.3,-11.5,31.5,0.0024,0.004
odysseus-revealed,arm.R.out,44.333,5.6,24.3,-11.5,31.5,0.0031,0.003
odysseus-revealed,arm.R.out,44.417,6.5,10.3,-11.5,31.5,0.0035,0.001
odysseus-revealed,arm.R.out,44.5,6.6,1.2,-11.5,31.5,0.0035,0
odysseus-revealed,arm.R.out,44.583,6.4,-2.9,-11.5,31.5,0.0033,0
odysseus-revealed,arm.R.out,44.667,6.2,-2.1,-11.5,31.5,0.0032,0
odysseus-revealed,arm.R.out,44.75,5.9,-3.7,-11.5,31.5,0.003,0
odysseus-revealed,arm.R.out,44.833,5.6,-3.7,-11.5,31.5,0.0029,0
odysseus-revealed,arm.R.out,44.917,5.3,-3.7,-11.5,31.5,0.0027,0
odysseus-revealed,arm.R.out,45,5,-3.7,-11.5,31.5,0.0025,0
odysseus-revealed,arm.R.out,45.083,4.6,-3.7,-11.5,31.5,0.0024,0
odysseus-revealed,arm.R.out,45.167,4.3,-4.1,-11.5,31.5,0.0022,0
odysseus-revealed,arm.R.out,45.25,3.4,-10.3,-11.5,31.5,0.0018,0.001
odysseus-revealed,arm.R.out,45.333,2.3,-13.4,-11.5,31.5,0.0012,0.001
odysseus-revealed,arm.R.out,45.417,1.2,-13.4,-11.5,31.5,0.0006,0
odysseus-revealed,arm.R.out,45.5,0.3,-10.3,-11.5,31.5,0.0002,0
odysseus-revealed,arm.R.out,45.583,0,-4.1,-11.5,31.5,0.0001,0
odysseus-revealed,arm.R.out,45.667,0,0,-11.5,31.5,0.0001,0
odysseus-revealed,arm.R.out,46.667,1.5,18,-11.5,31.5,0.001,0.001
odysseus-revealed,arm.R.out,46.75,2.3,10.1,-11.5,31.5,0.0013,0
odysseus-revealed,arm.R.out,46.833,2.7,4.3,-11.5,31.5,0.0015,0
odysseus-revealed,arm.R.out,46.917,2.8,0.5,-11.5,31.5,0.0015,0
odysseus-revealed,arm.R.out,47,2.6,-1.2,-11.5,31.5,0.0014,0
odysseus-revealed,arm.R.out,47.083,2.6,-0.9,-11.5,31.5,0.0013,0
odysseus-revealed,arm.R.out,47.167,2.4,-1.5,-11.5,31.5,0.0013,0
odysseus-revealed,arm.R.out,47.25,2.3,-1.5,-11.5,31.5,0.0012,0
odysseus-revealed,arm.R.out,47.333,2.2,-1.5,-11.5,31.5,0.0011,0
odysseus-revealed,arm.R.out,47.417,2.1,-1.5,-11.5,31.5,0.0011,0
odysseus-revealed,arm.R.out,47.5,1.9,-1.5,-11.5,31.5,0.001,0
odysseus-revealed,arm.R.out,47.583,1.8,-1.7,-11.5,31.5,0.0009,0
odysseus-revealed,arm.R.out,47.667,1.4,-4.3,-11.5,31.5,0.0008,0
odysseus-revealed,arm.R.out,47.75,1,-5.6,-11.5,31.5,0.0005,0
odysseus-revealed,arm.R.out,47.833,0.5,-5.6,-11.5,31.5,0.0003,0
odysseus-revealed,arm.R.out,47.917,0.1,-4.3,-11.5,31.5,0.0001,0
odysseus-revealed,arm.R.out,48,0,-1.7,-11.5,31.5,0,0
odysseus-revealed,arm.R.out,48.083,0,0,-11.5,31.5,0,0
odysseus-revealed,arm.R.out,49.75,2.8,33,-11.5,31.5,0.0018,0.002
odysseus-revealed,arm.R.out,49.833,4.1,15.8,-11.5,31.5,0.0023,0.001
odysseus-revealed,arm.R.out,49.917,4.4,4.2,-11.5,31.5,0.0024,0
odysseus-revealed,arm.R.out,50,4.3,-1.7,-11.5,31.5,0.0023,0
odysseus-revealed,arm.R.out,50.083,4.1,-1.8,-11.5,31.5,0.0021,0
odysseus-revealed,arm.R.out,50.167,4,-2.1,-11.5,31.5,0.002,0
odysseus-revealed,arm.R.out,50.25,3.8,-2.1,-11.5,31.5,0.0019,0
odysseus-revealed,arm.R.out,50.333,3.6,-2.1,-11.5,31.5,0.0019,0
odysseus-revealed,arm.R.out,50.417,3.4,-2.1,-11.5,31.5,0.0018,0
odysseus-revealed,arm.R.out,50.5,3.3,-2.1,-11.5,31.5,0.0017,0
odysseus-revealed,arm.R.out,50.583,3.1,-2.1,-11.5,31.5,0.0016,0
odysseus-revealed,arm.R.out,50.667,2.9,-2.8,-11.5,31.5,0.0015,0
odysseus-revealed,arm.R.out,50.75,2.3,-6.9,-11.5,31.5,0.0012,0
odysseus-revealed,arm.R.out,50.833,1.5,-8.9,-11.5,31.5,0.0008,0
odysseus-revealed,arm.R.out,50.917,0.8,-8.9,-11.5,31.5,0.0004,0
odysseus-revealed,arm.R.out,51,0.2,-6.9,-11.5,31.5,0.0001,0
odysseus-revealed,arm.R.out,51.083,0,-2.8,-11.5,31.5,0.0001,0
odysseus-revealed,arm.R.out,51.167,0,0,-11.5,31.5,0,0
odysseus-revealed,arm.R.out,52.083,0,0,-11.5,31.5,0,0
odysseus-revealed,arm.L.pitch,0,-68.8,0,-183.3,60.2,0.0274,0.002
odysseus-revealed,arm.L.pitch,1.5,-67,21.5,-183.3,60.2,0.0274,0.022
odysseus-revealed,arm.L.pitch,1.583,-63,47.3,-183.3,60.2,0.0266,0.045
odysseus-revealed,arm.L.pitch,1.667,-59.1,47.3,-183.3,60.2,0.0252,0.043
odysseus-revealed,arm.L.pitch,1.75,-57.3,21.5,-183.3,60.2,0.0251,0.02
odysseus-revealed,arm.L.pitch,1.833,-90.6,-399.2,-183.3,60.2,0.0347,0.486
odysseus-revealed,arm.L.pitch,1.917,-117.8,-326.6,-183.3,60.2,0.027,0.309
odysseus-revealed,arm.L.pitch,2,-138.9,-254,-183.3,60.2,0.0202,0.18
odysseus-revealed,arm.L.pitch,2.083,-154.1,-181.4,-183.3,60.2,0.0138,0.088
odysseus-revealed,arm.L.pitch,2.167,-163.1,-108.9,-183.3,60.2,0.0095,0.036
odysseus-revealed,arm.L.pitch,2.25,-166.2,-36.3,-183.3,60.2,0.008,0.01
odysseus-revealed,arm.L.pitch,2.333,-82.1,1009.2,-183.3,60.2,0.0423,1.493
odysseus-revealed,arm.L.pitch,2.417,-41.9,481.6,-183.3,60.2,0.0263,0.443
odysseus-revealed,arm.L.pitch,2.5,-31.2,128.3,-183.3,60.2,0.0197,0.089
odysseus-revealed,arm.L.pitch,2.583,-35.5,-50.8,-183.3,60.2,0.0193,0.035
odysseus-revealed,arm.L.pitch,2.667,-40.1,-55.7,-183.3,60.2,0.019,0.038
odysseus-revealed,arm.L.pitch,2.75,-41.3,-14.3,-183.3,60.2,0.0199,0.011
odysseus-revealed,arm.L.pitch,2.833,-44.4,-37.6,-183.3,60.2,0.0209,0.028
odysseus-revealed,arm.L.pitch,2.917,-48.9,-53.2,-183.3,60.2,0.0224,0.043
odysseus-revealed,arm.L.pitch,3,-53.9,-61,-183.3,60.2,0.0239,0.052
odysseus-revealed,arm.L.pitch,3.083,-59,-61,-183.3,60.2,0.0252,0.055
odysseus-revealed,arm.L.pitch,3.167,-63.5,-53.2,-183.3,60.2,0.0264,0.05
odysseus-revealed,arm.L.pitch,3.25,-66.6,-37.6,-183.3,60.2,0.0272,0.037
odysseus-revealed,arm.L.pitch,3.333,-67.8,-14.3,-183.3,60.2,0.0275,0.015
odysseus-revealed,arm.L.pitch,3.417,-57.8,119.5,-183.3,60.2,0.0266,0.112
odysseus-revealed,arm.L.pitch,3.5,-50.1,93,-183.3,60.2,0.0229,0.075
odysseus-revealed,arm.L.pitch,3.583,-44.5,66.4,-183.3,60.2,0.021,0.049
odysseus-revealed,arm.L.pitch,3.667,-41.2,39.8,-183.3,60.2,0.0197,0.028
odysseus-revealed,arm.L.pitch,3.75,-40.1,13.3,-183.3,60.2,0.0193,0.01
odysseus-revealed,arm.L.pitch,3.833,-126.1,-1031.3,-183.3,60.2,0.0369,1.332
odysseus-revealed,arm.L.pitch,3.917,-177.6,-618.8,-183.3,60.2,0.0064,0.138
odysseus-revealed,arm.L.pitch,4,-183.3,-68.8,-183.3,60.2,0.0086,0.021
odysseus-revealed,arm.L.pitch,4.083,-183.3,0,-183.3,60.2,0.0026,0
odysseus-revealed,arm.L.pitch,4.167,-161.7,259.7,-183.3,60.2,0.0125,0.114
odysseus-revealed,arm.L.pitch,4.25,-120.3,496.6,-183.3,60.2,0.0284,0.494
odysseus-revealed,arm.L.pitch,4.333,-118.6,21,-183.3,60.2,0.0318,0.025
odysseus-revealed,arm.L.pitch,4.417,-117.1,17.2,-183.3,60.2,0.0262,0.017
odysseus-revealed,arm.L.pitch,4.5,-116,13.4,-183.3,60.2,0.0265,0.014
odysseus-revealed,arm.L.pitch,4.583,-115.2,9.5,-183.3,60.2,0.0267,0.01
odysseus-revealed,arm.L.pitch,4.667,-114.8,5.7,-183.3,60.2,0.0268,0.007
odysseus-revealed,arm.L.pitch,4.75,-114.6,1.9,-183.3,60.2,0.0268,0.003
odysseus-revealed,arm.L.pitch,4.833,-112.6,23.6,-183.3,60.2,0.0274,0.024
odysseus-revealed,arm.L.pitch,4.917,-107.4,62.3,-183.3,60.2,0.0286,0.064
odysseus-revealed,arm.L.pitch,5,-100.1,88.1,-183.3,60.2,0.0293,0.092
odysseus-revealed,arm.L.pitch,5.083,-91.7,101,-183.3,60.2,0.0296,0.106
odysseus-revealed,arm.L.pitch,5.167,-83.3,101,-183.3,60.2,0.0292,0.105
odysseus-revealed,arm.L.pitch,5.25,-75.9,88.1,-183.3,60.2,0.0287,0.09
odysseus-revealed,arm.L.pitch,5.333,-70.7,62.3,-183.3,60.2,0.0281,0.063
odysseus-revealed,arm.L.pitch,5.417,-68.8,23.6,-183.3,60.2,0.0279,0.025
odysseus-revealed,arm.L.pitch,5.5,-68.8,0,-183.3,60.2,0.0277,0.002
odysseus-revealed,arm.L.pitch,10.917,-67.8,11.4,-183.3,60.2,0.0274,0.012
odysseus-revealed,arm.L.pitch,11,-62.3,65.9,-183.3,60.2,0.0267,0.063
odysseus-revealed,arm.L.pitch,11.083,-56.9,65.5,-183.3,60.2,0.0246,0.058
odysseus-revealed,arm.L.pitch,11.167,-53.4,41.8,-183.3,60.2,0.0239,0.036
odysseus-revealed,arm.L.pitch,11.25,-50.6,32.8,-183.3,60.2,0.0229,0.027
odysseus-revealed,arm.L.pitch,11.333,-48.9,20.4,-183.3,60.2,0.0223,0.017
odysseus-revealed,arm.L.pitch,11.417,-48.5,5,-183.3,60.2,0.0222,0.005
odysseus-revealed,arm.L.pitch,11.5,-49.6,-12.4,-183.3,60.2,0.0226,0.011
odysseus-revealed,arm.L.pitch,11.583,-52.1,-30.6,-183.3,60.2,0.0235,0.026
odysseus-revealed,arm.L.pitch,11.667,-56.1,-48.2,-183.3,60.2,0.0247,0.043
odysseus-revealed,arm.L.pitch,11.75,-61.4,-63.9,-183.3,60.2,0.026,0.059
odysseus-revealed,arm.L.pitch,11.833,-67.8,-76.2,-183.3,60.2,0.0274,0.074
odysseus-revealed,arm.L.pitch,11.917,-74.8,-84.2,-183.3,60.2,0.0285,0.085
odysseus-revealed,arm.L.pitch,12,-82.1,-87.4,-183.3,60.2,0.0292,0.091
odysseus-revealed,arm.L.pitch,12.083,-89.2,-85.7,-183.3,60.2,0.0294,0.09
odysseus-revealed,arm.L.pitch,12.167,-95.9,-79.6,-183.3,60.2,0.0294,0.083
odysseus-revealed,arm.L.pitch,12.25,-101.7,-69.8,-183.3,60.2,0.0289,0.072
odysseus-revealed,arm.L.pitch,12.333,-106.5,-57.5,-183.3,60.2,0.0284,0.059
odysseus-revealed,arm.L.pitch,12.417,-105.4,12.7,-183.3,60.2,0.0293,0.015
odysseus-revealed,arm.L.pitch,12.5,-94.3,133.6,-183.3,60.2,0.0309,0.146
odysseus-revealed,arm.L.pitch,12.583,-88.8,65.7,-183.3,60.2,0.0303,0.071
odysseus-revealed,arm.L.pitch,12.667,-88.8,0,-183.3,60.2,0.0302,0.002
odysseus-revealed,arm.L.pitch,12.917,-88.9,-1.5,-183.3,60.2,0.0294,0.003
odysseus-revealed,arm.L.pitch,13,-89.3,-3.9,-183.3,60.2,0.0295,0.006
odysseus-revealed,arm.L.pitch,13.083,-89.7,-5.5,-183.3,60.2,0.0294,0.007
odysseus-revealed,arm.L.pitch,13.167,-90.2,-6.3,-183.3,60.2,0.0294,0.008
odysseus-revealed,arm.L.pitch,13.25,-90.8,-6.3,-183.3,60.2,0.0294,0.008
odysseus-revealed,arm.L.pitch,13.333,-91.2,-5.5,-183.3,60.2,0.0294,0.007
odysseus-revealed,arm.L.pitch,13.417,-91.6,-3.9,-183.3,60.2,0.0294,0.006
odysseus-revealed,arm.L.pitch,13.5,-91.7,-1.5,-183.3,60.2,0.0294,0.003
odysseus-revealed,arm.L.pitch,13.583,-91.6,0.4,-183.3,60.2,0.0294,0.002
odysseus-revealed,arm.L.pitch,13.667,-91.5,1.1,-183.3,60.2,0.0294,0.003
odysseus-revealed,arm.L.pitch,13.75,-91.4,1.8,-183.3,60.2,0.0294,0.004
odysseus-revealed,arm.L.pitch,13.833,-91.2,2.4,-183.3,60.2,0.0294,0.004
odysseus-revealed,arm.L.pitch,13.917,-90.9,3,-183.3,60.2,0.0294,0.005
odysseus-revealed,arm.L.pitch,14,-90.7,3.5,-183.3,60.2,0.0294,0.005
odysseus-revealed,arm.L.pitch,14.083,-90.3,3.9,-183.3,60.2,0.0294,0.006
odysseus-revealed,arm.L.pitch,14.167,-90,4.3,-183.3,60.2,0.0294,0.006
odysseus-revealed,arm.L.pitch,14.25,-89.6,4.7,-183.3,60.2,0.0294,0.007
odysseus-revealed,arm.L.pitch,14.333,-89.2,5,-183.3,60.2,0.0294,0.007
odysseus-revealed,arm.L.pitch,14.417,-88.7,5.2,-183.3,60.2,0.0294,0.007
odysseus-revealed,arm.L.pitch,14.5,-88.3,5.3,-183.3,60.2,0.0294,0.007
odysseus-revealed,arm.L.pitch,14.583,-87.8,5.5,-183.3,60.2,0.0294,0.007
odysseus-revealed,arm.L.pitch,14.667,-87.4,5.5,-183.3,60.2,0.0294,0.007
odysseus-revealed,arm.L.pitch,14.75,-86.9,5.5,-183.3,60.2,0.0294,0.007
odysseus-revealed,arm.L.pitch,14.833,-86.5,5.5,-183.3,60.2,0.0294,0.007
odysseus-revealed,arm.L.pitch,14.917,-86,5.3,-183.3,60.2,0.0294,0.007
odysseus-revealed,arm.L.pitch,15,-85.6,5.2,-183.3,60.2,0.0293,0.007
odysseus-revealed,arm.L.pitch,15.083,-85.2,5,-183.3,60.2,0.0293,0.007
odysseus-revealed,arm.L.pitch,15.167,-84.8,4.7,-183.3,60.2,0.0293,0.006
odysseus-revealed,arm.L.pitch,15.25,-84.4,4.3,-183.3,60.2,0.0293,0.006
odysseus-revealed,arm.L.pitch,15.333,-84.1,3.9,-183.3,60.2,0.0293,0.006
odysseus-revealed,arm.L.pitch,15.417,-83.8,3.5,-183.3,60.2,0.0293,0.005
odysseus-revealed,arm.L.pitch,15.5,-83.6,3,-183.3,60.2,0.0293,0.005
odysseus-revealed,arm.L.pitch,15.583,-83.4,2.4,-183.3,60.2,0.0292,0.004
odysseus-revealed,arm.L.pitch,15.667,-83.2,1.8,-183.3,60.2,0.0292,0.004
odysseus-revealed,arm.L.pitch,15.75,-83.1,1.1,-183.3,60.2,0.0292,0.003
odysseus-revealed,arm.L.pitch,15.833,-83.1,0.4,-183.3,60.2,0.0292,0.002
odysseus-revealed,arm.L.pitch,15.917,-83.2,-1.9,-183.3,60.2,0.0293,0.004
odysseus-revealed,arm.L.pitch,16,-83.7,-5.2,-183.3,60.2,0.0293,0.007
odysseus-revealed,arm.L.pitch,16.083,-84.3,-7.7,-183.3,60.2,0.0293,0.01
odysseus-revealed,arm.L.pitch,16.167,-85.1,-9.4,-183.3,60.2,0.0293,0.011
odysseus-revealed,arm.L.pitch,16.25,-85.9,-10.2,-183.3,60.2,0.0294,0.012
odysseus-revealed,arm.L.pitch,16.333,-86.8,-10.2,-183.3,60.2,0.0294,0.012
odysseus-revealed,arm.L.pitch,16.417,-87.6,-9.4,-183.3,60.2,0.0294,0.011
odysseus-revealed,arm.L.pitch,16.5,-88.2,-7.7,-183.3,60.2,0.0294,0.01
odysseus-revealed,arm.L.pitch,16.583,-88.6,-5.2,-183.3,60.2,0.0295,0.007
odysseus-revealed,arm.L.pitch,16.667,-88.8,-1.9,-183.3,60.2,0.0295,0.004
odysseus-revealed,arm.L.pitch,16.75,-88.8,0,-183.3,60.2,0.0294,0.002
odysseus-revealed,arm.L.pitch,17.167,-88.5,3.7,-183.3,60.2,0.0295,0.006
odysseus-revealed,arm.L.pitch,17.25,-87.2,15.6,-183.3,60.2,0.0295,0.018
odysseus-revealed,arm.L.pitch,17.333,-84.7,30.2,-183.3,60.2,0.0295,0.033
odysseus-revealed,arm.L.pitch,17.417,-81.3,40.6,-183.3,60.2,0.0292,0.043
odysseus-revealed,arm.L.pitch,17.5,-78,39.4,-183.3,60.2,0.0288,0.041
odysseus-revealed,arm.L.pitch,17.583,-75.8,26.5,-183.3,60.2,0.0287,0.028
odysseus-revealed,arm.L.pitch,17.667,-73.8,24.5,-183.3,60.2,0.0283,0.026
odysseus-revealed,arm.L.pitch,17.75,-71.8,23.4,-183.3,60.2,0.028,0.024
odysseus-revealed,arm.L.pitch,17.833,-70,22,-183.3,60.2,0.0277,0.023
odysseus-revealed,arm.L.pitch,17.917,-70,-0.6,-183.3,60.2,0.0279,0.002
odysseus-revealed,arm.L.pitch,18,-72.7,-31.6,-183.3,60.2,0.0285,0.033
odysseus-revealed,arm.L.pitch,18.083,-76.3,-43.7,-183.3,60.2,0.0287,0.045
odysseus-revealed,arm.L.pitch,18.167,-79.4,-37,-183.3,60.2,0.029,0.039
odysseus-revealed,arm.L.pitch,18.25,-80.3,-11.4,-183.3,60.2,0.0293,0.013
odysseus-revealed,arm.L.pitch,18.333,-79.7,7.4,-183.3,60.2,0.0292,0.009
odysseus-revealed,arm.L.pitch,18.417,-79.4,3.8,-183.3,60.2,0.029,0.005
odysseus-revealed,arm.L.pitch,18.5,-79.4,0,-183.3,60.2,0.029,0.002
odysseus-revealed,arm.L.pitch,18.583,-79.7,-3.8,-183.3,60.2,0.029,0.005
odysseus-revealed,arm.L.pitch,18.667,-80.3,-7.6,-183.3,60.2,0.0291,0.009
odysseus-revealed,arm.L.pitch,18.75,-81.3,-11.3,-183.3,60.2,0.0291,0.013
odysseus-revealed,arm.L.pitch,18.833,-82.5,-14.9,-183.3,60.2,0.0292,0.017
odysseus-revealed,arm.L.pitch,18.917,-84,-18.3,-183.3,60.2,0.0293,0.02
odysseus-revealed,arm.L.pitch,19,-85.8,-21.4,-183.3,60.2,0.0294,0.024
odysseus-revealed,arm.L.pitch,19.083,-87.8,-24.1,-183.3,60.2,0.0294,0.027
odysseus-revealed,arm.L.pitch,19.167,-90.1,-26.6,-183.3,60.2,0.0295,0.029
odysseus-revealed,arm.L.pitch,19.25,-92.4,-28.5,-183.3,60.2,0.0294,0.031
odysseus-revealed,arm.L.pitch,19.333,-94.9,-30.1,-183.3,60.2,0.0293,0.033
odysseus-revealed,arm.L.pitch,19.417,-97.5,-31.2,-183.3,60.2,0.0292,0.033
odysseus-revealed,arm.L.pitch,19.5,-100.2,-31.8,-183.3,60.2,0.029,0.034
odysseus-revealed,arm.L.pitch,19.583,-102.9,-32,-183.3,60.2,0.0287,0.034
odysseus-revealed,arm.L.pitch,19.667,-105.5,-31.7,-183.3,60.2,0.0284,0.033
odysseus-revealed,arm.L.pitch,19.75,-108.1,-31,-183.3,60.2,0.028,0.032
odysseus-revealed,arm.L.pitch,19.833,-110.6,-29.9,-183.3,60.2,0.0276,0.03
odysseus-revealed,arm.L.pitch,19.917,-112.9,-28.4,-183.3,60.2,0.0271,0.028
odysseus-revealed,arm.L.pitch,20,-115.2,-26.7,-183.3,60.2,0.0267,0.026
odysseus-revealed,arm.L.pitch,20.083,-117.2,-24.6,-183.3,60.2,0.0262,0.024
odysseus-revealed,arm.L.pitch,20.167,-119.1,-22.4,-183.3,60.2,0.0257,0.021
odysseus-revealed,arm.L.pitch,20.25,-120.8,-20.1,-183.3,60.2,0.0253,0.019
odysseus-revealed,arm.L.pitch,20.333,-122.1,-15.8,-183.3,60.2,0.025,0.015
odysseus-revealed,arm.L.pitch,20.417,-120.6,17.8,-183.3,60.2,0.0258,0.017
odysseus-revealed,arm.L.pitch,20.5,-116.3,51.9,-183.3,60.2,0.0268,0.05
odysseus-revealed,arm.L.pitch,20.583,-110.5,69.1,-183.3,60.2,0.0278,0.069
odysseus-revealed,arm.L.pitch,20.667,-105.1,65.3,-183.3,60.2,0.0285,0.066
odysseus-revealed,arm.L.pitch,20.75,-101.9,38.1,-183.3,60.2,0.0291,0.041
odysseus-revealed,arm.L.pitch,20.833,-101.6,3.6,-183.3,60.2,0.0293,0.005
odysseus-revealed,arm.L.pitch,20.917,-101.5,1.5,-183.3,60.2,0.0289,0.003
odysseus-revealed,arm.L.pitch,21,-101.3,1.5,-183.3,60.2,0.0289,0.003
odysseus-revealed,arm.L.pitch,21.083,-101.2,1.5,-183.3,60.2,0.0289,0.003
odysseus-revealed,arm.L.pitch,21.167,-101.1,1.5,-183.3,60.2,0.0289,0.003
odysseus-revealed,arm.L.pitch,21.25,-101,1.5,-183.3,60.2,0.0289,0.003
odysseus-revealed,arm.L.pitch,21.333,-100.8,1.5,-183.3,60.2,0.0289,0.003
odysseus-revealed,arm.L.pitch,21.417,-100.7,1.5,-183.3,60.2,0.0289,0.003
odysseus-revealed,arm.L.pitch,21.5,-100.6,1.5,-183.3,60.2,0.0289,0.003
odysseus-revealed,arm.L.pitch,21.583,-100.5,1.5,-183.3,60.2,0.0289,0.003
odysseus-revealed,arm.L.pitch,21.667,-100.3,1.5,-183.3,60.2,0.029,0.003
odysseus-revealed,arm.L.pitch,21.75,-100.2,1.5,-183.3,60.2,0.029,0.003
odysseus-revealed,arm.L.pitch,21.833,-100.1,1.5,-183.3,60.2,0.029,0.003
odysseus-revealed,arm.L.pitch,21.917,-100,1.5,-183.3,60.2,0.029,0.003
odysseus-revealed,arm.L.pitch,22,-99.9,1.5,-183.3,60.2,0.029,0.003
odysseus-revealed,arm.L.pitch,22.083,-99.7,1.5,-183.3,60.2,0.029,0.003
odysseus-revealed,arm.L.pitch,22.167,-99.6,1.5,-183.3,60.2,0.029,0.003
odysseus-revealed,arm.L.pitch,22.25,-99.5,1.5,-183.3,60.2,0.029,0.003
odysseus-revealed,arm.L.pitch,22.333,-99.4,1.5,-183.3,60.2,0.029,0.003
odysseus-revealed,arm.L.pitch,22.417,-99.2,1.5,-183.3,60.2,0.029,0.003
odysseus-revealed,arm.L.pitch,22.5,-99.1,1.5,-183.3,60.2,0.0291,0.003
odysseus-revealed,arm.L.pitch,22.583,-99,1.5,-183.3,60.2,0.0291,0.003
odysseus-revealed,arm.L.pitch,22.667,-98.9,1.5,-183.3,60.2,0.0291,0.003
odysseus-revealed,arm.L.pitch,22.75,-98.7,1.5,-183.3,60.2,0.0291,0.003
odysseus-revealed,arm.L.pitch,22.833,-98.6,1.5,-183.3,60.2,0.0291,0.003
odysseus-revealed,arm.L.pitch,22.917,-98.5,1.5,-183.3,60.2,0.0291,0.003
odysseus-revealed,arm.L.pitch,23,-98.4,1.5,-183.3,60.2,0.0291,0.003
odysseus-revealed,arm.L.pitch,23.083,-98.2,1.5,-183.3,60.2,0.0291,0.003
odysseus-revealed,arm.L.pitch,23.167,-98.1,1.5,-183.3,60.2,0.0291,0.003
odysseus-revealed,arm.L.pitch,23.25,-98,1.5,-183.3,60.2,0.0291,0.003
odysseus-revealed,arm.L.pitch,23.333,-97.9,1.5,-183.3,60.2,0.0292,0.003
odysseus-revealed,arm.L.pitch,23.417,-97.7,1.5,-183.3,60.2,0.0292,0.003
odysseus-revealed,arm.L.pitch,23.5,-97.6,1.5,-183.3,60.2,0.0292,0.003
odysseus-revealed,arm.L.pitch,23.583,-97.5,1.5,-183.3,60.2,0.0292,0.003
odysseus-revealed,arm.L.pitch,23.667,-97.4,1.5,-183.3,60.2,0.0292,0.003
odysseus-revealed,arm.L.pitch,23.75,-97.2,1.5,-183.3,60.2,0.0292,0.003
odysseus-revealed,arm.L.pitch,23.833,-97.1,1.5,-183.3,60.2,0.0292,0.003
odysseus-revealed,arm.L.pitch,23.917,-97,1.5,-183.3,60.2,0.0292,0.003
odysseus-revealed,arm.L.pitch,24,-96.9,1.5,-183.3,60.2,0.0292,0.003
odysseus-revealed,arm.L.pitch,24.083,-96.7,1.5,-183.3,60.2,0.0292,0.003
odysseus-revealed,arm.L.pitch,24.167,-96.6,1.5,-183.3,60.2,0.0292,0.003
odysseus-revealed,arm.L.pitch,24.25,-96.5,1.5,-183.3,60.2,0.0292,0.003
odysseus-revealed,arm.L.pitch,24.333,-96.4,1.5,-183.3,60.2,0.0292,0.003
odysseus-revealed,arm.L.pitch,24.417,-96.3,1.5,-183.3,60.2,0.0293,0.003
odysseus-revealed,arm.L.pitch,24.5,-96.1,1.5,-183.3,60.2,0.0293,0.003
odysseus-revealed,arm.L.pitch,24.583,-96,1.5,-183.3,60.2,0.0293,0.003
odysseus-revealed,arm.L.pitch,24.667,-95.9,1.5,-183.3,60.2,0.0293,0.003
odysseus-revealed,arm.L.pitch,24.75,-95.8,1.5,-183.3,60.2,0.0293,0.003
odysseus-revealed,arm.L.pitch,24.833,-95.6,1.5,-183.3,60.2,0.0293,0.003
odysseus-revealed,arm.L.pitch,24.917,-95.5,1.5,-183.3,60.2,0.0293,0.003
odysseus-revealed,arm.L.pitch,25,-95.4,1.5,-183.3,60.2,0.0293,0.003
odysseus-revealed,arm.L.pitch,25.083,-95.3,1.5,-183.3,60.2,0.0293,0.003
odysseus-revealed,arm.L.pitch,25.167,-95.1,1.5,-183.3,60.2,0.0293,0.003
odysseus-revealed,arm.L.pitch,25.25,-95,1.5,-183.3,60.2,0.0293,0.003
odysseus-revealed,arm.L.pitch,25.333,-94.9,1.5,-183.3,60.2,0.0293,0.003
odysseus-revealed,arm.L.pitch,25.417,-94.8,1.5,-183.3,60.2,0.0293,0.003
odysseus-revealed,arm.L.pitch,25.5,-94.6,1.5,-183.3,60.2,0.0293,0.003
odysseus-revealed,arm.L.pitch,25.583,-94.5,1.5,-183.3,60.2,0.0293,0.003
odysseus-revealed,arm.L.pitch,25.667,-94.4,1.5,-183.3,60.2,0.0293,0.003
odysseus-revealed,arm.L.pitch,25.75,-94.3,1.5,-183.3,60.2,0.0293,0.003
odysseus-revealed,arm.L.pitch,25.833,-94.1,1.5,-183.3,60.2,0.0294,0.003
odysseus-revealed,arm.L.pitch,25.917,-94,1.5,-183.3,60.2,0.0294,0.003
odysseus-revealed,arm.L.pitch,26,-93.9,1.5,-183.3,60.2,0.0294,0.003
odysseus-revealed,arm.L.pitch,26.083,-93.8,1.5,-183.3,60.2,0.0294,0.003
odysseus-revealed,arm.L.pitch,26.167,-93.6,1.5,-183.3,60.2,0.0294,0.003
odysseus-revealed,arm.L.pitch,26.25,-93.5,1.5,-183.3,60.2,0.0294,0.003
odysseus-revealed,arm.L.pitch,26.333,-93.4,1.5,-183.3,60.2,0.0294,0.003
odysseus-revealed,arm.L.pitch,26.417,-93.3,1.5,-183.3,60.2,0.0294,0.003
odysseus-revealed,arm.L.pitch,26.5,-93.1,1.5,-183.3,60.2,0.0294,0.003
odysseus-revealed,arm.L.pitch,26.583,-93,1.5,-183.3,60.2,0.0294,0.003
odysseus-revealed,arm.L.pitch,26.667,-92.9,1.5,-183.3,60.2,0.0294,0.003
odysseus-revealed,arm.L.pitch,26.75,-92.8,1.5,-183.3,60.2,0.0294,0.003
odysseus-revealed,arm.L.pitch,26.833,-92.7,1.5,-183.3,60.2,0.0294,0.003
odysseus-revealed,arm.L.pitch,26.917,-92.5,1.5,-183.3,60.2,0.0294,0.003
odysseus-revealed,arm.L.pitch,27,-92.4,1.5,-183.3,60.2,0.0294,0.003
odysseus-revealed,arm.L.pitch,27.083,-92.3,1.5,-183.3,60.2,0.0294,0.003
odysseus-revealed,arm.L.pitch,27.167,-92.2,1.5,-183.3,60.2,0.0294,0.003
odysseus-revealed,arm.L.pitch,27.25,-92,1.5,-183.3,60.2,0.0294,0.003
odysseus-revealed,arm.L.pitch,27.333,-91.9,1.5,-183.3,60.2,0.0294,0.003
odysseus-revealed,arm.L.pitch,27.417,-91.8,1.5,-183.3,60.2,0.0294,0.003
odysseus-revealed,arm.L.pitch,27.5,-91.7,1.5,-183.3,60.2,0.0294,0.003
odysseus-revealed,arm.L.pitch,27.583,-91.5,1.5,-183.3,60.2,0.0294,0.003
odysseus-revealed,arm.L.pitch,27.667,-91.4,1.5,-183.3,60.2,0.0294,0.003
odysseus-revealed,arm.L.pitch,27.75,-91.3,1.5,-183.3,60.2,0.0294,0.003
odysseus-revealed,arm.L.pitch,27.833,-91.2,1.5,-183.3,60.2,0.0294,0.003
odysseus-revealed,arm.L.pitch,27.917,-91,1.5,-183.3,60.2,0.0294,0.003
odysseus-revealed,arm.L.pitch,28,-90.9,1.5,-183.3,60.2,0.0294,0.003
odysseus-revealed,arm.L.pitch,28.083,-90.8,1.5,-183.3,60.2,0.0294,0.003
odysseus-revealed,arm.L.pitch,28.167,-90.7,1.5,-183.3,60.2,0.0294,0.003
odysseus-revealed,arm.L.pitch,28.25,-90.5,1.5,-183.3,60.2,0.0294,0.003
odysseus-revealed,arm.L.pitch,28.333,-90.4,1.5,-183.3,60.2,0.0294,0.003
odysseus-revealed,arm.L.pitch,28.417,-90.3,1.5,-183.3,60.2,0.0294,0.003
odysseus-revealed,arm.L.pitch,28.5,-90.2,1.5,-183.3,60.2,0.0294,0.003
odysseus-revealed,arm.L.pitch,28.583,-90,1.5,-183.3,60.2,0.0294,0.003
odysseus-revealed,arm.L.pitch,28.667,-89.9,1.5,-183.3,60.2,0.0294,0.003
odysseus-revealed,arm.L.pitch,28.75,-89.8,1.5,-183.3,60.2,0.0294,0.003
odysseus-revealed,arm.L.pitch,28.833,-89.7,1.5,-183.3,60.2,0.0294,0.003
odysseus-revealed,arm.L.pitch,28.917,-89.5,1.5,-183.3,60.2,0.0294,0.003
odysseus-revealed,arm.L.pitch,29,-89.4,1.5,-183.3,60.2,0.0294,0.003
odysseus-revealed,arm.L.pitch,29.083,-89.3,1.5,-183.3,60.2,0.0294,0.003
odysseus-revealed,arm.L.pitch,29.167,-89.2,1.5,-183.3,60.2,0.0294,0.003
odysseus-revealed,arm.L.pitch,29.25,-89.1,1.5,-183.3,60.2,0.0294,0.003
odysseus-revealed,arm.L.pitch,29.333,-88.9,1.5,-183.3,60.2,0.0294,0.003
odysseus-revealed,arm.L.pitch,29.417,-88.8,1.5,-183.3,60.2,0.0294,0.003
odysseus-revealed,arm.L.pitch,29.5,-88.7,1.5,-183.3,60.2,0.0294,0.003
odysseus-revealed,arm.L.pitch,29.583,-88.6,1.5,-183.3,60.2,0.0294,0.003
odysseus-revealed,arm.L.pitch,29.667,-88.4,1.5,-183.3,60.2,0.0294,0.003
odysseus-revealed,arm.L.pitch,29.75,-88.3,1.5,-183.3,60.2,0.0294,0.003
odysseus-revealed,arm.L.pitch,29.833,-88.2,1.5,-183.3,60.2,0.0294,0.003
odysseus-revealed,arm.L.pitch,29.917,-88.1,1.5,-183.3,60.2,0.0294,0.003
odysseus-revealed,arm.L.pitch,30,-87.9,1.5,-183.3,60.2,0.0294,0.003
odysseus-revealed,arm.L.pitch,30.083,-87.8,1.5,-183.3,60.2,0.0294,0.003
odysseus-revealed,arm.L.pitch,30.167,-87.7,1.5,-183.3,60.2,0.0294,0.003
odysseus-revealed,arm.L.pitch,30.25,-87.6,1.5,-183.3,60.2,0.0294,0.003
odysseus-revealed,arm.L.pitch,30.333,-87.4,1.5,-183.3,60.2,0.0294,0.003
odysseus-revealed,arm.L.pitch,30.417,-87.3,1.5,-183.3,60.2,0.0294,0.003
odysseus-revealed,arm.L.pitch,30.5,-87.2,1.5,-183.3,60.2,0.0294,0.003
odysseus-revealed,arm.L.pitch,30.583,-87.1,1.5,-183.3,60.2,0.0294,0.003
odysseus-revealed,arm.L.pitch,30.667,-86.9,1.5,-183.3,60.2,0.0294,0.003
odysseus-revealed,arm.L.pitch,30.75,-86.8,1.5,-183.3,60.2,0.0294,0.003
odysseus-revealed,arm.L.pitch,30.833,-86.7,1.5,-183.3,60.2,0.0294,0.003
odysseus-revealed,arm.L.pitch,30.917,-86.6,1.5,-183.3,60.2,0.0294,0.003
odysseus-revealed,arm.L.pitch,31,-86.4,1.5,-183.3,60.2,0.0294,0.003
odysseus-revealed,arm.L.pitch,31.083,-86.3,1.5,-183.3,60.2,0.0294,0.003
odysseus-revealed,arm.L.pitch,31.167,-86.2,1.5,-183.3,60.2,0.0294,0.003
odysseus-revealed,arm.L.pitch,31.25,-86.1,1.5,-183.3,60.2,0.0294,0.003
odysseus-revealed,arm.L.pitch,31.333,-85.9,1.5,-183.3,60.2,0.0294,0.003
odysseus-revealed,arm.L.pitch,31.417,-85.8,1.5,-183.3,60.2,0.0294,0.003
odysseus-revealed,arm.L.pitch,31.5,-85.7,1.5,-183.3,60.2,0.0293,0.003
odysseus-revealed,arm.L.pitch,31.583,-85.6,1.5,-183.3,60.2,0.0293,0.003
odysseus-revealed,arm.L.pitch,31.667,-85.5,1.5,-183.3,60.2,0.0293,0.003
odysseus-revealed,arm.L.pitch,31.75,-85.3,1.5,-183.3,60.2,0.0293,0.003
odysseus-revealed,arm.L.pitch,31.833,-85.2,1.5,-183.3,60.2,0.0293,0.003
odysseus-revealed,arm.L.pitch,31.917,-85.1,1.5,-183.3,60.2,0.0293,0.003
odysseus-revealed,arm.L.pitch,32,-85,1.5,-183.3,60.2,0.0293,0.003
odysseus-revealed,arm.L.pitch,32.083,-84.8,1.5,-183.3,60.2,0.0293,0.003
odysseus-revealed,arm.L.pitch,32.167,-84.7,1.5,-183.3,60.2,0.0293,0.003
odysseus-revealed,arm.L.pitch,32.25,-84.6,1.5,-183.3,60.2,0.0293,0.003
odysseus-revealed,arm.L.pitch,32.333,-84.5,1.5,-183.3,60.2,0.0293,0.003
odysseus-revealed,arm.L.pitch,32.417,-84.3,1.5,-183.3,60.2,0.0293,0.003
odysseus-revealed,arm.L.pitch,32.5,-84.2,1.5,-183.3,60.2,0.0293,0.003
odysseus-revealed,arm.L.pitch,32.583,-84.1,1.5,-183.3,60.2,0.0293,0.003
odysseus-revealed,arm.L.pitch,32.667,-84,1.5,-183.3,60.2,0.0293,0.003
odysseus-revealed,arm.L.pitch,32.75,-83.8,1.5,-183.3,60.2,0.0293,0.003
odysseus-revealed,arm.L.pitch,32.833,-83.7,1.5,-183.3,60.2,0.0293,0.003
odysseus-revealed,arm.L.pitch,32.917,-83.6,1.5,-183.3,60.2,0.0292,0.003
odysseus-revealed,arm.L.pitch,33,-83.5,1.5,-183.3,60.2,0.0292,0.003
odysseus-revealed,arm.L.pitch,33.083,-83.3,1.5,-183.3,60.2,0.0292,0.003
odysseus-revealed,arm.L.pitch,33.167,-83.2,1.5,-183.3,60.2,0.0292,0.003
odysseus-revealed,arm.L.pitch,33.25,-83.1,1.5,-183.3,60.2,0.0292,0.003
odysseus-revealed,arm.L.pitch,33.333,-83,1.5,-183.3,60.2,0.0292,0.003
odysseus-revealed,arm.L.pitch,33.417,-82.8,1.5,-183.3,60.2,0.0292,0.003
odysseus-revealed,arm.L.pitch,33.5,-82.7,1.5,-183.3,60.2,0.0292,0.003
odysseus-revealed,arm.L.pitch,33.583,-82.6,1.5,-183.3,60.2,0.0292,0.003
odysseus-revealed,arm.L.pitch,33.667,-82.5,1.5,-183.3,60.2,0.0292,0.003
odysseus-revealed,arm.L.pitch,33.75,-82.4,1.5,-183.3,60.2,0.0292,0.003
odysseus-revealed,arm.L.pitch,33.833,-82.2,1.5,-183.3,60.2,0.0292,0.003
odysseus-revealed,arm.L.pitch,33.917,-82.1,1.5,-183.3,60.2,0.0292,0.003
odysseus-revealed,arm.L.pitch,34,-82,1.5,-183.3,60.2,0.0291,0.003
odysseus-revealed,arm.L.pitch,34.083,-81.9,1.5,-183.3,60.2,0.0291,0.003
odysseus-revealed,arm.L.pitch,34.167,-81.7,1.5,-183.3,60.2,0.0291,0.003
odysseus-revealed,arm.L.pitch,34.25,-81.6,1.5,-183.3,60.2,0.0291,0.003
odysseus-revealed,arm.L.pitch,34.333,-81.5,1.5,-183.3,60.2,0.0291,0.003
odysseus-revealed,arm.L.pitch,34.417,-81.4,1.5,-183.3,60.2,0.0291,0.003
odysseus-revealed,arm.L.pitch,34.5,-81.2,1.5,-183.3,60.2,0.0291,0.003
odysseus-revealed,arm.L.pitch,34.583,-81.1,1.5,-183.3,60.2,0.0291,0.003
odysseus-revealed,arm.L.pitch,34.667,-81,1.5,-183.3,60.2,0.0291,0.003
odysseus-revealed,arm.L.pitch,34.75,-80.9,1.5,-183.3,60.2,0.0291,0.003
odysseus-revealed,arm.L.pitch,34.833,-80.7,1.5,-183.3,60.2,0.029,0.003
odysseus-revealed,arm.L.pitch,34.917,-80.6,1.5,-183.3,60.2,0.029,0.003
odysseus-revealed,arm.L.pitch,35,-80.5,1.5,-183.3,60.2,0.029,0.003
odysseus-revealed,arm.L.pitch,35.083,-80.4,1.6,-183.3,60.2,0.029,0.003
odysseus-revealed,arm.L.pitch,35.167,-80.2,1.6,-183.3,60.2,0.029,0.003
odysseus-revealed,arm.L.pitch,35.25,-80.1,1.7,-183.3,60.2,0.029,0.003
odysseus-revealed,arm.L.pitch,35.333,-79.9,1.8,-183.3,60.2,0.029,0.003
odysseus-revealed,arm.L.pitch,35.417,-79.8,1.8,-183.3,60.2,0.029,0.004
odysseus-revealed,arm.L.pitch,35.5,-79.6,1.9,-183.3,60.2,0.0289,0.004
odysseus-revealed,arm.L.pitch,35.583,-79.5,1.9,-183.3,60.2,0.0289,0.004
odysseus-revealed,arm.L.pitch,35.667,-79.3,2,-183.3,60.2,0.0289,0.004
odysseus-revealed,arm.L.pitch,35.75,-79.1,2,-183.3,60.2,0.0289,0.004
odysseus-revealed,arm.L.pitch,35.833,-79,2.1,-183.3,60.2,0.0289,0.004
odysseus-revealed,arm.L.pitch,35.917,-78.8,2.1,-183.3,60.2,0.0289,0.004
odysseus-revealed,arm.L.pitch,36,-78.6,2.1,-183.3,60.2,0.0288,0.004
odysseus-revealed,arm.L.pitch,36.083,-78.4,2.2,-183.3,60.2,0.0288,0.004
odysseus-revealed,arm.L.pitch,36.167,-78.2,2.2,-183.3,60.2,0.0288,0.004
odysseus-revealed,arm.L.pitch,36.25,-78,2.3,-183.3,60.2,0.0288,0.004
odysseus-revealed,arm.L.pitch,36.333,-77.9,2.3,-183.3,60.2,0.0288,0.004
odysseus-revealed,arm.L.pitch,36.417,-77.7,2.3,-183.3,60.2,0.0288,0.004
odysseus-revealed,arm.L.pitch,36.5,-77.5,2.3,-183.3,60.2,0.0287,0.004
odysseus-revealed,arm.L.pitch,36.583,-77.3,2.4,-183.3,60.2,0.0287,0.004
odysseus-revealed,arm.L.pitch,36.667,-77.1,2.4,-183.3,60.2,0.0287,0.004
odysseus-revealed,arm.L.pitch,36.75,-76.9,2.4,-183.3,60.2,0.0287,0.004
odysseus-revealed,arm.L.pitch,36.833,-76.7,2.4,-183.3,60.2,0.0286,0.004
odysseus-revealed,arm.L.pitch,36.917,-76.5,2.4,-183.3,60.2,0.0286,0.004
odysseus-revealed,arm.L.pitch,37,-76.3,2.4,-183.3,60.2,0.0286,0.004
odysseus-revealed,arm.L.pitch,37.083,-76.1,2.4,-183.3,60.2,0.0286,0.004
odysseus-revealed,arm.L.pitch,37.167,-75.9,2.4,-183.3,60.2,0.0285,0.004
odysseus-revealed,arm.L.pitch,37.25,-75.7,2.4,-183.3,60.2,0.0285,0.004
odysseus-revealed,arm.L.pitch,37.333,-75.5,2.4,-183.3,60.2,0.0285,0.004
odysseus-revealed,arm.L.pitch,37.417,-75.3,2.4,-183.3,60.2,0.0285,0.004
odysseus-revealed,arm.L.pitch,37.5,-77.1,-21.8,-183.3,60.2,0.029,0.024
odysseus-revealed,arm.L.pitch,37.583,-80.3,-38.4,-183.3,60.2,0.0292,0.041
odysseus-revealed,arm.L.pitch,37.667,-83.5,-39.2,-183.3,60.2,0.0293,0.042
odysseus-revealed,arm.L.pitch,37.75,-86.1,-30.1,-183.3,60.2,0.0295,0.033
odysseus-revealed,arm.L.pitch,37.833,-82.4,43.7,-183.3,60.2,0.0301,0.048
odysseus-revealed,arm.L.pitch,37.917,-71.4,132.7,-183.3,60.2,0.029,0.136
odysseus-revealed,arm.L.pitch,38,-56.9,173,-183.3,60.2,0.0252,0.153
odysseus-revealed,arm.L.pitch,38.083,-42.4,173.9,-183.3,60.2,0.0199,0.121
odysseus-revealed,arm.L.pitch,38.167,-31.2,135.5,-183.3,60.2,0.0157,0.075
odysseus-revealed,arm.L.pitch,38.25,-26.3,58.2,-183.3,60.2,0.014,0.029
odysseus-revealed,arm.L.pitch,38.333,-25.8,6.3,-183.3,60.2,0.0135,0.003
odysseus-revealed,arm.L.pitch,38.417,-25.3,6.1,-183.3,60.2,0.0126,0.003
odysseus-revealed,arm.L.pitch,38.5,-24.8,5.7,-183.3,60.2,0.0123,0.003
odysseus-revealed,arm.L.pitch,38.583,-24.3,5.6,-183.3,60.2,0.0121,0.003
odysseus-revealed,arm.L.pitch,38.667,-23.9,5.3,-183.3,60.2,0.0119,0.002
odysseus-revealed,arm.L.pitch,38.75,-23.5,5,-183.3,60.2,0.0117,0.002
odysseus-revealed,arm.L.pitch,38.833,-23.1,4.8,-183.3,60.2,0.0115,0.002
odysseus-revealed,arm.L.pitch,38.917,-22.7,4.5,-183.3,60.2,0.0114,0.002
odysseus-revealed,arm.L.pitch,39,-22.4,4.2,-183.3,60.2,0.0112,0.002
odysseus-revealed,arm.L.pitch,39.083,-22,4,-183.3,60.2,0.011,0.002
odysseus-revealed,arm.L.pitch,39.167,-21.7,3.8,-183.3,60.2,0.0109,0.002
odysseus-revealed,arm.L.pitch,39.25,-21.4,3.4,-183.3,60.2,0.0108,0.002
odysseus-revealed,arm.L.pitch,39.333,-21.1,3.2,-183.3,60.2,0.0106,0.001
odysseus-revealed,arm.L.pitch,39.417,-20.9,3,-183.3,60.2,0.0105,0.001
odysseus-revealed,arm.L.pitch,39.5,-20.7,2.8,-183.3,60.2,0.0104,0.001
odysseus-revealed,arm.L.pitch,39.583,-20.5,2.5,-183.3,60.2,0.0103,0.001
odysseus-revealed,arm.L.pitch,39.667,-20.3,2.4,-183.3,60.2,0.0102,0.001
odysseus-revealed,arm.L.pitch,39.75,-20.1,2.2,-183.3,60.2,0.0101,0.001
odysseus-revealed,arm.L.pitch,39.833,-19.9,2,-183.3,60.2,0.01,0.001
odysseus-revealed,arm.L.pitch,39.917,-19.8,1.9,-183.3,60.2,0.0099,0.001
odysseus-revealed,arm.L.pitch,40,-19.6,1.7,-183.3,60.2,0.0099,0.001
odysseus-revealed,arm.L.pitch,40.083,-19.5,1.5,-183.3,60.2,0.0098,0.001
odysseus-revealed,arm.L.pitch,40.167,-19.4,1.4,-183.3,60.2,0.0098,0.001
odysseus-revealed,arm.L.pitch,40.25,-19.3,1.2,-183.3,60.2,0.0097,0.001
odysseus-revealed,arm.L.pitch,40.333,-19.2,1,-183.3,60.2,0.0097,0.001
odysseus-revealed,arm.L.pitch,40.417,-19.1,1,-183.3,60.2,0.0096,0.001
odysseus-revealed,arm.L.pitch,40.5,-19,0.7,-183.3,60.2,0.0096,0
odysseus-revealed,arm.L.pitch,40.583,-19,0.7,-183.3,60.2,0.0096,0
odysseus-revealed,arm.L.pitch,40.667,-18.9,0.4,-183.3,60.2,0.0096,0
odysseus-revealed,arm.L.pitch,41.333,-19,-0.5,-183.3,60.2,0.0096,0
odysseus-revealed,arm.L.pitch,41.417,-19,-0.5,-183.3,60.2,0.0096,0
odysseus-revealed,arm.L.pitch,41.5,-19.1,-0.6,-183.3,60.2,0.0096,0
odysseus-revealed,arm.L.pitch,41.583,-19.1,-0.8,-183.3,60.2,0.0096,0
odysseus-revealed,arm.L.pitch,41.667,-19.2,-0.9,-183.3,60.2,0.0097,0
odysseus-revealed,arm.L.pitch,41.75,-19.3,-0.9,-183.3,60.2,0.0097,0
odysseus-revealed,arm.L.pitch,41.833,-19.4,-1.1,-183.3,60.2,0.0098,0.001
odysseus-revealed,arm.L.pitch,41.917,-19.5,-1.1,-183.3,60.2,0.0098,0.001
odysseus-revealed,arm.L.pitch,42,-19.6,-1.2,-183.3,60.2,0.0099,0.001
odysseus-revealed,arm.L.pitch,42.083,-19.7,-1.2,-183.3,60.2,0.0099,0.001
odysseus-revealed,arm.L.pitch,42.167,-19.8,-1.4,-183.3,60.2,0.01,0.001
odysseus-revealed,arm.L.pitch,42.25,-19.9,-1.4,-183.3,60.2,0.01,0.001
odysseus-revealed,arm.L.pitch,42.333,-20,-1.6,-183.3,60.2,0.0101,0.001
odysseus-revealed,arm.L.pitch,42.417,-20.2,-1.6,-183.3,60.2,0.0101,0.001
odysseus-revealed,arm.L.pitch,42.5,-20.3,-1.6,-183.3,60.2,0.0102,0.001
odysseus-revealed,arm.L.pitch,42.583,-20.4,-1.7,-183.3,60.2,0.0103,0.001
odysseus-revealed,arm.L.pitch,42.667,-20.6,-1.8,-183.3,60.2,0.0103,0.001
odysseus-revealed,arm.L.pitch,42.75,-20.7,-1.8,-183.3,60.2,0.0104,0.001
odysseus-revealed,arm.L.pitch,42.833,-20.9,-1.9,-183.3,60.2,0.0105,0.001
odysseus-revealed,arm.L.pitch,42.917,-21,-1.9,-183.3,60.2,0.0106,0.001
odysseus-revealed,arm.L.pitch,43,-21.2,-1.9,-183.3,60.2,0.0106,0.001
odysseus-revealed,arm.L.pitch,43.083,-21.3,-1.9,-183.3,60.2,0.0107,0.001
odysseus-revealed,arm.L.pitch,43.167,-21.5,-2,-183.3,60.2,0.0108,0.001
odysseus-revealed,arm.L.pitch,43.25,-21.7,-2.1,-183.3,60.2,0.0109,0.001
odysseus-revealed,arm.L.pitch,43.333,-21.8,-2,-183.3,60.2,0.011,0.001
odysseus-revealed,arm.L.pitch,43.417,-22,-2,-183.3,60.2,0.011,0.001
odysseus-revealed,arm.L.pitch,43.5,-22.2,-2.1,-183.3,60.2,0.0111,0.001
odysseus-revealed,arm.L.pitch,43.583,-22.4,-2.1,-183.3,60.2,0.0112,0.001
odysseus-revealed,arm.L.pitch,43.667,-22.5,-2.1,-183.3,60.2,0.0113,0.001
odysseus-revealed,arm.L.pitch,43.75,-22.7,-2.1,-183.3,60.2,0.0114,0.001
odysseus-revealed,arm.L.pitch,43.833,-22.9,-2.2,-183.3,60.2,0.0115,0.001
odysseus-revealed,arm.L.pitch,43.917,-23.1,-2.1,-183.3,60.2,0.0115,0.001
odysseus-revealed,arm.L.pitch,44,-23.3,-2.1,-183.3,60.2,0.0116,0.001
odysseus-revealed,arm.L.pitch,44.083,-23.4,-2.1,-183.3,60.2,0.0117,0.001
odysseus-revealed,arm.L.pitch,44.167,-23.6,-2.1,-183.3,60.2,0.0118,0.001
odysseus-revealed,arm.L.pitch,44.25,-23.8,-2.1,-183.3,60.2,0.0119,0.001
odysseus-revealed,arm.L.pitch,44.333,-24,-2.1,-183.3,60.2,0.012,0.001
odysseus-revealed,arm.L.pitch,44.417,-24.2,-2.1,-183.3,60.2,0.012,0.001
odysseus-revealed,arm.L.pitch,44.5,-24.3,-2.1,-183.3,60.2,0.0121,0.001
odysseus-revealed,arm.L.pitch,44.583,-24.5,-2.1,-183.3,60.2,0.0122,0.001
odysseus-revealed,arm.L.pitch,44.667,-24.7,-2.1,-183.3,60.2,0.0123,0.001
odysseus-revealed,arm.L.pitch,44.75,-24.8,-2,-183.3,60.2,0.0124,0.001
odysseus-revealed,arm.L.pitch,44.833,-25,-2,-183.3,60.2,0.0124,0.001
odysseus-revealed,arm.L.pitch,44.917,-25.2,-1.9,-183.3,60.2,0.0125,0.001
odysseus-revealed,arm.L.pitch,45,-25.3,-1.9,-183.3,60.2,0.0126,0.001
odysseus-revealed,arm.L.pitch,45.083,-25.5,-1.9,-183.3,60.2,0.0127,0.001
odysseus-revealed,arm.L.pitch,45.167,-25.6,-1.8,-183.3,60.2,0.0127,0.001
odysseus-revealed,arm.L.pitch,45.25,-25.8,-1.8,-183.3,60.2,0.0128,0.001
odysseus-revealed,arm.L.pitch,45.333,-25.9,-1.7,-183.3,60.2,0.0129,0.001
odysseus-revealed,arm.L.pitch,45.417,-26,-1.6,-183.3,60.2,0.0129,0.001
odysseus-revealed,arm.L.pitch,45.5,-26.2,-1.6,-183.3,60.2,0.013,0.001
odysseus-revealed,arm.L.pitch,45.583,-26.3,-1.5,-183.3,60.2,0.013,0.001
odysseus-revealed,arm.L.pitch,45.667,-26.4,-1.5,-183.3,60.2,0.0131,0.001
odysseus-revealed,arm.L.pitch,45.75,-26.5,-1.3,-183.3,60.2,0.0132,0.001
odysseus-revealed,arm.L.pitch,45.833,-26.7,-1.3,-183.3,60.2,0.0132,0.001
odysseus-revealed,arm.L.pitch,45.917,-26.8,-1.2,-183.3,60.2,0.0133,0.001
odysseus-revealed,arm.L.pitch,46,-26.9,-1.2,-183.3,60.2,0.0133,0.001
odysseus-revealed,arm.L.pitch,46.083,-27,-1,-183.3,60.2,0.0133,0.001
odysseus-revealed,arm.L.pitch,46.167,-27,-1,-183.3,60.2,0.0134,0.001
odysseus-revealed,arm.L.pitch,46.25,-27.1,-0.9,-183.3,60.2,0.0134,0.001
odysseus-revealed,arm.L.pitch,46.333,-27.2,-0.8,-183.3,60.2,0.0134,0.001
odysseus-revealed,arm.L.pitch,46.417,-27.2,-0.8,-183.3,60.2,0.0135,0.001
odysseus-revealed,arm.L.pitch,46.5,-27.3,-0.6,-183.3,60.2,0.0135,0.001
odysseus-revealed,arm.L.pitch,46.583,-27.3,-0.5,-183.3,60.2,0.0135,0.001
odysseus-revealed,arm.L.pitch,47.333,-27.3,0.6,-183.3,60.2,0.0135,0.001
odysseus-revealed,arm.L.pitch,47.417,-27.2,0.7,-183.3,60.2,0.0135,0.001
odysseus-revealed,arm.L.pitch,47.5,-27.2,0.8,-183.3,60.2,0.0134,0.001
odysseus-revealed,arm.L.pitch,47.583,-27.1,1,-183.3,60.2,0.0134,0.001
odysseus-revealed,arm.L.pitch,47.667,-27,1.2,-183.3,60.2,0.0134,0.001
odysseus-revealed,arm.L.pitch,47.75,-26.9,1.2,-183.3,60.2,0.0133,0.001
odysseus-revealed,arm.L.pitch,47.833,-26.8,1.4,-183.3,60.2,0.0133,0.001
odysseus-revealed,arm.L.pitch,47.917,-26.6,1.6,-183.3,60.2,0.0132,0.001
odysseus-revealed,arm.L.pitch,48,-26.5,1.7,-183.3,60.2,0.0131,0.001
odysseus-revealed,arm.L.pitch,48.083,-26.3,1.9,-183.3,60.2,0.0131,0.001
odysseus-revealed,arm.L.pitch,48.167,-26.2,2.1,-183.3,60.2,0.013,0.001
odysseus-revealed,arm.L.pitch,48.25,-26,2.3,-183.3,60.2,0.0129,0.001
odysseus-revealed,arm.L.pitch,48.333,-25.8,2.4,-183.3,60.2,0.0128,0.001
odysseus-revealed,arm.L.pitch,48.417,-19.6,74.4,-183.3,60.2,0.0108,0.028
odysseus-revealed,arm.L.pitch,48.5,-7.8,141.5,-183.3,60.2,0.0048,0.024
odysseus-revealed,arm.L.pitch,48.583,0,93.4,-183.3,60.2,0.0006,0.002
odysseus-revealed,arm.L.pitch,48.667,2.2,26.5,-183.3,60.2,0.002,0.002
odysseus-revealed,arm.L.pitch,48.75,3.7,17.7,-183.3,60.2,0.002,0.001
odysseus-revealed,arm.L.pitch,48.833,4.4,8.8,-183.3,60.2,0.0024,0.001
odysseus-revealed,arm.L.pitch,48.917,4.4,0,-183.3,60.2,0.0024,0
odysseus-revealed,arm.L.pitch,49,3.7,-8.8,-183.3,60.2,0.002,0.001
odysseus-revealed,arm.L.pitch,49.083,2.2,-17.7,-183.3,60.2,0.0012,0.001
odysseus-revealed,arm.L.pitch,49.167,0,-26.5,-183.3,60.2,0.0001,0
odysseus-revealed,arm.L.pitch,49.25,-7.6,-90.8,-183.3,60.2,0.0047,0.015
odysseus-revealed,arm.L.pitch,49.333,-19.2,-139,-183.3,60.2,0.0103,0.05
odysseus-revealed,arm.L.pitch,49.417,-25.8,-79.6,-183.3,60.2,0.0135,0.038
odysseus-revealed,arm.L.pitch,49.5,-26.9,-13.4,-183.3,60.2,0.0141,0.007
odysseus-revealed,arm.L.pitch,49.583,-27.9,-11.8,-183.3,60.2,0.0138,0.006
odysseus-revealed,arm.L.pitch,49.667,-28.7,-10.4,-183.3,60.2,0.0142,0.006
odysseus-revealed,arm.L.pitch,49.75,-29.5,-8.9,-183.3,60.2,0.0145,0.005
odysseus-revealed,arm.L.pitch,49.833,-30.1,-7.4,-183.3,60.2,0.0148,0.004
odysseus-revealed,arm.L.pitch,49.917,-30.6,-5.9,-183.3,60.2,0.015,0.004
odysseus-revealed,arm.L.pitch,50,-31,-4.4,-183.3,60.2,0.0152,0.003
odysseus-revealed,arm.L.pitch,50.083,-31.2,-3,-183.3,60.2,0.0153,0.002
odysseus-revealed,arm.L.pitch,50.167,-31.3,-1.5,-183.3,60.2,0.0153,0.001
odysseus-revealed,arm.L.pitch,50.25,-31.3,0,-183.3,60.2,0.0153,0
odysseus-revealed,arm.L.pitch,50.333,-31.2,1.5,-183.3,60.2,0.0153,0.001
odysseus-revealed,arm.L.pitch,50.417,-31,3,-183.3,60.2,0.0152,0.002
odysseus-revealed,arm.L.pitch,50.5,-30.6,4.4,-183.3,60.2,0.015,0.003
odysseus-revealed,arm.L.pitch,50.583,-30.1,5.9,-183.3,60.2,0.0148,0.003
odysseus-revealed,arm.L.pitch,50.667,-29.5,7.4,-183.3,60.2,0.0145,0.004
odysseus-revealed,arm.L.pitch,50.75,-28.7,8.9,-183.3,60.2,0.0142,0.005
odysseus-revealed,arm.L.pitch,50.833,-27.9,10.4,-183.3,60.2,0.0138,0.005
odysseus-revealed,arm.L.pitch,50.917,-26.9,11.8,-183.3,60.2,0.0133,0.006
odysseus-revealed,arm.L.pitch,51,-25.8,13.3,-183.3,60.2,0.0128,0.006
odysseus-revealed,arm.L.pitch,51.083,-19.1,80.3,-183.3,60.2,0.0105,0.03
odysseus-revealed,arm.L.pitch,51.167,-7.5,139.5,-183.3,60.2,0.0046,0.022
odysseus-revealed,arm.L.pitch,51.25,0,89.6,-183.3,60.2,0.0006,0.002
odysseus-revealed,arm.L.pitch,51.333,1.8,21.5,-183.3,60.2,0.0018,0.001
odysseus-revealed,arm.L.pitch,51.417,2.6,10.1,-183.3,60.2,0.0015,0.001
odysseus-revealed,arm.L.pitch,51.5,2.7,1.3,-183.3,60.2,0.0015,0
odysseus-revealed,arm.L.pitch,51.583,2.3,-4.8,-183.3,60.2,0.0013,0
odysseus-revealed,arm.L.pitch,51.667,1.7,-8.3,-183.3,60.2,0.0009,0
odysseus-revealed,arm.L.pitch,51.75,0.9,-9.3,-183.3,60.2,0.0005,0
odysseus-revealed,arm.L.pitch,51.833,0.3,-7.4,-183.3,60.2,0.0002,0
odysseus-revealed,arm.L.pitch,51.917,0,-3.1,-183.3,60.2,0.0001,0
odysseus-revealed,arm.L.pitch,52,0,0,-183.3,60.2,0,0
odysseus-revealed,arm.L.pitch,52.083,0,0,-183.3,60.2,0,0
odysseus-revealed,arm.L.out,0,0,0,-11.5,31.5,0,0
odysseus-revealed,arm.L.out,1.5,-1.3,-16.1,-11.5,31.5,0.0009,0.001
odysseus-revealed,arm.L.out,1.583,-4.3,-35.5,-11.5,31.5,0.0024,0.003
odysseus-revealed,arm.L.out,1.667,-7.3,-35.5,-11.5,31.5,0.0037,0.005
odysseus-revealed,arm.L.out,1.75,-8.6,-16.1,-11.5,31.5,0.0046,0.003
odysseus-revealed,arm.L.out,1.833,-2.5,73.5,-11.5,31.5,0.0024,0.006
odysseus-revealed,arm.L.out,1.917,2.5,60.2,-11.5,31.5,0.0015,0.003
odysseus-revealed,arm.L.out,2,6.4,46.8,-11.5,31.5,0.0035,0.006
odysseus-revealed,arm.L.out,2.083,9.2,33.4,-11.5,31.5,0.0049,0.006
odysseus-revealed,arm.L.out,2.167,10.9,20.1,-11.5,31.5,0.0057,0.004
odysseus-revealed,arm.L.out,2.25,11.5,6.7,-11.5,31.5,0.006,0.001
odysseus-revealed,arm.L.out,2.333,21,114.7,-11.5,31.5,0.0119,0.048
odysseus-revealed,arm.L.out,2.417,25.6,54.7,-11.5,31.5,0.0135,0.026
odysseus-revealed,arm.L.out,2.5,26.8,14.6,-11.5,31.5,0.0138,0.007
odysseus-revealed,arm.L.out,2.583,26.3,-5.8,-11.5,31.5,0.0133,0.003
odysseus-revealed,arm.L.out,2.667,25.8,-6.3,-11.5,31.5,0.0128,0.003
odysseus-revealed,arm.L.out,2.75,24.9,-10.6,-11.5,31.5,0.0124,0.005
odysseus-revealed,arm.L.out,2.833,22.5,-28.4,-11.5,31.5,0.0115,0.012
odysseus-revealed,arm.L.out,2.917,19.1,-41.2,-11.5,31.5,0.0098,0.014
odysseus-revealed,arm.L.out,3,15,-48.8,-11.5,31.5,0.0077,0.013
odysseus-revealed,arm.L.out,3.083,10.8,-51.4,-11.5,31.5,0.0055,0.01
odysseus-revealed,arm.L.out,3.167,6.7,-48.8,-11.5,31.5,0.0035,0.006
odysseus-revealed,arm.L.out,3.25,3.3,-41.2,-11.5,31.5,0.0018,0.003
odysseus-revealed,arm.L.out,3.333,0.9,-28.4,-11.5,31.5,0.0006,0.001
odysseus-revealed,arm.L.out,3.417,0,-10.6,-11.5,31.5,0.0002,0
odysseus-revealed,arm.L.out,3.5,0,0,-11.5,31.5,0.0001,0
odysseus-revealed,arm.L.out,52.083,0,0,-11.5,31.5,0,0
odysseus-revealed,hand.R.roll,0,0,0,-74.5,74.5,0,0
odysseus-revealed,hand.R.roll,6.667,3.6,43,-74.5,74.5,0,0
odysseus-revealed,hand.R.roll,6.75,7.2,43,-74.5,74.5,0,0
odysseus-revealed,hand.R.roll,6.833,10.7,43,-74.5,74.5,0,0
odysseus-revealed,hand.R.roll,6.917,14.3,43,-74.5,74.5,0,0
odysseus-revealed,hand.R.roll,7,17.9,43,-74.5,74.5,0,0
odysseus-revealed,hand.R.roll,7.083,21.5,43,-74.5,74.5,0,0
odysseus-revealed,hand.R.roll,7.167,25.1,43,-74.5,74.5,0,0
odysseus-revealed,hand.R.roll,7.25,28.6,43,-74.5,74.5,0,0
odysseus-revealed,hand.R.roll,7.333,32.2,43,-74.5,74.5,0,0
odysseus-revealed,hand.R.roll,7.417,35.8,43,-74.5,74.5,0,0
odysseus-revealed,hand.R.roll,7.5,39.4,43,-74.5,74.5,0,0
odysseus-revealed,hand.R.roll,7.583,43,43,-74.5,74.5,0,0
odysseus-revealed,hand.R.roll,7.667,46.6,43,-74.5,74.5,0,0
odysseus-revealed,hand.R.roll,7.75,50.1,43,-74.5,74.5,0,0
odysseus-revealed,hand.R.roll,7.833,53.7,43,-74.5,74.5,0,0
odysseus-revealed,hand.R.roll,7.917,57.3,43,-74.5,74.5,0,0
odysseus-revealed,hand.R.roll,8,54.8,-29.5,-74.5,74.5,0,0
odysseus-revealed,hand.R.roll,8.083,48.3,-77.9,-74.5,74.5,0,0
odysseus-revealed,hand.R.roll,8.167,39.2,-110.1,-74.5,74.5,0,0
odysseus-revealed,hand.R.roll,8.25,28.6,-126.2,-74.5,74.5,0,0
odysseus-revealed,hand.R.roll,8.333,18.1,-126.2,-74.5,74.5,0,0
odysseus-revealed,hand.R.roll,8.417,9,-110.1,-74.5,74.5,0,0
odysseus-revealed,hand.R.roll,8.5,2.5,-77.9,-74.5,74.5,0,0
odysseus-revealed,hand.R.roll,8.583,0,-29.5,-74.5,74.5,0,0
odysseus-revealed,hand.R.roll,8.667,0,0,-74.5,74.5,0,0
odysseus-revealed,hand.R.roll,40.667,-0.6,-6.9,-74.5,74.5,0,0
odysseus-revealed,hand.R.roll,40.75,-2,-17.7,-74.5,74.5,0,0
odysseus-revealed,hand.R.roll,40.833,-4.1,-24.2,-74.5,74.5,0,0
odysseus-revealed,hand.R.roll,40.917,-6.3,-26.3,-74.5,74.5,0,0
odysseus-revealed,hand.R.roll,41,-8.3,-24.2,-74.5,74.5,0,0
odysseus-revealed,hand.R.roll,41.083,-9.7,-17.7,-74.5,74.5,0,0
odysseus-revealed,hand.R.roll,41.167,-10.3,-6.9,-74.5,74.5,0,0
odysseus-revealed,hand.R.roll,41.25,-10,3.5,-74.5,74.5,0,0
odysseus-revealed,hand.R.roll,41.333,-9.2,9.4,-74.5,74.5,0,0
odysseus-revealed,hand.R.roll,41.417,-8.1,13.9,-74.5,74.5,0,0
odysseus-revealed,hand.R.roll,41.5,-6.7,16.8,-74.5,74.5,0,0
odysseus-revealed,hand.R.roll,41.583,-5.2,18.3,-74.5,74.5,0,0
odysseus-revealed,hand.R.roll,41.667,-3.6,18.3,-74.5,74.5,0,0
odysseus-revealed,hand.R.roll,41.75,-2.2,16.8,-74.5,74.5,0,0
odysseus-revealed,hand.R.roll,41.833,-1.1,13.9,-74.5,74.5,0,0
odysseus-revealed,hand.R.roll,41.917,-0.3,9.4,-74.5,74.5,0,0
odysseus-revealed,hand.R.roll,42,0,3.5,-74.5,74.5,0,0
odysseus-revealed,hand.R.roll,42.083,0,0,-74.5,74.5,0,0
odysseus-revealed,hand.R.roll,49.75,-0.6,-6.9,-74.5,74.5,0,0
odysseus-revealed,hand.R.roll,49.833,-2,-17.7,-74.5,74.5,0,0
odysseus-revealed,hand.R.roll,49.917,-4.1,-24.2,-74.5,74.5,0,0
odysseus-revealed,hand.R.roll,50,-6.3,-26.3,-74.5,74.5,0,0
odysseus-revealed,hand.R.roll,50.083,-8.3,-24.2,-74.5,74.5,0,0
odysseus-revealed,hand.R.roll,50.167,-9.7,-17.7,-74.5,74.5,0,0
odysseus-revealed,hand.R.roll,50.25,-10.3,-6.9,-74.5,74.5,0,0
odysseus-revealed,hand.R.roll,50.333,-10,3.5,-74.5,74.5,0,0
odysseus-revealed,hand.R.roll,50.417,-9.2,9.4,-74.5,74.5,0,0
odysseus-revealed,hand.R.roll,50.5,-8.1,13.9,-74.5,74.5,0,0
odysseus-revealed,hand.R.roll,50.583,-6.7,16.8,-74.5,74.5,0,0
odysseus-revealed,hand.R.roll,50.667,-5.2,18.3,-74.5,74.5,0,0
odysseus-revealed,hand.R.roll,50.75,-3.6,18.3,-74.5,74.5,0,0
odysseus-revealed,hand.R.roll,50.833,-2.2,16.8,-74.5,74.5,0,0
odysseus-revealed,hand.R.roll,50.917,-1.1,13.9,-74.5,74.5,0,0
odysseus-revealed,hand.R.roll,51,-0.3,9.4,-74.5,74.5,0,0
odysseus-revealed,hand.R.roll,51.083,0,3.5,-74.5,74.5,0,0
odysseus-revealed,hand.R.roll,51.167,0,0,-74.5,74.5,0,0
odysseus-revealed,hand.R.roll,52.083,0,0,-74.5,74.5,0,0
odysseus-revealed,hand.L.roll,0,0,0,-74.5,74.5,0,0
odysseus-revealed,hand.L.roll,52.083,0,0,-74.5,74.5,0,0
odysseus-revealed,leg.R.pitch,0,0,0,-91.7,54.4,0,0
odysseus-revealed,leg.R.pitch,3.417,-6.2,-74.3,-91.7,54.4,0.0099,0.026
odysseus-revealed,leg.R.pitch,3.5,-11,-57.8,-91.7,54.4,0.0137,0.028
odysseus-revealed,leg.R.pitch,3.583,-14.4,-41.3,-91.7,54.4,0.0177,0.026
odysseus-revealed,leg.R.pitch,3.667,-16.5,-24.8,-91.7,54.4,0.0201,0.018
odysseus-revealed,leg.R.pitch,3.75,-17.2,-8.3,-91.7,54.4,0.0209,0.007
odysseus-revealed,leg.R.pitch,3.833,-23.6,-76.4,-91.7,54.4,0.0298,0.081
odysseus-revealed,leg.R.pitch,3.917,-27.4,-45.8,-91.7,54.4,0.0326,0.054
odysseus-revealed,leg.R.pitch,4,-28.6,-15.3,-91.7,54.4,0.034,0.02
odysseus-revealed,leg.R.pitch,4.083,-26.7,22.9,-91.7,54.4,0.0322,0.028
odysseus-revealed,leg.R.pitch,4.167,-21,68.8,-91.7,54.4,0.0262,0.064
odysseus-revealed,leg.R.pitch,4.25,-11.5,114.6,-91.7,54.4,0.0152,0.061
odysseus-revealed,leg.R.pitch,4.333,-8,42,-91.7,54.4,0.012,0.018
odysseus-revealed,leg.R.pitch,4.417,-5.1,34.4,-91.7,54.4,0.0064,0.008
odysseus-revealed,leg.R.pitch,4.5,-2.9,26.7,-91.7,54.4,0.0037,0.003
odysseus-revealed,leg.R.pitch,4.583,-1.3,19.1,-91.7,54.4,0.0018,0.001
odysseus-revealed,leg.R.pitch,4.667,-0.3,11.5,-91.7,54.4,0.0006,0
odysseus-revealed,leg.R.pitch,4.75,0,3.8,-91.7,54.4,0.0003,0
odysseus-revealed,leg.R.pitch,4.833,0,0,-91.7,54.4,0.0001,0
odysseus-revealed,leg.R.pitch,10.917,1.5,17.6,-91.7,54.4,0.0024,0.001
odysseus-revealed,leg.R.pitch,11,9.5,96.8,-91.7,54.4,0.0141,0.048
odysseus-revealed,leg.R.pitch,11.083,17.9,100,-91.7,54.4,0.0212,0.075
odysseus-revealed,leg.R.pitch,11.167,23.8,70.8,-91.7,54.4,0.0287,0.072
odysseus-revealed,leg.R.pitch,11.25,28.9,61.2,-91.7,54.4,0.0335,0.074
odysseus-revealed,leg.R.pitch,11.333,32.7,46.5,-91.7,54.4,0.0376,0.064
odysseus-revealed,leg.R.pitch,11.417,35,27.4,-91.7,54.4,0.0401,0.042
odysseus-revealed,leg.R.pitch,11.5,35.4,5,-91.7,54.4,0.0406,0.01
odysseus-revealed,leg.R.pitch,11.583,33.9,-19,-91.7,54.4,0.0391,0.029
odysseus-revealed,leg.R.pitch,11.667,30.3,-42.7,-91.7,54.4,0.0355,0.055
odysseus-revealed,leg.R.pitch,11.75,25,-64,-91.7,54.4,0.0297,0.068
odysseus-revealed,leg.R.pitch,11.833,18.2,-81.3,-91.7,54.4,0.022,0.063
odysseus-revealed,leg.R.pitch,11.917,10.4,-93,-91.7,54.4,0.0129,0.042
odysseus-revealed,leg.R.pitch,12,2.2,-98.5,-91.7,54.4,0.0029,0.01
odysseus-revealed,leg.R.pitch,12.083,-5.9,-97.7,-91.7,54.4,0.0071,0.024
odysseus-revealed,leg.R.pitch,12.167,-13.5,-91.3,-91.7,54.4,0.0163,0.052
odysseus-revealed,leg.R.pitch,12.25,-20.2,-80.3,-91.7,54.4,0.0241,0.069
odysseus-revealed,leg.R.pitch,12.333,-25.7,-66.3,-91.7,54.4,0.0303,0.072
odysseus-revealed,leg.R.pitch,12.417,-23.5,27,-91.7,54.4,0.0306,0.031
odysseus-revealed,leg.R.pitch,12.5,-7.7,189.8,-91.7,54.4,0.0147,0.098
odysseus-revealed,leg.R.pitch,12.583,0,92.1,-91.7,54.4,0.0033,0.011
odysseus-revealed,leg.R.pitch,12.667,0,0,-91.7,54.4,0.0031,0
odysseus-revealed,leg.R.pitch,17.167,0.4,5.1,-91.7,54.4,0.0007,0
odysseus-revealed,leg.R.pitch,17.25,2.2,21.5,-91.7,54.4,0.0032,0.002
odysseus-revealed,leg.R.pitch,17.333,5.7,41.7,-91.7,54.4,0.0075,0.011
odysseus-revealed,leg.R.pitch,17.417,10.4,56,-91.7,54.4,0.0128,0.025
odysseus-revealed,leg.R.pitch,17.5,14.9,54.2,-91.7,54.4,0.0177,0.034
odysseus-revealed,leg.R.pitch,17.583,17.9,36.5,-91.7,54.4,0.0217,0.029
odysseus-revealed,leg.R.pitch,17.667,20.7,33.8,-91.7,54.4,0.0244,0.03
odysseus-revealed,leg.R.pitch,17.75,23.4,32.3,-91.7,54.4,0.0273,0.032
odysseus-revealed,leg.R.pitch,17.833,25.9,30.3,-91.7,54.4,0.0301,0.034
odysseus-revealed,leg.R.pitch,17.917,28.3,27.7,-91.7,54.4,0.0326,0.034
odysseus-revealed,leg.R.pitch,18,30.3,24.7,-91.7,54.4,0.0348,0.032
odysseus-revealed,leg.R.pitch,18.083,32.1,21.2,-91.7,54.4,0.0366,0.03
odysseus-revealed,leg.R.pitch,18.167,33.5,17.2,-91.7,54.4,0.0381,0.026
odysseus-revealed,leg.R.pitch,18.25,34.6,12.8,-91.7,54.4,0.0391,0.021
odysseus-revealed,leg.R.pitch,18.333,35.3,8.1,-91.7,54.4,0.0398,0.014
odysseus-revealed,leg.R.pitch,18.417,35.5,3.1,-91.7,54.4,0.0401,0.008
odysseus-revealed,leg.R.pitch,18.5,35.4,-2,-91.7,54.4,0.0399,0.006
odysseus-revealed,leg.R.pitch,18.583,34.8,-7.2,-91.7,54.4,0.0393,0.013
odysseus-revealed,leg.R.pitch,18.667,33.7,-12.5,-91.7,54.4,0.0383,0.02
odysseus-revealed,leg.R.pitch,18.75,32.2,-17.6,-91.7,54.4,0.0368,0.025
odysseus-revealed,leg.R.pitch,18.833,30.4,-22.6,-91.7,54.4,0.0349,0.03
odysseus-revealed,leg.R.pitch,18.917,28.1,-27.2,-91.7,54.4,0.0325,0.033
odysseus-revealed,leg.R.pitch,19,25.5,-31.5,-91.7,54.4,0.0297,0.034
odysseus-revealed,leg.R.pitch,19.083,22.5,-35.3,-91.7,54.4,0.0264,0.034
odysseus-revealed,leg.R.pitch,19.167,19.3,-38.6,-91.7,54.4,0.0228,0.032
odysseus-revealed,leg.R.pitch,19.25,15.9,-41.4,-91.7,54.4,0.0189,0.028
odysseus-revealed,leg.R.pitch,19.333,12.2,-43.5,-91.7,54.4,0.0146,0.023
odysseus-revealed,leg.R.pitch,19.417,8.5,-45,-91.7,54.4,0.0102,0.016
odysseus-revealed,leg.R.pitch,19.5,4.7,-45.9,-91.7,54.4,0.0056,0.009
odysseus-revealed,leg.R.pitch,19.583,0.8,-46.1,-91.7,54.4,0.001,0.002
odysseus-revealed,leg.R.pitch,19.667,-3,-45.7,-91.7,54.4,0.0036,0.006
odysseus-revealed,leg.R.pitch,19.75,-6.7,-44.7,-91.7,54.4,0.0081,0.013
odysseus-revealed,leg.R.pitch,19.833,-10.3,-43.2,-91.7,54.4,0.0124,0.019
odysseus-revealed,leg.R.pitch,19.917,-13.7,-41.2,-91.7,54.4,0.0164,0.024
odysseus-revealed,leg.R.pitch,20,-17,-38.8,-91.7,54.4,0.0201,0.028
odysseus-revealed,leg.R.pitch,20.083,-20,-36,-91.7,54.4,0.0236,0.031
odysseus-revealed,leg.R.pitch,20.167,-22.7,-33,-91.7,54.4,0.0266,0.032
odysseus-revealed,leg.R.pitch,20.25,-25.2,-29.7,-91.7,54.4,0.0294,0.032
odysseus-revealed,leg.R.pitch,20.333,-27.2,-23.8,-91.7,54.4,0.0316,0.028
odysseus-revealed,leg.R.pitch,20.417,-25.3,22.4,-91.7,54.4,0.0309,0.026
odysseus-revealed,leg.R.pitch,20.5,-19.5,69.4,-91.7,54.4,0.0246,0.061
odysseus-revealed,leg.R.pitch,20.583,-11.8,93.1,-91.7,54.4,0.0148,0.049
odysseus-revealed,leg.R.pitch,20.667,-4.4,87.9,-91.7,54.4,0.0055,0.017
odysseus-revealed,leg.R.pitch,20.75,-0.2,50.5,-91.7,54.4,0.0016,0.003
odysseus-revealed,leg.R.pitch,20.833,0,2.9,-91.7,54.4,0.0016,0
odysseus-revealed,leg.R.pitch,20.917,0,0,-91.7,54.4,0.0001,0
odysseus-revealed,leg.R.pitch,52.083,0,0,-91.7,54.4,0,0
odysseus-revealed,leg.L.pitch,0,0,0,-91.7,54.4,0,0
odysseus-revealed,leg.L.pitch,3.417,-6.2,-74.3,-91.7,54.4,0.0099,0.026
odysseus-revealed,leg.L.pitch,3.5,-11,-57.8,-91.7,54.4,0.0137,0.028
odysseus-revealed,leg.L.pitch,3.583,-14.4,-41.3,-91.7,54.4,0.0177,0.026
odysseus-revealed,leg.L.pitch,3.667,-16.5,-24.8,-91.7,54.4,0.0201,0.018
odysseus-revealed,leg.L.pitch,3.75,-17.2,-8.3,-91.7,54.4,0.0209,0.007
odysseus-revealed,leg.L.pitch,3.833,1.9,229.2,-91.7,54.4,0.0104,0.084
odysseus-revealed,leg.L.pitch,3.917,13.4,137.5,-91.7,54.4,0.019,0.092
odysseus-revealed,leg.L.pitch,4,17.2,45.8,-91.7,54.4,0.0234,0.039
odysseus-revealed,leg.L.pitch,4.083,14,-38.2,-91.7,54.4,0.0195,0.027
odysseus-revealed,leg.L.pitch,4.167,4.5,-114.6,-91.7,54.4,0.0079,0.032
odysseus-revealed,leg.L.pitch,4.25,-11.5,-191,-91.7,54.4,0.0163,0.109
odysseus-revealed,leg.L.pitch,4.333,-8,42,-91.7,54.4,0.0175,0.026
odysseus-revealed,leg.L.pitch,4.417,-5.1,34.4,-91.7,54.4,0.0064,0.008
odysseus-revealed,leg.L.pitch,4.5,-2.9,26.7,-91.7,54.4,0.0037,0.003
odysseus-revealed,leg.L.pitch,4.583,-1.3,19.1,-91.7,54.4,0.0018,0.001
odysseus-revealed,leg.L.pitch,4.667,-0.3,11.5,-91.7,54.4,0.0006,0
odysseus-revealed,leg.L.pitch,4.75,0,3.8,-91.7,54.4,0.0003,0
odysseus-revealed,leg.L.pitch,4.833,0,0,-91.7,54.4,0.0001,0
odysseus-revealed,leg.L.pitch,10.917,-1.5,-17.6,-91.7,54.4,0.0024,0.001
odysseus-revealed,leg.L.pitch,11,-9.5,-96.8,-91.7,54.4,0.0141,0.048
odysseus-revealed,leg.L.pitch,11.083,-17.9,-100,-91.7,54.4,0.0212,0.075
odysseus-revealed,leg.L.pitch,11.167,-23.8,-70.8,-91.7,54.4,0.0287,0.072
odysseus-revealed,leg.L.pitch,11.25,-28.9,-61.2,-91.7,54.4,0.0335,0.074
odysseus-revealed,leg.L.pitch,11.333,-32.7,-46.5,-91.7,54.4,0.0376,0.064
odysseus-revealed,leg.L.pitch,11.417,-35,-27.4,-91.7,54.4,0.0401,0.042
odysseus-revealed,leg.L.pitch,11.5,-35.4,-5,-91.7,54.4,0.0406,0.01
odysseus-revealed,leg.L.pitch,11.583,-33.9,19,-91.7,54.4,0.0391,0.029
odysseus-revealed,leg.L.pitch,11.667,-30.3,42.7,-91.7,54.4,0.0355,0.055
odysseus-revealed,leg.L.pitch,11.75,-25,64,-91.7,54.4,0.0297,0.068
odysseus-revealed,leg.L.pitch,11.833,-18.2,81.3,-91.7,54.4,0.022,0.063
odysseus-revealed,leg.L.pitch,11.917,-10.4,93,-91.7,54.4,0.0129,0.042
odysseus-revealed,leg.L.pitch,12,-2.2,98.5,-91.7,54.4,0.0029,0.01
odysseus-revealed,leg.L.pitch,12.083,5.9,97.7,-91.7,54.4,0.0071,0.024
odysseus-revealed,leg.L.pitch,12.167,13.5,91.3,-91.7,54.4,0.0163,0.052
odysseus-revealed,leg.L.pitch,12.25,20.2,80.3,-91.7,54.4,0.0241,0.069
odysseus-revealed,leg.L.pitch,12.333,25.7,66.3,-91.7,54.4,0.0303,0.072
odysseus-revealed,leg.L.pitch,12.417,23.5,-27,-91.7,54.4,0.0306,0.031
odysseus-revealed,leg.L.pitch,12.5,7.7,-189.8,-91.7,54.4,0.0147,0.098
odysseus-revealed,leg.L.pitch,12.583,0,-92.1,-91.7,54.4,0.0033,0.011
odysseus-revealed,leg.L.pitch,12.667,0,0,-91.7,54.4,0.0031,0
odysseus-revealed,leg.L.pitch,17.167,-0.4,-5.1,-91.7,54.4,0.0007,0
odysseus-revealed,leg.L.pitch,17.25,-2.2,-21.5,-91.7,54.4,0.0032,0.002
odysseus-revealed,leg.L.pitch,17.333,-5.7,-41.7,-91.7,54.4,0.0075,0.011
odysseus-revealed,leg.L.pitch,17.417,-10.4,-56,-91.7,54.4,0.0128,0.025
odysseus-revealed,leg.L.pitch,17.5,-14.9,-54.2,-91.7,54.4,0.0177,0.034
odysseus-revealed,leg.L.pitch,17.583,-17.9,-36.5,-91.7,54.4,0.0217,0.029
odysseus-revealed,leg.L.pitch,17.667,-20.7,-33.8,-91.7,54.4,0.0244,0.03
odysseus-revealed,leg.L.pitch,17.75,-23.4,-32.3,-91.7,54.4,0.0273,0.032
odysseus-revealed,leg.L.pitch,17.833,-25.9,-30.3,-91.7,54.4,0.0301,0.034
odysseus-revealed,leg.L.pitch,17.917,-28.3,-27.7,-91.7,54.4,0.0326,0.034
odysseus-revealed,leg.L.pitch,18,-30.3,-24.7,-91.7,54.4,0.0348,0.032
odysseus-revealed,leg.L.pitch,18.083,-32.1,-21.2,-91.7,54.4,0.0366,0.03
odysseus-revealed,leg.L.pitch,18.167,-33.5,-17.2,-91.7,54.4,0.0381,0.026
odysseus-revealed,leg.L.pitch,18.25,-34.6,-12.8,-91.7,54.4,0.0391,0.021
odysseus-revealed,leg.L.pitch,18.333,-35.3,-8.1,-91.7,54.4,0.0398,0.014
odysseus-revealed,leg.L.pitch,18.417,-35.5,-3.1,-91.7,54.4,0.0401,0.008
odysseus-revealed,leg.L.pitch,18.5,-35.4,2,-91.7,54.4,0.0399,0.006
odysseus-revealed,leg.L.pitch,18.583,-34.8,7.2,-91.7,54.4,0.0393,0.013
odysseus-revealed,leg.L.pitch,18.667,-33.7,12.5,-91.7,54.4,0.0383,0.02
odysseus-revealed,leg.L.pitch,18.75,-32.2,17.6,-91.7,54.4,0.0368,0.025
odysseus-revealed,leg.L.pitch,18.833,-30.4,22.6,-91.7,54.4,0.0349,0.03
odysseus-revealed,leg.L.pitch,18.917,-28.1,27.2,-91.7,54.4,0.0325,0.033
odysseus-revealed,leg.L.pitch,19,-25.5,31.5,-91.7,54.4,0.0297,0.034
odysseus-revealed,leg.L.pitch,19.083,-22.5,35.3,-91.7,54.4,0.0264,0.034
odysseus-revealed,leg.L.pitch,19.167,-19.3,38.6,-91.7,54.4,0.0228,0.032
odysseus-revealed,leg.L.pitch,19.25,-15.9,41.4,-91.7,54.4,0.0189,0.028
odysseus-revealed,leg.L.pitch,19.333,-12.2,43.5,-91.7,54.4,0.0146,0.023
odysseus-revealed,leg.L.pitch,19.417,-8.5,45,-91.7,54.4,0.0102,0.016
odysseus-revealed,leg.L.pitch,19.5,-4.7,45.9,-91.7,54.4,0.0056,0.009
odysseus-revealed,leg.L.pitch,19.583,-0.8,46.1,-91.7,54.4,0.001,0.002
odysseus-revealed,leg.L.pitch,19.667,3,45.7,-91.7,54.4,0.0036,0.006
odysseus-revealed,leg.L.pitch,19.75,6.7,44.7,-91.7,54.4,0.0081,0.013
odysseus-revealed,leg.L.pitch,19.833,10.3,43.2,-91.7,54.4,0.0124,0.019
odysseus-revealed,leg.L.pitch,19.917,13.7,41.2,-91.7,54.4,0.0164,0.024
odysseus-revealed,leg.L.pitch,20,17,38.8,-91.7,54.4,0.0201,0.028
odysseus-revealed,leg.L.pitch,20.083,20,36,-91.7,54.4,0.0236,0.031
odysseus-revealed,leg.L.pitch,20.167,22.7,33,-91.7,54.4,0.0266,0.032
odysseus-revealed,leg.L.pitch,20.25,25.2,29.7,-91.7,54.4,0.0294,0.032
odysseus-revealed,leg.L.pitch,20.333,27.2,23.8,-91.7,54.4,0.0316,0.028
odysseus-revealed,leg.L.pitch,20.417,25.3,-22.4,-91.7,54.4,0.0309,0.026
odysseus-revealed,leg.L.pitch,20.5,19.5,-69.4,-91.7,54.4,0.0246,0.061
odysseus-revealed,leg.L.pitch,20.583,11.8,-93.1,-91.7,54.4,0.0148,0.049
odysseus-revealed,leg.L.pitch,20.667,4.4,-87.9,-91.7,54.4,0.0055,0.017
odysseus-revealed,leg.L.pitch,20.75,0.2,-50.5,-91.7,54.4,0.0016,0.003
odysseus-revealed,leg.L.pitch,20.833,0,-2.9,-91.7,54.4,0.0016,0
odysseus-revealed,leg.L.pitch,20.917,0,0,-91.7,54.4,0.0001,0
odysseus-revealed,leg.L.pitch,52.083,0,0,-91.7,54.4,0,0
antinous,root.h,0,0,0,,,0,0
antinous,root.h,17.167,-0.8,-9.5,,,0,0
antinous,root.h,17.25,-2.4,-19.2,,,0,0
antinous,root.h,17.333,-4.5,-25,,,0,0
antinous,root.h,17.417,-6.8,-26.8,,,0,0
antinous,root.h,17.5,-8.8,-24.8,,,0,0
antinous,root.h,17.583,-10.4,-18.8,,,0,0
antinous,root.h,17.667,-11.1,-8.8,,,0,0
antinous,root.h,17.75,-11.1,-0.2,,,0,0
antinous,root.h,20.167,-11.6,-6,,,0,0
antinous,root.h,20.25,-13.7,-24.5,,,0,0
antinous,root.h,20.333,-16.8,-37.9,,,0,0
antinous,root.h,20.417,-20.6,-45.3,,,0,0
antinous,root.h,20.5,-24.5,-46.9,,,0,0
antinous,root.h,20.583,-28.1,-42.6,,,0,0
antinous,root.h,20.667,-30.8,-32.4,,,0,0
antinous,root.h,20.75,-32.1,-16.3,,,0,0
antinous,root.h,20.833,-32.2,-0.9,,,0,0
antinous,root.h,20.917,-32.2,0,,,0,0
antinous,root.h,52.083,-32.2,0,,,0,0
antinous,root.pitch,0,0,0,,,0,0
antinous,root.pitch,15.25,-4.3,-51.6,,,0,0
antinous,root.pitch,15.333,-5.7,-17.2,,,0,0
antinous,root.pitch,15.417,-5.3,5.4,,,0,0
antinous,root.pitch,15.5,-4.3,11.8,,,0,0
antinous,root.pitch,15.583,-3.3,11.8,,,0,0
antinous,root.pitch,15.667,-2.9,5.4,,,0,0
antinous,root.pitch,15.75,-2.8,0.2,,,0,0
antinous,root.pitch,15.833,-2.8,0.7,,,0,0
antinous,root.pitch,15.917,-2.7,1.1,,,0,0
antinous,root.pitch,16,-2.6,1.5,,,0,0
antinous,root.pitch,16.083,-2.4,1.8,,,0,0
antinous,root.pitch,16.167,-2.2,2.1,,,0,0
antinous,root.pitch,16.25,-2.1,2.3,,,0,0
antinous,root.pitch,16.333,-1.9,2.4,,,0,0
antinous,root.pitch,16.417,-1.6,2.5,,,0,0
antinous,root.pitch,16.5,-1.4,2.6,,,0,0
antinous,root.pitch,16.583,-1.2,2.6,,,0,0
antinous,root.pitch,16.667,-1,2.5,,,0,0
antinous,root.pitch,16.75,-0.8,2.4,,,0,0
antinous,root.pitch,16.833,-0.6,2.3,,,0,0
antinous,root.pitch,16.917,-0.4,2.1,,,0,0
antinous,root.pitch,17,-0.3,1.8,,,0,0
antinous,root.pitch,17.083,-0.5,-2,,,0,0
antinous,root.pitch,17.167,-1.6,-13.5,,,0,0
antinous,root.pitch,17.25,-2.8,-14,,,0,0
antinous,root.pitch,17.333,-4,-14.4,,,0,0
antinous,root.pitch,17.417,-5.2,-14.7,,,0,0
antinous,root.pitch,17.5,-6.4,-14.7,,,0,0
antinous,root.pitch,17.583,-7.6,-14.7,,,0,0
antinous,root.pitch,17.667,-8.9,-14.7,,,0,0
antinous,root.pitch,17.75,-10.1,-14.7,,,0,0
antinous,root.pitch,17.833,-11.3,-14.7,,,0,0
antinous,root.pitch,17.917,-12.5,-14.7,,,0,0
antinous,root.pitch,18,-13.7,-14.7,,,0,0
antinous,root.pitch,18.083,-15,-14.7,,,0,0
antinous,root.pitch,18.167,-16.2,-14.7,,,0,0
antinous,root.pitch,18.25,-17.4,-14.7,,,0,0
antinous,root.pitch,18.333,-18.6,-14.7,,,0,0
antinous,root.pitch,18.417,-19.9,-14.7,,,0,0
antinous,root.pitch,18.5,-21.1,-14.7,,,0,0
antinous,root.pitch,18.583,-22.3,-14.7,,,0,0
antinous,root.pitch,18.667,-23.5,-14.7,,,0,0
antinous,root.pitch,18.75,-24.7,-14.7,,,0,0
antinous,root.pitch,18.833,-26,-14.7,,,0,0
antinous,root.pitch,18.917,-27.2,-14.7,,,0,0
antinous,root.pitch,19,-28.4,-14.7,,,0,0
antinous,root.pitch,19.083,-29.6,-14.7,,,0,0
antinous,root.pitch,19.167,-30.9,-14.7,,,0,0
antinous,root.pitch,19.25,-32.1,-14.7,,,0,0
antinous,root.pitch,19.333,-33.3,-14.7,,,0,0
antinous,root.pitch,19.417,-34.5,-14.7,,,0,0
antinous,root.pitch,19.5,-35.8,-14.7,,,0,0
antinous,root.pitch,19.583,-37,-14.7,,,0,0
antinous,root.pitch,19.667,-38.2,-14.7,,,0,0
antinous,root.pitch,19.75,-39.4,-14.7,,,0,0
antinous,root.pitch,19.833,-40.6,-14.7,,,0,0
antinous,root.pitch,19.917,-41.9,-14.7,,,0,0
antinous,root.pitch,20,-43.1,-14.7,,,0,0
antinous,root.pitch,20.083,-44.3,-14.7,,,0,0
antinous,root.pitch,20.167,-45.5,-14.7,,,0,0
antinous,root.pitch,20.25,-46.8,-14.7,,,0,0
antinous,root.pitch,20.333,-48,-14.7,,,0,0
antinous,root.pitch,20.417,-49.2,-14.7,,,0,0
antinous,root.pitch,20.5,-50.4,-14.7,,,0,0
antinous,root.pitch,20.583,-51.7,-14.7,,,0,0
antinous,root.pitch,20.667,-52.9,-14.7,,,0,0
antinous,root.pitch,20.75,-54.1,-14.7,,,0,0
antinous,root.pitch,20.833,-54.4,-4,,,0,0
antinous,root.pitch,20.917,-54.4,0,,,0,0
antinous,root.pitch,52.083,-54.4,0,,,0,0
antinous,root.roll,0,0,0,,,0,0
antinous,root.roll,2,0.2,2.1,,,0,0
antinous,root.roll,2.083,0.6,5.1,,,0,0
antinous,root.roll,2.167,1.1,6.1,,,0,0
antinous,root.roll,2.25,1.5,5.1,,,0,0
antinous,root.roll,2.333,1.7,2.1,,,0,0
antinous,root.roll,2.417,1.7,-0.3,,,0,0
antinous,root.roll,5,1,-3.7,,,0,0
antinous,root.roll,5.083,0.2,-8.9,,,0,0
antinous,root.roll,5.167,-0.7,-10.6,,,0,0
antinous,root.roll,5.25,-1.4,-8.9,,,0,0
antinous,root.roll,5.333,-1.7,-3.7,,,0,0
antinous,root.roll,5.417,-1.7,0.3,,,0,0
antinous,root.roll,9.5,-1,3.7,,,0,0
antinous,root.roll,9.583,-0.2,8.9,,,0,0
antinous,root.roll,9.667,0.7,10.6,,,0,0
antinous,root.roll,9.75,1.4,8.9,,,0,0
antinous,root.roll,9.833,1.7,3.7,,,0,0
antinous,root.roll,9.917,1.7,-0.3,,,0,0
antinous,root.roll,13.333,1,-3.7,,,0,0
antinous,root.roll,13.417,0.2,-8.9,,,0,0
antinous,root.roll,13.5,-0.7,-10.6,,,0,0
antinous,root.roll,13.583,-1.4,-8.9,,,0,0
antinous,root.roll,13.667,-1.7,-3.7,,,0,0
antinous,root.roll,13.75,-1.7,0.3,,,0,0
antinous,root.roll,15.25,-1.3,-0.7,,,0,0
antinous,root.roll,15.333,-1.6,-2.6,,,0,0
antinous,root.roll,15.417,-1.9,-3.9,,,0,0
antinous,root.roll,15.5,-2.3,-4.7,,,0,0
antinous,root.roll,15.583,-2.7,-5.1,,,0,0
antinous,root.roll,15.667,-3.1,-5.1,,,0,0
antinous,root.roll,15.75,-3.5,-4.7,,,0,0
antinous,root.roll,15.833,-3.8,-3.9,,,0,0
antinous,root.roll,15.917,-4,-2.6,,,0,0
antinous,root.roll,16,-4.1,-1,,,0,0
antinous,root.roll,16.083,-3.5,7.2,,,0,0
antinous,root.roll,16.167,-2.1,17.1,,,0,0
antinous,root.roll,16.25,-0.4,20.4,,,0,0
antinous,root.roll,16.333,1,17.1,,,0,0
antinous,root.roll,16.417,1.6,7.2,,,0,0
antinous,root.roll,16.5,1.3,-3.8,,,0,0
antinous,root.roll,16.583,0.5,-9.8,,,0,0
antinous,root.roll,16.667,-0.7,-13.4,,,0,0
antinous,root.roll,16.75,-1.9,-14.6,,,0,0
antinous,root.roll,16.833,-3,-13.4,,,0,0
antinous,root.roll,16.917,-3.8,-9.8,,,0,0
antinous,root.roll,17,-4.1,-3.8,,,0,0
antinous,root.roll,17.083,-3.7,5.4,,,0,0
antinous,root.roll,17.167,-2.7,11.8,,,0,0
antinous,root.roll,17.25,-1.7,11.8,,,0,0
antinous,root.roll,17.333,-1.3,5.4,,,0,0
antinous,root.roll,17.417,-1.3,0,,,0,0
antinous,root.roll,52.083,-1.3,0,,,0,0
antinous,torso.lean,0,0,0,-17.2,21.8,0,0
antinous,torso.lean,0.083,-0.3,-3.2,-17.2,21.8,0.0015,0
antinous,torso.lean,0.167,-0.9,-7.1,-17.2,21.8,0.0054,0.001
antinous,torso.lean,0.25,-1.5,-7.1,-17.2,21.8,0.0079,0.002
antinous,torso.lean,0.333,-1.7,-3.2,-17.2,21.8,0.0101,0.001
antinous,torso.lean,0.417,-1.7,0.1,-17.2,21.8,0.01,0
antinous,torso.lean,0.583,-1.6,0.7,-17.2,21.8,0.0089,0
antinous,torso.lean,0.667,-1.5,0.9,-17.2,21.8,0.0085,0
antinous,torso.lean,0.75,-1.5,1.1,-17.2,21.8,0.008,0
antinous,torso.lean,0.833,-1.3,1.2,-17.2,21.8,0.0074,0
antinous,torso.lean,0.917,-1.2,1.4,-17.2,21.8,0.0068,0
antinous,torso.lean,1,-1.1,1.4,-17.2,21.8,0.0061,0
antinous,torso.lean,1.083,-1,1.5,-17.2,21.8,0.0054,0
antinous,torso.lean,1.167,-0.9,1.5,-17.2,21.8,0.0047,0
antinous,torso.lean,1.25,-0.7,1.5,-17.2,21.8,0.004,0
antinous,torso.lean,1.333,-0.6,1.5,-17.2,21.8,0.0033,0
antinous,torso.lean,1.417,-0.5,1.4,-17.2,21.8,0.0027,0
antinous,torso.lean,1.5,-0.4,1.4,-17.2,21.8,0.0021,0
antinous,torso.lean,1.583,-0.3,1.2,-17.2,21.8,0.0015,0
antinous,torso.lean,1.667,-0.2,1.1,-17.2,21.8,0.001,0
antinous,torso.lean,1.75,-0.1,0.9,-17.2,21.8,0.0006,0
antinous,torso.lean,1.833,0,0.7,-17.2,21.8,0.0003,0
antinous,torso.lean,1.917,0,0.4,-17.2,21.8,0.0001,0
antinous,torso.lean,2.417,-0.1,-0.6,-17.2,21.8,0.0008,0
antinous,torso.lean,2.5,-0.2,-0.7,-17.2,21.8,0.0011,0
antinous,torso.lean,2.583,-0.3,-0.8,-17.2,21.8,0.0015,0
antinous,torso.lean,2.667,-0.3,-0.9,-17.2,21.8,0.0019,0
antinous,torso.lean,2.75,-0.4,-0.9,-17.2,21.8,0.0023,0
antinous,torso.lean,2.833,-0.5,-1,-17.2,21.8,0.0028,0
antinous,torso.lean,2.917,-0.6,-1,-17.2,21.8,0.0032,0
antinous,torso.lean,3,-0.7,-1.1,-17.2,21.8,0.0037,0
antinous,torso.lean,3.083,-0.8,-1.1,-17.2,21.8,0.0042,0
antinous,torso.lean,3.167,-0.9,-1.1,-17.2,21.8,0.0047,0
antinous,torso.lean,3.25,-1,-1.1,-17.2,21.8,0.0052,0
antinous,torso.lean,3.333,-1,-1.1,-17.2,21.8,0.0057,0
antinous,torso.lean,3.417,-1.1,-1.1,-17.2,21.8,0.0062,0
antinous,torso.lean,3.5,-1.2,-1,-17.2,21.8,0.0067,0
antinous,torso.lean,3.583,-1.3,-1,-17.2,21.8,0.0071,0
antinous,torso.lean,3.667,-1.4,-0.9,-17.2,21.8,0.0076,0
antinous,torso.lean,3.75,-1.5,-0.9,-17.2,21.8,0.008,0
antinous,torso.lean,3.833,-1.5,-0.8,-17.2,21.8,0.0083,0
antinous,torso.lean,3.917,-1.6,-0.7,-17.2,21.8,0.0086,0
antinous,torso.lean,4,-1.6,-0.6,-17.2,21.8,0.0089,0
antinous,torso.lean,4.083,-1.7,-0.5,-17.2,21.8,0.0091,0
antinous,torso.lean,4.583,-1.6,0.7,-17.2,21.8,0.0089,0
antinous,torso.lean,4.667,-1.5,0.9,-17.2,21.8,0.0085,0
antinous,torso.lean,4.75,-1.5,1.1,-17.2,21.8,0.008,0
antinous,torso.lean,4.833,-1.3,1.2,-17.2,21.8,0.0074,0
antinous,torso.lean,4.917,-1.2,1.4,-17.2,21.8,0.0068,0
antinous,torso.lean,5,-1.1,1.4,-17.2,21.8,0.0061,0
antinous,torso.lean,5.083,-1,1.5,-17.2,21.8,0.0054,0
antinous,torso.lean,5.167,-0.9,1.5,-17.2,21.8,0.0047,0
antinous,torso.lean,5.25,-0.7,1.5,-17.2,21.8,0.004,0
antinous,torso.lean,5.333,-0.6,1.5,-17.2,21.8,0.0033,0
antinous,torso.lean,5.417,-0.5,1.4,-17.2,21.8,0.0027,0
antinous,torso.lean,5.5,-0.4,1.4,-17.2,21.8,0.0021,0
antinous,torso.lean,5.583,-0.3,1.2,-17.2,21.8,0.0015,0
antinous,torso.lean,5.667,-0.2,1.1,-17.2,21.8,0.001,0
antinous,torso.lean,5.75,-0.1,0.9,-17.2,21.8,0.0006,0
antinous,torso.lean,5.833,0,0.7,-17.2,21.8,0.0003,0
antinous,torso.lean,5.917,0,0.4,-17.2,21.8,0.0001,0
antinous,torso.lean,6.417,-0.1,-0.6,-17.2,21.8,0.0008,0
antinous,torso.lean,6.5,-0.2,-0.7,-17.2,21.8,0.0011,0
antinous,torso.lean,6.583,-0.3,-0.8,-17.2,21.8,0.0015,0
antinous,torso.lean,6.667,-0.3,-0.9,-17.2,21.8,0.0019,0
antinous,torso.lean,6.75,-0.4,-0.9,-17.2,21.8,0.0023,0
antinous,torso.lean,6.833,-0.5,-1,-17.2,21.8,0.0028,0
antinous,torso.lean,6.917,-0.6,-1,-17.2,21.8,0.0032,0
antinous,torso.lean,7,-0.7,-1.1,-17.2,21.8,0.0037,0
antinous,torso.lean,7.083,-0.8,-1.1,-17.2,21.8,0.0042,0
antinous,torso.lean,7.167,-0.9,-1.1,-17.2,21.8,0.0047,0
antinous,torso.lean,7.25,-1,-1.1,-17.2,21.8,0.0052,0
antinous,torso.lean,7.333,-1,-1.1,-17.2,21.8,0.0057,0
antinous,torso.lean,7.417,-1.1,-1.1,-17.2,21.8,0.0062,0
antinous,torso.lean,7.5,-1.2,-1,-17.2,21.8,0.0067,0
antinous,torso.lean,7.583,-1.3,-1,-17.2,21.8,0.0071,0
antinous,torso.lean,7.667,-1.4,-0.9,-17.2,21.8,0.0076,0
antinous,torso.lean,7.75,-1.5,-0.9,-17.2,21.8,0.008,0
antinous,torso.lean,7.833,-1.5,-0.8,-17.2,21.8,0.0083,0
antinous,torso.lean,7.917,-1.6,-0.7,-17.2,21.8,0.0086,0
antinous,torso.lean,8,-1.6,-0.6,-17.2,21.8,0.0089,0
antinous,torso.lean,8.083,-1.7,-0.5,-17.2,21.8,0.0091,0
antinous,torso.lean,8.583,-1.6,0.7,-17.2,21.8,0.0089,0
antinous,torso.lean,8.667,-1.5,0.9,-17.2,21.8,0.0085,0
antinous,torso.lean,8.75,-1.5,1.1,-17.2,21.8,0.008,0
antinous,torso.lean,8.833,-1.3,1.2,-17.2,21.8,0.0074,0
antinous,torso.lean,8.917,-1.2,1.4,-17.2,21.8,0.0068,0
antinous,torso.lean,9,-1.1,1.4,-17.2,21.8,0.0061,0
antinous,torso.lean,9.083,-1,1.5,-17.2,21.8,0.0054,0
antinous,torso.lean,9.167,-0.9,1.5,-17.2,21.8,0.0047,0
antinous,torso.lean,9.25,-0.7,1.5,-17.2,21.8,0.004,0
antinous,torso.lean,9.333,-0.6,1.5,-17.2,21.8,0.0033,0
antinous,torso.lean,9.417,-0.5,1.4,-17.2,21.8,0.0027,0
antinous,torso.lean,9.5,-0.4,1.4,-17.2,21.8,0.0021,0
antinous,torso.lean,9.583,-0.3,1.2,-17.2,21.8,0.0015,0
antinous,torso.lean,9.667,-0.2,1.1,-17.2,21.8,0.001,0
antinous,torso.lean,9.75,-0.1,0.9,-17.2,21.8,0.0006,0
antinous,torso.lean,9.833,0,0.7,-17.2,21.8,0.0003,0
antinous,torso.lean,9.917,0,0.4,-17.2,21.8,0.0001,0
antinous,torso.lean,10.417,-0.1,-0.6,-17.2,21.8,0.0008,0
antinous,torso.lean,10.5,-0.2,-0.7,-17.2,21.8,0.0011,0
antinous,torso.lean,10.583,-0.3,-0.8,-17.2,21.8,0.0015,0
antinous,torso.lean,10.667,-0.3,-0.9,-17.2,21.8,0.0019,0
antinous,torso.lean,10.75,-0.4,-0.9,-17.2,21.8,0.0023,0
antinous,torso.lean,10.833,-0.5,-1,-17.2,21.8,0.0028,0
antinous,torso.lean,10.917,-0.6,-1,-17.2,21.8,0.0032,0
antinous,torso.lean,11,-0.7,-1.1,-17.2,21.8,0.0037,0
antinous,torso.lean,11.083,-0.8,-1.1,-17.2,21.8,0.0042,0
antinous,torso.lean,11.167,-0.9,-1.1,-17.2,21.8,0.0047,0
antinous,torso.lean,11.25,-1,-1.1,-17.2,21.8,0.0052,0
antinous,torso.lean,11.333,-1,-1.1,-17.2,21.8,0.0057,0
antinous,torso.lean,11.417,-1.1,-1.1,-17.2,21.8,0.0062,0
antinous,torso.lean,11.5,-1.2,-1,-17.2,21.8,0.0067,0
antinous,torso.lean,11.583,-1.3,-1,-17.2,21.8,0.0071,0
antinous,torso.lean,11.667,-1.4,-0.9,-17.2,21.8,0.0076,0
antinous,torso.lean,11.75,-1.5,-0.9,-17.2,21.8,0.008,0
antinous,torso.lean,11.833,-1.5,-0.8,-17.2,21.8,0.0083,0
antinous,torso.lean,11.917,-1.6,-0.7,-17.2,21.8,0.0086,0
antinous,torso.lean,12,-1.6,-0.6,-17.2,21.8,0.0089,0
antinous,torso.lean,12.083,-1.7,-0.5,-17.2,21.8,0.0091,0
antinous,torso.lean,12.417,-1.6,1.1,-17.2,21.8,0.0091,0.001
antinous,torso.lean,12.5,-1.5,1.1,-17.2,21.8,0.0085,0
antinous,torso.lean,12.583,-1.5,1.1,-17.2,21.8,0.008,0
antinous,torso.lean,12.667,-1.4,1.1,-17.2,21.8,0.0075,0
antinous,torso.lean,12.75,-1.3,1.1,-17.2,21.8,0.007,0
antinous,torso.lean,12.833,-1.2,1.1,-17.2,21.8,0.0065,0
antinous,torso.lean,12.917,-1.1,1.1,-17.2,21.8,0.0061,0
antinous,torso.lean,13,-1,1.1,-17.2,21.8,0.0056,0
antinous,torso.lean,13.083,-0.9,1.1,-17.2,21.8,0.0051,0
antinous,torso.lean,13.167,-0.8,1.1,-17.2,21.8,0.0046,0
antinous,torso.lean,13.25,-0.6,2.7,-17.2,21.8,0.0037,0
antinous,torso.lean,13.333,-0.3,3.3,-17.2,21.8,0.002,0
antinous,torso.lean,13.417,-0.1,2.4,-17.2,21.8,0.0009,0
antinous,torso.lean,13.5,0,1.4,-17.2,21.8,0.0004,0
antinous,torso.lean,13.583,-0.5,-5.8,-17.2,21.8,0.0041,0.001
antinous,torso.lean,13.667,-1.7,-14.5,-17.2,21.8,0.011,0.006
antinous,torso.lean,13.75,-3.1,-16.9,-17.2,21.8,0.0176,0.011
antinous,torso.lean,13.833,-4.2,-13.3,-17.2,21.8,0.0239,0.012
antinous,torso.lean,13.917,-4.6,-4.1,-17.2,21.8,0.0267,0.005
antinous,torso.lean,14,-4.6,0,-17.2,21.8,0.0258,0.001
antinous,torso.lean,14.167,-3.4,14.2,-17.2,21.8,0.0211,0.011
antinous,torso.lean,14.25,-0.7,32.2,-17.2,21.8,0.0071,0.008
antinous,torso.lean,14.333,0,8.6,-17.2,21.8,0.0042,0.001
antinous,torso.lean,14.417,0,0,-17.2,21.8,0.0015,0
antinous,torso.lean,17.667,-0.2,-2.2,-17.2,21.8,0.0014,0
antinous,torso.lean,17.75,-1.1,-10.7,-17.2,21.8,0.0074,0.003
antinous,torso.lean,17.833,-2,-10.8,-17.2,21.8,0.0108,0.004
antinous,torso.lean,17.917,-1.7,3.5,-17.2,21.8,0.0118,0.002
antinous,torso.lean,18,0,20.1,-17.2,21.8,0.003,0.002
antinous,torso.lean,18.083,1.9,22.7,-17.2,21.8,0.0108,0.009
antinous,torso.lean,18.167,3.2,15.2,-17.2,21.8,0.0186,0.011
antinous,torso.lean,18.25,3.4,2.8,-17.2,21.8,0.0208,0.003
antinous,torso.lean,18.333,2.5,-10.7,-17.2,21.8,0.0161,0.007
antinous,torso.lean,18.417,0.8,-20.5,-17.2,21.8,0.0061,0.004
antinous,torso.lean,18.5,-1.2,-23.6,-17.2,21.8,0.007,0.006
antinous,torso.lean,18.583,-2.8,-19,-17.2,21.8,0.0159,0.011
antinous,torso.lean,18.667,-3.4,-8.1,-17.2,21.8,0.0207,0.007
antinous,torso.lean,18.75,-3,5.4,-17.2,21.8,0.0187,0.004
antinous,torso.lean,18.833,-1.5,17.3,-17.2,21.8,0.0106,0.007
antinous,torso.lean,18.917,0.4,23.3,-17.2,21.8,0.0033,0.003
antinous,torso.lean,19,2.2,21.7,-17.2,21.8,0.0124,0.01
antinous,torso.lean,19.083,3.3,13,-17.2,21.8,0.0196,0.01
antinous,torso.lean,19.167,3.3,0,-17.2,21.8,0.0204,0.001
antinous,torso.lean,19.25,2.2,-13,-17.2,21.8,0.0144,0.007
antinous,torso.lean,19.333,0.4,-21.7,-17.2,21.8,0.0038,0.003
antinous,torso.lean,19.417,-1.5,-23.3,-17.2,21.8,0.0087,0.007
antinous,torso.lean,19.5,-3,-17.3,-17.2,21.8,0.0174,0.011
antinous,torso.lean,19.583,-3.4,-5.4,-17.2,21.8,0.0209,0.005
antinous,torso.lean,19.667,-2.6,10.5,-17.2,21.8,0.0168,0.007
antinous,torso.lean,19.75,-0.8,21,-17.2,21.8,0.0063,0.005
antinous,torso.lean,19.833,0.3,13.2,-17.2,21.8,0.003,0.001
antinous,torso.lean,19.917,0.3,-0.2,-17.2,21.8,0.0039,0
antinous,torso.lean,20,0.1,-2.5,-17.2,21.8,0.0008,0
antinous,torso.lean,20.083,0.3,2.1,-17.2,21.8,0.0022,0
antinous,torso.lean,20.167,0.4,2.3,-17.2,21.8,0.0024,0
antinous,torso.lean,20.25,0.6,2.5,-17.2,21.8,0.0036,0
antinous,torso.lean,20.333,1,4.5,-17.2,21.8,0.006,0.001
antinous,torso.lean,20.417,1.5,5.2,-17.2,21.8,0.0081,0.002
antinous,torso.lean,20.5,1.7,2.8,-17.2,21.8,0.0097,0.001
antinous,torso.lean,20.583,1.8,1.1,-17.2,21.8,0.0101,0.001
antinous,torso.lean,20.667,1.8,0,-17.2,21.8,0.01,0
antinous,torso.lean,20.917,1.6,-1.2,-17.2,21.8,0.009,0.001
antinous,torso.lean,21,1.4,-3.1,-17.2,21.8,0.0078,0.001
antinous,torso.lean,21.083,1,-4.6,-17.2,21.8,0.0056,0.001
antinous,torso.lean,21.167,0.5,-5.6,-17.2,21.8,0.003,0.001
antinous,torso.lean,21.25,0,-6.1,-17.2,21.8,0.0001,0
antinous,torso.lean,21.333,-0.5,-6.1,-17.2,21.8,0.0028,0.001
antinous,torso.lean,21.417,-1,-5.6,-17.2,21.8,0.0054,0.001
antinous,torso.lean,21.5,-1.4,-4.6,-17.2,21.8,0.0076,0.001
antinous,torso.lean,21.583,-1.6,-3.1,-17.2,21.8,0.0092,0.001
antinous,torso.lean,21.667,-1.7,-1.2,-17.2,21.8,0.0098,0.001
antinous,torso.lean,21.75,-1.7,0,-17.2,21.8,0.0096,0
antinous,torso.lean,52.083,-1.7,0,-17.2,21.8,0.0094,0
antinous,torso.twist,0,0,0,-31.5,31.5,0,0
antinous,torso.twist,0.583,0.2,2.1,-31.5,31.5,0.0013,0
antinous,torso.twist,0.667,0.6,5.3,-31.5,31.5,0.0039,0.001
antinous,torso.twist,0.75,1.2,6.9,-31.5,31.5,0.0068,0.002
antinous,torso.twist,0.833,1.8,6.9,-31.5,31.5,0.0096,0.002
antinous,torso.twist,0.917,2.2,5.3,-31.5,31.5,0.0123,0.003
antinous,torso.twist,1,2.4,2.1,-31.5,31.5,0.0136,0.001
antinous,torso.twist,1.083,2.4,0,-31.5,31.5,0.0134,0
antinous,torso.twist,4.083,1.9,-6.1,-31.5,31.5,0.0113,0.003
antinous,torso.twist,4.167,0.6,-15.7,-31.5,31.5,0.0048,0.003
antinous,torso.twist,4.25,-1.2,-21.4,-31.5,31.5,0.0077,0.006
antinous,torso.twist,4.333,-3.2,-23.3,-31.5,31.5,0.0177,0.015
antinous,torso.twist,4.417,-5,-21.4,-31.5,31.5,0.0275,0.022
antinous,torso.twist,4.5,-6.3,-15.7,-31.5,31.5,0.0353,0.022
antinous,torso.twist,4.583,-6.8,-6.1,-31.5,31.5,0.0387,0.011
antinous,torso.twist,4.667,-6.8,0,-31.5,31.5,0.0381,0.003
antinous,torso.twist,6.75,-6.1,8.1,-31.5,31.5,0.0348,0.012
antinous,torso.twist,6.833,-4.4,20.3,-31.5,31.5,0.0262,0.02
antinous,torso.twist,6.917,-2.2,26.4,-31.5,31.5,0.0131,0.012
antinous,torso.twist,7,0,26.4,-31.5,31.5,0,0
antinous,torso.twist,7.083,1.7,20.3,-31.5,31.5,0.0104,0.008
antinous,torso.twist,7.167,2.4,8.1,-31.5,31.5,0.0152,0.005
antinous,torso.twist,7.25,2.4,0,-31.5,31.5,0.0144,0
antinous,torso.twist,10.333,1.9,-6.1,-31.5,31.5,0.0113,0.003
antinous,torso.twist,10.417,0.6,-15.7,-31.5,31.5,0.0048,0.003
antinous,torso.twist,10.5,-1.2,-21.4,-31.5,31.5,0.0077,0.006
antinous,torso.twist,10.583,-3.2,-23.3,-31.5,31.5,0.0177,0.015
antinous,torso.twist,10.667,-5,-21.4,-31.5,31.5,0.0275,0.022
antinous,torso.twist,10.75,-6.3,-15.7,-31.5,31.5,0.0353,0.022
antinous,torso.twist,10.833,-6.8,-6.1,-31.5,31.5,0.0387,0.011
antinous,torso.twist,10.917,-6.8,0,-31.5,31.5,0.0381,0.003
antinous,torso.twist,12.917,-6,8.8,-31.5,31.5,0.0346,0.013
antinous,torso.twist,13,-4.1,22.7,-31.5,31.5,0.0251,0.021
antinous,torso.twist,13.083,-1.5,31.1,-31.5,31.5,0.01,0.011
antinous,torso.twist,13.167,1.3,33.9,-31.5,31.5,0.0075,0.009
antinous,torso.twist,13.25,3.9,31.1,-31.5,31.5,0.0216,0.024
antinous,torso.twist,13.333,5.8,22.7,-31.5,31.5,0.033,0.028
antinous,torso.twist,13.417,6.5,8.8,-31.5,31.5,0.038,0.015
antinous,torso.twist,13.5,6.5,0,-31.5,31.5,0.0371,0.003
antinous,torso.twist,52.083,6.5,0,-31.5,31.5,0.0355,0.003
antinous,torso.roll,0,0,0,-9.2,9.2,0,0
antinous,torso.roll,2,-0.3,-3.2,-9.2,9.2,0.002,0
antinous,torso.roll,2.083,-0.9,-7.7,-9.2,9.2,0.0058,0.002
antinous,torso.roll,2.167,-1.7,-9.2,-9.2,9.2,0.0094,0.003
antinous,torso.roll,2.25,-2.3,-7.7,-9.2,9.2,0.0129,0.004
antinous,torso.roll,2.333,-2.6,-3.2,-9.2,9.2,0.0149,0.002
antinous,torso.roll,2.417,-2.5,0.5,-9.2,9.2,0.0145,0.001
antinous,torso.roll,2.5,-2.5,0.5,-9.2,9.2,0.0136,0.001
antinous,torso.roll,2.583,-2.4,0.5,-9.2,9.2,0.0134,0.001
antinous,torso.roll,2.667,-2.4,0.5,-9.2,9.2,0.0131,0.001
antinous,torso.roll,2.75,-2.4,0.5,-9.2,9.2,0.0129,0.001
antinous,torso.roll,2.833,-2.3,0.5,-9.2,9.2,0.0126,0.001
antinous,torso.roll,2.917,-2.3,0.5,-9.2,9.2,0.0124,0.001
antinous,torso.roll,3,-2.2,0.5,-9.2,9.2,0.0121,0.001
antinous,torso.roll,3.083,-2.2,0.5,-9.2,9.2,0.0119,0.001
antinous,torso.roll,3.167,-2.1,0.5,-9.2,9.2,0.0116,0
antinous,torso.roll,3.25,-2.1,0.5,-9.2,9.2,0.0114,0
antinous,torso.roll,3.333,-2,0.5,-9.2,9.2,0.0112,0
antinous,torso.roll,3.417,-2,0.5,-9.2,9.2,0.0109,0
antinous,torso.roll,3.5,-1.9,0.5,-9.2,9.2,0.0107,0
antinous,torso.roll,3.583,-1.9,0.5,-9.2,9.2,0.0104,0
antinous,torso.roll,3.667,-1.9,0.5,-9.2,9.2,0.0102,0
antinous,torso.roll,3.75,-1.8,0.5,-9.2,9.2,0.0099,0
antinous,torso.roll,3.833,-1.8,0.5,-9.2,9.2,0.0097,0
antinous,torso.roll,3.917,-1.7,0.5,-9.2,9.2,0.0094,0
antinous,torso.roll,4,-1.7,0,-9.2,9.2,0.0095,0
antinous,torso.roll,5,-1.3,5.4,-9.2,9.2,0.0079,0.002
antinous,torso.roll,5.083,-0.2,12.8,-9.2,9.2,0.0025,0.001
antinous,torso.roll,5.167,1.1,15.3,-9.2,9.2,0.0063,0.003
antinous,torso.roll,5.25,2.1,12.8,-9.2,9.2,0.0121,0.006
antinous,torso.roll,5.333,2.6,5.4,-9.2,9.2,0.0154,0.003
antinous,torso.roll,5.417,2.5,-0.5,-9.2,9.2,0.0149,0.001
antinous,torso.roll,5.5,2.5,-0.5,-9.2,9.2,0.0136,0.001
antinous,torso.roll,5.583,2.4,-0.5,-9.2,9.2,0.0134,0.001
antinous,torso.roll,5.667,2.4,-0.5,-9.2,9.2,0.0131,0.001
antinous,torso.roll,5.75,2.4,-0.5,-9.2,9.2,0.0129,0.001
antinous,torso.roll,5.833,2.3,-0.5,-9.2,9.2,0.0126,0.001
antinous,torso.roll,5.917,2.3,-0.5,-9.2,9.2,0.0124,0.001
antinous,torso.roll,6,2.2,-0.5,-9.2,9.2,0.0121,0.001
antinous,torso.roll,6.083,2.2,-0.5,-9.2,9.2,0.0119,0.001
antinous,torso.roll,6.167,2.1,-0.5,-9.2,9.2,0.0116,0
antinous,torso.roll,6.25,2.1,-0.5,-9.2,9.2,0.0114,0
antinous,torso.roll,6.333,2,-0.5,-9.2,9.2,0.0112,0
antinous,torso.roll,6.417,2,-0.5,-9.2,9.2,0.0109,0
antinous,torso.roll,6.5,1.9,-0.5,-9.2,9.2,0.0107,0
antinous,torso.roll,6.583,1.9,-0.5,-9.2,9.2,0.0104,0
antinous,torso.roll,6.667,1.9,-0.5,-9.2,9.2,0.0102,0
antinous,torso.roll,6.75,1.8,-0.5,-9.2,9.2,0.0099,0
antinous,torso.roll,6.833,1.8,-0.5,-9.2,9.2,0.0097,0
antinous,torso.roll,6.917,1.7,-0.5,-9.2,9.2,0.0094,0
antinous,torso.roll,7,1.7,0,-9.2,9.2,0.0095,0
antinous,torso.roll,9.5,1.3,-5.4,-9.2,9.2,0.0079,0.002
antinous,torso.roll,9.583,0.2,-12.8,-9.2,9.2,0.0025,0.001
antinous,torso.roll,9.667,-1.1,-15.3,-9.2,9.2,0.0063,0.003
antinous,torso.roll,9.75,-2.1,-12.8,-9.2,9.2,0.0121,0.006
antinous,torso.roll,9.833,-2.6,-5.4,-9.2,9.2,0.0154,0.003
antinous,torso.roll,9.917,-2.5,0.5,-9.2,9.2,0.0149,0.001
antinous,torso.roll,10,-2.5,0.5,-9.2,9.2,0.0136,0.001
antinous,torso.roll,10.083,-2.4,0.5,-9.2,9.2,0.0134,0.001
antinous,torso.roll,10.167,-2.4,0.5,-9.2,9.2,0.0131,0.001
antinous,torso.roll,10.25,-2.4,0.5,-9.2,9.2,0.0129,0.001
antinous,torso.roll,10.333,-2.3,0.5,-9.2,9.2,0.0126,0.001
antinous,torso.roll,10.417,-2.3,0.5,-9.2,9.2,0.0124,0.001
antinous,torso.roll,10.5,-2.2,0.5,-9.2,9.2,0.0121,0.001
antinous,torso.roll,10.583,-2.2,0.5,-9.2,9.2,0.0119,0.001
antinous,torso.roll,10.667,-2.1,0.5,-9.2,9.2,0.0116,0
antinous,torso.roll,10.75,-2.1,0.5,-9.2,9.2,0.0114,0
antinous,torso.roll,10.833,-2,0.5,-9.2,9.2,0.0112,0
antinous,torso.roll,10.917,-2,0.5,-9.2,9.2,0.0109,0
antinous,torso.roll,11,-1.9,0.5,-9.2,9.2,0.0107,0
antinous,torso.roll,11.083,-1.9,0.5,-9.2,9.2,0.0104,0
antinous,torso.roll,11.167,-1.9,0.5,-9.2,9.2,0.0102,0
antinous,torso.roll,11.25,-1.8,0.5,-9.2,9.2,0.0099,0
antinous,torso.roll,11.333,-1.8,0.5,-9.2,9.2,0.0097,0
antinous,torso.roll,11.417,-1.7,0.5,-9.2,9.2,0.0094,0
antinous,torso.roll,11.5,-1.7,0,-9.2,9.2,0.0095,0
antinous,torso.roll,13.333,-1.3,5.4,-9.2,9.2,0.0079,0.002
antinous,torso.roll,13.417,-0.2,12.8,-9.2,9.2,0.0025,0.001
antinous,torso.roll,13.5,1.1,15.3,-9.2,9.2,0.0063,0.003
antinous,torso.roll,13.583,2.1,12.8,-9.2,9.2,0.0121,0.006
antinous,torso.roll,13.667,2.6,5.4,-9.2,9.2,0.0154,0.003
antinous,torso.roll,13.75,2.5,-0.5,-9.2,9.2,0.0149,0.001
antinous,torso.roll,13.833,2.5,-0.5,-9.2,9.2,0.0136,0.001
antinous,torso.roll,13.917,2.4,-0.5,-9.2,9.2,0.0134,0.001
antinous,torso.roll,14,2.4,-0.5,-9.2,9.2,0.0131,0.001
antinous,torso.roll,14.083,2.4,-0.5,-9.2,9.2,0.0129,0.001
antinous,torso.roll,14.167,2.3,-0.5,-9.2,9.2,0.0126,0.001
antinous,torso.roll,14.25,2.3,-0.5,-9.2,9.2,0.0124,0.001
antinous,torso.roll,14.333,2.2,-0.5,-9.2,9.2,0.0121,0.001
antinous,torso.roll,14.417,2.2,-0.5,-9.2,9.2,0.0119,0.001
antinous,torso.roll,14.5,2.1,-0.5,-9.2,9.2,0.0116,0
antinous,torso.roll,14.583,2.1,-0.5,-9.2,9.2,0.0114,0
antinous,torso.roll,14.667,2,-0.5,-9.2,9.2,0.0112,0
antinous,torso.roll,14.75,2,-0.5,-9.2,9.2,0.0109,0
antinous,torso.roll,14.833,1.9,-0.5,-9.2,9.2,0.0107,0
antinous,torso.roll,14.917,1.9,-0.5,-9.2,9.2,0.0104,0
antinous,torso.roll,15,1.9,-0.5,-9.2,9.2,0.0102,0
antinous,torso.roll,15.083,1.8,-0.5,-9.2,9.2,0.0099,0
antinous,torso.roll,15.167,1.8,-0.5,-9.2,9.2,0.0097,0
antinous,torso.roll,15.25,1.8,0.8,-9.2,9.2,0.0103,0
antinous,torso.roll,15.333,2.1,3.7,-9.2,9.2,0.0122,0.002
antinous,torso.roll,15.417,2.6,5.4,-9.2,9.2,0.0145,0.003
antinous,torso.roll,15.5,3.1,6.5,-9.2,9.2,0.0174,0.005
antinous,torso.roll,15.583,3.7,7.1,-9.2,9.2,0.0205,0.006
antinous,torso.roll,15.667,4.3,7.1,-9.2,9.2,0.0236,0.007
antinous,torso.roll,15.75,4.9,6.5,-9.2,9.2,0.0267,0.008
antinous,torso.roll,15.833,5.3,5.4,-9.2,9.2,0.0293,0.007
antinous,torso.roll,15.917,5.6,3.7,-9.2,9.2,0.031,0.006
antinous,torso.roll,16,5.7,1.3,-9.2,9.2,0.0318,0.004
antinous,torso.roll,16.083,4.9,-10,-9.2,9.2,0.0288,0.012
antinous,torso.roll,16.167,2.9,-23.9,-9.2,9.2,0.0184,0.016
antinous,torso.roll,16.25,0.5,-28.5,-9.2,9.2,0.0037,0.004
antinous,torso.roll,16.333,-1.5,-23.9,-9.2,9.2,0.0088,0.007
antinous,torso.roll,16.417,-2.3,-10,-9.2,9.2,0.015,0.006
antinous,torso.roll,16.5,-1.8,5.3,-9.2,9.2,0.0129,0.003
antinous,torso.roll,16.583,-0.7,13.8,-9.2,9.2,0.0053,0.003
antinous,torso.roll,16.667,0.9,18.8,-9.2,9.2,0.0056,0.004
antinous,torso.roll,16.75,2.6,20.5,-9.2,9.2,0.0144,0.011
antinous,torso.roll,16.833,4.1,18.8,-9.2,9.2,0.023,0.016
antinous,torso.roll,16.917,5.3,13.8,-9.2,9.2,0.0298,0.016
antinous,torso.roll,17,5.7,5.3,-9.2,9.2,0.0328,0.008
antinous,torso.roll,17.083,5.1,-7.5,-9.2,9.2,0.0302,0.01
antinous,torso.roll,17.167,3.7,-16.5,-9.2,9.2,0.022,0.014
antinous,torso.roll,17.25,2.3,-16.5,-9.2,9.2,0.0128,0.008
antinous,torso.roll,17.333,1.7,-7.5,-9.2,9.2,0.011,0.003
antinous,torso.roll,17.417,1.7,0,-9.2,9.2,0.0108,0
antinous,torso.roll,52.083,1.7,0,-9.2,9.2,0.0094,0
antinous,head.yaw,0,0,0,-83.1,83.1,0,0
antinous,head.yaw,0.583,2,24.3,-83.1,83.1,0.001,0.001
antinous,head.yaw,0.667,3.5,17.3,-83.1,83.1,0.0015,0.001
antinous,head.yaw,0.75,4.3,10.4,-83.1,83.1,0.0018,0.001
antinous,head.yaw,0.833,4.6,3.5,-83.1,83.1,0.0019,0
antinous,head.yaw,0.917,4.6,-0.7,-83.1,83.1,0.0019,0
antinous,head.yaw,1,4.5,-1.3,-83.1,83.1,0.0018,0
antinous,head.yaw,1.083,4.4,-0.7,-83.1,83.1,0.0018,0
antinous,head.yaw,1.167,4.4,0,-83.1,83.1,0.0018,0
antinous,head.yaw,4.083,-1.9,-76,-83.1,83.1,0.0012,0.003
antinous,head.yaw,4.167,-6.9,-59.1,-83.1,83.1,0.0029,0.006
antinous,head.yaw,4.25,-10.4,-42.2,-83.1,83.1,0.0043,0.006
antinous,head.yaw,4.333,-12.5,-25.3,-83.1,83.1,0.0052,0.005
antinous,head.yaw,4.417,-13.2,-8.4,-83.1,83.1,0.0055,0.002
antinous,head.yaw,4.5,-13,2,-83.1,83.1,0.0054,0
antinous,head.yaw,4.583,-12.7,3.6,-83.1,83.1,0.0052,0.001
antinous,head.yaw,4.667,-12.6,2,-83.1,83.1,0.0051,0
antinous,head.yaw,4.75,-12.6,0,-83.1,83.1,0.0051,0
antinous,head.yaw,6.75,-5,90.2,-83.1,83.1,0.0025,0.008
antinous,head.yaw,6.833,0.3,64.5,-83.1,83.1,0.0003,0.001
antinous,head.yaw,6.917,3.5,38.7,-83.1,83.1,0.0016,0.002
antinous,head.yaw,7,4.6,12.9,-83.1,83.1,0.002,0.001
antinous,head.yaw,7.083,4.6,-0.7,-83.1,83.1,0.0019,0
antinous,head.yaw,7.167,4.5,-1.3,-83.1,83.1,0.0018,0
antinous,head.yaw,7.25,4.4,-0.7,-83.1,83.1,0.0018,0
antinous,head.yaw,7.333,4.4,0,-83.1,83.1,0.0018,0
antinous,head.yaw,10.333,-1.9,-76,-83.1,83.1,0.0012,0.003
antinous,head.yaw,10.417,-6.9,-59.1,-83.1,83.1,0.0029,0.006
antinous,head.yaw,10.5,-10.4,-42.2,-83.1,83.1,0.0043,0.006
antinous,head.yaw,10.583,-12.5,-25.3,-83.1,83.1,0.0052,0.005
antinous,head.yaw,10.667,-13.2,-8.4,-83.1,83.1,0.0055,0.002
antinous,head.yaw,10.75,-13,2,-83.1,83.1,0.0054,0
antinous,head.yaw,10.833,-12.7,3.6,-83.1,83.1,0.0052,0.001
antinous,head.yaw,10.917,-12.6,2,-83.1,83.1,0.0051,0
antinous,head.yaw,11,-12.6,0,-83.1,83.1,0.0051,0
antinous,head.yaw,12.917,-3.5,109,-83.1,83.1,0.002,0.008
antinous,head.yaw,13,3.6,84.8,-83.1,83.1,0.0016,0.005
antinous,head.yaw,13.083,8.6,60.5,-83.1,83.1,0.0037,0.008
antinous,head.yaw,13.167,11.7,36.3,-83.1,83.1,0.0049,0.006
antinous,head.yaw,13.25,12.7,12.1,-83.1,83.1,0.0053,0.002
antinous,head.yaw,13.333,12.5,-1.9,-83.1,83.1,0.0052,0
antinous,head.yaw,13.417,12.2,-3.5,-83.1,83.1,0.005,0.001
antinous,head.yaw,13.5,12.1,-1.9,-83.1,83.1,0.0049,0
antinous,head.yaw,13.583,12.1,0,-83.1,83.1,0.0049,0
antinous,head.yaw,52.083,12.1,0,-83.1,83.1,0.0049,0
antinous,head.pitch,0,0,0,-12.6,12.6,0,0
antinous,head.pitch,0.083,-0.2,-2.7,-12.6,12.6,0.0001,0
antinous,head.pitch,0.167,-0.7,-5.9,-12.6,12.6,0.0003,0
antinous,head.pitch,0.25,-1.2,-5.9,-12.6,12.6,0.0005,0
antinous,head.pitch,0.333,-1.4,-2.7,-12.6,12.6,0.0006,0
antinous,head.pitch,0.417,-1.4,0.1,-12.6,12.6,0.0006,0
antinous,head.pitch,0.583,1.5,34.9,-12.6,12.6,0.0008,0.001
antinous,head.pitch,0.667,0,-18.4,-12.6,12.6,0.0003,0
antinous,head.pitch,0.75,-0.9,-10.6,-12.6,12.6,0.0004,0
antinous,head.pitch,0.833,-1.1,-2.8,-12.6,12.6,0.0005,0
antinous,head.pitch,0.917,-1,1.1,-12.6,12.6,0.0004,0
antinous,head.pitch,1,-0.9,1.2,-12.6,12.6,0.0004,0
antinous,head.pitch,1.083,-0.8,1.3,-12.6,12.6,0.0003,0
antinous,head.pitch,1.167,-0.7,1.3,-12.6,12.6,0.0003,0
antinous,head.pitch,1.25,-0.6,1.3,-12.6,12.6,0.0003,0
antinous,head.pitch,1.333,-0.5,1.3,-12.6,12.6,0.0002,0
antinous,head.pitch,1.417,-0.4,1.2,-12.6,12.6,0.0002,0
antinous,head.pitch,1.5,-0.3,1.1,-12.6,12.6,0.0001,0
antinous,head.pitch,1.583,-0.2,1,-12.6,12.6,0.0001,0
antinous,head.pitch,1.667,-0.1,0.9,-12.6,12.6,0.0001,0
antinous,head.pitch,1.75,-0.1,0.7,-12.6,12.6,0,0
antinous,head.pitch,1.833,0,0.6,-12.6,12.6,0,0
antinous,head.pitch,1.917,0,0.4,-12.6,12.6,0,0
antinous,head.pitch,2.5,-0.2,-0.6,-12.6,12.6,0.0001,0
antinous,head.pitch,2.583,-0.2,-0.7,-12.6,12.6,0.0001,0
antinous,head.pitch,2.667,-0.3,-0.7,-12.6,12.6,0.0001,0
antinous,head.pitch,2.75,-0.3,-0.8,-12.6,12.6,0.0001,0
antinous,head.pitch,2.833,-0.4,-0.8,-12.6,12.6,0.0002,0
antinous,head.pitch,2.917,-0.5,-0.9,-12.6,12.6,0.0002,0
antinous,head.pitch,3,-0.6,-0.9,-12.6,12.6,0.0002,0
antinous,head.pitch,3.083,-0.6,-0.9,-12.6,12.6,0.0003,0
antinous,head.pitch,3.167,-0.7,-0.9,-12.6,12.6,0.0003,0
antinous,head.pitch,3.25,-0.8,-0.9,-12.6,12.6,0.0003,0
antinous,head.pitch,3.333,-0.9,-0.9,-12.6,12.6,0.0004,0
antinous,head.pitch,3.417,-0.9,-0.9,-12.6,12.6,0.0004,0
antinous,head.pitch,3.5,-1,-0.9,-12.6,12.6,0.0004,0
antinous,head.pitch,3.583,-1.1,-0.8,-12.6,12.6,0.0004,0
antinous,head.pitch,3.667,-1.1,-0.8,-12.6,12.6,0.0005,0
antinous,head.pitch,3.75,-1.2,-0.7,-12.6,12.6,0.0005,0
antinous,head.pitch,3.833,-1.3,-0.7,-12.6,12.6,0.0005,0
antinous,head.pitch,3.917,-1.3,-0.6,-12.6,12.6,0.0005,0
antinous,head.pitch,4,-1.4,-0.5,-12.6,12.6,0.0006,0
antinous,head.pitch,4.083,1.5,34,-12.6,12.6,0.0008,0.001
antinous,head.pitch,4.167,0.2,-15.3,-12.6,12.6,0.0003,0
antinous,head.pitch,4.25,-0.7,-10.9,-12.6,12.6,0.0003,0
antinous,head.pitch,4.333,-1.3,-6.5,-12.6,12.6,0.0005,0
antinous,head.pitch,4.417,-1.4,-2,-12.6,12.6,0.0006,0
antinous,head.pitch,4.5,-1.4,0.4,-12.6,12.6,0.0006,0
antinous,head.pitch,4.583,-1.3,0.6,-12.6,12.6,0.0006,0
antinous,head.pitch,4.667,-1.3,0.7,-12.6,12.6,0.0005,0
antinous,head.pitch,4.75,-1.2,0.9,-12.6,12.6,0.0005,0
antinous,head.pitch,4.833,-1.1,1,-12.6,12.6,0.0005,0
antinous,head.pitch,4.917,-1,1.1,-12.6,12.6,0.0004,0
antinous,head.pitch,5,-0.9,1.2,-12.6,12.6,0.0004,0
antinous,head.pitch,5.083,-0.8,1.3,-12.6,12.6,0.0003,0
antinous,head.pitch,5.167,-0.7,1.3,-12.6,12.6,0.0003,0
antinous,head.pitch,5.25,-0.6,1.3,-12.6,12.6,0.0003,0
antinous,head.pitch,5.333,-0.5,1.3,-12.6,12.6,0.0002,0
antinous,head.pitch,5.417,-0.4,1.2,-12.6,12.6,0.0002,0
antinous,head.pitch,5.5,-0.3,1.1,-12.6,12.6,0.0001,0
antinous,head.pitch,5.583,-0.2,1,-12.6,12.6,0.0001,0
antinous,head.pitch,5.667,-0.1,0.9,-12.6,12.6,0.0001,0
antinous,head.pitch,5.75,-0.1,0.7,-12.6,12.6,0,0
antinous,head.pitch,5.833,0,0.6,-12.6,12.6,0,0
antinous,head.pitch,5.917,0,0.4,-12.6,12.6,0,0
antinous,head.pitch,6.5,-0.2,-0.6,-12.6,12.6,0.0001,0
antinous,head.pitch,6.583,-0.2,-0.7,-12.6,12.6,0.0001,0
antinous,head.pitch,6.667,-0.3,-0.7,-12.6,12.6,0.0001,0
antinous,head.pitch,6.75,2.5,33.6,-12.6,12.6,0.0012,0.001
antinous,head.pitch,6.833,0.9,-19.9,-12.6,12.6,0.0006,0
antinous,head.pitch,6.917,-0.2,-12.3,-12.6,12.6,0.0001,0
antinous,head.pitch,7,-0.6,-4.7,-12.6,12.6,0.0003,0
antinous,head.pitch,7.083,-0.6,-0.9,-12.6,12.6,0.0003,0
antinous,head.pitch,7.167,-0.7,-0.9,-12.6,12.6,0.0003,0
antinous,head.pitch,7.25,-0.8,-0.9,-12.6,12.6,0.0003,0
antinous,head.pitch,7.333,-0.9,-0.9,-12.6,12.6,0.0004,0
antinous,head.pitch,7.417,-0.9,-0.9,-12.6,12.6,0.0004,0
antinous,head.pitch,7.5,-1,-0.9,-12.6,12.6,0.0004,0
antinous,head.pitch,7.583,-1.1,-0.8,-12.6,12.6,0.0004,0
antinous,head.pitch,7.667,-1.1,-0.8,-12.6,12.6,0.0005,0
antinous,head.pitch,7.75,-1.2,-0.7,-12.6,12.6,0.0005,0
antinous,head.pitch,7.833,-1.3,-0.7,-12.6,12.6,0.0005,0
antinous,head.pitch,7.917,-1.3,-0.6,-12.6,12.6,0.0005,0
antinous,head.pitch,8,-1.4,-0.5,-12.6,12.6,0.0006,0
antinous,head.pitch,8.583,-1.3,0.6,-12.6,12.6,0.0006,0
antinous,head.pitch,8.667,-1.3,0.7,-12.6,12.6,0.0005,0
antinous,head.pitch,8.75,-1.2,0.9,-12.6,12.6,0.0005,0
antinous,head.pitch,8.833,-1.1,1,-12.6,12.6,0.0005,0
antinous,head.pitch,8.917,-1,1.1,-12.6,12.6,0.0004,0
antinous,head.pitch,9,-0.9,1.2,-12.6,12.6,0.0004,0
antinous,head.pitch,9.083,-0.8,1.3,-12.6,12.6,0.0003,0
antinous,head.pitch,9.167,-0.7,1.3,-12.6,12.6,0.0003,0
antinous,head.pitch,9.25,-0.6,1.3,-12.6,12.6,0.0003,0
antinous,head.pitch,9.333,-0.5,1.3,-12.6,12.6,0.0002,0
antinous,head.pitch,9.417,-0.4,1.2,-12.6,12.6,0.0002,0
antinous,head.pitch,9.5,-0.3,1.1,-12.6,12.6,0.0001,0
antinous,head.pitch,9.583,-0.2,1,-12.6,12.6,0.0001,0
antinous,head.pitch,9.667,-0.1,0.9,-12.6,12.6,0.0001,0
antinous,head.pitch,9.75,-0.1,0.7,-12.6,12.6,0,0
antinous,head.pitch,9.833,0,0.6,-12.6,12.6,0,0
antinous,head.pitch,9.917,0,0.4,-12.6,12.6,0,0
antinous,head.pitch,10.333,2.8,34,-12.6,12.6,0.0013,0.002
antinous,head.pitch,10.417,1.5,-15.5,-12.6,12.6,0.0009,0
antinous,head.pitch,10.5,0.5,-11.3,-12.6,12.6,0.0002,0
antinous,head.pitch,10.583,0,-7.1,-12.6,12.6,0,0
antinous,head.pitch,10.667,-0.3,-2.9,-12.6,12.6,0.0001,0
antinous,head.pitch,10.75,-0.3,-0.8,-12.6,12.6,0.0002,0
antinous,head.pitch,10.833,-0.4,-0.8,-12.6,12.6,0.0002,0
antinous,head.pitch,10.917,-0.5,-0.9,-12.6,12.6,0.0002,0
antinous,head.pitch,11,-0.6,-0.9,-12.6,12.6,0.0002,0
antinous,head.pitch,11.083,-0.6,-0.9,-12.6,12.6,0.0003,0
antinous,head.pitch,11.167,-0.7,-0.9,-12.6,12.6,0.0003,0
antinous,head.pitch,11.25,-0.8,-0.9,-12.6,12.6,0.0003,0
antinous,head.pitch,11.333,-0.9,-0.9,-12.6,12.6,0.0004,0
antinous,head.pitch,11.417,-0.9,-0.9,-12.6,12.6,0.0004,0
antinous,head.pitch,11.5,-1,-0.9,-12.6,12.6,0.0004,0
antinous,head.pitch,11.583,-1.1,-0.8,-12.6,12.6,0.0004,0
antinous,head.pitch,11.667,-1.1,-0.8,-12.6,12.6,0.0005,0
antinous,head.pitch,11.75,-1.2,-0.7,-12.6,12.6,0.0005,0
antinous,head.pitch,11.833,-1.3,-0.7,-12.6,12.6,0.0005,0
antinous,head.pitch,11.917,-1.3,-0.6,-12.6,12.6,0.0005,0
antinous,head.pitch,12,-1.4,-0.5,-12.6,12.6,0.0006,0
antinous,head.pitch,12.417,-1.4,0.9,-12.6,12.6,0.0006,0
antinous,head.pitch,12.5,-1.3,0.9,-12.6,12.6,0.0005,0
antinous,head.pitch,12.583,-1.2,0.9,-12.6,12.6,0.0005,0
antinous,head.pitch,12.667,-1.1,0.9,-12.6,12.6,0.0005,0
antinous,head.pitch,12.75,-1.1,0.9,-12.6,12.6,0.0004,0
antinous,head.pitch,12.833,-1,0.9,-12.6,12.6,0.0004,0
antinous,head.pitch,12.917,1.9,35.3,-12.6,12.6,0.001,0.001
antinous,head.pitch,13,1.2,-9,-12.6,12.6,0.0007,0
antinous,head.pitch,13.083,0.4,-9,-12.6,12.6,0.0002,0
antinous,head.pitch,13.167,-0.3,-9,-12.6,12.6,0.0001,0
antinous,head.pitch,13.25,-0.5,-2.1,-12.6,12.6,0.0002,0
antinous,head.pitch,13.333,-0.3,2.4,-12.6,12.6,0.0001,0
antinous,head.pitch,13.417,-0.1,2,-12.6,12.6,0.0001,0
antinous,head.pitch,13.5,0,1.1,-12.6,12.6,0,0
antinous,head.pitch,13.583,-0.7,-8.4,-12.6,12.6,0.0003,0
antinous,head.pitch,13.667,-2.5,-21.4,-12.6,12.6,0.0011,0.001
antinous,head.pitch,13.75,-4.8,-27.4,-12.6,12.6,0.002,0.002
antinous,head.pitch,13.833,-7,-26.6,-12.6,12.6,0.0029,0.003
antinous,head.pitch,13.917,-8.6,-19,-12.6,12.6,0.0036,0.002
antinous,head.pitch,14,-8.9,-3.6,-12.6,12.6,0.0037,0
antinous,head.pitch,14.083,-8.5,5,-12.6,12.6,0.0035,0.001
antinous,head.pitch,14.167,-8.6,-1.4,-12.6,12.6,0.0036,0
antinous,head.pitch,14.25,-11.2,-30.7,-12.6,12.6,0.0047,0.005
antinous,head.pitch,14.333,-12.6,-17.4,-12.6,12.6,0.0052,0.003
antinous,head.pitch,14.417,-10.8,21.5,-12.6,12.6,0.0046,0.004
antinous,head.pitch,14.5,-8.4,28.5,-12.6,12.6,0.0035,0.003
antinous,head.pitch,14.583,-5.7,32.8,-12.6,12.6,0.0024,0.003
antinous,head.pitch,14.667,-2.8,34.6,-12.6,12.6,0.0012,0.001
antinous,head.pitch,14.75,0,33.6,-12.6,12.6,0,0
antinous,head.pitch,14.833,2.5,30.1,-12.6,12.6,0.001,0.001
antinous,head.pitch,14.917,4.5,23.8,-12.6,12.6,0.0019,0.002
antinous,head.pitch,15,5.7,15.1,-12.6,12.6,0.0024,0.001
antinous,head.pitch,15.083,6.5,9.1,-12.6,12.6,0.0027,0.001
antinous,head.pitch,15.167,7.2,8,-12.6,12.6,0.0029,0.001
antinous,head.pitch,15.25,7.7,6.8,-12.6,12.6,0.0032,0.001
antinous,head.pitch,15.333,8.2,5.7,-12.6,12.6,0.0034,0.001
antinous,head.pitch,15.417,8.6,4.7,-12.6,12.6,0.0035,0.001
antinous,head.pitch,15.5,8.9,3.8,-12.6,12.6,0.0037,0.001
antinous,head.pitch,15.583,9.2,2.9,-12.6,12.6,0.0037,0
antinous,head.pitch,15.667,9.3,2.1,-12.6,12.6,0.0038,0
antinous,head.pitch,15.75,9.4,1.4,-12.6,12.6,0.0039,0
antinous,head.pitch,15.833,9.5,0.7,-12.6,12.6,0.0039,0
antinous,head.pitch,15.917,9.5,0.1,-12.6,12.6,0.0039,0
antinous,head.pitch,16.083,9.4,-1,-12.6,12.6,0.0038,0
antinous,head.pitch,16.167,9.3,-1.3,-12.6,12.6,0.0038,0
antinous,head.pitch,16.25,9.1,-1.7,-12.6,12.6,0.0037,0
antinous,head.pitch,16.333,9,-2,-12.6,12.6,0.0037,0
antinous,head.pitch,16.417,8.8,-2.1,-12.6,12.6,0.0036,0
antinous,head.pitch,16.5,8.6,-2.3,-12.6,12.6,0.0035,0
antinous,head.pitch,16.583,8.2,-4.3,-12.6,12.6,0.0034,0.001
antinous,head.pitch,16.667,7.6,-7.8,-12.6,12.6,0.0031,0.001
antinous,head.pitch,16.75,6.7,-10.5,-12.6,12.6,0.0028,0.001
antinous,head.pitch,16.833,5.7,-12.2,-12.6,12.6,0.0023,0.001
antinous,head.pitch,16.917,4.6,-13.2,-12.6,12.6,0.0019,0.001
antinous,head.pitch,17,3.5,-13.5,-12.6,12.6,0.0014,0.001
antinous,head.pitch,17.083,2.4,-12.8,-12.6,12.6,0.001,0
antinous,head.pitch,17.167,1.4,-11.4,-12.6,12.6,0.0006,0
antinous,head.pitch,17.25,0.7,-9.1,-12.6,12.6,0.0003,0
antinous,head.pitch,17.333,0.2,-6.1,-12.6,12.6,0.0001,0
antinous,head.pitch,17.417,-0.5,-8.8,-12.6,12.6,0.0002,0
antinous,head.pitch,17.5,-1.9,-16.1,-12.6,12.6,0.0008,0
antinous,head.pitch,17.583,-3,-12.9,-12.6,12.6,0.0012,0.001
antinous,head.pitch,17.667,-3.2,-2.6,-12.6,12.6,0.0014,0
antinous,head.pitch,17.75,-2.3,10.8,-12.6,12.6,0.001,0
antinous,head.pitch,17.833,-0.9,16.7,-12.6,12.6,0.0004,0
antinous,head.pitch,17.917,0.4,15.8,-12.6,12.6,0.0002,0
antinous,head.pitch,18,1.6,14.6,-12.6,12.6,0.0007,0
antinous,head.pitch,18.083,2.8,13.4,-12.6,12.6,0.0011,0.001
antinous,head.pitch,18.167,3.8,12.3,-12.6,12.6,0.0016,0.001
antinous,head.pitch,18.25,4.7,11.3,-12.6,12.6,0.0019,0.001
antinous,head.pitch,18.333,5.6,10.2,-12.6,12.6,0.0023,0.001
antinous,head.pitch,18.417,6.3,9.2,-12.6,12.6,0.0026,0.001
antinous,head.pitch,18.5,7,8.2,-12.6,12.6,0.0029,0.001
antinous,head.pitch,18.583,7.6,7.2,-12.6,12.6,0.0031,0.001
antinous,head.pitch,18.667,8.1,6.2,-12.6,12.6,0.0033,0.001
antinous,head.pitch,18.75,8.6,5.2,-12.6,12.6,0.0035,0.001
antinous,head.pitch,18.833,8.9,4.3,-12.6,12.6,0.0037,0.001
antinous,head.pitch,18.917,9.2,3.3,-12.6,12.6,0.0038,0
antinous,head.pitch,19,9.4,2.3,-12.6,12.6,0.0039,0
antinous,head.pitch,19.083,9.5,1.4,-12.6,12.6,0.0039,0
antinous,head.pitch,19.167,9.6,0.5,-12.6,12.6,0.0039,0
antinous,head.pitch,19.333,8.5,-12.8,-12.6,12.6,0.0035,0.002
antinous,head.pitch,19.417,7.5,-11.1,-12.6,12.6,0.0031,0.001
antinous,head.pitch,19.5,6.7,-9.5,-12.6,12.6,0.0028,0.001
antinous,head.pitch,19.583,6.1,-8.1,-12.6,12.6,0.0025,0.001
antinous,head.pitch,19.667,5.5,-6.7,-12.6,12.6,0.0023,0.001
antinous,head.pitch,19.75,5,-5.5,-12.6,12.6,0.0021,0
antinous,head.pitch,19.833,4.7,-4.3,-12.6,12.6,0.0019,0
antinous,head.pitch,19.917,4.4,-3.3,-12.6,12.6,0.0018,0
antinous,head.pitch,20,4.2,-2.4,-12.6,12.6,0.0017,0
antinous,head.pitch,20.083,4.1,-1.6,-12.6,12.6,0.0017,0
antinous,head.pitch,20.167,4,-0.8,-12.6,12.6,0.0016,0
antinous,head.pitch,20.25,4,-0.2,-12.6,12.6,0.0016,0
antinous,head.pitch,20.417,4.1,0.6,-12.6,12.6,0.0017,0
antinous,head.pitch,20.5,4.1,0.7,-12.6,12.6,0.0017,0
antinous,head.pitch,20.583,4.2,0.8,-12.6,12.6,0.0017,0
antinous,head.pitch,20.667,4.2,0.7,-12.6,12.6,0.0017,0
antinous,head.pitch,20.75,4.3,0.5,-12.6,12.6,0.0018,0
antinous,head.pitch,20.833,4.3,0.2,-12.6,12.6,0.0018,0
antinous,head.pitch,20.917,4.2,-1,-12.6,12.6,0.0017,0
antinous,head.pitch,21,4,-2.6,-12.6,12.6,0.0017,0
antinous,head.pitch,21.083,3.7,-3.9,-12.6,12.6,0.0015,0
antinous,head.pitch,21.167,3.3,-4.7,-12.6,12.6,0.0014,0
antinous,head.pitch,21.25,2.9,-5.1,-12.6,12.6,0.0012,0
antinous,head.pitch,21.333,2.4,-5.1,-12.6,12.6,0.001,0
antinous,head.pitch,21.417,2.1,-4.7,-12.6,12.6,0.0008,0
antinous,head.pitch,21.5,1.7,-3.9,-12.6,12.6,0.0007,0
antinous,head.pitch,21.583,1.5,-2.6,-12.6,12.6,0.0006,0
antinous,head.pitch,21.667,1.4,-1,-12.6,12.6,0.0006,0
antinous,head.pitch,21.75,1.4,0,-12.6,12.6,0.0006,0
antinous,head.pitch,52.083,1.4,0,-12.6,12.6,0.0006,0
antinous,arm.R.pitch,0,-108.9,0,-183.3,60.2,0.0278,0.002
antinous,arm.R.pitch,10.917,-109,-1.9,-183.3,60.2,0.0278,0.003
antinous,arm.R.pitch,11,-109.5,-6.2,-183.3,60.2,0.0278,0.008
antinous,arm.R.pitch,11.083,-110.4,-10.2,-183.3,60.2,0.0276,0.011
antinous,arm.R.pitch,11.167,-111.5,-13.6,-183.3,60.2,0.0274,0.015
antinous,arm.R.pitch,11.25,-112.9,-16.6,-183.3,60.2,0.0271,0.017
antinous,arm.R.pitch,11.333,-114.5,-19.2,-183.3,60.2,0.0268,0.019
antinous,arm.R.pitch,11.417,-116.3,-21.2,-183.3,60.2,0.0264,0.021
antinous,arm.R.pitch,11.5,-118.2,-22.9,-183.3,60.2,0.026,0.022
antinous,arm.R.pitch,11.583,-120.2,-24,-183.3,60.2,0.0255,0.023
antinous,arm.R.pitch,11.667,-122.2,-24.7,-183.3,60.2,0.0249,0.023
antinous,arm.R.pitch,11.75,-124.3,-24.9,-183.3,60.2,0.0243,0.022
antinous,arm.R.pitch,11.833,-126.4,-24.6,-183.3,60.2,0.0237,0.022
antinous,arm.R.pitch,11.917,-128.4,-23.9,-183.3,60.2,0.0231,0.02
antinous,arm.R.pitch,12,-130.2,-22.7,-183.3,60.2,0.0225,0.019
antinous,arm.R.pitch,12.083,-132,-21.1,-183.3,60.2,0.0219,0.017
antinous,arm.R.pitch,12.167,-133.6,-19,-183.3,60.2,0.0213,0.015
antinous,arm.R.pitch,12.25,-135,-16.4,-183.3,60.2,0.0209,0.013
antinous,arm.R.pitch,12.333,-136.1,-13.4,-183.3,60.2,0.0205,0.01
antinous,arm.R.pitch,12.417,-136.9,-9.9,-183.3,60.2,0.0202,0.008
antinous,arm.R.pitch,12.5,-137.4,-5.9,-183.3,60.2,0.02,0.005
antinous,arm.R.pitch,12.583,-137.5,-1.5,-183.3,60.2,0.0199,0.002
antinous,arm.R.pitch,12.667,-137.5,0,-183.3,60.2,0.0199,0.001
antinous,arm.R.pitch,13.583,-139,-17.3,-183.3,60.2,0.0195,0.013
antinous,arm.R.pitch,13.667,-142.5,-42.9,-183.3,60.2,0.0182,0.028
antinous,arm.R.pitch,13.75,-147.1,-54.9,-183.3,60.2,0.0161,0.031
antinous,arm.R.pitch,13.833,-151.5,-53.2,-183.3,60.2,0.014,0.026
antinous,arm.R.pitch,13.917,-154.7,-37.9,-183.3,60.2,0.0128,0.017
antinous,arm.R.pitch,14,-160.5,-70.1,-183.3,60.2,0.0102,0.025
antinous,arm.R.pitch,14.083,-164.9,-52.8,-183.3,60.2,0.0079,0.015
antinous,arm.R.pitch,14.167,-154.7,122.8,-183.3,60.2,0.0148,0.064
antinous,arm.R.pitch,14.25,-113.3,496.6,-183.3,60.2,0.0317,0.552
antinous,arm.R.pitch,14.333,-57.3,672.5,-183.3,60.2,0.027,0.635
antinous,arm.R.pitch,14.417,-22.9,412.2,-183.3,60.2,0.0147,0.212
antinous,arm.R.pitch,14.5,-15.5,89.8,-183.3,60.2,0.0119,0.038
antinous,arm.R.pitch,14.583,-14.6,9.8,-183.3,60.2,0.0084,0.003
antinous,arm.R.pitch,14.667,-18.5,-45.9,-183.3,60.2,0.01,0.016
antinous,arm.R.pitch,14.75,-24.9,-77.6,-183.3,60.2,0.0128,0.035
antinous,arm.R.pitch,14.833,-32,-85.2,-183.3,60.2,0.0157,0.047
antinous,arm.R.pitch,14.917,-37.7,-68.7,-183.3,60.2,0.0182,0.044
antinous,arm.R.pitch,15,-40.1,-28.3,-183.3,60.2,0.0195,0.02
antinous,arm.R.pitch,15.083,-38.3,21.5,-183.3,60.2,0.0189,0.015
antinous,arm.R.pitch,15.167,-34.1,51.1,-183.3,60.2,0.0169,0.031
antinous,arm.R.pitch,15.25,-29,61.1,-183.3,60.2,0.0144,0.031
antinous,arm.R.pitch,15.333,-24.7,51.2,-183.3,60.2,0.0124,0.022
antinous,arm.R.pitch,15.417,-22.9,21.4,-183.3,60.2,0.0118,0.009
antinous,arm.R.pitch,15.5,-23.9,-11.4,-183.3,60.2,0.0123,0.005
antinous,arm.R.pitch,15.583,-26.3,-29.5,-183.3,60.2,0.0133,0.014
antinous,arm.R.pitch,15.667,-29.7,-40.3,-183.3,60.2,0.0147,0.021
antinous,arm.R.pitch,15.75,-33.3,-43.9,-183.3,60.2,0.0162,0.025
antinous,arm.R.pitch,15.833,-36.7,-40.3,-183.3,60.2,0.0176,0.025
antinous,arm.R.pitch,15.917,-39.2,-29.5,-183.3,60.2,0.0187,0.02
antinous,arm.R.pitch,16,-40.1,-11.4,-183.3,60.2,0.0192,0.008
antinous,arm.R.pitch,16.083,-38.9,14.6,-183.3,60.2,0.0188,0.01
antinous,arm.R.pitch,16.167,-35.8,36.7,-183.3,60.2,0.0175,0.023
antinous,arm.R.pitch,16.25,-31.8,48.1,-183.3,60.2,0.0157,0.027
antinous,arm.R.pitch,16.333,-27.7,49,-183.3,60.2,0.0137,0.024
antinous,arm.R.pitch,16.417,-24.5,39.1,-183.3,60.2,0.0123,0.017
antinous,arm.R.pitch,16.5,-22.9,18.7,-183.3,60.2,0.0117,0.008
antinous,arm.R.pitch,16.583,-22,11.6,-183.3,60.2,0.0111,0.005
antinous,arm.R.pitch,16.667,-20.3,19.4,-183.3,60.2,0.0103,0.007
antinous,arm.R.pitch,16.75,-18.7,19.2,-183.3,60.2,0.0095,0.007
antinous,arm.R.pitch,16.833,-17.8,11.1,-183.3,60.2,0.0091,0.004
antinous,arm.R.pitch,16.917,-18.3,-5.2,-183.3,60.2,0.0094,0.002
antinous,arm.R.pitch,17,-20.7,-29.5,-183.3,60.2,0.0107,0.011
antinous,arm.R.pitch,17.083,-25.9,-61.9,-183.3,60.2,0.0132,0.029
antinous,arm.R.pitch,17.167,-34.6,-104.9,-183.3,60.2,0.0173,0.064
antinous,arm.R.pitch,17.25,-66.9,-387,-183.3,60.2,0.0306,0.415
antinous,arm.R.pitch,17.333,-126.9,-720.4,-183.3,60.2,0.0277,0.699
antinous,arm.R.pitch,17.417,-176.9,-600.5,-183.3,60.2,0.0031,0.065
antinous,arm.R.pitch,17.5,-144.9,384.9,-183.3,60.2,0.0293,0.396
antinous,arm.R.pitch,17.583,-146.6,-21,-183.3,60.2,0.0213,0.017
antinous,arm.R.pitch,17.667,-148.4,-20.9,-183.3,60.2,0.0154,0.012
antinous,arm.R.pitch,17.75,-150.2,-21.5,-183.3,60.2,0.0147,0.011
antinous,arm.R.pitch,17.833,-152,-22,-183.3,60.2,0.0138,0.011
antinous,arm.R.pitch,17.917,-153.8,-22.3,-183.3,60.2,0.013,0.01
antinous,arm.R.pitch,18,-155.7,-22.5,-183.3,60.2,0.0121,0.01
antinous,arm.R.pitch,18.083,-157.6,-22.5,-183.3,60.2,0.0112,0.009
antinous,arm.R.pitch,18.167,-159.5,-22.4,-183.3,60.2,0.0103,0.008
antinous,arm.R.pitch,18.25,-161.3,-22.1,-183.3,60.2,0.0094,0.007
antinous,arm.R.pitch,18.333,-163.1,-21.7,-183.3,60.2,0.0086,0.007
antinous,arm.R.pitch,18.417,-164.9,-21.1,-183.3,60.2,0.0077,0.006
antinous,arm.R.pitch,18.5,-166.6,-20.4,-183.3,60.2,0.0068,0.005
antinous,arm.R.pitch,18.583,-168.2,-19.6,-183.3,60.2,0.006,0.004
antinous,arm.R.pitch,18.667,-169.8,-18.6,-183.3,60.2,0.0052,0.003
antinous,arm.R.pitch,18.75,-171.2,-17.6,-183.3,60.2,0.0045,0.003
antinous,arm.R.pitch,18.833,-172.6,-16.4,-183.3,60.2,0.0038,0.002
antinous,arm.R.pitch,18.917,-167.9,55.7,-183.3,60.2,0.0071,0.014
antinous,arm.R.pitch,19,-162.8,61.8,-183.3,60.2,0.0088,0.019
antinous,arm.R.pitch,19.083,-157.3,65.9,-183.3,60.2,0.0114,0.027
antinous,arm.R.pitch,19.167,-155.1,26.2,-183.3,60.2,0.0129,0.012
antinous,arm.R.pitch,19.25,-154.9,2.8,-183.3,60.2,0.0128,0.002
antinous,arm.R.pitch,19.333,-158.7,-45.3,-183.3,60.2,0.0113,0.018
antinous,arm.R.pitch,19.417,-161.9,-38.7,-183.3,60.2,0.0092,0.013
antinous,arm.R.pitch,19.5,-164.6,-32.4,-183.3,60.2,0.0079,0.009
antinous,arm.R.pitch,19.583,-166.8,-26.5,-183.3,60.2,0.0068,0.006
antinous,arm.R.pitch,19.667,-168.5,-20.9,-183.3,60.2,0.0059,0.004
antinous,arm.R.pitch,19.75,-169.8,-15.8,-183.3,60.2,0.0053,0.003
antinous,arm.R.pitch,19.833,-170.8,-11.1,-183.3,60.2,0.0048,0.002
antinous,arm.R.pitch,19.917,-171.3,-6.8,-183.3,60.2,0.0045,0.001
antinous,arm.R.pitch,20,-171.6,-2.9,-183.3,60.2,0.0044,0
antinous,arm.R.pitch,20.083,-171.5,0.6,-183.3,60.2,0.0044,0
antinous,arm.R.pitch,20.167,-171.2,3.6,-183.3,60.2,0.0045,0.001
antinous,arm.R.pitch,20.25,-170.7,6.2,-183.3,60.2,0.0048,0.001
antinous,arm.R.pitch,20.333,-169.9,10.1,-183.3,60.2,0.0052,0.002
antinous,arm.R.pitch,20.417,-166.8,36.5,-183.3,60.2,0.007,0.009
antinous,arm.R.pitch,20.5,-162.2,54.9,-183.3,60.2,0.0092,0.018
antinous,arm.R.pitch,20.583,-157.5,56.4,-183.3,60.2,0.0113,0.022
antinous,arm.R.pitch,20.667,-153.8,44.4,-183.3,60.2,0.0131,0.021
antinous,arm.R.pitch,20.75,-152,22.4,-183.3,60.2,0.0141,0.011
antinous,arm.R.pitch,20.833,-151.8,1.7,-183.3,60.2,0.0142,0.001
antinous,arm.R.pitch,20.917,-152.1,-2.9,-183.3,60.2,0.0138,0.002
antinous,arm.R.pitch,21,-152.7,-7.8,-183.3,60.2,0.0135,0.004
antinous,arm.R.pitch,21.083,-153.7,-11.6,-183.3,60.2,0.0131,0.006
antinous,arm.R.pitch,21.167,-154.9,-14,-183.3,60.2,0.0125,0.006
antinous,arm.R.pitch,21.25,-156.1,-15.3,-183.3,60.2,0.0119,0.007
antinous,arm.R.pitch,21.333,-157.4,-15.3,-183.3,60.2,0.0113,0.006
antinous,arm.R.pitch,21.417,-158.6,-14,-183.3,60.2,0.0108,0.006
antinous,arm.R.pitch,21.5,-159.5,-11.6,-183.3,60.2,0.0103,0.004
antinous,arm.R.pitch,21.583,-160.2,-7.8,-183.3,60.2,0.01,0.003
antinous,arm.R.pitch,21.667,-160.4,-2.9,-183.3,60.2,0.0099,0.001
antinous,arm.R.pitch,21.75,-160.4,0,-183.3,60.2,0.0099,0
antinous,arm.R.pitch,52.083,-160.4,0,-183.3,60.2,0.0099,0
antinous,arm.R.out,0,0,0,-11.5,31.5,0,0
antinous,arm.R.out,13.75,0.1,0.6,-11.5,31.5,0.0001,0
antinous,arm.R.out,13.833,0.2,0.9,-11.5,31.5,0.0001,0
antinous,arm.R.out,13.917,0.3,1,-11.5,31.5,0.0001,0
antinous,arm.R.out,14,0.4,1.2,-11.5,31.5,0.0002,0
antinous,arm.R.out,14.083,0.5,1.4,-11.5,31.5,0.0002,0
antinous,arm.R.out,14.167,0.3,-2.1,-11.5,31.5,0.0002,0
antinous,arm.R.out,14.25,0,-3.6,-11.5,31.5,0,0
antinous,arm.R.out,14.333,8.5,101.7,-11.5,31.5,0.0057,0.02
antinous,arm.R.out,14.417,17.2,104.5,-11.5,31.5,0.0087,0.032
antinous,arm.R.out,14.5,17.7,5.7,-11.5,31.5,0.0102,0.002
antinous,arm.R.out,14.583,18.1,5.4,-11.5,31.5,0.0092,0.002
antinous,arm.R.out,14.667,18.5,4.9,-11.5,31.5,0.0094,0.002
antinous,arm.R.out,14.75,18.9,4.6,-11.5,31.5,0.0095,0.002
antinous,arm.R.out,14.833,19.3,4.3,-11.5,31.5,0.0097,0.002
antinous,arm.R.out,14.917,19.6,3.9,-11.5,31.5,0.0099,0.002
antinous,arm.R.out,15,19.9,3.5,-11.5,31.5,0.01,0.001
antinous,arm.R.out,15.083,20.1,3.2,-11.5,31.5,0.0101,0.001
antinous,arm.R.out,15.167,20.4,2.8,-11.5,31.5,0.0103,0.001
antinous,arm.R.out,15.25,20.6,2.4,-11.5,31.5,0.0104,0.001
antinous,arm.R.out,15.333,20.8,2.1,-11.5,31.5,0.0104,0.001
antinous,arm.R.out,15.417,20.9,1.7,-11.5,31.5,0.0105,0.001
antinous,arm.R.out,15.5,21,1.4,-11.5,31.5,0.0106,0.001
antinous,arm.R.out,15.583,21.1,1,-11.5,31.5,0.0106,0.001
antinous,arm.R.out,15.667,21.2,0.6,-11.5,31.5,0.0106,0
antinous,arm.R.out,15.75,21.2,0.3,-11.5,31.5,0.0106,0
antinous,arm.R.out,16,21.1,-0.8,-11.5,31.5,0.0106,0.001
antinous,arm.R.out,16.083,21,-1.1,-11.5,31.5,0.0105,0.001
antinous,arm.R.out,16.167,20.9,-1.4,-11.5,31.5,0.0105,0.001
antinous,arm.R.out,16.25,20.7,-1.8,-11.5,31.5,0.0104,0.001
antinous,arm.R.out,16.333,20.5,-2.1,-11.5,31.5,0.0103,0.001
antinous,arm.R.out,16.417,20.3,-2.5,-11.5,31.5,0.0102,0.001
antinous,arm.R.out,16.5,20.1,-2.8,-11.5,31.5,0.0101,0.001
antinous,arm.R.out,16.583,19.8,-3.2,-11.5,31.5,0.01,0.001
antinous,arm.R.out,16.667,19.5,-3.5,-11.5,31.5,0.0098,0.001
antinous,arm.R.out,16.75,19.2,-3.9,-11.5,31.5,0.0097,0.001
antinous,arm.R.out,16.833,18.9,-4.2,-11.5,31.5,0.0095,0.002
antinous,arm.R.out,16.917,18.5,-4.5,-11.5,31.5,0.0093,0.002
antinous,arm.R.out,17,18.1,-4.9,-11.5,31.5,0.0091,0.002
antinous,arm.R.out,17.083,17.7,-5.2,-11.5,31.5,0.0089,0.002
antinous,arm.R.out,17.167,17.2,-5.6,-11.5,31.5,0.0087,0.002
antinous,arm.R.out,17.25,12.5,-56,-11.5,31.5,0.007,0.014
antinous,arm.R.out,17.333,4.4,-97.9,-11.5,31.5,0.0028,0.009
antinous,arm.R.out,17.417,0,-52.3,-11.5,31.5,0.0006,0.001
antinous,arm.R.out,17.5,0,0,-11.5,31.5,0.0007,0
antinous,arm.R.out,52.083,0,0,-11.5,31.5,0,0
antinous,arm.L.pitch,0,0,0,-183.3,60.2,0,0
antinous,arm.L.pitch,14.25,-43.4,-521.2,-183.3,60.2,0.0268,0.489
antinous,arm.L.pitch,14.333,-91.7,-579,-183.3,60.2,0.0301,0.611
antinous,arm.L.pitch,14.417,-99.3,-91,-183.3,60.2,0.0352,0.114
antinous,arm.L.pitch,14.5,-103.3,-48.4,-183.3,60.2,0.0292,0.051
antinous,arm.L.pitch,14.583,-104.5,-15.1,-183.3,60.2,0.0289,0.017
antinous,arm.L.pitch,14.667,-103.8,9,-183.3,60.2,0.0289,0.011
antinous,arm.L.pitch,14.75,-101.8,23.8,-183.3,60.2,0.029,0.026
antinous,arm.L.pitch,14.833,-99.4,29.2,-183.3,60.2,0.0291,0.031
antinous,arm.L.pitch,14.917,-97.3,25.3,-183.3,60.2,0.0292,0.028
antinous,arm.L.pitch,15,-96.3,12.2,-183.3,60.2,0.0294,0.014
antinous,arm.L.pitch,15.083,-95.6,8.3,-183.3,60.2,0.0293,0.01
antinous,arm.L.pitch,15.167,-94.1,17,-183.3,60.2,0.0295,0.019
antinous,arm.L.pitch,15.25,-92.4,21.2,-183.3,60.2,0.0295,0.024
antinous,arm.L.pitch,15.333,-90.6,20.8,-183.3,60.2,0.0294,0.023
antinous,arm.L.pitch,15.417,-89.3,15.8,-183.3,60.2,0.0295,0.018
antinous,arm.L.pitch,15.5,-88.8,6.3,-183.3,60.2,0.0295,0.008
antinous,arm.L.pitch,15.583,-89.4,-7,-183.3,60.2,0.0296,0.009
antinous,arm.L.pitch,15.667,-90.8,-17.3,-183.3,60.2,0.0296,0.02
antinous,arm.L.pitch,15.75,-92.7,-22.4,-183.3,60.2,0.0295,0.025
antinous,arm.L.pitch,15.833,-94.5,-21.9,-183.3,60.2,0.0293,0.024
antinous,arm.L.pitch,15.917,-95.9,-16,-183.3,60.2,0.0294,0.018
antinous,arm.L.pitch,16,-96.3,-4.8,-183.3,60.2,0.0294,0.007
antinous,arm.L.pitch,16.083,-95.7,7.2,-183.3,60.2,0.0294,0.009
antinous,arm.L.pitch,16.167,-94.4,14.8,-183.3,60.2,0.0294,0.017
antinous,arm.L.pitch,16.25,-92.8,19.9,-183.3,60.2,0.0295,0.022
antinous,arm.L.pitch,16.333,-90.9,22.6,-183.3,60.2,0.0295,0.025
antinous,arm.L.pitch,16.417,-89,22.7,-183.3,60.2,0.0294,0.025
antinous,arm.L.pitch,16.5,-87.3,20.6,-183.3,60.2,0.0294,0.023
antinous,arm.L.pitch,16.583,-85.9,15.9,-183.3,60.2,0.0294,0.018
antinous,arm.L.pitch,16.667,-86,-0.2,-183.3,60.2,0.0296,0.002
antinous,arm.L.pitch,16.75,-87.5,-17.9,-183.3,60.2,0.0296,0.02
antinous,arm.L.pitch,16.833,-89.4,-23.5,-183.3,60.2,0.0295,0.026
antinous,arm.L.pitch,16.917,-90.8,-16.7,-183.3,60.2,0.0295,0.019
antinous,arm.L.pitch,17,-90.6,2.4,-183.3,60.2,0.0297,0.004
antinous,arm.L.pitch,17.083,-87.8,33.5,-183.3,60.2,0.0298,0.037
antinous,arm.L.pitch,17.167,-81.5,75.5,-183.3,60.2,0.0296,0.08
antinous,arm.L.pitch,17.25,-56.6,299.1,-183.3,60.2,0.0274,0.287
antinous,arm.L.pitch,17.333,-24.5,385.2,-183.3,60.2,0.0133,0.179
antinous,arm.L.pitch,17.417,-16.5,95.6,-183.3,60.2,0.012,0.04
antinous,arm.L.pitch,17.5,0.8,207.5,-183.3,60.2,0.0018,0.013
antinous,arm.L.pitch,17.583,-0.1,-10.2,-183.3,60.2,0.0028,0.001
antinous,arm.L.pitch,17.667,-1.3,-14.8,-183.3,60.2,0.0007,0
antinous,arm.L.pitch,17.75,-2.8,-18.4,-183.3,60.2,0.0015,0.001
antinous,arm.L.pitch,17.833,-4.7,-21.9,-183.3,60.2,0.0024,0.002
antinous,arm.L.pitch,17.917,-6.8,-25.2,-183.3,60.2,0.0035,0.003
antinous,arm.L.pitch,18,-9.1,-28.4,-183.3,60.2,0.0047,0.005
antinous,arm.L.pitch,18.083,-11.8,-31.5,-183.3,60.2,0.006,0.007
antinous,arm.L.pitch,18.167,-14.6,-34.4,-183.3,60.2,0.0075,0.009
antinous,arm.L.pitch,18.25,-17.7,-37.2,-183.3,60.2,0.009,0.012
antinous,arm.L.pitch,18.333,-21.1,-39.9,-183.3,60.2,0.0106,0.015
antinous,arm.L.pitch,18.417,-24.6,-42.4,-183.3,60.2,0.0123,0.018
antinous,arm.L.pitch,18.5,-28.3,-44.8,-183.3,60.2,0.014,0.022
antinous,arm.L.pitch,18.583,-32.2,-47,-183.3,60.2,0.0157,0.026
antinous,arm.L.pitch,18.667,-36.3,-49.1,-183.3,60.2,0.0175,0.031
antinous,arm.L.pitch,18.75,-40.6,-51,-183.3,60.2,0.0192,0.035
antinous,arm.L.pitch,18.833,-45,-52.7,-183.3,60.2,0.0208,0.039
antinous,arm.L.pitch,18.917,-49.5,-54.2,-183.3,60.2,0.0224,0.043
antinous,arm.L.pitch,19,-54.1,-55.5,-183.3,60.2,0.0239,0.047
antinous,arm.L.pitch,19.083,-58.8,-56.6,-183.3,60.2,0.0252,0.051
antinous,arm.L.pitch,19.167,-63.6,-57.5,-183.3,60.2,0.0264,0.054
antinous,arm.L.pitch,19.25,-68.5,-58.1,-183.3,60.2,0.0274,0.057
antinous,arm.L.pitch,19.333,-73.4,-58.5,-183.3,60.2,0.0282,0.059
antinous,arm.L.pitch,19.417,-78.2,-58.6,-183.3,60.2,0.0288,0.061
antinous,arm.L.pitch,19.5,-83.1,-58.4,-183.3,60.2,0.0292,0.061
antinous,arm.L.pitch,19.583,-87.9,-57.9,-183.3,60.2,0.0294,0.061
antinous,arm.L.pitch,19.667,-92.7,-57.1,-183.3,60.2,0.0294,0.06
antinous,arm.L.pitch,19.75,-97.3,-56,-183.3,60.2,0.0292,0.059
antinous,arm.L.pitch,19.833,-101.9,-54.5,-183.3,60.2,0.0288,0.057
antinous,arm.L.pitch,19.917,-106.3,-52.8,-183.3,60.2,0.0283,0.054
antinous,arm.L.pitch,20,-110.5,-50.6,-183.3,60.2,0.0276,0.05
antinous,arm.L.pitch,20.083,-114.5,-48.2,-183.3,60.2,0.0268,0.047
antinous,arm.L.pitch,20.167,-118.3,-45.4,-183.3,60.2,0.0259,0.042
antinous,arm.L.pitch,20.25,-121.8,-42.3,-183.3,60.2,0.025,0.038
antinous,arm.L.pitch,20.333,-125.2,-40.5,-183.3,60.2,0.0241,0.035
antinous,arm.L.pitch,20.417,-130.3,-61.3,-183.3,60.2,0.0227,0.05
antinous,arm.L.pitch,20.5,-136.5,-74.1,-183.3,60.2,0.0204,0.054
antinous,arm.L.pitch,20.583,-142.3,-70.2,-183.3,60.2,0.018,0.045
antinous,arm.L.pitch,20.667,-146.7,-52.8,-183.3,60.2,0.0164,0.031
antinous,arm.L.pitch,20.75,-148.9,-25.6,-183.3,60.2,0.0156,0.014
antinous,arm.L.pitch,20.833,-149,-1.3,-183.3,60.2,0.0155,0.001
antinous,arm.L.pitch,20.917,-149,0,-183.3,60.2,0.0152,0
antinous,arm.L.pitch,52.083,-149,0,-183.3,60.2,0.0152,0
antinous,arm.L.out,0,0,0,-11.5,31.5,0,0
antinous,arm.L.out,13.75,0.1,0.6,-11.5,31.5,0.0001,0
antinous,arm.L.out,13.833,0.2,0.9,-11.5,31.5,0.0001,0
antinous,arm.L.out,13.917,0.3,1,-11.5,31.5,0.0001,0
antinous,arm.L.out,14,0.4,1.2,-11.5,31.5,0.0002,0
antinous,arm.L.out,14.083,0.5,1.4,-11.5,31.5,0.0002,0
antinous,arm.L.out,14.167,0.3,-2.1,-11.5,31.5,0.0002,0
antinous,arm.L.out,14.25,14.1,165.8,-11.5,31.5,0.0093,0.054
antinous,arm.L.out,14.333,28.6,174.3,-11.5,31.5,0.0142,0.087
antinous,arm.L.out,14.417,29.4,9.3,-11.5,31.5,0.0165,0.006
antinous,arm.L.out,14.5,30.1,8.7,-11.5,31.5,0.0148,0.005
antinous,arm.L.out,14.583,30.8,8.1,-11.5,31.5,0.0151,0.005
antinous,arm.L.out,14.667,31.4,7.6,-11.5,31.5,0.0154,0.005
antinous,arm.L.out,14.75,31.5,0.8,-11.5,31.5,0.0155,0.001
antinous,arm.L.out,14.833,31.5,0,-11.5,31.5,0.0154,0
antinous,arm.L.out,16.833,31.4,-1.4,-11.5,31.5,0.0153,0.001
antinous,arm.L.out,16.917,30.8,-7.4,-11.5,31.5,0.0151,0.004
antinous,arm.L.out,17,30.1,-8,-11.5,31.5,0.0148,0.005
antinous,arm.L.out,17.083,29.4,-8.5,-11.5,31.5,0.0145,0.005
antinous,arm.L.out,17.167,28.6,-9,-11.5,31.5,0.0141,0.005
antinous,arm.L.out,17.25,20.9,-93.2,-11.5,31.5,0.0115,0.038
antinous,arm.L.out,17.333,7.3,-163.5,-11.5,31.5,0.0046,0.026
antinous,arm.L.out,17.417,0,-87,-11.5,31.5,0.001,0.003
antinous,arm.L.out,17.5,0,0,-11.5,31.5,0.0011,0
antinous,arm.L.out,52.083,0,0,-11.5,31.5,0,0
antinous,hand.R.roll,0,0,0,-74.5,74.5,0,0
antinous,hand.R.roll,52.083,0,0,-74.5,74.5,0,0
antinous,hand.L.roll,0,0,0,-74.5,74.5,0,0
antinous,hand.L.roll,52.083,0,0,-74.5,74.5,0,0
antinous,leg.R.pitch,0,0,0,-91.7,54.4,0,0
antinous,leg.R.pitch,17.167,0.3,3,-91.7,54.4,0.0004,0
antinous,leg.R.pitch,17.25,1.3,12.6,-91.7,54.4,0.0019,0.001
antinous,leg.R.pitch,17.333,3.4,24.7,-91.7,54.4,0.0044,0.004
antinous,leg.R.pitch,17.417,6.2,33.5,-91.7,54.4,0.0077,0.009
antinous,leg.R.pitch,17.5,8.9,33.1,-91.7,54.4,0.0107,0.013
antinous,leg.R.pitch,17.583,10.8,23.2,-91.7,54.4,0.0133,0.011
antinous,leg.R.pitch,17.667,12.7,22.3,-91.7,54.4,0.0151,0.012
antinous,leg.R.pitch,17.75,14.6,22.4,-91.7,54.4,0.0173,0.014
antinous,leg.R.pitch,17.833,16.4,22.3,-91.7,54.4,0.0194,0.016
antinous,leg.R.pitch,17.917,18.3,22,-91.7,54.4,0.0215,0.017
antinous,leg.R.pitch,18,20.1,21.6,-91.7,54.4,0.0236,0.019
antinous,leg.R.pitch,18.083,21.8,21.1,-91.7,54.4,0.0255,0.02
antinous,leg.R.pitch,18.167,23.5,20.4,-91.7,54.4,0.0274,0.021
antinous,leg.R.pitch,18.25,25.1,19.5,-91.7,54.4,0.0292,0.022
antinous,leg.R.pitch,18.333,26.7,18.5,-91.7,54.4,0.0309,0.022
antinous,leg.R.pitch,18.417,28.1,17.4,-91.7,54.4,0.0324,0.022
antinous,leg.R.pitch,18.5,29.5,16.1,-91.7,54.4,0.0338,0.021
antinous,leg.R.pitch,18.583,30.7,14.8,-91.7,54.4,0.0351,0.021
antinous,leg.R.pitch,18.667,31.8,13.2,-91.7,54.4,0.0363,0.019
antinous,leg.R.pitch,18.75,32.8,11.6,-91.7,54.4,0.0372,0.018
antinous,leg.R.pitch,18.833,33.6,10,-91.7,54.4,0.0381,0.016
antinous,leg.R.pitch,18.917,34.3,8.2,-91.7,54.4,0.0388,0.014
antinous,leg.R.pitch,19,34.8,6.4,-91.7,54.4,0.0393,0.012
antinous,leg.R.pitch,19.083,35.2,4.6,-91.7,54.4,0.0397,0.009
antinous,leg.R.pitch,19.167,35.5,2.7,-91.7,54.4,0.0399,0.007
antinous,leg.R.pitch,19.25,35.5,0.9,-91.7,54.4,0.04,0.004
antinous,leg.R.pitch,19.333,35.4,-1,-91.7,54.4,0.0399,0.005
antinous,leg.R.pitch,19.417,35.2,-2.7,-91.7,54.4,0.0397,0.007
antinous,leg.R.pitch,19.5,34.8,-4.5,-91.7,54.4,0.0393,0.009
antinous,leg.R.pitch,19.583,34.3,-6.1,-91.7,54.4,0.0388,0.011
antinous,leg.R.pitch,19.667,33.7,-7.7,-91.7,54.4,0.0381,0.013
antinous,leg.R.pitch,19.75,32.9,-9.2,-91.7,54.4,0.0374,0.015
antinous,leg.R.pitch,19.833,32,-10.5,-91.7,54.4,0.0365,0.016
antinous,leg.R.pitch,19.917,31.1,-11.8,-91.7,54.4,0.0355,0.017
antinous,leg.R.pitch,20,30,-12.9,-91.7,54.4,0.0344,0.018
antinous,leg.R.pitch,20.083,28.8,-13.9,-91.7,54.4,0.0331,0.018
antinous,leg.R.pitch,20.167,27.6,-14.7,-91.7,54.4,0.0318,0.018
antinous,leg.R.pitch,20.25,26.3,-15.4,-91.7,54.4,0.0305,0.018
antinous,leg.R.pitch,20.333,24.8,-18.3,-91.7,54.4,0.0289,0.02
antinous,leg.R.pitch,20.417,20.4,-52.6,-91.7,54.4,0.0251,0.047
antinous,leg.R.pitch,20.5,14,-76.4,-91.7,54.4,0.0175,0.047
antinous,leg.R.pitch,20.583,7.6,-77.3,-91.7,54.4,0.0091,0.025
antinous,leg.R.pitch,20.667,2.6,-60.1,-91.7,54.4,0.0037,0.008
antinous,leg.R.pitch,20.75,0.1,-29.6,-91.7,54.4,0.0012,0.001
antinous,leg.R.pitch,20.833,0,-1.5,-91.7,54.4,0.001,0
antinous,leg.R.pitch,20.917,0,0,-91.7,54.4,0.0001,0
antinous,leg.R.pitch,52.083,0,0,-91.7,54.4,0,0
antinous,leg.L.pitch,0,0,0,-91.7,54.4,0,0
antinous,leg.L.pitch,17.167,-0.3,-3,-91.7,54.4,0.0004,0
antinous,leg.L.pitch,17.25,-1.3,-12.6,-91.7,54.4,0.0019,0.001
antinous,leg.L.pitch,17.333,-3.4,-24.7,-91.7,54.4,0.0044,0.004
antinous,leg.L.pitch,17.417,-6.2,-33.5,-91.7,54.4,0.0077,0.009
antinous,leg.L.pitch,17.5,-8.9,-33.1,-91.7,54.4,0.0107,0.013
antinous,leg.L.pitch,17.583,-10.8,-23.2,-91.7,54.4,0.0133,0.011
antinous,leg.L.pitch,17.667,-12.7,-22.3,-91.7,54.4,0.0151,0.012
antinous,leg.L.pitch,17.75,-14.6,-22.4,-91.7,54.4,0.0173,0.014
antinous,leg.L.pitch,17.833,-16.4,-22.3,-91.7,54.4,0.0194,0.016
antinous,leg.L.pitch,17.917,-18.3,-22,-91.7,54.4,0.0215,0.017
antinous,leg.L.pitch,18,-20.1,-21.6,-91.7,54.4,0.0236,0.019
antinous,leg.L.pitch,18.083,-21.8,-21.1,-91.7,54.4,0.0255,0.02
antinous,leg.L.pitch,18.167,-23.5,-20.4,-91.7,54.4,0.0274,0.021
antinous,leg.L.pitch,18.25,-25.1,-19.5,-91.7,54.4,0.0292,0.022
antinous,leg.L.pitch,18.333,-26.7,-18.5,-91.7,54.4,0.0309,0.022
antinous,leg.L.pitch,18.417,-28.1,-17.4,-91.7,54.4,0.0324,0.022
antinous,leg.L.pitch,18.5,-29.5,-16.1,-91.7,54.4,0.0338,0.021
antinous,leg.L.pitch,18.583,-30.7,-14.8,-91.7,54.4,0.0351,0.021
antinous,leg.L.pitch,18.667,-31.8,-13.2,-91.7,54.4,0.0363,0.019
antinous,leg.L.pitch,18.75,-32.8,-11.6,-91.7,54.4,0.0372,0.018
antinous,leg.L.pitch,18.833,-33.6,-10,-91.7,54.4,0.0381,0.016
antinous,leg.L.pitch,18.917,-34.3,-8.2,-91.7,54.4,0.0388,0.014
antinous,leg.L.pitch,19,-34.8,-6.4,-91.7,54.4,0.0393,0.012
antinous,leg.L.pitch,19.083,-35.2,-4.6,-91.7,54.4,0.0397,0.009
antinous,leg.L.pitch,19.167,-35.5,-2.7,-91.7,54.4,0.0399,0.007
antinous,leg.L.pitch,19.25,-35.5,-0.9,-91.7,54.4,0.04,0.004
antinous,leg.L.pitch,19.333,-35.4,1,-91.7,54.4,0.0399,0.005
antinous,leg.L.pitch,19.417,-35.2,2.7,-91.7,54.4,0.0397,0.007
antinous,leg.L.pitch,19.5,-34.8,4.5,-91.7,54.4,0.0393,0.009
antinous,leg.L.pitch,19.583,-34.3,6.1,-91.7,54.4,0.0388,0.011
antinous,leg.L.pitch,19.667,-33.7,7.7,-91.7,54.4,0.0381,0.013
antinous,leg.L.pitch,19.75,-32.9,9.2,-91.7,54.4,0.0374,0.015
antinous,leg.L.pitch,19.833,-32,10.5,-91.7,54.4,0.0365,0.016
antinous,leg.L.pitch,19.917,-31.1,11.8,-91.7,54.4,0.0355,0.017
antinous,leg.L.pitch,20,-30,12.9,-91.7,54.4,0.0344,0.018
antinous,leg.L.pitch,20.083,-28.8,13.9,-91.7,54.4,0.0331,0.018
antinous,leg.L.pitch,20.167,-27.6,14.7,-91.7,54.4,0.0318,0.018
antinous,leg.L.pitch,20.25,-26.3,15.4,-91.7,54.4,0.0305,0.018
antinous,leg.L.pitch,20.333,-24.8,18.3,-91.7,54.4,0.0289,0.02
antinous,leg.L.pitch,20.417,-20.4,52.6,-91.7,54.4,0.0251,0.047
antinous,leg.L.pitch,20.5,-14,76.4,-91.7,54.4,0.0175,0.047
antinous,leg.L.pitch,20.583,-7.6,77.3,-91.7,54.4,0.0091,0.025
antinous,leg.L.pitch,20.667,-2.6,60.1,-91.7,54.4,0.0037,0.008
antinous,leg.L.pitch,20.75,-0.1,29.6,-91.7,54.4,0.0012,0.001
antinous,leg.L.pitch,20.833,0,1.5,-91.7,54.4,0.001,0
antinous,leg.L.pitch,20.917,0,0,-91.7,54.4,0.0001,0
antinous,leg.L.pitch,52.083,0,0,-91.7,54.4,0,0
