# servo timeline for OD-B12-S03 (tools/perform/hardware.js): rows where a channel moves (and where it stops); power is an estimate from a stated model (a 0.30 m puppet; see the file header of hardware.js), not a measurement
# calibration on a rig: encoder velocity -> angular velocity; IMU -> root acceleration; V x I -> electrical power; motor thermistor -> a first-order response to I^2 R, the same form as the motion heat T_m
actor,channel,t,angle_deg,velocity_deg_s,limit_lo_deg,limit_hi_deg,torque_Nm,power_W_est
odysseus,root.h,0,180,0,,,0,0
odysseus,root.h,7.083,-179.2,-4310.6,,,0,0
odysseus,root.h,7.167,-176.7,29.7,,,0,0
odysseus,root.h,7.25,-174.9,22.3,,,0,0
odysseus,root.h,7.333,-174.8,0.9,,,0,0
odysseus,root.h,7.417,-174.8,0,,,0,0
odysseus,root.h,8.25,-172.8,23.7,,,0,0
odysseus,root.h,8.333,-144.1,344.3,,,0,0
odysseus,root.h,8.417,-106,457.9,,,0,0
odysseus,root.h,8.5,-90,191.8,,,0,0
odysseus,root.h,8.583,-90,0,,,0,0
odysseus,root.h,9.833,-89.9,0.7,,,0,0
odysseus,root.h,9.917,-90,-0.3,,,0,0
odysseus,root.h,10,-94.8,-57.8,,,0,0
odysseus,root.h,10.083,-106.4,-139.4,,,0,0
odysseus,root.h,10.167,-120.8,-172.4,,,0,0
odysseus,root.h,10.25,-133.8,-157.1,,,0,0
odysseus,root.h,10.333,-141.6,-92.6,,,0,0
odysseus,root.h,10.417,-144.6,-36.9,,,0,0
odysseus,root.h,10.5,-146.6,-23.7,,,0,0
odysseus,root.h,10.583,-147.6,-12,,,0,0
odysseus,root.h,10.667,-147.8,-2.2,,,0,0
odysseus,root.h,10.75,-147.3,5.8,,,0,0
odysseus,root.h,10.833,-146.3,12.2,,,0,0
odysseus,root.h,10.917,-144.9,16.7,,,0,0
odysseus,root.h,11,-143.3,19.5,,,0,0
odysseus,root.h,11.083,-141.6,20.6,,,0,0
odysseus,root.h,11.167,-139.2,28.4,,,0,0
odysseus,root.h,11.25,-135.7,41.4,,,0,0
odysseus,root.h,11.333,-131.6,50.1,,,0,0
odysseus,root.h,11.417,-127,54.4,,,0,0
odysseus,root.h,11.5,-122.5,54.4,,,0,0
odysseus,root.h,11.583,-118.3,50.1,,,0,0
odysseus,root.h,11.667,-114.9,41.3,,,0,0
odysseus,root.h,11.75,-112.5,28.5,,,0,0
odysseus,root.h,11.833,-111.6,11.2,,,0,0
odysseus,root.h,11.917,-111.9,-3.9,,,0,0
odysseus,root.h,12,-113.1,-13.7,,,0,0
odysseus,root.h,12.083,-114.6,-18.3,,,0,0
odysseus,root.h,12.167,-116,-17.6,,,0,0
odysseus,root.h,12.25,-117,-11.6,,,0,0
odysseus,root.h,12.333,-117,-0.3,,,0,0
odysseus,root.h,12.417,-115.7,16.2,,,0,0
odysseus,root.h,12.5,-112.5,38,,,0,0
odysseus,root.h,12.583,-106.7,69.6,,,0,0
odysseus,root.h,12.667,-98.3,100.6,,,0,0
odysseus,root.h,12.75,-88.2,121.6,,,0,0
odysseus,root.h,12.833,-77.2,132.6,,,0,0
odysseus,root.h,12.917,-66,133.2,,,0,0
odysseus,root.h,13,-55.7,124.2,,,0,0
odysseus,root.h,13.083,-47,104.9,,,0,0
odysseus,root.h,13.167,-40.7,75.4,,,0,0
odysseus,root.h,13.25,-36.7,47.5,,,0,0
odysseus,root.h,13.333,-34.3,28.5,,,0,0
odysseus,root.h,13.417,-33.4,11.5,,,0,0
odysseus,root.h,13.5,-33.7,-3.7,,,0,0
odysseus,root.h,13.583,-35.1,-17.1,,,0,0
odysseus,root.h,13.667,-37.5,-28.5,,,0,0
odysseus,root.h,13.75,-40.7,-38.1,,,0,0
odysseus,root.h,13.833,-46,-63.9,,,0,0
odysseus,root.h,13.917,-54,-96.5,,,0,0
odysseus,root.h,14,-63.5,-114,,,0,0
odysseus,root.h,14.083,-73.2,-115.7,,,0,0
odysseus,root.h,14.167,-81.7,-101.8,,,0,0
odysseus,root.h,14.25,-87.7,-72.5,,,0,0
odysseus,root.h,14.333,-94,-75.9,,,0,0
odysseus,root.h,14.417,-97.2,-38.5,,,0,0
odysseus,root.h,14.5,-82.4,178,,,0,0
odysseus,root.h,14.583,-61,256.4,,,0,0
odysseus,root.h,14.667,-40.3,248.5,,,0,0
odysseus,root.h,14.75,-34.7,68.3,,,0,0
odysseus,root.h,14.833,-35.4,-8.9,,,0,0
odysseus,root.h,14.917,-30.5,58.3,,,0,0
odysseus,root.h,15,-30.5,0,,,0,0
odysseus,root.h,15.333,-26.8,44.6,,,0,0
odysseus,root.h,15.417,-26.8,0,,,0,0
odysseus,root.h,15.75,-21.2,67.6,,,0,0
odysseus,root.h,15.833,-15.5,67.6,,,0,0
odysseus,root.h,15.917,-15.5,0,,,0,0
odysseus,root.h,16.25,7.8,279.9,,,0,0
odysseus,root.h,16.333,55.2,569.2,,,0,0
odysseus,root.h,16.417,109.4,649.6,,,0,0
odysseus,root.h,16.5,150.6,495.2,,,0,0
odysseus,root.h,16.583,161.4,129.2,,,0,0
odysseus,root.h,16.667,163.3,23.2,,,0,0
odysseus,root.h,16.75,168,55.3,,,0,0
odysseus,root.h,16.833,173.5,66,,,0,0
odysseus,root.h,16.917,178.1,55.3,,,0,0
odysseus,root.h,17,180,23.2,,,0,0
odysseus,root.h,17.083,180,0,,,0,0
odysseus,root.h,30,-179.1,-4309.2,,,0,0
odysseus,root.h,30.083,-177,25.3,,,0,0
odysseus,root.h,30.167,-176.4,7.3,,,0,0
odysseus,root.h,30.25,-177.3,-10.6,,,0,0
odysseus,root.h,30.333,-179.7,-28.6,,,0,0
odysseus,root.h,30.417,-180,-4,,,0,0
odysseus,root.h,30.5,-180,0,,,0,0
odysseus,root.h,31.833,178.4,4301,,,0,0
odysseus,root.h,31.917,177,-17.4,,,0,0
odysseus,root.h,32,176.7,-3.2,,,0,0
odysseus,root.h,32.083,177.6,11.1,,,0,0
odysseus,root.h,32.167,179.7,25.2,,,0,0
odysseus,root.h,32.25,180,3.3,,,0,0
odysseus,root.h,32.333,180,0,,,0,0
odysseus,root.h,35.75,179.3,-8.3,,,0,0
odysseus,root.h,35.833,178.6,-8.2,,,0,0
odysseus,root.h,35.917,178.5,-1.5,,,0,0
odysseus,root.h,36,179,5.3,,,0,0
odysseus,root.h,36.083,180,12,,,0,0
odysseus,root.h,36.167,180,0.6,,,0,0
odysseus,root.h,36.25,180,0,,,0,0
odysseus,root.h,37.667,-179.3,-4311.4,,,0,0
odysseus,root.h,37.75,-178.7,6.7,,,0,0
odysseus,root.h,37.833,-178.6,1.3,,,0,0
odysseus,root.h,37.917,-178.9,-4,,,0,0
odysseus,root.h,38,-179.7,-9.3,,,0,0
odysseus,root.h,38.083,180,4316.7,,,0,0
odysseus,root.h,38.167,180,0,,,0,0
odysseus,root.h,47.167,180,0,,,0,0
odysseus,root.pitch,0,0,0,,,0,0
odysseus,root.pitch,0.417,-0.1,-0.7,,,0,0
odysseus,root.pitch,0.5,-0.1,0,,,0,0
odysseus,root.pitch,0.75,-0.1,-0.7,,,0,0
odysseus,root.pitch,0.833,-0.1,0,,,0,0
odysseus,root.pitch,0.917,-0.2,-0.7,,,0,0
odysseus,root.pitch,1,-0.2,0,,,0,0
odysseus,root.pitch,1.167,-0.2,-0.7,,,0,0
odysseus,root.pitch,1.25,-0.2,0,,,0,0
odysseus,root.pitch,1.333,-0.3,-0.7,,,0,0
odysseus,root.pitch,1.417,-0.3,0,,,0,0
odysseus,root.pitch,1.5,-0.3,-0.7,,,0,0
odysseus,root.pitch,1.583,-0.3,0,,,0,0
odysseus,root.pitch,1.75,-0.4,-0.7,,,0,0
odysseus,root.pitch,1.833,-0.4,0,,,0,0
odysseus,root.pitch,2.083,-0.5,-0.7,,,0,0
odysseus,root.pitch,2.167,-0.5,0,,,0,0
odysseus,root.pitch,2.5,-0.4,0.7,,,0,0
odysseus,root.pitch,2.583,-0.4,0,,,0,0
odysseus,root.pitch,2.833,-0.3,0.7,,,0,0
odysseus,root.pitch,2.917,-0.3,0,,,0,0
odysseus,root.pitch,3,-0.3,0.7,,,0,0
odysseus,root.pitch,3.083,-0.2,0.7,,,0,0
odysseus,root.pitch,3.167,-0.2,0,,,0,0
odysseus,root.pitch,3.25,-0.2,0.7,,,0,0
odysseus,root.pitch,3.333,-0.1,0.7,,,0,0
odysseus,root.pitch,3.417,-0.1,0,,,0,0
odysseus,root.pitch,3.5,-0.1,0.7,,,0,0
odysseus,root.pitch,3.583,0,0.7,,,0,0
odysseus,root.pitch,3.667,0.1,0.7,,,0,0
odysseus,root.pitch,3.75,0.2,1.4,,,0,0
odysseus,root.pitch,3.833,0.2,0.7,,,0,0
odysseus,root.pitch,3.917,0.3,1.4,,,0,0
odysseus,root.pitch,4,0.4,0.7,,,0,0
odysseus,root.pitch,4.083,0.5,1.4,,,0,0
odysseus,root.pitch,4.167,0.6,0.7,,,0,0
odysseus,root.pitch,4.25,0.6,0.7,,,0,0
odysseus,root.pitch,4.333,0.7,0.7,,,0,0
odysseus,root.pitch,4.417,0.7,0,,,0,0
odysseus,root.pitch,5.083,0.7,0.7,,,0,0
odysseus,root.pitch,5.167,0.7,0,,,0,0
odysseus,root.pitch,5.25,0.8,0.7,,,0,0
odysseus,root.pitch,5.333,0.9,0.7,,,0,0
odysseus,root.pitch,5.417,0.9,0.7,,,0,0
odysseus,root.pitch,5.5,1,0.7,,,0,0
odysseus,root.pitch,5.583,1,0.7,,,0,0
odysseus,root.pitch,5.667,1.1,0.7,,,0,0
odysseus,root.pitch,5.75,1.1,0.7,,,0,0
odysseus,root.pitch,5.833,1.2,0.7,,,0,0
odysseus,root.pitch,5.917,1.3,0.7,,,0,0
odysseus,root.pitch,6,1.3,0.7,,,0,0
odysseus,root.pitch,6.083,1.3,0,,,0,0
odysseus,root.pitch,6.167,1.4,0.7,,,0,0
odysseus,root.pitch,6.25,1.4,0.7,,,0,0
odysseus,root.pitch,6.333,1.5,0.7,,,0,0
odysseus,root.pitch,6.417,1.5,0.7,,,0,0
odysseus,root.pitch,6.5,1.6,0.7,,,0,0
odysseus,root.pitch,6.583,1.6,0,,,0,0
odysseus,root.pitch,6.833,1.5,-0.7,,,0,0
odysseus,root.pitch,6.917,1.5,-0.7,,,0,0
odysseus,root.pitch,7,1.4,-1.4,,,0,0
odysseus,root.pitch,7.083,1.3,-0.7,,,0,0
odysseus,root.pitch,7.167,1.2,-1.2,,,0,0
odysseus,root.pitch,7.25,1.1,-1.9,,,0,0
odysseus,root.pitch,7.333,1,-1.3,,,0,0
odysseus,root.pitch,7.417,0.9,-0.6,,,0,0
odysseus,root.pitch,7.5,0.8,-1.3,,,0,0
odysseus,root.pitch,7.583,0.7,-0.6,,,0,0
odysseus,root.pitch,7.667,0.6,-1.3,,,0,0
odysseus,root.pitch,7.75,0.6,-0.6,,,0,0
odysseus,root.pitch,7.833,0.6,0.1,,,0,0
odysseus,root.pitch,7.917,0.5,-0.6,,,0,0
odysseus,root.pitch,8,0.5,0.1,,,0,0
odysseus,root.pitch,8.333,1,5.3,,,0,0
odysseus,root.pitch,8.417,1.1,1.3,,,0,0
odysseus,root.pitch,8.5,1,-1.2,,,0,0
odysseus,root.pitch,8.583,1,0,,,0,0
odysseus,root.pitch,8.833,1,-0.7,,,0,0
odysseus,root.pitch,8.917,1,0,,,0,0
odysseus,root.pitch,9,0.9,-0.7,,,0,0
odysseus,root.pitch,9.083,0.9,-0.7,,,0,0
odysseus,root.pitch,9.167,0.9,0,,,0,0
odysseus,root.pitch,9.25,0.8,-0.7,,,0,0
odysseus,root.pitch,9.333,0.7,-0.7,,,0,0
odysseus,root.pitch,9.417,0.7,0,,,0,0
odysseus,root.pitch,9.5,0.7,-0.7,,,0,0
odysseus,root.pitch,9.583,0.6,-0.7,,,0,0
odysseus,root.pitch,9.667,0.6,-0.7,,,0,0
odysseus,root.pitch,9.75,0.5,-0.7,,,0,0
odysseus,root.pitch,9.833,0.4,-1.4,,,0,0
odysseus,root.pitch,9.917,0.3,-1.4,,,0,0
odysseus,root.pitch,10,0.3,-0.1,,,0,0
odysseus,root.pitch,10.167,0.2,-0.6,,,0,0
odysseus,root.pitch,10.25,0.2,-0.1,,,0,0
odysseus,root.pitch,10.333,0.1,-1,,,0,0
odysseus,root.pitch,10.417,0.1,-0.6,,,0,0
odysseus,root.pitch,10.5,0,-0.8,,,0,0
odysseus,root.pitch,10.583,-0.1,-0.9,,,0,0
odysseus,root.pitch,10.667,-0.1,-0.7,,,0,0
odysseus,root.pitch,10.75,-0.2,-0.4,,,0,0
odysseus,root.pitch,10.833,-0.2,-0.5,,,0,0
odysseus,root.pitch,10.917,-0.3,-0.6,,,0,0
odysseus,root.pitch,11,-0.2,0.3,,,0,0
odysseus,root.pitch,11.083,-0.3,-0.7,,,0,0
odysseus,root.pitch,11.167,-0.3,0.2,,,0,0
odysseus,root.pitch,11.25,-0.3,-0.5,,,0,0
odysseus,root.pitch,11.333,-0.4,-0.7,,,0,0
odysseus,root.pitch,11.417,-0.4,0.2,,,0,0
odysseus,root.pitch,11.833,-0.3,0.7,,,0,0
odysseus,root.pitch,11.917,-0.3,0.9,,,0,0
odysseus,root.pitch,12,-0.2,0.9,,,0,0
odysseus,root.pitch,12.083,-0.1,1.5,,,0,0
odysseus,root.pitch,12.167,0,0.9,,,0,0
odysseus,root.pitch,12.25,0.1,0.5,,,0,0
odysseus,root.pitch,12.583,0,-0.8,,,0,0
odysseus,root.pitch,12.667,0,-0.2,,,0,0
odysseus,root.pitch,12.75,-0.1,-1,,,0,0
odysseus,root.pitch,12.833,-0.1,-0.2,,,0,0
odysseus,root.pitch,12.917,-0.2,-0.9,,,0,0
odysseus,root.pitch,13,-0.2,-0.8,,,0,0
odysseus,root.pitch,13.083,-0.3,-1,,,0,0
odysseus,root.pitch,13.167,-0.3,-0.4,,,0,0
odysseus,root.pitch,13.25,-0.4,-0.8,,,0,0
odysseus,root.pitch,13.333,-0.5,-0.7,,,0,0
odysseus,root.pitch,13.417,-0.5,-0.1,,,0,0
odysseus,root.pitch,13.5,-0.6,-1.5,,,0,0
odysseus,root.pitch,13.583,-0.6,-0.5,,,0,0
odysseus,root.pitch,13.667,-0.7,-0.8,,,0,0
odysseus,root.pitch,13.75,-0.7,-0.2,,,0,0
odysseus,root.pitch,14,-0.7,1.2,,,0,0
odysseus,root.pitch,14.083,-0.6,1,,,0,0
odysseus,root.pitch,14.167,-0.5,1,,,0,0
odysseus,root.pitch,14.25,-0.5,0.8,,,0,0
odysseus,root.pitch,14.333,-0.3,1.8,,,0,0
odysseus,root.pitch,14.417,-0.3,0.4,,,0,0
odysseus,root.pitch,14.5,-0.6,-4.4,,,0,0
odysseus,root.pitch,14.583,-1.1,-6,,,0,0
odysseus,root.pitch,14.667,-1.4,-3.4,,,0,0
odysseus,root.pitch,14.75,-1.4,0,,,0,0
odysseus,root.pitch,14.833,-1.4,0.6,,,0,0
odysseus,root.pitch,14.917,-1.3,0.5,,,0,0
odysseus,root.pitch,15,-1.2,1.2,,,0,0
odysseus,root.pitch,15.083,-1.2,0.6,,,0,0
odysseus,root.pitch,15.167,-1.1,0.8,,,0,0
odysseus,root.pitch,15.25,-1,1.2,,,0,0
odysseus,root.pitch,15.333,-0.9,0.7,,,0,0
odysseus,root.pitch,15.417,-0.9,0.3,,,0,0
odysseus,root.pitch,15.5,-0.9,0.6,,,0,0
odysseus,root.pitch,15.583,-0.8,0.9,,,0,0
odysseus,root.pitch,15.667,-0.7,0.6,,,0,0
odysseus,root.pitch,15.75,-0.7,0.4,,,0,0
odysseus,root.pitch,15.833,-0.7,0.7,,,0,0
odysseus,root.pitch,15.917,-0.6,0.2,,,0,0
odysseus,root.pitch,16.25,-0.6,0.9,,,0,0
odysseus,root.pitch,16.333,-0.2,5,,,0,0
odysseus,root.pitch,16.417,0.4,6.7,,,0,0
odysseus,root.pitch,16.5,0.7,3.4,,,0,0
odysseus,root.pitch,16.583,0.8,1.6,,,0,0
odysseus,root.pitch,16.667,0.8,0.4,,,0,0
odysseus,root.pitch,16.75,0.9,0.9,,,0,0
odysseus,root.pitch,16.833,1,1.6,,,0,0
odysseus,root.pitch,16.917,1.1,1,,,0,0
odysseus,root.pitch,17,1.2,0.8,,,0,0
odysseus,root.pitch,17.083,1.3,0.7,,,0,0
odysseus,root.pitch,17.167,1.3,0.7,,,0,0
odysseus,root.pitch,17.25,1.3,0,,,0,0
odysseus,root.pitch,17.417,1.3,-0.7,,,0,0
odysseus,root.pitch,17.5,1.2,-0.7,,,0,0
odysseus,root.pitch,17.583,1.1,-0.7,,,0,0
odysseus,root.pitch,17.667,1.1,-0.7,,,0,0
odysseus,root.pitch,17.75,1,-0.7,,,0,0
odysseus,root.pitch,17.833,1,-0.7,,,0,0
odysseus,root.pitch,17.917,0.9,-0.7,,,0,0
odysseus,root.pitch,18,0.9,0,,,0,0
odysseus,root.pitch,18.083,0.9,-0.7,,,0,0
odysseus,root.pitch,18.167,0.9,0,,,0,0
odysseus,root.pitch,18.25,0.8,-0.7,,,0,0
odysseus,root.pitch,18.333,0.8,0,,,0,0
odysseus,root.pitch,18.75,0.9,0.7,,,0,0
odysseus,root.pitch,18.833,0.9,0,,,0,0
odysseus,root.pitch,19,0.9,0.7,,,0,0
odysseus,root.pitch,19.083,0.9,0,,,0,0
odysseus,root.pitch,19.167,1,0.7,,,0,0
odysseus,root.pitch,19.25,1,0,,,0,0
odysseus,root.pitch,19.417,1,0.7,,,0,0
odysseus,root.pitch,19.5,1,0,,,0,0
odysseus,root.pitch,19.833,1,-0.7,,,0,0
odysseus,root.pitch,19.917,0.9,-0.7,,,0,0
odysseus,root.pitch,20,0.8,-1.4,,,0,0
odysseus,root.pitch,20.083,0.7,-1.4,,,0,0
odysseus,root.pitch,20.167,0.6,-1.4,,,0,0
odysseus,root.pitch,20.25,0.5,-1.4,,,0,0
odysseus,root.pitch,20.333,0.3,-1.4,,,0,0
odysseus,root.pitch,20.417,0.2,-1.4,,,0,0
odysseus,root.pitch,20.5,0.2,-0.7,,,0,0
odysseus,root.pitch,20.583,0.1,-1.4,,,0,0
odysseus,root.pitch,20.667,0,-0.7,,,0,0
odysseus,root.pitch,20.75,-0.1,-0.7,,,0,0
odysseus,root.pitch,20.833,-0.1,0,,,0,0
odysseus,root.pitch,21,-0.1,-0.7,,,0,0
odysseus,root.pitch,21.083,-0.1,0.7,,,0,0
odysseus,root.pitch,21.167,-0.1,0,,,0,0
odysseus,root.pitch,21.25,0,0.7,,,0,0
odysseus,root.pitch,21.333,0,0,,,0,0
odysseus,root.pitch,21.417,0.1,0.7,,,0,0
odysseus,root.pitch,21.5,0.2,1.4,,,0,0
odysseus,root.pitch,21.583,0.2,0.7,,,0,0
odysseus,root.pitch,21.667,0.3,0.7,,,0,0
odysseus,root.pitch,21.75,0.4,1.4,,,0,0
odysseus,root.pitch,21.833,0.5,1.4,,,0,0
odysseus,root.pitch,21.917,0.6,0.7,,,0,0
odysseus,root.pitch,22,0.7,1.4,,,0,0
odysseus,root.pitch,22.083,0.8,1.4,,,0,0
odysseus,root.pitch,22.167,0.9,0.7,,,0,0
odysseus,root.pitch,22.25,1,1.4,,,0,0
odysseus,root.pitch,22.333,1,0.7,,,0,0
odysseus,root.pitch,22.417,1.1,0.7,,,0,0
odysseus,root.pitch,22.5,1.1,0,,,0,0
odysseus,root.pitch,22.583,1,-0.7,,,0,0
odysseus,root.pitch,22.667,1,0,,,0,0
odysseus,root.pitch,22.75,1,-0.7,,,0,0
odysseus,root.pitch,22.833,0.9,-0.7,,,0,0
odysseus,root.pitch,22.917,0.9,-0.7,,,0,0
odysseus,root.pitch,23,0.8,-0.7,,,0,0
odysseus,root.pitch,23.083,0.7,-0.7,,,0,0
odysseus,root.pitch,23.167,0.7,-0.7,,,0,0
odysseus,root.pitch,23.25,0.7,0,,,0,0
odysseus,root.pitch,23.333,0.6,-0.7,,,0,0
odysseus,root.pitch,23.417,0.6,0,,,0,0
odysseus,root.pitch,23.917,0.7,0.7,,,0,0
odysseus,root.pitch,24,0.7,0,,,0,0
odysseus,root.pitch,24.167,0.7,0.7,,,0,0
odysseus,root.pitch,24.25,0.8,0.7,,,0,0
odysseus,root.pitch,24.333,0.8,0,,,0,0
odysseus,root.pitch,24.417,0.9,0.7,,,0,0
odysseus,root.pitch,24.5,0.9,0.7,,,0,0
odysseus,root.pitch,24.583,1,0.7,,,0,0
odysseus,root.pitch,24.667,1,0.7,,,0,0
odysseus,root.pitch,24.75,1,0,,,0,0
odysseus,root.pitch,24.833,1.1,0.7,,,0,0
odysseus,root.pitch,24.917,1.1,0,,,0,0
odysseus,root.pitch,25.167,1,-0.7,,,0,0
odysseus,root.pitch,25.25,1,-0.7,,,0,0
odysseus,root.pitch,25.333,0.9,-1.4,,,0,0
odysseus,root.pitch,25.417,0.8,-0.7,,,0,0
odysseus,root.pitch,25.5,0.7,-0.7,,,0,0
odysseus,root.pitch,25.583,0.6,-1.4,,,0,0
odysseus,root.pitch,25.667,0.6,-0.7,,,0,0
odysseus,root.pitch,25.75,0.6,0,,,0,0
odysseus,root.pitch,25.833,0.5,-0.7,,,0,0
odysseus,root.pitch,25.917,0.5,0,,,0,0
odysseus,root.pitch,26.167,0.6,0.7,,,0,0
odysseus,root.pitch,26.25,0.6,0,,,0,0
odysseus,root.pitch,26.333,0.6,0.7,,,0,0
odysseus,root.pitch,26.417,0.7,0.7,,,0,0
odysseus,root.pitch,26.5,0.7,0.7,,,0,0
odysseus,root.pitch,26.583,0.8,0.7,,,0,0
odysseus,root.pitch,26.667,0.9,0.7,,,0,0
odysseus,root.pitch,26.75,1,1.4,,,0,0
odysseus,root.pitch,26.833,1,0.7,,,0,0
odysseus,root.pitch,26.917,1.1,1.4,,,0,0
odysseus,root.pitch,27,1.2,0.7,,,0,0
odysseus,root.pitch,27.083,1.3,1.4,,,0,0
odysseus,root.pitch,27.167,1.4,0.7,,,0,0
odysseus,root.pitch,27.25,1.5,1.4,,,0,0
odysseus,root.pitch,27.333,1.5,0.7,,,0,0
odysseus,root.pitch,27.417,1.6,0.7,,,0,0
odysseus,root.pitch,27.5,1.7,0.7,,,0,0
odysseus,root.pitch,27.583,1.7,0,,,0,0
odysseus,root.pitch,27.75,1.6,-0.7,,,0,0
odysseus,root.pitch,27.833,1.5,-0.7,,,0,0
odysseus,root.pitch,27.917,1.4,-1.4,,,0,0
odysseus,root.pitch,28,1.3,-1.4,,,0,0
odysseus,root.pitch,28.083,1.3,-0.7,,,0,0
odysseus,root.pitch,28.167,1.1,-1.4,,,0,0
odysseus,root.pitch,28.25,1,-1.4,,,0,0
odysseus,root.pitch,28.333,1,-0.7,,,0,0
odysseus,root.pitch,28.417,0.9,-1.4,,,0,0
odysseus,root.pitch,28.5,0.8,-0.7,,,0,0
odysseus,root.pitch,28.583,0.7,-0.7,,,0,0
odysseus,root.pitch,28.667,0.6,-1.4,,,0,0
odysseus,root.pitch,28.75,0.6,0,,,0,0
odysseus,root.pitch,28.833,0.6,-0.7,,,0,0
odysseus,root.pitch,28.917,0.5,-0.7,,,0,0
odysseus,root.pitch,29,0.5,0,,,0,0
odysseus,root.pitch,29.083,0.5,-0.7,,,0,0
odysseus,root.pitch,29.167,0.5,0,,,0,0
odysseus,root.pitch,29.5,0.5,0.7,,,0,0
odysseus,root.pitch,29.583,0.5,0,,,0,0
odysseus,root.pitch,29.667,0.6,0.7,,,0,0
odysseus,root.pitch,29.75,0.6,0,,,0,0
odysseus,root.pitch,29.833,0.6,0.7,,,0,0
odysseus,root.pitch,29.917,0.7,0.7,,,0,0
odysseus,root.pitch,30,0.7,0,,,0,0
odysseus,root.pitch,30.083,0.7,0.7,,,0,0
odysseus,root.pitch,30.167,0.8,0,,,0,0
odysseus,root.pitch,30.25,0.7,-0.7,,,0,0
odysseus,root.pitch,30.333,0.7,-0.1,,,0,0
odysseus,root.pitch,30.417,0.6,-0.7,,,0,0
odysseus,root.pitch,30.5,0.6,-0.7,,,0,0
odysseus,root.pitch,30.583,0.5,-1.4,,,0,0
odysseus,root.pitch,30.667,0.4,-0.7,,,0,0
odysseus,root.pitch,30.75,0.3,-0.7,,,0,0
odysseus,root.pitch,30.833,0.3,-0.7,,,0,0
odysseus,root.pitch,30.917,0.2,-0.7,,,0,0
odysseus,root.pitch,31,0.2,0,,,0,0
odysseus,root.pitch,31.5,0.3,0.7,,,0,0
odysseus,root.pitch,31.583,0.3,0.7,,,0,0
odysseus,root.pitch,31.667,0.4,0.7,,,0,0
odysseus,root.pitch,31.75,0.5,0.7,,,0,0
odysseus,root.pitch,31.833,0.5,0.6,,,0,0
odysseus,root.pitch,31.917,0.6,0.6,,,0,0
odysseus,root.pitch,32,0.6,0.7,,,0,0
odysseus,root.pitch,32.083,0.7,1.5,,,0,0
odysseus,root.pitch,32.167,0.8,0.8,,,0,0
odysseus,root.pitch,32.25,0.9,0.7,,,0,0
odysseus,root.pitch,32.333,0.9,0.7,,,0,0
odysseus,root.pitch,32.417,1,1.4,,,0,0
odysseus,root.pitch,32.5,1.1,0.7,,,0,0
odysseus,root.pitch,32.583,1.1,0.7,,,0,0
odysseus,root.pitch,32.667,1.1,0,,,0,0
odysseus,root.pitch,32.75,1.2,0.7,,,0,0
odysseus,root.pitch,32.833,1.1,-0.7,,,0,0
odysseus,root.pitch,32.917,1.1,0,,,0,0
odysseus,root.pitch,33,1,-1.4,,,0,0
odysseus,root.pitch,33.083,1,-0.7,,,0,0
odysseus,root.pitch,33.167,0.9,-1.4,,,0,0
odysseus,root.pitch,33.25,0.7,-1.4,,,0,0
odysseus,root.pitch,33.333,0.7,-0.7,,,0,0
odysseus,root.pitch,33.417,0.6,-1.4,,,0,0
odysseus,root.pitch,33.5,0.5,-0.7,,,0,0
odysseus,root.pitch,33.583,0.4,-1.4,,,0,0
odysseus,root.pitch,33.667,0.3,-0.7,,,0,0
odysseus,root.pitch,33.75,0.3,-0.7,,,0,0
odysseus,root.pitch,33.833,0.3,0,,,0,0
odysseus,root.pitch,33.917,0.2,-0.7,,,0,0
odysseus,root.pitch,34,0.2,0,,,0,0
odysseus,root.pitch,34.333,0.3,0.7,,,0,0
odysseus,root.pitch,34.417,0.3,0.7,,,0,0
odysseus,root.pitch,34.5,0.3,0,,,0,0
odysseus,root.pitch,34.583,0.4,0.7,,,0,0
odysseus,root.pitch,34.667,0.5,1.4,,,0,0
odysseus,root.pitch,34.75,0.6,0.7,,,0,0
odysseus,root.pitch,34.833,0.6,0.7,,,0,0
odysseus,root.pitch,34.917,0.7,1.4,,,0,0
odysseus,root.pitch,35,0.8,0.7,,,0,0
odysseus,root.pitch,35.083,0.9,1.4,,,0,0
odysseus,root.pitch,35.167,1,1.4,,,0,0
odysseus,root.pitch,35.25,1.1,0.7,,,0,0
odysseus,root.pitch,35.333,1.1,0.7,,,0,0
odysseus,root.pitch,35.417,1.2,0.7,,,0,0
odysseus,root.pitch,35.5,1.2,0,,,0,0
odysseus,root.pitch,35.667,1.1,-0.7,,,0,0
odysseus,root.pitch,35.75,1.1,0,,,0,0
odysseus,root.pitch,35.833,1.1,-0.8,,,0,0
odysseus,root.pitch,35.917,1,-0.7,,,0,0
odysseus,root.pitch,36,1,-0.7,,,0,0
odysseus,root.pitch,36.083,1,0.1,,,0,0
odysseus,root.pitch,36.25,0.9,-0.7,,,0,0
odysseus,root.pitch,36.333,0.9,0,,,0,0
odysseus,root.pitch,36.5,1,0.7,,,0,0
odysseus,root.pitch,36.583,1,0,,,0,0
odysseus,root.pitch,36.75,1,0.7,,,0,0
odysseus,root.pitch,36.833,1,0,,,0,0
odysseus,root.pitch,36.917,1.1,0.7,,,0,0
odysseus,root.pitch,37,1.1,0.7,,,0,0
odysseus,root.pitch,37.083,1.1,0,,,0,0
odysseus,root.pitch,37.167,1.2,0.7,,,0,0
odysseus,root.pitch,37.25,1.3,0.7,,,0,0
odysseus,root.pitch,37.333,1.3,0,,,0,0
odysseus,root.pitch,37.417,1.3,0.7,,,0,0
odysseus,root.pitch,37.5,1.4,0.7,,,0,0
odysseus,root.pitch,37.583,1.4,0.7,,,0,0
odysseus,root.pitch,37.667,1.4,0,,,0,0
odysseus,root.pitch,37.75,1.5,0.7,,,0,0
odysseus,root.pitch,37.833,1.5,0,,,0,0
odysseus,root.pitch,38,1.4,-0.7,,,0,0
odysseus,root.pitch,38.083,1.4,-0.7,,,0,0
odysseus,root.pitch,38.167,1.3,-1.4,,,0,0
odysseus,root.pitch,38.25,1.2,-0.7,,,0,0
odysseus,root.pitch,38.333,1,-2.1,,,0,0
odysseus,root.pitch,38.417,0.9,-1.4,,,0,0
odysseus,root.pitch,38.5,0.8,-1.4,,,0,0
odysseus,root.pitch,38.583,0.7,-1.4,,,0,0
odysseus,root.pitch,38.667,0.6,-1.4,,,0,0
odysseus,root.pitch,38.75,0.5,-0.7,,,0,0
odysseus,root.pitch,38.833,0.4,-1.4,,,0,0
odysseus,root.pitch,38.917,0.3,-0.7,,,0,0
odysseus,root.pitch,39,0.3,-0.7,,,0,0
odysseus,root.pitch,39.083,0.3,0,,,0,0
odysseus,root.pitch,39.167,0.2,-0.7,,,0,0
odysseus,root.pitch,39.25,0.2,0,,,0,0
odysseus,root.pitch,39.583,0.3,0.7,,,0,0
odysseus,root.pitch,39.667,0.3,0.7,,,0,0
odysseus,root.pitch,39.75,0.4,0.7,,,0,0
odysseus,root.pitch,39.833,0.5,0.7,,,0,0
odysseus,root.pitch,39.917,0.5,0.7,,,0,0
odysseus,root.pitch,40,0.6,0.7,,,0,0
odysseus,root.pitch,40.083,0.7,1.4,,,0,0
odysseus,root.pitch,40.167,0.7,0.7,,,0,0
odysseus,root.pitch,40.25,0.9,1.4,,,0,0
odysseus,root.pitch,40.333,0.9,0.7,,,0,0
odysseus,root.pitch,40.417,1,0.7,,,0,0
odysseus,root.pitch,40.5,1,0.7,,,0,0
odysseus,root.pitch,40.583,1.1,0.7,,,0,0
odysseus,root.pitch,40.667,1.1,0,,,0,0
odysseus,root.pitch,40.75,1,-0.7,,,0,0
odysseus,root.pitch,40.833,1,0,,,0,0
odysseus,root.pitch,40.917,0.9,-1.4,,,0,0
odysseus,root.pitch,41,0.9,-0.7,,,0,0
odysseus,root.pitch,41.083,0.8,-0.7,,,0,0
odysseus,root.pitch,41.167,0.7,-0.7,,,0,0
odysseus,root.pitch,41.25,0.7,-0.7,,,0,0
odysseus,root.pitch,41.333,0.6,-0.7,,,0,0
odysseus,root.pitch,41.417,0.6,-0.7,,,0,0
odysseus,root.pitch,41.5,0.5,-0.7,,,0,0
odysseus,root.pitch,41.583,0.5,0,,,0,0
odysseus,root.pitch,41.667,0.5,-0.7,,,0,0
odysseus,root.pitch,41.75,0.5,0,,,0,0
odysseus,root.pitch,42.333,0.5,0.7,,,0,0
odysseus,root.pitch,42.417,0.5,0,,,0,0
odysseus,root.pitch,42.5,0.6,0.7,,,0,0
odysseus,root.pitch,42.583,0.6,0,,,0,0
odysseus,root.pitch,42.667,0.6,0.7,,,0,0
odysseus,root.pitch,42.75,0.7,0.7,,,0,0
odysseus,root.pitch,42.833,0.7,0,,,0,0
odysseus,root.pitch,42.917,0.7,0.7,,,0,0
odysseus,root.pitch,43,0.7,0,,,0,0
odysseus,root.pitch,43.083,0.8,0.7,,,0,0
odysseus,root.pitch,43.167,0.8,0,,,0,0
odysseus,root.pitch,43.25,0.7,-0.7,,,0,0
odysseus,root.pitch,43.333,0.7,-0.7,,,0,0
odysseus,root.pitch,43.417,0.6,-0.7,,,0,0
odysseus,root.pitch,43.5,0.6,-0.7,,,0,0
odysseus,root.pitch,43.583,0.5,-1.4,,,0,0
odysseus,root.pitch,43.667,0.4,-0.7,,,0,0
odysseus,root.pitch,43.75,0.3,-1.4,,,0,0
odysseus,root.pitch,43.833,0.2,-0.7,,,0,0
odysseus,root.pitch,43.917,0.2,0,,,0,0
odysseus,root.pitch,44,0.2,-0.7,,,0,0
odysseus,root.pitch,44.083,0.2,0,,,0,0
odysseus,root.pitch,44.417,0.2,0.7,,,0,0
odysseus,root.pitch,44.5,0.3,0.7,,,0,0
odysseus,root.pitch,44.583,0.3,0.7,,,0,0
odysseus,root.pitch,44.667,0.4,0.7,,,0,0
odysseus,root.pitch,44.75,0.5,0.7,,,0,0
odysseus,root.pitch,44.833,0.6,1.4,,,0,0
odysseus,root.pitch,44.917,0.6,0.7,,,0,0
odysseus,root.pitch,45,0.7,1.4,,,0,0
odysseus,root.pitch,45.083,0.9,1.4,,,0,0
odysseus,root.pitch,45.167,0.9,0.7,,,0,0
odysseus,root.pitch,45.25,1,1.4,,,0,0
odysseus,root.pitch,45.333,1.1,1.4,,,0,0
odysseus,root.pitch,45.417,1.3,1.4,,,0,0
odysseus,root.pitch,45.5,1.4,1.4,,,0,0
odysseus,root.pitch,45.583,1.4,0.7,,,0,0
odysseus,root.pitch,45.667,1.5,1.4,,,0,0
odysseus,root.pitch,45.75,1.6,0.7,,,0,0
odysseus,root.pitch,45.833,1.6,0,,,0,0
odysseus,root.pitch,46,1.5,-0.7,,,0,0
odysseus,root.pitch,46.083,1.5,-0.7,,,0,0
odysseus,root.pitch,46.167,1.4,-0.7,,,0,0
odysseus,root.pitch,46.25,1.3,-1.4,,,0,0
odysseus,root.pitch,46.333,1.3,-0.7,,,0,0
odysseus,root.pitch,46.417,1.2,-0.7,,,0,0
odysseus,root.pitch,46.5,1.1,-1.4,,,0,0
odysseus,root.pitch,46.583,1,-0.7,,,0,0
odysseus,root.pitch,46.667,1,-0.7,,,0,0
odysseus,root.pitch,46.75,0.9,-0.7,,,0,0
odysseus,root.pitch,46.833,0.9,0,,,0,0
odysseus,root.pitch,46.917,0.9,-0.7,,,0,0
odysseus,root.pitch,47,0.8,-0.7,,,0,0
odysseus,root.pitch,47.083,0.7,-0.7,,,0,0
odysseus,root.pitch,47.167,0.7,-0.7,,,0,0
odysseus,root.roll,0,0,0,,,0,0
odysseus,root.roll,0.417,0.1,0.7,,,0,0
odysseus,root.roll,0.5,0.1,0,,,0,0
odysseus,root.roll,0.667,0.1,0.7,,,0,0
odysseus,root.roll,0.75,0.1,0,,,0,0
odysseus,root.roll,0.833,0.2,0.7,,,0,0
odysseus,root.roll,0.917,0.2,0,,,0,0
odysseus,root.roll,1,0.2,0.7,,,0,0
odysseus,root.roll,1.083,0.2,0,,,0,0
odysseus,root.roll,1.167,0.3,0.7,,,0,0
odysseus,root.roll,1.25,0.3,0.7,,,0,0
odysseus,root.roll,1.333,0.3,0,,,0,0
odysseus,root.roll,1.417,0.4,0.7,,,0,0
odysseus,root.roll,1.5,0.4,0,,,0,0
odysseus,root.roll,1.583,0.5,0.7,,,0,0
odysseus,root.roll,1.667,0.5,0,,,0,0
odysseus,root.roll,1.75,0.5,0.7,,,0,0
odysseus,root.roll,1.833,0.5,0,,,0,0
odysseus,root.roll,2,0.6,0.7,,,0,0
odysseus,root.roll,2.083,0.6,0,,,0,0
odysseus,root.roll,2.583,0.5,-0.7,,,0,0
odysseus,root.roll,2.667,0.5,0,,,0,0
odysseus,root.roll,2.833,0.5,-0.7,,,0,0
odysseus,root.roll,2.917,0.5,0,,,0,0
odysseus,root.roll,3.083,0.4,-0.7,,,0,0
odysseus,root.roll,3.167,0.3,-0.7,,,0,0
odysseus,root.roll,3.25,0.3,0,,,0,0
odysseus,root.roll,3.333,0.3,-0.7,,,0,0
odysseus,root.roll,3.417,0.3,0,,,0,0
odysseus,root.roll,3.5,0.2,-0.7,,,0,0
odysseus,root.roll,3.583,0.2,0,,,0,0
odysseus,root.roll,3.667,0.2,-0.7,,,0,0
odysseus,root.roll,3.75,0.2,0,,,0,0
odysseus,root.roll,3.833,0.1,-0.7,,,0,0
odysseus,root.roll,3.917,0.1,0,,,0,0
odysseus,root.roll,4,0.1,-0.7,,,0,0
odysseus,root.roll,4.083,0.1,0,,,0,0
odysseus,root.roll,4.167,0,-0.7,,,0,0
odysseus,root.roll,4.25,0,0,,,0,0
odysseus,root.roll,4.333,-0.1,-0.7,,,0,0
odysseus,root.roll,4.417,-0.1,0,,,0,0
odysseus,root.roll,4.833,0,0.7,,,0,0
odysseus,root.roll,4.917,0.1,0.7,,,0,0
odysseus,root.roll,5,0.1,0,,,0,0
odysseus,root.roll,5.083,0.1,0.7,,,0,0
odysseus,root.roll,5.167,0.2,0.7,,,0,0
odysseus,root.roll,5.25,0.2,0,,,0,0
odysseus,root.roll,5.333,0.2,0.7,,,0,0
odysseus,root.roll,5.417,0.3,0.7,,,0,0
odysseus,root.roll,5.5,0.3,0,,,0,0
odysseus,root.roll,5.583,0.3,0.7,,,0,0
odysseus,root.roll,5.667,0.3,0,,,0,0
odysseus,root.roll,5.833,0.4,0.7,,,0,0
odysseus,root.roll,5.917,0.4,0,,,0,0
odysseus,root.roll,6.333,0.3,-0.7,,,0,0
odysseus,root.roll,6.417,0.3,0,,,0,0
odysseus,root.roll,6.5,0.3,-0.7,,,0,0
odysseus,root.roll,6.583,0.2,-0.7,,,0,0
odysseus,root.roll,6.667,0.2,-0.7,,,0,0
odysseus,root.roll,6.75,0.1,-0.7,,,0,0
odysseus,root.roll,6.833,0,-1.4,,,0,0
odysseus,root.roll,6.917,-0.1,-0.7,,,0,0
odysseus,root.roll,7,-0.2,-1.4,,,0,0
odysseus,root.roll,7.083,-0.2,-0.5,,,0,0
odysseus,root.roll,7.167,-0.3,-0.8,,,0,0
odysseus,root.roll,7.25,-0.3,-0.4,,,0,0
odysseus,root.roll,7.333,-0.4,-0.8,,,0,0
odysseus,root.roll,7.417,-0.4,-0.7,,,0,0
odysseus,root.roll,7.5,-0.5,-0.8,,,0,0
odysseus,root.roll,7.583,-0.6,-0.8,,,0,0
odysseus,root.roll,7.667,-0.6,-0.8,,,0,0
odysseus,root.roll,7.75,-0.7,-0.8,,,0,0
odysseus,root.roll,7.833,-0.8,-0.7,,,0,0
odysseus,root.roll,7.917,-0.8,-0.7,,,0,0
odysseus,root.roll,8,-0.9,-0.7,,,0,0
odysseus,root.roll,8.083,-0.9,0,,,0,0
odysseus,root.roll,8.167,-0.9,-0.7,,,0,0
odysseus,root.roll,8.25,-0.9,0.2,,,0,0
odysseus,root.roll,8.333,-0.5,4.5,,,0,0
odysseus,root.roll,8.417,0.2,8.9,,,0,0
odysseus,root.roll,8.5,0.6,4.3,,,0,0
odysseus,root.roll,8.583,0.6,0.7,,,0,0
odysseus,root.roll,8.667,0.7,0.7,,,0,0
odysseus,root.roll,8.75,0.7,0.7,,,0,0
odysseus,root.roll,8.833,0.8,0.7,,,0,0
odysseus,root.roll,8.917,0.9,0.7,,,0,0
odysseus,root.roll,9,0.9,0.7,,,0,0
odysseus,root.roll,9.083,1,0.7,,,0,0
odysseus,root.roll,9.167,1,0.7,,,0,0
odysseus,root.roll,9.25,1.1,0.7,,,0,0
odysseus,root.roll,9.333,1.1,0,,,0,0
odysseus,root.roll,9.583,1,-0.7,,,0,0
odysseus,root.roll,9.667,1,-0.7,,,0,0
odysseus,root.roll,9.75,0.9,-1.4,,,0,0
odysseus,root.roll,9.833,0.7,-1.4,,,0,0
odysseus,root.roll,9.917,0.7,-0.7,,,0,0
odysseus,root.roll,10,0.6,-1.6,,,0,0
odysseus,root.roll,10.083,0.5,-1.1,,,0,0
odysseus,root.roll,10.167,0.3,-1.4,,,0,0
odysseus,root.roll,10.25,0.3,-0.7,,,0,0
odysseus,root.roll,10.333,0.3,0.3,,,0,0
odysseus,root.roll,10.417,0.4,1,,,0,0
odysseus,root.roll,10.5,0.4,0.2,,,0,0
odysseus,root.roll,10.667,0.5,1.2,,,0,0
odysseus,root.roll,10.75,0.6,0.6,,,0,0
odysseus,root.roll,10.833,0.6,0.5,,,0,0
odysseus,root.roll,10.917,0.7,0.5,,,0,0
odysseus,root.roll,11.333,0.8,0.7,,,0,0
odysseus,root.roll,11.417,0.8,-0.2,,,0,0
odysseus,root.roll,12.083,0.8,-0.5,,,0,0
odysseus,root.roll,12.167,0.8,-0.3,,,0,0
odysseus,root.roll,12.25,0.7,-0.9,,,0,0
odysseus,root.roll,12.333,0.7,-0.9,,,0,0
odysseus,root.roll,12.417,0.6,-0.9,,,0,0
odysseus,root.roll,12.5,0.5,-0.9,,,0,0
odysseus,root.roll,12.583,0.5,-0.6,,,0,0
odysseus,root.roll,12.667,0.5,-0.1,,,0,0
odysseus,root.roll,12.75,0.4,-0.8,,,0,0
odysseus,root.roll,12.833,0.4,-0.1,,,0,0
odysseus,root.roll,13.583,0.4,0.6,,,0,0
odysseus,root.roll,13.667,0.4,0.2,,,0,0
odysseus,root.roll,13.75,0.5,0.9,,,0,0
odysseus,root.roll,13.833,0.5,0.8,,,0,0
odysseus,root.roll,13.917,0.7,1.9,,,0,0
odysseus,root.roll,14,0.9,2.1,,,0,0
odysseus,root.roll,14.083,1,1.7,,,0,0
odysseus,root.roll,14.167,1.2,2.2,,,0,0
odysseus,root.roll,14.25,1.3,1.2,,,0,0
odysseus,root.roll,14.333,1.4,1.2,,,0,0
odysseus,root.roll,14.417,1.5,0.9,,,0,0
odysseus,root.roll,14.5,1.4,-1.4,,,0,0
odysseus,root.roll,14.583,1,-4.3,,,0,0
odysseus,root.roll,14.667,0.5,-5.6,,,0,0
odysseus,root.roll,14.75,0.4,-2.1,,,0,0
odysseus,root.roll,14.833,0.3,-0.2,,,0,0
odysseus,root.roll,14.917,0.1,-2.7,,,0,0
odysseus,root.roll,15,0.1,-0.7,,,0,0
odysseus,root.roll,15.083,0,-0.4,,,0,0
odysseus,root.roll,15.167,-0.1,-1.3,,,0,0
odysseus,root.roll,15.25,-0.1,-0.7,,,0,0
odysseus,root.roll,15.333,-0.2,-1.1,,,0,0
odysseus,root.roll,15.417,-0.3,-0.9,,,0,0
odysseus,root.roll,15.5,-0.3,-0.3,,,0,0
odysseus,root.roll,15.75,-0.4,-0.9,,,0,0
odysseus,root.roll,15.833,-0.4,-0.1,,,0,0
odysseus,root.roll,15.917,-0.4,0.7,,,0,0
odysseus,root.roll,16,-0.4,0,,,0,0
odysseus,root.roll,16.083,-0.3,0.7,,,0,0
odysseus,root.roll,16.167,-0.2,0.8,,,0,0
odysseus,root.roll,16.25,-0.4,-1.6,,,0,0
odysseus,root.roll,16.333,-0.6,-3.3,,,0,0
odysseus,root.roll,16.417,-0.6,0.7,,,0,0
odysseus,root.roll,16.5,-0.3,3.3,,,0,0
odysseus,root.roll,16.583,-0.3,0.5,,,0,0
odysseus,root.roll,16.667,-0.4,-1.2,,,0,0
odysseus,root.roll,16.75,-0.4,0,,,0,0
odysseus,root.roll,17,-0.5,-0.9,,,0,0
odysseus,root.roll,17.083,-0.6,-1.4,,,0,0
odysseus,root.roll,17.167,-0.7,-1.4,,,0,0
odysseus,root.roll,17.25,-0.8,-1.4,,,0,0
odysseus,root.roll,17.333,-0.9,-0.7,,,0,0
odysseus,root.roll,17.417,-1,-1.4,,,0,0
odysseus,root.roll,17.5,-1,-0.7,,,0,0
odysseus,root.roll,17.583,-1.1,-0.7,,,0,0
odysseus,root.roll,17.667,-1.1,-0.7,,,0,0
odysseus,root.roll,17.75,-1.1,0,,,0,0
odysseus,root.roll,18.167,-1.1,0.7,,,0,0
odysseus,root.roll,18.25,-1.1,0,,,0,0
odysseus,root.roll,18.333,-1,0.7,,,0,0
odysseus,root.roll,18.417,-1,0.7,,,0,0
odysseus,root.roll,18.5,-0.9,0.7,,,0,0
odysseus,root.roll,18.583,-0.9,0.7,,,0,0
odysseus,root.roll,18.667,-0.8,0.7,,,0,0
odysseus,root.roll,18.75,-0.7,0.7,,,0,0
odysseus,root.roll,18.833,-0.7,0.7,,,0,0
odysseus,root.roll,18.917,-0.6,1.4,,,0,0
odysseus,root.roll,19,-0.5,0.7,,,0,0
odysseus,root.roll,19.083,-0.5,0.7,,,0,0
odysseus,root.roll,19.167,-0.3,1.4,,,0,0
odysseus,root.roll,19.25,-0.3,0.7,,,0,0
odysseus,root.roll,19.333,-0.2,1.4,,,0,0
odysseus,root.roll,19.417,-0.1,0.7,,,0,0
odysseus,root.roll,19.5,-0.1,0.7,,,0,0
odysseus,root.roll,19.583,0,0.7,,,0,0
odysseus,root.roll,19.667,0.1,0.7,,,0,0
odysseus,root.roll,19.75,0.1,0,,,0,0
odysseus,root.roll,19.833,0.1,0.7,,,0,0
odysseus,root.roll,19.917,0.1,0,,,0,0
odysseus,root.roll,20.083,0.2,0.7,,,0,0
odysseus,root.roll,20.167,0.2,0,,,0,0
odysseus,root.roll,20.333,0.2,0.7,,,0,0
odysseus,root.roll,20.417,0.2,0,,,0,0
odysseus,root.roll,20.5,0.3,0.7,,,0,0
odysseus,root.roll,20.583,0.3,0,,,0,0
odysseus,root.roll,21,0.2,-0.7,,,0,0
odysseus,root.roll,21.083,0.2,0,,,0,0
odysseus,root.roll,21.25,0.2,-0.7,,,0,0
odysseus,root.roll,21.333,0.2,0,,,0,0
odysseus,root.roll,21.417,0.1,-0.7,,,0,0
odysseus,root.roll,21.5,0.1,0,,,0,0
odysseus,root.roll,21.583,0.1,-0.7,,,0,0
odysseus,root.roll,21.667,0.1,0,,,0,0
odysseus,root.roll,21.75,0,-0.7,,,0,0
odysseus,root.roll,21.833,0,0,,,0,0
odysseus,root.roll,21.917,-0.1,-0.7,,,0,0
odysseus,root.roll,22,-0.1,0,,,0,0
odysseus,root.roll,22.167,-0.1,-0.7,,,0,0
odysseus,root.roll,22.25,-0.1,0,,,0,0
odysseus,root.roll,22.333,-0.2,-0.7,,,0,0
odysseus,root.roll,22.417,-0.2,0,,,0,0
odysseus,root.roll,22.833,-0.1,0.7,,,0,0
odysseus,root.roll,22.917,-0.1,0.7,,,0,0
odysseus,root.roll,23,0,0.7,,,0,0
odysseus,root.roll,23.083,0.1,0.7,,,0,0
odysseus,root.roll,23.167,0.1,0.7,,,0,0
odysseus,root.roll,23.25,0.2,1.4,,,0,0
odysseus,root.roll,23.333,0.3,0.7,,,0,0
odysseus,root.roll,23.417,0.3,0.7,,,0,0
odysseus,root.roll,23.5,0.5,1.4,,,0,0
odysseus,root.roll,23.583,0.5,0.7,,,0,0
odysseus,root.roll,23.667,0.6,0.7,,,0,0
odysseus,root.roll,23.75,0.6,0.7,,,0,0
odysseus,root.roll,23.833,0.7,1.4,,,0,0
odysseus,root.roll,23.917,0.8,0.7,,,0,0
odysseus,root.roll,24,0.9,0.7,,,0,0
odysseus,root.roll,24.083,0.9,0.7,,,0,0
odysseus,root.roll,24.167,1,0.7,,,0,0
odysseus,root.roll,24.25,1,0,,,0,0
odysseus,root.roll,24.333,1,0.7,,,0,0
odysseus,root.roll,24.417,1,0,,,0,0
odysseus,root.roll,24.5,1.1,0.7,,,0,0
odysseus,root.roll,24.583,1.1,0,,,0,0
odysseus,root.roll,24.75,1,-0.7,,,0,0
odysseus,root.roll,24.833,1,0,,,0,0
odysseus,root.roll,24.917,1,-0.7,,,0,0
odysseus,root.roll,25,0.9,-0.7,,,0,0
odysseus,root.roll,25.083,0.9,-0.7,,,0,0
odysseus,root.roll,25.167,0.7,-1.4,,,0,0
odysseus,root.roll,25.25,0.7,-0.7,,,0,0
odysseus,root.roll,25.333,0.6,-1.4,,,0,0
odysseus,root.roll,25.417,0.5,-0.7,,,0,0
odysseus,root.roll,25.5,0.5,-0.7,,,0,0
odysseus,root.roll,25.583,0.4,-0.7,,,0,0
odysseus,root.roll,25.667,0.3,-0.7,,,0,0
odysseus,root.roll,25.75,0.2,-1.4,,,0,0
odysseus,root.roll,25.833,0.2,-0.7,,,0,0
odysseus,root.roll,25.917,0.1,-1.4,,,0,0
odysseus,root.roll,26,0,-0.7,,,0,0
odysseus,root.roll,26.083,-0.1,-0.7,,,0,0
odysseus,root.roll,26.167,-0.2,-1.4,,,0,0
odysseus,root.roll,26.25,-0.2,-0.7,,,0,0
odysseus,root.roll,26.333,-0.3,-0.7,,,0,0
odysseus,root.roll,26.417,-0.4,-1.4,,,0,0
odysseus,root.roll,26.5,-0.5,-0.7,,,0,0
odysseus,root.roll,26.583,-0.5,-0.7,,,0,0
odysseus,root.roll,26.667,-0.6,-0.7,,,0,0
odysseus,root.roll,26.75,-0.6,-0.7,,,0,0
odysseus,root.roll,26.833,-0.7,-0.7,,,0,0
odysseus,root.roll,26.917,-0.7,0,,,0,0
odysseus,root.roll,27,-0.7,-0.7,,,0,0
odysseus,root.roll,27.083,-0.7,0,,,0,0
odysseus,root.roll,27.167,-0.8,-0.7,,,0,0
odysseus,root.roll,27.25,-0.8,0,,,0,0
odysseus,root.roll,27.5,-0.9,-0.7,,,0,0
odysseus,root.roll,27.583,-0.9,0,,,0,0
odysseus,root.roll,27.917,-0.8,0.7,,,0,0
odysseus,root.roll,28,-0.7,0.7,,,0,0
odysseus,root.roll,28.083,-0.7,0,,,0,0
odysseus,root.roll,28.167,-0.6,1.4,,,0,0
odysseus,root.roll,28.25,-0.6,0.7,,,0,0
odysseus,root.roll,28.333,-0.5,0.7,,,0,0
odysseus,root.roll,28.417,-0.5,0.7,,,0,0
odysseus,root.roll,28.5,-0.4,0.7,,,0,0
odysseus,root.roll,28.583,-0.3,0.7,,,0,0
odysseus,root.roll,28.667,-0.2,1.4,,,0,0
odysseus,root.roll,28.75,-0.2,0.7,,,0,0
odysseus,root.roll,28.833,-0.1,0.7,,,0,0
odysseus,root.roll,28.917,-0.1,0.7,,,0,0
odysseus,root.roll,29,-0.1,0,,,0,0
odysseus,root.roll,29.083,0,0.7,,,0,0
odysseus,root.roll,29.167,0.1,0.7,,,0,0
odysseus,root.roll,29.25,0.1,0,,,0,0
odysseus,root.roll,29.333,0.1,0.7,,,0,0
odysseus,root.roll,29.417,0.1,0,,,0,0
odysseus,root.roll,29.917,0.1,-0.7,,,0,0
odysseus,root.roll,30,0,-0.6,,,0,0
odysseus,root.roll,30.083,0,-0.4,,,0,0
odysseus,root.roll,30.167,-0.1,-0.6,,,0,0
odysseus,root.roll,30.25,-0.1,-0.9,,,0,0
odysseus,root.roll,30.333,-0.2,-1,,,0,0
odysseus,root.roll,30.417,-0.3,-0.7,,,0,0
odysseus,root.roll,30.5,-0.3,-0.7,,,0,0
odysseus,root.roll,30.583,-0.4,-0.7,,,0,0
odysseus,root.roll,30.667,-0.5,-0.7,,,0,0
odysseus,root.roll,30.75,-0.5,0,,,0,0
odysseus,root.roll,30.917,-0.5,-0.7,,,0,0
odysseus,root.roll,31,-0.5,0,,,0,0
odysseus,root.roll,31.5,-0.5,0.7,,,0,0
odysseus,root.roll,31.583,-0.5,0,,,0,0
odysseus,root.roll,31.667,-0.4,0.7,,,0,0
odysseus,root.roll,31.75,-0.4,0,,,0,0
odysseus,root.roll,31.833,-0.4,0.5,,,0,0
odysseus,root.roll,31.917,-0.3,0.5,,,0,0
odysseus,root.roll,32,-0.3,0.6,,,0,0
odysseus,root.roll,32.083,-0.2,0.8,,,0,0
odysseus,root.roll,32.167,-0.1,1,,,0,0
odysseus,root.roll,32.25,-0.1,0.7,,,0,0
odysseus,root.roll,32.333,0.1,1.4,,,0,0
odysseus,root.roll,32.417,0.1,0.7,,,0,0
odysseus,root.roll,32.5,0.2,0.7,,,0,0
odysseus,root.roll,32.583,0.2,0.7,,,0,0
odysseus,root.roll,32.667,0.3,0.7,,,0,0
odysseus,root.roll,32.75,0.3,0.7,,,0,0
odysseus,root.roll,32.833,0.4,0.7,,,0,0
odysseus,root.roll,32.917,0.5,0.7,,,0,0
odysseus,root.roll,33,0.5,0.7,,,0,0
odysseus,root.roll,33.083,0.6,0.7,,,0,0
odysseus,root.roll,33.167,0.6,0.7,,,0,0
odysseus,root.roll,33.25,0.7,1.4,,,0,0
odysseus,root.roll,33.333,0.8,0.7,,,0,0
odysseus,root.roll,33.417,0.9,0.7,,,0,0
odysseus,root.roll,33.5,0.9,0.7,,,0,0
odysseus,root.roll,33.583,1,0.7,,,0,0
odysseus,root.roll,33.667,1,0.7,,,0,0
odysseus,root.roll,33.75,1,0,,,0,0
odysseus,root.roll,33.833,1.1,0.7,,,0,0
odysseus,root.roll,33.917,1.1,0,,,0,0
odysseus,root.roll,34,1.1,0.7,,,0,0
odysseus,root.roll,34.083,1.1,0,,,0,0
odysseus,root.roll,34.167,1.1,-0.7,,,0,0
odysseus,root.roll,34.25,1.1,0,,,0,0
odysseus,root.roll,34.417,1,-0.7,,,0,0
odysseus,root.roll,34.5,1,-0.7,,,0,0
odysseus,root.roll,34.583,1,0,,,0,0
odysseus,root.roll,34.667,0.9,-0.7,,,0,0
odysseus,root.roll,34.75,0.8,-1.4,,,0,0
odysseus,root.roll,34.833,0.7,-0.7,,,0,0
odysseus,root.roll,34.917,0.7,-0.7,,,0,0
odysseus,root.roll,35,0.6,-0.7,,,0,0
odysseus,root.roll,35.083,0.5,-1.4,,,0,0
odysseus,root.roll,35.167,0.4,-1.4,,,0,0
odysseus,root.roll,35.25,0.3,-0.7,,,0,0
odysseus,root.roll,35.333,0.2,-1.4,,,0,0
odysseus,root.roll,35.417,0.1,-1.4,,,0,0
odysseus,root.roll,35.5,0,-1.4,,,0,0
odysseus,root.roll,35.583,-0.1,-1.4,,,0,0
odysseus,root.roll,35.667,-0.2,-1.4,,,0,0
odysseus,root.roll,35.75,-0.3,-0.9,,,0,0
odysseus,root.roll,35.833,-0.4,-0.8,,,0,0
odysseus,root.roll,35.917,-0.4,-0.7,,,0,0
odysseus,root.roll,36,-0.5,-0.6,,,0,0
odysseus,root.roll,36.083,-0.5,0.2,,,0,0
odysseus,root.roll,36.167,-0.5,-0.7,,,0,0
odysseus,root.roll,36.25,-0.5,0,,,0,0
odysseus,root.roll,36.833,-0.5,0.7,,,0,0
odysseus,root.roll,36.917,-0.5,0,,,0,0
odysseus,root.roll,37,-0.4,0.7,,,0,0
odysseus,root.roll,37.083,-0.4,0,,,0,0
odysseus,root.roll,37.167,-0.3,0.7,,,0,0
odysseus,root.roll,37.25,-0.3,0.7,,,0,0
odysseus,root.roll,37.333,-0.2,0.7,,,0,0
odysseus,root.roll,37.417,-0.2,0,,,0,0
odysseus,root.roll,37.5,-0.2,0.7,,,0,0
odysseus,root.roll,37.583,-0.1,0.7,,,0,0
odysseus,root.roll,37.667,-0.1,0.2,,,0,0
odysseus,root.roll,37.75,0,0.9,,,0,0
odysseus,root.roll,37.833,0,0,,,0,0
odysseus,root.roll,38.917,-0.1,-0.7,,,0,0
odysseus,root.roll,39,-0.1,0,,,0,0
odysseus,root.roll,39.083,-0.2,-0.7,,,0,0
odysseus,root.roll,39.167,-0.2,0,,,0,0
odysseus,root.roll,39.25,-0.2,-0.7,,,0,0
odysseus,root.roll,39.333,-0.3,-0.7,,,0,0
odysseus,root.roll,39.417,-0.3,0,,,0,0
odysseus,root.roll,39.5,-0.3,-0.7,,,0,0
odysseus,root.roll,39.583,-0.4,-0.7,,,0,0
odysseus,root.roll,39.667,-0.5,-0.7,,,0,0
odysseus,root.roll,39.75,-0.5,-0.7,,,0,0
odysseus,root.roll,39.833,-0.5,0,,,0,0
odysseus,root.roll,39.917,-0.6,-0.7,,,0,0
odysseus,root.roll,40,-0.6,-0.7,,,0,0
odysseus,root.roll,40.083,-0.7,-0.7,,,0,0
odysseus,root.roll,40.167,-0.7,0,,,0,0
odysseus,root.roll,40.25,-0.7,-0.7,,,0,0
odysseus,root.roll,40.333,-0.7,0,,,0,0
odysseus,root.roll,40.417,-0.8,-0.7,,,0,0
odysseus,root.roll,40.5,-0.9,-0.7,,,0,0
odysseus,root.roll,40.583,-0.9,0,,,0,0
odysseus,root.roll,40.667,-0.9,-0.7,,,0,0
odysseus,root.roll,40.75,-0.9,0,,,0,0
odysseus,root.roll,41,-0.9,0.7,,,0,0
odysseus,root.roll,41.083,-0.8,0.7,,,0,0
odysseus,root.roll,41.167,-0.7,0.7,,,0,0
odysseus,root.roll,41.25,-0.7,0.7,,,0,0
odysseus,root.roll,41.333,-0.6,0.7,,,0,0
odysseus,root.roll,41.417,-0.5,1.4,,,0,0
odysseus,root.roll,41.5,-0.5,0.7,,,0,0
odysseus,root.roll,41.583,-0.3,1.4,,,0,0
odysseus,root.roll,41.667,-0.2,1.4,,,0,0
odysseus,root.roll,41.75,-0.2,0.7,,,0,0
odysseus,root.roll,41.833,-0.1,1.4,,,0,0
odysseus,root.roll,41.917,0.1,1.4,,,0,0
odysseus,root.roll,42,0.2,1.4,,,0,0
odysseus,root.roll,42.083,0.2,0.7,,,0,0
odysseus,root.roll,42.167,0.3,1.4,,,0,0
odysseus,root.roll,42.25,0.5,1.4,,,0,0
odysseus,root.roll,42.333,0.5,0.7,,,0,0
odysseus,root.roll,42.417,0.6,1.4,,,0,0
odysseus,root.roll,42.5,0.7,0.7,,,0,0
odysseus,root.roll,42.583,0.8,1.4,,,0,0
odysseus,root.roll,42.667,0.9,0.7,,,0,0
odysseus,root.roll,42.75,0.9,0.7,,,0,0
odysseus,root.roll,42.833,1,0.7,,,0,0
odysseus,root.roll,42.917,1,0,,,0,0
odysseus,root.roll,43,1,0.7,,,0,0
odysseus,root.roll,43.083,1,0,,,0,0
odysseus,root.roll,43.25,1,-0.7,,,0,0
odysseus,root.roll,43.333,1,0,,,0,0
odysseus,root.roll,43.417,0.9,-0.7,,,0,0
odysseus,root.roll,43.5,0.9,0,,,0,0
odysseus,root.roll,43.583,0.9,-0.7,,,0,0
odysseus,root.roll,43.667,0.9,0,,,0,0
odysseus,root.roll,43.75,0.8,-0.7,,,0,0
odysseus,root.roll,43.833,0.8,0,,,0,0
odysseus,root.roll,43.917,0.7,-0.7,,,0,0
odysseus,root.roll,44,0.7,-0.7,,,0,0
odysseus,root.roll,44.083,0.7,0,,,0,0
odysseus,root.roll,44.167,0.6,-0.7,,,0,0
odysseus,root.roll,44.25,0.6,-0.7,,,0,0
odysseus,root.roll,44.333,0.5,-0.7,,,0,0
odysseus,root.roll,44.417,0.5,-0.7,,,0,0
odysseus,root.roll,44.5,0.4,-0.7,,,0,0
odysseus,root.roll,44.583,0.3,-0.7,,,0,0
odysseus,root.roll,44.667,0.3,-0.7,,,0,0
odysseus,root.roll,44.75,0.2,-0.7,,,0,0
odysseus,root.roll,44.833,0.2,-0.7,,,0,0
odysseus,root.roll,44.917,0.1,-0.7,,,0,0
odysseus,root.roll,45,0.1,0,,,0,0
odysseus,root.roll,45.083,0.1,-0.7,,,0,0
odysseus,root.roll,45.167,0,-0.7,,,0,0
odysseus,root.roll,45.25,0,0,,,0,0
odysseus,root.roll,45.333,-0.1,-0.7,,,0,0
odysseus,root.roll,45.417,-0.1,0,,,0,0
odysseus,root.roll,45.5,-0.1,-0.7,,,0,0
odysseus,root.roll,45.583,-0.1,0,,,0,0
odysseus,root.roll,45.75,-0.2,-0.7,,,0,0
odysseus,root.roll,45.833,-0.2,0,,,0,0
odysseus,root.roll,45.917,-0.2,-0.7,,,0,0
odysseus,root.roll,46,-0.2,0,,,0,0
odysseus,root.roll,46.167,-0.2,0.7,,,0,0
odysseus,root.roll,46.25,-0.2,0,,,0,0
odysseus,root.roll,46.333,-0.1,0.7,,,0,0
odysseus,root.roll,46.417,-0.1,0.7,,,0,0
odysseus,root.roll,46.5,0,0.7,,,0,0
odysseus,root.roll,46.583,0,0,,,0,0
odysseus,root.roll,46.667,0.1,0.7,,,0,0
odysseus,root.roll,46.75,0.1,0.7,,,0,0
odysseus,root.roll,46.833,0.2,0.7,,,0,0
odysseus,root.roll,46.917,0.2,0.7,,,0,0
odysseus,root.roll,47,0.2,0,,,0,0
odysseus,root.roll,47.083,0.3,0.7,,,0,0
odysseus,root.roll,47.167,0.3,0,,,0,0
odysseus,torso.lean,0,-1.7,0,-17.2,21.8,0.0094,0
odysseus,torso.lean,0.167,-1.7,0.5,-17.2,21.8,0.0092,0
odysseus,torso.lean,0.25,-1.6,0.8,-17.2,21.8,0.0088,0
odysseus,torso.lean,0.333,-1.5,1.1,-17.2,21.8,0.0083,0
odysseus,torso.lean,0.417,-1.4,1.3,-17.2,21.8,0.0077,0
odysseus,torso.lean,0.5,-1.3,1.5,-17.2,21.8,0.007,0
odysseus,torso.lean,0.583,-1.1,1.6,-17.2,21.8,0.0063,0
odysseus,torso.lean,0.667,-1,1.7,-17.2,21.8,0.0055,0
odysseus,torso.lean,0.75,-0.9,1.7,-17.2,21.8,0.0047,0
odysseus,torso.lean,0.833,-0.7,1.7,-17.2,21.8,0.0039,0
odysseus,torso.lean,0.917,-0.6,1.7,-17.2,21.8,0.0032,0
odysseus,torso.lean,1,-0.4,1.6,-17.2,21.8,0.0025,0
odysseus,torso.lean,1.083,-0.3,1.5,-17.2,21.8,0.0018,0
odysseus,torso.lean,1.167,-0.2,1.3,-17.2,21.8,0.0012,0
odysseus,torso.lean,1.25,-0.1,1.1,-17.2,21.8,0.0007,0
odysseus,torso.lean,1.333,-0.1,0.8,-17.2,21.8,0.0004,0
odysseus,torso.lean,1.417,0,0.5,-17.2,21.8,0.0001,0
odysseus,torso.lean,1.5,0,0.2,-17.2,21.8,0.0001,0
odysseus,torso.lean,1.833,-0.1,-0.6,-17.2,21.8,0.0007,0
odysseus,torso.lean,1.917,-0.2,-0.8,-17.2,21.8,0.0011,0
odysseus,torso.lean,2,-0.3,-0.9,-17.2,21.8,0.0015,0
odysseus,torso.lean,2.083,-0.4,-1,-17.2,21.8,0.0019,0
odysseus,torso.lean,2.167,-0.4,-1.1,-17.2,21.8,0.0025,0
odysseus,torso.lean,2.25,-0.5,-1.2,-17.2,21.8,0.003,0
odysseus,torso.lean,2.333,-0.6,-1.2,-17.2,21.8,0.0035,0
odysseus,torso.lean,2.417,-0.8,-1.3,-17.2,21.8,0.0041,0
odysseus,torso.lean,2.5,-0.9,-1.3,-17.2,21.8,0.0047,0
odysseus,torso.lean,2.583,-1,-1.3,-17.2,21.8,0.0053,0
odysseus,torso.lean,2.667,-1.1,-1.3,-17.2,21.8,0.0059,0
odysseus,torso.lean,2.75,-1.2,-1.2,-17.2,21.8,0.0064,0
odysseus,torso.lean,2.833,-1.3,-1.2,-17.2,21.8,0.007,0
odysseus,torso.lean,2.917,-1.4,-1.1,-17.2,21.8,0.0075,0
odysseus,torso.lean,3,-1.4,-1,-17.2,21.8,0.008,0
odysseus,torso.lean,3.083,-1.5,-0.9,-17.2,21.8,0.0084,0
odysseus,torso.lean,3.167,-1.6,-0.8,-17.2,21.8,0.0087,0
odysseus,torso.lean,3.25,-1.6,-0.6,-17.2,21.8,0.009,0
odysseus,torso.lean,3.333,-1.7,-0.5,-17.2,21.8,0.0092,0
odysseus,torso.lean,3.667,-1.7,0.5,-17.2,21.8,0.0091,0
odysseus,torso.lean,3.75,-1.6,0.8,-17.2,21.8,0.0088,0
odysseus,torso.lean,3.833,-1.5,1.1,-17.2,21.8,0.0083,0
odysseus,torso.lean,3.917,-1.4,1.3,-17.2,21.8,0.0077,0
odysseus,torso.lean,4,-1.3,1.5,-17.2,21.8,0.007,0
odysseus,torso.lean,4.083,-1.1,1.6,-17.2,21.8,0.0063,0
odysseus,torso.lean,4.167,-1,1.7,-17.2,21.8,0.0055,0
odysseus,torso.lean,4.25,-0.9,1.7,-17.2,21.8,0.0047,0
odysseus,torso.lean,4.333,-0.7,1.7,-17.2,21.8,0.0039,0
odysseus,torso.lean,4.417,-0.6,1.7,-17.2,21.8,0.0032,0
odysseus,torso.lean,4.5,-0.4,1.6,-17.2,21.8,0.0024,0
odysseus,torso.lean,4.583,-0.3,1.5,-17.2,21.8,0.0018,0
odysseus,torso.lean,4.667,-0.2,1.3,-17.2,21.8,0.0012,0
odysseus,torso.lean,4.75,-0.1,1.1,-17.2,21.8,0.0007,0
odysseus,torso.lean,4.833,-0.1,0.8,-17.2,21.8,0.0004,0
odysseus,torso.lean,4.917,0,0.5,-17.2,21.8,0.0001,0
odysseus,torso.lean,5,0,0.2,-17.2,21.8,0.0001,0
odysseus,torso.lean,5.333,-0.1,-0.6,-17.2,21.8,0.0007,0
odysseus,torso.lean,5.417,-0.2,-0.8,-17.2,21.8,0.0011,0
odysseus,torso.lean,5.5,-0.3,-0.9,-17.2,21.8,0.0015,0
odysseus,torso.lean,5.583,-0.4,-1,-17.2,21.8,0.0019,0
odysseus,torso.lean,5.667,-0.4,-1.1,-17.2,21.8,0.0024,0
odysseus,torso.lean,5.75,-0.5,-1.2,-17.2,21.8,0.003,0
odysseus,torso.lean,5.833,-0.6,-1.2,-17.2,21.8,0.0035,0
odysseus,torso.lean,5.917,-0.7,-1.3,-17.2,21.8,0.0041,0
odysseus,torso.lean,6,-0.9,-1.3,-17.2,21.8,0.0047,0
odysseus,torso.lean,6.083,-1,-1.3,-17.2,21.8,0.0053,0
odysseus,torso.lean,6.167,-1.1,-1.3,-17.2,21.8,0.0059,0
odysseus,torso.lean,6.25,-1.2,-1.2,-17.2,21.8,0.0064,0
odysseus,torso.lean,6.333,-1.3,-1.2,-17.2,21.8,0.007,0
odysseus,torso.lean,6.417,-1.4,-1.1,-17.2,21.8,0.0075,0
odysseus,torso.lean,6.5,-1.4,-1,-17.2,21.8,0.0079,0
odysseus,torso.lean,6.583,-1.5,-0.9,-17.2,21.8,0.0084,0
odysseus,torso.lean,6.667,-1.6,-0.8,-17.2,21.8,0.0087,0
odysseus,torso.lean,6.75,-1.6,-0.6,-17.2,21.8,0.009,0
odysseus,torso.lean,6.833,-1.7,-0.5,-17.2,21.8,0.0092,0
odysseus,torso.lean,7.083,-1.4,4.1,-17.2,21.8,0.0083,0.001
odysseus,torso.lean,7.167,-0.4,11.6,-17.2,21.8,0.0036,0.001
odysseus,torso.lean,7.25,1.1,17.9,-17.2,21.8,0.007,0.004
odysseus,torso.lean,7.333,3,23,-17.2,21.8,0.0173,0.015
odysseus,torso.lean,7.417,3.3,3.8,-17.2,21.8,0.0216,0.004
odysseus,torso.lean,7.5,3.4,1.5,-17.2,21.8,0.0193,0.002
odysseus,torso.lean,7.583,3.4,0,-17.2,21.8,0.0191,0.001
odysseus,torso.lean,8.25,3.1,-3.8,-17.2,21.8,0.0178,0.003
odysseus,torso.lean,8.333,2.2,-11.3,-17.2,21.8,0.0133,0.006
odysseus,torso.lean,8.417,0.6,-18.8,-17.2,21.8,0.0048,0.003
odysseus,torso.lean,8.5,-0.7,-15.6,-17.2,21.8,0.0042,0.002
odysseus,torso.lean,8.583,-1.5,-9.4,-17.2,21.8,0.0091,0.003
odysseus,torso.lean,8.667,-1.7,-3.1,-17.2,21.8,0.0105,0.001
odysseus,torso.lean,8.75,-1.4,3.2,-17.2,21.8,0.0091,0.001
odysseus,torso.lean,8.833,-0.9,7.1,-17.2,21.8,0.0054,0.001
odysseus,torso.lean,8.917,-0.3,7.1,-17.2,21.8,0.0014,0
odysseus,torso.lean,9,0,3.2,-17.2,21.8,0.0007,0
odysseus,torso.lean,9.083,0,0,-17.2,21.8,0.0006,0
odysseus,torso.lean,9.667,1.9,22.4,-17.2,21.8,0.0143,0.012
odysseus,torso.lean,9.75,2.2,4.4,-17.2,21.8,0.0155,0.003
odysseus,torso.lean,9.833,1.4,-9.9,-17.2,21.8,0.0103,0.004
odysseus,torso.lean,9.917,0.4,-12.5,-17.2,21.8,0.0025,0.001
odysseus,torso.lean,10,-0.5,-10.9,-17.2,21.8,0.0032,0.001
odysseus,torso.lean,10.083,-1.8,-15.5,-17.2,21.8,0.0108,0.006
odysseus,torso.lean,10.167,-3.4,-19.2,-17.2,21.8,0.0194,0.014
odysseus,torso.lean,10.25,-4.9,-17.4,-17.2,21.8,0.027,0.018
odysseus,torso.lean,10.333,-5.7,-10.3,-17.2,21.8,0.0326,0.014
odysseus,torso.lean,10.417,-6.1,-3.8,-17.2,21.8,0.0342,0.007
odysseus,torso.lean,10.5,-6.2,-2.1,-17.2,21.8,0.0343,0.005
odysseus,torso.lean,10.583,-6.3,-0.6,-17.2,21.8,0.0346,0.003
odysseus,torso.lean,10.667,-6.2,0.5,-17.2,21.8,0.0343,0.003
odysseus,torso.lean,10.75,-6.1,1.2,-17.2,21.8,0.0337,0.004
odysseus,torso.lean,10.833,-6,1.6,-17.2,21.8,0.0329,0.004
odysseus,torso.lean,10.917,-5.9,1.6,-17.2,21.8,0.0321,0.004
odysseus,torso.lean,11,-5.8,1.2,-17.2,21.8,0.0316,0.003
odysseus,torso.lean,11.083,-5.7,0.5,-17.2,21.8,0.0315,0.003
odysseus,torso.lean,13.25,-5.8,-0.6,-17.2,21.8,0.0317,0.003
odysseus,torso.lean,13.333,-5.9,-1.4,-17.2,21.8,0.0324,0.004
odysseus,torso.lean,13.417,-6,-1.6,-17.2,21.8,0.033,0.004
odysseus,torso.lean,13.5,-6.1,-1.2,-17.2,21.8,0.0336,0.004
odysseus,torso.lean,13.583,-6.1,-0.2,-17.2,21.8,0.0338,0.003
odysseus,torso.lean,13.667,-6,1.4,-17.2,21.8,0.0333,0.004
odysseus,torso.lean,13.75,-5.7,3.6,-17.2,21.8,0.0317,0.006
odysseus,torso.lean,13.833,-5.1,7.4,-17.2,21.8,0.0287,0.009
odysseus,torso.lean,13.917,-4.2,11.2,-17.2,21.8,0.0235,0.01
odysseus,torso.lean,14,-3.1,13.3,-17.2,21.8,0.0172,0.009
odysseus,torso.lean,14.083,-2,13.4,-17.2,21.8,0.0107,0.005
odysseus,torso.lean,14.167,-1,11.8,-17.2,21.8,0.0056,0.002
odysseus,torso.lean,14.25,-0.3,8.4,-17.2,21.8,0.0021,0.001
odysseus,torso.lean,14.333,0.3,6.7,-17.2,21.8,0.0019,0
odysseus,torso.lean,14.417,1.1,10.1,-17.2,21.8,0.0068,0.002
odysseus,torso.lean,14.5,2,10.4,-17.2,21.8,0.011,0.004
odysseus,torso.lean,14.583,2.6,6.6,-17.2,21.8,0.0146,0.004
odysseus,torso.lean,14.667,2.6,0.9,-17.2,21.8,0.0154,0.001
odysseus,torso.lean,14.75,2.5,-1.4,-17.2,21.8,0.0142,0.001
odysseus,torso.lean,14.833,3.4,11.2,-17.2,21.8,0.0211,0.009
odysseus,torso.lean,14.917,3.4,0,-17.2,21.8,0.0209,0.001
odysseus,torso.lean,16.083,3.4,-1,-17.2,21.8,0.0186,0.001
odysseus,torso.lean,16.167,3.1,-3.1,-17.2,21.8,0.0174,0.002
odysseus,torso.lean,16.25,2.7,-5.1,-17.2,21.8,0.015,0.003
odysseus,torso.lean,16.333,2.1,-7.1,-17.2,21.8,0.0118,0.003
odysseus,torso.lean,16.417,1.3,-9.2,-17.2,21.8,0.0076,0.003
odysseus,torso.lean,16.5,0,-15.9,-17.2,21.8,0.0012,0.001
odysseus,torso.lean,16.583,-1,-11.4,-17.2,21.8,0.006,0.002
odysseus,torso.lean,16.667,-1.5,-6.8,-17.2,21.8,0.0092,0.002
odysseus,torso.lean,16.75,-1.7,-2.3,-17.2,21.8,0.0102,0.001
odysseus,torso.lean,16.833,-1.4,3.3,-17.2,21.8,0.0089,0.001
odysseus,torso.lean,16.917,-0.8,7.2,-17.2,21.8,0.0053,0.001
odysseus,torso.lean,17,-0.2,7.2,-17.2,21.8,0.0013,0
odysseus,torso.lean,17.083,0,3.2,-17.2,21.8,0.0008,0
odysseus,torso.lean,17.167,0,0.1,-17.2,21.8,0.0007,0
odysseus,torso.lean,23.083,1,12.1,-17.2,21.8,0.0077,0.003
odysseus,torso.lean,23.167,2,12.2,-17.2,21.8,0.0111,0.005
odysseus,torso.lean,23.25,3,12.1,-17.2,21.8,0.0166,0.008
odysseus,torso.lean,23.333,4,12.2,-17.2,21.8,0.0222,0.01
odysseus,torso.lean,23.417,5.1,12.1,-17.2,21.8,0.0277,0.013
odysseus,torso.lean,23.5,6.1,12.2,-17.2,21.8,0.0332,0.016
odysseus,torso.lean,23.583,6.4,4.2,-17.2,21.8,0.0365,0.008
odysseus,torso.lean,23.667,6.6,1.9,-17.2,21.8,0.0363,0.005
odysseus,torso.lean,23.75,6.7,1.8,-17.2,21.8,0.0368,0.005
odysseus,torso.lean,23.833,6.9,1.9,-17.2,21.8,0.0376,0.005
odysseus,torso.lean,23.917,7,1.8,-17.2,21.8,0.0384,0.005
odysseus,torso.lean,24,7.2,1.9,-17.2,21.8,0.0392,0.006
odysseus,torso.lean,24.083,7.3,1.8,-17.2,21.8,0.0401,0.006
odysseus,torso.lean,24.167,7.5,1.9,-17.2,21.8,0.0409,0.006
odysseus,torso.lean,24.25,7.6,1.8,-17.2,21.8,0.0417,0.006
odysseus,torso.lean,24.333,7.8,1.9,-17.2,21.8,0.0425,0.006
odysseus,torso.lean,24.417,7.9,1.8,-17.2,21.8,0.0434,0.006
odysseus,torso.lean,24.5,8.1,1.9,-17.2,21.8,0.0442,0.007
odysseus,torso.lean,24.583,8.2,1.8,-17.2,21.8,0.045,0.007
odysseus,torso.lean,24.667,8.4,1.9,-17.2,21.8,0.0458,0.007
odysseus,torso.lean,24.75,8.5,1.9,-17.2,21.8,0.0467,0.007
odysseus,torso.lean,24.833,8.7,1.8,-17.2,21.8,0.0475,0.007
odysseus,torso.lean,24.917,8.9,1.9,-17.2,21.8,0.0483,0.008
odysseus,torso.lean,25,9,1.8,-17.2,21.8,0.0491,0.008
odysseus,torso.lean,25.083,9,0.1,-17.2,21.8,0.0495,0.005
odysseus,torso.lean,30.167,9.1,0.7,-17.2,21.8,0.0497,0.006
odysseus,torso.lean,30.25,9.2,1.4,-17.2,21.8,0.0504,0.008
odysseus,torso.lean,30.333,9.4,2.2,-17.2,21.8,0.0514,0.009
odysseus,torso.lean,30.417,9.6,2.9,-17.2,21.8,0.0527,0.011
odysseus,torso.lean,30.5,9.9,3.5,-17.2,21.8,0.0543,0.013
odysseus,torso.lean,30.583,10.3,4.2,-17.2,21.8,0.0562,0.015
odysseus,torso.lean,30.667,10.7,4.9,-17.2,21.8,0.0584,0.017
odysseus,torso.lean,30.75,11.2,5.8,-17.2,21.8,0.061,0.02
odysseus,torso.lean,30.833,11.7,6.5,-17.2,21.8,0.0639,0.023
odysseus,torso.lean,30.917,12.3,7,-17.2,21.8,0.0669,0.025
odysseus,torso.lean,31,12.3,0,-17.2,21.8,0.0681,0.009
odysseus,torso.lean,31.917,10.8,-18.7,-17.2,21.8,0.0621,0.048
odysseus,torso.lean,32,9.5,-15,-17.2,21.8,0.0527,0.033
odysseus,torso.lean,32.083,8.6,-11.7,-17.2,21.8,0.0473,0.024
odysseus,torso.lean,32.167,7.9,-8.5,-17.2,21.8,0.0435,0.017
odysseus,torso.lean,32.25,7.4,-5.2,-17.2,21.8,0.0412,0.011
odysseus,torso.lean,32.333,7.3,-1.7,-17.2,21.8,0.0405,0.006
odysseus,torso.lean,32.417,7.6,3.2,-17.2,21.8,0.0422,0.008
odysseus,torso.lean,32.5,8.2,7.2,-17.2,21.8,0.0453,0.015
odysseus,torso.lean,32.583,8.7,7.1,-17.2,21.8,0.0478,0.016
odysseus,torso.lean,32.667,9,3.2,-17.2,21.8,0.0499,0.011
odysseus,torso.lean,32.75,9,0.1,-17.2,21.8,0.0498,0.005
odysseus,torso.lean,35.75,9,0.5,-17.2,21.8,0.0494,0.006
odysseus,torso.lean,35.833,9.2,1.7,-17.2,21.8,0.0503,0.008
odysseus,torso.lean,35.917,9.4,2.9,-17.2,21.8,0.0516,0.011
odysseus,torso.lean,36,9.8,3.9,-17.2,21.8,0.0534,0.013
odysseus,torso.lean,36.083,10.1,4.7,-17.2,21.8,0.0555,0.015
odysseus,torso.lean,36.167,10.6,5.7,-17.2,21.8,0.0581,0.018
odysseus,torso.lean,36.25,11.2,6.6,-17.2,21.8,0.061,0.022
odysseus,torso.lean,36.333,11.8,7.6,-17.2,21.8,0.0645,0.025
odysseus,torso.lean,36.417,12.5,8.7,-17.2,21.8,0.0683,0.03
odysseus,torso.lean,36.5,12.5,0,-17.2,21.8,0.0697,0.01
odysseus,torso.lean,37.583,11.3,-14.6,-17.2,21.8,0.0639,0.041
odysseus,torso.lean,37.667,10.2,-12.6,-17.2,21.8,0.056,0.031
odysseus,torso.lean,37.75,9.3,-10.8,-17.2,21.8,0.0511,0.024
odysseus,torso.lean,37.833,8.6,-8.8,-17.2,21.8,0.0472,0.019
odysseus,torso.lean,37.917,8,-6.8,-17.2,21.8,0.0441,0.014
odysseus,torso.lean,38,7.6,-4.8,-17.2,21.8,0.042,0.011
odysseus,torso.lean,38.083,7.3,-3.9,-17.2,21.8,0.04,0.009
odysseus,torso.lean,38.167,7.1,-2.1,-17.2,21.8,0.0392,0.006
odysseus,torso.lean,38.25,7.3,2.1,-17.2,21.8,0.0406,0.006
odysseus,torso.lean,38.333,7.8,5.7,-17.2,21.8,0.0431,0.012
odysseus,torso.lean,38.417,8.2,4.8,-17.2,21.8,0.0447,0.011
odysseus,torso.lean,38.5,8.2,0.9,-17.2,21.8,0.0456,0.006
odysseus,torso.lean,38.583,8,-2.3,-17.2,21.8,0.0445,0.008
odysseus,torso.lean,38.667,7.8,-2.3,-17.2,21.8,0.0428,0.007
odysseus,torso.lean,38.75,7.6,-2.3,-17.2,21.8,0.0418,0.007
odysseus,torso.lean,38.833,7.5,-2.3,-17.2,21.8,0.0407,0.007
odysseus,torso.lean,38.917,7.3,-2.3,-17.2,21.8,0.0397,0.006
odysseus,torso.lean,39,7.1,-2.3,-17.2,21.8,0.0386,0.006
odysseus,torso.lean,39.083,6.9,-2.3,-17.2,21.8,0.0375,0.006
odysseus,torso.lean,39.167,6.7,-2.3,-17.2,21.8,0.0365,0.006
odysseus,torso.lean,39.25,6.5,-2.3,-17.2,21.8,0.0354,0.005
odysseus,torso.lean,39.333,6.3,-2.3,-17.2,21.8,0.0344,0.005
odysseus,torso.lean,39.417,6.1,-2.3,-17.2,21.8,0.0333,0.005
odysseus,torso.lean,39.5,5.9,-2.3,-17.2,21.8,0.0322,0.005
odysseus,torso.lean,39.583,5.7,-2.3,-17.2,21.8,0.0312,0.004
odysseus,torso.lean,39.667,5.5,-2.3,-17.2,21.8,0.0301,0.004
odysseus,torso.lean,39.75,5.3,-2.3,-17.2,21.8,0.0291,0.004
odysseus,torso.lean,39.833,5.1,-2.3,-17.2,21.8,0.028,0.004
odysseus,torso.lean,39.917,4.9,-2.3,-17.2,21.8,0.0269,0.004
odysseus,torso.lean,40,4.7,-2.3,-17.2,21.8,0.0259,0.003
odysseus,torso.lean,40.083,4.5,-2.3,-17.2,21.8,0.0248,0.003
odysseus,torso.lean,40.167,4.3,-2.3,-17.2,21.8,0.0238,0.003
odysseus,torso.lean,40.25,4.1,-2.3,-17.2,21.8,0.0227,0.003
odysseus,torso.lean,40.333,4.1,0,-17.2,21.8,0.0231,0.001
odysseus,torso.lean,42.417,4,-1.2,-17.2,21.8,0.0222,0.002
odysseus,torso.lean,42.5,3.9,-1.2,-17.2,21.8,0.0214,0.002
odysseus,torso.lean,42.583,3.8,-1.2,-17.2,21.8,0.0209,0.002
odysseus,torso.lean,42.667,3.7,-1.2,-17.2,21.8,0.0203,0.002
odysseus,torso.lean,42.75,3.6,-1.2,-17.2,21.8,0.0198,0.002
odysseus,torso.lean,42.833,3.5,-1.2,-17.2,21.8,0.0192,0.002
odysseus,torso.lean,42.917,3.4,-1.2,-17.2,21.8,0.0186,0.001
odysseus,torso.lean,43,3.3,-1.2,-17.2,21.8,0.0181,0.001
odysseus,torso.lean,43.083,3.2,-1.2,-17.2,21.8,0.0176,0.001
odysseus,torso.lean,43.167,3.1,-1.2,-17.2,21.8,0.017,0.001
odysseus,torso.lean,43.25,3,-1.2,-17.2,21.8,0.0165,0.001
odysseus,torso.lean,43.333,2.9,-1.2,-17.2,21.8,0.0159,0.001
odysseus,torso.lean,43.417,2.8,-1.2,-17.2,21.8,0.0153,0.001
odysseus,torso.lean,43.5,2.7,-1.2,-17.2,21.8,0.0148,0.001
odysseus,torso.lean,43.583,2.6,-1.2,-17.2,21.8,0.0142,0.001
odysseus,torso.lean,43.667,2.5,-1.2,-17.2,21.8,0.0137,0.001
odysseus,torso.lean,43.75,2.4,-1.2,-17.2,21.8,0.0131,0.001
odysseus,torso.lean,43.833,2.3,-1.2,-17.2,21.8,0.0126,0.001
odysseus,torso.lean,43.917,2.2,-1.2,-17.2,21.8,0.012,0.001
odysseus,torso.lean,44,2.1,-1.2,-17.2,21.8,0.0115,0.001
odysseus,torso.lean,44.083,2,-1.2,-17.2,21.8,0.0109,0.001
odysseus,torso.lean,44.167,1.9,-1.2,-17.2,21.8,0.0103,0.001
odysseus,torso.lean,44.25,1.8,-1.2,-17.2,21.8,0.0098,0.001
odysseus,torso.lean,44.333,1.7,-1.2,-17.2,21.8,0.0092,0.001
odysseus,torso.lean,44.417,1.6,-1.2,-17.2,21.8,0.0087,0.001
odysseus,torso.lean,44.5,1.5,-1.2,-17.2,21.8,0.0081,0
odysseus,torso.lean,44.583,1.4,-1.2,-17.2,21.8,0.0076,0
odysseus,torso.lean,44.667,1.3,-1.2,-17.2,21.8,0.007,0
odysseus,torso.lean,44.75,0,-15.5,-17.2,21.8,0.0026,0.001
odysseus,torso.lean,44.833,0,0,-17.2,21.8,0.0028,0
odysseus,torso.lean,47.167,0,0,-17.2,21.8,0.0001,0
odysseus,torso.twist,0,0,0,-31.5,31.5,0,0
odysseus,torso.twist,7.167,1.3,16,-31.5,31.5,0.0099,0.006
odysseus,torso.twist,7.25,4.6,39.9,-31.5,31.5,0.0296,0.043
odysseus,torso.twist,7.333,8.9,51.9,-31.5,31.5,0.0509,0.097
odysseus,torso.twist,7.417,13.3,51.9,-31.5,31.5,0.072,0.141
odysseus,torso.twist,7.5,16.6,39.9,-31.5,31.5,0.0918,0.145
odysseus,torso.twist,7.583,17.9,16,-31.5,31.5,0.1009,0.077
odysseus,torso.twist,7.667,17.1,-9.4,-31.5,31.5,0.097,0.051
odysseus,torso.twist,7.75,15.3,-22.5,-31.5,31.5,0.085,0.081
odysseus,torso.twist,7.833,13,-26.8,-31.5,31.5,0.0715,0.077
odysseus,torso.twist,7.917,11.2,-22.5,-31.5,31.5,0.0615,0.056
odysseus,torso.twist,8,10.4,-9.4,-31.5,31.5,0.0588,0.026
odysseus,torso.twist,8.083,8,-28,-31.5,31.5,0.0472,0.051
odysseus,torso.twist,8.167,2.5,-66.8,-31.5,31.5,0.0205,0.049
odysseus,torso.twist,8.25,-4.2,-79.7,-31.5,31.5,0.0252,0.071
odysseus,torso.twist,8.333,-9.7,-66.8,-31.5,31.5,0.0554,0.135
odysseus,torso.twist,8.417,-12.1,-28,-31.5,31.5,0.0726,0.081
odysseus,torso.twist,8.5,-12.1,0,-31.5,31.5,0.0707,0.01
odysseus,torso.twist,9.583,-10.7,16.8,-31.5,31.5,0.0612,0.043
odysseus,torso.twist,9.667,-7,44.2,-31.5,31.5,0.0431,0.07
odysseus,torso.twist,9.75,-2.6,52.5,-31.5,31.5,0.0158,0.03
odysseus,torso.twist,9.833,-0.2,29.2,-31.5,31.5,0.0052,0.005
odysseus,torso.twist,9.917,0.2,4.2,-31.5,31.5,0.0054,0.001
odysseus,torso.twist,10,-1,-13.8,-31.5,31.5,0.0086,0.004
odysseus,torso.twist,10.083,-3.4,-28.8,-31.5,31.5,0.0212,0.022
odysseus,torso.twist,10.167,-6.4,-35.7,-31.5,31.5,0.036,0.047
odysseus,torso.twist,10.25,-9.1,-32.5,-31.5,31.5,0.05,0.062
odysseus,torso.twist,10.333,-10.7,-19.1,-31.5,31.5,0.0604,0.048
odysseus,torso.twist,10.417,-11.3,-7.6,-31.5,31.5,0.0635,0.025
odysseus,torso.twist,10.5,-11.7,-4.9,-31.5,31.5,0.0641,0.019
odysseus,torso.twist,10.583,-11.9,-2.5,-31.5,31.5,0.0652,0.014
odysseus,torso.twist,10.667,-11.9,-0.4,-31.5,31.5,0.0653,0.009
odysseus,torso.twist,10.75,-11.8,1.2,-31.5,31.5,0.0647,0.011
odysseus,torso.twist,10.833,-11.6,2.5,-31.5,31.5,0.0635,0.014
odysseus,torso.twist,10.917,-11.3,3.4,-31.5,31.5,0.0619,0.015
odysseus,torso.twist,11,-11,4.1,-31.5,31.5,0.06,0.016
odysseus,torso.twist,11.083,-10.7,4.2,-31.5,31.5,0.0581,0.015
odysseus,torso.twist,11.167,-10.2,5.8,-31.5,31.5,0.0557,0.018
odysseus,torso.twist,11.25,-9.5,8.5,-31.5,31.5,0.0521,0.021
odysseus,torso.twist,11.333,-8.6,10.3,-31.5,31.5,0.0473,0.022
odysseus,torso.twist,11.417,-7.7,11.1,-31.5,31.5,0.0421,0.02
odysseus,torso.twist,11.5,-6.7,11.1,-31.5,31.5,0.0369,0.017
odysseus,torso.twist,11.583,-5.9,10.3,-31.5,31.5,0.0324,0.014
odysseus,torso.twist,11.667,-5.2,8.5,-31.5,31.5,0.0287,0.01
odysseus,torso.twist,11.75,-4.7,5.8,-31.5,31.5,0.0262,0.007
odysseus,torso.twist,11.833,-4.4,3.5,-31.5,31.5,0.0245,0.004
odysseus,torso.twist,11.917,-4.2,2.2,-31.5,31.5,0.0233,0.003
odysseus,torso.twist,12,-4.1,1.2,-31.5,31.5,0.0228,0.002
odysseus,torso.twist,12.083,-4.1,0.1,-31.5,31.5,0.0227,0.001
odysseus,torso.twist,12.167,-4.2,-0.5,-31.5,31.5,0.0229,0.001
odysseus,torso.twist,12.25,-4.3,-1.2,-31.5,31.5,0.0234,0.002
odysseus,torso.twist,12.333,-4.4,-1.6,-31.5,31.5,0.0241,0.002
odysseus,torso.twist,12.417,-4.5,-1.9,-31.5,31.5,0.0249,0.003
odysseus,torso.twist,12.5,-4.7,-1.9,-31.5,31.5,0.0257,0.003
odysseus,torso.twist,12.583,-4.9,-2.5,-31.5,31.5,0.027,0.004
odysseus,torso.twist,12.667,-5.2,-3.7,-31.5,31.5,0.0288,0.005
odysseus,torso.twist,12.75,-5.6,-4.5,-31.5,31.5,0.0307,0.007
odysseus,torso.twist,12.833,-6,-4.8,-31.5,31.5,0.0328,0.008
odysseus,torso.twist,12.917,-6.4,-4.9,-31.5,31.5,0.035,0.009
odysseus,torso.twist,13,-6.8,-4.5,-31.5,31.5,0.0372,0.009
odysseus,torso.twist,13.083,-7.1,-3.9,-31.5,31.5,0.0389,0.008
odysseus,torso.twist,13.167,-7.3,-2.7,-31.5,31.5,0.0403,0.007
odysseus,torso.twist,13.25,-7.5,-2.3,-31.5,31.5,0.0412,0.007
odysseus,torso.twist,13.333,-7.7,-2.4,-31.5,31.5,0.0422,0.007
odysseus,torso.twist,13.417,-7.9,-1.9,-31.5,31.5,0.0432,0.007
odysseus,torso.twist,13.5,-8,-1,-31.5,31.5,0.0437,0.005
odysseus,torso.twist,13.583,-7.9,0.4,-31.5,31.5,0.0436,0.004
odysseus,torso.twist,13.667,-7.7,2.4,-31.5,31.5,0.0426,0.007
odysseus,torso.twist,13.75,-7.3,4.9,-31.5,31.5,0.0405,0.01
odysseus,torso.twist,13.833,-6.5,9.5,-31.5,31.5,0.0366,0.015
odysseus,torso.twist,13.917,-5.3,14.4,-31.5,31.5,0.0301,0.017
odysseus,torso.twist,14,-3.9,16.9,-31.5,31.5,0.022,0.014
odysseus,torso.twist,14.083,-2.5,17.2,-31.5,31.5,0.0138,0.009
odysseus,torso.twist,14.167,-1.2,15.2,-31.5,31.5,0.0071,0.004
odysseus,torso.twist,14.25,-0.3,10.7,-31.5,31.5,0.0027,0.001
odysseus,torso.twist,14.333,-1.2,-9.8,-31.5,31.5,0.0101,0.004
odysseus,torso.twist,14.417,-3.8,-32.1,-31.5,31.5,0.025,0.029
odysseus,torso.twist,14.5,-6.5,-32.3,-31.5,31.5,0.0358,0.043
odysseus,torso.twist,14.583,-6.4,1.1,-31.5,31.5,0.0412,0.005
odysseus,torso.twist,14.667,-4,29.5,-31.5,31.5,0.0269,0.029
odysseus,torso.twist,14.75,4.1,97.6,-31.5,31.5,0.0349,0.121
odysseus,torso.twist,14.833,13.5,112.3,-31.5,31.5,0.0759,0.309
odysseus,torso.twist,14.917,18,53.7,-31.5,31.5,0.1074,0.224
odysseus,torso.twist,15,15.2,-33.8,-31.5,31.5,0.0977,0.135
odysseus,torso.twist,15.083,9,-74.5,-31.5,31.5,0.0561,0.152
odysseus,torso.twist,15.167,2.7,-74.5,-31.5,31.5,0.015,0.04
odysseus,torso.twist,15.25,-0.1,-33.8,-31.5,31.5,0.0077,0.009
odysseus,torso.twist,15.333,-0.1,0,-31.5,31.5,0.0065,0
odysseus,torso.twist,16.333,-1,-11.4,-31.5,31.5,0.0077,0.003
odysseus,torso.twist,16.417,-3.3,-27.2,-31.5,31.5,0.0209,0.021
odysseus,torso.twist,16.5,-6,-32.5,-31.5,31.5,0.0338,0.041
odysseus,torso.twist,16.583,-8.3,-27.2,-31.5,31.5,0.0461,0.048
odysseus,torso.twist,16.667,-9.2,-11.4,-31.5,31.5,0.0531,0.027
odysseus,torso.twist,16.75,-9.2,0,-31.5,31.5,0.0524,0.005
odysseus,torso.twist,17.333,-9.3,-0.8,-31.5,31.5,0.0508,0.007
odysseus,torso.twist,17.417,-9.5,-2,-31.5,31.5,0.0518,0.009
odysseus,torso.twist,17.5,-9.7,-2.8,-31.5,31.5,0.053,0.011
odysseus,torso.twist,17.583,-9.9,-3,-31.5,31.5,0.0542,0.012
odysseus,torso.twist,17.667,-10.2,-2.8,-31.5,31.5,0.0555,0.012
odysseus,torso.twist,17.75,-10.3,-2,-31.5,31.5,0.0565,0.01
odysseus,torso.twist,17.833,-10.4,-0.8,-31.5,31.5,0.0569,0.008
odysseus,torso.twist,17.917,-10.4,0,-31.5,31.5,0.0568,0.006
odysseus,torso.twist,21.167,-9.2,14.9,-31.5,31.5,0.0527,0.033
odysseus,torso.twist,21.25,-5.8,39.8,-31.5,31.5,0.0365,0.053
odysseus,torso.twist,21.333,-1,57.6,-31.5,31.5,0.0089,0.018
odysseus,torso.twist,21.417,4.6,68.3,-31.5,31.5,0.0274,0.067
odysseus,torso.twist,21.5,10.6,71.9,-31.5,31.5,0.0586,0.154
odysseus,torso.twist,21.583,16.3,68.3,-31.5,31.5,0.0889,0.228
odysseus,torso.twist,21.667,21.1,57.6,-31.5,31.5,0.1151,0.258
odysseus,torso.twist,21.75,24.5,39.8,-31.5,31.5,0.1332,0.221
odysseus,torso.twist,21.833,25.7,14.9,-31.5,31.5,0.1406,0.112
odysseus,torso.twist,21.917,25.7,0,-31.5,31.5,0.1388,0.039
odysseus,torso.twist,30,25.9,7.2,-31.5,31.5,0.1386,0.073
odysseus,torso.twist,30.083,28.5,31,-31.5,31.5,0.1542,0.214
odysseus,torso.twist,30.167,30,18.2,-31.5,31.5,0.1594,0.152
odysseus,torso.twist,30.25,29.8,-2.7,-31.5,31.5,0.1598,0.066
odysseus,torso.twist,30.333,25.8,-48.3,-31.5,31.5,0.1447,0.286
odysseus,torso.twist,30.417,25.8,0,-31.5,31.5,0.1452,0.042
odysseus,torso.twist,31.917,24.2,-18.6,-31.5,31.5,0.1322,0.121
odysseus,torso.twist,32,14.6,-115.9,-31.5,31.5,0.0964,0.408
odysseus,torso.twist,32.083,6.1,-101.8,-31.5,31.5,0.0358,0.13
odysseus,torso.twist,32.167,2.3,-45.4,-31.5,31.5,0.0227,0.037
odysseus,torso.twist,32.25,2.3,-0.1,-31.5,31.5,0.0207,0.001
odysseus,torso.twist,32.333,3,8.1,-31.5,31.5,0.0178,0.006
odysseus,torso.twist,32.417,4.5,17.8,-31.5,31.5,0.0261,0.018
odysseus,torso.twist,32.5,5.9,17.8,-31.5,31.5,0.0325,0.022
odysseus,torso.twist,32.583,6.6,8.1,-31.5,31.5,0.0379,0.014
odysseus,torso.twist,32.667,6.6,0,-31.5,31.5,0.0376,0.003
odysseus,torso.twist,33.583,4.3,-27.7,-31.5,31.5,0.0285,0.029
odysseus,torso.twist,33.667,-0.8,-61,-31.5,31.5,0.0102,0.022
odysseus,torso.twist,33.75,-5.9,-61,-31.5,31.5,0.0321,0.07
odysseus,torso.twist,33.833,-8.2,-27.7,-31.5,31.5,0.0506,0.054
odysseus,torso.twist,33.917,-8.2,0,-31.5,31.5,0.0496,0.005
odysseus,torso.twist,35.167,-7.6,7.2,-31.5,31.5,0.0427,0.014
odysseus,torso.twist,35.25,-6.3,15.7,-31.5,31.5,0.0358,0.022
odysseus,torso.twist,35.333,-5,15.7,-31.5,31.5,0.0271,0.016
odysseus,torso.twist,35.417,-4.4,7.2,-31.5,31.5,0.0254,0.008
odysseus,torso.twist,35.5,-4.4,0,-31.5,31.5,0.0251,0.001
odysseus,torso.twist,35.75,-4.5,-1.6,-31.5,31.5,0.0248,0.003
odysseus,torso.twist,35.833,-6.2,-20.9,-31.5,31.5,0.0375,0.03
odysseus,torso.twist,35.917,-8.7,-30.1,-31.5,31.5,0.0493,0.057
odysseus,torso.twist,36,-11,-27.1,-31.5,31.5,0.0604,0.064
odysseus,torso.twist,36.083,-12,-11.8,-31.5,31.5,0.0679,0.037
odysseus,torso.twist,36.167,-12.1,-1,-31.5,31.5,0.0675,0.012
odysseus,torso.twist,36.25,-12.2,-1.1,-31.5,31.5,0.0661,0.011
odysseus,torso.twist,36.333,-12.2,-1.1,-31.5,31.5,0.0666,0.011
odysseus,torso.twist,36.417,-12.3,-1.2,-31.5,31.5,0.0672,0.012
odysseus,torso.twist,36.5,-12.4,-1.2,-31.5,31.5,0.0677,0.012
odysseus,torso.twist,36.583,-12.6,-1.3,-31.5,31.5,0.0683,0.012
odysseus,torso.twist,36.667,-12.7,-1.2,-31.5,31.5,0.0688,0.012
odysseus,torso.twist,36.75,-12.8,-1.4,-31.5,31.5,0.0694,0.013
odysseus,torso.twist,36.833,-12.9,-1.3,-31.5,31.5,0.07,0.013
odysseus,torso.twist,36.917,-13,-1.4,-31.5,31.5,0.0706,0.013
odysseus,torso.twist,37,-13.1,-1.4,-31.5,31.5,0.0712,0.014
odysseus,torso.twist,37.083,-13.2,-1.4,-31.5,31.5,0.0718,0.014
odysseus,torso.twist,37.167,-13.3,-1.4,-31.5,31.5,0.0725,0.014
odysseus,torso.twist,37.25,-13.5,-1.4,-31.5,31.5,0.0731,0.014
odysseus,torso.twist,37.333,-13.6,-1.4,-31.5,31.5,0.0737,0.015
odysseus,torso.twist,37.417,-13.7,-1.4,-31.5,31.5,0.0743,0.015
odysseus,torso.twist,37.5,-13.8,-1.4,-31.5,31.5,0.0749,0.015
odysseus,torso.twist,37.583,-13.9,-1.4,-31.5,31.5,0.0755,0.015
odysseus,torso.twist,37.667,-13.1,10.5,-31.5,31.5,0.073,0.037
odysseus,torso.twist,37.75,-10,36.6,-31.5,31.5,0.0592,0.083
odysseus,torso.twist,37.833,-6,47.8,-31.5,31.5,0.0349,0.061
odysseus,torso.twist,37.917,-2.4,43,-31.5,31.5,0.0142,0.022
odysseus,torso.twist,38,-0.6,22.3,-31.5,31.5,0.0069,0.005
odysseus,torso.twist,38.083,-0.5,0.6,-31.5,31.5,0.0068,0
odysseus,torso.twist,38.167,-0.5,0,-31.5,31.5,0.003,0
odysseus,torso.twist,44.583,0.1,5,-31.5,31.5,0.0015,0
odysseus,torso.twist,44.667,1.1,12.3,-31.5,31.5,0.0076,0.003
odysseus,torso.twist,44.75,2.7,18.4,-31.5,31.5,0.0158,0.011
odysseus,torso.twist,44.833,4.2,18.1,-31.5,31.5,0.023,0.016
odysseus,torso.twist,44.917,5.6,16.6,-31.5,31.5,0.0307,0.02
odysseus,torso.twist,45,6.6,12.1,-31.5,31.5,0.0367,0.018
odysseus,torso.twist,45.083,7,4.7,-31.5,31.5,0.0394,0.01
odysseus,torso.twist,45.167,7,0,-31.5,31.5,0.0389,0.003
odysseus,torso.twist,47.167,7,0,-31.5,31.5,0.0381,0.003
odysseus,torso.roll,0,0,0,-9.2,9.2,0,0
odysseus,torso.roll,7.083,0,1.9,-9.2,9.2,0.0004,0
odysseus,torso.roll,7.167,0.5,5.8,-9.2,9.2,0.0034,0.001
odysseus,torso.roll,7.25,1.3,9.6,-9.2,9.2,0.0078,0.003
odysseus,torso.roll,7.333,2.4,13.5,-9.2,9.2,0.014,0.007
odysseus,torso.roll,7.417,1,-17.2,-9.2,9.2,0.0109,0.007
odysseus,torso.roll,7.5,0.1,-10.3,-9.2,9.2,0.002,0.001
odysseus,torso.roll,7.583,-0.2,-3.5,-9.2,9.2,0.0021,0
odysseus,torso.roll,7.667,-0.4,-3.5,-9.2,9.2,0.0024,0
odysseus,torso.roll,7.75,-1.3,-10.3,-9.2,9.2,0.0084,0.003
odysseus,torso.roll,7.833,-2.7,-17.2,-9.2,9.2,0.0162,0.01
odysseus,torso.roll,7.917,-1.6,13.5,-9.2,9.2,0.0143,0.007
odysseus,torso.roll,8,-0.8,9.6,-9.2,9.2,0.0051,0.002
odysseus,torso.roll,8.083,-0.3,5.8,-9.2,9.2,0.0025,0.001
odysseus,torso.roll,8.167,-0.2,1.9,-9.2,9.2,0.0016,0
odysseus,torso.roll,8.25,-0.1,0.6,-9.2,9.2,0.0009,0
odysseus,torso.roll,8.333,0,1.9,-9.2,9.2,0.0004,0
odysseus,torso.roll,8.417,0.3,3.1,-9.2,9.2,0.0019,0
odysseus,torso.roll,8.5,0.3,-0.3,-9.2,9.2,0.0021,0
odysseus,torso.roll,8.583,0.2,-0.8,-9.2,9.2,0.0012,0
odysseus,torso.roll,8.667,0.1,-1.1,-9.2,9.2,0.0006,0
odysseus,torso.roll,8.75,0,-1.2,-9.2,9.2,0,0
odysseus,torso.roll,8.833,-0.1,-1.1,-9.2,9.2,0.0005,0
odysseus,torso.roll,8.917,-0.2,-0.8,-9.2,9.2,0.0009,0
odysseus,torso.roll,9,-0.2,-0.3,-9.2,9.2,0.0011,0
odysseus,torso.roll,14.417,-0.2,0.8,-9.2,9.2,0.0014,0
odysseus,torso.roll,14.5,0,2.6,-9.2,9.2,0.0004,0
odysseus,torso.roll,14.583,0.3,4.3,-9.2,9.2,0.0022,0
odysseus,torso.roll,14.667,0.8,6,-9.2,9.2,0.0049,0.001
odysseus,torso.roll,14.75,1.5,7.7,-9.2,9.2,0.0085,0.002
odysseus,torso.roll,14.833,2.3,9.4,-9.2,9.2,0.0128,0.005
odysseus,torso.roll,14.917,1.3,-11.2,-9.2,9.2,0.011,0.005
odysseus,torso.roll,15,0.6,-8.7,-9.2,9.2,0.0038,0.001
odysseus,torso.roll,15.083,0.1,-6.2,-9.2,9.2,0.001,0
odysseus,torso.roll,15.167,-0.2,-3.7,-9.2,9.2,0.0016,0
odysseus,torso.roll,15.25,-0.3,-1.3,-9.2,9.2,0.0022,0
odysseus,torso.roll,15.333,-0.5,-2,-9.2,9.2,0.0027,0
odysseus,torso.roll,15.417,-1,-5.8,-9.2,9.2,0.006,0.001
odysseus,torso.roll,15.5,-1.8,-9.7,-9.2,9.2,0.0104,0.004
odysseus,torso.roll,15.583,-2.9,-13.6,-9.2,9.2,0.0166,0.008
odysseus,torso.roll,15.667,-2,11.1,-9.2,9.2,0.0152,0.006
odysseus,torso.roll,15.75,-1.3,8.6,-9.2,9.2,0.0073,0.002
odysseus,torso.roll,15.833,-0.7,6.2,-9.2,9.2,0.0045,0.001
odysseus,torso.roll,15.917,-0.4,3.7,-9.2,9.2,0.0028,0
odysseus,torso.roll,16,-0.3,1.2,-9.2,9.2,0.0022,0
odysseus,torso.roll,16.083,-0.3,0.5,-9.2,9.2,0.0017,0
odysseus,torso.roll,16.167,-0.2,1.4,-9.2,9.2,0.0011,0
odysseus,torso.roll,16.25,0,2.4,-9.2,9.2,0.0003,0
odysseus,torso.roll,16.333,0.3,3.3,-9.2,9.2,0.0018,0
odysseus,torso.roll,16.417,0.7,4.3,-9.2,9.2,0.0038,0.001
odysseus,torso.roll,16.5,0.6,-0.5,-9.2,9.2,0.0042,0
odysseus,torso.roll,16.583,0.5,-1.4,-9.2,9.2,0.0029,0
odysseus,torso.roll,16.667,0.3,-1.9,-9.2,9.2,0.0019,0
odysseus,torso.roll,16.75,0.2,-2.2,-9.2,9.2,0.0009,0
odysseus,torso.roll,16.833,-0.3,-4.9,-9.2,9.2,0.0019,0
odysseus,torso.roll,16.917,-0.5,-3.3,-9.2,9.2,0.0032,0
odysseus,torso.roll,17,-0.9,-4.1,-9.2,9.2,0.0049,0.001
odysseus,torso.roll,17.083,-1.1,-3.3,-9.2,9.2,0.0064,0.001
odysseus,torso.roll,17.167,-1.4,-2.8,-9.2,9.2,0.0076,0.001
odysseus,torso.roll,17.25,-1.6,-2.8,-9.2,9.2,0.0088,0.001
odysseus,torso.roll,17.333,-1.7,-1.4,-9.2,9.2,0.0097,0.001
odysseus,torso.roll,17.417,-1.9,-2.8,-9.2,9.2,0.0109,0.001
odysseus,torso.roll,17.5,-2.1,-1.4,-9.2,9.2,0.0115,0.001
odysseus,torso.roll,17.583,-2.2,-1.4,-9.2,9.2,0.0119,0.001
odysseus,torso.roll,17.667,-2.3,-1.4,-9.2,9.2,0.0126,0.001
odysseus,torso.roll,17.75,-2.3,0,-9.2,9.2,0.0128,0
odysseus,torso.roll,18.167,-2.2,1.4,-9.2,9.2,0.0122,0.001
odysseus,torso.roll,18.25,-2.2,0,-9.2,9.2,0.0122,0
odysseus,torso.roll,18.333,-2.1,1.4,-9.2,9.2,0.0115,0.001
odysseus,torso.roll,18.417,-1.9,1.4,-9.2,9.2,0.0107,0.001
odysseus,torso.roll,18.5,-1.8,1.4,-9.2,9.2,0.01,0.001
odysseus,torso.roll,18.583,-1.7,1.4,-9.2,9.2,0.0094,0.001
odysseus,torso.roll,18.667,-1.6,1.4,-9.2,9.2,0.0088,0.001
odysseus,torso.roll,18.75,-1.5,1.4,-9.2,9.2,0.0082,0.001
odysseus,torso.roll,18.833,-1.4,1.4,-9.2,9.2,0.0075,0
odysseus,torso.roll,18.917,-1.1,2.8,-9.2,9.2,0.0065,0.001
odysseus,torso.roll,19,-1,1.4,-9.2,9.2,0.0059,0
odysseus,torso.roll,19.083,-0.9,1.4,-9.2,9.2,0.005,0
odysseus,torso.roll,19.167,-0.7,2.8,-9.2,9.2,0.004,0
odysseus,torso.roll,19.25,-0.6,1.4,-9.2,9.2,0.0034,0
odysseus,torso.roll,19.333,-0.3,2.8,-9.2,9.2,0.0021,0
odysseus,torso.roll,19.417,-0.2,1.4,-9.2,9.2,0.0015,0
odysseus,torso.roll,19.5,-0.1,1.4,-9.2,9.2,0.0006,0
odysseus,torso.roll,19.583,0,1.4,-9.2,9.2,0,0
odysseus,torso.roll,19.667,0.1,1.4,-9.2,9.2,0.0006,0
odysseus,torso.roll,19.75,0.1,0,-9.2,9.2,0.0009,0
odysseus,torso.roll,19.833,0.2,1.4,-9.2,9.2,0.0015,0
odysseus,torso.roll,19.917,0.2,0,-9.2,9.2,0.0015,0
odysseus,torso.roll,20.083,0.3,1.4,-9.2,9.2,0.0021,0
odysseus,torso.roll,20.167,0.3,0,-9.2,9.2,0.0021,0
odysseus,torso.roll,20.333,0.5,1.4,-9.2,9.2,0.0028,0
odysseus,torso.roll,20.417,0.5,0,-9.2,9.2,0.0028,0
odysseus,torso.roll,20.5,0.6,1.4,-9.2,9.2,0.0034,0
odysseus,torso.roll,20.583,0.6,0,-9.2,9.2,0.0034,0
odysseus,torso.roll,21,0.5,-1.4,-9.2,9.2,0.0028,0
odysseus,torso.roll,21.083,0.5,0,-9.2,9.2,0.0028,0
odysseus,torso.roll,21.25,0.3,-1.4,-9.2,9.2,0.0021,0
odysseus,torso.roll,21.333,0.3,0,-9.2,9.2,0.0021,0
odysseus,torso.roll,21.417,0.2,-1.4,-9.2,9.2,0.0015,0
odysseus,torso.roll,21.5,0.2,0,-9.2,9.2,0.0015,0
odysseus,torso.roll,21.583,0.1,-1.4,-9.2,9.2,0.0009,0
odysseus,torso.roll,21.667,0.1,0,-9.2,9.2,0.0009,0
odysseus,torso.roll,21.75,0,-1.4,-9.2,9.2,0.0002,0
odysseus,torso.roll,21.833,0,0,-9.2,9.2,0.0002,0
odysseus,torso.roll,21.917,-0.1,-1.4,-9.2,9.2,0.0009,0
odysseus,torso.roll,22,-0.1,0,-9.2,9.2,0.0009,0
odysseus,torso.roll,22.167,-0.2,-1.4,-9.2,9.2,0.0015,0
odysseus,torso.roll,22.25,-0.2,0,-9.2,9.2,0.0015,0
odysseus,torso.roll,22.333,-0.3,-1.4,-9.2,9.2,0.0021,0
odysseus,torso.roll,22.417,-0.3,0,-9.2,9.2,0.0021,0
odysseus,torso.roll,22.833,-0.2,1.4,-9.2,9.2,0.0015,0
odysseus,torso.roll,22.917,-0.1,1.4,-9.2,9.2,0.0006,0
odysseus,torso.roll,23,0,1.4,-9.2,9.2,0,0
odysseus,torso.roll,23.083,0.1,1.4,-9.2,9.2,0.0006,0
odysseus,torso.roll,23.167,0.2,1.4,-9.2,9.2,0.0013,0
odysseus,torso.roll,23.25,0.5,2.8,-9.2,9.2,0.0028,0
odysseus,torso.roll,23.333,0.6,1.4,-9.2,9.2,0.0034,0
odysseus,torso.roll,23.417,0.7,1.4,-9.2,9.2,0.0038,0
odysseus,torso.roll,23.5,0.9,2.8,-9.2,9.2,0.0053,0.001
odysseus,torso.roll,23.583,1,1.4,-9.2,9.2,0.0059,0
odysseus,torso.roll,23.667,1.1,1.4,-9.2,9.2,0.0063,0
odysseus,torso.roll,23.75,1.3,1.4,-9.2,9.2,0.0069,0
odysseus,torso.roll,23.833,1.5,2.8,-9.2,9.2,0.0084,0.001
odysseus,torso.roll,23.917,1.6,1.4,-9.2,9.2,0.009,0.001
odysseus,torso.roll,24,1.7,1.4,-9.2,9.2,0.0094,0.001
odysseus,torso.roll,24.083,1.8,1.4,-9.2,9.2,0.01,0.001
odysseus,torso.roll,24.167,1.9,1.4,-9.2,9.2,0.0107,0.001
odysseus,torso.roll,24.25,1.9,0,-9.2,9.2,0.0109,0
odysseus,torso.roll,24.333,2.1,1.4,-9.2,9.2,0.0115,0.001
odysseus,torso.roll,24.417,2.1,0,-9.2,9.2,0.0115,0
odysseus,torso.roll,24.5,2.2,1.4,-9.2,9.2,0.0122,0.001
odysseus,torso.roll,24.583,2.2,0,-9.2,9.2,0.0122,0
odysseus,torso.roll,24.75,2.1,-1.4,-9.2,9.2,0.0115,0.001
odysseus,torso.roll,24.833,2.1,0,-9.2,9.2,0.0115,0
odysseus,torso.roll,24.917,1.9,-1.4,-9.2,9.2,0.0109,0.001
odysseus,torso.roll,25,1.8,-1.4,-9.2,9.2,0.01,0.001
odysseus,torso.roll,25.083,1.7,-1.4,-9.2,9.2,0.0094,0.001
odysseus,torso.roll,25.167,1.5,-2.8,-9.2,9.2,0.0084,0.001
odysseus,torso.roll,25.25,1.4,-1.4,-9.2,9.2,0.0078,0
odysseus,torso.roll,25.333,1.1,-2.8,-9.2,9.2,0.0065,0.001
odysseus,torso.roll,25.417,1,-1.4,-9.2,9.2,0.0059,0
odysseus,torso.roll,25.5,0.9,-1.4,-9.2,9.2,0.005,0
odysseus,torso.roll,25.583,0.8,-1.4,-9.2,9.2,0.0044,0
odysseus,torso.roll,25.667,0.7,-1.4,-9.2,9.2,0.0038,0
odysseus,torso.roll,25.75,0.5,-2.8,-9.2,9.2,0.0028,0
odysseus,torso.roll,25.833,0.3,-1.4,-9.2,9.2,0.0021,0
odysseus,torso.roll,25.917,0.1,-2.8,-9.2,9.2,0.0009,0
odysseus,torso.roll,26,0,-1.4,-9.2,9.2,0.0002,0
odysseus,torso.roll,26.083,-0.1,-1.4,-9.2,9.2,0.0006,0
odysseus,torso.roll,26.167,-0.3,-2.8,-9.2,9.2,0.0021,0
odysseus,torso.roll,26.25,-0.5,-1.4,-9.2,9.2,0.0028,0
odysseus,torso.roll,26.333,-0.6,-1.4,-9.2,9.2,0.0031,0
odysseus,torso.roll,26.417,-0.8,-2.8,-9.2,9.2,0.0046,0
odysseus,torso.roll,26.5,-0.9,-1.4,-9.2,9.2,0.0053,0
odysseus,torso.roll,26.583,-1,-1.4,-9.2,9.2,0.0057,0
odysseus,torso.roll,26.667,-1.1,-1.4,-9.2,9.2,0.0063,0
odysseus,torso.roll,26.75,-1.3,-1.4,-9.2,9.2,0.0069,0
odysseus,torso.roll,26.833,-1.4,-1.4,-9.2,9.2,0.0075,0
odysseus,torso.roll,26.917,-1.4,0,-9.2,9.2,0.0078,0
odysseus,torso.roll,27,-1.5,-1.4,-9.2,9.2,0.0084,0.001
odysseus,torso.roll,27.083,-1.5,0,-9.2,9.2,0.0084,0
odysseus,torso.roll,27.167,-1.6,-1.4,-9.2,9.2,0.009,0.001
odysseus,torso.roll,27.25,-1.6,0,-9.2,9.2,0.009,0
odysseus,torso.roll,27.5,-1.7,-1.4,-9.2,9.2,0.0097,0.001
odysseus,torso.roll,27.583,-1.7,0,-9.2,9.2,0.0097,0
odysseus,torso.roll,27.917,-1.6,1.4,-9.2,9.2,0.009,0.001
odysseus,torso.roll,28,-1.5,1.4,-9.2,9.2,0.0082,0.001
odysseus,torso.roll,28.083,-1.5,0,-9.2,9.2,0.0084,0
odysseus,torso.roll,28.167,-1.3,2.8,-9.2,9.2,0.0074,0.001
odysseus,torso.roll,28.25,-1.1,1.4,-9.2,9.2,0.0065,0
odysseus,torso.roll,28.333,-1,1.4,-9.2,9.2,0.0057,0
odysseus,torso.roll,28.417,-0.9,1.4,-9.2,9.2,0.005,0
odysseus,torso.roll,28.5,-0.8,1.4,-9.2,9.2,0.0044,0
odysseus,torso.roll,28.583,-0.7,1.4,-9.2,9.2,0.0038,0
odysseus,torso.roll,28.667,-0.5,2.8,-9.2,9.2,0.0028,0
odysseus,torso.roll,28.75,-0.3,1.4,-9.2,9.2,0.0021,0
odysseus,torso.roll,28.833,-0.2,1.4,-9.2,9.2,0.0013,0
odysseus,torso.roll,28.917,-0.1,1.4,-9.2,9.2,0.0006,0
odysseus,torso.roll,29,-0.1,0,-9.2,9.2,0.0009,0
odysseus,torso.roll,29.083,0,1.4,-9.2,9.2,0.0002,0
odysseus,torso.roll,29.167,0.1,1.4,-9.2,9.2,0.0006,0
odysseus,torso.roll,29.25,0.1,0,-9.2,9.2,0.0009,0
odysseus,torso.roll,29.333,0.2,1.4,-9.2,9.2,0.0015,0
odysseus,torso.roll,29.417,0.2,0,-9.2,9.2,0.0015,0
odysseus,torso.roll,29.917,0.1,-1.4,-9.2,9.2,0.0009,0
odysseus,torso.roll,30,0,-1.4,-9.2,9.2,0,0
odysseus,torso.roll,30.083,-0.1,-1.1,-9.2,9.2,0.0006,0
odysseus,torso.roll,30.167,-0.1,-0.6,-9.2,9.2,0.0009,0
odysseus,torso.roll,30.25,-0.2,-0.1,-9.2,9.2,0.0009,0
odysseus,torso.roll,30.417,0,0.9,-9.2,9.2,0.0003,0
odysseus,torso.roll,30.5,0.1,1.4,-9.2,9.2,0.0005,0
odysseus,torso.roll,30.583,0.2,1.9,-9.2,9.2,0.0014,0
odysseus,torso.roll,30.667,0.4,2.5,-9.2,9.2,0.0025,0
odysseus,torso.roll,30.75,0.8,4.3,-9.2,9.2,0.0048,0.001
odysseus,torso.roll,30.833,1.2,4.9,-9.2,9.2,0.0067,0.001
odysseus,torso.roll,30.917,1.5,4,-9.2,9.2,0.0086,0.001
odysseus,torso.roll,31,1.1,-5.4,-9.2,9.2,0.0077,0.002
odysseus,torso.roll,31.083,0.7,-4.9,-9.2,9.2,0.0039,0.001
odysseus,torso.roll,31.167,0.3,-4.3,-9.2,9.2,0.0019,0
odysseus,torso.roll,31.25,0,-3.8,-9.2,9.2,0.0002,0
odysseus,torso.roll,31.333,-0.3,-3.3,-9.2,9.2,0.0015,0
odysseus,torso.roll,31.417,-0.5,-2.8,-9.2,9.2,0.0028,0
odysseus,torso.roll,31.5,-0.6,-0.9,-9.2,9.2,0.0035,0
odysseus,torso.roll,31.583,-0.7,-1.8,-9.2,9.2,0.0041,0
odysseus,torso.roll,31.667,-0.7,0.1,-9.2,9.2,0.0043,0
odysseus,torso.roll,31.75,-0.8,-0.8,-9.2,9.2,0.0044,0
odysseus,torso.roll,31.833,-0.7,1.1,-9.2,9.2,0.0041,0
odysseus,torso.roll,31.917,-0.6,1.4,-9.2,9.2,0.0032,0
odysseus,torso.roll,32,-0.5,1.4,-9.2,9.2,0.0025,0
odysseus,torso.roll,32.083,-0.3,1.4,-9.2,9.2,0.0019,0
odysseus,torso.roll,32.167,-0.2,1.4,-9.2,9.2,0.0013,0
odysseus,torso.roll,32.25,-0.1,1.4,-9.2,9.2,0.0006,0
odysseus,torso.roll,32.333,0.1,2.8,-9.2,9.2,0.0009,0
odysseus,torso.roll,32.417,0.2,1.4,-9.2,9.2,0.0015,0
odysseus,torso.roll,32.5,0.3,1.4,-9.2,9.2,0.0019,0
odysseus,torso.roll,32.583,0.5,1.4,-9.2,9.2,0.0025,0
odysseus,torso.roll,32.667,0.6,1.4,-9.2,9.2,0.0031,0
odysseus,torso.roll,32.75,0.7,1.4,-9.2,9.2,0.0038,0
odysseus,torso.roll,32.833,0.8,1.4,-9.2,9.2,0.0044,0
odysseus,torso.roll,32.917,0.9,1.4,-9.2,9.2,0.005,0
odysseus,torso.roll,33,1,1.4,-9.2,9.2,0.0057,0
odysseus,torso.roll,33.083,1.1,1.4,-9.2,9.2,0.0063,0
odysseus,torso.roll,33.167,1.3,1.4,-9.2,9.2,0.0069,0
odysseus,torso.roll,33.25,1.5,2.8,-9.2,9.2,0.0084,0.001
odysseus,torso.roll,33.333,1.6,1.4,-9.2,9.2,0.009,0.001
odysseus,torso.roll,33.417,1.7,1.4,-9.2,9.2,0.0094,0.001
odysseus,torso.roll,33.5,1.8,1.4,-9.2,9.2,0.01,0.001
odysseus,torso.roll,33.583,1.9,1.4,-9.2,9.2,0.0107,0.001
odysseus,torso.roll,33.667,2.1,1.4,-9.2,9.2,0.0113,0.001
odysseus,torso.roll,33.75,2.1,0,-9.2,9.2,0.0115,0
odysseus,torso.roll,33.833,2.2,1.4,-9.2,9.2,0.0122,0.001
odysseus,torso.roll,33.917,2.2,0,-9.2,9.2,0.0122,0
odysseus,torso.roll,34,2.3,1.4,-9.2,9.2,0.0128,0.001
odysseus,torso.roll,34.083,2.3,0,-9.2,9.2,0.0128,0
odysseus,torso.roll,34.167,2.2,-1.4,-9.2,9.2,0.0122,0.001
odysseus,torso.roll,34.25,2.2,0,-9.2,9.2,0.0122,0
odysseus,torso.roll,34.417,2.1,-1.4,-9.2,9.2,0.0115,0.001
odysseus,torso.roll,34.5,1.9,-1.4,-9.2,9.2,0.0107,0.001
odysseus,torso.roll,34.583,1.9,0,-9.2,9.2,0.0109,0
odysseus,torso.roll,34.667,1.8,-1.4,-9.2,9.2,0.0103,0.001
odysseus,torso.roll,34.75,1.6,-2.8,-9.2,9.2,0.009,0.001
odysseus,torso.roll,34.833,1.5,-1.4,-9.2,9.2,0.0084,0.001
odysseus,torso.roll,34.917,1.4,-1.4,-9.2,9.2,0.0075,0
odysseus,torso.roll,35,1.3,-1.4,-9.2,9.2,0.0069,0
odysseus,torso.roll,35.083,1,-2.8,-9.2,9.2,0.0059,0.001
odysseus,torso.roll,35.167,0.8,-2.8,-9.2,9.2,0.0044,0
odysseus,torso.roll,35.25,0.7,-1.4,-9.2,9.2,0.004,0
odysseus,torso.roll,35.333,0.5,-2.8,-9.2,9.2,0.0028,0
odysseus,torso.roll,35.417,0.2,-2.8,-9.2,9.2,0.0013,0
odysseus,torso.roll,35.5,0,-2.8,-9.2,9.2,0,0
odysseus,torso.roll,35.583,-0.2,-2.8,-9.2,9.2,0.0013,0
odysseus,torso.roll,35.667,-0.5,-2.8,-9.2,9.2,0.0025,0
odysseus,torso.roll,35.75,-0.5,-1,-9.2,9.2,0.0033,0
odysseus,torso.roll,35.833,-0.6,-0.2,-9.2,9.2,0.0032,0
odysseus,torso.roll,35.917,-0.5,0.5,-9.2,9.2,0.003,0
odysseus,torso.roll,36,-0.4,1.3,-9.2,9.2,0.0024,0
odysseus,torso.roll,36.083,-0.1,3.4,-9.2,9.2,0.001,0
odysseus,torso.roll,36.167,0.1,2.8,-9.2,9.2,0.0007,0
odysseus,torso.roll,36.25,0.5,5,-9.2,9.2,0.0033,0.001
odysseus,torso.roll,36.333,1,5.7,-9.2,9.2,0.0056,0.001
odysseus,torso.roll,36.417,1.5,6.5,-9.2,9.2,0.0086,0.002
odysseus,torso.roll,36.5,0.8,-9.5,-9.2,9.2,0.007,0.002
odysseus,torso.roll,36.583,0.1,-7.7,-9.2,9.2,0.0009,0
odysseus,torso.roll,36.667,-0.4,-6,-9.2,9.2,0.0024,0.001
odysseus,torso.roll,36.75,-0.7,-4.3,-9.2,9.2,0.0044,0.001
odysseus,torso.roll,36.833,-0.8,-1.2,-9.2,9.2,0.0052,0
odysseus,torso.roll,36.917,-0.9,-0.9,-9.2,9.2,0.0051,0
odysseus,torso.roll,37,-0.9,0.7,-9.2,9.2,0.005,0
odysseus,torso.roll,37.083,-1,-1.9,-9.2,9.2,0.006,0
odysseus,torso.roll,37.167,-1.2,-1.8,-9.2,9.2,0.0064,0
odysseus,torso.roll,37.25,-1.4,-3,-9.2,9.2,0.008,0.001
odysseus,torso.roll,37.333,-1.8,-4.3,-9.2,9.2,0.0099,0.002
odysseus,torso.roll,37.417,-2.4,-6.9,-9.2,9.2,0.0134,0.004
odysseus,torso.roll,37.5,-2.9,-6.8,-9.2,9.2,0.016,0.004
odysseus,torso.roll,37.583,-2.8,2,-9.2,9.2,0.0167,0.002
odysseus,torso.roll,37.667,-2.6,1.7,-9.2,9.2,0.0144,0.001
odysseus,torso.roll,37.75,-2.3,3.9,-9.2,9.2,0.0129,0.002
odysseus,torso.roll,37.833,-2,3.2,-9.2,9.2,0.0112,0.002
odysseus,torso.roll,37.917,-1.7,3.6,-9.2,9.2,0.0095,0.001
odysseus,torso.roll,38,-1.4,3.8,-9.2,9.2,0.0077,0.001
odysseus,torso.roll,38.083,-1.1,3.8,-9.2,9.2,0.0059,0.001
odysseus,torso.roll,38.167,-0.8,3.6,-9.2,9.2,0.0043,0.001
odysseus,torso.roll,38.25,-0.5,3.2,-9.2,9.2,0.0029,0
odysseus,torso.roll,38.333,-0.3,2.5,-9.2,9.2,0.0018,0
odysseus,torso.roll,38.417,-0.2,1.7,-9.2,9.2,0.0011,0
odysseus,torso.roll,38.5,-0.1,0.6,-9.2,9.2,0.0008,0
odysseus,torso.roll,38.583,-0.1,0,-9.2,9.2,0.0007,0
odysseus,torso.roll,38.917,-0.2,-1.4,-9.2,9.2,0.0015,0
odysseus,torso.roll,39,-0.2,0,-9.2,9.2,0.0015,0
odysseus,torso.roll,39.083,-0.3,-1.4,-9.2,9.2,0.0021,0
odysseus,torso.roll,39.167,-0.3,0,-9.2,9.2,0.0021,0
odysseus,torso.roll,39.25,-0.5,-1.4,-9.2,9.2,0.0028,0
odysseus,torso.roll,39.333,-0.6,-1.4,-9.2,9.2,0.0031,0
odysseus,torso.roll,39.417,-0.6,0,-9.2,9.2,0.0034,0
odysseus,torso.roll,39.5,-0.7,-1.4,-9.2,9.2,0.004,0
odysseus,torso.roll,39.583,-0.8,-1.4,-9.2,9.2,0.0044,0
odysseus,torso.roll,39.667,-0.9,-1.4,-9.2,9.2,0.005,0
odysseus,torso.roll,39.75,-1,-1.4,-9.2,9.2,0.0057,0
odysseus,torso.roll,39.833,-1,0,-9.2,9.2,0.0059,0
odysseus,torso.roll,39.917,-1.1,-1.4,-9.2,9.2,0.0065,0
odysseus,torso.roll,40,-1.3,-1.4,-9.2,9.2,0.0069,0
odysseus,torso.roll,40.083,-1.4,-1.4,-9.2,9.2,0.0075,0
odysseus,torso.roll,40.167,-1.4,0,-9.2,9.2,0.0078,0
odysseus,torso.roll,40.25,-1.5,-1.4,-9.2,9.2,0.0084,0.001
odysseus,torso.roll,40.333,-1.5,0,-9.2,9.2,0.0084,0
odysseus,torso.roll,40.417,-1.6,-1.4,-9.2,9.2,0.009,0.001
odysseus,torso.roll,40.5,-1.7,-1.4,-9.2,9.2,0.0094,0.001
odysseus,torso.roll,40.583,-1.7,0,-9.2,9.2,0.0097,0
odysseus,torso.roll,40.667,-1.8,-1.4,-9.2,9.2,0.0103,0.001
odysseus,torso.roll,40.75,-1.8,0,-9.2,9.2,0.0103,0
odysseus,torso.roll,41,-1.7,1.4,-9.2,9.2,0.0097,0.001
odysseus,torso.roll,41.083,-1.6,1.4,-9.2,9.2,0.0088,0.001
odysseus,torso.roll,41.167,-1.5,1.4,-9.2,9.2,0.0082,0.001
odysseus,torso.roll,41.25,-1.4,1.4,-9.2,9.2,0.0075,0
odysseus,torso.roll,41.333,-1.3,1.4,-9.2,9.2,0.0069,0
odysseus,torso.roll,41.417,-1,2.8,-9.2,9.2,0.0059,0.001
odysseus,torso.roll,41.5,-0.9,1.4,-9.2,9.2,0.0053,0
odysseus,torso.roll,41.583,-0.7,2.8,-9.2,9.2,0.004,0
odysseus,torso.roll,41.667,-0.5,2.8,-9.2,9.2,0.0025,0
odysseus,torso.roll,41.75,-0.3,1.4,-9.2,9.2,0.0021,0
odysseus,torso.roll,41.833,-0.1,2.8,-9.2,9.2,0.0009,0
odysseus,torso.roll,41.917,0.1,2.8,-9.2,9.2,0.0006,0
odysseus,torso.roll,42,0.3,2.8,-9.2,9.2,0.0019,0
odysseus,torso.roll,42.083,0.5,1.4,-9.2,9.2,0.0028,0
odysseus,torso.roll,42.167,0.7,2.8,-9.2,9.2,0.004,0
odysseus,torso.roll,42.25,0.9,2.8,-9.2,9.2,0.005,0.001
odysseus,torso.roll,42.333,1,1.4,-9.2,9.2,0.0059,0
odysseus,torso.roll,42.417,1.3,2.8,-9.2,9.2,0.0072,0.001
odysseus,torso.roll,42.5,1.4,1.4,-9.2,9.2,0.0078,0
odysseus,torso.roll,42.583,1.6,2.8,-9.2,9.2,0.009,0.001
odysseus,torso.roll,42.667,1.7,1.4,-9.2,9.2,0.0097,0.001
odysseus,torso.roll,42.75,1.8,1.4,-9.2,9.2,0.01,0.001
odysseus,torso.roll,42.833,1.9,1.4,-9.2,9.2,0.0107,0.001
odysseus,torso.roll,42.917,1.9,0,-9.2,9.2,0.0109,0
odysseus,torso.roll,43,2.1,1.4,-9.2,9.2,0.0115,0.001
odysseus,torso.roll,43.083,2.1,0,-9.2,9.2,0.0115,0
odysseus,torso.roll,43.25,1.9,-1.4,-9.2,9.2,0.0109,0.001
odysseus,torso.roll,43.333,1.9,0,-9.2,9.2,0.0109,0
odysseus,torso.roll,43.417,1.8,-1.4,-9.2,9.2,0.0103,0.001
odysseus,torso.roll,43.5,1.8,0,-9.2,9.2,0.0103,0
odysseus,torso.roll,43.583,1.7,-1.4,-9.2,9.2,0.0097,0.001
odysseus,torso.roll,43.667,1.7,0,-9.2,9.2,0.0097,0
odysseus,torso.roll,43.75,1.6,-1.4,-9.2,9.2,0.009,0.001
odysseus,torso.roll,43.833,1.6,0,-9.2,9.2,0.009,0
odysseus,torso.roll,43.917,1.5,-1.4,-9.2,9.2,0.0084,0.001
odysseus,torso.roll,44,1.4,-1.4,-9.2,9.2,0.0075,0
odysseus,torso.roll,44.083,1.4,0,-9.2,9.2,0.0078,0
odysseus,torso.roll,44.167,1.3,-1.4,-9.2,9.2,0.0072,0
odysseus,torso.roll,44.25,1.1,-1.4,-9.2,9.2,0.0063,0
odysseus,torso.roll,44.333,1,-1.4,-9.2,9.2,0.0057,0
odysseus,torso.roll,44.417,0.9,-1.4,-9.2,9.2,0.005,0
odysseus,torso.roll,44.5,0.8,-1.4,-9.2,9.2,0.0044,0
odysseus,torso.roll,44.583,0.7,-1.4,-9.2,9.2,0.0038,0
odysseus,torso.roll,44.667,0.6,-1.4,-9.2,9.2,0.0031,0
odysseus,torso.roll,44.75,0.5,-1.4,-9.2,9.2,0.0025,0
odysseus,torso.roll,44.833,0.3,-1.4,-9.2,9.2,0.0019,0
odysseus,torso.roll,44.917,0.2,-1.4,-9.2,9.2,0.0013,0
odysseus,torso.roll,45,0.2,0,-9.2,9.2,0.0015,0
odysseus,torso.roll,45.083,0.1,-1.4,-9.2,9.2,0.0009,0
odysseus,torso.roll,45.167,0,-1.4,-9.2,9.2,0,0
odysseus,torso.roll,45.25,0,0,-9.2,9.2,0.0002,0
odysseus,torso.roll,45.333,-0.1,-1.4,-9.2,9.2,0.0009,0
odysseus,torso.roll,45.417,-0.1,0,-9.2,9.2,0.0009,0
odysseus,torso.roll,45.5,-0.2,-1.4,-9.2,9.2,0.0015,0
odysseus,torso.roll,45.583,-0.2,0,-9.2,9.2,0.0015,0
odysseus,torso.roll,45.75,-0.3,-1.4,-9.2,9.2,0.0021,0
odysseus,torso.roll,45.833,-0.3,0,-9.2,9.2,0.0021,0
odysseus,torso.roll,45.917,-0.5,-1.4,-9.2,9.2,0.0028,0
odysseus,torso.roll,46,-0.5,0,-9.2,9.2,0.0028,0
odysseus,torso.roll,46.167,-0.3,1.4,-9.2,9.2,0.0021,0
odysseus,torso.roll,46.25,-0.3,0,-9.2,9.2,0.0021,0
odysseus,torso.roll,46.333,-0.2,1.4,-9.2,9.2,0.0015,0
odysseus,torso.roll,46.417,-0.1,1.4,-9.2,9.2,0.0006,0
odysseus,torso.roll,46.5,0,1.4,-9.2,9.2,0,0
odysseus,torso.roll,46.583,0,0,-9.2,9.2,0.0002,0
odysseus,torso.roll,46.667,0.1,1.4,-9.2,9.2,0.0009,0
odysseus,torso.roll,46.75,0.2,1.4,-9.2,9.2,0.0013,0
odysseus,torso.roll,46.833,0.3,1.4,-9.2,9.2,0.0019,0
odysseus,torso.roll,46.917,0.5,1.4,-9.2,9.2,0.0025,0
odysseus,torso.roll,47,0.5,0,-9.2,9.2,0.0028,0
odysseus,torso.roll,47.083,0.6,1.4,-9.2,9.2,0.0034,0
odysseus,torso.roll,47.167,0.6,0,-9.2,9.2,0.0034,0
odysseus,head.yaw,0,0,0,-83.1,83.1,0,0
odysseus,head.yaw,7.167,14.1,175.1,-83.1,83.1,0.0066,0.041
odysseus,head.yaw,7.25,24.5,125,-83.1,83.1,0.01,0.044
odysseus,head.yaw,7.333,30.8,75,-83.1,83.1,0.0123,0.032
odysseus,head.yaw,7.417,32.8,24.9,-83.1,83.1,0.013,0.012
odysseus,head.yaw,7.5,32.8,-0.1,-83.1,83.1,0.0129,0
odysseus,head.yaw,7.667,25,-93.6,-83.1,83.1,0.0104,0.034
odysseus,head.yaw,7.75,20.3,-56.2,-83.1,83.1,0.0084,0.017
odysseus,head.yaw,7.833,18.8,-18.8,-83.1,83.1,0.0078,0.005
odysseus,head.yaw,7.917,18.8,-0.1,-83.1,83.1,0.0077,0
odysseus,head.yaw,8.083,-4.4,-277.8,-83.1,83.1,0.0032,0.031
odysseus,head.yaw,8.167,-18.3,-166.7,-83.1,83.1,0.0079,0.046
odysseus,head.yaw,8.25,-22.9,-55.6,-83.1,83.1,0.0097,0.019
odysseus,head.yaw,8.333,-22.9,-0.1,-83.1,83.1,0.0094,0
odysseus,head.yaw,9.583,-7.7,183.1,-83.1,83.1,0.0041,0.026
odysseus,head.yaw,9.667,5.2,154.9,-83.1,83.1,0.0023,0.012
odysseus,head.yaw,9.75,15.7,126.7,-83.1,83.1,0.0065,0.029
odysseus,head.yaw,9.833,23.9,98.6,-83.1,83.1,0.0097,0.034
odysseus,head.yaw,9.917,29.8,70.4,-83.1,83.1,0.0118,0.029
odysseus,head.yaw,10,33.3,42.2,-83.1,83.1,0.0131,0.02
odysseus,head.yaw,10.083,34.5,14,-83.1,83.1,0.0135,0.007
odysseus,head.yaw,10.167,34.1,-5.3,-83.1,83.1,0.0133,0.003
odysseus,head.yaw,10.25,33.2,-9.8,-83.1,83.1,0.0129,0.005
odysseus,head.yaw,10.333,32.8,-5.3,-83.1,83.1,0.0128,0.003
odysseus,head.yaw,10.417,32.8,-0.1,-83.1,83.1,0.0128,0
odysseus,head.yaw,11.583,33.2,6.1,-83.1,83.1,0.0129,0.003
odysseus,head.yaw,11.667,33.6,5,-83.1,83.1,0.013,0.003
odysseus,head.yaw,11.75,34,3.8,-83.1,83.1,0.0132,0.002
odysseus,head.yaw,11.833,34.2,2.7,-83.1,83.1,0.0132,0.002
odysseus,head.yaw,11.917,34.3,1.6,-83.1,83.1,0.0133,0.001
odysseus,head.yaw,12,34.4,0.5,-83.1,83.1,0.0133,0.001
odysseus,head.yaw,12.083,33.9,-5.3,-83.1,83.1,0.0132,0.003
odysseus,head.yaw,12.167,33.1,-9.8,-83.1,83.1,0.0129,0.005
odysseus,head.yaw,12.25,32.7,-5.3,-83.1,83.1,0.0127,0.003
odysseus,head.yaw,12.333,32.7,-0.1,-83.1,83.1,0.0127,0
odysseus,head.yaw,13.583,14.3,-218.8,-83.1,83.1,0.0069,0.053
odysseus,head.yaw,13.667,-1.1,-185.2,-83.1,83.1,0.0006,0.004
odysseus,head.yaw,13.75,-13.7,-151.5,-83.1,83.1,0.0058,0.03
odysseus,head.yaw,13.833,-23.5,-117.9,-83.1,83.1,0.0096,0.04
odysseus,head.yaw,13.917,-30.6,-84.2,-83.1,83.1,0.0121,0.036
odysseus,head.yaw,14,-34.8,-50.5,-83.1,83.1,0.0136,0.024
odysseus,head.yaw,14.083,-36.2,-16.9,-83.1,83.1,0.0141,0.009
odysseus,head.yaw,14.167,-35.7,5.1,-83.1,83.1,0.0139,0.003
odysseus,head.yaw,14.25,-34.9,9.6,-83.1,83.1,0.0135,0.005
odysseus,head.yaw,14.333,-34.5,5.1,-83.1,83.1,0.0134,0.003
odysseus,head.yaw,14.417,-28.6,70.7,-83.1,83.1,0.0116,0.029
odysseus,head.yaw,14.5,-22.7,70.7,-83.1,83.1,0.0091,0.023
odysseus,head.yaw,14.583,7.9,368.2,-83.1,83.1,0.0048,0.061
odysseus,head.yaw,14.667,26.4,220.9,-83.1,83.1,0.0112,0.087
odysseus,head.yaw,14.75,32.5,73.6,-83.1,83.1,0.0134,0.035
odysseus,head.yaw,14.833,32.5,-0.1,-83.1,83.1,0.013,0
odysseus,head.yaw,15,7.3,-301.7,-83.1,83.1,0.0045,0.048
odysseus,head.yaw,15.083,-1.1,-100.6,-83.1,83.1,0.0014,0.005
odysseus,head.yaw,15.167,-1.1,-0.1,-83.1,83.1,0.0009,0
odysseus,head.yaw,16.333,-10.6,-113.2,-83.1,83.1,0.0049,0.019
odysseus,head.yaw,16.417,-16.2,-68,-83.1,83.1,0.0068,0.016
odysseus,head.yaw,16.5,-18.1,-22.7,-83.1,83.1,0.0076,0.006
odysseus,head.yaw,16.583,-18.1,-0.1,-83.1,83.1,0.0074,0
odysseus,head.yaw,17.333,-19.3,-13.6,-83.1,83.1,0.0078,0.004
odysseus,head.yaw,17.417,-20.2,-10.6,-83.1,83.1,0.0081,0.003
odysseus,head.yaw,17.5,-20.8,-7.6,-83.1,83.1,0.0084,0.002
odysseus,head.yaw,17.583,-21.2,-4.5,-83.1,83.1,0.0085,0.001
odysseus,head.yaw,17.667,-21.3,-1.5,-83.1,83.1,0.0086,0.001
odysseus,head.yaw,17.75,-21,3,-83.1,83.1,0.0085,0.001
odysseus,head.yaw,17.833,-20.6,5.5,-83.1,83.1,0.0083,0.002
odysseus,head.yaw,17.917,-20.3,3,-83.1,83.1,0.0082,0.001
odysseus,head.yaw,18,-20.3,0,-83.1,83.1,0.0082,0
odysseus,head.yaw,21.167,6.3,319.6,-83.1,83.1,0.0042,0.047
odysseus,head.yaw,21.25,28.8,270.4,-83.1,83.1,0.0116,0.11
odysseus,head.yaw,21.333,47.3,221.3,-83.1,83.1,0.0175,0.136
odysseus,head.yaw,21.417,61.6,172.1,-83.1,83.1,0.021,0.127
odysseus,head.yaw,21.5,71.9,122.9,-83.1,83.1,0.0226,0.098
odysseus,head.yaw,21.583,78,73.8,-83.1,83.1,0.0233,0.061
odysseus,head.yaw,21.667,80,24.6,-83.1,83.1,0.0234,0.021
odysseus,head.yaw,21.75,79,-12,-83.1,83.1,0.0233,0.011
odysseus,head.yaw,21.833,77.2,-22.3,-83.1,83.1,0.023,0.019
odysseus,head.yaw,21.917,76.2,-12,-83.1,83.1,0.0229,0.011
odysseus,head.yaw,22,76.2,0,-83.1,83.1,0.0229,0.001
odysseus,head.yaw,30,77.6,13.4,-83.1,83.1,0.0231,0.012
odysseus,head.yaw,30.083,77.7,1.3,-83.1,83.1,0.0231,0.002
odysseus,head.yaw,30.167,70.2,-90.2,-83.1,83.1,0.0226,0.072
odysseus,head.yaw,30.25,62.4,-93.6,-83.1,83.1,0.0209,0.069
odysseus,head.yaw,30.333,63.1,7.5,-83.1,83.1,0.0215,0.007
odysseus,head.yaw,30.417,62.9,-1.9,-83.1,83.1,0.021,0.002
odysseus,head.yaw,30.5,62.6,-3.1,-83.1,83.1,0.0209,0.003
odysseus,head.yaw,30.583,62.3,-3.7,-83.1,83.1,0.0209,0.004
odysseus,head.yaw,30.667,62,-4.2,-83.1,83.1,0.0208,0.004
odysseus,head.yaw,30.75,61.6,-4.8,-83.1,83.1,0.0207,0.004
odysseus,head.yaw,30.833,61.2,-5.2,-83.1,83.1,0.0206,0.005
odysseus,head.yaw,30.917,60.7,-5.4,-83.1,83.1,0.0205,0.005
odysseus,head.yaw,31,60.2,-5.7,-83.1,83.1,0.0204,0.005
odysseus,head.yaw,31.083,59.8,-5.7,-83.1,83.1,0.0203,0.005
odysseus,head.yaw,31.167,59.3,-5.8,-83.1,83.1,0.0202,0.005
odysseus,head.yaw,31.25,58.8,-5.6,-83.1,83.1,0.0201,0.005
odysseus,head.yaw,31.333,58.3,-5.4,-83.1,83.1,0.02,0.005
odysseus,head.yaw,31.417,57.9,-5.2,-83.1,83.1,0.0199,0.004
odysseus,head.yaw,31.5,57.5,-4.8,-83.1,83.1,0.0199,0.004
odysseus,head.yaw,31.583,57.2,-4.3,-83.1,83.1,0.0198,0.004
odysseus,head.yaw,31.667,56.9,-3.7,-83.1,83.1,0.0197,0.003
odysseus,head.yaw,31.75,56.6,-3,-83.1,83.1,0.0197,0.003
odysseus,head.yaw,31.833,51,-67.6,-83.1,83.1,0.0186,0.045
odysseus,head.yaw,31.917,31.2,-236.8,-83.1,83.1,0.0131,0.108
odysseus,head.yaw,32,13,-218.8,-83.1,83.1,0.0054,0.041
odysseus,head.yaw,32.083,-2.9,-191.4,-83.1,83.1,0.0013,0.009
odysseus,head.yaw,32.167,-10,-85.2,-83.1,83.1,0.0046,0.014
odysseus,head.yaw,32.25,-10,-0.1,-83.1,83.1,0.0045,0
odysseus,head.yaw,32.333,7.5,211,-83.1,83.1,0.0042,0.031
odysseus,head.yaw,32.417,13.4,70.3,-83.1,83.1,0.0062,0.015
odysseus,head.yaw,32.5,13.1,-3.5,-83.1,83.1,0.0057,0.001
odysseus,head.yaw,32.583,12.6,-6.5,-83.1,83.1,0.0051,0.001
odysseus,head.yaw,32.667,12.3,-3.5,-83.1,83.1,0.005,0.001
odysseus,head.yaw,32.75,12.3,0,-83.1,83.1,0.005,0
odysseus,head.yaw,33.583,-8.5,-249.4,-83.1,83.1,0.0047,0.041
odysseus,head.yaw,33.667,-15.4,-83.1,-83.1,83.1,0.0071,0.021
odysseus,head.yaw,33.75,-15.4,0.8,-83.1,83.1,0.0067,0
odysseus,head.yaw,33.833,-15.2,1.5,-83.1,83.1,0.0062,0
odysseus,head.yaw,33.917,-15.2,0.8,-83.1,83.1,0.0062,0
odysseus,head.yaw,34,-15.2,0,-83.1,83.1,0.0062,0
odysseus,head.yaw,35.167,-9.8,64.7,-83.1,83.1,0.0043,0.01
odysseus,head.yaw,35.25,-8,21.6,-83.1,83.1,0.0035,0.003
odysseus,head.yaw,35.333,-8,-0.3,-83.1,83.1,0.0034,0
odysseus,head.yaw,35.417,-8.1,-0.6,-83.1,83.1,0.0033,0
odysseus,head.yaw,35.5,-8.1,-0.3,-83.1,83.1,0.0033,0
odysseus,head.yaw,35.75,-9.8,-20.6,-83.1,83.1,0.0041,0.003
odysseus,head.yaw,35.833,-16.4,-79.3,-83.1,83.1,0.0069,0.019
odysseus,head.yaw,35.917,-25,-102.8,-83.1,83.1,0.0101,0.036
odysseus,head.yaw,36,-32.2,-87.2,-83.1,83.1,0.0126,0.039
odysseus,head.yaw,36.083,-34.9,-32.3,-83.1,83.1,0.0138,0.016
odysseus,head.yaw,36.167,-34.4,6.9,-83.1,83.1,0.0135,0.004
odysseus,head.yaw,36.25,-33.7,8,-83.1,83.1,0.0131,0.004
odysseus,head.yaw,36.333,-32.9,9,-83.1,83.1,0.0128,0.004
odysseus,head.yaw,36.417,-32.1,10,-83.1,83.1,0.0125,0.005
odysseus,head.yaw,36.5,-31.2,10.8,-83.1,83.1,0.0122,0.005
odysseus,head.yaw,36.583,-30.3,11.3,-83.1,83.1,0.0119,0.005
odysseus,head.yaw,36.667,-29.3,11.8,-83.1,83.1,0.0115,0.005
odysseus,head.yaw,36.75,-28.3,12,-83.1,83.1,0.0112,0.005
odysseus,head.yaw,36.833,-27.3,12.3,-83.1,83.1,0.0108,0.005
odysseus,head.yaw,36.917,-26.2,12.2,-83.1,83.1,0.0104,0.005
odysseus,head.yaw,37,-25.2,12.2,-83.1,83.1,0.01,0.004
odysseus,head.yaw,37.083,-24.2,11.8,-83.1,83.1,0.0097,0.004
odysseus,head.yaw,37.167,-23.3,11.4,-83.1,83.1,0.0093,0.004
odysseus,head.yaw,37.25,-22.4,10.9,-83.1,83.1,0.009,0.004
odysseus,head.yaw,37.333,-21.5,10.2,-83.1,83.1,0.0086,0.003
odysseus,head.yaw,37.417,-20.8,9.3,-83.1,83.1,0.0083,0.003
odysseus,head.yaw,37.5,-20.1,8.4,-83.1,83.1,0.0081,0.002
odysseus,head.yaw,37.583,-19.4,7.3,-83.1,83.1,0.0078,0.002
odysseus,head.yaw,37.667,-17.1,27.8,-83.1,83.1,0.007,0.007
odysseus,head.yaw,37.75,-10.9,75.1,-83.1,83.1,0.0047,0.012
odysseus,head.yaw,37.833,-3,94.1,-83.1,83.1,0.0013,0.004
odysseus,head.yaw,37.917,3.9,83.4,-83.1,83.1,0.0017,0.005
odysseus,head.yaw,38,7.5,43.1,-83.1,83.1,0.0033,0.005
odysseus,head.yaw,38.083,7.6,1.2,-83.1,83.1,0.0033,0
odysseus,head.yaw,38.167,7.6,0,-83.1,83.1,0.0031,0
odysseus,head.yaw,44.583,9.1,20.4,-83.1,83.1,0.0038,0.003
odysseus,head.yaw,44.667,10.4,15.8,-83.1,83.1,0.0043,0.002
odysseus,head.yaw,44.75,11.2,9.6,-83.1,83.1,0.0046,0.002
odysseus,head.yaw,44.833,11.8,6.9,-83.1,83.1,0.0048,0.001
odysseus,head.yaw,44.917,12,2.3,-83.1,83.1,0.0049,0
odysseus,head.yaw,45,11.9,-0.7,-83.1,83.1,0.0049,0
odysseus,head.yaw,45.083,11.8,-1.3,-83.1,83.1,0.0048,0
odysseus,head.yaw,45.167,11.7,-0.7,-83.1,83.1,0.0048,0
odysseus,head.yaw,45.25,11.7,0,-83.1,83.1,0.0048,0
odysseus,head.yaw,47.167,11.7,0,-83.1,83.1,0.0048,0
odysseus,head.pitch,0,-1.4,0,-12.6,12.6,0.0006,0
odysseus,head.pitch,0.25,-1.3,0.7,-12.6,12.6,0.0005,0
odysseus,head.pitch,0.333,-1.3,0.9,-12.6,12.6,0.0005,0
odysseus,head.pitch,0.417,-1.2,1.1,-12.6,12.6,0.0005,0
odysseus,head.pitch,0.5,-1.1,1.2,-12.6,12.6,0.0004,0
odysseus,head.pitch,0.583,-1,1.3,-12.6,12.6,0.0004,0
odysseus,head.pitch,0.667,-0.8,1.4,-12.6,12.6,0.0003,0
odysseus,head.pitch,0.75,-0.7,1.4,-12.6,12.6,0.0003,0
odysseus,head.pitch,0.833,-0.6,1.4,-12.6,12.6,0.0002,0
odysseus,head.pitch,0.917,-0.5,1.4,-12.6,12.6,0.0002,0
odysseus,head.pitch,1,-0.4,1.3,-12.6,12.6,0.0002,0
odysseus,head.pitch,1.083,-0.3,1.2,-12.6,12.6,0.0001,0
odysseus,head.pitch,1.167,-0.2,1.1,-12.6,12.6,0.0001,0
odysseus,head.pitch,1.25,-0.1,0.9,-12.6,12.6,0,0
odysseus,head.pitch,1.333,0,0.7,-12.6,12.6,0,0
odysseus,head.pitch,1.417,0,0.4,-12.6,12.6,0,0
odysseus,head.pitch,1.833,-0.1,-0.5,-12.6,12.6,0,0
odysseus,head.pitch,1.917,-0.2,-0.7,-12.6,12.6,0.0001,0
odysseus,head.pitch,2,-0.2,-0.8,-12.6,12.6,0.0001,0
odysseus,head.pitch,2.083,-0.3,-0.8,-12.6,12.6,0.0001,0
odysseus,head.pitch,2.167,-0.4,-0.9,-12.6,12.6,0.0002,0
odysseus,head.pitch,2.25,-0.5,-1,-12.6,12.6,0.0002,0
odysseus,head.pitch,2.333,-0.5,-1,-12.6,12.6,0.0002,0
odysseus,head.pitch,2.417,-0.6,-1.1,-12.6,12.6,0.0003,0
odysseus,head.pitch,2.5,-0.7,-1.1,-12.6,12.6,0.0003,0
odysseus,head.pitch,2.583,-0.8,-1.1,-12.6,12.6,0.0003,0
odysseus,head.pitch,2.667,-0.9,-1.1,-12.6,12.6,0.0004,0
odysseus,head.pitch,2.75,-1,-1,-12.6,12.6,0.0004,0
odysseus,head.pitch,2.833,-1.1,-1,-12.6,12.6,0.0004,0
odysseus,head.pitch,2.917,-1.1,-0.9,-12.6,12.6,0.0005,0
odysseus,head.pitch,3,-1.2,-0.8,-12.6,12.6,0.0005,0
odysseus,head.pitch,3.083,-1.3,-0.8,-12.6,12.6,0.0005,0
odysseus,head.pitch,3.167,-1.3,-0.7,-12.6,12.6,0.0005,0
odysseus,head.pitch,3.25,-1.4,-0.5,-12.6,12.6,0.0006,0
odysseus,head.pitch,3.333,-1.4,-0.4,-12.6,12.6,0.0006,0
odysseus,head.pitch,3.75,-1.3,0.7,-12.6,12.6,0.0005,0
odysseus,head.pitch,3.833,-1.3,0.9,-12.6,12.6,0.0005,0
odysseus,head.pitch,3.917,-1.2,1.1,-12.6,12.6,0.0005,0
odysseus,head.pitch,4,-1.1,1.2,-12.6,12.6,0.0004,0
odysseus,head.pitch,4.083,-1,1.3,-12.6,12.6,0.0004,0
odysseus,head.pitch,4.167,-0.8,1.4,-12.6,12.6,0.0003,0
odysseus,head.pitch,4.25,-0.7,1.4,-12.6,12.6,0.0003,0
odysseus,head.pitch,4.333,-0.6,1.4,-12.6,12.6,0.0002,0
odysseus,head.pitch,4.417,-0.5,1.4,-12.6,12.6,0.0002,0
odysseus,head.pitch,4.5,-0.4,1.3,-12.6,12.6,0.0002,0
odysseus,head.pitch,4.583,-0.3,1.2,-12.6,12.6,0.0001,0
odysseus,head.pitch,4.667,-0.2,1.1,-12.6,12.6,0.0001,0
odysseus,head.pitch,4.75,-0.1,0.9,-12.6,12.6,0,0
odysseus,head.pitch,4.833,0,0.7,-12.6,12.6,0,0
odysseus,head.pitch,4.917,0,0.4,-12.6,12.6,0,0
odysseus,head.pitch,5.333,-0.1,-0.5,-12.6,12.6,0,0
odysseus,head.pitch,5.417,-0.2,-0.7,-12.6,12.6,0.0001,0
odysseus,head.pitch,5.5,-0.2,-0.8,-12.6,12.6,0.0001,0
odysseus,head.pitch,5.583,-0.3,-0.8,-12.6,12.6,0.0001,0
odysseus,head.pitch,5.667,-0.4,-0.9,-12.6,12.6,0.0002,0
odysseus,head.pitch,5.75,-0.5,-1,-12.6,12.6,0.0002,0
odysseus,head.pitch,5.833,-0.5,-1,-12.6,12.6,0.0002,0
odysseus,head.pitch,5.917,-0.6,-1.1,-12.6,12.6,0.0003,0
odysseus,head.pitch,6,-0.7,-1.1,-12.6,12.6,0.0003,0
odysseus,head.pitch,6.083,-0.8,-1.1,-12.6,12.6,0.0003,0
odysseus,head.pitch,6.167,-0.9,-1.1,-12.6,12.6,0.0004,0
odysseus,head.pitch,6.25,-1,-1,-12.6,12.6,0.0004,0
odysseus,head.pitch,6.333,-1.1,-1,-12.6,12.6,0.0004,0
odysseus,head.pitch,6.417,-1.1,-0.9,-12.6,12.6,0.0005,0
odysseus,head.pitch,6.5,-1.2,-0.8,-12.6,12.6,0.0005,0
odysseus,head.pitch,6.583,-1.3,-0.8,-12.6,12.6,0.0005,0
odysseus,head.pitch,6.667,-1.3,-0.7,-12.6,12.6,0.0005,0
odysseus,head.pitch,6.75,-1.4,-0.5,-12.6,12.6,0.0006,0
odysseus,head.pitch,6.833,-1.4,-0.4,-12.6,12.6,0.0006,0
odysseus,head.pitch,7.083,-1.1,3.8,-12.6,12.6,0.0005,0
odysseus,head.pitch,7.167,4.7,69.3,-12.6,12.6,0.0022,0.005
odysseus,head.pitch,7.25,9.2,54.2,-12.6,12.6,0.0038,0.007
odysseus,head.pitch,7.333,12.2,35.9,-12.6,12.6,0.0051,0.006
odysseus,head.pitch,7.417,12.6,5.2,-12.6,12.6,0.0053,0.001
odysseus,head.pitch,7.5,12.6,0,-12.6,12.6,0.0052,0
odysseus,head.pitch,7.583,11.1,-17.7,-12.6,12.6,0.0046,0.003
odysseus,head.pitch,7.667,10.3,-9.8,-12.6,12.6,0.0043,0.001
odysseus,head.pitch,7.75,11.1,9.8,-12.6,12.6,0.0046,0.002
odysseus,head.pitch,7.833,12.6,17.7,-12.6,12.6,0.0052,0.003
odysseus,head.pitch,7.917,12.6,0,-12.6,12.6,0.0052,0
odysseus,head.pitch,8.083,11.9,-8.6,-12.6,12.6,0.0049,0.002
odysseus,head.pitch,8.167,10.8,-13,-12.6,12.6,0.0044,0.002
odysseus,head.pitch,8.25,10.3,-5.9,-12.6,12.6,0.0043,0.001
odysseus,head.pitch,8.333,10.7,4.7,-12.6,12.6,0.0044,0.001
odysseus,head.pitch,8.417,11.4,8.7,-12.6,12.6,0.0047,0.001
odysseus,head.pitch,8.5,11.8,4.7,-12.6,12.6,0.0048,0.001
odysseus,head.pitch,8.583,11.8,-0.3,-12.6,12.6,0.0048,0
odysseus,head.pitch,8.667,11.7,-0.8,-12.6,12.6,0.0048,0
odysseus,head.pitch,8.75,12.6,10.5,-12.6,12.6,0.0052,0.002
odysseus,head.pitch,8.833,12.6,0,-12.6,12.6,0.0052,0
odysseus,head.pitch,9.583,10.9,-20.6,-12.6,12.6,0.0046,0.003
odysseus,head.pitch,9.667,8.9,-23.9,-12.6,12.6,0.0037,0.003
odysseus,head.pitch,9.75,7.3,-19.6,-12.6,12.6,0.003,0.002
odysseus,head.pitch,9.833,6,-15.2,-12.6,12.6,0.0025,0.001
odysseus,head.pitch,9.917,5.1,-10.9,-12.6,12.6,0.0021,0.001
odysseus,head.pitch,10,4.5,-6.5,-12.6,12.6,0.0019,0
odysseus,head.pitch,10.083,4.4,-2.2,-12.6,12.6,0.0018,0
odysseus,head.pitch,10.167,4.4,0,-12.6,12.6,0.0018,0
odysseus,head.pitch,11.583,10.9,78.2,-12.6,12.6,0.0048,0.013
odysseus,head.pitch,11.667,9.1,-20.9,-12.6,12.6,0.0042,0.003
odysseus,head.pitch,11.75,7.8,-16.3,-12.6,12.6,0.0032,0.002
odysseus,head.pitch,11.833,6.8,-11.6,-12.6,12.6,0.0028,0.001
odysseus,head.pitch,11.917,6.2,-7,-12.6,12.6,0.0026,0.001
odysseus,head.pitch,12,6,-2.3,-12.6,12.6,0.0025,0
odysseus,head.pitch,12.083,6,0,-12.6,12.6,0.0025,0
odysseus,head.pitch,13.583,10.9,58.1,-12.6,12.6,0.0047,0.01
odysseus,head.pitch,13.667,12.6,20.6,-12.6,12.6,0.0053,0.004
odysseus,head.pitch,13.75,12.6,0,-12.6,12.6,0.0052,0
odysseus,head.pitch,15.083,12.4,-3,-12.6,12.6,0.0051,0.001
odysseus,head.pitch,15.167,11.4,-11.2,-12.6,12.6,0.0047,0.002
odysseus,head.pitch,15.25,10.6,-9.4,-12.6,12.6,0.0044,0.001
odysseus,head.pitch,15.333,10.3,-3.9,-12.6,12.6,0.0042,0.001
odysseus,head.pitch,15.417,10.8,5.9,-12.6,12.6,0.0045,0.001
odysseus,head.pitch,15.5,11.9,13,-12.6,12.6,0.0049,0.002
odysseus,head.pitch,15.583,12.6,8.6,-12.6,12.6,0.0052,0.002
odysseus,head.pitch,15.667,12.6,0,-12.6,12.6,0.0052,0
odysseus,head.pitch,15.833,12.4,-3,-12.6,12.6,0.0051,0.001
odysseus,head.pitch,15.917,11.4,-11.2,-12.6,12.6,0.0047,0.002
odysseus,head.pitch,16,10.6,-9.4,-12.6,12.6,0.0044,0.001
odysseus,head.pitch,16.083,10.3,-3.9,-12.6,12.6,0.0042,0.001
odysseus,head.pitch,16.167,10.5,2.4,-12.6,12.6,0.0043,0
odysseus,head.pitch,16.25,11,5.7,-12.6,12.6,0.0045,0.001
odysseus,head.pitch,16.333,11.6,6.8,-12.6,12.6,0.0047,0.001
odysseus,head.pitch,16.417,12,5.7,-12.6,12.6,0.0049,0.001
odysseus,head.pitch,16.5,12.2,2.4,-12.6,12.6,0.005,0
odysseus,head.pitch,16.583,12.2,-0.5,-12.6,12.6,0.005,0
odysseus,head.pitch,16.667,12.1,-1.3,-12.6,12.6,0.0049,0
odysseus,head.pitch,16.75,11.9,-1.8,-12.6,12.6,0.0049,0
odysseus,head.pitch,16.833,11.8,-2,-12.6,12.6,0.0048,0
odysseus,head.pitch,16.917,11.6,-1.8,-12.6,12.6,0.0047,0
odysseus,head.pitch,17,11.5,-1.3,-12.6,12.6,0.0047,0
odysseus,head.pitch,17.083,11.5,-0.5,-12.6,12.6,0.0047,0
odysseus,head.pitch,17.167,11.5,0,-12.6,12.6,0.0047,0
odysseus,head.pitch,17.333,2.9,-103.1,-12.6,12.6,0.0017,0.006
odysseus,head.pitch,17.417,5.1,26.5,-12.6,12.6,0.0027,0.003
odysseus,head.pitch,17.5,6.6,18.9,-12.6,12.6,0.0028,0.002
odysseus,head.pitch,17.583,7.6,11.3,-12.6,12.6,0.0031,0.001
odysseus,head.pitch,17.667,7.9,3.8,-12.6,12.6,0.0033,0
odysseus,head.pitch,17.75,7.9,0,-12.6,12.6,0.0033,0
odysseus,head.pitch,21.167,2.9,-60.5,-12.6,12.6,0.0015,0.003
odysseus,head.pitch,21.25,2,-10.5,-12.6,12.6,0.0011,0
odysseus,head.pitch,21.333,1.3,-8.6,-12.6,12.6,0.0005,0
odysseus,head.pitch,21.417,0.7,-6.7,-12.6,12.6,0.0003,0
odysseus,head.pitch,21.5,0.3,-4.8,-12.6,12.6,0.0001,0
odysseus,head.pitch,21.583,0.1,-2.9,-12.6,12.6,0,0
odysseus,head.pitch,21.667,0,-1,-12.6,12.6,0,0
odysseus,head.pitch,21.75,0,0,-12.6,12.6,0,0
odysseus,head.pitch,23.083,-0.2,-1.9,-12.6,12.6,0.0001,0
odysseus,head.pitch,23.167,-0.3,-2,-12.6,12.6,0.0001,0
odysseus,head.pitch,23.25,-0.5,-1.9,-12.6,12.6,0.0002,0
odysseus,head.pitch,23.333,-0.6,-1.9,-12.6,12.6,0.0003,0
odysseus,head.pitch,23.417,-0.8,-2,-12.6,12.6,0.0003,0
odysseus,head.pitch,23.5,-1,-1.9,-12.6,12.6,0.0004,0
odysseus,head.pitch,23.583,-1.1,-1.9,-12.6,12.6,0.0005,0
odysseus,head.pitch,23.667,-1.3,-2,-12.6,12.6,0.0005,0
odysseus,head.pitch,23.75,-1.5,-1.9,-12.6,12.6,0.0006,0
odysseus,head.pitch,23.833,-1.6,-1.9,-12.6,12.6,0.0007,0
odysseus,head.pitch,23.917,-1.8,-2,-12.6,12.6,0.0007,0
odysseus,head.pitch,24,-1.9,-1.9,-12.6,12.6,0.0008,0
odysseus,head.pitch,24.083,-2.1,-1.9,-12.6,12.6,0.0009,0
odysseus,head.pitch,24.167,-2.3,-2,-12.6,12.6,0.0009,0
odysseus,head.pitch,24.25,-2.4,-1.9,-12.6,12.6,0.001,0
odysseus,head.pitch,24.333,-2.6,-1.9,-12.6,12.6,0.0011,0
odysseus,head.pitch,24.417,-2.8,-2,-12.6,12.6,0.0011,0
odysseus,head.pitch,24.5,-2.9,-1.9,-12.6,12.6,0.0012,0
odysseus,head.pitch,24.583,-3.1,-1.9,-12.6,12.6,0.0013,0
odysseus,head.pitch,24.667,-3.2,-2,-12.6,12.6,0.0013,0
odysseus,head.pitch,24.75,-3.4,-1.9,-12.6,12.6,0.0014,0
odysseus,head.pitch,24.833,-3.6,-1.9,-12.6,12.6,0.0015,0
odysseus,head.pitch,24.917,-3.7,-2,-12.6,12.6,0.0015,0
odysseus,head.pitch,25,-3.9,-1.9,-12.6,12.6,0.0016,0
odysseus,head.pitch,25.083,-3.9,0,-12.6,12.6,0.0016,0
odysseus,head.pitch,30.167,-3.7,1.3,-12.6,12.6,0.0015,0
odysseus,head.pitch,30.25,-3.6,2,-12.6,12.6,0.0015,0
odysseus,head.pitch,30.333,-3.4,2.5,-12.6,12.6,0.0014,0
odysseus,head.pitch,30.417,-3.1,2.8,-12.6,12.6,0.0013,0
odysseus,head.pitch,30.5,-2.9,3,-12.6,12.6,0.0012,0
odysseus,head.pitch,30.583,-2.6,3,-12.6,12.6,0.0011,0
odysseus,head.pitch,30.667,-2.4,2.8,-12.6,12.6,0.001,0
odysseus,head.pitch,30.75,-2.2,2.5,-12.6,12.6,0.0009,0
odysseus,head.pitch,30.833,-2,2,-12.6,12.6,0.0008,0
odysseus,head.pitch,30.917,-1.9,1.3,-12.6,12.6,0.0008,0
odysseus,head.pitch,31,-1.9,0.5,-12.6,12.6,0.0008,0
odysseus,head.pitch,31.083,-2,-0.9,-12.6,12.6,0.0008,0
odysseus,head.pitch,31.167,-2.2,-2.4,-12.6,12.6,0.0009,0
odysseus,head.pitch,31.25,-2.5,-3.6,-12.6,12.6,0.001,0
odysseus,head.pitch,31.333,-2.8,-4.5,-12.6,12.6,0.0012,0
odysseus,head.pitch,31.417,-3.3,-5,-12.6,12.6,0.0013,0
odysseus,head.pitch,31.5,-3.7,-5.1,-12.6,12.6,0.0015,0
odysseus,head.pitch,31.583,-4.1,-5,-12.6,12.6,0.0017,0
odysseus,head.pitch,31.667,-4.5,-4.5,-12.6,12.6,0.0018,0
odysseus,head.pitch,31.75,-4.8,-3.6,-12.6,12.6,0.002,0
odysseus,head.pitch,31.833,-5,-2.4,-12.6,12.6,0.002,0
odysseus,head.pitch,31.917,-5,-0.9,-12.6,12.6,0.0021,0
odysseus,head.pitch,32,-5,0.5,-12.6,12.6,0.0021,0
odysseus,head.pitch,32.083,-4.9,1.3,-12.6,12.6,0.002,0
odysseus,head.pitch,32.167,-12.6,-92.5,-12.6,12.6,0.0056,0.018
odysseus,head.pitch,32.25,-12.6,0,-12.6,12.6,0.0056,0
odysseus,head.pitch,32.333,-4.4,98.7,-12.6,12.6,0.0023,0.008
odysseus,head.pitch,32.417,11.8,194.7,-12.6,12.6,0.0053,0.036
odysseus,head.pitch,32.5,5.7,-73.8,-12.6,12.6,0.0037,0.01
odysseus,head.pitch,32.583,-0.5,-74.4,-12.6,12.6,0.0002,0.001
odysseus,head.pitch,32.667,0.8,15.5,-12.6,12.6,0.0008,0
odysseus,head.pitch,32.75,3.6,33.1,-12.6,12.6,0.0015,0.002
odysseus,head.pitch,32.833,6.3,33.1,-12.6,12.6,0.0026,0.003
odysseus,head.pitch,32.917,7.6,15,-12.6,12.6,0.0032,0.002
odysseus,head.pitch,33,7.6,0,-12.6,12.6,0.0032,0
odysseus,head.pitch,33.583,-1,-103.1,-12.6,12.6,0.0009,0.003
odysseus,head.pitch,33.667,7.6,103.1,-12.6,12.6,0.0041,0.015
odysseus,head.pitch,33.75,7.6,0,-12.6,12.6,0.0036,0
odysseus,head.pitch,33.833,-3.3,-129.9,-12.6,12.6,0.002,0.009
odysseus,head.pitch,33.917,-2.8,6.2,-12.6,12.6,0.0018,0
odysseus,head.pitch,34,4.7,89.4,-12.6,12.6,0.0023,0.007
odysseus,head.pitch,34.083,12.1,89.4,-12.6,12.6,0.005,0.016
odysseus,head.pitch,34.167,8.9,-39.2,-12.6,12.6,0.0043,0.006
odysseus,head.pitch,34.25,2.8,-72.8,-12.6,12.6,0.0013,0.003
odysseus,head.pitch,34.333,-0.5,-39.2,-12.6,12.6,0.0004,0
odysseus,head.pitch,34.417,1.6,25,-12.6,12.6,0.001,0.001
odysseus,head.pitch,34.5,5.5,46.3,-12.6,12.6,0.0024,0.004
odysseus,head.pitch,34.583,7.6,25,-12.6,12.6,0.0032,0.003
odysseus,head.pitch,34.667,7.6,0,-12.6,12.6,0.0032,0
odysseus,head.pitch,35.167,-1,-103.1,-12.6,12.6,0.0009,0.003
odysseus,head.pitch,35.25,-3.9,-34.4,-12.6,12.6,0.0019,0.002
odysseus,head.pitch,35.333,-3.9,0,-12.6,12.6,0.0018,0
odysseus,head.pitch,35.417,-12.6,-104.5,-12.6,12.6,0.0057,0.021
odysseus,head.pitch,35.5,-12.6,0,-12.6,12.6,0.0057,0
odysseus,head.pitch,35.583,-6.8,70.1,-12.6,12.6,0.0031,0.008
odysseus,head.pitch,35.667,0.7,89.4,-12.6,12.6,0.0004,0.001
odysseus,head.pitch,35.75,0.4,-3.4,-12.6,12.6,0.0006,0
odysseus,head.pitch,35.833,-0.3,-8.4,-12.6,12.6,0.0001,0
odysseus,head.pitch,35.917,-1.2,-10.5,-12.6,12.6,0.0005,0
odysseus,head.pitch,36,-2,-10,-12.6,12.6,0.0008,0
odysseus,head.pitch,36.083,-2.6,-6.6,-12.6,12.6,0.0011,0
odysseus,head.pitch,36.167,-2.6,-0.5,-12.6,12.6,0.0011,0
odysseus,head.pitch,36.25,-2.3,3.3,-12.6,12.6,0.001,0
odysseus,head.pitch,36.333,-2.1,2.7,-12.6,12.6,0.0009,0
odysseus,head.pitch,36.417,-1.9,1.8,-12.6,12.6,0.0008,0
odysseus,head.pitch,36.5,-1.9,0.7,-12.6,12.6,0.0008,0
odysseus,head.pitch,36.583,-2.1,-2.8,-12.6,12.6,0.0009,0
odysseus,head.pitch,36.667,-2.7,-7,-12.6,12.6,0.0011,0
odysseus,head.pitch,36.75,-3.5,-9.1,-12.6,12.6,0.0014,0
odysseus,head.pitch,36.833,-4.2,-9.1,-12.6,12.6,0.0017,0.001
odysseus,head.pitch,36.917,-4.8,-7,-12.6,12.6,0.002,0
odysseus,head.pitch,37,-5,-2.8,-12.6,12.6,0.0021,0
odysseus,head.pitch,37.083,-4.9,2.1,-12.6,12.6,0.002,0
odysseus,head.pitch,37.167,-4.4,5.4,-12.6,12.6,0.0018,0
odysseus,head.pitch,37.25,-3.8,7.4,-12.6,12.6,0.0016,0
odysseus,head.pitch,37.333,-3.1,8,-12.6,12.6,0.0013,0
odysseus,head.pitch,37.417,-2.5,7.4,-12.6,12.6,0.001,0
odysseus,head.pitch,37.5,-2.1,5.4,-12.6,12.6,0.0009,0
odysseus,head.pitch,37.583,-1.9,2.1,-12.6,12.6,0.0008,0
odysseus,head.pitch,37.667,-1.9,-0.6,-12.6,12.6,0.0008,0
odysseus,head.pitch,37.75,-2.1,-1.5,-12.6,12.6,0.0009,0
odysseus,head.pitch,37.833,-2.3,-2.3,-12.6,12.6,0.0009,0
odysseus,head.pitch,37.917,-2.5,-2.8,-12.6,12.6,0.001,0
odysseus,head.pitch,38,-2.8,-3.2,-12.6,12.6,0.0011,0
odysseus,head.pitch,38.083,-3,-3.3,-12.6,12.6,0.0012,0
odysseus,head.pitch,38.167,-3.3,-3.2,-12.6,12.6,0.0014,0
odysseus,head.pitch,38.25,-3.5,-2.8,-12.6,12.6,0.0015,0
odysseus,head.pitch,38.333,-3.7,-2.3,-12.6,12.6,0.0015,0
odysseus,head.pitch,38.417,-3.8,-1.5,-12.6,12.6,0.0016,0
odysseus,head.pitch,38.5,-3.9,-0.6,-12.6,12.6,0.0016,0
odysseus,head.pitch,38.583,-3.9,0,-12.6,12.6,0.0016,0
odysseus,head.pitch,42.417,-3.8,1.3,-12.6,12.6,0.0016,0
odysseus,head.pitch,42.5,-3.7,1.3,-12.6,12.6,0.0015,0
odysseus,head.pitch,42.583,-3.6,1.3,-12.6,12.6,0.0015,0
odysseus,head.pitch,42.667,-3.4,1.3,-12.6,12.6,0.0014,0
odysseus,head.pitch,42.75,-3.3,1.2,-12.6,12.6,0.0014,0
odysseus,head.pitch,42.833,-3.2,1.3,-12.6,12.6,0.0013,0
odysseus,head.pitch,42.917,-3.1,1.3,-12.6,12.6,0.0013,0
odysseus,head.pitch,43,-3,1.3,-12.6,12.6,0.0012,0
odysseus,head.pitch,43.083,-2.9,1.3,-12.6,12.6,0.0012,0
odysseus,head.pitch,43.167,-2.8,1.3,-12.6,12.6,0.0011,0
odysseus,head.pitch,43.25,-2.7,1.3,-12.6,12.6,0.0011,0
odysseus,head.pitch,43.333,-2.6,1.3,-12.6,12.6,0.0011,0
odysseus,head.pitch,43.417,-2.5,1.3,-12.6,12.6,0.001,0
odysseus,head.pitch,43.5,-2.4,1.2,-12.6,12.6,0.001,0
odysseus,head.pitch,43.583,-2.3,1.3,-12.6,12.6,0.0009,0
odysseus,head.pitch,43.667,-2.1,1.3,-12.6,12.6,0.0009,0
odysseus,head.pitch,43.75,-2,1.3,-12.6,12.6,0.0008,0
odysseus,head.pitch,43.833,-1.9,1.3,-12.6,12.6,0.0008,0
odysseus,head.pitch,43.917,-1.8,1.3,-12.6,12.6,0.0007,0
odysseus,head.pitch,44,-1.7,1.3,-12.6,12.6,0.0007,0
odysseus,head.pitch,44.083,-1.6,1.3,-12.6,12.6,0.0007,0
odysseus,head.pitch,44.167,-1.5,1.3,-12.6,12.6,0.0006,0
odysseus,head.pitch,44.25,-1.4,1.2,-12.6,12.6,0.0006,0
odysseus,head.pitch,44.333,-1.3,1.3,-12.6,12.6,0.0005,0
odysseus,head.pitch,44.417,-1.2,1.3,-12.6,12.6,0.0005,0
odysseus,head.pitch,44.5,-1.1,1.3,-12.6,12.6,0.0004,0
odysseus,head.pitch,44.583,1.9,35.7,-12.6,12.6,0.001,0.001
odysseus,head.pitch,44.667,5.8,46.4,-12.6,12.6,0.0024,0.004
odysseus,head.pitch,44.75,9.3,42.4,-12.6,12.6,0.0038,0.006
odysseus,head.pitch,44.833,10.9,19.3,-12.6,12.6,0.0046,0.003
odysseus,head.pitch,44.917,11.5,6.4,-12.6,12.6,0.0047,0.001
odysseus,head.pitch,45,11.5,0,-12.6,12.6,0.0047,0
odysseus,head.pitch,47.167,11.5,0,-12.6,12.6,0.0047,0
odysseus,arm.R.pitch,0,31.5,0,-183.3,60.2,0.0154,0
odysseus,arm.R.pitch,7.083,29.2,-27.6,-183.3,60.2,0.0147,0.015
odysseus,arm.R.pitch,7.167,14.2,-179.8,-183.3,60.2,0.0091,0.058
odysseus,arm.R.pitch,7.25,0.4,-165.7,-183.3,60.2,0.0004,0.002
odysseus,arm.R.pitch,7.333,-9.1,-114.2,-183.3,60.2,0.0053,0.021
odysseus,arm.R.pitch,7.417,-14.5,-65.3,-183.3,60.2,0.008,0.018
odysseus,arm.R.pitch,7.5,-15.5,-12,-183.3,60.2,0.0086,0.004
odysseus,arm.R.pitch,7.583,-13.4,25.5,-183.3,60.2,0.0073,0.007
odysseus,arm.R.pitch,7.667,-10.9,30,-183.3,60.2,0.0056,0.006
odysseus,arm.R.pitch,7.75,-11.3,-5.2,-183.3,60.2,0.0062,0.001
odysseus,arm.R.pitch,7.833,-17.4,-72.5,-183.3,60.2,0.0096,0.025
odysseus,arm.R.pitch,7.917,-30.1,-152,-183.3,60.2,0.0157,0.084
odysseus,arm.R.pitch,8,-48.3,-218.7,-183.3,60.2,0.0228,0.175
odysseus,arm.R.pitch,8.083,-69.4,-252.8,-183.3,60.2,0.028,0.248
odysseus,arm.R.pitch,8.167,-89.8,-245.5,-183.3,60.2,0.0295,0.255
odysseus,arm.R.pitch,8.25,-106.5,-200.9,-183.3,60.2,0.0288,0.203
odysseus,arm.R.pitch,8.333,-116.2,-115.5,-183.3,60.2,0.0275,0.112
odysseus,arm.R.pitch,8.417,-105.5,127.8,-183.3,60.2,0.0314,0.142
odysseus,arm.R.pitch,8.5,-97.4,97.4,-183.3,60.2,0.0296,0.102
odysseus,arm.R.pitch,8.583,-97.4,0,-183.3,60.2,0.0304,0.002
odysseus,arm.R.pitch,9.583,-174.8,-928.2,-183.3,60.2,0.0144,0.466
odysseus,arm.R.pitch,9.667,-173.4,16.1,-183.3,60.2,0.0152,0.009
odysseus,arm.R.pitch,9.75,-170.5,35.5,-183.3,60.2,0.0051,0.006
odysseus,arm.R.pitch,9.833,-167.5,35.5,-183.3,60.2,0.0064,0.008
odysseus,arm.R.pitch,9.917,-158.2,111.4,-183.3,60.2,0.0119,0.046
odysseus,arm.R.pitch,10,-174.1,-191,-183.3,60.2,0.0068,0.046
odysseus,arm.R.pitch,10.083,-154.7,233.1,-183.3,60.2,0.0179,0.146
odysseus,arm.R.pitch,10.167,-146.3,100.2,-183.3,60.2,0.018,0.064
odysseus,arm.R.pitch,10.25,-127.9,221.9,-183.3,60.2,0.0248,0.193
odysseus,arm.R.pitch,10.333,-107.6,243.3,-183.3,60.2,0.0283,0.242
odysseus,arm.R.pitch,10.417,-93.9,164,-183.3,60.2,0.0304,0.176
odysseus,arm.R.pitch,10.5,-90.2,44.3,-183.3,60.2,0.0309,0.05
odysseus,arm.R.pitch,10.583,-91.7,-17.5,-183.3,60.2,0.0302,0.02
odysseus,arm.R.pitch,10.667,-94.3,-30.8,-183.3,60.2,0.0295,0.034
odysseus,arm.R.pitch,10.75,-93.9,4.1,-183.3,60.2,0.0298,0.006
odysseus,arm.R.pitch,10.833,-87.7,75,-183.3,60.2,0.0303,0.081
odysseus,arm.R.pitch,10.917,-78.3,112.3,-183.3,60.2,0.0293,0.116
odysseus,arm.R.pitch,11,-70.5,94.2,-183.3,60.2,0.028,0.093
odysseus,arm.R.pitch,11.083,-68.8,20.4,-183.3,60.2,0.0284,0.022
odysseus,arm.R.pitch,11.167,-72.7,-47.7,-183.3,60.2,0.029,0.05
odysseus,arm.R.pitch,11.25,-78.6,-69.9,-183.3,60.2,0.0291,0.073
odysseus,arm.R.pitch,11.333,-85.8,-86.3,-183.3,60.2,0.0296,0.091
odysseus,arm.R.pitch,11.417,-93.8,-97.1,-183.3,60.2,0.0295,0.102
odysseus,arm.R.pitch,11.5,-102.4,-102.6,-183.3,60.2,0.0288,0.105
odysseus,arm.R.pitch,11.583,-110.9,-102.4,-183.3,60.2,0.0275,0.1
odysseus,arm.R.pitch,11.667,-119,-96.5,-183.3,60.2,0.0258,0.088
odysseus,arm.R.pitch,11.75,-126.1,-85.3,-183.3,60.2,0.0239,0.072
odysseus,arm.R.pitch,11.833,-131.8,-68.5,-183.3,60.2,0.0222,0.054
odysseus,arm.R.pitch,11.917,-136,-50.4,-183.3,60.2,0.0207,0.037
odysseus,arm.R.pitch,12,-138.1,-25.9,-183.3,60.2,0.0199,0.019
odysseus,arm.R.pitch,12.083,-137.1,12.3,-183.3,60.2,0.0205,0.01
odysseus,arm.R.pitch,12.167,-131.8,64,-183.3,60.2,0.0226,0.052
odysseus,arm.R.pitch,12.25,-117.5,171.4,-183.3,60.2,0.0275,0.166
odysseus,arm.R.pitch,12.333,-96.3,254.2,-183.3,60.2,0.0303,0.271
odysseus,arm.R.pitch,12.417,-77.1,230.2,-183.3,60.2,0.029,0.235
odysseus,arm.R.pitch,12.5,-68.8,100.5,-183.3,60.2,0.0291,0.104
odysseus,arm.R.pitch,12.583,-70.4,-20.2,-183.3,60.2,0.0292,0.022
odysseus,arm.R.pitch,12.667,-75,-55.1,-183.3,60.2,0.0289,0.057
odysseus,arm.R.pitch,12.75,-81.9,-82,-183.3,60.2,0.0295,0.086
odysseus,arm.R.pitch,12.833,-90.3,-100.6,-183.3,60.2,0.0297,0.106
odysseus,arm.R.pitch,12.917,-99.5,-111.1,-183.3,60.2,0.0292,0.115
odysseus,arm.R.pitch,13,-109,-113.6,-183.3,60.2,0.0279,0.112
odysseus,arm.R.pitch,13.083,-118,-107.8,-183.3,60.2,0.0261,0.099
odysseus,arm.R.pitch,13.167,-125.8,-93.8,-183.3,60.2,0.0241,0.08
odysseus,arm.R.pitch,13.25,-131.8,-72,-183.3,60.2,0.0222,0.057
odysseus,arm.R.pitch,13.333,-136,-50.5,-183.3,60.2,0.0207,0.037
odysseus,arm.R.pitch,13.417,-138.1,-25.9,-183.3,60.2,0.0199,0.019
odysseus,arm.R.pitch,13.5,-137.1,12.3,-183.3,60.2,0.0205,0.01
odysseus,arm.R.pitch,13.583,-131.8,64.1,-183.3,60.2,0.0226,0.052
odysseus,arm.R.pitch,13.667,-118,164.7,-183.3,60.2,0.0272,0.158
odysseus,arm.R.pitch,13.75,-97.8,243.5,-183.3,60.2,0.0301,0.258
odysseus,arm.R.pitch,13.833,-78.7,228.3,-183.3,60.2,0.0291,0.233
odysseus,arm.R.pitch,13.917,-68.8,119.7,-183.3,60.2,0.0288,0.122
odysseus,arm.R.pitch,14,-67.8,11.6,-183.3,60.2,0.0286,0.013
odysseus,arm.R.pitch,14.083,-70,-26.6,-183.3,60.2,0.0281,0.028
odysseus,arm.R.pitch,14.167,-74.5,-53.4,-183.3,60.2,0.0287,0.055
odysseus,arm.R.pitch,14.25,-80.2,-69.1,-183.3,60.2,0.0292,0.072
odysseus,arm.R.pitch,14.333,-86.3,-73.3,-183.3,60.2,0.0294,0.077
odysseus,arm.R.pitch,14.417,-92.1,-68.7,-183.3,60.2,0.0295,0.072
odysseus,arm.R.pitch,14.5,-99.7,-91.7,-183.3,60.2,0.0293,0.095
odysseus,arm.R.pitch,14.583,-108.5,-105.5,-183.3,60.2,0.0281,0.105
odysseus,arm.R.pitch,14.667,-111.8,-40.4,-183.3,60.2,0.0281,0.041
odysseus,arm.R.pitch,14.75,-111.3,6.7,-183.3,60.2,0.028,0.008
odysseus,arm.R.pitch,14.833,-107.9,41,-183.3,60.2,0.0284,0.042
odysseus,arm.R.pitch,14.917,-101.3,78.6,-183.3,60.2,0.0293,0.082
odysseus,arm.R.pitch,15,-91.6,116.3,-183.3,60.2,0.0299,0.123
odysseus,arm.R.pitch,15.083,-79.1,149.9,-183.3,60.2,0.0293,0.155
odysseus,arm.R.pitch,15.167,-64.5,175.3,-183.3,60.2,0.0269,0.166
odysseus,arm.R.pitch,15.25,-48.8,189.1,-183.3,60.2,0.0223,0.148
odysseus,arm.R.pitch,15.333,-33,189.2,-183.3,60.2,0.016,0.106
odysseus,arm.R.pitch,15.417,-18.4,175.3,-183.3,60.2,0.0095,0.058
odysseus,arm.R.pitch,15.5,-6,149.1,-183.3,60.2,0.0034,0.018
odysseus,arm.R.pitch,15.583,3.5,114.3,-183.3,60.2,0.0023,0.009
odysseus,arm.R.pitch,15.667,9.8,75.5,-183.3,60.2,0.0055,0.015
odysseus,arm.R.pitch,15.75,13,37.8,-183.3,60.2,0.0071,0.009
odysseus,arm.R.pitch,15.833,13.5,5.7,-183.3,60.2,0.0073,0.002
odysseus,arm.R.pitch,15.917,12,-17.4,-183.3,60.2,0.0064,0.004
odysseus,arm.R.pitch,16,9.5,-30.8,-183.3,60.2,0.005,0.005
odysseus,arm.R.pitch,16.083,6.6,-34.5,-183.3,60.2,0.0034,0.004
odysseus,arm.R.pitch,16.167,4.1,-29.8,-183.3,60.2,0.0022,0.002
odysseus,arm.R.pitch,16.25,2.5,-19.5,-183.3,60.2,0.0014,0.001
odysseus,arm.R.pitch,16.333,4.2,20.5,-183.3,60.2,0.0026,0.002
odysseus,arm.R.pitch,16.417,15,130.3,-183.3,60.2,0.009,0.041
odysseus,arm.R.pitch,16.5,26.7,140.3,-183.3,60.2,0.0134,0.066
odysseus,arm.R.pitch,16.583,29.9,37.7,-183.3,60.2,0.0159,0.022
odysseus,arm.R.pitch,16.667,29.7,-2.3,-183.3,60.2,0.0151,0.002
odysseus,arm.R.pitch,16.75,29.5,-2.4,-183.3,60.2,0.0145,0.002
odysseus,arm.R.pitch,16.833,29.3,-2.4,-183.3,60.2,0.0144,0.002
odysseus,arm.R.pitch,16.917,29.1,-2.3,-183.3,60.2,0.0143,0.002
odysseus,arm.R.pitch,17,28.9,-2.3,-183.3,60.2,0.0142,0.002
odysseus,arm.R.pitch,17.083,28.7,-2.3,-183.3,60.2,0.0141,0.002
odysseus,arm.R.pitch,17.167,28.5,-2.3,-183.3,60.2,0.014,0.002
odysseus,arm.R.pitch,17.25,28.3,-2.3,-183.3,60.2,0.014,0.001
odysseus,arm.R.pitch,17.333,28.1,-2.3,-183.3,60.2,0.0139,0.001
odysseus,arm.R.pitch,17.417,27.9,-2.3,-183.3,60.2,0.0138,0.001
odysseus,arm.R.pitch,17.5,27.7,-2.3,-183.3,60.2,0.0137,0.001
odysseus,arm.R.pitch,17.583,27.6,-2.3,-183.3,60.2,0.0136,0.001
odysseus,arm.R.pitch,17.667,27.4,-2.3,-183.3,60.2,0.0135,0.001
odysseus,arm.R.pitch,17.75,27.2,-2.2,-183.3,60.2,0.0134,0.001
odysseus,arm.R.pitch,17.833,27,-2.2,-183.3,60.2,0.0134,0.001
odysseus,arm.R.pitch,17.917,26.8,-2.2,-183.3,60.2,0.0133,0.001
odysseus,arm.R.pitch,18,26.6,-2.2,-183.3,60.2,0.0132,0.001
odysseus,arm.R.pitch,18.083,26.4,-2.2,-183.3,60.2,0.0131,0.001
odysseus,arm.R.pitch,18.167,26.3,-2.1,-183.3,60.2,0.013,0.001
odysseus,arm.R.pitch,18.25,26.1,-2.1,-183.3,60.2,0.0129,0.001
odysseus,arm.R.pitch,18.333,25.9,-2.1,-183.3,60.2,0.0129,0.001
odysseus,arm.R.pitch,18.417,25.7,-2.1,-183.3,60.2,0.0128,0.001
odysseus,arm.R.pitch,18.5,25.6,-2.1,-183.3,60.2,0.0127,0.001
odysseus,arm.R.pitch,18.583,25.4,-2.1,-183.3,60.2,0.0126,0.001
odysseus,arm.R.pitch,18.667,25.2,-2.1,-183.3,60.2,0.0125,0.001
odysseus,arm.R.pitch,18.75,25,-2.1,-183.3,60.2,0.0125,0.001
odysseus,arm.R.pitch,18.833,24.9,-2.1,-183.3,60.2,0.0124,0.001
odysseus,arm.R.pitch,18.917,24.7,-2,-183.3,60.2,0.0123,0.001
odysseus,arm.R.pitch,19,24.5,-2,-183.3,60.2,0.0122,0.001
odysseus,arm.R.pitch,19.083,24.4,-2,-183.3,60.2,0.0121,0.001
odysseus,arm.R.pitch,19.167,24.2,-2,-183.3,60.2,0.0121,0.001
odysseus,arm.R.pitch,19.25,24,-2,-183.3,60.2,0.012,0.001
odysseus,arm.R.pitch,19.333,23.9,-2,-183.3,60.2,0.0119,0.001
odysseus,arm.R.pitch,19.417,23.7,-2,-183.3,60.2,0.0118,0.001
odysseus,arm.R.pitch,19.5,23.5,-1.9,-183.3,60.2,0.0118,0.001
odysseus,arm.R.pitch,19.583,23.4,-1.9,-183.3,60.2,0.0117,0.001
odysseus,arm.R.pitch,19.667,23.2,-1.9,-183.3,60.2,0.0116,0.001
odysseus,arm.R.pitch,19.75,23.1,-1.9,-183.3,60.2,0.0115,0.001
odysseus,arm.R.pitch,19.833,22.9,-1.9,-183.3,60.2,0.0114,0.001
odysseus,arm.R.pitch,19.917,22.7,-1.9,-183.3,60.2,0.0114,0.001
odysseus,arm.R.pitch,20,22.6,-1.9,-183.3,60.2,0.0113,0.001
odysseus,arm.R.pitch,20.083,22.4,-1.9,-183.3,60.2,0.0112,0.001
odysseus,arm.R.pitch,20.167,22.3,-1.8,-183.3,60.2,0.0112,0.001
odysseus,arm.R.pitch,20.25,22.1,-1.9,-183.3,60.2,0.0111,0.001
odysseus,arm.R.pitch,20.333,22,-1.9,-183.3,60.2,0.011,0.001
odysseus,arm.R.pitch,20.417,21.8,-1.8,-183.3,60.2,0.0109,0.001
odysseus,arm.R.pitch,20.5,21.7,-1.8,-183.3,60.2,0.0109,0.001
odysseus,arm.R.pitch,20.583,21.5,-1.8,-183.3,60.2,0.0108,0.001
odysseus,arm.R.pitch,20.667,21.4,-1.8,-183.3,60.2,0.0107,0.001
odysseus,arm.R.pitch,20.75,21.2,-1.7,-183.3,60.2,0.0107,0.001
odysseus,arm.R.pitch,20.833,21.1,-1.7,-183.3,60.2,0.0106,0.001
odysseus,arm.R.pitch,20.917,20.9,-1.7,-183.3,60.2,0.0105,0.001
odysseus,arm.R.pitch,21,20.8,-1.7,-183.3,60.2,0.0104,0.001
odysseus,arm.R.pitch,21.083,20.7,-1.7,-183.3,60.2,0.0104,0.001
odysseus,arm.R.pitch,21.167,20.5,-1.7,-183.3,60.2,0.0103,0.001
odysseus,arm.R.pitch,21.25,20.4,-1.7,-183.3,60.2,0.0102,0.001
odysseus,arm.R.pitch,21.333,20.2,-1.7,-183.3,60.2,0.0102,0.001
odysseus,arm.R.pitch,21.417,20.1,-1.6,-183.3,60.2,0.0101,0.001
odysseus,arm.R.pitch,21.5,20,-1.6,-183.3,60.2,0.01,0.001
odysseus,arm.R.pitch,21.583,19.8,-1.6,-183.3,60.2,0.01,0.001
odysseus,arm.R.pitch,21.667,19.7,-1.6,-183.3,60.2,0.0099,0.001
odysseus,arm.R.pitch,21.75,19.6,-1.6,-183.3,60.2,0.0099,0.001
odysseus,arm.R.pitch,21.833,19.4,-1.6,-183.3,60.2,0.0098,0.001
odysseus,arm.R.pitch,21.917,19.3,-1.6,-183.3,60.2,0.0097,0.001
odysseus,arm.R.pitch,22,19.2,-1.6,-183.3,60.2,0.0097,0.001
odysseus,arm.R.pitch,22.083,19,-1.5,-183.3,60.2,0.0096,0.001
odysseus,arm.R.pitch,22.167,18.9,-1.5,-183.3,60.2,0.0095,0.001
odysseus,arm.R.pitch,22.25,18.8,-1.5,-183.3,60.2,0.0095,0.001
odysseus,arm.R.pitch,22.333,18.7,-1.5,-183.3,60.2,0.0094,0.001
odysseus,arm.R.pitch,22.417,18.5,-1.5,-183.3,60.2,0.0094,0.001
odysseus,arm.R.pitch,22.5,18.4,-1.5,-183.3,60.2,0.0093,0.001
odysseus,arm.R.pitch,22.583,18.3,-1.4,-183.3,60.2,0.0092,0.001
odysseus,arm.R.pitch,22.667,18.2,-1.4,-183.3,60.2,0.0092,0.001
odysseus,arm.R.pitch,22.75,18,-1.4,-183.3,60.2,0.0091,0.001
odysseus,arm.R.pitch,22.833,17.9,-1.4,-183.3,60.2,0.0091,0.001
odysseus,arm.R.pitch,22.917,17.8,-1.4,-183.3,60.2,0.009,0.001
odysseus,arm.R.pitch,23,17.7,-1.4,-183.3,60.2,0.0089,0.001
odysseus,arm.R.pitch,23.083,17.6,-1.4,-183.3,60.2,0.0089,0.001
odysseus,arm.R.pitch,23.167,17.5,-1.4,-183.3,60.2,0.0088,0.001
odysseus,arm.R.pitch,23.25,17.3,-1.4,-183.3,60.2,0.0088,0.001
odysseus,arm.R.pitch,23.333,17.2,-1.4,-183.3,60.2,0.0087,0.001
odysseus,arm.R.pitch,23.417,17.1,-1.3,-183.3,60.2,0.0087,0.001
odysseus,arm.R.pitch,23.5,17,-1.3,-183.3,60.2,0.0086,0.001
odysseus,arm.R.pitch,23.583,16.9,-1.4,-183.3,60.2,0.0086,0.001
odysseus,arm.R.pitch,23.667,16.8,-1.2,-183.3,60.2,0.0085,0.001
odysseus,arm.R.pitch,23.75,16.7,-1.3,-183.3,60.2,0.0085,0.001
odysseus,arm.R.pitch,23.833,16.6,-1.3,-183.3,60.2,0.0084,0.001
odysseus,arm.R.pitch,23.917,16.5,-1.2,-183.3,60.2,0.0083,0
odysseus,arm.R.pitch,24,16.4,-1.2,-183.3,60.2,0.0083,0
odysseus,arm.R.pitch,24.083,16.3,-1.2,-183.3,60.2,0.0082,0
odysseus,arm.R.pitch,24.167,16.2,-1.2,-183.3,60.2,0.0082,0
odysseus,arm.R.pitch,24.25,16.1,-1.2,-183.3,60.2,0.0081,0
odysseus,arm.R.pitch,24.333,16,-1.2,-183.3,60.2,0.0081,0
odysseus,arm.R.pitch,24.417,15.9,-1.2,-183.3,60.2,0.008,0
odysseus,arm.R.pitch,24.5,15.8,-1.2,-183.3,60.2,0.008,0
odysseus,arm.R.pitch,24.583,15.7,-1.2,-183.3,60.2,0.0079,0
odysseus,arm.R.pitch,24.667,15.6,-1.1,-183.3,60.2,0.0079,0
odysseus,arm.R.pitch,24.75,15.5,-1.1,-183.3,60.2,0.0079,0
odysseus,arm.R.pitch,24.833,15.4,-1.1,-183.3,60.2,0.0078,0
odysseus,arm.R.pitch,24.917,15.3,-1.1,-183.3,60.2,0.0078,0
odysseus,arm.R.pitch,25,15.2,-1.1,-183.3,60.2,0.0077,0
odysseus,arm.R.pitch,25.083,15.1,-1.1,-183.3,60.2,0.0077,0
odysseus,arm.R.pitch,25.167,15,-1,-183.3,60.2,0.0076,0
odysseus,arm.R.pitch,25.25,14.9,-1,-183.3,60.2,0.0076,0
odysseus,arm.R.pitch,25.333,14.9,-1,-183.3,60.2,0.0075,0
odysseus,arm.R.pitch,25.417,14.8,-1,-183.3,60.2,0.0075,0
odysseus,arm.R.pitch,25.5,14.7,-1,-183.3,60.2,0.0075,0
odysseus,arm.R.pitch,25.583,14.6,-1,-183.3,60.2,0.0074,0
odysseus,arm.R.pitch,25.667,14.5,-1,-183.3,60.2,0.0074,0
odysseus,arm.R.pitch,25.75,14.4,-1,-183.3,60.2,0.0073,0
odysseus,arm.R.pitch,25.833,14.4,-1,-183.3,60.2,0.0073,0
odysseus,arm.R.pitch,25.917,14.3,-1,-183.3,60.2,0.0073,0
odysseus,arm.R.pitch,26,14.2,-0.9,-183.3,60.2,0.0072,0
odysseus,arm.R.pitch,26.083,14.1,-1,-183.3,60.2,0.0072,0
odysseus,arm.R.pitch,26.167,14,-0.9,-183.3,60.2,0.0071,0
odysseus,arm.R.pitch,26.25,14,-0.9,-183.3,60.2,0.0071,0
odysseus,arm.R.pitch,26.333,13.9,-0.9,-183.3,60.2,0.0071,0
odysseus,arm.R.pitch,26.417,13.8,-0.8,-183.3,60.2,0.007,0
odysseus,arm.R.pitch,26.5,13.8,-0.9,-183.3,60.2,0.007,0
odysseus,arm.R.pitch,26.583,13.7,-0.8,-183.3,60.2,0.007,0
odysseus,arm.R.pitch,26.667,13.6,-0.8,-183.3,60.2,0.0069,0
odysseus,arm.R.pitch,26.75,13.6,-0.8,-183.3,60.2,0.0069,0
odysseus,arm.R.pitch,26.833,13.5,-0.8,-183.3,60.2,0.0069,0
odysseus,arm.R.pitch,26.917,13.4,-0.8,-183.3,60.2,0.0068,0
odysseus,arm.R.pitch,27,13.4,-0.8,-183.3,60.2,0.0068,0
odysseus,arm.R.pitch,27.083,13.3,-0.8,-183.3,60.2,0.0068,0
odysseus,arm.R.pitch,27.167,13.2,-0.8,-183.3,60.2,0.0067,0
odysseus,arm.R.pitch,27.25,13.2,-0.7,-183.3,60.2,0.0067,0
odysseus,arm.R.pitch,27.333,13.1,-0.7,-183.3,60.2,0.0067,0
odysseus,arm.R.pitch,27.417,13,-0.7,-183.3,60.2,0.0066,0
odysseus,arm.R.pitch,27.5,13,-0.7,-183.3,60.2,0.0066,0
odysseus,arm.R.pitch,27.583,12.9,-0.7,-183.3,60.2,0.0066,0
odysseus,arm.R.pitch,27.667,12.9,-0.7,-183.3,60.2,0.0066,0
odysseus,arm.R.pitch,27.75,12.8,-0.7,-183.3,60.2,0.0065,0
odysseus,arm.R.pitch,27.833,12.8,-0.6,-183.3,60.2,0.0065,0
odysseus,arm.R.pitch,27.917,12.7,-0.6,-183.3,60.2,0.0065,0
odysseus,arm.R.pitch,28,12.7,-0.6,-183.3,60.2,0.0065,0
odysseus,arm.R.pitch,28.083,12.6,-0.6,-183.3,60.2,0.0064,0
odysseus,arm.R.pitch,28.167,12.6,-0.6,-183.3,60.2,0.0064,0
odysseus,arm.R.pitch,28.25,12.5,-0.6,-183.3,60.2,0.0064,0
odysseus,arm.R.pitch,28.333,12.5,-0.6,-183.3,60.2,0.0064,0
odysseus,arm.R.pitch,28.417,12.4,-0.6,-183.3,60.2,0.0063,0
odysseus,arm.R.pitch,28.5,12.4,-0.5,-183.3,60.2,0.0063,0
odysseus,arm.R.pitch,28.583,12.3,-0.5,-183.3,60.2,0.0063,0
odysseus,arm.R.pitch,28.667,12.3,-0.5,-183.3,60.2,0.0063,0
odysseus,arm.R.pitch,28.75,12.2,-0.5,-183.3,60.2,0.0062,0
odysseus,arm.R.pitch,28.833,12.2,-0.5,-183.3,60.2,0.0062,0
odysseus,arm.R.pitch,28.917,12.2,-0.5,-183.3,60.2,0.0062,0
odysseus,arm.R.pitch,29,12.1,-0.5,-183.3,60.2,0.0062,0
odysseus,arm.R.pitch,29.083,12.1,-0.4,-183.3,60.2,0.0062,0
odysseus,arm.R.pitch,30.083,10.7,-12,-183.3,60.2,0.0056,0.002
odysseus,arm.R.pitch,30.167,7.2,-42.7,-183.3,60.2,0.0041,0.006
odysseus,arm.R.pitch,30.25,2.9,-51.1,-183.3,60.2,0.0016,0.003
odysseus,arm.R.pitch,30.333,0.4,-30.5,-183.3,60.2,0.0005,0
odysseus,arm.R.pitch,30.417,-1.9,-27.6,-183.3,60.2,0.001,0.001
odysseus,arm.R.pitch,30.5,-3.9,-23.9,-183.3,60.2,0.002,0.002
odysseus,arm.R.pitch,30.583,-5.5,-19.1,-183.3,60.2,0.0029,0.002
odysseus,arm.R.pitch,30.667,-6.6,-13.4,-183.3,60.2,0.0035,0.002
odysseus,arm.R.pitch,30.75,-7.2,-6.7,-183.3,60.2,0.0038,0.001
odysseus,arm.R.pitch,30.833,-7.1,0.6,-183.3,60.2,0.0037,0
odysseus,arm.R.pitch,30.917,-6.4,8.4,-183.3,60.2,0.0034,0.001
odysseus,arm.R.pitch,31,-5.1,16.3,-183.3,60.2,0.0027,0.002
odysseus,arm.R.pitch,31.083,-3.1,24.2,-183.3,60.2,0.0017,0.001
odysseus,arm.R.pitch,31.167,-0.4,31.7,-183.3,60.2,0.0003,0
odysseus,arm.R.pitch,31.25,2.8,38.4,-183.3,60.2,0.0015,0.002
odysseus,arm.R.pitch,31.333,6.5,44.1,-183.3,60.2,0.0034,0.005
odysseus,arm.R.pitch,31.417,10.5,48.6,-183.3,60.2,0.0054,0.009
odysseus,arm.R.pitch,31.5,14.8,51.7,-183.3,60.2,0.0076,0.014
odysseus,arm.R.pitch,31.583,19.3,53.5,-183.3,60.2,0.0097,0.018
odysseus,arm.R.pitch,31.667,23.8,53.8,-183.3,60.2,0.0119,0.023
odysseus,arm.R.pitch,31.75,28.1,52.6,-183.3,60.2,0.0139,0.026
odysseus,arm.R.pitch,31.833,32.3,50.2,-183.3,60.2,0.0158,0.028
odysseus,arm.R.pitch,31.917,35.2,34.8,-183.3,60.2,0.0172,0.021
odysseus,arm.R.pitch,32,53.4,218.4,-183.3,60.2,0.0259,0.199
odysseus,arm.R.pitch,32.083,46.7,-80.4,-183.3,60.2,0.0252,0.072
odysseus,arm.R.pitch,32.167,39.7,-84,-183.3,60.2,0.0189,0.056
odysseus,arm.R.pitch,32.25,37.2,-29.7,-183.3,60.2,0.0185,0.02
odysseus,arm.R.pitch,32.333,37.2,0,-183.3,60.2,0.0182,0.001
odysseus,arm.R.pitch,35.75,37.1,-2.1,-183.3,60.2,0.0178,0.002
odysseus,arm.R.pitch,35.833,34.3,-32.8,-183.3,60.2,0.017,0.02
odysseus,arm.R.pitch,35.917,27.8,-77.9,-183.3,60.2,0.0143,0.039
odysseus,arm.R.pitch,36,21.3,-78,-183.3,60.2,0.0107,0.029
odysseus,arm.R.pitch,36.083,17,-51.9,-183.3,60.2,0.0089,0.016
odysseus,arm.R.pitch,36.167,13.2,-45.8,-183.3,60.2,0.0068,0.011
odysseus,arm.R.pitch,36.25,10.1,-36.8,-183.3,60.2,0.0053,0.007
odysseus,arm.R.pitch,36.333,8,-25.2,-183.3,60.2,0.0043,0.004
odysseus,arm.R.pitch,36.417,7.1,-11.6,-183.3,60.2,0.0038,0.002
odysseus,arm.R.pitch,36.5,7.3,3,-183.3,60.2,0.0039,0
odysseus,arm.R.pitch,36.583,8.8,17.9,-183.3,60.2,0.0047,0.003
odysseus,arm.R.pitch,36.667,11.5,31.8,-183.3,60.2,0.006,0.007
odysseus,arm.R.pitch,36.75,15.1,43.7,-183.3,60.2,0.0078,0.012
odysseus,arm.R.pitch,36.833,19.5,52.7,-183.3,60.2,0.0099,0.018
odysseus,arm.R.pitch,36.917,24.3,58.1,-183.3,60.2,0.0122,0.025
odysseus,arm.R.pitch,37,29.3,59.5,-183.3,60.2,0.0144,0.03
odysseus,arm.R.pitch,37.083,34,56.8,-183.3,60.2,0.0165,0.033
odysseus,arm.R.pitch,37.167,38.2,50.4,-183.3,60.2,0.0183,0.033
odysseus,arm.R.pitch,37.25,41.6,40.8,-183.3,60.2,0.0197,0.029
odysseus,arm.R.pitch,37.333,44,28.9,-183.3,60.2,0.0206,0.022
odysseus,arm.R.pitch,37.417,45.4,15.7,-183.3,60.2,0.0211,0.012
odysseus,arm.R.pitch,37.5,45.5,2.2,-183.3,60.2,0.0212,0.003
odysseus,arm.R.pitch,37.583,44.6,-10.7,-183.3,60.2,0.0208,0.009
odysseus,arm.R.pitch,37.667,42.8,-22.1,-183.3,60.2,0.0201,0.016
odysseus,arm.R.pitch,37.75,40.1,-33,-183.3,60.2,0.0191,0.023
odysseus,arm.R.pitch,37.833,32,-97,-183.3,60.2,0.0164,0.056
odysseus,arm.R.pitch,37.917,22.5,-113.2,-183.3,60.2,0.0115,0.046
odysseus,arm.R.pitch,38,17.5,-60.4,-183.3,60.2,0.0095,0.02
odysseus,arm.R.pitch,38.083,17.2,-3.7,-183.3,60.2,0.0094,0.001
odysseus,arm.R.pitch,38.167,17.2,0,-183.3,60.2,0.0087,0
odysseus,arm.R.pitch,44.667,17.4,2.1,-183.3,60.2,0.0088,0.001
odysseus,arm.R.pitch,44.75,31.5,169.8,-183.3,60.2,0.0175,0.104
odysseus,arm.R.pitch,44.833,31.5,0,-183.3,60.2,0.0175,0.001
odysseus,arm.R.pitch,47.167,31.5,0,-183.3,60.2,0.0154,0
odysseus,arm.R.out,0,0,0,-11.5,31.5,0,0
odysseus,arm.R.out,0.083,0.1,0.9,-11.5,31.5,0,0
odysseus,arm.R.out,0.167,0.1,0.9,-11.5,31.5,0.0001,0
odysseus,arm.R.out,0.25,0.2,0.9,-11.5,31.5,0.0001,0
odysseus,arm.R.out,0.333,0.3,0.9,-11.5,31.5,0.0002,0
odysseus,arm.R.out,0.417,0.4,0.9,-11.5,31.5,0.0002,0
odysseus,arm.R.out,0.5,0.4,0.9,-11.5,31.5,0.0002,0
odysseus,arm.R.out,0.583,0.5,0.9,-11.5,31.5,0.0003,0
odysseus,arm.R.out,0.667,0.6,0.8,-11.5,31.5,0.0003,0
odysseus,arm.R.out,0.75,0.7,0.9,-11.5,31.5,0.0003,0
odysseus,arm.R.out,0.833,0.7,0.9,-11.5,31.5,0.0004,0
odysseus,arm.R.out,0.917,0.8,0.9,-11.5,31.5,0.0004,0
odysseus,arm.R.out,1,0.9,0.8,-11.5,31.5,0.0005,0
odysseus,arm.R.out,1.083,1,0.9,-11.5,31.5,0.0005,0
odysseus,arm.R.out,1.167,1,0.8,-11.5,31.5,0.0005,0
odysseus,arm.R.out,1.25,1.1,0.9,-11.5,31.5,0.0006,0
odysseus,arm.R.out,1.333,1.2,0.9,-11.5,31.5,0.0006,0
odysseus,arm.R.out,1.417,1.2,0.8,-11.5,31.5,0.0006,0
odysseus,arm.R.out,1.5,1.3,0.8,-11.5,31.5,0.0007,0
odysseus,arm.R.out,1.583,1.4,0.9,-11.5,31.5,0.0007,0
odysseus,arm.R.out,1.667,1.5,0.8,-11.5,31.5,0.0007,0
odysseus,arm.R.out,1.75,1.5,0.9,-11.5,31.5,0.0008,0
odysseus,arm.R.out,1.833,1.6,0.8,-11.5,31.5,0.0008,0
odysseus,arm.R.out,1.917,1.7,0.8,-11.5,31.5,0.0009,0
odysseus,arm.R.out,2,1.7,0.8,-11.5,31.5,0.0009,0
odysseus,arm.R.out,2.083,1.8,0.9,-11.5,31.5,0.0009,0
odysseus,arm.R.out,2.167,1.9,0.8,-11.5,31.5,0.001,0
odysseus,arm.R.out,2.25,1.9,0.8,-11.5,31.5,0.001,0
odysseus,arm.R.out,2.333,2,0.8,-11.5,31.5,0.001,0
odysseus,arm.R.out,2.417,2.1,0.8,-11.5,31.5,0.0011,0
odysseus,arm.R.out,2.5,2.2,0.8,-11.5,31.5,0.0011,0
odysseus,arm.R.out,2.583,2.2,0.8,-11.5,31.5,0.0011,0
odysseus,arm.R.out,2.667,2.3,0.8,-11.5,31.5,0.0012,0
odysseus,arm.R.out,2.75,2.4,0.8,-11.5,31.5,0.0012,0
odysseus,arm.R.out,2.833,2.4,0.8,-11.5,31.5,0.0012,0
odysseus,arm.R.out,2.917,2.5,0.8,-11.5,31.5,0.0013,0
odysseus,arm.R.out,3,2.6,0.8,-11.5,31.5,0.0013,0
odysseus,arm.R.out,3.083,2.6,0.8,-11.5,31.5,0.0014,0
odysseus,arm.R.out,3.167,2.7,0.8,-11.5,31.5,0.0014,0
odysseus,arm.R.out,3.25,2.8,0.8,-11.5,31.5,0.0014,0
odysseus,arm.R.out,3.333,2.8,0.8,-11.5,31.5,0.0015,0
odysseus,arm.R.out,3.417,2.9,0.8,-11.5,31.5,0.0015,0
odysseus,arm.R.out,3.5,3,0.8,-11.5,31.5,0.0015,0
odysseus,arm.R.out,3.583,3,0.8,-11.5,31.5,0.0016,0
odysseus,arm.R.out,3.667,3.1,0.8,-11.5,31.5,0.0016,0
odysseus,arm.R.out,3.75,3.2,0.8,-11.5,31.5,0.0016,0
odysseus,arm.R.out,3.833,3.2,0.8,-11.5,31.5,0.0017,0
odysseus,arm.R.out,3.917,3.3,0.8,-11.5,31.5,0.0017,0
odysseus,arm.R.out,4,3.4,0.8,-11.5,31.5,0.0017,0
odysseus,arm.R.out,4.083,3.4,0.8,-11.5,31.5,0.0018,0
odysseus,arm.R.out,4.167,3.5,0.8,-11.5,31.5,0.0018,0
odysseus,arm.R.out,4.25,3.6,0.8,-11.5,31.5,0.0018,0
odysseus,arm.R.out,4.333,3.6,0.8,-11.5,31.5,0.0019,0
odysseus,arm.R.out,4.417,3.7,0.8,-11.5,31.5,0.0019,0
odysseus,arm.R.out,4.5,3.8,0.8,-11.5,31.5,0.0019,0
odysseus,arm.R.out,4.583,3.8,0.8,-11.5,31.5,0.002,0
odysseus,arm.R.out,4.667,3.9,0.8,-11.5,31.5,0.002,0
odysseus,arm.R.out,4.75,3.9,0.8,-11.5,31.5,0.002,0
odysseus,arm.R.out,4.833,4,0.8,-11.5,31.5,0.0021,0
odysseus,arm.R.out,4.917,4.1,0.8,-11.5,31.5,0.0021,0
odysseus,arm.R.out,5,4.1,0.8,-11.5,31.5,0.0021,0
odysseus,arm.R.out,5.083,4.2,0.8,-11.5,31.5,0.0022,0
odysseus,arm.R.out,5.167,4.3,0.8,-11.5,31.5,0.0022,0
odysseus,arm.R.out,5.25,4.3,0.8,-11.5,31.5,0.0022,0
odysseus,arm.R.out,5.333,4.4,0.8,-11.5,31.5,0.0023,0
odysseus,arm.R.out,5.417,4.5,0.8,-11.5,31.5,0.0023,0
odysseus,arm.R.out,5.5,4.5,0.7,-11.5,31.5,0.0023,0
odysseus,arm.R.out,5.583,4.6,0.7,-11.5,31.5,0.0023,0
odysseus,arm.R.out,5.667,4.6,0.7,-11.5,31.5,0.0024,0
odysseus,arm.R.out,5.75,4.7,0.7,-11.5,31.5,0.0024,0
odysseus,arm.R.out,5.833,4.8,0.7,-11.5,31.5,0.0024,0
odysseus,arm.R.out,5.917,4.8,0.7,-11.5,31.5,0.0025,0
odysseus,arm.R.out,6,4.9,0.7,-11.5,31.5,0.0025,0
odysseus,arm.R.out,6.083,4.9,0.7,-11.5,31.5,0.0025,0
odysseus,arm.R.out,6.167,5,0.7,-11.5,31.5,0.0026,0
odysseus,arm.R.out,6.25,5.1,0.7,-11.5,31.5,0.0026,0
odysseus,arm.R.out,6.333,5.1,0.7,-11.5,31.5,0.0026,0
odysseus,arm.R.out,6.417,5.2,0.7,-11.5,31.5,0.0027,0
odysseus,arm.R.out,6.5,5.2,0.7,-11.5,31.5,0.0027,0
odysseus,arm.R.out,6.583,5.3,0.7,-11.5,31.5,0.0027,0
odysseus,arm.R.out,6.667,5.4,0.7,-11.5,31.5,0.0027,0
odysseus,arm.R.out,6.75,5.4,0.8,-11.5,31.5,0.0028,0
odysseus,arm.R.out,6.833,5.5,0.7,-11.5,31.5,0.0028,0
odysseus,arm.R.out,6.917,5.5,0.7,-11.5,31.5,0.0028,0
odysseus,arm.R.out,7,5.6,0.7,-11.5,31.5,0.0029,0
odysseus,arm.R.out,7.083,5.7,0.8,-11.5,31.5,0.0029,0
odysseus,arm.R.out,7.167,5.7,0.7,-11.5,31.5,0.0029,0
odysseus,arm.R.out,7.25,5.8,0.7,-11.5,31.5,0.003,0
odysseus,arm.R.out,7.333,5.8,0.7,-11.5,31.5,0.003,0
odysseus,arm.R.out,7.417,5.9,0.7,-11.5,31.5,0.003,0
odysseus,arm.R.out,7.5,5.9,0.7,-11.5,31.5,0.003,0
odysseus,arm.R.out,7.583,6,0.7,-11.5,31.5,0.0031,0
odysseus,arm.R.out,7.667,6.1,0.7,-11.5,31.5,0.0031,0
odysseus,arm.R.out,7.75,6.1,0.7,-11.5,31.5,0.0031,0
odysseus,arm.R.out,7.833,6.2,0.7,-11.5,31.5,0.0032,0
odysseus,arm.R.out,7.917,6.2,0.6,-11.5,31.5,0.0032,0
odysseus,arm.R.out,8,6.3,0.7,-11.5,31.5,0.0032,0
odysseus,arm.R.out,8.083,6.3,0.7,-11.5,31.5,0.0032,0
odysseus,arm.R.out,8.167,6.4,0.9,-11.5,31.5,0.0033,0
odysseus,arm.R.out,8.25,6.5,1.2,-11.5,31.5,0.0033,0
odysseus,arm.R.out,8.333,6.6,1.5,-11.5,31.5,0.0034,0
odysseus,arm.R.out,8.417,6.8,1.9,-11.5,31.5,0.0035,0
odysseus,arm.R.out,8.5,7,2.1,-11.5,31.5,0.0036,0
odysseus,arm.R.out,8.583,7.1,2.2,-11.5,31.5,0.0037,0
odysseus,arm.R.out,8.667,7.4,2.5,-11.5,31.5,0.0038,0
odysseus,arm.R.out,8.75,7.6,2.6,-11.5,31.5,0.0039,0
odysseus,arm.R.out,8.833,7.8,2.8,-11.5,31.5,0.004,0
odysseus,arm.R.out,8.917,8,2.8,-11.5,31.5,0.0041,0
odysseus,arm.R.out,9,8.3,2.9,-11.5,31.5,0.0042,0
odysseus,arm.R.out,9.083,8.5,2.9,-11.5,31.5,0.0044,0
odysseus,arm.R.out,9.167,8.8,2.9,-11.5,31.5,0.0045,0
odysseus,arm.R.out,9.25,9,2.8,-11.5,31.5,0.0046,0
odysseus,arm.R.out,9.333,9.2,2.8,-11.5,31.5,0.0047,0
odysseus,arm.R.out,9.417,9.4,2.5,-11.5,31.5,0.0048,0
odysseus,arm.R.out,9.5,9.6,2.5,-11.5,31.5,0.0049,0
odysseus,arm.R.out,9.583,9.8,2.2,-11.5,31.5,0.005,0
odysseus,arm.R.out,9.667,10,2.1,-11.5,31.5,0.0051,0
odysseus,arm.R.out,9.75,10.1,1.8,-11.5,31.5,0.0052,0
odysseus,arm.R.out,9.833,10.3,1.4,-11.5,31.5,0.0052,0
odysseus,arm.R.out,9.917,6.9,-40.3,-11.5,31.5,0.0041,0.006
odysseus,arm.R.out,10,5.4,-18.1,-11.5,31.5,0.003,0.002
odysseus,arm.R.out,10.083,6.6,14.5,-11.5,31.5,0.0038,0.002
odysseus,arm.R.out,10.167,12.4,69.6,-11.5,31.5,0.007,0.017
odysseus,arm.R.out,10.25,17.7,63.4,-11.5,31.5,0.009,0.02
odysseus,arm.R.out,10.333,20.8,37.3,-11.5,31.5,0.0108,0.014
odysseus,arm.R.out,10.417,22.2,16.4,-11.5,31.5,0.0114,0.007
odysseus,arm.R.out,10.5,23.3,13.1,-11.5,31.5,0.0117,0.006
odysseus,arm.R.out,10.583,24,9.5,-11.5,31.5,0.012,0.004
odysseus,arm.R.out,10.667,24.5,5.6,-11.5,31.5,0.0123,0.003
odysseus,arm.R.out,10.75,24.6,1.2,-11.5,31.5,0.0123,0.001
odysseus,arm.R.out,10.833,24.3,-3.5,-11.5,31.5,0.0122,0.002
odysseus,arm.R.out,10.917,23.6,-8.5,-11.5,31.5,0.0118,0.004
odysseus,arm.R.out,11,22.4,-14,-11.5,31.5,0.0113,0.006
odysseus,arm.R.out,11.083,20.8,-19.7,-11.5,31.5,0.0105,0.007
odysseus,arm.R.out,11.167,18.2,-31.5,-11.5,31.5,0.0093,0.01
odysseus,arm.R.out,11.25,14.3,-46,-11.5,31.5,0.0075,0.012
odysseus,arm.R.out,11.333,9.7,-55.6,-11.5,31.5,0.0051,0.01
odysseus,arm.R.out,11.417,4.7,-60.3,-11.5,31.5,0.0025,0.005
odysseus,arm.R.out,11.5,-0.4,-60.4,-11.5,31.5,0.0002,0
odysseus,arm.R.out,11.583,-5,-55.6,-11.5,31.5,0.0026,0.005
odysseus,arm.R.out,11.667,-8.8,-46,-11.5,31.5,0.0046,0.007
odysseus,arm.R.out,11.75,-11.5,-31.6,-11.5,31.5,0.006,0.007
odysseus,arm.R.out,11.833,-11.5,0,-11.5,31.5,0.0062,0
odysseus,arm.R.out,13.833,-10.2,14.9,-11.5,31.5,0.0054,0.003
odysseus,arm.R.out,13.917,-8.4,22.4,-11.5,31.5,0.0044,0.003
odysseus,arm.R.out,14,-6.1,26.5,-11.5,31.5,0.0032,0.003
odysseus,arm.R.out,14.083,-3.9,26.9,-11.5,31.5,0.002,0.002
odysseus,arm.R.out,14.167,-1.9,23.6,-11.5,31.5,0.001,0.001
odysseus,arm.R.out,14.25,-0.5,16.9,-11.5,31.5,0.0004,0
odysseus,arm.R.out,14.333,0,6.4,-11.5,31.5,0.0001,0
odysseus,arm.R.out,14.417,0,0,-11.5,31.5,0.0001,0
odysseus,arm.R.out,16,3.2,39,-11.5,31.5,0.0022,0.003
odysseus,arm.R.out,16.083,6.6,40.1,-11.5,31.5,0.0034,0.005
odysseus,arm.R.out,16.167,10,41.1,-11.5,31.5,0.0051,0.007
odysseus,arm.R.out,16.25,13.5,42,-11.5,31.5,0.0069,0.01
odysseus,arm.R.out,16.333,13.6,1.6,-11.5,31.5,0.0074,0.001
odysseus,arm.R.out,16.417,13.7,1.2,-11.5,31.5,0.007,0
odysseus,arm.R.out,16.5,13.8,1,-11.5,31.5,0.007,0
odysseus,arm.R.out,16.583,13.9,0.6,-11.5,31.5,0.0071,0
odysseus,arm.R.out,16.667,13.9,0.4,-11.5,31.5,0.0071,0
odysseus,arm.R.out,32,2.9,-171.9,-11.5,31.5,0.0036,0.022
odysseus,arm.R.out,32.083,2.9,0,-11.5,31.5,0.0036,0
odysseus,arm.R.out,47.167,2.9,0,-11.5,31.5,0.0015,0
odysseus,arm.L.pitch,0,31.5,0,-183.3,60.2,0.0154,0
odysseus,arm.L.pitch,7.083,32.9,16.9,-183.3,60.2,0.0162,0.01
odysseus,arm.L.pitch,7.167,43.9,131.7,-183.3,60.2,0.0218,0.101
odysseus,arm.L.pitch,7.25,50.8,83.2,-183.3,60.2,0.0234,0.069
odysseus,arm.L.pitch,7.333,51,2.3,-183.3,60.2,0.0239,0.003
odysseus,arm.L.pitch,7.417,45.1,-71.2,-183.3,60.2,0.0218,0.055
odysseus,arm.L.pitch,7.5,33.1,-144.3,-183.3,60.2,0.017,0.086
odysseus,arm.L.pitch,7.583,16.7,-196.7,-183.3,60.2,0.0091,0.063
odysseus,arm.L.pitch,7.667,-0.9,-211.3,-183.3,60.2,0.0007,0.005
odysseus,arm.L.pitch,7.75,-16,-181.3,-183.3,60.2,0.0085,0.054
odysseus,arm.L.pitch,7.833,-25.6,-114.4,-183.3,60.2,0.0135,0.054
odysseus,arm.L.pitch,7.917,-28.1,-30.5,-183.3,60.2,0.0149,0.016
odysseus,arm.L.pitch,8,-24.3,45.6,-183.3,60.2,0.0131,0.021
odysseus,arm.L.pitch,8.083,-16.5,93.8,-183.3,60.2,0.009,0.03
odysseus,arm.L.pitch,8.167,-7.7,105.5,-183.3,60.2,0.0041,0.015
odysseus,arm.L.pitch,8.25,-0.7,84.7,-183.3,60.2,0.0006,0.002
odysseus,arm.L.pitch,8.333,1.7,28,-183.3,60.2,0.0016,0.002
odysseus,arm.L.pitch,8.417,-13.5,-181.8,-183.3,60.2,0.0095,0.06
odysseus,arm.L.pitch,8.5,-22.9,-113.4,-183.3,60.2,0.0123,0.049
odysseus,arm.L.pitch,8.583,-22.9,0,-183.3,60.2,0.0129,0
odysseus,arm.L.pitch,8.75,-30.1,-85.9,-183.3,60.2,0.0158,0.048
odysseus,arm.L.pitch,8.833,-45.8,-189.1,-183.3,60.2,0.0224,0.149
odysseus,arm.L.pitch,8.917,-61.6,-189.1,-183.3,60.2,0.0259,0.172
odysseus,arm.L.pitch,9,-68.8,-85.9,-183.3,60.2,0.0287,0.088
odysseus,arm.L.pitch,9.083,-69.8,-12.9,-183.3,60.2,0.0285,0.014
odysseus,arm.L.pitch,9.167,-72.2,-28.4,-183.3,60.2,0.0282,0.03
odysseus,arm.L.pitch,9.25,-74.6,-28.4,-183.3,60.2,0.0284,0.03
odysseus,arm.L.pitch,9.333,-75.6,-12.9,-183.3,60.2,0.0287,0.015
odysseus,arm.L.pitch,9.417,-74.1,18.1,-183.3,60.2,0.0287,0.02
odysseus,arm.L.pitch,9.5,-71.3,33.5,-183.3,60.2,0.0281,0.034
odysseus,arm.L.pitch,9.583,-69.8,18.1,-183.3,60.2,0.0278,0.019
odysseus,arm.L.pitch,9.667,-86.9,-204.9,-183.3,60.2,0.0322,0.232
odysseus,arm.L.pitch,9.75,-99.1,-146.4,-183.3,60.2,0.0298,0.154
odysseus,arm.L.pitch,9.833,-106.4,-87.8,-183.3,60.2,0.029,0.09
odysseus,arm.L.pitch,9.917,-108.9,-29.3,-183.3,60.2,0.0286,0.031
odysseus,arm.L.pitch,10,-108.2,7.6,-183.3,60.2,0.0284,0.009
odysseus,arm.L.pitch,10.083,-106.6,19.6,-183.3,60.2,0.0284,0.021
odysseus,arm.L.pitch,10.167,-104.4,26.9,-183.3,60.2,0.0286,0.028
odysseus,arm.L.pitch,10.25,-101.9,29.3,-183.3,60.2,0.0288,0.031
odysseus,arm.L.pitch,10.333,-99.7,26.9,-183.3,60.2,0.029,0.029
odysseus,arm.L.pitch,10.417,-98,19.6,-183.3,60.2,0.0292,0.022
odysseus,arm.L.pitch,10.5,-97.4,7.6,-183.3,60.2,0.0293,0.01
odysseus,arm.L.pitch,10.583,-93.8,42.9,-183.3,60.2,0.0298,0.046
odysseus,arm.L.pitch,10.667,-85.3,102.3,-183.3,60.2,0.0301,0.109
odysseus,arm.L.pitch,10.75,-75.1,122.1,-183.3,60.2,0.0287,0.124
odysseus,arm.L.pitch,10.833,-66.6,102.3,-183.3,60.2,0.0273,0.099
odysseus,arm.L.pitch,10.917,-63,42.9,-183.3,60.2,0.027,0.042
odysseus,arm.L.pitch,11,-63,0,-183.3,60.2,0.0268,0.001
odysseus,arm.L.pitch,11.667,-83.1,-240.6,-183.3,60.2,0.0322,0.273
odysseus,arm.L.pitch,11.75,-97.4,-171.9,-183.3,60.2,0.03,0.182
odysseus,arm.L.pitch,11.833,-106,-103.1,-183.3,60.2,0.0292,0.107
odysseus,arm.L.pitch,11.917,-108.9,-34.4,-183.3,60.2,0.0287,0.036
odysseus,arm.L.pitch,12,-108.2,7.6,-183.3,60.2,0.0285,0.009
odysseus,arm.L.pitch,12.083,-106.6,19.6,-183.3,60.2,0.0284,0.021
odysseus,arm.L.pitch,12.167,-104.4,26.9,-183.3,60.2,0.0286,0.028
odysseus,arm.L.pitch,12.25,-101.9,29.3,-183.3,60.2,0.0288,0.031
odysseus,arm.L.pitch,12.333,-99.7,26.9,-183.3,60.2,0.029,0.029
odysseus,arm.L.pitch,12.417,-98,19.6,-183.3,60.2,0.0292,0.022
odysseus,arm.L.pitch,12.5,-97.4,7.6,-183.3,60.2,0.0293,0.01
odysseus,arm.L.pitch,12.583,-93.8,42.9,-183.3,60.2,0.0298,0.046
odysseus,arm.L.pitch,12.667,-85.3,102.3,-183.3,60.2,0.0301,0.109
odysseus,arm.L.pitch,12.75,-75.1,122.1,-183.3,60.2,0.0287,0.124
odysseus,arm.L.pitch,12.833,-66.6,102.3,-183.3,60.2,0.0273,0.099
odysseus,arm.L.pitch,12.917,-63,42.9,-183.3,60.2,0.027,0.042
odysseus,arm.L.pitch,13,-63,0,-183.3,60.2,0.0268,0.001
odysseus,arm.L.pitch,13.667,-83.1,-240.6,-183.3,60.2,0.0322,0.273
odysseus,arm.L.pitch,13.75,-97.4,-171.9,-183.3,60.2,0.03,0.182
odysseus,arm.L.pitch,13.833,-106,-103.1,-183.3,60.2,0.0292,0.107
odysseus,arm.L.pitch,13.917,-108.9,-34.4,-183.3,60.2,0.0287,0.036
odysseus,arm.L.pitch,14,-108.3,6.5,-183.3,60.2,0.0285,0.008
odysseus,arm.L.pitch,14.083,-107,15.5,-183.3,60.2,0.0283,0.017
odysseus,arm.L.pitch,14.167,-105.5,18.5,-183.3,60.2,0.0284,0.02
odysseus,arm.L.pitch,14.25,-104.2,15.5,-183.3,60.2,0.0286,0.017
odysseus,arm.L.pitch,14.333,-103.6,6.5,-183.3,60.2,0.0287,0.008
odysseus,arm.L.pitch,14.417,-97.1,78.4,-183.3,60.2,0.0301,0.084
odysseus,arm.L.pitch,14.5,-76.8,244.2,-183.3,60.2,0.0307,0.264
odysseus,arm.L.pitch,14.583,-46.9,357.9,-183.3,60.2,0.0229,0.288
odysseus,arm.L.pitch,14.667,-19.7,326.5,-183.3,60.2,0.0103,0.118
odysseus,arm.L.pitch,14.75,0.2,239.2,-183.3,60.2,0.0012,0.01
odysseus,arm.L.pitch,14.833,9.3,109.5,-183.3,60.2,0.0064,0.025
odysseus,arm.L.pitch,14.917,10.2,10.9,-183.3,60.2,0.0065,0.003
odysseus,arm.L.pitch,15,8.8,-17.3,-183.3,60.2,0.0049,0.003
odysseus,arm.L.pitch,15.083,5.2,-43,-183.3,60.2,0.003,0.005
odysseus,arm.L.pitch,15.167,0.1,-61.9,-183.3,60.2,0.0003,0.001
odysseus,arm.L.pitch,15.25,-5.8,-70.7,-183.3,60.2,0.0031,0.008
odysseus,arm.L.pitch,15.333,-11.4,-67.1,-183.3,60.2,0.0059,0.014
odysseus,arm.L.pitch,15.417,-15.7,-51,-183.3,60.2,0.0082,0.015
odysseus,arm.L.pitch,15.5,-17.7,-24.1,-183.3,60.2,0.0093,0.008
odysseus,arm.L.pitch,15.583,-16.9,10,-183.3,60.2,0.009,0.003
odysseus,arm.L.pitch,15.667,-13,46.6,-183.3,60.2,0.0071,0.012
odysseus,arm.L.pitch,15.75,-6.2,80.8,-183.3,60.2,0.0036,0.01
odysseus,arm.L.pitch,15.833,2.8,107.9,-183.3,60.2,0.0018,0.007
odysseus,arm.L.pitch,15.917,13.1,124.6,-183.3,60.2,0.0069,0.03
odysseus,arm.L.pitch,16,23.9,129.5,-183.3,60.2,0.012,0.055
odysseus,arm.L.pitch,16.083,34.2,122.7,-183.3,60.2,0.0166,0.072
odysseus,arm.L.pitch,16.167,43,106,-183.3,60.2,0.0203,0.076
odysseus,arm.L.pitch,16.25,49.8,82.2,-183.3,60.2,0.0228,0.066
odysseus,arm.L.pitch,16.333,52.4,30.5,-183.3,60.2,0.024,0.027
odysseus,arm.L.pitch,16.417,44.5,-94.3,-183.3,60.2,0.0222,0.074
odysseus,arm.L.pitch,16.5,34.5,-120.8,-183.3,60.2,0.017,0.072
odysseus,arm.L.pitch,16.583,31.5,-35.3,-183.3,60.2,0.0165,0.021
odysseus,arm.L.pitch,16.667,31.5,0,-183.3,60.2,0.0158,0.001
odysseus,arm.L.pitch,23.583,29.2,-27.9,-183.3,60.2,0.0147,0.015
odysseus,arm.L.pitch,23.667,26.1,-36.4,-183.3,60.2,0.0131,0.017
odysseus,arm.L.pitch,23.75,23.1,-36.4,-183.3,60.2,0.0116,0.015
odysseus,arm.L.pitch,23.833,20.1,-36.3,-183.3,60.2,0.0101,0.013
odysseus,arm.L.pitch,23.917,17.2,-34.8,-183.3,60.2,0.0087,0.011
odysseus,arm.L.pitch,24,17.2,0,-183.3,60.2,0.0091,0
odysseus,arm.L.pitch,30.083,18.2,12.1,-183.3,60.2,0.0093,0.004
odysseus,arm.L.pitch,30.167,21.8,43.4,-183.3,60.2,0.0113,0.017
odysseus,arm.L.pitch,30.25,26.2,52.3,-183.3,60.2,0.0131,0.024
odysseus,arm.L.pitch,30.333,28.9,32.1,-183.3,60.2,0.0145,0.017
odysseus,arm.L.pitch,30.417,31.3,29.7,-183.3,60.2,0.0153,0.016
odysseus,arm.L.pitch,30.5,33.5,26.3,-183.3,60.2,0.0163,0.015
odysseus,arm.L.pitch,30.583,35.3,21.9,-183.3,60.2,0.0171,0.014
odysseus,arm.L.pitch,30.667,36.7,16.4,-183.3,60.2,0.0177,0.011
odysseus,arm.L.pitch,30.75,37.5,10,-183.3,60.2,0.018,0.007
odysseus,arm.L.pitch,30.833,37.8,2.9,-183.3,60.2,0.0181,0.002
odysseus,arm.L.pitch,30.917,37.4,-4.7,-183.3,60.2,0.018,0.004
odysseus,arm.L.pitch,31,36.3,-12.6,-183.3,60.2,0.0175,0.008
odysseus,arm.L.pitch,31.083,34.6,-20.4,-183.3,60.2,0.0168,0.013
odysseus,arm.L.pitch,31.167,32.3,-27.9,-183.3,60.2,0.0158,0.016
odysseus,arm.L.pitch,31.25,29.4,-34.6,-183.3,60.2,0.0145,0.018
odysseus,arm.L.pitch,31.333,26.1,-40.4,-183.3,60.2,0.013,0.019
odysseus,arm.L.pitch,31.417,22.3,-45.1,-183.3,60.2,0.0112,0.018
odysseus,arm.L.pitch,31.5,18.3,-48.4,-183.3,60.2,0.0093,0.016
odysseus,arm.L.pitch,31.583,14.1,-50.3,-183.3,60.2,0.0072,0.013
odysseus,arm.L.pitch,31.667,9.8,-50.8,-183.3,60.2,0.005,0.009
odysseus,arm.L.pitch,31.75,5.7,-50,-183.3,60.2,0.0029,0.005
odysseus,arm.L.pitch,31.833,1.7,-47.9,-183.3,60.2,0.0009,0.001
odysseus,arm.L.pitch,31.917,-2,-44.4,-183.3,60.2,0.0011,0.002
odysseus,arm.L.pitch,32,-3.1,-12.6,-183.3,60.2,0.002,0.001
odysseus,arm.L.pitch,32.083,-0.3,33.6,-183.3,60.2,0.0007,0.001
odysseus,arm.L.pitch,32.167,2.8,36.7,-183.3,60.2,0.0015,0.002
odysseus,arm.L.pitch,32.25,2.9,1.1,-183.3,60.2,0.0019,0
odysseus,arm.L.pitch,32.333,2.9,0,-183.3,60.2,0.0015,0
odysseus,arm.L.pitch,35.75,3,2,-183.3,60.2,0.0016,0
odysseus,arm.L.pitch,35.833,5.7,32.3,-183.3,60.2,0.0033,0.004
odysseus,arm.L.pitch,35.917,12.1,76.9,-183.3,60.2,0.0067,0.018
odysseus,arm.L.pitch,36,18.5,76.5,-183.3,60.2,0.0093,0.025
odysseus,arm.L.pitch,36.083,22.7,50,-183.3,60.2,0.0117,0.021
odysseus,arm.L.pitch,36.167,26.3,43.6,-183.3,60.2,0.0131,0.02
odysseus,arm.L.pitch,36.25,29.2,34.2,-183.3,60.2,0.0145,0.018
odysseus,arm.L.pitch,36.333,31,22.4,-183.3,60.2,0.0153,0.012
odysseus,arm.L.pitch,36.417,31.7,8.6,-183.3,60.2,0.0157,0.005
odysseus,arm.L.pitch,36.5,31.2,-6.3,-183.3,60.2,0.0154,0.004
odysseus,arm.L.pitch,36.583,29.4,-21.3,-183.3,60.2,0.0147,0.011
odysseus,arm.L.pitch,36.667,26.5,-35.3,-183.3,60.2,0.0133,0.017
odysseus,arm.L.pitch,36.75,22.6,-47.3,-183.3,60.2,0.0114,0.019
odysseus,arm.L.pitch,36.833,17.9,-56.4,-183.3,60.2,0.0091,0.018
odysseus,arm.L.pitch,36.917,12.7,-61.8,-183.3,60.2,0.0065,0.014
odysseus,arm.L.pitch,37,7.5,-63.2,-183.3,60.2,0.0038,0.008
odysseus,arm.L.pitch,37.083,2.4,-60.4,-183.3,60.2,0.0013,0.003
odysseus,arm.L.pitch,37.167,-2.1,-53.9,-183.3,60.2,0.0011,0.002
odysseus,arm.L.pitch,37.25,-5.8,-44.2,-183.3,60.2,0.0031,0.005
odysseus,arm.L.pitch,37.333,-8.4,-32.1,-183.3,60.2,0.0045,0.005
odysseus,arm.L.pitch,37.417,-10,-18.7,-183.3,60.2,0.0053,0.004
odysseus,arm.L.pitch,37.5,-10.4,-4.9,-183.3,60.2,0.0055,0.001
odysseus,arm.L.pitch,37.583,-9.7,8.2,-183.3,60.2,0.0051,0.002
odysseus,arm.L.pitch,37.667,-8.1,20,-183.3,60.2,0.0043,0.003
odysseus,arm.L.pitch,37.75,-5.4,31.3,-183.3,60.2,0.0029,0.003
odysseus,arm.L.pitch,37.833,2.5,95.7,-183.3,60.2,0.0021,0.007
odysseus,arm.L.pitch,37.917,11.9,112.3,-183.3,60.2,0.0063,0.025
odysseus,arm.L.pitch,38,16.9,60,-183.3,60.2,0.0092,0.019
odysseus,arm.L.pitch,38.083,17.2,3.7,-183.3,60.2,0.0094,0.001
odysseus,arm.L.pitch,38.167,17.2,0,-183.3,60.2,0.0087,0
odysseus,arm.L.pitch,44.667,17.4,2.1,-183.3,60.2,0.0088,0.001
odysseus,arm.L.pitch,44.75,31.5,169.8,-183.3,60.2,0.0175,0.104
odysseus,arm.L.pitch,44.833,31.5,0,-183.3,60.2,0.0175,0.001
odysseus,arm.L.pitch,47.167,31.5,0,-183.3,60.2,0.0154,0
odysseus,arm.L.out,0,0,0,-11.5,31.5,0,0
odysseus,arm.L.out,47.167,0,0,-11.5,31.5,0,0
odysseus,hand.R.roll,0,0,0,-74.5,74.5,0,0
odysseus,hand.R.roll,47.167,0,0,-74.5,74.5,0,0
odysseus,hand.L.roll,0,0,0,-74.5,74.5,0,0
odysseus,hand.L.roll,8.75,4.5,53.7,-74.5,74.5,0,0
odysseus,hand.L.roll,8.833,14.3,118.2,-74.5,74.5,0,0
odysseus,hand.L.roll,8.917,24.2,118.2,-74.5,74.5,0,0
odysseus,hand.L.roll,9,28.6,53.7,-74.5,74.5,0,0
odysseus,hand.L.roll,9.083,19.7,-107.4,-74.5,74.5,0,0
odysseus,hand.L.roll,9.167,0,-236.3,-74.5,74.5,0,0
odysseus,hand.L.roll,9.25,-19.7,-236.3,-74.5,74.5,0,0
odysseus,hand.L.roll,9.333,-28.6,-107.4,-74.5,74.5,0,0
odysseus,hand.L.roll,9.417,-19.7,107.4,-74.5,74.5,0,0
odysseus,hand.L.roll,9.5,0,236.3,-74.5,74.5,0,0
odysseus,hand.L.roll,9.583,19.7,236.3,-74.5,74.5,0,0
odysseus,hand.L.roll,9.667,28.6,107.4,-74.5,74.5,0,0
odysseus,hand.L.roll,9.75,19.7,-107.4,-74.5,74.5,0,0
odysseus,hand.L.roll,9.833,0,-236.3,-74.5,74.5,0,0
odysseus,hand.L.roll,9.917,-19.7,-236.3,-74.5,74.5,0,0
odysseus,hand.L.roll,10,-28.6,-107.4,-74.5,74.5,0,0
odysseus,hand.L.roll,10.083,-28.6,0,-74.5,74.5,0,0
odysseus,hand.L.roll,14.417,-26.5,25.5,-74.5,74.5,0,0
odysseus,hand.L.roll,14.5,-21.2,63.7,-74.5,74.5,0,0
odysseus,hand.L.roll,14.583,-14.3,82.8,-74.5,74.5,0,0
odysseus,hand.L.roll,14.667,-7.4,82.8,-74.5,74.5,0,0
odysseus,hand.L.roll,14.75,-2.1,63.7,-74.5,74.5,0,0
odysseus,hand.L.roll,14.833,0,25.5,-74.5,74.5,0,0
odysseus,hand.L.roll,14.917,0,0,-74.5,74.5,0,0
odysseus,hand.L.roll,47.167,0,0,-74.5,74.5,0,0
odysseus,leg.R.pitch,0,0,0,-91.7,54.4,0,0
odysseus,leg.R.pitch,7.083,2.3,27.7,-91.7,54.4,0.0037,0.004
odysseus,leg.R.pitch,7.167,19.1,201.1,-91.7,54.4,0.0284,0.201
odysseus,leg.R.pitch,7.25,31.4,148.4,-91.7,54.4,0.0376,0.198
odysseus,leg.R.pitch,7.333,35.5,48.9,-91.7,54.4,0.0433,0.078
odysseus,leg.R.pitch,7.417,32,-42.2,-91.7,54.4,0.0395,0.061
odysseus,leg.R.pitch,7.5,20.8,-134.8,-91.7,54.4,0.0275,0.131
odysseus,leg.R.pitch,7.583,4,-201,-91.7,54.4,0.0071,0.05
odysseus,leg.R.pitch,7.667,-14.1,-217,-91.7,54.4,0.0173,0.131
odysseus,leg.R.pitch,7.75,-28.5,-173.5,-91.7,54.4,0.0343,0.21
odysseus,leg.R.pitch,7.833,-35.3,-81.1,-91.7,54.4,0.0428,0.125
odysseus,leg.R.pitch,7.917,-32.6,32.6,-91.7,54.4,0.0409,0.05
odysseus,leg.R.pitch,8,-21.4,133.6,-91.7,54.4,0.0286,0.135
odysseus,leg.R.pitch,8.083,-5.3,194.3,-91.7,54.4,0.0084,0.057
odysseus,leg.R.pitch,8.167,11.6,202.6,-91.7,54.4,0.0141,0.1
odysseus,leg.R.pitch,8.25,25.3,164.2,-91.7,54.4,0.0307,0.178
odysseus,leg.R.pitch,8.333,31.5,74.4,-91.7,54.4,0.039,0.104
odysseus,leg.R.pitch,8.417,12.5,-228.4,-91.7,54.4,0.0252,0.202
odysseus,leg.R.pitch,8.5,0,-149.7,-91.7,54.4,0.0027,0.014
odysseus,leg.R.pitch,8.583,0,0,-91.7,54.4,0.0051,0
odysseus,leg.R.pitch,10,-22.9,-275,-91.7,54.4,0.0361,0.35
odysseus,leg.R.pitch,10.083,-2.9,240.7,-91.7,54.4,0.0211,0.178
odysseus,leg.R.pitch,10.167,17.2,240.4,-91.7,54.4,0.0203,0.171
odysseus,leg.R.pitch,10.25,10.4,-81.2,-91.7,54.4,0.0234,0.067
odysseus,leg.R.pitch,10.333,0,-125,-91.7,54.4,0.0015,0.007
odysseus,leg.R.pitch,10.417,-1,-12.4,-91.7,54.4,0.0051,0.002
odysseus,leg.R.pitch,10.5,-1.2,-1.7,-91.7,54.4,0.0018,0
odysseus,leg.R.pitch,10.583,-0.7,5.7,-91.7,54.4,0.0011,0
odysseus,leg.R.pitch,10.667,0.1,9.8,-91.7,54.4,0.0003,0
odysseus,leg.R.pitch,10.75,1,10.9,-91.7,54.4,0.0013,0
odysseus,leg.R.pitch,10.833,1.7,8.5,-91.7,54.4,0.0022,0.001
odysseus,leg.R.pitch,10.917,2,3,-91.7,54.4,0.0026,0
odysseus,leg.R.pitch,11,1.5,-5.9,-91.7,54.4,0.0021,0
odysseus,leg.R.pitch,11.083,0,-17.9,-91.7,54.4,0.0004,0
odysseus,leg.R.pitch,11.167,-12.7,-152.2,-91.7,54.4,0.0197,0.105
odysseus,leg.R.pitch,11.25,-22.9,-122.7,-91.7,54.4,0.0278,0.12
odysseus,leg.R.pitch,11.333,-15.8,86,-91.7,54.4,0.0258,0.079
odysseus,leg.R.pitch,11.417,-3.3,148.9,-91.7,54.4,0.0062,0.032
odysseus,leg.R.pitch,11.5,9.3,151.9,-91.7,54.4,0.0112,0.06
odysseus,leg.R.pitch,11.583,17.2,94.5,-91.7,54.4,0.0223,0.074
odysseus,leg.R.pitch,11.667,9.9,-86.9,-91.7,54.4,0.0181,0.055
odysseus,leg.R.pitch,11.75,0,-119.3,-91.7,54.4,0.0011,0.005
odysseus,leg.R.pitch,11.833,-1,-12.4,-91.7,54.4,0.0049,0.002
odysseus,leg.R.pitch,11.917,-1.2,-1.6,-91.7,54.4,0.0018,0
odysseus,leg.R.pitch,12,-0.7,5.7,-91.7,54.4,0.0011,0
odysseus,leg.R.pitch,12.083,0.1,9.8,-91.7,54.4,0.0003,0
odysseus,leg.R.pitch,12.167,1,10.9,-91.7,54.4,0.0013,0
odysseus,leg.R.pitch,12.25,1.7,8.5,-91.7,54.4,0.0022,0.001
odysseus,leg.R.pitch,12.333,2,3,-91.7,54.4,0.0026,0
odysseus,leg.R.pitch,12.417,1.5,-5.9,-91.7,54.4,0.0021,0
odysseus,leg.R.pitch,12.5,0,-17.9,-91.7,54.4,0.0004,0
odysseus,leg.R.pitch,12.583,-12.7,-152.4,-91.7,54.4,0.0197,0.106
odysseus,leg.R.pitch,12.667,-22.9,-122.6,-91.7,54.4,0.0278,0.12
odysseus,leg.R.pitch,12.75,-15.8,85.9,-91.7,54.4,0.0258,0.079
odysseus,leg.R.pitch,12.833,-3.3,149.1,-91.7,54.4,0.0062,0.032
odysseus,leg.R.pitch,12.917,9.3,151.7,-91.7,54.4,0.0112,0.06
odysseus,leg.R.pitch,13,17.2,94.6,-91.7,54.4,0.0222,0.074
odysseus,leg.R.pitch,13.083,10,-86,-91.7,54.4,0.0181,0.055
odysseus,leg.R.pitch,13.167,0,-120.2,-91.7,54.4,0.0012,0.005
odysseus,leg.R.pitch,13.25,-1.1,-13.1,-91.7,54.4,0.005,0.002
odysseus,leg.R.pitch,13.333,-0.9,2.1,-91.7,54.4,0.0016,0
odysseus,leg.R.pitch,13.417,0,10.9,-91.7,54.4,0.0003,0
odysseus,leg.R.pitch,13.5,1.1,13.1,-91.7,54.4,0.0014,0.001
odysseus,leg.R.pitch,13.583,1.8,8.7,-91.7,54.4,0.0023,0.001
odysseus,leg.R.pitch,13.667,1.6,-2.1,-91.7,54.4,0.0023,0
odysseus,leg.R.pitch,13.75,0,-19.7,-91.7,54.4,0.0006,0
odysseus,leg.R.pitch,13.833,-13,-155.5,-91.7,54.4,0.02,0.11
odysseus,leg.R.pitch,13.917,-22.9,-119.5,-91.7,54.4,0.028,0.118
odysseus,leg.R.pitch,14,-12,130.9,-91.7,54.4,0.0229,0.105
odysseus,leg.R.pitch,14.083,5.5,210.4,-91.7,54.4,0.0093,0.069
odysseus,leg.R.pitch,14.167,17.2,139.9,-91.7,54.4,0.0227,0.112
odysseus,leg.R.pitch,14.25,9.7,-89.3,-91.7,54.4,0.0195,0.061
odysseus,leg.R.pitch,14.333,0,-116.9,-91.7,54.4,0.0009,0.004
odysseus,leg.R.pitch,14.417,0.6,7.4,-91.7,54.4,0.005,0.001
odysseus,leg.R.pitch,14.5,7.3,80.6,-91.7,54.4,0.0113,0.032
odysseus,leg.R.pitch,14.583,20.4,156.3,-91.7,54.4,0.0265,0.146
odysseus,leg.R.pitch,14.667,29.3,106.9,-91.7,54.4,0.0353,0.134
odysseus,leg.R.pitch,14.75,33.9,55.2,-91.7,54.4,0.04,0.08
odysseus,leg.R.pitch,14.833,35.5,19.8,-91.7,54.4,0.0411,0.032
odysseus,leg.R.pitch,14.917,33.7,-21.6,-91.7,54.4,0.0395,0.033
odysseus,leg.R.pitch,15,28.4,-64.3,-91.7,54.4,0.0341,0.079
odysseus,leg.R.pitch,15.083,19.8,-102.9,-91.7,54.4,0.0246,0.089
odysseus,leg.R.pitch,15.167,8.8,-131.7,-91.7,54.4,0.0115,0.053
odysseus,leg.R.pitch,15.25,-3.3,-145.8,-91.7,54.4,0.0045,0.023
odysseus,leg.R.pitch,15.333,-15.2,-142.4,-91.7,54.4,0.0181,0.091
odysseus,leg.R.pitch,15.417,-25.3,-121.1,-91.7,54.4,0.0301,0.129
odysseus,leg.R.pitch,15.5,-32.3,-84.4,-91.7,54.4,0.038,0.115
odysseus,leg.R.pitch,15.583,-35.4,-37.1,-91.7,54.4,0.0414,0.057
odysseus,leg.R.pitch,15.667,-34.2,14.3,-91.7,54.4,0.0404,0.023
odysseus,leg.R.pitch,15.75,-29,62.8,-91.7,54.4,0.0349,0.079
odysseus,leg.R.pitch,15.833,-20.5,102.2,-91.7,54.4,0.0254,0.092
odysseus,leg.R.pitch,15.917,-9.8,127.9,-91.7,54.4,0.0126,0.057
odysseus,leg.R.pitch,16,1.7,137.8,-91.7,54.4,0.0023,0.011
odysseus,leg.R.pitch,16.083,12.7,132.2,-91.7,54.4,0.0153,0.071
odysseus,leg.R.pitch,16.167,22.1,113.6,-91.7,54.4,0.0265,0.107
odysseus,leg.R.pitch,16.25,29.3,85.9,-91.7,54.4,0.0346,0.106
odysseus,leg.R.pitch,16.333,31,20.2,-91.7,54.4,0.0376,0.029
odysseus,leg.R.pitch,16.417,18.8,-145.7,-91.7,54.4,0.0278,0.143
odysseus,leg.R.pitch,16.5,4.2,-175.5,-91.7,54.4,0.0061,0.037
odysseus,leg.R.pitch,16.583,0,-50.6,-91.7,54.4,0.0043,0.008
odysseus,leg.R.pitch,16.667,0,0,-91.7,54.4,0.0017,0
odysseus,leg.R.pitch,30.083,-0.4,-4.7,-91.7,54.4,0.0007,0
odysseus,leg.R.pitch,30.167,-0.8,-4.6,-91.7,54.4,0.001,0
odysseus,leg.R.pitch,30.25,-0.5,3.5,-91.7,54.4,0.0009,0
odysseus,leg.R.pitch,30.333,-0.5,0.3,-91.7,54.4,0.0007,0
odysseus,leg.R.pitch,30.583,-0.4,0.7,-91.7,54.4,0.0004,0
odysseus,leg.R.pitch,30.667,-0.3,0.9,-91.7,54.4,0.0004,0
odysseus,leg.R.pitch,30.75,-0.2,1,-91.7,54.4,0.0002,0
odysseus,leg.R.pitch,30.833,-0.1,1.2,-91.7,54.4,0.0001,0
odysseus,leg.R.pitch,30.917,0,1.2,-91.7,54.4,0,0
odysseus,leg.R.pitch,31,0.1,1.2,-91.7,54.4,0.0001,0
odysseus,leg.R.pitch,31.083,0.2,1.2,-91.7,54.4,0.0002,0
odysseus,leg.R.pitch,31.167,0.3,1.2,-91.7,54.4,0.0004,0
odysseus,leg.R.pitch,31.25,0.4,1.1,-91.7,54.4,0.0005,0
odysseus,leg.R.pitch,31.333,0.5,0.8,-91.7,54.4,0.0006,0
odysseus,leg.R.pitch,31.417,0.5,0.7,-91.7,54.4,0.0006,0
odysseus,leg.R.pitch,31.5,0.6,0.5,-91.7,54.4,0.0007,0
odysseus,leg.R.pitch,31.583,0.6,0.3,-91.7,54.4,0.0007,0
odysseus,leg.R.pitch,31.917,0.4,-1.6,-91.7,54.4,0.0006,0
odysseus,leg.R.pitch,32,-0.3,-8.3,-91.7,54.4,0.0005,0
odysseus,leg.R.pitch,32.083,-0.6,-4.6,-91.7,54.4,0.0009,0
odysseus,leg.R.pitch,32.167,-0.1,6.3,-91.7,54.4,0.0005,0
odysseus,leg.R.pitch,32.25,0,1.5,-91.7,54.4,0.0002,0
odysseus,leg.R.pitch,32.333,0,0,-91.7,54.4,0,0
odysseus,leg.R.pitch,35.75,-0.2,-1.9,-91.7,54.4,0.0003,0
odysseus,leg.R.pitch,35.833,-0.8,-7.5,-91.7,54.4,0.0011,0
odysseus,leg.R.pitch,35.917,-1.2,-4.6,-91.7,54.4,0.0015,0
odysseus,leg.R.pitch,36,-0.6,6.2,-91.7,54.4,0.0011,0
odysseus,leg.R.pitch,36.083,-0.6,1,-91.7,54.4,0.0009,0
odysseus,leg.R.pitch,36.167,-0.4,1.5,-91.7,54.4,0.0005,0
odysseus,leg.R.pitch,36.25,-0.3,1.9,-91.7,54.4,0.0004,0
odysseus,leg.R.pitch,36.333,-0.1,2.2,-91.7,54.4,0.0001,0
odysseus,leg.R.pitch,36.417,0.1,2.4,-91.7,54.4,0.0001,0
odysseus,leg.R.pitch,36.5,0.3,2.6,-91.7,54.4,0.0004,0
odysseus,leg.R.pitch,36.583,0.5,2.4,-91.7,54.4,0.0006,0
odysseus,leg.R.pitch,36.667,0.7,2.2,-91.7,54.4,0.0008,0
odysseus,leg.R.pitch,36.75,0.8,1.7,-91.7,54.4,0.001,0
odysseus,leg.R.pitch,36.833,0.9,1.2,-91.7,54.4,0.0011,0
odysseus,leg.R.pitch,36.917,1,0.5,-91.7,54.4,0.0012,0
odysseus,leg.R.pitch,37,1,-0.2,-91.7,54.4,0.0012,0
odysseus,leg.R.pitch,37.083,0.9,-0.8,-91.7,54.4,0.0011,0
odysseus,leg.R.pitch,37.167,0.8,-1.4,-91.7,54.4,0.001,0
odysseus,leg.R.pitch,37.25,0.6,-1.9,-91.7,54.4,0.0008,0
odysseus,leg.R.pitch,37.333,0.4,-2.1,-91.7,54.4,0.0005,0
odysseus,leg.R.pitch,37.417,0.2,-2.4,-91.7,54.4,0.0003,0
odysseus,leg.R.pitch,37.5,0,-2.3,-91.7,54.4,0.0001,0
odysseus,leg.R.pitch,37.583,-0.1,-2.1,-91.7,54.4,0.0002,0
odysseus,leg.R.pitch,37.667,-0.3,-1.9,-91.7,54.4,0.0003,0
odysseus,leg.R.pitch,37.75,-0.8,-5.8,-91.7,54.4,0.0011,0
odysseus,leg.R.pitch,37.833,-1.6,-9.7,-91.7,54.4,0.002,0.001
odysseus,leg.R.pitch,37.917,-1.2,4.6,-91.7,54.4,0.0019,0
odysseus,leg.R.pitch,38,-0.3,11.3,-91.7,54.4,0.0005,0
odysseus,leg.R.pitch,38.083,0,3,-91.7,54.4,0.0003,0
odysseus,leg.R.pitch,38.167,0,0,-91.7,54.4,0.0001,0
odysseus,leg.R.pitch,47.167,0,0,-91.7,54.4,0,0
odysseus,leg.L.pitch,0,0,0,-91.7,54.4,0,0
odysseus,leg.L.pitch,7.083,-2.3,-27.7,-91.7,54.4,0.0037,0.004
odysseus,leg.L.pitch,7.167,-19.1,-201.1,-91.7,54.4,0.0284,0.201
odysseus,leg.L.pitch,7.25,-31.4,-148.4,-91.7,54.4,0.0376,0.198
odysseus,leg.L.pitch,7.333,-35.5,-48.9,-91.7,54.4,0.0433,0.078
odysseus,leg.L.pitch,7.417,-32,42.2,-91.7,54.4,0.0395,0.061
odysseus,leg.L.pitch,7.5,-20.8,134.8,-91.7,54.4,0.0275,0.131
odysseus,leg.L.pitch,7.583,-4,201,-91.7,54.4,0.0071,0.05
odysseus,leg.L.pitch,7.667,14.1,217,-91.7,54.4,0.0173,0.131
odysseus,leg.L.pitch,7.75,28.5,173.5,-91.7,54.4,0.0343,0.21
odysseus,leg.L.pitch,7.833,35.3,81.1,-91.7,54.4,0.0428,0.125
odysseus,leg.L.pitch,7.917,32.6,-32.6,-91.7,54.4,0.0409,0.05
odysseus,leg.L.pitch,8,21.4,-133.6,-91.7,54.4,0.0286,0.135
odysseus,leg.L.pitch,8.083,5.3,-194.3,-91.7,54.4,0.0084,0.057
odysseus,leg.L.pitch,8.167,-11.6,-202.6,-91.7,54.4,0.0141,0.1
odysseus,leg.L.pitch,8.25,-25.3,-164.2,-91.7,54.4,0.0307,0.178
odysseus,leg.L.pitch,8.333,-31.5,-74.4,-91.7,54.4,0.039,0.104
odysseus,leg.L.pitch,8.417,-12.5,228.4,-91.7,54.4,0.0252,0.202
odysseus,leg.L.pitch,8.5,0,149.7,-91.7,54.4,0.0027,0.014
odysseus,leg.L.pitch,8.583,0,0,-91.7,54.4,0.0051,0
odysseus,leg.L.pitch,10,17.2,206.3,-91.7,54.4,0.0273,0.198
odysseus,leg.L.pitch,10.083,-3.7,-250.8,-91.7,54.4,0.0201,0.177
odysseus,leg.L.pitch,10.167,-22.9,-230.4,-91.7,54.4,0.0274,0.222
odysseus,leg.L.pitch,10.25,-13.1,118.3,-91.7,54.4,0.0274,0.115
odysseus,leg.L.pitch,10.333,0,156.6,-91.7,54.4,0.0013,0.007
odysseus,leg.L.pitch,10.417,1.5,17.9,-91.7,54.4,0.0065,0.004
odysseus,leg.L.pitch,10.5,2,5.9,-91.7,54.4,0.0028,0.001
odysseus,leg.L.pitch,10.583,1.7,-3,-91.7,54.4,0.0024,0
odysseus,leg.L.pitch,10.667,1,-8.5,-91.7,54.4,0.0014,0
odysseus,leg.L.pitch,10.75,0.1,-10.9,-91.7,54.4,0.0002,0
odysseus,leg.L.pitch,10.833,-0.7,-9.8,-91.7,54.4,0.0009,0
odysseus,leg.L.pitch,10.917,-1.2,-5.7,-91.7,54.4,0.0015,0
odysseus,leg.L.pitch,11,-1,1.6,-91.7,54.4,0.0015,0
odysseus,leg.L.pitch,11.083,0,12.4,-91.7,54.4,0.0004,0
odysseus,leg.L.pitch,11.167,9.9,119.2,-91.7,54.4,0.0155,0.065
odysseus,leg.L.pitch,11.25,17.2,87,-91.7,54.4,0.0214,0.066
odysseus,leg.L.pitch,11.333,9.3,-94.6,-91.7,54.4,0.0173,0.058
odysseus,leg.L.pitch,11.417,-3.3,-151.7,-91.7,54.4,0.0059,0.032
odysseus,leg.L.pitch,11.5,-15.8,-149.1,-91.7,54.4,0.0187,0.098
odysseus,leg.L.pitch,11.583,-22.9,-85.9,-91.7,54.4,0.0289,0.088
odysseus,leg.L.pitch,11.667,-12.7,122.6,-91.7,54.4,0.0222,0.096
odysseus,leg.L.pitch,11.75,0,152.4,-91.7,54.4,0.001,0.005
odysseus,leg.L.pitch,11.833,1.5,17.9,-91.7,54.4,0.0064,0.004
odysseus,leg.L.pitch,11.917,2,5.9,-91.7,54.4,0.0028,0.001
odysseus,leg.L.pitch,12,1.7,-3,-91.7,54.4,0.0024,0
odysseus,leg.L.pitch,12.083,1,-8.5,-91.7,54.4,0.0014,0
odysseus,leg.L.pitch,12.167,0.1,-10.9,-91.7,54.4,0.0002,0
odysseus,leg.L.pitch,12.25,-0.7,-9.8,-91.7,54.4,0.0009,0
odysseus,leg.L.pitch,12.333,-1.2,-5.7,-91.7,54.4,0.0015,0
odysseus,leg.L.pitch,12.417,-1,1.6,-91.7,54.4,0.0015,0
odysseus,leg.L.pitch,12.5,0,12.4,-91.7,54.4,0.0004,0
odysseus,leg.L.pitch,12.583,9.9,119.3,-91.7,54.4,0.0155,0.065
odysseus,leg.L.pitch,12.667,17.2,86.9,-91.7,54.4,0.0214,0.066
odysseus,leg.L.pitch,12.75,9.3,-94.5,-91.7,54.4,0.0173,0.058
odysseus,leg.L.pitch,12.833,-3.3,-151.9,-91.7,54.4,0.006,0.032
odysseus,leg.L.pitch,12.917,-15.8,-148.9,-91.7,54.4,0.0187,0.098
odysseus,leg.L.pitch,13,-22.9,-86,-91.7,54.4,0.0289,0.088
odysseus,leg.L.pitch,13.083,-12.8,121.3,-91.7,54.4,0.0223,0.096
odysseus,leg.L.pitch,13.167,0,153.6,-91.7,54.4,0.0011,0.006
odysseus,leg.L.pitch,13.25,1.6,19.7,-91.7,54.4,0.0065,0.005
odysseus,leg.L.pitch,13.333,1.8,2.1,-91.7,54.4,0.0028,0
odysseus,leg.L.pitch,13.417,1.1,-8.7,-91.7,54.4,0.0017,0.001
odysseus,leg.L.pitch,13.5,0,-13.1,-91.7,54.4,0.0001,0
odysseus,leg.L.pitch,13.583,-0.9,-10.9,-91.7,54.4,0.0012,0
odysseus,leg.L.pitch,13.667,-1.1,-2.1,-91.7,54.4,0.0016,0
odysseus,leg.L.pitch,13.75,0,13.1,-91.7,54.4,0.0005,0
odysseus,leg.L.pitch,13.833,10.2,122.6,-91.7,54.4,0.0159,0.069
odysseus,leg.L.pitch,13.917,17.2,83.6,-91.7,54.4,0.0216,0.064
odysseus,leg.L.pitch,14,5.5,-140,-91.7,54.4,0.0143,0.07
odysseus,leg.L.pitch,14.083,-12,-210.4,-91.7,54.4,0.0167,0.123
odysseus,leg.L.pitch,14.167,-22.9,-130.8,-91.7,54.4,0.0295,0.136
odysseus,leg.L.pitch,14.25,-12.3,127.1,-91.7,54.4,0.0235,0.105
odysseus,leg.L.pitch,14.333,0,147.8,-91.7,54.4,0.0007,0.004
odysseus,leg.L.pitch,14.417,-0.6,-7.4,-91.7,54.4,0.0061,0.002
odysseus,leg.L.pitch,14.5,-7.3,-80.6,-91.7,54.4,0.0113,0.032
odysseus,leg.L.pitch,14.583,-20.4,-156.3,-91.7,54.4,0.0265,0.146
odysseus,leg.L.pitch,14.667,-29.3,-106.9,-91.7,54.4,0.0353,0.134
odysseus,leg.L.pitch,14.75,-33.9,-55.2,-91.7,54.4,0.04,0.08
odysseus,leg.L.pitch,14.833,-35.5,-19.8,-91.7,54.4,0.0411,0.032
odysseus,leg.L.pitch,14.917,-33.7,21.6,-91.7,54.4,0.0395,0.033
odysseus,leg.L.pitch,15,-28.4,64.3,-91.7,54.4,0.0341,0.079
odysseus,leg.L.pitch,15.083,-19.8,102.9,-91.7,54.4,0.0246,0.089
odysseus,leg.L.pitch,15.167,-8.8,131.7,-91.7,54.4,0.0115,0.053
odysseus,leg.L.pitch,15.25,3.3,145.8,-91.7,54.4,0.0045,0.023
odysseus,leg.L.pitch,15.333,15.2,142.4,-91.7,54.4,0.0181,0.091
odysseus,leg.L.pitch,15.417,25.3,121.1,-91.7,54.4,0.0301,0.129
odysseus,leg.L.pitch,15.5,32.3,84.4,-91.7,54.4,0.038,0.115
odysseus,leg.L.pitch,15.583,35.4,37.1,-91.7,54.4,0.0414,0.057
odysseus,leg.L.pitch,15.667,34.2,-14.3,-91.7,54.4,0.0404,0.023
odysseus,leg.L.pitch,15.75,29,-62.8,-91.7,54.4,0.0349,0.079
odysseus,leg.L.pitch,15.833,20.5,-102.2,-91.7,54.4,0.0254,0.092
odysseus,leg.L.pitch,15.917,9.8,-127.9,-91.7,54.4,0.0126,0.057
odysseus,leg.L.pitch,16,-1.7,-137.8,-91.7,54.4,0.0023,0.011
odysseus,leg.L.pitch,16.083,-12.7,-132.2,-91.7,54.4,0.0153,0.071
odysseus,leg.L.pitch,16.167,-22.1,-113.6,-91.7,54.4,0.0265,0.107
odysseus,leg.L.pitch,16.25,-29.3,-85.9,-91.7,54.4,0.0346,0.106
odysseus,leg.L.pitch,16.333,-31,-20.2,-91.7,54.4,0.0376,0.029
odysseus,leg.L.pitch,16.417,-18.8,145.7,-91.7,54.4,0.0278,0.143
odysseus,leg.L.pitch,16.5,-4.2,175.5,-91.7,54.4,0.0061,0.037
odysseus,leg.L.pitch,16.583,0,50.6,-91.7,54.4,0.0043,0.008
odysseus,leg.L.pitch,16.667,0,0,-91.7,54.4,0.0017,0
odysseus,leg.L.pitch,30.083,0.4,4.7,-91.7,54.4,0.0007,0
odysseus,leg.L.pitch,30.167,0.8,4.6,-91.7,54.4,0.001,0
odysseus,leg.L.pitch,30.25,0.5,-3.5,-91.7,54.4,0.0009,0
odysseus,leg.L.pitch,30.333,0.5,-0.3,-91.7,54.4,0.0007,0
odysseus,leg.L.pitch,30.583,0.4,-0.7,-91.7,54.4,0.0004,0
odysseus,leg.L.pitch,30.667,0.3,-0.9,-91.7,54.4,0.0004,0
odysseus,leg.L.pitch,30.75,0.2,-1,-91.7,54.4,0.0002,0
odysseus,leg.L.pitch,30.833,0.1,-1.2,-91.7,54.4,0.0001,0
odysseus,leg.L.pitch,30.917,0,-1.2,-91.7,54.4,0,0
odysseus,leg.L.pitch,31,-0.1,-1.2,-91.7,54.4,0.0001,0
odysseus,leg.L.pitch,31.083,-0.2,-1.2,-91.7,54.4,0.0002,0
odysseus,leg.L.pitch,31.167,-0.3,-1.2,-91.7,54.4,0.0004,0
odysseus,leg.L.pitch,31.25,-0.4,-1.1,-91.7,54.4,0.0005,0
odysseus,leg.L.pitch,31.333,-0.5,-0.8,-91.7,54.4,0.0006,0
odysseus,leg.L.pitch,31.417,-0.5,-0.7,-91.7,54.4,0.0006,0
odysseus,leg.L.pitch,31.5,-0.6,-0.5,-91.7,54.4,0.0007,0
odysseus,leg.L.pitch,31.583,-0.6,-0.3,-91.7,54.4,0.0007,0
odysseus,leg.L.pitch,31.917,-0.4,1.6,-91.7,54.4,0.0006,0
odysseus,leg.L.pitch,32,0.3,8.3,-91.7,54.4,0.0005,0
odysseus,leg.L.pitch,32.083,0.6,4.6,-91.7,54.4,0.0009,0
odysseus,leg.L.pitch,32.167,0.1,-6.3,-91.7,54.4,0.0005,0
odysseus,leg.L.pitch,32.25,0,-1.5,-91.7,54.4,0.0002,0
odysseus,leg.L.pitch,32.333,0,0,-91.7,54.4,0,0
odysseus,leg.L.pitch,35.75,0.2,1.9,-91.7,54.4,0.0003,0
odysseus,leg.L.pitch,35.833,0.8,7.5,-91.7,54.4,0.0011,0
odysseus,leg.L.pitch,35.917,1.2,4.6,-91.7,54.4,0.0015,0
odysseus,leg.L.pitch,36,0.6,-6.2,-91.7,54.4,0.0011,0
odysseus,leg.L.pitch,36.083,0.6,-1,-91.7,54.4,0.0009,0
odysseus,leg.L.pitch,36.167,0.4,-1.5,-91.7,54.4,0.0005,0
odysseus,leg.L.pitch,36.25,0.3,-1.9,-91.7,54.4,0.0004,0
odysseus,leg.L.pitch,36.333,0.1,-2.2,-91.7,54.4,0.0001,0
odysseus,leg.L.pitch,36.417,-0.1,-2.4,-91.7,54.4,0.0001,0
odysseus,leg.L.pitch,36.5,-0.3,-2.6,-91.7,54.4,0.0004,0
odysseus,leg.L.pitch,36.583,-0.5,-2.4,-91.7,54.4,0.0006,0
odysseus,leg.L.pitch,36.667,-0.7,-2.2,-91.7,54.4,0.0008,0
odysseus,leg.L.pitch,36.75,-0.8,-1.7,-91.7,54.4,0.001,0
odysseus,leg.L.pitch,36.833,-0.9,-1.2,-91.7,54.4,0.0011,0
odysseus,leg.L.pitch,36.917,-1,-0.5,-91.7,54.4,0.0012,0
odysseus,leg.L.pitch,37,-1,0.2,-91.7,54.4,0.0012,0
odysseus,leg.L.pitch,37.083,-0.9,0.8,-91.7,54.4,0.0011,0
odysseus,leg.L.pitch,37.167,-0.8,1.4,-91.7,54.4,0.001,0
odysseus,leg.L.pitch,37.25,-0.6,1.9,-91.7,54.4,0.0008,0
odysseus,leg.L.pitch,37.333,-0.4,2.1,-91.7,54.4,0.0005,0
odysseus,leg.L.pitch,37.417,-0.2,2.4,-91.7,54.4,0.0003,0
odysseus,leg.L.pitch,37.5,0,2.3,-91.7,54.4,0.0001,0
odysseus,leg.L.pitch,37.583,0.1,2.1,-91.7,54.4,0.0002,0
odysseus,leg.L.pitch,37.667,0.3,1.9,-91.7,54.4,0.0003,0
odysseus,leg.L.pitch,37.75,0.8,5.8,-91.7,54.4,0.0011,0
odysseus,leg.L.pitch,37.833,1.6,9.7,-91.7,54.4,0.002,0.001
odysseus,leg.L.pitch,37.917,1.2,-4.6,-91.7,54.4,0.0019,0
odysseus,leg.L.pitch,38,0.3,-11.3,-91.7,54.4,0.0005,0
odysseus,leg.L.pitch,38.083,0,-3,-91.7,54.4,0.0003,0
odysseus,leg.L.pitch,38.167,0,0,-91.7,54.4,0.0001,0
odysseus,leg.L.pitch,47.167,0,0,-91.7,54.4,0,0
