# servo timeline for OD-B09-S03 (tools/perform/hardware.js): rows where a channel moves (and where it stops); power is an estimate from a stated model (a 0.30 m puppet; see the file header of hardware.js), not a measurement
# calibration on a rig: encoder velocity -> angular velocity; IMU -> root acceleration; V x I -> electrical power; motor thermistor -> a first-order response to I^2 R, the same form as the motion heat T_m
actor,channel,t,angle_deg,velocity_deg_s,limit_lo_deg,limit_hi_deg,torque_Nm,power_W_est
odysseus,root.h,0,0,0,,,0,0
odysseus,root.h,26.833,-0.2,-2.7,,,0,0
odysseus,root.h,26.917,-2.3,-24.8,,,0,0
odysseus,root.h,27,-5.3,-35.7,,,0,0
odysseus,root.h,27.083,-7.6,-28.4,,,0,0
odysseus,root.h,27.167,-8.1,-5.9,,,0,0
odysseus,root.h,27.25,-8.1,0,,,0,0
odysseus,root.h,28.5,-20.9,-152.8,,,0,0
odysseus,root.h,28.583,-68.2,-567.7,,,0,0
odysseus,root.h,28.667,-126.7,-702.8,,,0,0
odysseus,root.h,28.75,-171,-530.9,,,0,0
odysseus,root.h,28.833,180,4211.7,,,0,0
odysseus,root.h,28.917,180,0,,,0,0
odysseus,root.h,29.25,177.3,-32.5,,,0,0
odysseus,root.h,29.333,170,-87,,,0,0
odysseus,root.h,29.417,159.5,-126,,,0,0
odysseus,root.h,29.5,147.1,-149.4,,,0,0
odysseus,root.h,29.583,134,-157.2,,,0,0
odysseus,root.h,29.667,121.5,-149.4,,,0,0
odysseus,root.h,29.75,111,-126,,,0,0
odysseus,root.h,29.833,103.8,-87,,,0,0
odysseus,root.h,29.917,101.1,-32.5,,,0,0
odysseus,root.h,30,101.1,0,,,0,0
odysseus,root.h,43,101.1,0,,,0,0
odysseus,root.pitch,0,0,0,,,0,0
odysseus,root.pitch,43,0,0,,,0,0
odysseus,root.roll,0,0,0,,,0,0
odysseus,root.roll,2.5,-0.2,-2.1,,,0,0
odysseus,root.roll,2.583,-0.6,-5.1,,,0,0
odysseus,root.roll,2.667,-1.1,-6.1,,,0,0
odysseus,root.roll,2.75,-1.5,-5.1,,,0,0
odysseus,root.roll,2.833,-1.7,-2.1,,,0,0
odysseus,root.roll,2.917,-1.7,0.3,,,0,0
odysseus,root.roll,5.833,-1,3.7,,,0,0
odysseus,root.roll,5.917,-0.2,8.9,,,0,0
odysseus,root.roll,6,0.7,10.6,,,0,0
odysseus,root.roll,6.083,1.4,8.9,,,0,0
odysseus,root.roll,6.167,1.7,3.7,,,0,0
odysseus,root.roll,6.25,1.7,-0.3,,,0,0
odysseus,root.roll,10.083,1,-2.6,,,0,0
odysseus,root.roll,10.167,0.5,-6.6,,,0,0
odysseus,root.roll,10.25,-0.2,-8.6,,,0,0
odysseus,root.roll,10.333,-0.9,-8.6,,,0,0
odysseus,root.roll,10.417,-1.5,-6.6,,,0,0
odysseus,root.roll,10.5,-1.7,-2.6,,,0,0
odysseus,root.roll,10.583,-1.7,0.3,,,0,0
odysseus,root.roll,13.75,-1,3.7,,,0,0
odysseus,root.roll,13.833,-0.2,8.9,,,0,0
odysseus,root.roll,13.917,0.7,10.6,,,0,0
odysseus,root.roll,14,1.4,8.9,,,0,0
odysseus,root.roll,14.083,1.7,3.7,,,0,0
odysseus,root.roll,14.167,1.7,-0.3,,,0,0
odysseus,root.roll,16.917,1,-3.7,,,0,0
odysseus,root.roll,17,0.2,-8.9,,,0,0
odysseus,root.roll,17.083,-0.7,-10.6,,,0,0
odysseus,root.roll,17.167,-1.4,-8.9,,,0,0
odysseus,root.roll,17.25,-1.7,-3.7,,,0,0
odysseus,root.roll,17.333,-1.7,0.3,,,0,0
odysseus,root.roll,21.25,-1,3.7,,,0,0
odysseus,root.roll,21.333,-0.2,8.9,,,0,0
odysseus,root.roll,21.417,0.7,10.6,,,0,0
odysseus,root.roll,21.5,1.4,8.9,,,0,0
odysseus,root.roll,21.583,1.7,3.7,,,0,0
odysseus,root.roll,21.667,1.7,-0.3,,,0,0
odysseus,root.roll,25.667,1,-2.6,,,0,0
odysseus,root.roll,25.75,0.5,-6.6,,,0,0
odysseus,root.roll,25.833,-0.2,-8.6,,,0,0
odysseus,root.roll,25.917,-0.9,-8.6,,,0,0
odysseus,root.roll,26,-1.5,-6.6,,,0,0
odysseus,root.roll,26.083,-1.7,-2.6,,,0,0
odysseus,root.roll,26.167,-1.7,0.3,,,0,0
odysseus,root.roll,29.5,-1,3.7,,,0,0
odysseus,root.roll,29.583,-0.2,8.9,,,0,0
odysseus,root.roll,29.667,0.7,10.6,,,0,0
odysseus,root.roll,29.75,1.4,8.9,,,0,0
odysseus,root.roll,29.833,1.7,3.7,,,0,0
odysseus,root.roll,29.917,1.7,-0.3,,,0,0
odysseus,root.roll,34.083,1,-3.7,,,0,0
odysseus,root.roll,34.167,0.2,-8.9,,,0,0
odysseus,root.roll,34.25,-0.7,-10.6,,,0,0
odysseus,root.roll,34.333,-1.4,-8.9,,,0,0
odysseus,root.roll,34.417,-1.7,-3.7,,,0,0
odysseus,root.roll,34.5,-1.7,0.3,,,0,0
odysseus,root.roll,37.667,-1,3.7,,,0,0
odysseus,root.roll,37.75,-0.2,8.9,,,0,0
odysseus,root.roll,37.833,0.7,10.6,,,0,0
odysseus,root.roll,37.917,1.4,8.9,,,0,0
odysseus,root.roll,38,1.7,3.7,,,0,0
odysseus,root.roll,38.083,1.7,-0.3,,,0,0
odysseus,root.roll,40.333,1,-3.7,,,0,0
odysseus,root.roll,40.417,0.2,-8.9,,,0,0
odysseus,root.roll,40.5,-0.7,-10.6,,,0,0
odysseus,root.roll,40.583,-1.4,-8.9,,,0,0
odysseus,root.roll,40.667,-1.7,-3.7,,,0,0
odysseus,root.roll,40.75,-1.7,0.3,,,0,0
odysseus,root.roll,43,-1.3,0,,,0,0
odysseus,torso.lean,0,0,0,-17.2,21.8,0,0
odysseus,torso.lean,0.333,-0.1,-0.6,-17.2,21.8,0.0007,0
odysseus,torso.lean,0.417,-0.2,-0.8,-17.2,21.8,0.0011,0
odysseus,torso.lean,0.5,-0.3,-0.9,-17.2,21.8,0.0015,0
odysseus,torso.lean,0.583,-0.4,-1,-17.2,21.8,0.002,0
odysseus,torso.lean,0.667,-0.4,-1.1,-17.2,21.8,0.0025,0
odysseus,torso.lean,0.75,-0.5,-1.2,-17.2,21.8,0.003,0
odysseus,torso.lean,0.833,-0.6,-1.2,-17.2,21.8,0.0036,0
odysseus,torso.lean,0.917,-0.8,-1.3,-17.2,21.8,0.0041,0
odysseus,torso.lean,1,-0.9,-1.3,-17.2,21.8,0.0047,0
odysseus,torso.lean,1.083,-1,-1.3,-17.2,21.8,0.0053,0
odysseus,torso.lean,1.167,-1.1,-1.3,-17.2,21.8,0.0059,0
odysseus,torso.lean,1.25,-1.2,-1.2,-17.2,21.8,0.0064,0
odysseus,torso.lean,1.333,-1.3,-1.2,-17.2,21.8,0.007,0
odysseus,torso.lean,1.417,-1.4,-1.1,-17.2,21.8,0.0075,0
odysseus,torso.lean,1.5,-1.5,-1,-17.2,21.8,0.008,0
odysseus,torso.lean,1.583,-1.5,-0.9,-17.2,21.8,0.0084,0
odysseus,torso.lean,1.667,-1.6,-0.8,-17.2,21.8,0.0087,0
odysseus,torso.lean,1.75,-1.6,-0.6,-17.2,21.8,0.009,0
odysseus,torso.lean,1.833,-1.7,-0.5,-17.2,21.8,0.0093,0
odysseus,torso.lean,2.167,-1.7,0.5,-17.2,21.8,0.0092,0
odysseus,torso.lean,2.25,-1.6,0.8,-17.2,21.8,0.0088,0
odysseus,torso.lean,2.333,-1.5,1.1,-17.2,21.8,0.0083,0
odysseus,torso.lean,2.417,-1.4,1.3,-17.2,21.8,0.0077,0
odysseus,torso.lean,2.5,-1.3,1.5,-17.2,21.8,0.007,0
odysseus,torso.lean,2.583,-1.1,1.6,-17.2,21.8,0.0063,0
odysseus,torso.lean,2.667,-1,1.7,-17.2,21.8,0.0055,0
odysseus,torso.lean,2.75,-0.9,1.7,-17.2,21.8,0.0047,0
odysseus,torso.lean,2.833,-0.7,1.7,-17.2,21.8,0.0039,0
odysseus,torso.lean,2.917,-0.6,1.7,-17.2,21.8,0.0032,0
odysseus,torso.lean,3,-0.4,1.6,-17.2,21.8,0.0025,0
odysseus,torso.lean,3.083,-0.3,1.5,-17.2,21.8,0.0018,0
odysseus,torso.lean,3.167,-0.2,1.3,-17.2,21.8,0.0012,0
odysseus,torso.lean,3.25,-0.1,1.1,-17.2,21.8,0.0007,0
odysseus,torso.lean,3.333,-0.1,0.8,-17.2,21.8,0.0004,0
odysseus,torso.lean,3.417,0,0.5,-17.2,21.8,0.0001,0
odysseus,torso.lean,3.5,0,0.2,-17.2,21.8,0.0001,0
odysseus,torso.lean,3.833,-0.1,-0.6,-17.2,21.8,0.0007,0
odysseus,torso.lean,3.917,-0.2,-0.7,-17.2,21.8,0.001,0
odysseus,torso.lean,4,-0.2,-0.8,-17.2,21.8,0.0014,0
odysseus,torso.lean,4.083,-0.3,-1,-17.2,21.8,0.0018,0
odysseus,torso.lean,4.167,-0.4,-1,-17.2,21.8,0.0023,0
odysseus,torso.lean,4.25,-0.5,-1.1,-17.2,21.8,0.0028,0
odysseus,torso.lean,4.333,-0.6,-1.2,-17.2,21.8,0.0033,0
odysseus,torso.lean,4.417,-0.7,-1.2,-17.2,21.8,0.0039,0
odysseus,torso.lean,4.5,-0.8,-1.2,-17.2,21.8,0.0044,0
odysseus,torso.lean,4.583,-0.9,-1.2,-17.2,21.8,0.005,0
odysseus,torso.lean,4.667,-1,-1.2,-17.2,21.8,0.0056,0
odysseus,torso.lean,4.75,-1.1,-1.2,-17.2,21.8,0.0061,0
odysseus,torso.lean,4.833,-1.2,-1.2,-17.2,21.8,0.0066,0
odysseus,torso.lean,4.917,-1.3,-1.1,-17.2,21.8,0.0072,0
odysseus,torso.lean,5,-1.4,-1,-17.2,21.8,0.0076,0
odysseus,torso.lean,5.083,-1.5,-1,-17.2,21.8,0.0081,0
odysseus,torso.lean,5.167,-1.5,-0.8,-17.2,21.8,0.0085,0
odysseus,torso.lean,5.25,-1.6,-0.7,-17.2,21.8,0.0088,0
odysseus,torso.lean,5.333,-1.7,-0.6,-17.2,21.8,0.0091,0
odysseus,torso.lean,5.417,-1.7,-0.4,-17.2,21.8,0.0093,0
odysseus,torso.lean,5.75,-1.7,0.6,-17.2,21.8,0.0091,0
odysseus,torso.lean,5.833,-1.6,0.9,-17.2,21.8,0.0087,0
odysseus,torso.lean,5.917,-1.5,1.2,-17.2,21.8,0.0081,0
odysseus,torso.lean,6,-1.4,1.4,-17.2,21.8,0.0075,0
odysseus,torso.lean,6.083,-1.2,1.6,-17.2,21.8,0.0068,0
odysseus,torso.lean,6.167,-1.1,1.7,-17.2,21.8,0.006,0
odysseus,torso.lean,6.25,-0.9,1.8,-17.2,21.8,0.0051,0
odysseus,torso.lean,6.333,-0.8,1.8,-17.2,21.8,0.0043,0
odysseus,torso.lean,6.417,-0.6,1.8,-17.2,21.8,0.0035,0
odysseus,torso.lean,6.5,-0.5,1.7,-17.2,21.8,0.0027,0
odysseus,torso.lean,6.583,-0.4,1.6,-17.2,21.8,0.002,0
odysseus,torso.lean,6.667,-0.2,1.4,-17.2,21.8,0.0014,0
odysseus,torso.lean,6.75,-0.1,1.2,-17.2,21.8,0.0008,0
odysseus,torso.lean,6.833,-0.1,0.9,-17.2,21.8,0.0004,0
odysseus,torso.lean,6.917,0,0.6,-17.2,21.8,0.0002,0
odysseus,torso.lean,7,0,0.2,-17.2,21.8,0.0001,0
odysseus,torso.lean,7.333,-0.1,-0.6,-17.2,21.8,0.0007,0
odysseus,torso.lean,7.417,-0.2,-0.7,-17.2,21.8,0.001,0
odysseus,torso.lean,7.5,-0.2,-0.8,-17.2,21.8,0.0014,0
odysseus,torso.lean,7.583,-0.3,-1,-17.2,21.8,0.0018,0
odysseus,torso.lean,7.667,-0.4,-1,-17.2,21.8,0.0023,0
odysseus,torso.lean,7.75,-0.5,-1.1,-17.2,21.8,0.0028,0
odysseus,torso.lean,7.833,-0.6,-1.2,-17.2,21.8,0.0033,0
odysseus,torso.lean,7.917,-0.7,-1.2,-17.2,21.8,0.0039,0
odysseus,torso.lean,8,-0.8,-1.2,-17.2,21.8,0.0044,0
odysseus,torso.lean,8.083,-0.9,-1.2,-17.2,21.8,0.005,0
odysseus,torso.lean,8.167,-1,-1.2,-17.2,21.8,0.0056,0
odysseus,torso.lean,8.25,-1.1,-1.2,-17.2,21.8,0.0061,0
odysseus,torso.lean,8.333,-1.2,-1.2,-17.2,21.8,0.0066,0
odysseus,torso.lean,8.417,-1.3,-1.1,-17.2,21.8,0.0072,0
odysseus,torso.lean,8.5,-1.4,-1,-17.2,21.8,0.0076,0
odysseus,torso.lean,8.583,-1.5,-1,-17.2,21.8,0.0081,0
odysseus,torso.lean,8.667,-1.5,-0.8,-17.2,21.8,0.0085,0
odysseus,torso.lean,8.75,-1.6,-0.7,-17.2,21.8,0.0088,0
odysseus,torso.lean,8.833,-1.7,-0.6,-17.2,21.8,0.0091,0
odysseus,torso.lean,8.917,-1.7,-0.4,-17.2,21.8,0.0093,0
odysseus,torso.lean,9.083,-3,-15.6,-17.2,21.8,0.0192,0.011
odysseus,torso.lean,9.167,-3.4,-5,-17.2,21.8,0.0206,0.004
odysseus,torso.lean,9.25,2.4,69.9,-17.2,21.8,0.0265,0.066
odysseus,torso.lean,9.333,4.5,25.5,-17.2,21.8,0.0327,0.031
odysseus,torso.lean,9.417,4.6,1.2,-17.2,21.8,0.0296,0.003
odysseus,torso.lean,9.5,4.4,-3.1,-17.2,21.8,0.0247,0.004
odysseus,torso.lean,9.583,4.3,-1,-17.2,21.8,0.0238,0.002
odysseus,torso.lean,9.667,4.2,-0.9,-17.2,21.8,0.0231,0.002
odysseus,torso.lean,9.75,4.1,-0.8,-17.2,21.8,0.0227,0.002
odysseus,torso.lean,9.833,4.1,-0.8,-17.2,21.8,0.0224,0.002
odysseus,torso.lean,9.917,4,-0.8,-17.2,21.8,0.022,0.002
odysseus,torso.lean,10,3.9,-0.9,-17.2,21.8,0.0216,0.002
odysseus,torso.lean,10.083,3.9,-1,-17.2,21.8,0.0212,0.002
odysseus,torso.lean,10.167,3.8,-1.2,-17.2,21.8,0.0207,0.002
odysseus,torso.lean,10.25,3.6,-2.4,-17.2,21.8,0.0198,0.002
odysseus,torso.lean,10.333,2.9,-8,-17.2,21.8,0.0169,0.005
odysseus,torso.lean,10.417,2,-11,-17.2,21.8,0.0114,0.005
odysseus,torso.lean,10.5,1,-11.4,-17.2,21.8,0.0058,0.002
odysseus,torso.lean,10.583,0.3,-9,-17.2,21.8,0.002,0.001
odysseus,torso.lean,10.667,0,-3.8,-17.2,21.8,0.0011,0
odysseus,torso.lean,10.75,-0.1,-0.4,-17.2,21.8,0.001,0
odysseus,torso.lean,10.833,-0.1,-0.6,-17.2,21.8,0.0007,0
odysseus,torso.lean,10.917,-0.2,-0.7,-17.2,21.8,0.001,0
odysseus,torso.lean,11,-0.2,-0.8,-17.2,21.8,0.0014,0
odysseus,torso.lean,11.083,-0.3,-1,-17.2,21.8,0.0018,0
odysseus,torso.lean,11.167,-0.4,-1,-17.2,21.8,0.0023,0
odysseus,torso.lean,11.25,-0.5,-1.1,-17.2,21.8,0.0028,0
odysseus,torso.lean,11.333,-0.6,-1.2,-17.2,21.8,0.0033,0
odysseus,torso.lean,11.417,-0.7,-1.2,-17.2,21.8,0.0039,0
odysseus,torso.lean,11.5,-0.8,-1.2,-17.2,21.8,0.0044,0
odysseus,torso.lean,11.583,-0.9,-1.2,-17.2,21.8,0.005,0
odysseus,torso.lean,11.667,-1,-1.2,-17.2,21.8,0.0056,0
odysseus,torso.lean,11.75,-1.1,-1.2,-17.2,21.8,0.0061,0
odysseus,torso.lean,11.833,-1.2,-1.2,-17.2,21.8,0.0066,0
odysseus,torso.lean,11.917,-1.3,-1.1,-17.2,21.8,0.0072,0
odysseus,torso.lean,12,-1.4,-1,-17.2,21.8,0.0076,0
odysseus,torso.lean,12.083,-1.5,-1,-17.2,21.8,0.0081,0
odysseus,torso.lean,12.167,-1.5,-0.8,-17.2,21.8,0.0085,0
odysseus,torso.lean,12.25,-1.6,-0.7,-17.2,21.8,0.0088,0
odysseus,torso.lean,12.333,-1.7,-0.6,-17.2,21.8,0.0091,0
odysseus,torso.lean,12.417,-1.7,-0.4,-17.2,21.8,0.0093,0
odysseus,torso.lean,12.75,-1.7,0.5,-17.2,21.8,0.0092,0
odysseus,torso.lean,12.833,-1.6,0.8,-17.2,21.8,0.0088,0
odysseus,torso.lean,12.917,-1.5,1.1,-17.2,21.8,0.0083,0
odysseus,torso.lean,13,-1.4,1.3,-17.2,21.8,0.0077,0
odysseus,torso.lean,13.083,-1.3,1.5,-17.2,21.8,0.007,0
odysseus,torso.lean,13.167,-1.1,1.6,-17.2,21.8,0.0063,0
odysseus,torso.lean,13.25,-1,1.7,-17.2,21.8,0.0055,0
odysseus,torso.lean,13.333,-0.9,1.7,-17.2,21.8,0.0047,0
odysseus,torso.lean,13.417,-0.7,1.7,-17.2,21.8,0.0039,0
odysseus,torso.lean,13.5,-0.6,1.7,-17.2,21.8,0.0032,0
odysseus,torso.lean,13.583,-0.4,1.6,-17.2,21.8,0.0025,0
odysseus,torso.lean,13.667,-0.3,1.5,-17.2,21.8,0.0018,0
odysseus,torso.lean,13.75,-0.2,1.3,-17.2,21.8,0.0012,0
odysseus,torso.lean,13.833,-0.1,1.1,-17.2,21.8,0.0007,0
odysseus,torso.lean,13.917,-0.1,0.8,-17.2,21.8,0.0004,0
odysseus,torso.lean,14,0,0.5,-17.2,21.8,0.0001,0
odysseus,torso.lean,14.083,0,0.2,-17.2,21.8,0.0001,0
odysseus,torso.lean,14.417,-0.1,-0.6,-17.2,21.8,0.0007,0
odysseus,torso.lean,14.5,-0.2,-0.8,-17.2,21.8,0.0011,0
odysseus,torso.lean,14.583,-0.3,-0.9,-17.2,21.8,0.0015,0
odysseus,torso.lean,14.667,-0.4,-1,-17.2,21.8,0.002,0
odysseus,torso.lean,14.75,-0.4,-1.1,-17.2,21.8,0.0025,0
odysseus,torso.lean,14.833,-0.5,-1.2,-17.2,21.8,0.003,0
odysseus,torso.lean,14.917,-0.6,-1.2,-17.2,21.8,0.0036,0
odysseus,torso.lean,15,-0.8,-1.3,-17.2,21.8,0.0041,0
odysseus,torso.lean,15.083,-0.9,-1.3,-17.2,21.8,0.0047,0
odysseus,torso.lean,15.167,-1,-1.3,-17.2,21.8,0.0053,0
odysseus,torso.lean,15.25,-1.1,-1.3,-17.2,21.8,0.0059,0
odysseus,torso.lean,15.333,-1.2,-1.2,-17.2,21.8,0.0064,0
odysseus,torso.lean,15.417,-1.3,-1.2,-17.2,21.8,0.007,0
odysseus,torso.lean,15.5,-1.4,-1.1,-17.2,21.8,0.0075,0
odysseus,torso.lean,15.583,-1.5,-1,-17.2,21.8,0.008,0
odysseus,torso.lean,15.667,-1.5,-0.9,-17.2,21.8,0.0084,0
odysseus,torso.lean,15.75,-1.6,-0.8,-17.2,21.8,0.0087,0
odysseus,torso.lean,15.833,-1.6,-0.6,-17.2,21.8,0.009,0
odysseus,torso.lean,15.917,-1.7,-0.5,-17.2,21.8,0.0093,0
odysseus,torso.lean,16.25,-1.7,0.5,-17.2,21.8,0.0092,0
odysseus,torso.lean,16.333,-1.6,0.8,-17.2,21.8,0.0088,0
odysseus,torso.lean,16.417,-1.5,1.1,-17.2,21.8,0.0083,0
odysseus,torso.lean,16.5,-1.4,1.3,-17.2,21.8,0.0077,0
odysseus,torso.lean,16.583,-1.3,1.5,-17.2,21.8,0.007,0
odysseus,torso.lean,16.667,-1.1,1.6,-17.2,21.8,0.0063,0
odysseus,torso.lean,16.75,-1,1.7,-17.2,21.8,0.0055,0
odysseus,torso.lean,16.833,-0.9,1.7,-17.2,21.8,0.0047,0
odysseus,torso.lean,16.917,-0.7,1.7,-17.2,21.8,0.0039,0
odysseus,torso.lean,17,-0.6,1.7,-17.2,21.8,0.0032,0
odysseus,torso.lean,17.083,-0.4,1.6,-17.2,21.8,0.0025,0
odysseus,torso.lean,17.167,-0.3,1.5,-17.2,21.8,0.0018,0
odysseus,torso.lean,17.25,-0.2,1.3,-17.2,21.8,0.0012,0
odysseus,torso.lean,17.333,-0.1,1.1,-17.2,21.8,0.0007,0
odysseus,torso.lean,17.417,-0.1,0.8,-17.2,21.8,0.0004,0
odysseus,torso.lean,17.5,0,0.5,-17.2,21.8,0.0001,0
odysseus,torso.lean,17.583,0,0.2,-17.2,21.8,0.0001,0
odysseus,torso.lean,17.917,-0.1,-0.6,-17.2,21.8,0.0007,0
odysseus,torso.lean,18,-0.2,-0.8,-17.2,21.8,0.0011,0
odysseus,torso.lean,18.083,-0.3,-0.9,-17.2,21.8,0.0015,0
odysseus,torso.lean,18.167,-0.4,-1,-17.2,21.8,0.002,0
odysseus,torso.lean,18.25,-0.4,-1.1,-17.2,21.8,0.0025,0
odysseus,torso.lean,18.333,-0.5,-1.2,-17.2,21.8,0.003,0
odysseus,torso.lean,18.417,-0.6,-1.2,-17.2,21.8,0.0036,0
odysseus,torso.lean,18.5,-0.8,-1.3,-17.2,21.8,0.0041,0
odysseus,torso.lean,18.583,-0.9,-1.3,-17.2,21.8,0.0047,0
odysseus,torso.lean,18.667,-1,-1.3,-17.2,21.8,0.0053,0
odysseus,torso.lean,18.75,-1.1,-1.3,-17.2,21.8,0.0059,0
odysseus,torso.lean,18.833,-1.2,-1.2,-17.2,21.8,0.0064,0
odysseus,torso.lean,18.917,-1.3,-1.2,-17.2,21.8,0.007,0
odysseus,torso.lean,19,-1.4,-1.1,-17.2,21.8,0.0075,0
odysseus,torso.lean,19.083,-1.5,-1,-17.2,21.8,0.008,0
odysseus,torso.lean,19.167,-1.5,-0.9,-17.2,21.8,0.0084,0
odysseus,torso.lean,19.25,-1.6,-0.8,-17.2,21.8,0.0087,0
odysseus,torso.lean,19.333,-1.6,-0.6,-17.2,21.8,0.009,0
odysseus,torso.lean,19.417,-1.7,-0.5,-17.2,21.8,0.0093,0
odysseus,torso.lean,19.75,-1.7,0.5,-17.2,21.8,0.0092,0
odysseus,torso.lean,19.833,-1.6,0.8,-17.2,21.8,0.0088,0
odysseus,torso.lean,19.917,-1.5,1.1,-17.2,21.8,0.0083,0
odysseus,torso.lean,20,-1.4,1.3,-17.2,21.8,0.0077,0
odysseus,torso.lean,20.083,-1.3,1.5,-17.2,21.8,0.007,0
odysseus,torso.lean,20.167,-1.1,1.6,-17.2,21.8,0.0063,0
odysseus,torso.lean,20.25,-1,1.7,-17.2,21.8,0.0055,0
odysseus,torso.lean,20.333,-0.9,1.7,-17.2,21.8,0.0047,0
odysseus,torso.lean,20.417,-0.7,1.7,-17.2,21.8,0.0039,0
odysseus,torso.lean,20.5,-0.6,1.7,-17.2,21.8,0.0032,0
odysseus,torso.lean,20.583,-0.4,1.6,-17.2,21.8,0.0025,0
odysseus,torso.lean,20.667,-0.3,1.5,-17.2,21.8,0.0018,0
odysseus,torso.lean,20.75,-0.2,1.3,-17.2,21.8,0.0012,0
odysseus,torso.lean,20.833,-0.1,1.1,-17.2,21.8,0.0007,0
odysseus,torso.lean,20.917,-0.1,0.8,-17.2,21.8,0.0004,0
odysseus,torso.lean,21,0,0.5,-17.2,21.8,0.0001,0
odysseus,torso.lean,21.083,0,0.2,-17.2,21.8,0.0001,0
odysseus,torso.lean,21.417,-0.1,-0.6,-17.2,21.8,0.0007,0
odysseus,torso.lean,21.5,-0.2,-0.8,-17.2,21.8,0.0011,0
odysseus,torso.lean,21.583,-0.3,-0.9,-17.2,21.8,0.0015,0
odysseus,torso.lean,21.667,-0.4,-1,-17.2,21.8,0.002,0
odysseus,torso.lean,21.75,-0.4,-1.1,-17.2,21.8,0.0025,0
odysseus,torso.lean,21.833,-0.5,-1.2,-17.2,21.8,0.003,0
odysseus,torso.lean,21.917,-0.6,-1.2,-17.2,21.8,0.0036,0
odysseus,torso.lean,22,-0.8,-1.3,-17.2,21.8,0.0041,0
odysseus,torso.lean,22.083,-0.9,-1.3,-17.2,21.8,0.0047,0
odysseus,torso.lean,22.167,-1,-1.3,-17.2,21.8,0.0053,0
odysseus,torso.lean,22.25,-1.1,-1.3,-17.2,21.8,0.0059,0
odysseus,torso.lean,22.333,-1.2,-1.2,-17.2,21.8,0.0064,0
odysseus,torso.lean,22.417,-1.3,-1.2,-17.2,21.8,0.007,0
odysseus,torso.lean,22.5,-1.4,-1.1,-17.2,21.8,0.0075,0
odysseus,torso.lean,22.583,-1.5,-1,-17.2,21.8,0.008,0
odysseus,torso.lean,22.667,-1.5,-0.9,-17.2,21.8,0.0084,0
odysseus,torso.lean,22.75,-1.6,-0.8,-17.2,21.8,0.0087,0
odysseus,torso.lean,22.833,-1.6,-0.6,-17.2,21.8,0.009,0
odysseus,torso.lean,22.917,-1.7,-0.5,-17.2,21.8,0.0093,0
odysseus,torso.lean,23.25,-1.7,0.5,-17.2,21.8,0.0092,0
odysseus,torso.lean,23.333,-1.6,0.8,-17.2,21.8,0.0088,0
odysseus,torso.lean,23.417,-1.5,1.1,-17.2,21.8,0.0083,0
odysseus,torso.lean,23.5,-1.4,1.3,-17.2,21.8,0.0077,0
odysseus,torso.lean,23.583,-1.3,1.5,-17.2,21.8,0.007,0
odysseus,torso.lean,23.667,-1.1,1.6,-17.2,21.8,0.0063,0
odysseus,torso.lean,23.75,-1,1.7,-17.2,21.8,0.0055,0
odysseus,torso.lean,23.833,-0.9,1.7,-17.2,21.8,0.0047,0
odysseus,torso.lean,23.917,-0.7,1.7,-17.2,21.8,0.0039,0
odysseus,torso.lean,24,-0.6,1.7,-17.2,21.8,0.0032,0
odysseus,torso.lean,24.083,-0.4,1.6,-17.2,21.8,0.0025,0
odysseus,torso.lean,24.167,-0.3,1.5,-17.2,21.8,0.0018,0
odysseus,torso.lean,24.25,-0.2,1.3,-17.2,21.8,0.0012,0
odysseus,torso.lean,24.333,-0.1,1.1,-17.2,21.8,0.0007,0
odysseus,torso.lean,24.417,-0.1,0.8,-17.2,21.8,0.0004,0
odysseus,torso.lean,24.5,0,0.5,-17.2,21.8,0.0001,0
odysseus,torso.lean,24.583,0,0.2,-17.2,21.8,0.0001,0
odysseus,torso.lean,24.917,-0.1,-0.6,-17.2,21.8,0.0007,0
odysseus,torso.lean,25,-0.2,-0.8,-17.2,21.8,0.0011,0
odysseus,torso.lean,25.083,-0.3,-0.9,-17.2,21.8,0.0015,0
odysseus,torso.lean,25.167,-0.4,-1,-17.2,21.8,0.002,0
odysseus,torso.lean,25.25,-0.4,-1.1,-17.2,21.8,0.0025,0
odysseus,torso.lean,25.333,-0.5,-1.2,-17.2,21.8,0.003,0
odysseus,torso.lean,25.417,-0.6,-1.2,-17.2,21.8,0.0036,0
odysseus,torso.lean,25.5,-0.8,-1.3,-17.2,21.8,0.0041,0
odysseus,torso.lean,25.583,-0.9,-1.3,-17.2,21.8,0.0047,0
odysseus,torso.lean,25.667,-1,-1.3,-17.2,21.8,0.0053,0
odysseus,torso.lean,25.75,-1.1,-1.3,-17.2,21.8,0.0059,0
odysseus,torso.lean,25.833,-1.2,-1.2,-17.2,21.8,0.0064,0
odysseus,torso.lean,25.917,-1.3,-1.2,-17.2,21.8,0.007,0
odysseus,torso.lean,26,-1.4,-1.1,-17.2,21.8,0.0075,0
odysseus,torso.lean,26.083,-1.5,-1,-17.2,21.8,0.008,0
odysseus,torso.lean,26.167,-1.5,-0.9,-17.2,21.8,0.0084,0
odysseus,torso.lean,26.25,-1.6,-0.8,-17.2,21.8,0.0087,0
odysseus,torso.lean,26.333,-1.6,-0.6,-17.2,21.8,0.009,0
odysseus,torso.lean,26.417,-1.7,-0.5,-17.2,21.8,0.0093,0
odysseus,torso.lean,26.75,-1.6,0.7,-17.2,21.8,0.009,0
odysseus,torso.lean,26.833,-1.6,0.4,-17.2,21.8,0.0088,0
odysseus,torso.lean,26.917,-1,6.6,-17.2,21.8,0.0068,0.002
odysseus,torso.lean,27,0.5,18.5,-17.2,21.8,0.0048,0.003
odysseus,torso.lean,27.083,2.9,28.6,-17.2,21.8,0.0176,0.018
odysseus,torso.lean,27.167,3.3,4.7,-17.2,21.8,0.0222,0.005
odysseus,torso.lean,27.25,3.4,2,-17.2,21.8,0.0193,0.002
odysseus,torso.lean,27.333,3.4,0,-17.2,21.8,0.0192,0.001
odysseus,torso.lean,28.25,10.1,79.9,-17.2,21.8,0.0693,0.203
odysseus,torso.lean,28.333,3.7,-76.9,-17.2,21.8,0.0482,0.134
odysseus,torso.lean,28.417,1.5,-25.6,-17.2,21.8,0.0176,0.016
odysseus,torso.lean,28.5,7.9,76.2,-17.2,21.8,0.0613,0.171
odysseus,torso.lean,28.583,10.1,27,-17.2,21.8,0.0641,0.069
odysseus,torso.lean,28.667,7.9,-27.1,-17.2,21.8,0.0528,0.055
odysseus,torso.lean,28.75,5.9,-24.3,-17.2,21.8,0.0326,0.03
odysseus,torso.lean,28.833,4.5,-16.1,-17.2,21.8,0.0262,0.016
odysseus,torso.lean,28.917,3.8,-8.4,-17.2,21.8,0.0223,0.008
odysseus,torso.lean,29,3.6,-2.4,-17.2,21.8,0.0209,0.003
odysseus,torso.lean,29.083,3.7,0.6,-17.2,21.8,0.0207,0.001
odysseus,torso.lean,29.167,3.8,1.6,-17.2,21.8,0.021,0.002
odysseus,torso.lean,29.25,3.7,-1,-17.2,21.8,0.0208,0.002
odysseus,torso.lean,29.333,2.8,-11.3,-17.2,21.8,0.0171,0.007
odysseus,torso.lean,29.417,1.7,-13.5,-17.2,21.8,0.0095,0.005
odysseus,torso.lean,29.5,1.1,-6.1,-17.2,21.8,0.0076,0.002
odysseus,torso.lean,29.583,-0.9,-24.2,-17.2,21.8,0.008,0.007
odysseus,torso.lean,29.667,-1.5,-8.1,-17.2,21.8,0.0114,0.003
odysseus,torso.lean,29.75,0.3,21.7,-17.2,21.8,0.0067,0.005
odysseus,torso.lean,29.833,1.5,15.5,-17.2,21.8,0.0096,0.005
odysseus,torso.lean,29.917,2.3,9.3,-17.2,21.8,0.0138,0.005
odysseus,torso.lean,30,2.6,3.1,-17.2,21.8,0.0152,0.002
odysseus,torso.lean,30.083,2.4,-1.5,-17.2,21.8,0.0142,0.001
odysseus,torso.lean,30.167,2.3,-1.5,-17.2,21.8,0.0127,0.001
odysseus,torso.lean,30.25,2.2,-1.5,-17.2,21.8,0.012,0.001
odysseus,torso.lean,30.333,2.1,-1.5,-17.2,21.8,0.0113,0.001
odysseus,torso.lean,30.417,1.9,-1.5,-17.2,21.8,0.0106,0.001
odysseus,torso.lean,30.5,1.8,-1.5,-17.2,21.8,0.0099,0.001
odysseus,torso.lean,30.583,1.7,-1.6,-17.2,21.8,0.0092,0.001
odysseus,torso.lean,30.667,1.3,-4,-17.2,21.8,0.0078,0.001
odysseus,torso.lean,30.75,0.9,-5.2,-17.2,21.8,0.0052,0.001
odysseus,torso.lean,30.833,0.5,-5.2,-17.2,21.8,0.0026,0
odysseus,torso.lean,30.917,0.1,-4,-17.2,21.8,0.0009,0
odysseus,torso.lean,31,0,-1.6,-17.2,21.8,0.0004,0
odysseus,torso.lean,31.083,0,0,-17.2,21.8,0.0003,0
odysseus,torso.lean,31.583,-1.5,-18.6,-17.2,21.8,0.0118,0.008
odysseus,torso.lean,31.667,3.6,62.3,-17.2,21.8,0.0344,0.077
odysseus,torso.lean,31.75,5.5,22.1,-17.2,21.8,0.0372,0.032
odysseus,torso.lean,31.833,5.5,0,-17.2,21.8,0.034,0.002
odysseus,torso.lean,31.917,5.2,-4,-17.2,21.8,0.0289,0.006
odysseus,torso.lean,32,4.9,-3.1,-17.2,21.8,0.027,0.004
odysseus,torso.lean,32.083,4.6,-3.1,-17.2,21.8,0.0254,0.004
odysseus,torso.lean,32.167,4.4,-3.1,-17.2,21.8,0.024,0.004
odysseus,torso.lean,32.25,4.1,-3.1,-17.2,21.8,0.0226,0.003
odysseus,torso.lean,32.333,3.9,-3.1,-17.2,21.8,0.0212,0.003
odysseus,torso.lean,32.417,3.6,-3.1,-17.2,21.8,0.0198,0.003
odysseus,torso.lean,32.5,3.3,-3.2,-17.2,21.8,0.0183,0.003
odysseus,torso.lean,32.583,2.7,-8,-17.2,21.8,0.0155,0.005
odysseus,torso.lean,32.667,1.8,-10.4,-17.2,21.8,0.0103,0.004
odysseus,torso.lean,32.75,0.9,-10.4,-17.2,21.8,0.0051,0.002
odysseus,torso.lean,32.833,0.3,-8,-17.2,21.8,0.0019,0.001
odysseus,torso.lean,32.917,0,-3.2,-17.2,21.8,0.0009,0
odysseus,torso.lean,33,0,0,-17.2,21.8,0.0006,0
odysseus,torso.lean,34.083,1.4,17.2,-17.2,21.8,0.0109,0.007
odysseus,torso.lean,34.167,4.6,37.8,-17.2,21.8,0.0288,0.04
odysseus,torso.lean,34.25,7.7,37.8,-17.2,21.8,0.0423,0.059
odysseus,torso.lean,34.333,9.2,17.2,-17.2,21.8,0.0537,0.038
odysseus,torso.lean,34.417,5.2,-47.9,-17.2,21.8,0.0399,0.07
odysseus,torso.lean,34.5,-2.2,-89,-17.2,21.8,0.0196,0.062
odysseus,torso.lean,34.583,-6.2,-47.9,-17.2,21.8,0.0414,0.073
odysseus,torso.lean,34.667,-2.7,42.2,-17.2,21.8,0.031,0.048
odysseus,torso.lean,34.75,-1.5,14.1,-17.2,21.8,0.0135,0.007
odysseus,torso.lean,34.833,3.6,62.3,-17.2,21.8,0.0286,0.064
odysseus,torso.lean,34.917,5.5,22.1,-17.2,21.8,0.0372,0.032
odysseus,torso.lean,35,5.5,0,-17.2,21.8,0.034,0.002
odysseus,torso.lean,35.083,5.2,-4,-17.2,21.8,0.0289,0.006
odysseus,torso.lean,35.167,4.9,-3.1,-17.2,21.8,0.027,0.004
odysseus,torso.lean,35.25,4.6,-3.1,-17.2,21.8,0.0254,0.004
odysseus,torso.lean,35.333,4.4,-3.1,-17.2,21.8,0.024,0.004
odysseus,torso.lean,35.417,4.1,-3.1,-17.2,21.8,0.0226,0.003
odysseus,torso.lean,35.5,3.9,-3.1,-17.2,21.8,0.0212,0.003
odysseus,torso.lean,35.583,3.6,-3.1,-17.2,21.8,0.0198,0.003
odysseus,torso.lean,35.667,3.3,-3.2,-17.2,21.8,0.0183,0.003
odysseus,torso.lean,35.75,2.7,-8,-17.2,21.8,0.0155,0.005
odysseus,torso.lean,35.833,1.8,-10.4,-17.2,21.8,0.0103,0.004
odysseus,torso.lean,35.917,0.9,-10.4,-17.2,21.8,0.0051,0.002
odysseus,torso.lean,36,0.3,-8,-17.2,21.8,0.0019,0.001
odysseus,torso.lean,36.083,0,-3.2,-17.2,21.8,0.0009,0
odysseus,torso.lean,36.167,0,0,-17.2,21.8,0.0006,0
odysseus,torso.lean,37.25,-1.2,-13.9,-17.2,21.8,0.0088,0.004
odysseus,torso.lean,37.333,-1.5,-4.6,-17.2,21.8,0.0101,0.002
odysseus,torso.lean,37.417,0.3,21.7,-17.2,21.8,0.0061,0.005
odysseus,torso.lean,37.5,1.5,15.5,-17.2,21.8,0.0096,0.005
odysseus,torso.lean,37.583,2.3,9.3,-17.2,21.8,0.0138,0.005
odysseus,torso.lean,37.667,2.6,3.1,-17.2,21.8,0.0152,0.002
odysseus,torso.lean,37.75,2.4,-1.9,-17.2,21.8,0.0142,0.001
odysseus,torso.lean,37.833,2.3,-1.9,-17.2,21.8,0.0124,0.001
odysseus,torso.lean,37.917,2.1,-1.9,-17.2,21.8,0.0116,0.001
odysseus,torso.lean,38,2,-1.9,-17.2,21.8,0.0107,0.001
odysseus,torso.lean,38.083,1.8,-1.9,-17.2,21.8,0.0099,0.001
odysseus,torso.lean,38.167,1.7,-1.6,-17.2,21.8,0.0092,0.001
odysseus,torso.lean,38.25,1.3,-4,-17.2,21.8,0.0078,0.001
odysseus,torso.lean,38.333,0.9,-5.2,-17.2,21.8,0.0052,0.001
odysseus,torso.lean,38.417,0.5,-5.2,-17.2,21.8,0.0026,0
odysseus,torso.lean,38.5,0.1,-4,-17.2,21.8,0.0009,0
odysseus,torso.lean,38.583,0,-1.6,-17.2,21.8,0.0004,0
odysseus,torso.lean,38.667,0,0,-17.2,21.8,0.0003,0
odysseus,torso.lean,43,0,0,-17.2,21.8,0,0
odysseus,torso.twist,0,0,0,-31.5,31.5,0,0
odysseus,torso.twist,0.583,-0.3,-3.4,-31.5,31.5,0.0021,0
odysseus,torso.twist,0.667,-1,-9.2,-31.5,31.5,0.0068,0.002
odysseus,torso.twist,0.75,-2.2,-13.3,-31.5,31.5,0.0125,0.006
odysseus,torso.twist,0.833,-3.4,-15,-31.5,31.5,0.019,0.011
odysseus,torso.twist,0.917,-4.6,-14.4,-31.5,31.5,0.0253,0.014
odysseus,torso.twist,1,-5.6,-11.5,-31.5,31.5,0.031,0.014
odysseus,torso.twist,1.083,-6.1,-6.2,-31.5,31.5,0.0342,0.01
odysseus,torso.twist,1.167,-6.3,-2.6,-31.5,31.5,0.0351,0.006
odysseus,torso.twist,1.25,-6.5,-2.1,-31.5,31.5,0.0355,0.005
odysseus,torso.twist,1.333,-6.6,-1.5,-31.5,31.5,0.0362,0.004
odysseus,torso.twist,1.417,-6.6,-0.5,-31.5,31.5,0.0365,0.003
odysseus,torso.twist,1.5,-6.6,0.4,-31.5,31.5,0.0363,0.003
odysseus,torso.twist,1.583,-6.5,1.1,-31.5,31.5,0.0358,0.004
odysseus,torso.twist,1.667,-6.4,1.7,-31.5,31.5,0.035,0.005
odysseus,torso.twist,1.75,-6.2,2.2,-31.5,31.5,0.034,0.005
odysseus,torso.twist,1.833,-6,2.7,-31.5,31.5,0.0328,0.005
odysseus,torso.twist,1.917,-5.7,3.1,-31.5,31.5,0.0313,0.005
odysseus,torso.twist,2,-5.4,3.4,-31.5,31.5,0.0298,0.005
odysseus,torso.twist,2.083,-5.1,3.7,-31.5,31.5,0.0281,0.005
odysseus,torso.twist,2.167,-4.8,3.9,-31.5,31.5,0.0263,0.005
odysseus,torso.twist,2.25,-4.5,4,-31.5,31.5,0.0245,0.005
odysseus,torso.twist,2.333,-4.1,4,-31.5,31.5,0.0226,0.004
odysseus,torso.twist,2.417,-3.8,4,-31.5,31.5,0.0208,0.004
odysseus,torso.twist,2.5,-3.5,3.9,-31.5,31.5,0.019,0.003
odysseus,torso.twist,2.583,-3.2,3.7,-31.5,31.5,0.0174,0.003
odysseus,torso.twist,2.667,-2.9,3.4,-31.5,31.5,0.0158,0.002
odysseus,torso.twist,2.75,-2.6,3.1,-31.5,31.5,0.0144,0.002
odysseus,torso.twist,2.833,-2.4,2.7,-31.5,31.5,0.0132,0.002
odysseus,torso.twist,2.917,-2.2,2.2,-31.5,31.5,0.0122,0.001
odysseus,torso.twist,3,-2.1,1.7,-31.5,31.5,0.0114,0.001
odysseus,torso.twist,3.083,-2,1.1,-31.5,31.5,0.011,0.001
odysseus,torso.twist,3.167,-1.9,0.4,-31.5,31.5,0.0108,0
odysseus,torso.twist,5.667,-2.4,-0.7,-31.5,31.5,0.0131,0.001
odysseus,torso.twist,5.75,-2.5,-0.9,-31.5,31.5,0.0135,0.001
odysseus,torso.twist,5.833,-2.6,-1.2,-31.5,31.5,0.014,0.001
odysseus,torso.twist,5.917,-2.7,-1.3,-31.5,31.5,0.0146,0.001
odysseus,torso.twist,6,-2.8,-1.5,-31.5,31.5,0.0153,0.001
odysseus,torso.twist,6.083,-2.9,-1.6,-31.5,31.5,0.016,0.001
odysseus,torso.twist,6.167,-3.1,-1.7,-31.5,31.5,0.0168,0.002
odysseus,torso.twist,6.25,-3.2,-1.8,-31.5,31.5,0.0176,0.002
odysseus,torso.twist,6.333,-3.4,-1.8,-31.5,31.5,0.0184,0.002
odysseus,torso.twist,6.417,-3.5,-1.8,-31.5,31.5,0.0192,0.002
odysseus,torso.twist,6.5,-3.7,-1.8,-31.5,31.5,0.0201,0.002
odysseus,torso.twist,6.583,-3.8,-1.8,-31.5,31.5,0.0209,0.002
odysseus,torso.twist,6.667,-4,-1.7,-31.5,31.5,0.0217,0.002
odysseus,torso.twist,6.75,-4.1,-1.6,-31.5,31.5,0.0224,0.002
odysseus,torso.twist,6.833,-4.2,-1.5,-31.5,31.5,0.0231,0.002
odysseus,torso.twist,6.917,-4.3,-1.3,-31.5,31.5,0.0237,0.002
odysseus,torso.twist,7,-4.4,-1.2,-31.5,31.5,0.0242,0.002
odysseus,torso.twist,7.083,-4.5,-0.9,-31.5,31.5,0.0247,0.002
odysseus,torso.twist,7.167,-4.6,-0.7,-31.5,31.5,0.025,0.002
odysseus,torso.twist,7.25,-4.6,-0.4,-31.5,31.5,0.0252,0.002
odysseus,torso.twist,20.5,-4.6,0.7,-31.5,31.5,0.025,0.002
odysseus,torso.twist,20.583,-4.4,1.6,-31.5,31.5,0.0243,0.003
odysseus,torso.twist,20.667,-4.2,2.1,-31.5,31.5,0.0233,0.003
odysseus,torso.twist,20.75,-4.1,2.1,-31.5,31.5,0.0222,0.003
odysseus,torso.twist,20.833,-3.9,1.6,-31.5,31.5,0.0216,0.002
odysseus,torso.twist,20.917,-3.9,0.7,-31.5,31.5,0.0214,0.001
odysseus,torso.twist,21,-3.9,0,-31.5,31.5,0.0213,0.001
odysseus,torso.twist,26.917,-3.2,7.5,-31.5,31.5,0.0191,0.006
odysseus,torso.twist,27,-1.9,16.5,-31.5,31.5,0.0118,0.007
odysseus,torso.twist,27.083,-0.5,16.2,-31.5,31.5,0.0029,0.002
odysseus,torso.twist,27.167,0,6.8,-31.5,31.5,0.0019,0
odysseus,torso.twist,27.25,0,-0.6,-31.5,31.5,0.0013,0
odysseus,torso.twist,27.333,0,0,-31.5,31.5,0.0001,0
odysseus,torso.twist,28.917,-0.6,-7.4,-31.5,31.5,0.0047,0.001
odysseus,torso.twist,29,-2.3,-19.9,-31.5,31.5,0.0147,0.011
odysseus,torso.twist,29.083,-4.7,-28.8,-31.5,31.5,0.0272,0.029
odysseus,torso.twist,29.167,-7.5,-34.2,-31.5,31.5,0.0421,0.054
odysseus,torso.twist,29.25,-10.5,-35.9,-31.5,31.5,0.0576,0.079
odysseus,torso.twist,29.333,-13.4,-34.2,-31.5,31.5,0.0729,0.098
odysseus,torso.twist,29.417,-15.8,-28.8,-31.5,31.5,0.0863,0.102
odysseus,torso.twist,29.5,-17.4,-19.9,-31.5,31.5,0.0956,0.085
odysseus,torso.twist,29.583,-18,-7.4,-31.5,31.5,0.0995,0.046
odysseus,torso.twist,29.667,-18,0,-31.5,31.5,0.0986,0.019
odysseus,torso.twist,31.25,-18.3,-2.6,-31.5,31.5,0.0988,0.029
odysseus,torso.twist,31.333,-18.9,-7.1,-31.5,31.5,0.1022,0.046
odysseus,torso.twist,31.417,-19.7,-10.4,-31.5,31.5,0.1065,0.061
odysseus,torso.twist,31.5,-20.8,-12.6,-31.5,31.5,0.1117,0.074
odysseus,torso.twist,31.583,-21.9,-13.7,-31.5,31.5,0.1174,0.084
odysseus,torso.twist,31.667,-23.1,-13.7,-31.5,31.5,0.123,0.089
odysseus,torso.twist,31.75,-24.1,-12.6,-31.5,31.5,0.1284,0.09
odysseus,torso.twist,31.833,-25,-10.4,-31.5,31.5,0.133,0.084
odysseus,torso.twist,31.917,-25.6,-7.1,-31.5,31.5,0.1361,0.071
odysseus,torso.twist,32,-25.8,-2.6,-31.5,31.5,0.1373,0.05
odysseus,torso.twist,32.083,-25.8,0,-31.5,31.5,0.137,0.038
odysseus,torso.twist,43,-25.8,0,-31.5,31.5,0.1365,0.037
odysseus,torso.roll,0,0,0,-9.2,9.2,0,0
odysseus,torso.roll,2.5,0.3,3.2,-9.2,9.2,0.002,0
odysseus,torso.roll,2.583,0.9,7.7,-9.2,9.2,0.0058,0.002
odysseus,torso.roll,2.667,1.7,9.2,-9.2,9.2,0.0094,0.003
odysseus,torso.roll,2.75,2.3,7.7,-9.2,9.2,0.0129,0.004
odysseus,torso.roll,2.833,2.6,3.2,-9.2,9.2,0.0149,0.002
odysseus,torso.roll,2.917,2.5,-0.5,-9.2,9.2,0.0145,0.001
odysseus,torso.roll,3,2.5,-0.5,-9.2,9.2,0.0136,0.001
odysseus,torso.roll,3.083,2.4,-0.5,-9.2,9.2,0.0134,0.001
odysseus,torso.roll,3.167,2.4,-0.5,-9.2,9.2,0.0131,0.001
odysseus,torso.roll,3.25,2.4,-0.5,-9.2,9.2,0.0129,0.001
odysseus,torso.roll,3.333,2.3,-0.5,-9.2,9.2,0.0126,0.001
odysseus,torso.roll,3.417,2.3,-0.5,-9.2,9.2,0.0124,0.001
odysseus,torso.roll,3.5,2.2,-0.5,-9.2,9.2,0.0121,0.001
odysseus,torso.roll,3.583,2.2,-0.5,-9.2,9.2,0.0119,0.001
odysseus,torso.roll,3.667,2.1,-0.5,-9.2,9.2,0.0116,0
odysseus,torso.roll,3.75,2.1,-0.5,-9.2,9.2,0.0114,0
odysseus,torso.roll,3.833,2,-0.5,-9.2,9.2,0.0112,0
odysseus,torso.roll,3.917,2,-0.5,-9.2,9.2,0.0109,0
odysseus,torso.roll,4,1.9,-0.5,-9.2,9.2,0.0107,0
odysseus,torso.roll,4.083,1.9,-0.5,-9.2,9.2,0.0104,0
odysseus,torso.roll,4.167,1.9,-0.5,-9.2,9.2,0.0102,0
odysseus,torso.roll,4.25,1.8,-0.5,-9.2,9.2,0.0099,0
odysseus,torso.roll,4.333,1.8,-0.5,-9.2,9.2,0.0097,0
odysseus,torso.roll,4.417,1.7,-0.5,-9.2,9.2,0.0094,0
odysseus,torso.roll,4.5,1.7,0,-9.2,9.2,0.0095,0
odysseus,torso.roll,5.833,1.3,-5.4,-9.2,9.2,0.0079,0.002
odysseus,torso.roll,5.917,0.2,-12.8,-9.2,9.2,0.0025,0.001
odysseus,torso.roll,6,-1.1,-15.3,-9.2,9.2,0.0063,0.003
odysseus,torso.roll,6.083,-2.1,-12.8,-9.2,9.2,0.0121,0.006
odysseus,torso.roll,6.167,-2.6,-5.4,-9.2,9.2,0.0154,0.003
odysseus,torso.roll,6.25,-2.5,0.5,-9.2,9.2,0.0149,0.001
odysseus,torso.roll,6.333,-2.5,0.5,-9.2,9.2,0.0136,0.001
odysseus,torso.roll,6.417,-2.4,0.5,-9.2,9.2,0.0134,0.001
odysseus,torso.roll,6.5,-2.4,0.5,-9.2,9.2,0.0131,0.001
odysseus,torso.roll,6.583,-2.4,0.5,-9.2,9.2,0.0129,0.001
odysseus,torso.roll,6.667,-2.3,0.5,-9.2,9.2,0.0126,0.001
odysseus,torso.roll,6.75,-2.3,0.5,-9.2,9.2,0.0124,0.001
odysseus,torso.roll,6.833,-2.2,0.5,-9.2,9.2,0.0121,0.001
odysseus,torso.roll,6.917,-2.2,0.5,-9.2,9.2,0.0119,0.001
odysseus,torso.roll,7,-2.1,0.5,-9.2,9.2,0.0116,0
odysseus,torso.roll,7.083,-2.1,0.5,-9.2,9.2,0.0114,0
odysseus,torso.roll,7.167,-2,0.5,-9.2,9.2,0.0112,0
odysseus,torso.roll,7.25,-2,0.5,-9.2,9.2,0.0109,0
odysseus,torso.roll,7.333,-1.9,0.5,-9.2,9.2,0.0107,0
odysseus,torso.roll,7.417,-1.9,0.5,-9.2,9.2,0.0104,0
odysseus,torso.roll,7.5,-1.9,0.5,-9.2,9.2,0.0102,0
odysseus,torso.roll,7.583,-1.8,0.5,-9.2,9.2,0.0099,0
odysseus,torso.roll,7.667,-1.8,0.5,-9.2,9.2,0.0097,0
odysseus,torso.roll,7.75,-1.7,0.5,-9.2,9.2,0.0094,0
odysseus,torso.roll,7.833,-1.7,0,-9.2,9.2,0.0095,0
odysseus,torso.roll,10.083,-1.4,3.8,-9.2,9.2,0.0084,0.001
odysseus,torso.roll,10.167,-0.6,9.5,-9.2,9.2,0.0043,0.001
odysseus,torso.roll,10.25,0.4,12.4,-9.2,9.2,0.0029,0.001
odysseus,torso.roll,10.333,1.5,12.4,-9.2,9.2,0.008,0.004
odysseus,torso.roll,10.417,2.3,9.5,-9.2,9.2,0.0129,0.005
odysseus,torso.roll,10.5,2.6,3.8,-9.2,9.2,0.0151,0.002
odysseus,torso.roll,10.583,2.5,-0.6,-9.2,9.2,0.0146,0.001
odysseus,torso.roll,10.667,2.5,-0.6,-9.2,9.2,0.0136,0.001
odysseus,torso.roll,10.75,2.4,-0.6,-9.2,9.2,0.0133,0.001
odysseus,torso.roll,10.833,2.4,-0.6,-9.2,9.2,0.0131,0.001
odysseus,torso.roll,10.917,2.3,-0.6,-9.2,9.2,0.0128,0.001
odysseus,torso.roll,11,2.3,-0.6,-9.2,9.2,0.0126,0.001
odysseus,torso.roll,11.083,2.2,-0.6,-9.2,9.2,0.0123,0.001
odysseus,torso.roll,11.167,2.2,-0.6,-9.2,9.2,0.012,0.001
odysseus,torso.roll,11.25,2.1,-0.6,-9.2,9.2,0.0118,0.001
odysseus,torso.roll,11.333,2.1,-0.6,-9.2,9.2,0.0115,0
odysseus,torso.roll,11.417,2.1,-0.6,-9.2,9.2,0.0112,0
odysseus,torso.roll,11.5,2,-0.6,-9.2,9.2,0.011,0
odysseus,torso.roll,11.583,2,-0.6,-9.2,9.2,0.0107,0
odysseus,torso.roll,11.667,1.9,-0.6,-9.2,9.2,0.0105,0
odysseus,torso.roll,11.75,1.9,-0.6,-9.2,9.2,0.0102,0
odysseus,torso.roll,11.833,1.8,-0.6,-9.2,9.2,0.0099,0
odysseus,torso.roll,11.917,1.8,-0.6,-9.2,9.2,0.0097,0
odysseus,torso.roll,12,1.7,-0.6,-9.2,9.2,0.0094,0
odysseus,torso.roll,12.083,1.7,0,-9.2,9.2,0.0095,0
odysseus,torso.roll,13.75,1.3,-5.4,-9.2,9.2,0.0079,0.002
odysseus,torso.roll,13.833,0.2,-12.8,-9.2,9.2,0.0025,0.001
odysseus,torso.roll,13.917,-1.1,-15.3,-9.2,9.2,0.0063,0.003
odysseus,torso.roll,14,-2.1,-12.8,-9.2,9.2,0.0121,0.006
odysseus,torso.roll,14.083,-2.6,-5.4,-9.2,9.2,0.0154,0.003
odysseus,torso.roll,14.167,-2.5,0.5,-9.2,9.2,0.0149,0.001
odysseus,torso.roll,14.25,-2.5,0.5,-9.2,9.2,0.0136,0.001
odysseus,torso.roll,14.333,-2.4,0.5,-9.2,9.2,0.0134,0.001
odysseus,torso.roll,14.417,-2.4,0.5,-9.2,9.2,0.0131,0.001
odysseus,torso.roll,14.5,-2.4,0.5,-9.2,9.2,0.0129,0.001
odysseus,torso.roll,14.583,-2.3,0.5,-9.2,9.2,0.0126,0.001
odysseus,torso.roll,14.667,-2.3,0.5,-9.2,9.2,0.0124,0.001
odysseus,torso.roll,14.75,-2.2,0.5,-9.2,9.2,0.0121,0.001
odysseus,torso.roll,14.833,-2.2,0.5,-9.2,9.2,0.0119,0.001
odysseus,torso.roll,14.917,-2.1,0.5,-9.2,9.2,0.0116,0
odysseus,torso.roll,15,-2.1,0.5,-9.2,9.2,0.0114,0
odysseus,torso.roll,15.083,-2,0.5,-9.2,9.2,0.0112,0
odysseus,torso.roll,15.167,-2,0.5,-9.2,9.2,0.0109,0
odysseus,torso.roll,15.25,-1.9,0.5,-9.2,9.2,0.0107,0
odysseus,torso.roll,15.333,-1.9,0.5,-9.2,9.2,0.0104,0
odysseus,torso.roll,15.417,-1.9,0.5,-9.2,9.2,0.0102,0
odysseus,torso.roll,15.5,-1.8,0.5,-9.2,9.2,0.0099,0
odysseus,torso.roll,15.583,-1.8,0.5,-9.2,9.2,0.0097,0
odysseus,torso.roll,15.667,-1.7,0.5,-9.2,9.2,0.0094,0
odysseus,torso.roll,15.75,-1.7,0,-9.2,9.2,0.0095,0
odysseus,torso.roll,16.917,-1.3,5.4,-9.2,9.2,0.0079,0.002
odysseus,torso.roll,17,-0.2,12.8,-9.2,9.2,0.0025,0.001
odysseus,torso.roll,17.083,1.1,15.3,-9.2,9.2,0.0063,0.003
odysseus,torso.roll,17.167,2.1,12.8,-9.2,9.2,0.0121,0.006
odysseus,torso.roll,17.25,2.6,5.4,-9.2,9.2,0.0154,0.003
odysseus,torso.roll,17.333,2.5,-0.5,-9.2,9.2,0.0149,0.001
odysseus,torso.roll,17.417,2.5,-0.5,-9.2,9.2,0.0136,0.001
odysseus,torso.roll,17.5,2.4,-0.5,-9.2,9.2,0.0134,0.001
odysseus,torso.roll,17.583,2.4,-0.5,-9.2,9.2,0.0131,0.001
odysseus,torso.roll,17.667,2.4,-0.5,-9.2,9.2,0.0129,0.001
odysseus,torso.roll,17.75,2.3,-0.5,-9.2,9.2,0.0126,0.001
odysseus,torso.roll,17.833,2.3,-0.5,-9.2,9.2,0.0124,0.001
odysseus,torso.roll,17.917,2.2,-0.5,-9.2,9.2,0.0121,0.001
odysseus,torso.roll,18,2.2,-0.5,-9.2,9.2,0.0119,0.001
odysseus,torso.roll,18.083,2.1,-0.5,-9.2,9.2,0.0116,0
odysseus,torso.roll,18.167,2.1,-0.5,-9.2,9.2,0.0114,0
odysseus,torso.roll,18.25,2,-0.5,-9.2,9.2,0.0112,0
odysseus,torso.roll,18.333,2,-0.5,-9.2,9.2,0.0109,0
odysseus,torso.roll,18.417,1.9,-0.5,-9.2,9.2,0.0107,0
odysseus,torso.roll,18.5,1.9,-0.5,-9.2,9.2,0.0104,0
odysseus,torso.roll,18.583,1.9,-0.5,-9.2,9.2,0.0102,0
odysseus,torso.roll,18.667,1.8,-0.5,-9.2,9.2,0.0099,0
odysseus,torso.roll,18.75,1.8,-0.5,-9.2,9.2,0.0097,0
odysseus,torso.roll,18.833,1.7,-0.5,-9.2,9.2,0.0094,0
odysseus,torso.roll,18.917,1.7,0,-9.2,9.2,0.0095,0
odysseus,torso.roll,21.25,1.3,-5.4,-9.2,9.2,0.0079,0.002
odysseus,torso.roll,21.333,0.2,-12.8,-9.2,9.2,0.0025,0.001
odysseus,torso.roll,21.417,-1.1,-15.3,-9.2,9.2,0.0063,0.003
odysseus,torso.roll,21.5,-2.1,-12.8,-9.2,9.2,0.0121,0.006
odysseus,torso.roll,21.583,-2.6,-5.4,-9.2,9.2,0.0154,0.003
odysseus,torso.roll,21.667,-2.5,0.5,-9.2,9.2,0.0149,0.001
odysseus,torso.roll,21.75,-2.5,0.5,-9.2,9.2,0.0136,0.001
odysseus,torso.roll,21.833,-2.4,0.5,-9.2,9.2,0.0134,0.001
odysseus,torso.roll,21.917,-2.4,0.5,-9.2,9.2,0.0131,0.001
odysseus,torso.roll,22,-2.4,0.5,-9.2,9.2,0.0129,0.001
odysseus,torso.roll,22.083,-2.3,0.5,-9.2,9.2,0.0126,0.001
odysseus,torso.roll,22.167,-2.3,0.5,-9.2,9.2,0.0124,0.001
odysseus,torso.roll,22.25,-2.2,0.5,-9.2,9.2,0.0121,0.001
odysseus,torso.roll,22.333,-2.2,0.5,-9.2,9.2,0.0119,0.001
odysseus,torso.roll,22.417,-2.1,0.5,-9.2,9.2,0.0116,0
odysseus,torso.roll,22.5,-2.1,0.5,-9.2,9.2,0.0114,0
odysseus,torso.roll,22.583,-2,0.5,-9.2,9.2,0.0112,0
odysseus,torso.roll,22.667,-2,0.5,-9.2,9.2,0.0109,0
odysseus,torso.roll,22.75,-1.9,0.5,-9.2,9.2,0.0107,0
odysseus,torso.roll,22.833,-1.9,0.5,-9.2,9.2,0.0104,0
odysseus,torso.roll,22.917,-1.9,0.5,-9.2,9.2,0.0102,0
odysseus,torso.roll,23,-1.8,0.5,-9.2,9.2,0.0099,0
odysseus,torso.roll,23.083,-1.8,0.5,-9.2,9.2,0.0097,0
odysseus,torso.roll,23.167,-1.7,0.5,-9.2,9.2,0.0094,0
odysseus,torso.roll,23.25,-1.7,0,-9.2,9.2,0.0095,0
odysseus,torso.roll,25.667,-1.4,3.8,-9.2,9.2,0.0084,0.001
odysseus,torso.roll,25.75,-0.6,9.5,-9.2,9.2,0.0043,0.001
odysseus,torso.roll,25.833,0.4,12.4,-9.2,9.2,0.0029,0.001
odysseus,torso.roll,25.917,1.5,12.4,-9.2,9.2,0.008,0.004
odysseus,torso.roll,26,2.3,9.5,-9.2,9.2,0.0129,0.005
odysseus,torso.roll,26.083,2.6,3.8,-9.2,9.2,0.0151,0.002
odysseus,torso.roll,26.167,2.6,-0.2,-9.2,9.2,0.0148,0.001
odysseus,torso.roll,26.333,2.5,-0.7,-9.2,9.2,0.0135,0.001
odysseus,torso.roll,26.417,2.4,-0.8,-9.2,9.2,0.0132,0.001
odysseus,torso.roll,26.5,2.3,-0.9,-9.2,9.2,0.0128,0.001
odysseus,torso.roll,26.583,2.3,-0.8,-9.2,9.2,0.0124,0.001
odysseus,torso.roll,26.667,2.2,-0.7,-9.2,9.2,0.0121,0.001
odysseus,torso.roll,26.75,2.2,-0.5,-9.2,9.2,0.0119,0
odysseus,torso.roll,26.917,2.2,0.8,-9.2,9.2,0.0123,0.001
odysseus,torso.roll,27,2.5,3.9,-9.2,9.2,0.0145,0.002
odysseus,torso.roll,27.083,3.3,9.6,-9.2,9.2,0.0193,0.007
odysseus,torso.roll,27.167,0.9,-29.6,-9.2,9.2,0.0118,0.012
odysseus,torso.roll,27.25,0,-10.4,-9.2,9.2,0.0034,0.001
odysseus,torso.roll,27.333,-0.3,-3.4,-9.2,9.2,0.0028,0
odysseus,torso.roll,27.417,-1.1,-10.3,-9.2,9.2,0.0075,0.003
odysseus,torso.roll,27.5,-2.6,-17.2,-9.2,9.2,0.0154,0.01
odysseus,torso.roll,27.583,-0.6,23.2,-9.2,9.2,0.0108,0.009
odysseus,torso.roll,27.667,0,7.7,-9.2,9.2,0.0028,0.001
odysseus,torso.roll,27.75,0.6,7.7,-9.2,9.2,0.0035,0.001
odysseus,torso.roll,27.833,2.6,23.2,-9.2,9.2,0.0169,0.014
odysseus,torso.roll,27.917,0.6,-23.2,-9.2,9.2,0.0118,0.01
odysseus,torso.roll,28,0,-7.7,-9.2,9.2,0.0028,0.001
odysseus,torso.roll,28.083,-0.6,-7.7,-9.2,9.2,0.0035,0.001
odysseus,torso.roll,28.167,-2.6,-23.2,-9.2,9.2,0.0169,0.014
odysseus,torso.roll,28.25,-0.6,23.2,-9.2,9.2,0.0118,0.01
odysseus,torso.roll,28.333,0,7.7,-9.2,9.2,0.0028,0.001
odysseus,torso.roll,28.417,0.3,3.4,-9.2,9.2,0.0023,0
odysseus,torso.roll,28.5,1.1,10.3,-9.2,9.2,0.0075,0.003
odysseus,torso.roll,28.583,2.6,17.2,-9.2,9.2,0.0154,0.01
odysseus,torso.roll,28.667,2.5,-1.1,-9.2,9.2,0.0169,0.001
odysseus,torso.roll,28.75,2.3,-2.8,-9.2,9.2,0.0127,0.002
odysseus,torso.roll,28.833,1.9,-4.1,-9.2,9.2,0.0107,0.002
odysseus,torso.roll,28.917,1.5,-4.9,-9.2,9.2,0.0084,0.002
odysseus,torso.roll,29,1.1,-5.1,-9.2,9.2,0.0059,0.001
odysseus,torso.roll,29.083,0.7,-4.9,-9.2,9.2,0.0037,0.001
odysseus,torso.roll,29.167,0.3,-4.1,-9.2,9.2,0.0019,0
odysseus,torso.roll,29.25,0.1,-2.8,-9.2,9.2,0.0007,0
odysseus,torso.roll,29.333,0,-1.1,-9.2,9.2,0.0003,0
odysseus,torso.roll,29.417,0,0,-9.2,9.2,0.0002,0
odysseus,torso.roll,29.5,-0.3,-3.2,-9.2,9.2,0.002,0
odysseus,torso.roll,29.583,-0.9,-7.7,-9.2,9.2,0.0058,0.002
odysseus,torso.roll,29.667,-1.7,-9.2,-9.2,9.2,0.0094,0.003
odysseus,torso.roll,29.75,-2.3,-7.7,-9.2,9.2,0.0129,0.004
odysseus,torso.roll,29.833,-2.6,-3.2,-9.2,9.2,0.0149,0.002
odysseus,torso.roll,29.917,-2.5,0.5,-9.2,9.2,0.0145,0.001
odysseus,torso.roll,30,-2.5,0.5,-9.2,9.2,0.0136,0.001
odysseus,torso.roll,30.083,-2.4,0.5,-9.2,9.2,0.0134,0.001
odysseus,torso.roll,30.167,-2.4,0.5,-9.2,9.2,0.0131,0.001
odysseus,torso.roll,30.25,-2.4,0.5,-9.2,9.2,0.0129,0.001
odysseus,torso.roll,30.333,-2.3,0.5,-9.2,9.2,0.0126,0.001
odysseus,torso.roll,30.417,-2.3,0.5,-9.2,9.2,0.0124,0.001
odysseus,torso.roll,30.5,-2.2,0.5,-9.2,9.2,0.0121,0.001
odysseus,torso.roll,30.583,-2.2,0.5,-9.2,9.2,0.0119,0.001
odysseus,torso.roll,30.667,-2.1,0.5,-9.2,9.2,0.0116,0
odysseus,torso.roll,30.75,-2.1,0.5,-9.2,9.2,0.0114,0
odysseus,torso.roll,30.833,-2,0.5,-9.2,9.2,0.0112,0
odysseus,torso.roll,30.917,-2,0.5,-9.2,9.2,0.0109,0
odysseus,torso.roll,31,-1.9,0.5,-9.2,9.2,0.0107,0
odysseus,torso.roll,31.083,-1.9,0.5,-9.2,9.2,0.0104,0
odysseus,torso.roll,31.167,-1.9,0.5,-9.2,9.2,0.0102,0
odysseus,torso.roll,31.25,-1.8,0.5,-9.2,9.2,0.0099,0
odysseus,torso.roll,31.333,-1.8,0.5,-9.2,9.2,0.0097,0
odysseus,torso.roll,31.417,-1.7,0.5,-9.2,9.2,0.0094,0
odysseus,torso.roll,31.5,-1.7,0,-9.2,9.2,0.0095,0
odysseus,torso.roll,34.083,-1.3,5.4,-9.2,9.2,0.0079,0.002
odysseus,torso.roll,34.167,-0.2,12.8,-9.2,9.2,0.0025,0.001
odysseus,torso.roll,34.25,1.1,15.3,-9.2,9.2,0.0063,0.003
odysseus,torso.roll,34.333,2.1,12.8,-9.2,9.2,0.0121,0.006
odysseus,torso.roll,34.417,2.6,5.4,-9.2,9.2,0.0154,0.003
odysseus,torso.roll,34.5,2.5,-0.5,-9.2,9.2,0.0149,0.001
odysseus,torso.roll,34.583,2.5,-0.5,-9.2,9.2,0.0136,0.001
odysseus,torso.roll,34.667,2.4,-0.5,-9.2,9.2,0.0134,0.001
odysseus,torso.roll,34.75,2.4,-0.5,-9.2,9.2,0.0131,0.001
odysseus,torso.roll,34.833,2.4,-0.5,-9.2,9.2,0.0129,0.001
odysseus,torso.roll,34.917,2.3,-0.5,-9.2,9.2,0.0126,0.001
odysseus,torso.roll,35,2.3,-0.5,-9.2,9.2,0.0124,0.001
odysseus,torso.roll,35.083,2.2,-0.5,-9.2,9.2,0.0121,0.001
odysseus,torso.roll,35.167,2.2,-0.5,-9.2,9.2,0.0119,0.001
odysseus,torso.roll,35.25,2.1,-0.5,-9.2,9.2,0.0116,0
odysseus,torso.roll,35.333,2.1,-0.5,-9.2,9.2,0.0114,0
odysseus,torso.roll,35.417,2,-0.5,-9.2,9.2,0.0112,0
odysseus,torso.roll,35.5,2,-0.5,-9.2,9.2,0.0109,0
odysseus,torso.roll,35.583,1.9,-0.5,-9.2,9.2,0.0107,0
odysseus,torso.roll,35.667,1.9,-0.5,-9.2,9.2,0.0104,0
odysseus,torso.roll,35.75,1.9,-0.5,-9.2,9.2,0.0102,0
odysseus,torso.roll,35.833,1.8,-0.5,-9.2,9.2,0.0099,0
odysseus,torso.roll,35.917,1.8,-0.5,-9.2,9.2,0.0097,0
odysseus,torso.roll,36,1.7,-0.5,-9.2,9.2,0.0094,0
odysseus,torso.roll,36.083,1.7,0,-9.2,9.2,0.0095,0
odysseus,torso.roll,37.667,1.3,-5.4,-9.2,9.2,0.0079,0.002
odysseus,torso.roll,37.75,0.2,-12.8,-9.2,9.2,0.0025,0.001
odysseus,torso.roll,37.833,-1.1,-15.3,-9.2,9.2,0.0063,0.003
odysseus,torso.roll,37.917,-2.1,-12.8,-9.2,9.2,0.0121,0.006
odysseus,torso.roll,38,-2.6,-5.4,-9.2,9.2,0.0154,0.003
odysseus,torso.roll,38.083,-2.5,0.5,-9.2,9.2,0.0149,0.001
odysseus,torso.roll,38.167,-2.5,0.5,-9.2,9.2,0.0136,0.001
odysseus,torso.roll,38.25,-2.4,0.5,-9.2,9.2,0.0134,0.001
odysseus,torso.roll,38.333,-2.4,0.5,-9.2,9.2,0.0131,0.001
odysseus,torso.roll,38.417,-2.4,0.5,-9.2,9.2,0.0129,0.001
odysseus,torso.roll,38.5,-2.3,0.5,-9.2,9.2,0.0126,0.001
odysseus,torso.roll,38.583,-2.3,0.5,-9.2,9.2,0.0124,0.001
odysseus,torso.roll,38.667,-2.2,0.5,-9.2,9.2,0.0121,0.001
odysseus,torso.roll,38.75,-2.2,0.5,-9.2,9.2,0.0119,0.001
odysseus,torso.roll,38.833,-2.1,0.5,-9.2,9.2,0.0116,0
odysseus,torso.roll,38.917,-2.1,0.5,-9.2,9.2,0.0114,0
odysseus,torso.roll,39,-2,0.5,-9.2,9.2,0.0112,0
odysseus,torso.roll,39.083,-2,0.5,-9.2,9.2,0.0109,0
odysseus,torso.roll,39.167,-1.9,0.5,-9.2,9.2,0.0107,0
odysseus,torso.roll,39.25,-1.9,0.5,-9.2,9.2,0.0104,0
odysseus,torso.roll,39.333,-1.9,0.5,-9.2,9.2,0.0102,0
odysseus,torso.roll,39.417,-1.8,0.5,-9.2,9.2,0.0099,0
odysseus,torso.roll,39.5,-1.8,0.5,-9.2,9.2,0.0097,0
odysseus,torso.roll,39.583,-1.7,0.5,-9.2,9.2,0.0094,0
odysseus,torso.roll,39.667,-1.7,0,-9.2,9.2,0.0095,0
odysseus,torso.roll,40.333,-1.3,5.4,-9.2,9.2,0.0079,0.002
odysseus,torso.roll,40.417,-0.2,12.8,-9.2,9.2,0.0025,0.001
odysseus,torso.roll,40.5,1.1,15.3,-9.2,9.2,0.0063,0.003
odysseus,torso.roll,40.583,2.1,12.8,-9.2,9.2,0.0121,0.006
odysseus,torso.roll,40.667,2.6,5.4,-9.2,9.2,0.0154,0.003
odysseus,torso.roll,40.75,2.5,-0.5,-9.2,9.2,0.0149,0.001
odysseus,torso.roll,40.833,2.5,-0.5,-9.2,9.2,0.0136,0.001
odysseus,torso.roll,40.917,2.4,-0.5,-9.2,9.2,0.0134,0.001
odysseus,torso.roll,41,2.4,-0.5,-9.2,9.2,0.0131,0.001
odysseus,torso.roll,41.083,2.4,-0.5,-9.2,9.2,0.0129,0.001
odysseus,torso.roll,41.167,2.3,-0.5,-9.2,9.2,0.0126,0.001
odysseus,torso.roll,41.25,2.3,-0.5,-9.2,9.2,0.0124,0.001
odysseus,torso.roll,41.333,2.2,-0.5,-9.2,9.2,0.0121,0.001
odysseus,torso.roll,41.417,2.2,-0.5,-9.2,9.2,0.0119,0.001
odysseus,torso.roll,41.5,2.1,-0.5,-9.2,9.2,0.0116,0
odysseus,torso.roll,41.583,2.1,-0.5,-9.2,9.2,0.0114,0
odysseus,torso.roll,41.667,2,-0.5,-9.2,9.2,0.0112,0
odysseus,torso.roll,41.75,2,-0.5,-9.2,9.2,0.0109,0
odysseus,torso.roll,41.833,1.9,-0.5,-9.2,9.2,0.0107,0
odysseus,torso.roll,41.917,1.9,-0.5,-9.2,9.2,0.0104,0
odysseus,torso.roll,42,1.9,-0.5,-9.2,9.2,0.0102,0
odysseus,torso.roll,42.083,1.8,-0.5,-9.2,9.2,0.0099,0
odysseus,torso.roll,42.167,1.8,-0.5,-9.2,9.2,0.0097,0
odysseus,torso.roll,42.25,1.7,-0.5,-9.2,9.2,0.0094,0
odysseus,torso.roll,42.333,1.7,0,-9.2,9.2,0.0095,0
odysseus,torso.roll,43,1.7,0,-9.2,9.2,0.0094,0
odysseus,head.yaw,0,0,0,-83.1,83.1,0,0
odysseus,head.yaw,0.583,-3.5,-42.5,-83.1,83.1,0.0017,0.002
odysseus,head.yaw,0.667,-6.3,-33.1,-83.1,83.1,0.0026,0.003
odysseus,head.yaw,0.75,-8.3,-23.6,-83.1,83.1,0.0034,0.003
odysseus,head.yaw,0.833,-9.4,-14.2,-83.1,83.1,0.0039,0.002
odysseus,head.yaw,0.917,-9.8,-4.7,-83.1,83.1,0.0041,0.001
odysseus,head.yaw,1,-9.7,1.4,-83.1,83.1,0.004,0
odysseus,head.yaw,1.083,-9.5,2.7,-83.1,83.1,0.0039,0
odysseus,head.yaw,1.167,-9.4,1.4,-83.1,83.1,0.0038,0
odysseus,head.yaw,1.25,-9.4,0,-83.1,83.1,0.0038,0
odysseus,head.yaw,3.75,-9.6,-2.4,-83.1,83.1,0.0039,0
odysseus,head.yaw,3.833,-9.7,-1.7,-83.1,83.1,0.004,0
odysseus,head.yaw,3.917,-9.8,-1,-83.1,83.1,0.004,0
odysseus,head.yaw,4,-9.8,-0.3,-83.1,83.1,0.004,0
odysseus,head.yaw,4.083,-9.7,1.4,-83.1,83.1,0.004,0
odysseus,head.yaw,4.167,-9.5,2.7,-83.1,83.1,0.0039,0
odysseus,head.yaw,4.25,-9.4,1.4,-83.1,83.1,0.0038,0
odysseus,head.yaw,4.333,-9.4,0,-83.1,83.1,0.0038,0
odysseus,head.yaw,6.917,-9.5,-2,-83.1,83.1,0.0039,0
odysseus,head.yaw,7,-9.7,-1.6,-83.1,83.1,0.004,0
odysseus,head.yaw,7.083,-9.8,-1.1,-83.1,83.1,0.004,0
odysseus,head.yaw,7.167,-9.8,-0.7,-83.1,83.1,0.004,0
odysseus,head.yaw,7.25,-9.8,-0.2,-83.1,83.1,0.004,0
odysseus,head.yaw,7.333,-9.7,1.4,-83.1,83.1,0.004,0
odysseus,head.yaw,7.417,-9.5,2.7,-83.1,83.1,0.0039,0
odysseus,head.yaw,7.5,-9.4,1.4,-83.1,83.1,0.0038,0
odysseus,head.yaw,7.583,-9.4,0,-83.1,83.1,0.0038,0
odysseus,head.yaw,9.583,-9.5,-2,-83.1,83.1,0.0039,0
odysseus,head.yaw,9.667,-9.7,-1.6,-83.1,83.1,0.004,0
odysseus,head.yaw,9.75,-9.8,-1.1,-83.1,83.1,0.004,0
odysseus,head.yaw,9.833,-9.8,-0.7,-83.1,83.1,0.004,0
odysseus,head.yaw,9.917,-9.8,-0.2,-83.1,83.1,0.004,0
odysseus,head.yaw,10,-9.7,1.4,-83.1,83.1,0.004,0
odysseus,head.yaw,10.083,-9.5,2.7,-83.1,83.1,0.0039,0
odysseus,head.yaw,10.167,-9.4,1.4,-83.1,83.1,0.0038,0
odysseus,head.yaw,10.25,-9.4,0,-83.1,83.1,0.0038,0
odysseus,head.yaw,12.25,-9.6,-2.4,-83.1,83.1,0.0039,0
odysseus,head.yaw,12.333,-9.7,-1.7,-83.1,83.1,0.004,0
odysseus,head.yaw,12.417,-9.8,-1,-83.1,83.1,0.004,0
odysseus,head.yaw,12.5,-9.8,-0.3,-83.1,83.1,0.004,0
odysseus,head.yaw,12.583,-9.7,1.4,-83.1,83.1,0.004,0
odysseus,head.yaw,12.667,-9.5,2.7,-83.1,83.1,0.0039,0
odysseus,head.yaw,12.75,-9.4,1.4,-83.1,83.1,0.0038,0
odysseus,head.yaw,12.833,-9.4,0,-83.1,83.1,0.0038,0
odysseus,head.yaw,15,-9.6,-2.4,-83.1,83.1,0.0039,0
odysseus,head.yaw,15.083,-9.7,-1.7,-83.1,83.1,0.004,0
odysseus,head.yaw,15.167,-9.8,-1,-83.1,83.1,0.004,0
odysseus,head.yaw,15.25,-9.8,-0.3,-83.1,83.1,0.004,0
odysseus,head.yaw,15.333,-9.7,1.4,-83.1,83.1,0.004,0
odysseus,head.yaw,15.417,-9.5,2.7,-83.1,83.1,0.0039,0
odysseus,head.yaw,15.5,-9.4,1.4,-83.1,83.1,0.0038,0
odysseus,head.yaw,15.583,-9.4,0,-83.1,83.1,0.0038,0
odysseus,head.yaw,17.583,-9.5,-2,-83.1,83.1,0.0039,0
odysseus,head.yaw,17.667,-9.7,-1.6,-83.1,83.1,0.004,0
odysseus,head.yaw,17.75,-9.8,-1.1,-83.1,83.1,0.004,0
odysseus,head.yaw,17.833,-9.8,-0.7,-83.1,83.1,0.004,0
odysseus,head.yaw,17.917,-9.8,-0.2,-83.1,83.1,0.004,0
odysseus,head.yaw,18,-9.7,1.4,-83.1,83.1,0.004,0
odysseus,head.yaw,18.083,-9.5,2.7,-83.1,83.1,0.0039,0
odysseus,head.yaw,18.167,-9.4,1.4,-83.1,83.1,0.0038,0
odysseus,head.yaw,18.25,-9.4,0,-83.1,83.1,0.0038,0
odysseus,head.yaw,20.5,-9,5.1,-83.1,83.1,0.0037,0.001
odysseus,head.yaw,20.583,-8.7,3.6,-83.1,83.1,0.0035,0
odysseus,head.yaw,20.667,-8.5,2.2,-83.1,83.1,0.0035,0
odysseus,head.yaw,20.75,-8.4,0.7,-83.1,83.1,0.0035,0
odysseus,head.yaw,20.833,-8.3,1.2,-83.1,83.1,0.0034,0
odysseus,head.yaw,20.917,-8.1,2.3,-83.1,83.1,0.0033,0
odysseus,head.yaw,21,-8,1.2,-83.1,83.1,0.0033,0
odysseus,head.yaw,21.083,-8,0,-83.1,83.1,0.0033,0
odysseus,head.yaw,26.917,-6.8,15,-83.1,83.1,0.0028,0.002
odysseus,head.yaw,27,-4,33,-83.1,83.1,0.0017,0.002
odysseus,head.yaw,27.083,-1.3,33,-83.1,83.1,0.0005,0.001
odysseus,head.yaw,27.167,0,15,-83.1,83.1,0.0001,0
odysseus,head.yaw,27.25,0,0,-83.1,83.1,0.0001,0
odysseus,head.yaw,28.917,-9.3,-112,-83.1,83.1,0.0044,0.017
odysseus,head.yaw,29,-17.2,-94.8,-83.1,83.1,0.0071,0.023
odysseus,head.yaw,29.083,-23.7,-77.6,-83.1,83.1,0.0096,0.026
odysseus,head.yaw,29.167,-28.7,-60.3,-83.1,83.1,0.0114,0.024
odysseus,head.yaw,29.25,-32.3,-43.1,-83.1,83.1,0.0127,0.019
odysseus,head.yaw,29.333,-34.5,-25.9,-83.1,83.1,0.0134,0.012
odysseus,head.yaw,29.417,-35.2,-8.6,-83.1,83.1,0.0137,0.004
odysseus,head.yaw,29.5,-34.8,5.2,-83.1,83.1,0.0135,0.003
odysseus,head.yaw,29.583,-34,9.7,-83.1,83.1,0.0132,0.005
odysseus,head.yaw,29.667,-33.5,5.2,-83.1,83.1,0.013,0.003
odysseus,head.yaw,29.75,-33.5,0,-83.1,83.1,0.013,0
odysseus,head.yaw,31.25,-44.7,-134.2,-83.1,83.1,0.0172,0.081
odysseus,head.yaw,31.333,-54.4,-116.3,-83.1,83.1,0.0192,0.079
odysseus,head.yaw,31.417,-62.6,-98.4,-83.1,83.1,0.021,0.073
odysseus,head.yaw,31.5,-69.3,-80.5,-83.1,83.1,0.0221,0.063
odysseus,head.yaw,31.583,-74.5,-62.6,-83.1,83.1,0.0228,0.051
odysseus,head.yaw,31.667,-78.2,-44.7,-83.1,83.1,0.0231,0.037
odysseus,head.yaw,31.75,-80.5,-26.8,-83.1,83.1,0.0233,0.023
odysseus,head.yaw,31.833,-81.2,-8.9,-83.1,83.1,0.0234,0.008
odysseus,head.yaw,31.917,-80.2,12,-83.1,83.1,0.0233,0.011
odysseus,head.yaw,32,-78.4,22.3,-83.1,83.1,0.0231,0.019
odysseus,head.yaw,32.083,-77.3,12,-83.1,83.1,0.023,0.011
odysseus,head.yaw,32.167,-77.3,0,-83.1,83.1,0.023,0.001
odysseus,head.yaw,34.083,-78.3,-10.9,-83.1,83.1,0.0231,0.01
odysseus,head.yaw,34.167,-79,-9.4,-83.1,83.1,0.0231,0.009
odysseus,head.yaw,34.25,-79.7,-8,-83.1,83.1,0.0232,0.008
odysseus,head.yaw,34.333,-80.2,-6.5,-83.1,83.1,0.0232,0.006
odysseus,head.yaw,34.417,-80.7,-5.1,-83.1,83.1,0.0232,0.005
odysseus,head.yaw,34.5,-81,-3.6,-83.1,83.1,0.0233,0.004
odysseus,head.yaw,34.583,-81.2,-2.2,-83.1,83.1,0.0233,0.003
odysseus,head.yaw,34.667,-81.2,-0.7,-83.1,83.1,0.0233,0.002
odysseus,head.yaw,34.75,-80.2,12,-83.1,83.1,0.0233,0.011
odysseus,head.yaw,34.833,-78.4,22.3,-83.1,83.1,0.0231,0.019
odysseus,head.yaw,34.917,-77.3,12,-83.1,83.1,0.023,0.011
odysseus,head.yaw,35,-77.3,0,-83.1,83.1,0.023,0.001
odysseus,head.yaw,36.917,-78.3,-10.9,-83.1,83.1,0.0231,0.01
odysseus,head.yaw,37,-79,-9.4,-83.1,83.1,0.0231,0.009
odysseus,head.yaw,37.083,-79.7,-8,-83.1,83.1,0.0232,0.008
odysseus,head.yaw,37.167,-80.2,-6.5,-83.1,83.1,0.0232,0.006
odysseus,head.yaw,37.25,-80.7,-5.1,-83.1,83.1,0.0232,0.005
odysseus,head.yaw,37.333,-81,-3.6,-83.1,83.1,0.0233,0.004
odysseus,head.yaw,37.417,-81.2,-2.2,-83.1,83.1,0.0233,0.003
odysseus,head.yaw,37.5,-81.2,-0.7,-83.1,83.1,0.0233,0.002
odysseus,head.yaw,37.583,-80.2,12,-83.1,83.1,0.0233,0.011
odysseus,head.yaw,37.667,-78.4,22.3,-83.1,83.1,0.0231,0.019
odysseus,head.yaw,37.75,-77.3,12,-83.1,83.1,0.023,0.011
odysseus,head.yaw,37.833,-77.3,0,-83.1,83.1,0.023,0.001
odysseus,head.yaw,40.083,-78.3,-10.9,-83.1,83.1,0.0231,0.01
odysseus,head.yaw,40.167,-79,-9.4,-83.1,83.1,0.0231,0.009
odysseus,head.yaw,40.25,-79.7,-8,-83.1,83.1,0.0232,0.008
odysseus,head.yaw,40.333,-80.2,-6.5,-83.1,83.1,0.0232,0.006
odysseus,head.yaw,40.417,-80.7,-5.1,-83.1,83.1,0.0232,0.005
odysseus,head.yaw,40.5,-81,-3.6,-83.1,83.1,0.0233,0.004
odysseus,head.yaw,40.583,-81.2,-2.2,-83.1,83.1,0.0233,0.003
odysseus,head.yaw,40.667,-81.2,-0.7,-83.1,83.1,0.0233,0.002
odysseus,head.yaw,40.75,-80.2,12,-83.1,83.1,0.0233,0.011
odysseus,head.yaw,40.833,-78.4,22.3,-83.1,83.1,0.0231,0.019
odysseus,head.yaw,40.917,-77.3,12,-83.1,83.1,0.023,0.011
odysseus,head.yaw,41,-77.3,0,-83.1,83.1,0.023,0.001
odysseus,head.yaw,43,-77.3,0,-83.1,83.1,0.023,0.001
odysseus,head.pitch,0,0,0,-12.6,12.6,0,0
odysseus,head.pitch,0.333,-0.1,-0.5,-12.6,12.6,0,0
odysseus,head.pitch,0.417,-0.2,-0.7,-12.6,12.6,0.0001,0
odysseus,head.pitch,0.5,-0.2,-0.8,-12.6,12.6,0.0001,0
odysseus,head.pitch,0.583,2.6,33.5,-12.6,12.6,0.0012,0.001
odysseus,head.pitch,0.667,6.3,44.2,-12.6,12.6,0.0026,0.004
odysseus,head.pitch,0.75,8.9,31.2,-12.6,12.6,0.0037,0.004
odysseus,head.pitch,0.833,10.4,18.3,-12.6,12.6,0.0043,0.003
odysseus,head.pitch,0.917,10.8,5.4,-12.6,12.6,0.0045,0.001
odysseus,head.pitch,1,10.7,-1.1,-12.6,12.6,0.0044,0
odysseus,head.pitch,1.083,10.7,-1.1,-12.6,12.6,0.0044,0
odysseus,head.pitch,1.167,10.6,-1.1,-12.6,12.6,0.0043,0
odysseus,head.pitch,1.25,10.5,-1,-12.6,12.6,0.0043,0
odysseus,head.pitch,1.333,10.4,-1,-12.6,12.6,0.0042,0
odysseus,head.pitch,1.417,10.3,-0.9,-12.6,12.6,0.0042,0
odysseus,head.pitch,1.5,10.3,-0.8,-12.6,12.6,0.0042,0
odysseus,head.pitch,1.583,10.2,-0.8,-12.6,12.6,0.0042,0
odysseus,head.pitch,1.667,10.1,-0.7,-12.6,12.6,0.0041,0
odysseus,head.pitch,1.75,10.1,-0.5,-12.6,12.6,0.0041,0
odysseus,head.pitch,1.833,10.1,-0.4,-12.6,12.6,0.0041,0
odysseus,head.pitch,2.25,10.1,0.7,-12.6,12.6,0.0041,0
odysseus,head.pitch,2.333,10.2,0.9,-12.6,12.6,0.0042,0
odysseus,head.pitch,2.417,10.3,1.1,-12.6,12.6,0.0042,0
odysseus,head.pitch,2.5,10.4,1.2,-12.6,12.6,0.0043,0
odysseus,head.pitch,2.583,10.5,1.3,-12.6,12.6,0.0043,0
odysseus,head.pitch,2.667,10.6,1.4,-12.6,12.6,0.0043,0
odysseus,head.pitch,2.75,10.7,1.4,-12.6,12.6,0.0044,0
odysseus,head.pitch,2.833,10.9,1.4,-12.6,12.6,0.0044,0
odysseus,head.pitch,2.917,11,1.4,-12.6,12.6,0.0045,0
odysseus,head.pitch,3,11.1,1.3,-12.6,12.6,0.0045,0
odysseus,head.pitch,3.083,11.2,1.2,-12.6,12.6,0.0046,0
odysseus,head.pitch,3.167,11.3,1.1,-12.6,12.6,0.0046,0
odysseus,head.pitch,3.25,11.4,0.9,-12.6,12.6,0.0046,0
odysseus,head.pitch,3.333,11.4,0.7,-12.6,12.6,0.0047,0
odysseus,head.pitch,3.417,11.4,0.4,-12.6,12.6,0.0047,0
odysseus,head.pitch,3.75,2.8,-103.5,-12.6,12.6,0.0017,0.006
odysseus,head.pitch,3.833,7.5,56.8,-12.6,12.6,0.0039,0.008
odysseus,head.pitch,3.917,10.4,33.8,-12.6,12.6,0.0043,0.005
odysseus,head.pitch,4,11.3,10.8,-12.6,12.6,0.0047,0.002
odysseus,head.pitch,4.083,11.2,-0.8,-12.6,12.6,0.0046,0
odysseus,head.pitch,4.167,11.1,-0.9,-12.6,12.6,0.0045,0
odysseus,head.pitch,4.25,11,-0.9,-12.6,12.6,0.0045,0
odysseus,head.pitch,4.333,11,-1,-12.6,12.6,0.0045,0
odysseus,head.pitch,4.417,10.9,-1,-12.6,12.6,0.0044,0
odysseus,head.pitch,4.5,10.8,-1,-12.6,12.6,0.0044,0
odysseus,head.pitch,4.583,10.7,-1,-12.6,12.6,0.0044,0
odysseus,head.pitch,4.667,10.6,-1,-12.6,12.6,0.0043,0
odysseus,head.pitch,4.75,10.5,-1,-12.6,12.6,0.0043,0
odysseus,head.pitch,4.833,10.5,-1,-12.6,12.6,0.0043,0
odysseus,head.pitch,4.917,10.4,-0.9,-12.6,12.6,0.0042,0
odysseus,head.pitch,5,10.3,-0.9,-12.6,12.6,0.0042,0
odysseus,head.pitch,5.083,10.2,-0.8,-12.6,12.6,0.0042,0
odysseus,head.pitch,5.167,10.2,-0.7,-12.6,12.6,0.0042,0
odysseus,head.pitch,5.25,10.1,-0.6,-12.6,12.6,0.0041,0
odysseus,head.pitch,5.333,10.1,-0.5,-12.6,12.6,0.0041,0
odysseus,head.pitch,5.833,10.1,0.8,-12.6,12.6,0.0041,0
odysseus,head.pitch,5.917,10.2,1,-12.6,12.6,0.0042,0
odysseus,head.pitch,6,10.3,1.2,-12.6,12.6,0.0042,0
odysseus,head.pitch,6.083,10.4,1.3,-12.6,12.6,0.0043,0
odysseus,head.pitch,6.167,10.6,1.4,-12.6,12.6,0.0043,0
odysseus,head.pitch,6.25,10.7,1.5,-12.6,12.6,0.0044,0
odysseus,head.pitch,6.333,10.8,1.5,-12.6,12.6,0.0044,0
odysseus,head.pitch,6.417,10.9,1.5,-12.6,12.6,0.0045,0
odysseus,head.pitch,6.5,11,1.4,-12.6,12.6,0.0045,0
odysseus,head.pitch,6.583,11.2,1.3,-12.6,12.6,0.0046,0
odysseus,head.pitch,6.667,11.3,1.2,-12.6,12.6,0.0046,0
odysseus,head.pitch,6.75,11.3,1,-12.6,12.6,0.0046,0
odysseus,head.pitch,6.833,11.4,0.8,-12.6,12.6,0.0047,0
odysseus,head.pitch,6.917,2.9,-102.6,-12.6,12.6,0.0017,0.006
odysseus,head.pitch,7,6.6,45.3,-12.6,12.6,0.0035,0.005
odysseus,head.pitch,7.083,9.3,32.1,-12.6,12.6,0.0039,0.004
odysseus,head.pitch,7.167,10.9,19.1,-12.6,12.6,0.0045,0.003
odysseus,head.pitch,7.25,11.4,6.1,-12.6,12.6,0.0047,0.001
odysseus,head.pitch,7.333,11.4,-0.5,-12.6,12.6,0.0047,0
odysseus,head.pitch,7.417,11.3,-0.6,-12.6,12.6,0.0046,0
odysseus,head.pitch,7.5,11.3,-0.7,-12.6,12.6,0.0046,0
odysseus,head.pitch,7.583,11.2,-0.8,-12.6,12.6,0.0046,0
odysseus,head.pitch,7.667,11.1,-0.9,-12.6,12.6,0.0045,0
odysseus,head.pitch,7.75,11,-0.9,-12.6,12.6,0.0045,0
odysseus,head.pitch,7.833,11,-1,-12.6,12.6,0.0045,0
odysseus,head.pitch,7.917,10.9,-1,-12.6,12.6,0.0044,0
odysseus,head.pitch,8,10.8,-1,-12.6,12.6,0.0044,0
odysseus,head.pitch,8.083,10.7,-1,-12.6,12.6,0.0044,0
odysseus,head.pitch,8.167,10.6,-1,-12.6,12.6,0.0043,0
odysseus,head.pitch,8.25,10.5,-1,-12.6,12.6,0.0043,0
odysseus,head.pitch,8.333,10.5,-1,-12.6,12.6,0.0043,0
odysseus,head.pitch,8.417,10.4,-0.9,-12.6,12.6,0.0042,0
odysseus,head.pitch,8.5,10.3,-0.9,-12.6,12.6,0.0042,0
odysseus,head.pitch,8.583,10.2,-0.8,-12.6,12.6,0.0042,0
odysseus,head.pitch,8.667,10.2,-0.7,-12.6,12.6,0.0042,0
odysseus,head.pitch,8.75,10.1,-0.6,-12.6,12.6,0.0041,0
odysseus,head.pitch,8.833,10.1,-0.5,-12.6,12.6,0.0041,0
odysseus,head.pitch,9.083,7.8,-26.8,-12.6,12.6,0.0033,0.003
odysseus,head.pitch,9.167,6.5,-15.9,-12.6,12.6,0.0027,0.002
odysseus,head.pitch,9.25,6.1,-4.9,-12.6,12.6,0.0025,0
odysseus,head.pitch,9.333,6.2,1.2,-12.6,12.6,0.0026,0
odysseus,head.pitch,9.417,6.4,2.4,-12.6,12.6,0.0026,0
odysseus,head.pitch,9.5,6.6,3.3,-12.6,12.6,0.0027,0
odysseus,head.pitch,9.583,-1.6,-99,-12.6,12.6,0.0012,0.004
odysseus,head.pitch,9.667,2.5,49.9,-12.6,12.6,0.0018,0.003
odysseus,head.pitch,9.75,5.7,37.4,-12.6,12.6,0.0024,0.003
odysseus,head.pitch,9.833,7.7,24.9,-12.6,12.6,0.0032,0.003
odysseus,head.pitch,9.917,8.7,12.1,-12.6,12.6,0.0036,0.002
odysseus,head.pitch,10,9.2,5.7,-12.6,12.6,0.0038,0.001
odysseus,head.pitch,10.083,9.7,5.5,-12.6,12.6,0.004,0.001
odysseus,head.pitch,10.167,10.1,5.2,-12.6,12.6,0.0041,0.001
odysseus,head.pitch,10.25,10.5,4.7,-12.6,12.6,0.0043,0.001
odysseus,head.pitch,10.333,10.8,4.1,-12.6,12.6,0.0044,0.001
odysseus,head.pitch,10.417,11.1,3.3,-12.6,12.6,0.0045,0.001
odysseus,head.pitch,10.5,11.3,2.3,-12.6,12.6,0.0046,0
odysseus,head.pitch,10.583,11.4,1.3,-12.6,12.6,0.0047,0
odysseus,head.pitch,10.667,11.4,0.2,-12.6,12.6,0.0047,0
odysseus,head.pitch,10.917,11.3,-0.6,-12.6,12.6,0.0046,0
odysseus,head.pitch,11,11.3,-0.7,-12.6,12.6,0.0046,0
odysseus,head.pitch,11.083,11.2,-0.8,-12.6,12.6,0.0046,0
odysseus,head.pitch,11.167,11.1,-0.9,-12.6,12.6,0.0045,0
odysseus,head.pitch,11.25,11,-0.9,-12.6,12.6,0.0045,0
odysseus,head.pitch,11.333,11,-1,-12.6,12.6,0.0045,0
odysseus,head.pitch,11.417,10.9,-1,-12.6,12.6,0.0044,0
odysseus,head.pitch,11.5,10.8,-1,-12.6,12.6,0.0044,0
odysseus,head.pitch,11.583,10.7,-1,-12.6,12.6,0.0044,0
odysseus,head.pitch,11.667,10.6,-1,-12.6,12.6,0.0043,0
odysseus,head.pitch,11.75,10.5,-1,-12.6,12.6,0.0043,0
odysseus,head.pitch,11.833,10.5,-1,-12.6,12.6,0.0043,0
odysseus,head.pitch,11.917,10.4,-0.9,-12.6,12.6,0.0042,0
odysseus,head.pitch,12,10.3,-0.9,-12.6,12.6,0.0042,0
odysseus,head.pitch,12.083,10.2,-0.8,-12.6,12.6,0.0042,0
odysseus,head.pitch,12.167,10.2,-0.7,-12.6,12.6,0.0042,0
odysseus,head.pitch,12.25,1.5,-103.7,-12.6,12.6,0.0011,0.004
odysseus,head.pitch,12.333,6.3,56.8,-12.6,12.6,0.0034,0.007
odysseus,head.pitch,12.417,9.1,34,-12.6,12.6,0.0038,0.005
odysseus,head.pitch,12.5,10,11.2,-12.6,12.6,0.0042,0.002
odysseus,head.pitch,12.583,10,-0.1,-12.6,12.6,0.0042,0
odysseus,head.pitch,12.833,10.1,0.7,-12.6,12.6,0.0041,0
odysseus,head.pitch,12.917,10.2,0.9,-12.6,12.6,0.0042,0
odysseus,head.pitch,13,10.3,1.1,-12.6,12.6,0.0042,0
odysseus,head.pitch,13.083,10.4,1.2,-12.6,12.6,0.0043,0
odysseus,head.pitch,13.167,10.5,1.3,-12.6,12.6,0.0043,0
odysseus,head.pitch,13.25,10.6,1.4,-12.6,12.6,0.0043,0
odysseus,head.pitch,13.333,10.7,1.4,-12.6,12.6,0.0044,0
odysseus,head.pitch,13.417,10.9,1.4,-12.6,12.6,0.0044,0
odysseus,head.pitch,13.5,11,1.4,-12.6,12.6,0.0045,0
odysseus,head.pitch,13.583,11.1,1.3,-12.6,12.6,0.0045,0
odysseus,head.pitch,13.667,11.2,1.2,-12.6,12.6,0.0046,0
odysseus,head.pitch,13.75,11.3,1.1,-12.6,12.6,0.0046,0
odysseus,head.pitch,13.833,11.4,0.9,-12.6,12.6,0.0046,0
odysseus,head.pitch,13.917,11.4,0.7,-12.6,12.6,0.0047,0
odysseus,head.pitch,14,11.4,0.4,-12.6,12.6,0.0047,0
odysseus,head.pitch,14.417,11.4,-0.5,-12.6,12.6,0.0046,0
odysseus,head.pitch,14.5,11.3,-0.7,-12.6,12.6,0.0046,0
odysseus,head.pitch,14.583,11.2,-0.8,-12.6,12.6,0.0046,0
odysseus,head.pitch,14.667,11.2,-0.8,-12.6,12.6,0.0046,0
odysseus,head.pitch,14.75,11.1,-0.9,-12.6,12.6,0.0045,0
odysseus,head.pitch,14.833,11,-1,-12.6,12.6,0.0045,0
odysseus,head.pitch,14.917,10.9,-1,-12.6,12.6,0.0045,0
odysseus,head.pitch,15,2.2,-104.2,-12.6,12.6,0.0014,0.005
odysseus,head.pitch,15.083,6.9,56.2,-12.6,12.6,0.0036,0.007
odysseus,head.pitch,15.167,9.7,33.3,-12.6,12.6,0.0041,0.005
odysseus,head.pitch,15.25,10.6,10.4,-12.6,12.6,0.0044,0.002
odysseus,head.pitch,15.333,10.5,-1,-12.6,12.6,0.0043,0
odysseus,head.pitch,15.417,10.4,-1,-12.6,12.6,0.0042,0
odysseus,head.pitch,15.5,10.3,-0.9,-12.6,12.6,0.0042,0
odysseus,head.pitch,15.583,10.3,-0.8,-12.6,12.6,0.0042,0
odysseus,head.pitch,15.667,10.2,-0.8,-12.6,12.6,0.0042,0
odysseus,head.pitch,15.75,10.1,-0.7,-12.6,12.6,0.0041,0
odysseus,head.pitch,15.833,10.1,-0.5,-12.6,12.6,0.0041,0
odysseus,head.pitch,15.917,10.1,-0.4,-12.6,12.6,0.0041,0
odysseus,head.pitch,16.333,10.1,0.7,-12.6,12.6,0.0041,0
odysseus,head.pitch,16.417,10.2,0.9,-12.6,12.6,0.0042,0
odysseus,head.pitch,16.5,10.3,1.1,-12.6,12.6,0.0042,0
odysseus,head.pitch,16.583,10.4,1.2,-12.6,12.6,0.0043,0
odysseus,head.pitch,16.667,10.5,1.3,-12.6,12.6,0.0043,0
odysseus,head.pitch,16.75,10.6,1.4,-12.6,12.6,0.0043,0
odysseus,head.pitch,16.833,10.7,1.4,-12.6,12.6,0.0044,0
odysseus,head.pitch,16.917,10.9,1.4,-12.6,12.6,0.0044,0
odysseus,head.pitch,17,11,1.4,-12.6,12.6,0.0045,0
odysseus,head.pitch,17.083,11.1,1.3,-12.6,12.6,0.0045,0
odysseus,head.pitch,17.167,11.2,1.2,-12.6,12.6,0.0046,0
odysseus,head.pitch,17.25,11.3,1.1,-12.6,12.6,0.0046,0
odysseus,head.pitch,17.333,11.4,0.9,-12.6,12.6,0.0046,0
odysseus,head.pitch,17.417,11.4,0.7,-12.6,12.6,0.0047,0
odysseus,head.pitch,17.5,11.4,0.4,-12.6,12.6,0.0047,0
odysseus,head.pitch,17.583,2.9,-103,-12.6,12.6,0.0017,0.006
odysseus,head.pitch,17.667,6.6,45,-12.6,12.6,0.0035,0.005
odysseus,head.pitch,17.75,9.3,32,-12.6,12.6,0.0039,0.004
odysseus,head.pitch,17.833,10.9,18.9,-12.6,12.6,0.0045,0.003
odysseus,head.pitch,17.917,11.4,5.9,-12.6,12.6,0.0047,0.001
odysseus,head.pitch,18,11.3,-0.7,-12.6,12.6,0.0046,0
odysseus,head.pitch,18.083,11.2,-0.8,-12.6,12.6,0.0046,0
odysseus,head.pitch,18.167,11.2,-0.8,-12.6,12.6,0.0046,0
odysseus,head.pitch,18.25,11.1,-0.9,-12.6,12.6,0.0045,0
odysseus,head.pitch,18.333,11,-1,-12.6,12.6,0.0045,0
odysseus,head.pitch,18.417,10.9,-1,-12.6,12.6,0.0045,0
odysseus,head.pitch,18.5,10.8,-1.1,-12.6,12.6,0.0044,0
odysseus,head.pitch,18.583,10.7,-1.1,-12.6,12.6,0.0044,0
odysseus,head.pitch,18.667,10.7,-1.1,-12.6,12.6,0.0044,0
odysseus,head.pitch,18.75,10.6,-1.1,-12.6,12.6,0.0043,0
odysseus,head.pitch,18.833,10.5,-1,-12.6,12.6,0.0043,0
odysseus,head.pitch,18.917,10.4,-1,-12.6,12.6,0.0042,0
odysseus,head.pitch,19,10.3,-0.9,-12.6,12.6,0.0042,0
odysseus,head.pitch,19.083,10.3,-0.8,-12.6,12.6,0.0042,0
odysseus,head.pitch,19.167,10.2,-0.8,-12.6,12.6,0.0042,0
odysseus,head.pitch,19.25,10.1,-0.7,-12.6,12.6,0.0041,0
odysseus,head.pitch,19.333,10.1,-0.5,-12.6,12.6,0.0041,0
odysseus,head.pitch,19.417,10.1,-0.4,-12.6,12.6,0.0041,0
odysseus,head.pitch,19.833,10.1,0.7,-12.6,12.6,0.0041,0
odysseus,head.pitch,19.917,10.2,0.9,-12.6,12.6,0.0042,0
odysseus,head.pitch,20,10.3,1.1,-12.6,12.6,0.0042,0
odysseus,head.pitch,20.083,10.4,1.2,-12.6,12.6,0.0043,0
odysseus,head.pitch,20.167,10.5,1.3,-12.6,12.6,0.0043,0
odysseus,head.pitch,20.25,10.6,1.4,-12.6,12.6,0.0043,0
odysseus,head.pitch,20.333,10.7,1.4,-12.6,12.6,0.0044,0
odysseus,head.pitch,20.417,10.9,1.4,-12.6,12.6,0.0044,0
odysseus,head.pitch,20.5,2.4,-101.7,-12.6,12.6,0.0015,0.005
odysseus,head.pitch,20.583,7,55.8,-12.6,12.6,0.0037,0.007
odysseus,head.pitch,20.667,9.9,33.9,-12.6,12.6,0.0041,0.005
odysseus,head.pitch,20.75,10.9,12,-12.6,12.6,0.0045,0.002
odysseus,head.pitch,20.833,10.9,0.9,-12.6,12.6,0.0045,0
odysseus,head.pitch,20.917,11,0.7,-12.6,12.6,0.0045,0
odysseus,head.pitch,21,11,0.4,-12.6,12.6,0.0045,0
odysseus,head.pitch,21.417,10.9,-0.5,-12.6,12.6,0.0045,0
odysseus,head.pitch,21.5,10.9,-0.7,-12.6,12.6,0.0044,0
odysseus,head.pitch,21.583,10.8,-0.8,-12.6,12.6,0.0044,0
odysseus,head.pitch,21.667,10.7,-0.8,-12.6,12.6,0.0044,0
odysseus,head.pitch,21.75,10.7,-0.9,-12.6,12.6,0.0044,0
odysseus,head.pitch,21.833,10.6,-1,-12.6,12.6,0.0043,0
odysseus,head.pitch,21.917,10.5,-1,-12.6,12.6,0.0043,0
odysseus,head.pitch,22,10.4,-1.1,-12.6,12.6,0.0043,0
odysseus,head.pitch,22.083,10.3,-1.1,-12.6,12.6,0.0042,0
odysseus,head.pitch,22.167,10.2,-1.1,-12.6,12.6,0.0042,0
odysseus,head.pitch,22.25,10.1,-1.1,-12.6,12.6,0.0041,0
odysseus,head.pitch,22.333,10.1,-1,-12.6,12.6,0.0041,0
odysseus,head.pitch,22.417,10,-1,-12.6,12.6,0.0041,0
odysseus,head.pitch,22.5,9.9,-0.9,-12.6,12.6,0.004,0
odysseus,head.pitch,22.583,9.8,-0.8,-12.6,12.6,0.004,0
odysseus,head.pitch,22.667,9.8,-0.8,-12.6,12.6,0.004,0
odysseus,head.pitch,22.75,9.7,-0.7,-12.6,12.6,0.004,0
odysseus,head.pitch,22.833,9.7,-0.5,-12.6,12.6,0.004,0
odysseus,head.pitch,22.917,9.6,-0.4,-12.6,12.6,0.0039,0
odysseus,head.pitch,23.333,9.7,0.7,-12.6,12.6,0.004,0
odysseus,head.pitch,23.417,9.8,0.9,-12.6,12.6,0.004,0
odysseus,head.pitch,23.5,9.9,1.1,-12.6,12.6,0.004,0
odysseus,head.pitch,23.583,10,1.2,-12.6,12.6,0.0041,0
odysseus,head.pitch,23.667,10.1,1.3,-12.6,12.6,0.0041,0
odysseus,head.pitch,23.75,10.2,1.4,-12.6,12.6,0.0042,0
odysseus,head.pitch,23.833,10.3,1.4,-12.6,12.6,0.0042,0
odysseus,head.pitch,23.917,10.4,1.4,-12.6,12.6,0.0043,0
odysseus,head.pitch,24,10.6,1.4,-12.6,12.6,0.0043,0
odysseus,head.pitch,24.083,10.7,1.3,-12.6,12.6,0.0044,0
odysseus,head.pitch,24.167,10.8,1.2,-12.6,12.6,0.0044,0
odysseus,head.pitch,24.25,10.9,1.1,-12.6,12.6,0.0044,0
odysseus,head.pitch,24.333,10.9,0.9,-12.6,12.6,0.0045,0
odysseus,head.pitch,24.417,11,0.7,-12.6,12.6,0.0045,0
odysseus,head.pitch,24.5,11,0.4,-12.6,12.6,0.0045,0
odysseus,head.pitch,24.917,10.9,-0.5,-12.6,12.6,0.0045,0
odysseus,head.pitch,25,10.9,-0.7,-12.6,12.6,0.0044,0
odysseus,head.pitch,25.083,10.8,-0.8,-12.6,12.6,0.0044,0
odysseus,head.pitch,25.167,10.7,-0.8,-12.6,12.6,0.0044,0
odysseus,head.pitch,25.25,10.7,-0.9,-12.6,12.6,0.0044,0
odysseus,head.pitch,25.333,10.6,-1,-12.6,12.6,0.0043,0
odysseus,head.pitch,25.417,10.5,-1,-12.6,12.6,0.0043,0
odysseus,head.pitch,25.5,10.4,-1.1,-12.6,12.6,0.0043,0
odysseus,head.pitch,25.583,10.3,-1.1,-12.6,12.6,0.0042,0
odysseus,head.pitch,25.667,10.2,-1.1,-12.6,12.6,0.0042,0
odysseus,head.pitch,25.75,10.1,-1.1,-12.6,12.6,0.0041,0
odysseus,head.pitch,25.833,10.1,-1,-12.6,12.6,0.0041,0
odysseus,head.pitch,25.917,10,-1,-12.6,12.6,0.0041,0
odysseus,head.pitch,26,9.9,-0.9,-12.6,12.6,0.004,0
odysseus,head.pitch,26.083,9.8,-0.8,-12.6,12.6,0.004,0
odysseus,head.pitch,26.167,9.8,-0.8,-12.6,12.6,0.004,0
odysseus,head.pitch,26.25,9.7,-0.7,-12.6,12.6,0.004,0
odysseus,head.pitch,26.333,9.7,-0.5,-12.6,12.6,0.004,0
odysseus,head.pitch,26.417,9.6,-0.4,-12.6,12.6,0.0039,0
odysseus,head.pitch,26.75,9.7,0.6,-12.6,12.6,0.004,0
odysseus,head.pitch,26.833,9.7,0.3,-12.6,12.6,0.004,0
odysseus,head.pitch,26.917,10.2,5.4,-12.6,12.6,0.0042,0.001
odysseus,head.pitch,27,11.2,12.2,-12.6,12.6,0.0046,0.002
odysseus,head.pitch,27.083,12.3,13,-12.6,12.6,0.005,0.002
odysseus,head.pitch,27.167,12.6,4.1,-12.6,12.6,0.0052,0.001
odysseus,head.pitch,27.25,11.5,-13.7,-12.6,12.6,0.0048,0.002
odysseus,head.pitch,27.333,9.9,-18.9,-12.6,12.6,0.0041,0.003
odysseus,head.pitch,27.417,10.7,9.8,-12.6,12.6,0.0045,0.002
odysseus,head.pitch,27.5,12.2,18.2,-12.6,12.6,0.005,0.003
odysseus,head.pitch,27.583,12.6,4.6,-12.6,12.6,0.0052,0.001
odysseus,head.pitch,27.667,11.5,-13.7,-12.6,12.6,0.0048,0.002
odysseus,head.pitch,27.75,9.9,-18.9,-12.6,12.6,0.0041,0.003
odysseus,head.pitch,27.833,11.5,18.9,-12.6,12.6,0.0049,0.003
odysseus,head.pitch,27.917,12.6,13.7,-12.6,12.6,0.0052,0.003
odysseus,head.pitch,28,11.5,-13.7,-12.6,12.6,0.0048,0.002
odysseus,head.pitch,28.083,9.9,-18.9,-12.6,12.6,0.0041,0.003
odysseus,head.pitch,28.167,11.5,18.9,-12.6,12.6,0.0049,0.003
odysseus,head.pitch,28.25,12.6,13.7,-12.6,12.6,0.0052,0.003
odysseus,head.pitch,28.333,9,-43.1,-12.6,12.6,0.004,0.006
odysseus,head.pitch,28.417,7.9,-13.6,-12.6,12.6,0.0034,0.002
odysseus,head.pitch,28.5,9.4,17.7,-12.6,12.6,0.004,0.002
odysseus,head.pitch,28.583,11.3,23.8,-12.6,12.6,0.0047,0.004
odysseus,head.pitch,28.667,11.5,1.8,-12.6,12.6,0.0048,0
odysseus,head.pitch,28.75,10.1,-16.8,-12.6,12.6,0.0042,0.003
odysseus,head.pitch,28.833,9.4,-8.3,-12.6,12.6,0.0039,0.001
odysseus,head.pitch,28.917,1.4,-96.1,-12.6,12.6,0.001,0.003
odysseus,head.pitch,29,0.7,-8.7,-12.6,12.6,0.0007,0
odysseus,head.pitch,29.083,0.1,-6.8,-12.6,12.6,0,0
odysseus,head.pitch,29.167,-0.3,-4.7,-12.6,12.6,0.0001,0
odysseus,head.pitch,29.25,-0.5,-2.4,-12.6,12.6,0.0002,0
odysseus,head.pitch,29.333,-0.5,0.2,-12.6,12.6,0.0002,0
odysseus,head.pitch,29.417,-0.3,1.8,-12.6,12.6,0.0001,0
odysseus,head.pitch,29.5,-0.2,1,-12.6,12.6,0.0001,0
odysseus,head.pitch,29.583,-1.5,-15.5,-12.6,12.6,0.0007,0
odysseus,head.pitch,29.667,-0.4,13.6,-12.6,12.6,0.0003,0
odysseus,head.pitch,29.75,0.5,10.6,-12.6,12.6,0.0002,0
odysseus,head.pitch,29.833,0.9,5,-12.6,12.6,0.0004,0
odysseus,head.pitch,29.917,0.1,-9.6,-12.6,12.6,0.0001,0
odysseus,head.pitch,30,-1.4,-18.1,-12.6,12.6,0.0006,0
odysseus,head.pitch,30.083,-2.1,-8.5,-12.6,12.6,0.0009,0
odysseus,head.pitch,30.167,-1.9,2.6,-12.6,12.6,0.0008,0
odysseus,head.pitch,30.25,-1.7,2.9,-12.6,12.6,0.0007,0
odysseus,head.pitch,30.333,-1.4,3,-12.6,12.6,0.0006,0
odysseus,head.pitch,30.417,-1.2,3.1,-12.6,12.6,0.0005,0
odysseus,head.pitch,30.5,-0.9,3,-12.6,12.6,0.0004,0
odysseus,head.pitch,30.583,-0.7,2.9,-12.6,12.6,0.0003,0
odysseus,head.pitch,30.667,-0.5,2.6,-12.6,12.6,0.0002,0
odysseus,head.pitch,30.75,-0.3,2.2,-12.6,12.6,0.0001,0
odysseus,head.pitch,30.833,-0.1,1.7,-12.6,12.6,0.0001,0
odysseus,head.pitch,30.917,0,1.1,-12.6,12.6,0,0
odysseus,head.pitch,31,0,0.4,-12.6,12.6,0,0
odysseus,head.pitch,31.25,2.9,34.4,-12.6,12.6,0.0013,0.002
odysseus,head.pitch,31.333,2.1,-9.1,-12.6,12.6,0.0011,0
odysseus,head.pitch,31.417,4,23.2,-12.6,12.6,0.0018,0.001
odysseus,head.pitch,31.5,4.4,4,-12.6,12.6,0.0019,0
odysseus,head.pitch,31.583,0.4,-48.1,-12.6,12.6,0.0004,0.001
odysseus,head.pitch,31.667,-2.5,-34.2,-12.6,12.6,0.0011,0.001
odysseus,head.pitch,31.75,-3.5,-12.2,-12.6,12.6,0.0015,0.001
odysseus,head.pitch,31.833,-3.4,0.9,-12.6,12.6,0.0015,0
odysseus,head.pitch,31.917,-3.2,2.4,-12.6,12.6,0.0013,0
odysseus,head.pitch,32,-3,3.1,-12.6,12.6,0.0012,0
odysseus,head.pitch,32.083,-2.7,3.6,-12.6,12.6,0.0011,0
odysseus,head.pitch,32.167,-2.3,4,-12.6,12.6,0.001,0
odysseus,head.pitch,32.25,-2,4.2,-12.6,12.6,0.0008,0
odysseus,head.pitch,32.333,-1.6,4.3,-12.6,12.6,0.0007,0
odysseus,head.pitch,32.417,-1.3,4.2,-12.6,12.6,0.0005,0
odysseus,head.pitch,32.5,-0.9,4,-12.6,12.6,0.0004,0
odysseus,head.pitch,32.583,-0.6,3.6,-12.6,12.6,0.0003,0
odysseus,head.pitch,32.667,-0.4,3.1,-12.6,12.6,0.0002,0
odysseus,head.pitch,32.75,-0.2,2.4,-12.6,12.6,0.0001,0
odysseus,head.pitch,32.833,0,1.6,-12.6,12.6,0,0
odysseus,head.pitch,32.917,0,0.6,-12.6,12.6,0,0
odysseus,head.pitch,33,0,0,-12.6,12.6,0,0
odysseus,head.pitch,34,1.9,22.9,-12.6,12.6,0.0009,0.001
odysseus,head.pitch,34.083,5.9,48.1,-12.6,12.6,0.0026,0.004
odysseus,head.pitch,34.167,5.5,-4.5,-12.6,12.6,0.0025,0
odysseus,head.pitch,34.25,4,-18.4,-12.6,12.6,0.0017,0.001
odysseus,head.pitch,34.333,1.8,-26.2,-12.6,12.6,0.0008,0.001
odysseus,head.pitch,34.417,0.5,-15.6,-12.6,12.6,0.0003,0
odysseus,head.pitch,34.5,0.2,-3.5,-12.6,12.6,0.0002,0
odysseus,head.pitch,34.583,0.1,-2.1,-12.6,12.6,0,0
odysseus,head.pitch,34.667,-2,-24.8,-12.6,12.6,0.0009,0.001
odysseus,head.pitch,34.75,-3.2,-14.4,-12.6,12.6,0.0014,0.001
odysseus,head.pitch,34.833,-3.6,-4.8,-12.6,12.6,0.0015,0
odysseus,head.pitch,34.917,-3.6,0.6,-12.6,12.6,0.0015,0
odysseus,head.pitch,35,-3.4,1.6,-12.6,12.6,0.0014,0
odysseus,head.pitch,35.083,-3.2,2.4,-12.6,12.6,0.0013,0
odysseus,head.pitch,35.167,-3,3.1,-12.6,12.6,0.0012,0
odysseus,head.pitch,35.25,-2.7,3.6,-12.6,12.6,0.0011,0
odysseus,head.pitch,35.333,-2.3,4,-12.6,12.6,0.001,0
odysseus,head.pitch,35.417,-2,4.2,-12.6,12.6,0.0008,0
odysseus,head.pitch,35.5,-1.6,4.3,-12.6,12.6,0.0007,0
odysseus,head.pitch,35.583,-1.3,4.2,-12.6,12.6,0.0005,0
odysseus,head.pitch,35.667,-0.9,4,-12.6,12.6,0.0004,0
odysseus,head.pitch,35.75,-0.6,3.6,-12.6,12.6,0.0003,0
odysseus,head.pitch,35.833,-0.4,3.1,-12.6,12.6,0.0002,0
odysseus,head.pitch,35.917,-0.2,2.4,-12.6,12.6,0.0001,0
odysseus,head.pitch,36,0,1.6,-12.6,12.6,0,0
odysseus,head.pitch,36.083,0,0.6,-12.6,12.6,0,0
odysseus,head.pitch,36.167,0,0,-12.6,12.6,0,0
odysseus,head.pitch,36.917,2.9,34.4,-12.6,12.6,0.0013,0.002
odysseus,head.pitch,37,2.1,-9.1,-12.6,12.6,0.0011,0
odysseus,head.pitch,37.083,1.5,-7.7,-12.6,12.6,0.0006,0
odysseus,head.pitch,37.167,2.8,16.6,-12.6,12.6,0.0013,0.001
odysseus,head.pitch,37.25,2.1,-8.3,-12.6,12.6,0.001,0
odysseus,head.pitch,37.333,1.4,-9.2,-12.6,12.6,0.0006,0
odysseus,head.pitch,37.417,0,-16.2,-12.6,12.6,0,0
odysseus,head.pitch,37.5,-1.6,-20.1,-12.6,12.6,0.0007,0
odysseus,head.pitch,37.583,-2.4,-9.4,-12.6,12.6,0.0011,0
odysseus,head.pitch,37.667,-2.3,1.9,-12.6,12.6,0.001,0
odysseus,head.pitch,37.75,-2.1,2.5,-12.6,12.6,0.0009,0
odysseus,head.pitch,37.833,-1.8,2.9,-12.6,12.6,0.0008,0
odysseus,head.pitch,37.917,-1.6,3.2,-12.6,12.6,0.0006,0
odysseus,head.pitch,38,-1.3,3.3,-12.6,12.6,0.0005,0
odysseus,head.pitch,38.083,-1,3.3,-12.6,12.6,0.0004,0
odysseus,head.pitch,38.167,-0.8,3.2,-12.6,12.6,0.0003,0
odysseus,head.pitch,38.25,-0.5,2.9,-12.6,12.6,0.0002,0
odysseus,head.pitch,38.333,-0.3,2.5,-12.6,12.6,0.0001,0
odysseus,head.pitch,38.417,-0.1,1.9,-12.6,12.6,0.0001,0
odysseus,head.pitch,38.5,0,1.3,-12.6,12.6,0,0
odysseus,head.pitch,38.583,0,0.5,-12.6,12.6,0,0
odysseus,head.pitch,40.083,2.9,34.4,-12.6,12.6,0.0013,0.002
odysseus,head.pitch,40.167,2.1,-9.1,-12.6,12.6,0.0011,0
odysseus,head.pitch,40.25,1.5,-7.7,-12.6,12.6,0.0006,0
odysseus,head.pitch,40.333,3.5,24.6,-12.6,12.6,0.0016,0.001
odysseus,head.pitch,40.417,4,5.4,-12.6,12.6,0.0017,0
odysseus,head.pitch,40.5,3.1,-10,-12.6,12.6,0.0014,0
odysseus,head.pitch,40.583,1.8,-16.3,-12.6,12.6,0.0008,0
odysseus,head.pitch,40.667,0.5,-14.9,-12.6,12.6,0.0002,0
odysseus,head.pitch,40.75,0,-6.4,-12.6,12.6,0,0
odysseus,head.pitch,40.833,0,0,-12.6,12.6,0,0
odysseus,head.pitch,43,0,0,-12.6,12.6,0,0
odysseus,arm.R.pitch,0,-137.5,0,-183.3,60.2,0.0199,0.001
odysseus,arm.R.pitch,0.667,-135.3,26.1,-183.3,60.2,0.021,0.02
odysseus,arm.R.pitch,0.75,-129.4,70.7,-183.3,60.2,0.0233,0.059
odysseus,arm.R.pitch,0.833,-120.8,104.2,-183.3,60.2,0.0257,0.095
odysseus,arm.R.pitch,0.917,-110.2,126.6,-183.3,60.2,0.0279,0.125
odysseus,arm.R.pitch,1,-98.7,137.7,-183.3,60.2,0.0292,0.142
odysseus,arm.R.pitch,1.083,-87.3,137.7,-183.3,60.2,0.0294,0.143
odysseus,arm.R.pitch,1.167,-76.7,126.6,-183.3,60.2,0.0288,0.129
odysseus,arm.R.pitch,1.25,-68,104.2,-183.3,60.2,0.0276,0.102
odysseus,arm.R.pitch,1.333,-62.1,70.7,-183.3,60.2,0.0264,0.067
odysseus,arm.R.pitch,1.417,-60,26.1,-183.3,60.2,0.026,0.025
odysseus,arm.R.pitch,1.5,-59.9,0.6,-183.3,60.2,0.0258,0.002
odysseus,arm.R.pitch,1.583,-59.8,1.8,-183.3,60.2,0.0254,0.003
odysseus,arm.R.pitch,1.667,-59.5,2.8,-183.3,60.2,0.0254,0.004
odysseus,arm.R.pitch,1.75,-59.2,3.7,-183.3,60.2,0.0253,0.005
odysseus,arm.R.pitch,1.833,-58.8,4.5,-183.3,60.2,0.0252,0.005
odysseus,arm.R.pitch,1.917,-58.4,5.2,-183.3,60.2,0.0251,0.006
odysseus,arm.R.pitch,2,-57.9,5.7,-183.3,60.2,0.0249,0.006
odysseus,arm.R.pitch,2.083,-57.4,6.2,-183.3,60.2,0.0248,0.007
odysseus,arm.R.pitch,2.167,-56.9,6.5,-183.3,60.2,0.0247,0.007
odysseus,arm.R.pitch,2.25,-56.3,6.6,-183.3,60.2,0.0245,0.007
odysseus,arm.R.pitch,2.333,-55.8,6.7,-183.3,60.2,0.0243,0.007
odysseus,arm.R.pitch,2.417,-55.2,6.6,-183.3,60.2,0.0242,0.007
odysseus,arm.R.pitch,2.5,-54.7,6.5,-183.3,60.2,0.024,0.007
odysseus,arm.R.pitch,2.583,-54.2,6.2,-183.3,60.2,0.0239,0.006
odysseus,arm.R.pitch,2.667,-53.7,5.7,-183.3,60.2,0.0237,0.006
odysseus,arm.R.pitch,2.75,-53.3,5.2,-183.3,60.2,0.0236,0.005
odysseus,arm.R.pitch,2.833,-52.9,4.5,-183.3,60.2,0.0235,0.005
odysseus,arm.R.pitch,2.917,-52.6,3.7,-183.3,60.2,0.0234,0.004
odysseus,arm.R.pitch,3,-52.3,2.8,-183.3,60.2,0.0233,0.003
odysseus,arm.R.pitch,3.083,-52.2,1.8,-183.3,60.2,0.0233,0.003
odysseus,arm.R.pitch,3.167,-52.1,0.6,-183.3,60.2,0.0232,0.002
odysseus,arm.R.pitch,3.25,-52.1,0,-183.3,60.2,0.0232,0.001
odysseus,arm.R.pitch,5.583,-52.7,-0.7,-183.3,60.2,0.0234,0.002
odysseus,arm.R.pitch,5.667,-52.8,-1.2,-183.3,60.2,0.0235,0.002
odysseus,arm.R.pitch,5.75,-53,-1.6,-183.3,60.2,0.0235,0.002
odysseus,arm.R.pitch,5.833,-53.1,-1.9,-183.3,60.2,0.0235,0.003
odysseus,arm.R.pitch,5.917,-53.3,-2.2,-183.3,60.2,0.0236,0.003
odysseus,arm.R.pitch,6,-53.5,-2.5,-183.3,60.2,0.0237,0.003
odysseus,arm.R.pitch,6.083,-53.7,-2.7,-183.3,60.2,0.0237,0.003
odysseus,arm.R.pitch,6.167,-54,-2.8,-183.3,60.2,0.0238,0.003
odysseus,arm.R.pitch,6.25,-54.2,-3,-183.3,60.2,0.0239,0.004
odysseus,arm.R.pitch,6.333,-54.5,-3,-183.3,60.2,0.024,0.004
odysseus,arm.R.pitch,6.417,-54.7,-3.1,-183.3,60.2,0.024,0.004
odysseus,arm.R.pitch,6.5,-55,-3,-183.3,60.2,0.0241,0.004
odysseus,arm.R.pitch,6.583,-55.2,-3,-183.3,60.2,0.0242,0.004
odysseus,arm.R.pitch,6.667,-55.5,-2.8,-183.3,60.2,0.0242,0.004
odysseus,arm.R.pitch,6.75,-55.7,-2.7,-183.3,60.2,0.0243,0.003
odysseus,arm.R.pitch,6.833,-55.9,-2.5,-183.3,60.2,0.0244,0.003
odysseus,arm.R.pitch,6.917,-56.1,-2.2,-183.3,60.2,0.0244,0.003
odysseus,arm.R.pitch,7,-56.2,-1.9,-183.3,60.2,0.0245,0.003
odysseus,arm.R.pitch,7.083,-56.4,-1.6,-183.3,60.2,0.0245,0.003
odysseus,arm.R.pitch,7.167,-56.5,-1.2,-183.3,60.2,0.0245,0.002
odysseus,arm.R.pitch,7.25,-56.5,-0.7,-183.3,60.2,0.0246,0.002
odysseus,arm.R.pitch,7.333,-56.6,-0.3,-183.3,60.2,0.0246,0.001
odysseus,arm.R.pitch,9.083,-110.8,-651.2,-183.3,60.2,0.0357,0.814
odysseus,arm.R.pitch,9.167,-128.9,-217.1,-183.3,60.2,0.0284,0.216
odysseus,arm.R.pitch,9.25,-183.3,-653.1,-183.3,60.2,0.0072,0.164
odysseus,arm.R.pitch,9.333,-183.3,0,-183.3,60.2,0.0099,0
odysseus,arm.R.pitch,10.417,-171.9,137.5,-183.3,60.2,0.0059,0.028
odysseus,arm.R.pitch,10.5,-155.3,198.6,-183.3,60.2,0.013,0.091
odysseus,arm.R.pitch,10.583,-142.6,152.8,-183.3,60.2,0.0184,0.099
odysseus,arm.R.pitch,10.667,-137.5,61.1,-183.3,60.2,0.021,0.046
odysseus,arm.R.pitch,10.75,-137.5,0,-183.3,60.2,0.0206,0.001
odysseus,arm.R.pitch,26.833,-137.7,-2.3,-183.3,60.2,0.0198,0.002
odysseus,arm.R.pitch,26.917,-144.6,-82.5,-183.3,60.2,0.0181,0.053
odysseus,arm.R.pitch,27,-157.8,-158.9,-183.3,60.2,0.0121,0.067
odysseus,arm.R.pitch,27.083,-158.2,-4.4,-183.3,60.2,0.0129,0.002
odysseus,arm.R.pitch,27.167,-146.3,142.2,-183.3,60.2,0.0182,0.091
odysseus,arm.R.pitch,27.25,-127.7,224.2,-183.3,60.2,0.0243,0.192
odysseus,arm.R.pitch,27.333,-108.5,229.4,-183.3,60.2,0.028,0.226
odysseus,arm.R.pitch,27.417,-96.5,144.8,-183.3,60.2,0.0303,0.155
odysseus,arm.R.pitch,27.5,-96.2,3.2,-183.3,60.2,0.031,0.005
odysseus,arm.R.pitch,27.583,-106.7,-125.9,-183.3,60.2,0.0298,0.133
odysseus,arm.R.pitch,27.667,-121,-171.4,-183.3,60.2,0.0258,0.156
odysseus,arm.R.pitch,27.75,-129.5,-102.9,-183.3,60.2,0.0236,0.086
odysseus,arm.R.pitch,27.833,-125.6,47,-183.3,60.2,0.0258,0.044
odysseus,arm.R.pitch,27.917,-109.1,198.8,-183.3,60.2,0.0297,0.208
odysseus,arm.R.pitch,28,-86.5,271.2,-183.3,60.2,0.0303,0.288
odysseus,arm.R.pitch,28.083,-67.5,227.8,-183.3,60.2,0.0277,0.222
odysseus,arm.R.pitch,28.167,-59.5,95.8,-183.3,60.2,0.027,0.092
odysseus,arm.R.pitch,28.25,-54.6,59.1,-183.3,60.2,0.0244,0.052
odysseus,arm.R.pitch,28.333,-67.2,-151,-183.3,60.2,0.0298,0.159
odysseus,arm.R.pitch,28.417,-80.4,-158.8,-183.3,60.2,0.0291,0.163
odysseus,arm.R.pitch,28.5,-168.4,-1055.9,-183.3,60.2,0.0172,0.635
odysseus,arm.R.pitch,28.583,-183.3,-179.7,-183.3,60.2,0.0127,0.08
odysseus,arm.R.pitch,28.667,-178.9,53.9,-183.3,60.2,0.0035,0.007
odysseus,arm.R.pitch,28.75,-163.9,179,-183.3,60.2,0.0097,0.061
odysseus,arm.R.pitch,28.833,-159.5,53.2,-183.3,60.2,0.0119,0.022
odysseus,arm.R.pitch,28.917,-155.7,45.4,-183.3,60.2,0.0122,0.02
odysseus,arm.R.pitch,29,-151.9,45.4,-183.3,60.2,0.0138,0.022
odysseus,arm.R.pitch,29.083,-148.2,45.4,-183.3,60.2,0.0155,0.025
odysseus,arm.R.pitch,29.167,-144.4,45.4,-183.3,60.2,0.0171,0.028
odysseus,arm.R.pitch,29.25,-135.6,105,-183.3,60.2,0.0213,0.079
odysseus,arm.R.pitch,29.333,-116.4,231.1,-183.3,60.2,0.028,0.227
odysseus,arm.R.pitch,29.417,-97.1,231.1,-183.3,60.2,0.0292,0.237
odysseus,arm.R.pitch,29.5,-88.4,105,-183.3,60.2,0.031,0.116
odysseus,arm.R.pitch,29.583,-67.9,246.1,-183.3,60.2,0.029,0.251
odysseus,arm.R.pitch,29.667,-61,82,-183.3,60.2,0.0278,0.081
odysseus,arm.R.pitch,29.75,-85.8,-297.8,-183.3,60.2,0.0341,0.357
odysseus,arm.R.pitch,29.833,-103.6,-212.7,-183.3,60.2,0.0297,0.222
odysseus,arm.R.pitch,29.917,-114.2,-127.6,-183.3,60.2,0.0279,0.126
odysseus,arm.R.pitch,30,-117.7,-42.5,-183.3,60.2,0.0271,0.042
odysseus,arm.R.pitch,30.083,-116.1,19.6,-183.3,60.2,0.0272,0.02
odysseus,arm.R.pitch,30.167,-114.5,19.6,-183.3,60.2,0.0268,0.02
odysseus,arm.R.pitch,30.25,-112.8,19.6,-183.3,60.2,0.0271,0.02
odysseus,arm.R.pitch,30.333,-111.2,19.6,-183.3,60.2,0.0274,0.02
odysseus,arm.R.pitch,30.417,-109.6,19.6,-183.3,60.2,0.0277,0.021
odysseus,arm.R.pitch,30.5,-107.9,19.6,-183.3,60.2,0.028,0.021
odysseus,arm.R.pitch,30.583,-105,34.8,-183.3,60.2,0.0286,0.036
odysseus,arm.R.pitch,30.667,-97.8,87.1,-183.3,60.2,0.0298,0.092
odysseus,arm.R.pitch,30.75,-88.4,113.2,-183.3,60.2,0.0297,0.119
odysseus,arm.R.pitch,30.833,-78.9,113.2,-183.3,60.2,0.0289,0.116
odysseus,arm.R.pitch,30.917,-71.7,87.1,-183.3,60.2,0.0283,0.088
odysseus,arm.R.pitch,31,-68.8,34.8,-183.3,60.2,0.0281,0.036
odysseus,arm.R.pitch,31.083,-68.8,0,-183.3,60.2,0.0279,0.002
odysseus,arm.R.pitch,31.583,-61,92.8,-183.3,60.2,0.0269,0.089
odysseus,arm.R.pitch,31.667,-127,-791.3,-183.3,60.2,0.0346,0.959
odysseus,arm.R.pitch,31.75,-150.4,-280.8,-183.3,60.2,0.021,0.206
odysseus,arm.R.pitch,31.833,-150.4,0,-183.3,60.2,0.0181,0.001
odysseus,arm.R.pitch,31.917,-146.1,51.1,-183.3,60.2,0.0171,0.031
odysseus,arm.R.pitch,32,-143.5,30.9,-183.3,60.2,0.0177,0.02
odysseus,arm.R.pitch,32.083,-140.9,30.9,-183.3,60.2,0.0185,0.021
odysseus,arm.R.pitch,32.167,-138.4,30.9,-183.3,60.2,0.0196,0.022
odysseus,arm.R.pitch,32.25,-135.8,30.9,-183.3,60.2,0.0205,0.023
odysseus,arm.R.pitch,32.333,-133.2,30.9,-183.3,60.2,0.0214,0.024
odysseus,arm.R.pitch,32.417,-130.6,30.9,-183.3,60.2,0.0223,0.025
odysseus,arm.R.pitch,32.5,-126.1,55,-183.3,60.2,0.0241,0.047
odysseus,arm.R.pitch,32.583,-114.6,137.5,-183.3,60.2,0.0278,0.135
odysseus,arm.R.pitch,32.667,-99.7,178.8,-183.3,60.2,0.0295,0.186
odysseus,arm.R.pitch,32.75,-84.8,178.8,-183.3,60.2,0.0293,0.185
odysseus,arm.R.pitch,32.833,-73.3,137.5,-183.3,60.2,0.0287,0.139
odysseus,arm.R.pitch,32.917,-68.8,55,-183.3,60.2,0.0285,0.056
odysseus,arm.R.pitch,33,-68.8,0,-183.3,60.2,0.0281,0.002
odysseus,arm.R.pitch,34.083,-72.3,-43,-183.3,60.2,0.0286,0.045
odysseus,arm.R.pitch,34.167,-80.2,-94.5,-183.3,60.2,0.0296,0.1
odysseus,arm.R.pitch,34.25,-88.1,-94.5,-183.3,60.2,0.0294,0.099
odysseus,arm.R.pitch,34.333,-91.7,-43,-183.3,60.2,0.0301,0.047
odysseus,arm.R.pitch,34.417,-80.4,134.8,-183.3,60.2,0.0313,0.149
odysseus,arm.R.pitch,34.5,-59.6,250.3,-183.3,60.2,0.0268,0.236
odysseus,arm.R.pitch,34.583,-48.4,134.8,-183.3,60.2,0.0234,0.111
odysseus,arm.R.pitch,34.667,-57.9,-114,-183.3,60.2,0.028,0.113
odysseus,arm.R.pitch,34.75,-61,-38,-183.3,60.2,0.0267,0.037
odysseus,arm.R.pitch,34.833,-127,-791.3,-183.3,60.2,0.033,0.913
odysseus,arm.R.pitch,34.917,-150.4,-280.8,-183.3,60.2,0.021,0.206
odysseus,arm.R.pitch,35,-150.4,0,-183.3,60.2,0.0181,0.001
odysseus,arm.R.pitch,35.083,-146.1,51.1,-183.3,60.2,0.0171,0.031
odysseus,arm.R.pitch,35.167,-143.5,30.9,-183.3,60.2,0.0177,0.02
odysseus,arm.R.pitch,35.25,-140.9,30.9,-183.3,60.2,0.0185,0.021
odysseus,arm.R.pitch,35.333,-138.4,30.9,-183.3,60.2,0.0196,0.022
odysseus,arm.R.pitch,35.417,-135.8,30.9,-183.3,60.2,0.0205,0.023
odysseus,arm.R.pitch,35.5,-133.2,30.9,-183.3,60.2,0.0214,0.024
odysseus,arm.R.pitch,35.583,-130.6,30.9,-183.3,60.2,0.0223,0.025
odysseus,arm.R.pitch,35.667,-126.1,55,-183.3,60.2,0.0241,0.047
odysseus,arm.R.pitch,35.75,-114.6,137.5,-183.3,60.2,0.0278,0.135
odysseus,arm.R.pitch,35.833,-99.7,178.8,-183.3,60.2,0.0295,0.186
odysseus,arm.R.pitch,35.917,-84.8,178.8,-183.3,60.2,0.0293,0.185
odysseus,arm.R.pitch,36,-73.3,137.5,-183.3,60.2,0.0287,0.139
odysseus,arm.R.pitch,36.083,-68.8,55,-183.3,60.2,0.0285,0.056
odysseus,arm.R.pitch,36.167,-68.8,0,-183.3,60.2,0.0281,0.002
odysseus,arm.R.pitch,37.25,-63,69.6,-183.3,60.2,0.0271,0.067
odysseus,arm.R.pitch,37.333,-61,23.2,-183.3,60.2,0.0263,0.023
odysseus,arm.R.pitch,37.417,-85.8,-297.8,-183.3,60.2,0.0334,0.349
odysseus,arm.R.pitch,37.5,-103.6,-212.7,-183.3,60.2,0.0297,0.222
odysseus,arm.R.pitch,37.583,-114.2,-127.6,-183.3,60.2,0.0279,0.126
odysseus,arm.R.pitch,37.667,-117.7,-42.5,-183.3,60.2,0.0271,0.042
odysseus,arm.R.pitch,37.75,-115.8,23.5,-183.3,60.2,0.0273,0.024
odysseus,arm.R.pitch,37.833,-113.8,23.5,-183.3,60.2,0.0269,0.024
odysseus,arm.R.pitch,37.917,-111.9,23.5,-183.3,60.2,0.0273,0.024
odysseus,arm.R.pitch,38,-109.9,23.5,-183.3,60.2,0.0277,0.024
odysseus,arm.R.pitch,38.083,-107.9,23.5,-183.3,60.2,0.028,0.025
odysseus,arm.R.pitch,38.167,-105,34.8,-183.3,60.2,0.0286,0.036
odysseus,arm.R.pitch,38.25,-97.8,87.1,-183.3,60.2,0.0298,0.092
odysseus,arm.R.pitch,38.333,-88.4,113.2,-183.3,60.2,0.0297,0.119
odysseus,arm.R.pitch,38.417,-78.9,113.2,-183.3,60.2,0.0289,0.116
odysseus,arm.R.pitch,38.5,-71.7,87.1,-183.3,60.2,0.0283,0.088
odysseus,arm.R.pitch,38.583,-68.8,34.8,-183.3,60.2,0.0281,0.036
odysseus,arm.R.pitch,38.667,-68.8,0,-183.3,60.2,0.0279,0.002
odysseus,arm.R.pitch,43,-68.8,0,-183.3,60.2,0.0274,0.002
odysseus,arm.R.out,0,0,0,-11.5,31.5,0,0
odysseus,arm.R.out,9.083,1.7,20.1,-11.5,31.5,0.0011,0.001
odysseus,arm.R.out,9.167,2.6,11.3,-11.5,31.5,0.0015,0.001
odysseus,arm.R.out,9.25,3,4.8,-11.5,31.5,0.0016,0
odysseus,arm.R.out,9.333,3.1,0.6,-11.5,31.5,0.0016,0
odysseus,arm.R.out,9.417,2.9,-1.3,-11.5,31.5,0.0015,0
odysseus,arm.R.out,9.5,2.9,-1,-11.5,31.5,0.0015,0
odysseus,arm.R.out,9.583,2.8,-1.1,-11.5,31.5,0.0014,0
odysseus,arm.R.out,9.667,2.7,-1.1,-11.5,31.5,0.0014,0
odysseus,arm.R.out,9.75,2.6,-1.1,-11.5,31.5,0.0013,0
odysseus,arm.R.out,9.833,2.5,-1.1,-11.5,31.5,0.0013,0
odysseus,arm.R.out,9.917,2.4,-1.1,-11.5,31.5,0.0012,0
odysseus,arm.R.out,10,2.3,-1.1,-11.5,31.5,0.0012,0
odysseus,arm.R.out,10.083,2.2,-1.1,-11.5,31.5,0.0011,0
odysseus,arm.R.out,10.167,2.1,-1.1,-11.5,31.5,0.0011,0
odysseus,arm.R.out,10.25,2,-1.9,-11.5,31.5,0.001,0
odysseus,arm.R.out,10.333,1.6,-4.8,-11.5,31.5,0.0009,0
odysseus,arm.R.out,10.417,1.1,-6.2,-11.5,31.5,0.0006,0
odysseus,arm.R.out,10.5,0.6,-6.2,-11.5,31.5,0.0003,0
odysseus,arm.R.out,10.583,0.2,-4.8,-11.5,31.5,0.0001,0
odysseus,arm.R.out,10.667,0,-1.9,-11.5,31.5,0,0
odysseus,arm.R.out,10.75,0,0,-11.5,31.5,0,0
odysseus,arm.R.out,28.25,-4.4,-53.3,-11.5,31.5,0.0029,0.006
odysseus,arm.R.out,28.333,0,53.1,-11.5,31.5,0.0013,0.002
odysseus,arm.R.out,28.417,2.5,29.9,-11.5,31.5,0.0016,0.002
odysseus,arm.R.out,28.5,3.5,12.7,-11.5,31.5,0.002,0.001
odysseus,arm.R.out,28.583,3.7,1.5,-11.5,31.5,0.002,0
odysseus,arm.R.out,28.667,3.4,-3.5,-11.5,31.5,0.0018,0
odysseus,arm.R.out,28.75,3.2,-2.5,-11.5,31.5,0.0016,0
odysseus,arm.R.out,28.833,3,-1.9,-11.5,31.5,0.0015,0
odysseus,arm.R.out,28.917,2.8,-1.9,-11.5,31.5,0.0015,0
odysseus,arm.R.out,29,2.7,-1.9,-11.5,31.5,0.0014,0
odysseus,arm.R.out,29.083,2.5,-1.9,-11.5,31.5,0.0013,0
odysseus,arm.R.out,29.167,2.4,-1.9,-11.5,31.5,0.0012,0
odysseus,arm.R.out,29.25,2.1,-3.3,-11.5,31.5,0.0011,0
odysseus,arm.R.out,29.333,1.5,-7.2,-11.5,31.5,0.0008,0
odysseus,arm.R.out,29.417,0.9,-7.2,-11.5,31.5,0.0005,0
odysseus,arm.R.out,29.5,0.6,-3.3,-11.5,31.5,0.0004,0
odysseus,arm.R.out,29.583,5.5,58.3,-11.5,31.5,0.0036,0.007
odysseus,arm.R.out,29.667,9.4,47.7,-11.5,31.5,0.005,0.008
odysseus,arm.R.out,29.75,12.5,37.1,-11.5,31.5,0.0065,0.009
odysseus,arm.R.out,29.833,14.7,26.5,-11.5,31.5,0.0076,0.007
odysseus,arm.R.out,29.917,16.1,15.9,-11.5,31.5,0.0083,0.005
odysseus,arm.R.out,30,16.5,5.3,-11.5,31.5,0.0085,0.002
odysseus,arm.R.out,30.083,15.8,-8.3,-11.5,31.5,0.0082,0.002
odysseus,arm.R.out,30.167,15.1,-8.3,-11.5,31.5,0.0077,0.002
odysseus,arm.R.out,30.25,14.4,-8.3,-11.5,31.5,0.0073,0.002
odysseus,arm.R.out,30.333,13.8,-8.3,-11.5,31.5,0.007,0.002
odysseus,arm.R.out,30.417,13.1,-8.3,-11.5,31.5,0.0067,0.002
odysseus,arm.R.out,30.5,12.4,-8.3,-11.5,31.5,0.0063,0.002
odysseus,arm.R.out,30.583,11.5,-11,-11.5,31.5,0.0059,0.002
odysseus,arm.R.out,30.667,9.2,-27.5,-11.5,31.5,0.0049,0.005
odysseus,arm.R.out,30.75,6.2,-35.8,-11.5,31.5,0.0033,0.004
odysseus,arm.R.out,30.833,3.2,-35.8,-11.5,31.5,0.0016,0.002
odysseus,arm.R.out,30.917,0.9,-27.5,-11.5,31.5,0.0006,0.001
odysseus,arm.R.out,31,0,-11,-11.5,31.5,0.0002,0
odysseus,arm.R.out,31.083,0,0,-11.5,31.5,0.0001,0
odysseus,arm.R.out,31.583,1.7,20.6,-11.5,31.5,0.0011,0.001
odysseus,arm.R.out,31.667,2.5,9.9,-11.5,31.5,0.0014,0
odysseus,arm.R.out,31.75,2.8,2.6,-11.5,31.5,0.0015,0
odysseus,arm.R.out,31.833,2.7,-1,-11.5,31.5,0.0014,0
odysseus,arm.R.out,31.917,2.6,-1.1,-11.5,31.5,0.0013,0
odysseus,arm.R.out,32,2.5,-1.3,-11.5,31.5,0.0013,0
odysseus,arm.R.out,32.083,2.4,-1.3,-11.5,31.5,0.0012,0
odysseus,arm.R.out,32.167,2.3,-1.3,-11.5,31.5,0.0012,0
odysseus,arm.R.out,32.25,2.2,-1.3,-11.5,31.5,0.0011,0
odysseus,arm.R.out,32.333,2,-1.3,-11.5,31.5,0.001,0
odysseus,arm.R.out,32.417,1.9,-1.3,-11.5,31.5,0.001,0
odysseus,arm.R.out,32.5,1.8,-1.7,-11.5,31.5,0.0009,0
odysseus,arm.R.out,32.583,1.4,-4.3,-11.5,31.5,0.0008,0
odysseus,arm.R.out,32.667,1,-5.6,-11.5,31.5,0.0005,0
odysseus,arm.R.out,32.75,0.5,-5.6,-11.5,31.5,0.0003,0
odysseus,arm.R.out,32.833,0.1,-4.3,-11.5,31.5,0.0001,0
odysseus,arm.R.out,32.917,0,-1.7,-11.5,31.5,0,0
odysseus,arm.R.out,33,0,0,-11.5,31.5,0,0
odysseus,arm.R.out,34.667,1.5,18,-11.5,31.5,0.001,0.001
odysseus,arm.R.out,34.75,2.3,10.1,-11.5,31.5,0.0013,0
odysseus,arm.R.out,34.833,2.7,4.3,-11.5,31.5,0.0015,0
odysseus,arm.R.out,34.917,2.8,0.5,-11.5,31.5,0.0015,0
odysseus,arm.R.out,35,2.6,-1.2,-11.5,31.5,0.0014,0
odysseus,arm.R.out,35.083,2.6,-0.9,-11.5,31.5,0.0013,0
odysseus,arm.R.out,35.167,2.5,-1.3,-11.5,31.5,0.0013,0
odysseus,arm.R.out,35.25,2.4,-1.3,-11.5,31.5,0.0012,0
odysseus,arm.R.out,35.333,2.3,-1.3,-11.5,31.5,0.0012,0
odysseus,arm.R.out,35.417,2.2,-1.3,-11.5,31.5,0.0011,0
odysseus,arm.R.out,35.5,2,-1.3,-11.5,31.5,0.001,0
odysseus,arm.R.out,35.583,1.9,-1.3,-11.5,31.5,0.001,0
odysseus,arm.R.out,35.667,1.8,-1.7,-11.5,31.5,0.0009,0
odysseus,arm.R.out,35.75,1.4,-4.3,-11.5,31.5,0.0008,0
odysseus,arm.R.out,35.833,1,-5.6,-11.5,31.5,0.0005,0
odysseus,arm.R.out,35.917,0.5,-5.6,-11.5,31.5,0.0003,0
odysseus,arm.R.out,36,0.1,-4.3,-11.5,31.5,0.0001,0
odysseus,arm.R.out,36.083,0,-1.7,-11.5,31.5,0,0
odysseus,arm.R.out,36.167,0,0,-11.5,31.5,0,0
odysseus,arm.R.out,37.25,5,60.5,-11.5,31.5,0.0033,0.007
odysseus,arm.R.out,37.333,9.2,49.5,-11.5,31.5,0.0048,0.008
odysseus,arm.R.out,37.417,12.4,38.5,-11.5,31.5,0.0064,0.009
odysseus,arm.R.out,37.5,14.7,27.5,-11.5,31.5,0.0076,0.007
odysseus,arm.R.out,37.583,16,16.5,-11.5,31.5,0.0083,0.005
odysseus,arm.R.out,37.667,16.5,5.5,-11.5,31.5,0.0085,0.002
odysseus,arm.R.out,37.75,15.7,-9.9,-11.5,31.5,0.0081,0.003
odysseus,arm.R.out,37.833,14.9,-9.9,-11.5,31.5,0.0075,0.003
odysseus,arm.R.out,37.917,14,-9.9,-11.5,31.5,0.0071,0.003
odysseus,arm.R.out,38,13.2,-9.9,-11.5,31.5,0.0067,0.002
odysseus,arm.R.out,38.083,12.4,-9.9,-11.5,31.5,0.0063,0.002
odysseus,arm.R.out,38.167,11.5,-11,-11.5,31.5,0.0059,0.002
odysseus,arm.R.out,38.25,9.2,-27.5,-11.5,31.5,0.0049,0.005
odysseus,arm.R.out,38.333,6.2,-35.8,-11.5,31.5,0.0033,0.004
odysseus,arm.R.out,38.417,3.2,-35.8,-11.5,31.5,0.0016,0.002
odysseus,arm.R.out,38.5,0.9,-27.5,-11.5,31.5,0.0006,0.001
odysseus,arm.R.out,38.583,0,-11,-11.5,31.5,0.0002,0
odysseus,arm.R.out,38.667,0,0,-11.5,31.5,0.0001,0
odysseus,arm.R.out,43,0,0,-11.5,31.5,0,0
odysseus,arm.L.pitch,0,0,0,-183.3,60.2,0,0
odysseus,arm.L.pitch,0.667,-1.5,-18.4,-183.3,60.2,0.001,0.001
odysseus,arm.L.pitch,0.75,-5.7,-49.8,-183.3,60.2,0.0033,0.006
odysseus,arm.L.pitch,0.833,-11.8,-73.4,-183.3,60.2,0.0063,0.016
odysseus,arm.L.pitch,0.917,-19.2,-89.2,-183.3,60.2,0.0099,0.031
odysseus,arm.L.pitch,1,-27.3,-97,-183.3,60.2,0.0136,0.046
odysseus,arm.L.pitch,1.083,-35.4,-97,-183.3,60.2,0.017,0.058
odysseus,arm.L.pitch,1.167,-42.8,-89.2,-183.3,60.2,0.0201,0.063
odysseus,arm.L.pitch,1.25,-48.9,-73.4,-183.3,60.2,0.0224,0.058
odysseus,arm.L.pitch,1.333,-53.1,-49.8,-183.3,60.2,0.0238,0.043
odysseus,arm.L.pitch,1.417,-54.6,-18.4,-183.3,60.2,0.0244,0.017
odysseus,arm.L.pitch,1.5,-54.7,-0.6,-183.3,60.2,0.0242,0.002
odysseus,arm.L.pitch,1.583,-54.8,-1.8,-183.3,60.2,0.0241,0.003
odysseus,arm.L.pitch,1.667,-55.1,-2.8,-183.3,60.2,0.0241,0.004
odysseus,arm.L.pitch,1.75,-55.4,-3.7,-183.3,60.2,0.0242,0.004
odysseus,arm.L.pitch,1.833,-55.8,-4.5,-183.3,60.2,0.0243,0.005
odysseus,arm.L.pitch,1.917,-56.2,-5.2,-183.3,60.2,0.0245,0.006
odysseus,arm.L.pitch,2,-56.7,-5.7,-183.3,60.2,0.0246,0.006
odysseus,arm.L.pitch,2.083,-57.2,-6.2,-183.3,60.2,0.0247,0.007
odysseus,arm.L.pitch,2.167,-57.7,-6.5,-183.3,60.2,0.0249,0.007
odysseus,arm.L.pitch,2.25,-58.3,-6.6,-183.3,60.2,0.025,0.007
odysseus,arm.L.pitch,2.333,-58.8,-6.7,-183.3,60.2,0.0252,0.007
odysseus,arm.L.pitch,2.417,-59.4,-6.6,-183.3,60.2,0.0253,0.007
odysseus,arm.L.pitch,2.5,-59.9,-6.5,-183.3,60.2,0.0255,0.007
odysseus,arm.L.pitch,2.583,-60.4,-6.2,-183.3,60.2,0.0256,0.007
odysseus,arm.L.pitch,2.667,-60.9,-5.7,-183.3,60.2,0.0257,0.006
odysseus,arm.L.pitch,2.75,-61.3,-5.2,-183.3,60.2,0.0258,0.006
odysseus,arm.L.pitch,2.833,-61.7,-4.5,-183.3,60.2,0.0259,0.005
odysseus,arm.L.pitch,2.917,-62,-3.7,-183.3,60.2,0.026,0.005
odysseus,arm.L.pitch,3,-62.3,-2.8,-183.3,60.2,0.0261,0.004
odysseus,arm.L.pitch,3.083,-62.4,-1.8,-183.3,60.2,0.0261,0.003
odysseus,arm.L.pitch,3.167,-62.5,-0.6,-183.3,60.2,0.0261,0.002
odysseus,arm.L.pitch,3.25,-62.5,0,-183.3,60.2,0.0261,0.001
odysseus,arm.L.pitch,5.583,-61.8,0.7,-183.3,60.2,0.026,0.002
odysseus,arm.L.pitch,5.667,-61.7,1.2,-183.3,60.2,0.0259,0.002
odysseus,arm.L.pitch,5.75,-61.6,1.6,-183.3,60.2,0.0259,0.003
odysseus,arm.L.pitch,5.833,-61.5,1.9,-183.3,60.2,0.0259,0.003
odysseus,arm.L.pitch,5.917,-61.3,2.2,-183.3,60.2,0.0258,0.003
odysseus,arm.L.pitch,6,-61.1,2.5,-183.3,60.2,0.0258,0.004
odysseus,arm.L.pitch,6.083,-60.8,2.7,-183.3,60.2,0.0257,0.004
odysseus,arm.L.pitch,6.167,-60.6,2.8,-183.3,60.2,0.0256,0.004
odysseus,arm.L.pitch,6.25,-60.4,3,-183.3,60.2,0.0256,0.004
odysseus,arm.L.pitch,6.333,-60.1,3,-183.3,60.2,0.0255,0.004
odysseus,arm.L.pitch,6.417,-59.9,3.1,-183.3,60.2,0.0254,0.004
odysseus,arm.L.pitch,6.5,-59.6,3,-183.3,60.2,0.0254,0.004
odysseus,arm.L.pitch,6.583,-59.4,3,-183.3,60.2,0.0253,0.004
odysseus,arm.L.pitch,6.667,-59.1,2.8,-183.3,60.2,0.0253,0.004
odysseus,arm.L.pitch,6.75,-58.9,2.7,-183.3,60.2,0.0252,0.004
odysseus,arm.L.pitch,6.833,-58.7,2.5,-183.3,60.2,0.0251,0.003
odysseus,arm.L.pitch,6.917,-58.5,2.2,-183.3,60.2,0.0251,0.003
odysseus,arm.L.pitch,7,-58.3,1.9,-183.3,60.2,0.0251,0.003
odysseus,arm.L.pitch,7.083,-58.2,1.6,-183.3,60.2,0.025,0.003
odysseus,arm.L.pitch,7.167,-58.1,1.2,-183.3,60.2,0.025,0.002
odysseus,arm.L.pitch,7.25,-58.1,0.7,-183.3,60.2,0.025,0.002
odysseus,arm.L.pitch,7.333,-58,0.3,-183.3,60.2,0.025,0.001
odysseus,arm.L.pitch,26.833,-57.8,2.8,-183.3,60.2,0.0249,0.004
odysseus,arm.L.pitch,26.917,-44.4,160.5,-183.3,60.2,0.0226,0.128
odysseus,arm.L.pitch,27,-15.8,342.9,-183.3,60.2,0.0103,0.124
odysseus,arm.L.pitch,27.083,3.1,226.9,-183.3,60.2,0.003,0.024
odysseus,arm.L.pitch,27.167,7.4,51.5,-183.3,60.2,0.006,0.011
odysseus,arm.L.pitch,27.25,-3.2,-126.6,-183.3,60.2,0.0039,0.017
odysseus,arm.L.pitch,27.333,-19.9,-200.7,-183.3,60.2,0.011,0.077
odysseus,arm.L.pitch,27.417,-29.4,-113.2,-183.3,60.2,0.0155,0.062
odysseus,arm.L.pitch,27.5,-26.8,30.9,-183.3,60.2,0.0151,0.017
odysseus,arm.L.pitch,27.583,-13.3,161.9,-183.3,60.2,0.0084,0.048
odysseus,arm.L.pitch,27.667,4.1,208.8,-183.3,60.2,0.0027,0.02
odysseus,arm.L.pitch,27.75,15.9,141.3,-183.3,60.2,0.0089,0.044
odysseus,arm.L.pitch,27.833,15.2,-8.4,-183.3,60.2,0.0096,0.003
odysseus,arm.L.pitch,27.917,1.8,-160.4,-183.3,60.2,0.0028,0.016
odysseus,arm.L.pitch,28,-17.6,-233.5,-183.3,60.2,0.0098,0.08
odysseus,arm.L.pitch,28.083,-33.6,-191.4,-183.3,60.2,0.0168,0.113
odysseus,arm.L.pitch,28.167,-38.7,-61.3,-183.3,60.2,0.02,0.044
odysseus,arm.L.pitch,28.25,-97.9,-710.6,-183.3,60.2,0.0373,0.928
odysseus,arm.L.pitch,28.333,-106.4,-102.5,-183.3,60.2,0.0359,0.131
odysseus,arm.L.pitch,28.417,-91.1,184.7,-183.3,60.2,0.033,0.215
odysseus,arm.L.pitch,28.5,-77.6,162.1,-183.3,60.2,0.029,0.166
odysseus,arm.L.pitch,28.583,-78.6,-13.1,-183.3,60.2,0.0311,0.016
odysseus,arm.L.pitch,28.667,-93.1,-173.7,-183.3,60.2,0.0314,0.192
odysseus,arm.L.pitch,28.75,-102.2,-108.7,-183.3,60.2,0.0296,0.114
odysseus,arm.L.pitch,28.833,-102.6,-5.1,-183.3,60.2,0.03,0.007
odysseus,arm.L.pitch,28.917,-102.4,2,-183.3,60.2,0.0288,0.004
odysseus,arm.L.pitch,29,-102.2,2.4,-183.3,60.2,0.0288,0.004
odysseus,arm.L.pitch,29.083,-102,2.8,-183.3,60.2,0.0288,0.004
odysseus,arm.L.pitch,29.167,-101.7,3.1,-183.3,60.2,0.0288,0.005
odysseus,arm.L.pitch,29.25,-101.5,3.5,-183.3,60.2,0.0288,0.005
odysseus,arm.L.pitch,29.333,-101.1,3.8,-183.3,60.2,0.0289,0.006
odysseus,arm.L.pitch,29.417,-100.8,4.1,-183.3,60.2,0.0289,0.006
odysseus,arm.L.pitch,29.5,-100.4,4.5,-183.3,60.2,0.0289,0.006
odysseus,arm.L.pitch,29.583,-100,4.8,-183.3,60.2,0.029,0.006
odysseus,arm.L.pitch,29.667,-99.6,5,-183.3,60.2,0.029,0.007
odysseus,arm.L.pitch,29.75,-99.2,5.3,-183.3,60.2,0.0291,0.007
odysseus,arm.L.pitch,29.833,-98.7,5.6,-183.3,60.2,0.0291,0.007
odysseus,arm.L.pitch,29.917,-98.2,5.8,-183.3,60.2,0.0291,0.008
odysseus,arm.L.pitch,30,-97.7,6,-183.3,60.2,0.0292,0.008
odysseus,arm.L.pitch,30.083,-97.2,6.3,-183.3,60.2,0.0292,0.008
odysseus,arm.L.pitch,30.167,-96.7,6.5,-183.3,60.2,0.0292,0.008
odysseus,arm.L.pitch,30.25,-96.1,6.6,-183.3,60.2,0.0293,0.008
odysseus,arm.L.pitch,30.333,-95.5,6.8,-183.3,60.2,0.0293,0.009
odysseus,arm.L.pitch,30.417,-95,7,-183.3,60.2,0.0293,0.009
odysseus,arm.L.pitch,30.5,-94.4,7.1,-183.3,60.2,0.0293,0.009
odysseus,arm.L.pitch,30.583,-93.8,7.2,-183.3,60.2,0.0294,0.009
odysseus,arm.L.pitch,30.667,-93.1,7.3,-183.3,60.2,0.0294,0.009
odysseus,arm.L.pitch,30.75,-92.5,7.4,-183.3,60.2,0.0294,0.009
odysseus,arm.L.pitch,30.833,-91.9,7.5,-183.3,60.2,0.0294,0.009
odysseus,arm.L.pitch,30.917,-91.3,7.6,-183.3,60.2,0.0294,0.01
odysseus,arm.L.pitch,31,-90.6,7.7,-183.3,60.2,0.0294,0.01
odysseus,arm.L.pitch,31.083,-90,7.7,-183.3,60.2,0.0294,0.01
odysseus,arm.L.pitch,31.167,-89.3,7.7,-183.3,60.2,0.0294,0.01
odysseus,arm.L.pitch,31.25,-88.7,7.7,-183.3,60.2,0.0294,0.01
odysseus,arm.L.pitch,31.333,-88,7.7,-183.3,60.2,0.0294,0.01
odysseus,arm.L.pitch,31.417,-87.4,7.7,-183.3,60.2,0.0294,0.01
odysseus,arm.L.pitch,31.5,-86.8,7.7,-183.3,60.2,0.0294,0.01
odysseus,arm.L.pitch,31.583,-86.1,7.7,-183.3,60.2,0.0294,0.01
odysseus,arm.L.pitch,31.667,-85.5,7.6,-183.3,60.2,0.0293,0.01
odysseus,arm.L.pitch,31.75,-84.9,7.5,-183.3,60.2,0.0293,0.009
odysseus,arm.L.pitch,31.833,-84.2,7.4,-183.3,60.2,0.0293,0.009
odysseus,arm.L.pitch,31.917,-83.6,7.3,-183.3,60.2,0.0292,0.009
odysseus,arm.L.pitch,32,-83,7.2,-183.3,60.2,0.0292,0.009
odysseus,arm.L.pitch,32.083,-82.4,7.1,-183.3,60.2,0.0292,0.009
odysseus,arm.L.pitch,32.167,-81.9,7,-183.3,60.2,0.0291,0.009
odysseus,arm.L.pitch,32.25,-81.3,6.8,-183.3,60.2,0.0291,0.009
odysseus,arm.L.pitch,32.333,-80.7,6.6,-183.3,60.2,0.029,0.008
odysseus,arm.L.pitch,32.417,-80.2,6.5,-183.3,60.2,0.029,0.008
odysseus,arm.L.pitch,32.5,-79.7,6.3,-183.3,60.2,0.029,0.008
odysseus,arm.L.pitch,32.583,-79.2,6,-183.3,60.2,0.0289,0.008
odysseus,arm.L.pitch,32.667,-78.7,5.8,-183.3,60.2,0.0289,0.008
odysseus,arm.L.pitch,32.75,-78.2,5.6,-183.3,60.2,0.0288,0.007
odysseus,arm.L.pitch,32.833,-77.8,5.3,-183.3,60.2,0.0288,0.007
odysseus,arm.L.pitch,32.917,-77.4,5,-183.3,60.2,0.0287,0.007
odysseus,arm.L.pitch,33,-77,4.8,-183.3,60.2,0.0287,0.006
odysseus,arm.L.pitch,33.083,-76.6,4.5,-183.3,60.2,0.0286,0.006
odysseus,arm.L.pitch,33.167,-76.2,4.1,-183.3,60.2,0.0286,0.006
odysseus,arm.L.pitch,33.25,-75.9,3.8,-183.3,60.2,0.0286,0.005
odysseus,arm.L.pitch,33.333,-75.6,3.5,-183.3,60.2,0.0285,0.005
odysseus,arm.L.pitch,33.417,-75.4,3.1,-183.3,60.2,0.0285,0.005
odysseus,arm.L.pitch,33.5,-75.1,2.8,-183.3,60.2,0.0285,0.004
odysseus,arm.L.pitch,33.583,-74.9,2.4,-183.3,60.2,0.0284,0.004
odysseus,arm.L.pitch,33.667,-74.8,2,-183.3,60.2,0.0284,0.004
odysseus,arm.L.pitch,33.75,-74.7,1.6,-183.3,60.2,0.0284,0.003
odysseus,arm.L.pitch,33.833,-74.6,1.1,-183.3,60.2,0.0284,0.003
odysseus,arm.L.pitch,33.917,-74.5,0.7,-183.3,60.2,0.0284,0.002
odysseus,arm.L.pitch,34,-74.5,0.2,-183.3,60.2,0.0284,0.002
odysseus,arm.L.pitch,34.083,-75.8,-16.1,-183.3,60.2,0.0287,0.018
odysseus,arm.L.pitch,34.167,-78.8,-35.5,-183.3,60.2,0.0291,0.038
odysseus,arm.L.pitch,34.25,-81.7,-35.5,-183.3,60.2,0.0291,0.038
odysseus,arm.L.pitch,34.333,-83.1,-16.1,-183.3,60.2,0.0295,0.018
odysseus,arm.L.pitch,34.417,-69.7,160.9,-183.3,60.2,0.0298,0.169
odysseus,arm.L.pitch,34.5,-59.2,125.1,-183.3,60.2,0.0257,0.114
odysseus,arm.L.pitch,34.583,-51.8,89.4,-183.3,60.2,0.0236,0.075
odysseus,arm.L.pitch,34.667,-47.3,53.6,-183.3,60.2,0.0221,0.042
odysseus,arm.L.pitch,34.75,-45.8,17.9,-183.3,60.2,0.0216,0.014
odysseus,arm.L.pitch,34.833,-47.4,-19.2,-183.3,60.2,0.0221,0.016
odysseus,arm.L.pitch,34.917,-51.7,-50.6,-183.3,60.2,0.0235,0.043
odysseus,arm.L.pitch,35,-57.6,-71.6,-183.3,60.2,0.0251,0.064
odysseus,arm.L.pitch,35.083,-64.5,-82,-183.3,60.2,0.0267,0.078
odysseus,arm.L.pitch,35.167,-71.3,-82,-183.3,60.2,0.0279,0.081
odysseus,arm.L.pitch,35.25,-77.3,-71.6,-183.3,60.2,0.0288,0.074
odysseus,arm.L.pitch,35.333,-81.5,-50.6,-183.3,60.2,0.0294,0.054
odysseus,arm.L.pitch,35.417,-83.1,-19.2,-183.3,60.2,0.0296,0.022
odysseus,arm.L.pitch,35.5,-69.7,160.9,-183.3,60.2,0.0299,0.169
odysseus,arm.L.pitch,35.583,-59.2,125.1,-183.3,60.2,0.0257,0.114
odysseus,arm.L.pitch,35.667,-51.8,89.4,-183.3,60.2,0.0236,0.075
odysseus,arm.L.pitch,35.75,-47.3,53.6,-183.3,60.2,0.0221,0.042
odysseus,arm.L.pitch,35.833,-45.8,17.9,-183.3,60.2,0.0216,0.014
odysseus,arm.L.pitch,35.917,-47.9,-24.8,-183.3,60.2,0.0224,0.02
odysseus,arm.L.pitch,36,-53.2,-63.8,-183.3,60.2,0.0241,0.055
odysseus,arm.L.pitch,36.083,-60.5,-87.3,-183.3,60.2,0.0259,0.08
odysseus,arm.L.pitch,36.167,-68.4,-95.1,-183.3,60.2,0.0275,0.093
odysseus,arm.L.pitch,36.25,-75.7,-87.3,-183.3,60.2,0.0286,0.089
odysseus,arm.L.pitch,36.333,-81,-63.8,-183.3,60.2,0.0294,0.067
odysseus,arm.L.pitch,36.417,-83.1,-24.8,-183.3,60.2,0.0297,0.027
odysseus,arm.L.pitch,36.5,-71.7,136.6,-183.3,60.2,0.03,0.145
odysseus,arm.L.pitch,36.583,-62.4,111.7,-183.3,60.2,0.0264,0.104
odysseus,arm.L.pitch,36.667,-55.1,86.9,-183.3,60.2,0.0245,0.075
odysseus,arm.L.pitch,36.75,-50,62.1,-183.3,60.2,0.0228,0.051
odysseus,arm.L.pitch,36.833,-46.9,37.2,-183.3,60.2,0.0218,0.029
odysseus,arm.L.pitch,36.917,-45.8,12.4,-183.3,60.2,0.0214,0.01
odysseus,arm.L.pitch,37,-47.9,-24.8,-183.3,60.2,0.0223,0.02
odysseus,arm.L.pitch,37.083,-53.2,-63.8,-183.3,60.2,0.0241,0.055
odysseus,arm.L.pitch,37.167,-60.5,-87.3,-183.3,60.2,0.0259,0.08
odysseus,arm.L.pitch,37.25,-68.4,-95.1,-183.3,60.2,0.0275,0.093
odysseus,arm.L.pitch,37.333,-75.7,-87.3,-183.3,60.2,0.0286,0.089
odysseus,arm.L.pitch,37.417,-81,-63.8,-183.3,60.2,0.0294,0.067
odysseus,arm.L.pitch,37.5,-83.1,-24.8,-183.3,60.2,0.0297,0.027
odysseus,arm.L.pitch,37.583,-69.7,160.9,-183.3,60.2,0.0299,0.17
odysseus,arm.L.pitch,37.667,-59.2,125.1,-183.3,60.2,0.0257,0.114
odysseus,arm.L.pitch,37.75,-51.8,89.4,-183.3,60.2,0.0236,0.075
odysseus,arm.L.pitch,37.833,-47.3,53.6,-183.3,60.2,0.0221,0.042
odysseus,arm.L.pitch,37.917,-45.8,17.9,-183.3,60.2,0.0216,0.014
odysseus,arm.L.pitch,38,-43.7,25.5,-183.3,60.2,0.0204,0.019
odysseus,arm.L.pitch,38.083,-38.4,63.7,-183.3,60.2,0.0188,0.042
odysseus,arm.L.pitch,38.167,-31.5,82.8,-183.3,60.2,0.0156,0.046
odysseus,arm.L.pitch,38.25,-24.6,82.8,-183.3,60.2,0.0123,0.036
odysseus,arm.L.pitch,38.333,-19.3,63.7,-183.3,60.2,0.01,0.022
odysseus,arm.L.pitch,38.417,-17.2,25.5,-183.3,60.2,0.0092,0.008
odysseus,arm.L.pitch,38.5,-17.2,0,-183.3,60.2,0.009,0
odysseus,arm.L.pitch,43,-17.2,0,-183.3,60.2,0.0087,0
odysseus,arm.L.out,0,0,0,-11.5,31.5,0,0
odysseus,arm.L.out,28.25,-4.4,-53.3,-11.5,31.5,0.0029,0.006
odysseus,arm.L.out,28.333,-6,-18.9,-11.5,31.5,0.0035,0.002
odysseus,arm.L.out,28.417,-6,0,-11.5,31.5,0.0033,0
odysseus,arm.L.out,28.5,-5.7,3.4,-11.5,31.5,0.003,0
odysseus,arm.L.out,28.583,-5.7,0,-11.5,31.5,0.003,0
odysseus,arm.L.out,29.167,-5.5,0.5,-11.5,31.5,0.0028,0
odysseus,arm.L.out,29.25,-5.5,0.6,-11.5,31.5,0.0028,0
odysseus,arm.L.out,29.333,-5.4,0.7,-11.5,31.5,0.0028,0
odysseus,arm.L.out,29.417,-5.4,0.7,-11.5,31.5,0.0028,0
odysseus,arm.L.out,29.5,-5.3,0.8,-11.5,31.5,0.0027,0
odysseus,arm.L.out,29.583,-5.2,0.8,-11.5,31.5,0.0027,0
odysseus,arm.L.out,29.667,-5.2,0.9,-11.5,31.5,0.0026,0
odysseus,arm.L.out,29.75,-5.1,0.9,-11.5,31.5,0.0026,0
odysseus,arm.L.out,29.833,-5,1,-11.5,31.5,0.0026,0
odysseus,arm.L.out,29.917,-4.9,1,-11.5,31.5,0.0025,0
odysseus,arm.L.out,30,-4.8,1.1,-11.5,31.5,0.0025,0
odysseus,arm.L.out,30.083,-4.7,1.1,-11.5,31.5,0.0024,0
odysseus,arm.L.out,30.167,-4.6,1.1,-11.5,31.5,0.0024,0
odysseus,arm.L.out,30.25,-4.6,1.2,-11.5,31.5,0.0023,0
odysseus,arm.L.out,30.333,-4.5,1.2,-11.5,31.5,0.0023,0
odysseus,arm.L.out,30.417,-4.3,1.2,-11.5,31.5,0.0022,0
odysseus,arm.L.out,30.5,-4.2,1.3,-11.5,31.5,0.0022,0
odysseus,arm.L.out,30.583,-4.1,1.3,-11.5,31.5,0.0021,0
odysseus,arm.L.out,30.667,-4,1.3,-11.5,31.5,0.0021,0
odysseus,arm.L.out,30.75,-3.9,1.3,-11.5,31.5,0.002,0
odysseus,arm.L.out,30.833,-3.8,1.4,-11.5,31.5,0.002,0
odysseus,arm.L.out,30.917,-3.7,1.4,-11.5,31.5,0.0019,0
odysseus,arm.L.out,31,-3.6,1.4,-11.5,31.5,0.0018,0
odysseus,arm.L.out,31.083,-3.5,1.4,-11.5,31.5,0.0018,0
odysseus,arm.L.out,31.167,-3.3,1.4,-11.5,31.5,0.0017,0
odysseus,arm.L.out,31.25,-3.2,1.4,-11.5,31.5,0.0017,0
odysseus,arm.L.out,31.333,-3.1,1.4,-11.5,31.5,0.0016,0
odysseus,arm.L.out,31.417,-3,1.4,-11.5,31.5,0.0015,0
odysseus,arm.L.out,31.5,-2.9,1.4,-11.5,31.5,0.0015,0
odysseus,arm.L.out,31.583,-2.7,1.4,-11.5,31.5,0.0014,0
odysseus,arm.L.out,31.667,-2.6,1.4,-11.5,31.5,0.0013,0
odysseus,arm.L.out,31.75,-2.5,1.4,-11.5,31.5,0.0013,0
odysseus,arm.L.out,31.833,-2.4,1.4,-11.5,31.5,0.0012,0
odysseus,arm.L.out,31.917,-2.3,1.4,-11.5,31.5,0.0012,0
odysseus,arm.L.out,32,-2.2,1.4,-11.5,31.5,0.0011,0
odysseus,arm.L.out,32.083,-2,1.4,-11.5,31.5,0.001,0
odysseus,arm.L.out,32.167,-1.9,1.4,-11.5,31.5,0.001,0
odysseus,arm.L.out,32.25,-1.8,1.4,-11.5,31.5,0.0009,0
odysseus,arm.L.out,32.333,-1.7,1.3,-11.5,31.5,0.0009,0
odysseus,arm.L.out,32.417,-1.6,1.3,-11.5,31.5,0.0008,0
odysseus,arm.L.out,32.5,-1.5,1.3,-11.5,31.5,0.0008,0
odysseus,arm.L.out,32.583,-1.4,1.3,-11.5,31.5,0.0007,0
odysseus,arm.L.out,32.667,-1.3,1.2,-11.5,31.5,0.0007,0
odysseus,arm.L.out,32.75,-1.2,1.2,-11.5,31.5,0.0006,0
odysseus,arm.L.out,32.833,-1.1,1.2,-11.5,31.5,0.0006,0
odysseus,arm.L.out,32.917,-1,1.1,-11.5,31.5,0.0005,0
odysseus,arm.L.out,33,-0.9,1.1,-11.5,31.5,0.0005,0
odysseus,arm.L.out,33.083,-0.8,1.1,-11.5,31.5,0.0004,0
odysseus,arm.L.out,33.167,-0.7,1,-11.5,31.5,0.0004,0
odysseus,arm.L.out,33.25,-0.6,1,-11.5,31.5,0.0003,0
odysseus,arm.L.out,33.333,-0.6,0.9,-11.5,31.5,0.0003,0
odysseus,arm.L.out,33.417,-0.5,0.9,-11.5,31.5,0.0003,0
odysseus,arm.L.out,33.5,-0.4,0.8,-11.5,31.5,0.0002,0
odysseus,arm.L.out,33.583,-0.4,0.8,-11.5,31.5,0.0002,0
odysseus,arm.L.out,33.667,-0.3,0.7,-11.5,31.5,0.0002,0
odysseus,arm.L.out,33.75,-0.2,0.7,-11.5,31.5,0.0001,0
odysseus,arm.L.out,33.833,-0.2,0.6,-11.5,31.5,0.0001,0
odysseus,arm.L.out,33.917,-0.2,0.5,-11.5,31.5,0.0001,0
odysseus,arm.L.out,34,-0.1,0.5,-11.5,31.5,0.0001,0
odysseus,arm.L.out,43,0,0,-11.5,31.5,0,0
odysseus,hand.R.roll,0,0,0,-74.5,74.5,0,0
odysseus,hand.R.roll,29.583,1.1,13.3,-74.5,74.5,0,0
odysseus,hand.R.roll,29.667,4,35,-74.5,74.5,0,0
odysseus,hand.R.roll,29.75,8.2,49.6,-74.5,74.5,0,0
odysseus,hand.R.roll,29.833,12.9,56.8,-74.5,74.5,0,0
odysseus,hand.R.roll,29.917,17.6,56.8,-74.5,74.5,0,0
odysseus,hand.R.roll,30,21.8,49.6,-74.5,74.5,0,0
odysseus,hand.R.roll,30.083,24.7,35,-74.5,74.5,0,0
odysseus,hand.R.roll,30.167,25.8,13.3,-74.5,74.5,0,0
odysseus,hand.R.roll,30.25,25.1,-8.7,-74.5,74.5,0,0
odysseus,hand.R.roll,30.333,23.1,-23.5,-74.5,74.5,0,0
odysseus,hand.R.roll,30.417,20.2,-34.7,-74.5,74.5,0,0
odysseus,hand.R.roll,30.5,16.7,-42.1,-74.5,74.5,0,0
odysseus,hand.R.roll,30.583,12.9,-45.8,-74.5,74.5,0,0
odysseus,hand.R.roll,30.667,9.1,-45.8,-74.5,74.5,0,0
odysseus,hand.R.roll,30.75,5.6,-42.1,-74.5,74.5,0,0
odysseus,hand.R.roll,30.833,2.7,-34.7,-74.5,74.5,0,0
odysseus,hand.R.roll,30.917,0.7,-23.5,-74.5,74.5,0,0
odysseus,hand.R.roll,31,0,-8.7,-74.5,74.5,0,0
odysseus,hand.R.roll,31.083,0,0,-74.5,74.5,0,0
odysseus,hand.R.roll,37.25,1.1,13.3,-74.5,74.5,0,0
odysseus,hand.R.roll,37.333,4,35,-74.5,74.5,0,0
odysseus,hand.R.roll,37.417,8.2,49.6,-74.5,74.5,0,0
odysseus,hand.R.roll,37.5,12.9,56.8,-74.5,74.5,0,0
odysseus,hand.R.roll,37.583,17.6,56.8,-74.5,74.5,0,0
odysseus,hand.R.roll,37.667,21.8,49.6,-74.5,74.5,0,0
odysseus,hand.R.roll,37.75,24.7,35,-74.5,74.5,0,0
odysseus,hand.R.roll,37.833,25.8,13.3,-74.5,74.5,0,0
odysseus,hand.R.roll,37.917,24.9,-10.6,-74.5,74.5,0,0
odysseus,hand.R.roll,38,22.5,-28.4,-74.5,74.5,0,0
odysseus,hand.R.roll,38.083,19.1,-41.2,-74.5,74.5,0,0
odysseus,hand.R.roll,38.167,15,-48.8,-74.5,74.5,0,0
odysseus,hand.R.roll,38.25,10.8,-51.4,-74.5,74.5,0,0
odysseus,hand.R.roll,38.333,6.7,-48.8,-74.5,74.5,0,0
odysseus,hand.R.roll,38.417,3.3,-41.2,-74.5,74.5,0,0
odysseus,hand.R.roll,38.5,0.9,-28.4,-74.5,74.5,0,0
odysseus,hand.R.roll,38.583,0,-10.6,-74.5,74.5,0,0
odysseus,hand.R.roll,38.667,0,0,-74.5,74.5,0,0
odysseus,hand.R.roll,43,0,0,-74.5,74.5,0,0
odysseus,hand.L.roll,0,0,0,-74.5,74.5,0,0
odysseus,hand.L.roll,43,0,0,-74.5,74.5,0,0
odysseus,leg.R.pitch,0,0,0,-91.7,54.4,0,0
odysseus,leg.R.pitch,26.833,0.3,3.9,-91.7,54.4,0.0005,0
odysseus,leg.R.pitch,26.917,10.4,120.8,-91.7,54.4,0.0164,0.07
odysseus,leg.R.pitch,27,29.8,233.4,-91.7,54.4,0.038,0.313
odysseus,leg.R.pitch,27.083,32.1,27.1,-91.7,54.4,0.0435,0.045
odysseus,leg.R.pitch,27.167,18,-169,-91.7,54.4,0.0279,0.166
odysseus,leg.R.pitch,27.25,-5,-276.7,-91.7,54.4,0.0097,0.094
odysseus,leg.R.pitch,27.333,-28.3,-279.3,-91.7,54.4,0.0327,0.321
odysseus,leg.R.pitch,27.417,-41.6,-159,-91.7,54.4,0.0497,0.281
odysseus,leg.R.pitch,27.5,-38.3,39.3,-91.7,54.4,0.0493,0.073
odysseus,leg.R.pitch,27.583,-20,219.6,-91.7,54.4,0.0296,0.229
odysseus,leg.R.pitch,27.667,3.7,284.1,-91.7,54.4,0.0066,0.066
odysseus,leg.R.pitch,27.75,19.6,190.9,-91.7,54.4,0.0262,0.176
odysseus,leg.R.pitch,27.833,18.3,-15.3,-91.7,54.4,0.0286,0.017
odysseus,leg.R.pitch,27.917,-0.4,-224.7,-91.7,54.4,0.0076,0.06
odysseus,leg.R.pitch,28,-27.5,-325.3,-91.7,54.4,0.0352,0.402
odysseus,leg.R.pitch,28.083,-49.8,-267.2,-91.7,54.4,0.0544,0.514
odysseus,leg.R.pitch,28.167,-62.1,-147.9,-91.7,54.4,0.0648,0.343
odysseus,leg.R.pitch,28.25,-67.5,-64.5,-91.7,54.4,0.0663,0.158
odysseus,leg.R.pitch,28.333,-38.4,348.8,-91.7,54.4,0.0568,0.698
odysseus,leg.R.pitch,28.417,-8.8,355.1,-91.7,54.4,0.0107,0.133
odysseus,leg.R.pitch,28.5,6.6,184.7,-91.7,54.4,0.0137,0.089
odysseus,leg.R.pitch,28.583,4.9,-20,-91.7,54.4,0.0129,0.009
odysseus,leg.R.pitch,28.667,-15.2,-241.4,-91.7,54.4,0.0256,0.217
odysseus,leg.R.pitch,28.75,-27.9,-152,-91.7,54.4,0.0352,0.189
odysseus,leg.R.pitch,28.833,-28.6,-9.3,-91.7,54.4,0.0378,0.015
odysseus,leg.R.pitch,28.917,-28.6,0,-91.7,54.4,0.0332,0.002
odysseus,leg.R.pitch,43,-28.6,0,-91.7,54.4,0.0329,0.002
odysseus,leg.L.pitch,0,0,0,-91.7,54.4,0,0
odysseus,leg.L.pitch,26.833,-0.3,-3.9,-91.7,54.4,0.0005,0
odysseus,leg.L.pitch,26.917,-10.4,-121.4,-91.7,54.4,0.0165,0.07
odysseus,leg.L.pitch,27,-30,-234.7,-91.7,54.4,0.0382,0.316
odysseus,leg.L.pitch,27.083,-32.4,-28.9,-91.7,54.4,0.0438,0.048
odysseus,leg.L.pitch,27.167,-18.5,166.7,-91.7,54.4,0.0285,0.167
odysseus,leg.L.pitch,27.25,4.3,273.9,-91.7,54.4,0.0088,0.084
odysseus,leg.L.pitch,27.333,27.3,276.2,-91.7,54.4,0.0316,0.307
odysseus,leg.L.pitch,27.417,40.3,155.4,-91.7,54.4,0.0485,0.268
odysseus,leg.L.pitch,27.5,36.7,-43.1,-91.7,54.4,0.0478,0.076
odysseus,leg.L.pitch,27.583,18,-223.6,-91.7,54.4,0.0274,0.216
odysseus,leg.L.pitch,27.667,-6,-288.3,-91.7,54.4,0.0094,0.094
odysseus,leg.L.pitch,27.75,-22.2,-195.2,-91.7,54.4,0.0292,0.201
odysseus,leg.L.pitch,27.833,-21.3,11,-91.7,54.4,0.032,0.014
odysseus,leg.L.pitch,27.917,-3,220.4,-91.7,54.4,0.0107,0.083
odysseus,leg.L.pitch,28,23.8,321.1,-91.7,54.4,0.0312,0.351
odysseus,leg.L.pitch,28.083,45.7,263.2,-91.7,54.4,0.0512,0.475
odysseus,leg.L.pitch,28.167,54.4,104.4,-91.7,54.4,0.0613,0.231
odysseus,leg.L.pitch,28.25,54.2,-2.6,-91.7,54.4,0.0594,0.012
odysseus,leg.L.pitch,28.333,22,-386.4,-91.7,54.4,0.0389,0.527
odysseus,leg.L.pitch,28.417,-10.7,-392.4,-91.7,54.4,0.0129,0.177
odysseus,leg.L.pitch,28.5,-12,-15.3,-91.7,54.4,0.0271,0.016
odysseus,leg.L.pitch,28.583,-10.5,18.1,-91.7,54.4,0.0136,0.009
odysseus,leg.L.pitch,28.667,9.6,240.1,-91.7,54.4,0.019,0.16
odysseus,leg.L.pitch,28.75,22.2,151.2,-91.7,54.4,0.0289,0.154
odysseus,leg.L.pitch,28.833,22.9,9.1,-91.7,54.4,0.0316,0.012
odysseus,leg.L.pitch,28.917,22.9,0,-91.7,54.4,0.0271,0.001
odysseus,leg.L.pitch,43,22.9,0,-91.7,54.4,0.0267,0.001
