# stop-motion pose sheet for OD-B01-S03 (tools/perform/hardware.js): each drawing on twos (frames at 24), the principals; angles in degrees as set on the toy; x, z in studs, y and hips in plates
# state: A action, R reaction, H alive hold, h authored hold, D dead; holds_R/L: what the hand holds (ownership at that drawing); why: the score's causal chain
drawing,frames,t,actor,state,x_studs,y_plates,z_studs,heading,pitch,roll,hips_plates,torso.lean,torso.twist,torso.roll,head.yaw,head.pitch,arm.R.pitch,arm.R.out,arm.L.pitch,arm.L.out,hand.R.roll,hand.L.roll,leg.R.pitch,leg.L.pitch,holds_R,holds_L,contacts,why
0,1-2,0,athena-as-mentes,H,-1,2,16.7,180,0,0,0,0,0,0,0,0,0,0,0,0,0,0,0,0,spear,,,WALK IN / ARRIVE / SCENE
0,1-2,0,telemachus,H,3,-1.7,-2.7,0,0,0,0,0,0,0,-5.7,0,0,0,0,0,0,0,-90,-90,cup,,,BREATH
1,3-4,0.083,athena-as-mentes,H,-1,2,16.7,180,0,0,0,0,0,0,0,0,0,0,0,0,0,0,0,0,spear,,,WALK IN / ARRIVE / SCENE
1,3-4,0.083,telemachus,H,3,-1.7,-2.7,0,0,0,0,-0.4,0,0,-5.7,-0.4,0,0,0,0,0,0,-90,-90,cup,,,BREATH
2,5-6,0.167,athena-as-mentes,H,-1,2,16.7,180,0,0,0,0,0,0,0,0,0,0,0,0,0,0,0,0,spear,,,WALK IN / ARRIVE / SCENE
2,5-6,0.167,telemachus,A,3,-1.7,-2.7,0,0,0,0,-1.3,0,0,-5.7,-1.1,0,0,0,0,0,0,-90,-90,cup,,,BREATH
3,7-8,0.25,athena-as-mentes,H,-1,2,16.7,180,0,0,0,0,0,0,0,0,0,0,0,0,0,0,0,0,spear,,,WALK IN / ARRIVE / SCENE
3,7-8,0.25,telemachus,H,3,-1.7,-2.7,0,0,0,0,-1.7,0,0,-5.7,-1.4,0,0,0,0,0,0,-90,-90,cup,,,BREATH
4,9-10,0.333,athena-as-mentes,A,-1,2,16.6,180,0,0,0,-0.1,0,0,0,-0.1,0,0,0.4,0,0,0,0.6,-0.6,spear,,,WALK IN / ARRIVE / SCENE
4,9-10,0.333,telemachus,H,3,-1.7,-2.7,0,0,0,0,-1.7,0,0,-5.7,-1.4,0,0,0,0,0,0,-90,-90,cup,,,BREATH
5,11-12,0.417,athena-as-mentes,A,-1,2,16.5,180,0,0,0,-0.1,0,0,0,-0.1,0,0,2.6,0,0,0,4.1,-4.1,spear,,,WALK IN / ARRIVE / SCENE
5,11-12,0.417,telemachus,h,3,-1.7,-2.7,0,0,0,0,-1.7,0,0,-5.7,-1.4,0,0,0,0,0,0,-90,-90,cup,,,HOLD / SCENE
6,13-14,0.5,athena-as-mentes,A,-1,2,16.4,180,0,0,0,-0.2,0,0,0,-0.1,0,0,7.1,0,0,0,11.1,-11.1,spear,,,WALK IN / ARRIVE / SCENE
6,13-14,0.5,telemachus,h,3,-1.7,-2.7,0,0,0,0,-1.6,0,0,-5.7,-1.3,0,0,0,0,0,0,-90,-90,cup,,,HOLD / SCENE
7,15-16,0.583,athena-as-mentes,A,-1,2,16.2,180,0,0,-0.1,-0.2,0,0,0,-0.2,0,0,12.4,0,0,0,19.4,-19.4,spear,,,WALK IN / ARRIVE / SCENE
7,15-16,0.583,telemachus,h,3,-1.7,-2.7,0,0,0,0,-1.5,0,0,-5.7,-1.3,0,0,0,0,0,0,-90,-90,cup,,,HOLD / SCENE
8,17-18,0.667,athena-as-mentes,A,-1,2,16.1,180,0,0,-0.1,-0.3,0,0,0,-0.3,0,0,15.7,0,0,0,24.7,-24.7,spear,,,WALK IN / ARRIVE / SCENE
8,17-18,0.667,telemachus,h,3,-1.7,-2.7,0,0,0,0,-1.4,0,0,-5.7,-1.2,0,0,0,0,0,0,-90,-90,cup,,,HOLD / SCENE
9,19-20,0.75,athena-as-mentes,A,-1,2,15.9,180,0,0,-0.1,-0.4,0,0,0,-0.3,0,0,18,0,0,0,28.3,-28.3,spear,,,WALK IN / ARRIVE / SCENE
9,19-20,0.75,telemachus,h,3,-1.7,-2.7,0,0,0,0,-1.3,0,0,-5.7,-1.1,0,0,0,0,0,0,-90,-90,cup,,,HOLD / SCENE
10,21-22,0.833,athena-as-mentes,A,-1,2,15.8,180,0,0,-0.1,-0.4,0,0,0,-0.4,0,0,19.5,0,0,0,30.7,-30.7,spear,,,WALK IN / ARRIVE / SCENE
10,21-22,0.833,telemachus,h,3,-1.7,-2.7,0,0,0,0,-1.1,0,0,-5.7,-1,0,0,0,0,0,0,-90,-90,cup,,,HOLD / SCENE
11,23-24,0.917,athena-as-mentes,A,-1,2,15.6,180,0,0,-0.1,-0.5,0,0,0,-0.4,0,0,20.1,0,0,0,31.5,-31.5,spear,,,WALK IN / ARRIVE / SCENE
11,23-24,0.917,telemachus,h,3,-1.7,-2.7,0,0,0,0,-1,0,0,-5.7,-0.8,0,0,0,0,0,0,-90,-90,cup,,,HOLD / SCENE
12,25-26,1,athena-as-mentes,A,-1,2,15.5,180,0,0,-0.1,-0.6,0,0,0,-0.5,0,0,19.5,0,0,0,30.7,-30.7,spear,,,WALK IN / ARRIVE / SCENE
12,25-26,1,telemachus,h,3,-1.7,-2.7,0,0,0,0,-0.9,0,0,-5.7,-0.7,0,0,0,0,0,0,-90,-90,cup,,,HOLD / SCENE
13,27-28,1.083,athena-as-mentes,A,-1,2,15.3,180,0,0,-0.1,-0.7,0,0,0,-0.6,0,0,17.9,0,0,0,28.2,-28.2,spear,,,WALK IN / ARRIVE / SCENE
13,27-28,1.083,telemachus,h,3,-1.7,-2.7,0,0,0,0,-0.7,0,0,-5.7,-0.6,0,0,0,0,0,0,-90,-90,cup,,,HOLD / SCENE
14,29-30,1.167,athena-as-mentes,A,-1,2,15.2,180,0,0,-0.1,-0.8,0,0,0,-0.6,0,0,15.3,0,0,0,24,-24,spear,,,WALK IN / ARRIVE / SCENE
14,29-30,1.167,telemachus,h,3,-1.7,-2.7,0,0,0,0,-0.6,0,0,-5.7,-0.5,0,0,0,0,0,0,-90,-90,cup,,,HOLD / SCENE
15,31-32,1.25,athena-as-mentes,A,-1,2,15,180,0,0,0,-0.9,0,0,0,-0.7,0,0,11.8,0,0,0,18.5,-18.5,spear,,,WALK IN / ARRIVE / SCENE
15,31-32,1.25,telemachus,A,3,-1.7,-2.7,0,0,0,0,-0.4,0.2,0,-1.2,2.5,0,0,0,0,0,0,-90,-90,cup,,,LOOK / HOLD / SCENE
16,33-34,1.333,athena-as-mentes,A,-1,2,14.8,180,0,0,0,-0.9,0,0,0,-0.8,0,0,7.6,0,0,0,12,-12,spear,,,WALK IN / ARRIVE / SCENE
16,33-34,1.333,telemachus,A,3,-1.7,-2.7,0,0,0,0,-0.3,0.7,0,2.3,-0.5,0,0,0,0,0,0,-90,-90,cup,,,LOOK / HOLD / SCENE
17,35-36,1.417,athena-as-mentes,A,-1,2,14.7,180,0,0,0,-1,0,0,0,-0.9,0,0,3.1,0,0,0,4.8,-4.8,spear,,,WALK IN / ARRIVE / SCENE
17,35-36,1.417,telemachus,h,3,-1.7,-2.7,0,0,0,0,-0.2,1.3,0,4.8,-2.6,0,0,0,0,0,0,-90,-90,cup,,,LOOK / HOLD / SCENE
18,37-38,1.5,athena-as-mentes,A,-1,2,14.5,180,0,0,0,-1.1,0,0,0,-0.9,0,0,-1.6,0,0,0,-2.5,2.5,spear,,,WALK IN / ARRIVE / SCENE
18,37-38,1.5,telemachus,h,3,-1.7,-2.7,0,0,0,0,-0.1,2,0,6.3,-3.8,0,0,0,0,0,0,-90,-90,cup,,,LOOK / HOLD / SCENE
19,39-40,1.583,athena-as-mentes,A,-1,2,14.4,180,0,0,0,-1.2,0,0,0,-1,0,0,-6,0,0,0,-9.5,9.5,spear,,,WALK IN / ARRIVE / SCENE
19,39-40,1.583,telemachus,h,3,-1.7,-2.7,0,0,0,0,-0.1,2.7,0,6.8,-4.2,0,0,0,0,0,0,-90,-90,cup,,,LOOK / HOLD / SCENE
20,41-42,1.667,athena-as-mentes,A,-1,2,14.2,180,0,0,0,-1.3,0,0,0,-1.1,0,0,-10.1,0,0,0,-15.8,15.8,spear,,,WALK IN / ARRIVE / SCENE
20,41-42,1.667,telemachus,h,3,-1.7,-2.7,0,0,0,0,0,3.2,0,6.7,-4.2,0,0,0,0,0,0,-90,-90,cup,,,LOOK / HOLD / SCENE
21,43-44,1.75,athena-as-mentes,A,-1,2,14.1,180,0,0,0,-1.3,0,0,0,-1.1,0,0,-13.5,0,0,0,-21.2,21.2,spear,,,WALK IN / ARRIVE / SCENE
21,43-44,1.75,telemachus,h,3,-1.7,-2.7,0,0,0,0,0,3.4,0,6.4,-4.2,0,0,0,0,0,0,-90,-90,cup,,,LOOK / HOLD / SCENE
22,45-46,1.833,athena-as-mentes,A,-1,2,13.9,180,0,0,0,-1.4,0,0,0,-1.2,0,0,-15,0,0,0,-23.6,23.6,spear,,,WALK IN / ARRIVE / SCENE
22,45-46,1.833,telemachus,h,3,-1.7,-2.7,0,0,0,0,0,3.4,0,6.2,-4.2,0,0,0,0,0,0,-90,-90,cup,,,HOLD / SCENE
23,47-48,1.917,athena-as-mentes,A,-1,2,13.8,180,0,0,0,-1.5,0,0,0,-1.2,0,0,-12.1,0,0,0,-19.1,19.1,spear,,,WALK IN / ARRIVE / SCENE
23,47-48,1.917,telemachus,h,3,-1.7,-2.7,0,0,0,0,0,3.4,0,6.2,-4.2,0,0,0,0,0,0,-90,-90,cup,,,HOLD / SCENE
24,49-50,2,athena-as-mentes,A,-1,2,13.7,180,0,0,0.1,-1.5,0,0,0,-1.3,-4.5,0,-6.7,0,0,0,-10.5,10.5,spear,,,PLANT / WALK IN / ARRIVE
24,49-50,2,telemachus,h,3,-1.7,-2.7,0,0,0,0,-0.1,3.4,0,6.2,-4.2,0,0,0,0,0,0,-90,-90,cup,,,HOLD / SCENE
25,51-52,2.083,athena-as-mentes,A,-1,2,13.6,180,0,0,0.1,-1.6,0,0,0,-1.3,-8.1,0,-1.6,0,0,0,-2.6,2.6,spear,,,PLANT / WALK IN / ARRIVE
25,51-52,2.083,telemachus,h,3,-1.7,-2.7,0,0,0,0,-0.1,3.4,0,6.2,-4.3,0,0,0,0,0,0,-90,-90,cup,,,HOLD / SCENE
26,53-54,2.167,athena-as-mentes,A,-1,2,13.6,180,0,0,0.1,-1.6,0,0,0,-1.4,-10.6,0,-1.4,0,0,0,-2.2,2.2,spear,,,PLANT / WALK IN / ARRIVE
26,53-54,2.167,telemachus,h,3,-1.7,-2.7,0,0,0,0,-0.2,3.4,0,6.2,-4.3,0,0,0,0,0,0,-90,-90,cup,,,HOLD / SCENE
27,55-56,2.25,athena-as-mentes,H,-1,2,13.6,180,0,0,0.2,-1.7,0,0,0,-1.4,-12.1,0,-0.8,0,0,0,-1.3,1.3,spear,,,PLANT / WALK IN / ARRIVE
27,55-56,2.25,telemachus,h,3,-1.7,-2.7,0,0,0,0,-0.2,3.4,0,6.2,-4.4,0,0,0,0,0,0,-90,-90,cup,,,HOLD / SCENE
28,57-58,2.333,athena-as-mentes,H,-1,2,13.6,180,0,0,0.2,-1.7,0,0,0,-1.4,-12.6,0,-0.3,0,0,0,-0.4,0.4,spear,,,PLANT / WALK IN / ARRIVE
28,57-58,2.333,telemachus,h,3,-1.7,-2.7,0,0,0,0,-0.3,3.4,0,6.2,-4.4,0,0,0,0,0,0,-90,-90,cup,,,HOLD / SCENE
29,59-60,2.417,athena-as-mentes,H,-1,2,13.6,180,0,0,0.1,-1.7,0,0,0,-1.4,-10.9,0,0,0,0,0,0,0,spear,,,PLANT / WALK IN / ARRIVE
29,59-60,2.417,telemachus,h,3,-1.7,-2.7,0,0,0,0,-0.4,3.4,0,6.2,-4.5,0,0,0,0,0,0,-90,-90,cup,,,HOLD / SCENE
30,61-62,2.5,athena-as-mentes,A,-1,2,13.6,180,0,0,0.1,-1.7,0,0,0,-1.4,-6,0,0,0,0,0,0,0,spear,,,PLANT / WALK IN / ARRIVE
30,61-62,2.5,telemachus,h,3,-1.7,-2.7,0,0,0,0,-0.5,3.4,0,6.2,-4.6,0,0,0,0,0,0,-90,-90,cup,,,HOLD / SCENE
31,63-64,2.583,athena-as-mentes,A,-1,2,13.6,180,0,0,0,-1.7,0,0,0,-1.4,2.3,0,0,0,0,0,0,0,spear,,,PLANT / WALK IN / ARRIVE
31,63-64,2.583,telemachus,h,3,-1.7,-2.7,0,0,0,0,-0.6,3.4,0,6.2,-4.7,0,0,0,0,0,0,-90,-90,cup,,,HOLD / SCENE
32,65-66,2.667,athena-as-mentes,H,-1,2,13.6,180,0,0,0,-1.7,0,0,0,-1.4,2.1,0,0,0,0,0,0,0,spear,,,PLANT / WALK IN / ARRIVE
32,65-66,2.667,telemachus,h,3,-1.7,-2.7,0,0,0,0,-0.7,3.4,0,6.2,-4.7,0,0,0,0,0,0,-90,-90,cup,,,HOLD / SCENE
33,67-68,2.75,athena-as-mentes,H,-1,2,13.6,180,0,0,0,-1.6,0,0,0,-1.3,1.7,0,0,0,0,0,0,0,spear,,,PLANT / WALK IN / ARRIVE
33,67-68,2.75,telemachus,h,3,-1.7,-2.7,0,0,0,0,-0.8,3.4,0,6.2,-4.8,0,0,0,0,0,0,-90,-90,cup,,,HOLD / SCENE
34,69-70,2.833,athena-as-mentes,H,-1,2,13.6,180,0,0,0,-1.5,0,0,0,-1.3,1.1,0,0,0,0,0,0,0,spear,,,PLANT / WALK IN / ARRIVE
34,69-70,2.833,telemachus,h,3,-1.7,-2.7,0,0,0,0,-0.9,3.4,0,6.2,-4.9,0,0,0,0,0,0,-90,-90,cup,,,HOLD / SCENE
35,71-72,2.917,athena-as-mentes,h,-1,2,13.6,180,0,0,0,-1.4,0,0,0,-1.2,0.6,0,0,0,0,0,0,0,spear,,,PLANT / WALK IN / ARRIVE
35,71-72,2.917,telemachus,h,3,-1.7,-2.7,0,0,0,0,-1,3.4,0,6.2,-5,0,0,0,0,0,0,-90,-90,cup,,,HOLD / SCENE
36,73-74,3,athena-as-mentes,h,-1,2,13.6,180,0,0,0.1,-1.3,0,0,0,-1.1,0.2,0,0,0,0,0,0,0,spear,,,PLANT / WALK IN / ARRIVE
36,73-74,3,telemachus,h,3,-1.7,-2.7,0,0,0,0,-1.1,3.4,0,6.2,-5.1,0,0,0,0,0,0,-90,-90,cup,,,HOLD / SCENE
37,75-76,3.083,athena-as-mentes,h,-1,2,13.6,180,0,0,0.1,-1.2,0,0,0,-1,0,0,0,0,0,0,0,0,spear,,,HOLD / ARRIVE / SCENE
37,75-76,3.083,telemachus,h,3,-1.7,-2.7,0,0,0,0,-1.2,3.4,0,6.2,-5.2,0,0,0,0,0,0,-90,-90,cup,,,HOLD / SCENE
38,77-78,3.167,athena-as-mentes,h,-1,2,13.6,180,0,0,0.1,-1.1,0,0,0,-0.9,0,0,0,0,0,0,0,0,spear,,,HOLD / ARRIVE / SCENE
38,77-78,3.167,telemachus,h,3,-1.7,-2.7,0,0,0,0,-1.3,3.4,0,6.2,-5.2,0,0,0,0,0,0,-90,-90,cup,,,HOLD / SCENE
39,79-80,3.25,athena-as-mentes,h,-1,2,13.6,180,0,0,0,-0.9,0,0,0,-0.8,0,0,0,0,0,0,0,0,spear,,,HOLD / ARRIVE / SCENE
39,79-80,3.25,telemachus,h,3,-1.7,-2.7,0,0,0,0,-1.4,3.4,0,6.2,-5.3,0,0,0,0,0,0,-90,-90,cup,,,HOLD / SCENE
40,81-82,3.333,athena-as-mentes,h,-1,2,13.6,180,0,0,0,-0.8,0,0,0,-0.7,0,0,0,0,0,0,0,0,spear,,,LOOK / HOLD / ARRIVE
40,81-82,3.333,telemachus,h,3,-1.7,-2.7,0,0,0,0,-1.5,3.4,0,6.2,-5.4,0,0,0,0,0,0,-90,-90,cup,,,HOLD / SCENE
41,83-84,3.417,athena-as-mentes,R,-1,2,13.6,180,0,0,0,-0.7,0,0,0,2.3,0,0,0,0,0,0,0,0,spear,,,LOOK / HOLD / ARRIVE
41,83-84,3.417,telemachus,h,3,-1.7,-2.7,0,0,0,0,-1.5,3.4,0,6.2,-5.4,0,0,0,0,0,0,-90,-90,cup,,,HOLD / SCENE
42,85-86,3.5,athena-as-mentes,R,-1,2,13.6,180,0,0,0,-0.5,0,0,0,4.3,0,0,0,0,0,0,0,0,spear,,,LOOK / HOLD / ARRIVE
42,85-86,3.5,telemachus,h,3,-1.7,-2.7,0,0,0,0,-1.6,3.4,0,6.2,-5.5,0,0,0,0,0,0,-90,-90,cup,,,HOLD / SCENE
43,87-88,3.583,athena-as-mentes,R,-1,2,13.6,180,0,0,0,-0.4,0,0,0,5.5,0,0,0,0,0,0,0,0,spear,,,LOOK / HOLD / ARRIVE
43,87-88,3.583,telemachus,h,3,-1.7,-2.7,0,0,0,0,-1.7,3.4,0,6.2,-5.5,0,0,0,0,0,0,-90,-90,cup,,,HOLD / SCENE
44,89-90,3.667,athena-as-mentes,h,-1,2,13.6,180,0,0,0,-0.3,0,0,0,6,0,0,0,0,0,0,0,0,spear,,,LOOK / HOLD / ARRIVE
44,89-90,3.667,telemachus,h,3,-1.7,-2.7,0,0,0,0,-1.7,3.4,0,6.2,-5.6,0,0,0,0,0,0,-90,-90,cup,,,HOLD / SCENE
45,91-92,3.75,athena-as-mentes,h,-1,2,13.6,180,0,0,0,-0.2,0,0,0,6,0,0,0,0,0,0,0,0,spear,,,LOOK / HOLD / ARRIVE
45,91-92,3.75,telemachus,h,3,-1.7,-2.7,0,0,0,0,-1.7,3.4,0,6.2,-5.6,0,0,0,0,0,0,-90,-90,cup,,,HOLD / SCENE
46,93-94,3.833,athena-as-mentes,h,-1,2,13.6,180,0,0,0,-0.1,0,0,0,6.1,0,0,0,0,0,0,0,0,spear,,,LOOK / HOLD / ARRIVE
46,93-94,3.833,telemachus,h,3,-1.7,-2.7,0,0,0,0,-1.7,3.4,0,6.2,-5.6,0,0,0,0,0,0,-90,-90,cup,,,HOLD / SCENE
47,95-96,3.917,athena-as-mentes,h,-1,2,13.6,180,0,0,0,-0.1,0,0,0,6.2,0,0,0,0,0,0,0,0,spear,,,LOOK / HOLD / ARRIVE
47,95-96,3.917,telemachus,h,3,-1.7,-2.7,0,0,0,0,-1.7,3.4,0,6.2,-5.6,0,0,0,0,0,0,-90,-90,cup,,,HOLD / SCENE
48,97-98,4,athena-as-mentes,h,-1,2,13.6,180,0,0,0,0,0,0,0,6.2,0,0,0,0,0,0,0,0,spear,,,HOLD / ARRIVE / SCENE
48,97-98,4,telemachus,h,3,-1.7,-2.7,0,0,0,0,-1.7,3.4,0,6.2,-5.5,0,0,0,0,0,0,-90,-90,cup,,,HOLD / SCENE
49,99-100,4.083,athena-as-mentes,h,-1,2,13.6,180,0,0,0,0,0,0,0,6.2,0,0,0,0,0,0,0,0,spear,,,HOLD / ARRIVE / SCENE
49,99-100,4.083,telemachus,h,3,-1.7,-2.7,0,0,0,0,-1.6,3.4,0,6.2,-5.5,0,0,0,0,0,0,-90,-90,cup,,,HOLD / SCENE
50,101-102,4.167,athena-as-mentes,h,-1,2,13.6,180,0,0,0,0,0,0,0,6.2,0,0,0,0,0,0,0,0,spear,,,HOLD / ARRIVE / SCENE
50,101-102,4.167,telemachus,h,3,-1.7,-2.7,0,0,0,0,-1.5,3.4,0,6.2,-5.4,0,0,0,0,0,0,-90,-90,cup,,,HOLD / SCENE
51,103-104,4.25,athena-as-mentes,h,-1,2,13.6,180,0,0,0,0,0,0,0,6.2,0,0,0,0,0,0,0,0,spear,,,HOLD / ARRIVE / SCENE
51,103-104,4.25,telemachus,h,3,-1.7,-2.7,0,0,0,0,-1.4,3.4,0,6.2,-5.3,0,0,0,0,0,0,-90,-90,cup,,,HOLD / SCENE
52,105-106,4.333,athena-as-mentes,h,-1,2,13.6,180,0,0,0,-0.1,0,0,0,6.2,0,0,0,0,0,0,0,0,spear,,,HOLD / ARRIVE / SCENE
52,105-106,4.333,telemachus,h,3,-1.7,-2.7,0,0,0,0,-1.3,3.4,0,6.2,-5.2,0,0,0,0,0,0,-90,-90,cup,,,LOOK / HOLD / SCENE
53,107-108,4.417,athena-as-mentes,h,-1,2,13.6,180,0,0,0,-0.1,0,0,0,6.1,0,0,0,0,0,0,0,0,spear,,,HOLD / ARRIVE / SCENE
53,107-108,4.417,telemachus,A,3,-1.7,-2.7,0,0,0,0,-1.1,3.1,0,3.5,1.9,0,0,0,0,0,0,-90,-90,cup,,,LOOK / HOLD / SCENE
54,109-110,4.5,athena-as-mentes,h,-1,2,13.6,180,0,0.1,0,-0.2,0,-0.2,0,6.1,0,0,0,0,0,0,0,0,spear,,,WEIGHT SHIFT / HOLD / ARRIVE
54,109-110,4.5,telemachus,A,3,-1.7,-2.7,0,0,0,0,-1,2.5,0,1.6,6.8,0,0,0,0,0,0,-90,-90,cup,,,LOOK / HOLD / SCENE
55,111-112,4.583,athena-as-mentes,h,-1,2,13.6,180,0,0.4,0,-0.2,0,-0.7,0,6,0,0,0,0,0,0,0,0,spear,,,WEIGHT SHIFT / HOLD / ARRIVE
55,111-112,4.583,telemachus,A,3,-1.7,-2.7,0,0,0,0,-0.9,1.6,0,0.4,9.8,0,0,0,0,0,0,-90,-90,cup,,,LOOK / HOLD / SCENE
56,113-114,4.667,athena-as-mentes,h,-1,2,13.6,180,0,0.9,0,-0.3,0,-1.3,0,6,0,0,0,0,0,0,0,0,spear,,,WEIGHT SHIFT / HOLD / ARRIVE
56,113-114,4.667,telemachus,h,3,-1.7,-2.7,0,0,0,0,-0.7,0.8,0,0,10.9,0,0,0,0,0,0,-90,-90,cup,,,LOOK / HOLD / SCENE
57,115-116,4.75,athena-as-mentes,h,-1,2,13.6,180,0,1.3,-0.1,-0.4,0,-1.9,0,5.9,0,0,0,0,0,0,0,0,spear,,,WEIGHT SHIFT / HOLD / ARRIVE
57,115-116,4.75,telemachus,h,3,-1.7,-2.7,0,0,0,0,-0.6,0.1,0,0,11,0,0,0,0,0,0,-90,-90,cup,,,LOOK / HOLD / SCENE
58,117-118,4.833,athena-as-mentes,h,-1,2,13.6,180,0,1.6,-0.1,-0.5,0,-2.4,0,5.8,0,0,0,0,0,0,0,0,spear,,,WEIGHT SHIFT / HOLD / ARRIVE
58,117-118,4.833,telemachus,h,3,-1.7,-2.7,0,0,0,0,-0.4,-0.1,0,-0.2,11.1,0,0,0,0,0,0,-90,-90,cup,,,LOOK / HOLD / SCENE
59,119-120,4.917,athena-as-mentes,h,-1,2,13.6,180,0,1.7,-0.1,-0.6,0,-2.6,0,5.7,0,0,0,0,0,0,0,0,spear,,,WEIGHT SHIFT / HOLD / ARRIVE
59,119-120,4.917,telemachus,h,3,-1.7,-2.7,0,0,0,0,-0.3,-0.1,0,-0.2,11.2,0,0,0,0,0,0,-90,-90,cup,,,LOOK / HOLD / SCENE
60,121-122,5,athena-as-mentes,h,-1,2,13.6,180,0,1.7,0,-0.7,0,-2.5,0,5.7,0,0,0,0,0,0,0,0,spear,,,WEIGHT SHIFT / HOLD / ARRIVE
60,121-122,5,telemachus,h,3,-1.7,-2.7,0,0,0,0,-0.2,-0.1,0,-0.2,11.3,0,0,0,0,0,0,-90,-90,cup,,,HOLD / SCENE
61,123-124,5.083,athena-as-mentes,h,-1,2,13.6,180,0,1.7,0,-0.8,0,-2.5,0,5.6,0,0,0,0,0,0,0,0,spear,,,WEIGHT SHIFT / HOLD / ARRIVE
61,123-124,5.083,telemachus,h,3,-1.7,-2.7,0,0,0,0,-0.1,-0.1,0,-0.2,11.4,0,0,0,0,0,0,-90,-90,cup,,,HOLD / SCENE
62,125-126,5.167,athena-as-mentes,h,-1,2,13.6,180,0,1.6,0,-0.9,0,-2.4,0,5.5,0,0,0,0,0,0,0,0,spear,,,WEIGHT SHIFT / HOLD / ARRIVE
62,125-126,5.167,telemachus,h,3,-1.7,-2.7,0,0,0,0,-0.1,-0.1,0,-0.2,11.4,0,0,0,0,0,0,-90,-90,cup,,,HOLD / SCENE
63,127-128,5.25,athena-as-mentes,h,-1,2,13.6,180,0,1.6,0,-1,0,-2.4,0,5.4,0,0,0,0,0,0,0,0,spear,,,WEIGHT SHIFT / HOLD / ARRIVE
63,127-128,5.25,telemachus,h,3,-1.7,-2.7,0,0,0,0,0,-0.1,0,-0.2,11.4,0,0,0,0,0,0,-90,-90,cup,,,HOLD / SCENE
64,129-130,5.333,athena-as-mentes,h,-1,2,13.6,180,0,1.6,0,-1.1,0,-2.3,0,5.3,0,0,0,0,0,0,0,0,spear,,,WEIGHT SHIFT / HOLD / ARRIVE
64,129-130,5.333,telemachus,h,3,-1.7,-2.7,0,0,0,0,0,-0.1,0,-0.2,11.5,0,0,0,0,0,0,-90,-90,cup,,,HOLD / SCENE
65,131-132,5.417,athena-as-mentes,h,-1,2,13.6,180,0,1.6,0,-1.2,0,-2.3,0,5.3,0,0,0,0,0,0,0,0,spear,,,WEIGHT SHIFT / HOLD / ARRIVE
65,131-132,5.417,telemachus,h,3,-1.7,-2.7,0,0,0,0,0,-0.1,0,-0.2,11.5,0,0,0,0,0,0,-90,-90,cup,,,HOLD / SCENE
66,133-134,5.5,athena-as-mentes,h,-1,2,13.6,180,0,1.5,0,-1.2,0,-2.2,0,5.2,0,0,0,0,0,0,0,0,spear,,,WEIGHT SHIFT / HOLD / ARRIVE
66,133-134,5.5,telemachus,h,3,-1.7,-2.7,0,0,0,0,0,-0.1,0,-0.2,11.4,0,0,0,0,0,0,-90,-90,cup,,,HOLD / SCENE
67,135-136,5.583,athena-as-mentes,h,-1,2,13.6,180,0,1.5,0,-1.3,0,-2.2,0,5.1,0,0,0,0,0,0,0,0,spear,,,WEIGHT SHIFT / HOLD / ARRIVE
67,135-136,5.583,telemachus,h,3,-1.7,-2.7,0,0,0,0,-0.1,-0.1,0,-0.2,11.4,0,0,0,0,0,0,-90,-90,cup,,,HOLD / SCENE
68,137-138,5.667,athena-as-mentes,h,-1,2,13.6,180,0,1.5,0,-1.4,0,-2.1,0,5,0,0,0,0,0,0,0,0,spear,,,WEIGHT SHIFT / HOLD / ARRIVE
68,137-138,5.667,telemachus,h,3,-1.7,-2.7,0,0,0,0,-0.1,-0.1,0,-0.2,11.4,0,0,0,0,0,0,-90,-90,cup,,,HOLD / SCENE
69,139-140,5.75,athena-as-mentes,h,-1,2,13.6,180,0,1.5,0,-1.5,0,-2.1,0,5,0,0,0,0,0,0,0,0,spear,,,WEIGHT SHIFT / HOLD / ARRIVE
69,139-140,5.75,telemachus,h,3,-1.7,-2.7,0,0,0,0,-0.2,-0.1,0,-0.2,11.3,0,0,0,0,0,0,-90,-90,cup,,,HOLD / SCENE
70,141-142,5.833,athena-as-mentes,h,-1,2,13.6,180,0,1.4,0,-1.6,0,-2.1,0,4.9,0,0,0,0,0,0,0,0,spear,,,WEIGHT SHIFT / HOLD / ARRIVE
70,141-142,5.833,telemachus,h,3,-1.7,-2.7,0,0,0,0,-0.2,-0.1,0,-0.2,11.3,0,0,0,0,0,0,-90,-90,cup,,,HOLD / SCENE
71,143-144,5.917,athena-as-mentes,h,-1,2,13.6,180,0,1.4,0,-1.6,0,-2,0,4.9,0,0,0,0,0,0,0,0,spear,,,WEIGHT SHIFT / HOLD / ARRIVE
71,143-144,5.917,telemachus,h,3,-1.7,-2.7,0,0,0,0,-0.3,-0.1,0,-0.2,11.2,0,0,0,0,0,0,-90,-90,cup,,,HOLD / SCENE
72,145-146,6,athena-as-mentes,h,-1,2,13.6,180,0,1.4,0,-1.7,0,-2,0,4.8,0,0,0,0,0,0,0,0,spear,,,WEIGHT SHIFT / HOLD / ARRIVE
72,145-146,6,telemachus,h,3,-1.7,-2.7,0,0,0,0,-0.4,-0.1,0,-0.2,11.1,0,0,0,0,0,0,-90,-90,cup,,,HOLD / SCENE
73,147-148,6.083,athena-as-mentes,h,-1,2,13.6,180,0,1.4,0,-1.7,0,-1.9,0,4.8,0,0,0,0,0,0,0,0,spear,,,WEIGHT SHIFT / HOLD / ARRIVE
73,147-148,6.083,telemachus,h,3,-1.7,-2.7,0,0,0,0,-0.5,-0.1,0,-0.2,11.1,0,0,0,0,0,0,-90,-90,cup,,,HOLD / SCENE
74,149-150,6.167,athena-as-mentes,h,-1,2,13.6,180,0,1.3,0,-1.7,0,-1.9,0,4.8,0,0,0,0,0,0,0,0,spear,,,WEIGHT SHIFT / HOLD / ARRIVE
74,149-150,6.167,telemachus,h,3,-1.7,-2.7,0,0,0,0,-0.6,-0.1,0,-0.2,11,0,0,0,0,0,0,-90,-90,cup,,,HOLD / SCENE
75,151-152,6.25,athena-as-mentes,h,-1,2,13.6,180,0,1.3,0,-1.7,0,-1.8,0,4.8,0,0,0,0,0,0,0,0,spear,,,GRIP / HOLD / ARRIVE
75,151-152,6.25,telemachus,h,3,-1.7,-2.7,0,0,0,0,-0.7,-0.1,0,-0.2,10.9,0,0,0,0,0,0,-90,-90,cup,,,HOLD / SCENE
76,153-154,6.333,athena-as-mentes,h,-1,2,13.6,180,0,1.3,0,-1.7,0,-1.8,0,4.8,-2,0,0,0,6.3,0,0,0,spear,,,GRIP / HOLD / ARRIVE
76,153-154,6.333,telemachus,h,3,-1.7,-2.7,0,0,0,0,-0.8,-0.1,0,-0.2,10.8,0,0,0,0,0,0,-90,-90,cup,,,HOLD / SCENE
77,155-156,6.417,athena-as-mentes,h,-1,2,13.6,180,0,1.3,0,-1.7,0,-1.7,0,4.8,-3.4,0,0,0,10.7,0,0,0,spear,,,GRIP / HOLD / ARRIVE
77,155-156,6.417,telemachus,h,3,-1.7,-2.7,0,0,0,0,-0.9,-0.1,0,-0.2,10.7,0,0,0,0,0,0,-90,-90,cup,,,HOLD / SCENE
78,157-158,6.5,athena-as-mentes,h,-1,2,13.6,180,0,1.3,0,-1.6,0,-1.7,0,4.9,-4.3,0,0,0,13.4,0,0,0,spear,,,GRIP / HOLD / ARRIVE
78,157-158,6.5,telemachus,h,3,-1.7,-2.7,0,0,0,0,-1,-0.1,0,-0.2,10.7,0,0,0,0,0,0,-90,-90,cup,,,HOLD / SCENE
79,159-160,6.583,athena-as-mentes,h,-1,2,13.6,180,0,1.3,0,-1.5,0,-1.7,0,4.9,-4.6,0,0,0,14.3,0,0,0,spear,,,GRIP / HOLD / ARRIVE
79,159-160,6.583,telemachus,h,3,-1.7,-2.7,0,0,0,0,-1.1,-0.1,0,-0.2,10.6,0,0,0,0,0,0,-90,-90,cup,,,HOLD / SCENE
80,161-162,6.667,athena-as-mentes,h,-1,2,13.6,180,0,1.3,0,-1.4,0,-1.7,0,5,-4.5,0,0,0,13.9,0,0,0,spear,,,GRIP / HOLD / ARRIVE
80,161-162,6.667,telemachus,h,3,-1.7,-2.7,0,0,0,0,-1.2,-0.1,0,-0.2,10.5,0,0,0,0,0,0,-90,-90,cup,,,HOLD / SCENE
81,163-164,6.75,athena-as-mentes,h,-1,2,13.6,180,0,1.3,0,-1.3,0,-1.7,0,5.1,-4.1,0,0,0,12.8,0,0,0,spear,,,GRIP / HOLD / ARRIVE
81,163-164,6.75,telemachus,h,3,-1.7,-2.7,0,0,0,0,-1.2,-0.1,0,-0.2,10.4,0,0,0,0,0,0,-90,-90,cup,,,HOLD / SCENE
82,165-166,6.833,athena-as-mentes,h,-1,2,13.6,180,0,1.3,0,-1.2,0,-1.7,0,5.2,-3.6,0,0,0,11.2,0,0,0,spear,,,GRIP / HOLD / ARRIVE
82,165-166,6.833,telemachus,h,3,-1.7,-2.7,0,0,0,0,-1.3,-0.1,0,-0.2,10.4,0,0,0,0,0,0,-90,-90,cup,,,HOLD / SCENE
83,167-168,6.917,athena-as-mentes,h,-1,2,13.6,180,0,1.3,0,-1.1,0,-1.7,0,5.3,-3,0,0,0,9.3,0,0,0,spear,,,GRIP / HOLD / ARRIVE
83,167-168,6.917,telemachus,h,3,-1.7,-2.7,0,0,0,0,-1.4,-0.1,0,-0.2,10.3,0,0,0,0,0,0,-90,-90,cup,,,HOLD / SCENE
84,169-170,7,athena-as-mentes,h,-1,2,13.6,180,0,1.3,0,-0.9,0,-1.7,0,5.4,-2.3,0,0,0,7.2,0,0,0,spear,,,LOOK / HOLD / ARRIVE
84,169-170,7,telemachus,h,3,-1.7,-2.7,0,0,0,0,-1.5,-0.1,0,-0.2,10.2,0,0,0,0,0,0,-90,-90,cup,,,HOLD / SCENE
85,171-172,7.083,athena-as-mentes,A,-1,2,13.6,180,0,1.3,0,-0.8,-0.5,-1.7,-6.4,2.2,-1.6,0,0,0,5,0,0,0,spear,,,LOOK / HOLD / ARRIVE
85,171-172,7.083,telemachus,h,3,-1.7,-2.7,0,0,0,0,-1.6,-0.1,0,-0.2,10.2,0,0,0,0,0,0,-90,-90,cup,,,HOLD / SCENE
86,173-174,7.167,athena-as-mentes,R,-1,2,13.6,180,0,1.3,0,-0.7,-1.8,-1.7,-11.3,3.5,-1,0,0,0,3.1,0,0,0,spear,,,LOOK / HOLD / ARRIVE
86,173-174,7.167,telemachus,h,3,-1.7,-2.7,0,0,0,0,-1.6,-0.1,0,-0.2,10.1,0,0,0,0,0,0,-90,-90,cup,,,HOLD / SCENE
87,175-176,7.25,athena-as-mentes,R,-1,2,13.6,180,0,1.3,0,-0.5,-3.6,-1.7,-14.9,4.5,-0.5,0,0,0,1.5,0,0,0,spear,,,WEIGHT SHIFT / HOLD / ARRIVE
87,175-176,7.25,telemachus,h,3,-1.7,-2.7,0,0,0,0,-1.7,-0.1,0,-0.2,10.1,0,0,0,0,0,0,-90,-90,cup,,,HOLD / SCENE
88,177-178,7.333,athena-as-mentes,R,-1,2,13.6,180,0,1,0,-0.4,-5.5,-1.3,-17,5.1,-0.1,0,0,0,0.4,0,0,0,spear,,,WEIGHT SHIFT / HOLD / ARRIVE
88,177-178,7.333,telemachus,h,3,-1.7,-2.7,0,0,0,0,-1.7,-0.1,0,-0.2,10.1,0,0,0,0,0,0,-90,-90,cup,,,HOLD / SCENE
89,179-180,7.417,athena-as-mentes,R,-1,2,13.6,180,0,0.2,0,-0.3,-7.3,-0.2,-17.7,5.3,0,0,0,0,0,0,0,0,spear,,,WEIGHT SHIFT / HOLD / ARRIVE
89,179-180,7.417,telemachus,h,3,-1.7,-2.7,0,0,0,0,-1.7,-0.1,0,-0.2,10,0,0,0,0,0,0,-90,-90,cup,,,HOLD / SCENE
90,181-182,7.5,athena-as-mentes,R,-1,2,13.6,180,0,-0.7,-0.1,-0.2,-8.6,1.1,-17.5,5.4,0,0,0,0,0,0,0,0,spear,,,WEIGHT SHIFT / HOLD / ARRIVE
90,181-182,7.5,telemachus,h,3,-1.7,-2.7,0,0,0,0,-1.7,-0.1,0,-0.2,10,0,0,0,0,0,0,-90,-90,cup,,,HOLD / SCENE
91,183-184,7.583,athena-as-mentes,R,-1,2,13.6,180,0,-1.4,-0.1,-0.1,-9.1,2.1,-17.1,5.5,0,0,0,0,0,0,0,0,spear,,,WEIGHT SHIFT / HOLD / ARRIVE
91,183-184,7.583,telemachus,h,3,-1.7,-2.7,0,0,0,0,-1.7,-0.1,0,-0.2,10,0,0,0,0,0,0,-90,-90,cup,,,HOLD / SCENE
92,185-186,7.667,athena-as-mentes,h,-1,2,13.6,180,0,-1.7,-0.1,-0.1,-9.1,2.6,-16.9,5.5,0,0,0,0,0,0,0,0,spear,,,WEIGHT SHIFT / HOLD / ARRIVE
92,185-186,7.667,telemachus,h,3,-1.7,-2.7,0,0,0,0,-1.7,-0.1,0,-0.2,10.1,0,0,0,0,0,0,-90,-90,cup,,,HOLD / SCENE
93,187-188,7.75,athena-as-mentes,h,-1,2,13.6,180,0,-1.7,0,0,-9.1,2.5,-16.9,5.6,0,0,0,0,0,0,0,0,spear,,,WEIGHT SHIFT / HOLD / ARRIVE
93,187-188,7.75,telemachus,h,3,-1.7,-2.7,0,0,0,0,-1.6,-0.1,0,-0.2,10.1,0,0,0,0,0,0,-90,-90,cup,,,HOLD / SCENE
94,189-190,7.833,athena-as-mentes,h,-1,2,13.6,180,0,-1.7,0,0,-9.1,2.5,-16.9,5.6,0,0,0,0,0,0,0,0,spear,,,WEIGHT SHIFT / HOLD / ARRIVE
94,189-190,7.833,telemachus,h,3,-1.7,-2.7,0,0,0,0,-1.5,-0.1,0,-0.2,10.2,0,0,0,0,0,0,-90,-90,cup,,,HOLD / SCENE
95,191-192,7.917,athena-as-mentes,h,-1,2,13.6,180,0,-1.6,0,0,-9.1,2.4,-16.9,5.6,0,0,0,0,0,0,0,0,spear,,,WEIGHT SHIFT / HOLD / ARRIVE
95,191-192,7.917,telemachus,h,3,-1.7,-2.7,0,0,0,0,-1.4,-0.1,0,-0.2,10.3,0,0,0,0,0,0,-90,-90,cup,,,HOLD / SCENE
96,193-194,8,athena-as-mentes,h,-1,2,13.6,180,0,-1.6,0,-0.1,-9.1,2.4,-16.9,5.5,0,0,0,0,0,0,0,0,spear,,,WEIGHT SHIFT / HOLD / ARRIVE
96,193-194,8,telemachus,h,3,-1.7,-2.7,0,0,0,0,-1.3,-0.1,0,-0.2,10.4,0,0,0,0,0,0,-90,-90,cup,,,HOLD / SCENE
97,195-196,8.083,athena-as-mentes,h,-1,2,13.6,180,0,-1.6,0,-0.1,-9.1,2.4,-16.9,5.5,0,0,0,0,0,0,0,0,spear,,,WEIGHT SHIFT / HOLD / ARRIVE
97,195-196,8.083,telemachus,h,3,-1.7,-2.7,0,0,0,0,-1.1,-0.1,0,-0.2,10.5,0,0,0,0,0,0,-90,-90,cup,,,HOLD / SCENE
98,197-198,8.167,athena-as-mentes,h,-1,2,13.6,180,0,-1.6,0,-0.1,-9.1,2.3,-16.9,5.5,0,0,0,0,0,0,0,0,spear,,,WEIGHT SHIFT / HOLD / ARRIVE
98,197-198,8.167,telemachus,h,3,-1.7,-2.7,0,0,0,0,-1,-0.1,0,-0.2,10.6,0,0,0,0,0,0,-90,-90,cup,,,HOLD / SCENE
99,199-200,8.25,athena-as-mentes,h,-1,2,13.6,180,0,-1.6,0,-0.1,-9.1,2.3,-16.9,4.5,0,0,0,0,0,0,0,0,spear,,,WEIGHT SHIFT / HOLD / ARRIVE
99,199-200,8.25,telemachus,h,3,-1.7,-2.7,0,0,0,0,-0.9,-0.1,0,-0.2,10.7,0,0,0,0,0,0,-90,-90,cup,,,HOLD / SCENE
100,201-202,8.333,athena-as-mentes,h,-1,2,13.6,180,0,-1.5,0,-0.1,-9.1,2.2,-16.9,3,0,0,0,0,0,0,0,0,spear,,,WEIGHT SHIFT / HOLD / ARRIVE
100,201-202,8.333,telemachus,h,3,-1.7,-2.7,0,0,0,0,-0.7,-0.1,0,-0.2,10.9,0,0,0,0,0,0,-90,-90,cup,,,HOLD / SCENE
101,203-204,8.417,athena-as-mentes,h,-1,2,13.6,180,0,-1.5,0,-0.1,-9.1,2.2,-16.9,1.5,0,0,0,0,0,0,0,0,spear,,,WEIGHT SHIFT / HOLD / ARRIVE
101,203-204,8.417,telemachus,h,3,-1.7,-2.7,0,0,0,0,-0.6,-0.1,0,-0.2,11,0,0,0,0,0,0,-90,-90,cup,,,HOLD / SCENE
102,205-206,8.5,athena-as-mentes,h,-1,2,13.6,180,0,-1.5,0,0,-9.1,2.1,-16.9,0.4,0,0,0,0,0,0,0,0,spear,,,WEIGHT SHIFT / HOLD / ARRIVE
102,205-206,8.5,telemachus,h,3,-1.7,-2.7,0,0,0,0,-0.4,-0.1,0,-0.2,11.1,0,0,0,0,0,0,-90,-90,cup,,,HOLD / SCENE
103,207-208,8.583,athena-as-mentes,h,-1,2,13.6,180,0,-1.5,0,0,-9.1,2.1,-16.9,-0.1,0,0,0,0,0,0,0,0,spear,,,WEIGHT SHIFT / HOLD / ARRIVE
103,207-208,8.583,telemachus,h,3,-1.7,-2.7,0,0,0,0,-0.3,-0.1,0,-0.2,11.2,0,0,0,0,0,0,-90,-90,cup,,,HOLD / SCENE
104,209-210,8.667,athena-as-mentes,h,-1,2,13.6,180,0,-1.4,0,0.3,-9.1,2,-16.9,-0.3,0,0,0,0,0,0,0,0,spear,,,WEIGHT SHIFT / HOLD / ARRIVE
104,209-210,8.667,telemachus,h,3,-1.7,-2.7,0,0,0,0,-0.2,-0.1,0,-0.2,11.3,0,0,0,0,0,0,-90,-90,cup,,,HOLD / SCENE
105,211-212,8.75,athena-as-mentes,h,-1,2,13.6,180,0,-1.4,0.1,0.9,-9.1,2,-16.9,-0.3,0,0,0,0,0,0,0,0,spear,,,WEIGHT SHIFT / HOLD / ARRIVE
105,211-212,8.75,telemachus,h,3,-1.7,-2.7,0,0,0,0,-0.1,-0.1,0,-0.2,11.4,0,0,0,0,0,0,-90,-90,cup,,,LOOK / HOLD / SCENE
106,213-214,8.833,athena-as-mentes,h,-1,2,13.6,180,0,-1.4,0.1,1.6,-9.1,1.9,-16.9,0,0,0,0,0,0,0,0,0,spear,,,WEIGHT SHIFT / HOLD / ARRIVE
106,213-214,8.833,telemachus,R,3,-1.7,-2.7,0,0,0,0,-0.1,0.8,0,12.6,2.8,0,0,0,0,0,0,-90,-90,cup,,,LOOK / HOLD / SCENE
107,215-216,8.917,athena-as-mentes,R,-1,2,13.6,180,0,-1.4,0.1,2.4,-9.1,1.9,-16.9,0.4,0,0,0,0,0,0,0,0,spear,,,WEIGHT SHIFT / HOLD / ARRIVE
107,215-216,8.917,telemachus,R,3,-1.7,-2.7,0,0,0,0,0,3.2,0,23,0.8,0,0,0,0,0,0,-90,-90,cup,,,LOOK / HOLD / SCENE
108,217-218,9,athena-as-mentes,h,-1,2,13.6,180,0,-1.3,0.1,2.8,-9.1,1.9,-16.9,0.9,0,0,0,0,0,0,0,0,spear,,,WEIGHT SHIFT / HOLD / ARRIVE
108,217-218,9,telemachus,R,3,-1.7,-2.7,0,0,0,0,0,6.6,0,31.2,-0.8,0,0,0,0,0,0,-90,-90,cup,,,LOOK / HOLD / SCENE
109,219-220,9.083,athena-as-mentes,h,-1,2,13.6,180,0,-1.3,0.1,2.9,-9.1,1.8,-16.9,1.3,0,0,0,0,0,0,0,0,spear,,,WEIGHT SHIFT / HOLD / ARRIVE
109,219-220,9.083,telemachus,R,3,-1.7,-2.7,0,0,0,0,0,10.5,0,37,-2,0,0,0,0,0,0,-90,-90,cup,,,LOOK / HOLD / SCENE
110,221-222,9.167,athena-as-mentes,h,-1,2,13.6,180,0,-1.3,0,2.8,-9.1,1.8,-16.9,1.7,0,0,0,0,0,0,0,0,spear,,,WEIGHT SHIFT / HOLD / ARRIVE
110,221-222,9.167,telemachus,R,3,-1.7,-2.7,0,0,0,0,0,14.5,0,40.5,-2.7,0,0,0,0,0,0,-90,-90,cup,,,LOOK / HOLD / SCENE
111,223-224,9.25,athena-as-mentes,h,-1,2,13.6,180,0,-1.3,0,2.6,-9.1,1.7,-16.9,2,0,0,0,0,0,0,0,0,spear,,,WEIGHT SHIFT / HOLD / ARRIVE
111,223-224,9.25,telemachus,R,3,-1.7,-2.7,0,0,0,0,-0.1,17.9,0,41.6,-3,0,0,0,0,0,0,-90,-90,cup,,,LOOK / HOLD / SCENE
112,225-226,9.333,athena-as-mentes,h,-1,2,13.6,180,0,-1.3,0,2.3,-9.1,1.7,-16.9,2.2,0,0,0,0,0,0,0,0,spear,,,HOLD / ARRIVE / SCENE
112,225-226,9.333,telemachus,R,3,-1.7,-2.7,0,0,0,0,-0.1,20.3,0,41.1,-3,0,0,0,0,0,0,-90,-90,cup,,,LOOK / HOLD / SCENE
113,227-228,9.417,athena-as-mentes,h,-1,2,13.6,180,0,-1.3,-0.1,1.9,-9.1,1.7,-16.9,2.3,0,0,0,0,0,0,0,0,spear,,,HOLD / ARRIVE / SCENE
113,227-228,9.417,telemachus,h,3,-1.7,-2.7,0,0,0,0,-0.2,21.2,0,40,-3.1,0,0,0,0,0,0,-90,-90,cup,,,LOOK / HOLD / SCENE
114,229-230,9.5,athena-as-mentes,h,-1,2,13.6,180,0,-1.3,-0.1,1.4,-9.1,1.7,-16.9,2.3,0,0,0,0,0,0,0,0,spear,,,HOLD / ARRIVE / SCENE
114,229-230,9.5,telemachus,h,3,-1.7,-2.7,0,0,0,0,-0.2,21.2,0,39.4,-3.1,0,0,0,0,0,0,-90,-90,cup,,,LOOK / HOLD / SCENE
115,231-232,9.583,athena-as-mentes,h,-1,2,13.6,180,0,-1.3,-0.1,0.9,-9.1,1.7,-14.1,2.1,0,0,0,0,0,0,0,0,spear,,,HOLD / ARRIVE / SCENE
115,231-232,9.583,telemachus,h,3,-1.7,-2.7,0,0,0,0,-0.3,21.2,0,39.4,-3.2,0,0,0,0,0,0,-90,-90,cup,,,HOLD / SCENE
116,233-234,9.667,athena-as-mentes,R,-1,2,13.6,180,0,-1.3,-0.1,0.3,-9.1,1.7,-9.4,1.9,0,0,0,0,0,0,0,0,spear,,,HOLD / ARRIVE / SCENE
116,233-234,9.667,telemachus,h,3,-1.7,-2.7,0,0,0,0,-0.4,21.2,0,39.4,-3.3,0,0,0,0,0,0,-90,-90,cup,,,HOLD / SCENE
117,235-236,9.75,athena-as-mentes,R,-1,2,13.6,180,0,-1.3,-0.1,-0.4,-9.1,1.7,-4.6,1.6,0,0,0,0,0,0,0,0,spear,,,LOOK / HOLD / ARRIVE
117,235-236,9.75,telemachus,h,3,-1.7,-2.7,0,0,0,0,-0.5,21.2,0,39.4,-3.3,0,0,0,0,0,0,-90,-90,cup,,,HOLD / SCENE
118,237-238,9.833,athena-as-mentes,R,-1,2,13.6,180,0,-1.3,-0.1,-1,-8.9,1.7,-1,1.2,0,0,0,0,0,0,0,0,spear,,,LOOK / HOLD / ARRIVE
118,237-238,9.833,telemachus,h,3,-1.7,-2.7,0,0,0,0,-0.6,21.2,0,39.4,-3.4,0,0,0,0,0,0,-90,-90,cup,,,HOLD / SCENE
119,239-240,9.917,athena-as-mentes,R,-1,2,13.6,180,0,-1.3,-0.1,-1.5,-8.3,1.7,1.7,0.8,0,0,0,0,0,0,0,0,spear,,,LOOK / HOLD / ARRIVE
119,239-240,9.917,telemachus,h,3,-1.7,-2.7,0,0,0,0,-0.7,21.2,0,39.4,-3.5,0,0,0,0,0,0,-90,-90,cup,,,HOLD / SCENE
120,241-242,10,athena-as-mentes,R,-1,2,13.6,180,0,-1.3,-0.1,-2,-7.5,1.7,5.9,0.3,0,0,0,0,0,0,0,0,spear,,,LOOK / HOLD / ARRIVE
120,241-242,10,telemachus,h,3,-1.7,-2.7,0,0,0,0,-0.8,21.2,0,39.4,-3.6,0,0,0,0,0,0,-90,-90,cup,,,HOLD / SCENE
121,243-244,10.083,athena-as-mentes,R,-1,2,13.6,180,0,-1.3,-0.1,-2.4,-6.6,1.7,11.5,-0.2,0,0,0,0,0,0,0,0,spear,,,LOOK / HOLD / ARRIVE
121,243-244,10.083,telemachus,h,3,-1.7,-2.7,0,0,0,0,-0.9,21.2,0,39.4,-3.7,0,0,0,0,0,0,-90,-90,cup,,,HOLD / SCENE
122,245-246,10.167,athena-as-mentes,R,-1,2,13.6,180,0,-1.3,-0.1,-2.7,-5.8,1.7,17.5,-0.7,0,0,0,0,0,0,0,0,spear,,,LOOK / HOLD / ARRIVE
122,245-246,10.167,telemachus,h,3,-1.7,-2.7,0,0,0,0,-1,21.2,0,39.4,-3.8,0,0,0,0,0,0,-90,-90,cup,,,HOLD / SCENE
123,247-248,10.25,athena-as-mentes,R,-1,2,13.6,180,0,-1.3,-0.1,-2.8,-5.2,1.7,22.6,-1.2,0,0,0,0,0,0,0,0,spear,,,LOOK / HOLD / ARRIVE
123,247-248,10.25,telemachus,h,3,-1.7,-2.7,0,0,0,0,-1.1,21.2,0,39.4,-3.9,0,0,0,0,0,0,-90,-90,cup,,,HOLD / SCENE
124,249-250,10.333,athena-as-mentes,R,-1,2,13.6,180,0,-1.3,0,-2.9,-4.9,1.7,25.8,-1.6,0,0,0,0,0,0,0,0,spear,,,LOOK / HOLD / ARRIVE
124,249-250,10.333,telemachus,h,3,-1.7,-2.7,0,0,0,0,-1.2,21.2,0,39.4,-3.9,0,0,0,0,0,0,-90,-90,cup,,,HOLD / SCENE
125,251-252,10.417,athena-as-mentes,R,-1,2,13.6,180,0,-1.3,0,-2.7,-4.9,1.7,27.4,-1.9,0,0,0,0,0,0,0,0,spear,,,LOOK / HOLD / ARRIVE
125,251-252,10.417,telemachus,h,3,-1.7,-2.7,0,0,0,0,-1.3,21.2,0,39.4,-4,0,0,0,0,0,0,-90,-90,cup,,,HOLD / SCENE
126,253-254,10.5,athena-as-mentes,R,-1,2,13.6,180,0,-1.3,0,-2.5,-4.9,1.7,28.6,-2.1,0,0,0,0,0,0,0,0,spear,,,HOLD / ARRIVE / SCENE
126,253-254,10.5,telemachus,h,3,-1.7,-2.7,0,0,0,0,-1.4,21.2,0,39.4,-4.1,0,0,0,0,0,0,-90,-90,cup,,,HOLD / SCENE
127,255-256,10.583,athena-as-mentes,h,-1,2,13.6,180,0,-1.3,0.1,-2.1,-4.9,1.7,29.3,-2.3,0,0,0,0,0,0,0,0,spear,,,HOLD / ARRIVE / SCENE
127,255-256,10.583,telemachus,h,3,-1.7,-2.7,0,0,0,0,-1.5,21.2,0,39.4,-4.1,0,0,0,0,0,0,-90,-90,cup,,,HOLD / SCENE
128,257-258,10.667,athena-as-mentes,h,-1,2,13.6,180,0,-1.3,0.1,-1.6,-4.9,1.7,29.6,-2.3,0,0,0,0,0,0,0,0,spear,,,HOLD / ARRIVE / SCENE
128,257-258,10.667,telemachus,h,3,-1.7,-2.7,0,0,0,0,-1.5,21.2,0,39.4,-4.2,0,0,0,0,0,0,-90,-90,cup,,,HOLD / SCENE
129,259-260,10.75,athena-as-mentes,h,-1,2,13.6,180,0,-1.3,0.1,-1.1,-4.9,1.7,29.4,-2.2,0,0,0,0,0,0,0,0,spear,,,HOLD / ARRIVE / SCENE
129,259-260,10.75,telemachus,h,3,-1.7,-2.7,0,0,0,0,-1.6,21.2,0,39.4,-4.3,0,0,0,0,0,0,-90,-90,cup,,,HOLD / SCENE
130,261-262,10.833,athena-as-mentes,h,-1,2,13.6,180,0,-1.3,0.1,-0.5,-4.9,1.7,28.7,-2,0,0,0,0,0,0,0,0,spear,,,HOLD / ARRIVE / SCENE
130,261-262,10.833,telemachus,h,3,-1.7,-2.7,0,0,0,0,-1.7,21.2,0,39.4,-4.3,0,0,0,0,0,0,-90,-90,cup,,,HOLD / SCENE
131,263-264,10.917,athena-as-mentes,h,-1,2,13.6,180,0,-1.3,0.1,0.1,-4.9,1.7,27.5,-1.7,0,0,0,0,0,0,0,0,spear,,,HOLD / ARRIVE / SCENE
131,263-264,10.917,telemachus,h,3,-1.7,-2.7,0,0,0,0,-1.7,21.2,0,39.4,-4.3,0,0,0,0,0,0,-90,-90,cup,,,HOLD / SCENE
132,265-266,11,athena-as-mentes,h,-1,2,13.6,180,0,-1.3,0.1,0.7,-4.9,1.7,25.8,-1.4,0,0,0,0,0,0,0,0,spear,,,HOLD / ARRIVE / SCENE
132,265-266,11,telemachus,h,3,-1.7,-2.7,0,0,0,0,-1.7,21.2,0,39.4,-4.3,0,0,0,0,0,0,-90,-90,cup,,,HOLD / SCENE
133,267-268,11.083,athena-as-mentes,R,-1,2,13.6,180,0,-1.3,0.1,1.3,-4.9,1.7,22.1,-0.9,0,0,0,0,0,0,0,0,spear,,,HOLD / ARRIVE / SCENE
133,267-268,11.083,telemachus,h,3,-1.7,-2.7,0,0,0,0,-1.7,21.2,0,39.4,-4.4,0,0,0,0,0,0,-90,-90,cup,,,HOLD / SCENE
134,269-270,11.167,athena-as-mentes,R,-1,2,13.6,180,0,-1.3,0.1,1.8,-4.9,1.7,16.1,-0.5,0,0,0,0,0,0,0,0,spear,,,HOLD / ARRIVE / SCENE
134,269-270,11.167,telemachus,h,3,-1.7,-2.7,0,0,0,0,-1.7,21.2,0,39.4,-4.3,0,0,0,0,0,0,-90,-90,cup,,,HOLD / SCENE
135,271-272,11.25,athena-as-mentes,R,-1,2,13.6,180,0,-1.3,0.1,2.3,-4.9,1.7,9.3,0,0,0,0,0,0,0,0,0,spear,,,HOLD / ARRIVE / SCENE
135,271-272,11.25,telemachus,h,3,-1.7,-2.7,0,0,0,0,-1.7,21.2,0,39.4,-4.3,0,0,0,0,0,0,-90,-90,cup,,,HOLD / SCENE
136,273-274,11.333,athena-as-mentes,R,-1,2,13.6,180,0,-1.3,0.1,2.6,-4.9,1.7,3.4,0.5,0,0,0,0,0,0,0,0,spear,,,HOLD / ARRIVE / SCENE
136,273-274,11.333,telemachus,h,3,-1.7,-2.7,0,0,0,0,-1.6,21.2,0,39.4,-4.2,0,0,0,0,0,0,-90,-90,cup,,,HOLD / SCENE
137,275-276,11.417,athena-as-mentes,R,-1,2,13.6,180,0,-1.3,0.1,2.8,-4.9,1.7,0,1,0,0,0,0,0,0,0,0,spear,,,HOLD / ARRIVE / SCENE
137,275-276,11.417,telemachus,h,3,-1.7,-2.7,0,0,0,0,-1.5,21.2,0,39.4,-4.2,0,0,0,0,0,0,-90,-90,cup,,,HOLD / SCENE
138,277-278,11.5,athena-as-mentes,R,-1,2,13.6,180,0,-1.3,0.1,2.9,-4.9,1.7,-1.2,1.4,0,0,0,0,0,0,0,0,spear,,,WEIGHT SHIFT / HOLD / ARRIVE
138,277-278,11.5,telemachus,h,3,-1.7,-2.7,0,0,0,0,-1.4,21.2,0,39.4,-4.1,0,0,0,0,0,0,-90,-90,cup,,,LOOK / HOLD / SCENE
139,279-280,11.583,athena-as-mentes,h,-1,2,13.6,180,0,-1,0,2.8,-4.9,1.3,-1.8,1.8,0,0,0,0,0,0,0,0,spear,,,WEIGHT SHIFT / HOLD / ARRIVE
139,279-280,11.583,telemachus,R,3,-1.7,-2.7,0,0,0,0,-1.3,19.9,0,25.1,1.8,0,0,0,0,0,0,-90,-90,cup,,,LOOK / HOLD / SCENE
140,281-282,11.667,athena-as-mentes,A,-1,2,13.6,180,0,-0.2,0,2.6,-4.9,0.2,-1.8,2.1,0,0,0,0,0,0,0,0,spear,,,WEIGHT SHIFT / HOLD / ARRIVE
140,281-282,11.667,telemachus,R,3,-1.7,-2.7,0,0,0,0,-1.1,16.6,0,15,-2,0,0,0,0,0,0,-90,-90,cup,,,LOOK / HOLD / SCENE
141,283-284,11.75,athena-as-mentes,A,-1,2,13.6,180,0,0.7,0,2.3,-4.9,-1.1,-1.4,2.2,0,0,0,0,0,0,0,0,spear,,,WEIGHT SHIFT / HOLD / ARRIVE
141,283-284,11.75,telemachus,R,3,-1.7,-2.7,0,0,0,0,-1,12.3,0,8.9,-4.2,0,0,0,0,0,0,-90,-90,cup,,,LOOK / HOLD / SCENE
142,285-286,11.833,athena-as-mentes,A,-1,2,13.6,180,0,1.4,-0.1,1.8,-4.9,-2.1,-0.7,2.3,0,0,0,0,0,0,0,0,spear,,,WEIGHT SHIFT / HOLD / ARRIVE
142,285-286,11.833,telemachus,R,3,-1.7,-2.7,0,0,0,0,-0.9,8,0,6.8,-4.9,0,0,0,0,0,0,-90,-90,cup,,,LOOK / HOLD / SCENE
143,287-288,11.917,athena-as-mentes,h,-1,2,13.6,180,0,1.7,-0.1,1.3,-4.9,-2.6,0,2.3,0,0,0,0,0,0,0,0,spear,,,WEIGHT SHIFT / HOLD / ARRIVE
143,287-288,11.917,telemachus,R,3,-1.7,-2.7,0,0,0,0,-0.7,4.7,0,6.7,-4.8,0,0,0,0,0,0,-90,-90,cup,,,LOOK / HOLD / SCENE
144,289-290,12,athena-as-mentes,h,-1,2,13.6,180,0,1.7,-0.1,0.7,-4.9,-2.5,0.7,2.1,0,0,0,0,0,0,0,0,spear,,,WEIGHT SHIFT / HOLD / ARRIVE
144,289-290,12,telemachus,R,3,-1.7,-2.7,0,0,0,0,-0.6,3.4,0,6.4,-4.6,0,0,0,0,0,0,-90,-90,cup,,,LOOK / HOLD / SCENE
145,291-292,12.083,athena-as-mentes,h,-1,2,13.6,180,0,1.7,-0.1,0.1,-4.9,-2.5,1.2,1.9,0,0,0,0,0,0,0,0,spear,,,WEIGHT SHIFT / HOLD / ARRIVE
145,291-292,12.083,telemachus,h,3,-1.7,-2.7,0,0,0,0,-0.4,3.4,0,6.2,-4.5,0,0,0,0,0,0,-90,-90,cup,,,HOLD / SCENE
146,293-294,12.167,athena-as-mentes,R,-1,2,13.6,180,0,1.6,-0.1,-0.5,-4.9,-2.4,1.3,1.5,0,0,0,0,0,0,0,0,spear,,,WEIGHT SHIFT / HOLD / ARRIVE
146,293-294,12.167,telemachus,h,3,-1.7,-2.7,0,0,0,0,-0.3,3.4,0,6.2,-4.4,0,0,0,0,0,0,-90,-90,cup,,,HOLD / SCENE
147,295-296,12.25,athena-as-mentes,h,-1,2,13.6,180,0,1.6,-0.1,-1.1,-4.9,-2.4,1,1.1,0,0,0,0,0,0,0,0,spear,,,WEIGHT SHIFT / HOLD / ARRIVE
147,295-296,12.25,telemachus,h,3,-1.7,-2.7,0,0,0,0,-0.2,3.4,0,6.2,-4.3,0,0,0,0,0,0,-90,-90,cup,,,HOLD / SCENE
148,297-298,12.333,athena-as-mentes,R,-1,2,13.6,180,0,1.6,-0.1,-1.6,-4.9,-2.4,0,0.7,0,0,0,0,0,0,0,0,spear,,,WEIGHT SHIFT / HOLD / ARRIVE
148,297-298,12.333,telemachus,h,3,-1.7,-2.7,0,0,0,0,-0.1,3.4,0,6.2,-4.3,0,0,0,0,0,0,-90,-90,cup,,,HOLD / SCENE
149,299-300,12.417,athena-as-mentes,R,-1,2,13.6,180,0,1.6,-0.1,-2.1,-4.9,-2.3,-3.6,0.2,-1.9,0,0,0,0,0,0,0,spear,,,WEIGHT SHIFT / HOLD / ARRIVE
149,299-300,12.417,telemachus,h,3,-1.7,-2.7,0,0,0,0,-0.1,3.4,0,6.2,-4.2,0,0,0,0,0,0,-90,-90,cup,,,HOLD / SCENE
150,301-302,12.5,athena-as-mentes,R,-1,2,13.6,180,0,1.6,-0.1,-2.5,-4.9,-2.3,-9.9,-0.3,-5.5,0,0,0,0,0,0,0,spear,,,GRIP / HOLD / ARRIVE
150,301-302,12.5,telemachus,h,3,-1.7,-2.7,0,0,0,0,0,3.4,0,6.2,-4.2,0,0,0,0,0,0,-90,-90,cup,,,REACT / SOUND / THROW DICE
151,303-304,12.583,athena-as-mentes,R,-1,2,13.6,180,0,1.5,-0.1,-2.7,-4.9,-2.2,-16.2,-0.8,-8,0,0,0,-6.3,0,0,0,spear,,,GRIP / HOLD / ARRIVE
151,303-304,12.583,telemachus,h,3,-1.7,-2.7,0,0,0,0,0,3.4,0,6.2,-4.2,0,0,0,0,0,0,-90,-90,cup,,,REACT / SOUND / THROW DICE
152,305-306,12.667,athena-as-mentes,R,-1,2,13.6,180,0,1.5,-0.1,-2.9,-4.9,-2.2,-20.1,-1.3,-8.8,0,0,0,-10.7,0,0,0,spear,,,GRIP / HOLD / ARRIVE
152,305-306,12.667,telemachus,h,3,-1.7,-2.7,0,0,0,0,0,3.4,0,6.2,-4.2,0,0,0,0,0,0,-90,-90,cup,,,REACT / SOUND / THROW DICE
153,307-308,12.75,athena-as-mentes,R,-1,2,13.6,180,0,1.5,0,-2.8,-4.9,-2.1,-21.5,-1.6,-9.1,0,0,0,-13.4,0,0,0,spear,,,GRIP / HOLD / ARRIVE
153,307-308,12.75,telemachus,h,3,-1.7,-2.7,0,0,0,0,0,3.4,0,6.2,-4.2,0,0,0,0,0,0,-90,-90,cup,,,LOOK / REACT / SOUND
154,309-310,12.833,athena-as-mentes,h,-1,2,13.6,180,0,1.5,0,-2.7,-4.9,-2.1,-22.6,-2,-9.1,0,0,0,-14.3,0,0,0,spear,,,GRIP / HOLD / ARRIVE
154,309-310,12.833,telemachus,R,3,-1.7,-2.7,0,0,0,0,-0.1,4.3,0,19,6,0,0,0,0,0,0,-90,-90,cup,,,LOOK / REACT / SOUND
155,311-312,12.917,athena-as-mentes,h,-1,2,13.6,180,0,1.4,0,-2.4,-4.9,-2,-23.2,-2.2,-8.7,0,0,0,-13.9,0,0,0,spear,,,GRIP / HOLD / ARRIVE
155,311-312,12.917,telemachus,R,3,-1.7,-2.7,0,0,0,0,-0.1,6.9,0,28.9,5.3,0,0,0,0,0,0,-90,-90,cup,,,LOOK / REACT / SOUND
156,313-314,13,athena-as-mentes,h,-1,2,13.6,180,0,1.4,0.1,-2,-4.9,-2,-23.4,-2.3,-8,0,0,0,-12.8,0,0,0,spear,,,GRIP / HOLD / ARRIVE
156,313-314,13,telemachus,R,3,-1.7,-2.7,0,0,0,0,-0.2,10.4,0,36,4.1,0,0,0,0,0,0,-90,-90,cup,,,LOOK / REACT / SOUND
157,315-316,13.083,athena-as-mentes,h,-1,2,13.6,180,0,1.4,0.1,-1.5,-4.9,-1.9,-23.2,-2.3,-6.7,0,0,0,-11.2,0,0,0,spear,,,GRIP / HOLD / ARRIVE
157,315-316,13.083,telemachus,R,3,-1.7,-2.7,0,0,0,0,-0.2,14.2,0,40.2,1.5,0,0,0,0,0,0,-90,-90,cup,,,LOOK / REACT / SOUND
158,317-318,13.167,athena-as-mentes,A,-1,2,13.6,180,0,1.4,0.1,-1,-4.9,-1.9,-22.6,-2.2,-4.6,0,0,0,-9.3,0,0,0,spear,,,GRIP / HOLD / ARRIVE
158,317-318,13.167,telemachus,R,3,-1.7,-2.7,0,0,0,0,-0.3,17.7,0,41.6,-1.7,0,0,0,0,0,0,-90,-90,cup,,,LOOK / REACT / SOUND
159,319-320,13.25,athena-as-mentes,A,-1,2,13.6,180,0,1.3,0.1,-0.4,-4.9,-1.9,-21.5,-2,-2.4,0,0,0,-7.2,0,0,0,spear,,,GRIP / HOLD / ARRIVE
159,319-320,13.25,telemachus,R,3,-1.7,-2.7,0,0,0,0,-0.4,20.2,0,41.1,-3.3,0,0,0,0,0,0,-90,-90,cup,,,LOOK / REACT / SOUND
160,321-322,13.333,athena-as-mentes,A,-1,2,13.6,180,0,1.3,0.1,0.3,-4.9,-1.8,-20.1,-1.7,-0.7,0,0,0,-5,0,0,0,spear,,,LOOK / HOLD / ARRIVE
160,321-322,13.333,telemachus,h,3,-1.7,-2.7,0,0,0,0,-0.5,21.2,0,40,-3.3,0,0,0,0,0,0,-90,-90,cup,,,LOOK / REACT / SOUND
161,323-324,13.417,athena-as-mentes,R,-1,2,13.6,180,0,1.3,0.1,0.9,-4,-1.8,-16,-1.3,-0.1,0,0,0,-3.1,0,0,0,spear,,,LOOK / HOLD / ARRIVE
161,323-324,13.417,telemachus,h,3,-1.7,-2.7,0,0,0,0,-0.6,21.2,0,39.4,-3.4,0,0,0,0,0,0,-90,-90,cup,,,LOOK / REACT / SOUND
162,325-326,13.5,athena-as-mentes,R,-1,2,13.6,180,0,1.3,0.1,1.4,-1.5,-1.7,-9.2,-0.8,-0.1,0,0,0,-1.5,0,0,0,spear,,,LOOK / HOLD / ARRIVE
162,325-326,13.5,telemachus,h,3,-1.7,-2.7,0,0,0,0,-0.7,21.2,0,39.4,-3.5,0,0,0,0,0,0,-90,-90,cup,,,REACT / SOUND / THROW DICE
163,327-328,13.583,athena-as-mentes,R,-1,2,13.6,180,0,1.3,0.1,1.9,1.9,-1.7,-2.8,-0.4,-0.1,0,0,0,-0.4,0,0,0,spear,,,LOOK / HOLD / ARRIVE
163,327-328,13.583,telemachus,h,3,-1.7,-2.7,0,0,0,0,-0.8,21.2,0,39.4,-3.6,0,0,0,0,0,0,-90,-90,cup,,,REACT / SOUND / THROW DICE
164,329-330,13.667,athena-as-mentes,R,-1,2,13.6,180,0,1.3,0.1,2.3,5.7,-1.7,1.6,0.1,0,0,0,0,0,0,0,0,spear,,,LOOK / HOLD / ARRIVE
164,329-330,13.667,telemachus,h,3,-1.7,-2.7,0,0,0,0,-0.9,21.2,0,39.4,-3.7,0,0,0,0,0,0,-90,-90,cup,,,REACT / SOUND / THROW DICE
165,331-332,13.75,athena-as-mentes,R,-1,2,13.6,180,0,1.3,0.1,2.6,9.1,-1.7,6.8,0.6,0,0,0,0,0,0,0,0,spear,,,LOOK / HOLD / ARRIVE
165,331-332,13.75,telemachus,h,3,-1.7,-2.7,0,0,0,0,-1,21.2,0,39.4,-3.8,0,0,0,0,0,0,-90,-90,cup,,,REACT / SOUND / THROW DICE
166,333-334,13.833,athena-as-mentes,R,-1,2,13.6,180,0,1.3,0.1,2.8,11.6,-1.7,13.4,1.1,0,0,0,0,0,0,0,0,spear,,,LOOK / HOLD / ARRIVE
166,333-334,13.833,telemachus,h,3,-1.7,-2.7,0,0,0,0,-1.1,21.2,0,39.4,-3.9,0,0,0,0,0,0,-90,-90,cup,,,REACT / SOUND / THROW DICE
167,335-336,13.917,athena-as-mentes,R,-1,2,13.6,180,0,1.3,0,2.9,12.6,-1.7,19.7,1.5,0,0,0,0,0,0,0,0,spear,,,LOOK / HOLD / ARRIVE
167,335-336,13.917,telemachus,h,3,-1.7,-2.7,0,0,0,0,-1.2,21.2,0,39.4,-3.9,0,0,0,0,0,0,-90,-90,cup,,,REACT / SOUND / THROW DICE
168,337-338,14,athena-as-mentes,R,-1,2,13.6,180,0,1.3,0,2.8,12.6,-1.7,23.3,1.8,0,0,0,0,0,0,0,0,spear,,,LOOK / HOLD / ARRIVE
168,337-338,14,telemachus,h,3,-1.7,-2.7,0,0,0,0,-1.3,21.2,0,39.4,-4,0,0,0,0,0,0,-90,-90,cup,,,REACT / SOUND / THROW DICE
169,339-340,14.083,athena-as-mentes,h,-1,2,13.6,180,0,1.3,0,2.4,12.6,-1.7,23.3,1.9,0,0,0,0,0,0,0,0,spear,,,HOLD / ARRIVE / SCENE
169,339-340,14.083,telemachus,h,3,-1.7,-2.7,0,0,0,0,-1.4,21.2,0,39.4,-4.1,0,0,0,0,0,0,-90,-90,cup,,,HOLD / SCENE
170,341-342,14.167,athena-as-mentes,h,-1,2,13.6,180,0,1.3,0,1.6,12.6,-1.7,23.3,1.7,0,0,0,0,0,0,0,0,spear,,,HOLD / ARRIVE / SCENE
170,341-342,14.167,telemachus,h,3,-1.7,-2.7,0,0,0,0,-1.5,21.2,0,39.4,-4.1,0,0,0,0,0,0,-90,-90,cup,,,HOLD / SCENE
171,343-344,14.25,athena-as-mentes,h,-1,2,13.6,180,0,1.3,0,0.9,12.6,-1.7,23.3,1.1,0,0,0,0,0,0,0,0,spear,,,HOLD / ARRIVE / SCENE
171,343-344,14.25,telemachus,h,3,-1.7,-2.7,0,0,0,0,-1.5,21.2,0,39.4,-4.2,0,0,0,0,0,0,-90,-90,cup,,,HOLD / SCENE
172,345-346,14.333,athena-as-mentes,h,-1,2,13.6,180,0,1.3,0,0.3,12.6,-1.7,23.3,0.6,0,0,0,0,0,0,0,0,spear,,,HOLD / ARRIVE / SCENE
172,345-346,14.333,telemachus,h,3,-1.7,-2.7,0,0,0,0,-1.6,21.2,0,39.4,-4.3,0,0,0,0,0,0,-90,-90,cup,,,HOLD / SCENE
173,347-348,14.417,athena-as-mentes,h,-1,2,13.6,180,0,1.3,0,0,12.6,-1.7,23.3,0.2,0,0,0,0,0,0,0,0,spear,,,HOLD / ARRIVE / SCENE
173,347-348,14.417,telemachus,h,3,-1.7,-2.7,0,0,0,0,-1.7,21.2,0,39.4,-4.3,0,0,0,0,0,0,-90,-90,cup,,,HOLD / SCENE
174,349-350,14.5,athena-as-mentes,h,-1,2,13.6,180,0,1.3,0,-0.1,12.6,-1.7,23.3,0.2,0,0,0,0,0,0,0,0,spear,,,HOLD / ARRIVE / SCENE
174,349-350,14.5,telemachus,h,3,-1.7,-2.7,0,0,0,0,-1.7,21.2,0,39.4,-4.3,0,0,0,0,0,0,-90,-90,cup,,,HOLD / SCENE
175,351-352,14.583,athena-as-mentes,h,-1,2,13.6,180,0,1.3,0,-0.2,12.6,-1.7,23.3,0.8,0,0,0,0,0,0,0,0,spear,,,WEIGHT SHIFT / HOLD / ARRIVE
175,351-352,14.583,telemachus,h,3,-1.7,-2.7,0,0,0,0,-1.7,21.2,0,39.4,-4.3,0,0,0,0,0,0,-90,-90,cup,,,HOLD / SCENE
176,353-354,14.667,athena-as-mentes,h,-1,2,13.6,180,0,1,0,-0.4,12.6,-1.3,23.3,1.6,0,0,0,0,0,0,0,0,spear,,,WEIGHT SHIFT / HOLD / ARRIVE
176,353-354,14.667,telemachus,h,3,-1.7,-2.7,0,0,0,0,-1.7,21.2,0,39.4,-4.4,0,0,0,0,0,0,-90,-90,cup,,,HOLD / SCENE
177,355-356,14.75,athena-as-mentes,A,-1,2,13.6,180,0,0.2,0,-0.4,12.6,-0.2,23.3,2.4,0,0,0,0,0,0,0,0,spear,,,WEIGHT SHIFT / HOLD / ARRIVE
177,355-356,14.75,telemachus,h,3,-1.7,-2.7,0,0,0,0,-1.7,21.2,0,39.4,-4.3,0,0,0,0,0,0,-90,-90,cup,,,HOLD / SCENE
178,357-358,14.833,athena-as-mentes,A,-1,2,13.6,180,0,-0.7,-0.1,-0.4,12.6,1.1,23.3,2.8,0,0,0,0,0,0,0,0,spear,,,WEIGHT SHIFT / HOLD / ARRIVE
178,357-358,14.833,telemachus,h,3,-1.7,-2.7,0,0,0,0,-1.7,21.2,0,39.4,-4.3,0,0,0,0,0,0,-90,-90,cup,,,HOLD / SCENE
179,359-360,14.917,athena-as-mentes,A,-1,2,13.6,180,0,-1.4,-0.1,-0.4,12.6,2.1,23.3,2.9,0,0,0,0,0,0,0,0,spear,,,WEIGHT SHIFT / HOLD / ARRIVE
179,359-360,14.917,telemachus,h,3,-1.7,-2.7,0,0,0,0,-1.6,21.2,0,39.4,-4.2,0,0,0,0,0,0,-90,-90,cup,,,HOLD / SCENE
180,361-362,15,athena-as-mentes,A,-1,2,13.6,180,0,-1.7,-0.1,-0.3,12.6,2.6,23.3,3,0,0,0,0,0,0,0,0,spear,,,KNOCK / KNOCK / HOLD
180,361-362,15,telemachus,R,3,-1.7,-2.7,0,0,0,0,-1.5,20,0,25.2,1.6,0,0,0,0,0,0,-90,-90,cup,,,LOOK / HOLD / SCENE
181,363-364,15.083,athena-as-mentes,A,-1,2,13.6,180,0,-1.7,0,-0.2,12.6,2.5,23.3,1.8,-9.5,0,0,0,0,0,0,0,spear,,,KNOCK / KNOCK / HOLD
181,363-364,15.083,telemachus,R,3,-1.7,-2.7,0,0,0,0,-1.4,17,0,14.2,5.5,0,0,0,0,0,0,-90,-90,cup,,,LOOK / HOLD / SCENE
182,365-366,15.167,athena-as-mentes,A,-1,2,13.6,180,0,-1.7,0.1,-0.1,12.6,2.5,23.3,1.2,-15.3,0,0,0,0,0,0,0,spear,,,KNOCK / KNOCK / HOLD
182,365-366,15.167,telemachus,R,3,-1.7,-2.7,0,0,0,0,-1.3,12.8,0,6.3,8.2,0,0,0,0,0,0,-90,-90,cup,,,LOOK / HOLD / SCENE
183,367-368,15.25,athena-as-mentes,A,-1,2,13.6,180,0,-1.6,0.1,0,12.6,2.4,23.3,1,-17.2,0,0,0,0,0,0,0,spear,,,KNOCK / KNOCK / HOLD
183,367-368,15.25,telemachus,R,3,-1.7,-2.7,0,0,0,0,-1.1,8.3,0,1.6,10,0,0,0,0,0,0,-90,-90,cup,,,LOOK / HOLD / SCENE
184,369-370,15.333,athena-as-mentes,A,-1,2,13.6,180,0,-1.6,-0.1,0,12.6,2.4,23.3,1.2,3.4,0,0,0,0,0,0,0,spear,,,LOOK / HOLD / ARRIVE
184,369-370,15.333,telemachus,R,3,-1.7,-2.7,0,0,0,0,-1,4.1,0,0,10.6,0,0,0,0,0,0,-90,-90,cup,,,LOOK / HOLD / SCENE
185,371-372,15.417,athena-as-mentes,R,-1,2,13.6,180,0,-1.6,-0.1,0,11.6,2.4,13.1,1,3.2,0,0,0,0,0,0,0,spear,,,LOOK / HOLD / ARRIVE
185,371-372,15.417,telemachus,R,3,-1.7,-2.7,0,0,0,0,-0.9,1.1,0,0,10.7,0,0,0,0,0,0,-90,-90,cup,,,LOOK / HOLD / SCENE
186,373-374,15.5,athena-as-mentes,R,-1,2,13.6,180,0,-1.6,0,0,9.3,2.3,5.9,3.3,2.5,0,0,0,0,0,0,0,spear,,,LOOK / HOLD / ARRIVE
186,373-374,15.5,telemachus,R,3,-1.7,-2.7,0,0,0,0,-0.7,-0.1,0,-0.2,10.9,0,0,0,0,0,0,-90,-90,cup,,,LOOK / HOLD / SCENE
187,375-376,15.583,athena-as-mentes,R,-1,2,13.6,180,0,-1.6,0,-0.1,6.3,2.3,1.5,4.9,1.7,0,0,0,0,0,0,0,spear,,,LOOK / HOLD / ARRIVE
187,375-376,15.583,telemachus,H,3,-1.7,-2.7,0,0,0,0,-0.6,-0.1,0,-0.2,11,0,0,0,0,0,0,-90,-90,cup,,,BREATH
188,377-378,15.667,athena-as-mentes,R,-1,2,13.6,180,0,-1.5,0,-0.1,3.3,2.2,0,5.7,0.9,0,0,0,0,0,0,0,spear,,,LOOK / HOLD / ARRIVE
188,377-378,15.667,telemachus,H,3,-1.7,-2.7,0,0,0,0,-0.4,-0.1,0,-0.2,11.1,0,0,0,0,0,0,-90,-90,cup,,,NOTICE / SOUND / KNOCK
189,379-380,15.75,athena-as-mentes,R,-1,2,13.6,180,0,-1.5,0,-0.2,0.9,2.2,0,6,0.3,0,0,0,0,0,0,0,spear,,,LOOK / HOLD / ARRIVE
189,379-380,15.75,telemachus,R,3,-1.7,-2.7,0,0,0,0,-0.3,-0.1,0,-3.7,11.2,0,0,0,0,0,0,-90,-90,cup,,,GLANCE / NOTICE / SOUND
190,381-382,15.833,athena-as-mentes,h,-1,2,13.6,180,0,-1.5,0,-0.2,0,2.1,0,6,0,0,0,0,0,0,0,0,spear,,,LOOK / HOLD / ARRIVE
190,381-382,15.833,telemachus,R,3,-1.7,-2.7,0,0,0,0,-0.2,-0.1,0,-5.8,11.3,0,0,0,0,0,0,-90,-90,cup,,,GLANCE / NOTICE / SOUND
191,383-384,15.917,athena-as-mentes,h,-1,2,13.6,180,0,-1.5,0,-0.3,0,2.1,0,6,0,0,0,0,0,0,0,0,spear,,,LOOK / HOLD / ARRIVE
191,383-384,15.917,telemachus,H,3,-1.7,-2.7,0,0,0,0,-0.1,-0.1,0,-6.4,11.4,0,0,0,0,0,0,-90,-90,cup,,,GLANCE / NOTICE / SOUND
192,385-386,16,athena-as-mentes,h,-1,2,13.6,180,0,-1.4,0,-0.4,0,2,0,5.9,0,0,0,0,0,0,0,0,spear,,,WEIGHT SHIFT / HOLD / ARRIVE
192,385-386,16,telemachus,H,3,-1.7,-2.7,0,0,0,0,-0.1,-0.1,0,-5.9,11.4,0,0,0,0,0,0,-90,-90,cup,,,GLANCE / NOTICE / SOUND
193,387-388,16.083,athena-as-mentes,h,-1,2,13.6,180,0,-1.4,0,-0.4,0,2,0,5.8,0,0,0,0,0,0,0,0,spear,,,WEIGHT SHIFT / HOLD / ARRIVE
193,387-388,16.083,telemachus,H,3,-1.7,-2.7,0,0,0,0,0,-0.1,0,-4.8,11.4,0,0,0,0,0,0,-90,-90,cup,,,GLANCE / NOTICE / SOUND
194,389-390,16.167,athena-as-mentes,h,-1,2,13.6,180,0,-1.4,0,-0.5,0,1.9,0,5.8,0,0,0,0,0,0,0,0,spear,,,WEIGHT SHIFT / HOLD / ARRIVE
194,389-390,16.167,telemachus,H,3,-1.7,-2.7,0,0,0,0,0,-0.1,0,-4.3,11.5,0,0,0,0,0,0,-90,-90,cup,,,GLANCE / NOTICE / SOUND
195,391-392,16.25,athena-as-mentes,h,-1,2,13.6,180,0,-1.4,0,-0.6,0,1.9,0,5.7,0,0,0,0,0,0,0,0,spear,,,WEIGHT SHIFT / HOLD / ARRIVE
195,391-392,16.25,telemachus,H,3,-1.7,-2.7,0,0,0,0,0,-0.1,0,-4.7,11.5,0,0,0,0,0,0,-90,-90,cup,,,GLANCE / NOTICE / SOUND
196,393-394,16.333,athena-as-mentes,h,-1,2,13.6,180,0,-1.3,0,-0.7,0,1.9,0,5.6,0,0,0,0,0,0,0,0,spear,,,WEIGHT SHIFT / HOLD / ARRIVE
196,393-394,16.333,telemachus,H,3,-1.7,-2.7,0,0,0,0,0,-0.1,0,-5.7,11.4,0,0,0,0,0,0,-90,-90,cup,,,NOTICE / SOUND / KNOCK
197,395-396,16.417,athena-as-mentes,h,-1,2,13.6,180,0,-1.3,0,-0.8,0,1.8,0,5.5,0,0,0,0,0,0,0,0,spear,,,WEIGHT SHIFT / HOLD / ARRIVE
197,395-396,16.417,telemachus,H,3,-1.7,-2.7,0,0,0,0,-0.1,-0.1,0,-5.7,11.4,0,0,0,0,0,0,-90,-90,cup,,,NOTICE / SOUND / KNOCK
198,397-398,16.5,athena-as-mentes,h,-1,2,13.6,180,0,-1.3,0,-0.9,0,1.8,0,5.5,0,0,0,0,0,0,0,0,spear,,,WEIGHT SHIFT / HOLD / ARRIVE
198,397-398,16.5,telemachus,R,3,-1.7,-2.7,0,0,0,0,-0.1,-0.9,0,-8.5,2.8,0,0,0,0,0,0,-90,-90,cup,,,SURPRISE / SNAP LOOK / NOTICE
199,399-400,16.583,athena-as-mentes,h,-1,2,13.6,180,0,-1.3,0,-1,0,1.7,0,5.4,0,0,0,0,0,0,0,0,spear,,,HOLD / ARRIVE / SCENE
199,399-400,16.583,telemachus,R,3,-1.7,-2.7,0,0,0,0.1,-3.2,-2.6,0,-9.5,-5.5,0,0,0,0,0,0,-90,-90,cup,,,SURPRISE / SNAP LOOK / NOTICE
200,401-402,16.667,athena-as-mentes,h,-1,2,13.6,180,0,-1.3,0,-1.1,0,1.7,0,5.3,0,0,0,0,0,0,0,0,spear,,,HOLD / ARRIVE / SCENE
200,401-402,16.667,telemachus,R,3,-1.7,-2.7,0,0,0,0.2,-4.2,-4.2,0,-9.4,-5.6,0,0,0,0,0,0,-90,-90,cup,,,SURPRISE / SNAP LOOK / NOTICE
201,403-404,16.75,athena-as-mentes,h,-1,2,13.6,180,0,-1.3,0,-1.2,0,1.7,0,5.2,0,0,0,0,0,0,0,0,spear,,,HOLD / ARRIVE / SCENE
201,403-404,16.75,telemachus,H,3,-1.7,-2.7,0,0,0,0.1,-4.2,-5,0,-9.4,-5.6,0,0,0,0,0,0,-90,-90,cup,,,SURPRISE / SNAP LOOK / NOTICE
202,405-406,16.833,athena-as-mentes,h,-1,2,13.6,180,0,-1.3,0,-1.3,0,1.7,0,5.1,0,0,0,0,0,0,0,0,spear,,,HOLD / ARRIVE / SCENE
202,405-406,16.833,telemachus,H,3,-1.7,-2.7,0,0,0,0.1,-4.1,-5,0,-9.3,-5.7,0,0,0,0,0,0,-90,-90,cup,,,SURPRISE / SNAP LOOK / NOTICE
203,407-408,16.917,athena-as-mentes,h,-1,2,13.6,180,0,-1.3,0,-1.4,0,1.7,0,5.1,0,0,0,0,0,0,0,0,spear,,,HOLD / ARRIVE / SCENE
203,407-408,16.917,telemachus,H,3,-1.7,-2.7,0,0,0,0.1,-4.1,-5,0,-9.3,-5.8,0,0,0,0,0,0,-90,-90,cup,,,SURPRISE / SNAP LOOK / NOTICE
204,409-410,17,athena-as-mentes,h,-1,2,13.6,180,0,-1.3,0,-1.4,0,1.7,0,5,0,0,0,0,0,0,0,0,spear,,,HOLD / ARRIVE / SCENE
204,409-410,17,telemachus,H,3,-1.7,-2.7,0,0,0,0.1,-4,-5,0,-9.3,-5.8,0,0,0,0,0,0,-90,-90,cup,,,SURPRISE / SNAP LOOK / NOTICE
205,411-412,17.083,athena-as-mentes,h,-1,2,13.6,180,0,-1.3,0,-1.5,0,1.7,0,5,0,0,0,0,0,0,0,0,spear,,,HOLD / ARRIVE / SCENE
205,411-412,17.083,telemachus,H,3,-1.7,-2.7,0,0,0,0.1,-4,-5,0,-9.3,-5.9,0,0,0,0,0,0,-90,-90,cup,,,SURPRISE / SNAP LOOK / NOTICE
206,413-414,17.167,athena-as-mentes,h,-1,2,13.6,180,0,-1.3,0,-1.6,0,1.7,0,4.9,0,0,0,0,0,0,0,0,spear,,,HOLD / ARRIVE / SCENE
206,413-414,17.167,telemachus,H,3,-1.7,-2.7,0,0,0,0.1,-4,-5,0,-9.3,-6,0,0,0,0,0,0,-90,-90,cup,,,SURPRISE / SNAP LOOK / NOTICE
207,415-416,17.25,athena-as-mentes,h,-1,2,13.6,180,0,-1.3,0,-1.6,0,1.7,0,4.9,0,0,0,0,0,0,0,0,spear,,,HOLD / ARRIVE / SCENE
207,415-416,17.25,telemachus,H,3,-1.7,-2.7,0,0,0,0.1,-3.9,-5,0,-9.3,-6.1,0,0,0,0,0,0,-90,-90,cup,,,SURPRISE / SNAP LOOK / NOTICE
208,417-418,17.333,athena-as-mentes,h,-1,2,13.6,180,0,-1.3,0,-1.7,0,1.7,0,4.8,0,0,0,0,0,0,0,0,spear,,,WEIGHT SHIFT / HOLD / ARRIVE
208,417-418,17.333,telemachus,H,3,-1.7,-2.7,0,0,0,0.1,-3.9,-5,0,-9.3,-6.2,0,0,0,0,0,0,-90,-90,cup,,,SURPRISE / SNAP LOOK / NOTICE
209,419-420,17.417,athena-as-mentes,h,-1,2,13.6,180,0,-1,0,-1.7,0,1.3,0,4.8,0,0,0,0,0,0,0,0,spear,,,WEIGHT SHIFT / HOLD / ARRIVE
209,419-420,17.417,telemachus,H,3,-1.7,-2.7,0,0,0,0.1,-3.9,-5,0,-9.3,-6.3,0,0,0,0,0,0,-90,-90,cup,,,SURPRISE / SNAP LOOK / NOTICE
210,421-422,17.5,athena-as-mentes,R,-1,2,13.6,180,0,-0.2,0,-1.7,0,0.2,0,4.8,0,0,0,0,0,0,0,0,spear,,,WEIGHT SHIFT / HOLD / ARRIVE
210,421-422,17.5,telemachus,H,3,-1.7,-2.7,0,0,0,0.1,-3.8,-5,0,-9.3,-6.3,0,0,0,0,0,0,-90,-90,cup,,,SURPRISE / SNAP LOOK / NOTICE
211,423-424,17.583,athena-as-mentes,R,-1,2,13.6,180,0,0.7,-0.1,-1.7,0,-1.1,0,4.8,0,0,0,0,0,0,0,0,spear,,,WEIGHT SHIFT / HOLD / ARRIVE
211,423-424,17.583,telemachus,H,3,-1.7,-2.7,0,0,0,0.1,-3.8,-5,0,-9.3,-6.4,0,0,0,0,0,0,-90,-90,cup,,,LOOK / SHAME / NOTICE
212,425-426,17.667,athena-as-mentes,R,-1,2,13.6,180,0,1.4,-0.1,-1.7,0,-2.1,0,4.8,0,0,0,0,0,0,0,0,spear,,,WEIGHT SHIFT / HOLD / ARRIVE
212,425-426,17.667,telemachus,R,3,-1.7,-2.7,0,0,0,0.1,-3.8,-3.6,0,9,1.8,0,0,0,0,0,0,-90,-90,cup,,,LOOK / SHAME / NOTICE
213,427-428,17.75,athena-as-mentes,h,-1,2,13.6,180,0,1.7,-0.1,-1.7,0,-2.6,0,4.8,0,0,0,0,0,0,0,0,spear,,,WEIGHT SHIFT / HOLD / ARRIVE
213,427-428,17.75,telemachus,R,3,-1.7,-2.7,0,0,0,0.1,-3.7,0.2,0,23.3,-0.8,0,0,0,0,0,0,-90,-90,cup,,,LOOK / SHAME / NOTICE
214,429-430,17.833,athena-as-mentes,h,-1,2,13.6,180,0,1.7,0,-1.6,0,-2.5,0,4.9,0,0,0,0,0,0,0,0,spear,,,WEIGHT SHIFT / HOLD / ARRIVE
214,429-430,17.833,telemachus,R,3,-1.7,-2.7,0,0,0,0,-3.5,5.3,0,33.5,-2.7,0,0,0,0,0,0,-90,-90,cup,,,LOOK / SHAME / NOTICE
215,431-432,17.917,athena-as-mentes,h,-1,2,13.6,180,0,1.7,0,-1.5,0,-2.5,0,4.9,0,0,0,0,0,0,0,0,spear,,,WEIGHT SHIFT / HOLD / ARRIVE
215,431-432,17.917,telemachus,R,3,-1.7,-2.7,0,0,0,0,-3,10.9,0,39.6,-3.9,0,0,0,0,0,0,-90,-90,cup,,,LOOK / SHAME / NOTICE
216,433-434,18,athena-as-mentes,h,-1,2,13.6,180,0,1.6,0,-1.4,0,-2.4,0,5,0,0,0,0,0,0,0,0,spear,,,WEIGHT SHIFT / HOLD / ARRIVE
216,433-434,18,telemachus,R,3,-1.7,-2.7,0,0,0,0,-2.8,16,0,41.6,-4.3,0,0,0,0,0,0,-90,-90,cup,,,HEAD DOWN / SHAME / NOTICE
217,435-436,18.083,athena-as-mentes,h,-1,2,13.6,180,0,1.6,0,-1.3,0,-2.4,0,5.1,0,0,0,0,0,0,0,0,spear,,,WEIGHT SHIFT / HOLD / ARRIVE
217,435-436,18.083,telemachus,R,3,-1.7,-2.7,0,0,0,0,-2.4,19.8,0,41.1,-3.6,0,0,0,0,0,0,-90,-90,cup,,,HEAD DOWN / SHAME / NOTICE
218,437-438,18.167,athena-as-mentes,h,-1,2,13.6,180,0,1.6,0,-1.2,0,-2.4,0,5.2,0,0,0,0,0,0,0,0,spear,,,WEIGHT SHIFT / HOLD / ARRIVE
218,437-438,18.167,telemachus,R,3,-1.7,-2.7,0,0,0,0,-1.5,21.2,0,40,-1.8,0,0,0,0,0,0,-90,-90,cup,,,HEAD DOWN / SHAME / NOTICE
219,439-440,18.25,athena-as-mentes,h,-1,2,13.6,180,0,1.6,0,-1.1,0,-2.3,0,5.3,0,0,0,0,0,0,0,0,spear,,,WEIGHT SHIFT / HOLD / ARRIVE
219,439-440,18.25,telemachus,R,3,-1.7,-2.7,0,0,0,0,-0.3,21.2,0,39.4,0.5,0,0,0,0,0,0,-90,-90,cup,,,HEAD DOWN / SHAME / NOTICE
220,441-442,18.333,athena-as-mentes,h,-1,2,13.6,180,0,1.6,0,-0.9,0,-2.3,0,5.4,0,0,0,0,0,0,0,0,spear,,,WEIGHT SHIFT / HOLD / ARRIVE
220,441-442,18.333,telemachus,R,3,-1.7,-2.7,0,0,0,0,1,21.2,0,39.4,2.9,0,0,0,0,0,0,-90,-90,cup,,,HEAD DOWN / SHAME / NOTICE
221,443-444,18.417,athena-as-mentes,h,-1,2,13.6,180,0,1.5,0,-0.8,0,-2.2,0,5.6,0,0,0,0,0,0,0,0,spear,,,WEIGHT SHIFT / HOLD / ARRIVE
221,443-444,18.417,telemachus,R,3,-1.7,-2.7,0,0,0,0,1.9,21.2,0,39.4,4.7,0,0,0,0,0,0,-90,-90,cup,,,HEAD DOWN / SHAME / NOTICE
222,445-446,18.5,athena-as-mentes,h,-1,2,13.6,180,0,1.5,0,-0.7,0,-2.2,0,5.7,0,0,0,0,0,0,0,0,spear,,,WEIGHT SHIFT / HOLD / ARRIVE
222,445-446,18.5,telemachus,H,3,-1.7,-2.7,0,0,0,0,2.4,21.2,0,39.4,5.4,0,0,0,0,0,0,-90,-90,cup,,,HEAD DOWN / SHAME / NOTICE
223,447-448,18.583,athena-as-mentes,h,-1,2,13.6,180,0,1.5,0,-0.5,0,-2.1,0,5.8,0,0,0,0,0,0,0,0,spear,,,WEIGHT SHIFT / HOLD / ARRIVE
223,447-448,18.583,telemachus,H,3,-1.7,-2.7,0,0,0,0,2.2,21.2,0,39.4,5,0,0,0,0,0,0,-90,-90,cup,,,HEAD DOWN / SHAME / NOTICE
224,449-450,18.667,athena-as-mentes,h,-1,2,13.6,180,0,1.5,0,-0.4,0,-2.1,0,5.9,0,0,0,0,0,0,0,0,spear,,,WEIGHT SHIFT / HOLD / ARRIVE
224,449-450,18.667,telemachus,H,3,-1.7,-2.7,0,0,0,0,1.8,21.2,0,39.4,3.9,0,0,0,0,0,0,-90,-90,cup,,,HEAD DOWN / SHAME / NOTICE
225,451-452,18.75,athena-as-mentes,h,-1,2,13.6,180,0,1.4,0,-0.3,0,-2,0,6,0,0,0,0,0,0,0,0,spear,,,WEIGHT SHIFT / HOLD / ARRIVE
225,451-452,18.75,telemachus,A,3,-1.7,-2.7,0,0,0,0,1.3,21.2,0,39.4,2.5,0,0,0,0,0,0,-90,-90,cup,,,HEAD DOWN / SHAME / NOTICE
226,453-454,18.833,athena-as-mentes,h,-1,2,13.6,180,0,1.4,0,-0.2,0,-2,0,6,0,0,0,0,0,0,0,0,spear,,,WEIGHT SHIFT / HOLD / ARRIVE
226,453-454,18.833,telemachus,A,3,-1.7,-2.7,0,0,0,0,0.8,21.2,0,39.4,1.1,0,0,0,0,0,0,-90,-90,cup,,,HEAD DOWN / SHAME / NOTICE
227,455-456,18.917,athena-as-mentes,h,-1,2,13.6,180,0,1.4,0,-0.1,0,-1.9,0,6.1,0,0,0,0,0,0,0,0,spear,,,WEIGHT SHIFT / HOLD / ARRIVE
227,455-456,18.917,telemachus,H,3,-1.7,-2.7,0,0,0,0,0.5,21.2,0,39.4,0,0,0,0,0,0,0,-90,-90,cup,,,HEAD DOWN / SHAME / NOTICE
228,457-458,19,athena-as-mentes,h,-1,2,13.6,180,0,1.4,0,-0.1,0,-1.9,0,6.2,0,0,0,0,0,0,0,0,spear,,,WEIGHT SHIFT / HOLD / ARRIVE
228,457-458,19,telemachus,H,3,-1.7,-2.7,0,0,0,0,0.4,21.2,0,39.4,-0.3,0,0,0,0,0,0,-90,-90,cup,,,GATHER / DECIDE / SHAME
229,459-460,19.083,athena-as-mentes,h,-1,2,13.6,180,0,1.3,0,0,0,-1.9,0,6.2,0,0,0,0,0,0,0,0,spear,,,GRIP / HOLD / ARRIVE
229,459-460,19.083,telemachus,A,3,-1.7,-2.7,0,0,0,0.1,-0.8,21.2,0,39.4,-3.2,0,0,0,0,0,0,-90,-90,cup,,,SET DOWN / SET_DOWN / DECIDE
230,461-462,19.167,athena-as-mentes,h,-1,2,13.6,180,0,1.3,0,0,0,-1.8,0,6.2,-2,0,0,0,6.3,0,0,0,spear,,,GRIP / HOLD / ARRIVE
230,461-462,19.167,telemachus,A,3,-1.7,-2.7,0,0,0,0.1,0.4,21.2,0,39.4,-2.3,-6.7,0,0,0,0,0,-90,-90,cup,,,SET DOWN / SET_DOWN / DECIDE
231,463-464,19.25,athena-as-mentes,h,-1,2,13.6,180,0,1.3,0,0,0,-1.8,0,6.2,-3.4,0,0,0,10.7,0,0,0,spear,,,GRIP / HOLD / ARRIVE
231,463-464,19.25,telemachus,A,3,-1.7,-2.7,0,0,0,0.1,2.9,21.2,0,39.4,-0.3,-21.5,0,0,0,0,0,-90,-90,cup,,,SET DOWN / SET_DOWN / DECIDE
232,465-466,19.333,athena-as-mentes,h,-1,2,13.6,180,0,1.3,0,0,0,-1.7,0,6.2,-4.3,0,0,0,13.4,0,0,0,spear,,,LOOK / HOLD / ARRIVE
232,465-466,19.333,telemachus,A,3,-1.7,-2.7,0,0,0,0.1,5.4,21.2,0,39.4,1.6,-36.3,0,0,0,0,0,-90,-90,cup,,,SET DOWN / SET_DOWN / DECIDE
233,467-468,19.417,athena-as-mentes,R,-1,2,13.6,180,0,1.3,0,-0.1,-0.5,-1.7,-6.4,2.8,-4.6,0,0,0,14.3,0,0,0,spear,,,LOOK / HOLD / ARRIVE
233,467-468,19.417,telemachus,A,3,-1.7,-2.7,0,0,0,0.1,6.6,21.2,0,39.4,2.5,-43,0,0,0,0,0,-90,-90,cup,,,SET DOWN / SET_DOWN / DECIDE
234,469-470,19.5,athena-as-mentes,R,-1,2,13.6,180,0,1.3,0,-0.1,-1.8,-1.7,-11.3,4,-4.5,0,0,0,13.9,0,0,0,spear,,,LOOK / HOLD / ARRIVE
234,469-470,19.5,telemachus,H,3,-1.7,-2.7,0,0,0,0.1,6.5,21.2,0,39.4,2.3,-42.5,0,0,0,0,0,-90,-90,cup,,,SET DOWN / SET_DOWN / DECIDE
235,471-472,19.583,athena-as-mentes,R,-1,2,13.6,180,0,1.3,0,-0.2,-3.6,-1.7,-14.9,4.8,-4.1,0,0,0,12.8,0,0,0,spear,,,LOOK / HOLD / ARRIVE
235,471-472,19.583,telemachus,H,3,-1.7,-2.7,0,0,0,0,6.3,21.2,0,39.4,1.6,-42,0,0,0,0,0,-90,-90,cup,,,RISE / RISE / DECIDE
236,473-474,19.667,athena-as-mentes,R,-1,2,13.6,180,0,1.3,0,-0.2,-5.5,-1.7,-17,5.2,-3.6,0,0,0,11.2,0,0,0,spear,,,LOOK / HOLD / ARRIVE
236,473-474,19.667,telemachus,A,3,-1.7,-2.7,0,0,0,0,7.3,21.2,0,39.4,0.6,-33.1,0,2.6,0,0,0,-90,-90,cup,,,RISE / RISE / DECIDE
237,475-476,19.75,athena-as-mentes,R,-1,2,13.6,180,0,1.3,0,-0.3,-7.3,-1.7,-17.7,5.3,-3,0,0,0,9.3,0,0,0,spear,,,LOOK / HOLD / ARRIVE
237,475-476,19.75,telemachus,A,3,-1.7,-2.7,0,0,0,0,9.4,21.2,0,39.4,-0.4,-13.6,0,8.3,0,0,0,-90,-90,cup,,,RISE / RISE / DECIDE
238,477-478,19.833,athena-as-mentes,h,-1,2,13.6,180,0,1.3,0,-0.4,-8.6,-1.7,-17.5,5.3,-2.3,0,0,0,7.2,0,0,0,spear,,,LOOK / HOLD / ARRIVE
238,477-478,19.833,telemachus,A,3,-1.7,-2.7,0,0,0,0,11.4,21.2,0,39.4,-1.1,5.9,0,13.9,0,0,0,-90,-90,cup,,,RISE / RISE / DECIDE
239,479-480,19.917,athena-as-mentes,h,-1,2,13.6,180,0,1.3,0,-0.5,-9.1,-1.7,-17.1,5.2,-1.6,0,0,0,5,0,0,0,spear,,,LOOK / HOLD / ARRIVE
239,479-480,19.917,telemachus,A,3,-1.7,-2.7,0,0,0,0,12.4,21.2,0,39.4,-1.4,14.8,0,16.5,0,0,0,-89.9,-90,cup,,,RISE / RISE / DECIDE
240,481-482,20,athena-as-mentes,h,-1,2,13.6,180,0,1.3,0,-0.6,-9.1,-1.7,-16.9,5.1,-1,0,0,0,3.1,0,0,0,spear,,,LOOK / HOLD / ARRIVE
240,481-482,20,telemachus,A,3,-1.3,-2.7,0,0,0,0,11.1,17.9,0,32.9,-1.5,10.4,0,17.6,0,0,0,-78.2,-83.9,cup,,,TRACK / APPROACH / DECIDE
241,483-484,20.083,athena-as-mentes,h,-1,2,13.6,180,0,1.3,0,-0.7,-9.1,-1.7,-16.9,5,-0.5,0,0,0,1.5,0,0,0,spear,,,GRIP / HOLD / ARRIVE
241,483-484,20.083,telemachus,A,3,-0.5,-2.7,0,0,0,0,8.2,15.5,0.1,10.6,-2.8,0.5,0,19.8,0,0,0,-52.4,-70.6,cup,,,TRACK / APPROACH / DECIDE
242,485-486,20.167,athena-as-mentes,h,-1,2,13.6,180,0,1.3,0,-0.8,-9.1,-1.7,-16.9,5,-0.1,0,0,0,0.4,0,0,0,spear,,,GRIP / HOLD / ARRIVE
242,485-486,20.167,telemachus,R,3,0.5,-2.7,0,0,0,0,4.7,9.8,0.3,-1.9,-3.7,-11.5,0,22.5,0,0,0,-20.8,-54.2,cup,,,TRACK / APPROACH / DECIDE
243,487-488,20.25,athena-as-mentes,h,-1,2,13.6,180,0,1.3,0,-0.9,-9.1,-1.7,-16.9,4.9,0,0,0,0,0,0,0,0,spear,,,LOOK / ATTEND / RISE
243,487-488,20.25,telemachus,R,3,1.4,-2.7,0,0,0,0,2,3.1,0.5,-5.3,-4,-22.2,0,25.4,0,0,0,8.2,-39.2,cup,,,TRACK / APPROACH / DECIDE
244,489-490,20.333,athena-as-mentes,R,-1,2,13.6,180,0,1.3,0,-1,-8.8,-1.7,-13.8,2.1,0,0,0,0,0,0,0,0,spear,,,LOOK / ATTEND / RISE
244,489-490,20.333,telemachus,R,3,1.9,-2.7,0,0,0,-0.1,1.1,-2.6,0.8,-4.4,-3.8,-28.1,0,28.1,0,0,0,26.3,-29.9,cup,,,TRACK / APPROACH / DECIDE
245,491-492,20.417,athena-as-mentes,R,-1,2,13.6,180,0,1.3,0,-1.1,-8,-1.7,-11.5,0.9,0,0,0,0,0,0,0,0,spear,,,LOOK / ATTEND / RISE
245,491-492,20.417,telemachus,R,2.9,2,-2.6,-2.8,0,0,-0.1,1.5,-5,1.1,-4.3,-3.5,-29.3,0,29.3,0,0,0,29.5,-29.5,cup,,,TRACK / APPROACH / DECIDE
246,493-494,20.5,athena-as-mentes,R,-1,2,13.6,180,0,1.3,0,-1.2,-7,-1.7,-10.2,0.2,0,0,0,0,0,0,0,0,spear,,,LOOK / ATTEND / RISE
246,493-494,20.5,telemachus,R,2.8,2,-2.4,-17.7,0,0,-0.1,2.1,-5,1.6,-4.3,-3.3,-38.5,0,38.5,0,0,0,42.2,-42.2,cup,,,TRACK / APPROACH / DECIDE
247,495-496,20.583,athena-as-mentes,R,-1,2,13.6,180,0,1.3,0,-1.2,-6.1,-1.7,-9.7,-0.1,0,0,0,0,0,0,0,0,spear,,,LOOK / ATTEND / RISE
247,495-496,20.583,telemachus,R,2.6,2,-2.2,-34,0,0,-0.1,2.7,-4.5,2,-3.2,0.6,-50.6,0,50.6,0,0,0,58.9,-58.9,cup,,,TRACK / APPROACH / DECIDE
248,497-498,20.667,athena-as-mentes,R,-1,2,13.6,180,0,1.3,0,-1.3,-5.3,-1.7,-9.6,-0.2,0,0,0,0,0,0,0,0,spear,,,LOOK / ATTEND / RISE
248,497-498,20.667,telemachus,R,2.4,2,-2,-39.1,0,0,-0.2,3.4,-3.3,2.6,-2.8,1.9,-54.3,0,54.3,0,0,0,64,-64,cup,,,TRACK / APPROACH / DECIDE
249,499-500,20.75,athena-as-mentes,h,-1,2,13.6,180,0,1.3,0,-1.4,-5,-1.7,-9.4,-0.2,0,0,0,0,0,0,0,0,spear,,,TRACK / ATTEND / RISE
249,499-500,20.75,telemachus,R,2.2,2,-1.7,-39.1,0,0,0,3.4,-2.1,1.1,-2.8,2,-52.6,0,52.6,0,0,0,61.7,-61.7,cup,,,TRACK / APPROACH / DECIDE
250,501-502,20.833,athena-as-mentes,h,-1,2,13.6,180,0,1.3,0,-1.5,-4.9,-1.7,-8.1,-0.8,0,0,0,0,0,0,0,0,spear,,,TRACK / ATTEND / RISE
250,501-502,20.833,telemachus,R,2,2,-1.5,-39.1,0,0,0.1,3.4,-1.5,0.3,-2.8,1.2,-45.2,0,45.2,0,0,0,51.5,-51.5,cup,,,TRACK / APPROACH / DECIDE
251,503-504,20.917,athena-as-mentes,h,-1,2,13.6,180,0,1.3,0,-1.6,-4.6,-1.7,-7.3,-1.2,0,0,0,0,0,0,0,0,spear,,,TRACK / ATTEND / RISE
251,503-504,20.917,telemachus,R,1.7,2,-1.2,-39.1,0,0,0.1,3.4,-1.5,0,-2.8,-0.3,-33.4,0,33.4,0,0,0,35.2,-35.2,cup,,,TRACK / APPROACH / DECIDE
252,505-506,21,athena-as-mentes,h,-1,2,13.6,180,0,1.3,0,-1.6,-4.2,-1.7,-7,-1.3,0,0,0,0,0,0,0,0,spear,,,TRACK / ATTEND / RISE
252,505-506,21,telemachus,R,1.5,2,-0.9,-39.1,0,0,0.1,3.4,-0.3,-0.3,8.9,-1.1,-20.1,0,20.1,0,0,0,16.9,-16.9,cup,,,TRACK / APPROACH / DECIDE
253,507-508,21.083,athena-as-mentes,h,-1,2,13.6,180,0,1.3,0,-1.7,-3.9,-1.7,-7,-1.4,0,0,0,0,0,0,0,0,spear,,,TRACK / ATTEND / RISE
253,507-508,21.083,telemachus,R,1.3,2,-0.6,-39.1,0,0,0,3.4,2.5,-1.1,15.9,-0.3,-8.9,0,8.9,0,0,0,1.5,-1.5,cup,,,TRACK / APPROACH / DECIDE
254,509-510,21.167,athena-as-mentes,h,-1,2,13.6,180,0,1.3,0,-1.7,-3.8,-1.7,-7,-1.4,0,0,0,0,0,0,0,0,spear,,,TRACK / ATTEND / RISE
254,509-510,21.167,telemachus,R,1.1,2,-0.4,-39.1,0,0,-0.2,3.4,5.8,-2.6,18.2,1.2,-3.2,0,3.2,0,0,0,-6.4,6.4,cup,,,TRACK / APPROACH / DECIDE
255,511-512,21.25,athena-as-mentes,h,-1,2,13.6,180,0,1.3,0,-1.7,-3.8,-1.7,-7,-1.4,0,0,0,0,0,0,0,0,spear,,,TRACK / ATTEND / RISE
255,511-512,21.25,telemachus,R,0.8,2,-0.1,-39.1,0,0,0,3.4,8.6,-1.1,18.2,2,-4.7,0,4.7,0,0,0,-4.4,4.4,cup,,,TRACK / APPROACH / DECIDE
256,513-514,21.333,athena-as-mentes,h,-1,2,13.6,180,0,1.3,0,-1.7,-3.6,-1.7,-5.5,-1.4,0,0,0,0,0,0,0,0,spear,,,TRACK / ATTEND / RISE
256,513-514,21.333,telemachus,R,0.6,2,0.2,-39.1,0,0,0.1,3.4,9.8,-0.3,18.2,1.2,-12.9,0,12.9,0,0,0,6.9,-6.9,cup,,,TRACK / APPROACH / DECIDE
257,515-516,21.417,athena-as-mentes,R,-1,2,13.6,180,0,1.3,0,-1.7,-3.3,-1.7,-4.5,-1.4,0,0,0,0,0,0,0,0,spear,,,TRACK / ATTEND / RISE
257,515-516,21.417,telemachus,R,0.4,2,0.5,-39.1,0,0,0.1,3.4,10,0,19.7,-0.3,-25.3,0,25.3,0,0,0,24.1,-24.1,cup,,,TRACK / APPROACH / DECIDE
258,517-518,21.5,athena-as-mentes,h,-1,2,13.6,180,0,1.3,0,-1.7,-2.8,-1.7,-4.2,-1.4,0,0,0,0,0,0,0,0,spear,,,WEIGHT SHIFT / HOLD / ARRIVE
258,517-518,21.5,telemachus,R,0.2,2,0.7,-39.1,0,0,0.1,3.4,10.3,0.3,20.6,-1.1,-38.5,0,38.5,0,0,0,42.2,-42.2,cup,,,TRACK / APPROACH / DECIDE
259,519-520,21.583,athena-as-mentes,h,-1,2,13.6,180,0,1,0,-1.6,-2.4,-1.4,-4.2,-1.3,0,0,0,0,0,0,0,0,spear,,,WEIGHT SHIFT / HOLD / ARRIVE
259,519-520,21.583,telemachus,R,0,2,1,-39.1,0,0,0,3.4,10.7,1.1,20.9,-0.3,-48.8,0,48.8,0,0,0,56.4,-56.4,cup,,,TRACK / APPROACH / DECIDE
260,521-522,21.667,athena-as-mentes,h,-1,2,13.6,180,0,0.5,0,-1.5,-2.3,-0.6,-4.2,-1.3,0,0,0,0,0,0,0,0,spear,,,WEIGHT SHIFT / HOLD / ARRIVE
260,521-522,21.667,telemachus,R,-0.3,2,1.3,-39.1,0,0,-0.2,3.4,11.1,2.6,20.9,1.2,-54,0,54,0,0,0,63.6,-63.6,cup,,,TRACK / APPROACH / DECIDE
261,523-524,21.75,athena-as-mentes,A,-1,2,13.6,180,0,-0.2,0,-1.4,-2.3,0.4,-4.2,-1.2,0,0,0,0,0,0,0,0,spear,,,LOOK / HOLD / ARRIVE
261,523-524,21.75,telemachus,R,-0.5,2,1.5,-37.6,0,0,-0.2,1.9,11.3,2.5,20.9,2,-53.4,0,53.4,0,0,0,62.8,-62.8,cup,,,TRACK / APPROACH / DECIDE
262,525-526,21.833,athena-as-mentes,R,-1,2,13.6,180,0,-0.9,-0.1,-1.3,-2.1,1.5,-2.3,-1.1,0,0,0,0,0,0,0,0,spear,,,LOOK / HOLD / ARRIVE
262,525-526,21.833,telemachus,R,-0.6,2,1.7,-25.3,0,0,-0.2,0.6,11.3,2.3,20.9,1.9,-47,0,47,0,0,0,53.9,-53.9,cup,,,TRACK / APPROACH / DECIDE
263,527-528,21.917,athena-as-mentes,R,-1,2,13.6,180,0,-1.5,-0.1,-1.2,-1.6,2.3,-1.1,-1,0,0,0,0,0,0,0,0,spear,,,LOOK / HOLD / ARRIVE
263,527-528,21.917,telemachus,R,-0.8,2,2,-9.3,0,0,-0.2,-0.4,11.1,2,19.2,1.8,-33.4,0,33.4,0,0,0,35.1,-35.1,cup,,,TRACK / APPROACH / DECIDE
264,529-530,22,athena-as-mentes,h,-1,2,13.6,180,0,-1.7,-0.1,-1.1,-1,2.6,-0.7,-0.9,0,0,0,0,0,0,0,0,spear,,,LOOK / HOLD / ARRIVE
264,529-530,22,telemachus,R,-1,2,2.2,-0.1,0,0,-0.1,-1.1,10.7,1.7,18.2,1.5,-28.7,0,28.7,0,0,0,28.7,-28.7,cup,,,TRACK / APPROACH / DECIDE
265,531-532,22.083,athena-as-mentes,h,-1,2,13.6,180,0,-1.7,0,-0.9,-0.6,2.5,-0.7,-0.8,0,0,0,0,0,0,0,0,spear,,,LOOK / HOLD / ARRIVE
265,531-532,22.083,telemachus,R,-1,2,2.2,0,0,0,-0.1,-1.6,10.2,1.3,17.9,1.2,-28.6,0,28.6,0,0,0,28.6,-28.6,cup,,,TRACK / APPROACH / DECIDE
266,533-534,22.167,athena-as-mentes,h,-1,2,13.6,180,0,-1.7,0,-0.8,-0.4,2.5,-0.7,-0.7,0,0,0,0,0,0,0,0,spear,,,LOOK / HOLD / ARRIVE
266,533-534,22.167,telemachus,H,-1,2,2.2,0,0,0,-0.1,-1.7,9.8,0.9,17.9,0.8,-28.6,0,28.6,0,0,0,28.6,-28.6,cup,,,TRACK / APPROACH / DECIDE
267,535-536,22.25,athena-as-mentes,h,-1,2,13.6,180,0,-1.6,0,-0.7,-0.4,2.4,-0.7,-0.5,0,0,0,0,0,0,0,0,spear,,,TRACK / ATTEND / RISE
267,535-536,22.25,telemachus,h,-1,2,2.2,0,0,0,-0.1,-1.5,9.6,0.6,17.9,0.5,-28.6,0,28.6,0,0,0,28.6,-28.6,cup,,,TRACK / APPROACH / DECIDE
268,537-538,22.333,athena-as-mentes,h,-1,2,13.6,180,0,-1.6,0,-0.5,-0.3,2.4,-0.3,-0.4,0,0,0,0,0,0,0,0,spear,,,TRACK / ATTEND / RISE
268,537-538,22.333,telemachus,h,-1,2,2.2,0,0,0,-0.1,-0.9,9.6,0.3,17.9,0.3,-28.6,0,28.6,0,0,0,28.6,-28.6,cup,,,TRACK / APPROACH / DECIDE
269,539-540,22.417,athena-as-mentes,h,-1,2,13.6,180,0,-1.6,0,-0.4,-0.2,2.3,-0.1,-0.3,0,0,0,0,0,0,0,0,spear,,,TRACK / ATTEND / RISE
269,539-540,22.417,telemachus,h,-1,2,2.2,0,0,0,0,-0.3,9.6,0.1,17.9,0.1,-28.6,0,28.6,0,0,0,28.6,-28.6,cup,,,TRACK / APPROACH / DECIDE
270,541-542,22.5,athena-as-mentes,R,-1,2,13.6,180,0,-1.6,0,-0.3,-0.1,2.3,0,-0.2,0,0,0,0,0,0,0,0,spear,,,TRACK / ATTEND / RISE
270,541-542,22.5,telemachus,h,-1,2,2.2,0,0,0,0,0,9.6,0,17.9,0,-28.6,0,28.6,0,0,0,28.6,-28.6,cup,,,LOOK / HOLD / APPROACH
271,543-544,22.583,athena-as-mentes,h,-1,2,13.6,180,0,-1.5,0,-0.2,0,2.2,0,-0.2,0,0,0,0,0,0,0,0,spear,,,TRACK / ATTEND / RISE
271,543-544,22.583,telemachus,A,-1,2,2.2,0,0,0,0,0,8.9,0,10,2.9,-28.6,0,28.6,0,0,0,28.6,-28.6,cup,,,LOOK / HOLD / APPROACH
272,545-546,22.667,athena-as-mentes,h,-1,2,13.6,180,0,-1.5,0,-0.1,0,2.2,0,-0.1,0,0,0,0,0,0,0,0,spear,,,TRACK / ATTEND / RISE
272,545-546,22.667,telemachus,A,-1,2,2.2,0,0,0,0,0,7.1,0,4.5,1.3,-28.6,0,28.6,0,0,0,28.6,-28.6,cup,,,LOOK / HOLD / APPROACH
273,547-548,22.75,athena-as-mentes,h,-1,2,13.6,180,0,-1.5,0,-0.1,0,2.1,0,0,0,0,0,0,0,0,0,0,spear,,,TRACK / ATTEND / RISE
273,547-548,22.75,telemachus,A,-1,2,2.2,0,0,0,0,0,4.8,0,1.1,0.3,-28.6,0,28.6,0,0,0,28.6,-28.6,cup,,,LOOK / HOLD / APPROACH
274,549-550,22.833,athena-as-mentes,h,-1,2,13.6,180,0,-1.5,0,0,0,2.1,0,0,0,0,0,0,0,0,0,0,spear,,,TRACK / ATTEND / RISE
274,549-550,22.833,telemachus,A,-1,2,2.2,0,0,0,0,0,2.5,0,0,0,-28.6,0,28.6,0,0,0,28.6,-28.6,cup,,,LOOK / HOLD / APPROACH
275,551-552,22.917,athena-as-mentes,h,-1,2,13.6,180,0,-1.4,0,0,0,2.1,0,0,0,0,0,0,0,0,0,0,spear,,,TRACK / ATTEND / RISE
275,551-552,22.917,telemachus,h,-1,2,2.2,0,0,0,0,0,0.7,0,0,0,-28.6,0,28.6,0,0,0,28.6,-28.6,cup,,,LOOK / HOLD / APPROACH
276,553-554,23,athena-as-mentes,h,-1,2,13.6,180,0,-1.4,0,0,0,2,0,0,0,0,0,0,0,0,0,0,spear,,,TRACK / ATTEND / RISE
276,553-554,23,telemachus,h,-1,2,2.2,0,0,0,0,0,0,0,0,0,-28.6,0,28.6,0,0,0,28.6,-28.6,cup,,,LOOK / HOLD / APPROACH
277,555-556,23.083,athena-as-mentes,h,-1,2,13.6,180,0,-1.4,0,0,0,2,0,0,0,0,0,0,0,0,0,0,spear,,,TRACK / ATTEND / RISE
277,555-556,23.083,telemachus,h,-1,2,2.2,0,0,0,0,0,0,0,0,0,-28.6,0,28.6,0,0,0,28.6,-28.6,cup,,,HOLD / APPROACH / DECIDE
278,557-558,23.167,athena-as-mentes,h,-1,2,13.6,180,0,-1.4,0,-0.1,0,1.9,0,-0.1,0,0,0,0,0,0,0,0,spear,,,TRACK / ATTEND / RISE
278,557-558,23.167,telemachus,h,-1,2,2.2,0,0,0,0,0,0,0,0,0,-28.6,0,28.6,0,0,0,28.6,-28.6,cup,,,HOLD / APPROACH / DECIDE
279,559-560,23.25,athena-as-mentes,h,-1,2,13.6,180,0,-1.3,0,-0.1,0,1.9,0,-0.1,0,0,0,0,0,0,0,0,spear,,,TRACK / ATTEND / RISE
279,559-560,23.25,telemachus,h,-1,2,2.2,0,0,0,0,0,0,0,0,0,-28.6,0,28.6,0,0,0,28.6,-28.6,cup,,,HOLD / APPROACH / DECIDE
280,561-562,23.333,athena-as-mentes,h,-1,2,13.6,180,0,-1.3,0,-0.2,0,1.8,0,-0.1,0,0,0,0,0,0,0,0,spear,,,TRACK / ATTEND / RISE
280,561-562,23.333,telemachus,h,-1,2,2.2,0,0,0,0,0,0,0,0,0,-28.6,0,28.6,0,0,0,28.6,-28.6,cup,,,HOLD / APPROACH / DECIDE
281,563-564,23.417,athena-as-mentes,h,-1,2,13.6,180,0,-1.3,0,-0.2,0,1.8,0,-0.2,0,0,0,0,0,0,0,0,spear,,,TRACK / ATTEND / RISE
281,563-564,23.417,telemachus,h,-1,2,2.2,0,0,0,0,0,0,0,0,0,-28.6,0,28.6,0,0,0,28.6,-28.6,cup,,,HOLD / APPROACH / DECIDE
282,565-566,23.5,athena-as-mentes,h,-1,2,13.6,180,0,-1.3,0,-0.3,0,1.7,0,-0.3,0,0,0,0,0,0,0,0,spear,,,TRACK / ATTEND / RISE
282,565-566,23.5,telemachus,h,-1,2,2.2,0,0,-0.2,0,0,0,0.3,0,0,-28.6,0,28.6,0,0,0,28.6,-28.6,cup,,,WEIGHT SHIFT / HOLD / APPROACH
283,567-568,23.583,athena-as-mentes,h,-1,2,13.6,180,0,-1.3,0,-0.4,0,1.7,0,-0.3,0,0,0,0,0,0,0,0,spear,,,TRACK / ATTEND / RISE
283,567-568,23.583,telemachus,h,-1,2,2.2,0,0,-0.6,0,0,0,0.9,0,0,-28.6,0,28.6,0,0,0,28.6,-28.6,cup,,,WEIGHT SHIFT / HOLD / APPROACH
284,569-570,23.667,athena-as-mentes,h,-1,2,13.6,180,0,-1.3,0,-0.5,0,1.7,0,-0.4,0,0,0,0,0,0,0,0,spear,,,TRACK / ATTEND / RISE
284,569-570,23.667,telemachus,h,-1,2,2.2,0,0,-1.1,-0.1,0,0,1.7,0,0,-28.6,0,28.6,0,0,0,28.6,-28.6,cup,,,WEIGHT SHIFT / HOLD / APPROACH
285,571-572,23.75,athena-as-mentes,h,-1,2,13.6,180,0,-1.3,0,-0.6,0,1.7,0,-0.5,0,0,0,0,0,0,0,0,spear,,,TRACK / ATTEND / RISE
285,571-572,23.75,telemachus,h,-1,2,2.2,0,0,-1.5,-0.1,0,0,2.3,0,0,-28.6,0,28.6,0,0,0,28.6,-28.6,cup,,,WEIGHT SHIFT / HOLD / APPROACH
286,573-574,23.833,athena-as-mentes,h,-1,2,13.6,180,0,-1.3,0,-0.7,0,1.7,0,-0.6,0,0,0,0,0,0,0,0,spear,,,TRACK / ATTEND / RISE
286,573-574,23.833,telemachus,h,-1,2,2.2,0,0,-1.7,-0.1,0,0,2.6,0,0,-28.6,0,28.6,0,0,0,28.6,-28.6,cup,,,WEIGHT SHIFT / HOLD / APPROACH
287,575-576,23.917,athena-as-mentes,h,-1,2,13.6,180,0,-1.3,0,-0.8,0,1.7,0,-0.6,0,0,0,0,0,0,0,0,spear,,,TRACK / ATTEND / RISE
287,575-576,23.917,telemachus,h,-1,2,2.2,0,0,-1.7,0,0,0,2.5,0,0,-28.6,0,28.6,0,0,0,28.6,-28.6,cup,,,WEIGHT SHIFT / HOLD / APPROACH
288,577-578,24,athena-as-mentes,h,-1,2,13.6,180,0,-1.3,0,-0.9,0,1.7,0,-0.7,0,0,0,0,0,0,0,0,spear,,,TRACK / ATTEND / RISE
288,577-578,24,telemachus,h,-1,2,2.2,0,0,-1.7,0,0,0,2.5,0,0,-28.6,0,28.6,0,0,0,28.6,-28.6,cup,,,WEIGHT SHIFT / HOLD / APPROACH
289,579-580,24.083,athena-as-mentes,h,-1,2,13.6,180,0,-1.3,0,-1,0,1.7,0,-0.8,0,0,0,0,0,0,0,0,spear,,,TRACK / ATTEND / RISE
289,579-580,24.083,telemachus,h,-1,2,2.2,0,0,-1.6,0,0,0,2.4,0,0,-28.6,0,28.6,0,0,0,28.6,-28.6,cup,,,WEIGHT SHIFT / HOLD / APPROACH
290,581-582,24.167,athena-as-mentes,h,-1,2,13.6,180,0,-1.3,0,-1.1,0,1.7,0,-0.9,0,0,0,0,0,0,0,0,spear,,,TRACK / ATTEND / RISE
290,581-582,24.167,telemachus,h,-1,2,2.2,0,0,-1.6,0,0,0,2.4,0,0,-28.6,0,28.6,0,0,0,28.6,-28.6,cup,,,WEIGHT SHIFT / HOLD / APPROACH
291,583-584,24.25,athena-as-mentes,h,-1,2,13.6,180,0,-1.3,0,-1.2,0,1.7,0,-1,0,0,0,0,0,0,0,0,spear,,,TRACK / ATTEND / RISE
291,583-584,24.25,telemachus,h,-1,2,2.2,0,0,-1.6,0,0,0,2.4,0,0,-28.6,0,28.6,0,0,0,28.6,-28.6,cup,,,WEIGHT SHIFT / HOLD / APPROACH
292,585-586,24.333,athena-as-mentes,h,-1,2,13.6,180,0,-1.3,0,-1.2,0,1.7,0,-1,0,0,0,0,0,0,0,0,spear,,,TRACK / ATTEND / RISE
292,585-586,24.333,telemachus,h,-1,2,2.2,0,0,-1.6,0,0,0,2.3,0,0,-28.6,0,28.6,0,0,0,28.6,-28.6,cup,,,WEIGHT SHIFT / HOLD / APPROACH
293,587-588,24.417,athena-as-mentes,h,-1,2,13.6,180,0,-1.3,0,-1.3,0,1.7,0,-1.1,0,0,0,0,0,0,0,0,spear,,,TRACK / ATTEND / RISE
293,587-588,24.417,telemachus,h,-1,2,2.2,0,0,-1.6,0,0,0,2.3,0,0,-28.6,0,28.6,0,0,0,28.6,-28.6,cup,,,WEIGHT SHIFT / HOLD / APPROACH
294,589-590,24.5,athena-as-mentes,h,-1,2,13.6,180,0,-1.3,0,-1.4,0,1.7,0,-1.2,0,0,0,0,0,0,0,0,spear,,,TRACK / ATTEND / RISE
294,589-590,24.5,telemachus,h,-1,2,2.2,0,0,-1.5,0,0,0,2.2,0,0,-28.6,0,28.6,0,0,0,28.6,-28.6,cup,,,WEIGHT SHIFT / HOLD / APPROACH
295,591-592,24.583,athena-as-mentes,h,-1,2,13.6,180,0,-1.3,0,-1.5,0,1.7,0,-1.2,0,0,0,0,0,0,0,0,spear,,,TRACK / ATTEND / RISE
295,591-592,24.583,telemachus,h,-1,2,2.2,0,0,-1.5,0,0,0,2.2,0,0,-28.6,0,28.6,0,0,0,28.6,-28.6,cup,,,WEIGHT SHIFT / HOLD / APPROACH
296,593-594,24.667,athena-as-mentes,h,-1,2,13.6,180,0,-1.3,0,-1.6,0,1.7,0,-1.3,0,0,0,0,0,0,0,0,spear,,,TRACK / ATTEND / RISE
296,593-594,24.667,telemachus,h,-1,2,2.2,0,0,-1.5,0,0,0,2.1,0,0,-28.6,0,28.6,0,0,0,28.6,-28.6,cup,,,WEIGHT SHIFT / HOLD / APPROACH
297,595-596,24.75,athena-as-mentes,h,-1,2,13.6,180,0,-1.3,0,-1.6,0,1.7,0,-1.3,0,0,0,0,0,0,0,0,spear,,,WEIGHT SHIFT / HOLD / ARRIVE
297,595-596,24.75,telemachus,h,-1,2,2.2,0,0,-1.5,0,0,0,2.1,0,0,-28.6,0,28.6,0,0,0,28.6,-28.6,cup,,,WEIGHT SHIFT / HOLD / APPROACH
298,597-598,24.833,athena-as-mentes,h,-1,2,13.6,180,0,-1,0,-1.7,0,1.4,0,-1.4,0,0,0,0,0,0,0,0,spear,,,WEIGHT SHIFT / HOLD / ARRIVE
298,597-598,24.833,telemachus,h,-1,2,2.2,0,0,-1.4,0,0,0,2,0,0,-28.6,0,28.6,0,0,0,28.6,-28.6,cup,,,WEIGHT SHIFT / HOLD / APPROACH
299,599-600,24.917,athena-as-mentes,h,-1,2,13.6,180,0,-0.5,0,-1.7,0,0.6,0,-1.4,0,0,0,0,0,0,0,0,spear,,,WEIGHT SHIFT / HOLD / ARRIVE
299,599-600,24.917,telemachus,h,-1,2,2.2,0,0,-1.4,0,0,0,2,0,0,-28.6,0,28.6,0,0,0,28.6,-28.6,cup,,,WEIGHT SHIFT / HOLD / APPROACH
300,601-602,25,athena-as-mentes,A,-1,2,13.6,180,0,0.2,0,-1.7,1,-0.4,3.4,1.4,0,0,0,0,0,0,0,0,spear,,,LOOK / HOLD / ARRIVE
300,601-602,25,telemachus,h,-1,2,2.2,0,0,-1.4,0,0,0,1.9,0,0,-28.6,0,28.6,0,0,0,28.6,-28.6,cup,,,WEIGHT SHIFT / HOLD / APPROACH
301,603-604,25.083,athena-as-mentes,R,-1,2,13.6,180,0,0.9,-0.1,-1.7,3.1,-1.5,10.9,1.5,0,0,0,0,0,0,0,0,spear,,,GRIP / HOLD / ARRIVE
301,603-604,25.083,telemachus,h,-1,2,2.2,0,0,-1.4,0,0,0,1.9,0,0,-28.6,0,28.6,0,0,0,28.6,-28.6,cup,,,WEIGHT SHIFT / HOLD / APPROACH
302,605-606,25.167,athena-as-mentes,R,-1,2,13.6,180,0,1.5,-0.1,-1.7,5.3,-2.3,18.4,1.7,-1.7,0,0,0,5.2,0,0,0,spear,,,GRIP / HOLD / ARRIVE
302,605-606,25.167,telemachus,h,-1,2,2.2,0,0,-1.3,0,0,0,1.9,0,0,-28.6,0,28.6,0,0,0,28.6,-28.6,cup,,,WEIGHT SHIFT / HOLD / APPROACH
303,607-608,25.25,athena-as-mentes,R,-1,2,13.6,180,0,1.7,-0.1,-1.7,6.3,-2.6,21.8,1.9,-2.9,0,0,0,9.2,0,0,0,spear,,,TRACK / ATTEND / RISE
303,607-608,25.25,telemachus,h,-1,2,2.2,0,0,-1.3,0,0,0,1.8,0,0,-28.6,0,28.6,0,0,0,28.6,-28.6,cup,,,WEIGHT SHIFT / HOLD / APPROACH
304,609-610,25.333,athena-as-mentes,R,-1,2,13.6,180,0,1.7,0,-1.6,5.6,-2.5,9.7,0.1,-3.9,0,0,0,12,0,0,0,spear,,,TRACK / ATTEND / RISE
304,609-610,25.333,telemachus,h,-1,2,2.2,0,0,-1.3,0,0,0,1.8,0,0,-28.6,0,28.6,0,0,0,28.6,-28.6,cup,,,WEIGHT SHIFT / HOLD / APPROACH
305,611-612,25.417,athena-as-mentes,R,-1,2,13.6,180,0,1.7,0,-1.5,4.1,-2.5,2.4,-0.9,-4.4,0,0,0,13.8,0,0,0,spear,,,TRACK / ATTEND / RISE
305,611-612,25.417,telemachus,h,-1,2,2.2,0,0,-1.3,0,0,0,1.7,0,0,-28.6,0,28.6,0,0,0,28.6,-28.6,cup,,,WEIGHT SHIFT / HOLD / APPROACH
306,613-614,25.5,athena-as-mentes,R,-1,2,13.6,180,0,1.6,0,-1.4,2.2,-2.4,0,-1.2,-4.6,0,0,0,14.3,0,0,0,spear,,,TRACK / ATTEND / RISE
306,613-614,25.5,telemachus,h,-1,2,2.2,0,0,-1.3,0,0,0,1.7,0,0,-28.6,0,28.6,0,0,0,28.6,-28.6,cup,,,HOLD / APPROACH / DECIDE
307,615-616,25.583,athena-as-mentes,R,-1,2,13.6,180,0,1.6,0,-1.3,0.6,-2.4,0,-1.1,-4.5,0,0,0,13.9,0,0,0,spear,,,TRACK / ATTEND / RISE
307,615-616,25.583,telemachus,h,-1,2,2.2,0,0,-1.3,0,0,0,1.7,0,0,-28.6,0,28.6,0,0,0,28.6,-28.6,cup,,,HOLD / APPROACH / DECIDE
308,617-618,25.667,athena-as-mentes,h,-1,2,13.6,180,0,1.6,0,-1.2,0,-2.3,0,-1,-4.1,0,0,0,12.8,0,0,0,spear,,,TRACK / ATTEND / RISE
308,617-618,25.667,telemachus,h,-1,2,2.2,0,0,-1.3,0,0,0,1.7,0,0,-28.6,0,28.6,0,0,0,28.6,-28.6,cup,,,HOLD / APPROACH / DECIDE
309,619-620,25.75,athena-as-mentes,h,-1,2,13.6,180,0,1.6,0,-1.1,0,-2.3,0,-0.9,-3.6,0,0,0,11.2,0,0,0,spear,,,TRACK / ATTEND / RISE
309,619-620,25.75,telemachus,h,-1,2,2.2,0,0,-1.3,0,0,0,1.7,0,0,-28.6,0,28.6,0,0,0,28.6,-28.6,cup,,,HOLD / APPROACH / DECIDE
310,621-622,25.833,athena-as-mentes,h,-1,2,13.6,180,0,1.5,0,-0.9,0,-2.2,0,-0.8,-3,0,0,0,9.3,0,0,0,spear,,,TRACK / ATTEND / RISE
310,621-622,25.833,telemachus,h,-1,2,2.2,0,0,-1.3,0,0,0,1.7,0,0,-28.6,0,28.6,0,0,0,28.6,-28.6,cup,,,LOOK / HOLD / APPROACH
311,623-624,25.917,athena-as-mentes,h,-1,2,13.6,180,0,1.5,0,-0.8,0,-2.2,0,-0.7,-2.3,0,0,0,7.2,0,0,0,spear,,,TRACK / ATTEND / RISE
311,623-624,25.917,telemachus,R,-1,2,2.2,0,0,-1.3,0,0,0.9,1.7,14.6,2.9,-28.6,0,28.6,0,0,0,28.6,-28.6,cup,,,LOOK / HOLD / APPROACH
312,625-626,26,athena-as-mentes,h,-1,2,13.6,180,0,1.5,0,-0.7,0,-2.1,0,-0.5,-1.6,0,0,0,5,0,0,0,spear,,,TRACK / ATTEND / RISE
312,625-626,26,telemachus,R,-1,2,2.2,0,0,-1.3,0,0,3.2,1.7,27,5.5,-28.6,0,28.6,0,0,0,28.6,-28.6,cup,,,LOOK / HOLD / APPROACH
313,627-628,26.083,athena-as-mentes,h,-1,2,13.6,180,0,1.5,0,-0.5,0,-2.1,0,-0.4,-1,0,0,0,3.1,0,0,0,spear,,,TRACK / ATTEND / RISE
313,627-628,26.083,telemachus,R,-1,2,2.2,0,0,-1.3,0,0,6.7,1.7,37.2,7.6,-28.6,0,28.6,0,0,0,28.6,-28.6,cup,,,LOOK / HOLD / APPROACH
314,629-630,26.167,athena-as-mentes,h,-1,2,13.6,180,0,1.4,0,-0.4,0,-2.1,0,-0.3,-0.5,0,0,0,1.5,0,0,0,spear,,,TRACK / ATTEND / RISE
314,629-630,26.167,telemachus,R,-1,2,2.2,0,0,-1.3,0,0,10.7,1.7,45.1,9.3,-28.6,0,28.6,0,0,0,28.6,-28.6,cup,,,LOOK / HOLD / APPROACH
315,631-632,26.25,athena-as-mentes,h,-1,2,13.6,180,0,1.4,0,-0.3,0,-2,0,-0.2,-0.1,0,0,0,0.4,0,0,0,spear,,,TRACK / ATTEND / RISE
315,631-632,26.25,telemachus,R,-1,2,2.2,0,0,-1.3,0,0,15,1.7,50.7,10.5,-28.6,0,28.6,0,0,0,28.6,-28.6,cup,,,LOOK / HOLD / APPROACH
316,633-634,26.333,athena-as-mentes,h,-1,2,13.6,180,0,1.4,0,-0.2,0,-2,0,-0.2,0,0,0,0,0,0,0,0,spear,,,TRACK / ATTEND / RISE
316,633-634,26.333,telemachus,R,-1,2,2.2,0,0,-1.3,0,0,19.1,1.7,54.1,11.2,-28.6,0,28.6,0,0,0,28.6,-28.6,cup,,,LOOK / HOLD / APPROACH
317,635-636,26.417,athena-as-mentes,h,-1,2,13.6,180,0,1.4,0,-0.1,0,-1.9,0,-0.1,0,0,0,0,0,0,0,0,spear,,,TRACK / ATTEND / RISE
317,635-636,26.417,telemachus,R,-1,2,2.2,0,0,-1.3,0,0,22.5,1.7,55.2,11.5,-28.6,0,28.6,0,0,0,28.6,-28.6,cup,,,LOOK / HOLD / APPROACH
318,637-638,26.5,athena-as-mentes,h,-1,2,13.6,180,0,1.3,0,-0.1,0,-1.9,0,0,0,0,0,0,0,0,0,0,spear,,,TRACK / ATTEND / RISE
318,637-638,26.5,telemachus,R,-1,2,2.2,0,0,-1.3,0,0,24.9,1.7,54.6,11.5,-28.6,0,28.6,0,0,0,28.6,-28.6,cup,,,LOOK / HOLD / APPROACH
319,639-640,26.583,athena-as-mentes,h,-1,2,13.6,180,0,1.3,0,0,0,-1.8,0,0,0,0,0,0,0,0,0,0,spear,,,TRACK / ATTEND / RISE
319,639-640,26.583,telemachus,h,-1,2,2.2,0,0,-1.3,0,0,25.8,1.7,53.3,11.5,-28.6,0,28.6,0,0,0,28.6,-28.6,cup,,,LOOK / HOLD / APPROACH
320,641-642,26.667,athena-as-mentes,h,-1,2,13.6,180,0,1.3,0,0,0,-1.8,0,0,0,0,0,0,0,0,0,0,spear,,,TRACK / ATTEND / RISE
320,641-642,26.667,telemachus,h,-1,2,2.2,0,0,-1.3,0,0,25.8,1.7,52.6,11.5,-28.6,0,28.6,0,0,0,28.6,-28.6,cup,,,LOOK / HOLD / APPROACH
321,643-644,26.75,athena-as-mentes,h,-1,2,13.6,180,0,1.3,0,0,0,-1.7,0,0,0,0,0,0,0,0,0,0,spear,,,TRACK / ATTEND / RISE
321,643-644,26.75,telemachus,h,-1,2,2.2,0,0,-1.3,0,0,25.8,1.7,52.6,11.5,-28.6,0,28.6,0,0,0,28.6,-28.6,cup,,,HOLD / APPROACH / DECIDE
322,645-646,26.833,athena-as-mentes,h,-1,2,13.6,180,0,1.3,0,0,0,-1.7,0,0,0,0,0,0,0,0,0,0,spear,,,TRACK / ATTEND / RISE
322,645-646,26.833,telemachus,h,-1,2,2.2,0,0,-1.3,0,0,25.8,1.7,52.6,11.5,-28.6,0,28.6,0,0,0,28.6,-28.6,cup,,,HOLD / APPROACH / DECIDE
323,647-648,26.917,athena-as-mentes,h,-1,2,13.6,180,0,1.3,0,-0.1,0,-1.7,0,-0.1,0,0,0,0,0,0,0,0,spear,,,TRACK / ATTEND / RISE
323,647-648,26.917,telemachus,h,-1,2,2.2,0,0,-1.3,0,0,25.8,1.7,52.6,11.5,-28.6,0,28.6,0,0,0,28.6,-28.6,cup,,,HOLD / APPROACH / DECIDE
324,649-650,27,athena-as-mentes,h,-1,2,13.6,180,0,1.3,0,-0.1,0,-1.7,0,-0.1,0,0,0,0,0,0,0,0,spear,,,TRACK / ATTEND / RISE
324,649-650,27,telemachus,h,-1,2,2.2,0,0,-1.3,0,0,25.8,1.7,52.6,11.5,-28.6,0,28.6,0,0,0,28.6,-28.6,cup,,,HOLD / APPROACH / DECIDE
325,651-652,27.083,athena-as-mentes,h,-1,2,13.6,180,0,1.3,0,-0.2,0,-1.7,0,-0.1,0,0,0,0,0,0,0,0,spear,,,TRACK / ATTEND / RISE
325,651-652,27.083,telemachus,h,-1,2,2.2,0,0,-1.3,0,0,25.8,1.7,52.6,11.5,-28.6,0,28.6,0,0,0,28.6,-28.6,cup,,,HOLD / APPROACH / DECIDE
326,653-654,27.167,athena-as-mentes,h,-1,2,13.6,180,0,1.3,0,-0.2,0,-1.7,0,-0.2,0,0,0,0,0,0,0,0,spear,,,TRACK / ATTEND / RISE
326,653-654,27.167,telemachus,h,-1,2,2.2,0,0,-1.3,0,0,25.8,1.7,52.6,11.5,-28.6,0,28.6,0,0,0,28.6,-28.6,cup,,,HOLD / APPROACH / DECIDE
327,655-656,27.25,athena-as-mentes,h,-1,2,13.6,180,0,1.3,0,-0.3,0,-1.7,0,-0.3,0,0,0,0,0,0,0,0,spear,,,LOOK / HOLD / ARRIVE
327,655-656,27.25,telemachus,h,-1,2,2.2,0,0,-1.3,0,0,25.8,1.7,52.6,11.5,-28.6,0,28.6,0,0,0,28.6,-28.6,cup,,,HOLD / APPROACH / DECIDE
328,657-658,27.333,athena-as-mentes,h,-1,2,13.6,180,0,1.3,0,-0.4,0,-1.7,0,-0.3,0,0,0,0,0,0,0,0,spear,,,LOOK / HOLD / ARRIVE
328,657-658,27.333,telemachus,h,-1,2,2.2,0,0,-1.3,0,0,25.8,1.7,52.6,11.5,-28.6,0,28.6,0,0,0,28.6,-28.6,cup,,,HOLD / APPROACH / DECIDE
329,659-660,27.417,athena-as-mentes,h,-1,2,13.6,180,0,1.3,0,-0.5,0,-1.7,0,-0.4,0,0,0,0,0,0,0,0,spear,,,LOOK / HOLD / ARRIVE
329,659-660,27.417,telemachus,h,-1,2,2.2,0,0,-1.3,0,0,25.8,1.7,52.6,11.5,-28.6,0,28.6,0,0,0,28.6,-28.6,cup,,,HOLD / APPROACH / DECIDE
330,661-662,27.5,athena-as-mentes,h,-1,2,13.6,180,0,1.3,0,-0.6,0,-1.7,0,-0.5,0,0,0,0,0,0,0,0,spear,,,WEIGHT SHIFT / HOLD / ARRIVE
330,661-662,27.5,telemachus,R,-1,2,2.2,0,0,-1.3,0,0,24.4,1.7,33.7,2.9,-28.6,0,28.6,0,0,0,28.6,-28.6,cup,,,LOOK / HOLD / APPROACH
331,663-664,27.583,athena-as-mentes,h,-1,2,13.6,180,0,1,0,-0.7,0,-1.4,0,-0.6,0,0,0,0,0,0,0,0,spear,,,WEIGHT SHIFT / HOLD / ARRIVE
331,663-664,27.583,telemachus,R,-1,2,2.2,0,0,-1.3,0,0,20.7,1.7,18.9,1.6,-28.6,0,28.6,0,0,0,28.6,-28.6,cup,,,LOOK / HOLD / APPROACH
332,665-666,27.667,athena-as-mentes,h,-1,2,13.6,180,0,0.5,0,-0.8,0,-0.6,0,-0.6,0,0,0,0,0,0,0,0,spear,,,WEIGHT SHIFT / HOLD / ARRIVE
332,665-666,27.667,telemachus,R,-1,2,2.2,0,0,-1.3,0,0,15.6,1.7,8.4,0.7,-28.6,0,28.6,0,0,0,28.6,-28.6,cup,,,LOOK / HOLD / APPROACH
333,667-668,27.75,athena-as-mentes,R,-1,2,13.6,180,0,-0.2,0,-0.9,0,0.4,0,-0.7,0,0,0,0,0,0,0,0,spear,,,TRACK / ATTEND / RISE
333,667-668,27.75,telemachus,R,-1,2,2.2,0,0,-1.3,0,0,10.1,1.7,2.1,0.2,-28.6,0,28.6,0,0,0,28.6,-28.6,cup,,,LOOK / HOLD / APPROACH
334,669-670,27.833,athena-as-mentes,R,-1,2,13.6,180,0,-0.9,-0.1,-1,0,1.5,0,-0.8,0,0,0,0,0,0,0,0,spear,,,TRACK / ATTEND / RISE
334,669-670,27.833,telemachus,R,-1,2,2.2,0,0,-1.3,0,0,5.1,1.7,0,0,-28.6,0,28.6,0,0,0,28.6,-28.6,cup,,,WEIGHT SHIFT / HOLD / APPROACH
335,671-672,27.917,athena-as-mentes,h,-1,2,13.6,180,0,-1.5,-0.1,-1.1,0,2.3,0,-0.9,0,0,0,0,0,0,0,0,spear,,,TRACK / ATTEND / RISE
335,671-672,27.917,telemachus,R,-1,2,2.2,0,0,-1,0,0,1.4,1.4,0,0,-28.6,0,28.6,0,0,0,28.6,-28.6,cup,,,WEIGHT SHIFT / HOLD / APPROACH
336,673-674,28,athena-as-mentes,h,-1,2,13.6,180,0,-1.7,-0.1,-1.2,0,2.6,0,-1,0,0,0,0,0,0,0,0,spear,,,TRACK / ATTEND / RISE
336,673-674,28,telemachus,R,-1,2,2.2,0,0,-0.5,0,0,0,0.6,0,0,-28.6,0,28.6,0,0,0,28.6,-28.6,cup,,,WEIGHT SHIFT / HOLD / APPROACH
337,675-676,28.083,athena-as-mentes,h,-1,2,13.6,180,0,-1.7,0,-1.2,0,2.5,0,-1,0,0,0,0,0,0,0,0,spear,,,TRACK / ATTEND / RISE
337,675-676,28.083,telemachus,R,-1,2,2.2,0,0,0.2,0,0,0,-0.4,0,0,-28.6,0,28.6,0,0,0,28.6,-28.6,cup,,,WEIGHT SHIFT / HOLD / APPROACH
338,677-678,28.167,athena-as-mentes,h,-1,2,13.6,180,0,-1.7,0,-1.3,0,2.5,0,-1.1,0,0,0,0,0,0,0,0,spear,,,TRACK / ATTEND / RISE
338,677-678,28.167,telemachus,R,-1,2,2.2,0,0,0.9,-0.1,0,0,-1.5,0,0,-28.6,0,28.6,0,0,0,28.6,-28.6,cup,,,WEIGHT SHIFT / HOLD / APPROACH
339,679-680,28.25,athena-as-mentes,h,-1,2,13.6,180,0,-1.6,0,-1.4,0,2.4,0,-1.2,0,0,0,0,0,0,0,0,spear,,,TRACK / ATTEND / RISE
339,679-680,28.25,telemachus,h,-1,2,2.2,0,0,1.5,-0.1,0,0,-2.3,0,0,-28.6,0,28.6,0,0,0,28.6,-28.6,cup,,,WEIGHT SHIFT / HOLD / APPROACH
340,681-682,28.333,athena-as-mentes,h,-1,2,13.6,180,0,-1.6,0,-1.5,0,2.4,0,-1.2,0,0,0,0,0,0,0,0,spear,,,TRACK / ATTEND / RISE
340,681-682,28.333,telemachus,h,-1,2,2.2,0,0,1.7,-0.1,0,0,-2.6,0,0,-28.6,0,28.6,0,0,0,28.6,-28.6,cup,,,WEIGHT SHIFT / HOLD / APPROACH
341,683-684,28.417,athena-as-mentes,h,-1,2,13.6,180,0,-1.6,0,-1.6,0,2.3,0,-1.3,0,0,0,0,0,0,0,0,spear,,,TRACK / ATTEND / RISE
341,683-684,28.417,telemachus,h,-1,2,2.2,0,0,1.7,0,0,0,-2.5,0,0,-28.6,0,28.6,0,0,0,28.6,-28.6,cup,,,WEIGHT SHIFT / HOLD / APPROACH
342,685-686,28.5,athena-as-mentes,h,-1,2,13.6,180,0,-1.6,0,-1.6,0,2.3,0,-1.3,0,0,0,0,0,0,0,0,spear,,,TRACK / ATTEND / RISE
342,685-686,28.5,telemachus,h,-1,2,2.2,0,0,1.7,0,0,0,-2.5,0,0,-28.6,0,28.6,0,0,0,28.6,-28.6,cup,,,WEIGHT SHIFT / HOLD / APPROACH
343,687-688,28.583,athena-as-mentes,h,-1,2,13.6,180,0,-1.5,0,-1.7,0,2.2,0,-1.4,0,0,0,0,0,0,0,0,spear,,,TRACK / ATTEND / RISE
343,687-688,28.583,telemachus,h,-1,2,2.2,0,0,1.6,0,0,0,-2.4,0,0,-28.6,0,28.6,0,0,0,28.6,-28.6,cup,,,WEIGHT SHIFT / HOLD / APPROACH
344,689-690,28.667,athena-as-mentes,h,-1,2,13.6,180,0,-1.5,0,-1.7,0,2.2,0,-1.4,0,0,0,0,0,0,0,0,spear,,,TRACK / ATTEND / RISE
344,689-690,28.667,telemachus,h,-1,2,2.2,0,0,1.6,0,0,0,-2.4,0,0,-28.6,0,28.6,0,0,0,28.6,-28.6,cup,,,WEIGHT SHIFT / HOLD / APPROACH
345,691-692,28.75,athena-as-mentes,h,-1,2,13.6,180,0,-1.5,0,-1.7,0,2.1,0,-1.4,0,0,0,0,0,0,0,0,spear,,,TRACK / ATTEND / RISE
345,691-692,28.75,telemachus,h,-1,2,2.2,0,0,1.6,0,0,0,-2.3,0,0,-28.6,0,28.6,0,0,0,28.6,-28.6,cup,,,WEIGHT SHIFT / HOLD / APPROACH
346,693-694,28.833,athena-as-mentes,h,-1,2,13.6,180,0,-1.5,0,-1.7,0,2.1,0,-1.4,0,0,0,0,0,0,0,0,spear,,,TRACK / ATTEND / RISE
346,693-694,28.833,telemachus,h,-1,2,2.2,0,0,1.6,0,0,0,-2.3,0,0,-28.6,0,28.6,0,0,0,28.6,-28.6,cup,,,WEIGHT SHIFT / HOLD / APPROACH
347,695-696,28.917,athena-as-mentes,h,-1,2,13.6,180,0,-1.4,0,-1.7,0,2.1,0,-1.4,0,0,0,0,0,0,0,0,spear,,,TRACK / ATTEND / RISE
347,695-696,28.917,telemachus,h,-1,2,2.2,0,0,1.5,0,0,0,-2.2,0,0,-28.6,0,28.6,0,0,0,28.6,-28.6,cup,,,WEIGHT SHIFT / HOLD / APPROACH
348,697-698,29,athena-as-mentes,h,-1,2,13.6,180,0,-1.4,0,-1.7,0,2,0,-1.4,0,0,0,0,0,0,0,0,spear,,,TRACK / ATTEND / RISE
348,697-698,29,telemachus,h,-1,2,2.2,0,0,1.5,0,0,0,-2.2,0,0,-28.6,0,28.6,0,0,0,28.6,-28.6,cup,,,WEIGHT SHIFT / HOLD / APPROACH
349,699-700,29.083,athena-as-mentes,h,-1,2,13.6,180,0,-1.4,0,-1.6,0,2,0,-1.3,0,0,0,0,0,0,0,0,spear,,,TRACK / ATTEND / RISE
349,699-700,29.083,telemachus,h,-1,2,2.2,0,0,1.5,0,0,0,-2.1,0,0,-28.6,0,28.6,0,0,0,28.6,-28.6,cup,,,WEIGHT SHIFT / HOLD / APPROACH
350,701-702,29.167,athena-as-mentes,h,-1,2,13.6,180,0,-1.4,0,-1.5,0,1.9,0,-1.3,0,0,0,0,0,0,0,0,spear,,,TRACK / ATTEND / RISE
350,701-702,29.167,telemachus,h,-1,2,2.2,0,0,1.5,0,0,0,-2.1,0,0,-28.6,0,28.6,0,0,0,28.6,-28.6,cup,,,WEIGHT SHIFT / HOLD / APPROACH
351,703-704,29.25,athena-as-mentes,h,-1,2,13.6,180,0,-1.3,0,-1.4,0,1.9,0,-1.2,0,0,0,0,0,0,0,0,spear,,,TRACK / ATTEND / RISE
351,703-704,29.25,telemachus,h,-1,2,2.2,0,0,1.4,0,0,0,-2.1,0,0,-28.6,0,28.6,0,0,0,28.6,-28.6,cup,,,WEIGHT SHIFT / HOLD / APPROACH
352,705-706,29.333,athena-as-mentes,h,-1,2,13.6,180,0,-1.3,0,-1.3,0,1.8,0,-1.1,0,0,0,0,0,0,0,0,spear,,,TRACK / ATTEND / RISE
352,705-706,29.333,telemachus,h,-1,2,2.2,0,0,1.4,0,0,0,-2,0,0,-28.6,0,28.6,0,0,0,28.6,-28.6,cup,,,WEIGHT SHIFT / HOLD / APPROACH
353,707-708,29.417,athena-as-mentes,h,-1,2,13.6,180,0,-1.3,0,-1.2,0,1.8,0,-1,0,0,0,0,0,0,0,0,spear,,,TRACK / ATTEND / RISE
353,707-708,29.417,telemachus,h,-1,2,2.2,0,0,1.4,0,0,0,-2,0,0,-28.6,0,28.6,0,0,0,28.6,-28.6,cup,,,WEIGHT SHIFT / HOLD / APPROACH
354,709-710,29.5,athena-as-mentes,h,-1,2,13.6,180,0,-1.3,0,-1.1,0,1.7,0,-0.9,0,0,0,0,0,0,0,0,spear,,,TRACK / ATTEND / RISE
354,709-710,29.5,telemachus,h,-1,2,2.2,0,0,1.4,0,0,0,-1.9,0,0,-28.6,0,28.6,0,0,0,28.6,-28.6,cup,,,WEIGHT SHIFT / HOLD / APPROACH
355,711-712,29.583,athena-as-mentes,h,-1,2,13.6,180,0,-1.3,0,-0.9,0,1.7,0,-0.8,0,0,0,0,0,0,0,0,spear,,,TRACK / ATTEND / RISE
355,711-712,29.583,telemachus,h,-1,2,2.2,0,0,1.3,0,0,0,-1.9,0,0,-28.6,0,28.6,0,0,0,28.6,-28.6,cup,,,WEIGHT SHIFT / HOLD / APPROACH
356,713-714,29.667,athena-as-mentes,h,-1,2,13.6,180,0,-1.3,0,-0.8,0,1.7,0,-0.7,0,0,0,0,0,0,0,0,spear,,,TRACK / ATTEND / RISE
356,713-714,29.667,telemachus,h,-1,2,2.2,0,0,1.3,0,0,0,-1.8,0,0,-28.6,0,28.6,0,0,0,28.6,-28.6,cup,,,WEIGHT SHIFT / HOLD / APPROACH
357,715-716,29.75,athena-as-mentes,h,-1,2,13.6,180,0,-1.3,0,-0.7,0,1.7,0,-0.5,0,0,0,0,0,0,0,0,spear,,,TRACK / ATTEND / RISE
357,715-716,29.75,telemachus,h,-1,2,2.2,0,0,1.3,0,0,0,-1.8,0,0,-28.6,0,28.6,0,0,0,28.6,-28.6,cup,,,WEIGHT SHIFT / HOLD / APPROACH
358,717-718,29.833,athena-as-mentes,h,-1,2,13.6,180,0,-1.3,0,-0.5,0,1.7,0,-0.4,0,0,0,0,0,0,0,0,spear,,,TRACK / ATTEND / RISE
358,717-718,29.833,telemachus,h,-1,2,2.2,0,0,1.3,0,0,0,-1.7,0,0,-28.6,0,28.6,0,0,0,28.6,-28.6,cup,,,HOLD / APPROACH / DECIDE
359,719-720,29.917,athena-as-mentes,h,-1,2,13.6,180,0,-1.3,0,-0.4,0,1.7,0,-0.3,0,0,0,0,0,0,0,0,spear,,,TRACK / ATTEND / RISE
359,719-720,29.917,telemachus,h,-1,2,2.2,0,0,1.3,0,0,0,-1.7,0,0,-28.6,0,28.6,0,0,0,28.6,-28.6,cup,,,HOLD / APPROACH / DECIDE
360,721-722,30,athena-as-mentes,h,-1,2,13.6,180,0,-1.3,0,-0.3,0,1.7,0,-0.2,0,0,0,0,0,0,0,0,spear,,,TRACK / ATTEND / RISE
360,721-722,30,telemachus,h,-1,2,2.2,0,0,1.3,0,0,0,-1.7,0,0,-28.6,0,28.6,0,0,0,28.6,-28.6,cup,,,HOLD / APPROACH / DECIDE
361,723-724,30.083,athena-as-mentes,h,-1,2,13.6,180,0,-1.3,0,-0.2,0,1.7,0,-0.2,0,0,0,0,0,0,0,0,spear,,,TRACK / ATTEND / RISE
361,723-724,30.083,telemachus,h,-1,2,2.2,0,0,1.3,0,0,0,-1.7,0,0,-28.6,0,28.6,0,0,0,28.6,-28.6,cup,,,HOLD / APPROACH / DECIDE
362,725-726,30.167,athena-as-mentes,h,-1,2,13.6,180,0,-1.3,0,-0.1,0,1.7,0,-0.1,0,0,0,0,0,0,0,0,spear,,,TRACK / ATTEND / RISE
362,725-726,30.167,telemachus,h,-1,2,2.2,0,0,1.3,0,0,0,-1.7,0,0,-28.6,0,28.6,0,0,0,28.6,-28.6,cup,,,HOLD / APPROACH / DECIDE
363,727-728,30.25,athena-as-mentes,h,-1,2,13.6,180,0,-1.3,0,-0.1,0,1.7,0,0,0,0,0,0,0,0,0,0,spear,,,TRACK / ATTEND / RISE
363,727-728,30.25,telemachus,h,-1,2,2.2,0,0,1.3,0,0,0,-1.7,0,0,-28.6,0,28.6,0,0,0,28.6,-28.6,cup,,,HOLD / APPROACH / DECIDE
364,729-730,30.333,athena-as-mentes,h,-1,2,13.6,180,0,-1.3,0,0,0,1.7,0,0,0,0,0,0,0,0,0,0,spear,,,TRACK / ATTEND / RISE
364,729-730,30.333,telemachus,h,-1,2,2.2,0,0,1.3,0,0,0,-1.7,0,0,-28.6,0,28.6,0,0,0,28.6,-28.6,cup,,,HOLD / APPROACH / DECIDE
365,731-732,30.417,athena-as-mentes,h,-1,2,13.6,180,0,-1.3,0,0,0,1.7,0,0,0,0,0,0,0,0,0,0,spear,,,TRACK / ATTEND / RISE
365,731-732,30.417,telemachus,h,-1,2,2.2,0,0,1.3,0,0,0,-1.7,0,0,-28.6,0,28.6,0,0,0,28.6,-28.6,cup,,,HOLD / APPROACH / DECIDE
366,733-734,30.5,athena-as-mentes,D,-1,2,13.6,180,0,-1.3,0,0,0,1.7,0,0,0,0,0,0,0,0,0,0,spear,,,WALK / APPROACH / APPROACH
366,733-734,30.5,telemachus,D,-1,2,2.2,0,0,1.3,0,0,0,-1.7,0,0,-28.6,0,28.6,0,0,0,28.6,-28.6,cup,,,WALK / APPROACH / HOLD
367,735-736,30.583,athena-as-mentes,R,-0.9,2,13.7,170.9,0,-1.3,0,0.1,0,1.6,0,0.1,-0.5,0,0.4,0,0,0,0.5,-0.5,spear,,,WALK / APPROACH / APPROACH
367,735-736,30.583,telemachus,A,-1,2,2.4,0,0,1.3,0,0.4,0,-1.3,0,0.3,-29.7,0,29.6,0,0,0,30,-30,cup,,,WALK / APPROACH / HOLD
368,737-738,30.667,athena-as-mentes,R,-0.9,2,13.8,134.7,0,-1.3,0,0.3,0,1.5,0,0.3,-5.2,0,4.4,0,0,0,6.1,-6.1,spear,,,WALK / APPROACH / APPROACH
368,737-738,30.667,telemachus,A,-1,2,2.8,0,0,1.3,-0.1,1.4,0,-0.2,0,1,-39.4,0,38.5,0,0,0,42.4,-42.4,cup,,,WALK / APPROACH / HOLD
369,739-740,30.75,athena-as-mentes,R,-0.8,2.1,13.9,87.5,0,-1.3,0,0.6,1.4,1.3,12.3,0.7,-14.5,0,12.5,0,0,0,17.3,-17.3,spear,,,TRACK / APPROACH / APPROACH
369,739-740,30.75,telemachus,A,-1,2,3.2,-0.1,0,1.3,-0.2,3.3,0.1,1.6,1.3,1.5,-52.3,0,50.1,0,0,0,58.8,-58.8,cup,,,TRACK / APPROACH / HOLD
370,741-742,30.833,athena-as-mentes,R,-0.7,2.1,14.1,47,0,-1.3,-0.1,1.1,4.4,1.3,16.4,1.1,-22.7,0,19.1,0,0,0,26.3,-26.3,spear,,,TRACK / APPROACH / APPROACH
370,741-742,30.833,telemachus,A,-1,2,3.7,-0.1,0,1.3,0,3.4,0.5,0.6,1.8,1.8,-51.2,0,47.1,0,0,0,55.4,-55.4,cup,,,TRACK / APPROACH / HOLD
371,743-744,30.917,athena-as-mentes,R,-0.6,2.1,14.2,31.1,0,-1.3,-0.1,1.8,7.4,1.4,16.4,1.5,-28.5,0,22.8,0,0,0,31.4,-31.4,spear,,,TRACK / APPROACH / APPROACH
371,743-744,30.917,telemachus,A,-1,2,4.1,-0.1,0,1.3,0.1,3.4,0.8,0.1,1.8,1,-38.2,0,31.7,0,0,0,34.8,-34.8,cup,,,TRACK / APPROACH / HOLD
372,745-746,31,athena-as-mentes,R,-0.5,2.2,14.4,31.1,0,-1.3,-0.1,2.5,8.8,1.9,16.4,1.8,-33.2,0,25.1,0,0,0,34.7,-34.7,spear,,,TRACK / APPROACH / APPROACH
372,745-746,31,telemachus,A,-1,2,4.6,-0.1,0,1.3,0.1,3.4,1,0,1.8,-0.5,-22.1,0,12.8,0,0,0,9.6,-9.6,cup,,,TRACK / APPROACH / HOLD
373,747-748,31.083,athena-as-mentes,R,-0.4,2.2,14.5,31.1,0,-1.3,-0.2,3.4,8.8,2.6,16.4,2,-36.6,0,25.8,0,0,0,35.5,-35.5,spear,,,TRACK / APPROACH / APPROACH
373,747-748,31.083,telemachus,A,-1,2,5.1,-0.1,0,1.3,0,3.4,1,-0.6,1.8,-1.3,-11.4,0,-1.1,0,0,0,-8.5,8.5,cup,,,TRACK / APPROACH / HOLD
374,749-750,31.167,athena-as-mentes,R,-0.3,2.3,14.7,31.1,0,-1.3,-0.1,3.4,9.6,1.7,18.2,2.2,-38.3,0,24.4,0,0,0,33.6,-33.6,spear,,,TRACK / APPROACH / APPROACH
374,749-750,31.167,telemachus,A,-1,2,5.6,-0.1,0,1.3,-0.2,3.4,1.1,-2.6,2.9,0,-13.1,0,-3,0,0,0,-10,10,cup,,,TRACK / APPROACH / HOLD
375,751-752,31.25,athena-as-mentes,R,-0.2,2.3,14.8,31.1,0,-1.3,0,3.4,11.4,0.9,22.4,1.9,-38.4,0,21.1,0,0,0,29.1,-29.1,spear,,,TRACK / APPROACH / APPROACH
375,751-752,31.25,telemachus,A,-1,2,6.1,-0.1,0,1.3,0,3.4,1.4,-0.6,3.3,1.5,-28.1,0,8.1,0,0,0,6.6,-6.6,cup,,,TRACK / APPROACH / HOLD
376,753-754,31.333,athena-as-mentes,R,-0.1,2.3,15,31.1,0,-1.3,0.1,3.4,13.6,0.4,27.5,1.3,-36.8,0,16,0,0,0,22,-22,spear,,,TRACK / APPROACH / APPROACH
376,753-754,31.333,telemachus,A,-1,2,6.6,-0.1,0,1.3,0.1,3.4,1.6,0,3.3,-0.1,-49.7,0,25.7,0,0,0,32,-32,cup,,,TRACK / APPROACH / HOLD
377,755-756,31.417,athena-as-mentes,R,0,2.4,15.2,31.1,0,-1.3,0.1,3.4,15.4,0.1,31.7,0.5,-34,0,9.4,0,0,0,13,-13,spear,,,TRACK / APPROACH / APPROACH
377,755-756,31.417,telemachus,A,-1,2,7.2,-0.1,0,1.3,0,3.4,1.8,0.6,3.3,-1.7,-66.9,0,38.6,0,0,0,51.1,-51.1,cup,,,TRACK / APPROACH / HOLD
378,757-758,31.5,athena-as-mentes,R,0.1,2.4,15.4,36.4,0,-1.3,0.1,3.4,16.2,0,33.5,-0.3,-30.4,0,2,0,0,0,2.7,-2.7,spear,,,TRACK / APPROACH / APPROACH
378,757-758,31.5,telemachus,A,-1,2,7.7,-0.1,0,1.3,-0.2,3.4,1.8,2.6,3.3,-0.1,-70.4,0,37.7,0,0,0,51.2,-51.2,cup,,,TRACK / APPROACH / HOLD
379,759-760,31.583,athena-as-mentes,A,0.2,2.5,15.5,36.4,0,-1.3,0.1,3.4,16.3,-0.1,33.5,-0.4,-26.6,0,-5.7,0,0,0,-7.8,7.8,spear,,,TRACK / APPROACH / APPROACH
379,759-760,31.583,telemachus,A,-1,2,8.2,-0.1,0,1.3,0,3.4,1.9,0.6,5,1.1,-59.3,0,22,0,0,0,31,-31,cup,,,TRACK / APPROACH / HOLD
380,761-762,31.667,athena-as-mentes,A,0.3,2.5,15.7,36.4,0,-1.3,0.1,3.4,16.7,-0.3,33.5,0.1,-23.4,0,-12.9,0,0,0,-17.8,17.8,spear,,,TRACK / APPROACH / APPROACH
380,761-762,31.667,telemachus,A,-1,2,8.8,-0.1,0,1.3,0.1,3.4,2.4,0,6.1,-0.7,-41.6,0,-0.4,0,0,0,1.7,-1.7,cup,,,TRACK / APPROACH / HOLD
381,763-764,31.75,athena-as-mentes,A,0.4,2.5,15.9,36.4,0,-1.3,0,3.4,17.1,-0.6,33.5,0.8,-21.4,0,-18.9,0,0,0,-26.1,26.1,spear,,,TRACK / APPROACH / APPROACH
381,763-764,31.75,telemachus,A,-1,2,9.3,-0.1,0,1.3,0,3.4,2.9,-0.6,6.4,-2.4,-29.6,0,-16.9,0,0,0,-19.7,19.7,cup,,,TRACK / APPROACH / HOLD
382,765-766,31.833,athena-as-mentes,A,0.5,2.6,16,36.4,0,-1.3,0,3.4,17.5,-1.1,33.5,1.6,-21,0,-23.3,0,0,0,-32.1,32.1,spear,,,TRACK / APPROACH / APPROACH
382,765-766,31.833,telemachus,A,-1,2,9.9,-0.1,0,1.3,-0.2,3.4,3.3,-2.6,6.4,-0.8,-32.3,0,-18.8,0,0,0,-20.9,20.9,cup,,,TRACK / APPROACH / HOLD
383,767-768,31.917,athena-as-mentes,A,0.6,2.6,16.2,43.8,0,-1.3,-0.1,3.4,17.8,-1.8,33.5,2.4,-22.7,0,-25.5,0,0,0,-35.1,35.1,spear,,,TRACK / APPROACH / APPROACH
383,767-768,31.917,telemachus,A,-1,2,10.4,-0.1,0,1.3,0,3.4,3.4,-0.6,6.4,0.8,-49.3,0,-6.3,0,0,0,-2.3,2.3,cup,,,TRACK / APPROACH / HOLD
384,769-770,32,athena-as-mentes,A,0.7,2.7,16.4,51.3,0,-1.3,-0.2,3.4,17.9,-2.6,33.5,3,-26.5,0,-25.5,0,0,0,-35.1,35.1,spear,,,TRACK / APPROACH / APPROACH
384,769-770,32,telemachus,A,-1,2,10.9,-0.1,0,1.3,0.1,3.4,3.4,0,6.4,-0.8,-71.5,0,11.5,0,0,0,23.6,-23.6,cup,,,TRACK / APPROACH / HOLD
385,771-772,32.083,athena-as-mentes,A,0.8,2.7,16.6,51.3,0,-1.3,-0.1,3.4,18,-1.7,33.5,3.4,-32.3,0,-23.3,0,0,0,-32.1,32.1,spear,,,TRACK / APPROACH / APPROACH
385,771-772,32.083,telemachus,A,-1,2,11.5,-0.1,0,1.3,0,3.4,3.9,0.6,10.6,-3.4,-87.1,0,22.9,0,0,0,40.6,-40.6,cup,,,TRACK / APPROACH / HOLD
386,773-774,32.167,athena-as-mentes,A,0.9,2.7,16.7,51.3,0,-1.3,0,3.4,18,-0.9,33.5,3.4,-39.8,0,-19.2,0,0,0,-26.5,26.5,spear,,,TRACK / APPROACH / APPROACH
386,773-774,32.167,telemachus,A,-1,2,12,-0.1,0,1.3,-0.2,3.4,4.9,2.6,12,-2.2,-88.6,0,20.5,0,0,0,38.5,-38.5,cup,,,TRACK / APPROACH / HOLD
387,775-776,32.25,athena-as-mentes,A,1,2.8,16.9,51.3,0,-1.3,0.1,3.4,18,-0.4,33.5,3,-48.6,0,-13.7,0,0,0,-18.9,18.9,spear,,,TRACK / APPROACH / APPROACH
387,775-776,32.25,telemachus,A,-1,2,12.5,-0.1,0,1.3,0,3.4,6,0.6,12,-0.6,-77.2,0,5.3,0,0,0,18.8,-18.8,cup,,,TRACK / APPROACH / HOLD
388,777-778,32.333,athena-as-mentes,A,1.1,2.8,17,51.3,0,-1.3,0.1,3.4,18,-0.1,33.5,2.5,-57.9,0,-7.3,0,0,0,-10,10,spear,,,TRACK / APPROACH / APPROACH
388,777-778,32.333,telemachus,A,-1,2,13,-0.1,0,1.3,0.1,3.4,6.4,0,12,-2.2,-60.5,0,-14.7,0,0,0,-7.8,7.8,cup,,,NOD / WELCOME / UTTERANCE
389,779-780,32.417,athena-as-mentes,A,1.2,2.8,17.2,56.3,0,-1.3,0.1,3.4,18,0,33.5,1.8,-67.3,0,-0.5,0,0,0,-0.7,0.7,spear,,,TRACK / APPROACH / APPROACH
389,779-780,32.417,telemachus,A,-1,2,13.5,-0.1,0,1.3,0,3.4,6.4,-0.6,12,-2.2,-48.1,0,-30.1,0,0,0,-28,28,cup,,,NOD / WELCOME / UTTERANCE
390,781-782,32.5,athena-as-mentes,A,1.3,2.9,17.4,43.8,0,-1.3,0,2.1,15.5,0,9.4,2.1,-76.1,0,6.1,0,0,0,8.4,-8.4,spear,,,TRACK / APPROACH / APPROACH
390,781-782,32.5,telemachus,A,-1,2,13.9,3.8,0,1.3,-0.2,3.4,6.9,-2.6,16.6,-0.6,-46.3,0,-34.5,0,0,0,-33.4,33.4,cup,,,TRACK / APPROACH / HOLD
391,783-784,32.583,athena-as-mentes,A,1.4,2.9,17.5,6.5,0,-1.3,0,0.9,9.2,0,-9.4,2.7,-83.5,0,11.7,0,0,0,16.1,-16.1,spear,,,TRACK / APPROACH / APPROACH
391,783-784,32.583,telemachus,A,-1,2,14.4,15.5,0,1.3,0,2.3,8,-0.6,19.5,0.7,-55.6,0,-27.3,0,0,0,-22.8,22.8,cup,,,TRACK / APPROACH / HOLD
392,785-786,32.667,athena-as-mentes,R,1.4,2.9,17.6,-40.8,0,-1.3,-0.1,0,1,0,-22.8,3.1,-84.7,0,11.5,0,0,0,15.8,-15.8,spear,,,TRACK / APPROACH / APPROACH
392,785-786,32.667,telemachus,A,-1,2,14.8,30.3,0,1.3,0.1,1.9,9.4,0,20.4,-1.6,-71.5,0,-13,0,0,0,-2.5,2.5,cup,,,TRACK / APPROACH / HOLD
393,787-788,32.75,athena-as-mentes,R,1.5,3,17.8,-82.8,0,-1.3,-0.1,-0.8,-7.2,0,-30.8,3.4,-79.5,0,5.4,0,0,0,7.4,-7.4,spear,,,NOD / LISTEN / UTTERANCE
393,787-788,32.75,telemachus,A,-1,2,15.2,43.4,0,1.3,0,0.3,10.5,0,20.4,-4.3,-77.3,0,-8.2,0,0,0,4.3,-4.3,cup,,,TRACK / APPROACH / HOLD
394,789-790,32.833,athena-as-mentes,R,1.6,3,17.9,-110.2,0,-1.3,-0.1,-1.3,-13.5,0,-33.5,6.8,-74.6,0,0.1,0,0,0,0.2,-0.2,spear,,,NOD / LISTEN / UTTERANCE
394,789-790,32.833,telemachus,A,-1,2,15.6,50,0,1.3,-0.1,-0.8,11,0,20.4,-5,-74.6,0,-11.3,0,0,0,0.2,-0.2,cup,,,TRACK / APPROACH / HOLD
395,791-792,32.917,athena-as-mentes,R,1.6,3,17.9,-126.9,0,-1.3,-0.1,-1.6,-16,0,-33.5,8.9,-74.5,0,0,0,0,0,0,0,spear,,,NOD / LISTEN / UTTERANCE
395,791-792,32.917,telemachus,A,-1,2,15.6,50.2,0,1.3,-0.1,-1.5,11,0,20.4,-4.9,-74.5,0,-11.5,0,0,0,0,0,cup,,,TRACK / APPROACH / HOLD
396,793-794,33,athena-as-mentes,R,1.6,3,17.9,-149.9,0,-1.3,-0.1,-1.7,-14.4,0,-14.9,8.2,-74.5,0,0,0,0,0,0,0,spear,,,LOOK / LISTEN / UTTERANCE
396,793-794,33,telemachus,A,-1.1,2,15.6,50.2,0,1.3,-0.1,-1.7,9.8,0,9.1,2.5,-74.5,0,-11.5,0,0,0,5,-2.9,cup,,,LOOK / WELCOME / UTTERANCE
397,795-796,33.083,athena-as-mentes,R,1.6,3,17.9,-176.2,0,-1.3,-0.1,-1.5,-10.4,0,-3.7,12.1,-74.5,0,0,0,0,0,0,0,spear,,,LOOK / LISTEN / UTTERANCE
397,795-796,33.083,telemachus,A,-1.3,2,15.4,50.2,0,1.3,-0.1,-1.5,7.1,0,2.3,-6.9,-74.5,0,-11.5,0,0,0,20.1,-11.5,cup,,,LOOK / WELCOME / UTTERANCE
398,797-798,33.167,athena-as-mentes,R,1.6,3,17.9,-202.5,0,-1.3,-0.1,-0.9,-5.6,0,0,11.2,-74.5,0,0,0,0,0,0,0,spear,,,LOOK / LISTEN / UTTERANCE
398,797-798,33.167,telemachus,A,-1.5,2,15.2,50.2,0,1.3,-0.1,-0.9,3.9,0,0,-10,-74.5,0,-11.5,0,0,0,15.6,-5.5,cup,,,LOOK / WELCOME / UTTERANCE
399,799-800,33.25,athena-as-mentes,R,1.6,3,17.9,-225.4,0,-1.3,0,-0.3,-1.7,0,0,9.8,-74.5,0,0,0,0,0,0,0,spear,,,LOOK / LISTEN / UTTERANCE
399,799-800,33.25,telemachus,A,-1.6,2,15.1,50.2,0,1.3,0,-0.3,1.1,0,0,-9.9,-74.5,0,-11.5,0,0,0,7.3,5.5,cup,,,LOOK / WELCOME / UTTERANCE
400,801-802,33.333,athena-as-mentes,R,1.6,3,17.9,-241.7,0,-1.3,0,0,0,0,0,9.8,-74.5,0,0,0,0,0,0,0,spear,,,LOOK / LISTEN / UTTERANCE
400,801-802,33.333,telemachus,A,-1.7,2,15.1,50.2,0,1.3,0,0,0,0,0,-9.8,-74.5,0,-11.5,0,0,0,2.9,11.5,cup,,,LOOK / WELCOME / UTTERANCE
401,803-804,33.417,athena-as-mentes,R,1.6,3,17.9,-247.8,0,-1.3,0,0,0,0,0,9.8,-74.5,0,0,0,0,0,0,0,spear,,,LOOK / LISTEN / UTTERANCE
401,803-804,33.417,telemachus,A,-1.7,2,15,50.2,0,1.3,0,0,0,0,0,-9.8,-74.5,0,-11.5,0,0,0,0,0,cup,,,LOOK / WELCOME / UTTERANCE
402,805-806,33.5,athena-as-mentes,H,1.6,3,17.9,-247.8,0,-1.3,0,0,0,0,0,9.8,-74.5,0,0,0,0,0,0,0,spear,,,LISTEN / UTTERANCE
402,805-806,33.5,telemachus,H,-1.7,2,15,50.2,0,1.3,0,0,0,0,0,-9.8,-74.5,0,-11.5,0,0,0,0,0,cup,,,LOOK / WELCOME / UTTERANCE
403,807-808,33.583,athena-as-mentes,H,1.6,3,17.9,-247.8,0,-1.3,0,0,0,0,0,9.8,-74.5,0,0,0,0,0,0,0,spear,,,LISTEN / UTTERANCE
403,807-808,33.583,telemachus,H,-1.7,2,15,50.2,0,1.3,0,0,0,0,0,-9.8,-74.5,0,-11.5,0,0,0,0,0,cup,,,LOOK / WELCOME / UTTERANCE
404,809-810,33.667,athena-as-mentes,H,1.6,3,17.9,-247.8,0,-1.3,0,0,0,0,0,9.8,-74.5,0,0,0,0,0,0,0,spear,,,LISTEN / UTTERANCE
404,809-810,33.667,telemachus,H,-1.7,2,15,50.2,0,1.3,0,0,0,0,0,-9.8,-74.5,0,-11.5,0,0,0,0,0,cup,,,LOOK / WELCOME / UTTERANCE
405,811-812,33.75,athena-as-mentes,H,1.6,3,17.9,-247.8,0,-1.3,0,0,0,0,0,9.8,-74.5,0,0,0,0,0,0,0,spear,,,LISTEN / UTTERANCE
405,811-812,33.75,telemachus,H,-1.7,2,15,50.2,0,1.3,0,0,0,0,0,-9.8,-74.5,0,-11.5,0,0,0,0,0,cup,,,WELCOME / UTTERANCE / APPROACH
406,813-814,33.833,athena-as-mentes,H,1.6,3,17.9,-247.8,0,-1.3,0,0,0,0,0,9.8,-74.5,0,0,0,0,0,0,0,spear,,,LISTEN / UTTERANCE
406,813-814,33.833,telemachus,H,-1.7,2,15,50.2,0,1.3,0,0,0,0,0,-9.8,-74.5,0,-11.5,0,0,0,0,0,cup,,,WELCOME / UTTERANCE / APPROACH
407,815-816,33.917,athena-as-mentes,H,1.6,3,17.9,-247.8,0,-1.3,0,0,0,0,0,9.8,-74.5,0,0,0,0,0,0,0,spear,,,LISTEN / UTTERANCE
407,815-816,33.917,telemachus,H,-1.7,2,15,50.2,0,1.3,0,0,0,0,0,-9.8,-74.5,0,-11.5,0,0,0,0,0,cup,,,WELCOME / UTTERANCE / APPROACH
408,817-818,34,athena-as-mentes,H,1.6,3,17.9,-247.8,0,-1.3,0,0,0,0,0,9.8,-74.5,0,0,0,0,0,0,0,spear,,,LISTEN / UTTERANCE
408,817-818,34,telemachus,H,-1.7,2,15,50.2,0,1.3,0,0,0,0,0,-9.8,-74.5,0,-11.5,0,0,0,0,0,cup,,,WELCOME / UTTERANCE / APPROACH
409,819-820,34.083,athena-as-mentes,H,1.6,3,17.9,-247.8,0,-1.3,0,0,0,0,0,9.8,-74.5,0,0,0,0,0,0,0,spear,,,LISTEN / UTTERANCE
409,819-820,34.083,telemachus,H,-1.7,2,15,50.2,0,1.3,0,0,0,0,0,-9.8,-74.5,0,-11.5,0,0,0,0,0,cup,,,WELCOME / UTTERANCE / APPROACH
410,821-822,34.167,athena-as-mentes,H,1.6,3,17.9,-247.8,0,-1.3,0,0,0,0,0,9.8,-74.5,0,0,0,0,0,0,0,spear,,,LISTEN / UTTERANCE
410,821-822,34.167,telemachus,H,-1.7,2,15,50.2,0,1.3,0,0,0,0,0,-9.8,-74.5,0,-11.5,0,0,0,0,0,cup,,,WELCOME / UTTERANCE / APPROACH
411,823-824,34.25,athena-as-mentes,H,1.6,3,17.9,-247.8,0,-1.3,0,0,0,0,0,9.8,-74.5,0,0,0,0,0,0,0,spear,,,LISTEN / UTTERANCE
411,823-824,34.25,telemachus,H,-1.7,2,15,50.2,0,1.3,0,0,0,0,0,-9.8,-74.5,0,-11.5,0,0,0,0,0,cup,,,NOD / WELCOME / UTTERANCE
412,825-826,34.333,athena-as-mentes,H,1.6,3,17.9,-247.8,0,-1.3,0,0,0,0,0,9.8,-74.5,0,0,0,0,0,0,0,spear,,,LISTEN / UTTERANCE
412,825-826,34.333,telemachus,H,-1.7,2,15,50.2,0,1.3,0,0,0,0,0,-7.7,-74.5,0,-11.5,0,0,0,0,0,cup,,,NOD / WELCOME / UTTERANCE
413,827-828,34.417,athena-as-mentes,H,1.6,3,17.9,-247.8,0,-1.3,0,0,0,0,0,9.8,-74.5,0,0,0,0,0,0,0,spear,,,LISTEN / UTTERANCE
413,827-828,34.417,telemachus,H,-1.7,2,15,50.2,0,1.3,0,0,0,0,0,-7,-74.5,0,-11.5,0,0,0,0,0,cup,,,NOD / WELCOME / UTTERANCE
414,829-830,34.5,athena-as-mentes,H,1.6,3,17.9,-247.8,0,-1.3,0,0,0,0,0,9.8,-74.5,0,0,0,0,0,0,0,spear,,,LISTEN / UTTERANCE
414,829-830,34.5,telemachus,H,-1.7,2,15,50.2,0,1.3,0,0,0,0,0,-7.4,-74.5,0,-11.5,0,0,0,0,0,cup,,,NOD / WELCOME / UTTERANCE
415,831-832,34.583,athena-as-mentes,H,1.6,3,17.9,-247.8,0,-1.3,0,0,0,0,0,9.8,-74.5,0,0,0,0,0,0,0,spear,,,LISTEN / UTTERANCE
415,831-832,34.583,telemachus,H,-1.7,2,15,50.2,0,1.3,0,0,0,0,0,-8.4,-74.5,0,-11.5,0,0,0,0,0,cup,,,NOD / WELCOME / UTTERANCE
416,833-834,34.667,athena-as-mentes,H,1.6,3,17.9,-247.8,0,-1.3,0,0,0,0,0,9.8,-74.5,0,0,0,0,0,0,0,spear,,,LISTEN / UTTERANCE
416,833-834,34.667,telemachus,H,-1.7,2,15,50.2,0,1.3,0,0,0,0,0,-9.4,-74.5,0,-11.5,0,0,0,0,0,cup,,,NOD / WELCOME / UTTERANCE
417,835-836,34.75,athena-as-mentes,H,1.6,3,17.9,-247.8,0,-1.3,0,0,0,0,0,9.8,-74.5,0,0,0,0,0,0,0,spear,,,LISTEN / UTTERANCE
417,835-836,34.75,telemachus,H,-1.7,2,15,50.2,0,1.3,0,0,0,0,0,-9.8,-74.5,0,-11.5,0,0,0,0,0,cup,,,NOD / WELCOME / UTTERANCE
418,837-838,34.833,athena-as-mentes,H,1.6,3,17.9,-247.8,0,-1.3,0,0,0,0,0,9.8,-74.5,0,0,0,0,0,0,0,spear,,,LISTEN / UTTERANCE
418,837-838,34.833,telemachus,H,-1.7,2,15,50.2,0,1.3,0,0,0,0,0,-9.8,-74.5,0,-11.5,0,0,0,0,0,cup,,,WELCOME / UTTERANCE / APPROACH
419,839-840,34.917,athena-as-mentes,H,1.6,3,17.9,-247.8,0,-1.3,0,0,0,0,0,9.8,-74.5,0,0,0,0,0,0,0,spear,,,LISTEN / UTTERANCE
419,839-840,34.917,telemachus,H,-1.7,2,15,50.2,0,1.3,0,0,0,0,0,-9.8,-74.5,0,-11.5,0,0,0,0,0,cup,,,WELCOME / UTTERANCE / APPROACH
420,841-842,35,athena-as-mentes,H,1.6,3,17.9,-247.8,0,-1.3,0,0,0,0,0,9.8,-74.5,0,0,0,0,0,0,0,spear,,,LISTEN / UTTERANCE
420,841-842,35,telemachus,H,-1.7,2,15,50.2,0,1.3,0,0,0,0,0,-9.8,-74.5,0,-11.5,0,0,0,0,0,cup,,,WELCOME / UTTERANCE / APPROACH
421,843-844,35.083,athena-as-mentes,H,1.6,3,17.9,-247.8,0,-1.3,0,0,0,0,0,9.8,-74.5,0,0,0,0,0,0,0,spear,,,LISTEN / UTTERANCE
421,843-844,35.083,telemachus,H,-1.7,2,15,50.2,0,1.3,0,0,0,0,0,-9.8,-74.5,0,-11.5,0,0,0,0,0,cup,,,WELCOME / UTTERANCE / APPROACH
422,845-846,35.167,athena-as-mentes,H,1.6,3,17.9,-247.8,0,-1.3,0,0,0,0,0,9.8,-74.5,0,0,0,0,0,0,0,spear,,,LISTEN / UTTERANCE
422,845-846,35.167,telemachus,H,-1.7,2,15,50.2,0,1.3,0,0,0,0,0,-9.8,-74.5,0,-11.5,0,0,0,0,0,cup,,,WELCOME / UTTERANCE / APPROACH
423,847-848,35.25,athena-as-mentes,H,1.6,3,17.9,-247.8,0,-1.3,0,0,0,0,0,9.8,-74.5,0,0,0,0,0,0,0,spear,,,LISTEN / UTTERANCE
423,847-848,35.25,telemachus,H,-1.7,2,15,50.2,0,1.3,0,0,0,0,0,-9.8,-74.5,0,-11.5,0,0,0,0,0,cup,,,WELCOME / UTTERANCE / APPROACH
424,849-850,35.333,athena-as-mentes,H,1.6,3,17.9,-247.8,0,-1.3,0,0,0,0,0,9.8,-74.5,0,0,0,0,0,0,0,spear,,,LISTEN / UTTERANCE
424,849-850,35.333,telemachus,H,-1.7,2,15,50.2,0,1.3,0,0,0,0,0,-9.8,-74.5,0,-11.5,0,0,0,0,0,cup,,,WELCOME / UTTERANCE / APPROACH
425,851-852,35.417,athena-as-mentes,H,1.6,3,17.9,-247.8,0,-1.3,0,0,0,0,0,9.8,-74.5,0,0,0,0,0,0,0,spear,,,LISTEN / UTTERANCE
425,851-852,35.417,telemachus,H,-1.7,2,15,50.2,0,1.3,0,0,0,0,0,-9.8,-74.5,0,-11.5,0,0,0,0,0,cup,,,WELCOME / UTTERANCE / APPROACH
426,853-854,35.5,athena-as-mentes,H,1.6,3,17.9,-247.8,0,-1.3,0,0,0,0,0,9.8,-74.5,0,0,0,0,0,0,0,spear,,,LISTEN / UTTERANCE
426,853-854,35.5,telemachus,H,-1.7,2,15,50.2,0,1.3,0,0,0,0,0,-9.8,-74.5,0,-11.5,0,0,0,0,0,cup,,,WELCOME / UTTERANCE / APPROACH
427,855-856,35.583,athena-as-mentes,D,1.6,3,17.9,-247.8,0,-1.3,0,0,0,0,0,9.8,-74.5,0,0,0,0,0,0,0,spear,,,LISTEN / UTTERANCE
427,855-856,35.583,telemachus,H,-1.7,2,15,50.2,0,1.3,0,0,0,0,0,-9.8,-74.5,0,-11.5,0,0,0,0,0,cup,,,WELCOME / UTTERANCE / APPROACH
428,857-858,35.667,athena-as-mentes,D,1.6,3,17.9,-247.8,0,-1.3,0,0,0,0,0,9.8,-74.5,0,0,0,0,0,0,0,spear,,,LISTEN / UTTERANCE
428,857-858,35.667,telemachus,H,-1.7,2,15,50.2,0,1.3,0,0,0,0,0,-9.8,-74.5,0,-11.5,0,0,0,0,0,cup,,,WELCOME / UTTERANCE / APPROACH
429,859-860,35.75,athena-as-mentes,D,1.6,3,17.9,-247.8,0,-1.3,0,0,0,0,0,9.8,-74.5,0,0,0,0,0,0,0,spear,,,LISTEN / UTTERANCE
429,859-860,35.75,telemachus,H,-1.7,2,15,50.2,0,1.3,0,0,0,0,0,-9.8,-74.5,0,-11.5,0,0,0,0,0,cup,,,WELCOME / UTTERANCE / APPROACH
430,861-862,35.833,athena-as-mentes,D,1.6,3,17.9,-247.8,0,-1.3,0,0,0,0,0,9.8,-74.5,0,0,0,0,0,0,0,spear,,,LISTEN / UTTERANCE
430,861-862,35.833,telemachus,H,-1.7,2,15,50.2,0,1.3,0,0,0,0,0,-9.8,-74.5,0,-11.5,0,0,0,0,0,cup,,,WELCOME / UTTERANCE / APPROACH
431,863-864,35.917,athena-as-mentes,D,1.6,3,17.9,-247.8,0,-1.3,0,0,0,0,0,9.8,-74.5,0,0,0,0,0,0,0,spear,,,LISTEN / UTTERANCE
431,863-864,35.917,telemachus,H,-1.7,2,15,50.2,0,1.3,0,0,0,0,0,-9.8,-74.5,0,-11.5,0,0,0,0,0,cup,,,WELCOME / UTTERANCE / APPROACH
432,865-866,36,athena-as-mentes,D,1.6,3,17.9,-247.8,0,-1.3,0,0,0,0,0,9.8,-74.5,0,0,0,0,0,0,0,spear,,,LISTEN / UTTERANCE
432,865-866,36,telemachus,H,-1.7,2,15,50.2,0,1.3,0,0,0,0,0,-9.8,-74.5,0,-11.5,0,0,0,0,0,cup,,,WELCOME / UTTERANCE / APPROACH
433,867-868,36.083,athena-as-mentes,D,1.6,3,17.9,-247.8,0,-1.3,0,0,0,0,0,9.8,-74.5,0,0,0,0,0,0,0,spear,,,LISTEN / UTTERANCE
433,867-868,36.083,telemachus,H,-1.7,2,15,50.2,0,1.3,0,0,0,0,0,-9.8,-74.5,0,-11.5,0,0,0,0,0,cup,,,WELCOME / UTTERANCE / APPROACH
434,869-870,36.167,athena-as-mentes,D,1.6,3,17.9,-247.8,0,-1.3,0,0,0,0,0,9.8,-74.5,0,0,0,0,0,0,0,spear,,,LISTEN / UTTERANCE
434,869-870,36.167,telemachus,H,-1.7,2,15,50.2,0,1.3,0,0,0,0,0,-9.8,-74.5,0,-11.5,0,0,0,0,0,cup,,,WELCOME / UTTERANCE / APPROACH
435,871-872,36.25,athena-as-mentes,D,1.6,3,17.9,-247.8,0,-1.3,0,0,0,0,0,9.8,-74.5,0,0,0,0,0,0,0,spear,,,LISTEN / UTTERANCE
435,871-872,36.25,telemachus,H,-1.7,2,15,50.2,0,1.3,0,0,0,0,0,-9.8,-74.5,0,-11.5,0,0,0,0,0,cup,,,WELCOME / UTTERANCE / APPROACH
436,873-874,36.333,athena-as-mentes,D,1.6,3,17.9,-247.8,0,-1.3,0,0,0,0,0,9.8,-74.5,0,0,0,0,0,0,0,spear,,,LISTEN / UTTERANCE
436,873-874,36.333,telemachus,H,-1.7,2,15,50.2,0,1.3,0,0,0,0,0,-9.8,-74.5,0,-11.5,0,0,0,0,0,cup,,,WELCOME / UTTERANCE / APPROACH
437,875-876,36.417,athena-as-mentes,D,1.6,3,17.9,-247.8,0,-1.3,0,0,0,0,0,9.8,-74.5,0,0,0,0,0,0,0,spear,,,LISTEN / UTTERANCE
437,875-876,36.417,telemachus,H,-1.7,2,15,50.2,0,1.3,0,0,0,0,0,-9.8,-74.5,0,-11.5,0,0,0,0,0,cup,,,WELCOME / UTTERANCE / APPROACH
438,877-878,36.5,athena-as-mentes,D,1.6,3,17.9,-247.8,0,-1.3,0,0,0,0,0,9.8,-74.5,0,0,0,0,0,0,0,spear,,,LISTEN / UTTERANCE
438,877-878,36.5,telemachus,H,-1.7,2,15,50.2,0,1.3,0,0,0,0,0,-9.8,-74.5,0,-11.5,0,0,0,0,0,cup,,,WELCOME / UTTERANCE / APPROACH
439,879-880,36.583,athena-as-mentes,D,1.6,3,17.9,-247.8,0,-1.3,0,0,0,0,0,9.8,-74.5,0,0,0,0,0,0,0,spear,,,LISTEN / UTTERANCE
439,879-880,36.583,telemachus,H,-1.7,2,15,50.2,0,1.3,0,0,0,0,0,-9.8,-74.5,0,-11.5,0,0,0,0,0,cup,,,WELCOME / UTTERANCE / APPROACH
440,881-882,36.667,athena-as-mentes,D,1.6,3,17.9,-247.8,0,-1.3,0,0,0,0,0,9.8,-74.5,0,0,0,0,0,0,0,spear,,,LISTEN / UTTERANCE
440,881-882,36.667,telemachus,H,-1.7,2,15,50.2,0,1.3,0,0,0,0,0,-9.8,-74.5,0,-11.5,0,0,0,0,0,cup,,,WELCOME / UTTERANCE / APPROACH
441,883-884,36.75,athena-as-mentes,D,1.6,3,17.9,-247.8,0,-1.3,0,0,0,0,0,9.8,-74.5,0,0,0,0,0,0,0,spear,,,LISTEN / UTTERANCE
441,883-884,36.75,telemachus,H,-1.7,2,15,50.2,0,1.3,0,0,0,0,0,-8.2,-74.5,0,-11.5,0,0,0,0,0,cup,,,NOD / WELCOME / UTTERANCE
442,885-886,36.833,athena-as-mentes,D,1.6,3,17.9,-247.8,0,-1.3,0,0,0,0,0,9.8,-74.5,0,0,0,0,0,0,0,spear,,,LISTEN / UTTERANCE
442,885-886,36.833,telemachus,H,-1.7,2,15,50.2,0,1.3,0,0,0,0,0,-7.3,-74.5,0,-11.5,0,0,0,0,0,cup,,,LOOK / TAKE / WELCOME
443,887-888,36.917,athena-as-mentes,D,1.6,3,17.9,-247.8,0,-1.3,0,0,0,0,0,9.8,-74.5,0,0,0,0,0,0,0,spear,,,OFFER / PHRASE / UTTERANCE
443,887-888,36.917,telemachus,R,-1.7,2,15,50.2,0,1.3,0,0,0.7,0,8.4,5.7,-74.5,0,-11.5,0,0,0,0,0,cup,,,LOOK / TAKE / WELCOME
444,889-890,37,athena-as-mentes,R,1.6,3,17.9,-212.3,0,-1.3,0,0.3,0,0,0,2.9,-74.5,7.2,0,0,0.3,0,-2.7,1.3,spear,,,LOOK / OFFER / PHRASE
444,889-890,37,telemachus,R,-1.7,2,15,50.2,0,1.3,0,0,2.5,0,14.3,9.8,-74.5,0,-11.5,0,0,0,0,0,cup,,,LOOK / TAKE / WELCOME
445,891-892,37.083,athena-as-mentes,R,1.5,3,17.8,-182.2,0,-1.3,0,1,0,0,0,6.7,-74.5,13.3,0,0,1,0,-8.6,4.3,spear,,,LOOK / OFFER / PHRASE
445,891-892,37.083,telemachus,R,-1.7,2,15,50.2,0,1.3,0,0,4.9,0,17.9,11.2,-74.5,0,-11.5,0,0,0,0,0,cup,,,LOOK / TAKE / WELCOME
446,893-894,37.167,athena-as-mentes,R,1.5,3,17.8,-157.6,0,-1.3,0,1.9,0,0,0,9.1,-74.5,18.3,0,0,2.1,0,-14.5,7.3,spear,,,LOOK / OFFER / PHRASE
446,893-894,37.167,telemachus,R,-1.7,2,15,50.2,0,1.3,0,0,7.3,0,19.1,11.5,-74.5,0,-11.5,0,0,0,0,0,cup,,,LOOK / TAKE / WELCOME
447,895-896,37.25,athena-as-mentes,R,1.5,3,17.8,-138.5,0,-1.3,0,2.6,0,0,0,9.8,-74.5,22.2,0,0,3.5,0,-17.2,8.6,spear,,,LOOK / OFFER / PHRASE
447,895-896,37.25,telemachus,R,-1.5,2,15.2,63.5,0,1.3,0,0,9.1,0,18.9,11.5,-82,8.1,-11.5,0,0,0,-8.6,4.3,cup,,,REACH / TAKE / WELCOME
448,897-898,37.333,athena-as-mentes,R,1.4,3,17.7,-124.8,0,-1.3,0,2.9,0,0,0,9.8,-74.5,25,0,0,5.2,0,-7.6,3.8,spear,,,LOOK / OFFER / PHRASE
448,897-898,37.333,telemachus,R,-1.3,2,15.4,73.1,0,1.3,0,0,9.8,0,18.4,11.5,-87.4,14,-11.5,0,0,0,-17.2,8.6,cup,,,REACH / TAKE / WELCOME
449,899-900,37.417,athena-as-mentes,R,1.4,3,17.7,-116.6,0,-1.3,0,2.8,0,0,0,9.8,-74.5,26.7,0,0,7.1,0,-1.9,1,spear,,,LOOK / OFFER / PHRASE
449,899-900,37.417,telemachus,R,-0.9,2,15.6,78.8,0,1.3,0,0,9.8,0,18.2,11.5,-90.6,17.5,-11.5,0,0,0,-4.3,2.1,cup,,,REACH / TAKE / WELCOME
450,901-902,37.5,athena-as-mentes,R,1.4,3,17.7,-113.8,0,-1.3,0,2.7,0,0,0,9.8,-74.5,27.2,0,0,9,0,0,0,spear,,GRIP SYNC:telemachus,LOOK / OFFER / PHRASE
450,901-902,37.5,telemachus,R,-0.8,2,15.7,80.7,0,1.3,0,0,9.8,0,18.2,11.5,-91.7,18.6,-11.5,0,0,0,0,0,cup,,GRIP SYNC:athena,REACH / TAKE / WELCOME
451,903-904,37.583,athena-as-mentes,H,1.4,3,17.7,-113.8,0,-1.3,0,2.6,0,0,0,9.8,-74.5,27.2,0,0,11,0,0,0,spear,,GRIP SYNC:telemachus,OFFER / OFFER / PHRASE
451,903-904,37.583,telemachus,H,-0.8,2,15.7,80.7,0,1.3,0,0,9.8,0,18.2,11.5,-91.7,18.6,-11.5,0,0,0,0,0,cup,,GRIP SYNC:athena,REACH / TAKE / WELCOME
452,905-906,37.667,athena-as-mentes,H,1.4,3,17.7,-113.8,0,-1.3,0,2.3,0,0,0,9.8,-74.5,27.2,0,0,13,0,0,0,spear,,GRIP SYNC:telemachus,OFFER / OFFER / PHRASE
452,905-906,37.667,telemachus,H,-0.8,2,15.7,80.7,0,1.3,0,0,9.8,0,18.2,11.5,-91.7,18.6,-11.5,0,0,0,0,0,cup,,GRIP SYNC:athena,REACH / TAKE / WELCOME
453,907-908,37.75,athena-as-mentes,H,1.4,3,17.7,-113.8,0,-1.3,0,2.1,0,0,0,9.8,-74.5,27.2,0,0,14.9,0,0,0,,,GRIP SYNC:telemachus,OFFER / OFFER / PHRASE
453,907-908,37.75,telemachus,H,-0.8,2,15.7,80.7,0,1.3,0,0,9.8,0,18.2,11.5,-91.7,18.6,-11.5,0,0,0,0,0,athena-as-mentes R,,GRIP SYNC:athena,REACH / TAKE / WELCOME
454,909-910,37.833,athena-as-mentes,H,1.4,3,17.7,-113.8,0,-1.3,0,1.9,0,0,0,9.8,-74.5,27.2,0,0,16.5,0,0,0,,,GRIP SYNC:telemachus,OFFER / OFFER / PHRASE
454,909-910,37.833,telemachus,H,-0.8,2,15.7,80.7,0,1.3,0,0,9.8,0,18.2,11.5,-91.7,18.6,-11.5,0,0,0,0,0,athena-as-mentes R,,GRIP SYNC:athena,REACH / TAKE / WELCOME
455,911-912,37.917,athena-as-mentes,H,1.4,3,17.7,-113.8,0,-1.3,0,1.7,0,0,0,9.8,-74.5,27.2,0,0,18,0,0,0,,,GRIP SYNC:telemachus,OFFER / OFFER / PHRASE
455,911-912,37.917,telemachus,H,-0.8,2,15.7,80.7,0,1.3,0,0,9.8,0,18.2,11.5,-91.7,18.6,-11.5,0,0,0,0,0,athena-as-mentes R,,GRIP SYNC:athena,REACH / TAKE / WELCOME
456,913-914,38,athena-as-mentes,H,1.4,3,17.7,-113.8,0,-1.3,0,1.5,0,0,0,9.8,-74.5,27.2,0,0,19.1,0,0,0,,,GRIP SYNC:telemachus,OFFER / OFFER / PHRASE
456,913-914,38,telemachus,H,-0.8,2,15.7,80.7,0,1.3,0,0,9.8,0,18.2,11.5,-91.7,18.6,-11.5,0,0,0,0,0,athena-as-mentes R,,GRIP SYNC:athena,REACH / TAKE / WELCOME
457,915-916,38.083,athena-as-mentes,H,1.4,3,17.7,-113.8,0,-1.3,0,1.3,0,0,0,9.8,-74.5,27.2,0,0,19.8,0,0,0,,,,OFFER / OFFER / PHRASE
457,915-916,38.083,telemachus,A,-0.8,2,15.7,80.7,0,1.3,0,0,9.8,0,18.2,11.5,-88.4,18.6,-11.5,0,0,0,0,0,athena-as-mentes R,,,REACH / TAKE / WELCOME
458,917-918,38.167,athena-as-mentes,H,1.4,3,17.7,-113.8,0,-1.3,0,1.2,0,0,0,9.8,-74.5,27.2,0,0,20.1,0,0,0,,,,OFFER / OFFER / PHRASE
458,917-918,38.167,telemachus,A,-0.8,2,15.7,80.7,0,1.3,0,0,9.8,0,18.2,11.5,-80.7,18.6,-11.5,0,0,0,0,0,athena-as-mentes R,,,REACH / TAKE / WELCOME
459,919-920,38.25,athena-as-mentes,A,1.4,3,17.7,-118.4,0,-1.3,0,1.1,0,0,0,9.8,-74.5,26.3,0,0,19.4,0,0,0,,,,OFFER / OFFER / PHRASE
459,919-920,38.25,telemachus,A,-0.8,2,15.7,80.7,0,1.3,0,0,9.8,0,18.2,11.5,-71.4,18.6,-11.5,0,0,0,0,0,athena-as-mentes R,,,REACH / TAKE / WELCOME
460,921-922,38.333,athena-as-mentes,R,1.4,3,17.7,-130.8,0,-1.3,0,1.1,0,0,0,9.8,-74.5,23.8,0,0,17.5,0,0,0,,,,OFFER / OFFER / PHRASE
460,921-922,38.333,telemachus,A,-0.8,2,15.7,80.7,0,1.3,0,0,9.8,0,18.2,11.5,-63.7,18.6,-11.5,0,0,0,0,0,athena-as-mentes R,,,REACH / TAKE / WELCOME
461,923-924,38.417,athena-as-mentes,R,1.4,3,17.7,-148.6,0,-1.3,0,0.9,0,0,0,9.8,-74.5,20.2,0,0,14.9,0,0,0,,,,OFFER / OFFER / PHRASE
461,923-924,38.417,telemachus,R,-0.8,2,15.7,80.7,0,1.3,0,0,9.8,0,18.2,11.5,-60.4,18.6,-11.5,0,0,0,0,0,athena-as-mentes R,,,REACH / TAKE / WELCOME
462,925-926,38.5,athena-as-mentes,R,1.5,3,17.8,-169.7,0,-1.3,0,0.7,0,0,0,9.8,-74.5,15.9,0,0,11.7,0,0,0,,,,OFFER / OFFER / PHRASE
462,925-926,38.5,telemachus,H,-0.8,2,15.7,80.7,0,1.3,0,0,9.8,0,18.2,12.6,-60.4,18.6,-11.5,0,0,0,0,0,athena-as-mentes R,,,NOD / WELCOME / UTTERANCE
463,927-928,38.583,athena-as-mentes,R,1.5,3,17.8,-192,0,-1.3,0,0.5,0,0,0,9.8,-74.5,11.3,0,0,8.4,0,0,0,,,,OFFER / OFFER / PHRASE
463,927-928,38.583,telemachus,H,-0.8,2,15.7,80.7,0,1.3,0,0,9.8,0,18.2,12.6,-60.4,18.6,-11.5,0,0,0,0,0,athena-as-mentes R,,,BEAT / WELCOME / UTTERANCE
464,929-930,38.667,athena-as-mentes,R,1.5,3,17.8,-213.1,0,-1.3,0,0.2,0,0,0,9.8,-74.5,7.1,0,0,5.2,0,0,0,,,,OFFER / OFFER / PHRASE
464,929-930,38.667,telemachus,A,-0.8,2,15.7,80.7,0,1.3,0,-0.6,9.8,0,18.2,12.6,-58,21.6,-11.5,0,0.6,0,0,0,athena-as-mentes R,,,BEAT / WELCOME / UTTERANCE
465,931-932,38.75,athena-as-mentes,R,1.6,3,17.9,-230.9,0,-1.3,0,0.1,0,0,0,9.8,-74.5,3.4,0,0,2.5,0,0,0,,,,OFFER / OFFER / PHRASE
465,931-932,38.75,telemachus,A,-0.8,2,15.7,80.7,0,1.3,0,-0.8,9.8,0,18.2,12.6,-57.2,24,-11.5,0,2.1,0,0,0,athena-as-mentes R,,,BEAT / WELCOME / UTTERANCE
466,933-934,38.833,athena-as-mentes,R,1.6,3,17.9,-243.2,0,-1.3,0,0,0,0,0,9.8,-74.5,0.9,0,0,0.7,0,0,0,,,,HOLD OUT / OFFER / PHRASE
466,933-934,38.833,telemachus,A,-0.8,2,15.7,80.7,0,1.3,0,0.5,9.8,0,18.2,12.2,-69.8,25.9,-11.5,0,4.2,0,0,0,athena-as-mentes R,,,BEAT / WELCOME / UTTERANCE
467,935-936,38.917,athena-as-mentes,R,1.6,3,17.9,-247.8,0,-1.3,0,0,0,0,0,9.8,-74.5,0,0,0,0,0,0,0,,,,HOLD OUT / OFFER / PHRASE
467,935-936,38.917,telemachus,A,-0.8,2,15.7,80.7,0,1.3,0,1.4,9.8,0,18.2,11.5,-78.7,27.2,-11.5,0,6.7,0,0,0,athena-as-mentes R,,,BEAT / WELCOME / UTTERANCE
468,937-938,39,athena-as-mentes,R,1.6,3,17.9,-247.8,0,-1.3,0,0,0,0,0,12.6,-74.5,0,0,0,0,0,0,0,,,,NOD / LISTEN / UTTERANCE
468,937-938,39,telemachus,A,-0.8,2,15.7,80.7,0,1.3,0,2,9.8,0,18.2,11.5,-84.1,28,-11.5,0,9.2,0,0,0,athena-as-mentes R,,,BEAT / WELCOME / UTTERANCE
469,939-940,39.083,athena-as-mentes,H,1.6,3,17.9,-247.8,0,-1.3,0,0,0,0,0,12.6,-74.5,0,0,0,0,0,0,0,,,,NOD / LISTEN / UTTERANCE
469,939-940,39.083,telemachus,H,-0.8,2,15.7,80.7,0,1.3,0,2.1,9.8,0,18.2,11.5,-85.9,28.3,-11.5,0,11.3,0,0,0,athena-as-mentes R,,,BEAT / WELCOME / UTTERANCE
470,941-942,39.167,athena-as-mentes,H,1.6,3,17.9,-247.8,0,-1.3,0,0,0,0,0,12.6,-74.5,0,0,0,0,0,0,0,,,,NOD / LISTEN / UTTERANCE
470,941-942,39.167,telemachus,H,-0.8,2,15.7,80.7,0,1.3,0,2,9.8,0,18.2,11.5,-85.2,28,-11.5,0,12.8,0,0,0,athena-as-mentes R,,,BEAT / WELCOME / UTTERANCE
471,943-944,39.25,athena-as-mentes,H,1.6,3,17.9,-247.8,0,-1.3,0,0,0,0,0,12.6,-74.5,0,0,0,0,0,0,0,,,,NOD / LISTEN / UTTERANCE
471,943-944,39.25,telemachus,H,-0.8,2,15.7,80.7,0,1.3,0,1.9,9.8,0,18.2,11.5,-84.6,27.7,-11.5,0,13.4,0,0,0,athena-as-mentes R,,,BEAT / WELCOME / UTTERANCE
472,945-946,39.333,athena-as-mentes,H,1.6,3,17.9,-247.8,0,-1.3,0,0,0,0,0,11.3,-74.5,0,0,0,0,0,0,0,,,,NOD / LISTEN / UTTERANCE
472,945-946,39.333,telemachus,H,-0.8,2,15.7,80.7,0,1.3,0,1.8,9.8,0,18.2,11.5,-83.9,27.3,-11.5,0,12.9,0,0,0,athena-as-mentes R,,,BEAT / WELCOME / UTTERANCE
473,947-948,39.417,athena-as-mentes,H,1.6,3,17.9,-247.8,0,-1.3,0,0,0,0,0,9.8,-74.5,0,0,0,0,0,0,0,,,,NOD / LISTEN / UTTERANCE
473,947-948,39.417,telemachus,H,-0.8,2,15.7,80.7,0,1.3,0,1.7,9.8,0,18.2,11.5,-83.3,27,-11.5,0,11.8,0,0,0,athena-as-mentes R,,,BEAT / WELCOME / UTTERANCE
474,949-950,39.5,athena-as-mentes,H,1.6,3,17.9,-247.8,0,-1.3,0,0,0,0,0,9.8,-74.5,0,0,0,0,0,0,0,,,,LISTEN / UTTERANCE
474,949-950,39.5,telemachus,H,-0.8,2,15.7,80.7,0,1.3,0,1.5,9.8,0,18.2,11.5,-82.6,26.7,-11.5,0,10,0,0,0,athena-as-mentes R,,,BEAT / WELCOME / UTTERANCE
475,951-952,39.583,athena-as-mentes,H,1.6,3,17.9,-247.8,0,-1.3,0,0,0,0,0,9.8,-74.5,0,0,0,0,0,0,0,,,,LISTEN / UTTERANCE
475,951-952,39.583,telemachus,H,-0.8,2,15.7,80.7,0,1.3,0,1.4,9.8,0,18.2,11.5,-82,26.4,-11.5,0,8,0,0,0,athena-as-mentes R,,,BEAT / WELCOME / UTTERANCE
476,953-954,39.667,athena-as-mentes,H,1.6,3,17.9,-247.8,0,-1.3,0,0,0,0,0,9.8,-74.5,0,0,0,0,0,0,0,,,,LISTEN / UTTERANCE
476,953-954,39.667,telemachus,H,-0.8,2,15.7,80.7,0,1.3,0,1.3,9.8,0,18.2,11.5,-81.3,26.1,-11.5,0,5.8,0,0,0,athena-as-mentes R,,,BEAT / WELCOME / UTTERANCE
477,955-956,39.75,athena-as-mentes,H,1.6,3,17.9,-247.8,0,-1.3,0,0,0,0,0,9.8,-74.5,0,0,0,0,0,0,0,,,,LISTEN / UTTERANCE
477,955-956,39.75,telemachus,R,-0.8,2,15.7,80.7,0,1.3,0,1.1,9.8,0,18.2,11.5,-78.4,25.1,-11.5,0,3.7,0,0,0,athena-as-mentes R,,,BEAT / WELCOME / UTTERANCE
478,957-958,39.833,athena-as-mentes,H,1.6,3,17.9,-247.8,0,-1.3,0,0,0,0,0,9.8,-74.5,0,0,0,0,0,0,0,,,,LISTEN / UTTERANCE
478,957-958,39.833,telemachus,R,-0.8,2,15.7,80.7,0,1.3,0,0.7,9.8,0,18.2,11.5,-72,22.8,-11.5,0,2,0,0,0,athena-as-mentes R,,,BEAT / WELCOME / UTTERANCE
479,959-960,39.917,athena-as-mentes,H,1.6,3,17.9,-247.8,0,-1.3,0,0,0,0,0,9.8,-74.5,0,0,0,0,0,0,0,,,,LISTEN / UTTERANCE
479,959-960,39.917,telemachus,R,-0.8,2,15.7,80.7,0,1.3,0,0.3,9.8,0,18.2,11.5,-65.5,20.5,-11.5,0,0.8,0,0,0,athena-as-mentes R,,,BEAT / WELCOME / UTTERANCE
480,961-962,40,athena-as-mentes,H,1.6,3,17.9,-247.8,0,-1.3,0,0,0,0,0,9.8,-74.5,0,0,0,0,0,0,0,,,,LISTEN / UTTERANCE
480,961-962,40,telemachus,R,-0.8,2,15.7,80.7,0,1.3,0,0.1,9.8,0,18.2,11.5,-62.6,19.4,-11.5,0,0.4,0,0,0,athena-as-mentes R,,,BEAT / WELCOME / UTTERANCE
481,963-964,40.083,athena-as-mentes,H,1.6,3,17.9,-247.8,0,-1.3,0,0,0,0,0,9.8,-74.5,0,0,0,0,0,0,0,,,,LISTEN / UTTERANCE
481,963-964,40.083,telemachus,R,-0.8,2,15.7,80.7,0,1.3,0,-0.6,9.8,0,18.2,11.5,-58.6,22.6,-11.5,0,1.1,0,0,0,athena-as-mentes R,,,BEAT / WELCOME / UTTERANCE
482,965-966,40.167,athena-as-mentes,H,1.6,3,17.9,-247.8,0,-1.3,0,0,0,0,0,9.8,-74.5,0,0,0,0,0,0,0,,,,LISTEN / UTTERANCE
482,965-966,40.167,telemachus,R,-0.8,2,15.7,80.7,0,1.3,0,-0.8,9.8,0,18.2,11.5,-57.2,25.1,-11.5,0,3,0,0,0,athena-as-mentes R,,,BEAT / WELCOME / UTTERANCE
483,967-968,40.25,athena-as-mentes,H,1.6,3,17.9,-247.8,0,-1.3,0,0,0,0,0,9.8,-74.5,0,0,0,0,0,0,0,,,,LISTEN / UTTERANCE
483,967-968,40.25,telemachus,R,-0.8,2,15.7,80.7,0,1.3,0,0.8,9.8,0,18.2,11.5,-73.2,26.8,-11.5,0,5.5,0,0,0,athena-as-mentes R,,,BEAT / WELCOME / UTTERANCE
484,969-970,40.333,athena-as-mentes,H,1.6,3,17.9,-247.8,0,-1.3,0,0,0,0,0,9.8,-74.5,0,0,0,0,0,0,0,,,,LISTEN / UTTERANCE
484,969-970,40.333,telemachus,R,-0.8,2,15.7,80.7,0,1.3,0,1.8,9.8,0,18.2,11.5,-82.7,27.9,-11.5,0,8.3,0,0,0,athena-as-mentes R,,,BEAT / WELCOME / UTTERANCE
485,971-972,40.417,athena-as-mentes,H,1.6,3,17.9,-247.8,0,-1.3,0,0,0,0,0,9.8,-74.5,0,0,0,0,0,0,0,,,,LISTEN / UTTERANCE
485,971-972,40.417,telemachus,R,-0.8,2,15.7,80.7,0,1.3,0,2.1,9.8,0,18.2,11.5,-85.9,28.3,-11.5,0,10.8,0,0,0,athena-as-mentes R,,,BEAT / WELCOME / UTTERANCE
486,973-974,40.5,athena-as-mentes,H,1.6,3,17.9,-247.8,0,-1.3,0,0,0,0,0,9.8,-74.5,0,0,0,0,0,0,0,,,,LISTEN / UTTERANCE
486,973-974,40.5,telemachus,H,-0.8,2,15.7,80.7,0,1.3,0,2,9.8,0,18.2,11.5,-85.2,28,-11.5,0,12.7,0,0,0,athena-as-mentes R,,,BEAT / WELCOME / UTTERANCE
487,975-976,40.583,athena-as-mentes,H,1.6,3,17.9,-247.8,0,-1.3,0,0,0,0,0,9.8,-74.5,0,0,0,0,0,0,0,,,,LISTEN / UTTERANCE
487,975-976,40.583,telemachus,H,-0.8,2,15.7,80.7,0,1.3,0,1.9,9.8,0,18.2,11.5,-84.6,27.7,-11.5,0,13.4,0,0,0,athena-as-mentes R,,,BEAT / WELCOME / UTTERANCE
488,977-978,40.667,athena-as-mentes,H,1.6,3,17.9,-247.8,0,-1.3,0,0,0,0,0,9.8,-74.5,0,0,0,0,0,0,0,,,,LISTEN / UTTERANCE
488,977-978,40.667,telemachus,H,-0.8,2,15.7,80.7,0,1.3,0,1.8,9.8,0,18.2,11.5,-83.9,27.3,-11.5,0,13.1,0,0,0,athena-as-mentes R,,,BEAT / WELCOME / UTTERANCE
489,979-980,40.75,athena-as-mentes,H,1.6,3,17.9,-247.8,0,-1.3,0,0,0,0,0,9.8,-74.5,0,0,0,0,0,0,0,,,,LISTEN / UTTERANCE
489,979-980,40.75,telemachus,H,-0.8,2,15.7,80.7,0,1.3,0,1.7,9.8,0,18.2,11.5,-83.3,27,-11.5,0,12.2,0,0,0,athena-as-mentes R,,,BEAT / WELCOME / UTTERANCE
490,981-982,40.833,athena-as-mentes,H,1.6,3,17.9,-247.8,0,-1.3,0,0,0,0,0,9.8,-74.5,0,0,0,0,0,0,0,,,,LISTEN / UTTERANCE
490,981-982,40.833,telemachus,H,-0.8,2,15.7,80.7,0,1.3,0,1.5,9.8,0,18.2,11.5,-82.6,26.7,-11.5,0,11,0,0,0,athena-as-mentes R,,,BEAT / WELCOME / UTTERANCE
491,983-984,40.917,athena-as-mentes,H,1.6,3,17.9,-247.8,0,-1.3,0,0,0,0,0,9.8,-74.5,0,0,0,0,0,0,0,,,,LISTEN / UTTERANCE
491,983-984,40.917,telemachus,H,-0.8,2,15.7,80.7,0,1.3,0,1.4,9.8,0,18.2,11.5,-82,26.4,-11.5,0,9.4,0,0,0,athena-as-mentes R,,,BEAT / WELCOME / UTTERANCE
492,985-986,41,athena-as-mentes,H,1.6,3,17.9,-247.8,0,-1.3,0,0,0,0,0,9.8,-74.5,0,0,0,0,0,0,0,,,,LISTEN / UTTERANCE
492,985-986,41,telemachus,H,-0.8,2,15.7,80.7,0,1.3,0,1.3,9.8,0,18.2,11.5,-81.3,26.1,-11.5,0,7.6,0,0,0,athena-as-mentes R,,,BEAT / WELCOME / UTTERANCE
493,987-988,41.083,athena-as-mentes,H,1.6,3,17.9,-247.8,0,-1.3,0,0,0,0,0,9.8,-74.5,0,0,0,0,0,0,0,,,,LISTEN / UTTERANCE
493,987-988,41.083,telemachus,H,-0.8,2,15.7,80.7,0,1.3,0,1.2,9.8,0,18.2,11.5,-79.8,25.6,-11.5,0,5.8,0,0,0,athena-as-mentes R,,,BEAT / WELCOME / UTTERANCE
494,989-990,41.167,athena-as-mentes,D,1.6,3,17.9,-247.8,0,-1.3,0,0,0,0,0,9.8,-74.5,0,0,0,0,0,0,0,,,,LISTEN / UTTERANCE
494,989-990,41.167,telemachus,A,-0.8,2,15.7,80.7,0,1.3,0,1,9.8,0,18.2,11.5,-75.9,24.2,-11.5,0,4,0,0,0,athena-as-mentes R,,,BEAT / WELCOME / UTTERANCE
495,991-992,41.25,athena-as-mentes,D,1.6,3,17.9,-247.8,0,-1.3,0,0,0,0,0,9.8,-74.5,0,0,0,0,0,0,0,,,,LISTEN / UTTERANCE
495,991-992,41.25,telemachus,A,-0.8,2,15.7,80.7,0,1.3,0,0.6,9.8,0,18.2,11.5,-70.9,22.4,-11.5,0,2.4,0,0,0,athena-as-mentes R,,,BEAT / WELCOME / UTTERANCE
496,993-994,41.333,athena-as-mentes,D,1.6,3,17.9,-247.8,0,-1.3,0,0,0,0,0,9.8,-74.5,0,0,0,0,0,0,0,,,,LISTEN / UTTERANCE
496,993-994,41.333,telemachus,A,-0.8,2,15.7,80.7,0,1.3,0,0.3,9.8,0,18.2,11.5,-65.9,20.6,-11.5,0,1.2,0,0,0,athena-as-mentes R,,,BEAT / WELCOME / UTTERANCE
497,995-996,41.417,athena-as-mentes,D,1.6,3,17.9,-247.8,0,-1.3,0,0,0,0,0,9.8,-74.5,0,0,0,0,0,0,0,,,,LISTEN / UTTERANCE
497,995-996,41.417,telemachus,A,-0.8,2,15.7,80.7,0,1.3,0,0.1,9.8,0,18.2,11.5,-62,19.2,-11.5,0,0.3,0,0,0,athena-as-mentes R,,,BEAT / WELCOME / UTTERANCE
498,997-998,41.5,athena-as-mentes,D,1.6,3,17.9,-247.8,0,-1.3,0,0,0,0,0,9.8,-74.5,0,0,0,0,0,0,0,,,,LISTEN / UTTERANCE
498,997-998,41.5,telemachus,H,-0.8,2,15.7,80.7,0,1.3,0,0,9.8,0,18.2,11.5,-60.4,18.6,-11.5,0,0,0,0,0,athena-as-mentes R,,,BEAT / WELCOME / UTTERANCE
499,999-1000,41.583,athena-as-mentes,D,1.6,3,17.9,-247.8,0,-1.3,0,0,0,0,0,9.8,-74.5,0,0,0,0,0,0,0,,,,LISTEN / UTTERANCE
499,999-1000,41.583,telemachus,H,-0.8,2,15.7,80.7,0,1.3,0,0,9.8,0,18.2,11.5,-60.4,18.6,-11.5,0,0,0,0,0,athena-as-mentes R,,,WELCOME / UTTERANCE / APPROACH
500,1001-1002,41.667,athena-as-mentes,D,1.6,3,17.9,-247.8,0,-1.3,0,0,0,0,0,9.8,-74.5,0,0,0,0,0,0,0,,,,LISTEN / UTTERANCE
500,1001-1002,41.667,telemachus,H,-0.8,2,15.7,80.7,0,1.3,0,0,9.8,0,18.2,11.5,-60.4,18.6,-11.5,0,0,0,0,0,athena-as-mentes R,,,WELCOME / UTTERANCE / APPROACH
501,1003-1004,41.75,athena-as-mentes,D,1.6,3,17.9,-247.8,0,-1.3,0,0,0,0,0,9.8,-74.5,0,0,0,0,0,0,0,,,,LISTEN / UTTERANCE
501,1003-1004,41.75,telemachus,H,-0.8,2,15.7,80.7,0,1.3,0,0,9.8,0,18.2,12.6,-60.4,18.6,-11.5,0,0,0,0,0,athena-as-mentes R,,,NOD / WELCOME / UTTERANCE
502,1005-1006,41.833,athena-as-mentes,D,1.6,3,17.9,-247.8,0,-1.3,0,0,0,0,0,9.8,-74.5,0,0,0,0,0,0,0,,,,LISTEN / UTTERANCE
502,1005-1006,41.833,telemachus,H,-0.8,2,15.7,80.7,0,1.3,0,0,9.8,0,18.2,12.6,-60.4,18.6,-11.5,0,0,0,0,0,athena-as-mentes R,,,NOD / WELCOME / UTTERANCE
503,1007-1008,41.917,athena-as-mentes,D,1.6,3,17.9,-247.8,0,-1.3,0,0,0,0,0,9.8,-74.5,0,0,0,0,0,0,0,,,,LISTEN / UTTERANCE
503,1007-1008,41.917,telemachus,H,-0.8,2,15.7,80.7,0,1.3,0,0,9.8,0,18.2,12.6,-60.4,18.6,-11.5,0,0,0,0,0,athena-as-mentes R,,,NOD / WELCOME / UTTERANCE
504,1009-1010,42,athena-as-mentes,D,1.6,3,17.9,-247.8,0,-1.3,0,0,0,0,0,9.8,-74.5,0,0,0,0,0,0,0,,,,LISTEN / UTTERANCE
504,1009-1010,42,telemachus,H,-0.8,2,15.7,80.7,0,1.3,0,0,9.8,0,18.2,12.6,-60.4,18.6,-11.5,0,0,0,0,0,athena-as-mentes R,,,NOD / WELCOME / UTTERANCE
505,1011-1012,42.083,athena-as-mentes,D,1.6,3,17.9,-247.8,0,-1.3,0,0,0,0,0,9.8,-74.5,0,0,0,0,0,0,0,,,,BREATH
505,1011-1012,42.083,telemachus,H,-0.8,2,15.7,80.7,0,1.3,0,0,9.8,0,18.2,12.2,-60.4,18.6,-11.5,0,0,0,0,0,athena-as-mentes R,,,NOD / WELCOME / UTTERANCE
506,1013-1014,42.167,athena-as-mentes,D,1.6,3,17.9,-247.8,0,-1.3,0,0,0,0,0,9.8,-74.5,0,0,0,0,0,0,0,,,,BREATH
506,1013-1014,42.167,telemachus,H,-0.8,2,15.7,80.7,0,1.3,0,0,9.8,0,18.2,11.5,-60.4,18.6,-11.5,0,0,0,0,0,athena-as-mentes R,,,NOD / WELCOME / UTTERANCE
507,1015-1016,42.25,athena-as-mentes,D,1.6,3,17.9,-247.8,0,-1.3,0,0,0,0,0,9.8,-74.5,0,0,0,0,0,0,0,,,,BREATH
507,1015-1016,42.25,telemachus,R,-0.8,2,15.7,87.9,0,1.3,0,0,19.4,0,18.2,11.5,-60.4,18.6,-11.5,0,0,0,0,0,athena-as-mentes R,,,TURN / LEAD / WELCOME
508,1017-1018,42.333,athena-as-mentes,D,1.6,3,17.9,-247.8,0,-1.3,0,0,0,0,0,9.8,-74.5,0,0,0,0,0,0,0,,,,LOOK / FOLLOW / LEAD
508,1017-1018,42.333,telemachus,R,-0.8,2,15.7,106.4,0,1.3,0,0,25.1,0,18.2,11.5,-60.4,18.6,-11.5,0,0,0,0,0,athena-as-mentes R,,,TURN / LEAD / WELCOME
509,1019-1020,42.417,athena-as-mentes,A,1.6,3,17.9,-247.8,0,-1.3,0,0,0,0,0,2.9,-74.5,0,0,0,0,0,0,0,,,,LOOK / FOLLOW / LEAD
509,1019-1020,42.417,telemachus,R,-0.8,2,15.7,131.8,0,1.3,0,0,27,0,18.2,11.5,-60.4,18.6,-11.5,0,0,0,0,0,athena-as-mentes R,,,TURN / LEAD / WELCOME
510,1021-1022,42.5,athena-as-mentes,A,1.6,3,17.9,-247.8,0,-1.3,0,0,0,0,0,6.7,-74.5,0,0,0,0,0,0,0,,,,LOOK / FOLLOW / LEAD
510,1021-1022,42.5,telemachus,R,-0.8,2,15.7,159.4,0,1.3,0,0,24.3,0,18.2,11.5,-60.4,18.6,-11.5,0,0,0,0,0,athena-as-mentes R,,,TURN / LEAD / WELCOME
511,1023-1024,42.583,athena-as-mentes,A,1.6,3,17.9,-247.8,0,-1.3,0,0,0,0,0,9.1,-74.5,0,0,0,0,0,0,0,,,,LOOK / FOLLOW / LEAD
511,1023-1024,42.583,telemachus,R,-0.8,2,15.7,184.8,0,1.3,0,0,18.4,0,18.2,11.5,-60.4,18.6,-11.5,0,0,0,0,0,athena-as-mentes R,,,TURN / LEAD / WELCOME
512,1025-1026,42.667,athena-as-mentes,A,1.6,3,17.9,-247.8,0,-1.3,0,0,0,0,0,9.8,-74.5,0,0,0,0,0,0,0,,,,LOOK / FOLLOW / LEAD
512,1025-1026,42.667,telemachus,R,-0.8,2,15.7,203.3,0,1.3,0,0,12.5,0,18.2,11.5,-60.4,18.6,-11.5,0,0,0,0,0,athena-as-mentes R,,,TURN / LEAD / WELCOME
513,1027-1028,42.75,athena-as-mentes,A,1.6,3,17.9,-250.6,0,-1.3,0,0,-2.6,0,0,9.8,-74.5,0,0,0,0,0,0,0,,,,TURN / FOLLOW / LEAD
513,1027-1028,42.75,telemachus,R,-0.8,2,15.7,210.5,0,1.3,0,0,9.8,0,18.2,11.5,-60.4,18.6,-11.5,0,0,0,0,0,athena-as-mentes R,,,WALK / TURN / LEAD
514,1029-1030,42.833,athena-as-mentes,A,1.6,3,17.9,-256.5,0,-1.3,0,0,-3.5,0,0,9.8,-74.5,0,0,0,0,0,0,0,,,,TURN / FOLLOW / LEAD
514,1029-1030,42.833,telemachus,R,-0.1,2,15.9,210.5,0,1.3,0,0,9.8,0,18.2,11.5,-60.4,18.6,-9,0,0,0,3.9,-3.9,athena-as-mentes R,,,WALK / TURN / LEAD
515,1031-1032,42.917,athena-as-mentes,A,1.6,3,17.9,-262.5,0,-1.3,0,0,-1.7,0,0,9.8,-74.5,0,0,0,0,0,0,0,,,,TURN / FOLLOW / LEAD
515,1031-1032,42.917,telemachus,R,-0.1,2,15.4,210.5,0,1.3,-0.1,0,9.8,0,18.2,11.5,-60.4,18.6,0.1,0,0,0,18.2,-18.2,athena-as-mentes R,,,WALK / TURN / LEAD
516,1033-1034,43,athena-as-mentes,A,1.6,3,17.9,-265.2,0,-1.3,0,0,0,0,0,9.8,-74.5,0,0,0,0,0,0,0,,,,WALK / TURN / FOLLOW
516,1033-1034,43,telemachus,R,-0.1,2,15,210.5,0,1.3,-0.1,0,9.8,0,18.2,11.5,-60.4,18.6,4.1,0,0,0,24.4,-24.4,athena-as-mentes R,,,WALK / TURN / LEAD
517,1035-1036,43.083,athena-as-mentes,A,1.4,3,17.5,-265.2,0,-1.3,0,0,0,0,0,9.8,-74.5,0,2.6,0,0,0,4,-4,,,,WALK / TURN / FOLLOW
517,1035-1036,43.083,telemachus,R,-0.1,2,14.4,210.5,0,1.3,0,0,9.8,0,18.2,11.5,-60.4,18.6,-6,0,0,0,8.5,-8.5,athena-as-mentes R,,,WALK / TURN / LEAD
518,1037-1038,43.167,athena-as-mentes,A,1.1,3,17.1,-265.2,0,-1.3,-0.1,0,0,0,0,9.8,-74.5,0,11.7,0,0,0,18.3,-18.3,,,,WALK / TURN / FOLLOW
518,1037-1038,43.167,telemachus,R,-0.1,2,13.9,210.5,0,1.3,-0.1,0,9.8,0,18.2,11.5,-60.4,18.6,-20,0,0,0,-13.5,13.5,athena-as-mentes R,,,WALK / TURN / LEAD
519,1039-1040,43.25,athena-as-mentes,A,0.8,3,16.7,-265.2,0,-1.3,-0.1,0,0,0,0,9.8,-74.5,0,14.5,0,0,0,22.8,-22.8,,,,WALK / TURN / FOLLOW
519,1039-1040,43.25,telemachus,A,-0.1,2,13.4,207.3,0,1.3,-0.1,0,9.8,0,18.2,11.5,-60.4,18.6,-29.8,0,0,0,-28.9,28.9,athena-as-mentes R,,,WALK / TURN / LEAD
520,1041-1042,43.333,athena-as-mentes,A,0.6,3,16.2,-265.2,0,-1.3,0,0,0,0,0,9.8,-74.5,0,3,0,0,0,4.7,-4.7,,,,WALK / TURN / FOLLOW
520,1041-1042,43.333,telemachus,A,0,2,12.9,207.3,0,1.3,-0.1,0,9.8,0,18.2,11.5,-60.4,18.6,-30.6,0,0,0,-30.1,30.1,athena-as-mentes R,,,WALK / TURN / LEAD
521,1043-1044,43.417,athena-as-mentes,R,0.3,3,15.8,-265.2,0,-1.3,-0.1,0,0,0,0,9.8,-74.5,0,-11.3,0,0,0,-17.8,17.8,,,,WALK / TURN / FOLLOW
521,1043-1044,43.417,telemachus,A,0,2,12.3,207.3,0,1.3,-0.1,0,9.8,0,18.2,11.5,-60.4,18.6,-21.7,0,0,0,-16.1,16.1,athena-as-mentes R,,,WALK / TURN / LEAD
522,1045-1046,43.5,athena-as-mentes,R,0,3,15.3,-278.6,0,-1.3,-0.1,0,0,0,0,9.8,-74.5,0,-19.5,0,0,0,-30.7,30.7,,,,WALK / TURN / FOLLOW
522,1045-1046,43.5,telemachus,A,0,2,11.9,207.3,0,1.3,0,0,9.8,0,18.2,11.5,-60.4,18.6,-9.1,0,0,0,3.7,-3.7,athena-as-mentes R,,,WALK / TURN / LEAD
523,1047-1048,43.583,athena-as-mentes,R,-0.1,3,14.7,-278.6,0,-1.3,-0.1,0,0,0,0,9.8,-74.5,0,-17.4,0,0,0,-27.3,27.3,,,,WALK / TURN / FOLLOW
523,1047-1048,43.583,telemachus,A,0,2,11.4,207.3,0,1.3,0,0,9.8,0,18.2,11.5,-60.4,18.6,-6.8,0,0,0,7.3,-7.3,athena-as-mentes R,,,WALK / TURN / LEAD
524,1049-1050,43.667,athena-as-mentes,R,-0.3,3,14.2,-278.6,0,-1.3,0,0,0,0,0,9.8,-74.5,0,-5.9,0,0,0,-9.3,9.3,,,,WALK / TURN / FOLLOW
524,1049-1050,43.667,telemachus,A,0.1,2,11,207.3,0,1.3,0,0,9.8,0,18.2,11.5,-60.4,18.6,-11.1,0,0,0,0.6,-0.6,athena-as-mentes R,,,WALK / TURN / LEAD
525,1051-1052,43.75,athena-as-mentes,R,-0.5,3,13.7,-278.6,0,-1.3,-0.1,0,0,0,0,9.8,-74.5,0,8.7,0,0,0,13.7,-13.7,,,,WALK / TURN / FOLLOW
525,1051-1052,43.75,telemachus,H,0.1,2,11,207.3,0,1.3,0,0,9.8,0,18.2,11.5,-60.4,18.6,-11.2,0,0,0,0.5,-0.5,athena-as-mentes R,,,WALK / TURN / LEAD
526,1053-1054,43.833,athena-as-mentes,R,-0.7,3,13.2,-278.6,0,-1.3,-0.1,0,0,0,0,9.8,-74.5,0,18.5,0,0,0,29.1,-29.1,,,,WALK / TURN / FOLLOW
526,1053-1054,43.833,telemachus,H,0.1,2,11,207.3,0,1.3,0,0,9.8,0,18.2,11.5,-60.4,18.6,-11.4,0,0,0,0.2,-0.2,athena-as-mentes R,,,WALK / TURN / LEAD
527,1055-1056,43.917,athena-as-mentes,R,-0.8,3,12.7,-292.3,0,-1.3,-0.1,0,0,0,0,9.8,-74.5,0,13.9,0,0,0,21.8,-21.8,,,,WALK / TURN / FOLLOW
527,1055-1056,43.917,telemachus,H,0.1,2,11,207.3,0,1.3,0,0,9.8,0,18.2,11.5,-60.4,18.6,-11.5,0,0,0,0,0,athena-as-mentes R,,,WALK / TURN / LEAD
528,1057-1058,44,athena-as-mentes,R,-0.8,3,12.2,-292.3,0,-1.3,0,0,0,0,0,9.8,-74.5,0,2.9,0,0,0,4.6,-4.6,,,,WALK / TURN / FOLLOW
528,1057-1058,44,telemachus,H,0.1,2,11,207.3,0,1.3,0,0,9.8,0,18.2,11.5,-60.4,18.6,-11.5,0,0,0,0,0,athena-as-mentes R,,,LEAD / WELCOME / TAKE
529,1059-1060,44.083,athena-as-mentes,R,-0.9,3,11.8,-292.3,0,-1.3,0,0,0,0,0,9.8,-74.5,0,-0.2,0,0,0,-0.3,0.3,,,,WALK / TURN / FOLLOW
529,1059-1060,44.083,telemachus,H,0.1,2,11,207.3,0,1.3,0,0,9.8,0,18.2,11.5,-60.4,18.6,-11.5,0,0,0,0,0,athena-as-mentes R,,,LEAD / WELCOME / TAKE
530,1061-1062,44.167,athena-as-mentes,H,-0.9,3,11.8,-292.3,0,-1.3,0,0,0,0,0,9.8,-74.5,0,-0.2,0,0,0,-0.3,0.3,,,,WALK / TURN / FOLLOW
530,1061-1062,44.167,telemachus,H,0.1,2,11,207.3,0,1.3,0,0,9.8,0,18.2,11.5,-60.4,18.6,-11.5,0,0,0,0,0,athena-as-mentes R,,,LEAD / WELCOME / TAKE
531,1063-1064,44.25,athena-as-mentes,H,-0.9,3,11.8,-292.3,0,-1.3,0,0,0,0,0,9.8,-74.5,0,-0.1,0,0,0,-0.2,0.2,,,,WALK / TURN / FOLLOW
531,1063-1064,44.25,telemachus,H,0.1,2,11,207.3,0,1.3,0,0,9.8,0,18.2,11.5,-60.4,18.6,-11.5,0,0,0,0,0,athena-as-mentes R,,,LEAD / WELCOME / TAKE
532,1065-1066,44.333,athena-as-mentes,H,-0.9,3,11.8,-292.3,0,-1.3,0,0,0,0,0,9.8,-74.5,0,0,0,0,0,-0.1,0.1,,,,WALK / TURN / FOLLOW
532,1065-1066,44.333,telemachus,H,0.1,2,11,207.3,0,1.3,0,0,9.8,0,18.2,11.5,-60.4,18.6,-11.5,0,0,0,0,0,athena-as-mentes R,,,LEAD / WELCOME / TAKE
533,1067-1068,44.417,athena-as-mentes,H,-0.9,3,11.8,-292.3,0,-1.3,0,0,0,0,0,9.8,-74.5,0,0,0,0,0,0,0,,,,WALK / TURN / FOLLOW
533,1067-1068,44.417,telemachus,H,0.1,2,11,207.3,0,1.3,0,0,9.8,0,18.2,11.5,-60.4,18.6,-11.5,0,0,0,0,0,athena-as-mentes R,,,BREATH
