# servo timeline for OD-B10-S05 (tools/perform/hardware.js): rows where a channel moves (and where it stops); power is an estimate from a stated model (a 0.30 m puppet; see the file header of hardware.js), not a measurement
# calibration on a rig: encoder velocity -> angular velocity; IMU -> root acceleration; V x I -> electrical power; motor thermistor -> a first-order response to I^2 R, the same form as the motion heat T_m
actor,channel,t,angle_deg,velocity_deg_s,limit_lo_deg,limit_hi_deg,torque_Nm,power_W_est
odysseus,root.h,0,180,0,,,0,0
odysseus,root.h,9.917,-180,-4320,,,0,0
odysseus,root.h,10,-180,0,,,0,0
odysseus,root.h,11.333,180,4320,,,0,0
odysseus,root.h,11.417,180,0,,,0,0
odysseus,root.h,68,180,0,,,0,0
odysseus,root.pitch,0,0,0,,,0,0
odysseus,root.pitch,68,0,0,,,0,0
odysseus,root.roll,0,0,0,,,0,0
odysseus,root.roll,1.833,0.1,1.5,,,0,0
odysseus,root.roll,1.917,0.4,3.8,,,0,0
odysseus,root.roll,2,0.9,5,,,0,0
odysseus,root.roll,2.083,1.3,5,,,0,0
odysseus,root.roll,2.167,1.6,3.8,,,0,0
odysseus,root.roll,2.25,1.7,1.5,,,0,0
odysseus,root.roll,2.333,1.7,-0.3,,,0,0
odysseus,root.roll,5.583,1,-3.7,,,0,0
odysseus,root.roll,5.667,0.2,-8.9,,,0,0
odysseus,root.roll,5.75,-0.7,-10.6,,,0,0
odysseus,root.roll,5.833,-1.4,-8.9,,,0,0
odysseus,root.roll,5.917,-1.7,-3.7,,,0,0
odysseus,root.roll,6,-1.7,0.3,,,0,0
odysseus,root.roll,8.583,-1,2.6,,,0,0
odysseus,root.roll,8.667,-0.5,6.6,,,0,0
odysseus,root.roll,8.75,0.2,8.6,,,0,0
odysseus,root.roll,8.833,0.9,8.6,,,0,0
odysseus,root.roll,8.917,1.5,6.6,,,0,0
odysseus,root.roll,9,1.7,2.6,,,0,0
odysseus,root.roll,9.083,1.7,-0.3,,,0,0
odysseus,root.roll,12.917,1,-2.6,,,0,0
odysseus,root.roll,13,0.5,-6.6,,,0,0
odysseus,root.roll,13.083,-0.2,-8.6,,,0,0
odysseus,root.roll,13.167,-0.9,-8.6,,,0,0
odysseus,root.roll,13.25,-1.5,-6.6,,,0,0
odysseus,root.roll,13.333,-1.7,-2.6,,,0,0
odysseus,root.roll,13.417,-1.7,0.3,,,0,0
odysseus,root.roll,17.083,-1,3.7,,,0,0
odysseus,root.roll,17.167,-0.2,8.9,,,0,0
odysseus,root.roll,17.25,0.7,10.6,,,0,0
odysseus,root.roll,17.333,1.4,8.9,,,0,0
odysseus,root.roll,17.417,1.7,3.7,,,0,0
odysseus,root.roll,17.5,1.7,-0.3,,,0,0
odysseus,root.roll,21.25,1,-3.7,,,0,0
odysseus,root.roll,21.333,0.2,-8.9,,,0,0
odysseus,root.roll,21.417,-0.7,-10.6,,,0,0
odysseus,root.roll,21.5,-1.4,-8.9,,,0,0
odysseus,root.roll,21.583,-1.7,-3.7,,,0,0
odysseus,root.roll,21.667,-1.7,0.3,,,0,0
odysseus,root.roll,25.833,-1,2.6,,,0,0
odysseus,root.roll,25.917,-0.5,6.6,,,0,0
odysseus,root.roll,26,0.2,8.6,,,0,0
odysseus,root.roll,26.083,0.9,8.6,,,0,0
odysseus,root.roll,26.167,1.5,6.6,,,0,0
odysseus,root.roll,26.25,1.7,2.6,,,0,0
odysseus,root.roll,26.333,1.7,-0.3,,,0,0
odysseus,root.roll,29.167,1,-2.6,,,0,0
odysseus,root.roll,29.25,0.5,-6.6,,,0,0
odysseus,root.roll,29.333,-0.2,-8.6,,,0,0
odysseus,root.roll,29.417,-0.9,-8.6,,,0,0
odysseus,root.roll,29.5,-1.5,-6.6,,,0,0
odysseus,root.roll,29.583,-1.7,-2.6,,,0,0
odysseus,root.roll,29.667,-1.7,0.3,,,0,0
odysseus,root.roll,33.583,-1,2.6,,,0,0
odysseus,root.roll,33.667,-0.5,6.6,,,0,0
odysseus,root.roll,33.75,0.2,8.6,,,0,0
odysseus,root.roll,33.833,0.9,8.6,,,0,0
odysseus,root.roll,33.917,1.5,6.6,,,0,0
odysseus,root.roll,34,1.7,2.6,,,0,0
odysseus,root.roll,34.083,1.7,-0.3,,,0,0
odysseus,root.roll,36.833,1,-2.6,,,0,0
odysseus,root.roll,36.917,0.5,-6.6,,,0,0
odysseus,root.roll,37,-0.2,-8.6,,,0,0
odysseus,root.roll,37.083,-0.9,-8.6,,,0,0
odysseus,root.roll,37.167,-1.5,-6.6,,,0,0
odysseus,root.roll,37.25,-1.7,-2.6,,,0,0
odysseus,root.roll,37.333,-1.7,0.3,,,0,0
odysseus,root.roll,41.583,-1,3.7,,,0,0
odysseus,root.roll,41.667,-0.2,8.9,,,0,0
odysseus,root.roll,41.75,0.7,10.6,,,0,0
odysseus,root.roll,41.833,1.4,8.9,,,0,0
odysseus,root.roll,41.917,1.7,3.7,,,0,0
odysseus,root.roll,42,1.7,-0.3,,,0,0
odysseus,root.roll,45,1,-3.7,,,0,0
odysseus,root.roll,45.083,0.2,-8.9,,,0,0
odysseus,root.roll,45.167,-0.7,-10.6,,,0,0
odysseus,root.roll,45.25,-1.4,-8.9,,,0,0
odysseus,root.roll,45.333,-1.7,-3.7,,,0,0
odysseus,root.roll,45.417,-1.7,0.3,,,0,0
odysseus,root.roll,49.333,-1,3.7,,,0,0
odysseus,root.roll,49.417,-0.2,8.9,,,0,0
odysseus,root.roll,49.5,0.7,10.6,,,0,0
odysseus,root.roll,49.583,1.4,8.9,,,0,0
odysseus,root.roll,49.667,1.7,3.7,,,0,0
odysseus,root.roll,49.75,1.7,-0.3,,,0,0
odysseus,root.roll,53.333,1,-2.6,,,0,0
odysseus,root.roll,53.417,0.5,-6.6,,,0,0
odysseus,root.roll,53.5,-0.2,-8.6,,,0,0
odysseus,root.roll,53.583,-0.9,-8.6,,,0,0
odysseus,root.roll,53.667,-1.5,-6.6,,,0,0
odysseus,root.roll,53.75,-1.7,-2.6,,,0,0
odysseus,root.roll,53.833,-1.7,0.3,,,0,0
odysseus,root.roll,57.833,-1,3.7,,,0,0
odysseus,root.roll,57.917,-0.2,8.9,,,0,0
odysseus,root.roll,58,0.7,10.6,,,0,0
odysseus,root.roll,58.083,1.4,8.9,,,0,0
odysseus,root.roll,58.167,1.7,3.7,,,0,0
odysseus,root.roll,58.25,1.7,-0.3,,,0,0
odysseus,root.roll,61.833,1,-2.6,,,0,0
odysseus,root.roll,61.917,0.5,-6.6,,,0,0
odysseus,root.roll,62,-0.2,-8.6,,,0,0
odysseus,root.roll,62.083,-0.9,-8.6,,,0,0
odysseus,root.roll,62.167,-1.5,-6.6,,,0,0
odysseus,root.roll,62.25,-1.7,-2.6,,,0,0
odysseus,root.roll,62.333,-1.7,0.3,,,0,0
odysseus,root.roll,65.583,-1,3.7,,,0,0
odysseus,root.roll,65.667,-0.2,8.9,,,0,0
odysseus,root.roll,65.75,0.7,10.6,,,0,0
odysseus,root.roll,65.833,1.4,8.9,,,0,0
odysseus,root.roll,65.917,1.7,3.7,,,0,0
odysseus,root.roll,66,1.7,-0.3,,,0,0
odysseus,root.roll,68,1.3,0,,,0,0
odysseus,torso.lean,0,0,0,-17.2,21.8,0,0
odysseus,torso.lean,0.417,-0.1,-0.5,-17.2,21.8,0.0007,0
odysseus,torso.lean,0.5,-0.2,-0.6,-17.2,21.8,0.001,0
odysseus,torso.lean,0.583,-0.2,-0.7,-17.2,21.8,0.0013,0
odysseus,torso.lean,0.667,1,15,-17.2,21.8,0.0083,0.004
odysseus,torso.lean,0.75,4.1,36.7,-17.2,21.8,0.0261,0.035
odysseus,torso.lean,0.833,7.7,43.9,-17.2,21.8,0.0435,0.07
odysseus,torso.lean,0.917,10.8,36.6,-17.2,21.8,0.06,0.084
odysseus,torso.lean,1,12,14.8,-17.2,21.8,0.0692,0.045
odysseus,torso.lean,1.083,10.4,-19.7,-17.2,21.8,0.0626,0.051
odysseus,torso.lean,1.167,8.9,-18.1,-17.2,21.8,0.0486,0.035
odysseus,torso.lean,1.25,7.5,-16.5,-17.2,21.8,0.0412,0.027
odysseus,torso.lean,1.333,6.2,-14.8,-17.2,21.8,0.0345,0.02
odysseus,torso.lean,1.417,5.1,-13.2,-17.2,21.8,0.0285,0.015
odysseus,torso.lean,1.5,4.2,-11.6,-17.2,21.8,0.0232,0.01
odysseus,torso.lean,1.583,3.4,-9.9,-17.2,21.8,0.0187,0.007
odysseus,torso.lean,1.667,2.7,-8.2,-17.2,21.8,0.0149,0.005
odysseus,torso.lean,1.75,2.1,-6.6,-17.2,21.8,0.0119,0.003
odysseus,torso.lean,1.833,1.7,-4.9,-17.2,21.8,0.0097,0.002
odysseus,torso.lean,1.917,1.5,-3.2,-17.2,21.8,0.0082,0.001
odysseus,torso.lean,2,1.3,-1.5,-17.2,21.8,0.0076,0.001
odysseus,torso.lean,2.083,1.3,-0.6,-17.2,21.8,0.0071,0
odysseus,torso.lean,2.167,1.2,-0.5,-17.2,21.8,0.0068,0
odysseus,torso.lean,2.25,1.2,-0.4,-17.2,21.8,0.0066,0
odysseus,torso.lean,2.75,1.3,0.7,-17.2,21.8,0.007,0
odysseus,torso.lean,2.833,1.3,1,-17.2,21.8,0.0074,0
odysseus,torso.lean,2.917,1.4,1.2,-17.2,21.8,0.0079,0
odysseus,torso.lean,3,1.6,1.3,-17.2,21.8,0.0085,0.001
odysseus,torso.lean,3.083,1.7,1.5,-17.2,21.8,0.0092,0.001
odysseus,torso.lean,3.167,1.8,1.6,-17.2,21.8,0.0099,0.001
odysseus,torso.lean,3.25,1.9,1.6,-17.2,21.8,0.0106,0.001
odysseus,torso.lean,3.333,2.1,1.6,-17.2,21.8,0.0114,0.001
odysseus,torso.lean,3.417,2.2,1.6,-17.2,21.8,0.0121,0.001
odysseus,torso.lean,3.5,2.3,1.6,-17.2,21.8,0.0128,0.001
odysseus,torso.lean,3.583,2.5,1.5,-17.2,21.8,0.0135,0.001
odysseus,torso.lean,3.667,2.6,1.3,-17.2,21.8,0.0141,0.001
odysseus,torso.lean,3.75,2.7,1.2,-17.2,21.8,0.0146,0.001
odysseus,torso.lean,3.833,2.7,1,-17.2,21.8,0.0151,0.001
odysseus,torso.lean,3.917,2.8,0.7,-17.2,21.8,0.0154,0.001
odysseus,torso.lean,4,2.9,0.5,-17.2,21.8,0.0157,0.001
odysseus,torso.lean,4.417,2.8,-0.6,-17.2,21.8,0.0151,0.001
odysseus,torso.lean,4.5,2.7,-0.7,-17.2,21.8,0.0148,0.001
odysseus,torso.lean,4.583,2.6,-0.8,-17.2,21.8,0.0144,0.001
odysseus,torso.lean,4.667,2.6,-0.9,-17.2,21.8,0.014,0.001
odysseus,torso.lean,4.75,2.5,-1,-17.2,21.8,0.0136,0.001
odysseus,torso.lean,4.833,2.4,-1,-17.2,21.8,0.0131,0.001
odysseus,torso.lean,4.917,2.3,-1.1,-17.2,21.8,0.0126,0.001
odysseus,torso.lean,5,2.2,-1.1,-17.2,21.8,0.0121,0.001
odysseus,torso.lean,5.083,2.1,-1.2,-17.2,21.8,0.0115,0.001
odysseus,torso.lean,5.167,2,-1.2,-17.2,21.8,0.011,0.001
odysseus,torso.lean,5.25,1.9,-1.2,-17.2,21.8,0.0104,0.001
odysseus,torso.lean,5.333,1.8,-1.2,-17.2,21.8,0.0099,0.001
odysseus,torso.lean,5.417,1.7,-1.1,-17.2,21.8,0.0094,0.001
odysseus,torso.lean,5.5,1.6,-1.1,-17.2,21.8,0.0089,0.001
odysseus,torso.lean,5.583,1.5,-1,-17.2,21.8,0.0084,0
odysseus,torso.lean,5.667,1.5,-1,-17.2,21.8,0.008,0
odysseus,torso.lean,5.75,1.4,-0.9,-17.2,21.8,0.0076,0
odysseus,torso.lean,5.833,1.3,-0.8,-17.2,21.8,0.0072,0
odysseus,torso.lean,5.917,1.3,-0.7,-17.2,21.8,0.0069,0
odysseus,torso.lean,6,1.2,-0.6,-17.2,21.8,0.0066,0
odysseus,torso.lean,6.083,1.2,-0.4,-17.2,21.8,0.0065,0
odysseus,torso.lean,6.5,1.3,0.7,-17.2,21.8,0.007,0
odysseus,torso.lean,6.583,1.3,1,-17.2,21.8,0.0074,0
odysseus,torso.lean,6.667,1.4,1.2,-17.2,21.8,0.0079,0
odysseus,torso.lean,6.75,1.6,1.3,-17.2,21.8,0.0085,0.001
odysseus,torso.lean,6.833,1.7,1.5,-17.2,21.8,0.0092,0.001
odysseus,torso.lean,6.917,1.8,1.6,-17.2,21.8,0.0099,0.001
odysseus,torso.lean,7,1.9,1.6,-17.2,21.8,0.0106,0.001
odysseus,torso.lean,7.083,2.1,1.6,-17.2,21.8,0.0114,0.001
odysseus,torso.lean,7.167,2.2,1.6,-17.2,21.8,0.0121,0.001
odysseus,torso.lean,7.25,2.3,1.6,-17.2,21.8,0.0128,0.001
odysseus,torso.lean,7.333,2.5,1.5,-17.2,21.8,0.0135,0.001
odysseus,torso.lean,7.417,2.6,1.3,-17.2,21.8,0.0141,0.001
odysseus,torso.lean,7.5,2.7,1.2,-17.2,21.8,0.0146,0.001
odysseus,torso.lean,7.583,2.7,1,-17.2,21.8,0.0151,0.001
odysseus,torso.lean,7.667,2.8,0.7,-17.2,21.8,0.0154,0.001
odysseus,torso.lean,7.75,2.9,0.5,-17.2,21.8,0.0157,0.001
odysseus,torso.lean,8.167,2.7,-0.6,-17.2,21.8,0.015,0.001
odysseus,torso.lean,8.25,2.7,-0.8,-17.2,21.8,0.0147,0.001
odysseus,torso.lean,8.333,2.6,-0.9,-17.2,21.8,0.0143,0.001
odysseus,torso.lean,8.417,2.5,-1,-17.2,21.8,0.0138,0.001
odysseus,torso.lean,8.5,2.4,-1.1,-17.2,21.8,0.0133,0.001
odysseus,torso.lean,8.583,2.3,-1.2,-17.2,21.8,0.0128,0.001
odysseus,torso.lean,8.667,2.2,-1.2,-17.2,21.8,0.0122,0.001
odysseus,torso.lean,8.75,2.1,-1.2,-17.2,21.8,0.0116,0.001
odysseus,torso.lean,8.833,2,-1.3,-17.2,21.8,0.0111,0.001
odysseus,torso.lean,8.917,1.9,-1.3,-17.2,21.8,0.0105,0.001
odysseus,torso.lean,9,1.8,-1.2,-17.2,21.8,0.0099,0.001
odysseus,torso.lean,9.083,1.7,-1.2,-17.2,21.8,0.0094,0.001
odysseus,torso.lean,9.167,1.6,-1.2,-17.2,21.8,0.0088,0.001
odysseus,torso.lean,9.25,1.5,-1.1,-17.2,21.8,0.0084,0
odysseus,torso.lean,9.333,1.4,-1,-17.2,21.8,0.0079,0
odysseus,torso.lean,9.417,1.4,-0.9,-17.2,21.8,0.0075,0
odysseus,torso.lean,9.5,1.3,-0.8,-17.2,21.8,0.0071,0
odysseus,torso.lean,9.583,1.2,-0.6,-17.2,21.8,0.0069,0
odysseus,torso.lean,9.667,1.2,-0.5,-17.2,21.8,0.0066,0
odysseus,torso.lean,9.917,1.2,0.6,-17.2,21.8,0.0068,0
odysseus,torso.lean,10,1.4,2.3,-17.2,21.8,0.0081,0.001
odysseus,torso.lean,10.083,1.8,4.9,-17.2,21.8,0.0104,0.002
odysseus,torso.lean,10.167,2.5,8.2,-17.2,21.8,0.0143,0.004
odysseus,torso.lean,10.25,3.5,12.2,-17.2,21.8,0.02,0.009
odysseus,torso.lean,10.333,3.4,-1,-17.2,21.8,0.0212,0.002
odysseus,torso.lean,10.417,3.4,0,-17.2,21.8,0.019,0.001
odysseus,torso.lean,11,1.9,-18.9,-17.2,21.8,0.0136,0.009
odysseus,torso.lean,11.083,0.6,-15.5,-17.2,21.8,0.0038,0.002
odysseus,torso.lean,11.167,-0.4,-12,-17.2,21.8,0.003,0.001
odysseus,torso.lean,11.25,-1.1,-8.6,-17.2,21.8,0.0069,0.002
odysseus,torso.lean,11.333,-1.6,-5.2,-17.2,21.8,0.0092,0.002
odysseus,torso.lean,11.417,-1.7,-1.7,-17.2,21.8,0.01,0.001
odysseus,torso.lean,11.5,-1.5,3.2,-17.2,21.8,0.0088,0.001
odysseus,torso.lean,11.583,-0.9,7.1,-17.2,21.8,0.0054,0.001
odysseus,torso.lean,11.667,-0.3,7.1,-17.2,21.8,0.0015,0
odysseus,torso.lean,11.75,0,3.2,-17.2,21.8,0.0007,0
odysseus,torso.lean,11.833,0,0,-17.2,21.8,0.0006,0
odysseus,torso.lean,11.917,-3,-36.1,-17.2,21.8,0.0229,0.03
odysseus,torso.lean,12,-4,-12,-17.2,21.8,0.0263,0.012
odysseus,torso.lean,12.083,-3.9,1.5,-17.2,21.8,0.0237,0.002
odysseus,torso.lean,12.167,-3.8,1.5,-17.2,21.8,0.0206,0.002
odysseus,torso.lean,12.25,-3.6,1.5,-17.2,21.8,0.0199,0.002
odysseus,torso.lean,12.333,-3.5,1.5,-17.2,21.8,0.0193,0.002
odysseus,torso.lean,12.417,-3.4,1.5,-17.2,21.8,0.0186,0.002
odysseus,torso.lean,12.5,-3.3,1.5,-17.2,21.8,0.0179,0.002
odysseus,torso.lean,12.583,-3.2,1.5,-17.2,21.8,0.0173,0.001
odysseus,torso.lean,12.667,-3,1.5,-17.2,21.8,0.0166,0.001
odysseus,torso.lean,12.75,-2.9,1.5,-17.2,21.8,0.0159,0.001
odysseus,torso.lean,12.833,-2.8,1.5,-17.2,21.8,0.0152,0.001
odysseus,torso.lean,12.917,-2.7,1.5,-17.2,21.8,0.0146,0.001
odysseus,torso.lean,13,-2.5,1.5,-17.2,21.8,0.0139,0.001
odysseus,torso.lean,13.083,-2.4,1.5,-17.2,21.8,0.0132,0.001
odysseus,torso.lean,13.167,-2.3,1.5,-17.2,21.8,0.0126,0.001
odysseus,torso.lean,13.25,-2.1,2,-17.2,21.8,0.0117,0.001
odysseus,torso.lean,13.333,-1.7,5.1,-17.2,21.8,0.0098,0.002
odysseus,torso.lean,13.417,-1.1,6.6,-17.2,21.8,0.0066,0.002
odysseus,torso.lean,13.5,-0.6,6.6,-17.2,21.8,0.0033,0.001
odysseus,torso.lean,13.583,-0.2,5.1,-17.2,21.8,0.0012,0
odysseus,torso.lean,13.667,0,2,-17.2,21.8,0.0005,0
odysseus,torso.lean,13.75,0,0,-17.2,21.8,0.0004,0
odysseus,torso.lean,37.417,0.9,10.7,-17.2,21.8,0.0068,0.003
odysseus,torso.lean,37.5,2.9,23.6,-17.2,21.8,0.018,0.015
odysseus,torso.lean,37.583,4.8,23.6,-17.2,21.8,0.0265,0.023
odysseus,torso.lean,37.667,5.7,10.7,-17.2,21.8,0.0336,0.015
odysseus,torso.lean,37.75,5.6,-1.6,-17.2,21.8,0.0328,0.004
odysseus,torso.lean,37.833,5.5,-1.6,-17.2,21.8,0.0299,0.003
odysseus,torso.lean,37.917,5.3,-1.6,-17.2,21.8,0.0292,0.003
odysseus,torso.lean,38,5.2,-1.6,-17.2,21.8,0.0285,0.003
odysseus,torso.lean,38.083,5.1,-1.6,-17.2,21.8,0.0277,0.003
odysseus,torso.lean,38.167,4.9,-1.6,-17.2,21.8,0.027,0.003
odysseus,torso.lean,38.25,4.8,-1.6,-17.2,21.8,0.0263,0.003
odysseus,torso.lean,38.333,4.7,-1.6,-17.2,21.8,0.0256,0.003
odysseus,torso.lean,38.417,4.5,-1.6,-17.2,21.8,0.0248,0.003
odysseus,torso.lean,38.5,4.4,-1.6,-17.2,21.8,0.0241,0.003
odysseus,torso.lean,38.583,4.3,-1.6,-17.2,21.8,0.0234,0.002
odysseus,torso.lean,38.667,4.1,-1.6,-17.2,21.8,0.0227,0.002
odysseus,torso.lean,38.75,4,-1.6,-17.2,21.8,0.022,0.002
odysseus,torso.lean,38.833,3.7,-3.6,-17.2,21.8,0.0207,0.003
odysseus,torso.lean,38.917,3,-8.9,-17.2,21.8,0.0172,0.006
odysseus,torso.lean,39,2,-11.6,-17.2,21.8,0.0115,0.005
odysseus,torso.lean,39.083,1,-11.6,-17.2,21.8,0.0057,0.002
odysseus,torso.lean,39.167,0.3,-8.9,-17.2,21.8,0.0021,0.001
odysseus,torso.lean,39.25,0,-3.6,-17.2,21.8,0.001,0
odysseus,torso.lean,39.333,0,0,-17.2,21.8,0.0006,0
odysseus,torso.lean,68,0,0,-17.2,21.8,0,0
odysseus,torso.twist,0,0,0,-31.5,31.5,0,0
odysseus,torso.twist,0.667,-0.1,-1,-31.5,31.5,0.0007,0
odysseus,torso.twist,0.75,-0.2,-1.2,-31.5,31.5,0.0012,0
odysseus,torso.twist,0.833,-0.3,-1.2,-31.5,31.5,0.0017,0
odysseus,torso.twist,0.917,-0.4,-1,-31.5,31.5,0.0022,0
odysseus,torso.twist,1,-0.4,-0.4,-31.5,31.5,0.0025,0
odysseus,torso.twist,9.917,-0.4,0.5,-31.5,31.5,0.0022,0
odysseus,torso.twist,10,-0.3,1.3,-31.5,31.5,0.0017,0
odysseus,torso.twist,10.083,-0.2,1.5,-31.5,31.5,0.0009,0
odysseus,torso.twist,10.167,0,1.3,-31.5,31.5,0.0003,0
odysseus,torso.twist,10.25,0,0.5,-31.5,31.5,0.0001,0
odysseus,torso.twist,10.333,0,0,-31.5,31.5,0.0001,0
odysseus,torso.twist,68,0,0,-31.5,31.5,0,0
odysseus,torso.roll,0,0,0,-9.2,9.2,0,0
odysseus,torso.roll,1.833,-0.2,-2.3,-9.2,9.2,0.0015,0
odysseus,torso.roll,1.917,-0.7,-5.7,-9.2,9.2,0.0043,0.001
odysseus,torso.roll,2,-1.3,-7.4,-9.2,9.2,0.0074,0.002
odysseus,torso.roll,2.083,-1.9,-7.4,-9.2,9.2,0.0105,0.003
odysseus,torso.roll,2.167,-2.4,-5.7,-9.2,9.2,0.0134,0.003
odysseus,torso.roll,2.25,-2.6,-2.3,-9.2,9.2,0.0147,0.002
odysseus,torso.roll,2.333,-2.5,0.6,-9.2,9.2,0.0144,0.001
odysseus,torso.roll,2.417,-2.5,0.6,-9.2,9.2,0.0136,0.001
odysseus,torso.roll,2.5,-2.4,0.6,-9.2,9.2,0.0133,0.001
odysseus,torso.roll,2.583,-2.4,0.6,-9.2,9.2,0.0131,0.001
odysseus,torso.roll,2.667,-2.3,0.6,-9.2,9.2,0.0128,0.001
odysseus,torso.roll,2.75,-2.3,0.6,-9.2,9.2,0.0126,0.001
odysseus,torso.roll,2.833,-2.2,0.6,-9.2,9.2,0.0123,0.001
odysseus,torso.roll,2.917,-2.2,0.6,-9.2,9.2,0.012,0.001
odysseus,torso.roll,3,-2.1,0.6,-9.2,9.2,0.0118,0.001
odysseus,torso.roll,3.083,-2.1,0.6,-9.2,9.2,0.0115,0
odysseus,torso.roll,3.167,-2.1,0.6,-9.2,9.2,0.0112,0
odysseus,torso.roll,3.25,-2,0.6,-9.2,9.2,0.011,0
odysseus,torso.roll,3.333,-2,0.6,-9.2,9.2,0.0107,0
odysseus,torso.roll,3.417,-1.9,0.6,-9.2,9.2,0.0105,0
odysseus,torso.roll,3.5,-1.9,0.6,-9.2,9.2,0.0102,0
odysseus,torso.roll,3.583,-1.8,0.6,-9.2,9.2,0.0099,0
odysseus,torso.roll,3.667,-1.8,0.6,-9.2,9.2,0.0097,0
odysseus,torso.roll,3.75,-1.7,0.6,-9.2,9.2,0.0094,0
odysseus,torso.roll,3.833,-1.7,0,-9.2,9.2,0.0095,0
odysseus,torso.roll,5.583,-1.3,5.4,-9.2,9.2,0.0079,0.002
odysseus,torso.roll,5.667,-0.2,12.8,-9.2,9.2,0.0025,0.001
odysseus,torso.roll,5.75,1.1,15.3,-9.2,9.2,0.0063,0.003
odysseus,torso.roll,5.833,2.1,12.8,-9.2,9.2,0.0121,0.006
odysseus,torso.roll,5.917,2.6,5.4,-9.2,9.2,0.0154,0.003
odysseus,torso.roll,6,2.5,-0.5,-9.2,9.2,0.0149,0.001
odysseus,torso.roll,6.083,2.5,-0.5,-9.2,9.2,0.0136,0.001
odysseus,torso.roll,6.167,2.4,-0.5,-9.2,9.2,0.0134,0.001
odysseus,torso.roll,6.25,2.4,-0.5,-9.2,9.2,0.0131,0.001
odysseus,torso.roll,6.333,2.4,-0.5,-9.2,9.2,0.0129,0.001
odysseus,torso.roll,6.417,2.3,-0.5,-9.2,9.2,0.0126,0.001
odysseus,torso.roll,6.5,2.3,-0.5,-9.2,9.2,0.0124,0.001
odysseus,torso.roll,6.583,2.2,-0.5,-9.2,9.2,0.0121,0.001
odysseus,torso.roll,6.667,2.2,-0.5,-9.2,9.2,0.0119,0.001
odysseus,torso.roll,6.75,2.1,-0.5,-9.2,9.2,0.0116,0
odysseus,torso.roll,6.833,2.1,-0.5,-9.2,9.2,0.0114,0
odysseus,torso.roll,6.917,2,-0.5,-9.2,9.2,0.0112,0
odysseus,torso.roll,7,2,-0.5,-9.2,9.2,0.0109,0
odysseus,torso.roll,7.083,1.9,-0.5,-9.2,9.2,0.0107,0
odysseus,torso.roll,7.167,1.9,-0.5,-9.2,9.2,0.0104,0
odysseus,torso.roll,7.25,1.9,-0.5,-9.2,9.2,0.0102,0
odysseus,torso.roll,7.333,1.8,-0.5,-9.2,9.2,0.0099,0
odysseus,torso.roll,7.417,1.8,-0.5,-9.2,9.2,0.0097,0
odysseus,torso.roll,7.5,1.7,-0.5,-9.2,9.2,0.0094,0
odysseus,torso.roll,7.583,1.7,0,-9.2,9.2,0.0095,0
odysseus,torso.roll,8.583,1.4,-3.8,-9.2,9.2,0.0084,0.001
odysseus,torso.roll,8.667,0.6,-9.5,-9.2,9.2,0.0043,0.001
odysseus,torso.roll,8.75,-0.4,-12.4,-9.2,9.2,0.0029,0.001
odysseus,torso.roll,8.833,-1.5,-12.4,-9.2,9.2,0.008,0.004
odysseus,torso.roll,8.917,-2.3,-9.5,-9.2,9.2,0.0129,0.005
odysseus,torso.roll,9,-2.6,-3.8,-9.2,9.2,0.0151,0.002
odysseus,torso.roll,9.083,-2.6,0.2,-9.2,9.2,0.0148,0.001
odysseus,torso.roll,9.25,-2.5,0.6,-9.2,9.2,0.0136,0.001
odysseus,torso.roll,9.333,-2.4,0.8,-9.2,9.2,0.0132,0.001
odysseus,torso.roll,9.417,-2.3,0.8,-9.2,9.2,0.0128,0.001
odysseus,torso.roll,9.5,-2.3,0.8,-9.2,9.2,0.0124,0.001
odysseus,torso.roll,9.583,-2.2,0.8,-9.2,9.2,0.0121,0.001
odysseus,torso.roll,9.667,-2.2,0.6,-9.2,9.2,0.0118,0.001
odysseus,torso.roll,9.75,-2.1,0.4,-9.2,9.2,0.0116,0
odysseus,torso.roll,9.917,-1.8,3.1,-9.2,9.2,0.0106,0.001
odysseus,torso.roll,10,-1.1,8.4,-9.2,9.2,0.0072,0.002
odysseus,torso.roll,10.083,-0.1,12.3,-9.2,9.2,0.0014,0.001
odysseus,torso.roll,10.167,1.1,14.7,-9.2,9.2,0.0065,0.003
odysseus,torso.roll,10.25,2.4,15.8,-9.2,9.2,0.0135,0.008
odysseus,torso.roll,10.333,1.5,-11.7,-9.2,9.2,0.0129,0.006
odysseus,torso.roll,10.417,0.6,-9.7,-9.2,9.2,0.0039,0.001
odysseus,torso.roll,10.5,0.2,-5.8,-9.2,9.2,0.0016,0
odysseus,torso.roll,10.583,0,-1.9,-9.2,9.2,0.0007,0
odysseus,torso.roll,10.667,-0.2,-1.9,-9.2,9.2,0.0009,0
odysseus,torso.roll,10.75,-0.6,-5.8,-9.2,9.2,0.0042,0.001
odysseus,torso.roll,10.833,-1.5,-9.7,-9.2,9.2,0.0086,0.003
odysseus,torso.roll,10.917,-2.6,-13.5,-9.2,9.2,0.0148,0.007
odysseus,torso.roll,11,-2.5,0.9,-9.2,9.2,0.0163,0.001
odysseus,torso.roll,11.083,-2.3,2.4,-9.2,9.2,0.0129,0.001
odysseus,torso.roll,11.167,-2,3.5,-9.2,9.2,0.0113,0.002
odysseus,torso.roll,11.25,-1.7,4.2,-9.2,9.2,0.0093,0.002
odysseus,torso.roll,11.333,-1.3,4.6,-9.2,9.2,0.0071,0.001
odysseus,torso.roll,11.417,-0.9,4.6,-9.2,9.2,0.005,0.001
odysseus,torso.roll,11.5,-0.6,4.2,-9.2,9.2,0.0031,0
odysseus,torso.roll,11.583,-0.3,3.5,-9.2,9.2,0.0016,0
odysseus,torso.roll,11.667,-0.1,2.4,-9.2,9.2,0.0006,0
odysseus,torso.roll,11.75,0,0.9,-9.2,9.2,0.0003,0
odysseus,torso.roll,11.833,0,0,-9.2,9.2,0.0002,0
odysseus,torso.roll,12.917,0.2,2.3,-9.2,9.2,0.0015,0
odysseus,torso.roll,13,0.7,5.7,-9.2,9.2,0.0043,0.001
odysseus,torso.roll,13.083,1.3,7.4,-9.2,9.2,0.0074,0.002
odysseus,torso.roll,13.167,1.9,7.4,-9.2,9.2,0.0105,0.003
odysseus,torso.roll,13.25,2.4,5.7,-9.2,9.2,0.0134,0.003
odysseus,torso.roll,13.333,2.6,2.3,-9.2,9.2,0.0147,0.002
odysseus,torso.roll,13.417,2.5,-0.6,-9.2,9.2,0.0144,0.001
odysseus,torso.roll,13.5,2.5,-0.6,-9.2,9.2,0.0136,0.001
odysseus,torso.roll,13.583,2.4,-0.6,-9.2,9.2,0.0133,0.001
odysseus,torso.roll,13.667,2.4,-0.6,-9.2,9.2,0.0131,0.001
odysseus,torso.roll,13.75,2.3,-0.6,-9.2,9.2,0.0128,0.001
odysseus,torso.roll,13.833,2.3,-0.6,-9.2,9.2,0.0126,0.001
odysseus,torso.roll,13.917,2.2,-0.6,-9.2,9.2,0.0123,0.001
odysseus,torso.roll,14,2.2,-0.6,-9.2,9.2,0.012,0.001
odysseus,torso.roll,14.083,2.1,-0.6,-9.2,9.2,0.0118,0.001
odysseus,torso.roll,14.167,2.1,-0.6,-9.2,9.2,0.0115,0
odysseus,torso.roll,14.25,2.1,-0.6,-9.2,9.2,0.0112,0
odysseus,torso.roll,14.333,2,-0.6,-9.2,9.2,0.011,0
odysseus,torso.roll,14.417,2,-0.6,-9.2,9.2,0.0107,0
odysseus,torso.roll,14.5,1.9,-0.6,-9.2,9.2,0.0105,0
odysseus,torso.roll,14.583,1.9,-0.6,-9.2,9.2,0.0102,0
odysseus,torso.roll,14.667,1.8,-0.6,-9.2,9.2,0.0099,0
odysseus,torso.roll,14.75,1.8,-0.6,-9.2,9.2,0.0097,0
odysseus,torso.roll,14.833,1.7,-0.6,-9.2,9.2,0.0094,0
odysseus,torso.roll,14.917,1.7,0,-9.2,9.2,0.0095,0
odysseus,torso.roll,17.083,1.3,-5.4,-9.2,9.2,0.0079,0.002
odysseus,torso.roll,17.167,0.2,-12.8,-9.2,9.2,0.0025,0.001
odysseus,torso.roll,17.25,-1.1,-15.3,-9.2,9.2,0.0063,0.003
odysseus,torso.roll,17.333,-2.1,-12.8,-9.2,9.2,0.0121,0.006
odysseus,torso.roll,17.417,-2.6,-5.4,-9.2,9.2,0.0154,0.003
odysseus,torso.roll,17.5,-2.5,0.5,-9.2,9.2,0.0149,0.001
odysseus,torso.roll,17.583,-2.5,0.5,-9.2,9.2,0.0136,0.001
odysseus,torso.roll,17.667,-2.4,0.5,-9.2,9.2,0.0134,0.001
odysseus,torso.roll,17.75,-2.4,0.5,-9.2,9.2,0.0131,0.001
odysseus,torso.roll,17.833,-2.4,0.5,-9.2,9.2,0.0129,0.001
odysseus,torso.roll,17.917,-2.3,0.5,-9.2,9.2,0.0126,0.001
odysseus,torso.roll,18,-2.3,0.5,-9.2,9.2,0.0124,0.001
odysseus,torso.roll,18.083,-2.2,0.5,-9.2,9.2,0.0121,0.001
odysseus,torso.roll,18.167,-2.2,0.5,-9.2,9.2,0.0119,0.001
odysseus,torso.roll,18.25,-2.1,0.5,-9.2,9.2,0.0116,0
odysseus,torso.roll,18.333,-2.1,0.5,-9.2,9.2,0.0114,0
odysseus,torso.roll,18.417,-2,0.5,-9.2,9.2,0.0112,0
odysseus,torso.roll,18.5,-2,0.5,-9.2,9.2,0.0109,0
odysseus,torso.roll,18.583,-1.9,0.5,-9.2,9.2,0.0107,0
odysseus,torso.roll,18.667,-1.9,0.5,-9.2,9.2,0.0104,0
odysseus,torso.roll,18.75,-1.9,0.5,-9.2,9.2,0.0102,0
odysseus,torso.roll,18.833,-1.8,0.5,-9.2,9.2,0.0099,0
odysseus,torso.roll,18.917,-1.8,0.5,-9.2,9.2,0.0097,0
odysseus,torso.roll,19,-1.7,0.5,-9.2,9.2,0.0094,0
odysseus,torso.roll,19.083,-1.7,0,-9.2,9.2,0.0095,0
odysseus,torso.roll,21.25,-1.3,5.4,-9.2,9.2,0.0079,0.002
odysseus,torso.roll,21.333,-0.2,12.8,-9.2,9.2,0.0025,0.001
odysseus,torso.roll,21.417,1.1,15.3,-9.2,9.2,0.0063,0.003
odysseus,torso.roll,21.5,2.1,12.8,-9.2,9.2,0.0121,0.006
odysseus,torso.roll,21.583,2.6,5.4,-9.2,9.2,0.0154,0.003
odysseus,torso.roll,21.667,2.5,-0.5,-9.2,9.2,0.0149,0.001
odysseus,torso.roll,21.75,2.5,-0.5,-9.2,9.2,0.0136,0.001
odysseus,torso.roll,21.833,2.4,-0.5,-9.2,9.2,0.0134,0.001
odysseus,torso.roll,21.917,2.4,-0.5,-9.2,9.2,0.0131,0.001
odysseus,torso.roll,22,2.4,-0.5,-9.2,9.2,0.0129,0.001
odysseus,torso.roll,22.083,2.3,-0.5,-9.2,9.2,0.0126,0.001
odysseus,torso.roll,22.167,2.3,-0.5,-9.2,9.2,0.0124,0.001
odysseus,torso.roll,22.25,2.2,-0.5,-9.2,9.2,0.0121,0.001
odysseus,torso.roll,22.333,2.2,-0.5,-9.2,9.2,0.0119,0.001
odysseus,torso.roll,22.417,2.1,-0.5,-9.2,9.2,0.0116,0
odysseus,torso.roll,22.5,2.1,-0.5,-9.2,9.2,0.0114,0
odysseus,torso.roll,22.583,2,-0.5,-9.2,9.2,0.0112,0
odysseus,torso.roll,22.667,2,-0.5,-9.2,9.2,0.0109,0
odysseus,torso.roll,22.75,1.9,-0.5,-9.2,9.2,0.0107,0
odysseus,torso.roll,22.833,1.9,-0.5,-9.2,9.2,0.0104,0
odysseus,torso.roll,22.917,1.9,-0.5,-9.2,9.2,0.0102,0
odysseus,torso.roll,23,1.8,-0.5,-9.2,9.2,0.0099,0
odysseus,torso.roll,23.083,1.8,-0.5,-9.2,9.2,0.0097,0
odysseus,torso.roll,23.167,1.7,-0.5,-9.2,9.2,0.0094,0
odysseus,torso.roll,23.25,1.7,0,-9.2,9.2,0.0095,0
odysseus,torso.roll,25.833,1.4,-3.8,-9.2,9.2,0.0084,0.001
odysseus,torso.roll,25.917,0.6,-9.5,-9.2,9.2,0.0043,0.001
odysseus,torso.roll,26,-0.4,-12.4,-9.2,9.2,0.0029,0.001
odysseus,torso.roll,26.083,-1.5,-12.4,-9.2,9.2,0.008,0.004
odysseus,torso.roll,26.167,-2.3,-9.5,-9.2,9.2,0.0129,0.005
odysseus,torso.roll,26.25,-2.6,-3.8,-9.2,9.2,0.0151,0.002
odysseus,torso.roll,26.333,-2.5,0.6,-9.2,9.2,0.0146,0.001
odysseus,torso.roll,26.417,-2.5,0.6,-9.2,9.2,0.0136,0.001
odysseus,torso.roll,26.5,-2.4,0.6,-9.2,9.2,0.0133,0.001
odysseus,torso.roll,26.583,-2.4,0.6,-9.2,9.2,0.0131,0.001
odysseus,torso.roll,26.667,-2.3,0.6,-9.2,9.2,0.0128,0.001
odysseus,torso.roll,26.75,-2.3,0.6,-9.2,9.2,0.0126,0.001
odysseus,torso.roll,26.833,-2.2,0.6,-9.2,9.2,0.0123,0.001
odysseus,torso.roll,26.917,-2.2,0.6,-9.2,9.2,0.012,0.001
odysseus,torso.roll,27,-2.1,0.6,-9.2,9.2,0.0118,0.001
odysseus,torso.roll,27.083,-2.1,0.6,-9.2,9.2,0.0115,0
odysseus,torso.roll,27.167,-2.1,0.6,-9.2,9.2,0.0112,0
odysseus,torso.roll,27.25,-2,0.6,-9.2,9.2,0.011,0
odysseus,torso.roll,27.333,-2,0.6,-9.2,9.2,0.0107,0
odysseus,torso.roll,27.417,-1.9,0.6,-9.2,9.2,0.0105,0
odysseus,torso.roll,27.5,-1.9,0.6,-9.2,9.2,0.0102,0
odysseus,torso.roll,27.583,-1.8,0.6,-9.2,9.2,0.0099,0
odysseus,torso.roll,27.667,-1.8,0.6,-9.2,9.2,0.0097,0
odysseus,torso.roll,27.75,-1.7,0.6,-9.2,9.2,0.0094,0
odysseus,torso.roll,27.833,-1.7,0,-9.2,9.2,0.0095,0
odysseus,torso.roll,29.167,-1.4,3.8,-9.2,9.2,0.0084,0.001
odysseus,torso.roll,29.25,-0.6,9.5,-9.2,9.2,0.0043,0.001
odysseus,torso.roll,29.333,0.4,12.4,-9.2,9.2,0.0029,0.001
odysseus,torso.roll,29.417,1.5,12.4,-9.2,9.2,0.008,0.004
odysseus,torso.roll,29.5,2.3,9.5,-9.2,9.2,0.0129,0.005
odysseus,torso.roll,29.583,2.6,3.8,-9.2,9.2,0.0151,0.002
odysseus,torso.roll,29.667,2.5,-0.6,-9.2,9.2,0.0146,0.001
odysseus,torso.roll,29.75,2.5,-0.6,-9.2,9.2,0.0136,0.001
odysseus,torso.roll,29.833,2.4,-0.6,-9.2,9.2,0.0133,0.001
odysseus,torso.roll,29.917,2.4,-0.6,-9.2,9.2,0.0131,0.001
odysseus,torso.roll,30,2.3,-0.6,-9.2,9.2,0.0128,0.001
odysseus,torso.roll,30.083,2.3,-0.6,-9.2,9.2,0.0126,0.001
odysseus,torso.roll,30.167,2.2,-0.6,-9.2,9.2,0.0123,0.001
odysseus,torso.roll,30.25,2.2,-0.6,-9.2,9.2,0.012,0.001
odysseus,torso.roll,30.333,2.1,-0.6,-9.2,9.2,0.0118,0.001
odysseus,torso.roll,30.417,2.1,-0.6,-9.2,9.2,0.0115,0
odysseus,torso.roll,30.5,2.1,-0.6,-9.2,9.2,0.0112,0
odysseus,torso.roll,30.583,2,-0.6,-9.2,9.2,0.011,0
odysseus,torso.roll,30.667,2,-0.6,-9.2,9.2,0.0107,0
odysseus,torso.roll,30.75,1.9,-0.6,-9.2,9.2,0.0105,0
odysseus,torso.roll,30.833,1.9,-0.6,-9.2,9.2,0.0102,0
odysseus,torso.roll,30.917,1.8,-0.6,-9.2,9.2,0.0099,0
odysseus,torso.roll,31,1.8,-0.6,-9.2,9.2,0.0097,0
odysseus,torso.roll,31.083,1.7,-0.6,-9.2,9.2,0.0094,0
odysseus,torso.roll,31.167,1.7,0,-9.2,9.2,0.0095,0
odysseus,torso.roll,33.583,1.4,-3.8,-9.2,9.2,0.0084,0.001
odysseus,torso.roll,33.667,0.6,-9.5,-9.2,9.2,0.0043,0.001
odysseus,torso.roll,33.75,-0.4,-12.4,-9.2,9.2,0.0029,0.001
odysseus,torso.roll,33.833,-1.5,-12.4,-9.2,9.2,0.008,0.004
odysseus,torso.roll,33.917,-2.3,-9.5,-9.2,9.2,0.0129,0.005
odysseus,torso.roll,34,-2.6,-3.8,-9.2,9.2,0.0151,0.002
odysseus,torso.roll,34.083,-2.5,0.6,-9.2,9.2,0.0146,0.001
odysseus,torso.roll,34.167,-2.5,0.6,-9.2,9.2,0.0136,0.001
odysseus,torso.roll,34.25,-2.4,0.6,-9.2,9.2,0.0133,0.001
odysseus,torso.roll,34.333,-2.4,0.6,-9.2,9.2,0.0131,0.001
odysseus,torso.roll,34.417,-2.3,0.6,-9.2,9.2,0.0128,0.001
odysseus,torso.roll,34.5,-2.3,0.6,-9.2,9.2,0.0126,0.001
odysseus,torso.roll,34.583,-2.2,0.6,-9.2,9.2,0.0123,0.001
odysseus,torso.roll,34.667,-2.2,0.6,-9.2,9.2,0.012,0.001
odysseus,torso.roll,34.75,-2.1,0.6,-9.2,9.2,0.0118,0.001
odysseus,torso.roll,34.833,-2.1,0.6,-9.2,9.2,0.0115,0
odysseus,torso.roll,34.917,-2.1,0.6,-9.2,9.2,0.0112,0
odysseus,torso.roll,35,-2,0.6,-9.2,9.2,0.011,0
odysseus,torso.roll,35.083,-2,0.6,-9.2,9.2,0.0107,0
odysseus,torso.roll,35.167,-1.9,0.6,-9.2,9.2,0.0105,0
odysseus,torso.roll,35.25,-1.9,0.6,-9.2,9.2,0.0102,0
odysseus,torso.roll,35.333,-1.8,0.6,-9.2,9.2,0.0099,0
odysseus,torso.roll,35.417,-1.8,0.6,-9.2,9.2,0.0097,0
odysseus,torso.roll,35.5,-1.7,0.6,-9.2,9.2,0.0094,0
odysseus,torso.roll,35.583,-1.7,0,-9.2,9.2,0.0095,0
odysseus,torso.roll,36.833,-1.4,3.8,-9.2,9.2,0.0084,0.001
odysseus,torso.roll,36.917,-0.6,9.5,-9.2,9.2,0.0043,0.001
odysseus,torso.roll,37,0.4,12.4,-9.2,9.2,0.0029,0.001
odysseus,torso.roll,37.083,1.5,12.4,-9.2,9.2,0.008,0.004
odysseus,torso.roll,37.167,2.3,9.5,-9.2,9.2,0.0129,0.005
odysseus,torso.roll,37.25,2.6,3.8,-9.2,9.2,0.0151,0.002
odysseus,torso.roll,37.333,2.5,-0.6,-9.2,9.2,0.0146,0.001
odysseus,torso.roll,37.417,2.5,-0.6,-9.2,9.2,0.0136,0.001
odysseus,torso.roll,37.5,2.4,-0.6,-9.2,9.2,0.0133,0.001
odysseus,torso.roll,37.583,2.4,-0.6,-9.2,9.2,0.0131,0.001
odysseus,torso.roll,37.667,2.3,-0.6,-9.2,9.2,0.0128,0.001
odysseus,torso.roll,37.75,2.3,-0.6,-9.2,9.2,0.0126,0.001
odysseus,torso.roll,37.833,2.2,-0.6,-9.2,9.2,0.0123,0.001
odysseus,torso.roll,37.917,2.2,-0.6,-9.2,9.2,0.012,0.001
odysseus,torso.roll,38,2.1,-0.6,-9.2,9.2,0.0118,0.001
odysseus,torso.roll,38.083,2.1,-0.6,-9.2,9.2,0.0115,0
odysseus,torso.roll,38.167,2.1,-0.6,-9.2,9.2,0.0112,0
odysseus,torso.roll,38.25,2,-0.6,-9.2,9.2,0.011,0
odysseus,torso.roll,38.333,2,-0.6,-9.2,9.2,0.0107,0
odysseus,torso.roll,38.417,1.9,-0.6,-9.2,9.2,0.0105,0
odysseus,torso.roll,38.5,1.9,-0.6,-9.2,9.2,0.0102,0
odysseus,torso.roll,38.583,1.8,-0.6,-9.2,9.2,0.0099,0
odysseus,torso.roll,38.667,1.8,-0.6,-9.2,9.2,0.0097,0
odysseus,torso.roll,38.75,1.7,-0.6,-9.2,9.2,0.0094,0
odysseus,torso.roll,38.833,1.7,0,-9.2,9.2,0.0095,0
odysseus,torso.roll,41.583,1.3,-5.4,-9.2,9.2,0.0079,0.002
odysseus,torso.roll,41.667,0.2,-12.8,-9.2,9.2,0.0025,0.001
odysseus,torso.roll,41.75,-1.1,-15.3,-9.2,9.2,0.0063,0.003
odysseus,torso.roll,41.833,-2.1,-12.8,-9.2,9.2,0.0121,0.006
odysseus,torso.roll,41.917,-2.6,-5.4,-9.2,9.2,0.0154,0.003
odysseus,torso.roll,42,-2.5,0.5,-9.2,9.2,0.0149,0.001
odysseus,torso.roll,42.083,-2.5,0.5,-9.2,9.2,0.0136,0.001
odysseus,torso.roll,42.167,-2.4,0.5,-9.2,9.2,0.0134,0.001
odysseus,torso.roll,42.25,-2.4,0.5,-9.2,9.2,0.0131,0.001
odysseus,torso.roll,42.333,-2.4,0.5,-9.2,9.2,0.0129,0.001
odysseus,torso.roll,42.417,-2.3,0.5,-9.2,9.2,0.0126,0.001
odysseus,torso.roll,42.5,-2.3,0.5,-9.2,9.2,0.0124,0.001
odysseus,torso.roll,42.583,-2.2,0.5,-9.2,9.2,0.0121,0.001
odysseus,torso.roll,42.667,-2.2,0.5,-9.2,9.2,0.0119,0.001
odysseus,torso.roll,42.75,-2.1,0.5,-9.2,9.2,0.0116,0
odysseus,torso.roll,42.833,-2.1,0.5,-9.2,9.2,0.0114,0
odysseus,torso.roll,42.917,-2,0.5,-9.2,9.2,0.0112,0
odysseus,torso.roll,43,-2,0.5,-9.2,9.2,0.0109,0
odysseus,torso.roll,43.083,-1.9,0.5,-9.2,9.2,0.0107,0
odysseus,torso.roll,43.167,-1.9,0.5,-9.2,9.2,0.0104,0
odysseus,torso.roll,43.25,-1.9,0.5,-9.2,9.2,0.0102,0
odysseus,torso.roll,43.333,-1.8,0.5,-9.2,9.2,0.0099,0
odysseus,torso.roll,43.417,-1.8,0.5,-9.2,9.2,0.0097,0
odysseus,torso.roll,43.5,-1.7,0.5,-9.2,9.2,0.0094,0
odysseus,torso.roll,43.583,-1.7,0,-9.2,9.2,0.0095,0
odysseus,torso.roll,45,-1.3,5.4,-9.2,9.2,0.0079,0.002
odysseus,torso.roll,45.083,-0.2,12.8,-9.2,9.2,0.0025,0.001
odysseus,torso.roll,45.167,1.1,15.3,-9.2,9.2,0.0063,0.003
odysseus,torso.roll,45.25,2.1,12.8,-9.2,9.2,0.0121,0.006
odysseus,torso.roll,45.333,2.6,5.4,-9.2,9.2,0.0154,0.003
odysseus,torso.roll,45.417,2.5,-0.5,-9.2,9.2,0.0149,0.001
odysseus,torso.roll,45.5,2.5,-0.5,-9.2,9.2,0.0136,0.001
odysseus,torso.roll,45.583,2.4,-0.5,-9.2,9.2,0.0134,0.001
odysseus,torso.roll,45.667,2.4,-0.5,-9.2,9.2,0.0131,0.001
odysseus,torso.roll,45.75,2.4,-0.5,-9.2,9.2,0.0129,0.001
odysseus,torso.roll,45.833,2.3,-0.5,-9.2,9.2,0.0126,0.001
odysseus,torso.roll,45.917,2.3,-0.5,-9.2,9.2,0.0124,0.001
odysseus,torso.roll,46,2.2,-0.5,-9.2,9.2,0.0121,0.001
odysseus,torso.roll,46.083,2.2,-0.5,-9.2,9.2,0.0119,0.001
odysseus,torso.roll,46.167,2.1,-0.5,-9.2,9.2,0.0116,0
odysseus,torso.roll,46.25,2.1,-0.5,-9.2,9.2,0.0114,0
odysseus,torso.roll,46.333,2,-0.5,-9.2,9.2,0.0112,0
odysseus,torso.roll,46.417,2,-0.5,-9.2,9.2,0.0109,0
odysseus,torso.roll,46.5,1.9,-0.5,-9.2,9.2,0.0107,0
odysseus,torso.roll,46.583,1.9,-0.5,-9.2,9.2,0.0104,0
odysseus,torso.roll,46.667,1.9,-0.5,-9.2,9.2,0.0102,0
odysseus,torso.roll,46.75,1.8,-0.5,-9.2,9.2,0.0099,0
odysseus,torso.roll,46.833,1.8,-0.5,-9.2,9.2,0.0097,0
odysseus,torso.roll,46.917,1.7,-0.5,-9.2,9.2,0.0094,0
odysseus,torso.roll,47,1.7,0,-9.2,9.2,0.0095,0
odysseus,torso.roll,49.333,1.3,-5.4,-9.2,9.2,0.0079,0.002
odysseus,torso.roll,49.417,0.2,-12.8,-9.2,9.2,0.0025,0.001
odysseus,torso.roll,49.5,-1.1,-15.3,-9.2,9.2,0.0063,0.003
odysseus,torso.roll,49.583,-2.1,-12.8,-9.2,9.2,0.0121,0.006
odysseus,torso.roll,49.667,-2.6,-5.4,-9.2,9.2,0.0154,0.003
odysseus,torso.roll,49.75,-2.5,0.5,-9.2,9.2,0.0149,0.001
odysseus,torso.roll,49.833,-2.5,0.5,-9.2,9.2,0.0136,0.001
odysseus,torso.roll,49.917,-2.4,0.5,-9.2,9.2,0.0134,0.001
odysseus,torso.roll,50,-2.4,0.5,-9.2,9.2,0.0131,0.001
odysseus,torso.roll,50.083,-2.4,0.5,-9.2,9.2,0.0129,0.001
odysseus,torso.roll,50.167,-2.3,0.5,-9.2,9.2,0.0126,0.001
odysseus,torso.roll,50.25,-2.3,0.5,-9.2,9.2,0.0124,0.001
odysseus,torso.roll,50.333,-2.2,0.5,-9.2,9.2,0.0121,0.001
odysseus,torso.roll,50.417,-2.2,0.5,-9.2,9.2,0.0119,0.001
odysseus,torso.roll,50.5,-2.1,0.5,-9.2,9.2,0.0116,0
odysseus,torso.roll,50.583,-2.1,0.5,-9.2,9.2,0.0114,0
odysseus,torso.roll,50.667,-2,0.5,-9.2,9.2,0.0112,0
odysseus,torso.roll,50.75,-2,0.5,-9.2,9.2,0.0109,0
odysseus,torso.roll,50.833,-1.9,0.5,-9.2,9.2,0.0107,0
odysseus,torso.roll,50.917,-1.9,0.5,-9.2,9.2,0.0104,0
odysseus,torso.roll,51,-1.9,0.5,-9.2,9.2,0.0102,0
odysseus,torso.roll,51.083,-1.8,0.5,-9.2,9.2,0.0099,0
odysseus,torso.roll,51.167,-1.8,0.5,-9.2,9.2,0.0097,0
odysseus,torso.roll,51.25,-1.7,0.5,-9.2,9.2,0.0094,0
odysseus,torso.roll,51.333,-1.7,0,-9.2,9.2,0.0095,0
odysseus,torso.roll,53.333,-1.4,3.8,-9.2,9.2,0.0084,0.001
odysseus,torso.roll,53.417,-0.6,9.5,-9.2,9.2,0.0043,0.001
odysseus,torso.roll,53.5,0.4,12.4,-9.2,9.2,0.0029,0.001
odysseus,torso.roll,53.583,1.5,12.4,-9.2,9.2,0.008,0.004
odysseus,torso.roll,53.667,2.3,9.5,-9.2,9.2,0.0129,0.005
odysseus,torso.roll,53.75,2.6,3.8,-9.2,9.2,0.0151,0.002
odysseus,torso.roll,53.833,2.5,-0.6,-9.2,9.2,0.0146,0.001
odysseus,torso.roll,53.917,2.5,-0.6,-9.2,9.2,0.0136,0.001
odysseus,torso.roll,54,2.4,-0.6,-9.2,9.2,0.0133,0.001
odysseus,torso.roll,54.083,2.4,-0.6,-9.2,9.2,0.0131,0.001
odysseus,torso.roll,54.167,2.3,-0.6,-9.2,9.2,0.0128,0.001
odysseus,torso.roll,54.25,2.3,-0.6,-9.2,9.2,0.0126,0.001
odysseus,torso.roll,54.333,2.2,-0.6,-9.2,9.2,0.0123,0.001
odysseus,torso.roll,54.417,2.2,-0.6,-9.2,9.2,0.012,0.001
odysseus,torso.roll,54.5,2.1,-0.6,-9.2,9.2,0.0118,0.001
odysseus,torso.roll,54.583,2.1,-0.6,-9.2,9.2,0.0115,0
odysseus,torso.roll,54.667,2.1,-0.6,-9.2,9.2,0.0112,0
odysseus,torso.roll,54.75,2,-0.6,-9.2,9.2,0.011,0
odysseus,torso.roll,54.833,2,-0.6,-9.2,9.2,0.0107,0
odysseus,torso.roll,54.917,1.9,-0.6,-9.2,9.2,0.0105,0
odysseus,torso.roll,55,1.9,-0.6,-9.2,9.2,0.0102,0
odysseus,torso.roll,55.083,1.8,-0.6,-9.2,9.2,0.0099,0
odysseus,torso.roll,55.167,1.8,-0.6,-9.2,9.2,0.0097,0
odysseus,torso.roll,55.25,1.7,-0.6,-9.2,9.2,0.0094,0
odysseus,torso.roll,55.333,1.7,0,-9.2,9.2,0.0095,0
odysseus,torso.roll,57.833,1.3,-5.4,-9.2,9.2,0.0079,0.002
odysseus,torso.roll,57.917,0.2,-12.8,-9.2,9.2,0.0025,0.001
odysseus,torso.roll,58,-1.1,-15.3,-9.2,9.2,0.0063,0.003
odysseus,torso.roll,58.083,-2.1,-12.8,-9.2,9.2,0.0121,0.006
odysseus,torso.roll,58.167,-2.6,-5.4,-9.2,9.2,0.0154,0.003
odysseus,torso.roll,58.25,-2.5,0.5,-9.2,9.2,0.0149,0.001
odysseus,torso.roll,58.333,-2.5,0.5,-9.2,9.2,0.0136,0.001
odysseus,torso.roll,58.417,-2.4,0.5,-9.2,9.2,0.0134,0.001
odysseus,torso.roll,58.5,-2.4,0.5,-9.2,9.2,0.0131,0.001
odysseus,torso.roll,58.583,-2.4,0.5,-9.2,9.2,0.0129,0.001
odysseus,torso.roll,58.667,-2.3,0.5,-9.2,9.2,0.0126,0.001
odysseus,torso.roll,58.75,-2.3,0.5,-9.2,9.2,0.0124,0.001
odysseus,torso.roll,58.833,-2.2,0.5,-9.2,9.2,0.0121,0.001
odysseus,torso.roll,58.917,-2.2,0.5,-9.2,9.2,0.0119,0.001
odysseus,torso.roll,59,-2.1,0.5,-9.2,9.2,0.0116,0
odysseus,torso.roll,59.083,-2.1,0.5,-9.2,9.2,0.0114,0
odysseus,torso.roll,59.167,-2,0.5,-9.2,9.2,0.0112,0
odysseus,torso.roll,59.25,-2,0.5,-9.2,9.2,0.0109,0
odysseus,torso.roll,59.333,-1.9,0.5,-9.2,9.2,0.0107,0
odysseus,torso.roll,59.417,-1.9,0.5,-9.2,9.2,0.0104,0
odysseus,torso.roll,59.5,-1.9,0.5,-9.2,9.2,0.0102,0
odysseus,torso.roll,59.583,-1.8,0.5,-9.2,9.2,0.0099,0
odysseus,torso.roll,59.667,-1.8,0.5,-9.2,9.2,0.0097,0
odysseus,torso.roll,59.75,-1.7,0.5,-9.2,9.2,0.0094,0
odysseus,torso.roll,59.833,-1.7,0,-9.2,9.2,0.0095,0
odysseus,torso.roll,61.833,-1.4,3.8,-9.2,9.2,0.0084,0.001
odysseus,torso.roll,61.917,-0.6,9.5,-9.2,9.2,0.0043,0.001
odysseus,torso.roll,62,0.4,12.4,-9.2,9.2,0.0029,0.001
odysseus,torso.roll,62.083,1.5,12.4,-9.2,9.2,0.008,0.004
odysseus,torso.roll,62.167,2.3,9.5,-9.2,9.2,0.0129,0.005
odysseus,torso.roll,62.25,2.6,3.8,-9.2,9.2,0.0151,0.002
odysseus,torso.roll,62.333,2.5,-0.6,-9.2,9.2,0.0146,0.001
odysseus,torso.roll,62.417,2.5,-0.6,-9.2,9.2,0.0136,0.001
odysseus,torso.roll,62.5,2.4,-0.6,-9.2,9.2,0.0133,0.001
odysseus,torso.roll,62.583,2.4,-0.6,-9.2,9.2,0.0131,0.001
odysseus,torso.roll,62.667,2.3,-0.6,-9.2,9.2,0.0128,0.001
odysseus,torso.roll,62.75,2.3,-0.6,-9.2,9.2,0.0126,0.001
odysseus,torso.roll,62.833,2.2,-0.6,-9.2,9.2,0.0123,0.001
odysseus,torso.roll,62.917,2.2,-0.6,-9.2,9.2,0.012,0.001
odysseus,torso.roll,63,2.1,-0.6,-9.2,9.2,0.0118,0.001
odysseus,torso.roll,63.083,2.1,-0.6,-9.2,9.2,0.0115,0
odysseus,torso.roll,63.167,2.1,-0.6,-9.2,9.2,0.0112,0
odysseus,torso.roll,63.25,2,-0.6,-9.2,9.2,0.011,0
odysseus,torso.roll,63.333,2,-0.6,-9.2,9.2,0.0107,0
odysseus,torso.roll,63.417,1.9,-0.6,-9.2,9.2,0.0105,0
odysseus,torso.roll,63.5,1.9,-0.6,-9.2,9.2,0.0102,0
odysseus,torso.roll,63.583,1.8,-0.6,-9.2,9.2,0.0099,0
odysseus,torso.roll,63.667,1.8,-0.6,-9.2,9.2,0.0097,0
odysseus,torso.roll,63.75,1.7,-0.6,-9.2,9.2,0.0094,0
odysseus,torso.roll,63.833,1.7,0,-9.2,9.2,0.0095,0
odysseus,torso.roll,65.583,1.3,-5.4,-9.2,9.2,0.0079,0.002
odysseus,torso.roll,65.667,0.2,-12.8,-9.2,9.2,0.0025,0.001
odysseus,torso.roll,65.75,-1.1,-15.3,-9.2,9.2,0.0063,0.003
odysseus,torso.roll,65.833,-2.1,-12.8,-9.2,9.2,0.0121,0.006
odysseus,torso.roll,65.917,-2.6,-5.4,-9.2,9.2,0.0154,0.003
odysseus,torso.roll,66,-2.5,0.5,-9.2,9.2,0.0149,0.001
odysseus,torso.roll,66.083,-2.5,0.5,-9.2,9.2,0.0136,0.001
odysseus,torso.roll,66.167,-2.4,0.5,-9.2,9.2,0.0134,0.001
odysseus,torso.roll,66.25,-2.4,0.5,-9.2,9.2,0.0131,0.001
odysseus,torso.roll,66.333,-2.4,0.5,-9.2,9.2,0.0129,0.001
odysseus,torso.roll,66.417,-2.3,0.5,-9.2,9.2,0.0126,0.001
odysseus,torso.roll,66.5,-2.3,0.5,-9.2,9.2,0.0124,0.001
odysseus,torso.roll,66.583,-2.2,0.5,-9.2,9.2,0.0121,0.001
odysseus,torso.roll,66.667,-2.2,0.5,-9.2,9.2,0.0119,0.001
odysseus,torso.roll,66.75,-2.1,0.5,-9.2,9.2,0.0116,0
odysseus,torso.roll,66.833,-2.1,0.5,-9.2,9.2,0.0114,0
odysseus,torso.roll,66.917,-2,0.5,-9.2,9.2,0.0112,0
odysseus,torso.roll,67,-2,0.5,-9.2,9.2,0.0109,0
odysseus,torso.roll,67.083,-1.9,0.5,-9.2,9.2,0.0107,0
odysseus,torso.roll,67.167,-1.9,0.5,-9.2,9.2,0.0104,0
odysseus,torso.roll,67.25,-1.9,0.5,-9.2,9.2,0.0102,0
odysseus,torso.roll,67.333,-1.8,0.5,-9.2,9.2,0.0099,0
odysseus,torso.roll,67.417,-1.8,0.5,-9.2,9.2,0.0097,0
odysseus,torso.roll,67.5,-1.7,0.5,-9.2,9.2,0.0094,0
odysseus,torso.roll,67.583,-1.7,0,-9.2,9.2,0.0095,0
odysseus,torso.roll,68,-1.7,0,-9.2,9.2,0.0094,0
odysseus,head.yaw,0,0,0,-83.1,83.1,0,0
odysseus,head.yaw,0.583,-0.4,-4.4,-83.1,83.1,0.0002,0
odysseus,head.yaw,0.667,-0.6,-3.1,-83.1,83.1,0.0003,0
odysseus,head.yaw,0.75,-0.8,-1.9,-83.1,83.1,0.0003,0
odysseus,head.yaw,0.833,-0.8,-0.6,-83.1,83.1,0.0004,0
odysseus,head.yaw,0.917,-0.8,0.1,-83.1,83.1,0.0003,0
odysseus,head.yaw,9.917,-0.7,1,-83.1,83.1,0.0003,0
odysseus,head.yaw,10,-0.5,2.4,-83.1,83.1,0.0002,0
odysseus,head.yaw,10.083,-0.3,2.8,-83.1,83.1,0.0001,0
odysseus,head.yaw,10.167,-0.1,2.4,-83.1,83.1,0,0
odysseus,head.yaw,10.25,0,1,-83.1,83.1,0,0
odysseus,head.yaw,10.333,0,0,-83.1,83.1,0,0
odysseus,head.yaw,68,0,0,-83.1,83.1,0,0
odysseus,head.pitch,0,0,0,-12.6,12.6,0,0
odysseus,head.pitch,0.5,-0.1,-0.5,-12.6,12.6,0.0001,0
odysseus,head.pitch,0.583,2.7,33.8,-12.6,12.6,0.0013,0.001
odysseus,head.pitch,0.667,1,-19.7,-12.6,12.6,0.0007,0
odysseus,head.pitch,0.75,0,-12.2,-12.6,12.6,0,0
odysseus,head.pitch,0.833,-0.4,-4.6,-12.6,12.6,0.0002,0
odysseus,head.pitch,0.917,-0.4,-0.8,-12.6,12.6,0.0002,0
odysseus,head.pitch,1,-0.5,-0.8,-12.6,12.6,0.0002,0
odysseus,head.pitch,1.083,-0.6,-0.8,-12.6,12.6,0.0002,0
odysseus,head.pitch,1.167,-0.6,-0.9,-12.6,12.6,0.0003,0
odysseus,head.pitch,1.25,-0.7,-0.9,-12.6,12.6,0.0003,0
odysseus,head.pitch,1.333,-0.8,-0.9,-12.6,12.6,0.0003,0
odysseus,head.pitch,1.417,-0.9,-0.9,-12.6,12.6,0.0004,0
odysseus,head.pitch,1.5,-0.9,-0.8,-12.6,12.6,0.0004,0
odysseus,head.pitch,1.583,-1,-0.8,-12.6,12.6,0.0004,0
odysseus,head.pitch,1.667,-1.1,-0.8,-12.6,12.6,0.0004,0
odysseus,head.pitch,1.75,-1.1,-0.7,-12.6,12.6,0.0005,0
odysseus,head.pitch,1.833,-1.2,-0.7,-12.6,12.6,0.0005,0
odysseus,head.pitch,1.917,-1.2,-0.6,-12.6,12.6,0.0005,0
odysseus,head.pitch,2,-1.3,-0.6,-12.6,12.6,0.0005,0
odysseus,head.pitch,2.083,-1.3,-0.5,-12.6,12.6,0.0005,0
odysseus,head.pitch,2.167,-1.4,-0.4,-12.6,12.6,0.0006,0
odysseus,head.pitch,2.75,-1.3,0.6,-12.6,12.6,0.0006,0
odysseus,head.pitch,2.833,-1.3,0.8,-12.6,12.6,0.0005,0
odysseus,head.pitch,2.917,-1.2,1,-12.6,12.6,0.0005,0
odysseus,head.pitch,3,-1.1,1.1,-12.6,12.6,0.0005,0
odysseus,head.pitch,3.083,-1,1.2,-12.6,12.6,0.0004,0
odysseus,head.pitch,3.167,-0.9,1.3,-12.6,12.6,0.0004,0
odysseus,head.pitch,3.25,-0.8,1.3,-12.6,12.6,0.0003,0
odysseus,head.pitch,3.333,-0.7,1.4,-12.6,12.6,0.0003,0
odysseus,head.pitch,3.417,-0.5,1.3,-12.6,12.6,0.0002,0
odysseus,head.pitch,3.5,-0.4,1.3,-12.6,12.6,0.0002,0
odysseus,head.pitch,3.583,2.5,35.6,-12.6,12.6,0.0012,0.002
odysseus,head.pitch,3.667,1,-18,-12.6,12.6,0.0007,0
odysseus,head.pitch,3.75,0.2,-10.5,-12.6,12.6,0.0001,0
odysseus,head.pitch,3.833,-0.1,-3,-12.6,12.6,0.0001,0
odysseus,head.pitch,3.917,0,0.6,-12.6,12.6,0,0
odysseus,head.pitch,4,0,0.4,-12.6,12.6,0,0
odysseus,head.pitch,4.5,-0.1,-0.6,-12.6,12.6,0.0001,0
odysseus,head.pitch,4.583,-0.2,-0.7,-12.6,12.6,0.0001,0
odysseus,head.pitch,4.667,-0.3,-0.7,-12.6,12.6,0.0001,0
odysseus,head.pitch,4.75,-0.3,-0.8,-12.6,12.6,0.0001,0
odysseus,head.pitch,4.833,-0.4,-0.9,-12.6,12.6,0.0002,0
odysseus,head.pitch,4.917,-0.5,-0.9,-12.6,12.6,0.0002,0
odysseus,head.pitch,5,-0.6,-1,-12.6,12.6,0.0002,0
odysseus,head.pitch,5.083,-0.6,-1,-12.6,12.6,0.0003,0
odysseus,head.pitch,5.167,-0.7,-1,-12.6,12.6,0.0003,0
odysseus,head.pitch,5.25,-0.8,-1,-12.6,12.6,0.0003,0
odysseus,head.pitch,5.333,-0.9,-1,-12.6,12.6,0.0004,0
odysseus,head.pitch,5.417,-1,-1,-12.6,12.6,0.0004,0
odysseus,head.pitch,5.5,-1,-0.9,-12.6,12.6,0.0004,0
odysseus,head.pitch,5.583,-1.1,-0.9,-12.6,12.6,0.0005,0
odysseus,head.pitch,5.667,-1.2,-0.8,-12.6,12.6,0.0005,0
odysseus,head.pitch,5.75,-1.2,-0.7,-12.6,12.6,0.0005,0
odysseus,head.pitch,5.833,-1.3,-0.7,-12.6,12.6,0.0005,0
odysseus,head.pitch,5.917,-1.3,-0.6,-12.6,12.6,0.0006,0
odysseus,head.pitch,6,-1.4,-0.5,-12.6,12.6,0.0006,0
odysseus,head.pitch,6.5,-1.3,0.6,-12.6,12.6,0.0006,0
odysseus,head.pitch,6.583,-1.3,0.8,-12.6,12.6,0.0005,0
odysseus,head.pitch,6.667,-1.2,1,-12.6,12.6,0.0005,0
odysseus,head.pitch,6.75,-1.1,1.1,-12.6,12.6,0.0005,0
odysseus,head.pitch,6.833,-1,1.2,-12.6,12.6,0.0004,0
odysseus,head.pitch,6.917,-0.9,1.3,-12.6,12.6,0.0004,0
odysseus,head.pitch,7,-0.8,1.3,-12.6,12.6,0.0003,0
odysseus,head.pitch,7.083,-0.7,1.4,-12.6,12.6,0.0003,0
odysseus,head.pitch,7.167,-0.5,1.3,-12.6,12.6,0.0002,0
odysseus,head.pitch,7.25,-0.4,1.3,-12.6,12.6,0.0002,0
odysseus,head.pitch,7.333,-0.3,1.2,-12.6,12.6,0.0001,0
odysseus,head.pitch,7.417,2.6,35.5,-12.6,12.6,0.0012,0.002
odysseus,head.pitch,7.5,1.1,-18.1,-12.6,12.6,0.0007,0
odysseus,head.pitch,7.583,0.2,-10.6,-12.6,12.6,0.0001,0
odysseus,head.pitch,7.667,0,-3.2,-12.6,12.6,0.0001,0
odysseus,head.pitch,7.75,0,0.4,-12.6,12.6,0,0
odysseus,head.pitch,8.167,-0.1,-0.5,-12.6,12.6,0,0
odysseus,head.pitch,8.25,-0.2,-0.6,-12.6,12.6,0.0001,0
odysseus,head.pitch,8.333,-0.2,-0.7,-12.6,12.6,0.0001,0
odysseus,head.pitch,8.417,-0.3,-0.8,-12.6,12.6,0.0001,0
odysseus,head.pitch,8.5,-0.4,-0.9,-12.6,12.6,0.0002,0
odysseus,head.pitch,8.583,-0.4,-1,-12.6,12.6,0.0002,0
odysseus,head.pitch,8.667,-0.5,-1,-12.6,12.6,0.0002,0
odysseus,head.pitch,8.75,-0.6,-1,-12.6,12.6,0.0003,0
odysseus,head.pitch,8.833,-0.7,-1.1,-12.6,12.6,0.0003,0
odysseus,head.pitch,8.917,-0.8,-1.1,-12.6,12.6,0.0003,0
odysseus,head.pitch,9,-0.9,-1,-12.6,12.6,0.0004,0
odysseus,head.pitch,9.083,-1,-1,-12.6,12.6,0.0004,0
odysseus,head.pitch,9.167,-1,-1,-12.6,12.6,0.0004,0
odysseus,head.pitch,9.25,-1.1,-0.9,-12.6,12.6,0.0005,0
odysseus,head.pitch,9.333,-1.2,-0.8,-12.6,12.6,0.0005,0
odysseus,head.pitch,9.417,-1.3,-0.7,-12.6,12.6,0.0005,0
odysseus,head.pitch,9.5,-1.3,-0.6,-12.6,12.6,0.0005,0
odysseus,head.pitch,9.583,-1.3,-0.5,-12.6,12.6,0.0006,0
odysseus,head.pitch,9.667,-1.4,-0.4,-12.6,12.6,0.0006,0
odysseus,head.pitch,9.917,-1.2,3,-12.6,12.6,0.0005,0
odysseus,head.pitch,10,-0.5,7.6,-12.6,12.6,0.0002,0
odysseus,head.pitch,10.083,0.3,9.9,-12.6,12.6,0.0001,0
odysseus,head.pitch,10.167,1.1,9.9,-12.6,12.6,0.0005,0
odysseus,head.pitch,10.25,1.8,7.6,-12.6,12.6,0.0007,0
odysseus,head.pitch,10.333,2,3,-12.6,12.6,0.0008,0
odysseus,head.pitch,10.417,1.5,-5.9,-12.6,12.6,0.0007,0
odysseus,head.pitch,10.5,0.4,-13,-12.6,12.6,0.0002,0
odysseus,head.pitch,10.583,-0.7,-13,-12.6,12.6,0.0003,0
odysseus,head.pitch,10.667,-1.1,-5.9,-12.6,12.6,0.0005,0
odysseus,head.pitch,10.75,-0.7,5.9,-12.6,12.6,0.0003,0
odysseus,head.pitch,10.833,0.4,13,-12.6,12.6,0.0002,0
odysseus,head.pitch,10.917,1.5,13,-12.6,12.6,0.0006,0
odysseus,head.pitch,11,2,5.9,-12.6,12.6,0.0009,0
odysseus,head.pitch,11.083,1.9,-0.8,-12.6,12.6,0.0008,0
odysseus,head.pitch,11.167,1.8,-2.2,-12.6,12.6,0.0007,0
odysseus,head.pitch,11.25,1.5,-3.2,-12.6,12.6,0.0006,0
odysseus,head.pitch,11.333,1.2,-3.8,-12.6,12.6,0.0005,0
odysseus,head.pitch,11.417,3.7,30.4,-12.6,12.6,0.0017,0.002
odysseus,head.pitch,11.5,1.2,-29.6,-12.6,12.6,0.0008,0.001
odysseus,head.pitch,11.583,0.3,-11.8,-12.6,12.6,0.0002,0
odysseus,head.pitch,11.667,0.1,-2.2,-12.6,12.6,0.0001,0
odysseus,head.pitch,11.75,0,-0.8,-12.6,12.6,0,0
odysseus,head.pitch,11.833,2.9,34.4,-12.6,12.6,0.0014,0.002
odysseus,head.pitch,11.917,0.7,-25.8,-12.6,12.6,0.0006,0.001
odysseus,head.pitch,12,0,-8.6,-12.6,12.6,0.0001,0
odysseus,head.pitch,12.083,0,0,-12.6,12.6,0,0
odysseus,head.pitch,13.833,2.9,34.4,-12.6,12.6,0.0013,0.002
odysseus,head.pitch,13.917,1.3,-19.1,-12.6,12.6,0.0008,0.001
odysseus,head.pitch,14,0.3,-11.5,-12.6,12.6,0.0002,0
odysseus,head.pitch,14.083,0,-3.8,-12.6,12.6,0,0
odysseus,head.pitch,14.167,0,0,-12.6,12.6,0,0
odysseus,head.pitch,17.167,2.9,34.4,-12.6,12.6,0.0013,0.002
odysseus,head.pitch,17.25,1.6,-15,-12.6,12.6,0.0009,0
odysseus,head.pitch,17.333,0.7,-10.7,-12.6,12.6,0.0003,0
odysseus,head.pitch,17.417,0.2,-6.4,-12.6,12.6,0.0001,0
odysseus,head.pitch,17.5,0,-2.1,-12.6,12.6,0,0
odysseus,head.pitch,17.583,0,0,-12.6,12.6,0,0
odysseus,head.pitch,21,2.9,34.4,-12.6,12.6,0.0013,0.002
odysseus,head.pitch,21.083,1.3,-19.1,-12.6,12.6,0.0008,0.001
odysseus,head.pitch,21.167,0.3,-11.5,-12.6,12.6,0.0002,0
odysseus,head.pitch,21.25,0,-3.8,-12.6,12.6,0,0
odysseus,head.pitch,21.333,0,0,-12.6,12.6,0,0
odysseus,head.pitch,23.917,2.9,34.4,-12.6,12.6,0.0013,0.002
odysseus,head.pitch,24,1.6,-15,-12.6,12.6,0.0009,0
odysseus,head.pitch,24.083,0.7,-10.7,-12.6,12.6,0.0003,0
odysseus,head.pitch,24.167,0.2,-6.4,-12.6,12.6,0.0001,0
odysseus,head.pitch,24.25,0,-2.1,-12.6,12.6,0,0
odysseus,head.pitch,24.333,0,0,-12.6,12.6,0,0
odysseus,head.pitch,27.417,2.9,34.4,-12.6,12.6,0.0013,0.002
odysseus,head.pitch,27.5,1.3,-19.1,-12.6,12.6,0.0008,0.001
odysseus,head.pitch,27.583,0.3,-11.5,-12.6,12.6,0.0002,0
odysseus,head.pitch,27.667,0,-3.8,-12.6,12.6,0,0
odysseus,head.pitch,27.75,0,0,-12.6,12.6,0,0
odysseus,head.pitch,28.917,2.9,34.4,-12.6,12.6,0.0013,0.002
odysseus,head.pitch,29,0.7,-25.8,-12.6,12.6,0.0006,0.001
odysseus,head.pitch,29.083,0,-8.6,-12.6,12.6,0.0001,0
odysseus,head.pitch,29.167,0,0,-12.6,12.6,0,0
odysseus,head.pitch,30.5,2.9,34.4,-12.6,12.6,0.0013,0.002
odysseus,head.pitch,30.583,1.3,-19.1,-12.6,12.6,0.0008,0.001
odysseus,head.pitch,30.667,0.3,-11.5,-12.6,12.6,0.0002,0
odysseus,head.pitch,30.75,0,-3.8,-12.6,12.6,0,0
odysseus,head.pitch,30.833,0,0,-12.6,12.6,0,0
odysseus,head.pitch,33.333,2.9,34.4,-12.6,12.6,0.0013,0.002
odysseus,head.pitch,33.417,1.3,-19.1,-12.6,12.6,0.0008,0.001
odysseus,head.pitch,33.5,0.3,-11.5,-12.6,12.6,0.0002,0
odysseus,head.pitch,33.583,0,-3.8,-12.6,12.6,0,0
odysseus,head.pitch,33.667,0,0,-12.6,12.6,0,0
odysseus,head.pitch,37.083,2.9,34.4,-12.6,12.6,0.0013,0.002
odysseus,head.pitch,37.167,1.6,-15.3,-12.6,12.6,0.0009,0
odysseus,head.pitch,37.25,0.3,-15.3,-12.6,12.6,0.0001,0
odysseus,head.pitch,37.333,2.9,30.5,-12.6,12.6,0.0014,0.002
odysseus,head.pitch,37.417,1.3,-19.1,-12.6,12.6,0.0008,0.001
odysseus,head.pitch,37.5,0.3,-11.5,-12.6,12.6,0.0002,0
odysseus,head.pitch,37.583,0,-3.8,-12.6,12.6,0,0
odysseus,head.pitch,37.667,0,0,-12.6,12.6,0,0
odysseus,head.pitch,40.333,2.9,34.4,-12.6,12.6,0.0013,0.002
odysseus,head.pitch,40.417,1.3,-19.1,-12.6,12.6,0.0008,0.001
odysseus,head.pitch,40.5,0.3,-11.5,-12.6,12.6,0.0002,0
odysseus,head.pitch,40.583,0,-3.8,-12.6,12.6,0,0
odysseus,head.pitch,40.667,0,0,-12.6,12.6,0,0
odysseus,head.pitch,43.917,2.9,34.4,-12.6,12.6,0.0013,0.002
odysseus,head.pitch,44,1.3,-19.1,-12.6,12.6,0.0008,0.001
odysseus,head.pitch,44.083,0.3,-11.5,-12.6,12.6,0.0002,0
odysseus,head.pitch,44.167,0,-3.8,-12.6,12.6,0,0
odysseus,head.pitch,44.25,0,0,-12.6,12.6,0,0
odysseus,head.pitch,47,2.9,34.4,-12.6,12.6,0.0013,0.002
odysseus,head.pitch,47.083,1.3,-19.1,-12.6,12.6,0.0008,0.001
odysseus,head.pitch,47.167,0.3,-11.5,-12.6,12.6,0.0002,0
odysseus,head.pitch,47.25,0,-3.8,-12.6,12.6,0,0
odysseus,head.pitch,47.333,0,0,-12.6,12.6,0,0
odysseus,head.pitch,48.5,2.9,34.4,-12.6,12.6,0.0013,0.002
odysseus,head.pitch,48.583,0.7,-25.8,-12.6,12.6,0.0006,0.001
odysseus,head.pitch,48.667,0,-8.6,-12.6,12.6,0.0001,0
odysseus,head.pitch,48.75,0,0,-12.6,12.6,0,0
odysseus,head.pitch,50.583,2.9,34.4,-12.6,12.6,0.0013,0.002
odysseus,head.pitch,50.667,1.6,-15,-12.6,12.6,0.0009,0
odysseus,head.pitch,50.75,0.7,-10.7,-12.6,12.6,0.0003,0
odysseus,head.pitch,50.833,0.2,-6.4,-12.6,12.6,0.0001,0
odysseus,head.pitch,50.917,0,-2.1,-12.6,12.6,0,0
odysseus,head.pitch,51,0,0,-12.6,12.6,0,0
odysseus,head.pitch,53.833,2.9,34.4,-12.6,12.6,0.0013,0.002
odysseus,head.pitch,53.917,1.6,-15,-12.6,12.6,0.0009,0
odysseus,head.pitch,54,0.7,-10.7,-12.6,12.6,0.0003,0
odysseus,head.pitch,54.083,0.2,-6.4,-12.6,12.6,0.0001,0
odysseus,head.pitch,54.167,0,-2.1,-12.6,12.6,0,0
odysseus,head.pitch,54.25,0,0,-12.6,12.6,0,0
odysseus,head.pitch,57.25,2.9,34.4,-12.6,12.6,0.0013,0.002
odysseus,head.pitch,57.333,1.6,-15,-12.6,12.6,0.0009,0
odysseus,head.pitch,57.417,0.7,-10.7,-12.6,12.6,0.0003,0
odysseus,head.pitch,57.5,0.2,-6.4,-12.6,12.6,0.0001,0
odysseus,head.pitch,57.583,0,-2.1,-12.6,12.6,0,0
odysseus,head.pitch,57.667,0,0,-12.6,12.6,0,0
odysseus,head.pitch,61,2.9,34.4,-12.6,12.6,0.0013,0.002
odysseus,head.pitch,61.083,1.6,-15,-12.6,12.6,0.0009,0
odysseus,head.pitch,61.167,0.7,-10.7,-12.6,12.6,0.0003,0
odysseus,head.pitch,61.25,0.2,-6.4,-12.6,12.6,0.0001,0
odysseus,head.pitch,61.333,0,-2.1,-12.6,12.6,0,0
odysseus,head.pitch,61.417,0,0,-12.6,12.6,0,0
odysseus,head.pitch,64.75,2.9,34.4,-12.6,12.6,0.0013,0.002
odysseus,head.pitch,64.833,1.3,-19.1,-12.6,12.6,0.0008,0.001
odysseus,head.pitch,64.917,0.3,-11.5,-12.6,12.6,0.0002,0
odysseus,head.pitch,65,0,-3.8,-12.6,12.6,0,0
odysseus,head.pitch,65.083,0,0,-12.6,12.6,0,0
odysseus,head.pitch,68,0,0,-12.6,12.6,0,0
odysseus,arm.R.pitch,0,-17.2,0,-183.3,60.2,0.0087,0
odysseus,arm.R.pitch,0.667,-20.8,-42.9,-183.3,60.2,0.011,0.017
odysseus,arm.R.pitch,0.75,-29.3,-102.3,-183.3,60.2,0.0151,0.055
odysseus,arm.R.pitch,0.833,-39.5,-122.1,-183.3,60.2,0.019,0.082
odysseus,arm.R.pitch,0.917,-48,-102.3,-183.3,60.2,0.0221,0.08
odysseus,arm.R.pitch,1,-51.6,-42.9,-183.3,60.2,0.0238,0.037
odysseus,arm.R.pitch,1.083,-51,7.2,-183.3,60.2,0.0235,0.007
odysseus,arm.R.pitch,1.167,-49.5,17.1,-183.3,60.2,0.0225,0.014
odysseus,arm.R.pitch,1.25,-47.9,20.4,-183.3,60.2,0.0219,0.016
odysseus,arm.R.pitch,1.333,-46.4,17.1,-183.3,60.2,0.0214,0.014
odysseus,arm.R.pitch,1.417,-45.8,7.2,-183.3,60.2,0.0212,0.006
odysseus,arm.R.pitch,1.5,-53.4,-91.2,-183.3,60.2,0.0249,0.08
odysseus,arm.R.pitch,1.583,-59.9,-77.2,-183.3,60.2,0.0256,0.07
odysseus,arm.R.pitch,1.667,-65.1,-63.1,-183.3,60.2,0.0269,0.061
odysseus,arm.R.pitch,1.75,-69.2,-49.1,-183.3,60.2,0.0277,0.049
odysseus,arm.R.pitch,1.833,-72.1,-35.1,-183.3,60.2,0.0282,0.036
odysseus,arm.R.pitch,1.917,-73.9,-21,-183.3,60.2,0.0285,0.023
odysseus,arm.R.pitch,2,-74.5,-7,-183.3,60.2,0.0285,0.009
odysseus,arm.R.pitch,2.083,-74.5,0,-183.3,60.2,0.0284,0.002
odysseus,arm.R.pitch,9.917,-70.9,42.7,-183.3,60.2,0.0284,0.044
odysseus,arm.R.pitch,10,-69,23.7,-183.3,60.2,0.0277,0.024
odysseus,arm.R.pitch,10.083,-63.7,62.5,-183.3,60.2,0.0269,0.06
odysseus,arm.R.pitch,10.167,-55.1,103.3,-183.3,60.2,0.0247,0.09
odysseus,arm.R.pitch,10.25,-47.1,96.6,-183.3,60.2,0.0216,0.074
odysseus,arm.R.pitch,10.333,-42,60.9,-183.3,60.2,0.0201,0.044
odysseus,arm.R.pitch,10.417,-37.6,53.3,-183.3,60.2,0.018,0.034
odysseus,arm.R.pitch,10.5,-30,91,-183.3,60.2,0.0152,0.049
odysseus,arm.R.pitch,10.583,-20.4,115.3,-183.3,60.2,0.0105,0.043
odysseus,arm.R.pitch,10.667,-10.3,121,-183.3,60.2,0.0053,0.023
odysseus,arm.R.pitch,10.75,-1.4,107.2,-183.3,60.2,0.0009,0.003
odysseus,arm.R.pitch,10.833,5.1,77.4,-183.3,60.2,0.003,0.008
odysseus,arm.R.pitch,10.917,8.3,38.2,-183.3,60.2,0.0047,0.006
odysseus,arm.R.pitch,11,8.1,-2.3,-183.3,60.2,0.0046,0
odysseus,arm.R.pitch,11.083,5,-37,-183.3,60.2,0.003,0.004
odysseus,arm.R.pitch,11.167,-6.4,-136.3,-183.3,60.2,0.0045,0.021
odysseus,arm.R.pitch,11.25,-16.8,-125.2,-183.3,60.2,0.0086,0.038
odysseus,arm.R.pitch,11.333,-17.2,-4.8,-183.3,60.2,0.0102,0.002
odysseus,arm.R.pitch,11.417,-17.2,0,-183.3,60.2,0.0088,0
odysseus,arm.R.pitch,27.917,-17.6,-4.8,-183.3,60.2,0.009,0.002
odysseus,arm.R.pitch,28,-20.1,-30.2,-183.3,60.2,0.0104,0.011
odysseus,arm.R.pitch,28.083,-24.5,-52.8,-183.3,60.2,0.0125,0.023
odysseus,arm.R.pitch,28.167,-30.3,-69.6,-183.3,60.2,0.0151,0.037
odysseus,arm.R.pitch,28.25,-37,-80.4,-183.3,60.2,0.0178,0.051
odysseus,arm.R.pitch,28.333,-44.1,-85.4,-183.3,60.2,0.0205,0.062
odysseus,arm.R.pitch,28.417,-51.2,-84.4,-183.3,60.2,0.0229,0.069
odysseus,arm.R.pitch,28.5,-57.6,-77.6,-183.3,60.2,0.0249,0.069
odysseus,arm.R.pitch,28.583,-63,-64.8,-183.3,60.2,0.0264,0.061
odysseus,arm.R.pitch,28.667,-66.9,-46.2,-183.3,60.2,0.0273,0.046
odysseus,arm.R.pitch,28.75,-68.7,-21.7,-183.3,60.2,0.0277,0.023
odysseus,arm.R.pitch,28.833,-68.8,-0.9,-183.3,60.2,0.0277,0.002
odysseus,arm.R.pitch,28.917,-68.8,0,-183.3,60.2,0.0274,0.002
odysseus,arm.R.pitch,47.5,-68.5,2.6,-183.3,60.2,0.0274,0.004
odysseus,arm.R.pitch,47.583,-67.6,11.4,-183.3,60.2,0.0273,0.012
odysseus,arm.R.pitch,47.667,-66,18.6,-183.3,60.2,0.027,0.019
odysseus,arm.R.pitch,47.75,-64,23.9,-183.3,60.2,0.0265,0.024
odysseus,arm.R.pitch,47.833,-61.8,27.2,-183.3,60.2,0.026,0.026
odysseus,arm.R.pitch,47.917,-59.4,28.5,-183.3,60.2,0.0253,0.027
odysseus,arm.R.pitch,48,-57.1,27.9,-183.3,60.2,0.0247,0.025
odysseus,arm.R.pitch,48.083,-55,25.3,-183.3,60.2,0.0241,0.022
odysseus,arm.R.pitch,48.167,-53.2,20.8,-183.3,60.2,0.0236,0.018
odysseus,arm.R.pitch,48.25,-52,14.2,-183.3,60.2,0.0233,0.013
odysseus,arm.R.pitch,48.333,-51.6,5.7,-183.3,60.2,0.0232,0.006
odysseus,arm.R.pitch,48.417,-51.6,0,-183.3,60.2,0.0231,0.001
odysseus,arm.R.pitch,68,-51.6,0,-183.3,60.2,0.0231,0.001
odysseus,arm.R.out,0,0,0,-11.5,31.5,0,0
odysseus,arm.R.out,68,0,0,-11.5,31.5,0,0
odysseus,arm.L.pitch,0,0,0,-183.3,60.2,0,0
odysseus,arm.L.pitch,9.917,0.7,8.2,-183.3,60.2,0.0005,0
odysseus,arm.L.pitch,10,9.3,103.6,-183.3,60.2,0.006,0.022
odysseus,arm.L.pitch,10.083,17.9,103,-183.3,60.2,0.0091,0.033
odysseus,arm.L.pitch,10.167,23.1,62.2,-183.3,60.2,0.0121,0.026
odysseus,arm.L.pitch,10.25,25.7,30.7,-183.3,60.2,0.0131,0.014
odysseus,arm.L.pitch,10.333,24.8,-10,-183.3,60.2,0.0129,0.005
odysseus,arm.L.pitch,10.417,20.4,-53.3,-183.3,60.2,0.0108,0.02
odysseus,arm.L.pitch,10.5,12.8,-91,-183.3,60.2,0.007,0.022
odysseus,arm.L.pitch,10.583,3.2,-115.3,-183.3,60.2,0.0019,0.008
odysseus,arm.L.pitch,10.667,-6.9,-121,-183.3,60.2,0.0036,0.015
odysseus,arm.L.pitch,10.75,-15.8,-107.2,-183.3,60.2,0.0082,0.031
odysseus,arm.L.pitch,10.833,-22.3,-77.4,-183.3,60.2,0.0115,0.031
odysseus,arm.L.pitch,10.917,-25.5,-38.2,-183.3,60.2,0.0131,0.018
odysseus,arm.L.pitch,11,-25.3,2.3,-183.3,60.2,0.0131,0.001
odysseus,arm.L.pitch,11.083,-22.2,37,-183.3,60.2,0.0116,0.015
odysseus,arm.L.pitch,11.167,-10.8,136.3,-183.3,60.2,0.0068,0.032
odysseus,arm.L.pitch,11.25,-0.4,125.2,-183.3,60.2,0.0003,0.001
odysseus,arm.L.pitch,11.333,0,4.8,-183.3,60.2,0.0015,0
odysseus,arm.L.pitch,11.417,0,0,-183.3,60.2,0.0001,0
odysseus,arm.L.pitch,68,0,0,-183.3,60.2,0,0
odysseus,arm.L.out,0,0,0,-11.5,31.5,0,0
odysseus,arm.L.out,68,0,0,-11.5,31.5,0,0
odysseus,hand.R.roll,0,0,0,-74.5,74.5,0,0
odysseus,hand.R.roll,68,0,0,-74.5,74.5,0,0
odysseus,hand.L.roll,0,0,0,-74.5,74.5,0,0
odysseus,hand.L.roll,68,0,0,-74.5,74.5,0,0
odysseus,leg.R.pitch,0,0,0,-91.7,54.4,0,0
odysseus,leg.R.pitch,9.917,0.9,11.4,-91.7,54.4,0.0015,0.001
odysseus,leg.R.pitch,10,12.8,142.7,-91.7,54.4,0.0198,0.099
odysseus,leg.R.pitch,10.083,24.7,142,-91.7,54.4,0.0287,0.144
odysseus,leg.R.pitch,10.167,31.8,85.8,-91.7,54.4,0.0381,0.117
odysseus,leg.R.pitch,10.25,35.3,42.3,-91.7,54.4,0.0412,0.064
odysseus,leg.R.pitch,10.333,34.2,-13.8,-91.7,54.4,0.0405,0.023
odysseus,leg.R.pitch,10.417,28.1,-73.5,-91.7,54.4,0.0344,0.09
odysseus,leg.R.pitch,10.5,17.6,-125.4,-91.7,54.4,0.0226,0.1
odysseus,leg.R.pitch,10.583,4.4,-158.9,-91.7,54.4,0.0064,0.036
odysseus,leg.R.pitch,10.667,-9.5,-166.7,-91.7,54.4,0.0116,0.068
odysseus,leg.R.pitch,10.75,-21.8,-147.7,-91.7,54.4,0.0262,0.136
odysseus,leg.R.pitch,10.833,-30.7,-106.6,-91.7,54.4,0.0365,0.138
odysseus,leg.R.pitch,10.917,-35.1,-52.6,-91.7,54.4,0.0413,0.079
odysseus,leg.R.pitch,11,-34.8,3.2,-91.7,54.4,0.0411,0.008
odysseus,leg.R.pitch,11.083,-30.6,51,-91.7,54.4,0.0366,0.068
odysseus,leg.R.pitch,11.167,-14.9,187.8,-91.7,54.4,0.0224,0.148
odysseus,leg.R.pitch,11.25,-0.5,172.5,-91.7,54.4,0.0012,0.007
odysseus,leg.R.pitch,11.333,0,6.5,-91.7,54.4,0.0057,0.001
odysseus,leg.R.pitch,11.417,0,0,-91.7,54.4,0.0002,0
odysseus,leg.R.pitch,68,0,0,-91.7,54.4,0,0
odysseus,leg.L.pitch,0,0,0,-91.7,54.4,0,0
odysseus,leg.L.pitch,9.917,-0.9,-11.4,-91.7,54.4,0.0015,0.001
odysseus,leg.L.pitch,10,-12.8,-142.7,-91.7,54.4,0.0198,0.099
odysseus,leg.L.pitch,10.083,-24.7,-142,-91.7,54.4,0.0287,0.144
odysseus,leg.L.pitch,10.167,-31.8,-85.8,-91.7,54.4,0.0381,0.117
odysseus,leg.L.pitch,10.25,-35.3,-42.3,-91.7,54.4,0.0412,0.064
odysseus,leg.L.pitch,10.333,-34.2,13.8,-91.7,54.4,0.0405,0.023
odysseus,leg.L.pitch,10.417,-28.1,73.5,-91.7,54.4,0.0344,0.09
odysseus,leg.L.pitch,10.5,-17.6,125.4,-91.7,54.4,0.0226,0.1
odysseus,leg.L.pitch,10.583,-4.4,158.9,-91.7,54.4,0.0064,0.036
odysseus,leg.L.pitch,10.667,9.5,166.7,-91.7,54.4,0.0116,0.068
odysseus,leg.L.pitch,10.75,21.8,147.7,-91.7,54.4,0.0262,0.136
odysseus,leg.L.pitch,10.833,30.7,106.6,-91.7,54.4,0.0365,0.138
odysseus,leg.L.pitch,10.917,35.1,52.6,-91.7,54.4,0.0413,0.079
odysseus,leg.L.pitch,11,34.8,-3.2,-91.7,54.4,0.0411,0.008
odysseus,leg.L.pitch,11.083,30.6,-51,-91.7,54.4,0.0366,0.068
odysseus,leg.L.pitch,11.167,14.9,-187.8,-91.7,54.4,0.0224,0.148
odysseus,leg.L.pitch,11.25,0.5,-172.5,-91.7,54.4,0.0012,0.007
odysseus,leg.L.pitch,11.333,0,-6.5,-91.7,54.4,0.0057,0.001
odysseus,leg.L.pitch,11.417,0,0,-91.7,54.4,0.0002,0
odysseus,leg.L.pitch,68,0,0,-91.7,54.4,0,0
hermes-as-young-man,root.h,0,0,0,,,0,0
hermes-as-young-man,root.h,9.917,-0.7,-7.9,,,0,0
hermes-as-young-man,root.h,10,-3.7,-36.6,,,0,0
hermes-as-young-man,root.h,10.083,-6.2,-30,,,0,0
hermes-as-young-man,root.h,10.167,-6.3,-1.6,,,0,0
hermes-as-young-man,root.h,10.25,-6.3,0,,,0,0
hermes-as-young-man,root.h,11.083,-5.3,12.7,,,0,0
hermes-as-young-man,root.h,11.167,-2.3,35.5,,,0,0
hermes-as-young-man,root.h,11.25,-0.1,26.5,,,0,0
hermes-as-young-man,root.h,11.333,0,1.4,,,0,0
hermes-as-young-man,root.h,11.417,0,0,,,0,0
hermes-as-young-man,root.h,68,0,0,,,0,0
hermes-as-young-man,root.pitch,0,0,0,,,0,0
hermes-as-young-man,root.pitch,68,0,0,,,0,0
hermes-as-young-man,root.roll,0,0,0,,,0,0
hermes-as-young-man,root.roll,2.333,0.2,2.1,,,0,0
hermes-as-young-man,root.roll,2.417,0.6,5.1,,,0,0
hermes-as-young-man,root.roll,2.5,1.1,6.1,,,0,0
hermes-as-young-man,root.roll,2.583,1.5,5.1,,,0,0
hermes-as-young-man,root.roll,2.667,1.7,2.1,,,0,0
hermes-as-young-man,root.roll,2.75,1.7,-0.3,,,0,0
hermes-as-young-man,root.roll,5.083,1,-3.7,,,0,0
hermes-as-young-man,root.roll,5.167,0.2,-8.9,,,0,0
hermes-as-young-man,root.roll,5.25,-0.7,-10.6,,,0,0
hermes-as-young-man,root.roll,5.333,-1.4,-8.9,,,0,0
hermes-as-young-man,root.roll,5.417,-1.7,-3.7,,,0,0
hermes-as-young-man,root.roll,5.5,-1.7,0.3,,,0,0
hermes-as-young-man,root.roll,9.833,-1,2.6,,,0,0
hermes-as-young-man,root.roll,9.917,-0.5,6.6,,,0,0
hermes-as-young-man,root.roll,10,0.2,8.6,,,0,0
hermes-as-young-man,root.roll,10.083,0.9,8.6,,,0,0
hermes-as-young-man,root.roll,10.167,1.5,6.6,,,0,0
hermes-as-young-man,root.roll,10.25,1.7,2.6,,,0,0
hermes-as-young-man,root.roll,10.333,1.7,-0.3,,,0,0
hermes-as-young-man,root.roll,14.083,1,-3.7,,,0,0
hermes-as-young-man,root.roll,14.167,0.2,-8.9,,,0,0
hermes-as-young-man,root.roll,14.25,-0.7,-10.6,,,0,0
hermes-as-young-man,root.roll,14.333,-1.4,-8.9,,,0,0
hermes-as-young-man,root.roll,14.417,-1.7,-3.7,,,0,0
hermes-as-young-man,root.roll,14.5,-1.7,0.3,,,0,0
hermes-as-young-man,root.roll,18.833,-1,2.6,,,0,0
hermes-as-young-man,root.roll,18.917,-0.5,6.6,,,0,0
hermes-as-young-man,root.roll,19,0.2,8.6,,,0,0
hermes-as-young-man,root.roll,19.083,0.9,8.6,,,0,0
hermes-as-young-man,root.roll,19.167,1.5,6.6,,,0,0
hermes-as-young-man,root.roll,19.25,1.7,2.6,,,0,0
hermes-as-young-man,root.roll,19.333,1.7,-0.3,,,0,0
hermes-as-young-man,root.roll,22,1,-3.7,,,0,0
hermes-as-young-man,root.roll,22.083,0.2,-8.9,,,0,0
hermes-as-young-man,root.roll,22.167,-0.7,-10.6,,,0,0
hermes-as-young-man,root.roll,22.25,-1.4,-8.9,,,0,0
hermes-as-young-man,root.roll,22.333,-1.7,-3.7,,,0,0
hermes-as-young-man,root.roll,22.417,-1.7,0.3,,,0,0
hermes-as-young-man,root.roll,26.75,-1,3.7,,,0,0
hermes-as-young-man,root.roll,26.833,-0.2,8.9,,,0,0
hermes-as-young-man,root.roll,26.917,0.7,10.6,,,0,0
hermes-as-young-man,root.roll,27,1.4,8.9,,,0,0
hermes-as-young-man,root.roll,27.083,1.7,3.7,,,0,0
hermes-as-young-man,root.roll,27.167,1.7,-0.3,,,0,0
hermes-as-young-man,root.roll,29.417,1,-2.6,,,0,0
hermes-as-young-man,root.roll,29.5,0.5,-6.6,,,0,0
hermes-as-young-man,root.roll,29.583,-0.2,-8.6,,,0,0
hermes-as-young-man,root.roll,29.667,-0.9,-8.6,,,0,0
hermes-as-young-man,root.roll,29.75,-1.5,-6.6,,,0,0
hermes-as-young-man,root.roll,29.833,-1.7,-2.6,,,0,0
hermes-as-young-man,root.roll,29.917,-1.7,0.3,,,0,0
hermes-as-young-man,root.roll,33.917,-1,3.7,,,0,0
hermes-as-young-man,root.roll,34,-0.2,8.9,,,0,0
hermes-as-young-man,root.roll,34.083,0.7,10.6,,,0,0
hermes-as-young-man,root.roll,34.167,1.4,8.9,,,0,0
hermes-as-young-man,root.roll,34.25,1.7,3.7,,,0,0
hermes-as-young-man,root.roll,34.333,1.7,-0.3,,,0,0
hermes-as-young-man,root.roll,36.833,1,-3.7,,,0,0
hermes-as-young-man,root.roll,36.917,0.2,-8.9,,,0,0
hermes-as-young-man,root.roll,37,-0.7,-10.6,,,0,0
hermes-as-young-man,root.roll,37.083,-1.4,-8.9,,,0,0
hermes-as-young-man,root.roll,37.167,-1.7,-3.7,,,0,0
hermes-as-young-man,root.roll,37.25,-1.7,0.3,,,0,0
hermes-as-young-man,root.roll,39.75,-1,3.7,,,0,0
hermes-as-young-man,root.roll,39.833,-0.2,8.9,,,0,0
hermes-as-young-man,root.roll,39.917,0.7,10.6,,,0,0
hermes-as-young-man,root.roll,40,1.4,8.9,,,0,0
hermes-as-young-man,root.roll,40.083,1.7,3.7,,,0,0
hermes-as-young-man,root.roll,40.167,1.7,-0.3,,,0,0
hermes-as-young-man,root.roll,43.75,1,-2.6,,,0,0
hermes-as-young-man,root.roll,43.833,0.5,-6.6,,,0,0
hermes-as-young-man,root.roll,43.917,-0.2,-8.6,,,0,0
hermes-as-young-man,root.roll,44,-0.9,-8.6,,,0,0
hermes-as-young-man,root.roll,44.083,-1.5,-6.6,,,0,0
hermes-as-young-man,root.roll,44.167,-1.7,-2.6,,,0,0
hermes-as-young-man,root.roll,44.25,-1.7,0.3,,,0,0
hermes-as-young-man,root.roll,48.667,-1,3.7,,,0,0
hermes-as-young-man,root.roll,48.75,-0.2,8.9,,,0,0
hermes-as-young-man,root.roll,48.833,0.7,10.6,,,0,0
hermes-as-young-man,root.roll,48.917,1.4,8.9,,,0,0
hermes-as-young-man,root.roll,49,1.7,3.7,,,0,0
hermes-as-young-man,root.roll,49.083,1.7,-0.3,,,0,0
hermes-as-young-man,root.roll,51.833,1,-3.7,,,0,0
hermes-as-young-man,root.roll,51.917,0.2,-8.9,,,0,0
hermes-as-young-man,root.roll,52,-0.7,-10.6,,,0,0
hermes-as-young-man,root.roll,52.083,-1.4,-8.9,,,0,0
hermes-as-young-man,root.roll,52.167,-1.7,-3.7,,,0,0
hermes-as-young-man,root.roll,52.25,-1.7,0.3,,,0,0
hermes-as-young-man,root.roll,55.417,-1,3.7,,,0,0
hermes-as-young-man,root.roll,55.5,-0.2,8.9,,,0,0
hermes-as-young-man,root.roll,55.583,0.7,10.6,,,0,0
hermes-as-young-man,root.roll,55.667,1.4,8.9,,,0,0
hermes-as-young-man,root.roll,55.75,1.7,3.7,,,0,0
hermes-as-young-man,root.roll,55.833,1.7,-0.3,,,0,0
hermes-as-young-man,root.roll,59.583,1,-3.7,,,0,0
hermes-as-young-man,root.roll,59.667,0.2,-8.9,,,0,0
hermes-as-young-man,root.roll,59.75,-0.7,-10.6,,,0,0
hermes-as-young-man,root.roll,59.833,-1.4,-8.9,,,0,0
hermes-as-young-man,root.roll,59.917,-1.7,-3.7,,,0,0
hermes-as-young-man,root.roll,60,-1.7,0.3,,,0,0
hermes-as-young-man,root.roll,63.417,-1,3.7,,,0,0
hermes-as-young-man,root.roll,63.5,-0.2,8.9,,,0,0
hermes-as-young-man,root.roll,63.583,0.7,10.6,,,0,0
hermes-as-young-man,root.roll,63.667,1.4,8.9,,,0,0
hermes-as-young-man,root.roll,63.75,1.7,3.7,,,0,0
hermes-as-young-man,root.roll,63.833,1.7,-0.3,,,0,0
hermes-as-young-man,root.roll,68,1.3,0,,,0,0
hermes-as-young-man,torso.lean,0,0,0,-17.2,21.8,0,0
hermes-as-young-man,torso.lean,0.25,-0.1,-0.6,-17.2,21.8,0.0005,0
hermes-as-young-man,torso.lean,0.333,-0.1,-0.8,-17.2,21.8,0.0009,0
hermes-as-young-man,torso.lean,0.417,-0.2,-0.9,-17.2,21.8,0.0013,0
hermes-as-young-man,torso.lean,0.5,-0.3,-1.1,-17.2,21.8,0.0017,0
hermes-as-young-man,torso.lean,0.583,-0.4,-1.2,-17.2,21.8,0.0023,0
hermes-as-young-man,torso.lean,0.667,-0.5,-1.3,-17.2,21.8,0.0028,0
hermes-as-young-man,torso.lean,0.75,-0.6,-1.3,-17.2,21.8,0.0035,0
hermes-as-young-man,torso.lean,0.833,-0.7,-1.4,-17.2,21.8,0.0041,0
hermes-as-young-man,torso.lean,0.917,-0.9,-1.4,-17.2,21.8,0.0047,0
hermes-as-young-man,torso.lean,1,-1,-1.4,-17.2,21.8,0.0053,0
hermes-as-young-man,torso.lean,1.083,-1.1,-1.4,-17.2,21.8,0.006,0
hermes-as-young-man,torso.lean,1.167,-1.2,-1.3,-17.2,21.8,0.0066,0
hermes-as-young-man,torso.lean,1.25,-1.3,-1.3,-17.2,21.8,0.0072,0
hermes-as-young-man,torso.lean,1.333,-1.4,-1.2,-17.2,21.8,0.0077,0
hermes-as-young-man,torso.lean,1.417,-1.5,-1.1,-17.2,21.8,0.0082,0
hermes-as-young-man,torso.lean,1.5,-1.6,-0.9,-17.2,21.8,0.0086,0
hermes-as-young-man,torso.lean,1.583,-1.6,-0.8,-17.2,21.8,0.009,0
hermes-as-young-man,torso.lean,1.667,-1.7,-0.6,-17.2,21.8,0.0092,0
hermes-as-young-man,torso.lean,1.75,-1.7,-0.4,-17.2,21.8,0.0094,0
hermes-as-young-man,torso.lean,2,-1.7,0.5,-17.2,21.8,0.0092,0
hermes-as-young-man,torso.lean,2.083,-1.6,0.8,-17.2,21.8,0.0088,0
hermes-as-young-man,torso.lean,2.167,-1.5,1.1,-17.2,21.8,0.0083,0
hermes-as-young-man,torso.lean,2.25,-1.4,1.3,-17.2,21.8,0.0077,0
hermes-as-young-man,torso.lean,2.333,-1.3,1.5,-17.2,21.8,0.007,0
hermes-as-young-man,torso.lean,2.417,-1.1,1.6,-17.2,21.8,0.0063,0
hermes-as-young-man,torso.lean,2.5,-1,1.7,-17.2,21.8,0.0055,0
hermes-as-young-man,torso.lean,2.583,-0.9,1.7,-17.2,21.8,0.0047,0
hermes-as-young-man,torso.lean,2.667,-0.7,1.7,-17.2,21.8,0.0039,0
hermes-as-young-man,torso.lean,2.75,-0.6,1.7,-17.2,21.8,0.0032,0
hermes-as-young-man,torso.lean,2.833,-0.4,1.6,-17.2,21.8,0.0025,0
hermes-as-young-man,torso.lean,2.917,-0.3,1.5,-17.2,21.8,0.0018,0
hermes-as-young-man,torso.lean,3,-0.2,1.3,-17.2,21.8,0.0012,0
hermes-as-young-man,torso.lean,3.083,-0.1,1.1,-17.2,21.8,0.0007,0
hermes-as-young-man,torso.lean,3.167,-0.1,0.8,-17.2,21.8,0.0004,0
hermes-as-young-man,torso.lean,3.25,0,0.5,-17.2,21.8,0.0001,0
hermes-as-young-man,torso.lean,3.333,0,0.2,-17.2,21.8,0.0001,0
hermes-as-young-man,torso.lean,3.667,-0.1,-0.6,-17.2,21.8,0.0007,0
hermes-as-young-man,torso.lean,3.75,-0.2,-0.8,-17.2,21.8,0.0011,0
hermes-as-young-man,torso.lean,3.833,-0.3,-0.9,-17.2,21.8,0.0015,0
hermes-as-young-man,torso.lean,3.917,-0.4,-1,-17.2,21.8,0.002,0
hermes-as-young-man,torso.lean,4,-0.4,-1.1,-17.2,21.8,0.0025,0
hermes-as-young-man,torso.lean,4.083,-0.5,-1.2,-17.2,21.8,0.003,0
hermes-as-young-man,torso.lean,4.167,-0.6,-1.2,-17.2,21.8,0.0036,0
hermes-as-young-man,torso.lean,4.25,-0.8,-1.3,-17.2,21.8,0.0041,0
hermes-as-young-man,torso.lean,4.333,-0.9,-1.3,-17.2,21.8,0.0047,0
hermes-as-young-man,torso.lean,4.417,-1,-1.3,-17.2,21.8,0.0053,0
hermes-as-young-man,torso.lean,4.5,-1.1,-1.3,-17.2,21.8,0.0059,0
hermes-as-young-man,torso.lean,4.583,-1.2,-1.2,-17.2,21.8,0.0064,0
hermes-as-young-man,torso.lean,4.667,-1.3,-1.2,-17.2,21.8,0.007,0
hermes-as-young-man,torso.lean,4.75,-1.4,-1.1,-17.2,21.8,0.0075,0
hermes-as-young-man,torso.lean,4.833,-1.5,-1,-17.2,21.8,0.008,0
hermes-as-young-man,torso.lean,4.917,-1.5,-0.9,-17.2,21.8,0.0084,0
hermes-as-young-man,torso.lean,5,-1.6,-0.8,-17.2,21.8,0.0087,0
hermes-as-young-man,torso.lean,5.083,-1.6,-0.6,-17.2,21.8,0.009,0
hermes-as-young-man,torso.lean,5.167,-1.7,-0.5,-17.2,21.8,0.0093,0
hermes-as-young-man,torso.lean,5.5,-1.7,0.5,-17.2,21.8,0.0092,0
hermes-as-young-man,torso.lean,5.583,-1.6,0.8,-17.2,21.8,0.0088,0
hermes-as-young-man,torso.lean,5.667,-1.5,1.1,-17.2,21.8,0.0083,0
hermes-as-young-man,torso.lean,5.75,-1.4,1.3,-17.2,21.8,0.0077,0
hermes-as-young-man,torso.lean,5.833,-1.3,1.5,-17.2,21.8,0.007,0
hermes-as-young-man,torso.lean,5.917,-1.1,1.6,-17.2,21.8,0.0063,0
hermes-as-young-man,torso.lean,6,-1,1.7,-17.2,21.8,0.0055,0
hermes-as-young-man,torso.lean,6.083,-0.9,1.7,-17.2,21.8,0.0047,0
hermes-as-young-man,torso.lean,6.167,-0.7,1.7,-17.2,21.8,0.0039,0
hermes-as-young-man,torso.lean,6.25,-0.6,1.7,-17.2,21.8,0.0032,0
hermes-as-young-man,torso.lean,6.333,-0.4,1.6,-17.2,21.8,0.0025,0
hermes-as-young-man,torso.lean,6.417,-0.3,1.5,-17.2,21.8,0.0018,0
hermes-as-young-man,torso.lean,6.5,-0.2,1.3,-17.2,21.8,0.0012,0
hermes-as-young-man,torso.lean,6.583,-0.1,1.1,-17.2,21.8,0.0007,0
hermes-as-young-man,torso.lean,6.667,-0.1,0.8,-17.2,21.8,0.0004,0
hermes-as-young-man,torso.lean,6.75,0,0.5,-17.2,21.8,0.0001,0
hermes-as-young-man,torso.lean,6.833,0,0.2,-17.2,21.8,0.0001,0
hermes-as-young-man,torso.lean,7.167,-0.1,-0.6,-17.2,21.8,0.0007,0
hermes-as-young-man,torso.lean,7.25,-0.2,-0.8,-17.2,21.8,0.0011,0
hermes-as-young-man,torso.lean,7.333,-0.3,-0.9,-17.2,21.8,0.0015,0
hermes-as-young-man,torso.lean,7.417,-0.4,-1,-17.2,21.8,0.002,0
hermes-as-young-man,torso.lean,7.5,-0.4,-1.1,-17.2,21.8,0.0025,0
hermes-as-young-man,torso.lean,7.583,-0.5,-1.2,-17.2,21.8,0.003,0
hermes-as-young-man,torso.lean,7.667,-0.6,-1.2,-17.2,21.8,0.0036,0
hermes-as-young-man,torso.lean,7.75,-0.8,-1.3,-17.2,21.8,0.0041,0
hermes-as-young-man,torso.lean,7.833,-0.9,-1.3,-17.2,21.8,0.0047,0
hermes-as-young-man,torso.lean,7.917,-1,-1.3,-17.2,21.8,0.0053,0
hermes-as-young-man,torso.lean,8,-1.1,-1.3,-17.2,21.8,0.0059,0
hermes-as-young-man,torso.lean,8.083,-1.2,-1.2,-17.2,21.8,0.0064,0
hermes-as-young-man,torso.lean,8.167,-1.3,-1.2,-17.2,21.8,0.007,0
hermes-as-young-man,torso.lean,8.25,-1.4,-1.1,-17.2,21.8,0.0075,0
hermes-as-young-man,torso.lean,8.333,-1.5,-1,-17.2,21.8,0.008,0
hermes-as-young-man,torso.lean,8.417,-1.5,-0.9,-17.2,21.8,0.0084,0
hermes-as-young-man,torso.lean,8.5,-1.6,-0.8,-17.2,21.8,0.0087,0
hermes-as-young-man,torso.lean,8.583,-1.6,-0.6,-17.2,21.8,0.009,0
hermes-as-young-man,torso.lean,8.667,-1.7,-0.5,-17.2,21.8,0.0093,0
hermes-as-young-man,torso.lean,9,-1.6,0.8,-17.2,21.8,0.009,0
hermes-as-young-man,torso.lean,9.083,-1.5,1.3,-17.2,21.8,0.0084,0.001
hermes-as-young-man,torso.lean,9.167,-1.4,1.6,-17.2,21.8,0.0077,0.001
hermes-as-young-man,torso.lean,9.25,-1.2,1.8,-17.2,21.8,0.0068,0.001
hermes-as-young-man,torso.lean,9.333,-1.1,1.9,-17.2,21.8,0.006,0
hermes-as-young-man,torso.lean,9.417,-0.9,1.9,-17.2,21.8,0.0051,0
hermes-as-young-man,torso.lean,9.5,-0.8,1.8,-17.2,21.8,0.0043,0
hermes-as-young-man,torso.lean,9.583,-0.6,1.6,-17.2,21.8,0.0036,0
hermes-as-young-man,torso.lean,9.667,-0.5,1.3,-17.2,21.8,0.003,0
hermes-as-young-man,torso.lean,9.75,-0.5,0.8,-17.2,21.8,0.0027,0
hermes-as-young-man,torso.lean,9.833,-0.4,0.3,-17.2,21.8,0.0025,0
hermes-as-young-man,torso.lean,9.917,-0.4,1,-17.2,21.8,0.0021,0
hermes-as-young-man,torso.lean,10,-0.1,2.9,-17.2,21.8,0.001,0
hermes-as-young-man,torso.lean,10.083,0.3,4.5,-17.2,21.8,0.0017,0
hermes-as-young-man,torso.lean,10.167,0.7,5.8,-17.2,21.8,0.0043,0.001
hermes-as-young-man,torso.lean,10.25,1.3,6.8,-17.2,21.8,0.0074,0.002
hermes-as-young-man,torso.lean,10.333,1.9,7.5,-17.2,21.8,0.0107,0.003
hermes-as-young-man,torso.lean,10.417,2.6,8.4,-17.2,21.8,0.0146,0.005
hermes-as-young-man,torso.lean,10.5,3.4,9.7,-17.2,21.8,0.0191,0.007
hermes-as-young-man,torso.lean,10.583,3.2,-3.1,-17.2,21.8,0.0197,0.003
hermes-as-young-man,torso.lean,10.667,2.9,-2.7,-17.2,21.8,0.0162,0.002
hermes-as-young-man,torso.lean,10.75,2.8,-2.3,-17.2,21.8,0.0152,0.002
hermes-as-young-man,torso.lean,10.833,2.6,-1.9,-17.2,21.8,0.0143,0.001
hermes-as-young-man,torso.lean,10.917,2.5,-1.5,-17.2,21.8,0.0136,0.001
hermes-as-young-man,torso.lean,11,2.4,-1,-17.2,21.8,0.0132,0.001
hermes-as-young-man,torso.lean,11.083,2.3,-0.6,-17.2,21.8,0.0129,0.001
hermes-as-young-man,torso.lean,11.167,2.3,-0.2,-17.2,21.8,0.0128,0
hermes-as-young-man,torso.lean,11.25,0.1,-26.9,-17.2,21.8,0.0052,0.005
hermes-as-young-man,torso.lean,11.333,-1.3,-16.2,-17.2,21.8,0.0089,0.005
hermes-as-young-man,torso.lean,11.417,-1.7,-5.4,-17.2,21.8,0.0113,0.002
hermes-as-young-man,torso.lean,11.5,-1.5,3.2,-17.2,21.8,0.0095,0.001
hermes-as-young-man,torso.lean,11.583,-0.9,7.1,-17.2,21.8,0.0054,0.001
hermes-as-young-man,torso.lean,11.667,-0.3,7.1,-17.2,21.8,0.0015,0
hermes-as-young-man,torso.lean,11.75,0,3.2,-17.2,21.8,0.0007,0
hermes-as-young-man,torso.lean,11.833,0,0,-17.2,21.8,0.0006,0
hermes-as-young-man,torso.lean,12.667,-1.2,-13.9,-17.2,21.8,0.0088,0.004
hermes-as-young-man,torso.lean,12.75,-1.5,-4.6,-17.2,21.8,0.0101,0.002
hermes-as-young-man,torso.lean,12.833,0.7,27.5,-17.2,21.8,0.0098,0.01
hermes-as-young-man,torso.lean,12.917,2.1,16.5,-17.2,21.8,0.0136,0.008
hermes-as-young-man,torso.lean,13,2.6,5.5,-17.2,21.8,0.0161,0.004
hermes-as-young-man,torso.lean,13.083,2.4,-1.5,-17.2,21.8,0.0147,0.001
hermes-as-young-man,torso.lean,13.167,2.3,-1.5,-17.2,21.8,0.0127,0.001
hermes-as-young-man,torso.lean,13.25,2.2,-1.5,-17.2,21.8,0.012,0.001
hermes-as-young-man,torso.lean,13.333,2.1,-1.5,-17.2,21.8,0.0113,0.001
hermes-as-young-man,torso.lean,13.417,1.9,-1.5,-17.2,21.8,0.0106,0.001
hermes-as-young-man,torso.lean,13.5,1.8,-1.5,-17.2,21.8,0.0099,0.001
hermes-as-young-man,torso.lean,13.583,1.7,-1.6,-17.2,21.8,0.0092,0.001
hermes-as-young-man,torso.lean,13.667,1.3,-4,-17.2,21.8,0.0078,0.001
hermes-as-young-man,torso.lean,13.75,0.9,-5.2,-17.2,21.8,0.0052,0.001
hermes-as-young-man,torso.lean,13.833,0.5,-5.2,-17.2,21.8,0.0026,0
hermes-as-young-man,torso.lean,13.917,0.1,-4,-17.2,21.8,0.0009,0
hermes-as-young-man,torso.lean,14,0,-1.6,-17.2,21.8,0.0004,0
hermes-as-young-man,torso.lean,14.083,0,0,-17.2,21.8,0.0003,0
hermes-as-young-man,torso.lean,16,-1.2,-13.9,-17.2,21.8,0.0088,0.004
hermes-as-young-man,torso.lean,16.083,-1.5,-4.6,-17.2,21.8,0.0101,0.002
hermes-as-young-man,torso.lean,16.167,0.7,27.5,-17.2,21.8,0.0098,0.01
hermes-as-young-man,torso.lean,16.25,2.1,16.5,-17.2,21.8,0.0136,0.008
hermes-as-young-man,torso.lean,16.333,2.6,5.5,-17.2,21.8,0.0161,0.004
hermes-as-young-man,torso.lean,16.417,2.4,-1.5,-17.2,21.8,0.0147,0.001
hermes-as-young-man,torso.lean,16.5,2.3,-1.5,-17.2,21.8,0.0127,0.001
hermes-as-young-man,torso.lean,16.583,2.2,-1.5,-17.2,21.8,0.012,0.001
hermes-as-young-man,torso.lean,16.667,2.1,-1.5,-17.2,21.8,0.0113,0.001
hermes-as-young-man,torso.lean,16.75,1.9,-1.5,-17.2,21.8,0.0106,0.001
hermes-as-young-man,torso.lean,16.833,1.8,-1.5,-17.2,21.8,0.0099,0.001
hermes-as-young-man,torso.lean,16.917,1.7,-1.6,-17.2,21.8,0.0092,0.001
hermes-as-young-man,torso.lean,17,1.3,-4,-17.2,21.8,0.0078,0.001
hermes-as-young-man,torso.lean,17.083,0.9,-5.2,-17.2,21.8,0.0052,0.001
hermes-as-young-man,torso.lean,17.167,0.5,-5.2,-17.2,21.8,0.0026,0
hermes-as-young-man,torso.lean,17.25,0.1,-4,-17.2,21.8,0.0009,0
hermes-as-young-man,torso.lean,17.333,0,-1.6,-17.2,21.8,0.0004,0
hermes-as-young-man,torso.lean,17.417,0,0,-17.2,21.8,0.0003,0
hermes-as-young-man,torso.lean,18,-1.2,-13.9,-17.2,21.8,0.0088,0.004
hermes-as-young-man,torso.lean,18.083,-1.5,-4.6,-17.2,21.8,0.0101,0.002
hermes-as-young-man,torso.lean,18.167,0.3,21.7,-17.2,21.8,0.0061,0.005
hermes-as-young-man,torso.lean,18.25,1.5,15.5,-17.2,21.8,0.0096,0.005
hermes-as-young-man,torso.lean,18.333,2.3,9.3,-17.2,21.8,0.0138,0.005
hermes-as-young-man,torso.lean,18.417,2.6,3.1,-17.2,21.8,0.0152,0.002
hermes-as-young-man,torso.lean,18.5,2.4,-1.9,-17.2,21.8,0.0142,0.001
hermes-as-young-man,torso.lean,18.583,2.3,-1.9,-17.2,21.8,0.0124,0.001
hermes-as-young-man,torso.lean,18.667,2.1,-1.9,-17.2,21.8,0.0116,0.001
hermes-as-young-man,torso.lean,18.75,2,-1.9,-17.2,21.8,0.0107,0.001
hermes-as-young-man,torso.lean,18.833,1.8,-1.9,-17.2,21.8,0.0099,0.001
hermes-as-young-man,torso.lean,18.917,1.7,-1.6,-17.2,21.8,0.0092,0.001
hermes-as-young-man,torso.lean,19,1.3,-4,-17.2,21.8,0.0078,0.001
hermes-as-young-man,torso.lean,19.083,0.9,-5.2,-17.2,21.8,0.0052,0.001
hermes-as-young-man,torso.lean,19.167,0.5,-5.2,-17.2,21.8,0.0026,0
hermes-as-young-man,torso.lean,19.25,0.1,-4,-17.2,21.8,0.0009,0
hermes-as-young-man,torso.lean,19.333,0,-1.6,-17.2,21.8,0.0004,0
hermes-as-young-man,torso.lean,19.417,0,0,-17.2,21.8,0.0003,0
hermes-as-young-man,torso.lean,20.75,-1.2,-13.9,-17.2,21.8,0.0088,0.004
hermes-as-young-man,torso.lean,20.833,-1.5,-4.6,-17.2,21.8,0.0101,0.002
hermes-as-young-man,torso.lean,20.917,0.3,21.7,-17.2,21.8,0.0061,0.005
hermes-as-young-man,torso.lean,21,1.5,15.5,-17.2,21.8,0.0096,0.005
hermes-as-young-man,torso.lean,21.083,2.3,9.3,-17.2,21.8,0.0138,0.005
hermes-as-young-man,torso.lean,21.167,2.6,3.1,-17.2,21.8,0.0152,0.002
hermes-as-young-man,torso.lean,21.25,2.4,-1.9,-17.2,21.8,0.0142,0.001
hermes-as-young-man,torso.lean,21.333,2.3,-1.9,-17.2,21.8,0.0124,0.001
hermes-as-young-man,torso.lean,21.417,2.1,-1.9,-17.2,21.8,0.0116,0.001
hermes-as-young-man,torso.lean,21.5,2,-1.9,-17.2,21.8,0.0107,0.001
hermes-as-young-man,torso.lean,21.583,1.8,-1.9,-17.2,21.8,0.0099,0.001
hermes-as-young-man,torso.lean,21.667,1.7,-1.6,-17.2,21.8,0.0092,0.001
hermes-as-young-man,torso.lean,21.75,1.3,-4,-17.2,21.8,0.0078,0.001
hermes-as-young-man,torso.lean,21.833,0.9,-5.2,-17.2,21.8,0.0052,0.001
hermes-as-young-man,torso.lean,21.917,0.5,-5.2,-17.2,21.8,0.0026,0
hermes-as-young-man,torso.lean,22,0.1,-4,-17.2,21.8,0.0009,0
hermes-as-young-man,torso.lean,22.083,0,-1.6,-17.2,21.8,0.0004,0
hermes-as-young-man,torso.lean,22.167,0,0,-17.2,21.8,0.0003,0
hermes-as-young-man,torso.lean,25.167,-1.2,-13.9,-17.2,21.8,0.0088,0.004
hermes-as-young-man,torso.lean,25.25,-1.5,-4.6,-17.2,21.8,0.0101,0.002
hermes-as-young-man,torso.lean,25.333,0.3,21.7,-17.2,21.8,0.0061,0.005
hermes-as-young-man,torso.lean,25.417,1.5,15.5,-17.2,21.8,0.0096,0.005
hermes-as-young-man,torso.lean,25.5,2.3,9.3,-17.2,21.8,0.0138,0.005
hermes-as-young-man,torso.lean,25.583,2.6,3.1,-17.2,21.8,0.0152,0.002
hermes-as-young-man,torso.lean,25.667,2.4,-1.9,-17.2,21.8,0.0142,0.001
hermes-as-young-man,torso.lean,25.75,2.3,-1.9,-17.2,21.8,0.0124,0.001
hermes-as-young-man,torso.lean,25.833,2.1,-1.9,-17.2,21.8,0.0116,0.001
hermes-as-young-man,torso.lean,25.917,2,-1.9,-17.2,21.8,0.0107,0.001
hermes-as-young-man,torso.lean,26,1.8,-1.9,-17.2,21.8,0.0099,0.001
hermes-as-young-man,torso.lean,26.083,1.7,-1.6,-17.2,21.8,0.0092,0.001
hermes-as-young-man,torso.lean,26.167,1.3,-4,-17.2,21.8,0.0078,0.001
hermes-as-young-man,torso.lean,26.25,0.9,-5.2,-17.2,21.8,0.0052,0.001
hermes-as-young-man,torso.lean,26.333,0.5,-5.2,-17.2,21.8,0.0026,0
hermes-as-young-man,torso.lean,26.417,0.1,-4,-17.2,21.8,0.0009,0
hermes-as-young-man,torso.lean,26.5,0,-1.6,-17.2,21.8,0.0004,0
hermes-as-young-man,torso.lean,26.583,0,0,-17.2,21.8,0.0003,0
hermes-as-young-man,torso.lean,28.583,-0.2,-2.2,-17.2,21.8,0.0014,0
hermes-as-young-man,torso.lean,28.667,-1.5,-15.4,-17.2,21.8,0.0104,0.006
hermes-as-young-man,torso.lean,28.75,-1.9,-5.1,-17.2,21.8,0.0122,0.002
hermes-as-young-man,torso.lean,28.833,4.5,76.2,-17.2,21.8,0.0389,0.107
hermes-as-young-man,torso.lean,28.917,6.7,27,-17.2,21.8,0.0455,0.047
hermes-as-young-man,torso.lean,29,6.7,0,-17.2,21.8,0.0415,0.003
hermes-as-young-man,torso.lean,29.083,6.3,-4.9,-17.2,21.8,0.0353,0.009
hermes-as-young-man,torso.lean,29.167,6,-3.8,-17.2,21.8,0.0329,0.007
hermes-as-young-man,torso.lean,29.25,5.7,-3.8,-17.2,21.8,0.031,0.006
hermes-as-young-man,torso.lean,29.333,5.4,-3.8,-17.2,21.8,0.0293,0.006
hermes-as-young-man,torso.lean,29.417,5,-3.8,-17.2,21.8,0.0276,0.005
hermes-as-young-man,torso.lean,29.5,4.7,-3.8,-17.2,21.8,0.0259,0.005
hermes-as-young-man,torso.lean,29.583,4.4,-3.8,-17.2,21.8,0.0241,0.004
hermes-as-young-man,torso.lean,29.667,4.1,-3.9,-17.2,21.8,0.0224,0.004
hermes-as-young-man,torso.lean,29.75,-0.1,-50.7,-17.2,21.8,0.0091,0.016
hermes-as-young-man,torso.lean,29.833,-1.5,-16.9,-17.2,21.8,0.0145,0.009
hermes-as-young-man,torso.lean,29.917,2.8,52.8,-17.2,21.8,0.0281,0.053
hermes-as-young-man,torso.lean,30,4.4,18.7,-17.2,21.8,0.0302,0.022
hermes-as-young-man,torso.lean,30.083,4.4,0,-17.2,21.8,0.0275,0.002
hermes-as-young-man,torso.lean,30.167,4.1,-3.4,-17.2,21.8,0.0232,0.004
hermes-as-young-man,torso.lean,30.25,3.9,-3,-17.2,21.8,0.0213,0.003
hermes-as-young-man,torso.lean,30.333,3.6,-3,-17.2,21.8,0.0199,0.003
hermes-as-young-man,torso.lean,30.417,3.4,-3,-17.2,21.8,0.0185,0.003
hermes-as-young-man,torso.lean,30.5,3.1,-3,-17.2,21.8,0.0172,0.002
hermes-as-young-man,torso.lean,30.583,2.9,-3,-17.2,21.8,0.0158,0.002
hermes-as-young-man,torso.lean,30.667,2.5,-4.5,-17.2,21.8,0.014,0.003
hermes-as-young-man,torso.lean,30.75,1.8,-8.3,-17.2,21.8,0.0106,0.003
hermes-as-young-man,torso.lean,30.833,1.4,-4.5,-17.2,21.8,0.0086,0.001
hermes-as-young-man,torso.lean,30.917,-0.8,-26.9,-17.2,21.8,0.0084,0.008
hermes-as-young-man,torso.lean,31,-1.5,-9,-17.2,21.8,0.0117,0.004
hermes-as-young-man,torso.lean,31.083,6.4,95.8,-17.2,21.8,0.0539,0.186
hermes-as-young-man,torso.lean,31.167,7.8,16.4,-17.2,21.8,0.0568,0.039
hermes-as-young-man,torso.lean,31.25,7.2,-7,-17.2,21.8,0.0436,0.014
hermes-as-young-man,torso.lean,31.333,6.9,-4.3,-17.2,21.8,0.038,0.009
hermes-as-young-man,torso.lean,31.417,6.5,-4.3,-17.2,21.8,0.0355,0.008
hermes-as-young-man,torso.lean,31.5,6.1,-4.3,-17.2,21.8,0.0336,0.007
hermes-as-young-man,torso.lean,31.583,5.8,-4.3,-17.2,21.8,0.0316,0.007
hermes-as-young-man,torso.lean,31.667,5.4,-4.3,-17.2,21.8,0.0296,0.006
hermes-as-young-man,torso.lean,31.75,5.1,-4.3,-17.2,21.8,0.0277,0.006
hermes-as-young-man,torso.lean,31.833,4.4,-7.9,-17.2,21.8,0.0247,0.008
hermes-as-young-man,torso.lean,31.917,3.2,-14.6,-17.2,21.8,0.0186,0.01
hermes-as-young-man,torso.lean,32,2.5,-7.9,-17.2,21.8,0.015,0.005
hermes-as-young-man,torso.lean,32.083,-0.7,-38.2,-17.2,21.8,0.009,0.012
hermes-as-young-man,torso.lean,32.167,-1.7,-12.7,-17.2,21.8,0.014,0.007
hermes-as-young-man,torso.lean,32.25,1.5,39.1,-17.2,21.8,0.0177,0.025
hermes-as-young-man,torso.lean,32.333,3.9,27.9,-17.2,21.8,0.0232,0.024
hermes-as-young-man,torso.lean,32.417,5.3,16.8,-17.2,21.8,0.0308,0.02
hermes-as-young-man,torso.lean,32.5,5.7,5.6,-17.2,21.8,0.0333,0.009
hermes-as-young-man,torso.lean,32.583,5.5,-2.6,-17.2,21.8,0.0316,0.005
hermes-as-young-man,torso.lean,32.667,5.3,-2.6,-17.2,21.8,0.029,0.004
hermes-as-young-man,torso.lean,32.75,5.1,-2.6,-17.2,21.8,0.0278,0.004
hermes-as-young-man,torso.lean,32.833,4.9,-2.6,-17.2,21.8,0.0267,0.004
hermes-as-young-man,torso.lean,32.917,4.7,-2.6,-17.2,21.8,0.0255,0.004
hermes-as-young-man,torso.lean,33,4.4,-2.6,-17.2,21.8,0.0243,0.003
hermes-as-young-man,torso.lean,33.083,4.2,-2.6,-17.2,21.8,0.0231,0.003
hermes-as-young-man,torso.lean,33.167,4,-2.6,-17.2,21.8,0.022,0.003
hermes-as-young-man,torso.lean,33.25,3.7,-3.6,-17.2,21.8,0.0205,0.003
hermes-as-young-man,torso.lean,33.333,3,-8.9,-17.2,21.8,0.0172,0.006
hermes-as-young-man,torso.lean,33.417,2,-11.6,-17.2,21.8,0.0115,0.005
hermes-as-young-man,torso.lean,33.5,1,-11.6,-17.2,21.8,0.0057,0.002
hermes-as-young-man,torso.lean,33.583,0.3,-8.9,-17.2,21.8,0.0021,0.001
hermes-as-young-man,torso.lean,33.667,0,-3.6,-17.2,21.8,0.001,0
hermes-as-young-man,torso.lean,33.75,0,0,-17.2,21.8,0.0006,0
hermes-as-young-man,torso.lean,35.5,-1.2,-13.9,-17.2,21.8,0.0088,0.004
hermes-as-young-man,torso.lean,35.583,-1.5,-4.6,-17.2,21.8,0.0101,0.002
hermes-as-young-man,torso.lean,35.667,3.6,62.3,-17.2,21.8,0.0319,0.072
hermes-as-young-man,torso.lean,35.75,5.5,22.1,-17.2,21.8,0.0372,0.032
hermes-as-young-man,torso.lean,35.833,5.5,0,-17.2,21.8,0.034,0.002
hermes-as-young-man,torso.lean,35.917,5.2,-4,-17.2,21.8,0.0289,0.006
hermes-as-young-man,torso.lean,36,4.8,-3.7,-17.2,21.8,0.0266,0.005
hermes-as-young-man,torso.lean,36.083,-0.1,-59.1,-17.2,21.8,0.0103,0.022
hermes-as-young-man,torso.lean,36.167,-1.7,-19.7,-17.2,21.8,0.0165,0.012
hermes-as-young-man,torso.lean,36.25,1,33.1,-17.2,21.8,0.0151,0.018
hermes-as-young-man,torso.lean,36.333,3,23.6,-17.2,21.8,0.0182,0.016
hermes-as-young-man,torso.lean,36.417,4.2,14.2,-17.2,21.8,0.0246,0.013
hermes-as-young-man,torso.lean,36.5,4.6,4.7,-17.2,21.8,0.0268,0.006
hermes-as-young-man,torso.lean,36.583,4.4,-2.1,-17.2,21.8,0.0254,0.003
hermes-as-young-man,torso.lean,36.667,-0.1,-53.6,-17.2,21.8,0.0095,0.018
hermes-as-young-man,torso.lean,36.75,-1.5,-17.9,-17.2,21.8,0.0149,0.01
hermes-as-young-man,torso.lean,36.833,2.8,52.8,-17.2,21.8,0.0282,0.054
hermes-as-young-man,torso.lean,36.917,4.4,18.7,-17.2,21.8,0.0302,0.022
hermes-as-young-man,torso.lean,37,4.4,0,-17.2,21.8,0.0275,0.002
hermes-as-young-man,torso.lean,37.083,4.1,-3.4,-17.2,21.8,0.0232,0.004
hermes-as-young-man,torso.lean,37.167,3.9,-3,-17.2,21.8,0.0213,0.003
hermes-as-young-man,torso.lean,37.25,3.6,-3,-17.2,21.8,0.0199,0.003
hermes-as-young-man,torso.lean,37.333,3.4,-3,-17.2,21.8,0.0185,0.003
hermes-as-young-man,torso.lean,37.417,3.1,-3,-17.2,21.8,0.0172,0.002
hermes-as-young-man,torso.lean,37.5,2.9,-3,-17.2,21.8,0.0158,0.002
hermes-as-young-man,torso.lean,37.583,2.7,-2.6,-17.2,21.8,0.0147,0.002
hermes-as-young-man,torso.lean,37.667,2.1,-6.4,-17.2,21.8,0.0124,0.003
hermes-as-young-man,torso.lean,37.75,1.4,-8.3,-17.2,21.8,0.0083,0.003
hermes-as-young-man,torso.lean,37.833,0.7,-8.3,-17.2,21.8,0.0041,0.001
hermes-as-young-man,torso.lean,37.917,0.2,-6.4,-17.2,21.8,0.0015,0
hermes-as-young-man,torso.lean,38,0,-2.6,-17.2,21.8,0.0007,0
hermes-as-young-man,torso.lean,38.083,-1.2,-13.9,-17.2,21.8,0.0084,0.004
hermes-as-young-man,torso.lean,38.167,-1.5,-4.6,-17.2,21.8,0.0101,0.002
hermes-as-young-man,torso.lean,38.25,5.2,81.5,-17.2,21.8,0.0441,0.129
hermes-as-young-man,torso.lean,38.333,7.7,28.9,-17.2,21.8,0.0512,0.057
hermes-as-young-man,torso.lean,38.417,7.7,0,-17.2,21.8,0.047,0.004
hermes-as-young-man,torso.lean,38.5,7.2,-5.3,-17.2,21.8,0.0404,0.011
hermes-as-young-man,torso.lean,38.583,6.8,-5.2,-17.2,21.8,0.0371,0.009
hermes-as-young-man,torso.lean,38.667,6.4,-5.2,-17.2,21.8,0.0347,0.009
hermes-as-young-man,torso.lean,38.75,5.9,-5.2,-17.2,21.8,0.0324,0.008
hermes-as-young-man,torso.lean,38.833,5.5,-5.2,-17.2,21.8,0.03,0.007
hermes-as-young-man,torso.lean,38.917,5.1,-5.2,-17.2,21.8,0.0277,0.007
hermes-as-young-man,torso.lean,39,4.7,-4.5,-17.2,21.8,0.0257,0.005
hermes-as-young-man,torso.lean,39.083,3.7,-11.2,-17.2,21.8,0.0217,0.009
hermes-as-young-man,torso.lean,39.167,2.5,-14.6,-17.2,21.8,0.0144,0.008
hermes-as-young-man,torso.lean,39.25,1.3,-14.6,-17.2,21.8,0.0072,0.004
hermes-as-young-man,torso.lean,39.333,0.4,-11.2,-17.2,21.8,0.0027,0.001
hermes-as-young-man,torso.lean,39.417,0,-4.5,-17.2,21.8,0.0012,0
hermes-as-young-man,torso.lean,39.5,-1.2,-13.9,-17.2,21.8,0.008,0.004
hermes-as-young-man,torso.lean,39.583,-1.5,-4.6,-17.2,21.8,0.0101,0.002
hermes-as-young-man,torso.lean,39.667,3.6,62.3,-17.2,21.8,0.0319,0.072
hermes-as-young-man,torso.lean,39.75,5.5,22.1,-17.2,21.8,0.0372,0.032
hermes-as-young-man,torso.lean,39.833,5.5,0,-17.2,21.8,0.034,0.002
hermes-as-young-man,torso.lean,39.917,5.2,-4,-17.2,21.8,0.0289,0.006
hermes-as-young-man,torso.lean,40,4.8,-3.7,-17.2,21.8,0.0266,0.005
hermes-as-young-man,torso.lean,40.083,4.5,-3.7,-17.2,21.8,0.0248,0.004
hermes-as-young-man,torso.lean,40.167,4.2,-3.7,-17.2,21.8,0.0231,0.004
hermes-as-young-man,torso.lean,40.25,3.9,-3.7,-17.2,21.8,0.0215,0.004
hermes-as-young-man,torso.lean,40.333,3.6,-3.7,-17.2,21.8,0.0198,0.003
hermes-as-young-man,torso.lean,40.417,3.3,-3.2,-17.2,21.8,0.0184,0.003
hermes-as-young-man,torso.lean,40.5,2.7,-8,-17.2,21.8,0.0155,0.005
hermes-as-young-man,torso.lean,40.583,1.8,-10.4,-17.2,21.8,0.0103,0.004
hermes-as-young-man,torso.lean,40.667,0.9,-10.4,-17.2,21.8,0.0051,0.002
hermes-as-young-man,torso.lean,40.75,0.3,-8,-17.2,21.8,0.0019,0.001
hermes-as-young-man,torso.lean,40.833,0,-3.2,-17.2,21.8,0.0009,0
hermes-as-young-man,torso.lean,40.917,0,0,-17.2,21.8,0.0006,0
hermes-as-young-man,torso.lean,42.25,-1.2,-13.9,-17.2,21.8,0.0088,0.004
hermes-as-young-man,torso.lean,42.333,-1.5,-4.6,-17.2,21.8,0.0101,0.002
hermes-as-young-man,torso.lean,42.417,2.8,52.8,-17.2,21.8,0.0259,0.049
hermes-as-young-man,torso.lean,42.5,4.4,18.7,-17.2,21.8,0.0302,0.022
hermes-as-young-man,torso.lean,42.583,4.4,0,-17.2,21.8,0.0275,0.002
hermes-as-young-man,torso.lean,42.667,4.1,-3.4,-17.2,21.8,0.0232,0.004
hermes-as-young-man,torso.lean,42.75,3.9,-3,-17.2,21.8,0.0213,0.003
hermes-as-young-man,torso.lean,42.833,3.6,-3,-17.2,21.8,0.0199,0.003
hermes-as-young-man,torso.lean,42.917,3.4,-3,-17.2,21.8,0.0185,0.003
hermes-as-young-man,torso.lean,43,3.1,-3,-17.2,21.8,0.0172,0.002
hermes-as-young-man,torso.lean,43.083,2.9,-3,-17.2,21.8,0.0158,0.002
hermes-as-young-man,torso.lean,43.167,2.7,-2.6,-17.2,21.8,0.0147,0.002
hermes-as-young-man,torso.lean,43.25,2.1,-6.4,-17.2,21.8,0.0124,0.003
hermes-as-young-man,torso.lean,43.333,1.4,-8.3,-17.2,21.8,0.0083,0.003
hermes-as-young-man,torso.lean,43.417,0.7,-8.3,-17.2,21.8,0.0041,0.001
hermes-as-young-man,torso.lean,43.5,0.2,-6.4,-17.2,21.8,0.0015,0
hermes-as-young-man,torso.lean,43.583,0,-2.6,-17.2,21.8,0.0007,0
hermes-as-young-man,torso.lean,43.667,0,0,-17.2,21.8,0.0005,0
hermes-as-young-man,torso.lean,45.083,-1.2,-13.9,-17.2,21.8,0.0088,0.004
hermes-as-young-man,torso.lean,45.167,-1.5,-4.6,-17.2,21.8,0.0101,0.002
hermes-as-young-man,torso.lean,45.25,5.2,81.5,-17.2,21.8,0.0441,0.129
hermes-as-young-man,torso.lean,45.333,7.7,28.9,-17.2,21.8,0.0512,0.057
hermes-as-young-man,torso.lean,45.417,7.7,0,-17.2,21.8,0.047,0.004
hermes-as-young-man,torso.lean,45.5,7.2,-5.3,-17.2,21.8,0.0404,0.011
hermes-as-young-man,torso.lean,45.583,6.8,-5.2,-17.2,21.8,0.0371,0.009
hermes-as-young-man,torso.lean,45.667,6.4,-5.2,-17.2,21.8,0.0347,0.009
hermes-as-young-man,torso.lean,45.75,5.9,-5.2,-17.2,21.8,0.0324,0.008
hermes-as-young-man,torso.lean,45.833,5.5,-5.2,-17.2,21.8,0.03,0.007
hermes-as-young-man,torso.lean,45.917,5.1,-5.2,-17.2,21.8,0.0277,0.007
hermes-as-young-man,torso.lean,46,4.7,-4.5,-17.2,21.8,0.0257,0.005
hermes-as-young-man,torso.lean,46.083,3.7,-11.2,-17.2,21.8,0.0217,0.009
hermes-as-young-man,torso.lean,46.167,2.5,-14.6,-17.2,21.8,0.0144,0.008
hermes-as-young-man,torso.lean,46.25,1.3,-14.6,-17.2,21.8,0.0072,0.004
hermes-as-young-man,torso.lean,46.333,0.4,-11.2,-17.2,21.8,0.0027,0.001
hermes-as-young-man,torso.lean,46.417,0,-4.5,-17.2,21.8,0.0012,0
hermes-as-young-man,torso.lean,46.5,0,0,-17.2,21.8,0.0008,0
hermes-as-young-man,torso.lean,48.333,-1.4,-17,-17.2,21.8,0.0108,0.007
hermes-as-young-man,torso.lean,48.417,-1.9,-5.7,-17.2,21.8,0.0124,0.003
hermes-as-young-man,torso.lean,48.5,3.5,64.5,-17.2,21.8,0.0316,0.073
hermes-as-young-man,torso.lean,48.583,5.4,22.9,-17.2,21.8,0.0369,0.032
hermes-as-young-man,torso.lean,48.667,5.4,0,-17.2,21.8,0.0336,0.002
hermes-as-young-man,torso.lean,48.75,5,-4.2,-17.2,21.8,0.0283,0.006
hermes-as-young-man,torso.lean,48.833,4.7,-3.6,-17.2,21.8,0.026,0.005
hermes-as-young-man,torso.lean,48.917,4.4,-3.6,-17.2,21.8,0.0243,0.004
hermes-as-young-man,torso.lean,49,4.1,-3.6,-17.2,21.8,0.0226,0.004
hermes-as-young-man,torso.lean,49.083,3.8,-3.6,-17.2,21.8,0.021,0.004
hermes-as-young-man,torso.lean,49.167,3.5,-3.6,-17.2,21.8,0.0193,0.003
hermes-as-young-man,torso.lean,49.25,3.3,-3.1,-17.2,21.8,0.018,0.003
hermes-as-young-man,torso.lean,49.333,2.6,-7.8,-17.2,21.8,0.0152,0.005
hermes-as-young-man,torso.lean,49.417,1.8,-10.2,-17.2,21.8,0.0101,0.004
hermes-as-young-man,torso.lean,49.5,0.9,-10.2,-17.2,21.8,0.005,0.002
hermes-as-young-man,torso.lean,49.583,0.3,-7.8,-17.2,21.8,0.0019,0.001
hermes-as-young-man,torso.lean,49.667,0,-3.1,-17.2,21.8,0.0008,0
hermes-as-young-man,torso.lean,49.75,0,0,-17.2,21.8,0.0006,0
hermes-as-young-man,torso.lean,50.083,-1.3,-15.5,-17.2,21.8,0.0098,0.005
hermes-as-young-man,torso.lean,50.167,-1.7,-5.2,-17.2,21.8,0.0113,0.002
hermes-as-young-man,torso.lean,50.25,1.5,39.1,-17.2,21.8,0.0163,0.023
hermes-as-young-man,torso.lean,50.333,3.9,27.9,-17.2,21.8,0.0232,0.024
hermes-as-young-man,torso.lean,50.417,5.3,16.8,-17.2,21.8,0.0308,0.02
hermes-as-young-man,torso.lean,50.5,5.7,5.6,-17.2,21.8,0.0333,0.009
hermes-as-young-man,torso.lean,50.583,5.5,-2.6,-17.2,21.8,0.0316,0.005
hermes-as-young-man,torso.lean,50.667,5.3,-2.6,-17.2,21.8,0.029,0.004
hermes-as-young-man,torso.lean,50.75,5.1,-2.6,-17.2,21.8,0.0278,0.004
hermes-as-young-man,torso.lean,50.833,4.9,-2.6,-17.2,21.8,0.0267,0.004
hermes-as-young-man,torso.lean,50.917,4.7,-2.6,-17.2,21.8,0.0255,0.004
hermes-as-young-man,torso.lean,51,4.4,-2.6,-17.2,21.8,0.0243,0.003
hermes-as-young-man,torso.lean,51.083,4.2,-2.6,-17.2,21.8,0.0231,0.003
hermes-as-young-man,torso.lean,51.167,4,-2.6,-17.2,21.8,0.022,0.003
hermes-as-young-man,torso.lean,51.25,3.7,-3.6,-17.2,21.8,0.0205,0.003
hermes-as-young-man,torso.lean,51.333,-0.2,-47.3,-17.2,21.8,0.0091,0.015
hermes-as-young-man,torso.lean,51.417,-1.5,-15.8,-17.2,21.8,0.0141,0.008
hermes-as-young-man,torso.lean,51.5,0.3,21.7,-17.2,21.8,0.0081,0.006
hermes-as-young-man,torso.lean,51.583,1.5,15.5,-17.2,21.8,0.0096,0.005
hermes-as-young-man,torso.lean,51.667,2.3,9.3,-17.2,21.8,0.0138,0.005
hermes-as-young-man,torso.lean,51.75,2.6,3.1,-17.2,21.8,0.0152,0.002
hermes-as-young-man,torso.lean,51.833,2.4,-1.9,-17.2,21.8,0.0142,0.001
hermes-as-young-man,torso.lean,51.917,2.3,-1.9,-17.2,21.8,0.0124,0.001
hermes-as-young-man,torso.lean,52,2.1,-1.9,-17.2,21.8,0.0116,0.001
hermes-as-young-man,torso.lean,52.083,2,-1.9,-17.2,21.8,0.0107,0.001
hermes-as-young-man,torso.lean,52.167,1.8,-1.9,-17.2,21.8,0.0099,0.001
hermes-as-young-man,torso.lean,52.25,1.7,-1.6,-17.2,21.8,0.0092,0.001
hermes-as-young-man,torso.lean,52.333,1.3,-4,-17.2,21.8,0.0078,0.001
hermes-as-young-man,torso.lean,52.417,0.9,-5.2,-17.2,21.8,0.0052,0.001
hermes-as-young-man,torso.lean,52.5,0.5,-5.2,-17.2,21.8,0.0026,0
hermes-as-young-man,torso.lean,52.583,0.1,-4,-17.2,21.8,0.0009,0
hermes-as-young-man,torso.lean,52.667,0,-1.6,-17.2,21.8,0.0004,0
hermes-as-young-man,torso.lean,52.75,0,0,-17.2,21.8,0.0003,0
hermes-as-young-man,torso.lean,55.167,-1.2,-13.9,-17.2,21.8,0.0088,0.004
hermes-as-young-man,torso.lean,55.25,-1.5,-4.6,-17.2,21.8,0.0101,0.002
hermes-as-young-man,torso.lean,55.333,2.8,52.8,-17.2,21.8,0.0259,0.049
hermes-as-young-man,torso.lean,55.417,4.4,18.7,-17.2,21.8,0.0302,0.022
hermes-as-young-man,torso.lean,55.5,4.4,0,-17.2,21.8,0.0275,0.002
hermes-as-young-man,torso.lean,55.583,4.1,-3.4,-17.2,21.8,0.0232,0.004
hermes-as-young-man,torso.lean,55.667,3.9,-3,-17.2,21.8,0.0213,0.003
hermes-as-young-man,torso.lean,55.75,3.6,-3,-17.2,21.8,0.0199,0.003
hermes-as-young-man,torso.lean,55.833,3.4,-3,-17.2,21.8,0.0185,0.003
hermes-as-young-man,torso.lean,55.917,3.1,-3,-17.2,21.8,0.0172,0.002
hermes-as-young-man,torso.lean,56,2.9,-3,-17.2,21.8,0.0158,0.002
hermes-as-young-man,torso.lean,56.083,2.7,-2.6,-17.2,21.8,0.0147,0.002
hermes-as-young-man,torso.lean,56.167,2.1,-6.4,-17.2,21.8,0.0124,0.003
hermes-as-young-man,torso.lean,56.25,1.4,-8.3,-17.2,21.8,0.0083,0.003
hermes-as-young-man,torso.lean,56.333,0.7,-8.3,-17.2,21.8,0.0041,0.001
hermes-as-young-man,torso.lean,56.417,0.2,-6.4,-17.2,21.8,0.0015,0
hermes-as-young-man,torso.lean,56.5,0,-2.6,-17.2,21.8,0.0007,0
hermes-as-young-man,torso.lean,56.583,0,0,-17.2,21.8,0.0005,0
hermes-as-young-man,torso.lean,58.917,-1.2,-13.9,-17.2,21.8,0.0088,0.004
hermes-as-young-man,torso.lean,59,-1.5,-4.6,-17.2,21.8,0.0101,0.002
hermes-as-young-man,torso.lean,59.083,3.6,62,-17.2,21.8,0.0317,0.071
hermes-as-young-man,torso.lean,59.167,4.5,10.6,-17.2,21.8,0.0338,0.015
hermes-as-young-man,torso.lean,59.25,4.1,-4.5,-17.2,21.8,0.0253,0.005
hermes-as-young-man,torso.lean,59.333,3.9,-2.5,-17.2,21.8,0.0218,0.003
hermes-as-young-man,torso.lean,59.417,3.7,-2.5,-17.2,21.8,0.0203,0.003
hermes-as-young-man,torso.lean,59.5,3.5,-2.5,-17.2,21.8,0.0192,0.002
hermes-as-young-man,torso.lean,59.583,3.3,-2.5,-17.2,21.8,0.0181,0.002
hermes-as-young-man,torso.lean,59.667,3.1,-2.5,-17.2,21.8,0.0169,0.002
hermes-as-young-man,torso.lean,59.75,2.9,-2.5,-17.2,21.8,0.0158,0.002
hermes-as-young-man,torso.lean,59.833,2.7,-2.6,-17.2,21.8,0.0147,0.002
hermes-as-young-man,torso.lean,59.917,2.1,-6.4,-17.2,21.8,0.0124,0.003
hermes-as-young-man,torso.lean,60,1.4,-8.3,-17.2,21.8,0.0083,0.003
hermes-as-young-man,torso.lean,60.083,0.7,-8.3,-17.2,21.8,0.0041,0.001
hermes-as-young-man,torso.lean,60.167,0.2,-6.4,-17.2,21.8,0.0015,0
hermes-as-young-man,torso.lean,60.25,0,-2.6,-17.2,21.8,0.0007,0
hermes-as-young-man,torso.lean,60.333,0,0,-17.2,21.8,0.0005,0
hermes-as-young-man,torso.lean,63.5,-1.2,-13.9,-17.2,21.8,0.0088,0.004
hermes-as-young-man,torso.lean,63.583,-1.5,-4.6,-17.2,21.8,0.0101,0.002
hermes-as-young-man,torso.lean,63.667,0.3,21.7,-17.2,21.8,0.0061,0.005
hermes-as-young-man,torso.lean,63.75,1.5,15.5,-17.2,21.8,0.0096,0.005
hermes-as-young-man,torso.lean,63.833,2.3,9.3,-17.2,21.8,0.0138,0.005
hermes-as-young-man,torso.lean,63.917,2.6,3.1,-17.2,21.8,0.0152,0.002
hermes-as-young-man,torso.lean,64,2.4,-1.9,-17.2,21.8,0.0142,0.001
hermes-as-young-man,torso.lean,64.083,2.3,-1.9,-17.2,21.8,0.0124,0.001
hermes-as-young-man,torso.lean,64.167,2.1,-1.9,-17.2,21.8,0.0116,0.001
hermes-as-young-man,torso.lean,64.25,2,-1.9,-17.2,21.8,0.0107,0.001
hermes-as-young-man,torso.lean,64.333,1.8,-1.9,-17.2,21.8,0.0099,0.001
hermes-as-young-man,torso.lean,64.417,1.7,-1.6,-17.2,21.8,0.0092,0.001
hermes-as-young-man,torso.lean,64.5,1.3,-4,-17.2,21.8,0.0078,0.001
hermes-as-young-man,torso.lean,64.583,0.9,-5.2,-17.2,21.8,0.0052,0.001
hermes-as-young-man,torso.lean,64.667,0.5,-5.2,-17.2,21.8,0.0026,0
hermes-as-young-man,torso.lean,64.75,0.1,-4,-17.2,21.8,0.0009,0
hermes-as-young-man,torso.lean,64.833,0,-1.6,-17.2,21.8,0.0004,0
hermes-as-young-man,torso.lean,64.917,0,0,-17.2,21.8,0.0003,0
hermes-as-young-man,torso.lean,68,0,0,-17.2,21.8,0,0
hermes-as-young-man,torso.twist,0,0,0,-31.5,31.5,0,0
hermes-as-young-man,torso.twist,68,0,0,-31.5,31.5,0,0
hermes-as-young-man,torso.roll,0,0,0,-9.2,9.2,0,0
hermes-as-young-man,torso.roll,2.333,-0.3,-3.2,-9.2,9.2,0.002,0
hermes-as-young-man,torso.roll,2.417,-0.9,-7.7,-9.2,9.2,0.0058,0.002
hermes-as-young-man,torso.roll,2.5,-1.7,-9.2,-9.2,9.2,0.0094,0.003
hermes-as-young-man,torso.roll,2.583,-2.3,-7.7,-9.2,9.2,0.0129,0.004
hermes-as-young-man,torso.roll,2.667,-2.6,-3.2,-9.2,9.2,0.0149,0.002
hermes-as-young-man,torso.roll,2.75,-2.5,0.5,-9.2,9.2,0.0145,0.001
hermes-as-young-man,torso.roll,2.833,-2.5,0.5,-9.2,9.2,0.0136,0.001
hermes-as-young-man,torso.roll,2.917,-2.4,0.5,-9.2,9.2,0.0134,0.001
hermes-as-young-man,torso.roll,3,-2.4,0.5,-9.2,9.2,0.0131,0.001
hermes-as-young-man,torso.roll,3.083,-2.4,0.5,-9.2,9.2,0.0129,0.001
hermes-as-young-man,torso.roll,3.167,-2.3,0.5,-9.2,9.2,0.0126,0.001
hermes-as-young-man,torso.roll,3.25,-2.3,0.5,-9.2,9.2,0.0124,0.001
hermes-as-young-man,torso.roll,3.333,-2.2,0.5,-9.2,9.2,0.0121,0.001
hermes-as-young-man,torso.roll,3.417,-2.2,0.5,-9.2,9.2,0.0119,0.001
hermes-as-young-man,torso.roll,3.5,-2.1,0.5,-9.2,9.2,0.0116,0
hermes-as-young-man,torso.roll,3.583,-2.1,0.5,-9.2,9.2,0.0114,0
hermes-as-young-man,torso.roll,3.667,-2,0.5,-9.2,9.2,0.0112,0
hermes-as-young-man,torso.roll,3.75,-2,0.5,-9.2,9.2,0.0109,0
hermes-as-young-man,torso.roll,3.833,-1.9,0.5,-9.2,9.2,0.0107,0
hermes-as-young-man,torso.roll,3.917,-1.9,0.5,-9.2,9.2,0.0104,0
hermes-as-young-man,torso.roll,4,-1.9,0.5,-9.2,9.2,0.0102,0
hermes-as-young-man,torso.roll,4.083,-1.8,0.5,-9.2,9.2,0.0099,0
hermes-as-young-man,torso.roll,4.167,-1.8,0.5,-9.2,9.2,0.0097,0
hermes-as-young-man,torso.roll,4.25,-1.7,0.5,-9.2,9.2,0.0094,0
hermes-as-young-man,torso.roll,4.333,-1.7,0,-9.2,9.2,0.0095,0
hermes-as-young-man,torso.roll,5.083,-1.3,5.4,-9.2,9.2,0.0079,0.002
hermes-as-young-man,torso.roll,5.167,-0.2,12.8,-9.2,9.2,0.0025,0.001
hermes-as-young-man,torso.roll,5.25,1.1,15.3,-9.2,9.2,0.0063,0.003
hermes-as-young-man,torso.roll,5.333,2.1,12.8,-9.2,9.2,0.0121,0.006
hermes-as-young-man,torso.roll,5.417,2.6,5.4,-9.2,9.2,0.0154,0.003
hermes-as-young-man,torso.roll,5.5,2.5,-0.5,-9.2,9.2,0.0149,0.001
hermes-as-young-man,torso.roll,5.583,2.5,-0.5,-9.2,9.2,0.0136,0.001
hermes-as-young-man,torso.roll,5.667,2.4,-0.5,-9.2,9.2,0.0134,0.001
hermes-as-young-man,torso.roll,5.75,2.4,-0.5,-9.2,9.2,0.0131,0.001
hermes-as-young-man,torso.roll,5.833,2.4,-0.5,-9.2,9.2,0.0129,0.001
hermes-as-young-man,torso.roll,5.917,2.3,-0.5,-9.2,9.2,0.0126,0.001
hermes-as-young-man,torso.roll,6,2.3,-0.5,-9.2,9.2,0.0124,0.001
hermes-as-young-man,torso.roll,6.083,2.2,-0.5,-9.2,9.2,0.0121,0.001
hermes-as-young-man,torso.roll,6.167,2.2,-0.5,-9.2,9.2,0.0119,0.001
hermes-as-young-man,torso.roll,6.25,2.1,-0.5,-9.2,9.2,0.0116,0
hermes-as-young-man,torso.roll,6.333,2.1,-0.5,-9.2,9.2,0.0114,0
hermes-as-young-man,torso.roll,6.417,2,-0.5,-9.2,9.2,0.0112,0
hermes-as-young-man,torso.roll,6.5,2,-0.5,-9.2,9.2,0.0109,0
hermes-as-young-man,torso.roll,6.583,1.9,-0.5,-9.2,9.2,0.0107,0
hermes-as-young-man,torso.roll,6.667,1.9,-0.5,-9.2,9.2,0.0104,0
hermes-as-young-man,torso.roll,6.75,1.9,-0.5,-9.2,9.2,0.0102,0
hermes-as-young-man,torso.roll,6.833,1.8,-0.5,-9.2,9.2,0.0099,0
hermes-as-young-man,torso.roll,6.917,1.8,-0.5,-9.2,9.2,0.0097,0
hermes-as-young-man,torso.roll,7,1.7,-0.5,-9.2,9.2,0.0094,0
hermes-as-young-man,torso.roll,7.083,1.7,0,-9.2,9.2,0.0095,0
hermes-as-young-man,torso.roll,9.833,1.4,-3.9,-9.2,9.2,0.0083,0.001
hermes-as-young-man,torso.roll,9.917,1.3,-0.8,-9.2,9.2,0.0079,0
hermes-as-young-man,torso.roll,10,1.2,-1.7,-9.2,9.2,0.0067,0
hermes-as-young-man,torso.roll,10.083,1.1,-1.6,-9.2,9.2,0.0058,0
hermes-as-young-man,torso.roll,10.167,1,-0.7,-9.2,9.2,0.0057,0
hermes-as-young-man,torso.roll,10.25,1.1,1.2,-9.2,9.2,0.0064,0
hermes-as-young-man,torso.roll,10.333,1.5,4.1,-9.2,9.2,0.0085,0.001
hermes-as-young-man,torso.roll,10.417,2,6.3,-9.2,9.2,0.0112,0.003
hermes-as-young-man,torso.roll,10.5,2.6,7.3,-9.2,9.2,0.0143,0.004
hermes-as-young-man,torso.roll,10.583,2,-7.3,-9.2,9.2,0.0134,0.004
hermes-as-young-man,torso.roll,10.667,1.5,-6.3,-9.2,9.2,0.0081,0.002
hermes-as-young-man,torso.roll,10.75,1,-5.3,-9.2,9.2,0.0057,0.001
hermes-as-young-man,torso.roll,10.833,0.6,-4.4,-9.2,9.2,0.0037,0.001
hermes-as-young-man,torso.roll,10.917,0.4,-3.4,-9.2,9.2,0.0022,0
hermes-as-young-man,torso.roll,11,0.2,-2.4,-9.2,9.2,0.0011,0
hermes-as-young-man,torso.roll,11.083,0,-1.5,-9.2,9.2,0.0004,0
hermes-as-young-man,torso.roll,11.167,0,-0.5,-9.2,9.2,0.0002,0
hermes-as-young-man,torso.roll,14.083,0.3,3.2,-9.2,9.2,0.002,0
hermes-as-young-man,torso.roll,14.167,0.9,7.7,-9.2,9.2,0.0058,0.002
hermes-as-young-man,torso.roll,14.25,1.7,9.2,-9.2,9.2,0.0094,0.003
hermes-as-young-man,torso.roll,14.333,2.3,7.7,-9.2,9.2,0.0129,0.004
hermes-as-young-man,torso.roll,14.417,2.6,3.2,-9.2,9.2,0.0149,0.002
hermes-as-young-man,torso.roll,14.5,2.5,-0.5,-9.2,9.2,0.0145,0.001
hermes-as-young-man,torso.roll,14.583,2.5,-0.5,-9.2,9.2,0.0136,0.001
hermes-as-young-man,torso.roll,14.667,2.4,-0.5,-9.2,9.2,0.0134,0.001
hermes-as-young-man,torso.roll,14.75,2.4,-0.5,-9.2,9.2,0.0131,0.001
hermes-as-young-man,torso.roll,14.833,2.4,-0.5,-9.2,9.2,0.0129,0.001
hermes-as-young-man,torso.roll,14.917,2.3,-0.5,-9.2,9.2,0.0126,0.001
hermes-as-young-man,torso.roll,15,2.3,-0.5,-9.2,9.2,0.0124,0.001
hermes-as-young-man,torso.roll,15.083,2.2,-0.5,-9.2,9.2,0.0121,0.001
hermes-as-young-man,torso.roll,15.167,2.2,-0.5,-9.2,9.2,0.0119,0.001
hermes-as-young-man,torso.roll,15.25,2.1,-0.5,-9.2,9.2,0.0116,0
hermes-as-young-man,torso.roll,15.333,2.1,-0.5,-9.2,9.2,0.0114,0
hermes-as-young-man,torso.roll,15.417,2,-0.5,-9.2,9.2,0.0112,0
hermes-as-young-man,torso.roll,15.5,2,-0.5,-9.2,9.2,0.0109,0
hermes-as-young-man,torso.roll,15.583,1.9,-0.5,-9.2,9.2,0.0107,0
hermes-as-young-man,torso.roll,15.667,1.9,-0.5,-9.2,9.2,0.0104,0
hermes-as-young-man,torso.roll,15.75,1.9,-0.5,-9.2,9.2,0.0102,0
hermes-as-young-man,torso.roll,15.833,1.8,-0.5,-9.2,9.2,0.0099,0
hermes-as-young-man,torso.roll,15.917,1.8,-0.5,-9.2,9.2,0.0097,0
hermes-as-young-man,torso.roll,16,1.7,-0.5,-9.2,9.2,0.0094,0
hermes-as-young-man,torso.roll,16.083,1.7,0,-9.2,9.2,0.0095,0
hermes-as-young-man,torso.roll,18.833,1.4,-3.8,-9.2,9.2,0.0084,0.001
hermes-as-young-man,torso.roll,18.917,0.6,-9.5,-9.2,9.2,0.0043,0.001
hermes-as-young-man,torso.roll,19,-0.4,-12.4,-9.2,9.2,0.0029,0.001
hermes-as-young-man,torso.roll,19.083,-1.5,-12.4,-9.2,9.2,0.008,0.004
hermes-as-young-man,torso.roll,19.167,-2.3,-9.5,-9.2,9.2,0.0129,0.005
hermes-as-young-man,torso.roll,19.25,-2.6,-3.8,-9.2,9.2,0.0151,0.002
hermes-as-young-man,torso.roll,19.333,-2.5,0.6,-9.2,9.2,0.0146,0.001
hermes-as-young-man,torso.roll,19.417,-2.5,0.6,-9.2,9.2,0.0136,0.001
hermes-as-young-man,torso.roll,19.5,-2.4,0.6,-9.2,9.2,0.0133,0.001
hermes-as-young-man,torso.roll,19.583,-2.4,0.6,-9.2,9.2,0.0131,0.001
hermes-as-young-man,torso.roll,19.667,-2.3,0.6,-9.2,9.2,0.0128,0.001
hermes-as-young-man,torso.roll,19.75,-2.3,0.6,-9.2,9.2,0.0126,0.001
hermes-as-young-man,torso.roll,19.833,-2.2,0.6,-9.2,9.2,0.0123,0.001
hermes-as-young-man,torso.roll,19.917,-2.2,0.6,-9.2,9.2,0.012,0.001
hermes-as-young-man,torso.roll,20,-2.1,0.6,-9.2,9.2,0.0118,0.001
hermes-as-young-man,torso.roll,20.083,-2.1,0.6,-9.2,9.2,0.0115,0
hermes-as-young-man,torso.roll,20.167,-2.1,0.6,-9.2,9.2,0.0112,0
hermes-as-young-man,torso.roll,20.25,-2,0.6,-9.2,9.2,0.011,0
hermes-as-young-man,torso.roll,20.333,-2,0.6,-9.2,9.2,0.0107,0
hermes-as-young-man,torso.roll,20.417,-1.9,0.6,-9.2,9.2,0.0105,0
hermes-as-young-man,torso.roll,20.5,-1.9,0.6,-9.2,9.2,0.0102,0
hermes-as-young-man,torso.roll,20.583,-1.8,0.6,-9.2,9.2,0.0099,0
hermes-as-young-man,torso.roll,20.667,-1.8,0.6,-9.2,9.2,0.0097,0
hermes-as-young-man,torso.roll,20.75,-1.7,0.6,-9.2,9.2,0.0094,0
hermes-as-young-man,torso.roll,20.833,-1.7,0,-9.2,9.2,0.0095,0
hermes-as-young-man,torso.roll,22,-1.3,5.4,-9.2,9.2,0.0079,0.002
hermes-as-young-man,torso.roll,22.083,-0.2,12.8,-9.2,9.2,0.0025,0.001
hermes-as-young-man,torso.roll,22.167,1.1,15.3,-9.2,9.2,0.0063,0.003
hermes-as-young-man,torso.roll,22.25,2.1,12.8,-9.2,9.2,0.0121,0.006
hermes-as-young-man,torso.roll,22.333,2.6,5.4,-9.2,9.2,0.0154,0.003
hermes-as-young-man,torso.roll,22.417,2.5,-0.5,-9.2,9.2,0.0149,0.001
hermes-as-young-man,torso.roll,22.5,2.5,-0.5,-9.2,9.2,0.0136,0.001
hermes-as-young-man,torso.roll,22.583,2.4,-0.5,-9.2,9.2,0.0134,0.001
hermes-as-young-man,torso.roll,22.667,2.4,-0.5,-9.2,9.2,0.0131,0.001
hermes-as-young-man,torso.roll,22.75,2.4,-0.5,-9.2,9.2,0.0129,0.001
hermes-as-young-man,torso.roll,22.833,2.3,-0.5,-9.2,9.2,0.0126,0.001
hermes-as-young-man,torso.roll,22.917,2.3,-0.5,-9.2,9.2,0.0124,0.001
hermes-as-young-man,torso.roll,23,2.2,-0.5,-9.2,9.2,0.0121,0.001
hermes-as-young-man,torso.roll,23.083,2.2,-0.5,-9.2,9.2,0.0119,0.001
hermes-as-young-man,torso.roll,23.167,2.1,-0.5,-9.2,9.2,0.0116,0
hermes-as-young-man,torso.roll,23.25,2.1,-0.5,-9.2,9.2,0.0114,0
hermes-as-young-man,torso.roll,23.333,2,-0.5,-9.2,9.2,0.0112,0
hermes-as-young-man,torso.roll,23.417,2,-0.5,-9.2,9.2,0.0109,0
hermes-as-young-man,torso.roll,23.5,1.9,-0.5,-9.2,9.2,0.0107,0
hermes-as-young-man,torso.roll,23.583,1.9,-0.5,-9.2,9.2,0.0104,0
hermes-as-young-man,torso.roll,23.667,1.9,-0.5,-9.2,9.2,0.0102,0
hermes-as-young-man,torso.roll,23.75,1.8,-0.5,-9.2,9.2,0.0099,0
hermes-as-young-man,torso.roll,23.833,1.8,-0.5,-9.2,9.2,0.0097,0
hermes-as-young-man,torso.roll,23.917,1.7,-0.5,-9.2,9.2,0.0094,0
hermes-as-young-man,torso.roll,24,1.7,0,-9.2,9.2,0.0095,0
hermes-as-young-man,torso.roll,26.75,1.3,-5.4,-9.2,9.2,0.0079,0.002
hermes-as-young-man,torso.roll,26.833,0.2,-12.8,-9.2,9.2,0.0025,0.001
hermes-as-young-man,torso.roll,26.917,-1.1,-15.3,-9.2,9.2,0.0063,0.003
hermes-as-young-man,torso.roll,27,-2.1,-12.8,-9.2,9.2,0.0121,0.006
hermes-as-young-man,torso.roll,27.083,-2.6,-5.4,-9.2,9.2,0.0154,0.003
hermes-as-young-man,torso.roll,27.167,-2.5,0.5,-9.2,9.2,0.0149,0.001
hermes-as-young-man,torso.roll,27.25,-2.5,0.5,-9.2,9.2,0.0136,0.001
hermes-as-young-man,torso.roll,27.333,-2.4,0.5,-9.2,9.2,0.0134,0.001
hermes-as-young-man,torso.roll,27.417,-2.4,0.5,-9.2,9.2,0.0131,0.001
hermes-as-young-man,torso.roll,27.5,-2.4,0.5,-9.2,9.2,0.0129,0.001
hermes-as-young-man,torso.roll,27.583,-2.3,0.5,-9.2,9.2,0.0126,0.001
hermes-as-young-man,torso.roll,27.667,-2.3,0.5,-9.2,9.2,0.0124,0.001
hermes-as-young-man,torso.roll,27.75,-2.2,0.5,-9.2,9.2,0.0121,0.001
hermes-as-young-man,torso.roll,27.833,-2.2,0.5,-9.2,9.2,0.0119,0.001
hermes-as-young-man,torso.roll,27.917,-2.1,0.5,-9.2,9.2,0.0116,0
hermes-as-young-man,torso.roll,28,-2.1,0.5,-9.2,9.2,0.0114,0
hermes-as-young-man,torso.roll,28.083,-2,0.5,-9.2,9.2,0.0112,0
hermes-as-young-man,torso.roll,28.167,-2,0.5,-9.2,9.2,0.0109,0
hermes-as-young-man,torso.roll,28.25,-1.9,0.5,-9.2,9.2,0.0107,0
hermes-as-young-man,torso.roll,28.333,-1.9,0.5,-9.2,9.2,0.0104,0
hermes-as-young-man,torso.roll,28.417,-1.9,0.5,-9.2,9.2,0.0102,0
hermes-as-young-man,torso.roll,28.5,-1.8,0.5,-9.2,9.2,0.0099,0
hermes-as-young-man,torso.roll,28.583,-1.8,0.5,-9.2,9.2,0.0097,0
hermes-as-young-man,torso.roll,28.667,-1.7,0.5,-9.2,9.2,0.0094,0
hermes-as-young-man,torso.roll,28.75,-1.7,0,-9.2,9.2,0.0095,0
hermes-as-young-man,torso.roll,29.417,-1.4,3.8,-9.2,9.2,0.0084,0.001
hermes-as-young-man,torso.roll,29.5,-0.6,9.5,-9.2,9.2,0.0043,0.001
hermes-as-young-man,torso.roll,29.583,0.4,12.4,-9.2,9.2,0.0029,0.001
hermes-as-young-man,torso.roll,29.667,1.5,12.4,-9.2,9.2,0.008,0.004
hermes-as-young-man,torso.roll,29.75,2.3,9.5,-9.2,9.2,0.0129,0.005
hermes-as-young-man,torso.roll,29.833,2.6,3.8,-9.2,9.2,0.0151,0.002
hermes-as-young-man,torso.roll,29.917,2.5,-0.6,-9.2,9.2,0.0146,0.001
hermes-as-young-man,torso.roll,30,2.5,-0.6,-9.2,9.2,0.0136,0.001
hermes-as-young-man,torso.roll,30.083,2.4,-0.6,-9.2,9.2,0.0133,0.001
hermes-as-young-man,torso.roll,30.167,2.4,-0.6,-9.2,9.2,0.0131,0.001
hermes-as-young-man,torso.roll,30.25,2.3,-0.6,-9.2,9.2,0.0128,0.001
hermes-as-young-man,torso.roll,30.333,2.3,-0.6,-9.2,9.2,0.0126,0.001
hermes-as-young-man,torso.roll,30.417,2.2,-0.6,-9.2,9.2,0.0123,0.001
hermes-as-young-man,torso.roll,30.5,2.2,-0.6,-9.2,9.2,0.012,0.001
hermes-as-young-man,torso.roll,30.583,2.1,-0.6,-9.2,9.2,0.0118,0.001
hermes-as-young-man,torso.roll,30.667,2.1,-0.6,-9.2,9.2,0.0115,0
hermes-as-young-man,torso.roll,30.75,2.1,-0.6,-9.2,9.2,0.0112,0
hermes-as-young-man,torso.roll,30.833,2,-0.6,-9.2,9.2,0.011,0
hermes-as-young-man,torso.roll,30.917,2,-0.6,-9.2,9.2,0.0107,0
hermes-as-young-man,torso.roll,31,1.9,-0.6,-9.2,9.2,0.0105,0
hermes-as-young-man,torso.roll,31.083,1.9,-0.6,-9.2,9.2,0.0102,0
hermes-as-young-man,torso.roll,31.167,1.8,-0.6,-9.2,9.2,0.0099,0
hermes-as-young-man,torso.roll,31.25,1.8,-0.6,-9.2,9.2,0.0097,0
hermes-as-young-man,torso.roll,31.333,1.7,-0.6,-9.2,9.2,0.0094,0
hermes-as-young-man,torso.roll,31.417,1.7,0,-9.2,9.2,0.0095,0
hermes-as-young-man,torso.roll,33.917,1.3,-5.4,-9.2,9.2,0.0079,0.002
hermes-as-young-man,torso.roll,34,0.2,-12.8,-9.2,9.2,0.0025,0.001
hermes-as-young-man,torso.roll,34.083,-1.1,-15.3,-9.2,9.2,0.0063,0.003
hermes-as-young-man,torso.roll,34.167,-2.1,-12.8,-9.2,9.2,0.0121,0.006
hermes-as-young-man,torso.roll,34.25,-2.6,-5.4,-9.2,9.2,0.0154,0.003
hermes-as-young-man,torso.roll,34.333,-2.5,0.5,-9.2,9.2,0.0149,0.001
hermes-as-young-man,torso.roll,34.417,-2.5,0.5,-9.2,9.2,0.0136,0.001
hermes-as-young-man,torso.roll,34.5,-2.4,0.5,-9.2,9.2,0.0134,0.001
hermes-as-young-man,torso.roll,34.583,-2.4,0.5,-9.2,9.2,0.0131,0.001
hermes-as-young-man,torso.roll,34.667,-2.4,0.5,-9.2,9.2,0.0129,0.001
hermes-as-young-man,torso.roll,34.75,-2.3,0.5,-9.2,9.2,0.0126,0.001
hermes-as-young-man,torso.roll,34.833,-2.3,0.5,-9.2,9.2,0.0124,0.001
hermes-as-young-man,torso.roll,34.917,-2.2,0.5,-9.2,9.2,0.0121,0.001
hermes-as-young-man,torso.roll,35,-2.2,0.5,-9.2,9.2,0.0119,0.001
hermes-as-young-man,torso.roll,35.083,-2.1,0.5,-9.2,9.2,0.0116,0
hermes-as-young-man,torso.roll,35.167,-2.1,0.5,-9.2,9.2,0.0114,0
hermes-as-young-man,torso.roll,35.25,-2,0.5,-9.2,9.2,0.0112,0
hermes-as-young-man,torso.roll,35.333,-2,0.5,-9.2,9.2,0.0109,0
hermes-as-young-man,torso.roll,35.417,-1.9,0.5,-9.2,9.2,0.0107,0
hermes-as-young-man,torso.roll,35.5,-1.9,0.5,-9.2,9.2,0.0104,0
hermes-as-young-man,torso.roll,35.583,-1.9,0.5,-9.2,9.2,0.0102,0
hermes-as-young-man,torso.roll,35.667,-1.8,0.5,-9.2,9.2,0.0099,0
hermes-as-young-man,torso.roll,35.75,-1.8,0.5,-9.2,9.2,0.0097,0
hermes-as-young-man,torso.roll,35.833,-1.7,0.5,-9.2,9.2,0.0094,0
hermes-as-young-man,torso.roll,35.917,-1.7,0,-9.2,9.2,0.0095,0
hermes-as-young-man,torso.roll,36.833,-1.3,5.4,-9.2,9.2,0.0079,0.002
hermes-as-young-man,torso.roll,36.917,-0.2,12.8,-9.2,9.2,0.0025,0.001
hermes-as-young-man,torso.roll,37,1.1,15.3,-9.2,9.2,0.0063,0.003
hermes-as-young-man,torso.roll,37.083,2.1,12.8,-9.2,9.2,0.0121,0.006
hermes-as-young-man,torso.roll,37.167,2.6,5.4,-9.2,9.2,0.0154,0.003
hermes-as-young-man,torso.roll,37.25,2.5,-0.5,-9.2,9.2,0.0149,0.001
hermes-as-young-man,torso.roll,37.333,2.5,-0.5,-9.2,9.2,0.0136,0.001
hermes-as-young-man,torso.roll,37.417,2.4,-0.5,-9.2,9.2,0.0134,0.001
hermes-as-young-man,torso.roll,37.5,2.4,-0.5,-9.2,9.2,0.0131,0.001
hermes-as-young-man,torso.roll,37.583,2.4,-0.5,-9.2,9.2,0.0129,0.001
hermes-as-young-man,torso.roll,37.667,2.3,-0.5,-9.2,9.2,0.0126,0.001
hermes-as-young-man,torso.roll,37.75,2.3,-0.5,-9.2,9.2,0.0124,0.001
hermes-as-young-man,torso.roll,37.833,2.2,-0.5,-9.2,9.2,0.0121,0.001
hermes-as-young-man,torso.roll,37.917,2.2,-0.5,-9.2,9.2,0.0119,0.001
hermes-as-young-man,torso.roll,38,2.1,-0.5,-9.2,9.2,0.0116,0
hermes-as-young-man,torso.roll,38.083,2.1,-0.5,-9.2,9.2,0.0114,0
hermes-as-young-man,torso.roll,38.167,2,-0.5,-9.2,9.2,0.0112,0
hermes-as-young-man,torso.roll,38.25,2,-0.5,-9.2,9.2,0.0109,0
hermes-as-young-man,torso.roll,38.333,1.9,-0.5,-9.2,9.2,0.0107,0
hermes-as-young-man,torso.roll,38.417,1.9,-0.5,-9.2,9.2,0.0104,0
hermes-as-young-man,torso.roll,38.5,1.9,-0.5,-9.2,9.2,0.0102,0
hermes-as-young-man,torso.roll,38.583,1.8,-0.5,-9.2,9.2,0.0099,0
hermes-as-young-man,torso.roll,38.667,1.8,-0.5,-9.2,9.2,0.0097,0
hermes-as-young-man,torso.roll,38.75,1.7,-0.5,-9.2,9.2,0.0094,0
hermes-as-young-man,torso.roll,38.833,1.7,0,-9.2,9.2,0.0095,0
hermes-as-young-man,torso.roll,39.75,1.3,-5.4,-9.2,9.2,0.0079,0.002
hermes-as-young-man,torso.roll,39.833,0.2,-12.8,-9.2,9.2,0.0025,0.001
hermes-as-young-man,torso.roll,39.917,-1.1,-15.3,-9.2,9.2,0.0063,0.003
hermes-as-young-man,torso.roll,40,-2.1,-12.8,-9.2,9.2,0.0121,0.006
hermes-as-young-man,torso.roll,40.083,-2.6,-5.4,-9.2,9.2,0.0154,0.003
hermes-as-young-man,torso.roll,40.167,-2.5,0.5,-9.2,9.2,0.0149,0.001
hermes-as-young-man,torso.roll,40.25,-2.5,0.5,-9.2,9.2,0.0136,0.001
hermes-as-young-man,torso.roll,40.333,-2.4,0.5,-9.2,9.2,0.0134,0.001
hermes-as-young-man,torso.roll,40.417,-2.4,0.5,-9.2,9.2,0.0131,0.001
hermes-as-young-man,torso.roll,40.5,-2.4,0.5,-9.2,9.2,0.0129,0.001
hermes-as-young-man,torso.roll,40.583,-2.3,0.5,-9.2,9.2,0.0126,0.001
hermes-as-young-man,torso.roll,40.667,-2.3,0.5,-9.2,9.2,0.0124,0.001
hermes-as-young-man,torso.roll,40.75,-2.2,0.5,-9.2,9.2,0.0121,0.001
hermes-as-young-man,torso.roll,40.833,-2.2,0.5,-9.2,9.2,0.0119,0.001
hermes-as-young-man,torso.roll,40.917,-2.1,0.5,-9.2,9.2,0.0116,0
hermes-as-young-man,torso.roll,41,-2.1,0.5,-9.2,9.2,0.0114,0
hermes-as-young-man,torso.roll,41.083,-2,0.5,-9.2,9.2,0.0112,0
hermes-as-young-man,torso.roll,41.167,-2,0.5,-9.2,9.2,0.0109,0
hermes-as-young-man,torso.roll,41.25,-1.9,0.5,-9.2,9.2,0.0107,0
hermes-as-young-man,torso.roll,41.333,-1.9,0.5,-9.2,9.2,0.0104,0
hermes-as-young-man,torso.roll,41.417,-1.9,0.5,-9.2,9.2,0.0102,0
hermes-as-young-man,torso.roll,41.5,-1.8,0.5,-9.2,9.2,0.0099,0
hermes-as-young-man,torso.roll,41.583,-1.8,0.5,-9.2,9.2,0.0097,0
hermes-as-young-man,torso.roll,41.667,-1.7,0.5,-9.2,9.2,0.0094,0
hermes-as-young-man,torso.roll,41.75,-1.7,0,-9.2,9.2,0.0095,0
hermes-as-young-man,torso.roll,43.75,-1.4,3.8,-9.2,9.2,0.0084,0.001
hermes-as-young-man,torso.roll,43.833,-0.6,9.5,-9.2,9.2,0.0043,0.001
hermes-as-young-man,torso.roll,43.917,0.4,12.4,-9.2,9.2,0.0029,0.001
hermes-as-young-man,torso.roll,44,1.5,12.4,-9.2,9.2,0.008,0.004
hermes-as-young-man,torso.roll,44.083,2.3,9.5,-9.2,9.2,0.0129,0.005
hermes-as-young-man,torso.roll,44.167,2.6,3.8,-9.2,9.2,0.0151,0.002
hermes-as-young-man,torso.roll,44.25,2.5,-0.6,-9.2,9.2,0.0146,0.001
hermes-as-young-man,torso.roll,44.333,2.5,-0.6,-9.2,9.2,0.0136,0.001
hermes-as-young-man,torso.roll,44.417,2.4,-0.6,-9.2,9.2,0.0133,0.001
hermes-as-young-man,torso.roll,44.5,2.4,-0.6,-9.2,9.2,0.0131,0.001
hermes-as-young-man,torso.roll,44.583,2.3,-0.6,-9.2,9.2,0.0128,0.001
hermes-as-young-man,torso.roll,44.667,2.3,-0.6,-9.2,9.2,0.0126,0.001
hermes-as-young-man,torso.roll,44.75,2.2,-0.6,-9.2,9.2,0.0123,0.001
hermes-as-young-man,torso.roll,44.833,2.2,-0.6,-9.2,9.2,0.012,0.001
hermes-as-young-man,torso.roll,44.917,2.1,-0.6,-9.2,9.2,0.0118,0.001
hermes-as-young-man,torso.roll,45,2.1,-0.6,-9.2,9.2,0.0115,0
hermes-as-young-man,torso.roll,45.083,2.1,-0.6,-9.2,9.2,0.0112,0
hermes-as-young-man,torso.roll,45.167,2,-0.6,-9.2,9.2,0.011,0
hermes-as-young-man,torso.roll,45.25,2,-0.6,-9.2,9.2,0.0107,0
hermes-as-young-man,torso.roll,45.333,1.9,-0.6,-9.2,9.2,0.0105,0
hermes-as-young-man,torso.roll,45.417,1.9,-0.6,-9.2,9.2,0.0102,0
hermes-as-young-man,torso.roll,45.5,1.8,-0.6,-9.2,9.2,0.0099,0
hermes-as-young-man,torso.roll,45.583,1.8,-0.6,-9.2,9.2,0.0097,0
hermes-as-young-man,torso.roll,45.667,1.7,-0.6,-9.2,9.2,0.0094,0
hermes-as-young-man,torso.roll,45.75,1.7,0,-9.2,9.2,0.0095,0
hermes-as-young-man,torso.roll,48.667,1.3,-5.4,-9.2,9.2,0.0079,0.002
hermes-as-young-man,torso.roll,48.75,0.2,-12.8,-9.2,9.2,0.0025,0.001
hermes-as-young-man,torso.roll,48.833,-1.1,-15.3,-9.2,9.2,0.0063,0.003
hermes-as-young-man,torso.roll,48.917,-2.1,-12.8,-9.2,9.2,0.0121,0.006
hermes-as-young-man,torso.roll,49,-2.6,-5.4,-9.2,9.2,0.0154,0.003
hermes-as-young-man,torso.roll,49.083,-2.5,0.5,-9.2,9.2,0.0149,0.001
hermes-as-young-man,torso.roll,49.167,-2.5,0.5,-9.2,9.2,0.0136,0.001
hermes-as-young-man,torso.roll,49.25,-2.4,0.5,-9.2,9.2,0.0134,0.001
hermes-as-young-man,torso.roll,49.333,-2.4,0.5,-9.2,9.2,0.0131,0.001
hermes-as-young-man,torso.roll,49.417,-2.4,0.5,-9.2,9.2,0.0129,0.001
hermes-as-young-man,torso.roll,49.5,-2.3,0.5,-9.2,9.2,0.0126,0.001
hermes-as-young-man,torso.roll,49.583,-2.3,0.5,-9.2,9.2,0.0124,0.001
hermes-as-young-man,torso.roll,49.667,-2.2,0.5,-9.2,9.2,0.0121,0.001
hermes-as-young-man,torso.roll,49.75,-2.2,0.5,-9.2,9.2,0.0119,0.001
hermes-as-young-man,torso.roll,49.833,-2.1,0.5,-9.2,9.2,0.0116,0
hermes-as-young-man,torso.roll,49.917,-2.1,0.5,-9.2,9.2,0.0114,0
hermes-as-young-man,torso.roll,50,-2,0.5,-9.2,9.2,0.0112,0
hermes-as-young-man,torso.roll,50.083,-2,0.5,-9.2,9.2,0.0109,0
hermes-as-young-man,torso.roll,50.167,-1.9,0.5,-9.2,9.2,0.0107,0
hermes-as-young-man,torso.roll,50.25,-1.9,0.5,-9.2,9.2,0.0104,0
hermes-as-young-man,torso.roll,50.333,-1.9,0.5,-9.2,9.2,0.0102,0
hermes-as-young-man,torso.roll,50.417,-1.8,0.5,-9.2,9.2,0.0099,0
hermes-as-young-man,torso.roll,50.5,-1.8,0.5,-9.2,9.2,0.0097,0
hermes-as-young-man,torso.roll,50.583,-1.7,0.5,-9.2,9.2,0.0094,0
hermes-as-young-man,torso.roll,50.667,-1.7,0,-9.2,9.2,0.0095,0
hermes-as-young-man,torso.roll,51.833,-1.3,5.4,-9.2,9.2,0.0079,0.002
hermes-as-young-man,torso.roll,51.917,-0.2,12.8,-9.2,9.2,0.0025,0.001
hermes-as-young-man,torso.roll,52,1.1,15.3,-9.2,9.2,0.0063,0.003
hermes-as-young-man,torso.roll,52.083,2.1,12.8,-9.2,9.2,0.0121,0.006
hermes-as-young-man,torso.roll,52.167,2.6,5.4,-9.2,9.2,0.0154,0.003
hermes-as-young-man,torso.roll,52.25,2.5,-0.5,-9.2,9.2,0.0149,0.001
hermes-as-young-man,torso.roll,52.333,2.5,-0.5,-9.2,9.2,0.0136,0.001
hermes-as-young-man,torso.roll,52.417,2.4,-0.5,-9.2,9.2,0.0134,0.001
hermes-as-young-man,torso.roll,52.5,2.4,-0.5,-9.2,9.2,0.0131,0.001
hermes-as-young-man,torso.roll,52.583,2.4,-0.5,-9.2,9.2,0.0129,0.001
hermes-as-young-man,torso.roll,52.667,2.3,-0.5,-9.2,9.2,0.0126,0.001
hermes-as-young-man,torso.roll,52.75,2.3,-0.5,-9.2,9.2,0.0124,0.001
hermes-as-young-man,torso.roll,52.833,2.2,-0.5,-9.2,9.2,0.0121,0.001
hermes-as-young-man,torso.roll,52.917,2.2,-0.5,-9.2,9.2,0.0119,0.001
hermes-as-young-man,torso.roll,53,2.1,-0.5,-9.2,9.2,0.0116,0
hermes-as-young-man,torso.roll,53.083,2.1,-0.5,-9.2,9.2,0.0114,0
hermes-as-young-man,torso.roll,53.167,2,-0.5,-9.2,9.2,0.0112,0
hermes-as-young-man,torso.roll,53.25,2,-0.5,-9.2,9.2,0.0109,0
hermes-as-young-man,torso.roll,53.333,1.9,-0.5,-9.2,9.2,0.0107,0
hermes-as-young-man,torso.roll,53.417,1.9,-0.5,-9.2,9.2,0.0104,0
hermes-as-young-man,torso.roll,53.5,1.9,-0.5,-9.2,9.2,0.0102,0
hermes-as-young-man,torso.roll,53.583,1.8,-0.5,-9.2,9.2,0.0099,0
hermes-as-young-man,torso.roll,53.667,1.8,-0.5,-9.2,9.2,0.0097,0
hermes-as-young-man,torso.roll,53.75,1.7,-0.5,-9.2,9.2,0.0094,0
hermes-as-young-man,torso.roll,53.833,1.7,0,-9.2,9.2,0.0095,0
hermes-as-young-man,torso.roll,55.417,1.3,-5.4,-9.2,9.2,0.0079,0.002
hermes-as-young-man,torso.roll,55.5,0.2,-12.8,-9.2,9.2,0.0025,0.001
hermes-as-young-man,torso.roll,55.583,-1.1,-15.3,-9.2,9.2,0.0063,0.003
hermes-as-young-man,torso.roll,55.667,-2.1,-12.8,-9.2,9.2,0.0121,0.006
hermes-as-young-man,torso.roll,55.75,-2.6,-5.4,-9.2,9.2,0.0154,0.003
hermes-as-young-man,torso.roll,55.833,-2.5,0.5,-9.2,9.2,0.0149,0.001
hermes-as-young-man,torso.roll,55.917,-2.5,0.5,-9.2,9.2,0.0136,0.001
hermes-as-young-man,torso.roll,56,-2.4,0.5,-9.2,9.2,0.0134,0.001
hermes-as-young-man,torso.roll,56.083,-2.4,0.5,-9.2,9.2,0.0131,0.001
hermes-as-young-man,torso.roll,56.167,-2.4,0.5,-9.2,9.2,0.0129,0.001
hermes-as-young-man,torso.roll,56.25,-2.3,0.5,-9.2,9.2,0.0126,0.001
hermes-as-young-man,torso.roll,56.333,-2.3,0.5,-9.2,9.2,0.0124,0.001
hermes-as-young-man,torso.roll,56.417,-2.2,0.5,-9.2,9.2,0.0121,0.001
hermes-as-young-man,torso.roll,56.5,-2.2,0.5,-9.2,9.2,0.0119,0.001
hermes-as-young-man,torso.roll,56.583,-2.1,0.5,-9.2,9.2,0.0116,0
hermes-as-young-man,torso.roll,56.667,-2.1,0.5,-9.2,9.2,0.0114,0
hermes-as-young-man,torso.roll,56.75,-2,0.5,-9.2,9.2,0.0112,0
hermes-as-young-man,torso.roll,56.833,-2,0.5,-9.2,9.2,0.0109,0
hermes-as-young-man,torso.roll,56.917,-1.9,0.5,-9.2,9.2,0.0107,0
hermes-as-young-man,torso.roll,57,-1.9,0.5,-9.2,9.2,0.0104,0
hermes-as-young-man,torso.roll,57.083,-1.9,0.5,-9.2,9.2,0.0102,0
hermes-as-young-man,torso.roll,57.167,-1.8,0.5,-9.2,9.2,0.0099,0
hermes-as-young-man,torso.roll,57.25,-1.8,0.5,-9.2,9.2,0.0097,0
hermes-as-young-man,torso.roll,57.333,-1.7,0.5,-9.2,9.2,0.0094,0
hermes-as-young-man,torso.roll,57.417,-1.7,0,-9.2,9.2,0.0095,0
hermes-as-young-man,torso.roll,59.583,-1.3,5.4,-9.2,9.2,0.0079,0.002
hermes-as-young-man,torso.roll,59.667,-0.2,12.8,-9.2,9.2,0.0025,0.001
hermes-as-young-man,torso.roll,59.75,1.1,15.3,-9.2,9.2,0.0063,0.003
hermes-as-young-man,torso.roll,59.833,2.1,12.8,-9.2,9.2,0.0121,0.006
hermes-as-young-man,torso.roll,59.917,2.6,5.4,-9.2,9.2,0.0154,0.003
hermes-as-young-man,torso.roll,60,2.5,-0.5,-9.2,9.2,0.0149,0.001
hermes-as-young-man,torso.roll,60.083,2.5,-0.5,-9.2,9.2,0.0136,0.001
hermes-as-young-man,torso.roll,60.167,2.4,-0.5,-9.2,9.2,0.0134,0.001
hermes-as-young-man,torso.roll,60.25,2.4,-0.5,-9.2,9.2,0.0131,0.001
hermes-as-young-man,torso.roll,60.333,2.4,-0.5,-9.2,9.2,0.0129,0.001
hermes-as-young-man,torso.roll,60.417,2.3,-0.5,-9.2,9.2,0.0126,0.001
hermes-as-young-man,torso.roll,60.5,2.3,-0.5,-9.2,9.2,0.0124,0.001
hermes-as-young-man,torso.roll,60.583,2.2,-0.5,-9.2,9.2,0.0121,0.001
hermes-as-young-man,torso.roll,60.667,2.2,-0.5,-9.2,9.2,0.0119,0.001
hermes-as-young-man,torso.roll,60.75,2.1,-0.5,-9.2,9.2,0.0116,0
hermes-as-young-man,torso.roll,60.833,2.1,-0.5,-9.2,9.2,0.0114,0
hermes-as-young-man,torso.roll,60.917,2,-0.5,-9.2,9.2,0.0112,0
hermes-as-young-man,torso.roll,61,2,-0.5,-9.2,9.2,0.0109,0
hermes-as-young-man,torso.roll,61.083,1.9,-0.5,-9.2,9.2,0.0107,0
hermes-as-young-man,torso.roll,61.167,1.9,-0.5,-9.2,9.2,0.0104,0
hermes-as-young-man,torso.roll,61.25,1.9,-0.5,-9.2,9.2,0.0102,0
hermes-as-young-man,torso.roll,61.333,1.8,-0.5,-9.2,9.2,0.0099,0
hermes-as-young-man,torso.roll,61.417,1.8,-0.5,-9.2,9.2,0.0097,0
hermes-as-young-man,torso.roll,61.5,1.7,-0.5,-9.2,9.2,0.0094,0
hermes-as-young-man,torso.roll,61.583,1.7,0,-9.2,9.2,0.0095,0
hermes-as-young-man,torso.roll,63.417,1.3,-5.4,-9.2,9.2,0.0079,0.002
hermes-as-young-man,torso.roll,63.5,0.2,-12.8,-9.2,9.2,0.0025,0.001
hermes-as-young-man,torso.roll,63.583,-1.1,-15.3,-9.2,9.2,0.0063,0.003
hermes-as-young-man,torso.roll,63.667,-2.1,-12.8,-9.2,9.2,0.0121,0.006
hermes-as-young-man,torso.roll,63.75,-2.6,-5.4,-9.2,9.2,0.0154,0.003
hermes-as-young-man,torso.roll,63.833,-2.5,0.5,-9.2,9.2,0.0149,0.001
hermes-as-young-man,torso.roll,63.917,-2.5,0.5,-9.2,9.2,0.0136,0.001
hermes-as-young-man,torso.roll,64,-2.4,0.5,-9.2,9.2,0.0134,0.001
hermes-as-young-man,torso.roll,64.083,-2.4,0.5,-9.2,9.2,0.0131,0.001
hermes-as-young-man,torso.roll,64.167,-2.4,0.5,-9.2,9.2,0.0129,0.001
hermes-as-young-man,torso.roll,64.25,-2.3,0.5,-9.2,9.2,0.0126,0.001
hermes-as-young-man,torso.roll,64.333,-2.3,0.5,-9.2,9.2,0.0124,0.001
hermes-as-young-man,torso.roll,64.417,-2.2,0.5,-9.2,9.2,0.0121,0.001
hermes-as-young-man,torso.roll,64.5,-2.2,0.5,-9.2,9.2,0.0119,0.001
hermes-as-young-man,torso.roll,64.583,-2.1,0.5,-9.2,9.2,0.0116,0
hermes-as-young-man,torso.roll,64.667,-2.1,0.5,-9.2,9.2,0.0114,0
hermes-as-young-man,torso.roll,64.75,-2,0.5,-9.2,9.2,0.0112,0
hermes-as-young-man,torso.roll,64.833,-2,0.5,-9.2,9.2,0.0109,0
hermes-as-young-man,torso.roll,64.917,-1.9,0.5,-9.2,9.2,0.0107,0
hermes-as-young-man,torso.roll,65,-1.9,0.5,-9.2,9.2,0.0104,0
hermes-as-young-man,torso.roll,65.083,-1.9,0.5,-9.2,9.2,0.0102,0
hermes-as-young-man,torso.roll,65.167,-1.8,0.5,-9.2,9.2,0.0099,0
hermes-as-young-man,torso.roll,65.25,-1.8,0.5,-9.2,9.2,0.0097,0
hermes-as-young-man,torso.roll,65.333,-1.7,0.5,-9.2,9.2,0.0094,0
hermes-as-young-man,torso.roll,65.417,-1.7,0,-9.2,9.2,0.0095,0
hermes-as-young-man,torso.roll,68,-1.7,0,-9.2,9.2,0.0094,0
hermes-as-young-man,head.yaw,0,0,0,-83.1,83.1,0,0
hermes-as-young-man,head.yaw,68,0,0,-83.1,83.1,0,0
hermes-as-young-man,head.pitch,0,0,0,-12.6,12.6,0,0
hermes-as-young-man,head.pitch,0.333,-0.1,-0.6,-12.6,12.6,0.0001,0
hermes-as-young-man,head.pitch,0.417,-0.2,-0.8,-12.6,12.6,0.0001,0
hermes-as-young-man,head.pitch,0.5,-0.3,-0.9,-12.6,12.6,0.0001,0
hermes-as-young-man,head.pitch,0.583,-0.3,-1,-12.6,12.6,0.0001,0
hermes-as-young-man,head.pitch,0.667,-0.4,-1.1,-12.6,12.6,0.0002,0
hermes-as-young-man,head.pitch,0.75,-0.5,-1.1,-12.6,12.6,0.0002,0
hermes-as-young-man,head.pitch,0.833,-0.6,-1.1,-12.6,12.6,0.0003,0
hermes-as-young-man,head.pitch,0.917,-0.7,-1.2,-12.6,12.6,0.0003,0
hermes-as-young-man,head.pitch,1,-0.8,-1.2,-12.6,12.6,0.0003,0
hermes-as-young-man,head.pitch,1.083,-0.9,-1.1,-12.6,12.6,0.0004,0
hermes-as-young-man,head.pitch,1.167,-1,-1.1,-12.6,12.6,0.0004,0
hermes-as-young-man,head.pitch,1.25,-1.1,-1.1,-12.6,12.6,0.0004,0
hermes-as-young-man,head.pitch,1.333,-1.2,-1,-12.6,12.6,0.0005,0
hermes-as-young-man,head.pitch,1.417,-1.2,-0.9,-12.6,12.6,0.0005,0
hermes-as-young-man,head.pitch,1.5,-1.3,-0.8,-12.6,12.6,0.0005,0
hermes-as-young-man,head.pitch,1.583,-1.4,-0.6,-12.6,12.6,0.0006,0
hermes-as-young-man,head.pitch,1.667,-1.4,-0.5,-12.6,12.6,0.0006,0
hermes-as-young-man,head.pitch,2.083,-1.3,0.7,-12.6,12.6,0.0005,0
hermes-as-young-man,head.pitch,2.167,-1.3,0.9,-12.6,12.6,0.0005,0
hermes-as-young-man,head.pitch,2.25,-1.2,1.1,-12.6,12.6,0.0005,0
hermes-as-young-man,head.pitch,2.333,-1.1,1.2,-12.6,12.6,0.0004,0
hermes-as-young-man,head.pitch,2.417,-1,1.3,-12.6,12.6,0.0004,0
hermes-as-young-man,head.pitch,2.5,-0.8,1.4,-12.6,12.6,0.0003,0
hermes-as-young-man,head.pitch,2.583,-0.7,1.4,-12.6,12.6,0.0003,0
hermes-as-young-man,head.pitch,2.667,-0.6,1.4,-12.6,12.6,0.0002,0
hermes-as-young-man,head.pitch,2.75,-0.5,1.4,-12.6,12.6,0.0002,0
hermes-as-young-man,head.pitch,2.833,-0.4,1.3,-12.6,12.6,0.0002,0
hermes-as-young-man,head.pitch,2.917,-0.3,1.2,-12.6,12.6,0.0001,0
hermes-as-young-man,head.pitch,3,-0.2,1.1,-12.6,12.6,0.0001,0
hermes-as-young-man,head.pitch,3.083,-0.1,0.9,-12.6,12.6,0,0
hermes-as-young-man,head.pitch,3.167,0,0.7,-12.6,12.6,0,0
hermes-as-young-man,head.pitch,3.25,0,0.4,-12.6,12.6,0,0
hermes-as-young-man,head.pitch,3.667,-0.1,-0.5,-12.6,12.6,0,0
hermes-as-young-man,head.pitch,3.75,-0.2,-0.7,-12.6,12.6,0.0001,0
hermes-as-young-man,head.pitch,3.833,-0.2,-0.8,-12.6,12.6,0.0001,0
hermes-as-young-man,head.pitch,3.917,-0.3,-0.8,-12.6,12.6,0.0001,0
hermes-as-young-man,head.pitch,4,-0.4,-0.9,-12.6,12.6,0.0002,0
hermes-as-young-man,head.pitch,4.083,-0.5,-1,-12.6,12.6,0.0002,0
hermes-as-young-man,head.pitch,4.167,-0.5,-1,-12.6,12.6,0.0002,0
hermes-as-young-man,head.pitch,4.25,-0.6,-1.1,-12.6,12.6,0.0003,0
hermes-as-young-man,head.pitch,4.333,-0.7,-1.1,-12.6,12.6,0.0003,0
hermes-as-young-man,head.pitch,4.417,-0.8,-1.1,-12.6,12.6,0.0003,0
hermes-as-young-man,head.pitch,4.5,-0.9,-1.1,-12.6,12.6,0.0004,0
hermes-as-young-man,head.pitch,4.583,-1,-1,-12.6,12.6,0.0004,0
hermes-as-young-man,head.pitch,4.667,-1.1,-1,-12.6,12.6,0.0004,0
hermes-as-young-man,head.pitch,4.75,-1.1,-0.9,-12.6,12.6,0.0005,0
hermes-as-young-man,head.pitch,4.833,-1.2,-0.8,-12.6,12.6,0.0005,0
hermes-as-young-man,head.pitch,4.917,-1.3,-0.8,-12.6,12.6,0.0005,0
hermes-as-young-man,head.pitch,5,-1.3,-0.7,-12.6,12.6,0.0005,0
hermes-as-young-man,head.pitch,5.083,-1.4,-0.5,-12.6,12.6,0.0006,0
hermes-as-young-man,head.pitch,5.167,-1.4,-0.4,-12.6,12.6,0.0006,0
hermes-as-young-man,head.pitch,5.583,-1.3,0.7,-12.6,12.6,0.0005,0
hermes-as-young-man,head.pitch,5.667,-1.3,0.9,-12.6,12.6,0.0005,0
hermes-as-young-man,head.pitch,5.75,-1.2,1.1,-12.6,12.6,0.0005,0
hermes-as-young-man,head.pitch,5.833,-1.1,1.2,-12.6,12.6,0.0004,0
hermes-as-young-man,head.pitch,5.917,-1,1.3,-12.6,12.6,0.0004,0
hermes-as-young-man,head.pitch,6,-0.8,1.4,-12.6,12.6,0.0003,0
hermes-as-young-man,head.pitch,6.083,-0.7,1.4,-12.6,12.6,0.0003,0
hermes-as-young-man,head.pitch,6.167,-0.6,1.4,-12.6,12.6,0.0002,0
hermes-as-young-man,head.pitch,6.25,-0.5,1.4,-12.6,12.6,0.0002,0
hermes-as-young-man,head.pitch,6.333,-0.4,1.3,-12.6,12.6,0.0002,0
hermes-as-young-man,head.pitch,6.417,-0.3,1.2,-12.6,12.6,0.0001,0
hermes-as-young-man,head.pitch,6.5,-0.2,1.1,-12.6,12.6,0.0001,0
hermes-as-young-man,head.pitch,6.583,-0.1,0.9,-12.6,12.6,0,0
hermes-as-young-man,head.pitch,6.667,0,0.7,-12.6,12.6,0,0
hermes-as-young-man,head.pitch,6.75,0,0.4,-12.6,12.6,0,0
hermes-as-young-man,head.pitch,7.167,-0.1,-0.5,-12.6,12.6,0,0
hermes-as-young-man,head.pitch,7.25,-0.2,-0.7,-12.6,12.6,0.0001,0
hermes-as-young-man,head.pitch,7.333,-0.2,-0.8,-12.6,12.6,0.0001,0
hermes-as-young-man,head.pitch,7.417,-0.3,-0.8,-12.6,12.6,0.0001,0
hermes-as-young-man,head.pitch,7.5,-0.4,-0.9,-12.6,12.6,0.0002,0
hermes-as-young-man,head.pitch,7.583,-0.5,-1,-12.6,12.6,0.0002,0
hermes-as-young-man,head.pitch,7.667,-0.5,-1,-12.6,12.6,0.0002,0
hermes-as-young-man,head.pitch,7.75,-0.6,-1.1,-12.6,12.6,0.0003,0
hermes-as-young-man,head.pitch,7.833,-0.7,-1.1,-12.6,12.6,0.0003,0
hermes-as-young-man,head.pitch,7.917,-0.8,-1.1,-12.6,12.6,0.0003,0
hermes-as-young-man,head.pitch,8,-0.9,-1.1,-12.6,12.6,0.0004,0
hermes-as-young-man,head.pitch,8.083,-1,-1,-12.6,12.6,0.0004,0
hermes-as-young-man,head.pitch,8.167,-1.1,-1,-12.6,12.6,0.0004,0
hermes-as-young-man,head.pitch,8.25,-1.1,-0.9,-12.6,12.6,0.0005,0
hermes-as-young-man,head.pitch,8.333,-1.2,-0.8,-12.6,12.6,0.0005,0
hermes-as-young-man,head.pitch,8.417,-1.3,-0.8,-12.6,12.6,0.0005,0
hermes-as-young-man,head.pitch,8.5,-1.3,-0.7,-12.6,12.6,0.0005,0
hermes-as-young-man,head.pitch,8.583,-1.4,-0.5,-12.6,12.6,0.0006,0
hermes-as-young-man,head.pitch,8.667,-1.4,-0.4,-12.6,12.6,0.0006,0
hermes-as-young-man,head.pitch,9,-1.4,0.7,-12.6,12.6,0.0006,0
hermes-as-young-man,head.pitch,9.083,-1.3,1,-12.6,12.6,0.0005,0
hermes-as-young-man,head.pitch,9.167,-1.2,1.3,-12.6,12.6,0.0005,0
hermes-as-young-man,head.pitch,9.25,-1,1.5,-12.6,12.6,0.0004,0
hermes-as-young-man,head.pitch,9.333,-0.9,1.6,-12.6,12.6,0.0004,0
hermes-as-young-man,head.pitch,9.417,-0.8,1.6,-12.6,12.6,0.0003,0
hermes-as-young-man,head.pitch,9.5,-0.6,1.5,-12.6,12.6,0.0003,0
hermes-as-young-man,head.pitch,9.583,-0.5,1.3,-12.6,12.6,0.0002,0
hermes-as-young-man,head.pitch,9.667,-0.5,1,-12.6,12.6,0.0002,0
hermes-as-young-man,head.pitch,9.75,-0.4,0.7,-12.6,12.6,0.0002,0
hermes-as-young-man,head.pitch,9.833,-0.4,0.3,-12.6,12.6,0.0002,0
hermes-as-young-man,head.pitch,9.917,-0.3,1.2,-12.6,12.6,0.0001,0
hermes-as-young-man,head.pitch,10,0,3,-12.6,12.6,0,0
hermes-as-young-man,head.pitch,10.083,0.3,4.3,-12.6,12.6,0.0001,0
hermes-as-young-man,head.pitch,10.167,0.7,4.9,-12.6,12.6,0.0003,0
hermes-as-young-man,head.pitch,10.25,1.1,4.8,-12.6,12.6,0.0005,0
hermes-as-young-man,head.pitch,10.333,1.5,4.1,-12.6,12.6,0.0006,0
hermes-as-young-man,head.pitch,10.417,1.8,3.2,-12.6,12.6,0.0007,0
hermes-as-young-man,head.pitch,10.5,1.9,2.2,-12.6,12.6,0.0008,0
hermes-as-young-man,head.pitch,10.583,2,0.8,-12.6,12.6,0.0008,0
hermes-as-young-man,head.pitch,10.667,1.9,-1.4,-12.6,12.6,0.0008,0
hermes-as-young-man,head.pitch,10.75,1.6,-3.8,-12.6,12.6,0.0007,0
hermes-as-young-man,head.pitch,10.833,1.1,-5.3,-12.6,12.6,0.0005,0
hermes-as-young-man,head.pitch,10.917,0.6,-6.1,-12.6,12.6,0.0003,0
hermes-as-young-man,head.pitch,11,0.1,-6.1,-12.6,12.6,0,0
hermes-as-young-man,head.pitch,11.083,-0.3,-5.3,-12.6,12.6,0.0001,0
hermes-as-young-man,head.pitch,11.167,-0.7,-3.8,-12.6,12.6,0.0003,0
hermes-as-young-man,head.pitch,11.25,-0.8,-1.4,-12.6,12.6,0.0003,0
hermes-as-young-man,head.pitch,11.333,-0.7,0.7,-12.6,12.6,0.0003,0
hermes-as-young-man,head.pitch,11.417,4.2,59,-12.6,12.6,0.002,0.004
hermes-as-young-man,head.pitch,11.5,3.9,-3.1,-12.6,12.6,0.0019,0
hermes-as-young-man,head.pitch,11.583,3.6,-4.6,-12.6,12.6,0.0015,0
hermes-as-young-man,head.pitch,11.667,2.5,-12.8,-12.6,12.6,0.0011,0
hermes-as-young-man,head.pitch,11.75,0.9,-19.2,-12.6,12.6,0.0004,0
hermes-as-young-man,head.pitch,11.833,0,-10.7,-12.6,12.6,0,0
hermes-as-young-man,head.pitch,11.917,0,0,-12.6,12.6,0.0001,0
hermes-as-young-man,head.pitch,12.583,2.6,30.9,-12.6,12.6,0.0012,0.001
hermes-as-young-man,head.pitch,12.667,1.5,-12.9,-12.6,12.6,0.0008,0
hermes-as-young-man,head.pitch,12.75,0,-18.4,-12.6,12.6,0,0
hermes-as-young-man,head.pitch,12.833,-1.7,-19.5,-12.6,12.6,0.0007,0
hermes-as-young-man,head.pitch,12.917,-2.5,-9.6,-12.6,12.6,0.0011,0
hermes-as-young-man,head.pitch,13,-2.3,1.7,-12.6,12.6,0.001,0
hermes-as-young-man,head.pitch,13.083,-2.1,2.2,-12.6,12.6,0.0009,0
hermes-as-young-man,head.pitch,13.167,-1.9,2.6,-12.6,12.6,0.0008,0
hermes-as-young-man,head.pitch,13.25,-1.7,2.9,-12.6,12.6,0.0007,0
hermes-as-young-man,head.pitch,13.333,-1.4,3,-12.6,12.6,0.0006,0
hermes-as-young-man,head.pitch,13.417,-1.2,3.1,-12.6,12.6,0.0005,0
hermes-as-young-man,head.pitch,13.5,-0.9,3,-12.6,12.6,0.0004,0
hermes-as-young-man,head.pitch,13.583,-0.7,2.9,-12.6,12.6,0.0003,0
hermes-as-young-man,head.pitch,13.667,-0.5,2.6,-12.6,12.6,0.0002,0
hermes-as-young-man,head.pitch,13.75,-0.3,2.2,-12.6,12.6,0.0001,0
hermes-as-young-man,head.pitch,13.833,-0.1,1.7,-12.6,12.6,0.0001,0
hermes-as-young-man,head.pitch,13.917,0,1.1,-12.6,12.6,0,0
hermes-as-young-man,head.pitch,14,0,0.4,-12.6,12.6,0,0
hermes-as-young-man,head.pitch,14.333,2.9,34.4,-12.6,12.6,0.0013,0.002
hermes-as-young-man,head.pitch,14.417,1.3,-19.1,-12.6,12.6,0.0008,0.001
hermes-as-young-man,head.pitch,14.5,0.3,-11.5,-12.6,12.6,0.0002,0
hermes-as-young-man,head.pitch,14.583,0,-3.8,-12.6,12.6,0,0
hermes-as-young-man,head.pitch,14.667,0,0,-12.6,12.6,0,0
hermes-as-young-man,head.pitch,15.833,1.9,22.9,-12.6,12.6,0.0009,0.001
hermes-as-young-man,head.pitch,15.917,3.1,13.8,-12.6,12.6,0.0013,0.001
hermes-as-young-man,head.pitch,16,1.5,-18.6,-12.6,12.6,0.0008,0.001
hermes-as-young-man,head.pitch,16.083,0,-18.4,-12.6,12.6,0,0
hermes-as-young-man,head.pitch,16.167,-1.7,-19.5,-12.6,12.6,0.0007,0
hermes-as-young-man,head.pitch,16.25,-2.5,-9.6,-12.6,12.6,0.0011,0
hermes-as-young-man,head.pitch,16.333,-2.3,1.7,-12.6,12.6,0.001,0
hermes-as-young-man,head.pitch,16.417,-2.1,2.2,-12.6,12.6,0.0009,0
hermes-as-young-man,head.pitch,16.5,-1.9,2.6,-12.6,12.6,0.0008,0
hermes-as-young-man,head.pitch,16.583,-1.7,2.9,-12.6,12.6,0.0007,0
hermes-as-young-man,head.pitch,16.667,-1.4,3,-12.6,12.6,0.0006,0
hermes-as-young-man,head.pitch,16.75,-1.2,3.1,-12.6,12.6,0.0005,0
hermes-as-young-man,head.pitch,16.833,-0.9,3,-12.6,12.6,0.0004,0
hermes-as-young-man,head.pitch,16.917,-0.7,2.9,-12.6,12.6,0.0003,0
hermes-as-young-man,head.pitch,17,-0.5,2.6,-12.6,12.6,0.0002,0
hermes-as-young-man,head.pitch,17.083,-0.3,2.2,-12.6,12.6,0.0001,0
hermes-as-young-man,head.pitch,17.167,-0.1,1.7,-12.6,12.6,0.0001,0
hermes-as-young-man,head.pitch,17.25,2.8,35.5,-12.6,12.6,0.0013,0.002
hermes-as-young-man,head.pitch,17.333,1.3,-18.7,-12.6,12.6,0.0008,0.001
hermes-as-young-man,head.pitch,17.417,0.3,-11.5,-12.6,12.6,0.0002,0
hermes-as-young-man,head.pitch,17.5,0,-3.8,-12.6,12.6,0,0
hermes-as-young-man,head.pitch,17.583,0,0,-12.6,12.6,0,0
hermes-as-young-man,head.pitch,18,-1.4,-17.2,-12.6,12.6,0.0007,0
hermes-as-young-man,head.pitch,18.083,-0.4,12.6,-12.6,12.6,0.0003,0
hermes-as-young-man,head.pitch,18.167,0.5,10.3,-12.6,12.6,0.0002,0
hermes-as-young-man,head.pitch,18.25,0.9,5,-12.6,12.6,0.0004,0
hermes-as-young-man,head.pitch,18.333,0.1,-9.4,-12.6,12.6,0.0001,0
hermes-as-young-man,head.pitch,18.417,-1.4,-17.9,-12.6,12.6,0.0006,0
hermes-as-young-man,head.pitch,18.5,-2.1,-8.2,-12.6,12.6,0.0009,0
hermes-as-young-man,head.pitch,18.583,-1.8,2.9,-12.6,12.6,0.0008,0
hermes-as-young-man,head.pitch,18.667,-1.6,3.2,-12.6,12.6,0.0006,0
hermes-as-young-man,head.pitch,18.75,-1.3,3.3,-12.6,12.6,0.0005,0
hermes-as-young-man,head.pitch,18.833,-1,3.3,-12.6,12.6,0.0004,0
hermes-as-young-man,head.pitch,18.917,-0.8,3.2,-12.6,12.6,0.0003,0
hermes-as-young-man,head.pitch,19,-0.5,2.9,-12.6,12.6,0.0002,0
hermes-as-young-man,head.pitch,19.083,-0.3,2.5,-12.6,12.6,0.0001,0
hermes-as-young-man,head.pitch,19.167,-0.1,1.9,-12.6,12.6,0.0001,0
hermes-as-young-man,head.pitch,19.25,0,1.3,-12.6,12.6,0,0
hermes-as-young-man,head.pitch,19.333,0,0.5,-12.6,12.6,0,0
hermes-as-young-man,head.pitch,20.75,1.4,17.2,-12.6,12.6,0.0007,0
hermes-as-young-man,head.pitch,20.833,-1,-29.4,-12.6,12.6,0.0007,0.001
hermes-as-young-man,head.pitch,20.917,0.3,16,-12.6,12.6,0.0004,0
hermes-as-young-man,head.pitch,21,0.9,6.9,-12.6,12.6,0.0004,0
hermes-as-young-man,head.pitch,21.083,0.1,-9.4,-12.6,12.6,0.0001,0
hermes-as-young-man,head.pitch,21.167,-1.4,-17.9,-12.6,12.6,0.0006,0
hermes-as-young-man,head.pitch,21.25,-2.1,-8.2,-12.6,12.6,0.0009,0
hermes-as-young-man,head.pitch,21.333,-1.8,2.9,-12.6,12.6,0.0008,0
hermes-as-young-man,head.pitch,21.417,-1.6,3.2,-12.6,12.6,0.0006,0
hermes-as-young-man,head.pitch,21.5,-1.3,3.3,-12.6,12.6,0.0005,0
hermes-as-young-man,head.pitch,21.583,-1,3.3,-12.6,12.6,0.0004,0
hermes-as-young-man,head.pitch,21.667,-0.8,3.2,-12.6,12.6,0.0003,0
hermes-as-young-man,head.pitch,21.75,-0.5,2.9,-12.6,12.6,0.0002,0
hermes-as-young-man,head.pitch,21.833,-0.3,2.5,-12.6,12.6,0.0001,0
hermes-as-young-man,head.pitch,21.917,-0.1,1.9,-12.6,12.6,0.0001,0
hermes-as-young-man,head.pitch,22,0,1.3,-12.6,12.6,0,0
hermes-as-young-man,head.pitch,22.083,0,0.5,-12.6,12.6,0,0
hermes-as-young-man,head.pitch,24.5,2.9,34.4,-12.6,12.6,0.0013,0.002
hermes-as-young-man,head.pitch,24.583,1.3,-19.1,-12.6,12.6,0.0008,0.001
hermes-as-young-man,head.pitch,24.667,0.3,-11.5,-12.6,12.6,0.0002,0
hermes-as-young-man,head.pitch,24.75,0,-3.8,-12.6,12.6,0,0
hermes-as-young-man,head.pitch,24.833,0,0,-12.6,12.6,0,0
hermes-as-young-man,head.pitch,25.167,1.1,13.8,-12.6,12.6,0.0005,0
hermes-as-young-man,head.pitch,25.25,1.1,0,-12.6,12.6,0.0005,0
hermes-as-young-man,head.pitch,25.333,0.3,-9.9,-12.6,12.6,0.0002,0
hermes-as-young-man,head.pitch,25.417,-0.8,-13.7,-12.6,12.6,0.0004,0
hermes-as-young-man,head.pitch,25.5,-1.9,-12.9,-12.6,12.6,0.0008,0
hermes-as-young-man,head.pitch,25.583,-2.3,-4.5,-12.6,12.6,0.001,0
hermes-as-young-man,head.pitch,25.667,-2.1,2.5,-12.6,12.6,0.0009,0
hermes-as-young-man,head.pitch,25.75,-1.8,2.9,-12.6,12.6,0.0008,0
hermes-as-young-man,head.pitch,25.833,-1.6,3.2,-12.6,12.6,0.0006,0
hermes-as-young-man,head.pitch,25.917,-1.3,3.3,-12.6,12.6,0.0005,0
hermes-as-young-man,head.pitch,26,-1,3.3,-12.6,12.6,0.0004,0
hermes-as-young-man,head.pitch,26.083,-0.8,3.2,-12.6,12.6,0.0003,0
hermes-as-young-man,head.pitch,26.167,-0.5,2.9,-12.6,12.6,0.0002,0
hermes-as-young-man,head.pitch,26.25,-0.3,2.5,-12.6,12.6,0.0001,0
hermes-as-young-man,head.pitch,26.333,-0.1,1.9,-12.6,12.6,0.0001,0
hermes-as-young-man,head.pitch,26.417,0,1.3,-12.6,12.6,0,0
hermes-as-young-man,head.pitch,26.5,0,0.5,-12.6,12.6,0,0
hermes-as-young-man,head.pitch,27.833,2.9,34.4,-12.6,12.6,0.0013,0.002
hermes-as-young-man,head.pitch,27.917,1.3,-19.1,-12.6,12.6,0.0008,0.001
hermes-as-young-man,head.pitch,28,0.3,-11.5,-12.6,12.6,0.0002,0
hermes-as-young-man,head.pitch,28.083,0,-3.8,-12.6,12.6,0,0
hermes-as-young-man,head.pitch,28.167,0,0,-12.6,12.6,0,0
hermes-as-young-man,head.pitch,28.25,2.9,34.4,-12.6,12.6,0.0013,0.002
hermes-as-young-man,head.pitch,28.333,1.3,-19.1,-12.6,12.6,0.0008,0.001
hermes-as-young-man,head.pitch,28.417,0.3,-11.5,-12.6,12.6,0.0002,0
hermes-as-young-man,head.pitch,28.5,0,-3.8,-12.6,12.6,0,0
hermes-as-young-man,head.pitch,28.583,0,0,-12.6,12.6,0,0
hermes-as-young-man,head.pitch,28.667,-2.5,-29.4,-12.6,12.6,0.0012,0.001
hermes-as-young-man,head.pitch,28.75,-3.9,-17.6,-12.6,12.6,0.0017,0.001
hermes-as-young-man,head.pitch,28.833,-2.5,17,-12.6,12.6,0.0012,0.001
hermes-as-young-man,head.pitch,28.917,-1.3,14.8,-12.6,12.6,0.0005,0
hermes-as-young-man,head.pitch,29,-0.6,7.6,-12.6,12.6,0.0003,0
hermes-as-young-man,head.pitch,29.083,-1.2,-6.3,-12.6,12.6,0.0005,0
hermes-as-young-man,head.pitch,29.167,-2.4,-14.5,-12.6,12.6,0.001,0.001
hermes-as-young-man,head.pitch,29.25,-2.8,-4.9,-12.6,12.6,0.0012,0
hermes-as-young-man,head.pitch,29.333,-2.3,5.8,-12.6,12.6,0.001,0
hermes-as-young-man,head.pitch,29.417,-1.9,5.3,-12.6,12.6,0.0008,0
hermes-as-young-man,head.pitch,29.5,-1.5,4.4,-12.6,12.6,0.0006,0
hermes-as-young-man,head.pitch,29.583,-1.2,3,-12.6,12.6,0.0005,0
hermes-as-young-man,head.pitch,29.667,-1.1,1.1,-12.6,12.6,0.0005,0
hermes-as-young-man,head.pitch,29.75,0.9,24.8,-12.6,12.6,0.0005,0
hermes-as-young-man,head.pitch,29.833,4.1,37.8,-12.6,12.6,0.0017,0.002
hermes-as-young-man,head.pitch,29.917,5.6,18.7,-12.6,12.6,0.0024,0.002
hermes-as-young-man,head.pitch,30,6,3.9,-12.6,12.6,0.0025,0
hermes-as-young-man,head.pitch,30.083,4.9,-12.4,-12.6,12.6,0.0021,0.001
hermes-as-young-man,head.pitch,30.167,3.1,-22.5,-12.6,12.6,0.0013,0.001
hermes-as-young-man,head.pitch,30.25,1.9,-13.9,-12.6,12.6,0.0008,0
hermes-as-young-man,head.pitch,30.333,1.6,-3.6,-12.6,12.6,0.0007,0
hermes-as-young-man,head.pitch,30.417,1.3,-3.7,-12.6,12.6,0.0005,0
hermes-as-young-man,head.pitch,30.5,1,-3.6,-12.6,12.6,0.0004,0
hermes-as-young-man,head.pitch,30.583,0.7,-3.2,-12.6,12.6,0.0003,0
hermes-as-young-man,head.pitch,30.667,0.5,-2.6,-12.6,12.6,0.0002,0
hermes-as-young-man,head.pitch,30.75,0.4,-1.7,-12.6,12.6,0.0002,0
hermes-as-young-man,head.pitch,30.833,0.3,-0.6,-12.6,12.6,0.0001,0
hermes-as-young-man,head.pitch,30.917,3.2,34.4,-12.6,12.6,0.0015,0.002
hermes-as-young-man,head.pitch,31,6,34.4,-12.6,12.6,0.0025,0.003
hermes-as-young-man,head.pitch,31.083,7.1,12.9,-12.6,12.6,0.003,0.001
hermes-as-young-man,head.pitch,31.167,7.3,2.2,-12.6,12.6,0.003,0
hermes-as-young-man,head.pitch,31.25,6.1,-14.3,-12.6,12.6,0.0026,0.001
hermes-as-young-man,head.pitch,31.333,4.1,-24.4,-12.6,12.6,0.0017,0.001
hermes-as-young-man,head.pitch,31.417,2.7,-15.9,-12.6,12.6,0.0012,0.001
hermes-as-young-man,head.pitch,31.5,2.3,-5.5,-12.6,12.6,0.001,0
hermes-as-young-man,head.pitch,31.583,4.7,28.9,-12.6,12.6,0.0021,0.002
hermes-as-young-man,head.pitch,31.667,2.7,-24.3,-12.6,12.6,0.0014,0.001
hermes-as-young-man,head.pitch,31.75,1.3,-16,-12.6,12.6,0.0006,0
hermes-as-young-man,head.pitch,31.833,0.7,-7.5,-12.6,12.6,0.0003,0
hermes-as-young-man,head.pitch,31.917,0.5,-2.4,-12.6,12.6,0.0002,0
hermes-as-young-man,head.pitch,32,0.4,-0.9,-12.6,12.6,0.0002,0
hermes-as-young-man,head.pitch,32.083,1.8,16.2,-12.6,12.6,0.0008,0
hermes-as-young-man,head.pitch,32.167,2.6,9.7,-12.6,12.6,0.0011,0
hermes-as-young-man,head.pitch,32.25,2.9,3.2,-12.6,12.6,0.0012,0
hermes-as-young-man,head.pitch,32.333,2.8,-0.3,-12.6,12.6,0.0012,0
hermes-as-young-man,head.pitch,32.417,2.8,-1,-12.6,12.6,0.0011,0
hermes-as-young-man,head.pitch,32.5,2.6,-1.5,-12.6,12.6,0.0011,0
hermes-as-young-man,head.pitch,32.583,2.5,-2,-12.6,12.6,0.001,0
hermes-as-young-man,head.pitch,32.667,2.3,-2.4,-12.6,12.6,0.0009,0
hermes-as-young-man,head.pitch,32.75,2,-2.7,-12.6,12.6,0.0008,0
hermes-as-young-man,head.pitch,32.833,1.8,-2.9,-12.6,12.6,0.0007,0
hermes-as-young-man,head.pitch,32.917,1.6,-3,-12.6,12.6,0.0006,0
hermes-as-young-man,head.pitch,33,1.3,-3,-12.6,12.6,0.0005,0
hermes-as-young-man,head.pitch,33.083,1.1,-3,-12.6,12.6,0.0004,0
hermes-as-young-man,head.pitch,33.167,0.8,-2.9,-12.6,12.6,0.0003,0
hermes-as-young-man,head.pitch,33.25,0.6,-2.7,-12.6,12.6,0.0002,0
hermes-as-young-man,head.pitch,33.333,0.4,-2.4,-12.6,12.6,0.0002,0
hermes-as-young-man,head.pitch,33.417,0.2,-2,-12.6,12.6,0.0001,0
hermes-as-young-man,head.pitch,33.5,0.1,-1.5,-12.6,12.6,0,0
hermes-as-young-man,head.pitch,33.583,0,-1,-12.6,12.6,0,0
hermes-as-young-man,head.pitch,33.667,0,-0.3,-12.6,12.6,0,0
hermes-as-young-man,head.pitch,34.583,2.9,34.4,-12.6,12.6,0.0013,0.002
hermes-as-young-man,head.pitch,34.667,1.3,-19.1,-12.6,12.6,0.0008,0.001
hermes-as-young-man,head.pitch,34.75,0.3,-11.5,-12.6,12.6,0.0002,0
hermes-as-young-man,head.pitch,34.833,0,-3.8,-12.6,12.6,0,0
hermes-as-young-man,head.pitch,34.917,0,0,-12.6,12.6,0,0
hermes-as-young-man,head.pitch,35.417,2.6,30.9,-12.6,12.6,0.0012,0.001
hermes-as-young-man,head.pitch,35.5,0.7,-22.2,-12.6,12.6,0.0006,0
hermes-as-young-man,head.pitch,35.583,-0.7,-17.3,-12.6,12.6,0.0003,0
hermes-as-young-man,head.pitch,35.667,-1.8,-13,-12.6,12.6,0.0008,0
hermes-as-young-man,head.pitch,35.75,-2.7,-11.4,-12.6,12.6,0.0011,0
hermes-as-young-man,head.pitch,35.833,-3,-3.1,-12.6,12.6,0.0013,0
hermes-as-young-man,head.pitch,35.917,-2.8,2.8,-12.6,12.6,0.0012,0
hermes-as-young-man,head.pitch,36,-2.7,1.2,-12.6,12.6,0.0011,0
hermes-as-young-man,head.pitch,36.083,-2.5,2.6,-12.6,12.6,0.001,0
hermes-as-young-man,head.pitch,36.167,-2.3,1.5,-12.6,12.6,0.001,0
hermes-as-young-man,head.pitch,36.25,-2.3,0.5,-12.6,12.6,0.0009,0
hermes-as-young-man,head.pitch,36.333,-2.2,0.6,-12.6,12.6,0.0009,0
hermes-as-young-man,head.pitch,36.417,-2.1,1.3,-12.6,12.6,0.0009,0
hermes-as-young-man,head.pitch,36.5,-2,1.3,-12.6,12.6,0.0008,0
hermes-as-young-man,head.pitch,36.583,-2,0.6,-12.6,12.6,0.0008,0
hermes-as-young-man,head.pitch,36.667,0.6,30.3,-12.6,12.6,0.0004,0
hermes-as-young-man,head.pitch,36.75,4,41.1,-12.6,12.6,0.0017,0.002
hermes-as-young-man,head.pitch,36.833,5.6,19.8,-12.6,12.6,0.0024,0.002
hermes-as-young-man,head.pitch,36.917,6,4.1,-12.6,12.6,0.0025,0
hermes-as-young-man,head.pitch,37,5,-12,-12.6,12.6,0.0021,0.001
hermes-as-young-man,head.pitch,37.083,3.2,-21.8,-12.6,12.6,0.0013,0.001
hermes-as-young-man,head.pitch,37.167,2.1,-13.2,-12.6,12.6,0.0009,0
hermes-as-young-man,head.pitch,37.25,1.8,-2.9,-12.6,12.6,0.0008,0
hermes-as-young-man,head.pitch,37.333,1.6,-3.2,-12.6,12.6,0.0006,0
hermes-as-young-man,head.pitch,37.417,1.3,-3.3,-12.6,12.6,0.0005,0
hermes-as-young-man,head.pitch,37.5,1,-3.3,-12.6,12.6,0.0004,0
hermes-as-young-man,head.pitch,37.583,0.8,-3.2,-12.6,12.6,0.0003,0
hermes-as-young-man,head.pitch,37.667,0.5,-2.9,-12.6,12.6,0.0002,0
hermes-as-young-man,head.pitch,37.75,0.3,-2.5,-12.6,12.6,0.0001,0
hermes-as-young-man,head.pitch,37.833,0.1,-1.9,-12.6,12.6,0.0001,0
hermes-as-young-man,head.pitch,37.917,0,-1.3,-12.6,12.6,0,0
hermes-as-young-man,head.pitch,38,0,-0.5,-12.6,12.6,0,0
hermes-as-young-man,head.pitch,38.083,2.3,27.5,-12.6,12.6,0.0011,0.001
hermes-as-young-man,head.pitch,38.167,5.6,39.4,-12.6,12.6,0.0023,0.003
hermes-as-young-man,head.pitch,38.25,10,53.6,-12.6,12.6,0.0042,0.008
hermes-as-young-man,head.pitch,38.333,8.8,-15.2,-12.6,12.6,0.0039,0.002
hermes-as-young-man,head.pitch,38.417,6.8,-24.2,-12.6,12.6,0.0028,0.002
hermes-as-young-man,head.pitch,38.5,4.5,-26.8,-12.6,12.6,0.0019,0.002
hermes-as-young-man,head.pitch,38.583,3.3,-14.7,-12.6,12.6,0.0014,0.001
hermes-as-young-man,head.pitch,38.667,2.9,-4.6,-12.6,12.6,0.0013,0
hermes-as-young-man,head.pitch,38.75,2.5,-5.1,-12.6,12.6,0.001,0
hermes-as-young-man,head.pitch,38.833,2.1,-5.3,-12.6,12.6,0.0008,0
hermes-as-young-man,head.pitch,38.917,1.6,-5.3,-12.6,12.6,0.0007,0
hermes-as-young-man,head.pitch,39,1.2,-5.1,-12.6,12.6,0.0005,0
hermes-as-young-man,head.pitch,39.083,0.8,-4.6,-12.6,12.6,0.0003,0
hermes-as-young-man,head.pitch,39.167,0.5,-4,-12.6,12.6,0.0002,0
hermes-as-young-man,head.pitch,39.25,0.2,-3.1,-12.6,12.6,0.0001,0
hermes-as-young-man,head.pitch,39.333,2.6,28.9,-12.6,12.6,0.0012,0.001
hermes-as-young-man,head.pitch,39.417,3.4,9.6,-12.6,12.6,0.0015,0.001
hermes-as-young-man,head.pitch,39.5,0.2,-38.9,-12.6,12.6,0.0003,0
hermes-as-young-man,head.pitch,39.583,-1.9,-25,-12.6,12.6,0.0008,0.001
hermes-as-young-man,head.pitch,39.667,-3,-13.6,-12.6,12.6,0.0013,0.001
hermes-as-young-man,head.pitch,39.75,-3.4,-4.9,-12.6,12.6,0.0015,0
hermes-as-young-man,head.pitch,39.833,-3.2,2.4,-12.6,12.6,0.0014,0
hermes-as-young-man,head.pitch,39.917,-3,3.1,-12.6,12.6,0.0012,0
hermes-as-young-man,head.pitch,40,-2.7,3.6,-12.6,12.6,0.0011,0
hermes-as-young-man,head.pitch,40.083,-2.3,4,-12.6,12.6,0.001,0
hermes-as-young-man,head.pitch,40.167,-2,4.2,-12.6,12.6,0.0008,0
hermes-as-young-man,head.pitch,40.25,-1.6,4.3,-12.6,12.6,0.0007,0
hermes-as-young-man,head.pitch,40.333,-1.3,4.2,-12.6,12.6,0.0005,0
hermes-as-young-man,head.pitch,40.417,-0.9,4,-12.6,12.6,0.0004,0
hermes-as-young-man,head.pitch,40.5,-0.6,3.6,-12.6,12.6,0.0003,0
hermes-as-young-man,head.pitch,40.583,-0.4,3.1,-12.6,12.6,0.0002,0
hermes-as-young-man,head.pitch,40.667,-0.2,2.4,-12.6,12.6,0.0001,0
hermes-as-young-man,head.pitch,40.75,0,1.6,-12.6,12.6,0,0
hermes-as-young-man,head.pitch,40.833,0,0.6,-12.6,12.6,0,0
hermes-as-young-man,head.pitch,40.917,0,0,-12.6,12.6,0,0
hermes-as-young-man,head.pitch,41.167,2.9,34.4,-12.6,12.6,0.0013,0.002
hermes-as-young-man,head.pitch,41.25,1.3,-19.1,-12.6,12.6,0.0008,0.001
hermes-as-young-man,head.pitch,41.333,0.3,-11.5,-12.6,12.6,0.0002,0
hermes-as-young-man,head.pitch,41.417,0,-3.8,-12.6,12.6,0,0
hermes-as-young-man,head.pitch,41.5,0,0,-12.6,12.6,0,0
hermes-as-young-man,head.pitch,42.167,1.9,22.9,-12.6,12.6,0.0009,0.001
hermes-as-young-man,head.pitch,42.25,4.5,30.9,-12.6,12.6,0.0019,0.002
hermes-as-young-man,head.pitch,42.333,5.7,14.9,-12.6,12.6,0.0024,0.001
hermes-as-young-man,head.pitch,42.417,5.1,-7.3,-12.6,12.6,0.0022,0.001
hermes-as-young-man,head.pitch,42.5,3.4,-20.3,-12.6,12.6,0.0015,0.001
hermes-as-young-man,head.pitch,42.583,2.4,-12,-12.6,12.6,0.001,0
hermes-as-young-man,head.pitch,42.667,2.3,-1.9,-12.6,12.6,0.001,0
hermes-as-young-man,head.pitch,42.75,2.1,-2.5,-12.6,12.6,0.0009,0
hermes-as-young-man,head.pitch,42.833,1.8,-2.9,-12.6,12.6,0.0008,0
hermes-as-young-man,head.pitch,42.917,1.6,-3.2,-12.6,12.6,0.0006,0
hermes-as-young-man,head.pitch,43,1.3,-3.3,-12.6,12.6,0.0005,0
hermes-as-young-man,head.pitch,43.083,1,-3.3,-12.6,12.6,0.0004,0
hermes-as-young-man,head.pitch,43.167,0.8,-3.2,-12.6,12.6,0.0003,0
hermes-as-young-man,head.pitch,43.25,0.5,-2.9,-12.6,12.6,0.0002,0
hermes-as-young-man,head.pitch,43.333,0.3,-2.5,-12.6,12.6,0.0001,0
hermes-as-young-man,head.pitch,43.417,0.1,-1.9,-12.6,12.6,0.0001,0
hermes-as-young-man,head.pitch,43.5,0,-1.3,-12.6,12.6,0,0
hermes-as-young-man,head.pitch,43.583,0,-0.5,-12.6,12.6,0,0
hermes-as-young-man,head.pitch,44.75,2.9,34.4,-12.6,12.6,0.0013,0.002
hermes-as-young-man,head.pitch,44.833,1.6,-15,-12.6,12.6,0.0009,0
hermes-as-young-man,head.pitch,44.917,0.7,-10.7,-12.6,12.6,0.0003,0
hermes-as-young-man,head.pitch,45,0.2,-6.4,-12.6,12.6,0.0001,0
hermes-as-young-man,head.pitch,45.083,4.9,56.3,-12.6,12.6,0.0023,0.005
hermes-as-young-man,head.pitch,45.167,7.1,26.8,-12.6,12.6,0.0031,0.003
hermes-as-young-man,head.pitch,45.25,7,-0.9,-12.6,12.6,0.003,0
hermes-as-young-man,head.pitch,45.333,5.8,-14.9,-12.6,12.6,0.0024,0.001
hermes-as-young-man,head.pitch,45.417,4.4,-16.2,-12.6,12.6,0.0018,0.001
hermes-as-young-man,head.pitch,45.5,3.6,-9.5,-12.6,12.6,0.0015,0.001
hermes-as-young-man,head.pitch,45.583,3.3,-4,-12.6,12.6,0.0014,0
hermes-as-young-man,head.pitch,45.667,2.9,-4.6,-12.6,12.6,0.0012,0
hermes-as-young-man,head.pitch,45.75,2.5,-5.1,-12.6,12.6,0.001,0
hermes-as-young-man,head.pitch,45.833,2.1,-5.3,-12.6,12.6,0.0008,0
hermes-as-young-man,head.pitch,45.917,1.6,-5.3,-12.6,12.6,0.0007,0
hermes-as-young-man,head.pitch,46,1.2,-5.1,-12.6,12.6,0.0005,0
hermes-as-young-man,head.pitch,46.083,0.8,-4.6,-12.6,12.6,0.0003,0
hermes-as-young-man,head.pitch,46.167,0.5,-4,-12.6,12.6,0.0002,0
hermes-as-young-man,head.pitch,46.25,0.2,-3.1,-12.6,12.6,0.0001,0
hermes-as-young-man,head.pitch,46.333,0.1,-2,-12.6,12.6,0,0
hermes-as-young-man,head.pitch,46.417,0,-0.7,-12.6,12.6,0,0
hermes-as-young-man,head.pitch,46.5,0,0,-12.6,12.6,0,0
hermes-as-young-man,head.pitch,47.25,2.6,30.9,-12.6,12.6,0.0012,0.001
hermes-as-young-man,head.pitch,47.333,3.4,10.3,-12.6,12.6,0.0015,0.001
hermes-as-young-man,head.pitch,47.417,2.9,-6.4,-12.6,12.6,0.0013,0
hermes-as-young-man,head.pitch,47.5,1.7,-14.2,-12.6,12.6,0.0007,0
hermes-as-young-man,head.pitch,47.583,0.5,-14.2,-12.6,12.6,0.0002,0
hermes-as-young-man,head.pitch,47.667,0,-6.4,-12.6,12.6,0,0
hermes-as-young-man,head.pitch,47.75,0,0,-12.6,12.6,0,0
hermes-as-young-man,head.pitch,47.833,2.9,34.4,-12.6,12.6,0.0013,0.002
hermes-as-young-man,head.pitch,47.917,1.3,-19.1,-12.6,12.6,0.0008,0.001
hermes-as-young-man,head.pitch,48,2.9,19.1,-12.6,12.6,0.0014,0.001
hermes-as-young-man,head.pitch,48.083,1.3,-19.1,-12.6,12.6,0.0007,0
hermes-as-young-man,head.pitch,48.167,0.3,-11.5,-12.6,12.6,0.0002,0
hermes-as-young-man,head.pitch,48.25,0,-3.8,-12.6,12.6,0,0
hermes-as-young-man,head.pitch,48.333,3.7,43.9,-12.6,12.6,0.0017,0.003
hermes-as-young-man,head.pitch,48.417,5.9,26.4,-12.6,12.6,0.0025,0.002
hermes-as-young-man,head.pitch,48.5,6.6,8.8,-12.6,12.6,0.0028,0.001
hermes-as-young-man,head.pitch,48.583,5.7,-11.2,-12.6,12.6,0.0024,0.001
hermes-as-young-man,head.pitch,48.667,3.9,-21.4,-12.6,12.6,0.0016,0.001
hermes-as-young-man,head.pitch,48.75,2.8,-13.1,-12.6,12.6,0.0012,0.001
hermes-as-young-man,head.pitch,48.833,2.5,-3,-12.6,12.6,0.0011,0
hermes-as-young-man,head.pitch,48.917,2.2,-3.5,-12.6,12.6,0.0009,0
hermes-as-young-man,head.pitch,49,1.9,-3.9,-12.6,12.6,0.0008,0
hermes-as-young-man,head.pitch,49.083,1.6,-4,-12.6,12.6,0.0006,0
hermes-as-young-man,head.pitch,49.167,1.2,-4,-12.6,12.6,0.0005,0
hermes-as-young-man,head.pitch,49.25,0.9,-3.9,-12.6,12.6,0.0004,0
hermes-as-young-man,head.pitch,49.333,0.6,-3.5,-12.6,12.6,0.0003,0
hermes-as-young-man,head.pitch,49.417,0.4,-3,-12.6,12.6,0.0002,0
hermes-as-young-man,head.pitch,49.5,0.2,-2.4,-12.6,12.6,0.0001,0
hermes-as-young-man,head.pitch,49.583,0,-1.5,-12.6,12.6,0,0
hermes-as-young-man,head.pitch,49.667,0,-0.6,-12.6,12.6,0,0
hermes-as-young-man,head.pitch,49.75,0,0,-12.6,12.6,0,0
hermes-as-young-man,head.pitch,50.083,1.6,19.1,-12.6,12.6,0.0007,0.001
hermes-as-young-man,head.pitch,50.167,2.5,11.5,-12.6,12.6,0.0011,0
hermes-as-young-man,head.pitch,50.25,2.9,3.8,-12.6,12.6,0.0012,0
hermes-as-young-man,head.pitch,50.333,2.8,-0.5,-12.6,12.6,0.0012,0
hermes-as-young-man,head.pitch,50.417,2.7,-1.5,-12.6,12.6,0.0011,0
hermes-as-young-man,head.pitch,50.5,2.5,-2.2,-12.6,12.6,0.001,0
hermes-as-young-man,head.pitch,50.583,2.3,-2.8,-12.6,12.6,0.0009,0
hermes-as-young-man,head.pitch,50.667,2,-3.2,-12.6,12.6,0.0008,0
hermes-as-young-man,head.pitch,50.75,1.7,-3.4,-12.6,12.6,0.0007,0
hermes-as-young-man,head.pitch,50.833,1.4,-3.4,-12.6,12.6,0.0006,0
hermes-as-young-man,head.pitch,50.917,1.2,-3.2,-12.6,12.6,0.0005,0
hermes-as-young-man,head.pitch,51,1,-2.8,-12.6,12.6,0.0004,0
hermes-as-young-man,head.pitch,51.083,0.8,-2.2,-12.6,12.6,0.0003,0
hermes-as-young-man,head.pitch,51.167,0.6,-1.5,-12.6,12.6,0.0003,0
hermes-as-young-man,head.pitch,51.25,2.5,22.4,-12.6,12.6,0.0011,0.001
hermes-as-young-man,head.pitch,51.333,1.9,-7.4,-12.6,12.6,0.0009,0
hermes-as-young-man,head.pitch,51.417,1.2,-8.1,-12.6,12.6,0.0005,0
hermes-as-young-man,head.pitch,51.5,0,-14.9,-12.6,12.6,0,0
hermes-as-young-man,head.pitch,51.583,1.2,15,-12.6,12.6,0.0006,0
hermes-as-young-man,head.pitch,51.667,-0.8,-24.5,-12.6,12.6,0.0005,0
hermes-as-young-man,head.pitch,51.75,-1.6,-8.8,-12.6,12.6,0.0007,0
hermes-as-young-man,head.pitch,51.833,-1.9,-4,-12.6,12.6,0.0008,0
hermes-as-young-man,head.pitch,51.917,-1.8,0.7,-12.6,12.6,0.0008,0
hermes-as-young-man,head.pitch,52,-1.6,3.2,-12.6,12.6,0.0007,0
hermes-as-young-man,head.pitch,52.083,-1.3,3.3,-12.6,12.6,0.0005,0
hermes-as-young-man,head.pitch,52.167,-1,3.3,-12.6,12.6,0.0004,0
hermes-as-young-man,head.pitch,52.25,-0.8,3.2,-12.6,12.6,0.0003,0
hermes-as-young-man,head.pitch,52.333,-0.5,2.9,-12.6,12.6,0.0002,0
hermes-as-young-man,head.pitch,52.417,-0.3,2.5,-12.6,12.6,0.0001,0
hermes-as-young-man,head.pitch,52.5,-0.1,1.9,-12.6,12.6,0.0001,0
hermes-as-young-man,head.pitch,52.583,0,1.3,-12.6,12.6,0,0
hermes-as-young-man,head.pitch,52.667,0,0.5,-12.6,12.6,0,0
hermes-as-young-man,head.pitch,54.917,2.9,34.4,-12.6,12.6,0.0013,0.002
hermes-as-young-man,head.pitch,55,1.6,-15,-12.6,12.6,0.0009,0
hermes-as-young-man,head.pitch,55.083,0.7,-10.7,-12.6,12.6,0.0003,0
hermes-as-young-man,head.pitch,55.167,2.1,16.8,-12.6,12.6,0.001,0.001
hermes-as-young-man,head.pitch,55.25,5.2,36.5,-12.6,12.6,0.0022,0.003
hermes-as-young-man,head.pitch,55.333,6,9.9,-12.6,12.6,0.0026,0.001
hermes-as-young-man,head.pitch,55.417,5.4,-7.6,-12.6,12.6,0.0023,0.001
hermes-as-young-man,head.pitch,55.5,4,-15.9,-12.6,12.6,0.0017,0.001
hermes-as-young-man,head.pitch,55.583,2.7,-16.4,-12.6,12.6,0.0011,0.001
hermes-as-young-man,head.pitch,55.667,1.9,-9,-12.6,12.6,0.0008,0
hermes-as-young-man,head.pitch,55.75,1.7,-2.9,-12.6,12.6,0.0007,0
hermes-as-young-man,head.pitch,55.833,1.4,-3,-12.6,12.6,0.0006,0
hermes-as-young-man,head.pitch,55.917,1.2,-3.1,-12.6,12.6,0.0005,0
hermes-as-young-man,head.pitch,56,0.9,-3,-12.6,12.6,0.0004,0
hermes-as-young-man,head.pitch,56.083,0.7,-2.9,-12.6,12.6,0.0003,0
hermes-as-young-man,head.pitch,56.167,0.5,-2.6,-12.6,12.6,0.0002,0
hermes-as-young-man,head.pitch,56.25,0.3,-2.2,-12.6,12.6,0.0001,0
hermes-as-young-man,head.pitch,56.333,0.1,-1.7,-12.6,12.6,0.0001,0
hermes-as-young-man,head.pitch,56.417,0,-1.1,-12.6,12.6,0,0
hermes-as-young-man,head.pitch,56.5,0,-0.4,-12.6,12.6,0,0
hermes-as-young-man,head.pitch,57.417,2.6,30.9,-12.6,12.6,0.0012,0.001
hermes-as-young-man,head.pitch,57.5,3.4,10.3,-12.6,12.6,0.0015,0.001
hermes-as-young-man,head.pitch,57.583,2.9,-6.4,-12.6,12.6,0.0013,0
hermes-as-young-man,head.pitch,57.667,1.7,-14.2,-12.6,12.6,0.0007,0
hermes-as-young-man,head.pitch,57.75,0.5,-14.2,-12.6,12.6,0.0002,0
hermes-as-young-man,head.pitch,57.833,0,-6.4,-12.6,12.6,0,0
hermes-as-young-man,head.pitch,57.917,0,0,-12.6,12.6,0,0
hermes-as-young-man,head.pitch,58.167,2.9,34.4,-12.6,12.6,0.0013,0.002
hermes-as-young-man,head.pitch,58.25,1.3,-19.1,-12.6,12.6,0.0008,0.001
hermes-as-young-man,head.pitch,58.333,0.3,-11.5,-12.6,12.6,0.0002,0
hermes-as-young-man,head.pitch,58.417,0,-3.8,-12.6,12.6,0,0
hermes-as-young-man,head.pitch,58.5,0,0,-12.6,12.6,0,0
hermes-as-young-man,head.pitch,58.917,1.9,23.2,-12.6,12.6,0.0009,0.001
hermes-as-young-man,head.pitch,59,2.6,7.7,-12.6,12.6,0.0011,0
hermes-as-young-man,head.pitch,59.083,2.5,-0.4,-12.6,12.6,0.0011,0
hermes-as-young-man,head.pitch,59.167,2.5,-1.1,-12.6,12.6,0.001,0
hermes-as-young-man,head.pitch,59.25,2.3,-1.7,-12.6,12.6,0.001,0
hermes-as-young-man,head.pitch,59.333,2.1,-2.2,-12.6,12.6,0.0009,0
hermes-as-young-man,head.pitch,59.417,1.9,-2.6,-12.6,12.6,0.0008,0
hermes-as-young-man,head.pitch,59.5,1.7,-2.9,-12.6,12.6,0.0007,0
hermes-as-young-man,head.pitch,59.583,1.4,-3,-12.6,12.6,0.0006,0
hermes-as-young-man,head.pitch,59.667,1.2,-3.1,-12.6,12.6,0.0005,0
hermes-as-young-man,head.pitch,59.75,0.9,-3,-12.6,12.6,0.0004,0
hermes-as-young-man,head.pitch,59.833,0.7,-2.9,-12.6,12.6,0.0003,0
hermes-as-young-man,head.pitch,59.917,0.5,-2.6,-12.6,12.6,0.0002,0
hermes-as-young-man,head.pitch,60,0.3,-2.2,-12.6,12.6,0.0001,0
hermes-as-young-man,head.pitch,60.083,0.1,-1.7,-12.6,12.6,0.0001,0
hermes-as-young-man,head.pitch,60.167,0,-1.1,-12.6,12.6,0,0
hermes-as-young-man,head.pitch,60.25,0,-0.4,-12.6,12.6,0,0
hermes-as-young-man,head.pitch,61.25,2.9,34.4,-12.6,12.6,0.0013,0.002
hermes-as-young-man,head.pitch,61.333,1.6,-15,-12.6,12.6,0.0009,0
hermes-as-young-man,head.pitch,61.417,0.7,-10.7,-12.6,12.6,0.0003,0
hermes-as-young-man,head.pitch,61.5,0.2,-6.4,-12.6,12.6,0.0001,0
hermes-as-young-man,head.pitch,61.583,0,-2.1,-12.6,12.6,0,0
hermes-as-young-man,head.pitch,61.667,0,0,-12.6,12.6,0,0
hermes-as-young-man,head.pitch,63.5,-1.4,-17.2,-12.6,12.6,0.0007,0
hermes-as-young-man,head.pitch,63.583,-0.4,12.6,-12.6,12.6,0.0003,0
hermes-as-young-man,head.pitch,63.667,0.5,10.3,-12.6,12.6,0.0002,0
hermes-as-young-man,head.pitch,63.75,0.9,5,-12.6,12.6,0.0004,0
hermes-as-young-man,head.pitch,63.833,0.1,-9.4,-12.6,12.6,0.0001,0
hermes-as-young-man,head.pitch,63.917,-1.4,-17.9,-12.6,12.6,0.0006,0
hermes-as-young-man,head.pitch,64,-2.1,-8.2,-12.6,12.6,0.0009,0
hermes-as-young-man,head.pitch,64.083,-1.8,2.9,-12.6,12.6,0.0008,0
hermes-as-young-man,head.pitch,64.167,-1.6,3.2,-12.6,12.6,0.0006,0
hermes-as-young-man,head.pitch,64.25,-1.3,3.3,-12.6,12.6,0.0005,0
hermes-as-young-man,head.pitch,64.333,-1,3.3,-12.6,12.6,0.0004,0
hermes-as-young-man,head.pitch,64.417,-0.8,3.2,-12.6,12.6,0.0003,0
hermes-as-young-man,head.pitch,64.5,-0.5,2.9,-12.6,12.6,0.0002,0
hermes-as-young-man,head.pitch,64.583,2.6,36.9,-12.6,12.6,0.0012,0.002
hermes-as-young-man,head.pitch,64.667,1.1,-17.2,-12.6,12.6,0.0007,0
hermes-as-young-man,head.pitch,64.75,0.3,-10.2,-12.6,12.6,0.0002,0
hermes-as-young-man,head.pitch,64.833,0,-3.4,-12.6,12.6,0,0
hermes-as-young-man,head.pitch,64.917,0,0,-12.6,12.6,0,0
hermes-as-young-man,head.pitch,65.833,1.9,22.9,-12.6,12.6,0.0009,0.001
hermes-as-young-man,head.pitch,65.917,3.1,13.8,-12.6,12.6,0.0013,0.001
hermes-as-young-man,head.pitch,66,3.4,4.6,-12.6,12.6,0.0015,0
hermes-as-young-man,head.pitch,66.083,2.5,-10.7,-12.6,12.6,0.0011,0
hermes-as-young-man,head.pitch,66.167,0.9,-19.9,-12.6,12.6,0.0004,0
hermes-as-young-man,head.pitch,66.25,0,-10.7,-12.6,12.6,0,0
hermes-as-young-man,head.pitch,66.333,0,0,-12.6,12.6,0.0001,0
hermes-as-young-man,head.pitch,68,0,0,-12.6,12.6,0,0
hermes-as-young-man,arm.R.pitch,0,0,0,-183.3,60.2,0,0
hermes-as-young-man,arm.R.pitch,9.917,-0.6,-7.4,-183.3,60.2,0.0004,0
hermes-as-young-man,arm.R.pitch,10,-7.1,-77.7,-183.3,60.2,0.0045,0.012
hermes-as-young-man,arm.R.pitch,10.083,-15.2,-97.4,-183.3,60.2,0.008,0.027
hermes-as-young-man,arm.R.pitch,10.167,-23.2,-95.6,-183.3,60.2,0.0116,0.039
hermes-as-young-man,arm.R.pitch,10.25,-31.6,-100.9,-183.3,60.2,0.0155,0.055
hermes-as-young-man,arm.R.pitch,10.333,-40,-100.6,-183.3,60.2,0.0189,0.067
hermes-as-young-man,arm.R.pitch,10.417,-47.9,-95,-183.3,60.2,0.0219,0.074
hermes-as-young-man,arm.R.pitch,10.5,-54.9,-84.8,-183.3,60.2,0.0242,0.073
hermes-as-young-man,arm.R.pitch,10.583,-60.9,-71.2,-183.3,60.2,0.0259,0.066
hermes-as-young-man,arm.R.pitch,10.667,-65.5,-55.5,-183.3,60.2,0.027,0.054
hermes-as-young-man,arm.R.pitch,10.75,-68.7,-39,-183.3,60.2,0.0276,0.039
hermes-as-young-man,arm.R.pitch,10.833,-70.7,-22.9,-183.3,60.2,0.028,0.024
hermes-as-young-man,arm.R.pitch,10.917,-71.3,-8.1,-183.3,60.2,0.0281,0.009
hermes-as-young-man,arm.R.pitch,11,-70.9,5.2,-183.3,60.2,0.028,0.007
hermes-as-young-man,arm.R.pitch,11.083,-69.5,16.9,-183.3,60.2,0.0277,0.018
hermes-as-young-man,arm.R.pitch,11.167,-67.4,25.3,-183.3,60.2,0.0273,0.026
hermes-as-young-man,arm.R.pitch,11.25,-68.5,-14.1,-183.3,60.2,0.0279,0.015
hermes-as-young-man,arm.R.pitch,11.333,-68.8,-2.5,-183.3,60.2,0.0276,0.004
hermes-as-young-man,arm.R.pitch,11.417,-68.8,0,-183.3,60.2,0.0275,0.002
hermes-as-young-man,arm.R.pitch,12.667,-63,69.6,-183.3,60.2,0.0271,0.067
hermes-as-young-man,arm.R.pitch,12.75,-61,23.2,-183.3,60.2,0.0263,0.023
hermes-as-young-man,arm.R.pitch,12.833,-92.5,-378.2,-183.3,60.2,0.0344,0.457
hermes-as-young-man,arm.R.pitch,12.917,-111.4,-226.9,-183.3,60.2,0.0293,0.234
hermes-as-young-man,arm.R.pitch,13,-117.7,-75.6,-183.3,60.2,0.0279,0.075
hermes-as-young-man,arm.R.pitch,13.083,-116.1,19.6,-183.3,60.2,0.0276,0.02
hermes-as-young-man,arm.R.pitch,13.167,-114.5,19.6,-183.3,60.2,0.0268,0.02
hermes-as-young-man,arm.R.pitch,13.25,-112.8,19.6,-183.3,60.2,0.0271,0.02
hermes-as-young-man,arm.R.pitch,13.333,-111.2,19.6,-183.3,60.2,0.0274,0.02
hermes-as-young-man,arm.R.pitch,13.417,-109.6,19.6,-183.3,60.2,0.0277,0.021
hermes-as-young-man,arm.R.pitch,13.5,-107.9,19.6,-183.3,60.2,0.028,0.021
hermes-as-young-man,arm.R.pitch,13.583,-105,34.8,-183.3,60.2,0.0286,0.036
hermes-as-young-man,arm.R.pitch,13.667,-97.8,87.1,-183.3,60.2,0.0298,0.092
hermes-as-young-man,arm.R.pitch,13.75,-88.4,113.2,-183.3,60.2,0.0297,0.119
hermes-as-young-man,arm.R.pitch,13.833,-78.9,113.2,-183.3,60.2,0.0289,0.116
hermes-as-young-man,arm.R.pitch,13.917,-71.7,87.1,-183.3,60.2,0.0283,0.088
hermes-as-young-man,arm.R.pitch,14,-68.8,34.8,-183.3,60.2,0.0281,0.036
hermes-as-young-man,arm.R.pitch,14.083,-68.8,0,-183.3,60.2,0.0279,0.002
hermes-as-young-man,arm.R.pitch,16,-63,69.6,-183.3,60.2,0.0271,0.067
hermes-as-young-man,arm.R.pitch,16.083,-61,23.2,-183.3,60.2,0.0263,0.023
hermes-as-young-man,arm.R.pitch,16.167,-92.5,-378.2,-183.3,60.2,0.0344,0.457
hermes-as-young-man,arm.R.pitch,16.25,-111.4,-226.9,-183.3,60.2,0.0293,0.234
hermes-as-young-man,arm.R.pitch,16.333,-117.7,-75.6,-183.3,60.2,0.0279,0.075
hermes-as-young-man,arm.R.pitch,16.417,-116.1,19.6,-183.3,60.2,0.0276,0.02
hermes-as-young-man,arm.R.pitch,16.5,-114.5,19.6,-183.3,60.2,0.0268,0.02
hermes-as-young-man,arm.R.pitch,16.583,-112.8,19.6,-183.3,60.2,0.0271,0.02
hermes-as-young-man,arm.R.pitch,16.667,-111.2,19.6,-183.3,60.2,0.0274,0.02
hermes-as-young-man,arm.R.pitch,16.75,-109.6,19.6,-183.3,60.2,0.0277,0.021
hermes-as-young-man,arm.R.pitch,16.833,-107.9,19.6,-183.3,60.2,0.028,0.021
hermes-as-young-man,arm.R.pitch,16.917,-105,34.8,-183.3,60.2,0.0286,0.036
hermes-as-young-man,arm.R.pitch,17,-97.8,87.1,-183.3,60.2,0.0298,0.092
hermes-as-young-man,arm.R.pitch,17.083,-88.4,113.2,-183.3,60.2,0.0297,0.119
hermes-as-young-man,arm.R.pitch,17.167,-78.9,113.2,-183.3,60.2,0.0289,0.116
hermes-as-young-man,arm.R.pitch,17.25,-71.7,87.1,-183.3,60.2,0.0283,0.088
hermes-as-young-man,arm.R.pitch,17.333,-68.8,34.8,-183.3,60.2,0.0281,0.036
hermes-as-young-man,arm.R.pitch,17.417,-68.8,0,-183.3,60.2,0.0279,0.002
hermes-as-young-man,arm.R.pitch,18,-63,69.6,-183.3,60.2,0.0271,0.067
hermes-as-young-man,arm.R.pitch,18.083,-61,23.2,-183.3,60.2,0.0263,0.023
hermes-as-young-man,arm.R.pitch,18.167,-85.8,-297.8,-183.3,60.2,0.0334,0.349
hermes-as-young-man,arm.R.pitch,18.25,-103.6,-212.7,-183.3,60.2,0.0297,0.222
hermes-as-young-man,arm.R.pitch,18.333,-114.2,-127.6,-183.3,60.2,0.0279,0.126
hermes-as-young-man,arm.R.pitch,18.417,-117.7,-42.5,-183.3,60.2,0.0271,0.042
hermes-as-young-man,arm.R.pitch,18.5,-115.8,23.5,-183.3,60.2,0.0273,0.024
hermes-as-young-man,arm.R.pitch,18.583,-113.8,23.5,-183.3,60.2,0.0269,0.024
hermes-as-young-man,arm.R.pitch,18.667,-111.9,23.5,-183.3,60.2,0.0273,0.024
hermes-as-young-man,arm.R.pitch,18.75,-109.9,23.5,-183.3,60.2,0.0277,0.024
hermes-as-young-man,arm.R.pitch,18.833,-107.9,23.5,-183.3,60.2,0.028,0.025
hermes-as-young-man,arm.R.pitch,18.917,-105,34.8,-183.3,60.2,0.0286,0.036
hermes-as-young-man,arm.R.pitch,19,-97.8,87.1,-183.3,60.2,0.0298,0.092
hermes-as-young-man,arm.R.pitch,19.083,-88.4,113.2,-183.3,60.2,0.0297,0.119
hermes-as-young-man,arm.R.pitch,19.167,-78.9,113.2,-183.3,60.2,0.0289,0.116
hermes-as-young-man,arm.R.pitch,19.25,-71.7,87.1,-183.3,60.2,0.0283,0.088
hermes-as-young-man,arm.R.pitch,19.333,-68.8,34.8,-183.3,60.2,0.0281,0.036
hermes-as-young-man,arm.R.pitch,19.417,-68.8,0,-183.3,60.2,0.0279,0.002
hermes-as-young-man,arm.R.pitch,20.75,-63,69.6,-183.3,60.2,0.0271,0.067
hermes-as-young-man,arm.R.pitch,20.833,-61,23.2,-183.3,60.2,0.0263,0.023
hermes-as-young-man,arm.R.pitch,20.917,-85.8,-297.8,-183.3,60.2,0.0334,0.349
hermes-as-young-man,arm.R.pitch,21,-103.6,-212.7,-183.3,60.2,0.0297,0.222
hermes-as-young-man,arm.R.pitch,21.083,-114.2,-127.6,-183.3,60.2,0.0279,0.126
hermes-as-young-man,arm.R.pitch,21.167,-117.7,-42.5,-183.3,60.2,0.0271,0.042
hermes-as-young-man,arm.R.pitch,21.25,-115.8,23.5,-183.3,60.2,0.0273,0.024
hermes-as-young-man,arm.R.pitch,21.333,-113.8,23.5,-183.3,60.2,0.0269,0.024
hermes-as-young-man,arm.R.pitch,21.417,-111.9,23.5,-183.3,60.2,0.0273,0.024
hermes-as-young-man,arm.R.pitch,21.5,-109.9,23.5,-183.3,60.2,0.0277,0.024
hermes-as-young-man,arm.R.pitch,21.583,-107.9,23.5,-183.3,60.2,0.028,0.025
hermes-as-young-man,arm.R.pitch,21.667,-105,34.8,-183.3,60.2,0.0286,0.036
hermes-as-young-man,arm.R.pitch,21.75,-97.8,87.1,-183.3,60.2,0.0298,0.092
hermes-as-young-man,arm.R.pitch,21.833,-88.4,113.2,-183.3,60.2,0.0297,0.119
hermes-as-young-man,arm.R.pitch,21.917,-78.9,113.2,-183.3,60.2,0.0289,0.116
hermes-as-young-man,arm.R.pitch,22,-71.7,87.1,-183.3,60.2,0.0283,0.088
hermes-as-young-man,arm.R.pitch,22.083,-68.8,34.8,-183.3,60.2,0.0281,0.036
hermes-as-young-man,arm.R.pitch,22.167,-68.8,0,-183.3,60.2,0.0279,0.002
hermes-as-young-man,arm.R.pitch,25.167,-63,69.6,-183.3,60.2,0.0271,0.067
hermes-as-young-man,arm.R.pitch,25.25,-61,23.2,-183.3,60.2,0.0263,0.023
hermes-as-young-man,arm.R.pitch,25.333,-85.8,-297.8,-183.3,60.2,0.0334,0.349
hermes-as-young-man,arm.R.pitch,25.417,-103.6,-212.7,-183.3,60.2,0.0297,0.222
hermes-as-young-man,arm.R.pitch,25.5,-114.2,-127.6,-183.3,60.2,0.0279,0.126
hermes-as-young-man,arm.R.pitch,25.583,-117.7,-42.5,-183.3,60.2,0.0271,0.042
hermes-as-young-man,arm.R.pitch,25.667,-115.8,23.5,-183.3,60.2,0.0273,0.024
hermes-as-young-man,arm.R.pitch,25.75,-113.8,23.5,-183.3,60.2,0.0269,0.024
hermes-as-young-man,arm.R.pitch,25.833,-111.9,23.5,-183.3,60.2,0.0273,0.024
hermes-as-young-man,arm.R.pitch,25.917,-109.9,23.5,-183.3,60.2,0.0277,0.024
hermes-as-young-man,arm.R.pitch,26,-107.9,23.5,-183.3,60.2,0.028,0.025
hermes-as-young-man,arm.R.pitch,26.083,-105,34.8,-183.3,60.2,0.0286,0.036
hermes-as-young-man,arm.R.pitch,26.167,-97.8,87.1,-183.3,60.2,0.0298,0.092
hermes-as-young-man,arm.R.pitch,26.25,-88.4,113.2,-183.3,60.2,0.0297,0.119
hermes-as-young-man,arm.R.pitch,26.333,-78.9,113.2,-183.3,60.2,0.0289,0.116
hermes-as-young-man,arm.R.pitch,26.417,-71.7,87.1,-183.3,60.2,0.0283,0.088
hermes-as-young-man,arm.R.pitch,26.5,-68.8,34.8,-183.3,60.2,0.0281,0.036
hermes-as-young-man,arm.R.pitch,26.583,-68.8,0,-183.3,60.2,0.0279,0.002
hermes-as-young-man,arm.R.pitch,27.917,-68.9,-2.1,-183.3,60.2,0.0275,0.004
hermes-as-young-man,arm.R.pitch,28,-70.1,-13.4,-183.3,60.2,0.0278,0.015
hermes-as-young-man,arm.R.pitch,28.083,-72,-23.5,-183.3,60.2,0.0281,0.025
hermes-as-young-man,arm.R.pitch,28.167,-74.6,-30.9,-183.3,60.2,0.0285,0.032
hermes-as-young-man,arm.R.pitch,28.25,-77.6,-35.7,-183.3,60.2,0.0288,0.038
hermes-as-young-man,arm.R.pitch,28.333,-80.7,-37.9,-183.3,60.2,0.0291,0.04
hermes-as-young-man,arm.R.pitch,28.417,-83.8,-37.5,-183.3,60.2,0.0293,0.04
hermes-as-young-man,arm.R.pitch,28.5,-86.7,-34.5,-183.3,60.2,0.0294,0.037
hermes-as-young-man,arm.R.pitch,28.583,-91.4,-56.3,-183.3,60.2,0.0297,0.06
hermes-as-young-man,arm.R.pitch,28.667,-84.3,85.2,-183.3,60.2,0.0311,0.094
hermes-as-young-man,arm.R.pitch,28.75,-82.2,25.6,-183.3,60.2,0.0299,0.029
hermes-as-young-man,arm.R.pitch,28.833,-162.8,-967.5,-183.3,60.2,0.0212,0.716
hermes-as-young-man,arm.R.pitch,28.917,-183.3,-246.4,-183.3,60.2,0.0108,0.093
hermes-as-young-man,arm.R.pitch,29,-183.3,0,-183.3,60.2,0.0048,0
hermes-as-young-man,arm.R.pitch,29.167,-183.1,3.4,-183.3,60.2,0.0016,0
hermes-as-young-man,arm.R.pitch,29.25,-179.9,37.8,-183.3,60.2,0.0005,0.001
hermes-as-young-man,arm.R.pitch,29.333,-176.8,37.8,-183.3,60.2,0.0017,0.002
hermes-as-young-man,arm.R.pitch,29.417,-173.6,37.8,-183.3,60.2,0.0033,0.004
hermes-as-young-man,arm.R.pitch,29.5,-170.5,37.8,-183.3,60.2,0.0049,0.006
hermes-as-young-man,arm.R.pitch,29.583,-167.3,37.8,-183.3,60.2,0.0065,0.009
hermes-as-young-man,arm.R.pitch,29.667,-161.7,67.2,-183.3,60.2,0.0096,0.023
hermes-as-young-man,arm.R.pitch,29.75,-103.4,699.9,-183.3,60.2,0.0366,0.896
hermes-as-young-man,arm.R.pitch,29.833,-83.9,233.3,-183.3,60.2,0.0351,0.289
hermes-as-young-man,arm.R.pitch,29.917,-137.9,-647.4,-183.3,60.2,0.0308,0.698
hermes-as-young-man,arm.R.pitch,30,-157,-229.7,-183.3,60.2,0.0167,0.135
hermes-as-young-man,arm.R.pitch,30.083,-157,0,-183.3,60.2,0.0144,0
hermes-as-young-man,arm.R.pitch,30.167,-153.6,41.8,-183.3,60.2,0.0136,0.02
hermes-as-young-man,arm.R.pitch,30.25,-147.1,77.3,-183.3,60.2,0.0164,0.045
hermes-as-young-man,arm.R.pitch,30.333,-127.8,232,-183.3,60.2,0.0252,0.205
hermes-as-young-man,arm.R.pitch,30.417,-127.1,8.3,-183.3,60.2,0.0263,0.009
hermes-as-young-man,arm.R.pitch,30.5,-126.4,8.3,-183.3,60.2,0.0237,0.008
hermes-as-young-man,arm.R.pitch,30.583,-125.7,8.3,-183.3,60.2,0.0239,0.008
hermes-as-young-man,arm.R.pitch,30.667,-121.3,52.9,-183.3,60.2,0.0257,0.049
hermes-as-young-man,arm.R.pitch,30.75,-113.1,98.3,-183.3,60.2,0.0276,0.096
hermes-as-young-man,arm.R.pitch,30.833,-108.7,52.9,-183.3,60.2,0.0284,0.054
hermes-as-young-man,arm.R.pitch,30.917,-90.1,222.8,-183.3,60.2,0.0316,0.247
hermes-as-young-man,arm.R.pitch,31,-83.9,74.3,-183.3,60.2,0.0311,0.083
hermes-as-young-man,arm.R.pitch,31.083,-128.6,-535.6,-183.3,60.2,0.0307,0.575
hermes-as-young-man,arm.R.pitch,31.167,-136.2,-91.4,-183.3,60.2,0.026,0.084
hermes-as-young-man,arm.R.pitch,31.25,-132.9,39.2,-183.3,60.2,0.0232,0.033
hermes-as-young-man,arm.R.pitch,31.333,-131.6,16.5,-183.3,60.2,0.0223,0.014
hermes-as-young-man,arm.R.pitch,31.417,-130.2,16.5,-183.3,60.2,0.0225,0.014
hermes-as-young-man,arm.R.pitch,31.5,-128.8,16.5,-183.3,60.2,0.0229,0.014
hermes-as-young-man,arm.R.pitch,31.583,-127.4,16.5,-183.3,60.2,0.0234,0.015
hermes-as-young-man,arm.R.pitch,31.667,-126.1,16.5,-183.3,60.2,0.0238,0.015
hermes-as-young-man,arm.R.pitch,31.75,-124.7,16.5,-183.3,60.2,0.0242,0.015
hermes-as-young-man,arm.R.pitch,31.833,-120.4,51.3,-183.3,60.2,0.0258,0.048
hermes-as-young-man,arm.R.pitch,31.917,-112.5,95.3,-183.3,60.2,0.0278,0.094
hermes-as-young-man,arm.R.pitch,32,-108.2,51.3,-183.3,60.2,0.0285,0.053
hermes-as-young-man,arm.R.pitch,32.083,-89.4,225.9,-183.3,60.2,0.0316,0.251
hermes-as-young-man,arm.R.pitch,32.167,-83.1,75.3,-183.3,60.2,0.0311,0.084
hermes-as-young-man,arm.R.pitch,32.25,-116.9,-406.1,-183.3,60.2,0.0323,0.46
hermes-as-young-man,arm.R.pitch,32.333,-141.1,-290.1,-183.3,60.2,0.0199,0.203
hermes-as-young-man,arm.R.pitch,32.417,-155.6,-174,-183.3,60.2,0.0136,0.083
hermes-as-young-man,arm.R.pitch,32.5,-160.4,-58,-183.3,60.2,0.0113,0.023
hermes-as-young-man,arm.R.pitch,32.583,-158.7,20.6,-183.3,60.2,0.0117,0.009
hermes-as-young-man,arm.R.pitch,32.667,-157,20.6,-183.3,60.2,0.0115,0.009
hermes-as-young-man,arm.R.pitch,32.75,-155.3,20.6,-183.3,60.2,0.0123,0.009
hermes-as-young-man,arm.R.pitch,32.833,-153.6,20.6,-183.3,60.2,0.0131,0.01
hermes-as-young-man,arm.R.pitch,32.917,-151.8,20.6,-183.3,60.2,0.0139,0.01
hermes-as-young-man,arm.R.pitch,33,-150.1,20.6,-183.3,60.2,0.0147,0.011
hermes-as-young-man,arm.R.pitch,33.083,-148.4,20.6,-183.3,60.2,0.0154,0.012
hermes-as-young-man,arm.R.pitch,33.167,-146.7,20.6,-183.3,60.2,0.0162,0.012
hermes-as-young-man,arm.R.pitch,33.25,-142.6,48.9,-183.3,60.2,0.0182,0.032
hermes-as-young-man,arm.R.pitch,33.333,-132.4,122.2,-183.3,60.2,0.0226,0.098
hermes-as-young-man,arm.R.pitch,33.417,-119.2,158.9,-183.3,60.2,0.0262,0.146
hermes-as-young-man,arm.R.pitch,33.5,-105.9,158.9,-183.3,60.2,0.0283,0.159
hermes-as-young-man,arm.R.pitch,33.583,-95.7,122.2,-183.3,60.2,0.0297,0.129
hermes-as-young-man,arm.R.pitch,33.667,-91.7,48.9,-183.3,60.2,0.0303,0.054
hermes-as-young-man,arm.R.pitch,33.75,-91.7,0,-183.3,60.2,0.03,0.002
hermes-as-young-man,arm.R.pitch,35.5,-85.9,69.6,-183.3,60.2,0.0302,0.075
hermes-as-young-man,arm.R.pitch,35.583,-83.9,23.2,-183.3,60.2,0.0298,0.026
hermes-as-young-man,arm.R.pitch,35.667,-149.9,-791.3,-183.3,60.2,0.025,0.692
hermes-as-young-man,arm.R.pitch,35.75,-173.3,-280.8,-183.3,60.2,0.0099,0.097
hermes-as-young-man,arm.R.pitch,35.833,-173.3,0,-183.3,60.2,0.007,0
hermes-as-young-man,arm.R.pitch,35.917,-169,51.1,-183.3,60.2,0.0062,0.011
hermes-as-young-man,arm.R.pitch,36,-165.9,37.1,-183.3,60.2,0.0073,0.01
hermes-as-young-man,arm.R.pitch,36.083,-103.8,745.6,-183.3,60.2,0.0375,0.978
hermes-as-young-man,arm.R.pitch,36.167,-83.1,248.5,-183.3,60.2,0.0355,0.31
hermes-as-young-man,arm.R.pitch,36.25,-113.2,-361,-183.3,60.2,0.0347,0.44
hermes-as-young-man,arm.R.pitch,36.333,-134.6,-257.8,-183.3,60.2,0.0222,0.201
hermes-as-young-man,arm.R.pitch,36.417,-147.5,-154.7,-183.3,60.2,0.0171,0.093
hermes-as-young-man,arm.R.pitch,36.5,-151.8,-51.6,-183.3,60.2,0.0152,0.028
hermes-as-young-man,arm.R.pitch,36.583,-150.3,18.1,-183.3,60.2,0.0154,0.01
hermes-as-young-man,arm.R.pitch,36.667,-100.5,597.5,-183.3,60.2,0.0362,0.758
hermes-as-young-man,arm.R.pitch,36.75,-83.9,199.2,-183.3,60.2,0.0343,0.241
hermes-as-young-man,arm.R.pitch,36.833,-137.9,-647.4,-183.3,60.2,0.0304,0.688
hermes-as-young-man,arm.R.pitch,36.917,-157,-229.7,-183.3,60.2,0.0167,0.135
hermes-as-young-man,arm.R.pitch,37,-157,0,-183.3,60.2,0.0144,0
hermes-as-young-man,arm.R.pitch,37.083,-153.6,41.8,-183.3,60.2,0.0136,0.02
hermes-as-young-man,arm.R.pitch,37.167,-147.1,77.3,-183.3,60.2,0.0164,0.045
hermes-as-young-man,arm.R.pitch,37.25,-127.8,232,-183.3,60.2,0.0252,0.205
hermes-as-young-man,arm.R.pitch,37.333,-127.1,8.3,-183.3,60.2,0.0263,0.009
hermes-as-young-man,arm.R.pitch,37.417,-126.4,8.3,-183.3,60.2,0.0237,0.008
hermes-as-young-man,arm.R.pitch,37.5,-125.7,8.3,-183.3,60.2,0.0239,0.008
hermes-as-young-man,arm.R.pitch,37.583,-123.2,30.3,-183.3,60.2,0.0249,0.028
hermes-as-young-man,arm.R.pitch,37.667,-116.9,75.6,-183.3,60.2,0.0268,0.072
hermes-as-young-man,arm.R.pitch,37.75,-108.7,98.3,-183.3,60.2,0.0282,0.098
hermes-as-young-man,arm.R.pitch,37.833,-100.5,98.3,-183.3,60.2,0.0289,0.101
hermes-as-young-man,arm.R.pitch,37.917,-94.2,75.6,-183.3,60.2,0.0296,0.08
hermes-as-young-man,arm.R.pitch,38,-91.7,30.3,-183.3,60.2,0.03,0.033
hermes-as-young-man,arm.R.pitch,38.083,-85.9,69.6,-183.3,60.2,0.0298,0.074
hermes-as-young-man,arm.R.pitch,38.167,-83.9,23.2,-183.3,60.2,0.0298,0.026
hermes-as-young-man,arm.R.pitch,38.25,-121.9,-455.6,-183.3,60.2,0.031,0.495
hermes-as-young-man,arm.R.pitch,38.333,-135.4,-161.7,-183.3,60.2,0.0244,0.139
hermes-as-young-man,arm.R.pitch,38.417,-135.4,0,-183.3,60.2,0.0227,0.001
hermes-as-young-man,arm.R.pitch,38.5,-132.9,29.4,-183.3,60.2,0.0219,0.023
hermes-as-young-man,arm.R.pitch,38.583,-131.3,19.8,-183.3,60.2,0.0222,0.016
hermes-as-young-man,arm.R.pitch,38.667,-129.6,19.8,-183.3,60.2,0.0227,0.017
hermes-as-young-man,arm.R.pitch,38.75,-128,19.8,-183.3,60.2,0.0232,0.017
hermes-as-young-man,arm.R.pitch,38.833,-126.3,19.8,-183.3,60.2,0.0237,0.018
hermes-as-young-man,arm.R.pitch,38.917,-124.7,19.8,-183.3,60.2,0.0242,0.018
hermes-as-young-man,arm.R.pitch,39,-122.2,29.3,-183.3,60.2,0.025,0.027
hermes-as-young-man,arm.R.pitch,39.083,-116.1,73.3,-183.3,60.2,0.027,0.071
hermes-as-young-man,arm.R.pitch,39.167,-108.2,95.3,-183.3,60.2,0.0282,0.096
hermes-as-young-man,arm.R.pitch,39.25,-100.2,95.3,-183.3,60.2,0.029,0.098
hermes-as-young-man,arm.R.pitch,39.333,-94.1,73.3,-183.3,60.2,0.0296,0.078
hermes-as-young-man,arm.R.pitch,39.417,-91.7,29.3,-183.3,60.2,0.03,0.032
hermes-as-young-man,arm.R.pitch,39.5,-85.9,69.6,-183.3,60.2,0.0299,0.074
hermes-as-young-man,arm.R.pitch,39.583,-83.9,23.2,-183.3,60.2,0.0298,0.026
hermes-as-young-man,arm.R.pitch,39.667,-149.9,-791.3,-183.3,60.2,0.025,0.692
hermes-as-young-man,arm.R.pitch,39.75,-173.3,-280.8,-183.3,60.2,0.0099,0.097
hermes-as-young-man,arm.R.pitch,39.833,-173.3,0,-183.3,60.2,0.007,0
hermes-as-young-man,arm.R.pitch,39.917,-169,51.1,-183.3,60.2,0.0062,0.011
hermes-as-young-man,arm.R.pitch,40,-165.9,37.1,-183.3,60.2,0.0073,0.01
hermes-as-young-man,arm.R.pitch,40.083,-162.8,37.1,-183.3,60.2,0.0087,0.011
hermes-as-young-man,arm.R.pitch,40.167,-159.7,37.1,-183.3,60.2,0.0102,0.013
hermes-as-young-man,arm.R.pitch,40.25,-156.6,37.1,-183.3,60.2,0.0117,0.015
hermes-as-young-man,arm.R.pitch,40.333,-153.6,37.1,-183.3,60.2,0.0131,0.017
hermes-as-young-man,arm.R.pitch,40.417,-149,55,-183.3,60.2,0.0154,0.03
hermes-as-young-man,arm.R.pitch,40.5,-137.5,137.5,-183.3,60.2,0.0209,0.101
hermes-as-young-man,arm.R.pitch,40.583,-122.6,178.8,-183.3,60.2,0.0253,0.159
hermes-as-young-man,arm.R.pitch,40.667,-107.7,178.8,-183.3,60.2,0.028,0.177
hermes-as-young-man,arm.R.pitch,40.75,-96.3,137.5,-183.3,60.2,0.0298,0.145
hermes-as-young-man,arm.R.pitch,40.833,-91.7,55,-183.3,60.2,0.0305,0.06
hermes-as-young-man,arm.R.pitch,40.917,-91.7,0,-183.3,60.2,0.0301,0.002
hermes-as-young-man,arm.R.pitch,42.25,-85.9,69.6,-183.3,60.2,0.0302,0.075
hermes-as-young-man,arm.R.pitch,42.333,-83.9,23.2,-183.3,60.2,0.0298,0.026
hermes-as-young-man,arm.R.pitch,42.417,-137.9,-647.4,-183.3,60.2,0.0282,0.638
hermes-as-young-man,arm.R.pitch,42.5,-157,-229.7,-183.3,60.2,0.0167,0.135
hermes-as-young-man,arm.R.pitch,42.583,-157,0,-183.3,60.2,0.0144,0
hermes-as-young-man,arm.R.pitch,42.667,-153.6,41.8,-183.3,60.2,0.0136,0.02
hermes-as-young-man,arm.R.pitch,42.75,-147.1,77.3,-183.3,60.2,0.0164,0.045
hermes-as-young-man,arm.R.pitch,42.833,-127.8,232,-183.3,60.2,0.0252,0.205
hermes-as-young-man,arm.R.pitch,42.917,-127.1,8.3,-183.3,60.2,0.0263,0.009
hermes-as-young-man,arm.R.pitch,43,-126.4,8.3,-183.3,60.2,0.0237,0.008
hermes-as-young-man,arm.R.pitch,43.083,-125.7,8.3,-183.3,60.2,0.0239,0.008
hermes-as-young-man,arm.R.pitch,43.167,-123.2,30.3,-183.3,60.2,0.0249,0.028
hermes-as-young-man,arm.R.pitch,43.25,-116.9,75.6,-183.3,60.2,0.0268,0.072
hermes-as-young-man,arm.R.pitch,43.333,-108.7,98.3,-183.3,60.2,0.0282,0.098
hermes-as-young-man,arm.R.pitch,43.417,-100.5,98.3,-183.3,60.2,0.0289,0.101
hermes-as-young-man,arm.R.pitch,43.5,-94.2,75.6,-183.3,60.2,0.0296,0.08
hermes-as-young-man,arm.R.pitch,43.583,-91.7,30.3,-183.3,60.2,0.03,0.033
hermes-as-young-man,arm.R.pitch,43.667,-91.7,0,-183.3,60.2,0.0298,0.002
hermes-as-young-man,arm.R.pitch,45.083,-85.9,69.6,-183.3,60.2,0.0302,0.075
hermes-as-young-man,arm.R.pitch,45.167,-83.9,23.2,-183.3,60.2,0.0298,0.026
hermes-as-young-man,arm.R.pitch,45.25,-121.9,-455.6,-183.3,60.2,0.031,0.495
hermes-as-young-man,arm.R.pitch,45.333,-135.4,-161.7,-183.3,60.2,0.0244,0.139
hermes-as-young-man,arm.R.pitch,45.417,-135.4,0,-183.3,60.2,0.0227,0.001
hermes-as-young-man,arm.R.pitch,45.5,-132.9,29.4,-183.3,60.2,0.0219,0.023
hermes-as-young-man,arm.R.pitch,45.583,-131.3,19.8,-183.3,60.2,0.0222,0.016
hermes-as-young-man,arm.R.pitch,45.667,-129.6,19.8,-183.3,60.2,0.0227,0.017
hermes-as-young-man,arm.R.pitch,45.75,-128,19.8,-183.3,60.2,0.0232,0.017
hermes-as-young-man,arm.R.pitch,45.833,-126.3,19.8,-183.3,60.2,0.0237,0.018
hermes-as-young-man,arm.R.pitch,45.917,-124.7,19.8,-183.3,60.2,0.0242,0.018
hermes-as-young-man,arm.R.pitch,46,-122.2,29.3,-183.3,60.2,0.025,0.027
hermes-as-young-man,arm.R.pitch,46.083,-116.1,73.3,-183.3,60.2,0.027,0.071
hermes-as-young-man,arm.R.pitch,46.167,-108.2,95.3,-183.3,60.2,0.0282,0.096
hermes-as-young-man,arm.R.pitch,46.25,-100.2,95.3,-183.3,60.2,0.029,0.098
hermes-as-young-man,arm.R.pitch,46.333,-94.1,73.3,-183.3,60.2,0.0296,0.078
hermes-as-young-man,arm.R.pitch,46.417,-91.7,29.3,-183.3,60.2,0.03,0.032
hermes-as-young-man,arm.R.pitch,46.5,-91.7,0,-183.3,60.2,0.0298,0.002
hermes-as-young-man,arm.R.pitch,47.5,-90.8,10.5,-183.3,60.2,0.0296,0.013
hermes-as-young-man,arm.R.pitch,47.583,-87,45.6,-183.3,60.2,0.0298,0.049
hermes-as-young-man,arm.R.pitch,47.667,-80.8,74.5,-183.3,60.2,0.0294,0.078
hermes-as-young-man,arm.R.pitch,47.75,-72.8,95.6,-183.3,60.2,0.0284,0.096
hermes-as-young-man,arm.R.pitch,47.833,-63.8,108.8,-183.3,60.2,0.0266,0.102
hermes-as-young-man,arm.R.pitch,47.917,-54.2,114.1,-183.3,60.2,0.0239,0.097
hermes-as-young-man,arm.R.pitch,48,-44.9,111.6,-183.3,60.2,0.0208,0.082
hermes-as-young-man,arm.R.pitch,48.083,-36.5,101.2,-183.3,60.2,0.0176,0.063
hermes-as-young-man,arm.R.pitch,48.167,-29.6,83,-183.3,60.2,0.0148,0.043
hermes-as-young-man,arm.R.pitch,48.25,-24.8,56.9,-183.3,60.2,0.0127,0.026
hermes-as-young-man,arm.R.pitch,48.333,-15.8,108.1,-183.3,60.2,0.0087,0.033
hermes-as-young-man,arm.R.pitch,48.417,-13.5,28.5,-183.3,60.2,0.0079,0.008
hermes-as-young-man,arm.R.pitch,48.5,-79.4,-791.3,-183.3,60.2,0.0392,1.087
hermes-as-young-man,arm.R.pitch,48.583,-102.8,-280.8,-183.3,60.2,0.0351,0.347
hermes-as-young-man,arm.R.pitch,48.667,-102.8,0,-183.3,60.2,0.0322,0.002
hermes-as-young-man,arm.R.pitch,48.75,-98.5,51.1,-183.3,60.2,0.0297,0.055
hermes-as-young-man,arm.R.pitch,48.833,-90.7,94.5,-183.3,60.2,0.03,0.101
hermes-as-young-man,arm.R.pitch,48.917,-67,283.6,-183.3,60.2,0.0295,0.294
hermes-as-young-man,arm.R.pitch,49,-66.2,10.1,-183.3,60.2,0.0304,0.013
hermes-as-young-man,arm.R.pitch,49.083,-65.4,10.1,-183.3,60.2,0.0267,0.011
hermes-as-young-man,arm.R.pitch,49.167,-64.5,10.1,-183.3,60.2,0.0266,0.011
hermes-as-young-man,arm.R.pitch,49.25,-61.4,37,-183.3,60.2,0.0262,0.035
hermes-as-young-man,arm.R.pitch,49.333,-53.7,92.4,-183.3,60.2,0.0244,0.08
hermes-as-young-man,arm.R.pitch,49.417,-43.7,120.2,-183.3,60.2,0.0207,0.088
hermes-as-young-man,arm.R.pitch,49.5,-33.7,120.2,-183.3,60.2,0.0163,0.069
hermes-as-young-man,arm.R.pitch,49.583,-26,92.4,-183.3,60.2,0.0132,0.043
hermes-as-young-man,arm.R.pitch,49.667,-22.9,37,-183.3,60.2,0.0122,0.016
hermes-as-young-man,arm.R.pitch,49.75,-22.9,0,-183.3,60.2,0.0119,0
hermes-as-young-man,arm.R.pitch,50.083,-16.5,77.3,-183.3,60.2,0.0093,0.025
hermes-as-young-man,arm.R.pitch,50.167,-14.3,25.8,-183.3,60.2,0.0079,0.007
hermes-as-young-man,arm.R.pitch,50.25,-50.7,-436.2,-183.3,60.2,0.0286,0.437
hermes-as-young-man,arm.R.pitch,50.333,-76.6,-311.5,-183.3,60.2,0.0302,0.33
hermes-as-young-man,arm.R.pitch,50.417,-92.2,-186.9,-183.3,60.2,0.031,0.204
hermes-as-young-man,arm.R.pitch,50.5,-97.4,-62.3,-183.3,60.2,0.0308,0.069
hermes-as-young-man,arm.R.pitch,50.583,-95.5,22.3,-183.3,60.2,0.0304,0.026
hermes-as-young-man,arm.R.pitch,50.667,-93.7,22.3,-183.3,60.2,0.0294,0.025
hermes-as-young-man,arm.R.pitch,50.75,-91.8,22.3,-183.3,60.2,0.0294,0.025
hermes-as-young-man,arm.R.pitch,50.833,-90,22.3,-183.3,60.2,0.0294,0.025
hermes-as-young-man,arm.R.pitch,50.917,-88.1,22.3,-183.3,60.2,0.0294,0.025
hermes-as-young-man,arm.R.pitch,51,-86.2,22.3,-183.3,60.2,0.0294,0.025
hermes-as-young-man,arm.R.pitch,51.083,-84.4,22.3,-183.3,60.2,0.0293,0.025
hermes-as-young-man,arm.R.pitch,51.167,-82.5,22.3,-183.3,60.2,0.0292,0.024
hermes-as-young-man,arm.R.pitch,51.25,-78.1,52.9,-183.3,60.2,0.0292,0.056
hermes-as-young-man,arm.R.pitch,51.333,-30.9,566.2,-183.3,60.2,0.0216,0.427
hermes-as-young-man,arm.R.pitch,51.417,-15.2,188.7,-183.3,60.2,0.0125,0.082
hermes-as-young-man,arm.R.pitch,51.5,-40,-297.8,-183.3,60.2,0.025,0.261
hermes-as-young-man,arm.R.pitch,51.583,-57.7,-212.7,-183.3,60.2,0.026,0.194
hermes-as-young-man,arm.R.pitch,51.667,-68.4,-127.6,-183.3,60.2,0.0284,0.128
hermes-as-young-man,arm.R.pitch,51.75,-71.9,-42.5,-183.3,60.2,0.029,0.045
hermes-as-young-man,arm.R.pitch,51.833,-69.9,23.5,-183.3,60.2,0.0285,0.025
hermes-as-young-man,arm.R.pitch,51.917,-68,23.5,-183.3,60.2,0.0273,0.024
hermes-as-young-man,arm.R.pitch,52,-66,23.5,-183.3,60.2,0.0269,0.024
hermes-as-young-man,arm.R.pitch,52.083,-64.1,23.5,-183.3,60.2,0.0265,0.023
hermes-as-young-man,arm.R.pitch,52.167,-62.1,23.5,-183.3,60.2,0.026,0.023
hermes-as-young-man,arm.R.pitch,52.25,-59.2,34.8,-183.3,60.2,0.0254,0.032
hermes-as-young-man,arm.R.pitch,52.333,-51.9,87.1,-183.3,60.2,0.0238,0.074
hermes-as-young-man,arm.R.pitch,52.417,-42.5,113.2,-183.3,60.2,0.0202,0.081
hermes-as-young-man,arm.R.pitch,52.5,-33.1,113.2,-183.3,60.2,0.0161,0.064
hermes-as-young-man,arm.R.pitch,52.583,-25.8,87.1,-183.3,60.2,0.0131,0.04
hermes-as-young-man,arm.R.pitch,52.667,-22.9,34.8,-183.3,60.2,0.0121,0.015
hermes-as-young-man,arm.R.pitch,52.75,-22.9,0,-183.3,60.2,0.0119,0
hermes-as-young-man,arm.R.pitch,55.167,-17.1,69.6,-183.3,60.2,0.0095,0.023
hermes-as-young-man,arm.R.pitch,55.25,-15.2,23.2,-183.3,60.2,0.0083,0.007
hermes-as-young-man,arm.R.pitch,55.333,-69.1,-647.4,-183.3,60.2,0.0359,0.815
hermes-as-young-man,arm.R.pitch,55.417,-88.3,-229.7,-183.3,60.2,0.0347,0.28
hermes-as-young-man,arm.R.pitch,55.5,-88.3,0,-183.3,60.2,0.0323,0.002
hermes-as-young-man,arm.R.pitch,55.583,-84.8,41.8,-183.3,60.2,0.0298,0.045
hermes-as-young-man,arm.R.pitch,55.667,-78.4,77.3,-183.3,60.2,0.0293,0.081
hermes-as-young-man,arm.R.pitch,55.75,-59,232,-183.3,60.2,0.0272,0.222
hermes-as-young-man,arm.R.pitch,55.833,-58.3,8.3,-183.3,60.2,0.0279,0.01
hermes-as-young-man,arm.R.pitch,55.917,-57.6,8.3,-183.3,60.2,0.0249,0.008
hermes-as-young-man,arm.R.pitch,56,-57,8.3,-183.3,60.2,0.0247,0.008
hermes-as-young-man,arm.R.pitch,56.083,-54.4,30.3,-183.3,60.2,0.0242,0.027
hermes-as-young-man,arm.R.pitch,56.167,-48.1,75.6,-183.3,60.2,0.0225,0.06
hermes-as-young-man,arm.R.pitch,56.25,-39.9,98.3,-183.3,60.2,0.0192,0.067
hermes-as-young-man,arm.R.pitch,56.333,-31.7,98.3,-183.3,60.2,0.0155,0.054
hermes-as-young-man,arm.R.pitch,56.417,-25.4,75.6,-183.3,60.2,0.0129,0.034
hermes-as-young-man,arm.R.pitch,56.5,-22.9,30.3,-183.3,60.2,0.012,0.013
hermes-as-young-man,arm.R.pitch,56.583,-22.9,0,-183.3,60.2,0.0118,0
hermes-as-young-man,arm.R.pitch,58.917,-17.1,69.6,-183.3,60.2,0.0095,0.023
hermes-as-young-man,arm.R.pitch,59,-15.2,23.2,-183.3,60.2,0.0083,0.007
hermes-as-young-man,arm.R.pitch,59.083,-78.6,-761.1,-183.3,60.2,0.0387,1.031
hermes-as-young-man,arm.R.pitch,59.167,-89.4,-129.9,-183.3,60.2,0.0374,0.172
hermes-as-young-man,arm.R.pitch,59.25,-84.8,55.7,-183.3,60.2,0.0316,0.064
hermes-as-young-man,arm.R.pitch,59.333,-78.4,77.3,-183.3,60.2,0.0291,0.08
hermes-as-young-man,arm.R.pitch,59.417,-59,232,-183.3,60.2,0.0272,0.222
hermes-as-young-man,arm.R.pitch,59.5,-58.5,6.2,-183.3,60.2,0.0279,0.008
hermes-as-young-man,arm.R.pitch,59.583,-58,6.2,-183.3,60.2,0.025,0.007
hermes-as-young-man,arm.R.pitch,59.667,-57.5,6.2,-183.3,60.2,0.0248,0.007
hermes-as-young-man,arm.R.pitch,59.75,-57,6.2,-183.3,60.2,0.0247,0.007
hermes-as-young-man,arm.R.pitch,59.833,-54.4,30.3,-183.3,60.2,0.0242,0.027
hermes-as-young-man,arm.R.pitch,59.917,-48.1,75.6,-183.3,60.2,0.0225,0.06
hermes-as-young-man,arm.R.pitch,60,-39.9,98.3,-183.3,60.2,0.0192,0.067
hermes-as-young-man,arm.R.pitch,60.083,-31.7,98.3,-183.3,60.2,0.0155,0.054
hermes-as-young-man,arm.R.pitch,60.167,-25.4,75.6,-183.3,60.2,0.0129,0.034
hermes-as-young-man,arm.R.pitch,60.25,-22.9,30.3,-183.3,60.2,0.012,0.013
hermes-as-young-man,arm.R.pitch,60.333,-22.9,0,-183.3,60.2,0.0118,0
hermes-as-young-man,arm.R.pitch,63.5,-17.1,69.6,-183.3,60.2,0.0095,0.023
hermes-as-young-man,arm.R.pitch,63.583,-15.2,23.2,-183.3,60.2,0.0083,0.007
hermes-as-young-man,arm.R.pitch,63.667,-40,-297.8,-183.3,60.2,0.023,0.24
hermes-as-young-man,arm.R.pitch,63.75,-57.7,-212.7,-183.3,60.2,0.026,0.194
hermes-as-young-man,arm.R.pitch,63.833,-68.4,-127.6,-183.3,60.2,0.0284,0.128
hermes-as-young-man,arm.R.pitch,63.917,-71.9,-42.5,-183.3,60.2,0.029,0.045
hermes-as-young-man,arm.R.pitch,64,-69.9,23.5,-183.3,60.2,0.0285,0.025
hermes-as-young-man,arm.R.pitch,64.083,-68,23.5,-183.3,60.2,0.0273,0.024
hermes-as-young-man,arm.R.pitch,64.167,-66,23.5,-183.3,60.2,0.0269,0.024
hermes-as-young-man,arm.R.pitch,64.25,-64.1,23.5,-183.3,60.2,0.0265,0.023
hermes-as-young-man,arm.R.pitch,64.333,-62.1,23.5,-183.3,60.2,0.026,0.023
hermes-as-young-man,arm.R.pitch,64.417,-59.2,34.8,-183.3,60.2,0.0254,0.032
hermes-as-young-man,arm.R.pitch,64.5,-51.9,87.1,-183.3,60.2,0.0238,0.074
hermes-as-young-man,arm.R.pitch,64.583,-42.5,113.2,-183.3,60.2,0.0202,0.081
hermes-as-young-man,arm.R.pitch,64.667,-33.1,113.2,-183.3,60.2,0.0161,0.064
hermes-as-young-man,arm.R.pitch,64.75,-25.8,87.1,-183.3,60.2,0.0131,0.04
hermes-as-young-man,arm.R.pitch,64.833,-22.9,34.8,-183.3,60.2,0.0121,0.015
hermes-as-young-man,arm.R.pitch,64.917,-22.9,0,-183.3,60.2,0.0119,0
hermes-as-young-man,arm.R.pitch,68,-22.9,0,-183.3,60.2,0.0115,0
hermes-as-young-man,arm.R.out,0,0,0,-11.5,31.5,0,0
hermes-as-young-man,arm.R.out,12.667,5.9,71.3,-11.5,31.5,0.0039,0.01
hermes-as-young-man,arm.R.out,12.75,10.6,55.4,-11.5,31.5,0.0056,0.011
hermes-as-young-man,arm.R.out,12.833,13.9,39.6,-11.5,31.5,0.0072,0.01
hermes-as-young-man,arm.R.out,12.917,15.8,23.8,-11.5,31.5,0.0082,0.007
hermes-as-young-man,arm.R.out,13,16.5,7.9,-11.5,31.5,0.0086,0.003
hermes-as-young-man,arm.R.out,13.083,15.8,-8.3,-11.5,31.5,0.0082,0.003
hermes-as-young-man,arm.R.out,13.167,15.1,-8.3,-11.5,31.5,0.0077,0.002
hermes-as-young-man,arm.R.out,13.25,14.4,-8.3,-11.5,31.5,0.0073,0.002
hermes-as-young-man,arm.R.out,13.333,13.8,-8.3,-11.5,31.5,0.007,0.002
hermes-as-young-man,arm.R.out,13.417,13.1,-8.3,-11.5,31.5,0.0067,0.002
hermes-as-young-man,arm.R.out,13.5,12.4,-8.3,-11.5,31.5,0.0063,0.002
hermes-as-young-man,arm.R.out,13.583,11.5,-11,-11.5,31.5,0.0059,0.002
hermes-as-young-man,arm.R.out,13.667,9.2,-27.5,-11.5,31.5,0.0049,0.005
hermes-as-young-man,arm.R.out,13.75,6.2,-35.8,-11.5,31.5,0.0033,0.004
hermes-as-young-man,arm.R.out,13.833,3.2,-35.8,-11.5,31.5,0.0016,0.002
hermes-as-young-man,arm.R.out,13.917,0.9,-27.5,-11.5,31.5,0.0006,0.001
hermes-as-young-man,arm.R.out,14,0,-11,-11.5,31.5,0.0002,0
hermes-as-young-man,arm.R.out,14.083,0,0,-11.5,31.5,0.0001,0
hermes-as-young-man,arm.R.out,16,5.9,71.3,-11.5,31.5,0.0039,0.01
hermes-as-young-man,arm.R.out,16.083,10.6,55.4,-11.5,31.5,0.0056,0.011
hermes-as-young-man,arm.R.out,16.167,13.9,39.6,-11.5,31.5,0.0072,0.01
hermes-as-young-man,arm.R.out,16.25,15.8,23.8,-11.5,31.5,0.0082,0.007
hermes-as-young-man,arm.R.out,16.333,16.5,7.9,-11.5,31.5,0.0086,0.003
hermes-as-young-man,arm.R.out,16.417,15.8,-8.3,-11.5,31.5,0.0082,0.003
hermes-as-young-man,arm.R.out,16.5,15.1,-8.3,-11.5,31.5,0.0077,0.002
hermes-as-young-man,arm.R.out,16.583,14.4,-8.3,-11.5,31.5,0.0073,0.002
hermes-as-young-man,arm.R.out,16.667,13.8,-8.3,-11.5,31.5,0.007,0.002
hermes-as-young-man,arm.R.out,16.75,13.1,-8.3,-11.5,31.5,0.0067,0.002
hermes-as-young-man,arm.R.out,16.833,12.4,-8.3,-11.5,31.5,0.0063,0.002
hermes-as-young-man,arm.R.out,16.917,11.5,-11,-11.5,31.5,0.0059,0.002
hermes-as-young-man,arm.R.out,17,9.2,-27.5,-11.5,31.5,0.0049,0.005
hermes-as-young-man,arm.R.out,17.083,6.2,-35.8,-11.5,31.5,0.0033,0.004
hermes-as-young-man,arm.R.out,17.167,3.2,-35.8,-11.5,31.5,0.0016,0.002
hermes-as-young-man,arm.R.out,17.25,0.9,-27.5,-11.5,31.5,0.0006,0.001
hermes-as-young-man,arm.R.out,17.333,0,-11,-11.5,31.5,0.0002,0
hermes-as-young-man,arm.R.out,17.417,0,0,-11.5,31.5,0.0001,0
hermes-as-young-man,arm.R.out,18,5,60.5,-11.5,31.5,0.0033,0.007
hermes-as-young-man,arm.R.out,18.083,9.2,49.5,-11.5,31.5,0.0048,0.008
hermes-as-young-man,arm.R.out,18.167,12.4,38.5,-11.5,31.5,0.0064,0.009
hermes-as-young-man,arm.R.out,18.25,14.7,27.5,-11.5,31.5,0.0076,0.007
hermes-as-young-man,arm.R.out,18.333,16,16.5,-11.5,31.5,0.0083,0.005
hermes-as-young-man,arm.R.out,18.417,16.5,5.5,-11.5,31.5,0.0085,0.002
hermes-as-young-man,arm.R.out,18.5,15.7,-9.9,-11.5,31.5,0.0081,0.003
hermes-as-young-man,arm.R.out,18.583,14.9,-9.9,-11.5,31.5,0.0075,0.003
hermes-as-young-man,arm.R.out,18.667,14,-9.9,-11.5,31.5,0.0071,0.003
hermes-as-young-man,arm.R.out,18.75,13.2,-9.9,-11.5,31.5,0.0067,0.002
hermes-as-young-man,arm.R.out,18.833,12.4,-9.9,-11.5,31.5,0.0063,0.002
hermes-as-young-man,arm.R.out,18.917,11.5,-11,-11.5,31.5,0.0059,0.002
hermes-as-young-man,arm.R.out,19,9.2,-27.5,-11.5,31.5,0.0049,0.005
hermes-as-young-man,arm.R.out,19.083,6.2,-35.8,-11.5,31.5,0.0033,0.004
hermes-as-young-man,arm.R.out,19.167,3.2,-35.8,-11.5,31.5,0.0016,0.002
hermes-as-young-man,arm.R.out,19.25,0.9,-27.5,-11.5,31.5,0.0006,0.001
hermes-as-young-man,arm.R.out,19.333,0,-11,-11.5,31.5,0.0002,0
hermes-as-young-man,arm.R.out,19.417,0,0,-11.5,31.5,0.0001,0
hermes-as-young-man,arm.R.out,20.75,5,60.5,-11.5,31.5,0.0033,0.007
hermes-as-young-man,arm.R.out,20.833,9.2,49.5,-11.5,31.5,0.0048,0.008
hermes-as-young-man,arm.R.out,20.917,12.4,38.5,-11.5,31.5,0.0064,0.009
hermes-as-young-man,arm.R.out,21,14.7,27.5,-11.5,31.5,0.0076,0.007
hermes-as-young-man,arm.R.out,21.083,16,16.5,-11.5,31.5,0.0083,0.005
hermes-as-young-man,arm.R.out,21.167,16.5,5.5,-11.5,31.5,0.0085,0.002
hermes-as-young-man,arm.R.out,21.25,15.7,-9.9,-11.5,31.5,0.0081,0.003
hermes-as-young-man,arm.R.out,21.333,14.9,-9.9,-11.5,31.5,0.0075,0.003
hermes-as-young-man,arm.R.out,21.417,14,-9.9,-11.5,31.5,0.0071,0.003
hermes-as-young-man,arm.R.out,21.5,13.2,-9.9,-11.5,31.5,0.0067,0.002
hermes-as-young-man,arm.R.out,21.583,12.4,-9.9,-11.5,31.5,0.0063,0.002
hermes-as-young-man,arm.R.out,21.667,11.5,-11,-11.5,31.5,0.0059,0.002
hermes-as-young-man,arm.R.out,21.75,9.2,-27.5,-11.5,31.5,0.0049,0.005
hermes-as-young-man,arm.R.out,21.833,6.2,-35.8,-11.5,31.5,0.0033,0.004
hermes-as-young-man,arm.R.out,21.917,3.2,-35.8,-11.5,31.5,0.0016,0.002
hermes-as-young-man,arm.R.out,22,0.9,-27.5,-11.5,31.5,0.0006,0.001
hermes-as-young-man,arm.R.out,22.083,0,-11,-11.5,31.5,0.0002,0
hermes-as-young-man,arm.R.out,22.167,0,0,-11.5,31.5,0.0001,0
hermes-as-young-man,arm.R.out,25.167,5,60.5,-11.5,31.5,0.0033,0.007
hermes-as-young-man,arm.R.out,25.25,9.2,49.5,-11.5,31.5,0.0048,0.008
hermes-as-young-man,arm.R.out,25.333,12.4,38.5,-11.5,31.5,0.0064,0.009
hermes-as-young-man,arm.R.out,25.417,14.7,27.5,-11.5,31.5,0.0076,0.007
hermes-as-young-man,arm.R.out,25.5,16,16.5,-11.5,31.5,0.0083,0.005
hermes-as-young-man,arm.R.out,25.583,16.5,5.5,-11.5,31.5,0.0085,0.002
hermes-as-young-man,arm.R.out,25.667,15.7,-9.9,-11.5,31.5,0.0081,0.003
hermes-as-young-man,arm.R.out,25.75,14.9,-9.9,-11.5,31.5,0.0075,0.003
hermes-as-young-man,arm.R.out,25.833,14,-9.9,-11.5,31.5,0.0071,0.003
hermes-as-young-man,arm.R.out,25.917,13.2,-9.9,-11.5,31.5,0.0067,0.002
hermes-as-young-man,arm.R.out,26,12.4,-9.9,-11.5,31.5,0.0063,0.002
hermes-as-young-man,arm.R.out,26.083,11.5,-11,-11.5,31.5,0.0059,0.002
hermes-as-young-man,arm.R.out,26.167,9.2,-27.5,-11.5,31.5,0.0049,0.005
hermes-as-young-man,arm.R.out,26.25,6.2,-35.8,-11.5,31.5,0.0033,0.004
hermes-as-young-man,arm.R.out,26.333,3.2,-35.8,-11.5,31.5,0.0016,0.002
hermes-as-young-man,arm.R.out,26.417,0.9,-27.5,-11.5,31.5,0.0006,0.001
hermes-as-young-man,arm.R.out,26.5,0,-11,-11.5,31.5,0.0002,0
hermes-as-young-man,arm.R.out,26.583,0,0,-11.5,31.5,0.0001,0
hermes-as-young-man,arm.R.out,28.667,1.8,22.1,-11.5,31.5,0.0012,0.001
hermes-as-young-man,arm.R.out,28.75,2.9,12.4,-11.5,31.5,0.0016,0.001
hermes-as-young-man,arm.R.out,28.833,3.3,5.3,-11.5,31.5,0.0018,0
hermes-as-young-man,arm.R.out,28.917,3.4,0.6,-11.5,31.5,0.0018,0
hermes-as-young-man,arm.R.out,29,3.2,-1.5,-11.5,31.5,0.0017,0
hermes-as-young-man,arm.R.out,29.083,3.2,-1.1,-11.5,31.5,0.0016,0
hermes-as-young-man,arm.R.out,29.167,3,-1.6,-11.5,31.5,0.0016,0
hermes-as-young-man,arm.R.out,29.25,2.9,-1.6,-11.5,31.5,0.0015,0
hermes-as-young-man,arm.R.out,29.333,2.8,-1.6,-11.5,31.5,0.0014,0
hermes-as-young-man,arm.R.out,29.417,2.6,-1.6,-11.5,31.5,0.0013,0
hermes-as-young-man,arm.R.out,29.5,2.5,-1.6,-11.5,31.5,0.0013,0
hermes-as-young-man,arm.R.out,29.583,2.4,-1.6,-11.5,31.5,0.0012,0
hermes-as-young-man,arm.R.out,29.667,2.2,-2.1,-11.5,31.5,0.0011,0
hermes-as-young-man,arm.R.out,29.75,3.3,13.6,-11.5,31.5,0.0019,0.001
hermes-as-young-man,arm.R.out,29.833,4,7.6,-11.5,31.5,0.0021,0.001
hermes-as-young-man,arm.R.out,29.917,4.2,3.2,-11.5,31.5,0.0022,0
hermes-as-young-man,arm.R.out,30,4.3,0.4,-11.5,31.5,0.0022,0
hermes-as-young-man,arm.R.out,30.083,4.2,-0.9,-11.5,31.5,0.0022,0
hermes-as-young-man,arm.R.out,30.167,4.1,-0.6,-11.5,31.5,0.0021,0
hermes-as-young-man,arm.R.out,30.25,3.9,-2.5,-11.5,31.5,0.002,0
hermes-as-young-man,arm.R.out,30.333,3.7,-2.5,-11.5,31.5,0.0019,0
hermes-as-young-man,arm.R.out,30.417,3.5,-2.5,-11.5,31.5,0.0018,0
hermes-as-young-man,arm.R.out,30.5,3.3,-2.5,-11.5,31.5,0.0017,0
hermes-as-young-man,arm.R.out,30.583,3.1,-2.5,-11.5,31.5,0.0016,0
hermes-as-young-man,arm.R.out,30.667,2.7,-4.8,-11.5,31.5,0.0014,0
hermes-as-young-man,arm.R.out,30.75,1.9,-8.9,-11.5,31.5,0.0011,0
hermes-as-young-man,arm.R.out,30.833,1.5,-4.8,-11.5,31.5,0.0008,0
hermes-as-young-man,arm.R.out,30.917,4.6,37.2,-11.5,31.5,0.0029,0.004
hermes-as-young-man,arm.R.out,31,6.1,17.7,-11.5,31.5,0.0034,0.002
hermes-as-young-man,arm.R.out,31.083,6.5,4.7,-11.5,31.5,0.0035,0.001
hermes-as-young-man,arm.R.out,31.167,6.4,-1.9,-11.5,31.5,0.0033,0
hermes-as-young-man,arm.R.out,31.25,6.2,-2,-11.5,31.5,0.0032,0
hermes-as-young-man,arm.R.out,31.333,5.9,-3.1,-11.5,31.5,0.0031,0
hermes-as-young-man,arm.R.out,31.417,5.7,-3.1,-11.5,31.5,0.0029,0
hermes-as-young-man,arm.R.out,31.5,5.4,-3.1,-11.5,31.5,0.0028,0
hermes-as-young-man,arm.R.out,31.583,5.2,-3.1,-11.5,31.5,0.0026,0
hermes-as-young-man,arm.R.out,31.667,4.9,-3.1,-11.5,31.5,0.0025,0
hermes-as-young-man,arm.R.out,31.75,4.6,-3.1,-11.5,31.5,0.0024,0
hermes-as-young-man,arm.R.out,31.833,4,-7.2,-11.5,31.5,0.0021,0.001
hermes-as-young-man,arm.R.out,31.917,2.9,-13.4,-11.5,31.5,0.0016,0.001
hermes-as-young-man,arm.R.out,32,2.3,-7.2,-11.5,31.5,0.0013,0
hermes-as-young-man,arm.R.out,32.083,3.7,16.7,-11.5,31.5,0.0022,0.001
hermes-as-young-man,arm.R.out,32.167,4.9,13.7,-11.5,31.5,0.0025,0.001
hermes-as-young-man,arm.R.out,32.25,5.7,10.6,-11.5,31.5,0.003,0.001
hermes-as-young-man,arm.R.out,32.333,6.4,7.6,-11.5,31.5,0.0033,0.001
hermes-as-young-man,arm.R.out,32.417,6.7,4.6,-11.5,31.5,0.0035,0.001
hermes-as-young-man,arm.R.out,32.5,6.9,1.5,-11.5,31.5,0.0036,0
hermes-as-young-man,arm.R.out,32.583,6.7,-2.6,-11.5,31.5,0.0035,0
hermes-as-young-man,arm.R.out,32.667,6.4,-2.6,-11.5,31.5,0.0033,0
hermes-as-young-man,arm.R.out,32.75,6.2,-2.6,-11.5,31.5,0.0032,0
hermes-as-young-man,arm.R.out,32.833,6,-2.6,-11.5,31.5,0.0031,0
hermes-as-young-man,arm.R.out,32.917,5.8,-2.6,-11.5,31.5,0.003,0
hermes-as-young-man,arm.R.out,33,5.6,-2.6,-11.5,31.5,0.0029,0
hermes-as-young-man,arm.R.out,33.083,5.4,-2.6,-11.5,31.5,0.0028,0
hermes-as-young-man,arm.R.out,33.167,5.2,-2.6,-11.5,31.5,0.0026,0
hermes-as-young-man,arm.R.out,33.25,4.8,-4.6,-11.5,31.5,0.0025,0
hermes-as-young-man,arm.R.out,33.333,3.8,-11.5,-11.5,31.5,0.002,0.001
hermes-as-young-man,arm.R.out,33.417,2.6,-14.9,-11.5,31.5,0.0014,0.001
hermes-as-young-man,arm.R.out,33.5,1.3,-14.9,-11.5,31.5,0.0007,0
hermes-as-young-man,arm.R.out,33.583,0.4,-11.5,-11.5,31.5,0.0002,0
hermes-as-young-man,arm.R.out,33.667,0,-4.6,-11.5,31.5,0.0001,0
hermes-as-young-man,arm.R.out,33.75,0,0,-11.5,31.5,0.0001,0
hermes-as-young-man,arm.R.out,35.5,1.5,18,-11.5,31.5,0.001,0.001
hermes-as-young-man,arm.R.out,35.583,2.3,10.1,-11.5,31.5,0.0013,0
hermes-as-young-man,arm.R.out,35.667,2.7,4.3,-11.5,31.5,0.0015,0
hermes-as-young-man,arm.R.out,35.75,2.8,0.5,-11.5,31.5,0.0015,0
hermes-as-young-man,arm.R.out,35.833,2.6,-1.2,-11.5,31.5,0.0014,0
hermes-as-young-man,arm.R.out,35.917,2.6,-0.9,-11.5,31.5,0.0013,0
hermes-as-young-man,arm.R.out,36,2.5,-1.5,-11.5,31.5,0.0013,0
hermes-as-young-man,arm.R.out,36.083,5.6,37.2,-11.5,31.5,0.0033,0.004
hermes-as-young-man,arm.R.out,36.167,8.1,30.5,-11.5,31.5,0.0042,0.005
hermes-as-young-man,arm.R.out,36.25,10.1,23.7,-11.5,31.5,0.0052,0.004
hermes-as-young-man,arm.R.out,36.333,11.5,16.9,-11.5,31.5,0.0059,0.004
hermes-as-young-man,arm.R.out,36.417,12.3,10.2,-11.5,31.5,0.0064,0.002
hermes-as-young-man,arm.R.out,36.5,12.6,3.4,-11.5,31.5,0.0065,0.001
hermes-as-young-man,arm.R.out,36.583,12.2,-4.7,-11.5,31.5,0.0063,0.001
hermes-as-young-man,arm.R.out,36.667,7.5,-56.6,-11.5,31.5,0.0045,0.009
hermes-as-young-man,arm.R.out,36.75,4.8,-31.8,-11.5,31.5,0.0028,0.003
hermes-as-young-man,arm.R.out,36.833,3.7,-13.5,-11.5,31.5,0.0021,0.001
hermes-as-young-man,arm.R.out,36.917,3.6,-1.6,-11.5,31.5,0.002,0
hermes-as-young-man,arm.R.out,37,3.9,3.8,-11.5,31.5,0.0021,0
hermes-as-young-man,arm.R.out,37.083,4.1,2.7,-11.5,31.5,0.0021,0
hermes-as-young-man,arm.R.out,37.167,3.9,-2.5,-11.5,31.5,0.0021,0
hermes-as-young-man,arm.R.out,37.25,3.7,-2.5,-11.5,31.5,0.0019,0
hermes-as-young-man,arm.R.out,37.333,3.5,-2.5,-11.5,31.5,0.0018,0
hermes-as-young-man,arm.R.out,37.417,3.3,-2.5,-11.5,31.5,0.0017,0
hermes-as-young-man,arm.R.out,37.5,3.1,-2.5,-11.5,31.5,0.0016,0
hermes-as-young-man,arm.R.out,37.583,2.9,-2.8,-11.5,31.5,0.0015,0
hermes-as-young-man,arm.R.out,37.667,2.3,-6.9,-11.5,31.5,0.0012,0
hermes-as-young-man,arm.R.out,37.75,1.5,-8.9,-11.5,31.5,0.0008,0
hermes-as-young-man,arm.R.out,37.833,0.8,-8.9,-11.5,31.5,0.0004,0
hermes-as-young-man,arm.R.out,37.917,0.2,-6.9,-11.5,31.5,0.0001,0
hermes-as-young-man,arm.R.out,38,0,-2.8,-11.5,31.5,0.0001,0
hermes-as-young-man,arm.R.out,38.083,3.6,43.3,-11.5,31.5,0.0024,0.004
hermes-as-young-man,arm.R.out,38.167,5.6,24.3,-11.5,31.5,0.0031,0.003
hermes-as-young-man,arm.R.out,38.25,6.5,10.3,-11.5,31.5,0.0035,0.001
hermes-as-young-man,arm.R.out,38.333,6.6,1.2,-11.5,31.5,0.0035,0
hermes-as-young-man,arm.R.out,38.417,6.4,-2.9,-11.5,31.5,0.0033,0
hermes-as-young-man,arm.R.out,38.5,6.2,-2.1,-11.5,31.5,0.0032,0
hermes-as-young-man,arm.R.out,38.583,5.9,-3.7,-11.5,31.5,0.003,0
hermes-as-young-man,arm.R.out,38.667,5.6,-3.7,-11.5,31.5,0.0029,0
hermes-as-young-man,arm.R.out,38.75,5.3,-3.7,-11.5,31.5,0.0027,0
hermes-as-young-man,arm.R.out,38.833,5,-3.7,-11.5,31.5,0.0025,0
hermes-as-young-man,arm.R.out,38.917,4.6,-3.7,-11.5,31.5,0.0024,0
hermes-as-young-man,arm.R.out,39,4.3,-4.1,-11.5,31.5,0.0022,0
hermes-as-young-man,arm.R.out,39.083,3.4,-10.3,-11.5,31.5,0.0018,0.001
hermes-as-young-man,arm.R.out,39.167,2.3,-13.4,-11.5,31.5,0.0012,0.001
hermes-as-young-man,arm.R.out,39.25,1.2,-13.4,-11.5,31.5,0.0006,0
hermes-as-young-man,arm.R.out,39.333,0.3,-10.3,-11.5,31.5,0.0002,0
hermes-as-young-man,arm.R.out,39.417,0,-4.1,-11.5,31.5,0.0001,0
hermes-as-young-man,arm.R.out,39.5,1.5,18,-11.5,31.5,0.0011,0.001
hermes-as-young-man,arm.R.out,39.583,2.3,10.1,-11.5,31.5,0.0013,0
hermes-as-young-man,arm.R.out,39.667,2.7,4.3,-11.5,31.5,0.0015,0
hermes-as-young-man,arm.R.out,39.75,2.8,0.5,-11.5,31.5,0.0015,0
hermes-as-young-man,arm.R.out,39.833,2.6,-1.2,-11.5,31.5,0.0014,0
hermes-as-young-man,arm.R.out,39.917,2.6,-0.9,-11.5,31.5,0.0013,0
hermes-as-young-man,arm.R.out,40,2.4,-1.5,-11.5,31.5,0.0013,0
hermes-as-young-man,arm.R.out,40.083,2.3,-1.5,-11.5,31.5,0.0012,0
hermes-as-young-man,arm.R.out,40.167,2.2,-1.5,-11.5,31.5,0.0011,0
hermes-as-young-man,arm.R.out,40.25,2.1,-1.5,-11.5,31.5,0.0011,0
hermes-as-young-man,arm.R.out,40.333,1.9,-1.5,-11.5,31.5,0.001,0
hermes-as-young-man,arm.R.out,40.417,1.8,-1.7,-11.5,31.5,0.0009,0
hermes-as-young-man,arm.R.out,40.5,1.4,-4.3,-11.5,31.5,0.0008,0
hermes-as-young-man,arm.R.out,40.583,1,-5.6,-11.5,31.5,0.0005,0
hermes-as-young-man,arm.R.out,40.667,0.5,-5.6,-11.5,31.5,0.0003,0
hermes-as-young-man,arm.R.out,40.75,0.1,-4.3,-11.5,31.5,0.0001,0
hermes-as-young-man,arm.R.out,40.833,0,-1.7,-11.5,31.5,0,0
hermes-as-young-man,arm.R.out,40.917,0,0,-11.5,31.5,0,0
hermes-as-young-man,arm.R.out,42.25,2.4,28.9,-11.5,31.5,0.0016,0.002
hermes-as-young-man,arm.R.out,42.333,3.8,16.2,-11.5,31.5,0.0021,0.001
hermes-as-young-man,arm.R.out,42.417,4.3,6.9,-11.5,31.5,0.0023,0.001
hermes-as-young-man,arm.R.out,42.5,4.4,0.8,-11.5,31.5,0.0023,0
hermes-as-young-man,arm.R.out,42.583,4.2,-1.9,-11.5,31.5,0.0022,0
hermes-as-young-man,arm.R.out,42.667,4.1,-1.4,-11.5,31.5,0.0021,0
hermes-as-young-man,arm.R.out,42.75,3.9,-2.5,-11.5,31.5,0.002,0
hermes-as-young-man,arm.R.out,42.833,3.7,-2.5,-11.5,31.5,0.0019,0
hermes-as-young-man,arm.R.out,42.917,3.5,-2.5,-11.5,31.5,0.0018,0
hermes-as-young-man,arm.R.out,43,3.3,-2.5,-11.5,31.5,0.0017,0
hermes-as-young-man,arm.R.out,43.083,3.1,-2.5,-11.5,31.5,0.0016,0
hermes-as-young-man,arm.R.out,43.167,2.9,-2.8,-11.5,31.5,0.0015,0
hermes-as-young-man,arm.R.out,43.25,2.3,-6.9,-11.5,31.5,0.0012,0
hermes-as-young-man,arm.R.out,43.333,1.5,-8.9,-11.5,31.5,0.0008,0
hermes-as-young-man,arm.R.out,43.417,0.8,-8.9,-11.5,31.5,0.0004,0
hermes-as-young-man,arm.R.out,43.5,0.2,-6.9,-11.5,31.5,0.0001,0
hermes-as-young-man,arm.R.out,43.583,0,-2.8,-11.5,31.5,0.0001,0
hermes-as-young-man,arm.R.out,43.667,0,0,-11.5,31.5,0,0
hermes-as-young-man,arm.R.out,45.083,3.6,43.3,-11.5,31.5,0.0024,0.004
hermes-as-young-man,arm.R.out,45.167,5.6,24.3,-11.5,31.5,0.0031,0.003
hermes-as-young-man,arm.R.out,45.25,6.5,10.3,-11.5,31.5,0.0035,0.001
hermes-as-young-man,arm.R.out,45.333,6.6,1.2,-11.5,31.5,0.0035,0
hermes-as-young-man,arm.R.out,45.417,6.4,-2.9,-11.5,31.5,0.0033,0
hermes-as-young-man,arm.R.out,45.5,6.2,-2.1,-11.5,31.5,0.0032,0
hermes-as-young-man,arm.R.out,45.583,5.9,-3.7,-11.5,31.5,0.003,0
hermes-as-young-man,arm.R.out,45.667,5.6,-3.7,-11.5,31.5,0.0029,0
hermes-as-young-man,arm.R.out,45.75,5.3,-3.7,-11.5,31.5,0.0027,0
hermes-as-young-man,arm.R.out,45.833,5,-3.7,-11.5,31.5,0.0025,0
hermes-as-young-man,arm.R.out,45.917,4.6,-3.7,-11.5,31.5,0.0024,0
hermes-as-young-man,arm.R.out,46,4.3,-4.1,-11.5,31.5,0.0022,0
hermes-as-young-man,arm.R.out,46.083,3.4,-10.3,-11.5,31.5,0.0018,0.001
hermes-as-young-man,arm.R.out,46.167,2.3,-13.4,-11.5,31.5,0.0012,0.001
hermes-as-young-man,arm.R.out,46.25,1.2,-13.4,-11.5,31.5,0.0006,0
hermes-as-young-man,arm.R.out,46.333,0.3,-10.3,-11.5,31.5,0.0002,0
hermes-as-young-man,arm.R.out,46.417,0,-4.1,-11.5,31.5,0.0001,0
hermes-as-young-man,arm.R.out,46.5,0,0,-11.5,31.5,0.0001,0
hermes-as-young-man,arm.R.out,48.333,2.9,35.3,-11.5,31.5,0.002,0.002
hermes-as-young-man,arm.R.out,48.417,4.6,19.8,-11.5,31.5,0.0026,0.002
hermes-as-young-man,arm.R.out,48.5,5.3,8.4,-11.5,31.5,0.0029,0.001
hermes-as-young-man,arm.R.out,48.583,5.4,1,-11.5,31.5,0.0029,0
hermes-as-young-man,arm.R.out,48.667,5.2,-2.4,-11.5,31.5,0.0027,0
hermes-as-young-man,arm.R.out,48.75,5,-1.7,-11.5,31.5,0.0026,0
hermes-as-young-man,arm.R.out,48.833,4.8,-3,-11.5,31.5,0.0025,0
hermes-as-young-man,arm.R.out,48.917,4.5,-3,-11.5,31.5,0.0023,0
hermes-as-young-man,arm.R.out,49,4.3,-3,-11.5,31.5,0.0022,0
hermes-as-young-man,arm.R.out,49.083,4,-3,-11.5,31.5,0.0021,0
hermes-as-young-man,arm.R.out,49.167,3.8,-3,-11.5,31.5,0.0019,0
hermes-as-young-man,arm.R.out,49.25,3.5,-3.4,-11.5,31.5,0.0018,0
hermes-as-young-man,arm.R.out,49.333,2.8,-8.4,-11.5,31.5,0.0015,0
hermes-as-young-man,arm.R.out,49.417,1.9,-10.9,-11.5,31.5,0.001,0
hermes-as-young-man,arm.R.out,49.5,1,-10.9,-11.5,31.5,0.0005,0
hermes-as-young-man,arm.R.out,49.583,0.3,-8.4,-11.5,31.5,0.0002,0
hermes-as-young-man,arm.R.out,49.667,0,-3.4,-11.5,31.5,0.0001,0
hermes-as-young-man,arm.R.out,49.75,0,0,-11.5,31.5,0,0
hermes-as-young-man,arm.R.out,50.083,-0.9,-10.5,-11.5,31.5,0.0006,0
hermes-as-young-man,arm.R.out,50.167,-1.6,-8.6,-11.5,31.5,0.0008,0
hermes-as-young-man,arm.R.out,50.25,-2.1,-6.7,-11.5,31.5,0.0011,0
hermes-as-young-man,arm.R.out,50.333,-2.5,-4.8,-11.5,31.5,0.0013,0
hermes-as-young-man,arm.R.out,50.417,-2.8,-2.9,-11.5,31.5,0.0015,0
hermes-as-young-man,arm.R.out,50.5,-2.9,-1,-11.5,31.5,0.0015,0
hermes-as-young-man,arm.R.out,50.583,-2.8,1.1,-11.5,31.5,0.0015,0
hermes-as-young-man,arm.R.out,50.667,-2.7,1.1,-11.5,31.5,0.0014,0
hermes-as-young-man,arm.R.out,50.75,-2.6,1.1,-11.5,31.5,0.0013,0
hermes-as-young-man,arm.R.out,50.833,-2.5,1.1,-11.5,31.5,0.0013,0
hermes-as-young-man,arm.R.out,50.917,-2.4,1.1,-11.5,31.5,0.0012,0
hermes-as-young-man,arm.R.out,51,-2.3,1.1,-11.5,31.5,0.0012,0
hermes-as-young-man,arm.R.out,51.083,-2.2,1.1,-11.5,31.5,0.0011,0
hermes-as-young-man,arm.R.out,51.167,-2.1,1.1,-11.5,31.5,0.0011,0
hermes-as-young-man,arm.R.out,51.25,-2,1.9,-11.5,31.5,0.001,0
hermes-as-young-man,arm.R.out,51.333,3.7,67.8,-11.5,31.5,0.0027,0.006
hermes-as-young-man,arm.R.out,51.417,8.3,55.5,-11.5,31.5,0.0044,0.009
hermes-as-young-man,arm.R.out,51.5,11.9,43.1,-11.5,31.5,0.0062,0.009
hermes-as-young-man,arm.R.out,51.583,14.4,30.8,-11.5,31.5,0.0075,0.008
hermes-as-young-man,arm.R.out,51.667,16,18.5,-11.5,31.5,0.0083,0.005
hermes-as-young-man,arm.R.out,51.75,16.5,6.2,-11.5,31.5,0.0085,0.002
hermes-as-young-man,arm.R.out,51.833,15.7,-9.9,-11.5,31.5,0.0082,0.003
hermes-as-young-man,arm.R.out,51.917,14.9,-9.9,-11.5,31.5,0.0075,0.003
hermes-as-young-man,arm.R.out,52,14,-9.9,-11.5,31.5,0.0071,0.003
hermes-as-young-man,arm.R.out,52.083,13.2,-9.9,-11.5,31.5,0.0067,0.002
hermes-as-young-man,arm.R.out,52.167,12.4,-9.9,-11.5,31.5,0.0063,0.002
hermes-as-young-man,arm.R.out,52.25,11.5,-11,-11.5,31.5,0.0059,0.002
hermes-as-young-man,arm.R.out,52.333,9.2,-27.5,-11.5,31.5,0.0049,0.005
hermes-as-young-man,arm.R.out,52.417,6.2,-35.8,-11.5,31.5,0.0033,0.004
hermes-as-young-man,arm.R.out,52.5,3.2,-35.8,-11.5,31.5,0.0016,0.002
hermes-as-young-man,arm.R.out,52.583,0.9,-27.5,-11.5,31.5,0.0006,0.001
hermes-as-young-man,arm.R.out,52.667,0,-11,-11.5,31.5,0.0002,0
hermes-as-young-man,arm.R.out,52.75,0,0,-11.5,31.5,0.0001,0
hermes-as-young-man,arm.R.out,55.167,2.4,28.9,-11.5,31.5,0.0016,0.002
hermes-as-young-man,arm.R.out,55.25,3.8,16.2,-11.5,31.5,0.0021,0.001
hermes-as-young-man,arm.R.out,55.333,4.3,6.9,-11.5,31.5,0.0023,0.001
hermes-as-young-man,arm.R.out,55.417,4.4,0.8,-11.5,31.5,0.0023,0
hermes-as-young-man,arm.R.out,55.5,4.2,-1.9,-11.5,31.5,0.0022,0
hermes-as-young-man,arm.R.out,55.583,4.1,-1.4,-11.5,31.5,0.0021,0
hermes-as-young-man,arm.R.out,55.667,3.9,-2.5,-11.5,31.5,0.002,0
hermes-as-young-man,arm.R.out,55.75,3.7,-2.5,-11.5,31.5,0.0019,0
hermes-as-young-man,arm.R.out,55.833,3.5,-2.5,-11.5,31.5,0.0018,0
hermes-as-young-man,arm.R.out,55.917,3.3,-2.5,-11.5,31.5,0.0017,0
hermes-as-young-man,arm.R.out,56,3.1,-2.5,-11.5,31.5,0.0016,0
hermes-as-young-man,arm.R.out,56.083,2.9,-2.8,-11.5,31.5,0.0015,0
hermes-as-young-man,arm.R.out,56.167,2.3,-6.9,-11.5,31.5,0.0012,0
hermes-as-young-man,arm.R.out,56.25,1.5,-8.9,-11.5,31.5,0.0008,0
hermes-as-young-man,arm.R.out,56.333,0.8,-8.9,-11.5,31.5,0.0004,0
hermes-as-young-man,arm.R.out,56.417,0.2,-6.9,-11.5,31.5,0.0001,0
hermes-as-young-man,arm.R.out,56.5,0,-2.8,-11.5,31.5,0.0001,0
hermes-as-young-man,arm.R.out,56.583,0,0,-11.5,31.5,0,0
hermes-as-young-man,arm.R.out,58.917,2.8,33,-11.5,31.5,0.0018,0.002
hermes-as-young-man,arm.R.out,59,4.1,15.8,-11.5,31.5,0.0023,0.001
hermes-as-young-man,arm.R.out,59.083,4.4,4.2,-11.5,31.5,0.0024,0
hermes-as-young-man,arm.R.out,59.167,4.3,-1.7,-11.5,31.5,0.0023,0
hermes-as-young-man,arm.R.out,59.25,4.1,-1.8,-11.5,31.5,0.0021,0
hermes-as-young-man,arm.R.out,59.333,4,-2.1,-11.5,31.5,0.002,0
hermes-as-young-man,arm.R.out,59.417,3.8,-2.1,-11.5,31.5,0.0019,0
hermes-as-young-man,arm.R.out,59.5,3.6,-2.1,-11.5,31.5,0.0019,0
hermes-as-young-man,arm.R.out,59.583,3.4,-2.1,-11.5,31.5,0.0018,0
hermes-as-young-man,arm.R.out,59.667,3.3,-2.1,-11.5,31.5,0.0017,0
hermes-as-young-man,arm.R.out,59.75,3.1,-2.1,-11.5,31.5,0.0016,0
hermes-as-young-man,arm.R.out,59.833,2.9,-2.8,-11.5,31.5,0.0015,0
hermes-as-young-man,arm.R.out,59.917,2.3,-6.9,-11.5,31.5,0.0012,0
hermes-as-young-man,arm.R.out,60,1.5,-8.9,-11.5,31.5,0.0008,0
hermes-as-young-man,arm.R.out,60.083,0.8,-8.9,-11.5,31.5,0.0004,0
hermes-as-young-man,arm.R.out,60.167,0.2,-6.9,-11.5,31.5,0.0001,0
hermes-as-young-man,arm.R.out,60.25,0,-2.8,-11.5,31.5,0.0001,0
hermes-as-young-man,arm.R.out,60.333,0,0,-11.5,31.5,0,0
hermes-as-young-man,arm.R.out,63.5,5,60.5,-11.5,31.5,0.0033,0.007
hermes-as-young-man,arm.R.out,63.583,9.2,49.5,-11.5,31.5,0.0048,0.008
hermes-as-young-man,arm.R.out,63.667,12.4,38.5,-11.5,31.5,0.0064,0.009
hermes-as-young-man,arm.R.out,63.75,14.7,27.5,-11.5,31.5,0.0076,0.007
hermes-as-young-man,arm.R.out,63.833,16,16.5,-11.5,31.5,0.0083,0.005
hermes-as-young-man,arm.R.out,63.917,16.5,5.5,-11.5,31.5,0.0085,0.002
hermes-as-young-man,arm.R.out,64,15.7,-9.9,-11.5,31.5,0.0081,0.003
hermes-as-young-man,arm.R.out,64.083,14.9,-9.9,-11.5,31.5,0.0075,0.003
hermes-as-young-man,arm.R.out,64.167,14,-9.9,-11.5,31.5,0.0071,0.003
hermes-as-young-man,arm.R.out,64.25,13.2,-9.9,-11.5,31.5,0.0067,0.002
hermes-as-young-man,arm.R.out,64.333,12.4,-9.9,-11.5,31.5,0.0063,0.002
hermes-as-young-man,arm.R.out,64.417,11.5,-11,-11.5,31.5,0.0059,0.002
hermes-as-young-man,arm.R.out,64.5,9.2,-27.5,-11.5,31.5,0.0049,0.005
hermes-as-young-man,arm.R.out,64.583,6.2,-35.8,-11.5,31.5,0.0033,0.004
hermes-as-young-man,arm.R.out,64.667,3.2,-35.8,-11.5,31.5,0.0016,0.002
hermes-as-young-man,arm.R.out,64.75,0.9,-27.5,-11.5,31.5,0.0006,0.001
hermes-as-young-man,arm.R.out,64.833,0,-11,-11.5,31.5,0.0002,0
hermes-as-young-man,arm.R.out,64.917,0,0,-11.5,31.5,0.0001,0
hermes-as-young-man,arm.R.out,68,0,0,-11.5,31.5,0,0
hermes-as-young-man,arm.L.pitch,0,0,0,-183.3,60.2,0,0
hermes-as-young-man,arm.L.pitch,9.917,0.4,4.7,-183.3,60.2,0.0003,0
hermes-as-young-man,arm.L.pitch,10,5.4,60.4,-183.3,60.2,0.0035,0.007
hermes-as-young-man,arm.L.pitch,10.083,10.9,65.8,-183.3,60.2,0.0056,0.013
hermes-as-young-man,arm.L.pitch,10.167,15.2,51.7,-183.3,60.2,0.0079,0.014
hermes-as-young-man,arm.L.pitch,10.25,19.1,47,-183.3,60.2,0.0097,0.016
hermes-as-young-man,arm.L.pitch,10.333,22.4,38.7,-183.3,60.2,0.0113,0.016
hermes-as-young-man,arm.L.pitch,10.417,24.6,27.1,-183.3,60.2,0.0124,0.012
hermes-as-young-man,arm.L.pitch,10.5,25.7,13.1,-183.3,60.2,0.0129,0.006
hermes-as-young-man,arm.L.pitch,10.583,25.5,-2.3,-183.3,60.2,0.0129,0.001
hermes-as-young-man,arm.L.pitch,10.667,24,-17.6,-183.3,60.2,0.0122,0.008
hermes-as-young-man,arm.L.pitch,10.75,21.4,-31.7,-183.3,60.2,0.0109,0.012
hermes-as-young-man,arm.L.pitch,10.833,17.8,-43.3,-183.3,60.2,0.0091,0.014
hermes-as-young-man,arm.L.pitch,10.917,13.5,-51.5,-183.3,60.2,0.007,0.013
hermes-as-young-man,arm.L.pitch,11,8.8,-56.1,-183.3,60.2,0.0046,0.009
hermes-as-young-man,arm.L.pitch,11.083,4.1,-57.1,-183.3,60.2,0.0021,0.004
hermes-as-young-man,arm.L.pitch,11.167,-0.3,-52.6,-183.3,60.2,0.0002,0
hermes-as-young-man,arm.L.pitch,11.25,-0.2,1.7,-183.3,60.2,0.0008,0
hermes-as-young-man,arm.L.pitch,11.333,0,2,-183.3,60.2,0,0
hermes-as-young-man,arm.L.pitch,11.417,0,0,-183.3,60.2,0,0
hermes-as-young-man,arm.L.pitch,28.583,-5.5,-66,-183.3,60.2,0.0037,0.008
hermes-as-young-man,arm.L.pitch,28.667,-22,-198,-183.3,60.2,0.0127,0.088
hermes-as-young-man,arm.L.pitch,28.75,-49.5,-330,-183.3,60.2,0.024,0.278
hermes-as-young-man,arm.L.pitch,28.833,-88,-462,-183.3,60.2,0.0311,0.503
hermes-as-young-man,arm.L.pitch,28.917,-137.5,-594,-183.3,60.2,0.0215,0.448
hermes-as-young-man,arm.L.pitch,29,-86.6,611.2,-183.3,60.2,0.0445,0.954
hermes-as-young-man,arm.L.pitch,29.083,-56,366.7,-183.3,60.2,0.0275,0.353
hermes-as-young-man,arm.L.pitch,29.167,-45.8,122.2,-183.3,60.2,0.0242,0.104
hermes-as-young-man,arm.L.pitch,29.25,-47.5,-20.4,-183.3,60.2,0.0235,0.018
hermes-as-young-man,arm.L.pitch,29.333,-51.8,-50.9,-183.3,60.2,0.0235,0.043
hermes-as-young-man,arm.L.pitch,29.417,-57.3,-66.2,-183.3,60.2,0.025,0.059
hermes-as-young-man,arm.L.pitch,29.5,-62.8,-66.2,-183.3,60.2,0.0262,0.062
hermes-as-young-man,arm.L.pitch,29.583,-67.1,-50.9,-183.3,60.2,0.0273,0.05
hermes-as-young-man,arm.L.pitch,29.667,-68.8,-20.4,-183.3,60.2,0.0278,0.021
hermes-as-young-man,arm.L.pitch,29.75,-71.5,-33,-183.3,60.2,0.0281,0.034
hermes-as-young-man,arm.L.pitch,29.833,-79.8,-99,-183.3,60.2,0.0298,0.105
hermes-as-young-man,arm.L.pitch,29.917,-93.5,-165,-183.3,60.2,0.0302,0.176
hermes-as-young-man,arm.L.pitch,30,-112.8,-231,-183.3,60.2,0.028,0.227
hermes-as-young-man,arm.L.pitch,30.083,-137.5,-297,-183.3,60.2,0.0207,0.216
hermes-as-young-man,arm.L.pitch,30.167,-86.6,611.2,-183.3,60.2,0.0408,0.874
hermes-as-young-man,arm.L.pitch,30.25,-56,366.7,-183.3,60.2,0.0275,0.353
hermes-as-young-man,arm.L.pitch,30.333,-45.8,122.2,-183.3,60.2,0.0242,0.104
hermes-as-young-man,arm.L.pitch,30.417,-47.5,-20.4,-183.3,60.2,0.0235,0.018
hermes-as-young-man,arm.L.pitch,30.5,-51.8,-50.9,-183.3,60.2,0.0235,0.043
hermes-as-young-man,arm.L.pitch,30.583,-57.3,-66.2,-183.3,60.2,0.025,0.059
hermes-as-young-man,arm.L.pitch,30.667,-62.8,-66.2,-183.3,60.2,0.0262,0.062
hermes-as-young-man,arm.L.pitch,30.75,-67.1,-50.9,-183.3,60.2,0.0273,0.05
hermes-as-young-man,arm.L.pitch,30.833,-68.8,-20.4,-183.3,60.2,0.0278,0.021
hermes-as-young-man,arm.L.pitch,30.917,-70.7,-22.9,-183.3,60.2,0.0278,0.024
hermes-as-young-man,arm.L.pitch,31,-76.4,-68.8,-183.3,60.2,0.0292,0.072
hermes-as-young-man,arm.L.pitch,31.083,-85.9,-114.6,-183.3,60.2,0.0299,0.122
hermes-as-young-man,arm.L.pitch,31.167,-99.3,-160.4,-183.3,60.2,0.0296,0.168
hermes-as-young-man,arm.L.pitch,31.25,-116.5,-206.3,-183.3,60.2,0.0269,0.195
hermes-as-young-man,arm.L.pitch,31.333,-137.5,-252.1,-183.3,60.2,0.0205,0.181
hermes-as-young-man,arm.L.pitch,31.417,-86.6,611.2,-183.3,60.2,0.0402,0.861
hermes-as-young-man,arm.L.pitch,31.5,-56,366.7,-183.3,60.2,0.0275,0.353
hermes-as-young-man,arm.L.pitch,31.583,-45.8,122.2,-183.3,60.2,0.0242,0.104
hermes-as-young-man,arm.L.pitch,31.667,-48.2,-28.6,-183.3,60.2,0.0238,0.025
hermes-as-young-man,arm.L.pitch,31.75,-53.9,-68.2,-183.3,60.2,0.0243,0.059
hermes-as-young-man,arm.L.pitch,31.833,-60.7,-81.4,-183.3,60.2,0.0258,0.075
hermes-as-young-man,arm.L.pitch,31.917,-66.4,-68.2,-183.3,60.2,0.0271,0.066
hermes-as-young-man,arm.L.pitch,32,-68.8,-28.6,-183.3,60.2,0.0279,0.029
hermes-as-young-man,arm.L.pitch,32.083,-10.7,696.1,-183.3,60.2,0.0146,0.355
hermes-as-young-man,arm.L.pitch,32.167,8.6,232,-183.3,60.2,0.0102,0.083
hermes-as-young-man,arm.L.pitch,32.25,-25.2,-406.1,-183.3,60.2,0.0206,0.292
hermes-as-young-man,arm.L.pitch,32.333,-49.4,-290.1,-183.3,60.2,0.0238,0.242
hermes-as-young-man,arm.L.pitch,32.417,-63.9,-174,-183.3,60.2,0.0279,0.171
hermes-as-young-man,arm.L.pitch,32.5,-68.8,-58,-183.3,60.2,0.0289,0.06
hermes-as-young-man,arm.L.pitch,32.583,-67,20.6,-183.3,60.2,0.0281,0.022
hermes-as-young-man,arm.L.pitch,32.667,-65.3,20.6,-183.3,60.2,0.0267,0.021
hermes-as-young-man,arm.L.pitch,32.75,-63.6,20.6,-183.3,60.2,0.0264,0.02
hermes-as-young-man,arm.L.pitch,32.833,-61.9,20.6,-183.3,60.2,0.026,0.02
hermes-as-young-man,arm.L.pitch,32.917,-60.2,20.6,-183.3,60.2,0.0255,0.02
hermes-as-young-man,arm.L.pitch,33,-58.4,20.6,-183.3,60.2,0.0251,0.019
hermes-as-young-man,arm.L.pitch,33.083,-56.7,20.6,-183.3,60.2,0.0246,0.019
hermes-as-young-man,arm.L.pitch,33.167,-55,20.6,-183.3,60.2,0.0241,0.019
hermes-as-young-man,arm.L.pitch,33.25,-50.9,48.9,-183.3,60.2,0.0232,0.041
hermes-as-young-man,arm.L.pitch,33.333,-40.7,122.2,-183.3,60.2,0.0201,0.087
hermes-as-young-man,arm.L.pitch,33.417,-27.5,158.9,-183.3,60.2,0.0141,0.078
hermes-as-young-man,arm.L.pitch,33.5,-14.3,158.9,-183.3,60.2,0.0072,0.04
hermes-as-young-man,arm.L.pitch,33.583,-4.1,122.2,-183.3,60.2,0.0026,0.011
hermes-as-young-man,arm.L.pitch,33.667,0,48.9,-183.3,60.2,0.0009,0.002
hermes-as-young-man,arm.L.pitch,33.75,0,0,-183.3,60.2,0.0006,0
hermes-as-young-man,arm.L.pitch,36.083,6.4,77.3,-183.3,60.2,0.0043,0.012
hermes-as-young-man,arm.L.pitch,36.167,8.6,25.8,-183.3,60.2,0.005,0.005
hermes-as-young-man,arm.L.pitch,36.25,-21.5,-361,-183.3,60.2,0.0156,0.198
hermes-as-young-man,arm.L.pitch,36.333,-43,-257.8,-183.3,60.2,0.0214,0.193
hermes-as-young-man,arm.L.pitch,36.417,-55.9,-154.7,-183.3,60.2,0.0257,0.14
hermes-as-young-man,arm.L.pitch,36.5,-60.2,-51.6,-183.3,60.2,0.0268,0.05
hermes-as-young-man,arm.L.pitch,36.583,-58.7,18,-183.3,60.2,0.026,0.018
hermes-as-young-man,arm.L.pitch,36.667,-57.2,18,-183.3,60.2,0.0247,0.017
hermes-as-young-man,arm.L.pitch,36.75,-55.6,18,-183.3,60.2,0.0243,0.016
hermes-as-young-man,arm.L.pitch,36.833,-54.1,18,-183.3,60.2,0.0239,0.016
hermes-as-young-man,arm.L.pitch,36.917,-52.6,18,-183.3,60.2,0.0234,0.016
hermes-as-young-man,arm.L.pitch,37,-51.1,18,-183.3,60.2,0.0229,0.015
hermes-as-young-man,arm.L.pitch,37.083,-49.6,18,-183.3,60.2,0.0224,0.015
hermes-as-young-man,arm.L.pitch,37.167,-48.1,18,-183.3,60.2,0.0219,0.015
hermes-as-young-man,arm.L.pitch,37.25,-44.6,42.8,-183.3,60.2,0.021,0.032
hermes-as-young-man,arm.L.pitch,37.333,-35.7,107,-183.3,60.2,0.018,0.068
hermes-as-young-man,arm.L.pitch,37.417,-24.1,139,-183.3,60.2,0.0124,0.061
hermes-as-young-man,arm.L.pitch,37.5,-12.5,139,-183.3,60.2,0.0064,0.031
hermes-as-young-man,arm.L.pitch,37.583,-3.6,107,-183.3,60.2,0.0022,0.008
hermes-as-young-man,arm.L.pitch,37.667,0,42.8,-183.3,60.2,0.0008,0.001
hermes-as-young-man,arm.L.pitch,37.75,0,0,-183.3,60.2,0.0005,0
hermes-as-young-man,arm.L.pitch,47.5,-1.9,-22.8,-183.3,60.2,0.0013,0.001
hermes-as-young-man,arm.L.pitch,47.583,-10.1,-98.8,-183.3,60.2,0.0061,0.021
hermes-as-young-man,arm.L.pitch,47.667,-23.6,-161.5,-183.3,60.2,0.0126,0.071
hermes-as-young-man,arm.L.pitch,47.75,-40.8,-207.1,-183.3,60.2,0.0198,0.144
hermes-as-young-man,arm.L.pitch,47.833,-60.5,-235.7,-183.3,60.2,0.026,0.215
hermes-as-young-man,arm.L.pitch,47.917,-81.1,-247.3,-183.3,60.2,0.0292,0.254
hermes-as-young-man,arm.L.pitch,48,-101.3,-241.8,-183.3,60.2,0.0289,0.246
hermes-as-young-man,arm.L.pitch,48.083,-119.5,-219.4,-183.3,60.2,0.0259,0.2
hermes-as-young-man,arm.L.pitch,48.167,-134.5,-179.9,-183.3,60.2,0.0215,0.136
hermes-as-young-man,arm.L.pitch,48.25,-144.8,-123.3,-183.3,60.2,0.0177,0.077
hermes-as-young-man,arm.L.pitch,48.333,-148.9,-49.8,-183.3,60.2,0.0161,0.028
hermes-as-young-man,arm.L.pitch,48.417,-149,-0.3,-183.3,60.2,0.0158,0.001
hermes-as-young-man,arm.L.pitch,50.083,-142.5,77.3,-183.3,60.2,0.0189,0.052
hermes-as-young-man,arm.L.pitch,50.167,-140.4,25.8,-183.3,60.2,0.0194,0.018
hermes-as-young-man,arm.L.pitch,50.25,-176.7,-436.2,-183.3,60.2,0.0075,0.114
hermes-as-young-man,arm.L.pitch,50.333,-183.3,-79.5,-183.3,60.2,0.0062,0.017
hermes-as-young-man,arm.L.pitch,50.417,-183.3,0,-183.3,60.2,0.0027,0
hermes-as-young-man,arm.L.pitch,51.417,-178.8,55,-183.3,60.2,0.0013,0.003
hermes-as-young-man,arm.L.pitch,51.5,-164.4,172.1,-183.3,60.2,0.0094,0.057
hermes-as-young-man,arm.L.pitch,51.583,-153.4,132.4,-183.3,60.2,0.0137,0.064
hermes-as-young-man,arm.L.pitch,51.667,-149,53,-183.3,60.2,0.0162,0.03
hermes-as-young-man,arm.L.pitch,51.75,-149,0,-183.3,60.2,0.0158,0.001
hermes-as-young-man,arm.L.pitch,68,-149,0,-183.3,60.2,0.0152,0
hermes-as-young-man,arm.L.out,0,0,0,-11.5,31.5,0,0
hermes-as-young-man,arm.L.out,32.083,2.1,25.2,-11.5,31.5,0.0014,0.001
hermes-as-young-man,arm.L.out,32.167,3.8,20.6,-11.5,31.5,0.002,0.001
hermes-as-young-man,arm.L.out,32.25,5.2,16,-11.5,31.5,0.0027,0.002
hermes-as-young-man,arm.L.out,32.333,6.1,11.5,-11.5,31.5,0.0032,0.001
hermes-as-young-man,arm.L.out,32.417,6.7,6.9,-11.5,31.5,0.0035,0.001
hermes-as-young-man,arm.L.out,32.5,6.9,2.3,-11.5,31.5,0.0036,0
hermes-as-young-man,arm.L.out,32.583,6.7,-2.6,-11.5,31.5,0.0035,0
hermes-as-young-man,arm.L.out,32.667,6.4,-2.6,-11.5,31.5,0.0033,0
hermes-as-young-man,arm.L.out,32.75,6.2,-2.6,-11.5,31.5,0.0032,0
hermes-as-young-man,arm.L.out,32.833,6,-2.6,-11.5,31.5,0.0031,0
hermes-as-young-man,arm.L.out,32.917,5.8,-2.6,-11.5,31.5,0.003,0
hermes-as-young-man,arm.L.out,33,5.6,-2.6,-11.5,31.5,0.0029,0
hermes-as-young-man,arm.L.out,33.083,5.4,-2.6,-11.5,31.5,0.0028,0
hermes-as-young-man,arm.L.out,33.167,5.2,-2.6,-11.5,31.5,0.0026,0
hermes-as-young-man,arm.L.out,33.25,4.8,-4.6,-11.5,31.5,0.0025,0
hermes-as-young-man,arm.L.out,33.333,3.8,-11.5,-11.5,31.5,0.002,0.001
hermes-as-young-man,arm.L.out,33.417,2.6,-14.9,-11.5,31.5,0.0014,0.001
hermes-as-young-man,arm.L.out,33.5,1.3,-14.9,-11.5,31.5,0.0007,0
hermes-as-young-man,arm.L.out,33.583,0.4,-11.5,-11.5,31.5,0.0002,0
hermes-as-young-man,arm.L.out,33.667,0,-4.6,-11.5,31.5,0.0001,0
hermes-as-young-man,arm.L.out,33.75,0,0,-11.5,31.5,0.0001,0
hermes-as-young-man,arm.L.out,36.083,3.9,46.2,-11.5,31.5,0.0026,0.004
hermes-as-young-man,arm.L.out,36.167,7,37.8,-11.5,31.5,0.0037,0.005
hermes-as-young-man,arm.L.out,36.25,9.5,29.4,-11.5,31.5,0.0049,0.005
hermes-as-young-man,arm.L.out,36.333,11.2,21,-11.5,31.5,0.0058,0.004
hermes-as-young-man,arm.L.out,36.417,12.3,12.6,-11.5,31.5,0.0064,0.003
hermes-as-young-man,arm.L.out,36.5,12.6,4.2,-11.5,31.5,0.0065,0.001
hermes-as-young-man,arm.L.out,36.583,12.2,-4.7,-11.5,31.5,0.0063,0.001
hermes-as-young-man,arm.L.out,36.667,11.8,-4.7,-11.5,31.5,0.006,0.001
hermes-as-young-man,arm.L.out,36.75,11.4,-4.7,-11.5,31.5,0.0058,0.001
hermes-as-young-man,arm.L.out,36.833,11,-4.7,-11.5,31.5,0.0056,0.001
hermes-as-young-man,arm.L.out,36.917,10.6,-4.7,-11.5,31.5,0.0054,0.001
hermes-as-young-man,arm.L.out,37,10.2,-4.7,-11.5,31.5,0.0052,0.001
hermes-as-young-man,arm.L.out,37.083,9.8,-4.7,-11.5,31.5,0.005,0.001
hermes-as-young-man,arm.L.out,37.167,9.5,-4.7,-11.5,31.5,0.0048,0.001
hermes-as-young-man,arm.L.out,37.25,8.8,-8.4,-11.5,31.5,0.0045,0.001
hermes-as-young-man,arm.L.out,37.333,7,-21,-11.5,31.5,0.0037,0.003
hermes-as-young-man,arm.L.out,37.417,4.7,-27.3,-11.5,31.5,0.0025,0.002
hermes-as-young-man,arm.L.out,37.5,2.5,-27.3,-11.5,31.5,0.0013,0.001
hermes-as-young-man,arm.L.out,37.583,0.7,-21,-11.5,31.5,0.0004,0
hermes-as-young-man,arm.L.out,37.667,0,-8.4,-11.5,31.5,0.0002,0
hermes-as-young-man,arm.L.out,37.75,0,0,-11.5,31.5,0.0001,0
hermes-as-young-man,arm.L.out,50.083,-0.9,-10.5,-11.5,31.5,0.0006,0
hermes-as-young-man,arm.L.out,50.167,-1.6,-8.6,-11.5,31.5,0.0008,0
hermes-as-young-man,arm.L.out,50.25,-2.1,-6.7,-11.5,31.5,0.0011,0
hermes-as-young-man,arm.L.out,50.333,-2.5,-4.8,-11.5,31.5,0.0013,0
hermes-as-young-man,arm.L.out,50.417,-2.8,-2.9,-11.5,31.5,0.0015,0
hermes-as-young-man,arm.L.out,50.5,-2.9,-1,-11.5,31.5,0.0015,0
hermes-as-young-man,arm.L.out,50.583,-2.8,1.1,-11.5,31.5,0.0015,0
hermes-as-young-man,arm.L.out,50.667,-2.7,1.1,-11.5,31.5,0.0014,0
hermes-as-young-man,arm.L.out,50.75,-2.6,1.1,-11.5,31.5,0.0013,0
hermes-as-young-man,arm.L.out,50.833,-2.5,1.1,-11.5,31.5,0.0013,0
hermes-as-young-man,arm.L.out,50.917,-2.4,1.1,-11.5,31.5,0.0012,0
hermes-as-young-man,arm.L.out,51,-2.3,1.1,-11.5,31.5,0.0012,0
hermes-as-young-man,arm.L.out,51.083,-2.2,1.1,-11.5,31.5,0.0011,0
hermes-as-young-man,arm.L.out,51.167,-2.1,1.1,-11.5,31.5,0.0011,0
hermes-as-young-man,arm.L.out,51.25,-2,1.9,-11.5,31.5,0.001,0
hermes-as-young-man,arm.L.out,51.333,-1.6,4.8,-11.5,31.5,0.0009,0
hermes-as-young-man,arm.L.out,51.417,-1.1,6.2,-11.5,31.5,0.0006,0
hermes-as-young-man,arm.L.out,51.5,-0.6,6.2,-11.5,31.5,0.0003,0
hermes-as-young-man,arm.L.out,51.583,-0.2,4.8,-11.5,31.5,0.0001,0
hermes-as-young-man,arm.L.out,51.667,0,1.9,-11.5,31.5,0,0
hermes-as-young-man,arm.L.out,51.75,0,0,-11.5,31.5,0,0
hermes-as-young-man,arm.L.out,68,0,0,-11.5,31.5,0,0
hermes-as-young-man,hand.R.roll,0,0,0,-74.5,74.5,0,0
hermes-as-young-man,hand.R.roll,12.667,1.4,17.1,-74.5,74.5,0,0
hermes-as-young-man,hand.R.roll,12.75,5.1,44.2,-74.5,74.5,0,0
hermes-as-young-man,hand.R.roll,12.833,10.1,60.4,-74.5,74.5,0,0
hermes-as-young-man,hand.R.roll,12.917,15.6,65.8,-74.5,74.5,0,0
hermes-as-young-man,hand.R.roll,13,20.7,60.4,-74.5,74.5,0,0
hermes-as-young-man,hand.R.roll,13.083,24.4,44.2,-74.5,74.5,0,0
hermes-as-young-man,hand.R.roll,13.167,25.8,17.1,-74.5,74.5,0,0
hermes-as-young-man,hand.R.roll,13.25,25.1,-8.7,-74.5,74.5,0,0
hermes-as-young-man,hand.R.roll,13.333,23.1,-23.5,-74.5,74.5,0,0
hermes-as-young-man,hand.R.roll,13.417,20.2,-34.7,-74.5,74.5,0,0
hermes-as-young-man,hand.R.roll,13.5,16.7,-42.1,-74.5,74.5,0,0
hermes-as-young-man,hand.R.roll,13.583,12.9,-45.8,-74.5,74.5,0,0
hermes-as-young-man,hand.R.roll,13.667,9.1,-45.8,-74.5,74.5,0,0
hermes-as-young-man,hand.R.roll,13.75,5.6,-42.1,-74.5,74.5,0,0
hermes-as-young-man,hand.R.roll,13.833,2.7,-34.7,-74.5,74.5,0,0
hermes-as-young-man,hand.R.roll,13.917,0.7,-23.5,-74.5,74.5,0,0
hermes-as-young-man,hand.R.roll,14,0,-8.7,-74.5,74.5,0,0
hermes-as-young-man,hand.R.roll,14.083,0,0,-74.5,74.5,0,0
hermes-as-young-man,hand.R.roll,16,1.4,17.1,-74.5,74.5,0,0
hermes-as-young-man,hand.R.roll,16.083,5.1,44.2,-74.5,74.5,0,0
hermes-as-young-man,hand.R.roll,16.167,10.1,60.4,-74.5,74.5,0,0
hermes-as-young-man,hand.R.roll,16.25,15.6,65.8,-74.5,74.5,0,0
hermes-as-young-man,hand.R.roll,16.333,20.7,60.4,-74.5,74.5,0,0
hermes-as-young-man,hand.R.roll,16.417,24.4,44.2,-74.5,74.5,0,0
hermes-as-young-man,hand.R.roll,16.5,25.8,17.1,-74.5,74.5,0,0
hermes-as-young-man,hand.R.roll,16.583,25.1,-8.7,-74.5,74.5,0,0
hermes-as-young-man,hand.R.roll,16.667,23.1,-23.5,-74.5,74.5,0,0
hermes-as-young-man,hand.R.roll,16.75,20.2,-34.7,-74.5,74.5,0,0
hermes-as-young-man,hand.R.roll,16.833,16.7,-42.1,-74.5,74.5,0,0
hermes-as-young-man,hand.R.roll,16.917,12.9,-45.8,-74.5,74.5,0,0
hermes-as-young-man,hand.R.roll,17,9.1,-45.8,-74.5,74.5,0,0
hermes-as-young-man,hand.R.roll,17.083,5.6,-42.1,-74.5,74.5,0,0
hermes-as-young-man,hand.R.roll,17.167,2.7,-34.7,-74.5,74.5,0,0
hermes-as-young-man,hand.R.roll,17.25,0.7,-23.5,-74.5,74.5,0,0
hermes-as-young-man,hand.R.roll,17.333,0,-8.7,-74.5,74.5,0,0
hermes-as-young-man,hand.R.roll,17.417,0,0,-74.5,74.5,0,0
hermes-as-young-man,hand.R.roll,18,1.4,17.1,-74.5,74.5,0,0
hermes-as-young-man,hand.R.roll,18.083,5.1,44.2,-74.5,74.5,0,0
hermes-as-young-man,hand.R.roll,18.167,10.1,60.4,-74.5,74.5,0,0
hermes-as-young-man,hand.R.roll,18.25,15.6,65.8,-74.5,74.5,0,0
hermes-as-young-man,hand.R.roll,18.333,20.7,60.4,-74.5,74.5,0,0
hermes-as-young-man,hand.R.roll,18.417,24.4,44.2,-74.5,74.5,0,0
hermes-as-young-man,hand.R.roll,18.5,25.8,17.1,-74.5,74.5,0,0
hermes-as-young-man,hand.R.roll,18.583,25.1,-8.7,-74.5,74.5,0,0
hermes-as-young-man,hand.R.roll,18.667,23.1,-23.5,-74.5,74.5,0,0
hermes-as-young-man,hand.R.roll,18.75,20.2,-34.7,-74.5,74.5,0,0
hermes-as-young-man,hand.R.roll,18.833,16.7,-42.1,-74.5,74.5,0,0
hermes-as-young-man,hand.R.roll,18.917,12.9,-45.8,-74.5,74.5,0,0
hermes-as-young-man,hand.R.roll,19,9.1,-45.8,-74.5,74.5,0,0
hermes-as-young-man,hand.R.roll,19.083,5.6,-42.1,-74.5,74.5,0,0
hermes-as-young-man,hand.R.roll,19.167,2.7,-34.7,-74.5,74.5,0,0
hermes-as-young-man,hand.R.roll,19.25,0.7,-23.5,-74.5,74.5,0,0
hermes-as-young-man,hand.R.roll,19.333,0,-8.7,-74.5,74.5,0,0
hermes-as-young-man,hand.R.roll,19.417,0,0,-74.5,74.5,0,0
hermes-as-young-man,hand.R.roll,20.75,1.1,13.3,-74.5,74.5,0,0
hermes-as-young-man,hand.R.roll,20.833,4,35,-74.5,74.5,0,0
hermes-as-young-man,hand.R.roll,20.917,8.2,49.6,-74.5,74.5,0,0
hermes-as-young-man,hand.R.roll,21,12.9,56.8,-74.5,74.5,0,0
hermes-as-young-man,hand.R.roll,21.083,17.6,56.8,-74.5,74.5,0,0
hermes-as-young-man,hand.R.roll,21.167,21.8,49.6,-74.5,74.5,0,0
hermes-as-young-man,hand.R.roll,21.25,24.7,35,-74.5,74.5,0,0
hermes-as-young-man,hand.R.roll,21.333,25.8,13.3,-74.5,74.5,0,0
hermes-as-young-man,hand.R.roll,21.417,24.9,-10.6,-74.5,74.5,0,0
hermes-as-young-man,hand.R.roll,21.5,22.5,-28.4,-74.5,74.5,0,0
hermes-as-young-man,hand.R.roll,21.583,19.1,-41.2,-74.5,74.5,0,0
hermes-as-young-man,hand.R.roll,21.667,15,-48.8,-74.5,74.5,0,0
hermes-as-young-man,hand.R.roll,21.75,10.8,-51.4,-74.5,74.5,0,0
hermes-as-young-man,hand.R.roll,21.833,6.7,-48.8,-74.5,74.5,0,0
hermes-as-young-man,hand.R.roll,21.917,3.3,-41.2,-74.5,74.5,0,0
hermes-as-young-man,hand.R.roll,22,0.9,-28.4,-74.5,74.5,0,0
hermes-as-young-man,hand.R.roll,22.083,0,-10.6,-74.5,74.5,0,0
hermes-as-young-man,hand.R.roll,22.167,0,0,-74.5,74.5,0,0
hermes-as-young-man,hand.R.roll,25.167,1.1,13.3,-74.5,74.5,0,0
hermes-as-young-man,hand.R.roll,25.25,4,35,-74.5,74.5,0,0
hermes-as-young-man,hand.R.roll,25.333,8.2,49.6,-74.5,74.5,0,0
hermes-as-young-man,hand.R.roll,25.417,12.9,56.8,-74.5,74.5,0,0
hermes-as-young-man,hand.R.roll,25.5,17.6,56.8,-74.5,74.5,0,0
hermes-as-young-man,hand.R.roll,25.583,21.8,49.6,-74.5,74.5,0,0
hermes-as-young-man,hand.R.roll,25.667,24.7,35,-74.5,74.5,0,0
hermes-as-young-man,hand.R.roll,25.75,25.8,13.3,-74.5,74.5,0,0
hermes-as-young-man,hand.R.roll,25.833,24.9,-10.6,-74.5,74.5,0,0
hermes-as-young-man,hand.R.roll,25.917,22.5,-28.4,-74.5,74.5,0,0
hermes-as-young-man,hand.R.roll,26,19.1,-41.2,-74.5,74.5,0,0
hermes-as-young-man,hand.R.roll,26.083,15,-48.8,-74.5,74.5,0,0
hermes-as-young-man,hand.R.roll,26.167,10.8,-51.4,-74.5,74.5,0,0
hermes-as-young-man,hand.R.roll,26.25,6.7,-48.8,-74.5,74.5,0,0
hermes-as-young-man,hand.R.roll,26.333,3.3,-41.2,-74.5,74.5,0,0
hermes-as-young-man,hand.R.roll,26.417,0.9,-28.4,-74.5,74.5,0,0
hermes-as-young-man,hand.R.roll,26.5,0,-10.6,-74.5,74.5,0,0
hermes-as-young-man,hand.R.roll,26.583,0,0,-74.5,74.5,0,0
hermes-as-young-man,hand.R.roll,29.75,-0.4,-5.3,-74.5,74.5,0,0
hermes-as-young-man,hand.R.roll,29.833,-1.6,-14,-74.5,74.5,0,0
hermes-as-young-man,hand.R.roll,29.917,-3.3,-19.8,-74.5,74.5,0,0
hermes-as-young-man,hand.R.roll,30,-5.2,-22.7,-74.5,74.5,0,0
hermes-as-young-man,hand.R.roll,30.083,-7.1,-22.7,-74.5,74.5,0,0
hermes-as-young-man,hand.R.roll,30.167,-8.7,-19.8,-74.5,74.5,0,0
hermes-as-young-man,hand.R.roll,30.25,-9.9,-14,-74.5,74.5,0,0
hermes-as-young-man,hand.R.roll,30.333,-10.3,-5.3,-74.5,74.5,0,0
hermes-as-young-man,hand.R.roll,30.417,-9.7,6.8,-74.5,74.5,0,0
hermes-as-young-man,hand.R.roll,30.5,-8.3,17,-74.5,74.5,0,0
hermes-as-young-man,hand.R.roll,30.583,-6.5,22.1,-74.5,74.5,0,0
hermes-as-young-man,hand.R.roll,30.667,-4.7,22.1,-74.5,74.5,0,0
hermes-as-young-man,hand.R.roll,30.75,-3.2,17,-74.5,74.5,0,0
hermes-as-young-man,hand.R.roll,30.833,-2.7,6.8,-74.5,74.5,0,0
hermes-as-young-man,hand.R.roll,30.917,-2.5,1.8,-74.5,74.5,0,0
hermes-as-young-man,hand.R.roll,31,-2.1,4.6,-74.5,74.5,0,0
hermes-as-young-man,hand.R.roll,31.083,-1.6,6.3,-74.5,74.5,0,0
hermes-as-young-man,hand.R.roll,31.167,-1.1,6.8,-74.5,74.5,0,0
hermes-as-young-man,hand.R.roll,31.25,-0.5,6.3,-74.5,74.5,0,0
hermes-as-young-man,hand.R.roll,31.333,-0.1,4.6,-74.5,74.5,0,0
hermes-as-young-man,hand.R.roll,31.417,0,1.8,-74.5,74.5,0,0
hermes-as-young-man,hand.R.roll,31.5,0,0,-74.5,74.5,0,0
hermes-as-young-man,hand.R.roll,32.083,2.5,30.5,-74.5,74.5,0,0
hermes-as-young-man,hand.R.roll,32.167,9.1,78.6,-74.5,74.5,0,0
hermes-as-young-man,hand.R.roll,32.25,18,107.4,-74.5,74.5,0,0
hermes-as-young-man,hand.R.roll,32.333,27.8,117.1,-74.5,74.5,0,0
hermes-as-young-man,hand.R.roll,32.417,36.7,107.4,-74.5,74.5,0,0
hermes-as-young-man,hand.R.roll,32.5,43.3,78.6,-74.5,74.5,0,0
hermes-as-young-man,hand.R.roll,32.583,45.8,30.5,-74.5,74.5,0,0
hermes-as-young-man,hand.R.roll,32.667,45.1,-9.3,-74.5,74.5,0,0
hermes-as-young-man,hand.R.roll,32.75,42.9,-25.8,-74.5,74.5,0,0
hermes-as-young-man,hand.R.roll,32.833,39.6,-39.3,-74.5,74.5,0,0
hermes-as-young-man,hand.R.roll,32.917,35.5,-49.8,-74.5,74.5,0,0
hermes-as-young-man,hand.R.roll,33,30.7,-57.3,-74.5,74.5,0,0
hermes-as-young-man,hand.R.roll,33.083,25.6,-61.8,-74.5,74.5,0,0
hermes-as-young-man,hand.R.roll,33.167,20.3,-63.3,-74.5,74.5,0,0
hermes-as-young-man,hand.R.roll,33.25,15.1,-61.8,-74.5,74.5,0,0
hermes-as-young-man,hand.R.roll,33.333,10.3,-57.3,-74.5,74.5,0,0
hermes-as-young-man,hand.R.roll,33.417,6.2,-49.8,-74.5,74.5,0,0
hermes-as-young-man,hand.R.roll,33.5,2.9,-39.3,-74.5,74.5,0,0
hermes-as-young-man,hand.R.roll,33.583,0.8,-25.8,-74.5,74.5,0,0
hermes-as-young-man,hand.R.roll,33.667,0,-9.3,-74.5,74.5,0,0
hermes-as-young-man,hand.R.roll,33.75,0,0,-74.5,74.5,0,0
hermes-as-young-man,hand.R.roll,36.083,1.7,20.9,-74.5,74.5,0,0
hermes-as-young-man,hand.R.roll,36.167,6.2,54,-74.5,74.5,0,0
hermes-as-young-man,hand.R.roll,36.25,12.4,73.9,-74.5,74.5,0,0
hermes-as-young-man,hand.R.roll,36.333,19.1,80.5,-74.5,74.5,0,0
hermes-as-young-man,hand.R.roll,36.417,25.3,73.9,-74.5,74.5,0,0
hermes-as-young-man,hand.R.roll,36.5,29.8,54,-74.5,74.5,0,0
hermes-as-young-man,hand.R.roll,36.583,31.5,20.9,-74.5,74.5,0,0
hermes-as-young-man,hand.R.roll,36.667,29.7,-21.6,-74.5,74.5,0,0
hermes-as-young-man,hand.R.roll,36.75,25,-56.9,-74.5,74.5,0,0
hermes-as-young-man,hand.R.roll,36.833,18.3,-80.4,-74.5,74.5,0,0
hermes-as-young-man,hand.R.roll,36.917,10.6,-92.1,-74.5,74.5,0,0
hermes-as-young-man,hand.R.roll,37,2.9,-92.1,-74.5,74.5,0,0
hermes-as-young-man,hand.R.roll,37.083,-3.8,-80.4,-74.5,74.5,0,0
hermes-as-young-man,hand.R.roll,37.167,-8.5,-56.9,-74.5,74.5,0,0
hermes-as-young-man,hand.R.roll,37.25,-10.3,-21.6,-74.5,74.5,0,0
hermes-as-young-man,hand.R.roll,37.333,-10,4.2,-74.5,74.5,0,0
hermes-as-young-man,hand.R.roll,37.417,-9,11.4,-74.5,74.5,0,0
hermes-as-young-man,hand.R.roll,37.5,-7.6,16.5,-74.5,74.5,0,0
hermes-as-young-man,hand.R.roll,37.583,-6,19.5,-74.5,74.5,0,0
hermes-as-young-man,hand.R.roll,37.667,-4.3,20.5,-74.5,74.5,0,0
hermes-as-young-man,hand.R.roll,37.75,-2.7,19.5,-74.5,74.5,0,0
hermes-as-young-man,hand.R.roll,37.833,-1.3,16.5,-74.5,74.5,0,0
hermes-as-young-man,hand.R.roll,37.917,-0.4,11.4,-74.5,74.5,0,0
hermes-as-young-man,hand.R.roll,38,0,4.2,-74.5,74.5,0,0
hermes-as-young-man,hand.R.roll,38.083,0,0,-74.5,74.5,0,0
hermes-as-young-man,hand.R.roll,42.25,-0.6,-6.9,-74.5,74.5,0,0
hermes-as-young-man,hand.R.roll,42.333,-2,-17.7,-74.5,74.5,0,0
hermes-as-young-man,hand.R.roll,42.417,-4.1,-24.2,-74.5,74.5,0,0
hermes-as-young-man,hand.R.roll,42.5,-6.3,-26.3,-74.5,74.5,0,0
hermes-as-young-man,hand.R.roll,42.583,-8.3,-24.2,-74.5,74.5,0,0
hermes-as-young-man,hand.R.roll,42.667,-9.7,-17.7,-74.5,74.5,0,0
hermes-as-young-man,hand.R.roll,42.75,-10.3,-6.9,-74.5,74.5,0,0
hermes-as-young-man,hand.R.roll,42.833,-10,3.5,-74.5,74.5,0,0
hermes-as-young-man,hand.R.roll,42.917,-9.2,9.4,-74.5,74.5,0,0
hermes-as-young-man,hand.R.roll,43,-8.1,13.9,-74.5,74.5,0,0
hermes-as-young-man,hand.R.roll,43.083,-6.7,16.8,-74.5,74.5,0,0
hermes-as-young-man,hand.R.roll,43.167,-5.2,18.3,-74.5,74.5,0,0
hermes-as-young-man,hand.R.roll,43.25,-3.6,18.3,-74.5,74.5,0,0
hermes-as-young-man,hand.R.roll,43.333,-2.2,16.8,-74.5,74.5,0,0
hermes-as-young-man,hand.R.roll,43.417,-1.1,13.9,-74.5,74.5,0,0
hermes-as-young-man,hand.R.roll,43.5,-0.3,9.4,-74.5,74.5,0,0
hermes-as-young-man,hand.R.roll,43.583,0,3.5,-74.5,74.5,0,0
hermes-as-young-man,hand.R.roll,43.667,0,0,-74.5,74.5,0,0
hermes-as-young-man,hand.R.roll,48.333,-0.5,-6.5,-74.5,74.5,0,0
hermes-as-young-man,hand.R.roll,48.417,-2,-17.1,-74.5,74.5,0,0
hermes-as-young-man,hand.R.roll,48.5,-4,-24.2,-74.5,74.5,0,0
hermes-as-young-man,hand.R.roll,48.583,-6.3,-27.8,-74.5,74.5,0,0
hermes-as-young-man,hand.R.roll,48.667,-8.6,-27.8,-74.5,74.5,0,0
hermes-as-young-man,hand.R.roll,48.75,-10.6,-24.2,-74.5,74.5,0,0
hermes-as-young-man,hand.R.roll,48.833,-12.1,-17.1,-74.5,74.5,0,0
hermes-as-young-man,hand.R.roll,48.917,-12.6,-6.5,-74.5,74.5,0,0
hermes-as-young-man,hand.R.roll,49,-12.2,5.2,-74.5,74.5,0,0
hermes-as-young-man,hand.R.roll,49.083,-11,13.9,-74.5,74.5,0,0
hermes-as-young-man,hand.R.roll,49.167,-9.3,20.1,-74.5,74.5,0,0
hermes-as-young-man,hand.R.roll,49.25,-7.3,23.9,-74.5,74.5,0,0
hermes-as-young-man,hand.R.roll,49.333,-5.3,25.1,-74.5,74.5,0,0
hermes-as-young-man,hand.R.roll,49.417,-3.3,23.9,-74.5,74.5,0,0
hermes-as-young-man,hand.R.roll,49.5,-1.6,20.1,-74.5,74.5,0,0
hermes-as-young-man,hand.R.roll,49.583,-0.4,13.9,-74.5,74.5,0,0
hermes-as-young-man,hand.R.roll,49.667,0,5.2,-74.5,74.5,0,0
hermes-as-young-man,hand.R.roll,49.75,0,0,-74.5,74.5,0,0
hermes-as-young-man,hand.R.roll,50.083,-1.6,-19,-74.5,74.5,0,0
hermes-as-young-man,hand.R.roll,50.167,-5.7,-49.1,-74.5,74.5,0,0
hermes-as-young-man,hand.R.roll,50.25,-11.3,-67.2,-74.5,74.5,0,0
hermes-as-young-man,hand.R.roll,50.333,-17.4,-73.2,-74.5,74.5,0,0
hermes-as-young-man,hand.R.roll,50.417,-23,-67.2,-74.5,74.5,0,0
hermes-as-young-man,hand.R.roll,50.5,-27.1,-49.1,-74.5,74.5,0,0
hermes-as-young-man,hand.R.roll,50.583,-28.6,-19,-74.5,74.5,0,0
hermes-as-young-man,hand.R.roll,50.667,-27.8,9.9,-74.5,74.5,0,0
hermes-as-young-man,hand.R.roll,50.75,-25.6,26.1,-74.5,74.5,0,0
hermes-as-young-man,hand.R.roll,50.833,-22.6,36.9,-74.5,74.5,0,0
hermes-as-young-man,hand.R.roll,50.917,-19.1,42.3,-74.5,74.5,0,0
hermes-as-young-man,hand.R.roll,51,-15.5,42.3,-74.5,74.5,0,0
hermes-as-young-man,hand.R.roll,51.083,-12.5,36.9,-74.5,74.5,0,0
hermes-as-young-man,hand.R.roll,51.167,-10.3,26.1,-74.5,74.5,0,0
hermes-as-young-man,hand.R.roll,51.25,-9.5,9.9,-74.5,74.5,0,0
hermes-as-young-man,hand.R.roll,51.333,-7.5,23.4,-74.5,74.5,0,0
hermes-as-young-man,hand.R.roll,51.417,-2.5,60.4,-74.5,74.5,0,0
hermes-as-young-man,hand.R.roll,51.5,4.4,82.6,-74.5,74.5,0,0
hermes-as-young-man,hand.R.roll,51.583,11.9,90,-74.5,74.5,0,0
hermes-as-young-man,hand.R.roll,51.667,18.8,82.6,-74.5,74.5,0,0
hermes-as-young-man,hand.R.roll,51.75,23.8,60.4,-74.5,74.5,0,0
hermes-as-young-man,hand.R.roll,51.833,25.8,23.4,-74.5,74.5,0,0
hermes-as-young-man,hand.R.roll,51.917,25.1,-8.7,-74.5,74.5,0,0
hermes-as-young-man,hand.R.roll,52,23.1,-23.5,-74.5,74.5,0,0
hermes-as-young-man,hand.R.roll,52.083,20.2,-34.7,-74.5,74.5,0,0
hermes-as-young-man,hand.R.roll,52.167,16.7,-42.1,-74.5,74.5,0,0
hermes-as-young-man,hand.R.roll,52.25,12.9,-45.8,-74.5,74.5,0,0
hermes-as-young-man,hand.R.roll,52.333,9.1,-45.8,-74.5,74.5,0,0
hermes-as-young-man,hand.R.roll,52.417,5.6,-42.1,-74.5,74.5,0,0
hermes-as-young-man,hand.R.roll,52.5,2.7,-34.7,-74.5,74.5,0,0
hermes-as-young-man,hand.R.roll,52.583,0.7,-23.5,-74.5,74.5,0,0
hermes-as-young-man,hand.R.roll,52.667,0,-8.7,-74.5,74.5,0,0
hermes-as-young-man,hand.R.roll,52.75,0,0,-74.5,74.5,0,0
hermes-as-young-man,hand.R.roll,55.167,-0.6,-6.9,-74.5,74.5,0,0
hermes-as-young-man,hand.R.roll,55.25,-2,-17.7,-74.5,74.5,0,0
hermes-as-young-man,hand.R.roll,55.333,-4.1,-24.2,-74.5,74.5,0,0
hermes-as-young-man,hand.R.roll,55.417,-6.3,-26.3,-74.5,74.5,0,0
hermes-as-young-man,hand.R.roll,55.5,-8.3,-24.2,-74.5,74.5,0,0
hermes-as-young-man,hand.R.roll,55.583,-9.7,-17.7,-74.5,74.5,0,0
hermes-as-young-man,hand.R.roll,55.667,-10.3,-6.9,-74.5,74.5,0,0
hermes-as-young-man,hand.R.roll,55.75,-10,3.5,-74.5,74.5,0,0
hermes-as-young-man,hand.R.roll,55.833,-9.2,9.4,-74.5,74.5,0,0
hermes-as-young-man,hand.R.roll,55.917,-8.1,13.9,-74.5,74.5,0,0
hermes-as-young-man,hand.R.roll,56,-6.7,16.8,-74.5,74.5,0,0
hermes-as-young-man,hand.R.roll,56.083,-5.2,18.3,-74.5,74.5,0,0
hermes-as-young-man,hand.R.roll,56.167,-3.6,18.3,-74.5,74.5,0,0
hermes-as-young-man,hand.R.roll,56.25,-2.2,16.8,-74.5,74.5,0,0
hermes-as-young-man,hand.R.roll,56.333,-1.1,13.9,-74.5,74.5,0,0
hermes-as-young-man,hand.R.roll,56.417,-0.3,9.4,-74.5,74.5,0,0
hermes-as-young-man,hand.R.roll,56.5,0,3.5,-74.5,74.5,0,0
hermes-as-young-man,hand.R.roll,56.583,0,0,-74.5,74.5,0,0
hermes-as-young-man,hand.R.roll,58.917,-0.6,-6.9,-74.5,74.5,0,0
hermes-as-young-man,hand.R.roll,59,-2,-17.7,-74.5,74.5,0,0
hermes-as-young-man,hand.R.roll,59.083,-4.1,-24.2,-74.5,74.5,0,0
hermes-as-young-man,hand.R.roll,59.167,-6.3,-26.3,-74.5,74.5,0,0
hermes-as-young-man,hand.R.roll,59.25,-8.3,-24.2,-74.5,74.5,0,0
hermes-as-young-man,hand.R.roll,59.333,-9.7,-17.7,-74.5,74.5,0,0
hermes-as-young-man,hand.R.roll,59.417,-10.3,-6.9,-74.5,74.5,0,0
hermes-as-young-man,hand.R.roll,59.5,-10,3.5,-74.5,74.5,0,0
hermes-as-young-man,hand.R.roll,59.583,-9.2,9.4,-74.5,74.5,0,0
hermes-as-young-man,hand.R.roll,59.667,-8.1,13.9,-74.5,74.5,0,0
hermes-as-young-man,hand.R.roll,59.75,-6.7,16.8,-74.5,74.5,0,0
hermes-as-young-man,hand.R.roll,59.833,-5.2,18.3,-74.5,74.5,0,0
hermes-as-young-man,hand.R.roll,59.917,-3.6,18.3,-74.5,74.5,0,0
hermes-as-young-man,hand.R.roll,60,-2.2,16.8,-74.5,74.5,0,0
hermes-as-young-man,hand.R.roll,60.083,-1.1,13.9,-74.5,74.5,0,0
hermes-as-young-man,hand.R.roll,60.167,-0.3,9.4,-74.5,74.5,0,0
hermes-as-young-man,hand.R.roll,60.25,0,3.5,-74.5,74.5,0,0
hermes-as-young-man,hand.R.roll,60.333,0,0,-74.5,74.5,0,0
hermes-as-young-man,hand.R.roll,63.5,1.4,17.1,-74.5,74.5,0,0
hermes-as-young-man,hand.R.roll,63.583,5.1,44.2,-74.5,74.5,0,0
hermes-as-young-man,hand.R.roll,63.667,10.1,60.4,-74.5,74.5,0,0
hermes-as-young-man,hand.R.roll,63.75,15.6,65.8,-74.5,74.5,0,0
hermes-as-young-man,hand.R.roll,63.833,20.7,60.4,-74.5,74.5,0,0
hermes-as-young-man,hand.R.roll,63.917,24.4,44.2,-74.5,74.5,0,0
hermes-as-young-man,hand.R.roll,64,25.8,17.1,-74.5,74.5,0,0
hermes-as-young-man,hand.R.roll,64.083,25.1,-8.7,-74.5,74.5,0,0
hermes-as-young-man,hand.R.roll,64.167,23.1,-23.5,-74.5,74.5,0,0
hermes-as-young-man,hand.R.roll,64.25,20.2,-34.7,-74.5,74.5,0,0
hermes-as-young-man,hand.R.roll,64.333,16.7,-42.1,-74.5,74.5,0,0
hermes-as-young-man,hand.R.roll,64.417,12.9,-45.8,-74.5,74.5,0,0
hermes-as-young-man,hand.R.roll,64.5,9.1,-45.8,-74.5,74.5,0,0
hermes-as-young-man,hand.R.roll,64.583,5.6,-42.1,-74.5,74.5,0,0
hermes-as-young-man,hand.R.roll,64.667,2.7,-34.7,-74.5,74.5,0,0
hermes-as-young-man,hand.R.roll,64.75,0.7,-23.5,-74.5,74.5,0,0
hermes-as-young-man,hand.R.roll,64.833,0,-8.7,-74.5,74.5,0,0
hermes-as-young-man,hand.R.roll,64.917,0,0,-74.5,74.5,0,0
hermes-as-young-man,hand.R.roll,68,0,0,-74.5,74.5,0,0
hermes-as-young-man,hand.L.roll,0,0,0,-74.5,74.5,0,0
hermes-as-young-man,hand.L.roll,32.083,-2.5,-30.5,-74.5,74.5,0,0
hermes-as-young-man,hand.L.roll,32.167,-9.1,-78.6,-74.5,74.5,0,0
hermes-as-young-man,hand.L.roll,32.25,-18,-107.4,-74.5,74.5,0,0
hermes-as-young-man,hand.L.roll,32.333,-27.8,-117.1,-74.5,74.5,0,0
hermes-as-young-man,hand.L.roll,32.417,-36.7,-107.4,-74.5,74.5,0,0
hermes-as-young-man,hand.L.roll,32.5,-43.3,-78.6,-74.5,74.5,0,0
hermes-as-young-man,hand.L.roll,32.583,-45.8,-30.5,-74.5,74.5,0,0
hermes-as-young-man,hand.L.roll,32.667,-45.1,9.3,-74.5,74.5,0,0
hermes-as-young-man,hand.L.roll,32.75,-42.9,25.8,-74.5,74.5,0,0
hermes-as-young-man,hand.L.roll,32.833,-39.6,39.3,-74.5,74.5,0,0
hermes-as-young-man,hand.L.roll,32.917,-35.5,49.8,-74.5,74.5,0,0
hermes-as-young-man,hand.L.roll,33,-30.7,57.3,-74.5,74.5,0,0
hermes-as-young-man,hand.L.roll,33.083,-25.6,61.8,-74.5,74.5,0,0
hermes-as-young-man,hand.L.roll,33.167,-20.3,63.3,-74.5,74.5,0,0
hermes-as-young-man,hand.L.roll,33.25,-15.1,61.8,-74.5,74.5,0,0
hermes-as-young-man,hand.L.roll,33.333,-10.3,57.3,-74.5,74.5,0,0
hermes-as-young-man,hand.L.roll,33.417,-6.2,49.8,-74.5,74.5,0,0
hermes-as-young-man,hand.L.roll,33.5,-2.9,39.3,-74.5,74.5,0,0
hermes-as-young-man,hand.L.roll,33.583,-0.8,25.8,-74.5,74.5,0,0
hermes-as-young-man,hand.L.roll,33.667,0,9.3,-74.5,74.5,0,0
hermes-as-young-man,hand.L.roll,33.75,0,0,-74.5,74.5,0,0
hermes-as-young-man,hand.L.roll,36.083,-1.7,-20.9,-74.5,74.5,0,0
hermes-as-young-man,hand.L.roll,36.167,-6.2,-54,-74.5,74.5,0,0
hermes-as-young-man,hand.L.roll,36.25,-12.4,-73.9,-74.5,74.5,0,0
hermes-as-young-man,hand.L.roll,36.333,-19.1,-80.5,-74.5,74.5,0,0
hermes-as-young-man,hand.L.roll,36.417,-25.3,-73.9,-74.5,74.5,0,0
hermes-as-young-man,hand.L.roll,36.5,-29.8,-54,-74.5,74.5,0,0
hermes-as-young-man,hand.L.roll,36.583,-31.5,-20.9,-74.5,74.5,0,0
hermes-as-young-man,hand.L.roll,36.667,-31,6.4,-74.5,74.5,0,0
hermes-as-young-man,hand.L.roll,36.75,-29.5,17.7,-74.5,74.5,0,0
hermes-as-young-man,hand.L.roll,36.833,-27.3,27,-74.5,74.5,0,0
hermes-as-young-man,hand.L.roll,36.917,-24.4,34.3,-74.5,74.5,0,0
hermes-as-young-man,hand.L.roll,37,-21.1,39.4,-74.5,74.5,0,0
hermes-as-young-man,hand.L.roll,37.083,-17.6,42.5,-74.5,74.5,0,0
hermes-as-young-man,hand.L.roll,37.167,-13.9,43.5,-74.5,74.5,0,0
hermes-as-young-man,hand.L.roll,37.25,-10.4,42.5,-74.5,74.5,0,0
hermes-as-young-man,hand.L.roll,37.333,-7.1,39.4,-74.5,74.5,0,0
hermes-as-young-man,hand.L.roll,37.417,-4.3,34.3,-74.5,74.5,0,0
hermes-as-young-man,hand.L.roll,37.5,-2,27,-74.5,74.5,0,0
hermes-as-young-man,hand.L.roll,37.583,-0.5,17.7,-74.5,74.5,0,0
hermes-as-young-man,hand.L.roll,37.667,0,6.4,-74.5,74.5,0,0
hermes-as-young-man,hand.L.roll,37.75,0,0,-74.5,74.5,0,0
hermes-as-young-man,hand.L.roll,50.083,1.6,19,-74.5,74.5,0,0
hermes-as-young-man,hand.L.roll,50.167,5.7,49.1,-74.5,74.5,0,0
hermes-as-young-man,hand.L.roll,50.25,11.3,67.2,-74.5,74.5,0,0
hermes-as-young-man,hand.L.roll,50.333,17.4,73.2,-74.5,74.5,0,0
hermes-as-young-man,hand.L.roll,50.417,23,67.2,-74.5,74.5,0,0
hermes-as-young-man,hand.L.roll,50.5,27.1,49.1,-74.5,74.5,0,0
hermes-as-young-man,hand.L.roll,50.583,28.6,19,-74.5,74.5,0,0
hermes-as-young-man,hand.L.roll,50.667,28.2,-5.8,-74.5,74.5,0,0
hermes-as-young-man,hand.L.roll,50.75,26.8,-16.1,-74.5,74.5,0,0
hermes-as-young-man,hand.L.roll,50.833,24.8,-24.6,-74.5,74.5,0,0
hermes-as-young-man,hand.L.roll,50.917,22.2,-31.1,-74.5,74.5,0,0
hermes-as-young-man,hand.L.roll,51,19.2,-35.8,-74.5,74.5,0,0
hermes-as-young-man,hand.L.roll,51.083,16,-38.6,-74.5,74.5,0,0
hermes-as-young-man,hand.L.roll,51.167,12.7,-39.6,-74.5,74.5,0,0
hermes-as-young-man,hand.L.roll,51.25,9.5,-38.6,-74.5,74.5,0,0
hermes-as-young-man,hand.L.roll,51.333,6.5,-35.8,-74.5,74.5,0,0
hermes-as-young-man,hand.L.roll,51.417,3.9,-31.1,-74.5,74.5,0,0
hermes-as-young-man,hand.L.roll,51.5,1.8,-24.6,-74.5,74.5,0,0
hermes-as-young-man,hand.L.roll,51.583,0.5,-16.1,-74.5,74.5,0,0
hermes-as-young-man,hand.L.roll,51.667,0,-5.8,-74.5,74.5,0,0
hermes-as-young-man,hand.L.roll,51.75,0,0,-74.5,74.5,0,0
hermes-as-young-man,hand.L.roll,68,0,0,-74.5,74.5,0,0
hermes-as-young-man,leg.R.pitch,0,0,0,-91.7,54.4,0,0
hermes-as-young-man,leg.R.pitch,9.917,0.5,6.5,-91.7,54.4,0.0009,0
hermes-as-young-man,leg.R.pitch,10,7.5,83.2,-91.7,54.4,0.0116,0.034
hermes-as-young-man,leg.R.pitch,10.083,15,90.6,-91.7,54.4,0.0181,0.058
hermes-as-young-man,leg.R.pitch,10.167,21,71.3,-91.7,54.4,0.0252,0.064
hermes-as-young-man,leg.R.pitch,10.25,26.4,64.8,-91.7,54.4,0.0307,0.071
hermes-as-young-man,leg.R.pitch,10.333,30.8,53.3,-91.7,54.4,0.0356,0.069
hermes-as-young-man,leg.R.pitch,10.417,33.9,37.3,-91.7,54.4,0.0389,0.054
hermes-as-young-man,leg.R.pitch,10.5,35.4,18,-91.7,54.4,0.0405,0.029
hermes-as-young-man,leg.R.pitch,10.583,35.2,-3.1,-91.7,54.4,0.0403,0.008
hermes-as-young-man,leg.R.pitch,10.667,33.1,-24.3,-91.7,54.4,0.0383,0.035
hermes-as-young-man,leg.R.pitch,10.75,29.5,-43.6,-91.7,54.4,0.0345,0.055
hermes-as-young-man,leg.R.pitch,10.833,24.5,-59.6,-91.7,54.4,0.029,0.062
hermes-as-young-man,leg.R.pitch,10.917,18.6,-71,-91.7,54.4,0.0223,0.056
hermes-as-young-man,leg.R.pitch,11,12.2,-77.3,-91.7,54.4,0.0147,0.04
hermes-as-young-man,leg.R.pitch,11.083,5.6,-78.6,-91.7,54.4,0.0068,0.019
hermes-as-young-man,leg.R.pitch,11.167,-0.4,-72.5,-91.7,54.4,0.0007,0.002
hermes-as-young-man,leg.R.pitch,11.25,-0.2,2.4,-91.7,54.4,0.0028,0
hermes-as-young-man,leg.R.pitch,11.333,0,2.8,-91.7,54.4,0,0
hermes-as-young-man,leg.R.pitch,11.417,0,0,-91.7,54.4,0.0001,0
hermes-as-young-man,leg.R.pitch,68,0,0,-91.7,54.4,0,0
hermes-as-young-man,leg.L.pitch,0,0,0,-91.7,54.4,0,0
hermes-as-young-man,leg.L.pitch,9.917,-0.5,-6.5,-91.7,54.4,0.0009,0
hermes-as-young-man,leg.L.pitch,10,-7.5,-83.2,-91.7,54.4,0.0116,0.034
hermes-as-young-man,leg.L.pitch,10.083,-15,-90.6,-91.7,54.4,0.0181,0.058
hermes-as-young-man,leg.L.pitch,10.167,-21,-71.3,-91.7,54.4,0.0252,0.064
hermes-as-young-man,leg.L.pitch,10.25,-26.4,-64.8,-91.7,54.4,0.0307,0.071
hermes-as-young-man,leg.L.pitch,10.333,-30.8,-53.3,-91.7,54.4,0.0356,0.069
hermes-as-young-man,leg.L.pitch,10.417,-33.9,-37.3,-91.7,54.4,0.0389,0.054
hermes-as-young-man,leg.L.pitch,10.5,-35.4,-18,-91.7,54.4,0.0405,0.029
hermes-as-young-man,leg.L.pitch,10.583,-35.2,3.1,-91.7,54.4,0.0403,0.008
hermes-as-young-man,leg.L.pitch,10.667,-33.1,24.3,-91.7,54.4,0.0383,0.035
hermes-as-young-man,leg.L.pitch,10.75,-29.5,43.6,-91.7,54.4,0.0345,0.055
hermes-as-young-man,leg.L.pitch,10.833,-24.5,59.6,-91.7,54.4,0.029,0.062
hermes-as-young-man,leg.L.pitch,10.917,-18.6,71,-91.7,54.4,0.0223,0.056
hermes-as-young-man,leg.L.pitch,11,-12.2,77.3,-91.7,54.4,0.0147,0.04
hermes-as-young-man,leg.L.pitch,11.083,-5.6,78.6,-91.7,54.4,0.0068,0.019
hermes-as-young-man,leg.L.pitch,11.167,0.4,72.5,-91.7,54.4,0.0007,0.002
hermes-as-young-man,leg.L.pitch,11.25,0.2,-2.4,-91.7,54.4,0.0028,0
hermes-as-young-man,leg.L.pitch,11.333,0,-2.8,-91.7,54.4,0,0
hermes-as-young-man,leg.L.pitch,11.417,0,0,-91.7,54.4,0.0001,0
hermes-as-young-man,leg.L.pitch,68,0,0,-91.7,54.4,0,0
