# servo timeline for OD-B12-S04 (tools/perform/hardware.js): rows where a channel moves (and where it stops); power is an estimate from a stated model (a 0.30 m puppet; see the file header of hardware.js), not a measurement
# calibration on a rig: encoder velocity -> angular velocity; IMU -> root acceleration; V x I -> electrical power; motor thermistor -> a first-order response to I^2 R, the same form as the motion heat T_m
actor,channel,t,angle_deg,velocity_deg_s,limit_lo_deg,limit_hi_deg,torque_Nm,power_W_est
odysseus,root.h,0,-180,0,,,0,0
odysseus,root.h,8.917,-179.9,1.7,,,0,0
odysseus,root.h,9,-179.5,3.8,,,0,0
odysseus,root.h,9.083,-179.1,4.8,,,0,0
odysseus,root.h,9.167,-178.8,4.7,,,0,0
odysseus,root.h,9.25,-178.5,3.5,,,0,0
odysseus,root.h,9.333,-178.4,1.2,,,0,0
odysseus,root.h,9.417,-178.4,0,,,0,0
odysseus,root.h,11.333,-175.2,37.5,,,0,0
odysseus,root.h,11.417,-153.9,255.8,,,0,0
odysseus,root.h,11.5,-119,418.6,,,0,0
odysseus,root.h,11.583,-78.4,487.8,,,0,0
odysseus,root.h,11.667,-39.8,463.1,,,0,0
odysseus,root.h,11.75,-11.1,344.8,,,0,0
odysseus,root.h,11.833,0,132.7,,,0,0
odysseus,root.h,11.917,0,0,,,0,0
odysseus,root.h,23.5,0.1,0.8,,,0,0
odysseus,root.h,23.583,0.4,4.5,,,0,0
odysseus,root.h,23.667,1,7.1,,,0,0
odysseus,root.h,23.75,1.7,8.2,,,0,0
odysseus,root.h,23.833,2.4,7.7,,,0,0
odysseus,root.h,23.917,2.8,5.7,,,0,0
odysseus,root.h,24,3,2.1,,,0,0
odysseus,root.h,24.083,3,0,,,0,0
odysseus,root.h,26.167,4.8,21.1,,,0,0
odysseus,root.h,26.25,21.5,200.5,,,0,0
odysseus,root.h,26.333,51,353.8,,,0,0
odysseus,root.h,26.417,87.2,434.6,,,0,0
odysseus,root.h,26.5,124.1,442.9,,,0,0
odysseus,root.h,26.583,155.7,378.8,,,0,0
odysseus,root.h,26.667,175.8,242.2,,,0,0
odysseus,root.h,26.75,180,49.8,,,0,0
odysseus,root.h,26.833,180,0,,,0,0
odysseus,root.h,29.167,184.2,50.1,,,0,0
odysseus,root.h,29.25,194.1,119.4,,,0,0
odysseus,root.h,29.333,206,142.5,,,0,0
odysseus,root.h,29.417,215.9,119.4,,,0,0
odysseus,root.h,29.5,220.1,50.1,,,0,0
odysseus,root.h,29.583,220.1,0,,,0,0
odysseus,root.h,30.583,211.8,-100.1,,,0,0
odysseus,root.h,30.667,191.9,-238.7,,,0,0
odysseus,root.h,30.75,168.1,-284.9,,,0,0
odysseus,root.h,30.833,148.2,-238.7,,,0,0
odysseus,root.h,30.917,139.9,-100.1,,,0,0
odysseus,root.h,31,139.9,0,,,0,0
odysseus,root.h,32.333,152.4,150.4,,,0,0
odysseus,root.h,32.417,180,330.9,,,0,0
odysseus,root.h,32.5,207.6,330.9,,,0,0
odysseus,root.h,32.583,220.1,150.4,,,0,0
odysseus,root.h,32.667,220.1,0,,,0,0
odysseus,root.h,33.917,217.9,-26.7,,,0,0
odysseus,root.h,34,212.2,-68.8,,,0,0
odysseus,root.h,34.083,204.3,-94,,,0,0
odysseus,root.h,34.167,195.8,-102.4,,,0,0
odysseus,root.h,34.25,188,-94,,,0,0
odysseus,root.h,34.333,182.2,-68.8,,,0,0
odysseus,root.h,34.417,180,-26.7,,,0,0
odysseus,root.h,34.5,180,0,,,0,0
odysseus,root.h,40.333,-180,-4320,,,0,0
odysseus,root.h,40.417,-180,0,,,0,0
odysseus,root.h,43,179.9,4319.3,,,0,0
odysseus,root.h,43.083,174.1,-70.1,,,0,0
odysseus,root.h,43.167,160.8,-159.8,,,0,0
odysseus,root.h,43.25,143.1,-212.5,,,0,0
odysseus,root.h,43.333,124.1,-228.2,,,0,0
odysseus,root.h,43.417,106.8,-206.8,,,0,0
odysseus,root.h,43.5,94.4,-148.5,,,0,0
odysseus,root.h,43.583,90,-53.3,,,0,0
odysseus,root.h,43.667,90,0,,,0,0
odysseus,root.h,53.417,90,0,,,0,0
odysseus,root.pitch,0,0,0,,,0,0
odysseus,root.pitch,53.417,0,0,,,0,0
odysseus,root.roll,0,0,0,,,0,0
odysseus,root.roll,1.25,0.1,1.5,,,0,0
odysseus,root.roll,1.333,0.4,3.8,,,0,0
odysseus,root.roll,1.417,0.9,5,,,0,0
odysseus,root.roll,1.5,1.3,5,,,0,0
odysseus,root.roll,1.583,1.6,3.8,,,0,0
odysseus,root.roll,1.667,1.7,1.5,,,0,0
odysseus,root.roll,1.75,1.7,-0.3,,,0,0
odysseus,root.roll,5,1,-2.6,,,0,0
odysseus,root.roll,5.083,0.5,-6.6,,,0,0
odysseus,root.roll,5.167,-0.2,-8.6,,,0,0
odysseus,root.roll,5.25,-0.9,-8.6,,,0,0
odysseus,root.roll,5.333,-1.5,-6.6,,,0,0
odysseus,root.roll,5.417,-1.7,-2.6,,,0,0
odysseus,root.roll,5.5,-1.7,0.3,,,0,0
odysseus,root.roll,8.833,-1,2.6,,,0,0
odysseus,root.roll,8.917,-0.5,6.6,,,0,0
odysseus,root.roll,9,0.2,8.6,,,0,0
odysseus,root.roll,9.083,0.9,8.6,,,0,0
odysseus,root.roll,9.167,1.5,6.6,,,0,0
odysseus,root.roll,9.25,1.7,2.6,,,0,0
odysseus,root.roll,9.333,1.7,-0.3,,,0,0
odysseus,root.roll,12.167,1,-3.7,,,0,0
odysseus,root.roll,12.25,0.2,-8.9,,,0,0
odysseus,root.roll,12.333,-0.7,-10.6,,,0,0
odysseus,root.roll,12.417,-1.4,-8.9,,,0,0
odysseus,root.roll,12.5,-1.7,-3.7,,,0,0
odysseus,root.roll,12.583,-1.7,0.3,,,0,0
odysseus,root.roll,16.583,-1,2.6,,,0,0
odysseus,root.roll,16.667,-0.5,6.6,,,0,0
odysseus,root.roll,16.75,0.2,8.6,,,0,0
odysseus,root.roll,16.833,0.9,8.6,,,0,0
odysseus,root.roll,16.917,1.5,6.6,,,0,0
odysseus,root.roll,17,1.7,2.6,,,0,0
odysseus,root.roll,17.083,1.7,-0.3,,,0,0
odysseus,root.roll,20.917,1,-2.6,,,0,0
odysseus,root.roll,21,0.5,-6.6,,,0,0
odysseus,root.roll,21.083,-0.2,-8.6,,,0,0
odysseus,root.roll,21.167,-0.9,-8.6,,,0,0
odysseus,root.roll,21.25,-1.5,-6.6,,,0,0
odysseus,root.roll,21.333,-1.7,-2.6,,,0,0
odysseus,root.roll,21.417,-1.7,0.3,,,0,0
odysseus,root.roll,29,-1.3,-0.6,,,0,0
odysseus,root.roll,29.083,-1.4,-1.4,,,0,0
odysseus,root.roll,29.167,-1.6,-1.6,,,0,0
odysseus,root.roll,29.25,-1.7,-1.4,,,0,0
odysseus,root.roll,29.333,-1.7,-0.6,,,0,0
odysseus,root.roll,29.417,-1.7,0.3,,,0,0
odysseus,root.roll,32.083,-1,2.6,,,0,0
odysseus,root.roll,32.167,-0.5,6.6,,,0,0
odysseus,root.roll,32.25,0.2,8.6,,,0,0
odysseus,root.roll,32.333,0.9,8.6,,,0,0
odysseus,root.roll,32.417,1.5,6.6,,,0,0
odysseus,root.roll,32.5,1.7,2.6,,,0,0
odysseus,root.roll,32.583,1.7,-0.3,,,0,0
odysseus,root.roll,34.833,1,-3.7,,,0,0
odysseus,root.roll,34.917,0.2,-8.9,,,0,0
odysseus,root.roll,35,-0.7,-10.6,,,0,0
odysseus,root.roll,35.083,-1.4,-8.9,,,0,0
odysseus,root.roll,35.167,-1.7,-3.7,,,0,0
odysseus,root.roll,35.25,-1.7,0.3,,,0,0
odysseus,root.roll,38.083,-1,3.7,,,0,0
odysseus,root.roll,38.167,-0.2,8.9,,,0,0
odysseus,root.roll,38.25,0.7,10.6,,,0,0
odysseus,root.roll,38.333,1.4,8.9,,,0,0
odysseus,root.roll,38.417,1.7,3.7,,,0,0
odysseus,root.roll,38.5,1.7,-0.3,,,0,0
odysseus,root.roll,45.5,1.3,0.6,,,0,0
odysseus,root.roll,45.583,1.4,1.4,,,0,0
odysseus,root.roll,45.667,1.6,1.6,,,0,0
odysseus,root.roll,45.75,1.7,1.4,,,0,0
odysseus,root.roll,45.833,1.7,0.6,,,0,0
odysseus,root.roll,45.917,1.7,-0.3,,,0,0
odysseus,root.roll,49.083,1,-2.6,,,0,0
odysseus,root.roll,49.167,0.5,-6.6,,,0,0
odysseus,root.roll,49.25,-0.2,-8.6,,,0,0
odysseus,root.roll,49.333,-0.9,-8.6,,,0,0
odysseus,root.roll,49.417,-1.5,-6.6,,,0,0
odysseus,root.roll,49.5,-1.7,-2.6,,,0,0
odysseus,root.roll,49.583,-1.7,0.3,,,0,0
odysseus,root.roll,53.417,-1.3,0,,,0,0
odysseus,torso.lean,0,0,0,-17.2,21.8,0,0
odysseus,torso.lean,0.417,-0.1,-0.5,-17.2,21.8,0.0007,0
odysseus,torso.lean,0.5,-0.2,-0.6,-17.2,21.8,0.001,0
odysseus,torso.lean,0.583,-0.2,-0.7,-17.2,21.8,0.0013,0
odysseus,torso.lean,0.667,-0.3,-0.8,-17.2,21.8,0.0017,0
odysseus,torso.lean,0.75,-0.4,-0.8,-17.2,21.8,0.002,0
odysseus,torso.lean,0.833,-0.4,-0.9,-17.2,21.8,0.0025,0
odysseus,torso.lean,0.917,-0.5,-0.9,-17.2,21.8,0.0029,0
odysseus,torso.lean,1,-0.6,-1,-17.2,21.8,0.0033,0
odysseus,torso.lean,1.083,-0.7,-1,-17.2,21.8,0.0038,0
odysseus,torso.lean,1.167,-0.8,-1,-17.2,21.8,0.0042,0
odysseus,torso.lean,1.25,-0.9,-1,-17.2,21.8,0.0047,0
odysseus,torso.lean,1.333,-0.9,-1,-17.2,21.8,0.0052,0
odysseus,torso.lean,1.417,-1,-1,-17.2,21.8,0.0056,0
odysseus,torso.lean,1.5,-1.1,-1,-17.2,21.8,0.0061,0
odysseus,torso.lean,1.583,-1.2,-1,-17.2,21.8,0.0066,0
odysseus,torso.lean,1.667,-1.3,-0.9,-17.2,21.8,0.007,0
odysseus,torso.lean,1.75,-1.3,-0.9,-17.2,21.8,0.0074,0
odysseus,torso.lean,1.833,-1.4,-0.8,-17.2,21.8,0.0078,0
odysseus,torso.lean,1.917,-1.5,-0.8,-17.2,21.8,0.0081,0
odysseus,torso.lean,2,-1.5,-0.7,-17.2,21.8,0.0085,0
odysseus,torso.lean,2.083,-1.6,-0.6,-17.2,21.8,0.0087,0
odysseus,torso.lean,2.167,-1.6,-0.5,-17.2,21.8,0.009,0
odysseus,torso.lean,2.25,-1.7,-0.4,-17.2,21.8,0.0092,0
odysseus,torso.lean,2.75,-1.6,0.7,-17.2,21.8,0.0088,0
odysseus,torso.lean,2.833,-1.5,1,-17.2,21.8,0.0084,0
odysseus,torso.lean,2.917,-1.4,1.2,-17.2,21.8,0.0078,0
odysseus,torso.lean,3,-1.3,1.3,-17.2,21.8,0.0072,0
odysseus,torso.lean,3.083,-1.2,1.5,-17.2,21.8,0.0065,0
odysseus,torso.lean,3.167,-1.1,1.6,-17.2,21.8,0.0058,0
odysseus,torso.lean,3.25,-0.9,1.6,-17.2,21.8,0.0051,0
odysseus,torso.lean,3.333,-0.8,1.6,-17.2,21.8,0.0043,0
odysseus,torso.lean,3.417,-0.7,1.6,-17.2,21.8,0.0036,0
odysseus,torso.lean,3.5,-0.5,1.6,-17.2,21.8,0.0029,0
odysseus,torso.lean,3.583,-0.4,1.5,-17.2,21.8,0.0022,0
odysseus,torso.lean,3.667,-0.3,1.3,-17.2,21.8,0.0016,0
odysseus,torso.lean,3.75,-0.2,1.2,-17.2,21.8,0.0011,0
odysseus,torso.lean,3.833,-0.1,1,-17.2,21.8,0.0007,0
odysseus,torso.lean,3.917,-0.1,0.7,-17.2,21.8,0.0003,0
odysseus,torso.lean,4,0,0.5,-17.2,21.8,0.0001,0
odysseus,torso.lean,4.417,-0.1,-0.6,-17.2,21.8,0.0007,0
odysseus,torso.lean,4.5,-0.2,-0.7,-17.2,21.8,0.001,0
odysseus,torso.lean,4.583,-0.2,-0.8,-17.2,21.8,0.0014,0
odysseus,torso.lean,4.667,-0.3,-1,-17.2,21.8,0.0018,0
odysseus,torso.lean,4.75,-0.4,-1,-17.2,21.8,0.0023,0
odysseus,torso.lean,4.833,-0.5,-1.1,-17.2,21.8,0.0028,0
odysseus,torso.lean,4.917,-0.6,-1.2,-17.2,21.8,0.0033,0
odysseus,torso.lean,5,-0.7,-1.2,-17.2,21.8,0.0039,0
odysseus,torso.lean,5.083,-0.8,-1.2,-17.2,21.8,0.0044,0
odysseus,torso.lean,5.167,-0.9,-1.2,-17.2,21.8,0.005,0
odysseus,torso.lean,5.25,-1,-1.2,-17.2,21.8,0.0056,0
odysseus,torso.lean,5.333,-1.1,-1.2,-17.2,21.8,0.0061,0
odysseus,torso.lean,5.417,-1.2,-1.2,-17.2,21.8,0.0066,0
odysseus,torso.lean,5.5,-1.3,-1.1,-17.2,21.8,0.0072,0
odysseus,torso.lean,5.583,-1.4,-1,-17.2,21.8,0.0076,0
odysseus,torso.lean,5.667,-1.5,-1,-17.2,21.8,0.0081,0
odysseus,torso.lean,5.75,-1.5,-0.8,-17.2,21.8,0.0085,0
odysseus,torso.lean,5.833,-1.6,-0.7,-17.2,21.8,0.0088,0
odysseus,torso.lean,5.917,-1.7,-0.6,-17.2,21.8,0.0091,0
odysseus,torso.lean,6,-1.7,-0.4,-17.2,21.8,0.0093,0
odysseus,torso.lean,6.417,-1.6,0.7,-17.2,21.8,0.0088,0
odysseus,torso.lean,6.5,-1.5,1,-17.2,21.8,0.0084,0
odysseus,torso.lean,6.583,-1.4,1.2,-17.2,21.8,0.0078,0
odysseus,torso.lean,6.667,-1.3,1.3,-17.2,21.8,0.0072,0
odysseus,torso.lean,6.75,-1.2,1.5,-17.2,21.8,0.0065,0
odysseus,torso.lean,6.833,-1.1,1.6,-17.2,21.8,0.0058,0
odysseus,torso.lean,6.917,-0.9,1.6,-17.2,21.8,0.0051,0
odysseus,torso.lean,7,-0.8,1.6,-17.2,21.8,0.0043,0
odysseus,torso.lean,7.083,-0.7,1.6,-17.2,21.8,0.0036,0
odysseus,torso.lean,7.167,-0.5,1.6,-17.2,21.8,0.0029,0
odysseus,torso.lean,7.25,-0.4,1.5,-17.2,21.8,0.0022,0
odysseus,torso.lean,7.333,-0.3,1.3,-17.2,21.8,0.0016,0
odysseus,torso.lean,7.417,-0.2,1.2,-17.2,21.8,0.0011,0
odysseus,torso.lean,7.5,-0.1,1,-17.2,21.8,0.0007,0
odysseus,torso.lean,7.583,-0.1,0.7,-17.2,21.8,0.0003,0
odysseus,torso.lean,7.667,0,0.5,-17.2,21.8,0.0001,0
odysseus,torso.lean,7.917,-0.1,-0.5,-17.2,21.8,0.0004,0
odysseus,torso.lean,8,-0.1,-0.8,-17.2,21.8,0.0007,0
odysseus,torso.lean,8.083,-0.2,-1,-17.2,21.8,0.0012,0
odysseus,torso.lean,8.167,-0.3,-1.1,-17.2,21.8,0.0017,0
odysseus,torso.lean,8.25,-0.4,-1.2,-17.2,21.8,0.0022,0
odysseus,torso.lean,8.333,-0.5,-1.3,-17.2,21.8,0.0028,0
odysseus,torso.lean,8.417,-0.6,-1.2,-17.2,21.8,0.0033,0
odysseus,torso.lean,8.5,-0.7,-1.1,-17.2,21.8,0.0039,0
odysseus,torso.lean,8.583,-0.8,-1,-17.2,21.8,0.0043,0
odysseus,torso.lean,8.667,-0.9,-0.8,-17.2,21.8,0.0047,0
odysseus,torso.lean,8.75,-0.9,-0.5,-17.2,21.8,0.005,0
odysseus,torso.lean,8.833,-0.9,-0.2,-17.2,21.8,0.005,0
odysseus,torso.lean,8.917,-0.5,4.5,-17.2,21.8,0.0038,0.001
odysseus,torso.lean,9,0.5,12.9,-17.2,21.8,0.0044,0.002
odysseus,torso.lean,9.083,2.2,20.2,-17.2,21.8,0.0135,0.01
odysseus,torso.lean,9.167,3.1,10.8,-17.2,21.8,0.0187,0.008
odysseus,torso.lean,9.25,3.4,3.8,-17.2,21.8,0.0201,0.003
odysseus,torso.lean,9.333,3.4,0,-17.2,21.8,0.0195,0.001
odysseus,torso.lean,11.25,2,-17,-17.2,21.8,0.0141,0.009
odysseus,torso.lean,11.333,1.5,-5.7,-17.2,21.8,0.0105,0.002
odysseus,torso.lean,11.417,7.8,75.1,-17.2,21.8,0.057,0.156
odysseus,torso.lean,11.5,9.8,23.6,-17.2,21.8,0.0625,0.059
odysseus,torso.lean,11.583,8.3,-17.1,-17.2,21.8,0.0529,0.037
odysseus,torso.lean,11.667,7.1,-15.2,-17.2,21.8,0.0391,0.024
odysseus,torso.lean,11.75,6.6,-6.3,-17.2,21.8,0.0375,0.011
odysseus,torso.lean,11.833,4.8,-21,-17.2,21.8,0.029,0.023
odysseus,torso.lean,11.917,3.6,-15.1,-17.2,21.8,0.0205,0.012
odysseus,torso.lean,12,3.1,-5.8,-17.2,21.8,0.0185,0.004
odysseus,torso.lean,12.083,-1.5,-55.4,-17.2,21.8,0.0173,0.034
odysseus,torso.lean,12.167,-2.6,-12.4,-17.2,21.8,0.0218,0.01
odysseus,torso.lean,12.25,3.8,76.4,-17.2,21.8,0.0366,0.1
odysseus,torso.lean,12.333,6.1,27.8,-17.2,21.8,0.042,0.044
odysseus,torso.lean,12.417,6.1,0,-17.2,21.8,0.0383,0.003
odysseus,torso.lean,12.5,5.7,-4.5,-17.2,21.8,0.0321,0.007
odysseus,torso.lean,12.583,5.5,-2.6,-17.2,21.8,0.0305,0.005
odysseus,torso.lean,12.667,5.3,-2.6,-17.2,21.8,0.029,0.004
odysseus,torso.lean,12.75,0.2,-61.6,-17.2,21.8,0.0115,0.025
odysseus,torso.lean,12.833,-1.5,-20.5,-17.2,21.8,0.0158,0.012
odysseus,torso.lean,12.917,0.3,21.7,-17.2,21.8,0.009,0.007
odysseus,torso.lean,13,1.5,15.5,-17.2,21.8,0.0096,0.005
odysseus,torso.lean,13.083,2.3,9.3,-17.2,21.8,0.0138,0.005
odysseus,torso.lean,13.167,2.6,3.1,-17.2,21.8,0.0152,0.002
odysseus,torso.lean,13.25,2.4,-1.9,-17.2,21.8,0.0142,0.001
odysseus,torso.lean,13.333,2.3,-1.9,-17.2,21.8,0.0124,0.001
odysseus,torso.lean,13.417,2.1,-1.9,-17.2,21.8,0.0116,0.001
odysseus,torso.lean,13.5,2,-1.9,-17.2,21.8,0.0107,0.001
odysseus,torso.lean,13.583,1.8,-1.9,-17.2,21.8,0.0099,0.001
odysseus,torso.lean,13.667,1.7,-1.6,-17.2,21.8,0.0092,0.001
odysseus,torso.lean,13.75,1.3,-4,-17.2,21.8,0.0078,0.001
odysseus,torso.lean,13.833,0.9,-5.2,-17.2,21.8,0.0052,0.001
odysseus,torso.lean,13.917,0.5,-5.2,-17.2,21.8,0.0026,0
odysseus,torso.lean,14,0.1,-4,-17.2,21.8,0.0009,0
odysseus,torso.lean,14.083,0,-1.6,-17.2,21.8,0.0004,0
odysseus,torso.lean,14.167,0,0,-17.2,21.8,0.0003,0
odysseus,torso.lean,18.333,-1.2,-13.9,-17.2,21.8,0.0088,0.004
odysseus,torso.lean,18.417,-1.5,-4.6,-17.2,21.8,0.0101,0.002
odysseus,torso.lean,18.5,3.6,62.3,-17.2,21.8,0.0319,0.072
odysseus,torso.lean,18.583,5.5,22.1,-17.2,21.8,0.0372,0.032
odysseus,torso.lean,18.667,5.5,0,-17.2,21.8,0.034,0.002
odysseus,torso.lean,18.75,5.2,-4,-17.2,21.8,0.0289,0.006
odysseus,torso.lean,18.833,4.8,-3.7,-17.2,21.8,0.0266,0.005
odysseus,torso.lean,18.917,4.5,-3.7,-17.2,21.8,0.0248,0.004
odysseus,torso.lean,19,4.2,-3.7,-17.2,21.8,0.0231,0.004
odysseus,torso.lean,19.083,3.9,-3.7,-17.2,21.8,0.0215,0.004
odysseus,torso.lean,19.167,3.6,-3.7,-17.2,21.8,0.0198,0.003
odysseus,torso.lean,19.25,3.1,-5.6,-17.2,21.8,0.0175,0.004
odysseus,torso.lean,19.333,2.7,-5.6,-17.2,21.8,0.0147,0.003
odysseus,torso.lean,19.417,-0.5,-38,-17.2,21.8,0.0085,0.011
odysseus,torso.lean,19.5,-1.5,-12.7,-17.2,21.8,0.013,0.006
odysseus,torso.lean,19.583,3.6,62.3,-17.2,21.8,0.0334,0.075
odysseus,torso.lean,19.667,5.5,22.1,-17.2,21.8,0.0372,0.032
odysseus,torso.lean,19.75,5.5,0,-17.2,21.8,0.034,0.002
odysseus,torso.lean,19.833,5.2,-4,-17.2,21.8,0.0289,0.006
odysseus,torso.lean,19.917,4.8,-3.7,-17.2,21.8,0.0266,0.005
odysseus,torso.lean,20,4.5,-3.7,-17.2,21.8,0.0248,0.004
odysseus,torso.lean,20.083,4.2,-3.7,-17.2,21.8,0.0231,0.004
odysseus,torso.lean,20.167,3.9,-3.7,-17.2,21.8,0.0215,0.004
odysseus,torso.lean,20.25,3.6,-3.7,-17.2,21.8,0.0198,0.003
odysseus,torso.lean,20.333,3.3,-3.2,-17.2,21.8,0.0184,0.003
odysseus,torso.lean,20.417,2.7,-8,-17.2,21.8,0.0155,0.005
odysseus,torso.lean,20.5,1.8,-10.4,-17.2,21.8,0.0103,0.004
odysseus,torso.lean,20.583,0.9,-10.4,-17.2,21.8,0.0051,0.002
odysseus,torso.lean,20.667,0.3,-8,-17.2,21.8,0.0019,0.001
odysseus,torso.lean,20.75,0,-3.2,-17.2,21.8,0.0009,0
odysseus,torso.lean,20.833,0,0,-17.2,21.8,0.0006,0
odysseus,torso.lean,22.75,-1.2,-13.9,-17.2,21.8,0.0088,0.004
odysseus,torso.lean,22.833,-1.5,-4.6,-17.2,21.8,0.0101,0.002
odysseus,torso.lean,22.917,0.3,21.7,-17.2,21.8,0.0061,0.005
odysseus,torso.lean,23,1.5,15.5,-17.2,21.8,0.0096,0.005
odysseus,torso.lean,23.083,2.3,9.3,-17.2,21.8,0.0138,0.005
odysseus,torso.lean,23.167,2.6,3.1,-17.2,21.8,0.0152,0.002
odysseus,torso.lean,23.25,2.5,-1.4,-17.2,21.8,0.0143,0.001
odysseus,torso.lean,23.333,2.2,-2.7,-17.2,21.8,0.0125,0.001
odysseus,torso.lean,23.417,2.1,-1.4,-17.2,21.8,0.0118,0.001
odysseus,torso.lean,23.5,2.2,1.2,-17.2,21.8,0.0126,0.001
odysseus,torso.lean,23.583,2.6,4.4,-17.2,21.8,0.0147,0.003
odysseus,torso.lean,23.667,3.3,9.1,-17.2,21.8,0.0191,0.007
odysseus,torso.lean,23.75,3.5,1.6,-17.2,21.8,0.0204,0.002
odysseus,torso.lean,23.833,3.5,-0.1,-17.2,21.8,0.0193,0.001
odysseus,torso.lean,25.75,4.7,15.7,-17.2,21.8,0.0288,0.017
odysseus,torso.lean,25.833,7.9,37.5,-17.2,21.8,0.0469,0.066
odysseus,torso.lean,25.917,11.6,44.8,-17.2,21.8,0.0645,0.109
odysseus,torso.lean,26,14.7,37.5,-17.2,21.8,0.0811,0.119
odysseus,torso.lean,26.083,16,15.7,-17.2,21.8,0.0906,0.066
odysseus,torso.lean,26.167,14.5,-18.8,-17.2,21.8,0.0846,0.07
odysseus,torso.lean,26.25,13.1,-17.1,-17.2,21.8,0.0712,0.053
odysseus,torso.lean,26.333,11.8,-15.4,-17.2,21.8,0.0643,0.043
odysseus,torso.lean,26.417,10.1,-19.6,-17.2,21.8,0.0559,0.045
odysseus,torso.lean,26.5,7.7,-29.7,-17.2,21.8,0.0436,0.049
odysseus,torso.lean,26.583,5.4,-27.3,-17.2,21.8,0.0298,0.03
odysseus,torso.lean,26.667,3.6,-20.9,-17.2,21.8,0.021,0.016
odysseus,torso.lean,26.75,2.4,-14.5,-17.2,21.8,0.0144,0.008
odysseus,torso.lean,26.833,1.8,-8.1,-17.2,21.8,0.0108,0.003
odysseus,torso.lean,26.917,1.6,-1.9,-17.2,21.8,0.0098,0.001
odysseus,torso.lean,27,1.8,2.7,-17.2,21.8,0.0108,0.001
odysseus,torso.lean,27.083,2.3,5.3,-17.2,21.8,0.0128,0.003
odysseus,torso.lean,27.167,2.7,5.1,-17.2,21.8,0.0147,0.003
odysseus,torso.lean,27.25,2.9,2.1,-17.2,21.8,0.0162,0.002
odysseus,torso.lean,27.333,2.9,0,-17.2,21.8,0.0161,0.001
odysseus,torso.lean,29.167,2.3,-7.2,-17.2,21.8,0.0137,0.004
odysseus,torso.lean,29.25,0.8,-17.1,-17.2,21.8,0.0064,0.004
odysseus,torso.lean,29.333,-0.8,-20.4,-17.2,21.8,0.0052,0.004
odysseus,torso.lean,29.417,-2.3,-17.1,-17.2,21.8,0.013,0.008
odysseus,torso.lean,29.5,-2.9,-7.2,-17.2,21.8,0.0175,0.005
odysseus,torso.lean,29.583,-2.9,0,-17.2,21.8,0.017,0.001
odysseus,torso.lean,40.417,-2.3,6.6,-17.2,21.8,0.0139,0.004
odysseus,torso.lean,40.5,-0.8,17.7,-17.2,21.8,0.0066,0.004
odysseus,torso.lean,40.583,1.3,25.5,-17.2,21.8,0.0084,0.008
odysseus,torso.lean,40.667,2.9,18.8,-17.2,21.8,0.0168,0.012
odysseus,torso.lean,40.75,3.4,7,-17.2,21.8,0.0209,0.006
odysseus,torso.lean,40.833,3.4,0,-17.2,21.8,0.0201,0.001
odysseus,torso.lean,42.667,3.8,4.7,-17.2,21.8,0.0218,0.005
odysseus,torso.lean,42.75,4.9,12.5,-17.2,21.8,0.028,0.014
odysseus,torso.lean,42.833,6.3,17.6,-17.2,21.8,0.0356,0.024
odysseus,torso.lean,42.917,8,20.2,-17.2,21.8,0.0443,0.035
odysseus,torso.lean,43,9.7,20.2,-17.2,21.8,0.0529,0.043
odysseus,torso.lean,43.083,11.2,17.4,-17.2,21.8,0.0612,0.045
odysseus,torso.lean,43.167,12.2,12.4,-17.2,21.8,0.0672,0.038
odysseus,torso.lean,43.25,12.4,2.1,-17.2,21.8,0.069,0.015
odysseus,torso.lean,43.333,11.7,-8,-17.2,21.8,0.0654,0.027
odysseus,torso.lean,43.417,10.6,-13.4,-17.2,21.8,0.0586,0.034
odysseus,torso.lean,43.5,9.2,-16.5,-17.2,21.8,0.0507,0.034
odysseus,torso.lean,43.583,8.2,-11.9,-17.2,21.8,0.0456,0.023
odysseus,torso.lean,43.667,7.6,-7.2,-17.2,21.8,0.0424,0.014
odysseus,torso.lean,43.75,7.4,-2.6,-17.2,21.8,0.0412,0.007
odysseus,torso.lean,43.833,7.6,3,-17.2,21.8,0.0427,0.008
odysseus,torso.lean,43.917,8.2,6.8,-17.2,21.8,0.0455,0.015
odysseus,torso.lean,44,8.8,6.8,-17.2,21.8,0.0479,0.016
odysseus,torso.lean,44.083,9,2.9,-17.2,21.8,0.0499,0.01
odysseus,torso.lean,44.167,9,-0.4,-17.2,21.8,0.0496,0.006
odysseus,torso.lean,44.5,8.8,-0.5,-17.2,21.8,0.0482,0.005
odysseus,torso.lean,44.583,8.8,-0.5,-17.2,21.8,0.0479,0.005
odysseus,torso.lean,44.667,8.7,-0.6,-17.2,21.8,0.0477,0.005
odysseus,torso.lean,44.75,8.7,-0.6,-17.2,21.8,0.0474,0.005
odysseus,torso.lean,44.833,8.6,-0.6,-17.2,21.8,0.0471,0.005
odysseus,torso.lean,44.917,8.6,-0.6,-17.2,21.8,0.0469,0.005
odysseus,torso.lean,45,8.5,-0.7,-17.2,21.8,0.0466,0.005
odysseus,torso.lean,45.083,8.5,-0.7,-17.2,21.8,0.0462,0.005
odysseus,torso.lean,45.167,8.4,-0.7,-17.2,21.8,0.0459,0.005
odysseus,torso.lean,45.25,8.3,-0.8,-17.2,21.8,0.0456,0.005
odysseus,torso.lean,45.333,8.3,-0.8,-17.2,21.8,0.0452,0.005
odysseus,torso.lean,45.417,8.2,-0.8,-17.2,21.8,0.0449,0.005
odysseus,torso.lean,45.5,8.1,-0.8,-17.2,21.8,0.0445,0.005
odysseus,torso.lean,45.583,8.1,-0.8,-17.2,21.8,0.0441,0.005
odysseus,torso.lean,45.667,8,-0.9,-17.2,21.8,0.0437,0.005
odysseus,torso.lean,45.75,7.9,-0.9,-17.2,21.8,0.0433,0.005
odysseus,torso.lean,45.833,7.9,-0.9,-17.2,21.8,0.0429,0.005
odysseus,torso.lean,45.917,7.8,-0.9,-17.2,21.8,0.0425,0.005
odysseus,torso.lean,46,7.7,-1,-17.2,21.8,0.042,0.005
odysseus,torso.lean,46.083,7.6,-1,-17.2,21.8,0.0416,0.005
odysseus,torso.lean,46.167,7.5,-1,-17.2,21.8,0.0411,0.005
odysseus,torso.lean,46.25,7.4,-1,-17.2,21.8,0.0407,0.005
odysseus,torso.lean,46.333,7.4,-1,-17.2,21.8,0.0402,0.005
odysseus,torso.lean,46.417,7.3,-1,-17.2,21.8,0.0398,0.005
odysseus,torso.lean,46.5,7.2,-1.1,-17.2,21.8,0.0393,0.005
odysseus,torso.lean,46.583,7.1,-1.1,-17.2,21.8,0.0388,0.004
odysseus,torso.lean,46.667,7,-1.1,-17.2,21.8,0.0383,0.004
odysseus,torso.lean,46.75,6.9,-1.1,-17.2,21.8,0.0378,0.004
odysseus,torso.lean,46.833,6.8,-1.1,-17.2,21.8,0.0373,0.004
odysseus,torso.lean,46.917,6.7,-1.1,-17.2,21.8,0.0368,0.004
odysseus,torso.lean,47,6.6,-1.1,-17.2,21.8,0.0363,0.004
odysseus,torso.lean,47.083,6.5,-1.2,-17.2,21.8,0.0357,0.004
odysseus,torso.lean,47.167,6.4,-1.2,-17.2,21.8,0.0352,0.004
odysseus,torso.lean,47.25,6.3,-1.2,-17.2,21.8,0.0347,0.004
odysseus,torso.lean,47.333,6.2,-1.2,-17.2,21.8,0.0341,0.004
odysseus,torso.lean,47.417,6.1,-1.2,-17.2,21.8,0.0336,0.004
odysseus,torso.lean,47.5,6,-1.2,-17.2,21.8,0.033,0.004
odysseus,torso.lean,47.583,5.9,-1.2,-17.2,21.8,0.0325,0.003
odysseus,torso.lean,47.667,5.8,-1.2,-17.2,21.8,0.0319,0.003
odysseus,torso.lean,47.75,5.7,-1.2,-17.2,21.8,0.0314,0.003
odysseus,torso.lean,47.833,5.6,-1.2,-17.2,21.8,0.0308,0.003
odysseus,torso.lean,47.917,5.5,-1.2,-17.2,21.8,0.0303,0.003
odysseus,torso.lean,48,5.4,-1.2,-17.2,21.8,0.0297,0.003
odysseus,torso.lean,48.083,5.3,-1.3,-17.2,21.8,0.0291,0.003
odysseus,torso.lean,48.167,5.2,-1.3,-17.2,21.8,0.0285,0.003
odysseus,torso.lean,48.25,5.1,-1.3,-17.2,21.8,0.028,0.003
odysseus,torso.lean,48.333,5,-1.3,-17.2,21.8,0.0274,0.003
odysseus,torso.lean,48.417,4.9,-1.3,-17.2,21.8,0.0268,0.003
odysseus,torso.lean,48.5,4.8,-1.3,-17.2,21.8,0.0262,0.003
odysseus,torso.lean,48.583,4.7,-1.3,-17.2,21.8,0.0257,0.002
odysseus,torso.lean,48.667,4.6,-1.3,-17.2,21.8,0.0251,0.002
odysseus,torso.lean,48.75,4.5,-1.3,-17.2,21.8,0.0245,0.002
odysseus,torso.lean,48.833,4.4,-1.3,-17.2,21.8,0.0239,0.002
odysseus,torso.lean,48.917,4.3,-1.3,-17.2,21.8,0.0234,0.002
odysseus,torso.lean,49,4.2,-1.3,-17.2,21.8,0.0228,0.002
odysseus,torso.lean,49.083,4.1,-1.3,-17.2,21.8,0.0222,0.002
odysseus,torso.lean,49.167,4,-1.3,-17.2,21.8,0.0216,0.002
odysseus,torso.lean,49.25,3.8,-1.3,-17.2,21.8,0.0211,0.002
odysseus,torso.lean,49.333,3.7,-1.3,-17.2,21.8,0.0205,0.002
odysseus,torso.lean,49.417,3.6,-1.2,-17.2,21.8,0.0199,0.002
odysseus,torso.lean,49.5,3.5,-1.2,-17.2,21.8,0.0194,0.002
odysseus,torso.lean,49.583,3.4,-1.2,-17.2,21.8,0.0188,0.002
odysseus,torso.lean,49.667,3.3,-1.2,-17.2,21.8,0.0182,0.001
odysseus,torso.lean,49.75,3.2,-1.2,-17.2,21.8,0.0177,0.001
odysseus,torso.lean,49.833,3.1,-1.2,-17.2,21.8,0.0171,0.001
odysseus,torso.lean,49.917,3,-1.2,-17.2,21.8,0.0166,0.001
odysseus,torso.lean,50,2.9,-1.2,-17.2,21.8,0.016,0.001
odysseus,torso.lean,50.083,2.8,-1.2,-17.2,21.8,0.0155,0.001
odysseus,torso.lean,50.167,2.7,-1.2,-17.2,21.8,0.0149,0.001
odysseus,torso.lean,50.25,2.6,-1.2,-17.2,21.8,0.0144,0.001
odysseus,torso.lean,50.333,2.5,-1.2,-17.2,21.8,0.0139,0.001
odysseus,torso.lean,50.417,2.4,-1.1,-17.2,21.8,0.0134,0.001
odysseus,torso.lean,50.5,2.3,-1.1,-17.2,21.8,0.0128,0.001
odysseus,torso.lean,50.583,2.3,-1.1,-17.2,21.8,0.0123,0.001
odysseus,torso.lean,50.667,2.2,-1.1,-17.2,21.8,0.0118,0.001
odysseus,torso.lean,50.75,2.1,-1.1,-17.2,21.8,0.0113,0.001
odysseus,torso.lean,50.833,2,-1.1,-17.2,21.8,0.0108,0.001
odysseus,torso.lean,50.917,1.9,-1.1,-17.2,21.8,0.0104,0.001
odysseus,torso.lean,51,1.8,-1,-17.2,21.8,0.0099,0.001
odysseus,torso.lean,51.083,1.7,-1,-17.2,21.8,0.0094,0.001
odysseus,torso.lean,51.167,1.6,-1,-17.2,21.8,0.009,0
odysseus,torso.lean,51.25,1.6,-1,-17.2,21.8,0.0085,0
odysseus,torso.lean,51.333,1.5,-1,-17.2,21.8,0.0081,0
odysseus,torso.lean,51.417,1.4,-1,-17.2,21.8,0.0076,0
odysseus,torso.lean,51.5,1.3,-0.9,-17.2,21.8,0.0072,0
odysseus,torso.lean,51.583,1.2,-0.9,-17.2,21.8,0.0068,0
odysseus,torso.lean,51.667,1.2,-0.9,-17.2,21.8,0.0064,0
odysseus,torso.lean,51.75,1.1,-0.9,-17.2,21.8,0.006,0
odysseus,torso.lean,51.833,1,-0.8,-17.2,21.8,0.0056,0
odysseus,torso.lean,51.917,1,-0.8,-17.2,21.8,0.0052,0
odysseus,torso.lean,52,0.9,-0.8,-17.2,21.8,0.0049,0
odysseus,torso.lean,52.083,0.8,-0.8,-17.2,21.8,0.0045,0
odysseus,torso.lean,52.167,0.8,-0.8,-17.2,21.8,0.0042,0
odysseus,torso.lean,52.25,0.7,-0.7,-17.2,21.8,0.0038,0
odysseus,torso.lean,52.333,0.6,-0.7,-17.2,21.8,0.0035,0
odysseus,torso.lean,52.417,0.6,-0.7,-17.2,21.8,0.0032,0
odysseus,torso.lean,52.5,0.5,-0.6,-17.2,21.8,0.0029,0
odysseus,torso.lean,52.583,0.5,-0.6,-17.2,21.8,0.0026,0
odysseus,torso.lean,52.667,0.4,-0.6,-17.2,21.8,0.0024,0
odysseus,torso.lean,52.75,0.4,-0.6,-17.2,21.8,0.0021,0
odysseus,torso.lean,52.833,0.3,-0.5,-17.2,21.8,0.0019,0
odysseus,torso.lean,52.917,0.3,-0.5,-17.2,21.8,0.0016,0
odysseus,torso.lean,53,0.3,-0.5,-17.2,21.8,0.0014,0
odysseus,torso.lean,53.417,0.1,-0.3,-17.2,21.8,0.0006,0
odysseus,torso.twist,0,0,0,-31.5,31.5,0,0
odysseus,torso.twist,0.583,0.2,2.2,-31.5,31.5,0.0014,0
odysseus,torso.twist,0.667,0.6,5.5,-31.5,31.5,0.0041,0.001
odysseus,torso.twist,0.75,1.2,7.2,-31.5,31.5,0.0071,0.002
odysseus,torso.twist,0.833,1.8,7.2,-31.5,31.5,0.0101,0.003
odysseus,torso.twist,0.917,2.3,5.5,-31.5,31.5,0.0129,0.003
odysseus,torso.twist,1,2.5,2.2,-31.5,31.5,0.0142,0.001
odysseus,torso.twist,1.083,2.5,0,-31.5,31.5,0.014,0
odysseus,torso.twist,8.917,2.1,-4.7,-31.5,31.5,0.0123,0.002
odysseus,torso.twist,9,1.2,-10.2,-31.5,31.5,0.0078,0.003
odysseus,torso.twist,9.083,0.4,-10.2,-31.5,31.5,0.0021,0.001
odysseus,torso.twist,9.167,0,-4.7,-31.5,31.5,0.001,0
odysseus,torso.twist,9.25,0,0,-31.5,31.5,0.0008,0
odysseus,torso.twist,12,-0.8,-9.4,-31.5,31.5,0.006,0.002
odysseus,torso.twist,12.083,-2.7,-23.4,-31.5,31.5,0.0175,0.015
odysseus,torso.twist,12.167,-5.3,-30.4,-31.5,31.5,0.0301,0.034
odysseus,torso.twist,12.25,-7.8,-30.4,-31.5,31.5,0.0426,0.049
odysseus,torso.twist,12.333,-9.8,-23.4,-31.5,31.5,0.0545,0.05
odysseus,torso.twist,12.417,-10.5,-9.4,-31.5,31.5,0.0599,0.027
odysseus,torso.twist,12.5,-10.5,0,-31.5,31.5,0.0591,0.007
odysseus,torso.twist,23.5,-9.4,13.1,-31.5,31.5,0.0538,0.031
odysseus,torso.twist,23.583,-6.8,31.4,-31.5,31.5,0.0406,0.048
odysseus,torso.twist,23.667,-3.7,37.4,-31.5,31.5,0.0214,0.029
odysseus,torso.twist,23.75,-1.1,31.4,-31.5,31.5,0.0071,0.008
odysseus,torso.twist,23.833,0,13.1,-31.5,31.5,0.0033,0.002
odysseus,torso.twist,23.917,0,0,-31.5,31.5,0.0024,0
odysseus,torso.twist,26.833,0.1,1.4,-31.5,31.5,0.0009,0
odysseus,torso.twist,26.917,0.4,3.7,-31.5,31.5,0.0027,0
odysseus,torso.twist,27,0.8,5,-31.5,31.5,0.0049,0.001
odysseus,torso.twist,27.083,1.3,5.5,-31.5,31.5,0.0072,0.001
odysseus,torso.twist,27.167,1.7,5,-31.5,31.5,0.0095,0.002
odysseus,torso.twist,27.25,2,3.7,-31.5,31.5,0.0114,0.002
odysseus,torso.twist,27.333,2.2,1.4,-31.5,31.5,0.0122,0.001
odysseus,torso.twist,27.417,2.2,0,-31.5,31.5,0.0121,0
odysseus,torso.twist,29.167,3.9,21.5,-31.5,31.5,0.0254,0.02
odysseus,torso.twist,29.25,8.2,51.2,-31.5,31.5,0.0501,0.094
odysseus,torso.twist,29.333,13.3,61.1,-31.5,31.5,0.0739,0.169
odysseus,torso.twist,29.417,17.6,51.2,-31.5,31.5,0.0965,0.191
odysseus,torso.twist,29.5,19.3,21.5,-31.5,31.5,0.1093,0.106
odysseus,torso.twist,29.583,19,-4.7,-31.5,31.5,0.1066,0.04
odysseus,torso.twist,29.667,17.9,-12.6,-31.5,31.5,0.0979,0.062
odysseus,torso.twist,29.75,16.4,-18.3,-31.5,31.5,0.0895,0.073
odysseus,torso.twist,29.833,14.6,-21.7,-31.5,31.5,0.0795,0.073
odysseus,torso.twist,29.917,12.7,-22.8,-31.5,31.5,0.069,0.065
odysseus,torso.twist,30,10.9,-21.7,-31.5,31.5,0.0593,0.052
odysseus,torso.twist,30.083,9.3,-18.3,-31.5,31.5,0.0515,0.038
odysseus,torso.twist,30.167,8.3,-12.6,-31.5,31.5,0.0462,0.025
odysseus,torso.twist,30.25,7.9,-4.7,-31.5,31.5,0.0445,0.011
odysseus,torso.twist,30.333,7.9,0,-31.5,31.5,0.0439,0.004
odysseus,torso.twist,30.583,5.5,-28.6,-31.5,31.5,0.0352,0.038
odysseus,torso.twist,30.667,-0.2,-68.2,-31.5,31.5,0.0081,0.019
odysseus,torso.twist,30.75,-7,-81.4,-31.5,31.5,0.0404,0.118
odysseus,torso.twist,30.833,-12.7,-68.2,-31.5,31.5,0.0711,0.179
odysseus,torso.twist,30.917,-15,-28.6,-31.5,31.5,0.0885,0.104
odysseus,torso.twist,31,-14.7,3.9,-31.5,31.5,0.0855,0.026
odysseus,torso.twist,31.083,-13.8,10.5,-31.5,31.5,0.0763,0.039
odysseus,torso.twist,31.167,-12.6,15.4,-31.5,31.5,0.0691,0.047
odysseus,torso.twist,31.25,-11,18.7,-31.5,31.5,0.0605,0.047
odysseus,torso.twist,31.333,-9.3,20.4,-31.5,31.5,0.0511,0.041
odysseus,torso.twist,31.417,-7.6,20.4,-31.5,31.5,0.0416,0.033
odysseus,torso.twist,31.5,-6.1,18.7,-31.5,31.5,0.0334,0.024
odysseus,torso.twist,31.583,-4.8,15.4,-31.5,31.5,0.0267,0.016
odysseus,torso.twist,31.667,-3.9,10.5,-31.5,31.5,0.0222,0.009
odysseus,torso.twist,31.75,-3.6,3.9,-31.5,31.5,0.0208,0.004
odysseus,torso.twist,31.833,-3.6,0,-31.5,31.5,0.0203,0.001
odysseus,torso.twist,32.333,0,43,-31.5,31.5,0.0077,0.012
odysseus,torso.twist,32.417,7.9,94.5,-31.5,31.5,0.0523,0.178
odysseus,torso.twist,32.5,15.8,94.5,-31.5,31.5,0.0853,0.296
odysseus,torso.twist,32.583,19.3,43,-31.5,31.5,0.1132,0.195
odysseus,torso.twist,32.667,19,-3.9,-31.5,31.5,0.1107,0.039
odysseus,torso.twist,32.75,18.2,-10.5,-31.5,31.5,0.099,0.056
odysseus,torso.twist,32.833,16.9,-15.4,-31.5,31.5,0.092,0.066
odysseus,torso.twist,32.917,15.3,-18.7,-31.5,31.5,0.0835,0.068
odysseus,torso.twist,33,13.6,-20.4,-31.5,31.5,0.0742,0.064
odysseus,torso.twist,33.083,11.9,-20.4,-31.5,31.5,0.0648,0.054
odysseus,torso.twist,33.167,10.4,-18.7,-31.5,31.5,0.0567,0.043
odysseus,torso.twist,33.25,9.1,-15.4,-31.5,31.5,0.0501,0.032
odysseus,torso.twist,33.333,8.2,-10.5,-31.5,31.5,0.0457,0.021
odysseus,torso.twist,33.417,7.9,-3.9,-31.5,31.5,0.0442,0.01
odysseus,torso.twist,33.5,7.9,0,-31.5,31.5,0.0437,0.004
odysseus,torso.twist,33.917,7.6,-3.8,-31.5,31.5,0.042,0.009
odysseus,torso.twist,34,6.7,-9.8,-31.5,31.5,0.038,0.016
odysseus,torso.twist,34.083,5.6,-13.4,-31.5,31.5,0.0314,0.017
odysseus,torso.twist,34.167,4.4,-14.6,-31.5,31.5,0.0243,0.014
odysseus,torso.twist,34.25,3.3,-13.4,-31.5,31.5,0.0182,0.009
odysseus,torso.twist,34.333,2.5,-9.8,-31.5,31.5,0.0142,0.005
odysseus,torso.twist,34.417,2.2,-3.8,-31.5,31.5,0.0129,0.002
odysseus,torso.twist,34.5,2.2,0,-31.5,31.5,0.0125,0
odysseus,torso.twist,35.167,1.8,-4.5,-31.5,31.5,0.0105,0.002
odysseus,torso.twist,35.25,0.8,-11.7,-31.5,31.5,0.0057,0.002
odysseus,torso.twist,35.333,-0.5,-16,-31.5,31.5,0.0037,0.002
odysseus,torso.twist,35.417,-2,-17.4,-31.5,31.5,0.0111,0.007
odysseus,torso.twist,35.5,-3.3,-16,-31.5,31.5,0.0184,0.011
odysseus,torso.twist,35.583,-4.3,-11.7,-31.5,31.5,0.0242,0.011
odysseus,torso.twist,35.667,-4.7,-4.5,-31.5,31.5,0.0268,0.006
odysseus,torso.twist,35.75,-4.7,0,-31.5,31.5,0.0263,0.001
odysseus,torso.twist,40.417,-3.9,8.7,-31.5,31.5,0.0231,0.008
odysseus,torso.twist,40.5,-2.3,19.2,-31.5,31.5,0.0146,0.01
odysseus,torso.twist,40.583,-0.7,19.2,-31.5,31.5,0.004,0.003
odysseus,torso.twist,40.667,0,8.7,-31.5,31.5,0.0019,0.001
odysseus,torso.twist,40.75,0,0,-31.5,31.5,0.0016,0
odysseus,torso.twist,43.75,0.9,11,-31.5,31.5,0.007,0.003
odysseus,torso.twist,43.833,3.3,28.5,-31.5,31.5,0.0212,0.022
odysseus,torso.twist,43.917,6.5,39,-31.5,31.5,0.0376,0.054
odysseus,torso.twist,44,10.1,42.5,-31.5,31.5,0.0556,0.089
odysseus,torso.twist,44.083,13.3,39,-31.5,31.5,0.073,0.11
odysseus,torso.twist,44.167,15.7,28.5,-31.5,31.5,0.0868,0.101
odysseus,torso.twist,44.25,16.6,11,-31.5,31.5,0.0929,0.053
odysseus,torso.twist,44.333,16.6,0,-31.5,31.5,0.0918,0.017
odysseus,torso.twist,53.417,16.6,0,-31.5,31.5,0.0898,0.016
odysseus,torso.roll,0,0,0,-9.2,9.2,0,0
odysseus,torso.roll,1.25,-0.2,-2.3,-9.2,9.2,0.0015,0
odysseus,torso.roll,1.333,-0.7,-5.7,-9.2,9.2,0.0043,0.001
odysseus,torso.roll,1.417,-1.3,-7.4,-9.2,9.2,0.0074,0.002
odysseus,torso.roll,1.5,-1.9,-7.4,-9.2,9.2,0.0105,0.003
odysseus,torso.roll,1.583,-2.4,-5.7,-9.2,9.2,0.0134,0.003
odysseus,torso.roll,1.667,-2.6,-2.3,-9.2,9.2,0.0147,0.002
odysseus,torso.roll,1.75,-2.5,0.6,-9.2,9.2,0.0144,0.001
odysseus,torso.roll,1.833,-2.5,0.6,-9.2,9.2,0.0136,0.001
odysseus,torso.roll,1.917,-2.4,0.6,-9.2,9.2,0.0133,0.001
odysseus,torso.roll,2,-2.4,0.6,-9.2,9.2,0.0131,0.001
odysseus,torso.roll,2.083,-2.3,0.6,-9.2,9.2,0.0128,0.001
odysseus,torso.roll,2.167,-2.3,0.6,-9.2,9.2,0.0126,0.001
odysseus,torso.roll,2.25,-2.2,0.6,-9.2,9.2,0.0123,0.001
odysseus,torso.roll,2.333,-2.2,0.6,-9.2,9.2,0.012,0.001
odysseus,torso.roll,2.417,-2.1,0.6,-9.2,9.2,0.0118,0.001
odysseus,torso.roll,2.5,-2.1,0.6,-9.2,9.2,0.0115,0
odysseus,torso.roll,2.583,-2.1,0.6,-9.2,9.2,0.0112,0
odysseus,torso.roll,2.667,-2,0.6,-9.2,9.2,0.011,0
odysseus,torso.roll,2.75,-2,0.6,-9.2,9.2,0.0107,0
odysseus,torso.roll,2.833,-1.9,0.6,-9.2,9.2,0.0105,0
odysseus,torso.roll,2.917,-1.9,0.6,-9.2,9.2,0.0102,0
odysseus,torso.roll,3,-1.8,0.6,-9.2,9.2,0.0099,0
odysseus,torso.roll,3.083,-1.8,0.6,-9.2,9.2,0.0097,0
odysseus,torso.roll,3.167,-1.7,0.6,-9.2,9.2,0.0094,0
odysseus,torso.roll,3.25,-1.7,0,-9.2,9.2,0.0095,0
odysseus,torso.roll,5,-1.4,3.8,-9.2,9.2,0.0084,0.001
odysseus,torso.roll,5.083,-0.6,9.5,-9.2,9.2,0.0043,0.001
odysseus,torso.roll,5.167,0.4,12.4,-9.2,9.2,0.0029,0.001
odysseus,torso.roll,5.25,1.5,12.4,-9.2,9.2,0.008,0.004
odysseus,torso.roll,5.333,2.3,9.5,-9.2,9.2,0.0129,0.005
odysseus,torso.roll,5.417,2.6,3.8,-9.2,9.2,0.0151,0.002
odysseus,torso.roll,5.5,2.5,-0.6,-9.2,9.2,0.0146,0.001
odysseus,torso.roll,5.583,2.5,-0.6,-9.2,9.2,0.0136,0.001
odysseus,torso.roll,5.667,2.4,-0.6,-9.2,9.2,0.0133,0.001
odysseus,torso.roll,5.75,2.4,-0.6,-9.2,9.2,0.0131,0.001
odysseus,torso.roll,5.833,2.3,-0.6,-9.2,9.2,0.0128,0.001
odysseus,torso.roll,5.917,2.3,-0.6,-9.2,9.2,0.0126,0.001
odysseus,torso.roll,6,2.2,-0.6,-9.2,9.2,0.0123,0.001
odysseus,torso.roll,6.083,2.2,-0.6,-9.2,9.2,0.012,0.001
odysseus,torso.roll,6.167,2.1,-0.6,-9.2,9.2,0.0118,0.001
odysseus,torso.roll,6.25,2.1,-0.6,-9.2,9.2,0.0115,0
odysseus,torso.roll,6.333,2.1,-0.6,-9.2,9.2,0.0112,0
odysseus,torso.roll,6.417,2,-0.6,-9.2,9.2,0.011,0
odysseus,torso.roll,6.5,2,-0.6,-9.2,9.2,0.0107,0
odysseus,torso.roll,6.583,1.9,-0.6,-9.2,9.2,0.0105,0
odysseus,torso.roll,6.667,1.9,-0.6,-9.2,9.2,0.0102,0
odysseus,torso.roll,6.75,1.8,-0.6,-9.2,9.2,0.0099,0
odysseus,torso.roll,6.833,1.8,-0.6,-9.2,9.2,0.0097,0
odysseus,torso.roll,6.917,1.7,-0.6,-9.2,9.2,0.0094,0
odysseus,torso.roll,7,1.7,0,-9.2,9.2,0.0095,0
odysseus,torso.roll,8.833,1.4,-3.9,-9.2,9.2,0.0083,0.001
odysseus,torso.roll,8.917,1.5,0.8,-9.2,9.2,0.0088,0
odysseus,torso.roll,9,1.8,3.4,-9.2,9.2,0.0101,0.001
odysseus,torso.roll,9.083,2.4,7.7,-9.2,9.2,0.0139,0.004
odysseus,torso.roll,9.167,0.6,-21.3,-9.2,9.2,0.0086,0.007
odysseus,torso.roll,9.25,0,-7.5,-9.2,9.2,0.0025,0.001
odysseus,torso.roll,9.333,-0.6,-7.7,-9.2,9.2,0.0036,0.001
odysseus,torso.roll,9.417,-2.6,-23.2,-9.2,9.2,0.0169,0.014
odysseus,torso.roll,9.5,-1.1,17.2,-9.2,9.2,0.0135,0.008
odysseus,torso.roll,9.583,-0.3,10.3,-9.2,9.2,0.0028,0.001
odysseus,torso.roll,9.667,0,3.4,-9.2,9.2,0.0012,0
odysseus,torso.roll,9.75,0.6,7.7,-9.2,9.2,0.0043,0.001
odysseus,torso.roll,9.833,2.6,23.2,-9.2,9.2,0.0169,0.014
odysseus,torso.roll,9.917,0.6,-23.2,-9.2,9.2,0.0118,0.01
odysseus,torso.roll,10,0,-7.7,-9.2,9.2,0.0028,0.001
odysseus,torso.roll,10.083,-0.6,-7.7,-9.2,9.2,0.0035,0.001
odysseus,torso.roll,10.167,-2.6,-23.2,-9.2,9.2,0.0169,0.014
odysseus,torso.roll,10.25,-0.6,23.2,-9.2,9.2,0.0118,0.01
odysseus,torso.roll,10.333,0,7.7,-9.2,9.2,0.0028,0.001
odysseus,torso.roll,10.417,0.6,7.7,-9.2,9.2,0.0035,0.001
odysseus,torso.roll,10.5,2.6,23.2,-9.2,9.2,0.0169,0.014
odysseus,torso.roll,10.583,0,-30.9,-9.2,9.2,0.0097,0.011
odysseus,torso.roll,10.667,-0.6,-7.7,-9.2,9.2,0.0077,0.002
odysseus,torso.roll,10.75,-2.6,-23.2,-9.2,9.2,0.0169,0.014
odysseus,torso.roll,10.833,-1.1,17.2,-9.2,9.2,0.0135,0.008
odysseus,torso.roll,10.917,-0.3,10.3,-9.2,9.2,0.0028,0.001
odysseus,torso.roll,11,0,3.4,-9.2,9.2,0.0012,0
odysseus,torso.roll,11.083,0.6,7.7,-9.2,9.2,0.0043,0.001
odysseus,torso.roll,11.167,2.6,23.2,-9.2,9.2,0.0169,0.014
odysseus,torso.roll,11.25,0.6,-23.2,-9.2,9.2,0.0118,0.01
odysseus,torso.roll,11.333,0,-7.7,-9.2,9.2,0.0028,0.001
odysseus,torso.roll,11.417,-0.6,-6.9,-9.2,9.2,0.0033,0.001
odysseus,torso.roll,11.5,-2.3,-20.7,-9.2,9.2,0.015,0.011
odysseus,torso.roll,11.583,-1,15.3,-9.2,9.2,0.012,0.007
odysseus,torso.roll,11.667,-0.3,9.2,-9.2,9.2,0.0025,0.001
odysseus,torso.roll,11.75,0,3.1,-9.2,9.2,0.0011,0
odysseus,torso.roll,11.833,0,0,-9.2,9.2,0.0005,0
odysseus,torso.roll,12.167,0.3,3.2,-9.2,9.2,0.002,0
odysseus,torso.roll,12.25,0.9,7.7,-9.2,9.2,0.0058,0.002
odysseus,torso.roll,12.333,1.7,9.2,-9.2,9.2,0.0094,0.003
odysseus,torso.roll,12.417,2.3,7.7,-9.2,9.2,0.0129,0.004
odysseus,torso.roll,12.5,2.6,3.2,-9.2,9.2,0.0149,0.002
odysseus,torso.roll,12.583,2.5,-0.5,-9.2,9.2,0.0145,0.001
odysseus,torso.roll,12.667,2.5,-0.5,-9.2,9.2,0.0136,0.001
odysseus,torso.roll,12.75,2.4,-0.5,-9.2,9.2,0.0134,0.001
odysseus,torso.roll,12.833,2.4,-0.5,-9.2,9.2,0.0131,0.001
odysseus,torso.roll,12.917,2.4,-0.5,-9.2,9.2,0.0129,0.001
odysseus,torso.roll,13,2.3,-0.5,-9.2,9.2,0.0126,0.001
odysseus,torso.roll,13.083,2.3,-0.5,-9.2,9.2,0.0124,0.001
odysseus,torso.roll,13.167,2.2,-0.5,-9.2,9.2,0.0121,0.001
odysseus,torso.roll,13.25,2.2,-0.5,-9.2,9.2,0.0119,0.001
odysseus,torso.roll,13.333,2.1,-0.5,-9.2,9.2,0.0116,0
odysseus,torso.roll,13.417,2.1,-0.5,-9.2,9.2,0.0114,0
odysseus,torso.roll,13.5,2,-0.5,-9.2,9.2,0.0112,0
odysseus,torso.roll,13.583,2,-0.5,-9.2,9.2,0.0109,0
odysseus,torso.roll,13.667,1.9,-0.5,-9.2,9.2,0.0107,0
odysseus,torso.roll,13.75,1.9,-0.5,-9.2,9.2,0.0104,0
odysseus,torso.roll,13.833,1.9,-0.5,-9.2,9.2,0.0102,0
odysseus,torso.roll,13.917,1.8,-0.5,-9.2,9.2,0.0099,0
odysseus,torso.roll,14,1.8,-0.5,-9.2,9.2,0.0097,0
odysseus,torso.roll,14.083,1.7,-0.5,-9.2,9.2,0.0094,0
odysseus,torso.roll,14.167,1.7,0,-9.2,9.2,0.0095,0
odysseus,torso.roll,16.583,1.4,-3.8,-9.2,9.2,0.0084,0.001
odysseus,torso.roll,16.667,0.6,-9.5,-9.2,9.2,0.0043,0.001
odysseus,torso.roll,16.75,-0.4,-12.4,-9.2,9.2,0.0029,0.001
odysseus,torso.roll,16.833,-1.5,-12.4,-9.2,9.2,0.008,0.004
odysseus,torso.roll,16.917,-2.3,-9.5,-9.2,9.2,0.0129,0.005
odysseus,torso.roll,17,-2.6,-3.8,-9.2,9.2,0.0151,0.002
odysseus,torso.roll,17.083,-2.5,0.6,-9.2,9.2,0.0146,0.001
odysseus,torso.roll,17.167,-2.5,0.6,-9.2,9.2,0.0136,0.001
odysseus,torso.roll,17.25,-2.4,0.6,-9.2,9.2,0.0133,0.001
odysseus,torso.roll,17.333,-2.4,0.6,-9.2,9.2,0.0131,0.001
odysseus,torso.roll,17.417,-2.3,0.6,-9.2,9.2,0.0128,0.001
odysseus,torso.roll,17.5,-2.3,0.6,-9.2,9.2,0.0126,0.001
odysseus,torso.roll,17.583,-2.2,0.6,-9.2,9.2,0.0123,0.001
odysseus,torso.roll,17.667,-2.2,0.6,-9.2,9.2,0.012,0.001
odysseus,torso.roll,17.75,-2.1,0.6,-9.2,9.2,0.0118,0.001
odysseus,torso.roll,17.833,-2.1,0.6,-9.2,9.2,0.0115,0
odysseus,torso.roll,17.917,-2.1,0.6,-9.2,9.2,0.0112,0
odysseus,torso.roll,18,-2,0.6,-9.2,9.2,0.011,0
odysseus,torso.roll,18.083,-2,0.6,-9.2,9.2,0.0107,0
odysseus,torso.roll,18.167,-1.9,0.6,-9.2,9.2,0.0105,0
odysseus,torso.roll,18.25,-1.9,0.6,-9.2,9.2,0.0102,0
odysseus,torso.roll,18.333,-1.8,0.6,-9.2,9.2,0.0099,0
odysseus,torso.roll,18.417,-1.8,0.6,-9.2,9.2,0.0097,0
odysseus,torso.roll,18.5,-1.7,0.6,-9.2,9.2,0.0094,0
odysseus,torso.roll,18.583,-1.7,0,-9.2,9.2,0.0095,0
odysseus,torso.roll,20.917,-1.4,3.8,-9.2,9.2,0.0084,0.001
odysseus,torso.roll,21,-0.6,9.5,-9.2,9.2,0.0043,0.001
odysseus,torso.roll,21.083,0.4,12.4,-9.2,9.2,0.0029,0.001
odysseus,torso.roll,21.167,1.5,12.4,-9.2,9.2,0.008,0.004
odysseus,torso.roll,21.25,2.3,9.5,-9.2,9.2,0.0129,0.005
odysseus,torso.roll,21.333,2.6,3.8,-9.2,9.2,0.0151,0.002
odysseus,torso.roll,21.417,2.5,-0.6,-9.2,9.2,0.0146,0.001
odysseus,torso.roll,21.5,2.5,-0.6,-9.2,9.2,0.0136,0.001
odysseus,torso.roll,21.583,2.4,-0.6,-9.2,9.2,0.0133,0.001
odysseus,torso.roll,21.667,2.4,-0.6,-9.2,9.2,0.0131,0.001
odysseus,torso.roll,21.75,2.3,-0.6,-9.2,9.2,0.0128,0.001
odysseus,torso.roll,21.833,2.3,-0.6,-9.2,9.2,0.0126,0.001
odysseus,torso.roll,21.917,2.2,-0.6,-9.2,9.2,0.0123,0.001
odysseus,torso.roll,22,2.2,-0.6,-9.2,9.2,0.012,0.001
odysseus,torso.roll,22.083,2.1,-0.6,-9.2,9.2,0.0118,0.001
odysseus,torso.roll,22.167,2.1,-0.6,-9.2,9.2,0.0115,0
odysseus,torso.roll,22.25,2.1,-0.6,-9.2,9.2,0.0112,0
odysseus,torso.roll,22.333,2,-0.6,-9.2,9.2,0.011,0
odysseus,torso.roll,22.417,2,-0.6,-9.2,9.2,0.0107,0
odysseus,torso.roll,22.5,1.9,-0.6,-9.2,9.2,0.0105,0
odysseus,torso.roll,22.583,1.9,-0.6,-9.2,9.2,0.0102,0
odysseus,torso.roll,22.667,1.8,-0.6,-9.2,9.2,0.0099,0
odysseus,torso.roll,22.75,1.8,-0.6,-9.2,9.2,0.0097,0
odysseus,torso.roll,22.833,1.7,-0.6,-9.2,9.2,0.0094,0
odysseus,torso.roll,22.917,1.7,0,-9.2,9.2,0.0095,0
odysseus,torso.roll,23.5,1.8,0.8,-9.2,9.2,0.0099,0
odysseus,torso.roll,23.583,2,3,-9.2,9.2,0.0116,0.001
odysseus,torso.roll,23.667,2.6,6.5,-9.2,9.2,0.0147,0.004
odysseus,torso.roll,23.75,1.2,-16.4,-9.2,9.2,0.0107,0.006
odysseus,torso.roll,23.833,0.3,-10.7,-9.2,9.2,0.0028,0.001
odysseus,torso.roll,23.917,0,-3.8,-9.2,9.2,0.0012,0
odysseus,torso.roll,24,-0.6,-7.7,-9.2,9.2,0.0042,0.001
odysseus,torso.roll,24.083,-2.6,-23.2,-9.2,9.2,0.0169,0.014
odysseus,torso.roll,24.167,-0.6,23.2,-9.2,9.2,0.0118,0.01
odysseus,torso.roll,24.25,0,7.7,-9.2,9.2,0.0028,0.001
odysseus,torso.roll,24.333,0.6,7.7,-9.2,9.2,0.0035,0.001
odysseus,torso.roll,24.417,2.6,23.2,-9.2,9.2,0.0169,0.014
odysseus,torso.roll,24.5,0.6,-23.2,-9.2,9.2,0.0118,0.01
odysseus,torso.roll,24.583,0,-7.7,-9.2,9.2,0.0028,0.001
odysseus,torso.roll,24.667,-0.6,-7.7,-9.2,9.2,0.0035,0.001
odysseus,torso.roll,24.75,-2.6,-23.2,-9.2,9.2,0.0169,0.014
odysseus,torso.roll,24.833,-0.6,23.2,-9.2,9.2,0.0118,0.01
odysseus,torso.roll,24.917,0,7.7,-9.2,9.2,0.0028,0.001
odysseus,torso.roll,25,0.6,7.7,-9.2,9.2,0.0035,0.001
odysseus,torso.roll,25.083,2.6,23.2,-9.2,9.2,0.0169,0.014
odysseus,torso.roll,25.167,0.6,-23.2,-9.2,9.2,0.0118,0.01
odysseus,torso.roll,25.25,0,-7.7,-9.2,9.2,0.0028,0.001
odysseus,torso.roll,25.333,-0.6,-7.7,-9.2,9.2,0.0035,0.001
odysseus,torso.roll,25.417,-2.6,-23.2,-9.2,9.2,0.0169,0.014
odysseus,torso.roll,25.5,-0.6,23.2,-9.2,9.2,0.0118,0.01
odysseus,torso.roll,25.583,0,7.7,-9.2,9.2,0.0028,0.001
odysseus,torso.roll,25.667,0.6,7.7,-9.2,9.2,0.0035,0.001
odysseus,torso.roll,25.75,2.6,23.2,-9.2,9.2,0.0169,0.014
odysseus,torso.roll,25.833,0.6,-23.2,-9.2,9.2,0.0118,0.01
odysseus,torso.roll,25.917,0,-7.7,-9.2,9.2,0.0028,0.001
odysseus,torso.roll,26,-0.6,-7.7,-9.2,9.2,0.0035,0.001
odysseus,torso.roll,26.083,-2.6,-23.2,-9.2,9.2,0.0169,0.014
odysseus,torso.roll,26.167,-1.1,17.2,-9.2,9.2,0.0135,0.008
odysseus,torso.roll,26.25,-0.3,10.3,-9.2,9.2,0.0028,0.001
odysseus,torso.roll,26.333,0,3.4,-9.2,9.2,0.0012,0
odysseus,torso.roll,26.417,0.3,3.3,-9.2,9.2,0.0015,0
odysseus,torso.roll,26.5,1.1,9.9,-9.2,9.2,0.0072,0.003
odysseus,torso.roll,26.583,1.1,-0.5,-9.2,9.2,0.0077,0
odysseus,torso.roll,26.667,1,-1.2,-9.2,9.2,0.0054,0
odysseus,torso.roll,26.75,0.8,-1.8,-9.2,9.2,0.0046,0
odysseus,torso.roll,26.833,0.6,-2.1,-9.2,9.2,0.0036,0
odysseus,torso.roll,26.917,0.5,-2.2,-9.2,9.2,0.0025,0
odysseus,torso.roll,27,0.3,-2.1,-9.2,9.2,0.0016,0
odysseus,torso.roll,27.083,0.1,-1.8,-9.2,9.2,0.0008,0
odysseus,torso.roll,27.167,0,-1.2,-9.2,9.2,0.0003,0
odysseus,torso.roll,27.25,0,-0.5,-9.2,9.2,0.0001,0
odysseus,torso.roll,29,0.3,3.2,-9.2,9.2,0.002,0
odysseus,torso.roll,29.083,0.9,7.7,-9.2,9.2,0.0058,0.002
odysseus,torso.roll,29.167,1.7,9.2,-9.2,9.2,0.0094,0.003
odysseus,torso.roll,29.25,2.3,7.7,-9.2,9.2,0.0129,0.004
odysseus,torso.roll,29.333,2.6,3.2,-9.2,9.2,0.0149,0.002
odysseus,torso.roll,29.417,2.5,-0.5,-9.2,9.2,0.0145,0.001
odysseus,torso.roll,29.5,2.5,-0.5,-9.2,9.2,0.0136,0.001
odysseus,torso.roll,29.583,2.4,-0.5,-9.2,9.2,0.0134,0.001
odysseus,torso.roll,29.667,2.4,-0.5,-9.2,9.2,0.0131,0.001
odysseus,torso.roll,29.75,2.4,-0.5,-9.2,9.2,0.0129,0.001
odysseus,torso.roll,29.833,2.3,-0.5,-9.2,9.2,0.0126,0.001
odysseus,torso.roll,29.917,2.3,-0.5,-9.2,9.2,0.0124,0.001
odysseus,torso.roll,30,2.2,-0.5,-9.2,9.2,0.0121,0.001
odysseus,torso.roll,30.083,2.2,-0.5,-9.2,9.2,0.0119,0.001
odysseus,torso.roll,30.167,2.1,-0.5,-9.2,9.2,0.0116,0
odysseus,torso.roll,30.25,2.1,-0.5,-9.2,9.2,0.0114,0
odysseus,torso.roll,30.333,2,-0.5,-9.2,9.2,0.0112,0
odysseus,torso.roll,30.417,2,-0.5,-9.2,9.2,0.0109,0
odysseus,torso.roll,30.5,1.9,-0.5,-9.2,9.2,0.0107,0
odysseus,torso.roll,30.583,1.9,-0.5,-9.2,9.2,0.0104,0
odysseus,torso.roll,30.667,1.9,-0.5,-9.2,9.2,0.0102,0
odysseus,torso.roll,30.75,1.8,-0.5,-9.2,9.2,0.0099,0
odysseus,torso.roll,30.833,1.8,-0.5,-9.2,9.2,0.0097,0
odysseus,torso.roll,30.917,1.7,-0.5,-9.2,9.2,0.0094,0
odysseus,torso.roll,31,1.7,0,-9.2,9.2,0.0095,0
odysseus,torso.roll,32.083,1.4,-3.8,-9.2,9.2,0.0084,0.001
odysseus,torso.roll,32.167,0.6,-9.5,-9.2,9.2,0.0043,0.001
odysseus,torso.roll,32.25,-0.4,-12.4,-9.2,9.2,0.0029,0.001
odysseus,torso.roll,32.333,-1.5,-12.4,-9.2,9.2,0.008,0.004
odysseus,torso.roll,32.417,-2.3,-9.5,-9.2,9.2,0.0129,0.005
odysseus,torso.roll,32.5,-2.6,-3.8,-9.2,9.2,0.0151,0.002
odysseus,torso.roll,32.583,-2.5,0.6,-9.2,9.2,0.0146,0.001
odysseus,torso.roll,32.667,-2.5,0.6,-9.2,9.2,0.0136,0.001
odysseus,torso.roll,32.75,-2.4,0.6,-9.2,9.2,0.0133,0.001
odysseus,torso.roll,32.833,-2.4,0.6,-9.2,9.2,0.0131,0.001
odysseus,torso.roll,32.917,-2.3,0.6,-9.2,9.2,0.0128,0.001
odysseus,torso.roll,33,-2.3,0.6,-9.2,9.2,0.0126,0.001
odysseus,torso.roll,33.083,-2.2,0.6,-9.2,9.2,0.0123,0.001
odysseus,torso.roll,33.167,-2.2,0.6,-9.2,9.2,0.012,0.001
odysseus,torso.roll,33.25,-2.1,0.6,-9.2,9.2,0.0118,0.001
odysseus,torso.roll,33.333,-2.1,0.6,-9.2,9.2,0.0115,0
odysseus,torso.roll,33.417,-2.1,0.6,-9.2,9.2,0.0112,0
odysseus,torso.roll,33.5,-2,0.6,-9.2,9.2,0.011,0
odysseus,torso.roll,33.583,-2,0.6,-9.2,9.2,0.0107,0
odysseus,torso.roll,33.667,-1.9,0.6,-9.2,9.2,0.0105,0
odysseus,torso.roll,33.75,-1.9,0.6,-9.2,9.2,0.0102,0
odysseus,torso.roll,33.833,-1.8,0.6,-9.2,9.2,0.0099,0
odysseus,torso.roll,33.917,-1.8,0.6,-9.2,9.2,0.0097,0
odysseus,torso.roll,34,-1.7,0.6,-9.2,9.2,0.0094,0
odysseus,torso.roll,34.083,-1.7,0,-9.2,9.2,0.0095,0
odysseus,torso.roll,34.833,-1.3,5.4,-9.2,9.2,0.0079,0.002
odysseus,torso.roll,34.917,-0.2,12.8,-9.2,9.2,0.0025,0.001
odysseus,torso.roll,35,1.1,15.3,-9.2,9.2,0.0063,0.003
odysseus,torso.roll,35.083,2.1,12.8,-9.2,9.2,0.0121,0.006
odysseus,torso.roll,35.167,2.6,5.4,-9.2,9.2,0.0154,0.003
odysseus,torso.roll,35.25,2.5,-0.5,-9.2,9.2,0.0149,0.001
odysseus,torso.roll,35.333,2.5,-0.5,-9.2,9.2,0.0136,0.001
odysseus,torso.roll,35.417,2.4,-0.5,-9.2,9.2,0.0134,0.001
odysseus,torso.roll,35.5,2.4,-0.5,-9.2,9.2,0.0131,0.001
odysseus,torso.roll,35.583,2.4,-0.5,-9.2,9.2,0.0129,0.001
odysseus,torso.roll,35.667,2.3,-0.5,-9.2,9.2,0.0126,0.001
odysseus,torso.roll,35.75,2.3,-0.5,-9.2,9.2,0.0124,0.001
odysseus,torso.roll,35.833,2.2,-0.5,-9.2,9.2,0.0121,0.001
odysseus,torso.roll,35.917,2.2,-0.5,-9.2,9.2,0.0119,0.001
odysseus,torso.roll,36,2.1,-0.5,-9.2,9.2,0.0116,0
odysseus,torso.roll,36.083,2.1,-0.5,-9.2,9.2,0.0114,0
odysseus,torso.roll,36.167,2,-0.5,-9.2,9.2,0.0112,0
odysseus,torso.roll,36.25,2,-0.5,-9.2,9.2,0.0109,0
odysseus,torso.roll,36.333,1.9,-0.5,-9.2,9.2,0.0107,0
odysseus,torso.roll,36.417,1.9,-0.5,-9.2,9.2,0.0104,0
odysseus,torso.roll,36.5,1.9,-0.5,-9.2,9.2,0.0102,0
odysseus,torso.roll,36.583,1.8,-0.5,-9.2,9.2,0.0099,0
odysseus,torso.roll,36.667,1.8,-0.5,-9.2,9.2,0.0097,0
odysseus,torso.roll,36.75,1.7,-0.5,-9.2,9.2,0.0094,0
odysseus,torso.roll,36.833,1.7,0,-9.2,9.2,0.0095,0
odysseus,torso.roll,38.083,1.3,-5.4,-9.2,9.2,0.0079,0.002
odysseus,torso.roll,38.167,0.2,-12.8,-9.2,9.2,0.0025,0.001
odysseus,torso.roll,38.25,-1.1,-15.3,-9.2,9.2,0.0063,0.003
odysseus,torso.roll,38.333,-2.1,-12.8,-9.2,9.2,0.0121,0.006
odysseus,torso.roll,38.417,-2.6,-5.4,-9.2,9.2,0.0154,0.003
odysseus,torso.roll,38.5,-2.5,0.5,-9.2,9.2,0.0149,0.001
odysseus,torso.roll,38.583,-2.5,0.5,-9.2,9.2,0.0136,0.001
odysseus,torso.roll,38.667,-2.4,0.5,-9.2,9.2,0.0134,0.001
odysseus,torso.roll,38.75,-2.4,0.5,-9.2,9.2,0.0131,0.001
odysseus,torso.roll,38.833,-2.4,0.5,-9.2,9.2,0.0129,0.001
odysseus,torso.roll,38.917,-2.3,0.5,-9.2,9.2,0.0126,0.001
odysseus,torso.roll,39,-2.3,0.5,-9.2,9.2,0.0124,0.001
odysseus,torso.roll,39.083,-2.2,0.5,-9.2,9.2,0.0121,0.001
odysseus,torso.roll,39.167,-2.2,0.5,-9.2,9.2,0.0119,0.001
odysseus,torso.roll,39.25,-2.1,0.5,-9.2,9.2,0.0116,0
odysseus,torso.roll,39.333,-2.1,0.5,-9.2,9.2,0.0114,0
odysseus,torso.roll,39.417,-2,0.5,-9.2,9.2,0.0112,0
odysseus,torso.roll,39.5,-2,0.5,-9.2,9.2,0.0109,0
odysseus,torso.roll,39.583,-1.9,0.5,-9.2,9.2,0.0107,0
odysseus,torso.roll,39.667,-1.9,0.5,-9.2,9.2,0.0104,0
odysseus,torso.roll,39.75,-1.9,0.5,-9.2,9.2,0.0102,0
odysseus,torso.roll,39.833,-1.8,0.5,-9.2,9.2,0.0099,0
odysseus,torso.roll,39.917,-1.8,0.5,-9.2,9.2,0.0097,0
odysseus,torso.roll,40,-1.7,0.5,-9.2,9.2,0.0094,0
odysseus,torso.roll,40.083,-1.7,0,-9.2,9.2,0.0095,0
odysseus,torso.roll,40.417,-1.3,4.4,-9.2,9.2,0.0082,0.001
odysseus,torso.roll,40.5,-0.3,12,-9.2,9.2,0.0033,0.001
odysseus,torso.roll,40.583,1.1,17.6,-9.2,9.2,0.0071,0.004
odysseus,torso.roll,40.667,0.3,-10.4,-9.2,9.2,0.0064,0.002
odysseus,torso.roll,40.75,0,-3,-9.2,9.2,0.0013,0
odysseus,torso.roll,40.833,-0.3,-3.4,-9.2,9.2,0.0016,0
odysseus,torso.roll,40.917,-1.1,-10.3,-9.2,9.2,0.0075,0.003
odysseus,torso.roll,41,-2.6,-17.2,-9.2,9.2,0.0154,0.01
odysseus,torso.roll,41.083,-0.6,23.2,-9.2,9.2,0.0108,0.009
odysseus,torso.roll,41.167,0,7.7,-9.2,9.2,0.0028,0.001
odysseus,torso.roll,41.25,0.6,7.7,-9.2,9.2,0.0035,0.001
odysseus,torso.roll,41.333,2.6,23.2,-9.2,9.2,0.0169,0.014
odysseus,torso.roll,41.417,0.6,-23.2,-9.2,9.2,0.0118,0.01
odysseus,torso.roll,41.5,0,-7.7,-9.2,9.2,0.0028,0.001
odysseus,torso.roll,41.583,-0.6,-7.7,-9.2,9.2,0.0035,0.001
odysseus,torso.roll,41.667,-2.6,-23.2,-9.2,9.2,0.0169,0.014
odysseus,torso.roll,41.75,-0.6,23.2,-9.2,9.2,0.0118,0.01
odysseus,torso.roll,41.833,0,7.7,-9.2,9.2,0.0028,0.001
odysseus,torso.roll,41.917,0.6,7.7,-9.2,9.2,0.0035,0.001
odysseus,torso.roll,42,2.6,23.2,-9.2,9.2,0.0169,0.014
odysseus,torso.roll,42.083,0.6,-23.2,-9.2,9.2,0.0118,0.01
odysseus,torso.roll,42.167,0,-7.7,-9.2,9.2,0.0028,0.001
odysseus,torso.roll,42.25,-0.6,-7.7,-9.2,9.2,0.0035,0.001
odysseus,torso.roll,42.333,-2.6,-23.2,-9.2,9.2,0.0169,0.014
odysseus,torso.roll,42.417,-0.6,23.2,-9.2,9.2,0.0118,0.01
odysseus,torso.roll,42.5,0,7.7,-9.2,9.2,0.0028,0.001
odysseus,torso.roll,42.583,0.6,7.7,-9.2,9.2,0.0035,0.001
odysseus,torso.roll,42.667,2.3,20.1,-9.2,9.2,0.0149,0.011
odysseus,torso.roll,42.75,0.1,-26.3,-9.2,9.2,0.009,0.008
odysseus,torso.roll,42.833,-0.8,-10.9,-9.2,9.2,0.007,0.003
odysseus,torso.roll,42.917,-1.7,-10.9,-9.2,9.2,0.0092,0.004
odysseus,torso.roll,43,-3.9,-26.3,-9.2,9.2,0.024,0.023
odysseus,torso.roll,43.083,-2.2,20.1,-9.2,9.2,0.0204,0.015
odysseus,torso.roll,43.167,-1.8,4.6,-9.2,9.2,0.0128,0.002
odysseus,torso.roll,43.25,-2,-1.7,-9.2,9.2,0.0119,0.001
odysseus,torso.roll,43.333,-1.9,1.1,-9.2,9.2,0.0108,0.001
odysseus,torso.roll,43.417,-1.5,3.9,-9.2,9.2,0.009,0.001
odysseus,torso.roll,43.5,-1.9,-3.7,-9.2,9.2,0.0115,0.002
odysseus,torso.roll,43.583,-0.5,15.7,-9.2,9.2,0.0064,0.004
odysseus,torso.roll,43.667,0.7,15.2,-9.2,9.2,0.0041,0.002
odysseus,torso.roll,43.75,2,14.9,-9.2,9.2,0.0108,0.006
odysseus,torso.roll,43.833,3.2,14.9,-9.2,9.2,0.0175,0.01
odysseus,torso.roll,43.917,1.6,-19.2,-9.2,9.2,0.0148,0.01
odysseus,torso.roll,44,0,-18.6,-9.2,9.2,0.0004,0
odysseus,torso.roll,44.083,-1.4,-17.7,-9.2,9.2,0.008,0.005
odysseus,torso.roll,44.167,-2.9,-17.2,-9.2,9.2,0.0158,0.01
odysseus,torso.roll,44.25,-1.4,17.2,-9.2,9.2,0.014,0.009
odysseus,torso.roll,44.333,0,17.2,-9.2,9.2,0,0
odysseus,torso.roll,44.417,1.4,17.2,-9.2,9.2,0.0078,0.005
odysseus,torso.roll,44.5,2.9,17.2,-9.2,9.2,0.0157,0.01
odysseus,torso.roll,44.583,1.6,-14.9,-9.2,9.2,0.0146,0.008
odysseus,torso.roll,44.667,0.4,-14.9,-9.2,9.2,0.0021,0.001
odysseus,torso.roll,44.75,-0.9,-14.9,-9.2,9.2,0.0047,0.002
odysseus,torso.roll,44.833,-0.4,5.2,-9.2,9.2,0.0059,0.001
odysseus,torso.roll,44.917,0,5.2,-9.2,9.2,0,0
odysseus,torso.roll,45,0.4,5.2,-9.2,9.2,0.0024,0
odysseus,torso.roll,45.083,0.9,5.2,-9.2,9.2,0.0047,0.001
odysseus,torso.roll,45.167,0.3,-6.9,-9.2,9.2,0.0037,0.001
odysseus,torso.roll,45.25,-0.3,-6.9,-9.2,9.2,0.0016,0
odysseus,torso.roll,45.333,-0.9,-6.9,-9.2,9.2,0.0047,0.001
odysseus,torso.roll,45.417,-0.1,8.9,-9.2,9.2,0.0035,0.001
odysseus,torso.roll,45.5,0.4,5.7,-9.2,9.2,0.0026,0.001
odysseus,torso.roll,45.583,0.5,1.3,-9.2,9.2,0.0034,0
odysseus,torso.roll,45.667,0.4,-0.2,-9.2,9.2,0.0027,0
odysseus,torso.roll,45.75,0.6,1.3,-9.2,9.2,0.0033,0
odysseus,torso.roll,45.833,-1.1,-20.4,-9.2,9.2,0.0102,0.007
odysseus,torso.roll,45.917,-2.5,-16.6,-9.2,9.2,0.0145,0.009
odysseus,torso.roll,46,-3.9,-16.6,-9.2,9.2,0.0215,0.013
odysseus,torso.roll,46.083,-5.3,-16.6,-9.2,9.2,0.029,0.019
odysseus,torso.roll,46.167,-3.8,17.7,-9.2,9.2,0.0271,0.018
odysseus,torso.roll,46.25,-2.4,17.7,-9.2,9.2,0.0129,0.008
odysseus,torso.roll,46.333,-0.9,17.7,-9.2,9.2,0.0048,0.003
odysseus,torso.roll,46.417,0.6,17.7,-9.2,9.2,0.0033,0.002
odysseus,torso.roll,46.5,-0.8,-16.6,-9.2,9.2,0.0104,0.006
odysseus,torso.roll,46.583,-2.2,-16.6,-9.2,9.2,0.0119,0.007
odysseus,torso.roll,46.667,-3.6,-16.6,-9.2,9.2,0.0195,0.012
odysseus,torso.roll,46.75,-4.9,-16.6,-9.2,9.2,0.0271,0.017
odysseus,torso.roll,46.833,-3.7,15.4,-9.2,9.2,0.0258,0.015
odysseus,torso.roll,46.917,-2.4,15.4,-9.2,9.2,0.013,0.007
odysseus,torso.roll,47,-1.1,15.4,-9.2,9.2,0.0059,0.003
odysseus,torso.roll,47.083,-1.5,-4.6,-9.2,9.2,0.0116,0.002
odysseus,torso.roll,47.167,-1.9,-4.6,-9.2,9.2,0.0102,0.002
odysseus,torso.roll,47.25,-2.2,-4.6,-9.2,9.2,0.0123,0.002
odysseus,torso.roll,47.333,-2.6,-4.6,-9.2,9.2,0.0144,0.003
odysseus,torso.roll,47.417,-2,7.4,-9.2,9.2,0.0131,0.004
odysseus,torso.roll,47.5,-1.4,6.9,-9.2,9.2,0.0079,0.002
odysseus,torso.roll,47.583,-0.9,6.9,-9.2,9.2,0.0047,0.001
odysseus,torso.roll,47.667,-2.1,-14.9,-9.2,9.2,0.0154,0.008
odysseus,torso.roll,47.75,-3.3,-14.9,-9.2,9.2,0.0183,0.01
odysseus,torso.roll,47.833,-4.6,-14.9,-9.2,9.2,0.0251,0.014
odysseus,torso.roll,47.917,-3.2,17.2,-9.2,9.2,0.023,0.015
odysseus,torso.roll,48,-1.7,17.2,-9.2,9.2,0.0094,0.006
odysseus,torso.roll,48.083,-0.3,17.2,-9.2,9.2,0.0016,0.001
odysseus,torso.roll,48.167,1.1,17.2,-9.2,9.2,0.0063,0.004
odysseus,torso.roll,48.25,-0.3,-17.2,-9.2,9.2,0.0077,0.005
odysseus,torso.roll,48.333,-1.7,-17.2,-9.2,9.2,0.0094,0.006
odysseus,torso.roll,48.417,-3.2,-17.2,-9.2,9.2,0.0173,0.011
odysseus,torso.roll,48.5,-4.6,-17.2,-9.2,9.2,0.0251,0.016
odysseus,torso.roll,48.583,-3.2,17.2,-9.2,9.2,0.0234,0.015
odysseus,torso.roll,48.667,-1.7,17.2,-9.2,9.2,0.0094,0.006
odysseus,torso.roll,48.75,-0.3,17.2,-9.2,9.2,0.0016,0.001
odysseus,torso.roll,48.833,1.1,17.2,-9.2,9.2,0.0063,0.004
odysseus,torso.roll,48.917,0.2,-11.2,-9.2,9.2,0.0062,0.003
odysseus,torso.roll,49,-0.7,-11.2,-9.2,9.2,0.0039,0.002
odysseus,torso.roll,49.083,-1.3,-7.4,-9.2,9.2,0.008,0.002
odysseus,torso.roll,49.167,-1.5,-1.6,-9.2,9.2,0.009,0.001
odysseus,torso.roll,49.25,0,17.6,-9.2,9.2,0.0034,0.002
odysseus,torso.roll,49.333,1.5,17.6,-9.2,9.2,0.008,0.005
odysseus,torso.roll,49.417,2.7,14.7,-9.2,9.2,0.0152,0.008
odysseus,torso.roll,49.5,3.4,9,-9.2,9.2,0.0198,0.007
odysseus,torso.roll,49.583,3,-5.7,-9.2,9.2,0.0188,0.004
odysseus,torso.roll,49.667,2.5,-5.7,-9.2,9.2,0.0136,0.003
odysseus,torso.roll,49.75,2,-5.7,-9.2,9.2,0.011,0.002
odysseus,torso.roll,49.833,1.5,-5.7,-9.2,9.2,0.0084,0.002
odysseus,torso.roll,49.917,2.7,14.3,-9.2,9.2,0.0185,0.01
odysseus,torso.roll,50,3.9,14.3,-9.2,9.2,0.0214,0.012
odysseus,torso.roll,50.083,5.1,14.3,-9.2,9.2,0.028,0.016
odysseus,torso.roll,50.167,3.6,-17.8,-9.2,9.2,0.0256,0.017
odysseus,torso.roll,50.25,2.1,-17.8,-9.2,9.2,0.0118,0.008
odysseus,torso.roll,50.333,0.7,-17.8,-9.2,9.2,0.0037,0.002
odysseus,torso.roll,50.417,-0.8,-17.8,-9.2,9.2,0.0044,0.003
odysseus,torso.roll,50.5,0.3,13.2,-9.2,9.2,0.0071,0.003
odysseus,torso.roll,50.583,1.4,13.2,-9.2,9.2,0.0076,0.004
odysseus,torso.roll,50.667,2.5,13.2,-9.2,9.2,0.0136,0.007
odysseus,torso.roll,50.75,3.6,13.2,-9.2,9.2,0.0196,0.01
odysseus,torso.roll,50.833,4.7,13.2,-9.2,9.2,0.0256,0.013
odysseus,torso.roll,50.917,2.7,-23.5,-9.2,9.2,0.0215,0.019
odysseus,torso.roll,51,0.8,-23.5,-9.2,9.2,0.0042,0.003
odysseus,torso.roll,51.083,-1.1,-22.9,-9.2,9.2,0.0064,0.005
odysseus,torso.roll,51.167,-0.2,11.2,-9.2,9.2,0.0073,0.003
odysseus,torso.roll,51.25,0.7,11.2,-9.2,9.2,0.0039,0.002
odysseus,torso.roll,51.333,1.6,11.2,-9.2,9.2,0.009,0.004
odysseus,torso.roll,51.417,2.6,11.2,-9.2,9.2,0.0141,0.006
odysseus,torso.roll,51.5,2.1,-5.2,-9.2,9.2,0.0147,0.003
odysseus,torso.roll,51.583,1.7,-5.2,-9.2,9.2,0.0094,0.002
odysseus,torso.roll,51.667,1.3,-5.2,-9.2,9.2,0.0071,0.001
odysseus,torso.roll,51.75,0.9,-5.2,-9.2,9.2,0.0047,0.001
odysseus,torso.roll,51.833,1.4,6.9,-9.2,9.2,0.01,0.003
odysseus,torso.roll,51.917,2,6.9,-9.2,9.2,0.011,0.003
odysseus,torso.roll,52,2.6,6.9,-9.2,9.2,0.0141,0.004
odysseus,torso.roll,52.083,1.8,-8.9,-9.2,9.2,0.0129,0.004
odysseus,torso.roll,52.167,1.1,-8.9,-9.2,9.2,0.006,0.002
odysseus,torso.roll,52.25,0.3,-8.9,-9.2,9.2,0.0019,0.001
odysseus,torso.roll,52.333,-0.4,-8.9,-9.2,9.2,0.0022,0.001
odysseus,torso.roll,52.417,-1.1,-8.9,-9.2,9.2,0.0063,0.002
odysseus,torso.roll,52.5,0.3,17.2,-9.2,9.2,0.0062,0.004
odysseus,torso.roll,52.583,1.7,17.2,-9.2,9.2,0.0094,0.006
odysseus,torso.roll,52.667,3.2,17.2,-9.2,9.2,0.0173,0.011
odysseus,torso.roll,52.75,4.6,17.2,-9.2,9.2,0.0251,0.016
odysseus,torso.roll,52.833,3.2,-17.2,-9.2,9.2,0.0234,0.015
odysseus,torso.roll,52.917,1.7,-17.2,-9.2,9.2,0.0094,0.006
odysseus,torso.roll,53,0.3,-17.2,-9.2,9.2,0.0016,0.001
odysseus,torso.roll,53.083,-1.1,-17.2,-9.2,9.2,0.0063,0.004
odysseus,torso.roll,53.167,-1.1,0.7,-9.2,9.2,0.0092,0
odysseus,torso.roll,53.25,-0.9,1.9,-9.2,9.2,0.0053,0
odysseus,torso.roll,53.333,-0.7,2.8,-9.2,9.2,0.004,0
odysseus,torso.roll,53.417,-0.4,3.5,-9.2,9.2,0.0023,0
odysseus,head.yaw,0,0,0,-83.1,83.1,0,0
odysseus,head.yaw,0.583,2.1,25.4,-83.1,83.1,0.001,0.001
odysseus,head.yaw,0.667,3.6,18.1,-83.1,83.1,0.0015,0.001
odysseus,head.yaw,0.75,4.5,10.9,-83.1,83.1,0.0019,0.001
odysseus,head.yaw,0.833,4.8,3.6,-83.1,83.1,0.002,0
odysseus,head.yaw,0.917,4.8,-0.7,-83.1,83.1,0.002,0
odysseus,head.yaw,1,4.7,-1.4,-83.1,83.1,0.0019,0
odysseus,head.yaw,1.083,4.6,-0.7,-83.1,83.1,0.0019,0
odysseus,head.yaw,1.167,4.6,0,-83.1,83.1,0.0019,0
odysseus,head.yaw,3.25,4.7,1,-83.1,83.1,0.0019,0
odysseus,head.yaw,3.333,4.8,0.8,-83.1,83.1,0.002,0
odysseus,head.yaw,3.417,4.8,0.6,-83.1,83.1,0.002,0
odysseus,head.yaw,3.5,4.8,0.3,-83.1,83.1,0.002,0
odysseus,head.yaw,3.667,4.8,-0.7,-83.1,83.1,0.002,0
odysseus,head.yaw,3.75,4.7,-1.4,-83.1,83.1,0.0019,0
odysseus,head.yaw,3.833,4.6,-0.7,-83.1,83.1,0.0019,0
odysseus,head.yaw,3.917,4.6,0,-83.1,83.1,0.0019,0
odysseus,head.yaw,6,4.7,1,-83.1,83.1,0.0019,0
odysseus,head.yaw,6.083,4.8,0.8,-83.1,83.1,0.002,0
odysseus,head.yaw,6.167,4.8,0.6,-83.1,83.1,0.002,0
odysseus,head.yaw,6.25,4.8,0.3,-83.1,83.1,0.002,0
odysseus,head.yaw,6.417,4.8,-0.7,-83.1,83.1,0.002,0
odysseus,head.yaw,6.5,4.7,-1.4,-83.1,83.1,0.0019,0
odysseus,head.yaw,6.583,4.6,-0.7,-83.1,83.1,0.0019,0
odysseus,head.yaw,6.667,4.6,0,-83.1,83.1,0.0019,0
odysseus,head.yaw,8.667,4.7,0.9,-83.1,83.1,0.0019,0
odysseus,head.yaw,8.75,4.8,0.9,-83.1,83.1,0.002,0
odysseus,head.yaw,8.833,4.8,0.4,-83.1,83.1,0.002,0
odysseus,head.yaw,8.917,4.1,-9,-83.1,83.1,0.0017,0.001
odysseus,head.yaw,9,2.4,-19.9,-83.1,83.1,0.001,0.001
odysseus,head.yaw,9.083,0.8,-19.9,-83.1,83.1,0.0003,0
odysseus,head.yaw,9.167,0,-9,-83.1,83.1,0.0001,0
odysseus,head.yaw,9.25,0,0,-83.1,83.1,0,0
odysseus,head.yaw,12,-9,-107.9,-83.1,83.1,0.0042,0.016
odysseus,head.yaw,12.083,-15.4,-77,-83.1,83.1,0.0064,0.017
odysseus,head.yaw,12.167,-19.3,-46.2,-83.1,83.1,0.0079,0.013
odysseus,head.yaw,12.25,-20.5,-15.4,-83.1,83.1,0.0084,0.005
odysseus,head.yaw,12.333,-20.3,3,-83.1,83.1,0.0083,0.001
odysseus,head.yaw,12.417,-19.8,5.7,-83.1,83.1,0.008,0.002
odysseus,head.yaw,12.5,-19.6,3,-83.1,83.1,0.0079,0.001
odysseus,head.yaw,12.583,-19.6,0,-83.1,83.1,0.0079,0
odysseus,head.yaw,14.833,-19.9,-4.2,-83.1,83.1,0.008,0.001
odysseus,head.yaw,14.917,-20.2,-3.3,-83.1,83.1,0.0081,0.001
odysseus,head.yaw,15,-20.4,-2.4,-83.1,83.1,0.0082,0.001
odysseus,head.yaw,15.083,-20.5,-1.4,-83.1,83.1,0.0083,0.001
odysseus,head.yaw,15.167,-20.5,-0.5,-83.1,83.1,0.0083,0
odysseus,head.yaw,15.25,-20.3,3,-83.1,83.1,0.0082,0.001
odysseus,head.yaw,15.333,-19.8,5.7,-83.1,83.1,0.008,0.002
odysseus,head.yaw,15.417,-19.6,3,-83.1,83.1,0.0079,0.001
odysseus,head.yaw,15.5,-19.6,0,-83.1,83.1,0.0079,0
odysseus,head.yaw,17.25,-19.9,-4.2,-83.1,83.1,0.008,0.001
odysseus,head.yaw,17.333,-20.2,-3.3,-83.1,83.1,0.0081,0.001
odysseus,head.yaw,17.417,-20.4,-2.4,-83.1,83.1,0.0082,0.001
odysseus,head.yaw,17.5,-20.5,-1.4,-83.1,83.1,0.0083,0.001
odysseus,head.yaw,17.583,-20.5,-0.5,-83.1,83.1,0.0083,0
odysseus,head.yaw,17.667,-20.3,3,-83.1,83.1,0.0082,0.001
odysseus,head.yaw,17.75,-19.8,5.7,-83.1,83.1,0.008,0.002
odysseus,head.yaw,17.833,-19.6,3,-83.1,83.1,0.0079,0.001
odysseus,head.yaw,17.917,-19.6,0,-83.1,83.1,0.0079,0
odysseus,head.yaw,20.167,-19.9,-4.2,-83.1,83.1,0.008,0.001
odysseus,head.yaw,20.25,-20.2,-3.3,-83.1,83.1,0.0081,0.001
odysseus,head.yaw,20.333,-20.4,-2.4,-83.1,83.1,0.0082,0.001
odysseus,head.yaw,20.417,-20.5,-1.4,-83.1,83.1,0.0083,0.001
odysseus,head.yaw,20.5,-20.5,-0.5,-83.1,83.1,0.0083,0
odysseus,head.yaw,20.583,-20.3,3,-83.1,83.1,0.0082,0.001
odysseus,head.yaw,20.667,-19.8,5.7,-83.1,83.1,0.008,0.002
odysseus,head.yaw,20.75,-19.6,3,-83.1,83.1,0.0079,0.001
odysseus,head.yaw,20.833,-19.6,0,-83.1,83.1,0.0079,0
odysseus,head.yaw,23.167,-19.7,-1.8,-83.1,83.1,0.008,0.001
odysseus,head.yaw,23.25,-20,-3.9,-83.1,83.1,0.0081,0.001
odysseus,head.yaw,23.333,-20.4,-3.9,-83.1,83.1,0.0082,0.001
odysseus,head.yaw,23.417,-20.5,-1.8,-83.1,83.1,0.0083,0.001
odysseus,head.yaw,23.5,-18.4,25.6,-83.1,83.1,0.0076,0.007
odysseus,head.yaw,23.583,-13.3,61,-83.1,83.1,0.0056,0.012
odysseus,head.yaw,23.667,-7.2,72.8,-83.1,83.1,0.003,0.008
odysseus,head.yaw,23.75,-2.1,61,-83.1,83.1,0.0009,0.002
odysseus,head.yaw,23.833,0,25.6,-83.1,83.1,0.0002,0
odysseus,head.yaw,23.917,0,0,-83.1,83.1,0.0001,0
odysseus,head.yaw,26.833,1.5,18.1,-83.1,83.1,0.0007,0
odysseus,head.yaw,26.917,2.7,14.1,-83.1,83.1,0.0011,0.001
odysseus,head.yaw,27,3.5,10.1,-83.1,83.1,0.0015,0.001
odysseus,head.yaw,27.083,4,6,-83.1,83.1,0.0017,0
odysseus,head.yaw,27.167,4.2,2,-83.1,83.1,0.0017,0
odysseus,head.yaw,27.25,4.1,-0.6,-83.1,83.1,0.0017,0
odysseus,head.yaw,27.333,4.1,-1.2,-83.1,83.1,0.0017,0
odysseus,head.yaw,27.417,4,-0.6,-83.1,83.1,0.0016,0
odysseus,head.yaw,27.5,4,0,-83.1,83.1,0.0016,0
odysseus,head.yaw,29.167,5.9,22.5,-83.1,83.1,0.0025,0.002
odysseus,head.yaw,29.25,10.2,51.9,-83.1,83.1,0.0043,0.008
odysseus,head.yaw,29.333,15.3,61.5,-83.1,83.1,0.0063,0.014
odysseus,head.yaw,29.417,19.6,51.3,-83.1,83.1,0.0079,0.014
odysseus,head.yaw,29.5,21.3,20.8,-83.1,83.1,0.0087,0.006
odysseus,head.yaw,29.583,19.1,-26.6,-83.1,83.1,0.0079,0.008
odysseus,head.yaw,29.667,13.8,-64.3,-83.1,83.1,0.0058,0.013
odysseus,head.yaw,29.75,6.9,-82.8,-83.1,83.1,0.0029,0.008
odysseus,head.yaw,29.833,0,-82.8,-83.1,83.1,0,0
odysseus,head.yaw,29.917,-5.3,-63.7,-83.1,83.1,0.0023,0.005
odysseus,head.yaw,30,-7.5,-25.5,-83.1,83.1,0.0032,0.003
odysseus,head.yaw,30.083,-4.5,35.7,-83.1,83.1,0.0021,0.003
odysseus,head.yaw,30.167,1,66.2,-83.1,83.1,0.0006,0.001
odysseus,head.yaw,30.25,4,35.7,-83.1,83.1,0.0018,0.002
odysseus,head.yaw,30.333,4,0,-83.1,83.1,0.0018,0
odysseus,head.yaw,30.583,2.2,-21.5,-83.1,83.1,0.001,0.001
odysseus,head.yaw,30.667,-2.1,-51.2,-83.1,83.1,0.001,0.002
odysseus,head.yaw,30.75,-7.1,-61.1,-83.1,83.1,0.003,0.006
odysseus,head.yaw,30.833,-11.4,-51.2,-83.1,83.1,0.0047,0.008
odysseus,head.yaw,30.917,-13.2,-21.5,-83.1,83.1,0.0055,0.004
odysseus,head.yaw,31,-11.1,25.5,-83.1,83.1,0.0048,0.004
odysseus,head.yaw,31.083,-5.8,63.7,-83.1,83.1,0.0026,0.006
odysseus,head.yaw,31.167,1.1,82.8,-83.1,83.1,0.0006,0.002
odysseus,head.yaw,31.25,8,82.8,-83.1,83.1,0.0033,0.01
odysseus,head.yaw,31.333,13.3,63.7,-83.1,83.1,0.0055,0.012
odysseus,head.yaw,31.417,15.5,25.5,-83.1,83.1,0.0065,0.006
odysseus,head.yaw,31.5,13.7,-21.5,-83.1,83.1,0.0058,0.004
odysseus,head.yaw,31.583,9.7,-47.3,-83.1,83.1,0.0041,0.007
odysseus,head.yaw,31.667,5.8,-47.3,-83.1,83.1,0.0024,0.004
odysseus,head.yaw,31.75,4,-21.5,-83.1,83.1,0.0018,0.001
odysseus,head.yaw,31.833,4,0,-83.1,83.1,0.0018,0
odysseus,head.yaw,32.25,4.1,0.9,-83.1,83.1,0.0017,0
odysseus,head.yaw,32.333,6.8,32.9,-83.1,83.1,0.003,0.003
odysseus,head.yaw,32.417,12.8,71.4,-83.1,83.1,0.0054,0.013
odysseus,head.yaw,32.5,18.7,71.2,-83.1,83.1,0.0075,0.019
odysseus,head.yaw,32.583,21.4,32.3,-83.1,83.1,0.0088,0.01
odysseus,head.yaw,32.667,19.2,-26.1,-83.1,83.1,0.008,0.007
odysseus,head.yaw,32.75,13.8,-64.8,-83.1,83.1,0.0058,0.013
odysseus,head.yaw,32.833,6.9,-83.4,-83.1,83.1,0.0029,0.008
odysseus,head.yaw,32.917,0,-82.8,-83.1,83.1,0,0
odysseus,head.yaw,33,-5.3,-63.7,-83.1,83.1,0.0023,0.005
odysseus,head.yaw,33.083,-7.5,-25.5,-83.1,83.1,0.0032,0.003
odysseus,head.yaw,33.167,-5.7,21.5,-83.1,83.1,0.0026,0.002
odysseus,head.yaw,33.25,-1.7,47.3,-83.1,83.1,0.0008,0.001
odysseus,head.yaw,33.333,2.2,47.3,-83.1,83.1,0.0009,0.001
odysseus,head.yaw,33.417,4,21.5,-83.1,83.1,0.0018,0.001
odysseus,head.yaw,33.5,4,0,-83.1,83.1,0.0018,0
odysseus,head.yaw,35.167,-0.7,-56.5,-83.1,83.1,0.0006,0.001
odysseus,head.yaw,35.25,-4.4,-44,-83.1,83.1,0.0019,0.003
odysseus,head.yaw,35.333,-7,-31.4,-83.1,83.1,0.0029,0.003
odysseus,head.yaw,35.417,-8.6,-18.8,-83.1,83.1,0.0036,0.002
odysseus,head.yaw,35.5,-9.1,-6.3,-83.1,83.1,0.0038,0.001
odysseus,head.yaw,35.583,-9,1.3,-83.1,83.1,0.0037,0
odysseus,head.yaw,35.667,-8.8,2.5,-83.1,83.1,0.0036,0
odysseus,head.yaw,35.75,-8.7,1.3,-83.1,83.1,0.0035,0
odysseus,head.yaw,35.833,-8.7,0,-83.1,83.1,0.0036,0
odysseus,head.yaw,37.667,-8.8,-2.3,-83.1,83.1,0.0036,0
odysseus,head.yaw,37.75,-9,-1.6,-83.1,83.1,0.0037,0
odysseus,head.yaw,37.833,-9.1,-1,-83.1,83.1,0.0037,0
odysseus,head.yaw,37.917,-9.1,-0.3,-83.1,83.1,0.0037,0
odysseus,head.yaw,38,-9,1.3,-83.1,83.1,0.0037,0
odysseus,head.yaw,38.083,-8.8,2.5,-83.1,83.1,0.0036,0
odysseus,head.yaw,38.167,-8.7,1.3,-83.1,83.1,0.0035,0
odysseus,head.yaw,38.25,-8.7,0,-83.1,83.1,0.0036,0
odysseus,head.yaw,40.083,-8.7,-0.8,-83.1,83.1,0.0036,0
odysseus,head.yaw,40.167,-8.9,-1.7,-83.1,83.1,0.0036,0
odysseus,head.yaw,40.25,-9,-1.7,-83.1,83.1,0.0037,0
odysseus,head.yaw,40.333,-9.1,-0.8,-83.1,83.1,0.0037,0
odysseus,head.yaw,40.417,-7.7,17,-83.1,83.1,0.0032,0.002
odysseus,head.yaw,40.5,-4.5,37.4,-83.1,83.1,0.002,0.003
odysseus,head.yaw,40.583,-1.4,37.4,-83.1,83.1,0.0006,0.001
odysseus,head.yaw,40.667,0,17,-83.1,83.1,0.0001,0
odysseus,head.yaw,40.75,0,0,-83.1,83.1,0.0001,0
odysseus,head.yaw,43.75,11.7,140,-83.1,83.1,0.0055,0.027
odysseus,head.yaw,43.833,20.7,108.9,-83.1,83.1,0.0085,0.032
odysseus,head.yaw,43.917,27.2,77.8,-83.1,83.1,0.0109,0.03
odysseus,head.yaw,44,31.1,46.7,-83.1,83.1,0.0123,0.02
odysseus,head.yaw,44.083,32.4,15.6,-83.1,83.1,0.0128,0.007
odysseus,head.yaw,44.167,32,-4.8,-83.1,83.1,0.0126,0.002
odysseus,head.yaw,44.25,31.3,-8.9,-83.1,83.1,0.0122,0.004
odysseus,head.yaw,44.333,30.9,-4.8,-83.1,83.1,0.0121,0.002
odysseus,head.yaw,44.417,30.9,0,-83.1,83.1,0.0121,0
odysseus,head.yaw,46.083,31.4,6.7,-83.1,83.1,0.0123,0.003
odysseus,head.yaw,46.167,31.9,5.2,-83.1,83.1,0.0124,0.003
odysseus,head.yaw,46.25,32.2,3.7,-83.1,83.1,0.0125,0.002
odysseus,head.yaw,46.333,32.4,2.2,-83.1,83.1,0.0126,0.001
odysseus,head.yaw,46.417,32.4,0.7,-83.1,83.1,0.0126,0.001
odysseus,head.yaw,46.5,32,-4.8,-83.1,83.1,0.0125,0.002
odysseus,head.yaw,46.583,31.3,-8.9,-83.1,83.1,0.0122,0.004
odysseus,head.yaw,46.667,30.9,-4.8,-83.1,83.1,0.0121,0.002
odysseus,head.yaw,46.75,30.9,0,-83.1,83.1,0.0121,0
odysseus,head.yaw,48.833,31.3,5.7,-83.1,83.1,0.0123,0.003
odysseus,head.yaw,48.917,31.7,4.6,-83.1,83.1,0.0124,0.002
odysseus,head.yaw,49,32,3.6,-83.1,83.1,0.0125,0.002
odysseus,head.yaw,49.083,32.2,2.6,-83.1,83.1,0.0126,0.001
odysseus,head.yaw,49.167,32.4,1.5,-83.1,83.1,0.0126,0.001
odysseus,head.yaw,49.25,32.4,0.5,-83.1,83.1,0.0126,0.001
odysseus,head.yaw,49.333,32,-4.8,-83.1,83.1,0.0125,0.002
odysseus,head.yaw,49.417,31.3,-8.9,-83.1,83.1,0.0122,0.004
odysseus,head.yaw,49.5,30.9,-4.8,-83.1,83.1,0.0121,0.002
odysseus,head.yaw,49.583,30.9,0,-83.1,83.1,0.0121,0
odysseus,head.yaw,51.25,31.3,5.7,-83.1,83.1,0.0123,0.003
odysseus,head.yaw,51.333,31.7,4.6,-83.1,83.1,0.0124,0.002
odysseus,head.yaw,51.417,32,3.6,-83.1,83.1,0.0125,0.002
odysseus,head.yaw,51.5,32.2,2.6,-83.1,83.1,0.0126,0.001
odysseus,head.yaw,51.583,32.4,1.5,-83.1,83.1,0.0126,0.001
odysseus,head.yaw,51.667,32.4,0.5,-83.1,83.1,0.0126,0.001
odysseus,head.yaw,51.75,32,-4.8,-83.1,83.1,0.0125,0.002
odysseus,head.yaw,51.833,31.3,-8.9,-83.1,83.1,0.0122,0.004
odysseus,head.yaw,51.917,30.9,-4.8,-83.1,83.1,0.0121,0.002
odysseus,head.yaw,52,30.9,0,-83.1,83.1,0.0121,0
odysseus,head.yaw,53.417,30.9,0,-83.1,83.1,0.0121,0
odysseus,head.pitch,0,0,0,-12.6,12.6,0,0
odysseus,head.pitch,0.5,-0.1,-0.5,-12.6,12.6,0.0001,0
odysseus,head.pitch,0.583,2.7,33.8,-12.6,12.6,0.0013,0.001
odysseus,head.pitch,0.667,0.6,-24.5,-12.6,12.6,0.0006,0
odysseus,head.pitch,0.75,-0.6,-15,-12.6,12.6,0.0003,0
odysseus,head.pitch,0.833,-1.1,-5.5,-12.6,12.6,0.0005,0
odysseus,head.pitch,0.917,-1.1,-0.8,-12.6,12.6,0.0005,0
odysseus,head.pitch,1,-1.2,-0.8,-12.6,12.6,0.0005,0
odysseus,head.pitch,1.083,-1.3,-0.8,-12.6,12.6,0.0005,0
odysseus,head.pitch,1.167,-1.4,-0.9,-12.6,12.6,0.0006,0
odysseus,head.pitch,1.25,-1.4,-0.9,-12.6,12.6,0.0006,0
odysseus,head.pitch,1.333,-1.5,-0.9,-12.6,12.6,0.0006,0
odysseus,head.pitch,1.417,-1.6,-0.9,-12.6,12.6,0.0006,0
odysseus,head.pitch,1.5,-1.6,-0.8,-12.6,12.6,0.0007,0
odysseus,head.pitch,1.583,-1.7,-0.8,-12.6,12.6,0.0007,0
odysseus,head.pitch,1.667,-1.8,-0.8,-12.6,12.6,0.0007,0
odysseus,head.pitch,1.75,-1.8,-0.7,-12.6,12.6,0.0008,0
odysseus,head.pitch,1.833,-1.9,-0.7,-12.6,12.6,0.0008,0
odysseus,head.pitch,1.917,-1.9,-0.6,-12.6,12.6,0.0008,0
odysseus,head.pitch,2,-2,-0.6,-12.6,12.6,0.0008,0
odysseus,head.pitch,2.083,-2,-0.5,-12.6,12.6,0.0008,0
odysseus,head.pitch,2.167,-2.1,-0.4,-12.6,12.6,0.0009,0
odysseus,head.pitch,2.75,-2,0.6,-12.6,12.6,0.0008,0
odysseus,head.pitch,2.833,-2,0.8,-12.6,12.6,0.0008,0
odysseus,head.pitch,2.917,-1.9,1,-12.6,12.6,0.0008,0
odysseus,head.pitch,3,-1.8,1.1,-12.6,12.6,0.0007,0
odysseus,head.pitch,3.083,-1.7,1.2,-12.6,12.6,0.0007,0
odysseus,head.pitch,3.167,-1.6,1.3,-12.6,12.6,0.0007,0
odysseus,head.pitch,3.25,2.1,44.2,-12.6,12.6,0.0011,0.002
odysseus,head.pitch,3.333,0.6,-17.4,-12.6,12.6,0.0006,0
odysseus,head.pitch,3.417,-0.4,-12.1,-12.6,12.6,0.0002,0
odysseus,head.pitch,3.5,-0.9,-6.7,-12.6,12.6,0.0004,0
odysseus,head.pitch,3.583,-1,-1.5,-12.6,12.6,0.0005,0
odysseus,head.pitch,3.667,-1,1.1,-12.6,12.6,0.0004,0
odysseus,head.pitch,3.75,-0.9,1,-12.6,12.6,0.0004,0
odysseus,head.pitch,3.833,-0.8,0.8,-12.6,12.6,0.0003,0
odysseus,head.pitch,3.917,-0.8,0.6,-12.6,12.6,0.0003,0
odysseus,head.pitch,4,-0.7,0.4,-12.6,12.6,0.0003,0
odysseus,head.pitch,4.5,-0.9,-0.6,-12.6,12.6,0.0004,0
odysseus,head.pitch,4.583,-0.9,-0.7,-12.6,12.6,0.0004,0
odysseus,head.pitch,4.667,-1,-0.8,-12.6,12.6,0.0004,0
odysseus,head.pitch,4.75,-1.1,-0.9,-12.6,12.6,0.0004,0
odysseus,head.pitch,4.833,-1.1,-0.9,-12.6,12.6,0.0005,0
odysseus,head.pitch,4.917,-1.2,-1,-12.6,12.6,0.0005,0
odysseus,head.pitch,5,-1.3,-1,-12.6,12.6,0.0005,0
odysseus,head.pitch,5.083,-1.4,-1,-12.6,12.6,0.0006,0
odysseus,head.pitch,5.167,-1.5,-1,-12.6,12.6,0.0006,0
odysseus,head.pitch,5.25,-1.6,-1,-12.6,12.6,0.0006,0
odysseus,head.pitch,5.333,-1.6,-1,-12.6,12.6,0.0007,0
odysseus,head.pitch,5.417,-1.7,-1,-12.6,12.6,0.0007,0
odysseus,head.pitch,5.5,-1.8,-0.9,-12.6,12.6,0.0007,0
odysseus,head.pitch,5.583,-1.9,-0.9,-12.6,12.6,0.0008,0
odysseus,head.pitch,5.667,-1.9,-0.8,-12.6,12.6,0.0008,0
odysseus,head.pitch,5.75,-2,-0.7,-12.6,12.6,0.0008,0
odysseus,head.pitch,5.833,-2,-0.6,-12.6,12.6,0.0008,0
odysseus,head.pitch,5.917,-2.1,-0.5,-12.6,12.6,0.0009,0
odysseus,head.pitch,6,1.5,42.5,-12.6,12.6,0.0008,0.001
odysseus,head.pitch,6.083,-0.1,-19,-12.6,12.6,0.0004,0
odysseus,head.pitch,6.167,-1.2,-13.5,-12.6,12.6,0.0005,0
odysseus,head.pitch,6.25,-1.9,-7.9,-12.6,12.6,0.0008,0
odysseus,head.pitch,6.333,-2.1,-2.3,-12.6,12.6,0.0009,0
odysseus,head.pitch,6.417,-2,0.6,-12.6,12.6,0.0009,0
odysseus,head.pitch,6.5,-2,0.8,-12.6,12.6,0.0008,0
odysseus,head.pitch,6.583,-1.9,1,-12.6,12.6,0.0008,0
odysseus,head.pitch,6.667,-1.8,1.1,-12.6,12.6,0.0007,0
odysseus,head.pitch,6.75,-1.7,1.2,-12.6,12.6,0.0007,0
odysseus,head.pitch,6.833,-1.6,1.3,-12.6,12.6,0.0007,0
odysseus,head.pitch,6.917,-1.5,1.3,-12.6,12.6,0.0006,0
odysseus,head.pitch,7,-1.4,1.4,-12.6,12.6,0.0006,0
odysseus,head.pitch,7.083,-1.3,1.3,-12.6,12.6,0.0005,0
odysseus,head.pitch,7.167,-1.2,1.3,-12.6,12.6,0.0005,0
odysseus,head.pitch,7.25,-1,1.2,-12.6,12.6,0.0004,0
odysseus,head.pitch,7.333,-1,1.1,-12.6,12.6,0.0004,0
odysseus,head.pitch,7.417,-0.9,1,-12.6,12.6,0.0004,0
odysseus,head.pitch,7.5,-0.8,0.8,-12.6,12.6,0.0003,0
odysseus,head.pitch,7.583,-0.8,0.6,-12.6,12.6,0.0003,0
odysseus,head.pitch,7.667,-0.7,0.4,-12.6,12.6,0.0003,0
odysseus,head.pitch,8,-0.8,-0.6,-12.6,12.6,0.0003,0
odysseus,head.pitch,8.083,-0.9,-0.8,-12.6,12.6,0.0004,0
odysseus,head.pitch,8.167,-1,-0.9,-12.6,12.6,0.0004,0
odysseus,head.pitch,8.25,-1,-1,-12.6,12.6,0.0004,0
odysseus,head.pitch,8.333,-1.1,-1,-12.6,12.6,0.0005,0
odysseus,head.pitch,8.417,-1.2,-1,-12.6,12.6,0.0005,0
odysseus,head.pitch,8.5,-1.3,-0.9,-12.6,12.6,0.0005,0
odysseus,head.pitch,8.583,2.2,42.1,-12.6,12.6,0.0011,0.002
odysseus,head.pitch,8.667,0.6,-19.4,-12.6,12.6,0.0006,0
odysseus,head.pitch,8.75,-0.6,-13.8,-12.6,12.6,0.0003,0
odysseus,head.pitch,8.833,-1.2,-8.2,-12.6,12.6,0.0005,0
odysseus,head.pitch,8.917,-1.2,1,-12.6,12.6,0.0005,0
odysseus,head.pitch,9,-0.5,8.4,-12.6,12.6,0.0002,0
odysseus,head.pitch,9.083,0.3,8.8,-12.6,12.6,0.0001,0
odysseus,head.pitch,9.167,0.7,5,-12.6,12.6,0.0003,0
odysseus,head.pitch,9.25,-0.5,-14.8,-12.6,12.6,0.0003,0
odysseus,head.pitch,9.333,-1.9,-15.8,-12.6,12.6,0.0008,0
odysseus,head.pitch,9.417,-0.3,18.9,-12.6,12.6,0.0003,0
odysseus,head.pitch,9.5,1.3,18.9,-12.6,12.6,0.0005,0
odysseus,head.pitch,9.583,0.5,-9.8,-12.6,12.6,0.0003,0
odysseus,head.pitch,9.667,-1,-18.2,-12.6,12.6,0.0005,0
odysseus,head.pitch,9.75,-1.9,-9.8,-12.6,12.6,0.0008,0
odysseus,head.pitch,9.833,-0.3,18.9,-12.6,12.6,0.0003,0
odysseus,head.pitch,9.917,1.3,18.9,-12.6,12.6,0.0005,0
odysseus,head.pitch,10,-0.3,-18.9,-12.6,12.6,0.0003,0
odysseus,head.pitch,10.083,-1.9,-18.9,-12.6,12.6,0.0008,0.001
odysseus,head.pitch,10.167,-0.3,18.9,-12.6,12.6,0.0003,0
odysseus,head.pitch,10.25,1.3,18.9,-12.6,12.6,0.0005,0
odysseus,head.pitch,10.333,-0.3,-18.9,-12.6,12.6,0.0003,0
odysseus,head.pitch,10.417,-1.9,-18.9,-12.6,12.6,0.0008,0.001
odysseus,head.pitch,10.5,-0.3,18.9,-12.6,12.6,0.0003,0
odysseus,head.pitch,10.583,1.3,18.9,-12.6,12.6,0.0005,0
odysseus,head.pitch,10.667,-1.9,-37.8,-12.6,12.6,0.001,0.001
odysseus,head.pitch,10.75,-0.3,18.9,-12.6,12.6,0.0004,0
odysseus,head.pitch,10.833,1.3,18.9,-12.6,12.6,0.0005,0
odysseus,head.pitch,10.917,0.5,-9.8,-12.6,12.6,0.0003,0
odysseus,head.pitch,11,-1,-18.2,-12.6,12.6,0.0005,0
odysseus,head.pitch,11.083,-1.9,-9.8,-12.6,12.6,0.0008,0
odysseus,head.pitch,11.167,1.6,41.8,-12.6,12.6,0.0009,0.001
odysseus,head.pitch,11.25,1.9,3.2,-12.6,12.6,0.001,0
odysseus,head.pitch,11.333,-0.8,-32,-12.6,12.6,0.0005,0.001
odysseus,head.pitch,11.417,-3.7,-35.5,-12.6,12.6,0.0015,0.002
odysseus,head.pitch,11.5,-3.8,-0.8,-12.6,12.6,0.0017,0
odysseus,head.pitch,11.583,-2.9,10.7,-12.6,12.6,0.0012,0
odysseus,head.pitch,11.667,-3,-0.9,-12.6,12.6,0.0013,0
odysseus,head.pitch,11.75,-3.4,-5.7,-12.6,12.6,0.0014,0
odysseus,head.pitch,11.833,-3.5,-0.9,-12.6,12.6,0.0015,0
odysseus,head.pitch,11.917,-3.2,3.9,-12.6,12.6,0.0013,0
odysseus,head.pitch,12,0.5,44.7,-12.6,12.6,0.0004,0.001
odysseus,head.pitch,12.083,-2,-30.7,-12.6,12.6,0.0012,0.001
odysseus,head.pitch,12.167,-3.5,-18.2,-12.6,12.6,0.0015,0.001
odysseus,head.pitch,12.25,-4,-5.9,-12.6,12.6,0.0017,0
odysseus,head.pitch,12.333,-3.9,1.2,-12.6,12.6,0.0016,0
odysseus,head.pitch,12.417,-3.7,2.5,-12.6,12.6,0.0015,0
odysseus,head.pitch,12.5,-3.5,3,-12.6,12.6,0.0014,0
odysseus,head.pitch,12.583,-3.3,2.5,-12.6,12.6,0.0013,0
odysseus,head.pitch,12.667,-3.2,1,-12.6,12.6,0.0013,0
odysseus,head.pitch,12.75,-2.8,4,-12.6,12.6,0.0012,0
odysseus,head.pitch,12.833,-0.7,25.3,-12.6,12.6,0.0004,0
odysseus,head.pitch,12.917,0.5,14.5,-12.6,12.6,0.0003,0
odysseus,head.pitch,13,0.9,5,-12.6,12.6,0.0004,0
odysseus,head.pitch,13.083,0.1,-9.4,-12.6,12.6,0.0001,0
odysseus,head.pitch,13.167,-1.4,-17.9,-12.6,12.6,0.0006,0
odysseus,head.pitch,13.25,-2.1,-8.2,-12.6,12.6,0.0009,0
odysseus,head.pitch,13.333,-1.8,2.9,-12.6,12.6,0.0008,0
odysseus,head.pitch,13.417,-1.6,3.2,-12.6,12.6,0.0006,0
odysseus,head.pitch,13.5,-1.3,3.3,-12.6,12.6,0.0005,0
odysseus,head.pitch,13.583,-1,3.3,-12.6,12.6,0.0004,0
odysseus,head.pitch,13.667,-0.8,3.2,-12.6,12.6,0.0003,0
odysseus,head.pitch,13.75,-0.5,2.9,-12.6,12.6,0.0002,0
odysseus,head.pitch,13.833,-0.3,2.5,-12.6,12.6,0.0001,0
odysseus,head.pitch,13.917,-0.1,1.9,-12.6,12.6,0.0001,0
odysseus,head.pitch,14,0,1.3,-12.6,12.6,0,0
odysseus,head.pitch,14.083,0,0.5,-12.6,12.6,0,0
odysseus,head.pitch,14.833,2.9,34.4,-12.6,12.6,0.0013,0.002
odysseus,head.pitch,14.917,1.6,-15,-12.6,12.6,0.0009,0
odysseus,head.pitch,15,0.7,-10.7,-12.6,12.6,0.0003,0
odysseus,head.pitch,15.083,0.2,-6.4,-12.6,12.6,0.0001,0
odysseus,head.pitch,15.167,0,-2.1,-12.6,12.6,0,0
odysseus,head.pitch,15.25,0,0,-12.6,12.6,0,0
odysseus,head.pitch,15.583,1.9,22.9,-12.6,12.6,0.0009,0.001
odysseus,head.pitch,15.667,3.1,13.8,-12.6,12.6,0.0013,0.001
odysseus,head.pitch,15.75,3.4,4.6,-12.6,12.6,0.0015,0
odysseus,head.pitch,15.833,2.5,-10.7,-12.6,12.6,0.0011,0
odysseus,head.pitch,15.917,0.9,-19.9,-12.6,12.6,0.0004,0
odysseus,head.pitch,16,0,-10.7,-12.6,12.6,0,0
odysseus,head.pitch,16.083,0,0,-12.6,12.6,0.0001,0
odysseus,head.pitch,17.25,2.9,34.4,-12.6,12.6,0.0013,0.002
odysseus,head.pitch,17.333,1.6,-15,-12.6,12.6,0.0009,0
odysseus,head.pitch,17.417,0.7,-10.7,-12.6,12.6,0.0003,0
odysseus,head.pitch,17.5,0.2,-6.4,-12.6,12.6,0.0001,0
odysseus,head.pitch,17.583,0,-2.1,-12.6,12.6,0,0
odysseus,head.pitch,17.667,0,0,-12.6,12.6,0,0
odysseus,head.pitch,18.333,-2,-24.1,-12.6,12.6,0.0009,0.001
odysseus,head.pitch,18.417,-0.6,16.5,-12.6,12.6,0.0005,0
odysseus,head.pitch,18.5,-0.2,5.5,-12.6,12.6,0.0001,0
odysseus,head.pitch,18.583,-0.6,-5.5,-12.6,12.6,0.0003,0
odysseus,head.pitch,18.667,-1.6,-11.5,-12.6,12.6,0.0007,0
odysseus,head.pitch,18.75,-2.4,-10.3,-12.6,12.6,0.001,0
odysseus,head.pitch,18.833,-2.6,-1.7,-12.6,12.6,0.0011,0
odysseus,head.pitch,18.917,-2.2,5.1,-12.6,12.6,0.0009,0
odysseus,head.pitch,19,-1.7,5.1,-12.6,12.6,0.0007,0
odysseus,head.pitch,19.083,-1.3,4.7,-12.6,12.6,0.0006,0
odysseus,head.pitch,19.167,-1,3.9,-12.6,12.6,0.0004,0
odysseus,head.pitch,19.25,-0.8,2.6,-12.6,12.6,0.0003,0
odysseus,head.pitch,19.333,-0.7,1,-12.6,12.6,0.0003,0
odysseus,head.pitch,19.417,-2.3,-19.3,-12.6,12.6,0.0011,0.001
odysseus,head.pitch,19.5,-1.4,11.3,-12.6,12.6,0.0007,0
odysseus,head.pitch,19.583,-0.6,9.9,-12.6,12.6,0.0002,0
odysseus,head.pitch,19.667,-0.1,5.2,-12.6,12.6,0.0001,0
odysseus,head.pitch,19.75,-0.9,-8.9,-12.6,12.6,0.0004,0
odysseus,head.pitch,19.833,-2.3,-17.1,-12.6,12.6,0.001,0.001
odysseus,head.pitch,19.917,-2.9,-7.2,-12.6,12.6,0.0012,0
odysseus,head.pitch,20,-2.6,4,-12.6,12.6,0.0011,0
odysseus,head.pitch,20.083,-2.2,4.4,-12.6,12.6,0.0009,0
odysseus,head.pitch,20.167,1.1,39,-12.6,12.6,0.0006,0.001
odysseus,head.pitch,20.25,0.2,-10.4,-12.6,12.6,0.0003,0
odysseus,head.pitch,20.333,-0.3,-6.3,-12.6,12.6,0.0002,0
odysseus,head.pitch,20.417,-0.5,-2.4,-12.6,12.6,0.0002,0
odysseus,head.pitch,20.5,-0.4,1.3,-12.6,12.6,0.0002,0
odysseus,head.pitch,20.583,-0.2,2.7,-12.6,12.6,0.0001,0
odysseus,head.pitch,20.667,-0.1,1.8,-12.6,12.6,0,0
odysseus,head.pitch,20.75,0,0.6,-12.6,12.6,0,0
odysseus,head.pitch,20.833,0,0,-12.6,12.6,0,0
odysseus,head.pitch,22.75,-1.9,-23.2,-12.6,12.6,0.0009,0.001
odysseus,head.pitch,22.833,0,23.2,-12.6,12.6,0.0002,0
odysseus,head.pitch,22.917,0.9,11.1,-12.6,12.6,0.0004,0
odysseus,head.pitch,23,0.6,-4.5,-12.6,12.6,0.0003,0
odysseus,head.pitch,23.083,-0.4,-11.5,-12.6,12.6,0.0002,0
odysseus,head.pitch,23.167,1.5,23.2,-12.6,12.6,0.0008,0.001
odysseus,head.pitch,23.25,0,-18.8,-12.6,12.6,0.0002,0
odysseus,head.pitch,23.333,-0.8,-8.7,-12.6,12.6,0.0004,0
odysseus,head.pitch,23.417,-1.2,-5.7,-12.6,12.6,0.0005,0
odysseus,head.pitch,23.5,-1.1,1.6,-12.6,12.6,0.0005,0
odysseus,head.pitch,23.583,-0.4,8.7,-12.6,12.6,0.0002,0
odysseus,head.pitch,23.667,0.4,9.6,-12.6,12.6,0.0002,0
odysseus,head.pitch,23.75,1,6.6,-12.6,12.6,0.0004,0
odysseus,head.pitch,23.833,0.6,-4.6,-12.6,12.6,0.0003,0
odysseus,head.pitch,23.917,-0.5,-13.1,-12.6,12.6,0.0002,0
odysseus,head.pitch,24,-1.1,-7.7,-12.6,12.6,0.0005,0
odysseus,head.pitch,24.083,0.4,18.9,-12.6,12.6,0.0003,0
odysseus,head.pitch,24.167,2,18.9,-12.6,12.6,0.0008,0.001
odysseus,head.pitch,24.25,0.4,-18.9,-12.6,12.6,0.0004,0
odysseus,head.pitch,24.333,-1.1,-18.9,-12.6,12.6,0.0005,0
odysseus,head.pitch,24.417,0.4,18.9,-12.6,12.6,0.0004,0
odysseus,head.pitch,24.5,2,18.9,-12.6,12.6,0.0008,0.001
odysseus,head.pitch,24.583,0.4,-18.9,-12.6,12.6,0.0004,0
odysseus,head.pitch,24.667,-1.1,-18.9,-12.6,12.6,0.0005,0
odysseus,head.pitch,24.75,0.4,18.9,-12.6,12.6,0.0004,0
odysseus,head.pitch,24.833,2,18.9,-12.6,12.6,0.0008,0.001
odysseus,head.pitch,24.917,0.4,-18.9,-12.6,12.6,0.0004,0
odysseus,head.pitch,25,-1.1,-18.9,-12.6,12.6,0.0005,0
odysseus,head.pitch,25.083,0.4,18.9,-12.6,12.6,0.0004,0
odysseus,head.pitch,25.167,2,18.9,-12.6,12.6,0.0008,0.001
odysseus,head.pitch,25.25,0.4,-18.9,-12.6,12.6,0.0004,0
odysseus,head.pitch,25.333,-1.1,-18.9,-12.6,12.6,0.0005,0
odysseus,head.pitch,25.417,0.4,18.9,-12.6,12.6,0.0004,0
odysseus,head.pitch,25.5,2,18.9,-12.6,12.6,0.0008,0.001
odysseus,head.pitch,25.583,0.4,-18.9,-12.6,12.6,0.0004,0
odysseus,head.pitch,25.667,-1.1,-18.9,-12.6,12.6,0.0005,0
odysseus,head.pitch,25.75,0.4,18.9,-12.6,12.6,0.0004,0
odysseus,head.pitch,25.833,2,18.9,-12.6,12.6,0.0008,0.001
odysseus,head.pitch,25.917,0.4,-18.9,-12.6,12.6,0.0004,0
odysseus,head.pitch,26,-1.1,-18.9,-12.6,12.6,0.0005,0
odysseus,head.pitch,26.083,0.4,18.9,-12.6,12.6,0.0004,0
odysseus,head.pitch,26.167,2,18.9,-12.6,12.6,0.0008,0.001
odysseus,head.pitch,26.25,1.2,-9.8,-12.6,12.6,0.0006,0
odysseus,head.pitch,26.333,-0.3,-18.2,-12.6,12.6,0.0002,0
odysseus,head.pitch,26.417,-1.1,-9.8,-12.6,12.6,0.0005,0
odysseus,head.pitch,26.5,-0.1,12,-12.6,12.6,0.0002,0
odysseus,head.pitch,26.583,0.9,12,-12.6,12.6,0.0004,0
odysseus,head.pitch,26.667,0.8,-0.4,-12.6,12.6,0.0004,0
odysseus,head.pitch,26.75,0.7,-1.2,-12.6,12.6,0.0003,0
odysseus,head.pitch,26.833,3.5,32.7,-12.6,12.6,0.0016,0.002
odysseus,head.pitch,26.917,2,-16.9,-12.6,12.6,0.0011,0.001
odysseus,head.pitch,27,1,-12.6,-12.6,12.6,0.0004,0
odysseus,head.pitch,27.083,0.3,-8.1,-12.6,12.6,0.0002,0
odysseus,head.pitch,27.167,0,-3.3,-12.6,12.6,0,0
odysseus,head.pitch,27.25,0,-0.4,-12.6,12.6,0,0
odysseus,head.pitch,29.167,2.9,34.4,-12.6,12.6,0.0013,0.002
odysseus,head.pitch,29.25,1.3,-19.1,-12.6,12.6,0.0008,0.001
odysseus,head.pitch,29.333,0.3,-11.5,-12.6,12.6,0.0002,0
odysseus,head.pitch,29.417,0,-3.8,-12.6,12.6,0,0
odysseus,head.pitch,29.5,0,0,-12.6,12.6,0,0
odysseus,head.pitch,32.25,2.9,34.4,-12.6,12.6,0.0013,0.002
odysseus,head.pitch,32.333,1.6,-15,-12.6,12.6,0.0009,0
odysseus,head.pitch,32.417,0.7,-10.7,-12.6,12.6,0.0003,0
odysseus,head.pitch,32.5,0.2,-6.4,-12.6,12.6,0.0001,0
odysseus,head.pitch,32.583,0,-2.1,-12.6,12.6,0,0
odysseus,head.pitch,32.667,0,0,-12.6,12.6,0,0
odysseus,head.pitch,35.167,2.9,34.4,-12.6,12.6,0.0013,0.002
odysseus,head.pitch,35.25,1.6,-15,-12.6,12.6,0.0009,0
odysseus,head.pitch,35.333,0.7,-10.7,-12.6,12.6,0.0003,0
odysseus,head.pitch,35.417,0.2,-6.4,-12.6,12.6,0.0001,0
odysseus,head.pitch,35.5,0,-2.1,-12.6,12.6,0,0
odysseus,head.pitch,35.583,0,0,-12.6,12.6,0,0
odysseus,head.pitch,37.667,2.9,34.4,-12.6,12.6,0.0013,0.002
odysseus,head.pitch,37.75,1.3,-19.1,-12.6,12.6,0.0008,0.001
odysseus,head.pitch,37.833,0.3,-11.5,-12.6,12.6,0.0002,0
odysseus,head.pitch,37.917,0,-3.8,-12.6,12.6,0,0
odysseus,head.pitch,38,0,0,-12.6,12.6,0,0
odysseus,head.pitch,40.083,2.9,34.4,-12.6,12.6,0.0013,0.002
odysseus,head.pitch,40.167,1.6,-15,-12.6,12.6,0.0009,0
odysseus,head.pitch,40.25,0.7,-10.7,-12.6,12.6,0.0003,0
odysseus,head.pitch,40.333,0.2,-6.4,-12.6,12.6,0.0001,0
odysseus,head.pitch,40.417,0.2,0.4,-12.6,12.6,0.0001,0
odysseus,head.pitch,40.5,0.7,5.5,-12.6,12.6,0.0003,0
odysseus,head.pitch,40.583,1.1,5.5,-12.6,12.6,0.0005,0
odysseus,head.pitch,40.667,1.3,2.5,-12.6,12.6,0.0006,0
odysseus,head.pitch,40.75,0.1,-14.9,-12.6,12.6,0.0001,0
odysseus,head.pitch,40.833,-1.1,-14.9,-12.6,12.6,0.0005,0
odysseus,head.pitch,40.917,-0.3,9.8,-12.6,12.6,0.0003,0
odysseus,head.pitch,41,1.2,18.2,-12.6,12.6,0.0005,0
odysseus,head.pitch,41.083,2,9.8,-12.6,12.6,0.0009,0
odysseus,head.pitch,41.167,0.4,-18.9,-12.6,12.6,0.0003,0
odysseus,head.pitch,41.25,-1.1,-18.9,-12.6,12.6,0.0005,0
odysseus,head.pitch,41.333,0.4,18.9,-12.6,12.6,0.0004,0
odysseus,head.pitch,41.417,2,18.9,-12.6,12.6,0.0008,0.001
odysseus,head.pitch,41.5,0.4,-18.9,-12.6,12.6,0.0004,0
odysseus,head.pitch,41.583,-1.1,-18.9,-12.6,12.6,0.0005,0
odysseus,head.pitch,41.667,0.4,18.9,-12.6,12.6,0.0004,0
odysseus,head.pitch,41.75,2,18.9,-12.6,12.6,0.0008,0.001
odysseus,head.pitch,41.833,0.4,-18.9,-12.6,12.6,0.0004,0
odysseus,head.pitch,41.917,-1.1,-18.9,-12.6,12.6,0.0005,0
odysseus,head.pitch,42,0.4,18.9,-12.6,12.6,0.0004,0
odysseus,head.pitch,42.083,2,18.9,-12.6,12.6,0.0008,0.001
odysseus,head.pitch,42.167,0.4,-18.9,-12.6,12.6,0.0004,0
odysseus,head.pitch,42.25,-1.1,-18.9,-12.6,12.6,0.0005,0
odysseus,head.pitch,42.333,0.4,18.9,-12.6,12.6,0.0004,0
odysseus,head.pitch,42.417,2,18.9,-12.6,12.6,0.0008,0.001
odysseus,head.pitch,42.5,0.4,-18.9,-12.6,12.6,0.0004,0
odysseus,head.pitch,42.583,-1.1,-18.9,-12.6,12.6,0.0005,0
odysseus,head.pitch,42.667,0.9,24.8,-12.6,12.6,0.0006,0.001
odysseus,head.pitch,42.75,3.8,34.5,-12.6,12.6,0.0016,0.002
odysseus,head.pitch,42.833,4.1,3.1,-12.6,12.6,0.0018,0
odysseus,head.pitch,42.917,4.6,6.3,-12.6,12.6,0.0019,0
odysseus,head.pitch,43,8.3,44.2,-12.6,12.6,0.0036,0.006
odysseus,head.pitch,43.083,11.7,40.9,-12.6,12.6,0.0048,0.007
odysseus,head.pitch,43.167,11.4,-3.3,-12.6,12.6,0.0049,0.001
odysseus,head.pitch,43.25,10.3,-13,-12.6,12.6,0.0043,0.002
odysseus,head.pitch,43.333,10.8,6.1,-12.6,12.6,0.0045,0.001
odysseus,head.pitch,43.417,11.8,11.3,-12.6,12.6,0.0048,0.002
odysseus,head.pitch,43.5,12.3,6,-12.6,12.6,0.005,0.001
odysseus,head.pitch,43.583,12.2,-0.7,-12.6,12.6,0.005,0
odysseus,head.pitch,43.667,12.1,-1.6,-12.6,12.6,0.0049,0
odysseus,head.pitch,43.75,12.6,6.4,-12.6,12.6,0.0052,0.001
odysseus,head.pitch,43.833,8.3,-51.8,-12.6,12.6,0.0037,0.007
odysseus,head.pitch,43.917,3.6,-56,-12.6,12.6,0.0015,0.003
odysseus,head.pitch,44,0.8,-34,-12.6,12.6,0.0004,0.001
odysseus,head.pitch,44.083,-0.2,-11.7,-12.6,12.6,0.0002,0
odysseus,head.pitch,44.167,-0.2,-0.5,-12.6,12.6,0.0002,0
odysseus,head.pitch,44.25,-0.3,-0.5,-12.6,12.6,0.0001,0
odysseus,head.pitch,44.333,-0.3,-0.6,-12.6,12.6,0.0001,0
odysseus,head.pitch,44.417,-0.4,-0.6,-12.6,12.6,0.0002,0
odysseus,head.pitch,44.5,-0.4,-0.6,-12.6,12.6,0.0002,0
odysseus,head.pitch,44.583,-0.5,-0.7,-12.6,12.6,0.0002,0
odysseus,head.pitch,44.667,-0.5,-0.7,-12.6,12.6,0.0002,0
odysseus,head.pitch,44.75,-0.6,-0.7,-12.6,12.6,0.0002,0
odysseus,head.pitch,44.833,-0.7,-0.8,-12.6,12.6,0.0003,0
odysseus,head.pitch,44.917,-0.7,-0.8,-12.6,12.6,0.0003,0
odysseus,head.pitch,45,-0.8,-0.8,-12.6,12.6,0.0003,0
odysseus,head.pitch,45.083,-0.9,-0.9,-12.6,12.6,0.0004,0
odysseus,head.pitch,45.167,-0.9,-0.9,-12.6,12.6,0.0004,0
odysseus,head.pitch,45.25,-1,-0.9,-12.6,12.6,0.0004,0
odysseus,head.pitch,45.333,-1.1,-1,-12.6,12.6,0.0005,0
odysseus,head.pitch,45.417,-1.2,-1,-12.6,12.6,0.0005,0
odysseus,head.pitch,45.5,-1.3,-1,-12.6,12.6,0.0005,0
odysseus,head.pitch,45.583,-1.4,-1.1,-12.6,12.6,0.0006,0
odysseus,head.pitch,45.667,-1.5,-1.1,-12.6,12.6,0.0006,0
odysseus,head.pitch,45.75,-1.5,-1.1,-12.6,12.6,0.0006,0
odysseus,head.pitch,45.833,-1.6,-1.1,-12.6,12.6,0.0007,0
odysseus,head.pitch,45.917,-1.7,-1.2,-12.6,12.6,0.0007,0
odysseus,head.pitch,46,-1.8,-1.2,-12.6,12.6,0.0008,0
odysseus,head.pitch,46.083,12.4,170.7,-12.6,12.6,0.0059,0.035
odysseus,head.pitch,46.167,6,-76.4,-12.6,12.6,0.0037,0.01
odysseus,head.pitch,46.25,1.4,-55,-12.6,12.6,0.0007,0.001
odysseus,head.pitch,46.333,-1.4,-33.5,-12.6,12.6,0.0007,0.001
odysseus,head.pitch,46.417,-2.4,-12,-12.6,12.6,0.0011,0
odysseus,head.pitch,46.5,-2.5,-1.3,-12.6,12.6,0.0011,0
odysseus,head.pitch,46.583,-2.6,-1.3,-12.6,12.6,0.0011,0
odysseus,head.pitch,46.667,-2.7,-1.4,-12.6,12.6,0.0011,0
odysseus,head.pitch,46.75,-2.8,-1.4,-12.6,12.6,0.0012,0
odysseus,head.pitch,46.833,-2.9,-1.4,-12.6,12.6,0.0012,0
odysseus,head.pitch,46.917,-3,-1.4,-12.6,12.6,0.0013,0
odysseus,head.pitch,47,-3.2,-1.4,-12.6,12.6,0.0013,0
odysseus,head.pitch,47.083,-3.3,-1.4,-12.6,12.6,0.0014,0
odysseus,head.pitch,47.167,-3.4,-1.5,-12.6,12.6,0.0014,0
odysseus,head.pitch,47.25,-3.5,-1.5,-12.6,12.6,0.0015,0
odysseus,head.pitch,47.333,-3.7,-1.5,-12.6,12.6,0.0015,0
odysseus,head.pitch,47.417,-3.8,-1.5,-12.6,12.6,0.0016,0
odysseus,head.pitch,47.5,-3.9,-1.5,-12.6,12.6,0.0016,0
odysseus,head.pitch,47.583,-4,-1.5,-12.6,12.6,0.0017,0
odysseus,head.pitch,47.667,-4.2,-1.5,-12.6,12.6,0.0017,0
odysseus,head.pitch,47.75,-4.3,-1.5,-12.6,12.6,0.0018,0
odysseus,head.pitch,47.833,-4.4,-1.5,-12.6,12.6,0.0018,0
odysseus,head.pitch,47.917,-4.5,-1.6,-12.6,12.6,0.0019,0
odysseus,head.pitch,48,-4.7,-1.6,-12.6,12.6,0.0019,0
odysseus,head.pitch,48.083,-4.8,-1.6,-12.6,12.6,0.002,0
odysseus,head.pitch,48.167,-4.9,-1.6,-12.6,12.6,0.002,0
odysseus,head.pitch,48.25,-5.1,-1.6,-12.6,12.6,0.0021,0
odysseus,head.pitch,48.333,-5.2,-1.6,-12.6,12.6,0.0021,0
odysseus,head.pitch,48.417,-5.3,-1.6,-12.6,12.6,0.0022,0
odysseus,head.pitch,48.5,-5.5,-1.6,-12.6,12.6,0.0022,0
odysseus,head.pitch,48.583,-5.6,-1.6,-12.6,12.6,0.0023,0
odysseus,head.pitch,48.667,-5.7,-1.6,-12.6,12.6,0.0024,0
odysseus,head.pitch,48.75,-5.9,-1.6,-12.6,12.6,0.0024,0
odysseus,head.pitch,48.833,8.3,170.3,-12.6,12.6,0.0043,0.025
odysseus,head.pitch,48.917,3,-63.5,-12.6,12.6,0.0024,0.005
odysseus,head.pitch,49,-1.1,-49.7,-12.6,12.6,0.0005,0.001
odysseus,head.pitch,49.083,-4.1,-36,-12.6,12.6,0.0018,0.002
odysseus,head.pitch,49.167,-5.9,-22.2,-12.6,12.6,0.0025,0.002
odysseus,head.pitch,49.25,-6.7,-8.4,-12.6,12.6,0.0028,0.001
odysseus,head.pitch,49.333,-6.8,-1.6,-12.6,12.6,0.0028,0
odysseus,head.pitch,49.417,-6.9,-1.6,-12.6,12.6,0.0028,0
odysseus,head.pitch,49.5,-7,-1.6,-12.6,12.6,0.0029,0
odysseus,head.pitch,49.583,-7.2,-1.5,-12.6,12.6,0.0029,0
odysseus,head.pitch,49.667,-7.3,-1.5,-12.6,12.6,0.003,0
odysseus,head.pitch,49.75,-7.4,-1.5,-12.6,12.6,0.003,0
odysseus,head.pitch,49.833,-7.6,-1.5,-12.6,12.6,0.0031,0
odysseus,head.pitch,49.917,-7.7,-1.5,-12.6,12.6,0.0031,0
odysseus,head.pitch,50,-7.8,-1.5,-12.6,12.6,0.0032,0
odysseus,head.pitch,50.083,-7.9,-1.5,-12.6,12.6,0.0032,0
odysseus,head.pitch,50.167,-8,-1.5,-12.6,12.6,0.0033,0
odysseus,head.pitch,50.25,-8.2,-1.5,-12.6,12.6,0.0033,0
odysseus,head.pitch,50.333,-8.3,-1.4,-12.6,12.6,0.0034,0
odysseus,head.pitch,50.417,-8.4,-1.4,-12.6,12.6,0.0034,0
odysseus,head.pitch,50.5,-8.5,-1.4,-12.6,12.6,0.0035,0
odysseus,head.pitch,50.583,-8.6,-1.4,-12.6,12.6,0.0035,0
odysseus,head.pitch,50.667,-8.8,-1.4,-12.6,12.6,0.0036,0
odysseus,head.pitch,50.75,-8.9,-1.4,-12.6,12.6,0.0036,0
odysseus,head.pitch,50.833,-9,-1.3,-12.6,12.6,0.0037,0
odysseus,head.pitch,50.917,-9.1,-1.3,-12.6,12.6,0.0037,0
odysseus,head.pitch,51,-9.2,-1.3,-12.6,12.6,0.0038,0
odysseus,head.pitch,51.083,-9.3,-1.3,-12.6,12.6,0.0038,0
odysseus,head.pitch,51.167,-9.4,-1.3,-12.6,12.6,0.0039,0
odysseus,head.pitch,51.25,4.8,170.7,-12.6,12.6,0.0028,0.017
odysseus,head.pitch,51.333,-0.5,-63.1,-12.6,12.6,0.0014,0.003
odysseus,head.pitch,51.417,-4.6,-49.3,-12.6,12.6,0.0019,0.003
odysseus,head.pitch,51.5,-7.5,-35.5,-12.6,12.6,0.0032,0.004
odysseus,head.pitch,51.583,-9.3,-21.8,-12.6,12.6,0.0039,0.003
odysseus,head.pitch,51.667,-10,-8,-12.6,12.6,0.0042,0.001
odysseus,head.pitch,51.75,-10.1,-1.1,-12.6,12.6,0.0042,0
odysseus,head.pitch,51.833,-10.2,-1.1,-12.6,12.6,0.0042,0
odysseus,head.pitch,51.917,-10.3,-1,-12.6,12.6,0.0042,0
odysseus,head.pitch,52,-10.4,-1,-12.6,12.6,0.0042,0
odysseus,head.pitch,52.083,-10.4,-1,-12.6,12.6,0.0043,0
odysseus,head.pitch,52.167,-10.5,-0.9,-12.6,12.6,0.0043,0
odysseus,head.pitch,52.25,-10.6,-0.9,-12.6,12.6,0.0043,0
odysseus,head.pitch,52.333,-10.7,-0.9,-12.6,12.6,0.0044,0
odysseus,head.pitch,52.417,-10.7,-0.8,-12.6,12.6,0.0044,0
odysseus,head.pitch,52.5,-10.8,-0.8,-12.6,12.6,0.0044,0
odysseus,head.pitch,52.583,-10.9,-0.8,-12.6,12.6,0.0044,0
odysseus,head.pitch,52.667,-10.9,-0.7,-12.6,12.6,0.0045,0
odysseus,head.pitch,52.75,-11,-0.7,-12.6,12.6,0.0045,0
odysseus,head.pitch,52.833,-11,-0.7,-12.6,12.6,0.0045,0
odysseus,head.pitch,52.917,-11.1,-0.6,-12.6,12.6,0.0045,0
odysseus,head.pitch,53,-11.1,-0.6,-12.6,12.6,0.0045,0
odysseus,head.pitch,53.083,-11.2,-0.6,-12.6,12.6,0.0046,0
odysseus,head.pitch,53.167,-11.2,-0.5,-12.6,12.6,0.0046,0
odysseus,head.pitch,53.25,-11.3,-0.5,-12.6,12.6,0.0046,0
odysseus,head.pitch,53.417,-11.3,-0.4,-12.6,12.6,0.0046,0
odysseus,arm.R.pitch,0,-22.9,0,-183.3,60.2,0.0115,0
odysseus,arm.R.pitch,8.917,-25.3,-28.5,-183.3,60.2,0.0129,0.013
odysseus,arm.R.pitch,9,-34.3,-108.2,-183.3,60.2,0.0176,0.067
odysseus,arm.R.pitch,9.083,-43.6,-111.6,-183.3,60.2,0.0203,0.08
odysseus,arm.R.pitch,9.167,-41.7,22.6,-183.3,60.2,0.0213,0.018
odysseus,arm.R.pitch,9.25,-27.9,165.5,-183.3,60.2,0.0156,0.091
odysseus,arm.R.pitch,9.333,-13,179.4,-183.3,60.2,0.0068,0.043
odysseus,arm.R.pitch,9.417,-4.8,97.8,-183.3,60.2,0.0035,0.012
odysseus,arm.R.pitch,9.5,-8.8,-47.5,-183.3,60.2,0.0063,0.011
odysseus,arm.R.pitch,9.583,-24.6,-189.7,-183.3,60.2,0.014,0.093
odysseus,arm.R.pitch,9.667,-45.7,-252.7,-183.3,60.2,0.0218,0.194
odysseus,arm.R.pitch,9.75,-61.9,-194.7,-183.3,60.2,0.0267,0.183
odysseus,arm.R.pitch,9.833,-65.2,-39.8,-183.3,60.2,0.0287,0.042
odysseus,arm.R.pitch,9.917,-54.6,126.8,-183.3,60.2,0.0261,0.117
odysseus,arm.R.pitch,10,-37.5,205.6,-183.3,60.2,0.0189,0.136
odysseus,arm.R.pitch,10.083,-25.5,143.7,-183.3,60.2,0.0135,0.068
odysseus,arm.R.pitch,10.167,-27.7,-26.7,-183.3,60.2,0.0158,0.015
odysseus,arm.R.pitch,10.25,-44.7,-203.5,-183.3,60.2,0.0229,0.164
odysseus,arm.R.pitch,10.333,-67.8,-277,-183.3,60.2,0.0282,0.274
odysseus,arm.R.pitch,10.417,-84.5,-200.7,-183.3,60.2,0.0303,0.214
odysseus,arm.R.pitch,10.5,-86.3,-22.1,-183.3,60.2,0.0316,0.026
odysseus,arm.R.pitch,10.583,-74,148,-183.3,60.2,0.0304,0.159
odysseus,arm.R.pitch,10.667,-56.8,206.1,-183.3,60.2,0.0254,0.184
odysseus,arm.R.pitch,10.75,-46.8,120.9,-183.3,60.2,0.0225,0.096
odysseus,arm.R.pitch,10.833,-51.1,-51.4,-183.3,60.2,0.0251,0.046
odysseus,arm.R.pitch,10.917,-68.3,-206.4,-183.3,60.2,0.0293,0.213
odysseus,arm.R.pitch,11,-89.7,-257.2,-183.3,60.2,0.0301,0.272
odysseus,arm.R.pitch,11.083,-104.9,-182.2,-183.3,60.2,0.0294,0.189
odysseus,arm.R.pitch,11.167,-107.4,-29.8,-183.3,60.2,0.03,0.033
odysseus,arm.R.pitch,11.25,-90.5,201.8,-183.3,60.2,0.0323,0.23
odysseus,arm.R.pitch,11.333,-72.5,216.3,-183.3,60.2,0.0283,0.215
odysseus,arm.R.pitch,11.417,-139.7,-806.7,-183.3,60.2,0.0319,0.9
odysseus,arm.R.pitch,11.5,-164.3,-294.9,-183.3,60.2,0.0144,0.149
odysseus,arm.R.pitch,11.583,-174.2,-118.4,-183.3,60.2,0.0052,0.022
odysseus,arm.R.pitch,11.667,-181.6,-88.8,-183.3,60.2,0.0012,0.004
odysseus,arm.R.pitch,11.75,-183.3,-21.3,-183.3,60.2,0.0026,0.002
odysseus,arm.R.pitch,11.833,-178.6,56.4,-183.3,60.2,0.0017,0.003
odysseus,arm.R.pitch,11.917,-173.4,62.4,-183.3,60.2,0.0034,0.008
odysseus,arm.R.pitch,12,-171.1,28.4,-183.3,60.2,0.005,0.005
odysseus,arm.R.pitch,12.083,-105.1,792.1,-183.3,60.2,0.038,1.054
odysseus,arm.R.pitch,12.167,-83.1,264,-183.3,60.2,0.0359,0.333
odysseus,arm.R.pitch,12.25,-156.3,-879.2,-183.3,60.2,0.0262,0.805
odysseus,arm.R.pitch,12.333,-182.3,-312,-183.3,60.2,0.0083,0.091
odysseus,arm.R.pitch,12.417,-182.3,0,-183.3,60.2,0.0051,0
odysseus,arm.R.pitch,12.5,-177.6,56.7,-183.3,60.2,0.0019,0.004
odysseus,arm.R.pitch,12.583,-175.5,25.8,-183.3,60.2,0.0027,0.002
odysseus,arm.R.pitch,12.667,-173.3,25.8,-183.3,60.2,0.0034,0.003
odysseus,arm.R.pitch,12.75,-106.3,804.4,-183.3,60.2,0.038,1.071
odysseus,arm.R.pitch,12.833,-83.9,268.1,-183.3,60.2,0.036,0.34
odysseus,arm.R.pitch,12.917,-108.8,-297.8,-183.3,60.2,0.035,0.366
odysseus,arm.R.pitch,13,-126.5,-212.7,-183.3,60.2,0.0247,0.185
odysseus,arm.R.pitch,13.083,-137.1,-127.6,-183.3,60.2,0.0211,0.095
odysseus,arm.R.pitch,13.167,-140.7,-42.5,-183.3,60.2,0.0197,0.03
odysseus,arm.R.pitch,13.25,-138.7,23.5,-183.3,60.2,0.0203,0.017
odysseus,arm.R.pitch,13.333,-136.7,23.5,-183.3,60.2,0.0202,0.017
odysseus,arm.R.pitch,13.417,-134.8,23.5,-183.3,60.2,0.0209,0.018
odysseus,arm.R.pitch,13.5,-132.8,23.5,-183.3,60.2,0.0216,0.019
odysseus,arm.R.pitch,13.583,-130.9,23.5,-183.3,60.2,0.0223,0.019
odysseus,arm.R.pitch,13.667,-128,34.8,-183.3,60.2,0.0233,0.029
odysseus,arm.R.pitch,13.75,-120.7,87.1,-183.3,60.2,0.026,0.08
odysseus,arm.R.pitch,13.833,-111.3,113.2,-183.3,60.2,0.0278,0.111
odysseus,arm.R.pitch,13.917,-101.8,113.2,-183.3,60.2,0.0288,0.115
odysseus,arm.R.pitch,14,-94.6,87.1,-183.3,60.2,0.0297,0.092
odysseus,arm.R.pitch,14.083,-91.7,34.8,-183.3,60.2,0.0301,0.038
odysseus,arm.R.pitch,14.167,-91.7,0,-183.3,60.2,0.0299,0.002
odysseus,arm.R.pitch,18.333,-85.9,69.6,-183.3,60.2,0.0302,0.075
odysseus,arm.R.pitch,18.417,-83.9,23.2,-183.3,60.2,0.0298,0.026
odysseus,arm.R.pitch,18.5,-149.9,-791.3,-183.3,60.2,0.025,0.692
odysseus,arm.R.pitch,18.583,-173.3,-280.8,-183.3,60.2,0.0099,0.097
odysseus,arm.R.pitch,18.667,-173.3,0,-183.3,60.2,0.007,0
odysseus,arm.R.pitch,18.75,-169,51.1,-183.3,60.2,0.0062,0.011
odysseus,arm.R.pitch,18.833,-165.9,37.1,-183.3,60.2,0.0073,0.01
odysseus,arm.R.pitch,18.917,-162.8,37.1,-183.3,60.2,0.0087,0.011
odysseus,arm.R.pitch,19,-159.7,37.1,-183.3,60.2,0.0102,0.013
odysseus,arm.R.pitch,19.083,-156.6,37.1,-183.3,60.2,0.0117,0.015
odysseus,arm.R.pitch,19.167,-153.6,37.1,-183.3,60.2,0.0131,0.017
odysseus,arm.R.pitch,19.25,-145.5,96.3,-183.3,60.2,0.0174,0.059
odysseus,arm.R.pitch,19.333,-137.5,96.3,-183.3,60.2,0.0199,0.068
odysseus,arm.R.pitch,19.417,-97.3,482.1,-183.3,60.2,0.034,0.575
odysseus,arm.R.pitch,19.5,-83.9,160.7,-183.3,60.2,0.0333,0.189
odysseus,arm.R.pitch,19.583,-149.9,-791.3,-183.3,60.2,0.0267,0.74
odysseus,arm.R.pitch,19.667,-173.3,-280.8,-183.3,60.2,0.0099,0.097
odysseus,arm.R.pitch,19.75,-173.3,0,-183.3,60.2,0.007,0
odysseus,arm.R.pitch,19.833,-169,51.1,-183.3,60.2,0.0062,0.011
odysseus,arm.R.pitch,19.917,-165.9,37.1,-183.3,60.2,0.0073,0.01
odysseus,arm.R.pitch,20,-162.8,37.1,-183.3,60.2,0.0087,0.011
odysseus,arm.R.pitch,20.083,-159.7,37.1,-183.3,60.2,0.0102,0.013
odysseus,arm.R.pitch,20.167,-156.6,37.1,-183.3,60.2,0.0117,0.015
odysseus,arm.R.pitch,20.25,-153.6,37.1,-183.3,60.2,0.0131,0.017
odysseus,arm.R.pitch,20.333,-149,55,-183.3,60.2,0.0154,0.03
odysseus,arm.R.pitch,20.417,-137.5,137.5,-183.3,60.2,0.0209,0.101
odysseus,arm.R.pitch,20.5,-122.6,178.8,-183.3,60.2,0.0253,0.159
odysseus,arm.R.pitch,20.583,-107.7,178.8,-183.3,60.2,0.028,0.177
odysseus,arm.R.pitch,20.667,-96.3,137.5,-183.3,60.2,0.0298,0.145
odysseus,arm.R.pitch,20.75,-91.7,55,-183.3,60.2,0.0305,0.06
odysseus,arm.R.pitch,20.833,-91.7,0,-183.3,60.2,0.0301,0.002
odysseus,arm.R.pitch,22.75,-85.9,69.6,-183.3,60.2,0.0302,0.075
odysseus,arm.R.pitch,22.833,-83.9,23.2,-183.3,60.2,0.0298,0.026
odysseus,arm.R.pitch,22.917,-108.8,-297.8,-183.3,60.2,0.0319,0.334
odysseus,arm.R.pitch,23,-126.5,-212.7,-183.3,60.2,0.0247,0.185
odysseus,arm.R.pitch,23.083,-137.1,-127.6,-183.3,60.2,0.0211,0.095
odysseus,arm.R.pitch,23.167,-140.7,-42.5,-183.3,60.2,0.0197,0.03
odysseus,arm.R.pitch,23.25,-139.1,18.3,-183.3,60.2,0.02,0.014
odysseus,arm.R.pitch,23.333,-136.3,34,-183.3,60.2,0.0205,0.025
odysseus,arm.R.pitch,23.417,-134.8,18.3,-183.3,60.2,0.0211,0.014
odysseus,arm.R.pitch,23.5,-131.8,35.2,-183.3,60.2,0.0221,0.028
odysseus,arm.R.pitch,23.583,-128.1,44.6,-183.3,60.2,0.0233,0.037
odysseus,arm.R.pitch,23.667,-126.3,22.3,-183.3,60.2,0.024,0.02
odysseus,arm.R.pitch,23.75,-119.9,76.4,-183.3,60.2,0.0262,0.071
odysseus,arm.R.pitch,23.833,-103.1,201.6,-183.3,60.2,0.0302,0.215
odysseus,arm.R.pitch,23.917,-82.5,247.8,-183.3,60.2,0.0298,0.259
odysseus,arm.R.pitch,24,-66.9,186.3,-183.3,60.2,0.0279,0.183
odysseus,arm.R.pitch,24.083,-60.3,79.3,-183.3,60.2,0.0269,0.076
odysseus,arm.R.pitch,24.167,-65.9,-66.6,-183.3,60.2,0.0287,0.068
odysseus,arm.R.pitch,24.25,-80.9,-179.7,-183.3,60.2,0.0305,0.193
odysseus,arm.R.pitch,24.333,-97.2,-195.5,-183.3,60.2,0.0294,0.202
odysseus,arm.R.pitch,24.417,-105.1,-95.5,-183.3,60.2,0.0297,0.101
odysseus,arm.R.pitch,24.5,-99,73.7,-183.3,60.2,0.0312,0.082
odysseus,arm.R.pitch,24.583,-80.6,219.9,-183.3,60.2,0.0309,0.239
odysseus,arm.R.pitch,24.667,-59.3,255.9,-183.3,60.2,0.0258,0.231
odysseus,arm.R.pitch,24.75,-46.4,155.1,-183.3,60.2,0.0226,0.123
odysseus,arm.R.pitch,24.833,-48.6,-26.4,-183.3,60.2,0.0244,0.024
odysseus,arm.R.pitch,24.917,-63.6,-179.6,-183.3,60.2,0.0283,0.179
odysseus,arm.R.pitch,25,-80.9,-208.7,-183.3,60.2,0.0294,0.216
odysseus,arm.R.pitch,25.083,-88.7,-93.4,-183.3,60.2,0.0309,0.103
odysseus,arm.R.pitch,25.167,-80.7,95.9,-183.3,60.2,0.0314,0.107
odysseus,arm.R.pitch,25.25,-60.6,241.7,-183.3,60.2,0.0275,0.233
odysseus,arm.R.pitch,25.333,-39.4,254.5,-183.3,60.2,0.0188,0.168
odysseus,arm.R.pitch,25.417,-28.7,128.2,-183.3,60.2,0.0157,0.071
odysseus,arm.R.pitch,25.5,-33.5,-57.7,-183.3,60.2,0.0186,0.038
odysseus,arm.R.pitch,25.583,-49.4,-191.2,-183.3,60.2,0.024,0.162
odysseus,arm.R.pitch,25.667,-65.8,-196.6,-183.3,60.2,0.0269,0.186
odysseus,arm.R.pitch,25.75,-76.2,-124.5,-183.3,60.2,0.0295,0.13
odysseus,arm.R.pitch,25.833,-77.9,-20.1,-183.3,60.2,0.0301,0.023
odysseus,arm.R.pitch,25.917,-71,82.7,-183.3,60.2,0.0291,0.086
odysseus,arm.R.pitch,26,-60.9,121.1,-183.3,60.2,0.0262,0.112
odysseus,arm.R.pitch,26.083,-53,95.2,-183.3,60.2,0.0238,0.08
odysseus,arm.R.pitch,26.167,-48.7,51.3,-183.3,60.2,0.0227,0.042
odysseus,arm.R.pitch,26.25,-48.7,-0.7,-183.3,60.2,0.0228,0.002
odysseus,arm.R.pitch,26.333,-51.3,-31.1,-183.3,60.2,0.0234,0.026
odysseus,arm.R.pitch,26.417,-50.5,9.6,-183.3,60.2,0.0232,0.009
odysseus,arm.R.pitch,26.5,-43.5,84.3,-183.3,60.2,0.0212,0.063
odysseus,arm.R.pitch,26.583,-46.9,-40.9,-183.3,60.2,0.0231,0.034
odysseus,arm.R.pitch,26.667,-51.6,-56.6,-183.3,60.2,0.0233,0.047
odysseus,arm.R.pitch,26.75,-59.5,-93.7,-183.3,60.2,0.0258,0.086
odysseus,arm.R.pitch,26.833,-66,-78.9,-183.3,60.2,0.0271,0.076
odysseus,arm.R.pitch,26.917,-70.7,-56.4,-183.3,60.2,0.0281,0.057
odysseus,arm.R.pitch,27,-73.5,-33.8,-183.3,60.2,0.0285,0.035
odysseus,arm.R.pitch,27.083,-74.5,-11.3,-183.3,60.2,0.0286,0.013
odysseus,arm.R.pitch,27.167,-74.5,0,-183.3,60.2,0.0285,0.002
odysseus,arm.R.pitch,29.167,-79.8,-64.4,-183.3,60.2,0.0298,0.069
odysseus,arm.R.pitch,29.25,-92.6,-153.5,-183.3,60.2,0.0305,0.165
odysseus,arm.R.pitch,29.333,-107.9,-183.2,-183.3,60.2,0.0284,0.183
odysseus,arm.R.pitch,29.417,-120.7,-153.5,-183.3,60.2,0.0257,0.139
odysseus,arm.R.pitch,29.5,-126.1,-64.4,-183.3,60.2,0.0249,0.057
odysseus,arm.R.pitch,29.583,-124.8,15.3,-183.3,60.2,0.0252,0.015
odysseus,arm.R.pitch,29.667,-121.6,38.2,-183.3,60.2,0.0254,0.035
odysseus,arm.R.pitch,29.75,-117.5,49.7,-183.3,60.2,0.0263,0.047
odysseus,arm.R.pitch,29.833,-113.3,49.7,-183.3,60.2,0.027,0.048
odysseus,arm.R.pitch,29.917,-110.1,38.2,-183.3,60.2,0.0278,0.039
odysseus,arm.R.pitch,30,-108.9,15.3,-183.3,60.2,0.0281,0.017
odysseus,arm.R.pitch,30.083,-86.6,267.4,-183.3,60.2,0.0325,0.306
odysseus,arm.R.pitch,30.167,-45.2,496.6,-183.3,60.2,0.0238,0.413
odysseus,arm.R.pitch,30.25,-22.9,267.4,-183.3,60.2,0.0143,0.134
odysseus,arm.R.pitch,30.333,-22.9,0,-183.3,60.2,0.0148,0
odysseus,arm.R.pitch,30.583,-33.6,-128.7,-183.3,60.2,0.0179,0.081
odysseus,arm.R.pitch,30.667,-59.2,-306.9,-183.3,60.2,0.0275,0.296
odysseus,arm.R.pitch,30.75,-89.7,-366.3,-183.3,60.2,0.0302,0.388
odysseus,arm.R.pitch,30.833,-115.3,-306.9,-183.3,60.2,0.0273,0.294
odysseus,arm.R.pitch,30.917,-126.1,-128.7,-183.3,60.2,0.026,0.118
odysseus,arm.R.pitch,31,-124.8,15.3,-183.3,60.2,0.026,0.015
odysseus,arm.R.pitch,31.083,-121.6,38.2,-183.3,60.2,0.0254,0.035
odysseus,arm.R.pitch,31.167,-117.5,49.7,-183.3,60.2,0.0263,0.047
odysseus,arm.R.pitch,31.25,-113.3,49.7,-183.3,60.2,0.027,0.048
odysseus,arm.R.pitch,31.333,-110.1,38.2,-183.3,60.2,0.0278,0.039
odysseus,arm.R.pitch,31.417,-108.9,15.3,-183.3,60.2,0.0281,0.017
odysseus,arm.R.pitch,31.5,-95.4,161.1,-183.3,60.2,0.0311,0.177
odysseus,arm.R.pitch,31.583,-65.9,354.5,-183.3,60.2,0.0293,0.364
odysseus,arm.R.pitch,31.667,-36.3,354.5,-183.3,60.2,0.0174,0.216
odysseus,arm.R.pitch,31.75,-22.9,161.1,-183.3,60.2,0.0139,0.079
odysseus,arm.R.pitch,31.833,-22.9,0,-183.3,60.2,0.0135,0
odysseus,arm.R.pitch,32.333,-39,-193.4,-183.3,60.2,0.021,0.142
odysseus,arm.R.pitch,32.417,-74.5,-425.4,-183.3,60.2,0.0313,0.466
odysseus,arm.R.pitch,32.5,-109.9,-425.4,-183.3,60.2,0.0277,0.412
odysseus,arm.R.pitch,32.583,-126.1,-193.4,-183.3,60.2,0.0267,0.182
odysseus,arm.R.pitch,32.667,-124.8,15.3,-183.3,60.2,0.0268,0.016
odysseus,arm.R.pitch,32.75,-121.6,38.2,-183.3,60.2,0.0254,0.035
odysseus,arm.R.pitch,32.833,-117.5,49.7,-183.3,60.2,0.0263,0.047
odysseus,arm.R.pitch,32.917,-113.3,49.7,-183.3,60.2,0.027,0.048
odysseus,arm.R.pitch,33,-110.1,38.2,-183.3,60.2,0.0278,0.039
odysseus,arm.R.pitch,33.083,-108.9,15.3,-183.3,60.2,0.0281,0.017
odysseus,arm.R.pitch,33.167,-95.4,162.1,-183.3,60.2,0.0311,0.178
odysseus,arm.R.pitch,33.25,-65.6,356.6,-183.3,60.2,0.0293,0.366
odysseus,arm.R.pitch,33.333,-35.9,356.6,-183.3,60.2,0.0173,0.216
odysseus,arm.R.pitch,33.417,-22.9,156,-183.3,60.2,0.014,0.077
odysseus,arm.R.pitch,33.5,-24.3,-16.3,-183.3,60.2,0.0143,0.009
odysseus,arm.R.pitch,33.583,-26.4,-25.2,-183.3,60.2,0.0132,0.012
odysseus,arm.R.pitch,33.667,-29.1,-32.6,-183.3,60.2,0.0144,0.017
odysseus,arm.R.pitch,33.75,-32.3,-38.7,-183.3,60.2,0.0158,0.022
odysseus,arm.R.pitch,33.833,-35.9,-43.4,-183.3,60.2,0.0173,0.027
odysseus,arm.R.pitch,33.917,-40.5,-54.6,-183.3,60.2,0.0192,0.037
odysseus,arm.R.pitch,34,-46.2,-69.1,-183.3,60.2,0.0214,0.053
odysseus,arm.R.pitch,34.083,-52.7,-77.1,-183.3,60.2,0.0235,0.064
odysseus,arm.R.pitch,34.167,-59.2,-78.7,-183.3,60.2,0.0253,0.071
odysseus,arm.R.pitch,34.25,-65.4,-73.9,-183.3,60.2,0.0268,0.071
odysseus,arm.R.pitch,34.333,-70.6,-62.7,-183.3,60.2,0.0279,0.063
odysseus,arm.R.pitch,34.417,-74.4,-45.1,-183.3,60.2,0.0286,0.047
odysseus,arm.R.pitch,34.5,-76.9,-30.7,-183.3,60.2,0.0288,0.033
odysseus,arm.R.pitch,34.583,-78.8,-22.8,-183.3,60.2,0.029,0.025
odysseus,arm.R.pitch,34.667,-79.9,-13.6,-183.3,60.2,0.0291,0.015
odysseus,arm.R.pitch,34.75,-80.2,-3.3,-183.3,60.2,0.0291,0.005
odysseus,arm.R.pitch,34.833,-80.2,0,-183.3,60.2,0.029,0.002
odysseus,arm.R.pitch,40.417,-82.9,-31.6,-183.3,60.2,0.0296,0.034
odysseus,arm.R.pitch,40.5,-91.3,-101.6,-183.3,60.2,0.0303,0.109
odysseus,arm.R.pitch,40.583,-99.5,-97.8,-183.3,60.2,0.0291,0.101
odysseus,arm.R.pitch,40.667,-97.2,27,-183.3,60.2,0.0308,0.031
odysseus,arm.R.pitch,40.75,-83.5,164.3,-183.3,60.2,0.031,0.179
odysseus,arm.R.pitch,40.833,-68.8,176.7,-183.3,60.2,0.0276,0.172
odysseus,arm.R.pitch,40.917,-61.1,92.2,-183.3,60.2,0.0268,0.088
odysseus,arm.R.pitch,41,-65.4,-51,-183.3,60.2,0.0286,0.052
odysseus,arm.R.pitch,41.083,-81,-187.9,-183.3,60.2,0.0308,0.204
odysseus,arm.R.pitch,41.167,-101.6,-246.7,-183.3,60.2,0.0296,0.256
odysseus,arm.R.pitch,41.25,-117.3,-188.8,-183.3,60.2,0.0269,0.179
odysseus,arm.R.pitch,41.333,-120.5,-37.7,-183.3,60.2,0.0273,0.037
odysseus,arm.R.pitch,41.417,-110,126.1,-183.3,60.2,0.0297,0.133
odysseus,arm.R.pitch,41.5,-92.8,206.5,-183.3,60.2,0.0304,0.221
odysseus,arm.R.pitch,41.583,-80.2,150.5,-183.3,60.2,0.0297,0.158
odysseus,arm.R.pitch,41.667,-81.4,-14.7,-183.3,60.2,0.0312,0.018
odysseus,arm.R.pitch,41.75,-97.5,-192.3,-183.3,60.2,0.0314,0.213
odysseus,arm.R.pitch,41.833,-120.2,-273.2,-183.3,60.2,0.0264,0.254
odysseus,arm.R.pitch,41.917,-137.4,-205.8,-183.3,60.2,0.0208,0.15
odysseus,arm.R.pitch,42,-139.9,-30.5,-183.3,60.2,0.0212,0.023
odysseus,arm.R.pitch,42.083,-127.9,144.3,-183.3,60.2,0.0254,0.129
odysseus,arm.R.pitch,42.167,-110.4,210.4,-183.3,60.2,0.0284,0.21
odysseus,arm.R.pitch,42.25,-99.6,129,-183.3,60.2,0.03,0.137
odysseus,arm.R.pitch,42.333,-103.6,-47.3,-183.3,60.2,0.0308,0.053
odysseus,arm.R.pitch,42.417,-121,-209.8,-183.3,60.2,0.0273,0.201
odysseus,arm.R.pitch,42.5,-143,-263.1,-183.3,60.2,0.0184,0.17
odysseus,arm.R.pitch,42.583,-158,-180.7,-183.3,60.2,0.012,0.076
odysseus,arm.R.pitch,42.667,-158.1,-0.8,-183.3,60.2,0.0132,0.001
odysseus,arm.R.pitch,42.75,-143.4,176.5,-183.3,60.2,0.0198,0.123
odysseus,arm.R.pitch,42.833,-122.2,254.2,-183.3,60.2,0.0259,0.231
odysseus,arm.R.pitch,42.917,-104.8,209,-183.3,60.2,0.029,0.213
odysseus,arm.R.pitch,43,-98.3,78.4,-183.3,60.2,0.0308,0.086
odysseus,arm.R.pitch,43.083,-103.9,-67.6,-183.3,60.2,0.0304,0.074
odysseus,arm.R.pitch,43.167,-117.7,-165.2,-183.3,60.2,0.0273,0.159
odysseus,arm.R.pitch,43.25,-131.7,-168.4,-183.3,60.2,0.022,0.13
odysseus,arm.R.pitch,43.333,-135,-39.5,-183.3,60.2,0.0224,0.032
odysseus,arm.R.pitch,43.417,-128.4,78.9,-183.3,60.2,0.0245,0.069
odysseus,arm.R.pitch,43.5,-121.8,79.2,-183.3,60.2,0.025,0.07
odysseus,arm.R.pitch,43.583,-120.3,18.3,-183.3,60.2,0.0262,0.018
odysseus,arm.R.pitch,43.667,-120.3,-0.5,-183.3,60.2,0.0256,0.002
odysseus,arm.R.pitch,43.75,-120.4,-0.6,-183.3,60.2,0.0254,0.002
odysseus,arm.R.pitch,43.833,-120.4,-0.8,-183.3,60.2,0.0254,0.002
odysseus,arm.R.pitch,43.917,-120.5,-0.9,-183.3,60.2,0.0254,0.002
odysseus,arm.R.pitch,44,-120.6,-1,-183.3,60.2,0.0253,0.002
odysseus,arm.R.pitch,44.083,-120.7,-1.1,-183.3,60.2,0.0253,0.002
odysseus,arm.R.pitch,44.167,-120.8,-1.2,-183.3,60.2,0.0253,0.002
odysseus,arm.R.pitch,44.25,-120.9,-1.3,-183.3,60.2,0.0253,0.002
odysseus,arm.R.pitch,44.333,-121,-1.4,-183.3,60.2,0.0252,0.002
odysseus,arm.R.pitch,44.417,-121.1,-1.5,-183.3,60.2,0.0252,0.003
odysseus,arm.R.pitch,44.5,-121.3,-1.6,-183.3,60.2,0.0252,0.003
odysseus,arm.R.pitch,44.583,-121.4,-1.7,-183.3,60.2,0.0251,0.003
odysseus,arm.R.pitch,44.667,-121.6,-1.8,-183.3,60.2,0.0251,0.003
odysseus,arm.R.pitch,44.75,-121.7,-1.9,-183.3,60.2,0.025,0.003
odysseus,arm.R.pitch,44.833,-121.9,-1.9,-183.3,60.2,0.025,0.003
odysseus,arm.R.pitch,44.917,-122,-2,-183.3,60.2,0.0249,0.003
odysseus,arm.R.pitch,45,-122.2,-2.1,-183.3,60.2,0.0249,0.003
odysseus,arm.R.pitch,45.083,-122.4,-2.2,-183.3,60.2,0.0248,0.003
odysseus,arm.R.pitch,45.167,-122.6,-2.3,-183.3,60.2,0.0248,0.003
odysseus,arm.R.pitch,45.25,-122.8,-2.4,-183.3,60.2,0.0247,0.003
odysseus,arm.R.pitch,45.333,-123,-2.4,-183.3,60.2,0.0247,0.003
odysseus,arm.R.pitch,45.417,-123.2,-2.5,-183.3,60.2,0.0246,0.003
odysseus,arm.R.pitch,45.5,-123.4,-2.6,-183.3,60.2,0.0246,0.003
odysseus,arm.R.pitch,45.583,-123.6,-2.7,-183.3,60.2,0.0245,0.003
odysseus,arm.R.pitch,45.667,-123.9,-2.7,-183.3,60.2,0.0244,0.004
odysseus,arm.R.pitch,45.75,-124.1,-2.8,-183.3,60.2,0.0244,0.004
odysseus,arm.R.pitch,45.833,-124.3,-2.9,-183.3,60.2,0.0243,0.004
odysseus,arm.R.pitch,45.917,-124.6,-2.9,-183.3,60.2,0.0242,0.004
odysseus,arm.R.pitch,46,-124.8,-3,-183.3,60.2,0.0242,0.004
odysseus,arm.R.pitch,46.083,-125.1,-3,-183.3,60.2,0.0241,0.004
odysseus,arm.R.pitch,46.167,-125.3,-3.1,-183.3,60.2,0.024,0.004
odysseus,arm.R.pitch,46.25,-125.6,-3.2,-183.3,60.2,0.0239,0.004
odysseus,arm.R.pitch,46.333,-125.9,-3.2,-183.3,60.2,0.0238,0.004
odysseus,arm.R.pitch,46.417,-126.1,-3.3,-183.3,60.2,0.0238,0.004
odysseus,arm.R.pitch,46.5,-126.4,-3.3,-183.3,60.2,0.0237,0.004
odysseus,arm.R.pitch,46.583,-126.7,-3.4,-183.3,60.2,0.0236,0.004
odysseus,arm.R.pitch,46.667,-127,-3.4,-183.3,60.2,0.0235,0.004
odysseus,arm.R.pitch,46.75,-127.3,-3.5,-183.3,60.2,0.0234,0.004
odysseus,arm.R.pitch,46.833,-127.6,-3.5,-183.3,60.2,0.0233,0.004
odysseus,arm.R.pitch,46.917,-127.9,-3.5,-183.3,60.2,0.0232,0.004
odysseus,arm.R.pitch,47,-128.2,-3.6,-183.3,60.2,0.0231,0.004
odysseus,arm.R.pitch,47.083,-128.5,-3.6,-183.3,60.2,0.023,0.004
odysseus,arm.R.pitch,47.167,-128.8,-3.7,-183.3,60.2,0.0229,0.004
odysseus,arm.R.pitch,47.25,-129.1,-3.7,-183.3,60.2,0.0228,0.004
odysseus,arm.R.pitch,47.333,-129.4,-3.7,-183.3,60.2,0.0227,0.004
odysseus,arm.R.pitch,47.417,-129.7,-3.8,-183.3,60.2,0.0226,0.004
odysseus,arm.R.pitch,47.5,-130,-3.8,-183.3,60.2,0.0225,0.004
odysseus,arm.R.pitch,47.583,-130.3,-3.8,-183.3,60.2,0.0224,0.004
odysseus,arm.R.pitch,47.667,-130.7,-3.8,-183.3,60.2,0.0223,0.004
odysseus,arm.R.pitch,47.75,-131,-3.9,-183.3,60.2,0.0222,0.004
odysseus,arm.R.pitch,47.833,-131.3,-3.9,-183.3,60.2,0.0221,0.004
odysseus,arm.R.pitch,47.917,-131.6,-3.9,-183.3,60.2,0.022,0.004
odysseus,arm.R.pitch,48,-131.9,-3.9,-183.3,60.2,0.0219,0.004
odysseus,arm.R.pitch,48.083,-132.3,-3.9,-183.3,60.2,0.0218,0.004
odysseus,arm.R.pitch,48.167,-132.6,-3.9,-183.3,60.2,0.0217,0.004
odysseus,arm.R.pitch,48.25,-132.9,-4,-183.3,60.2,0.0215,0.004
odysseus,arm.R.pitch,48.333,-133.3,-4,-183.3,60.2,0.0214,0.004
odysseus,arm.R.pitch,48.417,-133.6,-4,-183.3,60.2,0.0213,0.004
odysseus,arm.R.pitch,48.5,-133.9,-4,-183.3,60.2,0.0212,0.004
odysseus,arm.R.pitch,48.583,-134.3,-4,-183.3,60.2,0.0211,0.004
odysseus,arm.R.pitch,48.667,-134.6,-4,-183.3,60.2,0.021,0.004
odysseus,arm.R.pitch,48.75,-134.9,-4,-183.3,60.2,0.0208,0.004
odysseus,arm.R.pitch,48.833,-135.3,-4,-183.3,60.2,0.0207,0.004
odysseus,arm.R.pitch,48.917,-135.6,-4,-183.3,60.2,0.0206,0.004
odysseus,arm.R.pitch,49,-135.9,-4,-183.3,60.2,0.0205,0.004
odysseus,arm.R.pitch,49.083,-136.2,-4,-183.3,60.2,0.0204,0.004
odysseus,arm.R.pitch,49.167,-136.6,-4,-183.3,60.2,0.0202,0.004
odysseus,arm.R.pitch,49.25,-136.9,-3.9,-183.3,60.2,0.0201,0.004
odysseus,arm.R.pitch,49.333,-137.2,-3.9,-183.3,60.2,0.02,0.004
odysseus,arm.R.pitch,49.417,-137.6,-3.9,-183.3,60.2,0.0199,0.004
odysseus,arm.R.pitch,49.5,-137.9,-3.9,-183.3,60.2,0.0197,0.003
odysseus,arm.R.pitch,49.583,-138.2,-3.9,-183.3,60.2,0.0196,0.003
odysseus,arm.R.pitch,49.667,-138.5,-3.9,-183.3,60.2,0.0195,0.003
odysseus,arm.R.pitch,49.75,-138.8,-3.8,-183.3,60.2,0.0194,0.003
odysseus,arm.R.pitch,49.833,-139.2,-3.8,-183.3,60.2,0.0192,0.003
odysseus,arm.R.pitch,49.917,-139.5,-3.8,-183.3,60.2,0.0191,0.003
odysseus,arm.R.pitch,50,-139.8,-3.8,-183.3,60.2,0.019,0.003
odysseus,arm.R.pitch,50.083,-140.1,-3.7,-183.3,60.2,0.0189,0.003
odysseus,arm.R.pitch,50.167,-140.4,-3.7,-183.3,60.2,0.0188,0.003
odysseus,arm.R.pitch,50.25,-140.7,-3.7,-183.3,60.2,0.0186,0.003
odysseus,arm.R.pitch,50.333,-141,-3.6,-183.3,60.2,0.0185,0.003
odysseus,arm.R.pitch,50.417,-141.3,-3.6,-183.3,60.2,0.0184,0.003
odysseus,arm.R.pitch,50.5,-141.6,-3.5,-183.3,60.2,0.0183,0.003
odysseus,arm.R.pitch,50.583,-141.9,-3.5,-183.3,60.2,0.0182,0.003
odysseus,arm.R.pitch,50.667,-142.2,-3.5,-183.3,60.2,0.018,0.003
odysseus,arm.R.pitch,50.75,-142.5,-3.4,-183.3,60.2,0.0179,0.003
odysseus,arm.R.pitch,50.833,-142.8,-3.4,-183.3,60.2,0.0178,0.003
odysseus,arm.R.pitch,50.917,-143,-3.3,-183.3,60.2,0.0177,0.003
odysseus,arm.R.pitch,51,-143.3,-3.3,-183.3,60.2,0.0176,0.003
odysseus,arm.R.pitch,51.083,-143.6,-3.2,-183.3,60.2,0.0175,0.003
odysseus,arm.R.pitch,51.167,-143.8,-3.2,-183.3,60.2,0.0174,0.003
odysseus,arm.R.pitch,51.25,-144.1,-3.1,-183.3,60.2,0.0173,0.002
odysseus,arm.R.pitch,51.333,-144.3,-3,-183.3,60.2,0.0172,0.002
odysseus,arm.R.pitch,51.417,-144.6,-3,-183.3,60.2,0.017,0.002
odysseus,arm.R.pitch,51.5,-144.8,-2.9,-183.3,60.2,0.0169,0.002
odysseus,arm.R.pitch,51.583,-145.1,-2.9,-183.3,60.2,0.0168,0.002
odysseus,arm.R.pitch,51.667,-145.3,-2.8,-183.3,60.2,0.0167,0.002
odysseus,arm.R.pitch,51.75,-145.5,-2.7,-183.3,60.2,0.0167,0.002
odysseus,arm.R.pitch,51.833,-145.8,-2.7,-183.3,60.2,0.0166,0.002
odysseus,arm.R.pitch,51.917,-146,-2.6,-183.3,60.2,0.0165,0.002
odysseus,arm.R.pitch,52,-146.2,-2.5,-183.3,60.2,0.0164,0.002
odysseus,arm.R.pitch,52.083,-146.4,-2.4,-183.3,60.2,0.0163,0.002
odysseus,arm.R.pitch,52.167,-146.6,-2.4,-183.3,60.2,0.0162,0.002
odysseus,arm.R.pitch,52.25,-146.8,-2.3,-183.3,60.2,0.0161,0.002
odysseus,arm.R.pitch,52.333,-147,-2.2,-183.3,60.2,0.016,0.002
odysseus,arm.R.pitch,52.417,-147.1,-2.1,-183.3,60.2,0.016,0.002
odysseus,arm.R.pitch,52.5,-147.3,-2,-183.3,60.2,0.0159,0.002
odysseus,arm.R.pitch,52.583,-147.5,-1.9,-183.3,60.2,0.0158,0.002
odysseus,arm.R.pitch,52.667,-147.6,-1.9,-183.3,60.2,0.0158,0.002
odysseus,arm.R.pitch,52.75,-147.8,-1.8,-183.3,60.2,0.0157,0.001
odysseus,arm.R.pitch,52.833,-147.9,-1.7,-183.3,60.2,0.0156,0.001
odysseus,arm.R.pitch,52.917,-148,-1.6,-183.3,60.2,0.0156,0.001
odysseus,arm.R.pitch,53,-148.2,-1.5,-183.3,60.2,0.0155,0.001
odysseus,arm.R.pitch,53.083,-148.3,-1.4,-183.3,60.2,0.0155,0.001
odysseus,arm.R.pitch,53.167,-148.4,-1.3,-183.3,60.2,0.0154,0.001
odysseus,arm.R.pitch,53.25,-148.5,-1.2,-183.3,60.2,0.0154,0.001
odysseus,arm.R.pitch,53.333,-148.6,-1.1,-183.3,60.2,0.0153,0.001
odysseus,arm.R.pitch,53.417,-148.7,-1,-183.3,60.2,0.0153,0.001
odysseus,arm.R.out,0,0,0,-11.5,31.5,0,0
odysseus,arm.R.out,11.25,1.8,22.1,-11.5,31.5,0.0012,0.001
odysseus,arm.R.out,11.333,2.9,12.4,-11.5,31.5,0.0016,0.001
odysseus,arm.R.out,11.417,3.3,5.3,-11.5,31.5,0.0018,0
odysseus,arm.R.out,11.5,3.4,0.6,-11.5,31.5,0.0018,0
odysseus,arm.R.out,11.583,3.2,-1.5,-11.5,31.5,0.0017,0
odysseus,arm.R.out,11.667,3.2,-1.1,-11.5,31.5,0.0016,0
odysseus,arm.R.out,11.75,3.1,-1.2,-11.5,31.5,0.0016,0
odysseus,arm.R.out,11.833,2.8,-2.6,-11.5,31.5,0.0015,0
odysseus,arm.R.out,11.917,2.6,-2.6,-11.5,31.5,0.0013,0
odysseus,arm.R.out,12,2.5,-1.2,-11.5,31.5,0.0013,0
odysseus,arm.R.out,12.083,2.7,2.4,-11.5,31.5,0.0014,0
odysseus,arm.R.out,12.167,2.8,1.4,-11.5,31.5,0.0015,0
odysseus,arm.R.out,12.25,2.9,0.6,-11.5,31.5,0.0015,0
odysseus,arm.R.out,12.333,2.9,0.1,-11.5,31.5,0.0015,0
odysseus,arm.R.out,12.583,2.8,-1.1,-11.5,31.5,0.0014,0
odysseus,arm.R.out,12.667,2.7,-1.1,-11.5,31.5,0.0014,0
odysseus,arm.R.out,12.75,6.9,50.7,-11.5,31.5,0.0042,0.007
odysseus,arm.R.out,12.833,10.4,41.4,-11.5,31.5,0.0054,0.008
odysseus,arm.R.out,12.917,13,32.2,-11.5,31.5,0.0068,0.008
odysseus,arm.R.out,13,15,23,-11.5,31.5,0.0077,0.006
odysseus,arm.R.out,13.083,16.1,13.8,-11.5,31.5,0.0083,0.004
odysseus,arm.R.out,13.167,16.5,4.6,-11.5,31.5,0.0085,0.002
odysseus,arm.R.out,13.25,15.7,-9.9,-11.5,31.5,0.0081,0.003
odysseus,arm.R.out,13.333,14.9,-9.9,-11.5,31.5,0.0075,0.003
odysseus,arm.R.out,13.417,14,-9.9,-11.5,31.5,0.0071,0.003
odysseus,arm.R.out,13.5,13.2,-9.9,-11.5,31.5,0.0067,0.002
odysseus,arm.R.out,13.583,12.4,-9.9,-11.5,31.5,0.0063,0.002
odysseus,arm.R.out,13.667,11.5,-11,-11.5,31.5,0.0059,0.002
odysseus,arm.R.out,13.75,9.2,-27.5,-11.5,31.5,0.0049,0.005
odysseus,arm.R.out,13.833,6.2,-35.8,-11.5,31.5,0.0033,0.004
odysseus,arm.R.out,13.917,3.2,-35.8,-11.5,31.5,0.0016,0.002
odysseus,arm.R.out,14,0.9,-27.5,-11.5,31.5,0.0006,0.001
odysseus,arm.R.out,14.083,0,-11,-11.5,31.5,0.0002,0
odysseus,arm.R.out,14.167,0,0,-11.5,31.5,0.0001,0
odysseus,arm.R.out,18.333,1.5,18,-11.5,31.5,0.001,0.001
odysseus,arm.R.out,18.417,2.3,10.1,-11.5,31.5,0.0013,0
odysseus,arm.R.out,18.5,2.7,4.3,-11.5,31.5,0.0015,0
odysseus,arm.R.out,18.583,2.8,0.5,-11.5,31.5,0.0015,0
odysseus,arm.R.out,18.667,2.6,-1.2,-11.5,31.5,0.0014,0
odysseus,arm.R.out,18.75,2.6,-0.9,-11.5,31.5,0.0013,0
odysseus,arm.R.out,18.833,2.4,-1.5,-11.5,31.5,0.0013,0
odysseus,arm.R.out,18.917,2.3,-1.5,-11.5,31.5,0.0012,0
odysseus,arm.R.out,19,2.2,-1.5,-11.5,31.5,0.0011,0
odysseus,arm.R.out,19.083,2.1,-1.5,-11.5,31.5,0.0011,0
odysseus,arm.R.out,19.167,1.9,-1.5,-11.5,31.5,0.001,0
odysseus,arm.R.out,19.25,1.7,-3,-11.5,31.5,0.0009,0
odysseus,arm.R.out,19.333,1.4,-3,-11.5,31.5,0.0007,0
odysseus,arm.R.out,19.417,2.1,8,-11.5,31.5,0.0012,0
odysseus,arm.R.out,19.5,2.5,4.5,-11.5,31.5,0.0013,0
odysseus,arm.R.out,19.583,2.6,1.9,-11.5,31.5,0.0014,0
odysseus,arm.R.out,19.667,2.7,0.2,-11.5,31.5,0.0014,0
odysseus,arm.R.out,19.75,2.6,-0.5,-11.5,31.5,0.0013,0
odysseus,arm.R.out,19.833,2.6,-0.4,-11.5,31.5,0.0013,0
odysseus,arm.R.out,19.917,2.4,-1.5,-11.5,31.5,0.0013,0
odysseus,arm.R.out,20,2.3,-1.5,-11.5,31.5,0.0012,0
odysseus,arm.R.out,20.083,2.2,-1.5,-11.5,31.5,0.0011,0
odysseus,arm.R.out,20.167,2.1,-1.5,-11.5,31.5,0.0011,0
odysseus,arm.R.out,20.25,1.9,-1.5,-11.5,31.5,0.001,0
odysseus,arm.R.out,20.333,1.8,-1.7,-11.5,31.5,0.0009,0
odysseus,arm.R.out,20.417,1.4,-4.3,-11.5,31.5,0.0008,0
odysseus,arm.R.out,20.5,1,-5.6,-11.5,31.5,0.0005,0
odysseus,arm.R.out,20.583,0.5,-5.6,-11.5,31.5,0.0003,0
odysseus,arm.R.out,20.667,0.1,-4.3,-11.5,31.5,0.0001,0
odysseus,arm.R.out,20.75,0,-1.7,-11.5,31.5,0,0
odysseus,arm.R.out,20.833,0,0,-11.5,31.5,0,0
odysseus,arm.R.out,22.75,5,60.5,-11.5,31.5,0.0033,0.007
odysseus,arm.R.out,22.833,9.2,49.5,-11.5,31.5,0.0048,0.008
odysseus,arm.R.out,22.917,12.4,38.5,-11.5,31.5,0.0064,0.009
odysseus,arm.R.out,23,14.7,27.5,-11.5,31.5,0.0076,0.007
odysseus,arm.R.out,23.083,16,16.5,-11.5,31.5,0.0083,0.005
odysseus,arm.R.out,23.167,16.5,5.5,-11.5,31.5,0.0085,0.002
odysseus,arm.R.out,23.25,15.9,-7.7,-11.5,31.5,0.0082,0.002
odysseus,arm.R.out,23.333,14.7,-14.3,-11.5,31.5,0.0075,0.004
odysseus,arm.R.out,23.417,14,-7.7,-11.5,31.5,0.0072,0.002
odysseus,arm.R.out,23.5,13,-12.5,-11.5,31.5,0.0067,0.003
odysseus,arm.R.out,23.583,10.4,-31.2,-11.5,31.5,0.0055,0.006
odysseus,arm.R.out,23.667,7,-40.5,-11.5,31.5,0.0037,0.005
odysseus,arm.R.out,23.75,3.6,-40.5,-11.5,31.5,0.0019,0.003
odysseus,arm.R.out,23.833,1,-31.2,-11.5,31.5,0.0007,0.001
odysseus,arm.R.out,23.917,0,-12.5,-11.5,31.5,0.0002,0
odysseus,arm.R.out,24,0,0,-11.5,31.5,0.0002,0
odysseus,arm.R.out,42.667,-0.3,-3.5,-11.5,31.5,0.0002,0
odysseus,arm.R.out,42.75,-1.1,-9.3,-11.5,31.5,0.0006,0
odysseus,arm.R.out,42.833,-2.2,-13.2,-11.5,31.5,0.0012,0.001
odysseus,arm.R.out,42.917,-3.4,-15.1,-11.5,31.5,0.0018,0.001
odysseus,arm.R.out,43,-4.7,-15.1,-11.5,31.5,0.0024,0.001
odysseus,arm.R.out,43.083,-5.8,-13.2,-11.5,31.5,0.003,0.001
odysseus,arm.R.out,43.167,-6.6,-9.3,-11.5,31.5,0.0034,0.001
odysseus,arm.R.out,43.25,-6.9,-3.5,-11.5,31.5,0.0036,0
odysseus,arm.R.out,43.333,-6.9,0,-11.5,31.5,0.0036,0
odysseus,arm.R.out,45,-6.4,0.5,-11.5,31.5,0.0033,0
odysseus,arm.R.out,45.083,-6.4,0.5,-11.5,31.5,0.0033,0
odysseus,arm.R.out,45.167,-6.3,0.5,-11.5,31.5,0.0032,0
odysseus,arm.R.out,45.25,-6.3,0.6,-11.5,31.5,0.0032,0
odysseus,arm.R.out,45.333,-6.2,0.6,-11.5,31.5,0.0032,0
odysseus,arm.R.out,45.417,-6.2,0.6,-11.5,31.5,0.0032,0
odysseus,arm.R.out,45.5,-6.1,0.6,-11.5,31.5,0.0031,0
odysseus,arm.R.out,45.583,-6.1,0.6,-11.5,31.5,0.0031,0
odysseus,arm.R.out,45.667,-6,0.7,-11.5,31.5,0.0031,0
odysseus,arm.R.out,45.75,-5.9,0.7,-11.5,31.5,0.003,0
odysseus,arm.R.out,45.833,-5.9,0.7,-11.5,31.5,0.003,0
odysseus,arm.R.out,45.917,-5.8,0.7,-11.5,31.5,0.003,0
odysseus,arm.R.out,46,-5.8,0.7,-11.5,31.5,0.003,0
odysseus,arm.R.out,46.083,-5.7,0.7,-11.5,31.5,0.0029,0
odysseus,arm.R.out,46.167,-5.6,0.7,-11.5,31.5,0.0029,0
odysseus,arm.R.out,46.25,-5.6,0.8,-11.5,31.5,0.0029,0
odysseus,arm.R.out,46.333,-5.5,0.8,-11.5,31.5,0.0028,0
odysseus,arm.R.out,46.417,-5.5,0.8,-11.5,31.5,0.0028,0
odysseus,arm.R.out,46.5,-5.4,0.8,-11.5,31.5,0.0028,0
odysseus,arm.R.out,46.583,-5.3,0.8,-11.5,31.5,0.0027,0
odysseus,arm.R.out,46.667,-5.3,0.8,-11.5,31.5,0.0027,0
odysseus,arm.R.out,46.75,-5.2,0.8,-11.5,31.5,0.0027,0
odysseus,arm.R.out,46.833,-5.1,0.8,-11.5,31.5,0.0026,0
odysseus,arm.R.out,46.917,-5,0.8,-11.5,31.5,0.0026,0
odysseus,arm.R.out,47,-5,0.9,-11.5,31.5,0.0026,0
odysseus,arm.R.out,47.083,-4.9,0.9,-11.5,31.5,0.0025,0
odysseus,arm.R.out,47.167,-4.8,0.9,-11.5,31.5,0.0025,0
odysseus,arm.R.out,47.25,-4.8,0.9,-11.5,31.5,0.0024,0
odysseus,arm.R.out,47.333,-4.7,0.9,-11.5,31.5,0.0024,0
odysseus,arm.R.out,47.417,-4.6,0.9,-11.5,31.5,0.0024,0
odysseus,arm.R.out,47.5,-4.5,0.9,-11.5,31.5,0.0023,0
odysseus,arm.R.out,47.583,-4.5,0.9,-11.5,31.5,0.0023,0
odysseus,arm.R.out,47.667,-4.4,0.9,-11.5,31.5,0.0022,0
odysseus,arm.R.out,47.75,-4.3,0.9,-11.5,31.5,0.0022,0
odysseus,arm.R.out,47.833,-4.2,0.9,-11.5,31.5,0.0022,0
odysseus,arm.R.out,47.917,-4.1,0.9,-11.5,31.5,0.0021,0
odysseus,arm.R.out,48,-4.1,0.9,-11.5,31.5,0.0021,0
odysseus,arm.R.out,48.083,-4,0.9,-11.5,31.5,0.002,0
odysseus,arm.R.out,48.167,-3.9,0.9,-11.5,31.5,0.002,0
odysseus,arm.R.out,48.25,-3.8,0.9,-11.5,31.5,0.002,0
odysseus,arm.R.out,48.333,-3.8,0.9,-11.5,31.5,0.0019,0
odysseus,arm.R.out,48.417,-3.7,0.9,-11.5,31.5,0.0019,0
odysseus,arm.R.out,48.5,-3.6,1,-11.5,31.5,0.0018,0
odysseus,arm.R.out,48.583,-3.5,1,-11.5,31.5,0.0018,0
odysseus,arm.R.out,48.667,-3.4,1,-11.5,31.5,0.0018,0
odysseus,arm.R.out,48.75,-3.4,1,-11.5,31.5,0.0017,0
odysseus,arm.R.out,48.833,-3.3,1,-11.5,31.5,0.0017,0
odysseus,arm.R.out,48.917,-3.2,1,-11.5,31.5,0.0016,0
odysseus,arm.R.out,49,-3.1,0.9,-11.5,31.5,0.0016,0
odysseus,arm.R.out,49.083,-3,0.9,-11.5,31.5,0.0016,0
odysseus,arm.R.out,49.167,-3,0.9,-11.5,31.5,0.0015,0
odysseus,arm.R.out,49.25,-2.9,0.9,-11.5,31.5,0.0015,0
odysseus,arm.R.out,49.333,-2.8,0.9,-11.5,31.5,0.0014,0
odysseus,arm.R.out,49.417,-2.7,0.9,-11.5,31.5,0.0014,0
odysseus,arm.R.out,49.5,-2.7,0.9,-11.5,31.5,0.0014,0
odysseus,arm.R.out,49.583,-2.6,0.9,-11.5,31.5,0.0013,0
odysseus,arm.R.out,49.667,-2.5,0.9,-11.5,31.5,0.0013,0
odysseus,arm.R.out,49.75,-2.4,0.9,-11.5,31.5,0.0012,0
odysseus,arm.R.out,49.833,-2.3,0.9,-11.5,31.5,0.0012,0
odysseus,arm.R.out,49.917,-2.3,0.9,-11.5,31.5,0.0012,0
odysseus,arm.R.out,50,-2.2,0.9,-11.5,31.5,0.0011,0
odysseus,arm.R.out,50.083,-2.1,0.9,-11.5,31.5,0.0011,0
odysseus,arm.R.out,50.167,-2,0.9,-11.5,31.5,0.0011,0
odysseus,arm.R.out,50.25,-2,0.9,-11.5,31.5,0.001,0
odysseus,arm.R.out,50.333,-1.9,0.9,-11.5,31.5,0.001,0
odysseus,arm.R.out,50.417,-1.8,0.9,-11.5,31.5,0.0009,0
odysseus,arm.R.out,50.5,-1.8,0.8,-11.5,31.5,0.0009,0
odysseus,arm.R.out,50.583,-1.7,0.8,-11.5,31.5,0.0009,0
odysseus,arm.R.out,50.667,-1.6,0.8,-11.5,31.5,0.0008,0
odysseus,arm.R.out,50.75,-1.6,0.8,-11.5,31.5,0.0008,0
odysseus,arm.R.out,50.833,-1.5,0.8,-11.5,31.5,0.0008,0
odysseus,arm.R.out,50.917,-1.4,0.8,-11.5,31.5,0.0007,0
odysseus,arm.R.out,51,-1.4,0.8,-11.5,31.5,0.0007,0
odysseus,arm.R.out,51.083,-1.3,0.8,-11.5,31.5,0.0007,0
odysseus,arm.R.out,51.167,-1.2,0.8,-11.5,31.5,0.0006,0
odysseus,arm.R.out,51.25,-1.2,0.7,-11.5,31.5,0.0006,0
odysseus,arm.R.out,51.333,-1.1,0.7,-11.5,31.5,0.0006,0
odysseus,arm.R.out,51.417,-1,0.7,-11.5,31.5,0.0005,0
odysseus,arm.R.out,51.5,-1,0.7,-11.5,31.5,0.0005,0
odysseus,arm.R.out,51.583,-0.9,0.7,-11.5,31.5,0.0005,0
odysseus,arm.R.out,51.667,-0.9,0.7,-11.5,31.5,0.0004,0
odysseus,arm.R.out,51.75,-0.8,0.7,-11.5,31.5,0.0004,0
odysseus,arm.R.out,51.833,-0.8,0.6,-11.5,31.5,0.0004,0
odysseus,arm.R.out,51.917,-0.7,0.6,-11.5,31.5,0.0004,0
odysseus,arm.R.out,52,-0.7,0.6,-11.5,31.5,0.0003,0
odysseus,arm.R.out,52.083,-0.6,0.6,-11.5,31.5,0.0003,0
odysseus,arm.R.out,52.167,-0.6,0.6,-11.5,31.5,0.0003,0
odysseus,arm.R.out,52.25,-0.5,0.5,-11.5,31.5,0.0003,0
odysseus,arm.R.out,52.333,-0.5,0.5,-11.5,31.5,0.0002,0
odysseus,arm.R.out,52.417,-0.4,0.5,-11.5,31.5,0.0002,0
odysseus,arm.R.out,52.5,-0.4,0.5,-11.5,31.5,0.0002,0
odysseus,arm.R.out,53.417,-0.1,0.2,-11.5,31.5,0,0
odysseus,arm.L.pitch,0,0,0,-183.3,60.2,0,0
odysseus,arm.L.pitch,8.917,2.1,25.7,-183.3,60.2,0.0014,0.001
odysseus,arm.L.pitch,9,10.6,100.9,-183.3,60.2,0.0063,0.022
odysseus,arm.L.pitch,9.083,18.9,100.2,-183.3,60.2,0.0095,0.034
odysseus,arm.L.pitch,9.167,15.7,-37.9,-183.3,60.2,0.0097,0.013
odysseus,arm.L.pitch,9.25,0.4,-184.6,-183.3,60.2,0.002,0.013
odysseus,arm.L.pitch,9.333,-16.5,-201.9,-183.3,60.2,0.0086,0.06
odysseus,arm.L.pitch,9.417,-26.8,-123.5,-183.3,60.2,0.0142,0.062
odysseus,arm.L.pitch,9.5,-25.2,19,-183.3,60.2,0.0143,0.01
odysseus,arm.L.pitch,9.583,-12,158.6,-183.3,60.2,0.0079,0.044
odysseus,arm.L.pitch,9.667,6.3,219.2,-183.3,60.2,0.004,0.031
odysseus,arm.L.pitch,9.75,19.6,159.1,-183.3,60.2,0.0106,0.059
odysseus,arm.L.pitch,9.833,19.8,2.4,-183.3,60.2,0.0119,0.001
odysseus,arm.L.pitch,9.917,6,-165.8,-183.3,60.2,0.0052,0.03
odysseus,arm.L.pitch,10,-14.5,-245.9,-183.3,60.2,0.0084,0.072
odysseus,arm.L.pitch,10.083,-29.9,-185,-183.3,60.2,0.0155,0.1
odysseus,arm.L.pitch,10.167,-31.2,-15.4,-183.3,60.2,0.0174,0.01
odysseus,arm.L.pitch,10.25,-17.8,160.9,-183.3,60.2,0.0112,0.063
odysseus,arm.L.pitch,10.333,1.7,234.2,-183.3,60.2,0.0018,0.015
odysseus,arm.L.pitch,10.417,14.8,157.9,-183.3,60.2,0.0085,0.047
odysseus,arm.L.pitch,10.5,13.1,-20.5,-183.3,60.2,0.0089,0.007
odysseus,arm.L.pitch,10.583,-2.7,-190,-183.3,60.2,0.0035,0.023
odysseus,arm.L.pitch,10.667,-23.3,-247.3,-183.3,60.2,0.0124,0.107
odysseus,arm.L.pitch,10.75,-36.7,-161,-183.3,60.2,0.0187,0.106
odysseus,arm.L.pitch,10.833,-35.7,12.6,-183.3,60.2,0.0193,0.009
odysseus,arm.L.pitch,10.917,-21.6,169.2,-183.3,60.2,0.0128,0.076
odysseus,arm.L.pitch,11,-3.1,221.9,-183.3,60.2,0.0022,0.017
odysseus,arm.L.pitch,11.083,9.3,149,-183.3,60.2,0.0057,0.03
odysseus,arm.L.pitch,11.167,9.3,-1,-183.3,60.2,0.0066,0
odysseus,arm.L.pitch,11.25,-2.8,-144.9,-183.3,60.2,0.0033,0.017
odysseus,arm.L.pitch,11.333,-20.6,-213.2,-183.3,60.2,0.0112,0.084
odysseus,arm.L.pitch,11.417,-35.8,-182.5,-183.3,60.2,0.0176,0.113
odysseus,arm.L.pitch,11.5,-41.4,-66.9,-183.3,60.2,0.0209,0.05
odysseus,arm.L.pitch,11.583,-32.8,103.4,-183.3,60.2,0.0181,0.066
odysseus,arm.L.pitch,11.667,-21.1,140.2,-183.3,60.2,0.011,0.054
odysseus,arm.L.pitch,11.75,-16.6,54.2,-183.3,60.2,0.0095,0.018
odysseus,arm.L.pitch,11.833,-17.2,-7.6,-183.3,60.2,0.0095,0.003
odysseus,arm.L.pitch,11.917,-17.2,0,-183.3,60.2,0.0088,0
odysseus,arm.L.pitch,23.5,-16.9,3.4,-183.3,60.2,0.0086,0.001
odysseus,arm.L.pitch,23.583,-12.5,53.2,-183.3,60.2,0.007,0.013
odysseus,arm.L.pitch,23.667,-3.6,105.9,-183.3,60.2,0.0025,0.009
odysseus,arm.L.pitch,23.75,0.8,53.4,-183.3,60.2,0.0011,0.002
odysseus,arm.L.pitch,23.833,-7.4,-98.9,-183.3,60.2,0.0057,0.02
odysseus,arm.L.pitch,23.917,-24.2,-201.2,-183.3,60.2,0.0134,0.094
odysseus,arm.L.pitch,24,-38.9,-176.7,-183.3,60.2,0.0188,0.117
odysseus,arm.L.pitch,24.083,-44.6,-68.4,-183.3,60.2,0.022,0.054
odysseus,arm.L.pitch,24.167,-38.1,78.6,-183.3,60.2,0.02,0.056
odysseus,arm.L.pitch,24.25,-22,192.8,-183.3,60.2,0.0125,0.084
odysseus,arm.L.pitch,24.333,-4.5,209.5,-183.3,60.2,0.0025,0.019
odysseus,arm.L.pitch,24.417,4.7,110.4,-183.3,60.2,0.0036,0.014
odysseus,arm.L.pitch,24.5,-0.2,-58.1,-183.3,60.2,0.0022,0.004
odysseus,arm.L.pitch,24.583,-17.1,-203.5,-183.3,60.2,0.0105,0.075
odysseus,arm.L.pitch,24.667,-37.1,-239,-183.3,60.2,0.0182,0.152
odysseus,arm.L.pitch,24.75,-48.5,-137.7,-183.3,60.2,0.0233,0.113
odysseus,arm.L.pitch,24.833,-44.8,44.3,-183.3,60.2,0.023,0.037
odysseus,arm.L.pitch,24.917,-28.4,197.7,-183.3,60.2,0.0159,0.11
odysseus,arm.L.pitch,25,-9.5,226.9,-183.3,60.2,0.0052,0.041
odysseus,arm.L.pitch,25.083,-0.1,111.8,-183.3,60.2,0.0015,0.006
odysseus,arm.L.pitch,25.167,-6.6,-77.5,-183.3,60.2,0.0058,0.016
odysseus,arm.L.pitch,25.25,-25.2,-223.4,-183.3,60.2,0.0144,0.112
odysseus,arm.L.pitch,25.333,-44.9,-236.4,-183.3,60.2,0.0209,0.174
odysseus,arm.L.pitch,25.417,-54.1,-110.4,-183.3,60.2,0.0254,0.099
odysseus,arm.L.pitch,25.5,-47.8,75.2,-183.3,60.2,0.0242,0.065
odysseus,arm.L.pitch,25.583,-30.5,208.2,-183.3,60.2,0.0166,0.121
odysseus,arm.L.pitch,25.667,-12.8,213,-183.3,60.2,0.0066,0.049
odysseus,arm.L.pitch,25.75,-5,93.1,-183.3,60.2,0.0041,0.013
odysseus,arm.L.pitch,25.833,-11.5,-77.5,-183.3,60.2,0.008,0.022
odysseus,arm.L.pitch,25.917,-28.4,-202.9,-183.3,60.2,0.0156,0.111
odysseus,arm.L.pitch,26,-46.7,-220.5,-183.3,60.2,0.0217,0.168
odysseus,arm.L.pitch,26.083,-57.6,-130.3,-183.3,60.2,0.026,0.119
odysseus,arm.L.pitch,26.167,-56.4,14.3,-183.3,60.2,0.0263,0.015
odysseus,arm.L.pitch,26.25,-44.7,140.7,-183.3,60.2,0.0223,0.11
odysseus,arm.L.pitch,26.333,-28.4,194.9,-183.3,60.2,0.0147,0.1
odysseus,arm.L.pitch,26.417,-17.8,127.6,-183.3,60.2,0.0098,0.044
odysseus,arm.L.pitch,26.5,-19.8,-24.2,-183.3,60.2,0.0119,0.01
odysseus,arm.L.pitch,26.583,-28.3,-101.9,-183.3,60.2,0.0149,0.054
odysseus,arm.L.pitch,26.667,-33.8,-65.4,-183.3,60.2,0.0168,0.039
odysseus,arm.L.pitch,26.75,-34.4,-7.4,-183.3,60.2,0.0173,0.005
odysseus,arm.L.pitch,26.833,-34.4,0,-183.3,60.2,0.0167,0.001
odysseus,arm.L.pitch,29.583,-33.6,9.4,-183.3,60.2,0.0164,0.006
odysseus,arm.L.pitch,29.667,-31.5,25.3,-183.3,60.2,0.0156,0.014
odysseus,arm.L.pitch,29.75,-28.4,36.6,-183.3,60.2,0.0142,0.018
odysseus,arm.L.pitch,29.833,-24.8,43.4,-183.3,60.2,0.0124,0.019
odysseus,arm.L.pitch,29.917,-21,45.6,-183.3,60.2,0.0106,0.017
odysseus,arm.L.pitch,30,-17.4,43.4,-183.3,60.2,0.0088,0.014
odysseus,arm.L.pitch,30.083,-14.4,36.6,-183.3,60.2,0.0074,0.01
odysseus,arm.L.pitch,30.167,-12.2,25.3,-183.3,60.2,0.0064,0.006
odysseus,arm.L.pitch,30.25,-11.5,9.4,-183.3,60.2,0.006,0.002
odysseus,arm.L.pitch,30.333,-11.5,0,-183.3,60.2,0.006,0
odysseus,arm.L.pitch,30.583,-13.8,-28.6,-183.3,60.2,0.0074,0.007
odysseus,arm.L.pitch,30.667,-19.5,-68.2,-183.3,60.2,0.0103,0.025
odysseus,arm.L.pitch,30.75,-26.3,-81.4,-183.3,60.2,0.0132,0.038
odysseus,arm.L.pitch,30.833,-32,-68.2,-183.3,60.2,0.0158,0.038
odysseus,arm.L.pitch,30.917,-34.4,-28.6,-183.3,60.2,0.0171,0.018
odysseus,arm.L.pitch,31,-33.7,7.7,-183.3,60.2,0.0168,0.005
odysseus,arm.L.pitch,31.083,-32,20.9,-183.3,60.2,0.0158,0.012
odysseus,arm.L.pitch,31.167,-29.4,30.8,-183.3,60.2,0.0146,0.016
odysseus,arm.L.pitch,31.25,-26.3,37.4,-183.3,60.2,0.0131,0.017
odysseus,arm.L.pitch,31.333,-22.9,40.7,-183.3,60.2,0.0115,0.017
odysseus,arm.L.pitch,31.417,-19.5,40.7,-183.3,60.2,0.0098,0.014
odysseus,arm.L.pitch,31.5,-16.4,37.4,-183.3,60.2,0.0084,0.011
odysseus,arm.L.pitch,31.583,-13.8,30.8,-183.3,60.2,0.0071,0.008
odysseus,arm.L.pitch,31.667,-12.1,20.9,-183.3,60.2,0.0063,0.005
odysseus,arm.L.pitch,31.75,-11.5,7.7,-183.3,60.2,0.006,0.002
odysseus,arm.L.pitch,31.833,-11.5,0,-183.3,60.2,0.0059,0
odysseus,arm.L.pitch,32.333,-15,-43,-183.3,60.2,0.0082,0.012
odysseus,arm.L.pitch,32.417,-22.9,-94.5,-183.3,60.2,0.0121,0.04
odysseus,arm.L.pitch,32.5,-30.8,-94.5,-183.3,60.2,0.0151,0.05
odysseus,arm.L.pitch,32.583,-34.4,-43,-183.3,60.2,0.0173,0.026
odysseus,arm.L.pitch,32.667,-33.7,7.7,-183.3,60.2,0.017,0.005
odysseus,arm.L.pitch,32.75,-32,21,-183.3,60.2,0.0158,0.012
odysseus,arm.L.pitch,32.833,-29.4,31,-183.3,60.2,0.0146,0.016
odysseus,arm.L.pitch,32.917,-26.3,37.6,-183.3,60.2,0.0131,0.018
odysseus,arm.L.pitch,33,-22.9,40.9,-183.3,60.2,0.0115,0.017
odysseus,arm.L.pitch,33.083,-19.4,40.9,-183.3,60.2,0.0098,0.014
odysseus,arm.L.pitch,33.167,-16.3,37.6,-183.3,60.2,0.0083,0.011
odysseus,arm.L.pitch,33.25,-13.7,31,-183.3,60.2,0.0071,0.008
odysseus,arm.L.pitch,33.333,-12,21,-183.3,60.2,0.0062,0.005
odysseus,arm.L.pitch,33.417,-11.5,6.2,-183.3,60.2,0.006,0.001
odysseus,arm.L.pitch,33.5,-11.8,-4.1,-183.3,60.2,0.0061,0.001
odysseus,arm.L.pitch,33.583,-12.3,-6.3,-183.3,60.2,0.0063,0.001
odysseus,arm.L.pitch,33.667,-13,-8.2,-183.3,60.2,0.0066,0.002
odysseus,arm.L.pitch,33.75,-13.8,-9.7,-183.3,60.2,0.007,0.002
odysseus,arm.L.pitch,33.833,-14.7,-10.8,-183.3,60.2,0.0075,0.003
odysseus,arm.L.pitch,33.917,-17,-27,-183.3,60.2,0.0088,0.008
odysseus,arm.L.pitch,34,-21.3,-51.6,-183.3,60.2,0.011,0.02
odysseus,arm.L.pitch,34.083,-26.8,-66.3,-183.3,60.2,0.0134,0.031
odysseus,arm.L.pitch,34.167,-32.7,-70.9,-183.3,60.2,0.016,0.04
odysseus,arm.L.pitch,34.25,-38.2,-65.5,-183.3,60.2,0.0182,0.042
odysseus,arm.L.pitch,34.333,-42.3,-50.1,-183.3,60.2,0.02,0.036
odysseus,arm.L.pitch,34.417,-44.4,-24.6,-183.3,60.2,0.0209,0.019
odysseus,arm.L.pitch,34.5,-45,-7.7,-183.3,60.2,0.021,0.007
odysseus,arm.L.pitch,34.583,-45.5,-5.7,-183.3,60.2,0.021,0.005
odysseus,arm.L.pitch,34.667,-45.8,-3.4,-183.3,60.2,0.0211,0.003
odysseus,arm.L.pitch,34.75,-45.8,-0.8,-183.3,60.2,0.0211,0.001
odysseus,arm.L.pitch,34.833,-45.8,0,-183.3,60.2,0.0211,0.001
odysseus,arm.L.pitch,40.417,-43.6,26.5,-183.3,60.2,0.0206,0.02
odysseus,arm.L.pitch,40.5,-36.1,89.7,-183.3,60.2,0.0182,0.057
odysseus,arm.L.pitch,40.583,-29.5,79.4,-183.3,60.2,0.0146,0.041
odysseus,arm.L.pitch,40.667,-33.8,-51.4,-183.3,60.2,0.018,0.033
odysseus,arm.L.pitch,40.75,-50,-194.4,-183.3,60.2,0.0243,0.166
odysseus,arm.L.pitch,40.833,-67.7,-212.2,-183.3,60.2,0.0274,0.205
odysseus,arm.L.pitch,40.917,-78.7,-132.6,-183.3,60.2,0.0299,0.14
odysseus,arm.L.pitch,41,-78.2,6,-183.3,60.2,0.0306,0.008
odysseus,arm.L.pitch,41.083,-66.7,138.7,-183.3,60.2,0.0287,0.141
odysseus,arm.L.pitch,41.167,-50.5,193.7,-183.3,60.2,0.0234,0.159
odysseus,arm.L.pitch,41.25,-39.5,132.3,-183.3,60.2,0.0195,0.091
odysseus,arm.L.pitch,41.333,-41.3,-22,-183.3,60.2,0.0214,0.017
odysseus,arm.L.pitch,41.417,-57,-188.4,-183.3,60.2,0.0268,0.178
odysseus,arm.L.pitch,41.5,-79.6,-271.2,-183.3,60.2,0.03,0.286
odysseus,arm.L.pitch,41.583,-97.7,-217.2,-183.3,60.2,0.0298,0.228
odysseus,arm.L.pitch,41.667,-102.2,-53.6,-183.3,60.2,0.0308,0.06
odysseus,arm.L.pitch,41.75,-92,122.7,-183.3,60.2,0.0316,0.137
odysseus,arm.L.pitch,41.833,-75.1,202.8,-183.3,60.2,0.0294,0.21
odysseus,arm.L.pitch,41.917,-63.8,134.9,-183.3,60.2,0.0273,0.13
odysseus,arm.L.pitch,42,-67.2,-40.6,-183.3,60.2,0.0293,0.043
odysseus,arm.L.pitch,42.083,-85.1,-215.1,-183.3,60.2,0.0315,0.239
odysseus,arm.L.pitch,42.167,-108.5,-280.7,-183.3,60.2,0.0287,0.283
odysseus,arm.L.pitch,42.25,-125.1,-198.3,-183.3,60.2,0.0251,0.175
odysseus,arm.L.pitch,42.333,-126.8,-20.6,-183.3,60.2,0.0258,0.02
odysseus,arm.L.pitch,42.417,-114.8,143.6,-183.3,60.2,0.0288,0.146
odysseus,arm.L.pitch,42.5,-98.2,199,-183.3,60.2,0.0298,0.209
odysseus,arm.L.pitch,42.583,-88.3,119,-183.3,60.2,0.0304,0.128
odysseus,arm.L.pitch,42.667,-91.9,-43.2,-183.3,60.2,0.0315,0.049
odysseus,arm.L.pitch,42.75,-108,-193,-183.3,60.2,0.0299,0.203
odysseus,arm.L.pitch,42.833,-128.9,-251,-183.3,60.2,0.0236,0.208
odysseus,arm.L.pitch,42.917,-145,-193.8,-183.3,60.2,0.0176,0.12
odysseus,arm.L.pitch,43,-149.9,-58.8,-183.3,60.2,0.0164,0.034
odysseus,arm.L.pitch,43.083,-143,83.7,-183.3,60.2,0.0195,0.058
odysseus,arm.L.pitch,43.167,-128.8,170.3,-183.3,60.2,0.024,0.144
odysseus,arm.L.pitch,43.25,-115.9,154.6,-183.3,60.2,0.0267,0.145
odysseus,arm.L.pitch,43.333,-114.5,16.6,-183.3,60.2,0.0285,0.018
odysseus,arm.L.pitch,43.417,-122.5,-95.7,-183.3,60.2,0.0262,0.089
odysseus,arm.L.pitch,43.5,-130,-89.6,-183.3,60.2,0.0226,0.072
odysseus,arm.L.pitch,43.583,-131.8,-21.9,-183.3,60.2,0.0228,0.018
odysseus,arm.L.pitch,43.667,-131.8,0,-183.3,60.2,0.0222,0.001
odysseus,arm.L.pitch,53.417,-131.8,0,-183.3,60.2,0.0219,0.001
odysseus,arm.L.out,0,0,0,-11.5,31.5,0,0
odysseus,arm.L.out,53.417,0,0,-11.5,31.5,0,0
odysseus,hand.R.roll,0,0,0,-74.5,74.5,0,0
odysseus,hand.R.roll,12.75,1.1,13.3,-74.5,74.5,0,0
odysseus,hand.R.roll,12.833,4,35,-74.5,74.5,0,0
odysseus,hand.R.roll,12.917,8.2,49.6,-74.5,74.5,0,0
odysseus,hand.R.roll,13,12.9,56.8,-74.5,74.5,0,0
odysseus,hand.R.roll,13.083,17.6,56.8,-74.5,74.5,0,0
odysseus,hand.R.roll,13.167,21.8,49.6,-74.5,74.5,0,0
odysseus,hand.R.roll,13.25,24.7,35,-74.5,74.5,0,0
odysseus,hand.R.roll,13.333,25.8,13.3,-74.5,74.5,0,0
odysseus,hand.R.roll,13.417,24.9,-10.6,-74.5,74.5,0,0
odysseus,hand.R.roll,13.5,22.5,-28.4,-74.5,74.5,0,0
odysseus,hand.R.roll,13.583,19.1,-41.2,-74.5,74.5,0,0
odysseus,hand.R.roll,13.667,15,-48.8,-74.5,74.5,0,0
odysseus,hand.R.roll,13.75,10.8,-51.4,-74.5,74.5,0,0
odysseus,hand.R.roll,13.833,6.7,-48.8,-74.5,74.5,0,0
odysseus,hand.R.roll,13.917,3.3,-41.2,-74.5,74.5,0,0
odysseus,hand.R.roll,14,0.9,-28.4,-74.5,74.5,0,0
odysseus,hand.R.roll,14.083,0,-10.6,-74.5,74.5,0,0
odysseus,hand.R.roll,14.167,0,0,-74.5,74.5,0,0
odysseus,hand.R.roll,22.75,1.4,17.1,-74.5,74.5,0,0
odysseus,hand.R.roll,22.833,5.1,44.2,-74.5,74.5,0,0
odysseus,hand.R.roll,22.917,10.1,60.4,-74.5,74.5,0,0
odysseus,hand.R.roll,23,15.6,65.8,-74.5,74.5,0,0
odysseus,hand.R.roll,23.083,20.7,60.4,-74.5,74.5,0,0
odysseus,hand.R.roll,23.167,24.4,44.2,-74.5,74.5,0,0
odysseus,hand.R.roll,23.25,25.8,17.1,-74.5,74.5,0,0
odysseus,hand.R.roll,23.333,24.4,-16.1,-74.5,74.5,0,0
odysseus,hand.R.roll,23.417,23.1,-16.1,-74.5,74.5,0,0
odysseus,hand.R.roll,23.5,21.4,-20.5,-74.5,74.5,0,0
odysseus,hand.R.roll,23.583,17.1,-51.3,-74.5,74.5,0,0
odysseus,hand.R.roll,23.667,11.6,-66.7,-74.5,74.5,0,0
odysseus,hand.R.roll,23.75,6,-66.7,-74.5,74.5,0,0
odysseus,hand.R.roll,23.833,1.7,-51.3,-74.5,74.5,0,0
odysseus,hand.R.roll,23.917,0,-20.5,-74.5,74.5,0,0
odysseus,hand.R.roll,24,0,0,-74.5,74.5,0,0
odysseus,hand.R.roll,53.417,0,0,-74.5,74.5,0,0
odysseus,hand.L.roll,0,0,0,-74.5,74.5,0,0
odysseus,hand.L.roll,53.417,0,0,-74.5,74.5,0,0
odysseus,leg.R.pitch,0,0,0,-91.7,54.4,0,0
odysseus,leg.R.pitch,8.917,3,36.2,-91.7,54.4,0.0049,0.006
odysseus,leg.R.pitch,9,14.8,141,-91.7,54.4,0.0211,0.105
odysseus,leg.R.pitch,9.083,26.5,141.2,-91.7,54.4,0.0307,0.153
odysseus,leg.R.pitch,9.167,22.5,-48,-91.7,54.4,0.0328,0.057
odysseus,leg.R.pitch,9.25,1.8,-249.1,-91.7,54.4,0.009,0.078
odysseus,leg.R.pitch,9.333,-20.9,-271.9,-91.7,54.4,0.0253,0.241
odysseus,leg.R.pitch,9.417,-34.5,-163,-91.7,54.4,0.0426,0.246
odysseus,leg.R.pitch,9.5,-31.6,34,-91.7,54.4,0.0428,0.054
odysseus,leg.R.pitch,9.583,-12.7,227.1,-91.7,54.4,0.0217,0.173
odysseus,leg.R.pitch,9.667,13.2,311.3,-91.7,54.4,0.0186,0.203
odysseus,leg.R.pitch,9.75,32.3,229,-91.7,54.4,0.0395,0.319
odysseus,leg.R.pitch,9.833,33.4,13.7,-91.7,54.4,0.0452,0.026
odysseus,leg.R.pitch,9.917,15.3,-217.7,-91.7,54.4,0.026,0.199
odysseus,leg.R.pitch,10,-12,-327.7,-91.7,54.4,0.018,0.207
odysseus,leg.R.pitch,10.083,-32.3,-243.5,-91.7,54.4,0.0396,0.339
odysseus,leg.R.pitch,10.167,-33.1,-9.6,-91.7,54.4,0.0455,0.019
odysseus,leg.R.pitch,10.25,-13.6,233.4,-91.7,54.4,0.0245,0.201
odysseus,leg.R.pitch,10.333,14.2,334.4,-91.7,54.4,0.0203,0.238
odysseus,leg.R.pitch,10.417,33.3,229.4,-91.7,54.4,0.0413,0.334
odysseus,leg.R.pitch,10.5,32,-16.5,-91.7,54.4,0.0448,0.03
odysseus,leg.R.pitch,10.583,11.1,-250.2,-91.7,54.4,0.0212,0.186
odysseus,leg.R.pitch,10.667,-16.3,-329.4,-91.7,54.4,0.022,0.254
odysseus,leg.R.pitch,10.75,-33.9,-210.8,-91.7,54.4,0.0424,0.315
odysseus,leg.R.pitch,10.833,-31.6,28,-91.7,54.4,0.0441,0.047
odysseus,leg.R.pitch,10.917,-11.3,243.4,-91.7,54.4,0.0208,0.178
odysseus,leg.R.pitch,11,15,315.4,-91.7,54.4,0.0202,0.224
odysseus,leg.R.pitch,11.083,32.9,214.4,-91.7,54.4,0.0407,0.308
odysseus,leg.R.pitch,11.167,33.5,7.1,-91.7,54.4,0.045,0.015
odysseus,leg.R.pitch,11.25,17.5,-191.9,-91.7,54.4,0.0274,0.185
odysseus,leg.R.pitch,11.333,-6.4,-286.8,-91.7,54.4,0.0109,0.11
odysseus,leg.R.pitch,11.417,-26.9,-245.4,-91.7,54.4,0.0325,0.28
odysseus,leg.R.pitch,11.5,-34.1,-87.1,-91.7,54.4,0.0439,0.137
odysseus,leg.R.pitch,11.583,-21.9,146.6,-91.7,54.4,0.0336,0.174
odysseus,leg.R.pitch,11.667,-5.6,196.2,-91.7,54.4,0.0084,0.057
odysseus,leg.R.pitch,11.75,0.8,76.5,-91.7,54.4,0.0051,0.014
odysseus,leg.R.pitch,11.833,0,-9.8,-91.7,54.4,0.003,0.001
odysseus,leg.R.pitch,11.917,0,0,-91.7,54.4,0.0003,0
odysseus,leg.R.pitch,23.5,0.4,4.9,-91.7,54.4,0.0007,0
odysseus,leg.R.pitch,23.583,6.6,74.4,-91.7,54.4,0.0103,0.027
odysseus,leg.R.pitch,23.667,19,148.1,-91.7,54.4,0.0248,0.13
odysseus,leg.R.pitch,23.75,25.3,76.7,-91.7,54.4,0.0318,0.087
odysseus,leg.R.pitch,23.833,14.3,-132.3,-91.7,54.4,0.0241,0.113
odysseus,leg.R.pitch,23.917,-8.4,-272.3,-91.7,54.4,0.0148,0.141
odysseus,leg.R.pitch,24,-28.2,-237.7,-91.7,54.4,0.0336,0.281
odysseus,leg.R.pitch,24.083,-35.5,-87.8,-91.7,54.4,0.045,0.142
odysseus,leg.R.pitch,24.167,-25.9,115.5,-91.7,54.4,0.0369,0.152
odysseus,leg.R.pitch,24.25,-3.1,273.4,-91.7,54.4,0.0091,0.087
odysseus,leg.R.pitch,24.333,21.7,297,-91.7,54.4,0.0262,0.272
odysseus,leg.R.pitch,24.417,35.1,160.9,-91.7,54.4,0.0441,0.252
odysseus,leg.R.pitch,24.5,29.2,-70.7,-91.7,54.4,0.0414,0.106
odysseus,leg.R.pitch,24.583,6.6,-270.8,-91.7,54.4,0.0148,0.14
odysseus,leg.R.pitch,24.667,-20,-319.2,-91.7,54.4,0.0251,0.281
odysseus,leg.R.pitch,24.75,-34.9,-179.4,-91.7,54.4,0.0441,0.28
odysseus,leg.R.pitch,24.833,-29,71.5,-91.7,54.4,0.0419,0.108
odysseus,leg.R.pitch,24.917,-5.4,283.1,-91.7,54.4,0.0137,0.136
odysseus,leg.R.pitch,25,21.6,323.5,-91.7,54.4,0.0266,0.302
odysseus,leg.R.pitch,25.083,35.3,164.9,-91.7,54.4,0.0451,0.264
odysseus,leg.R.pitch,25.167,27.3,-95.9,-91.7,54.4,0.0404,0.139
odysseus,leg.R.pitch,25.25,2.6,-297,-91.7,54.4,0.0099,0.103
odysseus,leg.R.pitch,25.333,-23.7,-315,-91.7,54.4,0.0282,0.312
odysseus,leg.R.pitch,25.417,-35.5,-141.6,-91.7,54.4,0.0458,0.231
odysseus,leg.R.pitch,25.5,-26,113.9,-91.7,54.4,0.0388,0.157
odysseus,leg.R.pitch,25.583,-1.3,296.8,-91.7,54.4,0.0078,0.081
odysseus,leg.R.pitch,25.667,24,303.1,-91.7,54.4,0.0281,0.299
odysseus,leg.R.pitch,25.75,35.5,137.5,-91.7,54.4,0.0455,0.223
odysseus,leg.R.pitch,25.833,27.3,-97.9,-91.7,54.4,0.0395,0.138
odysseus,leg.R.pitch,25.917,4.7,-271.2,-91.7,54.4,0.0115,0.11
odysseus,leg.R.pitch,26,-20,-296.1,-91.7,54.4,0.0243,0.252
odysseus,leg.R.pitch,26.083,-34.3,-172.3,-91.7,54.4,0.043,0.262
odysseus,leg.R.pitch,26.167,-32.2,26.2,-91.7,54.4,0.0433,0.043
odysseus,leg.R.pitch,26.25,-15.5,199.6,-91.7,54.4,0.0243,0.171
odysseus,leg.R.pitch,26.333,7.3,273.5,-91.7,54.4,0.0112,0.107
odysseus,leg.R.pitch,26.417,22.3,179.9,-91.7,54.4,0.0292,0.185
odysseus,leg.R.pitch,26.5,19.7,-30.2,-91.7,54.4,0.0304,0.034
odysseus,leg.R.pitch,26.583,8.2,-138.2,-91.7,54.4,0.0135,0.066
odysseus,leg.R.pitch,26.667,0.8,-88.8,-91.7,54.4,0.0027,0.008
odysseus,leg.R.pitch,26.75,0,-10,-91.7,54.4,0.0027,0.001
odysseus,leg.R.pitch,26.833,0,0,-91.7,54.4,0.0003,0
odysseus,leg.R.pitch,40.417,3.4,40.4,-91.7,54.4,0.0054,0.008
odysseus,leg.R.pitch,40.5,14.4,132.6,-91.7,54.4,0.0203,0.095
odysseus,leg.R.pitch,40.583,24.7,123.5,-91.7,54.4,0.029,0.127
odysseus,leg.R.pitch,40.667,20.4,-52.1,-91.7,54.4,0.0299,0.056
odysseus,leg.R.pitch,40.75,0,-244.8,-91.7,54.4,0.0066,0.056
odysseus,leg.R.pitch,40.833,-22.1,-265.2,-91.7,54.4,0.0265,0.247
odysseus,leg.R.pitch,40.917,-34.8,-151.7,-91.7,54.4,0.043,0.232
odysseus,leg.R.pitch,41,-31.2,42.7,-91.7,54.4,0.0422,0.066
odysseus,leg.R.pitch,41.083,-12.1,228.8,-91.7,54.4,0.0208,0.167
odysseus,leg.R.pitch,41.167,13.5,307.5,-91.7,54.4,0.0187,0.202
odysseus,leg.R.pitch,41.25,32.3,225.6,-91.7,54.4,0.0395,0.314
odysseus,leg.R.pitch,41.333,33.6,15.4,-91.7,54.4,0.0452,0.028
odysseus,leg.R.pitch,41.417,15.9,-211.9,-91.7,54.4,0.0266,0.198
odysseus,leg.R.pitch,41.5,-11.1,-324.1,-91.7,54.4,0.0171,0.194
odysseus,leg.R.pitch,41.583,-31.8,-248.2,-91.7,54.4,0.0388,0.339
odysseus,leg.R.pitch,41.667,-33.6,-21.6,-91.7,54.4,0.0457,0.039
odysseus,leg.R.pitch,41.75,-15.1,222.3,-91.7,54.4,0.0262,0.204
odysseus,leg.R.pitch,41.833,12.7,333.3,-91.7,54.4,0.0189,0.221
odysseus,leg.R.pitch,41.917,32.7,240.2,-91.7,54.4,0.0403,0.341
odysseus,leg.R.pitch,42,32.6,-1.5,-91.7,54.4,0.0453,0.007
odysseus,leg.R.pitch,42.083,12.4,-242.1,-91.7,54.4,0.023,0.196
odysseus,leg.R.pitch,42.167,-15.3,-332.9,-91.7,54.4,0.0212,0.248
odysseus,leg.R.pitch,42.25,-33.7,-220.1,-91.7,54.4,0.0419,0.326
odysseus,leg.R.pitch,42.333,-31.7,23.6,-91.7,54.4,0.0444,0.04
odysseus,leg.R.pitch,42.417,-11,248.6,-91.7,54.4,0.0208,0.181
odysseus,leg.R.pitch,42.5,16,323.2,-91.7,54.4,0.0214,0.243
odysseus,leg.R.pitch,42.583,33.6,211.2,-91.7,54.4,0.0418,0.312
odysseus,leg.R.pitch,42.667,32.4,-14.5,-91.7,54.4,0.0445,0.026
odysseus,leg.R.pitch,42.75,13.7,-223.4,-91.7,54.4,0.0235,0.184
odysseus,leg.R.pitch,42.833,-11.8,-305.9,-91.7,54.4,0.0168,0.18
odysseus,leg.R.pitch,42.917,-30.9,-230.1,-91.7,54.4,0.0379,0.307
odysseus,leg.R.pitch,43,-34.9,-47.5,-91.7,54.4,0.0455,0.08
odysseus,leg.R.pitch,43.083,-22.8,145.3,-91.7,54.4,0.0332,0.171
odysseus,leg.R.pitch,43.167,-1.1,260.7,-91.7,54.4,0.0052,0.048
odysseus,leg.R.pitch,43.25,18.5,234.9,-91.7,54.4,0.0227,0.187
odysseus,leg.R.pitch,43.333,21.9,40.3,-91.7,54.4,0.0322,0.047
odysseus,leg.R.pitch,43.417,12,-119.1,-91.7,54.4,0.0197,0.083
odysseus,leg.R.pitch,43.5,2.3,-115.7,-91.7,54.4,0.0029,0.012
odysseus,leg.R.pitch,43.583,0,-27.7,-91.7,54.4,0.003,0.003
odysseus,leg.R.pitch,43.667,0,0,-91.7,54.4,0.0009,0
odysseus,leg.R.pitch,53.417,0,0,-91.7,54.4,0,0
odysseus,leg.L.pitch,0,0,0,-91.7,54.4,0,0
odysseus,leg.L.pitch,8.917,-3,-36.2,-91.7,54.4,0.0049,0.006
odysseus,leg.L.pitch,9,-14.8,-141,-91.7,54.4,0.0211,0.105
odysseus,leg.L.pitch,9.083,-26.5,-141.2,-91.7,54.4,0.0307,0.153
odysseus,leg.L.pitch,9.167,-22.5,48,-91.7,54.4,0.0328,0.057
odysseus,leg.L.pitch,9.25,-1.8,249.1,-91.7,54.4,0.009,0.078
odysseus,leg.L.pitch,9.333,20.9,271.9,-91.7,54.4,0.0253,0.241
odysseus,leg.L.pitch,9.417,34.5,163,-91.7,54.4,0.0426,0.246
odysseus,leg.L.pitch,9.5,31.6,-34,-91.7,54.4,0.0428,0.054
odysseus,leg.L.pitch,9.583,12.7,-227.1,-91.7,54.4,0.0217,0.173
odysseus,leg.L.pitch,9.667,-13.2,-311.3,-91.7,54.4,0.0186,0.203
odysseus,leg.L.pitch,9.75,-32.3,-229,-91.7,54.4,0.0395,0.319
odysseus,leg.L.pitch,9.833,-33.4,-13.7,-91.7,54.4,0.0452,0.026
odysseus,leg.L.pitch,9.917,-15.3,217.7,-91.7,54.4,0.026,0.199
odysseus,leg.L.pitch,10,12,327.7,-91.7,54.4,0.018,0.207
odysseus,leg.L.pitch,10.083,32.3,243.5,-91.7,54.4,0.0396,0.339
odysseus,leg.L.pitch,10.167,33.1,9.6,-91.7,54.4,0.0455,0.019
odysseus,leg.L.pitch,10.25,13.6,-233.4,-91.7,54.4,0.0245,0.201
odysseus,leg.L.pitch,10.333,-14.2,-334.4,-91.7,54.4,0.0203,0.238
odysseus,leg.L.pitch,10.417,-33.3,-229.4,-91.7,54.4,0.0413,0.334
odysseus,leg.L.pitch,10.5,-32,16.5,-91.7,54.4,0.0448,0.03
odysseus,leg.L.pitch,10.583,-11.1,250.2,-91.7,54.4,0.0212,0.186
odysseus,leg.L.pitch,10.667,16.3,329.4,-91.7,54.4,0.022,0.254
odysseus,leg.L.pitch,10.75,33.9,210.8,-91.7,54.4,0.0424,0.315
odysseus,leg.L.pitch,10.833,31.6,-28,-91.7,54.4,0.0441,0.047
odysseus,leg.L.pitch,10.917,11.3,-243.4,-91.7,54.4,0.0208,0.178
odysseus,leg.L.pitch,11,-15,-315.4,-91.7,54.4,0.0202,0.224
odysseus,leg.L.pitch,11.083,-32.9,-214.4,-91.7,54.4,0.0407,0.308
odysseus,leg.L.pitch,11.167,-33.5,-7.1,-91.7,54.4,0.045,0.015
odysseus,leg.L.pitch,11.25,-17.5,191.9,-91.7,54.4,0.0274,0.185
odysseus,leg.L.pitch,11.333,6.4,286.8,-91.7,54.4,0.0109,0.11
odysseus,leg.L.pitch,11.417,26.9,245.4,-91.7,54.4,0.0325,0.28
odysseus,leg.L.pitch,11.5,34.1,87.1,-91.7,54.4,0.0439,0.137
odysseus,leg.L.pitch,11.583,21.9,-146.6,-91.7,54.4,0.0336,0.174
odysseus,leg.L.pitch,11.667,5.6,-196.2,-91.7,54.4,0.0084,0.057
odysseus,leg.L.pitch,11.75,-0.8,-76.5,-91.7,54.4,0.0051,0.014
odysseus,leg.L.pitch,11.833,0,9.8,-91.7,54.4,0.003,0.001
odysseus,leg.L.pitch,11.917,0,0,-91.7,54.4,0.0003,0
odysseus,leg.L.pitch,23.5,-0.4,-4.9,-91.7,54.4,0.0007,0
odysseus,leg.L.pitch,23.583,-6.6,-74.4,-91.7,54.4,0.0103,0.027
odysseus,leg.L.pitch,23.667,-19,-148.1,-91.7,54.4,0.0248,0.13
odysseus,leg.L.pitch,23.75,-25.3,-76.7,-91.7,54.4,0.0318,0.087
odysseus,leg.L.pitch,23.833,-14.3,132.3,-91.7,54.4,0.0241,0.113
odysseus,leg.L.pitch,23.917,8.4,272.3,-91.7,54.4,0.0148,0.141
odysseus,leg.L.pitch,24,28.2,237.7,-91.7,54.4,0.0336,0.281
odysseus,leg.L.pitch,24.083,35.5,87.8,-91.7,54.4,0.045,0.142
odysseus,leg.L.pitch,24.167,25.9,-115.5,-91.7,54.4,0.0369,0.152
odysseus,leg.L.pitch,24.25,3.1,-273.4,-91.7,54.4,0.0091,0.087
odysseus,leg.L.pitch,24.333,-21.7,-297,-91.7,54.4,0.0262,0.272
odysseus,leg.L.pitch,24.417,-35.1,-160.9,-91.7,54.4,0.0441,0.252
odysseus,leg.L.pitch,24.5,-29.2,70.7,-91.7,54.4,0.0414,0.106
odysseus,leg.L.pitch,24.583,-6.6,270.8,-91.7,54.4,0.0148,0.14
odysseus,leg.L.pitch,24.667,20,319.2,-91.7,54.4,0.0251,0.281
odysseus,leg.L.pitch,24.75,34.9,179.4,-91.7,54.4,0.0441,0.28
odysseus,leg.L.pitch,24.833,29,-71.5,-91.7,54.4,0.0419,0.108
odysseus,leg.L.pitch,24.917,5.4,-283.1,-91.7,54.4,0.0137,0.136
odysseus,leg.L.pitch,25,-21.6,-323.5,-91.7,54.4,0.0266,0.302
odysseus,leg.L.pitch,25.083,-35.3,-164.9,-91.7,54.4,0.0451,0.264
odysseus,leg.L.pitch,25.167,-27.3,95.9,-91.7,54.4,0.0404,0.139
odysseus,leg.L.pitch,25.25,-2.6,297,-91.7,54.4,0.0099,0.103
odysseus,leg.L.pitch,25.333,23.7,315,-91.7,54.4,0.0282,0.312
odysseus,leg.L.pitch,25.417,35.5,141.6,-91.7,54.4,0.0458,0.231
odysseus,leg.L.pitch,25.5,26,-113.9,-91.7,54.4,0.0388,0.157
odysseus,leg.L.pitch,25.583,1.3,-296.8,-91.7,54.4,0.0078,0.081
odysseus,leg.L.pitch,25.667,-24,-303.1,-91.7,54.4,0.0281,0.299
odysseus,leg.L.pitch,25.75,-35.5,-137.5,-91.7,54.4,0.0455,0.223
odysseus,leg.L.pitch,25.833,-27.3,97.9,-91.7,54.4,0.0395,0.138
odysseus,leg.L.pitch,25.917,-4.7,271.2,-91.7,54.4,0.0115,0.11
odysseus,leg.L.pitch,26,20,296.1,-91.7,54.4,0.0243,0.252
odysseus,leg.L.pitch,26.083,34.3,172.3,-91.7,54.4,0.043,0.262
odysseus,leg.L.pitch,26.167,32.2,-26.2,-91.7,54.4,0.0433,0.043
odysseus,leg.L.pitch,26.25,15.5,-199.6,-91.7,54.4,0.0243,0.171
odysseus,leg.L.pitch,26.333,-7.3,-273.5,-91.7,54.4,0.0112,0.107
odysseus,leg.L.pitch,26.417,-22.3,-179.9,-91.7,54.4,0.0292,0.185
odysseus,leg.L.pitch,26.5,-19.7,30.2,-91.7,54.4,0.0304,0.034
odysseus,leg.L.pitch,26.583,-8.2,138.2,-91.7,54.4,0.0135,0.066
odysseus,leg.L.pitch,26.667,-0.8,88.8,-91.7,54.4,0.0027,0.008
odysseus,leg.L.pitch,26.75,0,10,-91.7,54.4,0.0027,0.001
odysseus,leg.L.pitch,26.833,0,0,-91.7,54.4,0.0003,0
odysseus,leg.L.pitch,40.417,-3.4,-40.4,-91.7,54.4,0.0054,0.008
odysseus,leg.L.pitch,40.5,-14.4,-132.6,-91.7,54.4,0.0203,0.095
odysseus,leg.L.pitch,40.583,-24.7,-123.5,-91.7,54.4,0.029,0.127
odysseus,leg.L.pitch,40.667,-20.4,52.1,-91.7,54.4,0.0299,0.056
odysseus,leg.L.pitch,40.75,0,244.8,-91.7,54.4,0.0066,0.056
odysseus,leg.L.pitch,40.833,22.1,265.2,-91.7,54.4,0.0265,0.247
odysseus,leg.L.pitch,40.917,34.8,151.7,-91.7,54.4,0.043,0.232
odysseus,leg.L.pitch,41,31.2,-42.7,-91.7,54.4,0.0422,0.066
odysseus,leg.L.pitch,41.083,12.1,-228.8,-91.7,54.4,0.0208,0.167
odysseus,leg.L.pitch,41.167,-13.5,-307.5,-91.7,54.4,0.0187,0.202
odysseus,leg.L.pitch,41.25,-32.3,-225.6,-91.7,54.4,0.0395,0.314
odysseus,leg.L.pitch,41.333,-33.6,-15.4,-91.7,54.4,0.0452,0.028
odysseus,leg.L.pitch,41.417,-15.9,211.9,-91.7,54.4,0.0266,0.198
odysseus,leg.L.pitch,41.5,11.1,324.1,-91.7,54.4,0.0171,0.194
odysseus,leg.L.pitch,41.583,31.8,248.2,-91.7,54.4,0.0388,0.339
odysseus,leg.L.pitch,41.667,33.6,21.6,-91.7,54.4,0.0457,0.039
odysseus,leg.L.pitch,41.75,15.1,-222.3,-91.7,54.4,0.0262,0.204
odysseus,leg.L.pitch,41.833,-12.7,-333.3,-91.7,54.4,0.0189,0.221
odysseus,leg.L.pitch,41.917,-32.7,-240.2,-91.7,54.4,0.0403,0.341
odysseus,leg.L.pitch,42,-32.6,1.5,-91.7,54.4,0.0453,0.007
odysseus,leg.L.pitch,42.083,-12.4,242.1,-91.7,54.4,0.023,0.196
odysseus,leg.L.pitch,42.167,15.3,332.9,-91.7,54.4,0.0212,0.248
odysseus,leg.L.pitch,42.25,33.7,220.1,-91.7,54.4,0.0419,0.326
odysseus,leg.L.pitch,42.333,31.7,-23.6,-91.7,54.4,0.0444,0.04
odysseus,leg.L.pitch,42.417,11,-248.6,-91.7,54.4,0.0208,0.181
odysseus,leg.L.pitch,42.5,-16,-323.2,-91.7,54.4,0.0214,0.243
odysseus,leg.L.pitch,42.583,-33.6,-211.2,-91.7,54.4,0.0418,0.312
odysseus,leg.L.pitch,42.667,-32.4,14.5,-91.7,54.4,0.0445,0.026
odysseus,leg.L.pitch,42.75,-13.7,223.4,-91.7,54.4,0.0235,0.184
odysseus,leg.L.pitch,42.833,11.8,305.9,-91.7,54.4,0.0168,0.18
odysseus,leg.L.pitch,42.917,30.9,230.1,-91.7,54.4,0.0379,0.307
odysseus,leg.L.pitch,43,34.9,47.5,-91.7,54.4,0.0455,0.08
odysseus,leg.L.pitch,43.083,22.8,-145.3,-91.7,54.4,0.0332,0.171
odysseus,leg.L.pitch,43.167,1.1,-260.7,-91.7,54.4,0.0052,0.048
odysseus,leg.L.pitch,43.25,-18.5,-234.9,-91.7,54.4,0.0227,0.187
odysseus,leg.L.pitch,43.333,-21.9,-40.3,-91.7,54.4,0.0322,0.047
odysseus,leg.L.pitch,43.417,-12,119.1,-91.7,54.4,0.0197,0.083
odysseus,leg.L.pitch,43.5,-2.3,115.7,-91.7,54.4,0.0029,0.012
odysseus,leg.L.pitch,43.583,0,27.7,-91.7,54.4,0.003,0.003
odysseus,leg.L.pitch,43.667,0,0,-91.7,54.4,0.0009,0
odysseus,leg.L.pitch,53.417,0,0,-91.7,54.4,0,0
