0 FILE parts/30374.dat
0 Bar  4L Lightsaber Blade
0 Name: 30374.dat
0 Author: Steve Bliss [sbliss]
0 !LDRAW_ORG Part UPDATE 2025-09
0 !LICENSE Licensed under CC BY 4.0 : see CAreadme.txt

0 BFC CERTIFY CCW

0 !KEYWORDS bar, minifig accessory, saber, Star Wars, tool

0 !HISTORY 2002-07-26 [sbliss] Corrected spacing in title, applied BFC
0 !HISTORY 2003-08-01 [PTadmin] Official Update 2003-02
0 !HISTORY 2007-06-07 [PTadmin] Header formatted for Contributor Agreement
0 !HISTORY 2008-07-01 [PTadmin] Official Update 2008-01
0 !HISTORY 2017-12-31 [cwdee] Correct lightsaber spelling
0 !HISTORY 2018-01-30 [PTadmin] Official Update 2018-01
0 !HISTORY 2025-09-27 [OrionP] Changed winding to CCW
0 !HISTORY 2025-09-29 [OrionP] Official Update 2025-09

1 16 0 0 0 4 0 0 0 1 0 0 0 4 4-4edge.dat
1 16 0 80 0 4 0 0 0 1 0 0 0 4 4-4edge.dat
1 16 0 0 0 4 0 0 0 1 0 0 0 4 4-4disc.dat
1 16 0 0 0 4 0 0 0 80 0 0 0 4 4-4cyli.dat
1 16 0 80 0 -4 0 0 0 -1 0 0 0 4 4-4disc.dat
0
0 FILE p/4-4disc.dat
0 Disc 1.0
0 Name: 4-4disc.dat
0 Author: James Jessiman
0 !LDRAW_ORG Primitive UPDATE 2002-02
0 !LICENSE Licensed under CC BY 4.0 : see CAreadme.txt

0 BFC CERTIFY CCW

0 !HISTORY 1998-12-15 [PTadmin] Official Update 1998-10
0 !HISTORY 2002-03-23 [sbliss] Added BFC statement
0 !HISTORY 2002-04-25 [PTadmin] Official Update 2002-02
0 !HISTORY 2007-06-24 [PTadmin] Header formatted for Contributor Agreement
0 !HISTORY 2008-07-01 [PTadmin] Official Update 2008-01


3 16 0 0 0 1 0 0 0.9239 0 0.3827
3 16 0 0 0 0.9239 0 0.3827 0.7071 0 0.7071
3 16 0 0 0 0.7071 0 0.7071 0.3827 0 0.9239
3 16 0 0 0 0.3827 0 0.9239 0 0 1
3 16 0 0 0 0 0 1 -0.3827 0 0.9239
3 16 0 0 0 -0.3827 0 0.9239 -0.7071 0 0.7071
3 16 0 0 0 -0.7071 0 0.7071 -0.9239 0 0.3827
3 16 0 0 0 -0.9239 0 0.3827 -1 0 -0
3 16 0 0 0 -1 0 -0 -0.9239 0 -0.3827
3 16 0 0 0 -0.9239 0 -0.3827 -0.7071 0 -0.7071
3 16 0 0 0 -0.7071 0 -0.7071 -0.3827 0 -0.9239
3 16 0 0 0 -0.3827 0 -0.9239 0 0 -1
3 16 0 0 0 0 0 -1 0.3827 0 -0.9239
3 16 0 0 0 0.3827 0 -0.9239 0.7071 0 -0.7071
3 16 0 0 0 0.7071 0 -0.7071 0.9239 0 -0.3827
3 16 0 0 0 0.9239 0 -0.3827 1 0 0
0
0 FILE p/4-4cyli.dat
0 Cylinder 1.0
0 Name: 4-4cyli.dat
0 Author: James Jessiman
0 !LDRAW_ORG Primitive UPDATE 2005-01
0 !LICENSE Licensed under CC BY 4.0 : see CAreadme.txt

0 BFC CERTIFY CCW

0 !HISTORY 1998-12-15 [PTadmin] Official Update 1998-10
0 !HISTORY 2002-03-23 [sbliss] Added BFC statement; merged headers from files in distributions LDraw 0.27 and Complete.
0 !HISTORY 2002-04-25 [PTadmin] Official Update 2002-02
0 !HISTORY 2004-12-14 [guyvivan] BFC CCW
0 !HISTORY 2005-12-28 [PTadmin] Official Update 2005-01
0 !HISTORY 2007-06-24 [PTadmin] Header formatted for Contributor Agreement
0 !HISTORY 2008-07-01 [PTadmin] Official Update 2008-01


4 16 1 1 0 0.9239 1 0.3827 0.9239 0 0.3827 1 0 0
5 24 1 0 0 1 1 0 0.9239 0 0.3827 0.9239 0 -0.3827
4 16 0.9239 1 0.3827 0.7071 1 0.7071 0.7071 0 0.7071 0.9239 0 0.3827
5 24 0.9239 0 0.3827 0.9239 1 0.3827 0.7071 0 0.7071 1 0 0
4 16 0.7071 1 0.7071 0.3827 1 0.9239 0.3827 0 0.9239 0.7071 0 0.7071
5 24 0.7071 0 0.7071 0.7071 1 0.7071 0.3827 0 0.9239 0.9239 0 0.3827
4 16 0.3827 1 0.9239 0 1 1 0 0 1 0.3827 0 0.9239
5 24 0.3827 0 0.9239 0.3827 1 0.9239 0 0 1 0.7071 0 0.7071
4 16 0 1 1 -0.3827 1 0.9239 -0.3827 0 0.9239 0 0 1
5 24 0 0 1 0 1 1 -0.3827 0 0.9239 0.3827 0 0.9239
4 16 -0.3827 1 0.9239 -0.7071 1 0.7071 -0.7071 0 0.7071 -0.3827 0 0.9239
5 24 -0.3827 0 0.9239 -0.3827 1 0.9239 -0.7071 0 0.7071 0 0 1
4 16 -0.7071 1 0.7071 -0.9239 1 0.3827 -0.9239 0 0.3827 -0.7071 0 0.7071
5 24 -0.7071 0 0.7071 -0.7071 1 0.7071 -0.9239 0 0.3827 -0.3827 0 0.9239
4 16 -0.9239 1 0.3827 -1 1 0 -1 0 0 -0.9239 0 0.3827
5 24 -0.9239 0 0.3827 -0.9239 1 0.3827 -1 0 0 -0.7071 0 0.7071
4 16 -1 1 0 -0.9239 1 -0.3827 -0.9239 0 -0.3827 -1 0 0
5 24 -1 0 0 -1 1 0 -0.9239 0 -0.3827 -0.9239 0 0.3827
4 16 -0.9239 1 -0.3827 -0.7071 1 -0.7071 -0.7071 0 -0.7071 -0.9239 0 -0.3827
5 24 -0.9239 0 -0.3827 -0.9239 1 -0.3827 -0.7071 0 -0.7071 -1 0 0
4 16 -0.7071 1 -0.7071 -0.3827 1 -0.9239 -0.3827 0 -0.9239 -0.7071 0 -0.7071
5 24 -0.7071 0 -0.7071 -0.7071 1 -0.7071 -0.3827 0 -0.9239 -0.9239 0 -0.3827
4 16 -0.3827 1 -0.9239 0 1 -1 0 0 -1 -0.3827 0 -0.9239
5 24 -0.3827 0 -0.9239 -0.3827 1 -0.9239 0 0 -1 -0.7071 0 -0.7071
4 16 0 1 -1 0.3827 1 -0.9239 0.3827 0 -0.9239 0 0 -1
5 24 0 0 -1 0 1 -1 0.3827 0 -0.9239 -0.3827 0 -0.9239
4 16 0.3827 1 -0.9239 0.7071 1 -0.7071 0.7071 0 -0.7071 0.3827 0 -0.9239
5 24 0.3827 0 -0.9239 0.3827 1 -0.9239 0.7071 0 -0.7071 0 0 -1
4 16 0.7071 1 -0.7071 0.9239 1 -0.3827 0.9239 0 -0.3827 0.7071 0 -0.7071
5 24 0.7071 0 -0.7071 0.7071 1 -0.7071 0.9239 0 -0.3827 0.3827 0 -0.9239
4 16 0.9239 1 -0.3827 1 1 0 1 0 0 0.9239 0 -0.3827
5 24 0.9239 0 -0.3827 0.9239 1 -0.3827 1 0 0 0.7071 0 -0.7071
0
0 FILE p/4-4edge.dat
0 Circle 1.0
0 Name: 4-4edge.dat
0 Author: James Jessiman
0 !LDRAW_ORG Primitive UPDATE 2017-01
0 !LICENSE Licensed under CC BY 4.0 : see CAreadme.txt

0 BFC CERTIFY CCW

0 !HISTORY 1998-12-15 [PTadmin] Official Update 1998-10
0 !HISTORY 2005-12-28 [PTadmin] Official Update 2005-01
0 !HISTORY 2007-06-24 [PTadmin] Header formatted for Contributor Agreement
0 !HISTORY 2008-07-01 [PTadmin] Official Update 2008-01
0 !HISTORY 2017-01-15 [Steffen] BFCed
0 !HISTORY 2017-12-30 [PTadmin] Official Update 2017-01


2 24 1 0 0 0.9239 0 0.3827
2 24 0.9239 0 0.3827 0.7071 0 0.7071
2 24 0.7071 0 0.7071 0.3827 0 0.9239
2 24 0.3827 0 0.9239 0 0 1
2 24 0 0 1 -0.3827 0 0.9239
2 24 -0.3827 0 0.9239 -0.7071 0 0.7071
2 24 -0.7071 0 0.7071 -0.9239 0 0.3827
2 24 -0.9239 0 0.3827 -1 0 -0
2 24 -1 0 -0 -0.9239 0 -0.3827
2 24 -0.9239 0 -0.3827 -0.7071 0 -0.7071
2 24 -0.7071 0 -0.7071 -0.3827 0 -0.9239
2 24 -0.3827 0 -0.9239 0 0 -1
2 24 0 0 -1 0.3827 0 -0.9239
2 24 0.3827 0 -0.9239 0.7071 0 -0.7071
2 24 0.7071 0 -0.7071 0.9239 0 -0.3827
2 24 0.9239 0 -0.3827 1 0 0
0 FILE parts/30368.dat
0 Minifig Helmet Darth Vader
0 Name: 30368.dat
0 Author: Paul Easter [pneaster]
0 !LDRAW_ORG Part UPDATE 2025-09
0 !LICENSE Licensed under CC BY 4.0 : see CAreadme.txt

0 BFC CERTIFY CCW

0 !CATEGORY Minifig Headwear
0 !KEYWORDS Anakin Skywalker, breath mask, Classic Trilogy
0 !KEYWORDS Dark Lord of the Sith, Star Wars

0 !CMDLINE -c0

0 !HISTORY 2003-11-07 [fwcain] added CMDLINE, some KEYWORDS
0 !HISTORY 2004-04-22 [PTadmin] Official Update 2004-02
0 !HISTORY 2007-07-09 [PTadmin] Header formatted for Contributor Agreement
0 !HISTORY 2008-07-01 [PTadmin] Official Update 2008-01
0 !HISTORY 2008-07-18 [PTadmin] Renamed from 524
0 !HISTORY 2010-12-31 [PTadmin] Official Update 2010-03
0 !HISTORY 2012-12-24 [cwdee] Update category
0 !HISTORY 2012-12-28 [PTadmin] Official Update 2012-03
0 !HISTORY 2025-09-27 [OrionP] Changed winding to CCW
0 !HISTORY 2025-09-29 [OrionP] Official Update 2025-09

1 16 0 -4 0 1 0 0 0 -1 0 0 0 1 stud4.dat
1 16 0 -4 0 6 0 0 0 -1 0 0 0 6 4-4disc.dat
1 16 0 -4 0 2 0 0 0 -1 0 0 0 2 4-4ring4.dat
1 16 0 -4 0 10 0 0 0 1 0 0 0 10 4-4edge.dat
0 BFC INVERTNEXT
1 16 0 -4 0 10 0 0 0 4 0 0 0 10 4-4cyli.dat
1 16 0 0 0 10 0 0 0 1 0 0 0 10 4-4edge.dat
1 16 0 0 0 1.1111 0 0 0 -1 0 0 0 1.1111 1-4ring9.dat
1 16 0 0 0 0 0 -1.1111 0 -1 0 1.1111 0 0 1-4ring9.dat
1 16 0 0 0 -1.1111 0 0 0 -1 0 0 0 -1.1111 1-4ring9.dat
1 16 0 0 0 0 0 1.1111 0 -1 0 -1.1111 0 0 1-4ring9.dat
1 16 0 1 0 13 0 0 0 1 0 0 0 13 4-4edge.dat
0 BFC INVERTNEXT
1 16 0 1 0 2.6 0 0 0 -1 0 0 0 2.6 1-4con4.dat
0 BFC INVERTNEXT
1 16 0 1 0 -2.6 0 0 0 -1 0 0 0 2.6 1-4con4.dat
0 BFC INVERTNEXT
1 16 0 1 0 2.6 0 0 0 -1 0 0 0 -2.6 1-4con4.dat
0 BFC INVERTNEXT
1 16 0 1 0 -2.6 0 0 0 -1 0 0 0 -2.6 1-4con4.dat
0 BFC INVERTNEXT
1 16 0 1 0 13 0 0 0 13 0 0 0 13 4-4cyli.dat
1 16 0 14 0 9.1924 0 9.1924 0 1 0 -9.1924 0 9.1924 3-4edge.dat
1 16 0 -8 5 8 0 0 0 1 0 0 0 8 2-4disc.dat
1 16 0 -8 -5 8 0 0 0 1 0 0 0 -8 2-4disc.dat
4 16 8 -8 -5 8 -8 5 -8 -8 5 -8 -8 -5
1 16 0 5 5 14 0 0 0 1 0 0 0 14 2-4edge.dat
1 16 1.5 -2 12.75 0 1 0 -6 0 0 0 0 6 1-4edge.dat
1 16 -1.5 -2 12.75 0 1 0 -6 0 0 0 0 6 1-4edge.dat
1 16 1.5 -2 -12.75 0 1 0 -6 0 0 0 0 -6 1-4edge.dat
1 16 -1.5 -2 -12.75 0 1 0 -6 0 0 0 0 -6 1-4edge.dat
1 16 1.5 -2 12.75 0 1 0 -7 0 0 0 0 7 1-4edge.dat
1 16 -1.5 -2 12.75 0 1 0 -7 0 0 0 0 7 1-4edge.dat
1 16 1.5 -2 -12.75 0 1 0 -7 0 0 0 0 -7 1-4edge.dat
1 16 -1.5 -2 -12.75 0 1 0 -7 0 0 0 0 -7 1-4edge.dat
1 16 1.5 -2 12.75 0 -3 0 -7 0 0 0 0 7 1-4cyli.dat
1 16 -1.5 -2 -12.75 0 3 0 -7 0 0 0 0 -7 1-4cyli.dat
1 16 1.5 -2 12.75 0 -1 0 -1 0 0 0 0 1 1-4ring6.dat
1 16 -1.5 -2 12.75 0 1 0 -1 0 0 0 0 1 1-4ring6.dat
1 16 1.5 -2 -12.75 0 -1 0 -1 0 0 0 0 -1 1-4ring6.dat
1 16 -1.5 -2 -12.75 0 1 0 -1 0 0 0 0 -1 1-4ring6.dat
0 // top and back raise edge
2 24 1.5 -8 12.75 1.5 -8 -12.75
2 24 -1.5 -8 12.75 -1.5 -8 -12.75
2 24 1.5 -9 12.75 1.5 -9 -12.75
2 24 -1.5 -9 12.75 -1.5 -9 -12.75
4 16 1.5 -9 12.75 1.5 -9 -12.75 1.5 -8 -12.75 1.5 -8 12.75
4 16 -1.5 -9 -12.75 -1.5 -9 12.75 -1.5 -8 12.75 -1.5 -8 -12.75
4 16 1.5 -9 -12.75 1.5 -9 12.75 -1.5 -9 12.75 -1.5 -9 -12.75
2 24 1.5 -2 18.75 1.5 5 18.75
2 24 -1.5 -2 18.75 -1.5 5 18.75
2 24 1.5 -2 19.75 1.5 7.5458 19.75
2 24 -1.5 -2 19.75 -1.5 7.5458 19.75
2 24 1.5 5 18.75 1.5 7.5458 19.75
2 24 -1.5 5 18.75 -1.5 7.5458 19.75
2 24 0 6.8214 19.75 1.5 7.5458 19.75
2 24 0 6.8214 19.75 -1.5 7.5458 19.75
4 16 0 6.8214 19.75 -1.5 -2 19.75 1.5 -2 19.75 1.5 7.5458 19.75
3 16 0 6.8214 19.75 -1.5 7.5458 19.75 -1.5 -2 19.75
4 16 1.5 5 18.75 1.5 7.5458 19.75 1.5 -2 19.75 1.5 -2 18.75
4 16 -1.5 7.5458 19.75 -1.5 5 18.75 -1.5 -2 18.75 -1.5 -2 19.75
0
1 16 0 -2 5 8 0 0 0 -8 0 0 0 8 t04o7500.dat
1 16 0 -2 5 -8 0 0 0 -8 0 0 0 8 t04o7500.dat
1 16 0 -2 -5 8 0 0 0 -8 0 0 0 -8 t04o7500.dat
1 16 0 -2 -5 -8 0 0 0 -8 0 0 0 -8 t04o7500.dat
1 16 8 -2 5 6 0 0 0 0 -6 0 -10 0 1-4cyli.dat
1 16 -8 -2 5 -6 0 0 0 0 -6 0 -10 0 1-4cyli.dat
1 16 0 -2 -5 14 0 0 0 7 0 0 0 -14 2-4cyli.dat
1 16 0 -2 5 14 0 0 0 7 0 0 0 14 2-4cyli.dat
4 16 14 -2 5 14 -2 -5 14 5 -5 14 5 5
4 16 -14 -2 5 -14 5 5 -14 5 -5 -14 -2 -5
1 16 0 22 5 7 0 0 0 -17 0 0 0 7 1-4con2.dat
1 16 0 22 5 -7 0 0 0 -17 0 0 0 7 1-4con2.dat
0
5 24 14 5 -5 21 22 5 14 5 5 16.0514 12.7991 -16.7132
5 24 -14 5 -5 -21 22 5 -14 5 5 -16.0514 12.7991 -16.7132
0
1 16 0 22 5 21 0 0 0 1 0 0 0 21 2-4edge.dat
1 16 0 22 5 18 0 0 0 1 0 0 0 18 2-4edge.dat
1 16 0 22 5 3 0 0 0 -1 0 0 0 3 1-4ring6.dat
1 16 0 22 5 -3 0 0 0 -1 0 0 0 3 1-4ring6.dat
0 BFC INVERTNEXT
1 16 0 22 5 3 0 0 0 -8 0 0 0 3 1-4con5.dat
0 BFC INVERTNEXT
1 16 0 22 5 -3 0 0 0 -8 0 0 0 3 1-4con5.dat
1 16 0 14 5 -15 0 0 0 -1 0 0 0 15 2-4edge.dat
1 16 0 14 5 -3 0 0 0 -1 0 0 0 3 2-4ring4.dat
1 16 0 14 0 13 0 0 0 -1 0 0 0 13 2-4ndis.dat
1 16 0 14 13 9 0 0 0 -1 0 0 0 4 2-4disc.dat
2 24 14 5 -5 14 5 5
2 24 -14 5 -5 -14 5 5
3 16 21 22 5 14 5 5 14 5 -5
3 16 -14 5 5 -21 22 5 -14 5 -5
2 24 21 22 5 18 22 -16
2 24 -21 22 5 -18 22 -16
2 24 18 22 -16 16 22 -15
2 24 -18 22 -16 -16 22 -15
2 24 16 22 -15 18 22 5
2 24 -16 22 -15 -18 22 5
2 24 16 21 -14 16 21 -11
2 24 -16 21 -14 -16 21 -11
3 16 18 22 5 16 21 -11 15 14 0
3 16 18 22 5 15 14 0 15 14 5
3 16 -15 14 0 -16 21 -11 -18 22 5
3 16 -15 14 0 -18 22 5 -15 14 5
3 16 16 22 -15 16 21 -11 18 22 5
3 16 16 22 -15 16 21 -14 16 21 -11
3 16 -16 21 -11 -16 22 -15 -18 22 5
3 16 -16 21 -14 -16 22 -15 -16 21 -11
4 16 21 22 5 18 22 -16 16 22 -15 18 22 5
4 16 -16 22 -15 -18 22 -16 -21 22 5 -18 22 5
2 24 15 14 5 15 14 0
2 24 -15 14 5 -15 14 0
4 16 13 14 0 13 14 5 15 14 5 15 14 0
4 16 -13 14 5 -13 14 0 -15 14 0 -15 14 5
4 16 12.0107 14 -4.9751 13 14 0 15 14 0 14.5 14 -11
3 16 9.1923 14 -9.1923 12.0107 14 -4.9751 14.5 14 -11
3 16 6.4874 14 -11 9.1923 14 -9.1923 14.5 14 -11
3 16 -9.1923 14 -9.1923 -6.4874 14 -11 -14.5 14 -11
3 16 -12.0107 14 -4.9751 -9.1923 14 -9.1923 -14.5 14 -11
4 16 -15 14 0 -13 14 0 -12.0107 14 -4.9751 -14.5 14 -11
2 24 15 14 0 14.5 14 -11
2 24 -15 14 0 -14.5 14 -11
2 24 14.5 14 -11 16 21 -11
2 24 -14.5 14 -11 -16 21 -11
3 16 15 14 0 16 21 -11 14.5 14 -11
3 16 -16 21 -11 -15 14 0 -14.5 14 -11
2 24 6.4874 14 -11 6.4874 21 -11
2 24 6.4874 14 -11 14.5 14 -11
2 24 6.4874 14 -11 9.1923 14 -9.1923
2 24 6.4874 21 -11 4.9751 21 -12.0107
2 24 4.9751 21 -12.0107 0 21 -13
2 24 -6.4874 14 -11 -6.4874 21 -11
2 24 -6.4874 14 -11 -14.5 14 -11
2 24 -6.4874 14 -11 -9.1923 14 -9.1923
2 24 -6.4874 21 -11 -4.9751 21 -12.0107
2 24 -4.9751 21 -12.0107 0 21 -13
2 24 6.4874 21 -11 16 21 -11
2 24 -6.4874 21 -11 -16 21 -11
4 16 0 21 -13 0 14 -13 4.9751 14 -12.0107 4.9751 21 -12.0107
4 16 0 14 -13 0 21 -13 -4.9751 21 -12.0107 -4.9751 14 -12.0107
4 16 4.9751 21 -12.0107 4.9751 14 -12.0107 6.4874 14 -11 6.4874 21 -11
4 16 -4.9751 14 -12.0107 -4.9751 21 -12.0107 -6.4874 21 -11 -6.4874 14 -11
4 16 14.5 14 -11 16 21 -11 6.4874 21 -11 6.4874 14 -11
4 16 -16 21 -11 -14.5 14 -11 -6.4874 14 -11 -6.4874 21 -11
4 16 4.9751 21 -12.0107 6.4874 21 -11 16 21 -11 16 21 -14
4 16 -6.4874 21 -11 -4.9751 21 -12.0107 -16 21 -14 -16 21 -11
4 16 0 21 -14 0 21 -13 4.9751 21 -12.0107 16 21 -14
4 16 0 21 -13 0 21 -14 -16 21 -14 -4.9751 21 -12.0107
2 24 16 21 -14 11 21 -14
2 24 -16 21 -14 -11 21 -14
0 // mouth
1 16 7.5 19.5 -24 1.5 0 0 0 0 1.5 0 1 0 4-4edge.dat
1 16 -7.5 19.5 -24 1.5 0 0 0 0 1.5 0 1 0 4-4edge.dat
1 16 7.5 19.5 -24 1.5 0 0 0 0 1.5 0 1 0 4-4disc.dat
1 16 -7.5 19.5 -24 1.5 0 0 0 0 1.5 0 1 0 4-4disc.dat
1 16 7.5 19.5 -24 1.5 0 0 0 0 1.5 0 1 0 4-4cyli.dat
1 16 -7.5 19.5 -24 1.5 0 0 0 0 1.5 0 1 0 4-4cyli.dat
1 16 7.5 19.5 -23 0 0 -1.5 1.5 0 0 0 1 0 2-4edge.dat
1 16 -7.5 19.5 -23 0 0 1.5 1.5 0 0 0 1 0 2-4edge.dat
2 24 7.5 21 -23 -7.5 21 -23
2 24 6 19.5 -23 -6 19.5 -23
1 16 7.5 19.5 -23 0 0 -1.5 1.5 0 0 0 1 0 2-4ndis.dat
1 16 -7.5 19.5 -23 0 0 1.5 1.5 0 0 0 1 0 2-4ndis.dat
4 16 6 19.5 -23 -6 19.5 -23 -6 21 -23 6 21 -23
4 16 7.5 21 -23 -7.5 21 -23 -11 21 -14 11 21 -14
1 16 0 13.5 -23 2 0 0 0 0 -2 0 1 0 2-4edge.dat
1 16 0 13.5 -23 1 0 0 0 0 -1 0 1 0 2-4edge.dat
1 16 0 13.5 -23 1 0 0 0 0 -1 0 1 0 2-4ring1.dat
1 16 0 13.5 -22 1 0 0 0 0 -1 0 1 0 2-4disc.dat
1 16 7.5 19.5 -23 1.5 3.5 0 0 0 1.5 0 9 0 1-4cyli.dat
1 16 -7.5 19.5 -23 -1.5 -3.5 0 0 0 1.5 0 9 0 1-4cyli.dat
1 16 7.5 19.5 -23 1.5 3.5 0 0 -4 -1.5 0 9 0 1-4cyli.dat
1 16 -7.5 19.5 -23 -1.5 -3.5 0 0 -4 -1.5 0 9 0 1-4cyli.dat
2 24 12.5 15.5 -14 12.5 19.5 -14
3 16 12.5 19.5 -14 12.5 15.5 -14 9 19.5 -23
1 16 11 19.5 -14 1.5 0 0 0 0 1.5 0 1 0 1-4edge.dat
1 16 11 15.5 -14 1.5 0 0 0 0 -1.5 0 1 0 1-4edge.dat
2 24 -12.5 15.5 -14 -12.5 19.5 -14
3 16 -12.5 15.5 -14 -12.5 19.5 -14 -9 19.5 -23
1 16 -11 19.5 -14 -1.5 0 0 0 0 1.5 0 1 0 1-4edge.dat
1 16 -11 15.5 -14 -1.5 0 0 0 0 -1.5 0 1 0 1-4edge.dat
0 BFC INVERTNEXT
1 16 0 13.5 -23 1 0 0 0 0 -1 0 1 0 2-4cyli.dat
2 24 2 13.5 -23 6.5 18 -23
2 24 -2 13.5 -23 -6.5 18 -23
2 24 1 14.5 -23 6 19.5 -23
2 24 -1 14.5 -23 -6 19.5 -23
3 16 1 13.5 -23 1 14.5 -23 2 13.5 -23
4 16 1 14.5 -23 6 19.5 -23 6.5 18 -23 2 13.5 -23
3 16 -1 14.5 -23 -1 13.5 -23 -2 13.5 -23
4 16 -6 19.5 -23 -1 14.5 -23 -2 13.5 -23 -6.5 18 -23
2 24 1 14.5 -23 1 13.5 -23
2 24 -1 14.5 -23 -1 13.5 -23
2 24 1 14.5 -22 1 13.5 -22
2 24 -1 14.5 -22 -1 13.5 -22
4 16 1 13.5 -23 1 13.5 -22 1 14.5 -22 1 14.5 -23
4 16 -1 13.5 -22 -1 13.5 -23 -1 14.5 -23 -1 14.5 -22
4 16 1 13.5 -22 -1 13.5 -22 -1 14.5 -22 1 14.5 -22
2 24 6 19.5 -22.5 6 19.5 -23
2 24 -6 19.5 -22.5 -6 19.5 -23
2 24 1 14.5 -23 1 14.5 -20
2 24 -1 14.5 -23 -1 14.5 -20
2 24 1 14.5 -20 -1 14.5 -20
2 24 1 14.5 -22 -1 14.5 -22
4 16 1 14.5 -22 -1 14.5 -22 -1 14.5 -20 1 14.5 -20
4 16 6 19.5 -22.5 6 19.5 -23 1 14.5 -23 1 14.5 -20
4 16 -1 14.5 -23 -6 19.5 -23 -6 19.5 -22.5 -1 14.5 -20
4 16 -1 14.5 -20 -6 19.5 -22.5 6 19.5 -22.5 1 14.5 -20
4 16 -6 19.5 -22.5 -6 19.5 -23 6 19.5 -23 6 19.5 -22.5
0 // "teeth"
2 24 6 19.5 -22.5 4 17.5 -21.5
2 24 1.5 15 -20.25 3.5 17 -21.25
2 24 6 19.5 -22.5 4 19.5 -22.5
2 24 3.5 19.5 -22.5 1.5 19.5 -22.5
2 24 4 17.5 -21.5 4 19.5 -22.5
2 24 3.5 17 -21.25 3.5 19.5 -22.5
2 24 4 17.5 -22 4 19.5 -23
2 24 3.5 17 -21.75 3.5 19.5 -23
2 24 4 19.5 -22.5 4 19.5 -23
2 24 3.5 19.5 -22.5 3.5 19.5 -23
2 24 4 17.5 -22 4 17.5 -21.5
2 24 3.5 17 -21.75 3.5 17 -21.25
2 24 4 17.5 -22 3.5 17 -21.75
4 16 4 17.5 -22 4 19.5 -23 4 19.5 -22.5 4 17.5 -21.5
4 16 3.5 19.5 -22.5 3.5 19.5 -23 3.5 17 -21.75 3.5 17 -21.25
4 16 3.5 17 -21.75 3.5 19.5 -23 4 19.5 -23 4 17.5 -22
2 24 1 14.5 -20 1 19.5 -22.5
2 24 1.5 15 -20.25 1.5 19.5 -22.5
2 24 1 14.5 -20.5 1 19.5 -23
2 24 1.5 15 -20.75 1.5 19.5 -23
2 24 1 19.5 -22.5 1 19.5 -23
2 24 1.5 19.5 -22.5 1.5 19.5 -23
2 24 1.5 15 -20.75 1.5 15 -20.25
2 24 1 14.5 -20.5 1.5 15 -20.75
4 16 1 19.5 -22.5 1 19.5 -23 1 14.5 -20.5 1 14.5 -20
4 16 1.5 15 -20.75 1.5 19.5 -23 1.5 19.5 -22.5 1.5 15 -20.25
4 16 1 19.5 -23 1.5 19.5 -23 1.5 15 -20.75 1 14.5 -20.5
2 24 1 19.5 -22.5 -1 19.5 -22.5
4 16 -1.5 15 -20.75 -1.5 19.5 -23 -1 19.5 -23 -1 14.5 -20.5
4 16 -1.5 19.5 -22.5 -1.5 19.5 -23 -1.5 15 -20.75 -1.5 15 -20.25
4 16 -1 14.5 -20.5 -1 19.5 -23 -1 19.5 -22.5 -1 14.5 -20
2 24 -1 14.5 -20.5 -1.5 15 -20.75
2 24 -1.5 15 -20.75 -1.5 15 -20.25
2 24 -1 14.5 -20 -1 19.5 -22.5
2 24 -1.5 15 -20.25 -1.5 19.5 -22.5
2 24 -1 14.5 -20.5 -1 19.5 -23
2 24 -1.5 15 -20.75 -1.5 19.5 -23
2 24 -1 19.5 -22.5 -1 19.5 -23
2 24 -1.5 19.5 -22.5 -1.5 19.5 -23
4 16 -4 19.5 -23 -3.5 19.5 -23 -3.5 17 -21.75 -4 17.5 -22
4 16 -4 19.5 -22.5 -4 19.5 -23 -4 17.5 -22 -4 17.5 -21.5
4 16 -3.5 17 -21.75 -3.5 19.5 -23 -3.5 19.5 -22.5 -3.5 17 -21.25
2 24 -4 17.5 -22 -3.5 17 -21.75
2 24 -4 17.5 -22 -4 17.5 -21.5
2 24 -3.5 17 -21.75 -3.5 17 -21.25
2 24 -4 17.5 -21.5 -4 19.5 -22.5
2 24 -3.5 17 -21.25 -3.5 19.5 -22.5
2 24 -4 17.5 -22 -4 19.5 -23
2 24 -3.5 17 -21.75 -3.5 19.5 -23
2 24 -4 19.5 -22.5 -4 19.5 -23
2 24 -3.5 19.5 -22.5 -3.5 19.5 -23
2 24 -1.5 15 -20.25 -3.5 17 -21.25
2 24 -6 19.5 -22.5 -4 17.5 -21.5
2 24 -6 19.5 -22.5 -4 19.5 -22.5
2 24 -3.5 19.5 -22.5 -1.5 19.5 -22.5
0 // nose
1 16 0 13.5 -22 1 0 0 0 0 -1 0 1 0 2-4edge.dat
1 16 0 13.5 -23 2 0 0 0 -2 -2 0 3 0 2-4cyli.dat
1 16 0 11 -19.75 2 0 0 0 -6 0 0 0 -1 2-4cyli.dat
1 16 0 5.5 -19.75 2 0 0 0 1 0 0 0 -1 2-4edge.dat
0 // front forehead raise edge
2 24 1.5 -2 -18.75 1.5 2 -18.75
2 24 -1.5 -2 -18.75 -1.5 2 -18.75
2 24 1.5 -2 -19.75 1.5 1.9 -19.75
2 24 -1.5 -2 -19.75 -1.5 1.9 -19.75
4 16 1.5 -2 -19.75 -1.5 -2 -19.75 -1.5 1.9 -19.75 1.5 1.9 -19.75
4 16 1.5 -2 -19.75 1.5 1.9 -19.75 1.5 2 -18.75 1.5 -2 -18.75
4 16 -1.5 -2 -18.75 -1.5 2 -18.75 -1.5 1.9 -19.75 -1.5 -2 -19.75
4 16 -1.5 4 -21.9973 1.5 4 -21.9973 1.5 1.9 -19.75 -1.5 1.9 -19.75
4 16 -1.5 5 -21.9973 1.5 5 -21.9973 1.5 4 -21.9973 -1.5 4 -21.9973
4 16 -1.5 5 -21.9973 -1.5 5.6719 -19.9995 1.5 5.6719 -19.9995 1.5 5 -21.9973
4 16 1.5 4 -21.9973 1.5 5 -21.9973 1.5 2 -18.75 1.5 1.9 -19.75
4 16 -1.5 5 -21.9973 -1.5 4 -21.9973 -1.5 1.9 -19.75 -1.5 2 -18.75
2 24 1.5 1.9 -19.75 -1.5 1.9 -19.75
2 24 1.5 2 -18.75 1.5 5 -21.9973
2 24 -1.5 2 -18.75 -1.5 5 -21.9973
2 24 1.5 1.9 -19.75 1.5 4 -21.9973
2 24 -1.5 1.9 -19.75 -1.5 4 -21.9973
2 24 1.5 4 -21.9973 -1.5 4 -21.9973
2 24 1.5 5 -21.9973 -1.5 5 -21.9973
2 24 1.5 4 -21.9973 1.5 5 -21.9973
2 24 -1.5 4 -21.9973 -1.5 5 -21.9973
0 // right side
0 // outside brow edges
1 16 -6 9.8281 -20.371 0 0 6.364 -6.828 0 0 0 1 -2.3 1-8edge.dat
1 16 -6 9.8281 -20.371 0 0 -6.364 -6.828 0 0 0 1 2.3 1-8edge.dat
1 16 7.606 22 -25.372 -25.606 0 0 0 0 -24.042 9.372 1 0 48\1-8edge.dat
0 // inside brow edges
1 16 -6 10.5 -18.451 0 0 6.364 -6.828 0 0 0 1 -2.19 1-8edge.dat
1 16 -6 10.5 -18.451 0 0 -6.364 -6.828 0 0 0 1 2.19 1-8edge.dat
1 16 2.777 22 -21.495 -18.777 0 0 0 0 -23.092 6.495 1 0 48\1-8edge.dat
0 // right eye
1 16 -6 9.5 -17.95 3 0 0 0 0 -3 -1.03 1 0 2-4edge.dat
1 16 -6 9.5 -17.95 -3 0 0 0 0 1 1.03 1 0 2-4edge.dat
1 16 -6 9.5 -17.95 3 0 0 0 0 -3 -1.03 -1 0 2-8sphe.dat
1 16 -6 9.5 -17.95 -3 0 0 0 0 1 1.03 -1 0 2-8sphe.dat
0 BFC INVERTNEXT
1 16 -6 9.5 -18.45 .75 0 0 0 0 -.75 -.26 .5 0 1-4con4.dat
0 BFC INVERTNEXT
1 16 -6 9.5 -18.45 -.75 0 0 0 0 -.75 .26 .5 0 1-4con4.dat
0 BFC INVERTNEXT
1 16 -6 9.5 -18.45 -.75 0 0 0 0 .25 .26 .5 0 1-4con4.dat
0 BFC INVERTNEXT
1 16 -6 9.5 -18.45 .75 0 0 0 0 .25 -.26 .5 0 1-4con4.dat
1 16 -6 9.5 -18.45 3.75 0 0 0 0 -3.75 -1.29 1 0 2-4edge.dat
1 16 -6 9.5 -18.45 -3.75 0 0 0 0 1.25 1.29 1 0 2-4edge.dat
1 16 -6 9.5 -18.45 .75 0 0 0 0 -.75 -.26 1 0 1-4ring5.dat
1 16 -6 9.5 -18.45 -.75 0 0 0 0 -.75 .26 1 0 1-4ring5.dat
1 16 -6 9.5 -18.45 .75 0 0 0 0 .25 -.26 1 0 1-4ring5.dat
1 16 -6 9.5 -18.45 -.75 0 0 0 0 .25 .26 1 0 1-4ring5.dat
0
3 16 -2 12.8125 -22 -6 11 -18.45 -9.5 13 -20
3 16 -2 12.8125 -22 -4.2779 10.8858 -19.047 -6 11 -18.45
3 16 -2 12.8125 -22 -2.818 10.5606 -19.5531 -4.2779 10.8858 -19.047
3 16 -2 12.8125 -22 -1.8425 10.074 -19.8913 -2.818 10.5606 -19.5531
3 16 -2 12.8125 -22 -1.5 9.5 -20.01 -1.8425 10.074 -19.8913
3 16 -9.5 13 -20 -6 11 -18.45 -7.7221 10.8858 -17.853
3 16 -9.5 13 -20 -7.7221 10.8858 -17.853 -9.1819 10.5606 -17.3469
3 16 -9.5 13 -20 -9.1819 10.5606 -17.3469 -10.1575 10.074 -17.0087
3 16 -9.5 13 -20 -10.1575 10.074 -17.0087 -11 10 -16.75
3 16 -10.5 9.5 -16.89 -11 10 -16.75 -10.1575 10.074 -17.0087
3 16 -11 6.375 -16.75 -11 10 -16.75 -10.5 9.5 -16.89
3 16 -11 6.375 -16.75 -10.5 9.5 -16.89 -10.5 5.6719 -16.9025
3 16 -10.5 5.6719 -16.9025 -10.5 9.5 -16.89 -10.1575 7.7779 -17.0087
3 16 -10.5 5.6719 -16.9025 -10.1575 7.7779 -17.0087 -9.1819 6.318 -17.3469
3 16 -10.5 5.6719 -16.9025 -9.1819 6.318 -17.3469 -8.4355 4.1916 -17.6129
3 16 -9.1819 6.318 -17.3469 -7.7221 5.3425 -17.853 -8.4355 4.1916 -17.6129
3 16 -7.7221 5.3425 -17.853 -6 3.672 -18.451 -8.4355 4.1916 -17.6129
3 16 -7.7221 5.3425 -17.853 -6 5 -18.45 -6 3.672 -18.451
3 16 -6 5 -18.45 -4.2779 5.3425 -19.047 -6 3.672 -18.451
3 16 -4.2779 5.3425 -19.047 -3.5645 4.1916 -19.2891 -6 3.672 -18.451
3 16 -4.2779 5.3425 -19.047 -2.818 6.318 -19.5531 -3.5645 4.1916 -19.2891
3 16 -2.818 6.318 -19.5531 -1.5 5.6719 -19.9995 -3.5645 4.1916 -19.2891
3 16 -2.818 6.318 -19.5531 -1.8425 7.7779 -19.8913 -1.5 5.6719 -19.9995
0 // cheek
2 24 -2 12.8125 -22 -9.5 13 -20
2 24 -9.5 13 -20 -7.5 18 -23
2 24 -9.5 13 -20 -11 10 -16.75
2 24 -11 10 -16.75 -11 6.375 -16.75
2 24 -11 6.375 -14 -12 10 -14
2 24 -12 10 -14 -11 14 -14
2 24 -11 14 -14 -7.5 18 -23
3 16 -2 12.8125 -22 -9.5 13 -20 -7.5 18 -23
3 16 -11 10 -16.75 -11 6.375 -16.75 -11 6.375 -14
3 16 -11 6.375 -14 -12 10 -14 -11 10 -16.75
3 16 -12 10 -14 -11 14 -14 -11 10 -16.75
3 16 -9.5 13 -20 -11 10 -16.75 -11 14 -14
3 16 -9.5 13 -20 -11 14 -14 -7.5 18 -23
3 16 -7.5 18 -23 -6.5 18 -23 -2 12.8125 -22
3 16 -6.5 18 -23 -2 13.5 -23 -2 12.8125 -22
0 // brow-cheek underside
2 24 -16 21 -14 -15.8385 18.9865 -14
2 24 -15.8385 18.9865 -14 -15.3597 16.0238 -14
2 24 -15.3597 16.0238 -14 -14.5711 13.1627 -14
2 24 -14.5711 13.1627 -14 -13.4839 10.454 -14
2 24 -13.4839 10.454 -14 -12.1207 7.9416 -14
2 24 -12.1207 7.9416 -14 -11 6.375 -14
2 24 -11 6.375 -14 -11 6.375 -16.75
4 16 -16 21 -14 -11 21 -14 -15.3597 16.0238 -14 -15.8385 18.9865 -14
4 16 -15.3597 16.0238 -14 -11 21 -14 -13.4839 10.454 -14 -14.5711 13.1627 -14
4 16 -13.4839 10.454 -14 -11 21 -14 -11 6.375 -14 -12.1207 7.9416 -14
3 16 -16 21 -14 -15.8385 18.9865 -15.0559 -16 22 -15
3 16 -16 21 -14 -15.8385 18.9865 -14 -15.8385 18.9865 -15.0559
4 16 -15.8385 18.9865 -15.0559 -15.8385 18.9865 -14 -15.3597 16.0238 -14 -15.3597 16.0238 -15.2215
4 16 -15.3597 16.0238 -15.2215 -15.3597 16.0238 -14 -14.5711 13.1627 -14 -14.5711 13.1627 -15.4943
4 16 -14.5711 13.1627 -15.4943 -14.5711 13.1627 -14 -13.4839 10.454 -14 -13.4839 10.454 -15.8703
4 16 -13.4839 10.454 -15.8703 -13.4839 10.454 -14 -12.1207 7.9416 -14 -12.1207 7.9416 -16.3419
4 16 -12.1207 7.9416 -16.3419 -12.1207 7.9416 -14 -11 6.375 -14 -11 6.375 -16.9024
0 // brow edge surface
3 16 -18 22 -16 -16 22 -15 -15.8385 18.9865 -15.0559
3 16 -17.7798 18.8625 -16.0806 -18 22 -16 -15.8385 18.9865 -15.0559
3 16 -17.1268 15.7779 -16.3196 -17.7798 18.8625 -16.0806 -15.3597 16.0238 -15.2215
3 16 -17.7798 18.8625 -16.0806 -15.8385 18.9865 -15.0559 -15.3597 16.0238 -15.2215
3 16 -17.1268 15.7779 -16.3196 -15.3597 16.0238 -15.2215 -14.5711 13.1627 -15.4943
3 16 -16.0514 12.7991 -16.7132 -17.1268 15.7779 -16.3196 -14.5711 13.1627 -15.4943
3 16 -14.5688 9.979 -17.2558 -16.0514 12.7991 -16.7132 -13.4839 10.454 -15.8703
3 16 -16.0514 12.7991 -16.7132 -14.5711 13.1627 -15.4943 -13.4839 10.454 -15.8703
3 16 -14.5688 9.979 -17.2558 -13.4839 10.454 -15.8703 -12.1207 7.9416 -16.3419
3 16 -12.7098 7.3632 -17.9363 -14.5688 9.979 -17.2558 -12.1207 7.9416 -16.3419
3 16 -10.5 5 -18.7447 -12.7098 7.3632 -17.9363 -10.5002 5.6716 -16.9024
3 16 -12.7098 7.3632 -17.9363 -12.1207 7.9416 -16.3419 -10.5002 5.6716 -16.9024
0 // brow to crown edge lines
2 24 -14 5 -5 -12.9346 3.8519 -10.3578
2 24 -12.9346 3.8519 -10.3578 -9.8994 2.8787 -14.8994
2 24 -9.8994 2.8787 -14.8994 -5.3578 2.2283 -17.9346
2 24 -5.3578 2.2283 -17.9346 0 2 -19
0 // outside brow surface
3 16 -18 22 -16 -17.7798 18.8625 -16.0806 -21 22 5
5 24 -17.7798 18.8625 -16.0806 -21 22 5 -18 22 -16 -17.1268 15.7779 -16.3196
3 16 -17.7798 18.8625 -16.0806 -17.1268 15.7779 -16.3196 -21 22 5
5 24 -17.1268 15.7779 -16.3196 -21 22 5 -16.0514 12.7991 -16.7132 -17.7798 18.8625 -16.0806
3 16 -17.1268 15.7779 -16.3196 -16.0514 12.7991 -16.7132 -21 22 5
5 24 -16.0514 12.7991 -16.7132 -21 22 5 -17.1268 15.7779 -16.3196 -14 5 -5
3 16 -16.0514 12.7991 -16.7132 -14 5 -5 -21 22 5
5 24 -16.0514 12.7991 -16.7132 -14 5 -5 -14.5688 9.979 -17.2558 -21 22 5
3 16 -16.0514 12.7991 -16.7132 -14.5688 9.979 -17.2558 -14 5 -5
5 24 -14.5688 9.979 -17.2558 -14 5 -5 -12.7098 7.3632 -17.9363 -16.0514 12.7991 -16.7132
3 16 -14.5688 9.979 -17.2558 -12.7098 7.3632 -17.9363 -14 5 -5
3 16 -12.7098 7.3632 -17.9363 -12.9346 3.8519 -10.3578 -14 5 -5
5 24 -12.7098 7.3632 -17.9363 -12.9346 3.8519 -10.3578 -10.5 5 -18.7447 -14.5688 9.979 -17.2558
3 16 -12.7098 7.3632 -17.9363 -9.8994 2.8787 -14.8994 -12.9346 3.8519 -10.3578
3 16 -12.7098 7.3632 -17.9363 -10.5 5 -18.7447 -9.8994 2.8787 -14.8994
5 24 -10.5 5 -18.7447 -9.8994 2.8787 -14.8994 -12.7098 7.3632 -17.9363 -8.4355 3.5197 -19.4908
0
3 16 -3.5645 3.5197 -21.2512 -6 3.672 -18.451 -3.5645 4.1916 -19.2891
3 16 -3.5645 3.5197 -21.2512 -6 3.0001 -20.371 -6 3.672 -18.451
3 16 -1.5 5 -21.9973 -3.5645 4.1916 -19.2891 -1.5 5.6719 -19.9995
3 16 -1.5 5 -21.9973 -3.5645 3.5197 -21.2512 -3.5645 4.1916 -19.2891
0
3 16 -8.4355 4.1916 -17.6129 -6 3.0001 -20.371 -8.4355 3.5197 -19.4908
3 16 -8.4355 4.1916 -17.6129 -6 3.672 -18.451 -6 3.0001 -20.371
3 16 -10.5 5.6719 -16.9025 -8.4355 3.5197 -19.4908 -10.5 5 -18.7447
3 16 -10.5 5.6719 -16.9025 -8.4355 4.1916 -17.6129 -8.4355 3.5197 -19.4908
3 16 -8.4355 3.5197 -19.4908 -9.8994 2.8787 -14.8994 -10.5 5 -18.7447
5 24 -8.4355 3.5197 -19.4908 -9.8994 2.8787 -14.8994 -5.3578 2.2283 -17.9346 -10.5 5 -18.7447
3 16 -9.8994 2.8787 -14.8994 -8.4355 3.5197 -19.4908 -5.3578 2.2283 -17.9346
3 16 -5.3578 2.2283 -17.9346 -8.4355 3.5197 -19.4908 -6 3.0001 -20.371
5 24 -5.3578 2.2283 -17.9346 -6 3.0001 -20.371 -3.5645 3.5197 -21.2512 -8.4355 3.5197 -19.4908
3 16 -5.3578 2.2283 -17.9346 -6 3.0001 -20.371 -3.5645 3.5197 -21.2512
3 16 -5.3578 2.2283 -17.9346 -3.5645 3.5197 -21.2512 -1.5 2 -18.75
3 16 -1.5 2 -18.75 -3.5645 3.5197 -21.2512 -1.5 5 -21.9973
0
0 // left side
0 // outside brow edges
1 16 6 9.8281 -20.371 0 0 -6.364 -6.828 0 0 0 1 -2.3 1-8edge.dat
1 16 6 9.8281 -20.371 0 0 6.364 -6.828 0 0 0 1 2.3 1-8edge.dat
1 16 -7.606 22 -25.372 25.606 0 0 0 0 -24.042 9.372 1 0 48\1-8edge.dat
0 // inside brow edges
1 16 6 10.5 -18.451 0 0 -6.364 -6.828 0 0 0 1 -2.19 1-8edge.dat
1 16 6 10.5 -18.451 0 0 6.364 -6.828 0 0 0 1 2.19 1-8edge.dat
1 16 -2.777 22 -21.495 18.777 0 0 0 0 -23.092 6.495 1 0 48\1-8edge.dat
0 // right eye
1 16 6 9.5 -17.95 -3 0 0 0 0 -3 -1.03 1 0 2-4edge.dat
1 16 6 9.5 -17.95 3 0 0 0 0 1 1.03 1 0 2-4edge.dat
1 16 6 9.5 -17.95 -3 0 0 0 0 -3 -1.03 -1 0 2-8sphe.dat
1 16 6 9.5 -17.95 3 0 0 0 0 1 1.03 -1 0 2-8sphe.dat
0 BFC INVERTNEXT
1 16 6 9.5 -18.45 -.75 0 0 0 0 -.75 -.26 .5 0 1-4con4.dat
0 BFC INVERTNEXT
1 16 6 9.5 -18.45 .75 0 0 0 0 -.75 .26 .5 0 1-4con4.dat
0 BFC INVERTNEXT
1 16 6 9.5 -18.45 .75 0 0 0 0 .25 .26 .5 0 1-4con4.dat
0 BFC INVERTNEXT
1 16 6 9.5 -18.45 -.75 0 0 0 0 .25 -.26 .5 0 1-4con4.dat
1 16 6 9.5 -18.45 -3.75 0 0 0 0 -3.75 -1.29 1 0 2-4edge.dat
1 16 6 9.5 -18.45 3.75 0 0 0 0 1.25 1.29 1 0 2-4edge.dat
1 16 6 9.5 -18.45 -.75 0 0 0 0 -.75 -.26 1 0 1-4ring5.dat
1 16 6 9.5 -18.45 .75 0 0 0 0 -.75 .26 1 0 1-4ring5.dat
1 16 6 9.5 -18.45 -.75 0 0 0 0 .25 -.26 1 0 1-4ring5.dat
1 16 6 9.5 -18.45 .75 0 0 0 0 .25 .26 1 0 1-4ring5.dat
0
3 16 9.5 13 -20 6 11 -18.45 2 12.8125 -22
3 16 6 11 -18.45 4.2779 10.8858 -19.047 2 12.8125 -22
3 16 4.2779 10.8858 -19.047 2.818 10.5606 -19.5531 2 12.8125 -22
3 16 2.818 10.5606 -19.5531 1.8425 10.074 -19.8913 2 12.8125 -22
3 16 1.8425 10.074 -19.8913 1.5 9.5 -20.01 2 12.8125 -22
3 16 7.7221 10.8858 -17.853 6 11 -18.45 9.5 13 -20
3 16 9.1819 10.5606 -17.3469 7.7221 10.8858 -17.853 9.5 13 -20
3 16 10.1575 10.074 -17.0087 9.1819 10.5606 -17.3469 9.5 13 -20
3 16 11 10 -16.75 10.1575 10.074 -17.0087 9.5 13 -20
3 16 10.1575 10.074 -17.0087 11 10 -16.75 10.5 9.5 -16.89
3 16 10.5 9.5 -16.89 11 10 -16.75 11 6.375 -16.75
3 16 10.5 5.6719 -16.9025 10.5 9.5 -16.89 11 6.375 -16.75
3 16 10.1575 7.7779 -17.0087 10.5 9.5 -16.89 10.5 5.6719 -16.9025
3 16 9.1819 6.318 -17.3469 10.1575 7.7779 -17.0087 10.5 5.6719 -16.9025
3 16 8.4355 4.1916 -17.6129 9.1819 6.318 -17.3469 10.5 5.6719 -16.9025
3 16 8.4355 4.1916 -17.6129 7.7221 5.3425 -17.853 9.1819 6.318 -17.3469
3 16 8.4355 4.1916 -17.6129 6 3.672 -18.451 7.7221 5.3425 -17.853
3 16 6 3.672 -18.451 6 5 -18.45 7.7221 5.3425 -17.853
3 16 6 3.672 -18.451 4.2779 5.3425 -19.047 6 5 -18.45
3 16 6 3.672 -18.451 3.5645 4.1916 -19.2891 4.2779 5.3425 -19.047
3 16 3.5645 4.1916 -19.2891 2.818 6.318 -19.5531 4.2779 5.3425 -19.047
3 16 3.5645 4.1916 -19.2891 1.5 5.6719 -19.9995 2.818 6.318 -19.5531
3 16 1.5 5.6719 -19.9995 1.8425 7.7779 -19.8913 2.818 6.318 -19.5531
0 // cheek
2 24 2 12.8125 -22 9.5 13 -20
2 24 9.5 13 -20 7.5 18 -23
2 24 9.5 13 -20 11 10 -16.75
2 24 11 10 -16.75 11 6.375 -16.75
2 24 11 6.375 -14 12 10 -14
2 24 12 10 -14 11 14 -14
2 24 11 14 -14 7.5 18 -23
3 16 7.5 18 -23 9.5 13 -20 2 12.8125 -22
3 16 11 6.375 -14 11 6.375 -16.75 11 10 -16.75
3 16 11 10 -16.75 12 10 -14 11 6.375 -14
3 16 11 10 -16.75 11 14 -14 12 10 -14
3 16 11 14 -14 11 10 -16.75 9.5 13 -20
3 16 7.5 18 -23 11 14 -14 9.5 13 -20
3 16 2 12.8125 -22 6.5 18 -23 7.5 18 -23
3 16 2 12.8125 -22 2 13.5 -23 6.5 18 -23
0 // brow-cheek underside
2 24 16 21 -14 15.8385 18.9865 -14
2 24 15.8385 18.9865 -14 15.3597 16.0238 -14
2 24 15.3597 16.0238 -14 14.5711 13.1627 -14
2 24 14.5711 13.1627 -14 13.4839 10.454 -14
2 24 13.4839 10.454 -14 12.1207 7.9416 -14
2 24 12.1207 7.9416 -14 11 6.375 -14
2 24 11 6.375 -14 11 6.375 -16.75
4 16 16 21 -14 15.8385 18.9865 -14 15.3597 16.0238 -14 11 21 -14
4 16 15.3597 16.0238 -14 14.5711 13.1627 -14 13.4839 10.454 -14 11 21 -14
4 16 13.4839 10.454 -14 12.1207 7.9416 -14 11 6.375 -14 11 21 -14
0
3 16 16 22 -15 15.8385 18.9865 -15.0559 16 21 -14
3 16 15.8385 18.9865 -15.0559 15.8385 18.9865 -14 16 21 -14
4 16 15.8385 18.9865 -15.0559 15.3597 16.0238 -15.2215 15.3597 16.0238 -14 15.8385 18.9865 -14
4 16 15.3597 16.0238 -15.2215 14.5711 13.1627 -15.4943 14.5711 13.1627 -14 15.3597 16.0238 -14
4 16 14.5711 13.1627 -15.4943 13.4839 10.454 -15.8703 13.4839 10.454 -14 14.5711 13.1627 -14
4 16 13.4839 10.454 -15.8703 12.1207 7.9416 -16.3419 12.1207 7.9416 -14 13.4839 10.454 -14
4 16 12.1207 7.9416 -16.3419 11 6.375 -16.9024 11 6.375 -14 12.1207 7.9416 -14
0 // brow edge surface
3 16 15.8385 18.9865 -15.0559 16 22 -15 18 22 -16
3 16 15.8385 18.9865 -15.0559 18 22 -16 17.7798 18.8625 -16.0806
3 16 15.3597 16.0238 -15.2215 17.7798 18.8625 -16.0806 17.1268 15.7779 -16.3196
3 16 15.3597 16.0238 -15.2215 15.8385 18.9865 -15.0559 17.7798 18.8625 -16.0806
3 16 14.5711 13.1627 -15.4943 15.3597 16.0238 -15.2215 17.1268 15.7779 -16.3196
3 16 14.5711 13.1627 -15.4943 17.1268 15.7779 -16.3196 16.0514 12.7991 -16.7132
3 16 13.4839 10.454 -15.8703 16.0514 12.7991 -16.7132 14.5688 9.979 -17.2558
3 16 13.4839 10.454 -15.8703 14.5711 13.1627 -15.4943 16.0514 12.7991 -16.7132
3 16 12.1207 7.9416 -16.3419 13.4839 10.454 -15.8703 14.5688 9.979 -17.2558
3 16 12.1207 7.9416 -16.3419 14.5688 9.979 -17.2558 12.7098 7.3632 -17.9363
3 16 10.5002 5.6716 -16.9024 12.7098 7.3632 -17.9363 10.5 5 -18.7447
3 16 10.5002 5.6716 -16.9024 12.1207 7.9416 -16.3419 12.7098 7.3632 -17.9363
0 // brow to crown edge lines
2 24 14 5 -5 12.9346 3.8519 -10.3578
2 24 12.9346 3.8519 -10.3578 9.8994 2.8787 -14.8994
2 24 9.8994 2.8787 -14.8994 5.3578 2.2283 -17.9346
2 24 5.3578 2.2283 -17.9346 0 2 -19
0 // outside brow surface
3 16 21 22 5 17.7798 18.8625 -16.0806 18 22 -16
5 24 17.7798 18.8625 -16.0806 21 22 5 18 22 -16 17.1268 15.7779 -16.3196
3 16 21 22 5 17.1268 15.7779 -16.3196 17.7798 18.8625 -16.0806
5 24 17.1268 15.7779 -16.3196 21 22 5 16.0514 12.7991 -16.7132 17.7798 18.8625 -16.0806
3 16 21 22 5 16.0514 12.7991 -16.7132 17.1268 15.7779 -16.3196
5 24 16.0514 12.7991 -16.7132 21 22 5 17.1268 15.7779 -16.3196 14 5 -5
3 16 21 22 5 14 5 -5 16.0514 12.7991 -16.7132
5 24 16.0514 12.7991 -16.7132 14 5 -5 14.5688 9.979 -17.2558 21 22 5
3 16 14 5 -5 14.5688 9.979 -17.2558 16.0514 12.7991 -16.7132
5 24 14.5688 9.979 -17.2558 14 5 -5 12.7098 7.3632 -17.9363 16.0514 12.7991 -16.7132
3 16 14 5 -5 12.7098 7.3632 -17.9363 14.5688 9.979 -17.2558
3 16 14 5 -5 12.9346 3.8519 -10.3578 12.7098 7.3632 -17.9363
5 24 12.7098 7.3632 -17.9363 12.9346 3.8519 -10.3578 10.5 5 -18.7447 14.5688 9.979 -17.2558
3 16 12.9346 3.8519 -10.3578 9.8994 2.8787 -14.8994 12.7098 7.3632 -17.9363
3 16 9.8994 2.8787 -14.8994 10.5 5 -18.7447 12.7098 7.3632 -17.9363
5 24 10.5 5 -18.7447 9.8994 2.8787 -14.8994 12.7098 7.3632 -17.9363 8.4355 3.5197 -19.4908
0
3 16 3.5645 4.1916 -19.2891 6 3.672 -18.451 3.5645 3.5197 -21.2512
3 16 6 3.672 -18.451 6 3.0001 -20.371 3.5645 3.5197 -21.2512
3 16 1.5 5.6719 -19.9995 3.5645 4.1916 -19.2891 1.5 5 -21.9973
3 16 3.5645 4.1916 -19.2891 3.5645 3.5197 -21.2512 1.5 5 -21.9973
0
3 16 8.4355 3.5197 -19.4908 6 3.0001 -20.371 8.4355 4.1916 -17.6129
3 16 6 3.0001 -20.371 6 3.672 -18.451 8.4355 4.1916 -17.6129
3 16 10.5 5 -18.7447 8.4355 3.5197 -19.4908 10.5 5.6719 -16.9025
3 16 8.4355 3.5197 -19.4908 8.4355 4.1916 -17.6129 10.5 5.6719 -16.9025
3 16 10.5 5 -18.7447 9.8994 2.8787 -14.8994 8.4355 3.5197 -19.4908
5 24 8.4355 3.5197 -19.4908 9.8994 2.8787 -14.8994 5.3578 2.2283 -17.9346 10.5 5 -18.7447
3 16 5.3578 2.2283 -17.9346 8.4355 3.5197 -19.4908 9.8994 2.8787 -14.8994
3 16 6 3.0001 -20.371 8.4355 3.5197 -19.4908 5.3578 2.2283 -17.9346
5 24 5.3578 2.2283 -17.9346 6 3.0001 -20.371 3.5645 3.5197 -21.2512 8.4355 3.5197 -19.4908
3 16 3.5645 3.5197 -21.2512 6 3.0001 -20.371 5.3578 2.2283 -17.9346
3 16 1.5 2 -18.75 3.5645 3.5197 -21.2512 5.3578 2.2283 -17.9346
3 16 1.5 5 -21.9973 3.5645 3.5197 -21.2512 1.5 2 -18.75
0
0 // end of file
0 FILE p/1-4ring5.dat
0 Ring  5 x 0.25
0 Name: 1-4ring5.dat
0 Author: Franklin W. Cain [fwcain]
0 !LDRAW_ORG Primitive UPDATE 2022-02
0 !LICENSE Licensed under CC BY 4.0 : see CAreadme.txt

0 BFC CERTIFY CCW

0 !HISTORY 2002-06-11 [PTadmin] Official Update 2002-03
0 !HISTORY 2007-06-22 [PTadmin] Header formatted for Contributor Agreement
0 !HISTORY 2008-07-01 [PTadmin] Official Update 2008-01
0 !HISTORY 2012-02-16 [Philo] Changed to CCW
0 !HISTORY 2012-03-30 [PTadmin] Official Update 2012-01
0 !HISTORY 2021-10-15 [Lasse_Deleuran] Fixed rounding error
0 !HISTORY 2022-03-06 [PTadmin] Official Update 2022-02


4 16 6 0 0 5.5434 0 2.2962 4.6195 0 1.9135 5 0 0
4 16 5.5434 0 2.2962 4.2426 0 4.2426 3.5355 0 3.5355 4.6195 0 1.9135
4 16 4.2426 0 4.2426 2.2962 0 5.5434 1.9135 0 4.6195 3.5355 0 3.5355
4 16 2.2962 0 5.5434 0 0 6 0 0 5 1.9135 0 4.6195
0 FILE p/2-4edge.dat
0 Circle 0.5
0 Name: 2-4edge.dat
0 Author: James Jessiman
0 !LDRAW_ORG Primitive UPDATE 2017-01
0 !LICENSE Licensed under CC BY 4.0 : see CAreadme.txt

0 BFC CERTIFY CCW

0 !HISTORY 2007-06-24 [PTadmin] Header formatted for Contributor Agreement
0 !HISTORY 2008-07-01 [PTadmin] Official Update 2008-01
0 !HISTORY 2017-01-15 [Steffen] BFCed
0 !HISTORY 2017-12-30 [PTadmin] Official Update 2017-01


2 24 1 0 0 0.9239 0 0.3827
2 24 0.9239 0 0.3827 0.7071 0 0.7071
2 24 0.7071 0 0.7071 0.3827 0 0.9239
2 24 0.3827 0 0.9239 0 0 1
2 24 0 0 1 -0.3827 0 0.9239
2 24 -0.3827 0 0.9239 -0.7071 0 0.7071
2 24 -0.7071 0 0.7071 -0.9239 0 0.3827
2 24 -0.9239 0 0.3827 -1 0 0
0 FILE p/1-4con4.dat
0 Cone  4 x 0.25
0 Name: 1-4con4.dat
0 Author: Steve Bliss [sbliss]
0 !LDRAW_ORG Primitive UPDATE 2012-01
0 !LICENSE Licensed under CC BY 4.0 : see CAreadme.txt

0 BFC CERTIFY CCW

0 !HISTORY 1998-12-15 [PTadmin] Official Update 1998-10
0 !HISTORY 1999-02-01 [PTadmin] Official Update 1999-01
0 !HISTORY 1999-05-11 [sbliss] Added optional lines
0 !HISTORY 1999-05-17 [PTadmin] Official Update 1999-03
0 !HISTORY 2002-12-11 [cwdee] Standardised title and made BFC compliant
0 !HISTORY 2003-03-12 [PTadmin] Official Update 2003-01
0 !HISTORY 2007-06-22 [PTadmin] Header formatted for Contributor Agreement
0 !HISTORY 2008-07-01 [PTadmin] Official Update 2008-01
0 !HISTORY 2012-02-16 [Philo] Recreated CCW
0 !HISTORY 2012-03-30 [PTadmin] Official Update 2012-01


4 16 4 1 0 3.6956 1 1.5308 4.6195 0 1.9135 5 0 0
4 16 3.6956 1 1.5308 2.8284 1 2.8284 3.5355 0 3.5355 4.6195 0 1.9135
4 16 2.8284 1 2.8284 1.5308 1 3.6956 1.9135 0 4.6195 3.5355 0 3.5355
4 16 1.5308 1 3.6956 0 1 4 0 0 5 1.9135 0 4.6195
0 // conditional lines
5 24 4 1 0 5 0 0 4 1 -1.6569 3.6955 1 1.5307
5 24 3.6956 1 1.5308 4.6195 0 1.9135 4 1 0 2.8284 1 2.8284
5 24 2.8284 1 2.8284 3.5355 0 3.5355 3.6955 1 1.5307 1.5307 1 3.6955
5 24 1.5308 1 3.6956 1.9135 0 4.6195 2.8284 1 2.8284 0 1 4
5 24 0 1 4 0 0 5 1.5307 1 3.6955 -1.6569 1 4
0 // Build by Primitive Generator 2
0 FILE p/2-8sphe.dat
0 Sphere 0.25
0 Name: 2-8sphe.dat
0 Author: James Jessiman
0 !LDRAW_ORG Primitive UPDATE 2003-02
0 !LICENSE Licensed under CC BY 4.0 : see CAreadme.txt

0 BFC CERTIFY CCW

0 !HISTORY 2002-08-31 [izanette] Modified with WINDZ for BFC compliance
0 !HISTORY 2003-08-01 [PTadmin] Official Update 2003-02
0 !HISTORY 2007-06-24 [PTadmin] Header formatted for Contributor Agreement
0 !HISTORY 2008-07-01 [PTadmin] Official Update 2008-01


1 16 0 0 0 1 0 0 0 1 0 0 0 1 1-8sphe.dat
1 16 0 0 0 -1 0 0 0 1 0 0 0 1 1-8sphe.dat
0
0 FILE p/1-8sphe.dat
0 Sphere 0.125
0 Name: 1-8sphe.dat
0 Author: James Jessiman
0 !LDRAW_ORG Primitive UPDATE 2012-03
0 !LICENSE Licensed under CC BY 4.0 : see CAreadme.txt

0 BFC CERTIFY CCW

0 !HISTORY 2000-08-01 {Axel Poque} fixes to resolve L3P error messages.
0 !HISTORY 2000-08-01 {Manfred Moolhuysen} fixes to resolve L3P error messages.
0 !HISTORY 2000-09-30 [PTadmin] Official Update 2000-02
0 !HISTORY 2002-03-28 [hafhead] Made BFC compliant
0 !HISTORY 2002-04-25 [PTadmin] Official Update 2002-02
0 !HISTORY 2007-06-22 [PTadmin] Header formatted for Contributor Agreement
0 !HISTORY 2008-07-01 [PTadmin] Official Update 2008-01
0 !HISTORY 2010-09-12 [MagFors] Changed winding, removed duplicated cond-line, optimized filesize
0 !HISTORY 2010-12-31 [PTadmin] Official Update 2010-03
0 !HISTORY 2012-07-01 [tcobbs] Replaced with geometry from LDView
0 !HISTORY 2012-12-28 [PTadmin] Official Update 2012-03


3 16 1 0 0 0.9239 0.3827 0 0.9239 0 0.3827
3 16 0.9239 0.3827 0 0.7836 0.4393 0.4393 0.9239 0 0.3827
3 16 0.9239 0 0.3827 0.7836 0.4393 0.4393 0.7071 0 0.7071
3 16 0.7836 0.4393 0.4393 0.4393 0.4393 0.7836 0.7071 0 0.7071
3 16 0.7071 0 0.7071 0.4393 0.4393 0.7836 0.3827 0 0.9239
3 16 0.4393 0.4393 0.7836 0 0.3827 0.9239 0.3827 0 0.9239
3 16 0.3827 0 0.9239 0 0.3827 0.9239 0 0 1
3 16 0.9239 0.3827 0 0.7071 0.7071 0 0.7836 0.4393 0.4393
3 16 0.7071 0.7071 0 0.4393 0.7836 0.4393 0.7836 0.4393 0.4393
3 16 0.7836 0.4393 0.4393 0.4393 0.7836 0.4393 0.4393 0.4393 0.7836
3 16 0.4393 0.7836 0.4393 0 0.7071 0.7071 0.4393 0.4393 0.7836
3 16 0.4393 0.4393 0.7836 0 0.7071 0.7071 0 0.3827 0.9239
3 16 0.7071 0.7071 0 0.3827 0.9239 0 0.4393 0.7836 0.4393
3 16 0.3827 0.9239 0 0 0.9239 0.3827 0.4393 0.7836 0.4393
3 16 0.4393 0.7836 0.4393 0 0.9239 0.3827 0 0.7071 0.7071
3 16 0.3827 0.9239 0 0 1 0 0 0.9239 0.3827

5 24 1 0 0 0.9239 0.3827 0 1 0 -0.1 0.9239 0 0.3827
5 24 0.9239 0.3827 0 0.9239 0 0.3827 1 0 0 0.7836 0.4393 0.4393
5 24 1 0 0 0.9239 0 0.3827 0.9239 0.3827 0 1 -0.1 0
5 24 0.9239 0 0.3827 0.7836 0.4393 0.4393 0.9239 0.3827 0 0.7071 0 0.7071
5 24 0.7836 0.4393 0.4393 0.7071 0 0.7071 0.9239 0 0.3827 0.4393 0.4393 0.7836
5 24 0.9239 0 0.3827 0.7071 0 0.7071 0.7836 0.4393 0.4393 0.9239 -0.1 0.3827
5 24 0.7071 0 0.7071 0.4393 0.4393 0.7836 0.7836 0.4393 0.4393 0.3827 0 0.9239
5 24 0.4393 0.4393 0.7836 0.3827 0 0.9239 0.7071 0 0.7071 0 0.3827 0.9239
5 24 0.7071 0 0.7071 0.3827 0 0.9239 0.4393 0.4393 0.7836 0.7071 -0.1 0.7071
5 24 0.3827 0 0.9239 0 0.3827 0.9239 0.4393 0.4393 0.7836 0 0 1
5 24 0 0.3827 0.9239 0 0 1 0.3827 0 0.9239 -0.1 0.3827 0.9239
5 24 0.3827 0 0.9239 0 0 1 0 0.3827 0.9239 0.3827 -0.1 0.9239
5 24 0.9239 0.3827 0 0.7071 0.7071 0 0.9239 0.3827 -0.1 0.7836 0.4393 0.4393
5 24 0.7071 0.7071 0 0.7836 0.4393 0.4393 0.9239 0.3827 0 0.4393 0.7836 0.4393
5 24 0.9239 0.3827 0 0.7836 0.4393 0.4393 0.7071 0.7071 0 0.9239 0 0.3827
5 24 0.7836 0.4393 0.4393 0.4393 0.7836 0.4393 0.7071 0.7071 0 0.4393 0.4393 0.7836
5 24 0.4393 0.7836 0.4393 0.4393 0.4393 0.7836 0.7836 0.4393 0.4393 0 0.7071 0.7071
5 24 0.7836 0.4393 0.4393 0.4393 0.4393 0.7836 0.4393 0.7836 0.4393 0.7071 0 0.7071
5 24 0.4393 0.4393 0.7836 0 0.7071 0.7071 0.4393 0.7836 0.4393 0 0.3827 0.9239
5 24 0 0.7071 0.7071 0 0.3827 0.9239 0.4393 0.4393 0.7836 -0.1 0.7071 0.7071
5 24 0.4393 0.4393 0.7836 0 0.3827 0.9239 0 0.7071 0.7071 0.3827 0 0.9239
5 24 0.7071 0.7071 0 0.3827 0.9239 0 0.7071 0.7071 -0.1 0.4393 0.7836 0.4393
5 24 0.3827 0.9239 0 0.4393 0.7836 0.4393 0.7071 0.7071 0 0 0.9239 0.3827
5 24 0.7071 0.7071 0 0.4393 0.7836 0.4393 0.3827 0.9239 0 0.7836 0.4393 0.4393
5 24 0.4393 0.7836 0.4393 0 0.9239 0.3827 0.3827 0.9239 0 0 0.7071 0.7071
5 24 0 0.9239 0.3827 0 0.7071 0.7071 0.4393 0.7836 0.4393 -0.1 0.9239 0.3827
5 24 0.4393 0.7836 0.4393 0 0.7071 0.7071 0 0.9239 0.3827 0.4393 0.4393 0.7836
5 24 0.3827 0.9239 0 0 1 0 0.3827 0.9239 -0.1 0 0.9239 0.3827
5 24 0 1 0 0 0.9239 0.3827 0.3827 0.9239 0 -0.1 1 0
5 24 0.3827 0.9239 0 0 0.9239 0.3827 0 1 0 0.4393 0.7836 0.4393
0 FILE p/48/1-8edge.dat
0 Hi-Res Circle 0.125
0 Name: 48\1-8edge.dat
0 Author: [PTadmin]
0 !LDRAW_ORG 48_Primitive UPDATE 2017-01
0 !LICENSE Licensed under CC BY 4.0 : see CAreadme.txt

0 BFC CERTIFY CCW

0 !HISTORY 2000-09-30 [PTadmin] Official Update 2000-02
0 !HISTORY 2007-10-13 [PTadmin] Header formatted for Contributor Agreement
0 !HISTORY 2008-07-01 [PTadmin] Official Update 2008-01
0 !HISTORY 2017-01-17 [Steffen] added BFC CERTIFY statement
0 !HISTORY 2017-12-30 [PTadmin] Official Update 2017-01


2 24 1 0 0 0.9914 0 0.1305
2 24 0.9914 0 0.1305 0.9659 0 0.2588
2 24 0.9659 0 0.2588 0.9239 0 0.3827
2 24 0.9239 0 0.3827 0.866 0 0.5
2 24 0.866 0 0.5 0.7934 0 0.6088
2 24 0.7934 0 0.6088 0.7071 0 0.7071
0 FILE p/1-8edge.dat
0 Circle 0.125
0 Name: 1-8edge.dat
0 Author: James Jessiman
0 !LDRAW_ORG Primitive UPDATE 2017-01
0 !LICENSE Licensed under CC BY 4.0 : see CAreadme.txt

0 BFC CERTIFY CCW

0 !HISTORY 2007-06-22 [PTadmin] Header formatted for Contributor Agreement
0 !HISTORY 2008-07-01 [PTadmin] Official Update 2008-01
0 !HISTORY 2017-01-15 [Steffen] BFCed
0 !HISTORY 2017-12-30 [PTadmin] Official Update 2017-01


2 24 1 0 0 0.9239 0 0.3827
2 24 0.9239 0 0.3827 0.7071 0 0.7071
0 FILE p/2-4cyli.dat
0 Cylinder 0.5
0 Name: 2-4cyli.dat
0 Author: James Jessiman
0 !LDRAW_ORG Primitive UPDATE 2005-01
0 !LICENSE Licensed under CC BY 4.0 : see CAreadme.txt

0 BFC CERTIFY CCW

0 !HISTORY 2002-03-23 [sbliss] Added BFC statement; compacted code
0 !HISTORY 2002-04-25 [PTadmin] Official Update 2002-02
0 !HISTORY 2004-12-11 [nielsk] Recreated using Primitive Generator, Edge lines fixed, BFC changed to CCW
0 !HISTORY 2005-12-28 [PTadmin] Official Update 2005-01
0 !HISTORY 2007-06-24 [PTadmin] Header formatted for Contributor Agreement
0 !HISTORY 2008-07-01 [PTadmin] Official Update 2008-01


4 16 .9239 1 .3827 .9239 0 .3827 1 0 0 1 1 0
4 16 .7071 1 .7071 .7071 0 .7071 .9239 0 .3827 .9239 1 .3827
4 16 .3827 1 .9239 .3827 0 .9239 .7071 0 .7071 .7071 1 .7071
4 16 0 1 1 0 0 1 .3827 0 .9239 .3827 1 .9239
4 16 -.3827 1 .9239 -.3827 0 .9239 0 0 1 0 1 1
4 16 -.7071 1 .7071 -.7071 0 .7071 -.3827 0 .9239 -.3827 1 .9239
4 16 -.9239 1 .3827 -.9239 0 .3827 -.7071 0 .7071 -.7071 1 .7071
4 16 -1 1 0 -1 0 0 -.9239 0 .3827 -.9239 1 .3827
5 24 1 1 0 1 0 0 1 1 -.4142 .9239 1 .3827
5 24 .9239 1 .3827 .9239 0 .3827 1 1 0 .7071 1 .7071
5 24 .7071 1 .7071 .7071 0 .7071 .9239 1 .3827 .3827 1 .9239
5 24 .3827 1 .9239 .3827 0 .9239 .7071 1 .7071 0 1 1
5 24 0 1 1 0 0 1 .3827 1 .9239 -.3827 1 .9239
5 24 -.3827 1 .9239 -.3827 0 .9239 0 1 1 -.7071 1 .7071
5 24 -.7071 1 .7071 -.7071 0 .7071 -.3827 1 .9239 -.9239 1 .3827
5 24 -.9239 1 .3827 -.9239 0 .3827 -.7071 1 .7071 -1 1 0
5 24 -1 1 0 -1 0 0 -.9239 1 .3827 -1 1 -.4142
0
0 FILE p/1-4edge.dat
0 Circle 0.25
0 Name: 1-4edge.dat
0 Author: James Jessiman
0 !LDRAW_ORG Primitive UPDATE 2017-01
0 !LICENSE Licensed under CC BY 4.0 : see CAreadme.txt

0 BFC CERTIFY CCW

0 !HISTORY 2007-06-22 [PTadmin] Header formatted for Contributor Agreement
0 !HISTORY 2008-07-01 [PTadmin] Official Update 2008-01
0 !HISTORY 2017-01-15 [Steffen] BFCed
0 !HISTORY 2017-12-30 [PTadmin] Official Update 2017-01


2 24 1 0 0 0.9239 0 0.3827
2 24 0.9239 0 0.3827 0.7071 0 0.7071
2 24 0.7071 0 0.7071 0.3827 0 0.9239
2 24 0.3827 0 0.9239 0 0 1
0 FILE p/1-4cyli.dat
0 Cylinder 0.25
0 Name: 1-4cyli.dat
0 Author: James Jessiman
0 !LDRAW_ORG Primitive UPDATE 2012-01
0 !LICENSE Licensed under CC BY 4.0 : see CAreadme.txt

0 BFC CERTIFY CCW

0 !HISTORY 2002-03-23 [sbliss] Added BFC statement.
0 !HISTORY 2002-04-25 [PTadmin] Official Update 2002-02
0 !HISTORY 2007-06-22 [PTadmin] Header formatted for Contributor Agreement
0 !HISTORY 2008-07-01 [PTadmin] Official Update 2008-01
0 !HISTORY 2012-02-16 [Philo] Changed to CCW
0 !HISTORY 2012-03-30 [PTadmin] Official Update 2012-01


4 16 1 1 0 0.9239 1 0.3827 0.9239 0 0.3827 1 0 0
5 24 1 0 0 1 1 0 0.9239 0 0.3827 1 0 -1
4 16 0.9239 1 0.3827 0.7071 1 0.7071 0.7071 0 0.7071 0.9239 0 0.3827
5 24 0.9239 0 0.3827 0.9239 1 0.3827 0.7071 0 0.7071 1 0 0
4 16 0.7071 1 0.7071 0.3827 1 0.9239 0.3827 0 0.9239 0.7071 0 0.7071
5 24 0.7071 0 0.7071 0.7071 1 0.7071 0.3827 0 0.9239 0.9239 0 0.3827
4 16 0.3827 1 0.9239 0 1 1 0 0 1 0.3827 0 0.9239
5 24 0.3827 0 0.9239 0.3827 1 0.9239 0 0 1 0.7071 0 0.7071
5 24 0 0 1 0 1 1 0.3827 0 0.9239 -1 0 1
0 FILE p/2-4disc.dat
0 Disc 0.5
0 Name: 2-4disc.dat
0 Author: James Jessiman
0 !LDRAW_ORG Primitive UPDATE 2002-02
0 !LICENSE Licensed under CC BY 4.0 : see CAreadme.txt

0 BFC CERTIFY CCW

0 !HISTORY 1998-12-15 [PTadmin] Official Update 1998-10
0 !HISTORY 2002-03-23 [sbliss] Added BFC statement
0 !HISTORY 2002-04-25 [PTadmin] Official Update 2002-02
0 !HISTORY 2007-06-24 [PTadmin] Header formatted for Contributor Agreement
0 !HISTORY 2008-07-01 [PTadmin] Official Update 2008-01


3 16 0 0 0 1 0 0 0.9239 0 0.3827
3 16 0 0 0 0.9239 0 0.3827 0.7071 0 0.7071
3 16 0 0 0 0.7071 0 0.7071 0.3827 0 0.9239
3 16 0 0 0 0.3827 0 0.9239 0 0 1
3 16 0 0 0 0 0 1 -0.3827 0 0.9239
3 16 0 0 0 -0.3827 0 0.9239 -0.7071 0 0.7071
3 16 0 0 0 -0.7071 0 0.7071 -0.9239 0 0.3827
3 16 0 0 0 -0.9239 0 0.3827 -1 0 -0
0
0 FILE p/2-4ring1.dat
0 Ring  1 x 0.5
0 Name: 2-4ring1.dat
0 Author: Chris Dee [cwdee]
0 !LDRAW_ORG Primitive UPDATE 2003-02
0 !LICENSE Licensed under CC BY 4.0 : see CAreadme.txt

0 BFC CERTIFY CCW

0 !HISTORY 2000-09-30 [PTadmin] Official Update 2000-02
0 !HISTORY 2002-08-31 [izanette] Modified with WINDZ for BFC compliance
0 !HISTORY 2003-08-01 [PTadmin] Official Update 2003-02
0 !HISTORY 2007-06-24 [PTadmin] Header formatted for Contributor Agreement
0 !HISTORY 2008-07-01 [PTadmin] Official Update 2008-01


4 16 2 0 0 1.8478 0 0.7654 0.9239 0 0.3827 1 0 0
4 16 1.8478 0 0.7654 1.4142 0 1.4142 0.7071 0 0.7071 0.9239 0 0.3827
4 16 1.4142 0 1.4142 0.7654 0 1.8478 0.3827 0 0.9239 0.7071 0 0.7071
4 16 0.7654 0 1.8478 0 0 2 0 0 1 0.3827 0 0.9239
4 16 0 0 2 -0.7654 0 1.8478 -0.3827 0 0.9239 0 0 1
4 16 -0.7654 0 1.8478 -1.4142 0 1.4142 -0.7071 0 0.7071 -0.3827 0 0.9239
4 16 -1.4142 0 1.4142 -1.8478 0 0.7654 -0.9239 0 0.3827 -0.7071 0 0.7071
4 16 -1.8478 0 0.7654 -2 0 0 -1 0 0 -0.9239 0 0.3827
0
0 FILE p/2-4ndis.dat
0 Disc Negative 0.5
0 Name: 2-4ndis.dat
0 Author: James Jessiman
0 !LDRAW_ORG Primitive UPDATE 2012-01
0 !LICENSE Licensed under CC BY 4.0 : see CAreadme.txt

0 BFC CERTIFY CCW

0 !HISTORY 2002-03-23 [sbliss] Added BFC statement; compacted code
0 !HISTORY 2002-04-25 [PTadmin] Official Update 2002-02
0 !HISTORY 2007-06-24 [PTadmin] Header formatted for Contributor Agreement
0 !HISTORY 2008-07-01 [PTadmin] Official Update 2008-01
0 !HISTORY 2012-02-16 [Philo] Changed to CCW
0 !HISTORY 2012-03-30 [PTadmin] Official Update 2012-01


3 16 0.9239 0 0.3827 1 0 0 1 0 1
3 16 0.7071 0 0.7071 0.9239 0 0.3827 1 0 1
3 16 0.3827 0 0.9239 0.7071 0 0.7071 1 0 1
3 16 0 0 1 0.3827 0 0.9239 1 0 1
3 16 -0.3827 0 0.9239 0 0 1 -1 0 1
3 16 -0.7071 0 0.7071 -0.3827 0 0.9239 -1 0 1
3 16 -0.9239 0 0.3827 -0.7071 0 0.7071 -1 0 1
3 16 -1 0 0 -0.9239 0 0.3827 -1 0 1
0 FILE p/2-4ring4.dat
0 Ring  4 x 0.5
0 Name: 2-4ring4.dat
0 Author: Paul Easter [pneaster]
0 !LDRAW_ORG Primitive UPDATE 2012-01
0 !LICENSE Licensed under CC BY 4.0 : see CAreadme.txt

0 BFC CERTIFY CCW

0 !HISTORY 2000-09-30 [PTadmin] Official Update 2000-02
0 !HISTORY 2003-06-11 [pneaster] Corrected Values
0 !HISTORY 2003-08-01 [PTadmin] Official Update 2003-02
0 !HISTORY 2007-06-24 [PTadmin] Header formatted for Contributor Agreement
0 !HISTORY 2008-07-01 [PTadmin] Official Update 2008-01
0 !HISTORY 2012-02-16 [Philo] Changed to CCW
0 !HISTORY 2012-03-30 [PTadmin] Official Update 2012-01


4 16 5 0 0 4.6195 0 1.9135 3.6956 0 1.5308 4 0 0
4 16 4.6195 0 1.9135 3.5355 0 3.5355 2.8284 0 2.8284 3.6956 0 1.5308
4 16 3.5355 0 3.5355 1.9135 0 4.6195 1.5308 0 3.6956 2.8284 0 2.8284
4 16 1.9135 0 4.6195 0 0 5 0 0 4 1.5308 0 3.6956
4 16 0 0 5 -1.9135 0 4.6195 -1.5308 0 3.6956 0 0 4
4 16 -1.9135 0 4.6195 -3.5355 0 3.5355 -2.8284 0 2.8284 -1.5308 0 3.6956
4 16 -3.5355 0 3.5355 -4.6195 0 1.9135 -3.6956 0 1.5308 -2.8284 0 2.8284
4 16 -4.6195 0 1.9135 -5 0 0 -4 0 0 -3.6956 0 1.5308
0 FILE p/1-4con5.dat
0 Cone  5 x 0.25
0 Name: 1-4con5.dat
0 Author: Franklin W. Cain [fwcain]
0 !LDRAW_ORG Primitive UPDATE 2002-06
0 !LICENSE Licensed under CC BY 4.0 : see CAreadme.txt

0 BFC CERTIFY CCW

0 !HISTORY 2002-07-03 [sbliss] made BFC compliant
0 !HISTORY 2002-12-31 [PTadmin] Official Update 2002-06
0 !HISTORY 2007-06-22 [PTadmin] Header formatted for Contributor Agreement
0 !HISTORY 2008-07-01 [PTadmin] Official Update 2008-01


4 16 6 0 0 5 1 0 4.6194 1 1.9134 5.5433 0 2.2961
4 16 5.5433 0 2.2961 4.6194 1 1.9134 3.5355 1 3.5355 4.2426 0 4.2426
4 16 4.2426 0 4.2426 3.5355 1 3.5355 1.9134 1 4.6194 2.2961 0 5.5433
4 16 2.2961 0 5.5433 1.9134 1 4.6194 0 1 5 0 0 6
0
5 24 5 1 0 6 0 0 4.6194 1 -1.9134 4.6194 1 1.9134
5 24 4.6194 1 1.9134 5.5433 0 2.2961 3.5355 1 3.5355 5 1 0
5 24 3.5355 1 3.5355 4.2426 0 4.2426 4.6194 1 1.9134 1.9134 1 4.6194
5 24 1.9134 1 4.6194 2.2961 0 5.5433 3.5355 1 3.5355 0 1 5
5 24 0 1 5 0 0 6 -1.9134 1 4.6194 1.9134 1 4.6194
0
0 FILE p/1-4ring6.dat
0 Ring  6 x 0.25
0 Name: 1-4ring6.dat
0 Author: Franklin W. Cain [fwcain]
0 !LDRAW_ORG Primitive UPDATE 2015-01
0 !LICENSE Licensed under CC BY 4.0 : see CAreadme.txt

0 BFC CERTIFY CCW

0 !HISTORY 2001-12-31 [PTadmin] Official Update 2001-03
0 !HISTORY 2007-06-22 [PTadmin] Header formatted for Contributor Agreement
0 !HISTORY 2008-07-01 [PTadmin] Official Update 2008-01
0 !HISTORY 2012-02-16 [Philo] Changed to CCW
0 !HISTORY 2012-03-30 [PTadmin] Official Update 2012-01
0 !HISTORY 2014-12-25 [MMR1988] Fixed a rounding issue
0 !HISTORY 2015-10-11 [PTadmin] Official Update 2015-01


4 16 7 0 0 6.4673 0 2.6789 5.5434 0 2.2962 6 0 0
4 16 6.4673 0 2.6789 4.9497 0 4.9497 4.2426 0 4.2426 5.5434 0 2.2962
4 16 4.9497 0 4.9497 2.6789 0 6.4673 2.2962 0 5.5434 4.2426 0 4.2426
4 16 2.6789 0 6.4673 0 0 7 0 0 6 2.2962 0 5.5434
0 // Build by Primitive Generator 2
0 FILE p/1-4con2.dat
0 Cone  2 x 0.25
0 Name: 1-4con2.dat
0 Author: Steve Bliss [sbliss]
0 !LDRAW_ORG Primitive UPDATE 2012-01
0 !LICENSE Licensed under CC BY 4.0 : see CAreadme.txt

0 BFC CERTIFY CCW

0 !HISTORY 1999-07-05 [PTadmin] Official Update 1999-05
0 !HISTORY 2002-12-11 [cwdee] Standardised title and made BFC compliant
0 !HISTORY 2003-06-28 [pneaster] Added missing conditional line
0 !HISTORY 2003-12-19 [PTadmin] Official Update 2003-03
0 !HISTORY 2007-06-22 [PTadmin] Header formatted for Contributor Agreement
0 !HISTORY 2008-07-01 [PTadmin] Official Update 2008-01
0 !HISTORY 2012-02-16 [Philo] Recreated CCW
0 !HISTORY 2012-03-30 [PTadmin] Official Update 2012-01


4 16 2 1 0 1.8478 1 0.7654 2.7717 0 1.1481 3 0 0
4 16 1.8478 1 0.7654 1.4142 1 1.4142 2.1213 0 2.1213 2.7717 0 1.1481
4 16 1.4142 1 1.4142 0.7654 1 1.8478 1.1481 0 2.7717 2.1213 0 2.1213
4 16 0.7654 1 1.8478 0 1 2 0 0 3 1.1481 0 2.7717
0 // conditional lines
5 24 2 1 0 3 0 0 2 1 -0.8284 1.8478 1 0.7654
5 24 1.8478 1 0.7654 2.7717 0 1.1481 2 1 0 1.4142 1 1.4142
5 24 1.4142 1 1.4142 2.1213 0 2.1213 1.8478 1 0.7654 0.7654 1 1.8478
5 24 0.7654 1 1.8478 1.1481 0 2.7717 1.4142 1 1.4142 0 1 2
5 24 0 1 2 0 0 3 0.7654 1 1.8478 -0.8284 1 2
0 // Build by Primitive Generator 2
0 FILE p/t04o7500.dat
0 Torus Outside  1 x 0.7500 x 0.25
0 Name: t04o7500.dat
0 Author: Paul Easter [pneaster]
0 !LDRAW_ORG Primitive UPDATE 2012-01
0 !LICENSE Licensed under CC BY 4.0 : see CAreadme.txt

0 BFC CERTIFY CCW

0 !HISTORY 2004-04-22 [PTadmin] Official Update 2004-02
0 !HISTORY 2007-12-20 [PTadmin] Header formatted for Contributor Agreement
0 !HISTORY 2008-07-01 [PTadmin] Official Update 2008-01
0 !HISTORY 2012-02-22 [Philo] Rebuilt CCW
0 !HISTORY 2012-03-30 [PTadmin] Official Update 2012-01


0 // Major Radius: 4
0 // Tube(Minor) Radius: 3
0 // Segments(Sweep): 4/16 = 0.25
0 // 1 9 0 0 0 1 0 0 0 1 0 0 0 1 4-4edge.dat
0 // 1 12 1 0 0 0.7500 0 0 0 0 0.7500 0 1 0 4-4edge.dat

4 16 1 0.75 0 0.9239 0.75 0.3827 1.1891 0.6929 0.4925 1.287 0.6929 0
4 16 1.287 0.6929 0 1.1891 0.6929 0.4925 1.4139 0.5303 0.5857 1.5303 0.5303 0
4 16 1.5303 0.5303 0 1.4139 0.5303 0.5857 1.5641 0.287 0.6479 1.6929 0.287 0
4 16 1.6929 0.287 0 1.5641 0.287 0.6479 1.6168 0 0.6697 1.75 0 0
4 16 0.9239 0.75 0.3827 0.7071 0.75 0.7071 0.9101 0.6929 0.9101 1.1891 0.6929 0.4925
4 16 1.1891 0.6929 0.4925 0.9101 0.6929 0.9101 1.0821 0.5303 1.0821 1.4139 0.5303 0.5857
4 16 1.4139 0.5303 0.5857 1.0821 0.5303 1.0821 1.1971 0.287 1.1971 1.5641 0.287 0.6479
4 16 1.5641 0.287 0.6479 1.1971 0.287 1.1971 1.2374 0 1.2374 1.6168 0 0.6697
4 16 0.7071 0.75 0.7071 0.3827 0.75 0.9239 0.4925 0.6929 1.1891 0.9101 0.6929 0.9101
4 16 0.9101 0.6929 0.9101 0.4925 0.6929 1.1891 0.5857 0.5303 1.4139 1.0821 0.5303 1.0821
4 16 1.0821 0.5303 1.0821 0.5857 0.5303 1.4139 0.6479 0.287 1.5641 1.1971 0.287 1.1971
4 16 1.1971 0.287 1.1971 0.6479 0.287 1.5641 0.6697 0 1.6168 1.2374 0 1.2374
4 16 0.3827 0.75 0.9239 0 0.75 1 0 0.6929 1.287 0.4925 0.6929 1.1891
4 16 0.4925 0.6929 1.1891 0 0.6929 1.287 0 0.5303 1.5303 0.5857 0.5303 1.4139
4 16 0.5857 0.5303 1.4139 0 0.5303 1.5303 0 0.287 1.6929 0.6479 0.287 1.5641
4 16 0.6479 0.287 1.5641 0 0.287 1.6929 0 0 1.75 0.6697 0 1.6168

0 // conditional lines
5 24 1 0.75 0 0.9239 0.75 0.3827 1.287 0.6929 0 0.6894 0.75 0
5 24 1 0.75 0 1.287 0.6929 0 0.9239 0.75 0.3827 1 0.75 -0.4142
5 24 1.287 0.6929 0 1.1891 0.6929 0.4925 1.5303 0.5303 0 1 0.75 0
5 24 1.287 0.6929 0 1.5303 0.5303 0 1.1891 0.6929 0.4925 1.287 0.6929 -0.5331
5 24 1.5303 0.5303 0 1.4139 0.5303 0.5857 1.6929 0.287 0 1.287 0.6929 0
5 24 1.5303 0.5303 0 1.6929 0.287 0 1.4139 0.5303 0.5857 1.5303 0.5303 -0.6339
5 24 1.6929 0.287 0 1.5641 0.287 0.6479 1.75 0 0 1.5303 0.5303 0
5 24 1.6929 0.287 0 1.75 0 0 1.5641 0.287 0.6479 1.6929 0.287 -0.7012
5 24 1.75 0 0 1.6168 0 0.6697 1.75 -0.3107 0 1.6929 0.287 0
5 24 0.9239 0.75 0.3827 0.7071 0.75 0.7071 1.1891 0.6929 0.4925 0.6369 0.75 0.2638
5 24 0.9239 0.75 0.3827 1.1891 0.6929 0.4925 0.7071 0.75 0.7071 1 0.75 0
5 24 1.1891 0.6929 0.4925 0.9101 0.6929 0.9101 1.4139 0.5303 0.5857 0.9239 0.75 0.3827
5 24 1.1891 0.6929 0.4925 1.4139 0.5303 0.5857 0.9101 0.6929 0.9101 1.287 0.6929 0
5 24 1.4139 0.5303 0.5857 1.0821 0.5303 1.0821 1.5641 0.287 0.6479 1.1891 0.6929 0.4925
5 24 1.4139 0.5303 0.5857 1.5641 0.287 0.6479 1.0821 0.5303 1.0821 1.5303 0.5303 0
5 24 1.5641 0.287 0.6479 1.1971 0.287 1.1971 1.6168 0 0.6697 1.4139 0.5303 0.5857
5 24 1.5641 0.287 0.6479 1.6168 0 0.6697 1.1971 0.287 1.1971 1.6929 0.287 0
5 24 1.6168 0 0.6697 1.2374 0 1.2374 1.6168 -0.3107 0.6697 1.5641 0.287 0.6479
5 24 0.7071 0.75 0.7071 0.3827 0.75 0.9239 0.9101 0.6929 0.9101 0.4874 0.75 0.4874
5 24 0.7071 0.75 0.7071 0.9101 0.6929 0.9101 0.3827 0.75 0.9239 0.9239 0.75 0.3827
5 24 0.9101 0.6929 0.9101 0.4925 0.6929 1.1891 1.0821 0.5303 1.0821 0.7071 0.75 0.7071
5 24 0.9101 0.6929 0.9101 1.0821 0.5303 1.0821 0.4925 0.6929 1.1891 1.1891 0.6929 0.4925
5 24 1.0821 0.5303 1.0821 0.5857 0.5303 1.4139 1.1971 0.287 1.1971 0.9101 0.6929 0.9101
5 24 1.0821 0.5303 1.0821 1.1971 0.287 1.1971 0.5857 0.5303 1.4139 1.4139 0.5303 0.5857
5 24 1.1971 0.287 1.1971 0.6479 0.287 1.5641 1.2374 0 1.2374 1.0821 0.5303 1.0821
5 24 1.1971 0.287 1.1971 1.2374 0 1.2374 0.6479 0.287 1.5641 1.5641 0.287 0.6479
5 24 1.2374 0 1.2374 0.6697 0 1.6168 1.2374 -0.3107 1.2374 1.1971 0.287 1.1971
5 24 0.3827 0.75 0.9239 0 0.75 1 0.4925 0.6929 1.1891 0.2638 0.75 0.6369
5 24 0.3827 0.75 0.9239 0.4925 0.6929 1.1891 0 0.75 1 0.7071 0.75 0.7071
5 24 0.4925 0.6929 1.1891 0 0.6929 1.287 0.5857 0.5303 1.4139 0.3827 0.75 0.9239
5 24 0.4925 0.6929 1.1891 0.5857 0.5303 1.4139 0 0.6929 1.287 0.9101 0.6929 0.9101
5 24 0.5857 0.5303 1.4139 0 0.5303 1.5303 0.6479 0.287 1.5641 0.4925 0.6929 1.1891
5 24 0.5857 0.5303 1.4139 0.6479 0.287 1.5641 0 0.5303 1.5303 1.0821 0.5303 1.0821
5 24 0.6479 0.287 1.5641 0 0.287 1.6929 0.6697 0 1.6168 0.5857 0.5303 1.4139
5 24 0.6479 0.287 1.5641 0.6697 0 1.6168 0 0.287 1.6929 1.1971 0.287 1.1971
5 24 0.6697 0 1.6168 0 0 1.75 0.6697 -0.3107 1.6168 0.6479 0.287 1.5641
5 24 0 0.75 1 0 0.6929 1.287 -0.4142 0.75 1 0.3827 0.75 0.9239
5 24 0 0.6929 1.287 0 0.5303 1.5303 -0.5331 0.6929 1.287 0.4925 0.6929 1.1891
5 24 0 0.5303 1.5303 0 0.287 1.6929 -0.6339 0.5303 1.5303 0.5857 0.5303 1.4139
5 24 0 0.287 1.6929 0 0 1.75 -0.7012 0.287 1.6929 0.6479 0.287 1.5641
0 // Build by Primitive Generator 2
0 FILE p/3-4edge.dat
0 Circle 0.75
0 Name: 3-4edge.dat
0 Author: James Jessiman
0 !LDRAW_ORG Primitive UPDATE 2017-01
0 !LICENSE Licensed under CC BY 4.0 : see CAreadme.txt

0 BFC CERTIFY CCW

0 !HISTORY 2007-06-24 [PTadmin] Header formatted for Contributor Agreement
0 !HISTORY 2008-07-01 [PTadmin] Official Update 2008-01
0 !HISTORY 2017-01-15 [Steffen] BFCed
0 !HISTORY 2017-12-30 [PTadmin] Official Update 2017-01


2 24 1 0 0 0.9239 0 0.3827
2 24 0.9239 0 0.3827 0.7071 0 0.7071
2 24 0.7071 0 0.7071 0.3827 0 0.9239
2 24 0.3827 0 0.9239 0 0 1
2 24 0 0 1 -0.3827 0 0.9239
2 24 -0.3827 0 0.9239 -0.7071 0 0.7071
2 24 -0.7071 0 0.7071 -0.9239 0 0.3827
2 24 -0.9239 0 0.3827 -1 0 0
2 24 -1 0 -0 -0.9239 0 -0.3827
2 24 -0.9239 0 -0.3827 -0.7071 0 -0.7071
2 24 -0.7071 0 -0.7071 -0.3827 0 -0.9239
2 24 -0.3827 0 -0.9239 0 0 -1
0 FILE p/1-4ring9.dat
0 Ring  9 x 0.25
0 Name: 1-4ring9.dat
0 Author: Franklin W. Cain [fwcain]
0 !LDRAW_ORG Primitive UPDATE 2012-01
0 !LICENSE Licensed under CC BY 4.0 : see CAreadme.txt

0 BFC CERTIFY CCW

0 !HISTORY 2002-06-11 [PTadmin] Official Update 2002-03
0 !HISTORY 2007-06-22 [PTadmin] Header formatted for Contributor Agreement
0 !HISTORY 2008-07-01 [PTadmin] Official Update 2008-01
0 !HISTORY 2012-02-16 [Philo] Changed to CCW
0 !HISTORY 2012-03-30 [PTadmin] Official Update 2012-01


4 16 10 0 0 9.2388 0 3.8268 8.3149 0 3.4442 9 0 0
4 16 9.2388 0 3.8268 7.0711 0 7.0711 6.364 0 6.364 8.3149 0 3.4442
4 16 7.0711 0 7.0711 3.8268 0 9.2388 3.4442 0 8.3149 6.364 0 6.364
4 16 3.8268 0 9.2388 0 0 10 0 0 9 3.4442 0 8.3149
0 FILE p/4-4ring4.dat
0 Ring  4 x 1.0
0 Name: 4-4ring4.dat
0 Author: James Jessiman
0 !LDRAW_ORG Primitive UPDATE 2009-01
0 !LICENSE Licensed under CC BY 4.0 : see CAreadme.txt

0 BFC CERTIFY CCW

0 !HISTORY 1998-12-15 [PTadmin] Official Update 1998-10
0 !HISTORY 2002-04-08 [BrickCaster] Modified for BFC compliance
0 !HISTORY 2002-04-25 [PTadmin] Official Update 2002-02
0 !HISTORY 2007-06-24 [PTadmin] Header formatted for Contributor Agreement
0 !HISTORY 2008-07-01 [PTadmin] Official Update 2008-01
0 !HISTORY 2008-08-26 [cwdee] Switch polygon winding and rename
0 !HISTORY 2009-05-02 [PTadmin] Official Update 2009-01


4 16 -1.9135 0 4.6195 -1.5308 0 3.6956 0 0 4 0 0 5
4 16 -3.5355 0 3.5355 -2.8284 0 2.8284 -1.5308 0 3.6956 -1.9135 0 4.6195
4 16 -4.6195 0 1.9135 -3.6956 0 1.5308 -2.8284 0 2.8284 -3.5355 0 3.5355
4 16 -5 0 0 -4 0 0 -3.6956 0 1.5308 -4.6195 0 1.9135
4 16 -4.6195 0 -1.9135 -3.6956 0 -1.5308 -4 0 0 -5 0 0
4 16 -3.5355 0 -3.5355 -2.8284 0 -2.8284 -3.6956 0 -1.5308 -4.6195 0 -1.9135
4 16 -1.9135 0 -4.6195 -1.5308 0 -3.6956 -2.8284 0 -2.8284 -3.5355 0 -3.5355
4 16 0 0 -5 0 0 -4 -1.5308 0 -3.6956 -1.9135 0 -4.6195
4 16 1.9135 0 -4.6195 1.5308 0 -3.6956 0 0 -4 0 0 -5
4 16 3.5355 0 -3.5355 2.8284 0 -2.8284 1.5308 0 -3.6956 1.9135 0 -4.6195
4 16 4.6195 0 -1.9135 3.6956 0 -1.5308 2.8284 0 -2.8284 3.5355 0 -3.5355
4 16 5 0 0 4 0 0 3.6956 0 -1.5308 4.6195 0 -1.9135
4 16 4.6195 0 1.9135 3.6956 0 1.5308 4 0 0 5 0 0
4 16 3.5355 0 3.5355 2.8284 0 2.8284 3.6956 0 1.5308 4.6195 0 1.9135
4 16 1.9135 0 4.6195 1.5308 0 3.6956 2.8284 0 2.8284 3.5355 0 3.5355
4 16 0 0 5 0 0 4 1.5308 0 3.6956 1.9135 0 4.6195
0
0 FILE p/stud4.dat
0 Stud Tube Open
0 Name: stud4.dat
0 Author: James Jessiman
0 !LDRAW_ORG Primitive UPDATE 2009-02
0 !LICENSE Licensed under CC BY 4.0 : see CAreadme.txt

0 BFC CERTIFY CCW

0 !HISTORY 1999-07-05 [PTadmin] Official Update 1999-05
0 !HISTORY 2002-04-04 [sbliss] Modified for BFC compliance
0 !HISTORY 2002-04-25 [PTadmin] Official Update 2002-02
0 !HISTORY 2007-06-24 [PTadmin] Header formatted for Contributor Agreement
0 !HISTORY 2008-07-01 [PTadmin] Official Update 2008-01
0 !HISTORY 2009-06-21 [cwdee] Update ring references to 4-4ring
0 !HISTORY 2009-09-03 [PTadmin] Official Update 2009-02


1 16 0 -4 0 6 0 0 0 1 0 0 0 6 4-4edge.dat
1 16 0 -4 0 8 0 0 0 1 0 0 0 8 4-4edge.dat
1 16 0 0 0 6 0 0 0 1 0 0 0 6 4-4edge.dat
1 16 0 0 0 8 0 0 0 1 0 0 0 8 4-4edge.dat
0 BFC INVERTNEXT
1 16 0 -4 0 6 0 0 0 4 0 0 0 6 4-4cyli.dat
1 16 0 -4 0 8 0 0 0 4 0 0 0 8 4-4cyli.dat
1 16 0 -4 0 2 0 0 0 1 0 0 0 2 4-4ring3.dat
0
0 FILE p/4-4ring3.dat
0 Ring  3 x 1.0
0 Name: 4-4ring3.dat
0 Author: James Jessiman
0 !LDRAW_ORG Primitive UPDATE 2009-01
0 !LICENSE Licensed under CC BY 4.0 : see CAreadme.txt

0 BFC CERTIFY CCW

0 !HISTORY 1998-12-15 [PTadmin] Official Update 1998-10
0 !HISTORY 2002-04-05 [hafhead] Added BFC statement
0 !HISTORY 2002-04-25 [PTadmin] Official Update 2002-02
0 !HISTORY 2007-06-24 [PTadmin] Header formatted for Contributor Agreement
0 !HISTORY 2008-07-01 [PTadmin] Official Update 2008-01
0 !HISTORY 2008-08-26 [cwdee] Switch polygon winding and rename
0 !HISTORY 2009-05-02 [PTadmin] Official Update 2009-01


4 16 -1.5308 0 3.6956 -1.1481 0 2.7717 0 0 3 0 0 4
4 16 -2.8284 0 2.8284 -2.1213 0 2.1213 -1.1481 0 2.7717 -1.5308 0 3.6956
4 16 -3.6956 0 1.5308 -2.7717 0 1.1481 -2.1213 0 2.1213 -2.8284 0 2.8284
4 16 -4 0 0 -3 0 0 -2.7717 0 1.1481 -3.6956 0 1.5308
4 16 -3.6956 0 -1.5308 -2.7717 0 -1.1481 -3 0 0 -4 0 0
4 16 -2.8284 0 -2.8284 -2.1213 0 -2.1213 -2.7717 0 -1.1481 -3.6956 0 -1.5308
4 16 -1.5308 0 -3.6956 -1.1481 0 -2.7717 -2.1213 0 -2.1213 -2.8284 0 -2.8284
4 16 0 0 -4 0 0 -3 -1.1481 0 -2.7717 -1.5308 0 -3.6956
4 16 1.5308 0 -3.6956 1.1481 0 -2.7717 0 0 -3 0 0 -4
4 16 2.8284 0 -2.8284 2.1213 0 -2.1213 1.1481 0 -2.7717 1.5308 0 -3.6956
4 16 3.6956 0 -1.5308 2.7717 0 -1.1481 2.1213 0 -2.1213 2.8284 0 -2.8284
4 16 4 0 0 3 0 0 2.7717 0 -1.1481 3.6956 0 -1.5308
4 16 3.6956 0 1.5308 2.7717 0 1.1481 3 0 0 4 0 0
4 16 2.8284 0 2.8284 2.1213 0 2.1213 2.7717 0 1.1481 3.6956 0 1.5308
4 16 1.5308 0 3.6956 1.1481 0 2.7717 2.1213 0 2.1213 2.8284 0 2.8284
4 16 0 0 4 0 0 3 1.1481 0 2.7717 1.5308 0 3.6956
0
0 FILE parts/3626b.dat
0 Minifig Head with Blocked Hollow Stud
0 Name: 3626b.dat
0 Author: Tore Eriksson [Tore_Eriksson]
0 !LDRAW_ORG Part UPDATE 2022-05
0 !LICENSE Licensed under CC BY 4.0 : see CAreadme.txt

0 BFC CERTIFY CCW

0 !KEYWORDS BrickLink 3626

0 !HISTORY 1998-06-20 [PTadmin] Official Update 1998-06
0 !HISTORY 1998-10-15 [PTadmin] Official Update 1998-09
0 !HISTORY 1999-02-01 [PTadmin] Official Update 1999-01
0 !HISTORY 1999-03-01 [cwdee] Modified
0 !HISTORY 1999-03-26 [PTadmin] Official Update 1999-02
0 !HISTORY 2004-02-29 [cwdee] Name change
0 !HISTORY 2004-03-14 [Steffen] BFCed
0 !HISTORY 2004-04-22 [PTadmin] Official Update 2004-02
0 !HISTORY 2004-07-13 [westrate] changed to use torus primitives
0 !HISTORY 2005-12-28 [PTadmin] Official Update 2005-01
0 !HISTORY 2007-06-29 [PTadmin] Header formatted for Contributor Agreement
0 !HISTORY 2008-07-01 [PTadmin] Official Update 2008-01
0 !HISTORY 2022-07-30 [MagFors] Update description
0 !HISTORY 2022-09-15 [PTadmin] Official Update 2022-05


0 // replacing s\3626bs00.dat
1 16 0 0 0 1 0 0 0 1 0 0 0 1 s\3626bs02.dat
1 16 0 4 0 13 0 0 0 13 0 0 0 13 4-4cyli.dat
1 16 0 4 0 0 0 8 0 -6.4 0 8 0 0 t04o6250.dat
1 16 0 4 0 -8 0 0 0 -6.4 0 0 0 8 t04o6250.dat
1 16 0 17 0 0 0 -8 0 6.4 0 8 0 0 t04o6250.dat
1 16 0 17 0 8 0 0 0 6.4 0 0 0 8 t04o6250.dat
1 16 0 4 0 0 0 -8 0 -6.4 0 -8 0 0 t04o6250.dat
1 16 0 4 0 8 0 0 0 -6.4 0 0 0 -8 t04o6250.dat
1 16 0 17 0 0 0 8 0 6.4 0 -8 0 0 t04o6250.dat
1 16 0 17 0 -8 0 0 0 6.4 0 0 0 -8 t04o6250.dat
0 FILE p/t04o6250.dat
0 Torus Outside  1 x 0.6250 x 0.25
0 Name: t04o6250.dat
0 Author: Paul Easter [pneaster]
0 !LDRAW_ORG Primitive UPDATE 2011-02
0 !LICENSE Licensed under CC BY 4.0 : see CAreadme.txt

0 BFC CERTIFY CCW

0 !HISTORY 2005-12-28 [PTadmin] Official Update 2005-01
0 !HISTORY 2007-12-20 [PTadmin] Header formatted for Contributor Agreement
0 !HISTORY 2008-07-01 [PTadmin] Official Update 2008-01
0 !HISTORY 2011-08-31 [BlackBrick89] Corrected conditional lines
0 !HISTORY 2011-12-29 [PTadmin] Official Update 2011-02


0 // Major Radius: 8
0 // Tube(Minor) Radius: 5
0 // Segments(Sweep): 4/16 = 0.25
0 // 1 9 0 0 0 1 0 0 0 1 0 0 0 1 4-4edge.dat
0 // 1 12 1 0 0 0.6250 0 0 0 0 0.6250 0 1 0 4-4edge.dat

4 16 1 0.625 0 0.9239 0.625 0.3827 1.1449 0.5774 0.4742 1.2392 0.5774 0
4 16 1.2392 0.5774 0 1.1449 0.5774 0.4742 1.3322 0.4419 0.5518 1.4419 0.4419 0
4 16 1.4419 0.4419 0 1.3322 0.4419 0.5518 1.4574 0.2392 0.6037 1.5774 0.2392 0
4 16 1.5774 0.2392 0 1.4574 0.2392 0.6037 1.5013 0 0.6219 1.625 0 0
4 16 0.9239 0.625 0.3827 0.7071 0.625 0.7071 0.8762 0.5774 0.8762 1.1449 0.5774 0.4742
4 16 1.1449 0.5774 0.4742 0.8762 0.5774 0.8762 1.0196 0.4419 1.0196 1.3322 0.4419 0.5518
4 16 1.3322 0.4419 0.5518 1.0196 0.4419 1.0196 1.1154 0.2392 1.1154 1.4574 0.2392 0.6037
4 16 1.4574 0.2392 0.6037 1.1154 0.2392 1.1154 1.149 0 1.149 1.5013 0 0.6219
4 16 0.7071 0.625 0.7071 0.3827 0.625 0.9239 0.4742 0.5774 1.1449 0.8762 0.5774 0.8762
4 16 0.8762 0.5774 0.8762 0.4742 0.5774 1.1449 0.5518 0.4419 1.3322 1.0196 0.4419 1.0196
4 16 1.0196 0.4419 1.0196 0.5518 0.4419 1.3322 0.6037 0.2392 1.4574 1.1154 0.2392 1.1154
4 16 1.1154 0.2392 1.1154 0.6037 0.2392 1.4574 0.6219 0 1.5013 1.149 0 1.149
4 16 0.3827 0.625 0.9239 0 0.625 1 0 0.5774 1.2392 0.4742 0.5774 1.1449
4 16 0.4742 0.5774 1.1449 0 0.5774 1.2392 0 0.4419 1.4419 0.5518 0.4419 1.3322
4 16 0.5518 0.4419 1.3322 0 0.4419 1.4419 0 0.2392 1.5774 0.6037 0.2392 1.4574
4 16 0.6037 0.2392 1.4574 0 0.2392 1.5774 0 0 1.625 0.6219 0 1.5013
5 24 1 0.625 0 0.9239 0.625 0.3827 1.2392 0.5774 0 0.7411 0.625 0
5 24 1 0.625 0 1.2392 0.5774 0 0.9239 0.625 0.3827 1 0.625 -0.4142
5 24 1.2392 0.5774 0 1.1449 0.5774 0.4742 1.4419 0.4419 0 1 0.625 0
5 24 1.2392 0.5774 0 1.4419 0.4419 0 1.1449 0.5774 0.4742 1.2392 0.5774 -0.5133
5 24 1.4419 0.4419 0 1.3322 0.4419 0.5518 1.5774 0.2392 0 1.2392 0.5774 0
5 24 1.4419 0.4419 0 1.5774 0.2392 0 1.3322 0.4419 0.5518 1.4419 0.4419 -0.5973
5 24 1.5774 0.2392 0 1.4574 0.2392 0.6037 1.625 0 0 1.4419 0.4419 0
5 24 1.5774 0.2392 0 1.625 0 0 1.4574 0.2392 0.6037 1.5774 0.2392 -0.6534
5 24 1.625 0 0 1.5013 0 0.6219 1.625 -0.2589 0 1.5774 0.2392 0
5 24 0.9239 0.625 0.3827 0.7071 0.625 0.7071 1.1449 0.5774 0.4742 0.6847 0.625 0.2836
5 24 0.9239 0.625 0.3827 1.1449 0.5774 0.4742 0.7071 0.625 0.7071 1 0.625 0
5 24 1.1449 0.5774 0.4742 0.8762 0.5774 0.8762 1.3322 0.4419 0.5518 0.9239 0.625 0.3827
5 24 1.1449 0.5774 0.4742 1.3322 0.4419 0.5518 0.8762 0.5774 0.8762 1.2392 0.5774 0
5 24 1.3322 0.4419 0.5518 1.0196 0.4419 1.0196 1.4574 0.2392 0.6037 1.1449 0.5774 0.4742
5 24 1.3322 0.4419 0.5518 1.4574 0.2392 0.6037 1.0196 0.4419 1.0196 1.4419 0.4419 0
5 24 1.4574 0.2392 0.6037 1.1154 0.2392 1.1154 1.5013 0 0.6219 1.3322 0.4419 0.5518
5 24 1.4574 0.2392 0.6037 1.5013 0 0.6219 1.1154 0.2392 1.1154 1.5774 0.2392 0
5 24 1.5013 0 0.6219 1.149 0 1.149 1.5013 -0.2589 0.6219 1.4574 0.2392 0.6037
5 24 0.7071 0.625 0.7071 0.3827 0.625 0.9239 0.8762 0.5774 0.8762 0.524 0.625 0.524
5 24 0.7071 0.625 0.7071 0.8762 0.5774 0.8762 0.3827 0.625 0.9239 0.9239 0.625 0.3827
5 24 0.8762 0.5774 0.8762 0.4742 0.5774 1.1449 1.0196 0.4419 1.0196 0.7071 0.625 0.7071
5 24 0.8762 0.5774 0.8762 1.0196 0.4419 1.0196 0.4742 0.5774 1.1449 1.1449 0.5774 0.4742
5 24 1.0196 0.4419 1.0196 0.5518 0.4419 1.3322 1.1154 0.2392 1.1154 0.8762 0.5774 0.8762
5 24 1.0196 0.4419 1.0196 1.1154 0.2392 1.1154 0.5518 0.4419 1.3322 1.3322 0.4419 0.5518
5 24 1.1154 0.2392 1.1154 0.6037 0.2392 1.4574 1.149 0 1.149 1.0196 0.4419 1.0196
5 24 1.1154 0.2392 1.1154 1.149 0 1.149 0.6037 0.2392 1.4574 1.4574 0.2392 0.6037
5 24 1.149 0 1.149 0.6219 0 1.5013 1.149 -0.2589 1.149 1.1154 0.2392 1.1154
5 24 0.3827 0.625 0.9239 0 0.625 1 0.4742 0.5774 1.1449 0.2836 0.625 0.6847
5 24 0.3827 0.625 0.9239 0.4742 0.5774 1.1449 0 0.625 1 0.7071 0.625 0.7071
5 24 0.4742 0.5774 1.1449 0 0.5774 1.2392 0.5518 0.4419 1.3322 0.3827 0.625 0.9239
5 24 0.4742 0.5774 1.1449 0.5518 0.4419 1.3322 0 0.5774 1.2392 0.8762 0.5774 0.8762
5 24 0.5518 0.4419 1.3322 0 0.4419 1.4419 0.6037 0.2392 1.4574 0.4742 0.5774 1.1449
5 24 0.5518 0.4419 1.3322 0.6037 0.2392 1.4574 0 0.4419 1.4419 1.0196 0.4419 1.0196
5 24 0.6037 0.2392 1.4574 0 0.2392 1.5774 0.6219 0 1.5013 0.5518 0.4419 1.3322
5 24 0.6037 0.2392 1.4574 0.6219 0 1.5013 0 0.2392 1.5774 1.1154 0.2392 1.1154
5 24 0.6219 0 1.5013 0 0 1.625 0.6219 -0.2589 1.5013 0.6037 0.2392 1.4574
5 24 0 0.625 1 0 0.5774 1.2392 -0.4142 0.625 1 0.3827 0.625 0.9239
5 24 0 0.5774 1.2392 0 0.4419 1.4419 -0.5133 0.5774 1.2392 0.4742 0.5774 1.1449
5 24 0 0.4419 1.4419 0 0.2392 1.5774 -0.5973 0.4419 1.4419 0.5518 0.4419 1.3322
5 24 0 0.2392 1.5774 0 0 1.625 -0.6534 0.2392 1.5774 0.6037 0.2392 1.4574
0 FILE parts/s/3626bs02.dat
0 ~Minifig Head - Stud Hollow without Outer Face
0 Name: s\3626bs02.dat
0 Author: Willy Tschager [Holly-Wood]
0 !LDRAW_ORG Subpart UPDATE 2024-02
0 !LICENSE Licensed under CC BY 4.0 : see CAreadme.txt

0 BFC CERTIFY CCW

0 !HISTORY 2005-12-28 [PTadmin] Official Update 2005-01
0 !HISTORY 2007-08-31 [PTadmin] Header formatted for Contributor Agreement
0 !HISTORY 2008-07-01 [PTadmin] Official Update 2008-01
0 !HISTORY 2011-12-01 [MagFors] Corrected colour of some conditional lines and use of 'move to'-primitives
0 !HISTORY 2011-12-29 [PTadmin] Official Update 2011-02
0 !HISTORY 2024-03-18 [Holly-Wood] Complete re-write, original by westrate
0 !HISTORY 2024-03-24 [OrionP] Official Update 2024-02

1 16 0 0 0 1 0 0 0 1 0 0 0 1 stud2a.dat
1 16 0 0 0 2 0 0 0 1 0 0 0 2 4-4ring3.dat
1 16 0 0 0 6 0 0 0 1 0 0 0 6 4-4edge.dat
1 16 0 0 0 1 0 0 0 1 0 0 0 1 filstud3.dat

1 16 0 4 0 2 0 0 0 -1 0 0 0 -2 4-4ring2.dat
0 BFC INVERTNEXT
1 16 0 4 0 6 0 0 0 20 0 0 0 6 4-4cylo.dat
1 16 0 24 0 2 0 0 0 -1 0 0 0 -2 4-4ring3.dat
1 16 0 21 0 8 0 0 0 3 0 0 0 8 4-4cylo.dat
0 FILE p/4-4cylo.dat
0 Cylinder Open 1.0
0 Name: 4-4cylo.dat
0 Author: Mark Kennedy [mkennedy]
0 !LDRAW_ORG Primitive UPDATE 2010-01
0 !LICENSE Licensed under CC BY 4.0 : see CAreadme.txt

0 BFC CERTIFY CCW

0 !HISTORY 2010-04-05 [PTadmin] Official Update 2010-01


1 16 0 0 0 1 0 0 0 1 0 0 0 1 4-4edge.dat
1 16 0 1 0 1 0 0 0 1 0 0 0 1 4-4edge.dat
1 16 0 0 0 1 0 0 0 1 0 0 0 1 4-4cyli.dat
0
0 FILE p/4-4ring2.dat
0 Ring  2 x 1.0
0 Name: 4-4ring2.dat
0 Author: James Jessiman
0 !LDRAW_ORG Primitive UPDATE 2009-01
0 !LICENSE Licensed under CC BY 4.0 : see CAreadme.txt

0 BFC CERTIFY CCW

0 !HISTORY 1998-12-15 [PTadmin] Official Update 1998-10
0 !HISTORY 2002-04-05 [hafhead] Added BFC statement
0 !HISTORY 2002-04-25 [PTadmin] Official Update 2002-02
0 !HISTORY 2007-06-24 [PTadmin] Header formatted for Contributor Agreement
0 !HISTORY 2008-07-01 [PTadmin] Official Update 2008-01
0 !HISTORY 2008-08-26 [cwdee] Switch polygon winding and rename
0 !HISTORY 2009-05-02 [PTadmin] Official Update 2009-01


4 16 -1.1481 0 2.7717 -0.7654 0 1.8478 0 0 2 0 0 3
4 16 -2.1213 0 2.1213 -1.4142 0 1.4142 -0.7654 0 1.8478 -1.1481 0 2.7717
4 16 -2.7717 0 1.1481 -1.8478 0 0.7654 -1.4142 0 1.4142 -2.1213 0 2.1213
4 16 -3 0 0 -2 0 0 -1.8478 0 0.7654 -2.7717 0 1.1481
4 16 -2.7717 0 -1.1481 -1.8478 0 -0.7654 -2 0 0 -3 0 0
4 16 -2.1213 0 -2.1213 -1.4142 0 -1.4142 -1.8478 0 -0.7654 -2.7717 0 -1.1481
4 16 -1.1481 0 -2.7717 -0.7654 0 -1.8478 -1.4142 0 -1.4142 -2.1213 0 -2.1213
4 16 0 0 -3 0 0 -2 -0.7654 0 -1.8478 -1.1481 0 -2.7717
4 16 1.1481 0 -2.7717 0.7654 0 -1.8478 0 0 -2 0 0 -3
4 16 2.1213 0 -2.1213 1.4142 0 -1.4142 0.7654 0 -1.8478 1.1481 0 -2.7717
4 16 2.7717 0 -1.1481 1.8478 0 -0.7654 1.4142 0 -1.4142 2.1213 0 -2.1213
4 16 3 0 0 2 0 0 1.8478 0 -0.7654 2.7717 0 -1.1481
4 16 2.7717 0 1.1481 1.8478 0 0.7654 2 0 0 3 0 0
4 16 2.1213 0 2.1213 1.4142 0 1.4142 1.8478 0 0.7654 2.7717 0 1.1481
4 16 1.1481 0 2.7717 0.7654 0 1.8478 1.4142 0 1.4142 2.1213 0 2.1213
4 16 0 0 3 0 0 2 0.7654 0 1.8478 1.1481 0 2.7717
0
0 FILE p/filstud3.dat
0 Stud Filler with 3 Ribs for Hollow Studs
0 Name: filstud3.dat
0 Author: Magnus Forsberg [MagFors]
0 !LDRAW_ORG Primitive UPDATE 2012-03
0 !LICENSE Licensed under CC BY 4.0 : see CAreadme.txt

0 BFC CERTIFY CCW

0 !HISTORY 2012-12-28 [PTadmin] Official Update 2012-03


1 16 0 4 0 4 0 0 0 1 0 0 0 4 3-16edge.dat
1 16 0 4 0 -1.5307 0 -3.6955 0 1 0 3.6955 0 -1.5307 3-16edge.dat
1 16 0 4 0 -2.8284 0 2.8284 0 1 0 -2.8284 0 -2.8284 1-4edge.dat
2 24 1 4 3.801 1.5307 4 3.6955
2 24 -1 4 3.801 -1.5307 4 3.6955
2 24 -3.794 4 -1.036 -4 4 0
2 24 3.794 4 -1.036 4 4 0
4 16 0 4 0 0 4 4 1 4 3.801 1 4 0.577
4 16 0 4 0 -1 4 0.577 -1 4 3.801 0 4 4
4 16 0 4 0 -3.6955 4 -1.5307 -3.794 4 -1.036 -1 4 0.577
4 16 0 4 0 0 4 -1.1545 -2.8284 4 -2.8284 -3.6955 4 -1.5307
4 16 0 4 0 3.6955 4 -1.5307 2.8284 4 -2.8284 0 4 -1.1545
4 16 0 4 0 1 4 0.577 3.794 4 -1.036 3.6955 4 -1.5307
0 //
0 BFC INVERTNEXT
1 16 2.397 2 1.3825 0 -1.397 0 -2 0 0 0 0.8065 -1.612 box2-5.dat
0 BFC INVERTNEXT
1 16 -2.397 2 1.3825 0 1.397 0 2 0 0 0 0.8065 -1.612 box2-5.dat
0 BFC INVERTNEXT
1 16 0 2 -2.8284 0 1.4142 -1.4142 -2 0 0 0 0.83695 0.83695 box2-5.dat
0 BFC INVERTNEXT
1 16 0 0 0 4 0 0 0 4 0 0 0 4 3-16cyli.dat
0 BFC INVERTNEXT
1 16 0 0 0 -1.5307 0 -3.6955 0 4 0 3.6955 0 -1.5307 3-16cyli.dat
0 BFC INVERTNEXT
1 16 0 0 0 -2.8284 0 2.8284 0 4 0 -2.8284 0 -2.8284 1-4cyli.dat
4 16 1 4 3.801 1.5307 4 3.6955 1.5307 0 3.6955 1 0 3.801
4 16 -1 0 3.801 -1.5307 0 3.6955 -1.5307 4 3.6955 -1 4 3.801
4 16 -3.794 4 -1.036 -4 4 0 -4 0 0 -3.794 0 -1.036
4 16 3.794 0 -1.036 4 0 0 4 4 0 3.794 4 -1.036
5 24 1.5307 4 3.6955 1.5307 0 3.6955 1 0 3.801 2.8284 0 2.8284
5 24 -1.5307 4 3.6955 -1.5307 0 3.6955 -1 0 3.801 -2.82848 0 2.82847
5 24 -4 4 0 -4 0 0 -3.794 0 -1.036 -3.69545 0 1.53073
5 24 4 4 0 4 0 0 3.794 0 -1.036 3.6956 0 1.5308
0 //
2 24 1 0 3.801 0 0 4
2 24 0 0 4 -1 0 3.801
2 24 -3.794 0 -1.036 -3.6955 0 -1.5307
2 24 -2.8284 0 -2.8284 -3.6955 0 -1.5307
2 24 3.794 0 -1.036 3.6955 0 -1.5307
2 24 2.8284 0 -2.8284 3.6955 0 -1.5307
4 16 0 0 0 1 0 0.577 1 0 3.801 0 0 4
4 16 0 0 0 0 0 4 -1 0 3.801 -1 0 0.577
4 16 0 0 0 -1 0 0.577 -3.794 0 -1.036 -3.6955 0 -1.5307
4 16 0 0 0 -3.6955 0 -1.5307 -2.8284 0 -2.8284 0 0 -1.1545
4 16 0 0 0 0 0 -1.1545 2.8284 0 -2.8284 3.6955 0 -1.5307
4 16 0 0 0 3.6955 0 -1.5307 3.794 0 -1.036 1 0 0.577
0 FILE p/3-16cyli.dat
0 Cylinder 0.1875
0 Name: 3-16cyli.dat
0 Author: Mark Kennedy [mkennedy]
0 !LDRAW_ORG Primitive UPDATE 2005-01
0 !LICENSE Licensed under CC BY 4.0 : see CAreadme.txt

0 BFC CERTIFY CCW

0 !HISTORY 2004-03-02 [PTadmin] Official Update 2004-01
0 !HISTORY 2004-12-11 [nielsk] Recreated using Primitive Generator, Edge lines fixed, BFC changed to CCW
0 !HISTORY 2005-12-28 [PTadmin] Official Update 2005-01
0 !HISTORY 2007-06-24 [PTadmin] Header formatted for Contributor Agreement
0 !HISTORY 2008-07-01 [PTadmin] Official Update 2008-01


4 16 .9239 1 .3827 .9239 0 .3827 1 0 0 1 1 0
4 16 .7071 1 .7071 .7071 0 .7071 .9239 0 .3827 .9239 1 .3827
4 16 .3827 1 .9239 .3827 0 .9239 .7071 0 .7071 .7071 1 .7071
5 24 1 1 0 1 0 0 1 1 -.4142 .9239 1 .3827
5 24 .9239 1 .3827 .9239 0 .3827 1 1 0 .7071 1 .7071
5 24 .7071 1 .7071 .7071 0 .7071 .9239 1 .3827 .3827 1 .9239
5 24 .3827 1 .9239 .3827 0 .9239 .7071 1 .7071 0 1 1.0824
0
0 FILE p/box2-5.dat
0 Box with 2 Faces without 5 Edges
0 Name: box2-5.dat
0 Author: Steffen [Steffen]
0 !LDRAW_ORG Primitive UPDATE 2003-03
0 !LICENSE Licensed under CC BY 4.0 : see CAreadme.txt

0 BFC CERTIFY CCW

0 !HISTORY 2003-12-19 [PTadmin] Official Update 2003-03
0 !HISTORY 2007-06-24 [PTadmin] Header formatted for Contributor Agreement
0 !HISTORY 2008-07-01 [PTadmin] Official Update 2008-01


2 24 1 1 1 -1 1 1
2 24 1 1 -1 -1 1 -1
2 24 1 -1 1 -1 -1 1
2 24 -1 -1 1 -1 1 1
2 24 1 -1 1 1 1 1
2 24 -1 1 -1 -1 1 1
2 24 1 1 -1 1 1 1
4 16 1 1 1 1 1 -1 -1 1 -1 -1 1 1
4 16 1 1 1 -1 1 1 -1 -1 1 1 -1 1
0
0 FILE p/3-16edge.dat
0 Circle 0.1875
0 Name: 3-16edge.dat
0 Author: Donald Sutter [technog]
0 !LDRAW_ORG Primitive UPDATE 2017-01
0 !LICENSE Licensed under CC BY 4.0 : see CAreadme.txt

0 BFC CERTIFY CCW

0 !HISTORY 2004-03-02 [PTadmin] Official Update 2004-01
0 !HISTORY 2007-06-24 [PTadmin] Header formatted for Contributor Agreement
0 !HISTORY 2008-07-01 [PTadmin] Official Update 2008-01
0 !HISTORY 2017-01-15 [Steffen] BFCed
0 !HISTORY 2017-12-30 [PTadmin] Official Update 2017-01


2 24 1 0 0 0.9239 0 0.3827
2 24 0.9239 0 0.3827 0.7071 0 0.7071
2 24 0.7071 0 0.7071 0.3827 0 0.9239
0 FILE p/stud2a.dat
0 Stud Open without Base Edges
0 Name: stud2a.dat
0 Author: James Jessiman
0 !LDRAW_ORG Primitive UPDATE 2009-02
0 !LICENSE Licensed under CC BY 4.0 : see CAreadme.txt

0 BFC CERTIFY CCW

0 !HISTORY 1999-07-05 [PTadmin] Official Update 1999-05
0 !HISTORY 2002-04-04 [sbliss] Modified for BFC compliance
0 !HISTORY 2002-04-25 [PTadmin] Official Update 2002-02
0 !HISTORY 2007-06-24 [PTadmin] Header formatted for Contributor Agreement
0 !HISTORY 2008-07-01 [PTadmin] Official Update 2008-01
0 !HISTORY 2009-06-21 [cwdee] Update ring references to 4-4ring
0 !HISTORY 2009-09-03 [PTadmin] Official Update 2009-02


1 16 0 -4 0 4 0 0 0 1 0 0 0 4 4-4edge.dat
1 16 0 -4 0 6 0 0 0 1 0 0 0 6 4-4edge.dat
0 BFC INVERTNEXT
1 16 0 -4 0 4 0 0 0 4 0 0 0 4 4-4cyli.dat
1 16 0 -4 0 6 0 0 0 4 0 0 0 6 4-4cyli.dat
1 16 0 -4 0 2 0 0 0 1 0 0 0 2 4-4ring2.dat
0
0 FILE parts/3820.dat
0 Minifig Hand
0 Name: 3820.dat
0 Author: Orion Pobursky [OrionP]
0 !LDRAW_ORG Part UPDATE 2019-01
0 !LICENSE Licensed under CC BY 4.0 : see CAreadme.txt

0 !HELP The centre of the grip is at x, y -.8229, z -9.8948
0 !HELP The centre of the arm/hand cylinder meets at x, y, z -9.682
0 !HELP The Hand angle is 14.5 degrees
0 !HELP To rotate the hand to 90 degrees horizontal use the following rotation
0 !HELP matrix: 1 0 0 0 0.968148 0.25038 0 -0.25038 0.968148
0 !HELP After the rotation matrix is applied:
0 !HELP The center of the bottom of the hand will be x, y+2.2259, z-9.3739
0 !HELP The center of the top of the hand will be x, y-8.7741, z-9.3739

0 BFC CERTIFY CCW

0 !KEYWORDS BrickLink 983

0 !HISTORY 2002-11-30 [PTadmin] Official Update 2002-05
0 !HISTORY 2002-12-31 [PTadmin] Official Update 2002-06
0 !HISTORY 2007-07-29 [PTadmin] Header formatted for Contributor Agreement
0 !HISTORY 2008-07-01 [PTadmin] Official Update 2008-01
0 !HISTORY 2008-07-07 [DeannaEarley] Removed erroneous BFC CERTIFY entries (2005-08-29
0 !HISTORY 2008-07-07 [WilliamH] Added conditional lines to underside (2006-08-17)
0 !HISTORY 2009-08-24 [PTadmin] Moved from 983
0 !HISTORY 2009-12-29 [PTadmin] Official Update 2009-03
0 !HISTORY 2018-12-25 [GeraldLasser] Corrected grip width and intersection at cuff, reduced height by 1 LDU
0 !HISTORY 2019-06-28 [PTadmin] Official Update 2019-01


0 // Post
1 16 0 0 13 2.5 0 0 0 0 -2.5 0 -13 0 4-4cylc.dat

0 // Cuff
3 16 2.1213 -2.1213 0 1.5546 -2.5 0 2.1213 -2.1213 -1.4641
5 24 2.1213 -2.1213 0 2.1213 -2.1213 -1.4641 2.7717 -1.1481 0 1.5546 -2.5 0
4 16 2.7717 -1.1481 -4.5817 2.7717 -1.1481 0 2.1213 -2.1213 0 2.1213 -2.1213 -1.4641
3 16 2.6602 -1.3149 -4.5478 2.7717 -1.1481 -4.5817 2.1213 -2.1213 -1.4641
5 24 2.7717 -1.1481 0 2.7717 -1.1481 -4.5817 3 0 0 2.1213 -2.1213 0
4 16 3 0 -4.4423 3 0 0 2.7717 -1.1481 0 2.7717 -1.1481 -4.5817
5 24 3 0 0 3 0 -4.4423 2.7717 1.1481 0 2.7717 -1.1481 0
4 16 2.7717 1.1481 -3.9877 2.7717 1.1481 0 3 0 0 3 0 -4.4423
5 24 2.7717 1.1481 0 2.7717 1.1481 -3.9877 2.1213 2.1213 0 3 0 0
4 16 2.2962 1.8596 -3.4756 2.2962 1.8596 0 2.7717 1.1481 0 2.7717 1.1481 -3.9877
4 16 2.1213 2.1213 0 2.2962 1.8596 0 2.2962 1.8596 -3.4756 2.1213 2.1212 -3.372
5 24 2.1213 2.1213 0 2.1213 2.1212 -3.372 1.1481 2.7717 0 2.7717 1.1481 0
4 16 1.1481 2.7717 -3.0039 1.1481 2.7717 0 2.1213 2.1213 0 2.1213 2.1212 -3.372
5 24 1.1481 2.7717 -3.0039 1.1481 2.7717 0 2.1213 2.1213 0 0 2.9999 0
4 16 0 3 -2.7094 0 2.9999 0 1.1481 2.7717 0 1.1481 2.7717 -3.0039
5 24 0 3 -2.7094 0 2.9999 0 1.1481 2.7717 0 -1.1481 2.7717 0
3 16 -2.1213 -2.1213 -1.4641 -1.5546 -2.5 0 -2.1213 -2.1213 0
5 24 -2.1213 -2.1213 0 -2.1213 -2.1213 -1.4641 -2.7717 -1.1481 0 -1.5546 -2.5 0
4 16 -2.1213 -2.1213 0 -2.7717 -1.1481 0 -2.7717 -1.1481 -4.5817 -2.1213 -2.1213 -1.4641
3 16 -2.1213 -2.1213 -1.4641 -2.7717 -1.1481 -4.5817 -2.6602 -1.3149 -4.5478
5 24 -2.7717 -1.1481 0 -2.7717 -1.1481 -4.5817 -3 0 0 -2.1213 -2.1213 0
4 16 -2.7717 -1.1481 0 -3 0 0 -3 0 -4.4423 -2.7717 -1.1481 -4.5817
5 24 -3 0 0 -3 0 -4.4423 -2.7717 1.1481 0 -2.7717 -1.1481 0
4 16 -3 0 0 -2.7717 1.1481 0 -2.7717 1.1481 -3.9877 -3 0 -4.4423
5 24 -2.7717 1.1481 0 -2.7717 1.1481 -3.9877 -2.1213 2.1213 0 -3 0 0
4 16 -2.7717 1.1481 0 -2.2962 1.8596 0 -2.2962 1.8596 -3.4756 -2.7717 1.1481 -3.9877
4 16 -2.2962 1.8596 -3.4756 -2.2962 1.8596 0 -2.1213 2.1213 0 -2.1213 2.1212 -3.372
5 24 -2.1213 2.1213 0 -2.1213 2.1212 -3.372 -1.1481 2.7717 0 -2.7717 1.1481 0
4 16 -2.1213 2.1213 0 -1.1481 2.7717 0 -1.1481 2.7717 -3.0039 -2.1213 2.1212 -3.372
5 24 -1.1481 2.7717 -3.0039 -1.1481 2.7717 0 -2.1213 2.1213 0 0 2.9999 0
4 16 -1.1481 2.7717 0 0 2.9999 0 0 3 -2.7094 -1.1481 2.7717 -3.0039

0 // Flat part of Cuff
3 16 -1.5546 -2.5 0 -2.1213 -2.1213 -1.4641 0 -2.5 0
3 16 1.5546 -2.5 0 0 -2.5 0 2.1213 -2.1213 -1.4641
4 16 0 -2.5 0 -2.1213 -2.1213 -1.4641 -2.2962 -1.3762 -4.3124 0 -1.4914 -3.8706
3 16 -2.1213 -2.1213 -1.4641 -2.6602 -1.3149 -4.5478 -2.2962 -1.3762 -4.3124
4 16 2.2962 -1.3762 -4.3124 2.1213 -2.1213 -1.4641 0 -2.5 0 0 -1.4914 -3.8706
3 16 2.2962 -1.3762 -4.3124 2.6602 -1.3149 -4.5478 2.1213 -2.1213 -1.4641

0 // Cuff Intersect Lines
2 24 0 3 -2.7094 -1.1481 2.7717 -3.0039
2 24 -2.2962 1.8596 -3.4756 -2.1213 2.1212 -3.372
2 24 -2.7717 1.1481 -3.9877 -3 0 -4.4423
2 24 -2.2962 1.8596 -3.4756 -2.7717 1.1481 -3.9877
2 24 -3 0 -4.4423 -2.7717 -1.1481 -4.5817
2 24 -2.7717 -1.1481 -4.5817 -2.6602 -1.3149 -4.5478
2 24 -2.1213 -2.1213 -1.4641 -2.6602 -1.3149 -4.5478
2 24 -2.1213 -2.1213 -1.4641 -1.5546 -2.5 0
2 24 -1.1481 2.7717 -3.0039 -2.1213 2.1212 -3.372
2 24 0 3 -2.7094 1.1481 2.7717 -3.0039
2 24 2.2962 1.8596 -3.4756 2.1213 2.1212 -3.372
2 24 2.7717 1.1481 -3.9877 3 0 -4.4423
2 24 2.2962 1.8596 -3.4756 2.7717 1.1481 -3.9877
2 24 3 0 -4.4423 2.7717 -1.1481 -4.5817
2 24 2.7717 -1.1481 -4.5817 2.6602 -1.3149 -4.5478
2 24 2.1213 -2.1213 -1.4641 2.6602 -1.3149 -4.5478
2 24 2.1213 -2.1213 -1.4641 1.5546 -2.5 0
2 24 1.1481 2.7717 -3.0039 2.1213 2.1212 -3.372
2 24 -2.6602 -1.3149 -4.5478 -2.2962 -1.3762 -4.3124
2 24 -2.2962 -1.3762 -4.3124 0 -1.4914 -3.8706
2 24 2.2962 -1.3762 -4.3124 0 -1.4914 -3.8706
2 24 2.6602 -1.3149 -4.5478 2.2962 -1.3762 -4.3124

0 // Cuff Ring
3 16 0 -2.5 0 -.9567 -2.3098 0 -1.5546 -2.5 0
3 16 1.5546 -2.5 0 .9567 -2.3098 0 0 -2.5 0
4 16 2.5 0 0 2.3098 -.9567 0 2.7717 -1.148 0 3 0 0
4 16 2.3098 -.9567 0 1.7678 -1.7678 0 2.1213 -2.1213 0 2.7717 -1.148 0
4 16 1.7678 -1.7678 0 .9567 -2.3098 0 1.5546 -2.5 0 2.1213 -2.1213 0
4 16 -.9567 -2.3098 0 -1.7678 -1.7678 0 -2.1213 -2.1213 0 -1.5546 -2.5 0
4 16 -1.7678 -1.7678 0 -2.3098 -.9567 0 -2.7717 -1.148 0 -2.1213 -2.1213 0
4 16 -2.3098 -.9567 0 -2.5 0 0 -3 0 0 -2.7717 -1.148 0
4 16 -2.5 0 0 -2.3098 .9567 0 -2.7717 1.148 0 -3 0 0
4 16 -2.3098 .9567 0 -1.7678 1.7677 0 -2.1213 2.1213 0 -2.7717 1.148 0
4 16 -1.7678 1.7677 0 -.9567 2.3098 0 -1.148 2.7717 0 -2.1213 2.1213 0
4 16 -.9567 2.3098 0 0 2.5 0 0 2.9999 0 -1.148 2.7717 0
4 16 0 2.5 0 .9567 2.3098 0 1.148 2.7717 0 0 2.9999 0
4 16 .9567 2.3098 0 1.7678 1.7677 0 2.1213 2.1213 0 1.148 2.7717 0
4 16 1.7678 1.7677 0 2.3098 .9567 0 2.7717 1.148 0 2.1213 2.1213 0
4 16 2.3098 .9567 0 2.5 0 0 3 0 0 2.7717 1.148 0
2 24 2.1213 -2.1213 0 1.5546 -2.5 0
2 24 -2.1213 -2.1213 0 -1.5546 -2.5 0
2 24 3 0 0 2.7717 -1.1481 0
2 24 2.7717 -1.1481 0 2.1213 -2.1213 0
2 24 -2.1213 -2.1213 0 -2.7717 -1.1481 0
2 24 -2.7717 -1.1481 0 -3 0 0
2 24 -3 0 0 -2.7717 1.1481 0
2 24 -2.7717 1.1481 0 -2.1213 2.1213 0
2 24 -2.1213 2.1213 0 -1.1481 2.7717 0
2 24 -1.1481 2.7717 0 0 2.9999 0
2 24 0 2.9999 0 1.1481 2.7717 0
2 24 1.1481 2.7717 0 2.1213 2.1213 0
2 24 2.1213 2.1213 0 2.7717 1.1481 0
2 24 2.7717 1.1481 0 3 0 0
2 24 -1.5546 -2.5 0 0 -2.5 0
2 24 0 -2.5 0 1.5546 -2.5 0

0 // Hand
1 16 0 4.502 -8.518 -6 0 0 0 -10.64966 -1.5023 0 -2.75422 5.8089 2-4cylo.dat
0 BFC INVERTNEXT
1 16 0 4.502 -8.518 -4 0 0 0 -10.64966 -1.0015 0 -2.75422 3.8726 2-4cylo.dat
1 16 0 4.502 -8.518 -2 0 0 0 -1 -.5008 0 0 1.93629 2-4ring2.dat
1 16 0 -6.1478 -11.2716 -2 0 0 0 1 -.5008 0 0 1.93629 2-4ring2.dat
5 24 -6 4.502 -8.518 -6 -6.14766 -11.27222 -5.543 -6.5406 -13.7453 -5.5434 -7.691 -9.299
5 24 -4 -6.1479 -11.2716 -4 4.5023 -8.5179 -3.696 -5.7641 -12.7544 -3.6956 -7.4994 -10.04

0 // Fingers A
1 16 -3.5 -3.8845 -14.0324 0 -1 0 -1.45222 0 .37557 -.37557 0 -1.45222 1-4edge.dat
1 16 -3.5 -3.8845 -14.0324 0 -1 0 -1.45222 0 .37557 -.37557 0 -1.45222 1-4chrd.dat
2 24 -3.5 4.6076 -10.3742 -3.5 -5.691 -13.0376
2 24 -3.6956 4.5906 -10.0763 -3.5 4.6076 -10.3742
2 24 -4 4.502 -8.518 -3.6956 4.5906 -10.0763
2 24 -4.2426 3.122 -13.2571 -3.6787 2.6705 -13.7632
2 24 -3.5 2.119 -14.0291 -3.6787 2.6705 -13.7632
2 24 -5.5434 4.4609 -10.9004 -4.7152 3.9694 -12.3076
2 24 -4.2426 3.122 -13.2571 -4.7152 3.9694 -12.3076
2 24 -6 4.502 -8.518 -5.6195 4.6128 -10.4658
2 24 -5.5434 4.4609 -10.9004 -5.6195 4.6128 -10.4658
2 24 -3.6708 -4.0933 -15.5178 -4.2426 -4.6969 -15.2792
2 24 -3.6708 -4.0933 -15.5178 -3.5 -3.5089 -15.4846
2 24 -4.9134 -5.3367 -14.4079 -4.5298 -5.0825 -14.9351
2 24 -4.5298 -5.0825 -14.9351 -4.2426 -4.6969 -15.2792
2 24 -3.5 4.6076 -10.3742 -3.5 3.9694 -12.3076
2 24 -3.5 2.6705 -13.7632 -3.5 3.9694 -12.3076
2 24 -3.5 2.6705 -13.7632 -3.5 2.119 -14.0291
3 16 -5.6195 4.6128 -10.4658 -5.5434 4.4609 -10.9004 -6 4.502 -8.518
4 16 -6 -6.14766 -11.27222 -6 4.502 -8.518 -5.5434 4.4609 -10.9004 -5.5434 -5.5729 -13.4946
4 16 -4.5298 -5.0825 -14.9351 -4.9134 -5.3367 -14.4079 -5.5434 -5.5729 -13.4946 -4.2426 -4.6969 -15.2792
4 16 -4.2426 3.122 -13.2571 -4.2426 -4.6969 -15.2792 -5.5434 -5.5729 -13.4946 -5.5434 4.4609 -10.9004
3 16 -4.7152 3.9694 -12.3076 -4.2426 3.122 -13.2571 -5.5434 4.4609 -10.9004
4 16 -4.2426 3.122 -13.2571 -3.6787 2.6705 -13.7632 -3.6708 -4.0933 -15.5178 -4.2426 -4.6969 -15.2792
4 16 -3.6787 2.6705 -13.7632 -3.5 2.119 -14.0291 -3.5 -3.5089 -15.4846 -3.6708 -4.0933 -15.5178
3 16 -3.5 -4.6459 -15.3248 -4.2426 -4.6969 -15.2792 -3.6708 -4.0933 -15.5178
3 16 -3.6708 -4.0933 -15.5178 -3.5 -4.0933 -15.5178 -3.5 -4.6459 -15.3248
3 16 -3.6708 -4.0933 -15.5178 -3.5 -3.5089 -15.4846 -3.5 -4.0933 -15.5178
4 16 -4.5298 -5.0825 -14.9351 -4.2426 -4.6969 -15.2792 -3.5 -4.6459 -15.3248 -3.5 -5.0825 -14.9351
4 16 -3.5 -5.3367 -14.4079 -4.9134 -5.3367 -14.4079 -4.5298 -5.0825 -14.9351 -3.5 -5.0825 -14.9351
4 16 -5.5434 -5.5729 -13.4946 -4.9134 -5.3367 -14.4079 -3.5 -5.3367 -14.4079 -3.5 -5.691 -13.0376
4 16 -4 -6.1479 -11.2716 -6 -6.14766 -11.27222 -5.5434 -5.5729 -13.4946 -3.696 -5.7641 -12.7544
3 16 -3.5 -5.691 -13.0376 -3.696 -5.7641 -12.7544 -5.5434 -5.5729 -13.4946
3 16 -3.5 2.119 -14.0291 -3.6787 2.6705 -13.7632 -3.5 2.6705 -13.7632
3 16 -4.2426 3.122 -13.2571 -4.7152 3.9694 -12.3076 -3.5 3.9694 -12.3076
4 16 -3.6787 2.6705 -13.7632 -4.2426 3.122 -13.2571 -3.5 3.9694 -12.3076 -3.5 2.6705 -13.7632
3 16 -3.5 4.6076 -10.3742 -5.6195 4.6128 -10.4658 -3.6956 4.5906 -10.0763
4 16 -6 4.502 -8.518 -4 4.502 -8.518 -3.6956 4.5906 -10.0763 -5.6195 4.6128 -10.4658
4 16 -4.7152 3.9694 -12.3076 -5.5434 4.4609 -10.9004 -3.5 4.6076 -10.3742 -3.5 3.9694 -12.3076
3 16 -5.6195 4.6128 -10.4658 -3.5 4.6076 -10.3742 -5.5434 4.4609 -10.9004
4 16 -3.6956 4.5906 -10.0763 -4 4.502 -8.518 -4 -6.1479 -11.2716 -3.696 -5.7641 -12.7544
4 16 -3.5 4.6076 -10.3742 -3.6956 4.5906 -10.0763 -3.696 -5.7641 -12.7544 -3.5 -5.691 -13.0376
4 16 -3.5 4.6076 -10.3742 -3.5 -5.691 -13.0376 -3.5 -5.3367 -14.4079 -3.5 3.9694 -12.3076
3 16 -3.5 2.6705 -13.7632 -3.5 3.9694 -12.3076 -3.5 2.119 -14.0291
4 16 -3.5 -5.3367 -14.4079 -3.5 -3.5089 -15.4846 -3.5 2.119 -14.0291 -3.5 3.9694 -12.3076
2 24 -3.5 2.119 -14.0291 -3.5 -3.5089 -15.4846
5 24 -4 4.502 -8.518 -6 4.502 -8.518 -3.6956 4.1188 -7.036 -5.6195 4.6128 -10.4658
5 24 -3.5 4.6076 -10.3742 -5.6195 4.6128 -10.4658 -6 4.502 -8.518 -4.7152 3.9694 -12.3076
5 24 -3.696 -5.7641 -12.7544 -3.6956 4.5906 -10.0763 -3.5 -5.691 -13.0376 -4 -6.1479 -11.2716
5 24 -3.5 3.9694 -12.3076 -4.7152 3.9694 -12.3076 -3.5 4.6076 -10.3742 -4.2426 3.122 -13.2571
5 24 -3.5 2.6705 -13.7632 -3.6787 2.6705 -13.7632 -3.5 2.119 -14.0291 -3.5 3.9694 -12.3076
5 24 -5.5434 4.4609 -10.9004 -5.5434 -5.5729 -13.4946 -6 -6.14766 -11.27222 -4.9134 -5.3367 -14.4079
5 24 -4.2426 -4.6969 -15.2792 -4.2426 3.122 -13.2571 -4.7152 3.9694 -12.3076 -3.6787 2.6705 -13.7632
2 24 -4 -6.1479 -11.2716 -3.696 -5.7641 -12.7544
2 24 -3.696 -5.7641 -12.7544 -3.5 -5.691 -13.0376
2 24 -3.5 -5.3367 -14.4079 -3.5 -5.691 -13.0376
2 24 -5.5434 -5.5729 -13.4946 -4.9134 -5.3367 -14.4079
2 24 -5.5434 -5.5729 -13.4946 -6 -6.14766 -11.27222
5 24 -3.5 -4.0933 -15.5178 -3.6708 -4.0933 -15.5178 -3.5 -3.5089 -15.4846 -3.5 -4.6459 -15.3248
5 24 -3.5 -4.6459 -15.3248 -4.2426 -4.6969 -15.2792 -3.5 -4.0933 -15.5178 -3.5 -5.0825 -14.9351
5 24 -4.5298 -5.0825 -14.9351 -3.5 -5.0825 -14.9351 -3.5 -5.3367 -14.4079 -3.5 -4.6459 -15.3248
5 24 -4.9134 -5.3367 -14.4079 -3.5 -5.3367 -14.4079 -3.5 -5.691 -13.0376 -3.5 -5.0825 -14.9351
5 24 3.5 -4.6459 -15.3248 3.6708 -4.0933 -15.5178 4.2426 -4.6969 -15.2792 3.5 -4.0933 -15.5178

0 // Fingers B
1 16 3.5 -3.8845 -14.0324 0 1 0 -1.45222 0 .37557 -.37557 0 -1.45222 1-4edge.dat
1 16 3.5 -3.8845 -14.0324 0 1 0 -1.45222 0 .37557 -.37557 0 -1.45222 1-4chrd.dat
2 24 3.5 4.6076 -10.3742 3.5 -5.691 -13.0376
2 24 3.6956 4.5906 -10.0763 3.5 4.6076 -10.3742
2 24 4 4.502 -8.518 3.6956 4.5906 -10.0763
2 24 4.2426 3.122 -13.2571 3.6787 2.6705 -13.7632
2 24 3.5 2.119 -14.0291 3.6787 2.6705 -13.7632
2 24 5.5434 4.4609 -10.9004 4.7152 3.9694 -12.3076
2 24 4.2426 3.122 -13.2571 4.7152 3.9694 -12.3076
2 24 6 4.502 -8.518 5.6195 4.6128 -10.4658
2 24 5.5434 4.4609 -10.9004 5.6195 4.6128 -10.4658
2 24 3.6708 -4.0933 -15.5178 4.2426 -4.6969 -15.2792
2 24 3.6708 -4.0933 -15.5178 3.5 -3.5089 -15.4846
2 24 4.9134 -5.3367 -14.4079 4.5298 -5.0825 -14.9351
2 24 4.5298 -5.0825 -14.9351 4.2426 -4.6969 -15.2792
2 24 3.5 4.6076 -10.3742 3.5 3.9694 -12.3076
2 24 3.5 2.6705 -13.7632 3.5 3.9694 -12.3076
2 24 3.5 2.6705 -13.7632 3.5 2.119 -14.0291
3 16 5.5434 4.4609 -10.9004 5.6195 4.6128 -10.4658 6 4.502 -8.518
4 16 6 4.502 -8.518 5.99998 -6.14771 -11.27154 5.5434 -5.5729 -13.4946 5.5434 4.4609 -10.9004
4 16 4.9134 -5.3367 -14.4079 4.5298 -5.0825 -14.9351 4.2426 -4.6969 -15.2792 5.5434 -5.5729 -13.4946
3 16 4.2426 3.122 -13.2571 4.7152 3.9694 -12.3076 5.5434 4.4609 -10.9004
4 16 4.2426 -4.6969 -15.2792 4.2426 3.122 -13.2571 5.5434 4.4609 -10.9004 5.5434 -5.5729 -13.4946
4 16 3.6708 -4.0933 -15.5178 3.6787 2.6705 -13.7632 4.2426 3.122 -13.2571 4.2426 -4.6969 -15.2792
4 16 3.5 -3.5089 -15.4846 3.5 2.119 -14.0291 3.6787 2.6705 -13.7632 3.6708 -4.0933 -15.5178
3 16 3.6708 -4.0933 -15.5178 4.2426 -4.6969 -15.2792 3.5 -4.6459 -15.3248
3 16 3.5 -4.6459 -15.3248 3.5 -4.0933 -15.5178 3.6708 -4.0933 -15.5178
3 16 3.5 -3.5089 -15.4846 3.6708 -4.0933 -15.5178 3.5 -4.0933 -15.5178
4 16 3.5 -4.6459 -15.3248 4.2426 -4.6969 -15.2792 4.5298 -5.0825 -14.9351 3.5 -5.0825 -14.9351
4 16 4.5298 -5.0825 -14.9351 4.9134 -5.3367 -14.4079 3.5 -5.3367 -14.4079 3.5 -5.0825 -14.9351
4 16 3.5 -5.3367 -14.4079 4.9134 -5.3367 -14.4079 5.5434 -5.5729 -13.4946 3.5 -5.691 -13.0376
4 16 5.5434 -5.5729 -13.4946 6 -6.1479 -11.2716 4 -6.1479 -11.2716 3.696 -5.7641 -12.7544
3 16 3.696 -5.7641 -12.7544 3.5 -5.691 -13.0376 5.5434 -5.5729 -13.4946
3 16 3.6787 2.6705 -13.7632 3.5 2.119 -14.0291 3.5 2.6705 -13.7632
3 16 4.7152 3.9694 -12.3076 4.2426 3.122 -13.2571 3.5 3.9694 -12.3076
4 16 3.5 3.9694 -12.3076 4.2426 3.122 -13.2571 3.6787 2.6705 -13.7632 3.5 2.6705 -13.7632
3 16 5.6195 4.6128 -10.4658 3.5 4.6076 -10.3742 3.6956 4.5906 -10.0763
4 16 3.6956 4.5906 -10.0763 4 4.502 -8.518 6 4.502 -8.518 5.6195 4.6128 -10.4658
4 16 3.5 4.6076 -10.3742 5.5434 4.4609 -10.9004 4.7152 3.9694 -12.3076 3.5 3.9694 -12.3076
3 16 3.5 4.6076 -10.3742 5.6195 4.6128 -10.4658 5.5434 4.4609 -10.9004
4 16 4 -6.1479 -11.2716 4 4.502 -8.518 3.6956 4.5906 -10.0763 3.696 -5.7641 -12.7544
4 16 3.696 -5.7641 -12.7544 3.6956 4.5906 -10.0763 3.5 4.6076 -10.3742 3.5 -5.691 -13.0376
4 16 3.5 -5.3367 -14.4079 3.5 -5.691 -13.0376 3.5 4.6076 -10.3742 3.5 3.9694 -12.3076
3 16 3.5 3.9694 -12.3076 3.5 2.6705 -13.7632 3.5 2.119 -14.0291
4 16 3.5 2.119 -14.0291 3.5 -3.5089 -15.4846 3.5 -5.3367 -14.4079 3.5 3.9694 -12.3076
2 24 3.5 2.119 -14.0291 3.5 -3.5089 -15.4846
5 24 4 4.502 -8.518 6 4.502 -8.518 3.6956 4.1188 -7.036 5.6195 4.6128 -10.4658
5 24 3.5 4.6076 -10.3742 5.6195 4.6128 -10.4658 6 4.502 -8.518 4.7152 3.9694 -12.3076
5 24 3.696 -5.7641 -12.7544 3.6956 4.5906 -10.0763 3.5 -5.691 -13.0376 4 -6.1479 -11.2716
5 24 3.5 3.9694 -12.3076 4.7152 3.9694 -12.3076 3.5 4.6076 -10.3742 4.2426 3.122 -13.2571
5 24 3.5 2.6705 -13.7632 3.6787 2.6705 -13.7632 3.5 2.119 -14.0291 3.5 3.9694 -12.3076
5 24 5.5434 4.4609 -10.9004 5.5434 -5.5729 -13.4946 6 -6.1479 -11.2716 4.9134 -5.3367 -14.4079
5 24 4.2426 -4.6969 -15.2792 4.2426 3.122 -13.2571 4.7152 3.9694 -12.3076 3.6787 2.6705 -13.7632
2 24 4 -6.1479 -11.2716 3.696 -5.7641 -12.7544
2 24 3.696 -5.7641 -12.7544 3.5 -5.691 -13.0376
2 24 3.5 -5.3367 -14.4079 3.5 -5.691 -13.0376
2 24 5.5434 -5.5729 -13.4946 4.9134 -5.3367 -14.4079
2 24 5.5434 -5.5729 -13.4946 6 -6.1479 -11.2716
5 24 3.5 -4.0933 -15.5178 3.6708 -4.0933 -15.5178 3.5 -3.5089 -15.4846 3.5 -4.6459 -15.3248
5 24 3.5 -4.6459 -15.3248 4.2426 -4.6969 -15.2792 3.5 -4.0933 -15.5178 3.5 -5.0825 -14.9351
5 24 4.5298 -5.0825 -14.9351 3.5 -5.0825 -14.9351 3.5 -5.3367 -14.4079 3.5 -4.6459 -15.3248
5 24 4.9134 -5.3367 -14.4079 3.5 -5.3367 -14.4079 3.5 -5.691 -13.0376 3.5 -5.0825 -14.9351
5 24 -3.5 -4.6459 -15.3248 -3.6708 -4.0933 -15.5178 -4.2426 -4.6969 -15.2792 -3.5 -4.0933 -15.5178
0 FILE p/1-4chrd.dat
0 Chord 0.25
0 Name: 1-4chrd.dat
0 Author: Max Martin Richter [MMR1988]
0 !LDRAW_ORG Primitive UPDATE 2023-05
0 !LICENSE Licensed under CC BY 4.0 : see CAreadme.txt

0 BFC CERTIFY CCW

0 !HISTORY 2004-04-22 [PTadmin] Official Update 2004-02
0 !HISTORY 2007-10-09 [PTadmin] Header formatted for Contributor Agreement
0 !HISTORY 2008-07-01 [PTadmin] Official Update 2008-01
0 !HISTORY 2012-08-02 [MMR1988] Re-creation with PrimGen2 and Rectifier
0 !HISTORY 2012-08-09 [PTadmin] Official Update 2012-02
0 !HISTORY 2023-10-27 [OrionP] Change author to MMR1988 from hafhead
0 !HISTORY 2023-10-31 [OrionP] Official Update 2023-05

4 16 0.9239 0 0.3827 0.3827 0 0.9239 0 0 1 1 0 0
3 16 0.7071 0 0.7071 0.3827 0 0.9239 0.9239 0 0.3827
0 FILE p/2-4ring2.dat
0 Ring  2 x 0.5
0 Name: 2-4ring2.dat
0 Author: Chris Dee [cwdee]
0 !LDRAW_ORG Primitive UPDATE 2012-01
0 !LICENSE Licensed under CC BY 4.0 : see CAreadme.txt

0 BFC CERTIFY CCW

0 !HISTORY 2001-10-26 [PTadmin] Official Update 2001-01
0 !HISTORY 2007-06-24 [PTadmin] Header formatted for Contributor Agreement
0 !HISTORY 2008-07-01 [PTadmin] Official Update 2008-01
0 !HISTORY 2012-02-16 [Philo] Changed to CCW
0 !HISTORY 2012-03-30 [PTadmin] Official Update 2012-01


4 16 3 0 0 2.7717 0 1.1481 1.8478 0 0.7654 2 0 0
4 16 2.7717 0 1.1481 2.1213 0 2.1213 1.4142 0 1.4142 1.8478 0 0.7654
4 16 2.1213 0 2.1213 1.1481 0 2.7717 0.7654 0 1.8478 1.4142 0 1.4142
4 16 1.1481 0 2.7717 0 0 3 0 0 2 0.7654 0 1.8478
4 16 0 0 3 -1.1481 0 2.7717 -0.7654 0 1.8478 0 0 2
4 16 -1.1481 0 2.7717 -2.1213 0 2.1213 -1.4142 0 1.4142 -0.7654 0 1.8478
4 16 -2.1213 0 2.1213 -2.7717 0 1.1481 -1.8478 0 0.7654 -1.4142 0 1.4142
4 16 -2.7717 0 1.1481 -3 0 0 -2 0 0 -1.8478 0 0.7654
0 FILE p/2-4cylo.dat
0 Cylinder Open 0.5
0 Name: 2-4cylo.dat
0 Author: Max Martin Richter [MMR1988]
0 !LDRAW_ORG Primitive UPDATE 2010-03
0 !LICENSE Licensed under CC BY 4.0 : see CAreadme.txt

0 BFC CERTIFY CCW

0 !HISTORY 2010-12-31 [PTadmin] Official Update 2010-03


1 16 0 0 0 1 0 0 0 1 0 0 0 1 2-4edge.dat
1 16 0 1 0 1 0 0 0 1 0 0 0 1 2-4edge.dat
1 16 0 0 0 1 0 0 0 1 0 0 0 1 2-4cyli.dat
0 FILE p/4-4cylc.dat
0 Cylinder Closed 1.0
0 Name: 4-4cylc.dat
0 Author: Alex Taylor [anathema]
0 !LDRAW_ORG Primitive UPDATE 2009-02
0 !LICENSE Licensed under CC BY 4.0 : see CAreadme.txt

0 BFC CERTIFY CCW

0 !HISTORY 2008-12-29 [cwdee] Removed one disc
0 !HISTORY 2009-09-03 [PTadmin] Official Update 2009-02


1 16 0 0 0 1 0 0 0 1 0 0 0 1 4-4edge.dat
1 16 0 1 0 1 0 0 0 1 0 0 0 1 4-4edge.dat
1 16 0 0 0 1 0 0 0 1 0 0 0 1 4-4disc.dat
1 16 0 0 0 1 0 0 0 1 0 0 0 1 4-4cyli.dat
0
0 FILE parts/3819.dat
0 Minifig Arm Left
0 Name: 3819.dat
0 Author: Chris Dee [cwdee]
0 !LDRAW_ORG Part UPDATE 2009-03
0 !LICENSE Licensed under CC BY 4.0 : see CAreadme.txt

0 !HELP Place at 15.552 9 0 relative to torso
0 !HELP Then rotate about x axis to give require elevation of arm
0 !HELP 0 = upper arm vertical
0 !HELP -45 = lower arm horizontal
0 !HELP -90 = upper arm horizontal
0 !HELP -135 = lower arm vertical
0 !HELP Then rotate -9.782 about z axis to align with slope of torso

0 BFC CERTIFY CCW

0 !KEYWORDS BrickLink 981

0 !HISTORY 2002-11-30 [PTadmin] Official Update 2002-05
0 !HISTORY 2007-07-29 [PTadmin] Header formatted for Contributor Agreement
0 !HISTORY 2008-07-01 [PTadmin] Official Update 2008-01
0 !HISTORY 2009-08-24 [PTadmin] Moved from 981
0 !HISTORY 2009-12-29 [PTadmin] Official Update 2009-03


1 16 0 0 0 -1 0 0 0 1 0 0 0 1 3818.dat
0
0 FILE parts/3818.dat
0 Minifig Arm Right
0 Name: 3818.dat
0 Author: Chris Dee [cwdee]
0 !LDRAW_ORG Part UPDATE 2018-02
0 !LICENSE Licensed under CC BY 4.0 : see CAreadme.txt

0 !HELP Place at -15.552 9 0 relative to torso
0 !HELP Then rotate about x axis to give required elevation of arm
0 !HELP 0 = upper arm vertical
0 !HELP -45 = lower arm horizontal
0 !HELP -90 = upper arm horizontal
0 !HELP -135 = lower arm vertical
0 !HELP Then rotate 9.782 about z axis to align with slope of torso

0 BFC CERTIFY CCW

0 !KEYWORDS BrickLink 982

0 !PREVIEW 16 0 0 0 -1 0 0 0 1 0 0 0 -1

0 !HISTORY 2002-11-30 [PTadmin] Official Update 2002-05
0 !HISTORY 2007-07-29 [PTadmin] Header formatted for Contributor Agreement
0 !HISTORY 2008-07-01 [PTadmin] Official Update 2008-01
0 !HISTORY 2008-07-01 [tchang] Add BFC, some conditional lines
0 !HISTORY 2009-05-28 [Eldar] Fix wrong color lines
0 !HISTORY 2009-08-24 [PTadmin] Moved from 982
0 !HISTORY 2009-12-29 [PTadmin] Official Update 2009-03
0 !HISTORY 2010-08-27 [Philo] Increased hand hole to 15LDu; Fixed/added some condline.
0 !HISTORY 2010-12-31 [PTadmin] Official Update 2010-03
0 !HISTORY 2018-03-05 [GeraldLasser] Added a Conditional Line
0 !HISTORY 2018-03-23 [MagFors] Subfiled for patterned parts
0 !HISTORY 2018-12-08 [PTadmin] Official Update 2018-02


1 16 0 0 0 1 0 0 0 1 0 0 0 1 s\3818s01.dat
1 16 0 0 0 1 0 0 0 1 0 0 0 1 s\3818s02.dat
0 FILE parts/s/3818s02.dat
0 ~Minifig Arm Right Outer Surface
0 Name: s\3818s02.dat
0 Author: Magnus Forsberg [MagFors]
0 !LDRAW_ORG Subpart UPDATE 2020-01
0 !LICENSE Licensed under CC BY 4.0 : see CAreadme.txt

0 BFC CERTIFY CCW

0 !HISTORY 2018-12-08 [PTadmin] Official Update 2018-02
0 !HISTORY 2019-11-24 [MagFors] Used pattern subfiles
0 !HISTORY 2020-06-28 [PTadmin] Official Update 2020-01


1 16 0 0 0 1 0 0 0 1 0 0 0 1 s\3818s03.dat
1 16 0 0 0 1 0 0 0 1 0 0 0 1 s\3818s04.dat
0 FILE parts/s/3818s04.dat
0 ~Minifig Arm Right Outer Surface Forearm
0 Name: s\3818s04.dat
0 Author: Magnus Forsberg [MagFors]
0 !LDRAW_ORG Subpart UPDATE 2020-01
0 !LICENSE Licensed under CC BY 4.0 : see CAreadme.txt

0 BFC CERTIFY CCW

0 !HISTORY 2020-06-28 [PTadmin] Official Update 2020-01


0 // elbow

3 16 -9.8555 8.6121 -2.4761 -10.0392 8.1462 0 -10.0652 9.0949 -.3523
3 16 -9.669 8.9811 2.3159 -10.0652 9.0949 -.3523 -10.0392 8.1462 0
3 16 -10.0392 8.1462 0 -9.58 7.9077 2.4876 -9.669 8.9811 2.3159
3 16 -10.0652 9.0949 -.3523 -9.669 8.9811 2.3159 -9.6195 9.6086 2.0978
4 16 -9.669 8.9811 2.3159 -8.535 9.1611 4.3373 -8.5355 10.1807 3.8199 -9.6195 9.6086 2.0978
3 16 -9.58 7.9077 2.4876 -8.4614 7.8246 4.5962 -8.535 9.1611 4.3373
3 16 -8.535 9.1611 4.3373 -9.669 8.9811 2.3159 -9.58 7.9077 2.4876
3 16 -6.8356 7.8154 6.0054 -6.913 9.2813 5.6883 -8.535 9.1611 4.3373
3 16 -8.535 9.1611 4.3373 -8.4614 7.8246 4.5962 -6.8356 7.8154 6.0054
3 16 -8.5355 10.1807 3.8199 -8.535 9.1611 4.3373 -6.913 9.2813 5.6883
3 16 -6.913 9.2813 5.6883 -6.9135 10.5627 4.9712 -8.5355 10.1807 3.8199
3 16 -4.9997 9.3236 6.2624 -6.913 9.2813 5.6883 -6.8356 7.8154 6.0054
3 16 -6.8356 7.8154 6.0054 -4.9224 7.8154 6.5 -4.9997 9.3236 6.2624
3 16 -6.9135 10.5627 4.9712 -6.913 9.2813 5.6883 -4.9997 9.3236 6.2624
3 16 -4.9997 9.3236 6.2624 -5 10.6471 5.4249 -6.9135 10.5627 4.9712
5 24 -8.535 9.1611 4.3373 -9.58 7.9077 2.4876 -9.669 8.9811 2.3159 -8.4614 7.8246 4.5962
5 24 -8.535 9.1611 4.3373 -6.8356 7.8154 6.0054 -8.4614 7.8246 4.5962 -6.913 9.2813 5.6883
5 24 -6.913 9.2813 5.6883 -8.5355 10.1807 3.8199 -6.9135 10.5627 4.9712 -8.535 9.1611 4.3373
5 24 -6.8356 7.8154 6.0054 -4.9997 9.3236 6.2624 -6.913 9.2813 5.6883 -4.9224 7.8154 6.5
5 24 -4.9997 9.3236 6.2624 -6.9135 10.5627 4.9712 -5 10.6471 5.4249 -6.913 9.2813 5.6883
5 24 -8.4614 7.8246 4.5962 -6.8356 7.8154 6.0054 -4.024 -2.829 4.596 -8.535 9.1611 4.3373
5 24 -9.58 7.9077 2.4876 -9.669 8.9811 2.3159 -8.535 9.1611 4.3373 -10.0392 8.1462 0
5 24 -4.9997 9.3236 6.2624 -6.913 9.2813 5.6883 -6.8356 7.8154 6.0054 -6.9135 10.5627 4.9712
5 24 -8.535 9.1611 4.3373 -8.5355 10.1807 3.8199 -9.6195 9.6086 2.0978 -6.913 9.2813 5.6883
5 24 -6.8356 7.8154 6.0054 -4.9224 7.8154 6.5 -2.942 -1.53 6.005 -4.9997 9.3236 6.2624
5 24 -9.58 7.9077 2.4876 -10.0392 8.1462 0 -9.669 8.9811 2.3159 -4.746 -3.695 2.487
5 24 -8.4614 7.8246 4.5962 -8.535 9.1611 4.3373 -9.58 7.9077 2.4876 -6.8356 7.8154 6.0054
5 24 -6.9135 10.5627 4.9712 -8.5355 10.1807 3.8199 -6.9135 22.1669 -6.6331 -6.913 9.2813 5.6883
5 24 -9.669 8.9811 2.3159 -10.0392 8.1462 0 -10.0652 9.0949 -.3523 -9.58 7.9077 2.4876
5 24 -9.58 7.9077 2.4876 -8.4614 7.8246 4.5962 -4.746 -3.695 2.487 -8.535 9.1611 4.3373
5 24 -5 10.6471 5.4249 -6.9135 10.5627 4.9712 -5 22.436 -6.364 -4.9997 9.3236 6.2624
5 24 -9.669 8.9811 2.3159 -9.6195 9.6086 2.0978 -8.535 9.1611 4.3373 -10.0652 9.0949 -.3523
5 24 -9.6195 9.6086 2.0978 -10.0652 9.0949 -.3523 -9.6195 20.2532 -8.5468 -9.669 8.9811 2.3159
5 24 -6.8356 7.8154 6.0054 -6.913 9.2813 5.6883 -4.9997 9.3236 6.2624 -8.535 9.1611 4.3373
5 24 -8.5355 10.1807 3.8199 -9.6195 9.6086 2.0978 -8.535 9.1611 4.3373 -8.5355 21.4003 -7.3997
5 24 -6.913 9.2813 5.6883 -8.535 9.1611 4.3373 -8.5355 10.1807 3.8199 -6.8356 7.8154 6.0054
5 24 -9.669 8.9811 2.3159 -10.0652 9.0949 -.3523 -9.6195 9.6086 2.0978 -10.0392 8.1462 0
5 24 -9.669 8.9811 2.3159 -8.535 9.1611 4.3373 -9.6195 9.6086 2.0978 -9.58 7.9077 2.4876
5 24 -6.913 9.2813 5.6883 -6.9135 10.5627 4.9712 -4.9997 9.3236 6.2624 -8.5355 10.1807 3.8199
5 24 -10.0392 8.1462 0 -9.8555 8.6121 -2.4761 -10.0652 9.0949 -.3523 -5 -4 0
5 24 -10.0652 9.0949 -.3523 -10.0392 8.1462 0 -9.8555 8.6121 -2.4761 -9.669 8.9811 2.3159
5 24 -10.0652 9.0949 -.3523 -9.8555 8.6121 -2.4761 -10.0392 8.1462 0 -10 18.9 -9.9
5 24 -8.7537 8.5262 -4.5962 -9.8555 8.6121 -2.4761 -8.6155 16.402 -12.4003 -4.024 -2.829 -4.596
5 24 -5.02 8.4209 -6.5354 -7.0853 8.4402 -6.0243 -5 15.364 -13.436 -1.666 0 -6.5
5 24 -7.0853 8.4402 -6.0243 -8.7537 8.5262 -4.5962 -6.9135 15.6331 -13.1669 -2.942 -1.53 -6.005

0 // forearm
4 16 -10.0652 9.0949 -.3523 -10 18.9 -9.9 -9.7694 17.5511 -11.2532 -9.8555 8.6121 -2.4761
4 16 -9.7694 17.5511 -11.2532 -8.6155 16.402 -12.4003 -8.7537 8.5262 -4.5962 -9.8555 8.6121 -2.4761
4 16 -5.02 8.4209 -6.5354 -7.0853 8.4402 -6.0243 -6.9135 15.6331 -13.1669 -5 15.364 -13.436
4 16 -8.6155 16.402 -12.4003 -6.9135 15.6331 -13.1669 -7.0853 8.4402 -6.0243 -8.7537 8.5262 -4.5962
4 16 -9.6195 20.2532 -8.5468 -10 18.9 -9.9 -10.0652 9.0949 -.3523 -9.6195 9.6086 2.0978
4 16 -8.5355 21.4003 -7.3997 -9.6195 20.2532 -8.5468 -9.6195 9.6086 2.0978 -8.5355 10.1807 3.8199
4 16 -8.5355 21.4003 -7.3997 -8.5355 10.1807 3.8199 -6.9135 10.5627 4.9712 -6.9135 22.1669 -6.6331
4 16 -5 22.436 -6.364 -6.9135 22.1669 -6.6331 -6.9135 10.5627 4.9712 -5 10.6471 5.4249
5 24 -7.0853 8.4402 -6.0243 -6.9135 15.6331 -13.1669 -5.02 8.4209 -6.5354 -8.7537 8.5262 -4.5962
5 24 -8.7537 8.5262 -4.5962 -8.6155 16.402 -12.4003 -7.0853 8.4402 -6.0243 -9.8555 8.6121 -2.4761
5 24 -9.8555 8.6121 -2.4761 -9.7694 17.5511 -11.2532 -8.7537 8.5262 -4.5962 -10.0652 9.0949 -.3523
5 24 -10.0652 9.0949 -.3523 -10 18.9 -9.9 -9.8555 8.6121 -2.4761 -9.6195 9.6086 2.0978
5 24 -9.6195 9.6086 2.0978 -9.6195 20.2532 -8.5468 -10.0652 9.0949 -.3523 -8.5355 10.1807 3.8199
5 24 -8.5355 10.1807 3.8199 -8.5355 21.4003 -7.3997 -9.6195 9.6086 2.0978 -6.9135 10.5627 4.9712
5 24 -6.9135 10.5627 4.9712 -6.9135 22.1669 -6.6331 -8.5355 10.1807 3.8199 -5 10.6471 5.4249
0 FILE parts/s/3818s03.dat
0 ~Minifig Arm Right Outer Surface Upper Arm
0 Name: s\3818s03.dat
0 Author: Magnus Forsberg [MagFors]
0 !LDRAW_ORG Subpart UPDATE 2020-01
0 !LICENSE Licensed under CC BY 4.0 : see CAreadme.txt

0 BFC CERTIFY CCW

0 !HISTORY 2020-06-28 [PTadmin] Official Update 2020-01


0 // shoulder

3 16 -1.666 0 6.5 -0.957 -2.2 6.005 0 -2.488 6.005
3 16 -0.957 -2.2 6.005 -1.666 0 6.5 -2.942 -1.53 6.005
3 16 -2.942 -1.53 -6.005 -0.957 -2.2 -6.005 -1.768 -4.066 -4.596
3 16 -2.942 -1.53 -6.005 -1.768 -4.066 -4.596 -4.024 -2.829 -4.596
3 16 -1.666 0 -6.5 -0.957 -2.2 -6.005 -2.942 -1.53 -6.005
3 16 -2.31 -5.312 2.487 -1.768 -4.066 4.596 -4.024 -2.829 4.596
3 16 -2.31 -5.312 2.487 -4.024 -2.829 4.596 -4.746 -3.695 2.487
3 16 -2.942 -1.53 6.005 -4.024 -2.829 4.596 -1.768 -4.066 4.596
3 16 -0.957 -2.2 6.005 -2.942 -1.53 6.005 -1.768 -4.066 4.596
3 16 -2.5 -5.75 0 -2.31 -5.312 2.487 -4.746 -3.695 2.487
3 16 -4.746 -3.695 2.487 -5 -4 0 -2.5 -5.75 0
3 16 -4.024 -2.829 -4.596 -1.768 -4.066 -4.596 -2.31 -5.312 -2.487
3 16 -4.746 -3.695 -2.487 -2.31 -5.312 -2.487 -2.5 -5.75 0
3 16 0 -2.488 -6.005 -0.957 -2.2 -6.005 -1.666 0 -6.5
3 16 -2.31 -5.312 -2.487 -4.746 -3.695 -2.487 -4.024 -2.829 -4.596
3 16 -2.5 -5.75 0 -5 -4 0 -4.746 -3.695 -2.487
4 16 0 -2.488 6.005 -0.957 -2.2 6.005 -1.768 -4.066 4.596 0 -4.596 4.596
4 16 -0.957 -2.2 -6.005 0 -2.488 -6.005 0 -4.596 -4.596 -1.768 -4.066 -4.596
4 16 -2.31 -5.312 -2.487 0 -6.005 -2.488 0 -6.5 0 -2.5 -5.75 0
4 16 -1.768 -4.066 -4.596 0 -4.596 -4.596 0 -6.005 -2.488 -2.31 -5.312 -2.487
4 16 0 -6.005 2.488 -2.31 -5.312 2.487 -2.5 -5.75 0 0 -6.5 0
4 16 0 -4.596 4.596 -1.768 -4.066 4.596 -2.31 -5.312 2.487 0 -6.005 2.488
5 24 -2.5 -5.75 0 0 -6.5 0 -2.31 -5.312 -2.487 -2.31 -5.312 2.487
5 24 -2.31 -5.312 -2.487 0 -6.005 -2.487 -2.5 -5.75 0 -1.768 -4.066 -4.596
5 24 -2.31 -5.312 -2.487 -1.768 -4.066 -4.596 0 -6.005 -2.487 -4.024 -2.829 -4.596
5 24 -1.768 -4.066 4.596 -2.942 -1.53 6.005 -0.957 -2.2 6.005 -4.024 -2.829 4.596
5 24 -1.768 -4.066 -4.596 0 -4.596 -4.596 -2.31 -5.312 -2.487 -0.957 -2.2 -6.005
5 24 -2.31 -5.312 2.487 0 -6.005 2.487 -2.5 -5.75 0 -1.768 -4.066 4.596
5 24 -1.768 -4.066 4.596 0 -4.596 4.596 -2.31 -5.312 2.487 -0.957 -2.2 6.005
5 24 -4.024 -2.829 -4.596 -1.768 -4.066 -4.596 -2.942 -1.53 -6.005 -2.31 -5.312 -2.487
5 24 -1.666 0 -6.5 -0.957 -2.2 -6.005 -2.942 -1.53 -6.005 0 -2.488 -6.005
5 24 -4.024 -2.829 4.596 -1.768 -4.066 4.596 -2.942 -1.53 6.005 -2.31 -5.312 2.487
5 24 -0.957 -2.2 6.005 -1.768 -4.066 4.596 0 -4.596 4.596 -2.942 -1.53 6.005
5 24 -1.768 -4.066 4.596 -2.31 -5.312 2.487 -4.024 -2.829 4.596 0 -6.005 2.487
5 24 -2.31 -5.312 2.487 -2.5 -5.75 0 -4.746 -3.695 2.487 0 -6.5 0
5 24 -1.768 -4.066 -4.596 -0.957 -2.2 -6.005 0 -2.488 -6.005 -2.942 -1.53 -6.005
5 24 -5 -4 0 -4.746 -3.695 2.487 -2.5 -5.75 0 -10.0392 8.1462 0
5 24 -4.746 -3.695 -2.487 -4.024 -2.829 -4.596 -9.8555 8.6121 -2.4761 -2.31 -5.312 -2.487
5 24 -4.024 -2.829 -4.596 -2.942 -1.53 -6.005 -1.768 -4.066 -4.596 -8.7537 8.5262 -4.5962
5 24 -4.746 -3.695 2.487 -4.024 -2.829 4.596 -2.31 -5.312 2.487 -9.58 7.9077 2.4876
5 24 -4.024 -2.829 4.596 -2.942 -1.53 6.005 -1.768 -4.066 4.596 -8.4614 7.8246 4.5962
5 24 -2.942 -1.53 6.005 -1.666 0 6.5 -0.957 -2.2 6.005 -6.8356 7.8154 6.0054
5 24 -2.942 -1.53 -6.005 -1.666 0 -6.5 -0.957 -2.2 -6.005 -7.0853 8.4402 -6.0243
5 24 -5 -4 0 -4.746 -3.695 -2.487 -2.5 -5.75 0 -10.0392 8.1462 0
5 24 0 -2.488 -6.005 -0.957 -2.2 -6.005 -1.666 0 -6.5 0 -4.5962 -4.5962
5 24 -2.942 -1.53 -6.005 -0.957 -2.2 -6.005 -1.666 0 -6.5 -1.768 -4.066 -4.596
5 24 -0.957 -2.2 6.005 0 -2.488 6.005 -1.666 0 6.5 -1.768 -4.066 4.596
5 24 -2.31 -5.312 -2.487 -2.5 -5.75 0 -4.746 -3.695 -2.487 0 -6.005 -2.488
5 24 -4.746 -3.695 -2.487 -2.31 -5.312 -2.487 -2.5 -5.75 0 -4.024 -2.829 -4.596
5 24 -2.31 -5.312 2.487 -4.746 -3.695 2.487 -2.5 -5.75 0 -4.024 -2.829 4.596
5 24 -4.746 -3.695 -2.487 -2.5 -5.75 0 -2.31 -5.312 -2.487 -5 -4 0
5 24 -1.666 0 6.5 -0.957 -2.2 6.005 -2.942 -1.53 6.005 0 -2.488 6.005
5 24 -2.5 -5.75 0 -4.746 -3.695 2.487 -2.31 -5.312 2.487 -5 -4 0
5 24 -5 -4 0 -2.5 -5.75 0 -4.746 -3.695 2.487 -4.746 -3.695 -2.487
5 24 -4.024 -2.829 4.596 -2.31 -5.312 2.487 -1.768 -4.066 4.596 -4.746 -3.695 2.487
5 24 -2.31 -5.312 -2.487 -4.024 -2.829 -4.596 -4.746 -3.695 -2.487 -1.768 -4.066 -4.596
5 24 -1.768 -4.066 -4.596 -2.942 -1.53 -6.005 -0.957 -2.2 -6.005 -4.024 -2.829 -4.596
5 24 -2.942 -1.53 6.005 -0.957 -2.2 6.005 -1.666 0 6.5 -1.768 -4.066 4.596

0 // upper arm
4 16 -9.8555 8.6121 -2.4761 -8.7537 8.5262 -4.5962 -4.024 -2.829 -4.596 -4.746 -3.695 -2.487
4 16 -7.0853 8.4402 -6.0243 -5.02 8.4209 -6.5354 -1.666 0 -6.5 -2.942 -1.53 -6.005
4 16 -7.0853 8.4402 -6.0243 -2.942 -1.53 -6.005 -4.024 -2.829 -4.596 -8.7537 8.5262 -4.5962
4 16 -10.0392 8.1462 0 -9.8555 8.6121 -2.4761 -4.746 -3.695 -2.487 -5 -4 0
4 16 -10.0392 8.1462 0 -5 -4 0 -4.746 -3.695 2.487 -9.58 7.9077 2.4876
4 16 -8.4614 7.8246 4.5962 -9.58 7.9077 2.4876 -4.746 -3.695 2.487 -4.024 -2.829 4.596
4 16 -8.4614 7.8246 4.5962 -4.024 -2.829 4.596 -2.942 -1.53 6.005 -6.8356 7.8154 6.0054
4 16 -4.9224 7.8154 6.5 -6.8356 7.8154 6.0054 -2.942 -1.53 6.005 -1.666 0 6.5
5 24 -10.0392 8.1462 0 -5 -4 0 -9.8555 8.6121 -2.4761 -9.58 7.9077 2.4876
5 24 -9.8555 8.6121 -2.4761 -4.746 -3.695 -2.487 -10.0392 8.1462 0 -8.7537 8.5262 -4.5962
5 24 -8.7537 8.5262 -4.5962 -4.024 -2.829 -4.596 -9.8555 8.6121 -2.4761 -7.0853 8.4402 -6.0243
5 24 -9.58 7.9077 2.4876 -4.746 -3.695 2.487 -10.0392 8.1462 0 -8.4614 7.8246 4.5962
5 24 -7.0853 8.4402 -6.0243 -2.942 -1.53 -6.005 -8.7537 8.5262 -4.5962 -5.02 8.4209 -6.5354
5 24 -6.8356 7.8154 6.0054 -2.942 -1.53 6.005 -8.4614 7.8246 4.5962 -4.9224 7.8154 6.5
5 24 -8.4614 7.8246 4.5962 -4.024 -2.829 4.596 -9.58 7.9077 2.4876 -6.8356 7.8154 6.0054
0 FILE parts/s/3818s01.dat
0 ~Minifig Arm Right Inner Half
0 Name: s\3818s01.dat
0 Author: Magnus Forsberg [MagFors]
0 !LDRAW_ORG Subpart UPDATE 2020-02
0 !LICENSE Licensed under CC BY 4.0 : see CAreadme.txt

0 BFC CERTIFY CCW

0 !HISTORY 2018-12-08 [PTadmin] Official Update 2018-02
0 !HISTORY 2019-11-24 [MagFors] used knob subfile, reworked elbow
0 !HISTORY 2020-09-05 [PTadmin] Official Update 2020-02


1 16 0 0 0 1 0 0 0 1 0 0 0 1 knob1.dat
0 // flat inner arm
2 24 0 0 6.5 0 -2.4876 6.0054
2 24 0 -2.4876 6.0054 0 -4.5962 4.5962
2 24 0 -4.5962 4.5962 0 -6.0054 2.4876
2 24 0 -6.0054 2.4876 0 -6.5 0
2 24 0 -6.5 0 0 -6.0054 -2.4876
2 24 0 -6.0054 -2.4876 0 -4.5962 -4.5962
2 24 0 -4.5962 -4.5962 0 -2.4876 -6.0054
2 24 0 -2.4876 -6.0054 0 0 -6.5
4 16 0 0 -6.5 0 2.487 -6.005 0 0 -3.25 0 -2.488 -6.005
4 16 0 -4.5962 -4.5962 0 -2.488 -6.005 0 0 -3.25 0 -6.0054 -2.4876
4 16 0 -6.5 0 0 -6.0054 -2.4876 0 0 -3.25 0 -3.25 0
4 16 0 -6.0054 2.4876 0 -6.5 0 0 -3.25 0 0 0 3.25
4 16 0 -4.5962 4.5962 0 -6.0054 2.4876 0 0 3.25 0 -2.488 6.005
4 16 0 0 6.5 0 -2.488 6.005 0 0 3.25 0 2.5 6.5
4 16 0 3.25 0 0 0 -3.25 0 2.487 -6.005 0 4.596 -4.596
4 16 0 3.25 0 0 9.028 -0.028 0 2.5 6.5 0 0 3.25
3 16 0 4.596 -4.596 0 9.028 -0.028 0 3.25 0
2 24 0 0 -6.5 0 2.487 -6.005
2 24 0 2.487 -6.005 0 4.596 -4.596
2 24 0 4.596 -4.596 0 9.028 -0.028

0 // hand hole
1 16 -5 18.9 -9.9 2.5 0 0 0 -1 -1.7678 0 0 -1.7678 4-4ndis.dat
0 BFC INVERTNEXT
1 16 -5 8.294 0.707 2.5 0 0 0 10.6066 -1.76777 0 -10.6066 -1.76777 4-4cylc.dat
2 24 0 18.9 -9.9 -0.3805 17.5468 -11.2532
2 24 -0.3805 17.5468 -11.2532 -1.4645 16.3997 -12.4003
2 24 -1.4645 16.3997 -12.4003 -3.0865 15.6331 -13.1669
2 24 -3.0865 15.6331 -13.1669 -5 15.364 -13.436
2 24 -5 15.364 -13.436 -6.9135 15.6331 -13.1669
2 24 -6.9135 15.6331 -13.1669 -8.6155 16.402 -12.4003
2 24 -8.6155 16.402 -12.4003 -9.7694 17.5511 -11.2532
2 24 -9.7694 17.5511 -11.2532 -10 18.9 -9.9
2 24 -10 18.9 -9.9 -9.6195 20.2532 -8.5468
2 24 -9.6195 20.2532 -8.5468 -8.5355 21.4003 -7.3997
2 24 -8.5355 21.4003 -7.3997 -6.9135 22.1669 -6.6331
2 24 -6.9135 22.1669 -6.6331 -5 22.436 -6.364
2 24 -5 22.436 -6.364 -3.0865 22.1669 -6.6331
2 24 -3.0865 22.1669 -6.6331 -1.4645 21.4003 -7.3997
2 24 -1.4645 21.4003 -7.3997 -0.3805 20.2532 -8.5468
2 24 -0.3805 20.2532 -8.5468 0 18.9 -9.9
4 16 -3.0865 15.6331 -13.1669 -5 15.364 -13.436 -5 17.1322 -11.6678 -2.5 17.1322 -11.6678
4 16 -1.4645 16.3997 -12.4003 -3.0865 15.6331 -13.1669 -2.5 17.1322 -11.6678 -0.3805 17.5468 -11.2532
4 16 -0.3805 17.5468 -11.2532 -2.5 17.1322 -11.6678 -2.5 18.9 -9.9 0 18.9 -9.9
4 16 -0.3805 20.2532 -8.5468 0 18.9 -9.9 -2.5 18.9 -9.9 -2.5 20.6678 -8.1322
4 16 -1.4645 21.4003 -7.3997 -0.3805 20.2532 -8.5468 -2.5 20.6678 -8.1322 -3.0865 22.1669 -6.6331
4 16 -3.0865 22.1669 -6.6331 -2.5 20.6678 -8.1322 -5 20.6678 -8.1322 -5 22.436 -6.364
4 16 -6.9135 22.1669 -6.6331 -5 22.436 -6.364 -5 20.6678 -8.1322 -7.5 20.6678 -8.1322
4 16 -8.5355 21.4003 -7.3997 -6.9135 22.1669 -6.6331 -7.5 20.6678 -8.1322 -9.6195 20.2532 -8.5468
4 16 -9.6195 20.2532 -8.5468 -7.5 20.6678 -8.1322 -7.5 18.9 -9.9 -10 18.9 -9.9
4 16 -9.7694 17.5511 -11.2532 -10 18.9 -9.9 -7.5 18.9 -9.9 -7.5 17.1322 -11.6678
4 16 -8.6155 16.402 -12.4003 -9.7694 17.5511 -11.2532 -7.5 17.1322 -11.6678 -6.9135 15.6331 -13.1669
4 16 -6.9135 15.6331 -13.1669 -7.5 17.1322 -11.6678 -5 17.1322 -11.6678 -5 15.364 -13.436

0 // lower arm
4 16 -3.0865 8.4737 -6.0075 -3.0865 15.6331 -13.1669 -1.4645 16.3997 -12.4003 -1.4645 8.6037 -4.6044
4 16 -1.4645 8.6037 -4.6044 -1.4645 16.3997 -12.4003 -0.3805 17.5468 -11.2532 -0.3805 8.7984 -2.5048
4 16 -0.3805 8.7984 -2.5048 -0.3805 17.5468 -11.2532 0 18.9 -9.9 0 9.028 -0.028
4 16 -3.0865 22.1669 -6.6331 -5 22.436 -6.364 -5 10.6471 5.4249 -3.087 9.034 6.5
4 16 -1.4645 21.4003 -7.3997 -3.0865 22.1669 -6.6331 -3.087 9.034 6.5 -1.465 7.5 6.5
4 16 -0.381 5.206 6.5 -0.3805 20.2532 -8.5468 -1.4645 21.4003 -7.3997 -1.465 7.5 6.5
4 16 0 9.028 -0.028 0 18.9 -9.9 -0.3805 20.2532 -8.5468 -0.381 5.206 6.5
4 16 -5 15.364 -13.436 -3.0865 15.6331 -13.1669 -3.0865 8.4737 -6.0075 -5.02 8.4209 -6.5354
5 24 -5 15.364 -13.436 -5.02 8.4209 -6.5354 -3.0865 15.6331 -13.1669 -6.9135 15.6331 -13.1669
5 24 -3.0865 15.6331 -13.1669 -3.0865 8.4737 -6.0075 -1.4645 16.3997 -12.4003 -5 15.364 -13.436
5 24 -1.4645 16.3997 -12.4003 -1.4645 8.6037 -4.6044 -0.3805 17.5468 -11.2532 -3.0865 15.6331 -13.1669
5 24 -0.3805 17.5468 -11.2532 -0.3805 8.7984 -2.5048 0 18.9 -9.9 -1.4645 16.3997 -12.4003
5 24 -3.0865 22.1669 -6.6331 -3.087 9.034 6.5 -5 22.436 -6.364 -1.4645 21.4003 -7.3997
5 24 -5 22.436 -6.364 -5 10.6471 5.4249 -6.9135 22.1669 -6.6331 -3.0865 22.1669 -6.6331
5 24 -4.9997 9.3236 6.2624 -4.9224 7.8154 6.5 -3.087 9.034 6.5 -6.8356 7.8154 6.0054
5 24 -1.4645 21.4003 -7.3997 -1.465 7.5 6.5 -0.3805 20.2532 -8.5468 -3.0865 22.1669 -6.6331
5 24 -0.3805 20.2532 -8.5468 -0.381 5.206 6.5 -1.4645 21.4003 -7.3997 0 18.9 -9.9
5 24 0 18.9 -9.9 0 9.028 -0.028 -0.3805 20.2532 -8.5468 -0.3805 17.5468 -11.2532
3 16 0 9.028 -0.028 -0.381 5.206 6.5 0 2.5 6.5
5 24 0 9.028 -0.028 0 2.5 6.5 -0.381 5.206 6.5 0 0 6.5

0 // rear upper arm
4 16 -0.381 5.206 6.5 -1.465 7.5 6.5 -4.9224 7.8154 6.5 0 2.5 6.5
4 16 0 0 6.5 0 2.5 6.5 -4.9224 7.8154 6.5 -1.666 0 6.5
3 16 -4.9224 7.8154 6.5 -3.087 9.034 6.5 -4.9997 9.3236 6.2624
3 16 -4.9997 9.3236 6.2624 -3.087 9.034 6.5 -5 10.6471 5.4249
3 16 -4.9224 7.8154 6.5 -1.465 7.5 6.5 -3.087 9.034 6.5
3 16 0 -2.488 6.005 0 0 6.5 -1.666 0 6.5
5 24 0 -2.488 6.005 -1.666 0 6.5 -0.957 -2.2 6.005 0 0 6.5
5 24 -1.666 0 6.5 0 0 6.5 -4.9224 7.8154 6.5 0 -2.488 6.005
5 24 -3.087 9.034 6.5 -5 10.6471 5.4249 -4.9997 9.3236 6.2624 -3.0865 22.1669 -6.6331
5 24 -3.087 9.034 6.5 -4.9224 7.8154 6.5 -4.9997 9.3236 6.2624 -1.465 7.5 6.5
5 24 -4.9997 9.3236 6.2624 -5 10.6471 5.4249 -6.9135 10.5627 4.9712 -3.087 9.034 6.5
5 24 -3.087 9.034 6.5 -4.9997 9.3236 6.2624 -4.9224 7.8154 6.5 -5 10.6471 5.4249
2 24 -3.087 9.034 6.5 -1.465 7.5 6.5
2 24 -1.465 7.5 6.5 -0.381 5.206 6.5
2 24 -0.381 5.206 6.5 0 2.5 6.5
2 24 0 2.5 6.5 0 0 6.5
5 24 -4.9224 7.8154 6.5 -1.666 0 6.5 -6.8356 7.8154 6.0054 -1.465 7.5 6.5

0 // crook of elbow
3 16 -1.666 0 -6.5 0 0 -6.5 0 -2.488 -6.005
5 24 -1.666 0 -6.5 0 -2.488 -6.005 -0.957 -2.2 -6.005 0 0 -6.5
3 16 -3.0865 8.4737 -6.0075 0 0 -6.5 -5.02 8.4209 -6.5354
3 16 -1.666 0 -6.5 -5.02 8.4209 -6.5354 0 0 -6.5
3 16 -3.0865 8.4737 -6.0075 0 2.487 -6.005 0 0 -6.5
3 16 -3.0865 8.4737 -6.0075 -1.4645 8.6037 -4.6044 0 2.487 -6.005
4 16 0 4.596 -4.596 0 2.487 -6.005 -1.4645 8.6037 -4.6044 -0.3805 8.7984 -2.5048
3 16 0 9.028 -0.028 0 4.596 -4.596 -0.3805 8.7984 -2.5048
5 24 -0.381 8.798 -2.505 0 4.596 -4.596 -1.465 8.604 -4.604 0 9.028 -0.028
5 24 -3.087 8.474 -6.008 0 0 -6.5 0 2.487 -6.005 -5.02 8.4209 -6.5354
5 24 0 0 -6.5 -5.02 8.4209 -6.5354 -3.087 8.474 -6.008 -1.666 0 -6.5
5 24 0 0 -6.5 -1.666 0 -6.5 0 -2.488 -6.005 -5.02 8.4209 -6.5354
2 24 0 9.028 -0.028 -0.381 8.798 -2.505
2 24 -0.381 8.798 -2.505 -1.465 8.604 -4.604
2 24 -1.465 8.604 -4.604 -3.087 8.474 -6.008
2 24 -3.087 8.474 -6.008 -5.02 8.4209 -6.5354
5 24 -3.087 8.474 -6.008 0 2.487 -6.005 0 0 -6.5 -1.465 8.604 -4.604
5 24 -1.465 8.604 -4.604 0 2.487 -6.005 -3.087 8.474 -6.008 0 4.596 -4.596
5 24 -1.666 0 -6.5 -5.02 8.4209 -6.5354 0 0 -6.5 -2.942 -1.53 -6.005
0 FILE p/4-4ndis.dat
0 Disc Negative 1.0
0 Name: 4-4ndis.dat
0 Author: James Jessiman
0 !LDRAW_ORG Primitive UPDATE 2012-01
0 !LICENSE Licensed under CC BY 4.0 : see CAreadme.txt

0 BFC CERTIFY CCW

0 !HISTORY 2002-03-23 [sbliss] Added BFC statement; compacted code
0 !HISTORY 2002-04-25 [PTadmin] Official Update 2002-02
0 !HISTORY 2007-06-24 [PTadmin] Header formatted for Contributor Agreement
0 !HISTORY 2008-07-01 [PTadmin] Official Update 2008-01
0 !HISTORY 2012-02-16 [Philo] Changed to CCW
0 !HISTORY 2012-03-30 [PTadmin] Official Update 2012-01


3 16 0.9239 0 0.3827 1 0 0 1 0 1
3 16 0.7071 0 0.7071 0.9239 0 0.3827 1 0 1
3 16 0.3827 0 0.9239 0.7071 0 0.7071 1 0 1
3 16 0 0 1 0.3827 0 0.9239 1 0 1
3 16 -0.3827 0 0.9239 0 0 1 -1 0 1
3 16 -0.7071 0 0.7071 -0.3827 0 0.9239 -1 0 1
3 16 -0.9239 0 0.3827 -0.7071 0 0.7071 -1 0 1
3 16 -1 0 0 -0.9239 0 0.3827 -1 0 1
3 16 -0.9239 0 -0.3827 -1 0 0 -1 0 -1
3 16 -0.7071 0 -0.7071 -0.9239 0 -0.3827 -1 0 -1
3 16 -0.3827 0 -0.9239 -0.7071 0 -0.7071 -1 0 -1
3 16 0 0 -1 -0.3827 0 -0.9239 -1 0 -1
3 16 0.3827 0 -0.9239 0 0 -1 1 0 -1
3 16 0.7071 0 -0.7071 0.3827 0 -0.9239 1 0 -1
3 16 0.9239 0 -0.3827 0.7071 0 -0.7071 1 0 -1
3 16 1 0 0 0.9239 0 -0.3827 1 0 -1
0 FILE p/knob1.dat
0 Minifig Arm Knob
0 Name: knob1.dat
0 Author: Philippe Hurbain [Philo]
0 !LDRAW_ORG Primitive UPDATE 2020-01
0 !LICENSE Licensed under CC BY 4.0 : see CAreadme.txt

0 BFC CERTIFY CCW

0 !HISTORY 2020-06-28 [PTadmin] Official Update 2020-01


1 16 -3 0 0 0 1 0 2 0 0 0 0 -2 4-4edge.dat
1 16 -3 0 0 0 -1 0 2 0 0 0 0 -2 4-4disc.dat
0 BFC INVERTNEXT
1 16 -3 0 0 0 5 0 2 0 0 0 0 -2 4-4cyli.dat
1 16 7 0 0 0 1 0 2 0 0 0 0 2 3-4edge.dat
0 BFC INVERTNEXT
1 16 7 0 0 0 -5 0 2 0 0 0 0 2 3-4cyli.dat
1 16 7 0 0 0 -1 0 2 0 0 0 0 2 3-4ring1.dat
1 16 7 0 0 0 -1 0 4 0 0 0 0 4 3-4edge.dat
1 16 0 0 0 0 2 0 5 0 0 0 0 -5 4-4cylo.dat
1 16 3.5 0 0 0 -1.5 0 0.5 0 0 0 0 0.5 2-4con10.dat
1 16 5 0 0 0 1 0 0.5 0 0 0 0 0.5 2-4con10.dat
1 16 6 0 0 0 1 0 1 0 0 0 0 1 2-4con4.dat
1 16 3.5 0 0 0 -1.5 0 -0.5 0 0 0 0 -0.5 1-4con10.dat
1 16 5 0 0 0 1 0 -0.5 0 0 0 0 -0.5 1-4con10.dat
1 16 6 0 0 0 1 0 -1 0 0 0 0 -1 1-4con4.dat
1 16 3.5 0 0 0 1.5 0 5.5 0 0 0 0 5.5 3-4cyli.dat

4 16 2 5 0 3.5 5.5 0 3.5 5.0813 -2.1043 2 4.6194 -1.9134
4 16 3.5 5.5 0 5 5.5 0 5 5.0813 -2.1043 3.5 5.0813 -2.1043
4 16 5 5.5 0 6 5 0 6 4.6188 -1.9134 5 5.0813 -2.1043
4 16 6 5 0 7 4 0 7 3.696 -1.5309 6 4.6188 -1.9134
4 16 2 4.6194 -1.9134 3.5 5.0813 -2.1043 5 5.0813 -2.1043 6 4.6188 -1.9134
4 16 2 4.6194 -1.9134 6 4.6188 -1.9134 7 3.696 -1.5309 2 3.6956 -1.5307
4 16 2 2 0 2 3.6956 -1.5307 7 3.696 -1.5309 7 2 0
3 16 7 2 0 7 3.696 -1.5309 7 4 0
2 24 2 2 0 2 3.6956 -1.5307
2 24 2 3.6956 -1.5307 2 4.6194 -1.9134
2 24 2 4.6194 -1.9134 3.5 5.0813 -2.1043
2 24 3.5 5.0813 -2.1043 5 5.0813 -2.1043
2 24 5 5.0813 -2.1043 6 4.6188 -1.9134
2 24 6 4.6188 -1.9134 7 3.696 -1.5309
2 24 7 3.696 -1.5309 7 2 0
2 24 7 3.696 -1.5309 7 4 0
2 24 2 2 0 7 2 0
4 16 3.5 2.1043 -5.0813 3.5 0 -5.5 2 0 -5 2 1.9134 -4.6194
4 16 5 2.1043 -5.0813 5 0 -5.5 3.5 0 -5.5 3.5 2.1043 -5.0813
4 16 6 1.9134 -4.6188 6 0 -5 5 0 -5.5 5 2.1043 -5.0813
4 16 7 1.5309 -3.696 7 0 -4 6 0 -5 6 1.9134 -4.6188
4 16 5 2.1043 -5.0813 3.5 2.1043 -5.0813 2 1.9134 -4.6194 6 1.9134 -4.6188
4 16 7 1.5309 -3.696 6 1.9134 -4.6188 2 1.9134 -4.6194 2 1.5307 -3.6956
4 16 7 1.5309 -3.696 2 1.5307 -3.6956 2 0 -2 7 0 -2
2 24 2 0 -2 2 1.5307 -3.6956
2 24 2 1.5307 -3.6956 2 1.9134 -4.6194
2 24 2 1.9134 -4.6194 3.5 2.1043 -5.0813
2 24 3.5 2.1043 -5.0813 5 2.1043 -5.0813
2 24 5 2.1043 -5.0813 6 1.9134 -4.6188
2 24 6 1.9134 -4.6188 7 1.5309 -3.696
2 24 7 1.5309 -3.696 7 0 -2
3 16 7 1.5309 -3.696 7 0 -2 7 0 -4
2 24 2 0 -2 7 0 -2
1 16 2 0 0 0 1 0 0 0 2 -2 0 0 1-4edge.dat
1 16 2 0 0 0 -1 0 0 0 2 -2 0 0 1-4ndis.dat
1 16 2 0 0 0 -1 0 4.6194 0 -1.9134 -1.9134 0 -4.6194 1-8chrd.dat
4 16 2 4.6194 -1.9134 2 3.6956 -1.5307 2 1.5307 -3.6956 2 1.9134 -4.6194
3 16 2 2 -2 2 1.5307 -3.6956 2 3.6956 -1.5307
3 16 2 2 -2 2 3.6956 -1.5307 2 2 0
3 16 2 1.5307 -3.6956 2 2 -2 2 0 -2
2 24 7 0 -4 7 1.5309 -3.696
0 // Added lines/Condlines
5 24 5 -5.0813 -2.1043 5 -5.5 0 6 -4.6188 -1.9134 3.5 -5.5 0
5 24 5 5.5 0 5 5.0813 -2.1043 6 5 0 3.5 5.0813 -2.1043
5 24 6 -3.5355 3.5355 6 -1.9136 4.6194 7 -2.8284 2.8284 5 -2.1045 5.0813
5 24 3.5 -5.0813 -2.1043 3.5 -3.8891 -3.8891 2 -4.6195 -1.9134 5 -3.8891 -3.8891
5 24 3.5 -2.1045 5.0813 3.5 -3.8891 3.8891 5 -3.8891 3.8891 2 -1.9134 4.6195
5 24 6 4.6188 1.9134 6 5 0 7 3.6956 1.5308 5 5.5 0
5 24 6 1.9134 4.6188 6 0 5 5 2.1043 5.0813 7 0 4
5 24 5 3.8891 3.8891 5 5.0813 2.1043 6 3.5355 3.5355 3.5 5.0813 2.1043
5 24 6 0 -5 5 0 -5.5 5 2.1043 -5.0813 6 -1.9134 -4.6188
5 24 3.5 5.5 0 2 5 0 2 4.6195 1.9134 3.5 5.0813 -2.1043
5 24 6 -4.6189 1.9132 6 -5 0 5 -5.0811 2.1046 7 -4 0
5 24 5 -3.8891 -3.8891 5 -5.0813 -2.1043 6 -3.5355 -3.5355 3.5 -5.0813 -2.1043
5 24 3.5 -3.8891 3.8891 3.5 -5.0811 2.1046 2 -3.5355 3.5355 5 -5.0811 2.1046
5 24 7 4 0 6 5 0 7 3.696 -1.5309 6 4.6188 1.9134
5 24 3.5 -2.1043 -5.0813 3.5 0 -5.5 5 0 -5.5 2 -1.9134 -4.6195
5 24 6 -4.6188 -1.9134 6 -5 0 7 -3.6956 -1.5308 5 -5.5 0
5 24 6 3.5355 3.5355 6 1.9134 4.6188 5 3.8891 3.8891 7 1.5308 3.6956
5 24 3.5 -5.0813 -2.1043 3.5 -5.5 0 2 -5 0 5 -5.0813 -2.1043
5 24 6 5 0 6 4.6188 -1.9134 5 5.0813 -2.1043 7 4 0
5 24 5 -5.5 0 5 -5.0811 2.1046 6 -5 0 3.5 -5.0811 2.1046
5 24 5 2.1043 5.0813 5 3.8891 3.8891 6 1.9134 4.6188 3.5 3.8891 3.8891
5 24 5 -2.1043 -5.0813 5 -3.8891 -3.8891 3.5 -3.8891 -3.8891 6 -1.9134 -4.6188
5 24 6 -3.5355 -3.5355 6 -4.6188 -1.9134 7 -2.8284 -2.8284 5 -5.0813 -2.1043
5 24 3.5 0 -5.5 3.5 2.1043 -5.0813 2 0 -5 5 2.1043 -5.0813
5 24 2 0 -5 3.5 0 -5.5 2 1.9134 -4.6194 3.5 -2.1043 -5.0813
5 24 5 0 -5.5 5 -2.1043 -5.0813 6 0 -5 3.5 -2.1043 -5.0813
5 24 5 5.5 0 6 5 0 6 4.6188 -1.9134 5 5.0813 2.1043
5 24 3.5 5.0813 2.1043 3.5 5.5 0 2 5 0 5 5.0813 2.1043
5 24 3.5 2.1043 5.0813 3.5 3.8891 3.8891 5 2.1043 5.0813 2 3.5355 3.5355
5 24 2 1.5307 -3.6956 7 1.5309 -3.696 2 0 -2 6 1.9134 -4.6188
5 24 5 2.1043 -5.0813 5 0 -5.5 6 1.9134 -4.6188 3.5 0 -5.5
5 24 6 0 -5 7 0 -4 6 1.9134 -4.6188 7 -1.5308 -3.6956
5 24 3.5 0 5.5 3.5 -2.1045 5.0813 5 -2.1045 5.0813 2 0 5
5 24 5 0 5.5 5 2.1043 5.0813 6 0 5 3.5 2.1043 5.0813
5 24 3.5 0 5.5 3.5 2.1043 5.0813 2 1.9134 4.6195 5 0 5.5
5 24 3.5 5.5 0 3.5 5.0813 -2.1043 5 5.5 0 2 4.6194 -1.9134
5 24 6 4.6188 1.9134 6 3.5355 3.5355 7 2.8284 2.8284 5 5.0813 2.1043
5 24 6 -1.9134 -4.6188 6 -3.5355 -3.5355 5 -3.8891 -3.8891 7 -1.5308 -3.6956
5 24 3.5 -3.8891 -3.8891 3.5 -2.1043 -5.0813 2 -3.5355 -3.5355 5 -2.1043 -5.0813
5 24 5 0 -5.5 3.5 0 -5.5 3.5 2.1043 -5.0813 5 -2.1043 -5.0813
5 24 6 -3.5355 3.5355 6 -4.6189 1.9132 5 -3.8891 3.8891 7 -3.6956 1.5308
5 24 5 -2.1045 5.0813 5 -3.8891 3.8891 6 -3.5355 3.5355 3.5 -2.1045 5.0813
5 24 6 -1.9136 4.6194 6 0 5 5 0 5.5 7 -1.5308 3.6956
5 24 5 5.0813 2.1043 5 5.5 0 6 4.6188 1.9134 3.5 5.5 0
5 24 5 -5.0811 2.1046 5 -3.8891 3.8891 6 -4.6189 1.9132 3.5 -3.8891 3.8891
5 24 3.5 5.5 0 5 5.5 0 3.5 5.0813 2.1043 5 5.0813 -2.1043
5 24 6 1.9134 -4.6188 6 0 -5 5 0 -5.5 7 1.5309 -3.696
5 24 6 0 -5 6 -1.9134 -4.6188 7 0 -4 5 -2.1043 -5.0813
5 24 5 0 5.5 5 -2.1045 5.0813 3.5 0 5.5 6 -1.9136 4.6194
5 24 3.5 -5.0811 2.1046 3.5 -5.5 0 2 -4.6195 1.9134 5 -5.5 0
5 24 3.5 3.8891 3.8891 3.5 5.0813 2.1043 2 4.6195 1.9134 5 3.8891 3.8891
5 24 7 3.696 -1.5309 2 3.6956 -1.5307 2 4.6194 -1.9134 7 2 0
0 FILE p/1-8chrd.dat
0 Chord 0.125
0 Name: 1-8chrd.dat
0 Author: Orion Pobursky [OrionP]
0 !LDRAW_ORG Primitive UPDATE 2023-05
0 !LICENSE Licensed under CC BY 4.0 : see CAreadme.txt

0 BFC CERTIFY CCW

0 !HISTORY 2004-04-22 [PTadmin] Official Update 2004-02
0 !HISTORY 2007-06-22 [PTadmin] Header formatted for Contributor Agreement
0 !HISTORY 2008-07-01 [PTadmin] Official Update 2008-01
0 !HISTORY 2023-10-27 [OrionP] Rebuilt with PrimGen2, original author westrate
0 !HISTORY 2023-10-31 [OrionP] Official Update 2023-05

3 16 1 0 0 0.9239 0 0.3827 0.7071 0 0.7071
0 FILE p/1-4ndis.dat
0 Disc Negative 0.25
0 Name: 1-4ndis.dat
0 Author: James Jessiman
0 !LDRAW_ORG Primitive UPDATE 2012-01
0 !LICENSE Licensed under CC BY 4.0 : see CAreadme.txt

0 BFC CERTIFY CCW

0 !HISTORY 2002-03-23 [sbliss] Added BFC Statement
0 !HISTORY 2002-04-25 [PTadmin] Official Update 2002-02
0 !HISTORY 2007-06-22 [PTadmin] Header formatted for Contributor Agreement
0 !HISTORY 2008-07-01 [PTadmin] Official Update 2008-01
0 !HISTORY 2012-02-16 [Philo] Changed to CCW
0 !HISTORY 2012-03-30 [PTadmin] Official Update 2012-01


3 16 0.9239 0 0.3827 1 0 0 1 0 1
3 16 0.7071 0 0.7071 0.9239 0 0.3827 1 0 1
3 16 0.3827 0 0.9239 0.7071 0 0.7071 1 0 1
3 16 0 0 1 0.3827 0 0.9239 1 0 1
0 FILE p/3-4cyli.dat
0 Cylinder 0.75
0 Name: 3-4cyli.dat
0 Author: James Jessiman
0 !LDRAW_ORG Primitive UPDATE 2005-01
0 !LICENSE Licensed under CC BY 4.0 : see CAreadme.txt

0 BFC CERTIFY CCW

0 !HISTORY 2002-03-23 [sbliss] Added BFC statement; compacted code
0 !HISTORY 2002-04-25 [PTadmin] Official Update 2002-02
0 !HISTORY 2004-12-11 [nielsk] Recreated using Primitive Generator, Edge lines fixed, BFC changed to CCW
0 !HISTORY 2005-12-28 [PTadmin] Official Update 2005-01
0 !HISTORY 2007-06-24 [PTadmin] Header formatted for Contributor Agreement
0 !HISTORY 2008-07-01 [PTadmin] Official Update 2008-01


4 16 .9239 1 .3827 .9239 0 .3827 1 0 0 1 1 0
4 16 .7071 1 .7071 .7071 0 .7071 .9239 0 .3827 .9239 1 .3827
4 16 .3827 1 .9239 .3827 0 .9239 .7071 0 .7071 .7071 1 .7071
4 16 0 1 1 0 0 1 .3827 0 .9239 .3827 1 .9239
4 16 -.3827 1 .9239 -.3827 0 .9239 0 0 1 0 1 1
4 16 -.7071 1 .7071 -.7071 0 .7071 -.3827 0 .9239 -.3827 1 .9239
4 16 -.9239 1 .3827 -.9239 0 .3827 -.7071 0 .7071 -.7071 1 .7071
4 16 -1 1 0 -1 0 0 -.9239 0 .3827 -.9239 1 .3827
4 16 -.9239 1 -.3827 -.9239 0 -.3827 -1 0 0 -1 1 0
4 16 -.7071 1 -.7071 -.7071 0 -.7071 -.9239 0 -.3827 -.9239 1 -.3827
4 16 -.3827 1 -.9239 -.3827 0 -.9239 -.7071 0 -.7071 -.7071 1 -.7071
4 16 0 1 -1 0 0 -1 -.3827 0 -.9239 -.3827 1 -.9239
5 24 1 1 0 1 0 0 1 1 -.4142 .9239 1 .3827
5 24 .9239 1 .3827 .9239 0 .3827 1 1 0 .7071 1 .7071
5 24 .7071 1 .7071 .7071 0 .7071 .9239 1 .3827 .3827 1 .9239
5 24 .3827 1 .9239 .3827 0 .9239 .7071 1 .7071 0 1 1
5 24 0 1 1 0 0 1 .3827 1 .9239 -.3827 1 .9239
5 24 -.3827 1 .9239 -.3827 0 .9239 0 1 1 -.7071 1 .7071
5 24 -.7071 1 .7071 -.7071 0 .7071 -.3827 1 .9239 -.9239 1 .3827
5 24 -.9239 1 .3827 -.9239 0 .3827 -.7071 1 .7071 -1 1 0
5 24 -1 1 0 -1 0 0 -.9239 1 .3827 -.9239 1 -.3827
5 24 -.9239 1 -.3827 -.9239 0 -.3827 -1 1 0 -.7071 1 -.7071
5 24 -.7071 1 -.7071 -.7071 0 -.7071 -.9239 1 -.3827 -.3827 1 -.9239
5 24 -.3827 1 -.9239 -.3827 0 -.9239 -.7071 1 -.7071 0 1 -1
5 24 0 1 -1 0 0 -1 -.3827 1 -.9239 .4142 1 -1
0
0 FILE p/1-4con10.dat
0 Cone 10 x 0.25
0 Name: 1-4con10.dat
0 Author: Willy Tschager [Holly-Wood]
0 !LDRAW_ORG Primitive UPDATE 2024-02
0 !LICENSE Licensed under CC BY 4.0 : see CAreadme.txt

0 BFC CERTIFY CCW

0 !HISTORY 1999-07-05 [PTadmin] Official Update 1999-05
0 !HISTORY 2002-12-11 [cwdee] Standardised title and made BFC compliant
0 !HISTORY 2003-03-12 [PTadmin] Official Update 2003-01
0 !HISTORY 2004-11-07 [nielsk] Added missing edge
0 !HISTORY 2004-12-15 [nielsk] BFC changed to CCW
0 !HISTORY 2005-12-28 [PTadmin] Official Update 2005-01
0 !HISTORY 2007-06-22 [PTadmin] Header formatted for Contributor Agreement
0 !HISTORY 2008-07-01 [PTadmin] Official Update 2008-01
0 !HISTORY 2024-02-06 [Holly-Wood] Complete regeneration, original by Karim Nassar
0 !HISTORY 2024-03-24 [OrionP] Official Update 2024-02

4 16 10 1 0 9.239 1 3.827 10.1629 0 4.2097 11 0 0
4 16 9.239 1 3.827 7.071 1 7.071 7.7781 0 7.7781 10.1629 0 4.2097
4 16 7.071 1 7.071 3.827 1 9.239 4.2097 0 10.1629 7.7781 0 7.7781
4 16 3.827 1 9.239 0 1 10 0 0 11 4.2097 0 10.1629
0 // conditional lines
5 24 10 1 0 11 0 0 10 1 -4.142 9.239 1 3.827
5 24 9.239 1 3.827 10.1629 0 4.2097 10 1 0 7.071 1 7.071
5 24 7.071 1 7.071 7.7781 0 7.7781 9.239 1 3.827 3.827 1 9.239
5 24 3.827 1 9.239 4.2097 0 10.1629 7.071 1 7.071 0 1 10
5 24 0 1 10 0 0 11 3.827 1 9.239 -4.142 1 10
0 // Build by LDPartEditor (PrimGen 2.X)
0 FILE p/2-4con4.dat
0 Cone  4 x 0.5
0 Name: 2-4con4.dat
0 Author: Mark Kennedy [mkennedy]
0 !LDRAW_ORG Primitive UPDATE 2012-01
0 !LICENSE Licensed under CC BY 4.0 : see CAreadme.txt

0 BFC CERTIFY CCW

0 !HISTORY 2009-05-02 [PTadmin] Official Update 2009-01
0 !HISTORY 2012-02-16 [Philo] Recreated CCW
0 !HISTORY 2012-03-30 [PTadmin] Official Update 2012-01


4 16 4 1 0 3.6956 1 1.5308 4.6195 0 1.9135 5 0 0
4 16 3.6956 1 1.5308 2.8284 1 2.8284 3.5355 0 3.5355 4.6195 0 1.9135
4 16 2.8284 1 2.8284 1.5308 1 3.6956 1.9135 0 4.6195 3.5355 0 3.5355
4 16 1.5308 1 3.6956 0 1 4 0 0 5 1.9135 0 4.6195
4 16 0 1 4 -1.5308 1 3.6956 -1.9135 0 4.6195 0 0 5
4 16 -1.5308 1 3.6956 -2.8284 1 2.8284 -3.5355 0 3.5355 -1.9135 0 4.6195
4 16 -2.8284 1 2.8284 -3.6956 1 1.5308 -4.6195 0 1.9135 -3.5355 0 3.5355
4 16 -3.6956 1 1.5308 -4 1 0 -5 0 0 -4.6195 0 1.9135
0 // conditional lines
5 24 4 1 0 5 0 0 4 1 -1.6569 3.6955 1 1.5307
5 24 3.6956 1 1.5308 4.6195 0 1.9135 4 1 0 2.8284 1 2.8284
5 24 2.8284 1 2.8284 3.5355 0 3.5355 3.6955 1 1.5307 1.5307 1 3.6955
5 24 1.5308 1 3.6956 1.9135 0 4.6195 2.8284 1 2.8284 0 1 4
5 24 0 1 4 0 0 5 1.5307 1 3.6955 -1.5307 1 3.6955
5 24 -1.5308 1 3.6956 -1.9135 0 4.6195 0 1 4 -2.8284 1 2.8284
5 24 -2.8284 1 2.8284 -3.5355 0 3.5355 -1.5307 1 3.6955 -3.6955 1 1.5307
5 24 -3.6956 1 1.5308 -4.6195 0 1.9135 -2.8284 1 2.8284 -4 1 0
5 24 -4 1 0 -5 0 0 -3.6955 1 1.5307 -4 1 -1.6569
0 // Build by Primitive Generator 2
0 FILE p/2-4con10.dat
0 Cone 10 x 0.5
0 Name: 2-4con10.dat
0 Author: Michael Heidemann [mikeheide]
0 !LDRAW_ORG Primitive UPDATE 2010-02
0 !LICENSE Licensed under CC BY 4.0 : see CAreadme.txt

0 BFC CERTIFY CCW

0 !HISTORY 2010-07-05 [PTadmin] Official Update 2010-02


4 16 10 1 0 9.239 1 3.827 10.1629 0 4.2097 11 0 0
4 16 9.239 1 3.827 7.071 1 7.071 7.7781 0 7.7781 10.1629 0 4.2097
4 16 7.071 1 7.071 3.827 1 9.239 4.2097 0 10.1629 7.7781 0 7.7781
4 16 3.827 1 9.239 0 1 10 0 0 11 4.2097 0 10.1629
4 16 0 1 10 -3.827 1 9.239 -4.2097 0 10.1629 0 0 11
4 16 -3.827 1 9.239 -7.071 1 7.071 -7.7781 0 7.7781 -4.2097 0 10.1629
4 16 -7.071 1 7.071 -9.239 1 3.827 -10.1629 0 4.2097 -7.7781 0 7.7781
4 16 -9.239 1 3.827 -10 1 0 -11 0 0 -10.1629 0 4.2097
0 // conditional lines
5 24 10 1 0 11 0 0 9.239 1 -3.827 9.239 1 3.827
5 24 9.239 1 3.827 10.1629 0 4.2097 10 1 0 7.071 1 7.071
5 24 7.071 1 7.071 7.7781 0 7.7781 9.239 1 3.827 3.827 1 9.239
5 24 3.827 1 9.239 4.2097 0 10.1629 7.071 1 7.071 0 1 10
5 24 0 1 10 0 0 11 3.827 1 9.239 -3.827 1 9.239
5 24 -3.827 1 9.239 -4.2097 0 10.1629 0 1 10 -7.071 1 7.071
5 24 -7.071 1 7.071 -7.7781 0 7.7781 -3.827 1 9.239 -9.239 1 3.827
5 24 -9.239 1 3.827 -10.1629 0 4.2097 -7.071 1 7.071 -10 1 0
5 24 -10 1 0 -11 0 0 -9.239 1 3.827 -9.239 1 -3.827
0 // end of file
0
0 FILE p/3-4ring1.dat
0 Ring  1 x 0.75
0 Name: 3-4ring1.dat
0 Author: Willy Tschager [Holly-Wood]
0 !LDRAW_ORG Primitive UPDATE 2024-01
0 !LICENSE Licensed under CC BY 4.0 : see CAreadme.txt

0 BFC CERTIFY CCW

0 !HISTORY 2010-07-05 [PTadmin] Official Update 2010-02
0 !HISTORY 2024-01-19 [Holly-Wood] Complete regeneration, original by guyvivan
0 !HISTORY 2024-01-29 [OrionP] Official Update 2024-01

4 16 2 0 0 1.8478 0 0.7654 0.9239 0 0.3827 1 0 0
4 16 1.8478 0 0.7654 1.4142 0 1.4142 0.7071 0 0.7071 0.9239 0 0.3827
4 16 1.4142 0 1.4142 0.7654 0 1.8478 0.3827 0 0.9239 0.7071 0 0.7071
4 16 0.7654 0 1.8478 0 0 2 0 0 1 0.3827 0 0.9239
4 16 0 0 2 -0.7654 0 1.8478 -0.3827 0 0.9239 0 0 1
4 16 -0.7654 0 1.8478 -1.4142 0 1.4142 -0.7071 0 0.7071 -0.3827 0 0.9239
4 16 -1.4142 0 1.4142 -1.8478 0 0.7654 -0.9239 0 0.3827 -0.7071 0 0.7071
4 16 -1.8478 0 0.7654 -2 0 0 -1 0 0 -0.9239 0 0.3827
4 16 -2 0 0 -1.8478 0 -0.7654 -0.9239 0 -0.3827 -1 0 0
4 16 -1.8478 0 -0.7654 -1.4142 0 -1.4142 -0.7071 0 -0.7071 -0.9239 0 -0.3827
4 16 -1.4142 0 -1.4142 -0.7654 0 -1.8478 -0.3827 0 -0.9239 -0.7071 0 -0.7071
4 16 -0.7654 0 -1.8478 0 0 -2 0 0 -1 -0.3827 0 -0.9239
0 // Build by LDPartEditor (PrimGen 2.X)
0 FILE parts/973.dat
0 Minifig Torso
0 Name: 973.dat
0 Author: Steve Bliss [sbliss]
0 !LDRAW_ORG Part UPDATE 2009-01
0 !LICENSE Licensed under CC BY 4.0 : see CAreadme.txt

0 BFC CERTIFY CCW

0 !KEYWORDS Rebrickable 3814

0 !HISTORY 1999-04-16 [sbliss] Updated 973-4t.dat to s\973s01.dat; added back surface
0 !HISTORY 1999-05-17 [PTadmin] Official Update 1999-03
0 !HISTORY 2000-11-05 [cwdee] Moved neck mark from s\973s01.dat
0 !HISTORY 2001-10-26 [PTadmin] Official Update 2001-01
0 !HISTORY 2007-07-27 [PTadmin] Header formatted for Contributor Agreement
0 !HISTORY 2008-07-01 [PTadmin] Official Update 2008-01
0 !HISTORY 2008-07-07 [DeannaEarley] Added BFC header and closed two holes (2005-11-13)
0 !HISTORY 2009-05-02 [PTadmin] Official Update 2009-01


1 16 0 0 0 1 0 0 0 1 0 0 0 1 s\973s01.dat
0 // Plain front
4 16 -19 32 -10 19 32 -10 19 29 -10 -19 29 -10
4 16 14.345 2 -10 -14.345 2 -10 -19 29 -10 19 29 -10
4 16 12 0 -10 -12 0 -10 -14.345 2 -10 14.345 2 -10
0 // Plain back
4 16 -19 29 10 19 29 10 19 32 10 -19 32 10
4 16 19 29 10 -19 29 10 -14.345 2 10 14.345 2 10
4 16 14.345 2 10 -14.345 2 10 -12 0 10 12 0 10
0 // Neck mark
1 16 0 -4 0 4.243 0 -4.243 0 -8 0 -4.243 0 -4.243 1-4cyli.dat
0
0 FILE parts/s/973s01.dat
0 ~Minifig Torso without Front or Back
0 Name: s\973s01.dat
0 Author: Steve Bliss [sbliss]
0 !LDRAW_ORG Subpart UPDATE 2018-02
0 !LICENSE Licensed under CC BY 4.0 : see CAreadme.txt

0 BFC CERTIFY CCW

0 !HISTORY 1999-04-16 [sbliss] Moved to s\973s01.dat; removed back area; updated comment code
0 !HISTORY 1999-04-19 [sbliss] Fixed internal surface error
0 !HISTORY 1999-05-17 [PTadmin] Official Update 1999-03
0 !HISTORY 1999-05-24 [PTadmin] Official Update 1999-04
0 !HISTORY 2000-11-05 [cwdee] Removed hard-coded neck mark; now required in main part
0 !HISTORY 2001-10-26 [PTadmin] Official Update 2001-01
0 !HISTORY 2002-02-05 [cwdee] Corrected L3P -check warnings; bow-tie quads mainly
0 !HISTORY 2002-02-18 [PTadmin] Official Update 2002-01
0 !HISTORY 2002-02-19 [sbliss] Made it fully BFC compliant
0 !HISTORY 2002-04-25 [PTadmin] Official Update 2002-02
0 !HISTORY 2007-09-14 [PTadmin] Header formatted for Contributor Agreement
0 !HISTORY 2008-07-01 [PTadmin] Official Update 2008-01
0 !HISTORY 2018-11-15 [Steffen] minor polish
0 !HISTORY 2018-11-17 [Philo] Removed bottom bleeding, useless t-juctions, used more primitives
0 !HISTORY 2018-12-08 [PTadmin] Official Update 2018-02


0 // front:
0 // 4 16 -19 29 -10 19 32 -10 -19 32 -10 19 29 -10
0 // 4 16 19 29 -10 -19 29 -10 -14.345 2 -10 14.345 2 -10
0 // 4 16 -14.345 2 -10 -12 0 -10 12 0 -10 14.345 2 -10
0 // back:
0 // 4 16 19 29 10 -19 32 10 19 32 10 -19 29 10
0 // 4 16 -19 29 10 19 29 10 -14.345 2 10 14.345 2 10
0 // 4 16 -14.345 2 10 12 0 10 -12 0 10 14.345 2 10
0 // neck mark:
0 // 1 16 0 -4 0 4.243 0 -4.243 0 -8 0 -4.243 0 -4.243 1-4cyli.dat

2 24 -19 32 -10 19 32 -10
2 24 19 32 10 -19 32 10
2 24 -16 32 -6 -6.536 32 -6
2 24 6.536 32 -6 16 32 -6
2 24 16 32 6 6.536 32 6
2 24 -6.536 32 6 -16 32 6
2 24 -6.536 32 -6 -6.536 3 -6
2 24 6.536 32 -6 6.536 3 -6
2 24 -6.536 32 6 -6.536 3 6
2 24 6.536 32 6 6.536 3 6
2 24 -12.484 3 -6 -6.536 3 -6
2 24 6.536 3 -6 12.484 3 -6
2 24 12.484 3 6 6.536 3 6
2 24 -6.536 3 6 -12.484 3 6
2 24 -12.484 3 -6 -16 23.37 -6
2 24 -12.484 3 6 -16 23.37 6
2 24 12.484 3 6 16 23.37 6
2 24 12.484 3 -6 16 23.37 -6
2 24 -19 29 -10 -14.345 2 -10
2 24 -19 29 10 -14.345 2 10
2 24 19 29 -10 14.345 2 -10
2 24 19 29 10 14.345 2 10
2 24 -14.345 2 -10 -14 0 -8
2 24 -14.345 2 -10 -12 0 -10
2 24 -14.345 2 10 -14 0 8
2 24 -14.345 2 10 -12 0 10
2 24 14.345 2 -10 14 0 -8
2 24 14.345 2 -10 12 0 -10
2 24 14.345 2 10 14 0 8
2 24 14.345 2 10 12 0 10
2 24 -14 0 -8 -14 0 8
2 24 -14 0 8 -12 0 10
2 24 12 0 10 14 0 8
2 24 14 0 8 14 0 -8
2 24 14 0 -8 12 0 -10
2 24 -12 0 -10 -14 0 -8
4 16 16 32 -6 19 32 -10 -19 32 -10 -16 32 -6
4 16 16 32 6 19 32 10 19 32 -10 16 32 -6
4 16 -16 32 6 -19 32 10 19 32 10 16 32 6
4 16 -16 32 -6 -19 32 -10 -19 32 10 -16 32 6
1 16 -16 27.685 0 0 -1 0 0 0 -4.315 6 0 0 rect.dat
1 16 16 27.685 0 0 1 0 4.315 0 0 0 0 -6 rect.dat
1 16 0 3 0 0 0 -12.484 0 -1 0 -6 0 0 rect2p.dat
1 16 19 30.5 0 0 -1 0 0 0 -1.5 10 0 0 rect.dat
1 16 -19 30.5 0 0 1 0 0 0 -1.5 -10 0 0 rect.dat
4 16 -14 0 8 -14.345 2 10 -14.345 2 -10 -14 0 -8
4 16 14.345 2 -10 14.345 2 10 14 0 8 14 0 -8
4 16 -14 0 -8 -12 0 -10 -12 0 10 -14 0 8
1 16 0 0 0 -12 0 0 0 1 0 0 0 -10 rect2p.dat
4 16 14 0 8 12 0 10 12 0 -10 14 0 -8
3 16 -14 0 -8 -14.345 2 -10 -12 0 -10
3 16 14 0 -8 12 0 -10 14.345 2 -10
3 16 14 0 8 14.345 2 10 12 0 10
3 16 -14 0 8 -12 0 10 -14.345 2 10
1 16 0 0 0 6 0 0 0 1 0 0 0 6 4-4edge.dat
1 16 0 -12 0 6 0 0 0 1 0 0 0 6 4-4edge.dat
1 16 0 0 0 6 0 0 0 -4 0 0 0 6 4-4cyli.dat
1 16 0 -4 0 4.243 0 4.243 0 -8 0 -4.243 0 4.243 3-4cyli.dat
1 16 0 -12 0 6 0 0 0 1 0 0 0 6 4-4disc.dat
0 BFC INVERTNEXT
1 16 13.558 9.221 0 0.85 1.97 0 4.925 -0.34 0 0 0 5 4-4cylo.dat
1 16 13.558 9.221 0 0.85 0 0 4.925 -1 0 0 0 5 4-4ndis.dat
1 16 15.528 8.881 0 0.85 0 0 4.925 1 0 0 0 5 4-4ndis.dat

0 BFC INVERTNEXT
1 16 -13.558 9.221 0 -0.85 -1.97 0 4.925 -0.34 0 0 0 5 4-4cylo.dat
1 16 -13.558 9.221 0 -0.85 0 0 4.925 -1 0 0 0 5 4-4ndis.dat
1 16 -15.528 8.881 0 -0.85 0 0 4.925 1 0 0 0 5 4-4ndis.dat
4 16 -14.345 2 10 -14.678 3.956 5 -14.678 3.956 -5 -14.345 2 -10
4 16 -19 29 -10 -14.345 2 -10 -14.678 3.956 -5 -16.378 13.806 -5
4 16 -19 29 -10 -16.378 13.806 -5 -16.378 13.806 5 -19 29 10
4 16 -19 29 10 -16.378 13.806 5 -14.678 3.956 5 -14.345 2 10
4 16 -12.484 3 -6 -12.708 4.296 -5 -12.708 4.296 5 -12.484 3 6
4 16 -12.484 3 6 -12.708 4.296 5 -14.408 14.146 5 -16 23.37 6
4 16 -16 23.37 -6 -16 23.37 6 -14.408 14.146 5 -14.408 14.146 -5
4 16 -16 23.37 -6 -14.408 14.146 -5 -12.708 4.296 -5 -12.484 3 -6
4 16 14.678 3.956 -5 14.678 3.956 5 14.345 2 10 14.345 2 -10
4 16 14.678 3.956 -5 14.345 2 -10 19 29 -10 16.378 13.806 -5
4 16 16.378 13.806 5 16.378 13.806 -5 19 29 -10 19 29 10
4 16 14.678 3.956 5 16.378 13.806 5 19 29 10 14.345 2 10
4 16 12.708 4.296 5 12.708 4.296 -5 12.484 3 -6 12.484 3 6
4 16 14.408 14.146 5 12.708 4.296 5 12.484 3 6 16 23.37 6
4 16 14.408 14.146 5 16 23.37 6 16 23.37 -6 14.408 14.146 -5
4 16 12.708 4.296 -5 14.408 14.146 -5 16 23.37 -6 12.484 3 -6
1 16 4 3 3.464 2.536 0 0 0 29 0 2.536 0 2.536 tri3a4.dat
1 16 -4 3 3.464 -2.536 0 0 0 29 0 2.536 0 2.536 tri3a4.dat
1 16 4 3 -3.464 2.536 0 0 0 29 0 -2.536 0 -2.536 tri3a4.dat
1 16 -4 3 -3.464 -2.536 0 0 0 29 0 -2.536 0 -2.536 tri3a4.dat
4 16 -6.536 32 -6 -16 32 -6 -12.484 3 -6 -6.536 3 -6
3 16 -16 23.37 -6 -12.484 3 -6 -16 32 -6
4 16 12.484 3 -6 16 32 -6 6.536 32 -6 6.536 3 -6
3 16 12.484 3 -6 16 23.37 -6 16 32 -6
1 16 0 17.5 -6 -4 0 0 0 0 -14.5 0 -1 0 rect.dat
4 16 -12.484 3 6 -16 32 6 -6.536 32 6 -6.536 3 6
3 16 -12.484 3 6 -16 23.37 6 -16 32 6
4 16 6.536 32 6 16 32 6 12.484 3 6 6.536 3 6
3 16 16 23.37 6 12.484 3 6 16 32 6
1 16 0 17.5 6 0 0 4 14.5 0 0 0 1 0 rect.dat
0 FILE p/rect.dat
0 Rectangle
0 Name: rect.dat
0 Author: James Jessiman
0 !LDRAW_ORG Primitive UPDATE 2010-01
0 !LICENSE Licensed under CC BY 4.0 : see CAreadme.txt

0 BFC CERTIFY CCW

0 !HISTORY 2002-04-05 [hafhead] Added BFC statement
0 !HISTORY 2002-04-25 [PTadmin] Official Update 2002-02
0 !HISTORY 2007-06-24 [PTadmin] Header formatted for Contributor Agreement
0 !HISTORY 2008-07-01 [PTadmin] Official Update 2008-01
0 !HISTORY 2010-01-17 [mikeheide] changed winding to CCW
0 !HISTORY 2010-04-05 [PTadmin] Official Update 2010-01


2 24 1 0 1 -1 0 1
2 24 -1 0 1 -1 0 -1
2 24 -1 0 -1 1 0 -1
2 24 1 0 -1 1 0 1
4 16 -1 0 1 -1 0 -1 1 0 -1 1 0 1
0
0 FILE p/tri3a4.dat
0 Triangular Prism with 3 Adjacent Faces without 4 Edges
0 Name: tri3a4.dat
0 Author: Magnus Forsberg [MagFors]
0 !LDRAW_ORG Primitive UPDATE 2017-01
0 !LICENSE Licensed under CC BY 4.0 : see CAreadme.txt

0 BFC CERTIFY CCW

0 !HISTORY 2017-12-30 [PTadmin] Official Update 2017-01


2 24 0 1 1 0 1 0
2 24 0 1 0 1 1 0
2 24 0 0 1 0 0 0
2 24 0 0 0 1 0 0
2 24 0 0 0 0 1 0
4 16 0 1 1 0 1 0 0 0 0 0 0 1
4 16 0 1 0 1 1 0 1 0 0 0 0 0
3 16 0 1 0 0 1 1 1 1 0
0 FILE p/rect2p.dat
0 Rectangle with 2 Parallel Edges
0 Name: rect2p.dat
0 Author: Donald Sutter [technog]
0 !LDRAW_ORG Primitive UPDATE 2010-01
0 !LICENSE Licensed under CC BY 4.0 : see CAreadme.txt

0 BFC CERTIFY CCW

0 !HISTORY 2003-08-01 [PTadmin] Official Update 2003-02
0 !HISTORY 2007-06-24 [PTadmin] Header formatted for Contributor Agreement
0 !HISTORY 2008-07-01 [PTadmin] Official Update 2008-01
0 !HISTORY 2010-01-17 [mikeheide] changed winding to CCW
0 !HISTORY 2010-04-05 [PTadmin] Official Update 2010-01


2 24 1 0 1 -1 0 1
2 24 -1 0 -1 1 0 -1
4 16 -1 0 1 -1 0 -1 1 0 -1 1 0 1
0
0 FILE parts/3815.dat
0 ~Minifig Hips (Obsolete)
0 Name: 3815.dat
0 Author: Steve Bliss [sbliss]
0 !LDRAW_ORG Part UPDATE 2025-09
0 !LICENSE Licensed under CC BY 4.0 : see CAreadme.txt

0 BFC CERTIFY CCW

0 !CATEGORY Obsolete

0 !HISTORY 1997-10-29 [PTadmin] Official Update 1997-16
0 !HISTORY 1999-01-01 [cwdee] Modifications
0 !HISTORY 1999-02-01 [PTadmin] Official Update 1999-01
0 !HISTORY 2004-06-15 [nielsk] BFC'd
0 !HISTORY 2004-11-06 [PTadmin] Official Update 2004-04
0 !HISTORY 2007-07-27 [PTadmin] Header formatted for Contributor Agreement
0 !HISTORY 2008-07-01 [PTadmin] Official Update 2008-01
0 !HISTORY 2009-01-28 [Philo] Moved crotch to main part
0 !HISTORY 2009-08-24 [PTadmin] Renamed from 970
0 !HISTORY 2010-07-05 [PTadmin] Official Update 2010-02
0 !HISTORY 2020-05-30 [cwdee] Obsoleted due to bad leg geometry
0 !HISTORY 2022-01-14 [PTadmin] Official Update 2022-01
0 !HISTORY 2025-09-27 [OrionP] Changed winding to CCW
0 !HISTORY 2025-09-29 [OrionP] Official Update 2025-09

4 16 -18 0 -10 -18 6 -10 18 6 -10 18 0 -10
1 16 -2 12 0 0 4 0 -6.364 0 6.364 -6.364 0 -6.364 5-16cyli.dat
1 16 0 0 0 1 0 0 0 1 0 0 0 1 s\3815s01.dat
0 //
0 FILE parts/s/3815s01.dat
0 ~Minifig Hips without Decorated Surface (Obsolete)
0 Name: s\3815s01.dat
0 Author: Steve Bliss [sbliss]
0 !LDRAW_ORG Subpart UPDATE 2022-01
0 !LICENSE Licensed under CC BY 4.0 : see CAreadme.txt

0 BFC CERTIFY CCW

0 !HISTORY 1998-12-11 [cwdee] created subpart
0 !HISTORY 1999-02-01 [PTadmin] Official Update 1999-01
0 !HISTORY 2002-06-10 [cwdee] updated studs with those developed by Mark Kennedy
0 !HISTORY 2002-08-18 [PTadmin] Official Update 2002-04
0 !HISTORY 2004-06-15 [nielsk] BFC'd
0 !HISTORY 2004-11-06 [PTadmin] Official Update 2004-04
0 !HISTORY 2007-09-13 [PTadmin] Header formatted for Contributor Agreement
0 !HISTORY 2008-07-01 [PTadmin] Official Update 2008-01
0 !HISTORY 2009-01-28 [Philo] Moved crotch to main for patterned parts
0 !HISTORY 2009-01-28 [Philo] Various shape improvements
0 !HISTORY 2009-08-24 [PTadmin] Renamed from s\970s01
0 !HISTORY 2010-07-05 [PTadmin] Official Update 2010-02
0 !HISTORY 2018-08-03 [MagFors] created stud primitive
0 !HISTORY 2019-09-08 [MagFors] Obsoleted due to bad leg geometry
0 !HISTORY 2022-01-14 [PTadmin] Official Update 2022-01


1 16 0 3 0 18 0 0 0 -3 0 0 0 10 box2-5.dat
2 24 18 0 -10 18 6 -10
2 24 -18 0 -10 -18 6 -10
1 16 10 0 0 1 0 0 0 1 0 0 0 1 hipstud.dat
1 16 -10 0 0 -1 0 0 0 1 0 0 0 -1 hipstud.dat
1 16 -2 12 0 0 4 0 8.3149 0 3.4441 -3.4441 0 8.3149 7-16cyli.dat
0 BFC INVERTNEXT
1 16 -18 12 0 0 36 0 -6.364 0 -6.364 6.364 0 -6.364 1-4cylo.dat
1 16 -18 12 0 0 1 0 -9 0 0 0 0 -9 1-8ndis.dat
1 16 -18 12 0 0 1 0 -9 0 0 0 0 9 1-8ndis.dat
1 16 18 12 0 0 -1 0 -9 0 0 0 0 -9 1-8ndis.dat
1 16 18 12 0 0 -1 0 -9 0 0 0 0 9 1-8ndis.dat

1 16 -2 12 0 0 1 0 9 0 0 0 0 9 4-4edge.dat
1 16 2 12 0 0 1 0 9 0 0 0 0 9 4-4edge.dat
1 16 -2 12 0 0 1 0 9 0 0 0 0 -9 4-4disc.dat
1 16 2 12 0 0 -1 0 9 0 0 0 0 9 4-4disc.dat
1 16 -9.92 12 0 0 19.84 0 3 0 0 0 0 3 4-4cylc.dat
1 16 9.92 12 0 0 -1 0 3 0 0 0 0 3 4-4disc.dat
1 16 -2 12 0 0 1 0 3 0 0 0 0 3 4-4edge.dat
1 16 2 12 0 0 1 0 3 0 0 0 0 3 4-4edge.dat
1 16 0 6 -8.3035 0 0 18 0 -1 0 1.6965 0 0 rect.dat
1 16 0 5.818 -6.4855 0 0 18 -.182 -1 0 .1215 0 0 rect2p.dat
1 16 0 6 8.3035 18 0 0 0 -1 0 0 0 -1.6965 rect3.dat
1 16 0 5.818 6.4855 0 0 -18 -.182 -1 0 -.1215 0 0 rect2p.dat

4 16 18 3 -9 18 6 -10 18 6 -6.607 18 5.636 -6.364
3 16 18 0 -10 18 6 -10 18 3 -9
3 16 18 0 -10 18 3 -9 18 3 0
4 16 18 0 -10 18 3 0 18 3 9 18 0 10
3 16 18 0 10 18 3 9 18 6 10
4 16 18 3 9 18 5.636 6.364 18 6 6.607 18 6 10
4 16 -18 3 9 -18 6 10 -18 6 6.607 -18 5.636 6.364
3 16 -18 0 10 -18 6 10 -18 3 9
3 16 -18 0 10 -18 3 9 -18 3 0
4 16 -18 0 10 -18 3 0 -18 3 -9 -18 0 -10
3 16 -18 0 -10 -18 3 -9 -18 6 -10
4 16 -18 6 -6.607 -18 6 -10 -18 3 -9 -18 5.636 -6.364
0 FILE p/rect3.dat
0 Rectangle with 3 Edges
0 Name: rect3.dat
0 Author: Mark Kennedy [mkennedy]
0 !LDRAW_ORG Primitive UPDATE 2010-01
0 !LICENSE Licensed under CC BY 4.0 : see CAreadme.txt

0 BFC CERTIFY CCW

0 !HISTORY 2003-08-01 [PTadmin] Official Update 2003-02
0 !HISTORY 2007-06-24 [PTadmin] Header formatted for Contributor Agreement
0 !HISTORY 2008-07-01 [PTadmin] Official Update 2008-01
0 !HISTORY 2010-01-17 [mikeheide] Change winding to CCW
0 !HISTORY 2010-04-05 [PTadmin] Official Update 2010-01


2 24 1 0 1 -1 0 1
2 24 1 0 1 1 0 -1
2 24 -1 0 1 -1 0 -1
4 16 -1 0 1 -1 0 -1 1 0 -1 1 0 1
0 //
0 FILE p/1-8ndis.dat
0 Disc Negative 0.125
0 Name: 1-8ndis.dat
0 Author: James Jessiman
0 !LDRAW_ORG Primitive UPDATE 2012-01
0 !LICENSE Licensed under CC BY 4.0 : see CAreadme.txt

0 BFC CERTIFY CCW

0 !HISTORY 2002-03-23 [sbliss] Added BFC statement
0 !HISTORY 2002-04-25 [PTadmin] Official Update 2002-02
0 !HISTORY 2007-06-22 [PTadmin] Header formatted for Contributor Agreement
0 !HISTORY 2008-07-01 [PTadmin] Official Update 2008-01
0 !HISTORY 2012-02-16 [Philo] Changed to CCW
0 !HISTORY 2012-03-30 [PTadmin] Official Update 2012-01


3 16 0.9239 0 0.3827 1 0 0 1 0 1
3 16 0.7071 0 0.7071 0.9239 0 0.3827 1 0 1
0 FILE p/1-4cylo.dat
0 Cylinder Open 0.25
0 Name: 1-4cylo.dat
0 Author: Max Martin Richter [MMR1988]
0 !LDRAW_ORG Primitive UPDATE 2010-03
0 !LICENSE Licensed under CC BY 4.0 : see CAreadme.txt

0 BFC CERTIFY CCW

0 !HISTORY 2010-12-31 [PTadmin] Official Update 2010-03


1 16 0 0 0 1 0 0 0 1 0 0 0 1 1-4edge.dat
1 16 0 1 0 1 0 0 0 1 0 0 0 1 1-4edge.dat
1 16 0 0 0 1 0 0 0 1 0 0 0 1 1-4cyli.dat
0 FILE p/7-16cyli.dat
0 Cylinder 0.4375
0 Name: 7-16cyli.dat
0 Author: Magnus Forsberg [MagFors]
0 !LDRAW_ORG Primitive UPDATE 2024-01
0 !LICENSE Licensed under CC BY 4.0 : see CAreadme.txt

0 BFC CERTIFY CCW

0 !HISTORY 2009-05-02 [PTadmin] Official Update 2009-01
0 !HISTORY 2024-01-03 [MagFors] Complete regeneration, original by guyvivan
0 !HISTORY 2024-01-29 [OrionP] Official Update 2024-01

4 16 0.9239 0 0.3827 1 0 0 1 1 0 0.9239 1 0.3827
4 16 0.7071 0 0.7071 0.9239 0 0.3827 0.9239 1 0.3827 0.7071 1 0.7071
4 16 0.3827 0 0.9239 0.7071 0 0.7071 0.7071 1 0.7071 0.3827 1 0.9239
4 16 0 0 1 0.3827 0 0.9239 0.3827 1 0.9239 0 1 1
4 16 -0.3827 0 0.9239 0 0 1 0 1 1 -0.3827 1 0.9239
4 16 -0.7071 0 0.7071 -0.3827 0 0.9239 -0.3827 1 0.9239 -0.7071 1 0.7071
4 16 -0.9239 0 0.3827 -0.7071 0 0.7071 -0.7071 1 0.7071 -0.9239 1 0.3827
0 // conditional lines
5 24 1 1 0 1 0 0 1 1 -0.4142 0.9239 1 0.3827
5 24 0.9239 1 0.3827 0.9239 0 0.3827 1 1 0 0.7071 1 0.7071
5 24 0.7071 1 0.7071 0.7071 0 0.7071 0.9239 1 0.3827 0.3827 1 0.9239
5 24 0.3827 1 0.9239 0.3827 0 0.9239 0.7071 1 0.7071 0 1 1
5 24 0 1 1 0 0 1 0.3827 1 0.9239 -0.3827 1 0.9239
5 24 -0.3827 1 0.9239 -0.3827 0 0.9239 0 1 1 -0.7071 1 0.7071
5 24 -0.7071 1 0.7071 -0.7071 0 0.7071 -0.3827 1 0.9239 -0.9239 1 0.3827
5 24 -0.9239 1 0.3827 -0.9239 0 0.3827 -0.7071 1 0.7071 -1.0824 1 0
0 // Build by LDPartEditor (PrimGen 2.X)
0 FILE p/hipstud.dat
0 Stud for Minifig Hips
0 Name: hipstud.dat
0 Author: Magnus Forsberg [MagFors]
0 !LDRAW_ORG Primitive UPDATE 2018-02
0 !LICENSE Licensed under CC BY 4.0 : see CAreadme.txt

0 BFC CERTIFY CCW

0 !HISTORY 2018-12-08 [PTadmin] Official Update 2018-02


2 24 4.48 0 4.48 6 0 3.46
2 24 6 0 -3.46 4.48 0 -4.48
2 24 6 -4 3.46 4.48 -11 4.48
2 24 6 -4 -3.46 4.48 -11 -4.48
2 24 4.48 -11 4.48 4.48 -11 -4.48

1 16 0 -5.5 6 3.46 0 0 0 0 5.5 0 -1 0 rect.dat
1 16 -6 -5.5 0 0 1 0 0 0 5.5 3.46 0 0 rect.dat
1 16 0 -5.5 -6 3.46 0 0 0 0 -5.5 0 1 0 rect.dat
1 16 6 -2 0 0 -1 0 0 0 2 -3.46 0 0 rect.dat
1 16 2.8 -5.5 0 0 1 0 0 0 5.5 2.8 0 0 rect.dat

1 16 3.97 -5.5 -5.24 .51 -1 0 0 0 -5.5 .76 0 0 rect2p.dat
1 16 -3.97 -5.5 -5.24 .51 1 0 0 0 -5.5 -.76 0 0 rect2p.dat
1 16 -5.24 -5.5 -3.97 .76 1 0 0 0 -5.5 -.51 0 0 rect2p.dat
1 16 -5.24 -5.5 3.97 -.76 1 0 0 0 -5.5 -.51 0 0 rect2p.dat
1 16 -3.97 -5.5 5.24 -.51 1 0 0 0 -5.5 -.76 0 0 rect2p.dat
1 16 3.97 -5.5 5.24 -.51 -1 0 0 0 -5.5 .76 0 0 rect2p.dat
4 16 6 -4 3.46 6 0 3.46 4.48 0 4.48 4.48 -11 4.48
4 16 6 -4 -3.46 6 -4 3.46 4.48 -11 4.48 4.48 -11 -4.48
4 16 4.48 -11 -4.48 4.48 0 -4.48 6 0 -3.46 6 -4 -3.46

4 16 2.8 -11 2.8 2.8 -11 -2.8 4.48 -11 -4.48 4.48 -11 4.48
4 16 3.46 -11 6 0 -11 5.6 2.8 -11 2.8 4.48 -11 4.48
3 16 -3.46 -11 6 0 -11 5.6 3.46 -11 6
4 16 -4.48 -11 4.48 -2.8 -11 2.8 0 -11 5.6 -3.46 -11 6
4 16 -6 -11 3.46 -5.6 -11 0 -2.8 -11 2.8 -4.48 -11 4.48
3 16 -6 -11 -3.46 -5.6 -11 0 -6 -11 3.46
4 16 -4.48 -11 -4.48 -2.8 -11 -2.8 -5.6 -11 0 -6 -11 -3.46
4 16 -3.46 -11 -6 0 -11 -5.6 -2.8 -11 -2.8 -4.48 -11 -4.48
3 16 3.46 -11 -6 0 -11 -5.6 -3.46 -11 -6
4 16 4.48 -11 -4.48 2.8 -11 -2.8 0 -11 -5.6 3.46 -11 -6
0 BFC INVERTNEXT
1 16 0 -11 0 2.8 0 -2.8 0 11 0 -2.8 0 -2.8 3-4cylo.dat
1 16 0 -11 0 2.8 0 -2.8 0 1 0 -2.8 0 -2.8 3-4ndis.dat
5 24 -4.48 -11 -4.48 -4.48 0 -4.48 -3.46 -11 -6 -6 -11 -3.46
5 24 4.48 -11 -4.48 4.48 0 -4.48 3.46 -11 -6 6 -4 -3.46
5 24 -4.48 -11 4.48 -4.48 0 4.48 -3.46 -11 6 -6 -11 3.46
5 24 4.48 -11 4.48 4.48 0 4.48 3.46 -11 6 6 -4 3.46
0 FILE p/3-4ndis.dat
0 Disc Negative 0.75
0 Name: 3-4ndis.dat
0 Author: James Jessiman
0 !LDRAW_ORG Primitive UPDATE 2012-01
0 !LICENSE Licensed under CC BY 4.0 : see CAreadme.txt

0 BFC CERTIFY CCW

0 !HISTORY 2002-03-23 [sbliss] Added BFC statement; compacted code
0 !HISTORY 2002-04-25 [PTadmin] Official Update 2002-02
0 !HISTORY 2007-06-24 [PTadmin] Header formatted for Contributor Agreement
0 !HISTORY 2008-07-01 [PTadmin] Official Update 2008-01
0 !HISTORY 2012-02-16 [Philo] Changed to CCW
0 !HISTORY 2012-03-30 [PTadmin] Official Update 2012-01


3 16 0.9239 0 0.3827 1 0 0 1 0 1
3 16 0.7071 0 0.7071 0.9239 0 0.3827 1 0 1
3 16 0.3827 0 0.9239 0.7071 0 0.7071 1 0 1
3 16 0 0 1 0.3827 0 0.9239 1 0 1
3 16 -0.3827 0 0.9239 0 0 1 -1 0 1
3 16 -0.7071 0 0.7071 -0.3827 0 0.9239 -1 0 1
3 16 -0.9239 0 0.3827 -0.7071 0 0.7071 -1 0 1
3 16 -1 0 0 -0.9239 0 0.3827 -1 0 1
3 16 -0.9239 0 -0.3827 -1 0 0 -1 0 -1
3 16 -0.7071 0 -0.7071 -0.9239 0 -0.3827 -1 0 -1
3 16 -0.3827 0 -0.9239 -0.7071 0 -0.7071 -1 0 -1
3 16 0 0 -1 -0.3827 0 -0.9239 -1 0 -1
0 FILE p/3-4cylo.dat
0 Cylinder Open 0.75
0 Name: 3-4cylo.dat
0 Author: Philippe Hurbain [Philo]
0 !LDRAW_ORG Primitive UPDATE 2011-02
0 !LICENSE Licensed under CC BY 4.0 : see CAreadme.txt

0 BFC CERTIFY CCW

0 !HISTORY 2011-12-29 [PTadmin] Official Update 2011-02


1 16 0 0 0 1 0 0 0 1 0 0 0 1 3-4edge.dat
1 16 0 1 0 1 0 0 0 1 0 0 0 1 3-4edge.dat
1 16 0 0 0 1 0 0 0 1 0 0 0 1 3-4cyli.dat
0 FILE p/5-16cyli.dat
0 Cylinder 0.3125
0 Name: 5-16cyli.dat
0 Author: Philippe Hurbain [Philo]
0 !LDRAW_ORG Primitive UPDATE 2009-03
0 !LICENSE Licensed under CC BY 4.0 : see CAreadme.txt

0 BFC CERTIFY CCW

0 !HISTORY 2009-12-29 [PTadmin] Official Update 2009-03


4 16 0.9239 0 0.3827 1 0 0 1 1 0 0.9239 1 0.3827
4 16 0.7071 0 0.7071 0.9239 0 0.3827 0.9239 1 0.3827 0.7071 1 0.7071
4 16 0.3827 0 0.9239 0.7071 0 0.7071 0.7071 1 0.7071 0.3827 1 0.9239
4 16 0 0 1 0.3827 0 0.9239 0.3827 1 0.9239 0 1 1
4 16 -0.3827 0 0.9239 0 0 1 0 1 1 -0.3827 1 0.9239

0 // conditional lines
5 24 1 1 0 1 0 0 1 1 -0.4142 0.9239 1 0.3827
5 24 0.9239 1 0.3827 0.9239 0 0.3827 1 1 0 0.7071 1 0.7071
5 24 0.7071 1 0.7071 0.7071 0 0.7071 0.9239 1 0.3827 0.3827 1 0.9239
5 24 0.3827 1 0.9239 0.3827 0 0.9239 0.7071 1 0.7071 0 1 1
5 24 0 1 1 0 0 1 0.3827 1 0.9239 -0.3827 1 0.9239
5 24 -0.3827 1 0.9239 -0.3827 0 0.9239 0 1 1 -0.7654 1 0.7654

0 // end of file
0 FILE parts/3817.dat
0 ~Minifig Leg Left (Obsolete)
0 Name: 3817.dat
0 Author: Steve Bliss [sbliss]
0 !LDRAW_ORG Part UPDATE 2022-01
0 !LICENSE Licensed under CC BY 4.0 : see CAreadme.txt

0 !HELP Move down 12 units to align with hips

0 BFC CERTIFY CCW

0 !CATEGORY Obsolete

0 !HISTORY 1997-10-29 [PTadmin] Official Update 1997-16
0 !HISTORY 1999-02-01 [PTadmin] Official Update 1999-01
0 !HISTORY 2002-04-10 [fwcain] Fixed overlapping quad...
0 !HISTORY 2002-04-25 [PTadmin] Official Update 2002-02
0 !HISTORY 2002-05-29 [fwcain] Moved all front surfaces to "main" file (from subfile)...
0 !HISTORY 2002-08-18 [PTadmin] Official Update 2002-04
0 !HISTORY 2007-07-27 [PTadmin] Header formatted for Contributor Agreement
0 !HISTORY 2008-07-01 [PTadmin] Official Update 2008-01
0 !HISTORY 2008-12-31 [tchang] Add BFC
0 !HISTORY 2009-08-24 [PTadmin] Moved from 972
0 !HISTORY 2009-12-29 [PTadmin] Official Update 2009-03
0 !HISTORY 2020-05-30 [cwdee] Obsoleted due to bad leg geometry
0 !HISTORY 2022-01-14 [PTadmin] Official Update 2022-01


1 16 0 0 0 1 0 0 0 1 0 0 0 1 s\3817s01.dat
0
4 16 1.5 20 -6 1.5 20 -11 19.18 20 -11 19.18 20 -6
4 16 1.5 20 -11 1.5 28 -11 19.5 28 -11 19.18 20 -11
4 16 18.68 7.7 -6 1.5 7.7 -6 1.5 20 -6 19.18 20 -6
4 16 18.64 6.74 -6 2 6.74 -6 2 7.7 -6 18.68 7.7 -6
4 16 2 3.42 -8.28 2 6.74 -6 18.64 6.74 -6 18.5 3.42 -8.28
4 16 2 0 -9 2 3.42 -8.28 18.5 3.42 -8.28 18.36 0 -9
4 16 18.23 -3.42 -8.28 2 -3.42 -8.28 2 0 -9 18.36 0 -9
4 16 2 -6.3 -6.3 2 -3.42 -8.28 18.23 -3.42 -8.28 18.11 -6.3 -6.3
0
0 FILE parts/s/3817s01.dat
0 ~Minifig Leg Left without Front Surfaces (Obsolete)
0 Name: s\3817s01.dat
0 Author: Steve Bliss [sbliss]
0 !LDRAW_ORG Subpart UPDATE 2025-09
0 !LICENSE Licensed under CC BY 4.0 : see CAreadme.txt

0 BFC CERTIFY CCW

0 !HISTORY 1999-02-01 [PTadmin] Official Update 1999-01
0 !HISTORY 2002-05-29 [fwcain] removed all front surfaces (put into "main" file[s])
0 !HISTORY 2002-08-18 [PTadmin] Official Update 2002-04
0 !HISTORY 2003-07-01 [sbliss] Changed to be a mirror reference to 971s01
0 !HISTORY 2003-12-19 [PTadmin] Official Update 2003-03
0 !HISTORY 2007-09-13 [PTadmin] Header formatted for Contributor Agreement
0 !HISTORY 2008-07-01 [PTadmin] Official Update 2008-01
0 !HISTORY 2009-05-20 [Steffen] BFCed
0 !HISTORY 2009-08-24 [PTadmin] Renamed from s/972s01
0 !HISTORY 2009-12-29 [PTadmin] Official Update 2009-03
0 !HISTORY 2020-05-30 [cwdee] Obsoleted due to bad leg geometry
0 !HISTORY 2022-01-14 [PTadmin] Official Update 2022-01
0 !HISTORY 2025-09-27 [OrionP] Changed winding to CCW
0 !HISTORY 2025-09-29 [OrionP] Official Update 2025-09

0 // Un-Comment these lines for front surfaces:
0 // 4 16 2 -6.30 -6.30 2 -3.42 -8.28 18.23 -3.42 -8.28 18.11 -6.30 -6.30
0 // 4 16 2 -3.42 -8.28 2 0 -9 18.36 0 -9 18.23 -3.42 -8.28
0 // 4 16 2 0 -9 2 3.42 -8.28 18.50 3.42 -8.28 18.36 0 -9
0 // 4 16 2 3.42 -8.28 2 6.74 -6 18.64 6.74 -6 18.50 3.42 -8.28
0 // 4 16 2 6.74 -6 2 7.70 -6 18.68 7.70 -6 18.64 6.74 -6
0 // 4 16 1.50 7.70 -6 1.50 20 -6 19.18 20 -6 18.68 7.70 -6
0 // 4 16 1.50 20 -6 1.50 20 -11 19.18 20 -11 19.18 20 -6
0 // 4 16 1.50 20 -11 1.50 28 -11 19.50 28 -11 19.18 20 -11

1 16 0 0 0 -1 0 0 0 1 0 0 0 1 s\3816s01.dat
0
0 FILE parts/s/3816s01.dat
0 ~Minifig Leg Right without Front Surfaces (Obsolete)
0 Name: s\3816s01.dat
0 Author: Steve Bliss [sbliss]
0 !LDRAW_ORG Subpart UPDATE 2025-09
0 !LICENSE Licensed under CC BY 4.0 : see CAreadme.txt

0 BFC CERTIFY CCW

0 !HISTORY 1999-02-01 [PTadmin] Official Update 1999-01
0 !HISTORY 2002-05-29 [fwcain] removed all front surfaces (put into "main" file[s])...
0 !HISTORY 2002-08-18 [PTadmin] Official Update 2002-04
0 !HISTORY 2007-09-13 [PTadmin] Header formatted for Contributor Agreement
0 !HISTORY 2008-07-01 [PTadmin] Official Update 2008-01
0 !HISTORY 2008-07-07 [tchang] Add BFC, partially rebuild
0 !HISTORY 2008-12-31 [tchang] Corrected some conditional lines
0 !HISTORY 2009-08-24 [PTadmin] Renamed from s/971s01
0 !HISTORY 2009-12-29 [PTadmin] Official Update 2009-03
0 !HISTORY 2013-04-01 [tchang] Suppress overlap faces
0 !HISTORY 2013-04-03 [MagFors] Used new file s\3816s02.dat
0 !HISTORY 2013-12-23 [PTadmin] Official Update 2013-02
0 !HISTORY 2020-05-30 [cwdee] Obsoleted due to bad leg geometry
0 !HISTORY 2022-01-14 [PTadmin] Official Update 2022-01
0 !HISTORY 2025-09-27 [OrionP] Changed winding to CCW
0 !HISTORY 2025-09-29 [OrionP] Official Update 2025-09

1 16 0 0 0 1 0 0 0 1 0 0 0 1 s\3816s02.dat
0 // outer side surface
4 16 -19.18 20 -11 -19.18 20 -6 -19.5 28 9 -19.5 28 -11
4 16 -18.64 6.74 -6 -18.36 0 9 -19.5 28 9 -19.18 20 -6
3 16 -18.64 6.74 -6 -18.36 0 0 -18.36 0 9
4 16 -18.11 -6.3 6.3 -18.23 -3.42 8.28 -18.36 0 9 -18.36 0 0
4 16 -18 -9 0 -18.03 -8.28 3.42 -18.11 -6.3 6.3 -18.36 0 0
4 16 -18.11 -6.3 -6.3 -18.03 -8.28 -3.42 -18 -9 0 -18.36 0 0
4 16 -18.36 0 -9 -18.23 -3.42 -8.28 -18.11 -6.3 -6.3 -18.36 0 0
4 16 -18.64 6.74 -6 -18.5 3.42 -8.28 -18.36 0 -9 -18.36 0 0
0 FILE parts/s/3816s02.dat
0 ~Minifig Leg Right without Front and Side Surfaces (Obsolete)
0 Name: s\3816s02.dat
0 Author: Magnus Forsberg [MagFors]
0 !LDRAW_ORG Subpart UPDATE 2025-09
0 !LICENSE Licensed under CC BY 4.0 : see CAreadme.txt

0 BFC CERTIFY CCW

0 !HISTORY 2013-12-23 [PTadmin] Official Update 2013-02
0 !HISTORY 2020-05-30 [cwdee] Obsoleted due to bad leg geometry
0 !HISTORY 2022-01-14 [PTadmin] Official Update 2022-01
0 !HISTORY 2025-09-27 [OrionP] Changed winding to CCW
0 !HISTORY 2025-09-29 [OrionP] Official Update 2025-09

0 // Interior

2 24 -4 28 -7 -4 28 5
2 24 -4 28 5 -16 28 5
2 24 -16 28 5 -16 28 -7
2 24 -16 28 5 -16 24 5
2 24 -4 28 5 -4 24 5
0 BFC INVERTNEXT
1 16 -10 18 5 6 0 0 0 0 6 0 4 0 4-4cylo.dat
1 16 -10 18 5 6 0 0 0 0 6 0 1 0 4-4ndis.dat
4 16 -10 24 5 -16 24 5 -16 28 5 -4 28 5
3 16 -4 24 5 -10 24 5 -4 28 5
4 16 -4 8 5 -16 8 5 -16 12 5 -10 12 5
3 16 -4 8 5 -10 12 5 -4 12 5
0 BFC INVERTNEXT
1 16 -10 16 5 -6 0 0 0 0 -8 0 -8 0 box4-4a.dat
4 16 -16 28 -7 -16 28 5 -16 24 5 -16 24 -3
3 16 -16 24 -3 -16 24 -7 -16 28 -7
4 16 -4 24 -3 -4 24 5 -4 28 5 -4 28 -7
3 16 -4 28 -7 -4 24 -7 -4 24 -3
0 BFC INVERTNEXT
1 16 -10 26 -5 -6 0 0 0 0 -2 0 -2 0 box2-5.dat
0 // Bottom
2 24 -19.5 28 -11 -1.5 28 -11
2 24 -1.5 28 -11 -1.5 28 9
2 24 -1.5 28 9 -19.5 28 9
2 24 -19.5 28 9 -19.5 28 -11
4 16 -19.5 28 -11 -19.5 28 9 -16 28 5 -16 28 -7
4 16 -19.5 28 9 -1.5 28 9 -4 28 5 -16 28 5
4 16 -1.5 28 9 -1.5 28 -11 -4 28 -7 -4 28 5
4 16 -1.5 28 -11 -19.5 28 -11 -16 28 -7 -4 28 -7
0 // Front
2 24 -19.5 28 -11 -19.18 20 -11
2 24 -1.5 28 -11 -1.5 20 -11
2 24 -19.18 20 -11 -19.18 20 -6
2 24 -19.18 20 -6 -1.5 20 -6
2 24 -1.5 20 -6 -1.5 20 -11
2 24 -1.5 20 -11 -19.18 20 -11
2 24 -2 6.74 -6 -2 7.69 -6
2 24 -19.18 20 -6 -18.64 6.74 -6
2 24 -1.5 20 -6 -1.5 7.69 -6
2 24 -18.64 6.74 -6 -2 6.74 -6
0 // Side out
2 24 -19.5 28 9 -18.36 0 9
2 24 -18.36 0 9 -18.23 -3.42 8.28
2 24 -18.23 -3.42 8.28 -18.11 -6.3 6.3
2 24 -18.11 -6.3 6.3 -18.03 -8.28 3.42
2 24 -18.03 -8.28 3.42 -18 -9 0
2 24 -18 -9 0 -18.03 -8.28 -3.42
2 24 -18.03 -8.28 -3.42 -18.11 -6.3 -6.3
2 24 -18.11 -6.3 -6.3 -18.23 -3.42 -8.28
2 24 -18.23 -3.42 -8.28 -18.36 0 -9
2 24 -18.36 0 -9 -18.5 3.42 -8.28
2 24 -18.5 3.42 -8.28 -18.64 6.74 -6

0 // Side in
2 24 -1.5 28 9 -1.5 4.1 9
4 16 -1.5 28 -11 -1.5 28 9 -1.5 20 -6 -1.5 20 -11
3 16 -1.5 20 -6 -1.5 9.2 -3.8 -1.5 7.7 -6
4 16 -1.5 20 -6 -1.5 28 9 -1.5 10 0 -1.5 9.2 -3.8
3 16 -1.5 28 9 -1.5 9.2 3.8 -1.5 10 0
3 16 -1.5 28 9 -1.5 7 7 -1.5 9.2 3.8
3 16 -1.5 28 9 -1.5 4.1 9 -1.5 7 7

0 // Side out
2 24 -2 7.7 -6 -2 9.2 -3.8
2 24 -2 9.2 -3.8 -2 10 0
2 24 -2 10 0 -2 9.2 3.8
2 24 -2 9.2 3.8 -2 7 7
2 24 -2 7 7 -2 4.1 9
2 24 -1.5 7.7 -6 -1.5 9.2 -3.8
2 24 -1.5 9.2 -3.8 -1.5 10 0
2 24 -1.5 10 0 -1.5 9.2 3.8
2 24 -1.5 9.2 3.8 -1.5 7 7
2 24 -1.5 7 7 -1.5 4.1 9
2 24 -1.5 7.7 -6 -2 7.7 -6
2 24 -1.5 4.1 9 -2 4.1 9
4 16 -1.5 7.7 -6 -1.5 9.2 -3.8 -2 9.2 -3.8 -2 7.7 -6
4 16 -1.5 9.2 -3.8 -1.5 10 0 -2 10 0 -2 9.2 -3.8
4 16 -1.5 10 0 -1.5 9.2 3.8 -2 9.2 3.8 -2 10 0
4 16 -1.5 9.2 3.8 -1.5 7 7 -2 7 7 -2 9.2 3.8
4 16 -1.5 7 7 -1.5 4.1 9 -2 4.1 9 -2 7 7
5 24 -2 9.2 -3.8 -1.5 9.2 -3.8 -2 7.7 -6 -2 10 0
5 24 -2 10 0 -1.5 10 0 -2 9.2 -3.8 -2 9.2 3.8
5 24 -2 9.2 3.8 -1.5 9.2 3.8 -2 10 0 -2 7 7
5 24 -2 7 7 -1.5 7 7 -2 9.2 3.8 -2 4.1 9

2 24 -2 4.1 9 -2 0 9
2 24 -2 0 9 -2 -3.42 8.28
2 24 -2 -3.42 8.28 -2 -6.3 6.3
2 24 -2 -6.3 6.3 -2 -8.28 3.42
2 24 -2 -8.28 3.42 -2 -9 0
2 24 -2 -9 0 -2 -8.28 -3.42
2 24 -2 -8.28 -3.42 -2 -6.3 -6.3
2 24 -2 -6.3 -6.3 -2 -3.42 -8.28
2 24 -2 -3.42 -8.28 -2 0 -9
2 24 -2 0 -9 -2 3.42 -8.28
2 24 -2 3.42 -8.28 -2 6.74 -6
0 BFC INVERTNEXT
1 16 -7.72 0 0 0 5.72 0 3 0 0 0 0 3 4-4cylo.dat
4 16 -2 1.1481 2.7717 -2 2.1213 2.1213 -2 4.1 9 -2 0 9
4 16 -2 0 3 -2 1.1481 2.7717 -2 0 9 -2 -3.42 8.28
4 16 -2 -1.1481 2.7717 -2 0 3 -2 -3.42 8.28 -2 -6.3 6.3
4 16 -2 -2.1213 2.1213 -2 -1.1481 2.7717 -2 -6.3 6.3 -2 -8.28 3.42
4 16 -2 -2.7717 1.1481 -2 -2.1213 2.1213 -2 -8.28 3.42 -2 -9 0
4 16 -2 -3 0 -2 -2.7717 1.1481 -2 -9 0 -2 -8.28 -3.42
4 16 -2 -2.7717 -1.1481 -2 -3 0 -2 -8.28 -3.42 -2 -6.3 -6.3
4 16 -2 -2.1213 -2.1213 -2 -2.7717 -1.1481 -2 -6.3 -6.3 -2 -3.42 -8.28
4 16 -2 -1.1481 -2.7717 -2 -2.1213 -2.1213 -2 -3.42 -8.28 -2 0 -9
4 16 -2 0 -3 -2 -1.1481 -2.7717 -2 0 -9 -2 3.42 -8.28
4 16 -2 1.1481 -2.7717 -2 0 -3 -2 3.42 -8.28 -2 6.74 -6
4 16 -2 2.1213 -2.1213 -2 1.1481 -2.7717 -2 6.74 -6 -2 7.7 -6
4 16 -2 2.7717 -1.1481 -2 2.1213 -2.1213 -2 7.7 -6 -2 9.2 -3.8
4 16 -2 3 0 -2 2.7717 -1.1481 -2 9.2 -3.8 -2 10 0
4 16 -2 2.7717 1.1481 -2 3 0 -2 10 0 -2 9.2 3.8
4 16 -2 2.1213 2.1213 -2 2.7717 1.1481 -2 9.2 3.8 -2 7 7
3 16 -2 4.1 9 -2 2.1213 2.1213 -2 7 7

0 // Hole side
0 BFC INVERTNEXT
1 16 -14.34 0 0 0 6.62 0 -6 0 0 0 0 -6 1-4cylc.dat
2 24 -7.72 0 -6 -7.72 2.3 -5.54
2 24 -7.72 2.3 -5.54 -7.72 3.55 -4.71
2 24 -7.72 3.55 -4.71 -10 4 -4.4
2 24 -10 4 -4.4 -12.3 3.54 -4.71
2 24 -12.3 3.54 -4.71 -14.24 2.24 -5.55
2 24 -14.24 2.24 -5.55 -14.34 2.1 -5.58
2 24 -14.34 2.1 -5.58 -14.34 0 -6
2 24 -14.34 2.1 -5.58 -14.34 2.1 5
2 24 -7.72 3.55 5 -7.72 3.55 -4.71
2 24 -14.34 -6 5 -7.72 -6 5
2 24 -7.72 -6 5 -7.72 3.55 5
2 24 -14.34 2.1 5 -14.34 -6 5
2 24 -14.34 -6 5 -14.34 -6 0
2 24 -7.72 -6 0 -7.72 -6 5
4 16 -14.34 -6 5 -7.72 -6 5 -7.72 -6 0 -14.34 -6 0
4 16 -7.72 0 -6 -7.72 2.3 -5.54 -14.34 2.1 -5.58 -14.34 0 -6
3 16 -7.72 2.3 -5.54 -14.24 2.24 -5.55 -14.34 2.1 -5.58
3 16 -12.3 3.54 -4.71 -14.24 2.24 -5.55 -7.72 2.3 -5.54
4 16 -10 4 -4.4 -12.3 3.54 -4.71 -7.72 2.3 -5.54 -7.72 3.55 -4.71
5 24 -7.72 2.3 -5.54 -14.24 2.24 -5.55 -14.34 2.1 -5.58 -12.3 3.54 -4.71
4 16 -14.34 2.1 5 -14.34 -6 5 -14.34 -6 0 -14.34 0 0
4 16 -14.34 0 -6 -14.34 2.1 -5.58 -14.34 2.1 5 -14.34 0 0
1 16 -7.72 0 0 0 1 0 -3 0 0 0 0 -3 1-4ring1.dat
1 16 -7.72 0 0 0 1 0 0 0 3 -3 0 0 3-4ndis.dat
4 16 -7.72 -6 5 -7.72 -3 3 -7.72 -3 0 -7.72 -6 0
4 16 -7.72 0 3 -7.72 -6 5 -7.72 3.55 5 -7.72 3 3
4 16 -7.72 3 0 -7.72 3.55 5 -7.72 3.55 -4.71 -7.72 3 -3
4 16 -7.72 0 -3 -7.72 3 -3 -7.72 2.3 -5.54 -7.72 0 -6
3 16 -7.72 2.3 -5.54 -7.72 3 -3 -7.72 3.55 -4.71

1 16 -10 -2 5 6 0 0 0 0 -6 0 1 0 2-4edge.dat
2 24 -14.34 2.1 5 -15.5434 0.2962 5
2 24 -15.5434 0.2962 5 -16 -2 5
2 24 -4 -2 5 -4.4566 0.2962 5
2 24 -4.4566 0.2962 5 -5.7574 2.2426 5
2 24 -5.7574 2.2426 5 -7.72 3.55 5

4 16 -16 -2 5 -14.34 -6 5 -14.34 2.1 5 -15.5434 0.2962 5
4 16 -14.2426 -6.2426 5 -14.34 -6 5 -16 -2 5 -15.5434 -4.2962 5
4 16 -10 -8 5 -14.34 -6 5 -12.8194 -7.1937 5 -12.2962 -7.5434 5
4 16 -7.7038 -7.5434 5 -7.72 -6 5 -14.34 -6 5 -10 -8 5
4 16 -4.4566 -4.2962 5 -7.72 -6 5 -7.7038 -7.5434 5 -7.1806 -7.1937 5
4 16 -4.4566 0.2962 5 -7.72 -6 5 -4.4566 -4.2962 5 -4 -2 5
4 16 -7.72 3.55 5 -7.72 -6 5 -4.4566 0.2962 5 -5.7574 2.2426 5

0 // inner cyl
2 24 -12.2962 3.5434 9 -10 4 9
2 24 -14.2426 2.2426 9 -12.2962 3.5434 9
2 24 -15.5434 0.2962 9 -14.2426 2.2426 9
2 24 -15.6023 0 9 -15.5434 0.2962 9
2 24 -16 -2 8.5789 -15.6023 0 9
2 24 -15.7176 -3.42 8.28 -16 -2 8.5789
2 24 -15.5434 -4.2962 7.6776 -15.7176 -3.42 8.28
2 24 -14.2426 -6.2426 6.3395 -15.5434 -4.2962 7.6776
2 24 -14.2426 -6.2426 6.3395 -14.1567 -6.3 6.3
2 24 -14.1567 -6.3 6.3 -12.2962 -7.5434 4.4914
2 24 -12.2962 -7.5434 4.4914 -10 -8 3.8273
2 24 -10 -8 3.8273 -7.7038 -7.5434 4.4914
2 24 -7.7038 -7.5434 4.4914 -5.8433 -6.3 6.3
2 24 -5.8433 -6.3 6.3 -5.7574 -6.2426 6.3395
2 24 -5.7574 -6.2426 6.3395 -4.4566 -4.2962 7.6776
2 24 -4.4566 -4.2962 7.6776 -4.2824 -3.42 8.28
2 24 -4.2824 -3.42 8.28 -4 -2 8.5789
2 24 -4 -2 8.5789 -4.3977 0 9
2 24 -4.3977 0 9 -4.4566 0.2962 9
2 24 -4.4566 0.2962 9 -5.7574 2.2426 9
2 24 -7.7038 3.5434 9 -5.7574 2.2426 9
2 24 -10 4 9 -7.7038 3.5434 9

4 16 -12.3 3.54 -4.71 -10 4 -4.4 -10 4 9 -12.2962 3.5434 9
4 16 -14.24 2.24 -5.55 -12.3 3.54 -4.71 -12.2962 3.5434 9 -14.2426 2.2426 9
4 16 -14.34 2.1 5 -14.34 2.1 -5.58 -14.24 2.24 -5.55 -14.2426 2.2426 9
4 16 -14.2426 2.2426 9 -15.5434 0.2962 9 -15.5434 0.2962 5 -14.34 2.1 5
3 16 -15.5434 0.2962 5 -15.5434 0.2962 9 -15.6023 0 9
4 16 -16 -2 5 -15.5434 0.2962 5 -15.6023 0 9 -16 -2 8.5789
4 16 -15.5434 -4.2962 5 -16 -2 5 -16 -2 8.5789 -15.7176 -3.42 8.28
3 16 -15.5434 -4.2962 5 -15.7176 -3.42 8.28 -15.5434 -4.2962 7.6776
4 16 -14.2426 -6.2426 5 -15.5434 -4.2962 5 -15.5434 -4.2962 7.6776 -14.2426 -6.2426 6.3395
4 16 -12.8194 -7.1937 5 -14.2426 -6.2426 5 -14.2426 -6.2426 6.3395 -14.1567 -6.3 6.3
3 16 -12.2962 -7.5434 5 -12.8194 -7.1937 5 -12.2962 -7.5434 4.4914
5 24 -12.2962 3.5434 9 -12.3 3.54 -4.71 -10 4 9 -14.2426 2.2426 9
5 24 -14.2426 2.2426 9 -14.24 2.24 -5.55 -12.2962 3.5434 9 -15.5434 0.2962 9
5 24 -15.5434 0.2962 9 -15.5434 0.2962 5 -14.2426 2.2426 9 -15.6023 0 9
5 24 -16 -2 5 -16 -2 8.5789 -15.5434 0.2962 5 -15.7176 -3.42 5
5 24 -15.5434 -4.2962 5 -15.5434 -4.2962 7.6776 -15.7176 -3.42 5 -14.2426 -6.2426 5
5 24 -14.2426 -6.2426 5 -14.2426 -6.2426 6.3395 -15.5434 -4.2962 5 -14.1567 -6.3 5
5 24 -12.2962 -7.5434 5 -12.2962 -7.5434 4.4914 -14.1567 -6.3 5 -10 -8 5
4 16 -12.2962 -7.5434 4.4914 -10 -8 3.8273 -10 -8 5 -12.2962 -7.5434 5
4 16 -10 -8 3.8273 -7.7038 -7.5434 4.4914 -7.7038 -7.5434 5 -10 -8 5
5 24 -10 -8 5 -10 -8 3.82 -7.7038 -7.5434 5 -12.2962 -7.5434 5
3 16 -7.7038 -7.5434 5 -7.7038 -7.5434 4.4914 -7.1806 -7.1937 5
4 16 -5.7574 -6.2426 6.3395 -5.7574 -6.2426 5 -7.1806 -7.1937 5 -5.8433 -6.3 6.3
4 16 -4.4566 -4.2962 5 -5.7574 -6.2426 5 -5.7574 -6.2426 6.3395 -4.4566 -4.2962 7.6776
4 16 -4 -2 5 -4.4566 -4.2962 5 -4.4566 -4.2962 7.6776 -4.2824 -3.42 8.28
3 16 -4 -2 5 -4.2824 -3.42 8.28 -4 -2 8.5789
4 16 -4.3977 0 9 -4.4566 0.2962 5 -4 -2 5 -4 -2 8.5789
3 16 -4.4566 0.2962 5 -4.3977 0 9 -4.4566 0.2962 9
4 16 -5.7574 2.2426 9 -5.7574 2.2426 5 -4.4566 0.2962 5 -4.4566 0.2962 9
4 16 -7.7038 3.5434 9 -7.72 3.55 5 -5.7574 2.2426 5 -5.7574 2.2426 9
3 16 -10 4 9 -7.72 3.55 5 -7.7038 3.5434 9
4 16 -10 4 9 -10 4 -4.4 -7.72 3.55 -4.71 -7.72 3.55 5
5 24 -7.7038 -7.5434 5 -7.7038 -7.5434 4.4914 -10 -8 5 -5.8433 -6.3 5
5 24 -5.7574 -6.2426 5 -5.7574 -6.2426 6.3395 -5.8433 -6.3 5 -4.4566 -4.2962 5
5 24 -4.4566 -4.2962 5 -4.4566 -4.2962 7.6776 -5.7574 -6.2426 5 -4.2824 -3.42 5
5 24 -4 -2 5 -4 -2 8.5789 -4.2824 -3.42 5 -4.4566 0.2962 5
5 24 -4.4566 0.2962 5 -4.4566 0.2962 9 -4.3977 0 5 -5.7574 2.2426 5
5 24 -5.7574 2.2426 5 -5.7574 2.2426 9 -4.4566 0.2962 5 -7.72 3.55 5
5 24 -7.7038 3.5434 9 -7.72 3.55 5 -5.7574 2.2426 9 -10 4 9
5 24 -10 4 9 -10 4 -4.4 -7.7038 3.5434 9 -12.2962 3.5434 9

0 // topside
3 16 -18.03 -8.28 3.42 -2 -8.28 3.42 -10 -8 3.8273
3 16 -10 -8 3.8273 -12.2962 -7.5434 4.4914 -18.03 -8.28 3.42
3 16 -7.7038 -7.5434 4.4914 -10 -8 3.8273 -2 -8.28 3.42
3 16 -7.1806 -7.1937 5 -7.7038 -7.5434 4.4914 -2 -8.28 3.42
3 16 -12.2962 -7.5434 4.4914 -12.8194 -7.1937 5 -18.03 -8.28 3.42
4 16 -18.03 -8.28 3.42 -12.8194 -7.1937 5 -14.1567 -6.3 6.3 -18.11 -6.3 6.3
4 16 -2 -8.28 3.42 -2 -6.3 6.3 -5.8433 -6.3 6.3 -7.1806 -7.1937 5
4 16 -18.03 -8.28 3.42 -18 -9 0 -2 -9 0 -2 -8.28 3.42
4 16 -18 -9 0 -18.03 -8.28 -3.42 -2 -8.28 -3.42 -2 -9 0
4 16 -18.03 -8.28 -3.42 -18.11 -6.3 -6.3 -2 -6.3 -6.3 -2 -8.28 -3.42
5 24 -2 -8.28 3.42 -18.03 -8.28 3.42 -2 -7.19 5.01 -2 -9 0
5 24 -2 -3.42 -8.28 -18.23 -3.42 -8.28 -2 -6.3 -6.3 -2 0 -9
5 24 -2 -6.3 -6.3 -18.11 -6.3 -6.3 -2 -3.42 -8.28 -2 -8.28 -3.42
5 24 -2 0 -9 -18.36 0 -9 -2 -3.42 -8.28 -2 3.42 -8.28
5 24 -2 3.42 -8.28 -18.5 3.42 -8.28 -2 0 -9 -2 6.74 -6
5 24 -2 6.74 -6 -18.64 6.74 -6 -2 3.42 -8.28 -2 7.7 -6
5 24 -2 -9 0 -18 -9 0 -2 -8.28 3.42 -2 -8.28 -3.42
5 24 -2 -8.28 -3.42 -18.03 -8.28 -3.42 -2 -9 0 -2 -6.3 -6.3

0 // backside
4 16 -18.23 -3.42 8.28 -16 -2 8.5789 -15.6023 0 9 -18.36 0 9
3 16 -16 -2 8.5789 -18.23 -3.42 8.28 -15.7176 -3.42 8.28
3 16 -15.7176 -3.42 8.28 -18.23 -3.42 8.28 -15.5434 -4.2962 7.6776
4 16 -18.11 -6.3 6.3 -14.2426 -6.2426 6.3395 -15.5434 -4.2962 7.6776 -18.23 -3.42 8.28
3 16 -14.2426 -6.2426 6.3395 -18.11 -6.3 6.3 -14.1567 -6.3 6.3
5 24 -15.6023 0 9 -18.36 0 9 -15.5434 0.2962 9 -16 -2 8.5789
5 24 -15.7176 -3.42 8.28 -18.23 -3.42 8.28 -16 -2 8.5789 -15.5434 -4.2962 7.6776
5 24 -14.1567 -6.3 6.3 -18.11 -6.3 6.3 -14.2426 -6.2426 6.3395 -12.2962 -7.5434 4.4914

4 16 -2 0 9 -4.3977 0 9 -4 -2 8.5789 -2 -3.42 8.28
3 16 -2 -3.42 8.28 -4 -2 8.5789 -4.2824 -3.42 8.28
3 16 -2 -3.42 8.28 -4.2824 -3.42 8.28 -4.4566 -4.2962 7.6776
4 16 -2 -3.42 8.28 -4.4566 -4.2962 7.6776 -5.7574 -6.2426 6.3395 -2 -6.3 6.3
3 16 -2 -6.3 6.3 -5.7574 -6.2426 6.3395 -5.8433 -6.3 6.3
5 24 -2 0 9 -4.3977 0 9 -2 0.2962 9 -2 -2 8.5789
5 24 -2 -3.42 8.28 -4.2824 -3.42 8.28 -2 -2 8.5789 -2 -4.2962 7.6776
5 24 -2 -6.3 6.3 -5.8433 -6.3 6.3 -2 -6.2426 6.3395 -2 -7.5434 4.4914

0 // backside bottom
1 16 -10 18 9 6 0 0 0 0 6 0 -1 0 4-4ndis.dat
4 16 -10 12 9 -10 4 9 -7.7038 3.5434 9 -2 4.1 9
4 16 -2 4.1 9 -7.7038 3.5434 9 -5.7574 2.2426 9 -2 0 9
3 16 -2 0 9 -5.7574 2.2426 9 -4.4566 0.2962 9
3 16 -2 0 9 -4.4566 0.2962 9 -4.3977 0 9
3 16 -15.6023 0 9 -15.5434 0.2962 9 -18.36 0 9
3 16 -15.5434 0.2962 9 -14.2426 2.2426 9 -18.36 0 9
4 16 -18.36 0 9 -14.2426 2.2426 9 -12.2962 3.5434 9 -16 12 9
4 16 -10 12 9 -16 12 9 -12.2962 3.5434 9 -10 4 9
4 16 -1.5 28 9 -19.5 28 9 -16 24 9 -10 24 9
3 16 -4 24 9 -1.5 28 9 -10 24 9
3 16 -4 24 9 -4 18 9 -1.5 28 9
4 16 -1.5 28 9 -4 18 9 -4 12 9 -1.5 4.1 9
4 16 -1.5 4.1 9 -4 12 9 -10 12 9 -2 4.1 9
4 16 -19.5 28 9 -18.36 0 9 -16 12 9 -16 18 9
3 16 -16 24 9 -19.5 28 9 -16 18 9
3 16 -14.34 -6 5 -14.2426 -6.2426 5 -12.8194 -7.1937 5
3 16 -4.4566 -4.2962 5 -7.1806 -7.1937 5 -5.7574 -6.2426 5
3 16 -7.72 0 3 -7.72 -3 3 -7.72 -6 5
3 16 -7.72 3 0 -7.72 3 3 -7.72 3.55 5
0 FILE p/1-4ring1.dat
0 Ring  1 x 0.25
0 Name: 1-4ring1.dat
0 Author: Chris Dee [cwdee]
0 !LDRAW_ORG Primitive UPDATE 2012-01
0 !LICENSE Licensed under CC BY 4.0 : see CAreadme.txt

0 BFC CERTIFY CCW

0 !HISTORY 2000-05-07 [PTadmin] Official Update 2000-01
0 !HISTORY 2002-11-22 [hafhead] Added BFC statement
0 !HISTORY 2002-11-30 [PTadmin] Official Update 2002-05
0 !HISTORY 2007-06-22 [PTadmin] Header formatted for Contributor Agreement
0 !HISTORY 2008-07-01 [PTadmin] Official Update 2008-01
0 !HISTORY 2012-02-16 [Philo] Changed to CCW
0 !HISTORY 2012-03-30 [PTadmin] Official Update 2012-01


4 16 2 0 0 1.8478 0 0.7654 0.9239 0 0.3827 1 0 0
4 16 1.8478 0 0.7654 1.4142 0 1.4142 0.7071 0 0.7071 0.9239 0 0.3827
4 16 1.4142 0 1.4142 0.7654 0 1.8478 0.3827 0 0.9239 0.7071 0 0.7071
4 16 0.7654 0 1.8478 0 0 2 0 0 1 0.3827 0 0.9239
0 FILE p/1-4cylc.dat
0 Cylinder Closed 0.25
0 Name: 1-4cylc.dat
0 Author: Mark Kennedy [mkennedy]
0 !LDRAW_ORG Primitive UPDATE 2010-01
0 !LICENSE Licensed under CC BY 4.0 : see CAreadme.txt

0 BFC CERTIFY CCW

0 !HISTORY 2010-04-05 [PTadmin] Official Update 2010-01


1 16 0 0 0 1 0 0 0 1 0 0 0 1 1-4edge.dat
1 16 0 1 0 1 0 0 0 1 0 0 0 1 1-4edge.dat
1 16 0 0 0 1 0 0 0 1 0 0 0 1 1-4disc.dat
1 16 0 0 0 1 0 0 0 1 0 0 0 1 1-4cyli.dat
0
0 FILE p/1-4disc.dat
0 Disc 0.25
0 Name: 1-4disc.dat
0 Author: James Jessiman
0 !LDRAW_ORG Primitive UPDATE 2002-02
0 !LICENSE Licensed under CC BY 4.0 : see CAreadme.txt

0 BFC CERTIFY CCW

0 !HISTORY 2002-03-23 [sbliss] Added BFC statement.
0 !HISTORY 2002-04-25 [PTadmin] Official Update 2002-02
0 !HISTORY 2007-06-22 [PTadmin] Header formatted for Contributor Agreement
0 !HISTORY 2008-07-01 [PTadmin] Official Update 2008-01


3 16 0 0 0 1 0 0 0.9239 0 0.3827
3 16 0 0 0 0.9239 0 0.3827 0.7071 0 0.7071
3 16 0 0 0 0.7071 0 0.7071 0.3827 0 0.9239
3 16 0 0 0 0.3827 0 0.9239 0 0 1
0
0 FILE p/box4-4a.dat
0 Box with  4 Faces without  4 Adjacent Edges
0 Name: box4-4a.dat
0 Author: Willy Tschager [Holly-Wood]
0 !LDRAW_ORG Primitive UPDATE 2024-01
0 !LICENSE Licensed under CC BY 4.0 : see CAreadme.txt

0 BFC CERTIFY CCW

0 !HISTORY 1998-07-15 [PTadmin] Official Update 1998-07
0 !HISTORY 2002-12-13 [hafhead] Made BFC compliant
0 !HISTORY 2003-03-12 [PTadmin] Official Update 2003-01
0 !HISTORY 2007-06-24 [PTadmin] Header formatted for Contributor Agreement
0 !HISTORY 2008-07-01 [PTadmin] Official Update 2008-01
0 !HISTORY 2012-02-16 [Philo] Changed to CCW
0 !HISTORY 2012-03-30 [PTadmin] Official Update 2012-01
0 !HISTORY 2024-01-03 [Holly-Wood] Complete re-write, original by Manfred Moolhuysen
0 !HISTORY 2024-01-29 [OrionP] Official Update 2024-01

2 24 -1 1 -1 -1 1 1
2 24 1 1 1 1 1 -1
2 24 -1 1 1 1 1 1
4 16 1 1 1 1 1 -1 -1 1 -1 -1 1 1

2 24 -1 0 -1 -1 0 1
4 16 -1 1 1 -1 1 -1 -1 0 -1 -1 0 1

2 24 1 0 1 1 0 -1
4 16 1 1 -1 1 1 1 1 0 1 1 0 -1

2 24 1 1 1 1 0 1
2 24 -1 1 1 -1 0 1
2 24 -1 0 1 1 0 1
4 16 1 1 1 -1 1 1 -1 0 1 1 0 1
0 FILE parts/3816.dat
0 ~Minifig Leg Right (Obsolete)
0 Name: 3816.dat
0 Author: Steve Bliss [sbliss]
0 !LDRAW_ORG Part UPDATE 2022-01
0 !LICENSE Licensed under CC BY 4.0 : see CAreadme.txt

0 !HELP Move down 12 units to align with hips

0 BFC CERTIFY CCW

0 !CATEGORY Obsolete

0 !HISTORY 1997-10-29 [PTadmin] Official Update 1997-16
0 !HISTORY 1999-02-01 [PTadmin] Official Update 1999-01
0 !HISTORY 2000-05-07 [PTadmin] Official Update 2000-01
0 !HISTORY 2002-04-10 [fwcain] Fixed overlapping quad...
0 !HISTORY 2002-04-25 [PTadmin] Official Update 2002-02
0 !HISTORY 2002-05-29 [fwcain] Moved all front surfaces to "main" file (from subfile)...
0 !HISTORY 2002-08-18 [PTadmin] Official Update 2002-04
0 !HISTORY 2007-07-27 [PTadmin] Header formatted for Contributor Agreement
0 !HISTORY 2008-07-01 [PTadmin] Official Update 2008-01
0 !HISTORY 2008-12-31 [tchang] Add BFC
0 !HISTORY 2009-08-24 [PTadmin] Moved from 971
0 !HISTORY 2009-12-29 [PTadmin] Official Update 2009-03
0 !HISTORY 2020-05-30 [cwdee] Obsoleted due to bad leg geometry
0 !HISTORY 2022-01-14 [PTadmin] Official Update 2022-01


1 16 0 0 0 1 0 0 0 1 0 0 0 1 s\3816s01.dat
0
4 16 -19.18 20 -6 -19.18 20 -11 -1.5 20 -11 -1.5 20 -6
4 16 -19.18 20 -11 -19.5 28 -11 -1.5 28 -11 -1.5 20 -11
4 16 -19.18 20 -6 -1.5 20 -6 -1.5 7.7 -6 -18.68 7.7 -6
4 16 -18.68 7.7 -6 -2 7.7 -6 -2 6.74 -6 -18.64 6.74 -6
4 16 -18.5 3.42 -8.28 -18.64 6.74 -6 -2 6.74 -6 -2 3.42 -8.28
4 16 -18.36 0 -9 -18.5 3.42 -8.28 -2 3.42 -8.28 -2 0 -9
4 16 -18.36 0 -9 -2 0 -9 -2 -3.42 -8.28 -18.23 -3.42 -8.28
4 16 -18.11 -6.3 -6.3 -18.23 -3.42 -8.28 -2 -3.42 -8.28 -2 -6.3 -6.3
0
0 FILE parts/58247.dat
0 Minifig Gun Short Blaster
0 Name: 58247.dat
0 Author: Christopher Bulliner [CMB27]
0 !LDRAW_ORG Part UPDATE 2025-09
0 !LICENSE Licensed under CC BY 2.0 and CC BY 4.0 : see CAreadme.txt

0 !HELP Barrel angle: 12 degrees

0 BFC CERTIFY CCW

0 !CATEGORY Minifig Accessory
0 !KEYWORDS Clone Trooper, firearm, Star Wars, storm trooper, Weapon

0 !HISTORY 2010-08-08 [Philo] Changed origin/orientation
0 !HISTORY 2010-08-08 [MagFors] Removed T-junctions, new edgeline around handle
0 !HISTORY 2011-07-25 [PTadmin] Official Update 2011-01
0 !HISTORY 2025-09-27 [OrionP] Changed winding to CCW
0 !HISTORY 2025-09-29 [OrionP] Official Update 2025-09

4 16 4 -16.504 1.639 4 -12.592 0.807 4 -8.14 12.129 4 -15.966 13.793
4 16 1 -21.579 -12.617 4 -20.54 -7.727 1.5 -19.5 -2.836 -1.5 -19.5 -2.836
4 16 -1.5 -19.5 -2.836 -4 -20.54 -7.727 -1 -21.579 -12.617 1 -21.579 -12.617
4 16 -4 -23.035 -19.464 4 -23.035 -19.464 1 -22.411 -16.53 -1 -22.411 -16.53
4 16 1 -22.411 -16.53 4 -23.035 -19.464 4 -20.54 -7.727 1 -21.579 -12.617
1 16 1 -22.484 -14.4697 0 -1.99908 0 0.489 0 -0.208 -0.1035 0 -0.978 rect1.dat
1 16 -1 -22.484 -14.4697 0 1.999496 0 0.489 0 0.208 -0.104 0 0.978 rect1.dat
4 16 -4 -23.035 -19.464 -1 -22.411 -16.53 -1 -21.579 -12.617 -4 -20.54 -7.727
4 16 -1.5 -17.421 6.946 1.5 -17.421 6.946 4 -15.966 13.793 -4 -15.966 13.793
4 16 1.5 -19.5 -2.836 4 -20.54 -7.727 4 -15.966 13.793 1.5 -17.421 6.946
4 16 -1.5 -17.421 6.946 -4 -15.966 13.793 -4 -20.54 -7.727 -1.5 -19.5 -2.836
4 16 -4 -12.592 0.807 -4 -16.504 1.639 -4 -15.966 13.793 -4 -8.14 12.129
4 16 -4 -19.415 -12.055 -4 -23.035 -19.464 -4 -15.966 13.793 -4 -16.504 1.639
4 16 4 -16.504 1.639 4 -15.966 13.793 4 -23.035 -19.464 4 -19.415 -12.055
4 16 4 -8.14 12.129 4 -12.592 0.807 4 -15.502 -12.887 4 -15.209 -21.128
4 16 -4 -15.209 -21.128 -4 -15.502 -12.887 -4 -12.592 0.807 -4 -8.14 12.129
4 16 4 -23.035 -19.464 4 -15.209 -21.128 4 -15.502 -12.887 4 -19.415 -12.055
4 16 -4 -15.209 -21.128 -4 -23.035 -19.464 -4 -19.415 -12.055 -4 -15.502 -12.887
1 16 0 -12.053 12.961 4 0 0 0 2.07912 -3.91259 0 9.78148 0.83165 4-4cyli.dat
1 16 0 -22.449 -35.946 4 0 0 0 3.32659 -3.91259 0 15.6504 0.83165 4-4cyli.dat
1 16 0 -19.122 -20.296 4 0 0 0 3.32659 -3.91259 0 15.6504 0.83165 4-4ndis.dat
1 16 0 -26.201 -5.501 2 0 0 0 2.49494 -1.9563 0 11.7378 0.41582 4-4cyli.dat
1 16 0 -21.627 16.018 -2 0 0 0 -2.07912 -1.9563 0 -9.78148 0.41582 4-4con1.dat
1 16 0 -22.449 -35.946 4 0 0 0 3.32659 -3.91259 0 15.6504 0.83165 4-4disc.dat
1 16 0 -9.974 22.742 -4 0 0 0 -3.32659 -3.91259 0 -15.6504 0.83165 4-4disc.dat
1 16 0 -22.449 -35.946 4 0 0 0 3.32659 -3.91259 0 15.6504 0.83165 4-4edge.dat
1 16 0 -19.122 -20.296 4 0 0 0 3.32659 -3.91259 0 15.6504 0.83165 4-4edge.dat
1 16 0 -9.974 22.742 4 0 0 0 3.32659 -3.91259 0 15.6504 0.83165 4-4edge.dat
1 16 0 -12.053 12.961 4 0 0 0 3.32659 -3.91259 0 15.6504 0.83165 4-4edge.dat
1 16 0 -15.588 -3.667 4 0 0 0 3.9126 3.5345 0 -0.8316 16.6285 box0.dat
1 16 0 -12.053 12.961 -4 0 0 0 -0.20791 -3.91259 0 -0.97815 0.83165 4-4ndis.dat
1 16 0 -21.787 -13.595 1 0 0 0 0.97815 0.20791 0 -0.20791 0.97815 2-4ndis.dat
1 16 0 -22.203 -15.552 -1 0 0 0 0.97815 -0.20791 0 -0.20791 -0.97815 2-4ndis.dat
1 16 0 -21.787 -13.595 1 0 0 0 0.97815 0.20791 0 -0.20791 0.97815 2-4edge.dat
1 16 0 -22.203 -15.552 -1 0 0 0 0.97815 -0.20791 0 -0.20791 -0.97815 2-4edge.dat
1 16 0 -23.181 -15.344 -1 0 0 0 0.97815 -0.20791 0 -0.20791 -0.97815 2-4cyli.dat
1 16 0 -22.765 -13.388 1 0 0 0 0.97815 0.20791 0 -0.20791 0.97815 2-4cyli.dat
1 16 0 -23.181 -15.344 1 0 0 0 0.41582 -0.97815 0 1.9563 0.20791 2-4cyli.dat
1 16 0 -22.765 -13.388 1 0 0 0 0.20791 -0.97815 0 0.97815 0.20791 2-8sphe.dat
1 16 0 -23.181 -15.344 -1 0 0 0 -0.20791 -0.97815 0 -0.97815 0.20791 2-8sphe.dat
4 16 1.5 -11.506 -3.705 1.5 -15.209 -21.128 1.5 -12.275 -21.751 1.5 -8.948 -6.101
4 16 1.5 -3.327 -3.705 1.5 -11.506 -3.705 1.5 -8.948 -6.101 1.5 -4.058 -7.141
4 16 -1.5 -11.506 -3.705 -1.5 -8.948 -6.101 -1.5 -12.275 -21.751 -1.5 -15.209 -21.128
4 16 -1.5 -11.506 -3.705 -1.5 -3.327 -3.705 -1.5 -4.058 -7.141 -1.5 -8.948 -6.101
4 16 -1.035 -3.361 -3.863 1.5 -4.058 -7.141 -1.5 -4.058 -7.141 -1.5 -3.327 -3.705
3 16 1.035 -3.361 -3.863 1.5 -3.327 -3.705 1.5 -4.058 -7.141
3 16 0.522 -3.383 -3.964 1.035 -3.361 -3.863 1.5 -4.058 -7.141
3 16 0 -3.39 -3.999 0.522 -3.383 -3.964 1.5 -4.058 -7.141
3 16 -0.522 -3.383 -3.964 0 -3.39 -3.999 1.5 -4.058 -7.141
3 16 -1.035 -3.361 -3.863 -0.522 -3.383 -3.964 1.5 -4.058 -7.141
2 24 1.5 -3.327 -3.705 1.5 -4.058 -7.141
2 24 -1.5 -3.327 -3.705 -1.5 -4.058 -7.141
1 16 0 -12.3435 -22.0745 1.5 0 0 0 -0.978153 1.5945 0 1 7.5025 rect.dat
4 16 -1.5 -8.948 -6.101 -1.5 -4.058 -7.141 -1.5 -4.413 -8.399 -1.5 -4.929 -9.601
4 16 -1.5 -8.948 -6.101 -1.5 -4.929 -9.601 -1.5 -5.598 -10.726 -1.5 -6.408 -11.753
4 16 -1.5 -8.948 -6.101 -1.5 -6.408 -11.753 -1.5 -7.344 -12.666 -1.5 -8.393 -13.448
4 16 -1.5 -8.948 -6.101 -1.5 -8.393 -13.448 -1.5 -9.534 -14.088 -1.5 -10.749 -14.572
5 24 -1.5 -4.058 -7.141 1.5 -4.058 -7.141 -1.5 -4.413 -8.399 -1.5 -1.979 2.641
5 24 -1.5 -4.413 -8.399 1.5 -4.413 -8.399 -1.5 -4.929 -9.601 -1.5 -4.058 -7.141
5 24 -1.5 -4.929 -9.601 1.5 -4.929 -9.601 -1.5 -5.598 -10.726 -1.5 -4.413 -8.399
5 24 -1.5 -5.598 -10.726 1.5 -5.598 -10.726 -1.5 -6.408 -11.753 -1.5 -4.929 -9.601
5 24 -1.5 -6.408 -11.753 1.5 -6.408 -11.753 -1.5 -7.344 -12.666 -1.5 -5.598 -10.726
5 24 -1.5 -7.344 -12.666 1.5 -7.344 -12.666 -1.5 -8.393 -13.448 -1.5 -6.408 -11.753
5 24 -1.5 -8.393 -13.448 1.5 -8.393 -13.448 -1.5 -9.534 -14.088 -1.5 -7.344 -12.666
5 24 -1.5 -9.534 -14.088 1.5 -9.534 -14.088 -1.5 -10.749 -14.572 -1.5 -8.393 -13.448
5 24 -1.5 -10.749 -14.572 1.5 -10.749 -14.572 -1.5 -12.017 -14.894 -1.5 -9.534 -14.088
1 16 0 -4.2355 -7.77 0 0 1.5 -0.1775 -0.962414 0 -0.629 0.999959 0 rect2p.dat
1 16 0 -4.671 -9 0 0 1.5 -0.258 -0.918908 0 -0.601 0.999982 0 rect2p.dat
1 16 0 -5.2635 -10.1635 0 0 1.5 -0.3345 -0.859509 0 -0.5625 0.999991 0 rect2p.dat
1 16 0 -6.003 -11.2395 0 0 1.5 -0.405 -0.785176 0 -0.5135 0.999995 0 rect2p.dat
1 16 0 -6.876 -12.2095 0 0 1.5 -0.468 -0.698257 0 -0.4565 0.999997 0 rect2p.dat
1 16 0 -7.8685 -13.057 0 0 1.5 -0.5245 -0.597674 0 -0.391 0.999998 0 rect2p.dat
1 16 0 -8.9635 -13.768 0 0 1.5 -0.5705 -0.489208 0 -0.32 0.999999 0 rect2p.dat
1 16 0 -10.1415 -14.33 0 0 1.5 -0.6075 -0.370072 0 -0.242 1 0 rect2p.dat
4 16 1.5 -4.929 -9.601 1.5 -4.413 -8.399 1.5 -4.058 -7.141 1.5 -8.948 -6.101
4 16 1.5 -6.408 -11.753 1.5 -5.598 -10.726 1.5 -4.929 -9.601 1.5 -8.948 -6.101
4 16 1.5 -8.393 -13.448 1.5 -7.344 -12.666 1.5 -6.408 -11.753 1.5 -8.948 -6.101
4 16 1.5 -10.749 -14.572 1.5 -9.534 -14.088 1.5 -8.393 -13.448 1.5 -8.948 -6.101
2 24 -1.5 -15.497 -21.067 -1.5 -15.209 -21.128
2 24 1.5 -15.497 -21.067 1.5 -15.209 -21.128
2 24 -1.5 -15.209 -21.128 -1.5 -11.506 -3.705
2 24 1.5 -15.209 -21.128 1.5 -11.506 -3.705
2 24 0 -16.873 -28.953 0.522 -16.906 -28.946
2 24 0.522 -16.906 -28.946 1.035 -17.006 -28.924
2 24 1.035 -17.006 -28.924 1.5 -17.16 -28.892
2 24 -1.5 -17.16 -28.892 -1.035 -17.006 -28.924
2 24 -1.035 -17.006 -28.924 -0.522 -16.906 -28.946
2 24 -0.522 -16.906 -28.946 0 -16.873 -28.953
1 16 1.5 -14.7175 -25.3218 0 -1 0 -0.8315 0 -1.611 -3.913 0 0.342 rect2a.dat
1 16 -1.5 -14.7175 -25.3218 0 1.013572 0 -1.611 0 -0.8315 0.342 0 -3.913 rect2a.dat
4 16 -1.035 -17.006 -28.924 -1.5 -17.16 -28.892 -1.5 -13.938 -29.577 1.5 -13.938 -29.577
3 16 -0.522 -16.906 -28.946 -1.035 -17.006 -28.924 1.5 -13.938 -29.577
3 16 0 -16.873 -28.953 -0.522 -16.906 -28.946 1.5 -13.938 -29.577
3 16 0.522 -16.906 -28.946 0 -16.873 -28.953 1.5 -13.938 -29.577
3 16 1.035 -17.006 -28.924 0.522 -16.906 -28.946 1.5 -13.938 -29.577
3 16 1.5 -13.938 -29.577 1.5 -17.16 -28.892 1.035 -17.006 -28.924
2 24 -1.5 -15.209 -21.128 -4 -15.209 -21.128
2 24 4 -15.209 -21.128 1.5 -15.209 -21.128
0 // new line
2 24 -1.035 -3.361 -3.863 -1.5 -3.327 -3.705
2 24 -1.035 -3.361 -3.863 -0.522 -3.383 -3.964
2 24 0 -3.39 -3.999 -0.522 -3.383 -3.964
2 24 0.522 -3.383 -3.964 0 -3.39 -3.999
2 24 0.522 -3.383 -3.964 1.035 -3.361 -3.863
2 24 1.5 -3.327 -3.705 1.035 -3.361 -3.863
2 24 -1.5 -11.506 -3.705 -1.5 -3.327 -3.705
2 24 1.5 -11.506 -3.705 1.5 -3.327 -3.705
2 24 -1.5 -11.506 -3.705 -1.531 -11.504 -3.694
2 24 -1.531 -11.504 -3.694 -2 -11.455 -3.463
2 24 -2 -11.455 -3.463 -2.435 -11.393 -3.172
2 24 -2.435 -11.393 -3.172 -2.828 -11.319 -2.827
2 24 -2.828 -11.319 -2.827 -3.174 -11.236 -2.434
2 24 -3.174 -11.236 -2.434 -3.464 -11.143 -1.999
2 24 -3.464 -11.143 -1.999 -3.696 -11.044 -1.53
2 24 -3.696 -11.044 -1.53 -3.864 -10.938 -1.034
2 24 -3.864 -10.938 -1.034 -3.966 -10.829 -0.521
2 24 -3.966 -10.829 -0.521 -4 -10.718 0.001
2 24 -4 -10.718 0.001 -3.966 -10.607 0.523
2 24 -3.966 -10.607 0.523 -3.864 -10.498 1.036
2 24 -3.864 -10.498 1.036 -3.696 -10.393 1.532
2 24 -3.696 -10.393 1.532 -3.464 -10.293 2.001
2 24 -3.464 -10.293 2.001 -3.174 -10.201 2.436
2 24 -3.174 -10.201 2.436 -2.828 -10.117 2.83
2 24 -2.828 -10.117 2.83 -2.435 -10.044 3.175
2 24 -2.435 -10.044 3.175 -2 -9.982 3.465
2 24 -2 -9.982 3.465 -1.531 -9.933 3.697
2 24 -1.531 -9.933 3.697 -1.035 -9.897 3.865
2 24 -1.035 -9.897 3.865 -0.522 -9.875 3.967
2 24 -0.522 -9.875 3.967 0 -9.868 4.001
2 24 0 -9.868 4.001 0.522 -9.875 3.967
2 24 0.522 -9.875 3.967 1.035 -9.897 3.865
2 24 1.035 -9.897 3.865 1.531 -9.933 3.697
2 24 1.531 -9.933 3.697 2 -9.982 3.465
2 24 2 -9.982 3.465 2.435 -10.044 3.175
2 24 2.435 -10.044 3.175 2.828 -10.117 2.83
2 24 2.828 -10.117 2.83 3.174 -10.201 2.436
2 24 3.174 -10.201 2.436 3.464 -10.293 2.001
2 24 3.464 -10.293 2.001 3.696 -10.393 1.532
2 24 3.696 -10.393 1.532 3.864 -10.498 1.036
2 24 3.864 -10.498 1.036 3.966 -10.607 0.523
2 24 3.966 -10.607 0.523 4 -10.718 0.001
2 24 4 -10.718 0.001 3.968 -10.822 -0.487
2 24 3.968 -10.822 -0.487 3.966 -10.829 -0.521
2 24 3.966 -10.829 -0.521 3.864 -10.938 -1.034
2 24 3.864 -10.938 -1.034 3.696 -11.044 -1.53
2 24 3.696 -11.044 -1.53 3.464 -11.143 -1.999
2 24 3.464 -11.143 -1.999 3.174 -11.236 -2.434
2 24 3.174 -11.236 -2.434 2.828 -11.319 -2.827
2 24 2.828 -11.319 -2.827 2.435 -11.393 -3.172
2 24 2.435 -11.393 -3.172 2 -11.455 -3.463
2 24 2 -11.455 -3.463 1.531 -11.504 -3.694
2 24 1.531 -11.504 -3.694 1.5 -11.506 -3.705
0 // stop
4 16 -4 -15.209 -21.128 -1.531 -11.504 -3.694 -1.5 -11.506 -3.705 -1.5 -15.209 -21.128
3 16 -2 -11.455 -3.463 -1.531 -11.504 -3.694 -4 -15.209 -21.128
3 16 -2.435 -11.393 -3.172 -2 -11.455 -3.463 -4 -15.209 -21.128
3 16 -2.828 -11.319 -2.827 -2.435 -11.393 -3.172 -4 -15.209 -21.128
3 16 -3.174 -11.236 -2.434 -2.828 -11.319 -2.827 -4 -15.209 -21.128
3 16 -3.464 -11.143 -1.999 -3.174 -11.236 -2.434 -4 -15.209 -21.128
3 16 -3.696 -11.044 -1.53 -3.464 -11.143 -1.999 -4 -15.209 -21.128
3 16 -3.864 -10.938 -1.034 -3.696 -11.044 -1.53 -4 -15.209 -21.128
3 16 -3.966 -10.829 -0.521 -3.864 -10.938 -1.034 -4 -15.209 -21.128
3 16 -4 -15.209 -21.128 -4 -10.718 0.001 -3.966 -10.829 -0.521
3 16 -3.966 -10.607 0.523 -4 -10.718 0.001 -4 -8.14 12.129
3 16 -3.864 -10.498 1.036 -3.966 -10.607 0.523 -4 -8.14 12.129
3 16 -3.696 -10.393 1.532 -3.864 -10.498 1.036 -4 -8.14 12.129
3 16 -3.464 -10.293 2.001 -3.696 -10.393 1.532 -4 -8.14 12.129
3 16 -3.174 -10.201 2.436 -3.464 -10.293 2.001 -4 -8.14 12.129
4 16 -2.828 -10.117 2.83 -3.174 -10.201 2.436 -4 -8.14 12.129 4 -8.14 12.129
3 16 -2.435 -10.044 3.175 -2.828 -10.117 2.83 4 -8.14 12.129
3 16 -2 -9.982 3.465 -2.435 -10.044 3.175 4 -8.14 12.129
3 16 -1.531 -9.933 3.697 -2 -9.982 3.465 4 -8.14 12.129
3 16 -1.035 -9.897 3.865 -1.531 -9.933 3.697 4 -8.14 12.129
3 16 -0.522 -9.875 3.967 -1.035 -9.897 3.865 4 -8.14 12.129
3 16 0 -9.868 4.001 -0.522 -9.875 3.967 4 -8.14 12.129
3 16 0.522 -9.875 3.967 0 -9.868 4.001 4 -8.14 12.129
3 16 1.035 -9.897 3.865 0.522 -9.875 3.967 4 -8.14 12.129
3 16 1.531 -9.933 3.697 1.035 -9.897 3.865 4 -8.14 12.129
3 16 2 -9.982 3.465 1.531 -9.933 3.697 4 -8.14 12.129
3 16 2.435 -10.044 3.175 2 -9.982 3.465 4 -8.14 12.129
3 16 2.828 -10.117 2.83 2.435 -10.044 3.175 4 -8.14 12.129
3 16 3.174 -10.201 2.436 2.828 -10.117 2.83 4 -8.14 12.129
3 16 3.464 -10.293 2.001 3.174 -10.201 2.436 4 -8.14 12.129
3 16 3.696 -10.393 1.532 3.464 -10.293 2.001 4 -8.14 12.129
3 16 3.864 -10.498 1.036 3.696 -10.393 1.532 4 -8.14 12.129
3 16 3.966 -10.607 0.523 3.864 -10.498 1.036 4 -8.14 12.129
3 16 4 -8.14 12.129 4 -10.718 0.001 3.966 -10.607 0.523
4 16 1.531 -11.504 -3.694 4 -15.209 -21.128 1.5 -15.209 -21.128 1.5 -11.506 -3.705
3 16 3.864 -10.938 -1.034 3.966 -10.829 -0.521 4 -15.209 -21.128
3 16 3.696 -11.044 -1.53 3.864 -10.938 -1.034 4 -15.209 -21.128
3 16 3.464 -11.143 -1.999 3.696 -11.044 -1.53 4 -15.209 -21.128
3 16 3.174 -11.236 -2.434 3.464 -11.143 -1.999 4 -15.209 -21.128
3 16 2.828 -11.319 -2.827 3.174 -11.236 -2.434 4 -15.209 -21.128
3 16 2.435 -11.393 -3.172 2.828 -11.319 -2.827 4 -15.209 -21.128
3 16 2 -11.455 -3.463 2.435 -11.393 -3.172 4 -15.209 -21.128
3 16 4 -15.209 -21.128 1.531 -11.504 -3.694 2 -11.455 -3.463
3 16 4 -15.209 -21.128 3.968 -10.822 -0.487 4 -10.718 0.001
2 24 1.5 -17.421 6.946 1.5 -19.5 -2.836
2 24 -1.5 -17.421 6.946 -1.5 -19.5 -2.836
2 24 1.5 -19.5 -2.836 -1.5 -19.5 -2.836
2 24 1.5 -17.421 6.946 -1.5 -17.421 6.946
2 24 -1.5 -24.081 -1.862 -1.5 -22.418 5.963
2 24 -1.5 -22.112 6.518 -1.5 -21.461 7.804
2 24 -1.5 -22.418 5.963 -1.5 -22.112 6.518
2 24 0 -20.942 7.694 0.313 -20.962 7.698
2 24 -0.313 -20.962 7.698 0 -20.942 7.694
2 24 -0.621 -21.022 7.711 -0.313 -20.962 7.698
2 24 -0.918 -21.121 7.732 -0.621 -21.022 7.711
2 24 -1.2 -21.257 7.761 -0.918 -21.121 7.732
2 24 -1.461 -21.427 7.797 -1.2 -21.257 7.761
2 24 -1.5 -21.461 7.804 -1.461 -21.427 7.797
2 24 1.461 -21.427 7.797 1.5 -21.461 7.804
2 24 1.2 -21.257 7.761 1.461 -21.427 7.797
2 24 0.918 -21.121 7.732 1.2 -21.257 7.761
2 24 0.621 -21.022 7.711 0.918 -21.121 7.732
2 24 0.313 -20.962 7.698 0.621 -21.022 7.711
2 24 -1.5 -24.081 -1.862 -1.414 -23.986 -1.882
2 24 -1.414 -23.986 -1.882 -1.218 -23.817 -1.918
2 24 -1.218 -23.817 -1.918 -1 -23.675 -1.948
2 24 -1 -23.675 -1.948 -0.765 -23.562 -1.973
2 24 -0.765 -23.562 -1.973 -0.518 -23.479 -1.99
2 24 -0.518 -23.479 -1.99 -0.261 -23.43 -2.001
2 24 -0.261 -23.43 -2.001 0 -23.413 -2.004
2 24 0 -23.413 -2.004 0.261 -23.43 -2.001
2 24 0.261 -23.43 -2.001 0.518 -23.479 -1.99
2 24 0.518 -23.479 -1.99 0.765 -23.562 -1.973
2 24 0.765 -23.562 -1.973 1 -23.675 -1.948
2 24 1 -23.675 -1.948 1.218 -23.817 -1.918
2 24 1.218 -23.817 -1.918 1.414 -23.986 -1.882
2 24 1.5 -24.081 -1.862 1.414 -23.986 -1.882
2 24 1.5 -24.081 -1.862 1.5 -22.418 5.963
2 24 1.5 -22.418 5.963 1.5 -22.112 6.518
2 24 1.5 -22.112 6.518 1.5 -21.461 7.804
3 16 -1.5 -22.112 6.518 -1.5 -21.461 7.804 -1.5 -17.421 6.946
3 16 -1.5 -17.421 6.946 -1.5 -22.418 5.963 -1.5 -22.112 6.518
4 16 -1.5 -17.421 6.946 -1.5 -19.5 -2.836 -1.5 -24.081 -1.862 -1.5 -22.418 5.963
4 16 1.461 -21.427 7.797 1.5 -21.461 7.804 1.5 -17.421 6.946 -1.5 -17.421 6.946
3 16 1.2 -21.257 7.761 1.461 -21.427 7.797 -1.5 -17.421 6.946
3 16 0.918 -21.121 7.732 1.2 -21.257 7.761 -1.5 -17.421 6.946
3 16 0.621 -21.022 7.711 0.918 -21.121 7.732 -1.5 -17.421 6.946
3 16 0.31 -20.962 7.698 0.621 -21.022 7.711 -1.5 -17.421 6.946
3 16 0 -20.942 7.694 0.31 -20.962 7.698 -1.5 -17.421 6.946
3 16 -0.313 -20.962 7.698 0 -20.942 7.694 -1.5 -17.421 6.946
3 16 -0.621 -21.022 7.711 -0.313 -20.962 7.698 -1.5 -17.421 6.946
3 16 -0.918 -21.121 7.732 -0.621 -21.022 7.711 -1.5 -17.421 6.946
3 16 -1.2 -21.257 7.761 -0.918 -21.121 7.732 -1.5 -17.421 6.946
3 16 -1.461 -21.427 7.797 -1.2 -21.257 7.761 -1.5 -17.421 6.946
3 16 -1.5 -17.421 6.946 -1.5 -21.461 7.804 -1.461 -21.427 7.797
4 16 -1.414 -23.986 -1.882 -1.5 -24.081 -1.862 -1.5 -19.5 -2.836 1.5 -19.5 -2.836
3 16 -1.218 -23.817 -1.918 -1.414 -23.986 -1.882 1.5 -19.5 -2.836
3 16 -1 -23.675 -1.948 -1.218 -23.817 -1.918 1.5 -19.5 -2.836
3 16 -0.765 -23.562 -1.973 -1 -23.675 -1.948 1.5 -19.5 -2.836
3 16 -0.518 -23.479 -1.99 -0.765 -23.562 -1.973 1.5 -19.5 -2.836
3 16 -0.261 -23.43 -2.001 -0.518 -23.479 -1.99 1.5 -19.5 -2.836
3 16 0 -23.413 -2.004 -0.261 -23.43 -2.001 1.5 -19.5 -2.836
3 16 0.261 -23.43 -2.001 0 -23.413 -2.004 1.5 -19.5 -2.836
3 16 0.518 -23.479 -1.99 0.261 -23.43 -2.001 1.5 -19.5 -2.836
3 16 0.765 -23.562 -1.973 0.518 -23.479 -1.99 1.5 -19.5 -2.836
3 16 1 -23.675 -1.948 0.765 -23.562 -1.973 1.5 -19.5 -2.836
3 16 1.218 -23.817 -1.918 1 -23.675 -1.948 1.5 -19.5 -2.836
3 16 1.414 -23.986 -1.882 1.218 -23.817 -1.918 1.5 -19.5 -2.836
3 16 1.5 -19.5 -2.836 1.5 -24.081 -1.862 1.414 -23.986 -1.882
4 16 1.5 -22.418 5.963 1.5 -24.081 -1.862 1.5 -19.5 -2.836 1.5 -17.421 6.946
3 16 1.5 -22.112 6.518 1.5 -22.418 5.963 1.5 -17.421 6.946
3 16 1.5 -17.421 6.946 1.5 -21.461 7.804 1.5 -22.112 6.518
2 24 -1.5 -21.461 7.804 -1.5 -17.421 6.946
2 24 1.5 -21.461 7.804 1.5 -17.421 6.946
2 24 1.5 -24.081 -1.862 1.5 -19.5 -2.836
2 24 -1.5 -24.081 -1.862 -1.5 -19.5 -2.836
1 16 0 -26.201 -5.501 2 0 0 0 2.49494 -1.9563 0 11.7378 0.41582 4-4disc.dat
1 16 0 -26.201 -5.501 2 0 0 0 2.49494 -1.9563 0 11.7378 0.41582 4-4edge.dat
1 16 0 -23.706 6.237 2 0 0 0 2.49494 -1.9563 0 11.7378 0.41582 4-4edge.dat
1 16 0 -21.627 16.018 4 0 0 0 -0.20791 3.91259 0 -0.97815 -0.83165 4-4disc.dat
1 16 0 -21.627 16.018 4 0 0 0 3.32659 -3.91259 0 15.6504 0.83165 4-4edge.dat
1 16 0 -12 0 4 0 0 0 18.0001 0 0 0 4 4-4cyli.dat
1 16 0 6 0 4 0 0 0 -18.0001 0 0 0 -4 4-4disc.dat
1 16 0 6 0 4 0 0 0 18.0001 0 0 0 4 4-4edge.dat
0 BFC INVERTNEXT
1 16 4 -16.003 -5.624 0 -2 0 -1.45538 0 -1.9563 -6.84704 0 0.41582 box5.dat
0 BFC INVERTNEXT
1 16 -4 -16.003 -5.624 0 2 0 -1.45538 0 -1.9563 -6.84704 0 0.41582 box5.dat
0 FILE p/box5.dat
0 Box with 5 Faces and All Edges
0 Name: box5.dat
0 Author: James Jessiman
0 !LDRAW_ORG Primitive UPDATE 2012-01
0 !LICENSE Licensed under CC BY 4.0 : see CAreadme.txt

0 BFC CERTIFY CCW

0 !HISTORY 2002-04-03 [sbliss] Modified for BFC compliance
0 !HISTORY 2002-04-25 [PTadmin] Official Update 2002-02
0 !HISTORY 2007-06-24 [PTadmin] Header formatted for Contributor Agreement
0 !HISTORY 2008-07-01 [PTadmin] Official Update 2008-01
0 !HISTORY 2012-02-16 [Philo] Changed to CCW
0 !HISTORY 2012-03-30 [PTadmin] Official Update 2012-01


2 24 1 1 1 -1 1 1
2 24 -1 1 1 -1 1 -1
2 24 -1 1 -1 1 1 -1
2 24 1 1 -1 1 1 1
2 24 1 0 1 -1 0 1
2 24 -1 0 1 -1 0 -1
2 24 -1 0 -1 1 0 -1
2 24 1 0 -1 1 0 1
2 24 1 0 1 1 1 1
2 24 -1 0 1 -1 1 1
2 24 1 0 -1 1 1 -1
2 24 -1 0 -1 -1 1 -1
4 16 -1 1 1 1 1 1 1 1 -1 -1 1 -1
4 16 -1 1 1 -1 0 1 1 0 1 1 1 1
4 16 -1 1 -1 -1 0 -1 -1 0 1 -1 1 1
4 16 1 1 -1 1 0 -1 -1 0 -1 -1 1 -1
4 16 1 1 1 1 0 1 1 0 -1 1 1 -1
0 FILE p/rect2a.dat
0 Rectangle with 2 Adjacent Edges
0 Name: rect2a.dat
0 Author: Chris Dee [cwdee]
0 !LDRAW_ORG Primitive UPDATE 2010-01
0 !LICENSE Licensed under CC BY 4.0 : see CAreadme.txt

0 BFC CERTIFY CCW

0 !HISTORY 2003-12-19 [PTadmin] Official Update 2003-03
0 !HISTORY 2007-06-24 [PTadmin] Header formatted for Contributor Agreement
0 !HISTORY 2008-07-01 [PTadmin] Official Update 2008-01
0 !HISTORY 2010-01-17 [mikeheide] changed winding to CCW
0 !HISTORY 2010-04-05 [PTadmin] Official Update 2010-01


2 24 1 0 1 -1 0 1
2 24 1 0 -1 1 0 1
4 16 -1 0 1 -1 0 -1 1 0 -1 1 0 1
0
0 FILE p/box0.dat
0 Box with 0 Faces and All Edges
0 Name: box0.dat
0 Author: Santeri Piippo [arezey]
0 !LDRAW_ORG Primitive UPDATE 2010-02
0 !LICENSE Licensed under CC BY 4.0 : see CAreadme.txt

0 BFC CERTIFY CCW

0 !HISTORY 2010-07-05 [PTadmin] Official Update 2010-02


2 24 -1 1 -1 1 1 -1
2 24 -1 -1 -1 1 -1 -1
2 24 1 1 1 1 1 -1
2 24 1 -1 1 1 -1 -1
2 24 -1 1 1 -1 1 -1
2 24 -1 -1 1 -1 -1 -1
2 24 1 1 1 -1 1 1
2 24 1 -1 1 -1 -1 1
2 24 1 -1 1 1 1 1
2 24 -1 -1 1 -1 1 1
2 24 -1 -1 -1 -1 1 -1
2 24 1 -1 -1 1 1 -1
0 //
0 FILE p/4-4con1.dat
0 Cone  1 x 1.0
0 Name: 4-4con1.dat
0 Author: Steve Bliss [sbliss]
0 !LDRAW_ORG Primitive UPDATE 2012-01
0 !LICENSE Licensed under CC BY 4.0 : see CAreadme.txt

0 BFC CERTIFY CCW

0 !HISTORY 1999-08-19 [sbliss] Renamed 4-4con12.dat to 4-4con1.dat, Moved all conditional lines before quads
0 !HISTORY 2000-05-07 [PTadmin] Official Update 2000-01
0 !HISTORY 2002-12-11 [cwdee] Standardised title and made BFC compliant
0 !HISTORY 2003-08-01 [PTadmin] Official Update 2003-02
0 !HISTORY 2007-06-24 [PTadmin] Header formatted for Contributor Agreement
0 !HISTORY 2008-07-01 [PTadmin] Official Update 2008-01
0 !HISTORY 2012-02-16 [Philo] Changed to CCW, reordered
0 !HISTORY 2012-03-30 [PTadmin] Official Update 2012-01


5 24 1 1 0 2 0 0 0.9239 1 -0.3827 0.9239 1 0.3827
5 24 0.9239 1 0.3827 1.8478 0 0.7654 1 1 0 0.7071 1 0.7071
5 24 0.7071 1 0.7071 1.4142 0 1.4142 0.9239 1 0.3827 0.3827 1 0.9239
5 24 0.3827 1 0.9239 0.7654 0 1.8478 0.7071 1 0.7071 0 1 1
5 24 0 1 1 0 0 2 0.3827 1 0.9239 -0.3827 1 0.9239
5 24 -0.3827 1 0.9239 -0.7654 0 1.8478 0 1 1 -0.7071 1 0.7071
5 24 -0.7071 1 0.7071 -1.4142 0 1.4142 -0.3827 1 0.9239 -0.9239 1 0.3827
5 24 -0.9239 1 0.3827 -1.8478 0 0.7654 -0.7071 1 0.7071 -1 1 0
5 24 -1 1 0 -2 0 0 -0.9239 1 0.3827 -0.9239 1 -0.3827
5 24 -0.9239 1 -0.3827 -1.8478 0 -0.7654 -1 1 0 -0.7071 1 -0.7071
5 24 -0.7071 1 -0.7071 -1.4142 0 -1.4142 -0.9239 1 -0.3827 -0.3827 1 -0.9239
5 24 -0.3827 1 -0.9239 -0.7654 0 -1.8478 -0.7071 1 -0.7071 0 1 -1
5 24 0 1 -1 0 0 -2 -0.3827 1 -0.9239 0.3827 1 -0.9239
5 24 0.3827 1 -0.9239 0.7654 0 -1.8478 0 1 -1 0.7071 1 -0.7071
5 24 0.7071 1 -0.7071 1.4142 0 -1.4142 0.3827 1 -0.9239 0.9239 1 -0.3827
5 24 0.9239 1 -0.3827 1.8478 0 -0.7654 0.7071 1 -0.7071 1 1 0

4 16 2 0 0 1 1 0 0.9239 1 0.3827 1.8478 0 0.7654
4 16 1.8478 0 0.7654 0.9239 1 0.3827 0.7071 1 0.7071 1.4142 0 1.4142
4 16 1.4142 0 1.4142 0.7071 1 0.7071 0.3827 1 0.9239 0.7654 0 1.8478
4 16 0.7654 0 1.8478 0.3827 1 0.9239 0 1 1 0 0 2
4 16 0 0 2 0 1 1 -0.3827 1 0.9239 -0.7654 0 1.8478
4 16 -0.7654 0 1.8478 -0.3827 1 0.9239 -0.7071 1 0.7071 -1.4142 0 1.4142
4 16 -1.4142 0 1.4142 -0.7071 1 0.7071 -0.9239 1 0.3827 -1.8478 0 0.7654
4 16 -1.8478 0 0.7654 -0.9239 1 0.3827 -1 1 0 -2 0 0
4 16 -2 0 0 -1 1 0 -0.9239 1 -0.3827 -1.8478 0 -0.7654
4 16 -1.8478 0 -0.7654 -0.9239 1 -0.3827 -0.7071 1 -0.7071 -1.4142 0 -1.4142
4 16 -1.4142 0 -1.4142 -0.7071 1 -0.7071 -0.3827 1 -0.9239 -0.7654 0 -1.8478
4 16 -0.7654 0 -1.8478 -0.3827 1 -0.9239 0 1 -1 0 0 -2
4 16 0 0 -2 0 1 -1 0.3827 1 -0.9239 0.7654 0 -1.8478
4 16 0.7654 0 -1.8478 0.3827 1 -0.9239 0.7071 1 -0.7071 1.4142 0 -1.4142
4 16 1.4142 0 -1.4142 0.7071 1 -0.7071 0.9239 1 -0.3827 1.8478 0 -0.7654
4 16 1.8478 0 -0.7654 0.9239 1 -0.3827 1 1 0 2 0 0
0 FILE p/rect1.dat
0 Rectangle with 1 Edge
0 Name: rect1.dat
0 Author: Chris Dee [cwdee]
0 !LDRAW_ORG Primitive UPDATE 2010-01
0 !LICENSE Licensed under CC BY 4.0 : see CAreadme.txt

0 BFC CERTIFY CCW

0 !HISTORY 2003-12-19 [PTadmin] Official Update 2003-03
0 !HISTORY 2007-06-24 [PTadmin] Header formatted for Contributor Agreement
0 !HISTORY 2008-07-01 [PTadmin] Official Update 2008-01
0 !HISTORY 2010-01-17 [mikeheide] changed winding to CCW
0 !HISTORY 2010-04-05 [PTadmin] Official Update 2010-01


2 24 1 0 -1 1 0 1
4 16 -1 0 1 -1 0 -1 1 0 -1 1 0 1
0
0 FILE parts/30370.dat
0 Minifig Helmet Star Wars Rebel Pilot
0 Name: 30370.dat
0 Author: Damien Roux [Darats]
0 !LDRAW_ORG Part UPDATE 2012-03
0 !LICENSE Licensed under CC BY 4.0 : see CAreadme.txt

0 BFC CERTIFY CCW

0 !CATEGORY Minifig Headwear
0 !KEYWORDS BrickLink x164, Skyhopper, T-16, X-Wing, Y-Wing

0 !HISTORY 2011-12-29 [PTadmin] Official Update 2011-02
0 !HISTORY 2012-12-24 [cwdee] Update category
0 !HISTORY 2012-12-28 [PTadmin] Official Update 2012-03


1 16 0 0 0 1 0 0 0 1 0 0 0 1 s\30370s01.dat
1 16 0 0 0 -1 0 0 0 1 0 0 0 1 s\30370s01.dat
1 16 0 0 0 1 0 0 0 1 0 0 0 1 s\30370s02.dat
1 16 0 0 0 -1 0 0 0 1 0 0 0 1 s\30370s02.dat
1 16 0 0 0 1 0 0 0 1 0 0 0 1 s\30370s03.dat
1 16 0 0 0 -1 0 0 0 1 0 0 0 1 s\30370s03.dat
1 16 0 0 0 1 0 0 0 1 0 0 0 1 s\30370s04.dat
1 16 0 0 0 -1 0 0 0 1 0 0 0 1 s\30370s04.dat
1 16 0 0 0 1 0 0 0 1 0 0 0 1 s\30370s05.dat
1 16 0 0 0 -1 0 0 0 1 0 0 0 1 s\30370s05.dat
1 16 0 -4 0 -8 0 0 0 -1 0 0 0 8 4-4disc.dat
1 16 0 -4 0 0 0 1 0 -1 0 -1 0 0 stud16.dat
5 24 0 3 -13 0 -4 -8 3.06 -4 -7.39 -3.06 -4 -7.39
5 24 0 5.46 -13.11 0 3 -13 4.32 5.46 -12.39 -4.32 5.46 -12.39
5 24 0 -4 8 0 3 13 4.97 3 12.01 -3.06 -4 7.39
5 24 0 3 13 0 5.46 13 4.97 5.46 12.01 -4.97 5.46 12.01
5 24 0 5.46 13 0 15.93 13.64 4.97 5.46 12.01 -4.97 5.46 12.01
0 FILE p/stud16.dat
0 Stud Tube Open Split
0 Name: stud16.dat
0 Author: Philippe Hurbain [Philo]
0 !LDRAW_ORG Primitive UPDATE 2011-01
0 !LICENSE Licensed under CC BY 4.0 : see CAreadme.txt

0 BFC CERTIFY CCW

0 !HISTORY 2010-03-03 [Philo] Creation
0 !HISTORY 2011-07-25 [PTadmin] Official Update 2011-01


1 16 0 -4 0 5.54328 0 -2.2961 0 1 0 2.2961 0 5.54328 3-8edge.dat
1 16 0 0 0 5.54328 0 -2.2961 0 1 0 2.2961 0 5.54328 3-8edge.dat
0 BFC INVERTNEXT
1 16 0 -4 0 5.54328 0 -2.2961 0 4 0 2.2961 0 5.54328 3-8cyli.dat
1 16 0 -4 0 7.39104 0 -3.06147 0 4 0 3.06147 0 7.39104 3-8cyli.dat
1 16 0 -4 0 1.84776 0 -0.76537 0 1 0 0.76537 0 1.84776 3-8ring3.dat
1 16 0 -4 0 7.39104 0 -3.06147 0 1 0 3.06147 0 7.39104 3-8edge.dat
1 16 0 0 0 7.39104 0 -3.06147 0 1 0 3.06147 0 7.39104 3-8edge.dat
2 24 5.702 -4 1.5 5.543 -4 2.296
2 24 5.702 0 1.5 5.543 0 2.296
5 24 5.543 -4 2.296 5.543 0 2.296 4.243 -4 4.243 6 -4 0
5 24 7.391 -4 3.062 7.391 0 3.062 5.657 -4 5.657 8 -4 0
2 24 7.702 -4 1.5 7.391 -4 3.062
2 24 7.702 0 1.5 7.391 0 3.062
4 16 5.543 -4 2.296 5.543 0 2.296 5.702 0 1.5 5.702 -4 1.5
4 16 7.702 -4 1.5 7.702 0 1.5 7.391 0 3.062 7.391 -4 3.062
4 16 5.702 -4 1.5 7.702 -4 1.5 7.391 -4 3.062 5.543 -4 2.296
1 16 6.702 -2 1.5 1 0 0 0 0 2 0 1 0 rect.dat
2 24 -5.702 -4 1.5 -5.543 -4 2.296
2 24 -5.702 0 1.5 -5.543 0 2.296
5 24 -5.543 -4 2.296 -5.543 0 2.296 -4.243 -4 4.243 -6 -4 0
5 24 -7.391 -4 3.062 -7.391 0 3.062 -5.657 -4 5.657 -8 -4 0
2 24 -7.702 -4 1.5 -7.391 -4 3.062
2 24 -7.702 0 1.5 -7.391 0 3.062
4 16 -5.702 -4 1.5 -5.702 0 1.5 -5.543 0 2.296 -5.543 -4 2.296
4 16 -7.391 -4 3.062 -7.391 0 3.062 -7.702 0 1.5 -7.702 -4 1.5
4 16 -5.543 -4 2.296 -7.391 -4 3.062 -7.702 -4 1.5 -5.702 -4 1.5
1 16 -6.702 -2 1.5 -1 0 0 0 0 2 0 1 0 rect.dat
1 16 0 -4 0 -5.54328 0 2.2961 0 1 0 -2.2961 0 -5.54328 3-8edge.dat
1 16 0 0 0 -5.54328 0 2.2961 0 1 0 -2.2961 0 -5.54328 3-8edge.dat
0 BFC INVERTNEXT
1 16 0 -4 0 -5.54328 0 2.2961 0 4 0 -2.2961 0 -5.54328 3-8cyli.dat
1 16 0 -4 0 -7.39104 0 3.06147 0 4 0 -3.06147 0 -7.39104 3-8cyli.dat
1 16 0 -4 0 -1.84776 0 0.76537 0 1 0 -0.76537 0 -1.84776 3-8ring3.dat
1 16 0 -4 0 -7.39104 0 3.06147 0 1 0 -3.06147 0 -7.39104 3-8edge.dat
1 16 0 0 0 -7.39104 0 3.06147 0 1 0 -3.06147 0 -7.39104 3-8edge.dat
2 24 -5.702 -4 -1.5 -5.543 -4 -2.296
2 24 -5.702 0 -1.5 -5.543 0 -2.296
5 24 -5.543 -4 -2.296 -5.543 0 -2.296 -4.243 -4 -4.243 -6 -4 0
5 24 -7.391 -4 -3.062 -7.391 0 -3.062 -5.657 -4 -5.657 -8 -4 0
2 24 -7.702 -4 -1.5 -7.391 -4 -3.062
2 24 -7.702 0 -1.5 -7.391 0 -3.062
4 16 -5.543 -4 -2.296 -5.543 0 -2.296 -5.702 0 -1.5 -5.702 -4 -1.5
4 16 -7.702 -4 -1.5 -7.702 0 -1.5 -7.391 0 -3.062 -7.391 -4 -3.062
4 16 -5.702 -4 -1.5 -7.702 -4 -1.5 -7.391 -4 -3.062 -5.543 -4 -2.296
1 16 -6.702 -2 -1.5 -1 0 0 0 0 2 0 -1 0 rect.dat
2 24 5.702 -4 -1.5 5.543 -4 -2.296
2 24 5.702 0 -1.5 5.543 0 -2.296
5 24 5.543 -4 -2.296 5.543 0 -2.296 4.243 -4 -4.243 6 -4 0
5 24 7.391 -4 -3.062 7.391 0 -3.062 5.657 -4 -5.657 8 -4 0
2 24 7.702 -4 -1.5 7.391 -4 -3.062
2 24 7.702 0 -1.5 7.391 0 -3.062
4 16 5.702 -4 -1.5 5.702 0 -1.5 5.543 0 -2.296 5.543 -4 -2.296
4 16 7.391 -4 -3.062 7.391 0 -3.062 7.702 0 -1.5 7.702 -4 -1.5
4 16 5.543 -4 -2.296 7.391 -4 -3.062 7.702 -4 -1.5 5.702 -4 -1.5
1 16 6.702 -2 -1.5 1 0 0 0 0 2 0 -1 0 rect.dat
0 FILE p/3-8edge.dat
0 Circle 0.375
0 Name: 3-8edge.dat
0 Author: James Jessiman
0 !LDRAW_ORG Primitive UPDATE 2017-01
0 !LICENSE Licensed under CC BY 4.0 : see CAreadme.txt

0 BFC CERTIFY CCW

0 !HISTORY 2007-06-24 [PTadmin] Header formatted for Contributor Agreement
0 !HISTORY 2008-07-01 [PTadmin] Official Update 2008-01
0 !HISTORY 2017-01-15 [Steffen] BFCed
0 !HISTORY 2017-12-30 [PTadmin] Official Update 2017-01


2 24 1 0 0 0.9239 0 0.3827
2 24 0.9239 0 0.3827 0.7071 0 0.7071
2 24 0.7071 0 0.7071 0.3827 0 0.9239
2 24 0.3827 0 0.9239 0 0 1
2 24 0 0 1 -0.3827 0 0.9239
2 24 -0.3827 0 0.9239 -0.7071 0 0.7071
0 FILE p/3-8ring3.dat
0 Ring  3 x 0.375
0 Name: 3-8ring3.dat
0 Author: Niels Karsdorp [nielsk]
0 !LDRAW_ORG Primitive UPDATE 2005-01
0 !LICENSE Licensed under CC BY 4.0 : see CAreadme.txt

0 BFC CERTIFY CCW

0 !HISTORY 2004-11-10 [nielsk] changed to CCW
0 !HISTORY 2005-12-28 [PTadmin] Official Update 2005-01
0 !HISTORY 2007-06-24 [PTadmin] Header formatted for Contributor Agreement
0 !HISTORY 2008-07-01 [PTadmin] Official Update 2008-01


4 16 4 0 0 3.6956 0 1.5308 2.7717 0 1.1481 3 0 0
4 16 3.6956 0 1.5308 2.8284 0 2.8284 2.1213 0 2.1213 2.7717 0 1.1481
4 16 2.8284 0 2.8284 1.5308 0 3.6956 1.1481 0 2.7717 2.1213 0 2.1213
4 16 1.5308 0 3.6956 0 0 4 0 0 3 1.1481 0 2.7717
4 16 0 0 4 -1.5308 0 3.6956 -1.1481 0 2.7717 0 0 3
4 16 -1.5308 0 3.6956 -2.8284 0 2.8284 -2.1213 0 2.1213 -1.1481 0 2.7717
0
0 FILE p/3-8cyli.dat
0 Cylinder 0.375
0 Name: 3-8cyli.dat
0 Author: James Jessiman
0 !LDRAW_ORG Primitive UPDATE 2005-01
0 !LICENSE Licensed under CC BY 4.0 : see CAreadme.txt

0 BFC CERTIFY CCW

0 !HISTORY 2002-05-08 [OrionP] Made BFC compliant
0 !HISTORY 2002-08-18 [PTadmin] Official Update 2002-04
0 !HISTORY 2004-12-11 [nielsk] Recreated using Primitive Generator, Edge lines fixed, BFC changed to CCW
0 !HISTORY 2005-12-28 [PTadmin] Official Update 2005-01
0 !HISTORY 2007-06-24 [PTadmin] Header formatted for Contributor Agreement
0 !HISTORY 2008-07-01 [PTadmin] Official Update 2008-01


4 16 .9239 1 .3827 .9239 0 .3827 1 0 0 1 1 0
4 16 .7071 1 .7071 .7071 0 .7071 .9239 0 .3827 .9239 1 .3827
4 16 .3827 1 .9239 .3827 0 .9239 .7071 0 .7071 .7071 1 .7071
4 16 0 1 1 0 0 1 .3827 0 .9239 .3827 1 .9239
4 16 -.3827 1 .9239 -.3827 0 .9239 0 0 1 0 1 1
4 16 -.7071 1 .7071 -.7071 0 .7071 -.3827 0 .9239 -.3827 1 .9239
5 24 1 1 0 1 0 0 1 1 -.4142 .9239 1 .3827
5 24 .9239 1 .3827 .9239 0 .3827 1 1 0 .7071 1 .7071
5 24 .7071 1 .7071 .7071 0 .7071 .9239 1 .3827 .3827 1 .9239
5 24 .3827 1 .9239 .3827 0 .9239 .7071 1 .7071 0 1 1
5 24 0 1 1 0 0 1 .3827 1 .9239 -.3827 1 .9239
5 24 -.3827 1 .9239 -.3827 0 .9239 0 1 1 -.7071 1 .7071
5 24 -.7071 1 .7071 -.7071 0 .7071 -.3827 1 .9239 -1 1 .4142
0
0 FILE parts/s/30370s05.dat
0 ~Minifig Helmet Star Wars Rebel Pilot - Side Pattern
0 Name: s\30370s05.dat
0 Author: Damien Roux [Darats]
0 !LDRAW_ORG Subpart UPDATE 2011-02
0 !LICENSE Licensed under CC BY 4.0 : see CAreadme.txt

0 BFC CERTIFY CCW

0 !HISTORY 2011-12-29 [PTadmin] Official Update 2011-02


4 16 14.656 -2.997 6.045 14.681 -3.658 4.445 17.399 0.737 3.556 17.374 1.524 5.359
3 16 17.374 1.524 5.359 14.605 -2.108 7.62 14.656 -2.997 6.045
3 16 16.459 2.21 9.042 14.783 -0.813 8.941 17.272 2.692 7.239
3 16 14.58 -4.191 1.168 17.374 0.356 1.803 14.656 -4.039 2.819
3 16 17.297 0.356 -0.152 17.374 0.356 1.803 14.58 -4.191 1.168
3 16 14.453 -4.115 -0.559 17.297 0.356 -0.152 14.58 -4.191 1.168
3 16 14.351 -3.81 -2.261 17.297 0.356 -0.152 14.453 -4.115 -0.559
3 16 14.351 -3.81 -2.261 17.221 0.813 -1.956 17.297 0.356 -0.152
3 16 14.224 -3.277 -3.912 17.221 0.813 -1.956 14.351 -3.81 -2.261
3 16 14.224 -3.277 -3.912 14.122 -2.489 -5.461 17.221 0.813 -1.956
3 16 14.072 -1.448 -6.858 17.094 1.753 -3.607 14.122 -2.489 -5.461
3 16 14.046 -0.203 -8.077 17.094 1.753 -3.607 14.072 -1.448 -6.858
4 16 16.993 3.175 -4.928 17.094 1.753 -3.607 14.046 -0.203 -8.077 14.046 1.194 -9.119
3 16 17.094 1.753 -3.607 17.221 0.813 -1.956 14.122 -2.489 -5.461
3 16 14.072 2.667 -9.957 16.993 3.175 -4.928 14.046 1.194 -9.119
3 16 14.122 4.242 -10.617 16.993 3.175 -4.928 14.072 2.667 -9.957
3 16 14.122 4.242 -10.617 16.942 4.826 -5.944 16.993 3.175 -4.928
3 16 14.224 5.461 -11.074 16.942 4.826 -5.944 14.122 4.242 -10.617
3 16 14.224 5.461 -11.074 16.916 6.909 -6.502 16.942 4.826 -5.944
3 16 14.427 9.195 -11.43 16.916 6.909 -6.502 14.224 5.461 -11.074
3 16 14.427 9.195 -11.43 16.891 9.246 -7.137 16.916 6.909 -6.502
3 16 14.427 9.195 -11.43 14.529 10.541 -11.354 16.891 9.246 -7.137
3 16 15.824 1.219 9.398 14.783 -0.813 8.941 16.459 2.21 9.042
4 16 14.681 -3.658 4.445 14.656 -4.039 2.819 17.374 0.356 1.803 17.399 0.737 3.556
4 16 14.605 -2.108 7.62 17.374 1.524 5.359 17.272 2.692 7.239 14.783 -0.813 8.941
3 16 14.783 -0.813 8.941 15.824 1.219 9.398 15.088 0.025 9.373
3 16 17.069 2.769 8.153 16.459 2.21 9.042 17.272 2.692 7.239
5 24 14.681 -3.658 4.445 17.399 0.737 3.556 14.656 -2.997 6.045 14.656 -4.039 2.819
5 24 17.374 1.524 5.359 14.656 -2.997 6.045 17.399 0.737 3.556 14.605 -2.108 7.62
5 24 17.374 1.524 5.359 14.605 -2.108 7.62 14.656 -2.997 6.045 17.272 2.692 7.239
5 24 17.272 2.692 7.239 16.459 2.21 9.042 14.783 -0.813 8.941 17.069 2.769 8.153
5 24 16.459 2.21 9.042 14.783 -0.813 8.941 17.272 2.692 7.239 15.824 1.219 9.398
5 24 14.783 -0.813 8.941 17.272 2.692 7.239 16.459 2.21 9.042 14.605 -2.108 7.62
5 24 14.58 -4.191 1.168 17.374 0.356 1.803 14.656 -4.039 2.819 17.297 0.356 -0.152
5 24 17.374 0.356 1.803 14.656 -4.039 2.819 14.58 -4.191 1.168 14.681 -3.658 4.445
5 24 14.58 -4.191 1.168 17.297 0.356 -0.152 17.374 0.356 1.803 14.453 -4.115 -0.559
5 24 14.453 -4.115 -0.559 17.297 0.356 -0.152 14.58 -4.191 1.168 14.351 -3.81 -2.261
5 24 14.351 -3.81 -2.261 17.297 0.356 -0.152 14.453 -4.115 -0.559 17.221 0.813 -1.956
5 24 14.351 -3.81 -2.261 17.221 0.813 -1.956 17.297 0.356 -0.152 14.224 -3.277 -3.912
5 24 14.224 -3.277 -3.912 17.221 0.813 -1.956 14.351 -3.81 -2.261 14.122 -2.489 -5.461
5 24 14.122 -2.489 -5.461 17.221 0.813 -1.956 14.224 -3.277 -3.912 17.094 1.753 -3.607
5 24 14.072 -1.448 -6.858 17.094 1.753 -3.607 14.122 -2.489 -5.461 14.046 -0.203 -8.077
5 24 17.094 1.753 -3.607 14.122 -2.489 -5.461 14.072 -1.448 -6.858 17.221 0.813 -1.956
5 24 14.046 -0.203 -8.077 17.094 1.753 -3.607 14.072 -1.448 -6.858 16.993 3.175 -4.928
5 24 14.046 1.194 -9.119 16.993 3.175 -4.928 14.046 -0.203 -8.077 14.072 2.667 -9.957
5 24 14.072 2.667 -9.957 16.993 3.175 -4.928 14.046 1.194 -9.119 14.122 4.242 -10.617
5 24 14.122 4.242 -10.617 16.993 3.175 -4.928 14.072 2.667 -9.957 16.942 4.826 -5.944
5 24 14.122 4.242 -10.617 16.942 4.826 -5.944 16.993 3.175 -4.928 14.224 5.461 -11.074
5 24 14.224 5.461 -11.074 16.942 4.826 -5.944 14.122 4.242 -10.617 16.916 6.909 -6.502
5 24 14.224 5.461 -11.074 16.916 6.909 -6.502 16.942 4.826 -5.944 14.427 9.195 -11.43
5 24 14.427 9.195 -11.43 16.916 6.909 -6.502 14.224 5.461 -11.074 16.891 9.246 -7.137
5 24 14.427 9.195 -11.43 16.891 9.246 -7.137 16.916 6.909 -6.502 14.529 10.541 -11.354
5 24 15.824 1.219 9.398 14.783 -0.813 8.941 16.459 2.21 9.042 15.088 0.025 9.373
0 FILE parts/s/30370s04.dat
0 ~Minifig Helmet Star Wars Rebel Pilot - Top Side Pattern
0 Name: s\30370s04.dat
0 Author: Damien Roux [Darats]
0 !LDRAW_ORG Subpart UPDATE 2011-02
0 !LICENSE Licensed under CC BY 4.0 : see CAreadme.txt

0 BFC CERTIFY CCW

0 !HISTORY 2011-12-29 [PTadmin] Official Update 2011-02


4 16 10.312 -7.518 -1.194 10.414 -7.722 0.889 6.96 -9.525 0.635 6.934 -9.22 -1.651
3 16 10.312 -7.518 -1.194 6.934 -9.22 -1.651 10.236 -6.985 -3.251
3 16 6.934 -9.22 -1.651 6.858 -8.585 -3.861 10.236 -6.985 -3.251
3 16 7.061 -9.119 5.207 3.759 -10.262 5.309 7.01 -9.474 2.946
3 16 3.759 -10.262 5.309 3.759 -10.693 2.87 7.01 -9.474 2.946
3 16 12.522 -4.775 -4.521 12.649 -5.436 -2.769 10.236 -6.985 -3.251
3 16 12.522 -4.775 -4.521 10.236 -6.985 -3.251 10.109 -6.172 -5.156
4 16 12.319 -2.616 -7.645 12.421 -3.81 -6.147 9.982 -5.08 -6.96 9.881 -3.759 -8.585
3 16 12.268 -1.27 -8.992 12.319 -2.616 -7.645 9.881 -3.759 -8.585
3 16 12.268 -1.27 -8.992 9.881 -3.759 -8.585 9.779 -2.261 -10.008
3 16 12.192 0.203 -10.185 12.268 -1.27 -8.992 9.779 -2.261 -10.008
3 16 9.855 -0.483 -11.227 12.141 1.854 -11.201 12.192 0.203 -10.185
3 16 12.141 1.854 -11.201 9.83 1.346 -12.268 12.116 3.632 -12.014
3 16 9.83 1.346 -12.268 9.627 3.251 -13.157 12.116 3.632 -12.014
4 16 9.855 -0.483 -11.227 9.779 -2.261 -10.008 6.655 -3.2 -11.201 6.655 -1.321 -12.522
3 16 9.855 -0.483 -11.227 6.655 -1.321 -12.522 9.83 1.346 -12.268
3 16 6.655 -1.321 -12.522 6.629 0.711 -13.589 9.83 1.346 -12.268
4 16 6.756 -6.401 -7.899 6.807 -7.62 -5.944 3.759 -8.661 -6.629 3.759 -7.366 -8.712
3 16 6.655 -1.321 -12.522 3.785 -1.93 -13.589 6.629 0.711 -13.589
3 16 3.785 -1.93 -13.589 3.759 0.61 -14.808 6.629 0.711 -13.589
3 16 6.629 0.711 -13.589 3.759 0.61 -14.808 4.115 1.346 -15.164
3 16 10.236 -6.985 -3.251 12.649 -5.436 -2.769 10.312 -7.518 -1.194
3 16 12.649 -5.436 -2.769 12.751 -5.817 -0.914 10.312 -7.518 -1.194
3 16 10.312 -7.518 -1.194 12.751 -5.817 -0.914 10.414 -7.722 0.889
3 16 12.751 -5.817 -0.914 12.929 -5.893 2.007 10.414 -7.722 0.889
3 16 10.414 -7.722 0.889 12.929 -5.893 2.007 10.465 -7.645 2.997
3 16 9.627 3.251 -13.157 12.065 5.486 -12.598 12.116 3.632 -12.014
3 16 7.112 2.87 -14.199 6.629 0.711 -13.589 4.115 1.346 -15.164
3 16 10.262 5.461 -13.437 12.065 5.486 -12.598 9.627 3.251 -13.157
4 16 10.465 -7.645 2.997 10.719 -7.214 5.004 7.061 -9.119 5.207 7.01 -9.474 2.946
4 16 10.414 -7.722 0.889 10.465 -7.645 2.997 7.01 -9.474 2.946 6.96 -9.525 0.635
4 16 6.96 -9.525 0.635 7.01 -9.474 2.946 3.759 -10.693 2.87 3.759 -10.744 0.406
4 16 6.934 -9.22 -1.651 6.96 -9.525 0.635 3.759 -10.744 0.406 3.759 -10.389 -2.032
4 16 6.858 -8.585 -3.861 6.934 -9.22 -1.651 3.759 -10.389 -2.032 3.759 -9.677 -4.394
3 16 12.192 0.203 -10.185 9.779 -2.261 -10.008 9.855 -0.483 -11.227
3 16 12.141 1.854 -11.201 9.855 -0.483 -11.227 9.83 1.346 -12.268
4 16 12.421 -3.81 -6.147 12.522 -4.775 -4.521 10.109 -6.172 -5.156 9.982 -5.08 -6.96
4 16 10.109 -6.172 -5.156 10.236 -6.985 -3.251 6.858 -8.585 -3.861 6.807 -7.62 -5.944
4 16 9.982 -5.08 -6.96 10.109 -6.172 -5.156 6.807 -7.62 -5.944 6.756 -6.401 -7.899
4 16 9.881 -3.759 -8.585 9.982 -5.08 -6.96 6.756 -6.401 -7.899 6.706 -4.928 -9.652
4 16 9.779 -2.261 -10.008 9.881 -3.759 -8.585 6.706 -4.928 -9.652 6.655 -3.2 -11.201
4 16 9.627 3.251 -13.157 9.83 1.346 -12.268 6.629 0.711 -13.589 7.112 2.87 -14.199
4 16 6.807 -7.62 -5.944 6.858 -8.585 -3.861 3.759 -9.677 -4.394 3.759 -8.661 -6.629
4 16 6.706 -4.928 -9.652 6.756 -6.401 -7.899 3.759 -7.366 -8.712 3.759 -5.791 -10.592
4 16 6.655 -3.2 -11.201 6.706 -4.928 -9.652 3.759 -5.791 -10.592 3.734 -3.962 -12.243
4 16 6.655 -1.321 -12.522 6.655 -3.2 -11.201 3.734 -3.962 -12.243 3.785 -1.93 -13.589
4 16 10.719 -7.214 5.004 10.465 -7.645 2.997 12.929 -5.893 2.007 13.03 -5.436 4.851
3 16 7.112 2.87 -14.199 10.262 5.461 -13.437 9.627 3.251 -13.157
3 16 4.826 5.131 -15.519 7.112 2.87 -14.199 4.115 1.346 -15.164
3 16 4.826 5.131 -15.519 10.262 5.461 -13.437 7.112 2.87 -14.199
5 24 10.414 -7.722 0.889 6.96 -9.525 0.635 10.312 -7.518 -1.194 10.465 -7.645 2.997
5 24 10.312 -7.518 -1.194 10.414 -7.722 0.889 6.96 -9.525 0.635 12.751 -5.817 -0.914
5 24 6.96 -9.525 0.635 6.934 -9.22 -1.651 10.312 -7.518 -1.194 3.759 -10.744 0.406
5 24 6.934 -9.22 -1.651 10.312 -7.518 -1.194 6.96 -9.525 0.635 10.236 -6.985 -3.251
5 24 6.934 -9.22 -1.651 10.236 -6.985 -3.251 10.312 -7.518 -1.194 6.858 -8.585 -3.861
5 24 10.236 -6.985 -3.251 10.312 -7.518 -1.194 6.934 -9.22 -1.651 12.649 -5.436 -2.769
5 24 6.934 -9.22 -1.651 6.858 -8.585 -3.861 10.236 -6.985 -3.251 3.759 -10.389 -2.032
5 24 6.858 -8.585 -3.861 10.236 -6.985 -3.251 6.934 -9.22 -1.651 10.109 -6.172 -5.156
5 24 3.759 -10.262 5.309 7.01 -9.474 2.946 7.061 -9.119 5.207 3.759 -10.693 2.87
5 24 7.01 -9.474 2.946 7.061 -9.119 5.207 3.759 -10.262 5.309 10.465 -7.645 2.997
5 24 3.759 -10.693 2.87 7.01 -9.474 2.946 3.759 -10.262 5.309 6.96 -9.525 0.635
5 24 12.649 -5.436 -2.769 10.236 -6.985 -3.251 12.522 -4.775 -4.521 10.312 -7.518 -1.194
5 24 10.236 -6.985 -3.251 12.522 -4.775 -4.521 12.649 -5.436 -2.769 10.109 -6.172 -5.156
5 24 10.236 -6.985 -3.251 10.109 -6.172 -5.156 12.522 -4.775 -4.521 6.858 -8.585 -3.861
5 24 10.109 -6.172 -5.156 12.522 -4.775 -4.521 10.236 -6.985 -3.251 12.421 -3.81 -6.147
5 24 12.421 -3.81 -6.147 9.982 -5.08 -6.96 12.319 -2.616 -7.645 12.522 -4.775 -4.521
5 24 9.982 -5.08 -6.96 9.881 -3.759 -8.585 12.319 -2.616 -7.645 6.756 -6.401 -7.899
5 24 9.881 -3.759 -8.585 12.319 -2.616 -7.645 9.982 -5.08 -6.96 12.268 -1.27 -8.992
5 24 9.881 -3.759 -8.585 12.268 -1.27 -8.992 12.319 -2.616 -7.645 9.779 -2.261 -10.008
5 24 9.881 -3.759 -8.585 9.779 -2.261 -10.008 12.268 -1.27 -8.992 6.706 -4.928 -9.652
5 24 9.779 -2.261 -10.008 12.268 -1.27 -8.992 9.881 -3.759 -8.585 12.192 0.203 -10.185
5 24 9.779 -2.261 -10.008 12.192 0.203 -10.185 12.268 -1.27 -8.992 9.855 -0.483 -11.227
5 24 9.855 -0.483 -11.227 12.141 1.854 -11.201 12.192 0.203 -10.185 9.83 1.346 -12.268
5 24 12.192 0.203 -10.185 9.855 -0.483 -11.227 12.141 1.854 -11.201 9.779 -2.261 -10.008
5 24 12.141 1.854 -11.201 9.83 1.346 -12.268 12.116 3.632 -12.014 9.855 -0.483 -11.227
5 24 9.83 1.346 -12.268 12.116 3.632 -12.014 12.141 1.854 -11.201 9.627 3.251 -13.157
5 24 9.83 1.346 -12.268 9.627 3.251 -13.157 12.116 3.632 -12.014 6.629 0.711 -13.589
5 24 9.627 3.251 -13.157 12.116 3.632 -12.014 9.83 1.346 -12.268 12.065 5.486 -12.598
5 24 9.779 -2.261 -10.008 6.655 -3.2 -11.201 9.855 -0.483 -11.227 9.881 -3.759 -8.585
5 24 9.855 -0.483 -11.227 9.779 -2.261 -10.008 6.655 -3.2 -11.201 12.192 0.203 -10.185
5 24 6.655 -3.2 -11.201 6.655 -1.321 -12.522 9.855 -0.483 -11.227 3.734 -3.962 -12.243
5 24 6.655 -1.321 -12.522 9.855 -0.483 -11.227 6.655 -3.2 -11.201 9.83 1.346 -12.268
5 24 6.655 -1.321 -12.522 9.83 1.346 -12.268 9.855 -0.483 -11.227 6.629 0.711 -13.589
5 24 9.83 1.346 -12.268 9.855 -0.483 -11.227 6.655 -1.321 -12.522 12.141 1.854 -11.201
5 24 6.655 -1.321 -12.522 6.629 0.711 -13.589 9.83 1.346 -12.268 3.785 -1.93 -13.589
5 24 6.629 0.711 -13.589 9.83 1.346 -12.268 6.655 -1.321 -12.522 9.627 3.251 -13.157
5 24 6.807 -7.62 -5.944 3.759 -8.661 -6.629 6.756 -6.401 -7.899 6.858 -8.585 -3.861
5 24 6.756 -6.401 -7.899 6.807 -7.62 -5.944 3.759 -8.661 -6.629 9.982 -5.08 -6.96
5 24 3.759 -7.366 -8.712 6.756 -6.401 -7.899 3.759 -8.661 -6.629 6.706 -4.928 -9.652
5 24 6.655 -1.321 -12.522 3.785 -1.93 -13.589 6.629 0.711 -13.589 6.655 -3.2 -11.201
5 24 3.785 -1.93 -13.589 6.629 0.711 -13.589 6.655 -1.321 -12.522 3.759 0.61 -14.808
5 24 3.759 0.61 -14.808 6.629 0.711 -13.589 3.785 -1.93 -13.589 4.115 1.346 -15.164
5 24 4.115 1.346 -15.164 6.629 0.711 -13.589 3.759 0.61 -14.808 7.112 2.87 -14.199
5 24 12.649 -5.436 -2.769 10.312 -7.518 -1.194 10.236 -6.985 -3.251 12.751 -5.817 -0.914
5 24 12.751 -5.817 -0.914 10.312 -7.518 -1.194 12.649 -5.436 -2.769 10.414 -7.722 0.889
5 24 12.751 -5.817 -0.914 10.414 -7.722 0.889 10.312 -7.518 -1.194 12.929 -5.893 2.007
5 24 12.929 -5.893 2.007 10.414 -7.722 0.889 12.751 -5.817 -0.914 10.465 -7.645 2.997
5 24 12.929 -5.893 2.007 10.465 -7.645 2.997 10.414 -7.722 0.889 10.719 -7.214 5.004
5 24 10.465 -7.645 2.997 10.414 -7.722 0.889 12.929 -5.893 2.007 7.01 -9.474 2.946
5 24 9.627 3.251 -13.157 12.065 5.486 -12.598 12.116 3.632 -12.014 10.262 5.461 -13.437
5 24 7.112 2.87 -14.199 6.629 0.711 -13.589 4.115 1.346 -15.164 9.627 3.251 -13.157
5 24 4.115 1.346 -15.164 7.112 2.87 -14.199 6.629 0.711 -13.589 4.826 5.131 -15.519
5 24 9.627 3.251 -13.157 10.262 5.461 -13.437 12.065 5.486 -12.598 7.112 2.87 -14.199
5 24 10.465 -7.645 2.997 10.719 -7.214 5.004 7.061 -9.119 5.207 12.929 -5.893 2.007
5 24 7.01 -9.474 2.946 10.465 -7.645 2.997 10.719 -7.214 5.004 10.414 -7.722 0.889
5 24 7.01 -9.474 2.946 6.96 -9.525 0.635 10.414 -7.722 0.889 3.759 -10.693 2.87
5 24 3.759 -10.744 0.406 6.96 -9.525 0.635 7.01 -9.474 2.946 6.934 -9.22 -1.651
5 24 3.759 -10.389 -2.032 6.934 -9.22 -1.651 6.96 -9.525 0.635 6.858 -8.585 -3.861
5 24 3.759 -9.677 -4.394 6.858 -8.585 -3.861 6.934 -9.22 -1.651 6.807 -7.62 -5.944
5 24 10.109 -6.172 -5.156 9.982 -5.08 -6.96 12.421 -3.81 -6.147 6.807 -7.62 -5.944
5 24 6.858 -8.585 -3.861 6.807 -7.62 -5.944 10.109 -6.172 -5.156 3.759 -9.677 -4.394
5 24 6.807 -7.62 -5.944 10.109 -6.172 -5.156 10.236 -6.985 -3.251 9.982 -5.08 -6.96
5 24 6.756 -6.401 -7.899 9.982 -5.08 -6.96 10.109 -6.172 -5.156 9.881 -3.759 -8.585
5 24 6.756 -6.401 -7.899 6.706 -4.928 -9.652 9.881 -3.759 -8.585 3.759 -7.366 -8.712
5 24 6.706 -4.928 -9.652 9.881 -3.759 -8.585 9.982 -5.08 -6.96 9.779 -2.261 -10.008
5 24 6.706 -4.928 -9.652 6.655 -3.2 -11.201 9.779 -2.261 -10.008 3.759 -5.791 -10.592
5 24 7.112 2.87 -14.199 9.627 3.251 -13.157 9.83 1.346 -12.268 10.262 5.461 -13.437
5 24 3.759 -5.791 -10.592 6.706 -4.928 -9.652 6.756 -6.401 -7.899 6.655 -3.2 -11.201
5 24 3.734 -3.962 -12.243 6.655 -3.2 -11.201 6.706 -4.928 -9.652 6.655 -1.321 -12.522
5 24 7.112 2.87 -14.199 10.262 5.461 -13.437 9.627 3.251 -13.157 4.826 5.131 -15.519
5 24 4.826 5.131 -15.519 7.112 2.87 -14.199 4.115 1.346 -15.164 10.262 5.461 -13.437
0 FILE parts/s/30370s03.dat
0 ~Minifig Helmet Star Wars Rebel Pilot - Top Pattern
0 Name: s\30370s03.dat
0 Author: Damien Roux [Darats]
0 !LDRAW_ORG Subpart UPDATE 2011-02
0 !LICENSE Licensed under CC BY 4.0 : see CAreadme.txt

0 BFC CERTIFY CCW

0 !HISTORY 2011-12-29 [PTadmin] Official Update 2011-02


4 16 0 -0.127 -17.399 3.15 -0.127 -17.399 3.15 -2.337 -16.332 0 -2.337 -16.332
4 16 0 -2.337 -16.332 3.15 -2.337 -16.332 3.15 -3.734 -15.392 0 -3.734 -15.392
4 16 0 -3.734 -15.392 3.15 -3.734 -15.392 3.15 -5.842 -13.716 0 -5.842 -13.716
4 16 0 -5.842 -13.716 3.15 -5.842 -13.716 3.15 -7.696 -11.76 0 -7.696 -11.76
4 16 0 -7.696 -11.76 3.15 -7.696 -11.76 3.15 -9.246 -9.576 0 -9.246 -9.576
4 16 0 -9.246 -9.576 3.15 -9.246 -9.576 3.15 -10.49 -7.214 0 -10.49 -7.214
4 16 0 -10.49 -7.214 3.15 -10.49 -7.214 3.15 -11.405 -4.674 0 -11.405 -4.674
4 16 0 -11.405 -4.674 3.15 -11.405 -4.674 3.15 -11.963 -2.057 0 -11.963 -2.057
4 16 0 -11.963 -2.057 3.15 -11.963 -2.057 3.15 -12.167 0.61 0 -12.167 0.61
4 16 0 -12.167 0.61 3.15 -12.167 0.61 3.15 -11.989 3.302 0 -11.989 3.302
4 16 0 -11.989 3.302 3.15 -11.989 3.302 3.15 -11.43 5.918 0 -11.43 5.918
4 16 0 -11.43 5.918 3.15 -11.43 5.918 3.15 -10.541 8.458 0 -10.541 8.458
4 16 0 -10.541 8.458 3.15 -10.541 8.458 3.15 -9.296 10.82 0 -9.296 10.82
4 16 0 -9.296 10.82 3.15 -9.296 10.82 3.15 -7.747 13.03 0 -7.747 13.03
4 16 0 -7.747 13.03 3.15 -7.747 13.03 3.15 -5.918 14.986 0 -5.918 14.986
4 16 0 -5.918 14.986 3.15 -5.918 14.986 3.15 -3.835 16.662 0 -3.835 16.662
4 16 0 -3.835 16.662 3.15 -3.835 16.662 3.15 -1.524 18.034 0 -1.524 18.034
4 16 0 -1.524 18.034 3.15 -1.524 18.034 3.124 0.94 19.101 0 0.94 19.101
4 16 0 0.94 19.101 3.124 0.94 19.101 3.124 2.083 19.533 0 2.083 19.533
4 16 0 2.083 19.533 3.124 2.083 19.533 2.972 4.674 20.193 0 4.674 20.193
4 16 0 4.674 20.193 2.972 4.674 20.193 3.023 7.341 20.345 0 7.341 20.345
4 16 0 7.341 20.345 3.023 7.341 20.345 3.48 9.982 20.066 0 9.982 20.066
4 16 0 9.982 20.066 3.48 9.982 20.066 4.369 12.497 19.583 0 12.497 19.583
4 16 0 12.497 19.583 4.369 12.497 19.583 5.74 14.783 18.821 0 14.783 18.821
4 16 0 14.783 18.821 5.74 14.783 18.821 8.128 15.392 14.503 0 15.392 14.503
3 16 0 15.392 14.503 8.128 15.392 14.503 0 15.799 13.843
2 24 5.74 14.783 18.821 0 14.783 18.821
5 24 3.15 -2.337 -16.332 0 -2.337 -16.332 0 -0.127 -17.399 3.15 -3.734 -15.392
5 24 3.15 -3.734 -15.392 0 -3.734 -15.392 0 -2.337 -16.332 3.15 -5.842 -13.716
5 24 3.15 -5.842 -13.716 0 -5.842 -13.716 0 -3.734 -15.392 3.15 -7.696 -11.76
5 24 3.15 -7.696 -11.76 0 -7.696 -11.76 0 -5.842 -13.716 3.15 -9.246 -9.576
5 24 3.15 -9.246 -9.576 0 -9.246 -9.576 0 -7.696 -11.76 3.15 -10.49 -7.214
5 24 3.15 -10.49 -7.214 0 -10.49 -7.214 0 -9.246 -9.576 3.15 -11.405 -4.674
5 24 3.15 -11.405 -4.674 0 -11.405 -4.674 0 -10.49 -7.214 3.15 -11.963 -2.057
5 24 3.15 -11.963 -2.057 0 -11.963 -2.057 0 -11.405 -4.674 3.15 -12.167 0.61
5 24 3.15 -12.167 0.61 0 -12.167 0.61 0 -11.963 -2.057 3.15 -11.989 3.302
5 24 3.15 -11.989 3.302 0 -11.989 3.302 0 -12.167 0.61 3.15 -11.43 5.918
5 24 3.15 -11.43 5.918 0 -11.43 5.918 0 -11.989 3.302 3.15 -10.541 8.458
5 24 3.15 -10.541 8.458 0 -10.541 8.458 0 -11.43 5.918 3.15 -9.296 10.82
5 24 3.15 -9.296 10.82 0 -9.296 10.82 0 -10.541 8.458 3.15 -7.747 13.03
5 24 3.15 -7.747 13.03 0 -7.747 13.03 0 -9.296 10.82 3.15 -5.918 14.986
5 24 3.15 -5.918 14.986 0 -5.918 14.986 0 -7.747 13.03 3.15 -3.835 16.662
5 24 3.15 -3.835 16.662 0 -3.835 16.662 0 -5.918 14.986 3.15 -1.524 18.034
5 24 3.15 -1.524 18.034 0 -1.524 18.034 0 -3.835 16.662 3.124 0.94 19.101
5 24 3.124 0.94 19.101 0 0.94 19.101 0 -1.524 18.034 3.124 2.083 19.533
5 24 3.124 2.083 19.533 0 2.083 19.533 0 0.94 19.101 2.972 4.674 20.193
5 24 2.972 4.674 20.193 0 4.674 20.193 0 2.083 19.533 3.023 7.341 20.345
5 24 3.023 7.341 20.345 0 7.341 20.345 0 4.674 20.193 3.48 9.982 20.066
5 24 3.48 9.982 20.066 0 9.982 20.066 0 7.341 20.345 4.369 12.497 19.583
5 24 4.369 12.497 19.583 0 12.497 19.583 0 9.982 20.066 5.74 14.783 18.821
5 24 8.128 15.392 14.503 0 15.392 14.503 0 14.783 18.821 0 15.799 13.843
0 FILE parts/s/30370s02.dat
0 ~Minifig Helmet Star Wars Rebel Pilot - Front Pattern
0 Name: s\30370s02.dat
0 Author: Damien Roux [Darats]
0 !LDRAW_ORG Subpart UPDATE 2011-02
0 !LICENSE Licensed under CC BY 4.0 : see CAreadme.txt

0 BFC CERTIFY CCW

0 !HISTORY 2011-12-29 [PTadmin] Official Update 2011-02


4 16 0 4.445 -19.66 3.937 4.445 -19.66 3.734 1.905 -18.872 0 1.905 -18.872
4 16 0 1.905 -18.872 3.734 1.905 -18.872 3.607 0.787 -18.415 0 0.787 -18.415
5 24 3.734 1.905 -18.872 0 1.905 -18.872 0 4.445 -19.66 3.607 0.787 -18.415
0 FILE parts/s/30370s01.dat
0 ~Minifig Helmet Star Wars Rebel Pilot - Half
0 Name: s\30370s01.dat
0 Author: Damien Roux [Darats]
0 !LDRAW_ORG Subpart UPDATE 2011-02
0 !LICENSE Licensed under CC BY 4.0 : see CAreadme.txt

0 BFC CERTIFY CCW

0 !HISTORY 2011-12-29 [PTadmin] Official Update 2011-02


3 16 0 5.131 -15.519 0 5.461 -13.106 4.826 5.131 -15.519
3 16 0 5.461 -13.106 10.262 5.461 -13.437 4.826 5.131 -15.519
3 16 4.318 5.461 -12.395 10.262 5.461 -13.437 0 5.461 -13.106
3 16 4.318 5.461 -12.395 8.077 5.461 -10.414 10.262 5.461 -13.437
3 16 9.881 16.51 13.081 6.985 17.374 11.913 8.128 15.392 14.503
3 16 6.985 17.374 11.913 4.877 16.459 12.954 8.128 15.392 14.503
3 16 8.128 15.392 14.503 4.877 16.459 12.954 2.515 15.926 13.64
3 16 11.938 18.059 11.201 12.929 18.999 9.957 9.5 18.999 9.957
3 16 11.76 20.676 7.01 13.995 20.472 7.391 12.548 21.336 5.359
3 16 10.262 5.461 -13.437 10.973 5.461 -11.151 12.065 5.486 -12.598
3 16 10.973 5.461 -11.151 12.573 5.486 -12.04 12.065 5.486 -12.598
3 16 14.224 5.461 -11.074 12.573 5.486 -12.04 10.973 5.461 -11.151
4 16 16.459 15.418 -7.366 17.018 17.374 -4.978 17.501 16.027 -3.378 17.247 14.757 -4.547
3 16 15.037 17.475 -6.299 16.637 17.221 -6.223 14.757 15.875 -7.366
3 16 16.637 17.221 -6.223 16.459 15.418 -7.366 14.757 15.875 -7.366
3 16 14.757 15.875 -7.366 16.459 15.418 -7.366 14.834 14.529 -7.366
3 16 16.459 15.418 -7.366 16.459 14.173 -6.909 14.834 14.529 -7.366
3 16 14.834 14.529 -7.366 16.459 14.173 -6.909 15.723 12.598 -4.699
3 16 16.459 14.173 -6.909 17.069 13.106 -5.385 15.723 12.598 -4.699
4 16 16.256 15.824 -2.464 15.977 14.3 -3.861 17.247 14.757 -4.547 17.501 16.027 -3.378
3 16 17.018 17.374 -4.978 16.637 17.221 -6.223 15.418 18.009 -5.055
3 16 15.418 18.009 -5.055 16.637 17.221 -6.223 15.037 17.475 -6.299
3 16 3.607 0.787 -18.415 3.759 0.61 -14.808 3.15 -0.127 -17.399
4 16 10.973 9.195 -11.43 10.973 5.461 -11.151 10.973 5.461 -7.442 10.973 10.541 -11.354
4 16 10.973 14.681 -9.855 10.973 12.141 -10.338 10.973 5.461 -7.442 10.973 15.926 -9.474
4 16 4.115 1.346 -15.164 3.607 0.787 -18.415 3.734 1.905 -18.872 4.826 5.131 -15.519
3 16 3.607 0.787 -18.415 4.115 1.346 -15.164 3.759 0.61 -14.808
3 16 8.128 15.392 14.503 5.74 14.783 18.821 6.756 13.691 15.951
3 16 5.74 14.783 18.821 4.369 12.497 19.583 6.756 13.691 15.951
3 16 6.756 13.691 15.951 4.369 12.497 19.583 5.639 11.481 16.739
3 16 4.369 12.497 19.583 3.48 9.982 20.066 5.639 11.481 16.739
3 16 5.639 11.481 16.739 3.48 9.982 20.066 4.572 9.119 17.221
3 16 3.48 9.982 20.066 3.023 7.341 20.345 4.572 9.119 17.221
3 16 4.572 9.119 17.221 3.023 7.341 20.345 3.886 6.629 17.475
3 16 3.023 7.341 20.345 2.972 4.674 20.193 3.886 6.629 17.475
3 16 3.886 6.629 17.475 2.972 4.674 20.193 3.759 4.089 17.348
3 16 2.972 4.674 20.193 3.124 2.083 19.533 3.759 4.089 17.348
3 16 3.759 4.089 17.348 3.124 2.083 19.533 3.734 1.575 16.789
4 16 3.124 0.94 19.101 3.15 -1.524 18.034 3.785 -0.787 15.773 3.734 1.575 16.789
3 16 3.15 -3.835 16.662 3.759 -4.902 12.7 3.785 -2.946 14.376
3 16 3.15 -5.918 14.986 3.759 -4.902 12.7 3.15 -3.835 16.662
3 16 3.15 -5.918 14.986 3.759 -6.553 10.719 3.759 -4.902 12.7
3 16 3.15 -7.747 13.03 3.759 -6.553 10.719 3.15 -5.918 14.986
3 16 3.15 -7.747 13.03 3.759 -7.849 8.484 3.759 -6.553 10.719
3 16 3.15 -9.296 10.82 3.759 -7.849 8.484 3.15 -7.747 13.03
3 16 3.15 -9.296 10.82 3.759 -8.712 6.045 3.759 -7.849 8.484
3 16 3.15 -10.541 8.458 3.759 -8.712 6.045 3.15 -9.296 10.82
3 16 3.15 -10.541 8.458 3.759 -10.262 5.309 3.759 -8.712 6.045
3 16 3.15 -11.43 5.918 3.759 -10.262 5.309 3.15 -10.541 8.458
3 16 3.15 -11.43 5.918 3.759 -10.693 2.87 3.759 -10.262 5.309
3 16 3.15 -11.989 3.302 3.759 -10.693 2.87 3.15 -11.43 5.918
3 16 3.15 -11.989 3.302 3.759 -10.744 0.406 3.759 -10.693 2.87
3 16 3.15 -12.167 0.61 3.759 -10.744 0.406 3.15 -11.989 3.302
3 16 3.15 -12.167 0.61 3.759 -10.389 -2.032 3.759 -10.744 0.406
3 16 3.15 -11.963 -2.057 3.759 -10.389 -2.032 3.15 -12.167 0.61
3 16 3.15 -11.963 -2.057 3.759 -9.677 -4.394 3.759 -10.389 -2.032
3 16 3.15 -11.405 -4.674 3.759 -9.677 -4.394 3.15 -11.963 -2.057
3 16 3.15 -11.405 -4.674 3.759 -8.661 -6.629 3.759 -9.677 -4.394
3 16 3.15 -10.49 -7.214 3.759 -8.661 -6.629 3.15 -11.405 -4.674
3 16 3.15 -10.49 -7.214 3.759 -7.366 -8.712 3.759 -8.661 -6.629
3 16 3.15 -9.246 -9.576 3.759 -7.366 -8.712 3.15 -10.49 -7.214
3 16 3.15 -9.246 -9.576 3.759 -5.791 -10.592 3.759 -7.366 -8.712
3 16 3.15 -7.696 -11.76 3.759 -5.791 -10.592 3.15 -9.246 -9.576
3 16 3.15 -7.696 -11.76 3.734 -3.962 -12.243 3.759 -5.791 -10.592
3 16 3.15 -5.842 -13.716 3.734 -3.962 -12.243 3.15 -7.696 -11.76
3 16 3.15 -3.734 -15.392 3.15 -2.337 -16.332 3.785 -1.93 -13.589
3 16 12.522 -4.775 -4.521 12.979 -4.928 -2.718 12.649 -5.436 -2.769
3 16 12.522 -4.775 -4.521 12.852 -4.343 -4.369 12.979 -4.928 -2.718
3 16 12.421 -3.81 -6.147 12.852 -4.343 -4.369 12.522 -4.775 -4.521
3 16 12.421 -3.81 -6.147 12.751 -3.454 -5.969 12.852 -4.343 -4.369
3 16 12.319 -2.616 -7.645 12.751 -3.454 -5.969 12.421 -3.81 -6.147
3 16 12.319 -2.616 -7.645 12.675 -1.626 -8.153 12.751 -3.454 -5.969
3 16 14.072 2.667 -9.957 12.573 2.87 -11.201 14.122 4.242 -10.617
3 16 14.072 -1.448 -6.858 12.751 -3.454 -5.969 12.675 -1.626 -8.153
3 16 14.122 -2.489 -5.461 12.751 -3.454 -5.969 14.072 -1.448 -6.858
3 16 14.122 -2.489 -5.461 12.852 -4.343 -4.369 12.751 -3.454 -5.969
3 16 14.224 -3.277 -3.912 12.852 -4.343 -4.369 14.122 -2.489 -5.461
3 16 14.224 -3.277 -3.912 12.979 -4.928 -2.718 12.852 -4.343 -4.369
3 16 14.351 -3.81 -2.261 12.979 -4.928 -2.718 14.224 -3.277 -3.912
3 16 14.656 -4.039 2.819 13.36 -4.826 4.521 13.208 -5.334 1.346
3 16 14.681 -3.658 4.445 13.36 -4.826 4.521 14.656 -4.039 2.819
3 16 14.681 -3.658 4.445 12.802 -3.429 5.563 13.36 -4.826 4.521
3 16 14.656 -2.997 6.045 12.802 -3.429 5.563 14.681 -3.658 4.445
3 16 14.656 -2.997 6.045 14.605 -2.108 7.62 12.802 -3.429 5.563
3 16 12.573 5.486 -12.04 14.122 4.242 -10.617 12.573 2.87 -11.201
3 16 14.224 5.461 -11.074 14.122 4.242 -10.617 12.573 5.486 -12.04
3 16 12.929 -5.893 2.007 13.36 -4.826 4.521 13.03 -5.436 4.851
3 16 12.929 -5.893 2.007 13.208 -5.334 1.346 13.36 -4.826 4.521
4 16 11.227 -4.928 5.664 9.881 -5.969 5.766 10.719 -7.214 5.004 13.03 -5.436 4.851
3 16 10.719 -7.214 5.004 9.881 -5.969 5.766 6.96 -7.62 5.918
3 16 7.061 -9.119 5.207 10.719 -7.214 5.004 6.96 -7.62 5.918
3 16 13.03 -5.436 4.851 12.802 -3.429 5.563 11.227 -4.928 5.664
3 16 12.802 -3.429 5.563 13.03 -5.436 4.851 13.36 -4.826 4.521
3 16 12.649 5.74 12.751 15.189 7.95 12.217 12.294 8.103 13.386
3 16 12.649 5.74 12.751 14.935 5.817 12.192 15.189 7.95 12.217
3 16 12.827 3.531 12.04 14.935 5.817 12.192 12.649 5.74 12.751
3 16 12.827 3.531 12.04 14.605 3.759 11.735 14.935 5.817 12.192
3 16 12.852 -1.016 9.119 14.376 1.219 10.566 12.929 1.067 10.82
3 16 12.852 -1.016 9.119 14.783 -0.813 8.941 14.376 1.219 10.566
3 16 12.776 -2.413 7.442 14.783 -0.813 8.941 12.852 -1.016 9.119
3 16 12.776 -2.413 7.442 14.605 -2.108 7.62 14.783 -0.813 8.941
3 16 12.802 -3.429 5.563 14.605 -2.108 7.62 12.776 -2.413 7.442
3 16 14.529 10.541 -11.354 15.469 9.982 -5.283 16.891 9.246 -7.137
3 16 14.529 10.541 -11.354 13.538 12.141 -10.338 15.469 9.982 -5.283
3 16 15.291 7.671 -4.978 16.891 9.246 -7.137 15.469 9.982 -5.283
3 16 15.291 7.671 -4.978 16.916 6.909 -6.502 16.891 9.246 -7.137
3 16 15.316 6.02 -4.623 16.916 6.909 -6.502 15.291 7.671 -4.978
3 16 15.316 6.02 -4.623 16.942 4.826 -5.944 16.916 6.909 -6.502
3 16 15.316 4.547 -3.886 16.942 4.826 -5.944 15.316 6.02 -4.623
3 16 15.316 4.547 -3.886 16.993 3.175 -4.928 16.942 4.826 -5.944
3 16 17.297 0.356 -0.152 17.221 0.813 -1.956 15.418 2.54 -1.295
3 16 17.399 0.737 3.556 15.519 2.413 3.759 17.374 1.524 5.359
3 16 17.374 0.356 1.803 15.469 2.057 0.406 15.519 1.981 1.981
3 16 17.297 0.356 -0.152 15.469 2.057 0.406 17.374 0.356 1.803
3 16 17.297 0.356 -0.152 15.418 2.54 -1.295 15.469 2.057 0.406
3 16 15.519 2.413 3.759 17.272 2.692 7.239 17.374 1.524 5.359
3 16 15.723 4.013 6.528 17.272 2.692 7.239 15.519 2.413 3.759
3 16 15.646 4.42 7.722 17.272 2.692 7.239 15.723 4.013 6.528
3 16 15.646 4.42 7.722 17.069 2.769 8.153 17.272 2.692 7.239
3 16 15.367 4.039 8.839 17.069 2.769 8.153 15.646 4.42 7.722
3 16 15.367 4.039 8.839 16.459 2.21 9.042 17.069 2.769 8.153
3 16 14.986 3.2 9.652 16.459 2.21 9.042 15.367 4.039 8.839
3 16 14.986 3.2 9.652 15.824 1.219 9.398 16.459 2.21 9.042
3 16 14.605 1.651 10.084 15.824 1.219 9.398 14.986 3.2 9.652
3 16 14.605 1.651 10.084 15.088 0.025 9.373 15.824 1.219 9.398
3 16 14.376 1.219 10.566 15.088 0.025 9.373 14.605 1.651 10.084
3 16 14.376 1.219 10.566 14.783 -0.813 8.941 15.088 0.025 9.373
3 16 14.859 22.022 -3.023 15.367 18.567 -2.057 14.757 21.539 -4.394
3 16 14.986 22.276 -1.143 15.367 18.567 -2.057 14.859 22.022 -3.023
3 16 14.757 21.666 4.343 15.545 16.205 1.676 14.935 22.073 2.565
3 16 14.757 21.666 4.343 15.519 15.392 2.921 15.545 16.205 1.676
3 16 14.427 21.107 5.969 15.519 15.392 2.921 14.757 21.666 4.343
3 16 14.427 21.107 5.969 15.443 14.58 4.14 15.519 15.392 2.921
3 16 13.995 20.472 7.391 15.443 14.58 4.14 14.427 21.107 5.969
3 16 13.995 20.472 7.391 15.291 13.741 5.436 15.443 14.58 4.14
3 16 13.487 19.761 8.687 15.291 13.741 5.436 13.995 20.472 7.391
3 16 13.487 19.761 8.687 15.062 12.929 6.731 15.291 13.741 5.436
3 16 12.929 18.999 9.957 15.062 12.929 6.731 13.487 19.761 8.687
3 16 12.929 18.999 9.957 14.707 12.167 8.001 15.062 12.929 6.731
3 16 12.421 13.03 12.802 13.665 10.49 10.871 12.548 15.037 12.014
3 16 12.344 11.024 13.31 12.929 9.017 12.649 13.665 10.49 10.871
3 16 12.294 8.103 13.386 12.929 9.017 12.649 12.344 11.024 13.31
3 16 14.834 20.091 -4.47 14.757 21.539 -4.394 15.367 18.567 -2.057
3 16 14.453 20.853 -5.639 14.757 21.539 -4.394 14.834 20.091 -4.47
3 16 14.427 21.107 5.969 12.548 21.336 5.359 13.995 20.472 7.391
3 16 14.757 21.666 4.343 12.548 21.336 5.359 14.427 21.107 5.969
3 16 14.757 21.666 4.343 13.081 21.844 3.683 12.548 21.336 5.359
3 16 14.935 22.073 2.565 13.081 21.844 3.683 14.757 21.666 4.343
3 16 14.935 22.073 2.565 13.386 22.174 2.007 13.081 21.844 3.683
3 16 15.011 22.276 0.737 13.386 22.174 2.007 14.935 22.073 2.565
3 16 15.011 22.276 0.737 13.487 22.301 0.305 13.386 22.174 2.007
3 16 14.986 22.276 -1.143 13.487 22.301 0.305 15.011 22.276 0.737
3 16 14.986 22.276 -1.143 13.36 22.25 -1.397 13.487 22.301 0.305
3 16 14.072 19.177 -7.62 11.506 20.091 -6.655 14.326 20.091 -6.655
3 16 14.072 19.177 -7.62 10.973 19.38 -7.442 11.506 20.091 -6.655
3 16 10.973 18.263 -8.331 10.973 19.38 -7.442 14.072 19.177 -7.62
3 16 13.538 12.141 -10.338 15.723 12.598 -4.699 15.469 9.982 -5.283
3 16 13.614 14.656 -9.881 15.723 12.598 -4.699 13.538 12.141 -10.338
3 16 13.614 14.656 -9.881 14.834 14.529 -7.366 15.723 12.598 -4.699
3 16 16.256 15.824 -2.464 16.281 13.792 -2.388 15.977 14.3 -3.861
3 16 14.605 1.651 10.084 14.986 3.2 9.652 14.376 1.219 10.566
3 16 15.672 8.915 10.668 15.189 7.95 12.217 15.748 7.645 10.084
3 16 14.935 5.817 12.192 15.748 7.645 10.084 15.189 7.95 12.217
3 16 14.605 3.759 11.735 15.748 7.645 10.084 14.935 5.817 12.192
3 16 15.646 6.198 9.754 15.748 7.645 10.084 14.605 3.759 11.735
3 16 15.723 4.013 6.528 16.332 8.788 7.112 16.078 7.569 8.585
3 16 15.723 4.013 6.528 16.104 6.401 4.978 16.332 8.788 7.112
4 16 16.154 6.528 3.327 16.104 6.401 4.978 15.723 4.013 6.528 15.519 2.413 3.759
3 16 15.672 8.915 10.668 15.748 7.645 10.084 16.078 7.569 8.585
3 16 14.986 3.2 9.652 14.605 3.759 11.735 14.376 1.219 10.566
4 16 15.646 6.198 9.754 14.605 3.759 11.735 14.986 3.2 9.652 15.367 4.039 8.839
3 16 15.519 2.413 3.759 15.519 1.981 1.981 15.672 3.683 0.711
3 16 15.519 1.981 1.981 15.469 2.057 0.406 15.672 3.683 0.711
3 16 15.672 3.683 0.711 15.469 2.057 0.406 15.418 2.54 -1.295
3 16 16.332 8.788 7.112 16.104 6.401 4.978 16.637 9.627 5.004
4 16 16.485 12.243 -0.635 16.027 9.093 -1.905 15.9 10.998 -3.505 16.281 13.792 -2.388
3 16 15.418 2.54 -1.295 15.596 4.318 -0.94 15.672 3.683 0.711
4 16 15.596 4.318 -0.94 15.418 2.54 -1.295 15.316 3.404 -2.718 15.519 6.528 -3.607
3 16 15.519 6.528 -3.607 15.316 4.547 -3.886 15.316 6.02 -4.623
3 16 15.291 7.671 -4.978 15.519 6.528 -3.607 15.316 6.02 -4.623
3 16 16.18 17.221 -2.184 16.637 15.85 -0.102 16.256 15.824 -2.464
3 16 15.519 6.528 -3.607 15.291 7.671 -4.978 15.469 9.982 -5.283
3 16 16.256 15.824 -2.464 15.418 18.694 -4.496 16.18 17.221 -2.184
3 16 15.418 18.009 -5.055 15.418 18.694 -4.496 16.256 15.824 -2.464
3 16 15.418 18.009 -5.055 14.072 19.177 -7.62 14.326 20.091 -6.655
3 16 15.037 17.475 -6.299 14.072 19.177 -7.62 15.418 18.009 -5.055
3 16 14.326 20.091 -6.655 15.418 18.694 -4.496 15.418 18.009 -5.055
3 16 14.834 14.529 -7.366 13.741 16.561 -9.271 14.757 15.875 -7.366
3 16 13.614 14.656 -9.881 13.741 16.561 -9.271 14.834 14.529 -7.366
3 16 13.945 18.136 -8.407 10.973 18.263 -8.331 14.072 19.177 -7.62
3 16 10.973 5.461 -11.151 14.427 9.195 -11.43 14.224 5.461 -11.074
3 16 10.973 9.195 -11.43 14.427 9.195 -11.43 10.973 5.461 -11.151
3 16 11.227 -2.515 9.525 12.852 -1.016 9.119 12.929 1.067 10.82
3 16 11.201 -3.886 7.696 12.852 -1.016 9.119 11.227 -2.515 9.525
3 16 11.201 -3.886 7.696 12.776 -2.413 7.442 12.852 -1.016 9.119
3 16 11.227 -4.928 5.664 12.776 -2.413 7.442 11.201 -3.886 7.696
3 16 11.227 -4.928 5.664 12.802 -3.429 5.563 12.776 -2.413 7.442
3 16 6.934 -5.309 10.287 3.759 -6.553 10.719 6.934 -6.655 8.204
3 16 6.934 -3.607 12.065 3.759 -6.553 10.719 6.934 -5.309 10.287
3 16 6.934 -3.607 12.065 3.759 -4.902 12.7 3.759 -6.553 10.719
3 16 6.96 -1.626 13.564 3.759 -4.902 12.7 6.934 -3.607 12.065
3 16 6.96 -1.626 13.564 3.785 -2.946 14.376 3.759 -4.902 12.7
3 16 3.785 -0.787 15.773 3.785 -2.946 14.376 6.96 -1.626 13.564
3 16 3.759 -7.849 8.484 6.934 -6.655 8.204 3.759 -6.553 10.719
3 16 3.759 -8.712 6.045 6.934 -6.655 8.204 3.759 -7.849 8.484
3 16 3.759 -8.712 6.045 6.96 -7.62 5.918 6.934 -6.655 8.204
3 16 9.881 -5.969 5.766 6.934 -6.655 8.204 6.96 -7.62 5.918
3 16 9.855 -4.928 7.874 6.934 -6.655 8.204 9.881 -5.969 5.766
3 16 9.855 -4.928 7.874 6.934 -5.309 10.287 6.934 -6.655 8.204
3 16 9.855 -3.556 9.804 6.934 -5.309 10.287 9.855 -4.928 7.874
3 16 9.855 -3.556 9.804 6.934 -3.607 12.065 6.934 -5.309 10.287
3 16 9.906 -1.854 11.405 6.934 -3.607 12.065 9.855 -3.556 9.804
3 16 9.906 -1.854 11.405 6.96 -1.626 13.564 6.934 -3.607 12.065
3 16 9.906 0.127 12.7 6.96 -1.626 13.564 9.906 -1.854 11.405
3 16 9.906 0.127 12.7 6.934 0.559 14.732 6.96 -1.626 13.564
3 16 10.49 2.565 13.411 6.934 0.559 14.732 9.906 0.127 12.7
3 16 10.49 2.565 13.411 6.883 2.87 15.596 6.934 0.559 14.732
3 16 10.414 4.826 14.097 6.883 2.87 15.596 10.49 2.565 13.411
3 16 10.414 4.826 14.097 6.833 5.309 16.078 6.883 2.87 15.596
3 16 10.439 7.188 14.453 6.833 5.309 16.078 10.414 4.826 14.097
3 16 10.439 7.188 14.453 6.985 7.772 16.154 6.833 5.309 16.078
3 16 10.541 9.373 14.453 6.985 7.772 16.154 10.439 7.188 14.453
3 16 10.541 9.373 14.453 7.442 10.185 15.85 6.985 7.772 16.154
3 16 10.439 13.691 13.716 8.89 14.681 14.402 8.153 12.446 15.24
3 16 10.922 15.799 12.802 8.89 14.681 14.402 10.439 13.691 13.716
3 16 10.922 15.799 12.802 11.938 18.059 11.201 8.89 14.681 14.402
3 16 12.548 15.037 12.014 11.938 18.059 11.201 10.922 15.799 12.802
3 16 12.725 17.043 11.049 11.938 18.059 11.201 12.548 15.037 12.014
3 16 12.725 17.043 11.049 12.929 18.999 9.957 11.938 18.059 11.201
3 16 6.934 0.559 14.732 3.785 -0.787 15.773 6.96 -1.626 13.564
3 16 6.883 2.87 15.596 3.785 -0.787 15.773 6.934 0.559 14.732
3 16 6.883 2.87 15.596 3.734 1.575 16.789 3.785 -0.787 15.773
3 16 6.833 5.309 16.078 3.734 1.575 16.789 6.883 2.87 15.596
3 16 6.833 5.309 16.078 3.759 4.089 17.348 3.734 1.575 16.789
3 16 7.442 10.185 15.85 3.886 6.629 17.475 6.985 7.772 16.154
3 16 7.442 10.185 15.85 4.572 9.119 17.221 3.886 6.629 17.475
3 16 8.153 12.446 15.24 4.572 9.119 17.221 7.442 10.185 15.85
3 16 8.153 12.446 15.24 5.639 11.481 16.739 4.572 9.119 17.221
3 16 6.756 13.691 15.951 5.639 11.481 16.739 8.153 12.446 15.24
3 16 11.227 -4.928 5.664 9.855 -4.928 7.874 9.881 -5.969 5.766
3 16 11.201 -3.886 7.696 9.855 -4.928 7.874 11.227 -4.928 5.664
3 16 11.201 -3.886 7.696 9.855 -3.556 9.804 9.855 -4.928 7.874
3 16 11.227 -2.515 9.525 9.855 -3.556 9.804 11.201 -3.886 7.696
3 16 11.227 -2.515 9.525 9.906 -1.854 11.405 9.855 -3.556 9.804
3 16 11.252 -0.813 11.049 9.906 -1.854 11.405 11.227 -2.515 9.525
3 16 11.252 -0.813 11.049 9.906 0.127 12.7 9.906 -1.854 11.405
3 16 11.303 1.143 12.217 9.906 0.127 12.7 11.252 -0.813 11.049
3 16 11.303 1.143 12.217 10.49 2.565 13.411 9.906 0.127 12.7
4 16 10.439 13.691 13.716 8.153 12.446 15.24 12.344 11.024 13.31 12.421 13.03 12.802
3 16 10.922 15.799 12.802 10.439 13.691 13.716 12.421 13.03 12.802
3 16 10.922 15.799 12.802 12.421 13.03 12.802 12.548 15.037 12.014
3 16 6.756 13.691 15.951 8.153 12.446 15.24 8.89 14.681 14.402
3 16 6.756 13.691 15.951 8.89 14.681 14.402 9.881 16.51 13.081
3 16 8.128 15.392 14.503 6.756 13.691 15.951 9.881 16.51 13.081
3 16 9.881 16.51 13.081 8.89 14.681 14.402 11.938 18.059 11.201
3 16 10.49 2.565 13.411 12.929 1.067 10.82 12.827 3.531 12.04
3 16 11.303 1.143 12.217 12.929 1.067 10.82 10.49 2.565 13.411
3 16 11.252 -0.813 11.049 12.929 1.067 10.82 11.303 1.143 12.217
3 16 11.252 -0.813 11.049 11.227 -2.515 9.525 12.929 1.067 10.82
3 16 15.189 7.95 12.217 12.929 9.017 12.649 12.294 8.103 13.386
3 16 15.672 8.915 10.668 12.929 9.017 12.649 15.189 7.95 12.217
3 16 15.672 8.915 10.668 13.665 10.49 10.871 12.929 9.017 12.649
3 16 16.434 10.668 7.95 13.665 10.49 10.871 15.672 8.915 10.668
3 16 16.434 10.668 7.95 14.249 11.379 9.347 13.665 10.49 10.871
3 16 16.891 12.395 5.283 14.707 12.167 8.001 16.434 10.668 7.95
3 16 16.891 12.395 5.283 15.062 12.929 6.731 14.707 12.167 8.001
3 16 16.891 12.395 5.283 15.291 13.741 5.436 15.062 12.929 6.731
3 16 16.942 13.741 3.226 15.291 13.741 5.436 16.891 12.395 5.283
3 16 16.942 13.741 3.226 15.443 14.58 4.14 15.291 13.741 5.436
3 16 16.942 13.741 3.226 15.519 15.392 2.921 15.443 14.58 4.14
3 16 16.84 14.91 1.397 15.519 15.392 2.921 16.942 13.741 3.226
3 16 16.84 14.91 1.397 15.545 16.205 1.676 15.519 15.392 2.921
3 16 16.637 15.85 -0.102 15.545 16.205 1.676 16.84 14.91 1.397
3 16 16.637 15.85 -0.102 15.519 17.526 -0.356 15.545 16.205 1.676
3 16 16.18 17.221 -2.184 15.519 17.526 -0.356 16.637 15.85 -0.102
3 16 16.18 17.221 -2.184 15.367 18.567 -2.057 15.519 17.526 -0.356
3 16 15.418 18.694 -4.496 15.367 18.567 -2.057 16.18 17.221 -2.184
3 16 15.418 18.694 -4.496 14.834 20.091 -4.47 15.367 18.567 -2.057
3 16 14.326 20.091 -6.655 14.834 20.091 -4.47 15.418 18.694 -4.496
3 16 14.326 20.091 -6.655 14.453 20.853 -5.639 14.834 20.091 -4.47
4 16 16.485 12.243 -0.635 16.281 13.792 -2.388 16.637 15.85 -0.102 16.84 14.91 1.397
3 16 16.662 10.185 2.692 16.942 13.741 3.226 16.637 9.627 5.004
3 16 16.942 13.741 3.226 16.891 12.395 5.283 16.637 9.627 5.004
3 16 16.332 8.788 7.112 16.434 10.668 7.95 16.078 7.569 8.585
3 16 16.078 7.569 8.585 16.434 10.668 7.95 15.672 8.915 10.668
4 16 9.881 16.51 13.081 11.938 18.059 11.201 9.5 18.999 9.957 6.985 17.374 11.913
4 16 10.719 19.837 8.56 9.5 18.999 9.957 12.929 18.999 9.957 13.487 19.761 8.687
4 16 11.76 20.676 7.01 10.719 19.837 8.56 13.487 19.761 8.687 13.995 20.472 7.391
4 16 10.262 5.461 -13.437 8.077 5.461 -10.414 10.973 5.461 -7.442 10.973 5.461 -11.151
3 16 17.069 13.106 -5.385 16.459 15.418 -7.366 17.247 14.757 -4.547
3 16 16.459 14.173 -6.909 16.459 15.418 -7.366 17.069 13.106 -5.385
3 16 16.459 15.418 -7.366 16.637 17.221 -6.223 17.018 17.374 -4.978
4 16 15.977 14.3 -3.861 15.723 12.598 -4.699 17.069 13.106 -5.385 17.247 14.757 -4.547
4 16 15.418 18.009 -5.055 16.256 15.824 -2.464 17.501 16.027 -3.378 17.018 17.374 -4.978
3 16 10.973 10.541 -11.354 10.973 5.461 -7.442 10.973 12.141 -10.338
4 16 10.973 17.12 -8.966 10.973 15.926 -9.474 10.973 5.461 -7.442 10.973 18.263 -8.331
3 16 10.973 18.263 -8.331 10.973 5.461 -7.442 10.973 19.38 -7.442
3 16 3.734 1.575 16.789 3.124 2.083 19.533 3.124 0.94 19.101
4 16 3.785 -2.946 14.376 3.785 -0.787 15.773 3.15 -1.524 18.034 3.15 -3.835 16.662
4 16 3.785 -1.93 -13.589 3.734 -3.962 -12.243 3.15 -5.842 -13.716 3.15 -3.734 -15.392
3 16 12.268 -1.27 -8.992 12.675 -1.626 -8.153 12.319 -2.616 -7.645
3 16 12.192 0.203 -10.185 12.675 -1.626 -8.153 12.268 -1.27 -8.992
3 16 12.598 0.432 -9.855 12.675 -1.626 -8.153 12.192 0.203 -10.185
3 16 12.141 1.854 -11.201 12.598 0.432 -9.855 12.192 0.203 -10.185
3 16 12.573 2.87 -11.201 12.598 0.432 -9.855 12.141 1.854 -11.201
3 16 12.116 3.632 -12.014 12.573 2.87 -11.201 12.141 1.854 -11.201
3 16 12.573 5.486 -12.04 12.116 3.632 -12.014 12.065 5.486 -12.598
3 16 12.573 2.87 -11.201 12.116 3.632 -12.014 12.573 5.486 -12.04
3 16 14.072 2.667 -9.957 12.598 0.432 -9.855 12.573 2.87 -11.201
3 16 14.046 1.194 -9.119 12.598 0.432 -9.855 14.072 2.667 -9.957
3 16 14.046 1.194 -9.119 12.675 -1.626 -8.153 12.598 0.432 -9.855
3 16 14.046 -0.203 -8.077 12.675 -1.626 -8.153 14.046 1.194 -9.119
3 16 14.072 -1.448 -6.858 12.675 -1.626 -8.153 14.046 -0.203 -8.077
4 16 13.081 -5.258 -0.94 12.979 -4.928 -2.718 14.351 -3.81 -2.261 14.453 -4.115 -0.559
3 16 14.453 -4.115 -0.559 13.208 -5.334 1.346 13.081 -5.258 -0.94
3 16 14.58 -4.191 1.168 13.208 -5.334 1.346 14.453 -4.115 -0.559
3 16 14.656 -4.039 2.819 13.208 -5.334 1.346 14.58 -4.191 1.168
4 16 13.208 -5.334 1.346 12.929 -5.893 2.007 12.751 -5.817 -0.914 13.081 -5.258 -0.94
4 16 13.081 -5.258 -0.94 12.751 -5.817 -0.914 12.649 -5.436 -2.769 12.979 -4.928 -2.718
4 16 7.061 -9.119 5.207 6.96 -7.62 5.918 3.759 -8.712 6.045 3.759 -10.262 5.309
4 16 14.605 3.759 11.735 12.827 3.531 12.04 12.929 1.067 10.82 14.376 1.219 10.566
4 16 3.759 0.61 -14.808 3.785 -1.93 -13.589 3.15 -2.337 -16.332 3.15 -0.127 -17.399
4 16 16.993 3.175 -4.928 15.316 4.547 -3.886 15.316 3.404 -2.718 17.094 1.753 -3.607
4 16 17.094 1.753 -3.607 15.316 3.404 -2.718 15.418 2.54 -1.295 17.221 0.813 -1.956
4 16 15.519 1.981 1.981 15.519 2.413 3.759 17.399 0.737 3.556 17.374 0.356 1.803
4 16 15.519 17.526 -0.356 15.367 18.567 -2.057 14.986 22.276 -1.143 15.011 22.276 0.737
4 16 15.519 17.526 -0.356 15.011 22.276 0.737 14.935 22.073 2.565 15.545 16.205 1.676
4 16 14.707 12.167 8.001 12.929 18.999 9.957 12.725 17.043 11.049 14.249 11.379 9.347
4 16 14.249 11.379 9.347 12.725 17.043 11.049 12.548 15.037 12.014 13.665 10.49 10.871
3 16 12.344 11.024 13.31 13.665 10.49 10.871 12.421 13.03 12.802
4 16 13.36 22.25 -1.397 14.986 22.276 -1.143 14.859 22.022 -3.023 13.056 22.022 -3.023
4 16 13.056 22.022 -3.023 14.859 22.022 -3.023 14.757 21.539 -4.394 12.624 21.539 -4.394
4 16 12.624 21.539 -4.394 14.757 21.539 -4.394 14.453 20.853 -5.639 12.065 20.853 -5.639
4 16 12.065 20.853 -5.639 14.453 20.853 -5.639 14.326 20.091 -6.655 11.506 20.091 -6.655
3 16 16.637 15.85 -0.102 16.281 13.792 -2.388 16.256 15.824 -2.464
3 16 15.646 6.198 9.754 16.078 7.569 8.585 15.748 7.645 10.084
3 16 15.519 2.413 3.759 15.672 3.683 0.711 16.154 6.528 3.327
4 16 16.154 6.528 3.327 15.672 3.683 0.711 16.662 10.185 2.692 16.637 9.627 5.004
3 16 16.129 7.62 0.152 16.662 10.185 2.692 15.672 3.683 0.711
3 16 16.129 7.62 0.152 15.672 3.683 0.711 15.596 4.318 -0.94
4 16 16.027 9.093 -1.905 16.129 7.62 0.152 15.596 4.318 -0.94 15.519 6.528 -3.607
3 16 15.9 10.998 -3.505 16.027 9.093 -1.905 15.519 6.528 -3.607
3 16 15.9 10.998 -3.505 15.519 6.528 -3.607 15.469 9.982 -5.283
3 16 15.9 10.998 -3.505 15.469 9.982 -5.283 15.723 12.598 -4.699
3 16 16.078 7.569 8.585 15.646 6.198 9.754 15.367 4.039 8.839
3 16 16.078 7.569 8.585 15.367 4.039 8.839 15.646 4.42 7.722
3 16 15.723 4.013 6.528 16.078 7.569 8.585 15.646 4.42 7.722
3 16 16.154 6.528 3.327 16.637 9.627 5.004 16.104 6.401 4.978
3 16 16.129 7.62 0.152 16.612 10.922 1.321 16.662 10.185 2.692
4 16 16.612 10.922 1.321 16.129 7.62 0.152 16.027 9.093 -1.905 16.485 12.243 -0.635
3 16 15.519 6.528 -3.607 15.316 3.404 -2.718 15.316 4.547 -3.886
3 16 13.945 18.136 -8.407 14.072 19.177 -7.62 15.037 17.475 -6.299
4 16 13.741 16.561 -9.271 13.945 18.136 -8.407 15.037 17.475 -6.299 14.757 15.875 -7.366
4 16 10.973 18.263 -8.331 13.945 18.136 -8.407 13.741 16.561 -9.271 10.973 17.12 -8.966
3 16 10.973 17.12 -8.966 13.741 16.561 -9.271 10.973 15.926 -9.474
4 16 10.973 15.926 -9.474 13.741 16.561 -9.271 13.614 14.656 -9.881 10.973 14.681 -9.855
4 16 10.973 14.681 -9.855 13.614 14.656 -9.881 13.538 12.141 -10.338 10.973 12.141 -10.338
4 16 14.529 10.541 -11.354 14.427 9.195 -11.43 10.973 9.195 -11.43 10.973 10.541 -11.354
4 16 13.538 12.141 -10.338 14.529 10.541 -11.354 10.973 10.541 -11.354 10.973 12.141 -10.338
3 16 7.442 10.185 15.85 10.541 9.373 14.453 8.153 12.446 15.24
4 16 3.759 4.089 17.348 6.833 5.309 16.078 6.985 7.772 16.154 3.886 6.629 17.475
3 16 12.344 11.024 13.31 8.153 12.446 15.24 10.541 9.373 14.453
3 16 12.294 8.103 13.386 12.344 11.024 13.31 10.541 9.373 14.453
3 16 12.294 8.103 13.386 10.541 9.373 14.453 10.439 7.188 14.453
4 16 12.649 5.74 12.751 12.294 8.103 13.386 10.439 7.188 14.453 10.414 4.826 14.097
4 16 12.827 3.531 12.04 12.649 5.74 12.751 10.414 4.826 14.097 10.49 2.565 13.411
4 16 0 5.131 -15.519 4.826 5.131 -15.519 3.937 4.445 -19.66 0 4.75 -17.805
3 16 0 4.75 -17.805 3.937 4.445 -19.66 0 4.445 -19.66
4 16 0 15.799 13.843 8.128 15.392 14.503 2.515 15.926 13.64 0 15.926 13.64
3 16 14.249 11.379 9.347 16.434 10.668 7.95 14.707 12.167 8.001
4 16 15.9 10.998 -3.505 15.723 12.598 -4.699 15.977 14.3 -3.861 16.281 13.792 -2.388
4 16 16.612 10.922 1.321 16.485 12.243 -0.635 16.84 14.91 1.397 16.942 13.741 3.226
3 16 16.662 10.185 2.692 16.612 10.922 1.321 16.942 13.741 3.226
4 16 16.332 8.788 7.112 16.637 9.627 5.004 16.891 12.395 5.283 16.434 10.668 7.95
3 16 3.937 4.445 -19.66 4.826 5.131 -15.519 3.734 1.905 -18.872
2 24 10.262 5.461 -13.437 4.826 5.131 -15.519
2 24 0 5.461 -13.106 4.318 5.461 -12.395
2 24 4.318 5.461 -12.395 8.077 5.461 -10.414
2 24 6.985 17.374 11.913 4.877 16.459 12.954
2 24 4.877 16.459 12.954 2.515 15.926 13.64
2 24 12.548 21.336 5.359 11.76 20.676 7.01
2 24 12.065 5.486 -12.598 10.262 5.461 -13.437
2 24 3.607 0.787 -18.415 3.734 1.905 -18.872
2 24 4.115 1.346 -15.164 3.759 0.61 -14.808
2 24 8.128 15.392 14.503 5.74 14.783 18.821
2 24 5.74 14.783 18.821 4.369 12.497 19.583
2 24 4.369 12.497 19.583 3.48 9.982 20.066
2 24 3.48 9.982 20.066 3.023 7.341 20.345
2 24 3.023 7.341 20.345 2.972 4.674 20.193
2 24 2.972 4.674 20.193 3.124 2.083 19.533
2 24 3.124 0.94 19.101 3.15 -1.524 18.034
2 24 3.15 -3.835 16.662 3.15 -5.918 14.986
2 24 3.15 -5.918 14.986 3.15 -7.747 13.03
2 24 3.15 -7.747 13.03 3.15 -9.296 10.82
2 24 3.15 -9.296 10.82 3.15 -10.541 8.458
2 24 3.15 -10.541 8.458 3.15 -11.43 5.918
2 24 3.759 -10.693 2.87 3.759 -10.262 5.309
2 24 3.15 -11.43 5.918 3.15 -11.989 3.302
2 24 3.759 -10.744 0.406 3.759 -10.693 2.87
2 24 3.15 -11.989 3.302 3.15 -12.167 0.61
2 24 3.759 -10.389 -2.032 3.759 -10.744 0.406
2 24 3.15 -12.167 0.61 3.15 -11.963 -2.057
2 24 3.759 -9.677 -4.394 3.759 -10.389 -2.032
2 24 3.15 -11.963 -2.057 3.15 -11.405 -4.674
2 24 3.759 -8.661 -6.629 3.759 -9.677 -4.394
2 24 3.15 -11.405 -4.674 3.15 -10.49 -7.214
2 24 3.759 -7.366 -8.712 3.759 -8.661 -6.629
2 24 3.15 -10.49 -7.214 3.15 -9.246 -9.576
2 24 3.759 -5.791 -10.592 3.759 -7.366 -8.712
2 24 3.15 -9.246 -9.576 3.15 -7.696 -11.76
2 24 3.734 -3.962 -12.243 3.759 -5.791 -10.592
2 24 3.15 -7.696 -11.76 3.15 -5.842 -13.716
2 24 3.15 -3.734 -15.392 3.15 -2.337 -16.332
2 24 12.649 -5.436 -2.769 12.522 -4.775 -4.521
2 24 12.421 -3.81 -6.147 12.319 -2.616 -7.645
2 24 14.122 4.242 -10.617 14.072 2.667 -9.957
2 24 14.072 -1.448 -6.858 14.122 -2.489 -5.461
2 24 14.122 -2.489 -5.461 14.224 -3.277 -3.912
2 24 14.224 -3.277 -3.912 14.351 -3.81 -2.261
2 24 14.656 -4.039 2.819 14.681 -3.658 4.445
2 24 14.681 -3.658 4.445 14.656 -2.997 6.045
2 24 14.656 -2.997 6.045 14.605 -2.108 7.62
2 24 14.224 5.461 -11.074 14.122 4.242 -10.617
2 24 13.03 -5.436 4.851 12.929 -5.893 2.007
2 24 7.061 -9.119 5.207 10.719 -7.214 5.004
2 24 10.719 -7.214 5.004 13.03 -5.436 4.851
2 24 14.605 -2.108 7.62 14.783 -0.813 8.941
2 24 16.891 9.246 -7.137 14.529 10.541 -11.354
2 24 16.916 6.909 -6.502 16.891 9.246 -7.137
2 24 16.942 4.826 -5.944 16.916 6.909 -6.502
2 24 16.993 3.175 -4.928 16.942 4.826 -5.944
2 24 17.297 0.356 -0.152 17.221 0.813 -1.956
2 24 17.374 1.524 5.359 17.399 0.737 3.556
2 24 17.374 0.356 1.803 17.297 0.356 -0.152
2 24 17.272 2.692 7.239 17.374 1.524 5.359
2 24 17.069 2.769 8.153 17.272 2.692 7.239
2 24 16.459 2.21 9.042 17.069 2.769 8.153
2 24 15.824 1.219 9.398 16.459 2.21 9.042
2 24 15.088 0.025 9.373 15.824 1.219 9.398
2 24 14.783 -0.813 8.941 15.088 0.025 9.373
2 24 13.081 21.844 3.683 12.548 21.336 5.359
2 24 13.386 22.174 2.007 13.081 21.844 3.683
2 24 13.487 22.301 0.305 13.386 22.174 2.007
2 24 13.36 22.25 -1.397 13.487 22.301 0.305
2 24 10.973 19.38 -7.442 11.506 20.091 -6.655
2 24 14.427 9.195 -11.43 14.224 5.461 -11.074
2 24 9.5 18.999 9.957 6.985 17.374 11.913
2 24 10.719 19.837 8.56 9.5 18.999 9.957
2 24 11.76 20.676 7.01 10.719 19.837 8.56
2 24 8.077 5.461 -10.414 10.973 5.461 -7.442
2 24 10.973 5.461 -7.442 10.973 19.38 -7.442
2 24 3.124 2.083 19.533 3.124 0.94 19.101
2 24 3.15 -1.524 18.034 3.15 -3.835 16.662
2 24 3.785 -1.93 -13.589 3.734 -3.962 -12.243
2 24 3.15 -5.842 -13.716 3.15 -3.734 -15.392
2 24 12.319 -2.616 -7.645 12.268 -1.27 -8.992
2 24 12.268 -1.27 -8.992 12.192 0.203 -10.185
2 24 12.192 0.203 -10.185 12.141 1.854 -11.201
2 24 12.141 1.854 -11.201 12.116 3.632 -12.014
2 24 12.116 3.632 -12.014 12.065 5.486 -12.598
2 24 14.072 2.667 -9.957 14.046 1.194 -9.119
2 24 14.046 1.194 -9.119 14.046 -0.203 -8.077
2 24 14.046 -0.203 -8.077 14.072 -1.448 -6.858
2 24 14.351 -3.81 -2.261 14.453 -4.115 -0.559
2 24 14.453 -4.115 -0.559 14.58 -4.191 1.168
2 24 14.58 -4.191 1.168 14.656 -4.039 2.819
2 24 12.929 -5.893 2.007 12.751 -5.817 -0.914
2 24 12.751 -5.817 -0.914 12.649 -5.436 -2.769
2 24 3.759 -10.262 5.309 7.061 -9.119 5.207
2 24 3.759 0.61 -14.808 3.785 -1.93 -13.589
2 24 3.15 -2.337 -16.332 3.15 -0.127 -17.399
2 24 17.094 1.753 -3.607 16.993 3.175 -4.928
2 24 17.221 0.813 -1.956 17.094 1.753 -3.607
2 24 17.399 0.737 3.556 17.374 0.356 1.803
2 24 13.056 22.022 -3.023 13.36 22.25 -1.397
2 24 12.624 21.539 -4.394 13.056 22.022 -3.023
2 24 12.065 20.853 -5.639 12.624 21.539 -4.394
2 24 11.506 20.091 -6.655 12.065 20.853 -5.639
2 24 14.529 10.541 -11.354 14.427 9.195 -11.43
2 24 3.937 4.445 -19.66 0 4.445 -19.66
2 24 0 15.799 13.843 8.128 15.392 14.503
2 24 2.515 15.926 13.64 0 15.926 13.64
2 24 4.826 5.131 -15.519 4.115 1.346 -15.164
2 24 3.734 1.905 -18.872 3.937 4.445 -19.66
2 24 8.128 15.392 14.503 9.881 16.51 13.081
2 24 11.938 18.059 11.201 12.929 18.999 9.957
2 24 12.573 5.486 -12.04 12.065 5.486 -12.598
2 24 10.973 5.461 -11.151 14.224 5.461 -11.074
2 24 14.224 5.461 -11.074 12.573 5.486 -12.04
2 24 17.018 17.374 -4.978 17.501 16.027 -3.378
2 24 17.501 16.027 -3.378 17.247 14.757 -4.547
2 24 14.757 15.875 -7.366 15.037 17.475 -6.299
2 24 15.037 17.475 -6.299 16.637 17.221 -6.223
2 24 16.459 15.418 -7.366 14.757 15.875 -7.366
2 24 16.637 17.221 -6.223 16.459 15.418 -7.366
2 24 14.834 14.529 -7.366 14.757 15.875 -7.366
2 24 16.459 14.173 -6.909 14.834 14.529 -7.366
2 24 16.459 15.418 -7.366 16.459 14.173 -6.909
2 24 15.723 12.598 -4.699 14.834 14.529 -7.366
2 24 17.069 13.106 -5.385 15.723 12.598 -4.699
2 24 16.459 14.173 -6.909 17.069 13.106 -5.385
2 24 16.256 15.824 -2.464 15.977 14.3 -3.861
2 24 17.501 16.027 -3.378 16.256 15.824 -2.464
2 24 15.418 18.009 -5.055 17.018 17.374 -4.978
2 24 17.018 17.374 -4.978 16.637 17.221 -6.223
2 24 15.037 17.475 -6.299 15.418 18.009 -5.055
2 24 3.759 0.61 -14.808 3.15 -0.127 -17.399
2 24 3.15 -0.127 -17.399 3.607 0.787 -18.415
2 24 10.973 9.195 -11.43 10.973 5.461 -11.151
2 24 10.973 5.461 -11.151 10.973 5.461 -7.442
2 24 10.973 14.681 -9.855 10.973 12.141 -10.338
2 24 4.115 1.346 -15.164 3.607 0.787 -18.415
2 24 6.756 13.691 15.951 8.128 15.392 14.503
2 24 5.639 11.481 16.739 6.756 13.691 15.951
2 24 4.572 9.119 17.221 5.639 11.481 16.739
2 24 3.886 6.629 17.475 4.572 9.119 17.221
2 24 3.759 4.089 17.348 3.886 6.629 17.475
2 24 3.734 1.575 16.789 3.759 4.089 17.348
2 24 3.759 -4.902 12.7 3.785 -2.946 14.376
2 24 3.759 -6.553 10.719 3.759 -4.902 12.7
2 24 3.759 -7.849 8.484 3.759 -6.553 10.719
2 24 3.759 -8.712 6.045 3.759 -7.849 8.484
2 24 3.759 -10.262 5.309 3.759 -8.712 6.045
2 24 12.852 -4.343 -4.369 12.979 -4.928 -2.718
2 24 12.751 -3.454 -5.969 12.852 -4.343 -4.369
2 24 12.675 -1.626 -8.153 12.751 -3.454 -5.969
2 24 13.36 -4.826 4.521 13.208 -5.334 1.346
2 24 14.681 -3.658 4.445 13.36 -4.826 4.521
2 24 12.573 2.87 -11.201 12.573 5.486 -12.04
2 24 13.36 -4.826 4.521 13.03 -5.436 4.851
2 24 11.227 -4.928 5.664 9.881 -5.969 5.766
2 24 9.881 -5.969 5.766 6.96 -7.62 5.918
2 24 12.802 -3.429 5.563 11.227 -4.928 5.664
2 24 15.189 7.95 12.217 12.294 8.103 13.386
2 24 12.294 8.103 13.386 12.649 5.74 12.751
2 24 14.935 5.817 12.192 15.189 7.95 12.217
2 24 12.649 5.74 12.751 12.827 3.531 12.04
2 24 14.605 3.759 11.735 14.935 5.817 12.192
2 24 12.929 1.067 10.82 12.852 -1.016 9.119
2 24 12.852 -1.016 9.119 12.776 -2.413 7.442
2 24 12.776 -2.413 7.442 12.802 -3.429 5.563
2 24 15.469 9.982 -5.283 16.891 9.246 -7.137
2 24 14.529 10.541 -11.354 13.538 12.141 -10.338
2 24 15.469 9.982 -5.283 15.291 7.671 -4.978
2 24 15.291 7.671 -4.978 15.316 6.02 -4.623
2 24 15.316 6.02 -4.623 15.316 4.547 -3.886
2 24 15.469 2.057 0.406 15.519 1.981 1.981
2 24 15.418 2.54 -1.295 15.469 2.057 0.406
2 24 15.519 2.413 3.759 15.723 4.013 6.528
2 24 15.723 4.013 6.528 15.646 4.42 7.722
2 24 15.646 4.42 7.722 15.367 4.039 8.839
2 24 15.367 4.039 8.839 14.986 3.2 9.652
2 24 14.986 3.2 9.652 14.605 1.651 10.084
2 24 14.605 1.651 10.084 15.088 0.025 9.373
2 24 14.757 21.539 -4.394 14.859 22.022 -3.023
2 24 14.859 22.022 -3.023 14.986 22.276 -1.143
2 24 14.935 22.073 2.565 14.757 21.666 4.343
2 24 15.519 15.392 2.921 15.545 16.205 1.676
2 24 14.757 21.666 4.343 14.427 21.107 5.969
2 24 15.443 14.58 4.14 15.519 15.392 2.921
2 24 14.427 21.107 5.969 13.995 20.472 7.391
2 24 15.291 13.741 5.436 15.443 14.58 4.14
2 24 13.995 20.472 7.391 13.487 19.761 8.687
2 24 15.062 12.929 6.731 15.291 13.741 5.436
2 24 13.487 19.761 8.687 12.929 18.999 9.957
2 24 14.707 12.167 8.001 15.062 12.929 6.731
2 24 12.548 15.037 12.014 12.421 13.03 12.802
2 24 12.929 9.017 12.649 13.665 10.49 10.871
2 24 12.294 8.103 13.386 12.929 9.017 12.649
2 24 12.344 11.024 13.31 12.294 8.103 13.386
2 24 15.367 18.567 -2.057 14.834 20.091 -4.47
2 24 14.453 20.853 -5.639 14.757 21.539 -4.394
2 24 14.935 22.073 2.565 15.011 22.276 0.737
2 24 15.011 22.276 0.737 14.986 22.276 -1.143
2 24 14.326 20.091 -6.655 14.072 19.177 -7.62
2 24 10.973 18.263 -8.331 10.973 19.38 -7.442
2 24 13.538 12.141 -10.338 13.614 14.656 -9.881
2 24 15.672 8.915 10.668 15.189 7.95 12.217
2 24 14.605 3.759 11.735 14.376 1.219 10.566
2 24 15.519 2.413 3.759 15.519 1.981 1.981
2 24 15.418 2.54 -1.295 15.316 3.404 -2.718
2 24 16.18 17.221 -2.184 16.637 15.85 -0.102
2 24 15.418 18.694 -4.496 16.18 17.221 -2.184
2 24 16.256 15.824 -2.464 15.418 18.009 -5.055
2 24 14.326 20.091 -6.655 15.418 18.694 -4.496
2 24 13.614 14.656 -9.881 13.741 16.561 -9.271
2 24 14.072 19.177 -7.62 13.945 18.136 -8.407
2 24 3.785 -0.787 15.773 3.785 -2.946 14.376
2 24 3.759 -8.712 6.045 6.96 -7.62 5.918
2 24 12.548 15.037 12.014 12.725 17.043 11.049
2 24 12.725 17.043 11.049 12.929 18.999 9.957
2 24 3.734 1.575 16.789 3.785 -0.787 15.773
2 24 12.344 11.024 13.31 12.421 13.03 12.802
2 24 11.938 18.059 11.201 9.881 16.51 13.081
2 24 12.929 1.067 10.82 12.827 3.531 12.04
2 24 15.672 8.915 10.668 16.434 10.668 7.95
2 24 14.249 11.379 9.347 13.665 10.49 10.871
2 24 16.434 10.668 7.95 16.891 12.395 5.283
2 24 16.891 12.395 5.283 16.942 13.741 3.226
2 24 16.942 13.741 3.226 16.84 14.91 1.397
2 24 16.84 14.91 1.397 16.637 15.85 -0.102
2 24 15.519 17.526 -0.356 15.545 16.205 1.676
2 24 15.367 18.567 -2.057 15.519 17.526 -0.356
2 24 14.326 20.091 -6.655 14.834 20.091 -4.47
2 24 14.326 20.091 -6.655 14.453 20.853 -5.639
2 24 17.247 14.757 -4.547 17.069 13.106 -5.385
2 24 15.977 14.3 -3.861 15.723 12.598 -4.699
2 24 10.973 12.141 -10.338 10.973 10.541 -11.354
2 24 10.973 10.541 -11.354 10.973 9.195 -11.43
2 24 10.973 17.12 -8.966 10.973 15.926 -9.474
2 24 10.973 15.926 -9.474 10.973 14.681 -9.855
2 24 10.973 18.263 -8.331 10.973 17.12 -8.966
2 24 12.598 0.432 -9.855 12.675 -1.626 -8.153
2 24 12.573 2.87 -11.201 12.598 0.432 -9.855
2 24 13.081 -5.258 -0.94 12.979 -4.928 -2.718
2 24 13.208 -5.334 1.346 13.081 -5.258 -0.94
2 24 15.316 4.547 -3.886 15.316 3.404 -2.718
2 24 14.249 11.379 9.347 14.707 12.167 8.001
2 24 13.741 16.561 -9.271 13.945 18.136 -8.407
2 24 13.538 12.141 -10.338 10.973 12.141 -10.338
2 24 10.973 10.541 -11.354 14.529 10.541 -11.354
2 24 4.826 5.131 -15.519 3.937 4.445 -19.66
2 24 12.522 -4.775 -4.521 12.421 -3.81 -6.147
2 24 14.376 1.219 10.566 15.088 0.025 9.373
2 24 13.538 12.141 -10.338 15.469 9.982 -5.283
2 24 13.03 -5.436 4.851 12.802 -3.429 5.563
2 24 14.681 -3.658 4.445 12.802 -3.429 5.563
5 24 0 5.461 -13.106 4.826 5.131 -15.519 0 5.131 -15.519 10.262 5.461 -13.437
5 24 4.826 5.131 -15.519 0 5.131 -15.519 0 5.461 -13.106 3.937 4.445 -19.66
5 24 0 5.461 -13.106 10.262 5.461 -13.437 4.826 5.131 -15.519 4.318 5.461 -12.395
5 24 6.985 17.374 11.913 8.128 15.392 14.503 9.881 16.51 13.081 4.877 16.459 12.954
5 24 9.881 16.51 13.081 6.985 17.374 11.913 8.128 15.392 14.503 9.5 18.999 9.957
5 24 4.877 16.459 12.954 8.128 15.392 14.503 6.985 17.374 11.913 2.515 15.926 13.64
5 24 2.515 15.926 13.64 8.128 15.392 14.503 4.877 16.459 12.954 0 15.799 13.843
5 24 12.929 18.999 9.957 9.5 18.999 9.957 11.938 18.059 11.201 10.719 19.837 8.56
5 24 9.5 18.999 9.957 11.938 18.059 11.201 12.929 18.999 9.957 9.881 16.51 13.081
5 24 13.995 20.472 7.391 12.548 21.336 5.359 11.76 20.676 7.01 14.427 21.107 5.969
5 24 11.76 20.676 7.01 13.995 20.472 7.391 12.548 21.336 5.359 13.487 19.761 8.687
5 24 10.973 5.461 -11.151 12.065 5.486 -12.598 10.262 5.461 -13.437 12.573 5.486 -12.04
5 24 10.262 5.461 -13.437 10.973 5.461 -11.151 12.065 5.486 -12.598 10.973 5.461 -7.442
5 24 16.459 15.418 -7.366 17.018 17.374 -4.978 17.501 16.027 -3.378 16.637 17.221 -6.223
5 24 17.247 14.757 -4.547 16.459 15.418 -7.366 17.501 16.027 -3.378 17.069 13.106 -5.385
5 24 16.637 17.221 -6.223 14.757 15.875 -7.366 15.037 17.475 -6.299 16.459 15.418 -7.366
5 24 16.459 15.418 -7.366 14.834 14.529 -7.366 14.757 15.875 -7.366 16.459 14.173 -6.909
5 24 16.459 14.173 -6.909 15.723 12.598 -4.699 14.834 14.529 -7.366 17.069 13.106 -5.385
5 24 15.977 14.3 -3.861 17.247 14.757 -4.547 16.256 15.824 -2.464 17.069 13.106 -5.385
5 24 16.637 17.221 -6.223 15.418 18.009 -5.055 17.018 17.374 -4.978 15.037 17.475 -6.299
5 24 3.607 0.787 -18.415 3.759 0.61 -14.808 3.15 -0.127 -17.399 4.115 1.346 -15.164
5 24 5.74 14.783 18.821 6.756 13.691 15.951 8.128 15.392 14.503 4.369 12.497 19.583
5 24 4.369 12.497 19.583 6.756 13.691 15.951 5.74 14.783 18.821 5.639 11.481 16.739
5 24 4.369 12.497 19.583 5.639 11.481 16.739 6.756 13.691 15.951 3.48 9.982 20.066
5 24 3.48 9.982 20.066 5.639 11.481 16.739 4.369 12.497 19.583 4.572 9.119 17.221
5 24 3.48 9.982 20.066 4.572 9.119 17.221 5.639 11.481 16.739 3.023 7.341 20.345
5 24 3.023 7.341 20.345 4.572 9.119 17.221 3.48 9.982 20.066 3.886 6.629 17.475
5 24 3.023 7.341 20.345 3.886 6.629 17.475 4.572 9.119 17.221 2.972 4.674 20.193
5 24 2.972 4.674 20.193 3.886 6.629 17.475 3.023 7.341 20.345 3.759 4.089 17.348
5 24 2.972 4.674 20.193 3.759 4.089 17.348 3.886 6.629 17.475 3.124 2.083 19.533
5 24 3.124 2.083 19.533 3.759 4.089 17.348 2.972 4.674 20.193 3.734 1.575 16.789
5 24 3.124 2.083 19.533 3.734 1.575 16.789 3.759 4.089 17.348 3.124 0.94 19.101
5 24 3.15 -1.524 18.034 3.785 -0.787 15.773 3.124 0.94 19.101 3.785 -2.946 14.376
5 24 3.15 -3.835 16.662 3.759 -4.902 12.7 3.785 -2.946 14.376 3.15 -5.918 14.986
5 24 3.785 -2.946 14.376 3.15 -3.835 16.662 3.759 -4.902 12.7 3.15 -1.524 18.034
5 24 3.15 -5.918 14.986 3.759 -4.902 12.7 3.15 -3.835 16.662 3.759 -6.553 10.719
5 24 3.15 -5.918 14.986 3.759 -6.553 10.719 3.759 -4.902 12.7 3.15 -7.747 13.03
5 24 3.15 -7.747 13.03 3.759 -6.553 10.719 3.15 -5.918 14.986 3.759 -7.849 8.484
5 24 3.15 -7.747 13.03 3.759 -7.849 8.484 3.759 -6.553 10.719 3.15 -9.296 10.82
5 24 3.15 -9.296 10.82 3.759 -7.849 8.484 3.15 -7.747 13.03 3.759 -8.712 6.045
5 24 3.15 -9.296 10.82 3.759 -8.712 6.045 3.759 -7.849 8.484 3.15 -10.541 8.458
5 24 3.15 -10.541 8.458 3.759 -8.712 6.045 3.15 -9.296 10.82 3.759 -10.262 5.309
5 24 3.15 -10.541 8.458 3.759 -10.262 5.309 3.759 -8.712 6.045 3.15 -11.43 5.918
5 24 3.15 -11.43 5.918 3.759 -10.262 5.309 3.15 -10.541 8.458 3.759 -10.693 2.87
5 24 3.15 -11.43 5.918 3.759 -10.693 2.87 3.759 -10.262 5.309 3.15 -11.989 3.302
5 24 3.15 -11.989 3.302 3.759 -10.693 2.87 3.15 -11.43 5.918 3.759 -10.744 0.406
5 24 3.15 -11.989 3.302 3.759 -10.744 0.406 3.759 -10.693 2.87 3.15 -12.167 0.61
5 24 3.15 -12.167 0.61 3.759 -10.744 0.406 3.15 -11.989 3.302 3.759 -10.389 -2.032
5 24 3.15 -12.167 0.61 3.759 -10.389 -2.032 3.759 -10.744 0.406 3.15 -11.963 -2.057
5 24 3.15 -11.963 -2.057 3.759 -10.389 -2.032 3.15 -12.167 0.61 3.759 -9.677 -4.394
5 24 3.15 -11.963 -2.057 3.759 -9.677 -4.394 3.759 -10.389 -2.032 3.15 -11.405 -4.674
5 24 3.15 -11.405 -4.674 3.759 -9.677 -4.394 3.15 -11.963 -2.057 3.759 -8.661 -6.629
5 24 3.15 -11.405 -4.674 3.759 -8.661 -6.629 3.759 -9.677 -4.394 3.15 -10.49 -7.214
5 24 3.15 -10.49 -7.214 3.759 -8.661 -6.629 3.15 -11.405 -4.674 3.759 -7.366 -8.712
5 24 3.15 -10.49 -7.214 3.759 -7.366 -8.712 3.759 -8.661 -6.629 3.15 -9.246 -9.576
5 24 3.15 -9.246 -9.576 3.759 -7.366 -8.712 3.15 -10.49 -7.214 3.759 -5.791 -10.592
5 24 3.15 -9.246 -9.576 3.759 -5.791 -10.592 3.759 -7.366 -8.712 3.15 -7.696 -11.76
5 24 3.15 -7.696 -11.76 3.759 -5.791 -10.592 3.15 -9.246 -9.576 3.734 -3.962 -12.243
5 24 3.15 -7.696 -11.76 3.734 -3.962 -12.243 3.759 -5.791 -10.592 3.15 -5.842 -13.716
5 24 3.15 -5.842 -13.716 3.734 -3.962 -12.243 3.15 -7.696 -11.76 3.785 -1.93 -13.589
5 24 3.15 -2.337 -16.332 3.785 -1.93 -13.589 3.15 -3.734 -15.392 3.759 0.61 -14.808
5 24 3.785 -1.93 -13.589 3.15 -3.734 -15.392 3.15 -2.337 -16.332 3.15 -5.842 -13.716
5 24 12.522 -4.775 -4.521 12.979 -4.928 -2.718 12.649 -5.436 -2.769 12.852 -4.343 -4.369
5 24 12.979 -4.928 -2.718 12.649 -5.436 -2.769 12.522 -4.775 -4.521 13.081 -5.258 -0.94
5 24 12.522 -4.775 -4.521 12.852 -4.343 -4.369 12.979 -4.928 -2.718 12.421 -3.81 -6.147
5 24 12.421 -3.81 -6.147 12.852 -4.343 -4.369 12.522 -4.775 -4.521 12.751 -3.454 -5.969
5 24 12.421 -3.81 -6.147 12.751 -3.454 -5.969 12.852 -4.343 -4.369 12.319 -2.616 -7.645
5 24 12.319 -2.616 -7.645 12.751 -3.454 -5.969 12.421 -3.81 -6.147 12.675 -1.626 -8.153
5 24 12.319 -2.616 -7.645 12.675 -1.626 -8.153 12.751 -3.454 -5.969 12.268 -1.27 -8.992
5 24 14.072 2.667 -9.957 12.573 2.87 -11.201 14.122 4.242 -10.617 12.598 0.432 -9.855
5 24 12.573 2.87 -11.201 14.122 4.242 -10.617 14.072 2.667 -9.957 12.573 5.486 -12.04
5 24 14.072 -1.448 -6.858 12.751 -3.454 -5.969 12.675 -1.626 -8.153 14.122 -2.489 -5.461
5 24 12.675 -1.626 -8.153 14.072 -1.448 -6.858 12.751 -3.454 -5.969 14.046 -0.203 -8.077
5 24 14.122 -2.489 -5.461 12.751 -3.454 -5.969 14.072 -1.448 -6.858 12.852 -4.343 -4.369
5 24 14.122 -2.489 -5.461 12.852 -4.343 -4.369 12.751 -3.454 -5.969 14.224 -3.277 -3.912
5 24 14.224 -3.277 -3.912 12.852 -4.343 -4.369 14.122 -2.489 -5.461 12.979 -4.928 -2.718
5 24 14.224 -3.277 -3.912 12.979 -4.928 -2.718 12.852 -4.343 -4.369 14.351 -3.81 -2.261
5 24 14.351 -3.81 -2.261 12.979 -4.928 -2.718 14.224 -3.277 -3.912 13.081 -5.258 -0.94
5 24 14.656 -4.039 2.819 13.36 -4.826 4.521 13.208 -5.334 1.346 14.681 -3.658 4.445
5 24 13.208 -5.334 1.346 14.656 -4.039 2.819 13.36 -4.826 4.521 14.58 -4.191 1.168
5 24 12.802 -3.429 5.563 13.36 -4.826 4.521 14.681 -3.658 4.445 13.03 -5.436 4.851
5 24 14.656 -2.997 6.045 12.802 -3.429 5.563 14.681 -3.658 4.445 14.605 -2.108 7.62
5 24 14.605 -2.108 7.62 12.802 -3.429 5.563 14.656 -2.997 6.045 12.776 -2.413 7.442
5 24 12.573 5.486 -12.04 14.122 4.242 -10.617 12.573 2.87 -11.201 14.224 5.461 -11.074
5 24 12.929 -5.893 2.007 13.36 -4.826 4.521 13.03 -5.436 4.851 13.208 -5.334 1.346
5 24 12.929 -5.893 2.007 13.208 -5.334 1.346 13.36 -4.826 4.521 12.751 -5.817 -0.914
5 24 9.881 -5.969 5.766 10.719 -7.214 5.004 11.227 -4.928 5.664 6.96 -7.62 5.918
5 24 6.96 -7.62 5.918 10.719 -7.214 5.004 9.881 -5.969 5.766 7.061 -9.119 5.207
5 24 6.96 -7.62 5.918 7.061 -9.119 5.207 10.719 -7.214 5.004 3.759 -8.712 6.045
5 24 13.03 -5.436 4.851 11.227 -4.928 5.664 10.719 -7.214 5.004 12.802 -3.429 5.563
5 24 12.649 5.74 12.751 15.189 7.95 12.217 12.294 8.103 13.386 14.935 5.817 12.192
5 24 12.649 5.74 12.751 14.935 5.817 12.192 15.189 7.95 12.217 12.827 3.531 12.04
5 24 12.827 3.531 12.04 14.935 5.817 12.192 12.649 5.74 12.751 14.605 3.759 11.735
5 24 12.827 3.531 12.04 14.605 3.759 11.735 14.935 5.817 12.192 12.929 1.067 10.82
5 24 12.852 -1.016 9.119 14.376 1.219 10.566 12.929 1.067 10.82 14.783 -0.813 8.941
5 24 14.376 1.219 10.566 12.929 1.067 10.82 12.852 -1.016 9.119 14.605 3.759 11.735
5 24 12.852 -1.016 9.119 14.783 -0.813 8.941 14.376 1.219 10.566 12.776 -2.413 7.442
5 24 14.783 -0.813 8.941 14.376 1.219 10.566 12.852 -1.016 9.119 15.088 0.025 9.373
5 24 12.776 -2.413 7.442 14.783 -0.813 8.941 12.852 -1.016 9.119 14.605 -2.108 7.62
5 24 12.776 -2.413 7.442 14.605 -2.108 7.62 14.783 -0.813 8.941 12.802 -3.429 5.563
5 24 14.529 10.541 -11.354 15.469 9.982 -5.283 16.891 9.246 -7.137 13.538 12.141 -10.338
5 24 15.291 7.671 -4.978 16.891 9.246 -7.137 15.469 9.982 -5.283 16.916 6.909 -6.502
5 24 15.291 7.671 -4.978 16.916 6.909 -6.502 16.891 9.246 -7.137 15.316 6.02 -4.623
5 24 15.316 6.02 -4.623 16.916 6.909 -6.502 15.291 7.671 -4.978 16.942 4.826 -5.944
5 24 15.316 6.02 -4.623 16.942 4.826 -5.944 16.916 6.909 -6.502 15.316 4.547 -3.886
5 24 15.316 4.547 -3.886 16.942 4.826 -5.944 15.316 6.02 -4.623 16.993 3.175 -4.928
5 24 15.316 4.547 -3.886 16.993 3.175 -4.928 16.942 4.826 -5.944 15.316 3.404 -2.718
5 24 17.221 0.813 -1.956 15.418 2.54 -1.295 17.297 0.356 -0.152 17.094 1.753 -3.607
5 24 15.418 2.54 -1.295 17.297 0.356 -0.152 17.221 0.813 -1.956 15.469 2.057 0.406
5 24 17.399 0.737 3.556 15.519 2.413 3.759 17.374 1.524 5.359 15.519 1.981 1.981
5 24 15.519 2.413 3.759 17.374 1.524 5.359 17.399 0.737 3.556 17.272 2.692 7.239
5 24 17.374 0.356 1.803 15.469 2.057 0.406 15.519 1.981 1.981 17.297 0.356 -0.152
5 24 15.519 1.981 1.981 17.374 0.356 1.803 15.469 2.057 0.406 17.399 0.737 3.556
5 24 17.297 0.356 -0.152 15.469 2.057 0.406 17.374 0.356 1.803 15.418 2.54 -1.295
5 24 15.519 2.413 3.759 17.272 2.692 7.239 17.374 1.524 5.359 15.723 4.013 6.528
5 24 15.723 4.013 6.528 17.272 2.692 7.239 15.519 2.413 3.759 15.646 4.42 7.722
5 24 15.646 4.42 7.722 17.272 2.692 7.239 15.723 4.013 6.528 17.069 2.769 8.153
5 24 15.646 4.42 7.722 17.069 2.769 8.153 17.272 2.692 7.239 15.367 4.039 8.839
5 24 15.367 4.039 8.839 17.069 2.769 8.153 15.646 4.42 7.722 16.459 2.21 9.042
5 24 15.367 4.039 8.839 16.459 2.21 9.042 17.069 2.769 8.153 14.986 3.2 9.652
5 24 14.986 3.2 9.652 16.459 2.21 9.042 15.367 4.039 8.839 15.824 1.219 9.398
5 24 14.986 3.2 9.652 15.824 1.219 9.398 16.459 2.21 9.042 14.605 1.651 10.084
5 24 14.605 1.651 10.084 15.824 1.219 9.398 14.986 3.2 9.652 15.088 0.025 9.373
5 24 14.859 22.022 -3.023 15.367 18.567 -2.057 14.757 21.539 -4.394 14.986 22.276 -1.143
5 24 15.367 18.567 -2.057 14.757 21.539 -4.394 14.859 22.022 -3.023 14.834 20.091 -4.47
5 24 14.986 22.276 -1.143 15.367 18.567 -2.057 14.859 22.022 -3.023 15.519 17.526 -0.356
5 24 14.757 21.666 4.343 15.545 16.205 1.676 14.935 22.073 2.565 15.519 15.392 2.921
5 24 15.545 16.205 1.676 14.935 22.073 2.565 14.757 21.666 4.343 15.519 17.526 -0.356
5 24 14.757 21.666 4.343 15.519 15.392 2.921 15.545 16.205 1.676 14.427 21.107 5.969
5 24 14.427 21.107 5.969 15.519 15.392 2.921 14.757 21.666 4.343 15.443 14.58 4.14
5 24 14.427 21.107 5.969 15.443 14.58 4.14 15.519 15.392 2.921 13.995 20.472 7.391
5 24 13.995 20.472 7.391 15.443 14.58 4.14 14.427 21.107 5.969 15.291 13.741 5.436
5 24 13.995 20.472 7.391 15.291 13.741 5.436 15.443 14.58 4.14 13.487 19.761 8.687
5 24 13.487 19.761 8.687 15.291 13.741 5.436 13.995 20.472 7.391 15.062 12.929 6.731
5 24 13.487 19.761 8.687 15.062 12.929 6.731 15.291 13.741 5.436 12.929 18.999 9.957
5 24 12.929 18.999 9.957 15.062 12.929 6.731 13.487 19.761 8.687 14.707 12.167 8.001
5 24 12.929 18.999 9.957 14.707 12.167 8.001 15.062 12.929 6.731 12.725 17.043 11.049
5 24 12.421 13.03 12.802 13.665 10.49 10.871 12.548 15.037 12.014 12.344 11.024 13.31
5 24 13.665 10.49 10.871 12.548 15.037 12.014 12.421 13.03 12.802 14.249 11.379 9.347
5 24 12.344 11.024 13.31 12.929 9.017 12.649 13.665 10.49 10.871 12.294 8.103 13.386
5 24 13.665 10.49 10.871 12.344 11.024 13.31 12.929 9.017 12.649 12.421 13.03 12.802
5 24 14.834 20.091 -4.47 14.757 21.539 -4.394 15.367 18.567 -2.057 14.453 20.853 -5.639
5 24 14.834 20.091 -4.47 14.453 20.853 -5.639 14.757 21.539 -4.394 14.326 20.091 -6.655
5 24 14.427 21.107 5.969 12.548 21.336 5.359 13.995 20.472 7.391 14.757 21.666 4.343
5 24 14.757 21.666 4.343 12.548 21.336 5.359 14.427 21.107 5.969 13.081 21.844 3.683
5 24 14.757 21.666 4.343 13.081 21.844 3.683 12.548 21.336 5.359 14.935 22.073 2.565
5 24 14.935 22.073 2.565 13.081 21.844 3.683 14.757 21.666 4.343 13.386 22.174 2.007
5 24 14.935 22.073 2.565 13.386 22.174 2.007 13.081 21.844 3.683 15.011 22.276 0.737
5 24 15.011 22.276 0.737 13.386 22.174 2.007 14.935 22.073 2.565 13.487 22.301 0.305
5 24 15.011 22.276 0.737 13.487 22.301 0.305 13.386 22.174 2.007 14.986 22.276 -1.143
5 24 14.986 22.276 -1.143 13.487 22.301 0.305 15.011 22.276 0.737 13.36 22.25 -1.397
5 24 14.986 22.276 -1.143 13.36 22.25 -1.397 13.487 22.301 0.305 14.859 22.022 -3.023
5 24 14.072 19.177 -7.62 11.506 20.091 -6.655 14.326 20.091 -6.655 10.973 19.38 -7.442
5 24 11.506 20.091 -6.655 14.326 20.091 -6.655 14.072 19.177 -7.62 12.065 20.853 -5.639
5 24 14.072 19.177 -7.62 10.973 19.38 -7.442 11.506 20.091 -6.655 10.973 18.263 -8.331
5 24 14.072 19.177 -7.62 10.973 18.263 -8.331 10.973 19.38 -7.442 13.945 18.136 -8.407
5 24 13.538 12.141 -10.338 15.723 12.598 -4.699 15.469 9.982 -5.283 13.614 14.656 -9.881
5 24 15.723 12.598 -4.699 15.469 9.982 -5.283 13.538 12.141 -10.338 15.9 10.998 -3.505
5 24 13.614 14.656 -9.881 15.723 12.598 -4.699 13.538 12.141 -10.338 14.834 14.529 -7.366
5 24 13.614 14.656 -9.881 14.834 14.529 -7.366 15.723 12.598 -4.699 13.741 16.561 -9.271
5 24 16.256 15.824 -2.464 16.281 13.792 -2.388 15.977 14.3 -3.861 16.637 15.85 -0.102
5 24 16.281 13.792 -2.388 15.977 14.3 -3.861 16.256 15.824 -2.464 15.9 10.998 -3.505
5 24 15.189 7.95 12.217 15.748 7.645 10.084 15.672 8.915 10.668 14.935 5.817 12.192
5 24 15.748 7.645 10.084 15.672 8.915 10.668 15.189 7.95 12.217 16.078 7.569 8.585
5 24 14.935 5.817 12.192 15.748 7.645 10.084 15.189 7.95 12.217 14.605 3.759 11.735
5 24 14.605 3.759 11.735 15.748 7.645 10.084 14.935 5.817 12.192 15.646 6.198 9.754
5 24 15.646 6.198 9.754 15.748 7.645 10.084 14.605 3.759 11.735 16.078 7.569 8.585
5 24 14.605 3.759 11.735 15.646 6.198 9.754 15.748 7.645 10.084 14.986 3.2 9.652
5 24 15.723 4.013 6.528 16.332 8.788 7.112 16.078 7.569 8.585 16.104 6.401 4.978
5 24 16.332 8.788 7.112 16.078 7.569 8.585 15.723 4.013 6.528 16.434 10.668 7.95
5 24 16.078 7.569 8.585 15.723 4.013 6.528 16.332 8.788 7.112 15.646 4.42 7.722
5 24 15.723 4.013 6.528 16.104 6.401 4.978 16.332 8.788 7.112 16.154 6.528 3.327
5 24 16.104 6.401 4.978 16.332 8.788 7.112 15.723 4.013 6.528 16.637 9.627 5.004
5 24 16.154 6.528 3.327 16.104 6.401 4.978 15.723 4.013 6.528 16.637 9.627 5.004
5 24 16.078 7.569 8.585 15.672 8.915 10.668 15.748 7.645 10.084 16.434 10.668 7.95
5 24 15.748 7.645 10.084 16.078 7.569 8.585 15.672 8.915 10.668 15.646 6.198 9.754
5 24 14.986 3.2 9.652 14.605 3.759 11.735 14.376 1.219 10.566 15.646 6.198 9.754
5 24 15.367 4.039 8.839 15.646 6.198 9.754 14.986 3.2 9.652 16.078 7.569 8.585
5 24 15.672 3.683 0.711 15.519 2.413 3.759 15.519 1.981 1.981 16.154 6.528 3.327
5 24 15.519 1.981 1.981 15.672 3.683 0.711 15.519 2.413 3.759 15.469 2.057 0.406
5 24 15.469 2.057 0.406 15.672 3.683 0.711 15.519 1.981 1.981 15.418 2.54 -1.295
5 24 15.418 2.54 -1.295 15.672 3.683 0.711 15.469 2.057 0.406 15.596 4.318 -0.94
5 24 16.637 9.627 5.004 16.332 8.788 7.112 16.104 6.401 4.978 16.891 12.395 5.283
5 24 16.104 6.401 4.978 16.637 9.627 5.004 16.332 8.788 7.112 16.154 6.528 3.327
5 24 16.485 12.243 -0.635 16.027 9.093 -1.905 15.9 10.998 -3.505 16.612 10.922 1.321
5 24 16.027 9.093 -1.905 15.9 10.998 -3.505 16.485 12.243 -0.635 15.519 6.528 -3.607
5 24 15.596 4.318 -0.94 15.672 3.683 0.711 15.418 2.54 -1.295 16.129 7.62 0.152
5 24 15.418 2.54 -1.295 15.596 4.318 -0.94 15.672 3.683 0.711 15.316 3.404 -2.718
5 24 15.519 6.528 -3.607 15.316 4.547 -3.886 15.316 6.02 -4.623 15.316 3.404 -2.718
5 24 15.316 6.02 -4.623 15.519 6.528 -3.607 15.316 4.547 -3.886 15.291 7.671 -4.978
5 24 15.291 7.671 -4.978 15.519 6.528 -3.607 15.316 6.02 -4.623 15.469 9.982 -5.283
5 24 16.637 15.85 -0.102 16.256 15.824 -2.464 16.18 17.221 -2.184 16.281 13.792 -2.388
5 24 16.256 15.824 -2.464 16.18 17.221 -2.184 16.637 15.85 -0.102 15.418 18.694 -4.496
5 24 15.469 9.982 -5.283 15.519 6.528 -3.607 15.291 7.671 -4.978 15.9 10.998 -3.505
5 24 16.256 15.824 -2.464 15.418 18.694 -4.496 16.18 17.221 -2.184 15.418 18.009 -5.055
5 24 15.418 18.009 -5.055 15.418 18.694 -4.496 16.256 15.824 -2.464 14.326 20.091 -6.655
5 24 15.418 18.009 -5.055 14.072 19.177 -7.62 14.326 20.091 -6.655 15.037 17.475 -6.299
5 24 14.326 20.091 -6.655 15.418 18.009 -5.055 14.072 19.177 -7.62 15.418 18.694 -4.496
5 24 15.037 17.475 -6.299 14.072 19.177 -7.62 15.418 18.009 -5.055 13.945 18.136 -8.407
5 24 14.834 14.529 -7.366 13.741 16.561 -9.271 14.757 15.875 -7.366 13.614 14.656 -9.881
5 24 13.741 16.561 -9.271 14.757 15.875 -7.366 14.834 14.529 -7.366 15.037 17.475 -6.299
5 24 13.945 18.136 -8.407 10.973 18.263 -8.331 14.072 19.177 -7.62 13.741 16.561 -9.271
5 24 10.973 5.461 -11.151 14.427 9.195 -11.43 14.224 5.461 -11.074 10.973 9.195 -11.43
5 24 10.973 9.195 -11.43 14.427 9.195 -11.43 10.973 5.461 -11.151 14.529 10.541 -11.354
5 24 11.227 -2.515 9.525 12.852 -1.016 9.119 12.929 1.067 10.82 11.201 -3.886 7.696
5 24 12.929 1.067 10.82 11.227 -2.515 9.525 12.852 -1.016 9.119 11.252 -0.813 11.049
5 24 11.201 -3.886 7.696 12.852 -1.016 9.119 11.227 -2.515 9.525 12.776 -2.413 7.442
5 24 11.227 -2.515 9.525 11.201 -3.886 7.696 12.852 -1.016 9.119 9.855 -3.556 9.804
5 24 11.201 -3.886 7.696 12.776 -2.413 7.442 12.852 -1.016 9.119 11.227 -4.928 5.664
5 24 11.227 -4.928 5.664 12.776 -2.413 7.442 11.201 -3.886 7.696 12.802 -3.429 5.563
5 24 11.201 -3.886 7.696 11.227 -4.928 5.664 12.776 -2.413 7.442 9.855 -4.928 7.874
5 24 6.934 -5.309 10.287 3.759 -6.553 10.719 6.934 -6.655 8.204 6.934 -3.607 12.065
5 24 3.759 -6.553 10.719 6.934 -6.655 8.204 6.934 -5.309 10.287 3.759 -7.849 8.484
5 24 6.934 -6.655 8.204 6.934 -5.309 10.287 3.759 -6.553 10.719 9.855 -4.928 7.874
5 24 6.934 -3.607 12.065 3.759 -6.553 10.719 6.934 -5.309 10.287 3.759 -4.902 12.7
5 24 6.934 -5.309 10.287 6.934 -3.607 12.065 3.759 -6.553 10.719 9.855 -3.556 9.804
5 24 6.934 -3.607 12.065 3.759 -4.902 12.7 3.759 -6.553 10.719 6.96 -1.626 13.564
5 24 6.96 -1.626 13.564 3.759 -4.902 12.7 6.934 -3.607 12.065 3.785 -2.946 14.376
5 24 6.934 -3.607 12.065 6.96 -1.626 13.564 3.759 -4.902 12.7 9.906 -1.854 11.405
5 24 6.96 -1.626 13.564 3.785 -2.946 14.376 3.759 -4.902 12.7 3.785 -0.787 15.773
5 24 6.96 -1.626 13.564 3.785 -0.787 15.773 3.785 -2.946 14.376 6.934 0.559 14.732
5 24 3.759 -7.849 8.484 6.934 -6.655 8.204 3.759 -6.553 10.719 3.759 -8.712 6.045
5 24 3.759 -8.712 6.045 6.934 -6.655 8.204 3.759 -7.849 8.484 6.96 -7.62 5.918
5 24 6.96 -7.62 5.918 6.934 -6.655 8.204 3.759 -8.712 6.045 9.881 -5.969 5.766
5 24 9.881 -5.969 5.766 6.934 -6.655 8.204 6.96 -7.62 5.918 9.855 -4.928 7.874
5 24 9.855 -4.928 7.874 6.934 -6.655 8.204 9.881 -5.969 5.766 6.934 -5.309 10.287
5 24 9.881 -5.969 5.766 9.855 -4.928 7.874 6.934 -6.655 8.204 11.227 -4.928 5.664
5 24 9.855 -4.928 7.874 6.934 -5.309 10.287 6.934 -6.655 8.204 9.855 -3.556 9.804
5 24 9.855 -3.556 9.804 6.934 -5.309 10.287 9.855 -4.928 7.874 6.934 -3.607 12.065
5 24 9.855 -4.928 7.874 9.855 -3.556 9.804 6.934 -5.309 10.287 11.201 -3.886 7.696
5 24 9.855 -3.556 9.804 6.934 -3.607 12.065 6.934 -5.309 10.287 9.906 -1.854 11.405
5 24 9.906 -1.854 11.405 6.934 -3.607 12.065 9.855 -3.556 9.804 6.96 -1.626 13.564
5 24 9.855 -3.556 9.804 9.906 -1.854 11.405 6.934 -3.607 12.065 11.227 -2.515 9.525
5 24 9.906 -1.854 11.405 6.96 -1.626 13.564 6.934 -3.607 12.065 9.906 0.127 12.7
5 24 9.906 0.127 12.7 6.96 -1.626 13.564 9.906 -1.854 11.405 6.934 0.559 14.732
5 24 9.906 -1.854 11.405 9.906 0.127 12.7 6.96 -1.626 13.564 11.252 -0.813 11.049
5 24 9.906 0.127 12.7 6.934 0.559 14.732 6.96 -1.626 13.564 10.49 2.565 13.411
5 24 6.934 0.559 14.732 6.96 -1.626 13.564 9.906 0.127 12.7 3.785 -0.787 15.773
5 24 10.49 2.565 13.411 6.934 0.559 14.732 9.906 0.127 12.7 6.883 2.87 15.596
5 24 9.906 0.127 12.7 10.49 2.565 13.411 6.934 0.559 14.732 11.303 1.143 12.217
5 24 10.49 2.565 13.411 6.883 2.87 15.596 6.934 0.559 14.732 10.414 4.826 14.097
5 24 6.883 2.87 15.596 6.934 0.559 14.732 10.49 2.565 13.411 3.785 -0.787 15.773
5 24 10.414 4.826 14.097 6.883 2.87 15.596 10.49 2.565 13.411 6.833 5.309 16.078
5 24 10.49 2.565 13.411 10.414 4.826 14.097 6.883 2.87 15.596 12.827 3.531 12.04
5 24 10.414 4.826 14.097 6.833 5.309 16.078 6.883 2.87 15.596 10.439 7.188 14.453
5 24 6.833 5.309 16.078 6.883 2.87 15.596 10.414 4.826 14.097 3.734 1.575 16.789
5 24 10.439 7.188 14.453 6.833 5.309 16.078 10.414 4.826 14.097 6.985 7.772 16.154
5 24 10.414 4.826 14.097 10.439 7.188 14.453 6.833 5.309 16.078 12.649 5.74 12.751
5 24 10.439 7.188 14.453 6.985 7.772 16.154 6.833 5.309 16.078 10.541 9.373 14.453
5 24 6.985 7.772 16.154 6.833 5.309 16.078 10.439 7.188 14.453 3.759 4.089 17.348
5 24 10.541 9.373 14.453 6.985 7.772 16.154 10.439 7.188 14.453 7.442 10.185 15.85
5 24 10.439 7.188 14.453 10.541 9.373 14.453 6.985 7.772 16.154 12.294 8.103 13.386
5 24 10.541 9.373 14.453 7.442 10.185 15.85 6.985 7.772 16.154 8.153 12.446 15.24
5 24 7.442 10.185 15.85 6.985 7.772 16.154 10.541 9.373 14.453 3.886 6.629 17.475
5 24 10.439 13.691 13.716 8.89 14.681 14.402 8.153 12.446 15.24 10.922 15.799 12.802
5 24 8.89 14.681 14.402 8.153 12.446 15.24 10.439 13.691 13.716 6.756 13.691 15.951
5 24 8.153 12.446 15.24 10.439 13.691 13.716 8.89 14.681 14.402 12.344 11.024 13.31
5 24 10.922 15.799 12.802 8.89 14.681 14.402 10.439 13.691 13.716 11.938 18.059 11.201
5 24 10.439 13.691 13.716 10.922 15.799 12.802 8.89 14.681 14.402 12.421 13.03 12.802
5 24 10.922 15.799 12.802 11.938 18.059 11.201 8.89 14.681 14.402 12.548 15.037 12.014
5 24 11.938 18.059 11.201 8.89 14.681 14.402 10.922 15.799 12.802 9.881 16.51 13.081
5 24 12.548 15.037 12.014 11.938 18.059 11.201 10.922 15.799 12.802 12.725 17.043 11.049
5 24 10.922 15.799 12.802 12.548 15.037 12.014 11.938 18.059 11.201 12.421 13.03 12.802
5 24 12.725 17.043 11.049 11.938 18.059 11.201 12.548 15.037 12.014 12.929 18.999 9.957
5 24 6.934 0.559 14.732 3.785 -0.787 15.773 6.96 -1.626 13.564 6.883 2.87 15.596
5 24 6.883 2.87 15.596 3.785 -0.787 15.773 6.934 0.559 14.732 3.734 1.575 16.789
5 24 6.883 2.87 15.596 3.734 1.575 16.789 3.785 -0.787 15.773 6.833 5.309 16.078
5 24 6.833 5.309 16.078 3.734 1.575 16.789 6.883 2.87 15.596 3.759 4.089 17.348
5 24 6.833 5.309 16.078 3.759 4.089 17.348 3.734 1.575 16.789 6.985 7.772 16.154
5 24 7.442 10.185 15.85 3.886 6.629 17.475 6.985 7.772 16.154 4.572 9.119 17.221
5 24 3.886 6.629 17.475 6.985 7.772 16.154 7.442 10.185 15.85 3.759 4.089 17.348
5 24 7.442 10.185 15.85 4.572 9.119 17.221 3.886 6.629 17.475 8.153 12.446 15.24
5 24 8.153 12.446 15.24 4.572 9.119 17.221 7.442 10.185 15.85 5.639 11.481 16.739
5 24 7.442 10.185 15.85 8.153 12.446 15.24 4.572 9.119 17.221 10.541 9.373 14.453
5 24 8.153 12.446 15.24 5.639 11.481 16.739 4.572 9.119 17.221 6.756 13.691 15.951
5 24 8.153 12.446 15.24 6.756 13.691 15.951 5.639 11.481 16.739 8.89 14.681 14.402
5 24 11.227 -4.928 5.664 9.855 -4.928 7.874 9.881 -5.969 5.766 11.201 -3.886 7.696
5 24 11.201 -3.886 7.696 9.855 -4.928 7.874 11.227 -4.928 5.664 9.855 -3.556 9.804
5 24 11.201 -3.886 7.696 9.855 -3.556 9.804 9.855 -4.928 7.874 11.227 -2.515 9.525
5 24 11.227 -2.515 9.525 9.855 -3.556 9.804 11.201 -3.886 7.696 9.906 -1.854 11.405
5 24 11.227 -2.515 9.525 9.906 -1.854 11.405 9.855 -3.556 9.804 11.252 -0.813 11.049
5 24 11.252 -0.813 11.049 9.906 -1.854 11.405 11.227 -2.515 9.525 9.906 0.127 12.7
5 24 11.227 -2.515 9.525 11.252 -0.813 11.049 9.906 -1.854 11.405 12.929 1.067 10.82
5 24 11.252 -0.813 11.049 9.906 0.127 12.7 9.906 -1.854 11.405 11.303 1.143 12.217
5 24 11.303 1.143 12.217 9.906 0.127 12.7 11.252 -0.813 11.049 10.49 2.565 13.411
5 24 11.252 -0.813 11.049 11.303 1.143 12.217 9.906 0.127 12.7 12.929 1.067 10.82
5 24 11.303 1.143 12.217 10.49 2.565 13.411 9.906 0.127 12.7 12.929 1.067 10.82
5 24 8.153 12.446 15.24 12.344 11.024 13.31 10.439 13.691 13.716 10.541 9.373 14.453
5 24 12.421 13.03 12.802 10.439 13.691 13.716 12.344 11.024 13.31 10.922 15.799 12.802
5 24 12.421 13.03 12.802 10.922 15.799 12.802 10.439 13.691 13.716 12.548 15.037 12.014
5 24 8.89 14.681 14.402 6.756 13.691 15.951 8.153 12.446 15.24 9.881 16.51 13.081
5 24 8.89 14.681 14.402 9.881 16.51 13.081 6.756 13.691 15.951 11.938 18.059 11.201
5 24 9.881 16.51 13.081 6.756 13.691 15.951 8.89 14.681 14.402 8.128 15.392 14.503
5 24 10.49 2.565 13.411 12.929 1.067 10.82 12.827 3.531 12.04 11.303 1.143 12.217
5 24 12.827 3.531 12.04 10.49 2.565 13.411 12.929 1.067 10.82 10.414 4.826 14.097
5 24 11.303 1.143 12.217 12.929 1.067 10.82 10.49 2.565 13.411 11.252 -0.813 11.049
5 24 11.252 -0.813 11.049 12.929 1.067 10.82 11.303 1.143 12.217 11.227 -2.515 9.525
5 24 15.189 7.95 12.217 12.929 9.017 12.649 12.294 8.103 13.386 15.672 8.915 10.668
5 24 15.672 8.915 10.668 12.929 9.017 12.649 15.189 7.95 12.217 13.665 10.49 10.871
5 24 15.672 8.915 10.668 13.665 10.49 10.871 12.929 9.017 12.649 16.434 10.668 7.95
5 24 16.434 10.668 7.95 13.665 10.49 10.871 15.672 8.915 10.668 14.249 11.379 9.347
5 24 16.434 10.668 7.95 14.249 11.379 9.347 13.665 10.49 10.871 14.707 12.167 8.001
5 24 16.891 12.395 5.283 14.707 12.167 8.001 16.434 10.668 7.95 15.062 12.929 6.731
5 24 14.707 12.167 8.001 16.434 10.668 7.95 16.891 12.395 5.283 14.249 11.379 9.347
5 24 16.891 12.395 5.283 15.062 12.929 6.731 14.707 12.167 8.001 15.291 13.741 5.436
5 24 16.891 12.395 5.283 15.291 13.741 5.436 15.062 12.929 6.731 16.942 13.741 3.226
5 24 16.942 13.741 3.226 15.291 13.741 5.436 16.891 12.395 5.283 15.443 14.58 4.14
5 24 16.942 13.741 3.226 15.443 14.58 4.14 15.291 13.741 5.436 15.519 15.392 2.921
5 24 16.942 13.741 3.226 15.519 15.392 2.921 15.443 14.58 4.14 16.84 14.91 1.397
5 24 16.84 14.91 1.397 15.519 15.392 2.921 16.942 13.741 3.226 15.545 16.205 1.676
5 24 16.84 14.91 1.397 15.545 16.205 1.676 15.519 15.392 2.921 16.637 15.85 -0.102
5 24 16.637 15.85 -0.102 15.545 16.205 1.676 16.84 14.91 1.397 15.519 17.526 -0.356
5 24 16.637 15.85 -0.102 15.519 17.526 -0.356 15.545 16.205 1.676 16.18 17.221 -2.184
5 24 16.18 17.221 -2.184 15.519 17.526 -0.356 16.637 15.85 -0.102 15.367 18.567 -2.057
5 24 16.18 17.221 -2.184 15.367 18.567 -2.057 15.519 17.526 -0.356 15.418 18.694 -4.496
5 24 15.418 18.694 -4.496 15.367 18.567 -2.057 16.18 17.221 -2.184 14.834 20.091 -4.47
5 24 15.418 18.694 -4.496 14.834 20.091 -4.47 15.367 18.567 -2.057 14.326 20.091 -6.655
5 24 16.281 13.792 -2.388 16.485 12.243 -0.635 15.9 10.998 -3.505 16.637 15.85 -0.102
5 24 15.9 10.998 -3.505 16.281 13.792 -2.388 16.485 12.243 -0.635 15.977 14.3 -3.861
5 24 16.281 13.792 -2.388 16.637 15.85 -0.102 16.485 12.243 -0.635 16.256 15.824 -2.464
5 24 16.84 14.91 1.397 16.485 12.243 -0.635 16.637 15.85 -0.102 16.612 10.922 1.321
5 24 16.942 13.741 3.226 16.637 9.627 5.004 16.662 10.185 2.692 16.891 12.395 5.283
5 24 16.637 9.627 5.004 16.662 10.185 2.692 16.942 13.741 3.226 16.154 6.528 3.327
5 24 16.662 10.185 2.692 16.942 13.741 3.226 16.637 9.627 5.004 16.612 10.922 1.321
5 24 16.891 12.395 5.283 16.637 9.627 5.004 16.942 13.741 3.226 16.332 8.788 7.112
5 24 16.434 10.668 7.95 16.078 7.569 8.585 16.332 8.788 7.112 15.672 8.915 10.668
5 24 16.332 8.788 7.112 16.434 10.668 7.95 16.078 7.569 8.585 16.891 12.395 5.283
5 24 13.487 19.761 8.687 10.719 19.837 8.56 12.929 18.999 9.957 11.76 20.676 7.01
5 24 17.069 13.106 -5.385 16.459 15.418 -7.366 17.247 14.757 -4.547 16.459 14.173 -6.909
5 24 3.124 0.94 19.101 3.734 1.575 16.789 3.124 2.083 19.533 3.785 -0.787 15.773
5 24 12.268 -1.27 -8.992 12.675 -1.626 -8.153 12.319 -2.616 -7.645 12.192 0.203 -10.185
5 24 12.192 0.203 -10.185 12.675 -1.626 -8.153 12.268 -1.27 -8.992 12.598 0.432 -9.855
5 24 12.192 0.203 -10.185 12.598 0.432 -9.855 12.675 -1.626 -8.153 12.141 1.854 -11.201
5 24 12.141 1.854 -11.201 12.598 0.432 -9.855 12.192 0.203 -10.185 12.573 2.87 -11.201
5 24 12.141 1.854 -11.201 12.573 2.87 -11.201 12.598 0.432 -9.855 12.116 3.632 -12.014
5 24 12.116 3.632 -12.014 12.573 2.87 -11.201 12.141 1.854 -11.201 12.573 5.486 -12.04
5 24 12.573 5.486 -12.04 12.116 3.632 -12.014 12.065 5.486 -12.598 12.573 2.87 -11.201
5 24 14.072 2.667 -9.957 12.598 0.432 -9.855 12.573 2.87 -11.201 14.046 1.194 -9.119
5 24 14.046 1.194 -9.119 12.598 0.432 -9.855 14.072 2.667 -9.957 12.675 -1.626 -8.153
5 24 14.046 1.194 -9.119 12.675 -1.626 -8.153 12.598 0.432 -9.855 14.046 -0.203 -8.077
5 24 14.046 -0.203 -8.077 12.675 -1.626 -8.153 14.046 1.194 -9.119 14.072 -1.448 -6.858
5 24 14.453 -4.115 -0.559 13.081 -5.258 -0.94 14.351 -3.81 -2.261 13.208 -5.334 1.346
5 24 14.453 -4.115 -0.559 13.208 -5.334 1.346 13.081 -5.258 -0.94 14.58 -4.191 1.168
5 24 14.58 -4.191 1.168 13.208 -5.334 1.346 14.453 -4.115 -0.559 14.656 -4.039 2.819
5 24 12.751 -5.817 -0.914 13.081 -5.258 -0.94 13.208 -5.334 1.346 12.649 -5.436 -2.769
5 24 15.316 3.404 -2.718 17.094 1.753 -3.607 16.993 3.175 -4.928 15.418 2.54 -1.295
5 24 15.011 22.276 0.737 15.519 17.526 -0.356 14.986 22.276 -1.143 14.935 22.073 2.565
5 24 12.725 17.043 11.049 14.249 11.379 9.347 14.707 12.167 8.001 12.548 15.037 12.014
5 24 14.859 22.022 -3.023 13.056 22.022 -3.023 13.36 22.25 -1.397 14.757 21.539 -4.394
5 24 14.757 21.539 -4.394 12.624 21.539 -4.394 13.056 22.022 -3.023 14.453 20.853 -5.639
5 24 14.453 20.853 -5.639 12.065 20.853 -5.639 12.624 21.539 -4.394 14.326 20.091 -6.655
5 24 15.646 6.198 9.754 16.078 7.569 8.585 15.748 7.645 10.084 15.367 4.039 8.839
5 24 15.672 3.683 0.711 16.154 6.528 3.327 15.519 2.413 3.759 16.662 10.185 2.692
5 24 16.154 6.528 3.327 15.519 2.413 3.759 15.672 3.683 0.711 15.723 4.013 6.528
5 24 15.672 3.683 0.711 16.662 10.185 2.692 16.154 6.528 3.327 16.129 7.62 0.152
5 24 16.129 7.62 0.152 16.662 10.185 2.692 15.672 3.683 0.711 16.612 10.922 1.321
5 24 15.672 3.683 0.711 16.129 7.62 0.152 16.662 10.185 2.692 15.596 4.318 -0.94
5 24 15.596 4.318 -0.94 16.129 7.62 0.152 15.672 3.683 0.711 16.027 9.093 -1.905
5 24 16.027 9.093 -1.905 16.129 7.62 0.152 15.596 4.318 -0.94 16.612 10.922 1.321
5 24 15.596 4.318 -0.94 15.519 6.528 -3.607 16.027 9.093 -1.905 15.316 3.404 -2.718
5 24 15.519 6.528 -3.607 16.027 9.093 -1.905 15.596 4.318 -0.94 15.9 10.998 -3.505
5 24 15.519 6.528 -3.607 15.9 10.998 -3.505 16.027 9.093 -1.905 15.469 9.982 -5.283
5 24 15.469 9.982 -5.283 15.9 10.998 -3.505 15.519 6.528 -3.607 15.723 12.598 -4.699
5 24 15.723 12.598 -4.699 15.9 10.998 -3.505 15.469 9.982 -5.283 15.977 14.3 -3.861
5 24 15.367 4.039 8.839 16.078 7.569 8.585 15.646 6.198 9.754 15.646 4.42 7.722
5 24 15.646 4.42 7.722 16.078 7.569 8.585 15.367 4.039 8.839 15.723 4.013 6.528
5 24 16.154 6.528 3.327 16.637 9.627 5.004 16.104 6.401 4.978 16.662 10.185 2.692
5 24 16.129 7.62 0.152 16.612 10.922 1.321 16.662 10.185 2.692 16.027 9.093 -1.905
5 24 16.612 10.922 1.321 16.662 10.185 2.692 16.129 7.62 0.152 16.942 13.741 3.226
5 24 16.485 12.243 -0.635 16.612 10.922 1.321 16.027 9.093 -1.905 16.84 14.91 1.397
5 24 15.316 3.404 -2.718 15.519 6.528 -3.607 15.596 4.318 -0.94 15.316 4.547 -3.886
5 24 15.037 17.475 -6.299 13.945 18.136 -8.407 14.072 19.177 -7.62 13.741 16.561 -9.271
5 24 13.741 16.561 -9.271 10.973 17.12 -8.966 10.973 18.263 -8.331 10.973 15.926 -9.474
5 24 13.741 16.561 -9.271 10.973 15.926 -9.474 10.973 17.12 -8.966 13.614 14.656 -9.881
5 24 13.614 14.656 -9.881 10.973 14.681 -9.855 10.973 15.926 -9.474 13.538 12.141 -10.338
5 24 10.541 9.373 14.453 8.153 12.446 15.24 7.442 10.185 15.85 12.344 11.024 13.31
5 24 10.541 9.373 14.453 12.344 11.024 13.31 8.153 12.446 15.24 12.294 8.103 13.386
5 24 10.541 9.373 14.453 12.294 8.103 13.386 12.344 11.024 13.31 10.439 7.188 14.453
5 24 10.439 7.188 14.453 12.294 8.103 13.386 10.541 9.373 14.453 12.649 5.74 12.751
5 24 10.414 4.826 14.097 12.649 5.74 12.751 10.439 7.188 14.453 12.827 3.531 12.04
5 24 16.942 13.741 3.226 16.612 10.922 1.321 16.84 14.91 1.397 16.662 10.185 2.692
5 24 3.734 1.905 -18.872 4.826 5.131 -15.519 4.115 1.346 -15.164 3.937 4.445 -19.66
4 16 13 3 0 8 -4 0 7.39 -4 3.06 12.01 3 4.97
4 16 12.01 3 4.97 7.39 -4 3.06 5.66 -4 5.66 9.19 3 9.19
4 16 9.19 3 9.19 5.66 -4 5.66 3.06 -4 7.39 4.97 3 12.01
4 16 4.97 3 12.01 3.06 -4 7.39 0 -4 8 0 3 13
4 16 0 3 -13 0 -4 -8 3.06 -4 -7.39 4.97 3 -12.01
4 16 4.97 3 -12.01 3.06 -4 -7.39 5.66 -4 -5.66 9.19 3 -9.19
4 16 9.19 3 -9.19 5.66 -4 -5.66 7.39 -4 -3.06 12.01 3 -4.97
4 16 12.01 3 -4.97 7.39 -4 -3.06 8 -4 0 13 3 0
3 16 4.32 5.46 -12.39 0 5.46 -13.11 0 3 -13
3 16 4.97 3 -12.01 4.32 5.46 -12.39 0 3 -13
3 16 8.08 5.46 -10.41 4.32 5.46 -12.39 4.97 3 -12.01
3 16 9.19 3 -9.19 8.08 5.46 -10.41 4.97 3 -12.01
3 16 10.97 5.46 -7.44 8.08 5.46 -10.41 9.19 3 -9.19
3 16 12.01 3 -4.97 10.97 5.46 -7.44 9.19 3 -9.19
3 16 12.01 5.46 -4.97 10.97 5.46 -7.44 12.01 3 -4.97
4 16 13 5.46 0 12.01 5.46 -4.97 12.01 3 -4.97 13 3 0
4 16 12.01 5.46 4.97 13 5.46 0 13 3 0 12.01 3 4.97
4 16 9.19 5.46 9.19 12.01 5.46 4.97 12.01 3 4.97 9.19 3 9.19
4 16 4.97 5.46 12.01 9.19 5.46 9.19 9.19 3 9.19 4.97 3 12.01
4 16 0 3 13 0 5.46 13 4.97 5.46 12.01 4.97 3 12.01
5 24 0 3 -13 4.32 5.46 -12.39 0 5.46 -13.11 4.97 3 -12.01
5 24 4.32 5.46 -12.39 4.97 3 -12.01 0 3 -13 8.08 5.46 -10.41
5 24 4.97 3 -12.01 8.08 5.46 -10.41 4.32 5.46 -12.39 9.19 3 -9.19
5 24 8.08 5.46 -10.41 9.19 3 -9.19 4.97 3 -12.01 10.97 5.46 -7.44
5 24 9.19 3 -9.19 10.97 5.46 -7.44 8.08 5.46 -10.41 12.01 3 -4.97
5 24 10.97 5.46 -7.44 12.01 3 -4.97 9.19 3 -9.19 12.01 5.46 -4.97
5 24 12.01 3 -4.97 12.01 5.46 -4.97 10.97 5.46 -7.44 13 3 0
5 24 13 3 0 13 5.46 0 12.01 5.46 -4.97 12.01 3 4.97
5 24 12.01 3 4.97 12.01 5.46 4.97 13 5.46 0 9.19 3 9.19
5 24 9.19 3 9.19 9.19 5.46 9.19 12.01 5.46 4.97 4.97 3 12.01
5 24 4.97 3 12.01 4.97 5.46 12.01 9.19 5.46 9.19 0 5.46 13
3 16 11.51 20.09 -6.66 10.97 19.38 -7.44 10.97 5.46 -7.44
3 16 12.06 20.85 -5.64 11.51 20.09 -6.66 10.97 5.46 -7.44
3 16 12.01 5.46 -4.97 12.06 20.85 -5.64 10.97 5.46 -7.44
3 16 12.62 21.54 -4.39 12.06 20.85 -5.64 12.01 5.46 -4.97
3 16 13.06 22.02 -3.02 12.62 21.54 -4.39 12.01 5.46 -4.97
3 16 13.36 22.25 -1.4 13.06 22.02 -3.02 12.01 5.46 -4.97
3 16 13 5.46 0 13.36 22.25 -1.4 12.01 5.46 -4.97
3 16 13.49 22.3 0.3 13.36 22.25 -1.4 13 5.46 0
3 16 13.39 22.17 2.01 13.49 22.3 0.3 13 5.46 0
3 16 13.08 21.84 3.68 13.39 22.17 2.01 13 5.46 0
3 16 12.01 5.46 4.97 13.08 21.84 3.68 13 5.46 0
3 16 12.55 21.34 5.36 13.08 21.84 3.68 12.01 5.46 4.97
3 16 11.76 20.68 7.01 12.55 21.34 5.36 12.01 5.46 4.97
3 16 9.19 5.46 9.19 11.76 20.68 7.01 12.01 5.46 4.97
3 16 10.72 19.84 8.56 11.76 20.68 7.01 9.19 5.46 9.19
3 16 9.5 19 9.96 10.72 19.84 8.56 9.19 5.46 9.19
3 16 6.99 17.37 11.91 9.5 19 9.96 9.19 5.46 9.19
3 16 4.97 5.46 12.01 6.99 17.37 11.91 9.19 5.46 9.19
3 16 4.88 16.46 12.95 6.99 17.37 11.91 4.97 5.46 12.01
3 16 2.52 15.93 13.64 4.88 16.46 12.95 4.97 5.46 12.01
3 16 0 15.93 13.64 2.52 15.93 13.64 4.97 5.46 12.01
3 16 0 5.46 13 0 15.93 13.64 4.97 5.46 12.01
5 24 10.97 5.46 -7.44 11.51 20.09 -6.66 10.97 19.38 -7.44 12.06 20.85 -5.64
5 24 10.97 5.46 -7.44 12.06 20.85 -5.64 11.51 20.09 -6.66 12.01 5.46 -4.97
5 24 12.06 20.85 -5.64 12.01 5.46 -4.97 10.97 5.46 -7.44 12.62 21.54 -4.39
5 24 12.01 5.46 -4.97 12.62 21.54 -4.39 12.06 20.85 -5.64 13.06 22.02 -3.02
5 24 12.01 5.46 -4.97 13.06 22.02 -3.02 12.62 21.54 -4.39 13.36 22.25 -1.4
5 24 12.01 5.46 -4.97 13.36 22.25 -1.4 13.06 22.02 -3.02 13 5.46 0
5 24 13.36 22.25 -1.4 13 5.46 0 12.01 5.46 -4.97 13.49 22.3 0.3
5 24 13 5.46 0 13.49 22.3 0.3 13.36 22.25 -1.4 13.39 22.17 2.01
5 24 13 5.46 0 13.39 22.17 2.01 13.49 22.3 0.3 13.08 21.84 3.68
5 24 13 5.46 0 13.08 21.84 3.68 13.39 22.17 2.01 12.01 5.46 4.97
5 24 13.08 21.84 3.68 12.01 5.46 4.97 13 5.46 0 12.55 21.34 5.36
5 24 12.01 5.46 4.97 12.55 21.34 5.36 13.08 21.84 3.68 11.76 20.68 7.01
5 24 12.01 5.46 4.97 11.76 20.68 7.01 12.55 21.34 5.36 9.19 5.46 9.19
5 24 11.76 20.68 7.01 9.19 5.46 9.19 12.01 5.46 4.97 10.72 19.84 8.56
5 24 9.19 5.46 9.19 10.72 19.84 8.56 11.76 20.68 7.01 9.5 19 9.96
5 24 9.19 5.46 9.19 9.5 19 9.96 10.72 19.84 8.56 6.99 17.37 11.91
5 24 9.19 5.46 9.19 6.99 17.37 11.91 9.5 19 9.96 4.97 5.46 12.01
5 24 6.99 17.37 11.91 4.97 5.46 12.01 9.19 5.46 9.19 4.88 16.46 12.95
5 24 4.97 5.46 12.01 4.88 16.46 12.95 6.99 17.37 11.91 2.52 15.93 13.64
5 24 4.97 5.46 12.01 2.52 15.93 13.64 4.88 16.46 12.95 0 15.93 13.64
5 24 4.97 5.46 12.01 0 15.93 13.64 2.52 15.93 13.64 0 5.46 13
5 24 10.97 5.46 -11.15 12.57 5.49 -12.04 12.06 5.49 -12.6 14.22 5.46 -11.07
5 24 14.61 1.65 10.08 14.38 1.22 10.57 15.09 0.03 9.37 14.99 3.2 9.65
5 24 14.99 3.2 9.65 14.38 1.22 10.57 14.61 1.65 10.08 14.61 3.76 11.73
5 24 15.52 6.53 -3.61 15.6 4.32 -0.94 15.42 2.54 -1.29 16.03 9.09 -1.9
5 24 0 0.3 -17.88 3.61 0.79 -18.41 3.15 -0.13 -17.4 0 0.79 -18.41
5 24 12.01 3 4.97 7.39 -4 3.06 8 -4 0 9.19 3 9.19
5 24 8 -4 0 13 3 0 12.01 3 4.97 7.39 -4 -3.06
2 24 13 3 0 12.01 3 4.97
5 24 9.19 3 9.19 5.66 -4 5.66 7.39 -4 3.06 4.97 3 12.01
2 24 12.01 3 4.97 9.19 3 9.19
5 24 4.97 3 12.01 3.06 -4 7.39 5.66 -4 5.66 0 3 13
2 24 9.19 3 9.19 4.97 3 12.01
2 24 4.97 3 12.01 0 3 13
5 24 4.97 3 -12.01 3.06 -4 -7.39 0 -4 -8 9.19 3 -9.19
2 24 0 3 -13 4.97 3 -12.01
5 24 9.19 3 -9.19 5.66 -4 -5.66 3.06 -4 -7.39 12.01 3 -4.97
2 24 4.97 3 -12.01 9.19 3 -9.19
5 24 12.01 3 -4.97 7.39 -4 -3.06 5.66 -4 -5.66 13 3 0
2 24 9.19 3 -9.19 12.01 3 -4.97
2 24 12.01 3 -4.97 13 3 0
5 24 10.97 5.46 -7.44 12.01 5.46 -4.97 12.01 3 -4.97 12.06 20.85 -5.64
5 24 12.01 5.46 -4.97 13 5.46 0 13 3 0 13.36 22.25 -1.4
5 24 13 5.46 0 12.01 5.46 4.97 12.01 3 4.97 13.08 21.84 3.68
5 24 12.01 5.46 4.97 9.19 5.46 9.19 9.19 3 9.19 11.76 20.68 7.01
5 24 9.19 5.46 9.19 4.97 5.46 12.01 4.97 3 12.01 6.99 17.37 11.91
5 24 4.97 5.46 12.01 0 5.46 13 4.97 3 12.01 0 15.93 13.64
4 16 0 0.305 -17.882 3.607 0.787 -18.415 3.15 -0.127 -17.399 0 -0.127 -17.399
3 16 0 0.787 -18.415 3.607 0.787 -18.415 0 0.305 -17.882
2 24 3.15 -0.127 -17.399 0 -0.127 -17.399
2 24 0 0.787 -18.415 3.607 0.787 -18.415
2 24 0 -4 -8 3.06 -4 -7.39
2 24 0 -4 8 3.06 -4 7.39
0 FILE parts/3069b.dat
0 Tile  1 x  2 with Groove
0 Name: 3069b.dat
0 Author: Santeri Piippo [arezey]
0 !LDRAW_ORG Part UPDATE 2010-02
0 !LICENSE Licensed under CC BY 4.0 : see CAreadme.txt

0 BFC CERTIFY CCW

0 !KEYWORDS BrickLink 3069

0 !HISTORY 2010-07-05 [PTadmin] Official Update 2010-02


4 16 20 0 -10 20 0 10 -20 0 10 -20 0 -10
1 16 0 0 0 1 0 0 0 1 0 0 0 1 s\3069bs01.dat
0 //
0 FILE parts/s/3069bs01.dat
0 ~Tile  1 x  2 with Groove without Top Face
0 Name: s\3069bs01.dat
0 Author: Santeri Piippo [arezey]
0 !LDRAW_ORG Subpart UPDATE 2010-02
0 !LICENSE Licensed under CC BY 4.0 : see CAreadme.txt

0 BFC CERTIFY CCW

0 !HISTORY 2010-07-05 [PTadmin] Official Update 2010-02


1 16 0 0 0 20 0 0 0 7 0 0 0 10 box4.dat
1 16 0 7 0 19 0 0 0 1 0 0 0 9 box4.dat
0 BFC INVERTNEXT
1 16 0 8 0 16 0 0 0 -4 0 0 0 6 box5.dat
4 16 -19 8 9 -16 8 6 -16 8 -6 -19 8 -9
4 16 19 8 -9 16 8 -6 16 8 6 19 8 9
4 16 19 8 9 16 8 6 -16 8 6 -19 8 9
4 16 -19 8 -9 -16 8 -6 16 8 -6 19 8 -9
4 16 -20 7 10 -19 7 9 -19 7 -9 -20 7 -10
4 16 20 7 -10 19 7 -9 19 7 9 20 7 10
4 16 20 7 10 19 7 9 -19 7 9 -20 7 10
4 16 -20 7 -10 -19 7 -9 19 7 -9 20 7 -10
0 //
0 FILE p/box4.dat
0 Box with 4 Faces (2 Parallel Pairs) and All Edges
0 Name: box4.dat
0 Author: James Jessiman
0 !LDRAW_ORG Primitive UPDATE 2012-01
0 !LICENSE Licensed under CC BY 4.0 : see CAreadme.txt

0 BFC CERTIFY CCW

0 !HISTORY 2002-04-03 [sbliss] Modified for BFC compliance
0 !HISTORY 2002-04-25 [PTadmin] Official Update 2002-02
0 !HISTORY 2007-06-24 [PTadmin] Header formatted for Contributor Agreement
0 !HISTORY 2008-07-01 [PTadmin] Official Update 2008-01
0 !HISTORY 2012-02-16 [Philo] Changed to CCW
0 !HISTORY 2012-03-30 [PTadmin] Official Update 2012-01


2 24 1 1 1 -1 1 1
2 24 -1 1 1 -1 1 -1
2 24 -1 1 -1 1 1 -1
2 24 1 1 -1 1 1 1
2 24 1 0 1 -1 0 1
2 24 -1 0 1 -1 0 -1
2 24 -1 0 -1 1 0 -1
2 24 1 0 -1 1 0 1
2 24 1 0 1 1 1 1
2 24 -1 0 1 -1 1 1
2 24 1 0 -1 1 1 -1
2 24 -1 0 -1 -1 1 -1
4 16 -1 1 1 -1 0 1 1 0 1 1 1 1
4 16 -1 1 -1 -1 0 -1 -1 0 1 -1 1 1
4 16 1 1 -1 1 0 -1 -1 0 -1 -1 1 -1
4 16 1 1 1 1 0 1 1 0 -1 1 1 -1
0 FILE parts/3004.dat
0 Brick  1 x  2
0 Name: 3004.dat
0 Author: James Jessiman
0 !LDRAW_ORG Part UPDATE 2022-05
0 !LICENSE Licensed under CC BY 4.0 : see CAreadme.txt

0 BFC CERTIFY CCW

0 !HISTORY 2001-10-26 [PTadmin] Official Update 2001-01
0 !HISTORY 2002-05-07 {unknown} BFC Certification
0 !HISTORY 2002-06-11 [PTadmin] Official Update 2002-03
0 !HISTORY 2007-05-07 [PTadmin] Header formatted for Contributor Agreement
0 !HISTORY 2008-07-01 [PTadmin] Official Update 2008-01
0 !HISTORY 2022-08-04 [MagFors] Using subfile
0 !HISTORY 2022-09-15 [PTadmin] Official Update 2022-05


1 16 0 0 0 1 0 0 0 1 0 0 0 1 s\3004s01.dat
4 16 -20 24 -10 20 24 -10 20 0 -10 -20 0 -10
0 FILE parts/s/3004s01.dat
0 ~Brick  1 x  2 without Front Face
0 Name: s\3004s01.dat
0 Author: James Jessiman
0 !LDRAW_ORG Subpart UPDATE 2003-03
0 !LICENSE Licensed under CC BY 4.0 : see CAreadme.txt

0 BFC CERTIFY CCW

0 !HISTORY 2003-09-07 [jriley] Subfiling, BFC
0 !HISTORY 2003-12-19 [PTadmin] Official Update 2003-03
0 !HISTORY 2007-08-29 [PTadmin] Header formatted for Contributor Agreement
0 !HISTORY 2008-07-01 [PTadmin] Official Update 2008-01


1 16 0 4 0 1 0 0 0 -5 0 0 0 1 stud3.dat
0 BFC INVERTNEXT
1 16 0 24 0 16 0 0 0 -20 0 0 0 6 box5.dat
4 16 20 24 10 16 24 6 -16 24 6 -20 24 10
4 16 -20 24 10 -16 24 6 -16 24 -6 -20 24 -10
4 16 -20 24 -10 -16 24 -6 16 24 -6 20 24 -10
4 16 20 24 -10 16 24 -6 16 24 6 20 24 10
1 16 0 24 0 20 0 0 0 -24 0 0 0 10 box4t.dat
1 16 10 0 0 1 0 0 0 1 0 0 0 1 stud.dat
1 16 -10 0 0 1 0 0 0 1 0 0 0 1 stud.dat
0
0 FILE p/stud.dat
0 Stud
0 Name: stud.dat
0 Author: James Jessiman
0 !LDRAW_ORG Primitive UPDATE 2012-01
0 !LICENSE Licensed under CC BY 4.0 : see CAreadme.txt

0 BFC CERTIFY CCW

0 !HISTORY 2002-04-04 [sbliss] Modified for BFC compliance
0 !HISTORY 2002-04-25 [PTadmin] Official Update 2002-02
0 !HISTORY 2007-06-24 [PTadmin] Header formatted for Contributor Agreement
0 !HISTORY 2008-07-01 [PTadmin] Official Update 2008-01
0 !HISTORY 2012-02-16 [Philo] Changed to CCW
0 !HISTORY 2012-03-30 [PTadmin] Official Update 2012-01


1 16 0 0 0 6 0 0 0 1 0 0 0 6 4-4edge.dat
1 16 0 -4 0 6 0 0 0 1 0 0 0 6 4-4edge.dat
1 16 0 0 0 6 0 0 0 -4 0 0 0 6 4-4cyli.dat
1 16 0 -4 0 6 0 0 0 1 0 0 0 6 4-4disc.dat
0 FILE p/box4t.dat
0 Box with 4 Adjacent Faces and All Edges
0 Name: box4t.dat
0 Author: Tore Eriksson [Tore_Eriksson]
0 !LDRAW_ORG Primitive UPDATE 2003-02
0 !LICENSE Licensed under CC BY 4.0 : see CAreadme.txt

0 BFC CERTIFY CCW

0 !HISTORY 1997-09-29 [PTadmin] Official Update 1997-15
0 !HISTORY 2002-08-31 [izanette] Modified with WINDZ for BFC compliance
0 !HISTORY 2003-08-01 [PTadmin] Official Update 2003-02
0 !HISTORY 2007-06-24 [PTadmin] Header formatted for Contributor Agreement
0 !HISTORY 2008-07-01 [PTadmin] Official Update 2008-01


2 24 1 1 1 -1 1 1
2 24 -1 1 1 -1 1 -1
2 24 -1 1 -1 1 1 -1
2 24 1 1 -1 1 1 1
2 24 1 0 1 -1 0 1
2 24 -1 0 1 -1 0 -1
2 24 -1 0 -1 1 0 -1
2 24 1 0 -1 1 0 1
2 24 1 0 1 1 1 1
2 24 -1 0 1 -1 1 1
2 24 1 0 -1 1 1 -1
2 24 -1 0 -1 -1 1 -1
4 16 1 1 1 1 1 -1 -1 1 -1 -1 1 1
4 16 1 1 1 -1 1 1 -1 0 1 1 0 1
4 16 -1 1 1 -1 1 -1 -1 0 -1 -1 0 1
0 // 4 16 -1 1 -1 -1 0 -1 1 0 -1 1 1 -1
4 16 1 1 -1 1 1 1 1 0 1 1 0 -1
0
0 FILE p/stud3.dat
0 Stud Tube Solid
0 Name: stud3.dat
0 Author: James Jessiman
0 !LDRAW_ORG Primitive UPDATE 2012-01
0 !LICENSE Licensed under CC BY 4.0 : see CAreadme.txt

0 BFC CERTIFY CCW

0 !HISTORY 2002-04-04 [sbliss] Modified for BFC compliance
0 !HISTORY 2002-04-25 [PTadmin] Official Update 2002-02
0 !HISTORY 2007-06-24 [PTadmin] Header formatted for Contributor Agreement
0 !HISTORY 2008-07-01 [PTadmin] Official Update 2008-01
0 !HISTORY 2012-02-16 [Philo] Changed to CCW
0 !HISTORY 2012-03-30 [PTadmin] Official Update 2012-01


1 16 0 -4 0 4 0 0 0 1 0 0 0 4 4-4edge.dat
1 16 0 0 0 4 0 0 0 1 0 0 0 4 4-4edge.dat
1 16 0 -4 0 4 0 0 0 1 0 0 0 4 4-4disc.dat
1 16 0 -4 0 4 0 0 0 4 0 0 0 4 4-4cyli.dat
0 FILE parts/3957a.dat
0 Antenna  4H with Rounded Top
0 Name: 3957a.dat
0 Author: James Jessiman
0 !LDRAW_ORG Part UPDATE 2015-01
0 !LICENSE Licensed under CC BY 4.0 : see CAreadme.txt

0 BFC CERTIFY CCW

0 !KEYWORDS BrickLink 3957

0 !HISTORY 1998-06-20 [PTadmin] Official Update 1998-06
0 !HISTORY 2003-08-01 [PTadmin] Official Update 2003-02
0 !HISTORY 2003-08-06 [jriley] BFCed, added inner detail
0 !HISTORY 2003-12-19 [PTadmin] Official Update 2003-03
0 !HISTORY 2003-12-20 [Steffen] fixed BFC error
0 !HISTORY 2004-03-02 [PTadmin] Official Update 2004-01
0 !HISTORY 2007-06-30 [PTadmin] Header formatted for Contributor Agreement
0 !HISTORY 2008-07-01 [PTadmin] Official Update 2008-01
0 !HISTORY 2012-03-13 [PTadmin] Renamed from 3957
0 !HISTORY 2012-03-30 [PTadmin] Official Update 2012-01
0 !HISTORY 2015-02-10 [MagFors] Redesign without peghole.dat
0 !HISTORY 2015-10-11 [PTadmin] Official Update 2015-01


1 16 0 -84 0 4 0 0 0 -4 0 0 0 4 4-8sphe.dat
1 16 0 4 0 1 0 0 0 -1 0 0 0 1 stud4a.dat
1 16 0 4 0 6 0 0 0 1 0 0 0 6 4-4edge.dat
1 16 0 4 0 3 0 0 0 -1 0 0 0 3 4-4ring1.dat
0 BFC INVERTNEXT
1 16 0 0 0 3 0 0 0 4 0 0 0 3 4-4cylc.dat
1 16 0 0 0 8 0 0 0 1 0 0 0 8 4-4edge.dat
1 16 0 0 0 8 0 0 0 4 0 0 0 8 4-4cyli.dat
1 16 0 0 0 2 0 0 0 1 0 0 0 2 4-4ring3.dat
1 16 0 -4 0 6 0 0 0 4 0 0 0 6 4-4cylo.dat
1 16 0 -4 0 4 0 0 0 1 0 0 0 4 4-4edge.dat
1 16 0 -4 0 2 0 0 0 1 0 0 0 2 4-4ring2.dat
1 16 0 -84 0 4 0 0 0 80 0 0 0 4 4-4cyli.dat
0 FILE p/4-4ring1.dat
0 Ring  1 x 1.0
0 Name: 4-4ring1.dat
0 Author: James Jessiman
0 !LDRAW_ORG Primitive UPDATE 2009-01
0 !LICENSE Licensed under CC BY 4.0 : see CAreadme.txt

0 BFC CERTIFY CCW

0 !HISTORY 1998-12-15 [PTadmin] Official Update 1998-10
0 !HISTORY 2002-04-08 [BrickCaster] Modified for BFC compliance
0 !HISTORY 2002-04-25 [PTadmin] Official Update 2002-02
0 !HISTORY 2007-06-24 [PTadmin] Header formatted for Contributor Agreement
0 !HISTORY 2008-07-01 [PTadmin] Official Update 2008-01
0 !HISTORY 2008-08-26 [cwdee] Switch polygon winding and rename
0 !HISTORY 2009-05-02 [PTadmin] Official Update 2009-01


4 16 -0.7654 0 1.8478 -0.3827 0 0.9239 0 0 1 0 0 2
4 16 -1.4142 0 1.4142 -0.7071 0 0.7071 -0.3827 0 0.9239 -0.7654 0 1.8478
4 16 -1.8478 0 0.7654 -0.9239 0 0.3827 -0.7071 0 0.7071 -1.4142 0 1.41420
4 16 -2 0 0 -1 0 0 -0.9239 0 0.3827 -1.8478 0 0.7654
4 16 -1.8478 0 -0.7654 -0.9239 0 -0.3827 -1 0 0 -2 0 0
4 16 -1.4142 0 -1.4142 -0.7071 0 -0.7071 -0.9239 0 -0.3827 -1.8478 0 -0.7654
4 16 -0.7654 0 -1.8478 -0.3827 0 -0.9239 -0.7071 0 -0.7071 -1.4142 0 -1.4142
4 16 0 0 -2 0 0 -1 -0.3827 0 -0.9239 -0.7654 0 -1.8478
4 16 0.7654 0 -1.8478 0.3827 0 -0.9239 0 0 -1 0 0 -2
4 16 1.4142 0 -1.4142 0.7071 0 -0.7071 0.3827 0 -0.9239 0.7654 0 -1.8478
4 16 1.8478 0 -0.7654 0.9239 0 -0.3827 0.7071 0 -0.7071 1.4142 0 -1.4142
4 16 2 0 0 1 0 0 0.9239 0 -0.3827 1.8478 0 -0.7654
4 16 1.8478 0 0.7654 0.9239 0 0.3827 1 0 0 2 0 0
4 16 1.4142 0 1.4142 0.7071 0 0.7071 0.9239 0 0.3827 1.8478 0 0.7654
4 16 0.7654 0 1.8478 0.3827 0 0.9239 0.7071 0 0.7071 1.4142 0 1.4142
4 16 0 0 2 0 0 1 0.3827 0 0.9239 0.7654 0 1.8478
0
0 FILE p/stud4a.dat
0 Stud Tube Open without Base Edges
0 Name: stud4a.dat
0 Author: James Jessiman
0 !LDRAW_ORG Primitive UPDATE 2009-02
0 !LICENSE Licensed under CC BY 4.0 : see CAreadme.txt

0 BFC CERTIFY CCW

0 !HISTORY 1999-07-05 [PTadmin] Official Update 1999-05
0 !HISTORY 2002-04-04 [sbliss] Modified for BFC compliance
0 !HISTORY 2002-04-25 [PTadmin] Official Update 2002-02
0 !HISTORY 2007-06-24 [PTadmin] Header formatted for Contributor Agreement
0 !HISTORY 2008-07-01 [PTadmin] Official Update 2008-01
0 !HISTORY 2009-06-21 [cwdee] Update ring references to 4-4ring
0 !HISTORY 2009-09-03 [PTadmin] Official Update 2009-02


1 16 0 -4 0 6 0 0 0 1 0 0 0 6 4-4edge.dat
1 16 0 -4 0 8 0 0 0 1 0 0 0 8 4-4edge.dat
0 BFC INVERTNEXT
1 16 0 -4 0 6 0 0 0 4 0 0 0 6 4-4cyli.dat
1 16 0 -4 0 8 0 0 0 4 0 0 0 8 4-4cyli.dat
1 16 0 -4 0 2 0 0 0 1 0 0 0 2 4-4ring3.dat
0
0 FILE p/4-8sphe.dat
0 Sphere 0.5
0 Name: 4-8sphe.dat
0 Author: James Jessiman
0 !LDRAW_ORG Primitive UPDATE 2003-02
0 !LICENSE Licensed under CC BY 4.0 : see CAreadme.txt

0 BFC CERTIFY CCW

0 !HISTORY 2002-08-31 [izanette] Modified with WINDZ for BFC compliance
0 !HISTORY 2003-08-01 [PTadmin] Official Update 2003-02
0 !HISTORY 2007-06-24 [PTadmin] Header formatted for Contributor Agreement
0 !HISTORY 2008-07-01 [PTadmin] Official Update 2008-01


1 16 0 0 0 1 0 0 0 1 0 0 0 1 1-8sphe.dat
1 16 0 0 0 1 0 0 0 1 0 0 0 -1 1-8sphe.dat
1 16 0 0 0 -1 0 0 0 1 0 0 0 1 1-8sphe.dat
1 16 0 0 0 -1 0 0 0 1 0 0 0 -1 1-8sphe.dat
0
0 FILE parts/43898.dat
0 Dish  3 x  3 Inverted
0 Name: 43898.dat
0 Author: John Riley [jriley]
0 !LDRAW_ORG Part UPDATE 2019-02
0 !LICENSE Licensed under CC BY 2.0 and CC BY 4.0 : see CAreadme.txt

0 BFC CERTIFY CCW

0 !KEYWORDS Radar Dish, Round, Space

0 !HISTORY 2010-04-05 [PTadmin] Official Update 2010-01
0 !HISTORY 2010-05-09 [cwdee] Remove CATEGORY Round
0 !HISTORY 2010-07-05 [PTadmin] Official Update 2010-02
0 !HISTORY 2011-12-05 [Philo] Deleted extraneous ring3, regenerated condlines
0 !HISTORY 2012-03-30 [PTadmin] Official Update 2012-01
0 !HISTORY 2019-05-31 [GeraldLasser] Changed to 48-Segment Primitives
0 !HISTORY 2019-09-09 [PTadmin] Official Update 2019-02


1 16 0 0 0 1 0 0 0 1 0 0 0 1 s\43898s01.dat
1 16 0 0.61 0 6 0 0 0 -0.61 0 0 0 6 48\4-4con1.dat
1 16 0 2.5 0 6 0 0 0 -1.89 0 0 0 6 48\4-4con2.dat
1 16 0 8.58 0 9 0 0 0 -6.08 0 0 0 9 48\4-4con2.dat
1 16 0 12 0 3 0 0 0 -3.42 0 0 0 3 48\4-4con9.dat

0 // //Circular Cond-Lines
5 24 12 .61 0 11.8968 .61 1.566 5.9484 0 .783 17.8452 2.5 2.349
5 24 11.8968 .61 1.566 11.5908 .61 3.1056 17.3862 2.5 4.6584 5.7954 0 1.5528
5 24 11.5908 .61 3.1056 11.0868 .61 4.5924 16.6302 2.5 6.8886 5.5434 0 2.2962
5 24 11.0868 .61 4.5924 10.392 .61 6 5.196 0 3 15.588 2.5 9
5 24 10.392 .61 6 9.5208 .61 7.3056 4.7604 0 3.6528 14.2812 2.5 10.9584
5 24 9.5208 .61 7.3056 8.4852 .61 8.4852 12.7278 2.5 12.7278 4.2426 0 4.2426
5 24 18 2.5 0 17.8452 2.5 2.349 11.8968 .61 1.566 26.7678 8.58 3.5235
5 24 17.8452 2.5 2.349 17.3862 2.5 4.6584 11.5908 .61 3.1056 26.0793 8.58 6.9876
5 24 17.3862 2.5 4.6584 16.6302 2.5 6.8886 24.9453 8.58 10.3329 11.0868 .61 4.5924
5 24 16.6302 2.5 6.8886 15.588 2.5 9 23.382 8.58 13.5 10.392 .61 6
5 24 15.588 2.5 9 14.2812 2.5 10.9584 9.5208 .61 7.3056 21.4218 8.58 16.4376
5 24 14.2812 2.5 10.9584 12.7278 2.5 12.7278 19.0917 8.58 19.0917 8.4852 .61 8.4852
5 24 26.7678 8.58 3.5235 27 8.58 0 17.8452 2.5 2.349 29.742 12 3.915
5 24 26.7678 8.58 3.5235 26.0793 8.58 6.9876 28.977 12 7.764 17.3862 2.5 4.6584
5 24 26.0793 8.58 6.9876 24.9453 8.58 10.3329 27.717 12 11.481 16.6302 2.5 6.8886
5 24 24.9453 8.58 10.3329 23.382 8.58 13.5 25.98 12 15 15.588 2.5 9
5 24 23.382 8.58 13.5 21.4218 8.58 16.4376 23.802 12 18.264 14.2812 2.5 10.9584
5 24 21.4218 8.58 16.4376 19.0917 8.58 19.0917 21.213 12 21.213 12.7278 2.5 12.7278
5 24 0 .61 12 1.566 .61 11.8968 .783 0 5.9484 2.349 2.5 17.8452
5 24 1.566 .61 11.8968 3.1056 .61 11.5908 4.6584 2.5 17.3862 1.5528 0 5.7954
5 24 3.1056 .61 11.5908 4.5924 .61 11.0868 6.8886 2.5 16.6302 2.2962 0 5.5434
5 24 4.5924 .61 11.0868 6 .61 10.392 3 0 5.196 9 2.5 15.588
5 24 6 .61 10.392 7.3056 .61 9.5208 3.6528 0 4.7604 10.9584 2.5 14.2812
5 24 7.3056 .61 9.5208 8.4852 .61 8.4852 12.7278 2.5 12.7278 4.2426 0 4.2426
5 24 0 2.5 18 2.349 2.5 17.8452 1.566 .61 11.8968 3.5235 8.58 26.7678
5 24 2.349 2.5 17.8452 4.6584 2.5 17.3862 3.1056 .61 11.5908 6.9876 8.58 26.0793
5 24 4.6584 2.5 17.3862 6.8886 2.5 16.6302 10.3329 8.58 24.9453 4.5924 .61 11.0868
5 24 6.8886 2.5 16.6302 9 2.5 15.588 13.5 8.58 23.382 6 .61 10.392
5 24 9 2.5 15.588 10.9584 2.5 14.2812 7.3056 .61 9.5208 16.4376 8.58 21.4218
5 24 10.9584 2.5 14.2812 12.7278 2.5 12.7278 19.0917 8.58 19.0917 8.4852 .61 8.4852
5 24 3.5235 8.58 26.7678 0 8.58 27 2.349 2.5 17.8452 3.915 12 29.742
5 24 3.5235 8.58 26.7678 6.9876 8.58 26.0793 7.764 12 28.977 4.6584 2.5 17.3862
5 24 6.9876 8.58 26.0793 10.3329 8.58 24.9453 11.481 12 27.717 6.8886 2.5 16.6302
5 24 10.3329 8.58 24.9453 13.5 8.58 23.382 15 12 25.98 9 2.5 15.588
5 24 13.5 8.58 23.382 16.4376 8.58 21.4218 18.264 12 23.802 10.9584 2.5 14.2812
5 24 16.4376 8.58 21.4218 19.0917 8.58 19.0917 21.213 12 21.213 12.7278 2.5 12.7278

5 24 0 .61 12 -1.566 .61 11.8968 -.783 0 5.9484 -2.349 2.5 17.8452
5 24 -1.566 .61 11.8968 -3.1056 .61 11.5908 -4.6584 2.5 17.3862 -1.5528 0 5.7954
5 24 -3.1056 .61 11.5908 -4.5924 .61 11.0868 -6.8886 2.5 16.6302 -2.2962 0 5.5434
5 24 -4.5924 .61 11.0868 -6 .61 10.392 -3 0 5.196 -9 2.5 15.588
5 24 -6 .61 10.392 -7.3056 .61 9.5208 -3.6528 0 4.7604 -10.9584 2.5 14.2812
5 24 -7.3056 .61 9.5208 -8.4852 .61 8.4852 -12.7278 2.5 12.7278 -4.2426 0 4.2426
5 24 0 2.5 18 -2.349 2.5 17.8452 -1.566 .61 11.8968 -3.5235 8.58 26.7678
5 24 -2.349 2.5 17.8452 -4.6584 2.5 17.3862 -3.1056 .61 11.5908 -6.9876 8.58 26.0793
5 24 -4.6584 2.5 17.3862 -6.8886 2.5 16.6302 -10.3329 8.58 24.9453 -4.5924 .61 11.0868
5 24 -6.8886 2.5 16.6302 -9 2.5 15.588 -13.5 8.58 23.382 -6 .61 10.392
5 24 -9 2.5 15.588 -10.9584 2.5 14.2812 -7.3056 .61 9.5208 -16.4376 8.58 21.4218
5 24 -10.9584 2.5 14.2812 -12.7278 2.5 12.7278 -19.0917 8.58 19.0917 -8.4852 .61 8.4852
5 24 -3.5235 8.58 26.7678 0 8.58 27 -2.349 2.5 17.8452 -3.915 12 29.742
5 24 -3.5235 8.58 26.7678 -6.9876 8.58 26.0793 -7.764 12 28.977 -4.6584 2.5 17.3862
5 24 -6.9876 8.58 26.0793 -10.3329 8.58 24.9453 -11.481 12 27.717 -6.8886 2.5 16.6302
5 24 -10.3329 8.58 24.9453 -13.5 8.58 23.382 -15 12 25.98 -9 2.5 15.588
5 24 -13.5 8.58 23.382 -16.4376 8.58 21.4218 -18.264 12 23.802 -10.9584 2.5 14.2812
5 24 -16.4376 8.58 21.4218 -19.0917 8.58 19.0917 -21.213 12 21.213 -12.7278 2.5 12.7278
5 24 -12 .61 0 -11.8968 .61 1.566 -5.9484 0 .783 -17.8452 2.5 2.349
5 24 -11.8968 .61 1.566 -11.5908 .61 3.1056 -17.3862 2.5 4.6584 -5.7954 0 1.5528
5 24 -11.5908 .61 3.1056 -11.0868 .61 4.5924 -16.6302 2.5 6.8886 -5.5434 0 2.2962
5 24 -11.0868 .61 4.5924 -10.392 .61 6 -5.196 0 3 -15.588 2.5 9
5 24 -10.392 .61 6 -9.5208 .61 7.3056 -4.7604 0 3.6528 -14.2812 2.5 10.9584
5 24 -9.5208 .61 7.3056 -8.4852 .61 8.4852 -12.7278 2.5 12.7278 -4.2426 0 4.2426
5 24 -18 2.5 0 -17.8452 2.5 2.349 -11.8968 .61 1.566 -26.7678 8.58 3.5235
5 24 -17.8452 2.5 2.349 -17.3862 2.5 4.6584 -11.5908 .61 3.1056 -26.0793 8.58 6.9876
5 24 -17.3862 2.5 4.6584 -16.6302 2.5 6.8886 -24.9453 8.58 10.3329 -11.0868 .61 4.5924
5 24 -16.6302 2.5 6.8886 -15.588 2.5 9 -23.382 8.58 13.5 -10.392 .61 6
5 24 -15.588 2.5 9 -14.2812 2.5 10.9584 -9.5208 .61 7.3056 -21.4218 8.58 16.4376
5 24 -14.2812 2.5 10.9584 -12.7278 2.5 12.7278 -19.0917 8.58 19.0917 -8.4852 .61 8.4852
5 24 -26.7678 8.58 3.5235 -27 8.58 0 -17.8452 2.5 2.349 -29.742 12 3.915
5 24 -26.7678 8.58 3.5235 -26.0793 8.58 6.9876 -28.977 12 7.764 -17.3862 2.5 4.6584
5 24 -26.0793 8.58 6.9876 -24.9453 8.58 10.3329 -27.717 12 11.481 -16.6302 2.5 6.8886
5 24 -24.9453 8.58 10.3329 -23.382 8.58 13.5 -25.98 12 15 -15.588 2.5 9
5 24 -23.382 8.58 13.5 -21.4218 8.58 16.4376 -23.802 12 18.264 -14.2812 2.5 10.9584
5 24 -21.4218 8.58 16.4376 -19.0917 8.58 19.0917 -21.213 12 21.213 -12.7278 2.5 12.7278

5 24 -12 .61 0 -11.8968 .61 -1.566 -5.9484 0 -.783 -17.8452 2.5 -2.349
5 24 -11.8968 .61 -1.566 -11.5908 .61 -3.1056 -17.3862 2.5 -4.6584 -5.7954 0 -1.5528
5 24 -11.5908 .61 -3.1056 -11.0868 .61 -4.5924 -16.6302 2.5 -6.8886 -5.5434 0 -2.2962
5 24 -11.0868 .61 -4.5924 -10.392 .61 -6 -5.196 0 -3 -15.588 2.5 -9
5 24 -10.392 .61 -6 -9.5208 .61 -7.3056 -4.7604 0 -3.6528 -14.2812 2.5 -10.9584
5 24 -9.5208 .61 -7.3056 -8.4852 .61 -8.4852 -12.7278 2.5 -12.7278 -4.2426 0 -4.2426
5 24 -18 2.5 0 -17.8452 2.5 -2.349 -11.8968 .61 -1.566 -26.7678 8.58 -3.5235
5 24 -17.8452 2.5 -2.349 -17.3862 2.5 -4.6584 -11.5908 .61 -3.1056 -26.0793 8.58 -6.9876
5 24 -17.3862 2.5 -4.6584 -16.6302 2.5 -6.8886 -24.9453 8.58 -10.3329 -11.0868 .61 -4.5924
5 24 -16.6302 2.5 -6.8886 -15.588 2.5 -9 -23.382 8.58 -13.5 -10.392 .61 -6
5 24 -15.588 2.5 -9 -14.2812 2.5 -10.9584 -9.5208 .61 -7.3056 -21.4218 8.58 -16.4376
5 24 -14.2812 2.5 -10.9584 -12.7278 2.5 -12.7278 -19.0917 8.58 -19.0917 -8.4852 .61 -8.4852
5 24 -26.7678 8.58 -3.5235 -27 8.58 0 -17.8452 2.5 -2.349 -29.742 12 -3.915
5 24 -26.7678 8.58 -3.5235 -26.0793 8.58 -6.9876 -28.977 12 -7.764 -17.3862 2.5 -4.6584
5 24 -26.0793 8.58 -6.9876 -24.9453 8.58 -10.3329 -27.717 12 -11.481 -16.6302 2.5 -6.8886
5 24 -24.9453 8.58 -10.3329 -23.382 8.58 -13.5 -25.98 12 -15 -15.588 2.5 -9
5 24 -23.382 8.58 -13.5 -21.4218 8.58 -16.4376 -23.802 12 -18.264 -14.2812 2.5 -10.9584
5 24 -21.4218 8.58 -16.4376 -19.0917 8.58 -19.0917 -21.213 12 -21.213 -12.7278 2.5 -12.7278
5 24 0 .61 -12 -1.566 .61 -11.8968 -.783 0 -5.9484 -2.349 2.5 -17.8452
5 24 -1.566 .61 -11.8968 -3.1056 .61 -11.5908 -4.6584 2.5 -17.3862 -1.5528 0 -5.7954
5 24 -3.1056 .61 -11.5908 -4.5924 .61 -11.0868 -6.8886 2.5 -16.6302 -2.2962 0 -5.5434
5 24 -4.5924 .61 -11.0868 -6 .61 -10.392 -3 0 -5.196 -9 2.5 -15.588
5 24 -6 .61 -10.392 -7.3056 .61 -9.5208 -3.6528 0 -4.7604 -10.9584 2.5 -14.2812
5 24 -7.3056 .61 -9.5208 -8.4852 .61 -8.4852 -12.7278 2.5 -12.7278 -4.2426 0 -4.2426
5 24 0 2.5 -18 -2.349 2.5 -17.8452 -1.566 .61 -11.8968 -3.5235 8.58 -26.7678
5 24 -2.349 2.5 -17.8452 -4.6584 2.5 -17.3862 -3.1056 .61 -11.5908 -6.9876 8.58 -26.0793
5 24 -4.6584 2.5 -17.3862 -6.8886 2.5 -16.6302 -10.3329 8.58 -24.9453 -4.5924 .61 -11.0868
5 24 -6.8886 2.5 -16.6302 -9 2.5 -15.588 -13.5 8.58 -23.382 -6 .61 -10.392
5 24 -9 2.5 -15.588 -10.9584 2.5 -14.2812 -7.3056 .61 -9.5208 -16.4376 8.58 -21.4218
5 24 -10.9584 2.5 -14.2812 -12.7278 2.5 -12.7278 -19.0917 8.58 -19.0917 -8.4852 .61 -8.4852
5 24 -3.5235 8.58 -26.7678 0 8.58 -27 -2.349 2.5 -17.8452 -3.915 12 -29.742
5 24 -3.5235 8.58 -26.7678 -6.9876 8.58 -26.0793 -7.764 12 -28.977 -4.6584 2.5 -17.3862
5 24 -6.9876 8.58 -26.0793 -10.3329 8.58 -24.9453 -11.481 12 -27.717 -6.8886 2.5 -16.6302
5 24 -10.3329 8.58 -24.9453 -13.5 8.58 -23.382 -15 12 -25.98 -9 2.5 -15.588
5 24 -13.5 8.58 -23.382 -16.4376 8.58 -21.4218 -18.264 12 -23.802 -10.9584 2.5 -14.2812
5 24 -16.4376 8.58 -21.4218 -19.0917 8.58 -19.0917 -21.213 12 -21.213 -12.7278 2.5 -12.7278

5 24 0 .61 -12 1.566 .61 -11.8968 .783 0 -5.9484 2.349 2.5 -17.8452
5 24 1.566 .61 -11.8968 3.1056 .61 -11.5908 4.6584 2.5 -17.3862 1.5528 0 -5.7954
5 24 3.1056 .61 -11.5908 4.5924 .61 -11.0868 6.8886 2.5 -16.6302 2.2962 0 -5.5434
5 24 4.5924 .61 -11.0868 6 .61 -10.392 3 0 -5.196 9 2.5 -15.588
5 24 6 .61 -10.392 7.3056 .61 -9.5208 3.6528 0 -4.7604 10.9584 2.5 -14.2812
5 24 7.3056 .61 -9.5208 8.4852 .61 -8.4852 12.7278 2.5 -12.7278 4.2426 0 -4.2426
5 24 0 2.5 -18 2.349 2.5 -17.8452 1.566 .61 -11.8968 3.5235 8.58 -26.7678
5 24 2.349 2.5 -17.8452 4.6584 2.5 -17.3862 3.1056 .61 -11.5908 6.9876 8.58 -26.0793
5 24 4.6584 2.5 -17.3862 6.8886 2.5 -16.6302 10.3329 8.58 -24.9453 4.5924 .61 -11.0868
5 24 6.8886 2.5 -16.6302 9 2.5 -15.588 13.5 8.58 -23.382 6 .61 -10.392
5 24 9 2.5 -15.588 10.9584 2.5 -14.2812 7.3056 .61 -9.5208 16.4376 8.58 -21.4218
5 24 10.9584 2.5 -14.2812 12.7278 2.5 -12.7278 19.0917 8.58 -19.0917 8.4852 .61 -8.4852
5 24 3.5235 8.58 -26.7678 0 8.58 -27 2.349 2.5 -17.8452 3.915 12 -29.742
5 24 3.5235 8.58 -26.7678 6.9876 8.58 -26.0793 7.764 12 -28.977 4.6584 2.5 -17.3862
5 24 6.9876 8.58 -26.0793 10.3329 8.58 -24.9453 11.481 12 -27.717 6.8886 2.5 -16.6302
5 24 10.3329 8.58 -24.9453 13.5 8.58 -23.382 15 12 -25.98 9 2.5 -15.588
5 24 13.5 8.58 -23.382 16.4376 8.58 -21.4218 18.264 12 -23.802 10.9584 2.5 -14.2812
5 24 16.4376 8.58 -21.4218 19.0917 8.58 -19.0917 21.213 12 -21.213 12.7278 2.5 -12.7278
5 24 12 .61 0 11.8968 .61 -1.566 5.9484 0 -.783 17.8452 2.5 -2.349
5 24 11.8968 .61 -1.566 11.5908 .61 -3.1056 17.3862 2.5 -4.6584 5.7954 0 -1.5528
5 24 11.5908 .61 -3.1056 11.0868 .61 -4.5924 16.6302 2.5 -6.8886 5.5434 0 -2.2962
5 24 11.0868 .61 -4.5924 10.392 .61 -6 5.196 0 -3 15.588 2.5 -9
5 24 10.392 .61 -6 9.5208 .61 -7.3056 4.7604 0 -3.6528 14.2812 2.5 -10.9584
5 24 9.5208 .61 -7.3056 8.4852 .61 -8.4852 12.7278 2.5 -12.7278 4.2426 0 -4.2426
5 24 18 2.5 0 17.8452 2.5 -2.349 11.8968 .61 -1.566 26.7678 8.58 -3.5235
5 24 17.8452 2.5 -2.349 17.3862 2.5 -4.6584 11.5908 .61 -3.1056 26.0793 8.58 -6.9876
5 24 17.3862 2.5 -4.6584 16.6302 2.5 -6.8886 24.9453 8.58 -10.3329 11.0868 .61 -4.5924
5 24 16.6302 2.5 -6.8886 15.588 2.5 -9 23.382 8.58 -13.5 10.392 .61 -6
5 24 15.588 2.5 -9 14.2812 2.5 -10.9584 9.5208 .61 -7.3056 21.4218 8.58 -16.4376
5 24 14.2812 2.5 -10.9584 12.7278 2.5 -12.7278 19.0917 8.58 -19.0917 8.4852 .61 -8.4852
5 24 26.7678 8.58 -3.5235 27 8.58 0 17.8452 2.5 -2.349 29.742 12 -3.915
5 24 26.7678 8.58 -3.5235 26.0793 8.58 -6.9876 28.977 12 -7.764 17.3862 2.5 -4.6584
5 24 26.0793 8.58 -6.9876 24.9453 8.58 -10.3329 27.717 12 -11.481 16.6302 2.5 -6.8886
5 24 24.9453 8.58 -10.3329 23.382 8.58 -13.5 25.98 12 -15 15.588 2.5 -9
5 24 23.382 8.58 -13.5 21.4218 8.58 -16.4376 23.802 12 -18.264 14.2812 2.5 -10.9584
5 24 21.4218 8.58 -16.4376 19.0917 8.58 -19.0917 21.213 12 -21.213 12.7278 2.5 -12.7278
0 FILE p/48/4-4con9.dat
0 Hi-Res Cone  9 x 1.0
0 Name: 48\4-4con9.dat
0 Author: Alex Taylor [anathema]
0 !LDRAW_ORG 48_Primitive UPDATE 2011-01
0 !LICENSE Licensed under CC BY 4.0 : see CAreadme.txt

0 BFC CERTIFY CCW

0 !HISTORY 2011-07-25 [PTadmin] Official Update 2011-01


4 16 9 1 0 8.9226 1 1.1745 9.914 0 1.305 10 0 0
4 16 8.9226 1 1.1745 8.6931 1 2.3292 9.659 0 2.588 9.914 0 1.305
4 16 8.6931 1 2.3292 8.3151 1 3.4443 9.239 0 3.827 9.659 0 2.588
4 16 8.3151 1 3.4443 7.794 1 4.5 8.66 0 5 9.239 0 3.827
4 16 7.794 1 4.5 7.1406 1 5.4792 7.934 0 6.088 8.66 0 5
4 16 7.1406 1 5.4792 6.3639 1 6.3639 7.071 0 7.071 7.934 0 6.088
4 16 6.3639 1 6.3639 5.4792 1 7.1406 6.088 0 7.934 7.071 0 7.071
4 16 5.4792 1 7.1406 4.5 1 7.794 5 0 8.66 6.088 0 7.934
4 16 4.5 1 7.794 3.4443 1 8.3151 3.827 0 9.239 5 0 8.66
4 16 3.4443 1 8.3151 2.3292 1 8.6931 2.588 0 9.659 3.827 0 9.239
4 16 2.3292 1 8.6931 1.1745 1 8.9226 1.305 0 9.914 2.588 0 9.659
4 16 1.1745 1 8.9226 0 1 9 0 0 10 1.305 0 9.914
4 16 0 1 9 -1.1745 1 8.9226 -1.305 0 9.914 0 0 10
4 16 -1.1745 1 8.9226 -2.3292 1 8.6931 -2.588 0 9.659 -1.305 0 9.914
4 16 -2.3292 1 8.6931 -3.4443 1 8.3151 -3.827 0 9.239 -2.588 0 9.659
4 16 -3.4443 1 8.3151 -4.5 1 7.794 -5 0 8.66 -3.827 0 9.239
4 16 -4.5 1 7.794 -5.4792 1 7.1406 -6.088 0 7.934 -5 0 8.66
4 16 -5.4792 1 7.1406 -6.3639 1 6.3639 -7.071 0 7.071 -6.088 0 7.934
4 16 -6.3639 1 6.3639 -7.1406 1 5.4792 -7.934 0 6.088 -7.071 0 7.071
4 16 -7.1406 1 5.4792 -7.794 1 4.5 -8.66 0 5 -7.934 0 6.088
4 16 -7.794 1 4.5 -8.3151 1 3.4443 -9.239 0 3.827 -8.66 0 5
4 16 -8.3151 1 3.4443 -8.6931 1 2.3292 -9.659 0 2.588 -9.239 0 3.827
4 16 -8.6931 1 2.3292 -8.9226 1 1.1745 -9.914 0 1.305 -9.659 0 2.588
4 16 -8.9226 1 1.1745 -9 1 0 -10 0 0 -9.914 0 1.305
4 16 -9 1 0 -8.9226 1 -1.1745 -9.914 0 -1.305 -10 0 0
4 16 -8.9226 1 -1.1745 -8.6931 1 -2.3292 -9.659 0 -2.588 -9.914 0 -1.305
4 16 -8.6931 1 -2.3292 -8.3151 1 -3.4443 -9.239 0 -3.827 -9.659 0 -2.588
4 16 -8.3151 1 -3.4443 -7.794 1 -4.5 -8.66 0 -5 -9.239 0 -3.827
4 16 -7.794 1 -4.5 -7.1406 1 -5.4792 -7.934 0 -6.088 -8.66 0 -5
4 16 -7.1406 1 -5.4792 -6.3639 1 -6.3639 -7.071 0 -7.071 -7.934 0 -6.088
4 16 -6.3639 1 -6.3639 -5.4792 1 -7.1406 -6.088 0 -7.934 -7.071 0 -7.071
4 16 -5.4792 1 -7.1406 -4.5 1 -7.794 -5 0 -8.66 -6.088 0 -7.934
4 16 -4.5 1 -7.794 -3.4443 1 -8.3151 -3.827 0 -9.239 -5 0 -8.66
4 16 -3.4443 1 -8.3151 -2.3292 1 -8.6931 -2.588 0 -9.659 -3.827 0 -9.239
4 16 -2.3292 1 -8.6931 -1.1745 1 -8.9226 -1.305 0 -9.914 -2.588 0 -9.659
4 16 -1.1745 1 -8.9226 0 1 -9 0 0 -10 -1.305 0 -9.914
4 16 0 1 -9 1.1745 1 -8.9226 1.305 0 -9.914 0 0 -10
4 16 1.1745 1 -8.9226 2.3292 1 -8.6931 2.588 0 -9.659 1.305 0 -9.914
4 16 2.3292 1 -8.6931 3.4443 1 -8.3151 3.827 0 -9.239 2.588 0 -9.659
4 16 3.4443 1 -8.3151 4.5 1 -7.794 5 0 -8.66 3.827 0 -9.239
4 16 4.5 1 -7.794 5.4792 1 -7.1406 6.088 0 -7.934 5 0 -8.66
4 16 5.4792 1 -7.1406 6.3639 1 -6.3639 7.071 0 -7.071 6.088 0 -7.934
4 16 6.3639 1 -6.3639 7.1406 1 -5.4792 7.934 0 -6.088 7.071 0 -7.071
4 16 7.1406 1 -5.4792 7.794 1 -4.5 8.66 0 -5 7.934 0 -6.088
4 16 7.794 1 -4.5 8.3151 1 -3.4443 9.239 0 -3.827 8.66 0 -5
4 16 8.3151 1 -3.4443 8.6931 1 -2.3292 9.659 0 -2.588 9.239 0 -3.827
4 16 8.6931 1 -2.3292 8.9226 1 -1.1745 9.914 0 -1.305 9.659 0 -2.588
4 16 8.9226 1 -1.1745 9 1 0 10 0 0 9.914 0 -1.305

0 // conditional lines
5 24 9 1 0 10 0 0 8.9226 1 -1.1745 8.9226 1 1.1745
5 24 8.9226 1 1.1745 9.914 0 1.305 9 1 0 8.6931 1 2.3292
5 24 8.6931 1 2.3292 9.659 0 2.588 8.9226 1 1.1745 8.3151 1 3.4443
5 24 8.3151 1 3.4443 9.239 0 3.827 8.6931 1 2.3292 7.794 1 4.5
5 24 7.794 1 4.5 8.66 0 5 8.3151 1 3.4443 7.1406 1 5.4792
5 24 7.1406 1 5.4792 7.934 0 6.088 7.794 1 4.5 6.3639 1 6.3639
5 24 6.3639 1 6.3639 7.071 0 7.071 7.1406 1 5.4792 5.4792 1 7.1406
5 24 5.4792 1 7.1406 6.088 0 7.934 6.3639 1 6.3639 4.5 1 7.794
5 24 4.5 1 7.794 5 0 8.66 5.4792 1 7.1406 3.4443 1 8.3151
5 24 3.4443 1 8.3151 3.827 0 9.239 4.5 1 7.794 2.3292 1 8.6931
5 24 2.3292 1 8.6931 2.588 0 9.659 3.4443 1 8.3151 1.1745 1 8.9226
5 24 1.1745 1 8.9226 1.305 0 9.914 2.3292 1 8.6931 0 1 9
5 24 0 1 9 0 0 10 1.1745 1 8.9226 -1.1745 1 8.9226
5 24 -1.1745 1 8.9226 -1.305 0 9.914 0 1 9 -2.3292 1 8.6931
5 24 -2.3292 1 8.6931 -2.588 0 9.659 -1.1745 1 8.9226 -3.4443 1 8.3151
5 24 -3.4443 1 8.3151 -3.827 0 9.239 -2.3292 1 8.6931 -4.5 1 7.794
5 24 -4.5 1 7.794 -5 0 8.66 -3.4443 1 8.3151 -5.4792 1 7.1406
5 24 -5.4792 1 7.1406 -6.088 0 7.934 -4.5 1 7.794 -6.3639 1 6.3639
5 24 -6.3639 1 6.3639 -7.071 0 7.071 -5.4792 1 7.1406 -7.1406 1 5.4792
5 24 -7.1406 1 5.4792 -7.934 0 6.088 -6.3639 1 6.3639 -7.794 1 4.5
5 24 -7.794 1 4.5 -8.66 0 5 -7.1406 1 5.4792 -8.3151 1 3.4443
5 24 -8.3151 1 3.4443 -9.239 0 3.827 -7.794 1 4.5 -8.6931 1 2.3292
5 24 -8.6931 1 2.3292 -9.659 0 2.588 -8.3151 1 3.4443 -8.9226 1 1.1745
5 24 -8.9226 1 1.1745 -9.914 0 1.305 -8.6931 1 2.3292 -9 1 0
5 24 -9 1 0 -10 0 0 -8.9226 1 1.1745 -8.9226 1 -1.1745
5 24 -8.9226 1 -1.1745 -9.914 0 -1.305 -9 1 0 -8.6931 1 -2.3292
5 24 -8.6931 1 -2.3292 -9.659 0 -2.588 -8.9226 1 -1.1745 -8.3151 1 -3.4443
5 24 -8.3151 1 -3.4443 -9.239 0 -3.827 -8.6931 1 -2.3292 -7.794 1 -4.5
5 24 -7.794 1 -4.5 -8.66 0 -5 -8.3151 1 -3.4443 -7.1406 1 -5.4792
5 24 -7.1406 1 -5.4792 -7.934 0 -6.088 -7.794 1 -4.5 -6.3639 1 -6.3639
5 24 -6.3639 1 -6.3639 -7.071 0 -7.071 -7.1406 1 -5.4792 -5.4792 1 -7.1406
5 24 -5.4792 1 -7.1406 -6.088 0 -7.934 -6.3639 1 -6.3639 -4.5 1 -7.794
5 24 -4.5 1 -7.794 -5 0 -8.66 -5.4792 1 -7.1406 -3.4443 1 -8.3151
5 24 -3.4443 1 -8.3151 -3.827 0 -9.239 -4.5 1 -7.794 -2.3292 1 -8.6931
5 24 -2.3292 1 -8.6931 -2.588 0 -9.659 -3.4443 1 -8.3151 -1.1745 1 -8.9226
5 24 -1.1745 1 -8.9226 -1.305 0 -9.914 -2.3292 1 -8.6931 0 1 -9
5 24 0 1 -9 0 0 -10 -1.1745 1 -8.9226 1.1745 1 -8.9226
5 24 1.1745 1 -8.9226 1.305 0 -9.914 0 1 -9 2.3292 1 -8.6931
5 24 2.3292 1 -8.6931 2.588 0 -9.659 1.1745 1 -8.9226 3.4443 1 -8.3151
5 24 3.4443 1 -8.3151 3.827 0 -9.239 2.3292 1 -8.6931 4.5 1 -7.794
5 24 4.5 1 -7.794 5 0 -8.66 3.4443 1 -8.3151 5.4792 1 -7.1406
5 24 5.4792 1 -7.1406 6.088 0 -7.934 4.5 1 -7.794 6.3639 1 -6.3639
5 24 6.3639 1 -6.3639 7.071 0 -7.071 5.4792 1 -7.1406 7.1406 1 -5.4792
5 24 7.1406 1 -5.4792 7.934 0 -6.088 6.3639 1 -6.3639 7.794 1 -4.5
5 24 7.794 1 -4.5 8.66 0 -5 7.1406 1 -5.4792 8.3151 1 -3.4443
5 24 8.3151 1 -3.4443 9.239 0 -3.827 7.794 1 -4.5 8.6931 1 -2.3292
5 24 8.6931 1 -2.3292 9.659 0 -2.588 8.3151 1 -3.4443 8.9226 1 -1.1745
5 24 8.9226 1 -1.1745 9.914 0 -1.305 8.6931 1 -2.3292 9 1 0

0 // end of file
0 FILE p/48/4-4con2.dat
0 Hi-Res Cone  2 x 1.0
0 Name: 48\4-4con2.dat
0 Author: Niels Karsdorp [nielsk]
0 !LDRAW_ORG 48_Primitive UPDATE 2012-02
0 !LICENSE Licensed under CC BY 4.0 : see CAreadme.txt

0 BFC CERTIFY CCW

0 !HISTORY 2004-11-06 [PTadmin] Official Update 2004-04
0 !HISTORY 2007-06-24 [PTadmin] Header formatted for Contributor Agreement
0 !HISTORY 2008-07-01 [PTadmin] Official Update 2008-01
0 !HISTORY 2012-02-27 [Philo] Changed to CCW
0 !HISTORY 2012-08-09 [PTadmin] Official Update 2012-02


4 16 1.9828 1 0.261 2.9742 0 0.3915 3 0 0 2 1 0
4 16 1.9318 1 0.5176 2.8977 0 0.7764 2.9742 0 0.3915 1.9828 1 0.261
4 16 1.8478 1 0.7654 2.7717 0 1.1481 2.8977 0 0.7764 1.9318 1 0.5176
4 16 1.732 1 1 2.598 0 1.5 2.7717 0 1.1481 1.8478 1 0.7654
4 16 1.5868 1 1.2176 2.3802 0 1.8264 2.598 0 1.5 1.732 1 1
4 16 1.4142 1 1.4142 2.1213 0 2.1213 2.3802 0 1.8264 1.5868 1 1.2176
4 16 1.2176 1 1.5868 1.8264 0 2.3802 2.1213 0 2.1213 1.4142 1 1.4142
4 16 1 1 1.732 1.5 0 2.598 1.8264 0 2.3802 1.2176 1 1.5868
4 16 0.7654 1 1.8478 1.1481 0 2.7717 1.5 0 2.598 1 1 1.732
4 16 0.5176 1 1.9318 0.7764 0 2.8977 1.1481 0 2.7717 0.7654 1 1.8478
4 16 0.261 1 1.9828 0.3915 0 2.9742 0.7764 0 2.8977 0.5176 1 1.9318
4 16 0 1 2 0 0 3 0.3915 0 2.9742 0.261 1 1.9828
4 16 -0.261 1 1.9828 -0.3915 0 2.9742 0 0 3 0 1 2
4 16 -0.5176 1 1.9318 -0.7764 0 2.8977 -0.3915 0 2.9742 -0.261 1 1.9828
4 16 -0.7654 1 1.8478 -1.1481 0 2.7717 -0.7764 0 2.8977 -0.5176 1 1.9318
4 16 -1 1 1.732 -1.5 0 2.598 -1.1481 0 2.7717 -0.7654 1 1.8478
4 16 -1.2176 1 1.5868 -1.8264 0 2.3802 -1.5 0 2.598 -1 1 1.732
4 16 -1.4142 1 1.4142 -2.1213 0 2.1213 -1.8264 0 2.3802 -1.2176 1 1.5868
4 16 -1.5868 1 1.2176 -2.3802 0 1.8264 -2.1213 0 2.1213 -1.4142 1 1.4142
4 16 -1.732 1 1 -2.598 0 1.5 -2.3802 0 1.8264 -1.5868 1 1.2176
4 16 -1.8478 1 0.7654 -2.7717 0 1.1481 -2.598 0 1.5 -1.732 1 1
4 16 -1.9318 1 0.5176 -2.8977 0 0.7764 -2.7717 0 1.1481 -1.8478 1 0.7654
4 16 -1.9828 1 0.261 -2.9742 0 0.3915 -2.8977 0 0.7764 -1.9318 1 0.5176
4 16 -2 1 0 -3 0 0 -2.9742 0 0.3915 -1.9828 1 0.261
4 16 -1.9828 1 -0.261 -2.9742 0 -0.3915 -3 0 0 -2 1 0
4 16 -1.9318 1 -0.5176 -2.8977 0 -0.7764 -2.9742 0 -0.3915 -1.9828 1 -0.261
4 16 -1.8478 1 -0.7654 -2.7717 0 -1.1481 -2.8977 0 -0.7764 -1.9318 1 -0.5176
4 16 -1.732 1 -1 -2.598 0 -1.5 -2.7717 0 -1.1481 -1.8478 1 -0.7654
4 16 -1.5868 1 -1.2176 -2.3802 0 -1.8264 -2.598 0 -1.5 -1.732 1 -1
4 16 -1.4142 1 -1.4142 -2.1213 0 -2.1213 -2.3802 0 -1.8264 -1.5868 1 -1.2176
4 16 -1.2176 1 -1.5868 -1.8264 0 -2.3802 -2.1213 0 -2.1213 -1.4142 1 -1.4142
4 16 -1 1 -1.732 -1.5 0 -2.598 -1.8264 0 -2.3802 -1.2176 1 -1.5868
4 16 -0.7654 1 -1.8478 -1.1481 0 -2.7717 -1.5 0 -2.598 -1 1 -1.732
4 16 -0.5176 1 -1.9318 -0.7764 0 -2.8977 -1.1481 0 -2.7717 -0.7654 1 -1.8478
4 16 -0.261 1 -1.9828 -0.3915 0 -2.9742 -0.7764 0 -2.8977 -0.5176 1 -1.9318
4 16 0 1 -2 0 0 -3 -0.3915 0 -2.9742 -0.261 1 -1.9828
4 16 0.261 1 -1.9828 0.3915 0 -2.9742 0 0 -3 0 1 -2
4 16 0.5176 1 -1.9318 0.7764 0 -2.8977 0.3915 0 -2.9742 0.261 1 -1.9828
4 16 0.7654 1 -1.8478 1.1481 0 -2.7717 0.7764 0 -2.8977 0.5176 1 -1.9318
4 16 1 1 -1.732 1.5 0 -2.598 1.1481 0 -2.7717 0.7654 1 -1.8478
4 16 1.2176 1 -1.5868 1.8264 0 -2.3802 1.5 0 -2.598 1 1 -1.732
4 16 1.4142 1 -1.4142 2.1213 0 -2.1213 1.8264 0 -2.3802 1.2176 1 -1.5868
4 16 1.5868 1 -1.2176 2.3802 0 -1.8264 2.1213 0 -2.1213 1.4142 1 -1.4142
4 16 1.732 1 -1 2.598 0 -1.5 2.3802 0 -1.8264 1.5868 1 -1.2176
4 16 1.8478 1 -0.7654 2.7717 0 -1.1481 2.598 0 -1.5 1.732 1 -1
4 16 1.9318 1 -0.5176 2.8977 0 -0.7764 2.7717 0 -1.1481 1.8478 1 -0.7654
4 16 1.9828 1 -0.261 2.9742 0 -0.3915 2.8977 0 -0.7764 1.9318 1 -0.5176
4 16 2 1 0 3 0 0 2.9742 0 -0.3915 1.9828 1 -0.261

0 // conditional lines
5 24 2 1 0 3 0 0 1.9828 1 -0.261 1.9828 1 0.261
5 24 1.9828 1 0.261 2.9742 0 0.3915 2 1 0 1.9318 1 0.5176
5 24 1.9318 1 0.5176 2.8977 0 0.7764 1.9828 1 0.261 1.8478 1 0.7654
5 24 1.8478 1 0.7654 2.7717 0 1.1481 1.9318 1 0.5176 1.732 1 1
5 24 1.732 1 1 2.598 0 1.5 1.8478 1 0.7654 1.5868 1 1.2176
5 24 1.5868 1 1.2176 2.3802 0 1.8264 1.732 1 1 1.4142 1 1.4142
5 24 1.4142 1 1.4142 2.1213 0 2.1213 1.5868 1 1.2176 1.2176 1 1.5868
5 24 1.2176 1 1.5868 1.8264 0 2.3802 1.4142 1 1.4142 1 1 1.732
5 24 1 1 1.732 1.5 0 2.598 1.2176 1 1.5868 0.7654 1 1.8478
5 24 0.7654 1 1.8478 1.1481 0 2.7717 1 1 1.732 0.5176 1 1.9318
5 24 0.5176 1 1.9318 0.7764 0 2.8977 0.7654 1 1.8478 0.261 1 1.9828
5 24 0.261 1 1.9828 0.3915 0 2.9742 0.5176 1 1.9318 0 1 2
5 24 0 1 2 0 0 3 0.261 1 1.9828 -0.261 1 1.9828
5 24 -0.261 1 1.9828 -0.3915 0 2.9742 0 1 2 -0.5176 1 1.9318
5 24 -0.5176 1 1.9318 -0.7764 0 2.8977 -0.261 1 1.9828 -0.7654 1 1.8478
5 24 -0.7654 1 1.8478 -1.1481 0 2.7717 -0.5176 1 1.9318 -1 1 1.732
5 24 -1 1 1.732 -1.5 0 2.598 -0.7654 1 1.8478 -1.2176 1 1.5868
5 24 -1.2176 1 1.5868 -1.8264 0 2.3802 -1 1 1.732 -1.4142 1 1.4142
5 24 -1.4142 1 1.4142 -2.1213 0 2.1213 -1.2176 1 1.5868 -1.5868 1 1.2176
5 24 -1.5868 1 1.2176 -2.3802 0 1.8264 -1.4142 1 1.4142 -1.732 1 1
5 24 -1.732 1 1 -2.598 0 1.5 -1.5868 1 1.2176 -1.8478 1 0.7654
5 24 -1.8478 1 0.7654 -2.7717 0 1.1481 -1.732 1 1 -1.9318 1 0.5176
5 24 -1.9318 1 0.5176 -2.8977 0 0.7764 -1.8478 1 0.7654 -1.9828 1 0.261
5 24 -1.9828 1 0.261 -2.9742 0 0.3915 -1.9318 1 0.5176 -2 1 0
5 24 -2 1 0 -3 0 0 -1.9828 1 0.261 -1.9828 1 -0.261
5 24 -1.9828 1 -0.261 -2.9742 0 -0.3915 -2 1 0 -1.9318 1 -0.5176
5 24 -1.9318 1 -0.5176 -2.8977 0 -0.7764 -1.9828 1 -0.261 -1.8478 1 -0.7654
5 24 -1.8478 1 -0.7654 -2.7717 0 -1.1481 -1.9318 1 -0.5176 -1.732 1 -1
5 24 -1.732 1 -1 -2.598 0 -1.5 -1.8478 1 -0.7654 -1.5868 1 -1.2176
5 24 -1.5868 1 -1.2176 -2.3802 0 -1.8264 -1.732 1 -1 -1.4142 1 -1.4142
5 24 -1.4142 1 -1.4142 -2.1213 0 -2.1213 -1.5868 1 -1.2176 -1.2176 1 -1.5868
5 24 -1.2176 1 -1.5868 -1.8264 0 -2.3802 -1.4142 1 -1.4142 -1 1 -1.732
5 24 -1 1 -1.732 -1.5 0 -2.598 -1.2176 1 -1.5868 -0.7654 1 -1.8478
5 24 -0.7654 1 -1.8478 -1.1481 0 -2.7717 -1 1 -1.732 -0.5176 1 -1.9318
5 24 -0.5176 1 -1.9318 -0.7764 0 -2.8977 -0.7654 1 -1.8478 -0.261 1 -1.9828
5 24 -0.261 1 -1.9828 -0.3915 0 -2.9742 -0.5176 1 -1.9318 0 1 -2
5 24 0 1 -2 0 0 -3 -0.261 1 -1.9828 0.261 1 -1.9828
5 24 0.261 1 -1.9828 0.3915 0 -2.9742 0 1 -2 0.5176 1 -1.9318
5 24 0.5176 1 -1.9318 0.7764 0 -2.8977 0.261 1 -1.9828 0.7654 1 -1.8478
5 24 0.7654 1 -1.8478 1.1481 0 -2.7717 0.5176 1 -1.9318 1 1 -1.732
5 24 1 1 -1.732 1.5 0 -2.598 0.7654 1 -1.8478 1.2176 1 -1.5868
5 24 1.2176 1 -1.5868 1.8264 0 -2.3802 1 1 -1.732 1.4142 1 -1.4142
5 24 1.4142 1 -1.4142 2.1213 0 -2.1213 1.2176 1 -1.5868 1.5868 1 -1.2176
5 24 1.5868 1 -1.2176 2.3802 0 -1.8264 1.4142 1 -1.4142 1.732 1 -1
5 24 1.732 1 -1 2.598 0 -1.5 1.5868 1 -1.2176 1.8478 1 -0.7654
5 24 1.8478 1 -0.7654 2.7717 0 -1.1481 1.732 1 -1 1.9318 1 -0.5176
5 24 1.9318 1 -0.5176 2.8977 0 -0.7764 1.8478 1 -0.7654 1.9828 1 -0.261
5 24 1.9828 1 -0.261 2.9742 0 -0.3915 1.9318 1 -0.5176 2 1 0
0 FILE p/48/4-4con1.dat
0 Hi-Res Cone  1 x 1.0
0 Name: 48\4-4con1.dat
0 Author: Niels Karsdorp [nielsk]
0 !LDRAW_ORG 48_Primitive UPDATE 2012-02
0 !LICENSE Licensed under CC BY 4.0 : see CAreadme.txt

0 BFC CERTIFY CCW

0 !HISTORY 2004-11-06 [PTadmin] Official Update 2004-04
0 !HISTORY 2007-06-24 [PTadmin] Header formatted for Contributor Agreement
0 !HISTORY 2008-07-01 [PTadmin] Official Update 2008-01
0 !HISTORY 2012-02-27 [Philo] Changed to CCW
0 !HISTORY 2012-08-09 [PTadmin] Official Update 2012-02


4 16 0.9914 1 0.1305 1.9828 0 0.261 2 0 0 1 1 0
4 16 0.9659 1 0.2588 1.9318 0 0.5176 1.9828 0 0.261 0.9914 1 0.1305
4 16 0.9239 1 0.3827 1.8478 0 0.7654 1.9318 0 0.5176 0.9659 1 0.2588
4 16 0.866 1 0.5 1.732 0 1 1.8478 0 0.7654 0.9239 1 0.3827
4 16 0.7934 1 0.6088 1.5868 0 1.2176 1.732 0 1 0.866 1 0.5
4 16 0.7071 1 0.7071 1.4142 0 1.4142 1.5868 0 1.2176 0.7934 1 0.6088
4 16 0.6088 1 0.7934 1.2176 0 1.5868 1.4142 0 1.4142 0.7071 1 0.7071
4 16 0.5 1 0.866 1 0 1.732 1.2176 0 1.5868 0.6088 1 0.7934
4 16 0.3827 1 0.9239 0.7654 0 1.8478 1 0 1.732 0.5 1 0.866
4 16 0.2588 1 0.9659 0.5176 0 1.9318 0.7654 0 1.8478 0.3827 1 0.9239
4 16 0.1305 1 0.9914 0.261 0 1.9828 0.5176 0 1.9318 0.2588 1 0.9659
4 16 0 1 1 0 0 2 0.261 0 1.9828 0.1305 1 0.9914
4 16 -0.1305 1 0.9914 -0.261 0 1.9828 0 0 2 0 1 1
4 16 -0.2588 1 0.9659 -0.5176 0 1.9318 -0.261 0 1.9828 -0.1305 1 0.9914
4 16 -0.3827 1 0.9239 -0.7654 0 1.8478 -0.5176 0 1.9318 -0.2588 1 0.9659
4 16 -0.5 1 0.866 -1 0 1.732 -0.7654 0 1.8478 -0.3827 1 0.9239
4 16 -0.6088 1 0.7934 -1.2176 0 1.5868 -1 0 1.732 -0.5 1 0.866
4 16 -0.7071 1 0.7071 -1.4142 0 1.4142 -1.2176 0 1.5868 -0.6088 1 0.7934
4 16 -0.7934 1 0.6088 -1.5868 0 1.2176 -1.4142 0 1.4142 -0.7071 1 0.7071
4 16 -0.866 1 0.5 -1.732 0 1 -1.5868 0 1.2176 -0.7934 1 0.6088
4 16 -0.9239 1 0.3827 -1.8478 0 0.7654 -1.732 0 1 -0.866 1 0.5
4 16 -0.9659 1 0.2588 -1.9318 0 0.5176 -1.8478 0 0.7654 -0.9239 1 0.3827
4 16 -0.9914 1 0.1305 -1.9828 0 0.261 -1.9318 0 0.5176 -0.9659 1 0.2588
4 16 -1 1 0 -2 0 0 -1.9828 0 0.261 -0.9914 1 0.1305
4 16 -0.9914 1 -0.1305 -1.9828 0 -0.261 -2 0 0 -1 1 0
4 16 -0.9659 1 -0.2588 -1.9318 0 -0.5176 -1.9828 0 -0.261 -0.9914 1 -0.1305
4 16 -0.9239 1 -0.3827 -1.8478 0 -0.7654 -1.9318 0 -0.5176 -0.9659 1 -0.2588
4 16 -0.866 1 -0.5 -1.732 0 -1 -1.8478 0 -0.7654 -0.9239 1 -0.3827
4 16 -0.7934 1 -0.6088 -1.5868 0 -1.2176 -1.732 0 -1 -0.866 1 -0.5
4 16 -0.7071 1 -0.7071 -1.4142 0 -1.4142 -1.5868 0 -1.2176 -0.7934 1 -0.6088
4 16 -0.6088 1 -0.7934 -1.2176 0 -1.5868 -1.4142 0 -1.4142 -0.7071 1 -0.7071
4 16 -0.5 1 -0.866 -1 0 -1.732 -1.2176 0 -1.5868 -0.6088 1 -0.7934
4 16 -0.3827 1 -0.9239 -0.7654 0 -1.8478 -1 0 -1.732 -0.5 1 -0.866
4 16 -0.2588 1 -0.9659 -0.5176 0 -1.9318 -0.7654 0 -1.8478 -0.3827 1 -0.9239
4 16 -0.1305 1 -0.9914 -0.261 0 -1.9828 -0.5176 0 -1.9318 -0.2588 1 -0.9659
4 16 0 1 -1 0 0 -2 -0.261 0 -1.9828 -0.1305 1 -0.9914
4 16 0.1305 1 -0.9914 0.261 0 -1.9828 0 0 -2 0 1 -1
4 16 0.2588 1 -0.9659 0.5176 0 -1.9318 0.261 0 -1.9828 0.1305 1 -0.9914
4 16 0.3827 1 -0.9239 0.7654 0 -1.8478 0.5176 0 -1.9318 0.2588 1 -0.9659
4 16 0.5 1 -0.866 1 0 -1.732 0.7654 0 -1.8478 0.3827 1 -0.9239
4 16 0.6088 1 -0.7934 1.2176 0 -1.5868 1 0 -1.732 0.5 1 -0.866
4 16 0.7071 1 -0.7071 1.4142 0 -1.4142 1.2176 0 -1.5868 0.6088 1 -0.7934
4 16 0.7934 1 -0.6088 1.5868 0 -1.2176 1.4142 0 -1.4142 0.7071 1 -0.7071
4 16 0.866 1 -0.5 1.732 0 -1 1.5868 0 -1.2176 0.7934 1 -0.6088
4 16 0.9239 1 -0.3827 1.8478 0 -0.7654 1.732 0 -1 0.866 1 -0.5
4 16 0.9659 1 -0.2588 1.9318 0 -0.5176 1.8478 0 -0.7654 0.9239 1 -0.3827
4 16 0.9914 1 -0.1305 1.9828 0 -0.261 1.9318 0 -0.5176 0.9659 1 -0.2588
4 16 1 1 0 2 0 0 1.9828 0 -0.261 0.9914 1 -0.1305

0 // conditional lines
5 24 1 1 0 2 0 0 0.9914 1 -0.1305 0.9914 1 0.1305
5 24 0.9914 1 0.1305 1.9828 0 0.261 1 1 0 0.9659 1 0.2588
5 24 0.9659 1 0.2588 1.9318 0 0.5176 0.9914 1 0.1305 0.9239 1 0.3827
5 24 0.9239 1 0.3827 1.8478 0 0.7654 0.9659 1 0.2588 0.866 1 0.5
5 24 0.866 1 0.5 1.732 0 1 0.9239 1 0.3827 0.7934 1 0.6088
5 24 0.7934 1 0.6088 1.5868 0 1.2176 0.866 1 0.5 0.7071 1 0.7071
5 24 0.7071 1 0.7071 1.4142 0 1.4142 0.7934 1 0.6088 0.6088 1 0.7934
5 24 0.6088 1 0.7934 1.2176 0 1.5868 0.7071 1 0.7071 0.5 1 0.866
5 24 0.5 1 0.866 1 0 1.732 0.6088 1 0.7934 0.3827 1 0.9239
5 24 0.3827 1 0.9239 0.7654 0 1.8478 0.5 1 0.866 0.2588 1 0.9659
5 24 0.2588 1 0.9659 0.5176 0 1.9318 0.3827 1 0.9239 0.1305 1 0.9914
5 24 0.1305 1 0.9914 0.261 0 1.9828 0.2588 1 0.9659 0 1 1
5 24 0 1 1 0 0 2 0.1305 1 0.9914 -0.1305 1 0.9914
5 24 -0.1305 1 0.9914 -0.261 0 1.9828 0 1 1 -0.2588 1 0.9659
5 24 -0.2588 1 0.9659 -0.5176 0 1.9318 -0.1305 1 0.9914 -0.3827 1 0.9239
5 24 -0.3827 1 0.9239 -0.7654 0 1.8478 -0.2588 1 0.9659 -0.5 1 0.866
5 24 -0.5 1 0.866 -1 0 1.732 -0.3827 1 0.9239 -0.6088 1 0.7934
5 24 -0.6088 1 0.7934 -1.2176 0 1.5868 -0.5 1 0.866 -0.7071 1 0.7071
5 24 -0.7071 1 0.7071 -1.4142 0 1.4142 -0.6088 1 0.7934 -0.7934 1 0.6088
5 24 -0.7934 1 0.6088 -1.5868 0 1.2176 -0.7071 1 0.7071 -0.866 1 0.5
5 24 -0.866 1 0.5 -1.732 0 1 -0.7934 1 0.6088 -0.9239 1 0.3827
5 24 -0.9239 1 0.3827 -1.8478 0 0.7654 -0.866 1 0.5 -0.9659 1 0.2588
5 24 -0.9659 1 0.2588 -1.9318 0 0.5176 -0.9239 1 0.3827 -0.9914 1 0.1305
5 24 -0.9914 1 0.1305 -1.9828 0 0.261 -0.9659 1 0.2588 -1 1 0
5 24 -1 1 0 -2 0 0 -0.9914 1 0.1305 -0.9914 1 -0.1305
5 24 -0.9914 1 -0.1305 -1.9828 0 -0.261 -1 1 0 -0.9659 1 -0.2588
5 24 -0.9659 1 -0.2588 -1.9318 0 -0.5176 -0.9914 1 -0.1305 -0.9239 1 -0.3827
5 24 -0.9239 1 -0.3827 -1.8478 0 -0.7654 -0.9659 1 -0.2588 -0.866 1 -0.5
5 24 -0.866 1 -0.5 -1.732 0 -1 -0.9239 1 -0.3827 -0.7934 1 -0.6088
5 24 -0.7934 1 -0.6088 -1.5868 0 -1.2176 -0.866 1 -0.5 -0.7071 1 -0.7071
5 24 -0.7071 1 -0.7071 -1.4142 0 -1.4142 -0.7934 1 -0.6088 -0.6088 1 -0.7934
5 24 -0.6088 1 -0.7934 -1.2176 0 -1.5868 -0.7071 1 -0.7071 -0.5 1 -0.866
5 24 -0.5 1 -0.866 -1 0 -1.732 -0.6088 1 -0.7934 -0.3827 1 -0.9239
5 24 -0.3827 1 -0.9239 -0.7654 0 -1.8478 -0.5 1 -0.866 -0.2588 1 -0.9659
5 24 -0.2588 1 -0.9659 -0.5176 0 -1.9318 -0.3827 1 -0.9239 -0.1305 1 -0.9914
5 24 -0.1305 1 -0.9914 -0.261 0 -1.9828 -0.2588 1 -0.9659 0 1 -1
5 24 0 1 -1 0 0 -2 -0.1305 1 -0.9914 0.1305 1 -0.9914
5 24 0.1305 1 -0.9914 0.261 0 -1.9828 0 1 -1 0.2588 1 -0.9659
5 24 0.2588 1 -0.9659 0.5176 0 -1.9318 0.1305 1 -0.9914 0.3827 1 -0.9239
5 24 0.3827 1 -0.9239 0.7654 0 -1.8478 0.2588 1 -0.9659 0.5 1 -0.866
5 24 0.5 1 -0.866 1 0 -1.732 0.3827 1 -0.9239 0.6088 1 -0.7934
5 24 0.6088 1 -0.7934 1.2176 0 -1.5868 0.5 1 -0.866 0.7071 1 -0.7071
5 24 0.7071 1 -0.7071 1.4142 0 -1.4142 0.6088 1 -0.7934 0.7934 1 -0.6088
5 24 0.7934 1 -0.6088 1.5868 0 -1.2176 0.7071 1 -0.7071 0.866 1 -0.5
5 24 0.866 1 -0.5 1.732 0 -1 0.7934 1 -0.6088 0.9239 1 -0.3827
5 24 0.9239 1 -0.3827 1.8478 0 -0.7654 0.866 1 -0.5 0.9659 1 -0.2588
5 24 0.9659 1 -0.2588 1.9318 0 -0.5176 0.9239 1 -0.3827 0.9914 1 -0.1305
5 24 0.9914 1 -0.1305 1.9828 0 -0.261 0.9659 1 -0.2588 1 1 0
0 FILE parts/s/43898s01.dat
0 ~Dish  3 x  3 without Top Face
0 Name: s\43898s01.dat
0 Author: John Riley [jriley]
0 !LDRAW_ORG Subpart UPDATE 2024-02
0 !LICENSE Licensed under CC BY 2.0 and CC BY 4.0 : see CAreadme.txt

0 BFC CERTIFY CCW

0 !HISTORY 2006-07-19 [WilliamH] Fixed issues with stud2a and stud4
0 !HISTORY 2010-04-05 [PTadmin] Official Update 2010-01
0 !HISTORY 2011-12-05 [Philo] Added bottom condlines
0 !HISTORY 2012-03-30 [PTadmin] Official Update 2012-01
0 !HISTORY 2019-05-30 [GeraldLasser] Changed to 48-Segment Primitives
0 !HISTORY 2019-09-09 [PTadmin] Official Update 2019-02
0 !HISTORY 2024-03-23 [OrionP] Updated ring primitives
0 !HISTORY 2024-03-24 [OrionP] Official Update 2024-02

1 16 0 0 0 1 0 0 0 1 0 0 0 1 stud2a.dat
1 16 0 0 0 6 0 0 0 1 0 0 0 6 48\4-4aring.dat
1 16 0 0 0 6 0 0 0 1 0 0 0 6 4-4edge.dat
1 16 0 12 0 30 0 0 0 4 0 0 0 30 48\4-4cyli.dat
1 16 0 12 0 30 0 0 0 1 0 0 0 30 48\4-4edge.dat
1 16 0 16 0 30 0 0 0 1 0 0 0 30 48\4-4edge.dat
1 16 0 16 0 2 0 0 0 -1 0 0 0 2 48\4-4ring13.dat
1 16 0 16 0 2 0 0 0 -1 0 0 0 2 48\4-4ring14.dat
1 16 0 16 0 26 0 0 0 1 0 0 0 26 48\4-4edge.dat
1 16 0 12 0 26 0 0 0 1 0 0 0 26 48\4-4edge.dat
0 BFC INVERTNEXT
1 16 0 12 0 26 0 0 0 4 0 0 0 26 48\4-4cyli.dat
1 16 0 4 0 -1 0 0 0 -1 0 0 0 1 stud4.dat
1 16 0 4 0 8 0 0 0 -1 0 0 0 8 48\4-4aring.dat
0 BFC INVERTNEXT
1 16 0 5.36 0 8 0 0 0 -1.36 0 0 0 8 48\4-4con1.dat
0 BFC INVERTNEXT
1 16 0 10.03 0 8 0 0 0 -4.67 0 0 0 8 48\4-4con2.dat
0 BFC INVERTNEXT
1 16 0 12 0 2 0 0 0 -1.97 0 0 0 2 48\4-4con12.dat
0 BFC INVERTNEXT
1 16 0 0 0 4 0 0 0 4 0 0 0 4 4-4cyli.dat
1 16 0 4 0 2 0 0 0 -1 0 0 0 2 4-4ring2.dat
1 16 0 4 0 4 0 0 0 1 0 0 0 4 4-4edge.dat

0 // Circular Cond-Lines
5 24 15.8624 5.36 -2.088 16 5.36 0 8 4 0 24 10.03 0
5 24 15.8624 5.36 -2.088 15.4544 5.36 -4.1408 7.9312 4 -1.044 23.7936 10.03 -3.132
5 24 14.7824 5.36 -6.1232 15.4544 5.36 -4.1408 7.7272 4 -2.0704 23.1816 10.03 -6.2112
5 24 14.7824 5.36 -6.1232 13.856 5.36 -8 6.928 4 -4 22.1736 10.03 -9.1848
5 24 13.856 5.36 -8 12.6944 5.36 -9.7408 6.3472 4 -4.8704 20.784 10.03 -12
5 24 12.6944 5.36 -9.7408 11.3136 5.36 -11.3136 5.6568 4 -5.6568 19.0416 10.03 -14.6112
5 24 23.7936 10.03 -3.132 24 10.03 0 26 12 0 16 5.36 0
5 24 23.1816 10.03 -6.2112 23.7936 10.03 -3.132 25.1134 12 -6.7288 15.4544 5.36 -4.1408
5 24 22.1736 10.03 -9.1848 23.1816 10.03 -6.2112 24.0214 12 -9.9502 14.7824 5.36 -6.1232
5 24 20.784 10.03 -12 22.1736 10.03 -9.1848 22.516 12 -13 13.856 5.36 -8
5 24 19.0416 10.03 -14.6112 20.784 10.03 -12 20.6284 12 -15.8288 12.6944 5.36 -9.7408
5 24 16.9704 10.03 -16.9704 19.0416 10.03 -14.6112 18.3846 12 -18.3846 11.3136 5.36 -11.3136
5 24 2.088 5.36 -15.8624 0 5.36 -16 0 4 -8 0 10.03 -24
5 24 2.088 5.36 -15.8624 4.1408 5.36 -15.4544 1.044 4 -7.9312 3.132 10.03 -23.7936
5 24 6.1232 5.36 -14.7824 4.1408 5.36 -15.4544 2.0704 4 -7.7272 6.2112 10.03 -23.1816
5 24 6.1232 5.36 -14.7824 8 5.36 -13.856 4 4 -6.928 9.1848 10.03 -22.1736
5 24 8 5.36 -13.856 9.7408 5.36 -12.6944 4.8704 4 -6.3472 12 10.03 -20.784
5 24 9.7408 5.36 -12.6944 11.3136 5.36 -11.3136 5.6568 4 -5.6568 14.6112 10.03 -19.0416
5 24 3.132 10.03 -23.7936 0 10.03 -24 0 12 -26 0 5.36 -16
5 24 6.2112 10.03 -23.1816 3.132 10.03 -23.7936 6.7288 12 -25.1134 4.1408 5.36 -15.4544
5 24 9.1848 10.03 -22.1736 6.2112 10.03 -23.1816 9.9502 12 -24.0214 6.1232 5.36 -14.7824
5 24 12 10.03 -20.784 9.1848 10.03 -22.1736 13 12 -22.516 8 5.36 -13.856
5 24 14.6112 10.03 -19.0416 12 10.03 -20.784 15.8288 12 -20.6284 9.7408 5.36 -12.6944
5 24 16.9704 10.03 -16.9704 14.6112 10.03 -19.0416 18.3846 12 -18.3846 11.3136 5.36 -11.3136

5 24 -2.088 5.36 -15.8624 0 5.36 -16 0 4 -8 0 10.03 -24
5 24 -2.088 5.36 -15.8624 -4.1408 5.36 -15.4544 -1.044 4 -7.9312 -3.132 10.03 -23.7936
5 24 -6.1232 5.36 -14.7824 -4.1408 5.36 -15.4544 -2.0704 4 -7.7272 -6.2112 10.03 -23.1816
5 24 -6.1232 5.36 -14.7824 -8 5.36 -13.856 -4 4 -6.928 -9.1848 10.03 -22.1736
5 24 -8 5.36 -13.856 -9.7408 5.36 -12.6944 -4.8704 4 -6.3472 -12 10.03 -20.784
5 24 -9.7408 5.36 -12.6944 -11.3136 5.36 -11.3136 -5.6568 4 -5.6568 -14.6112 10.03 -19.0416
5 24 -3.132 10.03 -23.7936 0 10.03 -24 0 12 -26 0 5.36 -16
5 24 -6.2112 10.03 -23.1816 -3.132 10.03 -23.7936 -6.7288 12 -25.1134 -4.1408 5.36 -15.4544
5 24 -9.1848 10.03 -22.1736 -6.2112 10.03 -23.1816 -9.9502 12 -24.0214 -6.1232 5.36 -14.7824
5 24 -12 10.03 -20.784 -9.1848 10.03 -22.1736 -13 12 -22.516 -8 5.36 -13.856
5 24 -14.6112 10.03 -19.0416 -12 10.03 -20.784 -15.8288 12 -20.6284 -9.7408 5.36 -12.6944
5 24 -16.9704 10.03 -16.9704 -14.6112 10.03 -19.0416 -18.3846 12 -18.3846 -11.3136 5.36 -11.3136
5 24 -15.8624 5.36 -2.088 -16 5.36 0 -8 4 0 -24 10.03 0
5 24 -15.8624 5.36 -2.088 -15.4544 5.36 -4.1408 -7.9312 4 -1.044 -23.7936 10.03 -3.132
5 24 -14.7824 5.36 -6.1232 -15.4544 5.36 -4.1408 -7.7272 4 -2.0704 -23.1816 10.03 -6.2112
5 24 -14.7824 5.36 -6.1232 -13.856 5.36 -8 -6.928 4 -4 -22.1736 10.03 -9.1848
5 24 -13.856 5.36 -8 -12.6944 5.36 -9.7408 -6.3472 4 -4.8704 -20.784 10.03 -12
5 24 -12.6944 5.36 -9.7408 -11.3136 5.36 -11.3136 -5.6568 4 -5.6568 -19.0416 10.03 -14.6112
5 24 -23.7936 10.03 -3.132 -24 10.03 0 -26 12 0 -16 5.36 0
5 24 -23.1816 10.03 -6.2112 -23.7936 10.03 -3.132 -25.1134 12 -6.7288 -15.4544 5.36 -4.1408
5 24 -22.1736 10.03 -9.1848 -23.1816 10.03 -6.2112 -24.0214 12 -9.9502 -14.7824 5.36 -6.1232
5 24 -20.784 10.03 -12 -22.1736 10.03 -9.1848 -22.516 12 -13 -13.856 5.36 -8
5 24 -19.0416 10.03 -14.6112 -20.784 10.03 -12 -20.6284 12 -15.8288 -12.6944 5.36 -9.7408
5 24 -16.9704 10.03 -16.9704 -19.0416 10.03 -14.6112 -18.3846 12 -18.3846 -11.3136 5.36 -11.3136

5 24 -15.8624 5.36 2.088 -16 5.36 0 -8 4 0 -24 10.03 0
5 24 -15.8624 5.36 2.088 -15.4544 5.36 4.1408 -7.9312 4 1.044 -23.7936 10.03 3.132
5 24 -14.7824 5.36 6.1232 -15.4544 5.36 4.1408 -7.7272 4 2.0704 -23.1816 10.03 6.2112
5 24 -14.7824 5.36 6.1232 -13.856 5.36 8 -6.928 4 4 -22.1736 10.03 9.1848
5 24 -13.856 5.36 8 -12.6944 5.36 9.7408 -6.3472 4 4.8704 -20.784 10.03 12
5 24 -12.6944 5.36 9.7408 -11.3136 5.36 11.3136 -5.6568 4 5.6568 -19.0416 10.03 14.6112
5 24 -23.7936 10.03 3.132 -24 10.03 0 -26 12 0 -16 5.36 0
5 24 -23.1816 10.03 6.2112 -23.7936 10.03 3.132 -25.1134 12 6.7288 -15.4544 5.36 4.1408
5 24 -22.1736 10.03 9.1848 -23.1816 10.03 6.2112 -24.0214 12 9.9502 -14.7824 5.36 6.1232
5 24 -20.784 10.03 12 -22.1736 10.03 9.1848 -22.516 12 13 -13.856 5.36 8
5 24 -19.0416 10.03 14.6112 -20.784 10.03 12 -20.6284 12 15.8288 -12.6944 5.36 9.7408
5 24 -16.9704 10.03 16.9704 -19.0416 10.03 14.6112 -18.3846 12 18.3846 -11.3136 5.36 11.3136
5 24 -2.088 5.36 15.8624 0 5.36 16 0 4 8 0 10.03 24
5 24 -2.088 5.36 15.8624 -4.1408 5.36 15.4544 -1.044 4 7.9312 -3.132 10.03 23.7936
5 24 -6.1232 5.36 14.7824 -4.1408 5.36 15.4544 -2.0704 4 7.7272 -6.2112 10.03 23.1816
5 24 -6.1232 5.36 14.7824 -8 5.36 13.856 -4 4 6.928 -9.1848 10.03 22.1736
5 24 -8 5.36 13.856 -9.7408 5.36 12.6944 -4.8704 4 6.3472 -12 10.03 20.784
5 24 -9.7408 5.36 12.6944 -11.3136 5.36 11.3136 -5.6568 4 5.6568 -14.6112 10.03 19.0416
5 24 -3.132 10.03 23.7936 0 10.03 24 0 12 26 0 5.36 16
5 24 -6.2112 10.03 23.1816 -3.132 10.03 23.7936 -6.7288 12 25.1134 -4.1408 5.36 15.4544
5 24 -9.1848 10.03 22.1736 -6.2112 10.03 23.1816 -9.9502 12 24.0214 -6.1232 5.36 14.7824
5 24 -12 10.03 20.784 -9.1848 10.03 22.1736 -13 12 22.516 -8 5.36 13.856
5 24 -14.6112 10.03 19.0416 -12 10.03 20.784 -15.8288 12 20.6284 -9.7408 5.36 12.6944
5 24 -16.9704 10.03 16.9704 -14.6112 10.03 19.0416 -18.3846 12 18.3846 -11.3136 5.36 11.3136

5 24 2.088 5.36 15.8624 0 5.36 16 0 4 8 0 10.03 24
5 24 2.088 5.36 15.8624 4.1408 5.36 15.4544 1.044 4 7.9312 3.132 10.03 23.7936
5 24 6.1232 5.36 14.7824 4.1408 5.36 15.4544 2.0704 4 7.7272 6.2112 10.03 23.1816
5 24 6.1232 5.36 14.7824 8 5.36 13.856 4 4 6.928 9.1848 10.03 22.1736
5 24 8 5.36 13.856 9.7408 5.36 12.6944 4.8704 4 6.3472 12 10.03 20.784
5 24 9.7408 5.36 12.6944 11.3136 5.36 11.3136 5.6568 4 5.6568 14.6112 10.03 19.0416
5 24 3.132 10.03 23.7936 0 10.03 24 0 12 26 0 5.36 16
5 24 6.2112 10.03 23.1816 3.132 10.03 23.7936 6.7288 12 25.1134 4.1408 5.36 15.4544
5 24 9.1848 10.03 22.1736 6.2112 10.03 23.1816 9.9502 12 24.0214 6.1232 5.36 14.7824
5 24 12 10.03 20.784 9.1848 10.03 22.1736 13 12 22.516 8 5.36 13.856
5 24 14.6112 10.03 19.0416 12 10.03 20.784 15.8288 12 20.6284 9.7408 5.36 12.6944
5 24 16.9704 10.03 16.9704 14.6112 10.03 19.0416 18.3846 12 18.3846 11.3136 5.36 11.3136
5 24 15.8624 5.36 2.088 16 5.36 0 8 4 0 24 10.03 0
5 24 15.8624 5.36 2.088 15.4544 5.36 4.1408 7.9312 4 1.044 23.7936 10.03 3.132
5 24 14.7824 5.36 6.1232 15.4544 5.36 4.1408 7.7272 4 2.0704 23.1816 10.03 6.2112
5 24 14.7824 5.36 6.1232 13.856 5.36 8 6.928 4 4 22.1736 10.03 9.1848
5 24 13.856 5.36 8 12.6944 5.36 9.7408 6.3472 4 4.8704 20.784 10.03 12
5 24 12.6944 5.36 9.7408 11.3136 5.36 11.3136 5.6568 4 5.6568 19.0416 10.03 14.6112
5 24 23.7936 10.03 3.132 24 10.03 0 26 12 0 16 5.36 0
5 24 23.1816 10.03 6.2112 23.7936 10.03 3.132 25.1134 12 6.7288 15.4544 5.36 4.1408
5 24 22.1736 10.03 9.1848 23.1816 10.03 6.2112 24.0214 12 9.9502 14.7824 5.36 6.1232
5 24 20.784 10.03 12 22.1736 10.03 9.1848 22.516 12 13 13.856 5.36 8
5 24 19.0416 10.03 14.6112 20.784 10.03 12 20.6284 12 15.8288 12.6944 5.36 9.7408
5 24 16.9704 10.03 16.9704 19.0416 10.03 14.6112 18.3846 12 18.3846 11.3136 5.36 11.3136
0 FILE p/48/4-4con12.dat
0 Hi-Res Cone 12 x 1.0
0 Name: 48\4-4con12.dat
0 Author: Willy Tschager [Holly-Wood]
0 !LDRAW_ORG 48_Primitive UPDATE 2024-01
0 !LICENSE Licensed under CC BY 4.0 : see CAreadme.txt

0 BFC CERTIFY CCW

0 !HISTORY 2009-12-29 [PTadmin] Official Update 2009-03
0 !HISTORY 2024-01-22 [Holly-Wood] Complete regeneration, original by guyvivan
0 !HISTORY 2024-01-29 [OrionP] Official Update 2024-01

4 16 12 1 0 11.8968 1 1.566 12.8882 0 1.6965 13 0 0
4 16 11.8968 1 1.566 11.5908 1 3.1056 12.5567 0 3.3644 12.8882 0 1.6965
4 16 11.5908 1 3.1056 11.0868 1 4.5924 12.0107 0 4.9751 12.5567 0 3.3644
4 16 11.0868 1 4.5924 10.392 1 6 11.258 0 6.5 12.0107 0 4.9751
4 16 10.392 1 6 9.5208 1 7.3056 10.3142 0 7.9144 11.258 0 6.5
4 16 9.5208 1 7.3056 8.4852 1 8.4852 9.1923 0 9.1923 10.3142 0 7.9144
4 16 8.4852 1 8.4852 7.3056 1 9.5208 7.9144 0 10.3142 9.1923 0 9.1923
4 16 7.3056 1 9.5208 6 1 10.392 6.5 0 11.258 7.9144 0 10.3142
4 16 6 1 10.392 4.5924 1 11.0868 4.9751 0 12.0107 6.5 0 11.258
4 16 4.5924 1 11.0868 3.1056 1 11.5908 3.3644 0 12.5567 4.9751 0 12.0107
4 16 3.1056 1 11.5908 1.566 1 11.8968 1.6965 0 12.8882 3.3644 0 12.5567
4 16 1.566 1 11.8968 0 1 12 0 0 13 1.6965 0 12.8882
4 16 0 1 12 -1.566 1 11.8968 -1.6965 0 12.8882 0 0 13
4 16 -1.566 1 11.8968 -3.1056 1 11.5908 -3.3644 0 12.5567 -1.6965 0 12.8882
4 16 -3.1056 1 11.5908 -4.5924 1 11.0868 -4.9751 0 12.0107 -3.3644 0 12.5567
4 16 -4.5924 1 11.0868 -6 1 10.392 -6.5 0 11.258 -4.9751 0 12.0107
4 16 -6 1 10.392 -7.3056 1 9.5208 -7.9144 0 10.3142 -6.5 0 11.258
4 16 -7.3056 1 9.5208 -8.4852 1 8.4852 -9.1923 0 9.1923 -7.9144 0 10.3142
4 16 -8.4852 1 8.4852 -9.5208 1 7.3056 -10.3142 0 7.9144 -9.1923 0 9.1923
4 16 -9.5208 1 7.3056 -10.392 1 6 -11.258 0 6.5 -10.3142 0 7.9144
4 16 -10.392 1 6 -11.0868 1 4.5924 -12.0107 0 4.9751 -11.258 0 6.5
4 16 -11.0868 1 4.5924 -11.5908 1 3.1056 -12.5567 0 3.3644 -12.0107 0 4.9751
4 16 -11.5908 1 3.1056 -11.8968 1 1.566 -12.8882 0 1.6965 -12.5567 0 3.3644
4 16 -11.8968 1 1.566 -12 1 0 -13 0 0 -12.8882 0 1.6965
4 16 -12 1 0 -11.8968 1 -1.566 -12.8882 0 -1.6965 -13 0 0
4 16 -11.8968 1 -1.566 -11.5908 1 -3.1056 -12.5567 0 -3.3644 -12.8882 0 -1.6965
4 16 -11.5908 1 -3.1056 -11.0868 1 -4.5924 -12.0107 0 -4.9751 -12.5567 0 -3.3644
4 16 -11.0868 1 -4.5924 -10.392 1 -6 -11.258 0 -6.5 -12.0107 0 -4.9751
4 16 -10.392 1 -6 -9.5208 1 -7.3056 -10.3142 0 -7.9144 -11.258 0 -6.5
4 16 -9.5208 1 -7.3056 -8.4852 1 -8.4852 -9.1923 0 -9.1923 -10.3142 0 -7.9144
4 16 -8.4852 1 -8.4852 -7.3056 1 -9.5208 -7.9144 0 -10.3142 -9.1923 0 -9.1923
4 16 -7.3056 1 -9.5208 -6 1 -10.392 -6.5 0 -11.258 -7.9144 0 -10.3142
4 16 -6 1 -10.392 -4.5924 1 -11.0868 -4.9751 0 -12.0107 -6.5 0 -11.258
4 16 -4.5924 1 -11.0868 -3.1056 1 -11.5908 -3.3644 0 -12.5567 -4.9751 0 -12.0107
4 16 -3.1056 1 -11.5908 -1.566 1 -11.8968 -1.6965 0 -12.8882 -3.3644 0 -12.5567
4 16 -1.566 1 -11.8968 0 1 -12 0 0 -13 -1.6965 0 -12.8882
4 16 0 1 -12 1.566 1 -11.8968 1.6965 0 -12.8882 0 0 -13
4 16 1.566 1 -11.8968 3.1056 1 -11.5908 3.3644 0 -12.5567 1.6965 0 -12.8882
4 16 3.1056 1 -11.5908 4.5924 1 -11.0868 4.9751 0 -12.0107 3.3644 0 -12.5567
4 16 4.5924 1 -11.0868 6 1 -10.392 6.5 0 -11.258 4.9751 0 -12.0107
4 16 6 1 -10.392 7.3056 1 -9.5208 7.9144 0 -10.3142 6.5 0 -11.258
4 16 7.3056 1 -9.5208 8.4852 1 -8.4852 9.1923 0 -9.1923 7.9144 0 -10.3142
4 16 8.4852 1 -8.4852 9.5208 1 -7.3056 10.3142 0 -7.9144 9.1923 0 -9.1923
4 16 9.5208 1 -7.3056 10.392 1 -6 11.258 0 -6.5 10.3142 0 -7.9144
4 16 10.392 1 -6 11.0868 1 -4.5924 12.0107 0 -4.9751 11.258 0 -6.5
4 16 11.0868 1 -4.5924 11.5908 1 -3.1056 12.5567 0 -3.3644 12.0107 0 -4.9751
4 16 11.5908 1 -3.1056 11.8968 1 -1.566 12.8882 0 -1.6965 12.5567 0 -3.3644
4 16 11.8968 1 -1.566 12 1 0 13 0 0 12.8882 0 -1.6965
0 // conditional lines
5 24 12 1 0 13 0 0 11.8968 1 -1.566 11.8968 1 1.566
5 24 11.8968 1 1.566 12.8882 0 1.6965 12 1 0 11.5908 1 3.1056
5 24 11.5908 1 3.1056 12.5567 0 3.3644 11.8968 1 1.566 11.0868 1 4.5924
5 24 11.0868 1 4.5924 12.0107 0 4.9751 11.5908 1 3.1056 10.392 1 6
5 24 10.392 1 6 11.258 0 6.5 11.0868 1 4.5924 9.5208 1 7.3056
5 24 9.5208 1 7.3056 10.3142 0 7.9144 10.392 1 6 8.4852 1 8.4852
5 24 8.4852 1 8.4852 9.1923 0 9.1923 9.5208 1 7.3056 7.3056 1 9.5208
5 24 7.3056 1 9.5208 7.9144 0 10.3142 8.4852 1 8.4852 6 1 10.392
5 24 6 1 10.392 6.5 0 11.258 7.3056 1 9.5208 4.5924 1 11.0868
5 24 4.5924 1 11.0868 4.9751 0 12.0107 6 1 10.392 3.1056 1 11.5908
5 24 3.1056 1 11.5908 3.3644 0 12.5567 4.5924 1 11.0868 1.566 1 11.8968
5 24 1.566 1 11.8968 1.6965 0 12.8882 3.1056 1 11.5908 0 1 12
5 24 0 1 12 0 0 13 1.566 1 11.8968 -1.566 1 11.8968
5 24 -1.566 1 11.8968 -1.6965 0 12.8882 0 1 12 -3.1056 1 11.5908
5 24 -3.1056 1 11.5908 -3.3644 0 12.5567 -1.566 1 11.8968 -4.5924 1 11.0868
5 24 -4.5924 1 11.0868 -4.9751 0 12.0107 -3.1056 1 11.5908 -6 1 10.392
5 24 -6 1 10.392 -6.5 0 11.258 -4.5924 1 11.0868 -7.3056 1 9.5208
5 24 -7.3056 1 9.5208 -7.9144 0 10.3142 -6 1 10.392 -8.4852 1 8.4852
5 24 -8.4852 1 8.4852 -9.1923 0 9.1923 -7.3056 1 9.5208 -9.5208 1 7.3056
5 24 -9.5208 1 7.3056 -10.3142 0 7.9144 -8.4852 1 8.4852 -10.392 1 6
5 24 -10.392 1 6 -11.258 0 6.5 -9.5208 1 7.3056 -11.0868 1 4.5924
5 24 -11.0868 1 4.5924 -12.0107 0 4.9751 -10.392 1 6 -11.5908 1 3.1056
5 24 -11.5908 1 3.1056 -12.5567 0 3.3644 -11.0868 1 4.5924 -11.8968 1 1.566
5 24 -11.8968 1 1.566 -12.8882 0 1.6965 -11.5908 1 3.1056 -12 1 0
5 24 -12 1 0 -13 0 0 -11.8968 1 1.566 -11.8968 1 -1.566
5 24 -11.8968 1 -1.566 -12.8882 0 -1.6965 -12 1 0 -11.5908 1 -3.1056
5 24 -11.5908 1 -3.1056 -12.5567 0 -3.3644 -11.8968 1 -1.566 -11.0868 1 -4.5924
5 24 -11.0868 1 -4.5924 -12.0107 0 -4.9751 -11.5908 1 -3.1056 -10.392 1 -6
5 24 -10.392 1 -6 -11.258 0 -6.5 -11.0868 1 -4.5924 -9.5208 1 -7.3056
5 24 -9.5208 1 -7.3056 -10.3142 0 -7.9144 -10.392 1 -6 -8.4852 1 -8.4852
5 24 -8.4852 1 -8.4852 -9.1923 0 -9.1923 -9.5208 1 -7.3056 -7.3056 1 -9.5208
5 24 -7.3056 1 -9.5208 -7.9144 0 -10.3142 -8.4852 1 -8.4852 -6 1 -10.392
5 24 -6 1 -10.392 -6.5 0 -11.258 -7.3056 1 -9.5208 -4.5924 1 -11.0868
5 24 -4.5924 1 -11.0868 -4.9751 0 -12.0107 -6 1 -10.392 -3.1056 1 -11.5908
5 24 -3.1056 1 -11.5908 -3.3644 0 -12.5567 -4.5924 1 -11.0868 -1.566 1 -11.8968
5 24 -1.566 1 -11.8968 -1.6965 0 -12.8882 -3.1056 1 -11.5908 0 1 -12
5 24 0 1 -12 0 0 -13 -1.566 1 -11.8968 1.566 1 -11.8968
5 24 1.566 1 -11.8968 1.6965 0 -12.8882 0 1 -12 3.1056 1 -11.5908
5 24 3.1056 1 -11.5908 3.3644 0 -12.5567 1.566 1 -11.8968 4.5924 1 -11.0868
5 24 4.5924 1 -11.0868 4.9751 0 -12.0107 3.1056 1 -11.5908 6 1 -10.392
5 24 6 1 -10.392 6.5 0 -11.258 4.5924 1 -11.0868 7.3056 1 -9.5208
5 24 7.3056 1 -9.5208 7.9144 0 -10.3142 6 1 -10.392 8.4852 1 -8.4852
5 24 8.4852 1 -8.4852 9.1923 0 -9.1923 7.3056 1 -9.5208 9.5208 1 -7.3056
5 24 9.5208 1 -7.3056 10.3142 0 -7.9144 8.4852 1 -8.4852 10.392 1 -6
5 24 10.392 1 -6 11.258 0 -6.5 9.5208 1 -7.3056 11.0868 1 -4.5924
5 24 11.0868 1 -4.5924 12.0107 0 -4.9751 10.392 1 -6 11.5908 1 -3.1056
5 24 11.5908 1 -3.1056 12.5567 0 -3.3644 11.0868 1 -4.5924 11.8968 1 -1.566
5 24 11.8968 1 -1.566 12.8882 0 -1.6965 11.5908 1 -3.1056 12 1 0
0 // Build by LDPartEditor (PrimGen 2.X)
0 FILE p/48/4-4aring.dat
0 Adapter Ring Hi-Res to Normal 1.0
0 Name: 48\4-4aring.dat
0 Author: Philippe Hurbain [Philo]
0 !LDRAW_ORG 48_Primitive UPDATE 2010-02
0 !LICENSE Licensed under CC BY 4.0 : see CAreadme.txt

0 BFC CERTIFY CCW

0 !HISTORY 2010-07-05 [PTadmin] Official Update 2010-02


4 16 0.9239 0 0.3827 1 0 0 0.9914 0 0.1305 0.9659 0 0.2588
4 16 0.7071 0 0.7071 0.9239 0 0.3827 0.866 0 0.5 0.7934 0 0.6088
4 16 0.3827 0 0.9239 0.7071 0 0.7071 0.6088 0 0.7934 0.5 0 0.866
4 16 0 0 1 0.3827 0 0.9239 0.2588 0 0.9659 0.1305 0 0.9914
4 16 -0.3827 0 0.9239 0 0 1 -0.1305 0 0.9914 -0.2588 0 0.9659
4 16 -0.7071 0 0.7071 -0.3827 0 0.9239 -0.5 0 0.866 -0.6088 0 0.7934
4 16 -0.9239 0 0.3827 -0.7071 0 0.7071 -0.7934 0 0.6088 -0.866 0 0.5
4 16 -1 0 0 -0.9239 0 0.3827 -0.9659 0 0.2588 -0.9914 0 0.1305
4 16 -0.9239 0 -0.3827 -1 0 0 -0.9914 0 -0.1305 -0.9659 0 -0.2588
4 16 -0.7071 0 -0.7071 -0.9239 0 -0.3827 -0.866 0 -0.5 -0.7934 0 -0.6088
4 16 -0.3827 0 -0.9239 -0.7071 0 -0.7071 -0.6088 0 -0.7934 -0.5 0 -0.866
4 16 0 0 -1 -0.3827 0 -0.9239 -0.2588 0 -0.9659 -0.1305 0 -0.9914
4 16 0.3827 0 -0.9239 0 0 -1 0.1305 0 -0.9914 0.2588 0 -0.9659
4 16 0.7071 0 -0.7071 0.3827 0 -0.9239 0.5 0 -0.866 0.6088 0 -0.7934
4 16 0.9239 0 -0.3827 0.7071 0 -0.7071 0.7934 0 -0.6088 0.866 0 -0.5
4 16 1 0 0 0.9239 0 -0.3827 0.9659 0 -0.2588 0.9914 0 -0.1305
0 //
0 FILE p/48/4-4cyli.dat
0 Hi-Res Cylinder 1.0
0 Name: 48\4-4cyli.dat
0 Author: Paul Easter [pneaster]
0 !LDRAW_ORG 48_Primitive UPDATE 2012-02
0 !LICENSE Licensed under CC BY 4.0 : see CAreadme.txt

0 BFC CERTIFY CCW

0 !HISTORY 2002-08-18 [PTadmin] Official Update 2002-04
0 !HISTORY 2007-06-24 [PTadmin] Header formatted for Contributor Agreement
0 !HISTORY 2008-07-01 [PTadmin] Official Update 2008-01
0 !HISTORY 2012-02-27 [Philo] Changed to CCW
0 !HISTORY 2012-08-09 [PTadmin] Official Update 2012-02


1 16 0 0 0 1 0 0 0 1 0 0 0 1 48\1-4cyli.dat
1 16 0 0 0 0 0 -1 0 1 0 1 0 0 48\1-4cyli.dat
1 16 0 0 0 -1 0 0 0 1 0 0 0 -1 48\1-4cyli.dat
1 16 0 0 0 0 0 1 0 1 0 -1 0 0 48\1-4cyli.dat
0 FILE p/48/1-4cyli.dat
0 Hi-Res Cylinder 0.25
0 Name: 48\1-4cyli.dat
0 Author: Magnus Forsberg [MagFors]
0 !LDRAW_ORG 48_Primitive UPDATE 2024-01
0 !LICENSE Licensed under CC BY 4.0 : see CAreadme.txt

0 BFC CERTIFY CCW

0 !HISTORY 1999-07-05 [PTadmin] Official Update 1999-05
0 !HISTORY 2002-02-28 [hafhead] Added BFC statement
0 !HISTORY 2002-04-25 [PTadmin] Official Update 2002-02
0 !HISTORY 2007-06-24 [PTadmin] Header formatted for Contributor Agreement
0 !HISTORY 2008-07-01 [PTadmin] Official Update 2008-01
0 !HISTORY 2008-07-07 [guyvivan] Made BFC'ed CCW (2005-12-06)
0 !HISTORY 2009-05-02 [PTadmin] Official Update 2009-01
0 !HISTORY 2024-01-03 [MagFors] Complete regeneration, original by Manfred Moolhuysen
0 !HISTORY 2024-01-29 [OrionP] Official Update 2024-01

4 16 0.9914 0 0.1305 1 0 0 1 1 0 0.9914 1 0.1305
4 16 0.9659 0 0.2588 0.9914 0 0.1305 0.9914 1 0.1305 0.9659 1 0.2588
4 16 0.9239 0 0.3827 0.9659 0 0.2588 0.9659 1 0.2588 0.9239 1 0.3827
4 16 0.866 0 0.5 0.9239 0 0.3827 0.9239 1 0.3827 0.866 1 0.5
4 16 0.7934 0 0.6088 0.866 0 0.5 0.866 1 0.5 0.7934 1 0.6088
4 16 0.7071 0 0.7071 0.7934 0 0.6088 0.7934 1 0.6088 0.7071 1 0.7071
4 16 0.6088 0 0.7934 0.7071 0 0.7071 0.7071 1 0.7071 0.6088 1 0.7934
4 16 0.5 0 0.866 0.6088 0 0.7934 0.6088 1 0.7934 0.5 1 0.866
4 16 0.3827 0 0.9239 0.5 0 0.866 0.5 1 0.866 0.3827 1 0.9239
4 16 0.2588 0 0.9659 0.3827 0 0.9239 0.3827 1 0.9239 0.2588 1 0.9659
4 16 0.1305 0 0.9914 0.2588 0 0.9659 0.2588 1 0.9659 0.1305 1 0.9914
4 16 0 0 1 0.1305 0 0.9914 0.1305 1 0.9914 0 1 1
0 // conditional lines
5 24 1 1 0 1 0 0 1 1 -0.1317 0.9914 1 0.1305
5 24 0.9914 1 0.1305 0.9914 0 0.1305 1 1 0 0.9659 1 0.2588
5 24 0.9659 1 0.2588 0.9659 0 0.2588 0.9914 1 0.1305 0.9239 1 0.3827
5 24 0.9239 1 0.3827 0.9239 0 0.3827 0.9659 1 0.2588 0.866 1 0.5
5 24 0.866 1 0.5 0.866 0 0.5 0.9239 1 0.3827 0.7934 1 0.6088
5 24 0.7934 1 0.6088 0.7934 0 0.6088 0.866 1 0.5 0.7071 1 0.7071
5 24 0.7071 1 0.7071 0.7071 0 0.7071 0.7934 1 0.6088 0.6088 1 0.7934
5 24 0.6088 1 0.7934 0.6088 0 0.7934 0.7071 1 0.7071 0.5 1 0.866
5 24 0.5 1 0.866 0.5 0 0.866 0.6088 1 0.7934 0.3827 1 0.9239
5 24 0.3827 1 0.9239 0.3827 0 0.9239 0.5 1 0.866 0.2588 1 0.9659
5 24 0.2588 1 0.9659 0.2588 0 0.9659 0.3827 1 0.9239 0.1305 1 0.9914
5 24 0.1305 1 0.9914 0.1305 0 0.9914 0.2588 1 0.9659 0 1 1
5 24 0 1 1 0 0 1 0.1305 1 0.9914 -0.1317 1 1
0 // Build by LDPartEditor (PrimGen 2.X)
0 FILE p/48/4-4edge.dat
0 Hi-Res Circle 1.0
0 Name: 48\4-4edge.dat
0 Author: Paul Easter [pneaster]
0 !LDRAW_ORG 48_Primitive UPDATE 2012-01
0 !LICENSE Licensed under CC BY 4.0 : see CAreadme.txt

0 BFC CERTIFY CCW

0 !HISTORY 2002-08-18 [PTadmin] Official Update 2002-04
0 !HISTORY 2007-06-24 [PTadmin] Header formatted for Contributor Agreement
0 !HISTORY 2008-07-01 [PTadmin] Official Update 2008-01
0 !HISTORY 2012-01-15 [MagFors] BFC'ed, title changed from Edge to Circle
0 !HISTORY 2012-03-30 [PTadmin] Official Update 2012-01


1 16 0 0 0 1 0 0 0 1 0 0 0 1 48\1-4edge.dat
1 16 0 0 0 0 0 -1 0 1 0 1 0 0 48\1-4edge.dat
1 16 0 0 0 -1 0 0 0 1 0 0 0 -1 48\1-4edge.dat
1 16 0 0 0 0 0 1 0 1 0 -1 0 0 48\1-4edge.dat
0 FILE p/48/1-4edge.dat
0 Hi-Res Circle 0.25
0 Name: 48\1-4edge.dat
0 Author: Magnus Forsberg [MagFors]
0 !LDRAW_ORG 48_Primitive UPDATE 2024-01
0 !LICENSE Licensed under CC BY 4.0 : see CAreadme.txt

0 BFC CERTIFY CCW

0 !HISTORY 1999-07-05 [PTadmin] Official Update 1999-05
0 !HISTORY 2007-06-24 [PTadmin] Header formatted for Contributor Agreement
0 !HISTORY 2008-07-01 [PTadmin] Official Update 2008-01
0 !HISTORY 2010-03-17 [MagFors] Updated description
0 !HISTORY 2010-05-21 [mikeheide] BFC'ed and compacted numbers (saved 10% filesize)
0 !HISTORY 2010-07-05 [PTadmin] Official Update 2010-02
0 !HISTORY 2024-01-02 [MagFors] Complete regeneration, original by Manfred Moolhuysen
0 !HISTORY 2024-01-29 [OrionP] Official Update 2024-01

2 24 1 0 0 0.9914 0 0.1305
2 24 0.9914 0 0.1305 0.9659 0 0.2588
2 24 0.9659 0 0.2588 0.9239 0 0.3827
2 24 0.9239 0 0.3827 0.866 0 0.5
2 24 0.866 0 0.5 0.7934 0 0.6088
2 24 0.7934 0 0.6088 0.7071 0 0.7071
2 24 0.7071 0 0.7071 0.6088 0 0.7934
2 24 0.6088 0 0.7934 0.5 0 0.866
2 24 0.5 0 0.866 0.3827 0 0.9239
2 24 0.3827 0 0.9239 0.2588 0 0.9659
2 24 0.2588 0 0.9659 0.1305 0 0.9914
2 24 0.1305 0 0.9914 0 0 1
0 // Build by LDPartEditor (PrimGen 2.X)
0 FILE p/48/4-4ring14.dat
0 Hi-Res Ring 14 x 1.0
0 Name: 48\4-4ring14.dat
0 Author: Willy Tschager [Holly-Wood]
0 !LDRAW_ORG 48_Primitive UPDATE 2024-02
0 !LICENSE Licensed under CC BY 4.0 : see CAreadme.txt

0 BFC CERTIFY CCW

0 !HISTORY 2010-04-05 [PTadmin] Official Update 2010-01
0 !HISTORY 2024-01-21 [Holly-Wood] Complete regeneration, original by guyvivan
0 !HISTORY 2024-03-24 [OrionP] Official Update 2024-02

4 16 15 0 0 14.871 0 1.9575 13.8796 0 1.827 14 0 0
4 16 14.871 0 1.9575 14.4885 0 3.882 13.5226 0 3.6232 13.8796 0 1.827
4 16 14.4885 0 3.882 13.8585 0 5.7405 12.9346 0 5.3578 13.5226 0 3.6232
4 16 13.8585 0 5.7405 12.99 0 7.5 12.124 0 7 12.9346 0 5.3578
4 16 12.99 0 7.5 11.901 0 9.132 11.1076 0 8.5232 12.124 0 7
4 16 11.901 0 9.132 10.6065 0 10.6065 9.8994 0 9.8994 11.1076 0 8.5232
4 16 10.6065 0 10.6065 9.132 0 11.901 8.5232 0 11.1076 9.8994 0 9.8994
4 16 9.132 0 11.901 7.5 0 12.99 7 0 12.124 8.5232 0 11.1076
4 16 7.5 0 12.99 5.7405 0 13.8585 5.3578 0 12.9346 7 0 12.124
4 16 5.7405 0 13.8585 3.882 0 14.4885 3.6232 0 13.5226 5.3578 0 12.9346
4 16 3.882 0 14.4885 1.9575 0 14.871 1.827 0 13.8796 3.6232 0 13.5226
4 16 1.9575 0 14.871 0 0 15 0 0 14 1.827 0 13.8796
4 16 0 0 15 -1.9575 0 14.871 -1.827 0 13.8796 0 0 14
4 16 -1.9575 0 14.871 -3.882 0 14.4885 -3.6232 0 13.5226 -1.827 0 13.8796
4 16 -3.882 0 14.4885 -5.7405 0 13.8585 -5.3578 0 12.9346 -3.6232 0 13.5226
4 16 -5.7405 0 13.8585 -7.5 0 12.99 -7 0 12.124 -5.3578 0 12.9346
4 16 -7.5 0 12.99 -9.132 0 11.901 -8.5232 0 11.1076 -7 0 12.124
4 16 -9.132 0 11.901 -10.6065 0 10.6065 -9.8994 0 9.8994 -8.5232 0 11.1076
4 16 -10.6065 0 10.6065 -11.901 0 9.132 -11.1076 0 8.5232 -9.8994 0 9.8994
4 16 -11.901 0 9.132 -12.99 0 7.5 -12.124 0 7 -11.1076 0 8.5232
4 16 -12.99 0 7.5 -13.8585 0 5.7405 -12.9346 0 5.3578 -12.124 0 7
4 16 -13.8585 0 5.7405 -14.4885 0 3.882 -13.5226 0 3.6232 -12.9346 0 5.3578
4 16 -14.4885 0 3.882 -14.871 0 1.9575 -13.8796 0 1.827 -13.5226 0 3.6232
4 16 -14.871 0 1.9575 -15 0 0 -14 0 0 -13.8796 0 1.827
4 16 -15 0 0 -14.871 0 -1.9575 -13.8796 0 -1.827 -14 0 0
4 16 -14.871 0 -1.9575 -14.4885 0 -3.882 -13.5226 0 -3.6232 -13.8796 0 -1.827
4 16 -14.4885 0 -3.882 -13.8585 0 -5.7405 -12.9346 0 -5.3578 -13.5226 0 -3.6232
4 16 -13.8585 0 -5.7405 -12.99 0 -7.5 -12.124 0 -7 -12.9346 0 -5.3578
4 16 -12.99 0 -7.5 -11.901 0 -9.132 -11.1076 0 -8.5232 -12.124 0 -7
4 16 -11.901 0 -9.132 -10.6065 0 -10.6065 -9.8994 0 -9.8994 -11.1076 0 -8.5232
4 16 -10.6065 0 -10.6065 -9.132 0 -11.901 -8.5232 0 -11.1076 -9.8994 0 -9.8994
4 16 -9.132 0 -11.901 -7.5 0 -12.99 -7 0 -12.124 -8.5232 0 -11.1076
4 16 -7.5 0 -12.99 -5.7405 0 -13.8585 -5.3578 0 -12.9346 -7 0 -12.124
4 16 -5.7405 0 -13.8585 -3.882 0 -14.4885 -3.6232 0 -13.5226 -5.3578 0 -12.9346
4 16 -3.882 0 -14.4885 -1.9575 0 -14.871 -1.827 0 -13.8796 -3.6232 0 -13.5226
4 16 -1.9575 0 -14.871 0 0 -15 0 0 -14 -1.827 0 -13.8796
4 16 0 0 -15 1.9575 0 -14.871 1.827 0 -13.8796 0 0 -14
4 16 1.9575 0 -14.871 3.882 0 -14.4885 3.6232 0 -13.5226 1.827 0 -13.8796
4 16 3.882 0 -14.4885 5.7405 0 -13.8585 5.3578 0 -12.9346 3.6232 0 -13.5226
4 16 5.7405 0 -13.8585 7.5 0 -12.99 7 0 -12.124 5.3578 0 -12.9346
4 16 7.5 0 -12.99 9.132 0 -11.901 8.5232 0 -11.1076 7 0 -12.124
4 16 9.132 0 -11.901 10.6065 0 -10.6065 9.8994 0 -9.8994 8.5232 0 -11.1076
4 16 10.6065 0 -10.6065 11.901 0 -9.132 11.1076 0 -8.5232 9.8994 0 -9.8994
4 16 11.901 0 -9.132 12.99 0 -7.5 12.124 0 -7 11.1076 0 -8.5232
4 16 12.99 0 -7.5 13.8585 0 -5.7405 12.9346 0 -5.3578 12.124 0 -7
4 16 13.8585 0 -5.7405 14.4885 0 -3.882 13.5226 0 -3.6232 12.9346 0 -5.3578
4 16 14.4885 0 -3.882 14.871 0 -1.9575 13.8796 0 -1.827 13.5226 0 -3.6232
4 16 14.871 0 -1.9575 15 0 0 14 0 0 13.8796 0 -1.827
0 // Build by LDPartEditor (PrimGen 2.X)
0 FILE p/48/4-4ring13.dat
0 Hi-Res Ring 13 x 1.0
0 Name: 48\4-4ring13.dat
0 Author: Mark Kennedy [mkennedy]
0 !LDRAW_ORG 48_Primitive UPDATE 2024-02
0 !LICENSE Licensed under CC BY 4.0 : see CAreadme.txt

0 BFC CERTIFY CCW

0 !HISTORY 2010-04-05 [PTadmin] Official Update 2010-01
0 !HISTORY 2012-02-27 [Philo] Changed to CCW
0 !HISTORY 2012-08-09 [PTadmin] Official Update 2012-02
0 !HISTORY 2024-03-23 [OrionP] Moved from 48\4-4rin13.dat
0 !HISTORY 2024-03-24 [OrionP] Official Update 2024-02

4 16 14 0 0 13.8796 0 1.827 12.8882 0 1.6965 13 0 0
4 16 13.8796 0 1.827 13.5226 0 3.6232 12.5567 0 3.3644 12.8882 0 1.6965
4 16 13.5226 0 3.6232 12.9346 0 5.3578 12.0107 0 4.9751 12.5567 0 3.3644
4 16 12.9346 0 5.3578 12.124 0 7 11.258 0 6.5 12.0107 0 4.9751
4 16 12.124 0 7 11.1076 0 8.5232 10.3142 0 7.9144 11.258 0 6.5
4 16 11.1076 0 8.5232 9.8994 0 9.8994 9.1923 0 9.1923 10.3142 0 7.9144
4 16 9.8994 0 9.8994 8.5232 0 11.1076 7.9144 0 10.3142 9.1923 0 9.1923
4 16 8.5232 0 11.1076 7 0 12.124 6.5 0 11.258 7.9144 0 10.3142
4 16 7 0 12.124 5.3578 0 12.9346 4.9751 0 12.0107 6.5 0 11.258
4 16 5.3578 0 12.9346 3.6232 0 13.5226 3.3644 0 12.5567 4.9751 0 12.0107
4 16 3.6232 0 13.5226 1.827 0 13.8796 1.6965 0 12.8882 3.3644 0 12.5567
4 16 1.827 0 13.8796 0 0 14 0 0 13 1.6965 0 12.8882
4 16 0 0 14 -1.827 0 13.8796 -1.6965 0 12.8882 0 0 13
4 16 -1.827 0 13.8796 -3.6232 0 13.5226 -3.3644 0 12.5567 -1.6965 0 12.8882
4 16 -3.6232 0 13.5226 -5.3578 0 12.9346 -4.9751 0 12.0107 -3.3644 0 12.5567
4 16 -5.3578 0 12.9346 -7 0 12.124 -6.5 0 11.258 -4.9751 0 12.0107
4 16 -7 0 12.124 -8.5232 0 11.1076 -7.9144 0 10.3142 -6.5 0 11.258
4 16 -8.5232 0 11.1076 -9.8994 0 9.8994 -9.1923 0 9.1923 -7.9144 0 10.3142
4 16 -9.8994 0 9.8994 -11.1076 0 8.5232 -10.3142 0 7.9144 -9.1923 0 9.1923
4 16 -11.1076 0 8.5232 -12.124 0 7 -11.258 0 6.5 -10.3142 0 7.9144
4 16 -12.124 0 7 -12.9346 0 5.3578 -12.0107 0 4.9751 -11.258 0 6.5
4 16 -12.9346 0 5.3578 -13.5226 0 3.6232 -12.5567 0 3.3644 -12.0107 0 4.9751
4 16 -13.5226 0 3.6232 -13.8796 0 1.827 -12.8882 0 1.6965 -12.5567 0 3.3644
4 16 -13.8796 0 1.827 -14 0 0 -13 0 0 -12.8882 0 1.6965
4 16 -14 0 0 -13.8796 0 -1.827 -12.8882 0 -1.6965 -13 0 0
4 16 -13.8796 0 -1.827 -13.5226 0 -3.6232 -12.5567 0 -3.3644 -12.8882 0 -1.6965
4 16 -13.5226 0 -3.6232 -12.9346 0 -5.3578 -12.0107 0 -4.9751 -12.5567 0 -3.3644
4 16 -12.9346 0 -5.3578 -12.124 0 -7 -11.258 0 -6.5 -12.0107 0 -4.9751
4 16 -12.124 0 -7 -11.1076 0 -8.5232 -10.3142 0 -7.9144 -11.258 0 -6.5
4 16 -11.1076 0 -8.5232 -9.8994 0 -9.8994 -9.1923 0 -9.1923 -10.3142 0 -7.9144
4 16 -9.8994 0 -9.8994 -8.5232 0 -11.1076 -7.9144 0 -10.3142 -9.1923 0 -9.1923
4 16 -8.5232 0 -11.1076 -7 0 -12.124 -6.5 0 -11.258 -7.9144 0 -10.3142
4 16 -7 0 -12.124 -5.3578 0 -12.9346 -4.9751 0 -12.0107 -6.5 0 -11.258
4 16 -5.3578 0 -12.9346 -3.6232 0 -13.5226 -3.3644 0 -12.5567 -4.9751 0 -12.0107
4 16 -3.6232 0 -13.5226 -1.827 0 -13.8796 -1.6965 0 -12.8882 -3.3644 0 -12.5567
4 16 -1.827 0 -13.8796 0 0 -14 0 0 -13 -1.6965 0 -12.8882
4 16 0 0 -14 1.827 0 -13.8796 1.6965 0 -12.8882 0 0 -13
4 16 1.827 0 -13.8796 3.6232 0 -13.5226 3.3644 0 -12.5567 1.6965 0 -12.8882
4 16 3.6232 0 -13.5226 5.3578 0 -12.9346 4.9751 0 -12.0107 3.3644 0 -12.5567
4 16 5.3578 0 -12.9346 7 0 -12.124 6.5 0 -11.258 4.9751 0 -12.0107
4 16 7 0 -12.124 8.5232 0 -11.1076 7.9144 0 -10.3142 6.5 0 -11.258
4 16 8.5232 0 -11.1076 9.8994 0 -9.8994 9.1923 0 -9.1923 7.9144 0 -10.3142
4 16 9.8994 0 -9.8994 11.1076 0 -8.5232 10.3142 0 -7.9144 9.1923 0 -9.1923
4 16 11.1076 0 -8.5232 12.124 0 -7 11.258 0 -6.5 10.3142 0 -7.9144
4 16 12.124 0 -7 12.9346 0 -5.3578 12.0107 0 -4.9751 11.258 0 -6.5
4 16 12.9346 0 -5.3578 13.5226 0 -3.6232 12.5567 0 -3.3644 12.0107 0 -4.9751
4 16 13.5226 0 -3.6232 13.8796 0 -1.827 12.8882 0 -1.6965 12.5567 0 -3.3644
4 16 13.8796 0 -1.827 14 0 0 13 0 0 12.8882 0 -1.6965
0 FILE parts/6141.dat
0 Plate  1 x  1 Round
0 Name: 6141.dat
0 Author: James Jessiman
0 !LDRAW_ORG Part UPDATE 2015-01
0 !LICENSE Licensed under CC BY 4.0 : see CAreadme.txt

0 BFC CERTIFY CCW

0 !KEYWORDS BrickLink 4073

0 !HISTORY 1998-06-20 [PTadmin] Official Update 1998-06
0 !HISTORY 2003-01-29 [sbliss] Completed header; BFC'ed; misc cleanup
0 !HISTORY 2003-08-01 [PTadmin] Official Update 2003-02
0 !HISTORY 2007-10-26 [PTadmin] Header formatted for Contributor Agreement
0 !HISTORY 2008-07-01 [PTadmin] Official Update 2008-01
0 !HISTORY 2014-11-29 [Steffen] Renamed from 4073
0 !HISTORY 2014-12-28 [MagFors] Primitive substitution
0 !HISTORY 2015-10-11 [PTadmin] Official Update 2015-01


1 16 0 3 0 -1 0 0 0 -1.25 0 0 0 1 stud4.dat
1 16 0 3 0 -6 0 0 0 -1 0 0 0 6 4-4disc.dat
1 16 0 3 0 -2 0 0 0 -1 0 0 0 2 4-4ring4.dat
1 16 0 0 0 10 0 0 0 3 0 0 0 10 4-4cylo.dat
1 16 0 0 0 2 0 0 0 1 0 0 0 2 4-4ring4.dat
1 16 0 0 0 2 0 0 0 1 0 0 0 2 4-4ring3.dat
1 16 0 0 0 1 0 0 0 1 0 0 0 1 stud.dat
0 FILE parts/3062b.dat
0 Brick  1 x  1 Round with Hollow Stud
0 Name: 3062b.dat
0 Author: James Jessiman
0 !LDRAW_ORG Part UPDATE 2022-02
0 !LICENSE Licensed under CC BY 4.0 : see CAreadme.txt

0 BFC CERTIFY CCW

0 !KEYWORDS BrickLink 3062

0 !HISTORY 1998-06-20 [PTadmin] Official Update 1998-06
0 !HISTORY 2003-08-02 [OrionP] Made some primitive subs
0 !HISTORY 2003-08-04 [Steffen] replaced peghole.dat by stud4a.dat
0 !HISTORY 2003-12-19 [PTadmin] Official Update 2003-03
0 !HISTORY 2007-06-10 [PTadmin] Header formatted for Contributor Agreement
0 !HISTORY 2008-07-01 [PTadmin] Official Update 2008-01
0 !HISTORY 2009-03-19 [tchang] Add missing <CR>
0 !HISTORY 2009-09-03 [PTadmin] Official Update 2009-02
0 !HISTORY 2020-12-12 [RainbowDolphin] Subparted for patterns
0 !HISTORY 2022-03-06 [PTadmin] Official Update 2022-02


1 16 0 0 0 1 0 0 0 1 0 0 0 1 s\3062bs01.dat
1 16 0 0 0 10 0 0 0 19 0 0 0 10 4-4cyli.dat
0 FILE parts/s/3062bs01.dat
0 ~Brick  1 x  1 Round with Hollow Stud without Outer Surface
0 Name: s\3062bs01.dat
0 Author: Takeshi Takahashi [RainbowDolphin]
0 !LDRAW_ORG Subpart UPDATE 2022-02
0 !LICENSE Licensed under CC BY 4.0 : see CAreadme.txt

0 BFC CERTIFY CCW

0 !HISTORY 2022-03-06 [PTadmin] Official Update 2022-02


1 16 0 4 0 4 0 0 0 1 0 0 0 4 4-4edge.dat
1 16 0 19 0 10 0 0 0 1 0 0 0 10 4-4edge.dat
1 16 0 0 0 10 0 0 0 1 0 0 0 10 4-4edge.dat
1 16 0 0 0 6 0 0 0 1 0 0 0 6 4-4edge.dat
0 BFC INVERTNEXT
1 16 0 0 0 4 0 0 0 4 0 0 0 4 4-4cyli.dat
1 16 0 0 0 1 0 0 0 1 0 0 0 1 stud2a.dat
1 16 0 0 0 2 0 0 0 1 0 0 0 2 4-4ring3.dat
1 16 0 4 0 2 0 0 0 -1 0 0 0 2 4-4ring2.dat
1 16 0 0 0 2 0 0 0 1 0 0 0 2 4-4ring4.dat
1 16 0 19 0 2 0 0 0 -1 0 0 0 2 4-4ring4.dat
1 16 0 19 0 8 0 0 0 5 0 0 0 8 4-4cylo.dat
1 16 0 4 0 1 0 0 0 -5 0 0 0 -1 stud4od.dat
0 FILE p/stud4od.dat
0 Stud Tube Open without Outer Cylinder and Top Surface
0 Name: stud4od.dat
0 Author: Philippe Hurbain [Philo]
0 !LDRAW_ORG Primitive UPDATE 2013-02
0 !LICENSE Licensed under CC BY 4.0 : see CAreadme.txt

0 !HELP This stud is a "antistud" to be used like a underside stud,
0 !HELP but without the outer cylinder.
0 !HELP 1 47 0 0 0 1 0 0 0 1 0 0 0 1 stud4.dat

0 BFC CERTIFY CCW

0 !HISTORY 2013-12-23 [PTadmin] Official Update 2013-02


1 16 0 -4 0 2 0 0 0 1 0 0 0 2 4-4ring3.dat
0 BFC INVERTNEXT
1 16 0 0 0 -6 0 0 0 -4 0 0 0 6 4-4cylo.dat
0 FILE parts/6255.dat
0 Plant  1 x  1 x  0.667 Round with 3 Large Leaves
0 Name: 6255.dat
0 Author: Philippe Hurbain [Philo]
0 !LDRAW_ORG Part UPDATE 2025-09
0 !LICENSE Licensed under CC BY 4.0 : see CAreadme.txt

0 BFC CERTIFY CCW

0 !KEYWORDS BrickLink x8

0 !HISTORY 2007-08-25 {LEGO Universe Team} Original part shape
0 !HISTORY 2007-11-11 [Philo] File preparation for LDraw Parts. Subparted leaves
0 !HISTORY 2012-03-30 [PTadmin] Official Update 2012-01
0 !HISTORY 2025-09-27 [OrionP] Changed winding to CCW
0 !HISTORY 2025-09-29 [OrionP] Official Update 2025-09

1 16 0 0 0 1 0 0 0 1 0 0 0 1 stud.dat
1 16 0 0 0 0 0 2 0 1 0 -2 0 0 4-4ring3.dat
1 16 0 0 0 0 0 6 0 -1 0 -6 0 0 4-4disc.dat
1 16 0 0 0 0 0 1 0 -4 0 -1 0 0 stud4.dat
1 16 12.56 -12.35 -7.25 -0.87 0 -0.5 0 1 0 0.5 0 -0.87 s\6255s01.dat
1 16 12.56 -12.35 -7.25 -1.53 -4.29 -0.94 -0.64 13.63 0 0.88 2.48 -1.63 48\4-4cyli.dat
1 16 -14.12 -17 -8.15 0.87 0 -0.5 0 1 0 0.5 0 0.87 s\6255s01.dat
1 16 -14.12 -17 -8.15 1.53 5.63 -0.94 -0.64 17.85 0 0.88 3.25 1.63 48\4-4cyli.dat
1 16 0 -22 18 0 0 1 0 1 0 -1 0 0 s\6255s01.dat
1 16 0 -22 18 0 0 1.88 -0.64 23.02 0 -1.77 -8.38 0 48\4-4cyli.dat
4 16 1.88 0 7.63 1.88 0 10 -1.88 0 10 -1.88 0 7.63
4 16 -1.88 5 7.63 -1.88 5 10 1.88 5 10 1.88 5 7.63
4 16 1.88 0 10 1.88 0 7.63 1.88 5 7.63 1.88 5 10
4 16 -1.88 5 10 -1.88 5 7.63 -1.88 0 7.63 -1.88 0 10
1 16 0 0 10 1.88 0 0 0 5 0 0 0 1.88 2-4cyli.dat
1 16 0 5 10 1.88 0 0 0 -1 0 0 0 1.88 2-4edge.dat
1 16 0 0 10 -1.88 0 0 0 -1 0 0 0 -2 2-4edge.dat
1 16 0 5 10 1.88 0 0 0 -1 0 0 0 1.88 2-4disc.dat
2 24 0 5 8 1.88 5 7.63
2 24 -1.88 5 7.63 0 5 8
2 24 1.88 0 7.63 1.88 5 7.63
2 24 -1.88 0 7.63 -1.88 5 7.63
2 24 -1.88 5 7.63 -1.88 5 10
2 24 1.88 5 7.63 1.88 5 10
2 24 -1.88 0 7.63 -1.88 0 10
2 24 1.88 0 7.63 1.88 0 10
4 16 5.12 0 -5.13 7.72 0 -6.63 9.6 0 -3.37 7 0 -1.87
4 16 7 5 -1.87 9.6 5 -3.37 7.72 5 -6.63 5.12 5 -5.13
4 16 7.72 5 -6.63 7.72 0 -6.63 5.77 0 -5.5 5.77 5 -5.5
4 16 9.6 5 -3.37 7.56 5 -2.19 7.56 0 -2.19 9.6 0 -3.37
1 16 8.66 0 -5 -0.94 0 1.63 0 5 0 -1.63 0 -0.94 2-4cyli.dat
1 16 8.66 5 -5 -0.94 0 1.63 0 -1 0 -1.63 0 -0.94 2-4edge.dat
1 16 8.66 0 -5 0.94 0 -1.73 0 -1 0 1.63 0 1 2-4edge.dat
1 16 8.66 5 -5 -0.94 0 1.63 0 -1 0 -1.63 0 -0.94 2-4disc.dat
2 24 7.39 5 -3.06 5.77 5 -5.5
2 24 7.56 5 -2.19 7.39 5 -3.06
2 24 5.77 0 -5.5 5.77 5 -5.5
2 24 7.56 0 -2.19 7.56 5 -2.19
2 24 5.77 0 -5.5 7.72 0 -6.63
2 24 9.6 0 -3.37 7.56 0 -2.19
2 24 7.56 5 -2.19 9.6 5 -3.37
2 24 5.77 5 -5.5 7.72 5 -6.63
4 16 -7 0 -1.87 -9.6 0 -3.37 -7.72 0 -6.63 -5.12 0 -5.13
4 16 -5.12 5 -5.13 -7.72 5 -6.63 -9.6 5 -3.37 -7 5 -1.87
4 16 -5.77 5 -5.5 -5.77 0 -5.5 -7.72 0 -6.63 -7.72 5 -6.63
4 16 -9.6 0 -3.37 -7.56 0 -2.19 -7.56 5 -2.19 -9.6 5 -3.37
1 16 -8.66 0 -5 0.94 0 -1.63 0 5 0 -1.63 0 -0.94 2-4cyli.dat
1 16 -8.66 5 -5 0.94 0 -1.63 0 -1 0 -1.63 0 -0.94 2-4edge.dat
1 16 -8.66 0 -5 -0.94 0 1.73 0 -1 0 1.63 0 1 2-4edge.dat
1 16 -8.66 5 -5 0.94 0 -1.63 0 -1 0 -1.63 0 -0.94 2-4disc.dat
2 24 -7.39 5 -3.06 -5.77 5 -5.5
2 24 -7.56 5 -2.19 -7.39 5 -3.06
2 24 -5.77 0 -5.5 -5.77 5 -5.5
2 24 -7.56 0 -2.19 -7.56 5 -2.19
2 24 -5.77 0 -5.5 -7.72 0 -6.63
2 24 -9.6 0 -3.37 -7.56 0 -2.19
2 24 -7.56 5 -2.19 -9.6 5 -3.37
2 24 -5.77 5 -5.5 -7.72 5 -6.63
0
0 FILE parts/s/6255s01.dat
0 ~Plant  1 x  1 x  0.667 Round with 3 Large Leaves - Leaf
0 Name: s\6255s01.dat
0 Author: Philippe Hurbain [Philo]
0 !LDRAW_ORG Subpart UPDATE 2012-01
0 !LICENSE Licensed under CC BY 4.0 : see CAreadme.txt

0 BFC CERTIFY CCW

0 !HISTORY 2007-08-25 {LEGO Universe Team} Original part shape
0 !HISTORY 2007-11-11 [Philo] File preparation for LDraw Parts
0 !HISTORY 2012-03-30 [PTadmin] Official Update 2012-01


3 16 -14.08 -1.39 0.66 -14.03 -1.59 0.93 -13.14 -1.12 0.64
3 16 -14.03 -1.59 0.93 -14.08 -1.39 0.66 -15.01 -1.66 0.66
3 16 -13.14 -1.12 -0.64 -13.2 -1.33 -0.9 -14.08 -1.39 -0.64
3 16 -12.21 -0.85 -0.62 -13.2 -1.33 -0.9 -13.14 -1.12 -0.64
3 16 -15.98 -1.79 -0.35 -15.05 -1.52 -0.34 -15.95 -1.92 -0.68
3 16 -16.92 -2.06 -0.36 -15.98 -1.79 -0.35 -15.95 -1.92 -0.68
3 16 -14.96 -1.85 -0.94 -15.9 -2.12 -0.96 -15.01 -1.65 -0.66
3 16 -14.02 -1.59 -0.93 -14.96 -1.85 -0.94 -15.01 -1.65 -0.66
3 16 -15.9 -2.12 -0.96 -15.95 -1.92 -0.68 -15.01 -1.65 -0.66
3 16 -15.95 -1.92 -0.68 -15.9 -2.12 -0.96 -16.88 -2.19 -0.7
3 16 0.86 2.41 1.88 0.41 1.17 1.87 0.85 1.17 1.83
3 16 0.86 2.41 1.88 0.85 1.17 1.83 1.29 2.41 1.83
5 24 0.86 2.41 1.88 0.85 1.17 1.83 0.41 1.17 1.87 1.29 2.41 1.83
4 16 1.3 3.64 1.88 0.86 2.41 1.88 1.29 2.41 1.83 1.73 3.64 1.83
4 16 -5.03 -3.25 13 -8.23 -3.81 13.15 -8.14 -4.11 11.38 -4.98 -3.46 11.82
3 16 -8.31 -3.5 14.76 -8.23 -3.81 13.15 -5.03 -3.25 13
2 24 -5.03 -3.25 13 -8.31 -3.5 14.76
3 16 -4.98 -3.46 11.82 -8.14 -4.11 11.38 -4.92 -3.71 10.2
3 16 -4.98 -3.46 11.82 -4.92 -3.71 10.2 -2.84 -3.24 10.66
5 24 -4.98 -3.46 11.82 -4.92 -3.71 10.2 -8.14 -4.11 11.38 -2.84 -3.24 10.66
3 16 -2.19 -3.35 8.87 -2.84 -3.24 10.66 -4.92 -3.71 10.2
2 24 -2.19 -3.35 8.87 -2.84 -3.24 10.66
3 16 -11.46 -4.5 12.07 -8.14 -4.11 11.38 -8.23 -3.81 13.15
3 16 -11.59 -4.17 13.91 -11.46 -4.5 12.07 -8.23 -3.81 13.15
3 16 -8.31 -3.5 14.76 -11.59 -4.17 13.91 -8.23 -3.81 13.15
3 16 -11.71 -3.81 15.64 -11.59 -4.17 13.91 -8.31 -3.5 14.76
2 24 -8.31 -3.5 14.76 -11.71 -3.81 15.64
4 16 -4.92 -3.71 10.2 -8.06 -4.35 9.61 -4.88 -3.88 8.58 -2.19 -3.35 8.87
3 16 -8.14 -4.11 11.38 -8.06 -4.35 9.61 -4.92 -3.71 10.2
4 16 -4.88 -3.88 8.58 -8 -4.49 7.83 -4.85 -3.97 6.96 -2.02 -3.44 7.36
3 16 -8.06 -4.35 9.61 -8 -4.49 7.83 -4.88 -3.88 8.58
3 16 -2.09 -3.48 5.96 -2.02 -3.44 7.36 -4.85 -3.97 6.96
2 24 -2.09 -3.48 5.96 -2.02 -3.44 7.36
3 16 -11.27 -4.94 8.35 -8 -4.49 7.83 -8.06 -4.35 9.61
3 16 -11.36 -4.77 10.21 -11.27 -4.94 8.35 -8.06 -4.35 9.61
3 16 -8.14 -4.11 11.38 -11.36 -4.77 10.21 -8.06 -4.35 9.61
3 16 -11.46 -4.5 12.07 -11.36 -4.77 10.21 -8.14 -4.11 11.38
3 16 -2.02 -3.44 7.36 -2.19 -3.35 8.87 -4.88 -3.88 8.58
2 24 -2.02 -3.44 7.36 -2.19 -3.35 8.87
4 16 -18.68 -4.33 15.14 -18.5 -4.68 13.49 -15.04 -4.48 14 -15.21 -4.12 15.74
2 24 -15.21 -4.12 15.74 -18.68 -4.33 15.14
4 16 -18.5 -4.68 13.49 -18.3 -5 11.72 -14.88 -4.82 12.16 -15.04 -4.48 14
4 16 -14.88 -4.82 12.16 -11.46 -4.5 12.07 -11.59 -4.17 13.91 -15.04 -4.48 14
4 16 -21.88 -4.66 12.46 -21.65 -4.95 10.81 -18.3 -5 11.72 -18.5 -4.68 13.49
4 16 -22.07 -4.36 13.91 -21.88 -4.66 12.46 -18.5 -4.68 13.49 -18.68 -4.33 15.14
2 24 -18.68 -4.33 15.14 -22.07 -4.36 13.91
4 16 -18.3 -5 11.72 -18.1 -5.25 9.94 -14.72 -5.09 10.31 -14.88 -4.82 12.16
4 16 -17.91 -5.41 8.17 -14.58 -5.27 8.46 -14.72 -5.09 10.31 -18.1 -5.25 9.94
4 16 -14.58 -5.27 8.46 -11.27 -4.94 8.35 -11.36 -4.77 10.21 -14.72 -5.09 10.31
3 16 -21.42 -5.17 9.17 -21.19 -5.29 7.52 -17.91 -5.41 8.17
3 16 -18.1 -5.25 9.94 -21.42 -5.17 9.17 -17.91 -5.41 8.17
3 16 -21.65 -4.95 10.81 -21.42 -5.17 9.17 -18.1 -5.25 9.94
3 16 -18.3 -5 11.72 -21.65 -4.95 10.81 -18.1 -5.25 9.94
4 16 -11.36 -4.77 10.21 -11.46 -4.5 12.07 -14.88 -4.82 12.16 -14.72 -5.09 10.31
4 16 -11.71 -3.81 15.64 -15.21 -4.12 15.74 -15.04 -4.48 14 -11.59 -4.17 13.91
2 24 -11.71 -3.81 15.64 -15.21 -4.12 15.74
4 16 -4.85 -3.97 6.96 -7.96 -4.51 6.06 -4.83 -3.96 5.34 -2.09 -3.48 5.96
3 16 -8 -4.49 7.83 -7.96 -4.51 6.06 -4.85 -3.97 6.96
4 16 -4.83 -3.96 5.34 -7.94 -4.42 4.29 -4.84 -3.86 3.72 -2.31 -3.49 4.6
3 16 -7.96 -4.51 6.06 -7.94 -4.42 4.29 -4.83 -3.96 5.34
3 16 -2.7 -3.45 3.22 -2.31 -3.49 4.6 -4.84 -3.86 3.72
2 24 -2.7 -3.45 3.22 -2.31 -3.49 4.6
4 16 -11.12 -4.9 4.65 -7.94 -4.42 4.29 -7.96 -4.51 6.06 -11.18 -4.98 6.5
3 16 -8 -4.49 7.83 -11.18 -4.98 6.5 -7.96 -4.51 6.06
3 16 -11.27 -4.94 8.35 -11.18 -4.98 6.5 -8 -4.49 7.83
4 16 -4.84 -3.86 3.72 -7.94 -4.22 2.49 -4.86 -3.66 2.07 -2.7 -3.45 3.22
3 16 -7.94 -4.42 4.29 -7.94 -4.22 2.49 -4.84 -3.86 3.72
3 16 -6.59 -3.25 0.88 -4.86 -3.66 2.07 -7.94 -4.22 2.49
3 16 -9.77 -3.76 1.11 -6.59 -3.25 0.88 -7.94 -4.22 2.49
3 16 -6.59 -3.25 0.88 -3.24 -3.35 1.81 -4.86 -3.66 2.07
3 16 -3.69 -2.74 0.63 -3.24 -3.35 1.81 -6.59 -3.25 0.88
2 24 -3.69 -2.74 0.63 -3.24 -3.35 1.81
4 16 -9.77 -3.76 1.11 -7.94 -4.22 2.49 -11.07 -4.7 2.78 -12.96 -4.18 1.27
4 16 -7.94 -4.22 2.49 -7.94 -4.42 4.29 -11.12 -4.9 4.65 -11.07 -4.7 2.78
3 16 -3.24 -3.35 1.81 -2.7 -3.45 3.22 -4.86 -3.66 2.07
2 24 -3.24 -3.35 1.81 -2.7 -3.45 3.22
4 16 -17.91 -5.41 8.17 -17.72 -5.44 6.39 -14.45 -5.31 6.61 -14.58 -5.27 8.46
4 16 -14.45 -5.31 6.61 -17.72 -5.44 6.39 -17.53 -5.36 4.62 -14.33 -5.24 4.77
4 16 -11.12 -4.9 4.65 -11.18 -4.98 6.5 -14.45 -5.31 6.61 -14.33 -5.24 4.77
4 16 -20.95 -5.31 5.88 -20.7 -5.23 4.24 -17.53 -5.36 4.62 -17.72 -5.44 6.39
3 16 -21.19 -5.29 7.52 -20.95 -5.31 5.88 -17.72 -5.44 6.39
3 16 -17.91 -5.41 8.17 -21.19 -5.29 7.52 -17.72 -5.44 6.39
4 16 -14.33 -5.24 4.77 -17.53 -5.36 4.62 -17.33 -5.18 2.82 -14.22 -5.04 2.88
3 16 -16.2 -4.41 1.32 -14.22 -5.04 2.88 -17.33 -5.18 2.82
3 16 -12.96 -4.18 1.27 -14.22 -5.04 2.88 -16.2 -4.41 1.32
3 16 -12.96 -4.18 1.27 -11.07 -4.7 2.78 -14.22 -5.04 2.88
3 16 -19.45 -4.39 1.25 -16.2 -4.41 1.32 -20.43 -5.04 2.58
3 16 -17.33 -5.18 2.82 -20.43 -5.04 2.58 -16.2 -4.41 1.32
3 16 -17.53 -5.36 4.62 -20.7 -5.23 4.24 -20.43 -5.04 2.58
3 16 -17.53 -5.36 4.62 -20.43 -5.04 2.58 -17.33 -5.18 2.82
5 24 -17.53 -5.36 4.62 -20.43 -5.04 2.58 -20.7 -5.23 4.24 -17.33 -5.18 2.82
4 16 -11.07 -4.7 2.78 -11.12 -4.9 4.65 -14.33 -5.24 4.77 -14.22 -5.04 2.88
4 16 -11.18 -4.98 6.5 -11.27 -4.94 8.35 -14.58 -5.27 8.46 -14.45 -5.31 6.61
3 16 -2.31 -3.49 4.6 -2.09 -3.48 5.96 -4.83 -3.96 5.34
2 24 -2.31 -3.49 4.6 -2.09 -3.48 5.96
3 16 -28.41 -3.51 10.14 -28.27 -3.65 9.43 -25.15 -4.31 11.08
3 16 -28.27 -3.65 9.43 -24.9 -4.56 9.6 -25.15 -4.31 11.08
5 24 -28.27 -3.65 9.43 -25.15 -4.31 11.08 -28.41 -3.51 10.14 -24.9 -4.56 9.6
3 16 -25.33 -4.09 12.2 -28.41 -3.51 10.14 -25.15 -4.31 11.08
2 24 -25.33 -4.09 12.2 -28.41 -3.51 10.14
3 16 -28.27 -3.65 9.43 -28 -3.84 8.13 -24.9 -4.56 9.6
3 16 -21.65 -4.95 10.81 -25.15 -4.31 11.08 -24.9 -4.56 9.6
3 16 -21.88 -4.66 12.46 -25.15 -4.31 11.08 -21.65 -4.95 10.81
4 16 -31.09 -2.78 7.36 -30.82 -2.91 6.29 -27.71 -3.98 6.84 -28 -3.84 8.13
4 16 -28.27 -3.65 9.43 -31.19 -2.72 7.75 -31.09 -2.78 7.36 -28 -3.84 8.13
3 16 -28.41 -3.51 10.14 -31.19 -2.72 7.75 -28.27 -3.65 9.43
2 24 -28.41 -3.51 10.14 -31.19 -2.72 7.75
3 16 -28 -3.84 8.13 -27.71 -3.98 6.84 -24.64 -4.74 8.12
3 16 -24.9 -4.56 9.6 -28 -3.84 8.13 -24.64 -4.74 8.12
3 16 -27.71 -3.98 6.84 -27.42 -4.05 5.54 -24.37 -4.83 6.65
3 16 -24.64 -4.74 8.12 -27.71 -3.98 6.84 -24.37 -4.83 6.65
3 16 -21.19 -5.29 7.52 -24.64 -4.74 8.12 -24.37 -4.83 6.65
3 16 -21.42 -5.17 9.17 -24.64 -4.74 8.12 -21.19 -5.29 7.52
3 16 -30.55 -2.99 5.22 -30.25 -3.03 4.15 -27.42 -4.05 5.54
4 16 -27.71 -3.98 6.84 -30.82 -2.91 6.29 -30.55 -2.99 5.22 -27.42 -4.05 5.54
3 16 -21.42 -5.17 9.17 -24.9 -4.56 9.6 -24.64 -4.74 8.12
3 16 -21.65 -4.95 10.81 -24.9 -4.56 9.6 -21.42 -5.17 9.17
3 16 -33.57 -1.66 4.99 -35.16 -0.59 2.66 -33.33 -1.74 4.18
2 24 -33.57 -1.66 4.99 -35.16 -0.59 2.66
4 16 -33.33 -1.74 4.18 -30.55 -2.99 5.22 -30.82 -2.91 6.29 -33.57 -1.66 4.99
3 16 -31.09 -2.78 7.36 -33.57 -1.66 4.99 -30.82 -2.91 6.29
3 16 -35.16 -0.59 2.66 -33.08 -1.77 3.37 -33.33 -1.74 4.18
4 16 -35.61 -0.25 1.92 -32.83 -1.77 2.55 -33.08 -1.77 3.37 -35.16 -0.59 2.66
2 24 -35.16 -0.59 2.66 -35.61 -0.25 1.92
4 16 -35.32 -0.23 1.04 -32.56 -1.76 1.71 -32.83 -1.77 2.55 -35.61 -0.25 1.92
4 16 -32.83 -1.77 2.55 -29.93 -3.04 3.07 -30.25 -3.03 4.15 -33.08 -1.77 3.37
3 16 -30.55 -2.99 5.22 -33.08 -1.77 3.37 -30.25 -3.03 4.15
3 16 -35.61 -0.25 1.92 -36.43 0.49 0.42 -35.32 -0.23 1.04
2 24 -35.61 -0.25 1.92 -36.43 0.49 0.42
3 16 -33.08 -1.77 3.37 -30.55 -2.99 5.22 -33.33 -1.74 4.18
3 16 -31.19 -2.72 7.75 -33.57 -1.66 4.99 -31.09 -2.78 7.36
2 24 -31.19 -2.72 7.75 -33.57 -1.66 4.99
3 16 -27.42 -4.05 5.54 -27.1 -4.06 4.24 -24.09 -4.84 5.16
3 16 -24.37 -4.83 6.65 -27.42 -4.05 5.54 -24.09 -4.84 5.16
4 16 -27.1 -4.06 4.24 -26.76 -4.03 2.93 -23.78 -4.78 3.67 -24.09 -4.84 5.16
4 16 -20.7 -5.23 4.24 -20.95 -5.31 5.88 -24.09 -4.84 5.16 -23.78 -4.78 3.67
3 16 -29.93 -3.04 3.07 -29.59 -3.01 1.97 -26.76 -4.03 2.93
3 16 -27.1 -4.06 4.24 -29.93 -3.04 3.07 -26.76 -4.03 2.93
3 16 -30.25 -3.03 4.15 -29.93 -3.04 3.07 -27.1 -4.06 4.24
3 16 -27.42 -4.05 5.54 -30.25 -3.03 4.15 -27.1 -4.06 4.24
3 16 -26.76 -4.03 2.93 -26.41 -3.88 1.63 -23.46 -4.62 2.17
3 16 -23.78 -4.78 3.67 -26.76 -4.03 2.93 -23.46 -4.62 2.17
3 16 -22.68 -4.05 1.03 -23.46 -4.62 2.17 -26.41 -3.88 1.63
3 16 -25.83 -3.37 0.66 -22.68 -4.05 1.03 -26.41 -3.88 1.63
4 16 -22.68 -4.05 1.03 -19.45 -4.39 1.25 -20.43 -5.04 2.58 -23.46 -4.62 2.17
3 16 -25.83 -3.37 0.66 -26.41 -3.88 1.63 -29.22 -2.84 0.93
3 16 -28.88 -2.37 0.18 -25.83 -3.37 0.66 -29.22 -2.84 0.93
3 16 -26.41 -3.88 1.63 -29.59 -3.01 1.97 -29.22 -2.84 0.93
3 16 -26.76 -4.03 2.93 -29.59 -3.01 1.97 -26.41 -3.88 1.63
4 16 -20.43 -5.04 2.58 -20.7 -5.23 4.24 -23.78 -4.78 3.67 -23.46 -4.62 2.17
3 16 -35.32 -0.23 1.04 -35.12 -0.21 0.45 -32.56 -1.76 1.71
3 16 -35.12 -0.21 0.45 -34.88 -0.11 -0.11 -32.27 -1.7 0.89
3 16 -32.56 -1.76 1.71 -35.12 -0.21 0.45 -32.27 -1.7 0.89
3 16 -29.59 -3.01 1.97 -32.56 -1.76 1.71 -32.27 -1.7 0.89
3 16 -29.93 -3.04 3.07 -32.56 -1.76 1.71 -29.59 -3.01 1.97
3 16 -36.75 0.89 -0.3 -34.88 -0.11 -0.11 -35.12 -0.21 0.45
3 16 -36.89 1.24 -0.83 -34.88 -0.11 -0.11 -36.75 0.89 -0.3
2 24 -36.75 0.89 -0.3 -36.89 1.24 -0.83
3 16 -35.32 -0.23 1.04 -36.43 0.49 0.42 -35.12 -0.21 0.45
3 16 -36.75 0.89 -0.3 -35.12 -0.21 0.45 -36.43 0.49 0.42
2 24 -36.43 0.49 0.42 -36.75 0.89 -0.3
3 16 -34.88 -0.11 -0.11 -34.61 0.1 -0.59 -31.94 -1.5 0.16
3 16 -32.27 -1.7 0.89 -34.88 -0.11 -0.11 -31.94 -1.5 0.16
3 16 -31.79 -1.08 -0.37 -31.94 -1.5 0.16 -34.61 0.1 -0.59
3 16 -34.58 0.42 -0.93 -31.79 -1.08 -0.37 -34.61 0.1 -0.59
3 16 -28.88 -2.37 0.18 -29.22 -2.84 0.93 -31.94 -1.5 0.16
3 16 -31.79 -1.08 -0.37 -28.88 -2.37 0.18 -31.94 -1.5 0.16
3 16 -34.58 0.42 -0.93 -34.61 0.1 -0.59 -36.95 1.61 -1.22
3 16 -36.95 1.81 -1.44 -34.58 0.42 -0.93 -36.95 1.61 -1.22
2 24 -36.95 1.61 -1.22 -36.95 1.81 -1.44
3 16 -34.61 0.1 -0.59 -34.88 -0.11 -0.11 -36.89 1.24 -0.83
3 16 -36.95 1.61 -1.22 -34.61 0.1 -0.59 -36.89 1.24 -0.83
2 24 -36.89 1.24 -0.83 -36.95 1.61 -1.22
3 16 -29.22 -2.84 0.93 -32.27 -1.7 0.89 -31.94 -1.5 0.16
3 16 -29.59 -3.01 1.97 -32.27 -1.7 0.89 -29.22 -2.84 0.93
3 16 -29.93 -3.04 3.07 -32.83 -1.77 2.55 -32.56 -1.76 1.71
3 16 -20.95 -5.31 5.88 -24.37 -4.83 6.65 -24.09 -4.84 5.16
3 16 -21.19 -5.29 7.52 -24.37 -4.83 6.65 -20.95 -5.31 5.88
3 16 -21.88 -4.66 12.46 -25.33 -4.09 12.2 -25.15 -4.31 11.08
3 16 -22.07 -4.36 13.91 -25.33 -4.09 12.2 -21.88 -4.66 12.46
2 24 -22.07 -4.36 13.91 -25.33 -4.09 12.2
3 16 -4.21 -3.2 12.41 -5.03 -3.25 13 -4.98 -3.46 11.82
3 16 -4.21 -3.2 12.41 -4.98 -3.46 11.82 -2.84 -3.24 10.66
5 24 -4.21 -3.2 12.41 -4.98 -3.46 11.82 -5.03 -3.25 13 -2.84 -3.24 10.66
2 24 -4.21 -3.2 12.41 -5.03 -3.25 13
2 24 -2.84 -3.24 10.66 -4.21 -3.2 12.41
3 16 -3.24 -1.1 1.81 -4.35 -1.24 1.82 -2.7 -1.2 3.22
2 24 -3.24 -1.1 1.81 -4.35 -1.24 1.82
2 24 -2.7 -1.2 3.22 -3.24 -1.1 1.81
4 16 -4.84 -1.61 3.72 -2.7 -1.2 3.22 -4.35 -1.24 1.82 -5.43 -1.4 1.8
2 24 -4.35 -1.24 1.82 -5.43 -1.4 1.8
3 16 -12.59 -2.12 1.54 -11.07 -2.45 2.78 -11.9 -2.1 1.61
2 24 -11.9 -2.1 1.61 -12.59 -2.12 1.54
3 16 -11.9 -2.1 1.61 -11.07 -2.45 2.78 -10.91 -2.05 1.66
2 24 -10.91 -2.05 1.66 -11.9 -2.1 1.61
3 16 -13.7 -2.07 1.38 -14.22 -2.79 2.88 -12.9 -2.11 1.51
2 24 -12.9 -2.11 1.51 -13.7 -2.07 1.38
3 16 -12.59 -2.12 1.54 -12.9 -2.11 1.51 -14.22 -2.79 2.88
2 24 -12.59 -2.12 1.54 -12.9 -2.11 1.51
3 16 -11.07 -2.45 2.78 -12.59 -2.12 1.54 -14.22 -2.79 2.88
4 16 -5.03 -1 13 -4.98 -1.21 11.82 -8.14 -1.86 11.38 -8.23 -1.56 13.15
3 16 -8.31 -1.25 14.76 -5.03 -1 13 -8.23 -1.56 13.15
2 24 -8.31 -1.25 14.76 -5.03 -1 13
3 16 -4.98 -1.21 11.82 -2.84 -0.99 10.66 -4.92 -1.46 10.2
3 16 -4.98 -1.21 11.82 -4.92 -1.46 10.2 -8.14 -1.86 11.38
5 24 -4.98 -1.21 11.82 -4.92 -1.46 10.2 -2.84 -0.99 10.66 -8.14 -1.86 11.38
3 16 -2.19 -1.1 8.87 -4.92 -1.46 10.2 -2.84 -0.99 10.66
2 24 -2.84 -0.99 10.66 -2.19 -1.1 8.87
3 16 -8.23 -1.56 13.15 -8.14 -1.86 11.38 -11.46 -2.25 12.07
3 16 -11.59 -1.92 13.91 -8.23 -1.56 13.15 -11.46 -2.25 12.07
3 16 -8.31 -1.25 14.76 -8.23 -1.56 13.15 -11.59 -1.92 13.91
3 16 -11.71 -1.56 15.64 -8.31 -1.25 14.76 -11.59 -1.92 13.91
2 24 -11.71 -1.56 15.64 -8.31 -1.25 14.76
4 16 -4.92 -1.46 10.2 -2.19 -1.1 8.87 -4.88 -1.63 8.58 -8.06 -2.1 9.61
3 16 -8.14 -1.86 11.38 -4.92 -1.46 10.2 -8.06 -2.1 9.61
4 16 -4.88 -1.63 8.58 -2.02 -1.19 7.36 -4.85 -1.72 6.96 -8 -2.24 7.83
3 16 -8.06 -2.1 9.61 -4.88 -1.63 8.58 -8 -2.24 7.83
3 16 -2.09 -1.23 5.96 -4.85 -1.72 6.96 -2.02 -1.19 7.36
2 24 -2.02 -1.19 7.36 -2.09 -1.23 5.96
3 16 -8.06 -2.1 9.61 -8 -2.24 7.83 -11.27 -2.69 8.35
3 16 -11.36 -2.52 10.21 -8.06 -2.1 9.61 -11.27 -2.69 8.35
3 16 -8.14 -1.86 11.38 -8.06 -2.1 9.61 -11.36 -2.52 10.21
3 16 -11.46 -2.25 12.07 -8.14 -1.86 11.38 -11.36 -2.52 10.21
3 16 -2.02 -1.19 7.36 -4.88 -1.63 8.58 -2.19 -1.1 8.87
2 24 -2.19 -1.1 8.87 -2.02 -1.19 7.36
4 16 -15.04 -2.23 14 -18.5 -2.43 13.49 -18.68 -2.08 15.14 -15.21 -1.87 15.74
2 24 -18.68 -2.08 15.14 -15.21 -1.87 15.74
4 16 -18.5 -2.43 13.49 -15.04 -2.23 14 -14.88 -2.57 12.16 -18.3 -2.75 11.72
4 16 -14.88 -2.57 12.16 -15.04 -2.23 14 -11.59 -1.92 13.91 -11.46 -2.25 12.07
4 16 -21.88 -2.41 12.46 -18.5 -2.43 13.49 -18.3 -2.75 11.72 -21.65 -2.7 10.81
4 16 -18.5 -2.43 13.49 -21.88 -2.41 12.46 -22.07 -2.11 13.91 -18.68 -2.08 15.14
2 24 -22.07 -2.11 13.91 -18.68 -2.08 15.14
4 16 -14.72 -2.84 10.31 -18.1 -3 9.94 -18.3 -2.75 11.72 -14.88 -2.57 12.16
4 16 -17.91 -3.16 8.17 -18.1 -3 9.94 -14.72 -2.84 10.31 -14.58 -3.02 8.46
4 16 -14.58 -3.02 8.46 -14.72 -2.84 10.31 -11.36 -2.52 10.21 -11.27 -2.69 8.35
3 16 -21.42 -2.92 9.17 -17.91 -3.16 8.17 -21.19 -3.04 7.52
3 16 -18.1 -3 9.94 -17.91 -3.16 8.17 -21.42 -2.92 9.17
3 16 -21.65 -2.7 10.81 -18.1 -3 9.94 -21.42 -2.92 9.17
3 16 -18.3 -2.75 11.72 -18.1 -3 9.94 -21.65 -2.7 10.81
4 16 -11.36 -2.52 10.21 -14.72 -2.84 10.31 -14.88 -2.57 12.16 -11.46 -2.25 12.07
4 16 -11.71 -1.56 15.64 -11.59 -1.92 13.91 -15.04 -2.23 14 -15.21 -1.87 15.74
2 24 -15.21 -1.87 15.74 -11.71 -1.56 15.64
4 16 -4.85 -1.72 6.96 -2.09 -1.23 5.96 -4.83 -1.71 5.34 -7.96 -2.26 6.06
3 16 -8 -2.24 7.83 -4.85 -1.72 6.96 -7.96 -2.26 6.06
4 16 -4.83 -1.71 5.34 -2.31 -1.24 4.6 -4.84 -1.61 3.72 -7.94 -2.17 4.29
3 16 -7.96 -2.26 6.06 -4.83 -1.71 5.34 -7.94 -2.17 4.29
3 16 -2.7 -1.2 3.22 -4.84 -1.61 3.72 -2.31 -1.24 4.6
2 24 -2.31 -1.24 4.6 -2.7 -1.2 3.22
4 16 -7.96 -2.26 6.06 -7.94 -2.17 4.29 -11.12 -2.65 4.65 -11.18 -2.73 6.5
3 16 -8 -2.24 7.83 -7.96 -2.26 6.06 -11.18 -2.73 6.5
3 16 -11.27 -2.69 8.35 -8 -2.24 7.83 -11.18 -2.73 6.5
3 16 -4.84 -1.61 3.72 -5.43 -1.4 1.8 -7.94 -1.97 2.49
3 16 -7.94 -2.17 4.29 -4.84 -1.61 3.72 -7.94 -1.97 2.49
3 16 -8.17 -1.78 1.76 -7.94 -1.97 2.49 -5.43 -1.4 1.8
2 24 -5.43 -1.4 1.8 -8.17 -1.78 1.76
3 16 -10.91 -2.05 1.66 -7.94 -1.97 2.49 -8.17 -1.78 1.76
2 24 -8.17 -1.78 1.76 -10.91 -2.05 1.66
3 16 -11.07 -2.45 2.78 -7.94 -1.97 2.49 -10.91 -2.05 1.66
4 16 -7.94 -1.97 2.49 -11.07 -2.45 2.78 -11.12 -2.65 4.65 -7.94 -2.17 4.29
4 16 -14.45 -3.06 6.61 -17.72 -3.19 6.39 -17.91 -3.16 8.17 -14.58 -3.02 8.46
4 16 -14.45 -3.06 6.61 -14.33 -2.99 4.77 -17.53 -3.11 4.62 -17.72 -3.19 6.39
4 16 -11.12 -2.65 4.65 -14.33 -2.99 4.77 -14.45 -3.06 6.61 -11.18 -2.73 6.5
4 16 -20.95 -3.06 5.88 -17.72 -3.19 6.39 -17.53 -3.11 4.62 -20.7 -2.98 4.24
3 16 -17.72 -3.19 6.39 -20.95 -3.06 5.88 -21.19 -3.04 7.52
3 16 -17.91 -3.16 8.17 -17.72 -3.19 6.39 -21.19 -3.04 7.52
4 16 -14.33 -2.99 4.77 -14.22 -2.79 2.88 -17.33 -2.93 2.82 -17.53 -3.11 4.62
3 16 -16.2 -2.16 1.32 -14.22 -2.79 2.88 -14.6 -2.01 1.18
3 16 -14.22 -2.79 2.88 -13.92 -2.05 1.33 -14.6 -2.01 1.18
5 24 -14.22 -2.79 2.88 -14.6 -2.01 1.18 -16.2 -2.16 1.32 -13.92 -2.05 1.33
2 24 -14.6 -2.01 1.18 -13.92 -2.05 1.33
3 16 -17.33 -2.93 2.82 -14.22 -2.79 2.88 -16.2 -2.16 1.32
3 16 -13.92 -2.05 1.33 -14.22 -2.79 2.88 -13.7 -2.07 1.38
2 24 -13.7 -2.07 1.38 -13.92 -2.05 1.33
3 16 -19.45 -2.14 1.25 -20.43 -2.79 2.58 -16.2 -2.16 1.32
3 16 -17.33 -2.93 2.82 -16.2 -2.16 1.32 -20.43 -2.79 2.58
3 16 -20.43 -2.79 2.58 -20.7 -2.98 4.24 -17.53 -3.11 4.62
3 16 -20.43 -2.79 2.58 -17.53 -3.11 4.62 -17.33 -2.93 2.82
5 24 -20.43 -2.79 2.58 -17.53 -3.11 4.62 -20.7 -2.98 4.24 -17.33 -2.93 2.82
4 16 -11.07 -2.45 2.78 -14.22 -2.79 2.88 -14.33 -2.99 4.77 -11.12 -2.65 4.65
4 16 -11.18 -2.73 6.5 -14.45 -3.06 6.61 -14.58 -3.02 8.46 -11.27 -2.69 8.35
3 16 -2.31 -1.24 4.6 -4.83 -1.71 5.34 -2.09 -1.23 5.96
2 24 -2.09 -1.23 5.96 -2.31 -1.24 4.6
3 16 -25.15 -2.06 11.08 -24.9 -2.31 9.6 -28.27 -1.4 9.43
3 16 -25.15 -2.06 11.08 -28.27 -1.4 9.43 -28.41 -1.26 10.14
5 24 -25.15 -2.06 11.08 -28.27 -1.4 9.43 -24.9 -2.31 9.6 -28.41 -1.26 10.14
3 16 -25.33 -1.84 12.2 -25.15 -2.06 11.08 -28.41 -1.26 10.14
2 24 -28.41 -1.26 10.14 -25.33 -1.84 12.2
3 16 -24.9 -2.31 9.6 -28 -1.59 8.13 -28.27 -1.4 9.43
3 16 -21.65 -2.7 10.81 -24.9 -2.31 9.6 -25.15 -2.06 11.08
3 16 -21.88 -2.41 12.46 -21.65 -2.7 10.81 -25.15 -2.06 11.08
4 16 -31.09 -0.53 7.36 -28 -1.59 8.13 -27.71 -1.73 6.84 -30.82 -0.66 6.29
4 16 -28.27 -1.4 9.43 -28 -1.59 8.13 -31.09 -0.53 7.36 -31.19 -0.47 7.75
3 16 -28.41 -1.26 10.14 -28.27 -1.4 9.43 -31.19 -0.47 7.75
2 24 -31.19 -0.47 7.75 -28.41 -1.26 10.14
3 16 -24.64 -2.49 8.12 -27.71 -1.73 6.84 -28 -1.59 8.13
3 16 -24.9 -2.31 9.6 -24.64 -2.49 8.12 -28 -1.59 8.13
3 16 -24.37 -2.58 6.65 -27.42 -1.8 5.54 -27.71 -1.73 6.84
3 16 -24.64 -2.49 8.12 -24.37 -2.58 6.65 -27.71 -1.73 6.84
3 16 -21.19 -3.04 7.52 -24.37 -2.58 6.65 -24.64 -2.49 8.12
3 16 -21.42 -2.92 9.17 -21.19 -3.04 7.52 -24.64 -2.49 8.12
3 16 -30.55 -0.74 5.22 -27.42 -1.8 5.54 -30.25 -0.78 4.15
4 16 -27.71 -1.73 6.84 -27.42 -1.8 5.54 -30.55 -0.74 5.22 -30.82 -0.66 6.29
3 16 -21.42 -2.92 9.17 -24.64 -2.49 8.12 -24.9 -2.31 9.6
3 16 -21.65 -2.7 10.81 -21.42 -2.92 9.17 -24.9 -2.31 9.6
3 16 -33.56 0.58 5.01 -33.33 0.51 4.18 -35.16 1.66 2.66
2 24 -35.16 1.66 2.66 -33.56 0.58 5.01
4 16 -33.33 0.51 4.18 -33.56 0.58 5.01 -30.82 -0.66 6.29 -30.55 -0.74 5.22
3 16 -31.09 -0.53 7.36 -30.82 -0.66 6.29 -33.56 0.58 5.01
3 16 -35.16 1.66 2.66 -33.33 0.51 4.18 -33.08 0.48 3.37
4 16 -35.61 2 1.92 -35.16 1.66 2.66 -33.08 0.48 3.37 -32.83 0.48 2.55
2 24 -35.61 2 1.92 -35.16 1.66 2.66
4 16 -35.61 2 1.92 -32.83 0.48 2.55 -32.56 0.49 1.71 -35.32 2.02 1.04
4 16 -32.83 0.48 2.55 -33.08 0.48 3.37 -30.25 -0.78 4.15 -29.93 -0.79 3.07
3 16 -30.55 -0.74 5.22 -30.25 -0.78 4.15 -33.08 0.48 3.37
3 16 -35.61 2 1.92 -35.32 2.02 1.04 -36.43 2.74 0.42
2 24 -36.43 2.74 0.42 -35.61 2 1.92
3 16 -33.08 0.48 3.37 -33.33 0.51 4.18 -30.55 -0.74 5.22
3 16 -31.19 -0.47 7.75 -31.09 -0.53 7.36 -33.56 0.58 5.01
2 24 -33.56 0.58 5.01 -31.19 -0.47 7.75
3 16 -24.09 -2.59 5.16 -27.1 -1.81 4.24 -27.42 -1.8 5.54
3 16 -24.37 -2.58 6.65 -24.09 -2.59 5.16 -27.42 -1.8 5.54
4 16 -23.78 -2.53 3.67 -26.76 -1.78 2.93 -27.1 -1.81 4.24 -24.09 -2.59 5.16
4 16 -20.7 -2.98 4.24 -23.78 -2.53 3.67 -24.09 -2.59 5.16 -20.95 -3.06 5.88
3 16 -29.93 -0.79 3.07 -26.76 -1.78 2.93 -29.59 -0.76 1.97
3 16 -27.1 -1.81 4.24 -26.76 -1.78 2.93 -29.93 -0.79 3.07
3 16 -27.1 -1.81 4.24 -29.93 -0.79 3.07 -30.25 -0.78 4.15
3 16 -27.42 -1.8 5.54 -27.1 -1.81 4.24 -30.25 -0.78 4.15
3 16 -23.46 -2.37 2.17 -26.41 -1.63 1.63 -26.76 -1.78 2.93
3 16 -23.78 -2.53 3.67 -23.46 -2.37 2.17 -26.76 -1.78 2.93
3 16 -26.41 -1.63 1.63 -23.46 -2.37 2.17 -22.68 -1.8 1.03
3 16 -25.83 -1.12 0.66 -26.41 -1.63 1.63 -22.68 -1.8 1.03
4 16 -22.68 -1.8 1.03 -23.46 -2.37 2.17 -20.43 -2.79 2.58 -19.45 -2.14 1.25
3 16 -29.22 -0.59 0.93 -26.41 -1.63 1.63 -25.83 -1.12 0.66
3 16 -28.88 -0.12 0.18 -29.22 -0.59 0.93 -25.83 -1.12 0.66
3 16 -26.41 -1.63 1.63 -29.22 -0.59 0.93 -29.59 -0.76 1.97
3 16 -26.76 -1.78 2.93 -26.41 -1.63 1.63 -29.59 -0.76 1.97
4 16 -20.43 -2.79 2.58 -23.46 -2.37 2.17 -23.78 -2.53 3.67 -20.7 -2.98 4.24
3 16 -32.56 0.49 1.71 -35.12 2.04 0.45 -35.32 2.02 1.04
3 16 -32.27 0.55 0.89 -34.88 2.14 -0.11 -35.12 2.04 0.45
3 16 -32.56 0.49 1.71 -32.27 0.55 0.89 -35.12 2.04 0.45
3 16 -29.59 -0.76 1.97 -32.27 0.55 0.89 -32.56 0.49 1.71
3 16 -29.93 -0.79 3.07 -29.59 -0.76 1.97 -32.56 0.49 1.71
3 16 -36.75 3.14 -0.3 -35.12 2.04 0.45 -34.88 2.14 -0.11
3 16 -36.89 3.49 -0.83 -36.75 3.14 -0.3 -34.88 2.14 -0.11
2 24 -36.89 3.49 -0.83 -36.75 3.14 -0.3
3 16 -35.32 2.02 1.04 -35.12 2.04 0.45 -36.43 2.74 0.42
3 16 -36.75 3.14 -0.3 -36.43 2.74 0.42 -35.12 2.04 0.45
2 24 -36.75 3.14 -0.3 -36.43 2.74 0.42
3 16 -31.94 0.75 0.16 -34.61 2.35 -0.59 -34.88 2.14 -0.11
3 16 -32.27 0.55 0.89 -31.94 0.75 0.16 -34.88 2.14 -0.11
3 16 -34.61 2.35 -0.59 -31.94 0.75 0.16 -31.79 1.17 -0.37
3 16 -34.58 2.67 -0.93 -34.61 2.35 -0.59 -31.79 1.17 -0.37
3 16 -31.94 0.75 0.16 -29.22 -0.59 0.93 -28.88 -0.12 0.18
3 16 -31.79 1.17 -0.37 -31.94 0.75 0.16 -28.88 -0.12 0.18
3 16 -36.95 3.86 -1.22 -34.61 2.35 -0.59 -34.58 2.67 -0.93
3 16 -36.95 4.06 -1.44 -36.95 3.86 -1.22 -34.58 2.67 -0.93
2 24 -36.95 4.06 -1.44 -36.95 3.86 -1.22
3 16 -34.61 2.35 -0.59 -36.89 3.49 -0.83 -34.88 2.14 -0.11
3 16 -36.95 3.86 -1.22 -36.89 3.49 -0.83 -34.61 2.35 -0.59
2 24 -36.95 3.86 -1.22 -36.89 3.49 -0.83
3 16 -29.22 -0.59 0.93 -31.94 0.75 0.16 -32.27 0.55 0.89
3 16 -29.59 -0.76 1.97 -29.22 -0.59 0.93 -32.27 0.55 0.89
3 16 -29.93 -0.79 3.07 -32.56 0.49 1.71 -32.83 0.48 2.55
3 16 -20.95 -3.06 5.88 -24.09 -2.59 5.16 -24.37 -2.58 6.65
3 16 -21.19 -3.04 7.52 -20.95 -3.06 5.88 -24.37 -2.58 6.65
3 16 -21.88 -2.41 12.46 -25.15 -2.06 11.08 -25.33 -1.84 12.2
3 16 -22.07 -2.11 13.91 -21.88 -2.41 12.46 -25.33 -1.84 12.2
2 24 -25.33 -1.84 12.2 -22.07 -2.11 13.91
3 16 -4.98 -1.21 11.82 -5.03 -1 13 -4.21 -0.95 12.41
3 16 -4.98 -1.21 11.82 -4.21 -0.95 12.41 -2.84 -0.99 10.66
5 24 -4.98 -1.21 11.82 -4.21 -0.95 12.41 -5.03 -1 13 -2.84 -0.99 10.66
2 24 -5.03 -1 13 -4.21 -0.95 12.41
2 24 -4.21 -0.95 12.41 -2.84 -0.99 10.66
3 16 -6.69 -3.26 -0.35 -9.84 -3.77 -0.12 -5.06 -3.72 -1.93
3 16 -6.69 -3.26 -0.35 -5.06 -3.72 -1.93 -3.15 -3.32 -1.85
5 24 -6.69 -3.26 -0.35 -5.06 -3.72 -1.93 -9.84 -3.77 -0.12 -3.15 -3.32 -1.85
3 16 -8.72 -4.39 -1.99 -5.06 -3.72 -1.93 -9.84 -3.77 -0.12
3 16 -5.06 -3.72 -1.93 -8.72 -4.39 -1.99 -5.02 -3.91 -3.74
3 16 -8.64 -4.57 -4.1 -5.02 -3.91 -3.74 -8.72 -4.39 -1.99
3 16 -3.15 -3.32 -1.85 -5.06 -3.72 -1.93 -5.02 -3.91 -3.74
3 16 -2.5 -3.4 -3.29 -3.15 -3.32 -1.85 -5.02 -3.91 -3.74
2 24 -2.5 -3.4 -3.29 -3.15 -3.32 -1.85
4 16 -12.61 -5.15 -4.22 -8.64 -4.57 -4.1 -8.72 -4.39 -1.99 -12.76 -4.98 -1.94
4 16 -9.84 -3.77 -0.12 -13.01 -4.19 0.04 -12.76 -4.98 -1.94 -8.72 -4.39 -1.99
3 16 -5.02 -3.91 -3.74 -8.64 -4.57 -4.1 -4.98 -3.99 -5.53
3 16 -5.02 -3.91 -3.74 -4.98 -3.99 -5.53 -2.06 -3.41 -4.6
5 24 -5.02 -3.91 -3.74 -4.98 -3.99 -5.53 -8.64 -4.57 -4.1 -2.06 -3.41 -4.6
3 16 -8.59 -4.6 -6.2 -4.98 -3.99 -5.53 -8.64 -4.57 -4.1
3 16 -4.98 -3.99 -5.53 -8.59 -4.6 -6.2 -4.97 -3.96 -7.32
3 16 -8.56 -4.47 -8.3 -4.97 -3.96 -7.32 -8.59 -4.6 -6.2
3 16 -1.83 -3.41 -5.9 -2.06 -3.41 -4.6 -4.98 -3.99 -5.53
2 24 -1.83 -3.41 -5.9 -2.06 -3.41 -4.6
4 16 -4.97 -3.96 -7.32 -1.81 -3.39 -7.25 -1.83 -3.41 -5.9 -4.98 -3.99 -5.53
2 24 -1.81 -3.39 -7.25 -1.83 -3.41 -5.9
3 16 -12.48 -5.15 -6.47 -8.56 -4.47 -8.3 -8.59 -4.6 -6.2
3 16 -12.36 -4.96 -8.73 -8.56 -4.47 -8.3 -12.48 -5.15 -6.47
4 16 -12.61 -5.15 -4.22 -12.48 -5.15 -6.47 -8.59 -4.6 -6.2 -8.64 -4.57 -4.1
3 16 -2.06 -3.41 -4.6 -2.5 -3.4 -3.29 -5.02 -3.91 -3.74
2 24 -2.06 -3.41 -4.6 -2.5 -3.4 -3.29
3 16 -16.2 -4.42 0.09 -19.38 -4.4 0.02 -17.04 -5.26 -1.93
3 16 -21.36 -5.04 -2.06 -17.04 -5.26 -1.93 -19.38 -4.4 0.02
3 16 -22.57 -4.07 -0.19 -21.36 -5.04 -2.06 -19.38 -4.4 0.02
3 16 -21.01 -5.27 -4.31 -16.78 -5.45 -4.24 -17.04 -5.26 -1.93
3 16 -21.36 -5.04 -2.06 -21.01 -5.27 -4.31 -17.04 -5.26 -1.93
4 16 -16.78 -5.45 -4.24 -12.61 -5.15 -4.22 -12.76 -4.98 -1.94 -17.04 -5.26 -1.93
3 16 -20.64 -5.32 -6.53 -16.53 -5.45 -6.53 -16.78 -5.45 -4.24
3 16 -21.01 -5.27 -4.31 -20.64 -5.32 -6.53 -16.78 -5.45 -4.24
3 16 -20.23 -5.18 -8.76 -16.28 -5.26 -8.82 -16.53 -5.45 -6.53
3 16 -20.64 -5.32 -6.53 -20.23 -5.18 -8.76 -16.53 -5.45 -6.53
4 16 -16.28 -5.26 -8.82 -12.36 -4.96 -8.73 -12.48 -5.15 -6.47 -16.53 -5.45 -6.53
4 16 -16.53 -5.45 -6.53 -12.48 -5.15 -6.47 -12.61 -5.15 -4.22 -16.78 -5.45 -4.24
3 16 -13.01 -4.19 0.04 -16.2 -4.42 0.09 -12.76 -4.98 -1.94
3 16 -17.04 -5.26 -1.93 -12.76 -4.98 -1.94 -16.2 -4.42 0.09
3 16 -4.97 -3.96 -7.32 -8.56 -4.47 -8.3 -4.99 -3.81 -9.09
4 16 -8.57 -4.2 -10.4 -5.02 -3.57 -10.88 -4.99 -3.81 -9.09 -8.56 -4.47 -8.3
4 16 -8.57 -3.83 -12.49 -5.06 -3.26 -12.65 -5.02 -3.57 -10.88 -8.57 -4.2 -10.4
4 16 -2.08 -3.32 -8.84 -4.99 -3.81 -9.09 -5.02 -3.57 -10.88 -3.13 -3.19 -11.18
2 24 -3.13 -3.19 -11.18 -2.08 -3.32 -8.84
4 16 -1.81 -3.39 -7.25 -4.97 -3.96 -7.32 -4.99 -3.81 -9.09 -2.08 -3.32 -8.84
2 24 -2.08 -3.32 -8.84 -1.81 -3.39 -7.25
3 16 -12.27 -4.62 -11 -8.57 -3.83 -12.49 -8.57 -4.2 -10.4
3 16 -12.19 -4.19 -13.23 -8.57 -3.83 -12.49 -12.27 -4.62 -11
3 16 -8.56 -4.47 -8.3 -12.36 -4.96 -8.73 -8.57 -4.2 -10.4
3 16 -12.27 -4.62 -11 -8.57 -4.2 -10.4 -12.36 -4.96 -8.73
3 16 -8.59 -3.39 -14.56 -5.06 -3.26 -12.65 -8.57 -3.83 -12.49
3 16 -5.09 -3.07 -13.6 -5.06 -3.26 -12.65 -8.59 -3.39 -14.56
3 16 -8.63 -2.98 -16.31 -5.09 -3.07 -13.6 -8.59 -3.39 -14.56
2 24 -8.63 -2.98 -16.31 -5.09 -3.07 -13.6
3 16 -5.09 -3.07 -13.6 -4.1 -3.13 -12.48 -5.06 -3.26 -12.65
2 24 -5.09 -3.07 -13.6 -4.1 -3.13 -12.48
4 16 -3.13 -3.19 -11.18 -5.02 -3.57 -10.88 -5.06 -3.26 -12.65 -4.1 -3.13 -12.48
2 24 -4.1 -3.13 -12.48 -3.13 -3.19 -11.18
3 16 -8.63 -2.98 -16.31 -8.59 -3.39 -14.56 -12.11 -3.67 -15.45
3 16 -12.06 -3.13 -17.5 -8.63 -2.98 -16.31 -12.11 -3.67 -15.45
2 24 -12.06 -3.13 -17.5 -8.63 -2.98 -16.31
3 16 -8.59 -3.39 -14.56 -12.19 -4.19 -13.23 -12.11 -3.67 -15.45
3 16 -8.57 -3.83 -12.49 -12.19 -4.19 -13.23 -8.59 -3.39 -14.56
3 16 -16.28 -5.26 -8.82 -19.8 -4.89 -10.99 -16.03 -4.92 -11.12
3 16 -20.23 -5.18 -8.76 -19.8 -4.89 -10.99 -16.28 -5.26 -8.82
3 16 -16.03 -4.92 -11.12 -19.38 -4.51 -13.21 -15.79 -4.48 -13.39
3 16 -19.8 -4.89 -10.99 -19.38 -4.51 -13.21 -16.03 -4.92 -11.12
4 16 -12.19 -4.19 -13.23 -12.27 -4.62 -11 -16.03 -4.92 -11.12 -15.79 -4.48 -13.39
3 16 -15.79 -4.48 -13.39 -18.94 -4.04 -15.4 -15.55 -3.95 -15.65
3 16 -19.38 -4.51 -13.21 -18.94 -4.04 -15.4 -15.79 -4.48 -13.39
3 16 -18.55 -3.55 -17.36 -15.33 -3.37 -17.78 -15.55 -3.95 -15.65
2 24 -18.55 -3.55 -17.36 -15.33 -3.37 -17.78
3 16 -18.94 -4.04 -15.4 -18.55 -3.55 -17.36 -15.55 -3.95 -15.65
4 16 -15.33 -3.37 -17.78 -12.06 -3.13 -17.5 -12.11 -3.67 -15.45 -15.55 -3.95 -15.65
2 24 -15.33 -3.37 -17.78 -12.06 -3.13 -17.5
4 16 -12.11 -3.67 -15.45 -12.19 -4.19 -13.23 -15.79 -4.48 -13.39 -15.55 -3.95 -15.65
4 16 -12.27 -4.62 -11 -12.36 -4.96 -8.73 -16.28 -5.26 -8.82 -16.03 -4.92 -11.12
3 16 -25.67 -3.39 -0.55 -28.68 -2.4 -1.05 -28.85 -3.08 -2.61
3 16 -25.48 -4.23 -2.37 -25.67 -3.39 -0.55 -28.85 -3.08 -2.61
3 16 -25.48 -4.23 -2.37 -28.85 -3.08 -2.61 -28.43 -3.4 -4.43
3 16 -25.03 -4.51 -4.46 -25.48 -4.23 -2.37 -28.43 -3.4 -4.43
3 16 -21.01 -5.27 -4.31 -21.36 -5.04 -2.06 -25.03 -4.51 -4.46
3 16 -25.48 -4.23 -2.37 -25.03 -4.51 -4.46 -21.36 -5.04 -2.06
3 16 -31.53 -1.78 -2.58 -31.28 -2.09 -3.9 -28.85 -3.08 -2.61
3 16 -28.43 -3.4 -4.43 -28.85 -3.08 -2.61 -31.28 -2.09 -3.9
3 16 -28.68 -2.4 -1.05 -31.53 -1.78 -2.58 -28.85 -3.08 -2.61
3 16 -31.57 -1.12 -1.58 -31.53 -1.78 -2.58 -28.68 -2.4 -1.05
3 16 -25.03 -4.51 -4.46 -28.43 -3.4 -4.43 -27.98 -3.59 -6.24
3 16 -24.56 -4.64 -6.54 -25.03 -4.51 -4.46 -27.98 -3.59 -6.24
3 16 -27.48 -3.67 -8.03 -24.56 -4.64 -6.54 -27.98 -3.59 -6.24
3 16 -24.03 -4.61 -8.61 -24.56 -4.64 -6.54 -27.48 -3.67 -8.03
3 16 -24.03 -4.61 -8.61 -20.23 -5.18 -8.76 -20.64 -5.32 -6.53
3 16 -24.56 -4.64 -6.54 -24.03 -4.61 -8.61 -20.64 -5.32 -6.53
4 16 -30.61 -2.44 -6.56 -27.98 -3.59 -6.24 -28.43 -3.4 -4.43 -30.95 -2.29 -5.25
3 16 -27.48 -3.67 -8.03 -27.98 -3.59 -6.24 -30.61 -2.44 -6.56
3 16 -28.43 -3.4 -4.43 -31.28 -2.09 -3.9 -30.95 -2.29 -5.25
3 16 -20.64 -5.32 -6.53 -21.01 -5.27 -4.31 -24.56 -4.64 -6.54
3 16 -25.03 -4.51 -4.46 -24.56 -4.64 -6.54 -21.01 -5.27 -4.31
3 16 -36.05 1.36 -2.49 -36.78 1.8 -2.64 -36.72 1.56 -2.86
2 24 -36.78 1.8 -2.64 -36.72 1.56 -2.86
4 16 -34.36 0.37 -2.16 -36.05 1.36 -2.49 -36.72 1.56 -2.86 -34.18 -0.15 -2.62
3 16 -36.55 1.14 -3.24 -34.12 -0.47 -3.36 -34.18 -0.15 -2.62
3 16 -36.72 1.56 -2.86 -36.55 1.14 -3.24 -34.18 -0.15 -2.62
2 24 -36.72 1.56 -2.86 -36.55 1.14 -3.24
3 16 -34.12 -0.47 -3.36 -31.53 -1.78 -2.58 -34.18 -0.15 -2.62
4 16 -31.28 -2.09 -3.9 -31.53 -1.78 -2.58 -34.12 -0.47 -3.36 -33.97 -0.66 -4.19
3 16 -36.22 0.76 -3.73 -33.97 -0.66 -4.19 -34.12 -0.47 -3.36
3 16 -36.55 1.14 -3.24 -36.22 0.76 -3.73 -34.12 -0.47 -3.36
2 24 -36.55 1.14 -3.24 -36.22 0.76 -3.73
3 16 -35.28 0.09 -4.63 -33.79 -0.8 -5.01 -33.97 -0.66 -4.19
3 16 -36.22 0.76 -3.73 -35.28 0.09 -4.63 -33.97 -0.66 -4.19
2 24 -36.22 0.76 -3.73 -35.28 0.09 -4.63
3 16 -33.79 -0.8 -5.01 -30.95 -2.29 -5.25 -33.97 -0.66 -4.19
3 16 -30.61 -2.44 -6.56 -30.95 -2.29 -5.25 -33.79 -0.8 -5.01
3 16 -30.95 -2.29 -5.25 -31.28 -2.09 -3.9 -33.97 -0.66 -4.19
3 16 -34.18 -0.15 -2.62 -31.53 -1.78 -2.58 -31.57 -1.12 -1.58
3 16 -34.36 0.37 -2.16 -34.18 -0.15 -2.62 -31.57 -1.12 -1.58
3 16 -24.03 -4.61 -8.61 -27.48 -3.67 -8.03 -26.93 -3.64 -9.81
4 16 -23.47 -4.43 -10.68 -24.03 -4.61 -8.61 -26.93 -3.64 -9.81 -26.34 -3.51 -11.6
3 16 -23.47 -4.43 -10.68 -26.34 -3.51 -11.6 -22.88 -4.16 -12.74
3 16 -19.38 -4.51 -13.21 -19.8 -4.89 -10.99 -22.88 -4.16 -12.74
3 16 -19.38 -4.51 -13.21 -22.88 -4.16 -12.74 -22.27 -3.81 -14.79
5 24 -19.38 -4.51 -13.21 -22.88 -4.16 -12.74 -19.8 -4.89 -10.99 -22.27 -3.81 -14.79
3 16 -23.47 -4.43 -10.68 -22.88 -4.16 -12.74 -19.8 -4.89 -10.99
3 16 -30.26 -2.54 -7.86 -29.87 -2.58 -9.15 -26.93 -3.64 -9.81
3 16 -26.34 -3.51 -11.6 -26.93 -3.64 -9.81 -29.87 -2.58 -9.15
3 16 -27.48 -3.67 -8.03 -30.61 -2.44 -6.56 -30.26 -2.54 -7.86
3 16 -26.93 -3.64 -9.81 -27.48 -3.67 -8.03 -30.26 -2.54 -7.86
3 16 -22.88 -4.16 -12.74 -25.73 -3.32 -13.37 -22.27 -3.81 -14.79
3 16 -26.34 -3.51 -11.6 -25.73 -3.32 -13.37 -22.88 -4.16 -12.74
3 16 -25.52 -3.25 -13.97 -22.27 -3.81 -14.79 -25.73 -3.32 -13.37
3 16 -21.83 -3.52 -16.24 -22.27 -3.81 -14.79 -25.52 -3.25 -13.97
2 24 -25.52 -3.25 -13.97 -21.83 -3.52 -16.24
4 16 -21.83 -3.52 -16.24 -18.94 -4.04 -15.4 -19.38 -4.51 -13.21 -22.27 -3.81 -14.79
3 16 -18.55 -3.55 -17.36 -18.94 -4.04 -15.4 -21.83 -3.52 -16.24
2 24 -21.83 -3.52 -16.24 -18.55 -3.55 -17.36
3 16 -27.62 -3 -12.03 -25.52 -3.25 -13.97 -25.73 -3.32 -13.37
2 24 -27.62 -3 -12.03 -25.52 -3.25 -13.97
3 16 -29.64 -2.58 -9.88 -27.62 -3 -12.03 -26.34 -3.51 -11.6
2 24 -29.64 -2.58 -9.88 -27.62 -3 -12.03
3 16 -29.87 -2.58 -9.15 -29.64 -2.58 -9.88 -26.34 -3.51 -11.6
3 16 -25.73 -3.32 -13.37 -26.34 -3.51 -11.6 -27.62 -3 -12.03
3 16 -35.28 0.09 -4.63 -33.55 -0.95 -6.05 -33.79 -0.8 -5.01
2 24 -35.28 0.09 -4.63 -33.55 -0.95 -6.05
3 16 -31.67 -1.87 -7.75 -29.87 -2.58 -9.15 -30.26 -2.54 -7.86
3 16 -33.55 -0.95 -6.05 -31.67 -1.87 -7.75 -30.26 -2.54 -7.86
2 24 -33.55 -0.95 -6.05 -31.67 -1.87 -7.75
3 16 -31.67 -1.87 -7.75 -29.64 -2.58 -9.88 -29.87 -2.58 -9.15
2 24 -31.67 -1.87 -7.75 -29.64 -2.58 -9.88
3 16 -33.55 -0.95 -6.05 -30.61 -2.44 -6.56 -33.79 -0.8 -5.01
3 16 -30.26 -2.54 -7.86 -30.61 -2.44 -6.56 -33.55 -0.95 -6.05
3 16 -19.8 -4.89 -10.99 -20.23 -5.18 -8.76 -23.47 -4.43 -10.68
3 16 -24.03 -4.61 -8.61 -23.47 -4.43 -10.68 -20.23 -5.18 -8.76
3 16 -22.57 -4.07 -0.19 -25.67 -3.39 -0.55 -25.48 -4.23 -2.37
3 16 -21.36 -5.04 -2.06 -22.57 -4.07 -0.19 -25.48 -4.23 -2.37
3 16 -3.75 -2.75 -0.59 -6.69 -3.26 -0.35 -3.15 -3.32 -1.85
2 24 -3.15 -3.32 -1.85 -3.75 -2.75 -0.59
4 16 -19.38 -2.15 0.02 -18.53 -2.52 -0.38 -18.72 -2.71 -0.73 -22.57 -1.82 -0.19
2 24 -18.53 -2.52 -0.38 -18.72 -2.71 -0.73
3 16 -22.57 -1.82 -0.19 -18.72 -2.71 -0.73 -21.36 -2.79 -2.06
3 16 -19.38 -2.15 0.02 -17.86 -2.28 -0.04 -18.53 -2.52 -0.38
2 24 -17.86 -2.28 -0.04 -18.53 -2.52 -0.38
3 16 -25.48 -1.98 -2.37 -25.67 -1.14 -0.55 -22.57 -1.82 -0.19
3 16 -21.36 -2.79 -2.06 -25.48 -1.98 -2.37 -22.57 -1.82 -0.19
3 16 -17.45 -2.19 0.08 -17.86 -2.28 -0.04 -19.38 -2.15 0.02
2 24 -17.45 -2.19 0.08 -17.86 -2.28 -0.04
3 16 -18.72 -2.71 -0.73 -18.44 -2.84 -1.03 -21.36 -2.79 -2.06
2 24 -18.72 -2.71 -0.73 -18.44 -2.84 -1.03
3 16 -21.36 -2.79 -2.06 -18.44 -2.84 -1.03 -17.7 -2.91 -1.29
2 24 -18.44 -2.84 -1.03 -17.7 -2.91 -1.29
3 16 -16.78 -3.2 -4.24 -15.7 -2.92 -1.58 -14.71 -2.87 -1.65
3 16 -16.78 -3.2 -4.24 -14.71 -2.87 -1.65 -12.61 -2.9 -4.22
5 24 -16.78 -3.2 -4.24 -14.71 -2.87 -1.65 -15.7 -2.92 -1.58 -12.61 -2.9 -4.22
2 24 -15.7 -2.92 -1.58 -14.71 -2.87 -1.65
3 16 -16.78 -3.2 -4.24 -16.7 -2.94 -1.48 -15.7 -2.92 -1.58
2 24 -16.7 -2.94 -1.48 -15.7 -2.92 -1.58
3 16 -12.61 -2.9 -4.22 -14.71 -2.87 -1.65 -13.73 -2.78 -1.71
2 24 -14.71 -2.87 -1.65 -13.73 -2.78 -1.71
4 16 -10.82 -2.42 -1.78 -8.64 -2.32 -4.1 -12.61 -2.9 -4.22 -11.79 -2.56 -1.76
2 24 -11.79 -2.56 -1.76 -10.82 -2.42 -1.78
3 16 -12.76 -2.68 -1.74 -11.79 -2.56 -1.76 -12.61 -2.9 -4.22
2 24 -12.76 -2.68 -1.74 -11.79 -2.56 -1.76
3 16 -2.48 -1.15 -3.32 -4.34 -1.26 -1.82 -3.16 -1.11 -1.84
2 24 -4.34 -1.26 -1.82 -3.16 -1.11 -1.84
2 24 -3.16 -1.11 -1.84 -2.48 -1.15 -3.32
3 16 -5.02 -1.66 -3.74 -4.34 -1.26 -1.82 -2.48 -1.15 -3.32
3 16 -4.34 -1.26 -1.82 -5.02 -1.66 -3.74 -5.4 -1.48 -1.82
2 24 -5.4 -1.48 -1.82 -4.34 -1.26 -1.82
3 16 -21.36 -2.79 -2.06 -17.7 -2.91 -1.29 -16.7 -2.94 -1.48
2 24 -17.7 -2.91 -1.29 -16.7 -2.94 -1.48
3 16 -5.4 -1.48 -1.82 -5.02 -1.66 -3.74 -8.11 -1.98 -1.81
2 24 -8.11 -1.98 -1.81 -5.4 -1.48 -1.82
3 16 -8.64 -2.32 -4.1 -10.82 -2.42 -1.78 -8.11 -1.98 -1.81
3 16 -8.64 -2.32 -4.1 -8.11 -1.98 -1.81 -5.02 -1.66 -3.74
5 24 -8.64 -2.32 -4.1 -8.11 -1.98 -1.81 -10.82 -2.42 -1.78 -5.02 -1.66 -3.74
2 24 -10.82 -2.42 -1.78 -8.11 -1.98 -1.81
3 16 -5.02 -1.66 -3.74 -2.06 -1.16 -4.6 -4.98 -1.74 -5.53
3 16 -5.02 -1.66 -3.74 -4.98 -1.74 -5.53 -8.64 -2.32 -4.1
5 24 -5.02 -1.66 -3.74 -4.98 -1.74 -5.53 -2.06 -1.16 -4.6 -8.64 -2.32 -4.1
3 16 -8.59 -2.35 -6.2 -8.64 -2.32 -4.1 -4.98 -1.74 -5.53
3 16 -4.98 -1.74 -5.53 -4.97 -1.71 -7.32 -8.59 -2.35 -6.2
3 16 -8.56 -2.22 -8.3 -8.59 -2.35 -6.2 -4.97 -1.71 -7.32
3 16 -1.83 -1.16 -5.9 -4.98 -1.74 -5.53 -2.06 -1.16 -4.6
2 24 -2.06 -1.16 -4.6 -1.83 -1.16 -5.9
4 16 -4.97 -1.71 -7.32 -4.98 -1.74 -5.53 -1.83 -1.16 -5.9 -1.81 -1.14 -7.25
2 24 -1.83 -1.16 -5.9 -1.81 -1.14 -7.25
3 16 -12.48 -2.9 -6.47 -8.56 -2.22 -8.3 -12.36 -2.71 -8.73
3 16 -8.59 -2.35 -6.2 -8.56 -2.22 -8.3 -12.48 -2.9 -6.47
4 16 -8.59 -2.35 -6.2 -12.48 -2.9 -6.47 -12.61 -2.9 -4.22 -8.64 -2.32 -4.1
3 16 -2.06 -1.16 -4.6 -5.02 -1.66 -3.74 -2.48 -1.15 -3.32
2 24 -2.48 -1.15 -3.32 -2.06 -1.16 -4.6
4 16 -16.7 -2.94 -1.48 -16.78 -3.2 -4.24 -21.01 -3.02 -4.31 -21.36 -2.79 -2.06
3 16 -12.61 -2.9 -4.22 -13.73 -2.78 -1.71 -12.76 -2.68 -1.74
2 24 -13.73 -2.78 -1.71 -12.76 -2.68 -1.74
3 16 -16.78 -3.2 -4.24 -16.53 -3.2 -6.53 -20.64 -3.07 -6.53
3 16 -21.01 -3.02 -4.31 -16.78 -3.2 -4.24 -20.64 -3.07 -6.53
3 16 -16.53 -3.2 -6.53 -16.28 -3.01 -8.82 -20.23 -2.93 -8.76
3 16 -20.64 -3.07 -6.53 -16.53 -3.2 -6.53 -20.23 -2.93 -8.76
4 16 -16.28 -3.01 -8.82 -16.53 -3.2 -6.53 -12.48 -2.9 -6.47 -12.36 -2.71 -8.73
4 16 -16.53 -3.2 -6.53 -16.78 -3.2 -4.24 -12.61 -2.9 -4.22 -12.48 -2.9 -6.47
3 16 -4.97 -1.71 -7.32 -4.99 -1.56 -9.09 -8.56 -2.22 -8.3
4 16 -8.57 -1.95 -10.4 -8.56 -2.22 -8.3 -4.99 -1.56 -9.09 -5.02 -1.32 -10.88
4 16 -8.57 -1.58 -12.49 -8.57 -1.95 -10.4 -5.02 -1.32 -10.88 -5.06 -1.01 -12.65
4 16 -2.08 -1.07 -8.84 -3.13 -0.94 -11.18 -5.02 -1.32 -10.88 -4.99 -1.56 -9.09
2 24 -2.08 -1.07 -8.84 -3.13 -0.94 -11.18
4 16 -1.81 -1.14 -7.25 -2.08 -1.07 -8.84 -4.99 -1.56 -9.09 -4.97 -1.71 -7.32
2 24 -1.81 -1.14 -7.25 -2.08 -1.07 -8.84
3 16 -12.27 -2.37 -11 -8.57 -1.58 -12.49 -12.19 -1.94 -13.23
3 16 -8.57 -1.95 -10.4 -8.57 -1.58 -12.49 -12.27 -2.37 -11
3 16 -8.56 -2.22 -8.3 -8.57 -1.95 -10.4 -12.36 -2.71 -8.73
3 16 -12.27 -2.37 -11 -12.36 -2.71 -8.73 -8.57 -1.95 -10.4
3 16 -8.59 -1.14 -14.56 -8.57 -1.58 -12.49 -5.06 -1.01 -12.65
3 16 -8.59 -1.14 -14.56 -5.06 -1.01 -12.65 -5.09 -0.82 -13.6
3 16 -8.63 -0.73 -16.31 -8.59 -1.14 -14.56 -5.09 -0.82 -13.6
2 24 -5.09 -0.82 -13.6 -8.63 -0.73 -16.31
3 16 -5.09 -0.82 -13.6 -5.06 -1.01 -12.65 -4.1 -0.88 -12.48
2 24 -4.1 -0.88 -12.48 -5.09 -0.82 -13.6
4 16 -3.13 -0.94 -11.18 -4.1 -0.88 -12.48 -5.06 -1.01 -12.65 -5.02 -1.32 -10.88
2 24 -3.13 -0.94 -11.18 -4.1 -0.88 -12.48
3 16 -12.11 -1.42 -15.45 -8.59 -1.14 -14.56 -8.63 -0.73 -16.31
3 16 -12.06 -0.88 -17.5 -12.11 -1.42 -15.45 -8.63 -0.73 -16.31
2 24 -8.63 -0.73 -16.31 -12.06 -0.88 -17.5
3 16 -8.59 -1.14 -14.56 -12.19 -1.94 -13.23 -8.57 -1.58 -12.49
3 16 -12.11 -1.42 -15.45 -12.19 -1.94 -13.23 -8.59 -1.14 -14.56
3 16 -16.28 -3.01 -8.82 -16.03 -2.67 -11.12 -19.8 -2.64 -10.99
3 16 -20.23 -2.93 -8.76 -16.28 -3.01 -8.82 -19.8 -2.64 -10.99
3 16 -16.03 -2.67 -11.12 -15.79 -2.23 -13.39 -19.38 -2.26 -13.21
3 16 -19.8 -2.64 -10.99 -16.03 -2.67 -11.12 -19.38 -2.26 -13.21
4 16 -12.19 -1.94 -13.23 -15.79 -2.23 -13.39 -16.03 -2.67 -11.12 -12.27 -2.37 -11
3 16 -15.79 -2.23 -13.39 -15.55 -1.7 -15.65 -18.94 -1.79 -15.4
3 16 -19.38 -2.26 -13.21 -15.79 -2.23 -13.39 -18.94 -1.79 -15.4
3 16 -18.55 -1.3 -17.36 -15.55 -1.7 -15.65 -15.33 -1.12 -17.78
2 24 -15.33 -1.12 -17.78 -18.55 -1.3 -17.36
3 16 -18.94 -1.79 -15.4 -15.55 -1.7 -15.65 -18.55 -1.3 -17.36
4 16 -15.33 -1.12 -17.78 -15.55 -1.7 -15.65 -12.11 -1.42 -15.45 -12.06 -0.88 -17.5
2 24 -12.06 -0.88 -17.5 -15.33 -1.12 -17.78
4 16 -12.11 -1.42 -15.45 -15.55 -1.7 -15.65 -15.79 -2.23 -13.39 -12.19 -1.94 -13.23
4 16 -12.27 -2.37 -11 -16.03 -2.67 -11.12 -16.28 -3.01 -8.82 -12.36 -2.71 -8.73
3 16 -25.67 -1.14 -0.55 -28.85 -0.83 -2.61 -28.68 -0.15 -1.05
3 16 -25.48 -1.98 -2.37 -28.85 -0.83 -2.61 -25.67 -1.14 -0.55
3 16 -25.48 -1.98 -2.37 -28.43 -1.15 -4.43 -28.85 -0.83 -2.61
3 16 -25.03 -2.26 -4.46 -28.43 -1.15 -4.43 -25.48 -1.98 -2.37
3 16 -21.01 -3.02 -4.31 -25.03 -2.26 -4.46 -21.36 -2.79 -2.06
3 16 -25.48 -1.98 -2.37 -21.36 -2.79 -2.06 -25.03 -2.26 -4.46
3 16 -31.53 0.47 -2.58 -28.85 -0.83 -2.61 -31.28 0.16 -3.9
3 16 -28.43 -1.15 -4.43 -31.28 0.16 -3.9 -28.85 -0.83 -2.61
3 16 -28.68 -0.15 -1.05 -28.85 -0.83 -2.61 -31.53 0.47 -2.58
3 16 -31.57 1.13 -1.58 -28.68 -0.15 -1.05 -31.53 0.47 -2.58
3 16 -25.03 -2.26 -4.46 -27.98 -1.34 -6.24 -28.43 -1.15 -4.43
3 16 -24.56 -2.39 -6.54 -27.98 -1.34 -6.24 -25.03 -2.26 -4.46
3 16 -27.48 -1.42 -8.03 -27.98 -1.34 -6.24 -24.56 -2.39 -6.54
3 16 -24.03 -2.36 -8.61 -27.48 -1.42 -8.03 -24.56 -2.39 -6.54
3 16 -24.03 -2.36 -8.61 -20.64 -3.07 -6.53 -20.23 -2.93 -8.76
3 16 -24.56 -2.39 -6.54 -20.64 -3.07 -6.53 -24.03 -2.36 -8.61
4 16 -30.61 -0.19 -6.56 -30.95 -0.04 -5.25 -28.43 -1.15 -4.43 -27.98 -1.34 -6.24
3 16 -27.48 -1.42 -8.03 -30.61 -0.19 -6.56 -27.98 -1.34 -6.24
3 16 -30.95 -0.04 -5.25 -31.28 0.16 -3.9 -28.43 -1.15 -4.43
3 16 -20.64 -3.07 -6.53 -24.56 -2.39 -6.54 -21.01 -3.02 -4.31
3 16 -25.03 -2.26 -4.46 -21.01 -3.02 -4.31 -24.56 -2.39 -6.54
3 16 -36.78 4.05 -2.64 -34.36 2.62 -2.16 -36.72 3.81 -2.86
3 16 -34.36 2.62 -2.16 -34.18 2.1 -2.62 -36.72 3.81 -2.86
5 24 -34.36 2.62 -2.16 -36.72 3.81 -2.86 -36.78 4.05 -2.64 -34.18 2.1 -2.62
2 24 -36.72 3.81 -2.86 -36.78 4.05 -2.64
3 16 -34.18 2.1 -2.62 -34.12 1.78 -3.36 -36.55 3.39 -3.24
3 16 -36.72 3.81 -2.86 -34.18 2.1 -2.62 -36.55 3.39 -3.24
2 24 -36.55 3.39 -3.24 -36.72 3.81 -2.86
3 16 -34.12 1.78 -3.36 -34.18 2.1 -2.62 -31.53 0.47 -2.58
4 16 -31.28 0.16 -3.9 -33.97 1.59 -4.19 -34.12 1.78 -3.36 -31.53 0.47 -2.58
3 16 -34.12 1.78 -3.36 -33.97 1.59 -4.19 -36.22 3.01 -3.73
3 16 -36.55 3.39 -3.24 -34.12 1.78 -3.36 -36.22 3.01 -3.73
2 24 -36.22 3.01 -3.73 -36.55 3.39 -3.24
3 16 -33.97 1.59 -4.19 -33.79 1.45 -5.01 -35.28 2.34 -4.63
3 16 -36.22 3.01 -3.73 -33.97 1.59 -4.19 -35.28 2.34 -4.63
2 24 -35.28 2.34 -4.63 -36.22 3.01 -3.73
3 16 -33.79 1.45 -5.01 -33.97 1.59 -4.19 -30.95 -0.04 -5.25
3 16 -30.61 -0.19 -6.56 -33.79 1.45 -5.01 -30.95 -0.04 -5.25
3 16 -30.95 -0.04 -5.25 -33.97 1.59 -4.19 -31.28 0.16 -3.9
3 16 -34.18 2.1 -2.62 -31.57 1.13 -1.58 -31.53 0.47 -2.58
3 16 -34.36 2.62 -2.16 -31.57 1.13 -1.58 -34.18 2.1 -2.62
3 16 -24.03 -2.36 -8.61 -26.93 -1.39 -9.81 -27.48 -1.42 -8.03
4 16 -23.47 -2.18 -10.68 -26.34 -1.26 -11.6 -26.93 -1.39 -9.81 -24.03 -2.36 -8.61
3 16 -22.88 -1.91 -12.74 -26.34 -1.26 -11.6 -23.47 -2.18 -10.68
3 16 -19.38 -2.26 -13.21 -22.27 -1.56 -14.79 -22.88 -1.91 -12.74
3 16 -19.38 -2.26 -13.21 -22.88 -1.91 -12.74 -19.8 -2.64 -10.99
5 24 -19.38 -2.26 -13.21 -22.88 -1.91 -12.74 -22.27 -1.56 -14.79 -19.8 -2.64 -10.99
3 16 -23.47 -2.18 -10.68 -19.8 -2.64 -10.99 -22.88 -1.91 -12.74
3 16 -30.26 -0.29 -7.86 -26.93 -1.39 -9.81 -29.87 -0.33 -9.15
3 16 -26.34 -1.26 -11.6 -29.87 -0.33 -9.15 -26.93 -1.39 -9.81
3 16 -27.48 -1.42 -8.03 -30.26 -0.29 -7.86 -30.61 -0.19 -6.56
3 16 -26.93 -1.39 -9.81 -30.26 -0.29 -7.86 -27.48 -1.42 -8.03
3 16 -22.88 -1.91 -12.74 -25.73 -1.07 -13.37 -26.34 -1.26 -11.6
3 16 -22.27 -1.56 -14.79 -25.73 -1.07 -13.37 -22.88 -1.91 -12.74
3 16 -25.52 -1 -13.97 -25.73 -1.07 -13.37 -22.27 -1.56 -14.79
3 16 -21.83 -1.27 -16.24 -25.52 -1 -13.97 -22.27 -1.56 -14.79
2 24 -21.83 -1.27 -16.24 -25.52 -1 -13.97
4 16 -21.83 -1.27 -16.24 -22.27 -1.56 -14.79 -19.38 -2.26 -13.21 -18.94 -1.79 -15.4
3 16 -18.55 -1.3 -17.36 -21.83 -1.27 -16.24 -18.94 -1.79 -15.4
2 24 -18.55 -1.3 -17.36 -21.83 -1.27 -16.24
3 16 -27.62 -0.75 -12.03 -25.73 -1.07 -13.37 -25.52 -1 -13.97
2 24 -25.52 -1 -13.97 -27.62 -0.75 -12.03
3 16 -29.64 -0.33 -9.88 -26.34 -1.26 -11.6 -27.62 -0.75 -12.03
2 24 -27.62 -0.75 -12.03 -29.64 -0.33 -9.88
3 16 -29.87 -0.33 -9.15 -26.34 -1.26 -11.6 -29.64 -0.33 -9.88
3 16 -25.73 -1.07 -13.37 -27.62 -0.75 -12.03 -26.34 -1.26 -11.6
3 16 -35.28 2.34 -4.63 -33.79 1.45 -5.01 -33.55 1.3 -6.05
2 24 -33.55 1.3 -6.05 -35.28 2.34 -4.63
3 16 -30.26 -0.29 -7.86 -29.87 -0.33 -9.15 -31.67 0.38 -7.75
3 16 -33.55 1.3 -6.05 -30.26 -0.29 -7.86 -31.67 0.38 -7.75
2 24 -31.67 0.38 -7.75 -33.55 1.3 -6.05
3 16 -31.67 0.38 -7.75 -29.87 -0.33 -9.15 -29.64 -0.33 -9.88
2 24 -29.64 -0.33 -9.88 -31.67 0.38 -7.75
3 16 -33.55 1.3 -6.05 -33.79 1.45 -5.01 -30.61 -0.19 -6.56
3 16 -30.26 -0.29 -7.86 -33.55 1.3 -6.05 -30.61 -0.19 -6.56
3 16 -19.8 -2.64 -10.99 -23.47 -2.18 -10.68 -20.23 -2.93 -8.76
3 16 -24.03 -2.36 -8.61 -20.23 -2.93 -8.76 -23.47 -2.18 -10.68
3 16 -16.99 -2.06 0.3 -15.99 -1.74 0.01 -16.93 -2.01 0
3 16 -15.98 -1.79 0.36 -15.99 -1.74 0.01 -16.99 -2.06 0.3
3 16 -15.7 -2.92 -1.58 -14.76 -2.67 -1.56 -14.71 -2.87 -1.65
3 16 -17.7 -2.91 -1.29 -16.78 -2.61 -1.22 -16.7 -2.94 -1.48
3 16 -15.78 -2.62 -1.41 -14.84 -2.37 -1.39 -14.76 -2.67 -1.56
3 16 -15.7 -2.92 -1.58 -16.7 -2.94 -1.48 -15.78 -2.62 -1.41
3 16 -15.7 -2.92 -1.58 -15.78 -2.62 -1.41 -14.76 -2.67 -1.56
5 24 -15.7 -2.92 -1.58 -15.78 -2.62 -1.41 -16.7 -2.94 -1.48 -14.76 -2.67 -1.56
3 16 -14.84 -2.37 -1.39 -15.78 -2.62 -1.41 -15.83 -2.35 -1.21
3 16 -14.84 -2.37 -1.39 -15.83 -2.35 -1.21 -14.89 -2.09 -1.19
5 24 -14.84 -2.37 -1.39 -15.83 -2.35 -1.21 -15.78 -2.62 -1.41 -14.89 -2.09 -1.19
3 16 -15.83 -2.35 -1.21 -15.78 -2.62 -1.41 -16.78 -2.61 -1.22
3 16 -15.78 -2.62 -1.41 -16.7 -2.94 -1.48 -16.78 -2.61 -1.22
5 24 -15.78 -2.62 -1.41 -16.78 -2.61 -1.22 -15.83 -2.35 -1.21 -16.7 -2.94 -1.48
3 16 -13.73 -2.78 -1.71 -12.8 -2.53 -1.68 -12.76 -2.68 -1.74
3 16 -13.82 -2.43 -1.56 -12.88 -2.19 -1.53 -12.8 -2.53 -1.68
3 16 -13.73 -2.78 -1.71 -14.71 -2.87 -1.65 -13.82 -2.43 -1.56
3 16 -13.73 -2.78 -1.71 -13.82 -2.43 -1.56 -12.8 -2.53 -1.68
5 24 -13.73 -2.78 -1.71 -13.82 -2.43 -1.56 -14.71 -2.87 -1.65 -12.8 -2.53 -1.68
3 16 -14.71 -2.87 -1.65 -14.76 -2.67 -1.56 -13.82 -2.43 -1.56
3 16 -11.79 -2.56 -1.76 -12.76 -2.68 -1.74 -11.85 -2.3 -1.68
3 16 -11.79 -2.56 -1.76 -11.85 -2.3 -1.68 -10.91 -2.07 -1.67
5 24 -11.79 -2.56 -1.76 -11.85 -2.3 -1.68 -12.76 -2.68 -1.74 -10.91 -2.07 -1.67
3 16 -10.82 -2.42 -1.78 -11.79 -2.56 -1.76 -10.91 -2.07 -1.67
4 16 -11.85 -2.3 -1.68 -11.94 -1.95 -1.53 -11 -1.71 -1.51 -10.91 -2.07 -1.67
4 16 -11.85 -2.3 -1.68 -12.8 -2.53 -1.68 -12.88 -2.19 -1.53 -11.94 -1.95 -1.53
3 16 -12.76 -2.68 -1.74 -12.8 -2.53 -1.68 -11.85 -2.3 -1.68
3 16 -13.9 -2.12 -1.38 -12.96 -1.87 -1.36 -12.88 -2.19 -1.53
3 16 -13.9 -2.12 -1.38 -12.88 -2.19 -1.53 -13.82 -2.43 -1.56
5 24 -13.9 -2.12 -1.38 -12.88 -2.19 -1.53 -12.96 -1.87 -1.36 -13.82 -2.43 -1.56
3 16 -12.96 -1.87 -1.36 -13.9 -2.12 -1.38 -13.97 -1.84 -1.17
3 16 -12.96 -1.87 -1.36 -13.97 -1.84 -1.17 -13.03 -1.58 -1.15
5 24 -12.96 -1.87 -1.36 -13.97 -1.84 -1.17 -13.9 -2.12 -1.38 -13.03 -1.58 -1.15
4 16 -13.9 -2.12 -1.38 -14.84 -2.37 -1.39 -14.89 -2.09 -1.19 -13.97 -1.84 -1.17
4 16 -11 -1.71 -1.51 -11.94 -1.95 -1.53 -12.02 -1.62 -1.34 -11.08 -1.37 -1.32
4 16 -11.08 -1.37 -1.32 -12.02 -1.62 -1.34 -12.09 -1.32 -1.12 -11.16 -1.07 -1.1
4 16 -12.02 -1.62 -1.34 -12.96 -1.87 -1.36 -13.03 -1.58 -1.15 -12.09 -1.32 -1.12
3 16 -11.94 -1.95 -1.53 -12.88 -2.19 -1.53 -12.96 -1.87 -1.36
3 16 -11.94 -1.95 -1.53 -12.96 -1.87 -1.36 -12.02 -1.62 -1.34
5 24 -11.94 -1.95 -1.53 -12.96 -1.87 -1.36 -12.88 -2.19 -1.53 -12.02 -1.62 -1.34
4 16 -14.84 -2.37 -1.39 -13.9 -2.12 -1.38 -13.82 -2.43 -1.56 -14.76 -2.67 -1.56
4 16 -17.7 -2.91 -1.29 -17.77 -2.64 -1 -16.84 -2.38 -0.98 -16.78 -2.61 -1.22
3 16 -17.82 -2.46 -0.71 -16.88 -2.19 -0.7 -16.84 -2.38 -0.98
3 16 -16.88 -2.19 -0.7 -15.9 -2.12 -0.96 -16.84 -2.38 -0.98
5 24 -16.88 -2.19 -0.7 -16.84 -2.38 -0.98 -17.82 -2.46 -0.71 -15.9 -2.12 -0.96
3 16 -17.77 -2.64 -1 -17.82 -2.46 -0.71 -16.84 -2.38 -0.98
4 16 -17.82 -2.46 -0.71 -17.77 -2.64 -1 -18.44 -2.84 -1.03 -18.72 -2.71 -0.73
3 16 -15.9 -2.12 -0.96 -14.96 -1.85 -0.94 -14.89 -2.09 -1.19
3 16 -14.96 -1.85 -0.94 -13.97 -1.84 -1.17 -14.89 -2.09 -1.19
5 24 -14.96 -1.85 -0.94 -14.89 -2.09 -1.19 -15.9 -2.12 -0.96 -13.97 -1.84 -1.17
4 16 -15.83 -2.35 -1.21 -16.84 -2.38 -0.98 -15.9 -2.12 -0.96 -14.89 -2.09 -1.19
3 16 -16.78 -2.61 -1.22 -16.84 -2.38 -0.98 -15.83 -2.35 -1.21
3 16 -17.85 -2.33 -0.37 -16.92 -2.06 -0.36 -16.88 -2.19 -0.7
3 16 -16.92 -2.06 -0.36 -15.95 -1.92 -0.68 -16.88 -2.19 -0.7
5 24 -16.92 -2.06 -0.36 -16.88 -2.19 -0.7 -17.85 -2.33 -0.37 -15.95 -1.92 -0.68
3 16 -17.82 -2.46 -0.71 -18.53 -2.52 -0.38 -17.85 -2.33 -0.37
3 16 -17.82 -2.46 -0.71 -17.85 -2.33 -0.37 -16.88 -2.19 -0.7
5 24 -17.82 -2.46 -0.71 -17.85 -2.33 -0.37 -18.53 -2.52 -0.38 -16.88 -2.19 -0.7
4 16 -17.86 -2.28 -0.04 -16.93 -2.01 0 -16.92 -2.06 -0.36 -17.85 -2.33 -0.37
3 16 -17.86 -2.28 -0.04 -17.85 -2.33 -0.37 -18.53 -2.52 -0.38
3 16 -15.95 -1.92 -0.68 -15.05 -1.52 -0.34 -15.01 -1.65 -0.66
3 16 -15.05 -1.52 -0.34 -14.11 -1.24 -0.33 -15.01 -1.65 -0.66
5 24 -15.05 -1.52 -0.34 -15.01 -1.65 -0.66 -15.95 -1.92 -0.68 -14.11 -1.24 -0.33
3 16 -15.05 -1.52 -0.34 -15.98 -1.79 -0.35 -15.99 -1.74 0.01
3 16 -15.05 -1.52 -0.34 -15.99 -1.74 0.01 -15.06 -1.46 0
5 24 -15.05 -1.52 -0.34 -15.99 -1.74 0.01 -15.98 -1.79 -0.35 -15.06 -1.46 0
4 16 -15.98 -1.79 -0.35 -16.92 -2.06 -0.36 -16.93 -2.01 0 -15.99 -1.74 0.01
3 16 -18.72 -2.71 -0.73 -18.53 -2.52 -0.38 -17.82 -2.46 -0.71
3 16 -13.97 -1.84 -1.17 -14.02 -1.59 -0.93 -13.2 -1.33 -0.9
3 16 -13.03 -1.58 -1.15 -13.97 -1.84 -1.17 -13.2 -1.33 -0.9
3 16 -13.2 -1.33 -0.9 -14.02 -1.59 -0.93 -14.08 -1.39 -0.64
3 16 -14.02 -1.59 -0.93 -15.01 -1.65 -0.66 -14.08 -1.39 -0.64
5 24 -14.02 -1.59 -0.93 -14.08 -1.39 -0.64 -13.2 -1.33 -0.9 -15.01 -1.65 -0.66
3 16 -12.16 -1.06 -0.88 -11.22 -0.8 -0.87 -11.16 -1.07 -1.1
3 16 -12.09 -1.32 -1.12 -12.16 -1.06 -0.88 -11.16 -1.07 -1.1
3 16 -12.16 -1.06 -0.88 -12.21 -0.85 -0.62 -11.27 -0.58 -0.6
3 16 -11.22 -0.8 -0.87 -12.16 -1.06 -0.88 -11.27 -0.58 -0.6
3 16 -12.16 -1.06 -0.88 -13.2 -1.33 -0.9 -12.21 -0.85 -0.62
4 16 -13.03 -1.58 -1.15 -13.2 -1.33 -0.9 -12.16 -1.06 -0.88 -12.09 -1.32 -1.12
4 16 -14.08 -1.39 -0.64 -13.18 -0.97 -0.33 -12.26 -0.7 -0.32 -13.14 -1.12 -0.64
3 16 -14.11 -1.24 -0.33 -13.18 -0.97 -0.33 -14.08 -1.39 -0.64
3 16 -14.11 -1.24 -0.33 -14.08 -1.39 -0.64 -15.01 -1.65 -0.66
5 24 -14.11 -1.24 -0.33 -14.08 -1.39 -0.64 -13.18 -0.97 -0.33 -15.01 -1.65 -0.66
4 16 -13.19 -0.92 0.01 -13.18 -0.97 -0.33 -14.11 -1.24 -0.33 -14.13 -1.19 0
4 16 -14.11 -1.24 -0.33 -15.05 -1.52 -0.34 -15.06 -1.46 0 -14.13 -1.19 0
3 16 -11.27 -0.58 -0.6 -12.21 -0.85 -0.62 -11.31 -0.43 -0.3
3 16 -12.26 -0.7 -0.32 -11.31 -0.43 -0.3 -12.21 -0.85 -0.62
3 16 -12.26 -0.7 -0.32 -12.21 -0.85 -0.62 -13.14 -1.12 -0.64
5 24 -12.26 -0.7 -0.32 -12.21 -0.85 -0.62 -11.31 -0.43 -0.3 -13.14 -1.12 -0.64
3 16 -11.31 -0.43 -0.3 -12.26 -0.7 -0.32 -12.26 -0.65 0
3 16 -11.31 -0.43 -0.3 -12.26 -0.65 0 -11.33 -0.38 0
5 24 -11.31 -0.43 -0.3 -12.26 -0.65 0 -12.26 -0.7 -0.32 -11.33 -0.38 0
4 16 -12.26 -0.7 -0.32 -13.18 -0.97 -0.33 -13.19 -0.92 0.01 -12.26 -0.65 0
3 16 -14.96 -1.85 -0.94 -14.02 -1.59 -0.93 -13.97 -1.84 -1.17
3 16 -18.44 -2.84 -1.03 -17.77 -2.64 -1 -17.7 -2.91 -1.29
3 16 -15.99 -1.74 0.01 -15.98 -1.79 0.36 -15.05 -1.52 0.35
3 16 -15.99 -1.74 0.01 -15.05 -1.52 0.35 -15.06 -1.46 0
5 24 -15.99 -1.74 0.01 -15.05 -1.52 0.35 -15.98 -1.79 0.36 -15.06 -1.46 0
3 16 -15.98 -1.79 0.36 -15.94 -1.94 0.71 -15.01 -1.66 0.66
3 16 -15.98 -1.79 0.36 -15.01 -1.66 0.66 -15.05 -1.52 0.35
5 24 -15.98 -1.79 0.36 -15.01 -1.66 0.66 -15.94 -1.94 0.71 -15.05 -1.52 0.35
3 16 -15.94 -1.94 0.71 -15.98 -1.79 0.36 -16.36 -1.97 0.55
2 24 -16.36 -1.97 0.55 -15.94 -1.94 0.71
3 16 -16.36 -1.97 0.55 -15.98 -1.79 0.36 -16.99 -2.06 0.3
2 24 -16.99 -2.06 0.3 -16.36 -1.97 0.55
4 16 -15.26 -1.94 0.95 -14.96 -1.86 0.95 -15.01 -1.66 0.66 -15.94 -1.94 0.71
2 24 -15.94 -1.94 0.71 -15.26 -1.94 0.95
3 16 -14.6 -2.01 1.18 -14.96 -1.86 0.95 -15.26 -1.94 0.95
2 24 -15.26 -1.94 0.95 -14.6 -2.01 1.18
4 16 -14.12 -1.25 0.34 -13.18 -0.98 0.33 -13.19 -0.92 0.01 -14.13 -1.19 0
3 16 -14.08 -1.39 0.66 -13.14 -1.12 0.64 -13.18 -0.98 0.33
3 16 -13.14 -1.12 0.64 -12.25 -0.7 0.33 -13.18 -0.98 0.33
5 24 -13.14 -1.12 0.64 -13.18 -0.98 0.33 -14.08 -1.39 0.66 -12.25 -0.7 0.33
3 16 -14.12 -1.25 0.34 -15.01 -1.66 0.66 -14.08 -1.39 0.66
3 16 -14.12 -1.25 0.34 -14.08 -1.39 0.66 -13.18 -0.98 0.33
5 24 -14.12 -1.25 0.34 -14.08 -1.39 0.66 -15.01 -1.66 0.66 -13.18 -0.98 0.33
3 16 -15.01 -1.66 0.66 -14.12 -1.25 0.34 -15.05 -1.52 0.35
4 16 -12.26 -0.65 0 -12.25 -0.7 0.33 -11.31 -0.43 0.32 -11.33 -0.38 0
3 16 -11.31 -0.43 0.32 -12.21 -0.85 0.62 -11.27 -0.59 0.61
4 16 -12.25 -0.7 0.33 -13.14 -1.12 0.64 -12.21 -0.85 0.62 -11.31 -0.43 0.32
3 16 -13.19 -0.92 0.01 -13.18 -0.98 0.33 -12.25 -0.7 0.33
3 16 -13.19 -0.92 0.01 -12.25 -0.7 0.33 -12.26 -0.65 0
5 24 -13.19 -0.92 0.01 -12.25 -0.7 0.33 -13.18 -0.98 0.33 -12.26 -0.65 0
3 16 -14.03 -1.59 0.93 -13.09 -1.33 0.91 -13.14 -1.12 0.64
3 16 -13.09 -1.33 0.91 -12.21 -0.85 0.62 -13.14 -1.12 0.64
5 24 -13.09 -1.33 0.91 -13.14 -1.12 0.64 -14.03 -1.59 0.93 -12.21 -0.85 0.62
4 16 -14.03 -1.59 0.93 -13.03 -1.59 1.15 -12.09 -1.33 1.13 -13.09 -1.33 0.91
3 16 -13.97 -1.84 1.17 -13.03 -1.59 1.15 -14.03 -1.59 0.93
3 16 -14.6 -2.01 1.18 -13.97 -1.84 1.17 -14.03 -1.59 0.93
3 16 -14.6 -2.01 1.18 -14.03 -1.59 0.93 -14.96 -1.86 0.95
5 24 -14.6 -2.01 1.18 -14.03 -1.59 0.93 -13.97 -1.84 1.17 -14.96 -1.86 0.95
3 16 -12.16 -1.07 0.89 -11.22 -0.8 0.87 -11.27 -0.59 0.61
3 16 -12.21 -0.85 0.62 -13.09 -1.33 0.91 -12.16 -1.07 0.89
3 16 -12.21 -0.85 0.62 -12.16 -1.07 0.89 -11.27 -0.59 0.61
5 24 -12.21 -0.85 0.62 -12.16 -1.07 0.89 -13.09 -1.33 0.91 -11.27 -0.59 0.61
4 16 -12.16 -1.07 0.89 -13.09 -1.33 0.91 -12.09 -1.33 1.13 -11.15 -1.07 1.11
3 16 -11.22 -0.8 0.87 -12.16 -1.07 0.89 -11.15 -1.07 1.11
3 16 -14.96 -1.86 0.95 -14.03 -1.59 0.93 -15.01 -1.66 0.66
3 16 -13.7 -2.07 1.38 -12.96 -1.88 1.36 -13.97 -1.84 1.17
3 16 -13.92 -2.05 1.33 -13.7 -2.07 1.38 -13.97 -1.84 1.17
3 16 -13.03 -1.59 1.15 -13.97 -1.84 1.17 -12.96 -1.88 1.36
3 16 -12.9 -2.11 1.51 -12.96 -1.88 1.36 -13.7 -2.07 1.38
4 16 -12.09 -1.33 1.13 -12.02 -1.63 1.34 -11.08 -1.38 1.33 -11.15 -1.07 1.11
3 16 -12.02 -1.63 1.34 -11 -1.72 1.51 -11.08 -1.38 1.33
3 16 -11.94 -1.95 1.53 -11 -1.72 1.51 -12.02 -1.63 1.34
3 16 -11.94 -1.95 1.53 -12.02 -1.63 1.34 -12.96 -1.88 1.36
5 24 -11.94 -1.95 1.53 -12.02 -1.63 1.34 -11 -1.72 1.51 -12.96 -1.88 1.36
3 16 -12.59 -2.12 1.54 -11.94 -1.95 1.53 -12.96 -1.88 1.36
3 16 -12.59 -2.12 1.54 -12.96 -1.88 1.36 -12.9 -2.11 1.51
5 24 -12.59 -2.12 1.54 -12.96 -1.88 1.36 -11.94 -1.95 1.53 -12.9 -2.11 1.51
3 16 -11 -1.72 1.51 -11.94 -1.95 1.53 -11.9 -2.1 1.61
3 16 -10.91 -2.05 1.66 -11 -1.72 1.51 -11.9 -2.1 1.61
3 16 -11.9 -2.1 1.61 -11.94 -1.95 1.53 -12.59 -2.12 1.54
4 16 -12.96 -1.88 1.36 -12.02 -1.63 1.34 -12.09 -1.33 1.13 -13.03 -1.59 1.15
3 16 -13.92 -2.05 1.33 -13.97 -1.84 1.17 -14.6 -2.01 1.18
4 16 -14.12 -1.25 0.34 -14.13 -1.19 0 -15.06 -1.46 0 -15.05 -1.52 0.35
3 16 -16.99 -2.06 0.3 -16.93 -2.01 0 -17.45 -2.19 0.08
2 24 -17.45 -2.19 0.08 -16.99 -2.06 0.3
3 16 -17.86 -2.28 -0.04 -17.45 -2.19 0.08 -16.93 -2.01 0
4 16 -8.67 -0.04 0.81 -8.74 0.2 0.51 -11.27 -0.59 0.61 -11.22 -0.8 0.87
3 16 -8.11 -1.98 -1.81 -8.19 -1.72 -1.74 -5.52 -1.13 -1.74
3 16 -5.4 -1.48 -1.82 -8.11 -1.98 -1.81 -5.52 -1.13 -1.74
3 16 -8.19 -1.72 -1.74 -8.29 -1.36 -1.63 -5.65 -0.74 -1.62
3 16 -5.52 -1.13 -1.74 -8.19 -1.72 -1.74 -5.65 -0.74 -1.62
4 16 -10.91 -2.07 -1.67 -8.29 -1.36 -1.63 -8.19 -1.72 -1.74 -10.82 -2.42 -1.78
3 16 -8.29 -1.36 -1.63 -8.4 -1.02 -1.48 -5.77 -0.36 -1.46
3 16 -5.65 -0.74 -1.62 -8.29 -1.36 -1.63 -5.77 -0.36 -1.46
4 16 -11 -1.71 -1.51 -8.4 -1.02 -1.48 -8.29 -1.36 -1.63 -10.91 -2.07 -1.67
3 16 -8.4 -1.02 -1.48 -8.49 -0.69 -1.3 -5.89 0 -1.28
4 16 -5.77 -0.36 -1.46 -8.4 -1.02 -1.48 -5.89 0 -1.28 -4.91 0.21 -1.29
3 16 -8.49 -0.69 -1.3 -8.58 -0.38 -1.1 -6 0.33 -1.07
3 16 -5.89 0 -1.28 -8.49 -0.69 -1.3 -6 0.33 -1.07
3 16 -5.89 0 -1.28 -6 0.33 -1.07 -5.04 0.56 -1.08
5 24 -5.89 0 -1.28 -6 0.33 -1.07 -8.49 -0.69 -1.3 -5.04 0.56 -1.08
3 16 -11.16 -1.07 -1.1 -8.58 -0.38 -1.1 -11.08 -1.37 -1.32
3 16 -8.49 -0.69 -1.3 -11.08 -1.37 -1.32 -8.58 -0.38 -1.1
3 16 -11.08 -1.37 -1.32 -8.49 -0.69 -1.3 -11 -1.71 -1.51
3 16 -8.4 -1.02 -1.48 -11 -1.71 -1.51 -8.49 -0.69 -1.3
3 16 -8.58 -0.38 -1.1 -8.66 -0.09 -0.86 -6.1 0.64 -0.83
4 16 -6 0.33 -1.07 -8.58 -0.38 -1.1 -6.1 0.64 -0.83 -5.17 0.88 -0.83
3 16 -8.73 0.16 -0.57 -6.19 0.9 -0.54 -6.1 0.64 -0.83
3 16 -8.66 -0.09 -0.86 -8.73 0.16 -0.57 -6.1 0.64 -0.83
3 16 -11.27 -0.58 -0.6 -8.66 -0.09 -0.86 -11.22 -0.8 -0.87
3 16 -8.73 0.16 -0.57 -8.66 -0.09 -0.86 -11.27 -0.58 -0.6
4 16 -8.78 0.33 -0.23 -6.25 1.07 -0.2 -6.19 0.9 -0.54 -8.73 0.16 -0.57
3 16 -8.78 0.35 0.16 -6.25 1.07 0.19 -6.25 1.07 -0.2
3 16 -8.78 0.33 -0.23 -8.78 0.35 0.16 -6.25 1.07 -0.2
3 16 -11.33 -0.38 0 -8.78 0.33 -0.23 -11.31 -0.43 -0.3
3 16 -8.78 0.35 0.16 -8.78 0.33 -0.23 -11.33 -0.38 0
4 16 -11.31 -0.43 -0.3 -8.78 0.33 -0.23 -8.73 0.16 -0.57 -11.27 -0.58 -0.6
3 16 -11.22 -0.8 -0.87 -8.66 -0.09 -0.86 -11.16 -1.07 -1.1
3 16 -8.58 -0.38 -1.1 -11.16 -1.07 -1.1 -8.66 -0.09 -0.86
3 16 -8.78 0.35 0.16 -8.74 0.2 0.51 -6.25 1.07 0.19
3 16 -6.19 0.9 0.54 -6.25 1.07 0.19 -8.74 0.2 0.51
3 16 -8.74 0.2 0.51 -8.67 -0.04 0.81 -6.19 0.9 0.54
3 16 -6.11 0.64 0.82 -6.19 0.9 0.54 -8.67 -0.04 0.81
3 16 -11.27 -0.59 0.61 -8.74 0.2 0.51 -11.31 -0.43 0.32
3 16 -8.67 -0.04 0.81 -8.59 -0.32 1.05 -6.11 0.64 0.82
3 16 -6 0.34 1.07 -6.11 0.64 0.82 -8.59 -0.32 1.05
3 16 -8.59 -0.32 1.05 -8.49 -0.63 1.27 -6 0.34 1.07
3 16 -5.89 0 1.28 -5.05 0.56 1.07 -6 0.34 1.07
3 16 -5.89 0 1.28 -6 0.34 1.07 -8.49 -0.63 1.27
5 24 -5.89 0 1.28 -6 0.34 1.07 -5.05 0.56 1.07 -8.49 -0.63 1.27
3 16 -8.49 -0.63 1.27 -8.59 -0.32 1.05 -11.15 -1.07 1.11
3 16 -11.08 -1.38 1.33 -8.49 -0.63 1.27 -11.15 -1.07 1.11
3 16 -8.59 -0.32 1.05 -8.67 -0.04 0.81 -11.22 -0.8 0.87
3 16 -8.59 -0.32 1.05 -11.22 -0.8 0.87 -11.15 -1.07 1.11
5 24 -8.59 -0.32 1.05 -11.22 -0.8 0.87 -8.67 -0.04 0.81 -11.15 -1.07 1.11
3 16 -8.49 -0.63 1.27 -8.41 -0.95 1.45 -5.89 0 1.28
4 16 -5.77 -0.36 1.46 -4.91 0.21 1.29 -5.89 0 1.28 -8.41 -0.95 1.45
3 16 -8.41 -0.95 1.45 -8.31 -1.3 1.61 -5.77 -0.36 1.46
3 16 -5.65 -0.74 1.62 -5.77 -0.36 1.46 -8.31 -1.3 1.61
3 16 -10.95 -1.9 1.6 -8.41 -0.95 1.45 -11 -1.72 1.51
3 16 -8.31 -1.3 1.61 -8.41 -0.95 1.45 -10.95 -1.9 1.6
3 16 -8.31 -1.3 1.61 -8.21 -1.65 1.72 -5.65 -0.74 1.62
4 16 -5.52 -1.13 1.74 -5.65 -0.74 1.62 -8.21 -1.65 1.72 -8.17 -1.78 1.76
3 16 -5.43 -1.4 1.8 -5.52 -1.13 1.74 -8.17 -1.78 1.76
3 16 -8.17 -1.78 1.76 -8.21 -1.65 1.72 -10.91 -2.05 1.66
3 16 -10.91 -2.05 1.66 -8.31 -1.3 1.61 -10.95 -1.9 1.6
3 16 -8.21 -1.65 1.72 -8.31 -1.3 1.61 -10.91 -2.05 1.66
3 16 -8.41 -0.95 1.45 -8.49 -0.63 1.27 -11.08 -1.38 1.33
3 16 -8.41 -0.95 1.45 -11.08 -1.38 1.33 -11 -1.72 1.51
5 24 -8.41 -0.95 1.45 -11.08 -1.38 1.33 -8.49 -0.63 1.27 -11 -1.72 1.51
3 16 -11.31 -0.43 0.32 -8.78 0.35 0.16 -11.33 -0.38 0
3 16 -8.74 0.2 0.51 -8.78 0.35 0.16 -11.31 -0.43 0.32
3 16 -10.82 -2.42 -1.78 -8.19 -1.72 -1.74 -8.11 -1.98 -1.81
3 16 0.02 0.05 -1.87 -0.25 -0.5 -1.87 -0.28 0.27 -1.85
3 16 -1.06 -0.61 -1.85 -0.28 0.27 -1.85 -0.25 -0.5 -1.87
3 16 -1.06 -0.61 -1.85 -0.25 -0.5 -1.87 -0.68 -0.95 -1.88
5 24 -1.06 -0.61 -1.85 -0.25 -0.5 -1.87 -0.28 0.27 -1.85 -0.68 -0.95 -1.88
3 16 -1.06 -0.61 -1.85 -0.68 -0.95 -1.88 -1.27 -1.23 -1.87
3 16 -1.06 -0.61 -1.85 -1.27 -1.23 -1.87 -2.14 -0.93 -1.85
5 24 -1.06 -0.61 -1.85 -1.27 -1.23 -1.87 -0.68 -0.95 -1.88 -2.14 -0.93 -1.85
3 16 -1.95 -1.35 -1.87 -2.63 -1.46 -1.87 -2.14 -0.93 -1.85
3 16 -3.16 -1.11 -1.84 -2.14 -0.93 -1.85 -2.63 -1.46 -1.87
3 16 -3.16 -1.11 -1.84 -2.63 -1.46 -1.87 -3.13 -1.55 -1.87
5 24 -3.16 -1.11 -1.84 -2.63 -1.46 -1.87 -2.14 -0.93 -1.85 -3.13 -1.55 -1.87
2 24 -3.13 -1.55 -1.87 -3.16 -1.11 -1.84
3 16 -0.68 -0.95 1.88 -0.25 -0.5 1.87 -1.06 -0.61 1.85
3 16 -0.25 -0.5 1.87 -0.28 0.27 1.85 -1.06 -0.61 1.85
5 24 -0.25 -0.5 1.87 -1.06 -0.61 1.85 -0.68 -0.95 1.88 -0.28 0.27 1.85
3 16 -1.95 -1.35 1.87 -1.27 -1.23 1.87 -2.15 -0.93 1.84
3 16 -3.24 -1.1 1.81 -3.22 -1.56 1.87 -2.63 -1.46 1.87
2 24 -3.24 -1.1 1.81 -3.22 -1.56 1.87
3 16 -4.35 -1.24 1.82 -3.67 -0.77 1.75 -4.46 -0.93 1.75
3 16 -3.24 -1.1 1.81 -3.67 -0.77 1.75 -4.35 -1.24 1.82
3 16 -4.46 -0.93 1.75 -3.84 -0.38 1.63 -4.62 -0.54 1.62
3 16 -3.67 -0.77 1.75 -2.56 -0.1 1.64 -3.84 -0.38 1.63
3 16 -3.67 -0.77 1.75 -3.84 -0.38 1.63 -4.46 -0.93 1.75
5 24 -3.67 -0.77 1.75 -3.84 -0.38 1.63 -2.56 -0.1 1.64 -4.46 -0.93 1.75
3 16 -5.65 -0.74 1.62 -5.52 -1.13 1.74 -4.62 -0.54 1.62
3 16 -5.52 -1.13 1.74 -4.46 -0.93 1.75 -4.62 -0.54 1.62
5 24 -5.52 -1.13 1.74 -4.62 -0.54 1.62 -5.65 -0.74 1.62 -4.46 -0.93 1.75
3 16 -1.27 -1.23 1.87 -0.68 -0.95 1.88 -1.06 -0.61 1.85
3 16 -1.27 -1.23 1.87 -1.06 -0.61 1.85 -2.15 -0.93 1.84
5 24 -1.27 -1.23 1.87 -1.06 -0.61 1.85 -0.68 -0.95 1.88 -2.15 -0.93 1.84
4 16 -2.15 -0.93 1.84 -1.31 -0.19 1.76 -2.36 -0.51 1.76 -3.24 -1.1 1.81
3 16 -1.06 -0.61 1.85 -1.31 -0.19 1.76 -2.15 -0.93 1.84
3 16 -3.67 -0.77 1.75 -3.24 -1.1 1.81 -2.36 -0.51 1.76
4 16 -1.56 0.22 1.64 -2.56 -0.1 1.64 -2.36 -0.51 1.76 -1.31 -0.19 1.76
3 16 -2.36 -0.51 1.76 -2.56 -0.1 1.64 -3.67 -0.77 1.75
3 16 -2.63 -1.46 1.87 -1.95 -1.35 1.87 -2.15 -0.93 1.84
3 16 -3.24 -1.1 1.81 -2.63 -1.46 1.87 -2.15 -0.93 1.84
3 16 -4.62 -0.54 1.62 -4 0.01 1.48 -4.75 -0.16 1.47
4 16 -3.84 -0.38 1.63 -2.77 0.3 1.48 -4 0.01 1.48 -4.62 -0.54 1.62
3 16 -4.75 -0.16 1.47 -4.17 0.39 1.29 -4.91 0.21 1.29
4 16 -4 0.01 1.48 -2.97 0.68 1.3 -4.17 0.39 1.29 -4.75 -0.16 1.47
3 16 -4.75 -0.16 1.47 -4.91 0.21 1.29 -5.77 -0.36 1.46
3 16 -2.56 -0.1 1.64 -1.56 0.22 1.64 -1.81 0.61 1.49
3 16 -2.56 -0.1 1.64 -1.81 0.61 1.49 -2.77 0.3 1.48
5 24 -2.56 -0.1 1.64 -1.81 0.61 1.49 -1.56 0.22 1.64 -2.77 0.3 1.48
4 16 -2.02 0.98 1.31 -2.97 0.68 1.3 -2.77 0.3 1.48 -1.81 0.61 1.49
3 16 -2.77 0.3 1.48 -2.97 0.68 1.3 -4 0.01 1.48
3 16 -2.56 -0.1 1.64 -2.77 0.3 1.48 -3.84 -0.38 1.63
3 16 -5.77 -0.36 1.46 -5.65 -0.74 1.62 -4.75 -0.16 1.47
3 16 -5.65 -0.74 1.62 -4.62 -0.54 1.62 -4.75 -0.16 1.47
5 24 -5.65 -0.74 1.62 -4.75 -0.16 1.47 -5.77 -0.36 1.46 -4.62 -0.54 1.62
3 16 0.02 0.05 1.87 0.41 1.17 1.87 -0.28 0.27 1.85
3 16 0.19 1.4 1.85 -0.28 0.27 1.85 0.41 1.17 1.87
3 16 0.19 1.4 1.85 -0.03 1.64 1.77 -0.53 0.6 1.77
3 16 -0.28 0.27 1.85 0.19 1.4 1.85 -0.53 0.6 1.77
3 16 -0.53 0.6 1.77 -1.31 -0.19 1.76 -0.28 0.27 1.85
3 16 -1.06 -0.61 1.85 -0.28 0.27 1.85 -1.31 -0.19 1.76
3 16 -0.03 1.64 1.77 -0.25 1.88 1.65 -0.78 0.93 1.65
3 16 -0.53 0.6 1.77 -0.03 1.64 1.77 -0.78 0.93 1.65
3 16 -0.78 0.93 1.65 -1.56 0.22 1.64 -0.53 0.6 1.77
3 16 -1.31 -0.19 1.76 -0.53 0.6 1.77 -1.56 0.22 1.64
4 16 1.3 3.64 1.88 1.01 3.77 1.85 0.62 2.58 1.85 0.86 2.41 1.88
3 16 1.01 3.77 1.85 0.74 3.89 1.77 0.39 2.74 1.77
3 16 0.62 2.58 1.85 1.01 3.77 1.85 0.39 2.74 1.77
3 16 0.39 2.74 1.77 -0.03 1.64 1.77 0.62 2.58 1.85
3 16 0.19 1.4 1.85 0.62 2.58 1.85 -0.03 1.64 1.77
3 16 0.74 3.89 1.77 0.51 4 1.66 0.18 2.91 1.65
3 16 0.74 3.89 1.77 0.18 2.91 1.65 0.39 2.74 1.77
5 24 0.74 3.89 1.77 0.18 2.91 1.65 0.51 4 1.66 0.39 2.74 1.77
3 16 0.18 2.91 1.65 -0.25 1.88 1.65 0.39 2.74 1.77
3 16 -0.03 1.64 1.77 0.39 2.74 1.77 -0.25 1.88 1.65
3 16 0.86 2.41 1.88 0.62 2.58 1.85 0.19 1.4 1.85
3 16 0.86 2.41 1.88 0.19 1.4 1.85 0.41 1.17 1.87
5 24 0.86 2.41 1.88 0.19 1.4 1.85 0.62 2.58 1.85 0.41 1.17 1.87
3 16 -0.25 1.88 1.65 -0.46 2.11 1.51 -1.02 1.25 1.5
3 16 -0.78 0.93 1.65 -0.25 1.88 1.65 -1.02 1.25 1.5
3 16 -0.66 2.34 1.32 -1.44 1.85 1.1 -1.24 1.56 1.32
3 16 -0.66 2.34 1.32 -1.24 1.56 1.32 -0.46 2.11 1.51
5 24 -0.66 2.34 1.32 -1.24 1.56 1.32 -1.44 1.85 1.1 -0.46 2.11 1.51
3 16 -1.02 1.25 1.5 -0.46 2.11 1.51 -1.24 1.56 1.32
3 16 -1.24 1.56 1.32 -2.02 0.98 1.31 -1.02 1.25 1.5
3 16 -1.81 0.61 1.49 -1.02 1.25 1.5 -2.02 0.98 1.31
3 16 0.51 4 1.66 0.3 4.09 1.52 -0.02 3.07 1.51
3 16 0.51 4 1.66 -0.02 3.07 1.51 0.18 2.91 1.65
5 24 0.51 4 1.66 -0.02 3.07 1.51 0.3 4.09 1.52 0.18 2.91 1.65
3 16 0.3 4.09 1.52 0.1 4.18 1.34 -0.21 3.23 1.33
3 16 -0.02 3.07 1.51 0.3 4.09 1.52 -0.21 3.23 1.33
3 16 -0.21 3.23 1.33 -0.66 2.34 1.32 -0.02 3.07 1.51
3 16 -0.46 2.11 1.51 -0.02 3.07 1.51 -0.66 2.34 1.32
3 16 -0.02 3.07 1.51 -0.46 2.11 1.51 0.18 2.91 1.65
3 16 -0.25 1.88 1.65 0.18 2.91 1.65 -0.46 2.11 1.51
3 16 -1.81 0.61 1.49 -0.78 0.93 1.65 -1.02 1.25 1.5
3 16 -1.56 0.22 1.64 -0.78 0.93 1.65 -1.81 0.61 1.49
3 16 -0.25 -0.5 1.87 0.02 0.05 1.87 -0.28 0.27 1.85
3 16 -4.91 0.21 1.29 -4.17 0.39 1.29 -4.32 0.74 1.08
3 16 -4.91 0.21 1.29 -4.32 0.74 1.08 -5.05 0.56 1.07
5 24 -4.91 0.21 1.29 -4.32 0.74 1.08 -4.17 0.39 1.29 -5.05 0.56 1.07
4 16 -5.05 0.56 1.07 -4.32 0.74 1.08 -4.47 1.07 0.83 -5.17 0.88 0.83
3 16 -6.11 0.64 0.82 -6 0.34 1.07 -5.17 0.88 0.83
3 16 -5.05 0.56 1.07 -5.17 0.88 0.83 -6 0.34 1.07
3 16 -5.17 0.88 0.83 -4.59 1.34 0.54 -5.28 1.15 0.54
3 16 -4.47 1.07 0.83 -4.59 1.34 0.54 -5.17 0.88 0.83
3 16 -6.19 0.9 0.54 -6.11 0.64 0.82 -5.28 1.15 0.54
3 16 -5.17 0.88 0.83 -5.28 1.15 0.54 -6.11 0.64 0.82
4 16 -2.97 0.68 1.3 -2.02 0.98 1.31 -2.24 1.33 1.1 -3.16 1.05 1.09
4 16 -2.43 1.65 0.85 -3.33 1.38 0.84 -3.16 1.05 1.09 -2.24 1.33 1.1
3 16 -3.33 1.38 0.84 -4.47 1.07 0.83 -4.32 0.74 1.08
3 16 -3.16 1.05 1.09 -3.33 1.38 0.84 -4.32 0.74 1.08
3 16 -2.6 1.92 0.55 -3.47 1.66 0.55 -3.33 1.38 0.84
3 16 -2.6 1.92 0.55 -3.33 1.38 0.84 -2.43 1.65 0.85
5 24 -2.6 1.92 0.55 -3.33 1.38 0.84 -3.47 1.66 0.55 -2.43 1.65 0.85
3 16 -3.47 1.66 0.55 -4.59 1.34 0.54 -4.47 1.07 0.83
3 16 -3.47 1.66 0.55 -4.47 1.07 0.83 -3.33 1.38 0.84
5 24 -3.47 1.66 0.55 -4.47 1.07 0.83 -4.59 1.34 0.54 -3.33 1.38 0.84
3 16 -4.17 0.39 1.29 -3.16 1.05 1.09 -4.32 0.74 1.08
3 16 -2.97 0.68 1.3 -3.16 1.05 1.09 -4.17 0.39 1.29
3 16 -5.28 1.15 0.54 -4.67 1.49 0.2 -5.35 1.3 0.2
3 16 -5.28 1.15 0.54 -5.35 1.3 0.2 -6.19 0.9 0.54
5 24 -5.28 1.15 0.54 -5.35 1.3 0.2 -4.67 1.49 0.2 -6.19 0.9 0.54
3 16 -4.59 1.34 0.54 -3.57 1.81 0.2 -4.67 1.49 0.2
3 16 -4.59 1.34 0.54 -4.67 1.49 0.2 -5.28 1.15 0.54
5 24 -4.59 1.34 0.54 -4.67 1.49 0.2 -3.57 1.81 0.2 -5.28 1.15 0.54
4 16 -5.35 1.3 0.2 -4.67 1.49 0.2 -4.67 1.49 -0.2 -5.35 1.3 -0.2
4 16 -6.25 1.07 -0.2 -6.25 1.07 0.19 -5.35 1.3 0.2 -5.35 1.3 -0.2
3 16 -3.47 1.66 0.55 -2.7 2.1 0.2 -3.57 1.81 0.2
3 16 -2.6 1.92 0.55 -2.7 2.1 0.2 -3.47 1.66 0.55
3 16 -2.71 2.1 -0.21 -3.57 1.8 -0.2 -3.57 1.81 0.2
3 16 -2.71 2.1 -0.21 -3.57 1.81 0.2 -2.7 2.1 0.2
5 24 -2.71 2.1 -0.21 -3.57 1.81 0.2 -3.57 1.8 -0.2 -2.7 2.1 0.2
3 16 -4.67 1.49 -0.2 -4.67 1.49 0.2 -3.57 1.8 -0.2
3 16 -4.67 1.49 0.2 -3.57 1.81 0.2 -3.57 1.8 -0.2
5 24 -4.67 1.49 0.2 -3.57 1.8 -0.2 -4.67 1.49 -0.2 -3.57 1.81 0.2
3 16 -3.47 1.66 0.55 -3.57 1.81 0.2 -4.59 1.34 0.54
3 16 -6.25 1.07 0.19 -6.19 0.9 0.54 -5.35 1.3 0.2
3 16 -0.66 2.34 1.32 -0.85 2.56 1.12 -1.44 1.85 1.1
3 16 -0.85 2.56 1.12 -1.01 2.75 0.86 -1.64 2.11 0.86
3 16 -1.44 1.85 1.1 -0.85 2.56 1.12 -1.64 2.11 0.86
3 16 -1.64 2.11 0.86 -2.43 1.65 0.85 -2.24 1.33 1.1
3 16 -1.44 1.85 1.1 -1.64 2.11 0.86 -2.24 1.33 1.1
3 16 -1.01 2.75 0.86 -1.16 2.92 0.57 -1.81 2.34 0.56
3 16 -1.64 2.11 0.86 -1.01 2.75 0.86 -1.81 2.34 0.56
3 16 -1.81 2.34 0.56 -2.6 1.92 0.55 -1.64 2.11 0.86
3 16 -2.43 1.65 0.85 -1.64 2.11 0.86 -2.6 1.92 0.55
3 16 0.1 4.18 1.34 -0.07 4.26 1.12 -0.38 3.37 1.12
3 16 -0.21 3.23 1.33 0.1 4.18 1.34 -0.38 3.37 1.12
3 16 -0.07 4.26 1.12 -0.21 4.33 0.88 -0.55 3.5 0.87
3 16 -0.38 3.37 1.12 -0.07 4.26 1.12 -0.55 3.5 0.87
3 16 -0.55 3.5 0.87 -1.01 2.75 0.86 -0.38 3.37 1.12
3 16 -0.85 2.56 1.12 -0.38 3.37 1.12 -1.01 2.75 0.86
3 16 -0.21 4.33 0.88 -0.33 4.38 0.57 -0.67 3.62 0.57
3 16 -0.55 3.5 0.87 -0.21 4.33 0.88 -0.67 3.62 0.57
3 16 -0.67 3.62 0.57 -1.16 2.92 0.57 -0.55 3.5 0.87
3 16 -1.01 2.75 0.86 -0.55 3.5 0.87 -1.16 2.92 0.57
3 16 -0.21 3.23 1.33 -0.38 3.37 1.12 -0.85 2.56 1.12
3 16 -0.66 2.34 1.32 -0.21 3.23 1.33 -0.85 2.56 1.12
3 16 -1.16 2.92 0.57 -1.25 3.04 0.2 -1.91 2.49 0.2
3 16 -1.81 2.34 0.56 -1.16 2.92 0.57 -1.91 2.49 0.2
4 16 -1.91 2.49 -0.2 -1.91 2.49 0.2 -1.25 3.04 0.2 -1.25 3.04 -0.21
4 16 -2.71 2.1 -0.21 -2.7 2.1 0.2 -1.91 2.49 0.2 -1.91 2.49 -0.2
3 16 -0.33 4.38 0.57 -0.41 4.42 0.21 -0.74 3.69 0.21
3 16 -0.67 3.62 0.57 -0.33 4.38 0.57 -0.74 3.69 0.21
3 16 -0.4 4.42 -0.21 -0.74 3.69 -0.21 -0.41 4.42 0.21
3 16 -0.74 3.69 -0.21 -0.74 3.69 0.21 -0.41 4.42 0.21
5 24 -0.74 3.69 -0.21 -0.41 4.42 0.21 -0.4 4.42 -0.21 -0.74 3.69 0.21
4 16 -1.25 3.04 -0.21 -1.25 3.04 0.2 -0.74 3.69 0.21 -0.74 3.69 -0.21
3 16 -0.74 3.69 0.21 -1.25 3.04 0.2 -0.67 3.62 0.57
3 16 -1.16 2.92 0.57 -0.67 3.62 0.57 -1.25 3.04 0.2
3 16 -2.7 2.1 0.2 -1.81 2.34 0.56 -1.91 2.49 0.2
3 16 -2.6 1.92 0.55 -1.81 2.34 0.56 -2.7 2.1 0.2
3 16 -1.24 1.56 1.32 -1.44 1.85 1.1 -2.24 1.33 1.1
3 16 -2.02 0.98 1.31 -1.24 1.56 1.32 -2.24 1.33 1.1
3 16 -4.91 0.21 1.29 -5.05 0.56 1.07 -5.89 0 1.28
3 16 -5.35 1.3 -0.2 -4.67 1.49 -0.2 -5.28 1.15 -0.54
3 16 -5.35 1.3 -0.2 -5.28 1.15 -0.54 -6.19 0.9 -0.54
5 24 -5.35 1.3 -0.2 -5.28 1.15 -0.54 -4.67 1.49 -0.2 -6.19 0.9 -0.54
3 16 -4.59 1.34 -0.54 -5.28 1.15 -0.54 -4.67 1.49 -0.2
3 16 -4.59 1.34 -0.54 -4.67 1.49 -0.2 -3.57 1.8 -0.2
5 24 -4.59 1.34 -0.54 -4.67 1.49 -0.2 -5.28 1.15 -0.54 -3.57 1.8 -0.2
3 16 -5.28 1.15 -0.54 -4.59 1.34 -0.54 -5.17 0.88 -0.83
3 16 -4.47 1.06 -0.83 -5.17 0.88 -0.83 -4.59 1.34 -0.54
3 16 -6.1 0.64 -0.83 -6.19 0.9 -0.54 -5.28 1.15 -0.54
3 16 -5.17 0.88 -0.83 -6.1 0.64 -0.83 -5.28 1.15 -0.54
4 16 -5.17 0.88 -0.83 -4.47 1.06 -0.83 -4.32 0.74 -1.08 -5.04 0.56 -1.08
3 16 -5.04 0.56 -1.08 -6 0.33 -1.07 -5.17 0.88 -0.83
3 16 -3.57 1.8 -0.2 -2.71 2.1 -0.21 -3.47 1.66 -0.55
3 16 -2.6 1.92 -0.56 -3.47 1.66 -0.55 -2.71 2.1 -0.21
3 16 -2.6 1.92 -0.56 -2.43 1.65 -0.86 -3.33 1.38 -0.84
3 16 -2.6 1.92 -0.56 -3.33 1.38 -0.84 -3.47 1.66 -0.55
5 24 -2.6 1.92 -0.56 -3.33 1.38 -0.84 -2.43 1.65 -0.86 -3.47 1.66 -0.55
4 16 -4.47 1.06 -0.83 -4.59 1.34 -0.54 -3.47 1.66 -0.55 -3.33 1.38 -0.84
3 16 -2.43 1.65 -0.86 -2.24 1.33 -1.1 -3.15 1.04 -1.1
3 16 -2.43 1.65 -0.86 -3.15 1.04 -1.1 -3.33 1.38 -0.84
5 24 -2.43 1.65 -0.86 -3.15 1.04 -1.1 -2.24 1.33 -1.1 -3.33 1.38 -0.84
3 16 -4.32 0.74 -1.08 -4.47 1.06 -0.83 -3.33 1.38 -0.84
3 16 -4.32 0.74 -1.08 -3.33 1.38 -0.84 -3.15 1.04 -1.1
5 24 -4.32 0.74 -1.08 -3.33 1.38 -0.84 -4.47 1.06 -0.83 -3.15 1.04 -1.1
3 16 -3.47 1.66 -0.55 -4.59 1.34 -0.54 -3.57 1.8 -0.2
3 16 -5.04 0.56 -1.08 -4.32 0.74 -1.08 -4.91 0.21 -1.29
3 16 -4.32 0.74 -1.08 -4.17 0.38 -1.29 -4.91 0.21 -1.29
5 24 -4.32 0.74 -1.08 -4.91 0.21 -1.29 -5.04 0.56 -1.08 -4.17 0.38 -1.29
3 16 -4.91 0.21 -1.29 -4.17 0.38 -1.29 -4.76 -0.16 -1.48
3 16 -4 0.01 -1.48 -4.76 -0.16 -1.48 -4.17 0.38 -1.29
3 16 -4 0.01 -1.48 -4.17 0.38 -1.29 -2.97 0.68 -1.31
5 24 -4 0.01 -1.48 -4.17 0.38 -1.29 -4.76 -0.16 -1.48 -2.97 0.68 -1.31
3 16 -4.76 -0.16 -1.48 -5.77 -0.36 -1.46 -4.91 0.21 -1.29
3 16 -3.15 1.04 -1.1 -2.24 1.33 -1.1 -2.97 0.68 -1.31
3 16 -2.24 1.33 -1.1 -2.02 0.98 -1.32 -2.97 0.68 -1.31
5 24 -2.24 1.33 -1.1 -2.97 0.68 -1.31 -3.15 1.04 -1.1 -2.02 0.98 -1.32
4 16 -2.02 0.98 -1.32 -1.8 0.6 -1.5 -2.77 0.3 -1.49 -2.97 0.68 -1.31
3 16 -2.77 0.3 -1.49 -4 0.01 -1.48 -2.97 0.68 -1.31
3 16 -4.32 0.74 -1.08 -3.15 1.04 -1.1 -4.17 0.38 -1.29
3 16 -2.97 0.68 -1.31 -4.17 0.38 -1.29 -3.15 1.04 -1.1
3 16 -4.91 0.21 -1.29 -5.89 0 -1.28 -5.04 0.56 -1.08
3 16 -1.91 2.49 -0.2 -1.25 3.04 -0.21 -1.16 2.92 -0.57
3 16 -1.81 2.34 -0.56 -1.91 2.49 -0.2 -1.16 2.92 -0.57
3 16 -1.16 2.92 -0.57 -1.01 2.75 -0.86 -1.81 2.34 -0.56
3 16 -1.64 2.11 -0.86 -1.81 2.34 -0.56 -1.01 2.75 -0.86
3 16 -1.64 2.11 -0.86 -2.6 1.92 -0.56 -1.81 2.34 -0.56
3 16 -2.43 1.65 -0.86 -2.6 1.92 -0.56 -1.64 2.11 -0.86
3 16 -1.01 2.75 -0.86 -0.85 2.56 -1.12 -1.64 2.11 -0.86
3 16 -1.45 1.85 -1.11 -1.64 2.11 -0.86 -0.85 2.56 -1.12
3 16 -2.24 1.33 -1.1 -2.43 1.65 -0.86 -1.64 2.11 -0.86
3 16 -1.45 1.85 -1.11 -2.24 1.33 -1.1 -1.64 2.11 -0.86
3 16 -0.74 3.69 -0.21 -0.4 4.42 -0.21 -0.33 4.38 -0.57
3 16 -0.66 3.62 -0.57 -0.74 3.69 -0.21 -0.33 4.38 -0.57
3 16 -0.33 4.38 -0.57 -0.21 4.33 -0.88 -0.66 3.62 -0.57
3 16 -0.54 3.5 -0.88 -0.66 3.62 -0.57 -0.21 4.33 -0.88
3 16 -0.54 3.5 -0.88 -1.16 2.92 -0.57 -0.66 3.62 -0.57
3 16 -1.01 2.75 -0.86 -1.16 2.92 -0.57 -0.54 3.5 -0.88
3 16 -0.21 4.33 -0.88 -0.06 4.26 -1.13 -0.54 3.5 -0.88
3 16 -0.38 3.37 -1.12 -0.54 3.5 -0.88 -0.06 4.26 -1.13
3 16 -0.38 3.37 -1.12 -1.01 2.75 -0.86 -0.54 3.5 -0.88
3 16 -0.85 2.56 -1.12 -1.01 2.75 -0.86 -0.38 3.37 -1.12
3 16 -1.25 3.04 -0.21 -0.74 3.69 -0.21 -0.66 3.62 -0.57
3 16 -1.16 2.92 -0.57 -1.25 3.04 -0.21 -0.66 3.62 -0.57
3 16 -1.45 1.85 -1.11 -0.85 2.56 -1.12 -0.66 2.34 -1.32
3 16 -1.24 1.56 -1.32 -1.45 1.85 -1.11 -0.66 2.34 -1.32
3 16 -1.24 1.56 -1.32 -0.66 2.34 -1.32 -0.46 2.11 -1.51
5 24 -1.24 1.56 -1.32 -0.66 2.34 -1.32 -1.45 1.85 -1.11 -0.46 2.11 -1.51
3 16 -1.02 1.25 -1.5 -1.24 1.56 -1.32 -0.46 2.11 -1.51
3 16 -1.02 1.25 -1.5 -2.02 0.98 -1.32 -1.24 1.56 -1.32
3 16 -1.8 0.6 -1.5 -2.02 0.98 -1.32 -1.02 1.25 -1.5
3 16 -0.06 4.26 -1.13 0.1 4.18 -1.34 -0.38 3.37 -1.12
3 16 -0.21 3.23 -1.34 -0.38 3.37 -1.12 0.1 4.18 -1.34
3 16 0.1 4.18 -1.34 0.3 4.09 -1.52 -0.21 3.23 -1.34
3 16 -0.02 3.07 -1.51 -0.21 3.23 -1.34 0.3 4.09 -1.52
3 16 -0.02 3.07 -1.51 -0.66 2.34 -1.32 -0.21 3.23 -1.34
3 16 -0.46 2.11 -1.51 -0.66 2.34 -1.32 -0.02 3.07 -1.51
3 16 -0.21 3.23 -1.34 -0.85 2.56 -1.12 -0.38 3.37 -1.12
3 16 -0.66 2.34 -1.32 -0.85 2.56 -1.12 -0.21 3.23 -1.34
3 16 -2.24 1.33 -1.1 -1.45 1.85 -1.11 -1.24 1.56 -1.32
3 16 -2.02 0.98 -1.32 -2.24 1.33 -1.1 -1.24 1.56 -1.32
3 16 -2.71 2.1 -0.21 -1.91 2.49 -0.2 -1.81 2.34 -0.56
3 16 -2.6 1.92 -0.56 -2.71 2.1 -0.21 -1.81 2.34 -0.56
3 16 -4.76 -0.16 -1.48 -4 0.01 -1.48 -4.62 -0.54 -1.62
3 16 -3.84 -0.38 -1.63 -4.62 -0.54 -1.62 -4 0.01 -1.48
3 16 -3.84 -0.38 -1.63 -4 0.01 -1.48 -2.77 0.3 -1.49
5 24 -3.84 -0.38 -1.63 -4 0.01 -1.48 -4.62 -0.54 -1.62 -2.77 0.3 -1.49
3 16 -4.62 -0.54 -1.62 -3.84 -0.38 -1.63 -4.47 -0.94 -1.75
3 16 -3.67 -0.78 -1.75 -4.47 -0.94 -1.75 -3.84 -0.38 -1.63
3 16 -3.67 -0.78 -1.75 -3.84 -0.38 -1.63 -2.57 -0.1 -1.65
5 24 -3.67 -0.78 -1.75 -3.84 -0.38 -1.63 -4.47 -0.94 -1.75 -2.57 -0.1 -1.65
4 16 -5.52 -1.13 -1.74 -5.65 -0.74 -1.62 -4.62 -0.54 -1.62 -4.47 -0.94 -1.75
3 16 -2.77 0.3 -1.49 -1.8 0.6 -1.5 -2.57 -0.1 -1.65
3 16 -1.8 0.6 -1.5 -1.56 0.21 -1.65 -2.57 -0.1 -1.65
5 24 -1.8 0.6 -1.5 -2.57 -0.1 -1.65 -2.77 0.3 -1.49 -1.56 0.21 -1.65
3 16 -1.56 0.21 -1.65 -1.31 -0.19 -1.77 -2.36 -0.51 -1.76
3 16 -1.56 0.21 -1.65 -2.36 -0.51 -1.76 -2.57 -0.1 -1.65
5 24 -1.56 0.21 -1.65 -2.36 -0.51 -1.76 -1.31 -0.19 -1.77 -2.57 -0.1 -1.65
3 16 -2.36 -0.51 -1.76 -3.67 -0.78 -1.75 -2.57 -0.1 -1.65
3 16 -2.57 -0.1 -1.65 -3.84 -0.38 -1.63 -2.77 0.3 -1.49
3 16 -4.47 -0.94 -1.75 -3.67 -0.78 -1.75 -4.34 -1.26 -1.82
3 16 -3.16 -1.11 -1.84 -4.34 -1.26 -1.82 -3.67 -0.78 -1.75
3 16 -2.36 -0.51 -1.76 -1.31 -0.19 -1.77 -2.14 -0.93 -1.85
3 16 -1.31 -0.19 -1.77 -1.06 -0.61 -1.85 -2.14 -0.93 -1.85
5 24 -1.31 -0.19 -1.77 -2.14 -0.93 -1.85 -2.36 -0.51 -1.76 -1.06 -0.61 -1.85
3 16 -2.14 -0.93 -1.85 -1.27 -1.23 -1.87 -1.95 -1.35 -1.87
4 16 -2.36 -0.51 -1.76 -2.14 -0.93 -1.85 -3.16 -1.11 -1.84 -3.67 -0.78 -1.75
4 16 -5.4 -1.48 -1.82 -5.52 -1.13 -1.74 -4.47 -0.94 -1.75 -4.34 -1.26 -1.82
3 16 -1.02 1.25 -1.5 -0.46 2.11 -1.51 -0.25 1.88 -1.66
3 16 -0.78 0.93 -1.65 -1.02 1.25 -1.5 -0.25 1.88 -1.66
3 16 -0.25 1.88 -1.66 -0.03 1.64 -1.77 -0.78 0.93 -1.65
3 16 -0.54 0.6 -1.77 -0.78 0.93 -1.65 -0.03 1.64 -1.77
3 16 -0.54 0.6 -1.77 -1.56 0.21 -1.65 -0.78 0.93 -1.65
3 16 -1.31 -0.19 -1.77 -1.56 0.21 -1.65 -0.54 0.6 -1.77
3 16 -0.02 3.07 -1.51 0.3 4.09 -1.52 0.51 4 -1.66
3 16 -0.02 3.07 -1.51 0.51 4 -1.66 0.18 2.91 -1.65
5 24 -0.02 3.07 -1.51 0.51 4 -1.66 0.3 4.09 -1.52 0.18 2.91 -1.65
3 16 0.51 4 -1.66 0.75 3.89 -1.77 0.18 2.91 -1.65
3 16 0.75 3.89 -1.77 0.39 2.74 -1.77 0.18 2.91 -1.65
5 24 0.75 3.89 -1.77 0.18 2.91 -1.65 0.51 4 -1.66 0.39 2.74 -1.77
3 16 0.39 2.74 -1.77 -0.25 1.88 -1.66 0.18 2.91 -1.65
3 16 -0.03 1.64 -1.77 -0.25 1.88 -1.66 0.39 2.74 -1.77
3 16 -0.46 2.11 -1.51 -0.02 3.07 -1.51 0.18 2.91 -1.65
3 16 -0.25 1.88 -1.66 -0.46 2.11 -1.51 0.18 2.91 -1.65
3 16 -0.54 0.6 -1.77 -0.03 1.64 -1.77 0.19 1.4 -1.85
3 16 -0.28 0.27 -1.85 -0.54 0.6 -1.77 0.19 1.4 -1.85
3 16 0.41 1.17 -1.87 0.02 0.05 -1.87 -0.28 0.27 -1.85
3 16 0.19 1.4 -1.85 0.41 1.17 -1.87 -0.28 0.27 -1.85
3 16 0.75 3.89 -1.77 1.01 3.77 -1.85 0.39 2.74 -1.77
3 16 0.62 2.57 -1.85 0.39 2.74 -1.77 1.01 3.77 -1.85
4 16 1.01 3.77 -1.85 1.3 3.64 -1.88 0.86 2.41 -1.88 0.62 2.57 -1.85
3 16 0.86 2.41 -1.88 0.41 1.17 -1.87 0.19 1.4 -1.85
3 16 0.86 2.41 -1.88 0.19 1.4 -1.85 0.62 2.57 -1.85
5 24 0.86 2.41 -1.88 0.19 1.4 -1.85 0.41 1.17 -1.87 0.62 2.57 -1.85
3 16 0.62 2.57 -1.85 -0.03 1.64 -1.77 0.39 2.74 -1.77
3 16 0.19 1.4 -1.85 -0.03 1.64 -1.77 0.62 2.57 -1.85
3 16 -1.31 -0.19 -1.77 -0.54 0.6 -1.77 -0.28 0.27 -1.85
3 16 -1.06 -0.61 -1.85 -1.31 -0.19 -1.77 -0.28 0.27 -1.85
3 16 -1.8 0.6 -1.5 -1.02 1.25 -1.5 -0.78 0.93 -1.65
3 16 -1.56 0.21 -1.65 -1.8 0.6 -1.5 -0.78 0.93 -1.65
3 16 -5.65 -0.74 -1.62 -5.77 -0.36 -1.46 -4.76 -0.16 -1.48
3 16 -5.65 -0.74 -1.62 -4.76 -0.16 -1.48 -4.62 -0.54 -1.62
5 24 -5.65 -0.74 -1.62 -4.76 -0.16 -1.48 -5.77 -0.36 -1.46 -4.62 -0.54 -1.62
3 16 -6.19 0.9 -0.54 -6.25 1.07 -0.2 -5.35 1.3 -0.2
4 16 -5.52 -1.13 1.74 -5.43 -1.4 1.8 -4.35 -1.24 1.82 -4.46 -0.93 1.75
3 16 -0.25 -0.5 1.87 -0.68 -0.95 1.88 -0.37 -1.31 1.81
3 16 0.18 -0.79 1.8 -0.25 -0.5 1.87 -0.37 -1.31 1.81
3 16 0.18 -0.79 1.8 -0.37 -1.31 1.81 -0.03 -1.6 1.63
3 16 0.59 -1.03 1.58 0.18 -0.79 1.8 -0.03 -1.6 1.63
3 16 0.6 -0.16 1.77 0.18 -0.79 1.8 0.59 -1.03 1.58
3 16 1.08 -0.33 1.49 0.6 -0.16 1.77 0.59 -1.03 1.58
3 16 0.59 -1.03 1.58 -0.03 -1.6 1.63 0.94 -1.2 1.27
3 16 0.29 -1.8 1.32 0.94 -1.2 1.27 -0.03 -1.6 1.63
3 16 1.08 -0.33 1.49 0.59 -1.03 1.58 0.94 -1.2 1.27
3 16 1.44 -0.46 1.12 1.08 -0.33 1.49 0.94 -1.2 1.27
3 16 -1.27 -1.23 1.87 -1.95 -1.35 1.87 -1.05 -1.63 1.82
3 16 -1.79 -1.78 1.82 -1.05 -1.63 1.82 -1.95 -1.35 1.87
3 16 -1.79 -1.78 1.82 -0.78 -1.95 1.64 -1.05 -1.63 1.82
3 16 -1.57 -2.12 1.63 -0.78 -1.95 1.64 -1.79 -1.78 1.82
3 16 -1.57 -2.12 1.63 -1.79 -1.78 1.82 -2.53 -1.89 1.83
5 24 -1.57 -2.12 1.63 -1.79 -1.78 1.82 -0.78 -1.95 1.64 -2.53 -1.89 1.83
4 16 -0.03 -1.6 1.63 -0.37 -1.31 1.81 -1.05 -1.63 1.82 -0.78 -1.95 1.64
3 16 -1.57 -2.12 1.63 -0.49 -2.14 1.32 -0.78 -1.95 1.64
3 16 -1.32 -2.3 1.29 -0.49 -2.14 1.32 -1.57 -2.12 1.63
3 16 0.29 -1.8 1.32 -0.03 -1.6 1.63 -0.78 -1.95 1.64
3 16 -0.49 -2.14 1.32 0.29 -1.8 1.32 -0.78 -1.95 1.64
3 16 -0.68 -0.95 1.88 -1.27 -1.23 1.87 -1.05 -1.63 1.82
3 16 -0.37 -1.31 1.81 -0.68 -0.95 1.88 -1.05 -1.63 1.82
3 16 0.29 -1.8 1.32 0.57 -1.91 0.94 0.94 -1.2 1.27
3 16 0.57 -1.91 0.94 1.21 -1.31 0.88 0.94 -1.2 1.27
5 24 0.57 -1.91 0.94 0.94 -1.2 1.27 0.29 -1.8 1.32 1.21 -1.31 0.88
3 16 0.57 -1.91 0.94 0.75 -1.96 0.49 1.21 -1.31 0.88
3 16 0.75 -1.96 0.49 1.4 -1.36 0.45 1.21 -1.31 0.88
5 24 0.75 -1.96 0.49 1.21 -1.31 0.88 0.57 -1.91 0.94 1.4 -1.36 0.45
3 16 1.76 -0.57 0.33 1.66 -0.53 0.71 1.4 -1.36 0.45
3 16 1.21 -1.31 0.88 1.4 -1.36 0.45 1.66 -0.53 0.71
3 16 1.4 -1.36 0.45 0.75 -1.96 0.49 1.48 -1.38 0
3 16 0.85 -1.98 0 1.48 -1.38 0 0.75 -1.96 0.49
3 16 1.79 -0.58 0 1.76 -0.57 0.33 1.48 -1.38 0
3 16 1.4 -1.36 0.45 1.48 -1.38 0 1.76 -0.57 0.33
3 16 -0.49 -2.14 1.32 -1.32 -2.3 1.29 -0.25 -2.23 0.93
3 16 -1.13 -2.37 0.88 -0.25 -2.23 0.93 -1.32 -2.3 1.29
3 16 -1.13 -2.37 0.88 -0.09 -2.25 0.48 -0.25 -2.23 0.93
3 16 -1 -2.38 0.45 -0.09 -2.25 0.48 -1.13 -2.37 0.88
3 16 0.75 -1.96 0.49 0.57 -1.91 0.94 -0.25 -2.23 0.93
3 16 -0.09 -2.25 0.48 0.75 -1.96 0.49 -0.25 -2.23 0.93
3 16 -1 -2.38 0.45 -0.96 -2.37 0 -0.09 -2.25 0.48
3 16 -0.03 -2.25 0 -0.09 -2.25 0.48 -0.96 -2.37 0
3 16 0.85 -1.98 0 0.75 -1.96 0.49 -0.09 -2.25 0.48
3 16 -0.03 -2.25 0 0.85 -1.98 0 -0.09 -2.25 0.48
3 16 -0.49 -2.14 1.32 -0.25 -2.23 0.93 0.57 -1.91 0.94
3 16 0.29 -1.8 1.32 -0.49 -2.14 1.32 0.57 -1.91 0.94
3 16 1.66 -0.53 0.71 1.44 -0.46 1.12 1.21 -1.31 0.88
3 16 0.94 -1.2 1.27 1.21 -1.31 0.88 1.44 -0.46 1.12
3 16 -3.24 -2 1.82 -2.36 -2.22 1.61 -2.53 -1.89 1.83
3 16 -3.13 -2.27 1.62 -2.36 -2.22 1.61 -3.24 -2 1.82
3 16 -2.36 -2.22 1.61 -1.57 -2.12 1.63 -2.53 -1.89 1.83
3 16 -2.17 -2.39 1.25 -2.36 -2.22 1.61 -3.13 -2.27 1.62
3 16 -3.02 -2.41 1.27 -2.17 -2.39 1.25 -3.13 -2.27 1.62
3 16 -3.02 -2.41 1.27 -3.13 -2.27 1.62 -3.33 -2.27 1.63
5 24 -3.02 -2.41 1.27 -3.13 -2.27 1.62 -2.17 -2.39 1.25 -3.33 -2.27 1.63
3 16 -3.45 -2.42 1.31 -3.02 -2.41 1.27 -3.33 -2.27 1.63
2 24 -3.33 -2.27 1.63 -3.45 -2.42 1.31
3 16 -1.32 -2.3 1.29 -1.57 -2.12 1.63 -2.36 -2.22 1.61
3 16 -2.17 -2.39 1.25 -1.32 -2.3 1.29 -2.36 -2.22 1.61
3 16 -2.17 -2.39 1.25 -3.02 -2.41 1.27 -2.93 -2.47 0.86
3 16 -2.17 -2.39 1.25 -2.93 -2.47 0.86 -2.03 -2.44 0.84
5 24 -2.17 -2.39 1.25 -2.93 -2.47 0.86 -3.02 -2.41 1.27 -2.03 -2.44 0.84
3 16 -2.87 -2.49 0.44 -2.03 -2.44 0.84 -2.93 -2.47 0.86
3 16 -1.95 -2.44 0.42 -2.03 -2.44 0.84 -2.87 -2.49 0.44
3 16 -1.95 -2.44 0.42 -1.13 -2.37 0.88 -2.03 -2.44 0.84
3 16 -1 -2.38 0.45 -1.13 -2.37 0.88 -1.95 -2.44 0.42
4 16 -3.59 -2.48 0.93 -3.73 -2.5 0.5 -2.87 -2.49 0.44 -2.93 -2.47 0.86
2 24 -3.59 -2.48 0.93 -3.73 -2.5 0.5
4 16 -3.45 -2.42 1.31 -3.59 -2.48 0.93 -2.93 -2.47 0.86 -3.02 -2.41 1.27
2 24 -3.45 -2.42 1.31 -3.59 -2.48 0.93
3 16 -2.84 -2.49 0 -1.95 -2.44 0.42 -2.87 -2.49 0.44
3 16 -1.93 -2.43 0 -1.95 -2.44 0.42 -2.84 -2.49 0
3 16 -3.73 -2.5 0.5 -2.84 -2.49 0 -2.87 -2.49 0.44
3 16 -3.85 -2.52 0 -2.84 -2.49 0 -3.73 -2.5 0.5
2 24 -3.73 -2.5 0.5 -3.85 -2.52 0
4 16 -1.93 -2.43 0 -0.96 -2.37 0 -1 -2.38 0.45 -1.95 -2.44 0.42
3 16 -1.13 -2.37 0.88 -1.32 -2.3 1.29 -2.17 -2.39 1.25
3 16 -2.03 -2.44 0.84 -1.13 -2.37 0.88 -2.17 -2.39 1.25
3 16 -1.95 -1.35 1.87 -2.63 -1.46 1.87 -2.53 -1.89 1.83
3 16 -1.95 -1.35 1.87 -2.53 -1.89 1.83 -1.79 -1.78 1.82
5 24 -1.95 -1.35 1.87 -2.53 -1.89 1.83 -2.63 -1.46 1.87 -1.79 -1.78 1.82
3 16 0.02 0.05 1.87 -0.25 -0.5 1.87 0.18 -0.79 1.8
3 16 0.6 -0.16 1.77 0.02 0.05 1.87 0.18 -0.79 1.8
3 16 1.48 -1.38 0 0.75 -1.96 -0.49 1.4 -1.36 -0.45
3 16 0.85 -1.98 0 0.75 -1.96 -0.49 1.48 -1.38 0
3 16 1.4 -1.36 -0.45 0.75 -1.96 -0.49 1.21 -1.31 -0.88
3 16 0.75 -1.96 -0.49 0.57 -1.91 -0.94 1.21 -1.31 -0.88
5 24 0.75 -1.96 -0.49 1.21 -1.31 -0.88 1.4 -1.36 -0.45 0.57 -1.91 -0.94
3 16 1.66 -0.54 -0.71 1.76 -0.57 -0.33 1.4 -1.36 -0.45
3 16 1.21 -1.31 -0.88 1.66 -0.54 -0.71 1.4 -1.36 -0.45
3 16 1.21 -1.31 -0.88 0.57 -1.91 -0.94 0.94 -1.2 -1.27
3 16 0.57 -1.91 -0.94 0.29 -1.8 -1.32 0.94 -1.2 -1.27
5 24 0.57 -1.91 -0.94 0.94 -1.2 -1.27 1.21 -1.31 -0.88 0.29 -1.8 -1.32
3 16 1.44 -0.46 -1.12 1.66 -0.54 -0.71 1.21 -1.31 -0.88
3 16 0.94 -1.2 -1.27 1.44 -0.46 -1.12 1.21 -1.31 -0.88
3 16 -0.96 -2.37 0 -1 -2.38 -0.45 -0.09 -2.25 -0.48
3 16 -0.03 -2.25 0 -0.96 -2.37 0 -0.09 -2.25 -0.48
3 16 -1.13 -2.37 -0.88 -0.25 -2.23 -0.93 -0.09 -2.25 -0.48
3 16 -1 -2.38 -0.45 -1.13 -2.37 -0.88 -0.09 -2.25 -0.48
3 16 -0.25 -2.23 -0.93 0.57 -1.91 -0.94 0.75 -1.96 -0.49
3 16 -0.09 -2.25 -0.48 -0.25 -2.23 -0.93 0.75 -1.96 -0.49
3 16 -1.32 -2.31 -1.29 -0.49 -2.14 -1.32 -0.25 -2.23 -0.93
3 16 -1.13 -2.37 -0.88 -1.32 -2.31 -1.29 -0.25 -2.23 -0.93
3 16 -0.49 -2.14 -1.32 0.57 -1.91 -0.94 -0.25 -2.23 -0.93
3 16 0.29 -1.8 -1.32 0.57 -1.91 -0.94 -0.49 -2.14 -1.32
3 16 0.85 -1.98 0 -0.09 -2.25 -0.48 0.75 -1.96 -0.49
3 16 -0.03 -2.25 0 -0.09 -2.25 -0.48 0.85 -1.98 0
3 16 0.94 -1.2 -1.27 -0.03 -1.6 -1.63 0.59 -1.03 -1.58
3 16 0.29 -1.8 -1.32 -0.03 -1.6 -1.63 0.94 -1.2 -1.27
3 16 -0.03 -1.6 -1.63 -0.37 -1.31 -1.81 0.19 -0.79 -1.8
3 16 0.59 -1.03 -1.58 -0.03 -1.6 -1.63 0.19 -0.79 -1.8
3 16 0.6 -0.16 -1.77 0.59 -1.03 -1.58 0.19 -0.79 -1.8
3 16 1.09 -0.33 -1.5 0.59 -1.03 -1.58 0.6 -0.16 -1.77
3 16 -0.68 -0.95 -1.88 -0.25 -0.5 -1.87 -0.37 -1.31 -1.81
3 16 0.19 -0.79 -1.8 -0.37 -1.31 -1.81 -0.25 -0.5 -1.87
3 16 -0.25 -0.5 -1.87 0.02 0.05 -1.87 0.19 -0.79 -1.8
3 16 0.6 -0.16 -1.77 0.19 -0.79 -1.8 0.02 0.05 -1.87
3 16 -0.49 -2.14 -1.32 -1.56 -2.12 -1.62 -0.78 -1.95 -1.64
3 16 -1.32 -2.31 -1.29 -1.56 -2.12 -1.62 -0.49 -2.14 -1.32
3 16 -0.78 -1.95 -1.64 -1.8 -1.78 -1.82 -1.06 -1.63 -1.82
4 16 -1.56 -2.12 -1.62 -2.53 -1.89 -1.83 -1.8 -1.78 -1.82 -0.78 -1.95 -1.64
4 16 -0.37 -1.31 -1.81 -0.03 -1.6 -1.63 -0.78 -1.95 -1.64 -1.06 -1.63 -1.82
3 16 -1.95 -1.35 -1.87 -1.27 -1.23 -1.87 -1.06 -1.63 -1.82
3 16 -1.8 -1.78 -1.82 -1.95 -1.35 -1.87 -1.06 -1.63 -1.82
3 16 -1.27 -1.23 -1.87 -0.68 -0.95 -1.88 -1.06 -1.63 -1.82
3 16 -0.37 -1.31 -1.81 -1.06 -1.63 -1.82 -0.68 -0.95 -1.88
3 16 -0.03 -1.6 -1.63 0.29 -1.8 -1.32 -0.78 -1.95 -1.64
3 16 -0.49 -2.14 -1.32 -0.78 -1.95 -1.64 0.29 -1.8 -1.32
3 16 1.09 -0.33 -1.5 0.94 -1.2 -1.27 0.59 -1.03 -1.58
3 16 1.44 -0.46 -1.12 0.94 -1.2 -1.27 1.09 -0.33 -1.5
3 16 -1.93 -2.43 0 -2.84 -2.49 0 -1.95 -2.44 -0.42
3 16 -2.87 -2.48 -0.44 -2.03 -2.44 -0.84 -1.95 -2.44 -0.42
3 16 -2.87 -2.48 -0.44 -1.95 -2.44 -0.42 -2.84 -2.49 0
5 24 -2.87 -2.48 -0.44 -1.95 -2.44 -0.42 -2.03 -2.44 -0.84 -2.84 -2.49 0
3 16 -2.93 -2.47 -0.86 -2.03 -2.44 -0.84 -2.87 -2.48 -0.44
3 16 -2.03 -2.44 -0.84 -1.13 -2.37 -0.88 -1.95 -2.44 -0.42
3 16 -1 -2.38 -0.45 -1.95 -2.44 -0.42 -1.13 -2.37 -0.88
3 16 -3.62 -2.47 -0.93 -2.93 -2.47 -0.86 -2.87 -2.48 -0.44
3 16 -3.78 -2.5 -0.49 -3.62 -2.47 -0.93 -2.87 -2.48 -0.44
2 24 -3.78 -2.5 -0.49 -3.62 -2.47 -0.93
3 16 -3.78 -2.5 -0.49 -2.87 -2.48 -0.44 -2.84 -2.49 0
3 16 -3.85 -2.52 0 -3.78 -2.5 -0.49 -2.84 -2.49 0
2 24 -3.85 -2.52 0 -3.78 -2.5 -0.49
3 16 -3.02 -2.41 -1.27 -2.17 -2.39 -1.25 -2.93 -2.47 -0.86
3 16 -2.17 -2.39 -1.25 -2.03 -2.44 -0.84 -2.93 -2.47 -0.86
5 24 -2.17 -2.39 -1.25 -2.93 -2.47 -0.86 -3.02 -2.41 -1.27 -2.03 -2.44 -0.84
3 16 -3.44 -2.42 -1.3 -3.02 -2.41 -1.27 -2.93 -2.47 -0.86
3 16 -3.44 -2.42 -1.3 -2.93 -2.47 -0.86 -3.62 -2.47 -0.93
5 24 -3.44 -2.42 -1.3 -2.93 -2.47 -0.86 -3.02 -2.41 -1.27 -3.62 -2.47 -0.93
2 24 -3.62 -2.47 -0.93 -3.44 -2.42 -1.3
3 16 -2.17 -2.39 -1.25 -1.32 -2.31 -1.29 -1.13 -2.37 -0.88
3 16 -2.03 -2.44 -0.84 -2.17 -2.39 -1.25 -1.13 -2.37 -0.88
3 16 -2.17 -2.39 -1.25 -3.14 -2.27 -1.61 -2.36 -2.23 -1.61
3 16 -3.02 -2.41 -1.27 -3.14 -2.27 -1.61 -2.17 -2.39 -1.25
3 16 -3.21 -2.15 -1.75 -3.16 -1.96 -1.84 -2.53 -1.89 -1.83
2 24 -3.21 -2.15 -1.75 -3.16 -1.96 -1.84
3 16 -2.36 -2.23 -1.61 -3.21 -2.15 -1.75 -2.53 -1.89 -1.83
3 16 -3.14 -2.27 -1.61 -3.21 -2.15 -1.75 -2.36 -2.23 -1.61
3 16 -2.36 -2.23 -1.61 -2.53 -1.89 -1.83 -1.56 -2.12 -1.62
3 16 -3.28 -2.27 -1.63 -3.21 -2.15 -1.75 -3.14 -2.27 -1.61
2 24 -3.28 -2.27 -1.63 -3.21 -2.15 -1.75
4 16 -3.44 -2.42 -1.3 -3.28 -2.27 -1.63 -3.14 -2.27 -1.61 -3.02 -2.41 -1.27
2 24 -3.44 -2.42 -1.3 -3.28 -2.27 -1.63
3 16 -3.13 -1.55 -1.87 -2.63 -1.46 -1.87 -2.53 -1.89 -1.83
3 16 -3.16 -1.96 -1.84 -3.13 -1.55 -1.87 -2.53 -1.89 -1.83
2 24 -3.16 -1.96 -1.84 -3.13 -1.55 -1.87
3 16 -2.63 -1.46 -1.87 -1.95 -1.35 -1.87 -2.53 -1.89 -1.83
3 16 -1.95 -1.35 -1.87 -1.8 -1.78 -1.82 -2.53 -1.89 -1.83
5 24 -1.95 -1.35 -1.87 -2.53 -1.89 -1.83 -2.63 -1.46 -1.87 -1.8 -1.78 -1.82
3 16 -1.56 -2.12 -1.62 -1.32 -2.31 -1.29 -2.36 -2.23 -1.61
3 16 -2.17 -2.39 -1.25 -2.36 -2.23 -1.61 -1.32 -2.31 -1.29
4 16 -1 -2.38 -0.45 -0.96 -2.37 0 -1.93 -2.43 0 -1.95 -2.44 -0.42
3 16 1.76 -0.57 -0.33 1.79 -0.58 0 1.48 -1.38 0
3 16 1.4 -1.36 -0.45 1.76 -0.57 -0.33 1.48 -1.38 0
3 16 -17.45 -2.19 0.08 -19.38 -2.15 0.02 -19.4 -2.03 0.21
3 16 -16.99 -2.06 0.3 -17.45 -2.19 0.08 -19.4 -2.03 0.21
3 16 -19.4 -2.03 0.21 -19.4 -1.96 0.42 -16.99 -2.06 0.3
3 16 -16.36 -1.97 0.55 -16.99 -2.06 0.3 -19.4 -1.96 0.42
4 16 -22.56 -1.7 0 -22.57 -1.63 0.21 -19.4 -1.96 0.42 -19.4 -2.03 0.21
4 16 -22.57 -1.82 -0.19 -22.56 -1.7 0 -19.4 -2.03 0.21 -19.38 -2.15 0.02
3 16 -19.41 -1.93 0.64 -16.36 -1.97 0.55 -19.4 -1.96 0.42
3 16 -15.94 -1.94 0.71 -16.36 -1.97 0.55 -19.41 -1.93 0.64
4 16 -22.57 -1.63 0.21 -22.59 -1.6 0.42 -19.41 -1.93 0.64 -19.4 -1.96 0.42
3 16 -15.94 -1.94 0.71 -19.41 -1.93 0.64 -15.26 -1.94 0.95
3 16 -19.42 -1.96 0.85 -15.26 -1.94 0.95 -19.41 -1.93 0.64
3 16 -19.43 -2.03 1.06 -15.26 -1.94 0.95 -19.42 -1.96 0.85
3 16 -14.6 -2.01 1.18 -15.26 -1.94 0.95 -19.43 -2.03 1.06
3 16 -22.61 -1.62 0.64 -22.64 -1.69 0.84 -19.42 -1.96 0.85
3 16 -22.64 -1.69 0.84 -19.43 -2.03 1.06 -19.42 -1.96 0.85
5 24 -22.64 -1.69 0.84 -19.42 -1.96 0.85 -22.61 -1.62 0.64 -19.43 -2.03 1.06
3 16 -22.59 -1.6 0.42 -22.61 -1.62 0.64 -19.41 -1.93 0.64
3 16 -22.61 -1.62 0.64 -19.42 -1.96 0.85 -19.41 -1.93 0.64
5 24 -22.61 -1.62 0.64 -19.41 -1.93 0.64 -22.59 -1.6 0.42 -19.42 -1.96 0.85
3 16 -19.45 -2.14 1.25 -16.2 -2.16 1.32 -19.43 -2.03 1.06
3 16 -14.6 -2.01 1.18 -19.43 -2.03 1.06 -16.2 -2.16 1.32
4 16 -22.64 -1.69 0.84 -22.68 -1.8 1.03 -19.45 -2.14 1.25 -19.43 -2.03 1.06
4 16 -28.68 -0.15 -1.05 -28.66 -0.04 -0.86 -25.66 -1.03 -0.37 -25.67 -1.14 -0.55
4 16 -28.68 0.04 -0.64 -25.67 -0.96 -0.16 -25.66 -1.03 -0.37 -28.66 -0.04 -0.86
4 16 -22.57 -1.63 0.21 -22.56 -1.7 0 -25.66 -1.03 -0.37 -25.67 -0.96 -0.16
4 16 -31.56 1.31 -1.18 -28.68 0.04 -0.64 -28.66 -0.04 -0.86 -31.55 1.24 -1.39
4 16 -31.57 1.13 -1.58 -31.55 1.24 -1.39 -28.66 -0.04 -0.86 -28.68 -0.15 -1.05
4 16 -25.68 -0.93 0.06 -25.67 -0.96 -0.16 -28.68 0.04 -0.64 -28.7 0.07 -0.42
4 16 -31.56 1.31 -1.18 -31.59 1.34 -0.97 -28.7 0.07 -0.42 -28.68 0.04 -0.64
4 16 -22.59 -1.6 0.42 -22.57 -1.63 0.21 -25.67 -0.96 -0.16 -25.68 -0.93 0.06
3 16 -34.36 2.62 -2.16 -36.78 4.05 -2.64 -34.34 2.73 -1.97
3 16 -36.78 4.05 -2.64 -36.83 4.19 -2.46 -34.34 2.73 -1.97
5 24 -36.78 4.05 -2.64 -34.34 2.73 -1.97 -34.36 2.62 -2.16 -36.83 4.19 -2.46
2 24 -36.78 4.05 -2.64 -36.83 4.19 -2.46
3 16 -36.83 4.19 -2.46 -36.87 4.29 -2.26 -34.34 2.8 -1.75
3 16 -36.83 4.19 -2.46 -34.34 2.8 -1.75 -34.34 2.73 -1.97
5 24 -36.83 4.19 -2.46 -34.34 2.8 -1.75 -36.87 4.29 -2.26 -34.34 2.73 -1.97
2 24 -36.83 4.19 -2.46 -36.87 4.29 -2.26
4 16 -34.34 2.8 -1.75 -31.56 1.31 -1.18 -31.55 1.24 -1.39 -34.34 2.73 -1.97
3 16 -36.87 4.29 -2.26 -36.91 4.32 -2.06 -34.37 2.83 -1.53
3 16 -36.87 4.29 -2.26 -34.37 2.83 -1.53 -34.34 2.8 -1.75
5 24 -36.87 4.29 -2.26 -34.37 2.83 -1.53 -36.91 4.32 -2.06 -34.34 2.8 -1.75
2 24 -36.87 4.29 -2.26 -36.91 4.32 -2.06
4 16 -34.37 2.83 -1.53 -31.59 1.34 -0.97 -31.56 1.31 -1.18 -34.34 2.8 -1.75
4 16 -34.36 2.62 -2.16 -34.34 2.73 -1.97 -31.55 1.24 -1.39 -31.57 1.13 -1.58
4 16 -25.68 -0.93 0.06 -28.7 0.07 -0.42 -28.74 0.05 -0.21 -25.73 -0.95 0.27
4 16 -25.73 -0.95 0.27 -28.74 0.05 -0.21 -28.81 -0.01 0 -25.78 -1.01 0.47
3 16 -22.61 -1.62 0.64 -25.73 -0.95 0.27 -22.64 -1.69 0.84
3 16 -25.73 -0.95 0.27 -25.78 -1.01 0.47 -22.64 -1.69 0.84
5 24 -25.73 -0.95 0.27 -22.64 -1.69 0.84 -22.61 -1.62 0.64 -25.78 -1.01 0.47
4 16 -31.64 1.33 -0.75 -31.71 1.27 -0.55 -28.81 -0.01 0 -28.74 0.05 -0.21
3 16 -28.7 0.07 -0.42 -31.59 1.34 -0.97 -31.64 1.33 -0.75
3 16 -28.7 0.07 -0.42 -31.64 1.33 -0.75 -28.74 0.05 -0.21
5 24 -28.7 0.07 -0.42 -31.64 1.33 -0.75 -31.59 1.34 -0.97 -28.74 0.05 -0.21
3 16 -25.83 -1.12 0.66 -25.78 -1.01 0.47 -28.88 -0.12 0.18
3 16 -25.78 -1.01 0.47 -28.81 -0.01 0 -28.88 -0.12 0.18
5 24 -25.78 -1.01 0.47 -28.88 -0.12 0.18 -25.83 -1.12 0.66 -28.81 -0.01 0
3 16 -31.79 1.17 -0.37 -28.88 -0.12 0.18 -28.81 -0.01 0
3 16 -31.79 1.17 -0.37 -28.81 -0.01 0 -31.71 1.27 -0.55
5 24 -31.79 1.17 -0.37 -28.81 -0.01 0 -28.88 -0.12 0.18 -31.71 1.27 -0.55
4 16 -22.68 -1.8 1.03 -22.64 -1.69 0.84 -25.78 -1.01 0.47 -25.83 -1.12 0.66
3 16 -36.94 4.29 -1.84 -34.42 2.82 -1.32 -34.37 2.83 -1.53
3 16 -36.94 4.29 -1.84 -34.37 2.83 -1.53 -36.91 4.32 -2.06
5 24 -36.94 4.29 -1.84 -34.37 2.83 -1.53 -34.42 2.82 -1.32 -36.91 4.32 -2.06
2 24 -36.91 4.32 -2.06 -36.94 4.29 -1.84
4 16 -36.95 4.2 -1.63 -34.49 2.76 -1.12 -34.42 2.82 -1.32 -36.94 4.29 -1.84
2 24 -36.94 4.29 -1.84 -36.95 4.2 -1.63
4 16 -31.71 1.27 -0.55 -31.64 1.33 -0.75 -34.42 2.82 -1.32 -34.49 2.76 -1.12
3 16 -36.95 4.06 -1.44 -34.58 2.67 -0.93 -34.49 2.76 -1.12
3 16 -36.95 4.06 -1.44 -34.49 2.76 -1.12 -36.95 4.2 -1.63
5 24 -36.95 4.06 -1.44 -34.49 2.76 -1.12 -34.58 2.67 -0.93 -36.95 4.2 -1.63
2 24 -36.95 4.2 -1.63 -36.95 4.06 -1.44
3 16 -31.79 1.17 -0.37 -31.71 1.27 -0.55 -34.58 2.67 -0.93
3 16 -31.71 1.27 -0.55 -34.49 2.76 -1.12 -34.58 2.67 -0.93
5 24 -31.71 1.27 -0.55 -34.58 2.67 -0.93 -31.79 1.17 -0.37 -34.49 2.76 -1.12
4 16 -31.64 1.33 -0.75 -31.59 1.34 -0.97 -34.37 2.83 -1.53 -34.42 2.82 -1.32
3 16 -22.59 -1.6 0.42 -25.68 -0.93 0.06 -22.61 -1.62 0.64
3 16 -25.68 -0.93 0.06 -25.73 -0.95 0.27 -22.61 -1.62 0.64
5 24 -25.68 -0.93 0.06 -22.61 -1.62 0.64 -22.59 -1.6 0.42 -25.73 -0.95 0.27
4 16 -25.67 -1.14 -0.55 -25.66 -1.03 -0.37 -22.56 -1.7 0 -22.57 -1.82 -0.19
3 16 -6.69 -3.26 -0.35 -6.69 -3.15 -0.16 -9.84 -3.77 -0.12
3 16 -6.69 -3.15 -0.16 -9.85 -3.66 0.06 -9.84 -3.77 -0.12
5 24 -6.69 -3.15 -0.16 -9.84 -3.77 -0.12 -6.69 -3.26 -0.35 -9.85 -3.66 0.06
3 16 -9.85 -3.66 0.06 -6.69 -3.15 -0.16 -6.69 -3.07 0.04
3 16 -9.85 -3.66 0.06 -6.69 -3.07 0.04 -9.85 -3.58 0.28
5 24 -9.85 -3.66 0.06 -6.69 -3.07 0.04 -6.69 -3.15 -0.16 -9.85 -3.58 0.28
4 16 -6.69 -3.07 0.04 -6.69 -3.15 -0.16 -3.8 -2.64 -0.4 -3.83 -2.57 -0.2
2 24 -3.8 -2.64 -0.4 -3.83 -2.57 -0.2
3 16 -13.02 -4.07 0.22 -9.85 -3.66 0.06 -9.85 -3.58 0.28
3 16 -13.02 -4.07 0.22 -9.85 -3.58 0.28 -13.02 -4 0.43
5 24 -13.02 -4.07 0.22 -9.85 -3.58 0.28 -9.85 -3.66 0.06 -13.02 -4 0.43
3 16 -9.84 -3.77 -0.12 -9.85 -3.66 0.06 -13.01 -4.19 0.04
3 16 -9.85 -3.66 0.06 -13.02 -4.07 0.22 -13.01 -4.19 0.04
5 24 -9.85 -3.66 0.06 -13.01 -4.19 0.04 -9.84 -3.77 -0.12 -13.02 -4.07 0.22
3 16 -9.85 -3.58 0.28 -6.69 -3.07 0.04 -6.68 -3.04 0.27
3 16 -9.85 -3.58 0.28 -6.68 -3.04 0.27 -9.85 -3.56 0.49
5 24 -9.85 -3.58 0.28 -6.68 -3.04 0.27 -6.69 -3.07 0.04 -9.85 -3.56 0.49
3 16 -13.02 -4 0.43 -9.85 -3.58 0.28 -9.85 -3.56 0.49
3 16 -13.02 -4 0.43 -9.85 -3.56 0.49 -13.01 -3.97 0.65
5 24 -13.02 -4 0.43 -9.85 -3.56 0.49 -9.85 -3.58 0.28 -13.01 -3.97 0.65
3 16 -6.68 -3.04 0.27 -6.69 -3.07 0.04 -3.85 -2.52 0
3 16 -3.83 -2.57 -0.2 -3.85 -2.52 0 -6.69 -3.07 0.04
2 24 -3.83 -2.57 -0.2 -3.85 -2.52 0
4 16 -16.2 -4.3 0.28 -19.4 -4.28 0.21 -19.38 -4.4 0.02 -16.2 -4.42 0.09
4 16 -19.4 -4.28 0.21 -16.2 -4.3 0.28 -16.21 -4.23 0.48 -19.4 -4.21 0.42
3 16 -16.2 -4.3 0.28 -13.02 -4.07 0.22 -13.02 -4 0.43
3 16 -16.2 -4.3 0.28 -13.02 -4 0.43 -16.21 -4.23 0.48
5 24 -16.2 -4.3 0.28 -13.02 -4 0.43 -13.02 -4.07 0.22 -16.21 -4.23 0.48
4 16 -22.56 -3.95 0 -19.4 -4.28 0.21 -19.4 -4.21 0.42 -22.57 -3.88 0.21
4 16 -19.4 -4.28 0.21 -22.56 -3.95 0 -22.57 -4.07 -0.19 -19.38 -4.4 0.02
4 16 -19.4 -4.21 0.42 -16.21 -4.23 0.48 -16.21 -4.2 0.71 -19.41 -4.18 0.64
4 16 -22.57 -3.88 0.21 -19.4 -4.21 0.42 -19.41 -4.18 0.64 -22.59 -3.85 0.42
4 16 -16.21 -4.23 0.48 -13.02 -4 0.43 -13.01 -3.97 0.65 -16.21 -4.2 0.71
3 16 -13.02 -4.07 0.22 -16.2 -4.3 0.28 -13.01 -4.19 0.04
3 16 -16.2 -4.3 0.28 -16.2 -4.42 0.09 -13.01 -4.19 0.04
5 24 -16.2 -4.3 0.28 -13.01 -4.19 0.04 -13.02 -4.07 0.22 -16.2 -4.42 0.09
3 16 -6.68 -3.04 0.27 -6.66 -3.07 0.49 -9.82 -3.58 0.71
3 16 -6.68 -3.04 0.27 -9.82 -3.58 0.71 -9.85 -3.56 0.49
5 24 -6.68 -3.04 0.27 -9.82 -3.58 0.71 -6.66 -3.07 0.49 -9.85 -3.56 0.49
3 16 -6.66 -3.07 0.49 -6.63 -3.13 0.7 -9.82 -3.58 0.71
3 16 -6.63 -3.13 0.7 -9.8 -3.65 0.92 -9.82 -3.58 0.71
5 24 -6.63 -3.13 0.7 -9.82 -3.58 0.71 -6.66 -3.07 0.49 -9.8 -3.65 0.92
3 16 -6.63 -3.13 0.7 -6.66 -3.07 0.49 -3.79 -2.56 0.24
3 16 -6.63 -3.13 0.7 -3.79 -2.56 0.24 -3.74 -2.63 0.45
5 24 -6.63 -3.13 0.7 -3.79 -2.56 0.24 -6.66 -3.07 0.49 -3.74 -2.63 0.45
2 24 -3.79 -2.56 0.24 -3.74 -2.63 0.45
4 16 -13.01 -3.99 0.87 -9.82 -3.58 0.71 -9.8 -3.65 0.92 -12.99 -4.06 1.08
3 16 -9.85 -3.56 0.49 -9.82 -3.58 0.71 -13.01 -3.99 0.87
3 16 -9.85 -3.56 0.49 -13.01 -3.99 0.87 -13.01 -3.97 0.65
5 24 -9.85 -3.56 0.49 -13.01 -3.99 0.87 -9.82 -3.58 0.71 -13.01 -3.97 0.65
3 16 -9.8 -3.65 0.92 -6.63 -3.13 0.7 -9.77 -3.76 1.11
3 16 -6.63 -3.13 0.7 -6.59 -3.25 0.88 -9.77 -3.76 1.11
5 24 -6.63 -3.13 0.7 -9.77 -3.76 1.11 -9.8 -3.65 0.92 -6.59 -3.25 0.88
3 16 -12.99 -4.06 1.08 -9.8 -3.65 0.92 -12.96 -4.18 1.27
3 16 -9.8 -3.65 0.92 -9.77 -3.76 1.11 -12.96 -4.18 1.27
5 24 -9.8 -3.65 0.92 -12.96 -4.18 1.27 -12.99 -4.06 1.08 -9.77 -3.76 1.11
3 16 -6.59 -3.25 0.88 -6.63 -3.13 0.7 -3.74 -2.63 0.45
3 16 -6.59 -3.25 0.88 -3.74 -2.63 0.45 -3.69 -2.74 0.63
5 24 -6.59 -3.25 0.88 -3.74 -2.63 0.45 -6.63 -3.13 0.7 -3.69 -2.74 0.63
2 24 -3.74 -2.63 0.45 -3.69 -2.74 0.63
4 16 -16.21 -4.2 0.71 -16.21 -4.23 0.92 -19.42 -4.21 0.85 -19.41 -4.18 0.64
4 16 -19.42 -4.21 0.85 -16.21 -4.23 0.92 -16.2 -4.3 1.14 -19.43 -4.28 1.06
3 16 -16.21 -4.23 0.92 -13.01 -3.99 0.87 -16.2 -4.3 1.14
3 16 -13.01 -3.99 0.87 -12.99 -4.06 1.08 -16.2 -4.3 1.14
5 24 -13.01 -3.99 0.87 -16.2 -4.3 1.14 -16.21 -4.23 0.92 -12.99 -4.06 1.08
3 16 -22.61 -3.87 0.64 -19.42 -4.21 0.85 -22.64 -3.94 0.84
3 16 -19.42 -4.21 0.85 -19.43 -4.28 1.06 -22.64 -3.94 0.84
5 24 -19.42 -4.21 0.85 -22.64 -3.94 0.84 -22.61 -3.87 0.64 -19.43 -4.28 1.06
3 16 -22.59 -3.85 0.42 -19.41 -4.18 0.64 -22.61 -3.87 0.64
3 16 -19.41 -4.18 0.64 -19.42 -4.21 0.85 -22.61 -3.87 0.64
5 24 -19.41 -4.18 0.64 -22.61 -3.87 0.64 -22.59 -3.85 0.42 -19.42 -4.21 0.85
3 16 -19.43 -4.28 1.06 -16.2 -4.3 1.14 -16.2 -4.41 1.32
3 16 -19.43 -4.28 1.06 -16.2 -4.41 1.32 -19.45 -4.39 1.25
5 24 -19.43 -4.28 1.06 -16.2 -4.41 1.32 -16.2 -4.3 1.14 -19.45 -4.39 1.25
4 16 -22.64 -3.94 0.84 -19.43 -4.28 1.06 -19.45 -4.39 1.25 -22.68 -4.05 1.03
3 16 -16.2 -4.3 1.14 -12.99 -4.06 1.08 -16.2 -4.41 1.32
3 16 -12.99 -4.06 1.08 -12.96 -4.18 1.27 -16.2 -4.41 1.32
5 24 -12.99 -4.06 1.08 -16.2 -4.41 1.32 -16.2 -4.3 1.14 -12.96 -4.18 1.27
3 16 -16.21 -4.23 0.92 -16.21 -4.2 0.71 -13.01 -3.99 0.87
3 16 -16.21 -4.2 0.71 -13.01 -3.97 0.65 -13.01 -3.99 0.87
5 24 -16.21 -4.2 0.71 -13.01 -3.99 0.87 -16.21 -4.23 0.92 -13.01 -3.97 0.65
3 16 -6.66 -3.07 0.49 -6.68 -3.04 0.27 -3.85 -2.52 0
3 16 -3.79 -2.56 0.24 -6.66 -3.07 0.49 -3.85 -2.52 0
2 24 -3.85 -2.52 0 -3.79 -2.56 0.24
4 16 -25.66 -3.28 -0.37 -28.66 -2.29 -0.86 -28.68 -2.4 -1.05 -25.67 -3.39 -0.55
4 16 -25.66 -3.28 -0.37 -25.67 -3.21 -0.16 -28.68 -2.21 -0.64 -28.66 -2.29 -0.86
4 16 -25.66 -3.28 -0.37 -22.56 -3.95 0 -22.57 -3.88 0.21 -25.67 -3.21 -0.16
4 16 -28.66 -2.29 -0.86 -28.68 -2.21 -0.64 -31.56 -0.94 -1.18 -31.55 -1.01 -1.39
4 16 -28.66 -2.29 -0.86 -31.55 -1.01 -1.39 -31.57 -1.12 -1.58 -28.68 -2.4 -1.05
4 16 -28.68 -2.21 -0.64 -25.67 -3.21 -0.16 -25.68 -3.18 0.06 -28.7 -2.18 -0.42
4 16 -31.56 -0.94 -1.18 -28.68 -2.21 -0.64 -28.7 -2.18 -0.42 -31.59 -0.91 -0.97
4 16 -25.67 -3.21 -0.16 -22.57 -3.88 0.21 -22.59 -3.85 0.42 -25.68 -3.18 0.06
3 16 -34.36 0.37 -2.16 -34.34 0.48 -1.97 -36.78 1.8 -2.64
3 16 -34.34 0.48 -1.97 -36.83 1.94 -2.46 -36.78 1.8 -2.64
5 24 -34.34 0.48 -1.97 -36.78 1.8 -2.64 -34.36 0.37 -2.16 -36.83 1.94 -2.46
2 24 -36.83 1.94 -2.46 -36.78 1.8 -2.64
3 16 -36.83 1.94 -2.46 -34.34 0.48 -1.97 -34.34 0.55 -1.75
3 16 -36.83 1.94 -2.46 -34.34 0.55 -1.75 -36.87 2.04 -2.26
5 24 -36.83 1.94 -2.46 -34.34 0.55 -1.75 -34.34 0.48 -1.97 -36.87 2.04 -2.26
2 24 -36.87 2.04 -2.26 -36.83 1.94 -2.46
4 16 -34.34 0.55 -1.75 -34.34 0.48 -1.97 -31.55 -1.01 -1.39 -31.56 -0.94 -1.18
3 16 -36.87 2.04 -2.26 -34.34 0.55 -1.75 -34.37 0.58 -1.53
3 16 -36.87 2.04 -2.26 -34.37 0.58 -1.53 -36.91 2.07 -2.06
5 24 -36.87 2.04 -2.26 -34.37 0.58 -1.53 -34.34 0.55 -1.75 -36.91 2.07 -2.06
2 24 -36.91 2.07 -2.06 -36.87 2.04 -2.26
4 16 -34.37 0.58 -1.53 -34.34 0.55 -1.75 -31.56 -0.94 -1.18 -31.59 -0.91 -0.97
4 16 -31.55 -1.01 -1.39 -34.34 0.48 -1.97 -34.36 0.37 -2.16 -31.57 -1.12 -1.58
4 16 -25.68 -3.18 0.06 -25.73 -3.2 0.27 -28.74 -2.2 -0.21 -28.7 -2.18 -0.42
4 16 -25.73 -3.2 0.27 -25.78 -3.26 0.47 -28.81 -2.26 0 -28.74 -2.2 -0.21
3 16 -25.78 -3.26 0.47 -25.73 -3.2 0.27 -22.64 -3.94 0.84
3 16 -25.73 -3.2 0.27 -22.61 -3.87 0.64 -22.64 -3.94 0.84
5 24 -25.73 -3.2 0.27 -22.64 -3.94 0.84 -25.78 -3.26 0.47 -22.61 -3.87 0.64
4 16 -31.64 -0.92 -0.75 -28.74 -2.2 -0.21 -28.81 -2.26 0 -31.71 -0.98 -0.55
3 16 -28.7 -2.18 -0.42 -28.74 -2.2 -0.21 -31.64 -0.92 -0.75
3 16 -28.7 -2.18 -0.42 -31.64 -0.92 -0.75 -31.59 -0.91 -0.97
5 24 -28.7 -2.18 -0.42 -31.64 -0.92 -0.75 -28.74 -2.2 -0.21 -31.59 -0.91 -0.97
3 16 -28.81 -2.26 0 -25.78 -3.26 0.47 -28.88 -2.37 0.18
3 16 -25.78 -3.26 0.47 -25.83 -3.37 0.66 -28.88 -2.37 0.18
5 24 -25.78 -3.26 0.47 -28.88 -2.37 0.18 -28.81 -2.26 0 -25.83 -3.37 0.66
3 16 -31.79 -1.08 -0.37 -31.71 -0.98 -0.55 -28.81 -2.26 0
3 16 -31.79 -1.08 -0.37 -28.81 -2.26 0 -28.88 -2.37 0.18
5 24 -31.79 -1.08 -0.37 -28.81 -2.26 0 -31.71 -0.98 -0.55 -28.88 -2.37 0.18
4 16 -25.78 -3.26 0.47 -22.64 -3.94 0.84 -22.68 -4.05 1.03 -25.83 -3.37 0.66
3 16 -34.37 0.58 -1.53 -34.42 0.57 -1.32 -36.94 2.04 -1.84
3 16 -34.37 0.58 -1.53 -36.94 2.04 -1.84 -36.91 2.07 -2.06
5 24 -34.37 0.58 -1.53 -36.94 2.04 -1.84 -34.42 0.57 -1.32 -36.91 2.07 -2.06
2 24 -36.94 2.04 -1.84 -36.91 2.07 -2.06
4 16 -34.42 0.57 -1.32 -34.49 0.51 -1.12 -36.95 1.95 -1.63 -36.94 2.04 -1.84
2 24 -36.95 1.95 -1.63 -36.94 2.04 -1.84
4 16 -34.42 0.57 -1.32 -31.64 -0.92 -0.75 -31.71 -0.98 -0.55 -34.49 0.51 -1.12
3 16 -34.49 0.51 -1.12 -34.58 0.42 -0.93 -36.95 1.81 -1.44
3 16 -34.49 0.51 -1.12 -36.95 1.81 -1.44 -36.95 1.95 -1.63
5 24 -34.49 0.51 -1.12 -36.95 1.81 -1.44 -34.58 0.42 -0.93 -36.95 1.95 -1.63
2 24 -36.95 1.81 -1.44 -36.95 1.95 -1.63
3 16 -34.49 0.51 -1.12 -31.71 -0.98 -0.55 -34.58 0.42 -0.93
3 16 -31.71 -0.98 -0.55 -31.79 -1.08 -0.37 -34.58 0.42 -0.93
5 24 -31.71 -0.98 -0.55 -34.58 0.42 -0.93 -34.49 0.51 -1.12 -31.79 -1.08 -0.37
4 16 -34.37 0.58 -1.53 -31.59 -0.91 -0.97 -31.64 -0.92 -0.75 -34.42 0.57 -1.32
3 16 -25.73 -3.2 0.27 -25.68 -3.18 0.06 -22.61 -3.87 0.64
3 16 -25.68 -3.18 0.06 -22.59 -3.85 0.42 -22.61 -3.87 0.64
5 24 -25.68 -3.18 0.06 -22.61 -3.87 0.64 -25.73 -3.2 0.27 -22.59 -3.85 0.42
4 16 -22.56 -3.95 0 -25.66 -3.28 -0.37 -25.67 -3.39 -0.55 -22.57 -4.07 -0.19
3 16 -3.8 -2.64 -0.4 -6.69 -3.15 -0.16 -6.69 -3.26 -0.35
3 16 -3.8 -2.64 -0.4 -6.69 -3.26 -0.35 -3.75 -2.75 -0.59
5 24 -3.8 -2.64 -0.4 -6.69 -3.26 -0.35 -6.69 -3.15 -0.16 -3.75 -2.75 -0.59
2 24 -3.75 -2.75 -0.59 -3.8 -2.64 -0.4
3 16 -3.16 -1.96 -1.84 -3.21 -2.15 -1.75 -3.15 -3.32 -1.85
3 16 -36.78 1.8 -2.64 -36.83 1.94 -2.46 -36.22 3.01 -3.73
3 16 -36.72 1.56 -2.86 -36.78 1.8 -2.64 -36.22 3.01 -3.73
3 16 -36.55 1.14 -3.24 -36.72 1.56 -2.86 -36.22 3.01 -3.73
3 16 -36.22 0.76 -3.73 -36.55 1.14 -3.24 -36.22 3.01 -3.73
4 16 -35.28 2.34 -4.63 -35.28 0.09 -4.63 -36.22 0.76 -3.73 -36.22 3.01 -3.73
4 16 -33.55 1.3 -6.05 -33.55 -0.95 -6.05 -35.28 0.09 -4.63 -35.28 2.34 -4.63
4 16 -31.67 0.38 -7.75 -31.67 -1.87 -7.75 -33.55 -0.95 -6.05 -33.55 1.3 -6.05
4 16 -29.64 -0.33 -9.88 -29.64 -2.58 -9.88 -31.67 -1.87 -7.75 -31.67 0.38 -7.75
4 16 -27.62 -0.75 -12.03 -27.62 -3 -12.03 -29.64 -2.58 -9.88 -29.64 -0.33 -9.88
4 16 -25.52 -1 -13.97 -25.52 -3.25 -13.97 -27.62 -3 -12.03 -27.62 -0.75 -12.03
4 16 -21.83 -1.27 -16.24 -21.83 -3.52 -16.24 -25.52 -3.25 -13.97 -25.52 -1 -13.97
4 16 -18.55 -1.3 -17.36 -18.55 -3.55 -17.36 -21.83 -3.52 -16.24 -21.83 -1.27 -16.24
4 16 -15.33 -3.37 -17.78 -18.55 -3.55 -17.36 -18.55 -1.3 -17.36 -15.33 -1.12 -17.78
4 16 -12.06 -3.13 -17.5 -15.33 -3.37 -17.78 -15.33 -1.12 -17.78 -12.06 -0.88 -17.5
4 16 -8.63 -2.98 -16.31 -12.06 -3.13 -17.5 -12.06 -0.88 -17.5 -8.63 -0.73 -16.31
3 16 -36.87 2.04 -2.26 -36.22 3.01 -3.73 -36.83 1.94 -2.46
3 16 -36.55 3.39 -3.24 -36.22 3.01 -3.73 -36.87 2.04 -2.26
3 16 -36.91 2.07 -2.06 -36.55 3.39 -3.24 -36.87 2.04 -2.26
3 16 -36.72 3.81 -2.86 -36.55 3.39 -3.24 -36.91 2.07 -2.06
3 16 -36.78 4.05 -2.64 -36.72 3.81 -2.86 -36.91 2.07 -2.06
3 16 -36.83 4.19 -2.46 -36.78 4.05 -2.64 -36.91 2.07 -2.06
3 16 -36.87 4.29 -2.26 -36.83 4.19 -2.46 -36.91 2.07 -2.06
3 16 -36.91 4.32 -2.06 -36.87 4.29 -2.26 -36.91 2.07 -2.06
3 16 -3.15 -3.32 -1.85 -3.44 -2.42 -1.3 -3.62 -2.47 -0.93
3 16 -3.75 -2.75 -0.59 -3.15 -3.32 -1.85 -3.62 -2.47 -0.93
3 16 -3.78 -2.5 -0.49 -3.75 -2.75 -0.59 -3.62 -2.47 -0.93
3 16 -3.8 -2.64 -0.4 -3.75 -2.75 -0.59 -3.78 -2.5 -0.49
3 16 -3.28 -2.27 -1.63 -3.44 -2.42 -1.3 -3.15 -3.32 -1.85
3 16 -3.21 -2.15 -1.75 -3.28 -2.27 -1.63 -3.15 -3.32 -1.85
3 16 -2.5 -3.4 -3.29 -3.16 -1.96 -1.84 -3.15 -3.32 -1.85
3 16 -3.13 -1.55 -1.87 -3.16 -1.96 -1.84 -2.5 -3.4 -3.29
3 16 -2.48 -1.15 -3.32 -3.16 -1.11 -1.84 -3.13 -1.55 -1.87
3 16 -2.48 -1.15 -3.32 -3.13 -1.55 -1.87 -2.5 -3.4 -3.29
5 24 -2.48 -1.15 -3.32 -3.13 -1.55 -1.87 -3.16 -1.11 -1.84 -2.5 -3.4 -3.29
4 16 -2.06 -1.16 -4.6 -2.48 -1.15 -3.32 -2.5 -3.4 -3.29 -2.06 -3.41 -4.6
4 16 -1.83 -1.16 -5.9 -2.06 -1.16 -4.6 -2.06 -3.41 -4.6 -1.83 -3.41 -5.9
4 16 -1.81 -3.39 -7.25 -1.81 -1.14 -7.25 -1.83 -1.16 -5.9 -1.83 -3.41 -5.9
4 16 -2.08 -3.32 -8.84 -2.08 -1.07 -8.84 -1.81 -1.14 -7.25 -1.81 -3.39 -7.25
4 16 -3.13 -3.19 -11.18 -3.13 -0.94 -11.18 -2.08 -1.07 -8.84 -2.08 -3.32 -8.84
4 16 -4.1 -3.13 -12.48 -4.1 -0.88 -12.48 -3.13 -0.94 -11.18 -3.13 -3.19 -11.18
4 16 -5.09 -3.07 -13.6 -5.09 -0.82 -13.6 -4.1 -0.88 -12.48 -4.1 -3.13 -12.48
4 16 -8.63 -2.98 -16.31 -8.63 -0.73 -16.31 -5.09 -0.82 -13.6 -5.09 -3.07 -13.6
3 16 -3.83 -2.57 -0.2 -3.8 -2.64 -0.4 -3.78 -2.5 -0.49
3 16 -3.85 -2.52 0 -3.83 -2.57 -0.2 -3.78 -2.5 -0.49
3 16 -3.33 -2.27 1.63 -3.23 -1.97 1.84 -2.31 -1.24 4.6
3 16 -3.24 -2 1.82 -3.33 -2.27 1.63 -3.13 -2.27 1.62
2 24 -3.33 -2.27 1.63 -3.23 -1.97 1.84
3 16 -3.24 -3.35 1.81 -3.45 -2.42 1.31 -3.33 -2.27 1.63
3 16 -3.45 -2.42 1.31 -3.24 -3.35 1.81 -3.59 -2.48 0.93
3 16 -3.24 -3.35 1.81 -3.69 -2.74 0.63 -3.59 -2.48 0.93
5 24 -3.24 -3.35 1.81 -3.59 -2.48 0.93 -3.45 -2.42 1.31 -3.69 -2.74 0.63
3 16 -3.22 -1.56 1.87 -2.31 -1.24 4.6 -3.23 -1.97 1.84
3 16 -2.63 -1.46 1.87 -3.22 -1.56 1.87 -2.53 -1.89 1.83
3 16 -3.22 -1.56 1.87 -3.24 -2 1.82 -2.53 -1.89 1.83
5 24 -3.22 -1.56 1.87 -2.53 -1.89 1.83 -2.63 -1.46 1.87 -3.24 -2 1.82
2 24 -3.22 -1.56 1.87 -3.23 -1.97 1.84
3 16 -2.7 -1.2 3.22 -2.31 -1.24 4.6 -3.22 -1.56 1.87
3 16 -3.74 -2.63 0.45 -3.59 -2.48 0.93 -3.69 -2.74 0.63
3 16 -3.73 -2.5 0.5 -3.59 -2.48 0.93 -3.74 -2.63 0.45
3 16 -3.33 -2.27 1.63 -2.31 -1.24 4.6 -3.24 -3.35 1.81
3 16 -2.7 -3.45 3.22 -3.24 -3.35 1.81 -2.31 -1.24 4.6
3 16 -2.31 -3.49 4.6 -2.7 -3.45 3.22 -2.31 -1.24 4.6
4 16 -2.09 -3.48 5.96 -2.31 -3.49 4.6 -2.31 -1.24 4.6 -2.09 -1.23 5.96
4 16 -2.02 -3.44 7.36 -2.09 -3.48 5.96 -2.09 -1.23 5.96 -2.02 -1.19 7.36
4 16 -2.19 -3.35 8.87 -2.02 -3.44 7.36 -2.02 -1.19 7.36 -2.19 -1.1 8.87
4 16 -2.84 -3.24 10.66 -2.19 -3.35 8.87 -2.19 -1.1 8.87 -2.84 -0.99 10.66
4 16 -4.21 -3.2 12.41 -2.84 -3.24 10.66 -2.84 -0.99 10.66 -4.21 -0.95 12.41
4 16 -5.03 -1 13 -5.03 -3.25 13 -4.21 -3.2 12.41 -4.21 -0.95 12.41
4 16 -8.31 -1.25 14.76 -8.31 -3.5 14.76 -5.03 -3.25 13 -5.03 -1 13
4 16 -11.71 -1.56 15.64 -11.71 -3.81 15.64 -8.31 -3.5 14.76 -8.31 -1.25 14.76
4 16 -15.21 -1.87 15.74 -15.21 -4.12 15.74 -11.71 -3.81 15.64 -11.71 -1.56 15.64
4 16 -18.68 -2.08 15.14 -18.68 -4.33 15.14 -15.21 -4.12 15.74 -15.21 -1.87 15.74
4 16 -22.07 -2.11 13.91 -22.07 -4.36 13.91 -18.68 -4.33 15.14 -18.68 -2.08 15.14
3 16 -3.79 -2.56 0.24 -3.73 -2.5 0.5 -3.74 -2.63 0.45
3 16 -3.24 -1.1 1.81 -2.7 -1.2 3.22 -3.22 -1.56 1.87
3 16 -3.85 -2.52 0 -3.73 -2.5 0.5 -3.79 -2.56 0.24
3 16 -36.95 1.95 -1.63 -36.95 1.81 -1.44 -36.75 3.14 -0.3
3 16 -36.95 1.61 -1.22 -36.75 3.14 -0.3 -36.95 1.81 -1.44
3 16 -36.89 1.24 -0.83 -36.75 3.14 -0.3 -36.95 1.61 -1.22
3 16 -36.43 2.74 0.42 -36.75 3.14 -0.3 -36.89 1.24 -0.83
3 16 -36.75 0.89 -0.3 -36.43 2.74 0.42 -36.89 1.24 -0.83
3 16 -36.43 0.49 0.42 -36.43 2.74 0.42 -36.75 0.89 -0.3
3 16 -35.61 2 1.92 -36.43 2.74 0.42 -36.43 0.49 0.42
3 16 -35.16 1.66 2.66 -35.61 2 1.92 -36.43 0.49 0.42
3 16 -35.61 -0.25 1.92 -35.16 1.66 2.66 -36.43 0.49 0.42
3 16 -35.16 -0.59 2.66 -35.16 1.66 2.66 -35.61 -0.25 1.92
4 16 -33.56 0.58 5.01 -35.16 1.66 2.66 -35.16 -0.59 2.66 -33.57 -1.66 4.99
4 16 -31.19 -0.47 7.75 -33.56 0.58 5.01 -33.57 -1.66 4.99 -31.19 -2.72 7.75
4 16 -28.41 -1.26 10.14 -31.19 -0.47 7.75 -31.19 -2.72 7.75 -28.41 -3.51 10.14
4 16 -25.33 -1.84 12.2 -28.41 -1.26 10.14 -28.41 -3.51 10.14 -25.33 -4.09 12.2
4 16 -22.07 -2.11 13.91 -25.33 -1.84 12.2 -25.33 -4.09 12.2 -22.07 -4.36 13.91
3 16 -36.94 2.04 -1.84 -36.95 1.95 -1.63 -36.75 3.14 -0.3
3 16 -36.89 3.49 -0.83 -36.94 2.04 -1.84 -36.75 3.14 -0.3
3 16 -36.91 2.07 -2.06 -36.94 2.04 -1.84 -36.89 3.49 -0.83
3 16 -36.95 3.86 -1.22 -36.91 2.07 -2.06 -36.89 3.49 -0.83
3 16 -36.95 4.06 -1.44 -36.91 2.07 -2.06 -36.95 3.86 -1.22
3 16 -36.95 4.2 -1.63 -36.91 2.07 -2.06 -36.95 4.06 -1.44
3 16 -36.94 4.29 -1.84 -36.91 2.07 -2.06 -36.95 4.2 -1.63
3 16 -36.91 4.32 -2.06 -36.91 2.07 -2.06 -36.94 4.29 -1.84
0 // Optional Line Data (regenerated using OLC.exe):
5 24 -14.08 -1.39 0.66 -14.03 -1.59 0.93 -13.14 -1.12 0.64 -15.01 -1.66 0.66
5 24 -14.03 -1.59 0.93 -13.14 -1.12 0.64 -14.08 -1.39 0.66 -13.09 -1.33 0.91
5 24 -13.14 -1.12 0.64 -14.08 -1.39 0.66 -14.03 -1.59 0.93 -12.25 -0.7 0.33
5 24 -14.08 -1.39 0.66 -15.01 -1.66 0.66 -14.03 -1.59 0.93 -13.18 -0.98 0.33
5 24 -15.01 -1.66 0.66 -14.03 -1.59 0.93 -14.08 -1.39 0.66 -14.96 -1.86 0.95
5 24 -13.14 -1.12 -0.64 -13.2 -1.33 -0.9 -14.08 -1.39 -0.64 -12.21 -0.85 -0.62
5 24 -13.2 -1.33 -0.9 -14.08 -1.39 -0.64 -13.14 -1.12 -0.64 -14.02 -1.59 -0.93
5 24 -14.08 -1.39 -0.64 -13.14 -1.12 -0.64 -13.2 -1.33 -0.9 -13.18 -0.97 -0.33
5 24 -12.21 -0.85 -0.62 -13.2 -1.33 -0.9 -13.14 -1.12 -0.64 -12.16 -1.06 -0.88
5 24 -13.14 -1.12 -0.64 -12.21 -0.85 -0.62 -13.2 -1.33 -0.9 -12.26 -0.7 -0.32
5 24 -15.98 -1.79 -0.35 -15.05 -1.52 -0.34 -15.95 -1.92 -0.68 -15.99 -1.74 0.01
5 24 -15.05 -1.52 -0.34 -15.95 -1.92 -0.68 -15.98 -1.79 -0.35 -14.11 -1.24 -0.33
5 24 -15.95 -1.92 -0.68 -15.98 -1.79 -0.35 -15.05 -1.52 -0.34 -16.92 -2.06 -0.36
5 24 -16.92 -2.06 -0.36 -15.98 -1.79 -0.35 -15.95 -1.92 -0.68 -16.93 -2.01 0
5 24 -15.95 -1.92 -0.68 -16.92 -2.06 -0.36 -15.98 -1.79 -0.35 -16.88 -2.19 -0.7
5 24 -14.96 -1.85 -0.94 -15.9 -2.12 -0.96 -15.01 -1.65 -0.66 -13.97 -1.84 -1.17
5 24 -15.9 -2.12 -0.96 -15.01 -1.65 -0.66 -14.96 -1.85 -0.94 -15.95 -1.92 -0.68
5 24 -15.01 -1.65 -0.66 -14.96 -1.85 -0.94 -15.9 -2.12 -0.96 -14.02 -1.59 -0.93
5 24 -14.02 -1.59 -0.93 -14.96 -1.85 -0.94 -15.01 -1.65 -0.66 -13.97 -1.84 -1.17
5 24 -15.01 -1.65 -0.66 -14.02 -1.59 -0.93 -14.96 -1.85 -0.94 -14.08 -1.39 -0.64
5 24 -15.9 -2.12 -0.96 -15.95 -1.92 -0.68 -15.01 -1.65 -0.66 -16.88 -2.19 -0.7
5 24 -15.95 -1.92 -0.68 -15.01 -1.65 -0.66 -15.9 -2.12 -0.96 -15.05 -1.52 -0.34
5 24 -15.9 -2.12 -0.96 -16.88 -2.19 -0.7 -15.95 -1.92 -0.68 -16.84 -2.38 -0.98
5 24 -16.88 -2.19 -0.7 -15.95 -1.92 -0.68 -15.9 -2.12 -0.96 -17.85 -2.33 -0.37
5 24 0.86 2.41 1.88 0.41 1.17 1.87 0.85 1.17 1.83 0.62 2.58 1.85
5 24 1.29 2.41 1.83 0.86 2.41 1.88 0.41 1.17 1.87 1.73 3.64 1.83
5 24 1.3 3.64 1.88 0.86 2.41 1.88 1.29 2.41 1.83 1.01 3.77 1.85
5 24 -5.03 -3.25 13 -8.23 -3.81 13.15 -8.14 -4.11 11.38 -8.31 -3.5 14.76
5 24 -8.23 -3.81 13.15 -8.14 -4.11 11.38 -4.98 -3.46 11.82 -11.46 -4.5 12.07
5 24 -8.14 -4.11 11.38 -4.98 -3.46 11.82 -5.03 -3.25 13 -4.92 -3.71 10.2
5 24 -4.98 -3.46 11.82 -5.03 -3.25 13 -8.23 -3.81 13.15 -2.84 -3.24 10.66
5 24 -8.31 -3.5 14.76 -8.23 -3.81 13.15 -5.03 -3.25 13 -11.59 -4.17 13.91
5 24 -8.14 -4.11 11.38 -4.92 -3.71 10.2 -2.84 -3.24 10.66 -8.06 -4.35 9.61
5 24 -4.92 -3.71 10.2 -2.84 -3.24 10.66 -4.98 -3.46 11.82 -2.19 -3.35 8.87
5 24 -2.84 -3.24 10.66 -4.98 -3.46 11.82 -8.14 -4.11 11.38 -4.21 -3.2 12.41
5 24 -4.92 -3.71 10.2 -2.19 -3.35 8.87 -2.84 -3.24 10.66 -8.06 -4.35 9.61
5 24 -11.46 -4.5 12.07 -8.14 -4.11 11.38 -8.23 -3.81 13.15 -11.36 -4.77 10.21
5 24 -8.23 -3.81 13.15 -11.46 -4.5 12.07 -8.14 -4.11 11.38 -11.59 -4.17 13.91
5 24 -11.59 -4.17 13.91 -11.46 -4.5 12.07 -8.23 -3.81 13.15 -15.04 -4.48 14
5 24 -8.23 -3.81 13.15 -11.59 -4.17 13.91 -11.46 -4.5 12.07 -8.31 -3.5 14.76
5 24 -8.31 -3.5 14.76 -11.59 -4.17 13.91 -8.23 -3.81 13.15 -11.71 -3.81 15.64
5 24 -11.71 -3.81 15.64 -11.59 -4.17 13.91 -8.31 -3.5 14.76 -15.21 -4.12 15.74
5 24 -4.92 -3.71 10.2 -8.06 -4.35 9.61 -4.88 -3.88 8.58 -8.14 -4.11 11.38
5 24 -8.06 -4.35 9.61 -4.88 -3.88 8.58 -2.19 -3.35 8.87 -8 -4.49 7.83
5 24 -4.88 -3.88 8.58 -2.19 -3.35 8.87 -4.92 -3.71 10.2 -2.02 -3.44 7.36
5 24 -8.14 -4.11 11.38 -8.06 -4.35 9.61 -4.92 -3.71 10.2 -11.36 -4.77 10.21
5 24 -4.88 -3.88 8.58 -8 -4.49 7.83 -4.85 -3.97 6.96 -8.06 -4.35 9.61
5 24 -8 -4.49 7.83 -4.85 -3.97 6.96 -2.02 -3.44 7.36 -7.96 -4.51 6.06
5 24 -4.85 -3.97 6.96 -2.02 -3.44 7.36 -4.88 -3.88 8.58 -2.09 -3.48 5.96
5 24 -2.02 -3.44 7.36 -4.88 -3.88 8.58 -8 -4.49 7.83 -2.19 -3.35 8.87
5 24 -8.06 -4.35 9.61 -8 -4.49 7.83 -4.88 -3.88 8.58 -11.27 -4.94 8.35
5 24 -4.85 -3.97 6.96 -2.09 -3.48 5.96 -2.02 -3.44 7.36 -7.96 -4.51 6.06
5 24 -11.27 -4.94 8.35 -8 -4.49 7.83 -8.06 -4.35 9.61 -11.18 -4.98 6.5
5 24 -8.06 -4.35 9.61 -11.27 -4.94 8.35 -8 -4.49 7.83 -11.36 -4.77 10.21
5 24 -11.36 -4.77 10.21 -11.27 -4.94 8.35 -8.06 -4.35 9.61 -14.72 -5.09 10.31
5 24 -8.06 -4.35 9.61 -11.36 -4.77 10.21 -11.27 -4.94 8.35 -8.14 -4.11 11.38
5 24 -8.14 -4.11 11.38 -11.36 -4.77 10.21 -8.06 -4.35 9.61 -11.46 -4.5 12.07
5 24 -11.46 -4.5 12.07 -11.36 -4.77 10.21 -8.14 -4.11 11.38 -14.88 -4.82 12.16
5 24 -18.68 -4.33 15.14 -18.5 -4.68 13.49 -15.04 -4.48 14 -22.07 -4.36 13.91
5 24 -18.5 -4.68 13.49 -15.04 -4.48 14 -15.21 -4.12 15.74 -18.3 -5 11.72
5 24 -15.04 -4.48 14 -15.21 -4.12 15.74 -18.68 -4.33 15.14 -11.59 -4.17 13.91
5 24 -18.5 -4.68 13.49 -18.3 -5 11.72 -14.88 -4.82 12.16 -21.88 -4.66 12.46
5 24 -18.3 -5 11.72 -14.88 -4.82 12.16 -15.04 -4.48 14 -18.1 -5.25 9.94
5 24 -14.88 -4.82 12.16 -15.04 -4.48 14 -18.5 -4.68 13.49 -11.46 -4.5 12.07
5 24 -14.88 -4.82 12.16 -11.46 -4.5 12.07 -11.59 -4.17 13.91 -14.72 -5.09 10.31
5 24 -11.59 -4.17 13.91 -15.04 -4.48 14 -14.88 -4.82 12.16 -11.71 -3.81 15.64
5 24 -21.88 -4.66 12.46 -21.65 -4.95 10.81 -18.3 -5 11.72 -25.15 -4.31 11.08
5 24 -21.65 -4.95 10.81 -18.3 -5 11.72 -18.5 -4.68 13.49 -18.1 -5.25 9.94
5 24 -18.5 -4.68 13.49 -21.88 -4.66 12.46 -21.65 -4.95 10.81 -18.68 -4.33 15.14
5 24 -22.07 -4.36 13.91 -21.88 -4.66 12.46 -18.5 -4.68 13.49 -25.33 -4.09 12.2
5 24 -18.3 -5 11.72 -18.1 -5.25 9.94 -14.72 -5.09 10.31 -21.65 -4.95 10.81
5 24 -18.1 -5.25 9.94 -14.72 -5.09 10.31 -14.88 -4.82 12.16 -17.91 -5.41 8.17
5 24 -14.72 -5.09 10.31 -14.88 -4.82 12.16 -18.3 -5 11.72 -11.36 -4.77 10.21
5 24 -17.91 -5.41 8.17 -14.58 -5.27 8.46 -14.72 -5.09 10.31 -17.72 -5.44 6.39
5 24 -14.58 -5.27 8.46 -14.72 -5.09 10.31 -18.1 -5.25 9.94 -11.27 -4.94 8.35
5 24 -18.1 -5.25 9.94 -17.91 -5.41 8.17 -14.58 -5.27 8.46 -21.42 -5.17 9.17
5 24 -14.58 -5.27 8.46 -11.27 -4.94 8.35 -11.36 -4.77 10.21 -14.45 -5.31 6.61
5 24 -11.36 -4.77 10.21 -14.72 -5.09 10.31 -14.58 -5.27 8.46 -11.46 -4.5 12.07
5 24 -21.42 -5.17 9.17 -21.19 -5.29 7.52 -17.91 -5.41 8.17 -24.64 -4.74 8.12
5 24 -21.19 -5.29 7.52 -17.91 -5.41 8.17 -21.42 -5.17 9.17 -17.72 -5.44 6.39
5 24 -17.91 -5.41 8.17 -21.42 -5.17 9.17 -21.19 -5.29 7.52 -18.1 -5.25 9.94
5 24 -18.1 -5.25 9.94 -21.42 -5.17 9.17 -17.91 -5.41 8.17 -21.65 -4.95 10.81
5 24 -21.65 -4.95 10.81 -21.42 -5.17 9.17 -18.1 -5.25 9.94 -24.9 -4.56 9.6
5 24 -18.1 -5.25 9.94 -21.65 -4.95 10.81 -21.42 -5.17 9.17 -18.3 -5 11.72
5 24 -4.85 -3.97 6.96 -7.96 -4.51 6.06 -4.83 -3.96 5.34 -8 -4.49 7.83
5 24 -7.96 -4.51 6.06 -4.83 -3.96 5.34 -2.09 -3.48 5.96 -7.94 -4.42 4.29
5 24 -4.83 -3.96 5.34 -2.09 -3.48 5.96 -4.85 -3.97 6.96 -2.31 -3.49 4.6
5 24 -8 -4.49 7.83 -7.96 -4.51 6.06 -4.85 -3.97 6.96 -11.18 -4.98 6.5
5 24 -4.83 -3.96 5.34 -7.94 -4.42 4.29 -4.84 -3.86 3.72 -7.96 -4.51 6.06
5 24 -7.94 -4.42 4.29 -4.84 -3.86 3.72 -2.31 -3.49 4.6 -7.94 -4.22 2.49
5 24 -4.84 -3.86 3.72 -2.31 -3.49 4.6 -4.83 -3.96 5.34 -2.7 -3.45 3.22
5 24 -2.31 -3.49 4.6 -4.83 -3.96 5.34 -7.94 -4.42 4.29 -2.09 -3.48 5.96
5 24 -7.96 -4.51 6.06 -7.94 -4.42 4.29 -4.83 -3.96 5.34 -11.18 -4.98 6.5
5 24 -4.84 -3.86 3.72 -2.7 -3.45 3.22 -2.31 -3.49 4.6 -7.94 -4.22 2.49
5 24 -11.12 -4.9 4.65 -7.94 -4.42 4.29 -7.96 -4.51 6.06 -11.07 -4.7 2.78
5 24 -7.96 -4.51 6.06 -11.18 -4.98 6.5 -11.12 -4.9 4.65 -8 -4.49 7.83
5 24 -11.18 -4.98 6.5 -11.12 -4.9 4.65 -7.94 -4.42 4.29 -14.45 -5.31 6.61
5 24 -8 -4.49 7.83 -11.18 -4.98 6.5 -7.96 -4.51 6.06 -11.27 -4.94 8.35
5 24 -11.27 -4.94 8.35 -11.18 -4.98 6.5 -8 -4.49 7.83 -14.58 -5.27 8.46
5 24 -4.84 -3.86 3.72 -7.94 -4.22 2.49 -4.86 -3.66 2.07 -7.94 -4.42 4.29
5 24 -7.94 -4.22 2.49 -4.86 -3.66 2.07 -2.7 -3.45 3.22 -6.59 -3.25 0.88
5 24 -4.86 -3.66 2.07 -2.7 -3.45 3.22 -4.84 -3.86 3.72 -3.24 -3.35 1.81
5 24 -7.94 -4.42 4.29 -7.94 -4.22 2.49 -4.84 -3.86 3.72 -11.12 -4.9 4.65
5 24 -6.59 -3.25 0.88 -4.86 -3.66 2.07 -7.94 -4.22 2.49 -3.24 -3.35 1.81
5 24 -7.94 -4.22 2.49 -6.59 -3.25 0.88 -4.86 -3.66 2.07 -9.77 -3.76 1.11
5 24 -9.77 -3.76 1.11 -6.59 -3.25 0.88 -7.94 -4.22 2.49 -9.8 -3.65 0.92
5 24 -7.94 -4.22 2.49 -9.77 -3.76 1.11 -6.59 -3.25 0.88 -11.07 -4.7 2.78
5 24 -6.59 -3.25 0.88 -3.24 -3.35 1.81 -4.86 -3.66 2.07 -3.69 -2.74 0.63
5 24 -3.24 -3.35 1.81 -4.86 -3.66 2.07 -6.59 -3.25 0.88 -2.7 -3.45 3.22
5 24 -6.59 -3.25 0.88 -3.69 -2.74 0.63 -3.24 -3.35 1.81 -6.63 -3.13 0.7
5 24 -7.94 -4.22 2.49 -11.07 -4.7 2.78 -12.96 -4.18 1.27 -7.94 -4.42 4.29
5 24 -11.07 -4.7 2.78 -12.96 -4.18 1.27 -9.77 -3.76 1.11 -14.22 -5.04 2.88
5 24 -12.96 -4.18 1.27 -9.77 -3.76 1.11 -7.94 -4.22 2.49 -12.99 -4.06 1.08
5 24 -11.12 -4.9 4.65 -11.07 -4.7 2.78 -7.94 -4.22 2.49 -14.33 -5.24 4.77
5 24 -17.91 -5.41 8.17 -17.72 -5.44 6.39 -14.45 -5.31 6.61 -21.19 -5.29 7.52
5 24 -17.72 -5.44 6.39 -14.45 -5.31 6.61 -14.58 -5.27 8.46 -17.53 -5.36 4.62
5 24 -14.45 -5.31 6.61 -14.58 -5.27 8.46 -17.91 -5.41 8.17 -11.18 -4.98 6.5
5 24 -17.72 -5.44 6.39 -17.53 -5.36 4.62 -14.33 -5.24 4.77 -20.95 -5.31 5.88
5 24 -17.53 -5.36 4.62 -14.33 -5.24 4.77 -14.45 -5.31 6.61 -17.33 -5.18 2.82
5 24 -14.33 -5.24 4.77 -14.45 -5.31 6.61 -17.72 -5.44 6.39 -11.12 -4.9 4.65
5 24 -11.18 -4.98 6.5 -14.45 -5.31 6.61 -14.33 -5.24 4.77 -11.27 -4.94 8.35
5 24 -14.33 -5.24 4.77 -11.12 -4.9 4.65 -11.18 -4.98 6.5 -14.22 -5.04 2.88
5 24 -20.95 -5.31 5.88 -20.7 -5.23 4.24 -17.53 -5.36 4.62 -24.09 -4.84 5.16
5 24 -20.7 -5.23 4.24 -17.53 -5.36 4.62 -17.72 -5.44 6.39 -20.43 -5.04 2.58
5 24 -17.72 -5.44 6.39 -20.95 -5.31 5.88 -20.7 -5.23 4.24 -21.19 -5.29 7.52
5 24 -21.19 -5.29 7.52 -20.95 -5.31 5.88 -17.72 -5.44 6.39 -24.37 -4.83 6.65
5 24 -17.72 -5.44 6.39 -21.19 -5.29 7.52 -20.95 -5.31 5.88 -17.91 -5.41 8.17
5 24 -17.53 -5.36 4.62 -17.33 -5.18 2.82 -14.22 -5.04 2.88 -20.7 -5.23 4.24
5 24 -17.33 -5.18 2.82 -14.22 -5.04 2.88 -14.33 -5.24 4.77 -16.2 -4.41 1.32
5 24 -14.22 -5.04 2.88 -14.33 -5.24 4.77 -17.53 -5.36 4.62 -11.07 -4.7 2.78
5 24 -16.2 -4.41 1.32 -14.22 -5.04 2.88 -17.33 -5.18 2.82 -12.96 -4.18 1.27
5 24 -17.33 -5.18 2.82 -16.2 -4.41 1.32 -14.22 -5.04 2.88 -20.43 -5.04 2.58
5 24 -12.96 -4.18 1.27 -14.22 -5.04 2.88 -16.2 -4.41 1.32 -11.07 -4.7 2.78
5 24 -16.2 -4.41 1.32 -12.96 -4.18 1.27 -14.22 -5.04 2.88 -16.2 -4.3 1.14
5 24 -11.07 -4.7 2.78 -14.22 -5.04 2.88 -12.96 -4.18 1.27 -11.12 -4.9 4.65
5 24 -19.45 -4.39 1.25 -16.2 -4.41 1.32 -20.43 -5.04 2.58 -19.43 -4.28 1.06
5 24 -16.2 -4.41 1.32 -20.43 -5.04 2.58 -19.45 -4.39 1.25 -17.33 -5.18 2.82
5 24 -20.43 -5.04 2.58 -19.45 -4.39 1.25 -16.2 -4.41 1.32 -23.46 -4.62 2.17
5 24 -17.33 -5.18 2.82 -20.43 -5.04 2.58 -16.2 -4.41 1.32 -17.53 -5.36 4.62
5 24 -20.7 -5.23 4.24 -20.43 -5.04 2.58 -17.33 -5.18 2.82 -23.78 -4.78 3.67
5 24 -28.41 -3.51 10.14 -28.27 -3.65 9.43 -24.9 -4.56 9.6 -31.19 -2.72 7.75
5 24 -28.27 -3.65 9.43 -24.9 -4.56 9.6 -25.15 -4.31 11.08 -28 -3.84 8.13
5 24 -24.9 -4.56 9.6 -25.15 -4.31 11.08 -28.41 -3.51 10.14 -21.65 -4.95 10.81
5 24 -25.15 -4.31 11.08 -28.41 -3.51 10.14 -28.27 -3.65 9.43 -25.33 -4.09 12.2
5 24 -25.15 -4.31 11.08 -25.33 -4.09 12.2 -28.41 -3.51 10.14 -21.88 -4.66 12.46
5 24 -28.27 -3.65 9.43 -28 -3.84 8.13 -24.9 -4.56 9.6 -31.19 -2.72 7.75
5 24 -28 -3.84 8.13 -24.9 -4.56 9.6 -28.27 -3.65 9.43 -24.64 -4.74 8.12
5 24 -21.65 -4.95 10.81 -25.15 -4.31 11.08 -24.9 -4.56 9.6 -21.88 -4.66 12.46
5 24 -24.9 -4.56 9.6 -21.65 -4.95 10.81 -25.15 -4.31 11.08 -21.42 -5.17 9.17
5 24 -21.88 -4.66 12.46 -25.15 -4.31 11.08 -21.65 -4.95 10.81 -25.33 -4.09 12.2
5 24 -31.09 -2.78 7.36 -30.82 -2.91 6.29 -27.71 -3.98 6.84 -33.57 -1.66 4.99
5 24 -30.82 -2.91 6.29 -27.71 -3.98 6.84 -28 -3.84 8.13 -30.55 -2.99 5.22
5 24 -27.71 -3.98 6.84 -28 -3.84 8.13 -31.09 -2.78 7.36 -24.64 -4.74 8.12
5 24 -28 -3.84 8.13 -31.09 -2.78 7.36 -30.82 -2.91 6.29 -28.27 -3.65 9.43
5 24 -28.27 -3.65 9.43 -31.19 -2.72 7.75 -31.09 -2.78 7.36 -28.41 -3.51 10.14
5 24 -31.19 -2.72 7.75 -31.09 -2.78 7.36 -28 -3.84 8.13 -33.57 -1.66 4.99
5 24 -27.71 -3.98 6.84 -24.64 -4.74 8.12 -28 -3.84 8.13 -24.37 -4.83 6.65
5 24 -24.64 -4.74 8.12 -28 -3.84 8.13 -27.71 -3.98 6.84 -24.9 -4.56 9.6
5 24 -24.64 -4.74 8.12 -24.9 -4.56 9.6 -28 -3.84 8.13 -21.42 -5.17 9.17
5 24 -27.71 -3.98 6.84 -27.42 -4.05 5.54 -24.37 -4.83 6.65 -30.82 -2.91 6.29
5 24 -27.42 -4.05 5.54 -24.37 -4.83 6.65 -27.71 -3.98 6.84 -24.09 -4.84 5.16
5 24 -24.37 -4.83 6.65 -27.71 -3.98 6.84 -27.42 -4.05 5.54 -24.64 -4.74 8.12
5 24 -24.37 -4.83 6.65 -24.64 -4.74 8.12 -27.71 -3.98 6.84 -21.19 -5.29 7.52
5 24 -21.19 -5.29 7.52 -24.64 -4.74 8.12 -24.37 -4.83 6.65 -21.42 -5.17 9.17
5 24 -24.37 -4.83 6.65 -21.19 -5.29 7.52 -24.64 -4.74 8.12 -20.95 -5.31 5.88
5 24 -21.42 -5.17 9.17 -24.64 -4.74 8.12 -21.19 -5.29 7.52 -24.9 -4.56 9.6
5 24 -30.55 -2.99 5.22 -30.25 -3.03 4.15 -27.42 -4.05 5.54 -33.08 -1.77 3.37
5 24 -30.25 -3.03 4.15 -27.42 -4.05 5.54 -30.55 -2.99 5.22 -27.1 -4.06 4.24
5 24 -27.42 -4.05 5.54 -30.55 -2.99 5.22 -30.25 -3.03 4.15 -27.71 -3.98 6.84
5 24 -30.82 -2.91 6.29 -30.55 -2.99 5.22 -27.42 -4.05 5.54 -33.57 -1.66 4.99
5 24 -21.42 -5.17 9.17 -24.9 -4.56 9.6 -24.64 -4.74 8.12 -21.65 -4.95 10.81
5 24 -35.16 -0.59 2.66 -33.33 -1.74 4.18 -33.57 -1.66 4.99 -33.08 -1.77 3.37
5 24 -33.33 -1.74 4.18 -33.57 -1.66 4.99 -35.16 -0.59 2.66 -30.55 -2.99 5.22
5 24 -33.33 -1.74 4.18 -30.55 -2.99 5.22 -30.82 -2.91 6.29 -33.08 -1.77 3.37
5 24 -30.82 -2.91 6.29 -33.57 -1.66 4.99 -33.33 -1.74 4.18 -31.09 -2.78 7.36
5 24 -31.09 -2.78 7.36 -33.57 -1.66 4.99 -30.82 -2.91 6.29 -31.19 -2.72 7.75
5 24 -35.16 -0.59 2.66 -33.08 -1.77 3.37 -33.33 -1.74 4.18 -35.61 -0.25 1.92
5 24 -33.08 -1.77 3.37 -33.33 -1.74 4.18 -35.16 -0.59 2.66 -30.55 -2.99 5.22
5 24 -35.61 -0.25 1.92 -32.83 -1.77 2.55 -33.08 -1.77 3.37 -35.32 -0.23 1.04
5 24 -32.83 -1.77 2.55 -33.08 -1.77 3.37 -35.16 -0.59 2.66 -29.93 -3.04 3.07
5 24 -35.32 -0.23 1.04 -32.56 -1.76 1.71 -32.83 -1.77 2.55 -35.12 -0.21 0.45
5 24 -32.56 -1.76 1.71 -32.83 -1.77 2.55 -35.61 -0.25 1.92 -29.93 -3.04 3.07
5 24 -35.61 -0.25 1.92 -35.32 -0.23 1.04 -32.56 -1.76 1.71 -36.43 0.49 0.42
5 24 -32.83 -1.77 2.55 -29.93 -3.04 3.07 -30.25 -3.03 4.15 -32.56 -1.76 1.71
5 24 -29.93 -3.04 3.07 -30.25 -3.03 4.15 -33.08 -1.77 3.37 -27.1 -4.06 4.24
5 24 -30.25 -3.03 4.15 -33.08 -1.77 3.37 -32.83 -1.77 2.55 -30.55 -2.99 5.22
5 24 -30.55 -2.99 5.22 -33.08 -1.77 3.37 -30.25 -3.03 4.15 -33.33 -1.74 4.18
5 24 -36.43 0.49 0.42 -35.32 -0.23 1.04 -35.61 -0.25 1.92 -35.12 -0.21 0.45
5 24 -27.42 -4.05 5.54 -27.1 -4.06 4.24 -24.09 -4.84 5.16 -30.25 -3.03 4.15
5 24 -27.1 -4.06 4.24 -24.09 -4.84 5.16 -27.42 -4.05 5.54 -26.76 -4.03 2.93
5 24 -24.09 -4.84 5.16 -27.42 -4.05 5.54 -27.1 -4.06 4.24 -24.37 -4.83 6.65
5 24 -24.09 -4.84 5.16 -24.37 -4.83 6.65 -27.42 -4.05 5.54 -20.95 -5.31 5.88
5 24 -27.1 -4.06 4.24 -26.76 -4.03 2.93 -23.78 -4.78 3.67 -29.93 -3.04 3.07
5 24 -26.76 -4.03 2.93 -23.78 -4.78 3.67 -24.09 -4.84 5.16 -23.46 -4.62 2.17
5 24 -23.78 -4.78 3.67 -24.09 -4.84 5.16 -27.1 -4.06 4.24 -20.7 -5.23 4.24
5 24 -20.95 -5.31 5.88 -24.09 -4.84 5.16 -23.78 -4.78 3.67 -24.37 -4.83 6.65
5 24 -23.78 -4.78 3.67 -20.7 -5.23 4.24 -20.95 -5.31 5.88 -23.46 -4.62 2.17
5 24 -29.93 -3.04 3.07 -29.59 -3.01 1.97 -26.76 -4.03 2.93 -32.56 -1.76 1.71
5 24 -29.59 -3.01 1.97 -26.76 -4.03 2.93 -29.93 -3.04 3.07 -26.41 -3.88 1.63
5 24 -26.76 -4.03 2.93 -29.93 -3.04 3.07 -29.59 -3.01 1.97 -27.1 -4.06 4.24
5 24 -27.1 -4.06 4.24 -29.93 -3.04 3.07 -26.76 -4.03 2.93 -30.25 -3.03 4.15
5 24 -27.1 -4.06 4.24 -30.25 -3.03 4.15 -29.93 -3.04 3.07 -27.42 -4.05 5.54
5 24 -26.76 -4.03 2.93 -26.41 -3.88 1.63 -23.46 -4.62 2.17 -29.59 -3.01 1.97
5 24 -26.41 -3.88 1.63 -23.46 -4.62 2.17 -26.76 -4.03 2.93 -22.68 -4.05 1.03
5 24 -23.46 -4.62 2.17 -26.76 -4.03 2.93 -26.41 -3.88 1.63 -23.78 -4.78 3.67
5 24 -23.46 -4.62 2.17 -23.78 -4.78 3.67 -26.76 -4.03 2.93 -20.43 -5.04 2.58
5 24 -22.68 -4.05 1.03 -23.46 -4.62 2.17 -26.41 -3.88 1.63 -19.45 -4.39 1.25
5 24 -26.41 -3.88 1.63 -22.68 -4.05 1.03 -23.46 -4.62 2.17 -25.83 -3.37 0.66
5 24 -25.83 -3.37 0.66 -22.68 -4.05 1.03 -26.41 -3.88 1.63 -25.78 -3.26 0.47
5 24 -26.41 -3.88 1.63 -25.83 -3.37 0.66 -22.68 -4.05 1.03 -29.22 -2.84 0.93
5 24 -22.68 -4.05 1.03 -19.45 -4.39 1.25 -20.43 -5.04 2.58 -22.64 -3.94 0.84
5 24 -20.43 -5.04 2.58 -23.46 -4.62 2.17 -22.68 -4.05 1.03 -20.7 -5.23 4.24
5 24 -26.41 -3.88 1.63 -29.22 -2.84 0.93 -25.83 -3.37 0.66 -29.59 -3.01 1.97
5 24 -29.22 -2.84 0.93 -25.83 -3.37 0.66 -26.41 -3.88 1.63 -28.88 -2.37 0.18
5 24 -28.88 -2.37 0.18 -25.83 -3.37 0.66 -29.22 -2.84 0.93 -28.81 -2.26 0
5 24 -29.22 -2.84 0.93 -28.88 -2.37 0.18 -25.83 -3.37 0.66 -31.94 -1.5 0.16
5 24 -26.41 -3.88 1.63 -29.59 -3.01 1.97 -29.22 -2.84 0.93 -26.76 -4.03 2.93
5 24 -29.59 -3.01 1.97 -29.22 -2.84 0.93 -26.41 -3.88 1.63 -32.27 -1.7 0.89
5 24 -35.32 -0.23 1.04 -35.12 -0.21 0.45 -32.56 -1.76 1.71 -36.43 0.49 0.42
5 24 -35.12 -0.21 0.45 -32.56 -1.76 1.71 -35.32 -0.23 1.04 -32.27 -1.7 0.89
5 24 -35.12 -0.21 0.45 -34.88 -0.11 -0.11 -32.27 -1.7 0.89 -36.75 0.89 -0.3
5 24 -34.88 -0.11 -0.11 -32.27 -1.7 0.89 -35.12 -0.21 0.45 -31.94 -1.5 0.16
5 24 -32.27 -1.7 0.89 -35.12 -0.21 0.45 -34.88 -0.11 -0.11 -32.56 -1.76 1.71
5 24 -32.27 -1.7 0.89 -32.56 -1.76 1.71 -35.12 -0.21 0.45 -29.59 -3.01 1.97
5 24 -29.59 -3.01 1.97 -32.56 -1.76 1.71 -32.27 -1.7 0.89 -29.93 -3.04 3.07
5 24 -32.27 -1.7 0.89 -29.59 -3.01 1.97 -32.56 -1.76 1.71 -29.22 -2.84 0.93
5 24 -29.93 -3.04 3.07 -32.56 -1.76 1.71 -29.59 -3.01 1.97 -32.83 -1.77 2.55
5 24 -36.75 0.89 -0.3 -34.88 -0.11 -0.11 -35.12 -0.21 0.45 -36.89 1.24 -0.83
5 24 -35.12 -0.21 0.45 -36.75 0.89 -0.3 -34.88 -0.11 -0.11 -36.43 0.49 0.42
5 24 -36.89 1.24 -0.83 -34.88 -0.11 -0.11 -36.75 0.89 -0.3 -34.61 0.1 -0.59
5 24 -36.43 0.49 0.42 -35.12 -0.21 0.45 -35.32 -0.23 1.04 -36.75 0.89 -0.3
5 24 -34.88 -0.11 -0.11 -34.61 0.1 -0.59 -31.94 -1.5 0.16 -36.89 1.24 -0.83
5 24 -34.61 0.1 -0.59 -31.94 -1.5 0.16 -34.88 -0.11 -0.11 -31.79 -1.08 -0.37
5 24 -31.94 -1.5 0.16 -34.88 -0.11 -0.11 -34.61 0.1 -0.59 -32.27 -1.7 0.89
5 24 -31.94 -1.5 0.16 -32.27 -1.7 0.89 -34.88 -0.11 -0.11 -29.22 -2.84 0.93
5 24 -31.79 -1.08 -0.37 -31.94 -1.5 0.16 -34.61 0.1 -0.59 -28.88 -2.37 0.18
5 24 -34.61 0.1 -0.59 -31.79 -1.08 -0.37 -31.94 -1.5 0.16 -34.58 0.42 -0.93
5 24 -34.58 0.42 -0.93 -31.79 -1.08 -0.37 -34.61 0.1 -0.59 -34.49 0.51 -1.12
5 24 -34.61 0.1 -0.59 -34.58 0.42 -0.93 -31.79 -1.08 -0.37 -36.95 1.61 -1.22
5 24 -29.22 -2.84 0.93 -31.94 -1.5 0.16 -28.88 -2.37 0.18 -32.27 -1.7 0.89
5 24 -31.94 -1.5 0.16 -28.88 -2.37 0.18 -29.22 -2.84 0.93 -31.79 -1.08 -0.37
5 24 -31.79 -1.08 -0.37 -28.88 -2.37 0.18 -31.94 -1.5 0.16 -31.71 -0.98 -0.55
5 24 -34.61 0.1 -0.59 -36.95 1.61 -1.22 -34.58 0.42 -0.93 -36.89 1.24 -0.83
5 24 -36.95 1.61 -1.22 -34.58 0.42 -0.93 -34.61 0.1 -0.59 -36.95 1.81 -1.44
5 24 -36.95 1.81 -1.44 -34.58 0.42 -0.93 -36.95 1.61 -1.22 -36.95 1.95 -1.63
5 24 -36.89 1.24 -0.83 -34.61 0.1 -0.59 -34.88 -0.11 -0.11 -36.95 1.61 -1.22
5 24 -29.22 -2.84 0.93 -32.27 -1.7 0.89 -31.94 -1.5 0.16 -29.59 -3.01 1.97
5 24 -20.95 -5.31 5.88 -24.37 -4.83 6.65 -24.09 -4.84 5.16 -21.19 -5.29 7.52
5 24 -21.88 -4.66 12.46 -25.33 -4.09 12.2 -25.15 -4.31 11.08 -22.07 -4.36 13.91
5 24 -4.35 -1.24 1.82 -2.7 -1.2 3.22 -3.24 -1.1 1.81 -5.43 -1.4 1.8
5 24 -4.84 -1.61 3.72 -2.7 -1.2 3.22 -4.35 -1.24 1.82 -2.31 -1.24 4.6
5 24 -5.43 -1.4 1.8 -4.84 -1.61 3.72 -2.7 -1.2 3.22 -7.94 -1.97 2.49
5 24 -12.59 -2.12 1.54 -11.07 -2.45 2.78 -11.9 -2.1 1.61 -14.22 -2.79 2.88
5 24 -11.07 -2.45 2.78 -11.9 -2.1 1.61 -12.59 -2.12 1.54 -10.91 -2.05 1.66
5 24 -11.07 -2.45 2.78 -10.91 -2.05 1.66 -11.9 -2.1 1.61 -7.94 -1.97 2.49
5 24 -13.7 -2.07 1.38 -14.22 -2.79 2.88 -12.9 -2.11 1.51 -13.92 -2.05 1.33
5 24 -14.22 -2.79 2.88 -12.9 -2.11 1.51 -13.7 -2.07 1.38 -12.59 -2.12 1.54
5 24 -14.22 -2.79 2.88 -12.59 -2.12 1.54 -12.9 -2.11 1.51 -11.07 -2.45 2.78
5 24 -14.22 -2.79 2.88 -11.07 -2.45 2.78 -12.59 -2.12 1.54 -14.33 -2.99 4.77
5 24 -5.03 -1 13 -4.98 -1.21 11.82 -8.14 -1.86 11.38 -4.21 -0.95 12.41
5 24 -4.98 -1.21 11.82 -8.14 -1.86 11.38 -8.23 -1.56 13.15 -2.84 -0.99 10.66
5 24 -8.14 -1.86 11.38 -8.23 -1.56 13.15 -5.03 -1 13 -11.46 -2.25 12.07
5 24 -8.23 -1.56 13.15 -5.03 -1 13 -4.98 -1.21 11.82 -8.31 -1.25 14.76
5 24 -8.23 -1.56 13.15 -8.31 -1.25 14.76 -5.03 -1 13 -11.59 -1.92 13.91
5 24 -4.98 -1.21 11.82 -2.84 -0.99 10.66 -4.92 -1.46 10.2 -5.03 -1 13
5 24 -2.84 -0.99 10.66 -4.92 -1.46 10.2 -8.14 -1.86 11.38 -2.19 -1.1 8.87
5 24 -4.92 -1.46 10.2 -8.14 -1.86 11.38 -4.98 -1.21 11.82 -8.06 -2.1 9.61
5 24 -2.19 -1.1 8.87 -4.92 -1.46 10.2 -2.84 -0.99 10.66 -4.88 -1.63 8.58
5 24 -8.14 -1.86 11.38 -11.46 -2.25 12.07 -8.23 -1.56 13.15 -11.36 -2.52 10.21
5 24 -11.46 -2.25 12.07 -8.23 -1.56 13.15 -8.14 -1.86 11.38 -11.59 -1.92 13.91
5 24 -11.59 -1.92 13.91 -8.23 -1.56 13.15 -11.46 -2.25 12.07 -8.31 -1.25 14.76
5 24 -11.46 -2.25 12.07 -11.59 -1.92 13.91 -8.23 -1.56 13.15 -14.88 -2.57 12.16
5 24 -11.59 -1.92 13.91 -8.31 -1.25 14.76 -8.23 -1.56 13.15 -11.71 -1.56 15.64
5 24 -11.59 -1.92 13.91 -11.71 -1.56 15.64 -8.31 -1.25 14.76 -15.04 -2.23 14
5 24 -2.19 -1.1 8.87 -4.88 -1.63 8.58 -8.06 -2.1 9.61 -2.02 -1.19 7.36
5 24 -4.88 -1.63 8.58 -8.06 -2.1 9.61 -4.92 -1.46 10.2 -8 -2.24 7.83
5 24 -8.06 -2.1 9.61 -4.92 -1.46 10.2 -2.19 -1.1 8.87 -8.14 -1.86 11.38
5 24 -8.06 -2.1 9.61 -8.14 -1.86 11.38 -4.92 -1.46 10.2 -11.36 -2.52 10.21
5 24 -4.88 -1.63 8.58 -2.02 -1.19 7.36 -4.85 -1.72 6.96 -2.19 -1.1 8.87
5 24 -2.02 -1.19 7.36 -4.85 -1.72 6.96 -8 -2.24 7.83 -2.09 -1.23 5.96
5 24 -4.85 -1.72 6.96 -8 -2.24 7.83 -4.88 -1.63 8.58 -7.96 -2.26 6.06
5 24 -8 -2.24 7.83 -4.88 -1.63 8.58 -2.02 -1.19 7.36 -8.06 -2.1 9.61
5 24 -8 -2.24 7.83 -8.06 -2.1 9.61 -4.88 -1.63 8.58 -11.27 -2.69 8.35
5 24 -2.09 -1.23 5.96 -4.85 -1.72 6.96 -2.02 -1.19 7.36 -4.83 -1.71 5.34
5 24 -8 -2.24 7.83 -11.27 -2.69 8.35 -8.06 -2.1 9.61 -11.18 -2.73 6.5
5 24 -11.27 -2.69 8.35 -8.06 -2.1 9.61 -8 -2.24 7.83 -11.36 -2.52 10.21
5 24 -11.36 -2.52 10.21 -8.06 -2.1 9.61 -11.27 -2.69 8.35 -8.14 -1.86 11.38
5 24 -11.27 -2.69 8.35 -11.36 -2.52 10.21 -8.06 -2.1 9.61 -14.58 -3.02 8.46
5 24 -11.36 -2.52 10.21 -8.14 -1.86 11.38 -8.06 -2.1 9.61 -11.46 -2.25 12.07
5 24 -11.36 -2.52 10.21 -11.46 -2.25 12.07 -8.14 -1.86 11.38 -14.72 -2.84 10.31
5 24 -15.04 -2.23 14 -18.5 -2.43 13.49 -18.68 -2.08 15.14 -14.88 -2.57 12.16
5 24 -18.5 -2.43 13.49 -18.68 -2.08 15.14 -15.21 -1.87 15.74 -21.88 -2.41 12.46
5 24 -15.21 -1.87 15.74 -15.04 -2.23 14 -18.5 -2.43 13.49 -11.71 -1.56 15.64
5 24 -15.04 -2.23 14 -14.88 -2.57 12.16 -18.3 -2.75 11.72 -11.59 -1.92 13.91
5 24 -14.88 -2.57 12.16 -18.3 -2.75 11.72 -18.5 -2.43 13.49 -14.72 -2.84 10.31
5 24 -18.3 -2.75 11.72 -18.5 -2.43 13.49 -15.04 -2.23 14 -21.65 -2.7 10.81
5 24 -15.04 -2.23 14 -11.59 -1.92 13.91 -11.46 -2.25 12.07 -15.21 -1.87 15.74
5 24 -11.46 -2.25 12.07 -14.88 -2.57 12.16 -15.04 -2.23 14 -11.36 -2.52 10.21
5 24 -21.88 -2.41 12.46 -18.5 -2.43 13.49 -18.3 -2.75 11.72 -22.07 -2.11 13.91
5 24 -18.3 -2.75 11.72 -21.65 -2.7 10.81 -21.88 -2.41 12.46 -18.1 -3 9.94
5 24 -21.65 -2.7 10.81 -21.88 -2.41 12.46 -18.5 -2.43 13.49 -25.15 -2.06 11.08
5 24 -21.88 -2.41 12.46 -22.07 -2.11 13.91 -18.68 -2.08 15.14 -25.33 -1.84 12.2
5 24 -14.72 -2.84 10.31 -18.1 -3 9.94 -18.3 -2.75 11.72 -14.58 -3.02 8.46
5 24 -18.1 -3 9.94 -18.3 -2.75 11.72 -14.88 -2.57 12.16 -21.65 -2.7 10.81
5 24 -14.88 -2.57 12.16 -14.72 -2.84 10.31 -18.1 -3 9.94 -11.46 -2.25 12.07
5 24 -17.91 -3.16 8.17 -18.1 -3 9.94 -14.72 -2.84 10.31 -21.42 -2.92 9.17
5 24 -14.72 -2.84 10.31 -14.58 -3.02 8.46 -17.91 -3.16 8.17 -11.36 -2.52 10.21
5 24 -14.58 -3.02 8.46 -17.91 -3.16 8.17 -18.1 -3 9.94 -14.45 -3.06 6.61
5 24 -14.72 -2.84 10.31 -11.36 -2.52 10.21 -11.27 -2.69 8.35 -14.88 -2.57 12.16
5 24 -11.27 -2.69 8.35 -14.58 -3.02 8.46 -14.72 -2.84 10.31 -11.18 -2.73 6.5
5 24 -21.42 -2.92 9.17 -17.91 -3.16 8.17 -21.19 -3.04 7.52 -18.1 -3 9.94
5 24 -17.91 -3.16 8.17 -21.19 -3.04 7.52 -21.42 -2.92 9.17 -17.72 -3.19 6.39
5 24 -21.19 -3.04 7.52 -21.42 -2.92 9.17 -17.91 -3.16 8.17 -24.64 -2.49 8.12
5 24 -21.42 -2.92 9.17 -18.1 -3 9.94 -17.91 -3.16 8.17 -21.65 -2.7 10.81
5 24 -21.65 -2.7 10.81 -18.1 -3 9.94 -21.42 -2.92 9.17 -18.3 -2.75 11.72
5 24 -21.42 -2.92 9.17 -21.65 -2.7 10.81 -18.1 -3 9.94 -24.9 -2.31 9.6
5 24 -2.09 -1.23 5.96 -4.83 -1.71 5.34 -7.96 -2.26 6.06 -2.31 -1.24 4.6
5 24 -4.83 -1.71 5.34 -7.96 -2.26 6.06 -4.85 -1.72 6.96 -7.94 -2.17 4.29
5 24 -7.96 -2.26 6.06 -4.85 -1.72 6.96 -2.09 -1.23 5.96 -8 -2.24 7.83
5 24 -7.96 -2.26 6.06 -8 -2.24 7.83 -4.85 -1.72 6.96 -11.18 -2.73 6.5
5 24 -4.83 -1.71 5.34 -2.31 -1.24 4.6 -4.84 -1.61 3.72 -2.09 -1.23 5.96
5 24 -2.31 -1.24 4.6 -4.84 -1.61 3.72 -7.94 -2.17 4.29 -2.7 -1.2 3.22
5 24 -4.84 -1.61 3.72 -7.94 -2.17 4.29 -4.83 -1.71 5.34 -7.94 -1.97 2.49
5 24 -7.94 -2.17 4.29 -4.83 -1.71 5.34 -2.31 -1.24 4.6 -7.96 -2.26 6.06
5 24 -7.94 -2.17 4.29 -7.96 -2.26 6.06 -4.83 -1.71 5.34 -11.12 -2.65 4.65
5 24 -7.94 -2.17 4.29 -11.12 -2.65 4.65 -11.18 -2.73 6.5 -7.94 -1.97 2.49
5 24 -11.12 -2.65 4.65 -11.18 -2.73 6.5 -7.96 -2.26 6.06 -14.33 -2.99 4.77
5 24 -11.18 -2.73 6.5 -7.96 -2.26 6.06 -7.94 -2.17 4.29 -8 -2.24 7.83
5 24 -11.18 -2.73 6.5 -8 -2.24 7.83 -7.96 -2.26 6.06 -11.27 -2.69 8.35
5 24 -11.18 -2.73 6.5 -11.27 -2.69 8.35 -8 -2.24 7.83 -14.45 -3.06 6.61
5 24 -5.43 -1.4 1.8 -7.94 -1.97 2.49 -4.84 -1.61 3.72 -8.17 -1.78 1.76
5 24 -7.94 -1.97 2.49 -4.84 -1.61 3.72 -5.43 -1.4 1.8 -7.94 -2.17 4.29
5 24 -7.94 -1.97 2.49 -7.94 -2.17 4.29 -4.84 -1.61 3.72 -11.07 -2.45 2.78
5 24 -8.17 -1.78 1.76 -7.94 -1.97 2.49 -5.43 -1.4 1.8 -10.91 -2.05 1.66
5 24 -10.91 -2.05 1.66 -7.94 -1.97 2.49 -8.17 -1.78 1.76 -11.07 -2.45 2.78
5 24 -11.07 -2.45 2.78 -7.94 -1.97 2.49 -10.91 -2.05 1.66 -11.12 -2.65 4.65
5 24 -11.07 -2.45 2.78 -11.12 -2.65 4.65 -7.94 -2.17 4.29 -14.22 -2.79 2.88
5 24 -14.45 -3.06 6.61 -17.72 -3.19 6.39 -17.91 -3.16 8.17 -14.33 -2.99 4.77
5 24 -17.72 -3.19 6.39 -17.91 -3.16 8.17 -14.58 -3.02 8.46 -21.19 -3.04 7.52
5 24 -14.58 -3.02 8.46 -14.45 -3.06 6.61 -17.72 -3.19 6.39 -11.27 -2.69 8.35
5 24 -14.45 -3.06 6.61 -14.33 -2.99 4.77 -17.53 -3.11 4.62 -11.18 -2.73 6.5
5 24 -14.33 -2.99 4.77 -17.53 -3.11 4.62 -17.72 -3.19 6.39 -14.22 -2.79 2.88
5 24 -17.53 -3.11 4.62 -17.72 -3.19 6.39 -14.45 -3.06 6.61 -20.7 -2.98 4.24
5 24 -11.12 -2.65 4.65 -14.33 -2.99 4.77 -14.45 -3.06 6.61 -11.07 -2.45 2.78
5 24 -14.45 -3.06 6.61 -11.18 -2.73 6.5 -11.12 -2.65 4.65 -14.58 -3.02 8.46
5 24 -20.95 -3.06 5.88 -17.72 -3.19 6.39 -17.53 -3.11 4.62 -21.19 -3.04 7.52
5 24 -17.53 -3.11 4.62 -20.7 -2.98 4.24 -20.95 -3.06 5.88 -17.33 -2.93 2.82
5 24 -20.7 -2.98 4.24 -20.95 -3.06 5.88 -17.72 -3.19 6.39 -23.78 -2.53 3.67
5 24 -20.95 -3.06 5.88 -21.19 -3.04 7.52 -17.72 -3.19 6.39 -24.37 -2.58 6.65
5 24 -21.19 -3.04 7.52 -17.72 -3.19 6.39 -20.95 -3.06 5.88 -17.91 -3.16 8.17
5 24 -14.33 -2.99 4.77 -14.22 -2.79 2.88 -17.33 -2.93 2.82 -11.12 -2.65 4.65
5 24 -14.22 -2.79 2.88 -17.33 -2.93 2.82 -17.53 -3.11 4.62 -16.2 -2.16 1.32
5 24 -17.33 -2.93 2.82 -17.53 -3.11 4.62 -14.33 -2.99 4.77 -20.43 -2.79 2.58
5 24 -16.2 -2.16 1.32 -14.22 -2.79 2.88 -13.92 -2.05 1.33 -17.33 -2.93 2.82
5 24 -14.22 -2.79 2.88 -13.92 -2.05 1.33 -14.6 -2.01 1.18 -13.7 -2.07 1.38
5 24 -14.6 -2.01 1.18 -16.2 -2.16 1.32 -14.22 -2.79 2.88 -19.43 -2.03 1.06
5 24 -16.2 -2.16 1.32 -17.33 -2.93 2.82 -14.22 -2.79 2.88 -20.43 -2.79 2.58
5 24 -19.45 -2.14 1.25 -20.43 -2.79 2.58 -16.2 -2.16 1.32 -22.68 -1.8 1.03
5 24 -20.43 -2.79 2.58 -16.2 -2.16 1.32 -19.45 -2.14 1.25 -17.33 -2.93 2.82
5 24 -16.2 -2.16 1.32 -19.45 -2.14 1.25 -20.43 -2.79 2.58 -19.43 -2.03 1.06
5 24 -20.43 -2.79 2.58 -17.33 -2.93 2.82 -16.2 -2.16 1.32 -20.7 -2.98 4.24
5 24 -20.43 -2.79 2.58 -20.7 -2.98 4.24 -17.53 -3.11 4.62 -23.46 -2.37 2.17
5 24 -25.15 -2.06 11.08 -24.9 -2.31 9.6 -28.27 -1.4 9.43 -21.65 -2.7 10.81
5 24 -24.9 -2.31 9.6 -28.27 -1.4 9.43 -28.41 -1.26 10.14 -28 -1.59 8.13
5 24 -28.27 -1.4 9.43 -28.41 -1.26 10.14 -25.15 -2.06 11.08 -31.19 -0.47 7.75
5 24 -28.41 -1.26 10.14 -25.15 -2.06 11.08 -24.9 -2.31 9.6 -25.33 -1.84 12.2
5 24 -25.33 -1.84 12.2 -25.15 -2.06 11.08 -28.41 -1.26 10.14 -21.88 -2.41 12.46
5 24 -24.9 -2.31 9.6 -28 -1.59 8.13 -28.27 -1.4 9.43 -24.64 -2.49 8.12
5 24 -28 -1.59 8.13 -28.27 -1.4 9.43 -24.9 -2.31 9.6 -31.09 -0.53 7.36
5 24 -21.65 -2.7 10.81 -24.9 -2.31 9.6 -25.15 -2.06 11.08 -21.42 -2.92 9.17
5 24 -25.15 -2.06 11.08 -21.65 -2.7 10.81 -24.9 -2.31 9.6 -21.88 -2.41 12.46
5 24 -25.15 -2.06 11.08 -21.88 -2.41 12.46 -21.65 -2.7 10.81 -25.33 -1.84 12.2
5 24 -31.09 -0.53 7.36 -28 -1.59 8.13 -27.71 -1.73 6.84 -31.19 -0.47 7.75
5 24 -28 -1.59 8.13 -27.71 -1.73 6.84 -30.82 -0.66 6.29 -24.64 -2.49 8.12
5 24 -27.71 -1.73 6.84 -30.82 -0.66 6.29 -31.09 -0.53 7.36 -27.42 -1.8 5.54
5 24 -30.82 -0.66 6.29 -31.09 -0.53 7.36 -28 -1.59 8.13 -33.56 0.58 5.01
5 24 -31.09 -0.53 7.36 -31.19 -0.47 7.75 -28.27 -1.4 9.43 -33.56 0.58 5.01
5 24 -31.19 -0.47 7.75 -28.27 -1.4 9.43 -28 -1.59 8.13 -28.41 -1.26 10.14
5 24 -24.64 -2.49 8.12 -27.71 -1.73 6.84 -28 -1.59 8.13 -24.37 -2.58 6.65
5 24 -28 -1.59 8.13 -24.64 -2.49 8.12 -27.71 -1.73 6.84 -24.9 -2.31 9.6
5 24 -24.9 -2.31 9.6 -24.64 -2.49 8.12 -28 -1.59 8.13 -21.42 -2.92 9.17
5 24 -24.37 -2.58 6.65 -27.42 -1.8 5.54 -27.71 -1.73 6.84 -24.09 -2.59 5.16
5 24 -27.42 -1.8 5.54 -27.71 -1.73 6.84 -24.37 -2.58 6.65 -30.55 -0.74 5.22
5 24 -27.71 -1.73 6.84 -24.37 -2.58 6.65 -27.42 -1.8 5.54 -24.64 -2.49 8.12
5 24 -24.64 -2.49 8.12 -24.37 -2.58 6.65 -27.71 -1.73 6.84 -21.19 -3.04 7.52
5 24 -21.19 -3.04 7.52 -24.37 -2.58 6.65 -24.64 -2.49 8.12 -20.95 -3.06 5.88
5 24 -24.64 -2.49 8.12 -21.19 -3.04 7.52 -24.37 -2.58 6.65 -21.42 -2.92 9.17
5 24 -24.64 -2.49 8.12 -21.42 -2.92 9.17 -21.19 -3.04 7.52 -24.9 -2.31 9.6
5 24 -30.55 -0.74 5.22 -27.42 -1.8 5.54 -30.25 -0.78 4.15 -30.82 -0.66 6.29
5 24 -27.42 -1.8 5.54 -30.25 -0.78 4.15 -30.55 -0.74 5.22 -27.1 -1.81 4.24
5 24 -30.25 -0.78 4.15 -30.55 -0.74 5.22 -27.42 -1.8 5.54 -33.08 0.48 3.37
5 24 -30.55 -0.74 5.22 -30.82 -0.66 6.29 -27.71 -1.73 6.84 -33.33 0.51 4.18
5 24 -24.9 -2.31 9.6 -21.42 -2.92 9.17 -24.64 -2.49 8.12 -21.65 -2.7 10.81
5 24 -33.56 0.58 5.01 -33.33 0.51 4.18 -35.16 1.66 2.66 -30.82 -0.66 6.29
5 24 -33.33 0.51 4.18 -35.16 1.66 2.66 -33.56 0.58 5.01 -33.08 0.48 3.37
5 24 -33.56 0.58 5.01 -30.82 -0.66 6.29 -30.55 -0.74 5.22 -31.09 -0.53 7.36
5 24 -30.55 -0.74 5.22 -33.33 0.51 4.18 -33.56 0.58 5.01 -33.08 0.48 3.37
5 24 -33.56 0.58 5.01 -31.09 -0.53 7.36 -30.82 -0.66 6.29 -31.19 -0.47 7.75
5 24 -33.33 0.51 4.18 -33.08 0.48 3.37 -35.16 1.66 2.66 -30.55 -0.74 5.22
5 24 -33.08 0.48 3.37 -35.16 1.66 2.66 -33.33 0.51 4.18 -32.83 0.48 2.55
5 24 -33.08 0.48 3.37 -32.83 0.48 2.55 -35.61 2 1.92 -30.25 -0.78 4.15
5 24 -32.83 0.48 2.55 -35.61 2 1.92 -35.16 1.66 2.66 -32.56 0.49 1.71
5 24 -32.83 0.48 2.55 -32.56 0.49 1.71 -35.32 2.02 1.04 -29.93 -0.79 3.07
5 24 -32.56 0.49 1.71 -35.32 2.02 1.04 -35.61 2 1.92 -35.12 2.04 0.45
5 24 -35.32 2.02 1.04 -35.61 2 1.92 -32.83 0.48 2.55 -36.43 2.74 0.42
5 24 -33.08 0.48 3.37 -30.25 -0.78 4.15 -29.93 -0.79 3.07 -30.55 -0.74 5.22
5 24 -30.25 -0.78 4.15 -29.93 -0.79 3.07 -32.83 0.48 2.55 -27.1 -1.81 4.24
5 24 -29.93 -0.79 3.07 -32.83 0.48 2.55 -33.08 0.48 3.37 -32.56 0.49 1.71
5 24 -33.08 0.48 3.37 -30.55 -0.74 5.22 -30.25 -0.78 4.15 -33.33 0.51 4.18
5 24 -35.32 2.02 1.04 -36.43 2.74 0.42 -35.61 2 1.92 -35.12 2.04 0.45
5 24 -24.09 -2.59 5.16 -27.1 -1.81 4.24 -27.42 -1.8 5.54 -23.78 -2.53 3.67
5 24 -27.1 -1.81 4.24 -27.42 -1.8 5.54 -24.09 -2.59 5.16 -30.25 -0.78 4.15
5 24 -27.42 -1.8 5.54 -24.09 -2.59 5.16 -27.1 -1.81 4.24 -24.37 -2.58 6.65
5 24 -24.37 -2.58 6.65 -24.09 -2.59 5.16 -27.42 -1.8 5.54 -20.95 -3.06 5.88
5 24 -23.78 -2.53 3.67 -26.76 -1.78 2.93 -27.1 -1.81 4.24 -23.46 -2.37 2.17
5 24 -26.76 -1.78 2.93 -27.1 -1.81 4.24 -24.09 -2.59 5.16 -29.93 -0.79 3.07
5 24 -24.09 -2.59 5.16 -23.78 -2.53 3.67 -26.76 -1.78 2.93 -20.95 -3.06 5.88
5 24 -20.7 -2.98 4.24 -23.78 -2.53 3.67 -24.09 -2.59 5.16 -20.43 -2.79 2.58
5 24 -24.09 -2.59 5.16 -20.95 -3.06 5.88 -20.7 -2.98 4.24 -24.37 -2.58 6.65
5 24 -29.93 -0.79 3.07 -26.76 -1.78 2.93 -29.59 -0.76 1.97 -27.1 -1.81 4.24
5 24 -26.76 -1.78 2.93 -29.59 -0.76 1.97 -29.93 -0.79 3.07 -26.41 -1.63 1.63
5 24 -29.59 -0.76 1.97 -29.93 -0.79 3.07 -26.76 -1.78 2.93 -32.56 0.49 1.71
5 24 -29.93 -0.79 3.07 -27.1 -1.81 4.24 -26.76 -1.78 2.93 -30.25 -0.78 4.15
5 24 -30.25 -0.78 4.15 -27.1 -1.81 4.24 -29.93 -0.79 3.07 -27.42 -1.8 5.54
5 24 -23.46 -2.37 2.17 -26.41 -1.63 1.63 -26.76 -1.78 2.93 -22.68 -1.8 1.03
5 24 -26.41 -1.63 1.63 -26.76 -1.78 2.93 -23.46 -2.37 2.17 -29.59 -0.76 1.97
5 24 -26.76 -1.78 2.93 -23.46 -2.37 2.17 -26.41 -1.63 1.63 -23.78 -2.53 3.67
5 24 -23.78 -2.53 3.67 -23.46 -2.37 2.17 -26.76 -1.78 2.93 -20.7 -2.98 4.24
5 24 -23.46 -2.37 2.17 -22.68 -1.8 1.03 -26.41 -1.63 1.63 -20.43 -2.79 2.58
5 24 -22.68 -1.8 1.03 -26.41 -1.63 1.63 -23.46 -2.37 2.17 -25.83 -1.12 0.66
5 24 -25.83 -1.12 0.66 -26.41 -1.63 1.63 -22.68 -1.8 1.03 -29.22 -0.59 0.93
5 24 -22.68 -1.8 1.03 -25.83 -1.12 0.66 -26.41 -1.63 1.63 -22.64 -1.69 0.84
5 24 -23.46 -2.37 2.17 -20.43 -2.79 2.58 -19.45 -2.14 1.25 -23.78 -2.53 3.67
5 24 -19.45 -2.14 1.25 -22.68 -1.8 1.03 -23.46 -2.37 2.17 -19.43 -2.03 1.06
5 24 -29.22 -0.59 0.93 -26.41 -1.63 1.63 -25.83 -1.12 0.66 -29.59 -0.76 1.97
5 24 -25.83 -1.12 0.66 -29.22 -0.59 0.93 -26.41 -1.63 1.63 -28.88 -0.12 0.18
5 24 -28.88 -0.12 0.18 -29.22 -0.59 0.93 -25.83 -1.12 0.66 -31.94 0.75 0.16
5 24 -25.83 -1.12 0.66 -28.88 -0.12 0.18 -29.22 -0.59 0.93 -25.78 -1.01 0.47
5 24 -29.22 -0.59 0.93 -29.59 -0.76 1.97 -26.41 -1.63 1.63 -32.27 0.55 0.89
5 24 -29.59 -0.76 1.97 -26.41 -1.63 1.63 -29.22 -0.59 0.93 -26.76 -1.78 2.93
5 24 -32.56 0.49 1.71 -35.12 2.04 0.45 -35.32 2.02 1.04 -32.27 0.55 0.89
5 24 -35.12 2.04 0.45 -35.32 2.02 1.04 -32.56 0.49 1.71 -36.43 2.74 0.42
5 24 -32.27 0.55 0.89 -34.88 2.14 -0.11 -35.12 2.04 0.45 -31.94 0.75 0.16
5 24 -34.88 2.14 -0.11 -35.12 2.04 0.45 -32.27 0.55 0.89 -36.75 3.14 -0.3
5 24 -35.12 2.04 0.45 -32.27 0.55 0.89 -34.88 2.14 -0.11 -32.56 0.49 1.71
5 24 -32.56 0.49 1.71 -32.27 0.55 0.89 -35.12 2.04 0.45 -29.59 -0.76 1.97
5 24 -29.59 -0.76 1.97 -32.27 0.55 0.89 -32.56 0.49 1.71 -29.22 -0.59 0.93
5 24 -32.56 0.49 1.71 -29.59 -0.76 1.97 -32.27 0.55 0.89 -29.93 -0.79 3.07
5 24 -32.56 0.49 1.71 -29.93 -0.79 3.07 -29.59 -0.76 1.97 -32.83 0.48 2.55
5 24 -36.75 3.14 -0.3 -35.12 2.04 0.45 -34.88 2.14 -0.11 -36.43 2.74 0.42
5 24 -34.88 2.14 -0.11 -36.75 3.14 -0.3 -35.12 2.04 0.45 -36.89 3.49 -0.83
5 24 -34.88 2.14 -0.11 -36.89 3.49 -0.83 -36.75 3.14 -0.3 -34.61 2.35 -0.59
5 24 -35.12 2.04 0.45 -36.43 2.74 0.42 -35.32 2.02 1.04 -36.75 3.14 -0.3
5 24 -31.94 0.75 0.16 -34.61 2.35 -0.59 -34.88 2.14 -0.11 -31.79 1.17 -0.37
5 24 -34.61 2.35 -0.59 -34.88 2.14 -0.11 -31.94 0.75 0.16 -36.89 3.49 -0.83
5 24 -34.88 2.14 -0.11 -31.94 0.75 0.16 -34.61 2.35 -0.59 -32.27 0.55 0.89
5 24 -32.27 0.55 0.89 -31.94 0.75 0.16 -34.88 2.14 -0.11 -29.22 -0.59 0.93
5 24 -31.94 0.75 0.16 -31.79 1.17 -0.37 -34.61 2.35 -0.59 -28.88 -0.12 0.18
5 24 -31.79 1.17 -0.37 -34.61 2.35 -0.59 -31.94 0.75 0.16 -34.58 2.67 -0.93
5 24 -34.58 2.67 -0.93 -34.61 2.35 -0.59 -31.79 1.17 -0.37 -36.95 3.86 -1.22
5 24 -31.79 1.17 -0.37 -34.58 2.67 -0.93 -34.61 2.35 -0.59 -31.71 1.27 -0.55
5 24 -31.94 0.75 0.16 -29.22 -0.59 0.93 -28.88 -0.12 0.18 -32.27 0.55 0.89
5 24 -28.88 -0.12 0.18 -31.94 0.75 0.16 -29.22 -0.59 0.93 -31.79 1.17 -0.37
5 24 -28.88 -0.12 0.18 -31.79 1.17 -0.37 -31.94 0.75 0.16 -28.81 -0.01 0
5 24 -36.95 3.86 -1.22 -34.61 2.35 -0.59 -34.58 2.67 -0.93 -36.89 3.49 -0.83
5 24 -34.58 2.67 -0.93 -36.95 3.86 -1.22 -34.61 2.35 -0.59 -36.95 4.06 -1.44
5 24 -34.58 2.67 -0.93 -36.95 4.06 -1.44 -36.95 3.86 -1.22 -34.49 2.76 -1.12
5 24 -34.61 2.35 -0.59 -36.89 3.49 -0.83 -34.88 2.14 -0.11 -36.95 3.86 -1.22
5 24 -32.27 0.55 0.89 -29.22 -0.59 0.93 -31.94 0.75 0.16 -29.59 -0.76 1.97
5 24 -24.37 -2.58 6.65 -20.95 -3.06 5.88 -24.09 -2.59 5.16 -21.19 -3.04 7.52
5 24 -25.33 -1.84 12.2 -21.88 -2.41 12.46 -25.15 -2.06 11.08 -22.07 -2.11 13.91
5 24 -6.69 -3.26 -0.35 -9.84 -3.77 -0.12 -5.06 -3.72 -1.93 -6.69 -3.15 -0.16
5 24 -9.84 -3.77 -0.12 -5.06 -3.72 -1.93 -3.15 -3.32 -1.85 -8.72 -4.39 -1.99
5 24 -5.06 -3.72 -1.93 -3.15 -3.32 -1.85 -6.69 -3.26 -0.35 -5.02 -3.91 -3.74
5 24 -3.15 -3.32 -1.85 -6.69 -3.26 -0.35 -9.84 -3.77 -0.12 -3.75 -2.75 -0.59
5 24 -8.72 -4.39 -1.99 -5.06 -3.72 -1.93 -9.84 -3.77 -0.12 -5.02 -3.91 -3.74
5 24 -9.84 -3.77 -0.12 -8.72 -4.39 -1.99 -5.06 -3.72 -1.93 -13.01 -4.19 0.04
5 24 -8.72 -4.39 -1.99 -5.02 -3.91 -3.74 -5.06 -3.72 -1.93 -8.64 -4.57 -4.1
5 24 -5.02 -3.91 -3.74 -5.06 -3.72 -1.93 -8.72 -4.39 -1.99 -3.15 -3.32 -1.85
5 24 -8.64 -4.57 -4.1 -5.02 -3.91 -3.74 -8.72 -4.39 -1.99 -4.98 -3.99 -5.53
5 24 -8.72 -4.39 -1.99 -8.64 -4.57 -4.1 -5.02 -3.91 -3.74 -12.76 -4.98 -1.94
5 24 -5.02 -3.91 -3.74 -3.15 -3.32 -1.85 -5.06 -3.72 -1.93 -2.5 -3.4 -3.29
5 24 -5.02 -3.91 -3.74 -2.5 -3.4 -3.29 -3.15 -3.32 -1.85 -2.06 -3.41 -4.6
5 24 -12.61 -5.15 -4.22 -8.64 -4.57 -4.1 -8.72 -4.39 -1.99 -12.48 -5.15 -6.47
5 24 -8.72 -4.39 -1.99 -12.76 -4.98 -1.94 -12.61 -5.15 -4.22 -9.84 -3.77 -0.12
5 24 -12.76 -4.98 -1.94 -12.61 -5.15 -4.22 -8.64 -4.57 -4.1 -17.04 -5.26 -1.93
5 24 -9.84 -3.77 -0.12 -13.01 -4.19 0.04 -12.76 -4.98 -1.94 -9.85 -3.66 0.06
5 24 -13.01 -4.19 0.04 -12.76 -4.98 -1.94 -8.72 -4.39 -1.99 -16.2 -4.42 0.09
5 24 -8.64 -4.57 -4.1 -4.98 -3.99 -5.53 -2.06 -3.41 -4.6 -8.59 -4.6 -6.2
5 24 -4.98 -3.99 -5.53 -2.06 -3.41 -4.6 -5.02 -3.91 -3.74 -1.83 -3.41 -5.9
5 24 -2.06 -3.41 -4.6 -5.02 -3.91 -3.74 -8.64 -4.57 -4.1 -2.5 -3.4 -3.29
5 24 -8.59 -4.6 -6.2 -4.98 -3.99 -5.53 -8.64 -4.57 -4.1 -4.97 -3.96 -7.32
5 24 -8.64 -4.57 -4.1 -8.59 -4.6 -6.2 -4.98 -3.99 -5.53 -12.61 -5.15 -4.22
5 24 -8.59 -4.6 -6.2 -4.97 -3.96 -7.32 -4.98 -3.99 -5.53 -8.56 -4.47 -8.3
5 24 -4.97 -3.96 -7.32 -4.98 -3.99 -5.53 -8.59 -4.6 -6.2 -1.81 -3.39 -7.25
5 24 -8.56 -4.47 -8.3 -4.97 -3.96 -7.32 -8.59 -4.6 -6.2 -4.99 -3.81 -9.09
5 24 -8.59 -4.6 -6.2 -8.56 -4.47 -8.3 -4.97 -3.96 -7.32 -12.48 -5.15 -6.47
5 24 -4.98 -3.99 -5.53 -1.83 -3.41 -5.9 -2.06 -3.41 -4.6 -4.97 -3.96 -7.32
5 24 -4.97 -3.96 -7.32 -1.81 -3.39 -7.25 -1.83 -3.41 -5.9 -4.99 -3.81 -9.09
5 24 -12.48 -5.15 -6.47 -8.56 -4.47 -8.3 -8.59 -4.6 -6.2 -12.36 -4.96 -8.73
5 24 -8.59 -4.6 -6.2 -12.48 -5.15 -6.47 -8.56 -4.47 -8.3 -8.64 -4.57 -4.1
5 24 -12.36 -4.96 -8.73 -8.56 -4.47 -8.3 -12.48 -5.15 -6.47 -8.57 -4.2 -10.4
5 24 -12.48 -5.15 -6.47 -12.36 -4.96 -8.73 -8.56 -4.47 -8.3 -16.53 -5.45 -6.53
5 24 -12.61 -5.15 -4.22 -12.48 -5.15 -6.47 -8.59 -4.6 -6.2 -16.78 -5.45 -4.24
5 24 -16.2 -4.42 0.09 -19.38 -4.4 0.02 -17.04 -5.26 -1.93 -16.2 -4.3 0.28
5 24 -19.38 -4.4 0.02 -17.04 -5.26 -1.93 -16.2 -4.42 0.09 -21.36 -5.04 -2.06
5 24 -17.04 -5.26 -1.93 -16.2 -4.42 0.09 -19.38 -4.4 0.02 -12.76 -4.98 -1.94
5 24 -21.36 -5.04 -2.06 -17.04 -5.26 -1.93 -19.38 -4.4 0.02 -21.01 -5.27 -4.31
5 24 -19.38 -4.4 0.02 -21.36 -5.04 -2.06 -17.04 -5.26 -1.93 -22.57 -4.07 -0.19
5 24 -22.57 -4.07 -0.19 -21.36 -5.04 -2.06 -19.38 -4.4 0.02 -25.48 -4.23 -2.37
5 24 -19.38 -4.4 0.02 -22.57 -4.07 -0.19 -21.36 -5.04 -2.06 -19.4 -4.28 0.21
5 24 -21.01 -5.27 -4.31 -16.78 -5.45 -4.24 -17.04 -5.26 -1.93 -20.64 -5.32 -6.53
5 24 -16.78 -5.45 -4.24 -17.04 -5.26 -1.93 -21.01 -5.27 -4.31 -12.61 -5.15 -4.22
5 24 -17.04 -5.26 -1.93 -21.01 -5.27 -4.31 -16.78 -5.45 -4.24 -21.36 -5.04 -2.06
5 24 -21.36 -5.04 -2.06 -21.01 -5.27 -4.31 -17.04 -5.26 -1.93 -25.03 -4.51 -4.46
5 24 -16.78 -5.45 -4.24 -12.61 -5.15 -4.22 -12.76 -4.98 -1.94 -16.53 -5.45 -6.53
5 24 -12.76 -4.98 -1.94 -17.04 -5.26 -1.93 -16.78 -5.45 -4.24 -16.2 -4.42 0.09
5 24 -20.64 -5.32 -6.53 -16.53 -5.45 -6.53 -16.78 -5.45 -4.24 -20.23 -5.18 -8.76
5 24 -16.53 -5.45 -6.53 -16.78 -5.45 -4.24 -20.64 -5.32 -6.53 -12.48 -5.15 -6.47
5 24 -16.78 -5.45 -4.24 -20.64 -5.32 -6.53 -16.53 -5.45 -6.53 -21.01 -5.27 -4.31
5 24 -21.01 -5.27 -4.31 -20.64 -5.32 -6.53 -16.78 -5.45 -4.24 -24.56 -4.64 -6.54
5 24 -20.23 -5.18 -8.76 -16.28 -5.26 -8.82 -16.53 -5.45 -6.53 -19.8 -4.89 -10.99
5 24 -16.28 -5.26 -8.82 -16.53 -5.45 -6.53 -20.23 -5.18 -8.76 -12.36 -4.96 -8.73
5 24 -16.53 -5.45 -6.53 -20.23 -5.18 -8.76 -16.28 -5.26 -8.82 -20.64 -5.32 -6.53
5 24 -20.64 -5.32 -6.53 -20.23 -5.18 -8.76 -16.53 -5.45 -6.53 -24.03 -4.61 -8.61
5 24 -16.28 -5.26 -8.82 -12.36 -4.96 -8.73 -12.48 -5.15 -6.47 -16.03 -4.92 -11.12
5 24 -12.48 -5.15 -6.47 -16.53 -5.45 -6.53 -16.28 -5.26 -8.82 -12.61 -5.15 -4.22
5 24 -13.01 -4.19 0.04 -16.2 -4.42 0.09 -12.76 -4.98 -1.94 -13.02 -4.07 0.22
5 24 -16.2 -4.42 0.09 -12.76 -4.98 -1.94 -13.01 -4.19 0.04 -17.04 -5.26 -1.93
5 24 -8.56 -4.47 -8.3 -4.99 -3.81 -9.09 -4.97 -3.96 -7.32 -8.57 -4.2 -10.4
5 24 -4.99 -3.81 -9.09 -4.97 -3.96 -7.32 -8.56 -4.47 -8.3 -2.08 -3.32 -8.84
5 24 -8.57 -4.2 -10.4 -5.02 -3.57 -10.88 -4.99 -3.81 -9.09 -8.57 -3.83 -12.49
5 24 -5.02 -3.57 -10.88 -4.99 -3.81 -9.09 -8.56 -4.47 -8.3 -3.13 -3.19 -11.18
5 24 -8.56 -4.47 -8.3 -8.57 -4.2 -10.4 -5.02 -3.57 -10.88 -12.36 -4.96 -8.73
5 24 -8.57 -3.83 -12.49 -5.06 -3.26 -12.65 -5.02 -3.57 -10.88 -8.59 -3.39 -14.56
5 24 -5.06 -3.26 -12.65 -5.02 -3.57 -10.88 -8.57 -4.2 -10.4 -4.1 -3.13 -12.48
5 24 -8.57 -4.2 -10.4 -8.57 -3.83 -12.49 -5.06 -3.26 -12.65 -12.27 -4.62 -11
5 24 -2.08 -3.32 -8.84 -4.99 -3.81 -9.09 -5.02 -3.57 -10.88 -1.81 -3.39 -7.25
5 24 -5.02 -3.57 -10.88 -3.13 -3.19 -11.18 -2.08 -3.32 -8.84 -5.06 -3.26 -12.65
5 24 -12.27 -4.62 -11 -8.57 -3.83 -12.49 -8.57 -4.2 -10.4 -12.19 -4.19 -13.23
5 24 -8.57 -4.2 -10.4 -12.27 -4.62 -11 -8.57 -3.83 -12.49 -12.36 -4.96 -8.73
5 24 -12.19 -4.19 -13.23 -8.57 -3.83 -12.49 -12.27 -4.62 -11 -8.59 -3.39 -14.56
5 24 -12.27 -4.62 -11 -12.19 -4.19 -13.23 -8.57 -3.83 -12.49 -16.03 -4.92 -11.12
5 24 -12.36 -4.96 -8.73 -8.57 -4.2 -10.4 -8.56 -4.47 -8.3 -12.27 -4.62 -11
5 24 -12.36 -4.96 -8.73 -12.27 -4.62 -11 -8.57 -4.2 -10.4 -16.28 -5.26 -8.82
5 24 -8.59 -3.39 -14.56 -5.06 -3.26 -12.65 -8.57 -3.83 -12.49 -5.09 -3.07 -13.6
5 24 -8.57 -3.83 -12.49 -8.59 -3.39 -14.56 -5.06 -3.26 -12.65 -12.19 -4.19 -13.23
5 24 -5.09 -3.07 -13.6 -5.06 -3.26 -12.65 -8.59 -3.39 -14.56 -4.1 -3.13 -12.48
5 24 -8.59 -3.39 -14.56 -5.09 -3.07 -13.6 -5.06 -3.26 -12.65 -8.63 -2.98 -16.31
5 24 -8.59 -3.39 -14.56 -8.63 -2.98 -16.31 -5.09 -3.07 -13.6 -12.11 -3.67 -15.45
5 24 -4.1 -3.13 -12.48 -5.06 -3.26 -12.65 -5.09 -3.07 -13.6 -3.13 -3.19 -11.18
5 24 -8.59 -3.39 -14.56 -12.11 -3.67 -15.45 -8.63 -2.98 -16.31 -12.19 -4.19 -13.23
5 24 -12.11 -3.67 -15.45 -8.63 -2.98 -16.31 -8.59 -3.39 -14.56 -12.06 -3.13 -17.5
5 24 -12.11 -3.67 -15.45 -12.06 -3.13 -17.5 -8.63 -2.98 -16.31 -15.55 -3.95 -15.65
5 24 -8.59 -3.39 -14.56 -12.19 -4.19 -13.23 -12.11 -3.67 -15.45 -8.57 -3.83 -12.49
5 24 -12.19 -4.19 -13.23 -12.11 -3.67 -15.45 -8.59 -3.39 -14.56 -15.79 -4.48 -13.39
5 24 -16.28 -5.26 -8.82 -19.8 -4.89 -10.99 -16.03 -4.92 -11.12 -20.23 -5.18 -8.76
5 24 -19.8 -4.89 -10.99 -16.03 -4.92 -11.12 -16.28 -5.26 -8.82 -19.38 -4.51 -13.21
5 24 -16.03 -4.92 -11.12 -16.28 -5.26 -8.82 -19.8 -4.89 -10.99 -12.27 -4.62 -11
5 24 -20.23 -5.18 -8.76 -19.8 -4.89 -10.99 -16.28 -5.26 -8.82 -23.47 -4.43 -10.68
5 24 -16.03 -4.92 -11.12 -19.38 -4.51 -13.21 -15.79 -4.48 -13.39 -19.8 -4.89 -10.99
5 24 -19.38 -4.51 -13.21 -15.79 -4.48 -13.39 -16.03 -4.92 -11.12 -18.94 -4.04 -15.4
5 24 -15.79 -4.48 -13.39 -16.03 -4.92 -11.12 -19.38 -4.51 -13.21 -12.19 -4.19 -13.23
5 24 -19.8 -4.89 -10.99 -19.38 -4.51 -13.21 -16.03 -4.92 -11.12 -22.88 -4.16 -12.74
5 24 -12.27 -4.62 -11 -16.03 -4.92 -11.12 -15.79 -4.48 -13.39 -12.36 -4.96 -8.73
5 24 -15.79 -4.48 -13.39 -12.19 -4.19 -13.23 -12.27 -4.62 -11 -15.55 -3.95 -15.65
5 24 -15.79 -4.48 -13.39 -18.94 -4.04 -15.4 -15.55 -3.95 -15.65 -19.38 -4.51 -13.21
5 24 -18.94 -4.04 -15.4 -15.55 -3.95 -15.65 -15.79 -4.48 -13.39 -18.55 -3.55 -17.36
5 24 -15.55 -3.95 -15.65 -15.79 -4.48 -13.39 -18.94 -4.04 -15.4 -12.11 -3.67 -15.45
5 24 -19.38 -4.51 -13.21 -18.94 -4.04 -15.4 -15.79 -4.48 -13.39 -22.27 -3.81 -14.79
5 24 -15.33 -3.37 -17.78 -15.55 -3.95 -15.65 -18.55 -3.55 -17.36 -12.06 -3.13 -17.5
5 24 -15.55 -3.95 -15.65 -18.55 -3.55 -17.36 -15.33 -3.37 -17.78 -18.94 -4.04 -15.4
5 24 -18.94 -4.04 -15.4 -18.55 -3.55 -17.36 -15.55 -3.95 -15.65 -21.83 -3.52 -16.24
5 24 -12.11 -3.67 -15.45 -15.55 -3.95 -15.65 -15.33 -3.37 -17.78 -12.19 -4.19 -13.23
5 24 -25.67 -3.39 -0.55 -28.68 -2.4 -1.05 -28.85 -3.08 -2.61 -25.66 -3.28 -0.37
5 24 -28.68 -2.4 -1.05 -28.85 -3.08 -2.61 -25.67 -3.39 -0.55 -31.53 -1.78 -2.58
5 24 -28.85 -3.08 -2.61 -25.67 -3.39 -0.55 -28.68 -2.4 -1.05 -25.48 -4.23 -2.37
5 24 -25.48 -4.23 -2.37 -25.67 -3.39 -0.55 -28.85 -3.08 -2.61 -22.57 -4.07 -0.19
5 24 -28.85 -3.08 -2.61 -25.48 -4.23 -2.37 -25.67 -3.39 -0.55 -28.43 -3.4 -4.43
5 24 -28.85 -3.08 -2.61 -28.43 -3.4 -4.43 -25.48 -4.23 -2.37 -31.28 -2.09 -3.9
5 24 -28.43 -3.4 -4.43 -25.48 -4.23 -2.37 -28.85 -3.08 -2.61 -25.03 -4.51 -4.46
5 24 -25.03 -4.51 -4.46 -25.48 -4.23 -2.37 -28.43 -3.4 -4.43 -21.36 -5.04 -2.06
5 24 -28.43 -3.4 -4.43 -25.03 -4.51 -4.46 -25.48 -4.23 -2.37 -27.98 -3.59 -6.24
5 24 -21.36 -5.04 -2.06 -25.03 -4.51 -4.46 -21.01 -5.27 -4.31 -25.48 -4.23 -2.37
5 24 -25.03 -4.51 -4.46 -21.01 -5.27 -4.31 -21.36 -5.04 -2.06 -24.56 -4.64 -6.54
5 24 -21.36 -5.04 -2.06 -25.48 -4.23 -2.37 -25.03 -4.51 -4.46 -22.57 -4.07 -0.19
5 24 -31.53 -1.78 -2.58 -31.28 -2.09 -3.9 -28.85 -3.08 -2.61 -34.12 -0.47 -3.36
5 24 -31.28 -2.09 -3.9 -28.85 -3.08 -2.61 -31.53 -1.78 -2.58 -28.43 -3.4 -4.43
5 24 -28.85 -3.08 -2.61 -31.53 -1.78 -2.58 -31.28 -2.09 -3.9 -28.68 -2.4 -1.05
5 24 -31.28 -2.09 -3.9 -28.43 -3.4 -4.43 -28.85 -3.08 -2.61 -30.95 -2.29 -5.25
5 24 -28.68 -2.4 -1.05 -31.53 -1.78 -2.58 -28.85 -3.08 -2.61 -31.57 -1.12 -1.58
5 24 -31.57 -1.12 -1.58 -31.53 -1.78 -2.58 -28.68 -2.4 -1.05 -34.18 -0.15 -2.62
5 24 -28.68 -2.4 -1.05 -31.57 -1.12 -1.58 -31.53 -1.78 -2.58 -28.66 -2.29 -0.86
5 24 -28.43 -3.4 -4.43 -27.98 -3.59 -6.24 -25.03 -4.51 -4.46 -30.95 -2.29 -5.25
5 24 -27.98 -3.59 -6.24 -25.03 -4.51 -4.46 -28.43 -3.4 -4.43 -24.56 -4.64 -6.54
5 24 -24.56 -4.64 -6.54 -25.03 -4.51 -4.46 -27.98 -3.59 -6.24 -21.01 -5.27 -4.31
5 24 -27.98 -3.59 -6.24 -24.56 -4.64 -6.54 -25.03 -4.51 -4.46 -27.48 -3.67 -8.03
5 24 -27.48 -3.67 -8.03 -24.56 -4.64 -6.54 -27.98 -3.59 -6.24 -24.03 -4.61 -8.61
5 24 -27.98 -3.59 -6.24 -27.48 -3.67 -8.03 -24.56 -4.64 -6.54 -30.61 -2.44 -6.56
5 24 -24.03 -4.61 -8.61 -24.56 -4.64 -6.54 -27.48 -3.67 -8.03 -20.64 -5.32 -6.53
5 24 -27.48 -3.67 -8.03 -24.03 -4.61 -8.61 -24.56 -4.64 -6.54 -26.93 -3.64 -9.81
5 24 -24.03 -4.61 -8.61 -20.23 -5.18 -8.76 -20.64 -5.32 -6.53 -23.47 -4.43 -10.68
5 24 -20.64 -5.32 -6.53 -24.03 -4.61 -8.61 -20.23 -5.18 -8.76 -24.56 -4.64 -6.54
5 24 -20.64 -5.32 -6.53 -24.56 -4.64 -6.54 -24.03 -4.61 -8.61 -21.01 -5.27 -4.31
5 24 -30.61 -2.44 -6.56 -27.98 -3.59 -6.24 -28.43 -3.4 -4.43 -27.48 -3.67 -8.03
5 24 -28.43 -3.4 -4.43 -30.95 -2.29 -5.25 -30.61 -2.44 -6.56 -31.28 -2.09 -3.9
5 24 -30.95 -2.29 -5.25 -30.61 -2.44 -6.56 -27.98 -3.59 -6.24 -33.79 -0.8 -5.01
5 24 -30.61 -2.44 -6.56 -27.48 -3.67 -8.03 -27.98 -3.59 -6.24 -30.26 -2.54 -7.86
5 24 -31.28 -2.09 -3.9 -30.95 -2.29 -5.25 -28.43 -3.4 -4.43 -33.97 -0.66 -4.19
5 24 -21.01 -5.27 -4.31 -24.56 -4.64 -6.54 -20.64 -5.32 -6.53 -25.03 -4.51 -4.46
5 24 -36.72 1.56 -2.86 -36.05 1.36 -2.49 -36.78 1.8 -2.64 -34.18 -0.15 -2.62
5 24 -36.72 1.56 -2.86 -34.18 -0.15 -2.62 -34.36 0.37 -2.16 -36.55 1.14 -3.24
5 24 -34.18 -0.15 -2.62 -34.36 0.37 -2.16 -36.05 1.36 -2.49 -31.57 -1.12 -1.58
5 24 -36.55 1.14 -3.24 -34.12 -0.47 -3.36 -34.18 -0.15 -2.62 -36.22 0.76 -3.73
5 24 -34.12 -0.47 -3.36 -34.18 -0.15 -2.62 -36.55 1.14 -3.24 -31.53 -1.78 -2.58
5 24 -34.18 -0.15 -2.62 -36.55 1.14 -3.24 -34.12 -0.47 -3.36 -36.72 1.56 -2.86
5 24 -34.12 -0.47 -3.36 -31.53 -1.78 -2.58 -34.18 -0.15 -2.62 -33.97 -0.66 -4.19
5 24 -31.53 -1.78 -2.58 -34.18 -0.15 -2.62 -34.12 -0.47 -3.36 -31.57 -1.12 -1.58
5 24 -34.12 -0.47 -3.36 -33.97 -0.66 -4.19 -31.28 -2.09 -3.9 -36.22 0.76 -3.73
5 24 -33.97 -0.66 -4.19 -31.28 -2.09 -3.9 -31.53 -1.78 -2.58 -30.95 -2.29 -5.25
5 24 -36.22 0.76 -3.73 -33.97 -0.66 -4.19 -34.12 -0.47 -3.36 -35.28 0.09 -4.63
5 24 -34.12 -0.47 -3.36 -36.22 0.76 -3.73 -33.97 -0.66 -4.19 -36.55 1.14 -3.24
5 24 -35.28 0.09 -4.63 -33.79 -0.8 -5.01 -33.97 -0.66 -4.19 -33.55 -0.95 -6.05
5 24 -33.79 -0.8 -5.01 -33.97 -0.66 -4.19 -35.28 0.09 -4.63 -30.95 -2.29 -5.25
5 24 -33.97 -0.66 -4.19 -35.28 0.09 -4.63 -33.79 -0.8 -5.01 -36.22 0.76 -3.73
5 24 -33.79 -0.8 -5.01 -30.95 -2.29 -5.25 -33.97 -0.66 -4.19 -30.61 -2.44 -6.56
5 24 -30.95 -2.29 -5.25 -33.97 -0.66 -4.19 -33.79 -0.8 -5.01 -31.28 -2.09 -3.9
5 24 -33.79 -0.8 -5.01 -30.61 -2.44 -6.56 -30.95 -2.29 -5.25 -33.55 -0.95 -6.05
5 24 -31.57 -1.12 -1.58 -34.18 -0.15 -2.62 -31.53 -1.78 -2.58 -34.36 0.37 -2.16
5 24 -31.57 -1.12 -1.58 -34.36 0.37 -2.16 -34.18 -0.15 -2.62 -31.55 -1.01 -1.39
5 24 -27.48 -3.67 -8.03 -26.93 -3.64 -9.81 -24.03 -4.61 -8.61 -30.26 -2.54 -7.86
5 24 -26.93 -3.64 -9.81 -24.03 -4.61 -8.61 -27.48 -3.67 -8.03 -26.34 -3.51 -11.6
5 24 -23.47 -4.43 -10.68 -24.03 -4.61 -8.61 -26.93 -3.64 -9.81 -20.23 -5.18 -8.76
5 24 -26.93 -3.64 -9.81 -26.34 -3.51 -11.6 -23.47 -4.43 -10.68 -29.87 -2.58 -9.15
5 24 -26.34 -3.51 -11.6 -23.47 -4.43 -10.68 -24.03 -4.61 -8.61 -22.88 -4.16 -12.74
5 24 -26.34 -3.51 -11.6 -22.88 -4.16 -12.74 -23.47 -4.43 -10.68 -25.73 -3.32 -13.37
5 24 -22.88 -4.16 -12.74 -23.47 -4.43 -10.68 -26.34 -3.51 -11.6 -19.8 -4.89 -10.99
5 24 -19.8 -4.89 -10.99 -22.88 -4.16 -12.74 -22.27 -3.81 -14.79 -23.47 -4.43 -10.68
5 24 -22.88 -4.16 -12.74 -22.27 -3.81 -14.79 -19.38 -4.51 -13.21 -25.73 -3.32 -13.37
5 24 -22.27 -3.81 -14.79 -19.38 -4.51 -13.21 -19.8 -4.89 -10.99 -21.83 -3.52 -16.24
5 24 -19.8 -4.89 -10.99 -23.47 -4.43 -10.68 -22.88 -4.16 -12.74 -20.23 -5.18 -8.76
5 24 -30.26 -2.54 -7.86 -29.87 -2.58 -9.15 -26.93 -3.64 -9.81 -31.67 -1.87 -7.75
5 24 -29.87 -2.58 -9.15 -26.93 -3.64 -9.81 -30.26 -2.54 -7.86 -26.34 -3.51 -11.6
5 24 -26.93 -3.64 -9.81 -30.26 -2.54 -7.86 -29.87 -2.58 -9.15 -27.48 -3.67 -8.03
5 24 -29.87 -2.58 -9.15 -26.34 -3.51 -11.6 -26.93 -3.64 -9.81 -29.64 -2.58 -9.88
5 24 -30.61 -2.44 -6.56 -30.26 -2.54 -7.86 -27.48 -3.67 -8.03 -33.55 -0.95 -6.05
5 24 -30.26 -2.54 -7.86 -27.48 -3.67 -8.03 -30.61 -2.44 -6.56 -26.93 -3.64 -9.81
5 24 -22.88 -4.16 -12.74 -25.73 -3.32 -13.37 -22.27 -3.81 -14.79 -26.34 -3.51 -11.6
5 24 -25.73 -3.32 -13.37 -22.27 -3.81 -14.79 -22.88 -4.16 -12.74 -25.52 -3.25 -13.97
5 24 -26.34 -3.51 -11.6 -25.73 -3.32 -13.37 -22.88 -4.16 -12.74 -27.62 -3 -12.03
5 24 -25.52 -3.25 -13.97 -22.27 -3.81 -14.79 -25.73 -3.32 -13.37 -21.83 -3.52 -16.24
5 24 -25.73 -3.32 -13.37 -25.52 -3.25 -13.97 -22.27 -3.81 -14.79 -27.62 -3 -12.03
5 24 -21.83 -3.52 -16.24 -22.27 -3.81 -14.79 -25.52 -3.25 -13.97 -18.94 -4.04 -15.4
5 24 -21.83 -3.52 -16.24 -18.94 -4.04 -15.4 -19.38 -4.51 -13.21 -18.55 -3.55 -17.36
5 24 -25.73 -3.32 -13.37 -27.62 -3 -12.03 -25.52 -3.25 -13.97 -26.34 -3.51 -11.6
5 24 -27.62 -3 -12.03 -26.34 -3.51 -11.6 -29.64 -2.58 -9.88 -25.73 -3.32 -13.37
5 24 -26.34 -3.51 -11.6 -29.64 -2.58 -9.88 -27.62 -3 -12.03 -29.87 -2.58 -9.15
5 24 -29.87 -2.58 -9.15 -29.64 -2.58 -9.88 -26.34 -3.51 -11.6 -31.67 -1.87 -7.75
5 24 -33.55 -0.95 -6.05 -33.79 -0.8 -5.01 -35.28 0.09 -4.63 -30.61 -2.44 -6.56
5 24 -31.67 -1.87 -7.75 -29.87 -2.58 -9.15 -30.26 -2.54 -7.86 -29.64 -2.58 -9.88
5 24 -30.26 -2.54 -7.86 -31.67 -1.87 -7.75 -29.87 -2.58 -9.15 -33.55 -0.95 -6.05
5 24 -30.26 -2.54 -7.86 -33.55 -0.95 -6.05 -31.67 -1.87 -7.75 -30.61 -2.44 -6.56
5 24 -33.55 -0.95 -6.05 -30.61 -2.44 -6.56 -33.79 -0.8 -5.01 -30.26 -2.54 -7.86
5 24 -20.23 -5.18 -8.76 -23.47 -4.43 -10.68 -19.8 -4.89 -10.99 -24.03 -4.61 -8.61
5 24 -22.57 -4.07 -0.19 -25.67 -3.39 -0.55 -25.48 -4.23 -2.37 -22.56 -3.95 0
5 24 -25.48 -4.23 -2.37 -22.57 -4.07 -0.19 -25.67 -3.39 -0.55 -21.36 -5.04 -2.06
5 24 -3.75 -2.75 -0.59 -6.69 -3.26 -0.35 -3.15 -3.32 -1.85 -3.8 -2.64 -0.4
5 24 -19.38 -2.15 0.02 -18.53 -2.52 -0.38 -18.72 -2.71 -0.73 -17.86 -2.28 -0.04
5 24 -18.72 -2.71 -0.73 -22.57 -1.82 -0.19 -19.38 -2.15 0.02 -21.36 -2.79 -2.06
5 24 -22.57 -1.82 -0.19 -19.38 -2.15 0.02 -18.53 -2.52 -0.38 -22.56 -1.7 0
5 24 -18.72 -2.71 -0.73 -21.36 -2.79 -2.06 -22.57 -1.82 -0.19 -18.44 -2.84 -1.03
5 24 -21.36 -2.79 -2.06 -22.57 -1.82 -0.19 -18.72 -2.71 -0.73 -25.48 -1.98 -2.37
5 24 -19.38 -2.15 0.02 -17.86 -2.28 -0.04 -18.53 -2.52 -0.38 -17.45 -2.19 0.08
5 24 -25.48 -1.98 -2.37 -25.67 -1.14 -0.55 -22.57 -1.82 -0.19 -28.85 -0.83 -2.61
5 24 -25.67 -1.14 -0.55 -22.57 -1.82 -0.19 -25.48 -1.98 -2.37 -25.66 -1.03 -0.37
5 24 -22.57 -1.82 -0.19 -25.48 -1.98 -2.37 -25.67 -1.14 -0.55 -21.36 -2.79 -2.06
5 24 -21.36 -2.79 -2.06 -25.48 -1.98 -2.37 -22.57 -1.82 -0.19 -25.03 -2.26 -4.46
5 24 -19.38 -2.15 0.02 -17.45 -2.19 0.08 -17.86 -2.28 -0.04 -19.4 -2.03 0.21
5 24 -18.44 -2.84 -1.03 -21.36 -2.79 -2.06 -18.72 -2.71 -0.73 -17.7 -2.91 -1.29
5 24 -17.7 -2.91 -1.29 -21.36 -2.79 -2.06 -18.44 -2.84 -1.03 -16.7 -2.94 -1.48
5 24 -16.78 -3.2 -4.24 -15.7 -2.92 -1.58 -14.71 -2.87 -1.65 -16.7 -2.94 -1.48
5 24 -14.71 -2.87 -1.65 -12.61 -2.9 -4.22 -16.78 -3.2 -4.24 -13.73 -2.78 -1.71
5 24 -12.61 -2.9 -4.22 -16.78 -3.2 -4.24 -15.7 -2.92 -1.58 -12.48 -2.9 -6.47
5 24 -16.78 -3.2 -4.24 -16.7 -2.94 -1.48 -15.7 -2.92 -1.58 -21.01 -3.02 -4.31
5 24 -13.73 -2.78 -1.71 -12.61 -2.9 -4.22 -14.71 -2.87 -1.65 -12.76 -2.68 -1.74
5 24 -10.82 -2.42 -1.78 -8.64 -2.32 -4.1 -12.61 -2.9 -4.22 -8.11 -1.98 -1.81
5 24 -8.64 -2.32 -4.1 -12.61 -2.9 -4.22 -11.79 -2.56 -1.76 -8.59 -2.35 -6.2
5 24 -12.61 -2.9 -4.22 -11.79 -2.56 -1.76 -10.82 -2.42 -1.78 -12.76 -2.68 -1.74
5 24 -12.61 -2.9 -4.22 -12.76 -2.68 -1.74 -11.79 -2.56 -1.76 -13.73 -2.78 -1.71
5 24 -2.48 -1.15 -3.32 -4.34 -1.26 -1.82 -3.16 -1.11 -1.84 -5.02 -1.66 -3.74
5 24 -5.02 -1.66 -3.74 -4.34 -1.26 -1.82 -2.48 -1.15 -3.32 -5.4 -1.48 -1.82
5 24 -2.48 -1.15 -3.32 -5.02 -1.66 -3.74 -4.34 -1.26 -1.82 -2.06 -1.16 -4.6
5 24 -5.02 -1.66 -3.74 -5.4 -1.48 -1.82 -4.34 -1.26 -1.82 -8.11 -1.98 -1.81
5 24 -16.7 -2.94 -1.48 -21.36 -2.79 -2.06 -17.7 -2.91 -1.29 -16.78 -3.2 -4.24
5 24 -5.02 -1.66 -3.74 -8.11 -1.98 -1.81 -5.4 -1.48 -1.82 -8.64 -2.32 -4.1
5 24 -5.02 -1.66 -3.74 -8.64 -2.32 -4.1 -10.82 -2.42 -1.78 -2.06 -1.16 -4.6
5 24 -5.02 -1.66 -3.74 -2.06 -1.16 -4.6 -4.98 -1.74 -5.53 -2.48 -1.15 -3.32
5 24 -2.06 -1.16 -4.6 -4.98 -1.74 -5.53 -8.64 -2.32 -4.1 -1.83 -1.16 -5.9
5 24 -4.98 -1.74 -5.53 -8.64 -2.32 -4.1 -5.02 -1.66 -3.74 -8.59 -2.35 -6.2
5 24 -8.59 -2.35 -6.2 -8.64 -2.32 -4.1 -4.98 -1.74 -5.53 -12.48 -2.9 -6.47
5 24 -4.98 -1.74 -5.53 -8.59 -2.35 -6.2 -8.64 -2.32 -4.1 -4.97 -1.71 -7.32
5 24 -4.98 -1.74 -5.53 -4.97 -1.71 -7.32 -8.59 -2.35 -6.2 -1.83 -1.16 -5.9
5 24 -4.97 -1.71 -7.32 -8.59 -2.35 -6.2 -4.98 -1.74 -5.53 -8.56 -2.22 -8.3
5 24 -8.56 -2.22 -8.3 -8.59 -2.35 -6.2 -4.97 -1.71 -7.32 -12.48 -2.9 -6.47
5 24 -4.97 -1.71 -7.32 -8.56 -2.22 -8.3 -8.59 -2.35 -6.2 -4.99 -1.56 -9.09
5 24 -1.83 -1.16 -5.9 -4.98 -1.74 -5.53 -2.06 -1.16 -4.6 -1.81 -1.14 -7.25
5 24 -1.81 -1.14 -7.25 -4.97 -1.71 -7.32 -4.98 -1.74 -5.53 -2.08 -1.07 -8.84
5 24 -12.48 -2.9 -6.47 -8.56 -2.22 -8.3 -12.36 -2.71 -8.73 -8.59 -2.35 -6.2
5 24 -8.56 -2.22 -8.3 -12.36 -2.71 -8.73 -12.48 -2.9 -6.47 -8.57 -1.95 -10.4
5 24 -12.36 -2.71 -8.73 -12.48 -2.9 -6.47 -8.56 -2.22 -8.3 -16.28 -3.01 -8.82
5 24 -12.48 -2.9 -6.47 -8.59 -2.35 -6.2 -8.56 -2.22 -8.3 -12.61 -2.9 -4.22
5 24 -12.48 -2.9 -6.47 -12.61 -2.9 -4.22 -8.64 -2.32 -4.1 -16.53 -3.2 -6.53
5 24 -16.78 -3.2 -4.24 -21.01 -3.02 -4.31 -21.36 -2.79 -2.06 -20.64 -3.07 -6.53
5 24 -21.01 -3.02 -4.31 -21.36 -2.79 -2.06 -16.7 -2.94 -1.48 -25.03 -2.26 -4.46
5 24 -16.78 -3.2 -4.24 -16.53 -3.2 -6.53 -20.64 -3.07 -6.53 -12.61 -2.9 -4.22
5 24 -16.53 -3.2 -6.53 -20.64 -3.07 -6.53 -16.78 -3.2 -4.24 -20.23 -2.93 -8.76
5 24 -20.64 -3.07 -6.53 -16.78 -3.2 -4.24 -16.53 -3.2 -6.53 -21.01 -3.02 -4.31
5 24 -20.64 -3.07 -6.53 -21.01 -3.02 -4.31 -16.78 -3.2 -4.24 -24.56 -2.39 -6.54
5 24 -16.53 -3.2 -6.53 -16.28 -3.01 -8.82 -20.23 -2.93 -8.76 -12.48 -2.9 -6.47
5 24 -16.28 -3.01 -8.82 -20.23 -2.93 -8.76 -16.53 -3.2 -6.53 -19.8 -2.64 -10.99
5 24 -20.23 -2.93 -8.76 -16.53 -3.2 -6.53 -16.28 -3.01 -8.82 -20.64 -3.07 -6.53
5 24 -20.23 -2.93 -8.76 -20.64 -3.07 -6.53 -16.53 -3.2 -6.53 -24.03 -2.36 -8.61
5 24 -16.53 -3.2 -6.53 -12.48 -2.9 -6.47 -12.36 -2.71 -8.73 -16.78 -3.2 -4.24
5 24 -12.36 -2.71 -8.73 -16.28 -3.01 -8.82 -16.53 -3.2 -6.53 -12.27 -2.37 -11
5 24 -4.97 -1.71 -7.32 -4.99 -1.56 -9.09 -8.56 -2.22 -8.3 -1.81 -1.14 -7.25
5 24 -4.99 -1.56 -9.09 -8.56 -2.22 -8.3 -4.97 -1.71 -7.32 -5.02 -1.32 -10.88
5 24 -8.57 -1.95 -10.4 -8.56 -2.22 -8.3 -4.99 -1.56 -9.09 -12.36 -2.71 -8.73
5 24 -4.99 -1.56 -9.09 -5.02 -1.32 -10.88 -8.57 -1.95 -10.4 -2.08 -1.07 -8.84
5 24 -5.02 -1.32 -10.88 -8.57 -1.95 -10.4 -8.56 -2.22 -8.3 -5.06 -1.01 -12.65
5 24 -8.57 -1.58 -12.49 -8.57 -1.95 -10.4 -5.02 -1.32 -10.88 -12.27 -2.37 -11
5 24 -5.02 -1.32 -10.88 -5.06 -1.01 -12.65 -8.57 -1.58 -12.49 -3.13 -0.94 -11.18
5 24 -5.06 -1.01 -12.65 -8.57 -1.58 -12.49 -8.57 -1.95 -10.4 -8.59 -1.14 -14.56
5 24 -3.13 -0.94 -11.18 -5.02 -1.32 -10.88 -4.99 -1.56 -9.09 -4.1 -0.88 -12.48
5 24 -4.99 -1.56 -9.09 -2.08 -1.07 -8.84 -3.13 -0.94 -11.18 -4.97 -1.71 -7.32
5 24 -12.27 -2.37 -11 -8.57 -1.58 -12.49 -12.19 -1.94 -13.23 -8.57 -1.95 -10.4
5 24 -8.57 -1.58 -12.49 -12.19 -1.94 -13.23 -12.27 -2.37 -11 -8.59 -1.14 -14.56
5 24 -12.19 -1.94 -13.23 -12.27 -2.37 -11 -8.57 -1.58 -12.49 -15.79 -2.23 -13.39
5 24 -12.27 -2.37 -11 -8.57 -1.95 -10.4 -8.57 -1.58 -12.49 -12.36 -2.71 -8.73
5 24 -8.57 -1.95 -10.4 -12.36 -2.71 -8.73 -8.56 -2.22 -8.3 -12.27 -2.37 -11
5 24 -12.27 -2.37 -11 -12.36 -2.71 -8.73 -8.57 -1.95 -10.4 -16.03 -2.67 -11.12
5 24 -8.59 -1.14 -14.56 -8.57 -1.58 -12.49 -5.06 -1.01 -12.65 -12.19 -1.94 -13.23
5 24 -5.06 -1.01 -12.65 -8.59 -1.14 -14.56 -8.57 -1.58 -12.49 -5.09 -0.82 -13.6
5 24 -5.06 -1.01 -12.65 -5.09 -0.82 -13.6 -8.59 -1.14 -14.56 -4.1 -0.88 -12.48
5 24 -5.09 -0.82 -13.6 -8.59 -1.14 -14.56 -5.06 -1.01 -12.65 -8.63 -0.73 -16.31
5 24 -8.63 -0.73 -16.31 -8.59 -1.14 -14.56 -5.09 -0.82 -13.6 -12.11 -1.42 -15.45
5 24 -5.06 -1.01 -12.65 -4.1 -0.88 -12.48 -5.09 -0.82 -13.6 -5.02 -1.32 -10.88
5 24 -12.11 -1.42 -15.45 -8.59 -1.14 -14.56 -8.63 -0.73 -16.31 -12.19 -1.94 -13.23
5 24 -8.63 -0.73 -16.31 -12.11 -1.42 -15.45 -8.59 -1.14 -14.56 -12.06 -0.88 -17.5
5 24 -12.06 -0.88 -17.5 -12.11 -1.42 -15.45 -8.63 -0.73 -16.31 -15.33 -1.12 -17.78
5 24 -8.59 -1.14 -14.56 -12.19 -1.94 -13.23 -8.57 -1.58 -12.49 -12.11 -1.42 -15.45
5 24 -12.11 -1.42 -15.45 -12.19 -1.94 -13.23 -8.59 -1.14 -14.56 -15.55 -1.7 -15.65
5 24 -16.28 -3.01 -8.82 -16.03 -2.67 -11.12 -19.8 -2.64 -10.99 -12.36 -2.71 -8.73
5 24 -16.03 -2.67 -11.12 -19.8 -2.64 -10.99 -16.28 -3.01 -8.82 -19.38 -2.26 -13.21
5 24 -19.8 -2.64 -10.99 -16.28 -3.01 -8.82 -16.03 -2.67 -11.12 -20.23 -2.93 -8.76
5 24 -19.8 -2.64 -10.99 -20.23 -2.93 -8.76 -16.28 -3.01 -8.82 -23.47 -2.18 -10.68
5 24 -16.03 -2.67 -11.12 -15.79 -2.23 -13.39 -19.38 -2.26 -13.21 -12.27 -2.37 -11
5 24 -15.79 -2.23 -13.39 -19.38 -2.26 -13.21 -16.03 -2.67 -11.12 -18.94 -1.79 -15.4
5 24 -19.38 -2.26 -13.21 -16.03 -2.67 -11.12 -15.79 -2.23 -13.39 -19.8 -2.64 -10.99
5 24 -19.38 -2.26 -13.21 -19.8 -2.64 -10.99 -16.03 -2.67 -11.12 -22.27 -1.56 -14.79
5 24 -12.19 -1.94 -13.23 -15.79 -2.23 -13.39 -16.03 -2.67 -11.12 -12.11 -1.42 -15.45
5 24 -16.03 -2.67 -11.12 -12.27 -2.37 -11 -12.19 -1.94 -13.23 -16.28 -3.01 -8.82
5 24 -15.79 -2.23 -13.39 -15.55 -1.7 -15.65 -18.94 -1.79 -15.4 -12.19 -1.94 -13.23
5 24 -15.55 -1.7 -15.65 -18.94 -1.79 -15.4 -15.79 -2.23 -13.39 -18.55 -1.3 -17.36
5 24 -18.94 -1.79 -15.4 -15.79 -2.23 -13.39 -15.55 -1.7 -15.65 -19.38 -2.26 -13.21
5 24 -18.94 -1.79 -15.4 -19.38 -2.26 -13.21 -15.79 -2.23 -13.39 -21.83 -1.27 -16.24
5 24 -18.55 -1.3 -17.36 -15.55 -1.7 -15.65 -15.33 -1.12 -17.78 -18.94 -1.79 -15.4
5 24 -15.55 -1.7 -15.65 -15.33 -1.12 -17.78 -18.55 -1.3 -17.36 -12.11 -1.42 -15.45
5 24 -18.55 -1.3 -17.36 -18.94 -1.79 -15.4 -15.55 -1.7 -15.65 -21.83 -1.27 -16.24
5 24 -15.55 -1.7 -15.65 -12.11 -1.42 -15.45 -12.06 -0.88 -17.5 -15.79 -2.23 -13.39
5 24 -25.67 -1.14 -0.55 -28.85 -0.83 -2.61 -28.68 -0.15 -1.05 -25.48 -1.98 -2.37
5 24 -28.85 -0.83 -2.61 -28.68 -0.15 -1.05 -25.67 -1.14 -0.55 -31.53 0.47 -2.58
5 24 -28.68 -0.15 -1.05 -25.67 -1.14 -0.55 -28.85 -0.83 -2.61 -28.66 -0.04 -0.86
5 24 -25.48 -1.98 -2.37 -28.85 -0.83 -2.61 -25.67 -1.14 -0.55 -28.43 -1.15 -4.43
5 24 -25.48 -1.98 -2.37 -28.43 -1.15 -4.43 -28.85 -0.83 -2.61 -25.03 -2.26 -4.46
5 24 -28.43 -1.15 -4.43 -28.85 -0.83 -2.61 -25.48 -1.98 -2.37 -31.28 0.16 -3.9
5 24 -25.03 -2.26 -4.46 -28.43 -1.15 -4.43 -25.48 -1.98 -2.37 -27.98 -1.34 -6.24
5 24 -25.48 -1.98 -2.37 -25.03 -2.26 -4.46 -28.43 -1.15 -4.43 -21.36 -2.79 -2.06
5 24 -21.01 -3.02 -4.31 -25.03 -2.26 -4.46 -21.36 -2.79 -2.06 -24.56 -2.39 -6.54
5 24 -25.03 -2.26 -4.46 -21.36 -2.79 -2.06 -21.01 -3.02 -4.31 -25.48 -1.98 -2.37
5 24 -31.53 0.47 -2.58 -28.85 -0.83 -2.61 -31.28 0.16 -3.9 -28.68 -0.15 -1.05
5 24 -28.85 -0.83 -2.61 -31.28 0.16 -3.9 -31.53 0.47 -2.58 -28.43 -1.15 -4.43
5 24 -31.28 0.16 -3.9 -31.53 0.47 -2.58 -28.85 -0.83 -2.61 -33.97 1.59 -4.19
5 24 -28.43 -1.15 -4.43 -31.28 0.16 -3.9 -28.85 -0.83 -2.61 -30.95 -0.04 -5.25
5 24 -31.53 0.47 -2.58 -28.68 -0.15 -1.05 -28.85 -0.83 -2.61 -31.57 1.13 -1.58
5 24 -31.57 1.13 -1.58 -28.68 -0.15 -1.05 -31.53 0.47 -2.58 -31.55 1.24 -1.39
5 24 -31.53 0.47 -2.58 -31.57 1.13 -1.58 -28.68 -0.15 -1.05 -34.18 2.1 -2.62
5 24 -25.03 -2.26 -4.46 -27.98 -1.34 -6.24 -28.43 -1.15 -4.43 -24.56 -2.39 -6.54
5 24 -27.98 -1.34 -6.24 -28.43 -1.15 -4.43 -25.03 -2.26 -4.46 -30.61 -0.19 -6.56
5 24 -24.56 -2.39 -6.54 -27.98 -1.34 -6.24 -25.03 -2.26 -4.46 -27.48 -1.42 -8.03
5 24 -25.03 -2.26 -4.46 -24.56 -2.39 -6.54 -27.98 -1.34 -6.24 -21.01 -3.02 -4.31
5 24 -27.48 -1.42 -8.03 -27.98 -1.34 -6.24 -24.56 -2.39 -6.54 -30.61 -0.19 -6.56
5 24 -24.56 -2.39 -6.54 -27.48 -1.42 -8.03 -27.98 -1.34 -6.24 -24.03 -2.36 -8.61
5 24 -24.03 -2.36 -8.61 -27.48 -1.42 -8.03 -24.56 -2.39 -6.54 -26.93 -1.39 -9.81
5 24 -24.56 -2.39 -6.54 -24.03 -2.36 -8.61 -27.48 -1.42 -8.03 -20.64 -3.07 -6.53
5 24 -24.03 -2.36 -8.61 -20.64 -3.07 -6.53 -20.23 -2.93 -8.76 -24.56 -2.39 -6.54
5 24 -20.23 -2.93 -8.76 -24.03 -2.36 -8.61 -20.64 -3.07 -6.53 -23.47 -2.18 -10.68
5 24 -24.56 -2.39 -6.54 -20.64 -3.07 -6.53 -24.03 -2.36 -8.61 -21.01 -3.02 -4.31
5 24 -30.61 -0.19 -6.56 -30.95 -0.04 -5.25 -28.43 -1.15 -4.43 -33.79 1.45 -5.01
5 24 -30.95 -0.04 -5.25 -28.43 -1.15 -4.43 -27.98 -1.34 -6.24 -31.28 0.16 -3.9
5 24 -27.98 -1.34 -6.24 -30.61 -0.19 -6.56 -30.95 -0.04 -5.25 -27.48 -1.42 -8.03
5 24 -27.48 -1.42 -8.03 -30.61 -0.19 -6.56 -27.98 -1.34 -6.24 -30.26 -0.29 -7.86
5 24 -30.95 -0.04 -5.25 -31.28 0.16 -3.9 -28.43 -1.15 -4.43 -33.97 1.59 -4.19
5 24 -24.56 -2.39 -6.54 -21.01 -3.02 -4.31 -20.64 -3.07 -6.53 -25.03 -2.26 -4.46
5 24 -36.78 4.05 -2.64 -34.36 2.62 -2.16 -34.18 2.1 -2.62 -36.83 4.19 -2.46
5 24 -34.36 2.62 -2.16 -34.18 2.1 -2.62 -36.72 3.81 -2.86 -31.57 1.13 -1.58
5 24 -34.18 2.1 -2.62 -36.72 3.81 -2.86 -36.78 4.05 -2.64 -36.55 3.39 -3.24
5 24 -34.18 2.1 -2.62 -34.12 1.78 -3.36 -36.55 3.39 -3.24 -31.53 0.47 -2.58
5 24 -34.12 1.78 -3.36 -36.55 3.39 -3.24 -34.18 2.1 -2.62 -36.22 3.01 -3.73
5 24 -36.55 3.39 -3.24 -34.18 2.1 -2.62 -34.12 1.78 -3.36 -36.72 3.81 -2.86
5 24 -34.18 2.1 -2.62 -31.53 0.47 -2.58 -34.12 1.78 -3.36 -31.57 1.13 -1.58
5 24 -31.53 0.47 -2.58 -34.12 1.78 -3.36 -34.18 2.1 -2.62 -31.28 0.16 -3.9
5 24 -31.28 0.16 -3.9 -33.97 1.59 -4.19 -34.12 1.78 -3.36 -30.95 -0.04 -5.25
5 24 -33.97 1.59 -4.19 -34.12 1.78 -3.36 -31.53 0.47 -2.58 -36.22 3.01 -3.73
5 24 -33.97 1.59 -4.19 -36.22 3.01 -3.73 -34.12 1.78 -3.36 -35.28 2.34 -4.63
5 24 -36.22 3.01 -3.73 -34.12 1.78 -3.36 -33.97 1.59 -4.19 -36.55 3.39 -3.24
5 24 -33.97 1.59 -4.19 -33.79 1.45 -5.01 -35.28 2.34 -4.63 -30.95 -0.04 -5.25
5 24 -33.79 1.45 -5.01 -35.28 2.34 -4.63 -33.97 1.59 -4.19 -33.55 1.3 -6.05
5 24 -35.28 2.34 -4.63 -33.97 1.59 -4.19 -33.79 1.45 -5.01 -36.22 3.01 -3.73
5 24 -33.97 1.59 -4.19 -30.95 -0.04 -5.25 -33.79 1.45 -5.01 -31.28 0.16 -3.9
5 24 -30.95 -0.04 -5.25 -33.79 1.45 -5.01 -33.97 1.59 -4.19 -30.61 -0.19 -6.56
5 24 -30.61 -0.19 -6.56 -33.79 1.45 -5.01 -30.95 -0.04 -5.25 -33.55 1.3 -6.05
5 24 -34.18 2.1 -2.62 -31.57 1.13 -1.58 -31.53 0.47 -2.58 -34.36 2.62 -2.16
5 24 -34.36 2.62 -2.16 -31.57 1.13 -1.58 -34.18 2.1 -2.62 -34.34 2.73 -1.97
5 24 -24.03 -2.36 -8.61 -26.93 -1.39 -9.81 -27.48 -1.42 -8.03 -23.47 -2.18 -10.68
5 24 -26.93 -1.39 -9.81 -27.48 -1.42 -8.03 -24.03 -2.36 -8.61 -30.26 -0.29 -7.86
5 24 -23.47 -2.18 -10.68 -26.34 -1.26 -11.6 -26.93 -1.39 -9.81 -22.88 -1.91 -12.74
5 24 -26.34 -1.26 -11.6 -26.93 -1.39 -9.81 -24.03 -2.36 -8.61 -29.87 -0.33 -9.15
5 24 -24.03 -2.36 -8.61 -23.47 -2.18 -10.68 -26.34 -1.26 -11.6 -20.23 -2.93 -8.76
5 24 -22.88 -1.91 -12.74 -26.34 -1.26 -11.6 -23.47 -2.18 -10.68 -25.73 -1.07 -13.37
5 24 -23.47 -2.18 -10.68 -22.88 -1.91 -12.74 -26.34 -1.26 -11.6 -19.8 -2.64 -10.99
5 24 -19.38 -2.26 -13.21 -22.27 -1.56 -14.79 -22.88 -1.91 -12.74 -18.94 -1.79 -15.4
5 24 -22.27 -1.56 -14.79 -22.88 -1.91 -12.74 -19.8 -2.64 -10.99 -25.73 -1.07 -13.37
5 24 -22.88 -1.91 -12.74 -19.8 -2.64 -10.99 -19.38 -2.26 -13.21 -23.47 -2.18 -10.68
5 24 -23.47 -2.18 -10.68 -19.8 -2.64 -10.99 -22.88 -1.91 -12.74 -20.23 -2.93 -8.76
5 24 -30.26 -0.29 -7.86 -26.93 -1.39 -9.81 -29.87 -0.33 -9.15 -27.48 -1.42 -8.03
5 24 -26.93 -1.39 -9.81 -29.87 -0.33 -9.15 -30.26 -0.29 -7.86 -26.34 -1.26 -11.6
5 24 -29.87 -0.33 -9.15 -30.26 -0.29 -7.86 -26.93 -1.39 -9.81 -31.67 0.38 -7.75
5 24 -26.34 -1.26 -11.6 -29.87 -0.33 -9.15 -26.93 -1.39 -9.81 -29.64 -0.33 -9.88
5 24 -27.48 -1.42 -8.03 -30.26 -0.29 -7.86 -30.61 -0.19 -6.56 -26.93 -1.39 -9.81
5 24 -30.26 -0.29 -7.86 -30.61 -0.19 -6.56 -27.48 -1.42 -8.03 -33.55 1.3 -6.05
5 24 -22.88 -1.91 -12.74 -25.73 -1.07 -13.37 -26.34 -1.26 -11.6 -22.27 -1.56 -14.79
5 24 -25.73 -1.07 -13.37 -26.34 -1.26 -11.6 -22.88 -1.91 -12.74 -27.62 -0.75 -12.03
5 24 -22.27 -1.56 -14.79 -25.73 -1.07 -13.37 -22.88 -1.91 -12.74 -25.52 -1 -13.97
5 24 -25.52 -1 -13.97 -25.73 -1.07 -13.37 -22.27 -1.56 -14.79 -27.62 -0.75 -12.03
5 24 -22.27 -1.56 -14.79 -25.52 -1 -13.97 -25.73 -1.07 -13.37 -21.83 -1.27 -16.24
5 24 -22.27 -1.56 -14.79 -21.83 -1.27 -16.24 -25.52 -1 -13.97 -19.38 -2.26 -13.21
5 24 -18.94 -1.79 -15.4 -21.83 -1.27 -16.24 -22.27 -1.56 -14.79 -18.55 -1.3 -17.36
5 24 -27.62 -0.75 -12.03 -25.73 -1.07 -13.37 -25.52 -1 -13.97 -26.34 -1.26 -11.6
5 24 -29.64 -0.33 -9.88 -26.34 -1.26 -11.6 -27.62 -0.75 -12.03 -29.87 -0.33 -9.15
5 24 -26.34 -1.26 -11.6 -27.62 -0.75 -12.03 -29.64 -0.33 -9.88 -25.73 -1.07 -13.37
5 24 -29.64 -0.33 -9.88 -29.87 -0.33 -9.15 -26.34 -1.26 -11.6 -31.67 0.38 -7.75
5 24 -33.79 1.45 -5.01 -33.55 1.3 -6.05 -35.28 2.34 -4.63 -30.61 -0.19 -6.56
5 24 -29.87 -0.33 -9.15 -31.67 0.38 -7.75 -30.26 -0.29 -7.86 -29.64 -0.33 -9.88
5 24 -31.67 0.38 -7.75 -30.26 -0.29 -7.86 -29.87 -0.33 -9.15 -33.55 1.3 -6.05
5 24 -33.55 1.3 -6.05 -30.26 -0.29 -7.86 -31.67 0.38 -7.75 -30.61 -0.19 -6.56
5 24 -30.61 -0.19 -6.56 -33.55 1.3 -6.05 -33.79 1.45 -5.01 -30.26 -0.29 -7.86
5 24 -23.47 -2.18 -10.68 -20.23 -2.93 -8.76 -19.8 -2.64 -10.99 -24.03 -2.36 -8.61
5 24 -16.99 -2.06 0.3 -15.99 -1.74 0.01 -16.93 -2.01 0 -15.98 -1.79 0.36
5 24 -15.99 -1.74 0.01 -16.93 -2.01 0 -16.99 -2.06 0.3 -15.98 -1.79 -0.35
5 24 -16.93 -2.01 0 -16.99 -2.06 0.3 -15.99 -1.74 0.01 -17.45 -2.19 0.08
5 24 -15.98 -1.79 0.36 -15.99 -1.74 0.01 -16.99 -2.06 0.3 -15.05 -1.52 0.35
5 24 -16.99 -2.06 0.3 -15.98 -1.79 0.36 -15.99 -1.74 0.01 -16.36 -1.97 0.55
5 24 -15.7 -2.92 -1.58 -14.76 -2.67 -1.56 -14.71 -2.87 -1.65 -16.7 -2.94 -1.48
5 24 -14.76 -2.67 -1.56 -14.71 -2.87 -1.65 -15.7 -2.92 -1.58 -13.82 -2.43 -1.56
5 24 -17.7 -2.91 -1.29 -16.78 -2.61 -1.22 -16.7 -2.94 -1.48 -17.77 -2.64 -1
5 24 -16.78 -2.61 -1.22 -16.7 -2.94 -1.48 -17.7 -2.91 -1.29 -15.83 -2.35 -1.21
5 24 -15.78 -2.62 -1.41 -14.84 -2.37 -1.39 -14.76 -2.67 -1.56 -15.83 -2.35 -1.21
5 24 -14.84 -2.37 -1.39 -14.76 -2.67 -1.56 -15.78 -2.62 -1.41 -13.9 -2.12 -1.38
5 24 -16.7 -2.94 -1.48 -15.78 -2.62 -1.41 -14.76 -2.67 -1.56 -16.78 -2.61 -1.22
5 24 -15.78 -2.62 -1.41 -15.83 -2.35 -1.21 -14.89 -2.09 -1.19 -16.7 -2.94 -1.48
5 24 -15.83 -2.35 -1.21 -14.89 -2.09 -1.19 -14.84 -2.37 -1.39 -16.84 -2.38 -0.98
5 24 -14.89 -2.09 -1.19 -14.84 -2.37 -1.39 -15.78 -2.62 -1.41 -13.97 -1.84 -1.17
5 24 -16.78 -2.61 -1.22 -15.83 -2.35 -1.21 -15.78 -2.62 -1.41 -16.84 -2.38 -0.98
5 24 -13.73 -2.78 -1.71 -12.8 -2.53 -1.68 -12.76 -2.68 -1.74 -14.71 -2.87 -1.65
5 24 -12.8 -2.53 -1.68 -12.76 -2.68 -1.74 -13.73 -2.78 -1.71 -11.85 -2.3 -1.68
5 24 -13.82 -2.43 -1.56 -12.88 -2.19 -1.53 -12.8 -2.53 -1.68 -13.9 -2.12 -1.38
5 24 -12.88 -2.19 -1.53 -12.8 -2.53 -1.68 -13.82 -2.43 -1.56 -11.94 -1.95 -1.53
5 24 -12.8 -2.53 -1.68 -13.82 -2.43 -1.56 -12.88 -2.19 -1.53 -13.73 -2.78 -1.71
5 24 -14.71 -2.87 -1.65 -13.82 -2.43 -1.56 -12.8 -2.53 -1.68 -14.76 -2.67 -1.56
5 24 -14.76 -2.67 -1.56 -13.82 -2.43 -1.56 -14.71 -2.87 -1.65 -14.84 -2.37 -1.39
5 24 -12.76 -2.68 -1.74 -11.85 -2.3 -1.68 -10.91 -2.07 -1.67 -12.8 -2.53 -1.68
5 24 -11.85 -2.3 -1.68 -10.91 -2.07 -1.67 -11.79 -2.56 -1.76 -11.94 -1.95 -1.53
5 24 -10.91 -2.07 -1.67 -11.79 -2.56 -1.76 -12.76 -2.68 -1.74 -10.82 -2.42 -1.78
5 24 -10.91 -2.07 -1.67 -10.82 -2.42 -1.78 -11.79 -2.56 -1.76 -8.29 -1.36 -1.63
5 24 -11.85 -2.3 -1.68 -11.94 -1.95 -1.53 -11 -1.71 -1.51 -12.8 -2.53 -1.68
5 24 -11.94 -1.95 -1.53 -11 -1.71 -1.51 -10.91 -2.07 -1.67 -12.02 -1.62 -1.34
5 24 -11 -1.71 -1.51 -10.91 -2.07 -1.67 -11.85 -2.3 -1.68 -8.4 -1.02 -1.48
5 24 -11.85 -2.3 -1.68 -12.8 -2.53 -1.68 -12.88 -2.19 -1.53 -12.76 -2.68 -1.74
5 24 -12.88 -2.19 -1.53 -11.94 -1.95 -1.53 -11.85 -2.3 -1.68 -12.96 -1.87 -1.36
5 24 -13.9 -2.12 -1.38 -12.96 -1.87 -1.36 -12.88 -2.19 -1.53 -13.97 -1.84 -1.17
5 24 -12.96 -1.87 -1.36 -12.88 -2.19 -1.53 -13.82 -2.43 -1.56 -12.02 -1.62 -1.34
5 24 -13.82 -2.43 -1.56 -13.9 -2.12 -1.38 -12.96 -1.87 -1.36 -14.76 -2.67 -1.56
5 24 -13.9 -2.12 -1.38 -13.97 -1.84 -1.17 -13.03 -1.58 -1.15 -14.84 -2.37 -1.39
5 24 -13.97 -1.84 -1.17 -13.03 -1.58 -1.15 -12.96 -1.87 -1.36 -13.2 -1.33 -0.9
5 24 -13.03 -1.58 -1.15 -12.96 -1.87 -1.36 -13.9 -2.12 -1.38 -12.09 -1.32 -1.12
5 24 -13.9 -2.12 -1.38 -14.84 -2.37 -1.39 -14.89 -2.09 -1.19 -13.82 -2.43 -1.56
5 24 -14.89 -2.09 -1.19 -13.97 -1.84 -1.17 -13.9 -2.12 -1.38 -15.9 -2.12 -0.96
5 24 -11.94 -1.95 -1.53 -12.02 -1.62 -1.34 -11.08 -1.37 -1.32 -12.88 -2.19 -1.53
5 24 -12.02 -1.62 -1.34 -11.08 -1.37 -1.32 -11 -1.71 -1.51 -12.09 -1.32 -1.12
5 24 -11.08 -1.37 -1.32 -11 -1.71 -1.51 -11.94 -1.95 -1.53 -8.49 -0.69 -1.3
5 24 -12.02 -1.62 -1.34 -12.09 -1.32 -1.12 -11.16 -1.07 -1.1 -12.96 -1.87 -1.36
5 24 -12.09 -1.32 -1.12 -11.16 -1.07 -1.1 -11.08 -1.37 -1.32 -12.16 -1.06 -0.88
5 24 -11.16 -1.07 -1.1 -11.08 -1.37 -1.32 -12.02 -1.62 -1.34 -8.58 -0.38 -1.1
5 24 -12.02 -1.62 -1.34 -12.96 -1.87 -1.36 -13.03 -1.58 -1.15 -11.94 -1.95 -1.53
5 24 -13.03 -1.58 -1.15 -12.09 -1.32 -1.12 -12.02 -1.62 -1.34 -13.2 -1.33 -0.9
5 24 -17.7 -2.91 -1.29 -17.77 -2.64 -1 -16.84 -2.38 -0.98 -18.44 -2.84 -1.03
5 24 -17.77 -2.64 -1 -16.84 -2.38 -0.98 -16.78 -2.61 -1.22 -17.82 -2.46 -0.71
5 24 -16.84 -2.38 -0.98 -16.78 -2.61 -1.22 -17.7 -2.91 -1.29 -15.83 -2.35 -1.21
5 24 -17.82 -2.46 -0.71 -16.88 -2.19 -0.7 -15.9 -2.12 -0.96 -18.53 -2.52 -0.38
5 24 -15.9 -2.12 -0.96 -16.84 -2.38 -0.98 -17.82 -2.46 -0.71 -14.89 -2.09 -1.19
5 24 -16.84 -2.38 -0.98 -17.82 -2.46 -0.71 -16.88 -2.19 -0.7 -17.77 -2.64 -1
5 24 -17.77 -2.64 -1 -17.82 -2.46 -0.71 -16.84 -2.38 -0.98 -18.44 -2.84 -1.03
5 24 -17.77 -2.64 -1 -18.44 -2.84 -1.03 -18.72 -2.71 -0.73 -17.7 -2.91 -1.29
5 24 -18.72 -2.71 -0.73 -17.82 -2.46 -0.71 -17.77 -2.64 -1 -18.53 -2.52 -0.38
5 24 -14.96 -1.85 -0.94 -13.97 -1.84 -1.17 -14.89 -2.09 -1.19 -14.02 -1.59 -0.93
5 24 -14.89 -2.09 -1.19 -15.9 -2.12 -0.96 -14.96 -1.85 -0.94 -15.83 -2.35 -1.21
5 24 -15.83 -2.35 -1.21 -16.84 -2.38 -0.98 -15.9 -2.12 -0.96 -16.78 -2.61 -1.22
5 24 -17.85 -2.33 -0.37 -16.92 -2.06 -0.36 -15.95 -1.92 -0.68 -17.86 -2.28 -0.04
5 24 -16.88 -2.19 -0.7 -17.85 -2.33 -0.37 -16.92 -2.06 -0.36 -17.82 -2.46 -0.71
5 24 -17.82 -2.46 -0.71 -18.53 -2.52 -0.38 -17.85 -2.33 -0.37 -18.72 -2.71 -0.73
5 24 -18.53 -2.52 -0.38 -17.85 -2.33 -0.37 -16.88 -2.19 -0.7 -17.86 -2.28 -0.04
5 24 -17.86 -2.28 -0.04 -16.93 -2.01 0 -16.92 -2.06 -0.36 -17.45 -2.19 0.08
5 24 -16.93 -2.01 0 -16.92 -2.06 -0.36 -17.85 -2.33 -0.37 -15.99 -1.74 0.01
5 24 -17.85 -2.33 -0.37 -17.86 -2.28 -0.04 -16.93 -2.01 0 -18.53 -2.52 -0.38
5 24 -15.05 -1.52 -0.34 -14.11 -1.24 -0.33 -15.01 -1.65 -0.66 -15.06 -1.46 0
5 24 -14.11 -1.24 -0.33 -15.01 -1.65 -0.66 -15.95 -1.92 -0.68 -13.18 -0.97 -0.33
5 24 -15.98 -1.79 -0.35 -15.99 -1.74 0.01 -15.06 -1.46 0 -16.92 -2.06 -0.36
5 24 -15.99 -1.74 0.01 -15.06 -1.46 0 -15.05 -1.52 -0.34 -15.98 -1.79 0.36
5 24 -15.06 -1.46 0 -15.05 -1.52 -0.34 -15.98 -1.79 -0.35 -14.13 -1.19 0
5 24 -13.97 -1.84 -1.17 -14.02 -1.59 -0.93 -13.2 -1.33 -0.9 -14.96 -1.85 -0.94
5 24 -14.02 -1.59 -0.93 -13.2 -1.33 -0.9 -13.97 -1.84 -1.17 -15.01 -1.65 -0.66
5 24 -13.2 -1.33 -0.9 -13.97 -1.84 -1.17 -14.02 -1.59 -0.93 -13.03 -1.58 -1.15
5 24 -13.2 -1.33 -0.9 -13.03 -1.58 -1.15 -13.97 -1.84 -1.17 -12.16 -1.06 -0.88
5 24 -15.01 -1.65 -0.66 -14.08 -1.39 -0.64 -13.2 -1.33 -0.9 -14.11 -1.24 -0.33
5 24 -12.16 -1.06 -0.88 -11.22 -0.8 -0.87 -11.16 -1.07 -1.1 -11.27 -0.58 -0.6
5 24 -11.22 -0.8 -0.87 -11.16 -1.07 -1.1 -12.16 -1.06 -0.88 -8.66 -0.09 -0.86
5 24 -11.16 -1.07 -1.1 -12.16 -1.06 -0.88 -11.22 -0.8 -0.87 -12.09 -1.32 -1.12
5 24 -12.09 -1.32 -1.12 -12.16 -1.06 -0.88 -11.16 -1.07 -1.1 -13.03 -1.58 -1.15
5 24 -12.16 -1.06 -0.88 -12.21 -0.85 -0.62 -11.27 -0.58 -0.6 -13.2 -1.33 -0.9
5 24 -12.21 -0.85 -0.62 -11.27 -0.58 -0.6 -12.16 -1.06 -0.88 -11.31 -0.43 -0.3
5 24 -11.27 -0.58 -0.6 -12.16 -1.06 -0.88 -12.21 -0.85 -0.62 -11.22 -0.8 -0.87
5 24 -11.27 -0.58 -0.6 -11.22 -0.8 -0.87 -12.16 -1.06 -0.88 -8.66 -0.09 -0.86
5 24 -12.16 -1.06 -0.88 -13.2 -1.33 -0.9 -12.21 -0.85 -0.62 -12.09 -1.32 -1.12
5 24 -14.08 -1.39 -0.64 -13.18 -0.97 -0.33 -12.26 -0.7 -0.32 -15.01 -1.65 -0.66
5 24 -13.18 -0.97 -0.33 -12.26 -0.7 -0.32 -13.14 -1.12 -0.64 -13.19 -0.92 0.01
5 24 -12.26 -0.7 -0.32 -13.14 -1.12 -0.64 -14.08 -1.39 -0.64 -11.31 -0.43 -0.3
5 24 -14.11 -1.24 -0.33 -13.18 -0.97 -0.33 -14.08 -1.39 -0.64 -14.13 -1.19 0
5 24 -13.19 -0.92 0.01 -13.18 -0.97 -0.33 -14.11 -1.24 -0.33 -12.26 -0.65 0
5 24 -14.11 -1.24 -0.33 -14.13 -1.19 0 -13.19 -0.92 0.01 -15.05 -1.52 -0.34
5 24 -14.13 -1.19 0 -13.19 -0.92 0.01 -13.18 -0.97 -0.33 -14.12 -1.25 0.34
5 24 -15.06 -1.46 0 -14.13 -1.19 0 -14.11 -1.24 -0.33 -15.05 -1.52 0.35
5 24 -12.21 -0.85 -0.62 -11.31 -0.43 -0.3 -11.27 -0.58 -0.6 -13.14 -1.12 -0.64
5 24 -11.31 -0.43 -0.3 -11.27 -0.58 -0.6 -12.21 -0.85 -0.62 -8.78 0.33 -0.23
5 24 -12.26 -0.7 -0.32 -11.31 -0.43 -0.3 -12.21 -0.85 -0.62 -12.26 -0.65 0
5 24 -12.26 -0.7 -0.32 -12.26 -0.65 0 -11.33 -0.38 0 -13.18 -0.97 -0.33
5 24 -12.26 -0.65 0 -11.33 -0.38 0 -11.31 -0.43 -0.3 -12.25 -0.7 0.33
5 24 -11.33 -0.38 0 -11.31 -0.43 -0.3 -12.26 -0.7 -0.32 -8.78 0.33 -0.23
5 24 -13.19 -0.92 0.01 -12.26 -0.65 0 -12.26 -0.7 -0.32 -13.18 -0.98 0.33
5 24 -15.98 -1.79 0.36 -15.05 -1.52 0.35 -15.06 -1.46 0 -15.94 -1.94 0.71
5 24 -15.05 -1.52 0.35 -15.06 -1.46 0 -15.99 -1.74 0.01 -14.12 -1.25 0.34
5 24 -15.98 -1.79 0.36 -15.94 -1.94 0.71 -15.01 -1.66 0.66 -16.36 -1.97 0.55
5 24 -15.94 -1.94 0.71 -15.01 -1.66 0.66 -15.05 -1.52 0.35 -15.26 -1.94 0.95
5 24 -15.01 -1.66 0.66 -15.05 -1.52 0.35 -15.98 -1.79 0.36 -14.12 -1.25 0.34
5 24 -15.98 -1.79 0.36 -16.36 -1.97 0.55 -15.94 -1.94 0.71 -16.99 -2.06 0.3
5 24 -15.26 -1.94 0.95 -14.96 -1.86 0.95 -15.01 -1.66 0.66 -14.6 -2.01 1.18
5 24 -14.96 -1.86 0.95 -15.01 -1.66 0.66 -15.94 -1.94 0.71 -14.03 -1.59 0.93
5 24 -14.6 -2.01 1.18 -14.96 -1.86 0.95 -15.26 -1.94 0.95 -13.97 -1.84 1.17
5 24 -14.12 -1.25 0.34 -13.18 -0.98 0.33 -13.19 -0.92 0.01 -15.01 -1.66 0.66
5 24 -13.18 -0.98 0.33 -13.19 -0.92 0.01 -14.13 -1.19 0 -12.25 -0.7 0.33
5 24 -14.13 -1.19 0 -14.12 -1.25 0.34 -13.18 -0.98 0.33 -15.06 -1.46 0
5 24 -13.14 -1.12 0.64 -12.25 -0.7 0.33 -13.18 -0.98 0.33 -12.21 -0.85 0.62
5 24 -12.25 -0.7 0.33 -13.18 -0.98 0.33 -14.08 -1.39 0.66 -12.26 -0.65 0
5 24 -13.18 -0.98 0.33 -14.08 -1.39 0.66 -13.14 -1.12 0.64 -14.12 -1.25 0.34
5 24 -14.12 -1.25 0.34 -15.01 -1.66 0.66 -14.08 -1.39 0.66 -15.05 -1.52 0.35
5 24 -14.12 -1.25 0.34 -15.05 -1.52 0.35 -15.01 -1.66 0.66 -14.13 -1.19 0
5 24 -12.26 -0.65 0 -12.25 -0.7 0.33 -11.31 -0.43 0.32 -13.19 -0.92 0.01
5 24 -12.25 -0.7 0.33 -11.31 -0.43 0.32 -11.33 -0.38 0 -13.14 -1.12 0.64
5 24 -11.31 -0.43 0.32 -11.33 -0.38 0 -12.26 -0.65 0 -8.78 0.35 0.16
5 24 -11.31 -0.43 0.32 -12.21 -0.85 0.62 -11.27 -0.59 0.61 -12.25 -0.7 0.33
5 24 -12.21 -0.85 0.62 -11.27 -0.59 0.61 -11.31 -0.43 0.32 -13.09 -1.33 0.91
5 24 -11.27 -0.59 0.61 -11.31 -0.43 0.32 -12.21 -0.85 0.62 -8.74 0.2 0.51
5 24 -13.14 -1.12 0.64 -12.21 -0.85 0.62 -11.31 -0.43 0.32 -14.03 -1.59 0.93
5 24 -14.03 -1.59 0.93 -13.09 -1.33 0.91 -12.21 -0.85 0.62 -13.03 -1.59 1.15
5 24 -13.09 -1.33 0.91 -12.21 -0.85 0.62 -13.14 -1.12 0.64 -12.16 -1.07 0.89
5 24 -14.03 -1.59 0.93 -13.03 -1.59 1.15 -12.09 -1.33 1.13 -13.97 -1.84 1.17
5 24 -13.03 -1.59 1.15 -12.09 -1.33 1.13 -13.09 -1.33 0.91 -12.96 -1.88 1.36
5 24 -13.97 -1.84 1.17 -13.03 -1.59 1.15 -14.03 -1.59 0.93 -12.96 -1.88 1.36
5 24 -14.03 -1.59 0.93 -13.97 -1.84 1.17 -13.03 -1.59 1.15 -14.96 -1.86 0.95
5 24 -14.6 -2.01 1.18 -13.97 -1.84 1.17 -14.03 -1.59 0.93 -13.92 -2.05 1.33
5 24 -14.03 -1.59 0.93 -14.96 -1.86 0.95 -14.6 -2.01 1.18 -15.01 -1.66 0.66
5 24 -12.16 -1.07 0.89 -11.22 -0.8 0.87 -11.27 -0.59 0.61 -11.15 -1.07 1.11
5 24 -11.22 -0.8 0.87 -11.27 -0.59 0.61 -12.16 -1.07 0.89 -8.67 -0.04 0.81
5 24 -11.27 -0.59 0.61 -12.16 -1.07 0.89 -11.22 -0.8 0.87 -12.21 -0.85 0.62
5 24 -13.09 -1.33 0.91 -12.16 -1.07 0.89 -11.27 -0.59 0.61 -12.09 -1.33 1.13
5 24 -12.09 -1.33 1.13 -11.15 -1.07 1.11 -12.16 -1.07 0.89 -12.02 -1.63 1.34
5 24 -11.15 -1.07 1.11 -12.16 -1.07 0.89 -13.09 -1.33 0.91 -11.22 -0.8 0.87
5 24 -11.15 -1.07 1.11 -11.22 -0.8 0.87 -12.16 -1.07 0.89 -8.59 -0.32 1.05
5 24 -13.7 -2.07 1.38 -12.96 -1.88 1.36 -13.97 -1.84 1.17 -12.9 -2.11 1.51
5 24 -12.96 -1.88 1.36 -13.97 -1.84 1.17 -13.7 -2.07 1.38 -13.03 -1.59 1.15
5 24 -13.97 -1.84 1.17 -13.7 -2.07 1.38 -12.96 -1.88 1.36 -13.92 -2.05 1.33
5 24 -13.97 -1.84 1.17 -13.92 -2.05 1.33 -13.7 -2.07 1.38 -14.6 -2.01 1.18
5 24 -12.9 -2.11 1.51 -12.96 -1.88 1.36 -13.7 -2.07 1.38 -12.59 -2.12 1.54
5 24 -12.09 -1.33 1.13 -12.02 -1.63 1.34 -11.08 -1.38 1.33 -13.03 -1.59 1.15
5 24 -12.02 -1.63 1.34 -11.08 -1.38 1.33 -11.15 -1.07 1.11 -11 -1.72 1.51
5 24 -11.08 -1.38 1.33 -11.15 -1.07 1.11 -12.09 -1.33 1.13 -8.49 -0.63 1.27
5 24 -12.02 -1.63 1.34 -11 -1.72 1.51 -11.08 -1.38 1.33 -12.96 -1.88 1.36
5 24 -11 -1.72 1.51 -11.08 -1.38 1.33 -12.02 -1.63 1.34 -8.41 -0.95 1.45
5 24 -11.94 -1.95 1.53 -11 -1.72 1.51 -12.02 -1.63 1.34 -11.9 -2.1 1.61
5 24 -12.02 -1.63 1.34 -12.96 -1.88 1.36 -11.94 -1.95 1.53 -12.09 -1.33 1.13
5 24 -12.96 -1.88 1.36 -11.94 -1.95 1.53 -11 -1.72 1.51 -12.9 -2.11 1.51
5 24 -12.59 -2.12 1.54 -11.94 -1.95 1.53 -12.96 -1.88 1.36 -11.9 -2.1 1.61
5 24 -11.94 -1.95 1.53 -11.9 -2.1 1.61 -11 -1.72 1.51 -12.59 -2.12 1.54
5 24 -11.9 -2.1 1.61 -11 -1.72 1.51 -11.94 -1.95 1.53 -10.91 -2.05 1.66
5 24 -16.93 -2.01 0 -17.45 -2.19 0.08 -16.99 -2.06 0.3 -17.86 -2.28 -0.04
5 24 -8.67 -0.04 0.81 -8.74 0.2 0.51 -11.27 -0.59 0.61 -6.19 0.9 0.54
5 24 -8.74 0.2 0.51 -11.27 -0.59 0.61 -11.22 -0.8 0.87 -11.31 -0.43 0.32
5 24 -11.22 -0.8 0.87 -8.67 -0.04 0.81 -8.74 0.2 0.51 -11.15 -1.07 1.11
5 24 -8.11 -1.98 -1.81 -8.19 -1.72 -1.74 -5.52 -1.13 -1.74 -10.82 -2.42 -1.78
5 24 -8.19 -1.72 -1.74 -5.52 -1.13 -1.74 -8.11 -1.98 -1.81 -5.65 -0.74 -1.62
5 24 -5.52 -1.13 -1.74 -8.11 -1.98 -1.81 -8.19 -1.72 -1.74 -5.4 -1.48 -1.82
5 24 -5.52 -1.13 -1.74 -5.4 -1.48 -1.82 -8.11 -1.98 -1.81 -4.47 -0.94 -1.75
5 24 -8.19 -1.72 -1.74 -8.29 -1.36 -1.63 -5.65 -0.74 -1.62 -10.82 -2.42 -1.78
5 24 -8.29 -1.36 -1.63 -5.65 -0.74 -1.62 -8.19 -1.72 -1.74 -5.77 -0.36 -1.46
5 24 -5.65 -0.74 -1.62 -8.19 -1.72 -1.74 -8.29 -1.36 -1.63 -5.52 -1.13 -1.74
5 24 -5.65 -0.74 -1.62 -5.52 -1.13 -1.74 -8.19 -1.72 -1.74 -4.62 -0.54 -1.62
5 24 -10.91 -2.07 -1.67 -8.29 -1.36 -1.63 -8.19 -1.72 -1.74 -11 -1.71 -1.51
5 24 -8.19 -1.72 -1.74 -10.82 -2.42 -1.78 -10.91 -2.07 -1.67 -8.11 -1.98 -1.81
5 24 -8.29 -1.36 -1.63 -8.4 -1.02 -1.48 -5.77 -0.36 -1.46 -10.91 -2.07 -1.67
5 24 -8.4 -1.02 -1.48 -5.77 -0.36 -1.46 -8.29 -1.36 -1.63 -5.89 0 -1.28
5 24 -5.77 -0.36 -1.46 -8.29 -1.36 -1.63 -8.4 -1.02 -1.48 -5.65 -0.74 -1.62
5 24 -5.77 -0.36 -1.46 -5.65 -0.74 -1.62 -8.29 -1.36 -1.63 -4.76 -0.16 -1.48
5 24 -11 -1.71 -1.51 -8.4 -1.02 -1.48 -8.29 -1.36 -1.63 -8.49 -0.69 -1.3
5 24 -8.4 -1.02 -1.48 -8.49 -0.69 -1.3 -5.89 0 -1.28 -11 -1.71 -1.51
5 24 -8.49 -0.69 -1.3 -5.89 0 -1.28 -8.4 -1.02 -1.48 -6 0.33 -1.07
5 24 -5.89 0 -1.28 -8.4 -1.02 -1.48 -8.49 -0.69 -1.3 -4.91 0.21 -1.29
5 24 -5.89 0 -1.28 -4.91 0.21 -1.29 -5.77 -0.36 -1.46 -5.04 0.56 -1.08
5 24 -4.91 0.21 -1.29 -5.77 -0.36 -1.46 -8.4 -1.02 -1.48 -4.76 -0.16 -1.48
5 24 -8.49 -0.69 -1.3 -8.58 -0.38 -1.1 -6 0.33 -1.07 -11.08 -1.37 -1.32
5 24 -8.58 -0.38 -1.1 -6 0.33 -1.07 -8.49 -0.69 -1.3 -6.1 0.64 -0.83
5 24 -6 0.33 -1.07 -8.49 -0.69 -1.3 -8.58 -0.38 -1.1 -5.04 0.56 -1.08
5 24 -6 0.33 -1.07 -5.04 0.56 -1.08 -5.89 0 -1.28 -5.17 0.88 -0.83
5 24 -5.04 0.56 -1.08 -5.89 0 -1.28 -8.49 -0.69 -1.3 -4.91 0.21 -1.29
5 24 -11.16 -1.07 -1.1 -8.58 -0.38 -1.1 -11.08 -1.37 -1.32 -8.66 -0.09 -0.86
5 24 -8.58 -0.38 -1.1 -11.08 -1.37 -1.32 -11.16 -1.07 -1.1 -8.49 -0.69 -1.3
5 24 -8.49 -0.69 -1.3 -11.08 -1.37 -1.32 -8.58 -0.38 -1.1 -11 -1.71 -1.51
5 24 -8.49 -0.69 -1.3 -11 -1.71 -1.51 -11.08 -1.37 -1.32 -8.4 -1.02 -1.48
5 24 -8.58 -0.38 -1.1 -8.66 -0.09 -0.86 -6.1 0.64 -0.83 -11.16 -1.07 -1.1
5 24 -8.66 -0.09 -0.86 -6.1 0.64 -0.83 -8.58 -0.38 -1.1 -8.73 0.16 -0.57
5 24 -6.1 0.64 -0.83 -8.58 -0.38 -1.1 -8.66 -0.09 -0.86 -5.17 0.88 -0.83
5 24 -6.1 0.64 -0.83 -5.17 0.88 -0.83 -6 0.33 -1.07 -5.28 1.15 -0.54
5 24 -5.17 0.88 -0.83 -6 0.33 -1.07 -8.58 -0.38 -1.1 -5.04 0.56 -1.08
5 24 -8.73 0.16 -0.57 -6.19 0.9 -0.54 -6.1 0.64 -0.83 -8.78 0.33 -0.23
5 24 -6.19 0.9 -0.54 -6.1 0.64 -0.83 -8.73 0.16 -0.57 -5.28 1.15 -0.54
5 24 -6.1 0.64 -0.83 -8.73 0.16 -0.57 -6.19 0.9 -0.54 -8.66 -0.09 -0.86
5 24 -8.66 -0.09 -0.86 -8.73 0.16 -0.57 -6.1 0.64 -0.83 -11.27 -0.58 -0.6
5 24 -11.27 -0.58 -0.6 -8.66 -0.09 -0.86 -11.22 -0.8 -0.87 -8.73 0.16 -0.57
5 24 -8.66 -0.09 -0.86 -11.22 -0.8 -0.87 -11.27 -0.58 -0.6 -11.16 -1.07 -1.1
5 24 -11.27 -0.58 -0.6 -8.73 0.16 -0.57 -8.66 -0.09 -0.86 -11.31 -0.43 -0.3
5 24 -8.78 0.33 -0.23 -6.25 1.07 -0.2 -6.19 0.9 -0.54 -8.78 0.35 0.16
5 24 -6.25 1.07 -0.2 -6.19 0.9 -0.54 -8.73 0.16 -0.57 -5.35 1.3 -0.2
5 24 -8.73 0.16 -0.57 -8.78 0.33 -0.23 -6.25 1.07 -0.2 -11.27 -0.58 -0.6
5 24 -8.78 0.35 0.16 -6.25 1.07 0.19 -6.25 1.07 -0.2 -8.74 0.2 0.51
5 24 -6.25 1.07 0.19 -6.25 1.07 -0.2 -8.78 0.35 0.16 -5.35 1.3 0.2
5 24 -6.25 1.07 -0.2 -8.78 0.35 0.16 -6.25 1.07 0.19 -8.78 0.33 -0.23
5 24 -8.78 0.33 -0.23 -8.78 0.35 0.16 -6.25 1.07 -0.2 -11.33 -0.38 0
5 24 -11.33 -0.38 0 -8.78 0.33 -0.23 -11.31 -0.43 -0.3 -8.78 0.35 0.16
5 24 -8.78 0.33 -0.23 -11.31 -0.43 -0.3 -11.33 -0.38 0 -8.73 0.16 -0.57
5 24 -11.33 -0.38 0 -8.78 0.35 0.16 -8.78 0.33 -0.23 -11.31 -0.43 0.32
5 24 -8.66 -0.09 -0.86 -11.16 -1.07 -1.1 -11.22 -0.8 -0.87 -8.58 -0.38 -1.1
5 24 -8.78 0.35 0.16 -8.74 0.2 0.51 -6.25 1.07 0.19 -11.31 -0.43 0.32
5 24 -8.74 0.2 0.51 -6.25 1.07 0.19 -8.78 0.35 0.16 -6.19 0.9 0.54
5 24 -6.19 0.9 0.54 -6.25 1.07 0.19 -8.74 0.2 0.51 -5.35 1.3 0.2
5 24 -8.74 0.2 0.51 -6.19 0.9 0.54 -6.25 1.07 0.19 -8.67 -0.04 0.81
5 24 -8.67 -0.04 0.81 -6.19 0.9 0.54 -8.74 0.2 0.51 -6.11 0.64 0.82
5 24 -6.11 0.64 0.82 -6.19 0.9 0.54 -8.67 -0.04 0.81 -5.28 1.15 0.54
5 24 -8.67 -0.04 0.81 -6.11 0.64 0.82 -6.19 0.9 0.54 -8.59 -0.32 1.05
5 24 -8.74 0.2 0.51 -11.31 -0.43 0.32 -11.27 -0.59 0.61 -8.78 0.35 0.16
5 24 -8.67 -0.04 0.81 -8.59 -0.32 1.05 -6.11 0.64 0.82 -11.22 -0.8 0.87
5 24 -8.59 -0.32 1.05 -6.11 0.64 0.82 -8.67 -0.04 0.81 -6 0.34 1.07
5 24 -8.59 -0.32 1.05 -6 0.34 1.07 -6.11 0.64 0.82 -8.49 -0.63 1.27
5 24 -8.59 -0.32 1.05 -8.49 -0.63 1.27 -6 0.34 1.07 -11.15 -1.07 1.11
5 24 -8.49 -0.63 1.27 -6 0.34 1.07 -8.59 -0.32 1.05 -5.89 0 1.28
5 24 -5.89 0 1.28 -5.05 0.56 1.07 -6 0.34 1.07 -4.91 0.21 1.29
5 24 -5.05 0.56 1.07 -6 0.34 1.07 -8.49 -0.63 1.27 -5.17 0.88 0.83
5 24 -8.49 -0.63 1.27 -5.89 0 1.28 -5.05 0.56 1.07 -8.41 -0.95 1.45
5 24 -8.59 -0.32 1.05 -11.15 -1.07 1.11 -8.49 -0.63 1.27 -8.67 -0.04 0.81
5 24 -11.15 -1.07 1.11 -8.49 -0.63 1.27 -8.59 -0.32 1.05 -11.08 -1.38 1.33
5 24 -11.08 -1.38 1.33 -8.49 -0.63 1.27 -11.15 -1.07 1.11 -11 -1.72 1.51
5 24 -8.49 -0.63 1.27 -8.41 -0.95 1.45 -5.89 0 1.28 -11.08 -1.38 1.33
5 24 -8.41 -0.95 1.45 -5.89 0 1.28 -8.49 -0.63 1.27 -5.77 -0.36 1.46
5 24 -5.77 -0.36 1.46 -4.91 0.21 1.29 -5.89 0 1.28 -4.75 -0.16 1.47
5 24 -4.91 0.21 1.29 -5.89 0 1.28 -8.41 -0.95 1.45 -5.05 0.56 1.07
5 24 -8.41 -0.95 1.45 -5.77 -0.36 1.46 -4.91 0.21 1.29 -8.31 -1.3 1.61
5 24 -8.41 -0.95 1.45 -8.31 -1.3 1.61 -5.77 -0.36 1.46 -10.95 -1.9 1.6
5 24 -8.31 -1.3 1.61 -5.77 -0.36 1.46 -8.41 -0.95 1.45 -5.65 -0.74 1.62
5 24 -5.65 -0.74 1.62 -5.77 -0.36 1.46 -8.31 -1.3 1.61 -4.62 -0.54 1.62
5 24 -8.31 -1.3 1.61 -5.65 -0.74 1.62 -5.77 -0.36 1.46 -8.21 -1.65 1.72
5 24 -10.95 -1.9 1.6 -8.41 -0.95 1.45 -11 -1.72 1.51 -8.31 -1.3 1.61
5 24 -8.41 -0.95 1.45 -11 -1.72 1.51 -10.95 -1.9 1.6 -8.49 -0.63 1.27
5 24 -10.95 -1.9 1.6 -8.31 -1.3 1.61 -8.41 -0.95 1.45 -10.91 -2.05 1.66
5 24 -8.31 -1.3 1.61 -8.21 -1.65 1.72 -5.65 -0.74 1.62 -10.91 -2.05 1.66
5 24 -8.21 -1.65 1.72 -5.65 -0.74 1.62 -8.31 -1.3 1.61 -8.17 -1.78 1.76
5 24 -5.52 -1.13 1.74 -5.65 -0.74 1.62 -8.21 -1.65 1.72 -4.46 -0.93 1.75
5 24 -8.21 -1.65 1.72 -8.17 -1.78 1.76 -5.52 -1.13 1.74 -10.91 -2.05 1.66
5 24 -8.17 -1.78 1.76 -5.52 -1.13 1.74 -5.65 -0.74 1.62 -5.43 -1.4 1.8
5 24 -5.43 -1.4 1.8 -5.52 -1.13 1.74 -8.17 -1.78 1.76 -4.35 -1.24 1.82
5 24 -8.21 -1.65 1.72 -10.91 -2.05 1.66 -8.17 -1.78 1.76 -8.31 -1.3 1.61
5 24 -10.91 -2.05 1.66 -8.31 -1.3 1.61 -10.95 -1.9 1.6 -8.21 -1.65 1.72
5 24 -11.31 -0.43 0.32 -8.78 0.35 0.16 -11.33 -0.38 0 -8.74 0.2 0.51
5 24 0.02 0.05 -1.87 -0.25 -0.5 -1.87 -0.28 0.27 -1.85 0.19 -0.79 -1.8
5 24 -0.25 -0.5 -1.87 -0.28 0.27 -1.85 0.02 0.05 -1.87 -0.68 -0.95 -1.88
5 24 -0.28 0.27 -1.85 0.02 0.05 -1.87 -0.25 -0.5 -1.87 0.41 1.17 -1.87
5 24 -1.06 -0.61 -1.85 -0.28 0.27 -1.85 -0.25 -0.5 -1.87 -1.31 -0.19 -1.77
5 24 -0.25 -0.5 -1.87 -0.68 -0.95 -1.88 -1.06 -0.61 -1.85 -0.37 -1.31 -1.81
5 24 -0.68 -0.95 -1.88 -1.06 -0.61 -1.85 -0.28 0.27 -1.85 -1.27 -1.23 -1.87
5 24 -0.68 -0.95 -1.88 -1.27 -1.23 -1.87 -2.14 -0.93 -1.85 -1.06 -1.63 -1.82
5 24 -1.27 -1.23 -1.87 -2.14 -0.93 -1.85 -1.06 -0.61 -1.85 -1.95 -1.35 -1.87
5 24 -2.14 -0.93 -1.85 -1.06 -0.61 -1.85 -0.68 -0.95 -1.88 -2.36 -0.51 -1.76
5 24 -1.95 -1.35 -1.87 -2.63 -1.46 -1.87 -2.14 -0.93 -1.85 -1.8 -1.78 -1.82
5 24 -2.63 -1.46 -1.87 -2.14 -0.93 -1.85 -1.95 -1.35 -1.87 -3.13 -1.55 -1.87
5 24 -2.14 -0.93 -1.85 -1.95 -1.35 -1.87 -2.63 -1.46 -1.87 -1.27 -1.23 -1.87
5 24 -3.16 -1.11 -1.84 -2.14 -0.93 -1.85 -2.63 -1.46 -1.87 -3.67 -0.78 -1.75
5 24 -2.63 -1.46 -1.87 -3.13 -1.55 -1.87 -3.16 -1.11 -1.84 -2.53 -1.89 -1.83
5 24 -0.68 -0.95 1.88 -0.25 -0.5 1.87 -0.28 0.27 1.85 -0.37 -1.31 1.81
5 24 -0.25 -0.5 1.87 -0.28 0.27 1.85 -1.06 -0.61 1.85 0.02 0.05 1.87
5 24 -0.28 0.27 1.85 -1.06 -0.61 1.85 -0.68 -0.95 1.88 -1.31 -0.19 1.76
5 24 -1.06 -0.61 1.85 -0.68 -0.95 1.88 -0.25 -0.5 1.87 -2.15 -0.93 1.84
5 24 -1.95 -1.35 1.87 -1.27 -1.23 1.87 -2.15 -0.93 1.84 -1.05 -1.63 1.82
5 24 -1.27 -1.23 1.87 -2.15 -0.93 1.84 -1.95 -1.35 1.87 -0.68 -0.95 1.88
5 24 -2.15 -0.93 1.84 -1.95 -1.35 1.87 -1.27 -1.23 1.87 -2.63 -1.46 1.87
5 24 -3.22 -1.56 1.87 -2.63 -1.46 1.87 -3.24 -1.1 1.81 -3.24 -2 1.82
5 24 -2.63 -1.46 1.87 -3.24 -1.1 1.81 -3.22 -1.56 1.87 -2.15 -0.93 1.84
5 24 -4.35 -1.24 1.82 -3.67 -0.77 1.75 -4.46 -0.93 1.75 -3.24 -1.1 1.81
5 24 -3.67 -0.77 1.75 -4.46 -0.93 1.75 -4.35 -1.24 1.82 -2.56 -0.1 1.64
5 24 -4.46 -0.93 1.75 -4.35 -1.24 1.82 -3.67 -0.77 1.75 -5.52 -1.13 1.74
5 24 -3.24 -1.1 1.81 -3.67 -0.77 1.75 -4.35 -1.24 1.82 -2.36 -0.51 1.76
5 24 -4.46 -0.93 1.75 -3.84 -0.38 1.63 -4.62 -0.54 1.62 -3.67 -0.77 1.75
5 24 -3.84 -0.38 1.63 -4.62 -0.54 1.62 -4.46 -0.93 1.75 -2.77 0.3 1.48
5 24 -4.62 -0.54 1.62 -4.46 -0.93 1.75 -3.84 -0.38 1.63 -5.65 -0.74 1.62
5 24 -3.67 -0.77 1.75 -2.56 -0.1 1.64 -3.84 -0.38 1.63 -2.36 -0.51 1.76
5 24 -2.56 -0.1 1.64 -3.84 -0.38 1.63 -4.46 -0.93 1.75 -2.77 0.3 1.48
5 24 -5.52 -1.13 1.74 -4.46 -0.93 1.75 -4.62 -0.54 1.62 -5.43 -1.4 1.8
5 24 -4.62 -0.54 1.62 -5.65 -0.74 1.62 -5.52 -1.13 1.74 -4.75 -0.16 1.47
5 24 -1.27 -1.23 1.87 -0.68 -0.95 1.88 -1.06 -0.61 1.85 -1.05 -1.63 1.82
5 24 -1.06 -0.61 1.85 -2.15 -0.93 1.84 -1.27 -1.23 1.87 -1.31 -0.19 1.76
5 24 -2.15 -0.93 1.84 -1.31 -0.19 1.76 -2.36 -0.51 1.76 -1.06 -0.61 1.85
5 24 -1.31 -0.19 1.76 -2.36 -0.51 1.76 -3.24 -1.1 1.81 -1.56 0.22 1.64
5 24 -2.36 -0.51 1.76 -3.24 -1.1 1.81 -2.15 -0.93 1.84 -3.67 -0.77 1.75
5 24 -3.24 -1.1 1.81 -2.15 -0.93 1.84 -1.31 -0.19 1.76 -2.63 -1.46 1.87
5 24 -1.06 -0.61 1.85 -1.31 -0.19 1.76 -2.15 -0.93 1.84 -0.28 0.27 1.85
5 24 -2.36 -0.51 1.76 -3.67 -0.77 1.75 -3.24 -1.1 1.81 -2.56 -0.1 1.64
5 24 -1.56 0.22 1.64 -2.56 -0.1 1.64 -2.36 -0.51 1.76 -1.81 0.61 1.49
5 24 -2.56 -0.1 1.64 -2.36 -0.51 1.76 -1.31 -0.19 1.76 -3.67 -0.77 1.75
5 24 -1.31 -0.19 1.76 -1.56 0.22 1.64 -2.56 -0.1 1.64 -0.53 0.6 1.77
5 24 -2.63 -1.46 1.87 -1.95 -1.35 1.87 -2.15 -0.93 1.84 -2.53 -1.89 1.83
5 24 -2.15 -0.93 1.84 -2.63 -1.46 1.87 -1.95 -1.35 1.87 -3.24 -1.1 1.81
5 24 -4.62 -0.54 1.62 -4 0.01 1.48 -4.75 -0.16 1.47 -3.84 -0.38 1.63
5 24 -4 0.01 1.48 -4.75 -0.16 1.47 -4.62 -0.54 1.62 -2.97 0.68 1.3
5 24 -4.75 -0.16 1.47 -4.62 -0.54 1.62 -4 0.01 1.48 -5.77 -0.36 1.46
5 24 -3.84 -0.38 1.63 -2.77 0.3 1.48 -4 0.01 1.48 -2.56 -0.1 1.64
5 24 -2.77 0.3 1.48 -4 0.01 1.48 -4.62 -0.54 1.62 -2.97 0.68 1.3
5 24 -4.75 -0.16 1.47 -4.17 0.39 1.29 -4.91 0.21 1.29 -4 0.01 1.48
5 24 -4.17 0.39 1.29 -4.91 0.21 1.29 -4.75 -0.16 1.47 -4.32 0.74 1.08
5 24 -4.91 0.21 1.29 -4.75 -0.16 1.47 -4.17 0.39 1.29 -5.77 -0.36 1.46
5 24 -4 0.01 1.48 -2.97 0.68 1.3 -4.17 0.39 1.29 -2.77 0.3 1.48
5 24 -2.97 0.68 1.3 -4.17 0.39 1.29 -4.75 -0.16 1.47 -3.16 1.05 1.09
5 24 -5.77 -0.36 1.46 -4.75 -0.16 1.47 -4.91 0.21 1.29 -5.65 -0.74 1.62
5 24 -1.56 0.22 1.64 -1.81 0.61 1.49 -2.77 0.3 1.48 -0.78 0.93 1.65
5 24 -1.81 0.61 1.49 -2.77 0.3 1.48 -2.56 -0.1 1.64 -2.02 0.98 1.31
5 24 -2.77 0.3 1.48 -2.56 -0.1 1.64 -1.56 0.22 1.64 -3.84 -0.38 1.63
5 24 -2.02 0.98 1.31 -2.97 0.68 1.3 -2.77 0.3 1.48 -2.24 1.33 1.1
5 24 -2.97 0.68 1.3 -2.77 0.3 1.48 -1.81 0.61 1.49 -4 0.01 1.48
5 24 -1.81 0.61 1.49 -2.02 0.98 1.31 -2.97 0.68 1.3 -1.02 1.25 1.5
5 24 0.41 1.17 1.87 -0.28 0.27 1.85 0.02 0.05 1.87 0.19 1.4 1.85
5 24 -0.28 0.27 1.85 0.02 0.05 1.87 0.41 1.17 1.87 -0.25 -0.5 1.87
5 24 0.19 1.4 1.85 -0.28 0.27 1.85 0.41 1.17 1.87 -0.53 0.6 1.77
5 24 0.41 1.17 1.87 0.19 1.4 1.85 -0.28 0.27 1.85 0.86 2.41 1.88
5 24 0.19 1.4 1.85 -0.03 1.64 1.77 -0.53 0.6 1.77 0.62 2.58 1.85
5 24 -0.03 1.64 1.77 -0.53 0.6 1.77 0.19 1.4 1.85 -0.78 0.93 1.65
5 24 -0.53 0.6 1.77 0.19 1.4 1.85 -0.03 1.64 1.77 -0.28 0.27 1.85
5 24 -0.53 0.6 1.77 -0.28 0.27 1.85 0.19 1.4 1.85 -1.31 -0.19 1.76
5 24 -0.53 0.6 1.77 -1.31 -0.19 1.76 -0.28 0.27 1.85 -1.56 0.22 1.64
5 24 -1.31 -0.19 1.76 -0.28 0.27 1.85 -0.53 0.6 1.77 -1.06 -0.61 1.85
5 24 -0.03 1.64 1.77 -0.25 1.88 1.65 -0.78 0.93 1.65 0.39 2.74 1.77
5 24 -0.25 1.88 1.65 -0.78 0.93 1.65 -0.03 1.64 1.77 -1.02 1.25 1.5
5 24 -0.78 0.93 1.65 -0.03 1.64 1.77 -0.25 1.88 1.65 -0.53 0.6 1.77
5 24 -0.78 0.93 1.65 -0.53 0.6 1.77 -0.03 1.64 1.77 -1.56 0.22 1.64
5 24 -0.78 0.93 1.65 -1.56 0.22 1.64 -0.53 0.6 1.77 -1.81 0.61 1.49
5 24 -1.56 0.22 1.64 -0.53 0.6 1.77 -0.78 0.93 1.65 -1.31 -0.19 1.76
5 24 1.01 3.77 1.85 0.62 2.58 1.85 0.86 2.41 1.88 0.39 2.74 1.77
5 24 0.62 2.58 1.85 0.86 2.41 1.88 1.3 3.64 1.88 0.19 1.4 1.85
5 24 0.74 3.89 1.77 0.39 2.74 1.77 1.01 3.77 1.85 0.51 4 1.66
5 24 0.39 2.74 1.77 1.01 3.77 1.85 0.74 3.89 1.77 0.62 2.58 1.85
5 24 0.39 2.74 1.77 0.62 2.58 1.85 1.01 3.77 1.85 -0.03 1.64 1.77
5 24 0.39 2.74 1.77 -0.03 1.64 1.77 0.62 2.58 1.85 -0.25 1.88 1.65
5 24 -0.03 1.64 1.77 0.62 2.58 1.85 0.39 2.74 1.77 0.19 1.4 1.85
5 24 0.19 1.4 1.85 0.62 2.58 1.85 -0.03 1.64 1.77 0.41 1.17 1.87
5 24 0.51 4 1.66 0.18 2.91 1.65 0.39 2.74 1.77 0.3 4.09 1.52
5 24 0.18 2.91 1.65 0.39 2.74 1.77 0.74 3.89 1.77 -0.25 1.88 1.65
5 24 0.18 2.91 1.65 -0.25 1.88 1.65 0.39 2.74 1.77 -0.46 2.11 1.51
5 24 -0.25 1.88 1.65 0.39 2.74 1.77 0.18 2.91 1.65 -0.03 1.64 1.77
5 24 -0.25 1.88 1.65 -0.46 2.11 1.51 -1.02 1.25 1.5 0.18 2.91 1.65
5 24 -0.46 2.11 1.51 -1.02 1.25 1.5 -0.25 1.88 1.65 -1.24 1.56 1.32
5 24 -1.02 1.25 1.5 -0.25 1.88 1.65 -0.46 2.11 1.51 -0.78 0.93 1.65
5 24 -1.02 1.25 1.5 -0.78 0.93 1.65 -0.25 1.88 1.65 -1.81 0.61 1.49
5 24 -0.66 2.34 1.32 -1.44 1.85 1.1 -1.24 1.56 1.32 -0.85 2.56 1.12
5 24 -1.44 1.85 1.1 -1.24 1.56 1.32 -0.46 2.11 1.51 -2.24 1.33 1.1
5 24 -1.24 1.56 1.32 -0.46 2.11 1.51 -0.66 2.34 1.32 -1.02 1.25 1.5
5 24 -0.46 2.11 1.51 -0.66 2.34 1.32 -1.44 1.85 1.1 -0.02 3.07 1.51
5 24 -1.24 1.56 1.32 -1.02 1.25 1.5 -0.46 2.11 1.51 -2.02 0.98 1.31
5 24 -1.24 1.56 1.32 -2.02 0.98 1.31 -1.02 1.25 1.5 -2.24 1.33 1.1
5 24 -2.02 0.98 1.31 -1.02 1.25 1.5 -1.24 1.56 1.32 -1.81 0.61 1.49
5 24 -1.81 0.61 1.49 -1.02 1.25 1.5 -2.02 0.98 1.31 -0.78 0.93 1.65
5 24 0.3 4.09 1.52 -0.02 3.07 1.51 0.18 2.91 1.65 -0.21 3.23 1.33
5 24 -0.02 3.07 1.51 0.18 2.91 1.65 0.51 4 1.66 -0.46 2.11 1.51
5 24 0.1 4.18 1.34 -0.21 3.23 1.33 0.3 4.09 1.52 -0.38 3.37 1.12
5 24 -0.21 3.23 1.33 0.3 4.09 1.52 0.1 4.18 1.34 -0.02 3.07 1.51
5 24 -0.21 3.23 1.33 -0.02 3.07 1.51 0.3 4.09 1.52 -0.66 2.34 1.32
5 24 -0.21 3.23 1.33 -0.66 2.34 1.32 -0.02 3.07 1.51 -0.85 2.56 1.12
5 24 -0.66 2.34 1.32 -0.02 3.07 1.51 -0.21 3.23 1.33 -0.46 2.11 1.51
5 24 -0.46 2.11 1.51 -0.02 3.07 1.51 -0.66 2.34 1.32 0.18 2.91 1.65
5 24 -0.46 2.11 1.51 0.18 2.91 1.65 -0.02 3.07 1.51 -0.25 1.88 1.65
5 24 -1.81 0.61 1.49 -0.78 0.93 1.65 -1.02 1.25 1.5 -1.56 0.22 1.64
5 24 -0.25 -0.5 1.87 0.02 0.05 1.87 -0.28 0.27 1.85 0.18 -0.79 1.8
5 24 -4.17 0.39 1.29 -4.32 0.74 1.08 -5.05 0.56 1.07 -3.16 1.05 1.09
5 24 -4.32 0.74 1.08 -5.05 0.56 1.07 -4.91 0.21 1.29 -4.47 1.07 0.83
5 24 -5.05 0.56 1.07 -4.91 0.21 1.29 -4.17 0.39 1.29 -5.89 0 1.28
5 24 -4.32 0.74 1.08 -4.47 1.07 0.83 -5.17 0.88 0.83 -3.33 1.38 0.84
5 24 -4.47 1.07 0.83 -5.17 0.88 0.83 -5.05 0.56 1.07 -4.59 1.34 0.54
5 24 -5.17 0.88 0.83 -5.05 0.56 1.07 -4.32 0.74 1.08 -6 0.34 1.07
5 24 -6 0.34 1.07 -5.17 0.88 0.83 -6.11 0.64 0.82 -5.05 0.56 1.07
5 24 -5.17 0.88 0.83 -6.11 0.64 0.82 -6 0.34 1.07 -5.28 1.15 0.54
5 24 -5.17 0.88 0.83 -4.59 1.34 0.54 -5.28 1.15 0.54 -4.47 1.07 0.83
5 24 -4.59 1.34 0.54 -5.28 1.15 0.54 -5.17 0.88 0.83 -3.57 1.81 0.2
5 24 -5.28 1.15 0.54 -5.17 0.88 0.83 -4.59 1.34 0.54 -6.11 0.64 0.82
5 24 -4.47 1.07 0.83 -4.59 1.34 0.54 -5.17 0.88 0.83 -3.33 1.38 0.84
5 24 -6.11 0.64 0.82 -5.28 1.15 0.54 -6.19 0.9 0.54 -5.17 0.88 0.83
5 24 -5.28 1.15 0.54 -6.19 0.9 0.54 -6.11 0.64 0.82 -4.67 1.49 0.2
5 24 -2.02 0.98 1.31 -2.24 1.33 1.1 -3.16 1.05 1.09 -1.24 1.56 1.32
5 24 -2.24 1.33 1.1 -3.16 1.05 1.09 -2.97 0.68 1.3 -2.43 1.65 0.85
5 24 -3.16 1.05 1.09 -2.97 0.68 1.3 -2.02 0.98 1.31 -4.17 0.39 1.29
5 24 -2.43 1.65 0.85 -3.33 1.38 0.84 -3.16 1.05 1.09 -2.6 1.92 0.55
5 24 -3.33 1.38 0.84 -3.16 1.05 1.09 -2.24 1.33 1.1 -4.32 0.74 1.08
5 24 -2.24 1.33 1.1 -2.43 1.65 0.85 -3.33 1.38 0.84 -1.64 2.11 0.86
5 24 -3.33 1.38 0.84 -4.47 1.07 0.83 -4.32 0.74 1.08 -3.47 1.66 0.55
5 24 -4.32 0.74 1.08 -3.33 1.38 0.84 -4.47 1.07 0.83 -3.16 1.05 1.09
5 24 -4.32 0.74 1.08 -3.16 1.05 1.09 -3.33 1.38 0.84 -4.17 0.39 1.29
5 24 -2.6 1.92 0.55 -3.47 1.66 0.55 -3.33 1.38 0.84 -2.7 2.1 0.2
5 24 -3.47 1.66 0.55 -3.33 1.38 0.84 -2.43 1.65 0.85 -4.59 1.34 0.54
5 24 -2.43 1.65 0.85 -2.6 1.92 0.55 -3.47 1.66 0.55 -1.64 2.11 0.86
5 24 -3.47 1.66 0.55 -4.59 1.34 0.54 -4.47 1.07 0.83 -3.57 1.81 0.2
5 24 -4.17 0.39 1.29 -3.16 1.05 1.09 -4.32 0.74 1.08 -2.97 0.68 1.3
5 24 -5.28 1.15 0.54 -4.67 1.49 0.2 -5.35 1.3 0.2 -4.59 1.34 0.54
5 24 -4.67 1.49 0.2 -5.35 1.3 0.2 -6.19 0.9 0.54 -4.67 1.49 -0.2
5 24 -5.35 1.3 0.2 -6.19 0.9 0.54 -5.28 1.15 0.54 -6.25 1.07 0.19
5 24 -4.59 1.34 0.54 -3.57 1.81 0.2 -4.67 1.49 0.2 -3.47 1.66 0.55
5 24 -3.57 1.81 0.2 -4.67 1.49 0.2 -5.28 1.15 0.54 -3.57 1.8 -0.2
5 24 -4.67 1.49 0.2 -4.67 1.49 -0.2 -5.35 1.3 -0.2 -3.57 1.81 0.2
5 24 -4.67 1.49 -0.2 -5.35 1.3 -0.2 -5.35 1.3 0.2 -5.28 1.15 -0.54
5 24 -5.35 1.3 -0.2 -5.35 1.3 0.2 -4.67 1.49 0.2 -6.25 1.07 -0.2
5 24 -6.25 1.07 0.19 -5.35 1.3 0.2 -5.35 1.3 -0.2 -6.19 0.9 0.54
5 24 -5.35 1.3 -0.2 -6.25 1.07 -0.2 -6.25 1.07 0.19 -6.19 0.9 -0.54
5 24 -3.47 1.66 0.55 -2.7 2.1 0.2 -3.57 1.81 0.2 -2.6 1.92 0.55
5 24 -2.7 2.1 0.2 -3.57 1.81 0.2 -3.47 1.66 0.55 -2.71 2.1 -0.21
5 24 -3.57 1.81 0.2 -3.47 1.66 0.55 -2.7 2.1 0.2 -4.59 1.34 0.54
5 24 -2.6 1.92 0.55 -2.7 2.1 0.2 -3.47 1.66 0.55 -1.81 2.34 0.56
5 24 -2.71 2.1 -0.21 -3.57 1.8 -0.2 -3.57 1.81 0.2 -3.47 1.66 -0.55
5 24 -3.57 1.8 -0.2 -3.57 1.81 0.2 -2.7 2.1 0.2 -4.67 1.49 -0.2
5 24 -2.7 2.1 0.2 -2.71 2.1 -0.21 -3.57 1.8 -0.2 -1.91 2.49 0.2
5 24 -3.57 1.8 -0.2 -4.67 1.49 -0.2 -4.67 1.49 0.2 -4.59 1.34 -0.54
5 24 -0.66 2.34 1.32 -0.85 2.56 1.12 -1.44 1.85 1.1 -0.21 3.23 1.33
5 24 -0.85 2.56 1.12 -1.44 1.85 1.1 -0.66 2.34 1.32 -1.64 2.11 0.86
5 24 -0.85 2.56 1.12 -1.01 2.75 0.86 -1.64 2.11 0.86 -0.38 3.37 1.12
5 24 -1.01 2.75 0.86 -1.64 2.11 0.86 -0.85 2.56 1.12 -1.81 2.34 0.56
5 24 -1.64 2.11 0.86 -0.85 2.56 1.12 -1.01 2.75 0.86 -1.44 1.85 1.1
5 24 -1.64 2.11 0.86 -1.44 1.85 1.1 -0.85 2.56 1.12 -2.24 1.33 1.1
5 24 -1.64 2.11 0.86 -2.43 1.65 0.85 -2.24 1.33 1.1 -2.6 1.92 0.55
5 24 -2.24 1.33 1.1 -1.64 2.11 0.86 -2.43 1.65 0.85 -1.44 1.85 1.1
5 24 -2.24 1.33 1.1 -1.44 1.85 1.1 -1.64 2.11 0.86 -1.24 1.56 1.32
5 24 -1.01 2.75 0.86 -1.16 2.92 0.57 -1.81 2.34 0.56 -0.55 3.5 0.87
5 24 -1.16 2.92 0.57 -1.81 2.34 0.56 -1.01 2.75 0.86 -1.91 2.49 0.2
5 24 -1.81 2.34 0.56 -1.01 2.75 0.86 -1.16 2.92 0.57 -1.64 2.11 0.86
5 24 -1.81 2.34 0.56 -1.64 2.11 0.86 -1.01 2.75 0.86 -2.6 1.92 0.55
5 24 -1.81 2.34 0.56 -2.6 1.92 0.55 -1.64 2.11 0.86 -2.7 2.1 0.2
5 24 -2.6 1.92 0.55 -1.64 2.11 0.86 -1.81 2.34 0.56 -2.43 1.65 0.85
5 24 -0.07 4.26 1.12 -0.38 3.37 1.12 0.1 4.18 1.34 -0.55 3.5 0.87
5 24 -0.38 3.37 1.12 0.1 4.18 1.34 -0.07 4.26 1.12 -0.21 3.23 1.33
5 24 -0.38 3.37 1.12 -0.21 3.23 1.33 0.1 4.18 1.34 -0.85 2.56 1.12
5 24 -0.21 4.33 0.88 -0.55 3.5 0.87 -0.07 4.26 1.12 -0.67 3.62 0.57
5 24 -0.55 3.5 0.87 -0.07 4.26 1.12 -0.21 4.33 0.88 -0.38 3.37 1.12
5 24 -0.55 3.5 0.87 -0.38 3.37 1.12 -0.07 4.26 1.12 -1.01 2.75 0.86
5 24 -0.55 3.5 0.87 -1.01 2.75 0.86 -0.38 3.37 1.12 -1.16 2.92 0.57
5 24 -1.01 2.75 0.86 -0.38 3.37 1.12 -0.55 3.5 0.87 -0.85 2.56 1.12
5 24 -0.85 2.56 1.12 -0.38 3.37 1.12 -1.01 2.75 0.86 -0.21 3.23 1.33
5 24 -0.33 4.38 0.57 -0.67 3.62 0.57 -0.21 4.33 0.88 -0.74 3.69 0.21
5 24 -0.67 3.62 0.57 -0.21 4.33 0.88 -0.33 4.38 0.57 -0.55 3.5 0.87
5 24 -0.67 3.62 0.57 -0.55 3.5 0.87 -0.21 4.33 0.88 -1.16 2.92 0.57
5 24 -0.67 3.62 0.57 -1.16 2.92 0.57 -0.55 3.5 0.87 -1.25 3.04 0.2
5 24 -1.16 2.92 0.57 -0.55 3.5 0.87 -0.67 3.62 0.57 -1.01 2.75 0.86
5 24 -0.85 2.56 1.12 -0.21 3.23 1.33 -0.38 3.37 1.12 -0.66 2.34 1.32
5 24 -1.16 2.92 0.57 -1.25 3.04 0.2 -1.91 2.49 0.2 -0.67 3.62 0.57
5 24 -1.25 3.04 0.2 -1.91 2.49 0.2 -1.16 2.92 0.57 -1.25 3.04 -0.21
5 24 -1.91 2.49 0.2 -1.16 2.92 0.57 -1.25 3.04 0.2 -1.81 2.34 0.56
5 24 -1.91 2.49 0.2 -1.81 2.34 0.56 -1.16 2.92 0.57 -2.7 2.1 0.2
5 24 -1.91 2.49 -0.2 -1.91 2.49 0.2 -1.25 3.04 0.2 -2.71 2.1 -0.21
5 24 -1.25 3.04 0.2 -1.25 3.04 -0.21 -1.91 2.49 -0.2 -0.74 3.69 0.21
5 24 -1.25 3.04 -0.21 -1.91 2.49 -0.2 -1.91 2.49 0.2 -1.16 2.92 -0.57
5 24 -2.7 2.1 0.2 -1.91 2.49 0.2 -1.91 2.49 -0.2 -1.81 2.34 0.56
5 24 -1.91 2.49 -0.2 -2.71 2.1 -0.21 -2.7 2.1 0.2 -1.81 2.34 -0.56
5 24 -0.41 4.42 0.21 -0.74 3.69 0.21 -0.33 4.38 0.57 -0.4 4.42 -0.21
5 24 -0.74 3.69 0.21 -0.33 4.38 0.57 -0.41 4.42 0.21 -0.67 3.62 0.57
5 24 -0.74 3.69 0.21 -0.67 3.62 0.57 -0.33 4.38 0.57 -1.25 3.04 0.2
5 24 -0.4 4.42 -0.21 -0.74 3.69 -0.21 -0.74 3.69 0.21 -0.33 4.38 -0.57
5 24 -0.74 3.69 -0.21 -0.74 3.69 0.21 -0.41 4.42 0.21 -1.25 3.04 -0.21
5 24 -1.25 3.04 0.2 -0.74 3.69 0.21 -0.74 3.69 -0.21 -0.67 3.62 0.57
5 24 -0.74 3.69 -0.21 -1.25 3.04 -0.21 -1.25 3.04 0.2 -0.66 3.62 -0.57
5 24 -1.25 3.04 0.2 -0.67 3.62 0.57 -0.74 3.69 0.21 -1.16 2.92 0.57
5 24 -2.7 2.1 0.2 -1.81 2.34 0.56 -1.91 2.49 0.2 -2.6 1.92 0.55
5 24 -2.24 1.33 1.1 -1.24 1.56 1.32 -1.44 1.85 1.1 -2.02 0.98 1.31
5 24 -4.67 1.49 -0.2 -5.28 1.15 -0.54 -6.19 0.9 -0.54 -3.57 1.8 -0.2
5 24 -5.28 1.15 -0.54 -6.19 0.9 -0.54 -5.35 1.3 -0.2 -6.1 0.64 -0.83
5 24 -6.19 0.9 -0.54 -5.35 1.3 -0.2 -4.67 1.49 -0.2 -6.25 1.07 -0.2
5 24 -4.59 1.34 -0.54 -5.28 1.15 -0.54 -4.67 1.49 -0.2 -5.17 0.88 -0.83
5 24 -3.57 1.8 -0.2 -4.59 1.34 -0.54 -5.28 1.15 -0.54 -3.47 1.66 -0.55
5 24 -4.59 1.34 -0.54 -5.17 0.88 -0.83 -5.28 1.15 -0.54 -4.47 1.06 -0.83
5 24 -5.17 0.88 -0.83 -5.28 1.15 -0.54 -4.59 1.34 -0.54 -6.1 0.64 -0.83
5 24 -4.47 1.06 -0.83 -5.17 0.88 -0.83 -4.59 1.34 -0.54 -4.32 0.74 -1.08
5 24 -4.59 1.34 -0.54 -4.47 1.06 -0.83 -5.17 0.88 -0.83 -3.47 1.66 -0.55
5 24 -5.28 1.15 -0.54 -6.1 0.64 -0.83 -6.19 0.9 -0.54 -5.17 0.88 -0.83
5 24 -4.47 1.06 -0.83 -4.32 0.74 -1.08 -5.04 0.56 -1.08 -3.33 1.38 -0.84
5 24 -4.32 0.74 -1.08 -5.04 0.56 -1.08 -5.17 0.88 -0.83 -4.17 0.38 -1.29
5 24 -5.04 0.56 -1.08 -5.17 0.88 -0.83 -4.47 1.06 -0.83 -6 0.33 -1.07
5 24 -2.71 2.1 -0.21 -3.47 1.66 -0.55 -3.57 1.8 -0.2 -2.6 1.92 -0.56
5 24 -3.47 1.66 -0.55 -3.57 1.8 -0.2 -2.71 2.1 -0.21 -4.59 1.34 -0.54
5 24 -2.6 1.92 -0.56 -3.47 1.66 -0.55 -2.71 2.1 -0.21 -2.43 1.65 -0.86
5 24 -2.71 2.1 -0.21 -2.6 1.92 -0.56 -3.47 1.66 -0.55 -1.81 2.34 -0.56
5 24 -2.6 1.92 -0.56 -2.43 1.65 -0.86 -3.33 1.38 -0.84 -1.64 2.11 -0.86
5 24 -2.43 1.65 -0.86 -3.33 1.38 -0.84 -3.47 1.66 -0.55 -2.24 1.33 -1.1
5 24 -3.33 1.38 -0.84 -3.47 1.66 -0.55 -2.6 1.92 -0.56 -4.47 1.06 -0.83
5 24 -4.59 1.34 -0.54 -3.47 1.66 -0.55 -3.33 1.38 -0.84 -3.57 1.8 -0.2
5 24 -3.33 1.38 -0.84 -4.47 1.06 -0.83 -4.59 1.34 -0.54 -3.15 1.04 -1.1
5 24 -2.43 1.65 -0.86 -2.24 1.33 -1.1 -3.15 1.04 -1.1 -1.64 2.11 -0.86
5 24 -2.24 1.33 -1.1 -3.15 1.04 -1.1 -3.33 1.38 -0.84 -2.02 0.98 -1.32
5 24 -3.15 1.04 -1.1 -3.33 1.38 -0.84 -2.43 1.65 -0.86 -4.32 0.74 -1.08
5 24 -3.15 1.04 -1.1 -4.32 0.74 -1.08 -4.47 1.06 -0.83 -4.17 0.38 -1.29
5 24 -4.32 0.74 -1.08 -4.17 0.38 -1.29 -4.91 0.21 -1.29 -3.15 1.04 -1.1
5 24 -4.17 0.38 -1.29 -4.91 0.21 -1.29 -5.04 0.56 -1.08 -4.76 -0.16 -1.48
5 24 -4.91 0.21 -1.29 -5.04 0.56 -1.08 -4.32 0.74 -1.08 -5.89 0 -1.28
5 24 -4.17 0.38 -1.29 -4.76 -0.16 -1.48 -4.91 0.21 -1.29 -2.97 0.68 -1.31
5 24 -4.76 -0.16 -1.48 -4.91 0.21 -1.29 -4.17 0.38 -1.29 -5.77 -0.36 -1.46
5 24 -4 0.01 -1.48 -4.76 -0.16 -1.48 -4.17 0.38 -1.29 -4.62 -0.54 -1.62
5 24 -4.17 0.38 -1.29 -2.97 0.68 -1.31 -4 0.01 -1.48 -3.15 1.04 -1.1
5 24 -2.97 0.68 -1.31 -4 0.01 -1.48 -4.76 -0.16 -1.48 -2.77 0.3 -1.49
5 24 -4.76 -0.16 -1.48 -5.77 -0.36 -1.46 -4.91 0.21 -1.29 -4.62 -0.54 -1.62
5 24 -2.24 1.33 -1.1 -2.02 0.98 -1.32 -2.97 0.68 -1.31 -1.24 1.56 -1.32
5 24 -2.02 0.98 -1.32 -2.97 0.68 -1.31 -3.15 1.04 -1.1 -1.8 0.6 -1.5
5 24 -2.97 0.68 -1.31 -3.15 1.04 -1.1 -2.24 1.33 -1.1 -4.17 0.38 -1.29
5 24 -2.02 0.98 -1.32 -1.8 0.6 -1.5 -2.77 0.3 -1.49 -1.02 1.25 -1.5
5 24 -1.8 0.6 -1.5 -2.77 0.3 -1.49 -2.97 0.68 -1.31 -1.56 0.21 -1.65
5 24 -2.77 0.3 -1.49 -2.97 0.68 -1.31 -2.02 0.98 -1.32 -4 0.01 -1.48
5 24 -2.77 0.3 -1.49 -4 0.01 -1.48 -2.97 0.68 -1.31 -3.84 -0.38 -1.63
5 24 -3.15 1.04 -1.1 -4.17 0.38 -1.29 -4.32 0.74 -1.08 -2.97 0.68 -1.31
5 24 -1.25 3.04 -0.21 -1.16 2.92 -0.57 -1.91 2.49 -0.2 -0.66 3.62 -0.57
5 24 -1.16 2.92 -0.57 -1.91 2.49 -0.2 -1.25 3.04 -0.21 -1.81 2.34 -0.56
5 24 -1.81 2.34 -0.56 -1.91 2.49 -0.2 -1.16 2.92 -0.57 -2.71 2.1 -0.21
5 24 -1.16 2.92 -0.57 -1.81 2.34 -0.56 -1.91 2.49 -0.2 -1.01 2.75 -0.86
5 24 -1.16 2.92 -0.57 -1.01 2.75 -0.86 -1.81 2.34 -0.56 -0.54 3.5 -0.88
5 24 -1.01 2.75 -0.86 -1.81 2.34 -0.56 -1.16 2.92 -0.57 -1.64 2.11 -0.86
5 24 -1.64 2.11 -0.86 -1.81 2.34 -0.56 -1.01 2.75 -0.86 -2.6 1.92 -0.56
5 24 -1.01 2.75 -0.86 -1.64 2.11 -0.86 -1.81 2.34 -0.56 -0.85 2.56 -1.12
5 24 -1.64 2.11 -0.86 -2.6 1.92 -0.56 -1.81 2.34 -0.56 -2.43 1.65 -0.86
5 24 -2.6 1.92 -0.56 -1.81 2.34 -0.56 -1.64 2.11 -0.86 -2.71 2.1 -0.21
5 24 -1.64 2.11 -0.86 -2.43 1.65 -0.86 -2.6 1.92 -0.56 -2.24 1.33 -1.1
5 24 -1.01 2.75 -0.86 -0.85 2.56 -1.12 -1.64 2.11 -0.86 -0.38 3.37 -1.12
5 24 -0.85 2.56 -1.12 -1.64 2.11 -0.86 -1.01 2.75 -0.86 -1.45 1.85 -1.11
5 24 -1.45 1.85 -1.11 -1.64 2.11 -0.86 -0.85 2.56 -1.12 -2.24 1.33 -1.1
5 24 -0.85 2.56 -1.12 -1.45 1.85 -1.11 -1.64 2.11 -0.86 -0.66 2.34 -1.32
5 24 -1.64 2.11 -0.86 -2.24 1.33 -1.1 -2.43 1.65 -0.86 -1.45 1.85 -1.11
5 24 -1.45 1.85 -1.11 -2.24 1.33 -1.1 -1.64 2.11 -0.86 -1.24 1.56 -1.32
5 24 -0.33 4.38 -0.57 -0.74 3.69 -0.21 -0.4 4.42 -0.21 -0.66 3.62 -0.57
5 24 -0.66 3.62 -0.57 -0.74 3.69 -0.21 -0.33 4.38 -0.57 -1.25 3.04 -0.21
5 24 -0.33 4.38 -0.57 -0.66 3.62 -0.57 -0.74 3.69 -0.21 -0.21 4.33 -0.88
5 24 -0.21 4.33 -0.88 -0.66 3.62 -0.57 -0.33 4.38 -0.57 -0.54 3.5 -0.88
5 24 -0.54 3.5 -0.88 -0.66 3.62 -0.57 -0.21 4.33 -0.88 -1.16 2.92 -0.57
5 24 -0.21 4.33 -0.88 -0.54 3.5 -0.88 -0.66 3.62 -0.57 -0.06 4.26 -1.13
5 24 -0.54 3.5 -0.88 -1.16 2.92 -0.57 -0.66 3.62 -0.57 -1.01 2.75 -0.86
5 24 -1.16 2.92 -0.57 -0.66 3.62 -0.57 -0.54 3.5 -0.88 -1.25 3.04 -0.21
5 24 -0.54 3.5 -0.88 -1.01 2.75 -0.86 -1.16 2.92 -0.57 -0.38 3.37 -1.12
5 24 -0.06 4.26 -1.13 -0.54 3.5 -0.88 -0.21 4.33 -0.88 -0.38 3.37 -1.12
5 24 -0.38 3.37 -1.12 -0.54 3.5 -0.88 -0.06 4.26 -1.13 -1.01 2.75 -0.86
5 24 -0.06 4.26 -1.13 -0.38 3.37 -1.12 -0.54 3.5 -0.88 0.1 4.18 -1.34
5 24 -0.38 3.37 -1.12 -1.01 2.75 -0.86 -0.54 3.5 -0.88 -0.85 2.56 -1.12
5 24 -0.38 3.37 -1.12 -0.85 2.56 -1.12 -1.01 2.75 -0.86 -0.21 3.23 -1.34
5 24 -0.66 3.62 -0.57 -1.25 3.04 -0.21 -0.74 3.69 -0.21 -1.16 2.92 -0.57
5 24 -0.85 2.56 -1.12 -0.66 2.34 -1.32 -1.45 1.85 -1.11 -0.21 3.23 -1.34
5 24 -0.66 2.34 -1.32 -1.45 1.85 -1.11 -0.85 2.56 -1.12 -0.46 2.11 -1.51
5 24 -1.24 1.56 -1.32 -1.45 1.85 -1.11 -0.66 2.34 -1.32 -2.24 1.33 -1.1
5 24 -0.66 2.34 -1.32 -0.46 2.11 -1.51 -1.24 1.56 -1.32 -0.02 3.07 -1.51
5 24 -0.46 2.11 -1.51 -1.24 1.56 -1.32 -1.45 1.85 -1.11 -1.02 1.25 -1.5
5 24 -1.02 1.25 -1.5 -1.24 1.56 -1.32 -0.46 2.11 -1.51 -2.02 0.98 -1.32
5 24 -0.46 2.11 -1.51 -1.02 1.25 -1.5 -1.24 1.56 -1.32 -0.25 1.88 -1.66
5 24 -1.02 1.25 -1.5 -2.02 0.98 -1.32 -1.24 1.56 -1.32 -1.8 0.6 -1.5
5 24 -2.02 0.98 -1.32 -1.24 1.56 -1.32 -1.02 1.25 -1.5 -2.24 1.33 -1.1
5 24 -1.02 1.25 -1.5 -1.8 0.6 -1.5 -2.02 0.98 -1.32 -0.78 0.93 -1.65
5 24 0.1 4.18 -1.34 -0.38 3.37 -1.12 -0.06 4.26 -1.13 -0.21 3.23 -1.34
5 24 -0.21 3.23 -1.34 -0.38 3.37 -1.12 0.1 4.18 -1.34 -0.85 2.56 -1.12
5 24 0.1 4.18 -1.34 -0.21 3.23 -1.34 -0.38 3.37 -1.12 0.3 4.09 -1.52
5 24 0.3 4.09 -1.52 -0.21 3.23 -1.34 0.1 4.18 -1.34 -0.02 3.07 -1.51
5 24 -0.02 3.07 -1.51 -0.21 3.23 -1.34 0.3 4.09 -1.52 -0.66 2.34 -1.32
5 24 0.3 4.09 -1.52 -0.02 3.07 -1.51 -0.21 3.23 -1.34 0.51 4 -1.66
5 24 -0.02 3.07 -1.51 -0.66 2.34 -1.32 -0.21 3.23 -1.34 -0.46 2.11 -1.51
5 24 -0.66 2.34 -1.32 -0.21 3.23 -1.34 -0.02 3.07 -1.51 -0.85 2.56 -1.12
5 24 -0.02 3.07 -1.51 -0.46 2.11 -1.51 -0.66 2.34 -1.32 0.18 2.91 -1.65
5 24 -0.21 3.23 -1.34 -0.85 2.56 -1.12 -0.38 3.37 -1.12 -0.66 2.34 -1.32
5 24 -1.24 1.56 -1.32 -2.24 1.33 -1.1 -1.45 1.85 -1.11 -2.02 0.98 -1.32
5 24 -1.81 2.34 -0.56 -2.71 2.1 -0.21 -1.91 2.49 -0.2 -2.6 1.92 -0.56
5 24 -4 0.01 -1.48 -4.62 -0.54 -1.62 -4.76 -0.16 -1.48 -2.77 0.3 -1.49
5 24 -4.62 -0.54 -1.62 -4.76 -0.16 -1.48 -4 0.01 -1.48 -5.65 -0.74 -1.62
5 24 -3.84 -0.38 -1.63 -4.62 -0.54 -1.62 -4 0.01 -1.48 -4.47 -0.94 -1.75
5 24 -2.77 0.3 -1.49 -3.84 -0.38 -1.63 -4.62 -0.54 -1.62 -2.57 -0.1 -1.65
5 24 -3.84 -0.38 -1.63 -4.47 -0.94 -1.75 -4.62 -0.54 -1.62 -2.57 -0.1 -1.65
5 24 -4.47 -0.94 -1.75 -4.62 -0.54 -1.62 -3.84 -0.38 -1.63 -5.52 -1.13 -1.74
5 24 -3.67 -0.78 -1.75 -4.47 -0.94 -1.75 -3.84 -0.38 -1.63 -4.34 -1.26 -1.82
5 24 -3.84 -0.38 -1.63 -2.57 -0.1 -1.65 -3.67 -0.78 -1.75 -2.77 0.3 -1.49
5 24 -2.57 -0.1 -1.65 -3.67 -0.78 -1.75 -4.47 -0.94 -1.75 -2.36 -0.51 -1.76
5 24 -5.65 -0.74 -1.62 -4.62 -0.54 -1.62 -4.47 -0.94 -1.75 -5.77 -0.36 -1.46
5 24 -4.47 -0.94 -1.75 -5.52 -1.13 -1.74 -5.65 -0.74 -1.62 -4.34 -1.26 -1.82
5 24 -1.8 0.6 -1.5 -1.56 0.21 -1.65 -2.57 -0.1 -1.65 -0.78 0.93 -1.65
5 24 -1.56 0.21 -1.65 -2.57 -0.1 -1.65 -2.77 0.3 -1.49 -1.31 -0.19 -1.77
5 24 -2.57 -0.1 -1.65 -2.77 0.3 -1.49 -1.8 0.6 -1.5 -3.84 -0.38 -1.63
5 24 -1.56 0.21 -1.65 -1.31 -0.19 -1.77 -2.36 -0.51 -1.76 -0.54 0.6 -1.77
5 24 -1.31 -0.19 -1.77 -2.36 -0.51 -1.76 -2.57 -0.1 -1.65 -1.06 -0.61 -1.85
5 24 -2.36 -0.51 -1.76 -2.57 -0.1 -1.65 -1.56 0.21 -1.65 -3.67 -0.78 -1.75
5 24 -2.36 -0.51 -1.76 -3.67 -0.78 -1.75 -2.57 -0.1 -1.65 -2.14 -0.93 -1.85
5 24 -3.67 -0.78 -1.75 -4.34 -1.26 -1.82 -4.47 -0.94 -1.75 -3.16 -1.11 -1.84
5 24 -4.34 -1.26 -1.82 -4.47 -0.94 -1.75 -3.67 -0.78 -1.75 -5.4 -1.48 -1.82
5 24 -3.67 -0.78 -1.75 -3.16 -1.11 -1.84 -4.34 -1.26 -1.82 -2.36 -0.51 -1.76
5 24 -1.31 -0.19 -1.77 -1.06 -0.61 -1.85 -2.14 -0.93 -1.85 -0.28 0.27 -1.85
5 24 -2.14 -0.93 -1.85 -2.36 -0.51 -1.76 -1.31 -0.19 -1.77 -3.16 -1.11 -1.84
5 24 -1.27 -1.23 -1.87 -1.95 -1.35 -1.87 -2.14 -0.93 -1.85 -1.06 -1.63 -1.82
5 24 -0.46 2.11 -1.51 -0.25 1.88 -1.66 -1.02 1.25 -1.5 0.18 2.91 -1.65
5 24 -0.25 1.88 -1.66 -1.02 1.25 -1.5 -0.46 2.11 -1.51 -0.78 0.93 -1.65
5 24 -0.78 0.93 -1.65 -1.02 1.25 -1.5 -0.25 1.88 -1.66 -1.8 0.6 -1.5
5 24 -0.25 1.88 -1.66 -0.78 0.93 -1.65 -1.02 1.25 -1.5 -0.03 1.64 -1.77
5 24 -0.25 1.88 -1.66 -0.03 1.64 -1.77 -0.78 0.93 -1.65 0.39 2.74 -1.77
5 24 -0.03 1.64 -1.77 -0.78 0.93 -1.65 -0.25 1.88 -1.66 -0.54 0.6 -1.77
5 24 -0.54 0.6 -1.77 -0.78 0.93 -1.65 -0.03 1.64 -1.77 -1.56 0.21 -1.65
5 24 -0.03 1.64 -1.77 -0.54 0.6 -1.77 -0.78 0.93 -1.65 0.19 1.4 -1.85
5 24 -0.54 0.6 -1.77 -1.56 0.21 -1.65 -0.78 0.93 -1.65 -1.31 -0.19 -1.77
5 24 -1.56 0.21 -1.65 -0.78 0.93 -1.65 -0.54 0.6 -1.77 -1.8 0.6 -1.5
5 24 -0.54 0.6 -1.77 -1.31 -0.19 -1.77 -1.56 0.21 -1.65 -0.28 0.27 -1.85
5 24 0.51 4 -1.66 0.18 2.91 -1.65 -0.02 3.07 -1.51 0.75 3.89 -1.77
5 24 0.18 2.91 -1.65 -0.02 3.07 -1.51 0.3 4.09 -1.52 -0.46 2.11 -1.51
5 24 0.75 3.89 -1.77 0.39 2.74 -1.77 0.18 2.91 -1.65 1.01 3.77 -1.85
5 24 0.39 2.74 -1.77 0.18 2.91 -1.65 0.51 4 -1.66 -0.25 1.88 -1.66
5 24 0.39 2.74 -1.77 -0.25 1.88 -1.66 0.18 2.91 -1.65 -0.03 1.64 -1.77
5 24 -0.25 1.88 -1.66 0.18 2.91 -1.65 0.39 2.74 -1.77 -0.46 2.11 -1.51
5 24 0.39 2.74 -1.77 -0.03 1.64 -1.77 -0.25 1.88 -1.66 0.62 2.57 -1.85
5 24 0.18 2.91 -1.65 -0.46 2.11 -1.51 -0.02 3.07 -1.51 -0.25 1.88 -1.66
5 24 -0.03 1.64 -1.77 0.19 1.4 -1.85 -0.54 0.6 -1.77 0.62 2.57 -1.85
5 24 0.19 1.4 -1.85 -0.54 0.6 -1.77 -0.03 1.64 -1.77 -0.28 0.27 -1.85
5 24 -0.28 0.27 -1.85 -0.54 0.6 -1.77 0.19 1.4 -1.85 -1.31 -0.19 -1.77
5 24 0.19 1.4 -1.85 -0.28 0.27 -1.85 -0.54 0.6 -1.77 0.41 1.17 -1.87
5 24 -0.28 0.27 -1.85 0.41 1.17 -1.87 0.02 0.05 -1.87 0.19 1.4 -1.85
5 24 0.19 1.4 -1.85 0.41 1.17 -1.87 -0.28 0.27 -1.85 0.62 2.57 -1.85
5 24 1.01 3.77 -1.85 0.39 2.74 -1.77 0.75 3.89 -1.77 0.62 2.57 -1.85
5 24 0.62 2.57 -1.85 0.39 2.74 -1.77 1.01 3.77 -1.85 -0.03 1.64 -1.77
5 24 1.01 3.77 -1.85 0.62 2.57 -1.85 0.39 2.74 -1.77 1.3 3.64 -1.88
5 24 0.86 2.41 -1.88 0.62 2.57 -1.85 1.01 3.77 -1.85 0.41 1.17 -1.87
5 24 0.19 1.4 -1.85 0.62 2.57 -1.85 0.86 2.41 -1.88 -0.03 1.64 -1.77
5 24 0.62 2.57 -1.85 -0.03 1.64 -1.77 0.39 2.74 -1.77 0.19 1.4 -1.85
5 24 -0.28 0.27 -1.85 -1.31 -0.19 -1.77 -0.54 0.6 -1.77 -1.06 -0.61 -1.85
5 24 -0.78 0.93 -1.65 -1.8 0.6 -1.5 -1.02 1.25 -1.5 -1.56 0.21 -1.65
5 24 -0.68 -0.95 1.88 -0.37 -1.31 1.81 -0.25 -0.5 1.87 -1.05 -1.63 1.82
5 24 -0.37 -1.31 1.81 -0.25 -0.5 1.87 -0.68 -0.95 1.88 0.18 -0.79 1.8
5 24 0.18 -0.79 1.8 -0.25 -0.5 1.87 -0.37 -1.31 1.81 0.02 0.05 1.87
5 24 -0.37 -1.31 1.81 0.18 -0.79 1.8 -0.25 -0.5 1.87 -0.03 -1.6 1.63
5 24 -0.37 -1.31 1.81 -0.03 -1.6 1.63 0.18 -0.79 1.8 -1.05 -1.63 1.82
5 24 -0.03 -1.6 1.63 0.18 -0.79 1.8 -0.37 -1.31 1.81 0.59 -1.03 1.58
5 24 0.59 -1.03 1.58 0.18 -0.79 1.8 -0.03 -1.6 1.63 0.6 -0.16 1.77
5 24 -0.03 -1.6 1.63 0.59 -1.03 1.58 0.18 -0.79 1.8 0.94 -1.2 1.27
5 24 0.6 -0.16 1.77 0.18 -0.79 1.8 0.59 -1.03 1.58 0.02 0.05 1.87
5 24 0.59 -1.03 1.58 0.6 -0.16 1.77 0.18 -0.79 1.8 1.08 -0.33 1.49
5 24 0.59 -1.03 1.58 1.08 -0.33 1.49 0.6 -0.16 1.77 0.94 -1.2 1.27
5 24 -0.03 -1.6 1.63 0.94 -1.2 1.27 0.59 -1.03 1.58 0.29 -1.8 1.32
5 24 0.94 -1.2 1.27 0.59 -1.03 1.58 -0.03 -1.6 1.63 1.08 -0.33 1.49
5 24 0.29 -1.8 1.32 0.94 -1.2 1.27 -0.03 -1.6 1.63 0.57 -1.91 0.94
5 24 -0.03 -1.6 1.63 0.29 -1.8 1.32 0.94 -1.2 1.27 -0.78 -1.95 1.64
5 24 0.94 -1.2 1.27 1.08 -0.33 1.49 0.59 -1.03 1.58 1.44 -0.46 1.12
5 24 0.94 -1.2 1.27 1.44 -0.46 1.12 1.08 -0.33 1.49 1.21 -1.31 0.88
5 24 -1.95 -1.35 1.87 -1.05 -1.63 1.82 -1.27 -1.23 1.87 -1.79 -1.78 1.82
5 24 -1.05 -1.63 1.82 -1.27 -1.23 1.87 -1.95 -1.35 1.87 -0.68 -0.95 1.88
5 24 -1.79 -1.78 1.82 -1.05 -1.63 1.82 -1.95 -1.35 1.87 -0.78 -1.95 1.64
5 24 -1.95 -1.35 1.87 -1.79 -1.78 1.82 -1.05 -1.63 1.82 -2.63 -1.46 1.87
5 24 -1.79 -1.78 1.82 -0.78 -1.95 1.64 -1.05 -1.63 1.82 -2.53 -1.89 1.83
5 24 -0.78 -1.95 1.64 -1.05 -1.63 1.82 -1.79 -1.78 1.82 -0.03 -1.6 1.63
5 24 -1.57 -2.12 1.63 -0.78 -1.95 1.64 -1.79 -1.78 1.82 -0.49 -2.14 1.32
5 24 -1.79 -1.78 1.82 -2.53 -1.89 1.83 -1.57 -2.12 1.63 -1.95 -1.35 1.87
5 24 -2.53 -1.89 1.83 -1.57 -2.12 1.63 -0.78 -1.95 1.64 -2.36 -2.22 1.61
5 24 -0.37 -1.31 1.81 -1.05 -1.63 1.82 -0.78 -1.95 1.64 -0.68 -0.95 1.88
5 24 -0.78 -1.95 1.64 -0.03 -1.6 1.63 -0.37 -1.31 1.81 0.29 -1.8 1.32
5 24 -1.57 -2.12 1.63 -0.49 -2.14 1.32 -0.78 -1.95 1.64 -1.32 -2.3 1.29
5 24 -0.49 -2.14 1.32 -0.78 -1.95 1.64 -1.57 -2.12 1.63 0.29 -1.8 1.32
5 24 -1.32 -2.3 1.29 -0.49 -2.14 1.32 -1.57 -2.12 1.63 -0.25 -2.23 0.93
5 24 -1.57 -2.12 1.63 -1.32 -2.3 1.29 -0.49 -2.14 1.32 -2.36 -2.22 1.61
5 24 -0.78 -1.95 1.64 0.29 -1.8 1.32 -0.03 -1.6 1.63 -0.49 -2.14 1.32
5 24 -0.49 -2.14 1.32 0.29 -1.8 1.32 -0.78 -1.95 1.64 0.57 -1.91 0.94
5 24 -1.05 -1.63 1.82 -0.68 -0.95 1.88 -1.27 -1.23 1.87 -0.37 -1.31 1.81
5 24 0.29 -1.8 1.32 0.57 -1.91 0.94 1.21 -1.31 0.88 -0.49 -2.14 1.32
5 24 0.57 -1.91 0.94 1.21 -1.31 0.88 0.94 -1.2 1.27 0.75 -1.96 0.49
5 24 1.21 -1.31 0.88 0.94 -1.2 1.27 0.29 -1.8 1.32 1.44 -0.46 1.12
5 24 0.57 -1.91 0.94 0.75 -1.96 0.49 1.4 -1.36 0.45 -0.25 -2.23 0.93
5 24 0.75 -1.96 0.49 1.4 -1.36 0.45 1.21 -1.31 0.88 1.48 -1.38 0
5 24 1.4 -1.36 0.45 1.21 -1.31 0.88 0.57 -1.91 0.94 1.66 -0.53 0.71
5 24 1.66 -0.53 0.71 1.4 -1.36 0.45 1.76 -0.57 0.33 1.21 -1.31 0.88
5 24 1.4 -1.36 0.45 1.76 -0.57 0.33 1.66 -0.53 0.71 1.48 -1.38 0
5 24 1.66 -0.53 0.71 1.21 -1.31 0.88 1.4 -1.36 0.45 1.44 -0.46 1.12
5 24 0.75 -1.96 0.49 1.48 -1.38 0 1.4 -1.36 0.45 0.85 -1.98 0
5 24 1.48 -1.38 0 1.4 -1.36 0.45 0.75 -1.96 0.49 1.76 -0.57 0.33
5 24 0.85 -1.98 0 1.48 -1.38 0 0.75 -1.96 0.49 0.75 -1.96 -0.49
5 24 0.75 -1.96 0.49 0.85 -1.98 0 1.48 -1.38 0 -0.09 -2.25 0.48
5 24 1.76 -0.57 0.33 1.48 -1.38 0 1.79 -0.58 0 1.4 -1.36 0.45
5 24 1.48 -1.38 0 1.79 -0.58 0 1.76 -0.57 0.33 1.76 -0.57 -0.33
5 24 -1.32 -2.3 1.29 -0.25 -2.23 0.93 -0.49 -2.14 1.32 -1.13 -2.37 0.88
5 24 -0.25 -2.23 0.93 -0.49 -2.14 1.32 -1.32 -2.3 1.29 0.57 -1.91 0.94
5 24 -1.13 -2.37 0.88 -0.25 -2.23 0.93 -1.32 -2.3 1.29 -0.09 -2.25 0.48
5 24 -1.32 -2.3 1.29 -1.13 -2.37 0.88 -0.25 -2.23 0.93 -2.17 -2.39 1.25
5 24 -1.13 -2.37 0.88 -0.09 -2.25 0.48 -0.25 -2.23 0.93 -1 -2.38 0.45
5 24 -0.09 -2.25 0.48 -0.25 -2.23 0.93 -1.13 -2.37 0.88 0.75 -1.96 0.49
5 24 -1 -2.38 0.45 -0.09 -2.25 0.48 -1.13 -2.37 0.88 -0.96 -2.37 0
5 24 -1.13 -2.37 0.88 -1 -2.38 0.45 -0.09 -2.25 0.48 -1.95 -2.44 0.42
5 24 0.57 -1.91 0.94 -0.25 -2.23 0.93 0.75 -1.96 0.49 -0.49 -2.14 1.32
5 24 -0.25 -2.23 0.93 0.75 -1.96 0.49 0.57 -1.91 0.94 -0.09 -2.25 0.48
5 24 -0.09 -2.25 0.48 0.75 -1.96 0.49 -0.25 -2.23 0.93 0.85 -1.98 0
5 24 -1 -2.38 0.45 -0.96 -2.37 0 -0.09 -2.25 0.48 -1.95 -2.44 0.42
5 24 -0.96 -2.37 0 -0.09 -2.25 0.48 -1 -2.38 0.45 -0.03 -2.25 0
5 24 -0.03 -2.25 0 -0.09 -2.25 0.48 -0.96 -2.37 0 0.85 -1.98 0
5 24 -0.96 -2.37 0 -0.03 -2.25 0 -0.09 -2.25 0.48 -0.09 -2.25 -0.48
5 24 -0.09 -2.25 0.48 0.85 -1.98 0 0.75 -1.96 0.49 -0.03 -2.25 0
5 24 -0.03 -2.25 0 0.85 -1.98 0 -0.09 -2.25 0.48 -0.09 -2.25 -0.48
5 24 0.57 -1.91 0.94 -0.49 -2.14 1.32 -0.25 -2.23 0.93 0.29 -1.8 1.32
5 24 1.44 -0.46 1.12 1.21 -1.31 0.88 1.66 -0.53 0.71 0.94 -1.2 1.27
5 24 -3.24 -2 1.82 -2.36 -2.22 1.61 -2.53 -1.89 1.83 -3.13 -2.27 1.62
5 24 -2.36 -2.22 1.61 -2.53 -1.89 1.83 -3.24 -2 1.82 -1.57 -2.12 1.63
5 24 -2.53 -1.89 1.83 -3.24 -2 1.82 -2.36 -2.22 1.61 -2.63 -1.46 1.87
5 24 -3.13 -2.27 1.62 -2.36 -2.22 1.61 -3.24 -2 1.82 -2.17 -2.39 1.25
5 24 -3.24 -2 1.82 -3.13 -2.27 1.62 -2.36 -2.22 1.61 -3.33 -2.27 1.63
5 24 -2.36 -2.22 1.61 -1.57 -2.12 1.63 -2.53 -1.89 1.83 -1.32 -2.3 1.29
5 24 -2.17 -2.39 1.25 -2.36 -2.22 1.61 -3.13 -2.27 1.62 -1.32 -2.3 1.29
5 24 -3.13 -2.27 1.62 -2.17 -2.39 1.25 -2.36 -2.22 1.61 -3.33 -2.27 1.63
5 24 -3.02 -2.41 1.27 -2.17 -2.39 1.25 -3.13 -2.27 1.62 -2.93 -2.47 0.86
5 24 -3.13 -2.27 1.62 -3.33 -2.27 1.63 -3.02 -2.41 1.27 -3.24 -2 1.82
5 24 -3.33 -2.27 1.63 -3.02 -2.41 1.27 -2.17 -2.39 1.25 -3.45 -2.42 1.31
5 24 -3.45 -2.42 1.31 -3.02 -2.41 1.27 -3.33 -2.27 1.63 -3.59 -2.48 0.93
5 24 -2.36 -2.22 1.61 -1.32 -2.3 1.29 -1.57 -2.12 1.63 -2.17 -2.39 1.25
5 24 -2.17 -2.39 1.25 -1.32 -2.3 1.29 -2.36 -2.22 1.61 -1.13 -2.37 0.88
5 24 -3.02 -2.41 1.27 -2.93 -2.47 0.86 -2.03 -2.44 0.84 -3.45 -2.42 1.31
5 24 -2.93 -2.47 0.86 -2.03 -2.44 0.84 -2.17 -2.39 1.25 -2.87 -2.49 0.44
5 24 -2.03 -2.44 0.84 -2.17 -2.39 1.25 -3.02 -2.41 1.27 -1.13 -2.37 0.88
5 24 -2.87 -2.49 0.44 -2.03 -2.44 0.84 -2.93 -2.47 0.86 -1.95 -2.44 0.42
5 24 -2.93 -2.47 0.86 -2.87 -2.49 0.44 -2.03 -2.44 0.84 -3.59 -2.48 0.93
5 24 -1.95 -2.44 0.42 -2.03 -2.44 0.84 -2.87 -2.49 0.44 -1.13 -2.37 0.88
5 24 -2.87 -2.49 0.44 -1.95 -2.44 0.42 -2.03 -2.44 0.84 -2.84 -2.49 0
5 24 -1.95 -2.44 0.42 -1.13 -2.37 0.88 -2.03 -2.44 0.84 -1 -2.38 0.45
5 24 -1.13 -2.37 0.88 -2.03 -2.44 0.84 -1.95 -2.44 0.42 -2.17 -2.39 1.25
5 24 -1.95 -2.44 0.42 -1 -2.38 0.45 -1.13 -2.37 0.88 -1.93 -2.43 0
5 24 -3.73 -2.5 0.5 -2.87 -2.49 0.44 -2.93 -2.47 0.86 -2.84 -2.49 0
5 24 -2.93 -2.47 0.86 -3.59 -2.48 0.93 -3.73 -2.5 0.5 -3.02 -2.41 1.27
5 24 -2.84 -2.49 0 -1.95 -2.44 0.42 -2.87 -2.49 0.44 -1.93 -2.43 0
5 24 -2.87 -2.49 0.44 -2.84 -2.49 0 -1.95 -2.44 0.42 -3.73 -2.5 0.5
5 24 -1.93 -2.43 0 -1.95 -2.44 0.42 -2.84 -2.49 0 -0.96 -2.37 0
5 24 -2.84 -2.49 0 -1.93 -2.43 0 -1.95 -2.44 0.42 -1.95 -2.44 -0.42
5 24 -3.73 -2.5 0.5 -2.84 -2.49 0 -2.87 -2.49 0.44 -3.85 -2.52 0
5 24 -3.85 -2.52 0 -2.84 -2.49 0 -3.73 -2.5 0.5 -3.78 -2.5 -0.49
5 24 -1.93 -2.43 0 -0.96 -2.37 0 -1 -2.38 0.45 -1.95 -2.44 -0.42
5 24 -2.17 -2.39 1.25 -1.13 -2.37 0.88 -1.32 -2.3 1.29 -2.03 -2.44 0.84
5 24 -2.63 -1.46 1.87 -2.53 -1.89 1.83 -1.79 -1.78 1.82 -3.22 -1.56 1.87
5 24 0.18 -0.79 1.8 0.02 0.05 1.87 -0.25 -0.5 1.87 0.6 -0.16 1.77
5 24 1.48 -1.38 0 0.75 -1.96 -0.49 1.4 -1.36 -0.45 0.85 -1.98 0
5 24 0.75 -1.96 -0.49 1.4 -1.36 -0.45 1.48 -1.38 0 0.57 -1.91 -0.94
5 24 1.4 -1.36 -0.45 1.48 -1.38 0 0.75 -1.96 -0.49 1.76 -0.57 -0.33
5 24 0.85 -1.98 0 0.75 -1.96 -0.49 1.48 -1.38 0 -0.09 -2.25 -0.48
5 24 0.75 -1.96 -0.49 0.57 -1.91 -0.94 1.21 -1.31 -0.88 -0.25 -2.23 -0.93
5 24 0.57 -1.91 -0.94 1.21 -1.31 -0.88 1.4 -1.36 -0.45 0.29 -1.8 -1.32
5 24 1.21 -1.31 -0.88 1.4 -1.36 -0.45 0.75 -1.96 -0.49 1.66 -0.54 -0.71
5 24 1.76 -0.57 -0.33 1.4 -1.36 -0.45 1.66 -0.54 -0.71 1.48 -1.38 0
5 24 1.4 -1.36 -0.45 1.66 -0.54 -0.71 1.76 -0.57 -0.33 1.21 -1.31 -0.88
5 24 1.21 -1.31 -0.88 1.66 -0.54 -0.71 1.4 -1.36 -0.45 1.44 -0.46 -1.12
5 24 0.57 -1.91 -0.94 0.29 -1.8 -1.32 0.94 -1.2 -1.27 -0.49 -2.14 -1.32
5 24 0.29 -1.8 -1.32 0.94 -1.2 -1.27 1.21 -1.31 -0.88 -0.03 -1.6 -1.63
5 24 0.94 -1.2 -1.27 1.21 -1.31 -0.88 0.57 -1.91 -0.94 1.44 -0.46 -1.12
5 24 1.21 -1.31 -0.88 1.44 -0.46 -1.12 1.66 -0.54 -0.71 0.94 -1.2 -1.27
5 24 0.94 -1.2 -1.27 1.44 -0.46 -1.12 1.21 -1.31 -0.88 1.09 -0.33 -1.5
5 24 -0.96 -2.37 0 -1 -2.38 -0.45 -0.09 -2.25 -0.48 -1.93 -2.43 0
5 24 -1 -2.38 -0.45 -0.09 -2.25 -0.48 -0.96 -2.37 0 -1.13 -2.37 -0.88
5 24 -0.09 -2.25 -0.48 -0.96 -2.37 0 -1 -2.38 -0.45 -0.03 -2.25 0
5 24 -0.09 -2.25 -0.48 -0.03 -2.25 0 -0.96 -2.37 0 0.85 -1.98 0
5 24 -1.13 -2.37 -0.88 -0.25 -2.23 -0.93 -0.09 -2.25 -0.48 -1.32 -2.31 -1.29
5 24 -0.25 -2.23 -0.93 -0.09 -2.25 -0.48 -1.13 -2.37 -0.88 0.75 -1.96 -0.49
5 24 -0.09 -2.25 -0.48 -1.13 -2.37 -0.88 -0.25 -2.23 -0.93 -1 -2.38 -0.45
5 24 -1 -2.38 -0.45 -1.13 -2.37 -0.88 -0.09 -2.25 -0.48 -1.95 -2.44 -0.42
5 24 -0.25 -2.23 -0.93 0.57 -1.91 -0.94 0.75 -1.96 -0.49 -0.49 -2.14 -1.32
5 24 0.75 -1.96 -0.49 -0.25 -2.23 -0.93 0.57 -1.91 -0.94 -0.09 -2.25 -0.48
5 24 0.75 -1.96 -0.49 -0.09 -2.25 -0.48 -0.25 -2.23 -0.93 0.85 -1.98 0
5 24 -1.32 -2.31 -1.29 -0.49 -2.14 -1.32 -0.25 -2.23 -0.93 -1.56 -2.12 -1.62
5 24 -0.49 -2.14 -1.32 -0.25 -2.23 -0.93 -1.32 -2.31 -1.29 0.57 -1.91 -0.94
5 24 -0.25 -2.23 -0.93 -1.32 -2.31 -1.29 -0.49 -2.14 -1.32 -1.13 -2.37 -0.88
5 24 -1.13 -2.37 -0.88 -1.32 -2.31 -1.29 -0.25 -2.23 -0.93 -2.17 -2.39 -1.25
5 24 -0.49 -2.14 -1.32 0.57 -1.91 -0.94 -0.25 -2.23 -0.93 0.29 -1.8 -1.32
5 24 -0.49 -2.14 -1.32 0.29 -1.8 -1.32 0.57 -1.91 -0.94 -0.78 -1.95 -1.64
5 24 0.85 -1.98 0 -0.09 -2.25 -0.48 0.75 -1.96 -0.49 -0.03 -2.25 0
5 24 0.94 -1.2 -1.27 -0.03 -1.6 -1.63 0.59 -1.03 -1.58 0.29 -1.8 -1.32
5 24 -0.03 -1.6 -1.63 0.59 -1.03 -1.58 0.94 -1.2 -1.27 0.19 -0.79 -1.8
5 24 0.59 -1.03 -1.58 0.94 -1.2 -1.27 -0.03 -1.6 -1.63 1.09 -0.33 -1.5
5 24 0.29 -1.8 -1.32 -0.03 -1.6 -1.63 0.94 -1.2 -1.27 -0.78 -1.95 -1.64
5 24 -0.03 -1.6 -1.63 -0.37 -1.31 -1.81 0.19 -0.79 -1.8 -0.78 -1.95 -1.64
5 24 -0.37 -1.31 -1.81 0.19 -0.79 -1.8 -0.03 -1.6 -1.63 -0.25 -0.5 -1.87
5 24 0.19 -0.79 -1.8 -0.03 -1.6 -1.63 -0.37 -1.31 -1.81 0.59 -1.03 -1.58
5 24 0.19 -0.79 -1.8 0.59 -1.03 -1.58 -0.03 -1.6 -1.63 0.6 -0.16 -1.77
5 24 0.6 -0.16 -1.77 0.59 -1.03 -1.58 0.19 -0.79 -1.8 1.09 -0.33 -1.5
5 24 0.19 -0.79 -1.8 0.6 -0.16 -1.77 0.59 -1.03 -1.58 0.02 0.05 -1.87
5 24 1.09 -0.33 -1.5 0.59 -1.03 -1.58 0.6 -0.16 -1.77 0.94 -1.2 -1.27
5 24 -0.25 -0.5 -1.87 -0.37 -1.31 -1.81 -0.68 -0.95 -1.88 0.19 -0.79 -1.8
5 24 -0.37 -1.31 -1.81 -0.68 -0.95 -1.88 -0.25 -0.5 -1.87 -1.06 -1.63 -1.82
5 24 -0.25 -0.5 -1.87 0.19 -0.79 -1.8 -0.37 -1.31 -1.81 0.02 0.05 -1.87
5 24 0.02 0.05 -1.87 0.19 -0.79 -1.8 -0.25 -0.5 -1.87 0.6 -0.16 -1.77
5 24 -0.49 -2.14 -1.32 -1.56 -2.12 -1.62 -0.78 -1.95 -1.64 -1.32 -2.31 -1.29
5 24 -1.56 -2.12 -1.62 -0.78 -1.95 -1.64 -0.49 -2.14 -1.32 -2.53 -1.89 -1.83
5 24 -0.78 -1.95 -1.64 -0.49 -2.14 -1.32 -1.56 -2.12 -1.62 0.29 -1.8 -1.32
5 24 -1.32 -2.31 -1.29 -1.56 -2.12 -1.62 -0.49 -2.14 -1.32 -2.36 -2.23 -1.61
5 24 -0.78 -1.95 -1.64 -1.8 -1.78 -1.82 -1.06 -1.63 -1.82 -1.56 -2.12 -1.62
5 24 -1.8 -1.78 -1.82 -1.06 -1.63 -1.82 -0.78 -1.95 -1.64 -1.95 -1.35 -1.87
5 24 -1.06 -1.63 -1.82 -0.78 -1.95 -1.64 -1.8 -1.78 -1.82 -0.37 -1.31 -1.81
5 24 -1.56 -2.12 -1.62 -2.53 -1.89 -1.83 -1.8 -1.78 -1.82 -2.36 -2.23 -1.61
5 24 -2.53 -1.89 -1.83 -1.8 -1.78 -1.82 -0.78 -1.95 -1.64 -2.63 -1.46 -1.87
5 24 -0.03 -1.6 -1.63 -0.78 -1.95 -1.64 -1.06 -1.63 -1.82 0.29 -1.8 -1.32
5 24 -1.06 -1.63 -1.82 -0.37 -1.31 -1.81 -0.03 -1.6 -1.63 -0.68 -0.95 -1.88
5 24 -1.27 -1.23 -1.87 -1.06 -1.63 -1.82 -1.95 -1.35 -1.87 -0.68 -0.95 -1.88
5 24 -1.06 -1.63 -1.82 -1.95 -1.35 -1.87 -1.27 -1.23 -1.87 -1.8 -1.78 -1.82
5 24 -1.8 -1.78 -1.82 -1.95 -1.35 -1.87 -1.06 -1.63 -1.82 -2.53 -1.89 -1.83
5 24 -0.68 -0.95 -1.88 -1.06 -1.63 -1.82 -1.27 -1.23 -1.87 -0.37 -1.31 -1.81
5 24 0.29 -1.8 -1.32 -0.78 -1.95 -1.64 -0.03 -1.6 -1.63 -0.49 -2.14 -1.32
5 24 1.09 -0.33 -1.5 0.94 -1.2 -1.27 0.59 -1.03 -1.58 1.44 -0.46 -1.12
5 24 -2.84 -2.49 0 -1.95 -2.44 -0.42 -1.93 -2.43 0 -2.87 -2.48 -0.44
5 24 -1.95 -2.44 -0.42 -1.93 -2.43 0 -2.84 -2.49 0 -1 -2.38 -0.45
5 24 -2.87 -2.48 -0.44 -2.03 -2.44 -0.84 -1.95 -2.44 -0.42 -2.93 -2.47 -0.86
5 24 -2.03 -2.44 -0.84 -1.95 -2.44 -0.42 -2.84 -2.49 0 -1.13 -2.37 -0.88
5 24 -2.84 -2.49 0 -2.87 -2.48 -0.44 -2.03 -2.44 -0.84 -3.78 -2.5 -0.49
5 24 -2.93 -2.47 -0.86 -2.03 -2.44 -0.84 -2.87 -2.48 -0.44 -3.02 -2.41 -1.27
5 24 -2.87 -2.48 -0.44 -2.93 -2.47 -0.86 -2.03 -2.44 -0.84 -3.62 -2.47 -0.93
5 24 -2.03 -2.44 -0.84 -1.13 -2.37 -0.88 -1.95 -2.44 -0.42 -2.17 -2.39 -1.25
5 24 -1.13 -2.37 -0.88 -1.95 -2.44 -0.42 -2.03 -2.44 -0.84 -1 -2.38 -0.45
5 24 -1 -2.38 -0.45 -1.95 -2.44 -0.42 -1.13 -2.37 -0.88 -0.96 -2.37 0
5 24 -3.62 -2.47 -0.93 -2.93 -2.47 -0.86 -2.87 -2.48 -0.44 -3.44 -2.42 -1.3
5 24 -2.87 -2.48 -0.44 -3.62 -2.47 -0.93 -2.93 -2.47 -0.86 -3.78 -2.5 -0.49
5 24 -2.87 -2.48 -0.44 -3.78 -2.5 -0.49 -3.62 -2.47 -0.93 -2.84 -2.49 0
5 24 -2.84 -2.49 0 -3.78 -2.5 -0.49 -2.87 -2.48 -0.44 -3.85 -2.52 0
5 24 -3.02 -2.41 -1.27 -2.17 -2.39 -1.25 -2.03 -2.44 -0.84 -3.14 -2.27 -1.61
5 24 -2.17 -2.39 -1.25 -2.03 -2.44 -0.84 -2.93 -2.47 -0.86 -1.13 -2.37 -0.88
5 24 -2.93 -2.47 -0.86 -3.02 -2.41 -1.27 -2.17 -2.39 -1.25 -3.62 -2.47 -0.93
5 24 -3.44 -2.42 -1.3 -3.02 -2.41 -1.27 -2.93 -2.47 -0.86 -3.28 -2.27 -1.63
5 24 -2.17 -2.39 -1.25 -1.32 -2.31 -1.29 -1.13 -2.37 -0.88 -2.36 -2.23 -1.61
5 24 -1.13 -2.37 -0.88 -2.17 -2.39 -1.25 -1.32 -2.31 -1.29 -2.03 -2.44 -0.84
5 24 -2.17 -2.39 -1.25 -3.14 -2.27 -1.61 -2.36 -2.23 -1.61 -3.02 -2.41 -1.27
5 24 -3.14 -2.27 -1.61 -2.36 -2.23 -1.61 -2.17 -2.39 -1.25 -3.21 -2.15 -1.75
5 24 -2.36 -2.23 -1.61 -2.17 -2.39 -1.25 -3.14 -2.27 -1.61 -1.32 -2.31 -1.29
5 24 -3.02 -2.41 -1.27 -3.14 -2.27 -1.61 -2.17 -2.39 -1.25 -3.44 -2.42 -1.3
5 24 -3.16 -1.96 -1.84 -2.53 -1.89 -1.83 -3.21 -2.15 -1.75 -3.13 -1.55 -1.87
5 24 -2.53 -1.89 -1.83 -3.21 -2.15 -1.75 -3.16 -1.96 -1.84 -2.36 -2.23 -1.61
5 24 -2.36 -2.23 -1.61 -3.21 -2.15 -1.75 -2.53 -1.89 -1.83 -3.14 -2.27 -1.61
5 24 -2.53 -1.89 -1.83 -2.36 -2.23 -1.61 -3.21 -2.15 -1.75 -1.56 -2.12 -1.62
5 24 -3.14 -2.27 -1.61 -3.21 -2.15 -1.75 -2.36 -2.23 -1.61 -3.28 -2.27 -1.63
5 24 -1.56 -2.12 -1.62 -2.36 -2.23 -1.61 -2.53 -1.89 -1.83 -1.32 -2.31 -1.29
5 24 -3.14 -2.27 -1.61 -3.28 -2.27 -1.63 -3.21 -2.15 -1.75 -3.02 -2.41 -1.27
5 24 -2.63 -1.46 -1.87 -2.53 -1.89 -1.83 -3.13 -1.55 -1.87 -1.95 -1.35 -1.87
5 24 -2.53 -1.89 -1.83 -3.13 -1.55 -1.87 -2.63 -1.46 -1.87 -3.16 -1.96 -1.84
5 24 -1.32 -2.31 -1.29 -2.36 -2.23 -1.61 -1.56 -2.12 -1.62 -2.17 -2.39 -1.25
5 24 1.48 -1.38 0 1.76 -0.57 -0.33 1.79 -0.58 0 1.4 -1.36 -0.45
5 24 -19.38 -2.15 0.02 -19.4 -2.03 0.21 -17.45 -2.19 0.08 -22.57 -1.82 -0.19
5 24 -19.4 -2.03 0.21 -17.45 -2.19 0.08 -19.38 -2.15 0.02 -16.99 -2.06 0.3
5 24 -19.4 -2.03 0.21 -16.99 -2.06 0.3 -17.45 -2.19 0.08 -19.4 -1.96 0.42
5 24 -19.4 -2.03 0.21 -19.4 -1.96 0.42 -16.99 -2.06 0.3 -22.56 -1.7 0
5 24 -19.4 -1.96 0.42 -16.99 -2.06 0.3 -19.4 -2.03 0.21 -16.36 -1.97 0.55
5 24 -19.4 -1.96 0.42 -16.36 -1.97 0.55 -16.99 -2.06 0.3 -19.41 -1.93 0.64
5 24 -22.56 -1.7 0 -22.57 -1.63 0.21 -19.4 -1.96 0.42 -25.66 -1.03 -0.37
5 24 -22.57 -1.63 0.21 -19.4 -1.96 0.42 -19.4 -2.03 0.21 -22.59 -1.6 0.42
5 24 -19.4 -2.03 0.21 -22.56 -1.7 0 -22.57 -1.63 0.21 -19.38 -2.15 0.02
5 24 -22.57 -1.82 -0.19 -22.56 -1.7 0 -19.4 -2.03 0.21 -25.67 -1.14 -0.55
5 24 -19.41 -1.93 0.64 -16.36 -1.97 0.55 -19.4 -1.96 0.42 -15.94 -1.94 0.71
5 24 -19.4 -1.96 0.42 -19.41 -1.93 0.64 -16.36 -1.97 0.55 -22.57 -1.63 0.21
5 24 -19.41 -1.93 0.64 -15.94 -1.94 0.71 -16.36 -1.97 0.55 -15.26 -1.94 0.95
5 24 -22.57 -1.63 0.21 -22.59 -1.6 0.42 -19.41 -1.93 0.64 -25.67 -0.96 -0.16
5 24 -22.59 -1.6 0.42 -19.41 -1.93 0.64 -19.4 -1.96 0.42 -22.61 -1.62 0.64
5 24 -19.41 -1.93 0.64 -15.26 -1.94 0.95 -15.94 -1.94 0.71 -19.42 -1.96 0.85
5 24 -19.42 -1.96 0.85 -15.26 -1.94 0.95 -19.41 -1.93 0.64 -19.43 -2.03 1.06
5 24 -19.41 -1.93 0.64 -19.42 -1.96 0.85 -15.26 -1.94 0.95 -22.59 -1.6 0.42
5 24 -19.43 -2.03 1.06 -15.26 -1.94 0.95 -19.42 -1.96 0.85 -14.6 -2.01 1.18
5 24 -19.42 -1.96 0.85 -19.43 -2.03 1.06 -15.26 -1.94 0.95 -22.61 -1.62 0.64
5 24 -19.43 -2.03 1.06 -14.6 -2.01 1.18 -15.26 -1.94 0.95 -16.2 -2.16 1.32
5 24 -22.61 -1.62 0.64 -22.64 -1.69 0.84 -19.43 -2.03 1.06 -25.73 -0.95 0.27
5 24 -22.64 -1.69 0.84 -19.43 -2.03 1.06 -19.42 -1.96 0.85 -22.68 -1.8 1.03
5 24 -19.42 -1.96 0.85 -22.61 -1.62 0.64 -22.64 -1.69 0.84 -19.41 -1.93 0.64
5 24 -22.59 -1.6 0.42 -22.61 -1.62 0.64 -19.42 -1.96 0.85 -25.68 -0.93 0.06
5 24 -16.2 -2.16 1.32 -19.43 -2.03 1.06 -19.45 -2.14 1.25 -14.6 -2.01 1.18
5 24 -19.43 -2.03 1.06 -19.45 -2.14 1.25 -16.2 -2.16 1.32 -22.64 -1.69 0.84
5 24 -22.64 -1.69 0.84 -22.68 -1.8 1.03 -19.45 -2.14 1.25 -25.78 -1.01 0.47
5 24 -28.68 -0.15 -1.05 -28.66 -0.04 -0.86 -25.66 -1.03 -0.37 -31.57 1.13 -1.58
5 24 -28.66 -0.04 -0.86 -25.66 -1.03 -0.37 -25.67 -1.14 -0.55 -28.68 0.04 -0.64
5 24 -25.66 -1.03 -0.37 -25.67 -1.14 -0.55 -28.68 -0.15 -1.05 -22.56 -1.7 0
5 24 -28.68 0.04 -0.64 -25.67 -0.96 -0.16 -25.66 -1.03 -0.37 -28.7 0.07 -0.42
5 24 -25.67 -0.96 -0.16 -25.66 -1.03 -0.37 -28.66 -0.04 -0.86 -22.57 -1.63 0.21
5 24 -28.66 -0.04 -0.86 -28.68 0.04 -0.64 -25.67 -0.96 -0.16 -31.55 1.24 -1.39
5 24 -22.56 -1.7 0 -25.66 -1.03 -0.37 -25.67 -0.96 -0.16 -22.57 -1.82 -0.19
5 24 -25.67 -0.96 -0.16 -22.57 -1.63 0.21 -22.56 -1.7 0 -25.68 -0.93 0.06
5 24 -31.56 1.31 -1.18 -28.68 0.04 -0.64 -28.66 -0.04 -0.86 -31.59 1.34 -0.97
5 24 -28.66 -0.04 -0.86 -31.55 1.24 -1.39 -31.56 1.31 -1.18 -28.68 -0.15 -1.05
5 24 -31.55 1.24 -1.39 -31.56 1.31 -1.18 -28.68 0.04 -0.64 -34.34 2.73 -1.97
5 24 -31.57 1.13 -1.58 -31.55 1.24 -1.39 -28.66 -0.04 -0.86 -34.36 2.62 -2.16
5 24 -25.68 -0.93 0.06 -25.67 -0.96 -0.16 -28.68 0.04 -0.64 -22.59 -1.6 0.42
5 24 -28.68 0.04 -0.64 -28.7 0.07 -0.42 -25.68 -0.93 0.06 -31.56 1.31 -1.18
5 24 -28.7 0.07 -0.42 -25.68 -0.93 0.06 -25.67 -0.96 -0.16 -28.74 0.05 -0.21
5 24 -31.56 1.31 -1.18 -31.59 1.34 -0.97 -28.7 0.07 -0.42 -34.34 2.8 -1.75
5 24 -31.59 1.34 -0.97 -28.7 0.07 -0.42 -28.68 0.04 -0.64 -31.64 1.33 -0.75
5 24 -25.68 -0.93 0.06 -22.59 -1.6 0.42 -22.57 -1.63 0.21 -25.73 -0.95 0.27
5 24 -36.83 4.19 -2.46 -34.34 2.73 -1.97 -34.36 2.62 -2.16 -36.87 4.29 -2.26
5 24 -34.34 2.73 -1.97 -34.36 2.62 -2.16 -36.78 4.05 -2.64 -31.55 1.24 -1.39
5 24 -36.87 4.29 -2.26 -34.34 2.8 -1.75 -34.34 2.73 -1.97 -36.91 4.32 -2.06
5 24 -34.34 2.8 -1.75 -34.34 2.73 -1.97 -36.83 4.19 -2.46 -31.56 1.31 -1.18
5 24 -34.34 2.8 -1.75 -31.56 1.31 -1.18 -31.55 1.24 -1.39 -34.37 2.83 -1.53
5 24 -31.55 1.24 -1.39 -34.34 2.73 -1.97 -34.34 2.8 -1.75 -31.57 1.13 -1.58
5 24 -36.91 4.32 -2.06 -34.37 2.83 -1.53 -34.34 2.8 -1.75 -36.94 4.29 -1.84
5 24 -34.37 2.83 -1.53 -34.34 2.8 -1.75 -36.87 4.29 -2.26 -31.59 1.34 -0.97
5 24 -34.37 2.83 -1.53 -31.59 1.34 -0.97 -31.56 1.31 -1.18 -34.42 2.82 -1.32
5 24 -28.7 0.07 -0.42 -28.74 0.05 -0.21 -25.73 -0.95 0.27 -31.59 1.34 -0.97
5 24 -28.74 0.05 -0.21 -25.73 -0.95 0.27 -25.68 -0.93 0.06 -28.81 -0.01 0
5 24 -25.73 -0.95 0.27 -25.68 -0.93 0.06 -28.7 0.07 -0.42 -22.61 -1.62 0.64
5 24 -28.74 0.05 -0.21 -28.81 -0.01 0 -25.78 -1.01 0.47 -31.64 1.33 -0.75
5 24 -28.81 -0.01 0 -25.78 -1.01 0.47 -25.73 -0.95 0.27 -28.88 -0.12 0.18
5 24 -25.78 -1.01 0.47 -25.73 -0.95 0.27 -28.74 0.05 -0.21 -22.64 -1.69 0.84
5 24 -22.61 -1.62 0.64 -25.73 -0.95 0.27 -25.78 -1.01 0.47 -22.59 -1.6 0.42
5 24 -25.78 -1.01 0.47 -22.64 -1.69 0.84 -22.61 -1.62 0.64 -25.83 -1.12 0.66
5 24 -31.64 1.33 -0.75 -31.71 1.27 -0.55 -28.81 -0.01 0 -34.42 2.82 -1.32
5 24 -31.71 1.27 -0.55 -28.81 -0.01 0 -28.74 0.05 -0.21 -31.79 1.17 -0.37
5 24 -28.74 0.05 -0.21 -31.64 1.33 -0.75 -31.71 1.27 -0.55 -28.7 0.07 -0.42
5 24 -31.59 1.34 -0.97 -31.64 1.33 -0.75 -28.74 0.05 -0.21 -34.37 2.83 -1.53
5 24 -25.83 -1.12 0.66 -25.78 -1.01 0.47 -28.81 -0.01 0 -22.68 -1.8 1.03
5 24 -28.81 -0.01 0 -28.88 -0.12 0.18 -25.83 -1.12 0.66 -31.71 1.27 -0.55
5 24 -31.71 1.27 -0.55 -31.79 1.17 -0.37 -28.88 -0.12 0.18 -34.49 2.76 -1.12
5 24 -36.94 4.29 -1.84 -34.42 2.82 -1.32 -34.37 2.83 -1.53 -36.95 4.2 -1.63
5 24 -34.42 2.82 -1.32 -34.37 2.83 -1.53 -36.91 4.32 -2.06 -31.64 1.33 -0.75
5 24 -36.95 4.2 -1.63 -34.49 2.76 -1.12 -34.42 2.82 -1.32 -36.95 4.06 -1.44
5 24 -34.49 2.76 -1.12 -34.42 2.82 -1.32 -36.94 4.29 -1.84 -31.71 1.27 -0.55
5 24 -31.64 1.33 -0.75 -34.42 2.82 -1.32 -34.49 2.76 -1.12 -31.59 1.34 -0.97
5 24 -34.49 2.76 -1.12 -31.71 1.27 -0.55 -31.64 1.33 -0.75 -34.58 2.67 -0.93
5 24 -34.58 2.67 -0.93 -34.49 2.76 -1.12 -36.95 4.2 -1.63 -31.79 1.17 -0.37
5 24 -6.69 -3.26 -0.35 -6.69 -3.15 -0.16 -9.85 -3.66 0.06 -3.75 -2.75 -0.59
5 24 -6.69 -3.15 -0.16 -9.85 -3.66 0.06 -9.84 -3.77 -0.12 -6.69 -3.07 0.04
5 24 -9.85 -3.66 0.06 -9.84 -3.77 -0.12 -6.69 -3.26 -0.35 -13.02 -4.07 0.22
5 24 -6.69 -3.15 -0.16 -6.69 -3.07 0.04 -9.85 -3.58 0.28 -3.8 -2.64 -0.4
5 24 -6.69 -3.07 0.04 -9.85 -3.58 0.28 -9.85 -3.66 0.06 -6.68 -3.04 0.27
5 24 -9.85 -3.58 0.28 -9.85 -3.66 0.06 -6.69 -3.15 -0.16 -13.02 -4 0.43
5 24 -6.69 -3.15 -0.16 -3.8 -2.64 -0.4 -3.83 -2.57 -0.2 -6.69 -3.26 -0.35
5 24 -3.83 -2.57 -0.2 -6.69 -3.07 0.04 -6.69 -3.15 -0.16 -3.85 -2.52 0
5 24 -13.02 -4.07 0.22 -9.85 -3.66 0.06 -9.85 -3.58 0.28 -13.01 -4.19 0.04
5 24 -9.85 -3.58 0.28 -13.02 -4 0.43 -13.02 -4.07 0.22 -9.85 -3.56 0.49
5 24 -13.02 -4 0.43 -13.02 -4.07 0.22 -9.85 -3.66 0.06 -16.21 -4.23 0.48
5 24 -13.02 -4.07 0.22 -13.01 -4.19 0.04 -9.84 -3.77 -0.12 -16.2 -4.3 0.28
5 24 -6.69 -3.07 0.04 -6.68 -3.04 0.27 -9.85 -3.56 0.49 -3.85 -2.52 0
5 24 -6.68 -3.04 0.27 -9.85 -3.56 0.49 -9.85 -3.58 0.28 -6.66 -3.07 0.49
5 24 -9.85 -3.56 0.49 -9.85 -3.58 0.28 -6.69 -3.07 0.04 -13.01 -3.97 0.65
5 24 -9.85 -3.56 0.49 -13.01 -3.97 0.65 -13.02 -4 0.43 -9.82 -3.58 0.71
5 24 -13.01 -3.97 0.65 -13.02 -4 0.43 -9.85 -3.58 0.28 -16.21 -4.2 0.71
5 24 -6.69 -3.07 0.04 -3.85 -2.52 0 -6.68 -3.04 0.27 -3.83 -2.57 -0.2
5 24 -3.85 -2.52 0 -6.68 -3.04 0.27 -6.69 -3.07 0.04 -6.66 -3.07 0.49
5 24 -16.2 -4.3 0.28 -19.4 -4.28 0.21 -19.38 -4.4 0.02 -16.21 -4.23 0.48
5 24 -19.4 -4.28 0.21 -19.38 -4.4 0.02 -16.2 -4.42 0.09 -22.56 -3.95 0
5 24 -16.2 -4.42 0.09 -16.2 -4.3 0.28 -19.4 -4.28 0.21 -13.01 -4.19 0.04
5 24 -16.2 -4.3 0.28 -16.21 -4.23 0.48 -19.4 -4.21 0.42 -13.02 -4.07 0.22
5 24 -16.21 -4.23 0.48 -19.4 -4.21 0.42 -19.4 -4.28 0.21 -16.21 -4.2 0.71
5 24 -19.4 -4.21 0.42 -19.4 -4.28 0.21 -16.2 -4.3 0.28 -22.57 -3.88 0.21
5 24 -16.2 -4.3 0.28 -13.02 -4.07 0.22 -13.02 -4 0.43 -16.2 -4.42 0.09
5 24 -13.02 -4 0.43 -16.21 -4.23 0.48 -16.2 -4.3 0.28 -13.01 -3.97 0.65
5 24 -22.56 -3.95 0 -19.4 -4.28 0.21 -19.4 -4.21 0.42 -22.57 -4.07 -0.19
5 24 -19.4 -4.21 0.42 -22.57 -3.88 0.21 -22.56 -3.95 0 -19.41 -4.18 0.64
5 24 -22.57 -3.88 0.21 -22.56 -3.95 0 -19.4 -4.28 0.21 -25.67 -3.21 -0.16
5 24 -22.56 -3.95 0 -22.57 -4.07 -0.19 -19.38 -4.4 0.02 -25.66 -3.28 -0.37
5 24 -16.21 -4.23 0.48 -16.21 -4.2 0.71 -19.41 -4.18 0.64 -13.02 -4 0.43
5 24 -16.21 -4.2 0.71 -19.41 -4.18 0.64 -19.4 -4.21 0.42 -16.21 -4.23 0.92
5 24 -19.41 -4.18 0.64 -19.4 -4.21 0.42 -16.21 -4.23 0.48 -22.59 -3.85 0.42
5 24 -19.41 -4.18 0.64 -22.59 -3.85 0.42 -22.57 -3.88 0.21 -19.42 -4.21 0.85
5 24 -22.59 -3.85 0.42 -22.57 -3.88 0.21 -19.4 -4.21 0.42 -25.68 -3.18 0.06
5 24 -13.01 -3.97 0.65 -16.21 -4.2 0.71 -16.21 -4.23 0.48 -13.01 -3.99 0.87
5 24 -6.68 -3.04 0.27 -6.66 -3.07 0.49 -9.82 -3.58 0.71 -3.85 -2.52 0
5 24 -6.66 -3.07 0.49 -9.82 -3.58 0.71 -9.85 -3.56 0.49 -6.63 -3.13 0.7
5 24 -9.82 -3.58 0.71 -9.85 -3.56 0.49 -6.68 -3.04 0.27 -13.01 -3.99 0.87
5 24 -6.66 -3.07 0.49 -6.63 -3.13 0.7 -9.8 -3.65 0.92 -3.79 -2.56 0.24
5 24 -6.63 -3.13 0.7 -9.8 -3.65 0.92 -9.82 -3.58 0.71 -6.59 -3.25 0.88
5 24 -9.8 -3.65 0.92 -9.82 -3.58 0.71 -6.66 -3.07 0.49 -12.99 -4.06 1.08
5 24 -6.66 -3.07 0.49 -3.79 -2.56 0.24 -3.74 -2.63 0.45 -3.85 -2.52 0
5 24 -3.74 -2.63 0.45 -6.63 -3.13 0.7 -6.66 -3.07 0.49 -3.69 -2.74 0.63
5 24 -13.01 -3.99 0.87 -9.82 -3.58 0.71 -9.8 -3.65 0.92 -13.01 -3.97 0.65
5 24 -9.8 -3.65 0.92 -12.99 -4.06 1.08 -13.01 -3.99 0.87 -9.77 -3.76 1.11
5 24 -12.99 -4.06 1.08 -13.01 -3.99 0.87 -9.82 -3.58 0.71 -16.2 -4.3 1.14
5 24 -13.01 -3.99 0.87 -13.01 -3.97 0.65 -9.85 -3.56 0.49 -16.21 -4.23 0.92
5 24 -6.63 -3.13 0.7 -6.59 -3.25 0.88 -9.77 -3.76 1.11 -3.74 -2.63 0.45
5 24 -9.77 -3.76 1.11 -9.8 -3.65 0.92 -6.63 -3.13 0.7 -12.96 -4.18 1.27
5 24 -12.96 -4.18 1.27 -12.99 -4.06 1.08 -9.8 -3.65 0.92 -16.2 -4.41 1.32
5 24 -16.21 -4.2 0.71 -16.21 -4.23 0.92 -19.42 -4.21 0.85 -13.01 -3.97 0.65
5 24 -16.21 -4.23 0.92 -19.42 -4.21 0.85 -19.41 -4.18 0.64 -16.2 -4.3 1.14
5 24 -19.42 -4.21 0.85 -19.41 -4.18 0.64 -16.21 -4.2 0.71 -22.61 -3.87 0.64
5 24 -16.21 -4.23 0.92 -16.2 -4.3 1.14 -19.43 -4.28 1.06 -13.01 -3.99 0.87
5 24 -16.2 -4.3 1.14 -19.43 -4.28 1.06 -19.42 -4.21 0.85 -16.2 -4.41 1.32
5 24 -19.43 -4.28 1.06 -19.42 -4.21 0.85 -16.21 -4.23 0.92 -22.64 -3.94 0.84
5 24 -16.21 -4.23 0.92 -13.01 -3.99 0.87 -12.99 -4.06 1.08 -16.21 -4.2 0.71
5 24 -12.99 -4.06 1.08 -16.2 -4.3 1.14 -16.21 -4.23 0.92 -12.96 -4.18 1.27
5 24 -22.61 -3.87 0.64 -19.42 -4.21 0.85 -19.43 -4.28 1.06 -22.59 -3.85 0.42
5 24 -19.43 -4.28 1.06 -22.64 -3.94 0.84 -22.61 -3.87 0.64 -19.45 -4.39 1.25
5 24 -22.64 -3.94 0.84 -22.61 -3.87 0.64 -19.42 -4.21 0.85 -25.78 -3.26 0.47
5 24 -22.61 -3.87 0.64 -22.59 -3.85 0.42 -19.41 -4.18 0.64 -25.73 -3.2 0.27
5 24 -16.2 -4.3 1.14 -16.2 -4.41 1.32 -19.45 -4.39 1.25 -12.99 -4.06 1.08
5 24 -19.45 -4.39 1.25 -19.43 -4.28 1.06 -16.2 -4.3 1.14 -22.68 -4.05 1.03
5 24 -22.68 -4.05 1.03 -22.64 -3.94 0.84 -19.43 -4.28 1.06 -25.83 -3.37 0.66
5 24 -3.85 -2.52 0 -6.66 -3.07 0.49 -6.68 -3.04 0.27 -3.79 -2.56 0.24
5 24 -25.66 -3.28 -0.37 -28.66 -2.29 -0.86 -28.68 -2.4 -1.05 -25.67 -3.21 -0.16
5 24 -28.66 -2.29 -0.86 -28.68 -2.4 -1.05 -25.67 -3.39 -0.55 -31.55 -1.01 -1.39
5 24 -25.67 -3.39 -0.55 -25.66 -3.28 -0.37 -28.66 -2.29 -0.86 -22.57 -4.07 -0.19
5 24 -25.66 -3.28 -0.37 -25.67 -3.21 -0.16 -28.68 -2.21 -0.64 -22.56 -3.95 0
5 24 -25.67 -3.21 -0.16 -28.68 -2.21 -0.64 -28.66 -2.29 -0.86 -25.68 -3.18 0.06
5 24 -28.68 -2.21 -0.64 -28.66 -2.29 -0.86 -25.66 -3.28 -0.37 -31.56 -0.94 -1.18
5 24 -25.66 -3.28 -0.37 -22.56 -3.95 0 -22.57 -3.88 0.21 -25.67 -3.39 -0.55
5 24 -22.57 -3.88 0.21 -25.67 -3.21 -0.16 -25.66 -3.28 -0.37 -22.59 -3.85 0.42
5 24 -28.68 -2.21 -0.64 -31.56 -0.94 -1.18 -31.55 -1.01 -1.39 -28.7 -2.18 -0.42
5 24 -31.56 -0.94 -1.18 -31.55 -1.01 -1.39 -28.66 -2.29 -0.86 -34.34 0.55 -1.75
5 24 -31.55 -1.01 -1.39 -28.66 -2.29 -0.86 -28.68 -2.21 -0.64 -31.57 -1.12 -1.58
5 24 -31.55 -1.01 -1.39 -31.57 -1.12 -1.58 -28.68 -2.4 -1.05 -34.34 0.48 -1.97
5 24 -25.67 -3.21 -0.16 -25.68 -3.18 0.06 -28.7 -2.18 -0.42 -22.57 -3.88 0.21
5 24 -25.68 -3.18 0.06 -28.7 -2.18 -0.42 -28.68 -2.21 -0.64 -25.73 -3.2 0.27
5 24 -28.7 -2.18 -0.42 -28.68 -2.21 -0.64 -25.67 -3.21 -0.16 -31.59 -0.91 -0.97
5 24 -28.7 -2.18 -0.42 -31.59 -0.91 -0.97 -31.56 -0.94 -1.18 -28.74 -2.2 -0.21
5 24 -31.59 -0.91 -0.97 -31.56 -0.94 -1.18 -28.68 -2.21 -0.64 -34.37 0.58 -1.53
5 24 -22.59 -3.85 0.42 -25.68 -3.18 0.06 -25.67 -3.21 -0.16 -22.61 -3.87 0.64
5 24 -34.36 0.37 -2.16 -34.34 0.48 -1.97 -36.83 1.94 -2.46 -31.57 -1.12 -1.58
5 24 -34.34 0.48 -1.97 -36.83 1.94 -2.46 -36.78 1.8 -2.64 -34.34 0.55 -1.75
5 24 -34.34 0.48 -1.97 -34.34 0.55 -1.75 -36.87 2.04 -2.26 -31.55 -1.01 -1.39
5 24 -34.34 0.55 -1.75 -36.87 2.04 -2.26 -36.83 1.94 -2.46 -34.37 0.58 -1.53
5 24 -34.34 0.48 -1.97 -31.55 -1.01 -1.39 -31.56 -0.94 -1.18 -34.36 0.37 -2.16
5 24 -31.56 -0.94 -1.18 -34.34 0.55 -1.75 -34.34 0.48 -1.97 -31.59 -0.91 -0.97
5 24 -34.34 0.55 -1.75 -34.37 0.58 -1.53 -36.91 2.07 -2.06 -31.56 -0.94 -1.18
5 24 -34.37 0.58 -1.53 -36.91 2.07 -2.06 -36.87 2.04 -2.26 -34.42 0.57 -1.32
5 24 -31.59 -0.91 -0.97 -34.37 0.58 -1.53 -34.34 0.55 -1.75 -31.64 -0.92 -0.75
5 24 -25.68 -3.18 0.06 -25.73 -3.2 0.27 -28.74 -2.2 -0.21 -22.59 -3.85 0.42
5 24 -25.73 -3.2 0.27 -28.74 -2.2 -0.21 -28.7 -2.18 -0.42 -25.78 -3.26 0.47
5 24 -28.74 -2.2 -0.21 -28.7 -2.18 -0.42 -25.68 -3.18 0.06 -31.64 -0.92 -0.75
5 24 -25.73 -3.2 0.27 -25.78 -3.26 0.47 -28.81 -2.26 0 -22.61 -3.87 0.64
5 24 -25.78 -3.26 0.47 -28.81 -2.26 0 -28.74 -2.2 -0.21 -25.83 -3.37 0.66
5 24 -28.81 -2.26 0 -28.74 -2.2 -0.21 -25.73 -3.2 0.27 -31.71 -0.98 -0.55
5 24 -25.73 -3.2 0.27 -22.61 -3.87 0.64 -22.64 -3.94 0.84 -25.68 -3.18 0.06
5 24 -22.64 -3.94 0.84 -25.78 -3.26 0.47 -25.73 -3.2 0.27 -22.68 -4.05 1.03
5 24 -31.64 -0.92 -0.75 -28.74 -2.2 -0.21 -28.81 -2.26 0 -31.59 -0.91 -0.97
5 24 -28.81 -2.26 0 -31.71 -0.98 -0.55 -31.64 -0.92 -0.75 -28.88 -2.37 0.18
5 24 -31.71 -0.98 -0.55 -31.64 -0.92 -0.75 -28.74 -2.2 -0.21 -34.49 0.51 -1.12
5 24 -31.64 -0.92 -0.75 -31.59 -0.91 -0.97 -28.7 -2.18 -0.42 -34.42 0.57 -1.32
5 24 -25.78 -3.26 0.47 -25.83 -3.37 0.66 -28.88 -2.37 0.18 -22.64 -3.94 0.84
5 24 -28.88 -2.37 0.18 -28.81 -2.26 0 -25.78 -3.26 0.47 -31.79 -1.08 -0.37
5 24 -31.79 -1.08 -0.37 -31.71 -0.98 -0.55 -28.81 -2.26 0 -34.58 0.42 -0.93
5 24 -34.37 0.58 -1.53 -34.42 0.57 -1.32 -36.94 2.04 -1.84 -31.59 -0.91 -0.97
5 24 -34.42 0.57 -1.32 -36.94 2.04 -1.84 -36.91 2.07 -2.06 -34.49 0.51 -1.12
5 24 -34.42 0.57 -1.32 -34.49 0.51 -1.12 -36.95 1.95 -1.63 -31.64 -0.92 -0.75
5 24 -34.49 0.51 -1.12 -36.95 1.95 -1.63 -36.94 2.04 -1.84 -34.58 0.42 -0.93
5 24 -34.42 0.57 -1.32 -31.64 -0.92 -0.75 -31.71 -0.98 -0.55 -34.37 0.58 -1.53
5 24 -31.71 -0.98 -0.55 -34.49 0.51 -1.12 -34.42 0.57 -1.32 -31.79 -1.08 -0.37
5 24 -34.49 0.51 -1.12 -34.58 0.42 -0.93 -36.95 1.81 -1.44 -31.71 -0.98 -0.55
5 24 -3.21 -2.15 -1.75 -3.15 -3.32 -1.85 -3.16 -1.96 -1.84 -3.28 -2.27 -1.63
5 24 -3.15 -3.32 -1.85 -3.16 -1.96 -1.84 -3.21 -2.15 -1.75 -2.5 -3.4 -3.29
5 24 -36.83 1.94 -2.46 -36.22 3.01 -3.73 -36.78 1.8 -2.64 -36.87 2.04 -2.26
5 24 -36.22 3.01 -3.73 -36.78 1.8 -2.64 -36.83 1.94 -2.46 -36.72 1.56 -2.86
5 24 -36.22 3.01 -3.73 -36.72 1.56 -2.86 -36.78 1.8 -2.64 -36.55 1.14 -3.24
5 24 -36.22 3.01 -3.73 -36.55 1.14 -3.24 -36.72 1.56 -2.86 -36.22 0.76 -3.73
5 24 -36.22 3.01 -3.73 -36.22 0.76 -3.73 -36.55 1.14 -3.24 -35.28 2.34 -4.63
5 24 -35.28 2.34 -4.63 -35.28 0.09 -4.63 -36.22 0.76 -3.73 -33.55 1.3 -6.05
5 24 -33.55 1.3 -6.05 -33.55 -0.95 -6.05 -35.28 0.09 -4.63 -31.67 0.38 -7.75
5 24 -31.67 0.38 -7.75 -31.67 -1.87 -7.75 -33.55 -0.95 -6.05 -29.64 -0.33 -9.88
5 24 -29.64 -0.33 -9.88 -29.64 -2.58 -9.88 -31.67 -1.87 -7.75 -27.62 -0.75 -12.03
5 24 -27.62 -0.75 -12.03 -27.62 -3 -12.03 -29.64 -2.58 -9.88 -25.52 -1 -13.97
5 24 -25.52 -1 -13.97 -25.52 -3.25 -13.97 -27.62 -3 -12.03 -21.83 -1.27 -16.24
5 24 -21.83 -1.27 -16.24 -21.83 -3.52 -16.24 -25.52 -3.25 -13.97 -18.55 -1.3 -17.36
5 24 -18.55 -1.3 -17.36 -18.55 -3.55 -17.36 -21.83 -3.52 -16.24 -15.33 -1.12 -17.78
5 24 -15.33 -1.12 -17.78 -15.33 -3.37 -17.78 -18.55 -3.55 -17.36 -12.06 -0.88 -17.5
5 24 -12.06 -0.88 -17.5 -12.06 -3.13 -17.5 -15.33 -3.37 -17.78 -8.63 -0.73 -16.31
5 24 -8.63 -0.73 -16.31 -8.63 -2.98 -16.31 -12.06 -3.13 -17.5 -5.09 -0.82 -13.6
5 24 -36.87 2.04 -2.26 -36.22 3.01 -3.73 -36.83 1.94 -2.46 -36.55 3.39 -3.24
5 24 -36.87 2.04 -2.26 -36.55 3.39 -3.24 -36.22 3.01 -3.73 -36.91 2.07 -2.06
5 24 -36.91 2.07 -2.06 -36.55 3.39 -3.24 -36.87 2.04 -2.26 -36.72 3.81 -2.86
5 24 -36.91 2.07 -2.06 -36.72 3.81 -2.86 -36.55 3.39 -3.24 -36.78 4.05 -2.64
5 24 -36.91 2.07 -2.06 -36.78 4.05 -2.64 -36.72 3.81 -2.86 -36.83 4.19 -2.46
5 24 -36.91 2.07 -2.06 -36.83 4.19 -2.46 -36.78 4.05 -2.64 -36.87 4.29 -2.26
5 24 -36.91 2.07 -2.06 -36.87 4.29 -2.26 -36.83 4.19 -2.46 -36.91 4.32 -2.06
5 24 -36.91 2.07 -2.06 -36.91 4.32 -2.06 -36.87 4.29 -2.26 -36.94 4.29 -1.84
5 24 -3.15 -3.32 -1.85 -3.44 -2.42 -1.3 -3.62 -2.47 -0.93 -3.28 -2.27 -1.63
5 24 -3.62 -2.47 -0.93 -3.15 -3.32 -1.85 -3.44 -2.42 -1.3 -3.75 -2.75 -0.59
5 24 -3.62 -2.47 -0.93 -3.75 -2.75 -0.59 -3.15 -3.32 -1.85 -3.78 -2.5 -0.49
5 24 -3.78 -2.5 -0.49 -3.75 -2.75 -0.59 -3.62 -2.47 -0.93 -3.8 -2.64 -0.4
5 24 -3.78 -2.5 -0.49 -3.8 -2.64 -0.4 -3.75 -2.75 -0.59 -3.83 -2.57 -0.2
5 24 -3.15 -3.32 -1.85 -3.28 -2.27 -1.63 -3.44 -2.42 -1.3 -3.21 -2.15 -1.75
5 24 -2.5 -3.4 -3.29 -3.16 -1.96 -1.84 -3.15 -3.32 -1.85 -3.13 -1.55 -1.87
5 24 -2.5 -3.4 -3.29 -3.13 -1.55 -1.87 -3.16 -1.96 -1.84 -2.48 -1.15 -3.32
5 24 -2.5 -3.4 -3.29 -2.48 -1.15 -3.32 -3.16 -1.11 -1.84 -2.06 -3.41 -4.6
5 24 -2.06 -3.41 -4.6 -2.06 -1.16 -4.6 -2.48 -1.15 -3.32 -1.83 -3.41 -5.9
5 24 -1.83 -3.41 -5.9 -1.83 -1.16 -5.9 -2.06 -1.16 -4.6 -1.81 -3.39 -7.25
5 24 -1.81 -3.39 -7.25 -1.81 -1.14 -7.25 -1.83 -1.16 -5.9 -2.08 -3.32 -8.84
5 24 -2.08 -3.32 -8.84 -2.08 -1.07 -8.84 -1.81 -1.14 -7.25 -3.13 -3.19 -11.18
5 24 -3.13 -3.19 -11.18 -3.13 -0.94 -11.18 -2.08 -1.07 -8.84 -4.1 -3.13 -12.48
5 24 -4.1 -3.13 -12.48 -4.1 -0.88 -12.48 -3.13 -0.94 -11.18 -5.09 -3.07 -13.6
5 24 -5.09 -3.07 -13.6 -5.09 -0.82 -13.6 -4.1 -0.88 -12.48 -8.63 -2.98 -16.31
5 24 -3.78 -2.5 -0.49 -3.83 -2.57 -0.2 -3.8 -2.64 -0.4 -3.85 -2.52 0
5 24 -3.23 -1.97 1.84 -2.31 -1.24 4.6 -3.33 -2.27 1.63 -3.22 -1.56 1.87
5 24 -2.31 -1.24 4.6 -3.33 -2.27 1.63 -3.23 -1.97 1.84 -3.24 -3.35 1.81
5 24 -3.24 -3.35 1.81 -3.45 -2.42 1.31 -3.33 -2.27 1.63 -3.69 -2.74 0.63
5 24 -3.33 -2.27 1.63 -3.24 -3.35 1.81 -3.45 -2.42 1.31 -2.31 -1.24 4.6
5 24 -3.69 -2.74 0.63 -3.59 -2.48 0.93 -3.45 -2.42 1.31 -3.74 -2.63 0.45
5 24 -3.22 -1.56 1.87 -2.31 -1.24 4.6 -3.23 -1.97 1.84 -2.7 -1.2 3.22
5 24 -3.22 -1.56 1.87 -2.7 -1.2 3.22 -2.31 -1.24 4.6 -3.24 -1.1 1.81
5 24 -3.74 -2.63 0.45 -3.59 -2.48 0.93 -3.69 -2.74 0.63 -3.73 -2.5 0.5
5 24 -3.74 -2.63 0.45 -3.73 -2.5 0.5 -3.59 -2.48 0.93 -3.79 -2.56 0.24
5 24 -2.31 -1.24 4.6 -3.24 -3.35 1.81 -3.33 -2.27 1.63 -2.7 -3.45 3.22
5 24 -2.31 -1.24 4.6 -2.7 -3.45 3.22 -3.24 -3.35 1.81 -2.31 -3.49 4.6
5 24 -2.31 -1.24 4.6 -2.31 -3.49 4.6 -2.7 -3.45 3.22 -2.09 -1.23 5.96
5 24 -2.09 -1.23 5.96 -2.09 -3.48 5.96 -2.31 -3.49 4.6 -2.02 -1.19 7.36
5 24 -2.02 -1.19 7.36 -2.02 -3.44 7.36 -2.09 -3.48 5.96 -2.19 -1.1 8.87
5 24 -2.19 -1.1 8.87 -2.19 -3.35 8.87 -2.02 -3.44 7.36 -2.84 -0.99 10.66
5 24 -2.84 -0.99 10.66 -2.84 -3.24 10.66 -2.19 -3.35 8.87 -4.21 -0.95 12.41
5 24 -4.21 -0.95 12.41 -4.21 -3.2 12.41 -2.84 -3.24 10.66 -5.03 -1 13
5 24 -5.03 -1 13 -5.03 -3.25 13 -4.21 -3.2 12.41 -8.31 -1.25 14.76
5 24 -8.31 -1.25 14.76 -8.31 -3.5 14.76 -5.03 -3.25 13 -11.71 -1.56 15.64
5 24 -11.71 -1.56 15.64 -11.71 -3.81 15.64 -8.31 -3.5 14.76 -15.21 -1.87 15.74
5 24 -15.21 -1.87 15.74 -15.21 -4.12 15.74 -11.71 -3.81 15.64 -18.68 -2.08 15.14
5 24 -18.68 -2.08 15.14 -18.68 -4.33 15.14 -15.21 -4.12 15.74 -22.07 -2.11 13.91
5 24 -22.07 -2.11 13.91 -22.07 -4.36 13.91 -18.68 -4.33 15.14 -25.33 -1.84 12.2
5 24 -3.79 -2.56 0.24 -3.73 -2.5 0.5 -3.74 -2.63 0.45 -3.85 -2.52 0
5 24 -36.95 1.81 -1.44 -36.75 3.14 -0.3 -36.95 1.95 -1.63 -36.95 1.61 -1.22
5 24 -36.75 3.14 -0.3 -36.95 1.95 -1.63 -36.95 1.81 -1.44 -36.94 2.04 -1.84
5 24 -36.95 1.61 -1.22 -36.75 3.14 -0.3 -36.95 1.81 -1.44 -36.89 1.24 -0.83
5 24 -36.89 1.24 -0.83 -36.75 3.14 -0.3 -36.95 1.61 -1.22 -36.43 2.74 0.42
5 24 -36.89 1.24 -0.83 -36.43 2.74 0.42 -36.75 3.14 -0.3 -36.75 0.89 -0.3
5 24 -36.75 0.89 -0.3 -36.43 2.74 0.42 -36.89 1.24 -0.83 -36.43 0.49 0.42
5 24 -36.43 0.49 0.42 -36.43 2.74 0.42 -36.75 0.89 -0.3 -35.61 2 1.92
5 24 -36.43 0.49 0.42 -35.61 2 1.92 -36.43 2.74 0.42 -35.16 1.66 2.66
5 24 -36.43 0.49 0.42 -35.16 1.66 2.66 -35.61 2 1.92 -35.61 -0.25 1.92
5 24 -35.61 -0.25 1.92 -35.16 1.66 2.66 -36.43 0.49 0.42 -35.16 -0.59 2.66
5 24 -35.16 -0.59 2.66 -35.16 1.66 2.66 -35.61 -0.25 1.92 -33.57 -1.66 4.99
5 24 -33.57 -1.66 4.99 -33.56 0.58 5.01 -35.16 1.66 2.66 -31.19 -2.72 7.75
5 24 -31.19 -2.72 7.75 -31.19 -0.47 7.75 -33.56 0.58 5.01 -28.41 -3.51 10.14
5 24 -28.41 -3.51 10.14 -28.41 -1.26 10.14 -31.19 -0.47 7.75 -25.33 -4.09 12.2
5 24 -25.33 -4.09 12.2 -25.33 -1.84 12.2 -28.41 -1.26 10.14 -22.07 -4.36 13.91
5 24 -36.75 3.14 -0.3 -36.94 2.04 -1.84 -36.95 1.95 -1.63 -36.89 3.49 -0.83
5 24 -36.89 3.49 -0.83 -36.94 2.04 -1.84 -36.75 3.14 -0.3 -36.91 2.07 -2.06
5 24 -36.89 3.49 -0.83 -36.91 2.07 -2.06 -36.94 2.04 -1.84 -36.95 3.86 -1.22
5 24 -36.95 3.86 -1.22 -36.91 2.07 -2.06 -36.89 3.49 -0.83 -36.95 4.06 -1.44
5 24 -36.95 4.06 -1.44 -36.91 2.07 -2.06 -36.95 3.86 -1.22 -36.95 4.2 -1.63
5 24 -36.95 4.2 -1.63 -36.91 2.07 -2.06 -36.95 4.06 -1.44 -36.94 4.29 -1.84
5 24 -36.94 4.29 -1.84 -36.91 2.07 -2.06 -36.95 4.2 -1.63 -36.91 4.32 -2.06
0 FILE parts/54200.dat
0 Slope Brick 31  1 x  1 x  0.667
0 Name: 54200.dat
0 Author: Orion Pobursky [OrionP]
0 !LDRAW_ORG Part UPDATE 2022-04
0 !LICENSE Licensed under CC BY 4.0 : see CAreadme.txt

0 BFC CERTIFY CCW

0 !KEYWORDS cheese

0 !HISTORY 2006-01-14 [cwdee] Rotated to match other slope bricks
0 !HISTORY 2009-09-03 [PTadmin] Official Update 2009-02
0 !HISTORY 2013-08-04 [cwdee] Description change
0 !HISTORY 2013-12-23 [PTadmin] Official Update 2013-02
0 !HISTORY 2014-11-21 [roland] Auto-corrected with libfix version of LDCad 1.4
0 !HISTORY 2015-10-11 [PTadmin] Official Update 2015-01
0 !HISTORY 2019-06-03 [Philo] Rounded corners and flattened top.
0 !HISTORY 2019-06-28 [PTadmin] Official Update 2019-01
0 !HISTORY 2021-05-21 [OrionP] Subfiled for patterns
0 !HISTORY 2022-05-07 [PTadmin] Official Update 2022-03
0 !HISTORY 2022-07-13 [Jaco] added keyword Cheese
0 !HISTORY 2022-07-18 [PTadmin] Official Update 2022-04


1 16 0 0 0 1 0 0 0 1 0 0 0 1 s\54200s01.dat

3 16 9.41 -15.01 8.35 8 -15.6 9.3333 10 -13.6 6
4 16 -8 -15.6 9.3333 -10 -13.6 6 10 -13.6 6 8 -15.6 9.3333
3 16 -8 -15.6 9.3333 -9.41 -15.01 8.35 -10 -13.6 6
4 16 -10 -4 -10 10 -4 -10 10 -13.6 6 -10 -13.6 6
0 FILE parts/s/54200s01.dat
0 ~Slope Brick 31  1 x  1 x  0.667 without Sloped Face
0 Name: s\54200s01.dat
0 Author: Orion Pobursky [OrionP]
0 !LDRAW_ORG Subpart UPDATE 2022-03
0 !LICENSE Licensed under CC BY 4.0 : see CAreadme.txt

0 BFC CERTIFY CCW

0 !HISTORY 2022-05-07 [PTadmin] Official Update 2022-03


2 24 10 -1 10 10 -1 -10
2 24 -10 -1 10 -10 -1 -10
1 16 0 -5.3 6 -6 0 0 0 0 5.3 0 1 0 rect.dat
1 16 0 -1.7 -6 0 0 -6 1.7 0 0 0 -1 0 rect.dat
1 16 0 -2.5 -10 -10 0 0 0 0 1.5 0 1 0 rect.dat
2 24 9 0 9 -9 0 9
2 24 9 0 -9 -9 0 -9
1 16 0 -1 0 0 0 9 0 1 0 -9 0 0 box4.dat
4 16 10 -1 -10 9 -1 -9 9 -1 9 10 -1 10
4 16 -10 -1 10 -9 -1 9 -9 -1 -9 -10 -1 -10
4 16 10 -1 10 9 -1 9 -9 -1 9 -10 -1 10
4 16 -10 -1 -10 -9 -1 -9 9 -1 -9 10 -1 -10
4 16 6 0 -6 6 0 6 9 0 9 9 0 -9
4 16 -6 0 6 -6 0 -6 -9 0 -9 -9 0 9
4 16 -6 0 -6 6 0 -6 9 0 -9 -9 0 -9
4 16 6 0 6 -6 0 6 -9 0 9 9 0 9
4 16 6 -10.6 6 6 0 6 6 0 -6 6 -3.4 -6
4 16 -6 -10.6 6 -6 -3.4 -6 -6 0 -6 -6 0 6
2 24 6 0 -6 6 0 6
2 24 -6 0 -6 -6 0 6
2 24 6 -3.4 -6 6 -10.6 6
2 24 -6 -3.4 -6 -6 -10.6 6
3 16 -3.1092 -4 -5 -2.2961 -4 -5.5434 -2.2961 -3.674 -5.5434
5 24 -2.2961 -4 -5.5434 -2.2961 -3.674 -5.5434 -3.1092 -4 -5 0 -4 -6
4 16 -2.2961 -4 -5.5434 0 -4 -6 0 -3.4 -6 -2.2961 -3.674 -5.5434
5 24 0 -4 -6 0 -3.4 -6 -2.2961 -4 -5.5434 2.2961 -4 -5.5434
4 16 0 -4 -6 2.2961 -4 -5.5434 2.2961 -3.674 -5.5434 0 -3.4 -6
5 24 2.2961 -4 -5.5434 2.2961 -3.674 -5.5434 0 -4 -6 3.1092 -4 -5
3 16 3.1092 -4 -5 2.2961 -3.674 -5.5434 2.2961 -4 -5.5434
2 24 -3.1092 -4 -5 -2.2961 -4 -5.5434
2 24 -2.2961 -4 -5.5434 0 -4 -6
2 24 2.2961 -4 -5.5434 0 -4 -6
2 24 3.1092 -4 -5 2.2961 -4 -5.5434
2 24 -3.1092 -4 -5 -2.2961 -3.674 -5.5434
2 24 -2.2961 -3.674 -5.5434 0 -3.4 -6
2 24 2.2961 -3.674 -5.5434 0 -3.4 -6
2 24 3.1092 -4 -5 2.2961 -3.674 -5.5434
2 24 -3.1092 -4 -5 3.1092 -4 -5
3 16 -3.1092 -4 -5 -2.2961 -3.674 -5.5434 -6 -3.4 -6
3 16 -6 -3.4 -6 -2.2961 -3.674 -5.5434 0 -3.4 -6
3 16 3.1092 -4 -5 6 -3.4 -6 2.2961 -3.674 -5.5434
3 16 6 -3.4 -6 0 -3.4 -6 2.2961 -3.674 -5.5434
2 24 9.41 -15.01 8.35 10 -13.6 6
2 24 9.41 -15.01 10 10 -13.6 10
2 24 8 -15.6 9.3333 9.41 -15.01 8.35
2 24 9.41 -15.01 10 8 -15.6 10
2 24 -9.41 -15.01 8.35 -10 -13.6 6
2 24 -9.41 -15.01 10 -10 -13.6 10
2 24 -8 -15.6 9.3333 -9.41 -15.01 8.35
2 24 -9.41 -15.01 10 -8 -15.6 10
4 16 8 -15.6 10 8 -15.6 9.3333 9.41 -15.01 8.35 9.41 -15.01 10
4 16 9.41 -15.01 10 9.41 -15.01 8.35 10 -13.6 6 10 -13.6 10
4 16 10 -1 10 10 -13.6 10 10 -13.6 6 10 -4 -10
3 16 10 -4 -10 10 -1 -10 10 -1 10
3 16 8 -15.6 10 9.41 -15.01 10 10 -13.6 10
4 16 -9.41 -15.01 8.35 -8 -15.6 9.3333 -8 -15.6 10 -9.41 -15.01 10
4 16 -10 -13.6 6 -9.41 -15.01 8.35 -9.41 -15.01 10 -10 -13.6 10
4 16 -10 -13.6 6 -10 -13.6 10 -10 -1 10 -10 -4 -10
3 16 -10 -1 -10 -10 -4 -10 -10 -1 10
3 16 -9.41 -15.01 10 -8 -15.6 10 -10 -13.6 10
2 24 -8 -15.6 10 8 -15.6 10
2 24 -8 -15.6 9.3333 8 -15.6 9.3333
4 16 -8 -15.6 10 -8 -15.6 9.3333 8 -15.6 9.3333 8 -15.6 10
4 16 -10 -13.6 10 -8 -15.6 10 8 -15.6 10 10 -13.6 10
1 16 0 -7.3 10 10 0 0 0 0 6.3 0 -1 0 rect3.dat
5 24 -9.41 -15.01 10 -9.41 -15.01 8.35 -8 -15.6 9.3333 -10 -13.6 10
5 24 9.41 -15.01 8.35 9.41 -15.01 10 8 -15.6 10 10 -13.6 6
5 24 -10 -13.6 6 -10 -13.6 10 -9.41 -15.01 8.35 -10 -1 10
5 24 10 -13.6 10 10 -13.6 6 9.41 -15.01 10 10 -4 -10
5 24 8 -15.6 9.3333 8 -15.6 10 9.41 -15.01 8.35 -8 -15.6 10
5 24 -8 -15.6 9.3333 -8 -15.6 10 -9.41 -15.01 10 8 -15.6 9.3333
3 16 0 -4 -6 -2.2961 -4 -5.5434 2.2961 -4 -5.5434
4 16 -3.1092 -4 -5 3.1092 -4 -5 2.2961 -4 -5.5434 -2.2961 -4 -5.5434
3 16 -3.1092 -4 -5 -6 -3.4 -6 -6 -10.6 6
3 16 6 -3.4 -6 3.1092 -4 -5 6 -10.6 6
4 16 -3.1092 -4 -5 -6 -10.6 6 6 -10.6 6 3.1092 -4 -5
2 24 -10 -13.6 6 -10 -4 -10
2 24 10 -4 -10 10 -13.6 6
0 FILE parts/85984.dat
0 Slope Brick 31  1 x  2 x  0.667
0 Name: 85984.dat
0 Author: Magnus Forsberg [MagFors]
0 !LDRAW_ORG Part UPDATE 2020-02
0 !LICENSE Licensed under CC BY 4.0 : see CAreadme.txt

0 BFC CERTIFY CCW

0 !HISTORY 2010-04-05 [PTadmin] Official Update 2010-01
0 !HISTORY 2014-11-21 [roland] Auto-corrected with libfix version of LDCad 1.4
0 !HISTORY 2015-10-11 [PTadmin] Official Update 2015-01
0 !HISTORY 2016-11-03 [MagFors] Made subfile
0 !HISTORY 2016-12-31 [PTadmin] Official Update 2016-01
0 !HISTORY 2019-06-06 [Philo] Rounded corners and flattened top.
0 !HISTORY 2020-09-05 [PTadmin] Official Update 2020-02


1 16 0 0 0 1 0 0 0 1 0 0 0 1 s\85984s01.dat
3 16 19.41 -15.01 8.35 18 -15.6 9.3333 20 -13.6 6
3 16 -18 -15.6 9.3333 -19.41 -15.01 8.35 -20 -13.6 6
4 16 -18 -15.6 9.3333 -20 -13.6 6 20 -13.6 6 18 -15.6 9.3333
4 16 -20 -4 -10 20 -4 -10 20 -13.6 6 -20 -13.6 6
0 FILE parts/s/85984s01.dat
0 ~Slope Brick 31  1 x  2 x  0.667 without Top Surface
0 Name: s\85984s01.dat
0 Author: Magnus Forsberg [MagFors]
0 !LDRAW_ORG Subpart UPDATE 2020-02
0 !LICENSE Licensed under CC BY 4.0 : see CAreadme.txt

0 BFC CERTIFY CCW

0 !HISTORY 2016-12-31 [PTadmin] Official Update 2016-01
0 !HISTORY 2019-06-06 [Philo] Rounded corners and flattened top.
0 !HISTORY 2020-09-05 [PTadmin] Official Update 2020-02


2 24 -13.109 -4 -5 -12.296 -4 -5.543
2 24 -12.296 -4 -5.543 -10 -4 -6
2 24 -7.704 -4 -5.543 -10 -4 -6
2 24 -6.891 -4 -5 -7.704 -4 -5.543
2 24 -13.109 -4 -5 -12.296 -3.674 -5.543
2 24 -12.296 -3.674 -5.543 -10 -3.4 -6
2 24 -7.704 -3.674 -5.543 -10 -3.4 -6
2 24 -6.891 -4 -5 -7.704 -3.674 -5.543
2 24 -13.109 -4 -5 -6.891 -4 -5
3 16 -12.296 -3.674 -5.543 -13.109 -4 -5 -12.296 -4 -5.543
4 16 -12.296 -4 -5.543 -10 -4 -6 -10 -3.4 -6 -12.296 -3.674 -5.543
5 24 -10 -4 -6 -10 -3.4 -6 -12.296 -4 -5.543 -7.704 -4 -5.543
5 24 -12.296 -4 -5.543 -12.296 -3.674 -5.543 -13.109 -4 -5 -10 -4 -6
5 24 -7.704 -4 -5.543 -7.704 -3.674 -5.543 -10 -4 -6 -6.891 -4 -5
4 16 -10 -4 -6 -7.704 -4 -5.543 -7.704 -3.674 -5.543 -10 -3.4 -6
3 16 -7.704 -4 -5.543 -6.891 -4 -5 -7.704 -3.674 -5.543
4 16 -12.296 -4 -5.543 -13.109 -4 -5 -6.891 -4 -5 -7.704 -4 -5.543
3 16 -12.296 -4 -5.543 -7.704 -4 -5.543 -10 -4 -6
2 24 6.891 -4 -5 7.704 -4 -5.543
2 24 7.704 -4 -5.543 10 -4 -6
2 24 12.296 -4 -5.543 10 -4 -6
2 24 13.109 -4 -5 12.296 -4 -5.543
2 24 6.891 -4 -5 7.704 -3.674 -5.543
2 24 7.704 -3.674 -5.543 10 -3.4 -6
2 24 12.296 -3.674 -5.543 10 -3.4 -6
2 24 13.109 -4 -5 12.296 -3.674 -5.543
2 24 6.891 -4 -5 13.109 -4 -5
3 16 7.704 -3.674 -5.543 6.891 -4 -5 7.704 -4 -5.543
4 16 7.704 -4 -5.543 10 -4 -6 10 -3.4 -6 7.704 -3.674 -5.543
5 24 10 -4 -6 10 -3.4 -6 7.704 -4 -5.543 12.296 -4 -5.543
5 24 7.704 -4 -5.543 7.704 -3.674 -5.543 6.891 -4 -5 10 -4 -6
5 24 12.296 -4 -5.543 12.296 -3.674 -5.543 10 -4 -6 13.109 -4 -5
4 16 10 -4 -6 12.296 -4 -5.543 12.296 -3.674 -5.543 10 -3.4 -6
3 16 12.296 -4 -5.543 13.109 -4 -5 12.296 -3.674 -5.543
4 16 7.704 -4 -5.543 6.891 -4 -5 13.109 -4 -5 12.296 -4 -5.543
3 16 10 -4 -6 7.704 -4 -5.543 12.296 -4 -5.543
3 16 -13.109 -4 -5 -12.296 -3.674 -5.543 -16 -3.4 -6
3 16 -10 -3.4 -6 -16 -3.4 -6 -12.296 -3.674 -5.543
4 16 6.891 -4 -5 7.704 -3.674 -5.543 -7.704 -3.674 -5.543 -6.891 -4 -5
4 16 7.704 -3.674 -5.543 10 -3.4 -6 -10 -3.4 -6 -7.704 -3.674 -5.543
3 16 12.296 -3.674 -5.543 16 -3.4 -6 10 -3.4 -6
3 16 13.109 -4 -5 16 -3.4 -6 12.296 -3.674 -5.543
3 16 -13.109 -4 -5 -16 -3.4 -6 -16 -10.6 6
3 16 -6.891 -4 -5 -13.109 -4 -5 -16 -10.6 6
4 16 16 -10.6 6 6.891 -4 -5 -6.891 -4 -5 -16 -10.6 6
3 16 16 -10.6 6 16 -3.4 -6 13.109 -4 -5
3 16 16 -10.6 6 13.109 -4 -5 6.891 -4 -5
2 24 16 0 -6 16 0 6
2 24 -16 0 -6 -16 0 6
2 24 16 -3.4 -6 16 -10.6 6
2 24 -16 -3.4 -6 -16 -10.6 6
1 16 0 -5.3 6 -16 0 0 0 0 5.3 0 1 0 rect.dat
1 16 0 -1.7 -6 0 0 -16 1.7 0 0 0 -1 0 rect.dat
4 16 16 -10.6 6 16 0 6 16 0 -6 16 -3.4 -6
4 16 -16 -10.6 6 -16 -3.4 -6 -16 0 -6 -16 0 6
1 16 0 -1 0 0 0 19 0 1 0 -9 0 0 box4.dat
4 16 16 0 -6 16 0 6 19 0 9 19 0 -9
4 16 -16 0 6 -16 0 -6 -19 0 -9 -19 0 9
4 16 -16 0 -6 16 0 -6 19 0 -9 -19 0 -9
4 16 16 0 6 -16 0 6 -19 0 9 19 0 9
4 16 -20 -1 -10 -19 -1 -9 19 -1 -9 20 -1 -10
1 16 0 -2.5 -10 -20 0 0 0 0 1.5 0 1 0 rect.dat
1 16 0 -7 0 0 0 -4 2.4 -1 0 -4 0 0 4-4edge.dat
1 16 0 -4.6 0 0 0 -4 0 -2.4 0 -4 0 0 4-4cyls.dat
1 16 0 -4.6 0 1 0 0 0 -1.15 0 0 0 1 stud3a.dat
2 24 20 -1 10 20 -1 -10
2 24 -20 -1 10 -20 -1 -10
2 24 19.41 -15.01 8.35 20 -13.6 6
2 24 19.41 -15.01 10 20 -13.6 10
2 24 18 -15.6 9.3333 19.41 -15.01 8.35
2 24 19.41 -15.01 10 18 -15.6 10
2 24 -19.41 -15.01 8.35 -20 -13.6 6
2 24 -19.41 -15.01 10 -20 -13.6 10
2 24 -18 -15.6 9.3333 -19.41 -15.01 8.35
2 24 -19.41 -15.01 10 -18 -15.6 10
4 16 18 -15.6 10 18 -15.6 9.3333 19.41 -15.01 8.35 19.41 -15.01 10
4 16 19.41 -15.01 10 19.41 -15.01 8.35 20 -13.6 6 20 -13.6 10
4 16 20 -1 10 20 -13.6 10 20 -13.6 6 20 -4 -10
3 16 20 -4 -10 20 -1 -10 20 -1 10
3 16 18 -15.6 10 19.41 -15.01 10 20 -13.6 10
4 16 -19.41 -15.01 8.35 -18 -15.6 9.3333 -18 -15.6 10 -19.41 -15.01 10
4 16 -20 -13.6 6 -19.41 -15.01 8.35 -19.41 -15.01 10 -20 -13.6 10
4 16 -20 -13.6 6 -20 -13.6 10 -20 -1 10 -20 -4 -10
3 16 -20 -1 -10 -20 -4 -10 -20 -1 10
3 16 -19.41 -15.01 10 -18 -15.6 10 -20 -13.6 10
2 24 -18 -15.6 10 18 -15.6 10
2 24 -18 -15.6 9.3333 18 -15.6 9.3333
4 16 -18 -15.6 10 -18 -15.6 9.3333 18 -15.6 9.3333 18 -15.6 10
2 24 -20 -13.6 6 -20 -4 -10
2 24 20 -4 -10 20 -13.6 6
4 16 -20 -13.6 10 -18 -15.6 10 18 -15.6 10 20 -13.6 10
1 16 0 -7.3 10 20 0 0 0 0 6.3 0 -1 0 rect3.dat
5 24 -19.41 -15.01 10 -19.41 -15.01 8.35 -18 -15.6 9.3333 -20 -13.6 10
5 24 19.41 -15.01 8.35 19.41 -15.01 10 18 -15.6 10 20 -13.6 6
5 24 -20 -13.6 6 -20 -13.6 10 -19.41 -15.01 8.35 -20 -1 10
5 24 20 -13.6 10 20 -13.6 6 19.41 -15.01 10 20 -4 -10
5 24 18 -15.6 9.3333 18 -15.6 10 19.41 -15.01 8.35 -18 -15.6 10
5 24 -18 -15.6 9.3333 -18 -15.6 10 -19.41 -15.01 10 18 -15.6 9.3333
4 16 19 -1 -9 19 -1 9 20 -1 10 20 -1 -10
4 16 -20 -1 10 20 -1 10 19 -1 9 -19 -1 9
4 16 -20 -1 -10 -20 -1 10 -19 -1 9 -19 -1 -9
0 FILE p/stud3a.dat
0 Stud Tube Solid without Base Edges
0 Name: stud3a.dat
0 Author: James Jessiman
0 !LDRAW_ORG Primitive UPDATE 2003-02
0 !LICENSE Licensed under CC BY 4.0 : see CAreadme.txt

0 BFC CERTIFY CCW

0 !HISTORY 2002-08-31 [izanette] Modified with WINDZ for BFC compliance
0 !HISTORY 2003-08-01 [PTadmin] Official Update 2003-02
0 !HISTORY 2007-06-24 [PTadmin] Header formatted for Contributor Agreement
0 !HISTORY 2008-07-01 [PTadmin] Official Update 2008-01


1 16 0 -4 0 4 0 0 0 1 0 0 0 4 4-4edge.dat
1 16 0 -4 0 4 0 0 0 1 0 0 0 4 4-4disc.dat
1 16 0 -4 0 4 0 0 0 4 0 0 0 4 4-4cyli.dat
0
0 FILE p/4-4cyls.dat
0 Cylinder Sloped 1.0
0 Name: 4-4cyls.dat
0 Author: Donald Sutter [technog]
0 !LDRAW_ORG Primitive UPDATE 2012-01
0 !LICENSE Licensed under CC BY 4.0 : see CAreadme.txt

0 BFC CERTIFY CCW

0 !HISTORY 2003-08-01 [PTadmin] Official Update 2003-02
0 !HISTORY 2007-06-24 [PTadmin] Header formatted for Contributor Agreement
0 !HISTORY 2008-07-01 [PTadmin] Official Update 2008-01
0 !HISTORY 2012-02-16 [Philo] Changed to CCW
0 !HISTORY 2012-03-30 [PTadmin] Official Update 2012-01


3 16 0.9239 0.0761 0.3827 0.9239 0 0.3827 1 0 0
5 24 0.9239 0 0.3827 0.9239 0.0761 0.3827 0.7071 0 0.7071 1 0 0
4 16 0.9239 0.0761 0.3827 0.7071 0.2929 0.7071 0.7071 0 0.7071 0.9239 0 0.3827
5 24 0.7071 0 0.7071 0.7071 0.2929 0.7071 0.3827 0 0.9239 0.9239 0 0.3827
4 16 0.7071 0.2929 0.7071 0.3827 0.6173 0.9239 0.3827 0 0.9239 0.7071 0 0.7071
5 24 0.3827 0 0.9239 0.3827 0.6173 0.9239 0 0 1 0.7071 0 0.7071
4 16 0.3827 0.6173 0.9239 0 1 1 0 0 1 0.3827 0 0.9239
5 24 0 0 1 0 1 1 -0.3827 0 0.9239 0.3827 0 0.9239
4 16 0 1 1 -0.3827 1.3827 0.9239 -0.3827 0 0.9239 0 0 1
5 24 -0.3827 0 0.9239 -0.3827 1.3827 0.9239 -0.7071 0 0.7071 0 0 1
4 16 -0.3827 1.3827 0.9239 -0.7071 1.7071 0.7071 -0.7071 0 0.7071 -0.3827 0 0.9239
5 24 -0.7071 0 0.7071 -0.7071 1.7071 0.7071 -0.9239 0 0.3827 -0.3827 0 0.9239
4 16 -0.7071 1.7071 0.7071 -0.9239 1.9239 0.3827 -0.9239 0 0.3827 -0.7071 0 0.7071
5 24 -0.9239 0 0.3827 -0.9239 1.9239 0.3827 -1 0 0 -0.7071 0 0.7071
4 16 -0.9239 1.9239 0.3827 -1 2 0 -1 0 0 -0.9239 0 0.3827
5 24 -1 0 0 -1 2 0 -0.9239 0 -0.3827 -0.9239 0 0.3827
4 16 -1 2 0 -0.9239 1.9239 -0.3827 -0.9239 0 -0.3827 -1 0 0
5 24 -0.9239 0 -0.3827 -0.9239 1.9239 -0.3827 -1 0 0 -0.7071 0 -0.7071
4 16 -0.9239 1.9239 -0.3827 -0.7071 1.7071 -0.7071 -0.7071 0 -0.7071 -0.9239 0 -0.3827
5 24 -0.7071 0 -0.7071 -0.7071 1.7071 -0.7071 -0.9239 0 -0.3827 -0.3827 0 -0.9239
4 16 -0.7071 1.7071 -0.7071 -0.3827 1.3827 -0.9239 -0.3827 0 -0.9239 -0.7071 0 -0.7071
5 24 -0.3827 0 -0.9239 -0.3827 1.3827 -0.9239 -0.7071 0 -0.7071 0 0 -1
4 16 -0.3827 1.3827 -0.9239 0 1 -1 0 0 -1 -0.3827 0 -0.9239
5 24 0 0 -1 0 1 -1 -0.3827 0 -0.9239 0.3827 0 -0.9239
4 16 0 1 -1 0.3827 0.6173 -0.9239 0.3827 0 -0.9239 0 0 -1
5 24 0.3827 0 -0.9239 0.3827 0.6173 -0.9239 0 0 -1 0.7071 0 -0.7071
4 16 0.3827 0.6173 -0.9239 0.7071 0.2929 -0.7071 0.7071 0 -0.7071 0.3827 0 -0.9239
5 24 0.7071 0 -0.7071 0.7071 0.2929 -0.7071 0.3827 0 -0.9239 0.9239 0 -0.3827
4 16 0.7071 0.2929 -0.7071 0.9239 0.0761 -0.3827 0.9239 0 -0.3827 0.7071 0 -0.7071
5 24 0.9239 0 -0.3827 0.9239 0.0761 -0.3827 0.7071 0 -0.7071 1 0 0
3 16 0.9239 0 -0.3827 0.9239 0.0761 -0.3827 1 0 0
0 FILE parts/3023.dat
0 ~Moved to 3023b
0 Name: 3023.dat
0 Author: Orion Pobursky [OrionP]
0 !LDRAW_ORG Part UPDATE 2024-07
0 !LICENSE Licensed under CC BY 4.0 : see CAreadme.txt

0 BFC CERTIFY CCW

0 !HISTORY 2023-06-24 [OrionP] Official Update 2023-03
0 !HISTORY 2024-08-10 [MagFors] Update description
0 !HISTORY 2024-08-26 [OrionP] Official Update 2024-07

1 16 0 0 0 1 0 0 0 1 0 0 0 1 3023b.dat
0 FILE parts/3023b.dat
0 Plate  1 x  2
0 Name: 3023b.dat
0 Author: James Jessiman
0 !LDRAW_ORG Part UPDATE 2023-03
0 !LICENSE Licensed under CC BY 4.0 : see CAreadme.txt

0 BFC CERTIFY CCW

0 !KEYWORDS BrickLink 3023, Rebrickable 3023

0 !HISTORY 2001-10-26 [PTadmin] Official Update 2001-01
0 !HISTORY 2002-05-07 {unknown} BFC Certification
0 !HISTORY 2002-06-11 [PTadmin] Official Update 2002-03
0 !HISTORY 2007-06-07 [PTadmin] Header formatted for Contributor Agreement
0 !HISTORY 2008-07-01 [PTadmin] Official Update 2008-01
0 !HISTORY 2020-03-07 [Sirio] Subparted
0 !HISTORY 2022-01-14 [PTadmin] Official Update 2022-01
0 !HISTORY 2023-05-26 [OrionP] Moved from 3023.dat
0 !HISTORY 2023-06-24 [OrionP] Official Update 2023-03


1 16 0 0 0 1 0 0 0 1 0 0 0 1 s\3023bs01.dat
4 16 -20 0 -10 -20 8 -10 20 8 -10 20 0 -10
0 FILE parts/s/3023bs01.dat
0 ~Plate  1 x  2 without Front Face
0 Name: s\3023bs01.dat
0 Author: Massimo Maso [Sirio]
0 !LDRAW_ORG Subpart UPDATE 2023-03
0 !LICENSE Licensed under CC BY 4.0 : see CAreadme.txt

0 BFC CERTIFY CCW

0 !HISTORY 2022-01-14 [PTadmin] Official Update 2022-01
0 !HISTORY 2023-05-27 [OrionP] Moved from s\3023s01.dat
0 !HISTORY 2023-06-24 [OrionP] Official Update 2023-03


0 // Primitves
1 16 0 4 0 1 0 0 0 -1 0 0 0 1 stud3.dat
0 BFC INVERTNEXT
1 16 0 8 0 16 0 0 0 -4 0 0 0 6 box5.dat
1 16 0 8 0 20 0 0 0 -8 0 0 0 10 box4t.dat
1 16 0 0 0 1 0 0 0 1 0 0 0 1 stug-1x2.dat
0 // Faces
4 16 20 8 10 16 8 6 -16 8 6 -20 8 10
4 16 -20 8 10 -16 8 6 -16 8 -6 -20 8 -10
4 16 -20 8 -10 -16 8 -6 16 8 -6 20 8 -10
4 16 20 8 -10 16 8 -6 16 8 6 20 8 10
0 FILE p/stug-1x2.dat
0 Stud Group  1 x  2
0 Name: stug-1x2.dat
0 Author: Steffen [Steffen]
0 !LDRAW_ORG Primitive UPDATE 2011-01
0 !LICENSE Licensed under CC BY 4.0 : see CAreadme.txt

0 BFC CERTIFY CCW

0 !HISTORY 2011-07-25 [PTadmin] Official Update 2011-01


1 16 -10 0 0 1 0 0 0 1 0 0 0 1 stud.dat
1 16 10 0 0 1 0 0 0 1 0 0 0 1 stud.dat
0 FILE parts/3022.dat
0 Plate  2 x  2
0 Name: 3022.dat
0 Author: James Jessiman
0 !LDRAW_ORG Part UPDATE 2002-03
0 !LICENSE Licensed under CC BY 4.0 : see CAreadme.txt

0 BFC CERTIFY CCW

0 !HISTORY 2001-10-26 [PTadmin] Official Update 2001-01
0 !HISTORY 2002-05-07 {unknown} BFC Certification
0 !HISTORY 2002-06-11 [PTadmin] Official Update 2002-03
0 !HISTORY 2007-06-07 [PTadmin] Header formatted for Contributor Agreement
0 !HISTORY 2008-07-01 [PTadmin] Official Update 2008-01


1 16 0 4 0 1 0 0 0 -1 0 0 0 1 stud4.dat

0 BFC INVERTNEXT
1 16 0 8 0 16 0 0 0 -4 0 0 0 16 box5.dat

4 16 20 8 20 16 8 16 -16 8 16 -20 8 20
0 // Next Line was 4 16 20 8 -20 16 8 -16 -16 8 -16 -20 8 -20
4 16 -20 8 -20 -16 8 -16 16 8 -16 20 8 -20
0 // Next Line was 4 16 20 8 20 16 8 16 16 8 -16 20 8 -20
4 16 20 8 -20 16 8 -16 16 8 16 20 8 20
4 16 -20 8 20 -16 8 16 -16 8 -16 -20 8 -20

1 16 0 8 0 20 0 0 0 -8 0 0 0 20 box5.dat

1 16 10 0 10 1 0 0 0 1 0 0 0 1 stud.dat
1 16 -10 0 10 1 0 0 0 1 0 0 0 1 stud.dat
1 16 10 0 -10 1 0 0 0 1 0 0 0 1 stud.dat
1 16 -10 0 -10 1 0 0 0 1 0 0 0 1 stud.dat
0
0 FILE parts/3298.dat
0 Slope Brick 33  3 x  2
0 Name: 3298.dat
0 Author: James Jessiman
0 !LDRAW_ORG Part UPDATE 2004-02
0 !LICENSE Licensed under CC BY 4.0 : see CAreadme.txt

0 BFC CERTIFY CCW

0 !HISTORY 2002-09-13 [izanette] Modified with WINDZ for BFC compliance
0 !HISTORY 2003-07-04 [OrionP] Moved guts to subpart
0 !HISTORY 2004-04-22 [PTadmin] Official Update 2004-02
0 !HISTORY 2007-06-25 [PTadmin] Header formatted for Contributor Agreement
0 !HISTORY 2008-07-01 [PTadmin] Official Update 2008-01


1 16 0 0 0 1 0 0 0 1 0 0 0 1 s\3298s01.dat
4 16 20 20 -50 20 0 -10 -20 0 -10 -20 20 -50
0
0 FILE parts/s/3298s01.dat
0 ~Slope Brick 33  3 x  2 without Front Face
0 Name: s\3298s01.dat
0 Author: Mark Kennedy [mkennedy]
0 !LDRAW_ORG Subpart UPDATE 2025-09
0 !LICENSE Licensed under CC BY 4.0 : see CAreadme.txt

0 BFC CERTIFY CCW

0 !HISTORY 2003-03-08 [OrionP] Made BFC complient
0 !HISTORY 2004-04-22 [PTadmin] Official Update 2004-02
0 !HISTORY 2007-08-31 [PTadmin] Header formatted for Contributor Agreement
0 !HISTORY 2008-07-01 [PTadmin] Official Update 2008-01
0 !HISTORY 2008-10-06 [mkennedy] Used stud4s primitive, replaced some rects with boxes
0 !HISTORY 2009-09-03 [PTadmin] Official Update 2009-02
0 !HISTORY 2025-09-27 [OrionP] Changed winding to CCW
0 !HISTORY 2025-09-29 [OrionP] Official Update 2025-09

1 16 0 8 -10 1 0 0 0 -4 0 0 0 1 stud4a.dat
1 16 0 4 -10 6 0 0 0 1 0 0 0 6 2-4edge.dat
1 16 0 4 -10 6 1 0 0 1 3 0 0 -6 2-4edge.dat
1 16 0 4 -10 8 0 0 0 1 0 0 0 8 2-4edge.dat
1 16 0 4 -10 8 1 0 0 1 4 0 0 -8 2-4edge.dat
1 16 0 8 -10 0 0 8 0 -4 0 -8 0 0 1-4cyls.dat
1 16 0 8 -10 0 0 -8 0 -4 0 -8 0 0 1-4cyls.dat
1 16 0 4 -10 8 0 0 0 4 0 0 0 8 2-4cyli.dat
0 BFC INVERTNEXT
1 16 0 7 -10 0 0 6 0 -3 0 -6 0 0 1-4cyls.dat
0 BFC INVERTNEXT
1 16 0 7 -10 0 0 -6 0 -3 0 -6 0 0 1-4cyls.dat
0 BFC INVERTNEXT
1 16 0 4 -10 6 0 0 0 3 0 0 0 6 2-4cyli.dat
0 BFC INVERTNEXT
1 16 0 7 -10 6 0 0 0 1 0 0 0 6 4-4cyli.dat
0
1 16 0 18 -30 1 0 0 0 -1.50 0 0 0 1 stud4a.dat
1 16 0 18 -30 0 0 1 0 4 0 -1 0 0 stud4s.dat
0
0 BFC INVERTNEXT
1 16 0 14 -2 16 0 0 0 -10 0 0 0 8 box2-5.dat
1 16 0 12 -28 16 0 0 0 8 0 0 -16 2 box2-7.dat
1 16 0 22 -46 16 0 0 0 0 2 0 -1 0 rect.dat
1 16 0 12 0 20 0 0 0 -12 0 0 0 10 box2-5.dat
1 16 0 22 -50 20 0 0 0 1 2 0 1 0 rect.dat
0
1 16 -10 0 0 1 0 0 0 1 0 0 0 1 stud.dat
1 16 10 0 0 1 0 0 0 1 0 0 0 1 stud.dat
0
2 24 -16 24 6 -16 24 -46
2 24 16 24 -46 16 24 6
0
2 24 -20 24 10 -20 24 -50
2 24 20 24 -50 20 24 10
0
2 24 20 20 -50 20 0 -10
2 24 -20 20 -50 -20 0 -10
4 16 20 24 10 16 24 6 -16 24 6 -20 24 10
4 16 -20 24 10 -16 24 6 -16 24 -46 -20 24 -50
4 16 -20 24 -50 -16 24 -46 16 24 -46 20 24 -50
4 16 20 24 -50 16 24 -46 16 24 6 20 24 10
4 16 20 24 10 20 0 10 20 20 -50 20 24 -50
3 16 20 0 10 20 0 -10 20 20 -50
4 16 16 24 -46 16 20 -46 16 20 -42 16 24 6
4 16 16 24 6 16 20 -42 16 4 -10 16 4 6
4 16 -16 24 6 -16 20 -42 -16 20 -46 -16 24 -46
4 16 -16 20 -42 -16 24 6 -16 4 6 -16 4 -10
4 16 -20 24 -50 -20 20 -50 -20 0 10 -20 24 10
3 16 -20 20 -50 -20 0 -10 -20 0 10
0
0 FILE p/box2-7.dat
0 Box with  2 Faces without  7 Edges
0 Name: box2-7.dat
0 Author: Willy Tschager [Holly-Wood]
0 !LDRAW_ORG Primitive UPDATE 2024-01
0 !LICENSE Licensed under CC BY 4.0 : see CAreadme.txt

0 BFC CERTIFY CCW

0 !HISTORY 2009-05-02 [PTadmin] Official Update 2009-01
0 !HISTORY 2024-01-02 [Holly-Wood] Complete re-write, original by guyvivan
0 !HISTORY 2024-01-29 [OrionP] Official Update 2024-01

2 24 -1 1 -1 -1 1 1
2 24 1 1 1 1 1 -1
4 16 -1 1 1 1 1 1 1 1 -1 -1 1 -1

2 24 -1 1 1 -1 -1 1
2 24 1 1 1 1 -1 1
4 16 1 -1 1 1 1 1 -1 1 1 -1 -1 1

2 24 -1 1 1 1 1 1
0 FILE p/stud4s.dat
0 Stud Tube Open Sloped
0 Name: stud4s.dat
0 Author: Willy Tschager [Holly-Wood]
0 !LDRAW_ORG Primitive UPDATE 2024-01
0 !LICENSE Licensed under CC BY 4.0 : see CAreadme.txt

0 !HELP For use between a stud4a and a sloped surface. It is enough
0 !HELP to know coordinates Y of the centre and that of the outside
0 !HELP circle. The difference of both coordinates is the height of
0 !HELP the primitive to be applied. Finally, this primitive can be
0 !HELP used with all the parts sloped using a STUD4A. H = Y center
0 !HELP sloped - Y common border.

0 BFC CERTIFY CCW

0 !HISTORY 2009-09-03 [PTadmin] Official Update 2009-02
0 !HISTORY 2024-01-18 [Holly-Wood] Complete rewrite, original by guyvivan
0 !HISTORY 2024-01-29 [OrionP] Official Update 2024-01

0 // Edges
1 16 0 -1 0 6 0 0 0.75 1 0 0 0 6 4-4edge.dat
1 16 0 -1 0 8 0 0 1 1 0 0 0 8 4-4edge.dat

0 // Faces
0 BFC INVERTNEXT
1 16 0 0 0 6 0 0 0 -0.25 0 0 0 6 4-4cyli.dat
0 BFC INVERTNEXT
1 16 0 -0.25 0 6 0 0 0 -0.75 0 0 0 6 4-4cyls.dat
1 16 0 0 0 8 0 0 0 -1 0 0 0 8 4-4cyls.dat
0 FILE p/1-4cyls.dat
0 Cylinder Sloped 0.25
0 Name: 1-4cyls.dat
0 Author: James Jessiman
0 !LDRAW_ORG Primitive UPDATE 2012-01
0 !LICENSE Licensed under CC BY 4.0 : see CAreadme.txt

0 BFC CERTIFY CCW

0 !HISTORY 1998-12-15 [PTadmin] Official Update 1998-10
0 !HISTORY 2002-07-03 [sbliss] Added BFC statement
0 !HISTORY 2002-08-18 [PTadmin] Official Update 2002-04
0 !HISTORY 2007-06-22 [PTadmin] Header formatted for Contributor Agreement
0 !HISTORY 2008-07-01 [PTadmin] Official Update 2008-01
0 !HISTORY 2012-02-16 [Philo] Changed to CCW
0 !HISTORY 2012-03-30 [PTadmin] Official Update 2012-01


3 16 0.9239 0.0761 0.3827 0.9239 0 0.3827 1 0 0
4 16 0.9239 0.0761 0.3827 0.7071 0.2929 0.7071 0.7071 0 0.7071 0.9239 0 0.3827
4 16 0.7071 0.2929 0.7071 0.3827 0.6173 0.9239 0.3827 0 0.9239 0.7071 0 0.7071
4 16 0.3827 0.6173 0.9239 0 1 1 0 0 1 0.3827 0 0.9239

5 24 0.9239 0 0.3827 0.9239 0.0761 0.3827 0.7071 0 0.7071 1 0 0
5 24 0.7071 0 0.7071 0.7071 0.2929 0.7071 0.3827 0 0.9239 0.9239 0 0.3827
5 24 0.3827 0 0.9239 0.3827 0.6173 0.9239 0 0 1 0.7071 0 0.7071
5 24 0 0 1 0 1 1 0.3827 0 0.9239 -1 0 1
0 FILE parts/3040.dat
0 ~Moved to 3040b
0 Name: 3040.dat
0 Author: [PTadmin]
0 !LDRAW_ORG Part UPDATE 2004-04
0 !LICENSE Licensed under CC BY 4.0 : see CAreadme.txt

0 BFC CERTIFY CCW

0 !HISTORY 2004-03-02 [PTadmin] Official Update 2004-01
0 !HISTORY 2004-11-06 [PTadmin] Official Update 2004-04
0 !HISTORY 2007-06-09 [PTadmin] Header formatted for Contributor Agreement
0 !HISTORY 2008-07-01 [PTadmin] Official Update 2008-01


1 16 0 0 0 1 0 0 0 1 0 0 0 1 3040b.dat
0 FILE parts/3040b.dat
0 Slope Brick 45  2 x  1
0 Name: 3040b.dat
0 Author: James Jessiman
0 !LDRAW_ORG Part UPDATE 2004-04
0 !LICENSE Licensed under CC BY 4.0 : see CAreadme.txt

0 BFC CERTIFY CCW

0 !KEYWORDS BrickLink 3040

0 !HISTORY 2002-09-13 [izanette] modified with WINDZ for BFC compliance
0 !HISTORY 2003-07-11 [Steffen] made use of existing subfile
0 !HISTORY 2004-11-06 [PTadmin] Official Update 2004-04
0 !HISTORY 2007-06-09 [PTadmin] Header formatted for Contributor Agreement
0 !HISTORY 2008-07-01 [PTadmin] Official Update 2008-01


1 16 0 0 0 1 0 0 0 1 0 0 0 1 s\3040s01.dat
4 16 10 20 -30 10 0 -10 -10 0 -10 -10 20 -30
0
0 FILE parts/s/3040s01.dat
0 ~Slope Brick 45  2 x  1 without Front Face
0 Name: s\3040s01.dat
0 Author: Orion Pobursky [OrionP]
0 !LDRAW_ORG Subpart UPDATE 2004-01
0 !LICENSE Licensed under CC BY 4.0 : see CAreadme.txt

0 BFC CERTIFY CCW

0 !HISTORY 2003-07-02 [Steffen] BFCed; removed matrix all zero "errors"
0 !HISTORY 2004-03-02 [PTadmin] Official Update 2004-01
0 !HISTORY 2007-08-30 [PTadmin] Header formatted for Contributor Agreement
0 !HISTORY 2008-07-01 [PTadmin] Official Update 2008-01


0 // Uncomment for front face
0 // 4 16 10 20 -30 10 0 -10 -10 0 -10 -10 20 -30

1 16 0 20 -10 1 0 0 0 -1 0 0 0 1 stud3a.dat
1 16 0 4 -10 4 0 0 0 4 0 0 0 4 2-4edge.dat
1 16 0 4 -10 4 0 0 0 99 4 0 0 -4 2-4edge.dat
1 16 0 8 -10 0 0 4 0 -4 0 -4 0 0 1-4cyls.dat
1 16 0 8 -10 0 0 -4 0 -4 0 -4 0 0 1-4cyls.dat
1 16 0 4 -10 4 0 0 0 16 0 0 0 4 2-4cyli.dat
1 16 0 8 -10 4 0 0 0 12 0 0 0 -4 2-4cyli.dat
2 24 6 24 6 -6 24 6
2 24 -6 24 6 -6 24 -26
2 24 -6 24 -26 6 24 -26
2 24 6 24 -26 6 24 6
2 24 10 24 10 -10 24 10
2 24 -10 24 10 -10 24 -30
2 24 -10 24 -30 10 24 -30
2 24 10 24 -30 10 24 10
2 24 6 24 6 6 4 6
2 24 -6 24 6 -6 4 6
2 24 6 24 -26 6 20 -26
2 24 -6 24 -26 -6 20 -26
2 24 6 4 6 -6 4 6
2 24 6 4 -10 -6 4 -10
2 24 6 20 -26 -6 20 -26
2 24 6 4 6 6 4 -10
2 24 -6 4 6 -6 4 -10
2 24 6 20 -26 6 4 -10
2 24 -6 20 -26 -6 4 -10
2 24 10 24 10 10 0 10
2 24 -10 24 10 -10 0 10
2 24 10 24 -30 10 20 -30
2 24 -10 24 -30 -10 20 -30
2 24 10 0 10 -10 0 10
2 24 10 0 -10 -10 0 -10
2 24 10 20 -30 -10 20 -30
2 24 10 0 10 10 0 -10
2 24 -10 0 10 -10 0 -10
2 24 10 20 -30 10 0 -10
2 24 -10 20 -30 -10 0 -10
4 16 10 24 10 6 24 6 -6 24 6 -10 24 10
4 16 -10 24 10 -6 24 6 -6 24 -26 -10 24 -30
4 16 -10 24 -30 -6 24 -26 6 24 -26 10 24 -30
4 16 10 24 -30 6 24 -26 6 24 6 10 24 10
4 16 6 4 6 6 4 -10 -6 4 -10 -6 4 6
4 16 10 0 -10 10 0 10 -10 0 10 -10 0 -10
4 16 -10 24 10 -10 0 10 10 0 10 10 24 10
4 16 6 24 6 6 4 6 -6 4 6 -6 24 6
4 16 6 20 -26 6 24 -26 -6 24 -26 -6 20 -26
4 16 10 24 -30 10 20 -30 -10 20 -30 -10 24 -30
4 16 10 24 10 10 0 10 10 20 -30 10 24 -30
3 16 10 0 10 10 0 -10 10 20 -30
4 16 6 20 -26 6 4 6 6 24 6 6 24 -26
3 16 6 20 -26 6 4 -10 6 4 6
4 16 -6 24 6 -6 4 6 -6 20 -26 -6 24 -26
3 16 -6 4 6 -6 4 -10 -6 20 -26
4 16 -10 20 -30 -10 0 10 -10 24 10 -10 24 -30
3 16 -10 20 -30 -10 0 -10 -10 0 10
4 16 -6 4 -10 6 4 -10 6 20 -26 -6 20 -26
1 16 0 0 0 1 0 0 0 1 0 0 0 1 stud.dat
0
0 FILE parts/89523.dat
0 Plate 10 x 10 Octagonal with Hole and Snapstud
0 Name: 89523.dat
0 Author: Magnus Forsberg [MagFors]
0 !LDRAW_ORG Part UPDATE 2011-02
0 !LICENSE Licensed under CC BY 4.0 : see CAreadme.txt

0 !HELP turntable together with 61485

0 BFC CERTIFY CCW

0 !KEYWORDS turntable

0 !HISTORY 2011-12-29 [PTadmin] Official Update 2011-02


1 16 0 0 0 1 0 0 0 1 0 0 0 1 s\89523s01.dat
1 16 0 0 0 0 0 -1 0 1 0 1 0 0 s\89523s01.dat
1 16 0 0 0 -1 0 0 0 1 0 0 0 -1 s\89523s01.dat
1 16 0 0 0 0 0 1 0 1 0 -1 0 0 s\89523s01.dat
1 16 0 0 0 6 0 0 0 1 0 0 0 6 4-4ndis.dat
1 16 0 0 0 6 0 0 0 1 0 0 0 6 4-4edge.dat
0 BFC INVERTNEXT
1 16 0 0 0 6 0 0 0 4 0 0 0 6 4-4cyli.dat
1 16 0 4 0 8 0 0 0 -1 0 0 0 8 4-4ndis.dat
1 16 0 4 0 1 0 0 0 -1 0 0 0 1 stud18a.dat
1 16 0 0 0 1 0 0 0 1 0 0 0 1 stug-6x6.dat
1 16 20 0 80 1 0 0 0 1 0 0 0 1 stug-2x2.dat
1 16 -20 0 80 1 0 0 0 1 0 0 0 1 stug-2x2.dat
1 16 -80 0 20 1 0 0 0 1 0 0 0 1 stug-2x2.dat
1 16 -80 0 -20 1 0 0 0 1 0 0 0 1 stug-2x2.dat
1 16 -20 0 -80 1 0 0 0 1 0 0 0 1 stug-2x2.dat
1 16 20 0 -80 1 0 0 0 1 0 0 0 1 stug-2x2.dat
1 16 80 0 -20 1 0 0 0 1 0 0 0 1 stug-2x2.dat
1 16 80 0 20 1 0 0 0 1 0 0 0 1 stug-2x2.dat
1 16 -50 0 70 1 0 0 0 1 0 0 0 1 stud.dat
1 16 -70 0 50 1 0 0 0 1 0 0 0 1 stud.dat
1 16 -70 0 -50 1 0 0 0 1 0 0 0 1 stud.dat
1 16 -50 0 -70 1 0 0 0 1 0 0 0 1 stud.dat
1 16 50 0 -70 1 0 0 0 1 0 0 0 1 stud.dat
1 16 70 0 -50 1 0 0 0 1 0 0 0 1 stud.dat
1 16 70 0 50 1 0 0 0 1 0 0 0 1 stud.dat
1 16 50 0 70 1 0 0 0 1 0 0 0 1 stud.dat
0 FILE p/stug-2x2.dat
0 Stud Group  2 x  2
0 Name: stug-2x2.dat
0 Author: Steffen [Steffen]
0 !LDRAW_ORG Primitive UPDATE 2012-01
0 !LICENSE Licensed under CC BY 4.0 : see CAreadme.txt

0 BFC CERTIFY CCW

0 !HISTORY 2005-12-28 [PTadmin] Official Update 2005-01
0 !HISTORY 2007-05-04 [PTadmin] Header formatted for Contributor Agreement
0 !HISTORY 2008-07-01 [PTadmin] Official Update 2008-01
0 !HISTORY 2011-07-01 [PTadmin] Renamed from stug2
0 !HISTORY 2011-07-25 [PTadmin] Official Update 2011-01
0 !HISTORY 2012-02-16 [Philo] Changed to CCW
0 !HISTORY 2012-03-30 [PTadmin] Official Update 2012-01


1 16 -10 0 -10 1 0 0 0 1 0 0 0 1 stud.dat
1 16 10 0 -10 1 0 0 0 1 0 0 0 1 stud.dat
1 16 -10 0 10 1 0 0 0 1 0 0 0 1 stud.dat
1 16 10 0 10 1 0 0 0 1 0 0 0 1 stud.dat
0 FILE p/stug-6x6.dat
0 Stud Group  6 x  6
0 Name: stug-6x6.dat
0 Author: Tore Eriksson [Tore_Eriksson]
0 !LDRAW_ORG Primitive UPDATE 2011-01
0 !LICENSE Licensed under CC BY 4.0 : see CAreadme.txt

0 BFC CERTIFY CCW

0 !HISTORY 2005-12-28 [PTadmin] Official Update 2005-01
0 !HISTORY 2007-05-04 [PTadmin] Header formatted for Contributor Agreement
0 !HISTORY 2008-07-01 [PTadmin] Official Update 2008-01
0 !HISTORY 2011-07-01 [PTadmin] Renamed from stug6
0 !HISTORY 2011-07-25 [PTadmin] Official Update 2011-01


1 16 -30 0 -30 1 0 0 0 1 0 0 0 1 stug-3x3.dat
1 16 -30 0 30 1 0 0 0 1 0 0 0 1 stug-3x3.dat
1 16 30 0 30 1 0 0 0 1 0 0 0 1 stug-3x3.dat
1 16 30 0 -30 1 0 0 0 1 0 0 0 1 stug-3x3.dat
0
0 FILE p/stug-3x3.dat
0 Stud Group  3 x  3
0 Name: stug-3x3.dat
0 Author: Steve Bliss [sbliss]
0 !LDRAW_ORG Primitive UPDATE 2011-01
0 !LICENSE Licensed under CC BY 4.0 : see CAreadme.txt

0 BFC CERTIFY CCW

0 !HISTORY 2005-12-28 [PTadmin] Official Update 2005-01
0 !HISTORY 2007-05-04 [PTadmin] Header formatted for Contributor Agreement
0 !HISTORY 2008-07-01 [PTadmin] Official Update 2008-01
0 !HISTORY 2011-07-01 [PTadmin] Renamed from stug3
0 !HISTORY 2011-07-25 [PTadmin] Official Update 2011-01


1 16 -20 0 -20 1 0 0 0 1 0 0 0 1 stud.dat
1 16 -20 0 0 1 0 0 0 1 0 0 0 1 stud.dat
1 16 -20 0 20 1 0 0 0 1 0 0 0 1 stud.dat
1 16 0 0 -20 1 0 0 0 1 0 0 0 1 stud.dat
1 16 0 0 0 1 0 0 0 1 0 0 0 1 stud.dat
1 16 0 0 20 1 0 0 0 1 0 0 0 1 stud.dat
1 16 20 0 -20 1 0 0 0 1 0 0 0 1 stud.dat
1 16 20 0 0 1 0 0 0 1 0 0 0 1 stud.dat
1 16 20 0 20 1 0 0 0 1 0 0 0 1 stud.dat
0
0 FILE p/stud18a.dat
0 Stud Tube Open Snap
0 Name: stud18a.dat
0 Author: Magnus Forsberg [MagFors]
0 !LDRAW_ORG Primitive UPDATE 2011-02
0 !LICENSE Licensed under CC BY 4.0 : see CAreadme.txt

0 BFC CERTIFY CCW

0 !HISTORY 2011-12-29 [PTadmin] Official Update 2011-02


1 16 0 0 0 7 0 0 0 1 0 0 0 7 4-4edge.dat
1 16 0 0 0 1 0 0 0 1 0 0 0 1 4-4ring7.dat
2 24 5.606 -4 1.981 5.543 -4 2.296
1 16 0 -4 0 5.5433 0 -2.2961 0 1 0 2.2961 0 5.5433 1-8edge.dat
1 16 0 -4 0 0.9239 0 -0.3827 0 1 0 0.3827 0 0.9239 1-8ring6.dat
4 16 6.606 -4 1.981 6.467 -4 2.679 5.543 -4 2.296 5.606 -4 1.981
2 24 6.606 -2 1.981 6.467 -2 2.679
1 16 0 -2 0 6.4672 0 -2.6788 0 1 0 2.6788 0 6.4672 1-8edge.dat
1 16 0 -2 0 6.4672 0 -2.6788 0 2 0 2.6788 0 6.4672 1-8cyli.dat
4 16 6.8 -1 1 6.467 0 2.679 6.467 -2 2.679 6.606 -2 1.981
3 16 6.8 -2 1 6.8 -1 1 6.606 -2 1.981
4 16 6.8 -1 1 7 -1 0 7 0 0 6.467 0 2.679
5 24 7 0 0 7 -1 0 6.467 0 -2.679 6.467 0 2.679
1 16 0 -3 0 6.4672 0 -2.6788 0 7 0 2.6788 0 6.4672 t16o1429.dat
1 16 0 -3 0 4.9497 0 4.9497 0 -7 0 4.9497 0 -4.9497 t16o1429.dat
4 16 6.981 -3.924 2.056 6.821 -3.924 2.825 6.467 -4 2.679 6.606 -4 1.981
4 16 7.12 -3.707 2.95 6.821 -3.924 2.825 6.981 -3.924 2.056 7.3 -3.707 2.119
4 16 7.512 -3.383 2.161 7.321 -3.383 3.033 7.12 -3.707 2.95 7.3 -3.707 2.119
4 16 7.391 -3 3.062 7.321 -3.383 3.033 7.512 -3.383 2.161 7.587 -3 2.176
4 16 7.321 -2.617 3.033 7.391 -3 3.062 7.587 -3 2.176 7.512 -2.617 2.161
4 16 7.3 -2.293 2.119 7.12 -2.293 2.95 7.321 -2.617 3.033 7.512 -2.617 2.161
4 16 6.821 -2.076 2.825 7.12 -2.293 2.95 7.3 -2.293 2.119 6.981 -2.076 2.056
4 16 6.606 -2 1.981 6.467 -2 2.679 6.821 -2.076 2.825 6.981 -2.076 2.056
5 24 6.606 -4 1.981 6.467 -4 2.679 5.606 -4 1.981 6.981 -3.924 2.056
5 24 6.821 -3.924 2.825 6.981 -3.924 2.056 6.606 -4 1.981 7.12 -3.707 2.95
5 24 7.12 -3.707 2.95 7.3 -3.707 2.119 6.981 -3.924 2.056 7.321 -3.383 3.033
5 24 7.321 -3.383 3.033 7.512 -3.383 2.161 7.3 -3.707 2.119 7.391 -3 3.062
5 24 7.391 -3 3.062 7.587 -3 2.176 7.512 -3.383 2.161 7.321 -2.617 3.033
5 24 7.321 -2.617 3.033 7.512 -2.617 2.161 7.587 -3 2.176 7.12 -2.293 2.95
5 24 7.12 -2.293 2.95 7.3 -2.293 2.119 7.512 -2.617 2.161 6.821 -2.076 2.825
5 24 6.821 -2.076 2.825 6.981 -2.076 2.056 7.3 -2.293 2.119 6.467 -2 2.679
1 16 6.606 -3 1.981 0.1951 -0.9808 0 0 0 1 -0.9808 -0.1951 0 1-4ndis.dat
1 16 6.606 -3 1.981 0.1951 -0.9808 0 0 0 1 -0.9808 -0.1951 0 1-4edge.dat
1 16 5.606 -3 1.981 0.1951 1 0 0 0 -1 -0.9808 0 0 1-4edge.dat
1 16 5.606 -3 1.981 0.1951 1 0 0 0 -1 -0.9808 0 0 1-4disc.dat
1 16 5.606 -3 1.981 0.1951 1 0 0 0 -1 -0.9808 0 0 1-4cyli.dat
1 16 6.606 -3 1.981 0 0.1951 0.9808 -1 0 0 0 -0.9808 0.1951 2-8sphe.dat
4 16 5.543 0 2.296 5.8 -1 1 5.8 -3 1 5.606 -3 1.981
4 16 5.606 -4 1.981 5.543 -4 2.296 5.543 0 2.296 5.606 -3 1.981
2 24 6.8 -1 1 6.8 -2 1
2 24 6.8 -2 1 6.8 -3 1
2 24 5.8 -3 1 5.8 -1 1
3 16 6.8 -3 1 5.8 -3 1 6.8 -2 1
4 16 6.8 -2 1 5.8 -3 1 5.8 -1 1 6.8 -1 1
1 16 6.4 -1 0.5 0.5 0 -0.1 0 1 0 0 0 0.5 rect3.dat
4 16 5.8 -1 1 5.543 0 2.296 6 0 0 6 -1 0
5 24 6 0 0 6 -1 0 5.543 0 -2.296 5.543 0 2.296
0 BFC INVERTNEXT
1 16 0 -4 0 5.5433 0 -2.2961 0 4 0 2.2961 0 5.5433 1-8cyli.dat
0 // mirrored
2 24 1.981 -4 5.606 2.296 -4 5.543
4 16 1.981 -4 5.606 2.296 -4 5.543 2.679 -4 6.467 1.981 -4 6.606
2 24 1.981 -2 6.606 2.679 -2 6.467
4 16 1.981 -2 6.606 2.679 -2 6.467 2.679 0 6.467 1 -1 6.8
3 16 1.981 -2 6.606 1 -1 6.8 1 -2 6.8
4 16 2.679 0 6.467 0 0 7 0 -1 7 1 -1 6.8
1 16 0 -3 0 2.6788 0 6.4672 0 7 0 6.4672 0 -2.6788 t16o1429.dat
1 16 0 -3 0 4.9497 0 -4.9497 0 -7 0 4.9497 0 4.9497 t16o1429.dat
4 16 1.981 -4 6.606 2.679 -4 6.467 2.825 -3.924 6.821 2.056 -3.924 6.981
4 16 2.119 -3.707 7.3 2.056 -3.924 6.981 2.825 -3.924 6.821 2.95 -3.707 7.12
4 16 2.119 -3.707 7.3 2.95 -3.707 7.12 3.033 -3.383 7.321 2.161 -3.383 7.512
4 16 2.176 -3 7.587 2.161 -3.383 7.512 3.033 -3.383 7.321 3.062 -3 7.391
4 16 2.161 -2.617 7.512 2.176 -3 7.587 3.062 -3 7.391 3.033 -2.617 7.321
4 16 2.161 -2.617 7.512 3.033 -2.617 7.321 2.95 -2.293 7.12 2.119 -2.293 7.3
4 16 2.056 -2.076 6.981 2.119 -2.293 7.3 2.95 -2.293 7.12 2.825 -2.076 6.821
4 16 2.056 -2.076 6.981 2.825 -2.076 6.821 2.679 -2 6.467 1.981 -2 6.606
5 24 1.981 -4 6.606 2.679 -4 6.467 1.981 -4 5.606 2.056 -3.924 6.981
5 24 2.825 -3.924 6.821 2.056 -3.924 6.981 1.981 -4 6.606 2.95 -3.707 7.12
5 24 2.95 -3.707 7.12 2.119 -3.707 7.3 2.056 -3.924 6.981 3.033 -3.383 7.321
5 24 3.033 -3.383 7.321 2.161 -3.383 7.512 2.119 -3.707 7.3 3.062 -3 7.391
5 24 3.062 -3 7.391 2.176 -3 7.587 2.161 -3.383 7.512 3.033 -2.617 7.321
5 24 3.033 -2.617 7.321 2.161 -2.617 7.512 2.176 -3 7.587 2.95 -2.293 7.12
5 24 2.95 -2.293 7.12 2.119 -2.293 7.3 2.161 -2.617 7.512 2.825 -2.076 6.821
5 24 2.825 -2.076 6.821 2.056 -2.076 6.981 2.119 -2.293 7.3 2.679 -2 6.467
1 16 1.981 -3 6.606 -0.9808 -0.1951 0 0 0 1 0.1951 -0.9808 0 1-4ndis.dat
1 16 1.981 -3 6.606 -0.9808 -0.1951 0 0 0 1 0.1951 -0.9808 0 1-4edge.dat
1 16 1.981 -3 5.606 -0.9808 0 0 0 0 -1 0.1951 1 0 1-4edge.dat
1 16 1.981 -3 5.606 -0.9808 0 0 0 0 -1 0.1951 1 0 1-4disc.dat
1 16 1.981 -3 5.606 -0.9808 0 0 0 0 -1 0.1951 1 0 1-4cyli.dat
1 16 1.981 -3 6.606 0 -0.9808 0.1951 -1 0 0 0 0.1951 0.9808 2-8sphe.dat
4 16 2.296 0 5.543 2.296 -4 5.543 1.981 -4 5.606 1.981 -3 5.606
4 16 1 -3 5.8 1 -1 5.8 2.296 0 5.543 1.981 -3 5.606
2 24 1 -1 6.8 1 -2 6.8
2 24 1 -2 6.8 1 -3 6.8
2 24 1 -3 5.8 1 -1 5.8
3 16 1 -2 6.8 1 -3 5.8 1 -3 6.8
4 16 1 -1 6.8 1 -1 5.8 1 -3 5.8 1 -2 6.8
1 16 0.5 -1 6.4 0 0 0.5 0 1 0 -0.5 0 -0.1 rect3.dat
4 16 0 0 6 2.296 0 5.543 1 -1 5.8 0 -1 6
0 // condlines
5 24 6.467 0 2.679 6.467 -2 2.679 7 0 0 4.95 0 4.95
5 24 2.679 0 6.467 2.679 -2 6.467 0 0 7 4.95 0 4.95
5 24 5.543 -4 2.296 5.543 0 2.296 5.606 -4 1.981 4.243 -4 4.243
5 24 2.296 -4 5.543 2.296 0 5.543 1.981 -4 5.606 4.243 -4 4.243
5 24 6.606 -4 1.981 6.981 -3.924 2.056 6.821 -3.924 2.825 7.056 -3.841 1.68
5 24 6.981 -3.924 2.056 7.3 -3.707 2.119 7.12 -3.707 2.95 7.321 -3.653 1.733
5 24 7.3 -3.707 2.119 7.512 -3.383 2.161 7.321 -3.383 3.033 7.505 -3.383 1.77
5 24 7.512 -3.383 2.161 7.587 -3 2.176 7.391 -3 3.062 7.587 -3 1.786
5 24 7.587 -3 2.176 7.512 -2.617 2.161 7.321 -2.617 3.033 7.505 -2.617 1.77
5 24 7.512 -2.617 2.161 7.3 -2.293 2.119 7.321 -2.347 1.733 7.12 -2.293 2.95
5 24 7.3 -2.293 2.119 6.981 -2.076 2.056 6.821 -2.076 2.825 7.056 -2.159 1.68
5 24 6.981 -2.076 2.056 6.606 -2 1.981 6.467 -2 2.679 6.681 -2.076 1.606
5 24 1.981 -4 6.606 2.056 -3.924 6.981 2.825 -3.924 6.821 1.68 -3.841 7.056
5 24 2.056 -3.924 6.981 2.119 -3.707 7.3 2.95 -3.707 7.12 1.733 -3.653 7.321
5 24 2.119 -3.707 7.3 2.161 -3.383 7.512 3.033 -3.383 7.321 1.77 -3.383 7.505
5 24 2.161 -3.383 7.512 2.176 -3 7.587 3.062 -3 7.391 1.786 -3 7.587
5 24 2.176 -3 7.587 2.161 -2.617 7.512 3.033 -2.617 7.321 1.77 -2.617 7.505
5 24 2.161 -2.617 7.512 2.119 -2.293 7.3 1.733 -2.347 7.321 2.95 -2.293 7.12
5 24 2.119 -2.293 7.3 2.056 -2.076 6.981 2.825 -2.076 6.821 1.68 -2.159 7.056
5 24 2.056 -2.076 6.981 1.981 -2 6.606 2.679 -2 6.467 1.606 -2.076 6.681
5 24 6.786 -3.383 1.075 6.801 -3 1 5.801 -3 1 7.162 -3 1.149
5 24 6.744 -3.707 1.287 6.786 -3.383 1.075 5.786 -3.383 1.075 7.145 -3.383 1.231
5 24 6.681 -3.924 1.606 6.744 -3.707 1.287 5.744 -3.707 1.287 7.109 -3.653 1.415
5 24 6.606 -4 1.981 6.681 -3.924 1.606 5.681 -3.924 1.606 7.056 -3.841 1.68
5 24 1 -3 6.801 1.075 -3.383 6.786 1.075 -3.383 5.786 1.231 -3.383 7.145
5 24 1.075 -3.383 6.786 1.287 -3.707 6.744 1.287 -3.707 5.744 1.415 -3.653 7.109
5 24 1.287 -3.707 6.744 1.606 -3.924 6.681 1.606 -3.924 5.681 1.68 -3.841 7.056
5 24 1.606 -3.924 6.681 1.981 -4 6.606 1.981 -4 5.606 2.056 -3.924 6.981
0 //
2 24 -1.981 -4 5.606 -2.296 -4 5.543
1 16 0 -4 0 -2.2961 0 -5.5433 0 1 0 5.5433 0 -2.2961 1-8edge.dat
1 16 0 -4 0 -0.3827 0 -0.9239 0 1 0 0.9239 0 -0.3827 1-8ring6.dat
4 16 -1.981 -4 6.606 -2.679 -4 6.467 -2.296 -4 5.543 -1.981 -4 5.606
2 24 -1.981 -2 6.606 -2.679 -2 6.467
1 16 0 -2 0 -2.6788 0 -6.4672 0 1 0 6.4672 0 -2.6788 1-8edge.dat
1 16 0 -2 0 -2.6788 0 -6.4672 0 2 0 6.4672 0 -2.6788 1-8cyli.dat
4 16 -1 -1 6.8 -2.679 0 6.467 -2.679 -2 6.467 -1.981 -2 6.606
3 16 -1 -2 6.8 -1 -1 6.8 -1.981 -2 6.606
4 16 -1 -1 6.8 0 -1 7 0 0 7 -2.679 0 6.467
5 24 0 0 7 0 -1 7 2.679 0 6.467 -2.679 0 6.467
1 16 0 -3 0 -2.6788 0 -6.4672 0 7 0 6.4672 0 -2.6788 t16o1429.dat
1 16 0 -3 0 -4.9497 0 4.9497 0 -7 0 4.9497 0 4.9497 t16o1429.dat
4 16 -2.056 -3.924 6.981 -2.825 -3.924 6.821 -2.679 -4 6.467 -1.981 -4 6.606
4 16 -2.95 -3.707 7.12 -2.825 -3.924 6.821 -2.056 -3.924 6.981 -2.119 -3.707 7.3
4 16 -2.161 -3.383 7.512 -3.033 -3.383 7.321 -2.95 -3.707 7.12 -2.119 -3.707 7.3
4 16 -3.062 -3 7.391 -3.033 -3.383 7.321 -2.161 -3.383 7.512 -2.176 -3 7.587
4 16 -3.033 -2.617 7.321 -3.062 -3 7.391 -2.176 -3 7.587 -2.161 -2.617 7.512
4 16 -2.119 -2.293 7.3 -2.95 -2.293 7.12 -3.033 -2.617 7.321 -2.161 -2.617 7.512
4 16 -2.825 -2.076 6.821 -2.95 -2.293 7.12 -2.119 -2.293 7.3 -2.056 -2.076 6.981
4 16 -1.981 -2 6.606 -2.679 -2 6.467 -2.825 -2.076 6.821 -2.056 -2.076 6.981
5 24 -1.981 -4 6.606 -2.679 -4 6.467 -1.981 -4 5.606 -2.056 -3.924 6.981
5 24 -2.825 -3.924 6.821 -2.056 -3.924 6.981 -1.981 -4 6.606 -2.95 -3.707 7.12
5 24 -2.95 -3.707 7.12 -2.119 -3.707 7.3 -2.056 -3.924 6.981 -3.033 -3.383 7.321
5 24 -3.033 -3.383 7.321 -2.161 -3.383 7.512 -2.119 -3.707 7.3 -3.062 -3 7.391
5 24 -3.062 -3 7.391 -2.176 -3 7.587 -2.161 -3.383 7.512 -3.033 -2.617 7.321
5 24 -3.033 -2.617 7.321 -2.161 -2.617 7.512 -2.176 -3 7.587 -2.95 -2.293 7.12
5 24 -2.95 -2.293 7.12 -2.119 -2.293 7.3 -2.161 -2.617 7.512 -2.825 -2.076 6.821
5 24 -2.825 -2.076 6.821 -2.056 -2.076 6.981 -2.119 -2.293 7.3 -2.679 -2 6.467
1 16 -1.981 -3 6.606 0.9808 0.1951 0 0 0 1 0.1951 -0.9808 0 1-4ndis.dat
1 16 -1.981 -3 6.606 0.9808 0.1951 0 0 0 1 0.1951 -0.9808 0 1-4edge.dat
1 16 -1.981 -3 5.606 0.9808 0 0 0 0 -1 0.1951 1 0 1-4edge.dat
1 16 -1.981 -3 5.606 0.9808 0 0 0 0 -1 0.1951 1 0 1-4disc.dat
1 16 -1.981 -3 5.606 0.9808 0 0 0 0 -1 0.1951 1 0 1-4cyli.dat
1 16 -1.981 -3 6.606 0 0.9808 -0.1951 -1 0 0 0 0.1951 0.9808 2-8sphe.dat
4 16 -2.296 0 5.543 -1 -1 5.8 -1 -3 5.8 -1.981 -3 5.606
4 16 -1.981 -4 5.606 -2.296 -4 5.543 -2.296 0 5.543 -1.981 -3 5.606
2 24 -1 -1 6.8 -1 -2 6.8
2 24 -1 -2 6.8 -1 -3 6.8
2 24 -1 -3 5.8 -1 -1 5.8
3 16 -1 -3 6.8 -1 -3 5.8 -1 -2 6.8
4 16 -1 -2 6.8 -1 -3 5.8 -1 -1 5.8 -1 -1 6.8
1 16 -0.5 -1 6.4 0 0 -0.5 0 1 0 0.5 0 -0.1 rect3.dat
4 16 -1 -1 5.8 -2.296 0 5.543 0 0 6 0 -1 6
5 24 0 0 6 0 -1 6 2.296 0 5.543 -2.296 0 5.543
0 BFC INVERTNEXT
1 16 0 -4 0 -2.2961 0 -5.5433 0 4 0 5.5433 0 -2.2961 1-8cyli.dat
0 // mirrored
2 24 -5.606 -4 1.981 -5.543 -4 2.296
4 16 -5.606 -4 1.981 -5.543 -4 2.296 -6.467 -4 2.679 -6.606 -4 1.981
2 24 -6.606 -2 1.981 -6.467 -2 2.679
4 16 -6.606 -2 1.981 -6.467 -2 2.679 -6.467 0 2.679 -6.8 -1 1
3 16 -6.606 -2 1.981 -6.8 -1 1 -6.8 -2 1
4 16 -6.467 0 2.679 -7 0 0 -7 -1 0 -6.8 -1 1
1 16 0 -3 0 -6.4672 0 2.6788 0 7 0 2.6788 0 6.4672 t16o1429.dat
1 16 0 -3 0 -4.9497 0 -4.9497 0 -7 0 4.9497 0 -4.9497 t16o1429.dat
4 16 -6.606 -4 1.981 -6.467 -4 2.679 -6.821 -3.924 2.825 -6.981 -3.924 2.056
4 16 -7.3 -3.707 2.119 -6.981 -3.924 2.056 -6.821 -3.924 2.825 -7.12 -3.707 2.95
4 16 -7.3 -3.707 2.119 -7.12 -3.707 2.95 -7.321 -3.383 3.033 -7.512 -3.383 2.161
4 16 -7.587 -3 2.176 -7.512 -3.383 2.161 -7.321 -3.383 3.033 -7.391 -3 3.062
4 16 -7.512 -2.617 2.161 -7.587 -3 2.176 -7.391 -3 3.062 -7.321 -2.617 3.033
4 16 -7.512 -2.617 2.161 -7.321 -2.617 3.033 -7.12 -2.293 2.95 -7.3 -2.293 2.119
4 16 -6.981 -2.076 2.056 -7.3 -2.293 2.119 -7.12 -2.293 2.95 -6.821 -2.076 2.825
4 16 -6.981 -2.076 2.056 -6.821 -2.076 2.825 -6.467 -2 2.679 -6.606 -2 1.981
5 24 -6.606 -4 1.981 -6.467 -4 2.679 -5.606 -4 1.981 -6.981 -3.924 2.056
5 24 -6.821 -3.924 2.825 -6.981 -3.924 2.056 -6.606 -4 1.981 -7.12 -3.707 2.95
5 24 -7.12 -3.707 2.95 -7.3 -3.707 2.119 -6.981 -3.924 2.056 -7.321 -3.383 3.033
5 24 -7.321 -3.383 3.033 -7.512 -3.383 2.161 -7.3 -3.707 2.119 -7.391 -3 3.062
5 24 -7.391 -3 3.062 -7.587 -3 2.176 -7.512 -3.383 2.161 -7.321 -2.617 3.033
5 24 -7.321 -2.617 3.033 -7.512 -2.617 2.161 -7.587 -3 2.176 -7.12 -2.293 2.95
5 24 -7.12 -2.293 2.95 -7.3 -2.293 2.119 -7.512 -2.617 2.161 -6.821 -2.076 2.825
5 24 -6.821 -2.076 2.825 -6.981 -2.076 2.056 -7.3 -2.293 2.119 -6.467 -2 2.679
1 16 -6.606 -3 1.981 -0.1951 0.9808 0 0 0 1 -0.9808 -0.1951 0 1-4ndis.dat
1 16 -6.606 -3 1.981 -0.1951 0.9808 0 0 0 1 -0.9808 -0.1951 0 1-4edge.dat
1 16 -5.606 -3 1.981 -0.1951 -1 0 0 0 -1 -0.9808 0 0 1-4edge.dat
1 16 -5.606 -3 1.981 -0.1951 -1 0 0 0 -1 -0.9808 0 0 1-4disc.dat
1 16 -5.606 -3 1.981 -0.1951 -1 0 0 0 -1 -0.9808 0 0 1-4cyli.dat
1 16 -6.606 -3 1.981 0 -0.1951 -0.9808 -1 0 0 0 -0.9808 0.1951 2-8sphe.dat
4 16 -5.543 0 2.296 -5.543 -4 2.296 -5.606 -4 1.981 -5.606 -3 1.981
4 16 -5.8 -3 1 -5.8 -1 1 -5.543 0 2.296 -5.606 -3 1.981
2 24 -6.8 -1 1 -6.8 -2 1
2 24 -6.8 -2 1 -6.8 -3 1
2 24 -5.8 -3 1 -5.8 -1 1
3 16 -6.8 -2 1 -5.8 -3 1 -6.8 -3 1
4 16 -6.8 -1 1 -5.8 -1 1 -5.8 -3 1 -6.8 -2 1
1 16 -6.4 -1 0.5 0.5 0 0.1 0 1 0 0 0 0.5 rect3.dat
4 16 -6 0 0 -5.543 0 2.296 -5.8 -1 1 -6 -1 0
0 // condlines
5 24 -2.679 0 6.467 -2.679 -2 6.467 0 0 7 -4.95 0 4.95
5 24 -6.467 0 2.679 -6.467 -2 2.679 -7 0 0 -4.95 0 4.95
5 24 -2.296 -4 5.543 -2.296 0 5.543 -1.981 -4 5.606 -4.243 -4 4.243
5 24 -5.543 -4 2.296 -5.543 0 2.296 -5.606 -4 1.981 -4.243 -4 4.243
5 24 -1.981 -4 6.606 -2.056 -3.924 6.981 -2.825 -3.924 6.821 -1.68 -3.841 7.056
5 24 -2.056 -3.924 6.981 -2.119 -3.707 7.3 -2.95 -3.707 7.12 -1.733 -3.653 7.321
5 24 -2.119 -3.707 7.3 -2.161 -3.383 7.512 -3.033 -3.383 7.321 -1.77 -3.383 7.505
5 24 -2.161 -3.383 7.512 -2.176 -3 7.587 -3.062 -3 7.391 -1.786 -3 7.587
5 24 -2.176 -3 7.587 -2.161 -2.617 7.512 -3.033 -2.617 7.321 -1.77 -2.617 7.505
5 24 -2.161 -2.617 7.512 -2.119 -2.293 7.3 -1.733 -2.347 7.321 -2.95 -2.293 7.12
5 24 -2.119 -2.293 7.3 -2.056 -2.076 6.981 -2.825 -2.076 6.821 -1.68 -2.159 7.056
5 24 -2.056 -2.076 6.981 -1.981 -2 6.606 -2.679 -2 6.467 -1.606 -2.076 6.681
5 24 -6.606 -4 1.981 -6.981 -3.924 2.056 -6.821 -3.924 2.825 -7.056 -3.841 1.68
5 24 -6.981 -3.924 2.056 -7.3 -3.707 2.119 -7.12 -3.707 2.95 -7.321 -3.653 1.733
5 24 -7.3 -3.707 2.119 -7.512 -3.383 2.161 -7.321 -3.383 3.033 -7.505 -3.383 1.77
5 24 -7.512 -3.383 2.161 -7.587 -3 2.176 -7.391 -3 3.062 -7.587 -3 1.786
5 24 -7.587 -3 2.176 -7.512 -2.617 2.161 -7.321 -2.617 3.033 -7.505 -2.617 1.77
5 24 -7.512 -2.617 2.161 -7.3 -2.293 2.119 -7.321 -2.347 1.733 -7.12 -2.293 2.95
5 24 -7.3 -2.293 2.119 -6.981 -2.076 2.056 -6.821 -2.076 2.825 -7.056 -2.159 1.68
5 24 -6.981 -2.076 2.056 -6.606 -2 1.981 -6.467 -2 2.679 -6.681 -2.076 1.606
5 24 -1.075 -3.383 6.786 -1 -3 6.801 -1 -3 5.801 -1.149 -3 7.162
5 24 -1.287 -3.707 6.744 -1.075 -3.383 6.786 -1.075 -3.383 5.786 -1.231 -3.383 7.145
5 24 -1.606 -3.924 6.681 -1.287 -3.707 6.744 -1.287 -3.707 5.744 -1.415 -3.653 7.109
5 24 -1.981 -4 6.606 -1.606 -3.924 6.681 -1.606 -3.924 5.681 -1.68 -3.841 7.056
5 24 -6.801 -3 1 -6.786 -3.383 1.075 -5.786 -3.383 1.075 -7.145 -3.383 1.231
5 24 -6.786 -3.383 1.075 -6.744 -3.707 1.287 -5.744 -3.707 1.287 -7.109 -3.653 1.415
5 24 -6.744 -3.707 1.287 -6.681 -3.924 1.606 -5.681 -3.924 1.606 -7.056 -3.841 1.68
5 24 -6.681 -3.924 1.606 -6.606 -4 1.981 -5.606 -4 1.981 -6.981 -3.924 2.056
0 //
2 24 -5.606 -4 -1.981 -5.543 -4 -2.296
1 16 0 -4 0 -5.5433 0 2.2961 0 1 0 -2.2961 0 -5.5433 1-8edge.dat
1 16 0 -4 0 -0.9239 0 0.3827 0 1 0 -0.3827 0 -0.9239 1-8ring6.dat
4 16 -6.606 -4 -1.981 -6.467 -4 -2.679 -5.543 -4 -2.296 -5.606 -4 -1.981
2 24 -6.606 -2 -1.981 -6.467 -2 -2.679
1 16 0 -2 0 -6.4672 0 2.6788 0 1 0 -2.6788 0 -6.4672 1-8edge.dat
1 16 0 -2 0 -6.4672 0 2.6788 0 2 0 -2.6788 0 -6.4672 1-8cyli.dat
4 16 -6.8 -1 -1 -6.467 0 -2.679 -6.467 -2 -2.679 -6.606 -2 -1.981
3 16 -6.8 -2 -1 -6.8 -1 -1 -6.606 -2 -1.981
4 16 -6.8 -1 -1 -7 -1 0 -7 0 0 -6.467 0 -2.679
5 24 -7 0 0 -7 -1 0 -6.467 0 2.679 -6.467 0 -2.679
1 16 0 -3 0 -6.4672 0 2.6788 0 7 0 -2.6788 0 -6.4672 t16o1429.dat
1 16 0 -3 0 -4.9497 0 -4.9497 0 -7 0 -4.9497 0 4.9497 t16o1429.dat
4 16 -6.981 -3.924 -2.056 -6.821 -3.924 -2.825 -6.467 -4 -2.679 -6.606 -4 -1.981
4 16 -7.12 -3.707 -2.95 -6.821 -3.924 -2.825 -6.981 -3.924 -2.056 -7.3 -3.707 -2.119
4 16 -7.512 -3.383 -2.161 -7.321 -3.383 -3.033 -7.12 -3.707 -2.95 -7.3 -3.707 -2.119
4 16 -7.391 -3 -3.062 -7.321 -3.383 -3.033 -7.512 -3.383 -2.161 -7.587 -3 -2.176
4 16 -7.321 -2.617 -3.033 -7.391 -3 -3.062 -7.587 -3 -2.176 -7.512 -2.617 -2.161
4 16 -7.3 -2.293 -2.119 -7.12 -2.293 -2.95 -7.321 -2.617 -3.033 -7.512 -2.617 -2.161
4 16 -6.821 -2.076 -2.825 -7.12 -2.293 -2.95 -7.3 -2.293 -2.119 -6.981 -2.076 -2.056
4 16 -6.606 -2 -1.981 -6.467 -2 -2.679 -6.821 -2.076 -2.825 -6.981 -2.076 -2.056
5 24 -6.606 -4 -1.981 -6.467 -4 -2.679 -5.606 -4 -1.981 -6.981 -3.924 -2.056
5 24 -6.821 -3.924 -2.825 -6.981 -3.924 -2.056 -6.606 -4 -1.981 -7.12 -3.707 -2.95
5 24 -7.12 -3.707 -2.95 -7.3 -3.707 -2.119 -6.981 -3.924 -2.056 -7.321 -3.383 -3.033
5 24 -7.321 -3.383 -3.033 -7.512 -3.383 -2.161 -7.3 -3.707 -2.119 -7.391 -3 -3.062
5 24 -7.391 -3 -3.062 -7.587 -3 -2.176 -7.512 -3.383 -2.161 -7.321 -2.617 -3.033
5 24 -7.321 -2.617 -3.033 -7.512 -2.617 -2.161 -7.587 -3 -2.176 -7.12 -2.293 -2.95
5 24 -7.12 -2.293 -2.95 -7.3 -2.293 -2.119 -7.512 -2.617 -2.161 -6.821 -2.076 -2.825
5 24 -6.821 -2.076 -2.825 -6.981 -2.076 -2.056 -7.3 -2.293 -2.119 -6.467 -2 -2.679
1 16 -6.606 -3 -1.981 -0.1951 0.9808 0 0 0 1 0.9808 0.1951 0 1-4ndis.dat
1 16 -6.606 -3 -1.981 -0.1951 0.9808 0 0 0 1 0.9808 0.1951 0 1-4edge.dat
1 16 -5.606 -3 -1.981 -0.1951 -1 0 0 0 -1 0.9808 0 0 1-4edge.dat
1 16 -5.606 -3 -1.981 -0.1951 -1 0 0 0 -1 0.9808 0 0 1-4disc.dat
1 16 -5.606 -3 -1.981 -0.1951 -1 0 0 0 -1 0.9808 0 0 1-4cyli.dat
1 16 -6.606 -3 -1.981 0 -0.1951 -0.9808 -1 0 0 0 0.9808 -0.1951 2-8sphe.dat
4 16 -5.543 0 -2.296 -5.8 -1 -1 -5.8 -3 -1 -5.606 -3 -1.981
4 16 -5.606 -4 -1.981 -5.543 -4 -2.296 -5.543 0 -2.296 -5.606 -3 -1.981
2 24 -6.8 -1 -1 -6.8 -2 -1
2 24 -6.8 -2 -1 -6.8 -3 -1
2 24 -5.8 -3 -1 -5.8 -1 -1
3 16 -6.8 -3 -1 -5.8 -3 -1 -6.8 -2 -1
4 16 -6.8 -2 -1 -5.8 -3 -1 -5.8 -1 -1 -6.8 -1 -1
1 16 -6.4 -1 -0.5 -0.5 0 0.1 0 1 0 0 0 -0.5 rect3.dat
4 16 -5.8 -1 -1 -5.543 0 -2.296 -6 0 0 -6 -1 0
5 24 -6 0 0 -6 -1 0 -5.543 0 2.296 -5.543 0 -2.296
0 BFC INVERTNEXT
1 16 0 -4 0 -5.5433 0 2.2961 0 4 0 -2.2961 0 -5.5433 1-8cyli.dat
0 // mirrored
2 24 -1.981 -4 -5.606 -2.296 -4 -5.543
4 16 -1.981 -4 -5.606 -2.296 -4 -5.543 -2.679 -4 -6.467 -1.981 -4 -6.606
2 24 -1.981 -2 -6.606 -2.679 -2 -6.467
4 16 -1.981 -2 -6.606 -2.679 -2 -6.467 -2.679 0 -6.467 -1 -1 -6.8
3 16 -1.981 -2 -6.606 -1 -1 -6.8 -1 -2 -6.8
4 16 -2.679 0 -6.467 0 0 -7 0 -1 -7 -1 -1 -6.8
1 16 0 -3 0 -2.6788 0 -6.4672 0 7 0 -6.4672 0 2.6788 t16o1429.dat
1 16 0 -3 0 -4.9497 0 4.9497 0 -7 0 -4.9497 0 -4.9497 t16o1429.dat
4 16 -1.981 -4 -6.606 -2.679 -4 -6.467 -2.825 -3.924 -6.821 -2.056 -3.924 -6.981
4 16 -2.119 -3.707 -7.3 -2.056 -3.924 -6.981 -2.825 -3.924 -6.821 -2.95 -3.707 -7.12
4 16 -2.119 -3.707 -7.3 -2.95 -3.707 -7.12 -3.033 -3.383 -7.321 -2.161 -3.383 -7.512
4 16 -2.176 -3 -7.587 -2.161 -3.383 -7.512 -3.033 -3.383 -7.321 -3.062 -3 -7.391
4 16 -2.161 -2.617 -7.512 -2.176 -3 -7.587 -3.062 -3 -7.391 -3.033 -2.617 -7.321
4 16 -2.161 -2.617 -7.512 -3.033 -2.617 -7.321 -2.95 -2.293 -7.12 -2.119 -2.293 -7.3
4 16 -2.056 -2.076 -6.981 -2.119 -2.293 -7.3 -2.95 -2.293 -7.12 -2.825 -2.076 -6.821
4 16 -2.056 -2.076 -6.981 -2.825 -2.076 -6.821 -2.679 -2 -6.467 -1.981 -2 -6.606
5 24 -1.981 -4 -6.606 -2.679 -4 -6.467 -1.981 -4 -5.606 -2.056 -3.924 -6.981
5 24 -2.825 -3.924 -6.821 -2.056 -3.924 -6.981 -1.981 -4 -6.606 -2.95 -3.707 -7.12
5 24 -2.95 -3.707 -7.12 -2.119 -3.707 -7.3 -2.056 -3.924 -6.981 -3.033 -3.383 -7.321
5 24 -3.033 -3.383 -7.321 -2.161 -3.383 -7.512 -2.119 -3.707 -7.3 -3.062 -3 -7.391
5 24 -3.062 -3 -7.391 -2.176 -3 -7.587 -2.161 -3.383 -7.512 -3.033 -2.617 -7.321
5 24 -3.033 -2.617 -7.321 -2.161 -2.617 -7.512 -2.176 -3 -7.587 -2.95 -2.293 -7.12
5 24 -2.95 -2.293 -7.12 -2.119 -2.293 -7.3 -2.161 -2.617 -7.512 -2.825 -2.076 -6.821
5 24 -2.825 -2.076 -6.821 -2.056 -2.076 -6.981 -2.119 -2.293 -7.3 -2.679 -2 -6.467
1 16 -1.981 -3 -6.606 0.9808 0.1951 0 0 0 1 -0.1951 0.9808 0 1-4ndis.dat
1 16 -1.981 -3 -6.606 0.9808 0.1951 0 0 0 1 -0.1951 0.9808 0 1-4edge.dat
1 16 -1.981 -3 -5.606 0.9808 0 0 0 0 -1 -0.1951 -1 0 1-4edge.dat
1 16 -1.981 -3 -5.606 0.9808 0 0 0 0 -1 -0.1951 -1 0 1-4disc.dat
1 16 -1.981 -3 -5.606 0.9808 0 0 0 0 -1 -0.1951 -1 0 1-4cyli.dat
1 16 -1.981 -3 -6.606 0 0.9808 -0.1951 -1 0 0 0 -0.1951 -0.9808 2-8sphe.dat
4 16 -2.296 0 -5.543 -2.296 -4 -5.543 -1.981 -4 -5.606 -1.981 -3 -5.606
4 16 -1 -3 -5.8 -1 -1 -5.8 -2.296 0 -5.543 -1.981 -3 -5.606
2 24 -1 -1 -6.8 -1 -2 -6.8
2 24 -1 -2 -6.8 -1 -3 -6.8
2 24 -1 -3 -5.8 -1 -1 -5.8
3 16 -1 -2 -6.8 -1 -3 -5.8 -1 -3 -6.8
4 16 -1 -1 -6.8 -1 -1 -5.8 -1 -3 -5.8 -1 -2 -6.8
1 16 -0.5 -1 -6.4 0 0 -0.5 0 1 0 0.5 0 0.1 rect3.dat
4 16 0 0 -6 -2.296 0 -5.543 -1 -1 -5.8 0 -1 -6
0 // condlines
5 24 -6.467 0 -2.679 -6.467 -2 -2.679 -7 0 0 -4.95 0 -4.95
5 24 -2.679 0 -6.467 -2.679 -2 -6.467 0 0 -7 -4.95 0 -4.95
5 24 -5.543 -4 -2.296 -5.543 0 -2.296 -5.606 -4 -1.981 -4.243 -4 -4.243
5 24 -2.296 -4 -5.543 -2.296 0 -5.543 -1.981 -4 -5.606 -4.243 -4 -4.243
5 24 -6.606 -4 -1.981 -6.981 -3.924 -2.056 -6.821 -3.924 -2.825 -7.056 -3.841 -1.68
5 24 -6.981 -3.924 -2.056 -7.3 -3.707 -2.119 -7.12 -3.707 -2.95 -7.321 -3.653 -1.733
5 24 -7.3 -3.707 -2.119 -7.512 -3.383 -2.161 -7.321 -3.383 -3.033 -7.505 -3.383 -1.77
5 24 -7.512 -3.383 -2.161 -7.587 -3 -2.176 -7.391 -3 -3.062 -7.587 -3 -1.786
5 24 -7.587 -3 -2.176 -7.512 -2.617 -2.161 -7.321 -2.617 -3.033 -7.505 -2.617 -1.77
5 24 -7.512 -2.617 -2.161 -7.3 -2.293 -2.119 -7.321 -2.347 -1.733 -7.12 -2.293 -2.95
5 24 -7.3 -2.293 -2.119 -6.981 -2.076 -2.056 -6.821 -2.076 -2.825 -7.056 -2.159 -1.68
5 24 -6.981 -2.076 -2.056 -6.606 -2 -1.981 -6.467 -2 -2.679 -6.681 -2.076 -1.606
5 24 -1.981 -4 -6.606 -2.056 -3.924 -6.981 -2.825 -3.924 -6.821 -1.68 -3.841 -7.056
5 24 -2.056 -3.924 -6.981 -2.119 -3.707 -7.3 -2.95 -3.707 -7.12 -1.733 -3.653 -7.321
5 24 -2.119 -3.707 -7.3 -2.161 -3.383 -7.512 -3.033 -3.383 -7.321 -1.77 -3.383 -7.505
5 24 -2.161 -3.383 -7.512 -2.176 -3 -7.587 -3.062 -3 -7.391 -1.786 -3 -7.587
5 24 -2.176 -3 -7.587 -2.161 -2.617 -7.512 -3.033 -2.617 -7.321 -1.77 -2.617 -7.505
5 24 -2.161 -2.617 -7.512 -2.119 -2.293 -7.3 -1.733 -2.347 -7.321 -2.95 -2.293 -7.12
5 24 -2.119 -2.293 -7.3 -2.056 -2.076 -6.981 -2.825 -2.076 -6.821 -1.68 -2.159 -7.056
5 24 -2.056 -2.076 -6.981 -1.981 -2 -6.606 -2.679 -2 -6.467 -1.606 -2.076 -6.681
5 24 -6.786 -3.383 -1.075 -6.801 -3 -1 -5.801 -3 -1 -7.162 -3 -1.149
5 24 -6.744 -3.707 -1.287 -6.786 -3.383 -1.075 -5.786 -3.383 -1.075 -7.145 -3.383 -1.231
5 24 -6.681 -3.924 -1.606 -6.744 -3.707 -1.287 -5.744 -3.707 -1.287 -7.109 -3.653 -1.415
5 24 -6.606 -4 -1.981 -6.681 -3.924 -1.606 -5.681 -3.924 -1.606 -7.056 -3.841 -1.68
5 24 -1 -3 -6.801 -1.075 -3.383 -6.786 -1.075 -3.383 -5.786 -1.231 -3.383 -7.145
5 24 -1.075 -3.383 -6.786 -1.287 -3.707 -6.744 -1.287 -3.707 -5.744 -1.415 -3.653 -7.109
5 24 -1.287 -3.707 -6.744 -1.606 -3.924 -6.681 -1.606 -3.924 -5.681 -1.68 -3.841 -7.056
5 24 -1.606 -3.924 -6.681 -1.981 -4 -6.606 -1.981 -4 -5.606 -2.056 -3.924 -6.981
0 //
2 24 1.981 -4 -5.606 2.296 -4 -5.543
1 16 0 -4 0 2.2961 0 5.5433 0 1 0 -5.5433 0 2.2961 1-8edge.dat
1 16 0 -4 0 0.3827 0 0.9239 0 1 0 -0.9239 0 0.3827 1-8ring6.dat
4 16 1.981 -4 -6.606 2.679 -4 -6.467 2.296 -4 -5.543 1.981 -4 -5.606
2 24 1.981 -2 -6.606 2.679 -2 -6.467
1 16 0 -2 0 2.6788 0 6.4672 0 1 0 -6.4672 0 2.6788 1-8edge.dat
1 16 0 -2 0 2.6788 0 6.4672 0 2 0 -6.4672 0 2.6788 1-8cyli.dat
4 16 1 -1 -6.8 2.679 0 -6.467 2.679 -2 -6.467 1.981 -2 -6.606
3 16 1 -2 -6.8 1 -1 -6.8 1.981 -2 -6.606
4 16 1 -1 -6.8 0 -1 -7 0 0 -7 2.679 0 -6.467
5 24 0 0 -7 0 -1 -7 -2.679 0 -6.467 2.679 0 -6.467
1 16 0 -3 0 2.6788 0 6.4672 0 7 0 -6.4672 0 2.6788 t16o1429.dat
1 16 0 -3 0 4.9497 0 -4.9497 0 -7 0 -4.9497 0 -4.9497 t16o1429.dat
4 16 2.056 -3.924 -6.981 2.825 -3.924 -6.821 2.679 -4 -6.467 1.981 -4 -6.606
4 16 2.95 -3.707 -7.12 2.825 -3.924 -6.821 2.056 -3.924 -6.981 2.119 -3.707 -7.3
4 16 2.161 -3.383 -7.512 3.033 -3.383 -7.321 2.95 -3.707 -7.12 2.119 -3.707 -7.3
4 16 3.062 -3 -7.391 3.033 -3.383 -7.321 2.161 -3.383 -7.512 2.176 -3 -7.587
4 16 3.033 -2.617 -7.321 3.062 -3 -7.391 2.176 -3 -7.587 2.161 -2.617 -7.512
4 16 2.119 -2.293 -7.3 2.95 -2.293 -7.12 3.033 -2.617 -7.321 2.161 -2.617 -7.512
4 16 2.825 -2.076 -6.821 2.95 -2.293 -7.12 2.119 -2.293 -7.3 2.056 -2.076 -6.981
4 16 1.981 -2 -6.606 2.679 -2 -6.467 2.825 -2.076 -6.821 2.056 -2.076 -6.981
5 24 1.981 -4 -6.606 2.679 -4 -6.467 1.981 -4 -5.606 2.056 -3.924 -6.981
5 24 2.825 -3.924 -6.821 2.056 -3.924 -6.981 1.981 -4 -6.606 2.95 -3.707 -7.12
5 24 2.95 -3.707 -7.12 2.119 -3.707 -7.3 2.056 -3.924 -6.981 3.033 -3.383 -7.321
5 24 3.033 -3.383 -7.321 2.161 -3.383 -7.512 2.119 -3.707 -7.3 3.062 -3 -7.391
5 24 3.062 -3 -7.391 2.176 -3 -7.587 2.161 -3.383 -7.512 3.033 -2.617 -7.321
5 24 3.033 -2.617 -7.321 2.161 -2.617 -7.512 2.176 -3 -7.587 2.95 -2.293 -7.12
5 24 2.95 -2.293 -7.12 2.119 -2.293 -7.3 2.161 -2.617 -7.512 2.825 -2.076 -6.821
5 24 2.825 -2.076 -6.821 2.056 -2.076 -6.981 2.119 -2.293 -7.3 2.679 -2 -6.467
1 16 1.981 -3 -6.606 -0.9808 -0.1951 0 0 0 1 -0.1951 0.9808 0 1-4ndis.dat
1 16 1.981 -3 -6.606 -0.9808 -0.1951 0 0 0 1 -0.1951 0.9808 0 1-4edge.dat
1 16 1.981 -3 -5.606 -0.9808 0 0 0 0 -1 -0.1951 -1 0 1-4edge.dat
1 16 1.981 -3 -5.606 -0.9808 0 0 0 0 -1 -0.1951 -1 0 1-4disc.dat
1 16 1.981 -3 -5.606 -0.9808 0 0 0 0 -1 -0.1951 -1 0 1-4cyli.dat
1 16 1.981 -3 -6.606 0 -0.9808 0.1951 -1 0 0 0 -0.1951 -0.9808 2-8sphe.dat
4 16 2.296 0 -5.543 1 -1 -5.8 1 -3 -5.8 1.981 -3 -5.606
4 16 1.981 -4 -5.606 2.296 -4 -5.543 2.296 0 -5.543 1.981 -3 -5.606
2 24 1 -1 -6.8 1 -2 -6.8
2 24 1 -2 -6.8 1 -3 -6.8
2 24 1 -3 -5.8 1 -1 -5.8
3 16 1 -3 -6.8 1 -3 -5.8 1 -2 -6.8
4 16 1 -2 -6.8 1 -3 -5.8 1 -1 -5.8 1 -1 -6.8
1 16 0.5 -1 -6.4 0 0 0.5 0 1 0 -0.5 0 0.1 rect3.dat
4 16 1 -1 -5.8 2.296 0 -5.543 0 0 -6 0 -1 -6
5 24 0 0 -6 0 -1 -6 -2.296 0 -5.543 2.296 0 -5.543
0 BFC INVERTNEXT
1 16 0 -4 0 2.2961 0 5.5433 0 4 0 -5.5433 0 2.2961 1-8cyli.dat
0 // mirrored
2 24 5.606 -4 -1.981 5.543 -4 -2.296
4 16 5.606 -4 -1.981 5.543 -4 -2.296 6.467 -4 -2.679 6.606 -4 -1.981
2 24 6.606 -2 -1.981 6.467 -2 -2.679
4 16 6.606 -2 -1.981 6.467 -2 -2.679 6.467 0 -2.679 6.8 -1 -1
3 16 6.606 -2 -1.981 6.8 -1 -1 6.8 -2 -1
4 16 6.467 0 -2.679 7 0 0 7 -1 0 6.8 -1 -1
1 16 0 -3 0 6.4672 0 -2.6788 0 7 0 -2.6788 0 -6.4672 t16o1429.dat
1 16 0 -3 0 4.9497 0 4.9497 0 -7 0 -4.9497 0 4.9497 t16o1429.dat
4 16 6.606 -4 -1.981 6.467 -4 -2.679 6.821 -3.924 -2.825 6.981 -3.924 -2.056
4 16 7.3 -3.707 -2.119 6.981 -3.924 -2.056 6.821 -3.924 -2.825 7.12 -3.707 -2.95
4 16 7.3 -3.707 -2.119 7.12 -3.707 -2.95 7.321 -3.383 -3.033 7.512 -3.383 -2.161
4 16 7.587 -3 -2.176 7.512 -3.383 -2.161 7.321 -3.383 -3.033 7.391 -3 -3.062
4 16 7.512 -2.617 -2.161 7.587 -3 -2.176 7.391 -3 -3.062 7.321 -2.617 -3.033
4 16 7.512 -2.617 -2.161 7.321 -2.617 -3.033 7.12 -2.293 -2.95 7.3 -2.293 -2.119
4 16 6.981 -2.076 -2.056 7.3 -2.293 -2.119 7.12 -2.293 -2.95 6.821 -2.076 -2.825
4 16 6.981 -2.076 -2.056 6.821 -2.076 -2.825 6.467 -2 -2.679 6.606 -2 -1.981
5 24 6.606 -4 -1.981 6.467 -4 -2.679 5.606 -4 -1.981 6.981 -3.924 -2.056
5 24 6.821 -3.924 -2.825 6.981 -3.924 -2.056 6.606 -4 -1.981 7.12 -3.707 -2.95
5 24 7.12 -3.707 -2.95 7.3 -3.707 -2.119 6.981 -3.924 -2.056 7.321 -3.383 -3.033
5 24 7.321 -3.383 -3.033 7.512 -3.383 -2.161 7.3 -3.707 -2.119 7.391 -3 -3.062
5 24 7.391 -3 -3.062 7.587 -3 -2.176 7.512 -3.383 -2.161 7.321 -2.617 -3.033
5 24 7.321 -2.617 -3.033 7.512 -2.617 -2.161 7.587 -3 -2.176 7.12 -2.293 -2.95
5 24 7.12 -2.293 -2.95 7.3 -2.293 -2.119 7.512 -2.617 -2.161 6.821 -2.076 -2.825
5 24 6.821 -2.076 -2.825 6.981 -2.076 -2.056 7.3 -2.293 -2.119 6.467 -2 -2.679
1 16 6.606 -3 -1.981 0.1951 -0.9808 0 0 0 1 0.9808 0.1951 0 1-4ndis.dat
1 16 6.606 -3 -1.981 0.1951 -0.9808 0 0 0 1 0.9808 0.1951 0 1-4edge.dat
1 16 5.606 -3 -1.981 0.1951 1 0 0 0 -1 0.9808 0 0 1-4edge.dat
1 16 5.606 -3 -1.981 0.1951 1 0 0 0 -1 0.9808 0 0 1-4disc.dat
1 16 5.606 -3 -1.981 0.1951 1 0 0 0 -1 0.9808 0 0 1-4cyli.dat
1 16 6.606 -3 -1.981 0 0.1951 0.9808 -1 0 0 0 0.9808 -0.1951 2-8sphe.dat
4 16 5.543 0 -2.296 5.543 -4 -2.296 5.606 -4 -1.981 5.606 -3 -1.981
4 16 5.8 -3 -1 5.8 -1 -1 5.543 0 -2.296 5.606 -3 -1.981
2 24 6.8 -1 -1 6.8 -2 -1
2 24 6.8 -2 -1 6.8 -3 -1
2 24 5.8 -3 -1 5.8 -1 -1
3 16 6.8 -2 -1 5.8 -3 -1 6.8 -3 -1
4 16 6.8 -1 -1 5.8 -1 -1 5.8 -3 -1 6.8 -2 -1
1 16 6.4 -1 -0.5 -0.5 0 -0.1 0 1 0 0 0 -0.5 rect3.dat
4 16 6 0 0 5.543 0 -2.296 5.8 -1 -1 6 -1 0
0 // condlines
5 24 2.679 0 -6.467 2.679 -2 -6.467 0 0 -7 4.95 0 -4.95
5 24 6.467 0 -2.679 6.467 -2 -2.679 7 0 0 4.95 0 -4.95
5 24 2.296 -4 -5.543 2.296 0 -5.543 1.981 -4 -5.606 4.243 -4 -4.243
5 24 5.543 -4 -2.296 5.543 0 -2.296 5.606 -4 -1.981 4.243 -4 -4.243
5 24 1.981 -4 -6.606 2.056 -3.924 -6.981 2.825 -3.924 -6.821 1.68 -3.841 -7.056
5 24 2.056 -3.924 -6.981 2.119 -3.707 -7.3 2.95 -3.707 -7.12 1.733 -3.653 -7.321
5 24 2.119 -3.707 -7.3 2.161 -3.383 -7.512 3.033 -3.383 -7.321 1.77 -3.383 -7.505
5 24 2.161 -3.383 -7.512 2.176 -3 -7.587 3.062 -3 -7.391 1.786 -3 -7.587
5 24 2.176 -3 -7.587 2.161 -2.617 -7.512 3.033 -2.617 -7.321 1.77 -2.617 -7.505
5 24 2.161 -2.617 -7.512 2.119 -2.293 -7.3 1.733 -2.347 -7.321 2.95 -2.293 -7.12
5 24 2.119 -2.293 -7.3 2.056 -2.076 -6.981 2.825 -2.076 -6.821 1.68 -2.159 -7.056
5 24 2.056 -2.076 -6.981 1.981 -2 -6.606 2.679 -2 -6.467 1.606 -2.076 -6.681
5 24 6.606 -4 -1.981 6.981 -3.924 -2.056 6.821 -3.924 -2.825 7.056 -3.841 -1.68
5 24 6.981 -3.924 -2.056 7.3 -3.707 -2.119 7.12 -3.707 -2.95 7.321 -3.653 -1.733
5 24 7.3 -3.707 -2.119 7.512 -3.383 -2.161 7.321 -3.383 -3.033 7.505 -3.383 -1.77
5 24 7.512 -3.383 -2.161 7.587 -3 -2.176 7.391 -3 -3.062 7.587 -3 -1.786
5 24 7.587 -3 -2.176 7.512 -2.617 -2.161 7.321 -2.617 -3.033 7.505 -2.617 -1.77
5 24 7.512 -2.617 -2.161 7.3 -2.293 -2.119 7.321 -2.347 -1.733 7.12 -2.293 -2.95
5 24 7.3 -2.293 -2.119 6.981 -2.076 -2.056 6.821 -2.076 -2.825 7.056 -2.159 -1.68
5 24 6.981 -2.076 -2.056 6.606 -2 -1.981 6.467 -2 -2.679 6.681 -2.076 -1.606
5 24 1.075 -3.383 -6.786 1 -3 -6.801 1 -3 -5.801 1.149 -3 -7.162
5 24 1.287 -3.707 -6.744 1.075 -3.383 -6.786 1.075 -3.383 -5.786 1.231 -3.383 -7.145
5 24 1.606 -3.924 -6.681 1.287 -3.707 -6.744 1.287 -3.707 -5.744 1.415 -3.653 -7.109
5 24 1.981 -4 -6.606 1.606 -3.924 -6.681 1.606 -3.924 -5.681 1.68 -3.841 -7.056
5 24 6.801 -3 -1 6.786 -3.383 -1.075 5.786 -3.383 -1.075 7.145 -3.383 -1.231
5 24 6.786 -3.383 -1.075 6.744 -3.707 -1.287 5.744 -3.707 -1.287 7.109 -3.653 -1.415
5 24 6.744 -3.707 -1.287 6.681 -3.924 -1.606 5.681 -3.924 -1.606 7.056 -3.841 -1.68
5 24 6.681 -3.924 -1.606 6.606 -4 -1.981 5.606 -4 -1.981 6.981 -3.924 -2.056
0 FILE p/t16o1429.dat
0 Torus Outside  1 x 0.1429 x 0.0625
0 Name: t16o1429.dat
0 Author: Magnus Forsberg [MagFors]
0 !LDRAW_ORG Primitive UPDATE 2013-02
0 !LICENSE Licensed under CC BY 4.0 : see CAreadme.txt

0 BFC CERTIFY CCW

0 !HISTORY 2011-12-29 [PTadmin] Official Update 2011-02
0 !HISTORY 2013-09-27 [MMR1988] Recreated to fix condlines
0 !HISTORY 2013-12-23 [PTadmin] Official Update 2013-02


0 // Major Radius: 7
0 // Tube(Minor) Radius: 1
0 // Segments(Sweep): 1/16 = 0.0625
0 // 1 9 0 0 0 1 0 0 0 1 0 0 0 1 4-4edge.dat
0 // 1 12 1 0 0 0.1429 0 0 0 0 0.1429 0 1 0 4-4edge.dat

4 16 1 0.1429 0 0.9239 0.1429 0.3827 0.9744 0.132 0.4036 1.0547 0.132 0
4 16 1.0547 0.132 0 0.9744 0.132 0.4036 1.0172 0.101 0.4214 1.101 0.101 0
4 16 1.101 0.101 0 1.0172 0.101 0.4214 1.0458 0.0547 0.4332 1.132 0.0547 0
4 16 1.132 0.0547 0 1.0458 0.0547 0.4332 1.0559 0 0.4374 1.1429 0 0

0 // conditional lines
5 24 1 0.1429 0 0.9239 0.1429 0.3827 1.0547 0.132 0 0.9408 0.1429 0
5 24 1 0.1429 0 1.0547 0.132 0 0.9239 0.1429 0.3827 1 0.1429 -0.4142
5 24 1.0547 0.132 0 0.9744 0.132 0.4036 1.101 0.101 0 1 0.1429 0
5 24 1.0547 0.132 0 1.101 0.101 0 0.9744 0.132 0.4036 1.0547 0.132 -0.4368
5 24 1.101 0.101 0 1.0172 0.101 0.4214 1.132 0.0547 0 1.0547 0.132 0
5 24 1.101 0.101 0 1.132 0.0547 0 1.0172 0.101 0.4214 1.101 0.101 -0.456
5 24 1.132 0.0547 0 1.0458 0.0547 0.4332 1.1429 0 0 1.101 0.101 0
5 24 1.132 0.0547 0 1.1429 0 0 1.0458 0.0547 0.4332 1.132 0.0547 -0.4689
5 24 1.1429 0 0 1.0559 0 0.4374 1.1429 -0.0592 0 1.132 0.0547 0
5 24 0.9239 0.1429 0.3827 0.9744 0.132 0.4036 0.7654 0.1429 0.7654 1 0.1429 0
5 24 0.9744 0.132 0.4036 1.0172 0.101 0.4214 0.8072 0.132 0.8072 1.0547 0.132 0
5 24 1.0172 0.101 0.4214 1.0458 0.0547 0.4332 0.8427 0.101 0.8427 1.101 0.101 0
5 24 1.0458 0.0547 0.4332 1.0559 0 0.4374 0.8664 0.0547 0.8664 1.132 0.0547 0
0 // Build by Primitive Generator 2
0 FILE p/1-8cyli.dat
0 Cylinder 0.125
0 Name: 1-8cyli.dat
0 Author: James Jessiman
0 !LDRAW_ORG Primitive UPDATE 2005-01
0 !LICENSE Licensed under CC BY 4.0 : see CAreadme.txt

0 BFC CERTIFY CCW

0 !HISTORY 2002-04-25 [PTadmin] Official Update 2002-02
0 !HISTORY 2004-12-11 [nielsk] Recreated using Primitive Generator, Edge lines fixed, BFC changed to CCW
0 !HISTORY 2005-12-28 [PTadmin] Official Update 2005-01
0 !HISTORY 2007-06-22 [PTadmin] Header formatted for Contributor Agreement
0 !HISTORY 2008-07-01 [PTadmin] Official Update 2008-01


4 16 .9239 1 .3827 .9239 0 .3827 1 0 0 1 1 0
4 16 .7071 1 .7071 .7071 0 .7071 .9239 0 .3827 .9239 1 .3827
5 24 1 1 0 1 0 0 1 1 -.4142 .9239 1 .3827
5 24 .9239 1 .3827 .9239 0 .3827 1 1 0 .7071 1 .7071
5 24 .7071 1 .7071 .7071 0 .7071 .9239 1 .3827 .4142 1 1
0
0 FILE p/1-8ring6.dat
0 Ring  6 x 0.125
0 Name: 1-8ring6.dat
0 Author: Paul Easter [pneaster]
0 !LDRAW_ORG Primitive UPDATE 2012-01
0 !LICENSE Licensed under CC BY 4.0 : see CAreadme.txt

0 BFC CERTIFY CCW

0 !HISTORY 2009-09-03 [PTadmin] Official Update 2009-02
0 !HISTORY 2012-02-16 [Philo] Changed to CCW
0 !HISTORY 2012-03-30 [PTadmin] Official Update 2012-01


4 16 7 0 0 6.4673 0 2.6789 5.5434 0 2.2962 6 0 0
4 16 6.4673 0 2.6789 4.9497 0 4.9497 4.2426 0 4.2426 5.5434 0 2.2962
0 FILE p/4-4ring7.dat
0 Ring  7 x 1.0
0 Name: 4-4ring7.dat
0 Author: James Jessiman
0 !LDRAW_ORG Primitive UPDATE 2009-01
0 !LICENSE Licensed under CC BY 4.0 : see CAreadme.txt

0 BFC CERTIFY CCW

0 !HISTORY 1998-12-15 [PTadmin] Official Update 1998-10
0 !HISTORY 2002-04-05 [hafhead] Added BFC statement
0 !HISTORY 2002-04-25 [PTadmin] Official Update 2002-02
0 !HISTORY 2007-06-24 [PTadmin] Header formatted for Contributor Agreement
0 !HISTORY 2008-07-01 [PTadmin] Official Update 2008-01
0 !HISTORY 2008-08-26 [cwdee] Switch polygon winding and rename
0 !HISTORY 2009-05-02 [PTadmin] Official Update 2009-01


4 16 -3.0616 0 7.3912 -2.6789 0 6.4673 0 0 7 0 0 8
4 16 -5.6568 0 5.6568 -4.9497 0 4.9497 -2.6789 0 6.4673 -3.0616 0 7.3912
4 16 -7.3912 0 3.0616 -6.4673 0 2.6789 -4.9497 0 4.9497 -5.6568 0 5.6568
4 16 -8 0 0 -7 0 0 -6.4673 0 2.6789 -7.3912 0 3.0616
4 16 -7.3912 0 -3.0616 -6.4673 0 -2.6789 -7 0 0 -8 0 0
4 16 -5.6568 0 -5.6568 -4.9497 0 -4.9497 -6.4673 0 -2.6789 -7.3912 0 -3.0616
4 16 -3.0616 0 -7.3912 -2.6789 0 -6.4673 -4.9497 0 -4.9497 -5.6568 0 -5.6568
4 16 0 0 -8 0 0 -7 -2.6789 0 -6.4673 -3.0616 0 -7.3912
4 16 3.0616 0 -7.3912 2.6789 0 -6.4673 0 0 -7 0 0 -8
4 16 5.6568 0 -5.6568 4.9497 0 -4.9497 2.6789 0 -6.4673 3.0616 0 -7.3912
4 16 7.3912 0 -3.0616 6.4673 0 -2.6789 4.9497 0 -4.9497 5.6568 0 -5.6568
4 16 8 0 0 7 0 0 6.4673 0 -2.6789 7.3912 0 -3.0616
4 16 7.3912 0 3.0616 6.4673 0 2.6789 7 0 0 8 0 0
4 16 5.6568 0 5.6568 4.9497 0 4.9497 6.4673 0 2.6789 7.3912 0 3.0616
4 16 3.0616 0 7.3912 2.6789 0 6.4673 4.9497 0 4.9497 5.6568 0 5.6568
4 16 0 0 8 0 0 7 2.6789 0 6.4673 3.0616 0 7.3912
0
0 FILE parts/s/89523s01.dat
0 ~Plate 10 x 10 Octagonal Quarter
0 Name: s\89523s01.dat
0 Author: Magnus Forsberg [MagFors]
0 !LDRAW_ORG Subpart UPDATE 2011-02
0 !LICENSE Licensed under CC BY 4.0 : see CAreadme.txt

0 BFC CERTIFY CCW

0 !HISTORY 2011-12-29 [PTadmin] Official Update 2011-02


4 16 100 8 40 96 8 38.36 91.44 8 42.92 94.26 8 45.74
4 16 40 8 100 38.36 8 96 -38.36 8 96 -40 8 100
4 16 45.74 8 94.26 42.92 8 91.44 38.36 8 96 40 8 100
1 16 70 2 70 0 0 -30 -2 0 0 0 -1 30 rect1.dat
1 16 97.13 6 42.87 0 0 -2.87 2 0 0 0 -1 2.87 rect1.dat
1 16 42.87 6 97.13 0 0 -2.87 2 0 0 0 -1 2.87 rect1.dat
1 16 42.05 6 95.13 0 -1.41 2.28 2 0 0 0 -1.41 -2.28 box2-5.dat
1 16 95.13 6 42.05 0 -1.41 -2.28 2 0 0 0 -1.41 2.28 box2-5.dat
1 16 0 4 100 -40 0 0 0 0 4 0 -1 0 rect.dat
1 16 0 6 96 -38.36 0 0 0 0 2 0 1 0 rect2p.dat
1 16 88.58 4 48.58 1.41 0 -4.25 0 -1 0 1.41 0 4.25 rect1.dat
1 16 80 4 60 0 0 -1 0 1 0 1 0 0 ribt45.dat
1 16 68.58 4 68.58 1.41 0 -4.25 0 -1 0 1.41 0 4.25 rect1.dat
1 16 60 4 80 0 0 -1 0 1 0 1 0 0 ribt45.dat
1 16 48.58 4 88.58 1.41 0 -4.25 0 -1 0 1.41 0 4.25 rect1.dat
4 16 -8 4 8 -38.36 4 96 38.36 4 96 0 4 8
4 16 38.36 4 96 96 4 38.36 8 4 8 0 4 8
4 16 -40 0 100 -6 0 6 0 0 6 40 0 100
4 16 40 0 100 0 0 6 6 0 6 100 0 40
0 //
1 16 0 4 80 1 0 0 0 -1 0 0 0 1 stud4.dat
1 16 20 4 80 1 0 0 0 -1 0 0 0 1 stud4.dat
1 16 40 4 80 1 0 0 0 -1 0 0 0 1 stud4.dat
1 16 0 4 60 1 0 0 0 -1 0 0 0 1 stud4.dat
1 16 20 4 60 1 0 0 0 -1 0 0 0 1 stud4.dat
1 16 40 4 60 1 0 0 0 -1 0 0 0 1 stud4.dat
1 16 60 4 60 1 0 0 0 -1 0 0 0 1 stud4.dat
1 16 20 4 40 1 0 0 0 -1 0 0 0 1 stud4.dat
1 16 40 4 40 1 0 0 0 -1 0 0 0 1 stud4.dat
1 16 60 4 40 1 0 0 0 -1 0 0 0 1 stud4.dat
1 16 80 4 40 1 0 0 0 -1 0 0 0 1 stud4.dat
1 16 0 4 20 1 0 0 0 -1 0 0 0 1 stud4.dat
1 16 40 4 20 1 0 0 0 -1 0 0 0 1 stud4.dat
1 16 60 4 20 1 0 0 0 -1 0 0 0 1 stud4.dat
1 16 80 4 20 1 0 0 0 -1 0 0 0 1 stud4.dat
0 // halfstud
1 16 0 8 40 6 0 0 0 -1 0 0 0 6 2-4edge.dat
1 16 0 8 40 8 0 0 0 -1 0 0 0 8 2-4edge.dat
1 16 0 4 40 6 0 0 0 -1 0 0 0 6 2-4edge.dat
1 16 0 4 40 8 0 0 0 -1 0 0 0 8 2-4edge.dat
0 BFC INVERTNEXT
1 16 0 8 40 6 0 0 0 -4 0 0 0 6 2-4cyli.dat
1 16 0 8 40 8 0 0 0 -4 0 0 0 8 2-4cyli.dat
1 16 0 8 40 2 0 0 0 -1 0 0 0 2 2-4ring3.dat
1 16 -7 6 39 0 -1 0 -2 0 0 0 0 -1 box2-7.dat
1 16 7 6 39 0 0 1 -2 0 0 0 -1 0 box2-7.dat
2 24 6 4 40 6 8 40
2 24 -6 4 40 -6 8 40
4 16 6 8 40 8 8 40 8 8 38 6 8 38
4 16 -6 8 38 -8 8 38 -8 8 40 -6 8 40
1 16 0 4 39 6 0 0 0 4 0 0 0 1 box3u8p.dat
0 //
1 16 20 8 20 -4.2426 0 -4.2426 0 -1 0 4.2426 0 -4.2426 2-4edge.dat
1 16 20 8 20 -5.6569 0 -5.6569 0 -1 0 5.6569 0 -5.6569 2-4edge.dat
1 16 20 4 20 -4.2426 0 -4.2426 0 -1 0 4.2426 0 -4.2426 2-4edge.dat
1 16 20 4 20 -5.6569 0 -5.6569 0 -1 0 5.6569 0 -5.6569 2-4edge.dat
0 BFC INVERTNEXT
1 16 20 8 20 -4.2426 0 -4.2426 0 -4 0 4.2426 0 -4.2426 2-4cyli.dat
1 16 20 8 20 -5.6569 0 -5.6569 0 -4 0 5.6569 0 -5.6569 2-4cyli.dat
1 16 20 8 20 -1.4142 0 -1.4142 0 -1 0 1.4142 0 -1.4142 2-4ring3.dat
1 16 25.657 6 15.757 0 0.7071 0.7071 -2 0 0 0 -0.7071 0.7071 box2-7.dat
1 16 15.757 6 25.657 0 0.7071 -0.7071 -2 0 0 0 0.7071 0.7071 box2-7.dat
2 24 15.757 4 24.243 15.757 8 24.243
2 24 24.243 4 15.757 24.243 8 15.757
4 16 15.757 8 24.243 14.343 8 25.657 15.757 8 27.071 17.172 8 25.657
4 16 25.657 8 17.172 27.071 8 15.757 25.657 8 14.343 24.243 8 15.757
1 16 20.707 4 20.707 -4.2426 0 -0.7071 0 4 0 4.2426 0 -0.7071 box3u8p.dat
0 FILE p/box3u8p.dat
0 Box with 3 Faces and 4 Parallel Edges
0 Name: box3u8p.dat
0 Author: James Jessiman
0 !LDRAW_ORG Primitive UPDATE 2012-01
0 !LICENSE Licensed under CC BY 4.0 : see CAreadme.txt

0 BFC CERTIFY CCW

0 !HISTORY 2002-12-13 [hafhead] Made BFC compliant
0 !HISTORY 2003-08-01 [PTadmin] Official Update 2003-02
0 !HISTORY 2007-06-24 [PTadmin] Header formatted for Contributor Agreement
0 !HISTORY 2008-07-01 [PTadmin] Official Update 2008-01
0 !HISTORY 2012-02-16 [Philo] Changed to CCW
0 !HISTORY 2012-03-30 [PTadmin] Official Update 2012-01


2 24 1 1 1 -1 1 1
2 24 -1 1 -1 1 1 -1
2 24 1 0 1 -1 0 1
2 24 -1 0 -1 1 0 -1
4 16 1 1 -1 -1 1 -1 -1 1 1 1 1 1
4 16 -1 1 1 -1 0 1 1 0 1 1 1 1
4 16 1 1 -1 1 0 -1 -1 0 -1 -1 1 -1
0 FILE p/2-4ring3.dat
0 Ring  3 x 0.5
0 Name: 2-4ring3.dat
0 Author: James Jessiman
0 !LDRAW_ORG Primitive UPDATE 2012-01
0 !LICENSE Licensed under CC BY 4.0 : see CAreadme.txt

0 BFC CERTIFY CCW

0 !HISTORY 1998-12-15 [PTadmin] Official Update 1998-10
0 !HISTORY 2003-01-21 [cavehop] Update Added BFC and some header info
0 !HISTORY 2003-03-12 [PTadmin] Official Update 2003-01
0 !HISTORY 2003-08-01 [PTadmin] Official Update 2003-02
0 !HISTORY 2007-06-24 [PTadmin] Header formatted for Contributor Agreement
0 !HISTORY 2008-07-01 [PTadmin] Official Update 2008-01
0 !HISTORY 2012-02-16 [Philo] Changed to CCW
0 !HISTORY 2012-03-30 [PTadmin] Official Update 2012-01


4 16 4 0 0 3.6956 0 1.5308 2.7717 0 1.1481 3 0 0
4 16 3.6956 0 1.5308 2.8284 0 2.8284 2.1213 0 2.1213 2.7717 0 1.1481
4 16 2.8284 0 2.8284 1.5308 0 3.6956 1.1481 0 2.7717 2.1213 0 2.1213
4 16 1.5308 0 3.6956 0 0 4 0 0 3 1.1481 0 2.7717
4 16 0 0 4 -1.5308 0 3.6956 -1.1481 0 2.7717 0 0 3
4 16 -1.5308 0 3.6956 -2.8284 0 2.8284 -2.1213 0 2.1213 -1.1481 0 2.7717
4 16 -2.8284 0 2.8284 -3.6956 0 1.5308 -2.7717 0 1.1481 -2.1213 0 2.1213
4 16 -3.6956 0 1.5308 -4 0 0 -3 0 0 -2.7717 0 1.1481
0 FILE p/ribt45.dat
0 Rib T-Shaped for 45 Degree Plate Edges
0 Name: ribt45.dat
0 Author: Mark Kennedy [mkennedy]
0 !LDRAW_ORG Primitive UPDATE 2010-03
0 !LICENSE Licensed under CC BY 4.0 : see CAreadme.txt

0 BFC CERTIFY CCW

0 !HISTORY 2001-10-29 [jriley] Secondary author
0 !HISTORY 2009-11-19 [mkennedy] replaced box3u8P with two box2-5, split quad, moved origin
0 !HISTORY 2010-12-31 [PTadmin] Official Update 2010-03


1 16 -4.27 0 4.27 1 0 -1.45 0 4 0 1 0 1.45 box4-4a.dat
1 16 0 2 0 0 0 5.74 2 0 0 0 1 5.74 rect1.dat
1 16 1.96 2 4.78 0 2.37 -1.41 2 0 0 0 2.37 1.41 box2-5.dat
1 16 -4.78 2 -1.96 0 -1.41 -2.37 2 0 0 0 1.41 -2.37 box2-5.dat
3 16 2.92 4 8.56 5.74 4 5.74 -1.82 4 3.82
3 16 -8.56 4 -2.92 -3.82 4 1.82 -5.74 4 -5.74
4 16 -5.74 4 -5.74 -3.82 4 1.82 -1.82 4 3.82 5.74 4 5.74
0
0 FILE parts/2429.dat
0 Hinge Plate  1 x  4 Base
0 Name: 2429.dat
0 Author: James Jessiman
0 !LDRAW_ORG Part UPDATE 2020-03
0 !LICENSE Licensed under CC BY 4.0 : see CAreadme.txt

0 BFC CERTIFY CCW

0 !HISTORY 1999-05-17 [PTadmin] Official Update 1999-03
0 !HISTORY 1999-05-24 [PTadmin] Official Update 1999-04
0 !HISTORY 1999-07-05 [PTadmin] Official Update 1999-05
0 !HISTORY 2003-01-20 [sbliss] Completed header, BFC'ed, substituted primitives for polygons
0 !HISTORY 2003-12-19 [PTadmin] Official Update 2003-03
0 !HISTORY 2007-05-08 [PTadmin] header formatted for Contributor Agreement
0 !HISTORY 2008-07-01 [PTadmin] Official Update 2008-01
0 !HISTORY 2020-06-04 [Sirio] updated the use of primitives
0 !HISTORY 2020-10-22 [MagFors] Removed surface bleeding
0 !HISTORY 2020-12-29 [PTadmin] Official Update 2020-03


1 16 -20 4 10 1 0 0 0 -1 0 0 0 1 stud3.dat
1 16 -20 0 10 1 0 0 0 1 0 0 0 1 stug-1x2.dat
1 16 0 8 0 0 0 4 0 -1 0 4 0 0 3-4ring1.dat
1 16 0 8 0 0 0 -4 0 -1 0 4 0 0 1-4tang.dat
0 BFC INVERTNEXT
1 16 0 4 0 4 0 0 0 4 0 0 0 4 4-4cylo.dat
1 16 0 4 0 4 0 0 0 1 0 0 0 4 4-4ring1.dat
1 16 0 4 0 -8 0 0 0 4 0 0 0 -8 3-4cylo.dat
1 16 0 4 0 -4 0 -6.9282 0 4 0 6.9282 0 -4 48\1-12cylo.dat
1 16 0 8 0 -4 0 -6.9282 0 -1 0 6.9282 0 -4 48\1-12chrd.dat

1 16 0 0 0 -8 0 0 0 1 0 0 0 8 1-4ndis.dat
0 BFC INVERTNEXT
1 16 0 0 0 -8 0 0 0 4 0 0 0 8 1-4cylo.dat
0 BFC INVERTNEXT
1 16 -20 6 10 0 -16 0 2 0 0 0 0 6 box2-5.dat
1 16 -21.4641 6 4 0 0 14.53595 -2 0 0 0 -1 0 rect3.dat
1 16 -4 6 11.4641 0 1 0 2 0 0 0 0 -4.5359 rect3.dat
1 16 -20 4 10 0 -20 0 4 0 0 0 0 10 box2-5.dat
1 16 -24 4 0 0 0 16 4 0 0 0 1 0 rect3.dat
1 16 0 4 14 0 -1 0 4 0 0 0 0 -6 rect3.dat
4 16 0 8 8 -4 8 6.9282 -4 8 16 0 8 20
4 16 0 8 20 -4 8 16 -36 8 16 -40 8 20
4 16 -40 8 20 -36 8 16 -36 8 4 -40 8 0
4 16 -40 8 0 -36 8 4 -6.9281 8 4 -8 8 0
4 16 -5.6568 4 5.6568 -6.9281 4 4 -36 4 4 -36 4 16
4 16 -4 4 16 -4 4 6.9282 -5.6568 4 5.6568 -36 4 16
4 16 -8 0 8 0 0 8 0 0 20 -40 0 20
4 16 -8 0 0 -8 0 8 -40 0 20 -40 0 0
3 16 0 8 8 0 8 4 -0.7956 8 4
4 16 -1.5308 8 3.6956 -4 8 6.9282 0 8 8 -0.7956 8 4
3 16 -4 8 6.9282 -1.5308 8 3.6956 -2.266 8 3.3912
4 16 -6.9281 8 4 -4 8 6.9282 -2.266 8 3.3912 -2.8284 8 2.8284
3 16 -2.8284 8 2.8284 -3.3912 8 2.266 -6.9281 8 4
3 16 -3.3912 8 2.266 -3.6956 8 1.5308 -6.9281 8 4
4 16 -8 8 0 -6.9281 8 4 -3.6956 8 1.5308 -4 8 0.7956
3 16 -4 8 0.7956 -4 8 0 -8 8 0
0 FILE p/48/1-12chrd.dat
0 Hi-Res Chord 0.0833
0 Name: 48\1-12chrd.dat
0 Author: Willy Tschager [Holly-Wood]
0 !LDRAW_ORG 48_Primitive UPDATE 2024-01
0 !LICENSE Licensed under CC BY 4.0 : see CAreadme.txt

0 BFC CERTIFY CCW

0 !HISTORY 2009-05-02 [PTadmin] Official Update 2009-01
0 !HISTORY 2024-01-09 [Holly-Wood] Complete re-write, original by westrate
0 !HISTORY 2024-01-29 [OrionP] Official Update 2024-01

4 16 .866 0 .5 1 0 0 .9914 0 .1305 .9239 0 .3827
3 16 .9239 0 .3827 .9914 0 .1305 .9659 0 .2588
0 // Build by LDPartEditor (PrimGen 2.X)
0 FILE p/48/1-12cylo.dat
0 Hi-Res Cylinder Open 0.0833
0 Name: 48\1-12cylo.dat
0 Author: Max Martin Richter [MMR1988]
0 !LDRAW_ORG 48_Primitive UPDATE 2013-01
0 !LICENSE Licensed under CC BY 4.0 : see CAreadme.txt

0 BFC CERTIFY CCW

0 !HISTORY 2013-07-21 [PTadmin] Official Update 2013-01


1 16 0 0 0 1 0 0 0 1 0 0 0 1 48\1-12edge.dat
1 16 0 1 0 1 0 0 0 1 0 0 0 1 48\1-12edge.dat
1 16 0 0 0 1 0 0 0 1 0 0 0 1 48\1-12cyli.dat
0 FILE p/48/1-12cyli.dat
0 Hi-Res Cylinder 0.0833
0 Name: 48\1-12cyli.dat
0 Author: Willy Tschager [Holly-Wood]
0 !LDRAW_ORG 48_Primitive UPDATE 2024-01
0 !LICENSE Licensed under CC BY 4.0 : see CAreadme.txt

0 BFC CERTIFY CCW

0 !HISTORY 2009-05-02 [PTadmin] Official Update 2009-01
0 !HISTORY 2024-01-08 [Holly-Wood] Complete regeneration, original by westrate
0 !HISTORY 2024-01-29 [OrionP] Official Update 2024-01

4 16 0.9914 0 0.1305 1 0 0 1 1 0 0.9914 1 0.1305
4 16 0.9659 0 0.2588 0.9914 0 0.1305 0.9914 1 0.1305 0.9659 1 0.2588
4 16 0.9239 0 0.3827 0.9659 0 0.2588 0.9659 1 0.2588 0.9239 1 0.3827
4 16 0.866 0 0.5 0.9239 0 0.3827 0.9239 1 0.3827 0.866 1 0.5
0 // conditional lines
5 24 1 1 0 1 0 0 1 1 -0.1317 0.9914 1 0.1305
5 24 0.9914 1 0.1305 0.9914 0 0.1305 1 1 0 0.9659 1 0.2588
5 24 0.9659 1 0.2588 0.9659 0 0.2588 0.9914 1 0.1305 0.9239 1 0.3827
5 24 0.9239 1 0.3827 0.9239 0 0.3827 0.9659 1 0.2588 0.866 1 0.5
5 24 0.866 1 0.5 0.866 0 0.5 0.9239 1 0.3827 0.8002 1 0.614
0 // Build by LDPartEditor (PrimGen 2.X)
0 FILE p/48/1-12edge.dat
0 Hi-Res Circle 0.0833
0 Name: 48\1-12edge.dat
0 Author: Willy Tschager [Holly-Wood]
0 !LDRAW_ORG 48_Primitive UPDATE 2024-01
0 !LICENSE Licensed under CC BY 4.0 : see CAreadme.txt

0 BFC CERTIFY CCW

0 !HISTORY 2009-05-02 [PTadmin] Official Update 2009-01
0 !HISTORY 2024-01-07 [Holly-Wood] Complete regeneration, original by westrate
0 !HISTORY 2024-01-29 [OrionP] Official Update 2024-01

2 24 1 0 0 0.9914 0 0.1305
2 24 0.9914 0 0.1305 0.9659 0 0.2588
2 24 0.9659 0 0.2588 0.9239 0 0.3827
2 24 0.9239 0 0.3827 0.866 0 0.5
0 // Build by LDPartEditor (PrimGen 2.X)
0 FILE p/1-4tang.dat
0 Disc Negative Tangent 0.25
0 Name: 1-4tang.dat
0 Author: Willy Tschager [Holly-Wood]
0 !LDRAW_ORG Primitive UPDATE 2024-01
0 !LICENSE Licensed under CC BY 4.0 : see CAreadme.txt

0 BFC CERTIFY CCW

0 !HISTORY 2011-12-29 [PTadmin] Official Update 2011-02
0 !HISTORY 2024-01-08 [Holly-Wood] Complete re-write, original by westrate
0 !HISTORY 2024-01-29 [OrionP] Official Update 2024-01

3 16 0 0 1 0.3827 0 0.9239 0.1989 0 1
3 16 0.3827 0 0.9239 0.7071 0 0.7071 0.5665 0 0.8478
3 16 0.7071 0 0.7071 0.9239 0 0.3827 0.8478 0 0.5665
3 16 0.9239 0 0.3827 1 0 0 1 0 0.1989
0 FILE parts/87079.dat
0 Tile  2 x  4
0 Name: 87079.dat
0 Author: Tim Gould [timgould]
0 !LDRAW_ORG Part UPDATE 2025-04
0 !LICENSE Licensed under CC BY 4.0 : see CAreadme.txt

0 BFC CERTIFY CCW

0 !KEYWORDS with Groove

0 !HISTORY 2010-04-05 [PTadmin] Official Update 2010-01
0 !HISTORY 2012-09-30 [Philo] Subparted for patterns
0 !HISTORY 2012-12-28 [PTadmin] Official Update 2012-03
0 !HISTORY 2025-04-25 [MagFors] Update description
0 !HISTORY 2025-04-27 [OrionP] Official Update 2025-04

4 16 -40 0 -20 40 0 -20 40 0 20 -40 0 20
1 16 0 0 0 1 0 0 0 1 0 0 0 1 s\87079s01.dat
0 FILE parts/s/87079s01.dat
0 ~Tile  2 x  4 without Top Surface
0 Name: s\87079s01.dat
0 Author: Philippe Hurbain [Philo]
0 !LDRAW_ORG Subpart UPDATE 2025-04
0 !LICENSE Licensed under CC BY 4.0 : see CAreadme.txt

0 BFC CERTIFY CCW

0 !HISTORY 2012-09-30 [Philo] Subparted from Tim Gould's original design
0 !HISTORY 2012-12-28 [PTadmin] Official Update 2012-03
0 !HISTORY 2025-04-25 [MagFors] Update description
0 !HISTORY 2025-04-27 [OrionP] Official Update 2025-04

1 16 0 0 0 40 0 0 0 7 0 0 0 20 box4.dat
1 16 0 7 0 39 0 0 0 1 0 0 0 19 box4.dat
0 BFC INVERTNEXT
1 16 0 8 0 -36 0 0 0 -4 0 0 0 16 box5.dat
4 16 -40 7 -20 -39 7 -19 39 7 -19 40 7 -20
4 16 40 7 20 39 7 19 -39 7 19 -40 7 20
4 16 -40 7 -20 -40 7 20 -39 7 19 -39 7 -19
4 16 40 7 20 40 7 -20 39 7 -19 39 7 19
4 16 -39 8 -19 -36 8 -16 36 8 -16 39 8 -19
4 16 39 8 19 36 8 16 -36 8 16 -39 8 19
4 16 -39 8 -19 -39 8 19 -36 8 16 -36 8 -16
4 16 39 8 19 39 8 -19 36 8 -16 36 8 16
1 16 0 4 0 1 0 0 0 -1 0 0 0 1 stud4.dat
1 16 20 4 0 1 0 0 0 -1 0 0 0 1 stud4.dat
1 16 -20 4 0 1 0 0 0 -1 0 0 0 1 stud4.dat
0 FILE parts/2431.dat
0 Tile  1 x  4 with Groove
0 Name: 2431.dat
0 Author: Santeri Piippo [arezey]
0 !LDRAW_ORG Part UPDATE 2010-02
0 !LICENSE Licensed under CC BY 4.0 : see CAreadme.txt

0 BFC CERTIFY CCW

0 !HISTORY 2010-07-05 [PTadmin] Official Update 2010-02


1 16 0 0 0 1 0 0 0 1 0 0 0 1 s\2431s01.dat
4 16 40 0 -10 40 0 10 -40 0 10 -40 0 -10
0 //
0 FILE parts/s/2431s01.dat
0 ~Tile  1 x  4 with Groove without Top Face
0 Name: s\2431s01.dat
0 Author: Santeri Piippo [arezey]
0 !LDRAW_ORG Subpart UPDATE 2010-02
0 !LICENSE Licensed under CC BY 4.0 : see CAreadme.txt

0 BFC CERTIFY CCW

0 !HISTORY 2010-07-05 [PTadmin] Official Update 2010-02


1 16 0 0 0 40 0 0 0 7 0 0 0 10 box4.dat
1 16 0 7 0 39 0 0 0 1 0 0 0 9 box4.dat
0 BFC INVERTNEXT
1 16 0 8 0 36 0 0 0 -4 0 0 0 6 box5.dat
4 16 -39 8 9 -36 8 6 -36 8 -6 -39 8 -9
4 16 39 8 -9 36 8 -6 36 8 6 39 8 9
4 16 39 8 9 36 8 6 -36 8 6 -39 8 9
4 16 -39 8 -9 -36 8 -6 36 8 -6 39 8 -9
4 16 -40 7 10 -39 7 9 -39 7 -9 -40 7 -10
4 16 40 7 -10 39 7 -9 39 7 9 40 7 10
4 16 40 7 10 39 7 9 -39 7 9 -40 7 10
4 16 -40 7 -10 -39 7 -9 39 7 -9 40 7 -10
1 16 0 4 0 1 0 0 0 -1 0 0 0 1 stud3.dat
1 16 -20 4 0 1 0 0 0 -1 0 0 0 1 stud3.dat
1 16 20 4 0 1 0 0 0 -1 0 0 0 1 stud3.dat
0 //
0 FILE parts/3032.dat
0 Plate  4 x  6
0 Name: 3032.dat
0 Author: James Jessiman
0 !LDRAW_ORG Part UPDATE 2002-03
0 !LICENSE Licensed under CC BY 4.0 : see CAreadme.txt

0 BFC CERTIFY CCW

0 !HISTORY 2001-10-26 [PTadmin] Official Update 2001-01
0 !HISTORY 2002-05-07 {unknown} BFC Certification
0 !HISTORY 2002-06-11 [PTadmin] Official Update 2002-03
0 !HISTORY 2007-06-07 [PTadmin] Header formatted for Contributor Agreement
0 !HISTORY 2008-07-01 [PTadmin] Official Update 2008-01


1 16 40 4 20 1 0 0 0 -1 0 0 0 1 stud4.dat
1 16 20 4 20 1 0 0 0 -1 0 0 0 1 stud4.dat
1 16 0 4 20 1 0 0 0 -1 0 0 0 1 stud4.dat
1 16 -20 4 20 1 0 0 0 -1 0 0 0 1 stud4.dat
1 16 -40 4 20 1 0 0 0 -1 0 0 0 1 stud4.dat
1 16 40 4 0 1 0 0 0 -1 0 0 0 1 stud4.dat
1 16 20 4 0 1 0 0 0 -1 0 0 0 1 stud4.dat
1 16 0 4 0 1 0 0 0 -1 0 0 0 1 stud4.dat
1 16 -20 4 0 1 0 0 0 -1 0 0 0 1 stud4.dat
1 16 -40 4 0 1 0 0 0 -1 0 0 0 1 stud4.dat
1 16 40 4 -20 1 0 0 0 -1 0 0 0 1 stud4.dat
1 16 20 4 -20 1 0 0 0 -1 0 0 0 1 stud4.dat
1 16 0 4 -20 1 0 0 0 -1 0 0 0 1 stud4.dat
1 16 -20 4 -20 1 0 0 0 -1 0 0 0 1 stud4.dat
1 16 -40 4 -20 1 0 0 0 -1 0 0 0 1 stud4.dat

0 BFC INVERTNEXT
1 16 0 8 0 56 0 0 0 -4 0 0 0 36 box5.dat

4 16 60 8 40 56 8 36 -56 8 36 -60 8 40
0 // Next Line was 4 16 60 8 -40 56 8 -36 -56 8 -36 -60 8 -40
4 16 -60 8 -40 -56 8 -36 56 8 -36 60 8 -40
0 // Next Line was 4 16 60 8 40 56 8 36 56 8 -36 60 8 -40
4 16 60 8 -40 56 8 -36 56 8 36 60 8 40
4 16 -60 8 40 -56 8 36 -56 8 -36 -60 8 -40

1 16 0 8 0 60 0 0 0 -8 0 0 0 40 box5.dat

1 16 50 0 30 1 0 0 0 1 0 0 0 1 stud.dat
1 16 30 0 30 1 0 0 0 1 0 0 0 1 stud.dat
1 16 10 0 30 1 0 0 0 1 0 0 0 1 stud.dat
1 16 -10 0 30 1 0 0 0 1 0 0 0 1 stud.dat
1 16 -30 0 30 1 0 0 0 1 0 0 0 1 stud.dat
1 16 -50 0 30 1 0 0 0 1 0 0 0 1 stud.dat
1 16 50 0 10 1 0 0 0 1 0 0 0 1 stud.dat
1 16 30 0 10 1 0 0 0 1 0 0 0 1 stud.dat
1 16 10 0 10 1 0 0 0 1 0 0 0 1 stud.dat
1 16 -10 0 10 1 0 0 0 1 0 0 0 1 stud.dat
1 16 -30 0 10 1 0 0 0 1 0 0 0 1 stud.dat
1 16 -50 0 10 1 0 0 0 1 0 0 0 1 stud.dat
1 16 50 0 -10 1 0 0 0 1 0 0 0 1 stud.dat
1 16 30 0 -10 1 0 0 0 1 0 0 0 1 stud.dat
1 16 10 0 -10 1 0 0 0 1 0 0 0 1 stud.dat
1 16 -10 0 -10 1 0 0 0 1 0 0 0 1 stud.dat
1 16 -30 0 -10 1 0 0 0 1 0 0 0 1 stud.dat
1 16 -50 0 -10 1 0 0 0 1 0 0 0 1 stud.dat
1 16 50 0 -30 1 0 0 0 1 0 0 0 1 stud.dat
1 16 30 0 -30 1 0 0 0 1 0 0 0 1 stud.dat
1 16 10 0 -30 1 0 0 0 1 0 0 0 1 stud.dat
1 16 -10 0 -30 1 0 0 0 1 0 0 0 1 stud.dat
1 16 -30 0 -30 1 0 0 0 1 0 0 0 1 stud.dat
1 16 -50 0 -30 1 0 0 0 1 0 0 0 1 stud.dat
0
0 FILE parts/15535.dat
0 Tile  2 x  2 Round with Hole
0 Name: 15535.dat
0 Author: Max Martin Richter [MMR1988]
0 !LDRAW_ORG Part UPDATE 2013-02
0 !LICENSE Licensed under CC BY 4.0 : see CAreadme.txt

0 BFC CERTIFY CCW

0 !HISTORY 2013-11-02 [MMR1988] Creation
0 !HISTORY 2013-12-23 [PTadmin] Official Update 2013-02


1 16 0 0 0 1 0 0 0 1 0 0 0 1 s\15535s01.dat
1 16 0 0 0 6 0 0 0 1 0 0 0 6 4-4ring1.dat
1 16 0 0 0 6 0 0 0 1 0 0 0 6 4-4ring2.dat
1 16 0 0 0 2 0 0 0 1 0 0 0 2 4-4ring9.dat
0 FILE p/4-4ring9.dat
0 Ring  9 x 1.0
0 Name: 4-4ring9.dat
0 Author: Magnus Forsberg [MagFors]
0 !LDRAW_ORG Primitive UPDATE 2024-01
0 !LICENSE Licensed under CC BY 4.0 : see CAreadme.txt

0 BFC CERTIFY CCW

0 !HISTORY 2004-04-22 [PTadmin] Official Update 2004-02
0 !HISTORY 2007-06-24 [PTadmin] Header formatted for Contributor Agreement
0 !HISTORY 2008-07-01 [PTadmin] Official Update 2008-01
0 !HISTORY 2024-01-04 [MagFors] Complete regeneration, original by jriley
0 !HISTORY 2024-01-29 [OrionP] Official Update 2024-01

4 16 10 0 0 9.239 0 3.827 8.3151 0 3.4443 9 0 0
4 16 9.239 0 3.827 7.071 0 7.071 6.3639 0 6.3639 8.3151 0 3.4443
4 16 7.071 0 7.071 3.827 0 9.239 3.4443 0 8.3151 6.3639 0 6.3639
4 16 3.827 0 9.239 0 0 10 0 0 9 3.4443 0 8.3151
4 16 0 0 10 -3.827 0 9.239 -3.4443 0 8.3151 0 0 9
4 16 -3.827 0 9.239 -7.071 0 7.071 -6.3639 0 6.3639 -3.4443 0 8.3151
4 16 -7.071 0 7.071 -9.239 0 3.827 -8.3151 0 3.4443 -6.3639 0 6.3639
4 16 -9.239 0 3.827 -10 0 0 -9 0 0 -8.3151 0 3.4443
4 16 -10 0 0 -9.239 0 -3.827 -8.3151 0 -3.4443 -9 0 0
4 16 -9.239 0 -3.827 -7.071 0 -7.071 -6.3639 0 -6.3639 -8.3151 0 -3.4443
4 16 -7.071 0 -7.071 -3.827 0 -9.239 -3.4443 0 -8.3151 -6.3639 0 -6.3639
4 16 -3.827 0 -9.239 0 0 -10 0 0 -9 -3.4443 0 -8.3151
4 16 0 0 -10 3.827 0 -9.239 3.4443 0 -8.3151 0 0 -9
4 16 3.827 0 -9.239 7.071 0 -7.071 6.3639 0 -6.3639 3.4443 0 -8.3151
4 16 7.071 0 -7.071 9.239 0 -3.827 8.3151 0 -3.4443 6.3639 0 -6.3639
4 16 9.239 0 -3.827 10 0 0 9 0 0 8.3151 0 -3.4443
0 // Build by LDPartEditor (PrimGen 2.X)
0 FILE parts/s/15535s01.dat
0 ~Tile  2 x  2 Round with Hole without Top Face
0 Name: s\15535s01.dat
0 Author: Max Martin Richter [MMR1988]
0 !LDRAW_ORG Subpart UPDATE 2013-02
0 !LICENSE Licensed under CC BY 4.0 : see CAreadme.txt

0 BFC CERTIFY CCW

0 !HISTORY 2013-12-23 [PTadmin] Official Update 2013-02


1 16 0 0 0 1 0 0 0 1 0 0 0 1 s\15535s02.dat
1 16 0 0 0 0 0 -1 0 1 0 1 0 0 s\15535s02.dat
1 16 0 0 0 -1 0 0 0 1 0 0 0 -1 s\15535s02.dat
1 16 0 0 0 0 0 1 0 1 0 -1 0 0 s\15535s02.dat

1 16 0 4 0 1 0 0 0 -1 0 0 0 1 stud4h.dat
0 FILE p/stud4h.dat
0 Stud Tube Open with Extended Hole
0 Name: stud4h.dat
0 Author: Tim Gould [timgould]
0 !LDRAW_ORG Primitive UPDATE 2012-01
0 !LICENSE Licensed under CC BY 4.0 : see CAreadme.txt

0 BFC CERTIFY CCW

0 !HISTORY 2012-02-07 [timgould] Modified from stud4.dat
0 !HISTORY 2012-03-30 [PTadmin] Official Update 2012-01


1 16 0 -4 0 6 0 0 0 1 0 0 0 6 4-4edge.dat
1 16 0 -4 0 8 0 0 0 1 0 0 0 8 4-4edge.dat
1 16 0 4 0 6 0 0 0 1 0 0 0 6 4-4edge.dat
1 16 0 0 0 8 0 0 0 1 0 0 0 8 4-4edge.dat
0 BFC INVERTNEXT
1 16 0 -4 0 6 0 0 0 8 0 0 0 6 4-4cyli.dat
1 16 0 -4 0 8 0 0 0 4 0 0 0 8 4-4cyli.dat
1 16 0 -4 0 2 0 0 0 1 0 0 0 2 4-4ring3.dat
0
0 FILE parts/s/15535s02.dat
0 ~Tile  2 x  2 Round with Hole - 1/4
0 Name: s\15535s02.dat
0 Author: Max Martin Richter [MMR1988]
0 !LDRAW_ORG Subpart UPDATE 2024-02
0 !LICENSE Licensed under CC BY 4.0 : see CAreadme.txt

0 BFC CERTIFY CCW

0 !HISTORY 2013-12-23 [PTadmin] Official Update 2013-02
0 !HISTORY 2024-03-23 [OrionP] Updated ring primitives
0 !HISTORY 2024-03-24 [OrionP] Official Update 2024-02

1 16 15.08907 6 -7.02397 0.45433 1 0 0 0 2 -0.67982 0 0 rect2p.dat
4 16 15.54341 4 -7.7038 15.54341 8 -7.7038 15.9382 8 -9.68919 15.9382 7 -9.68919
3 16 15.9382 7 -9.68919 15.9382 4 -9.68919 15.54341 4 -7.7038
1 16 15.9691 5.5 -9.8446 0.0309 1 0 0 0 1.5 -0.1554 0 0 rect2p.dat
1 16 15.80725 5.5 -10.96935 0.19275 1 0 0 0 -1.5 0.96935 0 0 rect2p.dat
5 24 16 7 -10 16 4 -10 15.5434 7 -12.2962 15.5434 7 -7.7038
5 24 15.5434 8 -7.7038 15.5434 4 -7.7038 16 8 -10 14.2426 8 -5.7574
2 24 15.9382 8 -9.68919 15.54341 8 -7.7038
2 24 15.54341 4 -7.7038 15.9382 4 -9.68919

1 16 14.70834 6 6.23351 0 1 -0.07361 -2 0 0 0 0 0.110643 rect3.dat
0 BFC INVERTNEXT
1 16 0 4 0 14.78207 0 6.12293 0 4 0 -6.12293 0 14.78207 1-8cylo.dat
1 16 14.70834 6 -6.23351 0 1 -0.07361 -2 0 0 0 0 -0.110643 rect3.dat
5 24 14.7824 8 6.1232 14.7824 4 6.1232 16 8 0 11.3136 8 11.3136
5 24 14.7824 8 -6.1232 14.7824 4 -6.1232 16 8 0 11.3136 8 -11.3136

1 16 16.74585 7.5 8.48008 0 -1 -0.80765 0.5 0 0 0 0 1.20911 rect3.dat
1 16 0 7 0 17.55371 0 7.27099 0 1 0 -7.27099 0 17.55371 1-8cylo.dat
1 16 16.74585 7.5 -8.48008 0 -1 -0.80765 0.5 0 0 0 0 -1.20911 rect3.dat
5 24 17.5541 8 7.2713 17.5541 7 7.2713 19 8 0 13.4349 8 13.4349
5 24 17.5541 8 -7.2713 17.5541 7 -7.2713 19 8 0 13.4349 8 -13.4349

1 16 14.87825 2 13.04035 0 -1 -0.73624 2 0 0 0 0 1.10165 rect1.dat
3 16 15.6145 7 11.9387 15.6145 4 11.9387 18.47737 7 7.65365
4 16 18.47741 0 7.65359 18.47737 7 7.65365 15.6145 4 11.9387 15.6145 0 11.9387
1 16 0 0 0 18.47759 0 7.65367 0 7 0 -7.65367 0 18.47759 1-8cyli.dat
1 16 0 7 0 18.47759 0 7.65367 0 7 0 -7.65367 0 18.47759 1-8edge.dat
4 16 15.6145 0 -11.9387 15.6145 4 -11.9387 18.4776 7 -7.6536 18.47759 0 -7.65367
3 16 18.4776 7 -7.6536 15.6145 4 -11.9387 15.6145 7 -11.9387
1 16 14.87825 2 -13.04035 0 -1 -0.73624 2 0 0 0 0 -1.10165 rect1.dat
5 24 18.478 7 7.654 18.478 0 7.654 20 7 0 14.142 7 14.142
5 24 18.478 7 -7.654 18.478 0 -7.654 20 7 0 14.142 7 -14.142
2 24 18.4776 7 -7.6536 15.6145 7 -11.9387
2 24 15.6145 4 -11.9387 15.6145 7 -11.9387
2 24 18.4776 7 7.6536 15.6145 7 11.9387
2 24 15.6145 4 11.9387 15.6145 7 11.9387

1 16 15.80725 5.5 10.96935 0.19275 1 0 0 0 -1.5 -0.96935 0 0 rect2p.dat
1 16 15.9691 5.5 9.8446 0.0309 1 0 0 0 1.5 0.1554 0 0 rect2p.dat
3 16 15.54341 4 7.7038 15.9382 4 9.68919 15.9382 7 9.68919
4 16 15.9382 7 9.68919 15.9382 8 9.68919 15.54341 8 7.7038 15.54341 4 7.7038
1 16 15.08907 6 7.02397 0.45433 1 0 0 0 2 0.67982 0 0 rect2p.dat
5 24 16 7 10 16 4 10 15.5434 7 12.2962 15.5434 7 7.7038
5 24 15.5434 8 7.7038 15.5434 4 7.7038 16 8 10 14.2426 8 5.7574
2 24 15.9382 8 9.68919 15.54341 8 7.7038
2 24 15.54341 4 7.7038 15.9382 4 9.689191

4 16 15.54341 8 -7.7038 16.62984 8 -6.88833 17.5535 8 -7.27097 15.9382 8 -9.68919
4 16 14.63473 8 -6.34415 14.78196 8 -6.12287 16.62984 8 -6.88833 15.54341 8 -7.7038
1 16 0 8 0 1.84776 0 0.76537 0 -1 0 -0.76537 0 1.84776 1-8ring8.dat
1 16 0 8 0 0.92388 0 0.38268 0 -1 0 -0.38268 0 0.92388 1-8ring18.dat
4 16 15.54341 8 7.7038 16.6297 8 6.88822 14.78196 8 6.12286 14.63474 8 6.34415
4 16 15.9382 8 9.68919 17.5535 8 7.27097 16.6297 8 6.88822 15.54341 8 7.7038

3 16 15.6145 7 -11.9387 16 7 -10 18.4776 7 -7.6536
4 16 16 7 -10 15.9382 7 -9.68919 17.5535 7 -7.27097 18.4776 7 -7.6536
1 16 0 7 0 0.92388 0 0.38268 0 -1 0 -0.38268 0 0.92388 1-8ring19.dat
4 16 18.47737 7 7.65365 17.5535 7 7.27097 15.9382 7 9.68919 16.00001 7 10
3 16 18.47737 7 7.65365 16.00001 7 10 15.6145 7 11.9387

4 16 16 4 10 5.65686 4 5.65686 14.142 4 14.142 15.61449 4 11.9387
4 16 16 4 10 15.5434 4 7.7038 14.63473 4 6.34415 5.65686 4 5.65686
4 16 14.63473 4 6.34415 14.78193 4 6.12288 16 4 0 5.65686 4 5.65686
3 16 5.65686 4 5.65686 16 4 0 11.31372 4 0
3 16 11.31372 4 0 16 4 0 5.65686 4 -5.65686
4 16 5.65686 4 -5.65686 16 4 0 14.78193 4 -6.12288 14.63473 4 -6.34415
4 16 5.65686 4 -5.65686 14.63473 4 -6.34415 15.5434 4 -7.7038 16 4 -10
4 16 15.61449 4 -11.9387 14.142 4 -14.142 5.65686 4 -5.65686 16 4 -10

5 24 14.142 0 14.142 14.142 4 14.142 7.654 0 18.478 18.478 0 7.654
1 16 0 0 0 14.14214 0 14.14214 0 1 0 -14.14214 0 14.14214 1-4edge.dat

1 16 0 4 0 5.65686 0 5.65686 0 -1 0 -5.65686 0 5.65686 1-4ndis.dat
0 FILE p/1-8ring19.dat
0 Ring 19 x 0.125
0 Name: 1-8ring19.dat
0 Author: Willy Tschager [Holly-Wood]
0 !LDRAW_ORG Primitive UPDATE 2024-02
0 !LICENSE Licensed under CC BY 4.0 : see CAreadme.txt

0 BFC CERTIFY CCW

0 !HISTORY 2003-06-13 [pneaster] Fixed part
0 !HISTORY 2009-12-29 [PTadmin] Official Update 2009-03
0 !HISTORY 2012-02-16 [Philo] Changed to CCW
0 !HISTORY 2012-03-30 [PTadmin] Official Update 2012-01
0 !HISTORY 2024-01-30 [Holly-Wood] Complete regeneration, original by jriley
0 !HISTORY 2024-03-24 [OrionP] Official Update 2024-02

4 16 20 0 0 18.478 0 7.654 17.5541 0 7.2713 19 0 0
4 16 18.478 0 7.654 14.142 0 14.142 13.4349 0 13.4349 17.5541 0 7.2713
0 // Build by LDPartEditor (PrimGen 2.X)
0 FILE p/1-8ring18.dat
0 Ring 18 x 0.125
0 Name: 1-8ring18.dat
0 Author: Willy Tschager [Holly-Wood]
0 !LDRAW_ORG Primitive UPDATE 2024-02
0 !LICENSE Licensed under CC BY 4.0 : see CAreadme.txt

0 BFC CERTIFY CCW

0 !HISTORY 2003-06-13 [pneaster] Fixed part
0 !HISTORY 2010-07-05 [PTadmin] Official Update 2010-02
0 !HISTORY 2012-02-16 [Philo] Changed to CCW
0 !HISTORY 2012-03-30 [PTadmin] Official Update 2012-01
0 !HISTORY 2024-02-06 [Holly-Wood] Complete regeneration, original by jriley
0 !HISTORY 2024-03-24 [OrionP] Official Update 2024-02

4 16 19 0 0 17.5541 0 7.2713 16.6302 0 6.8886 18 0 0
4 16 17.5541 0 7.2713 13.4349 0 13.4349 12.7278 0 12.7278 16.6302 0 6.8886
0 // Build by LDPartEditor (PrimGen 2.X)
0 FILE p/1-8ring8.dat
0 Ring  8 x 0.125
0 Name: 1-8ring8.dat
0 Author: Paul Easter [pneaster]
0 !LDRAW_ORG Primitive UPDATE 2012-01
0 !LICENSE Licensed under CC BY 4.0 : see CAreadme.txt

0 BFC CERTIFY CCW

0 !HISTORY 2004-04-22 [PTadmin] Official Update 2004-02
0 !HISTORY 2007-06-22 [PTadmin] Header formatted for Contributor Agreement
0 !HISTORY 2008-07-01 [PTadmin] Official Update 2008-01
0 !HISTORY 2012-02-16 [Philo] Changed to CCW
0 !HISTORY 2012-03-30 [PTadmin] Official Update 2012-01


4 16 9 0 0 8.3151 0 3.4443 7.3912 0 3.0616 8 0 0
4 16 8.3151 0 3.4443 6.3639 0 6.3639 5.6568 0 5.6568 7.3912 0 3.0616
0 FILE p/1-8cylo.dat
0 Cylinder Open 0.125
0 Name: 1-8cylo.dat
0 Author: Tim Gould [timgould]
0 !LDRAW_ORG Primitive UPDATE 2012-03
0 !LICENSE Licensed under CC BY 4.0 : see CAreadme.txt

0 BFC CERTIFY CCW

0 !HISTORY 2012-12-28 [PTadmin] Official Update 2012-03


1 16 0 0 0 1 0 0 0 1 0 0 0 1 1-8edge.dat
1 16 0 1 0 1 0 0 0 1 0 0 0 1 1-8edge.dat
1 16 0 0 0 1 0 0 0 1 0 0 0 1 1-8cyli.dat
0 FILE parts/4032.dat
0 ~Moved to 4032a
0 Name: 4032.dat
0 Author: [PTadmin]
0 !LDRAW_ORG Part UPDATE 2010-03
0 !LICENSE Licensed under CC BY 4.0 : see CAreadme.txt

0 BFC CERTIFY CCW

0 !HISTORY 2010-12-31 [PTadmin] Official Update 2010-03


0 // Plate 2 x 2 Round with Axlehole Type 1
1 16 0 0 0 1 0 0 0 1 0 0 0 1 4032a.dat
0 FILE parts/4032a.dat
0 Plate  2 x  2 Round with Axlehole
0 Name: 4032a.dat
0 Author: James Jessiman
0 !LDRAW_ORG Part UPDATE 2022-02
0 !LICENSE Licensed under CC BY 4.0 : see CAreadme.txt

0 BFC CERTIFY CCW

0 !KEYWORDS BrickLink 4032

0 !HISTORY 2004-03-25 [westrate] Added stud10, replaced quads with primitives, BFCed
0 !HISTORY 2004-11-06 [PTadmin] Official Update 2004-04
0 !HISTORY 2007-06-30 [PTadmin] Header formatted for Contributor Agreement
0 !HISTORY 2008-07-01 [PTadmin] Official Update 2008-01
0 !HISTORY 2010-01-30 [mikeheide] optimized axlehole
0 !HISTORY 2010-01-31 [PTadmin] Renamed from 4032
0 !HISTORY 2010-12-31 [PTadmin] Official Update 2010-03
0 !HISTORY 2022-01-02 [MagFors] Reshaped axlehole, removed surface bleeding
0 !HISTORY 2022-03-06 [PTadmin] Official Update 2022-02


1 16 0 0 0 1 0 0 0 1 0 0 0 1 s\4032s01.dat
1 16 0 0 0 0 0 1 0 1 0 -1 0 0 s\4032s01.dat
1 16 0 0 0 -1 0 0 0 1 0 0 0 -1 s\4032s01.dat
1 16 0 0 0 0 0 -1 0 1 0 1 0 0 s\4032s01.dat
1 16 0 4 0 1 0 0 0 -1 0 0 0 1 stud4a.dat
1 16 0 4 0 8 0 0 0 1 0 0 0 8 4-4edge.dat
1 16 0 4 0 8 0 0 0 -1 0 0 0 8 4-4ndis.dat
1 16 0 4 0 1 0 0 0 1 0 0 0 1 axlehol3.dat
1 16 0 0 0 1 0 0 0 4 0 0 0 1 axl5hol8.dat
1 16 0 0 0 1 0 0 0 1 0 0 0 1 axl5ho10.dat
1 16 0 4 0 0 0 1 0 -1 0 1 0 0 axl5ho10.dat
1 16 0 0 0 1 0 0 0 1 0 0 0 1 axlehol2.dat
1 16 0 0 0 1 0 0 0 1 0 0 0 1 axl5hol9.dat
1 16 0 4 0 1 0 0 0 1 0 0 0 1 axl5hol9.dat
1 16 0 0 0 6 0 0 0 1 0 0 0 6 4-4ndis.dat
1 16 0 0 0 1 0 0 0 1 0 0 0 1 stug10-2x2.dat
0 FILE p/stug10-2x2.dat
0 Stud Group Truncated Laterally Curved 40D for Round 2 x 2 Parts
0 Name: stug10-2x2.dat
0 Author: Magnus Forsberg [MagFors]
0 !LDRAW_ORG Primitive UPDATE 2020-01
0 !LICENSE Licensed under CC BY 4.0 : see CAreadme.txt

0 BFC CERTIFY CCW

0 !HISTORY 2019-06-28 [PTadmin] Official Update 2019-01
0 !HISTORY 2020-06-28 [PTadmin] Official Update 2020-01


0 // activate next lines to add logos on studs
0 // 1 16 10 -4 10 1 0 0 0 1 0 0 0 1 logo5.dat
0 // 1 16 -10 -4 10 1 0 0 0 1 0 0 0 1 logo5.dat
0 // 1 16 -10 -4 -10 1 0 0 0 1 0 0 0 1 logo5.dat
0 // 1 16 10 -4 -10 1 0 0 0 1 0 0 0 1 logo5.dat

1 16 10 0 10 1 0 0 0 1 0 0 0 1 stud10.dat
1 16 -10 0 10 0 0 -1 0 1 0 1 0 0 stud10.dat
1 16 10 0 -10 0 0 1 0 1 0 -1 0 0 stud10.dat
1 16 -10 0 -10 -1 0 0 0 1 0 0 0 -1 stud10.dat
0 FILE p/stud10.dat
0 Stud Truncated Laterally Curved 40D for Round  2 x  2 Parts
0 Name: stud10.dat
0 Author: Orion Pobursky [OrionP]
0 !LDRAW_ORG Primitive UPDATE 2020-01
0 !LICENSE Licensed under CC BY 4.0 : see CAreadme.txt

0 BFC CERTIFY CCW

0 !HISTORY 2004-01-06 [Steffen] Fixed Header
0 !HISTORY 2004-04-22 [PTadmin] Official Update 2004-02
0 !HISTORY 2007-06-24 [PTadmin] Header formatted for Contributor Agreement
0 !HISTORY 2008-07-01 [PTadmin] Official Update 2008-01
0 !HISTORY 2012-02-16 [Philo] Changed to CCW
0 !HISTORY 2012-03-30 [PTadmin] Official Update 2012-01
0 !HISTORY 2018-02-25 [MagFors] Corrected and added cond-lines
0 !HISTORY 2019-06-28 [PTadmin] Official Update 2019-01
0 !HISTORY 2020-06-28 [PTadmin] Official Update 2020-01


2 24 6 0 0 5.6145 0 1.9397
2 24 1.9387 0 5.6145 0 0 6
2 24 5.6145 -4 1.9397 5.6145 0 1.9397
2 24 6 -4 0 5.6145 -4 1.9397
2 24 5.6145 -4 1.9397 4.142 -4 4.142
2 24 4.142 -4 4.142 1.9397 -4 5.6145
2 24 1.9397 -4 5.6145 0 -4 6
2 24 1.9397 -4 5.6145 1.9387 0 5.6145

5 24 4.142 -4 4.142 4.142 0 4.142 1.9397 -4 5.6145 5.6145 -4 1.9397
5 24 6 -4 0 6 0 0 5.5434 -4 -2.2962 5.6145 -4 1.9397
5 24 0 -4 6 0 0 6 1.9397 -4 5.6145 -2.2962 -4 5.5434

1 16 0 -4 0 0 0 -6 0 4 0 6 0 0 3-4cyli.dat
1 16 0 0 0 0 0 -6 0 1 0 6 0 0 3-4edge.dat
1 16 0 -4 0 0 0 -6 0 1 0 6 0 0 3-4edge.dat
1 16 0 -4 0 0 0 -6 0 1 0 6 0 0 3-4disc.dat
3 16 6 -4 0 5.6145 -4 1.9397 0 -4 0
3 16 5.6145 -4 1.9397 4.142 -4 4.142 0 -4 0
3 16 4.142 -4 4.142 1.9397 -4 5.6145 0 -4 0
3 16 1.9397 -4 5.6145 0 -4 6 0 -4 0
4 16 6 0 0 5.6145 0 1.9397 5.6145 -4 1.9397 6 -4 0
4 16 5.6145 0 1.9397 4.142 0 4.142 4.142 -4 4.142 5.6145 -4 1.9397
4 16 4.142 0 4.142 1.9387 0 5.6145 1.9397 -4 5.6145 4.142 -4 4.142
4 16 1.9387 0 5.6145 0 0 6 0 -4 6 1.9397 -4 5.6145
0 FILE p/3-4disc.dat
0 Disc 0.75
0 Name: 3-4disc.dat
0 Author: James Jessiman
0 !LDRAW_ORG Primitive UPDATE 2002-02
0 !LICENSE Licensed under CC BY 4.0 : see CAreadme.txt

0 BFC CERTIFY CCW

0 !HISTORY 2002-03-23 [sbliss] Added BFC statement
0 !HISTORY 2002-04-25 [PTadmin] Official Update 2002-02
0 !HISTORY 2007-06-24 [PTadmin] Header formatted for Contributor Agreement
0 !HISTORY 2008-07-01 [PTadmin] Official Update 2008-01


3 16 0 0 0 1 0 0 0.9239 0 0.3827
3 16 0 0 0 0.9239 0 0.3827 0.7071 0 0.7071
3 16 0 0 0 0.7071 0 0.7071 0.3827 0 0.9239
3 16 0 0 0 0.3827 0 0.9239 0 0 1
3 16 0 0 0 0 0 1 -0.3827 0 0.9239
3 16 0 0 0 -0.3827 0 0.9239 -0.7071 0 0.7071
3 16 0 0 0 -0.7071 0 0.7071 -0.9239 0 0.3827
3 16 0 0 0 -0.9239 0 0.3827 -1 0 0
3 16 0 0 0 -1 0 0 -0.9239 0 -0.3827
3 16 0 0 0 -0.9239 0 -0.3827 -0.7071 0 -0.7071
3 16 0 0 0 -0.7071 0 -0.7071 -0.3827 0 -0.9239
3 16 0 0 0 -0.3827 0 -0.9239 0 0 -1
0
0 FILE p/axl5hol9.dat
0 Technic Axle Hole Rounded Tooth Outer Edges
0 Name: axl5hol9.dat
0 Author: Magnus Forsberg [MagFors]
0 !LDRAW_ORG Primitive UPDATE 2022-01
0 !LICENSE Licensed under CC BY 4.0 : see CAreadme.txt

0 BFC CERTIFY CCW

0 !HISTORY 2022-01-14 [PTadmin] Official Update 2022-01


2 24 5.6023 0 2 4 0 2
2 24 4 0 2 2.5 0 2.5
2 24 2.5 0 2.5 2 0 4
2 24 2 0 4 2 0 5.6023
2 24 -2 0 5.6023 -2 0 4
2 24 -2 0 4 -2.5 0 2.5
2 24 -2.5 0 2.5 -4 0 2
2 24 -4 0 2 -5.6023 0 2
2 24 -5.6023 0 -2 -4 0 -2
2 24 -4 0 -2 -2.5 0 -2.5
2 24 -2.5 0 -2.5 -2 0 -4
2 24 -2 0 -4 -2 0 -5.6023
2 24 2 0 -5.6023 2 0 -4
2 24 2 0 -4 2.5 0 -2.5
2 24 2.5 0 -2.5 4 0 -2
2 24 4 0 -2 5.6023 0 -2
0 FILE p/axlehol2.dat
0 Technic Axle Hole Side Edges
0 Name: axlehol2.dat
0 Author: James Jessiman
0 !LDRAW_ORG Primitive UPDATE 2022-02
0 !LICENSE Licensed under CC BY 4.0 : see CAreadme.txt

0 BFC CERTIFY CCW

0 !HISTORY 2002-11-08 [OrionP] Adjusted fit and precision
0 !HISTORY 2003-03-12 [PTadmin] Official Update 2003-01
0 !HISTORY 2007-06-24 [PTadmin] Header formatted for Contributor Agreement
0 !HISTORY 2008-07-01 [PTadmin] Official Update 2008-01
0 !HISTORY 2021-12-24 [MagFors] rounded to four decimals
0 !HISTORY 2022-03-06 [PTadmin] Official Update 2022-02


2 24 6 0 0 5.6023 0 2
2 24 2 0 5.6023 0 0 6
2 24 -6 0 0 -5.6023 0 2
2 24 -2 0 5.6023 0 0 6
2 24 6 0 0 5.6023 0 -2
2 24 2 0 -5.6023 0 0 -6
2 24 -6 0 0 -5.6023 0 -2
2 24 -2 0 -5.6023 0 0 -6
0 FILE p/axl5ho10.dat
0 Technic Axle Hole Rounded Tooth Surface
0 Name: axl5ho10.dat
0 Author: Magnus Forsberg [MagFors]
0 !LDRAW_ORG Primitive UPDATE 2022-01
0 !LICENSE Licensed under CC BY 4.0 : see CAreadme.txt

0 BFC CERTIFY CCW

0 !HISTORY 2022-01-14 [PTadmin] Official Update 2022-01


1 16 0 0 0 5.54328 0 -2.2961 0 1 0 2.2961 0 5.54328 1-8chrd.dat
1 16 0 0 0 -2.2961 0 -5.54328 0 1 0 5.54328 0 -2.2961 1-8chrd.dat
1 16 0 0 0 -5.54328 0 2.2961 0 1 0 -2.2961 0 -5.54328 1-8chrd.dat
1 16 0 0 0 2.2961 0 5.54328 0 1 0 -5.54328 0 2.2961 1-8chrd.dat
3 16 5.5433 0 2.2961 2.2961 0 5.5433 2.5 0 2.5
4 16 2.5 0 2.5 4 0 2 5.6023 0 2 5.5433 0 2.2961
4 16 2 0 4 2.5 0 2.5 2.2961 0 5.5433 2 0 5.6023
3 16 -2.5 0 2.5 -2.2961 0 5.5433 -5.5433 0 2.2961
4 16 -2.5 0 2.5 -2 0 4 -2 0 5.6023 -2.2961 0 5.5433
4 16 -5.6023 0 2 -4 0 2 -2.5 0 2.5 -5.5433 0 2.2961
4 16 -4 0 -2 -5.6023 0 -2 -5.5433 0 -2.2961 -2.5 0 -2.5
3 16 -5.5433 0 -2.2961 -2.2961 0 -5.5433 -2.5 0 -2.5
4 16 -2.2961 0 -5.5433 -2 0 -5.6023 -2 0 -4 -2.5 0 -2.5
3 16 2.2961 0 -5.5433 5.5433 0 -2.2961 2.5 0 -2.5
4 16 2 0 -5.6023 2.2961 0 -5.5433 2.5 0 -2.5 2 0 -4
4 16 4 0 -2 2.5 0 -2.5 5.5433 0 -2.2961 5.6023 0 -2
0 FILE p/axl5hol8.dat
0 Technic Axle Hole Rounded Perimeter
0 Name: axl5hol8.dat
0 Author: Magnus Forsberg [MagFors]
0 !LDRAW_ORG Primitive UPDATE 2022-01
0 !LICENSE Licensed under CC BY 4.0 : see CAreadme.txt

0 BFC CERTIFY CCW

0 !HISTORY 2022-01-14 [PTadmin] Official Update 2022-01


4 16 6 1 0 6 0 0 5.6023 0 2 5.6023 1 2
4 16 4 1 2 5.6023 1 2 5.6023 0 2 4 0 2
4 16 4 1 2 4 0 2 2.5 0 2.5 2.5 1 2.5
4 16 2.5 1 2.5 2.5 0 2.5 2 0 4 2 1 4
4 16 2 1 4 2 0 4 2 0 5.6023 2 1 5.6023
4 16 2 0 5.6023 0 0 6 0 1 6 2 1 5.6023
4 16 0 1 6 0 0 6 -2 0 5.6023 -2 1 5.6023
4 16 -2 1 4 -2 1 5.6023 -2 0 5.6023 -2 0 4
4 16 -2 1 4 -2 0 4 -2.5 0 2.5 -2.5 1 2.5
4 16 -2.5 1 2.5 -2.5 0 2.5 -4 0 2 -4 1 2
4 16 -4 1 2 -4 0 2 -5.6023 0 2 -5.6023 1 2
4 16 -5.6023 1 2 -5.6023 0 2 -6 0 0 -6 1 0
4 16 -6 1 0 -6 0 0 -5.6023 0 -2 -5.6023 1 -2
4 16 -5.6023 1 -2 -5.6023 0 -2 -4 0 -2 -4 1 -2
4 16 -4 1 -2 -4 0 -2 -2.5 0 -2.5 -2.5 1 -2.5
4 16 -2.5 1 -2.5 -2.5 0 -2.5 -2 0 -4 -2 1 -4
4 16 -2 1 -4 -2 0 -4 -2 0 -5.6023 -2 1 -5.6023
4 16 -2 0 -5.6023 0 0 -6 0 1 -6 -2 1 -5.6023
4 16 0 1 -6 0 0 -6 2 0 -5.6023 2 1 -5.6023
4 16 2 1 -5.6023 2 0 -5.6023 2 0 -4 2 1 -4
4 16 2 1 -4 2 0 -4 2.5 0 -2.5 2.5 1 -2.5
4 16 2.5 1 -2.5 2.5 0 -2.5 4 0 -2 4 1 -2
4 16 4 1 -2 4 0 -2 5.6023 0 -2 5.6023 1 -2
4 16 5.6023 1 -2 5.6023 0 -2 6 0 0 6 1 0

2 24 5.6023 1 2 5.6023 0 2
2 24 2 1 5.6023 2 0 5.6023
2 24 -2 1 5.6023 -2 0 5.6023
2 24 -5.6023 1 2 -5.6023 0 2
2 24 -5.6023 1 -2 -5.6023 0 -2
2 24 -2 1 -5.6023 -2 0 -5.6023
2 24 2 1 -5.6023 2 0 -5.6023
2 24 5.6023 1 -2 5.6023 0 -2

5 24 6 1 0 6 0 0 5.6023 1 2 5.6023 1 -2
5 24 4 1 2 4 0 2 5.6023 1 2 2.5 1 2.5
5 24 2.5 1 2.5 2.5 0 2.5 2 1 4 4 1 2
5 24 2 1 4 2 0 4 2.5 1 2.5 2 1 5.6023
5 24 0 1 6 0 0 6 2 1 5.6023 -2 1 5.6023
5 24 -2 1 4 -2 0 4 -2 1 5.6023 -2.5 1 2.5
5 24 -2.5 1 2.5 -2.5 0 2.5 -2 1 4 -4 1 2
5 24 -4 1 2 -4 0 2 -2.5 1 2.5 -5.6023 1 2
5 24 -6 1 0 -6 0 0 -5.6023 1 2 -5.6023 1 -2
5 24 -4 1 -2 -4 0 -2 -5.6023 1 -2 -2.5 1 -2.5
5 24 -2.5 1 -2.5 -2.5 0 -2.5 -4 1 -2 -2 1 -4
5 24 -2 1 -4 -2 0 -4 -2.5 1 -2.5 -2 1 -5.6023
5 24 0 1 -6 0 0 -6 -2 1 -5.6023 2 1 -5.6023
5 24 2 1 -4 2 0 -4 2 1 -5.6023 2.5 1 -2.5
5 24 2.5 1 -2.5 2.5 0 -2.5 4 1 -2 2 1 -4
5 24 4 1 -2 4 0 -2 5.6023 1 -2 2.5 1 -2.5
0 FILE p/axlehol3.dat
0 Technic Axle Hole Tooth Outer Edges
0 Name: axlehol3.dat
0 Author: James Jessiman
0 !LDRAW_ORG Primitive UPDATE 2022-02
0 !LICENSE Licensed under CC BY 4.0 : see CAreadme.txt

0 BFC CERTIFY CCW

0 !HISTORY 2002-11-08 [OrionP] Adjusted fit and precision
0 !HISTORY 2003-03-12 [PTadmin] Official Update 2003-01
0 !HISTORY 2007-06-24 [PTadmin] Header formatted for Contributor Agreement
0 !HISTORY 2008-07-01 [PTadmin] Official Update 2008-01
0 !HISTORY 2021-12-24 [MagFors] rounded to four decimals
0 !HISTORY 2022-03-06 [PTadmin] Official Update 2022-02


1 16 0 0 0 5.54328 0 -2.2961 0 1 0 2.2961 0 5.54328 1-8edge.dat
2 24 5.6023 0 2 5.5433 0 2.2961
2 24 2.2961 0 5.5433 2 0 5.6023
1 16 0 0 0 2.2961 0 5.54328 0 1 0 -5.54328 0 2.2961 1-8edge.dat
2 24 2 0 -5.6023 2.2961 0 -5.5433
2 24 5.5433 0 -2.2961 5.6023 0 -2
1 16 0 0 0 -5.54328 0 2.2961 0 1 0 -2.2961 0 -5.54328 1-8edge.dat
2 24 -5.6023 0 -2 -5.5433 0 -2.2961
2 24 -2.2961 0 -5.5433 -2 0 -5.6023
1 16 0 0 0 -2.2961 0 -5.54328 0 1 0 5.54328 0 -2.2961 1-8edge.dat
2 24 -2 0 5.6023 -2.2961 0 5.5433
2 24 -5.5433 0 2.2961 -5.6023 0 2
0 FILE parts/s/4032s01.dat
0 ~Plate  2 x  2 Round with Axlehole - Quarter
0 Name: s\4032s01.dat
0 Author: Magnus Forsberg [MagFors]
0 !LDRAW_ORG Subpart UPDATE 2022-02
0 !LICENSE Licensed under CC BY 4.0 : see CAreadme.txt

0 BFC CERTIFY CCW

0 !HISTORY 2022-03-06 [PTadmin] Official Update 2022-02


4 16 8 4 8 16 4 11.36 16 4 -11.36 8 4 -8
4 16 16 4 -11.36 14.142 4 -14.142 11.36 4 -16 8 4 -8
1 16 16 6 0 0 1 0 0 0 -2 11.36 0 0 rect.dat
4 16 18.4774 8 7.6536 18.4776 8 -7.6537 16 8 -11.36 16 8 11.36
1 16 0 8 0 18.4776 0 7.6537 0 -1 0 -7.6537 0 18.4776 1-8chrd.dat
1 16 0 8 0 18.4776 0 7.6537 0 -8 0 -7.6537 0 18.4776 1-8cylo.dat
1 16 0 0 0 18.4776 0 7.6537 0 1 0 -7.6537 0 18.4776 1-8chrd.dat
4 16 18.4774 0 7.6536 18.4774 8 7.6536 16 8 11.36 16 4 11.36
4 16 18.4776 8 -7.6537 18.4776 0 -7.6537 16 4 -11.36 16 8 -11.36
2 24 18.4774 0 7.6536 15.6145 0 11.9397
2 24 18.4776 0 -7.6537 15.6145 0 -11.9387
2 24 18.4774 8 7.6536 16 8 11.36
2 24 18.4776 8 -7.6537 16 8 -11.36
2 24 16 4 -11.36 14.142 4 -14.142
2 24 14.142 4 -14.142 11.36 4 -16
4 16 15.6145 0 -11.9387 15.6145 0 11.9397 6 0 6 6 0 -6
4 16 15.6145 0 -11.9387 18.4776 0 -7.6537 18.4774 0 7.6536 15.6145 0 11.9397
4 16 15.6145 0 -11.9387 14.142 0 -14.142 14.142 4 -14.142 16 4 -11.36
3 16 15.6145 0 -11.9387 16 4 -11.36 18.4776 0 -7.6537
3 16 18.4774 0 7.6536 16 4 11.36 15.6145 0 11.9397
4 16 16 4 11.36 14.142 4 14.142 14.142 0 14.142 15.6145 0 11.9397
5 24 18.4774 0 7.6536 18.4774 8 7.6536 14.142 0 14.142 20.0005 0 .0001
5 24 18.4776 0 -7.6537 18.4776 8 -7.6537 20.0005 0 .0001 14.142 0 -14.142
5 24 14.142 0 14.142 14.142 4 14.142 18.4774 0 7.6536 7.6537 0 18.4776
0 FILE parts/3941.dat
0 Brick  2 x  2 Round without Reinforcement
0 Name: 3941.dat
0 Author: James Jessiman
0 !LDRAW_ORG Part UPDATE 2020-01
0 !LICENSE Licensed under CC BY 4.0 : see CAreadme.txt

0 BFC CERTIFY CCW

0 !HISTORY 2003-08-21 [OrionP] Changed stud to stud10, BFC'd
0 !HISTORY 2004-04-22 [PTadmin] Official Update 2004-02
0 !HISTORY 2007-06-30 [PTadmin] Header formatted for Contributor Agreement
0 !HISTORY 2008-07-01 [PTadmin] Official Update 2008-01
0 !HISTORY 2018-02-20 [MagFors] Used subfile
0 !HISTORY 2019-06-28 [PTadmin] Official Update 2019-01
0 !HISTORY 2020-06-28 [PTadmin] Official Update 2020-01


1 16 0 0 0 1 0 0 0 1 0 0 0 1 s\3941s01.dat
1 16 0 0 0 20 0 0 0 20 0 0 0 20 4-4cyli.dat
0 FILE parts/s/3941s01.dat
0 ~Brick  2 x  2 Round without Reinforcement without Outer Surface
0 Name: s\3941s01.dat
0 Author: Gerald Lasser [GeraldLasser]
0 !LDRAW_ORG Subpart UPDATE 2020-01
0 !LICENSE Licensed under CC BY 4.0 : see CAreadme.txt

0 BFC CERTIFY CCW

0 !HISTORY 2018-01-21 [GeraldLasser] Removed Surface for Printed and Modified Versions
0 !HISTORY 2018-02-19 [MagFors] used more primitives
0 !HISTORY 2018-03-30 [MagFors] used stug10-2x2 primitive
0 !HISTORY 2019-06-28 [PTadmin] Official Update 2019-01
0 !HISTORY 2020-06-28 [PTadmin] Official Update 2020-01


1 16 0 20 0 1 0 0 0 -1 0 0 0 1 stud4a.dat
1 16 0 4 0 8 0 0 0 1 0 0 0 8 4-4edge.dat
1 16 0 4 0 8 0 0 0 16 0 0 0 8 4-4cyli.dat
1 16 0 20 0 1 0 0 0 1 0 0 0 1 axlehol3.dat
1 16 0 0 0 1 0 0 0 20 0 0 0 1 axlehole.dat
1 16 0 0 0 1 0 0 0 1 0 0 0 1 axlehol2.dat
1 16 0 0 0 20 0 0 0 1 0 0 0 20 4-4edge.dat
1 16 0 20 0 18.47759 0 7.65367 0 4 0 -7.65367 0 18.47759 1-8cyli.dat
1 16 0 24 0 18.47759 0 7.65367 0 1 0 -7.65367 0 18.47759 1-8edge.dat
1 16 0 24 0 18.47759 0 7.65367 0 -1 0 -7.65367 0 18.47759 1-8chrd.dat
1 16 0 20 0 -7.65367 0 18.47759 0 4 0 -18.47759 0 -7.65367 1-8cyli.dat
1 16 0 24 0 -7.65367 0 18.47759 0 1 0 -18.47759 0 -7.65367 1-8edge.dat
1 16 0 24 0 -7.65367 0 18.47759 0 -1 0 -18.47759 0 -7.65367 1-8chrd.dat
1 16 0 20 0 -18.47759 0 -7.65367 0 4 0 7.65367 0 -18.47759 1-8cyli.dat
1 16 0 24 0 -18.47759 0 -7.65367 0 1 0 7.65367 0 -18.47759 1-8edge.dat
1 16 0 24 0 -18.47759 0 -7.65367 0 -1 0 7.65367 0 -18.47759 1-8chrd.dat
1 16 0 20 0 7.65367 0 -18.47759 0 4 0 18.47759 0 7.65367 1-8cyli.dat
1 16 0 24 0 7.65367 0 -18.47759 0 1 0 18.47759 0 7.65367 1-8edge.dat
1 16 0 24 0 7.65367 0 -18.47759 0 -1 0 18.47759 0 7.65367 1-8chrd.dat

1 16 16 22 0 0 1 0 -2 0 0 0 0 11.36 rect.dat
1 16 0 22 -16 0 0 11.36 -2 0 0 0 -1 0 rect.dat
1 16 -16 22 0 0 -1 0 -2 0 0 0 0 -11.36 rect.dat
1 16 0 22 16 0 0 -11.36 -2 0 0 0 1 0 rect.dat
4 16 11.36 24 16 -11.36 24 16 -7.65 24 18.48 7.65 24 18.48
4 16 -16 24 11.36 -16 24 -11.36 -18.48 24 -7.65 -18.48 24 7.65
4 16 -11.36 24 -16 11.36 24 -16 7.65 24 -18.48 -7.65 24 -18.48
4 16 16 24 -11.36 16 24 11.36 18.48 24 7.65 18.48 24 -7.65
1 16 17.24 22 9.505 0 -1 -1.24 2 0 0 0 0 1.855 rect1.dat
1 16 9.505 22 17.24 0 0 -1.855 2 0 0 0 -1 1.24 rect1.dat
1 16 -17.24 22 9.505 0 1 -1.24 2 0 0 0 0 -1.855 rect1.dat
1 16 -9.505 22 17.24 0 0 -1.855 2 0 0 0 -1 -1.24 rect1.dat
1 16 17.24 22 -9.505 0 -1 1.24 2 0 0 0 0 1.855 rect1.dat
1 16 9.505 22 -17.24 0 0 1.855 2 0 0 0 1 1.24 rect1.dat
1 16 -17.24 22 -9.505 0 1 1.24 2 0 0 0 0 -1.855 rect1.dat
1 16 -9.505 22 -17.24 0 0 1.855 2 0 0 0 1 -1.24 rect1.dat
2 24 16 20 11.36 14.14 20 14.14
2 24 14.14 20 14.14 11.36 20 16
2 24 -16 20 11.36 -14.14 20 14.14
2 24 -14.14 20 14.14 -11.36 20 16
2 24 16 20 -11.36 14.14 20 -14.14
2 24 14.14 20 -14.14 11.36 20 -16
2 24 -16 20 -11.36 -14.14 20 -14.14
2 24 -14.14 20 -14.14 -11.36 20 -16

1 16 0 4 0 8 0 0 0 -1 0 0 0 8 4-4ring1.dat
0 BFC INVERTNEXT
1 16 0 4 0 16 0 0 0 16 0 0 0 16 4-4cylo.dat
3 16 16 20 0 14.78 20 6.12 16 20 11.36
4 16 14.78 20 6.12 11.31 20 11.31 14.14 20 14.14 16 20 11.36
4 16 6.12 20 14.78 11.36 20 16 14.14 20 14.14 11.31 20 11.31
3 16 0 20 16 11.36 20 16 6.12 20 14.78
3 16 -16 20 0 -16 20 11.36 -14.78 20 6.12
4 16 -14.78 20 6.12 -16 20 11.36 -14.14 20 14.14 -11.31 20 11.31
4 16 -6.12 20 14.78 -11.31 20 11.31 -14.14 20 14.14 -11.36 20 16
3 16 0 20 16 -6.12 20 14.78 -11.36 20 16
3 16 16 20 0 16 20 -11.36 14.78 20 -6.12
4 16 14.78 20 -6.12 16 20 -11.36 14.14 20 -14.14 11.31 20 -11.31
4 16 6.12 20 -14.78 11.31 20 -11.31 14.14 20 -14.14 11.36 20 -16
3 16 0 20 -16 6.12 20 -14.78 11.36 20 -16
3 16 -16 20 0 -14.78 20 -6.12 -16 20 -11.36
4 16 -14.78 20 -6.12 -11.31 20 -11.31 -14.14 20 -14.14 -16 20 -11.36
4 16 -6.12 20 -14.78 -11.36 20 -16 -14.14 20 -14.14 -11.31 20 -11.31
3 16 0 20 -16 -11.36 20 -16 -6.12 20 -14.78
5 24 -7.65 20 18.48 -7.65 24 18.48 -14.14 20 14.14 0 20 20
5 24 -18.48 20 7.65 -18.48 24 7.65 -20 20 0 -14.14 20 14.14
5 24 -18.48 20 -7.65 -18.48 24 -7.65 -14.14 20 -14.14 -20 20 0
5 24 -7.65 20 -18.48 -7.65 24 -18.48 0 20 -20 -14.14 20 -14.14
5 24 7.65 20 -18.48 7.65 24 -18.48 14.14 20 -14.14 0 20 -20
5 24 18.48 20 -7.65 18.48 24 -7.65 20 20 0 14.14 20 -14.14
5 24 18.48 20 7.65 18.48 24 7.65 14.14 20 14.14 20 20 0
5 24 7.65 20 18.48 7.65 24 18.48 0 20 20 14.14 20 14.14

1 16 0 0 0 4.24264 0 -4.24264 0 1 0 4.24264 0 4.24264 4-4ndis.dat
1 16 0 0 0 20 0 0 0 1 0 0 0 20 1-4chrd.dat
1 16 0 0 0 -20 0 0 0 1 0 0 0 20 1-4chrd.dat
1 16 0 0 0 -20 0 0 0 1 0 0 0 -20 1-4chrd.dat
1 16 0 0 0 20 0 0 0 1 0 0 0 -20 1-4chrd.dat
4 16 0 0 -20 0 0 -8.4853 -8.4853 0 0 -20 0 0
4 16 0 0 20 -20 0 0 -8.4853 0 0 0 0 8.4853
4 16 20 0 0 0 0 20 0 0 8.4853 8.4853 0 0
4 16 0 0 -20 20 0 0 8.4853 0 0 0 0 -8.4853

1 16 0 0 0 1 0 0 0 1 0 0 0 1 stug10-2x2.dat
0 FILE p/axlehole.dat
0 Technic Axle Hole Closed
0 Name: axlehole.dat
0 Author: James Jessiman
0 !LDRAW_ORG Primitive UPDATE 2022-02
0 !LICENSE Licensed under CC BY 4.0 : see CAreadme.txt

0 BFC CERTIFY CCW

0 !HISTORY 2000-04-23 [sbliss] Added conditional edges along outermost diameters
0 !HISTORY 2000-05-07 [PTadmin] Official Update 2000-01
0 !HISTORY 2002-05-08 [OrionP] Made BFC compliant
0 !HISTORY 2002-08-18 [PTadmin] Official Update 2002-04
0 !HISTORY 2002-11-08 [OrionP] Adjusted fit and precision
0 !HISTORY 2003-03-12 [PTadmin] Official Update 2003-01
0 !HISTORY 2005-05-15 [guyvivan] Use 1-8chrd.dat primitive and made BFC'ed CCW
0 !HISTORY 2005-12-28 [PTadmin] Official Update 2005-01
0 !HISTORY 2007-06-24 [PTadmin] Header formatted for Contributor Agreement
0 !HISTORY 2008-07-01 [PTadmin] Official Update 2008-01
0 !HISTORY 2021-03-25 [Sirio] Added adapter rings and rounded to four decimals
0 !HISTORY 2021-12-20 [MagFors] Reshaped the hole
0 !HISTORY 2022-03-06 [PTadmin] Official Update 2022-02


1 16 0 0 0 1 0 0 0 1 0 0 0 1 axl5hol9.dat
1 16 0 1 0 1 0 0 0 1 0 0 0 1 axl5hol9.dat
1 16 0 0 0 1 0 0 0 1 0 0 0 1 axl5ho10.dat
1 16 0 1 0 1 0 0 0 -1 0 0 0 -1 axl5ho10.dat

1 16 0 0 0 1 0 0 0 1 0 0 0 1 axl5hol8.dat

0 // Adapter rings
1 16 0 0 0 6 0 0 0 1 0 0 0 6 1-16chrd.dat
1 16 0 0 0 0 0 6 0 1 0 6 0 0 1-16chrd.dat
1 16 0 0 0 0 0 -6 0 1 0 6 0 0 1-16chrd.dat
1 16 0 0 0 -6 0 0 0 1 0 0 0 6 1-16chrd.dat
1 16 0 0 0 -6 0 0 0 1 0 0 0 -6 1-16chrd.dat
1 16 0 0 0 0 0 -6 0 1 0 -6 0 0 1-16chrd.dat
1 16 0 0 0 0 0 6 0 1 0 -6 0 0 1-16chrd.dat
1 16 0 0 0 6 0 0 0 1 0 0 0 -6 1-16chrd.dat

1 16 0 1 0 6 0 0 0 -1 0 0 0 6 1-16chrd.dat
1 16 0 1 0 0 0 6 0 -1 0 6 0 0 1-16chrd.dat
1 16 0 1 0 0 0 -6 0 -1 0 6 0 0 1-16chrd.dat
1 16 0 1 0 -6 0 0 0 -1 0 0 0 6 1-16chrd.dat
1 16 0 1 0 -6 0 0 0 -1 0 0 0 -6 1-16chrd.dat
1 16 0 1 0 0 0 -6 0 -1 0 -6 0 0 1-16chrd.dat
1 16 0 1 0 0 0 6 0 -1 0 -6 0 0 1-16chrd.dat
1 16 0 1 0 6 0 0 0 -1 0 0 0 -6 1-16chrd.dat
0 FILE p/1-16chrd.dat
0 Chord 0.0625
0 Name: 1-16chrd.dat
0 Author: Philippe Hurbain [Philo]
0 !LDRAW_ORG Primitive UPDATE 2015-01
0 !LICENSE Licensed under CC BY 4.0 : see CAreadme.txt

0 BFC CERTIFY CCW

0 !HISTORY 2015-10-11 [PTadmin] Official Update 2015-01


0 // This file is intentionally empty because at the current \P resolution,
0 // an 1-16chrd is actually empty. However, this file still is present
0 // to allow tools to do primitives substition and fill in a real chrd here,
0 // or, if desired, to substitute this with the hi-res 48\1-16chrd.

0 // This file is based on an idea by Darats at http://forums.ldraw.org/read.php?19,14500,14500#msg-14500

1 16 0 0 0 1 0 0 0 1 0 0 0 1 empty.dat
0 FILE p/empty.dat
0 Empty
0 Name: empty.dat
0 Author: Steffen [Steffen]
0 !LDRAW_ORG Primitive UPDATE 2025-08
0 !LICENSE Licensed under CC BY 4.0 : see CAreadme.txt

0 BFC CERTIFY CCW

0 !HISTORY 2015-10-11 [PTadmin] Official Update 2015-01
0 !HISTORY 2025-08-13 [OrionP] Fix comments
0 !HISTORY 2025-08-31 [OrionP] Official Update 2025-08

0 // Tool MLCad cannot handle really empty files. This file is used as a workaround.
0 // It exceptionally contains forbidden non-LDRAW standard syntax to satisfy MLCad
0 // until it is fixed OR a different editor has become the de-facto LDRAW standard.
0 // The line being used here is an "impossible" conditional line which never should be visible,
0 // additionally hidden by a syntax explicitly hiding it from displaying.

0 MLCAD HIDE 5 24 0 0 0 0.0001 0 0 0.0001 -0.0001 0 0 0 0
0 FILE parts/3068b.dat
0 Tile  2 x  2 with Groove
0 Name: 3068b.dat
0 Author: Takeshi Takahashi [RainbowDolphin]
0 !LDRAW_ORG Part UPDATE 2024-06
0 !LICENSE Licensed under CC BY 4.0 : see CAreadme.txt

0 BFC CERTIFY CCW

0 !KEYWORDS BrickLink 3068

0 !HISTORY 2002-04-25 [PTadmin] Official Update 2002-02
0 !HISTORY 2004-07-26 [guyvivan] Made BFC Compliant
0 !HISTORY 2004-11-06 [PTadmin] Official Update 2004-04
0 !HISTORY 2007-06-13 [PTadmin] Header formatted for Contributor Agreement
0 !HISTORY 2008-07-01 [PTadmin] Official Update 2008-01
0 !HISTORY 2024-05-29 [RainbowDolphin] Total rewrite, original by Damien Guichard [BrickCaster]
0 !HISTORY 2024-07-29 [OrionP] Official Update 2024-06

1 16 0 0 0 1 0 0 0 1 0 0 0 1 s\3068bs01.dat
0 // Patternable surface
4 16 -20 0 -20 20 0 -20 20 0 20 -20 0 20
0 FILE parts/s/3068bs01.dat
0 ~Tile  2 x  2 with Groove without Face
0 Name: s\3068bs01.dat
0 Author: Willy Tschager [Holly-Wood]
0 !LDRAW_ORG Subpart UPDATE 2024-03
0 !LICENSE Licensed under CC BY 4.0 : see CAreadme.txt

0 BFC CERTIFY CCW

0 !HISTORY 2002-04-02 [sbliss] Modified for BFC compliance
0 !HISTORY 2002-04-25 [PTadmin] Official Update 2002-02
0 !HISTORY 2007-08-30 [PTadmin] Header formatted for Contributor Agreement
0 !HISTORY 2008-07-01 [PTadmin] Official Update 2008-01
0 !HISTORY 2024-03-07 [Holly-Wood] Complete re-write, original by BrickCaster
0 !HISTORY 2024-04-28 [OrionP] Official Update 2024-03

1 16 0 0 0 20 0 0 0 7 0 0 0 20 box4.dat
1 16 0 7 0 19 0 0 0 1 0 0 0 19 box4.dat
0 BFC INVERTNEXT
1 16 0 4 0 16 0 0 0 4 0 0 0 16 box4.dat
1 16 0 4 0 1 0 0 0 -1 0 0 0 1 stud4.dat
1 16 0 4 0 6 0 0 0 -1 0 0 0 6 4-4disc.dat
1 16 0 4 0 8 0 0 0 -1 0 0 0 8 4-4ndis.dat

4 16 -19 7 -19 19 7 -19 20 7 -20 -20 7 -20
4 16 20 7 -20 19 7 -19 19 7 19 20 7 20
4 16 20 7 20 19 7 19 -19 7 19 -20 7 20
4 16 -20 7 20 -19 7 19 -19 7 -19 -20 7 -20

4 16 -16 8 -16 16 8 -16 19 8 -19 -19 8 -19
4 16 19 8 -19 16 8 -16 16 8 16 19 8 19
4 16 19 8 19 16 8 16 -16 8 16 -19 8 19
4 16 -19 8 19 -16 8 16 -16 8 -16 -19 8 -19

4 16 -8 4 -8 8 4 -8 16 4 -16 -16 4 -16
4 16 16 4 -16 8 4 -8 8 4 8 16 4 16
4 16 16 4 16 8 4 8 -8 4 8 -16 4 16
4 16 -16 4 16 -8 4 8 -8 4 -8 -16 4 -16
0 FILE parts/3960.dat
0 Dish  4 x  4 Inverted
0 Name: 3960.dat
0 Author: James Jessiman
0 !LDRAW_ORG Part UPDATE 2025-09
0 !LICENSE Licensed under CC BY 4.0 : see CAreadme.txt

0 BFC CERTIFY CCW

0 !KEYWORDS Radar Dish, Round, Space

0 !HISTORY 2003-06-27 [Steffen] re-created part using existing subfiles
0 !HISTORY 2004-09-15 [PTadmin] Official Update 2004-03
0 !HISTORY 2007-06-30 [PTadmin] Header formatted for Contributor Agreement
0 !HISTORY 2008-07-01 [PTadmin] Official Update 2008-01
0 !HISTORY 2010-05-09 [cwdee] Remove CATEGORY Round
0 !HISTORY 2010-07-05 [PTadmin] Official Update 2010-02
0 !HISTORY 2025-09-27 [OrionP] Changed winding to CCW
0 !HISTORY 2025-09-29 [OrionP] Official Update 2025-09

1 16 0 0 0 1 0 0 0 1 0 0 0 1 s\3960s03.dat
1 16 0 0 0 1 0 0 0 1 0 0 0 1 s\3960s01.dat
0
0 FILE parts/s/3960s01.dat
0 ~Dish  4 x  4 Inverted without Top Face
0 Name: s\3960s01.dat
0 Author: Steve Bliss [sbliss]
0 !LDRAW_ORG Subpart UPDATE 2025-05
0 !LICENSE Licensed under CC BY 4.0 : see CAreadme.txt

0 BFC CERTIFY CCW

0 !HISTORY 2002-04-25 [PTadmin] Official Update 2002-02
0 !HISTORY 2003-06-27 [Steffen] BFCed; added missing disc; re-worked file to use ring primitives
0 !HISTORY 2003-06-28 [Steffen] re-worked part underside to use smooth subfile
0 !HISTORY 2004-09-15 [PTadmin] Official Update 2004-03
0 !HISTORY 2007-09-05 [PTadmin] Header formatted for Contributor Agreement
0 !HISTORY 2008-07-01 [PTadmin] Official Update 2008-01
0 !HISTORY 2008-07-07 [Philo] Adjusted position of bottom tube to match bottom surface (2008-04-28)
0 !HISTORY 2009-10-11 [cwdee] Corrected BFC INVERTNEXT syntax
0 !HISTORY 2009-12-29 [PTadmin] Official Update 2009-03
0 !HISTORY 2025-04-07 [GeraldLasser] Subfiled for Patterns around Stud
0 !HISTORY 2025-05-28 [OrionP] Official Update 2025-05

1 16 0 0 0 1 0 0 0 1 0 0 0 1 s\3960s00.dat

1 16 0 0 0 -10 0 0 0 1 0 0 0 -10 48\1-8chrd.dat
1 16 0 0 0 10 0 0 0 1 0 0 0 -10 48\1-8chrd.dat
1 16 0 0 0 -10 0 0 0 1 0 0 0 10 48\1-8chrd.dat
1 16 0 0 0 10 0 0 0 1 0 0 0 10 48\1-8chrd.dat
1 16 0 0 0 0 0 10 0 1 0 -10 0 0 48\1-8chrd.dat
1 16 0 0 0 0 0 10 0 1 0 10 0 0 48\1-8chrd.dat
1 16 0 0 0 0 0 -10 0 1 0 -10 0 0 48\1-8chrd.dat
1 16 0 0 0 0 0 -10 0 1 0 10 0 0 48\1-8chrd.dat

4 16 6 0 -6 0 0 -6 0 0 -10 7.071 0 -7.071
4 16 6 0 0 6 0 -6 7.071 0 -7.071 10 0 0
4 16 6 0 6 6 0 0 10 0 0 7.071 0 7.071
4 16 0 0 6 6 0 6 7.071 0 7.071 0 0 10
4 16 0 0 6 0 0 10 -7.071 0 7.071 -6 0 6
4 16 -6 0 6 -7.071 0 7.071 -10 0 0 -6 0 0
4 16 -6 0 -6 -6 0 0 -10 0 0 -7.071 0 -7.071
4 16 0 0 -6 -6 0 -6 -7.071 0 -7.071 0 0 -10
0 FILE p/48/1-8chrd.dat
0 Hi-Res Chord 0.125
0 Name: 48\1-8chrd.dat
0 Author: Willy Tschager [Holly-Wood]
0 !LDRAW_ORG 48_Primitive UPDATE 2024-01
0 !LICENSE Licensed under CC BY 4.0 : see CAreadme.txt

0 BFC CERTIFY CCW

0 !HISTORY 2009-05-02 [PTadmin] Official Update 2009-01
0 !HISTORY 2024-01-04 [Holly-Wood] Complete re-write, original by guyvivan
0 !HISTORY 2024-01-29 [OrionP] Official Update 2024-01

0 // Vertices calculated by LDPartEditor (PrimGen 2.X)

4 16 .7071 0 .7071 1 0 0 .9914 0 .1305 .7934 0 .6088
4 16 .7934 0 .6088 .9914 0 .1305 .9659 0 .2588 .866 0 .5
3 16 .866 0 .5 .9659 0 .2588 .9239 0 .3827
0 FILE parts/s/3960s00.dat
0 ~Dish  4 x  4 Inverted without Top and Centre Face
0 Name: s\3960s00.dat
0 Author: Gerald Lasser [GeraldLasser]
0 !LDRAW_ORG Subpart UPDATE 2025-05
0 !LICENSE Licensed under CC BY 4.0 : see CAreadme.txt

0 BFC CERTIFY CCW

0 !HISTORY 2025-04-07 [GeraldLasser] Subfiled for Patterns around Stud and Reduced Code
0 !HISTORY 2025-05-28 [OrionP] Official Update 2025-05

1 16 0 4 0 -9 0 0 0 -0.9 0 0 0 9 48\4-4disc.dat
0 BFC INVERTNEXT
1 16 0 4 0 0.9 0 0 0 0.9 0 0 0 0.9 s\3960s03.dat
1 16 0 0 0 1 0 0 0 1 0 0 0 1 stud.dat
1 16 0 4 0 1 0 0 0 8 0 0 0 1 axlehole.dat
1 16 0 4 0 1 0 0 0 1 0 0 0 1 axlehol2.dat
1 16 0 12 0 1 0 0 0 1 0 0 0 1 axlehol3.dat
1 16 0 11 0 8 0 0 0 1 0 0 0 8 4-4edge.dat
1 16 0 11 0 8 0 0 0 1 0 0 0 8 4-4cyli.dat
1 16 0 12 0 1 0 0 0 -1 0 0 0 1 stud4a.dat
1 16 0 11 0 2 0 0 0 -1 0 0 0 2 4-4ring4.dat
1 16 0 4.15 0 10 0 0 0 6.85 0 0 0 10 4-4cylo.dat
1 16 0 0 0 -6 0 0 0 1 0 0 0 -6 4-4ndis.dat
0 BFC INVERTNEXT
1 16 0 11 0 -36 0 0 0 5 0 0 0 -36 48\4-4cyli.dat
1 16 0 16 0 -36 0 0 0 1 0 0 0 -36 48\4-4edge.dat
1 16 0 16 0 4 0 0 0 -4 0 0 0 -4 48\4-4ring9.dat
1 16 0 8 0 -40 0 0 0 8 0 0 0 -40 48\4-4cylo.dat
0 FILE p/48/4-4cylo.dat
0 Hi-Res Cylinder Open 1.0
0 Name: 48\4-4cylo.dat
0 Author: Philippe Hurbain [Philo]
0 !LDRAW_ORG 48_Primitive UPDATE 2011-01
0 !LICENSE Licensed under CC BY 4.0 : see CAreadme.txt

0 BFC CERTIFY CCW

0 !HISTORY 2011-07-25 [PTadmin] Official Update 2011-01


1 16 0 0 0 1 0 0 0 1 0 0 0 1 48\4-4edge.dat
1 16 0 1 0 1 0 0 0 1 0 0 0 1 48\4-4edge.dat
1 16 0 0 0 1 0 0 0 1 0 0 0 1 48\4-4cyli.dat
0 FILE p/48/4-4ring9.dat
0 Hi-Res Ring  9 x 1.0
0 Name: 48\4-4ring9.dat
0 Author: Paul Easter [pneaster]
0 !LDRAW_ORG 48_Primitive UPDATE 2012-02
0 !LICENSE Licensed under CC BY 4.0 : see CAreadme.txt

0 BFC CERTIFY CCW

0 !HISTORY 2002-08-18 [PTadmin] Official Update 2002-04
0 !HISTORY 2007-06-24 [PTadmin] Header formatted for Contributor Agreement
0 !HISTORY 2008-07-01 [PTadmin] Official Update 2008-01
0 !HISTORY 2012-02-27 [Philo] Changed to CCW
0 !HISTORY 2012-08-09 [PTadmin] Official Update 2012-02


1 16 0 0 0 1 0 0 0 1 0 0 0 1 48\1-4ring9.dat
1 16 0 0 0 0 0 -1 0 1 0 1 0 0 48\1-4ring9.dat
1 16 0 0 0 -1 0 0 0 1 0 0 0 -1 48\1-4ring9.dat
1 16 0 0 0 0 0 1 0 1 0 -1 0 0 48\1-4ring9.dat
0 FILE p/48/1-4ring9.dat
0 Hi-Res Ring  9 x 0.25
0 Name: 48\1-4ring9.dat
0 Author: Paul Easter [pneaster]
0 !LDRAW_ORG 48_Primitive UPDATE 2014-02
0 !LICENSE Licensed under CC BY 4.0 : see CAreadme.txt

0 BFC CERTIFY CCW

0 !HISTORY 2002-08-18 [PTadmin] Official Update 2002-04
0 !HISTORY 2007-06-24 [PTadmin] Header formatted for Contributor Agreement
0 !HISTORY 2008-07-01 [PTadmin] Official Update 2008-01
0 !HISTORY 2012-02-27 [Philo] Changed to CCW
0 !HISTORY 2012-08-09 [PTadmin] Official Update 2012-02
0 !HISTORY 2014-12-20 [MMR1988] Fixed a rounding issue
0 !HISTORY 2014-12-23 [PTadmin] Official Update 2014-02


4 16 10 0 0 9.914 0 1.305 8.9226 0 1.1745 9 0 0
4 16 9.914 0 1.305 9.659 0 2.588 8.6931 0 2.3292 8.9226 0 1.1745
4 16 9.659 0 2.588 9.239 0 3.827 8.3151 0 3.4443 8.6931 0 2.3292
4 16 9.239 0 3.827 8.66 0 5 7.794 0 4.5 8.3151 0 3.4443
4 16 8.66 0 5 7.934 0 6.088 7.1406 0 5.4792 7.794 0 4.5
4 16 7.934 0 6.088 7.071 0 7.071 6.3639 0 6.3639 7.1406 0 5.4792
4 16 7.071 0 7.071 6.088 0 7.934 5.4792 0 7.1406 6.3639 0 6.3639
4 16 6.088 0 7.934 5 0 8.66 4.5 0 7.794 5.4792 0 7.1406
4 16 5 0 8.66 3.827 0 9.239 3.4443 0 8.3151 4.5 0 7.794
4 16 3.827 0 9.239 2.588 0 9.659 2.3292 0 8.6931 3.4443 0 8.3151
4 16 2.588 0 9.659 1.305 0 9.914 1.1745 0 8.9226 2.3292 0 8.6931
4 16 1.305 0 9.914 0 0 10 0 0 9 1.1745 0 8.9226
0 // Build by Primitive Generator 2
0 FILE parts/s/3960s03.dat
0 ~Dish  4 x  4 Inverted - Dish Surface
0 Name: s\3960s03.dat
0 Author: Steffen [Steffen]
0 !LDRAW_ORG Subpart UPDATE 2020-01
0 !LICENSE Licensed under CC BY 4.0 : see CAreadme.txt

0 BFC CERTIFY CCW

0 !HISTORY 2003-06-27 [Steffen] 48ed, moved optional lines to 3960s02.dat
0 !HISTORY 2004-09-15 [PTadmin] Official Update 2004-03
0 !HISTORY 2007-09-05 [PTadmin] Header formatted for Contributor Agreement
0 !HISTORY 2008-07-01 [PTadmin] Official Update 2008-01
0 !HISTORY 2019-05-29 [GeraldLasser] Adapted for 30 Degree Subfiling
0 !HISTORY 2020-06-28 [PTadmin] Official Update 2020-01


1 16 0 8 0 40 0 0 0 1 0 0 0 40 48\4-4edge.dat

1 16 0 0 0 1 0 0 0 1 0 0 0 1 s\3960s02.dat
1 16 0 0 0 0 0 1 0 1 0 1 0 0 s\3960s02.dat
1 16 0 0 0 -1 0 0 0 1 0 0 0 1 s\3960s02.dat
1 16 0 0 0 0 0 -1 0 1 0 1 0 0 s\3960s02.dat
1 16 0 0 0 1 0 0 0 1 0 0 0 -1 s\3960s02.dat
1 16 0 0 0 0 0 1 0 1 0 -1 0 0 s\3960s02.dat
1 16 0 0 0 -1 0 0 0 1 0 0 0 -1 s\3960s02.dat
1 16 0 0 0 0 0 -1 0 1 0 -1 0 0 s\3960s02.dat

1 16 0 0 0 1 0 0 0 1 0 0 0 1 s\3960s04.dat
1 16 0 0 0 1 0 0 0 1 0 0 0 -1 s\3960s04.dat
1 16 0 0 0 -1 0 0 0 1 0 0 0 1 s\3960s04.dat
1 16 0 0 0 -1 0 0 0 1 0 0 0 -1 s\3960s04.dat

1 16 0 0 0 1 0 0 0 1 0 0 0 1 s\3960s05.dat
0 FILE parts/s/3960s05.dat
0 ~Dish  4 x  4 Inverted - Conditional Lines
0 Name: s\3960s05.dat
0 Author: Gerald Lasser [GeraldLasser]
0 !LDRAW_ORG Subpart UPDATE 2019-03
0 !LICENSE Licensed under CC BY 4.0 : see CAreadme.txt

0 BFC CERTIFY CCW

0 !HISTORY 2019-05-29 [GeraldLasser] Extracted cond-lines for patterned dishes
0 !HISTORY 2019-12-27 [PTadmin] Official Update 2019-03


0 // Radial Condlines 1/8

5 24 1.305 0 9.914 2.871 2 21.8108 5.6936 2 21.2498 0 2 22
5 24 2.871 2 21.8108 3.84975 4 29.2463 7.6346 4 28.49405 0 4 29.5
5 24 3.84975 4 29.2463 4.5675 6 34.699 9.058 6 33.8065 0 6 35
5 24 5.22 8 39.656 4.5675 6 34.699 0 8 40 10.352 8 38.636

5 24 2.588 0 9.659 5.6936 2 21.2498 2.871 2 21.8108 8.4194 2 20.3258
5 24 5.6936 2 21.2498 7.6346 4 28.49405 3.84975 4 29.2463 11.28965 4 27.25505
5 24 9.058 6 33.8065 7.6346 4 28.49405 4.5675 6 34.699 13.3945 6 32.3365
5 24 10.352 8 38.636 9.058 6 33.8065 5.22 8 39.656 15.308 8 36.956

5 24 3.827 0 9.239 8.4194 2 20.3258 5.6936 2 21.2498 11 2 19.052
5 24 8.4194 2 20.3258 11.28965 4 27.25505 7.6346 4 28.49405 14.75 4 25.547
5 24 13.3945 6 32.3365 11.28965 4 27.25505 9.058 6 33.8065 17.5 6 30.31
5 24 15.308 8 36.956 13.3945 6 32.3365 10.352 8 38.636 20 8 34.64

5 24 5 0 8.66 11 2 19.052 8.4194 2 20.3258 13.3936 2 17.4548
5 24 11 2 19.052 14.75 4 25.547 11.28965 4 27.25505 17.9596 4 23.4053
5 24 17.5 6 30.31 14.75 4 25.547 13.3945 6 32.3365 21.308 6 27.769
5 24 20 8 34.64 17.5 6 30.31 15.308 8 36.956 24.352 8 31.736

5 24 6.088 0 7.934 13.3936 2 17.4548 11 2 19.052 15.5562 2 15.5562
5 24 17.9596 4 23.4053 13.3936 2 17.4548 14.75 4 25.547 20.85945 4 20.85945
5 24 21.308 6 27.769 17.9596 4 23.4053 17.5 6 30.31 24.7485 6 24.7485
5 24 24.352 8 31.736 21.308 6 27.769 20 8 34.64 28.284 8 28.284

5 24 7.071 0 7.071 15.5562 2 15.5562 17.4548 2 13.3936 13.3936 2 17.4548
5 24 15.5562 2 15.5562 20.85945 4 20.85945 23.4053 4 17.9596 17.9596 4 23.4053
5 24 20.85945 4 20.85945 24.7485 6 24.7485 27.769 6 21.308 21.308 6 27.769
5 24 24.7485 6 24.7485 28.284 8 28.284 31.736 8 24.352 24.352 8 31.736

0 // Circular condlines 1/8
5 24 1.305 0 9.914 0 0 10 0 0 0 0 2 22
5 24 1.305 0 9.914 2.588 0 9.659 0 0 0 2.871 2 21.8108
5 24 2.588 0 9.659 3.827 0 9.239 0 0 0 5.6936 2 21.2498
5 24 3.827 0 9.239 5 0 8.66 0 0 0 8.4194 2 20.3258
5 24 5 0 8.66 6.088 0 7.934 0 0 0 11 2 19.052
5 24 6.088 0 7.934 7.071 0 7.071 0 0 0 13.3936 2 17.4548

5 24 2.871 2 21.8108 0 2 22 0 0 10 0 4 29.5
5 24 5.6936 2 21.2498 2.871 2 21.8108 1.305 0 9.914 3.84975 4 29.2463
5 24 8.4194 2 20.3258 5.6936 2 21.2498 2.588 0 9.659 7.6346 4 28.49405
5 24 11 2 19.052 8.4194 2 20.3258 3.827 0 9.239 11.28965 4 27.25505
5 24 13.3936 2 17.4548 11 2 19.052 5 0 8.66 14.75 4 25.547
5 24 15.5562 2 15.5562 13.3936 2 17.4548 6.088 0 7.934 17.9596 4 23.4053

5 24 3.84975 4 29.2463 0 4 29.5 0 2 22 0 6 35
5 24 7.6346 4 28.49405 3.84975 4 29.2463 2.871 2 21.8108 4.5675 6 34.699
5 24 11.28965 4 27.25505 7.6346 4 28.49405 5.6936 2 21.2498 9.058 6 33.8065
5 24 14.75 4 25.547 11.28965 4 27.25505 8.4194 2 20.3258 13.3945 6 32.3365
5 24 17.9596 4 23.4053 14.75 4 25.547 11 2 19.052 17.5 6 30.31
5 24 20.85945 4 20.85945 17.9596 4 23.4053 13.3936 2 17.4548 21.308 6 27.769

5 24 4.5675 6 34.699 0 6 35 0 4 29.5 0 8 40
5 24 9.058 6 33.8065 4.5675 6 34.699 3.84975 4 29.2463 5.22 8 39.656
5 24 13.3945 6 32.3365 9.058 6 33.8065 7.6346 4 28.49405 10.352 8 38.636
5 24 17.5 6 30.31 13.3945 6 32.3365 11.28965 4 27.25505 15.308 8 36.956
5 24 21.308 6 27.769 17.5 6 30.31 14.75 4 25.547 20 8 34.64
5 24 24.7485 6 24.7485 21.308 6 27.769 17.9596 4 23.4053 24.352 8 31.736

0 // Radial Condlines 2/8
5 24 10 0 0 22 2 0 21.8108 2 2.871 21.8108 2 -2.871
5 24 22 2 0 29.5 4 0 29.2463 4 -3.84975 29.2463 4 3.84975
5 24 29.5 4 0 35 6 0 34.699 6 -4.5675 34.699 6 4.5675
5 24 40 8 0 35 6 0 39.656 8 -5.22 39.656 8 5.22

5 24 9.914 0 1.305 21.8108 2 2.871 21.2498 2 5.6936 22 2 0
5 24 21.8108 2 2.871 29.2463 4 3.84975 28.49405 4 7.6346 29.5 4 0
5 24 29.2463 4 3.84975 34.699 6 4.5675 33.8065 6 9.058 35 6 0
5 24 39.656 8 5.22 34.699 6 4.5675 40 8 0 38.636 8 10.352

5 24 9.659 0 2.588 21.2498 2 5.6936 21.8108 2 2.871 20.3258 2 8.4194
5 24 21.2498 2 5.6936 28.49405 4 7.6346 29.2463 4 3.84975 27.25505 4 11.28965
5 24 33.8065 6 9.058 28.49405 4 7.6346 34.699 6 4.5675 32.3365 6 13.3945
5 24 38.636 8 10.352 33.8065 6 9.058 39.656 8 5.22 36.956 8 15.308

5 24 9.239 0 3.827 20.3258 2 8.4194 21.2498 2 5.6936 19.052 2 11
5 24 20.3258 2 8.4194 27.25505 4 11.28965 28.49405 4 7.6346 25.547 4 14.75
5 24 32.3365 6 13.3945 27.25505 4 11.28965 33.8065 6 9.058 30.31 6 17.5
5 24 36.956 8 15.308 32.3365 6 13.3945 38.636 8 10.352 34.64 8 20

5 24 8.66 0 5 19.052 2 11 20.3258 2 8.4194 17.4548 2 13.3936
5 24 19.052 2 11 25.547 4 14.75 27.25505 4 11.28965 23.4053 4 17.9596
5 24 30.31 6 17.5 25.547 4 14.75 32.3365 6 13.3945 27.769 6 21.308
5 24 34.64 8 20 30.31 6 17.5 36.956 8 15.308 31.736 8 24.352

5 24 7.934 0 6.088 17.4548 2 13.3936 19.052 2 11 15.5562 2 15.5562
5 24 23.4053 4 17.9596 17.4548 2 13.3936 25.547 4 14.75 20.85945 4 20.85945
5 24 27.769 6 21.308 23.4053 4 17.9596 30.31 6 17.5 24.7485 6 24.7485
5 24 31.736 8 24.352 27.769 6 21.308 34.64 8 20 28.284 8 28.284

0 // Circular condlines 2/8
5 24 9.914 0 1.305 10 0 0 0 0 0 22 2 0
5 24 9.914 0 1.305 9.659 0 2.588 0 0 0 21.8108 2 2.871
5 24 9.659 0 2.588 9.239 0 3.827 0 0 0 21.2498 2 5.6936
5 24 9.239 0 3.827 8.66 0 5 0 0 0 20.3258 2 8.4194
5 24 8.66 0 5 7.934 0 6.088 0 0 0 19.052 2 11
5 24 7.934 0 6.088 7.071 0 7.071 0 0 0 17.4548 2 13.3936

5 24 21.8108 2 2.871 22 2 0 10 0 0 29.5 4 0
5 24 21.2498 2 5.6936 21.8108 2 2.871 9.914 0 1.305 29.2463 4 3.84975
5 24 20.3258 2 8.4194 21.2498 2 5.6936 9.659 0 2.588 28.49405 4 7.6346
5 24 19.052 2 11 20.3258 2 8.4194 9.239 0 3.827 27.25505 4 11.28965
5 24 17.4548 2 13.3936 19.052 2 11 8.66 0 5 25.547 4 14.75
5 24 15.5562 2 15.5562 17.4548 2 13.3936 7.934 0 6.088 23.4053 4 17.9596

5 24 29.2463 4 3.84975 29.5 4 0 22 2 0 35 6 0
5 24 28.49405 4 7.6346 29.2463 4 3.84975 21.8108 2 2.871 34.699 6 4.5675
5 24 27.25505 4 11.28965 28.49405 4 7.6346 21.2498 2 5.6936 33.8065 6 9.058
5 24 25.547 4 14.75 27.25505 4 11.28965 20.3258 2 8.4194 32.3365 6 13.3945
5 24 23.4053 4 17.9596 25.547 4 14.75 19.052 2 11 30.31 6 17.5
5 24 20.85945 4 20.85945 23.4053 4 17.9596 17.4548 2 13.3936 27.769 6 21.308

5 24 34.699 6 4.5675 35 6 0 29.5 4 0 40 8 0
5 24 33.8065 6 9.058 34.699 6 4.5675 29.2463 4 3.84975 39.656 8 5.22
5 24 32.3365 6 13.3945 33.8065 6 9.058 28.49405 4 7.6346 38.636 8 10.352
5 24 30.31 6 17.5 32.3365 6 13.3945 27.25505 4 11.28965 36.956 8 15.308
5 24 27.769 6 21.308 30.31 6 17.5 25.547 4 14.75 34.64 8 20
5 24 24.7485 6 24.7485 27.769 6 21.308 23.4053 4 17.9596 31.736 8 24.352

0 // Radial Condlines 3/8
5 24 9.914 0 -1.305 21.8108 2 -2.871 21.2498 2 -5.6936 22 2 0
5 24 21.8108 2 -2.871 29.2463 4 -3.84975 28.49405 4 -7.6346 29.5 4 0
5 24 29.2463 4 -3.84975 34.699 6 -4.5675 33.8065 6 -9.058 35 6 0
5 24 39.656 8 -5.22 34.699 6 -4.5675 40 8 0 38.636 8 -10.352

5 24 9.659 0 -2.588 21.2498 2 -5.6936 21.8108 2 -2.871 20.3258 2 -8.4194
5 24 21.2498 2 -5.6936 28.49405 4 -7.6346 29.2463 4 -3.84975 27.25505 4 -11.28965
5 24 33.8065 6 -9.058 28.49405 4 -7.6346 34.699 6 -4.5675 32.3365 6 -13.3945
5 24 38.636 8 -10.352 33.8065 6 -9.058 39.656 8 -5.22 36.956 8 -15.308

5 24 9.239 0 -3.827 20.3258 2 -8.4194 21.2498 2 -5.6936 19.052 2 -11
5 24 20.3258 2 -8.4194 27.25505 4 -11.28965 28.49405 4 -7.6346 25.547 4 -14.75
5 24 32.3365 6 -13.3945 27.25505 4 -11.28965 33.8065 6 -9.058 30.31 6 -17.5
5 24 36.956 8 -15.308 32.3365 6 -13.3945 38.636 8 -10.352 34.64 8 -20

5 24 8.66 0 -5 19.052 2 -11 20.3258 2 -8.4194 17.4548 2 -13.3936
5 24 19.052 2 -11 25.547 4 -14.75 27.25505 4 -11.28965 23.4053 4 -17.9596
5 24 30.31 6 -17.5 25.547 4 -14.75 32.3365 6 -13.3945 27.769 6 -21.308
5 24 34.64 8 -20 30.31 6 -17.5 36.956 8 -15.308 31.736 8 -24.352

5 24 7.934 0 -6.088 17.4548 2 -13.3936 19.052 2 -11 15.5562 2 -15.5562
5 24 23.4053 4 -17.9596 17.4548 2 -13.3936 25.547 4 -14.75 20.85945 4 -20.85945
5 24 27.769 6 -21.308 23.4053 4 -17.9596 30.31 6 -17.5 24.7485 6 -24.7485
5 24 31.736 8 -24.352 27.769 6 -21.308 34.64 8 -20 28.284 8 -28.284

5 24 7.071 0 -7.071 15.5562 2 -15.5562 13.3936 2 -17.4548 17.4548 2 -13.3936
5 24 15.5562 2 -15.5562 20.85945 4 -20.85945 17.9596 4 -23.4053 23.4053 4 -17.9596
5 24 20.85945 4 -20.85945 24.7485 6 -24.7485 21.308 6 -27.769 27.769 6 -21.308
5 24 24.7485 6 -24.7485 28.284 8 -28.284 24.352 8 -31.736 31.736 8 -24.352

0 // Circular condlines 3/8
5 24 9.914 0 -1.305 10 0 0 0 0 0 22 2 0
5 24 9.914 0 -1.305 9.659 0 -2.588 0 0 0 21.8108 2 -2.871
5 24 9.659 0 -2.588 9.239 0 -3.827 0 0 0 21.2498 2 -5.6936
5 24 9.239 0 -3.827 8.66 0 -5 0 0 0 20.3258 2 -8.4194
5 24 8.66 0 -5 7.934 0 -6.088 0 0 0 19.052 2 -11
5 24 7.934 0 -6.088 7.071 0 -7.071 0 0 0 17.4548 2 -13.3936

5 24 21.8108 2 -2.871 22 2 0 10 0 0 29.5 4 0
5 24 21.2498 2 -5.6936 21.8108 2 -2.871 9.914 0 -1.305 29.2463 4 -3.84975
5 24 20.3258 2 -8.4194 21.2498 2 -5.6936 9.659 0 -2.588 28.49405 4 -7.6346
5 24 19.052 2 -11 20.3258 2 -8.4194 9.239 0 -3.827 27.25505 4 -11.28965
5 24 17.4548 2 -13.3936 19.052 2 -11 8.66 0 -5 25.547 4 -14.75
5 24 15.5562 2 -15.5562 17.4548 2 -13.3936 7.934 0 -6.088 23.4053 4 -17.9596

5 24 29.2463 4 -3.84975 29.5 4 0 22 2 0 35 6 0
5 24 28.49405 4 -7.6346 29.2463 4 -3.84975 21.8108 2 -2.871 34.699 6 -4.5675
5 24 27.25505 4 -11.28965 28.49405 4 -7.6346 21.2498 2 -5.6936 33.8065 6 -9.058
5 24 25.547 4 -14.75 27.25505 4 -11.28965 20.3258 2 -8.4194 32.3365 6 -13.3945
5 24 23.4053 4 -17.9596 25.547 4 -14.75 19.052 2 -11 30.31 6 -17.5
5 24 20.85945 4 -20.85945 23.4053 4 -17.9596 17.4548 2 -13.3936 27.769 6 -21.308

5 24 34.699 6 -4.5675 35 6 0 29.5 4 0 40 8 0
5 24 33.8065 6 -9.058 34.699 6 -4.5675 29.2463 4 -3.84975 39.656 8 -5.22
5 24 32.3365 6 -13.3945 33.8065 6 -9.058 28.49405 4 -7.6346 38.636 8 -10.352
5 24 30.31 6 -17.5 32.3365 6 -13.3945 27.25505 4 -11.28965 36.956 8 -15.308
5 24 27.769 6 -21.308 30.31 6 -17.5 25.547 4 -14.75 34.64 8 -20
5 24 24.7485 6 -24.7485 27.769 6 -21.308 23.4053 4 -17.9596 31.736 8 -24.352

0 // Radial Condlines 4/8
5 24 1.305 0 -9.914 2.871 2 -21.8108 5.6936 2 -21.2498 0 2 -22
5 24 2.871 2 -21.8108 3.84975 4 -29.2463 7.6346 4 -28.49405 0 4 -29.5
5 24 3.84975 4 -29.2463 4.5675 6 -34.699 9.058 6 -33.8065 0 6 -35
5 24 5.22 8 -39.656 4.5675 6 -34.699 0 8 -40 10.352 8 -38.636

5 24 2.588 0 -9.659 5.6936 2 -21.2498 2.871 2 -21.8108 8.4194 2 -20.3258
5 24 5.6936 2 -21.2498 7.6346 4 -28.49405 3.84975 4 -29.2463 11.28965 4 -27.25505
5 24 9.058 6 -33.8065 7.6346 4 -28.49405 4.5675 6 -34.699 13.3945 6 -32.3365
5 24 10.352 8 -38.636 9.058 6 -33.8065 5.22 8 -39.656 15.308 8 -36.956

5 24 3.827 0 -9.239 8.4194 2 -20.3258 5.6936 2 -21.2498 11 2 -19.052
5 24 8.4194 2 -20.3258 11.28965 4 -27.25505 7.6346 4 -28.49405 14.75 4 -25.547
5 24 13.3945 6 -32.3365 11.28965 4 -27.25505 9.058 6 -33.8065 17.5 6 -30.31
5 24 15.308 8 -36.956 13.3945 6 -32.3365 10.352 8 -38.636 20 8 -34.64

5 24 5 0 -8.66 11 2 -19.052 8.4194 2 -20.3258 13.3936 2 -17.4548
5 24 11 2 -19.052 14.75 4 -25.547 11.28965 4 -27.25505 17.9596 4 -23.4053
5 24 17.5 6 -30.31 14.75 4 -25.547 13.3945 6 -32.3365 21.308 6 -27.769
5 24 20 8 -34.64 17.5 6 -30.31 15.308 8 -36.956 24.352 8 -31.736

5 24 6.088 0 -7.934 13.3936 2 -17.4548 11 2 -19.052 15.5562 2 -15.5562
5 24 17.9596 4 -23.4053 13.3936 2 -17.4548 14.75 4 -25.547 20.85945 4 -20.85945
5 24 21.308 6 -27.769 17.9596 4 -23.4053 17.5 6 -30.31 24.7485 6 -24.7485
5 24 24.352 8 -31.736 21.308 6 -27.769 20 8 -34.64 28.284 8 -28.284

5 24 0 0 -10 0 2 -22 2.871 2 -21.8108 -2.871 2 -21.8108
5 24 0 2 -22 0 4 -29.5 -3.84975 4 -29.2463 3.84975 4 -29.2463
5 24 0 4 -29.5 0 6 -35 -4.5675 6 -34.699 4.5675 6 -34.699
5 24 0 8 -40 0 6 -35 -5.22 8 -39.656 5.22 8 -39.656

0 // Circular condlines 4/8
5 24 1.305 0 -9.914 0 0 -10 0 0 0 0 2 -22
5 24 1.305 0 -9.914 2.588 0 -9.659 0 0 0 2.871 2 -21.8108
5 24 2.588 0 -9.659 3.827 0 -9.239 0 0 0 5.6936 2 -21.2498
5 24 3.827 0 -9.239 5 0 -8.66 0 0 0 8.4194 2 -20.3258
5 24 5 0 -8.66 6.088 0 -7.934 0 0 0 11 2 -19.052
5 24 6.088 0 -7.934 7.071 0 -7.071 0 0 0 13.3936 2 -17.4548

5 24 2.871 2 -21.8108 0 2 -22 0 0 -10 0 4 -29.5
5 24 5.6936 2 -21.2498 2.871 2 -21.8108 1.305 0 -9.914 3.84975 4 -29.2463
5 24 8.4194 2 -20.3258 5.6936 2 -21.2498 2.588 0 -9.659 7.6346 4 -28.49405
5 24 11 2 -19.052 8.4194 2 -20.3258 3.827 0 -9.239 11.28965 4 -27.25505
5 24 13.3936 2 -17.4548 11 2 -19.052 5 0 -8.66 14.75 4 -25.547
5 24 15.5562 2 -15.5562 13.3936 2 -17.4548 6.088 0 -7.934 17.9596 4 -23.4053

5 24 3.84975 4 -29.2463 0 4 -29.5 0 2 -22 0 6 -35
5 24 7.6346 4 -28.49405 3.84975 4 -29.2463 2.871 2 -21.8108 4.5675 6 -34.699
5 24 11.28965 4 -27.25505 7.6346 4 -28.49405 5.6936 2 -21.2498 9.058 6 -33.8065
5 24 14.75 4 -25.547 11.28965 4 -27.25505 8.4194 2 -20.3258 13.3945 6 -32.3365
5 24 17.9596 4 -23.4053 14.75 4 -25.547 11 2 -19.052 17.5 6 -30.31
5 24 20.85945 4 -20.85945 17.9596 4 -23.4053 13.3936 2 -17.4548 21.308 6 -27.769

5 24 4.5675 6 -34.699 0 6 -35 0 4 -29.5 0 8 -40
5 24 9.058 6 -33.8065 4.5675 6 -34.699 3.84975 4 -29.2463 5.22 8 -39.656
5 24 13.3945 6 -32.3365 9.058 6 -33.8065 7.6346 4 -28.49405 10.352 8 -38.636
5 24 17.5 6 -30.31 13.3945 6 -32.3365 11.28965 4 -27.25505 15.308 8 -36.956
5 24 21.308 6 -27.769 17.5 6 -30.31 14.75 4 -25.547 20 8 -34.64
5 24 24.7485 6 -24.7485 21.308 6 -27.769 17.9596 4 -23.4053 24.352 8 -31.736

0 // Radial Condlines 5/8
5 24 -1.305 0 -9.914 -2.871 2 -21.8108 -5.6936 2 -21.2498 0 2 -22
5 24 -2.871 2 -21.8108 -3.84975 4 -29.2463 -7.6346 4 -28.49405 0 4 -29.5
5 24 -3.84975 4 -29.2463 -4.5675 6 -34.699 -9.058 6 -33.8065 0 6 -35
5 24 -5.22 8 -39.656 -4.5675 6 -34.699 0 8 -40 -10.352 8 -38.636

5 24 -2.588 0 -9.659 -5.6936 2 -21.2498 -2.871 2 -21.8108 -8.4194 2 -20.3258
5 24 -5.6936 2 -21.2498 -7.6346 4 -28.49405 -3.84975 4 -29.2463 -11.28965 4 -27.25505
5 24 -9.058 6 -33.8065 -7.6346 4 -28.49405 -4.5675 6 -34.699 -13.3945 6 -32.3365
5 24 -10.352 8 -38.636 -9.058 6 -33.8065 -5.22 8 -39.656 -15.308 8 -36.956

5 24 -3.827 0 -9.239 -8.4194 2 -20.3258 -5.6936 2 -21.2498 -11 2 -19.052
5 24 -8.4194 2 -20.3258 -11.28965 4 -27.25505 -7.6346 4 -28.49405 -14.75 4 -25.547
5 24 -13.3945 6 -32.3365 -11.28965 4 -27.25505 -9.058 6 -33.8065 -17.5 6 -30.31
5 24 -15.308 8 -36.956 -13.3945 6 -32.3365 -10.352 8 -38.636 -20 8 -34.64

5 24 -5 0 -8.66 -11 2 -19.052 -8.4194 2 -20.3258 -13.3936 2 -17.4548
5 24 -11 2 -19.052 -14.75 4 -25.547 -11.28965 4 -27.25505 -17.9596 4 -23.4053
5 24 -17.5 6 -30.31 -14.75 4 -25.547 -13.3945 6 -32.3365 -21.308 6 -27.769
5 24 -20 8 -34.64 -17.5 6 -30.31 -15.308 8 -36.956 -24.352 8 -31.736

5 24 -6.088 0 -7.934 -13.3936 2 -17.4548 -11 2 -19.052 -15.5562 2 -15.5562
5 24 -17.9596 4 -23.4053 -13.3936 2 -17.4548 -14.75 4 -25.547 -20.85945 4 -20.85945
5 24 -21.308 6 -27.769 -17.9596 4 -23.4053 -17.5 6 -30.31 -24.7485 6 -24.7485
5 24 -24.352 8 -31.736 -21.308 6 -27.769 -20 8 -34.64 -28.284 8 -28.284

5 24 -7.071 0 -7.071 -15.5562 2 -15.5562 -17.4548 2 -13.3936 -13.3936 2 -17.4548
5 24 -15.5562 2 -15.5562 -20.85945 4 -20.85945 -23.4053 4 -17.9596 -17.9596 4 -23.4053
5 24 -20.85945 4 -20.85945 -24.7485 6 -24.7485 -27.769 6 -21.308 -21.308 6 -27.769
5 24 -24.7485 6 -24.7485 -28.284 8 -28.284 -31.736 8 -24.352 -24.352 8 -31.736

0 // Circular condlines 5/8
5 24 -1.305 0 -9.914 0 0 -10 0 0 0 0 2 -22
5 24 -1.305 0 -9.914 -2.588 0 -9.659 0 0 0 -2.871 2 -21.8108
5 24 -2.588 0 -9.659 -3.827 0 -9.239 0 0 0 -5.6936 2 -21.2498
5 24 -3.827 0 -9.239 -5 0 -8.66 0 0 0 -8.4194 2 -20.3258
5 24 -5 0 -8.66 -6.088 0 -7.934 0 0 0 -11 2 -19.052
5 24 -6.088 0 -7.934 -7.071 0 -7.071 0 0 0 -13.3936 2 -17.4548

5 24 -2.871 2 -21.8108 0 2 -22 0 0 -10 0 4 -29.5
5 24 -5.6936 2 -21.2498 -2.871 2 -21.8108 -1.305 0 -9.914 -3.84975 4 -29.2463
5 24 -8.4194 2 -20.3258 -5.6936 2 -21.2498 -2.588 0 -9.659 -7.6346 4 -28.49405
5 24 -11 2 -19.052 -8.4194 2 -20.3258 -3.827 0 -9.239 -11.28965 4 -27.25505
5 24 -13.3936 2 -17.4548 -11 2 -19.052 -5 0 -8.66 -14.75 4 -25.547
5 24 -15.5562 2 -15.5562 -13.3936 2 -17.4548 -6.088 0 -7.934 -17.9596 4 -23.4053

5 24 -3.84975 4 -29.2463 0 4 -29.5 0 2 -22 0 6 -35
5 24 -7.6346 4 -28.49405 -3.84975 4 -29.2463 -2.871 2 -21.8108 -4.5675 6 -34.699
5 24 -11.28965 4 -27.25505 -7.6346 4 -28.49405 -5.6936 2 -21.2498 -9.058 6 -33.8065
5 24 -14.75 4 -25.547 -11.28965 4 -27.25505 -8.4194 2 -20.3258 -13.3945 6 -32.3365
5 24 -17.9596 4 -23.4053 -14.75 4 -25.547 -11 2 -19.052 -17.5 6 -30.31
5 24 -20.85945 4 -20.85945 -17.9596 4 -23.4053 -13.3936 2 -17.4548 -21.308 6 -27.769

5 24 -4.5675 6 -34.699 0 6 -35 0 4 -29.5 0 8 -40
5 24 -9.058 6 -33.8065 -4.5675 6 -34.699 -3.84975 4 -29.2463 -5.22 8 -39.656
5 24 -13.3945 6 -32.3365 -9.058 6 -33.8065 -7.6346 4 -28.49405 -10.352 8 -38.636
5 24 -17.5 6 -30.31 -13.3945 6 -32.3365 -11.28965 4 -27.25505 -15.308 8 -36.956
5 24 -21.308 6 -27.769 -17.5 6 -30.31 -14.75 4 -25.547 -20 8 -34.64
5 24 -24.7485 6 -24.7485 -21.308 6 -27.769 -17.9596 4 -23.4053 -24.352 8 -31.736

0 // Radial Condlines 6/8
5 24 -9.914 0 -1.305 -21.8108 2 -2.871 -21.2498 2 -5.6936 -22 2 0
5 24 -21.8108 2 -2.871 -29.2463 4 -3.84975 -28.49405 4 -7.6346 -29.5 4 0
5 24 -29.2463 4 -3.84975 -34.699 6 -4.5675 -33.8065 6 -9.058 -35 6 0
5 24 -39.656 8 -5.22 -34.699 6 -4.5675 -40 8 0 -38.636 8 -10.352

5 24 -9.659 0 -2.588 -21.2498 2 -5.6936 -21.8108 2 -2.871 -20.3258 2 -8.4194
5 24 -21.2498 2 -5.6936 -28.49405 4 -7.6346 -29.2463 4 -3.84975 -27.25505 4 -11.28965
5 24 -33.8065 6 -9.058 -28.49405 4 -7.6346 -34.699 6 -4.5675 -32.3365 6 -13.3945
5 24 -38.636 8 -10.352 -33.8065 6 -9.058 -39.656 8 -5.22 -36.956 8 -15.308

5 24 -9.239 0 -3.827 -20.3258 2 -8.4194 -21.2498 2 -5.6936 -19.052 2 -11
5 24 -20.3258 2 -8.4194 -27.25505 4 -11.28965 -28.49405 4 -7.6346 -25.547 4 -14.75
5 24 -32.3365 6 -13.3945 -27.25505 4 -11.28965 -33.8065 6 -9.058 -30.31 6 -17.5
5 24 -36.956 8 -15.308 -32.3365 6 -13.3945 -38.636 8 -10.352 -34.64 8 -20

5 24 -8.66 0 -5 -19.052 2 -11 -20.3258 2 -8.4194 -17.4548 2 -13.3936
5 24 -19.052 2 -11 -25.547 4 -14.75 -27.25505 4 -11.28965 -23.4053 4 -17.9596
5 24 -30.31 6 -17.5 -25.547 4 -14.75 -32.3365 6 -13.3945 -27.769 6 -21.308
5 24 -34.64 8 -20 -30.31 6 -17.5 -36.956 8 -15.308 -31.736 8 -24.352

5 24 -7.934 0 -6.088 -17.4548 2 -13.3936 -19.052 2 -11 -15.5562 2 -15.5562
5 24 -23.4053 4 -17.9596 -17.4548 2 -13.3936 -25.547 4 -14.75 -20.85945 4 -20.85945
5 24 -27.769 6 -21.308 -23.4053 4 -17.9596 -30.31 6 -17.5 -24.7485 6 -24.7485
5 24 -31.736 8 -24.352 -27.769 6 -21.308 -34.64 8 -20 -28.284 8 -28.284

5 24 -10 0 0 -22 2 0 -21.8108 2 -2.871 -21.8108 2 2.871
5 24 -22 2 0 -29.5 4 0 -29.2463 4 3.84975 -29.2463 4 -3.84975
5 24 -29.5 4 0 -35 6 0 -34.699 6 4.5675 -34.699 6 -4.5675
5 24 -40 8 0 -35 6 0 -39.656 8 5.22 -39.656 8 -5.22

0 // Circular condlines 6/8
5 24 -9.914 0 -1.305 -10 0 0 0 0 0 -22 2 0
5 24 -9.914 0 -1.305 -9.659 0 -2.588 0 0 0 -21.8108 2 -2.871
5 24 -9.659 0 -2.588 -9.239 0 -3.827 0 0 0 -21.2498 2 -5.6936
5 24 -9.239 0 -3.827 -8.66 0 -5 0 0 0 -20.3258 2 -8.4194
5 24 -8.66 0 -5 -7.934 0 -6.088 0 0 0 -19.052 2 -11
5 24 -7.934 0 -6.088 -7.071 0 -7.071 0 0 0 -17.4548 2 -13.3936

5 24 -21.8108 2 -2.871 -22 2 0 -10 0 0 -29.5 4 0
5 24 -21.2498 2 -5.6936 -21.8108 2 -2.871 -9.914 0 -1.305 -29.2463 4 -3.84975
5 24 -20.3258 2 -8.4194 -21.2498 2 -5.6936 -9.659 0 -2.588 -28.49405 4 -7.6346
5 24 -19.052 2 -11 -20.3258 2 -8.4194 -9.239 0 -3.827 -27.25505 4 -11.28965
5 24 -17.4548 2 -13.3936 -19.052 2 -11 -8.66 0 -5 -25.547 4 -14.75
5 24 -15.5562 2 -15.5562 -17.4548 2 -13.3936 -7.934 0 -6.088 -23.4053 4 -17.9596

5 24 -29.2463 4 -3.84975 -29.5 4 0 -22 2 0 -35 6 0
5 24 -28.49405 4 -7.6346 -29.2463 4 -3.84975 -21.8108 2 -2.871 -34.699 6 -4.5675
5 24 -27.25505 4 -11.28965 -28.49405 4 -7.6346 -21.2498 2 -5.6936 -33.8065 6 -9.058
5 24 -25.547 4 -14.75 -27.25505 4 -11.28965 -20.3258 2 -8.4194 -32.3365 6 -13.3945
5 24 -23.4053 4 -17.9596 -25.547 4 -14.75 -19.052 2 -11 -30.31 6 -17.5
5 24 -20.85945 4 -20.85945 -23.4053 4 -17.9596 -17.4548 2 -13.3936 -27.769 6 -21.308

5 24 -34.699 6 -4.5675 -35 6 0 -29.5 4 0 -40 8 0
5 24 -33.8065 6 -9.058 -34.699 6 -4.5675 -29.2463 4 -3.84975 -39.656 8 -5.22
5 24 -32.3365 6 -13.3945 -33.8065 6 -9.058 -28.49405 4 -7.6346 -38.636 8 -10.352
5 24 -30.31 6 -17.5 -32.3365 6 -13.3945 -27.25505 4 -11.28965 -36.956 8 -15.308
5 24 -27.769 6 -21.308 -30.31 6 -17.5 -25.547 4 -14.75 -34.64 8 -20
5 24 -24.7485 6 -24.7485 -27.769 6 -21.308 -23.4053 4 -17.9596 -31.736 8 -24.352

0 // Radial Condlines 7/8
5 24 -9.914 0 1.305 -21.8108 2 2.871 -21.2498 2 5.6936 -22 2 0
5 24 -21.8108 2 2.871 -29.2463 4 3.84975 -28.49405 4 7.6346 -29.5 4 0
5 24 -29.2463 4 3.84975 -34.699 6 4.5675 -33.8065 6 9.058 -35 6 0
5 24 -39.656 8 5.22 -34.699 6 4.5675 -40 8 0 -38.636 8 10.352

5 24 -9.659 0 2.588 -21.2498 2 5.6936 -21.8108 2 2.871 -20.3258 2 8.4194
5 24 -21.2498 2 5.6936 -28.49405 4 7.6346 -29.2463 4 3.84975 -27.25505 4 11.28965
5 24 -33.8065 6 9.058 -28.49405 4 7.6346 -34.699 6 4.5675 -32.3365 6 13.3945
5 24 -38.636 8 10.352 -33.8065 6 9.058 -39.656 8 5.22 -36.956 8 15.308

5 24 -9.239 0 3.827 -20.3258 2 8.4194 -21.2498 2 5.6936 -19.052 2 11
5 24 -20.3258 2 8.4194 -27.25505 4 11.28965 -28.49405 4 7.6346 -25.547 4 14.75
5 24 -32.3365 6 13.3945 -27.25505 4 11.28965 -33.8065 6 9.058 -30.31 6 17.5
5 24 -36.956 8 15.308 -32.3365 6 13.3945 -38.636 8 10.352 -34.64 8 20

5 24 -8.66 0 5 -19.052 2 11 -20.3258 2 8.4194 -17.4548 2 13.3936
5 24 -19.052 2 11 -25.547 4 14.75 -27.25505 4 11.28965 -23.4053 4 17.9596
5 24 -30.31 6 17.5 -25.547 4 14.75 -32.3365 6 13.3945 -27.769 6 21.308
5 24 -34.64 8 20 -30.31 6 17.5 -36.956 8 15.308 -31.736 8 24.352

5 24 -7.934 0 6.088 -17.4548 2 13.3936 -19.052 2 11 -15.5562 2 15.5562
5 24 -23.4053 4 17.9596 -17.4548 2 13.3936 -25.547 4 14.75 -20.85945 4 20.85945
5 24 -27.769 6 21.308 -23.4053 4 17.9596 -30.31 6 17.5 -24.7485 6 24.7485
5 24 -31.736 8 24.352 -27.769 6 21.308 -34.64 8 20 -28.284 8 28.284

5 24 -7.071 0 7.071 -15.5562 2 15.5562 -13.3936 2 17.4548 -17.4548 2 13.3936
5 24 -15.5562 2 15.5562 -20.85945 4 20.85945 -17.9596 4 23.4053 -23.4053 4 17.9596
5 24 -20.85945 4 20.85945 -24.7485 6 24.7485 -21.308 6 27.769 -27.769 6 21.308
5 24 -24.7485 6 24.7485 -28.284 8 28.284 -24.352 8 31.736 -31.736 8 24.352

0 // Circular condlines 7/8
5 24 -9.914 0 1.305 -10 0 0 0 0 0 -22 2 0
5 24 -9.914 0 1.305 -9.659 0 2.588 0 0 0 -21.8108 2 2.871
5 24 -9.659 0 2.588 -9.239 0 3.827 0 0 0 -21.2498 2 5.6936
5 24 -9.239 0 3.827 -8.66 0 5 0 0 0 -20.3258 2 8.4194
5 24 -8.66 0 5 -7.934 0 6.088 0 0 0 -19.052 2 11
5 24 -7.934 0 6.088 -7.071 0 7.071 0 0 0 -17.4548 2 13.3936

5 24 -21.8108 2 2.871 -22 2 0 -10 0 0 -29.5 4 0
5 24 -21.2498 2 5.6936 -21.8108 2 2.871 -9.914 0 1.305 -29.2463 4 3.84975
5 24 -20.3258 2 8.4194 -21.2498 2 5.6936 -9.659 0 2.588 -28.49405 4 7.6346
5 24 -19.052 2 11 -20.3258 2 8.4194 -9.239 0 3.827 -27.25505 4 11.28965
5 24 -17.4548 2 13.3936 -19.052 2 11 -8.66 0 5 -25.547 4 14.75
5 24 -15.5562 2 15.5562 -17.4548 2 13.3936 -7.934 0 6.088 -23.4053 4 17.9596

5 24 -29.2463 4 3.84975 -29.5 4 0 -22 2 0 -35 6 0
5 24 -28.49405 4 7.6346 -29.2463 4 3.84975 -21.8108 2 2.871 -34.699 6 4.5675
5 24 -27.25505 4 11.28965 -28.49405 4 7.6346 -21.2498 2 5.6936 -33.8065 6 9.058
5 24 -25.547 4 14.75 -27.25505 4 11.28965 -20.3258 2 8.4194 -32.3365 6 13.3945
5 24 -23.4053 4 17.9596 -25.547 4 14.75 -19.052 2 11 -30.31 6 17.5
5 24 -20.85945 4 20.85945 -23.4053 4 17.9596 -17.4548 2 13.3936 -27.769 6 21.308

5 24 -34.699 6 4.5675 -35 6 0 -29.5 4 0 -40 8 0
5 24 -33.8065 6 9.058 -34.699 6 4.5675 -29.2463 4 3.84975 -39.656 8 5.22
5 24 -32.3365 6 13.3945 -33.8065 6 9.058 -28.49405 4 7.6346 -38.636 8 10.352
5 24 -30.31 6 17.5 -32.3365 6 13.3945 -27.25505 4 11.28965 -36.956 8 15.308
5 24 -27.769 6 21.308 -30.31 6 17.5 -25.547 4 14.75 -34.64 8 20
5 24 -24.7485 6 24.7485 -27.769 6 21.308 -23.4053 4 17.9596 -31.736 8 24.352

0 // Radial Condlines 8/8
5 24 -1.305 0 9.914 -2.871 2 21.8108 -5.6936 2 21.2498 0 2 22
5 24 -2.871 2 21.8108 -3.84975 4 29.2463 -7.6346 4 28.49405 0 4 29.5
5 24 -3.84975 4 29.2463 -4.5675 6 34.699 -9.058 6 33.8065 0 6 35
5 24 -5.22 8 39.656 -4.5675 6 34.699 0 8 40 -10.352 8 38.636

5 24 -2.588 0 9.659 -5.6936 2 21.2498 -2.871 2 21.8108 -8.4194 2 20.3258
5 24 -5.6936 2 21.2498 -7.6346 4 28.49405 -3.84975 4 29.2463 -11.28965 4 27.25505
5 24 -9.058 6 33.8065 -7.6346 4 28.49405 -4.5675 6 34.699 -13.3945 6 32.3365
5 24 -10.352 8 38.636 -9.058 6 33.8065 -5.22 8 39.656 -15.308 8 36.956

5 24 -3.827 0 9.239 -8.4194 2 20.3258 -5.6936 2 21.2498 -11 2 19.052
5 24 -8.4194 2 20.3258 -11.28965 4 27.25505 -7.6346 4 28.49405 -14.75 4 25.547
5 24 -13.3945 6 32.3365 -11.28965 4 27.25505 -9.058 6 33.8065 -17.5 6 30.31
5 24 -15.308 8 36.956 -13.3945 6 32.3365 -10.352 8 38.636 -20 8 34.64

5 24 -5 0 8.66 -11 2 19.052 -8.4194 2 20.3258 -13.3936 2 17.4548
5 24 -11 2 19.052 -14.75 4 25.547 -11.28965 4 27.25505 -17.9596 4 23.4053
5 24 -17.5 6 30.31 -14.75 4 25.547 -13.3945 6 32.3365 -21.308 6 27.769
5 24 -20 8 34.64 -17.5 6 30.31 -15.308 8 36.956 -24.352 8 31.736

5 24 -6.088 0 7.934 -13.3936 2 17.4548 -11 2 19.052 -15.5562 2 15.5562
5 24 -17.9596 4 23.4053 -13.3936 2 17.4548 -14.75 4 25.547 -20.85945 4 20.85945
5 24 -21.308 6 27.769 -17.9596 4 23.4053 -17.5 6 30.31 -24.7485 6 24.7485
5 24 -24.352 8 31.736 -21.308 6 27.769 -20 8 34.64 -28.284 8 28.284

5 24 0 0 10 0 2 22 -2.871 2 21.8108 2.871 2 21.8108
5 24 0 2 22 0 4 29.5 3.84975 4 29.2463 -3.84975 4 29.2463
5 24 0 4 29.5 0 6 35 4.5675 6 34.699 -4.5675 6 34.699
5 24 0 8 40 0 6 35 5.22 8 39.656 -5.22 8 39.656

0 // Circular condlines 8/8
5 24 -1.305 0 9.914 0 0 10 0 0 0 0 2 22
5 24 -1.305 0 9.914 -2.588 0 9.659 0 0 0 -2.871 2 21.8108
5 24 -2.588 0 9.659 -3.827 0 9.239 0 0 0 -5.6936 2 21.2498
5 24 -3.827 0 9.239 -5 0 8.66 0 0 0 -8.4194 2 20.3258
5 24 -5 0 8.66 -6.088 0 7.934 0 0 0 -11 2 19.052
5 24 -6.088 0 7.934 -7.071 0 7.071 0 0 0 -13.3936 2 17.4548

5 24 -2.871 2 21.8108 0 2 22 0 0 10 0 4 29.5
5 24 -5.6936 2 21.2498 -2.871 2 21.8108 -1.305 0 9.914 -3.84975 4 29.2463
5 24 -8.4194 2 20.3258 -5.6936 2 21.2498 -2.588 0 9.659 -7.6346 4 28.49405
5 24 -11 2 19.052 -8.4194 2 20.3258 -3.827 0 9.239 -11.28965 4 27.25505
5 24 -13.3936 2 17.4548 -11 2 19.052 -5 0 8.66 -14.75 4 25.547
5 24 -15.5562 2 15.5562 -13.3936 2 17.4548 -6.088 0 7.934 -17.9596 4 23.4053

5 24 -3.84975 4 29.2463 0 4 29.5 0 2 22 0 6 35
5 24 -7.6346 4 28.49405 -3.84975 4 29.2463 -2.871 2 21.8108 -4.5675 6 34.699
5 24 -11.28965 4 27.25505 -7.6346 4 28.49405 -5.6936 2 21.2498 -9.058 6 33.8065
5 24 -14.75 4 25.547 -11.28965 4 27.25505 -8.4194 2 20.3258 -13.3945 6 32.3365
5 24 -17.9596 4 23.4053 -14.75 4 25.547 -11 2 19.052 -17.5 6 30.31
5 24 -20.85945 4 20.85945 -17.9596 4 23.4053 -13.3936 2 17.4548 -21.308 6 27.769

5 24 -4.5675 6 34.699 0 6 35 0 4 29.5 0 8 40
5 24 -9.058 6 33.8065 -4.5675 6 34.699 -3.84975 4 29.2463 -5.22 8 39.656
5 24 -13.3945 6 32.3365 -9.058 6 33.8065 -7.6346 4 28.49405 -10.352 8 38.636
5 24 -17.5 6 30.31 -13.3945 6 32.3365 -11.28965 4 27.25505 -15.308 8 36.956
5 24 -21.308 6 27.769 -17.5 6 30.31 -14.75 4 25.547 -20 8 34.64
5 24 -24.7485 6 24.7485 -21.308 6 27.769 -17.9596 4 23.4053 -24.352 8 31.736
0 FILE parts/s/3960s04.dat
0 ~Dish  4 x  4 Slice 30 Degrees at 45 Degrees without Condlines
0 Name: s\3960s04.dat
0 Author: Gerald Lasser [GeraldLasser]
0 !LDRAW_ORG Subpart UPDATE 2020-01
0 !LICENSE Licensed under CC BY 4.0 : see CAreadme.txt

0 BFC CERTIFY CCW

0 !HISTORY 2020-06-28 [PTadmin] Official Update 2020-01


4 16 17.4548 2 13.3936 7.934 0 6.088 8.66 0 5 19.052 2 11
4 16 23.4053 4 17.9596 17.4548 2 13.3936 19.052 2 11 25.547 4 14.75
4 16 27.769 6 21.308 23.4053 4 17.9596 25.547 4 14.75 30.31 6 17.5
4 16 31.736 8 24.352 27.769 6 21.308 30.31 6 17.5 34.64 8 20

4 16 15.5562 2 15.5562 7.071 0 7.071 7.934 0 6.088 17.4548 2 13.3936
4 16 20.85945 4 20.85945 15.5562 2 15.5562 17.4548 2 13.3936 23.4053 4 17.9596
4 16 24.7485 6 24.7485 20.85945 4 20.85945 23.4053 4 17.9596 27.769 6 21.308
4 16 28.284 8 28.284 24.7485 6 24.7485 27.769 6 21.308 31.736 8 24.352

4 16 5 0 8.66 6.088 0 7.934 13.3936 2 17.4548 11 2 19.052
4 16 11 2 19.052 13.3936 2 17.4548 17.9596 4 23.4053 14.75 4 25.547
4 16 14.75 4 25.547 17.9596 4 23.4053 21.308 6 27.769 17.5 6 30.31
4 16 17.5 6 30.31 21.308 6 27.769 24.352 8 31.736 20 8 34.64

4 16 6.088 0 7.934 7.071 0 7.071 15.5562 2 15.5562 13.3936 2 17.4548
4 16 13.3936 2 17.4548 15.5562 2 15.5562 20.85945 4 20.85945 17.9596 4 23.4053
4 16 17.9596 4 23.4053 20.85945 4 20.85945 24.7485 6 24.7485 21.308 6 27.769
4 16 21.308 6 27.769 24.7485 6 24.7485 28.284 8 28.284 24.352 8 31.736
0 FILE parts/s/3960s02.dat
0 ~Dish  4 x  4 Slice 30 Degrees without Condlines
0 Name: s\3960s02.dat
0 Author: Franklin W. Cain [fwcain]
0 !LDRAW_ORG Subpart UPDATE 2020-01
0 !LICENSE Licensed under CC BY 4.0 : see CAreadme.txt

0 BFC CERTIFY CCW

0 !HISTORY 2004-09-15 [PTadmin] Official Update 2004-03
0 !HISTORY 2005-03-06 [Steffen] BFCed, added conditional lines
0 !HISTORY 2007-09-05 [PTadmin] Header formatted for Contributor Agreement
0 !HISTORY 2008-07-01 [PTadmin] Official Update 2008-01
0 !HISTORY 2008-07-07 [Philo] Added missing condlines on one edge, corrected condlines on top (2008-04-28)
0 !HISTORY 2010-04-05 [PTadmin] Official Update 2010-01
0 !HISTORY 2014-09-03 [Philo] Increased precision to avoid tiny gaps
0 !HISTORY 2014-12-23 [PTadmin] Official Update 2014-02
0 !HISTORY 2019-05-29 [GeraldLasser] Increased Slice to 30 deg to close gaps and work with p04, p05 and p06 patterns
0 !HISTORY 2020-06-28 [PTadmin] Official Update 2020-01


4 16 9.914 0 1.305 10 0 0 22 2 0 21.8108 2 2.871
4 16 29.2463 4 3.84975 21.8108 2 2.871 22 2 0 29.5 4 0
4 16 34.699 6 4.5675 29.2463 4 3.84975 29.5 4 0 35 6 0
4 16 39.656 8 5.22 34.699 6 4.5675 35 6 0 40 8 0

4 16 9.659 0 2.588 9.914 0 1.305 21.8108 2 2.871 21.2498 2 5.6936
4 16 28.49405 4 7.6346 21.2498 2 5.6936 21.8108 2 2.871 29.2463 4 3.84975
4 16 33.8065 6 9.058 28.49405 4 7.6346 29.2463 4 3.84975 34.699 6 4.5675
4 16 38.636 8 10.352 33.8065 6 9.058 34.699 6 4.5675 39.656 8 5.22

4 16 20.3258 2 8.4194 9.239 0 3.827 9.659 0 2.588 21.2498 2 5.6936
4 16 27.25505 4 11.28965 20.3258 2 8.4194 21.2498 2 5.6936 28.49405 4 7.6346
4 16 32.3365 6 13.3945 27.25505 4 11.28965 28.49405 4 7.6346 33.8065 6 9.058
4 16 36.956 8 15.308 32.3365 6 13.3945 33.8065 6 9.058 38.636 8 10.352

4 16 19.052 2 11 8.66 0 5 9.239 0 3.827 20.3258 2 8.4194
4 16 25.547 4 14.75 19.052 2 11 20.3258 2 8.4194 27.25505 4 11.28965
4 16 30.31 6 17.5 25.547 4 14.75 27.25505 4 11.28965 32.3365 6 13.3945
4 16 34.64 8 20 30.31 6 17.5 32.3365 6 13.3945 36.956 8 15.308
0 FILE p/48/4-4disc.dat
0 Hi-Res Disc 1.0
0 Name: 48\4-4disc.dat
0 Author: Willy Tschager [Holly-Wood]
0 !LDRAW_ORG 48_Primitive UPDATE 2024-01
0 !LICENSE Licensed under CC BY 4.0 : see CAreadme.txt

0 BFC CERTIFY CCW

0 !HISTORY 2004-11-06 [PTadmin] Official Update 2004-04
0 !HISTORY 2007-06-24 [PTadmin] Header formatted for Contributor Agreement
0 !HISTORY 2008-07-01 [PTadmin] Official Update 2008-01
0 !HISTORY 2012-02-27 [Philo] Changed to CCW
0 !HISTORY 2012-08-09 [PTadmin] Official Update 2012-02
0 !HISTORY 2024-01-08 [Holly-Wood] Complete regeneration, original by hmick
0 !HISTORY 2024-01-29 [OrionP] Official Update 2024-01

3 16 0 0 0 1 0 0 0.9914 0 0.1305
3 16 0 0 0 0.9914 0 0.1305 0.9659 0 0.2588
3 16 0 0 0 0.9659 0 0.2588 0.9239 0 0.3827
3 16 0 0 0 0.9239 0 0.3827 0.866 0 0.5
3 16 0 0 0 0.866 0 0.5 0.7934 0 0.6088
3 16 0 0 0 0.7934 0 0.6088 0.7071 0 0.7071
3 16 0 0 0 0.7071 0 0.7071 0.6088 0 0.7934
3 16 0 0 0 0.6088 0 0.7934 0.5 0 0.866
3 16 0 0 0 0.5 0 0.866 0.3827 0 0.9239
3 16 0 0 0 0.3827 0 0.9239 0.2588 0 0.9659
3 16 0 0 0 0.2588 0 0.9659 0.1305 0 0.9914
3 16 0 0 0 0.1305 0 0.9914 0 0 1
3 16 0 0 0 0 0 1 -0.1305 0 0.9914
3 16 0 0 0 -0.1305 0 0.9914 -0.2588 0 0.9659
3 16 0 0 0 -0.2588 0 0.9659 -0.3827 0 0.9239
3 16 0 0 0 -0.3827 0 0.9239 -0.5 0 0.866
3 16 0 0 0 -0.5 0 0.866 -0.6088 0 0.7934
3 16 0 0 0 -0.6088 0 0.7934 -0.7071 0 0.7071
3 16 0 0 0 -0.7071 0 0.7071 -0.7934 0 0.6088
3 16 0 0 0 -0.7934 0 0.6088 -0.866 0 0.5
3 16 0 0 0 -0.866 0 0.5 -0.9239 0 0.3827
3 16 0 0 0 -0.9239 0 0.3827 -0.9659 0 0.2588
3 16 0 0 0 -0.9659 0 0.2588 -0.9914 0 0.1305
3 16 0 0 0 -0.9914 0 0.1305 -1 0 0
3 16 0 0 0 -1 0 0 -0.9914 0 -0.1305
3 16 0 0 0 -0.9914 0 -0.1305 -0.9659 0 -0.2588
3 16 0 0 0 -0.9659 0 -0.2588 -0.9239 0 -0.3827
3 16 0 0 0 -0.9239 0 -0.3827 -0.866 0 -0.5
3 16 0 0 0 -0.866 0 -0.5 -0.7934 0 -0.6088
3 16 0 0 0 -0.7934 0 -0.6088 -0.7071 0 -0.7071
3 16 0 0 0 -0.7071 0 -0.7071 -0.6088 0 -0.7934
3 16 0 0 0 -0.6088 0 -0.7934 -0.5 0 -0.866
3 16 0 0 0 -0.5 0 -0.866 -0.3827 0 -0.9239
3 16 0 0 0 -0.3827 0 -0.9239 -0.2588 0 -0.9659
3 16 0 0 0 -0.2588 0 -0.9659 -0.1305 0 -0.9914
3 16 0 0 0 -0.1305 0 -0.9914 0 0 -1
3 16 0 0 0 0 0 -1 0.1305 0 -0.9914
3 16 0 0 0 0.1305 0 -0.9914 0.2588 0 -0.9659
3 16 0 0 0 0.2588 0 -0.9659 0.3827 0 -0.9239
3 16 0 0 0 0.3827 0 -0.9239 0.5 0 -0.866
3 16 0 0 0 0.5 0 -0.866 0.6088 0 -0.7934
3 16 0 0 0 0.6088 0 -0.7934 0.7071 0 -0.7071
3 16 0 0 0 0.7071 0 -0.7071 0.7934 0 -0.6088
3 16 0 0 0 0.7934 0 -0.6088 0.866 0 -0.5
3 16 0 0 0 0.866 0 -0.5 0.9239 0 -0.3827
3 16 0 0 0 0.9239 0 -0.3827 0.9659 0 -0.2588
3 16 0 0 0 0.9659 0 -0.2588 0.9914 0 -0.1305
3 16 0 0 0 0.9914 0 -0.1305 1 0 0
0 // Build by LDPartEditor (PrimGen 2.X)
0 FILE parts/60474.dat
0 Plate  4 x  4 Round with Hole and Snapstud
0 Name: 60474.dat
0 Author: Alex Taylor [anathema]
0 !LDRAW_ORG Part UPDATE 2011-02
0 !LICENSE Licensed under CC BY 4.0 : see CAreadme.txt

0 !HELP turntable together with 61485

0 BFC CERTIFY CCW

0 !KEYWORDS turntable

0 !HISTORY 2010-04-05 [PTadmin] Official Update 2010-01
0 !HISTORY 2010-11-06 [MagFors] Added new primitive, modified subfile
0 !HISTORY 2011-12-29 [PTadmin] Official Update 2011-02


1 16 0 0 0 1 0 0 0 1 0 0 0 1 s\60474s01.dat
1 16 0 0 0 0 0 -1 0 1 0 1 0 0 s\60474s01.dat
1 16 0 0 0 -1 0 0 0 1 0 0 0 -1 s\60474s01.dat
1 16 0 0 0 0 0 1 0 1 0 -1 0 0 s\60474s01.dat
1 16 0 0 0 0 0 -1 0 1 0 -1 0 0 s\60474s01.dat
1 16 0 0 0 -1 0 0 0 1 0 0 0 1 s\60474s01.dat
1 16 0 0 0 0 0 1 0 1 0 1 0 0 s\60474s01.dat
1 16 0 0 0 1 0 0 0 1 0 0 0 -1 s\60474s01.dat
1 16 20 0 0 1 0 0 0 1 0 0 0 1 stug-2x2.dat
1 16 -10 0 30 1 0 0 0 1 0 0 0 1 stud.dat
1 16 -10 0 -30 1 0 0 0 1 0 0 0 1 stud.dat
1 16 10 0 -30 1 0 0 0 1 0 0 0 1 stud.dat
1 16 10 0 30 1 0 0 0 1 0 0 0 1 stud.dat
1 16 -20 0 0 1 0 0 0 1 0 0 0 1 stug-2x2.dat
1 16 -20 4 0 1 0 0 0 -1 0 0 0 -1 stud4.dat
1 16 20 4 0 1 0 0 0 -1 0 0 0 -1 stud4.dat
1 16 0 4 20 1 0 0 0 -1 0 0 0 -1 stud4.dat
1 16 0 4 -20 1 0 0 0 -1 0 0 0 -1 stud4.dat
0 //
1 16 0 0 0 8 0 0 0 1 0 0 0 8 48\4-4aring.dat
1 16 0 4 0 8 0 0 0 -1 0 0 0 8 48\4-4aring.dat
1 16 0 4 0 1 0 0 0 -1 0 0 0 1 stud18a.dat
0 FILE parts/s/60474s01.dat
0 ~Plate  4 x  4 Round - 1/8
0 Name: s\60474s01.dat
0 Author: Alex Taylor [anathema]
0 !LDRAW_ORG Subpart UPDATE 2024-02
0 !LICENSE Licensed under CC BY 4.0 : see CAreadme.txt

0 BFC CERTIFY CCW

0 !HISTORY 2010-04-05 [PTadmin] Official Update 2010-01
0 !HISTORY 2010-11-06 [MagFors] Removed some areas to allow new primitive
0 !HISTORY 2011-12-29 [PTadmin] Official Update 2011-02
0 !HISTORY 2024-03-23 [OrionP] Updated ring primitives
0 !HISTORY 2024-03-24 [OrionP] Official Update 2024-02

1 16 0 0 0 2 0 0 0 1 0 0 0 2 1-8ring3.dat
1 16 0 0 0 8 0 0 0 1 0 0 0 8 48\1-8ring1.dat
1 16 0 4 0 5.65685 0 5.65685 0 -1 0 5.65685 0 -5.65685 48\1-8ring1.dat
1 16 0 4 0 11.3137 0 11.3137 0 -1 0 11.3137 0 -11.3137 48\1-8ring1.dat
1 16 0 4 0 2.82843 0 2.82843 0 -1 0 2.82843 0 -2.82843 48\1-8ring8.dat
1 16 0 8 0 40 0 0 0 1 0 0 0 40 48\1-12edge.dat
1 16 0 4 0 2.82843 0 2.82843 0 -1 0 2.82843 0 -2.82843 48\1-48ring9.dat
1 16 0 4 0 28.2843 0 28.2843 0 -1 0 28.2843 0 -28.2843 48\1-48edge.dat
1 16 0 0 0 16 0 0 0 1 0 0 0 16 48\1-8ring1.dat
1 16 0 0 0 8 0 0 0 1 0 0 0 8 48\1-8ring4.dat
1 16 0 0 0 6 0 0 0 1 0 0 0 6 1-8edge.dat
1 16 0 0 0 40 0 0 0 1 0 0 0 40 48\1-8edge.dat
1 16 0 0 0 40 0 0 0 4 0 0 0 40 48\1-8cyli.dat
1 16 0 4 0 40 0 0 0 4 0 0 0 40 48\1-12cyli.dat
0 BFC INVERTNEXT
1 16 0 0 0 6 0 0 0 4 0 0 0 6 1-8cyli.dat
1 16 19.998 8 19.998 5.65685 0 -5.65685 0 -4 0 -5.65685 0 -5.65685 1-4cyli.dat
0 BFC INVERTNEXT
1 16 19.998 8 19.998 4.24264 0 -4.24264 0 -4 0 -4.24264 0 -4.24264 1-4cyli.dat
1 16 19.998 8 19.998 1.41421 0 -1.41421 0 -1 0 -1.41421 0 -1.41421 1-4ring3.dat
1 16 19.998 8 19.998 4.24264 0 -4.24264 0 -4 0 -4.24264 0 -4.24264 1-4edge.dat
1 16 19.998 4 19.998 4.24264 0 -4.24264 0 -4 0 -4.24264 0 -4.24264 1-4edge.dat
1 16 19.998 8 19.998 5.65685 0 -5.65685 0 -4 0 -5.65685 0 -5.65685 1-4edge.dat
1 16 19.998 4 19.998 5.65685 0 -5.65685 0 -4 0 -5.65685 0 -5.65685 1-4edge.dat
2 24 25.654 4 14.34 28.1284 4 16.8154
2 24 24.24 4 15.754 26.7144 4 18.2294
2 24 28.1284 4 16.8154 26.7144 4 18.2294
1 16 24.947 6 15.048 -0.7071 2.47487 0 0 0 2 0.7071 2.47487 0 box4-7a.dat
2 24 31.176 8 17.999 29.2967 8 20.8115
2 24 31.176 4 17.999 29.2967 4 20.8115
2 24 34.64 8 19.998 32.1741 8 23.6888
4 16 34.64 8 19.998 31.176 8 17.998 29.2966 8 20.8114 32.1741 8 23.6888
4 16 32.1741 8 23.6888 29.2966 8 20.8114 29.2966 4 20.8114 32.1741 4 23.6888
2 24 32.1741 4 23.6888 29.2966 4 20.8114
2 24 32.1741 8 23.6888 29.2966 8 20.8114
2 24 29.2966 4 20.8114 29.2966 8 20.8114
2 24 32.1741 8 23.6888 32.1741 4 23.6888
4 16 34.64 4 19.998 34.64 8 19.998 32.1741 8 23.6888 32.1741 4 23.6888
4 16 29.2967 4 20.8115 29.2967 8 20.8115 31.176 8 17.999 31.176 4 17.999
4 16 28.56 4 21.914 31.733 4 24.349 32.1741 4 23.6888 29.2966 4 20.8114
2 24 31.733 4 24.349 32.1741 4 23.6888
4 16 35.543 8 7.704 35.9256 8 9.62599 38.636 8 10.352 35.69 8 4.698
3 16 35.69 8 4.698 35.1959 8 7.18414 35.543 8 7.704
2 24 35.69 4 4.698 35.1959 4 7.18414
2 24 32.434 4 15.4509 31.176 4 18
2 24 35.69 8 4.698 35.1959 8 7.18414
2 24 32.434 8 15.4509 31.176 8 18
4 16 35.69 8 4.698 39.656 8 5.22 40 8 0 36 8 0
3 16 38.636 8 10.352 39.656 8 5.22 35.69 8 4.698
4 16 36 4 0 35.69 4 4.698 35.69 8 4.698 36 8 0
5 24 36 8 0 36 4 0 36 8 -4.738 35.69 8 4.698
5 24 35.69 8 4.698 35.69 4 4.698 36 8 0 34.772 8 9.317
5 24 31.176 8 18 31.176 4 18 33.26 8 13.777 28.807 8 22.108
2 24 36 4 0 35.69 4 4.698
2 24 36 8 0 35.69 8 4.698
4 16 35.9256 4 9.62599 35.543 4 7.704 35.1959 4 7.18414 34.772 4 9.317
4 16 36 4 10 35.9256 4 9.62599 34.772 4 9.317 33.26 4 13.777
4 16 33.26 4 13.777 34.2738 4 14.1969 35.543 4 12.296 36 4 10
4 16 34.2738 4 14.1969 33.26 4 13.777 32.434 4 15.4509 34.243 4 14.243
4 16 35.543 8 12.296 34.2738 8 14.1969 36.956 8 15.308 38.636 8 10.352
3 16 36 8 10 35.543 8 12.296 38.636 8 10.352
3 16 38.636 8 10.352 35.9256 8 9.62599 36 8 10
4 16 34.243 8 14.243 34.64 8 20 36.956 8 15.308 34.2738 8 14.1969
4 16 34.243 8 14.243 32.434 8 15.4509 31.176 8 18 34.64 8 20
4 16 35.1959 4 7.18414 35.1959 8 7.18414 35.69 8 4.698 35.69 4 4.698
4 16 32.434 8 15.4509 32.434 4 15.4509 31.176 4 18 31.176 8 18
4 16 36 4 10 35.543 4 12.296 35.543 8 12.296 36 8 10
2 24 36 8 10 35.543 8 12.296
2 24 36 4 10 35.543 4 12.296
4 16 35.543 4 12.296 34.243 4 14.243 34.243 8 14.243 35.543 8 12.296
2 24 35.543 8 12.296 34.243 8 14.243
2 24 35.543 4 12.296 34.243 4 14.243
4 16 35.543 4 7.704 36 4 10 36 8 10 35.543 8 7.704
2 24 35.543 8 7.704 36 8 10
2 24 35.543 4 7.704 36 4 10
4 16 32.434 4 15.4509 32.434 8 15.4509 34.243 8 14.243 34.243 4 14.243
2 24 34.243 8 14.243 32.434 8 15.4509
2 24 34.243 4 14.243 32.434 4 15.4509
2 24 32.434 8 15.4509 32.434 4 15.4509
4 16 35.1959 8 7.18414 35.1959 4 7.18414 35.543 4 7.704 35.543 8 7.704
2 24 35.543 8 7.704 35.1959 8 7.18414
2 24 35.543 4 7.704 35.1959 4 7.18414
2 24 35.1959 4 7.18414 35.1959 8 7.18414
5 24 36 4 10 36 8 10 35.543 4 12.296 35.543 4 7.704
5 24 35.543 4 12.296 35.543 8 12.296 34.243 4 14.243 36 4 10
5 24 34.243 4 14.243 34.243 8 14.243 32.296 4 15.543 35.543 4 12.296
5 24 35.543 4 7.704 35.543 8 7.704 36 4 10 34.243 4 5.757
0 FILE p/box4-7a.dat
0 Box with  4 Faces without  7 Adjacent Edges
0 Name: box4-7a.dat
0 Author: Willy Tschager [Holly-Wood]
0 !LDRAW_ORG Primitive UPDATE 2024-01
0 !LICENSE Licensed under CC BY 4.0 : see CAreadme.txt

0 BFC CERTIFY CCW

0 !HISTORY 1998-07-15 [PTadmin] Official Update 1998-07
0 !HISTORY 2002-12-13 [hafhead] Made BFC compliant
0 !HISTORY 2003-03-12 [PTadmin] Official Update 2003-01
0 !HISTORY 2007-06-24 [PTadmin] Header formatted for Contributor Agreement
0 !HISTORY 2008-07-01 [PTadmin] Official Update 2008-01
0 !HISTORY 2012-02-16 [Philo] Changed to CCW
0 !HISTORY 2012-03-30 [PTadmin] Official Update 2012-01
0 !HISTORY 2024-01-03 [Holly-Wood] Complete re-write, original by Manfred Moolhuysen
0 !HISTORY 2024-01-29 [OrionP] Official Update 2024-01

2 24 -1 1 1 1 1 1
2 24 -1 1 -1 -1 1 1
2 24 1 1 1 1 1 -1
4 16 1 1 1 1 1 -1 -1 1 -1 -1 1 1

2 24 -1 1 1 -1 0 1
4 16 -1 1 1 -1 1 -1 -1 0 -1 -1 0 1

2 24 1 1 1 1 0 1
4 16 1 1 -1 1 1 1 1 0 1 1 0 -1

4 16 1 1 1 -1 1 1 -1 0 1 1 0 1
0 FILE p/1-4ring3.dat
0 Ring  3 x 0.25
0 Name: 1-4ring3.dat
0 Author: Willy Tschager [Holly-Wood]
0 !LDRAW_ORG Primitive UPDATE 2024-01
0 !LICENSE Licensed under CC BY 4.0 : see CAreadme.txt

0 BFC CERTIFY CCW

0 !HISTORY 1999-07-05 [PTadmin] Official Update 1999-05
0 !HISTORY 2003-01-21 [cavehop] Update Added BFC and 1 digit of significance
0 !HISTORY 2003-05-21 [cavehop] Corrected values as indicated by pneaster
0 !HISTORY 2003-06-12 [cavehop] Re-corrected values as indicated by pneaster
0 !HISTORY 2003-08-01 [PTadmin] Official Update 2003-02
0 !HISTORY 2007-06-22 [PTadmin] Header formatted for Contributor Agreement
0 !HISTORY 2008-07-01 [PTadmin] Official Update 2008-01
0 !HISTORY 2012-02-16 [Philo] Changed to CCW
0 !HISTORY 2012-03-30 [PTadmin] Official Update 2012-01
0 !HISTORY 2024-01-04 [Holly-Wood] Complete re-write, original by Karim Nassar
0 !HISTORY 2024-01-29 [OrionP] Official Update 2024-01

4 16 4 0 0 3.6956 0 1.5308 2.7717 0 1.1481 3 0 0
4 16 3.6956 0 1.5308 2.8284 0 2.8284 2.1213 0 2.1213 2.7717 0 1.1481
4 16 2.8284 0 2.8284 1.5308 0 3.6956 1.1481 0 2.7717 2.1213 0 2.1213
4 16 1.5308 0 3.6956 0 0 4 0 0 3 1.1481 0 2.7717
0 // Build by LDPartEditor (PrimGen 2.X)
0 FILE p/48/1-8cyli.dat
0 Hi-Res Cylinder 0.125
0 Name: 48\1-8cyli.dat
0 Author: Steve Bliss [sbliss]
0 !LDRAW_ORG 48_Primitive UPDATE 2004-04
0 !LICENSE Licensed under CC BY 4.0 : see CAreadme.txt

0 BFC CERTIFY CCW

0 !HISTORY 2000-05-07 [PTadmin] Official Update 2000-01
0 !HISTORY 2004-10-12 [sbliss] fixed title, BFC'ed
0 !HISTORY 2004-11-06 [PTadmin] Official Update 2004-04
0 !HISTORY 2007-06-24 [PTadmin] Header formatted for Contributor Agreement
0 !HISTORY 2008-07-01 [PTadmin] Official Update 2008-01


5 24 1 0 0 1 1 0 0.9914 0 0.1305 1 0 -1
5 24 0.9914 0 0.1305 0.9914 1 0.1305 0.9659 0 0.2588 1 0 0
5 24 0.9659 0 0.2588 0.9659 1 0.2588 0.9239 0 0.3827 0.9914 0 0.1305
5 24 0.9239 0 0.3827 0.9239 1 0.3827 0.8660 0 0.5000 0.9659 0 0.2588
5 24 0.8660 0 0.5000 0.8660 1 0.5000 0.7934 0 0.6088 0.9239 0 0.3827
5 24 0.7934 0 0.6088 0.7934 1 0.6088 0.7071 0 0.7071 0.8660 0 0.5000
5 24 0.7071 0 0.7071 0.7071 1 0.7071 0.6088 0 0.7934 0.7934 0 0.6088

4 16 0.9914 1 0.1305 0.9914 0 0.1305 1 0 0 1 1 0
4 16 0.9659 1 0.2588 0.9659 0 0.2588 0.9914 0 0.1305 0.9914 1 0.1305
4 16 0.9239 1 0.3827 0.9239 0 0.3827 0.9659 0 0.2588 0.9659 1 0.2588
4 16 0.8660 1 0.5000 0.8660 0 0.5000 0.9239 0 0.3827 0.9239 1 0.3827
4 16 0.7934 1 0.6088 0.7934 0 0.6088 0.8660 0 0.5000 0.8660 1 0.5000
4 16 0.7071 1 0.7071 0.7071 0 0.7071 0.7934 0 0.6088 0.7934 1 0.6088
0
0 FILE p/48/1-8ring4.dat
0 Hi-Res Ring  4 x 0.125
0 Name: 48\1-8ring4.dat
0 Author: Alex Taylor [anathema]
0 !LDRAW_ORG 48_Primitive UPDATE 2010-01
0 !LICENSE Licensed under CC BY 4.0 : see CAreadme.txt

0 BFC CERTIFY CCW

0 !HISTORY 2010-04-05 [PTadmin] Official Update 2010-01


4 16 4 0 0 5 0 0 4.957 0 0.6525 3.9656 0 0.522
4 16 3.9656 0 0.522 4.957 0 0.6525 4.8295 0 1.294 3.8636 0 1.0352
4 16 3.8636 0 1.0352 4.8295 0 1.294 4.6195 0 1.9135 3.6956 0 1.5308
4 16 3.6956 0 1.5308 4.6195 0 1.9135 4.33 0 2.5 3.464 0 2
4 16 3.464 0 2 4.33 0 2.5 3.967 0 3.044 3.1736 0 2.4352
4 16 3.1736 0 2.4352 3.967 0 3.044 3.5355 0 3.5355 2.8284 0 2.8284
0
0 FILE p/48/1-8ring1.dat
0 Hi-Res Ring  1 x 0.125
0 Name: 48\1-8ring1.dat
0 Author: Alex Taylor [anathema]
0 !LDRAW_ORG 48_Primitive UPDATE 2010-01
0 !LICENSE Licensed under CC BY 4.0 : see CAreadme.txt

0 BFC CERTIFY CCW

0 !HISTORY 2010-04-05 [PTadmin] Official Update 2010-01


4 16 1 0 0 2 0 0 1.9828 0 0.261 0.9914 0 0.1305
4 16 0.9914 0 0.1305 1.9828 0 0.261 1.9318 0 0.5176 0.9659 0 0.2588
4 16 0.9659 0 0.2588 1.9318 0 0.5176 1.8478 0 0.7654 0.9239 0 0.3827
4 16 0.9239 0 0.3827 1.8478 0 0.7654 1.732 0 1 0.866 0 0.5
4 16 0.866 0 0.5 1.732 0 1 1.5868 0 1.2176 0.7934 0 0.6088
4 16 0.7934 0 0.6088 1.5868 0 1.2176 1.4142 0 1.4142 0.7071 0 0.7071
0
0 FILE p/48/1-48edge.dat
0 Hi-Res Circle 0.02083
0 Name: 48\1-48edge.dat
0 Author: Alex Taylor [anathema]
0 !LDRAW_ORG 48_Primitive UPDATE 2010-01
0 !LICENSE Licensed under CC BY 4.0 : see CAreadme.txt

0 BFC CERTIFY CCW

0 !HISTORY 2010-04-05 [PTadmin] Official Update 2010-01


2 24 1.0000 0.0000 0.0000 0.9914 0.0000 0.1305
0
0 FILE p/48/1-48ring9.dat
0 Hi-Res Ring  9 x 0.0208
0 Name: 48\1-48ring9.dat
0 Author: Alex Taylor [anathema]
0 !LDRAW_ORG 48_Primitive UPDATE 2024-02
0 !LICENSE Licensed under CC BY 4.0 : see CAreadme.txt

0 BFC CERTIFY CCW

0 !HISTORY 2010-04-05 [PTadmin] Official Update 2010-01
0 !HISTORY 2024-03-23 [OrionP] Moved from 48\1-48rin9.dat
0 !HISTORY 2024-03-24 [OrionP] Official Update 2024-02

4 16 9 0 0 10 0 0 9.914 0 1.305 8.9226 0 1.1745
0
0 FILE p/48/1-8ring8.dat
0 Hi-Res Ring  8 x 0.125
0 Name: 48\1-8ring8.dat
0 Author: Philippe Hurbain [Philo]
0 !LDRAW_ORG 48_Primitive UPDATE 2010-01
0 !LICENSE Licensed under CC BY 4.0 : see CAreadme.txt

0 BFC CERTIFY CCW

0 !HISTORY 2010-04-05 [PTadmin] Official Update 2010-01


4 16 8 0 0 9 0 0 8.9226 0 1.1745 7.9312 0 1.044
4 16 7.9312 0 1.044 8.9226 0 1.1745 8.6931 0 2.3292 7.7272 0 2.0704
4 16 7.7272 0 2.0704 8.6931 0 2.3292 8.3151 0 3.4443 7.3912 0 3.0616
4 16 7.3912 0 3.0616 8.3151 0 3.4443 7.794 0 4.5 6.928 0 4
4 16 6.928 0 4 7.794 0 4.5 7.1406 0 5.4792 6.3472 0 4.8704
4 16 6.3472 0 4.8704 7.1406 0 5.4792 6.3639 0 6.3639 5.6568 0 5.6568

0 // end of file
0 FILE p/1-8ring3.dat
0 Ring  3 x 0.125
0 Name: 1-8ring3.dat
0 Author: Paul Easter [pneaster]
0 !LDRAW_ORG Primitive UPDATE 2012-01
0 !LICENSE Licensed under CC BY 4.0 : see CAreadme.txt

0 BFC CERTIFY CCW

0 !HISTORY 2002-04-25 [PTadmin] Official Update 2002-02
0 !HISTORY 2007-06-22 [PTadmin] Header formatted for Contributor Agreement
0 !HISTORY 2008-07-01 [PTadmin] Official Update 2008-01
0 !HISTORY 2012-02-16 [Philo] Changed to CCW
0 !HISTORY 2012-03-30 [PTadmin] Official Update 2012-01


4 16 4 0 0 3.6955 0 1.5307 2.7716 0 1.1481 3 0 0
4 16 3.6955 0 1.5307 2.8284 0 2.8284 2.1213 0 2.1213 2.7716 0 1.1481
0 FILE parts/11213.dat
0 Plate  6 x  6 Round with Hole and Snapstud
0 Name: 11213.dat
0 Author: Magnus Forsberg [MagFors]
0 !LDRAW_ORG Part UPDATE 2015-02
0 !LICENSE Licensed under CC BY 4.0 : see CAreadme.txt

0 !HELP 1 47 0 8 0 1 0 0 0 1 0 0 0 1 61485.dat

0 BFC CERTIFY CCW

0 !KEYWORDS turntable

0 !HISTORY 2015-12-30 [PTadmin] Official Update 2015-02


1 16 20 4 0 1 0 0 0 -1 0 0 0 1 stud4.dat
1 16 0 4 20 1 0 0 0 -1 0 0 0 1 stud4.dat
1 16 -20 4 0 1 0 0 0 -1 0 0 0 1 stud4.dat
1 16 0 4 -20 1 0 0 0 -1 0 0 0 1 stud4.dat
1 16 0 4 0 1 0 0 0 -1 0 0 0 1 stud18a.dat

0 // halfstuds
1 16 40 4 0 0 0 1 0 -1 0 -1 0 0 2-4stud4.dat
1 16 39 6 7 0 0 -1 0 2 0 1 0 0 box3-7a.dat
1 16 39 6 -7 -1 0 0 0 2 0 0 0 -1 box3-7a.dat
1 16 40 6 0 0 -1 0 0 0 2 -6 0 0 rect3.dat
1 16 39 6 0 0 0 -1 0 2 0 6 0 0 box2-9p.dat

1 16 0 4 40 1 0 0 0 -1 0 0 0 1 2-4stud4.dat
1 16 -7 6 39 -1 0 0 0 2 0 0 0 -1 box3-7a.dat
1 16 7 6 39 0 0 1 0 2 0 -1 0 0 box3-7a.dat
1 16 0 6 40 6 0 0 0 0 2 0 -1 0 rect3.dat
1 16 0 6 39 -6 0 0 0 2 0 0 0 -1 box2-9p.dat

1 16 -40 4 0 0 0 -1 0 -1 0 1 0 0 2-4stud4.dat
1 16 -39 6 -7 0 0 1 0 2 0 -1 0 0 box3-7a.dat
1 16 -39 6 7 1 0 0 0 2 0 0 0 1 box3-7a.dat
1 16 -40 6 0 0 1 0 0 0 2 6 0 0 rect3.dat
1 16 -39 6 0 0 0 1 0 2 0 -6 0 0 box2-9p.dat

1 16 0 4 -40 -1 0 0 0 -1 0 0 0 -1 2-4stud4.dat
1 16 7 6 -39 1 0 0 0 2 0 0 0 1 box3-7a.dat
1 16 -7 6 -39 0 0 -1 0 2 0 1 0 0 box3-7a.dat
1 16 0 6 -40 -6 0 0 0 0 2 0 1 0 rect3.dat
1 16 0 6 -39 6 0 0 0 2 0 0 0 1 box2-9p.dat

1 16 20 4 20 -0.7071 0 -0.7071 0 -1 0 0.7071 0 -0.7071 2-4stud4.dat
1 16 25.657 6 15.757 0.7071 0 0.7071 0 2 0 -0.7071 0 0.7071 box3-7a.dat
1 16 15.757 6 25.657 0.7071 0 -0.7071 0 2 0 0.7071 0 0.7071 box3-7a.dat
1 16 20 6 20 -4.2426 0.7071 0 0 0 2 4.2426 0.7071 0 rect3.dat
1 16 20.707 6 20.707 4.2426 0 0.7071 0 2 0 -4.2426 0 0.7071 box2-9p.dat

1 16 -20 4 20 -0.7071 0 0.7071 0 -1 0 -0.7071 0 -0.7071 2-4stud4.dat
1 16 -15.757 6 25.657 0.7071 0 -0.7071 0 2 0 0.7071 0 0.7071 box3-7a.dat
1 16 -25.657 6 15.757 -0.7071 0 -0.7071 0 2 0 0.7071 0 -0.7071 box3-7a.dat
1 16 -20 6 20 -4.2426 -0.7071 0 0 0 2 -4.2426 0.7071 0 rect3.dat
1 16 -20.707 6 20.707 4.2426 0 -0.7071 0 2 0 4.2426 0 0.7071 box2-9p.dat

1 16 -20 4 -20 0.7071 0 0.7071 0 -1 0 -0.7071 0 0.7071 2-4stud4.dat
1 16 -25.657 6 -15.757 -0.7071 0 -0.7071 0 2 0 0.7071 0 -0.7071 box3-7a.dat
1 16 -15.757 6 -25.657 -0.7071 0 0.7071 0 2 0 -0.7071 0 -0.7071 box3-7a.dat
1 16 -20 6 -20 4.2426 -0.7071 0 0 0 2 -4.2426 -0.7071 0 rect3.dat
1 16 -20.707 6 -20.707 -4.2426 0 -0.7071 0 2 0 4.2426 0 -0.7071 box2-9p.dat

1 16 20 4 -20 0.7071 0 -0.7071 0 -1 0 0.7071 0 0.7071 2-4stud4.dat
1 16 15.757 6 -25.657 -0.7071 0 0.7071 0 2 0 -0.7071 0 -0.7071 box3-7a.dat
1 16 25.657 6 -15.757 0.7071 0 0.7071 0 2 0 -0.7071 0 0.7071 box3-7a.dat
1 16 20 6 -20 4.2426 0.7071 0 0 0 2 4.2426 -0.7071 0 rect3.dat
1 16 20.707 6 -20.707 -4.2426 0 0.7071 0 2 0 -4.2426 0 -0.7071 box2-9p.dat

1 16 40 4 20 1 0 0 0 -1 0 0 0 1 stud4.dat
1 16 20 4 40 1 0 0 0 -1 0 0 0 1 stud4.dat
1 16 -20 4 40 1 0 0 0 -1 0 0 0 1 stud4.dat
1 16 -40 4 20 1 0 0 0 -1 0 0 0 1 stud4.dat
1 16 -40 4 -20 1 0 0 0 -1 0 0 0 1 stud4.dat
1 16 -20 4 -40 1 0 0 0 -1 0 0 0 1 stud4.dat
1 16 20 4 -40 1 0 0 0 -1 0 0 0 1 stud4.dat
1 16 40 4 -20 1 0 0 0 -1 0 0 0 1 stud4.dat

1 16 0 0 0 1 0 0 0 1 0 0 0 1 s\11213s01.dat
1 16 0 0 0 0 0 1 0 1 0 1 0 0 s\11213s01.dat
1 16 0 0 0 0 0 -1 0 1 0 1 0 0 s\11213s01.dat
1 16 0 0 0 -1 0 0 0 1 0 0 0 1 s\11213s01.dat
1 16 0 0 0 -1 0 0 0 1 0 0 0 -1 s\11213s01.dat
1 16 0 0 0 0 0 -1 0 1 0 -1 0 0 s\11213s01.dat
1 16 0 0 0 0 0 1 0 1 0 -1 0 0 s\11213s01.dat
1 16 0 0 0 1 0 0 0 1 0 0 0 -1 s\11213s01.dat

1 16 0 0 0 1 0 0 0 1 0 0 0 1 stug-4x4.dat
1 16 -50 0 0 1 0 0 0 1 0 0 0 1 stug-2x1.dat
1 16 50 0 0 1 0 0 0 1 0 0 0 1 stug-2x1.dat
1 16 0 0 50 1 0 0 0 1 0 0 0 1 stug-1x2.dat
1 16 0 0 -50 1 0 0 0 1 0 0 0 1 stug-1x2.dat
0 FILE p/stug-2x1.dat
0 Stud Group  2 x  1
0 Name: stug-2x1.dat
0 Author: Magnus Forsberg [MagFors]
0 !LDRAW_ORG Primitive UPDATE 2011-01
0 !LICENSE Licensed under CC BY 4.0 : see CAreadme.txt

0 BFC CERTIFY CCW

0 !HISTORY 2011-07-25 [PTadmin] Official Update 2011-01


1 16 0 0 10 1 0 0 0 1 0 0 0 1 stud.dat
1 16 0 0 -10 1 0 0 0 1 0 0 0 1 stud.dat
0 FILE p/stug-4x4.dat
0 Stud Group  4 x  4
0 Name: stug-4x4.dat
0 Author: Tore Eriksson [Tore_Eriksson]
0 !LDRAW_ORG Primitive UPDATE 2011-01
0 !LICENSE Licensed under CC BY 4.0 : see CAreadme.txt

0 BFC CERTIFY CCW

0 !HISTORY 2004-10-31 [Steffen] used stug2.dat
0 !HISTORY 2005-12-28 [PTadmin] Official Update 2005-01
0 !HISTORY 2007-05-04 [PTadmin] Header formatted for Contributor Agreement
0 !HISTORY 2008-07-01 [PTadmin] Official Update 2008-01
0 !HISTORY 2011-07-01 [PTadmin] Renamed from stug4
0 !HISTORY 2011-07-25 [PTadmin] Official Update 2011-01


1 16 -20 0 -20 1 0 0 0 1 0 0 0 1 stug-2x2.dat
1 16 -20 0 20 1 0 0 0 1 0 0 0 1 stug-2x2.dat
1 16 20 0 20 1 0 0 0 1 0 0 0 1 stug-2x2.dat
1 16 20 0 -20 1 0 0 0 1 0 0 0 1 stug-2x2.dat
0
0 FILE parts/s/11213s01.dat
0 ~Plate  6 x  6 Round with Hole and Snapstud -  1/8
0 Name: s\11213s01.dat
0 Author: Magnus Forsberg [MagFors]
0 !LDRAW_ORG Subpart UPDATE 2015-02
0 !LICENSE Licensed under CC BY 4.0 : see CAreadme.txt

0 BFC CERTIFY CCW

0 !HISTORY 2015-12-30 [PTadmin] Official Update 2015-02


1 16 0 4 0 56 0 0 0 -1 0 0 0 56 48\1-16chrd.dat
1 16 0 4 0 39.59798 0 39.59798 0 -1 0 39.59798 0 -39.59798 48\1-16chrd.dat
1 16 52.4666 6 24.4653 -1.8094 0 0 0 0 -2 -0.8437 -1 0 rect.dat
1 16 51.1978 6 22.5264 0.5406 1 0 0 0 -2 -1.0952 0 0 rect2p.dat
1 16 52.9144 6 17.962 0 1 1.176 2 0 0 0 0 -3.4692 rect3.dat
1 16 54.8169 6 13.3945 0.7265 1 0 0 0 -2 -1.0983 0 0 rect2p.dat
1 16 55.7717 6 11.1481 0.2283 1 0 0 0 -2 -1.1481 0 0 rect2p.dat
1 16 56 6 5 0 1 0 0 0 -2 -5 0 0 rect2p.dat
5 24 51.7384 8 21.4312 51.7384 4 21.4312 54.0904 8 14.4928 50.6572 8 23.6216
5 24 55.5434 8 12.2962 55.5434 4 12.2962 56 8 10 54.0904 8 14.4928
5 24 56 8 10 56 4 10 56 8 0 55.5434 8 12.2962
0 BFC INVERTNEXT
1 16 0 4 0 39.59798 0 39.59798 0 4 0 39.59798 0 -39.59798 48\1-48cylo.dat
1 16 44.56119 6 33.88615 -0.136215 1 0 0 0 2 0.20375 0 0 rect2p.dat
5 24 44.42497 8 34.0899 44.42497 4 34.0899 39.5976 8 39.5976 44.6974 8 33.6824
1 16 46.2962 6 34.8872 -1.5988 0 0 0 0 2 -1.2048 1 0 rect.dat
4 16 59.484 8 7.83 60 8 0 56 8 0 56 8 10
4 16 57.954 8 15.528 59.484 8 7.83 56 8 10 55.5434 8 12.2962
4 16 57.954 8 15.528 55.5434 8 12.2962 54.0904 8 14.4928 55.434 8 22.962
3 16 55.434 8 22.962 54.0904 8 14.4928 51.7384 8 21.4312
4 16 55.434 8 22.962 51.7384 8 21.4312 50.6572 8 23.6216 54.276 8 25.309
4 16 47.604 8 36.528 47.895 8 36.092 44.6974 8 33.6824 44.42497 8 34.0899
4 16 42.426 8 42.426 47.604 8 36.528 44.42497 8 34.0899 39.5976 8 39.5976
3 16 56 4 10 56 4 0 55.5184 4 7.308
4 16 54.0904 4 14.4928 55.5434 4 12.2962 56 4 10 55.5184 4 7.308
4 16 51.96 4 30 54.276 4 25.309 50.6572 4 23.6216 48.496 4 28
4 16 47.895 4 36.092 51.96 4 30 48.496 4 28 44.6974 4 33.6824
0 // 60
1 16 0 8 0 60 0 0 0 1 0 0 0 60 48\1-16edge.dat
1 16 0 4 0 60 0 0 0 4 0 0 0 60 48\1-16cyli.dat
1 16 54.855 6 24.1355 0 -1 -0.579 2 0 0 0 0 1.1735 rect1.dat
2 24 51.96 4 30 54.276 4 25.309
2 24 47.895 4 36.092 51.96 4 30
1 16 47.7495 6 36.31 0 -1 -0.1455 2 0 0 0 0 0.218 rect1.dat
5 24 47.604 8 36.528 47.604 4 36.528 47.895 4 36.092 42.426 8 42.426
1 16 45.015 6 39.477 0 -1 -2.589 2 0 0 0 0 2.949 rect1.dat
5 24 42.426 8 42.426 42.426 4 42.426 47.604 8 36.528 36.528 8 47.604
0 // bottom surface
1 16 0 4 0 8 0 0 0 -1 0 0 0 8 1-8ring1.dat
1 16 0 4 0 8 0 0 0 -1 0 0 0 8 1-8ring2.dat
1 16 0 4 0 3 0 0 0 -1 0 0 0 3 1-8ring8.dat
1 16 0 4 0 27 0 0 0 -1 0 0 0 27 1-8ring1.dat
1 16 0 4 0 2 0 0 0 -1 0 0 0 2 1-8ring27.dat
0 // top surface
1 16 0 0 0 6 0 0 0 1 0 0 0 6 1-8edge.dat
0 BFC INVERTNEXT
1 16 0 0 0 6 0 0 0 4 0 0 0 6 1-8cyli.dat
1 16 0 0 0 60 0 0 0 1 0 0 0 60 48\1-8edge.dat
1 16 0 0 0 60 0 0 0 4 0 0 0 60 48\1-8cyli.dat
1 16 0 0 0 6 0 0 0 1 0 0 0 6 1-8ring1.dat
1 16 0 0 0 12 0 0 0 1 0 0 0 12 1-8ring1.dat
1 16 0 0 0 24 0 0 0 1 0 0 0 24 1-8ring1.dat
1 16 0 0 0 12 0 0 0 1 0 0 0 12 1-8ring4.dat
1 16 0 0 0 60 0 0 0 1 0 0 0 60 48\1-16chrd.dat
1 16 0 0 0 42.42641 0 42.42641 0 1 0 42.42641 0 -42.42641 48\1-16chrd.dat
0 FILE p/48/1-16chrd.dat
0 Hi-Res Chord 0.0625
0 Name: 48\1-16chrd.dat
0 Author: Michael Heidemann [mikeheide]
0 !LDRAW_ORG 48_Primitive UPDATE 2011-01
0 !LICENSE Licensed under CC BY 4.0 : see CAreadme.txt

0 BFC CERTIFY CCW

0 !HISTORY 2011-07-25 [PTadmin] Official Update 2011-01


0 // This file can be used to fill the gap between ring segments of 16 and 48.

4 16 1 0 0 0.9914 0 0.1305 0.9659 0 0.2588 0.9239 0 0.3827
0 //
0 FILE p/1-8ring4.dat
0 Ring  4 x 0.125
0 Name: 1-8ring4.dat
0 Author: Willy Tschager [Holly-Wood]
0 !LDRAW_ORG Primitive UPDATE 2024-01
0 !LICENSE Licensed under CC BY 4.0 : see CAreadme.txt

0 BFC CERTIFY CCW

0 !HISTORY 2005-12-28 [PTadmin] Official Update 2005-01
0 !HISTORY 2007-06-22 [PTadmin] Header formatted for Contributor Agreement
0 !HISTORY 2008-07-01 [PTadmin] Official Update 2008-01
0 !HISTORY 2024-01-14 [Holly-Wood] Complete regeneration, original by guyvivan
0 !HISTORY 2024-01-29 [OrionP] Official Update 2024-01

4 16 5 0 0 4.6195 0 1.9135 3.6956 0 1.5308 4 0 0
4 16 4.6195 0 1.9135 3.5355 0 3.5355 2.8284 0 2.8284 3.6956 0 1.5308
0 // Build by LDPartEditor (PrimGen 2.X)
0 FILE p/1-8ring1.dat
0 Ring  1 x 0.125
0 Name: 1-8ring1.dat
0 Author: Willy Tschager [Holly-Wood]
0 !LDRAW_ORG Primitive UPDATE 2024-01
0 !LICENSE Licensed under CC BY 4.0 : see CAreadme.txt

0 BFC CERTIFY CCW

0 !HISTORY 2002-12-27 [sbliss] Updated for BFC compliance
0 !HISTORY 2003-12-19 [PTadmin] Official Update 2003-03
0 !HISTORY 2007-06-22 [PTadmin] Header formatted for Contributor Agreement
0 !HISTORY 2008-07-01 [PTadmin] Official Update 2008-01
0 !HISTORY 2024-01-18 [Holly-Wood] Complete regeneration, original by bbroich
0 !HISTORY 2024-01-29 [OrionP] Official Update 2024-01

4 16 2 0 0 1.8478 0 0.7654 0.9239 0 0.3827 1 0 0
4 16 1.8478 0 0.7654 1.4142 0 1.4142 0.7071 0 0.7071 0.9239 0 0.3827
0 // Build by LDPartEditor (PrimGen 2.X)
0 FILE p/1-8ring27.dat
0 Ring 27 x 0.125
0 Name: 1-8ring27.dat
0 Author: Magnus Forsberg [MagFors]
0 !LDRAW_ORG Primitive UPDATE 2015-02
0 !LICENSE Licensed under CC BY 4.0 : see CAreadme.txt

0 BFC CERTIFY CCW

0 !HISTORY 2015-12-30 [PTadmin] Official Update 2015-02


4 16 28 0 0 25.8692 0 10.7156 24.9453 0 10.3329 27 0 0
4 16 25.8692 0 10.7156 19.7988 0 19.7988 19.0917 0 19.0917 24.9453 0 10.3329
0 // Build by Primitive Generator 2
0 FILE p/1-8ring2.dat
0 Ring  2 x 0.125
0 Name: 1-8ring2.dat
0 Author: Willy Tschager [Holly-Wood]
0 !LDRAW_ORG Primitive UPDATE 2024-01
0 !LICENSE Licensed under CC BY 4.0 : see CAreadme.txt

0 BFC CERTIFY CCW

0 !HISTORY 2004-11-06 [PTadmin] Official Update 2004-04
0 !HISTORY 2007-06-22 [PTadmin] Header formatted for Contributor Agreement
0 !HISTORY 2008-07-01 [PTadmin] Official Update 2008-01
0 !HISTORY 2012-02-16 [Philo] Changed to CCW
0 !HISTORY 2012-03-30 [PTadmin] Official Update 2012-01
0 !HISTORY 2024-01-16 [Holly-Wood] Complete regeneration, original by guyvivan
0 !HISTORY 2024-01-29 [OrionP] Official Update 2024-01

4 16 3 0 0 2.7717 0 1.1481 1.8478 0 0.7654 2 0 0
4 16 2.7717 0 1.1481 2.1213 0 2.1213 1.4142 0 1.4142 1.8478 0 0.7654
0 // Build by LDPartEditor (PrimGen 2.X)
0 FILE p/48/1-16cyli.dat
0 Hi-Res Cylinder 0.0625
0 Name: 48\1-16cyli.dat
0 Author: Willy Tschager [Holly-Wood]
0 !LDRAW_ORG 48_Primitive UPDATE 2024-01
0 !LICENSE Licensed under CC BY 4.0 : see CAreadme.txt

0 BFC CERTIFY CCW

0 !HISTORY 2009-05-02 [PTadmin] Official Update 2009-01
0 !HISTORY 2024-01-10 [Holly-Wood] Complete regeneration, original by guyvivan
0 !HISTORY 2024-01-29 [OrionP] Official Update 2024-01

4 16 0.9914 0 0.1305 1 0 0 1 1 0 0.9914 1 0.1305
4 16 0.9659 0 0.2588 0.9914 0 0.1305 0.9914 1 0.1305 0.9659 1 0.2588
4 16 0.9239 0 0.3827 0.9659 0 0.2588 0.9659 1 0.2588 0.9239 1 0.3827
0 // conditional lines
5 24 1 1 0 1 0 0 1 1 -0.1317 0.9914 1 0.1305
5 24 0.9914 1 0.1305 0.9914 0 0.1305 1 1 0 0.9659 1 0.2588
5 24 0.9659 1 0.2588 0.9659 0 0.2588 0.9914 1 0.1305 0.9239 1 0.3827
5 24 0.9239 1 0.3827 0.9239 0 0.3827 0.9659 1 0.2588 0.8735 1 0.5043
0 // Build by LDPartEditor (PrimGen 2.X)
0 FILE p/48/1-16edge.dat
0 Hi-Res Circle 0.0625
0 Name: 48\1-16edge.dat
0 Author: Willy Tschager [Holly-Wood]
0 !LDRAW_ORG 48_Primitive UPDATE 2024-01
0 !LICENSE Licensed under CC BY 4.0 : see CAreadme.txt

0 BFC CERTIFY CCW

0 !HISTORY 2009-05-02 [PTadmin] Official Update 2009-01
0 !HISTORY 2024-01-09 [Holly-Wood] Complete regeneration, original by guyvivan
0 !HISTORY 2024-01-29 [OrionP] Official Update 2024-01

2 24 1 0 0 0.9914 0 0.1305
2 24 0.9914 0 0.1305 0.9659 0 0.2588
2 24 0.9659 0 0.2588 0.9239 0 0.3827
0 // Build by LDPartEditor (PrimGen 2.X)
0 FILE p/48/1-48cylo.dat
0 Hi-Res Cylinder Open 0.02083
0 Name: 48\1-48cylo.dat
0 Author: Max Martin Richter [MMR1988]
0 !LDRAW_ORG 48_Primitive UPDATE 2014-01
0 !LICENSE Licensed under CC BY 4.0 : see CAreadme.txt

0 BFC CERTIFY CCW

0 !HISTORY 2014-06-21 [PTadmin] Official Update 2014-01


1 16 0 0 0 1 0 0 0 1 0 0 0 1 48\1-48edge.dat
1 16 0 1 0 1 0 0 0 1 0 0 0 1 48\1-48edge.dat
1 16 0 0 0 1 0 0 0 1 0 0 0 1 48\1-48cyli.dat
0 FILE p/48/1-48cyli.dat
0 Hi-Res Cylinder 0.0208
0 Name: 48\1-48cyli.dat
0 Author: Willy Tschager [Holly-Wood]
0 !LDRAW_ORG 48_Primitive UPDATE 2024-01
0 !LICENSE Licensed under CC BY 4.0 : see CAreadme.txt

0 BFC CERTIFY CCW

0 !HISTORY 2009-12-29 [PTadmin] Official Update 2009-03
0 !HISTORY 2024-01-22 [Holly-Wood] Complete regeneration, original by guyvivan
0 !HISTORY 2024-01-29 [OrionP] Official Update 2024-01

4 16 0.9914 0 0.1305 1 0 0 1 1 0 0.9914 1 0.1305
0 // conditional lines
5 24 1 1 0 1 0 0 1 1 -0.1317 0.9914 1 0.1305
5 24 0.9914 1 0.1305 0.9914 0 0.1305 1 1 0 0.9743 1 0.2611
0 // Build by LDPartEditor (PrimGen 2.X)
0 FILE p/box2-9p.dat
0 Box with  2 Faces with  3 Parallel Edges
0 Name: box2-9p.dat
0 Author: Willy Tschager [Holly-Wood]
0 !LDRAW_ORG Primitive UPDATE 2024-01
0 !LICENSE Licensed under CC BY 4.0 : see CAreadme.txt

0 BFC CERTIFY CCW

0 !HISTORY 2013-12-23 [PTadmin] Official Update 2013-02
0 !HISTORY 2024-01-04 [Holly-Wood] Complete re-write, original by Duq
0 !HISTORY 2024-01-29 [OrionP] Official Update 2024-01

2 24 -1 1 1 1 1 1
2 24 -1 1 -1 1 1 -1
4 16 -1 1 1 1 1 1 1 1 -1 -1 1 -1

2 24 -1 -1 1 1 -1 1
4 16 1 -1 1 1 1 1 -1 1 1 -1 -1 1
0 FILE p/box3-7a.dat
0 Box with  3 Adjacent Faces without  7 Adjacent Edges
0 Name: box3-7a.dat
0 Author: Willy Tschager [Holly-Wood]
0 !LDRAW_ORG Primitive UPDATE 2024-01
0 !LICENSE Licensed under CC BY 4.0 : see CAreadme.txt

0 BFC CERTIFY CCW

0 !HISTORY 2012-08-09 [PTadmin] Official Update 2012-02
0 !HISTORY 2024-01-04 [Holly-Wood] Complete re-write, original by gregteft
0 !HISTORY 2024-01-29 [OrionP] Official Update 2024-01

2 24 1 1 1 -1 1 1
2 24 1 1 1 1 1 -1
4 16 -1 1 1 1 1 1 1 1 -1 -1 1 -1

2 24 1 -1 1 1 -1 -1
4 16 1 1 1 1 -1 1 1 -1 -1 1 1 -1

2 24 -1 -1 1 1 -1 1
4 16 1 -1 1 1 1 1 -1 1 1 -1 -1 1

2 24 1 1 1 1 -1 1
0 FILE p/2-4stud4.dat
0 Stud Tube Open 0.5
0 Name: 2-4stud4.dat
0 Author: Willy Tschager [Holly-Wood]
0 !LDRAW_ORG Primitive UPDATE 2024-01
0 !LICENSE Licensed under CC BY 4.0 : see CAreadme.txt

0 BFC CERTIFY CCW

0 !HISTORY 2014-01-17 [Brickaneer] Created.
0 !HISTORY 2014-08-28 [MagFors] removed vertical edges
0 !HISTORY 2014-12-23 [PTadmin] Official Update 2014-02
0 !HISTORY 2016-11-05 [cwdee] Update description
0 !HISTORY 2016-12-31 [PTadmin] Official Update 2016-01
0 !HISTORY 2024-01-13 [Holly-Wood] Complete re-write, original by Brickaneer
0 !HISTORY 2024-01-29 [OrionP] Official Update 2024-01

1 16 0 -4 0 2 0 0 0 1 0 0 0 2 2-4ring3.dat
0 BFC INVERTNEXT
1 16 0 -4 0 6 0 0 0 4 0 0 0 6 2-4cylo.dat
1 16 0 -4 0 8 0 0 0 4 0 0 0 8 2-4cylo.dat
0 FILE parts/87081.dat
0 Brick  4 x  4 Round with Pinhole and Snapstud
0 Name: 87081.dat
0 Author: Magnus Forsberg [MagFors]
0 !LDRAW_ORG Part UPDATE 2011-02
0 !LICENSE Licensed under CC BY 4.0 : see CAreadme.txt

0 !HELP turntable together with 61485

0 BFC CERTIFY CCW

0 !KEYWORDS turntable

0 !HISTORY 2011-12-29 [PTadmin] Official Update 2011-02


1 16 0 0 0 1 0 0 0 1 0 0 0 1 s\87081s01.dat
1 16 0 0 0 0 0 1 0 1 0 1 0 0 s\87081s01.dat
1 16 0 0 0 0 0 -1 0 1 0 1 0 0 s\87081s01.dat
1 16 0 0 0 -1 0 0 0 1 0 0 0 1 s\87081s01.dat
1 16 0 0 0 -1 0 0 0 1 0 0 0 -1 s\87081s01.dat
1 16 0 0 0 0 0 -1 0 1 0 -1 0 0 s\87081s01.dat
1 16 0 0 0 0 0 1 0 1 0 -1 0 0 s\87081s01.dat
1 16 0 0 0 1 0 0 0 1 0 0 0 -1 s\87081s01.dat
1 16 0 0 0 14 0 0 0 1 0 0 0 14 48\4-4aring.dat
1 16 0 4 0 20 0 0 0 -1 0 0 0 20 48\4-4aring.dat
0 // click lock against part 61485
1 16 36 23.5 0 0 0 -0.75 0 -19.5 0 -0.75 0 0 2-4cylc.dat
2 24 36 23.5 0 35.951 23.5 0.74
2 24 35.951 4 0.74 35.951 23.5 0.74
2 24 35.951 23.5 -0.74 36 23.5 0
2 24 35.951 4 -0.74 35.951 23.5 -0.74
1 16 -36 23.5 0 0 0 0.75 0 -19.5 0 0.75 0 0 2-4cylc.dat
2 24 -36 23.5 0 -35.951 23.5 0.74
2 24 -35.951 4 0.74 -35.951 23.5 0.74
2 24 -35.951 23.5 -0.74 -36 23.5 0
2 24 -35.951 4 -0.74 -35.951 23.5 -0.74
1 16 0 20 0 8 0 0 0 1 0 0 0 8 4-4edge.dat
1 16 0 20 0 1 0 0 0 -1 0 0 0 1 stud18a.dat
1 16 -20 20 0 1 0 0 0 -1 0 0 0 -1 stud4a.dat
1 16 20 20 0 1 0 0 0 -1 0 0 0 -1 stud4a.dat
1 16 0 20 20 1 0 0 0 -1 0 0 0 -1 stud4a.dat
1 16 0 20 -20 1 0 0 0 -1 0 0 0 -1 stud4a.dat
1 16 20 0 0 1 0 0 0 1 0 0 0 1 stug-2x2.dat
1 16 -20 0 0 1 0 0 0 1 0 0 0 1 stug-2x2.dat
1 16 -10 0 30 1 0 0 0 1 0 0 0 1 stud.dat
1 16 10 0 30 1 0 0 0 1 0 0 0 1 stud.dat
1 16 -10 0 -30 1 0 0 0 1 0 0 0 1 stud.dat
1 16 10 0 -30 1 0 0 0 1 0 0 0 1 stud.dat
0 FILE p/2-4cylc.dat
0 Cylinder Closed 0.5
0 Name: 2-4cylc.dat
0 Author: Alex Taylor [anathema]
0 !LDRAW_ORG Primitive UPDATE 2009-02
0 !LICENSE Licensed under CC BY 4.0 : see CAreadme.txt

0 BFC CERTIFY CCW

0 !HISTORY 2009-09-03 [PTadmin] Official Update 2009-02


1 16 0 0 0 1 0 0 0 1 0 0 0 1 2-4edge.dat
1 16 0 1 0 1 0 0 0 1 0 0 0 1 2-4edge.dat
1 16 0 0 0 1 0 0 0 1 0 0 0 1 2-4disc.dat
1 16 0 0 0 1 0 0 0 1 0 0 0 1 2-4cyli.dat
0
0 FILE parts/s/87081s01.dat
0 ~Brick  4 x  4 Round - 1/8
0 Name: s\87081s01.dat
0 Author: Magnus Forsberg [MagFors]
0 !LDRAW_ORG Subpart UPDATE 2024-02
0 !LICENSE Licensed under CC BY 4.0 : see CAreadme.txt

0 BFC CERTIFY CCW

0 !HISTORY 2011-12-29 [PTadmin] Official Update 2011-02
0 !HISTORY 2024-03-23 [OrionP] Updated ring primitives
0 !HISTORY 2024-03-24 [OrionP] Official Update 2024-02

0 // outside
1 16 0 0 0 7 0 0 0 1 0 0 0 7 1-8edge.dat
1 16 0 0 0 40 0 0 0 1 0 0 0 40 48\1-8edge.dat
1 16 0 0 0 7 0 0 0 1 0 0 0 7 1-8ring1.dat
1 16 0 0 0 14 0 0 0 1 0 0 0 14 48\1-8ring1.dat
1 16 0 0 0 7 0 0 0 1 0 0 0 7 48\1-8ring4.dat
1 16 0 0 0 5 0 0 0 1 0 0 0 5 48\1-8ring7.dat
1 16 0 0 0 40 0 0 0 20 0 0 0 40 48\1-8cyli.dat
1 16 0 8 0 7 0 0 0 1 0 0 0 7 1-8edge.dat
0 BFC INVERTNEXT
1 16 0 0 0 7 0 0 0 8 0 0 0 7 1-8cyli.dat
1 16 0 8 0 6 0 0 0 1 0 0 0 6 1-8edge.dat
1 16 0 8 0 1 0 0 0 1 0 0 0 1 1-8ring6.dat
0 BFC INVERTNEXT
1 16 0 8 0 6 0 0 0 12 0 0 0 6 1-8cyli.dat
0 // inside
1 16 0 4 0 10 0 0 0 1 0 0 0 10 1-8edge.dat
1 16 0 4 0 36 0 0 0 1 0 0 0 36 48\1-8edge.dat
1 16 0 4 0 7.0711 0 7.0711 0 -1 0 7.0711 0 -7.0711 1-8ring1.dat
1 16 0 4 0 7.0711 0 7.0711 0 -1 0 7.0711 0 -7.0711 48\1-8ring2.dat
1 16 0 4 0 4.2426 0 4.2426 0 -1 0 4.2426 0 -4.2426 48\1-8ring5.dat
0 BFC INVERTNEXT
1 16 0 4 0 36 0 0 0 16 0 0 0 36 48\1-8cyli.dat
1 16 0 10 0 10 0 0 0 1 0 0 0 10 1-8edge.dat
1 16 0 4 0 10 0 0 0 6 0 0 0 10 1-8cyli.dat
1 16 0 10 0 8 0 0 0 1 0 0 0 8 1-8edge.dat
1 16 0 10 0 1.4142 0 1.4142 0 -1 0 1.4142 0 -1.4142 1-8ring4.dat
1 16 0 10 0 8 0 0 0 10 0 0 0 8 1-8cyli.dat
0 // halfstud
1 16 19.998 4 19.998 4.2426 0 -4.2426 0 -20 0 -4.2426 0 -4.2426 1-4edge.dat
1 16 19.998 24 19.998 4.2426 0 -4.2426 0 -20 0 -4.2426 0 -4.2426 1-4edge.dat
1 16 19.998 4 19.998 5.6569 0 -5.6569 0 -20 0 -5.6569 0 -5.6569 1-4edge.dat
1 16 19.998 24 19.998 5.6569 0 -5.6569 0 -20 0 -5.6569 0 -5.6569 1-4edge.dat
0 BFC INVERTNEXT
1 16 19.998 24 19.998 4.2426 0 -4.2426 0 -20 0 -4.2426 0 -4.2426 1-4cyli.dat
1 16 19.998 24 19.998 5.6569 0 -5.6569 0 -20 0 -5.6569 0 -5.6569 1-4cyli.dat
1 16 19.998 24 19.998 1.4142 0 -1.4142 0 -5 0 -1.4142 0 -1.4142 1-4ring3.dat
2 24 25.654 4 14.34 28.1284 4 16.8154
2 24 24.24 4 15.754 26.7144 4 18.2294
2 24 28.1284 4 16.8154 26.7144 4 18.2294
1 16 24.947 14 15.048 -0.7071 2.47487 0 0 0 10 0.7071 2.47487 0 box4-7a.dat
0 // studbase
1 16 20 4 0 6 0 0 0 1 0 0 0 6 2-4edge.dat
0 BFC INVERTNEXT
1 16 20 4 0 6 0 0 0 16 0 0 0 6 2-4cyli.dat
1 16 20 4 0 8 0 0 0 1 0 0 0 8 2-4edge.dat
1 16 20 4 0 8 0 0 0 16 0 0 0 8 2-4cyli.dat
0 // corner
1 16 0 20 0 28.2843 0 28.2843 0 -1 0 28.2843 0 -28.2843 48\1-48edge.dat
1 16 0 20 0 28.5607 0 -21.9154 0 1 0 21.9154 0 28.5607 48\1-48edge.dat
2 24 28.56 20 21.915 29.298 20 20.811
2 24 31.733 20 24.349 32.174 20 23.689
1 16 0 24 0 40 0 0 0 1 0 0 0 40 48\1-12edge.dat
1 16 0 20 0 2.8284 0 2.8284 0 -1 0 2.8284 0 -2.8284 48\1-48ring9.dat
4 16 28.56 20 21.915 31.733 20 24.349 32.174 20 23.689 29.298 20 20.811
1 16 33.407 22 21.843 0 -14.764 -1.233 2 0 0 0 -9.864 1.8455 rect2a.dat
1 16 30.736 22 22.25 0 0.7074 -1.438 2 0 0 0 -1 -1.439 rect3.dat
1 16 30.236 22 19.405 0 0.8315 0.9395 2 0 0 0 1 -1.406 rect1.dat
4 16 34.64 24 19.998 31.176 24 17.998 29.298 24 20.811 32.174 24 23.689
1 16 0 20 0 40 0 0 0 4 0 0 0 40 48\1-12cyli.dat
0 // dent
2 24 33.259 20 13.776 32.434 20 15.451
2 24 34.772 20 9.316 33.259 20 13.776
2 24 35.196 20 7.184 34.772 20 9.316
4 16 35.691 24 4.698 39.656 24 5.22 40 24 0 36 24 0
3 16 38.636 24 10.352 39.656 24 5.22 35.691 24 4.698
4 16 35.543 24 7.704 35.926 24 9.626 38.636 24 10.352 35.691 24 4.698
3 16 35.691 24 4.698 35.196 24 7.184 35.543 24 7.704
3 16 38.636 24 10.352 35.926 24 9.626 36 24 10
3 16 36 24 10 35.543 24 12.296 38.636 24 10.352
4 16 35.543 24 12.296 34.274 24 14.197 36.956 24 15.308 38.636 24 10.352
4 16 34.243 24 14.243 34.64 24 20 36.956 24 15.308 34.274 24 14.197
4 16 34.243 24 14.243 32.434 24 15.451 31.176 24 18 34.64 24 20
4 16 35.926 20 9.626 35.543 20 7.704 35.196 20 7.184 34.772 20 9.318
4 16 36 20 10 35.926 20 9.626 34.772 20 9.318 33.26 20 13.777
4 16 33.26 20 13.777 34.274 20 14.197 35.543 20 12.296 36 20 10
4 16 34.274 20 14.197 33.26 20 13.777 32.434 20 15.451 34.243 20 14.243
1 16 35.845 22 2.349 0 0.9978 0.155 2 0 0 0 1 -2.349 rect1.dat
1 16 35.443 22 5.941 -0.247 0.9808 0 0 0 2 1.243 1 0 rect2a.dat
1 16 35.37 22 7.444 0.1735 2.08 0 0 0 2 0.26 -1.388 0 rect2p.dat
1 16 35.772 22 8.852 0.2285 0.9808 0 0 0 2 1.148 -1 0 rect2p.dat
1 16 35.772 22 11.148 -0.2285 0.9808 0 0 0 2 1.148 1 0 rect2p.dat
1 16 34.893 22 13.27 -0.65 0.8317 0 0 0 2 0.9735 1 0 rect2p.dat
1 16 33.339 22 14.847 0 0.5553 -0.9045 -2 0 0 0 1 0.604 rect3.dat
1 16 31.805 22 16.725 0 0.8967 0.629 2 0 0 0 1 -1.2745 rect1.dat
0 // optional
5 24 36 24 0 36 20 0 36 24 -4.738 35.69 24 4.698
5 24 35.69 24 4.698 35.69 20 4.698 36 24 0 34.772 24 9.317
5 24 35.543 20 7.704 35.543 24 7.704 36 20 10 34.243 20 5.757
5 24 36 20 10 36 24 10 35.543 20 12.296 35.543 20 7.704
5 24 35.543 20 12.296 35.543 24 12.296 34.243 20 14.243 36 20 10
5 24 34.243 20 14.243 34.243 24 14.243 32.296 20 15.543 35.543 20 12.296
5 24 31.176 24 18 31.176 20 18 33.26 24 13.777 28.807 24 22.108
0 //
0 //
0 FILE p/48/1-8ring5.dat
0 Hi-Res Ring  5 x 0.125
0 Name: 48\1-8ring5.dat
0 Author: Willy Tschager [Holly-Wood]
0 !LDRAW_ORG 48_Primitive UPDATE 2024-01
0 !LICENSE Licensed under CC BY 4.0 : see CAreadme.txt

0 BFC CERTIFY CCW

0 !HISTORY 2009-05-02 [PTadmin] Official Update 2009-01
0 !HISTORY 2024-01-26 [Holly-Wood] Complete regeneration, original by guyvivan
0 !HISTORY 2024-01-29 [OrionP] Official Update 2024-01

4 16 6 0 0 5.9484 0 0.783 4.957 0 0.6525 5 0 0
4 16 5.9484 0 0.783 5.7954 0 1.5528 4.8295 0 1.294 4.957 0 0.6525
4 16 5.7954 0 1.5528 5.5434 0 2.2962 4.6195 0 1.9135 4.8295 0 1.294
4 16 5.5434 0 2.2962 5.196 0 3 4.33 0 2.5 4.6195 0 1.9135
4 16 5.196 0 3 4.7604 0 3.6528 3.967 0 3.044 4.33 0 2.5
4 16 4.7604 0 3.6528 4.2426 0 4.2426 3.5355 0 3.5355 3.967 0 3.044
0 // Build by LDPartEditor (PrimGen 2.X)
0 FILE p/48/1-8ring2.dat
0 Hi-Res Ring  2 x 0.125
0 Name: 48\1-8ring2.dat
0 Author: Magnus Forsberg [MagFors]
0 !LDRAW_ORG 48_Primitive UPDATE 2010-03
0 !LICENSE Licensed under CC BY 4.0 : see CAreadme.txt

0 BFC CERTIFY CCW

0 !HISTORY 2010-12-31 [PTadmin] Official Update 2010-03


4 16 2 0 0 3 0 0 2.9742 0 0.3915 1.9828 0 0.261
4 16 1.9828 0 0.261 2.9742 0 0.3915 2.8977 0 0.7764 1.9318 0 0.5176
4 16 1.9318 0 0.5176 2.8977 0 0.7764 2.7717 0 1.1481 1.8478 0 0.7654
4 16 1.8478 0 0.7654 2.7717 0 1.1481 2.598 0 1.5 1.732 0 1
4 16 1.732 0 1 2.598 0 1.5 2.3802 0 1.8264 1.5868 0 1.2176
4 16 1.5868 0 1.2176 2.3802 0 1.8264 2.1213 0 2.1213 1.4142 0 1.4142

0 // end of file
0 FILE p/48/1-8ring7.dat
0 Hi-Res Ring  7 x 0.125
0 Name: 48\1-8ring7.dat
0 Author: Alex Taylor [anathema]
0 !LDRAW_ORG 48_Primitive UPDATE 2010-02
0 !LICENSE Licensed under CC BY 4.0 : see CAreadme.txt

0 BFC CERTIFY CCW

0 !HISTORY 2010-07-05 [PTadmin] Official Update 2010-02


4 16 7 0 0 8 0 0 7.9312 0 1.044 6.9398 0 0.9135
4 16 6.9398 0 0.9135 7.9312 0 1.044 7.7272 0 2.0704 6.7613 0 1.8116
4 16 6.7613 0 1.8116 7.7272 0 2.0704 7.3912 0 3.0616 6.4673 0 2.6789
4 16 6.4673 0 2.6789 7.3912 0 3.0616 6.928 0 4 6.062 0 3.5
4 16 6.062 0 3.5 6.928 0 4 6.3472 0 4.8704 5.5538 0 4.2616
4 16 5.5538 0 4.2616 6.3472 0 4.8704 5.6568 0 5.6568 4.9497 0 4.9497
0
