0 FILE homestead.mpd
0 The Homestead
0 Name: homestead.mpd
0 Author: word to world, tools/model.js
0 !LDRAW_ORG Unofficial_Model
0 !LICENSE Redistributable under CCAL version 2.0 : see CAreadme.txt

0 // A frontier homestead for The Searchers: a log cabin with an open door frame between two windows, a plank floor, a stone hearth and chimney, a table, benches, a bed and a dresser inside, a plate ceiling so the room is dark, a gabled red roof, a plank porch on four posts with two rocking chairs, and in the yard a corral with two horses, a hitching rail with a horse, a trough, a woodpile, a fence line and a water barrel.
0 // 1789 pieces, 226 steps, 229 pages, 4469 stud joints, 0 weak, 0 unsupported
0 !MODEL SHEET {"pieces":1789,"steps":226,"pages":229,"joints":4469,"weak":0,"unsupported":0,"floating":0,"blocked":24,"errors":0,"unknown":0}
0 // inventory: 360 slope 45 2×1 dark red; 190 plate 2×4 dark brown; 157 tile 2×4 medium nougat; 109 log brick 1×2 reddish brown; 99 brick 2×2 dark red; 86 tile 1×2 medium nougat; 80 round brick 1×1 dark brown; 72 brick 2×4 dark red; 62 log brick 1×4 reddish brown; 51 brick 1×2 dark red; 48 plate 2×4 dark red; 46 plate 1×4 dark brown

0 // step 1: yard: 10 pieces at plate 0
1 84 20 -8 -40 0 0 -1 0 1 0 1 0 0 parts/87079.dat
1 84 60 -8 -10 1 0 0 0 1 0 0 0 1 parts/3069b.dat
1 84 120 -8 -20 1 0 0 0 1 0 0 0 1 parts/87079.dat
1 84 200 -8 -20 1 0 0 0 1 0 0 0 1 parts/87079.dat
1 84 280 -8 -20 1 0 0 0 1 0 0 0 1 parts/87079.dat
1 84 360 -8 -20 1 0 0 0 1 0 0 0 1 parts/87079.dat
1 84 440 -8 -20 1 0 0 0 1 0 0 0 1 parts/87079.dat
1 84 520 -8 -20 1 0 0 0 1 0 0 0 1 parts/87079.dat
1 84 600 -8 -20 1 0 0 0 1 0 0 0 1 parts/87079.dat
1 84 680 -8 -20 1 0 0 0 1 0 0 0 1 parts/87079.dat
0 STEP
0 // step 2: yard: 10 pieces at plate 0
1 84 760 -8 -20 1 0 0 0 1 0 0 0 1 parts/87079.dat
1 84 840 -8 -20 1 0 0 0 1 0 0 0 1 parts/87079.dat
1 84 920 -8 -20 1 0 0 0 1 0 0 0 1 parts/87079.dat
1 84 70 -8 -40 0 0 -1 0 1 0 1 0 0 parts/3069b.dat
1 84 50 -8 -60 0 0 -1 0 1 0 1 0 0 parts/3069b.dat
1 84 120 -8 -60 1 0 0 0 1 0 0 0 1 parts/87079.dat
1 84 200 -8 -60 1 0 0 0 1 0 0 0 1 parts/87079.dat
1 84 280 -8 -60 1 0 0 0 1 0 0 0 1 parts/87079.dat
1 84 360 -8 -60 1 0 0 0 1 0 0 0 1 parts/87079.dat
1 84 440 -8 -60 1 0 0 0 1 0 0 0 1 parts/87079.dat
0 STEP
0 // step 3: yard: 10 pieces at plate 0
1 84 520 -8 -60 1 0 0 0 1 0 0 0 1 parts/87079.dat
1 84 600 -8 -60 1 0 0 0 1 0 0 0 1 parts/87079.dat
1 84 680 -8 -60 1 0 0 0 1 0 0 0 1 parts/87079.dat
1 84 760 -8 -60 1 0 0 0 1 0 0 0 1 parts/87079.dat
1 84 840 -8 -60 1 0 0 0 1 0 0 0 1 parts/87079.dat
1 84 920 -8 -60 1 0 0 0 1 0 0 0 1 parts/87079.dat
1 84 70 -8 -80 0 0 -1 0 1 0 1 0 0 parts/3069b.dat
1 84 20 -8 -120 0 0 -1 0 1 0 1 0 0 parts/87079.dat
1 84 120 -8 -100 1 0 0 0 1 0 0 0 1 parts/87079.dat
1 84 200 -8 -100 1 0 0 0 1 0 0 0 1 parts/87079.dat
0 STEP
0 // step 4: yard: 10 pieces at plate 0
1 84 760 -8 -100 1 0 0 0 1 0 0 0 1 parts/87079.dat
1 84 840 -8 -100 1 0 0 0 1 0 0 0 1 parts/87079.dat
1 84 920 -8 -100 1 0 0 0 1 0 0 0 1 parts/87079.dat
1 84 60 -8 -120 1 0 0 0 1 0 0 0 1 parts/3068b.dat
1 84 120 -8 -140 1 0 0 0 1 0 0 0 1 parts/87079.dat
1 84 200 -8 -140 1 0 0 0 1 0 0 0 1 parts/87079.dat
1 84 760 -8 -140 1 0 0 0 1 0 0 0 1 parts/87079.dat
1 84 840 -8 -140 1 0 0 0 1 0 0 0 1 parts/87079.dat
1 84 920 -8 -140 1 0 0 0 1 0 0 0 1 parts/87079.dat
1 84 70 -8 -160 0 0 -1 0 1 0 1 0 0 parts/3069b.dat
0 STEP
0 // step 5: yard: 10 pieces at plate 0
1 84 20 -8 -200 0 0 -1 0 1 0 1 0 0 parts/87079.dat
1 84 50 -8 -180 0 0 -1 0 1 0 1 0 0 parts/3069b.dat
1 84 120 -8 -180 1 0 0 0 1 0 0 0 1 parts/87079.dat
1 84 730 -8 -180 0 0 -1 0 1 0 1 0 0 parts/3069b.dat
1 84 800 -8 -180 1 0 0 0 1 0 0 0 1 parts/87079.dat
1 84 880 -8 -180 1 0 0 0 1 0 0 0 1 parts/87079.dat
1 84 940 -8 -200 0 0 -1 0 1 0 1 0 0 parts/87079.dat
1 84 70 -8 -200 0 0 -1 0 1 0 1 0 0 parts/3069b.dat
1 84 120 -8 -220 1 0 0 0 1 0 0 0 1 parts/87079.dat
1 84 730 -8 -220 0 0 -1 0 1 0 1 0 0 parts/3069b.dat
0 STEP
0 // step 6: yard: 10 pieces at plate 0
1 84 800 -8 -220 1 0 0 0 1 0 0 0 1 parts/87079.dat
1 84 880 -8 -220 1 0 0 0 1 0 0 0 1 parts/87079.dat
1 84 60 -8 -240 1 0 0 0 1 0 0 0 1 parts/3068b.dat
1 84 20 -8 -280 0 0 -1 0 1 0 1 0 0 parts/87079.dat
1 84 120 -8 -260 1 0 0 0 1 0 0 0 1 parts/87079.dat
1 84 730 -8 -260 0 0 -1 0 1 0 1 0 0 parts/3069b.dat
1 84 800 -8 -260 1 0 0 0 1 0 0 0 1 parts/87079.dat
1 84 880 -8 -260 1 0 0 0 1 0 0 0 1 parts/87079.dat
1 84 940 -8 -280 0 0 -1 0 1 0 1 0 0 parts/87079.dat
1 84 70 -8 -280 0 0 -1 0 1 0 1 0 0 parts/3069b.dat
0 STEP
0 // step 7: yard: 10 pieces at plate 0
1 84 50 -8 -300 0 0 -1 0 1 0 1 0 0 parts/3069b.dat
1 84 120 -8 -300 1 0 0 0 1 0 0 0 1 parts/87079.dat
1 84 200 -8 -300 1 0 0 0 1 0 0 0 1 parts/87079.dat
1 84 760 -8 -300 1 0 0 0 1 0 0 0 1 parts/87079.dat
1 84 840 -8 -300 1 0 0 0 1 0 0 0 1 parts/87079.dat
1 84 900 -8 -320 0 0 -1 0 1 0 1 0 0 parts/87079.dat
1 84 70 -8 -320 0 0 -1 0 1 0 1 0 0 parts/3069b.dat
1 84 20 -8 -360 0 0 -1 0 1 0 1 0 0 parts/87079.dat
1 84 120 -8 -340 1 0 0 0 1 0 0 0 1 parts/87079.dat
1 84 200 -8 -340 1 0 0 0 1 0 0 0 1 parts/87079.dat
0 STEP
0 // step 8: yard: 10 pieces at plate 0
1 84 760 -8 -340 1 0 0 0 1 0 0 0 1 parts/87079.dat
1 84 840 -8 -340 1 0 0 0 1 0 0 0 1 parts/87079.dat
1 84 940 -8 -360 0 0 -1 0 1 0 1 0 0 parts/87079.dat
1 84 60 -8 -360 1 0 0 0 1 0 0 0 1 parts/3068b.dat
1 84 120 -8 -380 1 0 0 0 1 0 0 0 1 parts/87079.dat
1 84 200 -8 -380 1 0 0 0 1 0 0 0 1 parts/87079.dat
1 84 760 -8 -380 1 0 0 0 1 0 0 0 1 parts/87079.dat
1 84 840 -8 -380 1 0 0 0 1 0 0 0 1 parts/87079.dat
1 84 900 -8 -400 0 0 -1 0 1 0 1 0 0 parts/87079.dat
1 84 70 -8 -400 0 0 -1 0 1 0 1 0 0 parts/3069b.dat
0 STEP
0 // step 9: yard: 10 pieces at plate 0
1 84 20 -8 -440 0 0 -1 0 1 0 1 0 0 parts/87079.dat
1 84 50 -8 -420 0 0 -1 0 1 0 1 0 0 parts/3069b.dat
1 84 120 -8 -420 1 0 0 0 1 0 0 0 1 parts/87079.dat
1 84 200 -8 -420 1 0 0 0 1 0 0 0 1 parts/87079.dat
1 84 760 -8 -420 1 0 0 0 1 0 0 0 1 parts/87079.dat
1 84 840 -8 -420 1 0 0 0 1 0 0 0 1 parts/87079.dat
1 84 940 -8 -440 0 0 -1 0 1 0 1 0 0 parts/87079.dat
1 84 70 -8 -440 0 0 -1 0 1 0 1 0 0 parts/3069b.dat
1 84 120 -8 -460 1 0 0 0 1 0 0 0 1 parts/87079.dat
1 84 200 -8 -460 1 0 0 0 1 0 0 0 1 parts/87079.dat
0 STEP
0 // step 10: yard: 10 pieces at plate 0
1 84 760 -8 -460 1 0 0 0 1 0 0 0 1 parts/87079.dat
1 84 840 -8 -460 1 0 0 0 1 0 0 0 1 parts/87079.dat
1 84 900 -8 -480 0 0 -1 0 1 0 1 0 0 parts/87079.dat
1 84 60 -8 -480 1 0 0 0 1 0 0 0 1 parts/3068b.dat
1 84 20 -8 -520 0 0 -1 0 1 0 1 0 0 parts/87079.dat
1 84 120 -8 -500 1 0 0 0 1 0 0 0 1 parts/87079.dat
1 84 200 -8 -500 1 0 0 0 1 0 0 0 1 parts/87079.dat
1 84 760 -8 -500 1 0 0 0 1 0 0 0 1 parts/87079.dat
1 84 840 -8 -500 1 0 0 0 1 0 0 0 1 parts/87079.dat
1 84 940 -8 -520 0 0 -1 0 1 0 1 0 0 parts/87079.dat
0 STEP
0 // step 11: yard: 10 pieces at plate 0
1 84 70 -8 -520 0 0 -1 0 1 0 1 0 0 parts/3069b.dat
1 84 280 -8 -520 1 0 0 0 1 0 0 0 1 parts/87079.dat
1 84 360 -8 -520 1 0 0 0 1 0 0 0 1 parts/87079.dat
1 84 410 -8 -520 0 0 -1 0 1 0 1 0 0 parts/3069b.dat
1 84 580 -8 -520 1 0 0 0 1 0 0 0 1 parts/87079.dat
1 84 660 -8 -520 1 0 0 0 1 0 0 0 1 parts/87079.dat
1 84 710 -8 -520 0 0 -1 0 1 0 1 0 0 parts/3069b.dat
1 84 50 -8 -540 0 0 -1 0 1 0 1 0 0 parts/3069b.dat
1 84 120 -8 -540 1 0 0 0 1 0 0 0 1 parts/87079.dat
1 84 200 -8 -540 1 0 0 0 1 0 0 0 1 parts/87079.dat
0 STEP
0 // step 12: yard: 10 pieces at plate 0
1 84 740 -8 -560 0 0 -1 0 1 0 1 0 0 parts/87079.dat
1 84 900 -8 -560 0 0 -1 0 1 0 1 0 0 parts/87079.dat
1 84 70 -8 -560 0 0 -1 0 1 0 1 0 0 parts/3069b.dat
1 84 280 -8 -560 1 0 0 0 1 0 0 0 1 parts/87079.dat
1 84 360 -8 -560 1 0 0 0 1 0 0 0 1 parts/87079.dat
1 84 410 -8 -560 0 0 -1 0 1 0 1 0 0 parts/3069b.dat
1 84 580 -8 -560 1 0 0 0 1 0 0 0 1 parts/87079.dat
1 84 660 -8 -560 1 0 0 0 1 0 0 0 1 parts/87079.dat
1 84 710 -8 -560 0 0 -1 0 1 0 1 0 0 parts/3069b.dat
1 84 20 -8 -600 0 0 -1 0 1 0 1 0 0 parts/87079.dat
0 STEP
0 // step 13: yard: 10 pieces at plate 0
1 84 100 -8 -600 0 0 -1 0 1 0 1 0 0 parts/87079.dat
1 84 200 -8 -580 1 0 0 0 1 0 0 0 1 parts/87079.dat
1 84 800 -8 -580 1 0 0 0 1 0 0 0 1 parts/87079.dat
1 84 860 -8 -580 1 0 0 0 1 0 0 0 1 parts/3068b.dat
1 84 940 -8 -580 1 0 0 0 1 0 0 0 1 parts/3068b.dat
1 84 60 -8 -600 1 0 0 0 1 0 0 0 1 parts/3068b.dat
1 84 280 -8 -600 1 0 0 0 1 0 0 0 1 parts/87079.dat
1 84 360 -8 -600 1 0 0 0 1 0 0 0 1 parts/87079.dat
1 84 410 -8 -600 0 0 -1 0 1 0 1 0 0 parts/3069b.dat
1 84 580 -8 -600 1 0 0 0 1 0 0 0 1 parts/87079.dat
0 STEP
0 // step 14: yard: 10 pieces at plate 0
1 84 640 -8 -590 1 0 0 0 1 0 0 0 1 parts/3069b.dat
1 84 680 -8 -620 0 0 -1 0 1 0 1 0 0 parts/3020.dat
1 84 710 -8 -600 0 0 -1 0 1 0 1 0 0 parts/3069b.dat
1 84 160 -8 -620 1 0 0 0 1 0 0 0 1 parts/87079.dat
1 84 220 -8 -640 0 0 -1 0 1 0 1 0 0 parts/87079.dat
1 84 630 -8 -620 0 0 -1 0 1 0 1 0 0 parts/3023.dat
1 84 740 -8 -640 0 0 -1 0 1 0 1 0 0 parts/3020.dat
1 84 770 -8 -620 0 0 -1 0 1 0 1 0 0 parts/3023.dat
1 84 810 -8 -620 0 0 -1 0 1 0 1 0 0 parts/3069b.dat
1 84 880 -8 -640 0 0 -1 0 1 0 1 0 0 parts/3020.dat
0 STEP
0 // step 15: yard: 10 pieces at plate 0
1 84 930 -8 -620 0 0 -1 0 1 0 1 0 0 parts/3069b.dat
1 84 70 -8 -640 0 0 -1 0 1 0 1 0 0 parts/3069b.dat
1 84 280 -8 -640 1 0 0 0 1 0 0 0 1 parts/87079.dat
1 84 360 -8 -640 1 0 0 0 1 0 0 0 1 parts/87079.dat
1 84 410 -8 -640 0 0 -1 0 1 0 1 0 0 parts/3069b.dat
1 84 580 -8 -640 1 0 0 0 1 0 0 0 1 parts/87079.dat
1 84 650 -8 -640 0 0 -1 0 1 0 1 0 0 parts/3023.dat
1 84 710 -8 -640 0 0 -1 0 1 0 1 0 0 parts/3023.dat
1 84 790 -8 -640 0 0 -1 0 1 0 1 0 0 parts/3023.dat
1 84 840 -8 -640 1 0 0 0 1 0 0 0 1 parts/3068b.dat
0 STEP
0 // step 16: yard: 10 pieces at plate 0
1 84 910 -8 -640 0 0 -1 0 1 0 1 0 0 parts/3069b.dat
1 84 950 -8 -640 0 0 -1 0 1 0 1 0 0 parts/3069b.dat
1 84 20 -8 -680 0 0 -1 0 1 0 1 0 0 parts/87079.dat
1 84 50 -8 -660 0 0 -1 0 1 0 1 0 0 parts/3069b.dat
1 84 120 -8 -660 1 0 0 0 1 0 0 0 1 parts/87079.dat
1 84 180 -8 -680 0 0 -1 0 1 0 1 0 0 parts/87079.dat
1 84 630 -8 -660 0 0 -1 0 1 0 1 0 0 parts/3023.dat
1 84 770 -8 -660 0 0 -1 0 1 0 1 0 0 parts/3023.dat
1 84 810 -8 -660 0 0 -1 0 1 0 1 0 0 parts/3069b.dat
1 84 930 -8 -660 0 0 -1 0 1 0 1 0 0 parts/3069b.dat
0 STEP
0 // step 17: yard: 10 pieces at plate 0
1 84 70 -8 -680 0 0 -1 0 1 0 1 0 0 parts/3069b.dat
1 84 280 -8 -680 1 0 0 0 1 0 0 0 1 parts/87079.dat
1 84 360 -8 -680 1 0 0 0 1 0 0 0 1 parts/87079.dat
1 84 410 -8 -680 0 0 -1 0 1 0 1 0 0 parts/3069b.dat
1 84 580 -8 -680 1 0 0 0 1 0 0 0 1 parts/87079.dat
1 84 680 -8 -680 1 0 0 0 1 0 0 0 1 parts/87079.dat
1 84 790 -8 -680 0 0 -1 0 1 0 1 0 0 parts/3069b.dat
1 84 850 -8 -680 0 0 -1 0 1 0 1 0 0 parts/3023.dat
1 84 910 -8 -680 0 0 -1 0 1 0 1 0 0 parts/3069b.dat
1 84 120 -8 -700 1 0 0 0 1 0 0 0 1 parts/87079.dat
0 STEP
0 // step 18: yard: 10 pieces at plate 0
1 84 220 -8 -720 0 0 -1 0 1 0 1 0 0 parts/87079.dat
1 84 630 -8 -700 0 0 -1 0 1 0 1 0 0 parts/3069b.dat
1 84 740 -8 -720 0 0 -1 0 1 0 1 0 0 parts/87079.dat
1 84 770 -8 -700 0 0 -1 0 1 0 1 0 0 parts/3069b.dat
1 84 820 -8 -700 1 0 0 0 1 0 0 0 1 parts/3068b.dat
1 84 880 -8 -720 0 0 -1 0 1 0 1 0 0 parts/3020.dat
1 84 940 -8 -700 1 0 0 0 1 0 0 0 1 parts/3068b.dat
1 84 60 -8 -720 1 0 0 0 1 0 0 0 1 parts/3068b.dat
1 84 280 -8 -720 1 0 0 0 1 0 0 0 1 parts/87079.dat
1 84 360 -8 -720 1 0 0 0 1 0 0 0 1 parts/87079.dat
0 STEP
0 // step 19: yard: 10 pieces at plate 0
1 84 410 -8 -720 0 0 -1 0 1 0 1 0 0 parts/3069b.dat
1 84 580 -8 -720 1 0 0 0 1 0 0 0 1 parts/87079.dat
1 84 680 -8 -720 1 0 0 0 1 0 0 0 1 parts/87079.dat
1 84 790 -8 -720 0 0 -1 0 1 0 1 0 0 parts/3069b.dat
1 84 850 -8 -720 0 0 -1 0 1 0 1 0 0 parts/3023.dat
1 84 910 -8 -720 0 0 -1 0 1 0 1 0 0 parts/3023.dat
1 84 20 -8 -760 0 0 -1 0 1 0 1 0 0 parts/87079.dat
1 84 120 -8 -740 1 0 0 0 1 0 0 0 1 parts/87079.dat
1 84 180 -8 -760 0 0 -1 0 1 0 1 0 0 parts/87079.dat
1 84 630 -8 -740 0 0 -1 0 1 0 1 0 0 parts/3069b.dat
0 STEP
0 // step 20: yard: 10 pieces at plate 0
1 84 770 -8 -740 0 0 -1 0 1 0 1 0 0 parts/3069b.dat
1 84 810 -8 -740 0 0 -1 0 1 0 1 0 0 parts/3069b.dat
1 84 930 -8 -740 0 0 -1 0 1 0 1 0 0 parts/3023.dat
1 84 70 -8 -760 0 0 -1 0 1 0 1 0 0 parts/3069b.dat
1 84 280 -8 -760 1 0 0 0 1 0 0 0 1 parts/87079.dat
1 84 360 -8 -760 1 0 0 0 1 0 0 0 1 parts/87079.dat
1 84 410 -8 -760 0 0 -1 0 1 0 1 0 0 parts/3069b.dat
1 84 580 -8 -760 1 0 0 0 1 0 0 0 1 parts/87079.dat
1 84 680 -8 -760 1 0 0 0 1 0 0 0 1 parts/87079.dat
1 84 790 -8 -760 0 0 -1 0 1 0 1 0 0 parts/3069b.dat
0 STEP
0 // step 21: yard: 10 pieces at plate 0
1 84 840 -8 -760 1 0 0 0 1 0 0 0 1 parts/3022.dat
1 84 910 -8 -760 0 0 -1 0 1 0 1 0 0 parts/3023.dat
1 84 950 -8 -760 0 0 -1 0 1 0 1 0 0 parts/3069b.dat
1 84 50 -8 -780 0 0 -1 0 1 0 1 0 0 parts/3069b.dat
1 84 120 -8 -780 1 0 0 0 1 0 0 0 1 parts/87079.dat
1 84 220 -8 -800 0 0 -1 0 1 0 1 0 0 parts/87079.dat
1 84 630 -8 -780 0 0 -1 0 1 0 1 0 0 parts/3069b.dat
1 84 740 -8 -800 0 0 -1 0 1 0 1 0 0 parts/87079.dat
1 84 770 -8 -780 0 0 -1 0 1 0 1 0 0 parts/3069b.dat
1 84 810 -8 -780 0 0 -1 0 1 0 1 0 0 parts/3069b.dat
0 STEP
0 // step 22: yard: 10 pieces at plate 0
1 84 880 -8 -800 0 0 -1 0 1 0 1 0 0 parts/3020.dat
1 84 930 -8 -780 0 0 -1 0 1 0 1 0 0 parts/3023.dat
1 84 70 -8 -800 0 0 -1 0 1 0 1 0 0 parts/3069b.dat
1 84 280 -8 -800 1 0 0 0 1 0 0 0 1 parts/87079.dat
1 84 360 -8 -800 1 0 0 0 1 0 0 0 1 parts/87079.dat
1 84 410 -8 -800 0 0 -1 0 1 0 1 0 0 parts/3069b.dat
1 84 580 -8 -800 1 0 0 0 1 0 0 0 1 parts/87079.dat
1 84 680 -8 -800 1 0 0 0 1 0 0 0 1 parts/87079.dat
1 84 790 -8 -800 0 0 -1 0 1 0 1 0 0 parts/3069b.dat
1 84 850 -8 -800 0 0 -1 0 1 0 1 0 0 parts/3023.dat
0 STEP
0 // step 23: yard: 10 pieces at plate 0
1 84 910 -8 -800 0 0 -1 0 1 0 1 0 0 parts/3023.dat
1 84 20 -8 -840 0 0 -1 0 1 0 1 0 0 parts/87079.dat
1 84 120 -8 -820 1 0 0 0 1 0 0 0 1 parts/87079.dat
1 84 180 -8 -840 0 0 -1 0 1 0 1 0 0 parts/87079.dat
1 84 630 -8 -820 0 0 -1 0 1 0 1 0 0 parts/3069b.dat
1 84 770 -8 -820 0 0 -1 0 1 0 1 0 0 parts/3069b.dat
1 84 820 -8 -820 1 0 0 0 1 0 0 0 1 parts/3068b.dat
1 84 940 -8 -820 1 0 0 0 1 0 0 0 1 parts/3022.dat
1 84 60 -8 -840 1 0 0 0 1 0 0 0 1 parts/3068b.dat
1 84 280 -8 -840 1 0 0 0 1 0 0 0 1 parts/87079.dat
0 STEP
0 // step 24: yard: 10 pieces at plate 0
1 84 360 -8 -840 1 0 0 0 1 0 0 0 1 parts/87079.dat
1 84 410 -8 -840 0 0 -1 0 1 0 1 0 0 parts/3069b.dat
1 84 580 -8 -840 1 0 0 0 1 0 0 0 1 parts/87079.dat
1 84 680 -8 -840 1 0 0 0 1 0 0 0 1 parts/87079.dat
1 84 790 -8 -840 0 0 -1 0 1 0 1 0 0 parts/3069b.dat
1 84 850 -8 -840 0 0 -1 0 1 0 1 0 0 parts/3023.dat
1 84 910 -8 -840 0 0 -1 0 1 0 1 0 0 parts/3023.dat
1 84 120 -8 -860 1 0 0 0 1 0 0 0 1 parts/87079.dat
1 84 220 -8 -880 0 0 -1 0 1 0 1 0 0 parts/87079.dat
1 84 630 -8 -860 0 0 -1 0 1 0 1 0 0 parts/3069b.dat
0 STEP
0 // step 25: yard: 10 pieces at plate 0
1 84 740 -8 -880 0 0 -1 0 1 0 1 0 0 parts/87079.dat
1 84 770 -8 -860 0 0 -1 0 1 0 1 0 0 parts/3069b.dat
1 84 810 -8 -860 0 0 -1 0 1 0 1 0 0 parts/3069b.dat
1 84 880 -8 -880 0 0 -1 0 1 0 1 0 0 parts/87079.dat
1 84 930 -8 -860 0 0 -1 0 1 0 1 0 0 parts/3023.dat
1 84 70 -8 -880 0 0 -1 0 1 0 1 0 0 parts/3069b.dat
1 84 280 -8 -880 1 0 0 0 1 0 0 0 1 parts/87079.dat
1 84 360 -8 -880 1 0 0 0 1 0 0 0 1 parts/87079.dat
1 84 410 -8 -880 0 0 -1 0 1 0 1 0 0 parts/3069b.dat
1 84 580 -8 -880 1 0 0 0 1 0 0 0 1 parts/87079.dat
0 STEP
0 // step 26: yard: 10 pieces at plate 0
1 84 680 -8 -880 1 0 0 0 1 0 0 0 1 parts/87079.dat
1 84 790 -8 -880 0 0 -1 0 1 0 1 0 0 parts/3069b.dat
1 84 840 -8 -880 1 0 0 0 1 0 0 0 1 parts/3068b.dat
1 84 910 -8 -880 0 0 -1 0 1 0 1 0 0 parts/3023.dat
1 84 950 -8 -880 0 0 -1 0 1 0 1 0 0 parts/3069b.dat
1 84 20 -8 -920 0 0 -1 0 1 0 1 0 0 parts/87079.dat
1 84 50 -8 -900 0 0 -1 0 1 0 1 0 0 parts/3069b.dat
1 84 120 -8 -900 1 0 0 0 1 0 0 0 1 parts/87079.dat
1 84 180 -8 -920 0 0 -1 0 1 0 1 0 0 parts/87079.dat
1 84 630 -8 -900 0 0 -1 0 1 0 1 0 0 parts/3069b.dat
0 STEP
0 // step 27: yard: 10 pieces at plate 0
1 84 770 -8 -900 0 0 -1 0 1 0 1 0 0 parts/3069b.dat
1 84 810 -8 -900 0 0 -1 0 1 0 1 0 0 parts/3069b.dat
1 84 930 -8 -900 0 0 -1 0 1 0 1 0 0 parts/3023.dat
1 84 70 -8 -920 0 0 -1 0 1 0 1 0 0 parts/3069b.dat
1 84 280 -8 -920 1 0 0 0 1 0 0 0 1 parts/87079.dat
1 84 360 -8 -920 1 0 0 0 1 0 0 0 1 parts/87079.dat
1 84 410 -8 -920 0 0 -1 0 1 0 1 0 0 parts/3069b.dat
1 84 580 -8 -920 1 0 0 0 1 0 0 0 1 parts/87079.dat
1 84 680 -8 -920 1 0 0 0 1 0 0 0 1 parts/87079.dat
1 84 790 -8 -920 0 0 -1 0 1 0 1 0 0 parts/3069b.dat
0 STEP
0 // step 28: yard: 10 pieces at plate 0
1 84 120 -8 -940 1 0 0 0 1 0 0 0 1 parts/87079.dat
1 84 220 -8 -940 1 0 0 0 1 0 0 0 1 parts/3068b.dat
1 84 630 -8 -940 0 0 -1 0 1 0 1 0 0 parts/3069b.dat
1 84 740 -8 -940 1 0 0 0 1 0 0 0 1 parts/3068b.dat
1 84 770 -8 -940 0 0 -1 0 1 0 1 0 0 parts/3069b.dat
1 84 840 -8 -940 1 0 0 0 1 0 0 0 1 parts/87079.dat
1 84 920 -8 -940 1 0 0 0 1 0 0 0 1 parts/87079.dat
1 84 60 -8 -950 1 0 0 0 1 0 0 0 1 parts/3069b.dat
1 84 260 -8 -950 1 0 0 0 1 0 0 0 1 parts/3069b.dat
1 84 300 -8 -950 1 0 0 0 1 0 0 0 1 parts/3069b.dat
0 STEP
0 // step 29: yard: 8 pieces at plate 0
1 84 340 -8 -950 1 0 0 0 1 0 0 0 1 parts/3069b.dat
1 84 380 -8 -950 1 0 0 0 1 0 0 0 1 parts/3069b.dat
1 84 410 -8 -950 1 0 0 0 1 0 0 0 1 parts/3070b.dat
1 84 560 -8 -950 1 0 0 0 1 0 0 0 1 parts/3069b.dat
1 84 600 -8 -950 1 0 0 0 1 0 0 0 1 parts/3069b.dat
1 84 660 -8 -950 1 0 0 0 1 0 0 0 1 parts/3069b.dat
1 84 700 -8 -950 1 0 0 0 1 0 0 0 1 parts/3069b.dat
1 84 790 -8 -950 1 0 0 0 1 0 0 0 1 parts/3070b.dat
0 STEP
0 // step 30: path: 10 pieces at plate 0
1 28 460 -8 -520 1 0 0 0 1 0 0 0 1 parts/87079.dat
1 28 520 -8 -540 0 0 -1 0 1 0 1 0 0 parts/87079.dat
1 28 460 -8 -560 1 0 0 0 1 0 0 0 1 parts/87079.dat
1 28 460 -8 -600 1 0 0 0 1 0 0 0 1 parts/87079.dat
1 28 520 -8 -620 0 0 -1 0 1 0 1 0 0 parts/87079.dat
1 28 460 -8 -640 1 0 0 0 1 0 0 0 1 parts/87079.dat
1 28 460 -8 -680 1 0 0 0 1 0 0 0 1 parts/87079.dat
1 28 520 -8 -700 0 0 -1 0 1 0 1 0 0 parts/87079.dat
1 28 460 -8 -720 1 0 0 0 1 0 0 0 1 parts/87079.dat
1 28 460 -8 -760 1 0 0 0 1 0 0 0 1 parts/87079.dat
0 STEP
0 // step 31: path: 10 pieces at plate 0
1 28 520 -8 -780 0 0 -1 0 1 0 1 0 0 parts/87079.dat
1 28 460 -8 -800 1 0 0 0 1 0 0 0 1 parts/87079.dat
1 28 460 -8 -840 1 0 0 0 1 0 0 0 1 parts/87079.dat
1 28 520 -8 -860 0 0 -1 0 1 0 1 0 0 parts/87079.dat
1 28 460 -8 -880 1 0 0 0 1 0 0 0 1 parts/87079.dat
1 28 460 -8 -920 1 0 0 0 1 0 0 0 1 parts/87079.dat
1 28 520 -8 -920 1 0 0 0 1 0 0 0 1 parts/3068b.dat
1 28 440 -8 -950 1 0 0 0 1 0 0 0 1 parts/3069b.dat
1 28 480 -8 -950 1 0 0 0 1 0 0 0 1 parts/3069b.dat
1 28 520 -8 -950 1 0 0 0 1 0 0 0 1 parts/3069b.dat
0 STEP
0 // step 32: floor: 10 pieces at plate 0
1 308 360 -8 -120 1 0 0 0 1 0 0 0 1 parts/3020.dat
1 308 440 -8 -120 1 0 0 0 1 0 0 0 1 parts/3020.dat
1 308 520 -8 -120 1 0 0 0 1 0 0 0 1 parts/3020.dat
1 308 570 -8 -120 0 0 -1 0 1 0 1 0 0 parts/3023.dat
1 308 690 -8 -120 0 0 -1 0 1 0 1 0 0 parts/3023.dat
1 308 300 -8 -160 1 0 0 0 1 0 0 0 1 parts/3020.dat
1 308 380 -8 -160 1 0 0 0 1 0 0 0 1 parts/3020.dat
1 308 460 -8 -160 1 0 0 0 1 0 0 0 1 parts/3020.dat
1 308 540 -8 -160 1 0 0 0 1 0 0 0 1 parts/3020.dat
1 308 690 -8 -160 0 0 -1 0 1 0 1 0 0 parts/3023.dat
0 STEP
0 // step 33: floor: 10 pieces at plate 0
1 308 620 -8 -180 1 0 0 0 1 0 0 0 1 parts/3020.dat
1 308 670 -8 -180 0 0 -1 0 1 0 1 0 0 parts/3023.dat
1 308 320 -8 -190 1 0 0 0 1 0 0 0 1 parts/3023.dat
1 308 360 -8 -190 1 0 0 0 1 0 0 0 1 parts/3023.dat
1 308 400 -8 -190 1 0 0 0 1 0 0 0 1 parts/3023.dat
1 308 460 -8 -200 1 0 0 0 1 0 0 0 1 parts/3020.dat
1 308 540 -8 -200 1 0 0 0 1 0 0 0 1 parts/3020.dat
1 308 690 -8 -200 0 0 -1 0 1 0 1 0 0 parts/3023.dat
1 308 620 -8 -220 1 0 0 0 1 0 0 0 1 parts/3020.dat
1 308 670 -8 -220 0 0 -1 0 1 0 1 0 0 parts/3023.dat
0 STEP
0 // step 34: floor: 10 pieces at plate 0
1 308 360 -8 -240 1 0 0 0 1 0 0 0 1 parts/3020.dat
1 308 460 -8 -240 1 0 0 0 1 0 0 0 1 parts/3020.dat
1 308 540 -8 -240 1 0 0 0 1 0 0 0 1 parts/3020.dat
1 308 690 -8 -240 0 0 -1 0 1 0 1 0 0 parts/3023.dat
1 308 310 -8 -260 0 0 -1 0 1 0 1 0 0 parts/3023.dat
1 308 410 -8 -260 0 0 -1 0 1 0 1 0 0 parts/3023.dat
1 308 620 -8 -260 1 0 0 0 1 0 0 0 1 parts/3020.dat
1 308 670 -8 -260 0 0 -1 0 1 0 1 0 0 parts/3023.dat
1 308 280 -8 -300 0 0 -1 0 1 0 1 0 0 parts/3020.dat
1 308 360 -8 -280 1 0 0 0 1 0 0 0 1 parts/3020.dat
0 STEP
0 // step 35: floor: 10 pieces at plate 0
1 308 460 -8 -280 1 0 0 0 1 0 0 0 1 parts/3020.dat
1 308 540 -8 -280 1 0 0 0 1 0 0 0 1 parts/3020.dat
1 308 690 -8 -280 0 0 -1 0 1 0 1 0 0 parts/3023.dat
1 308 620 -8 -300 1 0 0 0 1 0 0 0 1 parts/3020.dat
1 308 670 -8 -300 0 0 -1 0 1 0 1 0 0 parts/3023.dat
1 308 460 -8 -320 1 0 0 0 1 0 0 0 1 parts/3020.dat
1 308 540 -8 -320 1 0 0 0 1 0 0 0 1 parts/3020.dat
1 308 690 -8 -320 0 0 -1 0 1 0 1 0 0 parts/3023.dat
1 308 340 -8 -340 1 0 0 0 1 0 0 0 1 parts/3020.dat
1 308 400 -8 -340 1 0 0 0 1 0 0 0 1 parts/3022.dat
0 STEP
0 // step 36: floor: 10 pieces at plate 0
1 308 620 -8 -340 1 0 0 0 1 0 0 0 1 parts/3020.dat
1 308 670 -8 -340 0 0 -1 0 1 0 1 0 0 parts/3023.dat
1 308 280 -8 -360 1 0 0 0 1 0 0 0 1 parts/3022.dat
1 308 460 -8 -360 1 0 0 0 1 0 0 0 1 parts/3020.dat
1 308 540 -8 -360 1 0 0 0 1 0 0 0 1 parts/3020.dat
1 308 690 -8 -360 0 0 -1 0 1 0 1 0 0 parts/3023.dat
1 308 320 -8 -370 1 0 0 0 1 0 0 0 1 parts/3023.dat
1 308 360 -8 -370 1 0 0 0 1 0 0 0 1 parts/3023.dat
1 308 400 -8 -370 1 0 0 0 1 0 0 0 1 parts/3023.dat
1 308 600 -8 -370 1 0 0 0 1 0 0 0 1 parts/3023.dat
0 STEP
0 // step 37: floor: 2 pieces at plate 0
1 308 640 -8 -370 1 0 0 0 1 0 0 0 1 parts/3023.dat
1 308 670 -8 -370 1 0 0 0 1 0 0 0 1 parts/3024.dat
0 STEP
0 // step 38: porch: 10 pieces at plate 0
1 308 280 -8 -420 1 0 0 0 1 0 0 0 1 parts/3020.dat
1 308 360 -8 -420 1 0 0 0 1 0 0 0 1 parts/3020.dat
1 308 440 -8 -420 1 0 0 0 1 0 0 0 1 parts/3020.dat
1 308 520 -8 -420 1 0 0 0 1 0 0 0 1 parts/3020.dat
1 308 600 -8 -420 1 0 0 0 1 0 0 0 1 parts/3020.dat
1 308 680 -8 -420 1 0 0 0 1 0 0 0 1 parts/3020.dat
1 308 260 -8 -450 1 0 0 0 1 0 0 0 1 parts/3023.dat
1 308 320 -8 -460 1 0 0 0 1 0 0 0 1 parts/3020.dat
1 308 380 -8 -450 1 0 0 0 1 0 0 0 1 parts/3023.dat
1 308 440 -8 -460 1 0 0 0 1 0 0 0 1 parts/3020.dat
0 STEP
0 // step 39: porch: 10 pieces at plate 0
1 308 520 -8 -460 1 0 0 0 1 0 0 0 1 parts/3020.dat
1 308 580 -8 -450 1 0 0 0 1 0 0 0 1 parts/3023.dat
1 308 640 -8 -460 1 0 0 0 1 0 0 0 1 parts/3020.dat
1 308 700 -8 -450 1 0 0 0 1 0 0 0 1 parts/3023.dat
1 308 300 -8 -490 1 0 0 0 1 0 0 0 1 parts/3023.dat
1 308 340 -8 -490 1 0 0 0 1 0 0 0 1 parts/3023.dat
1 308 420 -8 -490 1 0 0 0 1 0 0 0 1 parts/3023.dat
1 308 460 -8 -490 1 0 0 0 1 0 0 0 1 parts/3023.dat
1 308 500 -8 -490 1 0 0 0 1 0 0 0 1 parts/3023.dat
1 308 540 -8 -490 1 0 0 0 1 0 0 0 1 parts/3023.dat
0 STEP
0 // step 40: porch: 2 pieces at plate 0
1 308 620 -8 -490 1 0 0 0 1 0 0 0 1 parts/3023.dat
1 308 660 -8 -490 1 0 0 0 1 0 0 0 1 parts/3023.dat
0 STEP
0 // step 41: walls: 10 pieces at plate 0
1 70 280 -24 -90 1 0 0 0 1 0 0 0 1 parts/30137.dat
1 70 360 -24 -90 1 0 0 0 1 0 0 0 1 parts/30137.dat
1 70 440 -24 -90 1 0 0 0 1 0 0 0 1 parts/30137.dat
1 70 520 -24 -90 1 0 0 0 1 0 0 0 1 parts/30137.dat
1 70 600 -24 -90 1 0 0 0 1 0 0 0 1 parts/30137.dat
1 70 680 -24 -90 1 0 0 0 1 0 0 0 1 parts/30137.dat
1 70 250 -24 -110 1 0 0 0 1 0 0 0 1 parts/3005.dat
1 70 710 -24 -110 1 0 0 0 1 0 0 0 1 parts/3005.dat
1 70 250 -24 -140 0 0 -1 0 1 0 1 0 0 parts/30136.dat
1 70 710 -24 -140 0 0 -1 0 1 0 1 0 0 parts/30136.dat
0 STEP
0 // step 42: walls: 10 pieces at plate 0
1 70 250 -24 -200 0 0 -1 0 1 0 1 0 0 parts/30137.dat
1 70 710 -24 -200 0 0 -1 0 1 0 1 0 0 parts/30137.dat
1 70 250 -24 -280 0 0 -1 0 1 0 1 0 0 parts/30137.dat
1 70 710 -24 -280 0 0 -1 0 1 0 1 0 0 parts/30137.dat
1 70 250 -24 -360 0 0 -1 0 1 0 1 0 0 parts/30137.dat
1 70 710 -24 -360 0 0 -1 0 1 0 1 0 0 parts/30137.dat
1 70 270 -24 -390 1 0 0 0 1 0 0 0 1 parts/3005.dat
1 70 300 -24 -390 1 0 0 0 1 0 0 0 1 parts/30136.dat
1 70 360 -24 -390 1 0 0 0 1 0 0 0 1 parts/30137.dat
1 70 420 -24 -390 1 0 0 0 1 0 0 0 1 parts/30136.dat
0 STEP
0 // step 43: walls: 4 pieces at plate 0
1 70 540 -24 -390 1 0 0 0 1 0 0 0 1 parts/30136.dat
1 70 600 -24 -390 1 0 0 0 1 0 0 0 1 parts/30137.dat
1 70 660 -24 -390 1 0 0 0 1 0 0 0 1 parts/30136.dat
1 70 690 -24 -390 1 0 0 0 1 0 0 0 1 parts/3005.dat
0 STEP
0 // step 44: walls: 10 pieces at plate 3
1 70 250 -48 -90 1 0 0 0 1 0 0 0 1 parts/3005.dat
1 70 280 -48 -90 1 0 0 0 1 0 0 0 1 parts/30136.dat
1 70 320 -48 -90 1 0 0 0 1 0 0 0 1 parts/30136.dat
1 70 360 -48 -90 1 0 0 0 1 0 0 0 1 parts/30136.dat
1 70 400 -48 -90 1 0 0 0 1 0 0 0 1 parts/30136.dat
1 70 440 -48 -90 1 0 0 0 1 0 0 0 1 parts/30136.dat
1 70 480 -48 -90 1 0 0 0 1 0 0 0 1 parts/30136.dat
1 70 520 -48 -90 1 0 0 0 1 0 0 0 1 parts/30136.dat
1 70 560 -48 -90 1 0 0 0 1 0 0 0 1 parts/30136.dat
1 70 600 -48 -90 1 0 0 0 1 0 0 0 1 parts/30136.dat
0 STEP
0 // step 45: walls: 10 pieces at plate 3
1 70 640 -48 -90 1 0 0 0 1 0 0 0 1 parts/30136.dat
1 70 680 -48 -90 1 0 0 0 1 0 0 0 1 parts/30136.dat
1 70 710 -48 -90 1 0 0 0 1 0 0 0 1 parts/3005.dat
1 70 250 -48 -120 0 0 -1 0 1 0 1 0 0 parts/30136.dat
1 70 710 -48 -120 0 0 -1 0 1 0 1 0 0 parts/30136.dat
1 70 250 -48 -160 0 0 -1 0 1 0 1 0 0 parts/30136.dat
1 70 710 -48 -160 0 0 -1 0 1 0 1 0 0 parts/30136.dat
1 70 250 -48 -200 0 0 -1 0 1 0 1 0 0 parts/30136.dat
1 70 710 -48 -200 0 0 -1 0 1 0 1 0 0 parts/30136.dat
1 70 250 -48 -240 0 0 -1 0 1 0 1 0 0 parts/30136.dat
0 STEP
0 // step 46: walls: 10 pieces at plate 3
1 70 710 -48 -240 0 0 -1 0 1 0 1 0 0 parts/30136.dat
1 70 250 -48 -280 0 0 -1 0 1 0 1 0 0 parts/30136.dat
1 70 710 -48 -280 0 0 -1 0 1 0 1 0 0 parts/30136.dat
1 70 250 -48 -320 0 0 -1 0 1 0 1 0 0 parts/30136.dat
1 70 710 -48 -320 0 0 -1 0 1 0 1 0 0 parts/30136.dat
1 70 250 -48 -360 0 0 -1 0 1 0 1 0 0 parts/30136.dat
1 70 710 -48 -360 0 0 -1 0 1 0 1 0 0 parts/30136.dat
1 70 250 -48 -390 1 0 0 0 1 0 0 0 1 parts/3005.dat
1 70 280 -48 -390 1 0 0 0 1 0 0 0 1 parts/30136.dat
1 70 320 -48 -390 1 0 0 0 1 0 0 0 1 parts/30136.dat
0 STEP
0 // step 47: walls: 7 pieces at plate 3
1 70 360 -48 -390 1 0 0 0 1 0 0 0 1 parts/30136.dat
1 70 400 -48 -390 1 0 0 0 1 0 0 0 1 parts/30136.dat
1 70 430 -48 -390 1 0 0 0 1 0 0 0 1 parts/3005.dat
1 70 560 -48 -390 1 0 0 0 1 0 0 0 1 parts/30137.dat
1 70 640 -48 -390 1 0 0 0 1 0 0 0 1 parts/30137.dat
1 70 690 -48 -390 1 0 0 0 1 0 0 0 1 parts/3005.dat
1 70 710 -48 -390 1 0 0 0 1 0 0 0 1 parts/3005.dat
0 STEP
0 // step 48: walls: 10 pieces at plate 6
1 70 280 -72 -90 1 0 0 0 1 0 0 0 1 parts/30137.dat
1 70 360 -72 -90 1 0 0 0 1 0 0 0 1 parts/30137.dat
1 70 440 -72 -90 1 0 0 0 1 0 0 0 1 parts/30137.dat
1 70 520 -72 -90 1 0 0 0 1 0 0 0 1 parts/30137.dat
1 70 600 -72 -90 1 0 0 0 1 0 0 0 1 parts/30137.dat
1 70 680 -72 -90 1 0 0 0 1 0 0 0 1 parts/30137.dat
1 70 250 -72 -110 1 0 0 0 1 0 0 0 1 parts/3005.dat
1 70 710 -72 -110 1 0 0 0 1 0 0 0 1 parts/3005.dat
1 70 250 -72 -140 0 0 -1 0 1 0 1 0 0 parts/30136.dat
1 70 710 -72 -140 0 0 -1 0 1 0 1 0 0 parts/30136.dat
0 STEP
0 // step 49: walls: 10 pieces at plate 6
1 70 250 -72 -200 0 0 -1 0 1 0 1 0 0 parts/30137.dat
1 70 710 -72 -200 0 0 -1 0 1 0 1 0 0 parts/30137.dat
1 70 250 -72 -280 0 0 -1 0 1 0 1 0 0 parts/30137.dat
1 70 710 -72 -280 0 0 -1 0 1 0 1 0 0 parts/30137.dat
1 70 250 -72 -360 0 0 -1 0 1 0 1 0 0 parts/30137.dat
1 70 710 -72 -360 0 0 -1 0 1 0 1 0 0 parts/30137.dat
1 70 270 -72 -390 1 0 0 0 1 0 0 0 1 parts/3005.dat
1 70 300 -72 -390 1 0 0 0 1 0 0 0 1 parts/30136.dat
1 70 380 -72 -390 1 0 0 0 1 0 0 0 1 parts/30136.dat
1 70 420 -72 -390 1 0 0 0 1 0 0 0 1 parts/30136.dat
0 STEP
0 // step 50: walls: 4 pieces at plate 6
1 70 540 -72 -390 1 0 0 0 1 0 0 0 1 parts/30136.dat
1 70 580 -72 -390 1 0 0 0 1 0 0 0 1 parts/30136.dat
1 70 660 -72 -390 1 0 0 0 1 0 0 0 1 parts/30136.dat
1 70 690 -72 -390 1 0 0 0 1 0 0 0 1 parts/3005.dat
0 STEP
0 // step 51: walls: 10 pieces at plate 9
1 70 250 -96 -90 1 0 0 0 1 0 0 0 1 parts/3005.dat
1 70 280 -96 -90 1 0 0 0 1 0 0 0 1 parts/30136.dat
1 70 320 -96 -90 1 0 0 0 1 0 0 0 1 parts/30136.dat
1 70 360 -96 -90 1 0 0 0 1 0 0 0 1 parts/30136.dat
1 70 400 -96 -90 1 0 0 0 1 0 0 0 1 parts/30136.dat
1 70 440 -96 -90 1 0 0 0 1 0 0 0 1 parts/30136.dat
1 70 480 -96 -90 1 0 0 0 1 0 0 0 1 parts/30136.dat
1 70 520 -96 -90 1 0 0 0 1 0 0 0 1 parts/30136.dat
1 70 560 -96 -90 1 0 0 0 1 0 0 0 1 parts/30136.dat
1 70 600 -96 -90 1 0 0 0 1 0 0 0 1 parts/30136.dat
0 STEP
0 // step 52: walls: 10 pieces at plate 9
1 70 640 -96 -90 1 0 0 0 1 0 0 0 1 parts/30136.dat
1 70 680 -96 -90 1 0 0 0 1 0 0 0 1 parts/30136.dat
1 70 710 -96 -90 1 0 0 0 1 0 0 0 1 parts/3005.dat
1 70 250 -96 -120 0 0 -1 0 1 0 1 0 0 parts/30136.dat
1 70 710 -96 -120 0 0 -1 0 1 0 1 0 0 parts/30136.dat
1 70 250 -96 -160 0 0 -1 0 1 0 1 0 0 parts/30136.dat
1 70 710 -96 -160 0 0 -1 0 1 0 1 0 0 parts/30136.dat
1 70 250 -96 -200 0 0 -1 0 1 0 1 0 0 parts/30136.dat
1 70 710 -96 -200 0 0 -1 0 1 0 1 0 0 parts/30136.dat
1 70 250 -96 -240 0 0 -1 0 1 0 1 0 0 parts/30136.dat
0 STEP
0 // step 53: walls: 10 pieces at plate 9
1 70 710 -96 -240 0 0 -1 0 1 0 1 0 0 parts/30136.dat
1 70 250 -96 -280 0 0 -1 0 1 0 1 0 0 parts/30136.dat
1 70 710 -96 -280 0 0 -1 0 1 0 1 0 0 parts/30136.dat
1 70 250 -96 -320 0 0 -1 0 1 0 1 0 0 parts/30136.dat
1 70 710 -96 -320 0 0 -1 0 1 0 1 0 0 parts/30136.dat
1 70 250 -96 -360 0 0 -1 0 1 0 1 0 0 parts/30136.dat
1 70 710 -96 -360 0 0 -1 0 1 0 1 0 0 parts/30136.dat
1 70 250 -96 -390 1 0 0 0 1 0 0 0 1 parts/3005.dat
1 70 280 -96 -390 1 0 0 0 1 0 0 0 1 parts/30136.dat
1 70 310 -96 -390 1 0 0 0 1 0 0 0 1 parts/3005.dat
0 STEP
0 // step 54: walls: 5 pieces at plate 9
1 70 400 -96 -390 1 0 0 0 1 0 0 0 1 parts/30137.dat
1 70 560 -96 -390 1 0 0 0 1 0 0 0 1 parts/30137.dat
1 70 650 -96 -390 1 0 0 0 1 0 0 0 1 parts/3005.dat
1 70 680 -96 -390 1 0 0 0 1 0 0 0 1 parts/30136.dat
1 70 710 -96 -390 1 0 0 0 1 0 0 0 1 parts/3005.dat
0 STEP
0 // step 55: walls: 10 pieces at plate 12
1 70 280 -120 -90 1 0 0 0 1 0 0 0 1 parts/30137.dat
1 70 360 -120 -90 1 0 0 0 1 0 0 0 1 parts/30137.dat
1 70 440 -120 -90 1 0 0 0 1 0 0 0 1 parts/30137.dat
1 70 520 -120 -90 1 0 0 0 1 0 0 0 1 parts/30137.dat
1 70 600 -120 -90 1 0 0 0 1 0 0 0 1 parts/30137.dat
1 70 680 -120 -90 1 0 0 0 1 0 0 0 1 parts/30137.dat
1 70 250 -120 -110 1 0 0 0 1 0 0 0 1 parts/3005.dat
1 70 710 -120 -110 1 0 0 0 1 0 0 0 1 parts/3005.dat
1 70 250 -120 -140 0 0 -1 0 1 0 1 0 0 parts/30136.dat
1 70 710 -120 -140 0 0 -1 0 1 0 1 0 0 parts/30136.dat
0 STEP
0 // step 56: walls: 10 pieces at plate 12
1 70 250 -120 -200 0 0 -1 0 1 0 1 0 0 parts/30137.dat
1 70 710 -120 -200 0 0 -1 0 1 0 1 0 0 parts/30137.dat
1 70 250 -120 -280 0 0 -1 0 1 0 1 0 0 parts/30137.dat
1 70 710 -120 -280 0 0 -1 0 1 0 1 0 0 parts/30137.dat
1 70 250 -120 -360 0 0 -1 0 1 0 1 0 0 parts/30137.dat
1 70 710 -120 -360 0 0 -1 0 1 0 1 0 0 parts/30137.dat
1 70 270 -120 -390 1 0 0 0 1 0 0 0 1 parts/3005.dat
1 70 300 -120 -390 1 0 0 0 1 0 0 0 1 parts/30136.dat
1 70 360 -120 -390 1 0 0 0 1 0 0 0 1 parts/30137.dat
1 70 420 -120 -390 1 0 0 0 1 0 0 0 1 parts/30136.dat
0 STEP
0 // step 57: walls: 4 pieces at plate 12
1 70 540 -120 -390 1 0 0 0 1 0 0 0 1 parts/30136.dat
1 70 600 -120 -390 1 0 0 0 1 0 0 0 1 parts/30137.dat
1 70 660 -120 -390 1 0 0 0 1 0 0 0 1 parts/30136.dat
1 70 690 -120 -390 1 0 0 0 1 0 0 0 1 parts/3005.dat
0 STEP
0 // step 58: walls: 10 pieces at plate 15
1 70 250 -144 -90 1 0 0 0 1 0 0 0 1 parts/3005.dat
1 70 280 -144 -90 1 0 0 0 1 0 0 0 1 parts/30136.dat
1 70 320 -144 -90 1 0 0 0 1 0 0 0 1 parts/30136.dat
1 70 360 -144 -90 1 0 0 0 1 0 0 0 1 parts/30136.dat
1 70 400 -144 -90 1 0 0 0 1 0 0 0 1 parts/30136.dat
1 70 440 -144 -90 1 0 0 0 1 0 0 0 1 parts/30136.dat
1 70 480 -144 -90 1 0 0 0 1 0 0 0 1 parts/30136.dat
1 70 520 -144 -90 1 0 0 0 1 0 0 0 1 parts/30136.dat
1 70 560 -144 -90 1 0 0 0 1 0 0 0 1 parts/30136.dat
1 70 600 -144 -90 1 0 0 0 1 0 0 0 1 parts/30136.dat
0 STEP
0 // step 59: walls: 10 pieces at plate 15
1 70 640 -144 -90 1 0 0 0 1 0 0 0 1 parts/30136.dat
1 70 680 -144 -90 1 0 0 0 1 0 0 0 1 parts/30136.dat
1 70 710 -144 -90 1 0 0 0 1 0 0 0 1 parts/3005.dat
1 70 250 -144 -120 0 0 -1 0 1 0 1 0 0 parts/30136.dat
1 70 710 -144 -120 0 0 -1 0 1 0 1 0 0 parts/30136.dat
1 70 250 -144 -160 0 0 -1 0 1 0 1 0 0 parts/30136.dat
1 70 710 -144 -160 0 0 -1 0 1 0 1 0 0 parts/30136.dat
1 70 250 -144 -200 0 0 -1 0 1 0 1 0 0 parts/30136.dat
1 70 710 -144 -200 0 0 -1 0 1 0 1 0 0 parts/30136.dat
1 70 250 -144 -240 0 0 -1 0 1 0 1 0 0 parts/30136.dat
0 STEP
0 // step 60: walls: 10 pieces at plate 15
1 70 710 -144 -240 0 0 -1 0 1 0 1 0 0 parts/30136.dat
1 70 250 -144 -280 0 0 -1 0 1 0 1 0 0 parts/30136.dat
1 70 710 -144 -280 0 0 -1 0 1 0 1 0 0 parts/30136.dat
1 70 250 -144 -320 0 0 -1 0 1 0 1 0 0 parts/30136.dat
1 70 710 -144 -320 0 0 -1 0 1 0 1 0 0 parts/30136.dat
1 70 250 -144 -360 0 0 -1 0 1 0 1 0 0 parts/30136.dat
1 70 710 -144 -360 0 0 -1 0 1 0 1 0 0 parts/30136.dat
1 70 250 -144 -390 1 0 0 0 1 0 0 0 1 parts/3005.dat
1 70 280 -144 -390 1 0 0 0 1 0 0 0 1 parts/30136.dat
1 70 320 -144 -390 1 0 0 0 1 0 0 0 1 parts/30136.dat
0 STEP
0 // step 61: walls: 7 pieces at plate 15
1 70 360 -144 -390 1 0 0 0 1 0 0 0 1 parts/30136.dat
1 70 400 -144 -390 1 0 0 0 1 0 0 0 1 parts/30136.dat
1 70 430 -144 -390 1 0 0 0 1 0 0 0 1 parts/3005.dat
1 70 560 -144 -390 1 0 0 0 1 0 0 0 1 parts/30137.dat
1 70 640 -144 -390 1 0 0 0 1 0 0 0 1 parts/30137.dat
1 70 690 -144 -390 1 0 0 0 1 0 0 0 1 parts/3005.dat
1 70 710 -144 -390 1 0 0 0 1 0 0 0 1 parts/3005.dat
0 STEP
0 // step 62: walls: 10 pieces at plate 18
1 70 280 -168 -90 1 0 0 0 1 0 0 0 1 parts/30137.dat
1 70 360 -168 -90 1 0 0 0 1 0 0 0 1 parts/30137.dat
1 70 440 -168 -90 1 0 0 0 1 0 0 0 1 parts/30137.dat
1 70 520 -168 -90 1 0 0 0 1 0 0 0 1 parts/30137.dat
1 70 600 -168 -90 1 0 0 0 1 0 0 0 1 parts/30137.dat
1 70 680 -168 -90 1 0 0 0 1 0 0 0 1 parts/30137.dat
1 70 250 -168 -110 1 0 0 0 1 0 0 0 1 parts/3005.dat
1 70 710 -168 -110 1 0 0 0 1 0 0 0 1 parts/3005.dat
1 70 250 -168 -140 0 0 -1 0 1 0 1 0 0 parts/30136.dat
1 70 710 -168 -140 0 0 -1 0 1 0 1 0 0 parts/30136.dat
0 STEP
0 // step 63: walls: 10 pieces at plate 18
1 70 250 -168 -200 0 0 -1 0 1 0 1 0 0 parts/30137.dat
1 70 710 -168 -200 0 0 -1 0 1 0 1 0 0 parts/30137.dat
1 70 250 -168 -280 0 0 -1 0 1 0 1 0 0 parts/30137.dat
1 70 710 -168 -280 0 0 -1 0 1 0 1 0 0 parts/30137.dat
1 70 250 -168 -360 0 0 -1 0 1 0 1 0 0 parts/30137.dat
1 70 710 -168 -360 0 0 -1 0 1 0 1 0 0 parts/30137.dat
1 70 270 -168 -390 1 0 0 0 1 0 0 0 1 parts/3005.dat
1 70 300 -168 -390 1 0 0 0 1 0 0 0 1 parts/30136.dat
1 70 360 -168 -390 1 0 0 0 1 0 0 0 1 parts/30137.dat
1 70 440 -168 -390 1 0 0 0 1 0 0 0 1 parts/30137.dat
0 STEP
0 // step 64: walls: 4 pieces at plate 18
1 70 520 -168 -390 1 0 0 0 1 0 0 0 1 parts/30137.dat
1 70 600 -168 -390 1 0 0 0 1 0 0 0 1 parts/30137.dat
1 70 660 -168 -390 1 0 0 0 1 0 0 0 1 parts/30136.dat
1 70 690 -168 -390 1 0 0 0 1 0 0 0 1 parts/3005.dat
0 STEP
0 // step 65: door: 1 piece at plate 0
1 308 480 -144 -390 1 0 0 0 1 0 0 0 1 parts/60596.dat
0 STEP
0 // step 66: windows: 2 pieces at plate 6
1 15 340 -96 -390 1 0 0 0 1 0 0 0 1 parts/60592.dat
1 15 620 -96 -390 1 0 0 0 1 0 0 0 1 parts/60592.dat
0 STEP
0 // step 67: hearth: 10 pieces at plate 0
1 72 200 -24 -180 1 0 0 0 1 0 0 0 1 parts/3001.dat
1 72 270 -24 -190 1 0 0 0 1 0 0 0 1 parts/3005.dat
1 72 290 -24 -190 1 0 0 0 1 0 0 0 1 parts/3005.dat
1 72 200 -24 -220 1 0 0 0 1 0 0 0 1 parts/3001.dat
1 72 270 -24 -220 0 0 -1 0 1 0 1 0 0 parts/3004.dat
1 0 290 -8 -210 1 0 0 0 1 0 0 0 1 parts/3024.dat
1 14 286 -56 -226 1 0 0 0 1 0 0 0 1 parts/85959.dat
1 72 200 -24 -260 1 0 0 0 1 0 0 0 1 parts/3001.dat
1 72 270 -24 -250 1 0 0 0 1 0 0 0 1 parts/3005.dat
1 72 290 -24 -250 1 0 0 0 1 0 0 0 1 parts/3005.dat
0 STEP
0 // step 68: hearth: 1 piece at plate 1
1 25 286 -64 -206 1 0 0 0 1 0 0 0 1 parts/85959.dat
0 STEP
0 // step 69: hearth: 10 pieces at plate 3
1 72 170 -48 -170 1 0 0 0 1 0 0 0 1 parts/3005.dat
1 72 200 -48 -170 1 0 0 0 1 0 0 0 1 parts/3004.dat
1 72 230 -48 -170 1 0 0 0 1 0 0 0 1 parts/3005.dat
1 72 170 -48 -200 0 0 -1 0 1 0 1 0 0 parts/3004.dat
1 72 200 -48 -200 1 0 0 0 1 0 0 0 1 parts/3003.dat
1 72 230 -48 -200 0 0 -1 0 1 0 1 0 0 parts/3004.dat
1 72 280 -48 -190 1 0 0 0 1 0 0 0 1 parts/3004.dat
1 72 270 -48 -210 1 0 0 0 1 0 0 0 1 parts/3005.dat
1 72 170 -48 -240 0 0 -1 0 1 0 1 0 0 parts/3004.dat
1 72 200 -48 -240 1 0 0 0 1 0 0 0 1 parts/3003.dat
0 STEP
0 // step 70: hearth: 6 pieces at plate 3
1 72 230 -48 -240 0 0 -1 0 1 0 1 0 0 parts/3004.dat
1 72 270 -48 -240 0 0 -1 0 1 0 1 0 0 parts/3004.dat
1 72 290 -48 -250 1 0 0 0 1 0 0 0 1 parts/3005.dat
1 72 170 -48 -270 1 0 0 0 1 0 0 0 1 parts/3005.dat
1 72 200 -48 -270 1 0 0 0 1 0 0 0 1 parts/3004.dat
1 72 230 -48 -270 1 0 0 0 1 0 0 0 1 parts/3005.dat
0 STEP
0 // step 71: hearth: 3 pieces at plate 6
1 72 200 -72 -180 1 0 0 0 1 0 0 0 1 parts/3001.dat
1 72 200 -72 -220 1 0 0 0 1 0 0 0 1 parts/3001.dat
1 72 200 -72 -260 1 0 0 0 1 0 0 0 1 parts/3001.dat
0 STEP
0 // step 72: hearth: 10 pieces at plate 9
1 72 170 -96 -170 1 0 0 0 1 0 0 0 1 parts/3005.dat
1 72 200 -96 -170 1 0 0 0 1 0 0 0 1 parts/3004.dat
1 72 230 -96 -170 1 0 0 0 1 0 0 0 1 parts/3005.dat
1 72 170 -96 -200 0 0 -1 0 1 0 1 0 0 parts/3004.dat
1 72 200 -96 -200 1 0 0 0 1 0 0 0 1 parts/3003.dat
1 72 230 -96 -200 0 0 -1 0 1 0 1 0 0 parts/3004.dat
1 72 170 -96 -240 0 0 -1 0 1 0 1 0 0 parts/3004.dat
1 72 200 -96 -240 1 0 0 0 1 0 0 0 1 parts/3003.dat
1 72 230 -96 -240 0 0 -1 0 1 0 1 0 0 parts/3004.dat
1 72 170 -96 -270 1 0 0 0 1 0 0 0 1 parts/3005.dat
0 STEP
0 // step 73: hearth: 2 pieces at plate 9
1 72 200 -96 -270 1 0 0 0 1 0 0 0 1 parts/3004.dat
1 72 230 -96 -270 1 0 0 0 1 0 0 0 1 parts/3005.dat
0 STEP
0 // step 74: hearth: 3 pieces at plate 12
1 72 200 -120 -180 1 0 0 0 1 0 0 0 1 parts/3001.dat
1 72 200 -120 -220 1 0 0 0 1 0 0 0 1 parts/3001.dat
1 72 200 -120 -260 1 0 0 0 1 0 0 0 1 parts/3001.dat
0 STEP
0 // step 75: hearth: 10 pieces at plate 15
1 72 170 -144 -170 1 0 0 0 1 0 0 0 1 parts/3005.dat
1 72 200 -144 -170 1 0 0 0 1 0 0 0 1 parts/3004.dat
1 72 230 -144 -170 1 0 0 0 1 0 0 0 1 parts/3005.dat
1 72 170 -144 -200 0 0 -1 0 1 0 1 0 0 parts/3004.dat
1 72 200 -144 -200 1 0 0 0 1 0 0 0 1 parts/3003.dat
1 72 230 -144 -200 0 0 -1 0 1 0 1 0 0 parts/3004.dat
1 72 170 -144 -240 0 0 -1 0 1 0 1 0 0 parts/3004.dat
1 72 200 -144 -240 1 0 0 0 1 0 0 0 1 parts/3003.dat
1 72 230 -144 -240 0 0 -1 0 1 0 1 0 0 parts/3004.dat
1 72 170 -144 -270 1 0 0 0 1 0 0 0 1 parts/3005.dat
0 STEP
0 // step 76: hearth: 2 pieces at plate 15
1 72 200 -144 -270 1 0 0 0 1 0 0 0 1 parts/3004.dat
1 72 230 -144 -270 1 0 0 0 1 0 0 0 1 parts/3005.dat
0 STEP
0 // step 77: hearth: 3 pieces at plate 18
1 72 200 -168 -180 1 0 0 0 1 0 0 0 1 parts/3001.dat
1 72 200 -168 -220 1 0 0 0 1 0 0 0 1 parts/3001.dat
1 72 200 -168 -260 1 0 0 0 1 0 0 0 1 parts/3001.dat
0 STEP
0 // step 78: table: 4 pieces at plate 0
1 308 310 -24 -230 1 0 0 0 1 0 0 0 1 parts/3062b.dat
1 308 410 -24 -230 1 0 0 0 1 0 0 0 1 parts/3062b.dat
1 308 310 -24 -290 1 0 0 0 1 0 0 0 1 parts/3062b.dat
1 308 410 -24 -290 1 0 0 0 1 0 0 0 1 parts/3062b.dat
0 STEP
0 // step 79: table: 1 piece at plate 3
1 70 360 -32 -260 1 0 0 0 1 0 0 0 1 parts/3032.dat
0 STEP
0 // step 80: table: 1 piece at plate 4
1 14 370 -56 -250 1 0 0 0 1 0 0 0 1 parts/3062b.dat
0 STEP
0 // step 81: benches: 6 pieces at plate 0
1 308 310 -24 -210 1 0 0 0 1 0 0 0 1 parts/3005.dat
1 308 360 -24 -210 1 0 0 0 1 0 0 0 1 parts/3010.dat
1 308 410 -24 -210 1 0 0 0 1 0 0 0 1 parts/3005.dat
1 308 310 -24 -310 1 0 0 0 1 0 0 0 1 parts/3005.dat
1 308 360 -24 -310 1 0 0 0 1 0 0 0 1 parts/3010.dat
1 308 410 -24 -310 1 0 0 0 1 0 0 0 1 parts/3005.dat
0 STEP
0 // step 82: bed: 6 pieces at plate 0
1 308 590 -24 -110 1 0 0 0 1 0 0 0 1 parts/3005.dat
1 308 620 -24 -110 1 0 0 0 1 0 0 0 1 parts/3004.dat
1 308 660 -24 -110 1 0 0 0 1 0 0 0 1 parts/3004.dat
1 308 590 -24 -140 0 0 -1 0 1 0 1 0 0 parts/3004.dat
1 308 620 -24 -140 1 0 0 0 1 0 0 0 1 parts/3003.dat
1 308 660 -24 -140 1 0 0 0 1 0 0 0 1 parts/3003.dat
0 STEP
0 // step 83: bed: 5 pieces at plate 3
1 15 620 -32 -120 1 0 0 0 1 0 0 0 1 parts/3020.dat
1 308 670 -48 -120 0 0 -1 0 1 0 1 0 0 parts/3004.dat
1 15 600 -32 -150 1 0 0 0 1 0 0 0 1 parts/3023.dat
1 15 640 -32 -150 1 0 0 0 1 0 0 0 1 parts/3023.dat
1 308 670 -48 -150 1 0 0 0 1 0 0 0 1 parts/3005.dat
0 STEP
0 // step 84: bed: 2 pieces at plate 4
1 1 600 -40 -120 1 0 0 0 1 0 0 0 1 parts/3022.dat
1 1 600 -40 -150 1 0 0 0 1 0 0 0 1 parts/3023.dat
0 STEP
0 // step 85: bed: 2 pieces at plate 6
1 308 670 -72 -110 1 0 0 0 1 0 0 0 1 parts/3005.dat
1 308 670 -72 -140 0 0 -1 0 1 0 1 0 0 parts/3004.dat
0 STEP
0 // step 86: dresser: 4 pieces at plate 0
1 308 270 -24 -110 1 0 0 0 1 0 0 0 1 parts/3005.dat
1 308 300 -24 -110 1 0 0 0 1 0 0 0 1 parts/3004.dat
1 308 270 -24 -130 1 0 0 0 1 0 0 0 1 parts/3005.dat
1 308 300 -24 -130 1 0 0 0 1 0 0 0 1 parts/3004.dat
0 STEP
0 // step 87: dresser: 2 pieces at plate 3
1 308 280 -48 -120 1 0 0 0 1 0 0 0 1 parts/3003.dat
1 308 310 -48 -120 0 0 -1 0 1 0 1 0 0 parts/3004.dat
0 STEP
0 // step 88: dresser: 4 pieces at plate 6
1 308 270 -72 -110 1 0 0 0 1 0 0 0 1 parts/3005.dat
1 308 300 -72 -110 1 0 0 0 1 0 0 0 1 parts/3004.dat
1 308 270 -72 -130 1 0 0 0 1 0 0 0 1 parts/3005.dat
1 308 300 -72 -130 1 0 0 0 1 0 0 0 1 parts/3004.dat
0 STEP
0 // step 89: dresser: 1 piece at plate 9
1 14 290 -80 -110 1 0 0 0 1 0 0 0 1 parts/3024.dat
0 STEP
0 // step 90: porch posts: 4 pieces at plate 0
1 15 260 -24 -480 1 0 0 0 1 0 0 0 1 parts/3941.dat
1 15 380 -24 -480 1 0 0 0 1 0 0 0 1 parts/3941.dat
1 15 580 -24 -480 1 0 0 0 1 0 0 0 1 parts/3941.dat
1 15 700 -24 -480 1 0 0 0 1 0 0 0 1 parts/3941.dat
0 STEP
0 // step 91: porch posts: 4 pieces at plate 3
1 15 260 -48 -480 1 0 0 0 1 0 0 0 1 parts/3941.dat
1 15 380 -48 -480 1 0 0 0 1 0 0 0 1 parts/3941.dat
1 15 580 -48 -480 1 0 0 0 1 0 0 0 1 parts/3941.dat
1 15 700 -48 -480 1 0 0 0 1 0 0 0 1 parts/3941.dat
0 STEP
0 // step 92: porch posts: 4 pieces at plate 6
1 15 260 -72 -480 1 0 0 0 1 0 0 0 1 parts/3941.dat
1 15 380 -72 -480 1 0 0 0 1 0 0 0 1 parts/3941.dat
1 15 580 -72 -480 1 0 0 0 1 0 0 0 1 parts/3941.dat
1 15 700 -72 -480 1 0 0 0 1 0 0 0 1 parts/3941.dat
0 STEP
0 // step 93: porch posts: 4 pieces at plate 9
1 15 260 -96 -480 1 0 0 0 1 0 0 0 1 parts/3941.dat
1 15 380 -96 -480 1 0 0 0 1 0 0 0 1 parts/3941.dat
1 15 580 -96 -480 1 0 0 0 1 0 0 0 1 parts/3941.dat
1 15 700 -96 -480 1 0 0 0 1 0 0 0 1 parts/3941.dat
0 STEP
0 // step 94: porch posts: 4 pieces at plate 12
1 15 260 -120 -480 1 0 0 0 1 0 0 0 1 parts/3941.dat
1 15 380 -120 -480 1 0 0 0 1 0 0 0 1 parts/3941.dat
1 15 580 -120 -480 1 0 0 0 1 0 0 0 1 parts/3941.dat
1 15 700 -120 -480 1 0 0 0 1 0 0 0 1 parts/3941.dat
0 STEP
0 // step 95: porch posts: 4 pieces at plate 15
1 15 260 -144 -480 1 0 0 0 1 0 0 0 1 parts/3941.dat
1 15 380 -144 -480 1 0 0 0 1 0 0 0 1 parts/3941.dat
1 15 580 -144 -480 1 0 0 0 1 0 0 0 1 parts/3941.dat
1 15 700 -144 -480 1 0 0 0 1 0 0 0 1 parts/3941.dat
0 STEP
0 // step 96: porch posts: 10 pieces at plate 18
1 15 280 -168 -470 1 0 0 0 1 0 0 0 1 parts/3010.dat
1 15 360 -168 -470 1 0 0 0 1 0 0 0 1 parts/3010.dat
1 15 440 -168 -470 1 0 0 0 1 0 0 0 1 parts/3010.dat
1 15 520 -168 -470 1 0 0 0 1 0 0 0 1 parts/3010.dat
1 15 600 -168 -470 1 0 0 0 1 0 0 0 1 parts/3010.dat
1 15 680 -168 -470 1 0 0 0 1 0 0 0 1 parts/3010.dat
1 15 280 -168 -490 1 0 0 0 1 0 0 0 1 parts/3010.dat
1 15 360 -168 -490 1 0 0 0 1 0 0 0 1 parts/3010.dat
1 15 440 -168 -490 1 0 0 0 1 0 0 0 1 parts/3010.dat
1 15 520 -168 -490 1 0 0 0 1 0 0 0 1 parts/3010.dat
0 STEP
0 // step 97: porch posts: 2 pieces at plate 18
1 15 600 -168 -490 1 0 0 0 1 0 0 0 1 parts/3010.dat
1 15 680 -168 -490 1 0 0 0 1 0 0 0 1 parts/3010.dat
0 STEP
0 // step 98: ceiling: 10 pieces at plate 21
1 308 280 -176 -100 1 0 0 0 1 0 0 0 1 parts/3020.dat
1 308 360 -176 -100 1 0 0 0 1 0 0 0 1 parts/3020.dat
1 308 440 -176 -100 1 0 0 0 1 0 0 0 1 parts/3020.dat
1 308 520 -176 -100 1 0 0 0 1 0 0 0 1 parts/3020.dat
1 308 600 -176 -100 1 0 0 0 1 0 0 0 1 parts/3020.dat
1 308 680 -176 -100 1 0 0 0 1 0 0 0 1 parts/3020.dat
1 308 280 -176 -140 1 0 0 0 1 0 0 0 1 parts/3020.dat
1 308 360 -176 -140 1 0 0 0 1 0 0 0 1 parts/3020.dat
1 308 440 -176 -140 1 0 0 0 1 0 0 0 1 parts/3020.dat
1 308 520 -176 -140 1 0 0 0 1 0 0 0 1 parts/3020.dat
0 STEP
0 // step 99: ceiling: 10 pieces at plate 21
1 308 600 -176 -140 1 0 0 0 1 0 0 0 1 parts/3020.dat
1 308 680 -176 -140 1 0 0 0 1 0 0 0 1 parts/3020.dat
1 308 280 -176 -180 1 0 0 0 1 0 0 0 1 parts/3020.dat
1 308 360 -176 -180 1 0 0 0 1 0 0 0 1 parts/3020.dat
1 308 440 -176 -180 1 0 0 0 1 0 0 0 1 parts/3020.dat
1 308 520 -176 -180 1 0 0 0 1 0 0 0 1 parts/3020.dat
1 308 600 -176 -180 1 0 0 0 1 0 0 0 1 parts/3020.dat
1 308 680 -176 -180 1 0 0 0 1 0 0 0 1 parts/3020.dat
1 308 280 -176 -220 1 0 0 0 1 0 0 0 1 parts/3020.dat
1 308 360 -176 -220 1 0 0 0 1 0 0 0 1 parts/3020.dat
0 STEP
0 // step 100: ceiling: 10 pieces at plate 21
1 308 440 -176 -220 1 0 0 0 1 0 0 0 1 parts/3020.dat
1 308 520 -176 -220 1 0 0 0 1 0 0 0 1 parts/3020.dat
1 308 600 -176 -220 1 0 0 0 1 0 0 0 1 parts/3020.dat
1 308 680 -176 -220 1 0 0 0 1 0 0 0 1 parts/3020.dat
1 308 280 -176 -260 1 0 0 0 1 0 0 0 1 parts/3020.dat
1 308 360 -176 -260 1 0 0 0 1 0 0 0 1 parts/3020.dat
1 308 440 -176 -260 1 0 0 0 1 0 0 0 1 parts/3020.dat
1 308 520 -176 -260 1 0 0 0 1 0 0 0 1 parts/3020.dat
1 308 600 -176 -260 1 0 0 0 1 0 0 0 1 parts/3020.dat
1 308 680 -176 -260 1 0 0 0 1 0 0 0 1 parts/3020.dat
0 STEP
0 // step 101: ceiling: 10 pieces at plate 21
1 308 280 -176 -300 1 0 0 0 1 0 0 0 1 parts/3020.dat
1 308 360 -176 -300 1 0 0 0 1 0 0 0 1 parts/3020.dat
1 308 440 -176 -300 1 0 0 0 1 0 0 0 1 parts/3020.dat
1 308 520 -176 -300 1 0 0 0 1 0 0 0 1 parts/3020.dat
1 308 600 -176 -300 1 0 0 0 1 0 0 0 1 parts/3020.dat
1 308 680 -176 -300 1 0 0 0 1 0 0 0 1 parts/3020.dat
1 308 280 -176 -340 1 0 0 0 1 0 0 0 1 parts/3020.dat
1 308 360 -176 -340 1 0 0 0 1 0 0 0 1 parts/3020.dat
1 308 440 -176 -340 1 0 0 0 1 0 0 0 1 parts/3020.dat
1 308 520 -176 -340 1 0 0 0 1 0 0 0 1 parts/3020.dat
0 STEP
0 // step 102: ceiling: 10 pieces at plate 21
1 308 600 -176 -340 1 0 0 0 1 0 0 0 1 parts/3020.dat
1 308 680 -176 -340 1 0 0 0 1 0 0 0 1 parts/3020.dat
1 308 280 -176 -380 1 0 0 0 1 0 0 0 1 parts/3020.dat
1 308 360 -176 -380 1 0 0 0 1 0 0 0 1 parts/3020.dat
1 308 440 -176 -380 1 0 0 0 1 0 0 0 1 parts/3020.dat
1 308 520 -176 -380 1 0 0 0 1 0 0 0 1 parts/3020.dat
1 308 600 -176 -380 1 0 0 0 1 0 0 0 1 parts/3020.dat
1 308 680 -176 -380 1 0 0 0 1 0 0 0 1 parts/3020.dat
1 308 280 -176 -420 1 0 0 0 1 0 0 0 1 parts/3020.dat
1 308 360 -176 -420 1 0 0 0 1 0 0 0 1 parts/3020.dat
0 STEP
0 // step 103: ceiling: 10 pieces at plate 21
1 308 440 -176 -420 1 0 0 0 1 0 0 0 1 parts/3020.dat
1 308 520 -176 -420 1 0 0 0 1 0 0 0 1 parts/3020.dat
1 308 600 -176 -420 1 0 0 0 1 0 0 0 1 parts/3020.dat
1 308 680 -176 -420 1 0 0 0 1 0 0 0 1 parts/3020.dat
1 308 280 -176 -460 1 0 0 0 1 0 0 0 1 parts/3020.dat
1 308 360 -176 -460 1 0 0 0 1 0 0 0 1 parts/3020.dat
1 308 440 -176 -460 1 0 0 0 1 0 0 0 1 parts/3020.dat
1 308 520 -176 -460 1 0 0 0 1 0 0 0 1 parts/3020.dat
1 308 600 -176 -460 1 0 0 0 1 0 0 0 1 parts/3020.dat
1 308 680 -176 -460 1 0 0 0 1 0 0 0 1 parts/3020.dat
0 STEP
0 // step 104: ceiling: 6 pieces at plate 21
1 308 280 -176 -490 1 0 0 0 1 0 0 0 1 parts/3710.dat
1 308 360 -176 -490 1 0 0 0 1 0 0 0 1 parts/3710.dat
1 308 440 -176 -490 1 0 0 0 1 0 0 0 1 parts/3710.dat
1 308 520 -176 -490 1 0 0 0 1 0 0 0 1 parts/3710.dat
1 308 600 -176 -490 1 0 0 0 1 0 0 0 1 parts/3710.dat
1 308 680 -176 -490 1 0 0 0 1 0 0 0 1 parts/3710.dat
0 STEP
0 // step 105: ceiling: 10 pieces at plate 22
1 308 260 -184 -90 1 0 0 0 1 0 0 0 1 parts/3023.dat
1 308 320 -184 -90 1 0 0 0 1 0 0 0 1 parts/3710.dat
1 308 400 -184 -90 1 0 0 0 1 0 0 0 1 parts/3710.dat
1 308 480 -184 -90 1 0 0 0 1 0 0 0 1 parts/3710.dat
1 308 560 -184 -90 1 0 0 0 1 0 0 0 1 parts/3710.dat
1 308 640 -184 -90 1 0 0 0 1 0 0 0 1 parts/3710.dat
1 308 700 -184 -90 1 0 0 0 1 0 0 0 1 parts/3023.dat
1 308 260 -184 -120 1 0 0 0 1 0 0 0 1 parts/3022.dat
1 308 320 -184 -120 1 0 0 0 1 0 0 0 1 parts/3020.dat
1 308 400 -184 -120 1 0 0 0 1 0 0 0 1 parts/3020.dat
0 STEP
0 // step 106: ceiling: 10 pieces at plate 22
1 308 480 -184 -120 1 0 0 0 1 0 0 0 1 parts/3020.dat
1 308 560 -184 -120 1 0 0 0 1 0 0 0 1 parts/3020.dat
1 308 640 -184 -120 1 0 0 0 1 0 0 0 1 parts/3020.dat
1 308 700 -184 -120 1 0 0 0 1 0 0 0 1 parts/3022.dat
1 308 260 -184 -160 1 0 0 0 1 0 0 0 1 parts/3022.dat
1 308 320 -184 -160 1 0 0 0 1 0 0 0 1 parts/3020.dat
1 308 400 -184 -160 1 0 0 0 1 0 0 0 1 parts/3020.dat
1 308 480 -184 -160 1 0 0 0 1 0 0 0 1 parts/3020.dat
1 308 560 -184 -160 1 0 0 0 1 0 0 0 1 parts/3020.dat
1 308 640 -184 -160 1 0 0 0 1 0 0 0 1 parts/3020.dat
0 STEP
0 // step 107: ceiling: 10 pieces at plate 22
1 308 700 -184 -160 1 0 0 0 1 0 0 0 1 parts/3022.dat
1 308 260 -184 -200 1 0 0 0 1 0 0 0 1 parts/3022.dat
1 308 320 -184 -200 1 0 0 0 1 0 0 0 1 parts/3020.dat
1 308 400 -184 -200 1 0 0 0 1 0 0 0 1 parts/3020.dat
1 308 480 -184 -200 1 0 0 0 1 0 0 0 1 parts/3020.dat
1 308 560 -184 -200 1 0 0 0 1 0 0 0 1 parts/3020.dat
1 308 640 -184 -200 1 0 0 0 1 0 0 0 1 parts/3020.dat
1 308 700 -184 -200 1 0 0 0 1 0 0 0 1 parts/3022.dat
1 308 260 -184 -240 1 0 0 0 1 0 0 0 1 parts/3022.dat
1 308 320 -184 -240 1 0 0 0 1 0 0 0 1 parts/3020.dat
0 STEP
0 // step 108: ceiling: 10 pieces at plate 22
1 308 400 -184 -240 1 0 0 0 1 0 0 0 1 parts/3020.dat
1 308 480 -184 -240 1 0 0 0 1 0 0 0 1 parts/3020.dat
1 308 560 -184 -240 1 0 0 0 1 0 0 0 1 parts/3020.dat
1 308 640 -184 -240 1 0 0 0 1 0 0 0 1 parts/3020.dat
1 308 700 -184 -240 1 0 0 0 1 0 0 0 1 parts/3022.dat
1 308 260 -184 -280 1 0 0 0 1 0 0 0 1 parts/3022.dat
1 308 320 -184 -280 1 0 0 0 1 0 0 0 1 parts/3020.dat
1 308 400 -184 -280 1 0 0 0 1 0 0 0 1 parts/3020.dat
1 308 480 -184 -280 1 0 0 0 1 0 0 0 1 parts/3020.dat
1 308 560 -184 -280 1 0 0 0 1 0 0 0 1 parts/3020.dat
0 STEP
0 // step 109: ceiling: 10 pieces at plate 22
1 308 640 -184 -280 1 0 0 0 1 0 0 0 1 parts/3020.dat
1 308 700 -184 -280 1 0 0 0 1 0 0 0 1 parts/3022.dat
1 308 260 -184 -320 1 0 0 0 1 0 0 0 1 parts/3022.dat
1 308 320 -184 -320 1 0 0 0 1 0 0 0 1 parts/3020.dat
1 308 400 -184 -320 1 0 0 0 1 0 0 0 1 parts/3020.dat
1 308 480 -184 -320 1 0 0 0 1 0 0 0 1 parts/3020.dat
1 308 560 -184 -320 1 0 0 0 1 0 0 0 1 parts/3020.dat
1 308 640 -184 -320 1 0 0 0 1 0 0 0 1 parts/3020.dat
1 308 700 -184 -320 1 0 0 0 1 0 0 0 1 parts/3022.dat
1 308 260 -184 -360 1 0 0 0 1 0 0 0 1 parts/3022.dat
0 STEP
0 // step 110: ceiling: 10 pieces at plate 22
1 308 320 -184 -360 1 0 0 0 1 0 0 0 1 parts/3020.dat
1 308 400 -184 -360 1 0 0 0 1 0 0 0 1 parts/3020.dat
1 308 480 -184 -360 1 0 0 0 1 0 0 0 1 parts/3020.dat
1 308 560 -184 -360 1 0 0 0 1 0 0 0 1 parts/3020.dat
1 308 640 -184 -360 1 0 0 0 1 0 0 0 1 parts/3020.dat
1 308 700 -184 -360 1 0 0 0 1 0 0 0 1 parts/3022.dat
1 308 260 -184 -400 1 0 0 0 1 0 0 0 1 parts/3022.dat
1 308 320 -184 -400 1 0 0 0 1 0 0 0 1 parts/3020.dat
1 308 400 -184 -400 1 0 0 0 1 0 0 0 1 parts/3020.dat
1 308 480 -184 -400 1 0 0 0 1 0 0 0 1 parts/3020.dat
0 STEP
0 // step 111: ceiling: 10 pieces at plate 22
1 308 560 -184 -400 1 0 0 0 1 0 0 0 1 parts/3020.dat
1 308 640 -184 -400 1 0 0 0 1 0 0 0 1 parts/3020.dat
1 308 700 -184 -400 1 0 0 0 1 0 0 0 1 parts/3022.dat
1 308 260 -184 -440 1 0 0 0 1 0 0 0 1 parts/3022.dat
1 308 320 -184 -440 1 0 0 0 1 0 0 0 1 parts/3020.dat
1 308 400 -184 -440 1 0 0 0 1 0 0 0 1 parts/3020.dat
1 308 480 -184 -440 1 0 0 0 1 0 0 0 1 parts/3020.dat
1 308 560 -184 -440 1 0 0 0 1 0 0 0 1 parts/3020.dat
1 308 640 -184 -440 1 0 0 0 1 0 0 0 1 parts/3020.dat
1 308 700 -184 -440 1 0 0 0 1 0 0 0 1 parts/3022.dat
0 STEP
0 // step 112: ceiling: 7 pieces at plate 22
1 308 260 -184 -480 1 0 0 0 1 0 0 0 1 parts/3022.dat
1 308 320 -184 -480 1 0 0 0 1 0 0 0 1 parts/3020.dat
1 308 400 -184 -480 1 0 0 0 1 0 0 0 1 parts/3020.dat
1 308 480 -184 -480 1 0 0 0 1 0 0 0 1 parts/3020.dat
1 308 560 -184 -480 1 0 0 0 1 0 0 0 1 parts/3020.dat
1 308 640 -184 -480 1 0 0 0 1 0 0 0 1 parts/3020.dat
1 308 700 -184 -480 1 0 0 0 1 0 0 0 1 parts/3022.dat
0 STEP
0 // step 113: ceiling: 10 pieces at plate 23
1 308 250 -192 -100 0 0 -1 0 1 0 1 0 0 parts/3023.dat
1 308 280 -192 -100 1 0 0 0 1 0 0 0 1 parts/3022.dat
1 308 320 -192 -100 1 0 0 0 1 0 0 0 1 parts/3022.dat
1 308 360 -192 -100 1 0 0 0 1 0 0 0 1 parts/3022.dat
1 308 400 -192 -100 1 0 0 0 1 0 0 0 1 parts/3022.dat
1 308 440 -192 -100 1 0 0 0 1 0 0 0 1 parts/3022.dat
1 308 480 -192 -100 1 0 0 0 1 0 0 0 1 parts/3022.dat
1 308 520 -192 -100 1 0 0 0 1 0 0 0 1 parts/3022.dat
1 308 560 -192 -100 1 0 0 0 1 0 0 0 1 parts/3022.dat
1 308 600 -192 -100 1 0 0 0 1 0 0 0 1 parts/3022.dat
0 STEP
0 // step 114: ceiling: 10 pieces at plate 23
1 308 640 -192 -100 1 0 0 0 1 0 0 0 1 parts/3022.dat
1 308 680 -192 -100 1 0 0 0 1 0 0 0 1 parts/3022.dat
1 308 710 -192 -100 0 0 -1 0 1 0 1 0 0 parts/3023.dat
1 308 250 -192 -160 0 0 -1 0 1 0 1 0 0 parts/3710.dat
1 308 280 -192 -160 0 0 -1 0 1 0 1 0 0 parts/3020.dat
1 308 320 -192 -160 0 0 -1 0 1 0 1 0 0 parts/3020.dat
1 308 360 -192 -160 0 0 -1 0 1 0 1 0 0 parts/3020.dat
1 308 400 -192 -160 0 0 -1 0 1 0 1 0 0 parts/3020.dat
1 308 440 -192 -160 0 0 -1 0 1 0 1 0 0 parts/3020.dat
1 308 480 -192 -160 0 0 -1 0 1 0 1 0 0 parts/3020.dat
0 STEP
0 // step 115: ceiling: 10 pieces at plate 23
1 308 520 -192 -160 0 0 -1 0 1 0 1 0 0 parts/3020.dat
1 308 560 -192 -160 0 0 -1 0 1 0 1 0 0 parts/3020.dat
1 308 600 -192 -160 0 0 -1 0 1 0 1 0 0 parts/3020.dat
1 308 640 -192 -160 0 0 -1 0 1 0 1 0 0 parts/3020.dat
1 308 680 -192 -160 0 0 -1 0 1 0 1 0 0 parts/3020.dat
1 308 710 -192 -160 0 0 -1 0 1 0 1 0 0 parts/3710.dat
1 308 250 -192 -240 0 0 -1 0 1 0 1 0 0 parts/3710.dat
1 308 280 -192 -240 0 0 -1 0 1 0 1 0 0 parts/3020.dat
1 308 320 -192 -240 0 0 -1 0 1 0 1 0 0 parts/3020.dat
1 308 360 -192 -240 0 0 -1 0 1 0 1 0 0 parts/3020.dat
0 STEP
0 // step 116: ceiling: 10 pieces at plate 23
1 308 400 -192 -240 0 0 -1 0 1 0 1 0 0 parts/3020.dat
1 308 440 -192 -240 0 0 -1 0 1 0 1 0 0 parts/3020.dat
1 308 480 -192 -240 0 0 -1 0 1 0 1 0 0 parts/3020.dat
1 308 520 -192 -240 0 0 -1 0 1 0 1 0 0 parts/3020.dat
1 308 560 -192 -240 0 0 -1 0 1 0 1 0 0 parts/3020.dat
1 308 600 -192 -240 0 0 -1 0 1 0 1 0 0 parts/3020.dat
1 308 640 -192 -240 0 0 -1 0 1 0 1 0 0 parts/3020.dat
1 308 680 -192 -240 0 0 -1 0 1 0 1 0 0 parts/3020.dat
1 308 710 -192 -240 0 0 -1 0 1 0 1 0 0 parts/3710.dat
1 308 250 -192 -320 0 0 -1 0 1 0 1 0 0 parts/3710.dat
0 STEP
0 // step 117: ceiling: 10 pieces at plate 23
1 308 280 -192 -320 0 0 -1 0 1 0 1 0 0 parts/3020.dat
1 308 320 -192 -320 0 0 -1 0 1 0 1 0 0 parts/3020.dat
1 308 360 -192 -320 0 0 -1 0 1 0 1 0 0 parts/3020.dat
1 308 400 -192 -320 0 0 -1 0 1 0 1 0 0 parts/3020.dat
1 308 440 -192 -320 0 0 -1 0 1 0 1 0 0 parts/3020.dat
1 308 480 -192 -320 0 0 -1 0 1 0 1 0 0 parts/3020.dat
1 308 520 -192 -320 0 0 -1 0 1 0 1 0 0 parts/3020.dat
1 308 560 -192 -320 0 0 -1 0 1 0 1 0 0 parts/3020.dat
1 308 600 -192 -320 0 0 -1 0 1 0 1 0 0 parts/3020.dat
1 308 640 -192 -320 0 0 -1 0 1 0 1 0 0 parts/3020.dat
0 STEP
0 // step 118: ceiling: 10 pieces at plate 23
1 308 680 -192 -320 0 0 -1 0 1 0 1 0 0 parts/3020.dat
1 308 710 -192 -320 0 0 -1 0 1 0 1 0 0 parts/3710.dat
1 308 250 -192 -400 0 0 -1 0 1 0 1 0 0 parts/3710.dat
1 308 280 -192 -400 0 0 -1 0 1 0 1 0 0 parts/3020.dat
1 308 320 -192 -400 0 0 -1 0 1 0 1 0 0 parts/3020.dat
1 308 360 -192 -400 0 0 -1 0 1 0 1 0 0 parts/3020.dat
1 308 400 -192 -400 0 0 -1 0 1 0 1 0 0 parts/3020.dat
1 308 440 -192 -400 0 0 -1 0 1 0 1 0 0 parts/3020.dat
1 308 480 -192 -400 0 0 -1 0 1 0 1 0 0 parts/3020.dat
1 308 520 -192 -400 0 0 -1 0 1 0 1 0 0 parts/3020.dat
0 STEP
0 // step 119: ceiling: 10 pieces at plate 23
1 308 560 -192 -400 0 0 -1 0 1 0 1 0 0 parts/3020.dat
1 308 600 -192 -400 0 0 -1 0 1 0 1 0 0 parts/3020.dat
1 308 640 -192 -400 0 0 -1 0 1 0 1 0 0 parts/3020.dat
1 308 680 -192 -400 0 0 -1 0 1 0 1 0 0 parts/3020.dat
1 308 710 -192 -400 0 0 -1 0 1 0 1 0 0 parts/3710.dat
1 308 250 -192 -470 0 0 -1 0 1 0 1 0 0 parts/3623.dat
1 308 280 -192 -470 0 0 -1 0 1 0 1 0 0 parts/3021.dat
1 308 320 -192 -470 0 0 -1 0 1 0 1 0 0 parts/3021.dat
1 308 360 -192 -470 0 0 -1 0 1 0 1 0 0 parts/3021.dat
1 308 400 -192 -470 0 0 -1 0 1 0 1 0 0 parts/3021.dat
0 STEP
0 // step 120: ceiling: 8 pieces at plate 23
1 308 440 -192 -470 0 0 -1 0 1 0 1 0 0 parts/3021.dat
1 308 480 -192 -470 0 0 -1 0 1 0 1 0 0 parts/3021.dat
1 308 520 -192 -470 0 0 -1 0 1 0 1 0 0 parts/3021.dat
1 308 560 -192 -470 0 0 -1 0 1 0 1 0 0 parts/3021.dat
1 308 600 -192 -470 0 0 -1 0 1 0 1 0 0 parts/3021.dat
1 308 640 -192 -470 0 0 -1 0 1 0 1 0 0 parts/3021.dat
1 308 680 -192 -470 0 0 -1 0 1 0 1 0 0 parts/3021.dat
1 308 710 -192 -470 0 0 -1 0 1 0 1 0 0 parts/3623.dat
0 STEP
0 // step 121: roof: 10 pieces at plate 24
1 320 280 -200 -100 1 0 0 0 1 0 0 0 1 parts/3020.dat
1 320 360 -200 -100 1 0 0 0 1 0 0 0 1 parts/3020.dat
1 320 440 -200 -100 1 0 0 0 1 0 0 0 1 parts/3020.dat
1 320 520 -200 -100 1 0 0 0 1 0 0 0 1 parts/3020.dat
1 320 600 -200 -100 1 0 0 0 1 0 0 0 1 parts/3020.dat
1 320 680 -200 -100 1 0 0 0 1 0 0 0 1 parts/3020.dat
1 320 280 -200 -140 1 0 0 0 1 0 0 0 1 parts/3020.dat
1 320 360 -200 -140 1 0 0 0 1 0 0 0 1 parts/3020.dat
1 320 440 -200 -140 1 0 0 0 1 0 0 0 1 parts/3020.dat
1 320 520 -200 -140 1 0 0 0 1 0 0 0 1 parts/3020.dat
0 STEP
0 // step 122: roof: 10 pieces at plate 24
1 320 600 -200 -140 1 0 0 0 1 0 0 0 1 parts/3020.dat
1 320 680 -200 -140 1 0 0 0 1 0 0 0 1 parts/3020.dat
1 320 280 -200 -180 1 0 0 0 1 0 0 0 1 parts/3020.dat
1 320 360 -200 -180 1 0 0 0 1 0 0 0 1 parts/3020.dat
1 320 440 -200 -180 1 0 0 0 1 0 0 0 1 parts/3020.dat
1 320 520 -200 -180 1 0 0 0 1 0 0 0 1 parts/3020.dat
1 320 600 -200 -180 1 0 0 0 1 0 0 0 1 parts/3020.dat
1 320 680 -200 -180 1 0 0 0 1 0 0 0 1 parts/3020.dat
1 320 280 -200 -220 1 0 0 0 1 0 0 0 1 parts/3020.dat
1 320 360 -200 -220 1 0 0 0 1 0 0 0 1 parts/3020.dat
0 STEP
0 // step 123: roof: 10 pieces at plate 24
1 320 440 -200 -220 1 0 0 0 1 0 0 0 1 parts/3020.dat
1 320 520 -200 -220 1 0 0 0 1 0 0 0 1 parts/3020.dat
1 320 600 -200 -220 1 0 0 0 1 0 0 0 1 parts/3020.dat
1 320 680 -200 -220 1 0 0 0 1 0 0 0 1 parts/3020.dat
1 320 280 -200 -260 1 0 0 0 1 0 0 0 1 parts/3020.dat
1 320 360 -200 -260 1 0 0 0 1 0 0 0 1 parts/3020.dat
1 320 440 -200 -260 1 0 0 0 1 0 0 0 1 parts/3020.dat
1 320 520 -200 -260 1 0 0 0 1 0 0 0 1 parts/3020.dat
1 320 600 -200 -260 1 0 0 0 1 0 0 0 1 parts/3020.dat
1 320 680 -200 -260 1 0 0 0 1 0 0 0 1 parts/3020.dat
0 STEP
0 // step 124: roof: 10 pieces at plate 24
1 320 280 -200 -300 1 0 0 0 1 0 0 0 1 parts/3020.dat
1 320 360 -200 -300 1 0 0 0 1 0 0 0 1 parts/3020.dat
1 320 440 -200 -300 1 0 0 0 1 0 0 0 1 parts/3020.dat
1 320 520 -200 -300 1 0 0 0 1 0 0 0 1 parts/3020.dat
1 320 600 -200 -300 1 0 0 0 1 0 0 0 1 parts/3020.dat
1 320 680 -200 -300 1 0 0 0 1 0 0 0 1 parts/3020.dat
1 320 280 -200 -340 1 0 0 0 1 0 0 0 1 parts/3020.dat
1 320 360 -200 -340 1 0 0 0 1 0 0 0 1 parts/3020.dat
1 320 440 -200 -340 1 0 0 0 1 0 0 0 1 parts/3020.dat
1 320 520 -200 -340 1 0 0 0 1 0 0 0 1 parts/3020.dat
0 STEP
0 // step 125: roof: 10 pieces at plate 24
1 320 600 -200 -340 1 0 0 0 1 0 0 0 1 parts/3020.dat
1 320 680 -200 -340 1 0 0 0 1 0 0 0 1 parts/3020.dat
1 320 280 -200 -380 1 0 0 0 1 0 0 0 1 parts/3020.dat
1 320 360 -200 -380 1 0 0 0 1 0 0 0 1 parts/3020.dat
1 320 440 -200 -380 1 0 0 0 1 0 0 0 1 parts/3020.dat
1 320 520 -200 -380 1 0 0 0 1 0 0 0 1 parts/3020.dat
1 320 600 -200 -380 1 0 0 0 1 0 0 0 1 parts/3020.dat
1 320 680 -200 -380 1 0 0 0 1 0 0 0 1 parts/3020.dat
1 320 260 -200 -410 1 0 0 0 1 0 0 0 1 parts/3023.dat
1 320 300 -200 -410 1 0 0 0 1 0 0 0 1 parts/3023.dat
0 STEP
0 // step 126: roof: 10 pieces at plate 24
1 320 340 -200 -410 1 0 0 0 1 0 0 0 1 parts/3023.dat
1 320 380 -200 -410 1 0 0 0 1 0 0 0 1 parts/3023.dat
1 320 420 -200 -410 1 0 0 0 1 0 0 0 1 parts/3023.dat
1 320 460 -200 -410 1 0 0 0 1 0 0 0 1 parts/3023.dat
1 320 500 -200 -410 1 0 0 0 1 0 0 0 1 parts/3023.dat
1 320 540 -200 -410 1 0 0 0 1 0 0 0 1 parts/3023.dat
1 320 580 -200 -410 1 0 0 0 1 0 0 0 1 parts/3023.dat
1 320 620 -200 -410 1 0 0 0 1 0 0 0 1 parts/3023.dat
1 320 660 -200 -410 1 0 0 0 1 0 0 0 1 parts/3023.dat
1 320 700 -200 -410 1 0 0 0 1 0 0 0 1 parts/3023.dat
0 STEP
0 // step 127: roof: 10 pieces at plate 25
1 320 250 -224 -110 1 0 0 0 1 0 0 0 1 parts/3040b.dat
1 320 270 -224 -110 1 0 0 0 1 0 0 0 1 parts/3040b.dat
1 320 290 -224 -110 1 0 0 0 1 0 0 0 1 parts/3040b.dat
1 320 310 -224 -110 1 0 0 0 1 0 0 0 1 parts/3040b.dat
1 320 330 -224 -110 1 0 0 0 1 0 0 0 1 parts/3040b.dat
1 320 350 -224 -110 1 0 0 0 1 0 0 0 1 parts/3040b.dat
1 320 370 -224 -110 1 0 0 0 1 0 0 0 1 parts/3040b.dat
1 320 390 -224 -110 1 0 0 0 1 0 0 0 1 parts/3040b.dat
1 320 410 -224 -110 1 0 0 0 1 0 0 0 1 parts/3040b.dat
1 320 430 -224 -110 1 0 0 0 1 0 0 0 1 parts/3040b.dat
0 STEP
0 // step 128: roof: 10 pieces at plate 25
1 320 450 -224 -110 1 0 0 0 1 0 0 0 1 parts/3040b.dat
1 320 470 -224 -110 1 0 0 0 1 0 0 0 1 parts/3040b.dat
1 320 490 -224 -110 1 0 0 0 1 0 0 0 1 parts/3040b.dat
1 320 510 -224 -110 1 0 0 0 1 0 0 0 1 parts/3040b.dat
1 320 530 -224 -110 1 0 0 0 1 0 0 0 1 parts/3040b.dat
1 320 550 -224 -110 1 0 0 0 1 0 0 0 1 parts/3040b.dat
1 320 570 -224 -110 1 0 0 0 1 0 0 0 1 parts/3040b.dat
1 320 590 -224 -110 1 0 0 0 1 0 0 0 1 parts/3040b.dat
1 320 610 -224 -110 1 0 0 0 1 0 0 0 1 parts/3040b.dat
1 320 630 -224 -110 1 0 0 0 1 0 0 0 1 parts/3040b.dat
0 STEP
0 // step 129: roof: 10 pieces at plate 25
1 320 650 -224 -110 1 0 0 0 1 0 0 0 1 parts/3040b.dat
1 320 670 -224 -110 1 0 0 0 1 0 0 0 1 parts/3040b.dat
1 320 690 -224 -110 1 0 0 0 1 0 0 0 1 parts/3040b.dat
1 320 710 -224 -110 1 0 0 0 1 0 0 0 1 parts/3040b.dat
1 320 280 -224 -140 1 0 0 0 1 0 0 0 1 parts/3001.dat
1 320 360 -224 -140 1 0 0 0 1 0 0 0 1 parts/3001.dat
1 320 440 -224 -140 1 0 0 0 1 0 0 0 1 parts/3001.dat
1 320 520 -224 -140 1 0 0 0 1 0 0 0 1 parts/3001.dat
1 320 600 -224 -140 1 0 0 0 1 0 0 0 1 parts/3001.dat
1 320 680 -224 -140 1 0 0 0 1 0 0 0 1 parts/3001.dat
0 STEP
0 // step 130: roof: 10 pieces at plate 25
1 320 280 -224 -180 1 0 0 0 1 0 0 0 1 parts/3001.dat
1 320 360 -224 -180 1 0 0 0 1 0 0 0 1 parts/3001.dat
1 320 440 -224 -180 1 0 0 0 1 0 0 0 1 parts/3001.dat
1 320 520 -224 -180 1 0 0 0 1 0 0 0 1 parts/3001.dat
1 320 600 -224 -180 1 0 0 0 1 0 0 0 1 parts/3001.dat
1 320 680 -224 -180 1 0 0 0 1 0 0 0 1 parts/3001.dat
1 320 280 -224 -220 1 0 0 0 1 0 0 0 1 parts/3001.dat
1 320 360 -224 -220 1 0 0 0 1 0 0 0 1 parts/3001.dat
1 320 440 -224 -220 1 0 0 0 1 0 0 0 1 parts/3001.dat
1 320 520 -224 -220 1 0 0 0 1 0 0 0 1 parts/3001.dat
0 STEP
0 // step 131: roof: 10 pieces at plate 25
1 320 600 -224 -220 1 0 0 0 1 0 0 0 1 parts/3001.dat
1 320 680 -224 -220 1 0 0 0 1 0 0 0 1 parts/3001.dat
1 320 280 -224 -260 1 0 0 0 1 0 0 0 1 parts/3001.dat
1 320 360 -224 -260 1 0 0 0 1 0 0 0 1 parts/3001.dat
1 320 440 -224 -260 1 0 0 0 1 0 0 0 1 parts/3001.dat
1 320 520 -224 -260 1 0 0 0 1 0 0 0 1 parts/3001.dat
1 320 600 -224 -260 1 0 0 0 1 0 0 0 1 parts/3001.dat
1 320 680 -224 -260 1 0 0 0 1 0 0 0 1 parts/3001.dat
1 320 280 -224 -300 1 0 0 0 1 0 0 0 1 parts/3001.dat
1 320 360 -224 -300 1 0 0 0 1 0 0 0 1 parts/3001.dat
0 STEP
0 // step 132: roof: 10 pieces at plate 25
1 320 440 -224 -300 1 0 0 0 1 0 0 0 1 parts/3001.dat
1 320 520 -224 -300 1 0 0 0 1 0 0 0 1 parts/3001.dat
1 320 600 -224 -300 1 0 0 0 1 0 0 0 1 parts/3001.dat
1 320 680 -224 -300 1 0 0 0 1 0 0 0 1 parts/3001.dat
1 320 280 -224 -340 1 0 0 0 1 0 0 0 1 parts/3001.dat
1 320 360 -224 -340 1 0 0 0 1 0 0 0 1 parts/3001.dat
1 320 440 -224 -340 1 0 0 0 1 0 0 0 1 parts/3001.dat
1 320 520 -224 -340 1 0 0 0 1 0 0 0 1 parts/3001.dat
1 320 600 -224 -340 1 0 0 0 1 0 0 0 1 parts/3001.dat
1 320 680 -224 -340 1 0 0 0 1 0 0 0 1 parts/3001.dat
0 STEP
0 // step 133: roof: 10 pieces at plate 25
1 320 280 -224 -370 1 0 0 0 1 0 0 0 1 parts/3010.dat
1 320 360 -224 -370 1 0 0 0 1 0 0 0 1 parts/3010.dat
1 320 440 -224 -370 1 0 0 0 1 0 0 0 1 parts/3010.dat
1 320 520 -224 -370 1 0 0 0 1 0 0 0 1 parts/3010.dat
1 320 600 -224 -370 1 0 0 0 1 0 0 0 1 parts/3010.dat
1 320 680 -224 -370 1 0 0 0 1 0 0 0 1 parts/3010.dat
1 320 250 -224 -390 -1 0 0 0 1 0 0 0 -1 parts/3040b.dat
1 320 270 -224 -390 -1 0 0 0 1 0 0 0 -1 parts/3040b.dat
1 320 290 -224 -390 -1 0 0 0 1 0 0 0 -1 parts/3040b.dat
1 320 310 -224 -390 -1 0 0 0 1 0 0 0 -1 parts/3040b.dat
0 STEP
0 // step 134: roof: 10 pieces at plate 25
1 320 330 -224 -390 -1 0 0 0 1 0 0 0 -1 parts/3040b.dat
1 320 350 -224 -390 -1 0 0 0 1 0 0 0 -1 parts/3040b.dat
1 320 370 -224 -390 -1 0 0 0 1 0 0 0 -1 parts/3040b.dat
1 320 390 -224 -390 -1 0 0 0 1 0 0 0 -1 parts/3040b.dat
1 320 410 -224 -390 -1 0 0 0 1 0 0 0 -1 parts/3040b.dat
1 320 430 -224 -390 -1 0 0 0 1 0 0 0 -1 parts/3040b.dat
1 320 450 -224 -390 -1 0 0 0 1 0 0 0 -1 parts/3040b.dat
1 320 470 -224 -390 -1 0 0 0 1 0 0 0 -1 parts/3040b.dat
1 320 490 -224 -390 -1 0 0 0 1 0 0 0 -1 parts/3040b.dat
1 320 510 -224 -390 -1 0 0 0 1 0 0 0 -1 parts/3040b.dat
0 STEP
0 // step 135: roof: 10 pieces at plate 25
1 320 530 -224 -390 -1 0 0 0 1 0 0 0 -1 parts/3040b.dat
1 320 550 -224 -390 -1 0 0 0 1 0 0 0 -1 parts/3040b.dat
1 320 570 -224 -390 -1 0 0 0 1 0 0 0 -1 parts/3040b.dat
1 320 590 -224 -390 -1 0 0 0 1 0 0 0 -1 parts/3040b.dat
1 320 610 -224 -390 -1 0 0 0 1 0 0 0 -1 parts/3040b.dat
1 320 630 -224 -390 -1 0 0 0 1 0 0 0 -1 parts/3040b.dat
1 320 650 -224 -390 -1 0 0 0 1 0 0 0 -1 parts/3040b.dat
1 320 670 -224 -390 -1 0 0 0 1 0 0 0 -1 parts/3040b.dat
1 320 690 -224 -390 -1 0 0 0 1 0 0 0 -1 parts/3040b.dat
1 320 710 -224 -390 -1 0 0 0 1 0 0 0 -1 parts/3040b.dat
0 STEP
0 // step 136: roof: 10 pieces at plate 28
1 320 250 -248 -130 1 0 0 0 1 0 0 0 1 parts/3040b.dat
1 320 270 -248 -130 1 0 0 0 1 0 0 0 1 parts/3040b.dat
1 320 290 -248 -130 1 0 0 0 1 0 0 0 1 parts/3040b.dat
1 320 310 -248 -130 1 0 0 0 1 0 0 0 1 parts/3040b.dat
1 320 330 -248 -130 1 0 0 0 1 0 0 0 1 parts/3040b.dat
1 320 350 -248 -130 1 0 0 0 1 0 0 0 1 parts/3040b.dat
1 320 370 -248 -130 1 0 0 0 1 0 0 0 1 parts/3040b.dat
1 320 390 -248 -130 1 0 0 0 1 0 0 0 1 parts/3040b.dat
1 320 410 -248 -130 1 0 0 0 1 0 0 0 1 parts/3040b.dat
1 320 430 -248 -130 1 0 0 0 1 0 0 0 1 parts/3040b.dat
0 STEP
0 // step 137: roof: 10 pieces at plate 28
1 320 450 -248 -130 1 0 0 0 1 0 0 0 1 parts/3040b.dat
1 320 470 -248 -130 1 0 0 0 1 0 0 0 1 parts/3040b.dat
1 320 490 -248 -130 1 0 0 0 1 0 0 0 1 parts/3040b.dat
1 320 510 -248 -130 1 0 0 0 1 0 0 0 1 parts/3040b.dat
1 320 530 -248 -130 1 0 0 0 1 0 0 0 1 parts/3040b.dat
1 320 550 -248 -130 1 0 0 0 1 0 0 0 1 parts/3040b.dat
1 320 570 -248 -130 1 0 0 0 1 0 0 0 1 parts/3040b.dat
1 320 590 -248 -130 1 0 0 0 1 0 0 0 1 parts/3040b.dat
1 320 610 -248 -130 1 0 0 0 1 0 0 0 1 parts/3040b.dat
1 320 630 -248 -130 1 0 0 0 1 0 0 0 1 parts/3040b.dat
0 STEP
0 // step 138: roof: 10 pieces at plate 28
1 320 650 -248 -130 1 0 0 0 1 0 0 0 1 parts/3040b.dat
1 320 670 -248 -130 1 0 0 0 1 0 0 0 1 parts/3040b.dat
1 320 690 -248 -130 1 0 0 0 1 0 0 0 1 parts/3040b.dat
1 320 710 -248 -130 1 0 0 0 1 0 0 0 1 parts/3040b.dat
1 320 250 -248 -160 0 0 -1 0 1 0 1 0 0 parts/3004.dat
1 320 280 -248 -160 1 0 0 0 1 0 0 0 1 parts/3003.dat
1 320 320 -248 -160 1 0 0 0 1 0 0 0 1 parts/3003.dat
1 320 360 -248 -160 1 0 0 0 1 0 0 0 1 parts/3003.dat
1 320 400 -248 -160 1 0 0 0 1 0 0 0 1 parts/3003.dat
1 320 440 -248 -160 1 0 0 0 1 0 0 0 1 parts/3003.dat
0 STEP
0 // step 139: roof: 10 pieces at plate 28
1 320 480 -248 -160 1 0 0 0 1 0 0 0 1 parts/3003.dat
1 320 520 -248 -160 1 0 0 0 1 0 0 0 1 parts/3003.dat
1 320 560 -248 -160 1 0 0 0 1 0 0 0 1 parts/3003.dat
1 320 600 -248 -160 1 0 0 0 1 0 0 0 1 parts/3003.dat
1 320 640 -248 -160 1 0 0 0 1 0 0 0 1 parts/3003.dat
1 320 680 -248 -160 1 0 0 0 1 0 0 0 1 parts/3003.dat
1 320 710 -248 -160 0 0 -1 0 1 0 1 0 0 parts/3004.dat
1 320 250 -248 -200 0 0 -1 0 1 0 1 0 0 parts/3004.dat
1 320 280 -248 -200 1 0 0 0 1 0 0 0 1 parts/3003.dat
1 320 320 -248 -200 1 0 0 0 1 0 0 0 1 parts/3003.dat
0 STEP
0 // step 140: roof: 10 pieces at plate 28
1 320 360 -248 -200 1 0 0 0 1 0 0 0 1 parts/3003.dat
1 320 400 -248 -200 1 0 0 0 1 0 0 0 1 parts/3003.dat
1 320 440 -248 -200 1 0 0 0 1 0 0 0 1 parts/3003.dat
1 320 480 -248 -200 1 0 0 0 1 0 0 0 1 parts/3003.dat
1 320 520 -248 -200 1 0 0 0 1 0 0 0 1 parts/3003.dat
1 320 560 -248 -200 1 0 0 0 1 0 0 0 1 parts/3003.dat
1 320 600 -248 -200 1 0 0 0 1 0 0 0 1 parts/3003.dat
1 320 640 -248 -200 1 0 0 0 1 0 0 0 1 parts/3003.dat
1 320 680 -248 -200 1 0 0 0 1 0 0 0 1 parts/3003.dat
1 320 710 -248 -200 0 0 -1 0 1 0 1 0 0 parts/3004.dat
0 STEP
0 // step 141: roof: 10 pieces at plate 28
1 320 250 -248 -240 0 0 -1 0 1 0 1 0 0 parts/3004.dat
1 320 280 -248 -240 1 0 0 0 1 0 0 0 1 parts/3003.dat
1 320 320 -248 -240 1 0 0 0 1 0 0 0 1 parts/3003.dat
1 320 360 -248 -240 1 0 0 0 1 0 0 0 1 parts/3003.dat
1 320 400 -248 -240 1 0 0 0 1 0 0 0 1 parts/3003.dat
1 320 440 -248 -240 1 0 0 0 1 0 0 0 1 parts/3003.dat
1 320 480 -248 -240 1 0 0 0 1 0 0 0 1 parts/3003.dat
1 320 520 -248 -240 1 0 0 0 1 0 0 0 1 parts/3003.dat
1 320 560 -248 -240 1 0 0 0 1 0 0 0 1 parts/3003.dat
1 320 600 -248 -240 1 0 0 0 1 0 0 0 1 parts/3003.dat
0 STEP
0 // step 142: roof: 10 pieces at plate 28
1 320 640 -248 -240 1 0 0 0 1 0 0 0 1 parts/3003.dat
1 320 680 -248 -240 1 0 0 0 1 0 0 0 1 parts/3003.dat
1 320 710 -248 -240 0 0 -1 0 1 0 1 0 0 parts/3004.dat
1 320 250 -248 -280 0 0 -1 0 1 0 1 0 0 parts/3004.dat
1 320 280 -248 -280 1 0 0 0 1 0 0 0 1 parts/3003.dat
1 320 320 -248 -280 1 0 0 0 1 0 0 0 1 parts/3003.dat
1 320 360 -248 -280 1 0 0 0 1 0 0 0 1 parts/3003.dat
1 320 400 -248 -280 1 0 0 0 1 0 0 0 1 parts/3003.dat
1 320 440 -248 -280 1 0 0 0 1 0 0 0 1 parts/3003.dat
1 320 480 -248 -280 1 0 0 0 1 0 0 0 1 parts/3003.dat
0 STEP
0 // step 143: roof: 10 pieces at plate 28
1 320 520 -248 -280 1 0 0 0 1 0 0 0 1 parts/3003.dat
1 320 560 -248 -280 1 0 0 0 1 0 0 0 1 parts/3003.dat
1 320 600 -248 -280 1 0 0 0 1 0 0 0 1 parts/3003.dat
1 320 640 -248 -280 1 0 0 0 1 0 0 0 1 parts/3003.dat
1 320 680 -248 -280 1 0 0 0 1 0 0 0 1 parts/3003.dat
1 320 710 -248 -280 0 0 -1 0 1 0 1 0 0 parts/3004.dat
1 320 250 -248 -320 0 0 -1 0 1 0 1 0 0 parts/3004.dat
1 320 280 -248 -320 1 0 0 0 1 0 0 0 1 parts/3003.dat
1 320 320 -248 -320 1 0 0 0 1 0 0 0 1 parts/3003.dat
1 320 360 -248 -320 1 0 0 0 1 0 0 0 1 parts/3003.dat
0 STEP
0 // step 144: roof: 10 pieces at plate 28
1 320 400 -248 -320 1 0 0 0 1 0 0 0 1 parts/3003.dat
1 320 440 -248 -320 1 0 0 0 1 0 0 0 1 parts/3003.dat
1 320 480 -248 -320 1 0 0 0 1 0 0 0 1 parts/3003.dat
1 320 520 -248 -320 1 0 0 0 1 0 0 0 1 parts/3003.dat
1 320 560 -248 -320 1 0 0 0 1 0 0 0 1 parts/3003.dat
1 320 600 -248 -320 1 0 0 0 1 0 0 0 1 parts/3003.dat
1 320 640 -248 -320 1 0 0 0 1 0 0 0 1 parts/3003.dat
1 320 680 -248 -320 1 0 0 0 1 0 0 0 1 parts/3003.dat
1 320 710 -248 -320 0 0 -1 0 1 0 1 0 0 parts/3004.dat
1 320 250 -248 -350 1 0 0 0 1 0 0 0 1 parts/3005.dat
0 STEP
0 // step 145: roof: 10 pieces at plate 28
1 320 280 -248 -350 1 0 0 0 1 0 0 0 1 parts/3004.dat
1 320 320 -248 -350 1 0 0 0 1 0 0 0 1 parts/3004.dat
1 320 360 -248 -350 1 0 0 0 1 0 0 0 1 parts/3004.dat
1 320 400 -248 -350 1 0 0 0 1 0 0 0 1 parts/3004.dat
1 320 440 -248 -350 1 0 0 0 1 0 0 0 1 parts/3004.dat
1 320 480 -248 -350 1 0 0 0 1 0 0 0 1 parts/3004.dat
1 320 520 -248 -350 1 0 0 0 1 0 0 0 1 parts/3004.dat
1 320 560 -248 -350 1 0 0 0 1 0 0 0 1 parts/3004.dat
1 320 600 -248 -350 1 0 0 0 1 0 0 0 1 parts/3004.dat
1 320 640 -248 -350 1 0 0 0 1 0 0 0 1 parts/3004.dat
0 STEP
0 // step 146: roof: 10 pieces at plate 28
1 320 680 -248 -350 1 0 0 0 1 0 0 0 1 parts/3004.dat
1 320 710 -248 -350 1 0 0 0 1 0 0 0 1 parts/3005.dat
1 320 250 -248 -370 -1 0 0 0 1 0 0 0 -1 parts/3040b.dat
1 320 270 -248 -370 -1 0 0 0 1 0 0 0 -1 parts/3040b.dat
1 320 290 -248 -370 -1 0 0 0 1 0 0 0 -1 parts/3040b.dat
1 320 310 -248 -370 -1 0 0 0 1 0 0 0 -1 parts/3040b.dat
1 320 330 -248 -370 -1 0 0 0 1 0 0 0 -1 parts/3040b.dat
1 320 350 -248 -370 -1 0 0 0 1 0 0 0 -1 parts/3040b.dat
1 320 370 -248 -370 -1 0 0 0 1 0 0 0 -1 parts/3040b.dat
1 320 390 -248 -370 -1 0 0 0 1 0 0 0 -1 parts/3040b.dat
0 STEP
0 // step 147: roof: 10 pieces at plate 28
1 320 410 -248 -370 -1 0 0 0 1 0 0 0 -1 parts/3040b.dat
1 320 430 -248 -370 -1 0 0 0 1 0 0 0 -1 parts/3040b.dat
1 320 450 -248 -370 -1 0 0 0 1 0 0 0 -1 parts/3040b.dat
1 320 470 -248 -370 -1 0 0 0 1 0 0 0 -1 parts/3040b.dat
1 320 490 -248 -370 -1 0 0 0 1 0 0 0 -1 parts/3040b.dat
1 320 510 -248 -370 -1 0 0 0 1 0 0 0 -1 parts/3040b.dat
1 320 530 -248 -370 -1 0 0 0 1 0 0 0 -1 parts/3040b.dat
1 320 550 -248 -370 -1 0 0 0 1 0 0 0 -1 parts/3040b.dat
1 320 570 -248 -370 -1 0 0 0 1 0 0 0 -1 parts/3040b.dat
1 320 590 -248 -370 -1 0 0 0 1 0 0 0 -1 parts/3040b.dat
0 STEP
0 // step 148: roof: 6 pieces at plate 28
1 320 610 -248 -370 -1 0 0 0 1 0 0 0 -1 parts/3040b.dat
1 320 630 -248 -370 -1 0 0 0 1 0 0 0 -1 parts/3040b.dat
1 320 650 -248 -370 -1 0 0 0 1 0 0 0 -1 parts/3040b.dat
1 320 670 -248 -370 -1 0 0 0 1 0 0 0 -1 parts/3040b.dat
1 320 690 -248 -370 -1 0 0 0 1 0 0 0 -1 parts/3040b.dat
1 320 710 -248 -370 -1 0 0 0 1 0 0 0 -1 parts/3040b.dat
0 STEP
0 // step 149: roof: 10 pieces at plate 31
1 320 250 -272 -150 1 0 0 0 1 0 0 0 1 parts/3040b.dat
1 320 270 -272 -150 1 0 0 0 1 0 0 0 1 parts/3040b.dat
1 320 290 -272 -150 1 0 0 0 1 0 0 0 1 parts/3040b.dat
1 320 310 -272 -150 1 0 0 0 1 0 0 0 1 parts/3040b.dat
1 320 330 -272 -150 1 0 0 0 1 0 0 0 1 parts/3040b.dat
1 320 350 -272 -150 1 0 0 0 1 0 0 0 1 parts/3040b.dat
1 320 370 -272 -150 1 0 0 0 1 0 0 0 1 parts/3040b.dat
1 320 390 -272 -150 1 0 0 0 1 0 0 0 1 parts/3040b.dat
1 320 410 -272 -150 1 0 0 0 1 0 0 0 1 parts/3040b.dat
1 320 430 -272 -150 1 0 0 0 1 0 0 0 1 parts/3040b.dat
0 STEP
0 // step 150: roof: 10 pieces at plate 31
1 320 450 -272 -150 1 0 0 0 1 0 0 0 1 parts/3040b.dat
1 320 470 -272 -150 1 0 0 0 1 0 0 0 1 parts/3040b.dat
1 320 490 -272 -150 1 0 0 0 1 0 0 0 1 parts/3040b.dat
1 320 510 -272 -150 1 0 0 0 1 0 0 0 1 parts/3040b.dat
1 320 530 -272 -150 1 0 0 0 1 0 0 0 1 parts/3040b.dat
1 320 550 -272 -150 1 0 0 0 1 0 0 0 1 parts/3040b.dat
1 320 570 -272 -150 1 0 0 0 1 0 0 0 1 parts/3040b.dat
1 320 590 -272 -150 1 0 0 0 1 0 0 0 1 parts/3040b.dat
1 320 610 -272 -150 1 0 0 0 1 0 0 0 1 parts/3040b.dat
1 320 630 -272 -150 1 0 0 0 1 0 0 0 1 parts/3040b.dat
0 STEP
0 // step 151: roof: 10 pieces at plate 31
1 320 650 -272 -150 1 0 0 0 1 0 0 0 1 parts/3040b.dat
1 320 670 -272 -150 1 0 0 0 1 0 0 0 1 parts/3040b.dat
1 320 690 -272 -150 1 0 0 0 1 0 0 0 1 parts/3040b.dat
1 320 710 -272 -150 1 0 0 0 1 0 0 0 1 parts/3040b.dat
1 320 280 -272 -180 1 0 0 0 1 0 0 0 1 parts/3001.dat
1 320 360 -272 -180 1 0 0 0 1 0 0 0 1 parts/3001.dat
1 320 440 -272 -180 1 0 0 0 1 0 0 0 1 parts/3001.dat
1 320 520 -272 -180 1 0 0 0 1 0 0 0 1 parts/3001.dat
1 320 600 -272 -180 1 0 0 0 1 0 0 0 1 parts/3001.dat
1 320 680 -272 -180 1 0 0 0 1 0 0 0 1 parts/3001.dat
0 STEP
0 // step 152: roof: 10 pieces at plate 31
1 320 280 -272 -220 1 0 0 0 1 0 0 0 1 parts/3001.dat
1 320 360 -272 -220 1 0 0 0 1 0 0 0 1 parts/3001.dat
1 320 440 -272 -220 1 0 0 0 1 0 0 0 1 parts/3001.dat
1 320 520 -272 -220 1 0 0 0 1 0 0 0 1 parts/3001.dat
1 320 600 -272 -220 1 0 0 0 1 0 0 0 1 parts/3001.dat
1 320 680 -272 -220 1 0 0 0 1 0 0 0 1 parts/3001.dat
1 320 280 -272 -260 1 0 0 0 1 0 0 0 1 parts/3001.dat
1 320 360 -272 -260 1 0 0 0 1 0 0 0 1 parts/3001.dat
1 320 440 -272 -260 1 0 0 0 1 0 0 0 1 parts/3001.dat
1 320 520 -272 -260 1 0 0 0 1 0 0 0 1 parts/3001.dat
0 STEP
0 // step 153: roof: 10 pieces at plate 31
1 320 600 -272 -260 1 0 0 0 1 0 0 0 1 parts/3001.dat
1 320 680 -272 -260 1 0 0 0 1 0 0 0 1 parts/3001.dat
1 320 280 -272 -300 1 0 0 0 1 0 0 0 1 parts/3001.dat
1 320 360 -272 -300 1 0 0 0 1 0 0 0 1 parts/3001.dat
1 320 440 -272 -300 1 0 0 0 1 0 0 0 1 parts/3001.dat
1 320 520 -272 -300 1 0 0 0 1 0 0 0 1 parts/3001.dat
1 320 600 -272 -300 1 0 0 0 1 0 0 0 1 parts/3001.dat
1 320 680 -272 -300 1 0 0 0 1 0 0 0 1 parts/3001.dat
1 320 280 -272 -330 1 0 0 0 1 0 0 0 1 parts/3010.dat
1 320 360 -272 -330 1 0 0 0 1 0 0 0 1 parts/3010.dat
0 STEP
0 // step 154: roof: 10 pieces at plate 31
1 320 440 -272 -330 1 0 0 0 1 0 0 0 1 parts/3010.dat
1 320 520 -272 -330 1 0 0 0 1 0 0 0 1 parts/3010.dat
1 320 600 -272 -330 1 0 0 0 1 0 0 0 1 parts/3010.dat
1 320 680 -272 -330 1 0 0 0 1 0 0 0 1 parts/3010.dat
1 320 250 -272 -350 -1 0 0 0 1 0 0 0 -1 parts/3040b.dat
1 320 270 -272 -350 -1 0 0 0 1 0 0 0 -1 parts/3040b.dat
1 320 290 -272 -350 -1 0 0 0 1 0 0 0 -1 parts/3040b.dat
1 320 310 -272 -350 -1 0 0 0 1 0 0 0 -1 parts/3040b.dat
1 320 330 -272 -350 -1 0 0 0 1 0 0 0 -1 parts/3040b.dat
1 320 350 -272 -350 -1 0 0 0 1 0 0 0 -1 parts/3040b.dat
0 STEP
0 // step 155: roof: 10 pieces at plate 31
1 320 370 -272 -350 -1 0 0 0 1 0 0 0 -1 parts/3040b.dat
1 320 390 -272 -350 -1 0 0 0 1 0 0 0 -1 parts/3040b.dat
1 320 410 -272 -350 -1 0 0 0 1 0 0 0 -1 parts/3040b.dat
1 320 430 -272 -350 -1 0 0 0 1 0 0 0 -1 parts/3040b.dat
1 320 450 -272 -350 -1 0 0 0 1 0 0 0 -1 parts/3040b.dat
1 320 470 -272 -350 -1 0 0 0 1 0 0 0 -1 parts/3040b.dat
1 320 490 -272 -350 -1 0 0 0 1 0 0 0 -1 parts/3040b.dat
1 320 510 -272 -350 -1 0 0 0 1 0 0 0 -1 parts/3040b.dat
1 320 530 -272 -350 -1 0 0 0 1 0 0 0 -1 parts/3040b.dat
1 320 550 -272 -350 -1 0 0 0 1 0 0 0 -1 parts/3040b.dat
0 STEP
0 // step 156: roof: 8 pieces at plate 31
1 320 570 -272 -350 -1 0 0 0 1 0 0 0 -1 parts/3040b.dat
1 320 590 -272 -350 -1 0 0 0 1 0 0 0 -1 parts/3040b.dat
1 320 610 -272 -350 -1 0 0 0 1 0 0 0 -1 parts/3040b.dat
1 320 630 -272 -350 -1 0 0 0 1 0 0 0 -1 parts/3040b.dat
1 320 650 -272 -350 -1 0 0 0 1 0 0 0 -1 parts/3040b.dat
1 320 670 -272 -350 -1 0 0 0 1 0 0 0 -1 parts/3040b.dat
1 320 690 -272 -350 -1 0 0 0 1 0 0 0 -1 parts/3040b.dat
1 320 710 -272 -350 -1 0 0 0 1 0 0 0 -1 parts/3040b.dat
0 STEP
0 // step 157: roof: 10 pieces at plate 34
1 320 250 -296 -170 1 0 0 0 1 0 0 0 1 parts/3040b.dat
1 320 270 -296 -170 1 0 0 0 1 0 0 0 1 parts/3040b.dat
1 320 290 -296 -170 1 0 0 0 1 0 0 0 1 parts/3040b.dat
1 320 310 -296 -170 1 0 0 0 1 0 0 0 1 parts/3040b.dat
1 320 330 -296 -170 1 0 0 0 1 0 0 0 1 parts/3040b.dat
1 320 350 -296 -170 1 0 0 0 1 0 0 0 1 parts/3040b.dat
1 320 370 -296 -170 1 0 0 0 1 0 0 0 1 parts/3040b.dat
1 320 390 -296 -170 1 0 0 0 1 0 0 0 1 parts/3040b.dat
1 320 410 -296 -170 1 0 0 0 1 0 0 0 1 parts/3040b.dat
1 320 430 -296 -170 1 0 0 0 1 0 0 0 1 parts/3040b.dat
0 STEP
0 // step 158: roof: 10 pieces at plate 34
1 320 450 -296 -170 1 0 0 0 1 0 0 0 1 parts/3040b.dat
1 320 470 -296 -170 1 0 0 0 1 0 0 0 1 parts/3040b.dat
1 320 490 -296 -170 1 0 0 0 1 0 0 0 1 parts/3040b.dat
1 320 510 -296 -170 1 0 0 0 1 0 0 0 1 parts/3040b.dat
1 320 530 -296 -170 1 0 0 0 1 0 0 0 1 parts/3040b.dat
1 320 550 -296 -170 1 0 0 0 1 0 0 0 1 parts/3040b.dat
1 320 570 -296 -170 1 0 0 0 1 0 0 0 1 parts/3040b.dat
1 320 590 -296 -170 1 0 0 0 1 0 0 0 1 parts/3040b.dat
1 320 610 -296 -170 1 0 0 0 1 0 0 0 1 parts/3040b.dat
1 320 630 -296 -170 1 0 0 0 1 0 0 0 1 parts/3040b.dat
0 STEP
0 // step 159: roof: 10 pieces at plate 34
1 320 650 -296 -170 1 0 0 0 1 0 0 0 1 parts/3040b.dat
1 320 670 -296 -170 1 0 0 0 1 0 0 0 1 parts/3040b.dat
1 320 690 -296 -170 1 0 0 0 1 0 0 0 1 parts/3040b.dat
1 320 710 -296 -170 1 0 0 0 1 0 0 0 1 parts/3040b.dat
1 320 250 -296 -200 0 0 -1 0 1 0 1 0 0 parts/3004.dat
1 320 280 -296 -200 1 0 0 0 1 0 0 0 1 parts/3003.dat
1 320 320 -296 -200 1 0 0 0 1 0 0 0 1 parts/3003.dat
1 320 360 -296 -200 1 0 0 0 1 0 0 0 1 parts/3003.dat
1 320 400 -296 -200 1 0 0 0 1 0 0 0 1 parts/3003.dat
1 320 440 -296 -200 1 0 0 0 1 0 0 0 1 parts/3003.dat
0 STEP
0 // step 160: roof: 10 pieces at plate 34
1 320 480 -296 -200 1 0 0 0 1 0 0 0 1 parts/3003.dat
1 320 520 -296 -200 1 0 0 0 1 0 0 0 1 parts/3003.dat
1 320 560 -296 -200 1 0 0 0 1 0 0 0 1 parts/3003.dat
1 320 600 -296 -200 1 0 0 0 1 0 0 0 1 parts/3003.dat
1 320 640 -296 -200 1 0 0 0 1 0 0 0 1 parts/3003.dat
1 320 680 -296 -200 1 0 0 0 1 0 0 0 1 parts/3003.dat
1 320 710 -296 -200 0 0 -1 0 1 0 1 0 0 parts/3004.dat
1 320 250 -296 -240 0 0 -1 0 1 0 1 0 0 parts/3004.dat
1 320 280 -296 -240 1 0 0 0 1 0 0 0 1 parts/3003.dat
1 320 320 -296 -240 1 0 0 0 1 0 0 0 1 parts/3003.dat
0 STEP
0 // step 161: roof: 10 pieces at plate 34
1 320 360 -296 -240 1 0 0 0 1 0 0 0 1 parts/3003.dat
1 320 400 -296 -240 1 0 0 0 1 0 0 0 1 parts/3003.dat
1 320 440 -296 -240 1 0 0 0 1 0 0 0 1 parts/3003.dat
1 320 480 -296 -240 1 0 0 0 1 0 0 0 1 parts/3003.dat
1 320 520 -296 -240 1 0 0 0 1 0 0 0 1 parts/3003.dat
1 320 560 -296 -240 1 0 0 0 1 0 0 0 1 parts/3003.dat
1 320 600 -296 -240 1 0 0 0 1 0 0 0 1 parts/3003.dat
1 320 640 -296 -240 1 0 0 0 1 0 0 0 1 parts/3003.dat
1 320 680 -296 -240 1 0 0 0 1 0 0 0 1 parts/3003.dat
1 320 710 -296 -240 0 0 -1 0 1 0 1 0 0 parts/3004.dat
0 STEP
0 // step 162: roof: 10 pieces at plate 34
1 320 250 -296 -280 0 0 -1 0 1 0 1 0 0 parts/3004.dat
1 320 280 -296 -280 1 0 0 0 1 0 0 0 1 parts/3003.dat
1 320 320 -296 -280 1 0 0 0 1 0 0 0 1 parts/3003.dat
1 320 360 -296 -280 1 0 0 0 1 0 0 0 1 parts/3003.dat
1 320 400 -296 -280 1 0 0 0 1 0 0 0 1 parts/3003.dat
1 320 440 -296 -280 1 0 0 0 1 0 0 0 1 parts/3003.dat
1 320 480 -296 -280 1 0 0 0 1 0 0 0 1 parts/3003.dat
1 320 520 -296 -280 1 0 0 0 1 0 0 0 1 parts/3003.dat
1 320 560 -296 -280 1 0 0 0 1 0 0 0 1 parts/3003.dat
1 320 600 -296 -280 1 0 0 0 1 0 0 0 1 parts/3003.dat
0 STEP
0 // step 163: roof: 10 pieces at plate 34
1 320 640 -296 -280 1 0 0 0 1 0 0 0 1 parts/3003.dat
1 320 680 -296 -280 1 0 0 0 1 0 0 0 1 parts/3003.dat
1 320 710 -296 -280 0 0 -1 0 1 0 1 0 0 parts/3004.dat
1 320 250 -296 -310 1 0 0 0 1 0 0 0 1 parts/3005.dat
1 320 280 -296 -310 1 0 0 0 1 0 0 0 1 parts/3004.dat
1 320 320 -296 -310 1 0 0 0 1 0 0 0 1 parts/3004.dat
1 320 360 -296 -310 1 0 0 0 1 0 0 0 1 parts/3004.dat
1 320 400 -296 -310 1 0 0 0 1 0 0 0 1 parts/3004.dat
1 320 440 -296 -310 1 0 0 0 1 0 0 0 1 parts/3004.dat
1 320 480 -296 -310 1 0 0 0 1 0 0 0 1 parts/3004.dat
0 STEP
0 // step 164: roof: 10 pieces at plate 34
1 320 520 -296 -310 1 0 0 0 1 0 0 0 1 parts/3004.dat
1 320 560 -296 -310 1 0 0 0 1 0 0 0 1 parts/3004.dat
1 320 600 -296 -310 1 0 0 0 1 0 0 0 1 parts/3004.dat
1 320 640 -296 -310 1 0 0 0 1 0 0 0 1 parts/3004.dat
1 320 680 -296 -310 1 0 0 0 1 0 0 0 1 parts/3004.dat
1 320 710 -296 -310 1 0 0 0 1 0 0 0 1 parts/3005.dat
1 320 250 -296 -330 -1 0 0 0 1 0 0 0 -1 parts/3040b.dat
1 320 270 -296 -330 -1 0 0 0 1 0 0 0 -1 parts/3040b.dat
1 320 290 -296 -330 -1 0 0 0 1 0 0 0 -1 parts/3040b.dat
1 320 310 -296 -330 -1 0 0 0 1 0 0 0 -1 parts/3040b.dat
0 STEP
0 // step 165: roof: 10 pieces at plate 34
1 320 330 -296 -330 -1 0 0 0 1 0 0 0 -1 parts/3040b.dat
1 320 350 -296 -330 -1 0 0 0 1 0 0 0 -1 parts/3040b.dat
1 320 370 -296 -330 -1 0 0 0 1 0 0 0 -1 parts/3040b.dat
1 320 390 -296 -330 -1 0 0 0 1 0 0 0 -1 parts/3040b.dat
1 320 410 -296 -330 -1 0 0 0 1 0 0 0 -1 parts/3040b.dat
1 320 430 -296 -330 -1 0 0 0 1 0 0 0 -1 parts/3040b.dat
1 320 450 -296 -330 -1 0 0 0 1 0 0 0 -1 parts/3040b.dat
1 320 470 -296 -330 -1 0 0 0 1 0 0 0 -1 parts/3040b.dat
1 320 490 -296 -330 -1 0 0 0 1 0 0 0 -1 parts/3040b.dat
1 320 510 -296 -330 -1 0 0 0 1 0 0 0 -1 parts/3040b.dat
0 STEP
0 // step 166: roof: 10 pieces at plate 34
1 320 530 -296 -330 -1 0 0 0 1 0 0 0 -1 parts/3040b.dat
1 320 550 -296 -330 -1 0 0 0 1 0 0 0 -1 parts/3040b.dat
1 320 570 -296 -330 -1 0 0 0 1 0 0 0 -1 parts/3040b.dat
1 320 590 -296 -330 -1 0 0 0 1 0 0 0 -1 parts/3040b.dat
1 320 610 -296 -330 -1 0 0 0 1 0 0 0 -1 parts/3040b.dat
1 320 630 -296 -330 -1 0 0 0 1 0 0 0 -1 parts/3040b.dat
1 320 650 -296 -330 -1 0 0 0 1 0 0 0 -1 parts/3040b.dat
1 320 670 -296 -330 -1 0 0 0 1 0 0 0 -1 parts/3040b.dat
1 320 690 -296 -330 -1 0 0 0 1 0 0 0 -1 parts/3040b.dat
1 320 710 -296 -330 -1 0 0 0 1 0 0 0 -1 parts/3040b.dat
0 STEP
0 // step 167: roof: 10 pieces at plate 37
1 320 250 -320 -190 1 0 0 0 1 0 0 0 1 parts/3040b.dat
1 320 270 -320 -190 1 0 0 0 1 0 0 0 1 parts/3040b.dat
1 320 290 -320 -190 1 0 0 0 1 0 0 0 1 parts/3040b.dat
1 320 310 -320 -190 1 0 0 0 1 0 0 0 1 parts/3040b.dat
1 320 330 -320 -190 1 0 0 0 1 0 0 0 1 parts/3040b.dat
1 320 350 -320 -190 1 0 0 0 1 0 0 0 1 parts/3040b.dat
1 320 370 -320 -190 1 0 0 0 1 0 0 0 1 parts/3040b.dat
1 320 390 -320 -190 1 0 0 0 1 0 0 0 1 parts/3040b.dat
1 320 410 -320 -190 1 0 0 0 1 0 0 0 1 parts/3040b.dat
1 320 430 -320 -190 1 0 0 0 1 0 0 0 1 parts/3040b.dat
0 STEP
0 // step 168: roof: 10 pieces at plate 37
1 320 450 -320 -190 1 0 0 0 1 0 0 0 1 parts/3040b.dat
1 320 470 -320 -190 1 0 0 0 1 0 0 0 1 parts/3040b.dat
1 320 490 -320 -190 1 0 0 0 1 0 0 0 1 parts/3040b.dat
1 320 510 -320 -190 1 0 0 0 1 0 0 0 1 parts/3040b.dat
1 320 530 -320 -190 1 0 0 0 1 0 0 0 1 parts/3040b.dat
1 320 550 -320 -190 1 0 0 0 1 0 0 0 1 parts/3040b.dat
1 320 570 -320 -190 1 0 0 0 1 0 0 0 1 parts/3040b.dat
1 320 590 -320 -190 1 0 0 0 1 0 0 0 1 parts/3040b.dat
1 320 610 -320 -190 1 0 0 0 1 0 0 0 1 parts/3040b.dat
1 320 630 -320 -190 1 0 0 0 1 0 0 0 1 parts/3040b.dat
0 STEP
0 // step 169: roof: 10 pieces at plate 37
1 320 650 -320 -190 1 0 0 0 1 0 0 0 1 parts/3040b.dat
1 320 670 -320 -190 1 0 0 0 1 0 0 0 1 parts/3040b.dat
1 320 690 -320 -190 1 0 0 0 1 0 0 0 1 parts/3040b.dat
1 320 710 -320 -190 1 0 0 0 1 0 0 0 1 parts/3040b.dat
1 320 280 -320 -220 1 0 0 0 1 0 0 0 1 parts/3001.dat
1 320 360 -320 -220 1 0 0 0 1 0 0 0 1 parts/3001.dat
1 320 440 -320 -220 1 0 0 0 1 0 0 0 1 parts/3001.dat
1 320 520 -320 -220 1 0 0 0 1 0 0 0 1 parts/3001.dat
1 320 600 -320 -220 1 0 0 0 1 0 0 0 1 parts/3001.dat
1 320 680 -320 -220 1 0 0 0 1 0 0 0 1 parts/3001.dat
0 STEP
0 // step 170: roof: 10 pieces at plate 37
1 320 280 -320 -260 1 0 0 0 1 0 0 0 1 parts/3001.dat
1 320 360 -320 -260 1 0 0 0 1 0 0 0 1 parts/3001.dat
1 320 440 -320 -260 1 0 0 0 1 0 0 0 1 parts/3001.dat
1 320 520 -320 -260 1 0 0 0 1 0 0 0 1 parts/3001.dat
1 320 600 -320 -260 1 0 0 0 1 0 0 0 1 parts/3001.dat
1 320 680 -320 -260 1 0 0 0 1 0 0 0 1 parts/3001.dat
1 320 280 -320 -290 1 0 0 0 1 0 0 0 1 parts/3010.dat
1 320 360 -320 -290 1 0 0 0 1 0 0 0 1 parts/3010.dat
1 320 440 -320 -290 1 0 0 0 1 0 0 0 1 parts/3010.dat
1 320 520 -320 -290 1 0 0 0 1 0 0 0 1 parts/3010.dat
0 STEP
0 // step 171: roof: 10 pieces at plate 37
1 320 600 -320 -290 1 0 0 0 1 0 0 0 1 parts/3010.dat
1 320 680 -320 -290 1 0 0 0 1 0 0 0 1 parts/3010.dat
1 320 250 -320 -310 -1 0 0 0 1 0 0 0 -1 parts/3040b.dat
1 320 270 -320 -310 -1 0 0 0 1 0 0 0 -1 parts/3040b.dat
1 320 290 -320 -310 -1 0 0 0 1 0 0 0 -1 parts/3040b.dat
1 320 310 -320 -310 -1 0 0 0 1 0 0 0 -1 parts/3040b.dat
1 320 330 -320 -310 -1 0 0 0 1 0 0 0 -1 parts/3040b.dat
1 320 350 -320 -310 -1 0 0 0 1 0 0 0 -1 parts/3040b.dat
1 320 370 -320 -310 -1 0 0 0 1 0 0 0 -1 parts/3040b.dat
1 320 390 -320 -310 -1 0 0 0 1 0 0 0 -1 parts/3040b.dat
0 STEP
0 // step 172: roof: 10 pieces at plate 37
1 320 410 -320 -310 -1 0 0 0 1 0 0 0 -1 parts/3040b.dat
1 320 430 -320 -310 -1 0 0 0 1 0 0 0 -1 parts/3040b.dat
1 320 450 -320 -310 -1 0 0 0 1 0 0 0 -1 parts/3040b.dat
1 320 470 -320 -310 -1 0 0 0 1 0 0 0 -1 parts/3040b.dat
1 320 490 -320 -310 -1 0 0 0 1 0 0 0 -1 parts/3040b.dat
1 320 510 -320 -310 -1 0 0 0 1 0 0 0 -1 parts/3040b.dat
1 320 530 -320 -310 -1 0 0 0 1 0 0 0 -1 parts/3040b.dat
1 320 550 -320 -310 -1 0 0 0 1 0 0 0 -1 parts/3040b.dat
1 320 570 -320 -310 -1 0 0 0 1 0 0 0 -1 parts/3040b.dat
1 320 590 -320 -310 -1 0 0 0 1 0 0 0 -1 parts/3040b.dat
0 STEP
0 // step 173: roof: 6 pieces at plate 37
1 320 610 -320 -310 -1 0 0 0 1 0 0 0 -1 parts/3040b.dat
1 320 630 -320 -310 -1 0 0 0 1 0 0 0 -1 parts/3040b.dat
1 320 650 -320 -310 -1 0 0 0 1 0 0 0 -1 parts/3040b.dat
1 320 670 -320 -310 -1 0 0 0 1 0 0 0 -1 parts/3040b.dat
1 320 690 -320 -310 -1 0 0 0 1 0 0 0 -1 parts/3040b.dat
1 320 710 -320 -310 -1 0 0 0 1 0 0 0 -1 parts/3040b.dat
0 STEP
0 // step 174: roof: 10 pieces at plate 40
1 320 250 -344 -210 1 0 0 0 1 0 0 0 1 parts/3040b.dat
1 320 270 -344 -210 1 0 0 0 1 0 0 0 1 parts/3040b.dat
1 320 290 -344 -210 1 0 0 0 1 0 0 0 1 parts/3040b.dat
1 320 310 -344 -210 1 0 0 0 1 0 0 0 1 parts/3040b.dat
1 320 330 -344 -210 1 0 0 0 1 0 0 0 1 parts/3040b.dat
1 320 350 -344 -210 1 0 0 0 1 0 0 0 1 parts/3040b.dat
1 320 370 -344 -210 1 0 0 0 1 0 0 0 1 parts/3040b.dat
1 320 390 -344 -210 1 0 0 0 1 0 0 0 1 parts/3040b.dat
1 320 410 -344 -210 1 0 0 0 1 0 0 0 1 parts/3040b.dat
1 320 430 -344 -210 1 0 0 0 1 0 0 0 1 parts/3040b.dat
0 STEP
0 // step 175: roof: 10 pieces at plate 40
1 320 450 -344 -210 1 0 0 0 1 0 0 0 1 parts/3040b.dat
1 320 470 -344 -210 1 0 0 0 1 0 0 0 1 parts/3040b.dat
1 320 490 -344 -210 1 0 0 0 1 0 0 0 1 parts/3040b.dat
1 320 510 -344 -210 1 0 0 0 1 0 0 0 1 parts/3040b.dat
1 320 530 -344 -210 1 0 0 0 1 0 0 0 1 parts/3040b.dat
1 320 550 -344 -210 1 0 0 0 1 0 0 0 1 parts/3040b.dat
1 320 570 -344 -210 1 0 0 0 1 0 0 0 1 parts/3040b.dat
1 320 590 -344 -210 1 0 0 0 1 0 0 0 1 parts/3040b.dat
1 320 610 -344 -210 1 0 0 0 1 0 0 0 1 parts/3040b.dat
1 320 630 -344 -210 1 0 0 0 1 0 0 0 1 parts/3040b.dat
0 STEP
0 // step 176: roof: 10 pieces at plate 40
1 320 650 -344 -210 1 0 0 0 1 0 0 0 1 parts/3040b.dat
1 320 670 -344 -210 1 0 0 0 1 0 0 0 1 parts/3040b.dat
1 320 690 -344 -210 1 0 0 0 1 0 0 0 1 parts/3040b.dat
1 320 710 -344 -210 1 0 0 0 1 0 0 0 1 parts/3040b.dat
1 320 250 -344 -240 0 0 -1 0 1 0 1 0 0 parts/3004.dat
1 320 280 -344 -240 1 0 0 0 1 0 0 0 1 parts/3003.dat
1 320 320 -344 -240 1 0 0 0 1 0 0 0 1 parts/3003.dat
1 320 360 -344 -240 1 0 0 0 1 0 0 0 1 parts/3003.dat
1 320 400 -344 -240 1 0 0 0 1 0 0 0 1 parts/3003.dat
1 320 440 -344 -240 1 0 0 0 1 0 0 0 1 parts/3003.dat
0 STEP
0 // step 177: roof: 10 pieces at plate 40
1 320 480 -344 -240 1 0 0 0 1 0 0 0 1 parts/3003.dat
1 320 520 -344 -240 1 0 0 0 1 0 0 0 1 parts/3003.dat
1 320 560 -344 -240 1 0 0 0 1 0 0 0 1 parts/3003.dat
1 320 600 -344 -240 1 0 0 0 1 0 0 0 1 parts/3003.dat
1 320 640 -344 -240 1 0 0 0 1 0 0 0 1 parts/3003.dat
1 320 680 -344 -240 1 0 0 0 1 0 0 0 1 parts/3003.dat
1 320 710 -344 -240 0 0 -1 0 1 0 1 0 0 parts/3004.dat
1 320 250 -344 -270 1 0 0 0 1 0 0 0 1 parts/3005.dat
1 320 280 -344 -270 1 0 0 0 1 0 0 0 1 parts/3004.dat
1 320 320 -344 -270 1 0 0 0 1 0 0 0 1 parts/3004.dat
0 STEP
0 // step 178: roof: 10 pieces at plate 40
1 320 360 -344 -270 1 0 0 0 1 0 0 0 1 parts/3004.dat
1 320 400 -344 -270 1 0 0 0 1 0 0 0 1 parts/3004.dat
1 320 440 -344 -270 1 0 0 0 1 0 0 0 1 parts/3004.dat
1 320 480 -344 -270 1 0 0 0 1 0 0 0 1 parts/3004.dat
1 320 520 -344 -270 1 0 0 0 1 0 0 0 1 parts/3004.dat
1 320 560 -344 -270 1 0 0 0 1 0 0 0 1 parts/3004.dat
1 320 600 -344 -270 1 0 0 0 1 0 0 0 1 parts/3004.dat
1 320 640 -344 -270 1 0 0 0 1 0 0 0 1 parts/3004.dat
1 320 680 -344 -270 1 0 0 0 1 0 0 0 1 parts/3004.dat
1 320 710 -344 -270 1 0 0 0 1 0 0 0 1 parts/3005.dat
0 STEP
0 // step 179: roof: 10 pieces at plate 40
1 320 250 -344 -290 -1 0 0 0 1 0 0 0 -1 parts/3040b.dat
1 320 270 -344 -290 -1 0 0 0 1 0 0 0 -1 parts/3040b.dat
1 320 290 -344 -290 -1 0 0 0 1 0 0 0 -1 parts/3040b.dat
1 320 310 -344 -290 -1 0 0 0 1 0 0 0 -1 parts/3040b.dat
1 320 330 -344 -290 -1 0 0 0 1 0 0 0 -1 parts/3040b.dat
1 320 350 -344 -290 -1 0 0 0 1 0 0 0 -1 parts/3040b.dat
1 320 370 -344 -290 -1 0 0 0 1 0 0 0 -1 parts/3040b.dat
1 320 390 -344 -290 -1 0 0 0 1 0 0 0 -1 parts/3040b.dat
1 320 410 -344 -290 -1 0 0 0 1 0 0 0 -1 parts/3040b.dat
1 320 430 -344 -290 -1 0 0 0 1 0 0 0 -1 parts/3040b.dat
0 STEP
0 // step 180: roof: 10 pieces at plate 40
1 320 450 -344 -290 -1 0 0 0 1 0 0 0 -1 parts/3040b.dat
1 320 470 -344 -290 -1 0 0 0 1 0 0 0 -1 parts/3040b.dat
1 320 490 -344 -290 -1 0 0 0 1 0 0 0 -1 parts/3040b.dat
1 320 510 -344 -290 -1 0 0 0 1 0 0 0 -1 parts/3040b.dat
1 320 530 -344 -290 -1 0 0 0 1 0 0 0 -1 parts/3040b.dat
1 320 550 -344 -290 -1 0 0 0 1 0 0 0 -1 parts/3040b.dat
1 320 570 -344 -290 -1 0 0 0 1 0 0 0 -1 parts/3040b.dat
1 320 590 -344 -290 -1 0 0 0 1 0 0 0 -1 parts/3040b.dat
1 320 610 -344 -290 -1 0 0 0 1 0 0 0 -1 parts/3040b.dat
1 320 630 -344 -290 -1 0 0 0 1 0 0 0 -1 parts/3040b.dat
0 STEP
0 // step 181: roof: 4 pieces at plate 40
1 320 650 -344 -290 -1 0 0 0 1 0 0 0 -1 parts/3040b.dat
1 320 670 -344 -290 -1 0 0 0 1 0 0 0 -1 parts/3040b.dat
1 320 690 -344 -290 -1 0 0 0 1 0 0 0 -1 parts/3040b.dat
1 320 710 -344 -290 -1 0 0 0 1 0 0 0 -1 parts/3040b.dat
0 STEP
0 // step 182: roof: 10 pieces at plate 43
1 320 250 -368 -230 1 0 0 0 1 0 0 0 1 parts/3040b.dat
1 320 270 -368 -230 1 0 0 0 1 0 0 0 1 parts/3040b.dat
1 320 290 -368 -230 1 0 0 0 1 0 0 0 1 parts/3040b.dat
1 320 310 -368 -230 1 0 0 0 1 0 0 0 1 parts/3040b.dat
1 320 330 -368 -230 1 0 0 0 1 0 0 0 1 parts/3040b.dat
1 320 350 -368 -230 1 0 0 0 1 0 0 0 1 parts/3040b.dat
1 320 370 -368 -230 1 0 0 0 1 0 0 0 1 parts/3040b.dat
1 320 390 -368 -230 1 0 0 0 1 0 0 0 1 parts/3040b.dat
1 320 410 -368 -230 1 0 0 0 1 0 0 0 1 parts/3040b.dat
1 320 430 -368 -230 1 0 0 0 1 0 0 0 1 parts/3040b.dat
0 STEP
0 // step 183: roof: 10 pieces at plate 43
1 320 450 -368 -230 1 0 0 0 1 0 0 0 1 parts/3040b.dat
1 320 470 -368 -230 1 0 0 0 1 0 0 0 1 parts/3040b.dat
1 320 490 -368 -230 1 0 0 0 1 0 0 0 1 parts/3040b.dat
1 320 510 -368 -230 1 0 0 0 1 0 0 0 1 parts/3040b.dat
1 320 530 -368 -230 1 0 0 0 1 0 0 0 1 parts/3040b.dat
1 320 550 -368 -230 1 0 0 0 1 0 0 0 1 parts/3040b.dat
1 320 570 -368 -230 1 0 0 0 1 0 0 0 1 parts/3040b.dat
1 320 590 -368 -230 1 0 0 0 1 0 0 0 1 parts/3040b.dat
1 320 610 -368 -230 1 0 0 0 1 0 0 0 1 parts/3040b.dat
1 320 630 -368 -230 1 0 0 0 1 0 0 0 1 parts/3040b.dat
0 STEP
0 // step 184: roof: 10 pieces at plate 43
1 320 650 -368 -230 1 0 0 0 1 0 0 0 1 parts/3040b.dat
1 320 670 -368 -230 1 0 0 0 1 0 0 0 1 parts/3040b.dat
1 320 690 -368 -230 1 0 0 0 1 0 0 0 1 parts/3040b.dat
1 320 710 -368 -230 1 0 0 0 1 0 0 0 1 parts/3040b.dat
1 320 280 -368 -250 1 0 0 0 1 0 0 0 1 parts/3010.dat
1 320 360 -368 -250 1 0 0 0 1 0 0 0 1 parts/3010.dat
1 320 440 -368 -250 1 0 0 0 1 0 0 0 1 parts/3010.dat
1 320 520 -368 -250 1 0 0 0 1 0 0 0 1 parts/3010.dat
1 320 600 -368 -250 1 0 0 0 1 0 0 0 1 parts/3010.dat
1 320 680 -368 -250 1 0 0 0 1 0 0 0 1 parts/3010.dat
0 STEP
0 // step 185: roof: 10 pieces at plate 43
1 320 250 -368 -270 -1 0 0 0 1 0 0 0 -1 parts/3040b.dat
1 320 270 -368 -270 -1 0 0 0 1 0 0 0 -1 parts/3040b.dat
1 320 290 -368 -270 -1 0 0 0 1 0 0 0 -1 parts/3040b.dat
1 320 310 -368 -270 -1 0 0 0 1 0 0 0 -1 parts/3040b.dat
1 320 330 -368 -270 -1 0 0 0 1 0 0 0 -1 parts/3040b.dat
1 320 350 -368 -270 -1 0 0 0 1 0 0 0 -1 parts/3040b.dat
1 320 370 -368 -270 -1 0 0 0 1 0 0 0 -1 parts/3040b.dat
1 320 390 -368 -270 -1 0 0 0 1 0 0 0 -1 parts/3040b.dat
1 320 410 -368 -270 -1 0 0 0 1 0 0 0 -1 parts/3040b.dat
1 320 430 -368 -270 -1 0 0 0 1 0 0 0 -1 parts/3040b.dat
0 STEP
0 // step 186: roof: 10 pieces at plate 43
1 320 450 -368 -270 -1 0 0 0 1 0 0 0 -1 parts/3040b.dat
1 320 470 -368 -270 -1 0 0 0 1 0 0 0 -1 parts/3040b.dat
1 320 490 -368 -270 -1 0 0 0 1 0 0 0 -1 parts/3040b.dat
1 320 510 -368 -270 -1 0 0 0 1 0 0 0 -1 parts/3040b.dat
1 320 530 -368 -270 -1 0 0 0 1 0 0 0 -1 parts/3040b.dat
1 320 550 -368 -270 -1 0 0 0 1 0 0 0 -1 parts/3040b.dat
1 320 570 -368 -270 -1 0 0 0 1 0 0 0 -1 parts/3040b.dat
1 320 590 -368 -270 -1 0 0 0 1 0 0 0 -1 parts/3040b.dat
1 320 610 -368 -270 -1 0 0 0 1 0 0 0 -1 parts/3040b.dat
1 320 630 -368 -270 -1 0 0 0 1 0 0 0 -1 parts/3040b.dat
0 STEP
0 // step 187: roof: 4 pieces at plate 43
1 320 650 -368 -270 -1 0 0 0 1 0 0 0 -1 parts/3040b.dat
1 320 670 -368 -270 -1 0 0 0 1 0 0 0 -1 parts/3040b.dat
1 320 690 -368 -270 -1 0 0 0 1 0 0 0 -1 parts/3040b.dat
1 320 710 -368 -270 -1 0 0 0 1 0 0 0 -1 parts/3040b.dat
0 STEP
0 // step 188: roof: 10 pieces at plate 46
1 320 250 -392 -250 1 0 0 0 1 0 0 0 1 parts/3040b.dat
1 320 270 -392 -250 1 0 0 0 1 0 0 0 1 parts/3040b.dat
1 320 290 -392 -250 1 0 0 0 1 0 0 0 1 parts/3040b.dat
1 320 310 -392 -250 1 0 0 0 1 0 0 0 1 parts/3040b.dat
1 320 330 -392 -250 1 0 0 0 1 0 0 0 1 parts/3040b.dat
1 320 350 -392 -250 1 0 0 0 1 0 0 0 1 parts/3040b.dat
1 320 370 -392 -250 1 0 0 0 1 0 0 0 1 parts/3040b.dat
1 320 390 -392 -250 1 0 0 0 1 0 0 0 1 parts/3040b.dat
1 320 410 -392 -250 1 0 0 0 1 0 0 0 1 parts/3040b.dat
1 320 430 -392 -250 1 0 0 0 1 0 0 0 1 parts/3040b.dat
0 STEP
0 // step 189: roof: 10 pieces at plate 46
1 320 450 -392 -250 1 0 0 0 1 0 0 0 1 parts/3040b.dat
1 320 470 -392 -250 1 0 0 0 1 0 0 0 1 parts/3040b.dat
1 320 490 -392 -250 1 0 0 0 1 0 0 0 1 parts/3040b.dat
1 320 510 -392 -250 1 0 0 0 1 0 0 0 1 parts/3040b.dat
1 320 530 -392 -250 1 0 0 0 1 0 0 0 1 parts/3040b.dat
1 320 550 -392 -250 1 0 0 0 1 0 0 0 1 parts/3040b.dat
1 320 570 -392 -250 1 0 0 0 1 0 0 0 1 parts/3040b.dat
1 320 590 -392 -250 1 0 0 0 1 0 0 0 1 parts/3040b.dat
1 320 610 -392 -250 1 0 0 0 1 0 0 0 1 parts/3040b.dat
1 320 630 -392 -250 1 0 0 0 1 0 0 0 1 parts/3040b.dat
0 STEP
0 // step 190: roof: 4 pieces at plate 46
1 320 650 -392 -250 1 0 0 0 1 0 0 0 1 parts/3040b.dat
1 320 670 -392 -250 1 0 0 0 1 0 0 0 1 parts/3040b.dat
1 320 690 -392 -250 1 0 0 0 1 0 0 0 1 parts/3040b.dat
1 320 710 -392 -250 1 0 0 0 1 0 0 0 1 parts/3040b.dat
0 STEP
0 // step 191: roof: 6 pieces at plate 49
1 320 280 -416 -250 1 0 0 0 1 0 0 0 1 parts/3010.dat
1 320 360 -416 -250 1 0 0 0 1 0 0 0 1 parts/3010.dat
1 320 440 -416 -250 1 0 0 0 1 0 0 0 1 parts/3010.dat
1 320 520 -416 -250 1 0 0 0 1 0 0 0 1 parts/3010.dat
1 320 600 -416 -250 1 0 0 0 1 0 0 0 1 parts/3010.dat
1 320 680 -416 -250 1 0 0 0 1 0 0 0 1 parts/3010.dat
0 STEP
0 // step 192: chimney: 4 pieces at plate 21
1 72 170 -192 -200 0 0 -1 0 1 0 1 0 0 parts/3004.dat
1 72 200 -192 -200 1 0 0 0 1 0 0 0 1 parts/3003.dat
1 72 170 -192 -240 0 0 -1 0 1 0 1 0 0 parts/3004.dat
1 72 200 -192 -240 1 0 0 0 1 0 0 0 1 parts/3003.dat
0 STEP
0 // step 193: chimney: 6 pieces at plate 24
1 72 180 -216 -190 1 0 0 0 1 0 0 0 1 parts/3004.dat
1 72 210 -216 -190 1 0 0 0 1 0 0 0 1 parts/3005.dat
1 72 180 -216 -220 1 0 0 0 1 0 0 0 1 parts/3003.dat
1 72 210 -216 -220 0 0 -1 0 1 0 1 0 0 parts/3004.dat
1 72 180 -216 -250 1 0 0 0 1 0 0 0 1 parts/3004.dat
1 72 210 -216 -250 1 0 0 0 1 0 0 0 1 parts/3005.dat
0 STEP
0 // step 194: chimney: 4 pieces at plate 27
1 72 170 -240 -200 0 0 -1 0 1 0 1 0 0 parts/3004.dat
1 72 200 -240 -200 1 0 0 0 1 0 0 0 1 parts/3003.dat
1 72 170 -240 -240 0 0 -1 0 1 0 1 0 0 parts/3004.dat
1 72 200 -240 -240 1 0 0 0 1 0 0 0 1 parts/3003.dat
0 STEP
0 // step 195: chimney: 6 pieces at plate 30
1 72 180 -264 -190 1 0 0 0 1 0 0 0 1 parts/3004.dat
1 72 210 -264 -190 1 0 0 0 1 0 0 0 1 parts/3005.dat
1 72 180 -264 -220 1 0 0 0 1 0 0 0 1 parts/3003.dat
1 72 210 -264 -220 0 0 -1 0 1 0 1 0 0 parts/3004.dat
1 72 180 -264 -250 1 0 0 0 1 0 0 0 1 parts/3004.dat
1 72 210 -264 -250 1 0 0 0 1 0 0 0 1 parts/3005.dat
0 STEP
0 // step 196: chimney: 4 pieces at plate 33
1 72 170 -288 -200 0 0 -1 0 1 0 1 0 0 parts/3004.dat
1 72 200 -288 -200 1 0 0 0 1 0 0 0 1 parts/3003.dat
1 72 170 -288 -240 0 0 -1 0 1 0 1 0 0 parts/3004.dat
1 72 200 -288 -240 1 0 0 0 1 0 0 0 1 parts/3003.dat
0 STEP
0 // step 197: chimney: 6 pieces at plate 36
1 72 180 -312 -190 1 0 0 0 1 0 0 0 1 parts/3004.dat
1 72 210 -312 -190 1 0 0 0 1 0 0 0 1 parts/3005.dat
1 72 180 -312 -220 1 0 0 0 1 0 0 0 1 parts/3003.dat
1 72 210 -312 -220 0 0 -1 0 1 0 1 0 0 parts/3004.dat
1 72 180 -312 -250 1 0 0 0 1 0 0 0 1 parts/3004.dat
1 72 210 -312 -250 1 0 0 0 1 0 0 0 1 parts/3005.dat
0 STEP
0 // step 198: chimney: 4 pieces at plate 39
1 72 170 -336 -200 0 0 -1 0 1 0 1 0 0 parts/3004.dat
1 72 200 -336 -200 1 0 0 0 1 0 0 0 1 parts/3003.dat
1 72 170 -336 -240 0 0 -1 0 1 0 1 0 0 parts/3004.dat
1 72 200 -336 -240 1 0 0 0 1 0 0 0 1 parts/3003.dat
0 STEP
0 // step 199: porch chairs: 8 pieces at plate 1
1 70 290 -32 -410 1 0 0 0 1 0 0 0 1 parts/24201.dat
1 70 310 -32 -410 1 0 0 0 1 0 0 0 1 parts/24201.dat
1 70 630 -32 -410 1 0 0 0 1 0 0 0 1 parts/24201.dat
1 70 650 -32 -410 1 0 0 0 1 0 0 0 1 parts/24201.dat
1 70 290 -32 -470 -1 0 0 0 1 0 0 0 -1 parts/24201.dat
1 70 310 -32 -470 -1 0 0 0 1 0 0 0 -1 parts/24201.dat
1 70 630 -32 -470 -1 0 0 0 1 0 0 0 -1 parts/24201.dat
1 70 650 -32 -470 -1 0 0 0 1 0 0 0 -1 parts/24201.dat
0 STEP
0 // step 200: porch chairs: 2 pieces at plate 4
1 70 300 -40 -440 0 0 -1 0 1 0 1 0 0 parts/3020.dat
1 70 640 -40 -440 0 0 -1 0 1 0 1 0 0 parts/3020.dat
0 STEP
0 // step 201: porch chairs: 2 pieces at plate 5
1 70 300 -48 -440 1 0 0 0 1 0 0 0 1 parts/4079.dat
1 70 640 -48 -440 1 0 0 0 1 0 0 0 1 parts/4079.dat
0 STEP
0 // step 202: corral: 10 pieces at plate 0
1 308 830 -24 -610 1 0 0 0 1 0 0 0 1 parts/3062b.dat
1 308 850 -24 -610 1 0 0 0 1 0 0 0 1 parts/3062b.dat
1 308 910 -24 -610 1 0 0 0 1 0 0 0 1 parts/3062b.dat
1 308 950 -24 -610 1 0 0 0 1 0 0 0 1 parts/3062b.dat
1 308 830 -24 -670 1 0 0 0 1 0 0 0 1 parts/3062b.dat
1 308 950 -24 -670 1 0 0 0 1 0 0 0 1 parts/3062b.dat
1 308 830 -24 -730 1 0 0 0 1 0 0 0 1 parts/3062b.dat
1 308 950 -24 -730 1 0 0 0 1 0 0 0 1 parts/3062b.dat
1 308 830 -24 -790 1 0 0 0 1 0 0 0 1 parts/3062b.dat
1 308 950 -24 -790 1 0 0 0 1 0 0 0 1 parts/3062b.dat
0 STEP
0 // step 203: corral: 6 pieces at plate 0
1 308 830 -24 -850 1 0 0 0 1 0 0 0 1 parts/3062b.dat
1 308 950 -24 -850 1 0 0 0 1 0 0 0 1 parts/3062b.dat
1 308 830 -24 -910 1 0 0 0 1 0 0 0 1 parts/3062b.dat
1 308 850 -24 -910 1 0 0 0 1 0 0 0 1 parts/3062b.dat
1 308 910 -24 -910 1 0 0 0 1 0 0 0 1 parts/3062b.dat
1 308 950 -24 -910 1 0 0 0 1 0 0 0 1 parts/3062b.dat
0 STEP
0 // step 204: corral: 10 pieces at plate 3
1 308 830 -48 -610 1 0 0 0 1 0 0 0 1 parts/3062b.dat
1 308 850 -48 -610 1 0 0 0 1 0 0 0 1 parts/3062b.dat
1 308 910 -48 -610 1 0 0 0 1 0 0 0 1 parts/3062b.dat
1 308 950 -48 -610 1 0 0 0 1 0 0 0 1 parts/3062b.dat
1 308 830 -48 -670 1 0 0 0 1 0 0 0 1 parts/3062b.dat
1 308 950 -48 -670 1 0 0 0 1 0 0 0 1 parts/3062b.dat
1 308 830 -48 -730 1 0 0 0 1 0 0 0 1 parts/3062b.dat
1 308 950 -48 -730 1 0 0 0 1 0 0 0 1 parts/3062b.dat
1 308 830 -48 -790 1 0 0 0 1 0 0 0 1 parts/3062b.dat
1 308 950 -48 -790 1 0 0 0 1 0 0 0 1 parts/3062b.dat
0 STEP
0 // step 205: corral: 6 pieces at plate 3
1 308 830 -48 -850 1 0 0 0 1 0 0 0 1 parts/3062b.dat
1 308 950 -48 -850 1 0 0 0 1 0 0 0 1 parts/3062b.dat
1 308 830 -48 -910 1 0 0 0 1 0 0 0 1 parts/3062b.dat
1 308 850 -48 -910 1 0 0 0 1 0 0 0 1 parts/3062b.dat
1 308 910 -48 -910 1 0 0 0 1 0 0 0 1 parts/3062b.dat
1 308 950 -48 -910 1 0 0 0 1 0 0 0 1 parts/3062b.dat
0 STEP
0 // step 206: corral: 8 pieces at plate 6
1 308 830 -56 -640 0 0 -1 0 1 0 1 0 0 parts/3710.dat
1 308 880 -56 -610 1 0 0 0 1 0 0 0 1 parts/3710.dat
1 308 950 -56 -640 0 0 -1 0 1 0 1 0 0 parts/3710.dat
1 308 830 -56 -760 0 0 -1 0 1 0 1 0 0 parts/3710.dat
1 308 950 -56 -760 0 0 -1 0 1 0 1 0 0 parts/3710.dat
1 308 830 -56 -880 0 0 -1 0 1 0 1 0 0 parts/3710.dat
1 308 950 -56 -880 0 0 -1 0 1 0 1 0 0 parts/3710.dat
1 308 880 -56 -910 1 0 0 0 1 0 0 0 1 parts/3710.dat
0 STEP
0 // step 207: corral: 4 pieces at plate 7
1 308 830 -64 -700 0 0 -1 0 1 0 1 0 0 parts/3710.dat
1 308 950 -64 -700 0 0 -1 0 1 0 1 0 0 parts/3710.dat
1 308 830 -64 -820 0 0 -1 0 1 0 1 0 0 parts/3710.dat
1 308 950 -64 -820 0 0 -1 0 1 0 1 0 0 parts/3710.dat
0 STEP
0 // step 208: horses: 2 pieces at plate 1
1 0 860 -65 -756 1 0 0 0 1 0 0 0 1 parts/4493c01.dat
1 15 920 -65 -806 -1 0 0 0 1 0 0 0 -1 parts/4493c01.dat
0 STEP
0 // step 209: hitching rail: 2 pieces at plate 0
1 308 650 -24 -610 1 0 0 0 1 0 0 0 1 parts/3062b.dat
1 308 790 -24 -610 1 0 0 0 1 0 0 0 1 parts/3062b.dat
0 STEP
0 // step 210: hitching rail: 2 pieces at plate 3
1 308 650 -48 -610 1 0 0 0 1 0 0 0 1 parts/3062b.dat
1 308 790 -48 -610 1 0 0 0 1 0 0 0 1 parts/3062b.dat
0 STEP
0 // step 211: hitching rail: 1 piece at plate 6
1 308 720 -56 -610 1 0 0 0 1 0 0 0 1 parts/3460.dat
0 STEP
0 // step 212: horse: 1 piece at plate 1
1 70 716 -65 -640 0 0 -1 0 1 0 1 0 0 parts/4493c01.dat
0 STEP
0 // step 213: trough: 2 pieces at plate 0
1 308 780 -24 -540 1 0 0 0 1 0 0 0 1 parts/3003.dat
1 308 840 -24 -540 1 0 0 0 1 0 0 0 1 parts/3001.dat
0 STEP
0 // step 214: trough: 2 pieces at plate 3
1 1 800 -32 -540 1 0 0 0 1 0 0 0 1 parts/3020.dat
1 1 860 -32 -540 1 0 0 0 1 0 0 0 1 parts/3022.dat
0 STEP
0 // step 215: woodpile: 6 pieces at plate 0
1 308 750 -24 -170 1 0 0 0 1 0 0 0 1 parts/3062b.dat
1 70 750 -24 -190 1 0 0 0 1 0 0 0 1 parts/3062b.dat
1 308 750 -24 -210 1 0 0 0 1 0 0 0 1 parts/3062b.dat
1 70 750 -24 -230 1 0 0 0 1 0 0 0 1 parts/3062b.dat
1 70 750 -24 -250 1 0 0 0 1 0 0 0 1 parts/3062b.dat
1 308 750 -24 -270 1 0 0 0 1 0 0 0 1 parts/3062b.dat
0 STEP
0 // step 216: woodpile: 5 pieces at plate 3
1 308 750 -48 -170 1 0 0 0 1 0 0 0 1 parts/3062b.dat
1 308 750 -48 -190 1 0 0 0 1 0 0 0 1 parts/3062b.dat
1 308 750 -48 -210 1 0 0 0 1 0 0 0 1 parts/3062b.dat
1 70 750 -48 -230 1 0 0 0 1 0 0 0 1 parts/3062b.dat
1 308 750 -48 -250 1 0 0 0 1 0 0 0 1 parts/3062b.dat
0 STEP
0 // step 217: woodpile: 3 pieces at plate 6
1 308 750 -72 -170 1 0 0 0 1 0 0 0 1 parts/3062b.dat
1 70 750 -72 -210 1 0 0 0 1 0 0 0 1 parts/3062b.dat
1 70 750 -72 -230 1 0 0 0 1 0 0 0 1 parts/3062b.dat
0 STEP
0 // step 218: fence: 10 pieces at plate 0
1 308 50 -24 -30 1 0 0 0 1 0 0 0 1 parts/3062b.dat
1 308 50 -24 -90 1 0 0 0 1 0 0 0 1 parts/3062b.dat
1 308 50 -24 -150 1 0 0 0 1 0 0 0 1 parts/3062b.dat
1 308 50 -24 -210 1 0 0 0 1 0 0 0 1 parts/3062b.dat
1 308 50 -24 -270 1 0 0 0 1 0 0 0 1 parts/3062b.dat
1 308 50 -24 -330 1 0 0 0 1 0 0 0 1 parts/3062b.dat
1 308 50 -24 -390 1 0 0 0 1 0 0 0 1 parts/3062b.dat
1 308 50 -24 -450 1 0 0 0 1 0 0 0 1 parts/3062b.dat
1 308 50 -24 -510 1 0 0 0 1 0 0 0 1 parts/3062b.dat
1 308 50 -24 -570 1 0 0 0 1 0 0 0 1 parts/3062b.dat
0 STEP
0 // step 219: fence: 6 pieces at plate 0
1 308 50 -24 -630 1 0 0 0 1 0 0 0 1 parts/3062b.dat
1 308 50 -24 -690 1 0 0 0 1 0 0 0 1 parts/3062b.dat
1 308 50 -24 -750 1 0 0 0 1 0 0 0 1 parts/3062b.dat
1 308 50 -24 -810 1 0 0 0 1 0 0 0 1 parts/3062b.dat
1 308 50 -24 -870 1 0 0 0 1 0 0 0 1 parts/3062b.dat
1 308 50 -24 -930 1 0 0 0 1 0 0 0 1 parts/3062b.dat
0 STEP
0 // step 220: fence: 10 pieces at plate 3
1 308 50 -48 -30 1 0 0 0 1 0 0 0 1 parts/3062b.dat
1 308 50 -48 -90 1 0 0 0 1 0 0 0 1 parts/3062b.dat
1 308 50 -48 -150 1 0 0 0 1 0 0 0 1 parts/3062b.dat
1 308 50 -48 -210 1 0 0 0 1 0 0 0 1 parts/3062b.dat
1 308 50 -48 -270 1 0 0 0 1 0 0 0 1 parts/3062b.dat
1 308 50 -48 -330 1 0 0 0 1 0 0 0 1 parts/3062b.dat
1 308 50 -48 -390 1 0 0 0 1 0 0 0 1 parts/3062b.dat
1 308 50 -48 -450 1 0 0 0 1 0 0 0 1 parts/3062b.dat
1 308 50 -48 -510 1 0 0 0 1 0 0 0 1 parts/3062b.dat
1 308 50 -48 -570 1 0 0 0 1 0 0 0 1 parts/3062b.dat
0 STEP
0 // step 221: fence: 6 pieces at plate 3
1 308 50 -48 -630 1 0 0 0 1 0 0 0 1 parts/3062b.dat
1 308 50 -48 -690 1 0 0 0 1 0 0 0 1 parts/3062b.dat
1 308 50 -48 -750 1 0 0 0 1 0 0 0 1 parts/3062b.dat
1 308 50 -48 -810 1 0 0 0 1 0 0 0 1 parts/3062b.dat
1 308 50 -48 -870 1 0 0 0 1 0 0 0 1 parts/3062b.dat
1 308 50 -48 -930 1 0 0 0 1 0 0 0 1 parts/3062b.dat
0 STEP
0 // step 222: fence: 8 pieces at plate 6
1 308 50 -56 -60 0 0 -1 0 1 0 1 0 0 parts/3710.dat
1 308 50 -56 -180 0 0 -1 0 1 0 1 0 0 parts/3710.dat
1 308 50 -56 -300 0 0 -1 0 1 0 1 0 0 parts/3710.dat
1 308 50 -56 -420 0 0 -1 0 1 0 1 0 0 parts/3710.dat
1 308 50 -56 -540 0 0 -1 0 1 0 1 0 0 parts/3710.dat
1 308 50 -56 -660 0 0 -1 0 1 0 1 0 0 parts/3710.dat
1 308 50 -56 -780 0 0 -1 0 1 0 1 0 0 parts/3710.dat
1 308 50 -56 -900 0 0 -1 0 1 0 1 0 0 parts/3710.dat
0 STEP
0 // step 223: fence: 7 pieces at plate 7
1 308 50 -64 -120 0 0 -1 0 1 0 1 0 0 parts/3710.dat
1 308 50 -64 -240 0 0 -1 0 1 0 1 0 0 parts/3710.dat
1 308 50 -64 -360 0 0 -1 0 1 0 1 0 0 parts/3710.dat
1 308 50 -64 -480 0 0 -1 0 1 0 1 0 0 parts/3710.dat
1 308 50 -64 -600 0 0 -1 0 1 0 1 0 0 parts/3710.dat
1 308 50 -64 -720 0 0 -1 0 1 0 1 0 0 parts/3710.dat
1 308 50 -64 -840 0 0 -1 0 1 0 1 0 0 parts/3710.dat
0 STEP
0 // step 224: water barrel: 1 piece at plate 0
1 308 140 -24 -580 1 0 0 0 1 0 0 0 1 parts/3941.dat
0 STEP
0 // step 225: water barrel: 1 piece at plate 3
1 308 140 -48 -580 1 0 0 0 1 0 0 0 1 parts/3941.dat
0 STEP
0 // step 226: water barrel: 1 piece at plate 6
1 70 140 -56 -580 1 0 0 0 1 0 0 0 1 parts/4032.dat
0 STEP

0 FILE parts/87079.dat
0 Tile  2 x  4
0 Name: 87079.dat
0 Author: Tim Gould [timgould]
0 !LDRAW_ORG Part UPDATE 2025-04
0 !LICENSE Licensed under CC BY 4.0 : see CAreadme.txt

0 BFC CERTIFY CCW

0 !KEYWORDS with Groove

0 !HISTORY 2010-04-05 [PTadmin] Official Update 2010-01
0 !HISTORY 2012-09-30 [Philo] Subparted for patterns
0 !HISTORY 2012-12-28 [PTadmin] Official Update 2012-03
0 !HISTORY 2025-04-25 [MagFors] Update description
0 !HISTORY 2025-04-27 [OrionP] Official Update 2025-04

4 16 -40 0 -20 40 0 -20 40 0 20 -40 0 20
1 16 0 0 0 1 0 0 0 1 0 0 0 1 s/87079s01.dat

0 FILE parts/3069b.dat
0 Tile  1 x  2 with Groove
0 Name: 3069b.dat
0 Author: Santeri Piippo [arezey]
0 !LDRAW_ORG Part UPDATE 2010-02
0 !LICENSE Licensed under CC BY 4.0 : see CAreadme.txt

0 BFC CERTIFY CCW

0 !KEYWORDS BrickLink 3069

0 !HISTORY 2010-07-05 [PTadmin] Official Update 2010-02


4 16 20 0 -10 20 0 10 -20 0 10 -20 0 -10
1 16 0 0 0 1 0 0 0 1 0 0 0 1 s/3069bs01.dat
0 //

0 FILE parts/3068b.dat
0 Tile  2 x  2 with Groove
0 Name: 3068b.dat
0 Author: Takeshi Takahashi [RainbowDolphin]
0 !LDRAW_ORG Part UPDATE 2024-06
0 !LICENSE Licensed under CC BY 4.0 : see CAreadme.txt

0 BFC CERTIFY CCW

0 !KEYWORDS BrickLink 3068

0 !HISTORY 2002-04-25 [PTadmin] Official Update 2002-02
0 !HISTORY 2004-07-26 [guyvivan] Made BFC Compliant
0 !HISTORY 2004-11-06 [PTadmin] Official Update 2004-04
0 !HISTORY 2007-06-13 [PTadmin] Header formatted for Contributor Agreement
0 !HISTORY 2008-07-01 [PTadmin] Official Update 2008-01
0 !HISTORY 2024-05-29 [RainbowDolphin] Total rewrite, original by Damien Guichard [BrickCaster]
0 !HISTORY 2024-07-29 [OrionP] Official Update 2024-06

1 16 0 0 0 1 0 0 0 1 0 0 0 1 s/3068bs01.dat
0 // Patternable surface
4 16 -20 0 -20 20 0 -20 20 0 20 -20 0 20

0 FILE parts/3020.dat
0 Plate  2 x  4
0 Name: 3020.dat
0 Author: James Jessiman
0 !LDRAW_ORG Part UPDATE 2002-03
0 !LICENSE Licensed under CC BY 4.0 : see CAreadme.txt

0 BFC CERTIFY CCW

0 !HISTORY 2001-10-26 [PTadmin] Official Update 2001-01
0 !HISTORY 2002-05-07 {unknown} BFC Certification
0 !HISTORY 2002-06-11 [PTadmin] Official Update 2002-03
0 !HISTORY 2007-06-07 [PTadmin] Header formatted for Contributor Agreement
0 !HISTORY 2008-07-01 [PTadmin] Official Update 2008-01


1 16 20 4 0 1 0 0 0 -1 0 0 0 1 stud4.dat
1 16 0 4 0 1 0 0 0 -1 0 0 0 1 stud4.dat
1 16 -20 4 0 1 0 0 0 -1 0 0 0 1 stud4.dat

0 BFC INVERTNEXT
1 16 0 8 0 36 0 0 0 -4 0 0 0 16 box5.dat

4 16 40 8 20 36 8 16 -36 8 16 -40 8 20
0 // Next Line was 4 16 40 8 -20 36 8 -16 -36 8 -16 -40 8 -20
4 16 -40 8 -20 -36 8 -16 36 8 -16 40 8 -20
0 // Next Line was 4 16 40 8 20 36 8 16 36 8 -16 40 8 -20
4 16 40 8 -20 36 8 -16 36 8 16 40 8 20
4 16 -40 8 20 -36 8 16 -36 8 -16 -40 8 -20

1 16 0 8 0 40 0 0 0 -8 0 0 0 20 box5.dat

1 16 30 0 10 1 0 0 0 1 0 0 0 1 stud.dat
1 16 10 0 10 1 0 0 0 1 0 0 0 1 stud.dat
1 16 -10 0 10 1 0 0 0 1 0 0 0 1 stud.dat
1 16 -30 0 10 1 0 0 0 1 0 0 0 1 stud.dat
1 16 30 0 -10 1 0 0 0 1 0 0 0 1 stud.dat
1 16 10 0 -10 1 0 0 0 1 0 0 0 1 stud.dat
1 16 -10 0 -10 1 0 0 0 1 0 0 0 1 stud.dat
1 16 -30 0 -10 1 0 0 0 1 0 0 0 1 stud.dat
0

0 FILE parts/3023.dat
0 ~Moved to 3023b
0 Name: 3023.dat
0 Author: Orion Pobursky [OrionP]
0 !LDRAW_ORG Part UPDATE 2024-07
0 !LICENSE Licensed under CC BY 4.0 : see CAreadme.txt

0 BFC CERTIFY CCW

0 !HISTORY 2023-06-24 [OrionP] Official Update 2023-03
0 !HISTORY 2024-08-10 [MagFors] Update description
0 !HISTORY 2024-08-26 [OrionP] Official Update 2024-07

1 16 0 0 0 1 0 0 0 1 0 0 0 1 3023b.dat

0 FILE parts/3022.dat
0 Plate  2 x  2
0 Name: 3022.dat
0 Author: James Jessiman
0 !LDRAW_ORG Part UPDATE 2002-03
0 !LICENSE Licensed under CC BY 4.0 : see CAreadme.txt

0 BFC CERTIFY CCW

0 !HISTORY 2001-10-26 [PTadmin] Official Update 2001-01
0 !HISTORY 2002-05-07 {unknown} BFC Certification
0 !HISTORY 2002-06-11 [PTadmin] Official Update 2002-03
0 !HISTORY 2007-06-07 [PTadmin] Header formatted for Contributor Agreement
0 !HISTORY 2008-07-01 [PTadmin] Official Update 2008-01


1 16 0 4 0 1 0 0 0 -1 0 0 0 1 stud4.dat

0 BFC INVERTNEXT
1 16 0 8 0 16 0 0 0 -4 0 0 0 16 box5.dat

4 16 20 8 20 16 8 16 -16 8 16 -20 8 20
0 // Next Line was 4 16 20 8 -20 16 8 -16 -16 8 -16 -20 8 -20
4 16 -20 8 -20 -16 8 -16 16 8 -16 20 8 -20
0 // Next Line was 4 16 20 8 20 16 8 16 16 8 -16 20 8 -20
4 16 20 8 -20 16 8 -16 16 8 16 20 8 20
4 16 -20 8 20 -16 8 16 -16 8 -16 -20 8 -20

1 16 0 8 0 20 0 0 0 -8 0 0 0 20 box5.dat

1 16 10 0 10 1 0 0 0 1 0 0 0 1 stud.dat
1 16 -10 0 10 1 0 0 0 1 0 0 0 1 stud.dat
1 16 10 0 -10 1 0 0 0 1 0 0 0 1 stud.dat
1 16 -10 0 -10 1 0 0 0 1 0 0 0 1 stud.dat
0

0 FILE parts/3070b.dat
0 Tile  1 x  1 with Groove
0 Name: 3070b.dat
0 Author: Chris Dee [cwdee]
0 !LDRAW_ORG Part UPDATE 2025-09
0 !LICENSE Licensed under CC BY 4.0 : see CAreadme.txt

0 BFC CERTIFY CCW

0 !KEYWORDS BrickLink 3070

0 !HISTORY 2009-09-03 [PTadmin] Official Update 2009-02
0 !HISTORY 2025-09-27 [OrionP] Changed winding to CCW
0 !HISTORY 2025-09-29 [OrionP] Official Update 2025-09

1 16 0 0 0 1 0 0 0 1 0 0 0 1 s/3070bs01.dat
4 16 -10 0 10 -10 0 -10 10 0 -10 10 0 10
0

0 FILE parts/3024.dat
0 Plate  1 x  1
0 Name: 3024.dat
0 Author: James Jessiman
0 !LDRAW_ORG Part UPDATE 2022-05
0 !LICENSE Licensed under CC BY 4.0 : see CAreadme.txt

0 BFC CERTIFY CCW

0 !HISTORY 2001-10-26 [PTadmin] Official Update 2001-01
0 !HISTORY 2002-05-07 {unknown} BFC Certification
0 !HISTORY 2002-06-11 [PTadmin] Official Update 2002-03
0 !HISTORY 2007-06-07 [PTadmin] Header formatted for Contributor Agreement
0 !HISTORY 2008-07-01 [PTadmin] Official Update 2008-01
0 !HISTORY 2022-08-04 [MagFors] Using subfile
0 !HISTORY 2022-09-15 [PTadmin] Official Update 2022-05


1 16 0 0 0 1 0 0 0 1 0 0 0 1 s/3024s01.dat
4 16 -10 8 -10 10 8 -10 10 0 -10 -10 0 -10

0 FILE parts/30137.dat
0 Brick  1 x  4 Log
0 Name: 30137.dat
0 Author: Steve Bliss [sbliss]
0 !LDRAW_ORG Part UPDATE 2009-01
0 !LICENSE Licensed under CC BY 4.0 : see CAreadme.txt

0 BFC CERTIFY CCW

0 !KEYWORDS log, palisade, timber, Wall, western

0 !HISTORY 1997-10-29 [PTadmin] Official Update 1997-16
0 !HISTORY 1998-10-15 [PTadmin] Official Update 1998-09
0 !HISTORY 2007-06-06 [PTadmin] Header formatted for Contributor Agreement
0 !HISTORY 2008-07-01 [PTadmin] Official Update 2008-01
0 !HISTORY 2008-07-07 [guyvivan] Made BFC'ed and use more primitives (2005-11-16)
0 !HISTORY 2009-05-02 [PTadmin] Official Update 2009-01


0 BFC INVERTNEXT
1 16 0 24 0 36 0 0 0 -20 0 0 0 6 box5.dat
1 16 30 0 0 1 0 0 0 1 0 0 0 1 stud.dat
1 16 10 0 0 1 0 0 0 1 0 0 0 1 stud.dat
1 16 -10 0 0 1 0 0 0 1 0 0 0 1 stud.dat
1 16 -30 0 0 1 0 0 0 1 0 0 0 1 stud.dat
1 16 -30 0 0 6 0 0 0 1 0 0 0 6 4-4ndis.dat
1 16 -10 0 0 6 0 0 0 1 0 0 0 6 4-4ndis.dat
1 16 10 0 0 6 0 0 0 1 0 0 0 6 4-4ndis.dat
1 16 30 0 0 6 0 0 0 1 0 0 0 6 4-4ndis.dat
1 16 -30 0 0 10.001 0 -10.001 0 1 0 7.071 0 7.071 1-4edge.dat
1 16 -30 24 0 10.001 0 -10.001 0 1 0 7.071 0 7.071 1-4edge.dat
1 16 -30 0 0 10.001 0 -10.001 0 24 0 7.071 0 7.071 1-4cyli.dat
1 16 -30 0 0 10.001 0 -10.001 0 1 0 -7.071 0 -7.071 1-4edge.dat
1 16 -30 24 0 10.001 0 -10.001 0 1 0 -7.071 0 -7.071 1-4edge.dat
1 16 -30 0 0 10.001 0 -10.001 0 24 0 -7.071 0 -7.071 1-4cyli.dat
1 16 -10 0 0 10.001 0 -10.001 0 1 0 7.071 0 7.071 1-4edge.dat
1 16 -10 24 0 10.001 0 -10.001 0 1 0 7.071 0 7.071 1-4edge.dat
1 16 -10 0 0 10.001 0 -10.001 0 24 0 7.071 0 7.071 1-4cyli.dat
1 16 -10 0 0 10.001 0 -10.001 0 1 0 -7.071 0 -7.071 1-4edge.dat
1 16 -10 24 0 10.001 0 -10.001 0 1 0 -7.071 0 -7.071 1-4edge.dat
1 16 -10 0 0 10.001 0 -10.001 0 24 0 -7.071 0 -7.071 1-4cyli.dat
1 16 10 0 0 10.001 0 -10.001 0 1 0 7.071 0 7.071 1-4edge.dat
1 16 10 24 0 10.001 0 -10.001 0 1 0 7.071 0 7.071 1-4edge.dat
1 16 10 0 0 10.001 0 -10.001 0 24 0 7.071 0 7.071 1-4cyli.dat
1 16 10 0 0 10.001 0 -10.001 0 1 0 -7.071 0 -7.071 1-4edge.dat
1 16 10 24 0 10.001 0 -10.001 0 1 0 -7.071 0 -7.071 1-4edge.dat
1 16 10 0 0 10.001 0 -10.001 0 24 0 -7.071 0 -7.071 1-4cyli.dat
1 16 30 0 0 10.001 0 -10.001 0 1 0 7.071 0 7.071 1-4edge.dat
1 16 30 24 0 10.001 0 -10.001 0 1 0 7.071 0 7.071 1-4edge.dat
1 16 30 0 0 10.001 0 -10.001 0 24 0 7.071 0 7.071 1-4cyli.dat
1 16 30 0 0 10.001 0 -10.001 0 1 0 -7.071 0 -7.071 1-4edge.dat
1 16 30 24 0 10.001 0 -10.001 0 1 0 -7.071 0 -7.071 1-4edge.dat
1 16 30 0 0 10.001 0 -10.001 0 24 0 -7.071 0 -7.071 1-4cyli.dat
1 16 -40 12 0 0 1 0 12 0 0 0 0 -7.071 rect.dat
4 16 -40 0 7.071 -40 0 -7.071 -36 0 -6 -36 0 6
4 16 -40 0 7.071 -36 0 6 36 0 6 40 0 7.071
4 16 40 0 -7.071 36 0 -6 -36 0 -6 -40 0 -7.071
4 16 -40 24 -7.071 -40 24 7.071 -36 24 6 -36 24 -6
2 24 -20 0 7.071 -20 24 7.071
2 24 -20 0 -7.071 -20 24 -7.071
2 24 0 0 7.071 0 24 7.071
2 24 0 0 -7.071 0 24 -7.071
2 24 20 0 7.071 20 24 7.071
2 24 20 0 -7.071 20 24 -7.071
1 16 40 12 0 0 -1 0 12 0 0 0 0 7.071 rect.dat
4 16 40 0 -7.071 40 0 7.071 36 0 6 36 0 -6
4 16 40 24 7.071 40 24 -7.071 36 24 -6 36 24 6
2 24 -23.5 4 -6 -20 4 -2.5
2 24 -16.5 4 -6 -20 4 -2.5
2 24 -23.5 23 -6 -20 23 -2.5
2 24 -16.5 23 -6 -20 23 -2.5
2 24 -23.5 23 -6 -23.5 4 -6
2 24 -20 23 -2.5 -20 4 -2.5
2 24 -16.5 23 -6 -16.5 4 -6
4 16 -23.5 4 -6 -20 4 -2.5 -20 23 -2.5 -23.5 23 -6
4 16 -16.5 23 -6 -20 23 -2.5 -20 4 -2.5 -16.5 4 -6
3 16 -20 23 -2.5 -16.5 23 -6 -23.5 23 -6
2 24 -23.5 4 -6 -25 4 -4
2 24 -25 4 -4 -26.5 4 -6
2 24 -23.5 23 -6 -25 23 -4
2 24 -25 23 -4 -26.5 23 -6
2 24 -26.5 4 -6 -26.5 23 -6
2 24 -25 4 -4 -25 23 -4
4 16 -23.5 23 -6 -25 23 -4 -25 4 -4 -23.5 4 -6
4 16 -26.5 4 -6 -25 4 -4 -25 23 -4 -26.5 23 -6
3 16 -25 23 -4 -23.5 23 -6 -26.5 23 -6
2 24 -16.5 4 -6 -15 4 -4
2 24 -15 4 -4 -13.5 4 -6
2 24 -16.5 23 -6 -15 23 -4
2 24 -15 23 -4 -13.5 23 -6
2 24 -13.5 4 -6 -13.5 23 -6
2 24 -15 4 -4 -15 23 -4
4 16 -16.5 4 -6 -15 4 -4 -15 23 -4 -16.5 23 -6
4 16 -15 4 -4 -13.5 4 -6 -13.5 23 -6 -15 23 -4
3 16 -13.5 23 -6 -16.5 23 -6 -15 23 -4
2 24 -23.5 4 6 -20 4 2.5
2 24 -16.5 4 6 -20 4 2.5
2 24 -23.5 23 6 -20 23 2.5
2 24 -16.5 23 6 -20 23 2.5
2 24 -23.5 23 6 -23.5 4 6
2 24 -20 23 2.5 -20 4 2.5
2 24 -16.5 23 6 -16.5 4 6
4 16 -23.5 23 6 -20 23 2.5 -20 4 2.5 -23.5 4 6
4 16 -16.5 4 6 -20 4 2.5 -20 23 2.5 -16.5 23 6
3 16 -23.5 23 6 -16.5 23 6 -20 23 2.5
2 24 -23.5 4 6 -25 4 4
2 24 -25 4 4 -26.5 4 6
2 24 -23.5 23 6 -25 23 4
2 24 -25 23 4 -26.5 23 6
2 24 -26.5 4 6 -26.5 23 6
2 24 -25 4 4 -25 23 4
4 16 -23.5 4 6 -25 4 4 -25 23 4 -23.5 23 6
4 16 -25 4 4 -26.5 4 6 -26.5 23 6 -25 23 4
3 16 -26.5 23 6 -23.5 23 6 -25 23 4
2 24 -16.5 4 6 -15 4 4
2 24 -15 4 4 -13.5 4 6
2 24 -16.5 23 6 -15 23 4
2 24 -15 23 4 -13.5 23 6
2 24 -13.5 4 6 -13.5 23 6
2 24 -15 4 4 -15 23 4
4 16 -16.5 23 6 -15 23 4 -15 4 4 -16.5 4 6
4 16 -15 23 4 -13.5 23 6 -13.5 4 6 -15 4 4
3 16 -15 23 4 -16.5 23 6 -13.5 23 6
2 24 -3.5 4 -6 0 4 -2.5
2 24 3.5 4 -6 0 4 -2.5
2 24 -3.5 23 -6 0 23 -2.5
2 24 3.5 23 -6 0 23 -2.5
2 24 -3.5 23 -6 -3.5 4 -6
2 24 0 23 -2.5 0 4 -2.5
2 24 3.5 23 -6 3.5 4 -6
4 16 -3.5 4 -6 0 4 -2.5 0 23 -2.5 -3.5 23 -6
4 16 3.5 23 -6 0 23 -2.5 0 4 -2.5 3.5 4 -6
3 16 0 23 -2.5 3.5 23 -6 -3.5 23 -6
2 24 -3.5 4 -6 -5 4 -4
2 24 -5 4 -4 -6.5 4 -6
2 24 -3.5 23 -6 -5 23 -4
2 24 -5 23 -4 -6.5 23 -6
2 24 -6.5 4 -6 -6.5 23 -6
2 24 -5 4 -4 -5 23 -4
4 16 -3.5 23 -6 -5 23 -4 -5 4 -4 -3.5 4 -6
4 16 -5 23 -4 -6.5 23 -6 -6.5 4 -6 -5 4 -4
3 16 -5 23 -4 -3.5 23 -6 -6.5 23 -6
2 24 3.5 4 -6 5 4 -4
2 24 5 4 -4 6.5 4 -6
2 24 6.5 23 -6 -6.5 23 -6
2 24 3.5 23 -6 5 23 -4
2 24 5 23 -4 6.5 23 -6
2 24 6.5 4 -6 6.5 23 -6
2 24 5 4 -4 5 23 -4
4 16 3.5 4 -6 5 4 -4 5 23 -4 3.5 23 -6
4 16 5 4 -4 6.5 4 -6 6.5 23 -6 5 23 -4
3 16 6.5 23 -6 3.5 23 -6 5 23 -4
2 24 -3.5 4 6 0 4 2.5
2 24 3.5 4 6 0 4 2.5
2 24 -3.5 23 6 0 23 2.5
2 24 3.5 23 6 0 23 2.5
2 24 -3.5 23 6 -3.5 4 6
2 24 0 23 2.5 0 4 2.5
2 24 3.5 23 6 3.5 4 6
4 16 -3.5 23 6 0 23 2.5 0 4 2.5 -3.5 4 6
4 16 3.5 4 6 0 4 2.5 0 23 2.5 3.5 23 6
3 16 -3.5 23 6 3.5 23 6 0 23 2.5
2 24 -3.5 4 6 -5 4 4
2 24 -5 4 4 -6.5 4 6
2 24 -3.5 23 6 -5 23 4
2 24 -5 23 4 -6.5 23 6
2 24 -6.5 4 6 -6.5 23 6
2 24 -5 4 4 -5 23 4
4 16 -3.5 4 6 -5 4 4 -5 23 4 -3.5 23 6
4 16 -5 4 4 -6.5 4 6 -6.5 23 6 -5 23 4
3 16 -6.5 23 6 -3.5 23 6 -5 23 4
2 24 3.5 4 6 5 4 4
2 24 5 4 4 6.5 4 6
2 24 6.5 23 6 -6.5 23 6
2 24 26.5 23 -6 13.5 23 -6
2 24 26.5 23 6 13.5 23 6
2 24 -13.5 23 -6 -26.5 23 -6
2 24 -13.5 23 6 -26.5 23 6
2 24 3.5 23 6 5 23 4
2 24 5 23 4 6.5 23 6
2 24 6.5 4 6 6.5 23 6
2 24 5 4 4 5 23 4
4 16 3.5 23 6 5 23 4 5 4 4 3.5 4 6
4 16 5 23 4 6.5 23 6 6.5 4 6 5 4 4
3 16 5 23 4 3.5 23 6 6.5 23 6
2 24 16.5 4 -6 20 4 -2.5
2 24 23.5 4 -6 20 4 -2.5
2 24 16.5 23 -6 20 23 -2.5
2 24 23.5 23 -6 20 23 -2.5
2 24 16.5 23 -6 16.5 4 -6
2 24 20 23 -2.5 20 4 -2.5
2 24 23.5 23 -6 23.5 4 -6
4 16 16.5 4 -6 20 4 -2.5 20 23 -2.5 16.5 23 -6
4 16 23.5 23 -6 20 23 -2.5 20 4 -2.5 23.5 4 -6
3 16 20 23 -2.5 23.5 23 -6 16.5 23 -6
2 24 16.5 4 -6 15 4 -4
2 24 15 4 -4 13.5 4 -6
2 24 16.5 23 -6 15 23 -4
2 24 15 23 -4 13.5 23 -6
2 24 13.5 4 -6 13.5 23 -6
2 24 15 4 -4 15 23 -4
4 16 16.5 23 -6 15 23 -4 15 4 -4 16.5 4 -6
4 16 15 23 -4 13.5 23 -6 13.5 4 -6 15 4 -4
3 16 15 23 -4 16.5 23 -6 13.5 23 -6
2 24 23.5 4 -6 25 4 -4
2 24 25 4 -4 26.5 4 -6
2 24 23.5 23 -6 25 23 -4
2 24 25 23 -4 26.5 23 -6
2 24 26.5 4 -6 26.5 23 -6
2 24 25 4 -4 25 23 -4
4 16 23.5 4 -6 25 4 -4 25 23 -4 23.5 23 -6
4 16 25 4 -4 26.5 4 -6 26.5 23 -6 25 23 -4
3 16 26.5 23 -6 23.5 23 -6 25 23 -4
2 24 16.5 4 6 20 4 2.5
2 24 23.5 4 6 20 4 2.5
2 24 16.5 23 6 20 23 2.5
2 24 23.5 23 6 20 23 2.5
2 24 16.5 23 6 16.5 4 6
2 24 20 23 2.5 20 4 2.5
2 24 23.5 23 6 23.5 4 6
4 16 16.5 23 6 20 23 2.5 20 4 2.5 16.5 4 6
4 16 23.5 4 6 20 4 2.5 20 23 2.5 23.5 23 6
3 16 16.5 23 6 23.5 23 6 20 23 2.5
2 24 16.5 4 6 15 4 4
2 24 15 4 4 13.5 4 6
2 24 16.5 23 6 15 23 4
2 24 15 23 4 13.5 23 6
2 24 13.5 4 6 13.5 23 6
2 24 15 4 4 15 23 4
4 16 16.5 4 6 15 4 4 15 23 4 16.5 23 6
4 16 15 4 4 13.5 4 6 13.5 23 6 15 23 4
3 16 13.5 23 6 16.5 23 6 15 23 4
2 24 23.5 4 6 25 4 4
2 24 25 4 4 26.5 4 6
2 24 23.5 23 6 25 23 4
2 24 25 23 4 26.5 23 6
2 24 26.5 4 6 26.5 23 6
2 24 25 4 4 25 23 4
4 16 23.5 23 6 25 23 4 25 4 4 23.5 4 6
4 16 25 23 4 26.5 23 6 26.5 4 6 25 4 4
3 16 25 23 4 23.5 23 6 26.5 23 6
1 16 -1 11 0 0 1 0 -7 0 0 0 0 3.5 rect.dat
1 16 1 11 0 0 -1 0 -7 0 0 0 0 -3.5 rect.dat
2 24 -1 18 -3.5 0 18 -2.5
2 24 1 18 -3.5 0 18 -2.5
2 24 1 18 3.5 0 18 2.5
2 24 -1 18 3.5 0 18 2.5
4 16 -1 18 3.5 0 18 2.5 0 18 -2.5 -1 18 -3.5
4 16 1 18 -3.5 0 18 -2.5 0 18 2.5 1 18 3.5
1 16 -30 24 0 10.001 0 -10.001 0 -1 0 -7.071 0 -7.071 1-4chrd.dat
1 16 -30 24 0 -10.001 0 10.001 0 -1 0 7.071 0 7.071 1-4chrd.dat
1 16 -10 24 0 10.001 0 -10.001 0 -1 0 -7.071 0 -7.071 1-4chrd.dat
1 16 -10 24 0 -10.001 0 10.001 0 -1 0 7.071 0 7.071 1-4chrd.dat
1 16 10 24 0 10.001 0 -10.001 0 -1 0 -7.071 0 -7.071 1-4chrd.dat
1 16 10 24 0 -10.001 0 10.001 0 -1 0 7.071 0 7.071 1-4chrd.dat
1 16 30 24 0 10.001 0 -10.001 0 -1 0 -7.071 0 -7.071 1-4chrd.dat
1 16 30 24 0 -10.001 0 10.001 0 -1 0 7.071 0 7.071 1-4chrd.dat
1 16 -30 0 0 10.001 0 -10.001 0 1 0 -7.071 0 -7.071 1-4chrd.dat
1 16 -30 0 0 -10.001 0 10.001 0 1 0 7.071 0 7.071 1-4chrd.dat
1 16 -10 0 0 10.001 0 -10.001 0 1 0 -7.071 0 -7.071 1-4chrd.dat
1 16 -10 0 0 -10.001 0 10.001 0 1 0 7.071 0 7.071 1-4chrd.dat
1 16 10 0 0 10.001 0 -10.001 0 1 0 -7.071 0 -7.071 1-4chrd.dat
1 16 10 0 0 -10.001 0 10.001 0 1 0 7.071 0 7.071 1-4chrd.dat
1 16 30 0 0 10.001 0 -10.001 0 1 0 -7.071 0 -7.071 1-4chrd.dat
1 16 30 0 0 -10.001 0 10.001 0 1 0 7.071 0 7.071 1-4chrd.dat
4 16 -24 0 6 -24 0 -6 -16 0 -6 -16 0 6
4 16 -4 0 6 -4 0 -6 4 0 -6 4 0 6
4 16 16 0 6 16 0 -6 24 0 -6 24 0 6
4 16 40 24 7.071 36 24 6 -36 24 6 -40 24 7.071
4 16 -40 24 -7.071 -36 24 -6 36 24 -6 40 24 -7.071
0

0 FILE parts/3005.dat
0 Brick  1 x  1
0 Name: 3005.dat
0 Author: James Jessiman
0 !LDRAW_ORG Part UPDATE 2022-05
0 !LICENSE Licensed under CC BY 4.0 : see CAreadme.txt

0 BFC CERTIFY CCW

0 !HISTORY 2001-10-26 [PTadmin] Official Update 2001-01
0 !HISTORY 2002-05-07 {unknown} BFC Certification
0 !HISTORY 2002-06-11 [PTadmin] Official Update 2002-03
0 !HISTORY 2007-05-07 [PTadmin] Header formatted for Contributor Agreement
0 !HISTORY 2008-07-01 [PTadmin] Official Update 2008-01
0 !HISTORY 2022-08-04 [MagFors] Using subfile
0 !HISTORY 2022-09-15 [PTadmin] Official Update 2022-05


1 16 0 0 0 1 0 0 0 1 0 0 0 1 s/3005s01.dat
4 16 -10 24 -10 10 24 -10 10 0 -10 -10 0 -10

0 FILE parts/30136.dat
0 Brick  1 x  2 Log
0 Name: 30136.dat
0 Author: Steve Bliss [sbliss]
0 !LDRAW_ORG Part UPDATE 2025-09
0 !LICENSE Licensed under CC BY 4.0 : see CAreadme.txt

0 BFC CERTIFY CCW

0 !KEYWORDS palisade, timber, Wall, western, Wood

0 !HISTORY 1997-10-29 [PTadmin] Official Update 1997-16
0 !HISTORY 1998-10-15 [PTadmin] Official Update 1998-09
0 !HISTORY 2002-01-15 [sbliss] Fixed bad line, applied BFC
0 !HISTORY 2002-02-18 [PTadmin] Official Update 2002-01
0 !HISTORY 2004-09-11 [tcobbs] Fixed bow-tie quads
0 !HISTORY 2004-11-06 [PTadmin] Official Update 2004-04
0 !HISTORY 2007-06-06 [PTadmin] Header formatted for Contributor Agreement
0 !HISTORY 2008-07-01 [PTadmin] Official Update 2008-01
0 !HISTORY 2022-03-06 [PTadmin] Official Update 2022-02
0 !HISTORY 2023-03-22 [Cheenzo] Optimized prims to avoid gaps in hires
0 !HISTORY 2023-04-17 [OrionP] Official Update 2023-02
0 !HISTORY 2025-09-27 [OrionP] Changed winding to CCW
0 !HISTORY 2025-09-29 [OrionP] Official Update 2025-09

0 BFC INVERTNEXT
1 16 0 24 0 16 0 0 0 -20 0 0 0 6 box5.dat
1 16 10 0 0 1 0 0 0 1 0 0 0 1 stud.dat
1 16 -10 0 0 1 0 0 0 1 0 0 0 1 stud.dat
1 16 20 12 0 0 -1 0 12 0 0 0 0 -7 rect.dat
1 16 -20 12 0 0 1 0 12 0 0 0 0 7 rect.dat
1 16 -10 0 0 10 0 -10 0 24 0 7 0 7 1-4cylo.dat
1 16 -10 0 0 10 0 -10 0 24 0 -7 0 -7 1-4cylo.dat
1 16 10 0 0 10 0 -10 0 24 0 7 0 7 1-4cylo.dat
1 16 10 0 0 10 0 -10 0 24 0 -7 0 -7 1-4cylo.dat
1 16 -10 0 0 10 0 -10 0 1 0 7 0 7 1-4chrd.dat
1 16 -10 24 0 10 0 -10 0 -1 0 7 0 7 1-4chrd.dat
1 16 -10 0 0 10 0 -10 0 1 0 -7 0 -7 1-4chrd.dat
1 16 -10 24 0 10 0 -10 0 -1 0 -7 0 -7 1-4chrd.dat
1 16 10 0 0 10 0 -10 0 1 0 7 0 7 1-4chrd.dat
1 16 10 24 0 10 0 -10 0 -1 0 7 0 7 1-4chrd.dat
1 16 10 0 0 10 0 -10 0 1 0 -7 0 -7 1-4chrd.dat
1 16 10 24 0 10 0 -10 0 -1 0 -7 0 -7 1-4chrd.dat
1 16 -5 4 4 -1.5 0 1.5 0 19 0 2 0 2 tri3a1.dat
1 16 5 4 4 -1.5 0 1.5 0 19 0 2 0 2 tri3a1.dat
1 16 0 4 2.5 -3.5 0 3.5 0 19 0 3.5 0 3.5 tri3a4.dat
2 24 -3.5 23 6 3.5 23 6
1 16 -5 4 -4 -1.5 0 1.5 0 19 0 -2 0 -2 tri3a1.dat
1 16 5 4 -4 -1.5 0 1.5 0 19 0 -2 0 -2 tri3a1.dat
1 16 0 4 -2.5 -3.5 0 3.5 0 19 0 -3.5 0 -3.5 tri3a4.dat
2 24 -3.5 23 -6 3.5 23 -6
4 16 0 0 7 -20 0 7 -20 0 -7 0 0 -7
4 16 20 0 7 0 0 7 0 0 -7 20 0 -7
4 16 16 24 -6 0 24 -7 -20 24 -7 -16 24 -6
3 16 0 24 -7 16 24 -6 20 24 -7
4 16 -16 24 6 0 24 7 20 24 7 16 24 6
3 16 0 24 7 -16 24 6 -20 24 7
4 16 16 24 6 20 24 7 20 24 -7 16 24 -6
4 16 -16 24 6 -16 24 -6 -20 24 -7 -20 24 7
2 24 0 0 7 0 24 7
2 24 0 0 -7 0 24 -7

0 FILE parts/60596.dat
0 Door  1 x  4 x  6 Frame
0 Name: 60596.dat
0 Author: J.C. Tchang [tchang]
0 !LDRAW_ORG Part UPDATE 2011-02
0 !LICENSE Licensed under CC BY 4.0 : see CAreadme.txt

0 BFC CERTIFY CCW

0 !HISTORY 2011-12-29 [PTadmin] Official Update 2011-02


0 BFC INVERTNEXT
1 16 0 142 6 0 0 -36 -2 0 0 0 -12 0 box3u2p.dat
0 //
2 24 -29.7192 140 6 -29.7192 144 6
2 24 29.7192 140 6 29.7192 144 6
4 16 -29.7192 140 6 -29.7192 144 6 29.7192 144 6 29.7192 140 6
2 24 -29.7192 140 6 29.7192 140 6
2 24 -29.7192 144 6 29.7192 144 6
0 //
2 24 -34.2808 140 6 -34.2808 144 6
2 24 -34.2808 140 6 -36 140 6
2 24 -34.2808 144 6 -36 144 6
4 16 -34.2808 140 6 -36 140 6 -36 144 6 -34.2808 144 6
0 //
2 24 34.2808 140 6 34.2808 144 6
2 24 34.2808 140 6 36 140 6
2 24 34.2808 144 6 36 144 6
4 16 34.2808 144 6 36 144 6 36 140 6 34.2808 140 6
0 //
0 BFC INVERTNEXT
1 16 -32 140 5 -1.76777 0 1.76777 0 4 0 1.76777 0 1.76777 1-4cyli.dat
1 16 -32 144 5 -1.76777 0 1.76777 0 1 0 1.76777 0 1.76777 1-4edge.dat
4 16 -29.7192 144 6 -29.7192 140 6 -30.2322 140 6.7678 -30.2322 144 6.7678
4 16 -33.7678 144 6.7678 -33.7678 140 6.7678 -34.2808 140 6 -34.2808 144 6
5 24 -30.2322 144 6.7678 -30.2322 140 6.7678 -29.6903 144 5.9567 -31.0433 144 7.3097
5 24 -33.7678 144 6.7678 -33.7678 140 6.7678 -32.9567 144 7.3097 -34.3097 144 5.9567
2 24 -29.7192 144 6 -30.2322 144 6.7678
2 24 -34.2808 144 6 -33.7678 144 6.7678
0 //
0 BFC INVERTNEXT
1 16 32 140 5 1.76777 0 -1.76777 0 4 0 1.76777 0 1.76777 1-4cyli.dat
1 16 32 144 5 1.76777 0 -1.76777 0 1 0 1.76777 0 1.76777 1-4edge.dat
4 16 30.2322 144 6.7678 30.2322 140 6.7678 29.7192 140 6 29.7192 144 6
4 16 34.2808 144 6 34.2808 140 6 33.7678 140 6.7678 33.7678 144 6.7678
5 24 30.2322 144 6.7678 30.2322 140 6.7678 29.6903 144 5.9567 31.0433 144 7.3097
5 24 33.7678 144 6.7678 33.7678 140 6.7678 32.9567 144 7.3097 34.3097 144 5.9567
2 24 29.7192 144 6 30.2322 144 6.7678
2 24 34.2808 144 6 33.7678 144 6.7678
0 //
1 16 -32 140 5 2.3097 0 0.956709 0 -1 0 0.956709 0 -2.3097 5-8edge.dat
1 16 -32 140 5 2.5 0 0 0 -1 0 0 0 -2.5 2-4ndis.dat
2 24 -29.6903 140 5.9567 -29.7192 140 6
2 24 -34.3097 140 5.9567 -34.2808 140 6
0 //
1 16 32 140 5 2.3097 0 0.956709 0 -1 0 0.956709 0 -2.3097 5-8edge.dat
1 16 32 140 5 2.5 0 0 0 -1 0 0 0 -2.5 2-4ndis.dat
2 24 29.6903 140 5.9567 29.7192 140 6
2 24 34.3097 140 5.9567 34.2808 140 6
0 //
4 16 -29.6903 140 5.9567 -29.7192 140 6 29.7192 140 6 29.6903 140 5.9567
4 16 29.5 140 5 -29.5 140 5 -29.6903 140 5.9567 29.6903 140 5.9567
4 16 -29.5 140 5 29.5 140 5 29.5 140 2.5 -29.5 140 2.5
4 16 -36 140 -6 -36 140 2.5 36 140 2.5 36 140 -6
0 //
4 16 -36 140 2.5 -36 140 6 -34.5 140 5 -34.5 140 2.5
3 16 -34.5 140 5 -36 140 6 -34.3097 140 5.9567
3 16 -34.2808 140 6 -34.3097 140 5.9567 -36 140 6
0 //
4 16 34.5 140 2.5 34.5 140 5 36 140 6 36 140 2.5
3 16 34.3097 140 5.9567 36 140 6 34.5 140 5
3 16 36 140 6 34.3097 140 5.9567 34.2808 140 6
0 //
1 16 20 140 0 1 0 0 0 -1 0 0 0 1 stud3.dat
1 16 0 140 0 1 0 0 0 -1 0 0 0 1 stud3.dat
1 16 -20 140 0 1 0 0 0 -1 0 0 0 1 stud3.dat
0 //
1 16 0 144 0 40 0 0 0 -8 0 0 0 10 box4o4a.dat
4 16 -40 144 -10 -36 144 -6 36 144 -6 40 144 -10
4 16 -40 144 10 -36 144 6 -36 144 -6 -40 144 -10
4 16 40 144 -10 36 144 -6 36 144 6 40 144 10
0 //
1 16 -32 144 5 0 0 -2.5 0 -1 0 2.5 0 0 1-8ndis.dat
1 16 -32 144 5 0 0 2.5 0 -1 0 2.5 0 0 1-8ndis.dat
1 16 32 144 5 0 0 -2.5 0 -1 0 2.5 0 0 1-8ndis.dat
1 16 32 144 5 0 0 2.5 0 -1 0 2.5 0 0 1-8ndis.dat
0 //
3 16 40 144 10 36 144 6 34.2808 144 6
4 16 34.2808 144 6 33.7678 144 6.7678 34.5 144 7.5 40 144 10
3 16 -34.2808 144 6 -36 144 6 -40 144 10
4 16 -40 144 10 -34.5 144 7.5 -33.7678 144 6.7678 -34.2808 144 6
4 16 -29.7192 144 6 -30.2322 144 6.7678 30.2322 144 6.7678 29.7192 144 6
4 16 -29.5 144 7.5 29.5 144 7.5 30.2322 144 6.7678 -30.2322 144 6.7678
4 16 -40 144 10 40 144 10 34.5 144 7.5 -34.5 144 7.5
0 //
0 BFC INVERTNEXT
1 16 -32 136 5 2.5 0 0 0 4 0 0 0 2.5 4-4cyli.dat
1 16 -32 136 5 2.5 0 0 0 1 0 0 0 2.5 4-4edge.dat
1 16 -32 136 5 2.5 0 0 0 1 0 0 0 2.5 4-4ndis.dat
0 //
0 BFC INVERTNEXT
1 16 32 136 5 2.5 0 0 0 4 0 0 0 2.5 4-4cyli.dat
1 16 32 136 5 2.5 0 0 0 1 0 0 0 2.5 4-4edge.dat
1 16 32 136 5 2.5 0 0 0 1 0 0 0 2.5 4-4ndis.dat
0 //
1 16 0 136 8.75 36 0 0 0 4 0 0 0 1.25 rect3.dat
1 16 0 136 -4.5 -34 0 0 0 4 0 0 0 -5.5 rect3.dat
4 16 -36 136 1 -34.5 136 2.5 -34.5 136 7.5 -36 136 7.5
4 16 36 136 7.5 34.5 136 7.5 34.5 136 2.5 36 136 1
4 16 36 136 1 34.5 136 2.5 -34.5 136 2.5 -36 136 1
4 16 29.5 136 2.5 29.5 136 7.5 -29.5 136 7.5 -29.5 136 2.5
2 24 -36 136 8 -36 136 1
2 24 -36 136 1 -34 136 1
2 24 36 136 8 36 136 1
2 24 36 136 1 34 136 1
0 //
1 16 -32 4 5 2.5 0 0 0 1 0 0 0 2.5 4-4edge.dat
1 16 -32 4 5 2.5 0 0 0 -1 0 0 0 2.5 4-4ndis.dat
1 16 32 4 5 2.5 0 0 0 1 0 0 0 2.5 4-4edge.dat
1 16 32 4 5 2.5 0 0 0 -1 0 0 0 2.5 4-4ndis.dat
0 //
1 16 0 3 -10 0 0 -40 -3 0 0 0 1 0 rect1.dat
1 16 0 6 -4.5 0 0 -34 0 -1 0 -5.5 0 0 rect.dat
1 16 0 5 1 0 0 36 -1 0 0 0 -1 0 rect1.dat
1 16 0 2 8.75 36 0 0 0 0 2 0 1.25 0 box2-11.dat
4 16 34.5 4 7.5 36 4 7.5 36 4 1 34.5 4 2.5
4 16 -34.5 4 2.5 -36 4 1 -36 4 7.5 -34.5 4 7.5
4 16 34.5 4 2.5 36 4 1 -36 4 1 -34.5 4 2.5
4 16 -29.5 4 2.5 -29.5 4 7.5 29.5 4 7.5 29.5 4 2.5
0 //
1 16 -35 71 1 1 0 0 0 0 65 0 -1 0 rect1.dat
1 16 -36 70 5.5 0 -1 0 0 0 66 -4.5 0 0 rect1.dat
1 16 -37 71 -4.5 0 0 3 -65 0 0 0 -5.5 0 box2-11.dat
1 16 -38 68 0 0 0 -2 -68 0 0 0 10 0 box2-11.dat
2 24 -40 0 -10 -40 136 -10
2 24 -36 4 10 -36 136 10
2 24 -36 4 10 -36 4 1
0 //
1 16 35 71 1 -1 0 0 0 0 65 0 -1 0 rect1.dat
1 16 36 70 5.5 0 1 0 0 0 66 -4.5 0 0 rect1.dat
1 16 37 71 -4.5 0 0 -3 -65 0 0 0 -5.5 0 box2-11.dat
1 16 38 68 0 0 0 2 -68 0 0 0 10 0 box2-11.dat
2 24 40 0 -10 40 136 -10
2 24 36 4 10 36 136 10
2 24 36 4 10 36 4 1
0 //
0 BFC INVERTNEXT
1 16 -32 4 5 2.5 0 0 0 -4 0 0 0 2.5 4-4cyli.dat
1 16 -32 0 5 2.5 0 0 0 4 0 0 0 2.5 2-4ndis.dat
3 16 -34.3249 0 4.11975 -34.5 0 5 -34.5 0 2.5
0 BFC INVERTNEXT
1 16 32 4 5 2.5 0 0 0 -4 0 0 0 2.5 4-4cyli.dat
1 16 32 0 5 -2.5 0 0 0 4 0 0 0 2.5 2-4ndis.dat
3 16 34.5 0 2.5 34.5 0 5 34.3249 0 4.1197
0 //
4 16 40 0 10 -40 0 10 -34.5 0 7.5 34.5 0 7.5
4 16 -40 0 -10 40 0 -10 34.5 0 2.5 -34.5 0 2.5
4 16 34.5 0 7.5 34.5 0 2.5 40 0 -10 40 0 10
4 16 -40 0 10 -40 0 -10 -34.5 0 2.5 -34.5 0 7.5
4 16 -29.5 0 7.5 -29.5 0 2.5 29.5 0 2.5 29.5 0 7.5
2 24 40 0 10 -40 0 10
2 24 40 0 10 40 0 -10
2 24 -40 0 10 -40 0 -10
0 //
1 16 -32 0 5 1.76777 0 -1.76777 0 1 0 1.76777 0 1.76777 3-8edge.dat
2 24 -34.3249 0 4.11975 -34.5 0 5
2 24 -30.2322 0 6.7678 -29.6865 0 5.93781
1 16 -30 -4 0 -5.5433 0 -2.2961 0 4 0 2.2961 0 -5.5433 3-4cylc.dat
2 24 -27.7039 -4 5.5433 -29.6865 -4 5.93781
2 24 -34.3249 -4 4.11975 -35.5433 -4 2.2961
2 24 -34.3249 0 4.11975 -35.5433 0 2.2961
2 24 -34.3249 0 4.11975 -34.3249 -4 4.11975
2 24 -27.7039 0 5.5433 -29.6865 0 5.93781
2 24 -29.6865 0 5.93781 -29.6865 -4 5.93781
5 24 -35.5433 -4 2.2961 -35.5433 0 2.2961 -36.0002 -4 -0.0001 -34.2427 -4 4.2428
5 24 -27.7039 -4 5.5433 -27.7039 0 5.5433 -30.0001 -4 6.0002 -25.7572 -4 4.2427
4 16 -27.7039 -4 5.5433 -27.7039 0 5.5433 -29.6865 0 5.93781 -29.6865 -4 5.93781
4 16 -34.3249 -4 4.11975 -34.3249 0 4.11975 -35.5433 0 2.2961 -35.5433 -4 2.2961
0 //
3 16 -27.7039 -4 5.5433 -29.6865 -4 5.93781 -29.5 -4 5
4 16 -30.0001 -4 3.57975 -30 -4 0 -27.7039 -4 5.5433 -29.6903 -4 4.0433
3 16 -27.7039 -4 5.5433 -29.5 -4 5 -29.6903 -4 4.0433
3 16 -30 -4 0 -30.0001 -4 3.57975 -30.2323 -4 3.2322
3 16 -30 -4 0 -30.2323 -4 3.2322 -31.0432 -4 2.6902
3 16 -31.0432 -4 2.6902 -31.1089 -4 2.67713 -30 -4 0
3 16 -30 -4 0 -31.1089 -4 2.67713 -32 -4 2.5
3 16 -32 -4 2.5 -32.624 -4 2.62405 -30 -4 0
4 16 -35.5433 -4 2.2961 -30 -4 0 -32.624 -4 2.62405 -32.9567 -4 2.6902
3 16 -35.5433 -4 2.2961 -32.9567 -4 2.6902 -33.7677 -4 3.2322
3 16 -35.5433 -4 2.2961 -33.7677 -4 3.2322 -34.3097 -4 4.0433
3 16 -34.3097 -4 4.0433 -34.3249 -4 4.11975 -35.5433 -4 2.2961
0 //
0 BFC INVERTNEXT
1 16 -32 -4 5 2.5 0 0 0 4 0 0 0 -2.5 7-16cyli.dat
1 16 -32 -4 5 2.5 0 0 0 -4 0 0 0 -2.5 7-16edge.dat
5 24 -29.5 -4 5 -29.5 0 5 -29.6903 -4 4.0433 -29.6903 -4 5.9567
5 24 -34.3097 -4 4.0433 -34.3097 0 4.0433 -34.5 -4 5 -33.7677 -4 3.2322
2 24 -34.3097 -4 4.0433 -34.3249 -4 4.11975
2 24 -29.6865 -4 5.93781 -29.5 -4 5
4 16 -34.3097 -4 4.0433 -34.3097 0 4.0433 -34.3249 0 4.11975 -34.3249 -4 4.11975
4 16 -29.6865 -4 5.93781 -29.6865 0 5.93781 -29.5 0 5 -29.5 -4 5
0 //
1 16 32 0 5 -1.76777 0 1.76777 0 1 0 1.76777 0 1.76777 3-8edge.dat
2 24 34.3249 0 4.11975 34.5 0 5
2 24 30.2322 0 6.7678 29.6865 0 5.93781
1 16 30 -4 0 5.5433 0 2.2961 0 4 0 2.2961 0 -5.5433 3-4cylc.dat
2 24 27.7039 -4 5.5433 29.6865 -4 5.93781
2 24 34.3249 -4 4.11975 35.5433 -4 2.2961
2 24 34.3249 0 4.11975 35.5433 0 2.2961
2 24 34.3249 0 4.11975 34.3249 -4 4.11975
2 24 27.7039 0 5.5433 29.6865 0 5.93781
2 24 29.6865 0 5.93781 29.6865 -4 5.93781
5 24 35.5433 -4 2.2961 35.5433 0 2.2961 36.0002 -4 -0.0001 34.2427 -4 4.2428
5 24 27.7039 -4 5.5433 27.7039 0 5.5433 30.0001 -4 6.0002 25.7572 -4 4.2427
4 16 29.6865 -4 5.9378 29.6865 0 5.9378 27.7039 0 5.5433 27.7039 -4 5.5433
4 16 35.5433 -4 2.2961 35.5433 0 2.2961 34.3249 0 4.1197 34.3249 -4 4.1197
0 //
3 16 29.5 -4 5 29.6865 -4 5.9378 27.7039 -4 5.5433
4 16 29.6903 -4 4.0433 27.7039 -4 5.5433 30 -4 0 30.0001 -4 3.5798
3 16 29.6903 -4 4.0433 29.5 -4 5 27.7039 -4 5.5433
3 16 30.2323 -4 3.2322 30.0001 -4 3.5798 30 -4 0
3 16 31.0432 -4 2.6902 30.2323 -4 3.2322 30 -4 0
3 16 30 -4 0 31.1089 -4 2.6771 31.0432 -4 2.6902
3 16 32 -4 2.5 31.1089 -4 2.6771 30 -4 0
3 16 30 -4 0 32.624 -4 2.624 32 -4 2.5
4 16 32.9567 -4 2.6902 32.624 -4 2.624 30 -4 0 35.5433 -4 2.2961
3 16 33.7677 -4 3.2322 32.9567 -4 2.6902 35.5433 -4 2.2961
3 16 34.3097 -4 4.0433 33.7677 -4 3.2322 35.5433 -4 2.2961
3 16 35.5433 -4 2.2961 34.3249 -4 4.1197 34.3097 -4 4.0433
0 //
0 BFC INVERTNEXT
1 16 32 -4 5 -2.5 0 0 0 4 0 0 0 -2.5 7-16cyli.dat
1 16 32 -4 5 -2.5 0 0 0 -4 0 0 0 -2.5 7-16edge.dat
5 24 29.5 -4 5 29.5 0 5 29.6903 -4 4.0433 29.6903 -4 5.9567
5 24 34.3097 -4 4.0433 34.3097 0 4.0433 34.5 -4 5 33.7677 -4 3.2322
2 24 34.3097 -4 4.0433 34.3249 -4 4.11975
2 24 29.6865 -4 5.93781 29.5 -4 5
4 16 34.3249 -4 4.1197 34.3249 0 4.1197 34.3097 0 4.0433 34.3097 -4 4.0433
4 16 29.5 -4 5 29.5 0 5 29.6865 0 5.9378 29.6865 -4 5.9378
0 //
1 16 10 0 0 1 0 0 0 1 0 0 0 1 stud2.dat
1 16 -10 0 0 1 0 0 0 1 0 0 0 1 stud2.dat
0 //

0 FILE parts/60592.dat
0 Window  1 x  2 x  2 without Sill
0 Name: 60592.dat
0 Author: Michael Heidemann [mikeheide]
0 !LDRAW_ORG Part UPDATE 2012-01
0 !LICENSE Licensed under CC BY 4.0 : see CAreadme.txt

0 BFC CERTIFY CCW

0 !HISTORY 2008-12-20 {LEGO Universe Team} Original part shape
0 !HISTORY 2009-01-16 [mikeheide] File preparation for LDraw Parts Tracker
0 !HISTORY 2010-07-05 [PTadmin] Official Update 2010-02
0 !HISTORY 2012-03-06 [gregteft] Updated to increase primitive use and correct inset for glass.
0 !HISTORY 2012-03-30 [PTadmin] Official Update 2012-01


1 16 0 0 0 1 0 0 0 1 0 0 0 1 stug2-1x2.dat
0 // top hole
1 16 0 0 -5 2.5 0 0 0 1 0 0 0 2.5 4-4ndis.dat
0 BFC INVERTNEXT
1 16 0 0 -5 2.5 0 0 0 3 0 0 0 2.5 4-4cylo.dat
1 16 0 3 -5 2.5 0 0 0 -1 0 0 0 2.5 4-4ndis.dat
0 // bottom hole
1 16 0 40 -5 2.5 0 0 0 1 0 0 0 2.5 2-4ndis.dat
1 16 0 40 -5 2.5 0 0 0 3 0 0 0 2.5 2-4edge.dat
0 BFC INVERTNEXT
1 16 0 40 -5 2.5 0 0 0 3 0 0 0 2.5 2-4cyli.dat
0 BFC INVERTNEXT
1 16 0 40 -5 -1.768 0 1.768 0 8 0 -1.768 0 -1.768 1-4cyli.dat
1 16 0 40 -5 -1.768 0 1.768 0 1 0 -1.768 0 -1.768 1-4ndis.dat
1 16 0 40 -5 -1.768 0 1.768 0 1 0 -1.768 0 -1.768 1-4edge.dat
1 16 0 48 -5 -1.768 0 1.768 0 -1 0 -1.768 0 -1.768 1-4ndis.dat
1 16 0 48 -5 -1.768 0 1.768 0 1 0 -1.768 0 -1.768 1-4edge.dat
1 16 0 43 -5 2.5 0 0 0 -1 0 0 0 2.5 2-4ndis.dat
1 16 0 43 -5 2.5 0 0 0 1 0 0 0 2.5 2-4edge.dat
2 24 1.768 40 -6.768 2.291 40 -6
2 24 1.768 48 -6.768 2.291 48 -6
2 24 -1.768 40 -6.768 -2.291 40 -6
2 24 -1.768 48 -6.768 -2.291 48 -6
2 24 2.291 40 -6 2.5 40 -5
2 24 2.291 43 -6 2.5 43 -5
2 24 -2.291 40 -6 -2.5 40 -5
2 24 -2.291 43 -6 -2.5 43 -5
3 16 1.768 40 -6.768 2.291 40 -6 2.291 43 -6
3 16 -2.291 43 -6 -2.291 40 -6 -1.768 40 -6.768
4 16 1.768 40 -6.768 2.291 43 -6 2.291 48 -6 1.768 48 -6.768
4 16 -1.768 48 -6.768 -2.291 48 -6 -2.291 43 -6 -1.768 40 -6.768
4 16 2.291 40 -6 2.5 40 -5 2.5 43 -5 2.291 43 -6
4 16 -2.291 43 -6 -2.5 43 -5 -2.5 40 -5 -2.291 40 -6
5 24 2.291 40 -6 2.291 43 -6 1.768 40 -6.768 2.5 40 -5
5 24 -2.291 40 -6 -2.291 43 -6 -1.768 40 -6.768 -2.5 40 -5
0 // top and sides
1 16 0 24 0 20 0 0 0 24 0 0 0 10 box0.dat
4 16 20 0 -10 20 48 -10 20 48 10 20 0 10
4 16 -20 0 10 -20 48 10 -20 48 -10 -20 0 -10
4 16 -20 0 10 -2.5 0 -2.5 2.5 0 -2.5 20 0 10
4 16 20 0 10 2.5 0 -2.5 2.5 0 -7.5 20 0 -10
4 16 20 0 -10 2.5 0 -7.5 -2.5 0 -7.5 -20 0 -10
4 16 -20 0 -10 -2.5 0 -7.5 -2.5 0 -2.5 -20 0 10
0 // bottom triangles
1 16 5 43 5 -1 0 0 0 5 0 0 0 -1 7-16cyli.dat
1 16 5 43 -5 -1 0 0 0 5 0 0 0 1 7-16cyli.dat
1 16 -5 43 5 1 0 0 0 5 0 0 0 -1 7-16cyli.dat
1 16 -5 43 -5 1 0 0 0 5 0 0 0 1 7-16cyli.dat
1 16 5 43 5 -1 0 0 0 -1 0 0 0 -1 7-16ndis.dat
1 16 5 43 -5 -1 0 0 0 -1 0 0 0 1 7-16ndis.dat
1 16 -5 43 5 1 0 0 0 -1 0 0 0 -1 7-16ndis.dat
1 16 -5 43 -5 1 0 0 0 -1 0 0 0 1 7-16ndis.dat
1 16 5 48 5 -1 0 0 0 -1 0 0 0 -1 7-16disc.dat
1 16 5 48 -5 -1 0 0 0 -1 0 0 0 1 7-16disc.dat
1 16 -5 48 5 1 0 0 0 -1 0 0 0 -1 7-16disc.dat
1 16 -5 48 -5 1 0 0 0 -1 0 0 0 1 7-16disc.dat
1 16 5 43 5 -1 0 0 0 -1 0 0 0 -1 7-16edge.dat
1 16 5 43 -5 -1 0 0 0 -1 0 0 0 1 7-16edge.dat
1 16 -5 43 5 1 0 0 0 -1 0 0 0 -1 7-16edge.dat
1 16 -5 43 -5 1 0 0 0 -1 0 0 0 1 7-16edge.dat
1 16 5 48 5 -1 0 0 0 -1 0 0 0 -1 7-16edge.dat
1 16 5 48 -5 -1 0 0 0 -1 0 0 0 1 7-16edge.dat
1 16 -5 48 5 1 0 0 0 -1 0 0 0 -1 7-16edge.dat
1 16 -5 48 -5 1 0 0 0 -1 0 0 0 1 7-16edge.dat
1 16 6.212 45.5 -5.30865 .28805 -.923437 0 0 0 2.5 -.69315 -.38375 0 rect2p.dat
1 16 -6.212 45.5 -5.30865 .28805 .923437 0 0 0 2.5 .69315 -.38375 0 rect2p.dat
1 16 6.212 45.5 5.30865 -.28805 -.923437 0 0 0 2.5 -.69315 -.38375 0 rect2p.dat
1 16 -6.212 45.5 5.30865 -.28805 .923437 0 0 0 2.5 .69315 -.38375 0 rect2p.dat
3 16 -6.5 43 -6 -6 43 -4 -5.9239 43 -4.6173
3 16 6.5 43 -6 5.9239 43 -4.6173 6 43 -4
3 16 -6.5 43 6 -5.9239 43 4.6173 -6 43 4
3 16 6.5 43 6 6 43 4 5.9239 43 4.6173
3 16 -6.5 48 -6 -5.9239 48 -4.6173 -5 48 -5
3 16 6.5 48 -6 5 48 -5 5.9239 48 -4.6173
3 16 -6.5 48 6 -5 48 5 -5.9239 48 4.6173
3 16 6.5 48 6 5.9239 48 4.61773 5 48 5
4 16 -6.5 48 -6 -5 48 -5 -4 48 -5 -4 48 -6
4 16 4 48 -6 4 48 -5 5 48 -5 6.5 48 -6
4 16 -4 48 6 -4 48 5 -5 48 5 -6.5 48 6
4 16 6.5 48 6 5 48 5 4 48 5 4 48 6
0 // between triangles and hole
1 16 3.1455 45.5 -6 .8545 0 0 0 0 2.5 0 -1 0 rect.dat
1 16 -3.1455 45.5 -6 .8545 0 0 0 0 2.5 0 -1 0 rect.dat
1 16 4 45.5 -5.5 0 1 0 0 0 2.5 .5 0 0 rect2p.dat
1 16 -4 45.5 -5.5 0 -1 0 0 0 2.5 -.5 0 0 rect2p.dat
3 16 -2.5 43 -2.5 -4 43 -4 -6 43 -4
3 16 6 43 -4 4 43 -4 2.5 43 -2.5
4 16 -4 43 -6 -4 43 -5 -2.5 43 -5 -2.291 43 -6
4 16 2.291 43 -6 2.5 43 -5 4 43 -5 4 43 -6
4 16 -4 43 -5 -4 43 -4 -2.5 43 -2.5 -2.5 43 -5
4 16 2.5 43 -5 2.5 43 -2.5 4 43 -4 4 43 -5
0 // inside bottom
0 BFC INVERTNEXT
1 16 6.5 45.5 0 0 9.5 0 0 0 -2.5 6 0 0 box4-2p.dat
0 BFC INVERTNEXT
1 16 -6.5 45.5 0 0 -9.5 0 0 0 -2.5 6 0 0 box4-2p.dat
0 BFC INVERTNEXT
1 16 0 48 5.5 4 0 0 0 -5 0 0 0 .5 box4-4a.dat
4 16 -2.5 43 -2.5 -4 43 4 4 43 4 2.5 43 -2.5
4 16 -4 43 4 -4 43 5 4 43 5 4 43 4
4 16 -6 43 4 -4 43 4 -2.5 43 -2.5 -6 43 -4
4 16 6 43 -4 2.5 43 -2.5 4 43 4 6 43 4
4 16 -6.5 43 6 -6 43 4 -6 43 -4 -6.5 43 -6
4 16 6.5 43 -6 6 43 -4 6 43 4 6.5 43 6
0 // bottom edge
3 16 -20 48 -10 0 48 -8.536 20 48 -10
3 16 20 48 -10 0 48 -8.536 1.768 48 -6.768
3 16 -20 48 -10 -1.768 48 -6.768 0 48 -8.536
4 16 20 48 -10 1.768 48 -6.768 2.291 48 -6 4 48 -6
4 16 -4 48 -6 -2.291 48 -6 -1.768 48 -6.768 -20 48 -10
3 16 20 48 -10 4 48 -6 6.5 48 -6
3 16 -20 48 -10 -6.5 48 -6 -4 48 -6
3 16 20 48 -10 6.5 48 -6 16 48 -6
3 16 -20 48 -10 -16 48 -6 -6.5 48 -6
4 16 20 48 -10 16 48 -6 16 48 6 20 48 10
3 16 20 48 10 16 48 6 6.5 48 6
3 16 20 48 10 6.5 48 6 4 48 6
4 16 20 48 10 4 48 6 -4 48 6 -20 48 10
3 16 -20 48 10 -4 48 6 -6.5 48 6
3 16 -20 48 10 -6.5 48 6 -16 48 6
4 16 -20 48 10 -16 48 6 -16 48 -6 -20 48 -10
0 // thick frame
0 BFC INVERTNEXT
1 16 0 40 3.75 0 0 15 0 -35 0 6.25 0 0 box3u8p.dat
1 16 0 22.5 10 15 0 0 0 0 -17.5 0 1 0 recte4.dat
1 16 0 22.5 -2.5 15 0 0 0 0 -17.5 0 1 0 recte3.dat
4 16 -15 40 10 -2.5 40 -2.5 2.5 40 -2.5 15 40 10
3 16 -15 40 10 -15 40 -2.5 -2.5 40 -2.5
3 16 2.5 40 -2.5 15 40 -2.5 15 40 10
0 // outside thick frame
4 16 20 0 10 15 5 10 -15 5 10 -20 0 10
4 16 -20 0 10 -15 5 10 -15 40 10 -20 48 10
4 16 -20 48 10 -15 40 10 15 40 10 20 48 10
4 16 20 48 10 15 40 10 15 5 10 20 0 10
0 // transition
4 16 -17 40 -2.5 -15 40 -2.5 -15 5 -2.5 -17 3 -2.5
3 16 -17 3 -2.5 -15 5 -2.5 -2.5 3 -2.5
4 16 -2.5 3 -2.5 -15 5 -2.5 15 5 -2.5 2.5 3 -2.5
3 16 2.5 3 -2.5 15 5 -2.5 17 3 -2.5
4 16 17 3 -2.5 15 5 -2.5 15 40 -2.5 17 40 -2.5
0 // thin frame
1 16 17 21.5 -6.25 0 1 0 0 0 18.5 3.75 0 0 rect.dat
1 16 -17 21.5 -6.25 0 -1 0 0 0 18.5 3.75 0 0 rect.dat
2 24 17 3 -2.5 -17 3 -2.5
2 24 17 3 -10 -17 3 -10
2 24 17 40 -10 -17 40 -10
2 24 17 40 -2.5 15 40 -2.5
2 24 -17 40 -2.5 -15 40 -2.5
3 16 -15 40 -2.5 -17 40 -2.5 -17 40 -10
3 16 17 40 -10 17 40 -2.5 15 40 -2.5
3 16 17 40 -10 0 40 -8.536 -17 40 -10
3 16 -15 40 -2.5 -2.5 40 -5 -2.5 40 -2.5
3 16 2.5 40 -2.5 2.5 40 -5 15 40 -2.5
3 16 -15 40 -2.5 -1.768 40 -6.768 -2.294 40 -6
3 16 2.294 40 -6 1.768 40 -6.768 15 40 -2.5
3 16 -15 40 -2.5 -2.291 40 -6 -2.5 40 -5
3 16 2.5 40 -5 2.291 40 -6 15 40 -2.5
4 16 -17 3 -10 -2.5 3 -7.5 2.5 3 -7.5 17 3 -10
4 16 -17 3 -10 -17 3 -2.5 -2.5 3 -2.5 -2.5 3 -7.5
4 16 2.5 3 -7.5 2.5 3 -2.5 17 3 -2.5 17 3 -10
4 16 -15 40 -2.5 -17 40 -10 0 40 -8.536 -1.768 40 -6.768
4 16 1.768 40 -6.768 0 40 -8.536 17 40 -10 15 40 -2.5
0 // outside thin frame
4 16 -20 0 -10 -17 3 -10 17 3 -10 20 0 -10
4 16 20 0 -10 17 3 -10 17 40 -10 20 48 -10
4 16 20 48 -10 17 40 -10 -17 40 -10 -20 48 -10
4 16 -20 48 -10 -17 40 -10 -17 3 -10 -20 0 -10
0

0 FILE parts/3001.dat
0 Brick  2 x  4
0 Name: 3001.dat
0 Author: James Jessiman
0 !LDRAW_ORG Part UPDATE 2004-03
0 !LICENSE Licensed under CC BY 4.0 : see CAreadme.txt

0 BFC CERTIFY CCW

0 !HISTORY 2002-05-07 {unknown} BFC Certification
0 !HISTORY 2002-06-11 [PTadmin] Official Update 2002-03
0 !HISTORY 2004-02-08 [Steffen] used s\3001s01.dat
0 !HISTORY 2004-09-15 [PTadmin] Official Update 2004-03
0 !HISTORY 2007-05-07 [PTadmin] Header formatted for Contributor Agreement
0 !HISTORY 2008-07-01 [PTadmin] Official Update 2008-01


1 16 0 0 0 1 0 0 0 1 0 0 0 1 s/3001s01.dat
4 16 -40 0 -20 -40 24 -20 40 24 -20 40 0 -20
4 16 40 0 20 40 24 20 -40 24 20 -40 0 20
0

0 FILE parts/3004.dat
0 Brick  1 x  2
0 Name: 3004.dat
0 Author: James Jessiman
0 !LDRAW_ORG Part UPDATE 2022-05
0 !LICENSE Licensed under CC BY 4.0 : see CAreadme.txt

0 BFC CERTIFY CCW

0 !HISTORY 2001-10-26 [PTadmin] Official Update 2001-01
0 !HISTORY 2002-05-07 {unknown} BFC Certification
0 !HISTORY 2002-06-11 [PTadmin] Official Update 2002-03
0 !HISTORY 2007-05-07 [PTadmin] Header formatted for Contributor Agreement
0 !HISTORY 2008-07-01 [PTadmin] Official Update 2008-01
0 !HISTORY 2022-08-04 [MagFors] Using subfile
0 !HISTORY 2022-09-15 [PTadmin] Official Update 2022-05


1 16 0 0 0 1 0 0 0 1 0 0 0 1 s/3004s01.dat
4 16 -20 24 -10 20 24 -10 20 0 -10 -20 0 -10

0 FILE parts/85959.dat
0 Minifig Flame  7 L with Bar  0.8
0 Name: 85959.dat
0 Author: Philippe Hurbain [Philo]
0 !LDRAW_ORG Part UPDATE 2014-02
0 !LICENSE Licensed under CC BY 4.0 : see CAreadme.txt

0 BFC CERTIFY CCW

0 !CATEGORY Minifig Accessory

0 !HISTORY 2014-08-20 {LEGO Digital Designer} Original part shape
0 !HISTORY 2014-08-20 [Philo] File preparation for LDraw Parts Tracker
0 !HISTORY 2014-12-23 [PTadmin] Official Update 2014-02


1 16 0 0 0 1 0 0 0 1 0 0 0 1 s/85959s01.dat
1 16 0 0 0 1 0 0 0 1 0 0 0 1 s/85959s02.dat
1 16 0 0 0 1 0 0 0 1 0 0 0 1 s/85959s03.dat

0 FILE parts/3003.dat
0 Brick  2 x  2
0 Name: 3003.dat
0 Author: James Jessiman
0 !LDRAW_ORG Part UPDATE 2022-05
0 !LICENSE Licensed under CC BY 4.0 : see CAreadme.txt

0 BFC CERTIFY CCW

0 !HISTORY 2001-10-26 [PTadmin] Official Update 2001-01
0 !HISTORY 2002-05-07 {unknown} BFC Certification
0 !HISTORY 2002-06-11 [PTadmin] Official Update 2002-03
0 !HISTORY 2007-05-07 [PTadmin] Header formatted for Contributor Agreement
0 !HISTORY 2008-07-01 [PTadmin] Official Update 2008-01
0 !HISTORY 2022-08-04 [MagFors] Using subfile
0 !HISTORY 2022-09-15 [PTadmin] Official Update 2022-05


1 16 0 0 0 1 0 0 0 1 0 0 0 1 s/3003s01.dat
4 16 -20 24 -20 20 24 -20 20 0 -20 -20 0 -20

0 FILE parts/3062b.dat
0 Brick  1 x  1 Round with Hollow Stud
0 Name: 3062b.dat
0 Author: James Jessiman
0 !LDRAW_ORG Part UPDATE 2022-02
0 !LICENSE Licensed under CC BY 4.0 : see CAreadme.txt

0 BFC CERTIFY CCW

0 !KEYWORDS BrickLink 3062

0 !HISTORY 1998-06-20 [PTadmin] Official Update 1998-06
0 !HISTORY 2003-08-02 [OrionP] Made some primitive subs
0 !HISTORY 2003-08-04 [Steffen] replaced peghole.dat by stud4a.dat
0 !HISTORY 2003-12-19 [PTadmin] Official Update 2003-03
0 !HISTORY 2007-06-10 [PTadmin] Header formatted for Contributor Agreement
0 !HISTORY 2008-07-01 [PTadmin] Official Update 2008-01
0 !HISTORY 2009-03-19 [tchang] Add missing <CR>
0 !HISTORY 2009-09-03 [PTadmin] Official Update 2009-02
0 !HISTORY 2020-12-12 [RainbowDolphin] Subparted for patterns
0 !HISTORY 2022-03-06 [PTadmin] Official Update 2022-02


1 16 0 0 0 1 0 0 0 1 0 0 0 1 s/3062bs01.dat
1 16 0 0 0 10 0 0 0 19 0 0 0 10 4-4cyli.dat

0 FILE parts/3032.dat
0 Plate  4 x  6
0 Name: 3032.dat
0 Author: James Jessiman
0 !LDRAW_ORG Part UPDATE 2002-03
0 !LICENSE Licensed under CC BY 4.0 : see CAreadme.txt

0 BFC CERTIFY CCW

0 !HISTORY 2001-10-26 [PTadmin] Official Update 2001-01
0 !HISTORY 2002-05-07 {unknown} BFC Certification
0 !HISTORY 2002-06-11 [PTadmin] Official Update 2002-03
0 !HISTORY 2007-06-07 [PTadmin] Header formatted for Contributor Agreement
0 !HISTORY 2008-07-01 [PTadmin] Official Update 2008-01


1 16 40 4 20 1 0 0 0 -1 0 0 0 1 stud4.dat
1 16 20 4 20 1 0 0 0 -1 0 0 0 1 stud4.dat
1 16 0 4 20 1 0 0 0 -1 0 0 0 1 stud4.dat
1 16 -20 4 20 1 0 0 0 -1 0 0 0 1 stud4.dat
1 16 -40 4 20 1 0 0 0 -1 0 0 0 1 stud4.dat
1 16 40 4 0 1 0 0 0 -1 0 0 0 1 stud4.dat
1 16 20 4 0 1 0 0 0 -1 0 0 0 1 stud4.dat
1 16 0 4 0 1 0 0 0 -1 0 0 0 1 stud4.dat
1 16 -20 4 0 1 0 0 0 -1 0 0 0 1 stud4.dat
1 16 -40 4 0 1 0 0 0 -1 0 0 0 1 stud4.dat
1 16 40 4 -20 1 0 0 0 -1 0 0 0 1 stud4.dat
1 16 20 4 -20 1 0 0 0 -1 0 0 0 1 stud4.dat
1 16 0 4 -20 1 0 0 0 -1 0 0 0 1 stud4.dat
1 16 -20 4 -20 1 0 0 0 -1 0 0 0 1 stud4.dat
1 16 -40 4 -20 1 0 0 0 -1 0 0 0 1 stud4.dat

0 BFC INVERTNEXT
1 16 0 8 0 56 0 0 0 -4 0 0 0 36 box5.dat

4 16 60 8 40 56 8 36 -56 8 36 -60 8 40
0 // Next Line was 4 16 60 8 -40 56 8 -36 -56 8 -36 -60 8 -40
4 16 -60 8 -40 -56 8 -36 56 8 -36 60 8 -40
0 // Next Line was 4 16 60 8 40 56 8 36 56 8 -36 60 8 -40
4 16 60 8 -40 56 8 -36 56 8 36 60 8 40
4 16 -60 8 40 -56 8 36 -56 8 -36 -60 8 -40

1 16 0 8 0 60 0 0 0 -8 0 0 0 40 box5.dat

1 16 50 0 30 1 0 0 0 1 0 0 0 1 stud.dat
1 16 30 0 30 1 0 0 0 1 0 0 0 1 stud.dat
1 16 10 0 30 1 0 0 0 1 0 0 0 1 stud.dat
1 16 -10 0 30 1 0 0 0 1 0 0 0 1 stud.dat
1 16 -30 0 30 1 0 0 0 1 0 0 0 1 stud.dat
1 16 -50 0 30 1 0 0 0 1 0 0 0 1 stud.dat
1 16 50 0 10 1 0 0 0 1 0 0 0 1 stud.dat
1 16 30 0 10 1 0 0 0 1 0 0 0 1 stud.dat
1 16 10 0 10 1 0 0 0 1 0 0 0 1 stud.dat
1 16 -10 0 10 1 0 0 0 1 0 0 0 1 stud.dat
1 16 -30 0 10 1 0 0 0 1 0 0 0 1 stud.dat
1 16 -50 0 10 1 0 0 0 1 0 0 0 1 stud.dat
1 16 50 0 -10 1 0 0 0 1 0 0 0 1 stud.dat
1 16 30 0 -10 1 0 0 0 1 0 0 0 1 stud.dat
1 16 10 0 -10 1 0 0 0 1 0 0 0 1 stud.dat
1 16 -10 0 -10 1 0 0 0 1 0 0 0 1 stud.dat
1 16 -30 0 -10 1 0 0 0 1 0 0 0 1 stud.dat
1 16 -50 0 -10 1 0 0 0 1 0 0 0 1 stud.dat
1 16 50 0 -30 1 0 0 0 1 0 0 0 1 stud.dat
1 16 30 0 -30 1 0 0 0 1 0 0 0 1 stud.dat
1 16 10 0 -30 1 0 0 0 1 0 0 0 1 stud.dat
1 16 -10 0 -30 1 0 0 0 1 0 0 0 1 stud.dat
1 16 -30 0 -30 1 0 0 0 1 0 0 0 1 stud.dat
1 16 -50 0 -30 1 0 0 0 1 0 0 0 1 stud.dat
0

0 FILE parts/3010.dat
0 Brick  1 x  4
0 Name: 3010.dat
0 Author: James Jessiman
0 !LDRAW_ORG Part UPDATE 2025-09
0 !LICENSE Licensed under CC BY 4.0 : see CAreadme.txt

0 BFC CERTIFY CCW

0 !HISTORY 2001-10-26 [PTadmin] Official Update 2001-01
0 !HISTORY 2002-05-07 {unknown} BFC Certification
0 !HISTORY 2002-06-11 [PTadmin] Official Update 2002-03
0 !HISTORY 2002-12-12 [hafhead] New subparted version
0 !HISTORY 2003-08-01 [PTadmin] Official Update 2003-02
0 !HISTORY 2007-06-06 [PTadmin] Header formatted for Contributor Agreement
0 !HISTORY 2008-07-01 [PTadmin] Official Update 2008-01
0 !HISTORY 2025-09-27 [OrionP] Changed winding to CCW
0 !HISTORY 2025-09-29 [OrionP] Official Update 2025-09

1 16 0 0 0 1 0 0 0 1 0 0 0 1 s/3010s01.dat
4 16 -40 24 -10 40 24 -10 40 0 -10 -40 0 -10
0

0 FILE parts/3941.dat
0 Brick  2 x  2 Round without Reinforcement
0 Name: 3941.dat
0 Author: James Jessiman
0 !LDRAW_ORG Part UPDATE 2020-01
0 !LICENSE Licensed under CC BY 4.0 : see CAreadme.txt

0 BFC CERTIFY CCW

0 !HISTORY 2003-08-21 [OrionP] Changed stud to stud10, BFC'd
0 !HISTORY 2004-04-22 [PTadmin] Official Update 2004-02
0 !HISTORY 2007-06-30 [PTadmin] Header formatted for Contributor Agreement
0 !HISTORY 2008-07-01 [PTadmin] Official Update 2008-01
0 !HISTORY 2018-02-20 [MagFors] Used subfile
0 !HISTORY 2019-06-28 [PTadmin] Official Update 2019-01
0 !HISTORY 2020-06-28 [PTadmin] Official Update 2020-01


1 16 0 0 0 1 0 0 0 1 0 0 0 1 s/3941s01.dat
1 16 0 0 0 20 0 0 0 20 0 0 0 20 4-4cyli.dat

0 FILE parts/3710.dat
0 Plate  1 x  4
0 Name: 3710.dat
0 Author: James Jessiman
0 !LDRAW_ORG Part UPDATE 2023-06
0 !LICENSE Licensed under CC BY 4.0 : see CAreadme.txt

0 BFC CERTIFY CCW

0 !HISTORY 2004-07-25 [guyvivan] Made BFC Compliant
0 !HISTORY 2004-11-06 [PTadmin] Official Update 2004-04
0 !HISTORY 2007-06-29 [PTadmin] Header formatted for Contributor Agreement
0 !HISTORY 2008-07-01 [PTadmin] Official Update 2008-01
0 !HISTORY 2023-03-28 [Sirio] Introduced use of subpart
0 !HISTORY 2023-11-19 [OrionP] Official Update 2023-06


1 16 0 0 0 1 0 0 0 1 0 0 0 1 s/3710s01.dat
4 16 -40 0 -10 -40 8 -10 40 8 -10 40 0 -10

0 FILE parts/3623.dat
0 Plate  1 x  3
0 Name: 3623.dat
0 Author: James Jessiman
0 !LDRAW_ORG Part UPDATE 2017-01
0 !LICENSE Licensed under CC BY 4.0 : see CAreadme.txt

0 BFC CERTIFY CCW

0 !HISTORY 2003-06-08 [jriley] BFC compliant
0 !HISTORY 2003-12-19 [PTadmin] Official Update 2003-03
0 !HISTORY 2007-06-25 [PTadmin] Header formatted for Contributor Agreement
0 !HISTORY 2008-07-01 [PTadmin] Official Update 2008-01
0 !HISTORY 2017-04-02 [Sirio] Introduced use of subpart
0 !HISTORY 2017-12-30 [PTadmin] Official Update 2017-01


1 16 0 0 0 1 0 0 0 1 0 0 0 1 s/3623s01.dat
4 16 -30 8 -10 30 8 -10 30 0 -10 -30 0 -10

0 FILE parts/3021.dat
0 Plate  2 x  3
0 Name: 3021.dat
0 Author: James Jessiman
0 !LDRAW_ORG Part UPDATE 2002-03
0 !LICENSE Licensed under CC BY 4.0 : see CAreadme.txt

0 BFC CERTIFY CCW

0 !HISTORY 2001-10-26 [PTadmin] Official Update 2001-01
0 !HISTORY 2002-05-07 {unknown} BFC Certification
0 !HISTORY 2002-06-11 [PTadmin] Official Update 2002-03
0 !HISTORY 2007-06-07 [PTadmin] Header formatted for Contributor Agreement
0 !HISTORY 2008-07-01 [PTadmin] Official Update 2008-01


1 16 10 4 0 1 0 0 0 -1 0 0 0 1 stud4.dat
1 16 -10 4 0 1 0 0 0 -1 0 0 0 1 stud4.dat

0 BFC INVERTNEXT
1 16 0 8 0 26 0 0 0 -4 0 0 0 16 box5.dat

4 16 30 8 20 26 8 16 -26 8 16 -30 8 20
0 // Next Line was 4 16 30 8 -20 26 8 -16 -26 8 -16 -30 8 -20
4 16 -30 8 -20 -26 8 -16 26 8 -16 30 8 -20
0 // Next Line was 4 16 30 8 20 26 8 16 26 8 -16 30 8 -20
4 16 30 8 -20 26 8 -16 26 8 16 30 8 20
4 16 -30 8 20 -26 8 16 -26 8 -16 -30 8 -20

1 16 0 8 0 30 0 0 0 -8 0 0 0 20 box5.dat

1 16 20 0 10 1 0 0 0 1 0 0 0 1 stud.dat
1 16 0 0 10 1 0 0 0 1 0 0 0 1 stud.dat
1 16 -20 0 10 1 0 0 0 1 0 0 0 1 stud.dat
1 16 20 0 -10 1 0 0 0 1 0 0 0 1 stud.dat
1 16 0 0 -10 1 0 0 0 1 0 0 0 1 stud.dat
1 16 -20 0 -10 1 0 0 0 1 0 0 0 1 stud.dat
0

0 FILE parts/3040b.dat
0 Slope Brick 45  2 x  1
0 Name: 3040b.dat
0 Author: James Jessiman
0 !LDRAW_ORG Part UPDATE 2004-04
0 !LICENSE Licensed under CC BY 4.0 : see CAreadme.txt

0 BFC CERTIFY CCW

0 !KEYWORDS BrickLink 3040

0 !HISTORY 2002-09-13 [izanette] modified with WINDZ for BFC compliance
0 !HISTORY 2003-07-11 [Steffen] made use of existing subfile
0 !HISTORY 2004-11-06 [PTadmin] Official Update 2004-04
0 !HISTORY 2007-06-09 [PTadmin] Header formatted for Contributor Agreement
0 !HISTORY 2008-07-01 [PTadmin] Official Update 2008-01


1 16 0 0 0 1 0 0 0 1 0 0 0 1 s/3040s01.dat
4 16 10 20 -30 10 0 -10 -10 0 -10 -10 20 -30
0

0 FILE parts/24201.dat
0 Slope Brick Curved  2 x  1 Inverted
0 Name: 24201.dat
0 Author: Philippe Hurbain [Philo]
0 !LDRAW_ORG Part UPDATE 2016-01
0 !LICENSE Licensed under CC BY 4.0 : see CAreadme.txt

0 BFC CERTIFY CCW

0 !HISTORY 2016-03-15 {LEGO Digital Designer} Original part shape
0 !HISTORY 2016-03-18 [Philo] File preparation for LDraw Parts Tracker
0 !HISTORY 2016-12-31 [PTadmin] Official Update 2016-01


1 16 -10 -25.028 30 0 1 0 28.9719 0 28.9719 -40 0 40 48/1-8chrd.dat
1 16 -10 -25.028 30 0 20 0 28.9719 0 28.9719 -40 0 40 48/1-8cylo.dat
1 16 10 -25.028 30 0 -1 0 40.97 0 0 0 0 -56.57 48/1-8chrd.dat
3 16 -10 8 10 -10 0 10 -7 8 10
4 16 7 8 10 -7 8 10 -10 0 10 10 0 10
4 16 -7 10 10 -7 8 10 7 8 10 7 10 10
3 16 7 8 10 10 0 10 10 8 10
1 16 0 1.97195 -10 0 0 10 1.97195 0 0 0 1 0 rect.dat
1 16 0 11.9715 30 0 0 10 -3.97205 0 0 0 -1 0 rect.dat
4 16 7 10 10 7 8 10 7 8 27 7 13 27
1 16 0 10.5 27 7 0 0 0 0 -2.5 0 1 0 rect.dat
4 16 -7 10 10 -7 13 27 -7 8 27 -7 8 10
4 16 -10 8 10 -7 8 10 -7 8 27 -10 8 30
4 16 7 8 27 10 8 30 -10 8 30 -7 8 27
4 16 10 8 10 10 8 30 7 8 27 7 8 10
1 16 0 4.5 7 -7 0 0 0 0 4.5 0 1 0 rect.dat
4 16 -7 3 -7 -7 9 7 -7 0 7 -7 0 -7
4 16 7 0 7 7 9 7 7 3 -7 7 0 -7
1 16 0 1.5 -7 0 0 -7 1.5 0 0 0 -1 0 rect.dat
4 16 -7 0 -7 -7 0 7 -10 0 10 -10 0 -10
4 16 7 0 7 10 0 10 -10 0 10 -7 0 7
4 16 7 0 -7 10 0 -10 10 0 10 7 0 7
4 16 -7 0 -7 -10 0 -10 10 0 -10 7 0 -7
2 24 -7 8 10 -10 8 10
2 24 -7 10 10 -7 8 10
2 24 7 8 10 7 10 10
2 24 -10 0 10 10 0 10
2 24 10 8 10 7 8 10
2 24 7 8 10 7 8 27
2 24 -7 8 27 -7 8 10
2 24 -7 0 7 -7 0 -7
2 24 7 0 -7 7 0 7
4 16 10 0 10 10 0 -10 10 3.9419 -10 10 8 10
3 16 10 8 30 10 8 10 10 15.942 30
3 16 10 15.942 30 10 8 10 10 3.9419 -10
3 16 -10 8 30 -10 15.9441 30 -10 8 10
3 16 -10 8 10 -10 15.9441 30 -10 3.9439 -10
4 16 -10 3.9439 -10 -10 0 -10 -10 0 10 -10 8 10
2 24 -10 8 30 -10 8 10
2 24 -10 8 10 -10 0 10
2 24 -10 0 10 -10 0 -10
2 24 10 0 -10 10 0 10
2 24 10 0 10 10 8 10
2 24 10 8 10 10 8 30
1 16 0 0 0 1 0 0 0 1 0 0 0 1 stud2a.dat
1 16 0 8 20 1 0 0 0 1 0 0 0 1 stud2a.dat
1 16 0 6 0 0 0 -7 3 1 0 7 0 0 rect2p.dat
1 16 0 11.5 18.5 -7 0 0 0 1 -1.5 0 0 -8.5 rect3.dat
1 16 0 3.4286 0 0 0 1 0 2.57143 0 -1 0 0 stud2s2.dat
1 16 0 10.7059 20 0 0 1 0 1.05882 0 -1 0 0 stud2s2.dat
1 16 0 0 0 1 0 0 0 3.42857 0 0 0 1 stud2s2e.dat
1 16 0 8 20 1 0 0 0 2.70589 0 0 0 1 stud2s2e.dat

0 FILE parts/4079.dat
0 Minifig Seat  2 x  2
0 Name: 4079.dat
0 Author: James Jessiman
0 !LDRAW_ORG Part UPDATE 2025-09
0 !LICENSE Licensed under CC BY 4.0 : see CAreadme.txt

0 BFC CERTIFY CCW

0 !CATEGORY Minifig Accessory
0 !KEYWORDS Car, chair, town

0 !HISTORY 2001-10-26 [PTadmin] Official Update 2001-01
0 !HISTORY 2003-11-28 [Steffen] removed L3P errors, BFCed
0 !HISTORY 2004-03-02 [PTadmin] Official Update 2004-01
0 !HISTORY 2007-06-30 [PTadmin] Header formatted for Contributor Agreement
0 !HISTORY 2008-07-01 [PTadmin] Official Update 2008-01
0 !HISTORY 2025-09-27 [OrionP] Changed winding to CCW
0 !HISTORY 2025-09-29 [OrionP] Official Update 2025-09

1 16 0 4 0 1 0 0 0 -1 0 0 0 1 stud4.dat
0 BFC INVERTNEXT
1 16 0 8 0 16 0 0 0 -4 0 0 0 16 box5.dat
4 16 20 8 20 16 8 16 -16 8 16 -20 8 20
4 16 -16 8 -20 -16 8 -16 16 8 -16 16 8 -20
4 16 20 8 -16 16 8 -16 16 8 16 20 8 20
4 16 -16 8 -16 -20 8 -16 -20 8 20 -16 8 16
1 16 16 8 -16 4 0 0 0 -4 0 0 0 -4 1-4disc.dat
1 16 -16 8 -16 -4 0 0 0 -4 0 0 0 -4 1-4disc.dat
2 24 16 8 -20 -16 8 -20
1 16 16 8 -16 4 0 0 0 4 0 0 0 -4 1-4edge.dat
1 16 -16 8 -16 -4 0 0 0 4 0 0 0 -4 1-4edge.dat
2 24 20 8 -16 20 8 20
2 24 -20 8 -16 -20 8 20
2 24 20 8 20 -20 8 20
2 24 20 8 20 20 0 20
2 24 -20 8 20 -20 0 20
2 24 20 0 20 -20 0 20
2 24 20 -8 23 20 -3.06 21.96
2 24 -20 -8 23 -20 -3.06 21.96
2 24 20 -3.06 21.96 20 0 20
2 24 -20 -3.06 21.96 -20 0 20
2 24 20 -36 24.75 20 -8 23
2 24 -20 -36 24.75 -20 -8 23
1 16 16 -36 24.75 4 0 0 0 10 -4 0 0 0.25 1-4edge.dat
1 16 -16 -36 24.75 -4 0 0 0 10 -4 0 0 0.25 1-4edge.dat
2 24 16 -40 25 -16 -40 25
2 24 16 0 -20 -16 0 -20
1 16 16 0 -16 4 0 0 0 4 0 0 0 -4 1-4edge.dat
1 16 -16 0 -16 -4 0 0 0 4 0 0 0 -4 1-4edge.dat
2 24 20 0 -16 20 0 10
2 24 -20 0 -16 -20 0 10
1 16 20 -8 10 0 8 0 8 0 0 0 0 8 1-4edge.dat
1 16 -20 -8 10 0 8 0 8 0 0 0 0 8 1-4edge.dat
2 24 20 -36 19.75 20 -8 18
2 24 -20 -36 19.75 -20 -8 18
1 16 16 -36 19.75 4 0 0 0 10 -4 0 0 0.25 1-4edge.dat
1 16 -16 -36 19.75 -4 0 0 0 10 -4 0 0 0.25 1-4edge.dat
2 24 16 -40 20 -16 -40 20
2 24 14 -40 20 14 -8 18
2 24 -14 -40 20 -14 -8 18
1 16 14 -8 10 0 8 0 8 0 0 0 0 8 1-4edge.dat
1 16 -14 -8 10 0 8 0 8 0 0 0 0 8 1-4edge.dat
2 24 14 -40 20 14 -8 20
2 24 -14 -40 20 -14 -8 20
1 16 14 -8 10 0 10 0 0 0 10 10 0 0 1-8edge.dat
1 16 -14 -8 10 0 10 0 0 0 10 10 0 0 1-8edge.dat
2 24 14 0 15.55 14 -1 17
2 24 -14 0 15.55 -14 -1 17
2 24 14 0 15.55 -14 0 15.55
2 24 14 0 15.55 14 0 10
2 24 -14 0 15.55 -14 0 10
4 16 -20 8 20 -20 0 20 20 0 20 20 8 20
4 16 -20 0 20 -20 -3.06 21.96 20 -3.06 21.96 20 0 20
4 16 -20 -3.06 21.96 -20 -8 23 20 -8 23 20 -3.06 21.96
4 16 -20 -8 23 -20 -36 24.75 20 -36 24.75 20 -8 23
4 16 -16 -36 24.75 -16 -40 25 16 -40 25 16 -36 24.75
0 BFC INVERTNEXT
1 16 16 -36 24.75 4 0 0 0 10 -4 0 0 0.25 1-4disc.dat
0 BFC INVERTNEXT
1 16 -16 -36 24.75 -4 0 0 0 10 -4 0 0 0.25 1-4disc.dat
5 24 20 -3.06 21.96 -20 -3.06 21.96 20 0 20 20 -8 23
5 24 20 -8 23 -20 -8 23 20 -36 24.75 20 -3.06 21.96
4 16 -16 0 -16 -16 0 -20 16 0 -20 16 0 -16
1 16 16 0 -16 4 0 0 0 4 0 0 0 -4 1-4disc.dat
1 16 -16 0 -16 -4 0 0 0 4 0 0 0 -4 1-4disc.dat
4 16 -20 0 10 -20 0 -16 20 0 -16 20 0 10
4 16 -14 0 15.55 -14 0 10 14 0 10 14 0 15.55
0 BFC INVERTNEXT
1 16 20 -8 10 0 -6 0 8 0 0 0 0 8 1-4cyli.dat
0 BFC INVERTNEXT
1 16 -20 -8 10 0 6 0 8 0 0 0 0 8 1-4cyli.dat
4 16 14 -8 18 20 -8 18 20 -36 19.75 16 -36 19.75
4 16 -14 -8 18 -16 -36 19.75 -20 -36 19.75 -20 -8 18
4 16 14 -40 20 14 -8 18 16 -36 19.75 16 -40 20
4 16 -14 -40 20 -16 -40 20 -16 -36 19.75 -14 -8 18
1 16 16 -36 19.75 4 0 0 0 10 -4 0 0 0.25 1-4disc.dat
1 16 -16 -36 19.75 -4 0 0 0 10 -4 0 0 0.25 1-4disc.dat
4 16 -14 -1 17 -14 0 15.55 14 0 15.55 14 -1 17
5 24 14 -1 17 -14 -1 17 14 0 15.55 14 -4.2 19.2
0 BFC INVERTNEXT
1 16 14 -8 10 0 -28 0 0 0 10 10 0 0 1-8cyli.dat
4 16 -14 -40 20 -14 -8 20 14 -8 20 14 -40 20
4 16 -16 0 -20 -16 8 -20 16 8 -20 16 0 -20
1 16 16 0 -16 4 0 0 0 8 0 0 0 -4 1-4cyli.dat
1 16 -16 0 -16 -4 0 0 0 8 0 0 0 -4 1-4cyli.dat
4 16 20 8 20 20 0 20 20 0 -16 20 8 -16
4 16 -20 0 20 -20 8 20 -20 8 -16 -20 0 -16
1 16 20 -8 10 0 -8 0 8 0 0 0 0 8 1-4ndis.dat
1 16 -20 -8 10 0 8 0 8 0 0 0 0 8 1-4ndis.dat
4 16 20 0 17.5 20 0 20 20 -3.06 21.96 20 -8 23
4 16 -20 0 17.5 -20 -8 23 -20 -3.06 21.96 -20 0 20
4 16 20 0 17.5 20 -8 23 20 -36 24.75 20 -36 19.75
4 16 -20 0 17.5 -20 -36 19.75 -20 -36 24.75 -20 -8 23
1 16 16 -36 19.75 4 0 0 0 0 -4 0 5 0.25 1-4cyli.dat
1 16 -16 -36 19.75 -4 0 0 0 0 -4 0 5 0.25 1-4cyli.dat
4 16 -16 -40 25 -16 -40 20 16 -40 20 16 -40 25
1 16 14 -8 10 0 8 0 8 0 0 0 0 8 1-4ndis.dat
1 16 -14 -8 10 0 -8 0 8 0 0 0 0 8 1-4ndis.dat
4 16 14 0 18 14 -8 18 14 -40 20 14 0 20
4 16 -14 0 18 -14 0 20 -14 -40 20 -14 -8 18
1 16 10 0 -10 1 0 0 0 1 0 0 0 1 stud.dat
1 16 -10 0 -10 1 0 0 0 1 0 0 0 1 stud.dat
0

0 FILE parts/4493c01.dat
0 Animal Horse (Complete) with Brown/White Tack Pattern
0 Name: 4493c01.dat
0 Author: Willy Tschager [Holly-Wood]
0 !LDRAW_ORG Shortcut UPDATE 2025-02
0 !LICENSE Licensed under CC BY 4.0 : see CAreadme.txt

0 BFC CERTIFY CCW

0 !KEYWORDS Bricklink 4493c01pb02, LEGO ID 75998, Rebrickable 4493c01pr0002
0 !KEYWORDS Set 10039, Set 6027, Set 6086, Set 6093, Set 6418, set 6761

0 !CMDLINE -C0

0 !HISTORY 2002-04-25 [PTadmin] Official Update 2002-02
0 !HISTORY 2007-07-04 [PTadmin] Header formatted for Contributor Agreement
0 !HISTORY 2008-07-01 [PTadmin] Official Update 2008-01
0 !HISTORY 2014-12-12 [MagFors] Made BFC compliant
0 !HISTORY 2015-10-11 [PTadmin] Official Update 2015-01
0 !HISTORY 2025-02-05 [Holly-Wood] Complete rewrite, original by Sascha Broich
0 !HISTORY 2025-02-27 [OrionP] Official Update 2025-02

1 16 0 0 0 1 0 0 0 1 0 0 0 1 4494c01.dat
1 16 0 -19.5 -33.5 1 0 0 0 0.98481 -0.17365 0 0.17365 0.98481 4492p01.dat

0 FILE parts/3460.dat
0 Plate  1 x  8
0 Name: 3460.dat
0 Author: James Jessiman
0 !LDRAW_ORG Part UPDATE 2024-01
0 !LICENSE Licensed under CC BY 4.0 : see CAreadme.txt

0 BFC CERTIFY CCW

0 !HISTORY 2004-07-25 [guyvivan] Made BFC Compliant
0 !HISTORY 2004-11-06 [PTadmin] Official Update 2004-04
0 !HISTORY 2007-06-25 [PTadmin] Header formatted for Contributor Agreement
0 !HISTORY 2008-07-01 [PTadmin] Official Update 2008-01
0 !HISTORY 2023-03-28 [Sirio] Introduced use of subpart
0 !HISTORY 2024-01-29 [OrionP] Official Update 2024-01


1 16 0 0 0 1 0 0 0 1 0 0 0 1 s/3460s01.dat
4 16 -80 0 -10 -80 8 -10 80 8 -10 80 0 -10

0 FILE parts/4032.dat
0 ~Moved to 4032a
0 Name: 4032.dat
0 Author: [PTadmin]
0 !LDRAW_ORG Part UPDATE 2010-03
0 !LICENSE Licensed under CC BY 4.0 : see CAreadme.txt

0 BFC CERTIFY CCW

0 !HISTORY 2010-12-31 [PTadmin] Official Update 2010-03


0 // Plate 2 x 2 Round with Axlehole Type 1
1 16 0 0 0 1 0 0 0 1 0 0 0 1 4032a.dat

0 FILE parts/s/87079s01.dat
0 ~Tile  2 x  4 without Top Surface
0 Name: s\87079s01.dat
0 Author: Philippe Hurbain [Philo]
0 !LDRAW_ORG Subpart UPDATE 2025-04
0 !LICENSE Licensed under CC BY 4.0 : see CAreadme.txt

0 BFC CERTIFY CCW

0 !HISTORY 2012-09-30 [Philo] Subparted from Tim Gould's original design
0 !HISTORY 2012-12-28 [PTadmin] Official Update 2012-03
0 !HISTORY 2025-04-25 [MagFors] Update description
0 !HISTORY 2025-04-27 [OrionP] Official Update 2025-04

1 16 0 0 0 40 0 0 0 7 0 0 0 20 box4.dat
1 16 0 7 0 39 0 0 0 1 0 0 0 19 box4.dat
0 BFC INVERTNEXT
1 16 0 8 0 -36 0 0 0 -4 0 0 0 16 box5.dat
4 16 -40 7 -20 -39 7 -19 39 7 -19 40 7 -20
4 16 40 7 20 39 7 19 -39 7 19 -40 7 20
4 16 -40 7 -20 -40 7 20 -39 7 19 -39 7 -19
4 16 40 7 20 40 7 -20 39 7 -19 39 7 19
4 16 -39 8 -19 -36 8 -16 36 8 -16 39 8 -19
4 16 39 8 19 36 8 16 -36 8 16 -39 8 19
4 16 -39 8 -19 -39 8 19 -36 8 16 -36 8 -16
4 16 39 8 19 39 8 -19 36 8 -16 36 8 16
1 16 0 4 0 1 0 0 0 -1 0 0 0 1 stud4.dat
1 16 20 4 0 1 0 0 0 -1 0 0 0 1 stud4.dat
1 16 -20 4 0 1 0 0 0 -1 0 0 0 1 stud4.dat

0 FILE parts/s/3069bs01.dat
0 ~Tile  1 x  2 with Groove without Top Face
0 Name: s\3069bs01.dat
0 Author: Santeri Piippo [arezey]
0 !LDRAW_ORG Subpart UPDATE 2010-02
0 !LICENSE Licensed under CC BY 4.0 : see CAreadme.txt

0 BFC CERTIFY CCW

0 !HISTORY 2010-07-05 [PTadmin] Official Update 2010-02


1 16 0 0 0 20 0 0 0 7 0 0 0 10 box4.dat
1 16 0 7 0 19 0 0 0 1 0 0 0 9 box4.dat
0 BFC INVERTNEXT
1 16 0 8 0 16 0 0 0 -4 0 0 0 6 box5.dat
4 16 -19 8 9 -16 8 6 -16 8 -6 -19 8 -9
4 16 19 8 -9 16 8 -6 16 8 6 19 8 9
4 16 19 8 9 16 8 6 -16 8 6 -19 8 9
4 16 -19 8 -9 -16 8 -6 16 8 -6 19 8 -9
4 16 -20 7 10 -19 7 9 -19 7 -9 -20 7 -10
4 16 20 7 -10 19 7 -9 19 7 9 20 7 10
4 16 20 7 10 19 7 9 -19 7 9 -20 7 10
4 16 -20 7 -10 -19 7 -9 19 7 -9 20 7 -10
0 //

0 FILE parts/s/3068bs01.dat
0 ~Tile  2 x  2 with Groove without Face
0 Name: s\3068bs01.dat
0 Author: Willy Tschager [Holly-Wood]
0 !LDRAW_ORG Subpart UPDATE 2024-03
0 !LICENSE Licensed under CC BY 4.0 : see CAreadme.txt

0 BFC CERTIFY CCW

0 !HISTORY 2002-04-02 [sbliss] Modified for BFC compliance
0 !HISTORY 2002-04-25 [PTadmin] Official Update 2002-02
0 !HISTORY 2007-08-30 [PTadmin] Header formatted for Contributor Agreement
0 !HISTORY 2008-07-01 [PTadmin] Official Update 2008-01
0 !HISTORY 2024-03-07 [Holly-Wood] Complete re-write, original by BrickCaster
0 !HISTORY 2024-04-28 [OrionP] Official Update 2024-03

1 16 0 0 0 20 0 0 0 7 0 0 0 20 box4.dat
1 16 0 7 0 19 0 0 0 1 0 0 0 19 box4.dat
0 BFC INVERTNEXT
1 16 0 4 0 16 0 0 0 4 0 0 0 16 box4.dat
1 16 0 4 0 1 0 0 0 -1 0 0 0 1 stud4.dat
1 16 0 4 0 6 0 0 0 -1 0 0 0 6 4-4disc.dat
1 16 0 4 0 8 0 0 0 -1 0 0 0 8 4-4ndis.dat

4 16 -19 7 -19 19 7 -19 20 7 -20 -20 7 -20
4 16 20 7 -20 19 7 -19 19 7 19 20 7 20
4 16 20 7 20 19 7 19 -19 7 19 -20 7 20
4 16 -20 7 20 -19 7 19 -19 7 -19 -20 7 -20

4 16 -16 8 -16 16 8 -16 19 8 -19 -19 8 -19
4 16 19 8 -19 16 8 -16 16 8 16 19 8 19
4 16 19 8 19 16 8 16 -16 8 16 -19 8 19
4 16 -19 8 19 -16 8 16 -16 8 -16 -19 8 -19

4 16 -8 4 -8 8 4 -8 16 4 -16 -16 4 -16
4 16 16 4 -16 8 4 -8 8 4 8 16 4 16
4 16 16 4 16 8 4 8 -8 4 8 -16 4 16
4 16 -16 4 16 -8 4 8 -8 4 -8 -16 4 -16

0 FILE stud4.dat
0 Stud Tube Open
0 Name: stud4.dat
0 Author: James Jessiman
0 !LDRAW_ORG Primitive UPDATE 2009-02
0 !LICENSE Licensed under CC BY 4.0 : see CAreadme.txt

0 BFC CERTIFY CCW

0 !HISTORY 1999-07-05 [PTadmin] Official Update 1999-05
0 !HISTORY 2002-04-04 [sbliss] Modified for BFC compliance
0 !HISTORY 2002-04-25 [PTadmin] Official Update 2002-02
0 !HISTORY 2007-06-24 [PTadmin] Header formatted for Contributor Agreement
0 !HISTORY 2008-07-01 [PTadmin] Official Update 2008-01
0 !HISTORY 2009-06-21 [cwdee] Update ring references to 4-4ring
0 !HISTORY 2009-09-03 [PTadmin] Official Update 2009-02


1 16 0 -4 0 6 0 0 0 1 0 0 0 6 4-4edge.dat
1 16 0 -4 0 8 0 0 0 1 0 0 0 8 4-4edge.dat
1 16 0 0 0 6 0 0 0 1 0 0 0 6 4-4edge.dat
1 16 0 0 0 8 0 0 0 1 0 0 0 8 4-4edge.dat
0 BFC INVERTNEXT
1 16 0 -4 0 6 0 0 0 4 0 0 0 6 4-4cyli.dat
1 16 0 -4 0 8 0 0 0 4 0 0 0 8 4-4cyli.dat
1 16 0 -4 0 2 0 0 0 1 0 0 0 2 4-4ring3.dat
0

0 FILE box5.dat
0 Box with 5 Faces and All Edges
0 Name: box5.dat
0 Author: James Jessiman
0 !LDRAW_ORG Primitive UPDATE 2012-01
0 !LICENSE Licensed under CC BY 4.0 : see CAreadme.txt

0 BFC CERTIFY CCW

0 !HISTORY 2002-04-03 [sbliss] Modified for BFC compliance
0 !HISTORY 2002-04-25 [PTadmin] Official Update 2002-02
0 !HISTORY 2007-06-24 [PTadmin] Header formatted for Contributor Agreement
0 !HISTORY 2008-07-01 [PTadmin] Official Update 2008-01
0 !HISTORY 2012-02-16 [Philo] Changed to CCW
0 !HISTORY 2012-03-30 [PTadmin] Official Update 2012-01


2 24 1 1 1 -1 1 1
2 24 -1 1 1 -1 1 -1
2 24 -1 1 -1 1 1 -1
2 24 1 1 -1 1 1 1
2 24 1 0 1 -1 0 1
2 24 -1 0 1 -1 0 -1
2 24 -1 0 -1 1 0 -1
2 24 1 0 -1 1 0 1
2 24 1 0 1 1 1 1
2 24 -1 0 1 -1 1 1
2 24 1 0 -1 1 1 -1
2 24 -1 0 -1 -1 1 -1
4 16 -1 1 1 1 1 1 1 1 -1 -1 1 -1
4 16 -1 1 1 -1 0 1 1 0 1 1 1 1
4 16 -1 1 -1 -1 0 -1 -1 0 1 -1 1 1
4 16 1 1 -1 1 0 -1 -1 0 -1 -1 1 -1
4 16 1 1 1 1 0 1 1 0 -1 1 1 -1

0 FILE stud.dat
0 Stud
0 Name: stud.dat
0 Author: James Jessiman
0 !LDRAW_ORG Primitive UPDATE 2012-01
0 !LICENSE Licensed under CC BY 4.0 : see CAreadme.txt

0 BFC CERTIFY CCW

0 !HISTORY 2002-04-04 [sbliss] Modified for BFC compliance
0 !HISTORY 2002-04-25 [PTadmin] Official Update 2002-02
0 !HISTORY 2007-06-24 [PTadmin] Header formatted for Contributor Agreement
0 !HISTORY 2008-07-01 [PTadmin] Official Update 2008-01
0 !HISTORY 2012-02-16 [Philo] Changed to CCW
0 !HISTORY 2012-03-30 [PTadmin] Official Update 2012-01


1 16 0 0 0 6 0 0 0 1 0 0 0 6 4-4edge.dat
1 16 0 -4 0 6 0 0 0 1 0 0 0 6 4-4edge.dat
1 16 0 0 0 6 0 0 0 -4 0 0 0 6 4-4cyli.dat
1 16 0 -4 0 6 0 0 0 1 0 0 0 6 4-4disc.dat

0 FILE 3023b.dat
0 Plate  1 x  2
0 Name: 3023b.dat
0 Author: James Jessiman
0 !LDRAW_ORG Part UPDATE 2023-03
0 !LICENSE Licensed under CC BY 4.0 : see CAreadme.txt

0 BFC CERTIFY CCW

0 !KEYWORDS BrickLink 3023, Rebrickable 3023

0 !HISTORY 2001-10-26 [PTadmin] Official Update 2001-01
0 !HISTORY 2002-05-07 {unknown} BFC Certification
0 !HISTORY 2002-06-11 [PTadmin] Official Update 2002-03
0 !HISTORY 2007-06-07 [PTadmin] Header formatted for Contributor Agreement
0 !HISTORY 2008-07-01 [PTadmin] Official Update 2008-01
0 !HISTORY 2020-03-07 [Sirio] Subparted
0 !HISTORY 2022-01-14 [PTadmin] Official Update 2022-01
0 !HISTORY 2023-05-26 [OrionP] Moved from 3023.dat
0 !HISTORY 2023-06-24 [OrionP] Official Update 2023-03


1 16 0 0 0 1 0 0 0 1 0 0 0 1 s/3023bs01.dat
4 16 -20 0 -10 -20 8 -10 20 8 -10 20 0 -10

0 FILE parts/s/3070bs01.dat
0 ~Tile  1 x  1 with Groove without Top Face
0 Name: s\3070bs01.dat
0 Author: Chris Dee [cwdee]
0 !LDRAW_ORG Subpart UPDATE 2009-02
0 !LICENSE Licensed under CC BY 4.0 : see CAreadme.txt

0 BFC CERTIFY CCW

0 !HISTORY 2009-09-03 [PTadmin] Official Update 2009-02


1 16 0 0 0 10 0 0 0 7 0 0 0 10 box4.dat
0 BFC INVERTNEXT
1 16 0 8 0 6 0 0 0 -4 0 0 0 6 box5.dat
1 16 0 7 0 9 0 0 0 1 0 0 0 9 box4.dat

4 16 9 8 9 6 8 6 -6 8 6 -9 8 9
4 16 -9 8 9 -6 8 6 -6 8 -6 -9 8 -9
4 16 -9 8 -9 -6 8 -6 6 8 -6 9 8 -9
4 16 9 8 -9 6 8 -6 6 8 6 9 8 9

4 16 10 7 10 9 7 9 -9 7 9 -10 7 10
4 16 -10 7 10 -9 7 9 -9 7 -9 -10 7 -10
4 16 -10 7 -10 -9 7 -9 9 7 -9 10 7 -10
4 16 10 7 -10 9 7 -9 9 7 9 10 7 10
0

0 FILE parts/s/3024s01.dat
0 ~Plate  1 x  1 without Front Face
0 Name: s\3024s01.dat
0 Author: Tore Eriksson [Tore_Eriksson]
0 !LDRAW_ORG Subpart UPDATE 2012-03
0 !LICENSE Licensed under CC BY 4.0 : see CAreadme.txt

0 BFC CERTIFY CCW

0 !HISTORY 2012-12-28 [PTadmin] Official Update 2012-03


0 BFC INVERTNEXT
1 16 0 8 0 0 0 6 0 -4 0 -6 0 0 box5.dat
4 16 10 8 -10 6 8 -6 6 8 6 10 8 10
4 16 10 8 10 6 8 6 -6 8 6 -10 8 10
4 16 -10 8 10 -6 8 6 -6 8 -6 -10 8 -10
4 16 -10 8 -10 -6 8 -6 6 8 -6 10 8 -10
1 16 0 8 0 10 0 0 0 -8 0 0 0 10 box4t.dat
1 16 0 0 0 0 0 1 0 1 0 -1 0 0 stud.dat

0 FILE 4-4ndis.dat
0 Disc Negative 1.0
0 Name: 4-4ndis.dat
0 Author: James Jessiman
0 !LDRAW_ORG Primitive UPDATE 2012-01
0 !LICENSE Licensed under CC BY 4.0 : see CAreadme.txt

0 BFC CERTIFY CCW

0 !HISTORY 2002-03-23 [sbliss] Added BFC statement; compacted code
0 !HISTORY 2002-04-25 [PTadmin] Official Update 2002-02
0 !HISTORY 2007-06-24 [PTadmin] Header formatted for Contributor Agreement
0 !HISTORY 2008-07-01 [PTadmin] Official Update 2008-01
0 !HISTORY 2012-02-16 [Philo] Changed to CCW
0 !HISTORY 2012-03-30 [PTadmin] Official Update 2012-01


3 16 0.9239 0 0.3827 1 0 0 1 0 1
3 16 0.7071 0 0.7071 0.9239 0 0.3827 1 0 1
3 16 0.3827 0 0.9239 0.7071 0 0.7071 1 0 1
3 16 0 0 1 0.3827 0 0.9239 1 0 1
3 16 -0.3827 0 0.9239 0 0 1 -1 0 1
3 16 -0.7071 0 0.7071 -0.3827 0 0.9239 -1 0 1
3 16 -0.9239 0 0.3827 -0.7071 0 0.7071 -1 0 1
3 16 -1 0 0 -0.9239 0 0.3827 -1 0 1
3 16 -0.9239 0 -0.3827 -1 0 0 -1 0 -1
3 16 -0.7071 0 -0.7071 -0.9239 0 -0.3827 -1 0 -1
3 16 -0.3827 0 -0.9239 -0.7071 0 -0.7071 -1 0 -1
3 16 0 0 -1 -0.3827 0 -0.9239 -1 0 -1
3 16 0.3827 0 -0.9239 0 0 -1 1 0 -1
3 16 0.7071 0 -0.7071 0.3827 0 -0.9239 1 0 -1
3 16 0.9239 0 -0.3827 0.7071 0 -0.7071 1 0 -1
3 16 1 0 0 0.9239 0 -0.3827 1 0 -1

0 FILE 1-4edge.dat
0 Circle 0.25
0 Name: 1-4edge.dat
0 Author: James Jessiman
0 !LDRAW_ORG Primitive UPDATE 2017-01
0 !LICENSE Licensed under CC BY 4.0 : see CAreadme.txt

0 BFC CERTIFY CCW

0 !HISTORY 2007-06-22 [PTadmin] Header formatted for Contributor Agreement
0 !HISTORY 2008-07-01 [PTadmin] Official Update 2008-01
0 !HISTORY 2017-01-15 [Steffen] BFCed
0 !HISTORY 2017-12-30 [PTadmin] Official Update 2017-01


2 24 1 0 0 0.9239 0 0.3827
2 24 0.9239 0 0.3827 0.7071 0 0.7071
2 24 0.7071 0 0.7071 0.3827 0 0.9239
2 24 0.3827 0 0.9239 0 0 1

0 FILE 1-4cyli.dat
0 Cylinder 0.25
0 Name: 1-4cyli.dat
0 Author: James Jessiman
0 !LDRAW_ORG Primitive UPDATE 2012-01
0 !LICENSE Licensed under CC BY 4.0 : see CAreadme.txt

0 BFC CERTIFY CCW

0 !HISTORY 2002-03-23 [sbliss] Added BFC statement.
0 !HISTORY 2002-04-25 [PTadmin] Official Update 2002-02
0 !HISTORY 2007-06-22 [PTadmin] Header formatted for Contributor Agreement
0 !HISTORY 2008-07-01 [PTadmin] Official Update 2008-01
0 !HISTORY 2012-02-16 [Philo] Changed to CCW
0 !HISTORY 2012-03-30 [PTadmin] Official Update 2012-01


4 16 1 1 0 0.9239 1 0.3827 0.9239 0 0.3827 1 0 0
5 24 1 0 0 1 1 0 0.9239 0 0.3827 1 0 -1
4 16 0.9239 1 0.3827 0.7071 1 0.7071 0.7071 0 0.7071 0.9239 0 0.3827
5 24 0.9239 0 0.3827 0.9239 1 0.3827 0.7071 0 0.7071 1 0 0
4 16 0.7071 1 0.7071 0.3827 1 0.9239 0.3827 0 0.9239 0.7071 0 0.7071
5 24 0.7071 0 0.7071 0.7071 1 0.7071 0.3827 0 0.9239 0.9239 0 0.3827
4 16 0.3827 1 0.9239 0 1 1 0 0 1 0.3827 0 0.9239
5 24 0.3827 0 0.9239 0.3827 1 0.9239 0 0 1 0.7071 0 0.7071
5 24 0 0 1 0 1 1 0.3827 0 0.9239 -1 0 1

0 FILE rect.dat
0 Rectangle
0 Name: rect.dat
0 Author: James Jessiman
0 !LDRAW_ORG Primitive UPDATE 2010-01
0 !LICENSE Licensed under CC BY 4.0 : see CAreadme.txt

0 BFC CERTIFY CCW

0 !HISTORY 2002-04-05 [hafhead] Added BFC statement
0 !HISTORY 2002-04-25 [PTadmin] Official Update 2002-02
0 !HISTORY 2007-06-24 [PTadmin] Header formatted for Contributor Agreement
0 !HISTORY 2008-07-01 [PTadmin] Official Update 2008-01
0 !HISTORY 2010-01-17 [mikeheide] changed winding to CCW
0 !HISTORY 2010-04-05 [PTadmin] Official Update 2010-01


2 24 1 0 1 -1 0 1
2 24 -1 0 1 -1 0 -1
2 24 -1 0 -1 1 0 -1
2 24 1 0 -1 1 0 1
4 16 -1 0 1 -1 0 -1 1 0 -1 1 0 1
0

0 FILE 1-4chrd.dat
0 Chord 0.25
0 Name: 1-4chrd.dat
0 Author: Max Martin Richter [MMR1988]
0 !LDRAW_ORG Primitive UPDATE 2023-05
0 !LICENSE Licensed under CC BY 4.0 : see CAreadme.txt

0 BFC CERTIFY CCW

0 !HISTORY 2004-04-22 [PTadmin] Official Update 2004-02
0 !HISTORY 2007-10-09 [PTadmin] Header formatted for Contributor Agreement
0 !HISTORY 2008-07-01 [PTadmin] Official Update 2008-01
0 !HISTORY 2012-08-02 [MMR1988] Re-creation with PrimGen2 and Rectifier
0 !HISTORY 2012-08-09 [PTadmin] Official Update 2012-02
0 !HISTORY 2023-10-27 [OrionP] Change author to MMR1988 from hafhead
0 !HISTORY 2023-10-31 [OrionP] Official Update 2023-05

4 16 0.9239 0 0.3827 0.3827 0 0.9239 0 0 1 1 0 0
3 16 0.7071 0 0.7071 0.3827 0 0.9239 0.9239 0 0.3827

0 FILE parts/s/3005s01.dat
0 ~Brick  1 x  1 without Front Face
0 Name: s\3005s01.dat
0 Author: Willy Tschager [Holly-Wood]
0 !LDRAW_ORG Subpart UPDATE 2024-04
0 !LICENSE Licensed under CC BY 4.0 : see CAreadme.txt

0 BFC CERTIFY CCW

0 !HISTORY 2003-09-07 [jriley] BFCed & Subfiled
0 !HISTORY 2004-03-02 [PTadmin] Official Update 2004-01
0 !HISTORY 2007-08-29 [PTadmin] Header formatted for Contributor Agreement
0 !HISTORY 2008-07-01 [PTadmin] Official Update 2008-01
0 !HISTORY 2024-03-15 [Holly-Wood] Complete re-write, original by jriley
0 !HISTORY 2024-05-28 [OrionP] Official Update 2024-04

1 16 0 0 0 0 0 1 0 1 0 -1 0 0 stud.dat
1 16 0 24 0 -10 0 0 0 -24 0 0 0 10 box4t.dat
0 BFC INVERTNEXT
1 16 0 24 0 -6 0 0 0 -20 0 0 0 6 box5.dat

4 16 -6 24 -6 6 24 -6 10 24 -10 -10 24 -10
4 16 10 24 -10 6 24 -6 6 24 6 10 24 10
4 16 6 24 6 -6 24 6 -10 24 10 10 24 10
4 16 -10 24 10 -6 24 6 -6 24 -6 -10 24 -10

0 FILE 1-4cylo.dat
0 Cylinder Open 0.25
0 Name: 1-4cylo.dat
0 Author: Max Martin Richter [MMR1988]
0 !LDRAW_ORG Primitive UPDATE 2010-03
0 !LICENSE Licensed under CC BY 4.0 : see CAreadme.txt

0 BFC CERTIFY CCW

0 !HISTORY 2010-12-31 [PTadmin] Official Update 2010-03


1 16 0 0 0 1 0 0 0 1 0 0 0 1 1-4edge.dat
1 16 0 1 0 1 0 0 0 1 0 0 0 1 1-4edge.dat
1 16 0 0 0 1 0 0 0 1 0 0 0 1 1-4cyli.dat

0 FILE tri3a1.dat
0 Triangular Prism with 3 Adjacent Faces without 1 Edge
0 Name: tri3a1.dat
0 Author: Mark Kennedy [mkennedy]
0 !LDRAW_ORG Primitive UPDATE 2009-03
0 !LICENSE Licensed under CC BY 4.0 : see CAreadme.txt

0 BFC CERTIFY CCW

0 !HISTORY 2009-12-29 [PTadmin] Official Update 2009-03


2 24 1 1 0 0 1 1
2 24 0 1 1 0 1 0
2 24 0 1 0 1 1 0
2 24 0 0 1 0 0 0
2 24 0 0 0 1 0 0
2 24 1 0 0 1 1 0
2 24 0 0 1 0 1 1
2 24 0 0 0 0 1 0
4 16 0 1 1 0 1 0 0 0 0 0 0 1
4 16 0 1 0 1 1 0 1 0 0 0 0 0
3 16 0 1 0 0 1 1 1 1 0
0

0 FILE tri3a4.dat
0 Triangular Prism with 3 Adjacent Faces without 4 Edges
0 Name: tri3a4.dat
0 Author: Magnus Forsberg [MagFors]
0 !LDRAW_ORG Primitive UPDATE 2017-01
0 !LICENSE Licensed under CC BY 4.0 : see CAreadme.txt

0 BFC CERTIFY CCW

0 !HISTORY 2017-12-30 [PTadmin] Official Update 2017-01


2 24 0 1 1 0 1 0
2 24 0 1 0 1 1 0
2 24 0 0 1 0 0 0
2 24 0 0 0 1 0 0
2 24 0 0 0 0 1 0
4 16 0 1 1 0 1 0 0 0 0 0 0 1
4 16 0 1 0 1 1 0 1 0 0 0 0 0
3 16 0 1 0 0 1 1 1 1 0

0 FILE box3u2p.dat
0 Box with 3 Faces without 2 Parallel Edges
0 Name: box3u2p.dat
0 Author: Niels Karsdorp [nielsk]
0 !LDRAW_ORG Primitive UPDATE 2012-01
0 !LICENSE Licensed under CC BY 4.0 : see CAreadme.txt

0 BFC CERTIFY CCW

0 !HISTORY 2003-03-12 [PTadmin] Official Update 2003-01
0 !HISTORY 2007-06-24 [PTadmin] Header formatted for Contributor Agreement
0 !HISTORY 2008-07-01 [PTadmin] Official Update 2008-01
0 !HISTORY 2012-02-16 [Philo] Changed to CCW
0 !HISTORY 2012-03-30 [PTadmin] Official Update 2012-01


2 24 1 1 1 -1 1 1
2 24 -1 1 -1 1 1 -1
2 24 1 0 1 -1 0 1
2 24 -1 0 -1 1 0 -1
2 24 1 1 1 1 1 -1
2 24 -1 1 1 -1 1 -1
2 24 1 1 1 1 0 1
2 24 1 1 -1 1 0 -1
2 24 -1 1 1 -1 0 1
2 24 -1 1 -1 -1 0 -1
4 16 -1 1 -1 -1 1 1 1 1 1 1 1 -1
4 16 -1 1 1 -1 0 1 1 0 1 1 1 1
4 16 1 1 -1 1 0 -1 -1 0 -1 -1 1 -1

0 FILE 5-8edge.dat
0 Circle 0.625
0 Name: 5-8edge.dat
0 Author: Mark Kennedy [mkennedy]
0 !LDRAW_ORG Primitive UPDATE 2017-01
0 !LICENSE Licensed under CC BY 4.0 : see CAreadme.txt

0 BFC CERTIFY CCW

0 !HISTORY 2004-04-22 [PTadmin] Official Update 2004-02
0 !HISTORY 2005-12-28 [PTadmin] Official Update 2005-01
0 !HISTORY 2007-06-24 [PTadmin] Header formatted for Contributor Agreement
0 !HISTORY 2008-07-01 [PTadmin] Official Update 2008-01
0 !HISTORY 2017-01-15 [Steffen] BFCed
0 !HISTORY 2017-12-30 [PTadmin] Official Update 2017-01


2 24 1 0 0 0.9239 0 0.3827
2 24 0.9239 0 0.3827 0.7071 0 0.7071
2 24 0.7071 0 0.7071 0.3827 0 0.9239
2 24 0.3827 0 0.9239 0 0 1
2 24 0 0 1 -0.3827 0 0.9239
2 24 -0.3827 0 0.9239 -0.7071 0 0.7071
2 24 -0.7071 0 0.7071 -0.9239 0 0.3827
2 24 -0.9239 0 0.3827 -1 0 0
2 24 -1 0 0 -0.9239 0 -0.3827
2 24 -0.9239 0 -0.3827 -0.7071 0 -0.7071

0 FILE 2-4ndis.dat
0 Disc Negative 0.5
0 Name: 2-4ndis.dat
0 Author: James Jessiman
0 !LDRAW_ORG Primitive UPDATE 2012-01
0 !LICENSE Licensed under CC BY 4.0 : see CAreadme.txt

0 BFC CERTIFY CCW

0 !HISTORY 2002-03-23 [sbliss] Added BFC statement; compacted code
0 !HISTORY 2002-04-25 [PTadmin] Official Update 2002-02
0 !HISTORY 2007-06-24 [PTadmin] Header formatted for Contributor Agreement
0 !HISTORY 2008-07-01 [PTadmin] Official Update 2008-01
0 !HISTORY 2012-02-16 [Philo] Changed to CCW
0 !HISTORY 2012-03-30 [PTadmin] Official Update 2012-01


3 16 0.9239 0 0.3827 1 0 0 1 0 1
3 16 0.7071 0 0.7071 0.9239 0 0.3827 1 0 1
3 16 0.3827 0 0.9239 0.7071 0 0.7071 1 0 1
3 16 0 0 1 0.3827 0 0.9239 1 0 1
3 16 -0.3827 0 0.9239 0 0 1 -1 0 1
3 16 -0.7071 0 0.7071 -0.3827 0 0.9239 -1 0 1
3 16 -0.9239 0 0.3827 -0.7071 0 0.7071 -1 0 1
3 16 -1 0 0 -0.9239 0 0.3827 -1 0 1

0 FILE stud3.dat
0 Stud Tube Solid
0 Name: stud3.dat
0 Author: James Jessiman
0 !LDRAW_ORG Primitive UPDATE 2012-01
0 !LICENSE Licensed under CC BY 4.0 : see CAreadme.txt

0 BFC CERTIFY CCW

0 !HISTORY 2002-04-04 [sbliss] Modified for BFC compliance
0 !HISTORY 2002-04-25 [PTadmin] Official Update 2002-02
0 !HISTORY 2007-06-24 [PTadmin] Header formatted for Contributor Agreement
0 !HISTORY 2008-07-01 [PTadmin] Official Update 2008-01
0 !HISTORY 2012-02-16 [Philo] Changed to CCW
0 !HISTORY 2012-03-30 [PTadmin] Official Update 2012-01


1 16 0 -4 0 4 0 0 0 1 0 0 0 4 4-4edge.dat
1 16 0 0 0 4 0 0 0 1 0 0 0 4 4-4edge.dat
1 16 0 -4 0 4 0 0 0 1 0 0 0 4 4-4disc.dat
1 16 0 -4 0 4 0 0 0 4 0 0 0 4 4-4cyli.dat

0 FILE box4o4a.dat
0 Box with 4 Faces (2 Parallel Pairs) without Bottom Edges
0 Name: box4o4a.dat
0 Author: Donald Sutter [technog]
0 !LDRAW_ORG Primitive UPDATE 2012-01
0 !LICENSE Licensed under CC BY 4.0 : see CAreadme.txt

0 BFC CERTIFY CCW

0 !HISTORY 2003-08-01 [PTadmin] Official Update 2003-02
0 !HISTORY 2007-06-24 [PTadmin] Header formatted for Contributor Agreement
0 !HISTORY 2008-07-01 [PTadmin] Official Update 2008-01
0 !HISTORY 2012-02-16 [Philo] Changed to CCW
0 !HISTORY 2012-03-30 [PTadmin] Official Update 2012-01


2 24 1 0 1 -1 0 1
2 24 -1 0 1 -1 0 -1
2 24 -1 0 -1 1 0 -1
2 24 1 0 -1 1 0 1
2 24 1 0 1 1 1 1
2 24 -1 0 1 -1 1 1
2 24 1 0 -1 1 1 -1
2 24 -1 0 -1 -1 1 -1
4 16 -1 1 1 -1 0 1 1 0 1 1 1 1
4 16 -1 1 -1 -1 0 -1 -1 0 1 -1 1 1
4 16 1 1 -1 1 0 -1 -1 0 -1 -1 1 -1
4 16 1 1 1 1 0 1 1 0 -1 1 1 -1

0 FILE 1-8ndis.dat
0 Disc Negative 0.125
0 Name: 1-8ndis.dat
0 Author: James Jessiman
0 !LDRAW_ORG Primitive UPDATE 2012-01
0 !LICENSE Licensed under CC BY 4.0 : see CAreadme.txt

0 BFC CERTIFY CCW

0 !HISTORY 2002-03-23 [sbliss] Added BFC statement
0 !HISTORY 2002-04-25 [PTadmin] Official Update 2002-02
0 !HISTORY 2007-06-22 [PTadmin] Header formatted for Contributor Agreement
0 !HISTORY 2008-07-01 [PTadmin] Official Update 2008-01
0 !HISTORY 2012-02-16 [Philo] Changed to CCW
0 !HISTORY 2012-03-30 [PTadmin] Official Update 2012-01


3 16 0.9239 0 0.3827 1 0 0 1 0 1
3 16 0.7071 0 0.7071 0.9239 0 0.3827 1 0 1

0 FILE 4-4cyli.dat
0 Cylinder 1.0
0 Name: 4-4cyli.dat
0 Author: James Jessiman
0 !LDRAW_ORG Primitive UPDATE 2005-01
0 !LICENSE Licensed under CC BY 4.0 : see CAreadme.txt

0 BFC CERTIFY CCW

0 !HISTORY 1998-12-15 [PTadmin] Official Update 1998-10
0 !HISTORY 2002-03-23 [sbliss] Added BFC statement; merged headers from files in distributions LDraw 0.27 and Complete.
0 !HISTORY 2002-04-25 [PTadmin] Official Update 2002-02
0 !HISTORY 2004-12-14 [guyvivan] BFC CCW
0 !HISTORY 2005-12-28 [PTadmin] Official Update 2005-01
0 !HISTORY 2007-06-24 [PTadmin] Header formatted for Contributor Agreement
0 !HISTORY 2008-07-01 [PTadmin] Official Update 2008-01


4 16 1 1 0 0.9239 1 0.3827 0.9239 0 0.3827 1 0 0
5 24 1 0 0 1 1 0 0.9239 0 0.3827 0.9239 0 -0.3827
4 16 0.9239 1 0.3827 0.7071 1 0.7071 0.7071 0 0.7071 0.9239 0 0.3827
5 24 0.9239 0 0.3827 0.9239 1 0.3827 0.7071 0 0.7071 1 0 0
4 16 0.7071 1 0.7071 0.3827 1 0.9239 0.3827 0 0.9239 0.7071 0 0.7071
5 24 0.7071 0 0.7071 0.7071 1 0.7071 0.3827 0 0.9239 0.9239 0 0.3827
4 16 0.3827 1 0.9239 0 1 1 0 0 1 0.3827 0 0.9239
5 24 0.3827 0 0.9239 0.3827 1 0.9239 0 0 1 0.7071 0 0.7071
4 16 0 1 1 -0.3827 1 0.9239 -0.3827 0 0.9239 0 0 1
5 24 0 0 1 0 1 1 -0.3827 0 0.9239 0.3827 0 0.9239
4 16 -0.3827 1 0.9239 -0.7071 1 0.7071 -0.7071 0 0.7071 -0.3827 0 0.9239
5 24 -0.3827 0 0.9239 -0.3827 1 0.9239 -0.7071 0 0.7071 0 0 1
4 16 -0.7071 1 0.7071 -0.9239 1 0.3827 -0.9239 0 0.3827 -0.7071 0 0.7071
5 24 -0.7071 0 0.7071 -0.7071 1 0.7071 -0.9239 0 0.3827 -0.3827 0 0.9239
4 16 -0.9239 1 0.3827 -1 1 0 -1 0 0 -0.9239 0 0.3827
5 24 -0.9239 0 0.3827 -0.9239 1 0.3827 -1 0 0 -0.7071 0 0.7071
4 16 -1 1 0 -0.9239 1 -0.3827 -0.9239 0 -0.3827 -1 0 0
5 24 -1 0 0 -1 1 0 -0.9239 0 -0.3827 -0.9239 0 0.3827
4 16 -0.9239 1 -0.3827 -0.7071 1 -0.7071 -0.7071 0 -0.7071 -0.9239 0 -0.3827
5 24 -0.9239 0 -0.3827 -0.9239 1 -0.3827 -0.7071 0 -0.7071 -1 0 0
4 16 -0.7071 1 -0.7071 -0.3827 1 -0.9239 -0.3827 0 -0.9239 -0.7071 0 -0.7071
5 24 -0.7071 0 -0.7071 -0.7071 1 -0.7071 -0.3827 0 -0.9239 -0.9239 0 -0.3827
4 16 -0.3827 1 -0.9239 0 1 -1 0 0 -1 -0.3827 0 -0.9239
5 24 -0.3827 0 -0.9239 -0.3827 1 -0.9239 0 0 -1 -0.7071 0 -0.7071
4 16 0 1 -1 0.3827 1 -0.9239 0.3827 0 -0.9239 0 0 -1
5 24 0 0 -1 0 1 -1 0.3827 0 -0.9239 -0.3827 0 -0.9239
4 16 0.3827 1 -0.9239 0.7071 1 -0.7071 0.7071 0 -0.7071 0.3827 0 -0.9239
5 24 0.3827 0 -0.9239 0.3827 1 -0.9239 0.7071 0 -0.7071 0 0 -1
4 16 0.7071 1 -0.7071 0.9239 1 -0.3827 0.9239 0 -0.3827 0.7071 0 -0.7071
5 24 0.7071 0 -0.7071 0.7071 1 -0.7071 0.9239 0 -0.3827 0.3827 0 -0.9239
4 16 0.9239 1 -0.3827 1 1 0 1 0 0 0.9239 0 -0.3827
5 24 0.9239 0 -0.3827 0.9239 1 -0.3827 1 0 0 0.7071 0 -0.7071
0

0 FILE 4-4edge.dat
0 Circle 1.0
0 Name: 4-4edge.dat
0 Author: James Jessiman
0 !LDRAW_ORG Primitive UPDATE 2017-01
0 !LICENSE Licensed under CC BY 4.0 : see CAreadme.txt

0 BFC CERTIFY CCW

0 !HISTORY 1998-12-15 [PTadmin] Official Update 1998-10
0 !HISTORY 2005-12-28 [PTadmin] Official Update 2005-01
0 !HISTORY 2007-06-24 [PTadmin] Header formatted for Contributor Agreement
0 !HISTORY 2008-07-01 [PTadmin] Official Update 2008-01
0 !HISTORY 2017-01-15 [Steffen] BFCed
0 !HISTORY 2017-12-30 [PTadmin] Official Update 2017-01


2 24 1 0 0 0.9239 0 0.3827
2 24 0.9239 0 0.3827 0.7071 0 0.7071
2 24 0.7071 0 0.7071 0.3827 0 0.9239
2 24 0.3827 0 0.9239 0 0 1
2 24 0 0 1 -0.3827 0 0.9239
2 24 -0.3827 0 0.9239 -0.7071 0 0.7071
2 24 -0.7071 0 0.7071 -0.9239 0 0.3827
2 24 -0.9239 0 0.3827 -1 0 -0
2 24 -1 0 -0 -0.9239 0 -0.3827
2 24 -0.9239 0 -0.3827 -0.7071 0 -0.7071
2 24 -0.7071 0 -0.7071 -0.3827 0 -0.9239
2 24 -0.3827 0 -0.9239 0 0 -1
2 24 0 0 -1 0.3827 0 -0.9239
2 24 0.3827 0 -0.9239 0.7071 0 -0.7071
2 24 0.7071 0 -0.7071 0.9239 0 -0.3827
2 24 0.9239 0 -0.3827 1 0 0

0 FILE rect3.dat
0 Rectangle with 3 Edges
0 Name: rect3.dat
0 Author: Mark Kennedy [mkennedy]
0 !LDRAW_ORG Primitive UPDATE 2010-01
0 !LICENSE Licensed under CC BY 4.0 : see CAreadme.txt

0 BFC CERTIFY CCW

0 !HISTORY 2003-08-01 [PTadmin] Official Update 2003-02
0 !HISTORY 2007-06-24 [PTadmin] Header formatted for Contributor Agreement
0 !HISTORY 2008-07-01 [PTadmin] Official Update 2008-01
0 !HISTORY 2010-01-17 [mikeheide] Change winding to CCW
0 !HISTORY 2010-04-05 [PTadmin] Official Update 2010-01


2 24 1 0 1 -1 0 1
2 24 1 0 1 1 0 -1
2 24 -1 0 1 -1 0 -1
4 16 -1 0 1 -1 0 -1 1 0 -1 1 0 1
0 //

0 FILE rect1.dat
0 Rectangle with 1 Edge
0 Name: rect1.dat
0 Author: Chris Dee [cwdee]
0 !LDRAW_ORG Primitive UPDATE 2010-01
0 !LICENSE Licensed under CC BY 4.0 : see CAreadme.txt

0 BFC CERTIFY CCW

0 !HISTORY 2003-12-19 [PTadmin] Official Update 2003-03
0 !HISTORY 2007-06-24 [PTadmin] Header formatted for Contributor Agreement
0 !HISTORY 2008-07-01 [PTadmin] Official Update 2008-01
0 !HISTORY 2010-01-17 [mikeheide] changed winding to CCW
0 !HISTORY 2010-04-05 [PTadmin] Official Update 2010-01


2 24 1 0 -1 1 0 1
4 16 -1 0 1 -1 0 -1 1 0 -1 1 0 1
0

0 FILE box2-11.dat
0 Box with 2 Faces without 11 Edges
0 Name: box2-11.dat
0 Author: Steffen [Steffen]
0 !LDRAW_ORG Primitive UPDATE 2005-01
0 !LICENSE Licensed under CC BY 4.0 : see CAreadme.txt

0 BFC CERTIFY CCW

0 !HISTORY 2005-12-28 [PTadmin] Official Update 2005-01
0 !HISTORY 2007-06-24 [PTadmin] Header formatted for Contributor Agreement
0 !HISTORY 2008-07-01 [PTadmin] Official Update 2008-01


2 24 1 1 1 -1 1 1
4 16 1 1 1 1 1 -1 -1 1 -1 -1 1 1
4 16 1 1 1 -1 1 1 -1 -1 1 1 -1 1
0

0 FILE 3-8edge.dat
0 Circle 0.375
0 Name: 3-8edge.dat
0 Author: James Jessiman
0 !LDRAW_ORG Primitive UPDATE 2017-01
0 !LICENSE Licensed under CC BY 4.0 : see CAreadme.txt

0 BFC CERTIFY CCW

0 !HISTORY 2007-06-24 [PTadmin] Header formatted for Contributor Agreement
0 !HISTORY 2008-07-01 [PTadmin] Official Update 2008-01
0 !HISTORY 2017-01-15 [Steffen] BFCed
0 !HISTORY 2017-12-30 [PTadmin] Official Update 2017-01


2 24 1 0 0 0.9239 0 0.3827
2 24 0.9239 0 0.3827 0.7071 0 0.7071
2 24 0.7071 0 0.7071 0.3827 0 0.9239
2 24 0.3827 0 0.9239 0 0 1
2 24 0 0 1 -0.3827 0 0.9239
2 24 -0.3827 0 0.9239 -0.7071 0 0.7071

0 FILE 3-4cylc.dat
0 Cylinder Closed 0.75
0 Name: 3-4cylc.dat
0 Author: J.C. Tchang [tchang]
0 !LDRAW_ORG Primitive UPDATE 2010-02
0 !LICENSE Licensed under CC BY 4.0 : see CAreadme.txt

0 BFC CERTIFY CCW

0 !HISTORY 2010-07-05 [PTadmin] Official Update 2010-02


1 16 0 0 0 1 0 0 0 1 0 0 0 1 3-4edge.dat
1 16 0 1 0 1 0 0 0 1 0 0 0 1 3-4edge.dat
1 16 0 0 0 1 0 0 0 1 0 0 0 1 3-4disc.dat
1 16 0 0 0 1 0 0 0 1 0 0 0 1 3-4cyli.dat

0 FILE 7-16cyli.dat
0 Cylinder 0.4375
0 Name: 7-16cyli.dat
0 Author: Magnus Forsberg [MagFors]
0 !LDRAW_ORG Primitive UPDATE 2024-01
0 !LICENSE Licensed under CC BY 4.0 : see CAreadme.txt

0 BFC CERTIFY CCW

0 !HISTORY 2009-05-02 [PTadmin] Official Update 2009-01
0 !HISTORY 2024-01-03 [MagFors] Complete regeneration, original by guyvivan
0 !HISTORY 2024-01-29 [OrionP] Official Update 2024-01

4 16 0.9239 0 0.3827 1 0 0 1 1 0 0.9239 1 0.3827
4 16 0.7071 0 0.7071 0.9239 0 0.3827 0.9239 1 0.3827 0.7071 1 0.7071
4 16 0.3827 0 0.9239 0.7071 0 0.7071 0.7071 1 0.7071 0.3827 1 0.9239
4 16 0 0 1 0.3827 0 0.9239 0.3827 1 0.9239 0 1 1
4 16 -0.3827 0 0.9239 0 0 1 0 1 1 -0.3827 1 0.9239
4 16 -0.7071 0 0.7071 -0.3827 0 0.9239 -0.3827 1 0.9239 -0.7071 1 0.7071
4 16 -0.9239 0 0.3827 -0.7071 0 0.7071 -0.7071 1 0.7071 -0.9239 1 0.3827
0 // conditional lines
5 24 1 1 0 1 0 0 1 1 -0.4142 0.9239 1 0.3827
5 24 0.9239 1 0.3827 0.9239 0 0.3827 1 1 0 0.7071 1 0.7071
5 24 0.7071 1 0.7071 0.7071 0 0.7071 0.9239 1 0.3827 0.3827 1 0.9239
5 24 0.3827 1 0.9239 0.3827 0 0.9239 0.7071 1 0.7071 0 1 1
5 24 0 1 1 0 0 1 0.3827 1 0.9239 -0.3827 1 0.9239
5 24 -0.3827 1 0.9239 -0.3827 0 0.9239 0 1 1 -0.7071 1 0.7071
5 24 -0.7071 1 0.7071 -0.7071 0 0.7071 -0.3827 1 0.9239 -0.9239 1 0.3827
5 24 -0.9239 1 0.3827 -0.9239 0 0.3827 -0.7071 1 0.7071 -1.0824 1 0
0 // Build by LDPartEditor (PrimGen 2.X)

0 FILE 7-16edge.dat
0 Circle 0.4375
0 Name: 7-16edge.dat
0 Author: Orion Pobursky [OrionP]
0 !LDRAW_ORG Primitive UPDATE 2017-01
0 !LICENSE Licensed under CC BY 4.0 : see CAreadme.txt

0 BFC CERTIFY CCW

0 !HISTORY 2009-05-02 [PTadmin] Official Update 2009-01
0 !HISTORY 2017-01-15 [Steffen] BFCed
0 !HISTORY 2017-12-30 [PTadmin] Official Update 2017-01


2 24 1 0 0 .9239 0 .3827
2 24 .9239 0 .3827 .7071 0 .7071
2 24 .7071 0 .7071 .3827 0 .9239
2 24 .3827 0 .9239 0 0 1
2 24 0 0 1 -.3827 0 .9239
2 24 -.3827 0 .9239 -.7071 0 .7071
2 24 -.7071 0 .7071 -.9239 0 .3827

0 FILE stud2.dat
0 Stud Open
0 Name: stud2.dat
0 Author: James Jessiman
0 !LDRAW_ORG Primitive UPDATE 2009-02
0 !LICENSE Licensed under CC BY 4.0 : see CAreadme.txt

0 BFC CERTIFY CCW

0 !HISTORY 1999-07-05 [PTadmin] Official Update 1999-05
0 !HISTORY 2002-04-04 [sbliss] Modified for BFC compliance
0 !HISTORY 2002-04-25 [PTadmin] Official Update 2002-02
0 !HISTORY 2007-06-24 [PTadmin] Header formatted for Contributor Agreement
0 !HISTORY 2008-07-01 [PTadmin] Official Update 2008-01
0 !HISTORY 2009-06-21 [cwdee] Update ring references to 4-4ring
0 !HISTORY 2009-09-03 [PTadmin] Official Update 2009-02


1 16 0 0 0 4 0 0 0 1 0 0 0 4 4-4edge.dat
1 16 0 0 0 6 0 0 0 1 0 0 0 6 4-4edge.dat
1 16 0 -4 0 4 0 0 0 1 0 0 0 4 4-4edge.dat
1 16 0 -4 0 6 0 0 0 1 0 0 0 6 4-4edge.dat
0 BFC INVERTNEXT
1 16 0 -4 0 4 0 0 0 4 0 0 0 4 4-4cyli.dat
1 16 0 -4 0 6 0 0 0 4 0 0 0 6 4-4cyli.dat
1 16 0 -4 0 2 0 0 0 1 0 0 0 2 4-4ring2.dat
0

0 FILE stug2-1x2.dat
0 Stud Open Group  1 x  2
0 Name: stug2-1x2.dat
0 Author: Steffen [Steffen]
0 !LDRAW_ORG Primitive UPDATE 2011-02
0 !LICENSE Licensed under CC BY 4.0 : see CAreadme.txt

0 BFC CERTIFY CCW

0 !HISTORY 2011-12-29 [PTadmin] Official Update 2011-02


1 16 -10 0 0 1 0 0 0 1 0 0 0 1 stud2.dat
1 16 10 0 0 1 0 0 0 1 0 0 0 1 stud2.dat

0 FILE 4-4cylo.dat
0 Cylinder Open 1.0
0 Name: 4-4cylo.dat
0 Author: Mark Kennedy [mkennedy]
0 !LDRAW_ORG Primitive UPDATE 2010-01
0 !LICENSE Licensed under CC BY 4.0 : see CAreadme.txt

0 BFC CERTIFY CCW

0 !HISTORY 2010-04-05 [PTadmin] Official Update 2010-01


1 16 0 0 0 1 0 0 0 1 0 0 0 1 4-4edge.dat
1 16 0 1 0 1 0 0 0 1 0 0 0 1 4-4edge.dat
1 16 0 0 0 1 0 0 0 1 0 0 0 1 4-4cyli.dat
0

0 FILE 2-4edge.dat
0 Circle 0.5
0 Name: 2-4edge.dat
0 Author: James Jessiman
0 !LDRAW_ORG Primitive UPDATE 2017-01
0 !LICENSE Licensed under CC BY 4.0 : see CAreadme.txt

0 BFC CERTIFY CCW

0 !HISTORY 2007-06-24 [PTadmin] Header formatted for Contributor Agreement
0 !HISTORY 2008-07-01 [PTadmin] Official Update 2008-01
0 !HISTORY 2017-01-15 [Steffen] BFCed
0 !HISTORY 2017-12-30 [PTadmin] Official Update 2017-01


2 24 1 0 0 0.9239 0 0.3827
2 24 0.9239 0 0.3827 0.7071 0 0.7071
2 24 0.7071 0 0.7071 0.3827 0 0.9239
2 24 0.3827 0 0.9239 0 0 1
2 24 0 0 1 -0.3827 0 0.9239
2 24 -0.3827 0 0.9239 -0.7071 0 0.7071
2 24 -0.7071 0 0.7071 -0.9239 0 0.3827
2 24 -0.9239 0 0.3827 -1 0 0

0 FILE 2-4cyli.dat
0 Cylinder 0.5
0 Name: 2-4cyli.dat
0 Author: James Jessiman
0 !LDRAW_ORG Primitive UPDATE 2005-01
0 !LICENSE Licensed under CC BY 4.0 : see CAreadme.txt

0 BFC CERTIFY CCW

0 !HISTORY 2002-03-23 [sbliss] Added BFC statement; compacted code
0 !HISTORY 2002-04-25 [PTadmin] Official Update 2002-02
0 !HISTORY 2004-12-11 [nielsk] Recreated using Primitive Generator, Edge lines fixed, BFC changed to CCW
0 !HISTORY 2005-12-28 [PTadmin] Official Update 2005-01
0 !HISTORY 2007-06-24 [PTadmin] Header formatted for Contributor Agreement
0 !HISTORY 2008-07-01 [PTadmin] Official Update 2008-01


4 16 .9239 1 .3827 .9239 0 .3827 1 0 0 1 1 0
4 16 .7071 1 .7071 .7071 0 .7071 .9239 0 .3827 .9239 1 .3827
4 16 .3827 1 .9239 .3827 0 .9239 .7071 0 .7071 .7071 1 .7071
4 16 0 1 1 0 0 1 .3827 0 .9239 .3827 1 .9239
4 16 -.3827 1 .9239 -.3827 0 .9239 0 0 1 0 1 1
4 16 -.7071 1 .7071 -.7071 0 .7071 -.3827 0 .9239 -.3827 1 .9239
4 16 -.9239 1 .3827 -.9239 0 .3827 -.7071 0 .7071 -.7071 1 .7071
4 16 -1 1 0 -1 0 0 -.9239 0 .3827 -.9239 1 .3827
5 24 1 1 0 1 0 0 1 1 -.4142 .9239 1 .3827
5 24 .9239 1 .3827 .9239 0 .3827 1 1 0 .7071 1 .7071
5 24 .7071 1 .7071 .7071 0 .7071 .9239 1 .3827 .3827 1 .9239
5 24 .3827 1 .9239 .3827 0 .9239 .7071 1 .7071 0 1 1
5 24 0 1 1 0 0 1 .3827 1 .9239 -.3827 1 .9239
5 24 -.3827 1 .9239 -.3827 0 .9239 0 1 1 -.7071 1 .7071
5 24 -.7071 1 .7071 -.7071 0 .7071 -.3827 1 .9239 -.9239 1 .3827
5 24 -.9239 1 .3827 -.9239 0 .3827 -.7071 1 .7071 -1 1 0
5 24 -1 1 0 -1 0 0 -.9239 1 .3827 -1 1 -.4142
0

0 FILE 1-4ndis.dat
0 Disc Negative 0.25
0 Name: 1-4ndis.dat
0 Author: James Jessiman
0 !LDRAW_ORG Primitive UPDATE 2012-01
0 !LICENSE Licensed under CC BY 4.0 : see CAreadme.txt

0 BFC CERTIFY CCW

0 !HISTORY 2002-03-23 [sbliss] Added BFC Statement
0 !HISTORY 2002-04-25 [PTadmin] Official Update 2002-02
0 !HISTORY 2007-06-22 [PTadmin] Header formatted for Contributor Agreement
0 !HISTORY 2008-07-01 [PTadmin] Official Update 2008-01
0 !HISTORY 2012-02-16 [Philo] Changed to CCW
0 !HISTORY 2012-03-30 [PTadmin] Official Update 2012-01


3 16 0.9239 0 0.3827 1 0 0 1 0 1
3 16 0.7071 0 0.7071 0.9239 0 0.3827 1 0 1
3 16 0.3827 0 0.9239 0.7071 0 0.7071 1 0 1
3 16 0 0 1 0.3827 0 0.9239 1 0 1

0 FILE box0.dat
0 Box with 0 Faces and All Edges
0 Name: box0.dat
0 Author: Santeri Piippo [arezey]
0 !LDRAW_ORG Primitive UPDATE 2010-02
0 !LICENSE Licensed under CC BY 4.0 : see CAreadme.txt

0 BFC CERTIFY CCW

0 !HISTORY 2010-07-05 [PTadmin] Official Update 2010-02


2 24 -1 1 -1 1 1 -1
2 24 -1 -1 -1 1 -1 -1
2 24 1 1 1 1 1 -1
2 24 1 -1 1 1 -1 -1
2 24 -1 1 1 -1 1 -1
2 24 -1 -1 1 -1 -1 -1
2 24 1 1 1 -1 1 1
2 24 1 -1 1 -1 -1 1
2 24 1 -1 1 1 1 1
2 24 -1 -1 1 -1 1 1
2 24 -1 -1 -1 -1 1 -1
2 24 1 -1 -1 1 1 -1
0 //

0 FILE 7-16ndis.dat
0 Disc Negative 0.4375
0 Name: 7-16ndis.dat
0 Author: Alex Taylor [anathema]
0 !LDRAW_ORG Primitive UPDATE 2010-01
0 !LICENSE Licensed under CC BY 4.0 : see CAreadme.txt

0 BFC CERTIFY CCW

0 !HISTORY 2010-04-05 [PTadmin] Official Update 2010-01


3 16 1 0 1 0.9239 0 0.3827 1 0 0
3 16 1 0 1 0.7071 0 0.7071 0.9239 0 0.3827
3 16 1 0 1 0.3827 0 0.9239 0.7071 0 0.7071
3 16 1 0 1 0 0 1 0.3827 0 0.9239
3 16 -1 0 1 -0.3827 0 0.9239 0 0 1
3 16 -1 0 1 -0.7071 0 0.7071 -0.3827 0 0.9239
3 16 -1 0 1 -0.9239 0 0.3827 -0.7071 0 0.7071
0

0 FILE 7-16disc.dat
0 Disc 0.4375
0 Name: 7-16disc.dat
0 Author: Willy Tschager [Holly-Wood]
0 !LDRAW_ORG Primitive UPDATE 2024-01
0 !LICENSE Licensed under CC BY 4.0 : see CAreadme.txt

0 BFC CERTIFY CCW

0 !HISTORY 2009-05-02 [PTadmin] Official Update 2009-01
0 !HISTORY 2024-01-21 [Holly-Wood] Complete regeneration, original by guyvivan
0 !HISTORY 2024-01-29 [OrionP] Official Update 2024-01

3 16 0 0 0 1 0 0 0.9239 0 0.3827
3 16 0 0 0 0.9239 0 0.3827 0.7071 0 0.7071
3 16 0 0 0 0.7071 0 0.7071 0.3827 0 0.9239
3 16 0 0 0 0.3827 0 0.9239 0 0 1
3 16 0 0 0 0 0 1 -0.3827 0 0.9239
3 16 0 0 0 -0.3827 0 0.9239 -0.7071 0 0.7071
3 16 0 0 0 -0.7071 0 0.7071 -0.9239 0 0.3827
0 // Build by LDPartEditor (PrimGen 2.X)

0 FILE rect2p.dat
0 Rectangle with 2 Parallel Edges
0 Name: rect2p.dat
0 Author: Donald Sutter [technog]
0 !LDRAW_ORG Primitive UPDATE 2010-01
0 !LICENSE Licensed under CC BY 4.0 : see CAreadme.txt

0 BFC CERTIFY CCW

0 !HISTORY 2003-08-01 [PTadmin] Official Update 2003-02
0 !HISTORY 2007-06-24 [PTadmin] Header formatted for Contributor Agreement
0 !HISTORY 2008-07-01 [PTadmin] Official Update 2008-01
0 !HISTORY 2010-01-17 [mikeheide] changed winding to CCW
0 !HISTORY 2010-04-05 [PTadmin] Official Update 2010-01


2 24 1 0 1 -1 0 1
2 24 -1 0 -1 1 0 -1
4 16 -1 0 1 -1 0 -1 1 0 -1 1 0 1
0

0 FILE box4-2p.dat
0 Box with  4 Faces without  2 Parallel Edges
0 Name: box4-2p.dat
0 Author: Willy Tschager [Holly-Wood]
0 !LDRAW_ORG Primitive UPDATE 2024-01
0 !LICENSE Licensed under CC BY 4.0 : see CAreadme.txt

0 BFC CERTIFY CCW

0 !HISTORY 2009-05-02 [PTadmin] Official Update 2009-01
0 !HISTORY 2024-01-03 [Holly-Wood] Complete re-write, original by guyvivan
0 !HISTORY 2024-01-29 [OrionP] Official Update 2024-01

2 24 -1 1 -1 -1 1 1
2 24 1 1 1 1 1 -1
2 24 -1 1 1 1 1 1
2 24 -1 1 -1 1 1 -1
4 16 1 1 1 1 1 -1 -1 1 -1 -1 1 1

2 24 -1 0 -1 -1 1 -1
2 24 -1 0 -1 -1 0 1
4 16 -1 1 1 -1 1 -1 -1 0 -1 -1 0 1

2 24 1 0 -1 1 1 -1
2 24 1 0 1 1 0 -1
4 16 1 1 -1 1 1 1 1 0 1 1 0 -1

2 24 1 1 1 1 0 1
2 24 -1 1 1 -1 0 1
4 16 1 1 1 -1 1 1 -1 0 1 1 0 1

0 FILE box4-4a.dat
0 Box with  4 Faces without  4 Adjacent Edges
0 Name: box4-4a.dat
0 Author: Willy Tschager [Holly-Wood]
0 !LDRAW_ORG Primitive UPDATE 2024-01
0 !LICENSE Licensed under CC BY 4.0 : see CAreadme.txt

0 BFC CERTIFY CCW

0 !HISTORY 1998-07-15 [PTadmin] Official Update 1998-07
0 !HISTORY 2002-12-13 [hafhead] Made BFC compliant
0 !HISTORY 2003-03-12 [PTadmin] Official Update 2003-01
0 !HISTORY 2007-06-24 [PTadmin] Header formatted for Contributor Agreement
0 !HISTORY 2008-07-01 [PTadmin] Official Update 2008-01
0 !HISTORY 2012-02-16 [Philo] Changed to CCW
0 !HISTORY 2012-03-30 [PTadmin] Official Update 2012-01
0 !HISTORY 2024-01-03 [Holly-Wood] Complete re-write, original by Manfred Moolhuysen
0 !HISTORY 2024-01-29 [OrionP] Official Update 2024-01

2 24 -1 1 -1 -1 1 1
2 24 1 1 1 1 1 -1
2 24 -1 1 1 1 1 1
4 16 1 1 1 1 1 -1 -1 1 -1 -1 1 1

2 24 -1 0 -1 -1 0 1
4 16 -1 1 1 -1 1 -1 -1 0 -1 -1 0 1

2 24 1 0 1 1 0 -1
4 16 1 1 -1 1 1 1 1 0 1 1 0 -1

2 24 1 1 1 1 0 1
2 24 -1 1 1 -1 0 1
2 24 -1 0 1 1 0 1
4 16 1 1 1 -1 1 1 -1 0 1 1 0 1

0 FILE box3u8p.dat
0 Box with 3 Faces and 4 Parallel Edges
0 Name: box3u8p.dat
0 Author: James Jessiman
0 !LDRAW_ORG Primitive UPDATE 2012-01
0 !LICENSE Licensed under CC BY 4.0 : see CAreadme.txt

0 BFC CERTIFY CCW

0 !HISTORY 2002-12-13 [hafhead] Made BFC compliant
0 !HISTORY 2003-08-01 [PTadmin] Official Update 2003-02
0 !HISTORY 2007-06-24 [PTadmin] Header formatted for Contributor Agreement
0 !HISTORY 2008-07-01 [PTadmin] Official Update 2008-01
0 !HISTORY 2012-02-16 [Philo] Changed to CCW
0 !HISTORY 2012-03-30 [PTadmin] Official Update 2012-01


2 24 1 1 1 -1 1 1
2 24 -1 1 -1 1 1 -1
2 24 1 0 1 -1 0 1
2 24 -1 0 -1 1 0 -1
4 16 1 1 -1 -1 1 -1 -1 1 1 1 1 1
4 16 -1 1 1 -1 0 1 1 0 1 1 1 1
4 16 1 1 -1 1 0 -1 -1 0 -1 -1 1 -1

0 FILE recte4.dat
0 Rectangle Empty with 4 Edges
0 Name: recte4.dat
0 Author: Steffen [Steffen]
0 !LDRAW_ORG Primitive UPDATE 2010-03
0 !LICENSE Licensed under CC BY 4.0 : see CAreadme.txt

0 BFC CERTIFY CCW

0 !HISTORY 2010-12-31 [PTadmin] Official Update 2010-03


2 24 1 0 1 -1 0 1
2 24 -1 0 1 -1 0 -1
2 24 -1 0 -1 1 0 -1
2 24 1 0 -1 1 0 1

0 FILE recte3.dat
0 Rectangle Empty with 3 Edges
0 Name: recte3.dat
0 Author: Steffen [Steffen]
0 !LDRAW_ORG Primitive UPDATE 2011-01
0 !LICENSE Licensed under CC BY 4.0 : see CAreadme.txt

0 BFC CERTIFY CCW

0 !HISTORY 2011-07-25 [PTadmin] Official Update 2011-01


2 24 1 0 1 -1 0 1
2 24 -1 0 1 -1 0 -1
2 24 1 0 -1 1 0 1

0 FILE parts/s/3001s01.dat
0 ~Brick  2 x  4 without Front and Back Faces
0 Name: s\3001s01.dat
0 Author: James Jessiman
0 !LDRAW_ORG Subpart UPDATE 2004-03
0 !LICENSE Licensed under CC BY 4.0 : see CAreadme.txt

0 BFC CERTIFY CCW

0 !HISTORY 2002-05-07 {unknown} BFC certification
0 !HISTORY 2002-05-07 [westrate] Unknown change
0 !HISTORY 2004-09-15 [PTadmin] Official Update 2004-03
0 !HISTORY 2007-08-29 [PTadmin] Header formatted for Contributor Agreement
0 !HISTORY 2008-07-01 [PTadmin] Official Update 2008-01


0 // Uncomment for front and back faces:
0 // 4 16 40 0 -20 -40 0 -20 -40 24 -20 40 24 -20
0 // 4 16 40 0 20 -40 0 20 -40 24 20 40 24

1 16 20 4 0 1 0 0 0 -5 0 0 0 1 stud4.dat
1 16 0 4 0 1 0 0 0 -5 0 0 0 1 stud4.dat
1 16 -20 4 0 1 0 0 0 -5 0 0 0 1 stud4.dat
0 BFC INVERTNEXT
1 16 0 24 0 36 0 0 0 -20 0 0 0 16 box5.dat
4 16 40 24 20 36 24 16 -36 24 16 -40 24 20
4 16 -40 24 20 -36 24 16 -36 24 -16 -40 24 -20
4 16 -40 24 -20 -36 24 -16 36 24 -16 40 24 -20
4 16 40 24 -20 36 24 -16 36 24 16 40 24 20
1 16 0 24 0 0 0 40 0 -24 0 -20 0 0 box3u2p.dat
2 24 -40 24 -20 40 24 -20
2 24 -40 24 20 40 24 20
1 16 30 0 10 1 0 0 0 1 0 0 0 1 stud.dat
1 16 10 0 10 1 0 0 0 1 0 0 0 1 stud.dat
1 16 -10 0 10 1 0 0 0 1 0 0 0 1 stud.dat
1 16 -30 0 10 1 0 0 0 1 0 0 0 1 stud.dat
1 16 30 0 -10 1 0 0 0 1 0 0 0 1 stud.dat
1 16 10 0 -10 1 0 0 0 1 0 0 0 1 stud.dat
1 16 -10 0 -10 1 0 0 0 1 0 0 0 1 stud.dat
1 16 -30 0 -10 1 0 0 0 1 0 0 0 1 stud.dat
0

0 FILE parts/s/3004s01.dat
0 ~Brick  1 x  2 without Front Face
0 Name: s\3004s01.dat
0 Author: James Jessiman
0 !LDRAW_ORG Subpart UPDATE 2003-03
0 !LICENSE Licensed under CC BY 4.0 : see CAreadme.txt

0 BFC CERTIFY CCW

0 !HISTORY 2003-09-07 [jriley] Subfiling, BFC
0 !HISTORY 2003-12-19 [PTadmin] Official Update 2003-03
0 !HISTORY 2007-08-29 [PTadmin] Header formatted for Contributor Agreement
0 !HISTORY 2008-07-01 [PTadmin] Official Update 2008-01


1 16 0 4 0 1 0 0 0 -5 0 0 0 1 stud3.dat
0 BFC INVERTNEXT
1 16 0 24 0 16 0 0 0 -20 0 0 0 6 box5.dat
4 16 20 24 10 16 24 6 -16 24 6 -20 24 10
4 16 -20 24 10 -16 24 6 -16 24 -6 -20 24 -10
4 16 -20 24 -10 -16 24 -6 16 24 -6 20 24 -10
4 16 20 24 -10 16 24 -6 16 24 6 20 24 10
1 16 0 24 0 20 0 0 0 -24 0 0 0 10 box4t.dat
1 16 10 0 0 1 0 0 0 1 0 0 0 1 stud.dat
1 16 -10 0 0 1 0 0 0 1 0 0 0 1 stud.dat
0

0 FILE parts/s/85959s01.dat
0 ~Minifig Flame  7 L with Bar  0.8 Base
0 Name: s\85959s01.dat
0 Author: Philippe Hurbain [Philo]
0 !LDRAW_ORG Subpart UPDATE 2014-02
0 !LICENSE Licensed under CC BY 4.0 : see CAreadme.txt

0 BFC CERTIFY CCW

0 !HISTORY 2014-08-20 {LEGO Digital Designer} Original part shape
0 !HISTORY 2014-08-20 [Philo] File preparation for LDraw Parts Tracker
0 !HISTORY 2014-12-23 [PTadmin] Official Update 2014-02


1 16 0 16 0 4 0 0 0 -16 0 0 0 4 4-4cylc.dat
2 24 -3.657 -21.1 3.998 -6.645 -26.523 3.831
2 24 -6.645 -26.523 -3.856 -3.657 -21.1 -3.977
2 24 1.575 -21.934 -4.031 -0.111 -27.139 -4.053
2 24 -0.111 -27.139 4.054 1.575 -21.934 4.037
2 24 -0.111 -27.139 -4.053 1.311 -33.277 -4.04
2 24 7.505 -6.835 3.786 6.028 -3.453 3.881
2 24 4.651 -9.896 3.953 5.361 -12.543 3.917
2 24 10.263 -11.024 3.556 7.505 -6.835 3.786
2 24 12.719 -14.524 3.296 10.263 -11.024 3.556
2 24 5.361 -12.543 3.917 4.651 -15.189 3.953
2 24 14.633 -17.716 3.057 12.719 -14.524 3.296
2 24 4.651 -15.189 3.953 3.529 -17.743 3.989
2 24 3.529 -17.743 3.989 1.575 -21.934 4.037
2 24 5.5 0 -3.91 6.031 -3.463 -3.881
2 24 6.031 -3.463 -3.881 7.519 -6.86 -3.785
2 24 7.519 -6.86 -3.785 10.274 -11.04 -3.555
2 24 10.274 -11.04 -3.555 12.719 -14.524 -3.3
2 24 12.719 -14.524 -3.3 14.633 -17.716 -3.061
2 24 3.529 -17.743 -4.034 4.651 -15.189 -3.958
2 24 4.651 -15.189 -3.958 5.361 -12.543 -3.93
2 24 1.575 -21.934 -4.031 3.529 -17.743 -4.034
2 24 7.732 -24.244 -3.773 8.415 -29.549 -3.716
2 24 3.402 -3.625 3.999 3.402 -6 3.999
2 24 6.028 -3.453 3.881 5.5 0 3.91
2 24 5.5 0 3.91 3.402 0 3.999
2 24 3.402 0 3.999 3.402 -3.625 3.999
2 24 4.651 -9.896 -3.972 5.361 -12.543 -3.93
2 24 2.714 -7.959 4.023 4.651 -9.896 3.953
2 24 3.402 -6 3.999 1.699 -6 4.04
2 24 2.714 -7.959 -4.031 4.651 -9.896 -3.972
2 24 0.068 -7.25 4.054 2.714 -7.959 4.023
2 24 1.699 -6 4.04 0 -6 4.054
2 24 0.068 -7.25 -4.053 2.714 -7.959 -4.031
2 24 -2.579 -7.959 4.012 0.068 -7.25 4.054
2 24 0 -6 4.054 -1.699 -6 4.04
2 24 -2.579 -7.959 -4.02 0.068 -7.25 -4.053
2 24 -4.516 -9.896 3.943 -2.579 -7.959 4.012
2 24 -1.699 -6 4.04 -3.402 -6 3.999
2 24 -5.225 -12.543 3.918 -4.516 -15.189 3.964
2 24 -4.516 -15.189 -3.943 -5.225 -12.543 -3.923
2 24 -14.264 -16.859 3.167 -11.112 -11.689 3.473
2 24 -11.112 -11.689 -3.475 -14.264 -16.859 -3.108
2 24 -11.112 -11.689 3.473 -7.699 -6.816 3.772
2 24 -7.699 -6.816 -3.771 -11.112 -11.689 -3.475
2 24 -7.699 -6.816 3.772 -5.959 -3.022 3.885
2 24 -5.961 -3.03 -3.885 -7.699 -6.816 -3.771
2 24 -3.402 0 3.999 -5.5 0 3.91
2 24 -5.5 0 3.91 -5.959 -3.022 3.885
2 24 -3.656 -17.258 3.998 -4.516 -15.189 3.964
2 24 -3.657 -21.1 3.998 -3.656 -17.258 3.998
2 24 -3.402 0 3.999 -3.402 -3.625 3.999
2 24 -1.221 0 5.106 -3.402 0 3.999
2 24 3.402 0 3.999 1.221 0 5.106
2 24 5.5 0 -3.91 5.5 0 3.91
2 24 -4.516 -9.896 -3.959 -5.225 -12.543 -3.923
2 24 -3.656 -17.258 -3.982 -3.657 -21.1 -3.977
2 24 3.402 -6 -3.999 3.402 -3.625 -3.999
2 24 3.402 -3.625 -3.999 3.402 0 -3.999
2 24 3.402 0 -3.999 5.5 0 -3.91
2 24 -3.402 0 -3.999 -5.5 0 -3.91
2 24 -3.656 -17.258 -3.982 -4.516 -15.189 -3.943
2 24 -4.516 -9.896 -3.959 -2.579 -7.959 -4.02
2 24 -4.516 -9.896 3.943 -5.225 -12.543 3.918
2 24 1.699 -6 -4.04 3.402 -6 -3.999
2 24 0 -6 -4.054 1.699 -6 -4.04
2 24 -1.699 -6 -4.04 0 -6 -4.054
2 24 -3.402 -6 -3.999 -1.699 -6 -4.04
2 24 1.221 0 -5.106 3.402 0 -3.999
2 24 -3.402 -6 -3.999 -3.402 -3.625 -3.999
2 24 -3.402 0 -3.999 -1.221 0 -5.106
2 24 -3.402 -3.625 -3.999 -3.402 0 -3.999
2 24 -3.402 -3.625 3.999 -3.402 -6 3.999
2 24 -5.5 0 -3.91 -5.5 0 3.91
2 24 -5.961 -3.03 -3.885 -5.5 0 -3.91
2 24 -7.967 -44.789 2.716 -6.203 -37.423 2.81
2 24 -6.203 -37.423 -2.808 -7.967 -44.789 -2.71
2 24 -6.203 -37.423 2.81 -6.25 -33.534 2.804
2 24 -6.25 -33.534 -2.807 -6.203 -37.423 -2.808
2 24 -7.374 -30.53 -2.75 -6.25 -33.534 -2.807
2 24 -6.25 -33.534 2.804 -7.374 -30.53 2.747
2 24 -8.256 -29.617 -2.7 -7.374 -30.53 -2.75
2 24 -7.374 -30.53 2.747 -8.256 -29.617 2.696
2 24 -8.256 -29.617 2.696 -9.635 -30.478 2.61
2 24 -9.635 -30.478 -2.61 -6.645 -26.523 -2.789
2 24 -8.256 -29.617 -2.7 -9.635 -30.478 -2.61
2 24 1.311 -33.277 -2.941 3.598 -39.639 -2.904
2 24 -0.111 -27.139 -2.951 1.311 -33.277 -2.941
2 24 -6.645 -26.523 -2.789 -3.657 -21.1 -2.895
2 24 1.575 -21.934 -2.936 -0.111 -27.139 -2.951
2 24 -3.657 -21.1 -2.895 -3.656 -17.258 -2.898
2 24 5.361 -12.543 -2.856 4.651 -15.189 -2.875
2 24 -3.656 -17.258 -2.898 -4.516 -15.189 -2.866
2 24 4.651 -15.189 -2.875 3.529 -17.743 -2.903
2 24 -4.516 -15.189 -2.866 -5.225 -12.543 -2.857
2 24 -5.225 -12.543 -2.857 -4.516 -9.896 -2.894
2 24 4.651 -9.896 -2.886 5.361 -12.543 -2.856
2 24 -6.645 -26.523 2.785 -9.635 -30.478 2.61
2 24 1.311 -33.277 2.945 -0.111 -27.139 2.953
2 24 1.575 -21.934 2.422 3.529 -17.743 1.618
2 24 -3.656 -17.258 1.466 -3.657 -21.1 2.234
2 24 -3.657 -21.1 2.234 -6.645 -26.523 2.785
2 24 -0.111 -27.139 2.953 1.575 -21.934 2.422
2 24 3.598 -39.639 2.902 1.311 -33.277 2.945
2 24 4.651 -9.896 1.265 2.714 -7.959 1.282
2 24 -4.516 -15.189 1.229 -3.656 -17.258 1.466
2 24 3.529 -17.743 1.618 4.651 -15.189 1.222
2 24 2.714 -7.959 -2.932 4.651 -9.896 -2.886
2 24 -4.516 -9.896 -2.894 -2.579 -7.959 -2.938
2 24 -2.579 -7.959 -2.938 0.068 -7.25 -2.953
2 24 0.068 -7.25 -2.953 2.714 -7.959 -2.932
2 24 2.714 -7.959 1.282 0.068 -7.25 1.29
2 24 0.068 -7.25 1.29 -2.579 -7.959 1.289
2 24 5.361 -12.543 1.243 4.651 -9.896 1.265
2 24 -2.579 -7.959 1.289 -4.516 -9.896 1.277
2 24 4.651 -15.189 1.222 5.361 -12.543 1.243
2 24 -4.516 -9.896 1.277 -5.225 -12.543 1.251
2 24 -5.225 -12.543 1.251 -4.516 -15.189 1.229
2 24 3.529 -17.743 -2.903 1.575 -21.934 -2.936
2 24 14.633 -17.716 -3.061 17.064 -23.524 -2.711
2 24 12.233 -52.87 -3.352 10.281 -46.948 -3.352
2 24 11.685 -35.731 -3.407 16.145 -43.903 -2.846
2 24 10.281 -46.948 -3.352 5.338 -39.009 -3.852
2 24 8.415 -29.549 -3.716 11.685 -35.731 -3.407
2 24 5.338 -39.009 -3.852 1.311 -33.277 -4.04
2 24 10.386 -25.975 -3.536 7.732 -24.244 -3.773
2 24 16.145 -43.903 -2.846 18.442 -51.589 -2.507
2 24 -16.823 -22.564 -2.75 -14.264 -16.859 -3.108
2 24 -18.03 -27.339 -2.561 -16.823 -22.564 -2.75
2 24 -6.645 -26.523 -3.856 -9.635 -30.478 -3.592
2 24 -18.045 -32.905 -2.558 -18.03 -27.339 -2.561
2 24 -9.635 -30.478 -3.592 -10.957 -33.987 -3.47
2 24 -10.957 -33.987 -3.47 -11.502 -38.522 -3.432
2 24 -17.536 -38.634 -2.639 -18.045 -32.905 -2.558
2 24 17.064 -23.524 2.709 14.633 -17.716 3.057
2 24 10.281 -46.948 3.629 12.233 -52.87 3.288
2 24 18.442 -51.589 2.494 16.145 -43.903 2.84
2 24 16.145 -43.903 2.84 11.696 -35.75 3.411
2 24 5.338 -39.009 3.859 10.281 -46.948 3.629
2 24 11.696 -35.75 3.411 8.415 -29.549 3.729
2 24 1.311 -33.277 4.043 5.338 -39.009 3.859
2 24 -0.111 -27.139 4.054 1.311 -33.277 4.043
2 24 8.415 -29.549 3.729 7.732 -24.244 3.77
2 24 7.732 -24.244 3.77 10.386 -25.975 3.539
2 24 -14.264 -16.859 3.167 -16.823 -22.564 2.747
2 24 -9.635 -30.478 3.627 -6.645 -26.523 3.831
2 24 -16.823 -22.564 2.747 -18.03 -27.339 2.561
2 24 -10.957 -33.987 3.432 -9.635 -30.478 3.627
2 24 -18.03 -27.339 2.561 -18.045 -32.906 2.558
2 24 -11.502 -38.522 3.432 -10.957 -33.987 3.432
2 24 -18.045 -32.906 2.558 -17.536 -38.634 2.639
2 24 -9.635 -30.478 2.61 -9.635 -30.478 -2.61
2 24 1.311 -33.277 -2.941 1.311 -33.277 2.945
2 24 7.732 -24.244 3.77 7.732 -24.244 -3.773
4 16 -3.657 -21.1 -3.977 -3.657 -21.1 3.998 -6.645 -26.523 3.831 -6.645 -26.523 -3.856
4 16 -3.657 -21.1 3.998 -3.657 -21.1 -3.977 -3.656 -17.258 -3.982 -3.656 -17.258 3.998
4 16 -3.656 -17.258 3.998 -3.656 -17.258 -3.982 -4.516 -15.189 -3.943 -4.516 -15.189 3.964
4 16 -14.264 -16.859 3.167 -3.656 -17.258 3.998 -4.516 -15.189 3.964 -11.112 -11.689 3.473
3 16 -5.225 -12.543 3.918 -11.112 -11.689 3.473 -4.516 -15.189 3.964
4 16 -5.225 -12.543 -3.923 -5.225 -12.543 3.918 -4.516 -15.189 3.964 -4.516 -15.189 -3.943
4 16 -5.225 -12.543 3.918 -5.225 -12.543 -3.923 -4.516 -9.896 -3.959 -4.516 -9.896 3.943
4 16 -4.516 -9.896 3.943 -4.516 -9.896 -3.959 -2.579 -7.959 -4.02 -2.579 -7.959 4.012
4 16 -2.579 -7.959 4.012 -2.579 -7.959 -4.02 0.068 -7.25 -4.053 0.068 -7.25 4.054
4 16 -1.699 -6 4.04 -2.579 -7.959 4.012 0.068 -7.25 4.054 0 -6 4.054
3 16 -3.402 -6 3.999 -2.579 -7.959 4.012 -1.699 -6 4.04
3 16 -1.699 -6 4.04 -1.833 -3.645 4.688 -3.402 -6 3.999
3 16 -3.402 -3.625 3.999 -3.402 -6 3.999 -1.833 -3.645 4.688
3 16 -3.402 -3.625 3.999 -1.833 -3.645 4.688 -1.221 0 5.106
3 16 -3.402 0 3.999 -3.402 -3.625 3.999 -1.221 0 5.106
4 16 -3.402 0 3.999 -1.221 0 5.106 -3.402 0 -3.999 -5.5 0 -3.91
4 16 -5.5 0 -3.91 -3.402 0 -3.999 -3.402 -3.625 -3.999 -5.961 -3.03 -3.885
3 16 -3.402 -3.625 -3.999 -3.402 0 -3.999 -1.833 -3.645 -4.688
3 16 -1.833 -3.645 -4.688 -1.699 -6 -4.04 -3.402 -3.625 -3.999
4 16 -3.402 -6 -3.999 -3.402 -3.625 -3.999 -1.699 -6 -4.04 -2.579 -7.959 -4.02
4 16 -5.961 -3.03 -3.885 -3.402 -3.625 -3.999 -3.402 -6 -3.999 -4.516 -9.896 -3.959
4 16 -7.699 -6.816 -3.771 -5.961 -3.03 -3.885 -4.516 -9.896 -3.959 -5.225 -12.543 -3.923
4 16 -5.959 -3.022 3.885 -5.961 -3.03 -3.885 -7.699 -6.816 -3.771 -7.699 -6.816 3.772
4 16 -7.699 -6.816 3.772 -7.699 -6.816 -3.771 -11.112 -11.689 -3.475 -11.112 -11.689 3.473
3 16 -7.699 -6.816 -3.771 -5.225 -12.543 -3.923 -11.112 -11.689 -3.475
3 16 -4.516 -15.189 -3.943 -11.112 -11.689 -3.475 -5.225 -12.543 -3.923
4 16 -11.112 -11.689 3.473 -11.112 -11.689 -3.475 -14.264 -16.859 -3.108 -14.264 -16.859 3.167
4 16 -3.656 -17.258 -3.982 -14.264 -16.859 -3.108 -11.112 -11.689 -3.475 -4.516 -15.189 -3.943
3 16 -11.112 -11.689 3.473 -4.516 -9.896 3.943 -7.699 -6.816 3.772
4 16 -7.699 -6.816 3.772 -4.516 -9.896 3.943 -3.402 -6 3.999 -5.959 -3.022 3.885
4 16 -5.961 -3.03 -3.885 -5.959 -3.022 3.885 -5.5 0 3.91 -5.5 0 -3.91
4 16 -3.402 0 3.999 -5.5 0 3.91 -5.959 -3.022 3.885 -3.402 -3.625 3.999
3 16 -1.833 -3.645 -4.688 0 -6 -4.054 -1.699 -6 -4.04
4 16 -1.699 -6 -4.04 0 -6 -4.054 0.068 -7.25 -4.053 -2.579 -7.959 -4.02
4 16 0.068 -7.25 -4.053 0 -6 -4.054 1.699 -6 -4.04 2.714 -7.959 -4.031
3 16 1.699 -6 -4.04 0 -6 -4.054 0 -3.662 -4.951
3 16 1.833 -3.645 -4.688 1.699 -6 -4.04 0 -3.662 -4.951
3 16 0 -3.662 -4.951 1.221 0 -5.106 1.833 -3.645 -4.688
3 16 3.402 -3.625 -3.999 1.833 -3.645 -4.688 1.221 0 -5.106
3 16 3.402 0 -3.999 3.402 -3.625 -3.999 1.221 0 -5.106
4 16 3.402 0 -3.999 1.221 0 -5.106 3.402 0 3.999 5.5 0 3.91
4 16 5.5 0 3.91 3.402 0 3.999 3.402 -3.625 3.999 6.028 -3.453 3.881
3 16 3.402 -3.625 3.999 3.402 0 3.999 1.833 -3.645 4.688
3 16 1.833 -3.645 4.688 1.699 -6 4.04 3.402 -3.625 3.999
4 16 3.402 -6 3.999 3.402 -3.625 3.999 1.699 -6 4.04 2.714 -7.959 4.023
4 16 6.028 -3.453 3.881 3.402 -3.625 3.999 3.402 -6 3.999 4.651 -9.896 3.953
4 16 7.505 -6.835 3.786 6.028 -3.453 3.881 4.651 -9.896 3.953 5.361 -12.543 3.917
3 16 7.505 -6.835 3.786 5.361 -12.543 3.917 10.263 -11.024 3.556
4 16 7.519 -6.86 -3.785 7.505 -6.835 3.786 10.263 -11.024 3.556 10.274 -11.04 -3.555
4 16 7.505 -6.835 3.786 7.519 -6.86 -3.785 6.031 -3.463 -3.881 6.028 -3.453 3.881
3 16 4.651 -9.896 -3.972 6.031 -3.463 -3.881 7.519 -6.86 -3.785
4 16 4.651 -9.896 -3.972 7.519 -6.86 -3.785 10.274 -11.04 -3.555 5.361 -12.543 -3.93
4 16 5.361 -12.543 -3.93 10.274 -11.04 -3.555 12.719 -14.524 -3.3 4.651 -15.189 -3.958
3 16 12.719 -14.524 -3.3 14.633 -17.716 -3.061 4.651 -15.189 -3.958
3 16 14.633 -17.716 -3.061 3.529 -17.743 -4.034 4.651 -15.189 -3.958
4 16 4.651 -15.189 3.953 4.651 -15.189 -3.958 3.529 -17.743 -4.034 3.529 -17.743 3.989
4 16 4.651 -15.189 -3.958 4.651 -15.189 3.953 5.361 -12.543 3.917 5.361 -12.543 -3.93
4 16 5.361 -12.543 3.917 4.651 -15.189 3.953 12.719 -14.524 3.296 10.263 -11.024 3.556
4 16 14.633 -17.716 3.057 12.719 -14.524 3.296 4.651 -15.189 3.953 3.529 -17.743 3.989
4 16 12.719 -14.524 -3.3 12.719 -14.524 3.296 14.633 -17.716 3.057 14.633 -17.716 -3.061
3 16 1.575 -21.934 4.037 14.633 -17.716 3.057 3.529 -17.743 3.989
4 16 1.575 -21.934 4.037 3.529 -17.743 3.989 3.529 -17.743 -4.034 1.575 -21.934 -4.031
4 16 1.575 -21.934 4.037 1.575 -21.934 -4.031 -0.111 -27.139 -4.053 -0.111 -27.139 4.054
4 16 -0.111 -27.139 4.054 -0.111 -27.139 -4.053 1.311 -33.277 -4.04 1.311 -33.277 4.043
4 16 1.311 -33.277 4.043 1.311 -33.277 -4.04 5.338 -39.009 -3.852 5.338 -39.009 3.859
4 16 1.311 -33.277 4.043 5.338 -39.009 3.859 8.415 -29.549 3.729 7.732 -24.244 3.77
4 16 7.732 -24.244 -3.773 7.732 -24.244 3.77 8.415 -29.549 3.729 8.415 -29.549 -3.716
4 16 7.732 -24.244 3.77 7.732 -24.244 -3.773 10.386 -25.975 -3.536 10.386 -25.975 3.539
3 16 17.064 -23.524 -2.711 10.386 -25.975 -3.536 7.732 -24.244 -3.773
3 16 7.732 -24.244 -3.773 14.633 -17.716 -3.061 17.064 -23.524 -2.711
4 16 17.064 -23.524 2.709 17.064 -23.524 -2.711 14.633 -17.716 -3.061 14.633 -17.716 3.057
3 16 7.732 -24.244 3.77 10.386 -25.975 3.539 17.064 -23.524 2.709
3 16 7.732 -24.244 3.77 17.064 -23.524 2.709 14.633 -17.716 3.057
4 16 8.415 -29.549 -3.716 8.415 -29.549 3.729 11.696 -35.75 3.411 11.685 -35.731 -3.407
4 16 11.685 -35.731 -3.407 11.696 -35.75 3.411 16.145 -43.903 2.84 16.145 -43.903 -2.846
3 16 16.145 -43.903 2.84 11.696 -35.75 3.411 10.281 -46.948 3.629
4 16 16.145 -43.903 2.84 10.281 -46.948 3.629 12.233 -52.87 3.288 18.442 -51.589 2.494
4 16 16.145 -43.903 -2.846 16.145 -43.903 2.84 18.442 -51.589 2.494 18.442 -51.589 -2.507
3 16 10.281 -46.948 -3.352 18.442 -51.589 -2.507 12.233 -52.87 -3.352
4 16 10.281 -46.948 3.629 10.281 -46.948 -3.352 12.233 -52.87 -3.352 12.233 -52.87 3.288
4 16 10.281 -46.948 -3.352 10.281 -46.948 3.629 5.338 -39.009 3.859 5.338 -39.009 -3.852
3 16 16.145 -43.903 -2.846 18.442 -51.589 -2.507 10.281 -46.948 -3.352
3 16 16.145 -43.903 -2.846 10.281 -46.948 -3.352 5.338 -39.009 -3.852
3 16 11.685 -35.731 -3.407 16.145 -43.903 -2.846 5.338 -39.009 -3.852
3 16 10.281 -46.948 3.629 11.696 -35.75 3.411 5.338 -39.009 3.859
3 16 8.415 -29.549 -3.716 11.685 -35.731 -3.407 1.311 -33.277 -4.04
4 16 7.732 -24.244 -3.773 8.415 -29.549 -3.716 -0.111 -27.139 -4.053 1.575 -21.934 -4.031
3 16 11.696 -35.75 3.411 8.415 -29.549 3.729 5.338 -39.009 3.859
3 16 1.311 -33.277 -4.04 11.685 -35.731 -3.407 5.338 -39.009 -3.852
3 16 -0.111 -27.139 4.054 1.311 -33.277 4.043 7.732 -24.244 3.77
3 16 1.311 -33.277 -4.04 -0.111 -27.139 -4.053 8.415 -29.549 -3.716
3 16 1.575 -21.934 4.037 -0.111 -27.139 4.054 7.732 -24.244 3.77
3 16 1.575 -21.934 -4.031 3.529 -17.743 -4.034 7.732 -24.244 -3.773
3 16 1.575 -21.934 4.037 7.732 -24.244 3.77 14.633 -17.716 3.057
3 16 7.732 -24.244 -3.773 3.529 -17.743 -4.034 14.633 -17.716 -3.061
4 16 12.719 -14.524 3.296 12.719 -14.524 -3.3 10.274 -11.04 -3.555 10.263 -11.024 3.556
4 16 4.651 -9.896 3.953 4.651 -9.896 -3.972 5.361 -12.543 -3.93 5.361 -12.543 3.917
4 16 4.651 -9.896 -3.972 4.651 -9.896 3.953 2.714 -7.959 4.023 2.714 -7.959 -4.031
4 16 2.714 -7.959 -4.031 2.714 -7.959 4.023 0.068 -7.25 4.054 0.068 -7.25 -4.053
4 16 0.068 -7.25 4.054 2.714 -7.959 4.023 1.699 -6 4.04 0 -6 4.054
4 16 4.651 -9.896 -3.972 2.714 -7.959 -4.031 3.402 -6 -3.999 6.031 -3.463 -3.881
3 16 3.402 -6 -3.999 2.714 -7.959 -4.031 1.699 -6 -4.04
4 16 6.031 -3.463 -3.881 3.402 -6 -3.999 3.402 -3.625 -3.999 5.5 0 -3.91
4 16 6.028 -3.453 3.881 6.031 -3.463 -3.881 5.5 0 -3.91 5.5 0 3.91
3 16 4.651 -9.896 3.953 3.402 -6 3.999 2.714 -7.959 4.023
3 16 1.833 -3.645 4.688 0 -6 4.054 1.699 -6 4.04
3 16 1.833 -3.645 4.688 0 -3.662 4.951 0 -6 4.054
3 16 0 -6 4.054 0 -3.662 4.951 -1.699 -6 4.04
3 16 0 -3.662 4.951 1.833 -3.645 4.688 1.221 0 5.106
3 16 1.221 0 5.106 -1.221 0 5.106 0 -3.662 4.951
1 16 0 0 0 1.221 0 0 0 -1 0 0 0 -5.106 rect2p.dat
3 16 1.221 0 5.106 1.833 -3.645 4.688 3.402 0 3.999
3 16 5.5 0 -3.91 3.402 0 -3.999 5.5 0 3.91
3 16 3.402 0 3.999 1.221 0 -5.106 1.221 0 5.106
3 16 3.402 -3.625 -3.999 3.402 0 -3.999 5.5 0 -3.91
3 16 3.402 -3.625 -3.999 3.402 -6 -3.999 1.833 -3.645 -4.688
3 16 -1.221 0 -5.106 1.221 0 -5.106 0 -3.662 -4.951
3 16 0 -3.662 -4.951 -1.833 -3.645 -4.688 -1.221 0 -5.106
3 16 1.699 -6 -4.04 1.833 -3.645 -4.688 3.402 -6 -3.999
3 16 -1.833 -3.645 -4.688 0 -3.662 -4.951 0 -6 -4.054
3 16 -1.221 0 -5.106 -1.833 -3.645 -4.688 -3.402 0 -3.999
3 16 -5.5 0 3.91 -3.402 0 3.999 -5.5 0 -3.91
3 16 -3.402 0 -3.999 -1.221 0 5.106 -1.221 0 -5.106
3 16 0 -3.662 4.951 -1.221 0 5.106 -1.833 -3.645 4.688
3 16 -5.959 -3.022 3.885 -3.402 -6 3.999 -3.402 -3.625 3.999
3 16 0 -3.662 4.951 -1.833 -3.645 4.688 -1.699 -6 4.04
3 16 -3.402 -6 3.999 -4.516 -9.896 3.943 -2.579 -7.959 4.012
3 16 -4.516 -9.896 -3.959 -3.402 -6 -3.999 -2.579 -7.959 -4.02
3 16 -5.225 -12.543 3.918 -4.516 -9.896 3.943 -11.112 -11.689 3.473
4 16 -14.264 -16.859 3.167 -14.264 -16.859 -3.108 -16.823 -22.564 -2.75 -16.823 -22.564 2.747
3 16 -3.657 -21.1 3.998 -14.264 -16.859 3.167 -16.823 -22.564 2.747
4 16 -16.823 -22.564 2.747 -16.823 -22.564 -2.75 -18.03 -27.339 -2.561 -18.03 -27.339 2.561
3 16 -18.03 -27.339 2.561 -6.645 -26.523 3.831 -16.823 -22.564 2.747
3 16 -9.635 -30.478 3.627 -6.645 -26.523 3.831 -18.03 -27.339 2.561
4 16 -9.635 -30.478 3.627 -18.03 -27.339 2.561 -18.045 -32.906 2.558 -10.957 -33.987 3.432
4 16 -10.957 -33.987 3.432 -18.045 -32.906 2.558 -17.536 -38.634 2.639 -11.502 -38.522 3.432
4 16 -11.502 -38.522 -3.432 -17.536 -38.634 -2.639 -18.045 -32.905 -2.558 -10.957 -33.987 -3.47
4 16 -18.045 -32.906 2.558 -18.045 -32.905 -2.558 -17.536 -38.634 -2.639 -17.536 -38.634 2.639
4 16 -10.957 -33.987 -3.47 -18.045 -32.905 -2.558 -18.03 -27.339 -2.561 -9.635 -30.478 -3.592
4 16 -10.957 -33.987 3.432 -10.957 -33.987 -3.47 -9.635 -30.478 -3.592 -9.635 -30.478 3.627
4 16 -11.502 -38.522 3.432 -11.502 -38.522 -3.432 -10.957 -33.987 -3.47 -10.957 -33.987 3.432
4 16 -9.635 -30.478 3.627 -9.635 -30.478 -3.592 -6.645 -26.523 -3.856 -6.645 -26.523 3.831
3 16 -9.635 -30.478 -3.592 -16.823 -22.564 -2.75 -6.645 -26.523 -3.856
4 16 -18.045 -32.905 -2.558 -18.045 -32.906 2.558 -18.03 -27.339 2.561 -18.03 -27.339 -2.561
3 16 -18.03 -27.339 -2.561 -16.823 -22.564 -2.75 -9.635 -30.478 -3.592
3 16 -14.264 -16.859 -3.108 -6.645 -26.523 -3.856 -16.823 -22.564 -2.75
3 16 -3.657 -21.1 -3.977 -6.645 -26.523 -3.856 -14.264 -16.859 -3.108
3 16 -14.264 -16.859 3.167 -3.657 -21.1 3.998 -3.656 -17.258 3.998
3 16 -14.264 -16.859 -3.108 -3.656 -17.258 -3.982 -3.657 -21.1 -3.977
3 16 -16.823 -22.564 2.747 -6.645 -26.523 3.831 -3.657 -21.1 3.998
3 16 3.598 -39.639 -2.904 -7.967 -44.789 -2.71 -6.203 -37.423 -2.808
4 16 -6.25 -33.534 -2.807 -6.203 -37.423 -2.808 -6.203 -37.423 2.81 -6.25 -33.534 2.804
4 16 3.598 -39.639 2.902 3.598 -39.639 -2.904 1.311 -33.277 -2.941 1.311 -33.277 2.945
4 16 -7.374 -30.53 -2.75 -6.25 -33.534 -2.807 -6.25 -33.534 2.804 -7.374 -30.53 2.747
3 16 -9.635 -30.478 -2.61 -6.645 -26.523 -2.789 -8.256 -29.617 -2.7
4 16 -6.203 -37.423 2.81 -6.203 -37.423 -2.808 -7.967 -44.789 -2.71 -7.967 -44.789 2.716
4 16 -6.203 -37.423 2.81 -7.967 -44.789 2.716 3.598 -39.639 2.902 1.311 -33.277 2.945
4 16 -6.25 -33.534 2.804 -6.203 -37.423 2.81 1.311 -33.277 2.945 -0.111 -27.139 2.953
3 16 -0.111 -27.139 2.953 -7.374 -30.53 2.747 -6.25 -33.534 2.804
4 16 2.714 -7.959 1.282 0.068 -7.25 1.29 -2.579 -7.959 1.289 -4.516 -9.896 1.277
4 16 4.651 -9.896 1.265 2.714 -7.959 1.282 -4.516 -9.896 1.277 -5.225 -12.543 1.251
4 16 5.361 -12.543 1.243 4.651 -9.896 1.265 -5.225 -12.543 1.251 -4.516 -15.189 1.229
3 16 4.651 -15.189 1.222 5.361 -12.543 1.243 -4.516 -15.189 1.229
3 16 -4.516 -15.189 1.229 -3.656 -17.258 1.466 4.651 -15.189 1.222
3 16 3.529 -17.743 1.618 4.651 -15.189 1.222 -3.656 -17.258 1.466
4 16 3.529 -17.743 1.618 -3.656 -17.258 1.466 -3.657 -21.1 2.234 1.575 -21.934 2.422
4 16 1.575 -21.934 2.422 -3.657 -21.1 2.234 -6.645 -26.523 2.785 -0.111 -27.139 2.953
3 16 -6.645 -26.523 2.785 -7.374 -30.53 2.747 -0.111 -27.139 2.953
3 16 -8.256 -29.617 2.696 -7.374 -30.53 2.747 -6.645 -26.523 2.785
3 16 -9.635 -30.478 2.61 -8.256 -29.617 2.696 -6.645 -26.523 2.785
4 16 -9.635 -30.478 2.61 -9.635 -30.478 -2.61 -8.256 -29.617 -2.7 -8.256 -29.617 2.696
4 16 -7.374 -30.53 2.747 -8.256 -29.617 2.696 -8.256 -29.617 -2.7 -7.374 -30.53 -2.75
3 16 -8.256 -29.617 -2.7 -6.645 -26.523 -2.789 -7.374 -30.53 -2.75
4 16 -2.579 -7.959 -2.938 0.068 -7.25 -2.953 2.714 -7.959 -2.932 4.651 -9.896 -2.886
4 16 -4.516 -9.896 -2.894 -2.579 -7.959 -2.938 4.651 -9.896 -2.886 5.361 -12.543 -2.856
3 16 -5.225 -12.543 -2.857 -4.516 -9.896 -2.894 5.361 -12.543 -2.856
4 16 -5.225 -12.543 -2.857 5.361 -12.543 -2.856 4.651 -15.189 -2.875 -4.516 -15.189 -2.866
4 16 -4.516 -15.189 -2.866 4.651 -15.189 -2.875 3.529 -17.743 -2.903 -3.656 -17.258 -2.898
4 16 -3.656 -17.258 -2.898 3.529 -17.743 -2.903 1.575 -21.934 -2.936 -3.657 -21.1 -2.895
3 16 -0.111 -27.139 -2.951 -3.657 -21.1 -2.895 1.575 -21.934 -2.936
4 16 -6.645 -26.523 -2.789 -3.657 -21.1 -2.895 -0.111 -27.139 -2.951 -7.374 -30.53 -2.75
3 16 1.311 -33.277 -2.941 -7.374 -30.53 -2.75 -0.111 -27.139 -2.951
3 16 -6.25 -33.534 -2.807 -7.374 -30.53 -2.75 1.311 -33.277 -2.941
4 16 -6.25 -33.534 -2.807 1.311 -33.277 -2.941 3.598 -39.639 -2.904 -6.203 -37.423 -2.808
5 24 -3.657 -21.1 -3.977 -3.657 -21.1 3.998 -6.645 -26.523 3.831 -3.656 -17.258 -3.982
5 24 -3.656 -17.258 -3.982 -3.656 -17.258 3.998 -3.657 -21.1 3.998 -4.516 -15.189 -3.943
5 24 -4.516 -15.189 -3.943 -4.516 -15.189 3.964 -3.656 -17.258 3.998 -5.225 -12.543 -3.923
5 24 -14.264 -16.859 3.167 -3.656 -17.258 3.998 -4.516 -15.189 3.964 -3.657 -21.1 3.998
5 24 -4.516 -15.189 3.964 -11.112 -11.689 3.473 -14.264 -16.859 3.167 -5.225 -12.543 3.918
5 24 -5.225 -12.543 3.918 -11.112 -11.689 3.473 -4.516 -15.189 3.964 -4.516 -9.896 3.943
5 24 -5.225 -12.543 -3.923 -5.225 -12.543 3.918 -4.516 -15.189 3.964 -4.516 -9.896 -3.959
5 24 -4.516 -9.896 -3.959 -4.516 -9.896 3.943 -5.225 -12.543 3.918 -2.579 -7.959 -4.02
5 24 -2.579 -7.959 -4.02 -2.579 -7.959 4.012 -4.516 -9.896 3.943 0.068 -7.25 -4.053
5 24 0.068 -7.25 -4.053 0.068 -7.25 4.054 -2.579 -7.959 4.012 2.714 -7.959 -4.031
5 24 -1.699 -6 4.04 -2.579 -7.959 4.012 0.068 -7.25 4.054 -3.402 -6 3.999
5 24 -3.402 -6 3.999 -2.579 -7.959 4.012 -1.699 -6 4.04 -4.516 -9.896 3.943
5 24 -1.699 -6 4.04 -1.833 -3.645 4.688 -3.402 -6 3.999 0 -3.662 4.951
5 24 -1.833 -3.645 4.688 -3.402 -6 3.999 -1.699 -6 4.04 -3.402 -3.625 3.999
5 24 -1.833 -3.645 4.688 -3.402 -3.625 3.999 -3.402 -6 3.999 -1.221 0 5.106
5 24 -1.833 -3.645 4.688 -1.221 0 5.106 -3.402 -3.625 3.999 0 -3.662 4.951
5 24 -1.221 0 5.106 -3.402 -3.625 3.999 -1.833 -3.645 4.688 -3.402 0 3.999
5 24 -3.402 0 -3.999 -1.833 -3.645 -4.688 -3.402 -3.625 -3.999 -1.221 0 -5.106
5 24 -1.833 -3.645 -4.688 -3.402 -3.625 -3.999 -3.402 0 -3.999 -1.699 -6 -4.04
5 24 -1.833 -3.645 -4.688 -1.699 -6 -4.04 -3.402 -3.625 -3.999 0 -6 -4.054
5 24 -1.699 -6 -4.04 -3.402 -3.625 -3.999 -1.833 -3.645 -4.688 -3.402 -6 -3.999
5 24 -3.402 -6 -3.999 -4.516 -9.896 -3.959 -5.961 -3.03 -3.885 -2.579 -7.959 -4.02
5 24 -4.516 -9.896 -3.959 -5.961 -3.03 -3.885 -3.402 -6 -3.999 -7.699 -6.816 -3.771
5 24 -5.959 -3.022 3.885 -5.961 -3.03 -3.885 -7.699 -6.816 -3.771 -5.5 0 3.91
5 24 -7.699 -6.816 -3.771 -7.699 -6.816 3.772 -5.959 -3.022 3.885 -11.112 -11.689 -3.475
5 24 -7.699 -6.816 -3.771 -5.225 -12.543 -3.923 -11.112 -11.689 -3.475 -4.516 -9.896 -3.959
5 24 -5.225 -12.543 -3.923 -11.112 -11.689 -3.475 -7.699 -6.816 -3.771 -4.516 -15.189 -3.943
5 24 -11.112 -11.689 -3.475 -11.112 -11.689 3.473 -7.699 -6.816 3.772 -14.264 -16.859 -3.108
5 24 -3.656 -17.258 -3.982 -14.264 -16.859 -3.108 -11.112 -11.689 -3.475 -3.657 -21.1 -3.977
5 24 -11.112 -11.689 3.473 -4.516 -9.896 3.943 -7.699 -6.816 3.772 -5.225 -12.543 3.918
5 24 -4.516 -9.896 3.943 -7.699 -6.816 3.772 -11.112 -11.689 3.473 -3.402 -6 3.999
5 24 -4.516 -9.896 3.943 -3.402 -6 3.999 -7.699 -6.816 3.772 -2.579 -7.959 4.012
5 24 -3.402 -6 3.999 -5.959 -3.022 3.885 -7.699 -6.816 3.772 -3.402 -3.625 3.999
5 24 -2.579 -7.959 -4.02 -3.402 -6 -3.999 -1.699 -6 -4.04 -4.516 -9.896 -3.959
5 24 -1.699 -6 -4.04 -2.579 -7.959 -4.02 -3.402 -6 -3.999 0.068 -7.25 -4.053
5 24 -1.833 -3.645 -4.688 0 -6 -4.054 -1.699 -6 -4.04 0 -3.662 -4.951
5 24 0 -6 -4.054 0.068 -7.25 -4.053 -1.699 -6 -4.04 1.699 -6 -4.04
5 24 0 -6 -4.054 0 -3.662 -4.951 1.699 -6 -4.04 -1.833 -3.645 -4.688
5 24 0 -3.662 -4.951 1.699 -6 -4.04 0 -6 -4.054 1.833 -3.645 -4.688
5 24 1.833 -3.645 -4.688 1.699 -6 -4.04 0 -3.662 -4.951 3.402 -6 -3.999
5 24 0 -3.662 -4.951 1.833 -3.645 -4.688 1.699 -6 -4.04 1.221 0 -5.106
5 24 0 -3.662 -4.951 1.221 0 -5.106 1.833 -3.645 -4.688 -1.221 0 -5.106
5 24 1.221 0 -5.106 1.833 -3.645 -4.688 0 -3.662 -4.951 3.402 -3.625 -3.999
5 24 3.402 -3.625 -3.999 1.833 -3.645 -4.688 1.221 0 -5.106 3.402 -6 -3.999
5 24 1.221 0 -5.106 3.402 -3.625 -3.999 1.833 -3.645 -4.688 3.402 0 -3.999
5 24 3.402 0 3.999 1.833 -3.645 4.688 3.402 -3.625 3.999 1.221 0 5.106
5 24 1.833 -3.645 4.688 3.402 -3.625 3.999 3.402 0 3.999 1.699 -6 4.04
5 24 1.833 -3.645 4.688 1.699 -6 4.04 3.402 -3.625 3.999 0 -6 4.054
5 24 1.699 -6 4.04 3.402 -3.625 3.999 1.833 -3.645 4.688 3.402 -6 3.999
5 24 3.402 -6 3.999 4.651 -9.896 3.953 6.028 -3.453 3.881 2.714 -7.959 4.023
5 24 4.651 -9.896 3.953 6.028 -3.453 3.881 3.402 -6 3.999 7.505 -6.835 3.786
5 24 5.361 -12.543 3.917 7.505 -6.835 3.786 4.651 -9.896 3.953 10.263 -11.024 3.556
5 24 5.361 -12.543 3.917 10.263 -11.024 3.556 7.505 -6.835 3.786 12.719 -14.524 3.296
5 24 7.519 -6.86 -3.785 7.505 -6.835 3.786 10.263 -11.024 3.556 6.031 -3.463 -3.881
5 24 4.651 -9.896 -3.972 6.031 -3.463 -3.881 7.519 -6.86 -3.785 3.402 -6 -3.999
5 24 7.519 -6.86 -3.785 4.651 -9.896 -3.972 6.031 -3.463 -3.881 10.274 -11.04 -3.555
5 24 10.274 -11.04 -3.555 5.361 -12.543 -3.93 4.651 -9.896 -3.972 12.719 -14.524 -3.3
5 24 12.719 -14.524 -3.3 4.651 -15.189 -3.958 5.361 -12.543 -3.93 14.633 -17.716 -3.061
5 24 14.633 -17.716 -3.061 4.651 -15.189 -3.958 12.719 -14.524 -3.3 3.529 -17.743 -4.034
5 24 14.633 -17.716 -3.061 3.529 -17.743 -4.034 4.651 -15.189 -3.958 7.732 -24.244 -3.773
5 24 4.651 -15.189 3.953 4.651 -15.189 -3.958 3.529 -17.743 -4.034 5.361 -12.543 3.917
5 24 4.651 -15.189 3.953 12.719 -14.524 3.296 5.361 -12.543 3.917 14.633 -17.716 3.057
5 24 12.719 -14.524 -3.3 12.719 -14.524 3.296 14.633 -17.716 3.057 10.274 -11.04 -3.555
5 24 3.529 -17.743 3.989 14.633 -17.716 3.057 4.651 -15.189 3.953 1.575 -21.934 4.037
5 24 1.575 -21.934 4.037 14.633 -17.716 3.057 3.529 -17.743 3.989 7.732 -24.244 3.77
5 24 3.529 -17.743 3.989 3.529 -17.743 -4.034 1.575 -21.934 4.037 4.651 -15.189 3.953
5 24 1.575 -21.934 -4.031 1.575 -21.934 4.037 3.529 -17.743 -4.034 -0.111 -27.139 -4.053
5 24 -0.111 -27.139 -4.053 -0.111 -27.139 4.054 1.575 -21.934 4.037 1.311 -33.277 -4.04
5 24 1.311 -33.277 -4.04 1.311 -33.277 4.043 -0.111 -27.139 4.054 5.338 -39.009 -3.852
5 24 5.338 -39.009 -3.852 5.338 -39.009 3.859 1.311 -33.277 4.043 10.281 -46.948 -3.352
5 24 5.338 -39.009 3.859 8.415 -29.549 3.729 1.311 -33.277 4.043 11.696 -35.75 3.411
5 24 7.732 -24.244 3.77 1.311 -33.277 4.043 8.415 -29.549 3.729 -0.111 -27.139 4.054
5 24 7.732 -24.244 -3.773 17.064 -23.524 -2.711 10.386 -25.975 -3.536 14.633 -17.716 -3.061
5 24 7.732 -24.244 -3.773 14.633 -17.716 -3.061 17.064 -23.524 -2.711 3.529 -17.743 -4.034
5 24 17.064 -23.524 2.709 7.732 -24.244 3.77 10.386 -25.975 3.539 14.633 -17.716 3.057
5 24 14.633 -17.716 3.057 7.732 -24.244 3.77 17.064 -23.524 2.709 1.575 -21.934 4.037
5 24 14.633 -17.716 -3.061 14.633 -17.716 3.057 17.064 -23.524 2.709 12.719 -14.524 -3.3
5 24 8.415 -29.549 3.729 8.415 -29.549 -3.716 7.732 -24.244 -3.773 11.696 -35.75 3.411
5 24 11.696 -35.75 3.411 11.685 -35.731 -3.407 8.415 -29.549 -3.716 16.145 -43.903 2.84
5 24 11.696 -35.75 3.411 10.281 -46.948 3.629 16.145 -43.903 2.84 5.338 -39.009 3.859
5 24 10.281 -46.948 3.629 16.145 -43.903 2.84 11.696 -35.75 3.411 12.233 -52.87 3.288
5 24 16.145 -43.903 -2.846 16.145 -43.903 2.84 18.442 -51.589 2.494 11.685 -35.731 -3.407
5 24 10.281 -46.948 -3.352 18.442 -51.589 -2.507 12.233 -52.87 -3.352 16.145 -43.903 -2.846
5 24 10.281 -46.948 3.629 10.281 -46.948 -3.352 12.233 -52.87 -3.352 5.338 -39.009 3.859
5 24 10.281 -46.948 -3.352 16.145 -43.903 -2.846 18.442 -51.589 -2.507 5.338 -39.009 -3.852
5 24 5.338 -39.009 -3.852 16.145 -43.903 -2.846 10.281 -46.948 -3.352 11.685 -35.731 -3.407
5 24 5.338 -39.009 -3.852 11.685 -35.731 -3.407 16.145 -43.903 -2.846 1.311 -33.277 -4.04
5 24 11.696 -35.75 3.411 5.338 -39.009 3.859 10.281 -46.948 3.629 8.415 -29.549 3.729
5 24 11.685 -35.731 -3.407 1.311 -33.277 -4.04 8.415 -29.549 -3.716 5.338 -39.009 -3.852
5 24 1.311 -33.277 -4.04 8.415 -29.549 -3.716 11.685 -35.731 -3.407 -0.111 -27.139 -4.053
5 24 8.415 -29.549 -3.716 -0.111 -27.139 -4.053 7.732 -24.244 -3.773 1.311 -33.277 -4.04
5 24 7.732 -24.244 3.77 -0.111 -27.139 4.054 1.311 -33.277 4.043 1.575 -21.934 4.037
5 24 7.732 -24.244 3.77 1.575 -21.934 4.037 -0.111 -27.139 4.054 14.633 -17.716 3.057
5 24 1.575 -21.934 -4.031 7.732 -24.244 -3.773 -0.111 -27.139 -4.053 3.529 -17.743 -4.034
5 24 3.529 -17.743 -4.034 7.732 -24.244 -3.773 1.575 -21.934 -4.031 14.633 -17.716 -3.061
5 24 5.361 -12.543 3.917 5.361 -12.543 -3.93 4.651 -15.189 -3.958 4.651 -9.896 3.953
5 24 10.274 -11.04 -3.555 10.263 -11.024 3.556 12.719 -14.524 3.296 7.519 -6.86 -3.785
5 24 4.651 -9.896 3.953 4.651 -9.896 -3.972 5.361 -12.543 -3.93 2.714 -7.959 4.023
5 24 2.714 -7.959 4.023 2.714 -7.959 -4.031 4.651 -9.896 -3.972 0.068 -7.25 4.054
5 24 2.714 -7.959 4.023 1.699 -6 4.04 0.068 -7.25 4.054 3.402 -6 3.999
5 24 0 -6 4.054 0.068 -7.25 4.054 1.699 -6 4.04 -1.699 -6 4.04
5 24 2.714 -7.959 -4.031 3.402 -6 -3.999 4.651 -9.896 -3.972 1.699 -6 -4.04
5 24 2.714 -7.959 -4.031 1.699 -6 -4.04 3.402 -6 -3.999 0.068 -7.25 -4.053
5 24 3.402 -6 -3.999 6.031 -3.463 -3.881 4.651 -9.896 -3.972 3.402 -3.625 -3.999
5 24 3.402 -3.625 -3.999 5.5 0 -3.91 6.031 -3.463 -3.881 3.402 0 -3.999
5 24 6.028 -3.453 3.881 6.031 -3.463 -3.881 5.5 0 -3.91 7.505 -6.835 3.786
5 24 3.402 -6 3.999 2.714 -7.959 4.023 4.651 -9.896 3.953 1.699 -6 4.04
5 24 1.833 -3.645 4.688 0 -6 4.054 1.699 -6 4.04 0 -3.662 4.951
5 24 1.833 -3.645 4.688 0 -3.662 4.951 0 -6 4.054 1.221 0 5.106
5 24 0 -3.662 4.951 0 -6 4.054 1.833 -3.645 4.688 -1.699 -6 4.04
5 24 0 -3.662 4.951 -1.699 -6 4.04 0 -6 4.054 -1.833 -3.645 4.688
5 24 1.833 -3.645 4.688 1.221 0 5.106 0 -3.662 4.951 3.402 0 3.999
5 24 1.221 0 5.106 0 -3.662 4.951 1.833 -3.645 4.688 -1.221 0 5.106
5 24 -1.221 0 5.106 0 -3.662 4.951 1.221 0 5.106 -1.833 -3.645 4.688
5 24 3.402 -6 -3.999 1.833 -3.645 -4.688 3.402 -3.625 -3.999 1.699 -6 -4.04
5 24 0 -3.662 -4.951 -1.221 0 -5.106 1.221 0 -5.106 -1.833 -3.645 -4.688
5 24 0 -3.662 -4.951 -1.833 -3.645 -4.688 -1.221 0 -5.106 0 -6 -4.054
5 24 -1.833 -3.645 -4.688 -1.221 0 -5.106 0 -3.662 -4.951 -3.402 0 -3.999
5 24 -1.833 -3.645 4.688 0 -3.662 4.951 -1.221 0 5.106 -1.699 -6 4.04
5 24 -14.264 -16.859 -3.108 -14.264 -16.859 3.167 -11.112 -11.689 3.473 -16.823 -22.564 -2.75
5 24 -16.823 -22.564 -2.75 -16.823 -22.564 2.747 -14.264 -16.859 3.167 -18.03 -27.339 -2.561
5 24 -3.657 -21.1 3.998 -14.264 -16.859 3.167 -16.823 -22.564 2.747 -3.656 -17.258 3.998
5 24 -16.823 -22.564 2.747 -3.657 -21.1 3.998 -14.264 -16.859 3.167 -6.645 -26.523 3.831
5 24 -18.03 -27.339 -2.561 -18.03 -27.339 2.561 -16.823 -22.564 2.747 -18.045 -32.905 -2.558
5 24 -18.03 -27.339 2.561 -6.645 -26.523 3.831 -16.823 -22.564 2.747 -9.635 -30.478 3.627
5 24 -6.645 -26.523 3.831 -16.823 -22.564 2.747 -18.03 -27.339 2.561 -3.657 -21.1 3.998
5 24 -18.03 -27.339 2.561 -9.635 -30.478 3.627 -6.645 -26.523 3.831 -18.045 -32.906 2.558
5 24 -18.045 -32.906 2.558 -10.957 -33.987 3.432 -9.635 -30.478 3.627 -17.536 -38.634 2.639
5 24 -18.045 -32.906 2.558 -18.045 -32.905 -2.558 -17.536 -38.634 -2.639 -18.03 -27.339 2.561
5 24 -18.045 -32.905 -2.558 -10.957 -33.987 -3.47 -11.502 -38.522 -3.432 -18.03 -27.339 -2.561
5 24 -18.03 -27.339 -2.561 -9.635 -30.478 -3.592 -10.957 -33.987 -3.47 -16.823 -22.564 -2.75
5 24 -10.957 -33.987 3.432 -10.957 -33.987 -3.47 -9.635 -30.478 -3.592 -11.502 -38.522 3.432
5 24 -9.635 -30.478 -3.592 -9.635 -30.478 3.627 -10.957 -33.987 3.432 -6.645 -26.523 -3.856
5 24 -9.635 -30.478 -3.592 -16.823 -22.564 -2.75 -6.645 -26.523 -3.856 -18.03 -27.339 -2.561
5 24 -16.823 -22.564 -2.75 -6.645 -26.523 -3.856 -9.635 -30.478 -3.592 -14.264 -16.859 -3.108
5 24 -6.645 -26.523 -3.856 -6.645 -26.523 3.831 -9.635 -30.478 3.627 -3.657 -21.1 -3.977
5 24 -14.264 -16.859 -3.108 -6.645 -26.523 -3.856 -16.823 -22.564 -2.75 -3.657 -21.1 -3.977
5 24 -14.264 -16.859 -3.108 -3.657 -21.1 -3.977 -6.645 -26.523 -3.856 -3.656 -17.258 -3.982
5 24 -6.203 -37.423 -2.808 3.598 -39.639 -2.904 -7.967 -44.789 -2.71 -6.25 -33.534 -2.807
5 24 -6.203 -37.423 -2.808 -6.203 -37.423 2.81 -6.25 -33.534 -2.807 -7.967 -44.789 -2.71
5 24 -6.25 -33.534 -2.807 -6.25 -33.534 2.804 -7.374 -30.53 -2.75 -6.203 -37.423 2.81
5 24 -6.645 -26.523 -2.789 -8.256 -29.617 -2.7 -9.635 -30.478 -2.61 -7.374 -30.53 -2.75
5 24 -7.374 -30.53 2.747 -7.374 -30.53 -2.75 -6.25 -33.534 2.804 -8.256 -29.617 -2.7
5 24 1.311 -33.277 2.945 -6.203 -37.423 2.81 3.598 -39.639 2.902 -6.25 -33.534 2.804
5 24 -0.111 -27.139 2.953 -6.25 -33.534 2.804 1.311 -33.277 2.945 -7.374 -30.53 2.747
5 24 -0.111 -27.139 2.953 -7.374 -30.53 2.747 -6.25 -33.534 2.804 -6.645 -26.523 2.785
5 24 -5.225 -12.543 1.251 4.651 -9.896 1.265 -4.516 -9.896 1.277 5.361 -12.543 1.243
5 24 -4.516 -15.189 1.229 4.651 -15.189 1.222 5.361 -12.543 1.243 -3.656 -17.258 1.466
5 24 -3.656 -17.258 1.466 4.651 -15.189 1.222 -4.516 -15.189 1.229 3.529 -17.743 1.618
5 24 -3.656 -17.258 1.466 3.529 -17.743 1.618 4.651 -15.189 1.222 -3.657 -21.1 2.234
5 24 -3.657 -21.1 2.234 1.575 -21.934 2.422 3.529 -17.743 1.618 -6.645 -26.523 2.785
5 24 -6.645 -26.523 2.785 -0.111 -27.139 2.953 1.575 -21.934 2.422 -7.374 -30.53 2.747
5 24 -6.645 -26.523 2.785 -7.374 -30.53 2.747 -0.111 -27.139 2.953 -8.256 -29.617 2.696
5 24 -6.645 -26.523 2.785 -8.256 -29.617 2.696 -7.374 -30.53 2.747 -9.635 -30.478 2.61
5 24 -8.256 -29.617 -2.7 -8.256 -29.617 2.696 -9.635 -30.478 2.61 -7.374 -30.53 2.747
5 24 -6.645 -26.523 -2.789 -7.374 -30.53 -2.75 -8.256 -29.617 -2.7 -0.111 -27.139 -2.951
5 24 5.361 -12.543 -2.856 -4.516 -9.896 -2.894 4.651 -9.896 -2.886 -5.225 -12.543 -2.857
5 24 5.361 -12.543 -2.856 -5.225 -12.543 -2.857 -4.516 -9.896 -2.894 4.651 -15.189 -2.875
5 24 4.651 -15.189 -2.875 -4.516 -15.189 -2.866 -5.225 -12.543 -2.857 3.529 -17.743 -2.903
5 24 3.529 -17.743 -2.903 -3.656 -17.258 -2.898 -4.516 -15.189 -2.866 1.575 -21.934 -2.936
5 24 1.575 -21.934 -2.936 -3.657 -21.1 -2.895 -3.656 -17.258 -2.898 -0.111 -27.139 -2.951
5 24 -0.111 -27.139 -2.951 -3.657 -21.1 -2.895 1.575 -21.934 -2.936 -6.645 -26.523 -2.789
5 24 -0.111 -27.139 -2.951 -7.374 -30.53 -2.75 -6.645 -26.523 -2.789 1.311 -33.277 -2.941
5 24 1.311 -33.277 -2.941 -7.374 -30.53 -2.75 -0.111 -27.139 -2.951 -6.25 -33.534 -2.807
5 24 1.311 -33.277 -2.941 -6.25 -33.534 -2.807 -7.374 -30.53 -2.75 3.598 -39.639 -2.904

0 FILE parts/s/85959s02.dat
0 ~Minifig Flame  7 L with Bar  0.8 Middle
0 Name: s\85959s02.dat
0 Author: Philippe Hurbain [Philo]
0 !LDRAW_ORG Subpart UPDATE 2014-02
0 !LICENSE Licensed under CC BY 4.0 : see CAreadme.txt

0 BFC CERTIFY CCW

0 !HISTORY 2014-08-20 {LEGO Digital Designer} Original part shape
0 !HISTORY 2014-08-20 [Philo] File preparation for LDraw Parts Tracker
0 !HISTORY 2014-12-23 [PTadmin] Official Update 2014-02


2 24 3.598 -39.639 -1.5 1.311 -33.277 -1.5
2 24 1.311 -33.277 -1.5 5.338 -39.009 -1.5
2 24 4.129 -48.632 -1.5 3.598 -39.639 -1.5
2 24 -10.938 -51.722 2.512 -7.967 -44.789 2.716
2 24 -7.967 -44.789 -2.71 -10.938 -51.722 -2.51
2 24 4.129 -48.632 -2.888 1.711 -54.804 -2.923
2 24 3.598 -39.639 -2.904 4.129 -48.632 -2.888
2 24 4.129 -48.632 2.931 3.598 -39.639 2.902
2 24 18.377 -29.229 -2.505 18.499 -32.56 -2.485
2 24 14.65 -33.26 -3.055 13.307 -30.316 -3.23
2 24 17.064 -23.524 -2.711 18.377 -29.229 -2.505
2 24 13.307 -30.316 -3.23 10.386 -25.975 -3.536
2 24 18.388 -59.28 -2.501 16.549 -66.911 -2.788
2 24 11.898 -66.232 -3.389 12.78 -58.945 -3.287
2 24 18.442 -51.589 -2.507 18.388 -59.28 -2.501
2 24 12.78 -58.945 -3.287 12.233 -52.87 -3.352
2 24 -11.502 -38.522 -3.432 -12.124 -43.551 -3.358
2 24 -17.674 -43.336 -2.616 -17.536 -38.634 -2.639
2 24 -12.124 -43.551 -3.358 -15.111 -50.238 -2.992
2 24 -18.999 -49.154 -2.402 -17.674 -43.336 -2.616
2 24 5.338 -39.009 -1.5 10.281 -46.948 -1.5
2 24 10.281 -46.948 -1.5 12.233 -52.87 -1.5
2 24 11.81 -56.245 -1.5 10.33 -54.804 -1.5
2 24 12.78 -58.945 -1.5 11.81 -56.245 -1.5
2 24 12.233 -52.87 -1.5 12.78 -58.945 -1.5
2 24 -6.896 -78.794 -1.5 -7.481 -82.347 -1.5
2 24 -7.481 -82.347 -1.5 -7.67 -78.794 -1.5
2 24 -7.67 -78.794 -1.5 -7.35 -74.21 -1.5
2 24 -4.963 -75.371 -1.5 -6.896 -78.794 -1.5
2 24 7.271 -68.805 -1.5 7.26 -74.182 -1.5
2 24 -7.35 -74.21 -1.5 -5.961 -68.23 -1.5
2 24 -5.961 -68.23 -1.5 -3.174 -63.529 -1.5
2 24 7.637 -63.529 -1.5 7.271 -68.805 -1.5
2 24 -3.174 -63.529 -1.5 1.711 -54.804 -1.5
2 24 10.33 -54.804 -1.5 7.637 -63.529 -1.5
2 24 10.087 -86.11 -1.5 10.996 -93.859 -1.5
2 24 -0.606 -93.452 -1.5 -0.982 -87.541 -1.5
2 24 7.994 -79.45 -1.5 10.087 -86.11 -1.5
2 24 -0.982 -87.541 -1.5 -2.316 -81.205 -1.5
2 24 -2.316 -81.205 -1.5 -4.963 -75.371 -1.5
2 24 7.26 -74.182 -1.5 7.994 -79.45 -1.5
2 24 1.711 -54.804 -1.5 4.129 -48.632 -1.5
2 24 -7.67 -78.794 -2.735 -7.481 -82.347 -2.738
2 24 -15.646 -80.57 -2.022 -16.847 -73.9 -1.925
2 24 -7.35 -74.21 -2.752 -7.67 -78.794 -2.735
2 24 -16.847 -73.9 -1.925 -16.378 -66.124 -1.979
2 24 -5.961 -68.23 -2.821 -7.35 -74.21 -2.752
2 24 -3.174 -63.529 -2.915 -5.961 -68.23 -2.821
2 24 -16.378 -66.124 -1.979 -14.384 -59.216 -2.202
2 24 1.711 -54.804 -2.923 -3.174 -63.529 -2.915
2 24 -14.384 -59.216 -2.202 -10.938 -51.722 -2.51
2 24 18.499 -32.56 2.485 18.378 -29.239 2.504
2 24 13.307 -30.316 3.226 14.65 -33.26 3.055
2 24 18.378 -29.239 2.504 17.064 -23.524 2.709
2 24 10.386 -25.975 3.539 13.307 -30.316 3.226
2 24 16.549 -66.911 2.768 18.388 -59.28 2.503
2 24 12.78 -58.945 3.289 11.898 -66.232 3.383
2 24 18.388 -59.28 2.503 18.442 -51.589 2.494
2 24 12.233 -52.87 3.288 12.78 -58.945 3.289
2 24 -12.123 -43.551 3.365 -11.502 -38.522 3.432
2 24 -17.536 -38.634 2.639 -17.674 -43.336 2.617
2 24 -15.111 -50.238 3.002 -12.123 -43.551 3.365
2 24 -17.674 -43.336 2.617 -19 -49.148 2.402
2 24 11.81 -56.245 1.5 12.78 -58.945 1.5
2 24 12.78 -58.945 1.5 12.233 -52.87 1.5
2 24 10.33 -54.804 1.5 11.81 -56.245 1.5
2 24 12.233 -52.87 1.5 10.281 -46.948 1.5
2 24 4.129 -48.632 1.5 1.711 -54.804 1.5
2 24 10.281 -46.948 1.5 5.338 -39.009 1.5
2 24 3.598 -39.639 1.5 4.129 -48.632 1.5
2 24 5.338 -39.009 1.5 1.311 -33.277 1.5
2 24 1.311 -33.277 1.5 3.598 -39.639 1.5
2 24 1.711 -54.804 1.5 -3.174 -63.529 1.5
2 24 7.637 -63.529 1.5 10.33 -54.804 1.5
2 24 -3.174 -63.529 1.5 -5.961 -68.23 1.5
2 24 7.271 -68.805 1.5 7.637 -63.529 1.5
2 24 -7.67 -78.794 1.5 -7.481 -82.347 1.5
2 24 -7.481 -82.347 1.5 -6.896 -78.794 1.5
2 24 -7.35 -74.21 1.5 -7.67 -78.794 1.5
2 24 -6.896 -78.794 1.5 -4.963 -75.371 1.5
2 24 -4.963 -75.371 1.5 -2.316 -81.205 1.5
2 24 7.994 -79.45 1.5 7.26 -74.182 1.5
2 24 10.087 -86.11 1.5 7.994 -79.45 1.5
2 24 -2.316 -81.205 1.5 -0.982 -87.541 1.5
2 24 10.996 -93.859 1.5 10.087 -86.11 1.5
2 24 -0.982 -87.541 1.5 -0.606 -93.452 1.5
2 24 7.26 -74.182 1.5 7.271 -68.805 1.5
2 24 -5.961 -68.23 1.5 -7.35 -74.21 1.5
2 24 1.711 -54.804 2.931 4.129 -48.632 2.931
2 24 -3.174 -63.529 2.936 1.711 -54.804 2.931
2 24 -10.938 -51.722 2.512 -14.384 -59.216 2.197
2 24 -5.961 -68.23 2.823 -3.174 -63.529 2.936
2 24 -14.384 -59.216 2.197 -16.378 -66.124 1.989
2 24 -7.35 -74.21 2.749 -5.961 -68.23 2.823
2 24 -16.378 -66.124 1.989 -16.847 -73.9 1.921
2 24 -16.847 -73.9 1.921 -15.646 -80.57 2.003
2 24 -7.67 -78.794 2.734 -7.35 -74.21 2.749
2 24 -7.481 -82.347 2.743 -7.67 -78.794 2.734
2 24 12.78 -58.945 -1.5 12.78 -58.945 1.5
2 24 -7.481 -82.347 1.5 -7.481 -82.347 -1.5
2 24 -4.963 -75.371 -1.5 -4.963 -75.371 1.5
2 24 10.33 -54.804 1.5 10.33 -54.804 -1.5
4 16 17.064 -23.524 -2.711 17.064 -23.524 2.709 18.378 -29.239 2.504 18.377 -29.229 -2.505
3 16 18.378 -29.239 2.504 17.064 -23.524 2.709 13.307 -30.316 3.226
4 16 18.378 -29.239 2.504 13.307 -30.316 3.226 14.65 -33.26 3.055 18.499 -32.56 2.485
4 16 14.65 -33.26 -3.055 14.65 -33.26 3.055 13.307 -30.316 3.226 13.307 -30.316 -3.23
4 16 18.499 -32.56 2.485 18.499 -32.56 -2.485 18.377 -29.229 -2.505 18.378 -29.239 2.504
4 16 13.307 -30.316 -3.23 18.377 -29.229 -2.505 18.499 -32.56 -2.485 14.65 -33.26 -3.055
3 16 18.377 -29.229 -2.505 13.307 -30.316 -3.23 10.386 -25.975 -3.536
4 16 10.386 -25.975 3.539 10.386 -25.975 -3.536 13.307 -30.316 -3.23 13.307 -30.316 3.226
3 16 13.307 -30.316 3.226 17.064 -23.524 2.709 10.386 -25.975 3.539
3 16 17.064 -23.524 -2.711 18.377 -29.229 -2.505 10.386 -25.975 -3.536
4 16 18.442 -51.589 -2.507 18.442 -51.589 2.494 18.388 -59.28 2.503 18.388 -59.28 -2.501
4 16 18.388 -59.28 2.503 18.442 -51.589 2.494 12.78 -58.945 3.289 11.898 -66.232 3.383
4 16 11.898 -66.232 -3.389 11.898 -66.232 3.383 12.78 -58.945 3.289 12.78 -58.945 -3.287
4 16 16.549 -66.911 2.768 16.549 -66.911 -2.788 18.388 -59.28 -2.501 18.388 -59.28 2.503
4 16 18.388 -59.28 -2.501 16.549 -66.911 -2.788 12.78 -58.945 -3.287 12.233 -52.87 -3.352
3 16 18.442 -51.589 -2.507 18.388 -59.28 -2.501 12.233 -52.87 -3.352
4 16 12.233 -52.87 3.288 12.233 -52.87 -3.352 12.78 -58.945 -3.287 12.78 -58.945 3.289
3 16 16.549 -66.911 -2.788 11.898 -66.232 -3.389 12.78 -58.945 -3.287
3 16 16.549 -66.911 2.768 18.388 -59.28 2.503 11.898 -66.232 3.383
3 16 12.78 -58.945 3.289 18.442 -51.589 2.494 12.233 -52.87 3.288
4 16 -11.502 -38.522 3.432 -17.536 -38.634 2.639 -17.674 -43.336 2.617 -12.123 -43.551 3.365
3 16 -12.123 -43.551 3.365 -17.674 -43.336 2.617 -19 -49.148 2.402
3 16 -15.111 -50.238 3.002 -12.123 -43.551 3.365 -19 -49.148 2.402
3 16 -17.674 -43.336 -2.616 -15.111 -50.238 -2.992 -18.999 -49.154 -2.402
4 16 -17.674 -43.336 2.617 -17.674 -43.336 -2.616 -18.999 -49.154 -2.402 -19 -49.148 2.402
3 16 -12.124 -43.551 -3.358 -15.111 -50.238 -2.992 -17.674 -43.336 -2.616
4 16 -12.124 -43.551 -3.358 -17.674 -43.336 -2.616 -17.536 -38.634 -2.639 -11.502 -38.522 -3.432
4 16 -17.536 -38.634 2.639 -17.536 -38.634 -2.639 -17.674 -43.336 -2.616 -17.674 -43.336 2.617
4 16 -12.123 -43.551 3.365 -12.124 -43.551 -3.358 -11.502 -38.522 -3.432 -11.502 -38.522 3.432
4 16 -15.111 -50.238 3.002 -15.111 -50.238 -2.992 -12.124 -43.551 -3.358 -12.123 -43.551 3.365
3 16 3.598 -39.639 -2.904 4.129 -48.632 -2.888 -7.967 -44.789 -2.71
3 16 -7.967 -44.789 2.716 -10.938 -51.722 2.512 4.129 -48.632 2.931
4 16 -7.967 -44.789 2.716 -7.967 -44.789 -2.71 -10.938 -51.722 -2.51 -10.938 -51.722 2.512
4 16 -14.384 -59.216 -2.202 -14.384 -59.216 2.197 -10.938 -51.722 2.512 -10.938 -51.722 -2.51
3 16 -3.174 -63.529 -2.915 -5.961 -68.23 -2.821 -14.384 -59.216 -2.202
4 16 -3.174 -63.529 2.936 -3.174 -63.529 -2.915 1.711 -54.804 -2.923 1.711 -54.804 2.931
4 16 3.598 -39.639 -2.904 3.598 -39.639 2.902 4.129 -48.632 2.931 4.129 -48.632 -2.888
3 16 4.129 -48.632 2.931 3.598 -39.639 2.902 -7.967 -44.789 2.716
4 16 4.129 -48.632 -2.888 4.129 -48.632 2.931 1.711 -54.804 2.931 1.711 -54.804 -2.923
3 16 -10.938 -51.722 2.512 1.711 -54.804 2.931 4.129 -48.632 2.931
3 16 -14.384 -59.216 2.197 1.711 -54.804 2.931 -10.938 -51.722 2.512
3 16 -5.961 -68.23 2.823 -3.174 -63.529 2.936 -16.378 -66.124 1.989
4 16 -14.384 -59.216 2.197 -14.384 -59.216 -2.202 -16.378 -66.124 -1.979 -16.378 -66.124 1.989
4 16 -16.847 -73.9 -1.925 -16.378 -66.124 -1.979 -7.35 -74.21 -2.752 -7.67 -78.794 -2.735
4 16 -5.961 -68.23 2.823 -16.378 -66.124 1.989 -16.847 -73.9 1.921 -7.35 -74.21 2.749
4 16 -15.646 -80.57 -2.022 -16.847 -73.9 -1.925 -7.67 -78.794 -2.735 -7.481 -82.347 -2.738
4 16 -15.646 -80.57 2.003 -7.67 -78.794 2.734 -7.35 -74.21 2.749 -16.847 -73.9 1.921
3 16 -7.67 -78.794 2.734 -15.646 -80.57 2.003 -7.481 -82.347 2.743
4 16 -7.481 -82.347 2.743 -7.481 -82.347 -2.738 -7.67 -78.794 -2.735 -7.67 -78.794 2.734
4 16 -7.67 -78.794 2.734 -7.67 -78.794 -2.735 -7.35 -74.21 -2.752 -7.35 -74.21 2.749
3 16 -5.961 -68.23 -2.821 -16.378 -66.124 -1.979 -14.384 -59.216 -2.202
3 16 -16.378 -66.124 -1.979 -5.961 -68.23 -2.821 -7.35 -74.21 -2.752
4 16 -7.35 -74.21 2.749 -7.35 -74.21 -2.752 -5.961 -68.23 -2.821 -5.961 -68.23 2.823
4 16 -3.174 -63.529 -2.915 -3.174 -63.529 2.936 -5.961 -68.23 2.823 -5.961 -68.23 -2.821
4 16 -15.646 -80.57 -2.022 -15.646 -80.57 2.003 -16.847 -73.9 1.921 -16.847 -73.9 -1.925
4 16 -16.847 -73.9 -1.925 -16.847 -73.9 1.921 -16.378 -66.124 1.989 -16.378 -66.124 -1.979
3 16 -16.378 -66.124 1.989 -3.174 -63.529 2.936 -14.384 -59.216 2.197
3 16 -3.174 -63.529 2.936 1.711 -54.804 2.931 -14.384 -59.216 2.197
3 16 1.711 -54.804 -2.923 -7.967 -44.789 -2.71 4.129 -48.632 -2.888
3 16 -10.938 -51.722 -2.51 -7.967 -44.789 -2.71 1.711 -54.804 -2.923
3 16 1.711 -54.804 -2.923 -3.174 -63.529 -2.915 -10.938 -51.722 -2.51
3 16 -3.174 -63.529 -2.915 -14.384 -59.216 -2.202 -10.938 -51.722 -2.51
4 16 1.711 -54.804 -1.5 4.129 -48.632 -1.5 10.33 -54.804 -1.5 7.637 -63.529 -1.5
3 16 12.78 -58.945 -1.5 11.81 -56.245 -1.5 12.233 -52.87 -1.5
4 16 10.33 -54.804 -1.5 10.33 -54.804 1.5 7.637 -63.529 1.5 7.637 -63.529 -1.5
3 16 3.598 -39.639 1.5 5.338 -39.009 1.5 1.311 -33.277 1.5
4 16 5.338 -39.009 1.5 3.598 -39.639 1.5 4.129 -48.632 1.5 10.281 -46.948 1.5
4 16 12.233 -52.87 1.5 10.281 -46.948 1.5 4.129 -48.632 1.5 10.33 -54.804 1.5
4 16 7.271 -68.805 1.5 -5.961 -68.23 1.5 -4.963 -75.371 1.5 7.26 -74.182 1.5
4 16 -3.174 -63.529 -1.5 1.711 -54.804 -1.5 7.637 -63.529 -1.5 7.271 -68.805 -1.5
4 16 7.26 -74.182 -1.5 7.26 -74.182 1.5 7.994 -79.45 1.5 7.994 -79.45 -1.5
4 16 -4.963 -75.371 -1.5 7.26 -74.182 -1.5 7.994 -79.45 -1.5 -2.316 -81.205 -1.5
4 16 -6.896 -78.794 1.5 -6.896 -78.794 -1.5 -4.963 -75.371 -1.5 -4.963 -75.371 1.5
4 16 -2.316 -81.205 1.5 -2.316 -81.205 -1.5 -0.982 -87.541 -1.5 -0.982 -87.541 1.5
4 16 7.994 -79.45 -1.5 7.994 -79.45 1.5 10.087 -86.11 1.5 10.087 -86.11 -1.5
4 16 -0.606 -93.452 -1.5 -0.606 -93.452 1.5 -0.982 -87.541 1.5 -0.982 -87.541 -1.5
4 16 10.087 -86.11 -1.5 10.087 -86.11 1.5 10.996 -93.859 1.5 10.996 -93.859 -1.5
4 16 -2.316 -81.205 -1.5 7.994 -79.45 -1.5 10.087 -86.11 -1.5 -0.982 -87.541 -1.5
4 16 -0.982 -87.541 -1.5 10.087 -86.11 -1.5 10.996 -93.859 -1.5 -0.606 -93.452 -1.5
4 16 -0.606 -93.452 1.5 10.996 -93.859 1.5 10.087 -86.11 1.5 -0.982 -87.541 1.5
4 16 -0.982 -87.541 1.5 10.087 -86.11 1.5 7.994 -79.45 1.5 -2.316 -81.205 1.5
4 16 -2.316 -81.205 1.5 7.994 -79.45 1.5 7.26 -74.182 1.5 -4.963 -75.371 1.5
4 16 -2.316 -81.205 -1.5 -2.316 -81.205 1.5 -4.963 -75.371 1.5 -4.963 -75.371 -1.5
4 16 -4.963 -75.371 1.5 -5.961 -68.23 1.5 -7.35 -74.21 1.5 -6.896 -78.794 1.5
4 16 -6.896 -78.794 1.5 -7.35 -74.21 1.5 -7.67 -78.794 1.5 -7.481 -82.347 1.5
4 16 -6.896 -78.794 -1.5 -6.896 -78.794 1.5 -7.481 -82.347 1.5 -7.481 -82.347 -1.5
4 16 -6.896 -78.794 -1.5 -7.481 -82.347 -1.5 -7.67 -78.794 -1.5 -7.35 -74.21 -1.5
4 16 -4.963 -75.371 -1.5 -6.896 -78.794 -1.5 -7.35 -74.21 -1.5 -5.961 -68.23 -1.5
4 16 7.26 -74.182 -1.5 -4.963 -75.371 -1.5 -5.961 -68.23 -1.5 7.271 -68.805 -1.5
3 16 -5.961 -68.23 -1.5 -3.174 -63.529 -1.5 7.271 -68.805 -1.5
4 16 7.26 -74.182 1.5 7.26 -74.182 -1.5 7.271 -68.805 -1.5 7.271 -68.805 1.5
4 16 7.271 -68.805 1.5 7.271 -68.805 -1.5 7.637 -63.529 -1.5 7.637 -63.529 1.5
4 16 -5.961 -68.23 1.5 7.271 -68.805 1.5 7.637 -63.529 1.5 -3.174 -63.529 1.5
4 16 -3.174 -63.529 1.5 7.637 -63.529 1.5 10.33 -54.804 1.5 1.711 -54.804 1.5
3 16 4.129 -48.632 1.5 1.711 -54.804 1.5 10.33 -54.804 1.5
3 16 12.233 -52.87 1.5 10.33 -54.804 1.5 11.81 -56.245 1.5
3 16 11.81 -56.245 1.5 12.78 -58.945 1.5 12.233 -52.87 1.5
4 16 12.78 -58.945 -1.5 12.78 -58.945 1.5 11.81 -56.245 1.5 11.81 -56.245 -1.5
4 16 11.81 -56.245 -1.5 11.81 -56.245 1.5 10.33 -54.804 1.5 10.33 -54.804 -1.5
4 16 12.233 -52.87 -1.5 11.81 -56.245 -1.5 10.33 -54.804 -1.5 4.129 -48.632 -1.5
4 16 10.281 -46.948 -1.5 12.233 -52.87 -1.5 4.129 -48.632 -1.5 5.338 -39.009 -1.5
3 16 3.598 -39.639 -1.5 5.338 -39.009 -1.5 4.129 -48.632 -1.5
3 16 3.598 -39.639 -1.5 1.311 -33.277 -1.5 5.338 -39.009 -1.5
5 24 17.064 -23.524 2.709 13.307 -30.316 3.226 18.378 -29.239 2.504 10.386 -25.975 3.539
5 24 13.307 -30.316 3.226 18.378 -29.239 2.504 17.064 -23.524 2.709 14.65 -33.26 3.055
5 24 18.377 -29.229 -2.505 18.378 -29.239 2.504 18.499 -32.56 2.485 17.064 -23.524 -2.711
5 24 13.307 -30.316 -3.23 18.377 -29.229 -2.505 18.499 -32.56 -2.485 10.386 -25.975 -3.536
5 24 10.386 -25.975 -3.536 18.377 -29.229 -2.505 13.307 -30.316 -3.23 17.064 -23.524 -2.711
5 24 13.307 -30.316 -3.23 13.307 -30.316 3.226 10.386 -25.975 3.539 14.65 -33.26 -3.055
5 24 18.442 -51.589 2.494 12.78 -58.945 3.289 18.388 -59.28 2.503 12.233 -52.87 3.288
5 24 11.898 -66.232 3.383 18.388 -59.28 2.503 12.78 -58.945 3.289 16.549 -66.911 2.768
5 24 18.388 -59.28 -2.501 18.388 -59.28 2.503 16.549 -66.911 2.768 18.442 -51.589 -2.507
5 24 16.549 -66.911 -2.788 12.78 -58.945 -3.287 18.388 -59.28 -2.501 11.898 -66.232 -3.389
5 24 12.233 -52.87 -3.352 18.388 -59.28 -2.501 12.78 -58.945 -3.287 18.442 -51.589 -2.507
5 24 12.78 -58.945 -3.287 12.78 -58.945 3.289 12.233 -52.87 3.288 11.898 -66.232 -3.389
5 24 -17.674 -43.336 2.617 -12.123 -43.551 3.365 -11.502 -38.522 3.432 -19 -49.148 2.402
5 24 -19 -49.148 2.402 -12.123 -43.551 3.365 -17.674 -43.336 2.617 -15.111 -50.238 3.002
5 24 -17.674 -43.336 -2.616 -15.111 -50.238 -2.992 -18.999 -49.154 -2.402 -12.124 -43.551 -3.358
5 24 -17.674 -43.336 2.617 -17.674 -43.336 -2.616 -18.999 -49.154 -2.402 -17.536 -38.634 2.639
5 24 -17.674 -43.336 -2.616 -12.124 -43.551 -3.358 -15.111 -50.238 -2.992 -17.536 -38.634 -2.639
5 24 -12.123 -43.551 3.365 -12.124 -43.551 -3.358 -11.502 -38.522 -3.432 -15.111 -50.238 3.002
5 24 4.129 -48.632 -2.888 -7.967 -44.789 -2.71 3.598 -39.639 -2.904 1.711 -54.804 -2.923
5 24 -10.938 -51.722 2.512 4.129 -48.632 2.931 -7.967 -44.789 2.716 1.711 -54.804 2.931
5 24 4.129 -48.632 2.931 -7.967 -44.789 2.716 -10.938 -51.722 2.512 3.598 -39.639 2.902
5 24 -14.384 -59.216 -2.202 -14.384 -59.216 2.197 -10.938 -51.722 2.512 -16.378 -66.124 -1.979
5 24 -5.961 -68.23 -2.821 -14.384 -59.216 -2.202 -3.174 -63.529 -2.915 -16.378 -66.124 -1.979
5 24 -14.384 -59.216 -2.202 -3.174 -63.529 -2.915 -5.961 -68.23 -2.821 -10.938 -51.722 -2.51
5 24 -3.174 -63.529 2.936 -3.174 -63.529 -2.915 1.711 -54.804 -2.923 -5.961 -68.23 2.823
5 24 4.129 -48.632 2.931 4.129 -48.632 -2.888 3.598 -39.639 -2.904 1.711 -54.804 2.931
5 24 -10.938 -51.722 2.512 1.711 -54.804 2.931 4.129 -48.632 2.931 -14.384 -59.216 2.197
5 24 -14.384 -59.216 2.197 1.711 -54.804 2.931 -10.938 -51.722 2.512 -3.174 -63.529 2.936
5 24 -3.174 -63.529 2.936 -16.378 -66.124 1.989 -5.961 -68.23 2.823 -14.384 -59.216 2.197
5 24 -16.378 -66.124 1.989 -5.961 -68.23 2.823 -3.174 -63.529 2.936 -16.847 -73.9 1.921
5 24 -16.378 -66.124 -1.979 -7.35 -74.21 -2.752 -16.847 -73.9 -1.925 -5.961 -68.23 -2.821
5 24 -16.847 -73.9 -1.925 -7.67 -78.794 -2.735 -15.646 -80.57 -2.022 -7.35 -74.21 -2.752
5 24 -15.646 -80.57 2.003 -7.67 -78.794 2.734 -7.35 -74.21 2.749 -7.481 -82.347 2.743
5 24 -7.67 -78.794 -2.735 -7.67 -78.794 2.734 -7.481 -82.347 2.743 -7.35 -74.21 -2.752
5 24 -7.35 -74.21 -2.752 -7.35 -74.21 2.749 -7.67 -78.794 2.734 -5.961 -68.23 -2.821
5 24 -5.961 -68.23 -2.821 -16.378 -66.124 -1.979 -14.384 -59.216 -2.202 -7.35 -74.21 -2.752
5 24 -5.961 -68.23 2.823 -5.961 -68.23 -2.821 -3.174 -63.529 -2.915 -7.35 -74.21 2.749
5 24 -16.847 -73.9 1.921 -7.35 -74.21 2.749 -5.961 -68.23 2.823 -15.646 -80.57 2.003
5 24 -16.847 -73.9 1.921 -16.847 -73.9 -1.925 -15.646 -80.57 -2.022 -16.378 -66.124 1.989
5 24 -16.378 -66.124 1.989 -16.378 -66.124 -1.979 -16.847 -73.9 -1.925 -14.384 -59.216 2.197
5 24 -3.174 -63.529 2.936 -14.384 -59.216 2.197 -16.378 -66.124 1.989 1.711 -54.804 2.931
5 24 1.711 -54.804 -2.923 1.711 -54.804 2.931 -3.174 -63.529 2.936 4.129 -48.632 -2.888
5 24 1.711 -54.804 -2.923 -7.967 -44.789 -2.71 4.129 -48.632 -2.888 -10.938 -51.722 -2.51
5 24 1.711 -54.804 -2.923 -10.938 -51.722 -2.51 -7.967 -44.789 -2.71 -3.174 -63.529 -2.915
5 24 -3.174 -63.529 -2.915 -10.938 -51.722 -2.51 1.711 -54.804 -2.923 -14.384 -59.216 -2.202
5 24 -10.938 -51.722 2.512 -10.938 -51.722 -2.51 -14.384 -59.216 -2.202 -7.967 -44.789 2.716
5 24 7.637 -63.529 1.5 7.637 -63.529 -1.5 10.33 -54.804 -1.5 7.271 -68.805 1.5
5 24 7.26 -74.182 -1.5 7.26 -74.182 1.5 7.994 -79.45 1.5 7.271 -68.805 -1.5
5 24 -6.896 -78.794 1.5 -6.896 -78.794 -1.5 -4.963 -75.371 -1.5 -7.481 -82.347 1.5
5 24 -2.316 -81.205 1.5 -2.316 -81.205 -1.5 -0.982 -87.541 -1.5 -4.963 -75.371 1.5
5 24 -0.982 -87.541 -1.5 -0.982 -87.541 1.5 -2.316 -81.205 1.5 -0.606 -93.452 -1.5
5 24 7.994 -79.45 1.5 7.994 -79.45 -1.5 7.26 -74.182 -1.5 10.087 -86.11 1.5
5 24 10.087 -86.11 -1.5 10.087 -86.11 1.5 10.996 -93.859 1.5 7.994 -79.45 -1.5
5 24 7.271 -68.805 -1.5 7.271 -68.805 1.5 7.26 -74.182 1.5 7.637 -63.529 -1.5
5 24 11.81 -56.245 1.5 11.81 -56.245 -1.5 12.78 -58.945 -1.5 10.33 -54.804 1.5
5 24 17.064 -23.524 -2.711 10.386 -25.975 -3.536 7.732 -24.244 -3.773 18.377 -29.229 -2.505
5 24 17.064 -23.524 2.709 17.064 -23.524 -2.711 14.633 -17.716 -3.061 18.378 -29.239 2.504
5 24 10.386 -25.975 3.539 17.064 -23.524 2.709 7.732 -24.244 3.77 13.307 -30.316 3.226
5 24 10.386 -25.975 -3.536 10.386 -25.975 3.539 7.732 -24.244 3.77 13.307 -30.316 -3.23
5 24 12.233 -52.87 3.288 18.442 -51.589 2.494 16.145 -43.903 2.84 12.78 -58.945 3.289
5 24 18.442 -51.589 2.494 18.442 -51.589 -2.507 16.145 -43.903 -2.846 18.388 -59.28 2.503
5 24 18.442 -51.589 -2.507 12.233 -52.87 -3.352 10.281 -46.948 -3.352 18.388 -59.28 -2.501
5 24 12.233 -52.87 -3.352 12.233 -52.87 3.288 10.281 -46.948 3.629 12.78 -58.945 -3.287
5 24 -17.536 -38.634 2.639 -11.502 -38.522 3.432 -10.957 -33.987 3.432 -17.674 -43.336 2.617
5 24 -11.502 -38.522 3.432 -11.502 -38.522 -3.432 -10.957 -33.987 -3.47 -12.123 -43.551 3.365
5 24 -17.536 -38.634 -2.639 -17.536 -38.634 2.639 -18.045 -32.906 2.558 -17.674 -43.336 -2.616
5 24 3.598 -39.639 -2.904 -7.967 -44.789 -2.71 -6.203 -37.423 -2.808 4.129 -48.632 -2.888
5 24 3.598 -39.639 2.902 3.598 -39.639 -2.904 1.311 -33.277 -2.941 4.129 -48.632 2.931
5 24 -7.967 -44.789 -2.71 -7.967 -44.789 2.716 -6.203 -37.423 2.81 -10.938 -51.722 -2.51
5 24 -7.967 -44.789 2.716 3.598 -39.639 2.902 -6.203 -37.423 2.81 4.129 -48.632 2.931
5 24 14.65 -33.26 -3.055 14.65 -33.26 3.055 13.307 -30.316 3.226 15.386 -34.161 -2.955
5 24 18.499 -32.56 2.485 18.499 -32.56 -2.485 18.377 -29.229 -2.505 17.899 -33.93 2.581
5 24 14.65 -33.26 3.055 18.499 -32.56 2.485 18.378 -29.239 2.504 15.382 -34.159 2.956
5 24 11.898 -66.232 -3.389 11.898 -66.232 3.383 12.78 -58.945 3.289 11.963 -70.997 -3.382
5 24 16.549 -66.911 2.768 16.549 -66.911 -2.788 18.388 -59.28 -2.501 16.03 -71.652 2.864
5 24 16.549 -66.911 -2.788 11.898 -66.232 -3.389 12.78 -58.945 -3.287 16.031 -71.648 -2.864
5 24 -19 -49.148 2.402 -15.111 -50.238 3.002 -12.123 -43.551 3.365 -18.383 -50.93 2.504
5 24 -15.111 -50.238 -2.992 -18.999 -49.154 -2.402 -17.674 -43.336 -2.616 -18.385 -50.928 -2.503
5 24 -15.111 -50.238 3.002 -15.111 -50.238 -2.992 -12.124 -43.551 -3.358 -16.307 -51.2 2.824
5 24 -18.999 -49.154 -2.402 -19 -49.148 2.402 -17.674 -43.336 2.617 -18.385 -50.928 -2.503
5 24 -15.646 -80.57 2.003 -7.481 -82.347 2.743 -7.67 -78.794 2.734 -12.865 -89.489 2.354
5 24 -7.481 -82.347 2.743 -7.481 -82.347 -2.738 -7.67 -78.794 -2.735 -6.41 -88.407 2.796
5 24 -15.646 -80.57 -2.022 -15.646 -80.57 2.003 -16.847 -73.9 1.921 -12.865 -89.489 -2.343
5 24 -0.606 -93.452 -1.5 -0.606 -93.452 1.5 -0.982 -87.541 1.5 -1.429 -99.683 -1.5
5 24 10.996 -93.859 1.5 10.996 -93.859 -1.5 10.087 -86.11 -1.5 9.002 -100.727 1.5

0 FILE parts/s/85959s03.dat
0 ~Minifig Flame  7 L with Bar  0.8 Tip
0 Name: s\85959s03.dat
0 Author: Philippe Hurbain [Philo]
0 !LDRAW_ORG Subpart UPDATE 2014-02
0 !LICENSE Licensed under CC BY 4.0 : see CAreadme.txt

0 BFC CERTIFY CCW

0 !HISTORY 2014-08-20 {LEGO Digital Designer} Original part shape
0 !HISTORY 2014-08-20 [Philo] File preparation for LDraw Parts Tracker
0 !HISTORY 2014-12-23 [PTadmin] Official Update 2014-02


4 16 18.499 -32.56 2.485 14.65 -33.26 3.055 15.382 -34.159 2.956 17.899 -33.93 2.581
4 16 14.65 -33.26 3.055 14.65 -33.26 -3.055 15.386 -34.161 -2.955 15.382 -34.159 2.956
4 16 17.895 -33.933 -2.582 15.386 -34.161 -2.955 14.65 -33.26 -3.055 18.499 -32.56 -2.485
4 16 17.899 -33.93 2.581 17.895 -33.933 -2.582 18.499 -32.56 -2.485 18.499 -32.56 2.485
4 16 17.895 -33.933 -2.582 17.899 -33.93 2.581 16.5 -34.5 2.796 16.5 -34.5 -2.796
4 16 16.5 -34.5 -2.796 16.5 -34.5 2.796 15.382 -34.159 2.956 15.386 -34.161 -2.955
3 16 16.5 -34.5 2.796 17.899 -33.93 2.581 15.382 -34.159 2.956
3 16 17.895 -33.933 -2.582 16.5 -34.5 -2.796 15.386 -34.161 -2.955
4 16 11.898 -66.232 3.383 11.898 -66.232 -3.389 11.963 -70.997 -3.382 11.963 -70.997 3.382
4 16 11.963 -70.997 3.382 11.963 -70.997 -3.382 12.918 -73.72 -3.273 12.918 -73.72 3.273
3 16 11.963 -70.997 -3.382 15.382 -73.72 -3.005 12.918 -73.72 -3.273
3 16 12.918 -73.72 -3.273 15.382 -73.72 -3.005 14.125 -74.125 -3.124
4 16 12.918 -73.72 3.273 12.918 -73.72 -3.273 14.125 -74.125 -3.124 14.125 -74.125 3.124
3 16 14.125 -74.125 3.124 15.382 -73.72 2.993 12.918 -73.72 3.273
3 16 12.918 -73.72 3.273 15.382 -73.72 2.993 16.03 -71.652 2.864
4 16 11.963 -70.997 3.382 12.918 -73.72 3.273 16.03 -71.652 2.864 16.549 -66.911 2.768
4 16 16.549 -66.911 -2.788 16.549 -66.911 2.768 16.03 -71.652 2.864 16.031 -71.648 -2.864
4 16 11.898 -66.232 -3.389 16.549 -66.911 -2.788 16.031 -71.648 -2.864 11.963 -70.997 -3.382
4 16 16.031 -71.648 -2.864 16.03 -71.652 2.864 15.382 -73.72 2.993 15.382 -73.72 -3.005
4 16 15.382 -73.72 -3.005 15.382 -73.72 2.993 14.125 -74.125 3.124 14.125 -74.125 -3.124
3 16 11.963 -70.997 -3.382 16.031 -71.648 -2.864 15.382 -73.72 -3.005
3 16 11.963 -70.997 3.382 16.549 -66.911 2.768 11.898 -66.232 3.383
4 16 -15.111 -50.238 3.002 -19 -49.148 2.402 -18.383 -50.93 2.504 -16.307 -51.2 2.824
4 16 -15.111 -50.238 -2.992 -15.111 -50.238 3.002 -16.307 -51.2 2.824 -16.311 -51.202 -2.823
4 16 -16.311 -51.202 -2.823 -16.307 -51.2 2.824 -17.125 -51.375 2.702 -17.125 -51.375 -2.702
4 16 -17.125 -51.375 -2.702 -17.125 -51.375 2.702 -18.383 -50.93 2.504 -18.385 -50.928 -2.503
4 16 -16.311 -51.202 -2.823 -17.125 -51.375 -2.702 -18.385 -50.928 -2.503 -15.111 -50.238 -2.992
3 16 -18.999 -49.154 -2.402 -15.111 -50.238 -2.992 -18.385 -50.928 -2.503
4 16 -19 -49.148 2.402 -18.999 -49.154 -2.402 -18.385 -50.928 -2.503 -18.383 -50.93 2.504
3 16 -18.383 -50.93 2.504 -17.125 -51.375 2.702 -16.307 -51.2 2.824
4 16 -15.646 -80.57 2.003 -15.646 -80.57 -2.022 -12.865 -89.489 -2.343 -12.865 -89.489 2.354
4 16 -6.41 -88.407 2.796 -7.481 -82.347 2.743 -12.865 -89.489 2.354 -11.221 -97.567 2.49
4 16 -6.41 -88.407 -2.804 -6.41 -88.407 2.796 -6.058 -98.222 2.815 -6.058 -98.222 -2.81
3 16 -15.646 -80.57 2.003 -12.865 -89.489 2.354 -7.481 -82.347 2.743
4 16 -12.865 -89.489 2.354 -12.865 -89.489 -2.343 -11.221 -97.567 -2.489 -11.221 -97.567 2.49
4 16 -9.429 -105.686 2.624 -9.429 -105.686 -2.624 -6.058 -98.222 -2.81 -6.058 -98.222 2.815
4 16 -12.808 -103.544 -2.351 -9.429 -105.686 -2.624 -11.125 -106.625 -2.497 -13.105 -104.905 -2.323
3 16 -6.058 -98.222 2.815 -6.41 -88.407 2.796 -11.221 -97.567 2.49
3 16 -12.808 -103.544 2.351 -6.058 -98.222 2.815 -11.221 -97.567 2.49
4 16 -13.105 -104.905 -2.323 -13.105 -104.909 2.323 -12.808 -103.544 2.351 -12.808 -103.544 -2.351
4 16 -12.442 -106.13 2.384 -12.437 -106.134 -2.385 -11.125 -106.625 -2.497 -11.125 -106.625 2.497
3 16 -9.429 -105.686 2.624 -6.058 -98.222 2.815 -12.808 -103.544 2.351
4 16 -9.429 -105.686 2.624 -12.808 -103.544 2.351 -13.105 -104.909 2.323 -11.125 -106.625 2.497
4 16 -9.429 -105.686 -2.624 -9.429 -105.686 2.624 -11.125 -106.625 2.497 -11.125 -106.625 -2.497
3 16 -11.125 -106.625 2.497 -13.105 -104.909 2.323 -12.442 -106.13 2.384
4 16 -12.437 -106.134 -2.385 -12.442 -106.13 2.384 -13.105 -104.909 2.323 -13.105 -104.905 -2.323
3 16 -11.125 -106.625 -2.497 -12.437 -106.134 -2.385 -13.105 -104.905 -2.323
4 16 -12.808 -103.544 -2.351 -12.808 -103.544 2.351 -11.221 -97.567 2.49 -11.221 -97.567 -2.489
3 16 -9.429 -105.686 -2.624 -12.808 -103.544 -2.351 -11.221 -97.567 -2.489
3 16 -6.058 -98.222 -2.81 -9.429 -105.686 -2.624 -11.221 -97.567 -2.489
4 16 -6.058 -98.222 -2.81 -11.221 -97.567 -2.489 -12.865 -89.489 -2.343 -6.41 -88.407 -2.804
3 16 -12.865 -89.489 -2.343 -15.646 -80.57 -2.022 -6.41 -88.407 -2.804
3 16 -15.646 -80.57 -2.022 -7.481 -82.347 -2.738 -6.41 -88.407 -2.804
4 16 -6.41 -88.407 2.796 -6.41 -88.407 -2.804 -7.481 -82.347 -2.738 -7.481 -82.347 2.743
4 16 -1.429 -99.683 -1.5 -1.429 -99.683 1.5 -0.606 -93.452 1.5 -0.606 -93.452 -1.5
4 16 10.996 -93.859 -1.5 10.996 -93.859 1.5 9.002 -100.727 1.5 9.002 -100.727 -1.5
4 16 -3.647 -107.284 -1.5 -3.647 -107.284 1.5 -1.429 -99.683 1.5 -1.429 -99.683 -1.5
4 16 9.002 -100.727 -1.5 9.002 -100.727 1.5 5.251 -107.884 1.5 5.251 -107.884 -1.5
4 16 -5.445 -115.866 -1.5 -5.445 -115.866 1.5 -3.647 -107.284 1.5 -3.647 -107.284 -1.5
4 16 5.251 -107.884 -1.5 5.251 -107.884 1.5 1.866 -116.53 1.5 1.866 -116.53 -1.5
4 16 -4.23 -123.964 -1.5 -4.23 -123.964 1.5 -5.445 -115.866 1.5 -5.445 -115.866 -1.5
4 16 1.792 -122.854 1.5 -4.23 -123.964 1.5 -1.229 -130.086 1.5 3.554 -129.483 1.5
4 16 1.792 -122.854 1.5 1.792 -122.854 -1.5 1.866 -116.53 -1.5 1.866 -116.53 1.5
4 16 3.554 -129.483 1.5 3.554 -129.483 -1.5 1.792 -122.854 -1.5 1.792 -122.854 1.5
4 16 -4.23 -123.964 1.5 -4.23 -123.964 -1.5 -1.229 -130.086 -1.5 -1.229 -130.086 1.5
4 16 4.447 -133.199 1.5 4.447 -133.199 -1.5 3.554 -129.483 -1.5 3.554 -129.483 1.5
4 16 -1.229 -130.086 1.5 -1.229 -130.086 -1.5 0.974 -133.504 -1.5 0.974 -133.504 1.5
4 16 4.447 -133.199 -1.5 3.216 -134.286 -1.5 2.38 -134.36 -1.5 0.974 -133.504 -1.5
4 16 2.38 -134.36 1.5 2.38 -134.36 -1.5 3.216 -134.286 -1.5 3.216 -134.286 1.5
4 16 3.554 -129.483 1.5 -1.229 -130.086 1.5 0.974 -133.504 1.5 4.447 -133.199 1.5
4 16 3.216 -134.286 1.5 3.216 -134.286 -1.5 4.447 -133.199 -1.5 4.447 -133.199 1.5
4 16 3.216 -134.286 1.5 4.447 -133.199 1.5 0.974 -133.504 1.5 2.38 -134.36 1.5
4 16 2.38 -134.36 1.5 0.974 -133.504 1.5 0.974 -133.504 -1.5 2.38 -134.36 -1.5
4 16 4.447 -133.199 -1.5 0.974 -133.504 -1.5 -1.229 -130.086 -1.5 3.554 -129.483 -1.5
4 16 3.554 -129.483 -1.5 -1.229 -130.086 -1.5 -4.23 -123.964 -1.5 1.792 -122.854 -1.5
4 16 1.792 -122.854 -1.5 -4.23 -123.964 -1.5 -5.445 -115.866 -1.5 1.866 -116.53 -1.5
4 16 1.866 -116.53 -1.5 -5.445 -115.866 -1.5 -3.647 -107.284 -1.5 5.251 -107.884 -1.5
4 16 -0.606 -93.452 -1.5 10.996 -93.859 -1.5 9.002 -100.727 -1.5 -1.429 -99.683 -1.5
4 16 -1.429 -99.683 -1.5 9.002 -100.727 -1.5 5.251 -107.884 -1.5 -3.647 -107.284 -1.5
4 16 -4.23 -123.964 1.5 1.792 -122.854 1.5 1.866 -116.53 1.5 -5.445 -115.866 1.5
4 16 -5.445 -115.866 1.5 1.866 -116.53 1.5 5.251 -107.884 1.5 -3.647 -107.284 1.5
4 16 -3.647 -107.284 1.5 5.251 -107.884 1.5 9.002 -100.727 1.5 -1.429 -99.683 1.5
4 16 -1.429 -99.683 1.5 9.002 -100.727 1.5 10.996 -93.859 1.5 -0.606 -93.452 1.5
2 24 18.499 -32.56 -2.485 17.895 -33.933 -2.582
2 24 17.895 -33.933 -2.582 16.5 -34.5 -2.796
2 24 16.5 -34.5 -2.796 15.386 -34.161 -2.955
2 24 15.386 -34.161 -2.955 14.65 -33.26 -3.055
2 24 16.031 -71.648 -2.864 15.382 -73.72 -3.005
2 24 15.382 -73.72 -3.005 14.125 -74.125 -3.124
2 24 14.125 -74.125 -3.124 12.918 -73.72 -3.273
2 24 12.918 -73.72 -3.273 11.963 -70.997 -3.382
2 24 16.549 -66.911 -2.788 16.031 -71.648 -2.864
2 24 11.963 -70.997 -3.382 11.898 -66.232 -3.389
2 24 -18.385 -50.928 -2.503 -18.999 -49.154 -2.402
2 24 -15.111 -50.238 -2.992 -16.311 -51.202 -2.823
2 24 -16.311 -51.202 -2.823 -17.125 -51.375 -2.702
2 24 -17.125 -51.375 -2.702 -18.385 -50.928 -2.503
2 24 2.38 -134.36 -1.5 0.974 -133.504 -1.5
2 24 4.447 -133.199 -1.5 3.216 -134.286 -1.5
2 24 3.216 -134.286 -1.5 2.38 -134.36 -1.5
2 24 0.974 -133.504 -1.5 -1.229 -130.086 -1.5
2 24 3.554 -129.483 -1.5 4.447 -133.199 -1.5
2 24 -1.229 -130.086 -1.5 -4.23 -123.964 -1.5
2 24 1.792 -122.854 -1.5 3.554 -129.483 -1.5
2 24 -4.23 -123.964 -1.5 -5.445 -115.866 -1.5
2 24 1.866 -116.53 -1.5 1.792 -122.854 -1.5
2 24 5.251 -107.884 -1.5 1.866 -116.53 -1.5
2 24 -5.445 -115.866 -1.5 -3.647 -107.284 -1.5
2 24 9.002 -100.727 -1.5 5.251 -107.884 -1.5
2 24 -3.647 -107.284 -1.5 -1.429 -99.683 -1.5
2 24 10.996 -93.859 -1.5 9.002 -100.727 -1.5
2 24 -1.429 -99.683 -1.5 -0.606 -93.452 -1.5
2 24 -11.125 -106.625 -2.497 -12.437 -106.134 -2.385
2 24 -12.437 -106.134 -2.385 -13.105 -104.905 -2.323
2 24 -6.058 -98.222 -2.81 -9.429 -105.686 -2.624
2 24 -12.808 -103.544 -2.351 -11.221 -97.567 -2.489
2 24 -12.865 -89.489 -2.343 -15.646 -80.57 -2.022
2 24 -7.481 -82.347 -2.738 -6.41 -88.407 -2.804
2 24 -9.429 -105.686 -2.624 -11.125 -106.625 -2.497
2 24 -13.105 -104.905 -2.323 -12.808 -103.544 -2.351
2 24 -6.41 -88.407 -2.804 -6.058 -98.222 -2.81
2 24 -11.221 -97.567 -2.489 -12.865 -89.489 -2.343
2 24 16.5 -34.5 2.796 17.899 -33.93 2.581
2 24 15.382 -34.159 2.956 16.5 -34.5 2.796
2 24 17.899 -33.93 2.581 18.499 -32.56 2.485
2 24 14.65 -33.26 3.055 15.382 -34.159 2.956
2 24 14.125 -74.125 3.124 15.382 -73.72 2.993
2 24 12.918 -73.72 3.273 14.125 -74.125 3.124
2 24 15.382 -73.72 2.993 16.03 -71.652 2.864
2 24 11.963 -70.997 3.382 12.918 -73.72 3.273
2 24 16.03 -71.652 2.864 16.549 -66.911 2.768
2 24 11.898 -66.232 3.383 11.963 -70.997 3.382
2 24 -19 -49.148 2.402 -18.383 -50.93 2.504
2 24 -16.307 -51.2 2.824 -15.111 -50.238 3.002
2 24 -18.383 -50.93 2.504 -17.125 -51.375 2.702
2 24 -17.125 -51.375 2.702 -16.307 -51.2 2.824
2 24 9.002 -100.727 1.5 10.996 -93.859 1.5
2 24 -0.606 -93.452 1.5 -1.429 -99.683 1.5
2 24 5.251 -107.884 1.5 9.002 -100.727 1.5
2 24 -1.429 -99.683 1.5 -3.647 -107.284 1.5
2 24 1.866 -116.53 1.5 5.251 -107.884 1.5
2 24 -3.647 -107.284 1.5 -5.445 -115.866 1.5
2 24 -5.445 -115.866 1.5 -4.23 -123.964 1.5
2 24 1.792 -122.854 1.5 1.866 -116.53 1.5
2 24 -4.23 -123.964 1.5 -1.229 -130.086 1.5
2 24 3.554 -129.483 1.5 1.792 -122.854 1.5
2 24 -1.229 -130.086 1.5 0.974 -133.504 1.5
2 24 4.447 -133.199 1.5 3.554 -129.483 1.5
2 24 3.216 -134.286 1.5 4.447 -133.199 1.5
2 24 0.974 -133.504 1.5 2.38 -134.36 1.5
2 24 2.38 -134.36 1.5 3.216 -134.286 1.5
2 24 -6.058 -98.222 2.815 -6.41 -88.407 2.796
2 24 -12.865 -89.489 2.354 -11.221 -97.567 2.49
2 24 -15.646 -80.57 2.003 -12.865 -89.489 2.354
2 24 -6.41 -88.407 2.796 -7.481 -82.347 2.743
2 24 -9.429 -105.686 2.624 -6.058 -98.222 2.815
2 24 -11.221 -97.567 2.49 -12.808 -103.544 2.351
2 24 -11.125 -106.625 2.497 -9.429 -105.686 2.624
2 24 -12.808 -103.544 2.351 -13.105 -104.909 2.323
2 24 -13.105 -104.909 2.323 -12.442 -106.13 2.384
2 24 -12.442 -106.13 2.384 -11.125 -106.625 2.497
5 24 17.895 -33.933 -2.582 15.386 -34.161 -2.955 14.65 -33.26 -3.055 16.5 -34.5 -2.796
5 24 17.899 -33.93 2.581 17.895 -33.933 -2.582 18.499 -32.56 -2.485 16.5 -34.5 2.796
5 24 16.5 -34.5 2.796 16.5 -34.5 -2.796 17.895 -33.933 -2.582 15.382 -34.159 2.956
5 24 15.382 -34.159 2.956 15.386 -34.161 -2.955 16.5 -34.5 -2.796 14.65 -33.26 3.055
5 24 17.899 -33.93 2.581 15.382 -34.159 2.956 16.5 -34.5 2.796 18.499 -32.56 2.485
5 24 11.963 -70.997 -3.382 11.963 -70.997 3.382 11.898 -66.232 3.383 12.918 -73.72 -3.273
5 24 11.963 -70.997 -3.382 15.382 -73.72 -3.005 12.918 -73.72 -3.273 16.031 -71.648 -2.864
5 24 15.382 -73.72 -3.005 12.918 -73.72 -3.273 11.963 -70.997 -3.382 14.125 -74.125 -3.124
5 24 12.918 -73.72 3.273 12.918 -73.72 -3.273 14.125 -74.125 -3.124 11.963 -70.997 3.382
5 24 14.125 -74.125 -3.124 14.125 -74.125 3.124 12.918 -73.72 3.273 15.382 -73.72 -3.005
5 24 15.382 -73.72 2.993 12.918 -73.72 3.273 14.125 -74.125 3.124 16.03 -71.652 2.864
5 24 16.03 -71.652 2.864 12.918 -73.72 3.273 15.382 -73.72 2.993 11.963 -70.997 3.382
5 24 16.549 -66.911 2.768 11.963 -70.997 3.382 16.03 -71.652 2.864 11.898 -66.232 3.383
5 24 16.03 -71.652 2.864 16.031 -71.648 -2.864 16.549 -66.911 -2.788 15.382 -73.72 2.993
5 24 15.382 -73.72 2.993 15.382 -73.72 -3.005 16.031 -71.648 -2.864 14.125 -74.125 3.124
5 24 11.963 -70.997 -3.382 16.031 -71.648 -2.864 15.382 -73.72 -3.005 11.898 -66.232 -3.389
5 24 -18.383 -50.93 2.504 -16.307 -51.2 2.824 -15.111 -50.238 3.002 -17.125 -51.375 2.702
5 24 -16.307 -51.2 2.824 -16.311 -51.202 -2.823 -15.111 -50.238 -2.992 -17.125 -51.375 2.702
5 24 -17.125 -51.375 2.702 -17.125 -51.375 -2.702 -16.311 -51.202 -2.823 -18.383 -50.93 2.504
5 24 -18.383 -50.93 2.504 -18.385 -50.928 -2.503 -17.125 -51.375 -2.702 -19 -49.148 2.402
5 24 -18.385 -50.928 -2.503 -15.111 -50.238 -2.992 -16.311 -51.202 -2.823 -18.999 -49.154 -2.402
5 24 -7.481 -82.347 2.743 -12.865 -89.489 2.354 -6.41 -88.407 2.796 -15.646 -80.57 2.003
5 24 -6.41 -88.407 -2.804 -6.41 -88.407 2.796 -6.058 -98.222 2.815 -7.481 -82.347 -2.738
5 24 -6.058 -98.222 2.815 -6.058 -98.222 -2.81 -6.41 -88.407 -2.804 -9.429 -105.686 2.624
5 24 -12.865 -89.489 -2.343 -12.865 -89.489 2.354 -15.646 -80.57 2.003 -11.221 -97.567 -2.489
5 24 -9.429 -105.686 2.624 -9.429 -105.686 -2.624 -6.058 -98.222 -2.81 -11.125 -106.625 2.497
5 24 -12.808 -103.544 -2.351 -9.429 -105.686 -2.624 -11.125 -106.625 -2.497 -11.221 -97.567 -2.489
5 24 -11.221 -97.567 -2.489 -11.221 -97.567 2.49 -12.865 -89.489 2.354 -12.808 -103.544 -2.351
5 24 -11.221 -97.567 2.49 -6.41 -88.407 2.796 -12.865 -89.489 2.354 -6.058 -98.222 2.815
5 24 -11.221 -97.567 2.49 -6.058 -98.222 2.815 -6.41 -88.407 2.796 -12.808 -103.544 2.351
5 24 -12.808 -103.544 2.351 -6.058 -98.222 2.815 -11.221 -97.567 2.49 -9.429 -105.686 2.624
5 24 -13.105 -104.905 -2.323 -13.105 -104.909 2.323 -12.808 -103.544 2.351 -12.437 -106.134 -2.385
5 24 -12.442 -106.13 2.384 -12.437 -106.134 -2.385 -11.125 -106.625 -2.497 -13.105 -104.909 2.323
5 24 -12.808 -103.544 2.351 -9.429 -105.686 2.624 -6.058 -98.222 2.815 -13.105 -104.909 2.323
5 24 -13.105 -104.909 2.323 -11.125 -106.625 2.497 -9.429 -105.686 2.624 -12.442 -106.13 2.384
5 24 -11.125 -106.625 2.497 -11.125 -106.625 -2.497 -9.429 -105.686 -2.624 -12.442 -106.13 2.384
5 24 -13.105 -104.905 -2.323 -11.125 -106.625 -2.497 -12.437 -106.134 -2.385 -12.808 -103.544 -2.351
5 24 -12.808 -103.544 2.351 -12.808 -103.544 -2.351 -13.105 -104.905 -2.323 -11.221 -97.567 2.49
5 24 -11.221 -97.567 -2.489 -9.429 -105.686 -2.624 -12.808 -103.544 -2.351 -6.058 -98.222 -2.81
5 24 -11.221 -97.567 -2.489 -6.058 -98.222 -2.81 -9.429 -105.686 -2.624 -12.865 -89.489 -2.343
5 24 -12.865 -89.489 -2.343 -6.41 -88.407 -2.804 -6.058 -98.222 -2.81 -15.646 -80.57 -2.022
5 24 -15.646 -80.57 -2.022 -6.41 -88.407 -2.804 -12.865 -89.489 -2.343 -7.481 -82.347 -2.738
5 24 -1.429 -99.683 -1.5 -1.429 -99.683 1.5 -0.606 -93.452 1.5 -3.647 -107.284 -1.5
5 24 -3.647 -107.284 -1.5 -3.647 -107.284 1.5 -1.429 -99.683 1.5 -5.445 -115.866 -1.5
5 24 9.002 -100.727 -1.5 9.002 -100.727 1.5 5.251 -107.884 1.5 10.996 -93.859 -1.5
5 24 -5.445 -115.866 -1.5 -5.445 -115.866 1.5 -3.647 -107.284 1.5 -4.23 -123.964 -1.5
5 24 5.251 -107.884 -1.5 5.251 -107.884 1.5 1.866 -116.53 1.5 9.002 -100.727 -1.5
5 24 -4.23 -123.964 -1.5 -4.23 -123.964 1.5 -5.445 -115.866 1.5 -1.229 -130.086 -1.5
5 24 1.792 -122.854 1.5 1.792 -122.854 -1.5 1.866 -116.53 -1.5 3.554 -129.483 1.5
5 24 3.554 -129.483 1.5 3.554 -129.483 -1.5 1.792 -122.854 -1.5 4.447 -133.199 1.5
5 24 4.447 -133.199 1.5 4.447 -133.199 -1.5 3.554 -129.483 -1.5 3.216 -134.286 1.5
5 24 -1.229 -130.086 -1.5 -1.229 -130.086 1.5 -4.23 -123.964 1.5 0.974 -133.504 -1.5
5 24 2.38 -134.36 1.5 2.38 -134.36 -1.5 3.216 -134.286 -1.5 0.974 -133.504 -1.5
5 24 0.974 -133.504 -1.5 0.974 -133.504 1.5 -1.229 -130.086 1.5 2.38 -134.36 1.5
5 24 3.216 -134.286 -1.5 3.216 -134.286 1.5 2.38 -134.36 1.5 4.447 -133.199 -1.5
5 24 1.866 -116.53 1.5 1.866 -116.53 -1.5 5.251 -107.884 -1.5 1.792 -122.854 1.5

0 FILE parts/s/3003s01.dat
0 ~Brick  2 x  2 without Front Face
0 Name: s\3003s01.dat
0 Author: Steffen [Steffen]
0 !LDRAW_ORG Subpart UPDATE 2013-02
0 !LICENSE Licensed under CC BY 4.0 : see CAreadme.txt

0 BFC CERTIFY CCW

0 !HISTORY 2009-05-02 [PTadmin] Official Update 2009-01
0 !HISTORY 2013-04-02 [Steffen] used s\3003s02.dat
0 !HISTORY 2013-12-23 [PTadmin] Official Update 2013-02


1 16 0 0 0 1 0 0 0 1 0 0 0 1 s/3003s02.dat
4 16 20 24 20 -20 24 20 -20 0 20 20 0 20

0 FILE parts/s/3062bs01.dat
0 ~Brick  1 x  1 Round with Hollow Stud without Outer Surface
0 Name: s\3062bs01.dat
0 Author: Takeshi Takahashi [RainbowDolphin]
0 !LDRAW_ORG Subpart UPDATE 2022-02
0 !LICENSE Licensed under CC BY 4.0 : see CAreadme.txt

0 BFC CERTIFY CCW

0 !HISTORY 2022-03-06 [PTadmin] Official Update 2022-02


1 16 0 4 0 4 0 0 0 1 0 0 0 4 4-4edge.dat
1 16 0 19 0 10 0 0 0 1 0 0 0 10 4-4edge.dat
1 16 0 0 0 10 0 0 0 1 0 0 0 10 4-4edge.dat
1 16 0 0 0 6 0 0 0 1 0 0 0 6 4-4edge.dat
0 BFC INVERTNEXT
1 16 0 0 0 4 0 0 0 4 0 0 0 4 4-4cyli.dat
1 16 0 0 0 1 0 0 0 1 0 0 0 1 stud2a.dat
1 16 0 0 0 2 0 0 0 1 0 0 0 2 4-4ring3.dat
1 16 0 4 0 2 0 0 0 -1 0 0 0 2 4-4ring2.dat
1 16 0 0 0 2 0 0 0 1 0 0 0 2 4-4ring4.dat
1 16 0 19 0 2 0 0 0 -1 0 0 0 2 4-4ring4.dat
1 16 0 19 0 8 0 0 0 5 0 0 0 8 4-4cylo.dat
1 16 0 4 0 1 0 0 0 -5 0 0 0 -1 stud4od.dat

0 FILE parts/s/3010s01.dat
0 ~Brick  1 x  4 without Front Face
0 Name: s\3010s01.dat
0 Author: Willy Tschager [Holly-Wood]
0 !LDRAW_ORG Subpart UPDATE 2024-03
0 !LICENSE Licensed under CC BY 4.0 : see CAreadme.txt

0 BFC CERTIFY CCW

0 !HISTORY 2003-08-01 [PTadmin] Official Update 2003-02
0 !HISTORY 2007-08-29 [PTadmin] Header formatted for Contributor Agreement
0 !HISTORY 2008-07-01 [PTadmin] Official Update 2008-01
0 !HISTORY 2024-03-15 [Holly-Wood] Complete re-write, original by hafhead
0 !HISTORY 2024-04-28 [OrionP] Official Update 2024-03

1 16 0 0 0 1 0 0 0 1 0 0 0 1 stug-1x4.dat
1 16 0 4 0 1 0 0 0 -5 0 0 0 1 stug3-1x3.dat

1 16 0 24 0 -40 0 0 0 -24 0 0 0 10 box4t.dat
0 BFC INVERTNEXT
1 16 0 24 0 -36 0 0 0 -20 0 0 0 6 box5.dat

4 16 -36 24 -6 36 24 -6 40 24 -10 -40 24 -10
4 16 40 24 -10 36 24 -6 36 24 6 40 24 10
4 16 40 24 10 36 24 6 -36 24 6 -40 24 10
4 16 -40 24 10 -36 24 6 -36 24 -6 -40 24 -10

0 FILE parts/s/3941s01.dat
0 ~Brick  2 x  2 Round without Reinforcement without Outer Surface
0 Name: s\3941s01.dat
0 Author: Gerald Lasser [GeraldLasser]
0 !LDRAW_ORG Subpart UPDATE 2020-01
0 !LICENSE Licensed under CC BY 4.0 : see CAreadme.txt

0 BFC CERTIFY CCW

0 !HISTORY 2018-01-21 [GeraldLasser] Removed Surface for Printed and Modified Versions
0 !HISTORY 2018-02-19 [MagFors] used more primitives
0 !HISTORY 2018-03-30 [MagFors] used stug10-2x2 primitive
0 !HISTORY 2019-06-28 [PTadmin] Official Update 2019-01
0 !HISTORY 2020-06-28 [PTadmin] Official Update 2020-01


1 16 0 20 0 1 0 0 0 -1 0 0 0 1 stud4a.dat
1 16 0 4 0 8 0 0 0 1 0 0 0 8 4-4edge.dat
1 16 0 4 0 8 0 0 0 16 0 0 0 8 4-4cyli.dat
1 16 0 20 0 1 0 0 0 1 0 0 0 1 axlehol3.dat
1 16 0 0 0 1 0 0 0 20 0 0 0 1 axlehole.dat
1 16 0 0 0 1 0 0 0 1 0 0 0 1 axlehol2.dat
1 16 0 0 0 20 0 0 0 1 0 0 0 20 4-4edge.dat
1 16 0 20 0 18.47759 0 7.65367 0 4 0 -7.65367 0 18.47759 1-8cyli.dat
1 16 0 24 0 18.47759 0 7.65367 0 1 0 -7.65367 0 18.47759 1-8edge.dat
1 16 0 24 0 18.47759 0 7.65367 0 -1 0 -7.65367 0 18.47759 1-8chrd.dat
1 16 0 20 0 -7.65367 0 18.47759 0 4 0 -18.47759 0 -7.65367 1-8cyli.dat
1 16 0 24 0 -7.65367 0 18.47759 0 1 0 -18.47759 0 -7.65367 1-8edge.dat
1 16 0 24 0 -7.65367 0 18.47759 0 -1 0 -18.47759 0 -7.65367 1-8chrd.dat
1 16 0 20 0 -18.47759 0 -7.65367 0 4 0 7.65367 0 -18.47759 1-8cyli.dat
1 16 0 24 0 -18.47759 0 -7.65367 0 1 0 7.65367 0 -18.47759 1-8edge.dat
1 16 0 24 0 -18.47759 0 -7.65367 0 -1 0 7.65367 0 -18.47759 1-8chrd.dat
1 16 0 20 0 7.65367 0 -18.47759 0 4 0 18.47759 0 7.65367 1-8cyli.dat
1 16 0 24 0 7.65367 0 -18.47759 0 1 0 18.47759 0 7.65367 1-8edge.dat
1 16 0 24 0 7.65367 0 -18.47759 0 -1 0 18.47759 0 7.65367 1-8chrd.dat

1 16 16 22 0 0 1 0 -2 0 0 0 0 11.36 rect.dat
1 16 0 22 -16 0 0 11.36 -2 0 0 0 -1 0 rect.dat
1 16 -16 22 0 0 -1 0 -2 0 0 0 0 -11.36 rect.dat
1 16 0 22 16 0 0 -11.36 -2 0 0 0 1 0 rect.dat
4 16 11.36 24 16 -11.36 24 16 -7.65 24 18.48 7.65 24 18.48
4 16 -16 24 11.36 -16 24 -11.36 -18.48 24 -7.65 -18.48 24 7.65
4 16 -11.36 24 -16 11.36 24 -16 7.65 24 -18.48 -7.65 24 -18.48
4 16 16 24 -11.36 16 24 11.36 18.48 24 7.65 18.48 24 -7.65
1 16 17.24 22 9.505 0 -1 -1.24 2 0 0 0 0 1.855 rect1.dat
1 16 9.505 22 17.24 0 0 -1.855 2 0 0 0 -1 1.24 rect1.dat
1 16 -17.24 22 9.505 0 1 -1.24 2 0 0 0 0 -1.855 rect1.dat
1 16 -9.505 22 17.24 0 0 -1.855 2 0 0 0 -1 -1.24 rect1.dat
1 16 17.24 22 -9.505 0 -1 1.24 2 0 0 0 0 1.855 rect1.dat
1 16 9.505 22 -17.24 0 0 1.855 2 0 0 0 1 1.24 rect1.dat
1 16 -17.24 22 -9.505 0 1 1.24 2 0 0 0 0 -1.855 rect1.dat
1 16 -9.505 22 -17.24 0 0 1.855 2 0 0 0 1 -1.24 rect1.dat
2 24 16 20 11.36 14.14 20 14.14
2 24 14.14 20 14.14 11.36 20 16
2 24 -16 20 11.36 -14.14 20 14.14
2 24 -14.14 20 14.14 -11.36 20 16
2 24 16 20 -11.36 14.14 20 -14.14
2 24 14.14 20 -14.14 11.36 20 -16
2 24 -16 20 -11.36 -14.14 20 -14.14
2 24 -14.14 20 -14.14 -11.36 20 -16

1 16 0 4 0 8 0 0 0 -1 0 0 0 8 4-4ring1.dat
0 BFC INVERTNEXT
1 16 0 4 0 16 0 0 0 16 0 0 0 16 4-4cylo.dat
3 16 16 20 0 14.78 20 6.12 16 20 11.36
4 16 14.78 20 6.12 11.31 20 11.31 14.14 20 14.14 16 20 11.36
4 16 6.12 20 14.78 11.36 20 16 14.14 20 14.14 11.31 20 11.31
3 16 0 20 16 11.36 20 16 6.12 20 14.78
3 16 -16 20 0 -16 20 11.36 -14.78 20 6.12
4 16 -14.78 20 6.12 -16 20 11.36 -14.14 20 14.14 -11.31 20 11.31
4 16 -6.12 20 14.78 -11.31 20 11.31 -14.14 20 14.14 -11.36 20 16
3 16 0 20 16 -6.12 20 14.78 -11.36 20 16
3 16 16 20 0 16 20 -11.36 14.78 20 -6.12
4 16 14.78 20 -6.12 16 20 -11.36 14.14 20 -14.14 11.31 20 -11.31
4 16 6.12 20 -14.78 11.31 20 -11.31 14.14 20 -14.14 11.36 20 -16
3 16 0 20 -16 6.12 20 -14.78 11.36 20 -16
3 16 -16 20 0 -14.78 20 -6.12 -16 20 -11.36
4 16 -14.78 20 -6.12 -11.31 20 -11.31 -14.14 20 -14.14 -16 20 -11.36
4 16 -6.12 20 -14.78 -11.36 20 -16 -14.14 20 -14.14 -11.31 20 -11.31
3 16 0 20 -16 -11.36 20 -16 -6.12 20 -14.78
5 24 -7.65 20 18.48 -7.65 24 18.48 -14.14 20 14.14 0 20 20
5 24 -18.48 20 7.65 -18.48 24 7.65 -20 20 0 -14.14 20 14.14
5 24 -18.48 20 -7.65 -18.48 24 -7.65 -14.14 20 -14.14 -20 20 0
5 24 -7.65 20 -18.48 -7.65 24 -18.48 0 20 -20 -14.14 20 -14.14
5 24 7.65 20 -18.48 7.65 24 -18.48 14.14 20 -14.14 0 20 -20
5 24 18.48 20 -7.65 18.48 24 -7.65 20 20 0 14.14 20 -14.14
5 24 18.48 20 7.65 18.48 24 7.65 14.14 20 14.14 20 20 0
5 24 7.65 20 18.48 7.65 24 18.48 0 20 20 14.14 20 14.14

1 16 0 0 0 4.24264 0 -4.24264 0 1 0 4.24264 0 4.24264 4-4ndis.dat
1 16 0 0 0 20 0 0 0 1 0 0 0 20 1-4chrd.dat
1 16 0 0 0 -20 0 0 0 1 0 0 0 20 1-4chrd.dat
1 16 0 0 0 -20 0 0 0 1 0 0 0 -20 1-4chrd.dat
1 16 0 0 0 20 0 0 0 1 0 0 0 -20 1-4chrd.dat
4 16 0 0 -20 0 0 -8.4853 -8.4853 0 0 -20 0 0
4 16 0 0 20 -20 0 0 -8.4853 0 0 0 0 8.4853
4 16 20 0 0 0 0 20 0 0 8.4853 8.4853 0 0
4 16 0 0 -20 20 0 0 8.4853 0 0 0 0 -8.4853

1 16 0 0 0 1 0 0 0 1 0 0 0 1 stug10-2x2.dat

0 FILE parts/s/3710s01.dat
0 ~Plate  1 x  4 without Front Face
0 Name: s\3710s01.dat
0 Author: Massimo Maso [Sirio]
0 !LDRAW_ORG Subpart UPDATE 2023-06
0 !LICENSE Licensed under CC BY 4.0 : see CAreadme.txt

0 BFC CERTIFY CCW

0 !HISTORY 2023-11-19 [OrionP] Official Update 2023-06


1 16 0 4 0 1 0 0 0 -1 0 0 0 1 stug3-1x3.dat
0 BFC INVERTNEXT
1 16 0 8 0 36 0 0 0 -4 0 0 0 6 box5.dat
4 16 40 8 10 36 8 6 -36 8 6 -40 8 10
4 16 -40 8 10 -36 8 6 -36 8 -6 -40 8 -10
4 16 -40 8 -10 -36 8 -6 36 8 -6 40 8 -10
4 16 40 8 -10 36 8 -6 36 8 6 40 8 10
1 16 0 8 0 40 0 0 0 -8 0 0 0 10 box4t.dat
1 16 0 0 0 1 0 0 0 1 0 0 0 1 stug-1x4.dat

0 FILE parts/s/3623s01.dat
0 ~Plate  1 x  3 without Front Face
0 Name: s\3623s01.dat
0 Author: Massimo Maso [Sirio]
0 !LDRAW_ORG Subpart UPDATE 2017-01
0 !LICENSE Licensed under CC BY 4.0 : see CAreadme.txt

0 BFC CERTIFY CCW

0 !HISTORY 2017-12-30 [PTadmin] Official Update 2017-01


1 16 10 4 0 1 0 0 0 -1 0 0 0 1 stud3.dat
1 16 -10 4 0 1 0 0 0 -1 0 0 0 1 stud3.dat
0 BFC INVERTNEXT
1 16 0 8 0 26 0 0 0 -4 0 0 0 6 box5.dat
4 16 30 8 10 26 8 6 -26 8 6 -30 8 10
4 16 -30 8 10 -26 8 6 -26 8 -6 -30 8 -10
4 16 -30 8 -10 -26 8 -6 26 8 -6 30 8 -10
4 16 30 8 -10 26 8 -6 26 8 6 30 8 10
1 16 0 8 0 30 0 0 0 -8 0 0 0 10 box4t.dat
1 16 0 0 0 1 0 0 0 1 0 0 0 1 stug-1x3.dat

0 FILE parts/s/3040s01.dat
0 ~Slope Brick 45  2 x  1 without Front Face
0 Name: s\3040s01.dat
0 Author: Orion Pobursky [OrionP]
0 !LDRAW_ORG Subpart UPDATE 2004-01
0 !LICENSE Licensed under CC BY 4.0 : see CAreadme.txt

0 BFC CERTIFY CCW

0 !HISTORY 2003-07-02 [Steffen] BFCed; removed matrix all zero "errors"
0 !HISTORY 2004-03-02 [PTadmin] Official Update 2004-01
0 !HISTORY 2007-08-30 [PTadmin] Header formatted for Contributor Agreement
0 !HISTORY 2008-07-01 [PTadmin] Official Update 2008-01


0 // Uncomment for front face
0 // 4 16 10 20 -30 10 0 -10 -10 0 -10 -10 20 -30

1 16 0 20 -10 1 0 0 0 -1 0 0 0 1 stud3a.dat
1 16 0 4 -10 4 0 0 0 4 0 0 0 4 2-4edge.dat
1 16 0 4 -10 4 0 0 0 99 4 0 0 -4 2-4edge.dat
1 16 0 8 -10 0 0 4 0 -4 0 -4 0 0 1-4cyls.dat
1 16 0 8 -10 0 0 -4 0 -4 0 -4 0 0 1-4cyls.dat
1 16 0 4 -10 4 0 0 0 16 0 0 0 4 2-4cyli.dat
1 16 0 8 -10 4 0 0 0 12 0 0 0 -4 2-4cyli.dat
2 24 6 24 6 -6 24 6
2 24 -6 24 6 -6 24 -26
2 24 -6 24 -26 6 24 -26
2 24 6 24 -26 6 24 6
2 24 10 24 10 -10 24 10
2 24 -10 24 10 -10 24 -30
2 24 -10 24 -30 10 24 -30
2 24 10 24 -30 10 24 10
2 24 6 24 6 6 4 6
2 24 -6 24 6 -6 4 6
2 24 6 24 -26 6 20 -26
2 24 -6 24 -26 -6 20 -26
2 24 6 4 6 -6 4 6
2 24 6 4 -10 -6 4 -10
2 24 6 20 -26 -6 20 -26
2 24 6 4 6 6 4 -10
2 24 -6 4 6 -6 4 -10
2 24 6 20 -26 6 4 -10
2 24 -6 20 -26 -6 4 -10
2 24 10 24 10 10 0 10
2 24 -10 24 10 -10 0 10
2 24 10 24 -30 10 20 -30
2 24 -10 24 -30 -10 20 -30
2 24 10 0 10 -10 0 10
2 24 10 0 -10 -10 0 -10
2 24 10 20 -30 -10 20 -30
2 24 10 0 10 10 0 -10
2 24 -10 0 10 -10 0 -10
2 24 10 20 -30 10 0 -10
2 24 -10 20 -30 -10 0 -10
4 16 10 24 10 6 24 6 -6 24 6 -10 24 10
4 16 -10 24 10 -6 24 6 -6 24 -26 -10 24 -30
4 16 -10 24 -30 -6 24 -26 6 24 -26 10 24 -30
4 16 10 24 -30 6 24 -26 6 24 6 10 24 10
4 16 6 4 6 6 4 -10 -6 4 -10 -6 4 6
4 16 10 0 -10 10 0 10 -10 0 10 -10 0 -10
4 16 -10 24 10 -10 0 10 10 0 10 10 24 10
4 16 6 24 6 6 4 6 -6 4 6 -6 24 6
4 16 6 20 -26 6 24 -26 -6 24 -26 -6 20 -26
4 16 10 24 -30 10 20 -30 -10 20 -30 -10 24 -30
4 16 10 24 10 10 0 10 10 20 -30 10 24 -30
3 16 10 0 10 10 0 -10 10 20 -30
4 16 6 20 -26 6 4 6 6 24 6 6 24 -26
3 16 6 20 -26 6 4 -10 6 4 6
4 16 -6 24 6 -6 4 6 -6 20 -26 -6 24 -26
3 16 -6 4 6 -6 4 -10 -6 20 -26
4 16 -10 20 -30 -10 0 10 -10 24 10 -10 24 -30
3 16 -10 20 -30 -10 0 -10 -10 0 10
4 16 -6 4 -10 6 4 -10 6 20 -26 -6 20 -26
1 16 0 0 0 1 0 0 0 1 0 0 0 1 stud.dat
0

0 FILE p/48/1-8chrd.dat
0 Hi-Res Chord 0.125
0 Name: 48\1-8chrd.dat
0 Author: Willy Tschager [Holly-Wood]
0 !LDRAW_ORG 48_Primitive UPDATE 2024-01
0 !LICENSE Licensed under CC BY 4.0 : see CAreadme.txt

0 BFC CERTIFY CCW

0 !HISTORY 2009-05-02 [PTadmin] Official Update 2009-01
0 !HISTORY 2024-01-04 [Holly-Wood] Complete re-write, original by guyvivan
0 !HISTORY 2024-01-29 [OrionP] Official Update 2024-01

0 // Vertices calculated by LDPartEditor (PrimGen 2.X)

4 16 .7071 0 .7071 1 0 0 .9914 0 .1305 .7934 0 .6088
4 16 .7934 0 .6088 .9914 0 .1305 .9659 0 .2588 .866 0 .5
3 16 .866 0 .5 .9659 0 .2588 .9239 0 .3827

0 FILE p/48/1-8cylo.dat
0 Hi-Res Cylinder Open 0.125
0 Name: 48\1-8cylo.dat
0 Author: Max Martin Richter [MMR1988]
0 !LDRAW_ORG 48_Primitive UPDATE 2014-01
0 !LICENSE Licensed under CC BY 4.0 : see CAreadme.txt

0 BFC CERTIFY CCW

0 !HISTORY 2014-06-21 [PTadmin] Official Update 2014-01


1 16 0 0 0 1 0 0 0 1 0 0 0 1 48/1-8edge.dat
1 16 0 1 0 1 0 0 0 1 0 0 0 1 48/1-8edge.dat
1 16 0 0 0 1 0 0 0 1 0 0 0 1 48/1-8cyli.dat

0 FILE stud2a.dat
0 Stud Open without Base Edges
0 Name: stud2a.dat
0 Author: James Jessiman
0 !LDRAW_ORG Primitive UPDATE 2009-02
0 !LICENSE Licensed under CC BY 4.0 : see CAreadme.txt

0 BFC CERTIFY CCW

0 !HISTORY 1999-07-05 [PTadmin] Official Update 1999-05
0 !HISTORY 2002-04-04 [sbliss] Modified for BFC compliance
0 !HISTORY 2002-04-25 [PTadmin] Official Update 2002-02
0 !HISTORY 2007-06-24 [PTadmin] Header formatted for Contributor Agreement
0 !HISTORY 2008-07-01 [PTadmin] Official Update 2008-01
0 !HISTORY 2009-06-21 [cwdee] Update ring references to 4-4ring
0 !HISTORY 2009-09-03 [PTadmin] Official Update 2009-02


1 16 0 -4 0 4 0 0 0 1 0 0 0 4 4-4edge.dat
1 16 0 -4 0 6 0 0 0 1 0 0 0 6 4-4edge.dat
0 BFC INVERTNEXT
1 16 0 -4 0 4 0 0 0 4 0 0 0 4 4-4cyli.dat
1 16 0 -4 0 6 0 0 0 4 0 0 0 6 4-4cyli.dat
1 16 0 -4 0 2 0 0 0 1 0 0 0 2 4-4ring2.dat
0

0 FILE stud2s2.dat
0 Stud Tube Open Sliced for Open Stud with Inner Stopper Ring
0 Name: stud2s2.dat
0 Author: Owen Burgoyne [C3POwen]
0 !LDRAW_ORG Primitive UPDATE 2016-01
0 !LICENSE Licensed under CC BY 4.0 : see CAreadme.txt

0 BFC CERTIFY CCW

0 !HISTORY 2016-12-31 [PTadmin] Official Update 2016-01


1 16 0 1 0 3.5 0 0 -0.58333 1 0 0 0 3.5 4-4edge.dat
0 BFC INVERTNEXT
1 16 0 0.41667 0 3.5 0 0 0 0.58333 0 0 0 3.5 4-4cyls.dat
0 BFC INVERTNEXT
1 16 0 0 0 3.5 0 0 0 0.41667 0 0 0 3.5 4-4cyli.dat
1 16 0 1 0 6 0 0 -1 1 0 0 0 6 4-4edge.dat
1 16 0 0 0 6 0 0 0 1 0 0 0 6 4-4cyls.dat

0 FILE stud2s2e.dat
0 Open Stud Extension with 0.5 LDU Inner Stopper Ring
0 Name: stud2s2e.dat
0 Author: Owen Burgoyne [C3POwen]
0 !LDRAW_ORG Primitive UPDATE 2016-01
0 !LICENSE Licensed under CC BY 4.0 : see CAreadme.txt

0 BFC CERTIFY CCW

0 !HISTORY 2016-12-31 [PTadmin] Official Update 2016-01


0 BFC INVERTNEXT
1 16 0 0 0 3.5 0 0 0 1 0 0 0 3.5 4-4cyli.dat
1 16 0 0 0 3.5 0 0 0 1 0 0 0 3.5 4-4edge.dat
1 16 0 0 0 0.5 0 0 0 1 0 0 0 0.5 4-4ring7.dat
1 16 0 0 0 4 0 0 0 1 0 0 0 4 4-4edge.dat
1 16 0 0 0 6 0 0 0 1 0 0 0 6 4-4cyli.dat

0 FILE 1-4disc.dat
0 Disc 0.25
0 Name: 1-4disc.dat
0 Author: James Jessiman
0 !LDRAW_ORG Primitive UPDATE 2002-02
0 !LICENSE Licensed under CC BY 4.0 : see CAreadme.txt

0 BFC CERTIFY CCW

0 !HISTORY 2002-03-23 [sbliss] Added BFC statement.
0 !HISTORY 2002-04-25 [PTadmin] Official Update 2002-02
0 !HISTORY 2007-06-22 [PTadmin] Header formatted for Contributor Agreement
0 !HISTORY 2008-07-01 [PTadmin] Official Update 2008-01


3 16 0 0 0 1 0 0 0.9239 0 0.3827
3 16 0 0 0 0.9239 0 0.3827 0.7071 0 0.7071
3 16 0 0 0 0.7071 0 0.7071 0.3827 0 0.9239
3 16 0 0 0 0.3827 0 0.9239 0 0 1
0

0 FILE 1-8edge.dat
0 Circle 0.125
0 Name: 1-8edge.dat
0 Author: James Jessiman
0 !LDRAW_ORG Primitive UPDATE 2017-01
0 !LICENSE Licensed under CC BY 4.0 : see CAreadme.txt

0 BFC CERTIFY CCW

0 !HISTORY 2007-06-22 [PTadmin] Header formatted for Contributor Agreement
0 !HISTORY 2008-07-01 [PTadmin] Official Update 2008-01
0 !HISTORY 2017-01-15 [Steffen] BFCed
0 !HISTORY 2017-12-30 [PTadmin] Official Update 2017-01


2 24 1 0 0 0.9239 0 0.3827
2 24 0.9239 0 0.3827 0.7071 0 0.7071

0 FILE 1-8cyli.dat
0 Cylinder 0.125
0 Name: 1-8cyli.dat
0 Author: James Jessiman
0 !LDRAW_ORG Primitive UPDATE 2005-01
0 !LICENSE Licensed under CC BY 4.0 : see CAreadme.txt

0 BFC CERTIFY CCW

0 !HISTORY 2002-04-25 [PTadmin] Official Update 2002-02
0 !HISTORY 2004-12-11 [nielsk] Recreated using Primitive Generator, Edge lines fixed, BFC changed to CCW
0 !HISTORY 2005-12-28 [PTadmin] Official Update 2005-01
0 !HISTORY 2007-06-22 [PTadmin] Header formatted for Contributor Agreement
0 !HISTORY 2008-07-01 [PTadmin] Official Update 2008-01


4 16 .9239 1 .3827 .9239 0 .3827 1 0 0 1 1 0
4 16 .7071 1 .7071 .7071 0 .7071 .9239 0 .3827 .9239 1 .3827
5 24 1 1 0 1 0 0 1 1 -.4142 .9239 1 .3827
5 24 .9239 1 .3827 .9239 0 .3827 1 1 0 .7071 1 .7071
5 24 .7071 1 .7071 .7071 0 .7071 .9239 1 .3827 .4142 1 1
0

0 FILE 4494c01.dat
0 Animal Horse Body
0 Name: 4494c01.dat
0 Author: Magnus Forsberg [MagFors]
0 !LDRAW_ORG Shortcut UPDATE 2015-01
0 !LICENSE Licensed under CC BY 4.0 : see CAreadme.txt

0 !HELP Head rotation point at x=0 y=-19.5 z=-33.5
0 !HELP 1 16 0 -19.5 -33.5 1 0 0 0 0.9848 -0.1736 0 0.1736 0.9848 4492.dat

0 BFC CERTIFY CCW

0 !HISTORY 2015-10-11 [PTadmin] Official Update 2015-01


1 16 0 0 0 1 0 0 0 1 0 0 0 1 4493.dat
1 16 0 0 0 1 0 0 0 1 0 0 0 1 4494.dat

0 FILE 4492p01.dat
0 Animal Horse Head with Brown/White Tack Pattern
0 Name: 4492p01.dat
0 Author: Sascha Broich [SaschaBroich]
0 !LDRAW_ORG Part UPDATE 2015-01
0 !LICENSE Licensed under CC BY 4.0 : see CAreadme.txt

0 BFC CERTIFY CCW

0 !KEYWORDS Set 10039

0 !HISTORY 2002-04-25 [PTadmin] Official Update 2002-02
0 !HISTORY 2007-07-04 [PTadmin] Header formatted for Contributor Agreement
0 !HISTORY 2008-07-01 [PTadmin] Official Update 2008-01
0 !HISTORY 2014-12-08 [MagFors] Made BFC compliant
0 !HISTORY 2015-10-11 [PTadmin] Official Update 2015-01


1 16 0 0 0 -1 0 0 0 1 0 0 0 1 s/4492s.dat
1 16 0 0 0 1 0 0 0 1 0 0 0 1 s/4492s.dat
1 16 0 0 0 -1 0 0 0 1 0 0 0 1 s/4492e1.dat
1 16 0 0 0 1 0 0 0 1 0 0 0 1 s/4492e1.dat
1 15 0 0 0 -1 0 0 0 1 0 0 0 1 s/4492e2.dat
1 15 0 0 0 1 0 0 0 1 0 0 0 1 s/4492e2.dat
1 16 0 0 0 -1 0 0 0 1 0 0 0 1 s/4492e3.dat
1 16 0 0 0 1 0 0 0 1 0 0 0 1 s/4492e3.dat
1 6 0 0 0 -1 0 0 0 1 0 0 0 1 s/4492b2.dat
1 6 0 0 0 1 0 0 0 1 0 0 0 1 s/4492b2.dat
1 15 0 0 0 -1 0 0 0 1 0 0 0 1 s/4492b1.dat
1 15 0 0 0 1 0 0 0 1 0 0 0 1 s/4492b1.dat
1 16 0 0 0 1 0 0 0 1 0 0 0 1 s/4492m.dat
1 16 0 0 0 -1 0 0 0 1 0 0 0 1 s/4492m.dat
1 16 0 0 0 1 0 0 0 1 0 0 0 1 s/4492h.dat

0 FILE parts/s/3460s01.dat
0 ~Plate  1 x  8 without Front Face
0 Name: s\3460s01.dat
0 Author: Massimo Maso [Sirio]
0 !LDRAW_ORG Subpart UPDATE 2024-01
0 !LICENSE Licensed under CC BY 4.0 : see CAreadme.txt

0 BFC CERTIFY CCW

0 !HISTORY 2024-01-29 [OrionP] Official Update 2024-01


1 16 0 4 0 1 0 0 0 -1 0 0 0 1 stug3-1x7.dat
0 BFC INVERTNEXT
1 16 0 8 0 76 0 0 0 -4 0 0 0 6 box5.dat
4 16 80 8 10 76 8 6 -76 8 6 -80 8 10
4 16 -80 8 10 -76 8 6 -76 8 -6 -80 8 -10
4 16 -80 8 -10 -76 8 -6 76 8 -6 80 8 -10
4 16 80 8 -10 76 8 -6 76 8 6 80 8 10
1 16 0 8 0 80 0 0 0 -8 0 0 0 10 box4t.dat
1 16 0 0 0 1 0 0 0 1 0 0 0 1 stug-1x8.dat

0 FILE 4032a.dat
0 Plate  2 x  2 Round with Axlehole
0 Name: 4032a.dat
0 Author: James Jessiman
0 !LDRAW_ORG Part UPDATE 2022-02
0 !LICENSE Licensed under CC BY 4.0 : see CAreadme.txt

0 BFC CERTIFY CCW

0 !KEYWORDS BrickLink 4032

0 !HISTORY 2004-03-25 [westrate] Added stud10, replaced quads with primitives, BFCed
0 !HISTORY 2004-11-06 [PTadmin] Official Update 2004-04
0 !HISTORY 2007-06-30 [PTadmin] Header formatted for Contributor Agreement
0 !HISTORY 2008-07-01 [PTadmin] Official Update 2008-01
0 !HISTORY 2010-01-30 [mikeheide] optimized axlehole
0 !HISTORY 2010-01-31 [PTadmin] Renamed from 4032
0 !HISTORY 2010-12-31 [PTadmin] Official Update 2010-03
0 !HISTORY 2022-01-02 [MagFors] Reshaped axlehole, removed surface bleeding
0 !HISTORY 2022-03-06 [PTadmin] Official Update 2022-02


1 16 0 0 0 1 0 0 0 1 0 0 0 1 s/4032s01.dat
1 16 0 0 0 0 0 1 0 1 0 -1 0 0 s/4032s01.dat
1 16 0 0 0 -1 0 0 0 1 0 0 0 -1 s/4032s01.dat
1 16 0 0 0 0 0 -1 0 1 0 1 0 0 s/4032s01.dat
1 16 0 4 0 1 0 0 0 -1 0 0 0 1 stud4a.dat
1 16 0 4 0 8 0 0 0 1 0 0 0 8 4-4edge.dat
1 16 0 4 0 8 0 0 0 -1 0 0 0 8 4-4ndis.dat
1 16 0 4 0 1 0 0 0 1 0 0 0 1 axlehol3.dat
1 16 0 0 0 1 0 0 0 4 0 0 0 1 axl5hol8.dat
1 16 0 0 0 1 0 0 0 1 0 0 0 1 axl5ho10.dat
1 16 0 4 0 0 0 1 0 -1 0 1 0 0 axl5ho10.dat
1 16 0 0 0 1 0 0 0 1 0 0 0 1 axlehol2.dat
1 16 0 0 0 1 0 0 0 1 0 0 0 1 axl5hol9.dat
1 16 0 4 0 1 0 0 0 1 0 0 0 1 axl5hol9.dat
1 16 0 0 0 6 0 0 0 1 0 0 0 6 4-4ndis.dat
1 16 0 0 0 1 0 0 0 1 0 0 0 1 stug10-2x2.dat

0 FILE box4.dat
0 Box with 4 Faces (2 Parallel Pairs) and All Edges
0 Name: box4.dat
0 Author: James Jessiman
0 !LDRAW_ORG Primitive UPDATE 2012-01
0 !LICENSE Licensed under CC BY 4.0 : see CAreadme.txt

0 BFC CERTIFY CCW

0 !HISTORY 2002-04-03 [sbliss] Modified for BFC compliance
0 !HISTORY 2002-04-25 [PTadmin] Official Update 2002-02
0 !HISTORY 2007-06-24 [PTadmin] Header formatted for Contributor Agreement
0 !HISTORY 2008-07-01 [PTadmin] Official Update 2008-01
0 !HISTORY 2012-02-16 [Philo] Changed to CCW
0 !HISTORY 2012-03-30 [PTadmin] Official Update 2012-01


2 24 1 1 1 -1 1 1
2 24 -1 1 1 -1 1 -1
2 24 -1 1 -1 1 1 -1
2 24 1 1 -1 1 1 1
2 24 1 0 1 -1 0 1
2 24 -1 0 1 -1 0 -1
2 24 -1 0 -1 1 0 -1
2 24 1 0 -1 1 0 1
2 24 1 0 1 1 1 1
2 24 -1 0 1 -1 1 1
2 24 1 0 -1 1 1 -1
2 24 -1 0 -1 -1 1 -1
4 16 -1 1 1 -1 0 1 1 0 1 1 1 1
4 16 -1 1 -1 -1 0 -1 -1 0 1 -1 1 1
4 16 1 1 -1 1 0 -1 -1 0 -1 -1 1 -1
4 16 1 1 1 1 0 1 1 0 -1 1 1 -1

0 FILE 4-4disc.dat
0 Disc 1.0
0 Name: 4-4disc.dat
0 Author: James Jessiman
0 !LDRAW_ORG Primitive UPDATE 2002-02
0 !LICENSE Licensed under CC BY 4.0 : see CAreadme.txt

0 BFC CERTIFY CCW

0 !HISTORY 1998-12-15 [PTadmin] Official Update 1998-10
0 !HISTORY 2002-03-23 [sbliss] Added BFC statement
0 !HISTORY 2002-04-25 [PTadmin] Official Update 2002-02
0 !HISTORY 2007-06-24 [PTadmin] Header formatted for Contributor Agreement
0 !HISTORY 2008-07-01 [PTadmin] Official Update 2008-01


3 16 0 0 0 1 0 0 0.9239 0 0.3827
3 16 0 0 0 0.9239 0 0.3827 0.7071 0 0.7071
3 16 0 0 0 0.7071 0 0.7071 0.3827 0 0.9239
3 16 0 0 0 0.3827 0 0.9239 0 0 1
3 16 0 0 0 0 0 1 -0.3827 0 0.9239
3 16 0 0 0 -0.3827 0 0.9239 -0.7071 0 0.7071
3 16 0 0 0 -0.7071 0 0.7071 -0.9239 0 0.3827
3 16 0 0 0 -0.9239 0 0.3827 -1 0 -0
3 16 0 0 0 -1 0 -0 -0.9239 0 -0.3827
3 16 0 0 0 -0.9239 0 -0.3827 -0.7071 0 -0.7071
3 16 0 0 0 -0.7071 0 -0.7071 -0.3827 0 -0.9239
3 16 0 0 0 -0.3827 0 -0.9239 0 0 -1
3 16 0 0 0 0 0 -1 0.3827 0 -0.9239
3 16 0 0 0 0.3827 0 -0.9239 0.7071 0 -0.7071
3 16 0 0 0 0.7071 0 -0.7071 0.9239 0 -0.3827
3 16 0 0 0 0.9239 0 -0.3827 1 0 0
0

0 FILE 4-4ring3.dat
0 Ring  3 x 1.0
0 Name: 4-4ring3.dat
0 Author: James Jessiman
0 !LDRAW_ORG Primitive UPDATE 2009-01
0 !LICENSE Licensed under CC BY 4.0 : see CAreadme.txt

0 BFC CERTIFY CCW

0 !HISTORY 1998-12-15 [PTadmin] Official Update 1998-10
0 !HISTORY 2002-04-05 [hafhead] Added BFC statement
0 !HISTORY 2002-04-25 [PTadmin] Official Update 2002-02
0 !HISTORY 2007-06-24 [PTadmin] Header formatted for Contributor Agreement
0 !HISTORY 2008-07-01 [PTadmin] Official Update 2008-01
0 !HISTORY 2008-08-26 [cwdee] Switch polygon winding and rename
0 !HISTORY 2009-05-02 [PTadmin] Official Update 2009-01


4 16 -1.5308 0 3.6956 -1.1481 0 2.7717 0 0 3 0 0 4
4 16 -2.8284 0 2.8284 -2.1213 0 2.1213 -1.1481 0 2.7717 -1.5308 0 3.6956
4 16 -3.6956 0 1.5308 -2.7717 0 1.1481 -2.1213 0 2.1213 -2.8284 0 2.8284
4 16 -4 0 0 -3 0 0 -2.7717 0 1.1481 -3.6956 0 1.5308
4 16 -3.6956 0 -1.5308 -2.7717 0 -1.1481 -3 0 0 -4 0 0
4 16 -2.8284 0 -2.8284 -2.1213 0 -2.1213 -2.7717 0 -1.1481 -3.6956 0 -1.5308
4 16 -1.5308 0 -3.6956 -1.1481 0 -2.7717 -2.1213 0 -2.1213 -2.8284 0 -2.8284
4 16 0 0 -4 0 0 -3 -1.1481 0 -2.7717 -1.5308 0 -3.6956
4 16 1.5308 0 -3.6956 1.1481 0 -2.7717 0 0 -3 0 0 -4
4 16 2.8284 0 -2.8284 2.1213 0 -2.1213 1.1481 0 -2.7717 1.5308 0 -3.6956
4 16 3.6956 0 -1.5308 2.7717 0 -1.1481 2.1213 0 -2.1213 2.8284 0 -2.8284
4 16 4 0 0 3 0 0 2.7717 0 -1.1481 3.6956 0 -1.5308
4 16 3.6956 0 1.5308 2.7717 0 1.1481 3 0 0 4 0 0
4 16 2.8284 0 2.8284 2.1213 0 2.1213 2.7717 0 1.1481 3.6956 0 1.5308
4 16 1.5308 0 3.6956 1.1481 0 2.7717 2.1213 0 2.1213 2.8284 0 2.8284
4 16 0 0 4 0 0 3 1.1481 0 2.7717 1.5308 0 3.6956
0

0 FILE parts/s/3023bs01.dat
0 ~Plate  1 x  2 without Front Face
0 Name: s\3023bs01.dat
0 Author: Massimo Maso [Sirio]
0 !LDRAW_ORG Subpart UPDATE 2023-03
0 !LICENSE Licensed under CC BY 4.0 : see CAreadme.txt

0 BFC CERTIFY CCW

0 !HISTORY 2022-01-14 [PTadmin] Official Update 2022-01
0 !HISTORY 2023-05-27 [OrionP] Moved from s\3023s01.dat
0 !HISTORY 2023-06-24 [OrionP] Official Update 2023-03


0 // Primitves
1 16 0 4 0 1 0 0 0 -1 0 0 0 1 stud3.dat
0 BFC INVERTNEXT
1 16 0 8 0 16 0 0 0 -4 0 0 0 6 box5.dat
1 16 0 8 0 20 0 0 0 -8 0 0 0 10 box4t.dat
1 16 0 0 0 1 0 0 0 1 0 0 0 1 stug-1x2.dat
0 // Faces
4 16 20 8 10 16 8 6 -16 8 6 -20 8 10
4 16 -20 8 10 -16 8 6 -16 8 -6 -20 8 -10
4 16 -20 8 -10 -16 8 -6 16 8 -6 20 8 -10
4 16 20 8 -10 16 8 -6 16 8 6 20 8 10

0 FILE box4t.dat
0 Box with 4 Adjacent Faces and All Edges
0 Name: box4t.dat
0 Author: Tore Eriksson [Tore_Eriksson]
0 !LDRAW_ORG Primitive UPDATE 2003-02
0 !LICENSE Licensed under CC BY 4.0 : see CAreadme.txt

0 BFC CERTIFY CCW

0 !HISTORY 1997-09-29 [PTadmin] Official Update 1997-15
0 !HISTORY 2002-08-31 [izanette] Modified with WINDZ for BFC compliance
0 !HISTORY 2003-08-01 [PTadmin] Official Update 2003-02
0 !HISTORY 2007-06-24 [PTadmin] Header formatted for Contributor Agreement
0 !HISTORY 2008-07-01 [PTadmin] Official Update 2008-01


2 24 1 1 1 -1 1 1
2 24 -1 1 1 -1 1 -1
2 24 -1 1 -1 1 1 -1
2 24 1 1 -1 1 1 1
2 24 1 0 1 -1 0 1
2 24 -1 0 1 -1 0 -1
2 24 -1 0 -1 1 0 -1
2 24 1 0 -1 1 0 1
2 24 1 0 1 1 1 1
2 24 -1 0 1 -1 1 1
2 24 1 0 -1 1 1 -1
2 24 -1 0 -1 -1 1 -1
4 16 1 1 1 1 1 -1 -1 1 -1 -1 1 1
4 16 1 1 1 -1 1 1 -1 0 1 1 0 1
4 16 -1 1 1 -1 1 -1 -1 0 -1 -1 0 1
0 // 4 16 -1 1 -1 -1 0 -1 1 0 -1 1 1 -1
4 16 1 1 -1 1 1 1 1 0 1 1 0 -1
0

0 FILE 3-4edge.dat
0 Circle 0.75
0 Name: 3-4edge.dat
0 Author: James Jessiman
0 !LDRAW_ORG Primitive UPDATE 2017-01
0 !LICENSE Licensed under CC BY 4.0 : see CAreadme.txt

0 BFC CERTIFY CCW

0 !HISTORY 2007-06-24 [PTadmin] Header formatted for Contributor Agreement
0 !HISTORY 2008-07-01 [PTadmin] Official Update 2008-01
0 !HISTORY 2017-01-15 [Steffen] BFCed
0 !HISTORY 2017-12-30 [PTadmin] Official Update 2017-01


2 24 1 0 0 0.9239 0 0.3827
2 24 0.9239 0 0.3827 0.7071 0 0.7071
2 24 0.7071 0 0.7071 0.3827 0 0.9239
2 24 0.3827 0 0.9239 0 0 1
2 24 0 0 1 -0.3827 0 0.9239
2 24 -0.3827 0 0.9239 -0.7071 0 0.7071
2 24 -0.7071 0 0.7071 -0.9239 0 0.3827
2 24 -0.9239 0 0.3827 -1 0 0
2 24 -1 0 -0 -0.9239 0 -0.3827
2 24 -0.9239 0 -0.3827 -0.7071 0 -0.7071
2 24 -0.7071 0 -0.7071 -0.3827 0 -0.9239
2 24 -0.3827 0 -0.9239 0 0 -1

0 FILE 3-4disc.dat
0 Disc 0.75
0 Name: 3-4disc.dat
0 Author: James Jessiman
0 !LDRAW_ORG Primitive UPDATE 2002-02
0 !LICENSE Licensed under CC BY 4.0 : see CAreadme.txt

0 BFC CERTIFY CCW

0 !HISTORY 2002-03-23 [sbliss] Added BFC statement
0 !HISTORY 2002-04-25 [PTadmin] Official Update 2002-02
0 !HISTORY 2007-06-24 [PTadmin] Header formatted for Contributor Agreement
0 !HISTORY 2008-07-01 [PTadmin] Official Update 2008-01


3 16 0 0 0 1 0 0 0.9239 0 0.3827
3 16 0 0 0 0.9239 0 0.3827 0.7071 0 0.7071
3 16 0 0 0 0.7071 0 0.7071 0.3827 0 0.9239
3 16 0 0 0 0.3827 0 0.9239 0 0 1
3 16 0 0 0 0 0 1 -0.3827 0 0.9239
3 16 0 0 0 -0.3827 0 0.9239 -0.7071 0 0.7071
3 16 0 0 0 -0.7071 0 0.7071 -0.9239 0 0.3827
3 16 0 0 0 -0.9239 0 0.3827 -1 0 0
3 16 0 0 0 -1 0 0 -0.9239 0 -0.3827
3 16 0 0 0 -0.9239 0 -0.3827 -0.7071 0 -0.7071
3 16 0 0 0 -0.7071 0 -0.7071 -0.3827 0 -0.9239
3 16 0 0 0 -0.3827 0 -0.9239 0 0 -1
0

0 FILE 3-4cyli.dat
0 Cylinder 0.75
0 Name: 3-4cyli.dat
0 Author: James Jessiman
0 !LDRAW_ORG Primitive UPDATE 2005-01
0 !LICENSE Licensed under CC BY 4.0 : see CAreadme.txt

0 BFC CERTIFY CCW

0 !HISTORY 2002-03-23 [sbliss] Added BFC statement; compacted code
0 !HISTORY 2002-04-25 [PTadmin] Official Update 2002-02
0 !HISTORY 2004-12-11 [nielsk] Recreated using Primitive Generator, Edge lines fixed, BFC changed to CCW
0 !HISTORY 2005-12-28 [PTadmin] Official Update 2005-01
0 !HISTORY 2007-06-24 [PTadmin] Header formatted for Contributor Agreement
0 !HISTORY 2008-07-01 [PTadmin] Official Update 2008-01


4 16 .9239 1 .3827 .9239 0 .3827 1 0 0 1 1 0
4 16 .7071 1 .7071 .7071 0 .7071 .9239 0 .3827 .9239 1 .3827
4 16 .3827 1 .9239 .3827 0 .9239 .7071 0 .7071 .7071 1 .7071
4 16 0 1 1 0 0 1 .3827 0 .9239 .3827 1 .9239
4 16 -.3827 1 .9239 -.3827 0 .9239 0 0 1 0 1 1
4 16 -.7071 1 .7071 -.7071 0 .7071 -.3827 0 .9239 -.3827 1 .9239
4 16 -.9239 1 .3827 -.9239 0 .3827 -.7071 0 .7071 -.7071 1 .7071
4 16 -1 1 0 -1 0 0 -.9239 0 .3827 -.9239 1 .3827
4 16 -.9239 1 -.3827 -.9239 0 -.3827 -1 0 0 -1 1 0
4 16 -.7071 1 -.7071 -.7071 0 -.7071 -.9239 0 -.3827 -.9239 1 -.3827
4 16 -.3827 1 -.9239 -.3827 0 -.9239 -.7071 0 -.7071 -.7071 1 -.7071
4 16 0 1 -1 0 0 -1 -.3827 0 -.9239 -.3827 1 -.9239
5 24 1 1 0 1 0 0 1 1 -.4142 .9239 1 .3827
5 24 .9239 1 .3827 .9239 0 .3827 1 1 0 .7071 1 .7071
5 24 .7071 1 .7071 .7071 0 .7071 .9239 1 .3827 .3827 1 .9239
5 24 .3827 1 .9239 .3827 0 .9239 .7071 1 .7071 0 1 1
5 24 0 1 1 0 0 1 .3827 1 .9239 -.3827 1 .9239
5 24 -.3827 1 .9239 -.3827 0 .9239 0 1 1 -.7071 1 .7071
5 24 -.7071 1 .7071 -.7071 0 .7071 -.3827 1 .9239 -.9239 1 .3827
5 24 -.9239 1 .3827 -.9239 0 .3827 -.7071 1 .7071 -1 1 0
5 24 -1 1 0 -1 0 0 -.9239 1 .3827 -.9239 1 -.3827
5 24 -.9239 1 -.3827 -.9239 0 -.3827 -1 1 0 -.7071 1 -.7071
5 24 -.7071 1 -.7071 -.7071 0 -.7071 -.9239 1 -.3827 -.3827 1 -.9239
5 24 -.3827 1 -.9239 -.3827 0 -.9239 -.7071 1 -.7071 0 1 -1
5 24 0 1 -1 0 0 -1 -.3827 1 -.9239 .4142 1 -1
0

0 FILE 4-4ring2.dat
0 Ring  2 x 1.0
0 Name: 4-4ring2.dat
0 Author: James Jessiman
0 !LDRAW_ORG Primitive UPDATE 2009-01
0 !LICENSE Licensed under CC BY 4.0 : see CAreadme.txt

0 BFC CERTIFY CCW

0 !HISTORY 1998-12-15 [PTadmin] Official Update 1998-10
0 !HISTORY 2002-04-05 [hafhead] Added BFC statement
0 !HISTORY 2002-04-25 [PTadmin] Official Update 2002-02
0 !HISTORY 2007-06-24 [PTadmin] Header formatted for Contributor Agreement
0 !HISTORY 2008-07-01 [PTadmin] Official Update 2008-01
0 !HISTORY 2008-08-26 [cwdee] Switch polygon winding and rename
0 !HISTORY 2009-05-02 [PTadmin] Official Update 2009-01


4 16 -1.1481 0 2.7717 -0.7654 0 1.8478 0 0 2 0 0 3
4 16 -2.1213 0 2.1213 -1.4142 0 1.4142 -0.7654 0 1.8478 -1.1481 0 2.7717
4 16 -2.7717 0 1.1481 -1.8478 0 0.7654 -1.4142 0 1.4142 -2.1213 0 2.1213
4 16 -3 0 0 -2 0 0 -1.8478 0 0.7654 -2.7717 0 1.1481
4 16 -2.7717 0 -1.1481 -1.8478 0 -0.7654 -2 0 0 -3 0 0
4 16 -2.1213 0 -2.1213 -1.4142 0 -1.4142 -1.8478 0 -0.7654 -2.7717 0 -1.1481
4 16 -1.1481 0 -2.7717 -0.7654 0 -1.8478 -1.4142 0 -1.4142 -2.1213 0 -2.1213
4 16 0 0 -3 0 0 -2 -0.7654 0 -1.8478 -1.1481 0 -2.7717
4 16 1.1481 0 -2.7717 0.7654 0 -1.8478 0 0 -2 0 0 -3
4 16 2.1213 0 -2.1213 1.4142 0 -1.4142 0.7654 0 -1.8478 1.1481 0 -2.7717
4 16 2.7717 0 -1.1481 1.8478 0 -0.7654 1.4142 0 -1.4142 2.1213 0 -2.1213
4 16 3 0 0 2 0 0 1.8478 0 -0.7654 2.7717 0 -1.1481
4 16 2.7717 0 1.1481 1.8478 0 0.7654 2 0 0 3 0 0
4 16 2.1213 0 2.1213 1.4142 0 1.4142 1.8478 0 0.7654 2.7717 0 1.1481
4 16 1.1481 0 2.7717 0.7654 0 1.8478 1.4142 0 1.4142 2.1213 0 2.1213
4 16 0 0 3 0 0 2 0.7654 0 1.8478 1.1481 0 2.7717
0

0 FILE 4-4cylc.dat
0 Cylinder Closed 1.0
0 Name: 4-4cylc.dat
0 Author: Alex Taylor [anathema]
0 !LDRAW_ORG Primitive UPDATE 2009-02
0 !LICENSE Licensed under CC BY 4.0 : see CAreadme.txt

0 BFC CERTIFY CCW

0 !HISTORY 2008-12-29 [cwdee] Removed one disc
0 !HISTORY 2009-09-03 [PTadmin] Official Update 2009-02


1 16 0 0 0 1 0 0 0 1 0 0 0 1 4-4edge.dat
1 16 0 1 0 1 0 0 0 1 0 0 0 1 4-4edge.dat
1 16 0 0 0 1 0 0 0 1 0 0 0 1 4-4disc.dat
1 16 0 0 0 1 0 0 0 1 0 0 0 1 4-4cyli.dat
0

0 FILE parts/s/3003s02.dat
0 ~Brick  2 x  2 without Front and Back Faces
0 Name: s\3003s02.dat
0 Author: Owen Burgoyne [C3POwen]
0 !LDRAW_ORG Subpart UPDATE 2013-02
0 !LICENSE Licensed under CC BY 4.0 : see CAreadme.txt

0 BFC CERTIFY CCW

0 !HISTORY 2013-12-23 [PTadmin] Official Update 2013-02


1 16 0 4 0 1 0 0 0 -5 0 0 0 1 stud4.dat
0 BFC INVERTNEXT
1 16 0 24 0 16 0 0 0 -20 0 0 0 16 box5.dat
4 16 20 24 20 16 24 16 -16 24 16 -20 24 20
4 16 -20 24 20 -16 24 16 -16 24 -16 -20 24 -20
4 16 -20 24 -20 -16 24 -16 16 24 -16 20 24 -20
4 16 20 24 -20 16 24 -16 16 24 16 20 24 20
2 24 20 24 20 -20 24 20
2 24 20 24 -20 -20 24 -20
1 16 0 24 0 0 0 20 0 -24 0 -20 0 0 box3u2p.dat
1 16 0 0 0 1 0 0 0 1 0 0 0 1 stug-2x2.dat

0 FILE 4-4ring4.dat
0 Ring  4 x 1.0
0 Name: 4-4ring4.dat
0 Author: James Jessiman
0 !LDRAW_ORG Primitive UPDATE 2009-01
0 !LICENSE Licensed under CC BY 4.0 : see CAreadme.txt

0 BFC CERTIFY CCW

0 !HISTORY 1998-12-15 [PTadmin] Official Update 1998-10
0 !HISTORY 2002-04-08 [BrickCaster] Modified for BFC compliance
0 !HISTORY 2002-04-25 [PTadmin] Official Update 2002-02
0 !HISTORY 2007-06-24 [PTadmin] Header formatted for Contributor Agreement
0 !HISTORY 2008-07-01 [PTadmin] Official Update 2008-01
0 !HISTORY 2008-08-26 [cwdee] Switch polygon winding and rename
0 !HISTORY 2009-05-02 [PTadmin] Official Update 2009-01


4 16 -1.9135 0 4.6195 -1.5308 0 3.6956 0 0 4 0 0 5
4 16 -3.5355 0 3.5355 -2.8284 0 2.8284 -1.5308 0 3.6956 -1.9135 0 4.6195
4 16 -4.6195 0 1.9135 -3.6956 0 1.5308 -2.8284 0 2.8284 -3.5355 0 3.5355
4 16 -5 0 0 -4 0 0 -3.6956 0 1.5308 -4.6195 0 1.9135
4 16 -4.6195 0 -1.9135 -3.6956 0 -1.5308 -4 0 0 -5 0 0
4 16 -3.5355 0 -3.5355 -2.8284 0 -2.8284 -3.6956 0 -1.5308 -4.6195 0 -1.9135
4 16 -1.9135 0 -4.6195 -1.5308 0 -3.6956 -2.8284 0 -2.8284 -3.5355 0 -3.5355
4 16 0 0 -5 0 0 -4 -1.5308 0 -3.6956 -1.9135 0 -4.6195
4 16 1.9135 0 -4.6195 1.5308 0 -3.6956 0 0 -4 0 0 -5
4 16 3.5355 0 -3.5355 2.8284 0 -2.8284 1.5308 0 -3.6956 1.9135 0 -4.6195
4 16 4.6195 0 -1.9135 3.6956 0 -1.5308 2.8284 0 -2.8284 3.5355 0 -3.5355
4 16 5 0 0 4 0 0 3.6956 0 -1.5308 4.6195 0 -1.9135
4 16 4.6195 0 1.9135 3.6956 0 1.5308 4 0 0 5 0 0
4 16 3.5355 0 3.5355 2.8284 0 2.8284 3.6956 0 1.5308 4.6195 0 1.9135
4 16 1.9135 0 4.6195 1.5308 0 3.6956 2.8284 0 2.8284 3.5355 0 3.5355
4 16 0 0 5 0 0 4 1.5308 0 3.6956 1.9135 0 4.6195
0

0 FILE stud4od.dat
0 Stud Tube Open without Outer Cylinder and Top Surface
0 Name: stud4od.dat
0 Author: Philippe Hurbain [Philo]
0 !LDRAW_ORG Primitive UPDATE 2013-02
0 !LICENSE Licensed under CC BY 4.0 : see CAreadme.txt

0 !HELP This stud is a "antistud" to be used like a underside stud,
0 !HELP but without the outer cylinder.
0 !HELP 1 47 0 0 0 1 0 0 0 1 0 0 0 1 stud4.dat

0 BFC CERTIFY CCW

0 !HISTORY 2013-12-23 [PTadmin] Official Update 2013-02


1 16 0 -4 0 2 0 0 0 1 0 0 0 2 4-4ring3.dat
0 BFC INVERTNEXT
1 16 0 0 0 -6 0 0 0 -4 0 0 0 6 4-4cylo.dat

0 FILE stug-1x4.dat
0 Stud Group  1 x  4
0 Name: stug-1x4.dat
0 Author: Steffen [Steffen]
0 !LDRAW_ORG Primitive UPDATE 2011-01
0 !LICENSE Licensed under CC BY 4.0 : see CAreadme.txt

0 BFC CERTIFY CCW

0 !HISTORY 2011-07-25 [PTadmin] Official Update 2011-01


1 16 -30 0 0 1 0 0 0 1 0 0 0 1 stud.dat
1 16 -10 0 0 1 0 0 0 1 0 0 0 1 stud.dat
1 16 10 0 0 1 0 0 0 1 0 0 0 1 stud.dat
1 16 30 0 0 1 0 0 0 1 0 0 0 1 stud.dat

0 FILE stug3-1x3.dat
0 Stud Tube Solid Group  1 x  3
0 Name: stug3-1x3.dat
0 Author: Steffen [Steffen]
0 !LDRAW_ORG Primitive UPDATE 2012-02
0 !LICENSE Licensed under CC BY 4.0 : see CAreadme.txt

0 BFC CERTIFY CCW

0 !HISTORY 2012-08-09 [PTadmin] Official Update 2012-02


1 16 -20 0 0 1 0 0 0 1 0 0 0 1 stud3.dat
1 16 0 0 0 1 0 0 0 1 0 0 0 1 stud3.dat
1 16 20 0 0 1 0 0 0 1 0 0 0 1 stud3.dat

0 FILE stud4a.dat
0 Stud Tube Open without Base Edges
0 Name: stud4a.dat
0 Author: James Jessiman
0 !LDRAW_ORG Primitive UPDATE 2009-02
0 !LICENSE Licensed under CC BY 4.0 : see CAreadme.txt

0 BFC CERTIFY CCW

0 !HISTORY 1999-07-05 [PTadmin] Official Update 1999-05
0 !HISTORY 2002-04-04 [sbliss] Modified for BFC compliance
0 !HISTORY 2002-04-25 [PTadmin] Official Update 2002-02
0 !HISTORY 2007-06-24 [PTadmin] Header formatted for Contributor Agreement
0 !HISTORY 2008-07-01 [PTadmin] Official Update 2008-01
0 !HISTORY 2009-06-21 [cwdee] Update ring references to 4-4ring
0 !HISTORY 2009-09-03 [PTadmin] Official Update 2009-02


1 16 0 -4 0 6 0 0 0 1 0 0 0 6 4-4edge.dat
1 16 0 -4 0 8 0 0 0 1 0 0 0 8 4-4edge.dat
0 BFC INVERTNEXT
1 16 0 -4 0 6 0 0 0 4 0 0 0 6 4-4cyli.dat
1 16 0 -4 0 8 0 0 0 4 0 0 0 8 4-4cyli.dat
1 16 0 -4 0 2 0 0 0 1 0 0 0 2 4-4ring3.dat
0

0 FILE axlehol3.dat
0 Technic Axle Hole Tooth Outer Edges
0 Name: axlehol3.dat
0 Author: James Jessiman
0 !LDRAW_ORG Primitive UPDATE 2022-02
0 !LICENSE Licensed under CC BY 4.0 : see CAreadme.txt

0 BFC CERTIFY CCW

0 !HISTORY 2002-11-08 [OrionP] Adjusted fit and precision
0 !HISTORY 2003-03-12 [PTadmin] Official Update 2003-01
0 !HISTORY 2007-06-24 [PTadmin] Header formatted for Contributor Agreement
0 !HISTORY 2008-07-01 [PTadmin] Official Update 2008-01
0 !HISTORY 2021-12-24 [MagFors] rounded to four decimals
0 !HISTORY 2022-03-06 [PTadmin] Official Update 2022-02


1 16 0 0 0 5.54328 0 -2.2961 0 1 0 2.2961 0 5.54328 1-8edge.dat
2 24 5.6023 0 2 5.5433 0 2.2961
2 24 2.2961 0 5.5433 2 0 5.6023
1 16 0 0 0 2.2961 0 5.54328 0 1 0 -5.54328 0 2.2961 1-8edge.dat
2 24 2 0 -5.6023 2.2961 0 -5.5433
2 24 5.5433 0 -2.2961 5.6023 0 -2
1 16 0 0 0 -5.54328 0 2.2961 0 1 0 -2.2961 0 -5.54328 1-8edge.dat
2 24 -5.6023 0 -2 -5.5433 0 -2.2961
2 24 -2.2961 0 -5.5433 -2 0 -5.6023
1 16 0 0 0 -2.2961 0 -5.54328 0 1 0 5.54328 0 -2.2961 1-8edge.dat
2 24 -2 0 5.6023 -2.2961 0 5.5433
2 24 -5.5433 0 2.2961 -5.6023 0 2

0 FILE axlehole.dat
0 Technic Axle Hole Closed
0 Name: axlehole.dat
0 Author: James Jessiman
0 !LDRAW_ORG Primitive UPDATE 2022-02
0 !LICENSE Licensed under CC BY 4.0 : see CAreadme.txt

0 BFC CERTIFY CCW

0 !HISTORY 2000-04-23 [sbliss] Added conditional edges along outermost diameters
0 !HISTORY 2000-05-07 [PTadmin] Official Update 2000-01
0 !HISTORY 2002-05-08 [OrionP] Made BFC compliant
0 !HISTORY 2002-08-18 [PTadmin] Official Update 2002-04
0 !HISTORY 2002-11-08 [OrionP] Adjusted fit and precision
0 !HISTORY 2003-03-12 [PTadmin] Official Update 2003-01
0 !HISTORY 2005-05-15 [guyvivan] Use 1-8chrd.dat primitive and made BFC'ed CCW
0 !HISTORY 2005-12-28 [PTadmin] Official Update 2005-01
0 !HISTORY 2007-06-24 [PTadmin] Header formatted for Contributor Agreement
0 !HISTORY 2008-07-01 [PTadmin] Official Update 2008-01
0 !HISTORY 2021-03-25 [Sirio] Added adapter rings and rounded to four decimals
0 !HISTORY 2021-12-20 [MagFors] Reshaped the hole
0 !HISTORY 2022-03-06 [PTadmin] Official Update 2022-02


1 16 0 0 0 1 0 0 0 1 0 0 0 1 axl5hol9.dat
1 16 0 1 0 1 0 0 0 1 0 0 0 1 axl5hol9.dat
1 16 0 0 0 1 0 0 0 1 0 0 0 1 axl5ho10.dat
1 16 0 1 0 1 0 0 0 -1 0 0 0 -1 axl5ho10.dat

1 16 0 0 0 1 0 0 0 1 0 0 0 1 axl5hol8.dat

0 // Adapter rings
1 16 0 0 0 6 0 0 0 1 0 0 0 6 1-16chrd.dat
1 16 0 0 0 0 0 6 0 1 0 6 0 0 1-16chrd.dat
1 16 0 0 0 0 0 -6 0 1 0 6 0 0 1-16chrd.dat
1 16 0 0 0 -6 0 0 0 1 0 0 0 6 1-16chrd.dat
1 16 0 0 0 -6 0 0 0 1 0 0 0 -6 1-16chrd.dat
1 16 0 0 0 0 0 -6 0 1 0 -6 0 0 1-16chrd.dat
1 16 0 0 0 0 0 6 0 1 0 -6 0 0 1-16chrd.dat
1 16 0 0 0 6 0 0 0 1 0 0 0 -6 1-16chrd.dat

1 16 0 1 0 6 0 0 0 -1 0 0 0 6 1-16chrd.dat
1 16 0 1 0 0 0 6 0 -1 0 6 0 0 1-16chrd.dat
1 16 0 1 0 0 0 -6 0 -1 0 6 0 0 1-16chrd.dat
1 16 0 1 0 -6 0 0 0 -1 0 0 0 6 1-16chrd.dat
1 16 0 1 0 -6 0 0 0 -1 0 0 0 -6 1-16chrd.dat
1 16 0 1 0 0 0 -6 0 -1 0 -6 0 0 1-16chrd.dat
1 16 0 1 0 0 0 6 0 -1 0 -6 0 0 1-16chrd.dat
1 16 0 1 0 6 0 0 0 -1 0 0 0 -6 1-16chrd.dat

0 FILE axlehol2.dat
0 Technic Axle Hole Side Edges
0 Name: axlehol2.dat
0 Author: James Jessiman
0 !LDRAW_ORG Primitive UPDATE 2022-02
0 !LICENSE Licensed under CC BY 4.0 : see CAreadme.txt

0 BFC CERTIFY CCW

0 !HISTORY 2002-11-08 [OrionP] Adjusted fit and precision
0 !HISTORY 2003-03-12 [PTadmin] Official Update 2003-01
0 !HISTORY 2007-06-24 [PTadmin] Header formatted for Contributor Agreement
0 !HISTORY 2008-07-01 [PTadmin] Official Update 2008-01
0 !HISTORY 2021-12-24 [MagFors] rounded to four decimals
0 !HISTORY 2022-03-06 [PTadmin] Official Update 2022-02


2 24 6 0 0 5.6023 0 2
2 24 2 0 5.6023 0 0 6
2 24 -6 0 0 -5.6023 0 2
2 24 -2 0 5.6023 0 0 6
2 24 6 0 0 5.6023 0 -2
2 24 2 0 -5.6023 0 0 -6
2 24 -6 0 0 -5.6023 0 -2
2 24 -2 0 -5.6023 0 0 -6

0 FILE 1-8chrd.dat
0 Chord 0.125
0 Name: 1-8chrd.dat
0 Author: Orion Pobursky [OrionP]
0 !LDRAW_ORG Primitive UPDATE 2023-05
0 !LICENSE Licensed under CC BY 4.0 : see CAreadme.txt

0 BFC CERTIFY CCW

0 !HISTORY 2004-04-22 [PTadmin] Official Update 2004-02
0 !HISTORY 2007-06-22 [PTadmin] Header formatted for Contributor Agreement
0 !HISTORY 2008-07-01 [PTadmin] Official Update 2008-01
0 !HISTORY 2023-10-27 [OrionP] Rebuilt with PrimGen2, original author westrate
0 !HISTORY 2023-10-31 [OrionP] Official Update 2023-05

3 16 1 0 0 0.9239 0 0.3827 0.7071 0 0.7071

0 FILE 4-4ring1.dat
0 Ring  1 x 1.0
0 Name: 4-4ring1.dat
0 Author: James Jessiman
0 !LDRAW_ORG Primitive UPDATE 2009-01
0 !LICENSE Licensed under CC BY 4.0 : see CAreadme.txt

0 BFC CERTIFY CCW

0 !HISTORY 1998-12-15 [PTadmin] Official Update 1998-10
0 !HISTORY 2002-04-08 [BrickCaster] Modified for BFC compliance
0 !HISTORY 2002-04-25 [PTadmin] Official Update 2002-02
0 !HISTORY 2007-06-24 [PTadmin] Header formatted for Contributor Agreement
0 !HISTORY 2008-07-01 [PTadmin] Official Update 2008-01
0 !HISTORY 2008-08-26 [cwdee] Switch polygon winding and rename
0 !HISTORY 2009-05-02 [PTadmin] Official Update 2009-01


4 16 -0.7654 0 1.8478 -0.3827 0 0.9239 0 0 1 0 0 2
4 16 -1.4142 0 1.4142 -0.7071 0 0.7071 -0.3827 0 0.9239 -0.7654 0 1.8478
4 16 -1.8478 0 0.7654 -0.9239 0 0.3827 -0.7071 0 0.7071 -1.4142 0 1.41420
4 16 -2 0 0 -1 0 0 -0.9239 0 0.3827 -1.8478 0 0.7654
4 16 -1.8478 0 -0.7654 -0.9239 0 -0.3827 -1 0 0 -2 0 0
4 16 -1.4142 0 -1.4142 -0.7071 0 -0.7071 -0.9239 0 -0.3827 -1.8478 0 -0.7654
4 16 -0.7654 0 -1.8478 -0.3827 0 -0.9239 -0.7071 0 -0.7071 -1.4142 0 -1.4142
4 16 0 0 -2 0 0 -1 -0.3827 0 -0.9239 -0.7654 0 -1.8478
4 16 0.7654 0 -1.8478 0.3827 0 -0.9239 0 0 -1 0 0 -2
4 16 1.4142 0 -1.4142 0.7071 0 -0.7071 0.3827 0 -0.9239 0.7654 0 -1.8478
4 16 1.8478 0 -0.7654 0.9239 0 -0.3827 0.7071 0 -0.7071 1.4142 0 -1.4142
4 16 2 0 0 1 0 0 0.9239 0 -0.3827 1.8478 0 -0.7654
4 16 1.8478 0 0.7654 0.9239 0 0.3827 1 0 0 2 0 0
4 16 1.4142 0 1.4142 0.7071 0 0.7071 0.9239 0 0.3827 1.8478 0 0.7654
4 16 0.7654 0 1.8478 0.3827 0 0.9239 0.7071 0 0.7071 1.4142 0 1.4142
4 16 0 0 2 0 0 1 0.3827 0 0.9239 0.7654 0 1.8478
0

0 FILE stug10-2x2.dat
0 Stud Group Truncated Laterally Curved 40D for Round 2 x 2 Parts
0 Name: stug10-2x2.dat
0 Author: Magnus Forsberg [MagFors]
0 !LDRAW_ORG Primitive UPDATE 2020-01
0 !LICENSE Licensed under CC BY 4.0 : see CAreadme.txt

0 BFC CERTIFY CCW

0 !HISTORY 2019-06-28 [PTadmin] Official Update 2019-01
0 !HISTORY 2020-06-28 [PTadmin] Official Update 2020-01


0 // activate next lines to add logos on studs
0 // 1 16 10 -4 10 1 0 0 0 1 0 0 0 1 logo5.dat
0 // 1 16 -10 -4 10 1 0 0 0 1 0 0 0 1 logo5.dat
0 // 1 16 -10 -4 -10 1 0 0 0 1 0 0 0 1 logo5.dat
0 // 1 16 10 -4 -10 1 0 0 0 1 0 0 0 1 logo5.dat

1 16 10 0 10 1 0 0 0 1 0 0 0 1 stud10.dat
1 16 -10 0 10 0 0 -1 0 1 0 1 0 0 stud10.dat
1 16 10 0 -10 0 0 1 0 1 0 -1 0 0 stud10.dat
1 16 -10 0 -10 -1 0 0 0 1 0 0 0 -1 stud10.dat

0 FILE stug-1x3.dat
0 Stud Group  1 x  3
0 Name: stug-1x3.dat
0 Author: Steffen [Steffen]
0 !LDRAW_ORG Primitive UPDATE 2012-01
0 !LICENSE Licensed under CC BY 4.0 : see CAreadme.txt

0 BFC CERTIFY CCW

0 !HISTORY 2012-03-30 [PTadmin] Official Update 2012-01


1 16 -20 0 0 1 0 0 0 1 0 0 0 1 stud.dat
1 16 0 0 0 1 0 0 0 1 0 0 0 1 stud.dat
1 16 20 0 0 1 0 0 0 1 0 0 0 1 stud.dat

0 FILE stud3a.dat
0 Stud Tube Solid without Base Edges
0 Name: stud3a.dat
0 Author: James Jessiman
0 !LDRAW_ORG Primitive UPDATE 2003-02
0 !LICENSE Licensed under CC BY 4.0 : see CAreadme.txt

0 BFC CERTIFY CCW

0 !HISTORY 2002-08-31 [izanette] Modified with WINDZ for BFC compliance
0 !HISTORY 2003-08-01 [PTadmin] Official Update 2003-02
0 !HISTORY 2007-06-24 [PTadmin] Header formatted for Contributor Agreement
0 !HISTORY 2008-07-01 [PTadmin] Official Update 2008-01


1 16 0 -4 0 4 0 0 0 1 0 0 0 4 4-4edge.dat
1 16 0 -4 0 4 0 0 0 1 0 0 0 4 4-4disc.dat
1 16 0 -4 0 4 0 0 0 4 0 0 0 4 4-4cyli.dat
0

0 FILE 1-4cyls.dat
0 Cylinder Sloped 0.25
0 Name: 1-4cyls.dat
0 Author: James Jessiman
0 !LDRAW_ORG Primitive UPDATE 2012-01
0 !LICENSE Licensed under CC BY 4.0 : see CAreadme.txt

0 BFC CERTIFY CCW

0 !HISTORY 1998-12-15 [PTadmin] Official Update 1998-10
0 !HISTORY 2002-07-03 [sbliss] Added BFC statement
0 !HISTORY 2002-08-18 [PTadmin] Official Update 2002-04
0 !HISTORY 2007-06-22 [PTadmin] Header formatted for Contributor Agreement
0 !HISTORY 2008-07-01 [PTadmin] Official Update 2008-01
0 !HISTORY 2012-02-16 [Philo] Changed to CCW
0 !HISTORY 2012-03-30 [PTadmin] Official Update 2012-01


3 16 0.9239 0.0761 0.3827 0.9239 0 0.3827 1 0 0
4 16 0.9239 0.0761 0.3827 0.7071 0.2929 0.7071 0.7071 0 0.7071 0.9239 0 0.3827
4 16 0.7071 0.2929 0.7071 0.3827 0.6173 0.9239 0.3827 0 0.9239 0.7071 0 0.7071
4 16 0.3827 0.6173 0.9239 0 1 1 0 0 1 0.3827 0 0.9239

5 24 0.9239 0 0.3827 0.9239 0.0761 0.3827 0.7071 0 0.7071 1 0 0
5 24 0.7071 0 0.7071 0.7071 0.2929 0.7071 0.3827 0 0.9239 0.9239 0 0.3827
5 24 0.3827 0 0.9239 0.3827 0.6173 0.9239 0 0 1 0.7071 0 0.7071
5 24 0 0 1 0 1 1 0.3827 0 0.9239 -1 0 1

0 FILE p/48/1-8edge.dat
0 Hi-Res Circle 0.125
0 Name: 48\1-8edge.dat
0 Author: [PTadmin]
0 !LDRAW_ORG 48_Primitive UPDATE 2017-01
0 !LICENSE Licensed under CC BY 4.0 : see CAreadme.txt

0 BFC CERTIFY CCW

0 !HISTORY 2000-09-30 [PTadmin] Official Update 2000-02
0 !HISTORY 2007-10-13 [PTadmin] Header formatted for Contributor Agreement
0 !HISTORY 2008-07-01 [PTadmin] Official Update 2008-01
0 !HISTORY 2017-01-17 [Steffen] added BFC CERTIFY statement
0 !HISTORY 2017-12-30 [PTadmin] Official Update 2017-01


2 24 1 0 0 0.9914 0 0.1305
2 24 0.9914 0 0.1305 0.9659 0 0.2588
2 24 0.9659 0 0.2588 0.9239 0 0.3827
2 24 0.9239 0 0.3827 0.866 0 0.5
2 24 0.866 0 0.5 0.7934 0 0.6088
2 24 0.7934 0 0.6088 0.7071 0 0.7071

0 FILE p/48/1-8cyli.dat
0 Hi-Res Cylinder 0.125
0 Name: 48\1-8cyli.dat
0 Author: Steve Bliss [sbliss]
0 !LDRAW_ORG 48_Primitive UPDATE 2004-04
0 !LICENSE Licensed under CC BY 4.0 : see CAreadme.txt

0 BFC CERTIFY CCW

0 !HISTORY 2000-05-07 [PTadmin] Official Update 2000-01
0 !HISTORY 2004-10-12 [sbliss] fixed title, BFC'ed
0 !HISTORY 2004-11-06 [PTadmin] Official Update 2004-04
0 !HISTORY 2007-06-24 [PTadmin] Header formatted for Contributor Agreement
0 !HISTORY 2008-07-01 [PTadmin] Official Update 2008-01


5 24 1 0 0 1 1 0 0.9914 0 0.1305 1 0 -1
5 24 0.9914 0 0.1305 0.9914 1 0.1305 0.9659 0 0.2588 1 0 0
5 24 0.9659 0 0.2588 0.9659 1 0.2588 0.9239 0 0.3827 0.9914 0 0.1305
5 24 0.9239 0 0.3827 0.9239 1 0.3827 0.8660 0 0.5000 0.9659 0 0.2588
5 24 0.8660 0 0.5000 0.8660 1 0.5000 0.7934 0 0.6088 0.9239 0 0.3827
5 24 0.7934 0 0.6088 0.7934 1 0.6088 0.7071 0 0.7071 0.8660 0 0.5000
5 24 0.7071 0 0.7071 0.7071 1 0.7071 0.6088 0 0.7934 0.7934 0 0.6088

4 16 0.9914 1 0.1305 0.9914 0 0.1305 1 0 0 1 1 0
4 16 0.9659 1 0.2588 0.9659 0 0.2588 0.9914 0 0.1305 0.9914 1 0.1305
4 16 0.9239 1 0.3827 0.9239 0 0.3827 0.9659 0 0.2588 0.9659 1 0.2588
4 16 0.8660 1 0.5000 0.8660 0 0.5000 0.9239 0 0.3827 0.9239 1 0.3827
4 16 0.7934 1 0.6088 0.7934 0 0.6088 0.8660 0 0.5000 0.8660 1 0.5000
4 16 0.7071 1 0.7071 0.7071 0 0.7071 0.7934 0 0.6088 0.7934 1 0.6088
0

0 FILE 4-4cyls.dat
0 Cylinder Sloped 1.0
0 Name: 4-4cyls.dat
0 Author: Donald Sutter [technog]
0 !LDRAW_ORG Primitive UPDATE 2012-01
0 !LICENSE Licensed under CC BY 4.0 : see CAreadme.txt

0 BFC CERTIFY CCW

0 !HISTORY 2003-08-01 [PTadmin] Official Update 2003-02
0 !HISTORY 2007-06-24 [PTadmin] Header formatted for Contributor Agreement
0 !HISTORY 2008-07-01 [PTadmin] Official Update 2008-01
0 !HISTORY 2012-02-16 [Philo] Changed to CCW
0 !HISTORY 2012-03-30 [PTadmin] Official Update 2012-01


3 16 0.9239 0.0761 0.3827 0.9239 0 0.3827 1 0 0
5 24 0.9239 0 0.3827 0.9239 0.0761 0.3827 0.7071 0 0.7071 1 0 0
4 16 0.9239 0.0761 0.3827 0.7071 0.2929 0.7071 0.7071 0 0.7071 0.9239 0 0.3827
5 24 0.7071 0 0.7071 0.7071 0.2929 0.7071 0.3827 0 0.9239 0.9239 0 0.3827
4 16 0.7071 0.2929 0.7071 0.3827 0.6173 0.9239 0.3827 0 0.9239 0.7071 0 0.7071
5 24 0.3827 0 0.9239 0.3827 0.6173 0.9239 0 0 1 0.7071 0 0.7071
4 16 0.3827 0.6173 0.9239 0 1 1 0 0 1 0.3827 0 0.9239
5 24 0 0 1 0 1 1 -0.3827 0 0.9239 0.3827 0 0.9239
4 16 0 1 1 -0.3827 1.3827 0.9239 -0.3827 0 0.9239 0 0 1
5 24 -0.3827 0 0.9239 -0.3827 1.3827 0.9239 -0.7071 0 0.7071 0 0 1
4 16 -0.3827 1.3827 0.9239 -0.7071 1.7071 0.7071 -0.7071 0 0.7071 -0.3827 0 0.9239
5 24 -0.7071 0 0.7071 -0.7071 1.7071 0.7071 -0.9239 0 0.3827 -0.3827 0 0.9239
4 16 -0.7071 1.7071 0.7071 -0.9239 1.9239 0.3827 -0.9239 0 0.3827 -0.7071 0 0.7071
5 24 -0.9239 0 0.3827 -0.9239 1.9239 0.3827 -1 0 0 -0.7071 0 0.7071
4 16 -0.9239 1.9239 0.3827 -1 2 0 -1 0 0 -0.9239 0 0.3827
5 24 -1 0 0 -1 2 0 -0.9239 0 -0.3827 -0.9239 0 0.3827
4 16 -1 2 0 -0.9239 1.9239 -0.3827 -0.9239 0 -0.3827 -1 0 0
5 24 -0.9239 0 -0.3827 -0.9239 1.9239 -0.3827 -1 0 0 -0.7071 0 -0.7071
4 16 -0.9239 1.9239 -0.3827 -0.7071 1.7071 -0.7071 -0.7071 0 -0.7071 -0.9239 0 -0.3827
5 24 -0.7071 0 -0.7071 -0.7071 1.7071 -0.7071 -0.9239 0 -0.3827 -0.3827 0 -0.9239
4 16 -0.7071 1.7071 -0.7071 -0.3827 1.3827 -0.9239 -0.3827 0 -0.9239 -0.7071 0 -0.7071
5 24 -0.3827 0 -0.9239 -0.3827 1.3827 -0.9239 -0.7071 0 -0.7071 0 0 -1
4 16 -0.3827 1.3827 -0.9239 0 1 -1 0 0 -1 -0.3827 0 -0.9239
5 24 0 0 -1 0 1 -1 -0.3827 0 -0.9239 0.3827 0 -0.9239
4 16 0 1 -1 0.3827 0.6173 -0.9239 0.3827 0 -0.9239 0 0 -1
5 24 0.3827 0 -0.9239 0.3827 0.6173 -0.9239 0 0 -1 0.7071 0 -0.7071
4 16 0.3827 0.6173 -0.9239 0.7071 0.2929 -0.7071 0.7071 0 -0.7071 0.3827 0 -0.9239
5 24 0.7071 0 -0.7071 0.7071 0.2929 -0.7071 0.3827 0 -0.9239 0.9239 0 -0.3827
4 16 0.7071 0.2929 -0.7071 0.9239 0.0761 -0.3827 0.9239 0 -0.3827 0.7071 0 -0.7071
5 24 0.9239 0 -0.3827 0.9239 0.0761 -0.3827 0.7071 0 -0.7071 1 0 0
3 16 0.9239 0 -0.3827 0.9239 0.0761 -0.3827 1 0 0

0 FILE 4-4ring7.dat
0 Ring  7 x 1.0
0 Name: 4-4ring7.dat
0 Author: James Jessiman
0 !LDRAW_ORG Primitive UPDATE 2009-01
0 !LICENSE Licensed under CC BY 4.0 : see CAreadme.txt

0 BFC CERTIFY CCW

0 !HISTORY 1998-12-15 [PTadmin] Official Update 1998-10
0 !HISTORY 2002-04-05 [hafhead] Added BFC statement
0 !HISTORY 2002-04-25 [PTadmin] Official Update 2002-02
0 !HISTORY 2007-06-24 [PTadmin] Header formatted for Contributor Agreement
0 !HISTORY 2008-07-01 [PTadmin] Official Update 2008-01
0 !HISTORY 2008-08-26 [cwdee] Switch polygon winding and rename
0 !HISTORY 2009-05-02 [PTadmin] Official Update 2009-01


4 16 -3.0616 0 7.3912 -2.6789 0 6.4673 0 0 7 0 0 8
4 16 -5.6568 0 5.6568 -4.9497 0 4.9497 -2.6789 0 6.4673 -3.0616 0 7.3912
4 16 -7.3912 0 3.0616 -6.4673 0 2.6789 -4.9497 0 4.9497 -5.6568 0 5.6568
4 16 -8 0 0 -7 0 0 -6.4673 0 2.6789 -7.3912 0 3.0616
4 16 -7.3912 0 -3.0616 -6.4673 0 -2.6789 -7 0 0 -8 0 0
4 16 -5.6568 0 -5.6568 -4.9497 0 -4.9497 -6.4673 0 -2.6789 -7.3912 0 -3.0616
4 16 -3.0616 0 -7.3912 -2.6789 0 -6.4673 -4.9497 0 -4.9497 -5.6568 0 -5.6568
4 16 0 0 -8 0 0 -7 -2.6789 0 -6.4673 -3.0616 0 -7.3912
4 16 3.0616 0 -7.3912 2.6789 0 -6.4673 0 0 -7 0 0 -8
4 16 5.6568 0 -5.6568 4.9497 0 -4.9497 2.6789 0 -6.4673 3.0616 0 -7.3912
4 16 7.3912 0 -3.0616 6.4673 0 -2.6789 4.9497 0 -4.9497 5.6568 0 -5.6568
4 16 8 0 0 7 0 0 6.4673 0 -2.6789 7.3912 0 -3.0616
4 16 7.3912 0 3.0616 6.4673 0 2.6789 7 0 0 8 0 0
4 16 5.6568 0 5.6568 4.9497 0 4.9497 6.4673 0 2.6789 7.3912 0 3.0616
4 16 3.0616 0 7.3912 2.6789 0 6.4673 4.9497 0 4.9497 5.6568 0 5.6568
4 16 0 0 8 0 0 7 2.6789 0 6.4673 3.0616 0 7.3912
0

0 FILE 4493.dat
0 ~Animal Horse Body Left
0 Name: 4493.dat
0 Author: Sascha Broich [SaschaBroich]
0 !LDRAW_ORG Part UPDATE 2015-01
0 !LICENSE Licensed under CC BY 4.0 : see CAreadme.txt

0 BFC CERTIFY CCW

0 !HISTORY 2002-04-25 [PTadmin] Official Update 2002-02
0 !HISTORY 2007-07-04 [PTadmin] Header formatted for Contributor Agreement
0 !HISTORY 2008-07-01 [PTadmin] Official Update 2008-01
0 !HISTORY 2014-12-11 [MagFors] Modified with WINDZ for BFC compliance
0 !HISTORY 2014-12-14 [MagFors] Subfiled for patterns
0 !HISTORY 2015-10-11 [PTadmin] Official Update 2015-01


1 16 0 0 0 1 0 0 0 1 0 0 0 1 s/4493s01.dat
1 16 0 0 0 1 0 0 0 1 0 0 0 1 s/4493s00.dat

0 FILE 4494.dat
0 ~Animal Horse Body Right
0 Name: 4494.dat
0 Author: Sascha Broich [SaschaBroich]
0 !LDRAW_ORG Part UPDATE 2015-01
0 !LICENSE Licensed under CC BY 4.0 : see CAreadme.txt

0 BFC CERTIFY CCW

0 !HISTORY 2002-04-25 [PTadmin] Official Update 2002-02
0 !HISTORY 2007-07-04 [PTadmin] Header formatted for Contributor Agreement
0 !HISTORY 2008-07-01 [PTadmin] Official Update 2008-01
0 !HISTORY 2014-12-11 [MagFors] Modified with WINDZ for BFC compliance
0 !HISTORY 2014-12-14 [MagFors] Subfiled for patterns
0 !HISTORY 2015-10-11 [PTadmin] Official Update 2015-01


1 16 0 0 0 1 0 0 0 1 0 0 0 1 s/4494s01.dat
1 16 0 0 0 1 0 0 0 1 0 0 0 1 s/4494s00.dat

0 FILE parts/s/4492s.dat
0 ~Animal Horse Head Side with Bridle Pattern Background
0 Name: s\4492s.dat
0 Author: Sascha Broich [SaschaBroich]
0 !LDRAW_ORG Subpart UPDATE 2015-01
0 !LICENSE Licensed under CC BY 4.0 : see CAreadme.txt

0 BFC CERTIFY CCW

0 !HISTORY 2002-04-25 [PTadmin] Official Update 2002-02
0 !HISTORY 2007-09-09 [PTadmin] Header formatted for Contributor Agreement
0 !HISTORY 2008-07-01 [PTadmin] Official Update 2008-01
0 !HISTORY 2014-12-07 [MagFors] Made BFC compliant
0 !HISTORY 2014-12-10 [MagFors] Recreated cond-lines
0 !HISTORY 2014-12-19 [MagFors] Subfiled for more patterns
0 !HISTORY 2015-10-11 [PTadmin] Official Update 2015-01


1 16 0 0 0 1 0 0 0 1 0 0 0 1 s/4492s01.dat
0 // ear outer plane
3 16 6.406 -73 -25 6.406 -73 -27 6.512 -66.25 -28.35
4 16 6.406 -73 -25 6.512 -66.25 -28.35 6.512 -66.25 -20.22 6.406 -73 -23
4 16 6.512 -66.25 -20.22 6.512 -66.25 -28.35 6.539 -64.5 -28.7 6.539 -64.5 -19.5
0 // ear outer round plane
3 16 6.406 -73 -25 6.406 -73 -23 6.367 -73.716 -23.5
3 16 6.406 -73 -25 6.367 -73.716 -23.5 6.328 -74.307 -24
3 16 6.406 -73 -25 6.328 -74.307 -24 6.289 -74.745 -24.5
3 16 6.406 -73 -25 6.289 -74.745 -24.5 6.25 -75 -25
3 16 6.406 -73 -25 6.25 -75 -25 6.289 -75.034 -25.5
3 16 6.406 -73 -25 6.289 -75.034 -25.5 6.328 -74.769 -26
3 16 6.406 -73 -25 6.328 -74.769 -26 6.367 -74.12 -26.5
3 16 6.406 -73 -25 6.367 -74.12 -26.5 6.406 -73 -27
0 // muzzle side area
3 16 8.516 -40 -54 8.789 -34 -52 8.379 -41 -52.249
4 16 8.379 -41 -52.249 8.789 -34 -52 8.79 -33.924 -51.617 8.466 -39.5 -51.468
3 16 8.516 -40 -54 8.594 -39 -55 8.79 -33.924 -52.383
3 16 8.516 -40 -54 8.79 -33.924 -52.383 8.789 -34 -52
3 16 8.79 -33.924 -52.383 8.659 -38 -55.833 8.794 -33.707 -52.707
3 16 8.594 -39 -55 8.659 -38 -55.833 8.79 -33.924 -52.383
3 16 8.794 -33.707 -52.707 8.711 -37 -56.5 8.799 -33.383 -52.924
3 16 8.659 -38 -55.833 8.711 -37 -56.5 8.794 -33.707 -52.707
3 16 8.711 -37 -56.5 8.747 -36 -56.963 8.799 -33.383 -52.924
4 16 8.77 -35 -57.259 8.806 -33 -53 8.799 -33.383 -52.924 8.747 -36 -56.963
3 16 8.806 -33 -53 8.789 -34 -57.5 8.806 -33 -57.722
3 16 8.77 -35 -57.259 8.789 -34 -57.5 8.806 -33 -53
4 16 8.819 -32 -57.889 8.811 -32.617 -52.924 8.806 -33 -53 8.806 -33 -57.722
3 16 8.811 -32.617 -52.924 8.819 -32 -57.889 8.828 -31 -58
3 16 8.811 -32.617 -52.924 8.82 -30.5 -57.9 8.815 -32.293 -52.707
3 16 8.828 -31 -58 8.82 -30.5 -57.9 8.811 -32.617 -52.924
4 16 8.85 -27.599 -57 8.818 -32.076 -52.383 8.815 -32.293 -52.707 8.82 -30.5 -57.9
3 16 8.89 -26 -56 8.921 -24.5 -55 8.818 -32.076 -52.383
3 16 8.89 -26 -56 8.818 -32.076 -52.383 8.85 -27.599 -57
4 16 8.951 -23.5 -54 8.819 -32 -52 8.818 -32.076 -52.383 8.921 -24.5 -55
3 16 8.819 -32 -52 8.982 -22.917 -53 9.013 -22.5 -52
3 16 8.951 -23.5 -54 8.982 -22.917 -53 8.819 -32 -52
3 16 8.819 -32 -52 9.044 -22.187 -51 9.106 -22 -49
3 16 9.013 -22.5 -52 9.044 -22.187 -51 8.819 -32 -52
3 16 9.106 -22 -49 9.136 -22.023 -48 8.818 -32.076 -51.617
3 16 9.106 -22 -49 8.818 -32.076 -51.617 8.819 -32 -52
3 16 8.818 -32.076 -51.617 9.167 -22.124 -47 9.198 -22.323 -46
3 16 9.136 -22.023 -48 9.167 -22.124 -47 8.818 -32.076 -51.617
3 16 9.198 -22.323 -46 9.229 -22.641 -45 8.815 -32.293 -51.293
3 16 9.198 -22.323 -46 8.815 -32.293 -51.293 8.818 -32.076 -51.617
3 16 9.229 -22.641 -45 9.26 -23.096 -44 8.815 -32.293 -51.293
3 16 8.815 -32.293 -51.293 9.26 -23.096 -44 8.811 -32.617 -51.076
3 16 9.26 -23.096 -44 9.291 -23.709 -43 9.272 -26.525 -44.975
3 16 9.272 -26.525 -44.975 8.811 -32.617 -51.076 9.26 -23.096 -44
0 // neck side area
4 16 10 -23 -20 10 0 -20 10 0 -16 10 -2.088 -15.862
3 16 10 -2.088 -15.862 10 -4.141 -15.454 10 -23 -20
3 16 10 -4.141 -15.454 10 -6.123 -14.782 10 -23 -20
3 16 10 -6.123 -14.782 10 -8 -13.856 10 -23 -20
3 16 10 -8 -13.856 10 -9.741 -12.694 10 -23 -20
3 16 10 -9.741 -12.694 10 -11.314 -11.314 10 -23 -20
3 16 10 -11.314 -11.314 10 -12.694 -9.741 10 -23 -20
3 16 10 -12.694 -9.741 10 -13.856 -8 10 -23 -20
3 16 10 -13.856 -8 10 -14.782 -6.123 10 -23 -20
4 16 10 -23 -20 10 -14.782 -6.123 10 -15.199 -5 10 -16.949 -5
3 16 10 -17.466 -3 10 -23 -20 10 -16.949 -5
3 16 10 -17.612 -2.088 10 -23 -20 10 -17.466 -3
3 16 10 -17.75 0 10 -23 -20 10 -17.612 -2.088
0 // mane side area
3 16 7.344 -54.5 -15.25 6.547 -55.25 -15.625 7.25 -56 -16
3 16 7.4 -55.25 -14.5 7.55 -54.5 -13 5.723 -58.5 -13.5
3 16 7.55 -54.5 -13 5.697 -58.5 -13 5.723 -58.5 -13.5
3 16 8.15 -40.5 -8 8.144 -41.5 -8 7.75 -48 -12
3 16 8.144 -41.5 -8 7.75 -48 -10.5 7.75 -48 -12
3 16 8.144 -41.5 -8 8.1 -49.5 -7.5 7.75 -48 -10.5
3 16 8.1 -49.5 -7.5 7.95 -50.75 -9 7.75 -48 -10.5
3 16 8.1 -49.5 -7.5 6.654 -52.5 -7.2 7.95 -50.75 -9
3 16 6.654 -52.5 -7.2 6.552 -53 -8 7.95 -50.75 -9
4 16 8.4 -32 -2.5 8.5 -35 -3 8.15 -40.5 -8 7.992 -32.279 -5.852
3 16 8.15 -40.5 -8 8.5 -35 -3 8.2 -41 -6.5
4 16 8.5 -35 -3 8.75 -42.5 -1 8.55 -44.5 -3 8.2 -41 -6.5
3 16 8.55 -44.5 -3 8.75 -42.5 -1 7.698 -45 0
3 16 8.55 -44.5 -3 7.698 -45 0 7.195 -46.5 -1
3 16 9.35 -33.75 5 9.15 -36.5 3 8.442 -32.25 -1.5
3 16 9.35 -33.75 5 8.442 -32.25 -1.5 9.704 -26 2
4 16 9.35 -33.75 5 8.782 -36.5 6.5 8.698 -37.5 5.75 9.15 -36.5 3
3 16 6.552 -53 -8 6.654 -52.5 -7.2 5.931 -54 -7
3 16 7.195 -46.5 -1 7.698 -45 0 6.856 -47 0.5
3 16 8.472 -38 7 8.698 -37.5 5.75 8.782 -36.5 6.5
3 16 5.723 -58.5 -13.5 5.697 -58.5 -13 5.465 -59 -13
3 16 8.4 -32 -2.5 9.704 -26 2 8.442 -32.25 -1.5
3 16 10 -23 -20 10 -17.75 0 9.704 -26 2
3 16 10 -17.75 0 9.75 -25 2.5 9.704 -26 2
4 16 9.75 -25 2.5 10 -12.694 9.741 10 -11.314 11.314 9.75 -24 3.5
3 16 10 -12.694 9.741 9.75 -25 2.5 10 -13.856 8
3 16 10 -13.856 8 9.75 -25 2.5 10 -14.782 6.123
3 16 10 -14.782 6.123 10 -16.949 5 10 -15.199 5
3 16 10 -14.782 6.123 9.75 -25 2.5 10 -16.949 5
3 16 10 -16.949 5 9.75 -25 2.5 10 -17.466 3
3 16 10 -17.466 3 9.75 -25 2.5 10 -17.612 2.088
3 16 10 -17.612 2.088 9.75 -25 2.5 10 -17.75 0
3 16 10 -11.314 11.314 9.957 -10 19.75 9.75 -24 3.5
4 16 9.957 -10 19.75 10 -2.088 15.862 10 0 16 10 0 20
3 16 9.957 -10 19.75 10 -4.141 15.454 10 -2.088 15.862
3 16 9.957 -10 19.75 10 -6.123 14.782 10 -4.141 15.454
3 16 9.957 -10 19.75 10 -8 13.856 10 -6.123 14.782
3 16 9.957 -10 19.75 10 -9.741 12.694 10 -8 13.856
3 16 9.957 -10 19.75 10 -11.314 11.314 10 -9.741 12.694
3 16 9.75 -27 9 9.957 -10 19.75 8.975 -28.25 14
3 16 9.75 -24 3.5 9.957 -10 19.75 9.75 -27 9
3 16 9.957 -10 19.75 9.573 -20 17.5 8.975 -28.25 14
0 // side
4 16 8.112 -43 -48.834 8.353 -39 -40 7.636 -45.348 -36.652 7.54 -46.565 -37.465
3 16 9 -28 -10.5 9.704 -26 2 8.55 -31 -4
3 16 8.4 -32 -2.5 8.55 -31 -4 9.704 -26 2
3 16 10 -23 -20 9.704 -26 2 9 -28 -10.5
3 16 8.875 -31 -26 9.722 -26.298 -29 9.753 -26.44 -28
3 16 8.875 -31 -26 9.753 -26.44 -28 9.784 -26.562 -27
3 16 8.875 -31 -26 9.784 -26.562 -27 9.815 -26.723 -26
3 16 8.875 -31 -26 9.815 -26.723 -26 9.846 -26.869 -25
3 16 8.875 -31 -26 9.846 -26.869 -25 9.877 -26.921 -24
3 16 8.875 -31 -26 9.877 -26.921 -24 9.907 -26.8 -23
0 // eye to forehead
3 16 7.54 -46.565 -37.465 7.866 -45 -45.683 7.986 -44 -47.215
3 16 7.54 -46.565 -37.465 7.986 -44 -47.215 8.112 -43 -48.834
4 16 7.436 -48 -37.75 7.755 -46 -44.26 7.866 -45 -45.683 7.54 -46.565 -37.465
3 16 7.436 -48 -37.75 7.565 -48 -41.832 7.654 -47 -42.97
3 16 7.436 -48 -37.75 7.654 -47 -42.97 7.755 -46 -44.26
3 16 7.436 -48 -37.75 7.33 -49.435 -37.465 7.49 -49 -40.871
3 16 7.436 -48 -37.75 7.49 -49 -40.871 7.565 -48 -41.832
3 16 7.33 -49.435 -37.465 7.388 -51 -39.56 7.43 -50 -40.106
3 16 7.33 -49.435 -37.465 7.43 -50 -40.106 7.49 -49 -40.871
3 16 7.388 -51 -39.56 7.231 -50.652 -36.652 7.36 -52 -39.21
3 16 7.33 -49.435 -37.465 7.231 -50.652 -36.652 7.388 -51 -39.56
3 16 7.231 -50.652 -36.652 7.138 -51.465 -35.435 7.341 -53 -38.958
3 16 7.231 -50.652 -36.652 7.341 -53 -38.958 7.36 -52 -39.21
4 16 7.292 -55 -38.343 7.32 -54 -38.7 7.341 -53 -38.958 7.138 -51.465 -35.435
3 16 7.138 -51.465 -35.435 7.114 -51.75 -34 7.254 -56 -37.851
3 16 7.138 -51.465 -35.435 7.254 -56 -37.851 7.292 -55 -38.343
3 16 7.114 -51.75 -34 7.141 -58 -36.4 7.203 -57 -37.2
3 16 7.114 -51.75 -34 7.203 -57 -37.2 7.254 -56 -37.851
3 16 7.114 -51.75 -34 7.174 -51.465 -32.565 7.141 -58 -36.4
3 16 7.141 -58 -36.4 7.245 -50.652 -31.348 7.148 -58.725 -36.5
3 16 7.174 -51.465 -32.565 7.245 -50.652 -31.348 7.141 -58 -36.4
0 // dint
3 16 8.15 -40.5 -8 7.8 -37.583 -13.528 7.992 -32.279 -5.852
3 16 8.55 -31 -4 7.992 -32.279 -5.852 9 -28 -10.5
3 16 8.4 -32 -2.5 7.992 -32.279 -5.852 8.55 -31 -4
3 16 7.213 -45.348 -31.348 7.2 -44.535 -32.565 7.196 -41.164 -33.267
3 16 7.2 -44.535 -32.565 7.3 -44.25 -34 7.196 -41.164 -33.267
3 16 7.3 -44.25 -34 7.45 -44.535 -35.435 7.196 -41.164 -33.267
3 16 7.45 -44.535 -35.435 7.636 -45.348 -36.652 7.196 -41.164 -33.267
3 16 8.353 -39 -40 7.196 -41.164 -33.267 7.636 -45.348 -36.652
0 // pattern free side
3 16 8.79 -33.924 -51.617 8.794 -33.707 -51.293 8.466 -39.5 -51.468
3 16 8.794 -33.707 -51.293 8.799 -33.383 -51.076 8.553 -38 -50.686
3 16 8.794 -33.707 -51.293 8.553 -38 -50.686 8.466 -39.5 -51.468
4 16 8.811 -32.617 -51.076 9.186 -27.661 -45.734 9.084 -29 -46 8.971 -30.5 -46.781
3 16 9.186 -27.661 -45.734 8.811 -32.617 -51.076 9.272 -26.525 -44.975
3 16 9.272 -26.525 -44.975 9.291 -23.709 -43 9.329 -25.766 -43.839
3 16 9.349 -25.5 -42.5 9.291 -23.709 -43 9.321 -24.5 -42
3 16 9.329 -25.766 -43.839 9.291 -23.709 -43 9.349 -25.5 -42.5
3 16 9.349 -25.5 -42.5 9.321 -24.5 -42 9.352 -25.461 -41
3 16 9.349 -25.5 -42.5 9.352 -25.461 -41 9.375 -25.766 -41.161
3 16 8.971 -30.5 -46.781 8.806 -33 -51 8.811 -32.617 -51.076
3 16 9.375 -25.766 -41.161 9.352 -25.461 -41 9.383 -26.623 -40
3 16 8.971 -30.5 -46.781 8.858 -32 -47.562 8.806 -33 -51
3 16 8.858 -32 -47.562 8.799 -33.383 -51.076 8.806 -33 -51
3 16 8.858 -32 -47.562 8.797 -33.5 -48.343 8.799 -33.383 -51.076
3 16 8.797 -33.5 -48.343 8.728 -35 -49.125 8.799 -33.383 -51.076
3 16 8.728 -35 -49.125 8.64 -36.5 -49.905 8.799 -33.383 -51.076
3 16 8.64 -36.5 -49.905 8.553 -38 -50.686 8.799 -33.383 -51.076
3 16 8.112 -43 -48.834 8.286 -41.688 -48.042 8.353 -39 -40
3 16 8.286 -41.688 -48.042 8.415 -40.375 -47.251 8.353 -39 -40
3 16 8.415 -40.375 -47.251 8.492 -39.063 -46.459 8.353 -39 -40
3 16 8.492 -39.063 -46.459 8.568 -37.75 -45.667 8.353 -39 -40
3 16 8.568 -37.75 -45.667 8.644 -36.437 -44.875 8.353 -39 -40
3 16 8.644 -36.438 -44.875 8.72 -35.125 -44.084 8.353 -39 -40
3 16 8.72 -35.125 -44.084 8.792 -33.813 -43.292 8.353 -39 -40
3 16 8.792 -33.813 -43.292 8.82 -32.5 -42.5 8.353 -39 -40
3 16 9.414 -27.583 -39 9.28 -27.661 -39.266 9.383 -26.623 -40
3 16 9.445 -28 -38 9.084 -29 -39 9.414 -27.583 -39
3 16 9.084 -29 -39 9.28 -27.661 -39.266 9.414 -27.583 -39
3 16 9.084 -29 -39 9.445 -28 -38 9.038 -29.616 -38.049
3 16 9.445 -28 -38 9.476 -27.968 -37 9.038 -29.616 -38.049
3 16 9.507 -27.505 -36 8.991 -30.232 -37.098 9.476 -27.968 -37
3 16 8.991 -30.232 -37.098 9.038 -29.616 -38.049 9.476 -27.968 -37
3 16 9.537 -26.914 -35 8.9 -30.848 -36.148 9.507 -27.505 -36
3 16 8.9 -30.848 -36.148 8.991 -30.232 -37.098 9.507 -27.505 -36
4 16 8.896 -31.464 -35.197 9.537 -26.914 -35 9.568 -26.5 -34 8.785 -32.08 -34.246
3 16 9.537 -26.914 -35 8.896 -31.464 -35.197 8.9 -30.848 -36.148
3 16 9.568 -26.5 -34 9.599 -26.318 -33 8.785 -32.08 -34.246
3 16 8.785 -32.08 -34.246 9.599 -26.318 -33 9.63 -26.215 -32
3 16 8.785 -32.08 -34.246 9.63 -26.215 -32 8.675 -32.696 -33.295
3 16 8.675 -32.696 -33.295 9.63 -26.215 -32 9.661 -26.179 -31
4 16 8.635 -33.312 -32.344 8.675 -32.696 -33.295 9.661 -26.179 -31 9.692 -26.2 -30
3 16 9.692 -26.2 -30 8.494 -33.928 -31.394 8.635 -33.312 -32.344
3 16 9.692 -26.2 -30 9.722 -26.298 -29 8.494 -33.928 -31.394
3 16 9.722 -26.298 -29 8.354 -34.544 -30.443 8.494 -33.928 -31.394
3 16 9.722 -26.298 -29 8.875 -31 -26 8.354 -34.544 -30.443
3 16 8.875 -31 -26 8.215 -35.161 -29.492 8.354 -34.544 -30.443
4 16 8.875 -31 -26 9.907 -26.8 -23 9.712 -27.591 -22.578 9.513 -28.397 -22.185
4 16 9.513 -28.397 -22.185 9.311 -29.217 -21.821 9.106 -30.049 -21.487 8.875 -31 -26
4 16 8.875 -31 -26 9.106 -30.049 -21.487 8.898 -30.893 -21.182 8.687 -31.747 -20.908
4 16 7.479 -53.079 -14.105 7.55 -54.5 -13 7.4 -55.25 -14.5 7.344 -54.5 -15.25
3 16 7.362 -44.646 -15.004 7.25 -43.528 -16.005 8.15 -40.5 -8
3 16 7.499 -45.764 -14.003 7.362 -44.646 -15.004 8.15 -40.5 -8
3 16 7.549 -46.882 -13.001 7.499 -45.764 -14.003 8.15 -40.5 -8
3 16 7.75 -48 -12 7.549 -46.882 -13.001 8.15 -40.5 -8
3 16 8.15 -40.5 -8 7.388 -41.495 -15.676 7.8 -37.583 -13.528
3 16 7.8 -37.583 -13.528 8.649 -31.331 -16.417 9 -28 -10.5
3 16 7.8 -37.583 -13.528 9 -28 -10.5 7.992 -32.279 -5.852
3 16 7.8 -37.583 -13.528 8.332 -33.557 -15.943 8.491 -32.439 -16.158
3 16 7.8 -37.583 -13.528 8.491 -32.439 -16.158 8.649 -31.331 -16.417
3 16 7.8 -37.583 -13.528 8.021 -35.813 -15.644 8.175 -34.682 -15.771
3 16 7.8 -37.583 -13.528 8.175 -34.682 -15.771 8.332 -33.557 -15.943
3 16 7.8 -37.583 -13.528 7.873 -36.948 -15.561 8.021 -35.813 -15.644
3 16 7.8 -37.583 -13.528 7.734 -38.086 -15.523 7.873 -36.948 -15.561
3 16 7.8 -37.583 -13.528 7.605 -39.224 -15.529 7.734 -38.086 -15.523
3 16 7.489 -40.361 -15.58 7.605 -39.224 -15.529 7.8 -37.583 -13.528
3 16 7.8 -37.583 -13.528 7.388 -41.495 -15.676 7.489 -40.361 -15.58
3 16 7.304 -42.625 -15.816 7.388 -41.495 -15.676 8.15 -40.5 -8
3 16 7.25 -43.528 -16.005 7.304 -42.625 -15.816 8.15 -40.5 -8
3 16 8.687 -31.747 -20.908 8.511 -32.61 -20.665 8.215 -35.161 -29.492
3 16 8.687 -31.747 -20.908 8.215 -35.161 -29.492 8.875 -31 -26
4 16 8.511 -32.61 -20.665 8.347 -33.481 -20.453 8.081 -35.777 -28.541 8.215 -35.161 -29.492
4 16 8.347 -33.481 -20.453 8.183 -34.359 -20.272 7.947 -36.393 -27.59 8.081 -35.777 -28.541
4 16 8.183 -34.359 -20.272 8.017 -35.244 -20.122 7.814 -37.009 -26.64 7.947 -36.393 -27.59
4 16 8.017 -35.244 -20.122 7.85 -36.133 -20.005 7.68 -37.625 -25.689 7.814 -37.009 -26.64
4 16 7.85 -36.133 -20.005 7.683 -37.025 -19.919 7.546 -38.241 -24.738 7.68 -37.625 -25.689
4 16 7.683 -37.025 -19.919 7.515 -37.92 -19.865 7.412 -38.857 -23.787 7.546 -38.241 -24.738
4 16 7.515 -37.92 -19.865 7.347 -38.817 -19.843 7.278 -39.473 -22.836 7.412 -38.857 -23.787
4 16 7.347 -38.817 -19.843 7.178 -39.714 -19.854 7.145 -40.089 -21.886 7.278 -39.473 -22.836
4 16 7.178 -39.714 -19.854 7.011 -40.609 -19.896 7.011 -40.705 -20.935 7.145 -40.089 -21.886
3 16 6.877 -41.321 -19.984 7.011 -40.705 -20.935 7.011 -40.609 -19.896
3 16 8.82 -32.5 -42.5 8.658 -33.209 -41.428 8.353 -39 -40
3 16 7.87 -36.751 -36.066 7.716 -37.46 -34.994 8.353 -39 -40
3 16 8.023 -36.043 -37.139 7.87 -36.751 -36.066 8.353 -39 -40
3 16 8.177 -35.334 -38.211 8.023 -36.043 -37.139 8.353 -39 -40
3 16 8.335 -34.626 -39.283 8.177 -35.334 -38.211 8.353 -39 -40
3 16 8.497 -33.917 -40.355 8.335 -34.626 -39.283 8.353 -39 -40
3 16 8.658 -33.209 -41.428 8.497 -33.917 -40.355 8.353 -39 -40
3 16 7.716 -37.46 -34.994 7.196 -41.164 -33.267 8.353 -39 -40
3 16 7.1 -40.294 -30.705 6.946 -41.003 -29.632 7.196 -41.164 -33.267
3 16 7.254 -39.586 -31.777 7.1 -40.294 -30.705 7.196 -41.164 -33.267
3 16 7.408 -38.877 -32.849 7.254 -39.586 -31.777 7.196 -41.164 -33.267
3 16 7.562 -38.168 -33.922 7.408 -38.877 -32.849 7.196 -41.164 -33.267
3 16 7.716 -37.46 -34.994 7.562 -38.168 -33.922 7.196 -41.164 -33.267
3 16 7.196 -41.164 -33.267 6.946 -41.003 -29.632 7.213 -45.348 -31.348
3 16 7.25 -46.565 -30.535 7.213 -45.348 -31.348 6.843 -41.711 -28.56
3 16 7.213 -45.348 -31.348 6.946 -41.003 -29.632 6.843 -41.711 -28.56
3 16 7.25 -46.565 -30.535 6.843 -41.711 -28.56 6.782 -42.42 -27.488
3 16 7.265 -48 -30.25 7.25 -46.565 -30.535 6.72 -43.128 -26.416
3 16 7.25 -46.565 -30.535 6.782 -42.42 -27.488 6.72 -43.128 -26.416
3 16 7.267 -49.435 -30.535 7.265 -48 -30.25 6.659 -43.837 -25.343
3 16 7.265 -48 -30.25 6.72 -43.128 -26.416 6.659 -43.837 -25.343
3 16 6.474 -45.962 -22.126 6.413 -46.671 -21.054 7.267 -49.435 -30.535
3 16 6.536 -45.254 -23.199 6.474 -45.962 -22.126 7.267 -49.435 -30.535
3 16 6.597 -44.545 -24.271 6.536 -45.254 -23.199 7.267 -49.435 -30.535
3 16 6.659 -43.837 -25.343 6.597 -44.545 -24.271 7.267 -49.435 -30.535
3 16 6.413 -46.671 -21.054 6.513 -47.534 -21.348 7.267 -49.435 -30.535
3 16 6.513 -47.534 -21.348 7.245 -50.652 -31.348 7.267 -49.435 -30.535
3 16 6.513 -47.534 -21.348 6.6 -48.385 -21.674 7.245 -50.652 -31.348
3 16 6.6 -48.385 -21.674 6.666 -49.223 -22.031 7.245 -50.652 -31.348
3 16 6.666 -49.223 -22.031 6.732 -50.047 -22.42 7.245 -50.652 -31.348
3 16 6.732 -50.047 -22.42 6.796 -50.856 -22.839 7.245 -50.652 -31.348
3 16 6.796 -50.856 -22.839 6.859 -51.649 -23.289 7.245 -50.652 -31.348
3 16 6.859 -51.649 -23.289 6.92 -52.425 -23.767 7.245 -50.652 -31.348
3 16 6.92 -52.425 -23.767 6.981 -53.182 -24.274 7.245 -50.652 -31.348
3 16 6.981 -53.182 -24.274 7.039 -53.919 -24.809 7.245 -50.652 -31.348
3 16 7.039 -53.919 -24.809 7.096 -54.636 -25.372 7.245 -50.652 -31.348
3 16 7.096 -54.636 -25.372 7.071 -55.332 -25.961 7.245 -50.652 -31.348
3 16 7.071 -55.332 -25.961 7.148 -58.725 -36.5 7.245 -50.652 -31.348
3 16 7.071 -55.332 -25.961 6.963 -56.005 -26.575 7.148 -58.725 -36.5
3 16 6.963 -56.005 -26.575 6.858 -56.654 -27.214 7.148 -58.725 -36.5
3 16 7.148 -58.725 -36.5 6.858 -56.654 -27.214 6.641 -58 -30
3 16 6.858 -56.654 -27.214 6.757 -57.279 -27.877 6.641 -58 -30
3 16 6.757 -57.279 -27.877 6.661 -57.879 -28.563 6.641 -58 -30
3 16 6.661 -57.879 -28.563 6.634 -58.453 -29.271 6.641 -58 -30
3 16 6.634 -58.453 -29.271 6.626 -58.975 -29.805 6.641 -58 -30
3 16 6.562 -63.005 -28.999 6.539 -64.5 -19.5 6.539 -64.5 -28.7
3 16 6.562 -63.005 -28.999 6.668 -62.401 -28.082 6.539 -64.5 -19.5
3 16 6.984 -57.286 -22.389 7.036 -56.437 -21.695 6.539 -64.5 -19.5
3 16 6.933 -58.108 -23.115 6.984 -57.286 -22.389 6.539 -64.5 -19.5
3 16 6.884 -58.901 -23.871 6.933 -58.108 -23.115 6.539 -64.5 -19.5
3 16 6.837 -59.665 -24.658 6.884 -58.901 -23.871 6.539 -64.5 -19.5
3 16 6.792 -60.398 -25.474 6.837 -59.665 -24.658 6.539 -64.5 -19.5
3 16 6.749 -61.099 -26.317 6.792 -60.398 -25.474 6.539 -64.5 -19.5
3 16 6.708 -61.767 -27.187 6.749 -61.099 -26.317 6.539 -64.5 -19.5
3 16 6.668 -62.401 -28.082 6.708 -61.767 -27.187 6.539 -64.5 -19.5
3 16 7.036 -56.437 -21.695 7.09 -55.561 -21.035 7.25 -56 -16
3 16 7.036 -56.437 -21.695 7.25 -56 -16 6.539 -64.5 -19.5
3 16 7.04 -54.661 -20.409 6.887 -53.737 -19.818 7.25 -56 -16
3 16 7.09 -55.561 -21.035 7.04 -54.661 -20.409 7.25 -56 -16
3 16 7.344 -54.5 -15.25 7.25 -56 -16 6.931 -52.792 -19.263
3 16 7.25 -56 -16 6.887 -53.737 -19.818 6.931 -52.792 -19.263
3 16 6.931 -52.792 -19.263 6.977 -51.825 -18.745 7.344 -54.5 -15.25
3 16 6.977 -51.825 -18.745 7.479 -53.079 -14.105 7.344 -54.5 -15.25
3 16 7.069 -49.836 -17.822 7.117 -48.817 -17.418 7.221 -50.238 -16.314
4 16 7.023 -50.84 -18.264 7.069 -49.836 -17.822 7.221 -50.238 -16.314 7.347 -51.659 -15.209
4 16 6.977 -51.825 -18.745 7.023 -50.84 -18.264 7.347 -51.659 -15.209 7.479 -53.079 -14.105
3 16 9 -28 -10.5 9.825 -23.974 -19.412 10 -23 -20
3 16 9.651 -24.971 -18.862 9.825 -23.974 -19.412 9 -28 -10.5
3 16 9.479 -25.988 -18.351 9.651 -24.971 -18.862 9 -28 -10.5
3 16 9 -28 -10.5 9.307 -27.025 -17.881 9.479 -25.988 -18.351
3 16 9 -28 -10.5 9.138 -28.079 -17.452 9.307 -27.025 -17.881
3 16 9 -28 -10.5 8.972 -29.149 -17.065 9.138 -28.079 -17.452
3 16 9 -28 -10.5 8.809 -30.234 -16.72 8.972 -29.149 -17.065
3 16 9 -28 -10.5 8.649 -31.331 -16.417 8.809 -30.234 -16.72
0 // snaffle inside
4 16 9.084 -29 -42.5 9.179 -27.75 -42.5 9.172 -27.845 -42.022 9.151 -28.116 -41.616
4 16 9.084 -29 -42.5 9.151 -28.116 -41.616 9.121 -28.522 -41.345 9.084 -29 -41.25
4 16 9.084 -29 -42.5 9.084 -29 -41.25 9.048 -29.478 -41.345 9.018 -29.884 -41.616
4 16 9.084 -29 -42.5 9.018 -29.884 -41.616 8.997 -30.155 -42.022 8.99 -30.25 -42.5
4 16 9.084 -29 -42.5 8.99 -30.25 -42.5 8.997 -30.155 -42.978 9.018 -29.884 -43.384
4 16 9.084 -29 -42.5 9.018 -29.884 -43.384 9.048 -29.478 -43.655 9.084 -29 -43.75
4 16 9.084 -29 -42.5 9.084 -29 -43.75 9.121 -28.522 -43.655 9.151 -28.116 -43.384
4 16 9.084 -29 -42.5 9.151 -28.116 -43.384 9.172 -27.845 -42.978 9.179 -27.75 -42.5
0 // buckle inside
4 16 7.05 -46.577 -18.136 6.913 -45.719 -19.591 6.953 -43.579 -19.163 7.103 -44.462 -17.571
0 // Added lines/Condlines
5 24 6.406 -73 -25 6.406 -73 -27 6.512 -66.25 -28.35 6.367 -74.12 -26.5
5 24 6.406 -73 -23 6.406 -73 -25 6.512 -66.25 -28.35 6.367 -73.716 -23.5
5 24 6.367 -73.716 -23.5 6.406 -73 -25 6.406 -73 -23 6.328 -74.307 -24
5 24 6.328 -74.307 -24 6.406 -73 -25 6.367 -73.716 -23.5 6.289 -74.745 -24.5
5 24 6.289 -74.745 -24.5 6.406 -73 -25 6.328 -74.307 -24 6.25 -75 -25
5 24 6.25 -75 -25 6.406 -73 -25 6.289 -74.745 -24.5 6.289 -75.034 -25.5
5 24 6.289 -75.034 -25.5 6.406 -73 -25 6.25 -75 -25 6.328 -74.769 -26
5 24 6.328 -74.769 -26 6.406 -73 -25 6.289 -75.034 -25.5 6.367 -74.12 -26.5
5 24 6.367 -74.12 -26.5 6.406 -73 -25 6.328 -74.769 -26 6.406 -73 -27
5 24 8.516 -40 -54 8.789 -34 -52 8.379 -41 -52.249 8.79 -33.924 -52.383
5 24 8.789 -34 -52 8.379 -41 -52.249 8.516 -40 -54 8.79 -33.924 -51.617
5 24 8.79 -33.924 -51.617 8.466 -39.5 -51.468 8.379 -41 -52.249 8.794 -33.707 -51.293
5 24 8.594 -39 -55 8.79 -33.924 -52.383 8.516 -40 -54 8.659 -38 -55.833
5 24 8.79 -33.924 -52.383 8.516 -40 -54 8.594 -39 -55 8.789 -34 -52
5 24 8.79 -33.924 -52.383 8.659 -38 -55.833 8.794 -33.707 -52.707 8.594 -39 -55
5 24 8.659 -38 -55.833 8.794 -33.707 -52.707 8.79 -33.924 -52.383 8.711 -37 -56.5
5 24 8.794 -33.707 -52.707 8.711 -37 -56.5 8.799 -33.383 -52.924 8.659 -38 -55.833
5 24 8.711 -37 -56.5 8.799 -33.383 -52.924 8.794 -33.707 -52.707 8.747 -36 -56.963
5 24 8.747 -36 -56.963 8.799 -33.383 -52.924 8.711 -37 -56.5 8.77 -35 -57.259
5 24 8.806 -33 -53 8.789 -34 -57.5 8.806 -33 -57.722 8.77 -35 -57.259
5 24 8.806 -33 -57.722 8.806 -33 -53 8.789 -34 -57.5 8.819 -32 -57.889
5 24 8.819 -32 -57.889 8.811 -32.617 -52.924 8.806 -33 -53 8.828 -31 -58
5 24 8.828 -31 -58 8.811 -32.617 -52.924 8.819 -32 -57.889 8.82 -30.5 -57.9
5 24 8.811 -32.617 -52.924 8.82 -30.5 -57.9 8.815 -32.293 -52.707 8.828 -31 -58
5 24 8.85 -27.599 -57 8.818 -32.076 -52.383 8.815 -32.293 -52.707 8.89 -26 -56
5 24 8.921 -24.5 -55 8.818 -32.076 -52.383 8.89 -26 -56 8.951 -23.5 -54
5 24 8.818 -32.076 -52.383 8.89 -26 -56 8.921 -24.5 -55 8.85 -27.599 -57
5 24 8.951 -23.5 -54 8.819 -32 -52 8.818 -32.076 -52.383 8.982 -22.917 -53
5 24 8.819 -32 -52 8.982 -22.917 -53 9.013 -22.5 -52 8.951 -23.5 -54
5 24 9.013 -22.5 -52 8.819 -32 -52 8.982 -22.917 -53 9.044 -22.187 -51
5 24 8.819 -32 -52 9.044 -22.187 -51 9.106 -22 -49 9.013 -22.5 -52
5 24 9.106 -22 -49 8.819 -32 -52 9.044 -22.187 -51 8.818 -32.076 -51.617
5 24 9.136 -22.023 -48 8.818 -32.076 -51.617 9.106 -22 -49 9.167 -22.124 -47
5 24 8.818 -32.076 -51.617 9.106 -22 -49 9.136 -22.023 -48 8.819 -32 -52
5 24 8.818 -32.076 -51.617 9.167 -22.124 -47 9.198 -22.323 -46 9.136 -22.023 -48
5 24 9.198 -22.323 -46 8.818 -32.076 -51.617 9.167 -22.124 -47 8.815 -32.293 -51.293
5 24 9.229 -22.641 -45 8.815 -32.293 -51.293 9.198 -22.323 -46 9.26 -23.096 -44
5 24 8.815 -32.293 -51.293 9.198 -22.323 -46 9.229 -22.641 -45 8.818 -32.076 -51.617
5 24 9.26 -23.096 -44 8.815 -32.293 -51.293 9.229 -22.641 -45 8.811 -32.617 -51.076
5 24 9.26 -23.096 -44 8.811 -32.617 -51.076 8.815 -32.293 -51.293 9.272 -26.525 -44.975
5 24 9.291 -23.709 -43 9.272 -26.525 -44.975 9.26 -23.096 -44 9.329 -25.766 -43.839
5 24 9.272 -26.525 -44.975 9.26 -23.096 -44 9.291 -23.709 -43 8.811 -32.617 -51.076
5 24 9.272 -26.525 -44.975 8.811 -32.617 -51.076 9.26 -23.096 -44 9.186 -27.661 -45.734
5 24 10 -17.75 0 10 -23 -20 10 -17.612 -2.088 9.704 -26 2
5 24 7.4 -55.25 -14.5 7.55 -54.5 -13 5.723 -58.5 -13.5 7.479 -53.079 -14.105
5 24 7.55 -54.5 -13 5.723 -58.5 -13.5 7.4 -55.25 -14.5 5.697 -58.5 -13
5 24 8.144 -41.5 -8 7.75 -48 -12 8.15 -40.5 -8 7.75 -48 -10.5
5 24 7.75 -48 -12 8.15 -40.5 -8 8.144 -41.5 -8 7.549 -46.882 -13.001
5 24 8.144 -41.5 -8 7.75 -48 -10.5 7.75 -48 -12 8.1 -49.5 -7.5
5 24 8.1 -49.5 -7.5 7.75 -48 -10.5 8.144 -41.5 -8 7.95 -50.75 -9
5 24 8.1 -49.5 -7.5 7.95 -50.75 -9 7.75 -48 -10.5 6.654 -52.5 -7.2
5 24 6.654 -52.5 -7.2 7.95 -50.75 -9 8.1 -49.5 -7.5 6.552 -53 -8
5 24 6.654 -52.5 -7.2 6.552 -53 -8 7.95 -50.75 -9 5.931 -54 -7
5 24 8.5 -35 -3 8.15 -40.5 -8 8.4 -32 -2.5 8.2 -41 -6.5
5 24 8.15 -40.5 -8 7.992 -32.279 -5.852 8.4 -32 -2.5 7.8 -37.583 -13.528
5 24 7.992 -32.279 -5.852 8.4 -32 -2.5 8.5 -35 -3 8.55 -31 -4
5 24 8.5 -35 -3 8.2 -41 -6.5 8.15 -40.5 -8 8.75 -42.5 -1
5 24 8.75 -42.5 -1 8.55 -44.5 -3 8.5 -35 -3 7.698 -45 0
5 24 7.698 -45 0 8.55 -44.5 -3 8.75 -42.5 -1 7.195 -46.5 -1
5 24 7.698 -45 0 7.195 -46.5 -1 8.55 -44.5 -3 6.856 -47 0.5
5 24 9.35 -33.75 5 9.15 -36.5 3 8.442 -32.25 -1.5 8.782 -36.5 6.5
5 24 8.442 -32.25 -1.5 9.35 -33.75 5 9.15 -36.5 3 9.704 -26 2
5 24 8.442 -32.25 -1.5 9.704 -26 2 9.35 -33.75 5 8.4 -32 -2.5
5 24 8.782 -36.5 6.5 8.698 -37.5 5.75 9.35 -33.75 5 8.472 -38 7
5 24 8.4 -32 -2.5 9.704 -26 2 8.442 -32.25 -1.5 8.55 -31 -4
5 24 10 -17.75 0 9.704 -26 2 10 -23 -20 9.75 -25 2.5
5 24 9.704 -26 2 10 -23 -20 10 -17.75 0 9 -28 -10.5
5 24 10 -17.75 0 9.75 -25 2.5 9.704 -26 2 10 -17.612 2.088
5 24 9.75 -25 2.5 10 -12.694 9.741 10 -11.314 11.314 10 -13.856 8
5 24 10 -11.314 11.314 9.75 -24 3.5 9.75 -25 2.5 9.957 -10 19.75
5 24 9.75 -25 2.5 10 -13.856 8 10 -12.694 9.741 10 -14.782 6.123
5 24 9.75 -25 2.5 10 -14.782 6.123 10 -13.856 8 10 -16.949 5
5 24 10 -14.782 6.123 10 -16.949 5 10 -15.199 5 9.75 -25 2.5
5 24 9.75 -25 2.5 10 -16.949 5 10 -14.782 6.123 10 -17.466 3
5 24 9.75 -25 2.5 10 -17.466 3 10 -16.949 5 10 -17.612 2.088
5 24 9.75 -25 2.5 10 -17.612 2.088 10 -17.466 3 10 -17.75 0
5 24 10 -11.314 11.314 9.957 -10 19.75 9.75 -24 3.5 10 -9.741 12.694
5 24 9.957 -10 19.75 9.75 -24 3.5 10 -11.314 11.314 9.75 -27 9
5 24 9.957 -10 19.75 10 -2.088 15.862 10 0 16 10 -4.141 15.454
5 24 10 0 16 10 0 20 9.957 -10 19.75 10 2.6104 19.8288
5 24 9.75 -27 9 9.957 -10 19.75 8.975 -28.25 14 9.75 -24 3.5
5 24 9.957 -10 19.75 8.975 -28.25 14 9.75 -27 9 9.573 -20 17.5
5 24 8.112 -43 -48.834 8.353 -39 -40 7.636 -45.348 -36.652 8.286 -41.688 -48.042
5 24 8.353 -39 -40 7.636 -45.348 -36.652 8.112 -43 -48.834 7.196 -41.164 -33.267
5 24 7.54 -46.565 -37.465 8.112 -43 -48.834 8.353 -39 -40 7.986 -44 -47.215
5 24 9 -28 -10.5 9.704 -26 2 8.55 -31 -4 10 -23 -20
5 24 9.704 -26 2 8.55 -31 -4 9 -28 -10.5 8.4 -32 -2.5
5 24 8.55 -31 -4 9 -28 -10.5 9.704 -26 2 7.992 -32.279 -5.852
5 24 8.4 -32 -2.5 8.55 -31 -4 9.704 -26 2 7.992 -32.279 -5.852
5 24 9 -28 -10.5 10 -23 -20 9.704 -26 2 9.825 -23.974 -19.412
5 24 8.875 -31 -26 9.722 -26.298 -29 9.753 -26.44 -28 8.354 -34.544 -30.443
5 24 9.753 -26.44 -28 8.875 -31 -26 9.722 -26.298 -29 9.784 -26.562 -27
5 24 9.784 -26.562 -27 8.875 -31 -26 9.753 -26.44 -28 9.815 -26.723 -26
5 24 9.815 -26.723 -26 8.875 -31 -26 9.784 -26.562 -27 9.846 -26.869 -25
5 24 9.846 -26.869 -25 8.875 -31 -26 9.815 -26.723 -26 9.877 -26.921 -24
5 24 9.877 -26.921 -24 8.875 -31 -26 9.846 -26.869 -25 9.907 -26.8 -23
5 24 7.54 -46.565 -37.465 7.866 -45 -45.683 7.986 -44 -47.215 7.436 -48 -37.75
5 24 7.986 -44 -47.215 7.54 -46.565 -37.465 7.866 -45 -45.683 8.112 -43 -48.834
5 24 7.436 -48 -37.75 7.755 -46 -44.26 7.866 -45 -45.683 7.654 -47 -42.97
5 24 7.436 -48 -37.75 7.565 -48 -41.832 7.654 -47 -42.97 7.49 -49 -40.871
5 24 7.654 -47 -42.97 7.436 -48 -37.75 7.565 -48 -41.832 7.755 -46 -44.26
5 24 7.33 -49.435 -37.465 7.49 -49 -40.871 7.436 -48 -37.75 7.43 -50 -40.106
5 24 7.49 -49 -40.871 7.436 -48 -37.75 7.33 -49.435 -37.465 7.565 -48 -41.832
5 24 7.33 -49.435 -37.465 7.388 -51 -39.56 7.43 -50 -40.106 7.231 -50.652 -36.652
5 24 7.43 -50 -40.106 7.33 -49.435 -37.465 7.388 -51 -39.56 7.49 -49 -40.871
5 24 7.388 -51 -39.56 7.231 -50.652 -36.652 7.36 -52 -39.21 7.33 -49.435 -37.465
5 24 7.231 -50.652 -36.652 7.36 -52 -39.21 7.388 -51 -39.56 7.341 -53 -38.958
5 24 7.138 -51.465 -35.435 7.341 -53 -38.958 7.231 -50.652 -36.652 7.292 -55 -38.343
5 24 7.341 -53 -38.958 7.231 -50.652 -36.652 7.138 -51.465 -35.435 7.36 -52 -39.21
5 24 7.138 -51.465 -35.435 7.292 -55 -38.343 7.32 -54 -38.7 7.254 -56 -37.851
5 24 7.114 -51.75 -34 7.254 -56 -37.851 7.138 -51.465 -35.435 7.203 -57 -37.2
5 24 7.254 -56 -37.851 7.138 -51.465 -35.435 7.114 -51.75 -34 7.292 -55 -38.343
5 24 7.114 -51.75 -34 7.141 -58 -36.4 7.203 -57 -37.2 7.174 -51.465 -32.565
5 24 7.203 -57 -37.2 7.114 -51.75 -34 7.141 -58 -36.4 7.254 -56 -37.851
5 24 7.174 -51.465 -32.565 7.141 -58 -36.4 7.114 -51.75 -34 7.245 -50.652 -31.348
5 24 7.141 -58 -36.4 7.245 -50.652 -31.348 7.148 -58.725 -36.5 7.174 -51.465 -32.565
5 24 7.245 -50.652 -31.348 7.148 -58.725 -36.5 7.141 -58 -36.4 7.071 -55.332 -25.961
5 24 8.15 -40.5 -8 7.8 -37.583 -13.528 7.992 -32.279 -5.852 7.388 -41.495 -15.676
5 24 7.8 -37.583 -13.528 7.992 -32.279 -5.852 8.15 -40.5 -8 9 -28 -10.5
5 24 8.55 -31 -4 7.992 -32.279 -5.852 9 -28 -10.5 8.4 -32 -2.5
5 24 7.992 -32.279 -5.852 9 -28 -10.5 8.55 -31 -4 7.8 -37.583 -13.528
5 24 7.2 -44.535 -32.565 7.196 -41.164 -33.267 7.213 -45.348 -31.348 7.3 -44.25 -34
5 24 7.196 -41.164 -33.267 7.213 -45.348 -31.348 7.2 -44.535 -32.565 6.946 -41.003 -29.632
5 24 7.3 -44.25 -34 7.196 -41.164 -33.267 7.2 -44.535 -32.565 7.45 -44.535 -35.435
5 24 7.45 -44.535 -35.435 7.196 -41.164 -33.267 7.3 -44.25 -34 7.636 -45.348 -36.652
5 24 7.636 -45.348 -36.652 7.196 -41.164 -33.267 7.45 -44.535 -35.435 8.353 -39 -40
5 24 8.353 -39 -40 7.196 -41.164 -33.267 7.636 -45.348 -36.652 7.716 -37.46 -34.994
5 24 8.794 -33.707 -51.293 8.466 -39.5 -51.468 8.79 -33.924 -51.617 8.553 -38 -50.686
5 24 8.799 -33.383 -51.076 8.553 -38 -50.686 8.794 -33.707 -51.293 8.64 -36.5 -49.905
5 24 8.553 -38 -50.686 8.794 -33.707 -51.293 8.799 -33.383 -51.076 8.466 -39.5 -51.468
5 24 8.971 -30.5 -46.781 8.811 -32.617 -51.076 9.186 -27.661 -45.734 8.806 -33 -51
5 24 9.291 -23.709 -43 9.329 -25.766 -43.839 9.272 -26.525 -44.975 9.349 -25.5 -42.5
5 24 9.349 -25.5 -42.5 9.291 -23.709 -43 9.321 -24.5 -42 9.329 -25.766 -43.839
5 24 9.321 -24.5 -42 9.349 -25.5 -42.5 9.291 -23.709 -43 9.352 -25.461 -41
5 24 9.352 -25.461 -41 9.349 -25.5 -42.5 9.321 -24.5 -42 9.375 -25.766 -41.161
5 24 9.352 -25.461 -41 9.375 -25.766 -41.161 9.349 -25.5 -42.5 9.383 -26.623 -40
5 24 8.971 -30.5 -46.781 8.806 -33 -51 8.811 -32.617 -51.076 8.858 -32 -47.562
5 24 8.858 -32 -47.562 8.806 -33 -51 8.971 -30.5 -46.781 8.799 -33.383 -51.076
5 24 8.858 -32 -47.562 8.799 -33.383 -51.076 8.806 -33 -51 8.797 -33.5 -48.343
5 24 8.797 -33.5 -48.343 8.799 -33.383 -51.076 8.858 -32 -47.562 8.728 -35 -49.125
5 24 8.728 -35 -49.125 8.799 -33.383 -51.076 8.797 -33.5 -48.343 8.64 -36.5 -49.905
5 24 8.286 -41.688 -48.042 8.353 -39 -40 8.112 -43 -48.834 8.415 -40.375 -47.251
5 24 8.415 -40.375 -47.251 8.353 -39 -40 8.286 -41.688 -48.042 8.492 -39.063 -46.459
5 24 8.72 -35.125 -44.084 8.353 -39 -40 8.644 -36.438 -44.875 8.792 -33.813 -43.292
5 24 8.792 -33.813 -43.292 8.353 -39 -40 8.72 -35.125 -44.084 8.82 -32.5 -42.5
5 24 8.82 -32.5 -42.5 8.353 -39 -40 8.792 -33.813 -43.292 8.658 -33.209 -41.428
5 24 9.414 -27.583 -39 9.28 -27.661 -39.266 9.383 -26.623 -40 9.084 -29 -39
5 24 9.445 -28 -38 9.084 -29 -39 9.414 -27.583 -39 9.038 -29.616 -38.049
5 24 9.084 -29 -39 9.414 -27.583 -39 9.445 -28 -38 9.28 -27.661 -39.266
5 24 9.445 -28 -38 9.038 -29.616 -38.049 9.084 -29 -39 9.476 -27.968 -37
5 24 9.476 -27.968 -37 9.038 -29.616 -38.049 9.445 -28 -38 8.991 -30.232 -37.098
5 24 9.507 -27.505 -36 8.991 -30.232 -37.098 9.476 -27.968 -37 8.9 -30.848 -36.148
5 24 8.991 -30.232 -37.098 9.476 -27.968 -37 9.507 -27.505 -36 9.038 -29.616 -38.049
5 24 9.537 -26.914 -35 8.9 -30.848 -36.148 9.507 -27.505 -36 8.896 -31.464 -35.197
5 24 8.9 -30.848 -36.148 9.507 -27.505 -36 9.537 -26.914 -35 8.991 -30.232 -37.098
5 24 8.896 -31.464 -35.197 9.537 -26.914 -35 9.568 -26.5 -34 8.9 -30.848 -36.148
5 24 9.568 -26.5 -34 8.785 -32.08 -34.246 8.896 -31.464 -35.197 9.599 -26.318 -33
5 24 9.599 -26.318 -33 8.785 -32.08 -34.246 9.568 -26.5 -34 9.63 -26.215 -32
5 24 9.63 -26.215 -32 8.785 -32.08 -34.246 9.599 -26.318 -33 8.675 -32.696 -33.295
5 24 9.63 -26.215 -32 8.675 -32.696 -33.295 8.785 -32.08 -34.246 9.661 -26.179 -31
5 24 9.661 -26.179 -31 8.675 -32.696 -33.295 9.63 -26.215 -32 8.635 -33.312 -32.344
5 24 9.692 -26.2 -30 8.635 -33.312 -32.344 8.675 -32.696 -33.295 8.494 -33.928 -31.394
5 24 9.692 -26.2 -30 8.494 -33.928 -31.394 8.635 -33.312 -32.344 9.722 -26.298 -29
5 24 9.722 -26.298 -29 8.494 -33.928 -31.394 9.692 -26.2 -30 8.354 -34.544 -30.443
5 24 9.722 -26.298 -29 8.354 -34.544 -30.443 8.494 -33.928 -31.394 8.875 -31 -26
5 24 8.875 -31 -26 8.354 -34.544 -30.443 9.722 -26.298 -29 8.215 -35.161 -29.492
5 24 8.875 -31 -26 8.215 -35.161 -29.492 8.354 -34.544 -30.443 8.687 -31.747 -20.908
5 24 9.513 -28.397 -22.185 8.875 -31 -26 9.907 -26.8 -23 9.311 -29.217 -21.821
5 24 9.106 -30.049 -21.487 8.875 -31 -26 9.513 -28.397 -22.185 8.898 -30.893 -21.182
5 24 8.687 -31.747 -20.908 8.875 -31 -26 9.106 -30.049 -21.487 8.215 -35.161 -29.492
5 24 7.344 -54.5 -15.25 7.479 -53.079 -14.105 7.55 -54.5 -13 6.977 -51.825 -18.745
5 24 7.25 -43.528 -16.005 8.15 -40.5 -8 7.362 -44.646 -15.004 7.304 -42.625 -15.816
5 24 8.15 -40.5 -8 7.362 -44.646 -15.004 7.25 -43.528 -16.005 7.499 -45.764 -14.003
5 24 8.15 -40.5 -8 7.499 -45.764 -14.003 7.362 -44.646 -15.004 7.549 -46.882 -13.001
5 24 8.15 -40.5 -8 7.549 -46.882 -13.001 7.499 -45.764 -14.003 7.75 -48 -12
5 24 8.15 -40.5 -8 7.388 -41.495 -15.676 7.8 -37.583 -13.528 7.304 -42.625 -15.816
5 24 7.388 -41.495 -15.676 7.8 -37.583 -13.528 8.15 -40.5 -8 7.489 -40.361 -15.58
5 24 7.8 -37.583 -13.528 8.649 -31.331 -16.417 9 -28 -10.5 8.491 -32.439 -16.158
5 24 8.649 -31.331 -16.417 9 -28 -10.5 7.8 -37.583 -13.528 8.809 -30.234 -16.72
5 24 9 -28 -10.5 7.8 -37.583 -13.528 8.649 -31.331 -16.417 7.992 -32.279 -5.852
5 24 7.8 -37.583 -13.528 8.332 -33.557 -15.943 8.491 -32.439 -16.158 8.175 -34.682 -15.771
5 24 8.491 -32.439 -16.158 7.8 -37.583 -13.528 8.332 -33.557 -15.943 8.649 -31.331 -16.417
5 24 7.8 -37.583 -13.528 8.021 -35.813 -15.644 8.175 -34.682 -15.771 7.873 -36.948 -15.561
5 24 8.175 -34.682 -15.771 7.8 -37.583 -13.528 8.021 -35.813 -15.644 8.332 -33.557 -15.943
5 24 7.8 -37.583 -13.528 7.873 -36.948 -15.561 8.021 -35.813 -15.644 7.734 -38.086 -15.523
5 24 7.8 -37.583 -13.528 7.734 -38.086 -15.523 7.873 -36.948 -15.561 7.605 -39.224 -15.529
5 24 7.8 -37.583 -13.528 7.605 -39.224 -15.529 7.734 -38.086 -15.523 7.489 -40.361 -15.58
5 24 7.8 -37.583 -13.528 7.489 -40.361 -15.58 7.605 -39.224 -15.529 7.388 -41.495 -15.676
5 24 8.15 -40.5 -8 7.304 -42.625 -15.816 7.388 -41.495 -15.676 7.25 -43.528 -16.005
5 24 8.511 -32.61 -20.665 8.215 -35.161 -29.492 8.687 -31.747 -20.908 8.347 -33.481 -20.453
5 24 8.215 -35.161 -29.492 8.687 -31.747 -20.908 8.511 -32.61 -20.665 8.875 -31 -26
5 24 7.347 -38.817 -19.843 7.278 -39.473 -22.836 7.515 -37.92 -19.865 7.178 -39.714 -19.854
5 24 7.011 -40.609 -19.896 7.011 -40.705 -20.935 7.178 -39.714 -19.854 6.877 -41.321 -19.984
5 24 7.716 -37.46 -34.994 8.353 -39 -40 7.87 -36.751 -36.066 7.196 -41.164 -33.267
5 24 8.353 -39 -40 8.177 -35.334 -38.211 8.023 -36.043 -37.139 8.335 -34.626 -39.283
5 24 8.353 -39 -40 8.335 -34.626 -39.283 8.177 -35.334 -38.211 8.497 -33.917 -40.355
5 24 7.716 -37.46 -34.994 7.196 -41.164 -33.267 8.353 -39 -40 7.562 -38.168 -33.922
5 24 6.946 -41.003 -29.632 7.196 -41.164 -33.267 7.1 -40.294 -30.705 7.213 -45.348 -31.348
5 24 6.946 -41.003 -29.632 7.213 -45.348 -31.348 7.196 -41.164 -33.267 6.843 -41.711 -28.56
5 24 7.213 -45.348 -31.348 6.843 -41.711 -28.56 7.25 -46.565 -30.535 6.946 -41.003 -29.632
5 24 6.843 -41.711 -28.56 7.25 -46.565 -30.535 7.213 -45.348 -31.348 6.782 -42.42 -27.488
5 24 7.25 -46.565 -30.535 6.72 -43.128 -26.416 7.265 -48 -30.25 6.782 -42.42 -27.488
5 24 6.72 -43.128 -26.416 7.265 -48 -30.25 7.25 -46.565 -30.535 6.659 -43.837 -25.343
5 24 7.265 -48 -30.25 6.659 -43.837 -25.343 7.267 -49.435 -30.535 6.72 -43.128 -26.416
5 24 6.659 -43.837 -25.343 7.267 -49.435 -30.535 7.265 -48 -30.25 6.597 -44.545 -24.271
5 24 6.413 -46.671 -21.054 7.267 -49.435 -30.535 6.474 -45.962 -22.126 6.513 -47.534 -21.348
5 24 6.513 -47.534 -21.348 7.267 -49.435 -30.535 6.413 -46.671 -21.054 7.245 -50.652 -31.348
5 24 6.513 -47.534 -21.348 7.245 -50.652 -31.348 7.267 -49.435 -30.535 6.6 -48.385 -21.674
5 24 6.6 -48.385 -21.674 7.245 -50.652 -31.348 6.513 -47.534 -21.348 6.666 -49.223 -22.031
5 24 6.732 -50.047 -22.42 7.245 -50.652 -31.348 6.666 -49.223 -22.031 6.796 -50.856 -22.839
5 24 6.796 -50.856 -22.839 7.245 -50.652 -31.348 6.732 -50.047 -22.42 6.859 -51.649 -23.289
5 24 6.859 -51.649 -23.289 7.245 -50.652 -31.348 6.796 -50.856 -22.839 6.92 -52.425 -23.767
5 24 6.981 -53.182 -24.274 7.245 -50.652 -31.348 6.92 -52.425 -23.767 7.039 -53.919 -24.809
5 24 7.039 -53.919 -24.809 7.245 -50.652 -31.348 6.981 -53.182 -24.274 7.096 -54.636 -25.372
5 24 7.096 -54.636 -25.372 7.245 -50.652 -31.348 7.039 -53.919 -24.809 7.071 -55.332 -25.961
5 24 7.071 -55.332 -25.961 7.245 -50.652 -31.348 7.096 -54.636 -25.372 7.148 -58.725 -36.5
5 24 7.071 -55.332 -25.961 7.148 -58.725 -36.5 7.245 -50.652 -31.348 6.963 -56.005 -26.575
5 24 6.963 -56.005 -26.575 7.148 -58.725 -36.5 7.071 -55.332 -25.961 6.858 -56.654 -27.214
5 24 6.858 -56.654 -27.214 7.148 -58.725 -36.5 6.963 -56.005 -26.575 6.641 -58 -30
5 24 6.858 -56.654 -27.214 6.641 -58 -30 7.148 -58.725 -36.5 6.757 -57.279 -27.877
5 24 6.757 -57.279 -27.877 6.641 -58 -30 6.858 -56.654 -27.214 6.661 -57.879 -28.563
5 24 6.661 -57.879 -28.563 6.641 -58 -30 6.757 -57.279 -27.877 6.634 -58.453 -29.271
5 24 6.634 -58.453 -29.271 6.641 -58 -30 6.661 -57.879 -28.563 6.626 -58.975 -29.805
5 24 6.562 -63.005 -28.999 6.539 -64.5 -19.5 6.539 -64.5 -28.7 6.668 -62.401 -28.082
5 24 6.668 -62.401 -28.082 6.539 -64.5 -19.5 6.562 -63.005 -28.999 6.708 -61.767 -27.187
5 24 7.036 -56.437 -21.695 6.539 -64.5 -19.5 6.984 -57.286 -22.389 7.25 -56 -16
5 24 7.09 -55.561 -21.035 7.25 -56 -16 7.036 -56.437 -21.695 7.04 -54.661 -20.409
5 24 7.25 -56 -16 7.036 -56.437 -21.695 7.09 -55.561 -21.035 6.539 -64.5 -19.5
5 24 6.887 -53.737 -19.818 7.25 -56 -16 7.04 -54.661 -20.409 6.931 -52.792 -19.263
5 24 7.25 -56 -16 7.04 -54.661 -20.409 6.887 -53.737 -19.818 7.09 -55.561 -21.035
5 24 7.25 -56 -16 6.931 -52.792 -19.263 7.344 -54.5 -15.25 6.887 -53.737 -19.818
5 24 6.931 -52.792 -19.263 7.344 -54.5 -15.25 7.25 -56 -16 6.977 -51.825 -18.745
5 24 6.977 -51.825 -18.745 7.344 -54.5 -15.25 6.931 -52.792 -19.263 7.479 -53.079 -14.105
5 24 6.977 -51.825 -18.745 7.479 -53.079 -14.105 7.344 -54.5 -15.25 7.023 -50.84 -18.264
5 24 7.221 -50.238 -16.314 7.069 -49.836 -17.822 7.117 -48.817 -17.418 7.023 -50.84 -18.264
5 24 7.347 -51.659 -15.209 7.023 -50.84 -18.264 7.069 -49.836 -17.822 6.977 -51.825 -18.745
5 24 9 -28 -10.5 9.825 -23.974 -19.412 10 -23 -20 9.651 -24.971 -18.862
5 24 9 -28 -10.5 9.651 -24.971 -18.862 9.825 -23.974 -19.412 9.479 -25.988 -18.351
5 24 9 -28 -10.5 9.479 -25.988 -18.351 9.651 -24.971 -18.862 9.307 -27.025 -17.881
5 24 9 -28 -10.5 9.307 -27.025 -17.881 9.479 -25.988 -18.351 9.138 -28.079 -17.452
5 24 9 -28 -10.5 9.138 -28.079 -17.452 9.307 -27.025 -17.881 8.972 -29.149 -17.065
5 24 9 -28 -10.5 8.972 -29.149 -17.065 9.138 -28.079 -17.452 8.809 -30.234 -16.72
5 24 9 -28 -10.5 8.809 -30.234 -16.72 8.972 -29.149 -17.065 8.649 -31.331 -16.417
5 24 9.084 -29 -43.75 9.084 -29 -42.5 9.018 -29.884 -43.384 9.121 -28.522 -43.655
5 24 9.172 -27.845 -42.022 9.179 -27.75 -42.5 9.375 -25.766 -41.161 9.084 -29 -42.5
5 24 9.151 -28.116 -41.616 9.172 -27.845 -42.022 9.375 -25.766 -41.161 9.084 -29 -42.5
5 24 9.121 -28.522 -41.345 9.151 -28.116 -41.616 9.383 -26.623 -40 9.084 -29 -42.5
5 24 9.084 -29 -41.25 9.121 -28.522 -41.345 9.084 -29 -39 9.084 -29 -42.5
5 24 6.953 -43.579 -19.163 6.913 -45.719 -19.591 6.413 -46.671 -21.054 7.05 -46.577 -18.136
5 24 6.913 -45.719 -19.591 7.05 -46.577 -18.136 6.413 -46.671 -21.054 6.953 -43.579 -19.163
5 24 9.349 -25.5 -42.5 9.375 -25.766 -41.161 9.179 -27.75 -42.5 9.352 -25.461 -41
5 24 9.375 -25.766 -41.161 9.383 -26.623 -40 9.151 -28.116 -41.616 9.352 -25.461 -41
5 24 9.383 -26.623 -40 9.28 -27.661 -39.266 9.121 -28.522 -41.345 9.414 -27.583 -39
5 24 9.28 -27.661 -39.266 9.084 -29 -39 9.121 -28.522 -41.345 9.414 -27.583 -39
5 24 9.272 -26.525 -44.975 9.329 -25.766 -43.839 9.172 -27.845 -42.978 9.291 -23.709 -43
5 24 9.329 -25.7663 -43.839 9.349 -25.5 -42.5 9.179 -27.75 -42.5 9.291 -23.709 -43
5 24 8.466 -39.5 -51.468 8.379 -41 -52.249 8.789 -34 -52 8.244 -42 -50.52
5 24 8.553 -38 -50.686 8.466 -39.5 -51.468 8.794 -33.707 -51.293 8.415 -40.375 -47.251
5 24 8.971 -30.5 -46.781 8.858 -32 -47.562 8.806 -33 -51 8.792 -33.813 -43.292
5 24 8.858 -32 -47.562 8.797 -33.5 -48.343 8.799 -33.383 -51.076 8.72 -35.125 -44.084
5 24 8.797 -33.5 -48.343 8.728 -35 -49.125 8.799 -33.383 -51.076 8.644 -36.437 -44.875
5 24 8.728 -35 -49.125 8.64 -36.5 -49.905 8.799 -33.383 -51.076 8.568 -37.75 -45.667
5 24 8.64 -36.5 -49.905 8.553 -38 -50.686 8.799 -33.383 -51.076 8.492 -39.063 -46.459
5 24 8.112 -43 -48.834 8.286 -41.688 -48.042 8.353 -39 -40 8.244 -42 -50.52
5 24 8.286 -41.688 -48.042 8.415 -40.375 -47.251 8.353 -39 -40 8.244 -42 -50.52
5 24 8.415 -40.375 -47.251 8.492 -39.063 -46.459 8.353 -39 -40 8.553 -38 -50.686
5 24 8.492 -39.063 -46.459 8.568 -37.75 -45.667 8.353 -39 -40 8.64 -36.5 -49.905
5 24 8.568 -37.75 -45.667 8.644 -36.437 -44.875 8.353 -39 -40 8.728 -35 -49.125
5 24 8.644 -36.438 -44.875 8.72 -35.125 -44.084 8.353 -39 -40 8.797 -33.5 -48.343
5 24 8.72 -35.125 -44.084 8.792 -33.813 -43.292 8.353 -39 -40 8.858 -32 -47.562
5 24 8.792 -33.813 -43.292 8.82 -32.5 -42.5 8.353 -39 -40 8.84 -32.234 -43.839
5 24 9.038 -29.616 -38.049 9.084 -29 -39 9.445 -28 -38 8.983 -30.339 -39.266
5 24 8.991 -30.232 -37.098 9.038 -29.616 -38.049 9.476 -27.968 -37 8.897 -31.475 -40.025
5 24 8.9 -30.848 -36.148 8.991 -30.232 -37.098 9.507 -27.505 -36 8.335 -34.626 -39.283
5 24 8.785 -32.08 -34.246 8.896 -31.464 -35.197 9.537 -26.914 -35 8.023 -36.043 -37.139
5 24 8.896 -31.464 -35.197 8.9 -30.848 -36.148 9.537 -26.914 -35 8.177 -35.334 -38.211
5 24 8.675 -32.696 -33.295 8.785 -32.08 -34.246 9.63 -26.215 -32 7.87 -36.751 -36.066
5 24 8.635 -33.312 -32.344 8.675 -32.696 -33.295 9.661 -26.179 -31 7.87 -36.751 -36.066
5 24 8.494 -33.928 -31.394 8.635 -33.312 -32.344 9.692 -26.2 -30 7.562 -38.168 -33.922
5 24 8.354 -34.544 -30.443 8.494 -33.928 -31.394 9.722 -26.298 -29 7.408 -38.877 -32.849
5 24 8.215 -35.161 -29.492 8.354 -34.544 -30.443 8.875 -31 -26 7.254 -39.586 -31.777
5 24 9.712 -27.591 -22.578 9.513 -28.397 -22.185 8.875 -31 -26 9.923 -26.671 -22.5
5 24 9.513 -28.397 -22.185 9.311 -29.217 -21.821 9.106 -30.049 -21.487 9.923 -26.671 -22.5
5 24 9.311 -29.217 -21.821 9.106 -30.049 -21.487 9.513 -28.397 -22.185 9.307 -27.025 -17.881
5 24 9.106 -30.049 -21.487 8.898 -30.893 -21.182 8.875 -31 -26 9.138 -28.079 -17.452
5 24 8.898 -30.893 -21.182 8.687 -31.747 -20.908 8.875 -31 -26 8.972 -29.149 -17.065
5 24 7.479 -53.079 -14.105 7.55 -54.5 -13 7.4 -55.25 -14.5 7.704 -49.5 -12.5
5 24 7.362 -44.646 -15.004 7.25 -43.528 -16.005 8.15 -40.5 -8 7.117 -48.817 -17.418
5 24 7.499 -45.764 -14.003 7.362 -44.646 -15.004 8.15 -40.5 -8 7.221 -50.238 -16.314
5 24 7.549 -46.882 -13.001 7.499 -45.764 -14.003 8.15 -40.5 -8 7.347 -51.659 -15.209
5 24 7.75 -48 -12 7.549 -46.882 -13.001 8.15 -40.5 -8 7.704 -49.5 -12.5
5 24 8.332 -33.557 -15.943 8.491 -32.439 -16.158 7.8 -37.583 -13.528 8.183 -34.359 -20.272
5 24 8.491 -32.439 -16.158 8.649 -31.331 -16.417 7.8 -37.583 -13.528 8.347 -33.481 -20.453
5 24 8.021 -35.813 -15.644 8.175 -34.682 -15.771 7.8 -37.583 -13.528 7.85 -36.133 -20.005
5 24 7.873 -36.948 -15.561 8.021 -35.813 -15.644 7.8 -37.583 -13.528 7.683 -37.025 -19.919
5 24 7.734 -38.086 -15.523 7.873 -36.948 -15.561 7.8 -37.583 -13.528 7.515 -37.92 -19.865
5 24 7.605 -39.224 -15.529 7.734 -38.086 -15.523 7.8 -37.583 -13.528 7.347 -38.817 -19.843
5 24 7.489 -40.361 -15.58 7.605 -39.224 -15.529 7.8 -37.583 -13.528 7.178 -39.714 -19.854
5 24 7.388 -41.495 -15.676 7.489 -40.361 -15.58 7.8 -37.583 -13.528 7.011 -40.609 -19.896
5 24 7.304 -42.625 -15.816 7.388 -41.495 -15.676 8.15 -40.5 -8 6.877 -41.321 -19.984
5 24 7.25 -43.528 -16.005 7.304 -42.625 -15.816 8.15 -40.5 -8 6.877 -41.321 -19.984
5 24 8.687 -31.747 -20.908 8.511 -32.61 -20.665 8.215 -35.161 -29.492 8.809 -30.234 -16.72
5 24 8.511 -32.61 -20.665 8.347 -33.481 -20.453 8.081 -35.777 -28.541 8.649 -31.331 -16.417
5 24 8.081 -35.777 -28.541 8.215 -35.161 -29.492 8.511 -32.61 -20.665 7.1 -40.294 -30.705
5 24 8.347 -33.481 -20.453 8.183 -34.359 -20.272 7.947 -36.393 -27.59 8.491 -32.439 -16.158
5 24 7.947 -36.393 -27.59 8.081 -35.777 -28.541 8.347 -33.481 -20.453 6.946 -41.003 -29.632
5 24 8.183 -34.359 -20.272 8.017 -35.244 -20.122 7.814 -37.009 -26.64 8.332 -33.557 -15.943
5 24 7.814 -37.009 -26.64 7.947 -36.393 -27.59 8.183 -34.359 -20.272 6.946 -41.003 -29.632
5 24 8.017 -35.244 -20.122 7.85 -36.133 -20.005 7.68 -37.625 -25.689 8.175 -34.682 -15.771
5 24 7.68 -37.625 -25.689 7.814 -37.009 -26.64 8.017 -35.244 -20.122 6.843 -41.711 -28.56
5 24 7.85 -36.133 -20.005 7.683 -37.025 -19.919 7.546 -38.241 -24.738 8.021 -35.813 -15.644
5 24 7.546 -38.241 -24.738 7.68 -37.625 -25.689 7.85 -36.133 -20.005 6.782 -42.42 -27.488
5 24 7.683 -37.025 -19.919 7.515 -37.92 -19.865 7.412 -38.857 -23.787 7.873 -36.948 -15.561
5 24 7.412 -38.857 -23.787 7.546 -38.241 -24.738 7.683 -37.025 -19.919 6.72 -43.128 -26.416
5 24 7.515 -37.92 -19.865 7.347 -38.817 -19.843 7.278 -39.473 -22.836 7.734 -38.086 -15.523
5 24 7.278 -39.473 -22.836 7.412 -38.857 -23.787 7.515 -37.92 -19.865 6.659 -43.837 -25.343
5 24 7.347 -38.817 -19.843 7.178 -39.714 -19.854 7.145 -40.089 -21.886 7.605 -39.224 -15.529
5 24 7.145 -40.089 -21.886 7.278 -39.473 -22.836 7.347 -38.817 -19.843 6.597 -44.545 -24.271
5 24 7.178 -39.714 -19.854 7.011 -40.609 -19.896 7.011 -40.705 -20.935 7.489 -40.361 -15.58
5 24 7.011 -40.705 -20.935 7.145 -40.089 -21.886 7.178 -39.714 -19.854 6.536 -45.254 -23.199
5 24 6.877 -41.321 -19.984 7.011 -40.705 -20.935 7.011 -40.609 -19.896 6.474 -45.962 -22.126
5 24 7.011 -40.609 -19.896 6.877 -41.321 -19.984 7.011 -40.705 -20.935 7.388 -41.495 -15.676
5 24 8.82 -32.5 -42.5 8.658 -33.209 -41.428 8.353 -39 -40 8.839 -32.233 -41.16
5 24 7.87 -36.751 -36.066 7.716 -37.46 -34.994 8.353 -39 -40 8.635 -33.312 -32.344
5 24 8.023 -36.043 -37.139 7.87 -36.751 -36.066 8.353 -39 -40 8.785 -32.08 -34.246
5 24 8.177 -35.334 -38.211 8.023 -36.043 -37.139 8.353 -39 -40 8.896 -31.464 -35.197
5 24 8.335 -34.626 -39.283 8.177 -35.334 -38.211 8.353 -39 -40 8.9 -30.848 -36.148
5 24 8.497 -33.917 -40.355 8.335 -34.626 -39.283 8.353 -39 -40 8.991 -30.232 -37.098
5 24 8.658 -33.209 -41.428 8.497 -33.917 -40.355 8.353 -39 -40 8.839 -32.233 -41.16
5 24 7.1 -40.294 -30.705 6.946 -41.003 -29.632 7.196 -41.164 -33.267 8.081 -35.777 -28.541
5 24 7.254 -39.586 -31.777 7.1 -40.294 -30.705 7.196 -41.164 -33.267 8.215 -35.161 -29.492
5 24 7.408 -38.877 -32.849 7.254 -39.586 -31.777 7.196 -41.164 -33.267 8.354 -34.544 -30.443
5 24 7.562 -38.168 -33.922 7.408 -38.877 -32.849 7.196 -41.164 -33.267 8.494 -33.928 -31.394
5 24 7.716 -37.46 -34.994 7.562 -38.168 -33.922 7.196 -41.164 -33.267 8.635 -33.312 -32.344
5 24 6.946 -41.003 -29.632 6.843 -41.711 -28.56 7.213 -45.348 -31.348 7.814 -37.009 -26.64
5 24 6.843 -41.711 -28.56 6.782 -42.42 -27.488 7.25 -46.565 -30.535 7.68 -37.625 -25.689
5 24 6.782 -42.42 -27.488 6.72 -43.128 -26.416 7.25 -46.565 -30.535 7.546 -38.241 -24.738
5 24 6.72 -43.128 -26.416 6.659 -43.837 -25.343 7.265 -48 -30.25 7.412 -38.857 -23.787
5 24 6.474 -45.962 -22.126 6.413 -46.671 -21.054 7.267 -49.435 -30.535 6.877 -41.321 -19.984
5 24 6.536 -45.254 -23.199 6.474 -45.962 -22.126 7.267 -49.435 -30.535 7.011 -40.705 -20.935
5 24 6.597 -44.545 -24.271 6.536 -45.254 -23.199 7.267 -49.435 -30.535 7.145 -40.089 -21.886
5 24 6.659 -43.837 -25.343 6.597 -44.545 -24.271 7.267 -49.435 -30.535 7.278 -39.473 -22.836
5 24 6.413 -46.671 -21.054 6.513 -47.534 -21.348 7.267 -49.435 -30.535 7.117 -48.817 -17.418
5 24 6.513 -47.534 -21.348 6.6 -48.385 -21.674 7.245 -50.652 -31.348 7.069 -49.836 -17.822
5 24 6.6 -48.385 -21.674 6.666 -49.223 -22.031 7.245 -50.652 -31.348 7.023 -50.84 -18.264
5 24 6.666 -49.223 -22.031 6.732 -50.047 -22.42 7.245 -50.652 -31.348 6.977 -51.825 -18.745
5 24 6.732 -50.047 -22.42 6.796 -50.856 -22.839 7.245 -50.652 -31.348 6.931 -52.792 -19.263
5 24 6.796 -50.856 -22.839 6.859 -51.649 -23.289 7.245 -50.652 -31.348 6.887 -53.737 -19.818
5 24 6.859 -51.649 -23.289 6.92 -52.425 -23.767 7.245 -50.652 -31.348 7.04 -54.661 -20.409
5 24 6.92 -52.425 -23.767 6.981 -53.182 -24.274 7.245 -50.652 -31.348 7.09 -55.561 -21.035
5 24 6.981 -53.182 -24.274 7.039 -53.919 -24.809 7.245 -50.652 -31.348 7.036 -56.437 -21.695
5 24 7.039 -53.919 -24.809 7.096 -54.636 -25.372 7.245 -50.652 -31.348 6.984 -57.286 -22.389
5 24 7.096 -54.636 -25.372 7.071 -55.332 -25.961 7.245 -50.652 -31.348 6.933 -58.108 -23.115
5 24 7.071 -55.332 -25.961 6.963 -56.005 -26.575 7.148 -58.725 -36.5 6.884 -58.901 -23.871
5 24 6.963 -56.005 -26.575 6.858 -56.654 -27.214 7.148 -58.725 -36.5 6.837 -59.665 -24.658
5 24 6.858 -56.654 -27.214 6.757 -57.279 -27.877 6.641 -58 -30 6.792 -60.398 -25.474
5 24 6.757 -57.279 -27.877 6.661 -57.879 -28.563 6.641 -58 -30 6.749 -61.099 -26.317
5 24 6.661 -57.879 -28.563 6.634 -58.453 -29.271 6.641 -58 -30 6.708 -61.767 -27.187
5 24 6.634 -58.453 -29.271 6.626 -58.975 -29.805 6.641 -58 -30 6.668 -62.401 -28.082
5 24 6.562 -63.005 -28.999 6.668 -62.401 -28.082 6.539 -64.5 -19.5 6.626 -58.975 -29.805
5 24 6.984 -57.286 -22.389 7.036 -56.437 -21.695 6.539 -64.5 -19.5 7.039 -53.919 -24.809
5 24 6.933 -58.108 -23.115 6.984 -57.286 -22.389 6.539 -64.5 -19.5 7.096 -54.636 -25.372
5 24 6.884 -58.901 -23.871 6.933 -58.108 -23.115 6.539 -64.5 -19.5 7.071 -55.332 -25.961
5 24 6.837 -59.665 -24.658 6.884 -58.901 -23.871 6.539 -64.5 -19.5 6.963 -56.005 -26.575
5 24 6.792 -60.398 -25.474 6.837 -59.665 -24.658 6.539 -64.5 -19.5 6.858 -56.654 -27.214
5 24 6.749 -61.099 -26.317 6.792 -60.398 -25.474 6.539 -64.5 -19.5 6.757 -57.279 -27.877
5 24 6.708 -61.767 -27.187 6.749 -61.099 -26.317 6.539 -64.5 -19.5 6.661 -57.879 -28.563
5 24 6.668 -62.401 -28.082 6.708 -61.767 -27.187 6.539 -64.5 -19.5 6.634 -58.453 -29.271
5 24 7.036 -56.437 -21.695 7.09 -55.561 -21.035 7.25 -56 -16 6.981 -53.182 -24.274
5 24 7.04 -54.661 -20.409 6.887 -53.737 -19.818 7.25 -56 -16 6.859 -51.649 -23.289
5 24 7.09 -55.561 -21.035 7.04 -54.661 -20.409 7.25 -56 -16 6.92 -52.425 -23.767
5 24 6.887 -53.737 -19.818 6.931 -52.792 -19.263 7.25 -56 -16 6.796 -50.856 -22.839
5 24 6.931 -52.792 -19.263 6.977 -51.825 -18.745 7.344 -54.5 -15.25 6.732 -50.047 -22.42
5 24 7.069 -49.836 -17.822 7.117 -48.817 -17.418 7.221 -50.238 -16.314 6.513 -47.534 -21.348
5 24 7.117 -48.817 -17.418 7.221 -50.238 -16.314 7.069 -49.836 -17.822 7.25 -43.528 -16.005
5 24 7.023 -50.84 -18.264 7.069 -49.836 -17.822 7.221 -50.238 -16.314 6.6 -48.385 -21.674
5 24 7.221 -50.238 -16.314 7.347 -51.659 -15.209 7.023 -50.84 -18.264 7.499 -45.764 -14.003
5 24 6.977 -51.825 -18.745 7.023 -50.84 -18.264 7.347 -51.659 -15.209 6.666 -49.223 -22.031
5 24 7.347 -51.659 -15.209 7.479 -53.079 -14.105 6.977 -51.825 -18.745 7.549 -46.882 -13.001
5 24 9.825 -23.974 -19.412 10 -23 -20 9 -28 -10.5 9.985 -24.813 -20.5
5 24 9.651 -24.971 -18.862 9.825 -23.974 -19.412 9 -28 -10.5 9.985 -24.813 -20.5
5 24 9.479 -25.988 -18.351 9.651 -24.971 -18.862 9 -28 -10.5 9.969 -26 -21.25
5 24 9.307 -27.025 -17.881 9.479 -25.988 -18.351 9 -28 -10.5 9.311 -29.217 -21.821
5 24 9.138 -28.079 -17.452 9.307 -27.025 -17.881 9 -28 -10.5 9.106 -30.049 -21.487
5 24 8.972 -29.149 -17.065 9.138 -28.079 -17.452 9 -28 -10.5 8.898 -30.893 -21.182
5 24 8.809 -30.234 -16.72 8.972 -29.149 -17.065 9 -28 -10.5 8.687 -31.747 -20.908
5 24 8.649 -31.331 -16.417 8.809 -30.234 -16.72 9 -28 -10.5 8.511 -32.61 -20.665
5 24 7.3 -44.25 -34 7.2 -44.535 -32.565 7.224 -45.5 -34 7.196 -41.164 -33.267
5 24 7.2 -44.535 -32.565 7.213 -45.3484 -31.3484 7.204 -45.6902 -33.0433 7.196 -41.164 -33.267
5 24 7.213 -45.348 -31.348 7.25 -46.5649 -30.5354 7.288 -47.0433 -31.6902 6.843 -41.711 -28.56
5 24 7.25 -46.565 -30.535 7.265 -48 -30.25 7.292 -48 -31.5 6.72 -43.128 -26.416
5 24 7.265 -48 -30.25 7.267 -49.4351 -30.5354 7.288 -48.9568 -31.6902 6.659 -43.837 -25.343
5 24 7.267 -49.435 -30.535 7.245 -50.6516 -31.3484 7.269 -49.7677 -32.2323 6.513 -47.534 -21.348
5 24 7.245 -50.652 -31.348 7.174 -51.4646 -32.5649 7.224 -50.3098 -33.0433 7.141 -58 -36.4
5 24 7.174 -51.465 -32.565 7.114 -51.75 -34 7.208 -50.5 -34 7.141 -58 -36.4
5 24 7.114 -51.75 -34 7.138 -51.4646 -35.4351 7.224 -50.3098 -34.9568 7.254 -56 -37.851
5 24 7.138 -51.465 -35.435 7.231 -50.6516 -36.6516 7.224 -50.3098 -34.9568 7.341 -53 -38.958
5 24 7.231 -50.652 -36.652 7.33 -49.4351 -37.4646 7.337 -48.9568 -36.3098 7.388 -51 -39.56
5 24 7.33 -49.435 -37.465 7.436 -48 -37.75 7.417 -48 -36.5 7.49 -49 -40.871
5 24 7.436 -48 -37.75 7.54 -46.5649 -37.4646 7.496 -47.0433 -36.3098 7.755 -46 -44.26
5 24 7.54 -46.565 -37.465 7.636 -45.3484 -36.6516 7.564 -46.2323 -35.7677 8.112 -43 -48.834
5 24 7.636 -45.348 -36.652 7.45 -44.5354 -35.4351 7.564 -46.2323 -35.7677 7.196 -41.164 -33.267
5 24 7.45 -44.535 -35.435 7.3 -44.25 -34 7.361 -45.6902 -34.9568 7.196 -41.164 -33.267
5 24 10 -17.612 2.088 10 -17.466 3 9.75 -25 2.5 10 -15.8624 2.088
5 24 10 -17.75 0 10 -17.612 2.088 9.75 -25 2.5 10 -16 0

0 FILE parts/s/4492e1.dat
0 ~Animal Horse Eye Highlight
0 Name: s\4492e1.dat
0 Author: Sascha Broich [SaschaBroich]
0 !LDRAW_ORG Subpart UPDATE 2015-01
0 !LICENSE Licensed under CC BY 4.0 : see CAreadme.txt

0 BFC CERTIFY CCW

0 !HISTORY 2002-04-25 [PTadmin] Official Update 2002-02
0 !HISTORY 2007-09-09 [PTadmin] Header formatted for Contributor Agreement
0 !HISTORY 2008-07-01 [PTadmin] Official Update 2008-01
0 !HISTORY 2014-12-07 [MagFors] Made BFC compliant
0 !HISTORY 2014-12-10 [MagFors] Recreated cond-lines
0 !HISTORY 2015-10-11 [PTadmin] Official Update 2015-01


4 16 7.433 -47.8071 -34.7871 7.438 -47.75 -34.5 7.406 -48.125 -34.125 7.419 -47.9697 -35.0303
4 16 7.399 -48.213 -35.1929 7.419 -47.9697 -35.0303 7.406 -48.125 -34.125 7.375 -48.5 -35.25
4 16 7.351 -48.7871 -35.1929 7.375 -48.5 -35.25 7.406 -48.125 -34.125 7.331 -49.0303 -35.0303
4 16 7.317 -49.1929 -34.7871 7.331 -49.0303 -35.0303 7.406 -48.125 -34.125 7.313 -49.25 -34.5
4 16 7.317 -49.1929 -34.213 7.313 -49.25 -34.5 7.406 -48.125 -34.125 7.331 -49.0303 -33.9697
4 16 7.351 -48.7871 -33.8071 7.331 -49.0303 -33.9697 7.406 -48.125 -34.125 7.375 -48.5 -33.75
4 16 7.399 -48.213 -33.8071 7.375 -48.5 -33.75 7.406 -48.125 -34.125 7.419 -47.9697 -33.9697
4 16 7.433 -47.8071 -34.213 7.419 -47.9697 -33.9697 7.406 -48.125 -34.125 7.438 -47.75 -34.5
0 // Added lines/Condlines
5 24 7.406 -48.125 -34.125 7.419 -47.9697 -35.0303 7.433 -47.8071 -34.7871 7.399 -48.213 -35.1929
5 24 7.406 -48.125 -34.125 7.331 -49.0303 -33.9697 7.317 -49.1929 -34.213 7.351 -48.7871 -33.8071
5 24 7.406 -48.125 -34.125 7.375 -48.5 -33.75 7.351 -48.7871 -33.8071 7.399 -48.213 -33.8071
5 24 7.406 -48.125 -34.125 7.419 -47.9697 -33.9697 7.399 -48.213 -33.8071 7.433 -47.8071 -34.213
5 24 7.433 -47.8071 -34.7871 7.438 -47.75 -34.5 7.406 -48.125 -34.125 7.361 -45.6902 -34.9568
5 24 7.419 -47.9697 -35.0303 7.433 -47.8071 -34.7871 7.438 -47.75 -34.5 7.564 -46.2323 -35.7677
5 24 7.313 -49.25 -34.5 7.317 -49.1929 -34.7871 7.331 -49.0303 -35.0303 7.208 -50.5 -34
5 24 7.317 -49.1929 -34.213 7.313 -49.25 -34.5 7.406 -48.125 -34.125 7.224 -50.3098 -33.0433
5 24 7.331 -49.0303 -33.9697 7.317 -49.1929 -34.213 7.313 -49.25 -34.5 7.269 -49.7677 -32.2323
5 24 7.375 -48.5 -33.75 7.351 -48.7871 -33.8071 7.331 -49.0303 -33.9697 7.288 -48.9568 -31.6902
5 24 7.399 -48.213 -33.8071 7.375 -48.5 -33.75 7.406 -48.125 -34.125 7.292 -48 -31.5
5 24 7.419 -47.9697 -33.9697 7.399 -48.213 -33.8071 7.375 -48.5 -33.75 7.288 -47.0433 -31.6902
5 24 7.433 -47.8071 -34.213 7.419 -47.9697 -33.9697 7.406 -48.125 -34.125 7.204 -45.6902 -33.0433
5 24 7.438 -47.75 -34.5 7.433 -47.8071 -34.213 7.419 -47.9697 -33.9697 7.224 -45.5 -34

0 FILE parts/s/4492e2.dat
0 ~Animal Horse Eye Ring
0 Name: s\4492e2.dat
0 Author: Sascha Broich [SaschaBroich]
0 !LDRAW_ORG Subpart UPDATE 2015-01
0 !LICENSE Licensed under CC BY 4.0 : see CAreadme.txt

0 BFC CERTIFY CCW

0 !HISTORY 2002-04-25 [PTadmin] Official Update 2002-02
0 !HISTORY 2007-09-09 [PTadmin] Header formatted for Contributor Agreement
0 !HISTORY 2008-07-01 [PTadmin] Official Update 2008-01
0 !HISTORY 2014-12-07 [MagFors] Made BFC compliant
0 !HISTORY 2014-12-10 [MagFors] Recreated cond-lines
0 !HISTORY 2015-10-11 [PTadmin] Official Update 2015-01


3 16 7.3 -44.25 -34 7.2 -44.535 -32.565 7.224 -45.5 -34
3 16 7.2 -44.535 -32.565 7.204 -45.6902 -33.0433 7.224 -45.5 -34
3 16 7.2 -44.535 -32.565 7.213 -45.348 -31.348 7.204 -45.6902 -33.0433
3 16 7.213 -45.348 -31.348 7.269 -46.2323 -32.2323 7.204 -45.6902 -33.0433
4 16 7.213 -45.348 -31.348 7.25 -46.565 -30.535 7.288 -47.0433 -31.6902 7.269 -46.2323 -32.2323
4 16 7.25 -46.565 -30.535 7.265 -48 -30.25 7.292 -48 -31.5 7.288 -47.0433 -31.6902
4 16 7.265 -48 -30.25 7.267 -49.435 -30.535 7.288 -48.9568 -31.6902 7.292 -48 -31.5
4 16 7.267 -49.435 -30.535 7.245 -50.652 -31.348 7.269 -49.7677 -32.2323 7.288 -48.9568 -31.6902
4 16 7.245 -50.652 -31.348 7.174 -51.465 -32.565 7.224 -50.3098 -33.0433 7.269 -49.7677 -32.2323
3 16 7.174 -51.465 -32.565 7.114 -51.75 -34 7.208 -50.5 -34
3 16 7.174 -51.465 -32.565 7.208 -50.5 -34 7.224 -50.3098 -33.0433
4 16 7.114 -51.75 -34 7.138 -51.465 -35.435 7.224 -50.3098 -34.9568 7.208 -50.5 -34
3 16 7.138 -51.465 -35.435 7.231 -50.652 -36.652 7.224 -50.3098 -34.9568
3 16 7.231 -50.652 -36.652 7.269 -49.7677 -35.7677 7.224 -50.3098 -34.9568
4 16 7.231 -50.652 -36.652 7.33 -49.435 -37.465 7.337 -48.9568 -36.3098 7.269 -49.7677 -35.7677
4 16 7.33 -49.435 -37.465 7.436 -48 -37.75 7.417 -48 -36.5 7.337 -48.9568 -36.3098
4 16 7.436 -48 -37.75 7.54 -46.565 -37.465 7.496 -47.0433 -36.3098 7.417 -48 -36.5
4 16 7.54 -46.565 -37.465 7.636 -45.348 -36.652 7.564 -46.2323 -35.7677 7.496 -47.0433 -36.3098
3 16 7.636 -45.348 -36.652 7.45 -44.535 -35.435 7.564 -46.2323 -35.7677
3 16 7.45 -44.535 -35.435 7.361 -45.6902 -34.9568 7.564 -46.2323 -35.7677
3 16 7.45 -44.535 -35.435 7.3 -44.25 -34 7.361 -45.6902 -34.9568
3 16 7.3 -44.25 -34 7.224 -45.5 -34 7.361 -45.6902 -34.9568
0 // Added lines/Condlines
5 24 7.2 -44.535 -32.565 7.224 -45.5 -34 7.3 -44.25 -34 7.204 -45.6902 -33.0433
5 24 7.224 -45.5 -34 7.3 -44.25 -34 7.2 -44.535 -32.565 7.361 -45.6902 -34.9568
5 24 7.2 -44.535 -32.565 7.204 -45.6902 -33.0433 7.224 -45.5 -34 7.213 -45.348 -31.348
5 24 7.213 -45.348 -31.348 7.204 -45.6902 -33.0433 7.2 -44.535 -32.565 7.269 -46.2323 -32.2323
5 24 7.213 -45.348 -31.348 7.269 -46.2323 -32.2323 7.204 -45.6902 -33.0433 7.25 -46.565 -30.535
5 24 7.25 -46.565 -30.535 7.288 -47.0433 -31.6902 7.213 -45.348 -31.348 7.265 -48 -30.25
5 24 7.265 -48 -30.25 7.292 -48 -31.5 7.25 -46.565 -30.535 7.267 -49.435 -30.535
5 24 7.267 -49.435 -30.535 7.288 -48.9568 -31.6902 7.265 -48 -30.25 7.245 -50.652 -31.348
5 24 7.245 -50.652 -31.348 7.269 -49.7677 -32.2323 7.267 -49.435 -30.535 7.174 -51.465 -32.565
5 24 7.174 -51.465 -32.565 7.224 -50.3098 -33.0433 7.245 -50.652 -31.348 7.208 -50.5 -34
5 24 7.114 -51.75 -34 7.208 -50.5 -34 7.174 -51.465 -32.565 7.138 -51.465 -35.435
5 24 7.208 -50.5 -34 7.174 -51.465 -32.565 7.114 -51.75 -34 7.224 -50.3098 -33.0433
5 24 7.138 -51.465 -35.435 7.224 -50.3098 -34.9568 7.114 -51.75 -34 7.231 -50.652 -36.652
5 24 7.231 -50.652 -36.652 7.224 -50.3098 -34.9568 7.138 -51.465 -35.435 7.269 -49.7677 -35.7677
5 24 7.231 -50.652 -36.652 7.269 -49.7677 -35.7677 7.224 -50.3098 -34.9568 7.33 -49.435 -37.465
5 24 7.33 -49.435 -37.465 7.337 -48.9568 -36.3098 7.231 -50.652 -36.652 7.436 -48 -37.75
5 24 7.436 -48 -37.75 7.417 -48 -36.5 7.33 -49.435 -37.465 7.54 -46.565 -37.465
5 24 7.54 -46.565 -37.465 7.496 -47.0433 -36.3098 7.436 -48 -37.75 7.636 -45.348 -36.652
5 24 7.636 -45.348 -36.652 7.564 -46.2323 -35.7677 7.54 -46.565 -37.465 7.45 -44.535 -35.435
5 24 7.45 -44.535 -35.435 7.564 -46.2323 -35.7677 7.636 -45.348 -36.652 7.361 -45.6902 -34.9568
5 24 7.45 -44.535 -35.435 7.361 -45.6902 -34.9568 7.564 -46.2323 -35.7677 7.3 -44.25 -34
5 24 7.3 -44.25 -34 7.361 -45.6902 -34.9568 7.45 -44.535 -35.435 7.224 -45.5 -34

0 FILE parts/s/4492e3.dat
0 ~Animal Horse Eye Pupil
0 Name: s\4492e3.dat
0 Author: Sascha Broich [SaschaBroich]
0 !LDRAW_ORG Subpart UPDATE 2015-01
0 !LICENSE Licensed under CC BY 4.0 : see CAreadme.txt

0 BFC CERTIFY CCW

0 !HISTORY 2002-04-25 [PTadmin] Official Update 2002-02
0 !HISTORY 2007-09-09 [PTadmin] Header formatted for Contributor Agreement
0 !HISTORY 2008-07-01 [PTadmin] Official Update 2008-01
0 !HISTORY 2014-12-07 [MagFors] Made BFC compliant
0 !HISTORY 2014-12-10 [MagFors] Recreated cond-lines
0 !HISTORY 2015-10-11 [PTadmin] Official Update 2015-01


0 // black of eye
3 16 7.438 -47.75 -34.5 7.433 -47.8071 -34.7871 7.361 -45.6902 -34.9568
3 16 7.438 -47.75 -34.5 7.361 -45.6902 -34.9568 7.224 -45.5 -34
3 16 7.433 -47.8071 -34.7871 7.419 -47.9697 -35.0303 7.564 -46.2323 -35.7677
3 16 7.433 -47.8071 -34.7871 7.564 -46.2323 -35.7677 7.361 -45.6902 -34.9568
4 16 7.419 -47.9697 -35.0303 7.399 -48.213 -35.1929 7.496 -47.0433 -36.3098 7.564 -46.2323 -35.7677
4 16 7.399 -48.213 -35.1929 7.375 -48.5 -35.25 7.417 -48 -36.5 7.496 -47.0433 -36.3098
4 16 7.375 -48.5 -35.25 7.351 -48.7871 -35.1929 7.337 -48.9568 -36.3098 7.417 -48 -36.5
4 16 7.351 -48.7871 -35.1929 7.331 -49.0303 -35.0303 7.269 -49.7677 -35.7677 7.337 -48.9568 -36.3098
4 16 7.331 -49.0303 -35.0303 7.317 -49.1929 -34.7871 7.224 -50.3098 -34.9568 7.269 -49.7677 -35.7677
4 16 7.317 -49.1929 -34.7871 7.313 -49.25 -34.5 7.208 -50.5 -34 7.224 -50.3098 -34.9568
4 16 7.313 -49.25 -34.5 7.317 -49.1929 -34.213 7.224 -50.3098 -33.0433 7.208 -50.5 -34
4 16 7.317 -49.1929 -34.213 7.331 -49.0303 -33.9697 7.269 -49.7677 -32.2323 7.224 -50.3098 -33.0433
3 16 7.331 -49.0303 -33.9697 7.351 -48.7871 -33.8071 7.269 -49.7677 -32.2323
3 16 7.351 -48.7871 -33.8071 7.288 -48.9568 -31.6902 7.269 -49.7677 -32.2323
3 16 7.351 -48.7871 -33.8071 7.375 -48.5 -33.75 7.288 -48.9568 -31.6902
3 16 7.375 -48.5 -33.75 7.292 -48 -31.5 7.288 -48.9568 -31.6902
3 16 7.375 -48.5 -33.75 7.399 -48.213 -33.8071 7.292 -48 -31.5
3 16 7.399 -48.213 -33.8071 7.288 -47.0433 -31.6902 7.292 -48 -31.5
3 16 7.399 -48.213 -33.8071 7.419 -47.9697 -33.9697 7.288 -47.0433 -31.6902
3 16 7.419 -47.9697 -33.9697 7.269 -46.2323 -32.2323 7.288 -47.0433 -31.6902
3 16 7.419 -47.9697 -33.9697 7.433 -47.8071 -34.213 7.204 -45.6902 -33.0433
3 16 7.419 -47.9697 -33.9697 7.204 -45.6902 -33.0433 7.269 -46.2323 -32.2323
4 16 7.433 -47.8071 -34.213 7.438 -47.75 -34.5 7.224 -45.5 -34 7.204 -45.6902 -33.0433
0 // Added lines/Condlines
5 24 7.433 -47.8071 -34.7871 7.361 -45.6902 -34.9568 7.438 -47.75 -34.5 7.564 -46.2323 -35.7677
5 24 7.361 -45.6902 -34.9568 7.438 -47.75 -34.5 7.433 -47.8071 -34.7871 7.224 -45.5 -34
5 24 7.224 -45.5 -34 7.438 -47.75 -34.5 7.361 -45.6902 -34.9568 7.433 -47.8071 -34.213
5 24 7.419 -47.9697 -35.0303 7.564 -46.2323 -35.7677 7.433 -47.8071 -34.7871 7.399 -48.213 -35.1929
5 24 7.564 -46.2323 -35.7677 7.433 -47.8071 -34.7871 7.419 -47.9697 -35.0303 7.361 -45.6902 -34.9568
5 24 7.331 -49.0303 -35.0303 7.269 -49.7677 -35.7677 7.351 -48.7871 -35.1929 7.317 -49.1929 -34.7871
5 24 7.317 -49.1929 -34.7871 7.224 -50.3098 -34.9568 7.331 -49.0303 -35.0303 7.313 -49.25 -34.5
5 24 7.313 -49.25 -34.5 7.208 -50.5 -34 7.317 -49.1929 -34.7871 7.317 -49.1929 -34.213
5 24 7.317 -49.1929 -34.213 7.224 -50.3098 -33.0433 7.313 -49.25 -34.5 7.331 -49.0303 -33.9697
5 24 7.331 -49.0303 -33.9697 7.269 -49.7677 -32.2323 7.317 -49.1929 -34.213 7.351 -48.7871 -33.8071
5 24 7.351 -48.7871 -33.8071 7.269 -49.7677 -32.2323 7.331 -49.0303 -33.9697 7.288 -48.9568 -31.6902
5 24 7.351 -48.7871 -33.8071 7.288 -48.9568 -31.6902 7.269 -49.7677 -32.2323 7.375 -48.5 -33.75
5 24 7.375 -48.5 -33.75 7.288 -48.9568 -31.6902 7.351 -48.7871 -33.8071 7.292 -48 -31.5
5 24 7.375 -48.5 -33.75 7.292 -48 -31.5 7.288 -48.9568 -31.6902 7.399 -48.213 -33.8071
5 24 7.399 -48.213 -33.8071 7.292 -48 -31.5 7.375 -48.5 -33.75 7.288 -47.0433 -31.6902
5 24 7.399 -48.213 -33.8071 7.288 -47.0433 -31.6902 7.292 -48 -31.5 7.419 -47.9697 -33.9697
5 24 7.419 -47.9697 -33.9697 7.288 -47.0433 -31.6902 7.399 -48.213 -33.8071 7.269 -46.2323 -32.2323
5 24 7.419 -47.9697 -33.9697 7.269 -46.2323 -32.2323 7.288 -47.0433 -31.6902 7.204 -45.6902 -33.0433
5 24 7.433 -47.8071 -34.213 7.204 -45.6902 -33.0433 7.419 -47.9697 -33.9697 7.438 -47.75 -34.5
5 24 7.204 -45.6902 -33.0433 7.419 -47.9697 -33.9697 7.433 -47.8071 -34.213 7.269 -46.2323 -32.2323
5 24 7.361 -45.6902 -34.9568 7.224 -45.5 -34 7.438 -47.75 -34.5 7.3 -44.25 -34
5 24 7.564 -46.2323 -35.7677 7.361 -45.6902 -34.9568 7.433 -47.8071 -34.7871 7.45 -44.5354 -35.4351
5 24 7.496 -47.0433 -36.3098 7.564 -46.2323 -35.7677 7.419 -47.9697 -35.0303 7.54 -46.565 -37.465
5 24 7.417 -48 -36.5 7.496 -47.0433 -36.3098 7.399 -48.213 -35.1929 7.436 -48 -37.75
5 24 7.337 -48.9568 -36.3098 7.417 -48 -36.5 7.375 -48.5 -35.25 7.33 -49.435 -37.465
5 24 7.269 -49.7677 -35.7677 7.337 -48.9568 -36.3098 7.351 -48.7871 -35.1929 7.231 -50.652 -36.652
5 24 7.224 -50.3098 -34.9568 7.269 -49.7677 -35.7677 7.331 -49.0303 -35.0303 7.231 -50.6516 -36.6516
5 24 7.208 -50.5 -34 7.224 -50.3098 -34.9568 7.317 -49.1929 -34.7871 7.114 -51.75 -34
5 24 7.224 -50.3098 -33.0433 7.208 -50.5 -34 7.313 -49.25 -34.5 7.174 -51.465 -32.565
5 24 7.269 -49.7677 -32.2323 7.224 -50.3098 -33.0433 7.317 -49.1929 -34.213 7.245 -50.652 -31.348
5 24 7.288 -48.9568 -31.6902 7.269 -49.7677 -32.2323 7.351 -48.7871 -33.8071 7.267 -49.435 -30.535
5 24 7.292 -48 -31.5 7.288 -48.9568 -31.6902 7.375 -48.5 -33.75 7.265 -48 -30.25
5 24 7.288 -47.0433 -31.6902 7.292 -48 -31.5 7.399 -48.213 -33.8071 7.25 -46.565 -30.535
5 24 7.269 -46.2323 -32.2323 7.288 -47.0433 -31.6902 7.419 -47.9697 -33.9697 7.213 -45.348 -31.348
5 24 7.204 -45.6902 -33.0433 7.269 -46.2323 -32.2323 7.419 -47.9697 -33.9697 7.213 -45.3484 -31.3484
5 24 7.224 -45.5 -34 7.204 -45.6902 -33.0433 7.433 -47.8071 -34.213 7.2 -44.535 -32.565

0 FILE parts/s/4492b2.dat
0 ~Animal Horse Head Bridle Straps
0 Name: s\4492b2.dat
0 Author: Sascha Broich [SaschaBroich]
0 !LDRAW_ORG Subpart UPDATE 2015-01
0 !LICENSE Licensed under CC BY 4.0 : see CAreadme.txt

0 BFC CERTIFY CCW

0 !HISTORY 2002-04-25 [PTadmin] Official Update 2002-02
0 !HISTORY 2007-09-09 [PTadmin] Header formatted for Contributor Agreement
0 !HISTORY 2008-07-01 [PTadmin] Official Update 2008-01
0 !HISTORY 2014-12-07 [MagFors] Made BFC compliant
0 !HISTORY 2014-12-10 [MagFors] Recreated cond-lines
0 !HISTORY 2015-10-11 [PTadmin] Official Update 2015-01


0 // muzzle strap

3 16 8.286 -41.688 -48.042 8.112 -43 -48.834 8.244 -42 -50.52
4 16 8.286 -41.688 -48.042 8.244 -42 -50.52 8.466 -39.5 -51.468 8.415 -40.375 -47.251
3 16 8.379 -41 -52.249 8.466 -39.5 -51.468 8.244 -42 -50.52
3 16 8.553 -38 -50.686 8.415 -40.375 -47.251 8.466 -39.5 -51.468
4 16 8.553 -38 -50.686 8.64 -36.5 -49.905 8.492 -39.063 -46.459 8.415 -40.375 -47.251
4 16 8.64 -36.5 -49.905 8.728 -35 -49.125 8.568 -37.75 -45.667 8.492 -39.063 -46.459
4 16 8.728 -35 -49.125 8.797 -33.5 -48.343 8.644 -36.437 -44.875 8.568 -37.75 -45.667
4 16 8.797 -33.5 -48.343 8.858 -32 -47.562 8.72 -35.125 -44.084 8.644 -36.438 -44.875
3 16 8.971 -30.5 -46.781 8.792 -33.813 -43.292 8.858 -32 -47.562
3 16 8.792 -33.813 -43.292 8.72 -35.125 -44.084 8.858 -32 -47.562
3 16 8.84 -32.234 -43.839 8.792 -33.813 -43.292 8.897 -31.475 -44.975
3 16 8.82 -32.5 -42.5 8.792 -33.813 -43.292 8.84 -32.234 -43.839
3 16 9.084 -29 -46 8.983 -30.339 -45.734 8.971 -30.5 -46.781
3 16 8.983 -30.339 -45.734 8.897 -31.475 -44.975 8.971 -30.5 -46.781
3 16 8.897 -31.475 -44.975 8.792 -33.813 -43.292 8.971 -30.5 -46.781
0 // cheek strap
3 16 6.474 -45.962 -22.126 6.877 -41.321 -19.984 6.413 -46.671 -21.054
3 16 7.011 -40.705 -20.935 6.877 -41.321 -19.984 6.474 -45.962 -22.126
3 16 6.536 -45.254 -23.199 7.011 -40.705 -20.935 6.474 -45.962 -22.126
3 16 7.145 -40.089 -21.886 7.011 -40.705 -20.935 6.536 -45.254 -23.199
3 16 6.597 -44.545 -24.271 7.145 -40.089 -21.886 6.536 -45.254 -23.199
3 16 7.278 -39.473 -22.836 7.145 -40.089 -21.886 6.597 -44.545 -24.271
3 16 6.659 -43.837 -25.343 7.278 -39.473 -22.836 6.597 -44.545 -24.271
3 16 7.412 -38.857 -23.787 7.278 -39.473 -22.836 6.659 -43.837 -25.343
3 16 6.72 -43.128 -26.416 7.412 -38.857 -23.787 6.659 -43.837 -25.343
3 16 7.546 -38.241 -24.738 7.412 -38.857 -23.787 6.72 -43.128 -26.416
3 16 6.782 -42.42 -27.488 7.546 -38.241 -24.738 6.72 -43.128 -26.416
3 16 7.68 -37.625 -25.689 7.546 -38.241 -24.738 6.782 -42.42 -27.488
3 16 6.843 -41.711 -28.56 7.68 -37.625 -25.689 6.782 -42.42 -27.488
3 16 7.814 -37.009 -26.64 7.68 -37.625 -25.689 6.843 -41.711 -28.56
3 16 6.946 -41.003 -29.632 7.814 -37.009 -26.64 6.843 -41.711 -28.56
3 16 7.947 -36.393 -27.59 7.814 -37.009 -26.64 6.946 -41.003 -29.632
4 16 6.946 -41.003 -29.632 7.1 -40.294 -30.705 8.081 -35.777 -28.541 7.947 -36.393 -27.59
4 16 7.1 -40.294 -30.705 7.254 -39.586 -31.777 8.215 -35.161 -29.492 8.081 -35.777 -28.541
4 16 7.254 -39.586 -31.777 7.408 -38.877 -32.849 8.354 -34.544 -30.443 8.215 -35.161 -29.492
4 16 7.408 -38.877 -32.849 7.562 -38.168 -33.922 8.494 -33.928 -31.394 8.354 -34.544 -30.443
4 16 7.562 -38.168 -33.922 7.716 -37.46 -34.994 8.635 -33.312 -32.344 8.494 -33.928 -31.394
3 16 7.87 -36.751 -36.066 8.635 -33.312 -32.344 7.716 -37.46 -34.994
3 16 8.675 -32.696 -33.295 8.635 -33.312 -32.344 7.87 -36.751 -36.066
3 16 8.023 -36.043 -37.139 8.785 -32.08 -34.246 7.87 -36.751 -36.066
3 16 8.785 -32.08 -34.246 8.675 -32.696 -33.295 7.87 -36.751 -36.066
3 16 8.177 -35.334 -38.211 8.896 -31.464 -35.197 8.023 -36.043 -37.139
3 16 8.896 -31.464 -35.197 8.785 -32.08 -34.246 8.023 -36.043 -37.139
3 16 8.335 -34.626 -39.283 8.9 -30.848 -36.148 8.177 -35.334 -38.211
3 16 8.9 -30.848 -36.148 8.896 -31.464 -35.197 8.177 -35.334 -38.211
4 16 8.991 -30.232 -37.098 8.335 -34.626 -39.283 8.497 -33.917 -40.355 8.897 -31.475 -40.025
3 16 8.335 -34.626 -39.283 8.991 -30.232 -37.098 8.9 -30.848 -36.148
3 16 8.658 -33.209 -41.428 8.82 -32.5 -42.5 8.839 -32.233 -41.16
3 16 8.839 -32.233 -41.16 8.497 -33.917 -40.355 8.658 -33.209 -41.428
3 16 8.497 -33.917 -40.355 8.839 -32.233 -41.16 8.897 -31.475 -40.025
4 16 8.991 -30.232 -37.098 8.897 -31.475 -40.025 8.983 -30.339 -39.266 9.038 -29.616 -38.049
3 16 9.038 -29.616 -38.049 8.983 -30.339 -39.266 9.084 -29 -39
0 // mane strap
4 16 7.117 -48.817 -17.418 7.25 -43.528 -16.005 7.362 -44.646 -15.004 7.221 -50.238 -16.314
3 16 7.499 -45.764 -14.003 7.221 -50.238 -16.314 7.362 -44.646 -15.004
3 16 7.347 -51.659 -15.209 7.221 -50.238 -16.314 7.499 -45.764 -14.003
3 16 7.549 -46.882 -13.001 7.347 -51.659 -15.209 7.499 -45.764 -14.003
3 16 7.479 -53.079 -14.105 7.347 -51.659 -15.209 7.549 -46.882 -13.001
3 16 7.75 -48 -12 7.704 -49.5 -12.5 7.549 -46.882 -13.001
3 16 7.704 -49.5 -12.5 7.479 -53.079 -14.105 7.549 -46.882 -13.001
3 16 7.55 -54.5 -13 7.479 -53.079 -14.105 7.704 -49.5 -12.5
0 // curved strap
3 16 9.712 -27.591 -22.578 9.923 -26.671 -22.5 9.513 -28.397 -22.185
3 16 9.923 -26.671 -22.5 9.712 -27.591 -22.578 9.91 -26.8 -23
4 16 9.311 -29.217 -21.821 9.513 -28.397 -22.185 9.923 -26.671 -22.5 9.938 -26.5 -22
3 16 9.938 -26.5 -22 9.969 -26 -21.25 9.311 -29.217 -21.821
3 16 9.969 -26 -21.25 9.479 -25.988 -18.351 9.311 -29.217 -21.821
3 16 10 -23 -20 9.825 -23.974 -19.412 9.985 -24.813 -20.5
3 16 9.825 -23.974 -19.412 9.651 -24.971 -18.862 9.985 -24.813 -20.5
3 16 9.985 -24.813 -20.5 9.651 -24.971 -18.862 9.969 -26 -21.25
3 16 9.651 -24.971 -18.862 9.479 -25.988 -18.351 9.969 -26 -21.25
3 16 9.311 -29.217 -21.821 9.307 -27.025 -17.881 9.106 -30.049 -21.487
3 16 9.479 -25.988 -18.351 9.307 -27.025 -17.881 9.311 -29.217 -21.821
3 16 9.106 -30.049 -21.487 9.138 -28.079 -17.452 8.898 -30.893 -21.182
3 16 9.307 -27.025 -17.881 9.138 -28.079 -17.452 9.106 -30.049 -21.487
3 16 8.898 -30.893 -21.182 8.972 -29.149 -17.065 8.687 -31.747 -20.908
3 16 9.138 -28.079 -17.452 8.972 -29.149 -17.065 8.898 -30.893 -21.182
3 16 8.687 -31.747 -20.908 8.809 -30.234 -16.72 8.511 -32.61 -20.665
3 16 8.972 -29.149 -17.065 8.809 -30.234 -16.72 8.687 -31.747 -20.908
3 16 8.511 -32.61 -20.665 8.649 -31.331 -16.417 8.347 -33.481 -20.453
3 16 8.809 -30.234 -16.72 8.649 -31.331 -16.417 8.511 -32.61 -20.665
3 16 8.347 -33.481 -20.453 8.491 -32.439 -16.158 8.183 -34.359 -20.272
3 16 8.649 -31.331 -16.417 8.491 -32.439 -16.158 8.347 -33.481 -20.453
3 16 8.183 -34.359 -20.272 8.332 -33.557 -15.943 8.017 -35.244 -20.122
3 16 8.491 -32.439 -16.158 8.332 -33.557 -15.943 8.183 -34.359 -20.272
3 16 8.017 -35.244 -20.122 8.175 -34.682 -15.771 7.85 -36.133 -20.005
3 16 8.332 -33.557 -15.943 8.175 -34.682 -15.771 8.017 -35.244 -20.122
3 16 7.85 -36.133 -20.005 8.021 -35.813 -15.644 7.683 -37.025 -19.919
3 16 8.175 -34.682 -15.771 8.021 -35.813 -15.644 7.85 -36.133 -20.005
3 16 7.683 -37.025 -19.919 7.873 -36.948 -15.561 7.515 -37.92 -19.865
3 16 8.021 -35.813 -15.644 7.873 -36.948 -15.561 7.683 -37.025 -19.919
3 16 7.515 -37.92 -19.865 7.734 -38.086 -15.523 7.347 -38.817 -19.843
3 16 7.873 -36.948 -15.561 7.734 -38.086 -15.523 7.515 -37.92 -19.865
3 16 7.347 -38.817 -19.843 7.605 -39.224 -15.529 7.178 -39.714 -19.854
3 16 7.734 -38.086 -15.523 7.605 -39.224 -15.529 7.347 -38.817 -19.843
3 16 7.178 -39.714 -19.854 7.489 -40.361 -15.58 7.011 -40.609 -19.896
3 16 7.605 -39.224 -15.529 7.489 -40.361 -15.58 7.178 -39.714 -19.854
3 16 7.011 -40.609 -19.896 7.388 -41.495 -15.676 6.877 -41.321 -19.984
3 16 7.489 -40.361 -15.58 7.388 -41.495 -15.676 7.011 -40.609 -19.896
3 16 7.304 -42.625 -15.816 6.877 -41.321 -19.984 7.388 -41.495 -15.676
3 16 7.304 -42.625 -15.816 7.25 -43.528 -16.005 6.877 -41.321 -19.984
3 16 7.069 -49.836 -17.822 6.513 -47.534 -21.348 7.117 -48.817 -17.418
3 16 6.513 -47.534 -21.348 6.413 -46.671 -21.054 7.117 -48.817 -17.418
3 16 7.023 -50.84 -18.264 6.6 -48.385 -21.674 7.069 -49.836 -17.822
3 16 6.6 -48.385 -21.674 6.513 -47.534 -21.348 7.069 -49.836 -17.822
3 16 6.977 -51.825 -18.745 6.666 -49.223 -22.031 7.023 -50.84 -18.264
3 16 6.666 -49.223 -22.031 6.6 -48.385 -21.674 7.023 -50.84 -18.264
3 16 6.931 -52.792 -19.263 6.732 -50.047 -22.42 6.977 -51.825 -18.745
3 16 6.732 -50.047 -22.42 6.666 -49.223 -22.031 6.977 -51.825 -18.745
3 16 6.887 -53.737 -19.818 6.796 -50.856 -22.839 6.931 -52.792 -19.263
3 16 6.796 -50.856 -22.839 6.732 -50.047 -22.42 6.931 -52.792 -19.263
3 16 7.04 -54.661 -20.409 6.859 -51.649 -23.289 6.887 -53.737 -19.818
3 16 6.859 -51.649 -23.289 6.796 -50.856 -22.839 6.887 -53.737 -19.818
3 16 7.09 -55.561 -21.035 6.92 -52.425 -23.767 7.04 -54.661 -20.409
3 16 6.92 -52.425 -23.767 6.859 -51.649 -23.289 7.04 -54.661 -20.409
3 16 7.036 -56.437 -21.695 6.981 -53.182 -24.274 7.09 -55.561 -21.035
3 16 6.981 -53.182 -24.274 6.92 -52.425 -23.767 7.09 -55.561 -21.035
3 16 6.984 -57.286 -22.389 7.039 -53.919 -24.809 7.036 -56.437 -21.695
3 16 7.039 -53.919 -24.809 6.981 -53.182 -24.274 7.036 -56.437 -21.695
3 16 6.933 -58.108 -23.115 7.096 -54.636 -25.372 6.984 -57.286 -22.389
3 16 7.096 -54.636 -25.372 7.039 -53.919 -24.809 6.984 -57.286 -22.389
3 16 6.884 -58.901 -23.871 7.071 -55.332 -25.961 6.933 -58.108 -23.115
3 16 7.071 -55.332 -25.961 7.096 -54.636 -25.372 6.933 -58.108 -23.115
3 16 6.837 -59.665 -24.658 6.963 -56.005 -26.575 6.884 -58.901 -23.871
3 16 6.963 -56.005 -26.575 7.071 -55.332 -25.961 6.884 -58.901 -23.871
3 16 6.792 -60.398 -25.474 6.858 -56.654 -27.214 6.837 -59.665 -24.658
3 16 6.858 -56.654 -27.214 6.963 -56.005 -26.575 6.837 -59.665 -24.658
3 16 6.749 -61.099 -26.317 6.757 -57.279 -27.877 6.792 -60.398 -25.474
3 16 6.757 -57.279 -27.877 6.858 -56.654 -27.214 6.792 -60.398 -25.474
3 16 6.708 -61.767 -27.187 6.661 -57.879 -28.563 6.749 -61.099 -26.317
3 16 6.661 -57.879 -28.563 6.757 -57.279 -27.877 6.749 -61.099 -26.317
4 16 6.708 -61.767 -27.187 6.668 -62.401 -28.082 6.634 -58.453 -29.271 6.661 -57.879 -28.563
3 16 6.562 -63.005 -28.999 6.626 -58.975 -29.805 6.668 -62.401 -28.082
3 16 6.626 -58.975 -29.805 6.634 -58.453 -29.271 6.668 -62.401 -28.082
0 // Added lines/Condlines
5 24 8.244 -42 -50.52 8.286 -41.688 -48.042 8.112 -43 -48.834 8.466 -39.5 -51.468
5 24 8.244 -42 -50.52 8.466 -39.5 -51.468 8.286 -41.688 -48.042 8.379 -41 -52.249
5 24 8.466 -39.5 -51.468 8.415 -40.375 -47.251 8.286 -41.688 -48.042 8.553 -38 -50.686
5 24 8.728 -35 -49.125 8.568 -37.75 -45.667 8.64 -36.5 -49.905 8.797 -33.5 -48.343
5 24 8.858 -32 -47.562 8.72 -35.125 -44.084 8.797 -33.5 -48.343 8.792 -33.813 -43.292
5 24 8.971 -30.5 -46.781 8.792 -33.813 -43.292 8.858 -32 -47.562 8.897 -31.475 -44.975
5 24 8.792 -33.813 -43.292 8.858 -32 -47.562 8.971 -30.5 -46.781 8.72 -35.125 -44.084
5 24 8.84 -32.234 -43.839 8.792 -33.813 -43.292 8.897 -31.475 -44.975 8.82 -32.5 -42.5
5 24 8.792 -33.813 -43.292 8.897 -31.475 -44.975 8.84 -32.234 -43.839 8.971 -30.5 -46.781
5 24 8.897 -31.475 -44.975 8.971 -30.5 -46.781 8.983 -30.339 -45.734 8.792 -33.813 -43.292
5 24 6.474 -45.962 -22.126 6.877 -41.321 -19.984 6.413 -46.671 -21.054 7.011 -40.705 -20.935
5 24 6.474 -45.962 -22.126 7.011 -40.705 -20.935 6.877 -41.321 -19.984 6.536 -45.254 -23.199
5 24 6.536 -45.254 -23.199 7.011 -40.705 -20.935 6.474 -45.962 -22.126 7.145 -40.089 -21.886
5 24 6.536 -45.254 -23.199 7.145 -40.089 -21.886 7.011 -40.705 -20.935 6.597 -44.545 -24.271
5 24 6.597 -44.545 -24.271 7.145 -40.089 -21.886 6.536 -45.254 -23.199 7.278 -39.473 -22.836
5 24 6.597 -44.545 -24.271 7.278 -39.473 -22.836 7.145 -40.089 -21.886 6.659 -43.837 -25.343
5 24 6.659 -43.837 -25.343 7.278 -39.473 -22.836 6.597 -44.545 -24.271 7.412 -38.857 -23.787
5 24 6.659 -43.837 -25.343 7.412 -38.857 -23.787 7.278 -39.473 -22.836 6.72 -43.128 -26.416
5 24 6.72 -43.128 -26.416 7.412 -38.857 -23.787 6.659 -43.837 -25.343 7.546 -38.241 -24.738
5 24 6.72 -43.128 -26.416 7.546 -38.241 -24.738 7.412 -38.857 -23.787 6.782 -42.42 -27.488
5 24 6.782 -42.42 -27.488 7.546 -38.241 -24.738 6.72 -43.128 -26.416 7.68 -37.625 -25.689
5 24 6.782 -42.42 -27.488 7.68 -37.625 -25.689 7.546 -38.241 -24.738 6.843 -41.711 -28.56
5 24 6.843 -41.711 -28.56 7.68 -37.625 -25.689 6.782 -42.42 -27.488 7.814 -37.009 -26.64
5 24 6.843 -41.711 -28.56 7.814 -37.009 -26.64 7.68 -37.625 -25.689 6.946 -41.003 -29.632
5 24 6.946 -41.003 -29.632 7.814 -37.009 -26.64 6.843 -41.711 -28.56 7.947 -36.393 -27.59
5 24 7.87 -36.751 -36.066 8.635 -33.312 -32.344 7.716 -37.46 -34.994 8.675 -32.696 -33.295
5 24 7.87 -36.751 -36.066 8.675 -32.696 -33.295 8.635 -33.312 -32.344 8.785 -32.08 -34.246
5 24 8.023 -36.043 -37.139 8.785 -32.08 -34.246 7.87 -36.751 -36.066 8.896 -31.464 -35.197
5 24 8.785 -32.08 -34.246 7.87 -36.751 -36.066 8.023 -36.043 -37.139 8.675 -32.696 -33.295
5 24 8.177 -35.334 -38.211 8.896 -31.464 -35.197 8.023 -36.043 -37.139 8.9 -30.848 -36.148
5 24 8.896 -31.464 -35.197 8.023 -36.043 -37.139 8.177 -35.334 -38.211 8.785 -32.08 -34.246
5 24 8.335 -34.626 -39.283 8.9 -30.848 -36.148 8.177 -35.334 -38.211 8.991 -30.232 -37.098
5 24 8.9 -30.848 -36.148 8.177 -35.334 -38.211 8.335 -34.626 -39.283 8.896 -31.464 -35.197
5 24 8.991 -30.232 -37.098 8.335 -34.626 -39.283 8.497 -33.917 -40.355 8.9 -30.848 -36.148
5 24 8.497 -33.917 -40.355 8.897 -31.475 -40.025 8.991 -30.232 -37.098 8.839 -32.233 -41.16
5 24 8.897 -31.475 -40.025 8.991 -30.232 -37.098 8.335 -34.626 -39.283 8.983 -30.339 -39.266
5 24 8.839 -32.233 -41.16 8.497 -33.917 -40.355 8.658 -33.209 -41.428 8.897 -31.475 -40.025
5 24 7.362 -44.646 -15.004 7.221 -50.238 -16.314 7.117 -48.817 -17.418 7.499 -45.764 -14.003
5 24 7.499 -45.764 -14.003 7.221 -50.238 -16.314 7.362 -44.646 -15.004 7.347 -51.659 -15.209
5 24 7.499 -45.764 -14.003 7.347 -51.659 -15.209 7.221 -50.238 -16.314 7.549 -46.882 -13.001
5 24 7.549 -46.882 -13.001 7.347 -51.659 -15.209 7.499 -45.764 -14.003 7.479 -53.079 -14.105
5 24 7.549 -46.882 -13.001 7.479 -53.079 -14.105 7.347 -51.659 -15.209 7.704 -49.5 -12.5
5 24 7.704 -49.5 -12.5 7.549 -46.882 -13.001 7.75 -48 -12 7.479 -53.079 -14.105
5 24 7.704 -49.5 -12.5 7.479 -53.079 -14.105 7.549 -46.882 -13.001 7.55 -54.5 -13
5 24 9.712 -27.591 -22.578 9.923 -26.671 -22.5 9.513 -28.397 -22.185 9.91 -26.8 -23
5 24 9.923 -26.671 -22.5 9.513 -28.397 -22.185 9.712 -27.591 -22.578 9.311 -29.217 -21.821
5 24 9.938 -26.5 -22 9.311 -29.217 -21.821 9.513 -28.397 -22.185 9.969 -26 -21.25
5 24 9.969 -26 -21.25 9.311 -29.217 -21.821 9.938 -26.5 -22 9.479 -25.988 -18.351
5 24 9.969 -26 -21.25 9.479 -25.988 -18.351 9.311 -29.217 -21.821 9.651 -24.971 -18.862
5 24 9.479 -25.988 -18.351 9.311 -29.217 -21.821 9.969 -26 -21.25 9.307 -27.025 -17.881
5 24 9.825 -23.974 -19.412 9.985 -24.813 -20.5 10 -23 -20 9.651 -24.971 -18.862
5 24 9.651 -24.971 -18.862 9.985 -24.813 -20.5 9.825 -23.974 -19.412 9.969 -26 -21.25
5 24 9.651 -24.971 -18.862 9.969 -26 -21.25 9.985 -24.813 -20.5 9.479 -25.988 -18.351
5 24 9.311 -29.217 -21.821 9.307 -27.025 -17.881 9.106 -30.049 -21.487 9.479 -25.988 -18.351
5 24 9.307 -27.025 -17.881 9.106 -30.049 -21.487 9.311 -29.217 -21.821 9.138 -28.079 -17.452
5 24 9.106 -30.049 -21.487 9.138 -28.079 -17.452 8.898 -30.893 -21.182 9.307 -27.025 -17.881
5 24 9.138 -28.079 -17.452 8.898 -30.893 -21.182 9.106 -30.049 -21.487 8.972 -29.149 -17.065
5 24 8.898 -30.893 -21.182 8.972 -29.149 -17.065 8.687 -31.747 -20.908 9.138 -28.079 -17.452
5 24 8.972 -29.149 -17.065 8.687 -31.747 -20.908 8.898 -30.893 -21.182 8.809 -30.234 -16.72
5 24 8.687 -31.747 -20.908 8.809 -30.234 -16.72 8.511 -32.61 -20.665 8.972 -29.149 -17.065
5 24 8.809 -30.234 -16.72 8.511 -32.61 -20.665 8.687 -31.747 -20.908 8.649 -31.331 -16.417
5 24 8.511 -32.61 -20.665 8.649 -31.331 -16.417 8.347 -33.481 -20.453 8.809 -30.234 -16.72
5 24 8.649 -31.331 -16.417 8.347 -33.481 -20.453 8.511 -32.61 -20.665 8.491 -32.439 -16.158
5 24 8.347 -33.481 -20.453 8.491 -32.439 -16.158 8.183 -34.359 -20.272 8.649 -31.331 -16.417
5 24 8.491 -32.439 -16.158 8.183 -34.359 -20.272 8.347 -33.481 -20.453 8.332 -33.557 -15.943
5 24 8.183 -34.359 -20.272 8.332 -33.557 -15.943 8.017 -35.244 -20.122 8.491 -32.439 -16.158
5 24 8.332 -33.557 -15.943 8.017 -35.244 -20.122 8.183 -34.359 -20.272 8.175 -34.682 -15.771
5 24 8.017 -35.244 -20.122 8.175 -34.682 -15.771 7.85 -36.133 -20.005 8.332 -33.557 -15.943
5 24 8.175 -34.682 -15.771 7.85 -36.133 -20.005 8.017 -35.244 -20.122 8.021 -35.813 -15.644
5 24 7.85 -36.133 -20.005 8.021 -35.813 -15.644 7.683 -37.025 -19.919 8.175 -34.682 -15.771
5 24 8.021 -35.813 -15.644 7.683 -37.025 -19.919 7.85 -36.133 -20.005 7.873 -36.948 -15.561
5 24 7.683 -37.025 -19.919 7.873 -36.948 -15.561 7.515 -37.92 -19.865 8.021 -35.813 -15.644
5 24 7.873 -36.948 -15.561 7.515 -37.92 -19.865 7.683 -37.025 -19.919 7.734 -38.086 -15.523
5 24 7.515 -37.92 -19.865 7.734 -38.086 -15.523 7.347 -38.817 -19.843 7.873 -36.948 -15.561
5 24 7.734 -38.086 -15.523 7.347 -38.817 -19.843 7.515 -37.92 -19.865 7.605 -39.224 -15.529
5 24 7.347 -38.817 -19.843 7.605 -39.224 -15.529 7.178 -39.714 -19.854 7.734 -38.086 -15.523
5 24 7.605 -39.224 -15.529 7.178 -39.714 -19.854 7.347 -38.817 -19.843 7.489 -40.361 -15.58
5 24 7.178 -39.714 -19.854 7.489 -40.361 -15.58 7.011 -40.609 -19.896 7.605 -39.224 -15.529
5 24 7.489 -40.361 -15.58 7.011 -40.609 -19.896 7.178 -39.714 -19.854 7.388 -41.495 -15.676
5 24 7.011 -40.609 -19.896 7.388 -41.495 -15.676 6.877 -41.321 -19.984 7.489 -40.361 -15.58
5 24 7.388 -41.495 -15.676 6.877 -41.321 -19.984 7.011 -40.609 -19.896 7.304 -42.625 -15.816
5 24 7.304 -42.625 -15.816 6.877 -41.321 -19.984 7.388 -41.495 -15.676 7.25 -43.528 -16.005
5 24 7.069 -49.836 -17.822 6.513 -47.534 -21.348 7.117 -48.817 -17.418 6.6 -48.385 -21.674
5 24 6.513 -47.534 -21.348 7.117 -48.817 -17.418 7.069 -49.836 -17.822 6.413 -46.671 -21.054
5 24 7.023 -50.84 -18.264 6.6 -48.385 -21.674 7.069 -49.836 -17.822 6.666 -49.223 -22.031
5 24 6.6 -48.385 -21.674 7.069 -49.836 -17.822 7.023 -50.84 -18.264 6.513 -47.534 -21.348
5 24 6.977 -51.825 -18.745 6.666 -49.223 -22.031 7.023 -50.84 -18.264 6.732 -50.047 -22.42
5 24 6.666 -49.223 -22.031 7.023 -50.84 -18.264 6.977 -51.825 -18.745 6.6 -48.385 -21.674
5 24 6.931 -52.792 -19.263 6.732 -50.047 -22.42 6.977 -51.825 -18.745 6.796 -50.856 -22.839
5 24 6.732 -50.047 -22.42 6.977 -51.825 -18.745 6.931 -52.792 -19.263 6.666 -49.223 -22.031
5 24 6.887 -53.737 -19.818 6.796 -50.856 -22.839 6.931 -52.792 -19.263 6.859 -51.649 -23.289
5 24 6.796 -50.856 -22.839 6.931 -52.792 -19.263 6.887 -53.737 -19.818 6.732 -50.047 -22.42
5 24 7.04 -54.661 -20.409 6.859 -51.649 -23.289 6.887 -53.737 -19.818 6.92 -52.425 -23.767
5 24 6.859 -51.649 -23.289 6.887 -53.737 -19.818 7.04 -54.661 -20.409 6.796 -50.856 -22.839
5 24 7.09 -55.561 -21.035 6.92 -52.425 -23.767 7.04 -54.661 -20.409 6.981 -53.182 -24.274
5 24 6.92 -52.425 -23.767 7.04 -54.661 -20.409 7.09 -55.561 -21.035 6.859 -51.649 -23.289
5 24 7.036 -56.437 -21.695 6.981 -53.182 -24.274 7.09 -55.561 -21.035 7.039 -53.919 -24.809
5 24 6.981 -53.182 -24.274 7.09 -55.561 -21.035 7.036 -56.437 -21.695 6.92 -52.425 -23.767
5 24 6.984 -57.286 -22.389 7.039 -53.919 -24.809 7.036 -56.437 -21.695 7.096 -54.636 -25.372
5 24 7.039 -53.919 -24.809 7.036 -56.437 -21.695 6.984 -57.286 -22.389 6.981 -53.182 -24.274
5 24 6.933 -58.108 -23.115 7.096 -54.636 -25.372 6.984 -57.286 -22.389 7.071 -55.332 -25.961
5 24 7.096 -54.636 -25.372 6.984 -57.286 -22.389 6.933 -58.108 -23.115 7.039 -53.919 -24.809
5 24 6.884 -58.901 -23.871 7.071 -55.332 -25.961 6.933 -58.108 -23.115 6.963 -56.005 -26.575
5 24 7.071 -55.332 -25.961 6.933 -58.108 -23.115 6.884 -58.901 -23.871 7.096 -54.636 -25.372
5 24 6.837 -59.665 -24.658 6.963 -56.005 -26.575 6.884 -58.901 -23.871 6.858 -56.654 -27.214
5 24 6.963 -56.005 -26.575 6.884 -58.901 -23.871 6.837 -59.665 -24.658 7.071 -55.332 -25.961
5 24 6.792 -60.398 -25.474 6.858 -56.654 -27.214 6.837 -59.665 -24.658 6.757 -57.279 -27.877
5 24 6.858 -56.654 -27.214 6.837 -59.665 -24.658 6.792 -60.398 -25.474 6.963 -56.005 -26.575
5 24 6.749 -61.099 -26.317 6.757 -57.279 -27.877 6.792 -60.398 -25.474 6.661 -57.879 -28.563
5 24 6.757 -57.279 -27.877 6.792 -60.398 -25.474 6.749 -61.099 -26.317 6.858 -56.654 -27.214
5 24 6.708 -61.767 -27.187 6.661 -57.879 -28.563 6.749 -61.099 -26.317 6.668 -62.401 -28.082
5 24 6.661 -57.879 -28.563 6.749 -61.099 -26.317 6.708 -61.767 -27.187 6.757 -57.279 -27.877
5 24 6.668 -62.401 -28.082 6.634 -58.453 -29.271 6.708 -61.767 -27.187 6.626 -58.975 -29.805
5 24 6.626 -58.975 -29.805 6.668 -62.401 -28.082 6.562 -63.005 -28.999 6.634 -58.453 -29.271
5 24 8.82 -32.5 -42.5 8.84 -32.234 -43.839 8.997 -30.155 -42.978 8.792 -33.813 -43.292
5 24 8.84 -32.234 -43.839 8.897 -31.475 -44.975 9.018 -29.884 -43.384 8.792 -33.813 -43.292
5 24 7.117 -48.817 -17.418 6.413 -46.671 -21.054 7.05 -46.577 -18.136 6.513 -47.534 -21.348
5 24 6.413 -46.671 -21.054 6.877 -41.321 -19.984 6.953 -43.579 -19.163 6.474 -45.962 -22.126
5 24 6.877 -41.321 -19.984 7.25 -43.528 -16.005 7.103 -44.462 -17.571 7.304 -42.625 -15.816
5 24 7.25 -43.528 -16.005 7.117 -48.817 -17.418 7.05 -46.577 -18.136 7.362 -44.646 -15.004

0 FILE parts/s/4492b1.dat
0 ~Animal Horse Head Bridle Metal
0 Name: s\4492b1.dat
0 Author: Sascha Broich [SaschaBroich]
0 !LDRAW_ORG Subpart UPDATE 2015-01
0 !LICENSE Licensed under CC BY 4.0 : see CAreadme.txt

0 BFC CERTIFY CCW

0 !HISTORY 2002-04-25 [PTadmin] Official Update 2002-02
0 !HISTORY 2007-09-09 [PTadmin] Header formatted for Contributor Agreement
0 !HISTORY 2008-07-01 [PTadmin] Official Update 2008-01
0 !HISTORY 2014-12-07 [MagFors] Made BFC compliant
0 !HISTORY 2014-12-10 [MagFors] Recreated cond-lines
0 !HISTORY 2015-10-11 [PTadmin] Official Update 2015-01


0 // snaffle
3 16 9.349 -25.5 -42.5 9.375 -25.766 -41.161 9.179 -27.75 -42.5
3 16 9.375 -25.766 -41.161 9.172 -27.845 -42.022 9.179 -27.75 -42.5
3 16 9.375 -25.766 -41.161 9.383 -26.623 -40 9.151 -28.116 -41.616
3 16 9.375 -25.766 -41.161 9.151 -28.116 -41.616 9.172 -27.845 -42.022
3 16 9.383 -26.623 -40 9.28 -27.661 -39.266 9.121 -28.522 -41.345
3 16 9.383 -26.623 -40 9.121 -28.522 -41.345 9.151 -28.116 -41.616
3 16 9.28 -27.661 -39.266 9.084 -29 -39 9.121 -28.522 -41.345
3 16 9.084 -29 -39 9.084 -29 -41.25 9.121 -28.522 -41.345
4 16 9.084 -29 -39 8.983 -30.339 -39.266 9.048 -29.478 -41.345 9.084 -29 -41.25
4 16 8.983 -30.339 -39.266 8.897 -31.475 -40.025 9.018 -29.884 -41.616 9.048 -29.478 -41.345
4 16 8.897 -31.475 -40.025 8.84 -32.234 -41.161 8.997 -30.155 -42.022 9.018 -29.884 -41.616
4 16 8.84 -32.234 -41.161 8.82 -32.5 -42.5 8.99 -30.25 -42.5 8.997 -30.155 -42.022
4 16 8.82 -32.5 -42.5 8.84 -32.234 -43.839 8.997 -30.155 -42.978 8.99 -30.25 -42.5
4 16 8.84 -32.234 -43.839 8.897 -31.475 -44.975 9.018 -29.884 -43.384 8.997 -30.155 -42.978
4 16 8.897 -31.475 -44.975 8.983 -30.339 -45.734 9.048 -29.478 -43.655 9.018 -29.884 -43.384
4 16 8.983 -30.339 -45.734 9.084 -29 -46 9.084 -29 -43.75 9.048 -29.478 -43.655
4 16 9.084 -29 -46 9.186 -27.661 -45.734 9.121 -28.522 -43.655 9.084 -29 -43.75
4 16 9.186 -27.661 -45.734 9.272 -26.525 -44.975 9.151 -28.116 -43.384 9.121 -28.522 -43.655
4 16 9.272 -26.525 -44.975 9.329 -25.766 -43.839 9.172 -27.845 -42.978 9.151 -28.116 -43.384
4 16 9.329 -25.7663 -43.839 9.349 -25.5 -42.5 9.179 -27.75 -42.5 9.172 -27.845 -42.978
0 // buckle
3 16 7.117 -48.817 -17.418 6.413 -46.671 -21.054 7.05 -46.577 -18.136
3 16 6.413 -46.671 -21.054 6.913 -45.719 -19.591 7.05 -46.577 -18.136
3 16 6.413 -46.671 -21.054 6.877 -41.321 -19.984 6.953 -43.579 -19.163
3 16 6.413 -46.671 -21.054 6.953 -43.579 -19.163 6.913 -45.719 -19.591
4 16 6.877 -41.321 -19.984 7.25 -43.528 -16.005 7.103 -44.462 -17.571 6.953 -43.579 -19.163
4 16 7.25 -43.528 -16.005 7.117 -48.817 -17.418 7.05 -46.577 -18.136 7.103 -44.462 -17.571
0 // Added lines/Condlines
5 24 9.375 -25.766 -41.161 9.179 -27.75 -42.5 9.349 -25.5 -42.5 9.172 -27.845 -42.022
5 24 9.179 -27.75 -42.5 9.349 -25.5 -42.5 9.375 -25.766 -41.161 9.329 -25.7663 -43.839
5 24 9.375 -25.766 -41.161 9.172 -27.845 -42.022 9.179 -27.75 -42.5 9.151 -28.116 -41.616
5 24 9.383 -26.623 -40 9.151 -28.116 -41.616 9.375 -25.766 -41.161 9.121 -28.522 -41.345
5 24 9.151 -28.116 -41.616 9.375 -25.766 -41.161 9.383 -26.623 -40 9.172 -27.845 -42.022
5 24 9.28 -27.661 -39.266 9.121 -28.522 -41.345 9.383 -26.623 -40 9.084 -29 -39
5 24 9.121 -28.522 -41.345 9.383 -26.623 -40 9.28 -27.661 -39.266 9.151 -28.116 -41.616
5 24 9.084 -29 -39 9.121 -28.522 -41.345 9.28 -27.661 -39.266 9.084 -29 -41.25
5 24 9.084 -29 -39 9.084 -29 -41.25 9.121 -28.522 -41.345 8.983 -30.339 -39.266
5 24 6.413 -46.671 -21.054 7.05 -46.577 -18.136 7.117 -48.817 -17.418 6.913 -45.719 -19.591
5 24 7.05 -46.577 -18.136 7.117 -48.817 -17.418 6.413 -46.671 -21.054 7.25 -43.528 -16.005
5 24 6.413 -46.671 -21.054 6.913 -45.719 -19.591 7.05 -46.577 -18.136 6.953 -43.579 -19.163
5 24 6.877 -41.321 -19.984 6.953 -43.579 -19.163 6.413 -46.671 -21.054 7.25 -43.528 -16.005
5 24 6.953 -43.579 -19.163 6.413 -46.671 -21.054 6.877 -41.321 -19.984 6.913 -45.719 -19.591

0 FILE parts/s/4492m.dat
0 ~Animal Horse Head Mane
0 Name: s\4492m.dat
0 Author: Sascha Broich [SaschaBroich]
0 !LDRAW_ORG Subpart UPDATE 2015-01
0 !LICENSE Licensed under CC BY 4.0 : see CAreadme.txt

0 BFC CERTIFY CCW

0 !HISTORY 2002-04-25 [PTadmin] Official Update 2002-02
0 !HISTORY 2007-09-09 [PTadmin] Header formatted for Contributor Agreement
0 !HISTORY 2008-07-01 [PTadmin] Official Update 2008-01
0 !HISTORY 2014-12-07 [MagFors] Made BFC compliant
0 !HISTORY 2014-12-10 [MagFors] Recreated cond-lines
0 !HISTORY 2015-10-11 [PTadmin] Official Update 2015-01


0 // mane side
3 16 7.25 -56 -16 4.275 -61.315 -13.5 3.848 -62.813 -16
3 16 7.25 -56 -16 3.848 -62.813 -16 3.25 -64.5 -19.5
3 16 4.446 -60.647 -12.5 7.7 -52.75 -11.5 5.343 -56.5 -7.25
3 16 7.7 -52.75 -11.5 7.8 -52 -10.5 5.343 -56.5 -7.25
3 16 7.7 -52.75 -11.5 7.7 -51.5 -11.4 7.775 -51.75 -10.75
3 16 7.7 -52.75 -11.5 7.775 -51.75 -10.75 7.8 -52 -10.5
3 16 5.685 -54.647 -5.25 8.25 -48 -6 6.582 -49 0
3 16 8.25 -48 -6 8.425 -46.25 -4.25 6.582 -49 0
3 16 8.25 -48 -6 8.288 -45 -6.25 8.356 -45 -5.5
3 16 8.25 -48 -6 8.356 -45 -5.5 8.425 -46.25 -4.25
3 16 6.924 -46.5 2 8.9 -40.5 0.5 7.864 -39.5 7.5
3 16 8.9 -40.5 0.5 9.05 -38.5 2 7.864 -39.5 7.5
4 16 8.9 -40.5 0.5 8.98 -36.5 -0.75 9.008 -36 -0.5 9.05 -38.5 2
3 16 8.12 -37.25 9 9.475 -31.5 6.25 8.804 -30.5 13
3 16 9.475 -31.5 6.25 9.625 -29 7.75 8.804 -30.5 13
3 16 9.475 -31.5 6.25 9.75 -27.5 4.4 9.625 -29 7.75
3 16 9.75 -27.5 4.4 9.792 -27 4.75 9.625 -29 7.75
3 16 7.7 -51.5 -11.4 7.7 -51 -11 7.775 -51.75 -10.75
3 16 8.288 -45 -6.25 8.3 -44 -6.5 8.356 -45 -5.5
3 16 8.98 -36.5 -0.75 9 -35.5 -1 9.008 -36 -0.5
0 // forehead side
3 16 7.207 -61 -37.25 7.118 -60 -37 6.639 -64 -29.975
3 16 7.118 -60 -37 6.74 -59.27 -31.275 6.639 -64 -29.975
0 // Added lines/Condlines
5 24 3.848 -62.813 -16 7.25 -56 -16 4.275 -61.315 -13.5 3.25 -64.5 -19.5
5 24 7.7 -52.75 -11.5 5.343 -56.5 -7.25 4.446 -60.647 -12.5 7.8 -52 -10.5
5 24 7.7 -52.75 -11.5 7.8 -52 -10.5 5.343 -56.5 -7.25 7.775 -51.75 -10.75
5 24 7.7 -51.5 -11.4 7.775 -51.75 -10.75 7.7 -52.75 -11.5 7.7 -51 -11
5 24 7.775 -51.75 -10.75 7.7 -52.75 -11.5 7.7 -51.5 -11.4 7.8 -52 -10.5
5 24 8.25 -48 -6 6.582 -49 0 5.685 -54.647 -5.25 8.425 -46.25 -4.25
5 24 8.25 -48 -6 8.425 -46.25 -4.25 6.582 -49 0 8.356 -45 -5.5
5 24 8.288 -45 -6.25 8.356 -45 -5.5 8.25 -48 -6 8.3 -44 -6.5
5 24 8.356 -45 -5.5 8.25 -48 -6 8.288 -45 -6.25 8.425 -46.25 -4.25
5 24 8.9 -40.5 0.5 7.864 -39.5 7.5 6.924 -46.5 2 9.05 -38.5 2
5 24 8.9 -40.5 0.5 9.05 -38.5 2 7.864 -39.5 7.5 8.98 -36.5 -0.75
5 24 8.98 -36.5 -0.75 9.008 -36 -0.5 8.9 -40.5 0.5 9 -35.5 -1
5 24 9.475 -31.5 6.25 8.804 -30.5 13 8.12 -37.25 9 9.625 -29 7.75
5 24 9.475 -31.5 6.25 9.625 -29 7.75 8.804 -30.5 13 9.75 -27.5 4.4
5 24 9.75 -27.5 4.4 9.625 -29 7.75 9.475 -31.5 6.25 9.792 -27 4.75
5 24 7.118 -60 -37 6.639 -64 -29.975 7.207 -61 -37.25 6.74 -59.27 -31.275

0 FILE parts/s/4492h.dat
0 ~Animal Horse Head Holder
0 Name: s\4492h.dat
0 Author: Sascha Broich [SaschaBroich]
0 !LDRAW_ORG Subpart UPDATE 2015-01
0 !LICENSE Licensed under CC BY 4.0 : see CAreadme.txt

0 BFC CERTIFY CCW

0 !HISTORY 2002-04-25 [PTadmin] Official Update 2002-02
0 !HISTORY 2007-09-09 [PTadmin] Header formatted for Contributor Agreement
0 !HISTORY 2008-07-01 [PTadmin] Official Update 2008-01
0 !HISTORY 2014-12-07 [MagFors] Made BFC compliant
0 !HISTORY 2015-10-11 [PTadmin] Official Update 2015-01


1 16 10.5 -17.5 0.002 0 -0.5 0 1.25 0 0 0 0 -1.25 4-4cylc.dat
1 16 8.75 -16.6641 2.544 0 1 0 -0.875 0 0.0733 0 0 0.456 rect3.dat
1 16 8.75 -16.8062 1.044 0 1 0 0.0688 0 0.875 1.044 0 0 rect2p.dat
1 16 8.75 -16.8062 -1.044 0 1 0 -0.0688 0 0.875 1.044 0 0 rect2p.dat
1 16 8.75 -16.6641 -2.544 0 1 0 0.875 0 0.0733 0 0 -0.456 rect3.dat
1 16 10 -16.6641 2.544 0 -1 0 0.875 0 0.0733 0 0 0.456 rect2a.dat
1 16 10 -16.8062 1.044 0 -1 0 0.875 0 0.0688 0 0 1.044 rect1.dat
1 16 10 -16.8062 -1.044 0 -1 0 0.875 0 -0.0688 0 0 1.044 rect1.dat
1 16 10 -16.6641 -2.544 0 -1 0 0.0733 0 0.875 -0.456 0 0 rect2a.dat
4 16 8.75 -15.7158 3 10 -15.7158 3 10 -15.8624 2.088 8.75 -15.8624 2.088
4 16 8.75 -15.8624 2.088 10 -15.8624 2.088 10 -16 0 8.75 -16 0
4 16 8.75 -16 0 10 -16 0 10 -15.8624 -2.088 8.75 -15.8624 -2.088
4 16 8.75 -15.8624 -2.088 10 -15.8624 -2.088 10 -15.7158 -3 8.75 -15.7158 -3
1 16 9.375 -16.5908 3 0.625 0 0 0 0 0.875 0 -1 0 rect2p.dat
1 16 9.375 -16.5908 -3 -0.625 0 0 0 0 0.875 0 1 0 rect2p.dat
2 24 -10 -17.4658 3 -10 -17.6124 2.088
2 24 -10 -17.6124 2.088 -10 -17.75 0
2 24 -10 -17.75 0 -10 -17.6124 -2.088
2 24 -10 -17.6124 -2.088 -10 -17.4658 -3
4 16 8.75 -17.4658 3 8.75 -17.6124 2.088 -10 -17.6124 2.088 -10 -17.4658 3
4 16 8.75 -17.6124 2.088 8.75 -17.75 0 -10 -17.75 0 -10 -17.6124 2.088
4 16 8.75 -17.75 0 8.75 -17.6124 -2.088 -10 -17.6124 -2.088 -10 -17.75 0
4 16 8.75 -17.6124 -2.088 8.75 -17.4658 -3 -10 -17.4658 -3 -10 -17.6124 -2.088
5 24 10 -15.8624 2.088 8.75 -15.8624 2.088 8.75 -15.7158 3 10 -16 0
5 24 10 -16 0 8.75 -16 0 8.75 -15.8624 2.088 10 -15.8624 -2.088
5 24 10 -15.8624 -2.088 8.75 -15.8624 -2.088 8.75 -16 0 10 -15.7158 -3
5 24 8.75 -17.6124 2.088 -10 -17.6124 2.088 8.75 -17.4658 3 8.75 -17.75 0
5 24 8.75 -17.75 0 -10 -17.75 0 8.75 -17.6124 2.088 8.75 -17.6124 -2.088
5 24 8.75 -17.6124 -2.088 -10 -17.6124 -2.088 8.75 -17.75 0 8.75 -17.4658 -3

0 FILE stug3-1x7.dat
0 Stud Tube Solid Group  1 x  7
0 Name: stug3-1x7.dat
0 Author: Steffen [Steffen]
0 !LDRAW_ORG Primitive UPDATE 2012-01
0 !LICENSE Licensed under CC BY 4.0 : see CAreadme.txt

0 BFC CERTIFY CCW

0 !HISTORY 2012-03-30 [PTadmin] Official Update 2012-01


1 16 -60 0 0 1 0 0 0 1 0 0 0 1 stud3.dat
1 16 -40 0 0 1 0 0 0 1 0 0 0 1 stud3.dat
1 16 -20 0 0 1 0 0 0 1 0 0 0 1 stud3.dat
1 16 0 0 0 1 0 0 0 1 0 0 0 1 stud3.dat
1 16 20 0 0 1 0 0 0 1 0 0 0 1 stud3.dat
1 16 40 0 0 1 0 0 0 1 0 0 0 1 stud3.dat
1 16 60 0 0 1 0 0 0 1 0 0 0 1 stud3.dat

0 FILE stug-1x8.dat
0 Stud Group  1 x  8
0 Name: stug-1x8.dat
0 Author: Steffen [Steffen]
0 !LDRAW_ORG Primitive UPDATE 2011-01
0 !LICENSE Licensed under CC BY 4.0 : see CAreadme.txt

0 BFC CERTIFY CCW

0 !HISTORY 2011-07-25 [PTadmin] Official Update 2011-01


1 16 -70 0 0 1 0 0 0 1 0 0 0 1 stud.dat
1 16 -50 0 0 1 0 0 0 1 0 0 0 1 stud.dat
1 16 -30 0 0 1 0 0 0 1 0 0 0 1 stud.dat
1 16 -10 0 0 1 0 0 0 1 0 0 0 1 stud.dat
1 16 10 0 0 1 0 0 0 1 0 0 0 1 stud.dat
1 16 30 0 0 1 0 0 0 1 0 0 0 1 stud.dat
1 16 50 0 0 1 0 0 0 1 0 0 0 1 stud.dat
1 16 70 0 0 1 0 0 0 1 0 0 0 1 stud.dat

0 FILE parts/s/4032s01.dat
0 ~Plate  2 x  2 Round with Axlehole - Quarter
0 Name: s\4032s01.dat
0 Author: Magnus Forsberg [MagFors]
0 !LDRAW_ORG Subpart UPDATE 2022-02
0 !LICENSE Licensed under CC BY 4.0 : see CAreadme.txt

0 BFC CERTIFY CCW

0 !HISTORY 2022-03-06 [PTadmin] Official Update 2022-02


4 16 8 4 8 16 4 11.36 16 4 -11.36 8 4 -8
4 16 16 4 -11.36 14.142 4 -14.142 11.36 4 -16 8 4 -8
1 16 16 6 0 0 1 0 0 0 -2 11.36 0 0 rect.dat
4 16 18.4774 8 7.6536 18.4776 8 -7.6537 16 8 -11.36 16 8 11.36
1 16 0 8 0 18.4776 0 7.6537 0 -1 0 -7.6537 0 18.4776 1-8chrd.dat
1 16 0 8 0 18.4776 0 7.6537 0 -8 0 -7.6537 0 18.4776 1-8cylo.dat
1 16 0 0 0 18.4776 0 7.6537 0 1 0 -7.6537 0 18.4776 1-8chrd.dat
4 16 18.4774 0 7.6536 18.4774 8 7.6536 16 8 11.36 16 4 11.36
4 16 18.4776 8 -7.6537 18.4776 0 -7.6537 16 4 -11.36 16 8 -11.36
2 24 18.4774 0 7.6536 15.6145 0 11.9397
2 24 18.4776 0 -7.6537 15.6145 0 -11.9387
2 24 18.4774 8 7.6536 16 8 11.36
2 24 18.4776 8 -7.6537 16 8 -11.36
2 24 16 4 -11.36 14.142 4 -14.142
2 24 14.142 4 -14.142 11.36 4 -16
4 16 15.6145 0 -11.9387 15.6145 0 11.9397 6 0 6 6 0 -6
4 16 15.6145 0 -11.9387 18.4776 0 -7.6537 18.4774 0 7.6536 15.6145 0 11.9397
4 16 15.6145 0 -11.9387 14.142 0 -14.142 14.142 4 -14.142 16 4 -11.36
3 16 15.6145 0 -11.9387 16 4 -11.36 18.4776 0 -7.6537
3 16 18.4774 0 7.6536 16 4 11.36 15.6145 0 11.9397
4 16 16 4 11.36 14.142 4 14.142 14.142 0 14.142 15.6145 0 11.9397
5 24 18.4774 0 7.6536 18.4774 8 7.6536 14.142 0 14.142 20.0005 0 .0001
5 24 18.4776 0 -7.6537 18.4776 8 -7.6537 20.0005 0 .0001 14.142 0 -14.142
5 24 14.142 0 14.142 14.142 4 14.142 18.4774 0 7.6536 7.6537 0 18.4776

0 FILE axl5hol8.dat
0 Technic Axle Hole Rounded Perimeter
0 Name: axl5hol8.dat
0 Author: Magnus Forsberg [MagFors]
0 !LDRAW_ORG Primitive UPDATE 2022-01
0 !LICENSE Licensed under CC BY 4.0 : see CAreadme.txt

0 BFC CERTIFY CCW

0 !HISTORY 2022-01-14 [PTadmin] Official Update 2022-01


4 16 6 1 0 6 0 0 5.6023 0 2 5.6023 1 2
4 16 4 1 2 5.6023 1 2 5.6023 0 2 4 0 2
4 16 4 1 2 4 0 2 2.5 0 2.5 2.5 1 2.5
4 16 2.5 1 2.5 2.5 0 2.5 2 0 4 2 1 4
4 16 2 1 4 2 0 4 2 0 5.6023 2 1 5.6023
4 16 2 0 5.6023 0 0 6 0 1 6 2 1 5.6023
4 16 0 1 6 0 0 6 -2 0 5.6023 -2 1 5.6023
4 16 -2 1 4 -2 1 5.6023 -2 0 5.6023 -2 0 4
4 16 -2 1 4 -2 0 4 -2.5 0 2.5 -2.5 1 2.5
4 16 -2.5 1 2.5 -2.5 0 2.5 -4 0 2 -4 1 2
4 16 -4 1 2 -4 0 2 -5.6023 0 2 -5.6023 1 2
4 16 -5.6023 1 2 -5.6023 0 2 -6 0 0 -6 1 0
4 16 -6 1 0 -6 0 0 -5.6023 0 -2 -5.6023 1 -2
4 16 -5.6023 1 -2 -5.6023 0 -2 -4 0 -2 -4 1 -2
4 16 -4 1 -2 -4 0 -2 -2.5 0 -2.5 -2.5 1 -2.5
4 16 -2.5 1 -2.5 -2.5 0 -2.5 -2 0 -4 -2 1 -4
4 16 -2 1 -4 -2 0 -4 -2 0 -5.6023 -2 1 -5.6023
4 16 -2 0 -5.6023 0 0 -6 0 1 -6 -2 1 -5.6023
4 16 0 1 -6 0 0 -6 2 0 -5.6023 2 1 -5.6023
4 16 2 1 -5.6023 2 0 -5.6023 2 0 -4 2 1 -4
4 16 2 1 -4 2 0 -4 2.5 0 -2.5 2.5 1 -2.5
4 16 2.5 1 -2.5 2.5 0 -2.5 4 0 -2 4 1 -2
4 16 4 1 -2 4 0 -2 5.6023 0 -2 5.6023 1 -2
4 16 5.6023 1 -2 5.6023 0 -2 6 0 0 6 1 0

2 24 5.6023 1 2 5.6023 0 2
2 24 2 1 5.6023 2 0 5.6023
2 24 -2 1 5.6023 -2 0 5.6023
2 24 -5.6023 1 2 -5.6023 0 2
2 24 -5.6023 1 -2 -5.6023 0 -2
2 24 -2 1 -5.6023 -2 0 -5.6023
2 24 2 1 -5.6023 2 0 -5.6023
2 24 5.6023 1 -2 5.6023 0 -2

5 24 6 1 0 6 0 0 5.6023 1 2 5.6023 1 -2
5 24 4 1 2 4 0 2 5.6023 1 2 2.5 1 2.5
5 24 2.5 1 2.5 2.5 0 2.5 2 1 4 4 1 2
5 24 2 1 4 2 0 4 2.5 1 2.5 2 1 5.6023
5 24 0 1 6 0 0 6 2 1 5.6023 -2 1 5.6023
5 24 -2 1 4 -2 0 4 -2 1 5.6023 -2.5 1 2.5
5 24 -2.5 1 2.5 -2.5 0 2.5 -2 1 4 -4 1 2
5 24 -4 1 2 -4 0 2 -2.5 1 2.5 -5.6023 1 2
5 24 -6 1 0 -6 0 0 -5.6023 1 2 -5.6023 1 -2
5 24 -4 1 -2 -4 0 -2 -5.6023 1 -2 -2.5 1 -2.5
5 24 -2.5 1 -2.5 -2.5 0 -2.5 -4 1 -2 -2 1 -4
5 24 -2 1 -4 -2 0 -4 -2.5 1 -2.5 -2 1 -5.6023
5 24 0 1 -6 0 0 -6 -2 1 -5.6023 2 1 -5.6023
5 24 2 1 -4 2 0 -4 2 1 -5.6023 2.5 1 -2.5
5 24 2.5 1 -2.5 2.5 0 -2.5 4 1 -2 2 1 -4
5 24 4 1 -2 4 0 -2 5.6023 1 -2 2.5 1 -2.5

0 FILE axl5ho10.dat
0 Technic Axle Hole Rounded Tooth Surface
0 Name: axl5ho10.dat
0 Author: Magnus Forsberg [MagFors]
0 !LDRAW_ORG Primitive UPDATE 2022-01
0 !LICENSE Licensed under CC BY 4.0 : see CAreadme.txt

0 BFC CERTIFY CCW

0 !HISTORY 2022-01-14 [PTadmin] Official Update 2022-01


1 16 0 0 0 5.54328 0 -2.2961 0 1 0 2.2961 0 5.54328 1-8chrd.dat
1 16 0 0 0 -2.2961 0 -5.54328 0 1 0 5.54328 0 -2.2961 1-8chrd.dat
1 16 0 0 0 -5.54328 0 2.2961 0 1 0 -2.2961 0 -5.54328 1-8chrd.dat
1 16 0 0 0 2.2961 0 5.54328 0 1 0 -5.54328 0 2.2961 1-8chrd.dat
3 16 5.5433 0 2.2961 2.2961 0 5.5433 2.5 0 2.5
4 16 2.5 0 2.5 4 0 2 5.6023 0 2 5.5433 0 2.2961
4 16 2 0 4 2.5 0 2.5 2.2961 0 5.5433 2 0 5.6023
3 16 -2.5 0 2.5 -2.2961 0 5.5433 -5.5433 0 2.2961
4 16 -2.5 0 2.5 -2 0 4 -2 0 5.6023 -2.2961 0 5.5433
4 16 -5.6023 0 2 -4 0 2 -2.5 0 2.5 -5.5433 0 2.2961
4 16 -4 0 -2 -5.6023 0 -2 -5.5433 0 -2.2961 -2.5 0 -2.5
3 16 -5.5433 0 -2.2961 -2.2961 0 -5.5433 -2.5 0 -2.5
4 16 -2.2961 0 -5.5433 -2 0 -5.6023 -2 0 -4 -2.5 0 -2.5
3 16 2.2961 0 -5.5433 5.5433 0 -2.2961 2.5 0 -2.5
4 16 2 0 -5.6023 2.2961 0 -5.5433 2.5 0 -2.5 2 0 -4
4 16 4 0 -2 2.5 0 -2.5 5.5433 0 -2.2961 5.6023 0 -2

0 FILE axl5hol9.dat
0 Technic Axle Hole Rounded Tooth Outer Edges
0 Name: axl5hol9.dat
0 Author: Magnus Forsberg [MagFors]
0 !LDRAW_ORG Primitive UPDATE 2022-01
0 !LICENSE Licensed under CC BY 4.0 : see CAreadme.txt

0 BFC CERTIFY CCW

0 !HISTORY 2022-01-14 [PTadmin] Official Update 2022-01


2 24 5.6023 0 2 4 0 2
2 24 4 0 2 2.5 0 2.5
2 24 2.5 0 2.5 2 0 4
2 24 2 0 4 2 0 5.6023
2 24 -2 0 5.6023 -2 0 4
2 24 -2 0 4 -2.5 0 2.5
2 24 -2.5 0 2.5 -4 0 2
2 24 -4 0 2 -5.6023 0 2
2 24 -5.6023 0 -2 -4 0 -2
2 24 -4 0 -2 -2.5 0 -2.5
2 24 -2.5 0 -2.5 -2 0 -4
2 24 -2 0 -4 -2 0 -5.6023
2 24 2 0 -5.6023 2 0 -4
2 24 2 0 -4 2.5 0 -2.5
2 24 2.5 0 -2.5 4 0 -2
2 24 4 0 -2 5.6023 0 -2

0 FILE stug-1x2.dat
0 Stud Group  1 x  2
0 Name: stug-1x2.dat
0 Author: Steffen [Steffen]
0 !LDRAW_ORG Primitive UPDATE 2011-01
0 !LICENSE Licensed under CC BY 4.0 : see CAreadme.txt

0 BFC CERTIFY CCW

0 !HISTORY 2011-07-25 [PTadmin] Official Update 2011-01


1 16 -10 0 0 1 0 0 0 1 0 0 0 1 stud.dat
1 16 10 0 0 1 0 0 0 1 0 0 0 1 stud.dat

0 FILE stug-2x2.dat
0 Stud Group  2 x  2
0 Name: stug-2x2.dat
0 Author: Steffen [Steffen]
0 !LDRAW_ORG Primitive UPDATE 2012-01
0 !LICENSE Licensed under CC BY 4.0 : see CAreadme.txt

0 BFC CERTIFY CCW

0 !HISTORY 2005-12-28 [PTadmin] Official Update 2005-01
0 !HISTORY 2007-05-04 [PTadmin] Header formatted for Contributor Agreement
0 !HISTORY 2008-07-01 [PTadmin] Official Update 2008-01
0 !HISTORY 2011-07-01 [PTadmin] Renamed from stug2
0 !HISTORY 2011-07-25 [PTadmin] Official Update 2011-01
0 !HISTORY 2012-02-16 [Philo] Changed to CCW
0 !HISTORY 2012-03-30 [PTadmin] Official Update 2012-01


1 16 -10 0 -10 1 0 0 0 1 0 0 0 1 stud.dat
1 16 10 0 -10 1 0 0 0 1 0 0 0 1 stud.dat
1 16 -10 0 10 1 0 0 0 1 0 0 0 1 stud.dat
1 16 10 0 10 1 0 0 0 1 0 0 0 1 stud.dat

0 FILE 1-16chrd.dat
0 Chord 0.0625
0 Name: 1-16chrd.dat
0 Author: Philippe Hurbain [Philo]
0 !LDRAW_ORG Primitive UPDATE 2015-01
0 !LICENSE Licensed under CC BY 4.0 : see CAreadme.txt

0 BFC CERTIFY CCW

0 !HISTORY 2015-10-11 [PTadmin] Official Update 2015-01


0 // This file is intentionally empty because at the current \P resolution,
0 // an 1-16chrd is actually empty. However, this file still is present
0 // to allow tools to do primitives substition and fill in a real chrd here,
0 // or, if desired, to substitute this with the hi-res 48\1-16chrd.

0 // This file is based on an idea by Darats at http://forums.ldraw.org/read.php?19,14500,14500#msg-14500

1 16 0 0 0 1 0 0 0 1 0 0 0 1 empty.dat

0 FILE stud10.dat
0 Stud Truncated Laterally Curved 40D for Round  2 x  2 Parts
0 Name: stud10.dat
0 Author: Orion Pobursky [OrionP]
0 !LDRAW_ORG Primitive UPDATE 2020-01
0 !LICENSE Licensed under CC BY 4.0 : see CAreadme.txt

0 BFC CERTIFY CCW

0 !HISTORY 2004-01-06 [Steffen] Fixed Header
0 !HISTORY 2004-04-22 [PTadmin] Official Update 2004-02
0 !HISTORY 2007-06-24 [PTadmin] Header formatted for Contributor Agreement
0 !HISTORY 2008-07-01 [PTadmin] Official Update 2008-01
0 !HISTORY 2012-02-16 [Philo] Changed to CCW
0 !HISTORY 2012-03-30 [PTadmin] Official Update 2012-01
0 !HISTORY 2018-02-25 [MagFors] Corrected and added cond-lines
0 !HISTORY 2019-06-28 [PTadmin] Official Update 2019-01
0 !HISTORY 2020-06-28 [PTadmin] Official Update 2020-01


2 24 6 0 0 5.6145 0 1.9397
2 24 1.9387 0 5.6145 0 0 6
2 24 5.6145 -4 1.9397 5.6145 0 1.9397
2 24 6 -4 0 5.6145 -4 1.9397
2 24 5.6145 -4 1.9397 4.142 -4 4.142
2 24 4.142 -4 4.142 1.9397 -4 5.6145
2 24 1.9397 -4 5.6145 0 -4 6
2 24 1.9397 -4 5.6145 1.9387 0 5.6145

5 24 4.142 -4 4.142 4.142 0 4.142 1.9397 -4 5.6145 5.6145 -4 1.9397
5 24 6 -4 0 6 0 0 5.5434 -4 -2.2962 5.6145 -4 1.9397
5 24 0 -4 6 0 0 6 1.9397 -4 5.6145 -2.2962 -4 5.5434

1 16 0 -4 0 0 0 -6 0 4 0 6 0 0 3-4cyli.dat
1 16 0 0 0 0 0 -6 0 1 0 6 0 0 3-4edge.dat
1 16 0 -4 0 0 0 -6 0 1 0 6 0 0 3-4edge.dat
1 16 0 -4 0 0 0 -6 0 1 0 6 0 0 3-4disc.dat
3 16 6 -4 0 5.6145 -4 1.9397 0 -4 0
3 16 5.6145 -4 1.9397 4.142 -4 4.142 0 -4 0
3 16 4.142 -4 4.142 1.9397 -4 5.6145 0 -4 0
3 16 1.9397 -4 5.6145 0 -4 6 0 -4 0
4 16 6 0 0 5.6145 0 1.9397 5.6145 -4 1.9397 6 -4 0
4 16 5.6145 0 1.9397 4.142 0 4.142 4.142 -4 4.142 5.6145 -4 1.9397
4 16 4.142 0 4.142 1.9387 0 5.6145 1.9397 -4 5.6145 4.142 -4 4.142
4 16 1.9387 0 5.6145 0 0 6 0 -4 6 1.9397 -4 5.6145

0 FILE parts/s/4493s01.dat
0 ~Animal Horse Body Left - Half Body
0 Name: s\4493s01.dat
0 Author: Magnus Forsberg [MagFors]
0 !LDRAW_ORG Subpart UPDATE 2015-01
0 !LICENSE Licensed under CC BY 4.0 : see CAreadme.txt

0 BFC CERTIFY CCW

0 !HISTORY 2014-12-14 [MagFors] Original part shape by Sascha Broich
0 !HISTORY 2014-12-14 [MagFors] Subfiled for patterns
0 !HISTORY 2015-10-11 [PTadmin] Official Update 2015-01


0 // common side parts
1 16 0 57 5 1 0 0 0 1 0 0 0 1 s/4493s.dat
2 24 19.128 3 -43 19.269 3.645 -42.731
2 24 19.269 3.645 -42.731 19.448 4.465 -42.53
2 24 19.448 4.465 -42.53 19.658 5.429 -42.407
2 24 19.658 5.429 -42.407 19.891 6.5 -42.366
2 24 19.891 6.5 -42.366 20 7.636 -42.407
2 24 20 7.636 -42.407 20 8.795 -42.53
2 24 20 8.795 -42.53 20 9.93 -42.731
2 24 20 9.93 -42.731 20 11 -43
2 24 20 11 -43 20 28 -48
2 24 20 28 -48 20 35 -48
2 24 20 35 -48 20 36.235 -48.06
2 24 20 36.235 -48.06 20 37.568 -48.239
2 24 20 37.568 -48.239 20 38.977 -48.533
2 24 20 38.977 -48.533 20 40.438 -48.938
2 24 20 40.438 -48.938 20 41.925 -49.447
2 24 20 41.925 -49.447 20 43.414 -50.05
2 24 20 43.414 -50.05 20 44.879 -50.739
2 24 20 44.879 -50.739 20 46.294 -51.5
2 24 20 46.294 -51.5 20 47.636 -52.321
2 24 20 47.636 -52.321 20 48.882 -53.188
2 24 20 48.882 -53.188 20 50.009 -54.086
2 24 20 50.009 -54.086 20 51 -55
2 24 20 57 -55 20 57 -35
2 24 20 57 -35 20 12 -22
0 // belly outside frame
2 24 20 12 -22 20 11.7 -21.7
2 24 20 11.7 -21.7 20 11.55 -21.3
2 24 20 11.55 -21.3 20 11.6 -21
2 24 20 11.6 -21 20 11.627 -20.8
2 24 20 11.627 -20.8 20 11.755 -20.2
2 24 20 11.755 -20.2 20 11.879 -19.6
2 24 20 11.879 -19.6 20 12 -19
2 24 20 10.707 27 20 10.561 27.5
2 24 20 10.561 27.5 20 10.41 28
2 24 20 10.41 28 20 10.093 29
2 24 20 10.093 29 20 9.757 30
2 24 20 9.757 30 20 9.401 31
2 24 20 9.401 31 20 9.4 31.5
2 24 20 9.4 31.5 20 9.7 32
0 // rear leg outside frame
2 24 20 9.7 32 20 35 47
2 24 20 35 47 20 36.204 47.623
2 24 20 36.204 47.623 20 37.512 48.112
2 24 20 37.512 48.112 20 38.9 48.457
2 24 20 38.9 48.457 20 40.346 48.654
2 24 20 40.346 48.654 20 41.825 48.698
2 24 20 41.825 48.698 20 43.311 48.589
2 24 20 43.311 48.589 20 44.778 48.329
2 24 20 44.778 48.329 20 46.203 47.922
2 24 20 46.203 47.922 20 47.559 47.375
2 24 20 47.559 47.375 20 48.825 46.698
2 24 20 48.825 46.698 20 49.979 45.901
2 24 20 49.979 45.901 20 51 45
2 24 20 57 45 20 57 65
2 24 20 26 65 20 23.928 63.945
2 24 20 23.928 63.945 20 21.706 62.968
2 24 20 21.706 62.968 20 19.373 62.087
2 24 20 19.373 62.087 20 16.967 61.316
2 24 20 16.967 61.316 20 14.53 60.668
2 24 20 14.53 60.668 20 12.104 60.155
2 24 20 12.104 60.155 20 9.731 59.785
2 24 20 9.731 59.785 20 7.45 59.565
2 24 20 7.45 59.565 20 5.302 59.498
2 24 20 5.302 59.498 20 3.322 59.586
2 24 20 3.322 59.586 20 1.544 59.827
2 24 20 1.544 59.827 20 0 60.217
0 // front leg inner frame
2 24 0 3 -43 0 3.645 -42.731
2 24 0 3.645 -42.731 0 4.465 -42.53
2 24 0 4.465 -42.53 0 5.429 -42.407
2 24 0 5.429 -42.407 0 6.5 -42.366
2 24 0 6.5 -42.366 0 7.636 -42.407
2 24 0 48.882 -53.188 0 50.009 -54.086
2 24 0 50.009 -54.086 0 51 -55
2 24 0 57 -55 0 57 -35
2 24 0 57 -35 0 12 -22
0 // belly inner frame
2 24 0 12 -22 0 11.7 -21.7
2 24 0 11.7 -21.7 0 11.55 -21.3
2 24 0 11.55 -21.3 0 11.6 -21
2 24 0 11.6 -21 0 11.627 -20.8
2 24 0 11.627 -20.8 0 11.755 -20.2
2 24 0 11.755 -20.2 0 11.879 -19.6
2 24 0 11.879 -19.6 0 12 -19
2 24 0 9.757 30 0 9.401 31
2 24 0 9.401 31 0 9.4 31.5
2 24 0 9.4 31.5 0 9.7 32
0 // rear leg inner frame
2 24 0 9.7 32 0 35 47
2 24 0 48.825 46.698 0 49.979 45.901
2 24 0 49.979 45.901 0 51 45
2 24 0 57 45 0 57 65
2 24 0 1.544 59.827 0 0 60.217
0 // front leg front plane
1 16 10 52 -45 -1 0 0 0 -1.25 0 0 0 1 stud4o.dat
1 16 10 57 -45 -8 0 0 0 -1 0 0 0 8 4-4ndis.dat
4 16 0 57 -55 2 57 -53 18 57 -53 20 57 -55
4 16 0 57 -35 2 57 -37 2 57 -53 0 57 -55
4 16 20 57 -55 18 57 -53 18 57 -37 20 57 -35
4 16 20 57 -35 18 57 -37 2 57 -37 0 57 -35
4 16 19.128 3 -43 10 3 -43 0 3.645 -42.731 19.269 3.645 -42.731
3 16 0 3 -43 0 3.645 -42.731 10 3 -43
4 16 19.269 3.645 -42.731 0 3.645 -42.731 0 4.465 -42.53 19.448 4.465 -42.53
4 16 19.448 4.465 -42.53 0 4.465 -42.53 0 5.429 -42.407 19.658 5.429 -42.407
4 16 19.658 5.429 -42.407 0 5.429 -42.407 0 6.5 -42.366 19.891 6.5 -42.366
4 16 19.891 6.5 -42.366 0 6.5 -42.366 0 7.636 -42.407 20 7.636 -42.407
4 16 20 7.636 -42.407 0 7.636 -42.407 0 8.795 -42.53 20 8.795 -42.53
4 16 20 8.795 -42.53 0 8.795 -42.53 0 9.93 -42.731 20 9.93 -42.731
4 16 20 9.93 -42.731 0 9.93 -42.731 0 11 -43 20 11 -43
4 16 20 11 -43 0 11 -43 0 28 -48 20 28 -48
4 16 20 28 -48 0 28 -48 0 35 -48 20 35 -48
4 16 20 35 -48 0 35 -48 0 36.235 -48.06 20 36.235 -48.06
4 16 20 36.235 -48.06 0 36.235 -48.06 0 37.568 -48.239 20 37.568 -48.239
4 16 20 37.568 -48.239 0 37.568 -48.239 0 38.977 -48.533 20 38.977 -48.533
4 16 20 38.977 -48.533 0 38.977 -48.533 0 40.438 -48.938 20 40.438 -48.938
4 16 20 40.438 -48.938 0 40.438 -48.938 0 41.925 -49.447 20 41.925 -49.447
4 16 20 41.925 -49.447 0 41.925 -49.447 0 43.414 -50.05 20 43.414 -50.05
4 16 20 43.414 -50.05 0 43.414 -50.05 0 44.879 -50.739 20 44.879 -50.739
4 16 20 44.879 -50.739 0 44.879 -50.739 0 46.294 -51.5 20 46.294 -51.5
4 16 20 46.294 -51.5 0 46.294 -51.5 0 47.636 -52.321 20 47.636 -52.321
4 16 20 47.636 -52.321 0 47.636 -52.321 0 48.882 -53.188 20 48.882 -53.188
4 16 20 48.882 -53.188 0 48.882 -53.188 0 50.009 -54.086 20 50.009 -54.086
4 16 20 50.009 -54.086 0 50.009 -54.086 0 51 -55 20 51 -55
2 24 20 57 -35 0 57 -35
1 16 10 54 -55 -10 0 0 0 0 3 0 1 0 rect.dat
4 16 20 57 -35 0 57 -35 0 12 -22 20 12 -22
0 // belly front plane
4 16 20 12 -22 0 12 -22 0 11.7 -21.7 20 11.7 -21.7
4 16 20 11.7 -21.7 0 11.7 -21.7 0 11.55 -21.3 20 11.55 -21.3
4 16 20 11.55 -21.3 0 11.55 -21.3 0 11.6 -21 20 11.6 -21
4 16 20 11.6 -21 0 11.6 -21 0 11.627 -20.8 20 11.627 -20.8
4 16 20 11.627 -20.8 0 11.627 -20.8 0 11.755 -20.2 20 11.755 -20.2
4 16 20 11.755 -20.2 0 11.755 -20.2 0 11.879 -19.6 20 11.879 -19.6
4 16 20 11.879 -19.6 0 11.879 -19.6 0 12 -19 20 12 -19
4 16 20 10.707 27 0 10.707 27 0 10.561 27.5 20 10.561 27.5
4 16 20 10.561 27.5 0 10.561 27.5 0 10.41 28 20 10.41 28
4 16 20 10.41 28 0 10.41 28 0 10.093 29 20 10.093 29
4 16 20 10.093 29 0 10.093 29 0 9.757 30 20 9.757 30
4 16 20 9.757 30 0 9.757 30 0 9.401 31 20 9.401 31
4 16 20 9.401 31 0 9.401 31 0 9.4 31.5 20 9.4 31.5
4 16 20 9.4 31.5 0 9.4 31.5 0 9.7 32 20 9.7 32
0 // rear leg front plane
1 16 10 52 55 -1 0 0 0 -1.25 0 0 0 1 stud4o.dat
1 16 10 57 55 -8 0 0 0 -1 0 0 0 8 4-4ndis.dat
4 16 0 57 45 2 57 47 18 57 47 20 57 45
4 16 0 57 65 2 57 63 2 57 47 0 57 45
4 16 20 57 45 18 57 47 18 57 63 20 57 65
4 16 20 57 65 18 57 63 2 57 63 0 57 65
4 16 20 9.7 32 0 9.7 32 0 35 47 20 35 47
4 16 20 35 47 0 35 47 0 36.204 47.623 20 36.204 47.623
4 16 20 36.204 47.623 0 36.204 47.623 0 37.512 48.112 20 37.512 48.112
4 16 20 37.512 48.112 0 37.512 48.112 0 38.9 48.457 20 38.9 48.457
4 16 20 38.9 48.457 0 38.9 48.457 0 40.346 48.654 20 40.346 48.654
4 16 20 40.346 48.654 0 40.346 48.654 0 41.825 48.698 20 41.825 48.698
4 16 20 41.825 48.698 0 41.825 48.698 0 43.311 48.589 20 43.311 48.589
4 16 20 43.311 48.589 0 43.311 48.589 0 44.778 48.329 20 44.778 48.329
4 16 20 44.778 48.329 0 44.778 48.329 0 46.203 47.922 20 46.203 47.922
4 16 20 46.203 47.922 0 46.203 47.922 0 47.559 47.375 20 47.559 47.375
4 16 20 47.559 47.375 0 47.559 47.375 0 48.825 46.698 20 48.825 46.698
4 16 20 48.825 46.698 0 48.825 46.698 0 49.979 45.901 20 49.979 45.901
4 16 20 49.979 45.901 0 49.979 45.901 0 51 45 20 51 45
1 16 10 54 45 -10 0 0 0 0 3 0 1 0 rect.dat
1 16 10 41.5 65 -10 0 0 0 0 -15.5 0 -1 0 rect.dat
4 16 20 26 65 0 26 65 0 23.928 63.945 20 23.928 63.945
4 16 20 23.928 63.945 0 23.928 63.945 0 21.706 62.968 20 21.706 62.968
4 16 20 21.706 62.968 0 21.706 62.968 0 19.373 62.087 20 19.373 62.087
4 16 20 19.373 62.087 0 19.373 62.087 0 16.967 61.316 20 16.967 61.316
4 16 20 16.967 61.316 0 16.967 61.316 0 14.53 60.668 20 14.53 60.668
4 16 20 14.53 60.668 0 14.53 60.668 0 12.104 60.155 20 12.104 60.155
4 16 20 12.104 60.155 0 12.104 60.155 0 9.731 59.785 20 9.731 59.785
4 16 20 9.731 59.785 0 9.731 59.785 0 7.45 59.565 20 7.45 59.565
4 16 20 7.45 59.565 0 7.45 59.565 0 5.302 59.498 20 5.302 59.498
4 16 20 5.302 59.498 0 5.302 59.498 0 3.322 59.586 20 3.322 59.586
4 16 20 3.322 59.586 0 3.322 59.586 0 1.544 59.827 20 1.544 59.827
4 16 20 1.544 59.827 0 1.544 59.827 0 0 60.217 20 0 60.217
0 // front leg inside frame
0 // rear leg inside frame
2 24 0 5.757 30 0 5.401 32
2 24 0 5.401 32 0 6 33.5
2 24 0 6 33.5 0 7.5 35
2 24 0 7.5 35 0 35 51
2 24 0 48.825 61 0 26 61
2 24 0 1.544 55.827 0 0 56
0 // front leg inside plane
3 16 0 7.03 -24 0 7.617 -21 0 10.5 -25.565
3 16 0 6.228 -28 0 7.03 -24 0 10.5 -25.565
3 16 0 5.401 -32 0 6.228 -28 0 10.5 -25.565
4 16 0 10.5 -25.565 0 7.636 -38.407 0 4.549 -36 0 5.401 -32
3 16 0 3.894 -39 0 4.549 -36 0 7.636 -38.407
4 16 0 7.636 -38.407 0 3.645 -42.731 0 3 -43 0 3.894 -39
3 16 0 7.636 -38.407 0 4.465 -42.53 0 3.645 -42.731
3 16 0 7.636 -38.407 0 5.429 -42.407 0 4.465 -42.53
3 16 0 7.636 -38.407 0 6.5 -42.366 0 5.429 -42.407
3 16 0 7.636 -38.407 0 7.636 -42.407 0 6.5 -42.366
1 16 0 8.2155 -40.4685 0 1 0 0.5795 0 0 -0.0615 0 -2 rect2p.dat
1 16 0 9.3625 -40.6305 0 1 0 0.5675 0 0 -0.1005 0 -2 rect2p.dat
1 16 0 10.465 -40.8655 0 1 0 0.535 0 0 -0.1345 0 -2 rect2p.dat
1 16 0 19.5 -43.5 0 1 0 8.5 0 0 -2.5 0 -2 rect2p.dat
1 16 0 31.5 -46 0 1 0 3.5 0 0 0 0 -2 rect2p.dat
1 16 0 35.6175 -46.03 0 1 0 0.6175 0 0 -0.03 0 -2 rect2p.dat
1 16 0 36.9015 -46.1495 0 1 0 0.6665 0 0 -0.0895 0 -2 rect2p.dat
1 16 0 38.2725 -46.386 0 1 0 0.7045 0 0 -0.147 0 -2 rect2p.dat
1 16 0 39.7075 -46.7355 0 1 0 0.7305 0 0 -0.2025 0 -2 rect2p.dat
1 16 0 41.1815 -47.1925 0 1 0 0.7435 0 0 -0.2545 0 -2 rect2p.dat
1 16 0 42.6695 -47.7485 0 1 0 0.7445 0 0 -0.3015 0 -2 rect2p.dat
1 16 0 44.1465 -48.3945 0 1 0 0.7325 0 0 -0.3445 0 -2 rect2p.dat
1 16 0 45.5865 -49.1195 0 1 0 0.7075 0 0 -0.3805 0 -2 rect2p.dat
1 16 0 46.965 -49.9105 0 1 0 0.671 0 0 -0.4105 0 -2 rect2p.dat
1 16 0 48.259 -50.7545 0 1 0 0.623 0 0 -0.4335 0 -2 rect2p.dat
3 16 0 48.882 -53.188 0 48.882 -49.188 0 50.009 -54.086
3 16 0 50.009 -54.086 0 48.882 -49.188 0 51 -55
4 16 0 48.882 -49.188 0 57 -35 0 57 -55 0 51 -55
3 16 0 57 -35 0 48.882 -49.188 0 48.882 -36.655
4 16 0 48.882 -36.655 0 10.5 -25.565 0 12 -22 0 57 -35
3 16 0 11.7 -21.7 0 12 -22 0 10.5 -25.565
3 16 0 11.55 -21.3 0 11.7 -21.7 0 10.5 -25.565
3 16 0 10.5 -25.565 0 11.627 -20.8 0 11.55 -21.3
4 16 0 11.755 -20.2 0 11.627 -20.8 0 10.5 -25.565 0 11.879 -19.6
3 16 0 11.879 -19.6 0 10.5 -25.565 0 12 -19
0 // rear leg inside plane
1 16 0 8.634 27.25 0 1 0 -0.073 0 2 0.25 0 0 rect2p.dat
1 16 0 8.4855 27.75 0 1 0 -0.0755 0 2 0.25 0 0 rect2p.dat
1 16 0 8.2515 28.5 0 1 0 -0.1585 0 2 0.5 0 0 rect2p.dat
1 16 0 7.925 29.5 0 1 0 -0.168 0 2 0.5 0 0 rect2p.dat
4 16 0 5.757 30 0 5.401 32 0 9.401 31 0 9.757 30
4 16 0 5.401 32 0 6 33.5 0 9.4 31.5 0 9.401 31
4 16 0 6 33.5 0 7.5 35 0 9.7 32 0 9.4 31.5
4 16 0 7.5 35 0 35 51 0 35 47 0 9.7 32
1 16 0 35.602 49.3115 0 1 0 0.602 0 0 0.3115 0 -2 rect2p.dat
1 16 0 36.858 49.8675 0 1 0 0.654 0 0 0.2445 0 -2 rect2p.dat
1 16 0 38.206 50.2845 0 1 0 0.694 0 0 0.1725 0 -2 rect2p.dat
1 16 0 39.623 50.5555 0 1 0 0.723 0 0 0.0985 0 -2 rect2p.dat
1 16 0 41.0855 50.676 0 1 0 0.7395 0 0 0.022 0 -2 rect2p.dat
1 16 0 42.568 50.6435 0 1 0 0.743 0 0 -0.0545 0 -2 rect2p.dat
1 16 0 44.0445 50.459 0 1 0 0.7335 0 0 -0.13 0 -2 rect2p.dat
1 16 0 45.4905 50.1255 0 1 0 0.7125 0 0 -0.2035 0 -2 rect2p.dat
1 16 0 46.881 49.6485 0 1 0 0.678 0 0 -0.2735 0 -2 rect2p.dat
1 16 0 48.192 49.0365 0 1 0 0.633 0 0 -0.3385 0 -2 rect2p.dat
3 16 0 48.825 50.698 0 49.979 45.901 0 48.825 46.698
3 16 0 48.825 50.698 0 51 45 0 49.979 45.901
4 16 0 48.825 50.698 0 57 65 0 57 45 0 51 45
3 16 0 48.825 50.698 0 48.825 61 0 57 65
4 16 0 48.825 61 0 26 61 0 26 65 0 57 65
1 16 0 24.964 62.4725 0 1 0 -1.036 0 0 -0.5275 0 2 rect2p.dat
1 16 0 22.817 61.4565 0 1 0 -1.111 0 0 -0.4885 0 2 rect2p.dat
1 16 0 20.5395 60.5275 0 1 0 -1.1665 0 0 -0.4405 0 2 rect2p.dat
1 16 0 18.17 59.7015 0 1 0 -1.203 0 0 -0.3855 0 2 rect2p.dat
1 16 0 15.7485 58.992 0 1 0 -1.2185 0 0 -0.324 0 2 rect2p.dat
1 16 0 13.317 58.4115 0 1 0 -1.213 0 0 -0.2565 0 2 rect2p.dat
1 16 0 10.9175 57.97 0 1 0 -1.1865 0 0 -0.185 0 2 rect2p.dat
1 16 0 8.5905 57.675 0 1 0 -1.1405 0 0 -0.11 0 2 rect2p.dat
1 16 0 6.376 57.5315 0 1 0 -1.074 0 0 -0.0335 0 2 rect2p.dat
1 16 0 4.312 57.542 0 1 0 -0.99 0 0 0.044 0 2 rect2p.dat
1 16 0 2.433 57.7065 0 1 0 -0.889 0 0 0.1205 0 2 rect2p.dat
4 16 0 1.544 55.827 0 0 56 0 0 60.217 0 1.544 59.827
0 // front leg inside frame
2 24 15 7.636 -38.407 15 8.795 -38.53
2 24 15 8.795 -38.53 15 9.93 -38.731
2 24 15 9.93 -38.731 15 11 -39
2 24 15 11 -39 15 28 -44
2 24 15 28 -44 15 35 -44
2 24 15 35 -44 15 36.235 -44.06
2 24 15 36.235 -44.06 15 37.568 -44.239
2 24 15 37.568 -44.239 15 38.977 -44.533
2 24 15 38.977 -44.533 15 40.438 -44.938
2 24 15 40.438 -44.938 15 41.925 -45.447
2 24 15 41.925 -45.447 15 43.414 -46.05
2 24 15 43.414 -46.05 15 44.879 -46.739
2 24 15 44.879 -46.739 15 46.294 -47.5
2 24 15 46.294 -47.5 15 47.636 -48.321
2 24 15 47.636 -48.321 15 48.882 -49.188
0 // rear leg inside frame
2 24 15 6.707 27 15 6.561 27.5
2 24 15 6.561 27.5 15 6.41 28
2 24 15 6.41 28 15 6.093 29
2 24 15 6.093 29 15 5.757 30
2 24 15 5.757 30 15 5.401 32
2 24 15 5.401 32 15 6 33.5
2 24 15 6 33.5 15 7.5 35
2 24 15 7.5 35 15 35 51
2 24 15 35 51 15 36.204 51.623
2 24 15 36.204 51.623 15 37.512 52.112
2 24 15 37.512 52.112 15 38.9 52.457
2 24 15 38.9 52.457 15 40.346 52.654
2 24 15 40.346 52.654 15 41.825 52.698
2 24 15 41.825 52.698 15 43.311 52.589
2 24 15 43.311 52.589 15 44.778 52.329
2 24 15 44.778 52.329 15 46.203 51.922
2 24 15 46.203 51.922 15 47.559 51.375
2 24 15 47.559 51.375 15 48.825 50.698
2 24 15 48.825 61 15 26 61
2 24 15 26 61 15 23.928 59.945
2 24 15 23.928 59.945 15 21.706 58.968
2 24 15 21.706 58.968 15 19.373 58.087
2 24 15 19.373 58.087 15 16.967 57.316
2 24 15 16.967 57.316 15 14.53 56.668
2 24 15 14.53 56.668 15 12.104 56.155
2 24 15 12.104 56.155 15 9.731 55.785
2 24 15 9.731 55.785 15 7.45 55.565
2 24 15 7.45 55.565 15 5.302 55.498
2 24 15 5.302 55.498 15 3.322 55.586
2 24 15 3.322 55.586 15 1.544 55.827
2 24 15 1.544 55.827 15 0 56
0 // front leg inner side plane
4 16 0 7.636 -38.407 15 7.636 -38.407 15 8.795 -38.53 0 8.795 -38.53
4 16 0 8.795 -38.53 15 8.795 -38.53 15 9.93 -38.73 0 9.93 -38.731
4 16 0 9.93 -38.731 15 9.93 -38.731 15 11 -39 0 11 -39
4 16 0 11 -39 15 11 -39 15 28 -44 0 28 -44
4 16 0 28 -44 15 28 -44 15 35 -44 0 35 -44
4 16 0 35 -44 15 35 -44 15 36.235 -44.06 0 36.235 -44.06
4 16 0 36.235 -44.06 15 36.235 -44.06 15 37.568 -44.239 0 37.568 -44.239
4 16 0 37.568 -44.239 15 37.568 -44.239 15 38.977 -44.533 0 38.977 -44.533
4 16 0 38.977 -44.533 15 38.977 -44.533 15 40.438 -44.938 0 40.438 -44.938
4 16 0 40.438 -44.938 15 40.438 -44.938 15 41.925 -45.447 0 41.925 -45.447
4 16 0 41.925 -45.447 15 41.925 -45.447 15 43.414 -46.05 0 43.414 -46.05
4 16 0 43.414 -46.05 15 43.414 -46.05 15 44.879 -46.739 0 44.879 -46.739
4 16 0 44.879 -46.739 15 44.879 -46.739 15 46.294 -47.5 0 46.294 -47.5
4 16 0 46.294 -47.5 15 46.294 -47.5 15 47.636 -48.32 0 47.636 -48.321
4 16 0 47.636 -48.321 15 47.636 -48.321 15 48.882 -49.18 0 48.882 -49.188
1 16 7.5 48.882 -42.92025 7.5 0 0 0 1 0 0 0 6.2665 rect.dat
1 16 7.5 29.691 -31.10875 7.5 0 0 0 0 -19.191 0 1 5.545 rect3.dat
1 16 7.5 9.068 -31.98425 7.5 0 0 0 -1 -1.432 0 0 -6.421 rect3.dat
0 // rear leg inside frame leg inside frame
4 16 0 6.707 27 15 6.707 27 15 6.561 27.5 0 6.561 27.5
4 16 0 6.561 27.5 15 6.561 27.5 15 6.41 28 0 6.41 28
4 16 0 6.41 28 15 6.41 28 15 6.093 29 0 6.093 29
4 16 0 6.093 29 15 6.093 29 15 5.757 30 0 5.757 30
4 16 0 5.757 30 15 5.757 30 15 5.401 32 0 5.401 32
4 16 0 5.401 32 15 5.401 32 15 6 33.5 0 6 33.5
4 16 0 6 33.5 15 6 33.5 15 7.5 35 0 7.5 35
4 16 0 7.5 35 15 7.5 35 15 35 51 0 35 51
4 16 0 35 51 15 35 51 15 36.204 51.623 0 36.204 51.623
4 16 0 36.204 51.623 15 36.204 51.623 15 37.512 52.112 0 37.512 52.112
4 16 0 37.512 52.112 15 37.512 52.112 15 38.9 52.457 0 38.9 52.457
4 16 0 38.9 52.457 15 38.9 52.457 15 40.346 52.654 0 40.346 52.654
4 16 0 40.346 52.654 15 40.346 52.654 15 41.825 52.698 0 41.825 52.698
4 16 0 41.825 52.698 15 41.825 52.698 15 43.311 52.589 0 43.311 52.589
4 16 0 43.311 52.589 15 43.311 52.589 15 44.778 52.329 0 44.778 52.329
4 16 0 44.778 52.329 15 44.778 52.329 15 46.203 51.922 0 46.203 51.922
4 16 0 46.203 51.922 15 46.203 51.922 15 47.559 51.375 0 47.559 51.375
4 16 0 47.559 51.375 15 47.559 51.375 15 48.825 50.698 0 48.825 50.698
1 16 7.5 48.825 55.849 7.5 0 0 0 1 0 0 0 5.151 rect.dat
4 16 0 48.825 61 15 48.825 61 15 26 61 0 26 61
4 16 0 26 61 15 26 61 15 23.928 59.945 0 23.928 59.945
4 16 0 23.928 59.945 15 23.928 59.945 15 21.706 58.968 0 21.706 58.968
4 16 0 21.706 58.968 15 21.706 58.968 15 19.373 58.087 0 19.373 58.087
4 16 0 19.373 58.087 15 19.373 58.087 15 16.967 57.316 0 16.967 57.316
4 16 0 16.967 57.316 15 16.967 57.316 15 14.53 56.668 0 14.53 56.668
4 16 0 14.53 56.668 15 14.53 56.668 15 12.104 56.155 0 12.104 56.155
4 16 0 12.104 56.155 15 12.104 56.155 15 9.731 55.785 0 9.731 55.785
4 16 0 9.731 55.785 15 9.731 55.785 15 7.45 55.565 0 7.45 55.565
4 16 0 7.45 55.565 15 7.45 55.565 15 5.302 55.498 0 5.302 55.498
4 16 0 5.302 55.498 15 5.302 55.498 15 3.322 55.586 0 3.322 55.586
4 16 0 3.322 55.586 15 3.322 55.586 15 1.544 55.827 0 1.544 55.827
4 16 0 1.544 55.827 15 1.544 55.827 15 0 56 0 0 56
0 // front leg inner side frame
3 16 15 10.5 -25.565 15 8.795 -38.53 15 7.636 -38.407
3 16 15 10.5 -25.565 15 9.93 -38.731 15 8.795 -38.53
3 16 15 10.5 -25.565 15 11 -39 15 9.93 -38.731
4 16 15 10.5 -25.565 15 35 -44 15 28 -44 15 11 -39
3 16 15 35 -44 15 10.5 -25.565 15 36.235 -44.06
3 16 15 36.235 -44.06 15 10.5 -25.565 15 37.568 -44.239
3 16 15 37.568 -44.239 15 10.5 -25.565 15 38.977 -44.533
4 16 15 10.5 -25.565 15 48.882 -36.655 15 40.438 -44.938 15 38.977 -44.533
3 16 15 40.438 -44.938 15 48.882 -36.655 15 41.925 -45.447
3 16 15 41.925 -45.447 15 48.882 -36.655 15 43.414 -46.05
3 16 15 43.414 -46.05 15 48.882 -36.655 15 44.879 -46.739
3 16 15 44.879 -46.739 15 48.882 -36.655 15 46.294 -47.5
3 16 15 46.294 -47.5 15 48.882 -36.655 15 47.636 -48.321
3 16 15 47.636 -48.321 15 48.882 -36.655 15 48.882 -49.188
0 // rear leg inner side frame
3 16 15 0 56 15 7.5 35 15 6 33.5
3 16 15 0 56 15 6 33.5 15 5.401 32
4 16 15 7.5 35 15 23.928 59.945 15 26 61 15 35 51
3 16 15 21.706 58.968 15 23.928 59.945 15 7.5 35
3 16 15 19.373 58.087 15 21.706 58.968 15 7.5 35
3 16 15 16.967 57.316 15 19.373 58.087 15 7.5 35
3 16 15 14.53 56.668 15 16.967 57.316 15 7.5 35
3 16 15 12.104 56.155 15 14.53 56.668 15 7.5 35
3 16 15 9.731 55.785 15 12.104 56.155 15 7.5 35
3 16 15 7.45 55.565 15 9.731 55.785 15 7.5 35
3 16 15 5.302 55.498 15 7.45 55.565 15 7.5 35
3 16 15 3.322 55.586 15 5.302 55.498 15 7.5 35
4 16 15 7.5 35 15 0 56 15 1.544 55.827 15 3.322 55.586
3 16 15 26 61 15 36.204 51.623 15 35 51
3 16 15 26 61 15 37.512 52.112 15 36.204 51.623
4 16 15 26 61 15 48.825 61 15 38.9 52.457 15 37.512 52.112
3 16 15 48.825 61 15 40.346 52.654 15 38.9 52.457
3 16 15 48.825 61 15 41.825 52.698 15 40.346 52.654
3 16 15 48.825 61 15 43.311 52.589 15 41.825 52.698
3 16 15 48.825 61 15 44.778 52.329 15 43.311 52.589
3 16 15 48.825 61 15 46.203 51.922 15 44.778 52.329
3 16 15 48.825 61 15 47.559 51.375 15 46.203 51.922
3 16 15 48.825 61 15 48.825 50.698 15 47.559 51.375
0 // common side parts
0 // breast connector
1 16 -8 -19.5 -33.5 1 0 0 0 1 0 0 0 1 s/4493s1.dat
1 16 -8 -19.5 -33.5 1 0 0 0 -1 0 0 0 1 s/4493s1.dat
1 16 -8 -19.5 -33.5 1 0 0 0 0.5 -0.866025 0 0.866025 0.5 s/4493s1.dat
1 16 -8 -19.5 -33.5 1 0 0 0 -0.5 -0.866025 0 -0.866025 0.5 s/4493s1.dat
1 16 -8 -19.5 -33.5 1 0 0 0 -0.5 -0.866025 0 0.866025 -0.5 s/4493s1.dat
1 16 -8 -19.5 -33.5 1 0 0 0 0.5 -0.866025 0 -0.866025 -0.5 s/4493s1.dat
1 16 -8 -19.5 -33.5 1 0 0 0 -1 0 0 0 -1 s/4493s1.dat
1 16 -8 -19.5 -33.5 1 0 0 0 1 0 0 0 -1 s/4493s1.dat
1 16 -8 -19.5 -33.5 1 0 0 0 -0.5 0.866025 0 -0.866025 -0.5 s/4493s1.dat
1 16 -8 -19.5 -33.5 1 0 0 0 0.5 0.866025 0 0.866025 -0.5 s/4493s1.dat
1 16 -8 -19.5 -33.5 1 0 0 0 0.5 0.866025 0 -0.866025 0.5 s/4493s1.dat
1 16 -8 -19.5 -33.5 1 0 0 0 -0.5 0.866025 0 0.866025 0.5 s/4493s1.dat
0 // buttock connector
1 16 -8 -11 37 1 0 0 0 1 0 0 0 1 s/4493s1.dat
1 16 -8 -11 37 1 0 0 0 -1 0 0 0 1 s/4493s1.dat
1 16 -8 -11 37 1 0 0 0 0.5 -0.866025 0 0.866025 0.5 s/4493s1.dat
1 16 -8 -11 37 1 0 0 0 -0.5 -0.866025 0 -0.866025 0.5 s/4493s1.dat
1 16 -8 -11 37 1 0 0 0 -0.5 -0.866025 0 0.866025 -0.5 s/4493s1.dat
1 16 -8 -11 37 1 0 0 0 0.5 -0.866025 0 -0.866025 -0.5 s/4493s1.dat
1 16 -8 -11 37 1 0 0 0 -1 0 0 0 -1 s/4493s1.dat
1 16 -8 -11 37 1 0 0 0 1 0 0 0 -1 s/4493s1.dat
1 16 -8 -11 37 1 0 0 0 -0.5 0.866025 0 -0.866025 -0.5 s/4493s1.dat
1 16 -8 -11 37 1 0 0 0 0.5 0.866025 0 0.866025 -0.5 s/4493s1.dat
1 16 -8 -11 37 1 0 0 0 0.5 0.866025 0 -0.866025 0.5 s/4493s1.dat
1 16 -8 -11 37 1 0 0 0 -0.5 0.866025 0 0.866025 0.5 s/4493s1.dat
0 // breast outer front line
2 24 20 -32 -10 19.586 -32.75 -11.9
2 24 19.586 -32.75 -11.9 19.172 -33.5 -13.8
2 24 19.172 -33.5 -13.8 18.758 -34.25 -15.7
2 24 18.758 -34.25 -15.7 18.344 -35 -17.6
2 24 18.344 -35 -17.6 17.929 -35.75 -19.5
2 24 17.929 -35.75 -19.5 17.515 -36.5 -21.4
2 24 17.515 -36.5 -21.4 17.101 -37.25 -23.3
2 24 17.101 -37.25 -23.3 16.687 -38 -25.2
2 24 16.687 -38 -25.2 16.273 -38.75 -27.1
2 24 16.273 -38.75 -27.1 15.859 -39.5 -29
2 24 15.859 -39.5 -29 15.395 -39.831 -31.129
2 24 15.395 -39.831 -31.129 14.926 -39.93 -33.282
2 24 14.926 -39.93 -33.282 14.457 -39.795 -35.432
2 24 14.457 -39.795 -35.432 13.994 -39.428 -37.555
2 24 13.994 -39.428 -37.555 13.543 -38.833 -39.626
2 24 13.543 -38.833 -39.626 13.108 -38.018 -41.621
2 24 13.108 -38.018 -41.621 12.695 -36.992 -43.515
2 24 12.695 -36.992 -43.515 12.309 -35.766 -45.287
2 24 12.309 -35.766 -45.287 11.954 -34.356 -46.917
2 24 11.954 -34.356 -46.917 11.634 -32.778 -48.384
2 24 11.634 -32.778 -48.384 11.707 -31.051 -49.671
2 24 11.707 -31.051 -49.671 12.112 -29.194 -50.765
2 24 12.112 -29.194 -50.765 12.54 -27.23 -51.65
2 24 12.54 -27.23 -51.65 12.986 -25.181 -52.318
2 24 12.986 -25.181 -52.318 13.446 -23.072 -52.76
2 24 13.446 -23.072 -52.76 13.913 -20.928 -52.972
2 24 13.913 -20.928 -52.972 14.383 -18.773 -52.95
2 24 14.383 -18.773 -52.95 14.849 -16.634 -52.695
2 24 14.849 -16.634 -52.695 15.307 -14.534 -52.21
2 24 15.307 -14.534 -52.21 15.75 -12.5 -51.5
2 24 15.75 -12.5 -51.5 16.088 -10.95 -50.65
2 24 16.088 -10.95 -50.65 16.426 -9.4 -49.8
2 24 16.426 -9.4 -49.8 16.763 -7.85 -48.95
2 24 16.763 -7.85 -48.95 17.101 -6.3 -48.1
2 24 17.101 -6.3 -48.1 17.439 -4.75 -47.25
2 24 17.439 -4.75 -47.25 17.777 -3.2 -46.4
2 24 17.777 -3.2 -46.4 18.115 -1.65 -45.55
2 24 18.115 -1.65 -45.55 18.453 -0.1 -44.7
2 24 18.453 -0.1 -44.7 18.79 1.45 -43.85
2 24 18.79 1.45 -43.85 19.128 3 -43
0 // saddle
1 16 -10 0 0 0 0 -1 0 1 0 1 0 0 stud2.dat
1 16 10 0 0 0 0 -1 0 1 0 1 0 0 stud2.dat
2 24 15 3 -2 0 3 -2
2 24 15 3 -2 15 3 -10
2 24 15 3 -10 -17 3 -10
2 24 15 3 2 0 3 2
2 24 15 3 10 15 3 2
2 24 15 3 10 -17 3 10
2 24 15 3 10 15 8 10
2 24 15 8 -10 15 3 -10
2 24 15 9.589 -8 15 9.817 -5
2 24 15 9.817 -5 15 9.956 -2
2 24 15 9.956 -2 15 3 -2
2 24 15 10 2 15 3 2
2 24 15 10 2 15 9.97 4
2 24 15 9.97 4 15 9.845 7
1 16 -16 1 0 0 1 0 0 0 1 10 0 0 rect.dat
4 16 0 0 -10 -16 0 -10 -16 2 -10 0 3 -10
1 16 -16.5 2 0 0 0 -0.5 0 1 0 10 0 0 rect3.dat
4 16 -17 2 -10 -17 3 -10 0 3 -10 -16 2 -10
1 16 -17 2.5 0 0 1 0 0 0 0.5 10 0 0 rect3.dat
4 16 -17 3 -10 0 3 -2 15 3 -2 15 3 -10
4 16 0 0 10 0 3 10 -16 2 10 -16 0 10
1 16 2 0 0 0 0 18 0 1 0 -10 0 0 rect3.dat
4 16 -17 2 10 -16 2 10 0 3 10 -17 3 10
4 16 0 3 2 0 3 -2 -17 3 -10 -17 3 10
4 16 -17 3 10 15 3 10 15 3 2 0 3 2
3 16 6 3 2 0 4 2 0 3 2
3 16 0 3 -2 0 4 -2 6 3 -2
1 16 0 3.5 0 0 1 0 0 0 -0.5 -2 0 0 rect3.dat
2 24 15 9.379 -10 0 9.379 -10
2 24 15 9.379 -10 15 8 -10
2 24 0 9.379 -10 0 8 -10
4 16 0 9.379 -10 0 8 -10 16 8 -10 15 9.379 -10
2 24 0 9.632 10 15 9.632 10
2 24 0 9.632 10 0 8 10
2 24 15 9.632 10 15 8 10
4 16 15 9.632 10 16 8 10 0 8 10 0 9.632 10
2 24 15 9.845 7 15 9.632 10
2 24 0 9.632 10 0 9.845 7
4 16 15 9.632 10 0 9.632 10 0 9.845 7 16 9.845 7
5 24 16 9.845 7 0 9.845 7 15 9.632 10 16 9.97 4
2 24 0 9.589 -8 0 9.379 -10
2 24 15 9.379 -10 15 9.589 -8
4 16 0 9.379 -10 15 9.379 -10 16 9.589 -8 0 9.589 -8
5 24 16 9.589 -8 0 9.589 -8 15 9.379 -10 16 9.817 -5
4 16 15 3 -10 15 3 -2 15 9.589 -8 15 9.379 -10
4 16 15 9.589 -8 15 3 -2 15 9.956 -2 15 9.817 -5
3 16 0 9.379 -10 0 9.273 -11 0 8 -10
3 16 0 8 10 0 9.33 13 0 9.632 10
4 16 15 3 10 15 9.632 10 15 9.845 7 15 3 2
4 16 15 3 2 15 9.845 7 15 9.97 4 15 10 2
0 // buttock inside side plane
4 16 15 6.561 27.5 15 6.707 27 15 -28 14 15 6.41 28
4 16 15 -28 14 15 5.757 30 15 6.093 29 15 6.41 28
4 16 15 -28 14 15 0 56 15 5.401 32 15 5.757 30
0 // breast front plane
4 16 19.128 3 -43 18.79 1.45 -43.85 10 1.45 -43.85 10 3 -43
4 16 18.79 1.45 -43.85 18.453 -0.1 -44.7 10 -0.1 -44.7 10 1.45 -43.85
4 16 18.453 -0.1 -44.7 18.115 -1.65 -45.55 10 -1.65 -45.55 10 -0.1 -44.7
4 16 18.115 -1.65 -45.55 17.777 -3.2 -46.4 10 -3.2 -46.4 10 -1.65 -45.55
4 16 17.777 -3.2 -46.4 17.439 -4.75 -47.25 10 -4.75 -47.25 10 -3.2 -46.4
4 16 17.439 -4.75 -47.25 17.101 -6.3 -48.1 10 -6.3 -48.1 10 -4.75 -47.25
4 16 17.101 -6.3 -48.1 16.763 -7.85 -48.95 10 -7.85 -48.95 10 -6.3 -48.1
4 16 16.763 -7.85 -48.95 16.426 -9.4 -49.8 10 -9.4 -49.8 10 -7.85 -48.95
4 16 16.426 -9.4 -49.8 16.088 -10.95 -50.65 10 -10.95 -50.65 10 -9.4 -49.8
4 16 16.088 -10.95 -50.65 15.75 -12.5 -51.5 10 -12.5 -51.5 10 -10.95 -50.65
4 16 15.75 -12.5 -51.5 15.307 -14.534 -52.21 10 -14.534 -52.21 10 -12.5 -51.5
4 16 15.307 -14.534 -52.21 14.849 -16.634 -52.695 10 -16.634 -52.695 10 -14.534 -52.21
4 16 14.849 -16.634 -52.695 14.383 -18.773 -52.95 10 -18.773 -52.95 10 -16.634 -52.695
4 16 14.383 -18.773 -52.95 13.913 -20.928 -52.972 10 -20.928 -52.972 10 -18.773 -52.95
4 16 13.913 -20.928 -52.972 13.446 -23.072 -52.76 10 -23.072 -52.76 10 -20.928 -52.972
4 16 13.446 -23.072 -52.76 12.986 -25.181 -52.318 10 -25.181 -52.318 10 -23.072 -52.76
4 16 12.986 -25.181 -52.318 12.54 -27.23 -51.65 10 -27.23 -51.65 10 -25.181 -52.318
4 16 12.54 -27.23 -51.65 12.112 -29.194 -50.765 10 -29.194 -50.765 10 -27.23 -51.65
4 16 12.112 -29.194 -50.765 11.707 -31.051 -49.671 10 -31.051 -49.671 10 -29.194 -50.765
4 16 11.707 -31.051 -49.671 11.634 -32.778 -48.384 10 -32.778 -48.384 10 -31.051 -49.671
4 16 11.634 -32.778 -48.384 11.954 -34.356 -46.917 10 -34.356 -46.917 10 -32.778 -48.384
4 16 11.954 -34.356 -46.917 12.309 -35.766 -45.287 10 -35.766 -45.287 10 -34.356 -46.917
4 16 12.309 -35.766 -45.287 12.695 -36.992 -43.515 10 -36.992 -43.515 10 -35.766 -45.287
4 16 12.695 -36.992 -43.515 13.108 -38.018 -41.621 10 -38.018 -41.621 10 -36.992 -43.515
4 16 13.108 -38.018 -41.621 13.543 -38.833 -39.626 10 -38.833 -39.626 10 -38.018 -41.621
4 16 13.543 -38.833 -39.626 13.994 -39.428 -37.555 10 -39.428 -37.555 10 -38.833 -39.626
4 16 13.994 -39.428 -37.555 14.457 -39.795 -35.432 10 -39.795 -35.432 10 -39.428 -37.555
4 16 14.457 -39.795 -35.432 14.926 -39.93 -33.282 10 -39.93 -33.282 10 -39.795 -35.432
4 16 14.926 -39.93 -33.282 15.395 -39.831 -31.129 10 -39.831 -31.129 10 -39.93 -33.282
4 16 15.395 -39.831 -31.129 15.859 -39.5 -29 10 -39.5 -29 10 -39.831 -31.129
4 16 15.859 -39.5 -29 16.273 -38.75 -27.1 10 -38.75 -27.1 10 -39.5 -29
4 16 16.273 -38.75 -27.1 16.687 -38 -25.2 10 -38 -25.2 10 -38.75 -27.1
4 16 16.687 -38 -25.2 17.101 -37.25 -23.3 10 -37.25 -23.3 10 -38 -25.2
4 16 17.101 -37.25 -23.3 17.515 -36.5 -21.4 10 -36.5 -21.4 10 -37.25 -23.3
4 16 17.515 -36.5 -21.4 17.929 -35.75 -19.5 10 -35.75 -19.5 10 -36.5 -21.4
4 16 17.929 -35.75 -19.5 18.344 -35 -17.6 10 -35 -17.6 10 -35.75 -19.5
4 16 18.344 -35 -17.6 18.758 -34.25 -15.7 10 -34.25 -15.7 10 -35 -17.6
4 16 18.758 -34.25 -15.7 19.172 -33.5 -13.8 0 -33.5 -13.8 10 -34.25 -15.7
3 16 0 -33.5 -13.8 0 -34.25 -15.7 10 -34.25 -15.7
4 16 19.172 -33.5 -13.8 19.586 -32.75 -11.9 0 -32.75 -11.9 0 -33.5 -13.8
4 16 19.586 -32.75 -11.9 20 -32 -10 0 -32 -10 0 -32.75 -11.9
0 // breast outside optional lines
0 // breast inside upper side frame
2 24 10 -31.8747 -21.1253 10 -30.1542 -19.6159
2 24 10 -30.1542 -19.6159 10 -28.25 -18.345
2 24 10 -28.25 -18.345 10 -26.197 -17.3322
2 24 10 -26.197 -17.3322 10 -24.0292 -16.5972
2 24 10 -24.0292 -16.5972 10 -21.7837 -16.1509
2 24 10 -21.7837 -16.1509 10 -19.5 -16
2 24 10 -19.5 -16 10 -17.2163 -16.1509
2 24 10 -17.2163 -16.1509 10 -14.9708 -16.5972
2 24 10 -14.9708 -16.5972 10 -12.803 -17.3322
2 24 10 -12.803 -17.3322 10 -10.75 -18.345
2 24 10 -10.75 -18.345 10 -8.8458 -19.6159
2 24 10 -8.8458 -19.6159 10 -7.1253 -21.1253
2 24 10 -7.1253 -21.1253 10 -5.6159 -22.8458
2 24 10 -5.6159 -22.8458 10 -4.345 -24.75
2 24 10 -4.345 -24.75 10 -3.3322 -26.803
2 24 10 -3.3322 -26.803 10 -2.5972 -28.9708
2 24 10 -2.5972 -28.9708 10 -2.1509 -31.2163
2 24 10 -2.1509 -31.2163 10 -2 -33.5
2 24 10 -2 -33.5 10 -2.1509 -35.7837
2 24 10 -2.1509 -35.7837 10 -2.5972 -38.0292
2 24 10 -2.5972 -38.0292 10 -3.3322 -40.197
2 24 10 -3.3322 -40.197 10 -4.345 -42.25
2 24 10 -4.345 -42.25 10 -5.6159 -44.1542
2 24 10 -5.6159 -44.1542 10 -7.1253 -45.8747
2 24 10 -7.1253 -45.8747 10 -8.8458 -47.3841
2 24 10 -8.8458 -47.3841 10 -10.75 -48.655
2 24 10 -10.75 -48.655 10 -12.803 -49.6678
2 24 10 -12.803 -49.6678 10 -15.359 -48.954
2 24 10 -15.359 -48.954 10 -17.412 -49.362
2 24 10 -17.412 -49.362 10 -19.5 -49.5
2 24 10 -19.5 -49.5 10 -21.588 -49.362
2 24 10 -21.588 -49.362 10 -23.641 -48.954
2 24 10 -23.641 -48.954 10 -25.623 -48.282
2 24 10 -25.623 -48.282 10 -27.5 -47.356
2 24 10 -27.5 -47.356 10 -29.241 -46.194
2 24 10 -29.241 -46.194 10 -30.814 -44.814
2 24 10 -30.814 -44.814 10 -32.194 -43.241
2 24 10 -32.194 -43.241 10 -33.356 -41.5
2 24 10 -33.356 -41.5 10 -34.282 -39.623
2 24 10 -34.282 -39.623 10 -34.954 -37.641
2 24 10 -34.954 -37.641 10 -35.362 -35.588
2 24 10 -35.362 -35.588 10 -37 -33.5
2 24 10 -37 -33.5 10 -36.8491 -31.2163
2 24 10 -36.8491 -31.2163 10 -36.4028 -28.9708
2 24 10 -36.4028 -28.9708 10 -35.6678 -26.803
2 24 10 -35.6678 -26.803 10 -34.655 -24.75
2 24 10 -34.655 -24.75 10 -33.3841 -22.8458
2 24 10 -33.3841 -22.8458 10 -31.8747 -21.1253
0 // breast inside lower side frame
2 24 15 -31.8747 -21.1253 15 -30.1542 -19.6159
2 24 15 -30.1542 -19.6159 15 -28.25 -18.345
2 24 15 -28.25 -18.345 15 -26.197 -17.3322
2 24 15 -26.197 -17.3322 15 -24.0292 -16.5972
2 24 15 -24.0292 -16.5972 15 -21.7837 -16.1509
2 24 15 -21.7837 -16.1509 15 -19.5 -16
2 24 15 -19.5 -16 15 -17.2163 -16.1509
2 24 15 -17.2163 -16.1509 15 -14.9708 -16.5972
2 24 15 -14.9708 -16.5972 15 -12.803 -17.3322
2 24 15 -12.803 -17.3322 15 -10.75 -18.345
2 24 15 -10.75 -18.345 15 -8.8458 -19.6159
2 24 15 -8.8458 -19.6159 15 -7.1253 -21.1253
2 24 15 -7.1253 -21.1253 15 -5.6159 -22.8458
2 24 15 -5.6159 -22.8458 15 -4.345 -24.75
2 24 15 -4.345 -24.75 15 -3.3322 -26.803
2 24 15 -3.3322 -26.803 15 -2.5972 -28.9708
2 24 15 -2.5972 -28.9708 15 -2.1509 -31.2163
2 24 15 -2.1509 -31.2163 15 -2 -33.5
2 24 15 -2 -33.5 15 -2.1509 -35.7837
2 24 15 -2.1509 -35.7837 15 -2.5972 -38.0292
2 24 15 -2.5972 -38.0292 15 -3.3322 -40.197
2 24 15 -3.3322 -40.197 15 -4.345 -42.25
2 24 15 -4.345 -42.25 14.792 -5.616 -44.154
2 24 14.792 -5.616 -44.154 14.583 -7.125 -45.875
2 24 14.583 -7.125 -45.875 14.375 -8.846 -47.384
2 24 14.375 -8.846 -47.384 14.167 -10.75 -48.655
2 24 14.167 -10.75 -48.655 13.958 -12.803 -49.668
2 24 13.958 -12.803 -49.668 13.75 -15.359 -48.954
2 24 13.75 -15.359 -48.954 13.542 -17.412 -49.362
2 24 13.542 -17.412 -49.362 13.333 -19.5 -49.5
2 24 13.333 -19.5 -49.5 13.125 -21.588 -49.362
2 24 13.125 -21.588 -49.362 12.917 -23.641 -48.954
2 24 12.917 -23.641 -48.954 12.708 -25.623 -48.282
2 24 12.708 -25.623 -48.282 12.5 -27.5 -47.356
2 24 12.5 -27.5 -47.356 12.679 -29.241 -46.194
2 24 12.679 -29.241 -46.194 12.857 -30.814 -44.814
2 24 12.857 -30.814 -44.814 13.036 -32.194 -43.241
2 24 13.036 -32.194 -43.241 13.214 -33.356 -41.5
2 24 13.214 -33.356 -41.5 13.393 -34.282 -39.623
2 24 13.393 -34.282 -39.623 13.571 -34.954 -37.641
2 24 13.571 -34.954 -37.641 13.75 -35.362 -35.588
2 24 13.75 -35.362 -35.588 13.929 -37 -33.5
2 24 13.929 -37 -33.5 14.107 -36.849 -31.216
2 24 14.107 -36.849 -31.216 14.286 -36.403 -28.971
2 24 14.286 -36.403 -28.971 14.464 -35.668 -26.803
2 24 14.464 -35.668 -26.803 14.643 -34.655 -24.75
2 24 14.643 -34.655 -24.75 14.821 -33.384 -22.846
2 24 14.821 -33.384 -22.846 15 -31.875 -21.125
0 // breast inside side plane
4 16 15 -4.345 -42.25 10 -4.345 -42.25 10 -5.616 -44.154 14.792 -5.616 -44.154
4 16 14.792 -5.616 -44.154 10 -5.616 -44.154 10 -7.125 -45.875 14.583 -7.125 -45.875
4 16 14.583 -7.125 -45.875 10 -7.125 -45.875 10 -8.846 -47.384 14.375 -8.846 -47.384
4 16 14.375 -8.846 -47.384 10 -8.846 -47.384 10 -10.75 -48.655 14.167 -10.75 -48.655
4 16 14.167 -10.75 -48.655 10 -10.75 -48.655 10 -12.803 -49.668 13.958 -12.803 -49.668
4 16 13.958 -12.803 -49.668 10 -12.803 -49.668 10 -15.359 -48.954 13.75 -15.359 -48.954
4 16 13.75 -15.359 -48.954 10 -15.359 -48.954 10 -17.412 -49.362 13.542 -17.412 -49.362
4 16 13.542 -17.412 -49.362 10 -17.412 -49.362 10 -19.5 -49.5 13.333 -19.5 -49.5
4 16 13.333 -19.5 -49.5 10 -19.5 -49.5 10 -21.588 -49.362 13.125 -21.588 -49.362
4 16 13.125 -21.588 -49.362 10 -21.588 -49.362 10 -23.641 -48.954 12.917 -23.641 -48.954
4 16 12.917 -23.641 -48.954 10 -23.641 -48.954 10 -25.623 -48.282 12.708 -25.623 -48.282
4 16 12.708 -25.623 -48.282 10 -25.623 -48.282 10 -27.5 -47.356 12.5 -27.5 -47.356
4 16 12.5 -27.5 -47.356 10 -27.5 -47.356 10 -29.241 -46.194 12.679 -29.241 -46.194
4 16 12.679 -29.241 -46.194 10 -29.241 -46.194 10 -30.814 -44.814 12.857 -30.814 -44.814
4 16 12.857 -30.814 -44.814 10 -30.814 -44.814 10 -32.194 -43.241 13.036 -32.194 -43.241
4 16 13.036 -32.194 -43.241 10 -32.194 -43.241 10 -33.356 -41.5 13.214 -33.356 -41.5
4 16 13.214 -33.356 -41.5 10 -33.356 -41.5 10 -34.282 -39.623 13.393 -34.282 -39.623
4 16 13.393 -34.282 -39.623 10 -34.282 -39.623 10 -34.954 -37.641 13.571 -34.954 -37.641
4 16 13.571 -34.954 -37.641 10 -34.954 -37.641 10 -35.362 -35.588 13.75 -35.362 -35.588
4 16 13.75 -35.362 -35.588 10 -35.362 -35.588 10 -37 -33.5 13.929 -37 -33.5
4 16 13.929 -37 -33.5 10 -37 -33.5 10 -36.849 -31.216 14.107 -36.849 -31.216
4 16 14.107 -36.849 -31.216 10 -36.849 -31.216 10 -36.403 -28.971 14.286 -36.403 -28.971
4 16 14.286 -36.403 -28.971 10 -36.403 -28.971 10 -35.668 -26.803 14.464 -35.668 -26.803
4 16 14.464 -35.668 -26.803 10 -35.668 -26.803 10 -34.655 -24.75 14.643 -34.655 -24.75
4 16 14.643 -34.655 -24.75 10 -34.655 -24.75 10 -33.384 -22.846 14.821 -33.384 -22.846
4 16 14.821 -33.384 -22.846 10 -33.384 -22.846 10 -31.875 -21.125 15 -31.875 -21.125
4 16 15 -31.875 -21.125 10 -31.875 -21.125 10 -30.154 -19.616 15 -30.154 -19.616
4 16 15 -30.154 -19.616 10 -30.154 -19.616 10 -28.25 -18.345 15 -28.25 -18.345
4 16 15 -28.25 -18.345 10 -28.25 -18.345 10 -26.197 -17.332 15 -26.197 -17.332
4 16 15 -26.197 -17.332 10 -26.197 -17.332 10 -24.029 -16.597 15 -24.029 -16.597
4 16 15 -24.029 -16.597 10 -24.029 -16.597 10 -21.784 -16.151 15 -21.784 -16.151
4 16 15 -21.784 -16.151 10 -21.784 -16.151 10 -19.5 -16 15 -19.5 -16
4 16 15 -19.5 -16 10 -19.5 -16 10 -17.216 -16.151 15 -17.216 -16.151
4 16 15 -17.216 -16.151 10 -17.216 -16.151 10 -14.971 -16.597 15 -14.971 -16.597
4 16 15 -14.971 -16.597 10 -14.971 -16.597 10 -12.803 -17.332 15 -12.803 -17.332
4 16 15 -12.803 -17.332 10 -12.803 -17.332 10 -10.75 -18.345 15 -10.75 -18.345
4 16 15 -10.75 -18.345 10 -10.75 -18.345 10 -8.846 -19.616 15 -8.846 -19.616
4 16 15 -8.846 -19.616 10 -8.846 -19.616 10 -7.125 -21.125 15 -7.125 -21.125
4 16 15 -7.125 -21.125 10 -7.125 -21.125 10 -5.616 -22.846 15 -5.616 -22.846
4 16 15 -5.616 -22.846 10 -5.616 -22.846 10 -4.345 -24.75 15 -4.345 -24.75
4 16 15 -4.345 -24.75 10 -4.345 -24.75 10 -3.332 -26.803 15 -3.332 -26.803
4 16 15 -3.332 -26.803 10 -3.332 -26.803 10 -2.597 -28.971 15 -2.597 -28.971
4 16 15 -2.597 -28.971 10 -2.597 -28.971 10 -2.151 -31.216 15 -2.151 -31.216
4 16 15 -2.151 -31.216 10 -2.151 -31.216 10 -2 -33.5 15 -2 -33.5
4 16 15 -2 -33.5 10 -2 -33.5 10 -2.151 -35.784 15 -2.151 -35.784
4 16 15 -2.151 -35.784 10 -2.151 -35.784 10 -2.597 -38.029 15 -2.597 -38.029
4 16 15 -2.597 -38.029 10 -2.597 -38.029 10 -3.332 -40.197 15 -3.332 -40.197
4 16 15 -3.332 -40.197 10 -3.332 -40.197 10 -4.345 -42.25 15 -4.345 -42.25
0 // breast inside lower side plane
3 16 15 -27 -36.5 15 -4.345 -42.25 14.792 -5.616 -44.154
3 16 15 -27 -36.5 14.792 -5.616 -44.154 14.583 -7.125 -45.875
3 16 15 -27 -36.5 14.583 -7.125 -45.875 14.375 -8.846 -47.384
3 16 15 -27 -36.5 14.375 -8.846 -47.384 14.167 -10.75 -48.655
3 16 15 -27 -36.5 14.167 -10.75 -48.655 13.958 -12.803 -49.668
3 16 15 -27 -36.5 13.958 -12.803 -49.668 13.75 -15.359 -48.954
3 16 15 -27 -36.5 13.75 -15.359 -48.954 13.542 -17.412 -49.362
3 16 15 -27 -36.5 13.542 -17.412 -49.362 13.333 -19.5 -49.5
3 16 15 -27 -36.5 13.333 -19.5 -49.5 13.125 -21.588 -49.362
3 16 15 -27 -36.5 13.125 -21.588 -49.362 12.917 -23.641 -48.954
3 16 15 -27 -36.5 12.917 -23.641 -48.954 12.708 -25.623 -48.282
3 16 15 -27 -36.5 12.708 -25.623 -48.282 12.5 -27.5 -47.356
3 16 15 -27 -36.5 12.5 -27.5 -47.356 12.679 -29.241 -46.194
3 16 15 -27 -36.5 12.679 -29.241 -46.194 12.857 -30.814 -44.814
3 16 15 -27 -36.5 12.857 -30.814 -44.814 13.036 -32.194 -43.241
3 16 15 -27 -36.5 13.036 -32.194 -43.241 13.214 -33.356 -41.5
3 16 15 -27 -36.5 13.214 -33.356 -41.5 13.393 -34.282 -39.623
3 16 15 -27 -36.5 13.393 -34.282 -39.623 13.571 -34.954 -37.641
3 16 15 -27 -36.5 13.571 -34.954 -37.641 13.75 -35.362 -35.588
3 16 15 -27 -36.5 13.75 -35.362 -35.588 13.929 -37 -33.5
3 16 15 -27 -36.5 13.929 -37 -33.5 14.107 -36.849 -31.216
3 16 15 -27 -36.5 14.107 -36.849 -31.216 14.286 -36.403 -28.971
3 16 15 -27 -36.5 14.286 -36.403 -28.971 14.464 -35.668 -26.803
3 16 15 -27 -36.5 14.464 -35.668 -26.803 14.643 -34.655 -24.75
3 16 15 -27 -36.5 14.643 -34.655 -24.75 14.821 -33.384 -22.846
3 16 15 -27 -36.5 14.821 -33.384 -22.846 15 -31.875 -21.125
4 16 15 -27 -36.5 15 -31.875 -21.125 15 -30.154 -19.616 15 -28.25 -18.345
4 16 15 -27 -36.5 15 -28.25 -18.345 15 -26.197 -17.332 15 -24.029 -16.597
4 16 15 -27 -36.5 15 -24.029 -16.597 15 -21.784 -16.151 15 -19.5 -16
4 16 15 -27 -36.5 15 -19.5 -16 15 -17.216 -16.151 15 -14.971 -16.597
4 16 15 -27 -36.5 15 -14.971 -16.597 15 -12.803 -17.332 15 -10.75 -18.345
4 16 15 -27 -36.5 15 -10.75 -18.345 15 -8.846 -19.616 15 -7.125 -21.125
4 16 15 -27 -36.5 15 -7.125 -21.125 15 -5.616 -22.846 15 -4.345 -24.75
4 16 15 -27 -36.5 15 -4.345 -24.75 15 -3.332 -26.803 15 -2.597 -28.971
4 16 15 -27 -36.5 15 -2.597 -28.971 15 -2.151 -31.216 15 -2 -33.5
4 16 15 -27 -36.5 15 -2 -33.5 15 -2.151 -35.784 15 -2.597 -38.029
4 16 15 -27 -36.5 15 -2.597 -38.029 15 -3.332 -40.197 15 -4.345 -42.25
0 // added edgeline
2 24 15 -22.1189 -37.7388 14.9943 -22 -37.8301
2 24 14.9943 -22 -37.8301 14.9762 -20.7941 -38.3295
2 24 14.9762 -20.7941 -38.3295 14.991 -19.5 -38.5
2 24 14.991 -19.5 -38.5 15 -19.2498 -38.4671
2 24 14.8386 -16.7 -40.8056 14.9246 -15.6366 -40.1916
2 24 14.8895 -10.6809 -41.8249 15 -10.0852 -40.7931
2 24 15 -14.3372 -39.7139 14.8895 -10.6809 -41.8249
2 24 14.9246 -15.6366 -40.1916 15 -14.665 -39.6307
2 24 14.6454 -16.7 -42.6752 14.8386 -16.7 -40.8056
2 24 14.472 -16.7 -44.2044 14.6454 -16.7 -42.6752
2 24 14.655 -22.3 -40.8593 14.6617 -22.3 -40.8056
2 24 14.6663 -22.4535 -40.717 14.6617 -22.3 -40.8056
2 24 14.3036 -17.5123 -45.3 14.3369 -16.7 -45.3
2 24 14.3369 -16.7 -45.3 14.472 -16.7 -44.2044
2 24 14.6529 -23.7674 -39.9584 14.657 -23.3634 -40.1916
2 24 14.4953 -22.3 -41.5282 14.655 -22.3 -40.8593
2 24 14.657 -23.3634 -40.1916 14.6663 -22.4535 -40.717
2 24 14.1168 -18.7745 -45.3 14.3036 -17.5123 -45.3
2 24 14.6384 -24.6218 -39.6902 14.6703 -24.4268 -39.5777
2 24 14.6703 -24.4268 -39.5777 14.6529 -23.7674 -39.9584
2 24 14.0025 -20.44 -45.3 14.1168 -18.7745 -45.3
2 24 14.2853 -22.3 -42.8049 14.4953 -22.3 -41.5282
2 24 14.5611 -25.0251 -39.9231 14.6384 -24.6218 -39.6902
2 24 13.8716 -21.9231 -45.3 14.0025 -20.44 -45.3
2 24 13.9553 -22.3 -44.6467 14.2853 -22.3 -42.8049
2 24 14.4648 -25.4552 -40.1714 14.5611 -25.0251 -39.9231
2 24 13.8292 -22.3 -45.3 13.8716 -21.9231 -45.3
2 24 13.8292 -22.3 -45.3 13.9553 -22.3 -44.6467
2 24 14.3396 -25.9351 -40.4484 14.4648 -25.4552 -40.1714
2 24 14.1684 -26.5004 -40.7748 14.3396 -25.9351 -40.4484
2 24 13.9204 -27.2159 -41.188 14.1684 -26.5004 -40.7748
2 24 13.7391 -28.2174 -41.7662 13.9204 -27.2159 -41.188
2 24 13.718 -28.3191 -41.8249 13.907 -28.9452 -40.7404
2 24 13.718 -28.3191 -41.8249 13.7391 -28.2174 -41.7662
2 24 13.907 -28.9452 -40.7404 14.0503 -29.5115 -39.7595
2 24 14.0503 -29.5115 -39.7595 14.1511 -30.0212 -38.8767
2 24 14.1511 -30.0212 -38.8767 14.2229 -30.5215 -38.0102
2 24 14.2229 -30.5215 -38.0102 14.2711 -31.0574 -37.082
2 24 14.2711 -31.0574 -37.082 14.2738 -31.1191 -36.9751
2 24 14.2738 -31.1191 -36.9751 14.5856 -29.7724 -36.1976
2 24 14.5856 -29.7724 -36.1976 14.7677 -29.1691 -35.8493
2 24 14.7677 -29.1691 -35.8493 14.8451 -28.7085 -35.5834
2 24 14.8451 -28.7085 -35.5834 14.8951 -28.381 -35.3943
2 24 14.8951 -28.381 -35.3943 14.958 -27.9009 -35.1171
2 24 14.8126 -31.1191 -30.0249 14.9014 -30.5159 -28.9802
2 24 14.8126 -31.1191 -30.0249 14.9264 -29.6239 -30.8882
2 24 14.958 -27.9009 -35.1171 15 -27.51 -34.8914
2 24 14.9014 -30.5159 -28.9802 15 -29.7855 -27.715
2 24 14.9264 -29.6239 -30.8882 15 -28.5901 -31.485
0 // breast inside upper side frame
4 16 10 -14.68 -49.592 10 -17.412 -49.362 10 -15.359 -48.954 10 -12.803 -49.668
4 16 10 -14.68 -49.592 10 -17.18 -49.592 10 -19.5 -49.5 10 -17.412 -49.362
4 16 10 -12.803 -49.668 10 -10.95 -50.65 10 -12.5 -51.5 10 -14.68 -49.592
4 16 10 -14.68 -49.592 10 -12.5 -51.5 10 -14.534 -52.21 10 -14.68 -52.092
4 16 10 -14.68 -52.092 10 -14.534 -52.21 10 -16.634 -52.695 10 -17.18 -52.092
4 16 10 -17.18 -49.592 10 -17.18 -52.092 10 -21.821 -52.166 10 -19.5 -49.5
4 16 10 -16.634 -52.695 10 -18.773 -52.95 10 -20.928 -52.972 10 -17.18 -52.092
4 16 10 -17.18 -52.092 10 -20.928 -52.972 10 -23.072 -52.76 10 -21.821 -52.166
4 16 10 -19.5 -49.5 10 -21.821 -52.166 10 -21.821 -49.666 10 -21.588 -49.362
4 16 10 -21.588 -49.362 10 -21.821 -49.666 10 -24.321 -49.666 10 -23.641 -48.954
4 16 10 -21.821 -52.166 10 -23.072 -52.76 10 -25.181 -52.318 10 -24.321 -52.166
4 16 10 -23.641 -48.954 10 -24.321 -49.666 10 -28.407 -49.4 10 -25.623 -48.282
4 16 10 -25.181 -52.318 10 -28.407 -49.4 10 -24.321 -49.666 10 -24.321 -52.166
3 16 10 -27.5 -47.356 10 -28.407 -49.4 10 -28.407 -46.9
3 16 10 -25.623 -48.282 10 -28.407 -49.4 10 -27.5 -47.356
4 16 10 -25.181 -52.318 10 -27.23 -51.65 10 -29.194 -50.765 10 -28.407 -49.4
4 16 10 -29.194 -50.765 10 -31.051 -49.671 10 -30.907 -49.4 10 -28.407 -49.4
4 16 10 -30.907 -46.9 10 -30.907 -49.4 10 -31.051 -49.671 10 -32.778 -48.384
3 16 10 -27.5 -47.356 10 -28.407 -46.9 10 -29.241 -46.194
3 16 10 -30.907 -46.9 10 -29.241 -46.194 10 -28.407 -46.9
3 16 10 -30.907 -46.9 10 -30.814 -44.814 10 -29.241 -46.194
3 16 10 -32.194 -43.241 10 -30.814 -44.814 10 -30.907 -46.9
4 16 10 -30.907 -46.9 10 -32.778 -48.384 10 -33.352 -44.247 10 -32.194 -43.241
4 16 10 -33.352 -44.247 10 -32.778 -48.384 10 -34.356 -46.917 10 -35.766 -45.287
3 16 10 -35.766 -45.287 10 -35.852 -44.247 10 -33.352 -44.247
3 16 10 -36.992 -43.515 10 -35.852 -44.247 10 -35.766 -45.287
3 16 10 -33.352 -41.747 10 -32.194 -43.241 10 -33.352 -44.247
3 16 10 -33.356 -41.5 10 -32.194 -43.241 10 -33.352 -41.747
4 16 10 -33.352 -41.747 10 -35.852 -41.747 10 -34.282 -39.623 10 -33.356 -41.5
4 16 10 -35.852 -44.247 10 -36.992 -43.515 10 -38.018 -41.621 10 -35.852 -41.747
4 16 10 -35.852 -41.747 10 -38.018 -41.621 10 -38.833 -39.626 10 -35.847 -37.556
4 16 10 -35.852 -41.747 10 -35.847 -37.556 10 -34.954 -37.641 10 -34.282 -39.623
4 16 10 -35.847 -37.556 10 -35.847 -35.056 10 -35.362 -35.588 10 -34.954 -37.641
3 16 10 -35.362 -35.588 10 -35.847 -35.056 10 -37 -33.5
3 16 10 -38.347 -35.056 10 -37 -33.5 10 -35.847 -35.056
4 16 10 -36.849 -31.216 10 -37 -33.5 10 -38.347 -35.056 10 -39.795 -35.432
3 16 10 -35.847 -37.556 10 -38.833 -39.626 10 -39.428 -37.555
4 16 10 -38.347 -37.556 10 -39.428 -37.555 10 -39.795 -35.432 10 -38.347 -35.056
4 16 10 -4.345 -42.25 10 -3.2 -46.4 10 -4.75 -47.25 10 -5.616 -44.154
4 16 10 -5.616 -44.154 10 -4.75 -47.25 10 -6.3 -48.1 10 -7.125 -45.875
4 16 10 -7.125 -45.875 10 -6.3 -48.1 10 -7.85 -48.95 10 -8.846 -47.384
4 16 10 -8.846 -47.384 10 -7.85 -48.95 10 -9.4 -49.8 10 -10.75 -48.655
4 16 10 -10.75 -48.655 10 -9.4 -49.8 10 -10.95 -50.65 10 -12.803 -49.668
4 16 10 -36.849 -31.216 10 -39.795 -35.432 10 -39.93 -33.282 10 -39.831 -31.129
4 16 10 -36.849 -31.216 10 -39.831 -31.129 10 -39.5 -29 10 -36.403 -28.971
4 16 10 -36.403 -28.971 10 -39.5 -29 10 -38.75 -27.1 10 -35.668 -26.803
4 16 10 -35.668 -26.803 10 -38.75 -27.1 10 -38 -25.2 10 -34.655 -24.75
4 16 10 -34.655 -24.75 10 -38 -25.2 10 -37.25 -23.3 10 -33.384 -22.846
4 16 10 -33.384 -22.846 10 -37.25 -23.3 10 -36.5 -21.4 10 -31.875 -21.125
4 16 10 -31.875 -21.125 10 -36.5 -21.4 10 -35.75 -19.5 10 -30.154 -19.616
4 16 10 -30.154 -19.616 10 -35.75 -19.5 10 -35 -17.6 10 -28.25 -18.345
4 16 10 -35 -17.6 10 -34.25 -15.7 10 -31 -15 10 -28.25 -18.345
3 16 10 -26.197 -17.332 10 -28.25 -18.345 10 -31 -15
3 16 10 -31 -15 10 -24.029 -16.597 10 -26.197 -17.332
3 16 10 -31 -15 10 -21.784 -16.151 10 -24.029 -16.597
4 16 10 -31 -15 10 -29 -13 10 -19.5 -16 10 -21.784 -16.151
4 16 10 -19.5 -16 10 -29 -13 10 -12 -13 10 -17.216 -16.151
4 16 10 -17.216 -16.151 10 -12 -13 10 -12 -15 10 -14.971 -16.597
3 16 10 -12 -15 10 -12.803 -17.332 10 -14.971 -16.597
3 16 10 -12 -15 10 -10.75 -18.345 10 -12.803 -17.332
4 16 10 -12 -15 10 -7 -17 10 -8.846 -19.616 10 -10.75 -18.345
4 16 10 -7 -17 10 -4 -21 10 -7.125 -21.125 10 -8.846 -19.616
3 16 10 -4 -21 10 -5.616 -22.846 10 -7.125 -21.125
3 16 10 -4 -21 10 -4.345 -24.75 10 -5.616 -22.846
4 16 10 -4 -21 10 -2.5 -24 10 -3.332 -26.803 10 -4.345 -24.75
4 16 10 -2.5 -24 10 -1 -28 10 -2.597 -28.971 10 -3.332 -26.803
4 16 10 -1 -28 10 -0.5 -32 10 -2.151 -31.216 10 -2.597 -28.971
4 16 10 -0.5 -32 10 0 -36 10 -2 -33.5 10 -2.151 -31.216
4 16 10 0 -36 10 0 -39 10 -2.151 -35.784 10 -2 -33.5
3 16 10 0 -39 10 -2.597 -38.029 10 -2.151 -35.784
3 16 10 0 -39 10 3 -43 10 -2.597 -38.029
4 16 10 3 -43 10 1.45 -43.85 10 -3.332 -40.197 10 -2.597 -38.029
4 16 10 1.45 -43.85 10 -0.1 -44.7 10 -4.345 -42.25 10 -3.332 -40.197
3 16 10 -4.345 -42.25 10 -1.65 -45.55 10 -3.2 -46.4
3 16 10 -4.345 -42.25 10 -0.1 -44.7 10 -1.65 -45.55
0 // head locker
1 16 10 -37.097 -36.306 0 1 0 1.25 0 0 0 0 1.25 4-4edge.dat
1 16 10 -37.097 -36.306 0 1 0 1.25 0 0 0 0 1.25 4-4ndis.dat
0 BFC INVERTNEXT
1 16 10 -37.097 -36.306 0 -0.75 0 1.25 0 0 0 0 1.25 bump5000.dat
1 16 10 -34.602 -42.997 0 1 0 1.25 0 0 0 0 1.25 4-4edge.dat
1 16 10 -34.602 -42.997 0 1 0 1.25 0 0 0 0 1.25 4-4ndis.dat
0 BFC INVERTNEXT
1 16 10 -34.602 -42.997 0 -0.75 0 1.25 0 0 0 0 1.25 bump5000.dat
1 16 10 -29.657 -48.15 0 1 0 1.25 0 0 0 0 1.25 4-4edge.dat
1 16 10 -29.657 -48.15 0 1 0 1.25 0 0 0 0 1.25 4-4ndis.dat
0 BFC INVERTNEXT
1 16 10 -29.657 -48.15 0 -0.75 0 1.25 0 0 0 0 1.25 bump5000.dat
1 16 10 -23.071 -50.916 0 1 0 1.25 0 0 0 0 1.25 4-4edge.dat
1 16 10 -23.071 -50.916 0 1 0 1.25 0 0 0 0 1.25 4-4ndis.dat
0 BFC INVERTNEXT
1 16 10 -23.071 -50.916 0 -0.75 0 1.25 0 0 0 0 1.25 bump5000.dat
1 16 10 -15.93 -50.842 0 1 0 1.25 0 0 0 0 1.25 4-4edge.dat
1 16 10 -15.93 -50.842 0 1 0 1.25 0 0 0 0 1.25 4-4ndis.dat
0 BFC INVERTNEXT
1 16 10 -15.93 -50.842 0 -0.75 0 1.25 0 0 0 0 1.25 bump5000.dat
0 // Added lines/Condlines
5 24 0 3.645 -42.731 19.269 3.645 -42.731 19.128 3 -43 0 4.465 -42.53
5 24 0 4.465 -42.53 19.448 4.465 -42.53 19.269 3.645 -42.731 0 5.429 -42.407
5 24 0 5.429 -42.407 19.658 5.429 -42.407 19.448 4.465 -42.53 0 6.5 -42.366
5 24 0 6.5 -42.366 19.891 6.5 -42.366 19.658 5.429 -42.407 0 7.636 -42.407
5 24 0 7.636 -42.407 20 7.636 -42.407 19.891 6.5 -42.366 0 8.795 -42.53
5 24 0 8.795 -42.53 20 8.795 -42.53 20 7.636 -42.407 0 9.93 -42.731
5 24 0 9.93 -42.731 20 9.93 -42.731 20 8.795 -42.53 0 11 -43
5 24 0 11 -43 20 11 -43 20 9.93 -42.731 0 28 -48
5 24 0 28 -48 20 28 -48 20 11 -43 0 35 -48
5 24 0 35 -48 20 35 -48 20 28 -48 0 36.235 -48.06
5 24 0 36.235 -48.06 20 36.235 -48.06 20 35 -48 0 37.568 -48.239
5 24 0 37.568 -48.239 20 37.568 -48.239 20 36.235 -48.06 0 38.977 -48.533
5 24 0 38.977 -48.533 20 38.977 -48.533 20 37.568 -48.239 0 40.438 -48.938
5 24 0 40.438 -48.938 20 40.438 -48.938 20 38.977 -48.533 0 41.925 -49.447
5 24 0 41.925 -49.447 20 41.925 -49.447 20 40.438 -48.938 0 43.414 -50.05
5 24 0 43.414 -50.05 20 43.414 -50.05 20 41.925 -49.447 0 44.879 -50.739
5 24 0 44.879 -50.739 20 44.879 -50.739 20 43.414 -50.05 0 46.294 -51.5
5 24 0 46.294 -51.5 20 46.294 -51.5 20 44.879 -50.739 0 47.636 -52.321
5 24 0 47.636 -52.321 20 47.636 -52.321 20 46.294 -51.5 0 48.882 -53.188
5 24 0 48.882 -53.188 20 48.882 -53.188 20 47.636 -52.321 0 50.009 -54.086
5 24 0 50.009 -54.086 20 50.009 -54.086 20 48.882 -53.188 0 51 -55
5 24 0 12 -22 20 12 -22 20 57 -35 0 11.7 -21.7
5 24 0 11.7 -21.7 20 11.7 -21.7 20 12 -22 0 11.55 -21.3
5 24 0 11.55 -21.3 20 11.55 -21.3 20 11.7 -21.7 0 11.6 -21
5 24 0 11.6 -21 20 11.6 -21 20 11.55 -21.3 0 11.627 -20.8
5 24 0 11.627 -20.8 20 11.627 -20.8 20 11.6 -21 0 11.755 -20.2
5 24 0 11.755 -20.2 20 11.755 -20.2 20 11.627 -20.8 0 11.879 -19.6
5 24 0 11.879 -19.6 20 11.879 -19.6 20 11.755 -20.2 0 12 -19
5 24 0 12 -19 20 12 -19 20 11.879 -19.6 0 12.377 -17
5 24 20 10.707 27 0 10.707 27 0 10.561 27.5 20 11.242 25
5 24 0 10.561 27.5 20 10.561 27.5 20 10.707 27 0 10.41 28
5 24 0 10.41 28 20 10.41 28 20 10.561 27.5 0 10.093 29
5 24 0 10.093 29 20 10.093 29 20 10.41 28 0 9.757 30
5 24 0 9.757 30 20 9.757 30 20 10.093 29 0 9.401 31
5 24 0 9.401 31 20 9.401 31 20 9.757 30 0 9.4 31.5
5 24 0 9.4 31.5 20 9.4 31.5 20 9.401 31 0 9.7 32
5 24 0 9.7 32 20 9.7 32 20 9.4 31.5 0 35 47
5 24 0 35 47 20 35 47 20 9.7 32 0 36.204 47.623
5 24 0 36.204 47.623 20 36.204 47.623 20 35 47 0 37.512 48.112
5 24 0 37.512 48.112 20 37.512 48.112 20 36.204 47.623 0 38.9 48.457
5 24 0 38.9 48.457 20 38.9 48.457 20 37.512 48.112 0 40.346 48.654
5 24 0 40.346 48.654 20 40.346 48.654 20 38.9 48.457 0 41.825 48.698
5 24 0 41.825 48.698 20 41.825 48.698 20 40.346 48.654 0 43.311 48.589
5 24 0 43.311 48.589 20 43.311 48.589 20 41.825 48.698 0 44.778 48.329
5 24 0 44.778 48.329 20 44.778 48.329 20 43.311 48.589 0 46.203 47.922
5 24 0 46.203 47.922 20 46.203 47.922 20 44.778 48.329 0 47.559 47.375
5 24 0 47.559 47.375 20 47.559 47.375 20 46.203 47.922 0 48.825 46.698
5 24 0 48.825 46.698 20 48.825 46.698 20 47.559 47.375 0 49.979 45.901
5 24 0 49.979 45.901 20 49.979 45.901 20 48.825 46.698 0 51 45
5 24 0 23.928 63.945 20 23.928 63.945 20 26 65 0 21.706 62.968
5 24 0 21.706 62.968 20 21.706 62.968 20 23.928 63.945 0 19.373 62.087
5 24 0 19.373 62.087 20 19.373 62.087 20 21.706 62.968 0 16.967 61.316
5 24 0 16.967 61.316 20 16.967 61.316 20 19.373 62.087 0 14.53 60.668
5 24 0 14.53 60.668 20 14.53 60.668 20 16.967 61.316 0 12.104 60.155
5 24 0 12.104 60.155 20 12.104 60.155 20 14.53 60.668 0 9.731 59.785
5 24 0 9.731 59.785 20 9.731 59.785 20 12.104 60.155 0 7.45 59.565
5 24 0 7.45 59.565 20 7.45 59.565 20 9.731 59.785 0 5.302 59.498
5 24 0 5.302 59.498 20 5.302 59.498 20 7.45 59.565 0 3.322 59.586
5 24 0 3.322 59.586 20 3.322 59.586 20 5.302 59.498 0 1.544 59.827
5 24 0 1.544 59.827 20 1.544 59.827 20 3.322 59.586 0 0 60.217
5 24 0 0 60.217 20 0 60.217 20 1.544 59.827 20 -0.088 60.249
5 24 15 8.795 -38.53 0 8.795 -38.53 0 7.636 -38.407 15 9.93 -38.73
5 24 15 9.93 -38.73 0 9.93 -38.731 0 8.795 -38.53 15 11 -39
5 24 15 11 -39 0 11 -39 0 9.93 -38.731 15 28 -44
5 24 15 28 -44 0 28 -44 0 11 -39 15 35 -44
5 24 15 35 -44 0 35 -44 0 28 -44 15 36.235 -44.06
5 24 15 36.235 -44.06 0 36.235 -44.06 0 35 -44 15 37.568 -44.23
5 24 15 37.568 -44.23 0 37.568 -44.239 0 36.235 -44.06 15 38.977 -44.53
5 24 15 38.977 -44.53 0 38.977 -44.533 0 37.568 -44.239 15 40.438 -44.93
5 24 15 40.438 -44.93 0 40.438 -44.938 0 38.977 -44.533 15 41.925 -45.44
5 24 15 41.925 -45.44 0 41.925 -45.447 0 40.438 -44.938 15 43.414 -46.05
5 24 15 43.414 -46.05 0 43.414 -46.05 0 41.925 -45.447 15 44.879 -46.73
5 24 15 44.879 -46.73 0 44.879 -46.739 0 43.414 -46.05 15 46.294 -47.5
5 24 15 46.294 -47.5 0 46.294 -47.5 0 44.879 -46.739 15 47.636 -48.32
5 24 15 47.636 -48.32 0 47.636 -48.321 0 46.294 -47.5 15 48.882 -49.18
5 24 0 6.707 27 15 6.707 27 15 6.561 27.5 0 7.242 25
5 24 15 6.561 27.5 0 6.561 27.5 0 6.707 27 15 6.41 28
5 24 15 6.41 28 0 6.41 28 0 6.561 27.5 15 6.093 29
5 24 15 6.093 29 0 6.093 29 0 6.41 28 15 5.757 30
5 24 15 5.757 30 0 5.757 30 0 6.093 29 15 5.401 32
5 24 15 5.401 32 0 5.401 32 0 5.757 30 15 6 33.5
5 24 15 6 33.5 0 6 33.5 0 5.401 32 15 7.5 35
5 24 15 7.5 35 0 7.5 35 0 6 33.5 15 35 51
5 24 15 35 51 0 35 51 0 7.5 35 15 36.204 51.623
5 24 15 36.204 51.623 0 36.204 51.623 0 35 51 15 37.512 52.112
5 24 15 37.512 52.112 0 37.512 52.112 0 36.204 51.623 15 38.9 52.457
5 24 15 38.9 52.457 0 38.9 52.457 0 37.512 52.112 15 40.346 52.654
5 24 15 40.346 52.654 0 40.346 52.654 0 38.9 52.457 15 41.825 52.698
5 24 15 41.825 52.698 0 41.825 52.698 0 40.346 52.654 15 43.311 52.589
5 24 15 43.311 52.589 0 43.311 52.589 0 41.825 52.698 15 44.778 52.329
5 24 15 44.778 52.329 0 44.778 52.329 0 43.311 52.589 15 46.203 51.922
5 24 15 46.203 51.922 0 46.203 51.922 0 44.778 52.329 15 47.559 51.375
5 24 15 47.559 51.375 0 47.559 51.375 0 46.203 51.922 15 48.825 50.698
5 24 15 26 61 0 26 61 0 48.825 61 15 23.928 59.945
5 24 15 23.928 59.945 0 23.928 59.945 0 26 61 15 21.706 58.968
5 24 15 21.706 58.968 0 21.706 58.968 0 23.928 59.945 15 19.373 58.087
5 24 15 19.373 58.087 0 19.373 58.087 0 21.706 58.968 15 16.967 57.316
5 24 15 16.967 57.316 0 16.967 57.316 0 19.373 58.087 15 14.53 56.668
5 24 15 14.53 56.668 0 14.53 56.668 0 16.967 57.316 15 12.104 56.155
5 24 15 12.104 56.155 0 12.104 56.155 0 14.53 56.668 15 9.731 55.785
5 24 15 9.731 55.785 0 9.731 55.785 0 12.104 56.155 15 7.45 55.565
5 24 15 7.45 55.565 0 7.45 55.565 0 9.731 55.785 15 5.302 55.498
5 24 15 5.302 55.498 0 5.302 55.498 0 7.45 55.565 15 3.322 55.586
5 24 15 3.322 55.586 0 3.322 55.586 0 5.302 55.498 15 1.544 55.827
5 24 15 1.544 55.827 0 1.544 55.827 0 3.322 55.586 15 0 56
5 24 15 0 56 0 0 56 0 1.544 55.827 15 -1.745 56.554
5 24 19.128 3 -43 10 3 -43 19.269 3.645 -42.731 18.79 1.45 -43.85
5 24 15.75 -12.5 -51.5 10 -12.5 -51.5 16.088 -10.95 -50.65 15.307 -14.534 -52.21
5 24 15.307 -14.534 -52.21 10 -14.534 -52.21 15.75 -12.5 -51.5 14.849 -16.634 -52.695
5 24 14.849 -16.634 -52.695 10 -16.634 -52.695 15.307 -14.534 -52.21 14.383 -18.773 -52.95
5 24 14.383 -18.773 -52.95 10 -18.773 -52.95 14.849 -16.634 -52.695 13.913 -20.928 -52.972
5 24 13.913 -20.928 -52.972 10 -20.928 -52.972 14.383 -18.773 -52.95 13.446 -23.072 -52.76
5 24 13.446 -23.072 -52.76 10 -23.072 -52.76 13.913 -20.928 -52.972 12.986 -25.181 -52.318
5 24 12.986 -25.181 -52.318 10 -25.181 -52.318 13.446 -23.072 -52.76 12.54 -27.23 -51.65
5 24 12.54 -27.23 -51.65 10 -27.23 -51.65 12.986 -25.181 -52.318 12.112 -29.194 -50.765
5 24 12.112 -29.194 -50.765 10 -29.194 -50.765 12.54 -27.23 -51.65 11.707 -31.051 -49.671
5 24 11.707 -31.051 -49.671 10 -31.051 -49.671 12.112 -29.194 -50.765 11.634 -32.778 -48.384
5 24 11.634 -32.778 -48.384 10 -32.778 -48.384 11.707 -31.051 -49.671 11.954 -34.356 -46.917
5 24 11.954 -34.356 -46.917 10 -34.356 -46.917 11.634 -32.778 -48.384 12.309 -35.766 -45.287
5 24 12.309 -35.766 -45.287 10 -35.766 -45.287 11.954 -34.356 -46.917 12.695 -36.992 -43.515
5 24 12.695 -36.992 -43.515 10 -36.992 -43.515 12.309 -35.766 -45.287 13.108 -38.018 -41.621
5 24 13.108 -38.018 -41.621 10 -38.018 -41.621 12.695 -36.992 -43.515 13.543 -38.833 -39.626
5 24 13.543 -38.833 -39.626 10 -38.833 -39.626 13.108 -38.018 -41.621 13.994 -39.428 -37.555
5 24 13.994 -39.428 -37.555 10 -39.428 -37.555 13.543 -38.833 -39.626 14.457 -39.795 -35.432
5 24 14.457 -39.795 -35.432 10 -39.795 -35.432 13.994 -39.428 -37.555 14.926 -39.93 -33.282
5 24 14.926 -39.93 -33.282 10 -39.93 -33.282 14.457 -39.795 -35.432 15.395 -39.831 -31.129
5 24 15.395 -39.831 -31.129 10 -39.831 -31.129 14.926 -39.93 -33.282 15.859 -39.5 -29
5 24 15.859 -39.5 -29 10 -39.5 -29 15.395 -39.831 -31.129 16.273 -38.75 -27.1
5 24 15 -4.345 -42.25 10 -4.345 -42.25 10 -5.616 -44.154 15 -3.332 -40.197
5 24 10 -5.616 -44.154 14.792 -5.616 -44.154 15 -4.345 -42.25 10 -7.125 -45.875
5 24 10 -7.125 -45.875 14.583 -7.125 -45.875 14.792 -5.616 -44.154 10 -8.846 -47.384
5 24 10 -8.846 -47.384 14.375 -8.846 -47.384 14.583 -7.125 -45.875 10 -10.75 -48.655
5 24 10 -10.75 -48.655 14.167 -10.75 -48.655 14.375 -8.846 -47.384 10 -12.803 -49.668
5 24 10 -12.803 -49.668 13.958 -12.803 -49.668 14.167 -10.75 -48.655 10 -15.359 -48.954
5 24 10 -15.359 -48.954 13.75 -15.359 -48.954 13.958 -12.803 -49.668 10 -17.412 -49.362
5 24 10 -17.412 -49.362 13.542 -17.412 -49.362 13.75 -15.359 -48.954 10 -19.5 -49.5
5 24 10 -19.5 -49.5 13.333 -19.5 -49.5 13.542 -17.412 -49.362 10 -21.588 -49.362
5 24 10 -21.588 -49.362 13.125 -21.588 -49.362 13.333 -19.5 -49.5 10 -23.641 -48.954
5 24 10 -23.641 -48.954 12.917 -23.641 -48.954 13.125 -21.588 -49.362 10 -25.623 -48.282
5 24 10 -25.623 -48.282 12.708 -25.623 -48.282 12.917 -23.641 -48.954 10 -27.5 -47.356
5 24 10 -27.5 -47.356 12.5 -27.5 -47.356 12.708 -25.623 -48.282 10 -29.241 -46.194
5 24 10 -29.241 -46.194 12.679 -29.241 -46.194 12.5 -27.5 -47.356 10 -30.814 -44.814
5 24 10 -30.814 -44.814 12.857 -30.814 -44.814 12.679 -29.241 -46.194 10 -32.194 -43.241
5 24 10 -32.194 -43.241 13.036 -32.194 -43.241 12.857 -30.814 -44.814 10 -33.356 -41.5
5 24 10 -33.356 -41.5 13.214 -33.356 -41.5 13.036 -32.194 -43.241 10 -34.282 -39.623
5 24 10 -34.282 -39.623 13.393 -34.282 -39.623 13.214 -33.356 -41.5 10 -34.954 -37.641
5 24 10 -34.954 -37.641 13.571 -34.954 -37.641 13.393 -34.282 -39.623 10 -35.362 -35.588
5 24 10 -35.362 -35.588 13.75 -35.362 -35.588 13.571 -34.954 -37.641 10 -37 -33.5
5 24 10 -37 -33.5 13.929 -37 -33.5 13.75 -35.362 -35.588 10 -36.849 -31.216
5 24 10 -36.849 -31.216 14.107 -36.849 -31.216 13.929 -37 -33.5 10 -36.403 -28.971
5 24 10 -36.403 -28.971 14.286 -36.403 -28.971 14.107 -36.849 -31.216 10 -35.668 -26.803
5 24 10 -35.668 -26.803 14.464 -35.668 -26.803 14.286 -36.403 -28.971 10 -34.655 -24.75
5 24 10 -34.655 -24.75 14.643 -34.655 -24.75 14.464 -35.668 -26.803 10 -33.384 -22.846
5 24 10 -33.384 -22.846 14.821 -33.384 -22.846 14.643 -34.655 -24.75 10 -31.875 -21.125
5 24 10 -31.875 -21.125 15 -31.875 -21.125 14.821 -33.384 -22.846 10 -30.154 -19.616
5 24 10 -30.154 -19.616 15 -30.154 -19.616 15 -31.875 -21.125 10 -28.25 -18.345
5 24 10 -28.25 -18.345 15 -28.25 -18.345 15 -30.154 -19.616 10 -26.197 -17.332
5 24 10 -26.197 -17.332 15 -26.197 -17.332 15 -28.25 -18.345 10 -24.029 -16.597
5 24 10 -24.029 -16.597 15 -24.029 -16.597 15 -26.197 -17.332 10 -21.784 -16.151
5 24 10 -21.784 -16.151 15 -21.784 -16.151 15 -24.029 -16.597 10 -19.5 -16
5 24 10 -19.5 -16 15 -19.5 -16 15 -21.784 -16.151 10 -17.216 -16.151
5 24 10 -17.216 -16.151 15 -17.216 -16.151 15 -19.5 -16 10 -14.971 -16.597
5 24 10 -14.971 -16.597 15 -14.971 -16.597 15 -17.216 -16.151 10 -12.803 -17.332
5 24 10 -12.803 -17.332 15 -12.803 -17.332 15 -14.971 -16.597 10 -10.75 -18.345
5 24 10 -10.75 -18.345 15 -10.75 -18.345 15 -12.803 -17.332 10 -8.846 -19.616
5 24 10 -8.846 -19.616 15 -8.846 -19.616 15 -10.75 -18.345 10 -7.125 -21.125
5 24 10 -7.125 -21.125 15 -7.125 -21.125 15 -8.846 -19.616 10 -5.616 -22.846
5 24 10 -5.616 -22.846 15 -5.616 -22.846 15 -7.125 -21.125 10 -4.345 -24.75
5 24 10 -4.345 -24.75 15 -4.345 -24.75 15 -5.616 -22.846 10 -3.332 -26.803
5 24 10 -3.332 -26.803 15 -3.332 -26.803 15 -4.345 -24.75 10 -2.597 -28.971
5 24 10 -2.597 -28.971 15 -2.597 -28.971 15 -3.332 -26.803 10 -2.151 -31.216
5 24 10 -2.151 -31.216 15 -2.151 -31.216 15 -2.597 -28.971 10 -2 -33.5
5 24 10 -2 -33.5 15 -2 -33.5 15 -2.151 -31.216 10 -2.151 -35.784
5 24 10 -2.151 -35.784 15 -2.151 -35.784 15 -2 -33.5 10 -2.597 -38.029
5 24 10 -2.597 -38.029 15 -2.597 -38.029 15 -2.151 -35.784 10 -3.332 -40.197
5 24 10 -3.332 -40.197 15 -3.332 -40.197 15 -2.597 -38.029 10 -4.345 -42.25
5 24 15 -27 -36.5 15 -4.345 -42.25 14.792 -5.616 -44.154 15 -2.597 -38.029
5 24 14.792 -5.616 -44.154 15 -27 -36.5 15 -4.345 -42.25 14.583 -7.125 -45.875
5 24 14.583 -7.125 -45.875 15 -27 -36.5 14.792 -5.616 -44.154 14.375 -8.846 -47.384
5 24 14.375 -8.846 -47.384 15 -27 -36.5 14.583 -7.125 -45.875 14.167 -10.75 -48.655
5 24 14.167 -10.75 -48.655 15 -27 -36.5 14.375 -8.846 -47.384 13.958 -12.803 -49.668
5 24 13.958 -12.803 -49.668 15 -27 -36.5 14.167 -10.75 -48.655 13.75 -15.359 -48.954
5 24 13.75 -15.359 -48.954 15 -27 -36.5 13.958 -12.803 -49.668 13.542 -17.412 -49.362
5 24 13.542 -17.412 -49.362 15 -27 -36.5 13.75 -15.359 -48.954 13.333 -19.5 -49.5
5 24 13.333 -19.5 -49.5 15 -27 -36.5 13.542 -17.412 -49.362 13.125 -21.588 -49.362
5 24 13.125 -21.588 -49.362 15 -27 -36.5 13.333 -19.5 -49.5 12.917 -23.641 -48.954
5 24 12.917 -23.641 -48.954 15 -27 -36.5 13.125 -21.588 -49.362 12.708 -25.623 -48.282
5 24 12.708 -25.623 -48.282 15 -27 -36.5 12.917 -23.641 -48.954 12.5 -27.5 -47.356
5 24 12.5 -27.5 -47.356 15 -27 -36.5 12.708 -25.623 -48.282 12.679 -29.241 -46.194
5 24 12.679 -29.241 -46.194 15 -27 -36.5 12.5 -27.5 -47.356 12.857 -30.814 -44.814
5 24 12.857 -30.814 -44.814 15 -27 -36.5 12.679 -29.241 -46.194 13.036 -32.194 -43.241
5 24 13.036 -32.194 -43.241 15 -27 -36.5 12.857 -30.814 -44.814 13.214 -33.356 -41.5
5 24 13.214 -33.356 -41.5 15 -27 -36.5 13.036 -32.194 -43.241 13.393 -34.282 -39.623
5 24 13.393 -34.282 -39.623 15 -27 -36.5 13.214 -33.356 -41.5 13.571 -34.954 -37.641
5 24 13.571 -34.954 -37.641 15 -27 -36.5 13.393 -34.282 -39.623 13.75 -35.362 -35.588
5 24 13.75 -35.362 -35.588 15 -27 -36.5 13.571 -34.954 -37.641 13.929 -37 -33.5
5 24 13.929 -37 -33.5 15 -27 -36.5 13.75 -35.362 -35.588 14.107 -36.849 -31.216
5 24 14.107 -36.849 -31.216 15 -27 -36.5 13.929 -37 -33.5 14.286 -36.403 -28.971
5 24 14.286 -36.403 -28.971 15 -27 -36.5 14.107 -36.849 -31.216 14.464 -35.668 -26.803
5 24 14.464 -35.668 -26.803 15 -27 -36.5 14.286 -36.403 -28.971 14.643 -34.655 -24.75
5 24 14.643 -34.655 -24.75 15 -27 -36.5 14.464 -35.668 -26.803 14.821 -33.384 -22.846
5 24 14.821 -33.384 -22.846 15 -27 -36.5 14.643 -34.655 -24.75 15 -31.875 -21.125
5 24 15 -31.875 -21.125 15 -27 -36.5 14.821 -33.384 -22.846 15 -30.154 -19.616

0 FILE parts/s/4493s00.dat
0 ~Animal Horse Body Left - Side Surface
0 Name: s\4493s00.dat
0 Author: Magnus Forsberg [MagFors]
0 !LDRAW_ORG Subpart UPDATE 2015-01
0 !LICENSE Licensed under CC BY 4.0 : see CAreadme.txt

0 BFC CERTIFY CCW

0 !HISTORY 2014-12-14 [MagFors] Original part shape by Sascha Broich
0 !HISTORY 2014-12-14 [MagFors] Subfiled for patterns
0 !HISTORY 2015-10-11 [PTadmin] Official Update 2015-01


0 // buttock outside frame

4 16 20 -34 39 20 -32 10 20 0 10 20 -34.046 40.805
4 16 20 -33.933 42.598 20 -34.046 40.805 20 0 10 20 -33.663 44.369
4 16 20 -33.238 46.107 20 -33.663 44.369 20 0 10 20 -32.659 47.802
4 16 20 -31.931 49.442 20 -32.659 47.802 20 0 10 20 -31.058 51.017
4 16 20 -30.046 52.519 20 -31.058 51.017 20 0 10 20 -28.9 53.937
4 16 20 -27.628 55.263 20 -28.9 53.937 20 0 10 20 -26.237 56.489
4 16 20 -24.736 57.607 20 -26.237 56.489 20 0 10 20 -23.135 58.611
4 16 20 -21.443 59.493 20 -23.135 58.611 20 0 10 20 -19.671 60.249
4 16 20 -17.829 60.874 20 -19.671 60.249 20 0 10 20 -15.929 61.365
4 16 20 -13.983 61.717 20 -15.929 61.365 20 0 10 20 -12.003 61.929
4 16 20 -10 62 20 -12.003 61.929 20 0 10 20 -7.988 61.929
4 16 20 -5.978 61.717 20 -7.988 61.929 20 0 10 20 -3.983 61.365
4 16 20 -2.016 60.874 20 -3.983 61.365 20 0 10 20 -0.088 60.249
3 16 20 -0.088 60.249 20 0 10 20 0 60.217
0 // belly outside plane
4 16 20 0 -10 20 12 -19 20 12.377 -17 20 12.869 -14
4 16 20 0 -10 20 12.869 -14 20 13.273 -11 20 13.589 -8
4 16 20 0 -10 20 13.589 -8 20 13.817 -5 20 13.956 -2
4 16 20 0 -10 20 13.956 -2 20 14.007 1 20 13.97 4
4 16 20 0 10 20 0 -10 20 13.97 4 20 13.845 7
4 16 20 0 10 20 13.845 7 20 13.632 10 20 13.33 13
4 16 20 0 10 20 13.33 13 20 12.941 16 20 12.463 19
4 16 20 0 10 20 12.463 19 20 11.897 22 20 11.242 25
4 16 20 0 10 20 11.242 25 20 10.707 27 20 10.41 28
0 // front leg outside plane
4 16 20 57 -35 20 50.009 -54.086 20 51 -55 20 57 -55
3 16 20 48.882 -53.188 20 50.009 -54.086 20 57 -35
3 16 20 47.636 -52.321 20 48.882 -53.188 20 57 -35
3 16 20 46.294 -51.5 20 47.636 -52.321 20 57 -35
3 16 20 44.879 -50.739 20 46.294 -51.5 20 57 -35
3 16 20 43.414 -50.05 20 44.879 -50.739 20 57 -35
3 16 20 41.925 -49.447 20 43.414 -50.05 20 57 -35
4 16 20 57 -35 20 12 -22 20 40.438 -48.938 20 41.925 -49.447
3 16 20 38.977 -48.533 20 40.438 -48.938 20 12 -22
3 16 20 37.568 -48.239 20 38.977 -48.533 20 12 -22
3 16 20 36.235 -48.06 20 37.568 -48.239 20 12 -22
3 16 20 35 -48 20 36.235 -48.06 20 12 -22
4 16 20 12 -22 20 11 -43 20 28 -48 20 35 -48
4 16 20 0 -10 20 9.93 -42.731 20 11 -43 20 11.7 -21.7
3 16 20 9.93 -42.731 20 0 -10 20 8.795 -42.53
3 16 20 0 -10 20 7.636 -42.407 20 8.795 -42.53
3 16 20 0 -10 20 6.5 -42.366 20 7.636 -42.407
3 16 20 0 -10 20 5.429 -42.366 20 6.5 -42.366
3 16 20 0 -10 20 4.465 -42.366 20 5.429 -42.366
3 16 20 0 -10 20 3.645 -42.366 20 4.465 -42.366
3 16 20 0 -10 20 3 -42.366 20 3.645 -42.366
3 16 20 12 -22 20 11.7 -21.7 20 11 -43
3 16 20 0 -10 20 11.7 -21.7 20 11.55 -21.3
0 // belly outside plane
4 16 20 0 -10 20 11.55 -21.3 20 11.6 -21 20 11.627 -20.8
4 16 20 0 -10 20 11.627 -20.8 20 11.755 -20.2 20 12 -19
4 16 20 0 10 20 10.41 28 20 10.093 29 20 9.757 30
3 16 20 9.757 30 20 9.401 31 20 0 10
3 16 20 9.401 31 20 9.4 31.5 20 0 10
4 16 20 0 60.217 20 0 10 20 9.4 31.5 20 1.544 59.827
0 // rear leg outside plane
4 16 20 1.544 59.827 20 9.4 31.5 20 9.7 32 20 3.322 59.586
4 16 20 26 65 20 23.928 63.945 20 9.7 32 20 35 47
3 16 20 23.928 63.945 20 21.706 62.968 20 9.7 32
3 16 20 21.706 62.968 20 19.373 62.087 20 9.7 32
3 16 20 19.373 62.087 20 16.967 61.316 20 9.7 32
3 16 20 16.967 61.316 20 14.53 60.668 20 9.7 32
3 16 20 14.53 60.668 20 12.104 60.155 20 9.7 32
3 16 20 12.104 60.155 20 9.731 59.785 20 9.7 32
3 16 20 9.731 59.785 20 7.45 59.565 20 9.7 32
3 16 20 7.45 59.565 20 5.302 59.498 20 9.7 32
3 16 20 5.302 59.498 20 3.322 59.586 20 9.7 32
3 16 20 35 47 20 36.204 47.623 20 26 65
3 16 20 36.204 47.623 20 37.512 48.112 20 26 65
3 16 20 37.512 48.112 20 38.9 48.457 20 26 65
3 16 20 38.9 48.457 20 40.346 48.654 20 26 65
3 16 20 40.346 48.654 20 41.825 48.698 20 26 65
3 16 20 41.825 48.698 20 43.311 48.589 20 26 65
3 16 20 43.311 48.589 20 44.778 48.329 20 26 65
3 16 20 44.778 48.329 20 46.203 47.922 20 26 65
3 16 20 46.203 47.922 20 47.559 47.375 20 26 65
4 16 20 26 65 20 47.559 47.375 20 48.825 46.698 20 57 65
3 16 20 48.825 46.698 20 49.979 45.901 20 57 65
4 16 20 57 65 20 49.979 45.901 20 51 45 20 57 45
0 // breast outside side frame
3 16 20 1.778 -42.366 20 3 -42.366 20 0 -10
3 16 20 0.556 -42.366 20 1.778 -42.366 20 0 -10
3 16 20 -0.667 -42.366 20 0.556 -42.366 20 0 -10
3 16 20 -1.889 -42.366 20 -0.667 -42.366 20 0 -10
3 16 20 -3.111 -42.366 20 -1.889 -42.366 20 0 -10
3 16 20 -4.333 -42.366 20 -3.111 -42.366 20 0 -10
3 16 20 -5.556 -42.366 20 -4.333 -42.366 20 0 -10
3 16 20 -6.778 -42.366 20 -5.556 -42.366 20 0 -10
4 16 20 -8 -42.366 20 -6.778 -42.366 20 0 -10 20 -9.254 -42.341
4 16 20 0 -10 20 -11.716 -42.142 20 -10.493 -42.266 20 -9.254 -42.341
4 16 20 0 -10 20 -14.105 -41.744 20 -12.921 -41.968 20 -11.716 -42.142
4 16 20 0 -10 20 -16.407 -41.151 20 -15.268 -41.472 20 -14.105 -41.744
4 16 20 0 -10 20 -18.607 -40.366 20 -17.521 -40.782 20 -16.407 -41.151
4 16 20 0 -10 20 -20.692 -39.393 20 -19.665 -39.902 20 -18.607 -40.366
4 16 20 0 -10 20 -22.649 -38.239 20 -21.687 -38.838 20 -20.692 -39.393
4 16 20 0 -10 20 -24.465 -36.911 20 -23.575 -37.597 20 -22.649 -38.239
4 16 20 0 -10 20 -26.131 -35.418 20 -25.318 -36.185 20 -24.465 -36.911
4 16 20 0 -10 20 -27.634 -33.767 20 -26.903 -34.611 20 -26.131 -35.418
4 16 20 0 -10 20 -28.967 -31.97 20 -28.322 -32.886 20 -27.634 -33.767
4 16 20 0 -10 20 -30.12 -30.038 20 -29.566 -31.02 20 -28.967 -31.97
4 16 20 0 -10 20 -31.087 -27.982 20 -30.627 -29.024 20 -30.12 -30.038
4 16 20 0 -10 20 -31.862 -25.815 20 -31.499 -26.911 20 -31.087 -27.982
4 16 20 0 -10 20 -32.44 -23.55 20 -32.176 -24.694 20 -31.862 -25.815
4 16 20 0 -10 20 -32.817 -21.202 20 -32.654 -22.386 20 -32.44 -23.55
4 16 20 0 -10 20 -32.991 -18.785 20 -32.93 -20.002 20 -32.817 -21.202
4 16 20 0 -10 20 -32.962 -16.314 20 -33.002 -17.556 20 -32.991 -18.785
4 16 20 0 -10 20 -32.729 -13.804 20 -32.871 -15.063 20 -32.962 -16.314
4 16 20 0 -10 20 -32.293 -11.271 20 -32.536 -12.539 20 -32.729 -13.804
3 16 20 -32 -10 20 -32.293 -11.271 20 0 -10
0 // breast outside lower plane
3 16 20 6.5 -42.366 20 5.429 -42.366 19.966 5.429 -42.378
3 16 19.966 5.429 -42.378 20 5.429 -42.366 20 4.465 -42.366
3 16 19.966 5.429 -42.378 20 4.465 -42.366 19.945 4.465 -42.415
3 16 19.945 4.465 -42.415 20 4.465 -42.366 20 3.645 -42.366
3 16 19.945 4.465 -42.415 20 3.645 -42.366 19.927 3.645 -42.476
3 16 19.927 3.645 -42.476 20 3.645 -42.366 20 3 -42.366
3 16 19.927 3.645 -42.476 20 3 -42.366 19.913 3 -42.556
3 16 19.913 3 -42.556 20 3 -42.366 20 1.778 -42.366
3 16 19.913 3 -42.556 20 1.778 -42.366 19.879 1.679 -42.811
3 16 19.879 1.679 -42.811 20 1.778 -42.366 20 0.556 -42.366
3 16 19.879 1.679 -42.811 20 0.556 -42.366 19.845 0.359 -43.066
3 16 19.845 0.359 -43.066 20 0.556 -42.366 20 -0.667 -42.366
3 16 19.845 0.359 -43.066 20 -0.667 -42.366 19.812 -0.962 -43.321
3 16 19.812 -0.962 -43.321 20 -0.667 -42.366 20 -1.889 -42.366
3 16 19.812 -0.962 -43.321 20 -1.889 -42.366 19.778 -2.282 -43.576
4 16 20 -1.889 -42.366 20 -3.111 -42.366 19.744 -3.603 -43.831 19.778 -2.282 -43.576
4 16 20 -3.111 -42.366 20 -4.333 -42.366 19.71 -4.923 -44.086 19.744 -3.603 -43.831
4 16 20 -4.333 -42.366 20 -5.556 -42.366 19.676 -6.244 -44.341 19.71 -4.923 -44.086
4 16 20 -5.556 -42.366 20 -6.778 -42.366 19.643 -7.564 -44.596 19.676 -6.244 -44.341
4 16 20 -6.778 -42.366 20 -8 -42.366 19.609 -8.885 -44.851 19.643 -7.564 -44.596
4 16 20 -8 -42.366 20 -9.254 -42.341 19.575 -10.228 -45.089 19.609 -8.885 -44.851
4 16 20 -9.254 -42.341 20 -10.493 -42.266 19.531 -11.705 -45.249 19.575 -10.228 -45.089
4 16 20 -10.493 -42.266 20 -11.716 -42.142 19.485 -13.191 -45.308 19.531 -11.705 -45.249
3 16 19.485 -13.191 -45.308 20 -11.716 -42.142 20 -12.921 -41.968
4 16 19.438 -14.676 -45.262 19.485 -13.191 -45.308 20 -12.921 -41.968 20 -14.105 -41.744
3 16 20 -14.105 -41.744 19.391 -16.152 -45.112 19.438 -14.676 -45.262
4 16 20 -14.105 -41.744 20 -15.268 -41.472 19.391 -16.966 -44.922 19.391 -16.152 -45.112
3 16 20 -15.268 -41.472 20 -16.407 -41.151 19.391 -16.966 -44.922
4 16 19.345 -18.407 -44.634 19.391 -16.966 -44.922 20 -16.407 -41.151 20 -17.521 -40.782
4 16 19.299 -19.819 -44.243 19.345 -18.407 -44.634 20 -17.521 -40.782 20 -18.607 -40.366
3 16 19.299 -19.819 -44.243 20 -18.607 -40.366 19.254 -21.194 -43.751
4 16 20 -18.607 -40.366 20 -19.665 -39.902 19.254 -21.934 -43.427 19.254 -21.194 -43.751
3 16 19.254 -21.934 -43.427 20 -19.665 -39.902 20 -20.692 -39.393
3 16 19.254 -21.934 -43.427 20 -20.692 -39.393 19.211 -23.243 -42.805
3 16 19.211 -23.243 -42.805 20 -20.692 -39.393 20 -21.687 -38.838
3 16 19.211 -23.243 -42.805 20 -21.687 -38.838 19.171 -24.496 -42.088
4 16 20 -21.687 -38.838 20 -22.649 -38.239 19.171 -25.17 -41.669 19.171 -24.496 -42.088
4 16 20 -22.649 -38.239 20 -23.575 -37.597 19.163 -26.336 -40.833 19.171 -25.17 -41.669
4 16 20 -23.575 -37.597 20 -24.465 -36.911 19.195 -27.433 -39.913 19.163 -26.336 -40.833
4 16 20 -24.465 -36.911 20 -25.318 -36.185 19.231 -28.452 -38.915 19.195 -27.433 -39.913
4 16 20 -25.318 -36.185 20 -26.131 -35.418 19.231 -29.021 -38.378 19.231 -28.452 -38.915
4 16 20 -26.131 -35.418 20 -26.903 -34.611 19.27 -29.93 -37.282 19.231 -29.021 -38.378
4 16 20 -26.903 -34.611 20 -27.634 -33.767 19.27 -30.441 -36.691 19.27 -29.93 -37.282
4 16 20 -27.634 -33.767 20 -28.322 -32.886 19.311 -31.231 -35.507 19.27 -30.441 -36.691
4 16 20 -28.322 -32.886 20 -28.967 -31.97 19.354 -31.926 -34.267 19.311 -31.231 -35.507
4 16 20 -28.967 -31.97 20 -29.566 -31.02 19.399 -32.525 -32.981 19.354 -31.926 -34.267
4 16 20 -29.566 -31.02 20 -30.12 -30.038 19.399 -32.912 -32.293 19.399 -32.525 -32.981
4 16 20 -30.12 -30.038 20 -30.627 -29.024 19.446 -33.377 -30.947 19.399 -32.912 -32.293
4 16 20 -30.627 -29.024 20 -31.087 -27.982 19.493 -33.74 -29.572 19.446 -33.377 -30.947
4 16 20 -31.087 -27.982 20 -31.499 -26.911 19.54 -33.998 -28.177 19.493 -33.74 -29.572
4 16 20 -31.499 -26.911 20 -31.862 -25.815 19.586 -34.153 -26.77 19.54 -33.998 -28.177
3 16 20 -31.862 -25.815 20 -32.176 -24.694 19.627 -34.148 -25.416
3 16 20 -31.862 -25.815 19.627 -34.148 -25.416 19.586 -34.153 -26.77
3 16 20 -32.176 -24.694 20 -32.44 -23.55 19.669 -34.108 -24.045
3 16 20 -32.176 -24.694 19.669 -34.108 -24.045 19.627 -34.148 -25.416
3 16 20 -32.44 -23.55 20 -32.654 -22.386 19.71 -34.033 -22.66
3 16 20 -32.44 -23.55 19.71 -34.033 -22.66 19.669 -34.108 -24.045
3 16 20 -32.654 -22.386 20 -32.817 -21.202 19.752 -33.922 -21.262
3 16 20 -32.654 -22.386 19.752 -33.922 -21.262 19.71 -34.033 -22.66
4 16 20 -32.817 -21.202 20 -32.93 -20.002 19.752 -34.001 -20.421 19.752 -33.922 -21.262
3 16 20 -32.93 -20.002 20 -32.991 -18.785 19.793 -33.819 -19
3 16 20 -32.93 -20.002 19.793 -33.819 -19 19.752 -34.001 -20.421
3 16 20 -32.991 -18.785 20 -33.002 -17.556 19.834 -33.602 -17.569
3 16 20 -32.991 -18.785 19.834 -33.602 -17.569 19.793 -33.819 -19
4 16 20 -33.002 -17.556 20 -32.962 -16.314 19.834 -33.573 -16.7 19.834 -33.602 -17.569
3 16 20 -32.962 -16.314 20 -32.871 -15.063 19.876 -33.284 -15.254
3 16 20 -32.962 -16.314 19.876 -33.284 -15.254 19.834 -33.573 -16.7
3 16 20 -32.871 -15.063 20 -32.729 -13.804 19.917 -32.96 -13.803
3 16 20 -32.871 -15.063 19.917 -32.96 -13.803 19.876 -33.284 -15.254
3 16 20 -32.729 -13.804 20 -32.536 -12.539 19.917 -32.96 -13.803
3 16 20 -32.536 -12.539 19.959 -32.6 -12.348 19.917 -32.96 -13.803
4 16 20 -32.536 -12.539 20 -32.293 -11.271 19.959 -32.43 -11.459 19.959 -32.6 -12.348
3 16 19.959 -32.43 -11.459 20 -32.293 -11.271 20 -32 -10
0 // breast outside middle plane
3 16 20 7.636 -42.407 20 6.5 -42.366 19.946 6.5 -42.366
3 16 20 6.5 -42.366 19.966 5.429 -42.378 19.946 6.5 -42.366
3 16 19.966 5.429 -42.378 19.829 5.429 -42.395 19.946 6.5 -42.366
3 16 19.966 5.429 -42.378 19.945 4.465 -42.415 19.829 5.429 -42.395
3 16 19.945 4.465 -42.415 19.724 4.465 -42.481 19.829 5.429 -42.395
3 16 19.945 4.465 -42.415 19.927 3.645 -42.476 19.724 4.465 -42.481
3 16 19.927 3.645 -42.476 19.635 3.645 -42.622 19.724 4.465 -42.481
3 16 19.927 3.645 -42.476 19.913 3 -42.556 19.635 3.645 -42.622
3 16 19.913 3 -42.556 19.564 3 -42.81 19.635 3.645 -42.622
3 16 19.913 3 -42.556 19.879 1.679 -42.811 19.564 3 -42.81
3 16 19.879 1.679 -42.811 19.395 1.548 -43.405 19.564 3 -42.81
3 16 19.879 1.679 -42.811 19.845 0.359 -43.066 19.395 1.548 -43.405
3 16 19.845 0.359 -43.066 19.227 0.097 -44 19.395 1.548 -43.405
3 16 19.845 0.359 -43.066 19.812 -0.962 -43.321 19.227 0.097 -44
3 16 19.812 -0.962 -43.321 19.058 -1.355 -44.595 19.227 0.097 -44
3 16 19.812 -0.962 -43.321 19.778 -2.282 -43.576 19.058 -1.355 -44.595
3 16 19.778 -2.282 -43.576 18.889 -2.807 -45.19 19.058 -1.355 -44.595
3 16 19.778 -2.282 -43.576 19.744 -3.603 -43.831 18.889 -2.807 -45.19
3 16 19.744 -3.603 -43.831 18.72 -4.258 -45.785 18.889 -2.807 -45.19
3 16 19.744 -3.603 -43.831 19.71 -4.923 -44.086 18.72 -4.258 -45.785
3 16 19.71 -4.923 -44.086 18.551 -5.71 -46.38 18.72 -4.258 -45.785
3 16 19.71 -4.923 -44.086 19.676 -6.244 -44.341 18.551 -5.71 -46.38
3 16 19.676 -6.244 -44.341 18.382 -7.162 -46.975 18.551 -5.71 -46.38
3 16 19.676 -6.244 -44.341 19.643 -7.564 -44.596 18.382 -7.162 -46.975
3 16 19.643 -7.564 -44.596 18.213 -8.613 -47.57 18.382 -7.162 -46.975
3 16 19.643 -7.564 -44.596 19.609 -8.885 -44.851 18.213 -8.613 -47.57
3 16 19.609 -8.885 -44.851 18.044 -10.065 -48.165 18.213 -8.613 -47.57
3 16 19.609 -8.885 -44.851 19.575 -10.228 -45.089 18.044 -10.065 -48.165
3 16 19.575 -10.228 -45.089 17.875 -11.526 -48.752 18.044 -10.065 -48.165
3 16 19.575 -10.228 -45.089 19.531 -11.705 -45.249 17.875 -11.526 -48.752
4 16 17.654 -13.322 -49.227 17.875 -11.526 -48.752 19.531 -11.705 -45.249 19.485 -13.191 -45.308
4 16 17.425 -15.159 -49.529 17.654 -13.322 -49.227 19.485 -13.191 -45.308 19.438 -14.676 -45.262
4 16 17.192 -17.017 -49.655 17.425 -15.159 -49.529 19.438 -14.676 -45.262 19.391 -16.152 -45.112
3 16 19.391 -16.152 -45.112 16.957 -18.881 -49.604 17.192 -17.017 -49.655
4 16 19.391 -16.152 -45.112 19.391 -16.966 -44.922 16.957 -19.23 -49.522 16.957 -18.881 -49.604
3 16 19.391 -16.966 -44.922 19.345 -18.407 -44.634 16.957 -19.23 -49.522
3 16 19.345 -18.407 -44.634 16.723 -21.073 -49.277 16.957 -19.23 -49.522
3 16 19.345 -18.407 -44.634 19.299 -19.819 -44.243 16.723 -21.073 -49.277
3 16 19.299 -19.819 -44.243 16.493 -22.883 -48.857 16.723 -21.073 -49.277
3 16 19.299 -19.819 -44.243 19.254 -21.194 -43.751 16.493 -22.883 -48.857
3 16 19.254 -21.194 -43.751 16.27 -24.643 -48.265 16.493 -22.883 -48.857
4 16 19.254 -21.194 -43.751 19.254 -21.934 -43.427 16.27 -24.96 -48.126 16.27 -24.643 -48.265
3 16 19.254 -21.934 -43.427 19.211 -23.243 -42.805 16.27 -24.96 -48.126
3 16 19.211 -23.243 -42.805 16.056 -26.643 -47.353 16.27 -24.96 -48.126
3 16 19.211 -23.243 -42.805 19.171 -24.496 -42.088 16.056 -26.643 -47.353
3 16 19.171 -24.496 -42.088 15.854 -28.242 -46.421 16.056 -26.643 -47.353
4 16 19.171 -24.496 -42.088 19.171 -25.17 -41.669 15.854 -28.53 -46.241 15.854 -28.242 -46.421
3 16 19.171 -25.17 -41.669 19.163 -26.336 -40.833 15.854 -28.53 -46.241
4 16 15.817 -30.017 -45.148 15.854 -28.53 -46.241 19.163 -26.336 -40.833 19.195 -27.433 -39.913
3 16 15.977 -31.389 -43.915 15.817 -30.017 -45.148 19.195 -27.433 -39.913
3 16 19.231 -28.452 -38.915 16.155 -32.631 -42.556 19.195 -27.433 -39.913
3 16 16.155 -32.631 -42.556 15.977 -31.389 -43.915 19.195 -27.433 -39.913
4 16 19.231 -28.452 -38.915 19.231 -29.021 -38.378 16.155 -32.875 -42.326 16.155 -32.631 -42.556
3 16 19.27 -29.93 -37.282 16.348 -33.965 -40.844 19.231 -29.021 -38.378
3 16 16.348 -33.965 -40.844 16.155 -32.875 -42.326 19.231 -29.021 -38.378
4 16 19.27 -29.93 -37.282 19.27 -30.441 -36.691 16.348 -34.185 -40.591 16.348 -33.965 -40.844
4 16 16.554 -35.109 -39.001 19.27 -30.441 -36.691 19.311 -31.231 -35.507 16.772 -35.873 -37.329
3 16 19.27 -30.441 -36.691 16.554 -35.109 -39.001 16.348 -34.185 -40.591
4 16 16.772 -35.873 -37.329 19.311 -31.231 -35.507 19.354 -31.926 -34.267 16.997 -36.469 -35.595
3 16 19.399 -32.525 -32.981 16.997 -36.469 -35.595 19.354 -31.926 -34.267
4 16 19.399 -32.525 -32.981 19.399 -32.912 -32.293 16.997 -36.636 -35.3 16.997 -36.469 -35.595
4 16 17.229 -37.045 -33.51 19.399 -32.912 -32.293 19.446 -33.377 -30.947 17.463 -37.277 -31.692
3 16 16.997 -36.636 -35.3 19.399 -32.912 -32.293 17.229 -37.045 -33.51
3 16 17.463 -37.277 -31.692 19.446 -33.377 -30.947 19.493 -33.74 -29.572
3 16 19.54 -33.998 -28.177 17.698 -37.331 -29.864 19.493 -33.74 -29.572
3 16 17.698 -37.331 -29.864 17.463 -37.277 -31.692 19.493 -33.74 -29.572
4 16 19.54 -33.998 -28.177 19.586 -34.153 -26.77 17.93 -37.209 -28.044 17.698 -37.331 -29.864
3 16 19.627 -34.148 -25.416 18.137 -36.778 -26.378 19.586 -34.153 -26.77
3 16 18.137 -36.778 -26.378 17.93 -37.209 -28.044 19.586 -34.153 -26.77
3 16 19.669 -34.108 -24.045 18.344 -36.332 -24.705 19.627 -34.148 -25.416
3 16 18.344 -36.332 -24.705 18.137 -36.778 -26.378 19.627 -34.148 -25.416
3 16 19.71 -34.033 -22.66 18.551 -35.871 -23.026 19.669 -34.108 -24.045
3 16 18.551 -35.871 -23.026 18.344 -36.332 -24.705 19.669 -34.108 -24.045
3 16 19.752 -33.922 -21.262 18.758 -35.395 -21.341 19.71 -34.033 -22.66
3 16 18.758 -35.395 -21.341 18.551 -35.871 -23.026 19.71 -34.033 -22.66
4 16 19.752 -33.922 -21.262 19.752 -34.001 -20.421 18.758 -35.429 -20.98 18.758 -35.395 -21.341
3 16 19.793 -33.819 -19 18.965 -34.922 -19.286 19.752 -34.001 -20.421
3 16 18.965 -34.922 -19.286 18.758 -35.429 -20.98 19.752 -34.001 -20.421
3 16 19.834 -33.602 -17.569 19.172 -34.401 -17.587 19.793 -33.819 -19
3 16 19.172 -34.401 -17.587 18.965 -34.922 -19.286 19.793 -33.819 -19
4 16 19.834 -33.602 -17.569 19.834 -33.573 -16.7 19.172 -34.389 -17.214 19.172 -34.401 -17.587
3 16 19.876 -33.284 -15.254 19.379 -33.836 -15.509 19.834 -33.573 -16.7
3 16 19.379 -33.836 -15.509 19.172 -34.389 -17.214 19.834 -33.573 -16.7
3 16 19.917 -32.96 -13.803 19.586 -33.269 -13.801 19.876 -33.284 -15.254
3 16 19.586 -33.269 -13.801 19.379 -33.836 -15.509 19.876 -33.284 -15.254
3 16 19.959 -32.6 -12.348 19.586 -33.269 -13.801 19.917 -32.96 -13.803
3 16 19.793 -32.686 -12.092 19.586 -33.269 -13.801 19.959 -32.6 -12.348
4 16 19.959 -32.6 -12.348 19.959 -32.43 -11.459 19.793 -32.613 -11.711 19.793 -32.686 -12.092
3 16 20 -32 -10 19.793 -32.613 -11.711 19.959 -32.43 -11.459
0 // breast outside upper plane
3 16 20 7.636 -42.407 19.946 6.5 -42.366 19.891 6.5 -42.366
3 16 19.946 6.5 -42.366 19.829 5.429 -42.395 19.891 6.5 -42.366
3 16 19.829 5.429 -42.395 19.658 5.429 -42.407 19.891 6.5 -42.366
3 16 19.829 5.429 -42.395 19.724 4.465 -42.481 19.658 5.429 -42.407
3 16 19.724 4.465 -42.481 19.448 4.465 -42.53 19.658 5.429 -42.407
3 16 19.724 4.465 -42.481 19.635 3.645 -42.622 19.448 4.465 -42.53
3 16 19.635 3.645 -42.622 19.269 3.645 -42.731 19.448 4.465 -42.53
3 16 19.635 3.645 -42.622 19.564 3 -42.81 19.269 3.645 -42.731
3 16 19.564 3 -42.81 19.128 3 -43 19.269 3.645 -42.731
3 16 19.395 1.548 -43.405 19.128 3 -43 19.564 3 -42.81
3 16 18.79 1.45 -43.85 19.128 3 -43 19.395 1.548 -43.405
3 16 19.227 0.097 -44 18.79 1.45 -43.85 19.395 1.548 -43.405
3 16 18.453 -0.1 -44.7 18.79 1.45 -43.85 19.227 0.097 -44
3 16 19.058 -1.355 -44.595 18.453 -0.1 -44.7 19.227 0.097 -44
3 16 18.115 -1.65 -45.55 18.453 -0.1 -44.7 19.058 -1.355 -44.595
3 16 18.889 -2.807 -45.19 18.115 -1.65 -45.55 19.058 -1.355 -44.595
3 16 17.777 -3.2 -46.4 18.115 -1.65 -45.55 18.889 -2.807 -45.19
3 16 18.72 -4.258 -45.785 17.777 -3.2 -46.4 18.889 -2.807 -45.19
3 16 17.439 -4.75 -47.25 17.777 -3.2 -46.4 18.72 -4.258 -45.785
3 16 18.551 -5.71 -46.38 17.439 -4.75 -47.25 18.72 -4.258 -45.785
3 16 17.101 -6.3 -48.1 17.439 -4.75 -47.25 18.551 -5.71 -46.38
3 16 18.382 -7.162 -46.975 17.101 -6.3 -48.1 18.551 -5.71 -46.38
3 16 16.763 -7.85 -48.95 17.101 -6.3 -48.1 18.382 -7.162 -46.975
3 16 18.213 -8.613 -47.57 16.763 -7.85 -48.95 18.382 -7.162 -46.975
3 16 16.426 -9.4 -49.8 16.763 -7.85 -48.95 18.213 -8.613 -47.57
3 16 18.044 -10.065 -48.165 16.426 -9.4 -49.8 18.213 -8.613 -47.57
3 16 16.088 -10.95 -50.65 16.426 -9.4 -49.8 18.044 -10.065 -48.165
3 16 17.875 -11.526 -48.752 16.088 -10.95 -50.65 18.044 -10.065 -48.165
3 16 15.75 -12.5 -51.5 16.088 -10.95 -50.65 17.875 -11.526 -48.752
3 16 17.654 -13.322 -49.227 15.75 -12.5 -51.5 17.875 -11.526 -48.752
3 16 15.307 -14.534 -52.21 15.75 -12.5 -51.5 17.654 -13.322 -49.227
3 16 17.425 -15.159 -49.529 15.307 -14.534 -52.21 17.654 -13.322 -49.227
3 16 14.849 -16.634 -52.695 15.307 -14.534 -52.21 17.425 -15.159 -49.529
3 16 17.192 -17.017 -49.655 14.849 -16.634 -52.695 17.425 -15.159 -49.529
3 16 14.383 -18.773 -52.95 14.849 -16.634 -52.695 17.192 -17.017 -49.655
3 16 16.957 -18.881 -49.604 14.383 -18.773 -52.95 17.192 -17.017 -49.655
3 16 13.913 -20.928 -52.972 14.383 -18.773 -52.95 16.957 -18.881 -49.604
3 16 16.957 -19.23 -49.522 13.913 -20.928 -52.972 16.957 -18.881 -49.604
3 16 16.723 -21.073 -49.277 13.913 -20.928 -52.972 16.957 -19.23 -49.522
4 16 13.446 -23.072 -52.76 13.913 -20.928 -52.972 16.723 -21.073 -49.277 16.493 -22.883 -48.857
4 16 12.986 -25.181 -52.318 13.446 -23.072 -52.76 16.493 -22.883 -48.857 16.27 -24.643 -48.265
3 16 16.27 -24.643 -48.265 12.54 -27.23 -51.65 12.986 -25.181 -52.318
3 16 16.27 -24.643 -48.265 16.27 -24.96 -48.126 12.54 -27.23 -51.65
3 16 16.27 -24.96 -48.126 16.056 -26.643 -47.353 12.54 -27.23 -51.65
4 16 12.112 -29.194 -50.765 12.54 -27.23 -51.65 16.056 -26.643 -47.353 15.854 -28.242 -46.421
3 16 11.707 -31.051 -49.671 12.112 -29.194 -50.765 15.854 -28.242 -46.421
3 16 15.854 -28.53 -46.241 11.707 -31.051 -49.671 15.854 -28.242 -46.421
4 16 15.854 -28.53 -46.241 15.817 -30.017 -45.148 11.634 -32.778 -48.384 11.707 -31.051 -49.671
3 16 15.977 -31.389 -43.915 11.954 -34.356 -46.917 15.817 -30.017 -45.148
3 16 11.954 -34.356 -46.917 11.634 -32.778 -48.384 15.817 -30.017 -45.148
3 16 16.155 -32.631 -42.556 12.309 -35.766 -45.287 15.977 -31.389 -43.915
3 16 12.309 -35.766 -45.287 11.954 -34.356 -46.917 15.977 -31.389 -43.915
4 16 12.309 -35.766 -45.287 16.155 -32.631 -42.556 16.155 -32.875 -42.326 12.695 -36.992 -43.515
3 16 16.155 -32.875 -42.326 16.348 -33.965 -40.844 12.695 -36.992 -43.515
4 16 12.695 -36.992 -43.515 16.348 -33.965 -40.844 16.348 -34.185 -40.591 13.108 -38.018 -41.621
3 16 16.554 -35.109 -39.001 13.108 -38.018 -41.621 16.348 -34.185 -40.591
3 16 16.554 -35.109 -39.001 16.772 -35.873 -37.329 13.543 -38.833 -39.626
3 16 16.554 -35.109 -39.001 13.543 -38.833 -39.626 13.108 -38.018 -41.621
3 16 16.772 -35.873 -37.329 16.997 -36.469 -35.595 13.994 -39.428 -37.555
3 16 16.772 -35.873 -37.329 13.994 -39.428 -37.555 13.543 -38.833 -39.626
3 16 16.997 -36.469 -35.595 16.997 -36.636 -35.3 13.994 -39.428 -37.555
3 16 16.997 -36.636 -35.3 17.229 -37.045 -33.51 14.457 -39.795 -35.432
3 16 16.997 -36.636 -35.3 14.457 -39.795 -35.432 13.994 -39.428 -37.555
3 16 17.229 -37.045 -33.51 17.463 -37.277 -31.692 14.926 -39.93 -33.282
3 16 17.229 -37.045 -33.51 14.926 -39.93 -33.282 14.457 -39.795 -35.432
3 16 17.463 -37.277 -31.692 17.698 -37.331 -29.864 15.395 -39.831 -31.129
3 16 17.463 -37.277 -31.692 15.395 -39.831 -31.129 14.926 -39.93 -33.282
4 16 17.698 -37.331 -29.864 17.93 -37.209 -28.044 15.859 -39.5 -29 15.395 -39.831 -31.129
3 16 17.93 -37.209 -28.044 18.137 -36.778 -26.378 16.273 -38.75 -27.1
3 16 17.93 -37.209 -28.044 16.273 -38.75 -27.1 15.859 -39.5 -29
3 16 18.137 -36.778 -26.378 18.344 -36.332 -24.705 16.687 -38 -25.2
3 16 18.137 -36.778 -26.378 16.687 -38 -25.2 16.273 -38.75 -27.1
3 16 18.344 -36.332 -24.705 18.551 -35.871 -23.026 17.101 -37.25 -23.3
3 16 18.344 -36.332 -24.705 17.101 -37.25 -23.3 16.687 -38 -25.2
3 16 18.551 -35.871 -23.026 18.758 -35.395 -21.341 17.515 -36.5 -21.4
3 16 18.551 -35.871 -23.026 17.515 -36.5 -21.4 17.101 -37.25 -23.3
3 16 18.758 -35.395 -21.341 18.758 -35.429 -20.98 17.515 -36.5 -21.4
3 16 18.758 -35.429 -20.98 18.965 -34.922 -19.286 17.929 -35.75 -19.5
3 16 18.758 -35.429 -20.98 17.929 -35.75 -19.5 17.515 -36.5 -21.4
3 16 18.965 -34.922 -19.286 19.172 -34.401 -17.587 18.344 -35 -17.6
3 16 18.965 -34.922 -19.286 18.344 -35 -17.6 17.929 -35.75 -19.5
3 16 19.172 -34.401 -17.587 19.172 -34.389 -17.214 18.344 -35 -17.6
3 16 19.172 -34.389 -17.214 19.379 -33.836 -15.509 18.758 -34.25 -15.7
3 16 19.172 -34.389 -17.214 18.758 -34.25 -15.7 18.344 -35 -17.6
3 16 19.379 -33.836 -15.509 19.586 -33.269 -13.801 19.172 -33.5 -13.8
3 16 19.379 -33.836 -15.509 19.172 -33.5 -13.8 18.758 -34.25 -15.7
4 16 19.586 -33.269 -13.801 19.793 -32.686 -12.092 19.586 -32.75 -11.9 19.172 -33.5 -13.8
3 16 19.793 -32.686 -12.092 19.793 -32.613 -11.711 19.586 -32.75 -11.9
3 16 19.586 -32.75 -11.9 19.793 -32.613 -11.711 20 -32 -10
0 // condlines
5 24 20 6.5 -42.366 20 7.636 -42.407 20 0 -10 19.946 6.5 -42.366
5 24 20 5.429 -42.366 20 6.5 -42.366 20 0 -10 19.966 5.429 -42.378
5 24 20 4.465 -42.366 20 5.429 -42.366 20 0 -10 19.966 5.429 -42.378
5 24 20 3.645 -42.366 20 4.465 -42.366 20 0 -10 19.945 4.465 -42.415
5 24 20 3 -42.366 20 3.645 -42.366 20 0 -10 19.927 3.645 -42.476
5 24 20 1.778 -42.366 20 3 -42.366 20 0 -10 19.913 3 -42.556
5 24 20 0.556 -42.366 20 1.778 -42.366 20 0 -10 19.879 1.679 -42.811
5 24 20 -0.667 -42.366 20 0.556 -42.366 20 0 -10 19.845 0.359 -43.066
5 24 20 -1.889 -42.366 20 -0.667 -42.366 20 0 -10 19.812 -0.962 -43.321
5 24 20 -3.111 -42.366 20 -1.889 -42.366 20 0 -10 19.744 -3.603 -43.831
5 24 20 -4.333 -42.366 20 -3.111 -42.366 20 0 -10 19.71 -4.923 -44.086
5 24 20 -5.556 -42.366 20 -4.333 -42.366 20 0 -10 19.676 -6.244 -44.341
5 24 20 -6.778 -42.366 20 -5.556 -42.366 20 0 -10 19.643 -7.564 -44.596
5 24 20 -8 -42.366 20 -6.778 -42.366 20 0 -10 19.609 -8.885 -44.851
5 24 20 -9.254 -42.341 20 -8 -42.366 20 0 -10 19.575 -10.228 -45.089
5 24 20 -11.716 -42.142 20 -10.493 -42.266 20 0 -10 19.485 -13.191 -45.308
5 24 20 -10.493 -42.266 20 -9.254 -42.341 20 0 -10 19.531 -11.705 -45.249
5 24 20 -14.105 -41.744 20 -12.921 -41.968 20 0 -10 19.438 -14.676 -45.262
5 24 20 -12.921 -41.968 20 -11.716 -42.142 20 0 -10 19.485 -13.191 -45.308
5 24 20 -16.407 -41.151 20 -15.268 -41.472 20 0 -10 19.391 -16.966 -44.922
5 24 20 -15.268 -41.472 20 -14.105 -41.744 20 0 -10 19.391 -16.966 -44.922
5 24 20 -18.607 -40.366 20 -17.521 -40.782 20 0 -10 19.299 -19.819 -44.243
5 24 20 -17.521 -40.782 20 -16.407 -41.151 20 0 -10 19.345 -18.407 -44.634
5 24 20 -20.692 -39.393 20 -19.665 -39.902 20 0 -10 19.254 -21.934 -43.427
5 24 20 -19.665 -39.902 20 -18.607 -40.366 20 0 -10 19.254 -21.934 -43.427
5 24 20 -22.649 -38.239 20 -21.687 -38.838 20 0 -10 19.171 -25.17 -41.669
5 24 20 -21.687 -38.838 20 -20.692 -39.393 20 0 -10 19.211 -23.243 -42.805
5 24 20 -24.465 -36.911 20 -23.575 -37.597 20 0 -10 19.195 -27.433 -39.913
5 24 20 -23.575 -37.597 20 -22.649 -38.239 20 0 -10 19.163 -26.336 -40.833
5 24 20 -26.131 -35.418 20 -25.318 -36.185 20 0 -10 19.231 -29.021 -38.378
5 24 20 -25.318 -36.185 20 -24.465 -36.911 20 0 -10 19.231 -28.452 -38.915
5 24 20 -27.634 -33.767 20 -26.903 -34.611 20 0 -10 19.27 -30.441 -36.691
5 24 20 -26.903 -34.611 20 -26.131 -35.418 20 0 -10 19.27 -29.93 -37.282
5 24 20 -28.967 -31.97 20 -28.322 -32.886 20 0 -10 19.354 -31.926 -34.267
5 24 20 -28.322 -32.886 20 -27.634 -33.767 20 0 -10 19.311 -31.231 -35.507
5 24 20 -30.12 -30.038 20 -29.566 -31.02 20 0 -10 19.399 -32.912 -32.293
5 24 20 -29.566 -31.02 20 -28.967 -31.97 20 0 -10 19.399 -32.525 -32.981
5 24 20 -31.087 -27.982 20 -30.627 -29.024 20 0 -10 19.493 -33.74 -29.572
5 24 20 -30.627 -29.024 20 -30.12 -30.038 20 0 -10 19.446 -33.377 -30.947
5 24 20 -31.862 -25.815 20 -31.499 -26.911 20 0 -10 19.586 -34.153 -26.77
5 24 20 -31.499 -26.911 20 -31.087 -27.982 20 0 -10 19.54 -33.998 -28.177
5 24 20 -32.44 -23.55 20 -32.176 -24.694 20 0 -10 19.669 -34.108 -24.045
5 24 20 -32.176 -24.694 20 -31.862 -25.815 20 0 -10 19.627 -34.148 -25.416
5 24 20 -32.817 -21.202 20 -32.654 -22.386 20 0 -10 19.752 -33.922 -21.262
5 24 20 -32.654 -22.386 20 -32.44 -23.55 20 0 -10 19.71 -34.033 -22.66
5 24 20 -32.991 -18.785 20 -32.93 -20.002 20 0 -10 19.793 -33.819 -19
5 24 20 -32.93 -20.002 20 -32.817 -21.202 20 0 -10 19.752 -34.001 -20.421
5 24 20 -32.962 -16.314 20 -33.002 -17.556 20 0 -10 19.834 -33.573 -16.7
5 24 20 -33.002 -17.556 20 -32.991 -18.785 20 0 -10 19.834 -33.602 -17.569
5 24 20 -32.729 -13.804 20 -32.871 -15.063 20 0 -10 19.917 -32.96 -13.803
5 24 20 -32.871 -15.063 20 -32.962 -16.314 20 0 -10 19.876 -33.284 -15.254
5 24 20 -32.293 -11.271 20 -32.536 -12.539 20 0 -10 19.959 -32.43 -11.459
5 24 20 -32.536 -12.539 20 -32.729 -13.804 20 0 -10 19.917 -32.96 -13.803
5 24 20 -32 -10 20 -32.293 -11.271 20 0 -10 19.959 -32.43 -11.459
5 24 19.966 5.429 -42.378 20 6.5 -42.366 20 5.429 -42.366 19.946 6.5 -42.366
5 24 20 4.465 -42.366 19.966 5.429 -42.378 20 5.429 -42.366 19.945 4.465 -42.415
5 24 19.945 4.465 -42.415 19.966 5.429 -42.378 20 4.465 -42.366 19.829 5.429 -42.395
5 24 20 4.465 -42.366 19.945 4.465 -42.415 19.966 5.429 -42.378 20 3.645 -42.366
5 24 20 3.645 -42.366 19.945 4.465 -42.415 20 4.465 -42.366 19.927 3.645 -42.476
5 24 19.927 3.645 -42.476 19.945 4.465 -42.415 20 3.645 -42.366 19.724 4.465 -42.481
5 24 20 3.645 -42.366 19.927 3.645 -42.476 19.945 4.465 -42.415 20 3 -42.366
5 24 20 3 -42.366 19.927 3.645 -42.476 20 3.645 -42.366 19.913 3 -42.556
5 24 19.913 3 -42.556 19.927 3.645 -42.476 20 3 -42.366 19.635 3.645 -42.622
5 24 20 3 -42.366 19.913 3 -42.556 19.927 3.645 -42.476 20 1.778 -42.366
5 24 20 1.778 -42.366 19.913 3 -42.556 20 3 -42.366 19.879 1.679 -42.811
5 24 19.879 1.679 -42.811 19.913 3 -42.556 20 1.778 -42.366 19.564 3 -42.81
5 24 20 1.778 -42.366 19.879 1.679 -42.811 19.913 3 -42.556 20 0.556 -42.366
5 24 20 0.556 -42.366 19.879 1.679 -42.811 20 1.778 -42.366 19.845 0.359 -43.066
5 24 19.845 0.359 -43.066 19.879 1.679 -42.811 20 0.556 -42.366 19.395 1.548 -43.405
5 24 20 0.556 -42.366 19.845 0.359 -43.066 19.879 1.679 -42.811 20 -0.667 -42.366
5 24 20 -0.667 -42.366 19.845 0.359 -43.066 20 0.556 -42.366 19.812 -0.962 -43.321
5 24 19.812 -0.962 -43.321 19.845 0.359 -43.066 20 -0.667 -42.366 19.227 0.097 -44
5 24 20 -0.667 -42.366 19.812 -0.962 -43.321 19.845 0.359 -43.066 20 -1.889 -42.366
5 24 20 -1.889 -42.366 19.812 -0.962 -43.321 20 -0.667 -42.366 19.778 -2.282 -43.576
5 24 19.778 -2.282 -43.576 19.812 -0.962 -43.321 20 -1.889 -42.366 19.058 -1.355 -44.595
5 24 20 -1.889 -42.366 19.778 -2.282 -43.576 19.812 -0.962 -43.321 20 -3.111 -42.366
5 24 20 -3.111 -42.366 19.744 -3.603 -43.831 20 -1.889 -42.366 20 -4.333 -42.366
5 24 19.744 -3.603 -43.831 19.778 -2.282 -43.576 20 -1.889 -42.366 18.889 -2.807 -45.19
5 24 20 -4.333 -42.366 19.71 -4.923 -44.086 20 -3.111 -42.366 20 -5.556 -42.366
5 24 19.71 -4.923 -44.086 19.744 -3.603 -43.831 20 -3.111 -42.366 18.72 -4.258 -45.785
5 24 20 -5.556 -42.366 19.676 -6.244 -44.341 20 -4.333 -42.366 20 -6.778 -42.366
5 24 19.676 -6.244 -44.341 19.71 -4.923 -44.086 20 -4.333 -42.366 18.551 -5.71 -46.38
5 24 20 -6.778 -42.366 19.643 -7.564 -44.596 20 -5.556 -42.366 20 -8 -42.366
5 24 19.643 -7.564 -44.596 19.676 -6.244 -44.341 20 -5.556 -42.366 18.382 -7.162 -46.975
5 24 20 -8 -42.366 19.609 -8.885 -44.851 20 -6.778 -42.366 20 -9.254 -42.341
5 24 19.609 -8.885 -44.851 19.643 -7.564 -44.596 20 -6.778 -42.366 18.213 -8.613 -47.57
5 24 20 -9.254 -42.341 19.575 -10.228 -45.089 20 -8 -42.366 20 -10.493 -42.266
5 24 19.575 -10.228 -45.089 19.609 -8.885 -44.851 20 -8 -42.366 18.044 -10.065 -48.165
5 24 20 -10.493 -42.266 19.531 -11.705 -45.249 20 -9.254 -42.341 20 -11.716 -42.142
5 24 19.531 -11.705 -45.249 19.575 -10.228 -45.089 20 -9.254 -42.341 17.875 -11.526 -48.752
5 24 20 -11.716 -42.142 19.485 -13.191 -45.308 20 -10.493 -42.266 20 -12.921 -41.968
5 24 19.485 -13.191 -45.308 19.531 -11.705 -45.249 20 -10.493 -42.266 17.654 -13.322 -49.227
5 24 20 -12.921 -41.968 19.485 -13.191 -45.308 20 -11.716 -42.142 19.438 -14.676 -45.262
5 24 19.438 -14.676 -45.262 19.485 -13.191 -45.308 20 -12.921 -41.968 17.425 -15.159 -49.529
5 24 20 -14.105 -41.744 19.438 -14.676 -45.262 19.485 -13.191 -45.308 19.391 -16.152 -45.112
5 24 20 -14.105 -41.744 19.391 -16.152 -45.112 19.438 -14.676 -45.262 20 -15.268 -41.472
5 24 19.391 -16.152 -45.112 19.438 -14.676 -45.262 20 -14.105 -41.744 17.192 -17.017 -49.655
5 24 20 -15.268 -41.472 19.391 -16.966 -44.922 20 -14.105 -41.744 20 -16.407 -41.151
5 24 19.391 -16.966 -44.922 19.391 -16.152 -45.112 20 -14.105 -41.744 16.957 -19.23 -49.522
5 24 20 -16.407 -41.151 19.391 -16.966 -44.922 20 -15.268 -41.472 19.345 -18.407 -44.634
5 24 19.345 -18.407 -44.634 19.391 -16.966 -44.922 20 -16.407 -41.151 16.957 -19.23 -49.522
5 24 20 -17.521 -40.782 19.345 -18.407 -44.634 19.391 -16.966 -44.922 19.299 -19.819 -44.243
5 24 19.299 -19.819 -44.243 19.345 -18.407 -44.634 20 -17.521 -40.782 16.723 -21.073 -49.277
5 24 20 -18.607 -40.366 19.299 -19.819 -44.243 19.345 -18.407 -44.634 19.254 -21.194 -43.751
5 24 19.254 -21.194 -43.751 19.299 -19.819 -44.243 20 -18.607 -40.366 16.493 -22.883 -48.857
5 24 20 -18.607 -40.366 19.254 -21.194 -43.751 19.299 -19.819 -44.243 20 -19.665 -39.902
5 24 20 -19.665 -39.902 19.254 -21.934 -43.427 20 -18.607 -40.366 20 -20.692 -39.393
5 24 19.254 -21.934 -43.427 19.254 -21.194 -43.751 20 -18.607 -40.366 16.27 -24.96 -48.126
5 24 20 -20.692 -39.393 19.254 -21.934 -43.427 20 -19.665 -39.902 19.211 -23.243 -42.805
5 24 19.211 -23.243 -42.805 19.254 -21.934 -43.427 20 -20.692 -39.393 16.27 -24.96 -48.126
5 24 20 -20.692 -39.393 19.211 -23.243 -42.805 19.254 -21.934 -43.427 20 -21.687 -38.838
5 24 20 -21.687 -38.838 19.211 -23.243 -42.805 20 -20.692 -39.393 19.171 -24.496 -42.088
5 24 19.171 -24.496 -42.088 19.211 -23.243 -42.805 20 -21.687 -38.838 16.056 -26.643 -47.353
5 24 20 -21.687 -38.838 19.171 -24.496 -42.088 19.211 -23.243 -42.805 20 -22.649 -38.239
5 24 20 -22.649 -38.239 19.171 -25.17 -41.669 20 -21.687 -38.838 20 -23.575 -37.597
5 24 19.171 -25.17 -41.669 19.171 -24.496 -42.088 20 -21.687 -38.838 15.854 -28.53 -46.241
5 24 20 -23.575 -37.597 19.163 -26.336 -40.833 20 -22.649 -38.239 20 -24.465 -36.911
5 24 19.163 -26.336 -40.833 19.171 -25.17 -41.669 20 -22.649 -38.239 15.854 -28.53 -46.241
5 24 20 -24.465 -36.911 19.195 -27.433 -39.913 20 -23.575 -37.597 20 -25.318 -36.185
5 24 19.195 -27.433 -39.913 19.163 -26.336 -40.833 20 -23.575 -37.597 15.817 -30.017 -45.148
5 24 20 -25.318 -36.185 19.231 -28.452 -38.915 20 -24.465 -36.911 20 -26.131 -35.418
5 24 19.231 -28.452 -38.915 19.195 -27.433 -39.913 20 -24.465 -36.911 16.155 -32.631 -42.556
5 24 20 -26.131 -35.418 19.231 -29.021 -38.378 20 -25.318 -36.185 20 -26.903 -34.611
5 24 19.231 -29.021 -38.378 19.231 -28.452 -38.915 20 -25.318 -36.185 16.155 -32.875 -42.326
5 24 20 -26.903 -34.611 19.27 -29.93 -37.282 20 -26.131 -35.418 20 -27.634 -33.767
5 24 19.27 -29.93 -37.282 19.231 -29.021 -38.378 20 -26.131 -35.418 16.348 -33.965 -40.844
5 24 20 -27.634 -33.767 19.27 -30.441 -36.691 20 -26.903 -34.611 20 -28.322 -32.886
5 24 19.27 -30.441 -36.691 19.27 -29.93 -37.282 20 -26.903 -34.611 16.348 -34.185 -40.591
5 24 20 -28.322 -32.886 19.311 -31.231 -35.507 20 -27.634 -33.767 20 -28.967 -31.97
5 24 19.311 -31.231 -35.507 19.27 -30.441 -36.691 20 -27.634 -33.767 16.554 -35.109 -39.001
5 24 20 -28.967 -31.97 19.354 -31.926 -34.267 20 -28.322 -32.886 20 -29.566 -31.02
5 24 19.354 -31.926 -34.267 19.311 -31.231 -35.507 20 -28.322 -32.886 16.772 -35.873 -37.329
5 24 20 -29.566 -31.02 19.399 -32.525 -32.981 20 -28.967 -31.97 20 -30.12 -30.038
5 24 19.399 -32.525 -32.981 19.354 -31.926 -34.267 20 -28.967 -31.97 16.997 -36.469 -35.595
5 24 20 -30.12 -30.038 19.399 -32.912 -32.293 20 -29.566 -31.02 20 -30.627 -29.024
5 24 19.399 -32.912 -32.293 19.399 -32.525 -32.981 20 -29.566 -31.02 16.997 -36.636 -35.3
5 24 20 -30.627 -29.024 19.446 -33.377 -30.947 20 -30.12 -30.038 20 -31.087 -27.982
5 24 19.446 -33.377 -30.947 19.399 -32.912 -32.293 20 -30.12 -30.038 17.229 -37.045 -33.51
5 24 20 -31.087 -27.982 19.493 -33.74 -29.572 20 -30.627 -29.024 20 -31.499 -26.911
5 24 19.493 -33.74 -29.572 19.446 -33.377 -30.947 20 -30.627 -29.024 17.463 -37.277 -31.692
5 24 20 -31.499 -26.911 19.54 -33.998 -28.177 20 -31.087 -27.982 20 -31.862 -25.815
5 24 19.54 -33.998 -28.177 19.493 -33.74 -29.572 20 -31.087 -27.982 17.698 -37.331 -29.864
5 24 20 -31.862 -25.815 19.586 -34.153 -26.77 20 -31.499 -26.911 19.627 -34.148 -25.416
5 24 19.586 -34.153 -26.77 19.54 -33.998 -28.177 20 -31.499 -26.911 17.93 -37.209 -28.044
5 24 19.627 -34.148 -25.416 20 -31.862 -25.815 20 -32.176 -24.694 19.586 -34.153 -26.77
5 24 20 -32.176 -24.694 19.627 -34.148 -25.416 20 -31.862 -25.815 19.669 -34.108 -24.045
5 24 19.627 -34.148 -25.416 19.586 -34.153 -26.77 20 -31.862 -25.815 18.137 -36.778 -26.378
5 24 19.669 -34.108 -24.045 20 -32.176 -24.694 20 -32.44 -23.55 19.627 -34.148 -25.416
5 24 20 -32.44 -23.55 19.669 -34.108 -24.045 20 -32.176 -24.694 19.71 -34.033 -22.66
5 24 19.669 -34.108 -24.045 19.627 -34.148 -25.416 20 -32.176 -24.694 18.344 -36.332 -24.705
5 24 19.71 -34.033 -22.66 20 -32.44 -23.55 20 -32.654 -22.386 19.669 -34.108 -24.045
5 24 20 -32.654 -22.386 19.71 -34.033 -22.66 20 -32.44 -23.55 19.752 -33.922 -21.262
5 24 19.71 -34.033 -22.66 19.669 -34.108 -24.045 20 -32.44 -23.55 18.551 -35.871 -23.026
5 24 19.752 -33.922 -21.262 20 -32.654 -22.386 20 -32.817 -21.202 19.71 -34.033 -22.66
5 24 20 -32.817 -21.202 19.752 -33.922 -21.262 20 -32.654 -22.386 20 -32.93 -20.002
5 24 19.752 -33.922 -21.262 19.71 -34.033 -22.66 20 -32.654 -22.386 18.758 -35.395 -21.341
5 24 20 -32.93 -20.002 19.752 -34.001 -20.421 20 -32.817 -21.202 19.793 -33.819 -19
5 24 19.752 -34.001 -20.421 19.752 -33.922 -21.262 20 -32.817 -21.202 18.758 -35.429 -20.98
5 24 19.793 -33.819 -19 20 -32.93 -20.002 20 -32.991 -18.785 19.752 -34.001 -20.421
5 24 20 -32.991 -18.785 19.793 -33.819 -19 20 -32.93 -20.002 19.834 -33.602 -17.569
5 24 19.793 -33.819 -19 19.752 -34.001 -20.421 20 -32.93 -20.002 18.965 -34.922 -19.286
5 24 19.834 -33.602 -17.569 20 -32.991 -18.785 20 -33.002 -17.556 19.793 -33.819 -19
5 24 20 -33.002 -17.556 19.834 -33.602 -17.569 20 -32.991 -18.785 20 -32.962 -16.314
5 24 19.834 -33.602 -17.569 19.793 -33.819 -19 20 -32.991 -18.785 19.172 -34.401 -17.587
5 24 20 -32.962 -16.314 19.834 -33.573 -16.7 20 -33.002 -17.556 19.876 -33.284 -15.254
5 24 19.834 -33.573 -16.7 19.834 -33.602 -17.569 20 -33.002 -17.556 19.172 -34.389 -17.214
5 24 19.876 -33.284 -15.254 20 -32.962 -16.314 20 -32.871 -15.063 19.834 -33.573 -16.7
5 24 20 -32.871 -15.063 19.876 -33.284 -15.254 20 -32.962 -16.314 19.917 -32.96 -13.803
5 24 19.876 -33.284 -15.254 19.834 -33.573 -16.7 20 -32.962 -16.314 19.379 -33.836 -15.509
5 24 19.917 -32.96 -13.803 20 -32.871 -15.063 20 -32.729 -13.804 19.876 -33.284 -15.254
5 24 20 -32.729 -13.804 19.917 -32.96 -13.803 20 -32.871 -15.063 20 -32.536 -12.539
5 24 19.917 -32.96 -13.803 19.876 -33.284 -15.254 20 -32.871 -15.063 19.586 -33.269 -13.801
5 24 20 -32.536 -12.539 19.917 -32.96 -13.803 20 -32.729 -13.804 19.959 -32.6 -12.348
5 24 20 -32.536 -12.539 19.959 -32.6 -12.348 19.917 -32.96 -13.803 20 -32.293 -11.271
5 24 19.959 -32.6 -12.348 19.917 -32.96 -13.803 20 -32.536 -12.539 19.586 -33.269 -13.801
5 24 20 -32.293 -11.271 19.959 -32.43 -11.459 20 -32.536 -12.539 20 -32 -10
5 24 19.959 -32.43 -11.459 19.959 -32.6 -12.348 20 -32.536 -12.539 19.793 -32.613 -11.711
5 24 20 -32 -10 19.959 -32.43 -11.459 20 -32.293 -11.271 19.793 -32.613 -11.711
5 24 20 6.5 -42.366 19.946 6.5 -42.366 20 7.636 -42.407 19.966 5.429 -42.378
5 24 19.966 5.429 -42.378 19.946 6.5 -42.366 20 6.5 -42.366 19.829 5.429 -42.395
5 24 19.966 5.429 -42.378 19.829 5.429 -42.395 19.946 6.5 -42.366 19.945 4.465 -42.415
5 24 19.829 5.429 -42.395 19.946 6.5 -42.366 19.966 5.429 -42.378 19.891 6.5 -42.366
5 24 19.945 4.465 -42.415 19.829 5.429 -42.395 19.966 5.429 -42.378 19.724 4.465 -42.481
5 24 19.945 4.465 -42.415 19.724 4.465 -42.481 19.829 5.429 -42.395 19.927 3.645 -42.476
5 24 19.724 4.465 -42.481 19.829 5.429 -42.395 19.945 4.465 -42.415 19.658 5.429 -42.407
5 24 19.927 3.645 -42.476 19.724 4.465 -42.481 19.945 4.465 -42.415 19.635 3.645 -42.622
5 24 19.927 3.645 -42.476 19.635 3.645 -42.622 19.724 4.465 -42.481 19.913 3 -42.556
5 24 19.635 3.645 -42.622 19.724 4.465 -42.481 19.927 3.645 -42.476 19.448 4.465 -42.53
5 24 19.913 3 -42.556 19.635 3.645 -42.622 19.927 3.645 -42.476 19.564 3 -42.81
5 24 19.913 3 -42.556 19.564 3 -42.81 19.635 3.645 -42.622 19.879 1.679 -42.811
5 24 19.564 3 -42.81 19.635 3.645 -42.622 19.913 3 -42.556 19.269 3.645 -42.731
5 24 19.879 1.679 -42.811 19.564 3 -42.81 19.913 3 -42.556 19.395 1.548 -43.405
5 24 19.879 1.679 -42.811 19.395 1.548 -43.405 19.564 3 -42.81 19.845 0.359 -43.066
5 24 19.395 1.548 -43.405 19.564 3 -42.81 19.879 1.679 -42.811 19.128 3 -43
5 24 19.845 0.359 -43.066 19.395 1.548 -43.405 19.879 1.679 -42.811 19.227 0.097 -44
5 24 19.845 0.359 -43.066 19.227 0.097 -44 19.395 1.548 -43.405 19.812 -0.962 -43.321
5 24 19.227 0.097 -44 19.395 1.548 -43.405 19.845 0.359 -43.066 18.79 1.45 -43.85
5 24 19.812 -0.962 -43.321 19.227 0.097 -44 19.845 0.359 -43.066 19.058 -1.355 -44.595
5 24 19.812 -0.962 -43.321 19.058 -1.355 -44.595 19.227 0.097 -44 19.778 -2.282 -43.576
5 24 19.058 -1.355 -44.595 19.227 0.097 -44 19.812 -0.962 -43.321 18.453 -0.1 -44.7
5 24 19.778 -2.282 -43.576 19.058 -1.355 -44.595 19.812 -0.962 -43.321 18.889 -2.807 -45.19
5 24 19.778 -2.282 -43.576 18.889 -2.807 -45.19 19.058 -1.355 -44.595 19.744 -3.603 -43.831
5 24 18.889 -2.807 -45.19 19.058 -1.355 -44.595 19.778 -2.282 -43.576 18.115 -1.65 -45.55
5 24 19.744 -3.603 -43.831 18.889 -2.807 -45.19 19.778 -2.282 -43.576 18.72 -4.258 -45.785
5 24 19.744 -3.603 -43.831 18.72 -4.258 -45.785 18.889 -2.807 -45.19 19.71 -4.923 -44.086
5 24 18.72 -4.258 -45.785 18.889 -2.807 -45.19 19.744 -3.603 -43.831 17.777 -3.2 -46.4
5 24 19.71 -4.923 -44.086 18.72 -4.258 -45.785 19.744 -3.603 -43.831 18.551 -5.71 -46.38
5 24 19.71 -4.923 -44.086 18.551 -5.71 -46.38 18.72 -4.258 -45.785 19.676 -6.244 -44.341
5 24 18.551 -5.71 -46.38 18.72 -4.258 -45.785 19.71 -4.923 -44.086 17.439 -4.75 -47.25
5 24 19.676 -6.244 -44.341 18.551 -5.71 -46.38 19.71 -4.923 -44.086 18.382 -7.162 -46.975
5 24 19.676 -6.244 -44.341 18.382 -7.162 -46.975 18.551 -5.71 -46.38 19.643 -7.564 -44.596
5 24 18.382 -7.162 -46.975 18.551 -5.71 -46.38 19.676 -6.244 -44.341 17.101 -6.3 -48.1
5 24 19.643 -7.564 -44.596 18.382 -7.162 -46.975 19.676 -6.244 -44.341 18.213 -8.613 -47.57
5 24 19.643 -7.564 -44.596 18.213 -8.613 -47.57 18.382 -7.162 -46.975 19.609 -8.885 -44.851
5 24 18.213 -8.613 -47.57 18.382 -7.162 -46.975 19.643 -7.564 -44.596 16.763 -7.85 -48.95
5 24 19.609 -8.885 -44.851 18.213 -8.613 -47.57 19.643 -7.564 -44.596 18.044 -10.065 -48.165
5 24 19.609 -8.885 -44.851 18.044 -10.065 -48.165 18.213 -8.613 -47.57 19.575 -10.228 -45.089
5 24 18.044 -10.065 -48.165 18.213 -8.613 -47.57 19.609 -8.885 -44.851 16.426 -9.4 -49.8
5 24 19.575 -10.228 -45.089 18.044 -10.065 -48.165 19.609 -8.885 -44.851 17.875 -11.526 -48.752
5 24 19.575 -10.228 -45.089 17.875 -11.526 -48.752 18.044 -10.065 -48.165 19.531 -11.705 -45.249
5 24 17.875 -11.526 -48.752 18.044 -10.065 -48.165 19.575 -10.228 -45.089 16.088 -10.95 -50.65
5 24 19.531 -11.705 -45.249 17.875 -11.526 -48.752 19.575 -10.228 -45.089 17.654 -13.322 -49.227
5 24 17.654 -13.322 -49.227 17.875 -11.526 -48.752 19.531 -11.705 -45.249 15.75 -12.5 -51.5
5 24 19.485 -13.191 -45.308 17.654 -13.322 -49.227 17.875 -11.526 -48.752 17.425 -15.159 -49.529
5 24 17.425 -15.159 -49.529 17.654 -13.322 -49.227 19.485 -13.191 -45.308 15.307 -14.534 -52.21
5 24 19.438 -14.676 -45.262 17.425 -15.159 -49.529 17.654 -13.322 -49.227 17.192 -17.017 -49.655
5 24 17.192 -17.017 -49.655 17.425 -15.159 -49.529 19.438 -14.676 -45.262 14.849 -16.634 -52.695
5 24 19.391 -16.152 -45.112 17.192 -17.017 -49.655 17.425 -15.159 -49.529 16.957 -18.881 -49.604
5 24 19.391 -16.152 -45.112 16.957 -18.881 -49.604 17.192 -17.017 -49.655 19.391 -16.966 -44.922
5 24 16.957 -18.881 -49.604 17.192 -17.017 -49.655 19.391 -16.152 -45.112 14.383 -18.773 -52.95
5 24 19.391 -16.966 -44.922 16.957 -19.23 -49.522 19.391 -16.152 -45.112 19.345 -18.407 -44.634
5 24 16.957 -19.23 -49.522 16.957 -18.881 -49.604 19.391 -16.152 -45.112 13.913 -20.928 -52.972
5 24 19.345 -18.407 -44.634 16.957 -19.23 -49.522 19.391 -16.966 -44.922 16.723 -21.073 -49.277
5 24 19.345 -18.407 -44.634 16.723 -21.073 -49.277 16.957 -19.23 -49.522 19.299 -19.819 -44.243
5 24 16.723 -21.073 -49.277 16.957 -19.23 -49.522 19.345 -18.407 -44.634 13.913 -20.928 -52.972
5 24 19.299 -19.819 -44.243 16.723 -21.073 -49.277 19.345 -18.407 -44.634 16.493 -22.883 -48.857
5 24 19.299 -19.819 -44.243 16.493 -22.883 -48.857 16.723 -21.073 -49.277 19.254 -21.194 -43.751
5 24 16.493 -22.883 -48.857 16.723 -21.073 -49.277 19.299 -19.819 -44.243 13.446 -23.072 -52.76
5 24 19.254 -21.194 -43.751 16.493 -22.883 -48.857 19.299 -19.819 -44.243 16.27 -24.643 -48.265
5 24 19.254 -21.194 -43.751 16.27 -24.643 -48.265 16.493 -22.883 -48.857 19.254 -21.934 -43.427
5 24 16.27 -24.643 -48.265 16.493 -22.883 -48.857 19.254 -21.194 -43.751 12.986 -25.181 -52.318
5 24 19.254 -21.934 -43.427 16.27 -24.96 -48.126 19.254 -21.194 -43.751 19.211 -23.243 -42.805
5 24 16.27 -24.96 -48.126 16.27 -24.643 -48.265 19.254 -21.194 -43.751 12.54 -27.23 -51.65
5 24 19.211 -23.243 -42.805 16.27 -24.96 -48.126 19.254 -21.934 -43.427 16.056 -26.643 -47.353
5 24 19.211 -23.243 -42.805 16.056 -26.643 -47.353 16.27 -24.96 -48.126 19.171 -24.496 -42.088
5 24 16.056 -26.643 -47.353 16.27 -24.96 -48.126 19.211 -23.243 -42.805 12.54 -27.23 -51.65
5 24 19.171 -24.496 -42.088 16.056 -26.643 -47.353 19.211 -23.243 -42.805 15.854 -28.242 -46.421
5 24 19.171 -24.496 -42.088 15.854 -28.242 -46.421 16.056 -26.643 -47.353 19.171 -25.17 -41.669
5 24 15.854 -28.242 -46.421 16.056 -26.643 -47.353 19.171 -24.496 -42.088 12.112 -29.194 -50.765
5 24 19.171 -25.17 -41.669 15.854 -28.53 -46.241 19.171 -24.496 -42.088 19.163 -26.336 -40.833
5 24 15.854 -28.53 -46.241 15.854 -28.242 -46.421 19.171 -24.496 -42.088 11.707 -31.051 -49.671
5 24 19.163 -26.336 -40.833 15.854 -28.53 -46.241 19.171 -25.17 -41.669 15.817 -30.017 -45.148
5 24 15.817 -30.017 -45.148 15.854 -28.53 -46.241 19.163 -26.336 -40.833 11.634 -32.778 -48.384
5 24 19.195 -27.433 -39.913 15.817 -30.017 -45.148 15.854 -28.53 -46.241 15.977 -31.389 -43.915
5 24 19.195 -27.433 -39.913 15.977 -31.389 -43.915 15.817 -30.017 -45.148 16.155 -32.631 -42.556
5 24 15.977 -31.389 -43.915 15.817 -30.017 -45.148 19.195 -27.433 -39.913 11.954 -34.356 -46.917
5 24 19.231 -28.452 -38.915 16.155 -32.631 -42.556 19.195 -27.433 -39.913 19.231 -29.021 -38.378
5 24 16.155 -32.631 -42.556 19.195 -27.433 -39.913 19.231 -28.452 -38.915 15.977 -31.389 -43.915
5 24 16.155 -32.631 -42.556 15.977 -31.389 -43.915 19.195 -27.433 -39.913 12.309 -35.766 -45.287
5 24 19.231 -29.021 -38.378 16.155 -32.875 -42.326 19.231 -28.452 -38.915 16.348 -33.965 -40.844
5 24 16.155 -32.875 -42.326 16.155 -32.631 -42.556 19.231 -28.452 -38.915 12.309 -35.766 -45.287
5 24 19.27 -29.93 -37.282 16.348 -33.965 -40.844 19.231 -29.021 -38.378 19.27 -30.441 -36.691
5 24 16.348 -33.965 -40.844 19.231 -29.021 -38.378 19.27 -29.93 -37.282 16.155 -32.875 -42.326
5 24 16.348 -33.965 -40.844 16.155 -32.875 -42.326 19.231 -29.021 -38.378 12.695 -36.992 -43.515
5 24 19.27 -30.441 -36.691 16.348 -34.185 -40.591 19.27 -29.93 -37.282 16.554 -35.109 -39.001
5 24 16.348 -34.185 -40.591 16.348 -33.965 -40.844 19.27 -29.93 -37.282 12.695 -36.992 -43.515
5 24 16.554 -35.109 -39.001 19.27 -30.441 -36.691 19.311 -31.231 -35.507 16.348 -34.185 -40.591
5 24 19.311 -31.231 -35.507 16.772 -35.873 -37.329 16.554 -35.109 -39.001 19.354 -31.926 -34.267
5 24 16.772 -35.873 -37.329 16.554 -35.109 -39.001 19.27 -30.441 -36.691 13.543 -38.833 -39.626
5 24 16.554 -35.109 -39.001 16.348 -34.185 -40.591 19.27 -30.441 -36.691 13.108 -38.018 -41.621
5 24 19.354 -31.926 -34.267 16.997 -36.469 -35.595 16.772 -35.873 -37.329 19.399 -32.525 -32.981
5 24 16.997 -36.469 -35.595 16.772 -35.873 -37.329 19.311 -31.231 -35.507 13.994 -39.428 -37.555
5 24 19.399 -32.525 -32.981 16.997 -36.469 -35.595 19.354 -31.926 -34.267 19.399 -32.912 -32.293
5 24 19.399 -32.912 -32.293 16.997 -36.636 -35.3 19.399 -32.525 -32.981 17.229 -37.045 -33.51
5 24 16.997 -36.636 -35.3 16.997 -36.469 -35.595 19.399 -32.525 -32.981 13.994 -39.428 -37.555
5 24 17.229 -37.045 -33.51 19.399 -32.912 -32.293 19.446 -33.377 -30.947 16.997 -36.636 -35.3
5 24 19.446 -33.377 -30.947 17.463 -37.277 -31.692 17.229 -37.045 -33.51 19.493 -33.74 -29.572
5 24 17.463 -37.277 -31.692 17.229 -37.045 -33.51 19.399 -32.912 -32.293 14.926 -39.93 -33.282
5 24 17.229 -37.045 -33.51 16.997 -36.636 -35.3 19.399 -32.912 -32.293 14.457 -39.795 -35.432
5 24 19.493 -33.74 -29.572 17.463 -37.277 -31.692 19.446 -33.377 -30.947 17.698 -37.331 -29.864
5 24 19.54 -33.998 -28.177 17.698 -37.331 -29.864 19.493 -33.74 -29.572 19.586 -34.153 -26.77
5 24 17.698 -37.331 -29.864 19.493 -33.74 -29.572 19.54 -33.998 -28.177 17.463 -37.277 -31.692
5 24 17.698 -37.331 -29.864 17.463 -37.277 -31.692 19.493 -33.74 -29.572 15.395 -39.831 -31.129
5 24 19.586 -34.153 -26.77 17.93 -37.209 -28.044 19.54 -33.998 -28.177 18.137 -36.778 -26.378
5 24 17.93 -37.209 -28.044 17.698 -37.331 -29.864 19.54 -33.998 -28.177 15.859 -39.5 -29
5 24 19.627 -34.148 -25.416 18.137 -36.778 -26.378 19.586 -34.153 -26.77 18.344 -36.332 -24.705
5 24 18.137 -36.778 -26.378 19.586 -34.153 -26.77 19.627 -34.148 -25.416 17.93 -37.209 -28.044
5 24 18.137 -36.778 -26.378 17.93 -37.209 -28.044 19.586 -34.153 -26.77 16.273 -38.75 -27.1
5 24 19.669 -34.108 -24.045 18.344 -36.332 -24.705 19.627 -34.148 -25.416 18.551 -35.871 -23.026
5 24 18.344 -36.332 -24.705 19.627 -34.148 -25.416 19.669 -34.108 -24.045 18.137 -36.778 -26.378
5 24 18.344 -36.332 -24.705 18.137 -36.778 -26.378 19.627 -34.148 -25.416 16.687 -38 -25.2
5 24 19.71 -34.033 -22.66 18.551 -35.871 -23.026 19.669 -34.108 -24.045 18.758 -35.395 -21.341
5 24 18.551 -35.871 -23.026 19.669 -34.108 -24.045 19.71 -34.033 -22.66 18.344 -36.332 -24.705
5 24 18.551 -35.871 -23.026 18.344 -36.332 -24.705 19.669 -34.108 -24.045 17.101 -37.25 -23.3
5 24 19.752 -33.922 -21.262 18.758 -35.395 -21.341 19.71 -34.033 -22.66 19.752 -34.001 -20.421
5 24 18.758 -35.395 -21.341 19.71 -34.033 -22.66 19.752 -33.922 -21.262 18.551 -35.871 -23.026
5 24 18.758 -35.395 -21.341 18.551 -35.871 -23.026 19.71 -34.033 -22.66 17.515 -36.5 -21.4
5 24 19.752 -34.001 -20.421 18.758 -35.429 -20.98 19.752 -33.922 -21.262 18.965 -34.922 -19.286
5 24 18.758 -35.429 -20.98 18.758 -35.395 -21.341 19.752 -33.922 -21.262 17.515 -36.5 -21.4
5 24 19.793 -33.819 -19 18.965 -34.922 -19.286 19.752 -34.001 -20.421 19.172 -34.401 -17.587
5 24 18.965 -34.922 -19.286 19.752 -34.001 -20.421 19.793 -33.819 -19 18.758 -35.429 -20.98
5 24 18.965 -34.922 -19.286 18.758 -35.429 -20.98 19.752 -34.001 -20.421 17.929 -35.75 -19.5
5 24 19.834 -33.602 -17.569 19.172 -34.401 -17.587 19.793 -33.819 -19 19.834 -33.573 -16.7
5 24 19.172 -34.401 -17.587 19.793 -33.819 -19 19.834 -33.602 -17.569 18.965 -34.922 -19.286
5 24 19.172 -34.401 -17.587 18.965 -34.922 -19.286 19.793 -33.819 -19 18.344 -35 -17.6
5 24 19.834 -33.573 -16.7 19.172 -34.389 -17.214 19.834 -33.602 -17.569 19.379 -33.836 -15.509
5 24 19.172 -34.389 -17.214 19.172 -34.401 -17.587 19.834 -33.602 -17.569 18.344 -35 -17.6
5 24 19.876 -33.284 -15.254 19.379 -33.836 -15.509 19.834 -33.573 -16.7 19.586 -33.269 -13.801
5 24 19.379 -33.836 -15.509 19.834 -33.573 -16.7 19.876 -33.284 -15.254 19.172 -34.389 -17.214
5 24 19.379 -33.836 -15.509 19.172 -34.389 -17.214 19.834 -33.573 -16.7 18.758 -34.25 -15.7
5 24 19.917 -32.96 -13.803 19.586 -33.269 -13.801 19.876 -33.284 -15.254 19.959 -32.6 -12.348
5 24 19.586 -33.269 -13.801 19.876 -33.284 -15.254 19.917 -32.96 -13.803 19.379 -33.836 -15.509
5 24 19.586 -33.269 -13.801 19.379 -33.836 -15.509 19.876 -33.284 -15.254 19.172 -33.5 -13.8
5 24 19.959 -32.6 -12.348 19.586 -33.269 -13.801 19.917 -32.96 -13.803 19.793 -32.686 -12.092
5 24 19.959 -32.6 -12.348 19.793 -32.686 -12.092 19.586 -33.269 -13.801 19.959 -32.43 -11.459
5 24 19.793 -32.686 -12.092 19.586 -33.269 -13.801 19.959 -32.6 -12.348 19.586 -32.75 -11.9
5 24 19.959 -32.43 -11.459 19.793 -32.613 -11.711 19.959 -32.6 -12.348 20 -32 -10
5 24 19.793 -32.613 -11.711 19.793 -32.686 -12.092 19.959 -32.6 -12.348 19.586 -32.75 -11.9
5 24 20 -32 -10 19.793 -32.613 -11.711 19.959 -32.43 -11.459 19.586 -32.75 -11.9
5 24 19.946 6.5 -42.366 19.891 6.5 -42.366 20 7.636 -42.407 19.829 5.429 -42.395
5 24 19.829 5.429 -42.395 19.891 6.5 -42.366 19.946 6.5 -42.366 19.658 5.429 -42.407
5 24 19.829 5.429 -42.395 19.658 5.429 -42.407 19.891 6.5 -42.366 19.724 4.465 -42.481
5 24 19.724 4.465 -42.481 19.658 5.429 -42.407 19.829 5.429 -42.395 19.448 4.465 -42.53
5 24 19.724 4.465 -42.481 19.448 4.465 -42.53 19.658 5.429 -42.407 19.635 3.645 -42.622
5 24 19.635 3.645 -42.622 19.448 4.465 -42.53 19.724 4.465 -42.481 19.269 3.645 -42.731
5 24 19.635 3.645 -42.622 19.269 3.645 -42.731 19.448 4.465 -42.53 19.564 3 -42.81
5 24 19.564 3 -42.81 19.269 3.645 -42.731 19.635 3.645 -42.622 19.128 3 -43
5 24 19.564 3 -42.81 19.128 3 -43 19.269 3.645 -42.731 19.395 1.548 -43.405
5 24 19.395 1.548 -43.405 19.128 3 -43 19.564 3 -42.81 18.79 1.45 -43.85
5 24 19.395 1.548 -43.405 18.79 1.45 -43.85 19.128 3 -43 19.227 0.097 -44
5 24 19.227 0.097 -44 18.79 1.45 -43.85 19.395 1.548 -43.405 18.453 -0.1 -44.7
5 24 19.227 0.097 -44 18.453 -0.1 -44.7 18.79 1.45 -43.85 19.058 -1.355 -44.595
5 24 19.058 -1.355 -44.595 18.453 -0.1 -44.7 19.227 0.097 -44 18.115 -1.65 -45.55
5 24 19.058 -1.355 -44.595 18.115 -1.65 -45.55 18.453 -0.1 -44.7 18.889 -2.807 -45.19
5 24 18.889 -2.807 -45.19 18.115 -1.65 -45.55 19.058 -1.355 -44.595 17.777 -3.2 -46.4
5 24 18.889 -2.807 -45.19 17.777 -3.2 -46.4 18.115 -1.65 -45.55 18.72 -4.258 -45.785
5 24 18.72 -4.258 -45.785 17.777 -3.2 -46.4 18.889 -2.807 -45.19 17.439 -4.75 -47.25
5 24 18.72 -4.258 -45.785 17.439 -4.75 -47.25 17.777 -3.2 -46.4 18.551 -5.71 -46.38
5 24 18.551 -5.71 -46.38 17.439 -4.75 -47.25 18.72 -4.258 -45.785 17.101 -6.3 -48.1
5 24 18.551 -5.71 -46.38 17.101 -6.3 -48.1 17.439 -4.75 -47.25 18.382 -7.162 -46.975
5 24 18.382 -7.162 -46.975 17.101 -6.3 -48.1 18.551 -5.71 -46.38 16.763 -7.85 -48.95
5 24 18.382 -7.162 -46.975 16.763 -7.85 -48.95 17.101 -6.3 -48.1 18.213 -8.613 -47.57
5 24 18.213 -8.613 -47.57 16.763 -7.85 -48.95 18.382 -7.162 -46.975 16.426 -9.4 -49.8
5 24 18.213 -8.613 -47.57 16.426 -9.4 -49.8 16.763 -7.85 -48.95 18.044 -10.065 -48.165
5 24 18.044 -10.065 -48.165 16.426 -9.4 -49.8 18.213 -8.613 -47.57 16.088 -10.95 -50.65
5 24 18.044 -10.065 -48.165 16.088 -10.95 -50.65 16.426 -9.4 -49.8 17.875 -11.526 -48.752
5 24 17.875 -11.526 -48.752 16.088 -10.95 -50.65 18.044 -10.065 -48.165 15.75 -12.5 -51.5
5 24 17.875 -11.526 -48.752 15.75 -12.5 -51.5 16.088 -10.95 -50.65 17.654 -13.322 -49.227
5 24 17.654 -13.322 -49.227 15.75 -12.5 -51.5 17.875 -11.526 -48.752 15.307 -14.534 -52.21
5 24 17.654 -13.322 -49.227 15.307 -14.534 -52.21 15.75 -12.5 -51.5 17.425 -15.159 -49.529
5 24 17.425 -15.159 -49.529 15.307 -14.534 -52.21 17.654 -13.322 -49.227 14.849 -16.634 -52.695
5 24 17.425 -15.159 -49.529 14.849 -16.634 -52.695 15.307 -14.534 -52.21 17.192 -17.017 -49.655
5 24 17.192 -17.017 -49.655 14.849 -16.634 -52.695 17.425 -15.159 -49.529 14.383 -18.773 -52.95
5 24 17.192 -17.017 -49.655 14.383 -18.773 -52.95 14.849 -16.634 -52.695 16.957 -18.881 -49.604
5 24 16.957 -18.881 -49.604 14.383 -18.773 -52.95 17.192 -17.017 -49.655 13.913 -20.928 -52.972
5 24 16.957 -18.881 -49.604 13.913 -20.928 -52.972 14.383 -18.773 -52.95 16.957 -19.23 -49.522
5 24 16.957 -19.23 -49.522 13.913 -20.928 -52.972 16.957 -18.881 -49.604 16.723 -21.073 -49.277
5 24 16.723 -21.073 -49.277 13.913 -20.928 -52.972 16.957 -19.23 -49.522 13.446 -23.072 -52.76
5 24 16.493 -22.883 -48.857 13.446 -23.072 -52.76 13.913 -20.928 -52.972 12.986 -25.181 -52.318
5 24 16.27 -24.643 -48.265 12.986 -25.181 -52.318 13.446 -23.072 -52.76 12.54 -27.23 -51.65
5 24 16.27 -24.643 -48.265 12.54 -27.23 -51.65 12.986 -25.181 -52.318 16.27 -24.96 -48.126
5 24 16.27 -24.96 -48.126 12.54 -27.23 -51.65 16.27 -24.643 -48.265 16.056 -26.643 -47.353
5 24 16.056 -26.643 -47.353 12.54 -27.23 -51.65 16.27 -24.96 -48.126 12.112 -29.194 -50.765
5 24 15.854 -28.242 -46.421 12.112 -29.194 -50.765 12.54 -27.23 -51.65 11.707 -31.051 -49.671
5 24 15.854 -28.242 -46.421 11.707 -31.051 -49.671 12.112 -29.194 -50.765 15.854 -28.53 -46.241
5 24 15.854 -28.53 -46.241 11.707 -31.051 -49.671 15.854 -28.242 -46.421 15.817 -30.017 -45.148
5 24 15.817 -30.017 -45.148 11.634 -32.778 -48.384 15.854 -28.53 -46.241 11.954 -34.356 -46.917
5 24 15.977 -31.389 -43.915 11.954 -34.356 -46.917 15.817 -30.017 -45.148 12.309 -35.766 -45.287
5 24 11.954 -34.356 -46.917 15.817 -30.017 -45.148 15.977 -31.389 -43.915 11.634 -32.778 -48.384
5 24 16.155 -32.631 -42.556 12.309 -35.766 -45.287 15.977 -31.389 -43.915 16.155 -32.875 -42.326
5 24 12.309 -35.766 -45.287 15.977 -31.389 -43.915 16.155 -32.631 -42.556 11.954 -34.356 -46.917
5 24 16.155 -32.875 -42.326 12.695 -36.992 -43.515 12.309 -35.766 -45.287 16.348 -33.965 -40.844
5 24 16.348 -33.965 -40.844 12.695 -36.992 -43.515 16.155 -32.875 -42.326 16.348 -34.185 -40.591
5 24 16.348 -34.185 -40.591 13.108 -38.018 -41.621 12.695 -36.992 -43.515 16.554 -35.109 -39.001
5 24 16.554 -35.109 -39.001 13.108 -38.018 -41.621 16.348 -34.185 -40.591 13.543 -38.833 -39.626
5 24 13.543 -38.833 -39.626 16.554 -35.109 -39.001 16.772 -35.873 -37.329 13.108 -38.018 -41.621
5 24 16.772 -35.873 -37.329 13.543 -38.833 -39.626 16.554 -35.109 -39.001 13.994 -39.428 -37.555
5 24 13.994 -39.428 -37.555 16.772 -35.873 -37.329 16.997 -36.469 -35.595 13.543 -38.833 -39.626
5 24 16.997 -36.469 -35.595 13.994 -39.428 -37.555 16.772 -35.873 -37.329 16.997 -36.636 -35.3
5 24 16.997 -36.636 -35.3 13.994 -39.428 -37.555 16.997 -36.469 -35.595 14.457 -39.795 -35.432
5 24 14.457 -39.795 -35.432 16.997 -36.636 -35.3 17.229 -37.045 -33.51 13.994 -39.428 -37.555
5 24 17.229 -37.045 -33.51 14.457 -39.795 -35.432 16.997 -36.636 -35.3 14.926 -39.93 -33.282
5 24 14.926 -39.93 -33.282 17.229 -37.045 -33.51 17.463 -37.277 -31.692 14.457 -39.795 -35.432
5 24 17.463 -37.277 -31.692 14.926 -39.93 -33.282 17.229 -37.045 -33.51 15.395 -39.831 -31.129
5 24 15.395 -39.831 -31.129 17.463 -37.277 -31.692 17.698 -37.331 -29.864 14.926 -39.93 -33.282
5 24 17.698 -37.331 -29.864 15.395 -39.831 -31.129 17.463 -37.277 -31.692 17.93 -37.209 -28.044
5 24 17.93 -37.209 -28.044 15.859 -39.5 -29 17.698 -37.331 -29.864 16.273 -38.75 -27.1
5 24 16.273 -38.75 -27.1 17.93 -37.209 -28.044 18.137 -36.778 -26.378 15.859 -39.5 -29
5 24 18.137 -36.778 -26.378 16.273 -38.75 -27.1 17.93 -37.209 -28.044 16.687 -38 -25.2
5 24 16.687 -38 -25.2 18.137 -36.778 -26.378 18.344 -36.332 -24.705 16.273 -38.75 -27.1
5 24 18.344 -36.332 -24.705 16.687 -38 -25.2 18.137 -36.778 -26.378 17.101 -37.25 -23.3
5 24 17.101 -37.25 -23.3 18.344 -36.332 -24.705 18.551 -35.871 -23.026 16.687 -38 -25.2
5 24 18.551 -35.871 -23.026 17.101 -37.25 -23.3 18.344 -36.332 -24.705 17.515 -36.5 -21.4
5 24 17.515 -36.5 -21.4 18.551 -35.871 -23.026 18.758 -35.395 -21.341 17.101 -37.25 -23.3
5 24 18.758 -35.395 -21.341 17.515 -36.5 -21.4 18.551 -35.871 -23.026 18.758 -35.429 -20.98
5 24 18.758 -35.429 -20.98 17.515 -36.5 -21.4 18.758 -35.395 -21.341 17.929 -35.75 -19.5
5 24 17.929 -35.75 -19.5 18.758 -35.429 -20.98 18.965 -34.922 -19.286 17.515 -36.5 -21.4
5 24 18.965 -34.922 -19.286 17.929 -35.75 -19.5 18.758 -35.429 -20.98 18.344 -35 -17.6
5 24 18.344 -35 -17.6 18.965 -34.922 -19.286 19.172 -34.401 -17.587 17.929 -35.75 -19.5
5 24 19.172 -34.401 -17.587 18.344 -35 -17.6 18.965 -34.922 -19.286 19.172 -34.389 -17.214
5 24 19.172 -34.389 -17.214 18.344 -35 -17.6 19.172 -34.401 -17.587 18.758 -34.25 -15.7
5 24 18.758 -34.25 -15.7 19.172 -34.389 -17.214 19.379 -33.836 -15.509 18.344 -35 -17.6
5 24 19.379 -33.836 -15.509 18.758 -34.25 -15.7 19.172 -34.389 -17.214 19.172 -33.5 -13.8
5 24 19.172 -33.5 -13.8 19.379 -33.836 -15.509 19.586 -33.269 -13.801 18.758 -34.25 -15.7
5 24 19.586 -33.269 -13.801 19.172 -33.5 -13.8 19.379 -33.836 -15.509 19.793 -32.686 -12.092
5 24 19.793 -32.686 -12.092 19.586 -32.75 -11.9 19.586 -33.269 -13.801 19.793 -32.613 -11.711
5 24 19.793 -32.613 -11.711 19.586 -32.75 -11.9 19.793 -32.686 -12.092 20 -32 -10

0 FILE parts/s/4494s01.dat
0 ~Animal Horse Body Right - Half Body
0 Name: s\4494s01.dat
0 Author: Magnus Forsberg [MagFors]
0 !LDRAW_ORG Subpart UPDATE 2015-01
0 !LICENSE Licensed under CC BY 4.0 : see CAreadme.txt

0 BFC CERTIFY CCW

0 !HISTORY 2014-12-14 [MagFors] Original part shape by Sascha Broich
0 !HISTORY 2014-12-14 [MagFors] Subfiled for patterns
0 !HISTORY 2015-10-11 [PTadmin] Official Update 2015-01


0 // common breast parts

1 16 0 57 5 -1 0 0 0 1 0 0 0 1 s/4493s.dat
0 // tail
1 16 0 57 5 1 0 0 0 1 0 0 0 1 s/4494t.dat
1 16 0 57 5 -1 0 0 0 1 0 0 0 1 s/4494t.dat
0 // front leg out frame
2 24 -20 28 -36 -20 27 -35.874
2 24 -20 27 -35.874 -20 26 -35.782
2 24 -20 26 -35.782 -20 25 -35.723
2 24 -20 25 -35.723 -20 24 -35.698
2 24 -20 24 -35.698 -20 23 -35.708
2 24 -20 23 -35.708 -20 22 -35.751
2 24 -20 22 -35.751 -20 21 -35.828
2 24 -20 21 -35.828 -20 20 -35.938
2 24 -20 20 -35.938 -20 19 -36.083
2 24 -20 19 -36.083 -20 18 -36.262
2 24 -20 18 -36.262 -20 17 -36.474
2 24 -20 17 -36.474 -20 16 -36.72
2 24 -20 16 -36.72 -20 15 -37
2 24 -20 15 -37 -19.792 14 -37.314
2 24 -19.792 14 -37.314 -19.583 13 -37.662
2 24 -19.583 13 -37.662 -19.375 12 -38.043
2 24 -19.375 12 -38.043 -19.167 11 -38.458
2 24 -19.167 11 -38.458 -18.958 10 -38.908
2 24 -18.958 10 -38.908 -18.75 9 -39.391
2 24 -18.75 9 -39.391 -18.542 8 -39.908
2 24 -18.542 8 -39.908 -18.333 7 -40.458
2 24 -18.333 7 -40.458 -18.125 6 -41.043
2 24 -18.125 6 -41.043 -17.917 5 -41.662
2 24 -17.917 5 -41.662 -17.708 4 -42.314
2 24 -17.708 4 -42.314 -17.5 3 -43
2 24 -20 28 -36 -20 30 -35.116
2 24 -20 30 -35.116 -20 32 -34.384
2 24 -20 32 -34.384 -20 34 -33.803
2 24 -20 34 -33.803 -20 36 -33.375
2 24 -20 36 -33.375 -20 38 -33.098
2 24 -20 38 -33.098 -20 40 -32.973
2 24 -20 40 -32.973 -20 42 -33
2 24 -20 42 -33 -20 44 -33.179
2 24 -20 44 -33.179 -20 46 -33.509
2 24 -20 46 -33.509 -20 48 -33.992
2 24 -20 48 -33.992 -20 50 -34.626
2 24 -20 50 -34.626 -20 51 -35
2 24 -20 57 -35 -20 57 -15
2 24 -20 57 -15 -20 14.5 -21
0 // belly out frame
2 24 -20 14.5 -21 -20 13.312 -20.8
2 24 -20 13.312 -20.8 -20 12.5 -20.2
2 24 -20 12.5 -20.2 -20 12.152 -19.6
2 24 -20 12.152 -19.6 -20 12 -19
2 24 -20 10.707 27 -20 10.55 27.5
2 24 -20 10.55 27.5 -20 10.5 28
2 24 -20 10.5 28 -20 11 28.5
0 // rear leg out frame
2 24 -20 11 28.5 -20 15 30.237
2 24 -20 15 30.237 -20 19 31.686
2 24 -20 19 31.686 -20 23 32.627
2 24 -20 23 32.627 -20 27 33.061
2 24 -20 27 33.061 -20 31 32.987
2 24 -20 31 32.987 -20 35 32.405
2 24 -20 35 32.405 -20 39 31.315
2 24 -20 39 31.315 -20 43 29.718
2 24 -20 43 29.718 -20 47 27.613
2 24 -20 47 27.613 -20 51 25
2 24 -20 57 25 -20 57 45
2 24 -20 26 53 -20 23.292 52.983
2 24 -20 23.292 52.983 -20 20.583 53.139
2 24 -20 20.583 53.139 -20 17.875 53.469
2 24 -20 17.875 53.469 -20 15.167 53.972
2 24 -20 15.167 53.972 -20 10.292 55.316
2 24 -20 10.292 55.316 -20 7.583 56.306
2 24 -20 7.583 56.306 -20 4.875 57.469
2 24 -20 4.875 57.469 -20 2.167 58.806
2 24 -20 2.167 58.806 -20 0 60.217
0 // front leg in frame
2 24 0 9 -39.391 0 8 -39.908
2 24 0 8 -39.908 0 7 -40.458
2 24 0 7 -40.458 0 6 -41.043
2 24 0 6 -41.043 0 5 -41.662
2 24 0 5 -41.662 0 4 -42.314
2 24 0 4 -42.314 0 3 -43
2 24 0 50 -34.626 0 51 -35
2 24 0 57 -35 0 57 -15
2 24 0 57 -15 0 14.5 -21
2 24 0 14.5 -21 0 13.312 -20.8
2 24 0 13.312 -20.8 0 12.5 -20.2
2 24 0 12.5 -20.2 0 12.152 -19.6
2 24 0 12.152 -19.6 0 12 -19
0 // belly in frame
0 // rear leg in frame
2 24 0 10.5 28 0 11 28.5
2 24 0 47 27.613 0 51 25
2 24 0 57 25 0 57 45
2 24 0 2.167 58.806 0 0 60.217
0 // front leg front plane
1 16 -10 52 -25 -1 0 0 0 -1.25 0 0 0 1 stud4o.dat
1 16 -10 57 -25 -8 0 0 0 -1 0 0 0 8 4-4ndis.dat
4 16 -20 57 -35 -18 57 -33 -2 57 -33 0 57 -35
4 16 -20 57 -15 -18 57 -17 -18 57 -33 -20 57 -35
4 16 0 57 -35 -2 57 -33 -2 57 -17 0 57 -15
4 16 0 57 -15 -2 57 -17 -18 57 -17 -20 57 -15
2 24 -20 28 -36 0 28 -36
4 16 -20 28 -36 0 28 -36 0 27 -35.874 -20 27 -35.874
4 16 -20 27 -35.874 0 27 -35.874 0 26 -35.782 -20 26 -35.782
4 16 -20 26 -35.782 0 26 -35.782 0 25 -35.723 -20 25 -35.723
4 16 -20 25 -35.723 0 25 -35.723 0 24 -35.698 -20 24 -35.698
4 16 -20 24 -35.698 0 24 -35.698 0 23 -35.708 -20 23 -35.708
4 16 -20 23 -35.708 0 23 -35.708 0 22 -35.751 -20 22 -35.751
4 16 -20 22 -35.751 0 22 -35.751 0 21 -35.828 -20 21 -35.828
4 16 -20 21 -35.828 0 21 -35.828 0 20 -35.938 -20 20 -35.938
4 16 -20 20 -35.938 0 20 -35.938 0 19 -36.083 -20 19 -36.083
4 16 -20 19 -36.083 0 19 -36.083 0 18 -36.262 -20 18 -36.262
4 16 -20 18 -36.262 0 18 -36.262 0 17 -36.474 -20 17 -36.474
4 16 -20 17 -36.474 0 17 -36.474 0 16 -36.72 -20 16 -36.72
4 16 -20 16 -36.72 0 16 -36.72 0 15 -37 -20 15 -37
4 16 -20 15 -37 0 15 -37 0 14 -37.314 -19.792 14 -37.314
4 16 -19.792 14 -37.314 0 14 -37.314 0 13 -37.662 -19.583 13 -37.662
4 16 -19.583 13 -37.662 0 13 -37.662 0 12 -38.043 -19.375 12 -38.043
4 16 -19.375 12 -38.043 0 12 -38.043 0 11 -38.458 -19.167 11 -38.458
4 16 -19.167 11 -38.458 0 11 -38.458 0 10 -38.908 -18.958 10 -38.908
4 16 -18.958 10 -38.908 0 10 -38.908 0 9 -39.391 -18.75 9 -39.391
4 16 -18.75 9 -39.391 0 9 -39.391 0 8 -39.908 -18.542 8 -39.908
4 16 -18.542 8 -39.908 0 8 -39.908 0 7 -40.458 -18.333 7 -40.458
4 16 -18.333 7 -40.458 0 7 -40.458 0 6 -41.043 -18.125 6 -41.043
4 16 -18.125 6 -41.043 0 6 -41.043 0 5 -41.662 -17.917 5 -41.662
4 16 -17.917 5 -41.662 0 5 -41.662 0 4 -42.314 -17.708 4 -42.314
4 16 -17.708 4 -42.314 0 4 -42.314 0 3 -43 -17.5 3 -43
4 16 -20 28 -36 -20 30 -35.116 0 30 -35.116 0 28 -36
4 16 -20 30 -35.116 -20 32 -34.384 0 32 -34.384 0 30 -35.116
4 16 -20 32 -34.384 -20 34 -33.803 0 34 -33.803 0 32 -34.384
4 16 -20 34 -33.803 -20 36 -33.375 0 36 -33.375 0 34 -33.803
4 16 -20 36 -33.375 -20 38 -33.098 0 38 -33.098 0 36 -33.375
4 16 -20 38 -33.098 -20 40 -32.973 0 40 -32.973 0 38 -33.098
4 16 -20 40 -32.973 -20 42 -33 0 42 -33 0 40 -32.973
4 16 -20 42 -33 -20 44 -33.179 0 44 -33.179 0 42 -33
4 16 -20 44 -33.179 -20 46 -33.509 0 46 -33.509 0 44 -33.179
4 16 -20 46 -33.509 -20 48 -33.992 0 48 -33.992 0 46 -33.509
4 16 -20 48 -33.992 -20 50 -34.626 0 50 -34.626 0 48 -33.992
4 16 -20 50 -34.626 -20 51 -35 0 51 -35 0 50 -34.626
1 16 -10 54 -35 0 0 10 3 0 0 0 1 0 rect.dat
2 24 0 57 -15 -20 57 -15
4 16 -20 57 -15 -20 14.5 -21 0 14.5 -21 0 57 -15
0 // belly front plane
4 16 -20 14.5 -21 -20 13.312 -20.8 0 13.312 -20.8 0 14.5 -21
4 16 -20 13.312 -20.8 -20 12.5 -20.2 0 12.5 -20.2 0 13.312 -20.8
4 16 -20 12.5 -20.2 -20 12.152 -19.6 0 12.152 -19.6 0 12.5 -20.2
4 16 -20 12.152 -19.6 -20 12 -19 0 12 -19 0 12.152 -19.6
4 16 -20 10.707 27 -20 10.55 27.5 0 10.55 27.5 0 10.707 27
4 16 -20 10.55 27.5 -20 10.5 28 0 10.5 28 0 10.55 27.5
4 16 -20 10.5 28 -20 11 28.5 0 11 28.5 0 10.5 28
0 // rear leg front plane
1 16 -10 52 35 -1 0 0 0 -1.25 0 0 0 1 stud4o.dat
1 16 -10 57 35 -8 0 0 0 -1 0 0 0 8 4-4ndis.dat
4 16 -20 57 25 -18 57 27 -2 57 27 0 57 25
4 16 -20 57 45 -18 57 43 -18 57 27 -20 57 25
4 16 0 57 25 -2 57 27 -2 57 43 0 57 45
4 16 0 57 45 -2 57 43 -18 57 43 -20 57 45
4 16 -20 11 28.5 -20 15 30.237 0 15 30.237 0 11 28.5
4 16 -20 15 30.237 -20 19 31.686 0 19 31.686 0 15 30.237
4 16 -20 19 31.686 -20 23 32.627 0 23 32.627 0 19 31.686
4 16 -20 23 32.627 -20 27 33.061 0 27 33.061 0 23 32.627
4 16 -20 27 33.061 -20 31 32.987 0 31 32.987 0 27 33.061
4 16 -20 31 32.987 -20 35 32.405 0 35 32.405 0 31 32.987
4 16 -20 35 32.405 -20 39 31.315 0 39 31.315 0 35 32.405
4 16 -20 39 31.315 -20 43 29.718 0 43 29.718 0 39 31.315
4 16 -20 43 29.718 -20 47 27.613 0 47 27.613 0 43 29.718
4 16 -20 47 27.613 -20 51 25 0 51 25 0 47 27.613
1 16 -10 54 25 0 0 10 3 0 0 0 1 0 rect.dat
1 16 -10 48.75 46 0 0 10 -8.25 0 0 1 -1 0 rect.dat
1 16 -10 33.25 50 -10 0 0 0 0 -7.25 0 -1 3 rect3.dat
4 16 -20 26 53 -20 23.292 52.983 0 23.292 52.983 0 26 53
4 16 -20 23.292 52.983 -20 20.583 53.139 0 20.583 53.139 0 23.292 52.983
4 16 -20 20.583 53.139 -20 17.875 53.469 0 17.875 53.469 0 20.583 53.139
4 16 -20 17.875 53.469 -20 15.167 53.972 0 15.167 53.972 0 17.875 53.469
4 16 -20 15.167 53.972 -20 10.292 55.316 0 10.292 55.316 0 15.167 53.972
4 16 -20 10.292 55.316 -20 7.583 56.306 0 7.583 56.306 0 10.292 55.316
4 16 -20 7.583 56.306 -20 4.875 57.469 0 4.875 57.469 0 7.583 56.306
4 16 -20 4.875 57.469 -20 2.167 58.806 0 2.167 58.806 0 4.875 57.469
4 16 -20 2.167 58.806 -20 0 60.217 0 0 60.217 0 2.167 58.806
0 // front leg inner frame
0 // belly inner frame
0 // rear leg inner frame
2 24 0 6.5 28 0 6.734 29
2 24 0 6.734 29 0 7.422 30
2 24 0 7.422 30 0 8.549 31
2 24 0 8.549 31 0 11 32.5
2 24 0 47 31.613 0 50 29.701
2 24 0 2.167 54.806 0 0 56
0 // front leg inner plane
3 16 0 10.5 -25.565 0 7.617 -21 0 7.03 -24
3 16 0 10.5 -25.565 0 7.03 -24 0 6.228 -28
4 16 0 9 -35.391 0 10.5 -25.565 0 6.228 -28 0 5.401 -32
4 16 0 9 -35.391 0 5.401 -32 0 4.549 -36 0 5 -41.662
3 16 0 3.894 -39 0 3 -43 0 4 -42.314
4 16 0 4 -42.314 0 5 -41.662 0 4.549 -36 0 3.894 -39
3 16 0 9 -39.391 0 9 -35.391 0 8 -39.908
3 16 0 8 -39.908 0 9 -35.391 0 7 -40.458
3 16 0 7 -40.458 0 9 -35.391 0 6 -41.043
3 16 0 6 -41.043 0 9 -35.391 0 5 -41.662
1 16 0 27.5 -33.937 0 -1 0 -0.5 0 0 0.063 0 -2 rect2p.dat
1 16 0 26.5 -33.828 0 -1 0 -0.5 0 0 0.046 0 -2 rect2p.dat
1 16 0 25.5 -33.7525 0 -1 0 -0.5 0 0 0.0295 0 -2 rect2p.dat
1 16 0 24.5 -33.7105 0 -1 0 -0.5 0 0 0.0125 0 -2 rect2p.dat
1 16 0 23.5 -33.703 0 -1 0 -0.5 0 0 -0.005 0 -2 rect2p.dat
1 16 0 22.5 -33.7295 0 -1 0 -0.5 0 0 -0.0215 0 -2 rect2p.dat
1 16 0 21.5 -33.7895 0 -1 0 -0.5 0 0 -0.0385 0 -2 rect2p.dat
1 16 0 20.5 -33.883 0 -1 0 -0.5 0 0 -0.055 0 -2 rect2p.dat
1 16 0 19.5 -34.0105 0 -1 0 -0.5 0 0 -0.0725 0 -2 rect2p.dat
1 16 0 18.5 -34.1725 0 -1 0 -0.5 0 0 -0.0895 0 -2 rect2p.dat
1 16 0 17.5 -34.368 0 -1 0 -0.5 0 0 -0.106 0 -2 rect2p.dat
1 16 0 16.5 -34.597 0 -1 0 -0.5 0 0 -0.123 0 -2 rect2p.dat
1 16 0 15.5 -34.86 0 -1 0 -0.5 0 0 -0.14 0 -2 rect2p.dat
1 16 0 14.5 -35.157 0 -1 0 -0.5 0 0 -0.157 0 -2 rect2p.dat
1 16 0 13.5 -35.488 0 -1 0 -0.5 0 0 -0.174 0 -2 rect2p.dat
1 16 0 12.5 -35.8525 0 -1 0 -0.5 0 0 -0.1905 0 -2 rect2p.dat
1 16 0 11.5 -36.2505 0 -1 0 -0.5 0 0 -0.2075 0 -2 rect2p.dat
1 16 0 10.5 -36.683 0 -1 0 -0.5 0 0 -0.225 0 -2 rect2p.dat
1 16 0 9.5 -37.1495 0 -1 0 -0.5 0 0 -0.2415 0 -2 rect2p.dat
1 16 0 29 -33.558 0 -1 0 1 0 0 0.442 0 2 rect2p.dat
1 16 0 31 -32.75 0 -1 0 1 0 0 0.366 0 2 rect2p.dat
1 16 0 33 -32.0935 0 -1 0 1 0 0 0.2905 0 2 rect2p.dat
1 16 0 35 -31.589 0 -1 0 1 0 0 0.214 0 2 rect2p.dat
1 16 0 37 -31.2365 0 -1 0 1 0 0 0.1385 0 2 rect2p.dat
1 16 0 39 -31.0355 0 -1 0 1 0 0 0.0625 0 2 rect2p.dat
1 16 0 41 -30.9865 0 -1 0 1 0 0 -0.0135 0 2 rect2p.dat
1 16 0 43 -31.0895 0 -1 0 1 0 0 -0.0895 0 2 rect2p.dat
1 16 0 45 -31.344 0 -1 0 1 0 0 -0.165 0 2 rect2p.dat
1 16 0 47 -31.7505 0 -1 0 1 0 0 -0.2415 0 2 rect2p.dat
1 16 0 49 -32.309 0 -1 0 1 0 0 -0.317 0 2 rect2p.dat
3 16 0 51 -35 0 50 -30.626 0 50 -34.626
4 16 0 50 -30.626 0 51 -35 0 57 -35 0 57 -15
3 16 0 57 -15 0 50 -19.988 0 50 -30.626
4 16 0 50 -19.988 0 57 -15 0 14.5 -21 0 10.5 -25.565
3 16 0 13.312 -20.8 0 10.5 -25.565 0 14.5 -21
0 // belly inner plane
3 16 0 13.312 -20.8 0 12.5 -20.2 0 10.5 -25.565
3 16 0 12.5 -20.2 0 12.152 -19.6 0 10.5 -25.565
3 16 0 12.152 -19.6 0 12 -19 0 10.5 -25.565
1 16 0 8.6285 27.25 0 -1 0 -0.0785 0 -2 0.25 0 0 rect2p.dat
1 16 0 8.525 27.75 0 -1 0 -0.025 0 -2 0.25 0 0 rect2p.dat
0 // rear leg inner plane
4 16 0 6.734 29 0 6.5 28 0 11 32.5 0 7.422 30
3 16 0 8.549 31 0 7.422 30 0 11 32.5
4 16 0 6.5 28 0 10.5 28 0 11 28.5 0 11 32.5
1 16 0 13 31.3685 0 -1 0 2 0 0 0.8685 0 2 rect2p.dat
1 16 0 17 32.9615 0 -1 0 2 0 0 0.7245 0 2 rect2p.dat
1 16 0 21 34.1565 0 -1 0 2 0 0 0.4705 0 2 rect2p.dat
1 16 0 25 34.844 0 -1 0 2 0 0 0.217 0 2 rect2p.dat
1 16 0 29 35.024 0 -1 0 2 0 0 -0.037 0 2 rect2p.dat
1 16 0 33 34.696 0 -1 0 2 0 0 -0.291 0 2 rect2p.dat
1 16 0 37 33.86 0 -1 0 2 0 0 -0.545 0 2 rect2p.dat
1 16 0 41 32.5165 0 -1 0 2 0 0 -0.7985 0 2 rect2p.dat
1 16 0 45 30.6655 0 -1 0 2 0 0 -1.0525 0 2 rect2p.dat
4 16 0 47 31.613 0 47 27.613 0 51 25 0 50 29.701
4 16 0 50 29.701 0 51 25 0 57 45 0 50 41.848
3 16 0 57 45 0 51 25 0 57 25
4 16 0 50 41.848 0 57 45 0 40.5 47 0 40.5 43
1 16 0 33.25 48 0 -1 0 0 0 7.25 -2 0 -3 rect1.dat
1 16 0 24.646 50.9915 0 -1 0 -1.354 0 0 -0.0085 0 -2 rect2p.dat
1 16 0 21.9375 51.061 0 -1 0 -1.3545 0 0 0.078 0 -2 rect2p.dat
1 16 0 19.229 51.304 0 -1 0 -1.354 0 0 0.165 0 -2 rect2p.dat
1 16 0 16.521 51.7205 0 -1 0 -1.354 0 0 0.2515 0 -2 rect2p.dat
1 16 0 12.7295 52.644 0 -1 0 -2.4375 0 0 0.672 0 -2 rect2p.dat
1 16 0 8.9375 53.811 0 -1 0 -1.3545 0 0 0.495 0 -2 rect2p.dat
1 16 0 6.229 54.8875 0 -1 0 -1.354 0 0 0.5815 0 -2 rect2p.dat
1 16 0 3.521 56.1375 0 -1 0 -1.354 0 0 0.6685 0 -2 rect2p.dat
4 16 0 2.167 54.806 0 2.167 58.806 0 0 60.217 0 0 56
0 // front leg inside plane
1 16 -7.5 9.75 -30.478 0 0 7.5 0.75 -1 0 4.913 0 0 rect.dat
2 24 0 28 -32 -15 28 -32
4 16 0 28 -32 -15 28 -32 -15 27 -31.874 0 27 -31.874
4 16 0 27 -31.874 -15 27 -31.874 -15 26 -31.782 0 26 -31.782
4 16 0 26 -31.782 -15 26 -31.782 -15 25 -31.723 0 25 -31.723
4 16 0 25 -31.723 -15 25 -31.723 -15 24 -31.698 0 24 -31.698
4 16 0 24 -31.698 -15 24 -31.698 -15 23 -31.708 0 23 -31.708
4 16 0 23 -31.708 -15 23 -31.708 -15 22 -31.751 0 22 -31.751
4 16 0 22 -31.751 -15 22 -31.751 -15 21 -31.828 0 21 -31.828
4 16 0 21 -31.828 -15 21 -31.828 -15 20 -31.938 0 20 -31.938
4 16 0 20 -31.938 -15 20 -31.938 -15 19 -32.083 0 19 -32.083
4 16 0 19 -32.083 -15 19 -32.083 -15 18 -32.262 0 18 -32.262
4 16 0 18 -32.262 -15 18 -32.262 -15 17 -32.474 0 17 -32.474
4 16 0 17 -32.474 -15 17 -32.474 -15 16 -32.72 0 16 -32.72
4 16 0 16 -32.72 -15 16 -32.72 -15 15 -33 0 15 -33
4 16 0 15 -33 -15 15 -33 -15 14 -33.314 0 14 -33.314
4 16 0 14 -33.314 -15 14 -33.314 -15 13 -33.662 0 13 -33.662
4 16 0 13 -33.662 -15 13 -33.662 -15 12 -34.043 0 12 -34.043
4 16 0 12 -34.043 -15 12 -34.043 -15 11 -34.458 0 11 -34.458
4 16 0 11 -34.458 -15 11 -34.458 -15 10 -34.908 0 10 -34.908
4 16 0 10 -34.908 -15 10 -34.908 -15 9 -35.391 0 9 -35.391
4 16 0 28 -32 0 30 -31.116 -15 30 -31.116 -15 28 -32
4 16 0 30 -31.116 0 32 -30.384 -15 32 -30.384 -15 30 -31.116
4 16 0 32 -30.384 0 34 -29.803 -15 34 -29.803 -15 32 -30.384
4 16 0 34 -29.803 0 36 -29.375 -15 36 -29.375 -15 34 -29.803
4 16 0 36 -29.375 0 38 -29.098 -15 38 -29.098 -15 36 -29.375
4 16 0 38 -29.098 0 40 -28.973 -15 40 -28.973 -15 38 -29.098
4 16 0 40 -28.973 0 42 -29 -15 42 -29 -15 40 -28.973
4 16 0 42 -29 0 44 -29.179 -15 44 -29.179 -15 42 -29
4 16 0 44 -29.179 0 46 -29.509 -15 46 -29.509 -15 44 -29.179
4 16 0 46 -29.509 0 48 -29.992 -15 48 -29.992 -15 46 -29.509
4 16 0 48 -29.992 0 50 -30.626 -15 50 -30.626 -15 48 -29.992
1 16 -7.5 50 -25.307 0 0 -7.5 0 1 0 5.319 0 0 rect.dat
1 16 -7.5 30.25 -22.7765 0 0 -7.5 -19.75 0 0 -2.7885 1 0 rect2p.dat
0 // belly inside plane 15 15
4 16 0 6.707 27 0 6.55 27.5 -15 6.55 27.5 -15 6.707 27
4 16 0 6.55 27.5 0 6.5 28 -15 6.5 28 -15 6.55 27.5
0 // rear leg inside plane
4 16 0 6.5 28 0 6.734 29 -15 6.734 29 -15 6.5 28
4 16 0 6.734 29 0 7.422 30 -15 7.422 30 -15 6.734 29
4 16 0 7.422 30 0 8.549 31 -15 8.549 31 -15 7.422 30
4 16 0 8.549 31 0 11 32.5 -15 11 32.5 -15 8.549 31
4 16 0 11 32.5 0 15 34.237 -15 15 34.237 -15 11 32.5
4 16 0 15 34.237 0 19 35.686 -15 19 35.686 -15 15 34.237
4 16 0 19 35.686 0 23 36.627 -15 23 36.627 -15 19 35.686
4 16 0 23 36.627 0 27 37.061 -15 27 37.061 -15 23 36.627
4 16 0 27 37.061 0 31 36.987 -15 31 36.987 -15 27 37.061
4 16 0 31 36.987 0 35 36.405 -15 35 36.405 -15 31 36.987
4 16 0 35 36.405 0 39 35.315 -15 39 35.315 -15 35 36.405
4 16 0 39 35.315 0 43 33.718 -15 43 33.718 -15 39 35.315
4 16 0 43 33.718 0 47 31.613 -15 47 31.613 -15 43 33.718
4 16 0 47 31.613 0 50 29.701 -15 50 29.701 -15 47 31.613
1 16 -7.5 50 35.7745 0 0 -7.5 0 1 0 6.0735 0 0 rect.dat
1 16 -7.5 45.25 42.424 7.5 0 0 0 0 -4.75 0 1 0.576 rect3.dat
1 16 -7.5 33.25 46 0 0 -7.5 -7.25 0 0 3 1 0 rect2a.dat
4 16 0 26 49 0 23.292 48.983 -15 23.292 48.983 -15 26 49
4 16 0 23.292 48.983 0 20.583 49.139 -15 20.583 49.139 -15 23.292 48.983
4 16 0 20.583 49.139 0 17.875 49.469 -15 17.875 49.469 -15 20.583 49.139
4 16 0 17.875 49.469 0 15.167 49.972 -15 15.167 49.972 -15 17.875 49.469
4 16 0 15.167 49.972 0 10.292 51.316 -15 10.292 51.316 -15 15.167 49.972
4 16 0 10.292 51.316 0 7.583 52.306 -15 7.583 52.306 -15 10.292 51.316
4 16 0 7.583 52.306 0 4.875 53.469 -15 4.875 53.469 -15 7.583 52.306
4 16 0 4.875 53.469 0 2.167 54.806 -15 2.167 54.806 -15 4.875 53.469
4 16 0 2.167 54.806 0 0 56 -15 0 56 -15 2.167 54.806
0 // leg inside frame
0 // front leg inside frame
2 24 -15 28 -32 -15 27 -31.874
2 24 -15 27 -31.874 -15 26 -31.782
2 24 -15 26 -31.782 -15 25 -31.723
2 24 -15 25 -31.723 -15 24 -31.698
2 24 -15 24 -31.698 -15 23 -31.708
2 24 -15 23 -31.708 -15 22 -31.751
2 24 -15 22 -31.751 -15 21 -31.828
2 24 -15 21 -31.828 -15 20 -31.938
2 24 -15 20 -31.938 -15 19 -32.083
2 24 -15 19 -32.083 -15 18 -32.262
2 24 -15 18 -32.262 -15 17 -32.474
2 24 -15 17 -32.474 -15 16 -32.72
2 24 -15 16 -32.72 -15 15 -33
2 24 -15 15 -33 -15 14 -33.314
2 24 -15 14 -33.314 -15 13 -33.662
2 24 -15 13 -33.662 -15 12 -34.043
2 24 -15 12 -34.043 -15 11 -34.458
2 24 -15 11 -34.458 -15 10 -34.908
2 24 -15 10 -34.908 -15 9 -35.391
2 24 -15 28 -32 -15 30 -31.116
2 24 -15 30 -31.116 -15 32 -30.384
2 24 -15 32 -30.384 -15 34 -29.803
2 24 -15 34 -29.803 -15 36 -29.375
2 24 -15 36 -29.375 -15 38 -29.098
2 24 -15 38 -29.098 -15 40 -28.973
2 24 -15 40 -28.973 -15 42 -29
2 24 -15 42 -29 -15 44 -29.179
2 24 -15 44 -29.179 -15 46 -29.509
2 24 -15 46 -29.509 -15 48 -29.992
2 24 -15 48 -29.992 -15 50 -30.626
0 // belly inside frame
2 24 -15 6.707 27 -15 6.55 27.5
2 24 -15 6.55 27.5 -15 6.5 28
0 // rear leg inside frame
2 24 -15 6.5 28 -15 6.734 29
2 24 -15 6.734 29 -15 7.422 30
2 24 -15 7.422 30 -15 8.549 31
2 24 -15 8.549 31 -15 11 32.5
2 24 -15 11 32.5 -15 15 34.237
2 24 -15 15 34.237 -15 19 35.686
2 24 -15 19 35.686 -15 23 36.627
2 24 -15 23 36.627 -15 27 37.061
2 24 -15 27 37.061 -15 31 36.987
2 24 -15 31 36.987 -15 35 36.405
2 24 -15 35 36.405 -15 39 35.315
2 24 -15 39 35.315 -15 43 33.718
2 24 -15 43 33.718 -15 47 31.613
2 24 -15 47 31.613 -15 50 29.701
2 24 -15 26 49 -15 23.292 48.983
2 24 -15 23.292 48.983 -15 20.583 49.139
2 24 -15 20.583 49.139 -15 17.875 49.469
2 24 -15 17.875 49.469 -15 15.167 49.972
2 24 -15 15.167 49.972 -15 10.292 51.316
2 24 -15 10.292 51.316 -15 7.583 52.306
2 24 -15 7.583 52.306 -15 4.875 53.469
2 24 -15 4.875 53.469 -15 2.167 54.806
2 24 -15 2.167 54.806 -15 0 56
0 // front leg inner side plane
4 16 -15 10.5 -25.565 -15 27 -31.874 -15 28 -32 -15 30 -31.116
3 16 -15 10.5 -25.565 -15 26 -31.782 -15 27 -31.874
3 16 -15 10.5 -25.565 -15 25 -31.723 -15 26 -31.782
3 16 -15 10.5 -25.565 -15 24 -31.698 -15 25 -31.723
3 16 -15 10.5 -25.565 -15 23 -31.708 -15 24 -31.698
3 16 -15 10.5 -25.565 -15 22 -31.751 -15 23 -31.708
3 16 -15 10.5 -25.565 -15 21 -31.828 -15 22 -31.751
3 16 -15 10.5 -25.565 -15 20 -31.938 -15 21 -31.828
3 16 -15 10.5 -25.565 -15 19 -32.083 -15 20 -31.938
3 16 -15 10.5 -25.565 -15 18 -32.262 -15 19 -32.083
3 16 -15 10.5 -25.565 -15 17 -32.474 -15 18 -32.262
3 16 -15 10.5 -25.565 -15 16 -32.72 -15 17 -32.474
3 16 -15 10.5 -25.565 -15 15 -33 -15 16 -32.72
3 16 -15 10.5 -25.565 -15 14 -33.314 -15 15 -33
3 16 -15 10.5 -25.565 -15 13 -33.662 -15 14 -33.314
3 16 -15 10.5 -25.565 -15 12 -34.043 -15 13 -33.662
3 16 -15 10.5 -25.565 -15 11 -34.458 -15 12 -34.043
3 16 -15 10.5 -25.565 -15 10 -34.908 -15 11 -34.458
3 16 -15 10.5 -25.565 -15 9 -35.391 -15 10 -34.908
3 16 -15 30 -31.116 -15 32 -30.384 -15 10.5 -25.565
3 16 -15 32 -30.384 -15 34 -29.803 -15 10.5 -25.565
3 16 -15 34 -29.803 -15 36 -29.375 -15 10.5 -25.565
3 16 -15 36 -29.375 -15 38 -29.098 -15 10.5 -25.565
4 16 -15 10.5 -25.565 -15 38 -29.098 -15 40 -28.973 -15 50 -19.988
3 16 -15 42 -29 -15 50 -19.988 -15 40 -28.973
3 16 -15 44 -29.179 -15 50 -19.988 -15 42 -29
3 16 -15 46 -29.509 -15 50 -19.988 -15 44 -29.179
3 16 -15 48 -29.992 -15 50 -19.988 -15 46 -29.509
3 16 -15 50 -30.626 -15 50 -19.988 -15 48 -29.992
0 // rear leg inner side plane
4 16 -15 6.5 28 -15 6.734 29 -15 2.167 54.806 -15 0 56
4 16 -15 6.734 29 -15 7.422 30 -15 4.875 53.469 -15 2.167 54.806
4 16 -15 7.422 30 -15 8.549 31 -15 7.583 52.306 -15 4.875 53.469
4 16 -15 8.549 31 -15 11 32.5 -15 10.292 51.316 -15 7.583 52.306
4 16 -15 11 32.5 -15 15 34.237 -15 15.167 49.972 -15 10.292 51.316
4 16 -15 15 34.237 -15 19 35.686 -15 17.875 49.469 -15 15.167 49.972
4 16 -15 19 35.686 -15 23 36.627 -15 20.583 49.139 -15 17.875 49.469
4 16 -15 23 36.627 -15 27 37.061 -15 23.292 48.983 -15 20.583 49.139
4 16 -15 27 37.061 -15 31 36.987 -15 26 49 -15 23.292 48.983
4 16 -15 31 36.987 -15 35 36.405 -15 40.5 43 -15 26 49
3 16 -15 39 35.315 -15 40.5 43 -15 35 36.405
4 16 -15 40.5 43 -15 39 35.315 -15 43 33.718 -15 50 41.848
3 16 -15 50 41.848 -15 43 33.718 -15 47 31.613
3 16 -15 50 41.848 -15 47 31.613 -15 50 29.701
0 // breast outside frame
2 24 -20 -32 -10 -19.612 -32.75 -11.9
2 24 -19.612 -32.75 -11.9 -19.221 -33.5 -13.8
2 24 -19.221 -33.5 -13.8 -18.828 -34.25 -15.7
2 24 -18.828 -34.25 -15.7 -18.432 -35 -17.6
2 24 -18.432 -35 -17.6 -18.033 -35.75 -19.5
2 24 -18.033 -35.75 -19.5 -17.632 -36.5 -21.4
2 24 -17.632 -36.5 -21.4 -17.228 -37.25 -23.3
2 24 -17.228 -37.25 -23.3 -16.821 -38 -25.2
2 24 -16.821 -38 -25.2 -16.412 -38.75 -27.1
2 24 -16.412 -38.75 -27.1 -16 -39.5 -29
2 24 -16 -39.5 -29 -15.535 -39.831 -31.129
2 24 -15.535 -39.831 -31.129 -15.062 -39.93 -33.282
2 24 -15.062 -39.93 -33.282 -14.585 -39.795 -35.432
2 24 -14.585 -39.795 -35.432 -14.111 -39.428 -37.555
2 24 -14.111 -39.428 -37.555 -13.646 -38.833 -39.626
2 24 -13.646 -38.833 -39.626 -13.195 -38.018 -41.621
2 24 -13.195 -38.018 -41.621 -12.764 -36.992 -43.515
2 24 -12.764 -36.992 -43.515 -12.358 -35.766 -45.287
2 24 -12.358 -35.766 -45.287 -11.983 -34.356 -46.917
2 24 -11.983 -34.356 -46.917 -11.643 -32.778 -48.384
2 24 -11.643 -32.778 -48.384 -11.68 -31.051 -49.671
2 24 -11.68 -31.051 -49.671 -12.028 -29.194 -50.765
2 24 -12.028 -29.194 -50.765 -12.393 -27.23 -51.65
2 24 -12.393 -27.23 -51.65 -12.769 -25.181 -52.318
2 24 -12.769 -25.181 -52.318 -13.151 -23.072 -52.76
2 24 -13.151 -23.072 -52.76 -13.536 -20.928 -52.972
2 24 -13.536 -20.928 -52.972 -13.917 -18.773 -52.95
2 24 -13.917 -18.773 -52.95 -14.291 -16.634 -52.695
2 24 -14.291 -16.634 -52.695 -14.653 -14.534 -52.21
2 24 -14.653 -14.534 -52.21 -15 -12.5 -51.5
2 24 -15 -12.5 -51.5 -15.261 -10.95 -50.65
2 24 -15.261 -10.95 -50.65 -15.52 -9.4 -49.8
2 24 -15.52 -9.4 -49.8 -15.776 -7.85 -48.95
2 24 -15.776 -7.85 -48.95 -16.03 -6.3 -48.1
2 24 -16.03 -6.3 -48.1 -16.281 -4.75 -47.25
2 24 -16.281 -4.75 -47.25 -16.53 -3.2 -46.4
2 24 -16.53 -3.2 -46.4 -16.776 -1.65 -45.55
2 24 -16.776 -1.65 -45.55 -17.02 -0.1 -44.7
2 24 -17.02 -0.1 -44.7 -17.261 1.45 -43.85
2 24 -17.261 1.45 -43.85 -17.5 3 -43
0 // breast front plane
4 16 -20 -32 -10 -19.612 -32.75 -11.9 0 -32.75 -11.9 0 -32 -10
4 16 -19.612 -32.75 -11.9 -19.221 -33.5 -13.8 0 -33.5 -13.8 0 -32.75 -11.9
4 16 -19.221 -33.5 -13.8 -18.828 -34.25 -15.7 0 -34.25 -15.7 0 -33.5 -13.8
4 16 -18.828 -34.25 -15.7 -18.432 -35 -17.6 -10 -35 -17.6 -10 -34.25 -15.7
4 16 -18.432 -35 -17.6 -18.033 -35.75 -19.5 -10 -35.75 -19.5 -10 -35 -17.6
4 16 -18.033 -35.75 -19.5 -17.632 -36.5 -21.4 -10 -36.5 -21.4 -10 -35.75 -19.5
4 16 -17.632 -36.5 -21.4 -17.228 -37.25 -23.3 -10 -37.25 -23.3 -10 -36.5 -21.4
4 16 -17.228 -37.25 -23.3 -16.821 -38 -25.2 -10 -38 -25.2 -10 -37.25 -23.3
4 16 -16.821 -38 -25.2 -16.412 -38.75 -27.1 -10 -38.75 -27.1 -10 -38 -25.2
4 16 -16.412 -38.75 -27.1 -16 -39.5 -29 -10 -39.5 -29 -10 -38.75 -27.1
4 16 -16 -39.5 -29 -15.535 -39.831 -31.129 -10 -39.831 -31.129 -10 -39.5 -29
4 16 -15.535 -39.831 -31.129 -15.062 -39.93 -33.282 -10 -39.93 -33.282 -10 -39.831 -31.129
4 16 -15.062 -39.93 -33.282 -14.585 -39.795 -35.432 -10 -39.795 -35.432 -10 -39.93 -33.282
4 16 -14.585 -39.795 -35.432 -14.111 -39.428 -37.555 -10 -39.428 -37.555 -10 -39.795 -35.432
4 16 -14.111 -39.428 -37.555 -13.646 -38.833 -39.626 -10 -38.833 -39.626 -10 -39.428 -37.555
4 16 -13.646 -38.833 -39.626 -13.195 -38.018 -41.621 -10 -38.018 -41.621 -10 -38.833 -39.626
4 16 -13.195 -38.018 -41.621 -12.764 -36.992 -43.515 -10 -36.992 -43.515 -10 -38.018 -41.621
4 16 -12.764 -36.992 -43.515 -12.358 -35.766 -45.287 -10 -35.766 -45.287 -10 -36.992 -43.515
4 16 -12.358 -35.766 -45.287 -11.983 -34.356 -46.917 -10 -34.356 -46.917 -10 -35.766 -45.287
4 16 -11.983 -34.356 -46.917 -11.643 -32.778 -48.384 -10 -32.778 -48.384 -10 -34.356 -46.917
4 16 -11.643 -32.778 -48.384 -11.68 -31.051 -49.671 -10 -31.051 -49.671 -10 -32.778 -48.384
4 16 -11.68 -31.051 -49.671 -12.028 -29.194 -50.765 -10 -29.194 -50.765 -10 -31.051 -49.671
4 16 -12.028 -29.194 -50.765 -12.393 -27.23 -51.65 -10 -27.23 -51.65 -10 -29.194 -50.765
4 16 -12.393 -27.23 -51.65 -12.769 -25.181 -52.318 -10 -25.181 -52.318 -10 -27.23 -51.65
4 16 -12.769 -25.181 -52.318 -13.151 -23.072 -52.76 -10 -23.072 -52.76 -10 -25.181 -52.318
4 16 -13.151 -23.072 -52.76 -13.536 -20.928 -52.972 -10 -20.928 -52.972 -10 -23.072 -52.76
4 16 -13.536 -20.928 -52.972 -13.917 -18.773 -52.95 -10 -18.773 -52.95 -10 -20.928 -52.972
4 16 -13.917 -18.773 -52.95 -14.291 -16.634 -52.695 -10 -16.634 -52.695 -10 -18.773 -52.95
4 16 -14.291 -16.634 -52.695 -14.653 -14.534 -52.21 -10 -14.534 -52.21 -10 -16.634 -52.695
4 16 -14.653 -14.534 -52.21 -15 -12.5 -51.5 -10 -12.5 -51.5 -10 -14.534 -52.21
4 16 -15 -12.5 -51.5 -15.261 -10.95 -50.65 -10 -10.95 -50.65 -10 -12.5 -51.5
4 16 -15.261 -10.95 -50.65 -15.52 -9.4 -49.8 -10 -9.4 -49.8 -10 -10.95 -50.65
4 16 -15.52 -9.4 -49.8 -15.776 -7.85 -48.95 -10 -7.85 -48.95 -10 -9.4 -49.8
4 16 -15.776 -7.85 -48.95 -16.03 -6.3 -48.1 -10 -6.3 -48.1 -10 -7.85 -48.95
4 16 -16.03 -6.3 -48.1 -16.281 -4.75 -47.25 -10 -4.75 -47.25 -10 -6.3 -48.1
4 16 -16.281 -4.75 -47.25 -16.53 -3.2 -46.4 -10 -3.2 -46.4 -10 -4.75 -47.25
4 16 -16.53 -3.2 -46.4 -16.776 -1.65 -45.55 -10 -1.65 -45.55 -10 -3.2 -46.4
4 16 -16.776 -1.65 -45.55 -17.02 -0.1 -44.7 -10 -0.1 -44.7 -10 -1.65 -45.55
4 16 -17.02 -0.1 -44.7 -17.261 1.45 -43.85 -10 1.45 -43.85 -10 -0.1 -44.7
4 16 -17.261 1.45 -43.85 -17.5 3 -43 -10 3 -43 -10 1.45 -43.85
0 // breast front optional lines
0 // breast inside side plane
4 16 -10 -34.25 -15.7 -10 -35 -17.6 -10 -23.6411 -18.0452 -10 -31 -15
4 16 -10 -23.6411 -18.0452 -10 -35 -17.6 -10 -35.75 -19.5 -10 -27.4999 -19.6439
3 16 -10 -35.75 -19.5 -10 -36.5 -21.4 -10 -27.4999 -19.6439
4 16 -10 -27.4999 -19.6439 -10 -36.5 -21.4 -10 -37.25 -23.3 -10 -30.8137 -22.1863
3 16 -10 -37.25 -23.3 -10 -38 -25.2 -10 -30.8137 -22.1863
4 16 -10 -30.8137 -22.1863 -10 -38 -25.2 -10 -38.75 -27.1 -10 -33.3561 -25.5001
4 16 -10 -33.3561 -25.5001 -10 -38.75 -27.1 -10 -39.5 -29 -10 -34.9548 -29.3589
3 16 -10 -39.5 -29 -10 -39.831 -31.129 -10 -34.9548 -29.3589
4 16 -10 -34.9548 -29.3589 -10 -39.831 -31.129 -10 -39.93 -33.282 -10 -35.4997 -33.5001
3 16 -10 -39.93 -33.282 -10 -39.795 -35.432 -10 -35.4997 -33.5001
4 16 -10 -35.4997 -33.5001 -10 -39.795 -35.432 -10 -39.428 -37.555 -10 -34.9548 -37.6411
3 16 -10 -39.428 -37.555 -10 -38.833 -39.626 -10 -34.9548 -37.6411
4 16 -10 -34.9548 -37.6411 -10 -38.833 -39.626 -10 -38.018 -41.621 -10 -33.3561 -41.4998
3 16 -10 -38.018 -41.621 -10 -36.992 -43.515 -10 -33.3561 -41.4998
4 16 -10 -33.3561 -41.4998 -10 -36.992 -43.515 -10 -35.766 -45.287 -10 -30.8137 -44.8137
3 16 -10 -35.766 -45.287 -10 -34.356 -46.917 -10 -30.8137 -44.8137
4 16 -10 -30.8137 -44.8137 -10 -34.356 -46.917 -10 -32.778 -48.384 -10 -27.4999 -47.3562
3 16 -10 -32.778 -48.384 -10 -31.051 -49.671 -10 -27.4999 -47.3562
4 16 -10 -27.4999 -47.3562 -10 -31.051 -49.671 -10 -29.194 -50.765 -10 -23.6411 -48.9548
3 16 -10 -29.194 -50.765 -10 -27.23 -51.65 -10 -23.6411 -48.9548
4 16 -10 -23.6411 -48.9548 -10 -27.23 -51.65 -10 -25.181 -52.318 -10 -19.5001 -49.4997
3 16 -10 -25.181 -52.318 -10 -23.072 -52.76 -10 -19.5001 -49.4997
4 16 -10 -19.5001 -49.4997 -10 -23.072 -52.76 -10 -20.928 -52.972 -10 -15.3589 -48.9548
3 16 -10 -20.928 -52.972 -10 -18.773 -52.95 -10 -15.3589 -48.9548
4 16 -10 -15.3589 -48.9548 -10 -18.773 -52.95 -10 -16.634 -52.695 -10 -11.5002 -47.3561
3 16 -10 -16.634 -52.695 -10 -14.534 -52.21 -10 -11.5002 -47.3561
4 16 -10 -11.5002 -47.3561 -10 -14.534 -52.21 -10 -12.5 -51.5 -10 -8.1863 -44.8137
3 16 -10 -12.5 -51.5 -10 -10.95 -50.65 -10 -8.1863 -44.8137
4 16 -10 -8.1863 -44.8137 -10 -10.95 -50.65 -10 -9.4 -49.8 -10 -5.6439 -41.4999
3 16 -10 -9.4 -49.8 -10 -7.85 -48.95 -10 -5.6439 -41.4999
4 16 -10 -5.6439 -41.4999 -10 -7.85 -48.95 -10 -6.3 -48.1 -10 -4.0452 -37.6411
3 16 -10 -6.3 -48.1 -10 -4.75 -47.25 -10 -4.0452 -37.6411
3 16 -10 -4.75 -47.25 -10 -3.2 -46.4 -10 -4.0452 -37.6411
3 16 -10 -3.2 -46.4 -10 -1.65 -45.55 -10 -4.0452 -37.6411
3 16 -10 -1.65 -45.55 -10 -0.1 -44.7 -10 -4.0452 -37.6411
3 16 -10 -0.1 -44.7 -10 1.45 -43.85 -10 -4.0452 -37.6411
4 16 -10 -4.0452 -37.6411 -10 1.45 -43.85 -10 3 -43 -10 0 -39
4 16 -10 -4.0452 -37.6411 -10 0 -39 -10 0 -36 -10 -3.5003 -33.4999
3 16 -10 0 -36 -10 -0.5 -32 -10 -3.5003 -33.4999
4 16 -10 -3.5003 -33.4999 -10 -0.5 -32 -10 -1 -28 -10 -4.0452 -29.3589
4 16 -10 -4.0452 -29.3589 -10 -1 -28 -10 -2.5 -24 -10 -5.6438 -25.5002
4 16 -10 -5.6438 -25.5002 -10 -2.5 -24 -10 -4 -21 -10 -8.1863 -22.1863
4 16 -10 -8.1863 -22.1863 -10 -4 -21 -10 -7 -17 -10 -11.5002 -19.6438
4 16 -10 -11.5002 -19.6438 -10 -7 -17 -10 -12 -15 -10 -15.3589 -18.0452
4 16 -10 -15.3589 -18.0452 -10 -12 -15 -10 -12 -13 -10 -19.4999 -17.5003
4 16 -10 -19.4999 -17.5003 -10 -12 -13 -10 -29 -13 -10 -23.6411 -18.0452
3 16 -10 -29 -13 -10 -31 -15 -10 -23.6411 -18.0452
0 // breast connector
4 16 -14 -11.5 -19.6436 -14 -15.3589 -18.0455 -14 -19.5 -17.5 -14 -19.5 -33.5
4 16 -14 -3.50001 -33.5 -14 -4.04547 -29.359 -14 -5.6436 -25.5 -14 -19.5 -33.5
4 16 -14 -11.5 -47.3564 -14 -8.18657 -44.8135 -14 -5.6436 -41.5 -14 -19.5 -33.5
4 16 -14 -27.5 -47.3564 -14 -23.6411 -48.9545 -14 -19.5 -49.5 -14 -19.5 -33.5
4 16 -14 -35.5 -33.5 -14 -34.9545 -37.641 -14 -33.3564 -41.5 -14 -19.5 -33.5
4 16 -14 -27.5 -19.6436 -14 -30.8134 -22.1865 -14 -33.3564 -25.5 -14 -19.5 -33.5
4 16 -14 -19.5 -33.5 -14 -19.5 -17.5 -14 -23.6411 -18.0455 -14 -27.5 -19.6436
4 16 -14 -19.5 -33.5 -14 -33.3564 -25.5 -14 -34.9545 -29.359 -14 -35.5 -33.5
4 16 -14 -19.5 -33.5 -14 -33.3564 -41.5 -14 -30.8134 -44.8135 -14 -27.5 -47.3564
4 16 -14 -19.5 -33.5 -14 -19.5 -49.5 -14 -15.3589 -48.9545 -14 -11.5 -47.3564
4 16 -14 -19.5 -33.5 -14 -5.6436 -41.5 -14 -4.04547 -37.641 -14 -3.50001 -33.5
4 16 -14 -19.5 -33.5 -14 -5.64362 -25.5 -14 -8.18658 -22.1865 -14 -11.5 -19.6436
1 16 10 -19.5 -33.5 0 -24 0 1 0 0 0 0 1 s/4494s.dat
1 16 10 -19.5 -33.5 0 -24 0 0.5 0 0.866025 -0.866025 0 0.5 s/4494s.dat
1 16 10 -19.5 -33.5 0 -24 0 -0.5 0 0.866025 -0.866025 0 -0.5 s/4494s.dat
1 16 10 -19.5 -33.5 0 -24 0 -1 0 0 0 0 -1 s/4494s.dat
1 16 10 -19.5 -33.5 0 -24 0 -0.5 0 -0.866025 0.866025 0 -0.5 s/4494s.dat
1 16 10 -19.5 -33.5 0 -24 0 0.5 0 -0.866024 0.866024 0 0.5 s/4494s.dat
1 16 10 -19.5 -33.5 0 -24 0 -1 0 0 0 0 1 s/4494s.dat
1 16 10 -19.5 -33.5 0 -24 0 -0.5 0 -0.866025 -0.866025 0 0.5 s/4494s.dat
1 16 10 -19.5 -33.5 0 -24 0 0.5 0 -0.866025 -0.866025 0 -0.5 s/4494s.dat
1 16 10 -19.5 -33.5 0 -24 0 1 0 0 0 0 -1 s/4494s.dat
1 16 10 -19.5 -33.5 0 -24 0 0.5 0 0.866025 0.866025 0 -0.5 s/4494s.dat
1 16 10 -19.5 -33.5 0 -24 0 -0.5 0 0.866024 0.866024 0 0.5 s/4494s.dat
2 24 -10 -35.4997 -33.5001 -10 -34.9548 -37.6411
2 24 -10 -34.9548 -29.3589 -10 -35.4997 -33.5001
2 24 -10 -33.3561 -25.5001 -10 -34.9548 -29.3589
2 24 -10 -30.8137 -22.1863 -10 -33.3561 -25.5001
2 24 -10 -27.4998 -47.3562 -10 -23.6411 -48.9548
2 24 -10 -30.8137 -44.8137 -10 -27.4998 -47.3562
2 24 -10 -33.3562 -41.4998 -10 -30.8137 -44.8137
2 24 -10 -34.9548 -37.6411 -10 -33.3562 -41.4998
2 24 -10 -27.4999 -19.6439 -10 -30.8137 -22.1863
2 24 -10 -23.6411 -18.0452 -10 -27.4999 -19.6439
2 24 -10 -19.4999 -17.5003 -10 -23.6411 -18.0452
2 24 -10 -15.3589 -18.0452 -10 -19.4999 -17.5003
2 24 -10 -3.5003 -33.4999 -10 -4.0452 -29.3589
2 24 -10 -4.0452 -37.6411 -10 -3.5003 -33.4999
2 24 -10 -5.6439 -41.4999 -10 -4.0452 -37.6411
2 24 -10 -8.1863 -44.8137 -10 -5.6439 -41.4999
2 24 -10 -11.5002 -19.6438 -10 -15.3589 -18.0452
2 24 -10 -8.1863 -22.1863 -10 -11.5002 -19.6438
2 24 -10 -5.6438 -25.5002 -10 -8.1863 -22.1863
2 24 -10 -4.0452 -29.3589 -10 -5.6438 -25.5002
2 24 -10 -11.5001 -47.3561 -10 -8.1863 -44.8137
2 24 -10 -15.3589 -48.9548 -10 -11.5001 -47.3561
2 24 -10 -19.5001 -49.4997 -10 -15.3589 -48.9548
2 24 -10 -23.6411 -48.9548 -10 -19.5001 -49.4997
0 // buttock connector
1 16 10 -11 37 0 -25 0 1 0 0 0 0 1 s/4494s.dat
1 16 10 -11 37 0 -25 0 0.5 0 0.866025 -0.866025 0 0.5 s/4494s.dat
1 16 10 -11 37 0 -25 0 -0.5 0 0.866025 -0.866025 0 -0.5 s/4494s.dat
1 16 10 -11 37 0 -25 0 -1 0 0 0 0 -1 s/4494s.dat
1 16 10 -11 37 0 -25 0 -0.5 0 -0.866025 0.866025 0 -0.5 s/4494s.dat
1 16 10 -11 37 0 -25 0 0.5 0 -0.866024 0.866024 0 0.5 s/4494s.dat
1 16 10 -11 37 0 -25 0 -1 0 0 0 0 1 s/4494s.dat
1 16 10 -11 37 0 -25 0 -0.5 0 -0.866025 -0.866025 0 0.5 s/4494s.dat
1 16 10 -11 37 0 -25 0 0.5 0 -0.866025 -0.866025 0 -0.5 s/4494s.dat
1 16 10 -11 37 0 -25 0 1 0 0 0 0 -1 s/4494s.dat
1 16 10 -11 37 0 -25 0 0.5 0 0.866025 0.866025 0 -0.5 s/4494s.dat
1 16 10 -11 37 0 -25 0 -0.5 0 0.866024 0.866024 0 0.5 s/4494s.dat
0 // buttock inside side plane
4 16 -15 6.5 28 -15 0 56 -15 -28 14 -15 6.55 27.5
3 16 -15 -28 14 -15 6.707 27 -15 6.55 27.5
0 // saddle frame
2 24 -16 3 -10 -16 3 -2
2 24 -16 3 2 -16 3 10
2 24 -16 3 10 -16 8 10
2 24 -16 8 -10 -16 3 -10
2 24 -16 9.589 -8 -16 9.817 -5
2 24 -16 9.817 -5 -16 9.956 -2
2 24 -16 9.956 -2 -16 3 -2
2 24 -16 10 2 -16 3 2
2 24 -16 10 2 -16 9.97 4
2 24 -16 9.97 4 -16 9.845 7
0 // saddle plane
4 16 -16 8 -10 -16 9.589 -8 -16 9.817 -5 -16 3 -10
4 16 -16 3 -10 -16 9.817 -5 -16 9.956 -2 -16 3 -2
4 16 -16 3 10 -16 3 2 -16 10 2 -16 9.97 4
4 16 -16 3 10 -16 9.97 4 -16 9.845 7 -16 8 10
1 16 -16.5 2.4 -10 0 0 -0.5 0.6 0 0 0 -1 0 rect3.dat
1 16 -11 3 0 0 0 5 0 1 0 -2 0 0 rect3.dat
1 16 -3 3.5 0 0 0 3 0 1 0.5 -2 0 0 rect3.dat
1 16 -18 0 0 2 0 0 0 1 0 0 0 10 rect1.dat
1 16 -16 0.9 0 0 -1 0 0 0 0.9 -10 0 0 rect3.dat
1 16 -16.5 2.4 10 0 0 -0.5 -0.6 0 0 0 1 0 rect3.dat
1 16 -16.5 1.8 0 -0.5 0 0 0 -1 0 0 0 10 rect1.dat
1 16 -16.5 3 0 -0.5 0 0 0 1 0 0 0 -10 rect1.dat
4 16 -17 3 10 -17 1.8 10 -17 1.8 -10 -17 3 -10
1 16 -8 8.7945 -9 -8 0 0 0 1 -0.7945 0 0 -1 rect.dat
1 16 -8 8.9225 8.5 -8 0 0 0 1 0.9225 0 0 -1.5 rect.dat
4 16 0 8 10 0 9.845 7 0 9.632 10 0 9.33 13
3 16 0 9.273 -11 0 9.589 -8 0 8 -10
0 // Added lines/Condlines
5 24 0 27 -35.874 -20 27 -35.874 -20 28 -36 0 26 -35.782
5 24 0 26 -35.782 -20 26 -35.782 -20 27 -35.874 0 25 -35.723
5 24 0 25 -35.723 -20 25 -35.723 -20 26 -35.782 0 24 -35.698
5 24 0 24 -35.698 -20 24 -35.698 -20 25 -35.723 0 23 -35.708
5 24 0 23 -35.708 -20 23 -35.708 -20 24 -35.698 0 22 -35.751
5 24 0 22 -35.751 -20 22 -35.751 -20 23 -35.708 0 21 -35.828
5 24 0 21 -35.828 -20 21 -35.828 -20 22 -35.751 0 20 -35.938
5 24 0 20 -35.938 -20 20 -35.938 -20 21 -35.828 0 19 -36.083
5 24 0 19 -36.083 -20 19 -36.083 -20 20 -35.938 0 18 -36.262
5 24 0 18 -36.262 -20 18 -36.262 -20 19 -36.083 0 17 -36.474
5 24 0 17 -36.474 -20 17 -36.474 -20 18 -36.262 0 16 -36.72
5 24 0 16 -36.72 -20 16 -36.72 -20 17 -36.474 0 15 -37
5 24 0 15 -37 -20 15 -37 -20 16 -36.72 0 14 -37.314
5 24 0 14 -37.314 -19.792 14 -37.314 -20 15 -37 0 13 -37.662
5 24 0 13 -37.662 -19.583 13 -37.662 -19.792 14 -37.314 0 12 -38.043
5 24 0 12 -38.043 -19.375 12 -38.043 -19.583 13 -37.662 0 11 -38.458
5 24 0 11 -38.458 -19.167 11 -38.458 -19.375 12 -38.043 0 10 -38.908
5 24 0 10 -38.908 -18.958 10 -38.908 -19.167 11 -38.458 0 9 -39.391
5 24 0 9 -39.391 -18.75 9 -39.391 -18.958 10 -38.908 0 8 -39.908
5 24 0 8 -39.908 -18.542 8 -39.908 -18.75 9 -39.391 0 7 -40.458
5 24 0 7 -40.458 -18.333 7 -40.458 -18.542 8 -39.908 0 6 -41.043
5 24 0 6 -41.043 -18.125 6 -41.043 -18.333 7 -40.458 0 5 -41.662
5 24 0 5 -41.662 -17.917 5 -41.662 -18.125 6 -41.043 0 4 -42.314
5 24 0 4 -42.314 -17.708 4 -42.314 -17.917 5 -41.662 0 3 -43
5 24 -20 30 -35.116 0 30 -35.116 -20 28 -36 -20 32 -34.384
5 24 -20 32 -34.384 0 32 -34.384 -20 30 -35.116 -20 34 -33.803
5 24 -20 34 -33.803 0 34 -33.803 -20 32 -34.384 -20 36 -33.375
5 24 -20 36 -33.375 0 36 -33.375 -20 34 -33.803 -20 38 -33.098
5 24 -20 38 -33.098 0 38 -33.098 -20 36 -33.375 -20 40 -32.973
5 24 -20 40 -32.973 0 40 -32.973 -20 38 -33.098 -20 42 -33
5 24 -20 42 -33 0 42 -33 -20 40 -32.973 -20 44 -33.179
5 24 -20 44 -33.179 0 44 -33.179 -20 42 -33 -20 46 -33.509
5 24 -20 46 -33.509 0 46 -33.509 -20 44 -33.179 -20 48 -33.992
5 24 -20 48 -33.992 0 48 -33.992 -20 46 -33.509 -20 50 -34.626
5 24 -20 50 -34.626 0 50 -34.626 -20 48 -33.992 -20 51 -35
5 24 -20 14.5 -21 0 14.5 -21 -20 57 -15 -20 13.312 -20.8
5 24 -20 13.312 -20.8 0 13.312 -20.8 -20 14.5 -21 -20 12.5 -20.2
5 24 -20 12.5 -20.2 0 12.5 -20.2 -20 13.312 -20.8 -20 12.152 -19.6
5 24 -20 12.152 -19.6 0 12.152 -19.6 -20 12.5 -20.2 -20 12 -19
5 24 -20 12 -19 0 12 -19 -20 12.152 -19.6 0 12.377 -17
5 24 -20 10.55 27.5 0 10.55 27.5 -20 10.707 27 -20 10.5 28
5 24 0 10.707 27 -20 10.707 27 -20 10.55 27.5 0 11.242 25
5 24 -20 10.5 28 0 10.5 28 -20 10.55 27.5 -20 11 28.5
5 24 -20 11 28.5 0 11 28.5 -20 10.5 28 -20 15 30.237
5 24 -20 15 30.237 0 15 30.237 -20 11 28.5 -20 19 31.686
5 24 -20 19 31.686 0 19 31.686 -20 15 30.237 -20 23 32.627
5 24 -20 23 32.627 0 23 32.627 -20 19 31.686 -20 27 33.061
5 24 -20 27 33.061 0 27 33.061 -20 23 32.627 -20 31 32.987
5 24 -20 31 32.987 0 31 32.987 -20 27 33.061 -20 35 32.405
5 24 -20 35 32.405 0 35 32.405 -20 31 32.987 -20 39 31.315
5 24 -20 39 31.315 0 39 31.315 -20 35 32.405 -20 43 29.718
5 24 -20 43 29.718 0 43 29.718 -20 39 31.315 -20 47 27.613
5 24 -20 47 27.613 0 47 27.613 -20 43 29.718 -20 51 25
5 24 -20 23.292 52.983 0 23.292 52.983 -20 26 53 -20 20.583 53.139
5 24 -20 20.583 53.139 0 20.583 53.139 -20 23.292 52.983 -20 17.875 53.469
5 24 -20 17.875 53.469 0 17.875 53.469 -20 20.583 53.139 -20 15.167 53.972
5 24 -20 15.167 53.972 0 15.167 53.972 -20 17.875 53.469 -20 10.292 55.316
5 24 -20 10.292 55.316 0 10.292 55.316 -20 15.167 53.972 -20 7.583 56.306
5 24 -20 7.583 56.306 0 7.583 56.306 -20 10.292 55.316 -20 4.875 57.469
5 24 -20 4.875 57.469 0 4.875 57.469 -20 7.583 56.306 -20 2.167 58.806
5 24 -20 2.167 58.806 0 2.167 58.806 -20 4.875 57.469 -20 0 60.217
5 24 -20 0 60.217 0 0 60.217 -20 2.167 58.806 -20 -0.088 60.249
5 24 -15 27 -31.874 0 27 -31.874 0 28 -32 -15 26 -31.782
5 24 -15 26 -31.782 0 26 -31.782 0 27 -31.874 -15 25 -31.723
5 24 -15 25 -31.723 0 25 -31.723 0 26 -31.782 -15 24 -31.698
5 24 -15 24 -31.698 0 24 -31.698 0 25 -31.723 -15 23 -31.708
5 24 -15 23 -31.708 0 23 -31.708 0 24 -31.698 -15 22 -31.751
5 24 -15 22 -31.751 0 22 -31.751 0 23 -31.708 -15 21 -31.828
5 24 -15 21 -31.828 0 21 -31.828 0 22 -31.751 -15 20 -31.938
5 24 -15 20 -31.938 0 20 -31.938 0 21 -31.828 -15 19 -32.083
5 24 -15 19 -32.083 0 19 -32.083 0 20 -31.938 -15 18 -32.262
5 24 -15 18 -32.262 0 18 -32.262 0 19 -32.083 -15 17 -32.474
5 24 -15 17 -32.474 0 17 -32.474 0 18 -32.262 -15 16 -32.72
5 24 -15 16 -32.72 0 16 -32.72 0 17 -32.474 -15 15 -33
5 24 -15 15 -33 0 15 -33 0 16 -32.72 -15 14 -33.314
5 24 -15 14 -33.314 0 14 -33.314 0 15 -33 -15 13 -33.662
5 24 -15 13 -33.662 0 13 -33.662 0 14 -33.314 -15 12 -34.043
5 24 -15 12 -34.043 0 12 -34.043 0 13 -33.662 -15 11 -34.458
5 24 -15 11 -34.458 0 11 -34.458 0 12 -34.043 -15 10 -34.908
5 24 -15 10 -34.908 0 10 -34.908 0 11 -34.458 -15 9 -35.391
5 24 0 30 -31.116 -15 30 -31.116 0 28 -32 0 32 -30.384
5 24 0 32 -30.384 -15 32 -30.384 0 30 -31.116 0 34 -29.803
5 24 0 34 -29.803 -15 34 -29.803 0 32 -30.384 0 36 -29.375
5 24 0 36 -29.375 -15 36 -29.375 0 34 -29.803 0 38 -29.098
5 24 0 38 -29.098 -15 38 -29.098 0 36 -29.375 0 40 -28.973
5 24 0 40 -28.973 -15 40 -28.973 0 38 -29.098 0 42 -29
5 24 0 42 -29 -15 42 -29 0 40 -28.973 0 44 -29.179
5 24 0 44 -29.179 -15 44 -29.179 0 42 -29 0 46 -29.509
5 24 0 46 -29.509 -15 46 -29.509 0 44 -29.179 0 48 -29.992
5 24 0 48 -29.992 -15 48 -29.992 0 46 -29.509 0 50 -30.626
5 24 0 6.55 27.5 -15 6.55 27.5 0 6.707 27 0 6.5 28
5 24 -15 6.707 27 0 6.707 27 0 6.55 27.5 -15 7.242 25
5 24 0 6.5 28 -15 6.5 28 0 6.55 27.5 0 6.734 29
5 24 0 6.734 29 -15 6.734 29 0 6.5 28 0 7.422 30
5 24 0 7.422 30 -15 7.422 30 0 6.734 29 0 8.549 31
5 24 0 8.549 31 -15 8.549 31 0 7.422 30 0 11 32.5
5 24 0 11 32.5 -15 11 32.5 0 8.549 31 0 15 34.237
5 24 0 15 34.237 -15 15 34.237 0 11 32.5 0 19 35.686
5 24 0 19 35.686 -15 19 35.686 0 15 34.237 0 23 36.627
5 24 0 23 36.627 -15 23 36.627 0 19 35.686 0 27 37.061
5 24 0 27 37.061 -15 27 37.061 0 23 36.627 0 31 36.987
5 24 0 31 36.987 -15 31 36.987 0 27 37.061 0 35 36.405
5 24 0 35 36.405 -15 35 36.405 0 31 36.987 0 39 35.315
5 24 0 39 35.315 -15 39 35.315 0 35 36.405 0 43 33.718
5 24 0 43 33.718 -15 43 33.718 0 39 35.315 0 47 31.613
5 24 0 47 31.613 -15 47 31.613 0 43 33.718 0 50 29.701
5 24 0 23.292 48.983 -15 23.292 48.983 0 26 49 0 20.583 49.139
5 24 0 20.583 49.139 -15 20.583 49.139 0 23.292 48.983 0 17.875 49.469
5 24 0 17.875 49.469 -15 17.875 49.469 0 20.583 49.139 0 15.167 49.972
5 24 0 15.167 49.972 -15 15.167 49.972 0 17.875 49.469 0 10.292 51.316
5 24 0 10.292 51.316 -15 10.292 51.316 0 15.167 49.972 0 7.583 52.306
5 24 0 7.583 52.306 -15 7.583 52.306 0 10.292 51.316 0 4.875 53.469
5 24 0 4.875 53.469 -15 4.875 53.469 0 7.583 52.306 0 2.167 54.806
5 24 0 2.167 54.806 -15 2.167 54.806 0 4.875 53.469 0 0 56
5 24 0 0 56 -15 0 56 0 2.167 54.806 0 -1.745 56.554
5 24 -16 -39.5 -29 -10 -39.5 -29 -16.412 -38.75 -27.1 -15.535 -39.831 -31.129
5 24 -15.535 -39.831 -31.129 -10 -39.831 -31.129 -16 -39.5 -29 -15.062 -39.93 -33.282
5 24 -15.062 -39.93 -33.282 -10 -39.93 -33.282 -15.535 -39.831 -31.129 -14.585 -39.795 -35.432
5 24 -14.585 -39.795 -35.432 -10 -39.795 -35.432 -15.062 -39.93 -33.282 -14.111 -39.428 -37.555
5 24 -14.111 -39.428 -37.555 -10 -39.428 -37.555 -14.585 -39.795 -35.432 -13.646 -38.833 -39.626
5 24 -13.646 -38.833 -39.626 -10 -38.833 -39.626 -14.111 -39.428 -37.555 -13.195 -38.018 -41.621
5 24 -13.195 -38.018 -41.621 -10 -38.018 -41.621 -13.646 -38.833 -39.626 -12.764 -36.992 -43.515
5 24 -12.764 -36.992 -43.515 -10 -36.992 -43.515 -13.195 -38.018 -41.621 -12.358 -35.766 -45.287
5 24 -12.358 -35.766 -45.287 -10 -35.766 -45.287 -12.764 -36.992 -43.515 -11.983 -34.356 -46.917
5 24 -11.983 -34.356 -46.917 -10 -34.356 -46.917 -12.358 -35.766 -45.287 -11.643 -32.778 -48.384
5 24 -11.643 -32.778 -48.384 -10 -32.778 -48.384 -11.983 -34.356 -46.917 -11.68 -31.051 -49.671
5 24 -11.68 -31.051 -49.671 -10 -31.051 -49.671 -11.643 -32.778 -48.384 -12.028 -29.194 -50.765
5 24 -12.028 -29.194 -50.765 -10 -29.194 -50.765 -11.68 -31.051 -49.671 -12.393 -27.23 -51.65
5 24 -12.393 -27.23 -51.65 -10 -27.23 -51.65 -12.028 -29.194 -50.765 -12.769 -25.181 -52.318
5 24 -12.769 -25.181 -52.318 -10 -25.181 -52.318 -12.393 -27.23 -51.65 -13.151 -23.072 -52.76
5 24 -13.151 -23.072 -52.76 -10 -23.072 -52.76 -12.769 -25.181 -52.318 -13.536 -20.928 -52.972
5 24 -13.536 -20.928 -52.972 -10 -20.928 -52.972 -13.151 -23.072 -52.76 -13.917 -18.773 -52.95
5 24 -13.917 -18.773 -52.95 -10 -18.773 -52.95 -13.536 -20.928 -52.972 -14.291 -16.634 -52.695
5 24 -14.291 -16.634 -52.695 -10 -16.634 -52.695 -13.917 -18.773 -52.95 -14.653 -14.534 -52.21
5 24 -14.653 -14.534 -52.21 -10 -14.534 -52.21 -14.291 -16.634 -52.695 -15 -12.5 -51.5
5 24 -15 -12.5 -51.5 -10 -12.5 -51.5 -14.653 -14.534 -52.21 -15.261 -10.95 -50.65
5 24 -17.5 3 -43 -10 3 -43 -17.261 1.45 -43.85 -17.708 4 -42.314

0 FILE parts/s/4494s00.dat
0 ~Animal Horse Body Right - Side Surface
0 Name: s\4494s00.dat
0 Author: Magnus Forsberg [MagFors]
0 !LDRAW_ORG Subpart UPDATE 2015-01
0 !LICENSE Licensed under CC BY 4.0 : see CAreadme.txt

0 BFC CERTIFY CCW

0 !HISTORY 2014-12-14 [MagFors] Original part shape by Sascha Broich
0 !HISTORY 2014-12-14 [MagFors] Subfiled for patterns
0 !HISTORY 2015-10-11 [PTadmin] Official Update 2015-01


0 // buttock outside frame

4 16 -20 0 10 -20 -32 10 -20 -34 39 -20 -34.046 40.805
4 16 -20 0 10 -20 -34.046 40.805 -20 -33.933 42.598 -20 -33.663 44.369
4 16 -20 0 10 -20 -33.663 44.369 -20 -33.238 46.107 -20 -32.659 47.802
4 16 -20 0 10 -20 -32.659 47.802 -20 -31.931 49.442 -20 -31.058 51.017
4 16 -20 0 10 -20 -31.058 51.017 -20 -30.046 52.519 -20 -28.9 53.937
4 16 -20 0 10 -20 -28.9 53.937 -20 -27.628 55.263 -20 -26.237 56.489
4 16 -20 0 10 -20 -26.237 56.489 -20 -24.736 57.607 -20 -23.135 58.611
4 16 -20 0 10 -20 -23.135 58.611 -20 -21.443 59.493 -20 -19.671 60.249
4 16 -20 0 10 -20 -19.671 60.249 -20 -17.829 60.874 -20 -15.929 61.365
4 16 -20 0 10 -20 -15.929 61.365 -20 -13.983 61.717 -20 -12.003 61.929
4 16 -20 0 10 -20 -12.003 61.929 -20 -10 62 -20 -7.988 61.929
4 16 -20 0 10 -20 -7.988 61.929 -20 -5.978 61.717 -20 -3.983 61.365
4 16 -20 0 10 -20 -3.983 61.365 -20 -2.016 60.874 -20 -0.088 60.249
4 16 -20 0 10 -20 -0.088 60.249 -20 0 60.217 -20 10.5 28
0 // belly outside plane
4 16 -20 12.377 -17 -20 12 -19 -20 0 -10 -20 12.869 -14
4 16 -20 13.273 -11 -20 12.869 -14 -20 0 -10 -20 13.589 -8
4 16 -20 13.817 -5 -20 13.589 -8 -20 0 -10 -20 13.956 -2
4 16 -20 14.007 1 -20 13.956 -2 -20 0 -10 -20 13.97 4
4 16 -20 13.97 4 -20 0 -10 -20 0 10 -20 13.845 7
4 16 -20 13.632 10 -20 13.845 7 -20 0 10 -20 13.33 13
4 16 -20 12.941 16 -20 13.33 13 -20 0 10 -20 12.463 19
4 16 -20 11.897 22 -20 12.463 19 -20 0 10 -20 11.242 25
4 16 -20 10.707 27 -20 11.242 25 -20 0 10 -20 10.55 27.5
0 // front leg outside plane
4 16 -20 28 -36 -20 27 -35.874 -20 14.5 -21 -20 30 -35.116
3 16 -20 14.5 -21 -20 27 -35.874 -20 26 -35.782
3 16 -20 14.5 -21 -20 26 -35.782 -20 25 -35.723
3 16 -20 14.5 -21 -20 25 -35.723 -20 24 -35.698
3 16 -20 14.5 -21 -20 24 -35.698 -20 23 -35.708
3 16 -20 14.5 -21 -20 23 -35.708 -20 22 -35.751
3 16 -20 14.5 -21 -20 22 -35.751 -20 21 -35.828
3 16 -20 14.5 -21 -20 21 -35.828 -20 20 -35.938
3 16 -20 14.5 -21 -20 20 -35.938 -20 19 -36.083
3 16 -20 14.5 -21 -20 19 -36.083 -20 18 -36.262
4 16 -20 18 -36.262 -20 17 -36.474 -20 13.312 -20.8 -20 14.5 -21
4 16 -20 17 -36.474 -20 16 -36.72 -20 12.5 -20.2 -20 13.312 -20.8
4 16 -20 16 -36.72 -20 15 -37 -20 12.152 -19.6 -20 12.5 -20.2
3 16 -20 32 -34.384 -20 30 -35.116 -20 14.5 -21
3 16 -20 34 -33.803 -20 32 -34.384 -20 14.5 -21
3 16 -20 36 -33.375 -20 34 -33.803 -20 14.5 -21
3 16 -20 38 -33.098 -20 36 -33.375 -20 14.5 -21
4 16 -20 40 -32.973 -20 38 -33.098 -20 14.5 -21 -20 57 -15
3 16 -20 40 -32.973 -20 57 -15 -20 42 -33
3 16 -20 42 -33 -20 57 -15 -20 44 -33.179
3 16 -20 44 -33.179 -20 57 -15 -20 46 -33.509
3 16 -20 46 -33.509 -20 57 -15 -20 48 -33.992
3 16 -20 48 -33.992 -20 57 -15 -20 50 -34.626
4 16 -20 51 -35 -20 50 -34.626 -20 57 -15 -20 57 -35
3 16 -20 14 -37.2 -20 13 -37.4 -20 0 -10
3 16 -20 13 -37.4 -20 12 -37.6 -20 0 -10
3 16 -20 12 -37.6 -20 11 -37.8 -20 0 -10
3 16 -20 11 -37.8 -20 10 -38 -20 0 -10
3 16 -20 10 -38 -20 9 -38.2 -20 0 -10
3 16 -20 9 -38.2 -20 8 -38.4 -20 0 -10
3 16 -20 8 -38.4 -20 7 -38.6 -20 0 -10
3 16 -20 7 -38.6 -20 6 -38.8 -20 0 -10
3 16 -20 6 -38.8 -20 5 -39 -20 0 -10
3 16 -20 5 -39 -20 4 -39.2 -20 0 -10
3 16 -20 4 -39.2 -20 3 -39.4 -20 0 -10
4 16 -20 0 -10 -20 12.152 -19.6 -20 15 -37 -20 14 -37.2
0 // rear leg outside plane
4 16 -20 26 53 -20 15 30.237 -20 11 28.5 -20 23.292 52.983
3 16 -20 15 30.237 -20 26 53 -20 19 31.686
3 16 -20 19 31.686 -20 26 53 -20 23 32.627
3 16 -20 23 32.627 -20 26 53 -20 27 33.061
4 16 -20 31 32.987 -20 27 33.061 -20 26 53 -20 40.5 47
3 16 -20 40.5 47 -20 35 32.405 -20 31 32.987
3 16 -20 40.5 47 -20 39 31.315 -20 35 32.405
3 16 -20 40.5 47 -20 43 29.718 -20 39 31.315
4 16 -20 47 27.613 -20 43 29.718 -20 40.5 47 -20 57 45
4 16 -20 51 25 -20 47 27.613 -20 57 45 -20 57 25
3 16 -20 20.583 53.139 -20 23.292 52.983 -20 11 28.5
3 16 -20 17.875 53.469 -20 20.583 53.139 -20 11 28.5
3 16 -20 15.167 53.972 -20 17.875 53.469 -20 11 28.5
3 16 -20 10.292 55.316 -20 15.167 53.972 -20 11 28.5
3 16 -20 7.583 56.306 -20 10.292 55.316 -20 11 28.5
3 16 -20 4.875 57.469 -20 7.583 56.306 -20 11 28.5
3 16 -20 2.167 58.806 -20 4.875 57.469 -20 11 28.5
4 16 -20 0 60.217 -20 2.167 58.806 -20 11 28.5 -20 10.5 28
0 // belly outside plane
3 16 -20 10.5 28 -20 10.55 27.5 -20 0 10
3 16 -20 0 -10 -20 12 -19 -20 12.152 -19.6
0 // breast outside side plane
4 16 -20 -31.973 -11.499 -20 -32 -10 -20 0 -10 -20 -31.891 -12.984
4 16 -20 -31.754 -14.453 -20 -31.891 -12.984 -20 0 -10 -20 -31.564 -15.904
4 16 -20 -31.319 -17.334 -20 -31.564 -15.904 -20 0 -10 -20 -31.021 -18.74
4 16 -20 -30.67 -20.12 -20 -31.021 -18.74 -20 0 -10 -20 -30.266 -21.472
4 16 -20 -29.811 -22.794 -20 -30.266 -21.472 -20 0 -10 -20 -29.305 -24.083
4 16 -20 -28.749 -25.336 -20 -29.305 -24.083 -20 0 -10 -20 -28.143 -26.553
4 16 -20 -27.49 -27.731 -20 -28.143 -26.553 -20 0 -10 -20 -26.789 -28.867
4 16 -20 -26.043 -29.96 -20 -26.789 -28.867 -20 0 -10 -20 -25.252 -31.008
4 16 -20 -24.419 -32.009 -20 -25.252 -31.008 -20 0 -10 -20 -23.543 -32.962
4 16 -20 -22.627 -33.864 -20 -23.543 -32.962 -20 0 -10 -20 -21.673 -34.715
4 16 -20 -20.682 -35.513 -20 -21.673 -34.715 -20 0 -10 -20 -19.655 -36.256
4 16 -20 -18.594 -36.943 -20 -19.655 -36.256 -20 0 -10 -20 -17.502 -37.573
4 16 -20 -16.38 -38.146 -20 -17.502 -37.573 -20 0 -10 -20 -15.23 -38.659
4 16 -20 -14.054 -39.112 -20 -15.23 -38.659 -20 0 -10 -20 -12.854 -39.505
4 16 -20 -11.632 -39.836 -20 -12.854 -39.505 -20 0 -10 -20 -10.39 -40.106
4 16 -20 -9.131 -40.313 -20 -10.39 -40.106 -20 0 -10 -20 -7.856 -40.457
4 16 -20 -6.567 -40.539 -20 -7.856 -40.457 -20 0 -10 -20 -5.267 -40.557
4 16 -20 -3.958 -40.512 -20 -5.267 -40.557 -20 0 -10 -20 -2.643 -40.404
4 16 -20 -1.322 -40.233 -20 -2.643 -40.404 -20 0 -10 -20 0 -40
3 16 -20 1.5 -39.7 -20 0 -40 -20 0 -10
3 16 -20 3 -39.4 -20 1.5 -39.7 -20 0 -10
0 // breast outside upper plane
3 16 -20 -32 -10 -19.845 -32.517 -11.78 -19.612 -32.75 -11.9
3 16 -19.845 -32.517 -11.78 -19.688 -33.017 -13.555 -19.612 -32.75 -11.9
3 16 -19.688 -33.017 -13.555 -19.221 -33.5 -13.8 -19.612 -32.75 -11.9
5 24 -19.612 -32.75 -11.9 -19.688 -33.017 -13.555 -19.845 -32.517 -11.78 -19.221 -33.5 -13.8
3 16 -19.688 -33.017 -13.555 -19.531 -33.501 -15.326 -19.221 -33.5 -13.8
3 16 -19.531 -33.501 -15.326 -18.828 -34.25 -15.7 -19.221 -33.5 -13.8
5 24 -19.221 -33.5 -13.8 -19.531 -33.501 -15.326 -19.688 -33.017 -13.555 -18.828 -34.25 -15.7
3 16 -19.531 -33.501 -15.326 -19.373 -33.969 -17.091 -18.828 -34.25 -15.7
3 16 -19.373 -33.969 -17.091 -18.432 -35 -17.6 -18.828 -34.25 -15.7
5 24 -18.828 -34.25 -15.7 -19.373 -33.969 -17.091 -19.531 -33.501 -15.326 -18.432 -35 -17.6
3 16 -19.373 -33.969 -17.091 -19.213 -34.421 -18.85 -18.432 -35 -17.6
3 16 -19.213 -34.421 -18.85 -18.033 -35.75 -19.5 -18.432 -35 -17.6
5 24 -18.432 -35 -17.6 -19.213 -34.421 -18.85 -19.373 -33.969 -17.091 -18.033 -35.75 -19.5
3 16 -19.213 -34.421 -18.85 -19.053 -34.856 -20.602 -18.033 -35.75 -19.5
3 16 -19.053 -34.856 -20.602 -17.632 -36.5 -21.4 -18.033 -35.75 -19.5
5 24 -18.033 -35.75 -19.5 -19.053 -34.856 -20.602 -19.213 -34.421 -18.85 -17.632 -36.5 -21.4
3 16 -19.053 -34.856 -20.602 -18.891 -35.276 -22.346 -17.632 -36.5 -21.4
3 16 -18.891 -35.276 -22.346 -17.228 -37.25 -23.3 -17.632 -36.5 -21.4
5 24 -17.632 -36.5 -21.4 -18.891 -35.276 -22.346 -19.053 -34.856 -20.602 -17.228 -37.25 -23.3
3 16 -18.891 -35.276 -22.346 -18.728 -35.68 -24.082 -17.228 -37.25 -23.3
3 16 -18.728 -35.68 -24.082 -16.821 -38 -25.2 -17.228 -37.25 -23.3
5 24 -17.228 -37.25 -23.3 -18.728 -35.68 -24.082 -18.891 -35.276 -22.346 -16.821 -38 -25.2
3 16 -18.728 -35.68 -24.082 -18.565 -36.068 -25.808 -16.821 -38 -25.2
3 16 -18.565 -36.068 -25.808 -16.412 -38.75 -27.1 -16.821 -38 -25.2
5 24 -16.821 -38 -25.2 -18.565 -36.068 -25.808 -18.728 -35.68 -24.082 -16.412 -38.75 -27.1
3 16 -18.565 -36.068 -25.808 -18.4 -36.441 -27.525 -16.412 -38.75 -27.1
3 16 -18.4 -36.441 -27.525 -16 -39.5 -29 -16.412 -38.75 -27.1
5 24 -16.412 -38.75 -27.1 -18.4 -36.441 -27.525 -18.565 -36.068 -25.808 -16 -39.5 -29
3 16 -18.4 -36.441 -27.525 -18.214 -36.506 -29.391 -16 -39.5 -29
3 16 -18.214 -36.506 -29.391 -15.535 -39.831 -31.129 -16 -39.5 -29
5 24 -16 -39.5 -29 -18.214 -36.506 -29.391 -18.4 -36.441 -27.525 -15.535 -39.831 -31.129
3 16 -18.214 -36.506 -29.391 -18.025 -36.394 -31.263 -15.535 -39.831 -31.129
3 16 -18.025 -36.394 -31.263 -15.062 -39.93 -33.282 -15.535 -39.831 -31.129
5 24 -15.535 -39.831 -31.129 -18.025 -36.394 -31.263 -18.214 -36.506 -29.391 -15.062 -39.93 -33.282
3 16 -18.025 -36.394 -31.263 -17.834 -36.103 -33.122 -15.062 -39.93 -33.282
4 16 -14.585 -39.795 -35.432 -15.062 -39.93 -33.282 -17.834 -36.103 -33.122 -17.644 -35.636 -34.949
5 24 -15.062 -39.93 -33.282 -17.834 -36.103 -33.122 -18.025 -36.394 -31.263 -14.585 -39.795 -35.432
4 16 -14.111 -39.428 -37.555 -14.585 -39.795 -35.432 -17.644 -35.636 -34.949 -17.458 -34.996 -36.726
5 24 -14.585 -39.795 -35.432 -17.644 -35.636 -34.949 -17.834 -36.103 -33.122 -14.111 -39.428 -37.555
4 16 -13.646 -38.833 -39.626 -14.111 -39.428 -37.555 -17.458 -34.996 -36.726 -17.278 -34.188 -38.437
5 24 -14.111 -39.428 -37.555 -17.458 -34.996 -36.726 -17.644 -35.636 -34.949 -13.646 -38.833 -39.626
4 16 -13.195 -38.018 -41.621 -13.646 -38.833 -39.626 -17.278 -34.188 -38.437 -17.106 -33.22 -40.063
5 24 -13.646 -38.833 -39.626 -17.278 -34.188 -38.437 -17.458 -34.996 -36.726 -13.195 -38.018 -41.621
4 16 -12.764 -36.992 -43.515 -13.195 -38.018 -41.621 -17.106 -33.22 -40.063 -16.943 -32.099 -41.589
5 24 -13.195 -38.018 -41.621 -17.106 -33.22 -40.063 -17.278 -34.188 -38.437 -12.764 -36.992 -43.515
4 16 -12.358 -35.766 -45.287 -12.764 -36.992 -43.515 -16.943 -32.099 -41.589 -16.793 -30.837 -43.001
5 24 -12.764 -36.992 -43.515 -16.943 -32.099 -41.589 -17.106 -33.22 -40.063 -12.358 -35.766 -45.287
4 16 -11.983 -34.356 -46.917 -12.358 -35.766 -45.287 -16.793 -30.837 -43.001 -16.657 -29.447 -44.283
5 24 -12.358 -35.766 -45.287 -16.793 -30.837 -43.001 -16.943 -32.099 -41.589 -11.983 -34.356 -46.917
3 16 -11.643 -32.778 -48.384 -11.983 -34.356 -46.917 -16.657 -29.447 -44.283
5 24 -11.983 -34.356 -46.917 -16.657 -29.447 -44.283 -16.793 -30.837 -43.001 -11.643 -32.778 -48.384
4 16 -11.643 -32.778 -48.384 -16.657 -29.447 -44.283 -16.672 -27.94 -45.423 -11.68 -31.051 -49.671
3 16 -12.028 -29.194 -50.765 -11.68 -31.051 -49.671 -16.672 -27.94 -45.423
4 16 -12.028 -29.194 -50.765 -16.672 -27.94 -45.423 -16.811 -26.332 -46.412 -12.393 -27.23 -51.65
5 24 -16.672 -27.94 -45.423 -12.028 -29.194 -50.765 -11.68 -31.051 -49.671 -16.811 -26.332 -46.412
3 16 -16.811 -26.332 -46.412 -16.957 -24.639 -47.238 -12.393 -27.23 -51.65
5 24 -16.811 -26.332 -46.412 -12.393 -27.23 -51.65 -12.028 -29.194 -50.765 -16.957 -24.639 -47.238
3 16 -12.393 -27.23 -51.65 -16.957 -24.639 -47.238 -12.769 -25.181 -52.318
3 16 -16.957 -24.639 -47.238 -17.108 -22.877 -47.895 -12.769 -25.181 -52.318
5 24 -16.957 -24.639 -47.238 -12.769 -25.181 -52.318 -12.393 -27.23 -51.65 -17.108 -22.877 -47.895
3 16 -12.769 -25.181 -52.318 -17.108 -22.877 -47.895 -13.151 -23.072 -52.76
3 16 -17.108 -22.877 -47.895 -17.26 -21.064 -48.376 -13.151 -23.072 -52.76
5 24 -17.108 -22.877 -47.895 -13.151 -23.072 -52.76 -12.769 -25.181 -52.318 -17.26 -21.064 -48.376
3 16 -13.151 -23.072 -52.76 -17.26 -21.064 -48.376 -13.536 -20.928 -52.972
3 16 -17.26 -21.064 -48.376 -17.414 -19.219 -48.678 -13.536 -20.928 -52.972
5 24 -17.26 -21.064 -48.376 -13.536 -20.928 -52.972 -13.151 -23.072 -52.76 -17.414 -19.219 -48.678
3 16 -13.536 -20.928 -52.972 -17.414 -19.219 -48.678 -13.917 -18.773 -52.95
3 16 -17.414 -19.219 -48.678 -17.567 -17.357 -48.799 -13.917 -18.773 -52.95
5 24 -17.414 -19.219 -48.678 -13.917 -18.773 -52.95 -13.536 -20.928 -52.972 -17.567 -17.357 -48.799
3 16 -13.917 -18.773 -52.95 -17.567 -17.357 -48.799 -14.291 -16.634 -52.695
3 16 -17.567 -17.357 -48.799 -17.716 -15.5 -48.738 -14.291 -16.634 -52.695
5 24 -17.567 -17.357 -48.799 -14.291 -16.634 -52.695 -13.917 -18.773 -52.95 -17.716 -15.5 -48.738
4 16 -14.291 -16.634 -52.695 -17.716 -15.5 -48.738 -17.861 -13.663 -48.498 -14.653 -14.534 -52.21
4 16 -14.653 -14.534 -52.21 -17.861 -13.663 -48.498 -18 -11.867 -48.082 -15 -12.5 -51.5
3 16 -15 -12.5 -51.5 -18 -11.867 -48.082 -15.261 -10.95 -50.65
3 16 -18 -11.867 -48.082 -18.104 -10.404 -47.549 -15.261 -10.95 -50.65
5 24 -18 -11.867 -48.082 -15.261 -10.95 -50.65 -15 -12.5 -51.5 -18.104 -10.404 -47.549
3 16 -15.261 -10.95 -50.65 -18.104 -10.404 -47.549 -15.52 -9.4 -49.8
3 16 -18.104 -10.404 -47.549 -18.208 -8.937 -46.997 -15.52 -9.4 -49.8
5 24 -18.104 -10.404 -47.549 -15.52 -9.4 -49.8 -15.261 -10.95 -50.65 -18.208 -8.937 -46.997
3 16 -15.52 -9.4 -49.8 -18.208 -8.937 -46.997 -15.776 -7.85 -48.95
3 16 -18.208 -8.937 -46.997 -18.31 -7.465 -46.427 -15.776 -7.85 -48.95
5 24 -18.208 -8.937 -46.997 -15.776 -7.85 -48.95 -15.52 -9.4 -49.8 -18.31 -7.465 -46.427
3 16 -15.776 -7.85 -48.95 -18.31 -7.465 -46.427 -16.03 -6.3 -48.1
3 16 -18.31 -7.465 -46.427 -18.412 -5.99 -45.837 -16.03 -6.3 -48.1
5 24 -18.31 -7.465 -46.427 -16.03 -6.3 -48.1 -15.776 -7.85 -48.95 -18.412 -5.99 -45.837
3 16 -16.03 -6.3 -48.1 -18.412 -5.99 -45.837 -16.281 -4.75 -47.25
3 16 -18.412 -5.99 -45.837 -18.512 -4.512 -45.229 -16.281 -4.75 -47.25
5 24 -18.412 -5.99 -45.837 -16.281 -4.75 -47.25 -16.03 -6.3 -48.1 -18.512 -4.512 -45.229
3 16 -16.281 -4.75 -47.25 -18.512 -4.512 -45.229 -16.53 -3.2 -46.4
3 16 -18.512 -4.512 -45.229 -18.612 -3.033 -44.601 -16.53 -3.2 -46.4
5 24 -18.512 -4.512 -45.229 -16.53 -3.2 -46.4 -16.281 -4.75 -47.25 -18.612 -3.033 -44.601
3 16 -16.53 -3.2 -46.4 -18.612 -3.033 -44.601 -16.776 -1.65 -45.55
3 16 -18.612 -3.033 -44.601 -18.71 -1.552 -43.955 -16.776 -1.65 -45.55
5 24 -18.612 -3.033 -44.601 -16.776 -1.65 -45.55 -16.53 -3.2 -46.4 -18.71 -1.552 -43.955
3 16 -16.776 -1.65 -45.55 -18.71 -1.552 -43.955 -17.02 -0.1 -44.7
3 16 -18.71 -1.552 -43.955 -18.808 -0.07 -43.29 -17.02 -0.1 -44.7
5 24 -18.71 -1.552 -43.955 -17.02 -0.1 -44.7 -16.776 -1.65 -45.55 -18.808 -0.07 -43.29
3 16 -17.02 -0.1 -44.7 -18.808 -0.07 -43.29 -17.261 1.45 -43.85
3 16 -18.808 -0.07 -43.29 -18.904 1.465 -42.605 -17.261 1.45 -43.85
5 24 -18.808 -0.07 -43.29 -17.261 1.45 -43.85 -17.02 -0.1 -44.7 -18.904 1.465 -42.605
3 16 -17.261 1.45 -43.85 -18.904 1.465 -42.605 -17.5 3 -43
3 16 -18.904 1.465 -42.605 -19 3 -41.92 -17.5 3 -43
5 24 -18.904 1.465 -42.605 -17.5 3 -43 -17.261 1.45 -43.85 -19 3 -41.92
3 16 -17.5 3 -43 -19 3 -41.92 -17.708 4 -42.314
3 16 -19 3 -41.92 -19.083 4 -41.38 -17.708 4 -42.314
5 24 -19 3 -41.92 -17.708 4 -42.314 -17.5 3 -43 -19.083 4 -41.38
3 16 -17.708 4 -42.314 -19.083 4 -41.38 -17.917 5 -41.662
3 16 -19.083 4 -41.38 -19.167 5 -40.863 -17.917 5 -41.662
5 24 -19.083 4 -41.38 -17.917 5 -41.662 -17.708 4 -42.314 -19.167 5 -40.863
3 16 -17.917 5 -41.662 -19.167 5 -40.863 -18.125 6 -41.043
3 16 -19.167 5 -40.863 -19.25 6 -40.37 -18.125 6 -41.043
5 24 -19.167 5 -40.863 -18.125 6 -41.043 -17.917 5 -41.662 -19.25 6 -40.37
3 16 -18.125 6 -41.043 -19.25 6 -40.37 -18.333 7 -40.458
4 16 -18.333 7 -40.458 -19.25 6 -40.37 -19.333 7 -39.901 -18.542 8 -39.908
5 24 -19.25 6 -40.37 -18.333 7 -40.458 -18.125 6 -41.043 -19.333 7 -39.901
4 16 -18.542 8 -39.908 -19.333 7 -39.901 -19.417 8 -39.456 -18.75 9 -39.391
5 24 -19.333 7 -39.901 -18.542 8 -39.908 -18.333 7 -40.458 -19.417 8 -39.456
4 16 -18.75 9 -39.391 -19.417 8 -39.456 -19.5 9 -39.034 -18.958 10 -38.908
5 24 -19.417 8 -39.456 -18.75 9 -39.391 -18.542 8 -39.908 -19.5 9 -39.034
4 16 -18.958 10 -38.908 -19.5 9 -39.034 -19.583 10 -38.636 -19.167 11 -38.458
5 24 -19.5 9 -39.034 -18.958 10 -38.908 -18.75 9 -39.391 -19.583 10 -38.636
3 16 -19.667 11 -38.261 -19.167 11 -38.458 -19.583 10 -38.636
5 24 -19.583 10 -38.636 -19.167 11 -38.458 -18.958 10 -38.908 -19.667 11 -38.261
3 16 -19.667 11 -38.261 -19.375 12 -38.043 -19.167 11 -38.458
3 16 -19.75 12 -37.91 -19.375 12 -38.043 -19.667 11 -38.261
5 24 -19.667 11 -38.261 -19.375 12 -38.043 -19.167 11 -38.458 -19.75 12 -37.91
3 16 -19.75 12 -37.91 -19.583 13 -37.662 -19.375 12 -38.043
3 16 -19.833 13 -37.583 -19.583 13 -37.662 -19.75 12 -37.91
5 24 -19.75 12 -37.91 -19.583 13 -37.662 -19.375 12 -38.043 -19.833 13 -37.583
3 16 -19.833 13 -37.583 -19.792 14 -37.314 -19.583 13 -37.662
3 16 -19.917 14 -37.28 -19.792 14 -37.314 -19.833 13 -37.583
5 24 -19.833 13 -37.583 -19.792 14 -37.314 -19.583 13 -37.662 -19.917 14 -37.28
3 16 -19.917 14 -37.28 -20 15 -37 -19.792 14 -37.314
3 16 -19.961 -32.206 -11.619 -19.845 -32.517 -11.78 -20 -32 -10
4 16 -19.961 -32.206 -11.619 -19.922 -32.373 -13.229 -19.688 -33.017 -13.555 -19.845 -32.517 -11.78
4 16 -19.922 -32.373 -13.229 -19.883 -32.503 -14.827 -19.531 -33.501 -15.326 -19.688 -33.017 -13.555
4 16 -19.531 -33.501 -15.326 -19.883 -32.503 -14.827 -19.843 -32.594 -16.413 -19.373 -33.969 -17.091
4 16 -19.843 -32.594 -16.413 -19.803 -32.648 -17.984 -19.213 -34.421 -18.85 -19.373 -33.969 -17.091
3 16 -19.213 -34.421 -18.85 -19.803 -32.648 -17.984 -19.763 -32.665 -19.538
3 16 -19.213 -34.421 -18.85 -19.763 -32.665 -19.538 -19.053 -34.856 -20.602
5 24 -19.763 -32.665 -19.538 -19.213 -34.421 -18.85 -19.803 -32.648 -17.984 -19.053 -34.856 -20.602
3 16 -19.053 -34.856 -20.602 -19.763 -32.665 -19.538 -19.723 -32.644 -21.074
3 16 -19.053 -34.856 -20.602 -19.723 -32.644 -21.074 -18.891 -35.276 -22.346
5 24 -19.723 -32.644 -21.074 -19.053 -34.856 -20.602 -19.763 -32.665 -19.538 -18.891 -35.276 -22.346
3 16 -18.891 -35.276 -22.346 -19.723 -32.644 -21.074 -19.682 -32.586 -22.591
3 16 -18.891 -35.276 -22.346 -19.682 -32.586 -22.591 -18.728 -35.68 -24.082
5 24 -19.682 -32.586 -22.591 -18.891 -35.276 -22.346 -19.723 -32.644 -21.074 -18.728 -35.68 -24.082
3 16 -18.728 -35.68 -24.082 -19.682 -32.586 -22.591 -19.641 -32.493 -24.086
3 16 -18.728 -35.68 -24.082 -19.641 -32.493 -24.086 -18.565 -36.068 -25.808
5 24 -19.641 -32.493 -24.086 -18.728 -35.68 -24.082 -19.682 -32.586 -22.591 -18.565 -36.068 -25.808
3 16 -18.565 -36.068 -25.808 -19.641 -32.493 -24.086 -19.6 -32.363 -25.558
3 16 -18.565 -36.068 -25.808 -19.6 -32.363 -25.558 -18.4 -36.441 -27.525
5 24 -19.6 -32.363 -25.558 -18.565 -36.068 -25.808 -19.641 -32.493 -24.086 -18.4 -36.441 -27.525
4 16 -19.6 -32.363 -25.558 -19.554 -32.073 -27.074 -18.214 -36.506 -29.391 -18.4 -36.441 -27.525
3 16 -18.214 -36.506 -29.391 -19.554 -32.073 -27.074 -19.506 -31.679 -28.572
4 16 -18.025 -36.394 -31.263 -18.214 -36.506 -29.391 -19.506 -31.679 -28.572 -19.459 -31.181 -30.041
5 24 -19.506 -31.679 -28.572 -18.214 -36.506 -29.391 -19.554 -32.073 -27.074 -18.025 -36.394 -31.263
4 16 -17.834 -36.103 -33.122 -18.025 -36.394 -31.263 -19.459 -31.181 -30.041 -19.411 -30.581 -31.473
5 24 -19.459 -31.181 -30.041 -18.025 -36.394 -31.263 -19.506 -31.679 -28.572 -17.834 -36.103 -33.122
4 16 -17.644 -35.636 -34.949 -17.834 -36.103 -33.122 -19.411 -30.581 -31.473 -19.365 -29.88 -32.86
5 24 -19.411 -30.581 -31.473 -17.834 -36.103 -33.122 -19.459 -31.181 -30.041 -17.644 -35.636 -34.949
4 16 -17.458 -34.996 -36.726 -17.644 -35.636 -34.949 -19.365 -29.88 -32.86 -19.32 -29.082 -34.192
5 24 -19.365 -29.88 -32.86 -17.644 -35.636 -34.949 -19.411 -30.581 -31.473 -17.458 -34.996 -36.726
4 16 -17.278 -34.188 -38.437 -17.458 -34.996 -36.726 -19.32 -29.082 -34.192 -19.276 -28.191 -35.461
5 24 -19.32 -29.082 -34.192 -17.458 -34.996 -36.726 -19.365 -29.88 -32.86 -17.278 -34.188 -38.437
3 16 -17.106 -33.22 -40.063 -17.278 -34.188 -38.437 -19.276 -28.191 -35.461
5 24 -19.276 -28.191 -35.461 -17.278 -34.188 -38.437 -19.32 -29.082 -34.192 -17.106 -33.22 -40.063
3 16 -19.236 -27.21 -36.659 -17.106 -33.22 -40.063 -19.276 -28.191 -35.461
3 16 -16.943 -32.099 -41.589 -17.106 -33.22 -40.063 -19.236 -27.21 -36.659
5 24 -19.236 -27.21 -36.659 -17.106 -33.22 -40.063 -19.276 -28.191 -35.461 -16.943 -32.099 -41.589
3 16 -19.198 -26.146 -37.78 -16.943 -32.099 -41.589 -19.236 -27.21 -36.659
3 16 -16.793 -30.837 -43.001 -16.943 -32.099 -41.589 -19.198 -26.146 -37.78
5 24 -19.198 -26.146 -37.78 -16.943 -32.099 -41.589 -19.236 -27.21 -36.659 -16.793 -30.837 -43.001
3 16 -19.164 -25.005 -38.816 -16.793 -30.837 -43.001 -19.198 -26.146 -37.78
3 16 -16.657 -29.447 -44.283 -16.793 -30.837 -43.001 -19.164 -25.005 -38.816
5 24 -19.164 -25.005 -38.816 -16.793 -30.837 -43.001 -19.198 -26.146 -37.78 -16.657 -29.447 -44.283
4 16 -19.164 -25.005 -38.816 -19.168 -23.792 -39.76 -16.672 -27.94 -45.423 -16.657 -29.447 -44.283
4 16 -16.811 -26.332 -46.412 -19.168 -23.792 -39.76 -19.203 -22.517 -40.608 -16.957 -24.639 -47.238
3 16 -19.168 -23.792 -39.76 -16.811 -26.332 -46.412 -16.672 -27.94 -45.423
5 24 -19.168 -23.792 -39.76 -16.811 -26.332 -46.412 -19.203 -22.517 -40.608 -16.672 -27.94 -45.423
4 16 -16.957 -24.639 -47.238 -19.203 -22.517 -40.608 -19.239 -21.185 -41.355 -17.108 -22.877 -47.895
5 24 -19.203 -22.517 -40.608 -16.957 -24.639 -47.238 -19.239 -21.185 -41.355 -16.811 -26.332 -46.412
4 16 -17.108 -22.877 -47.895 -19.239 -21.185 -41.355 -19.277 -19.806 -41.997 -17.26 -21.064 -48.376
5 24 -19.239 -21.185 -41.355 -17.108 -22.877 -47.895 -19.277 -19.806 -41.997 -16.957 -24.639 -47.238
4 16 -17.26 -21.064 -48.376 -19.277 -19.806 -41.997 -19.315 -18.388 -42.53 -17.414 -19.219 -48.678
5 24 -19.277 -19.806 -41.997 -17.26 -21.064 -48.376 -19.315 -18.388 -42.53 -17.108 -22.877 -47.895
3 16 -19.315 -18.388 -42.53 -19.354 -16.94 -42.953 -17.414 -19.219 -48.678
5 24 -19.315 -18.388 -42.53 -17.414 -19.219 -48.678 -19.354 -16.94 -42.953 -17.26 -21.064 -48.376
4 16 -19.354 -16.94 -42.953 -19.392 -15.47 -43.264 -17.567 -17.357 -48.799 -17.414 -19.219 -48.678
4 16 -19.392 -15.47 -43.264 -19.429 -13.988 -43.462 -17.716 -15.5 -48.738 -17.567 -17.357 -48.799
4 16 -19.429 -13.988 -43.462 -19.465 -12.503 -43.548 -17.861 -13.663 -48.498 -17.716 -15.5 -48.738
3 16 -18 -11.867 -48.082 -19.465 -12.503 -43.548 -19.5 -11.023 -43.524
3 16 -17.861 -13.663 -48.498 -19.465 -12.503 -43.548 -18 -11.867 -48.082
5 24 -19.465 -12.503 -43.548 -18 -11.867 -48.082 -19.5 -11.023 -43.524 -17.861 -13.663 -48.498
3 16 -18.104 -10.404 -47.549 -19.5 -11.023 -43.524 -19.526 -9.677 -43.414
3 16 -18 -11.867 -48.082 -19.5 -11.023 -43.524 -18.104 -10.404 -47.549
5 24 -19.5 -11.023 -43.524 -18.104 -10.404 -47.549 -19.526 -9.677 -43.414 -18 -11.867 -48.082
3 16 -18.208 -8.937 -46.997 -19.526 -9.677 -43.414 -19.552 -8.319 -43.26
3 16 -18.104 -10.404 -47.549 -19.526 -9.677 -43.414 -18.208 -8.937 -46.997
5 24 -19.526 -9.677 -43.414 -18.208 -8.937 -46.997 -19.552 -8.319 -43.26 -18.104 -10.404 -47.549
3 16 -18.31 -7.465 -46.427 -19.552 -8.319 -43.26 -19.578 -6.952 -43.062
3 16 -18.208 -8.937 -46.997 -19.552 -8.319 -43.26 -18.31 -7.465 -46.427
5 24 -19.552 -8.319 -43.26 -18.31 -7.465 -46.427 -19.578 -6.952 -43.062 -18.208 -8.937 -46.997
3 16 -18.412 -5.99 -45.837 -19.578 -6.952 -43.062 -19.603 -5.577 -42.82
3 16 -18.31 -7.465 -46.427 -19.578 -6.952 -43.062 -18.412 -5.99 -45.837
5 24 -19.578 -6.952 -43.062 -18.412 -5.99 -45.837 -19.603 -5.577 -42.82 -18.31 -7.465 -46.427
3 16 -18.512 -4.512 -45.229 -19.603 -5.577 -42.82 -19.628 -4.196 -42.533
3 16 -18.412 -5.99 -45.837 -19.603 -5.577 -42.82 -18.512 -4.512 -45.229
5 24 -19.603 -5.577 -42.82 -18.512 -4.512 -45.229 -19.628 -4.196 -42.533 -18.412 -5.99 -45.837
3 16 -18.612 -3.033 -44.601 -19.628 -4.196 -42.533 -19.653 -2.81 -42.203
3 16 -18.512 -4.512 -45.229 -19.628 -4.196 -42.533 -18.612 -3.033 -44.601
5 24 -19.628 -4.196 -42.533 -18.612 -3.033 -44.601 -19.653 -2.81 -42.203 -18.512 -4.512 -45.229
3 16 -18.71 -1.552 -43.955 -19.653 -2.81 -42.203 -19.678 -1.421 -41.828
3 16 -18.612 -3.033 -44.601 -19.653 -2.81 -42.203 -18.71 -1.552 -43.955
5 24 -19.653 -2.81 -42.203 -18.71 -1.552 -43.955 -19.678 -1.421 -41.828 -18.612 -3.033 -44.601
3 16 -18.808 -0.07 -43.29 -19.678 -1.421 -41.828 -19.702 -0.03 -41.41
3 16 -18.71 -1.552 -43.955 -19.678 -1.421 -41.828 -18.808 -0.07 -43.29
5 24 -19.678 -1.421 -41.828 -18.808 -0.07 -43.29 -19.702 -0.03 -41.41 -18.71 -1.552 -43.955
3 16 -18.904 1.465 -42.605 -19.702 -0.03 -41.41 -19.726 1.485 -40.945
3 16 -18.808 -0.07 -43.29 -19.702 -0.03 -41.41 -18.904 1.465 -42.605
5 24 -19.702 -0.03 -41.41 -18.904 1.465 -42.605 -19.726 1.485 -40.945 -18.808 -0.07 -43.29
3 16 -19 3 -41.92 -19.726 1.485 -40.945 -19.75 3 -40.48
3 16 -18.904 1.465 -42.605 -19.726 1.485 -40.945 -19 3 -41.92
5 24 -19.726 1.485 -40.945 -19 3 -41.92 -19.75 3 -40.48 -18.904 1.465 -42.605
3 16 -19.083 4 -41.38 -19.75 3 -40.48 -19.771 4 -40.134
3 16 -19 3 -41.92 -19.75 3 -40.48 -19.083 4 -41.38
5 24 -19.75 3 -40.48 -19.083 4 -41.38 -19.771 4 -40.134 -19 3 -41.92
3 16 -19.167 5 -40.863 -19.771 4 -40.134 -19.792 5 -39.799
3 16 -19.083 4 -41.38 -19.771 4 -40.134 -19.167 5 -40.863
5 24 -19.771 4 -40.134 -19.167 5 -40.863 -19.792 5 -39.799 -19.083 4 -41.38
3 16 -19.25 6 -40.37 -19.792 5 -39.799 -19.813 6 -39.473
3 16 -19.167 5 -40.863 -19.792 5 -39.799 -19.25 6 -40.37
5 24 -19.792 5 -39.799 -19.25 6 -40.37 -19.813 6 -39.473 -19.167 5 -40.863
3 16 -19.333 7 -39.901 -19.813 6 -39.473 -19.833 7 -39.157
3 16 -19.25 6 -40.37 -19.813 6 -39.473 -19.333 7 -39.901
5 24 -19.813 6 -39.473 -19.333 7 -39.901 -19.833 7 -39.157 -19.25 6 -40.37
3 16 -19.417 8 -39.456 -19.833 7 -39.157 -19.854 8 -38.852
3 16 -19.333 7 -39.901 -19.833 7 -39.157 -19.417 8 -39.456
5 24 -19.833 7 -39.157 -19.417 8 -39.456 -19.854 8 -38.852 -19.333 7 -39.901
3 16 -19.5 9 -39.034 -19.854 8 -38.852 -19.875 9 -38.557
3 16 -19.417 8 -39.456 -19.854 8 -38.852 -19.5 9 -39.034
5 24 -19.854 8 -38.852 -19.5 9 -39.034 -19.875 9 -38.557 -19.417 8 -39.456
3 16 -19.583 10 -38.636 -19.875 9 -38.557 -19.896 10 -38.272
3 16 -19.5 9 -39.034 -19.875 9 -38.557 -19.583 10 -38.636
5 24 -19.875 9 -38.557 -19.583 10 -38.636 -19.896 10 -38.272 -19.5 9 -39.034
3 16 -19.667 11 -38.261 -19.896 10 -38.272 -19.917 11 -37.997
3 16 -19.583 10 -38.636 -19.896 10 -38.272 -19.667 11 -38.261
5 24 -19.896 10 -38.272 -19.667 11 -38.261 -19.917 11 -37.997 -19.583 10 -38.636
3 16 -19.75 12 -37.91 -19.917 11 -37.997 -19.938 12 -37.733
3 16 -19.667 11 -38.261 -19.917 11 -37.997 -19.75 12 -37.91
5 24 -19.917 11 -37.997 -19.75 12 -37.91 -19.938 12 -37.733 -19.667 11 -38.261
3 16 -19.833 13 -37.583 -19.938 12 -37.733 -19.958 13 -37.479
3 16 -19.75 12 -37.91 -19.938 12 -37.733 -19.833 13 -37.583
5 24 -19.938 12 -37.733 -19.833 13 -37.583 -19.958 13 -37.479 -19.75 12 -37.91
3 16 -19.917 14 -37.28 -19.958 13 -37.479 -19.979 14 -37.234
3 16 -19.833 13 -37.583 -19.958 13 -37.479 -19.917 14 -37.28
5 24 -19.958 13 -37.479 -19.917 14 -37.28 -19.979 14 -37.234 -19.833 13 -37.583
3 16 -19.917 14 -37.28 -19.979 14 -37.234 -20 15 -37
3 16 -19.961 -32.206 -11.619 -20 -32 -10 -20 -31.973 -11.499
4 16 -19.961 -32.206 -11.619 -20 -31.973 -11.499 -20 -31.891 -12.984 -19.922 -32.373 -13.229
4 16 -19.922 -32.373 -13.229 -20 -31.891 -12.984 -20 -31.754 -14.453 -19.883 -32.503 -14.827
4 16 -19.883 -32.503 -14.827 -20 -31.754 -14.453 -20 -31.564 -15.904 -19.843 -32.594 -16.413
4 16 -19.843 -32.594 -16.413 -20 -31.564 -15.904 -20 -31.319 -17.334 -19.803 -32.648 -17.984
4 16 -19.803 -32.648 -17.984 -20 -31.319 -17.334 -20 -31.021 -18.74 -19.763 -32.665 -19.538
4 16 -19.763 -32.665 -19.538 -20 -31.021 -18.74 -20 -30.67 -20.12 -19.723 -32.644 -21.074
4 16 -19.723 -32.644 -21.074 -20 -30.67 -20.12 -20 -30.266 -21.472 -19.682 -32.586 -22.591
4 16 -19.682 -32.586 -22.591 -20 -30.266 -21.472 -20 -29.811 -22.794 -19.641 -32.493 -24.086
4 16 -19.641 -32.493 -24.086 -20 -29.811 -22.794 -20 -29.305 -24.083 -19.6 -32.363 -25.558
4 16 -19.6 -32.363 -25.558 -20 -29.305 -24.083 -20 -28.749 -25.336 -19.554 -32.073 -27.074
4 16 -19.554 -32.073 -27.074 -20 -28.749 -25.336 -20 -28.143 -26.553 -19.506 -31.679 -28.572
4 16 -19.506 -31.679 -28.572 -20 -28.143 -26.553 -20 -27.49 -27.731 -19.459 -31.181 -30.041
4 16 -19.459 -31.181 -30.041 -20 -27.49 -27.731 -20 -26.789 -28.867 -19.411 -30.581 -31.473
4 16 -19.411 -30.581 -31.473 -20 -26.789 -28.867 -20 -26.043 -29.96 -19.365 -29.88 -32.86
4 16 -19.365 -29.88 -32.86 -20 -26.043 -29.96 -20 -25.252 -31.008 -19.32 -29.082 -34.192
3 16 -20 -24.419 -32.009 -19.32 -29.082 -34.192 -20 -25.252 -31.008
4 16 -19.276 -28.191 -35.461 -19.32 -29.082 -34.192 -20 -24.419 -32.009 -20 -23.543 -32.962
5 24 -19.32 -29.082 -34.192 -20 -24.419 -32.009 -20 -25.252 -31.008 -19.276 -28.191 -35.461
4 16 -19.236 -27.21 -36.659 -19.276 -28.191 -35.461 -20 -23.543 -32.962 -20 -22.627 -33.864
5 24 -19.276 -28.191 -35.461 -20 -23.543 -32.962 -20 -24.419 -32.009 -19.236 -27.21 -36.659
4 16 -19.198 -26.146 -37.78 -19.236 -27.21 -36.659 -20 -22.627 -33.864 -20 -21.673 -34.715
5 24 -19.236 -27.21 -36.659 -20 -22.627 -33.864 -20 -23.543 -32.962 -19.198 -26.146 -37.78
3 16 -19.164 -25.005 -38.816 -19.198 -26.146 -37.78 -20 -21.673 -34.715
5 24 -19.198 -26.146 -37.78 -20 -21.673 -34.715 -20 -22.627 -33.864 -19.164 -25.005 -38.816
4 16 -19.164 -25.005 -38.816 -20 -21.673 -34.715 -20 -20.682 -35.513 -19.168 -23.792 -39.76
4 16 -19.168 -23.792 -39.76 -20 -20.682 -35.513 -20 -19.655 -36.256 -19.203 -22.517 -40.608
4 16 -19.203 -22.517 -40.608 -20 -19.655 -36.256 -20 -18.594 -36.943 -19.239 -21.185 -41.355
4 16 -19.239 -21.185 -41.355 -20 -18.594 -36.943 -20 -17.502 -37.573 -19.277 -19.806 -41.997
4 16 -19.277 -19.806 -41.997 -20 -17.502 -37.573 -20 -16.38 -38.146 -19.315 -18.388 -42.53
4 16 -19.315 -18.388 -42.53 -20 -16.38 -38.146 -20 -15.23 -38.659 -19.354 -16.94 -42.953
4 16 -19.354 -16.94 -42.953 -20 -15.23 -38.659 -20 -14.054 -39.112 -19.392 -15.47 -43.264
4 16 -19.392 -15.47 -43.264 -20 -14.054 -39.112 -20 -12.854 -39.505 -19.429 -13.988 -43.462
4 16 -19.429 -13.988 -43.462 -20 -12.854 -39.505 -20 -11.632 -39.836 -19.465 -12.503 -43.548
4 16 -19.465 -12.503 -43.548 -20 -11.632 -39.836 -20 -10.39 -40.106 -19.5 -11.023 -43.524
3 16 -19.5 -11.023 -43.524 -20 -10.39 -40.106 -19.526 -9.677 -43.414
3 16 -20 -10.39 -40.106 -20 -9.131 -40.313 -19.526 -9.677 -43.414
5 24 -20 -10.39 -40.106 -19.526 -9.677 -43.414 -19.5 -11.023 -43.524 -20 -9.131 -40.313
3 16 -19.526 -9.677 -43.414 -20 -9.131 -40.313 -19.552 -8.319 -43.26
3 16 -20 -9.131 -40.313 -20 -7.856 -40.457 -19.552 -8.319 -43.26
5 24 -20 -9.131 -40.313 -19.552 -8.319 -43.26 -19.526 -9.677 -43.414 -20 -7.856 -40.457
3 16 -19.552 -8.319 -43.26 -20 -7.856 -40.457 -19.578 -6.952 -43.062
3 16 -20 -7.856 -40.457 -20 -6.567 -40.539 -19.578 -6.952 -43.062
5 24 -20 -7.856 -40.457 -19.578 -6.952 -43.062 -19.552 -8.319 -43.26 -20 -6.567 -40.539
3 16 -19.578 -6.952 -43.062 -20 -6.567 -40.539 -19.603 -5.577 -42.82
3 16 -20 -6.567 -40.539 -20 -5.267 -40.557 -19.603 -5.577 -42.82
5 24 -20 -6.567 -40.539 -19.603 -5.577 -42.82 -19.578 -6.952 -43.062 -20 -5.267 -40.557
4 16 -19.628 -4.196 -42.533 -19.603 -5.577 -42.82 -20 -5.267 -40.557 -20 -3.958 -40.512
4 16 -19.628 -4.196 -42.533 -20 -3.958 -40.512 -20 -2.643 -40.404 -19.653 -2.81 -42.203
4 16 -19.653 -2.81 -42.203 -20 -2.643 -40.404 -20 -1.322 -40.233 -19.678 -1.421 -41.828
4 16 -19.678 -1.421 -41.828 -20 -1.322 -40.233 -20 0 -40 -19.702 -0.03 -41.41
4 16 -19.702 -0.03 -41.41 -20 0 -40 -20 1.5 -39.7 -19.726 1.485 -40.945
4 16 -19.726 1.485 -40.945 -20 1.5 -39.7 -20 3 -39.4 -19.75 3 -40.48
3 16 -20 3 -39.4 -19.771 4 -40.134 -19.75 3 -40.48
3 16 -20 4 -39.2 -19.771 4 -40.134 -20 3 -39.4
5 24 -20 3 -39.4 -19.771 4 -40.134 -19.75 3 -40.48 -20 4 -39.2
3 16 -20 4 -39.2 -19.792 5 -39.799 -19.771 4 -40.134
3 16 -20 5 -39 -19.792 5 -39.799 -20 4 -39.2
5 24 -20 4 -39.2 -19.792 5 -39.799 -19.771 4 -40.134 -20 5 -39
3 16 -20 5 -39 -19.813 6 -39.473 -19.792 5 -39.799
3 16 -20 6 -38.8 -19.813 6 -39.473 -20 5 -39
5 24 -20 5 -39 -19.813 6 -39.473 -19.792 5 -39.799 -20 6 -38.8
3 16 -20 6 -38.8 -19.833 7 -39.157 -19.813 6 -39.473
3 16 -20 7 -38.6 -19.833 7 -39.157 -20 6 -38.8
5 24 -20 6 -38.8 -19.833 7 -39.157 -19.813 6 -39.473 -20 7 -38.6
3 16 -20 7 -38.6 -19.854 8 -38.852 -19.833 7 -39.157
3 16 -20 8 -38.4 -19.854 8 -38.852 -20 7 -38.6
5 24 -20 7 -38.6 -19.854 8 -38.852 -19.833 7 -39.157 -20 8 -38.4
3 16 -20 8 -38.4 -19.875 9 -38.557 -19.854 8 -38.852
3 16 -20 9 -38.2 -19.875 9 -38.557 -20 8 -38.4
5 24 -20 8 -38.4 -19.875 9 -38.557 -19.854 8 -38.852 -20 9 -38.2
3 16 -20 9 -38.2 -19.896 10 -38.272 -19.875 9 -38.557
3 16 -20 10 -38 -19.896 10 -38.272 -20 9 -38.2
5 24 -20 9 -38.2 -19.896 10 -38.272 -19.875 9 -38.557 -20 10 -38
3 16 -20 10 -38 -19.917 11 -37.997 -19.896 10 -38.272
3 16 -20 11 -37.8 -19.917 11 -37.997 -20 10 -38
5 24 -20 10 -38 -19.917 11 -37.997 -19.896 10 -38.272 -20 11 -37.8
3 16 -20 11 -37.8 -19.938 12 -37.733 -19.917 11 -37.997
3 16 -20 12 -37.6 -19.938 12 -37.733 -20 11 -37.8
5 24 -20 11 -37.8 -19.938 12 -37.733 -19.917 11 -37.997 -20 12 -37.6
3 16 -20 12 -37.6 -19.958 13 -37.479 -19.938 12 -37.733
3 16 -20 13 -37.4 -19.958 13 -37.479 -20 12 -37.6
5 24 -20 12 -37.6 -19.958 13 -37.479 -19.938 12 -37.733 -20 13 -37.4
3 16 -20 13 -37.4 -19.979 14 -37.234 -19.958 13 -37.479
3 16 -20 14 -37.2 -19.979 14 -37.234 -20 13 -37.4
5 24 -20 13 -37.4 -19.979 14 -37.234 -19.958 13 -37.479 -20 14 -37.2
3 16 -20 14 -37.2 -20 15 -37 -19.979 14 -37.234
0 // breast outside optional lines
0 // Added lines/Condlines
5 24 -20 14 -37.2 -20 13 -37.4 -20 0 -10 -19.958 13 -37.479
5 24 -20 13 -37.4 -20 12 -37.6 -20 0 -10 -19.938 12 -37.733
5 24 -20 12 -37.6 -20 11 -37.8 -20 0 -10 -19.917 11 -37.997
5 24 -20 11 -37.8 -20 10 -38 -20 0 -10 -19.896 10 -38.272
5 24 -20 10 -38 -20 9 -38.2 -20 0 -10 -19.875 9 -38.557
5 24 -20 9 -38.2 -20 8 -38.4 -20 0 -10 -19.854 8 -38.852
5 24 -20 8 -38.4 -20 7 -38.6 -20 0 -10 -19.833 7 -39.157
5 24 -20 7 -38.6 -20 6 -38.8 -20 0 -10 -19.813 6 -39.473
5 24 -20 6 -38.8 -20 5 -39 -20 0 -10 -19.792 5 -39.799
5 24 -20 5 -39 -20 4 -39.2 -20 0 -10 -19.771 4 -40.134
5 24 -20 4 -39.2 -20 3 -39.4 -20 0 -10 -19.75 3 -40.48
5 24 -20 15 -37 -20 14 -37.2 -20 0 -10 -19.979 14 -37.234
5 24 -20 -31.973 -11.499 -20 -32 -10 -20 0 -10 -19.961 -32.206 -11.619
5 24 -20 -31.891 -12.984 -20 -31.973 -11.499 -20 0 -10 -19.961 -32.206 -11.619
5 24 -20 -31.754 -14.453 -20 -31.891 -12.984 -20 0 -10 -19.922 -32.373 -13.229
5 24 -20 -31.564 -15.904 -20 -31.754 -14.453 -20 0 -10 -19.883 -32.503 -14.827
5 24 -20 -31.319 -17.334 -20 -31.564 -15.904 -20 0 -10 -19.843 -32.594 -16.413
5 24 -20 -31.021 -18.74 -20 -31.319 -17.334 -20 0 -10 -19.803 -32.648 -17.984
5 24 -20 -30.67 -20.12 -20 -31.021 -18.74 -20 0 -10 -19.763 -32.665 -19.538
5 24 -20 -30.266 -21.472 -20 -30.67 -20.12 -20 0 -10 -19.723 -32.644 -21.074
5 24 -20 -29.811 -22.794 -20 -30.266 -21.472 -20 0 -10 -19.682 -32.586 -22.591
5 24 -20 -29.305 -24.083 -20 -29.811 -22.794 -20 0 -10 -19.641 -32.493 -24.086
5 24 -20 -28.749 -25.336 -20 -29.305 -24.083 -20 0 -10 -19.6 -32.363 -25.558
5 24 -20 -28.143 -26.553 -20 -28.749 -25.336 -20 0 -10 -19.554 -32.073 -27.074
5 24 -20 -27.49 -27.731 -20 -28.143 -26.553 -20 0 -10 -19.506 -31.679 -28.572
5 24 -20 -26.789 -28.867 -20 -27.49 -27.731 -20 0 -10 -19.459 -31.181 -30.041
5 24 -20 -26.043 -29.96 -20 -26.789 -28.867 -20 0 -10 -19.411 -30.581 -31.473
5 24 -20 -25.252 -31.008 -20 -26.043 -29.96 -20 0 -10 -19.365 -29.88 -32.86
5 24 -20 -24.419 -32.009 -20 -25.252 -31.008 -20 0 -10 -19.32 -29.082 -34.192
5 24 -20 -23.543 -32.962 -20 -24.419 -32.009 -20 0 -10 -19.276 -28.191 -35.461
5 24 -20 -22.627 -33.864 -20 -23.543 -32.962 -20 0 -10 -19.236 -27.21 -36.659
5 24 -20 -21.673 -34.715 -20 -22.627 -33.864 -20 0 -10 -19.198 -26.146 -37.78
5 24 -20 -20.682 -35.513 -20 -21.673 -34.715 -20 0 -10 -19.164 -25.005 -38.816
5 24 -20 -19.655 -36.256 -20 -20.682 -35.513 -20 0 -10 -19.168 -23.792 -39.76
5 24 -20 -18.594 -36.943 -20 -19.655 -36.256 -20 0 -10 -19.203 -22.517 -40.608
5 24 -20 -17.502 -37.573 -20 -18.594 -36.943 -20 0 -10 -19.239 -21.185 -41.355
5 24 -20 -16.38 -38.146 -20 -17.502 -37.573 -20 0 -10 -19.277 -19.806 -41.997
5 24 -20 -15.23 -38.659 -20 -16.38 -38.146 -20 0 -10 -19.315 -18.388 -42.53
5 24 -20 -14.054 -39.112 -20 -15.23 -38.659 -20 0 -10 -19.354 -16.94 -42.953
5 24 -20 -12.854 -39.505 -20 -14.054 -39.112 -20 0 -10 -19.392 -15.47 -43.264
5 24 -20 -11.632 -39.836 -20 -12.854 -39.505 -20 0 -10 -19.429 -13.988 -43.462
5 24 -20 -10.39 -40.106 -20 -11.632 -39.836 -20 0 -10 -19.465 -12.503 -43.548
5 24 -20 -9.131 -40.313 -20 -10.39 -40.106 -20 0 -10 -19.5 -11.023 -43.524
5 24 -20 -7.856 -40.457 -20 -9.131 -40.313 -20 0 -10 -19.526 -9.677 -43.414
5 24 -20 -6.567 -40.539 -20 -7.856 -40.457 -20 0 -10 -19.552 -8.319 -43.26
5 24 -20 -5.267 -40.557 -20 -6.567 -40.539 -20 0 -10 -19.578 -6.952 -43.062
5 24 -20 -3.958 -40.512 -20 -5.267 -40.557 -20 0 -10 -19.603 -5.577 -42.82
5 24 -20 -2.643 -40.404 -20 -3.958 -40.512 -20 0 -10 -19.628 -4.196 -42.533
5 24 -20 -1.322 -40.233 -20 -2.643 -40.404 -20 0 -10 -19.653 -2.81 -42.203
5 24 -20 0 -40 -20 -1.322 -40.233 -20 0 -10 -19.678 -1.421 -41.828
5 24 -20 1.5 -39.7 -20 0 -40 -20 0 -10 -19.702 -0.03 -41.41
5 24 -20 3 -39.4 -20 1.5 -39.7 -20 0 -10 -19.726 1.485 -40.945
5 24 -20 -32 -10 -19.845 -32.517 -11.78 -19.612 -32.75 -11.9 -19.961 -32.206 -11.619
5 24 -19.845 -32.517 -11.78 -19.612 -32.75 -11.9 -20 -32 -10 -19.688 -33.017 -13.555
5 24 -19.845 -32.517 -11.78 -19.688 -33.017 -13.555 -19.612 -32.75 -11.9 -19.961 -32.206 -11.619
5 24 -19.688 -33.017 -13.555 -19.221 -33.5 -13.8 -19.612 -32.75 -11.9 -19.531 -33.501 -15.326
5 24 -19.688 -33.017 -13.555 -19.531 -33.501 -15.326 -19.221 -33.5 -13.8 -19.922 -32.373 -13.229
5 24 -19.531 -33.501 -15.326 -18.828 -34.25 -15.7 -19.221 -33.5 -13.8 -19.373 -33.969 -17.091
5 24 -19.531 -33.501 -15.326 -19.373 -33.969 -17.091 -18.828 -34.25 -15.7 -19.883 -32.503 -14.827
5 24 -19.373 -33.969 -17.091 -18.432 -35 -17.6 -18.828 -34.25 -15.7 -19.213 -34.421 -18.85
5 24 -19.373 -33.969 -17.091 -19.213 -34.421 -18.85 -18.432 -35 -17.6 -19.843 -32.594 -16.413
5 24 -19.213 -34.421 -18.85 -18.033 -35.75 -19.5 -18.432 -35 -17.6 -19.053 -34.856 -20.602
5 24 -19.213 -34.421 -18.85 -19.053 -34.856 -20.602 -18.033 -35.75 -19.5 -19.803 -32.648 -17.984
5 24 -19.053 -34.856 -20.602 -17.632 -36.5 -21.4 -18.033 -35.75 -19.5 -18.891 -35.276 -22.346
5 24 -19.053 -34.856 -20.602 -18.891 -35.276 -22.346 -17.632 -36.5 -21.4 -19.763 -32.665 -19.538
5 24 -18.891 -35.276 -22.346 -17.228 -37.25 -23.3 -17.632 -36.5 -21.4 -18.728 -35.68 -24.082
5 24 -18.891 -35.276 -22.346 -18.728 -35.68 -24.082 -17.228 -37.25 -23.3 -19.723 -32.644 -21.074
5 24 -18.728 -35.68 -24.082 -16.821 -38 -25.2 -17.228 -37.25 -23.3 -18.565 -36.068 -25.808
5 24 -18.728 -35.68 -24.082 -18.565 -36.068 -25.808 -16.821 -38 -25.2 -19.682 -32.586 -22.591
5 24 -18.565 -36.068 -25.808 -16.412 -38.75 -27.1 -16.821 -38 -25.2 -18.4 -36.441 -27.525
5 24 -18.565 -36.068 -25.808 -18.4 -36.441 -27.525 -16.412 -38.75 -27.1 -19.641 -32.493 -24.086
5 24 -18.4 -36.441 -27.525 -16 -39.5 -29 -16.412 -38.75 -27.1 -18.214 -36.506 -29.391
5 24 -18.4 -36.441 -27.525 -18.214 -36.506 -29.391 -16 -39.5 -29 -19.6 -32.363 -25.558
5 24 -18.214 -36.506 -29.391 -15.535 -39.831 -31.129 -16 -39.5 -29 -18.025 -36.394 -31.263
5 24 -18.214 -36.506 -29.391 -18.025 -36.394 -31.263 -15.535 -39.831 -31.129 -19.554 -32.073 -27.074
5 24 -18.025 -36.394 -31.263 -15.062 -39.93 -33.282 -15.535 -39.831 -31.129 -17.834 -36.103 -33.122
5 24 -18.025 -36.394 -31.263 -17.834 -36.103 -33.122 -15.062 -39.93 -33.282 -19.506 -31.679 -28.572
5 24 -17.834 -36.103 -33.122 -17.644 -35.636 -34.949 -14.585 -39.795 -35.432 -19.459 -31.181 -30.041
5 24 -17.644 -35.636 -34.949 -17.458 -34.996 -36.726 -14.111 -39.428 -37.555 -19.411 -30.581 -31.473
5 24 -17.458 -34.996 -36.726 -17.278 -34.188 -38.437 -13.646 -38.833 -39.626 -19.365 -29.88 -32.86
5 24 -17.278 -34.188 -38.437 -17.106 -33.22 -40.063 -13.195 -38.018 -41.621 -19.32 -29.082 -34.192
5 24 -17.106 -33.22 -40.063 -16.943 -32.099 -41.589 -12.764 -36.992 -43.515 -19.276 -28.191 -35.461
5 24 -16.943 -32.099 -41.589 -16.793 -30.837 -43.001 -12.358 -35.766 -45.287 -19.236 -27.21 -36.659
5 24 -16.793 -30.837 -43.001 -16.657 -29.447 -44.283 -11.983 -34.356 -46.917 -19.198 -26.146 -37.78
5 24 -16.657 -29.447 -44.283 -11.643 -32.778 -48.384 -11.983 -34.356 -46.917 -16.672 -27.94 -45.423
5 24 -16.657 -29.447 -44.283 -16.672 -27.94 -45.423 -11.643 -32.778 -48.384 -19.164 -25.005 -38.816
5 24 -16.672 -27.94 -45.423 -11.68 -31.051 -49.671 -11.643 -32.778 -48.384 -16.811 -26.332 -46.412
5 24 -16.672 -27.94 -45.423 -16.811 -26.332 -46.412 -11.68 -31.051 -49.671 -19.168 -23.792 -39.76
5 24 -16.811 -26.332 -46.412 -16.957 -24.639 -47.238 -12.028 -29.194 -50.765 -19.203 -22.517 -40.608
5 24 -16.957 -24.639 -47.238 -12.393 -27.23 -51.65 -12.028 -29.194 -50.765 -17.108 -22.877 -47.895
5 24 -16.957 -24.639 -47.238 -17.108 -22.877 -47.895 -12.393 -27.23 -51.65 -19.239 -21.185 -41.355
5 24 -17.108 -22.877 -47.895 -12.769 -25.181 -52.318 -12.393 -27.23 -51.65 -17.26 -21.064 -48.376
5 24 -17.108 -22.877 -47.895 -17.26 -21.064 -48.376 -12.769 -25.181 -52.318 -19.277 -19.806 -41.997
5 24 -17.26 -21.064 -48.376 -13.151 -23.072 -52.76 -12.769 -25.181 -52.318 -17.414 -19.219 -48.678
5 24 -17.26 -21.064 -48.376 -17.414 -19.219 -48.678 -13.151 -23.072 -52.76 -19.315 -18.388 -42.53
5 24 -17.414 -19.219 -48.678 -13.536 -20.928 -52.972 -13.151 -23.072 -52.76 -17.567 -17.357 -48.799
5 24 -17.414 -19.219 -48.678 -17.567 -17.357 -48.799 -13.536 -20.928 -52.972 -19.354 -16.94 -42.953
5 24 -17.567 -17.357 -48.799 -13.917 -18.773 -52.95 -13.536 -20.928 -52.972 -17.716 -15.5 -48.738
5 24 -17.567 -17.357 -48.799 -17.716 -15.5 -48.738 -13.917 -18.773 -52.95 -19.392 -15.47 -43.264
5 24 -17.716 -15.5 -48.738 -14.291 -16.634 -52.695 -13.917 -18.773 -52.95 -17.861 -13.663 -48.498
5 24 -17.716 -15.5 -48.738 -17.861 -13.663 -48.498 -14.291 -16.634 -52.695 -19.429 -13.988 -43.462
5 24 -17.861 -13.663 -48.498 -14.653 -14.534 -52.21 -14.291 -16.634 -52.695 -18 -11.867 -48.082
5 24 -17.861 -13.663 -48.498 -18 -11.867 -48.082 -14.653 -14.534 -52.21 -19.465 -12.503 -43.548
5 24 -18 -11.867 -48.082 -15 -12.5 -51.5 -14.653 -14.534 -52.21 -18.104 -10.404 -47.549
5 24 -18 -11.867 -48.082 -18.104 -10.404 -47.549 -15 -12.5 -51.5 -19.5 -11.023 -43.524
5 24 -18.104 -10.404 -47.549 -15.261 -10.95 -50.65 -15 -12.5 -51.5 -18.208 -8.937 -46.997
5 24 -18.104 -10.404 -47.549 -18.208 -8.937 -46.997 -15.261 -10.95 -50.65 -19.526 -9.677 -43.414
5 24 -18.208 -8.937 -46.997 -15.52 -9.4 -49.8 -15.261 -10.95 -50.65 -18.31 -7.465 -46.427
5 24 -18.208 -8.937 -46.997 -18.31 -7.465 -46.427 -15.52 -9.4 -49.8 -19.552 -8.319 -43.26
5 24 -18.31 -7.465 -46.427 -15.776 -7.85 -48.95 -15.52 -9.4 -49.8 -18.412 -5.99 -45.837
5 24 -18.31 -7.465 -46.427 -18.412 -5.99 -45.837 -15.776 -7.85 -48.95 -19.578 -6.952 -43.062
5 24 -18.412 -5.99 -45.837 -16.03 -6.3 -48.1 -15.776 -7.85 -48.95 -18.512 -4.512 -45.229
5 24 -18.412 -5.99 -45.837 -18.512 -4.512 -45.229 -16.03 -6.3 -48.1 -19.603 -5.577 -42.82
5 24 -18.512 -4.512 -45.229 -16.281 -4.75 -47.25 -16.03 -6.3 -48.1 -18.612 -3.033 -44.601
5 24 -18.512 -4.512 -45.229 -18.612 -3.033 -44.601 -16.281 -4.75 -47.25 -19.628 -4.196 -42.533
5 24 -18.612 -3.033 -44.601 -16.53 -3.2 -46.4 -16.281 -4.75 -47.25 -18.71 -1.552 -43.955
5 24 -18.612 -3.033 -44.601 -18.71 -1.552 -43.955 -16.53 -3.2 -46.4 -19.653 -2.81 -42.203
5 24 -18.71 -1.552 -43.955 -16.776 -1.65 -45.55 -16.53 -3.2 -46.4 -18.808 -0.07 -43.29
5 24 -18.71 -1.552 -43.955 -18.808 -0.07 -43.29 -16.776 -1.65 -45.55 -19.678 -1.421 -41.828
5 24 -18.808 -0.07 -43.29 -17.02 -0.1 -44.7 -16.776 -1.65 -45.55 -18.904 1.465 -42.605
5 24 -18.808 -0.07 -43.29 -18.904 1.465 -42.605 -17.02 -0.1 -44.7 -19.702 -0.03 -41.41
5 24 -18.904 1.465 -42.605 -17.261 1.45 -43.85 -17.02 -0.1 -44.7 -19 3 -41.92
5 24 -18.904 1.465 -42.605 -19 3 -41.92 -17.261 1.45 -43.85 -19.726 1.485 -40.945
5 24 -19 3 -41.92 -17.5 3 -43 -17.261 1.45 -43.85 -19.083 4 -41.38
5 24 -19 3 -41.92 -19.083 4 -41.38 -17.5 3 -43 -19.75 3 -40.48
5 24 -19.083 4 -41.38 -17.708 4 -42.314 -17.5 3 -43 -19.167 5 -40.863
5 24 -19.083 4 -41.38 -19.167 5 -40.863 -17.708 4 -42.314 -19.771 4 -40.134
5 24 -19.167 5 -40.863 -17.917 5 -41.662 -17.708 4 -42.314 -19.25 6 -40.37
5 24 -19.167 5 -40.863 -19.25 6 -40.37 -17.917 5 -41.662 -19.792 5 -39.799
5 24 -19.25 6 -40.37 -18.125 6 -41.043 -17.917 5 -41.662 -19.333 7 -39.901
5 24 -19.25 6 -40.37 -19.333 7 -39.901 -18.125 6 -41.043 -19.813 6 -39.473
5 24 -19.333 7 -39.901 -19.417 8 -39.456 -18.333 7 -40.458 -19.833 7 -39.157
5 24 -19.417 8 -39.456 -19.5 9 -39.034 -18.542 8 -39.908 -19.854 8 -38.852
5 24 -19.5 9 -39.034 -19.583 10 -38.636 -18.75 9 -39.391 -19.875 9 -38.557
5 24 -19.583 10 -38.636 -19.667 11 -38.261 -18.958 10 -38.908 -19.896 10 -38.272
5 24 -19.667 11 -38.261 -19.167 11 -38.458 -18.958 10 -38.908 -19.75 12 -37.91
5 24 -19.667 11 -38.261 -19.75 12 -37.91 -19.167 11 -38.458 -19.917 11 -37.997
5 24 -19.75 12 -37.91 -19.375 12 -38.043 -19.167 11 -38.458 -19.833 13 -37.583
5 24 -19.75 12 -37.91 -19.833 13 -37.583 -19.375 12 -38.043 -19.938 12 -37.733
5 24 -19.833 13 -37.583 -19.583 13 -37.662 -19.375 12 -38.043 -19.917 14 -37.28
5 24 -19.833 13 -37.583 -19.917 14 -37.28 -19.583 13 -37.662 -19.958 13 -37.479
5 24 -19.917 14 -37.28 -19.792 14 -37.314 -19.583 13 -37.662 -20 15 -37
5 24 -19.917 14 -37.28 -20 15 -37 -19.792 14 -37.314 -19.979 14 -37.234
5 24 -20 -32 -10 -19.961 -32.206 -11.619 -19.845 -32.517 -11.78 -20 -31.973 -11.499
5 24 -19.961 -32.206 -11.619 -19.845 -32.517 -11.78 -20 -32 -10 -19.922 -32.373 -13.229
5 24 -19.961 -32.206 -11.619 -19.922 -32.373 -13.229 -19.688 -33.017 -13.555 -20 -31.973 -11.499
5 24 -19.922 -32.373 -13.229 -19.688 -33.017 -13.555 -19.961 -32.206 -11.619 -19.883 -32.503 -14.827
5 24 -19.922 -32.373 -13.229 -19.883 -32.503 -14.827 -19.531 -33.501 -15.326 -20 -31.891 -12.984
5 24 -19.883 -32.503 -14.827 -19.531 -33.501 -15.326 -19.922 -32.373 -13.229 -19.843 -32.594 -16.413
5 24 -19.883 -32.503 -14.827 -19.843 -32.594 -16.413 -19.373 -33.969 -17.091 -20 -31.754 -14.453
5 24 -19.843 -32.594 -16.413 -19.373 -33.969 -17.091 -19.883 -32.503 -14.827 -19.803 -32.648 -17.984
5 24 -19.843 -32.594 -16.413 -19.803 -32.648 -17.984 -19.213 -34.421 -18.85 -20 -31.564 -15.904
5 24 -19.803 -32.648 -17.984 -19.213 -34.421 -18.85 -19.843 -32.594 -16.413 -19.763 -32.665 -19.538
5 24 -19.803 -32.648 -17.984 -19.763 -32.665 -19.538 -19.053 -34.856 -20.602 -20 -31.319 -17.334
5 24 -19.763 -32.665 -19.538 -19.053 -34.856 -20.602 -19.803 -32.648 -17.984 -19.723 -32.644 -21.074
5 24 -19.763 -32.665 -19.538 -19.723 -32.644 -21.074 -18.891 -35.276 -22.346 -20 -31.021 -18.74
5 24 -19.723 -32.644 -21.074 -18.891 -35.276 -22.346 -19.763 -32.665 -19.538 -19.682 -32.586 -22.591
5 24 -19.723 -32.644 -21.074 -19.682 -32.586 -22.591 -18.728 -35.68 -24.082 -20 -30.67 -20.12
5 24 -19.682 -32.586 -22.591 -18.728 -35.68 -24.082 -19.723 -32.644 -21.074 -19.641 -32.493 -24.086
5 24 -19.682 -32.586 -22.591 -19.641 -32.493 -24.086 -18.565 -36.068 -25.808 -20 -30.266 -21.472
5 24 -19.641 -32.493 -24.086 -18.565 -36.068 -25.808 -19.682 -32.586 -22.591 -19.6 -32.363 -25.558
5 24 -19.641 -32.493 -24.086 -19.6 -32.363 -25.558 -18.4 -36.441 -27.525 -20 -29.811 -22.794
5 24 -19.6 -32.363 -25.558 -18.4 -36.441 -27.525 -19.641 -32.493 -24.086 -19.554 -32.073 -27.074
5 24 -19.6 -32.363 -25.558 -19.554 -32.073 -27.074 -18.214 -36.506 -29.391 -20 -29.305 -24.083
5 24 -19.554 -32.073 -27.074 -18.214 -36.506 -29.391 -19.6 -32.363 -25.558 -19.506 -31.679 -28.572
5 24 -19.554 -32.073 -27.074 -19.506 -31.679 -28.572 -18.025 -36.394 -31.263 -20 -28.749 -25.336
5 24 -19.506 -31.679 -28.572 -19.459 -31.181 -30.041 -17.834 -36.103 -33.122 -20 -28.143 -26.553
5 24 -19.459 -31.181 -30.041 -19.411 -30.581 -31.473 -17.644 -35.636 -34.949 -20 -27.49 -27.731
5 24 -19.411 -30.581 -31.473 -19.365 -29.88 -32.86 -17.458 -34.996 -36.726 -20 -26.789 -28.867
5 24 -19.365 -29.88 -32.86 -19.32 -29.082 -34.192 -17.278 -34.188 -38.437 -20 -26.043 -29.96
5 24 -19.32 -29.082 -34.192 -19.276 -28.191 -35.461 -17.106 -33.22 -40.063 -20 -25.252 -31.008
5 24 -19.276 -28.191 -35.461 -17.106 -33.22 -40.063 -19.32 -29.082 -34.192 -19.236 -27.21 -36.659
5 24 -19.276 -28.191 -35.461 -19.236 -27.21 -36.659 -16.943 -32.099 -41.589 -20 -24.419 -32.009
5 24 -19.236 -27.21 -36.659 -16.943 -32.099 -41.589 -19.276 -28.191 -35.461 -19.198 -26.146 -37.78
5 24 -19.236 -27.21 -36.659 -19.198 -26.146 -37.78 -16.793 -30.837 -43.001 -20 -23.543 -32.962
5 24 -19.198 -26.146 -37.78 -16.793 -30.837 -43.001 -19.236 -27.21 -36.659 -19.164 -25.005 -38.816
5 24 -19.198 -26.146 -37.78 -19.164 -25.005 -38.816 -16.657 -29.447 -44.283 -20 -22.627 -33.864
5 24 -19.164 -25.005 -38.816 -16.657 -29.447 -44.283 -19.198 -26.146 -37.78 -19.168 -23.792 -39.76
5 24 -19.164 -25.005 -38.816 -19.168 -23.792 -39.76 -16.672 -27.94 -45.423 -20 -21.673 -34.715
5 24 -19.168 -23.792 -39.76 -16.672 -27.94 -45.423 -19.164 -25.005 -38.816 -19.203 -22.517 -40.608
5 24 -19.168 -23.792 -39.76 -19.203 -22.517 -40.608 -16.811 -26.332 -46.412 -20 -20.682 -35.513
5 24 -19.203 -22.517 -40.608 -19.239 -21.185 -41.355 -16.957 -24.639 -47.238 -20 -19.655 -36.256
5 24 -19.239 -21.185 -41.355 -19.277 -19.806 -41.997 -17.108 -22.877 -47.895 -20 -18.594 -36.943
5 24 -19.277 -19.806 -41.997 -19.315 -18.388 -42.53 -17.26 -21.064 -48.376 -20 -17.502 -37.573
5 24 -19.315 -18.388 -42.53 -19.354 -16.94 -42.953 -17.414 -19.219 -48.678 -20 -16.38 -38.146
5 24 -19.354 -16.94 -42.953 -17.414 -19.219 -48.678 -19.315 -18.388 -42.53 -19.392 -15.47 -43.264
5 24 -19.354 -16.94 -42.953 -19.392 -15.47 -43.264 -17.567 -17.357 -48.799 -20 -15.23 -38.659
5 24 -19.392 -15.47 -43.264 -17.567 -17.357 -48.799 -19.354 -16.94 -42.953 -19.429 -13.988 -43.462
5 24 -19.392 -15.47 -43.264 -19.429 -13.988 -43.462 -17.716 -15.5 -48.738 -20 -14.054 -39.112
5 24 -19.429 -13.988 -43.462 -17.716 -15.5 -48.738 -19.392 -15.47 -43.264 -19.465 -12.503 -43.548
5 24 -19.429 -13.988 -43.462 -19.465 -12.503 -43.548 -17.861 -13.663 -48.498 -20 -12.854 -39.505
5 24 -19.465 -12.503 -43.548 -17.861 -13.663 -48.498 -19.429 -13.988 -43.462 -19.5 -11.023 -43.524
5 24 -19.465 -12.503 -43.548 -19.5 -11.023 -43.524 -18 -11.867 -48.082 -20 -11.632 -39.836
5 24 -19.5 -11.023 -43.524 -18 -11.867 -48.082 -19.465 -12.503 -43.548 -19.526 -9.677 -43.414
5 24 -19.5 -11.023 -43.524 -19.526 -9.677 -43.414 -18.104 -10.404 -47.549 -20 -10.39 -40.106
5 24 -19.526 -9.677 -43.414 -18.104 -10.404 -47.549 -19.5 -11.023 -43.524 -19.552 -8.319 -43.26
5 24 -19.526 -9.677 -43.414 -19.552 -8.319 -43.26 -18.208 -8.937 -46.997 -20 -9.131 -40.313
5 24 -19.552 -8.319 -43.26 -18.208 -8.937 -46.997 -19.526 -9.677 -43.414 -19.578 -6.952 -43.062
5 24 -19.552 -8.319 -43.26 -19.578 -6.952 -43.062 -18.31 -7.465 -46.427 -20 -7.856 -40.457
5 24 -19.578 -6.952 -43.062 -18.31 -7.465 -46.427 -19.552 -8.319 -43.26 -19.603 -5.577 -42.82
5 24 -19.578 -6.952 -43.062 -19.603 -5.577 -42.82 -18.412 -5.99 -45.837 -20 -6.567 -40.539
5 24 -19.603 -5.577 -42.82 -18.412 -5.99 -45.837 -19.578 -6.952 -43.062 -19.628 -4.196 -42.533
5 24 -19.603 -5.577 -42.82 -19.628 -4.196 -42.533 -18.512 -4.512 -45.229 -20 -5.267 -40.557
5 24 -19.628 -4.196 -42.533 -18.512 -4.512 -45.229 -19.603 -5.577 -42.82 -19.653 -2.81 -42.203
5 24 -19.628 -4.196 -42.533 -19.653 -2.81 -42.203 -18.612 -3.033 -44.601 -20 -3.958 -40.512
5 24 -19.653 -2.81 -42.203 -18.612 -3.033 -44.601 -19.628 -4.196 -42.533 -19.678 -1.421 -41.828
5 24 -19.653 -2.81 -42.203 -19.678 -1.421 -41.828 -18.71 -1.552 -43.955 -20 -2.643 -40.404
5 24 -19.678 -1.421 -41.828 -18.71 -1.552 -43.955 -19.653 -2.81 -42.203 -19.702 -0.03 -41.41
5 24 -19.678 -1.421 -41.828 -19.702 -0.03 -41.41 -18.808 -0.07 -43.29 -20 -1.322 -40.233
5 24 -19.702 -0.03 -41.41 -18.808 -0.07 -43.29 -19.678 -1.421 -41.828 -19.726 1.485 -40.945
5 24 -19.702 -0.03 -41.41 -19.726 1.485 -40.945 -18.904 1.465 -42.605 -20 0 -40
5 24 -19.726 1.485 -40.945 -18.904 1.465 -42.605 -19.702 -0.03 -41.41 -19.75 3 -40.48
5 24 -19.726 1.485 -40.945 -19.75 3 -40.48 -19 3 -41.92 -20 1.5 -39.7
5 24 -19.75 3 -40.48 -19 3 -41.92 -19.726 1.485 -40.945 -19.771 4 -40.134
5 24 -19.75 3 -40.48 -19.771 4 -40.134 -19.083 4 -41.38 -20 3 -39.4
5 24 -19.771 4 -40.134 -19.083 4 -41.38 -19.75 3 -40.48 -19.792 5 -39.799
5 24 -19.771 4 -40.134 -19.792 5 -39.799 -19.167 5 -40.863 -20 4 -39.2
5 24 -19.792 5 -39.799 -19.167 5 -40.863 -19.771 4 -40.134 -19.813 6 -39.473
5 24 -19.792 5 -39.799 -19.813 6 -39.473 -19.25 6 -40.37 -20 5 -39
5 24 -19.813 6 -39.473 -19.25 6 -40.37 -19.792 5 -39.799 -19.833 7 -39.157
5 24 -19.813 6 -39.473 -19.833 7 -39.157 -19.333 7 -39.901 -20 6 -38.8
5 24 -19.833 7 -39.157 -19.333 7 -39.901 -19.813 6 -39.473 -19.854 8 -38.852
5 24 -19.833 7 -39.157 -19.854 8 -38.852 -19.417 8 -39.456 -20 7 -38.6
5 24 -19.854 8 -38.852 -19.417 8 -39.456 -19.833 7 -39.157 -19.875 9 -38.557
5 24 -19.854 8 -38.852 -19.875 9 -38.557 -19.5 9 -39.034 -20 8 -38.4
5 24 -19.875 9 -38.557 -19.5 9 -39.034 -19.854 8 -38.852 -19.896 10 -38.272
5 24 -19.875 9 -38.557 -19.896 10 -38.272 -19.583 10 -38.636 -20 9 -38.2
5 24 -19.896 10 -38.272 -19.583 10 -38.636 -19.875 9 -38.557 -19.917 11 -37.997
5 24 -19.896 10 -38.272 -19.917 11 -37.997 -19.667 11 -38.261 -20 10 -38
5 24 -19.917 11 -37.997 -19.667 11 -38.261 -19.896 10 -38.272 -19.938 12 -37.733
5 24 -19.917 11 -37.997 -19.938 12 -37.733 -19.75 12 -37.91 -20 11 -37.8
5 24 -19.938 12 -37.733 -19.75 12 -37.91 -19.917 11 -37.997 -19.958 13 -37.479
5 24 -19.938 12 -37.733 -19.958 13 -37.479 -19.833 13 -37.583 -20 12 -37.6
5 24 -19.958 13 -37.479 -19.833 13 -37.583 -19.938 12 -37.733 -19.979 14 -37.234
5 24 -19.958 13 -37.479 -19.979 14 -37.234 -19.917 14 -37.28 -20 13 -37.4
5 24 -19.979 14 -37.234 -19.917 14 -37.28 -19.958 13 -37.479 -20 15 -37
5 24 -19.979 14 -37.234 -20 15 -37 -19.917 14 -37.28 -20 14 -37.2
5 24 -20 -31.973 -11.499 -19.961 -32.206 -11.619 -20 -32 -10 -20 -31.891 -12.984
5 24 -20 -31.891 -12.984 -19.922 -32.373 -13.229 -19.961 -32.206 -11.619 -20 -31.754 -14.453
5 24 -20 -31.754 -14.453 -19.883 -32.503 -14.827 -19.922 -32.373 -13.229 -20 -31.564 -15.904
5 24 -20 -31.564 -15.904 -19.843 -32.594 -16.413 -19.883 -32.503 -14.827 -20 -31.319 -17.334
5 24 -20 -31.319 -17.334 -19.803 -32.648 -17.984 -19.843 -32.594 -16.413 -20 -31.021 -18.74
5 24 -20 -31.021 -18.74 -19.763 -32.665 -19.538 -19.803 -32.648 -17.984 -20 -30.67 -20.12
5 24 -20 -30.67 -20.12 -19.723 -32.644 -21.074 -19.763 -32.665 -19.538 -20 -30.266 -21.472
5 24 -20 -30.266 -21.472 -19.682 -32.586 -22.591 -19.723 -32.644 -21.074 -20 -29.811 -22.794
5 24 -20 -29.811 -22.794 -19.641 -32.493 -24.086 -19.682 -32.586 -22.591 -20 -29.305 -24.083
5 24 -20 -29.305 -24.083 -19.6 -32.363 -25.558 -19.641 -32.493 -24.086 -20 -28.749 -25.336
5 24 -20 -28.749 -25.336 -19.554 -32.073 -27.074 -19.6 -32.363 -25.558 -20 -28.143 -26.553
5 24 -20 -28.143 -26.553 -19.506 -31.679 -28.572 -19.554 -32.073 -27.074 -20 -27.49 -27.731
5 24 -20 -27.49 -27.731 -19.459 -31.181 -30.041 -19.506 -31.679 -28.572 -20 -26.789 -28.867
5 24 -20 -26.789 -28.867 -19.411 -30.581 -31.473 -19.459 -31.181 -30.041 -20 -26.043 -29.96
5 24 -20 -26.043 -29.96 -19.365 -29.88 -32.86 -19.411 -30.581 -31.473 -20 -25.252 -31.008
5 24 -20 -25.252 -31.008 -19.32 -29.082 -34.192 -19.365 -29.88 -32.86 -20 -24.419 -32.009
5 24 -20 -21.673 -34.715 -19.164 -25.005 -38.816 -19.198 -26.146 -37.78 -20 -20.682 -35.513
5 24 -20 -20.682 -35.513 -19.168 -23.792 -39.76 -19.164 -25.005 -38.816 -20 -19.655 -36.256
5 24 -20 -19.655 -36.256 -19.203 -22.517 -40.608 -19.168 -23.792 -39.76 -20 -18.594 -36.943
5 24 -20 -18.594 -36.943 -19.239 -21.185 -41.355 -19.203 -22.517 -40.608 -20 -17.502 -37.573
5 24 -20 -17.502 -37.573 -19.277 -19.806 -41.997 -19.239 -21.185 -41.355 -20 -16.38 -38.146
5 24 -20 -16.38 -38.146 -19.315 -18.388 -42.53 -19.277 -19.806 -41.997 -20 -15.23 -38.659
5 24 -20 -15.23 -38.659 -19.354 -16.94 -42.953 -19.315 -18.388 -42.53 -20 -14.054 -39.112
5 24 -20 -14.054 -39.112 -19.392 -15.47 -43.264 -19.354 -16.94 -42.953 -20 -12.854 -39.505
5 24 -20 -12.854 -39.505 -19.429 -13.988 -43.462 -19.392 -15.47 -43.264 -20 -11.632 -39.836
5 24 -20 -11.632 -39.836 -19.465 -12.503 -43.548 -19.429 -13.988 -43.462 -20 -10.39 -40.106
5 24 -20 -10.39 -40.106 -19.5 -11.023 -43.524 -19.465 -12.503 -43.548 -20 -9.131 -40.313
5 24 -20 -9.131 -40.313 -19.526 -9.677 -43.414 -19.5 -11.023 -43.524 -20 -7.856 -40.457
5 24 -20 -7.856 -40.457 -19.552 -8.319 -43.26 -19.526 -9.677 -43.414 -20 -6.567 -40.539
5 24 -20 -6.567 -40.539 -19.578 -6.952 -43.062 -19.552 -8.319 -43.26 -20 -5.267 -40.557
5 24 -20 -5.267 -40.557 -19.603 -5.577 -42.82 -19.578 -6.952 -43.062 -20 -3.958 -40.512
5 24 -20 -3.958 -40.512 -19.628 -4.196 -42.533 -19.603 -5.577 -42.82 -20 -2.643 -40.404
5 24 -20 -2.643 -40.404 -19.653 -2.81 -42.203 -19.628 -4.196 -42.533 -20 -1.322 -40.233
5 24 -20 -1.322 -40.233 -19.678 -1.421 -41.828 -19.653 -2.81 -42.203 -20 0 -40
5 24 -20 0 -40 -19.702 -0.03 -41.41 -19.678 -1.421 -41.828 -20 1.5 -39.7
5 24 -20 1.5 -39.7 -19.726 1.485 -40.945 -19.702 -0.03 -41.41 -20 3 -39.4
5 24 -20 3 -39.4 -19.75 3 -40.48 -19.726 1.485 -40.945 -20 4 -39.2
5 24 -20 4 -39.2 -19.771 4 -40.134 -19.75 3 -40.48 -20 5 -39
5 24 -20 5 -39 -19.792 5 -39.799 -19.771 4 -40.134 -20 6 -38.8
5 24 -20 6 -38.8 -19.813 6 -39.473 -19.792 5 -39.799 -20 7 -38.6
5 24 -20 7 -38.6 -19.833 7 -39.157 -19.813 6 -39.473 -20 8 -38.4
5 24 -20 8 -38.4 -19.854 8 -38.852 -19.833 7 -39.157 -20 9 -38.2
5 24 -20 9 -38.2 -19.875 9 -38.557 -19.854 8 -38.852 -20 10 -38
5 24 -20 10 -38 -19.896 10 -38.272 -19.875 9 -38.557 -20 11 -37.8
5 24 -20 11 -37.8 -19.917 11 -37.997 -19.896 10 -38.272 -20 12 -37.6
5 24 -20 12 -37.6 -19.938 12 -37.733 -19.917 11 -37.997 -20 13 -37.4
5 24 -20 13 -37.4 -19.958 13 -37.479 -19.938 12 -37.733 -20 14 -37.2
5 24 -20 14 -37.2 -19.979 14 -37.234 -19.958 13 -37.479 -20 15 -37

0 FILE parts/s/4492s01.dat
0 ~Animal Horse Head - Side without Surface
0 Name: s\4492s01.dat
0 Author: Magnus Forsberg [MagFors]
0 !LDRAW_ORG Subpart UPDATE 2019-03
0 !LICENSE Licensed under CC BY 4.0 : see CAreadme.txt

0 BFC CERTIFY CCW

0 !HISTORY 2014-12-19 [MagFors] Original part shape by Sascha Broich
0 !HISTORY 2014-12-19 [MagFors] Subfiled for more pattern parts
0 !HISTORY 2015-10-11 [PTadmin] Official Update 2015-01
0 !HISTORY 2019-11-21 [Holly-Wood] Subfiled mane groove
0 !HISTORY 2019-12-27 [PTadmin] Official Update 2019-03


0 // Animal Horse Head - Side without Surface and Mane Groove
1 16 0 0 0 1 0 0 0 1 0 0 0 1 s/4492s02.dat

0 // Animal Horse Head - Mane groove
1 16 0 0 0 1 0 0 0 1 0 0 0 1 s/4492s03.dat

0 FILE rect2a.dat
0 Rectangle with 2 Adjacent Edges
0 Name: rect2a.dat
0 Author: Chris Dee [cwdee]
0 !LDRAW_ORG Primitive UPDATE 2010-01
0 !LICENSE Licensed under CC BY 4.0 : see CAreadme.txt

0 BFC CERTIFY CCW

0 !HISTORY 2003-12-19 [PTadmin] Official Update 2003-03
0 !HISTORY 2007-06-24 [PTadmin] Header formatted for Contributor Agreement
0 !HISTORY 2008-07-01 [PTadmin] Official Update 2008-01
0 !HISTORY 2010-01-17 [mikeheide] changed winding to CCW
0 !HISTORY 2010-04-05 [PTadmin] Official Update 2010-01


2 24 1 0 1 -1 0 1
2 24 1 0 -1 1 0 1
4 16 -1 0 1 -1 0 -1 1 0 -1 1 0 1
0

0 FILE 1-8cylo.dat
0 Cylinder Open 0.125
0 Name: 1-8cylo.dat
0 Author: Tim Gould [timgould]
0 !LDRAW_ORG Primitive UPDATE 2012-03
0 !LICENSE Licensed under CC BY 4.0 : see CAreadme.txt

0 BFC CERTIFY CCW

0 !HISTORY 2012-12-28 [PTadmin] Official Update 2012-03


1 16 0 0 0 1 0 0 0 1 0 0 0 1 1-8edge.dat
1 16 0 1 0 1 0 0 0 1 0 0 0 1 1-8edge.dat
1 16 0 0 0 1 0 0 0 1 0 0 0 1 1-8cyli.dat

0 FILE empty.dat
0 Empty
0 Name: empty.dat
0 Author: Steffen [Steffen]
0 !LDRAW_ORG Primitive UPDATE 2025-08
0 !LICENSE Licensed under CC BY 4.0 : see CAreadme.txt

0 BFC CERTIFY CCW

0 !HISTORY 2015-10-11 [PTadmin] Official Update 2015-01
0 !HISTORY 2025-08-13 [OrionP] Fix comments
0 !HISTORY 2025-08-31 [OrionP] Official Update 2025-08

0 // Tool MLCad cannot handle really empty files. This file is used as a workaround.
0 // It exceptionally contains forbidden non-LDRAW standard syntax to satisfy MLCad
0 // until it is fixed OR a different editor has become the de-facto LDRAW standard.
0 // The line being used here is an "impossible" conditional line which never should be visible,
0 // additionally hidden by a syntax explicitly hiding it from displaying.

0 MLCAD HIDE 5 24 0 0 0 0.0001 0 0 0.0001 -0.0001 0 0 0 0

0 FILE parts/s/4493s.dat
0 ~Animal Horse Side
0 Name: s\4493s.dat
0 Author: Sascha Broich [SaschaBroich]
0 !LDRAW_ORG Subpart UPDATE 2015-01
0 !LICENSE Licensed under CC BY 4.0 : see CAreadme.txt

0 BFC CERTIFY CCW

0 !HISTORY 2002-04-25 [PTadmin] Official Update 2002-02
0 !HISTORY 2007-09-09 [PTadmin] Header formatted for Contributor Agreement
0 !HISTORY 2008-07-01 [PTadmin] Official Update 2008-01
0 !HISTORY 2014-12-11 [MagFors] Modified with WINDZ for BFC compliance
0 !HISTORY 2014-12-14 [MagFors] Subfiled for patterns
0 !HISTORY 2015-10-11 [PTadmin] Official Update 2015-01


0 // breast inner frame
2 24 10 -92 -22.6 10 -91.25 -20.7
2 24 10 -92.75 -24.5 10 -92 -22.6
2 24 10 -93.5 -26.4 10 -92.75 -24.5
2 24 10 -94.25 -28.3 10 -93.5 -26.4
2 24 10 -95 -30.2 10 -94.25 -28.3
2 24 10 -95.75 -32.1 10 -95 -30.2
2 24 10 -96.5 -34 10 -95.75 -32.1
2 24 10 -96.5 -34 10 -96.831 -36.129
2 24 10 -96.831 -36.129 10 -96.93 -38.282
2 24 10 -96.93 -38.282 10 -96.795 -40.432
2 24 10 -96.795 -40.432 10 -96.428 -42.555
2 24 10 -96.428 -42.555 10 -95.833 -44.626
2 24 10 -95.833 -44.626 10 -95.018 -46.621
2 24 10 -95.018 -46.621 10 -93.992 -48.515
2 24 10 -93.992 -48.515 10 -92.766 -50.287
2 24 10 -92.766 -50.287 10 -91.356 -51.917
2 24 10 -91.356 -51.917 10 -89.778 -53.384
2 24 10 -89.778 -53.384 10 -88.051 -54.671
2 24 10 -88.051 -54.671 10 -86.194 -55.765
2 24 10 -86.194 -55.765 10 -84.23 -56.65
2 24 10 -84.23 -56.65 10 -82.181 -57.318
2 24 10 -82.181 -57.318 10 -80.072 -57.76
2 24 10 -80.072 -57.76 10 -77.928 -57.972
2 24 10 -77.928 -57.972 10 -75.773 -57.95
2 24 10 -75.773 -57.95 10 -73.634 -57.695
2 24 10 -73.634 -57.695 10 -71.534 -57.21
2 24 10 -71.534 -57.21 10 -69.5 -56.5
2 24 10 -69.5 -56.5 10 -67.95 -55.65
2 24 10 -67.95 -55.65 10 -66.4 -54.8
2 24 10 -66.4 -54.8 10 -64.85 -53.95
2 24 10 -64.85 -53.95 10 -63.3 -53.1
2 24 10 -63.3 -53.1 10 -61.75 -52.25
2 24 10 -61.75 -52.25 10 -60.2 -51.4
2 24 10 -60.2 -51.4 10 -58.65 -50.55
2 24 10 -58.65 -50.55 10 -57.1 -49.7
2 24 10 -57.1 -49.7 10 -55.55 -48.85
2 24 10 -55.55 -48.85 10 -54 -48
0 // breast inside frame
2 24 0 -89 5 0 -49 5
0 // breast inside plane
1 16 7.5 -52.7785 -42.5 7.5 0 0 0 1 0.3275 0 0 1.5 rect.dat
1 16 7.5 -51.1855 -35 7.5 0 0 0 1 0.4135 0 0 2 rect.dat
1 16 7.5 -49.6765 -27.5 7.5 0 0 0 1 0.2935 0 0 1.5 rect.dat
1 16 7.5 -48.377 -20.5 7.5 0 0 0 1 0.246 0 0 1.5 rect.dat
4 16 0 -47.411 -13 16 -47.411 -13 16 -47.183 -10 0 -47.183 -10
4 16 0 -47.183 -10 16 -47.183 -10 16 -47.044 -7 0 -47.044 -7
4 16 0 -47 -3 16 -47 -3 16 -47.03 -1 0 -47.03 -1
4 16 0 -47.03 -1 16 -47.03 -1 16 -47.155 2 0 -47.155 2
4 16 0 -48.059 11 15 -48.059 11 15 -48.537 14 0 -48.537 14
4 16 0 -47.727 -16 0 -48.131 -19 0 -49 -18 0 -49 -15
1 16 7.5 -48.5655 -18.5 7.5 0 0 0 1 -0.4345 0 0 0.5 rect3.dat
4 16 0 -49 -15 0 -89 -15 16 -57 -15 16 -49 -15
4 16 0 -89 5 0 -85 9 0 -49 9 0 -49 5
4 16 0 -89 5 0 -49 5 16 -49 5 16 -57 5
1 16 7.5 -67 9 7.5 0 0 0 0 18 0 -1 0 rect.dat
1 16 7.5 -48.5295 10 7.5 0 0 0 1 0.4705 0 0 1 rect3.dat
0 // breast inside pillar
2 24 0 -53.106 -44 0 -54 -44
2 24 0 -51.599 -37 0 -52.451 -37
2 24 0 -49.97 -29 0 -50.772 -29
2 24 0 -48.623 -22 0 -49.383 -22
2 24 10 -54 -44 10 -57 -44
2 24 15 -53.106 -44 15 -57 -44
2 24 15 -52.451 -41 15 -57 -41
2 24 10 -57 -37 10 -57.5 -37
2 24 15 -57.5 -37 15 -51.599 -37
2 24 15 -58 -33 15 -50.772 -33
2 24 10 -58 -29 10 -59.5 -29
2 24 15 -59.5 -29 15 -49.97 -29
2 24 15 -61 -26 15 -49.383 -26
2 24 10 -61 -22 10 -64 -22
2 24 15 -48.623 -22 15 -64 -22
2 24 15 -69 -18 15 -49 -18
3 16 0 -54 -44 0 -53.106 -44 0 -54 -48
3 16 0 -52.451 -37 0 -51.599 -37 0 -52.451 -41
3 16 0 -50.772 -29 0 -49.97 -29 0 -50.772 -33
4 16 0 -49.383 -26 0 -49.383 -22 0 -48.623 -22 0 -46.5 -30.565
1 16 5 -54 -46 5 0 0 0 1 0 0 0 2 rect.dat
4 16 0 -53.106 -44 0 -54 -44 10 -54 -44 15 -53.106 -44
4 16 0 -51.599 -37 0 -52.451 -37 10 -57 -37 15 -51.599 -37
4 16 0 -49.97 -29 0 -50.772 -29 10 -58 -29 15 -49.97 -29
4 16 0 -48.623 -22 0 -49.383 -22 10 -61 -22 15 -48.623 -22
1 16 5 -54.7255 -39 0 0 5 0 1 -2.2745 -2 0 0 rect.dat
1 16 5 -54.386 -31 0 0 5 0 1 -3.614 -2 0 0 rect.dat
1 16 5 -55.1915 -24 0 1 5 0 0 -5.8085 -2 0 0 rect.dat
3 16 10 -57 -44 10 -54 -44 10 -54 -48
3 16 10 -57.5 -37 10 -57 -37 10 -57 -41
3 16 10 -59.5 -29 10 -58 -29 10 -58 -33
3 16 10 -64 -22 10 -61 -22 10 -61 -26
1 16 12.5 -57 -42.5 0 0 2.5 0 -1 0 1.5 0 0 rect.dat
1 16 12.5 -57.75 -35 0 0 2.5 -0.25 -1 0 2 0 0 rect.dat
1 16 12.5 -60.25 -27.5 0 0 2.5 -0.75 -1 0 1.5 0 0 rect.dat
1 16 12.5 -66.5 -21 0 0 2.5 -2.5 0 0 1 -1 0 rect.dat
1 16 12.5 -69 -19 -2.5 0 0 0 -1 0 0 0 1 rect3.dat
4 16 15 -57 -44 15 -53.106 -44 10 -54 -44 10 -57 -44
4 16 15 -57 -41 10 -57 -41 0 -52.451 -41 15 -52.451 -41
4 16 10 -57.5 -37 15 -57.5 -37 15 -51.599 -37 10 -57 -37
4 16 10 -58 -33 0 -50.772 -33 15 -50.772 -33 15 -58 -33
4 16 10 -59.5 -29 15 -59.5 -29 15 -49.97 -29 10 -58 -29
4 16 10 -61 -26 0 -49.383 -26 15 -49.383 -26 15 -61 -26
4 16 10 -64 -22 15 -64 -22 15 -48.623 -22 10 -61 -22
4 16 0 -49 -18 15 -49 -18 15 -69 -18 10 -69 -18
4 16 15 -57 -44 15 -57 -41 15 -52.451 -41 15 -53.106 -44
4 16 15 -57.5 -37 15 -58 -33 15 -50.772 -33 15 -51.599 -37
4 16 15 -59.5 -29 15 -61 -26 15 -49.383 -26 15 -49.97 -29
4 16 15 -64 -22 15 -69 -20 15 -48.131 -19 15 -48.623 -22
4 16 15 -69 -20 15 -69 -18 15 -49 -18 15 -48.131 -19
0 // saddle inner frame
2 24 0 -53 -3 0 -47 -3
2 24 0 -53 -7 0 -47.044 -7
2 24 0 -89 -15 0 -91.25 -20.7
2 24 0 -86 -18 0 -49 -18
2 24 10 -86 -18 10 -69 -18
2 24 20 -89 5 20 -91 34
2 24 0 -89 5 0 -91 34
2 24 0 -85 9 0 -87 34
2 24 15 -85 9 15 -87 34
2 24 0 -49 -15 0 -89 -15
2 24 0 -47.044 -7 16 -47.044 -7
2 24 16 -47 -3 0 -47 -3
2 24 0 -47 -3 0 -47.03 -1
2 24 20 -57 -15 16 -57 -15
2 24 20 -57 -15 20 -57 5
2 24 20 -57 5 16 -57 5
2 24 20 -89 -15 0 -89 -15
2 24 20 -89 -15 20 -57 -15
2 24 20 -89 5 0 -89 5
2 24 20 -89 5 20 -57 5
0 // saddle inner plane
4 16 0 -49 5 0 -49 9 0 -48.059 11 0 -47.67 8
4 16 20 -89 5 20 -91 34 0 -91 34 0 -89 5
4 16 0 -89 5 0 -91 34 0 -87 34 0 -85 9
4 16 0 -85 9 0 -87 34 15 -87 34 15 -85 9
1 16 5 -89.625 -20.35 0 0 5 1.625 0 0 0.35 1 0 rect.dat
1 16 5 -87 -19 -5 0 0 0 -1 1 0 0 1 rect3.dat
4 16 0 -86 -18 0 -49 -18 10 -69 -18 10 -86 -18
4 16 0 -91.25 -20.7 0 -89 -15 0 -86 -18 0 -88 -20
4 16 0 -89 -15 0 -49 -15 0 -49 -18 0 -86 -18
4 16 20 -89 -15 20 -57 -15 16 -57 -15 0 -89 -15
4 16 20 -89 5 0 -89 5 16 -57 5 20 -57 5
4 16 0 -53 -3 0 -47 -3 0 -47.044 -7 0 -53 -7
4 16 0 -53 -3 16 -54 -3 16 -47 -3 0 -47 -3
4 16 0 -53 -7 0 -47.044 -7 16 -47.044 -7 16 -54 -7
3 16 6 -54 -7 0 -53 -7 16 -54 -7
3 16 6 -54 -3 16 -54 -3 0 -53 -3
0 // buttock outside frame
2 24 20 -91 34 20 -91.046 35.805
2 24 20 -91.046 35.805 20 -90.933 37.598
2 24 20 -90.933 37.598 20 -90.663 39.369
2 24 20 -90.663 39.369 20 -90.238 41.107
2 24 20 -90.238 41.107 20 -89.659 42.802
2 24 20 -89.659 42.802 20 -88.931 44.442
2 24 20 -88.931 44.442 20 -88.058 46.017
2 24 20 -88.058 46.017 20 -87.046 47.519
2 24 20 -87.046 47.519 20 -85.9 48.937
2 24 20 -85.9 48.937 20 -84.628 50.263
2 24 20 -84.628 50.263 20 -83.237 51.489
2 24 20 -83.237 51.489 20 -81.736 52.607
2 24 20 -81.736 52.607 20 -80.135 53.611
2 24 20 -80.135 53.611 20 -78.443 54.493
2 24 20 -78.443 54.493 20 -76.671 55.249
2 24 20 -76.671 55.249 20 -74.829 55.874
2 24 20 -74.829 55.874 20 -72.929 56.365
2 24 20 -72.929 56.365 20 -70.983 56.717
2 24 20 -70.983 56.717 20 -69.003 56.929
2 24 20 -69.003 56.929 20 -67 57
2 24 20 -67 57 20 -64.988 56.929
2 24 20 -64.988 56.929 20 -62.978 56.717
2 24 20 -62.978 56.717 20 -60.983 56.365
2 24 20 -60.983 56.365 20 -59.016 55.874
2 24 20 -59.016 55.874 20 -57 55.217
0 // buttock inner frame
2 24 0 -91 34 0 -91.046 35.805
2 24 0 -91.046 35.805 0 -90.933 37.598
2 24 0 -90.933 37.598 0 -90.663 39.369
2 24 0 -90.663 39.369 0 -90.238 41.107
2 24 0 -90.238 41.107 0 -89.659 42.802
2 24 0 -89.659 42.802 0 -88.931 44.442
2 24 0 -88.931 44.442 0 -88.058 46.017
2 24 0 -88.058 46.017 0 -87.046 47.519
2 24 0 -87.046 47.519 0 -85.9 48.937
2 24 0 -85.9 48.937 0 -84.628 50.263
2 24 0 -84.628 50.263 0 -83.237 51.489
2 24 0 -83.237 51.489 0 -81.736 52.607
2 24 0 -81.736 52.607 0 -80.135 53.611
2 24 0 -80.135 53.611 0 -78.443 54.493
2 24 0 -78.443 54.493 0 -76.671 55.249
2 24 0 -76.671 55.249 0 -74.829 55.874
2 24 0 -74.829 55.874 0 -72.929 56.365
2 24 0 -72.929 56.365 0 -70.983 56.717
2 24 0 -70.983 56.717 0 -69.003 56.929
2 24 0 -69.003 56.929 0 -67 57
2 24 0 -67 57 0 -64.988 56.929
2 24 0 -64.988 56.929 0 -62.978 56.717
2 24 0 -62.978 56.717 0 -60.983 56.365
2 24 0 -60.983 56.365 0 -59.016 55.874
2 24 0 -59.016 55.874 0 -57.088 55.249
2 24 0 -57.088 55.249 0 -57 55.217
0 // buttock front plane
4 16 20 -91 34 20 -91.046 35.805 0 -91.046 35.805 0 -91 34
4 16 20 -91.046 35.805 20 -90.933 37.598 0 -90.933 37.598 0 -91.046 35.805
4 16 20 -90.933 37.598 20 -90.663 39.369 0 -90.663 39.369 0 -90.933 37.598
4 16 20 -90.663 39.369 20 -90.238 41.107 0 -90.238 41.107 0 -90.663 39.369
4 16 20 -90.238 41.107 20 -89.659 42.802 0 -89.659 42.802 0 -90.238 41.107
4 16 20 -89.659 42.802 20 -88.931 44.442 0 -88.931 44.442 0 -89.659 42.802
4 16 20 -88.931 44.442 20 -88.058 46.017 0 -88.058 46.017 0 -88.931 44.442
4 16 20 -88.058 46.017 20 -87.046 47.519 0 -87.046 47.519 0 -88.058 46.017
4 16 20 -87.046 47.519 20 -85.9 48.937 0 -85.9 48.937 0 -87.046 47.519
4 16 20 -85.9 48.937 20 -84.628 50.263 0 -84.628 50.263 0 -85.9 48.937
4 16 20 -84.628 50.263 20 -83.237 51.489 0 -83.237 51.489 0 -84.628 50.263
4 16 20 -83.237 51.489 20 -81.736 52.607 0 -81.736 52.607 0 -83.237 51.489
4 16 20 -81.736 52.607 20 -80.135 53.611 0 -80.135 53.611 0 -81.736 52.607
4 16 20 -80.135 53.611 20 -78.443 54.493 0 -78.443 54.493 0 -80.135 53.611
4 16 20 -78.443 54.493 20 -76.671 55.249 0 -76.671 55.249 0 -78.443 54.493
4 16 20 -76.671 55.249 20 -74.829 55.874 0 -74.829 55.874 0 -76.671 55.249
4 16 20 -74.829 55.874 20 -72.929 56.365 0 -72.929 56.365 0 -74.829 55.874
4 16 20 -72.929 56.365 20 -70.983 56.717 0 -70.983 56.717 0 -72.929 56.365
4 16 20 -70.983 56.717 20 -69.003 56.929 0 -69.003 56.929 0 -70.983 56.717
4 16 20 -69.003 56.929 20 -67 57 0 -67 57 0 -69.003 56.929
4 16 20 -67 57 20 -64.988 56.929 0 -64.988 56.929 0 -67 57
4 16 20 -64.988 56.929 20 -62.978 56.717 0 -62.978 56.717 0 -64.988 56.929
4 16 20 -62.978 56.717 20 -60.983 56.365 0 -60.983 56.365 0 -62.978 56.717
4 16 20 -60.983 56.365 20 -59.016 55.874 0 -59.016 55.874 0 -60.983 56.365
4 16 20 -59.016 55.874 20 -57.088 55.249 0 -57.088 55.249 0 -59.016 55.874
4 16 20 -57.088 55.249 20 -57 55.217 0 -57 55.217 0 -57.088 55.249
0 // buttock front optional lines
5 24 0 -91.046 35.805 20 -91.046 35.805 0 -90.933 37.598 0 -91 34
5 24 0 -90.933 37.598 20 -90.933 37.598 0 -90.663 39.369 0 -91.046 35.805
5 24 0 -90.663 39.369 20 -90.663 39.369 0 -90.238 41.107 0 -90.933 37.598
5 24 0 -90.238 41.107 20 -90.238 41.107 0 -89.659 42.802 0 -90.663 39.369
5 24 0 -89.659 42.802 20 -89.659 42.802 0 -88.931 44.442 0 -90.238 41.107
5 24 0 -88.931 44.442 20 -88.931 44.442 0 -88.058 46.017 0 -89.659 42.802
5 24 0 -88.058 46.017 20 -88.058 46.017 0 -87.046 47.519 0 -88.931 44.442
5 24 0 -87.046 47.519 20 -87.046 47.519 0 -85.9 48.937 0 -88.058 46.017
5 24 0 -85.9 48.937 20 -85.9 48.937 0 -84.628 50.263 0 -87.046 47.519
5 24 0 -84.628 50.263 20 -84.628 50.263 0 -83.237 51.489 0 -85.9 48.937
5 24 0 -83.237 51.489 20 -83.237 51.489 0 -81.736 52.607 0 -84.628 50.263
5 24 0 -81.736 52.607 20 -81.736 52.607 0 -80.135 53.611 0 -83.237 51.489
5 24 0 -80.135 53.611 20 -80.135 53.611 0 -78.443 54.493 0 -81.736 52.607
5 24 0 -78.443 54.493 20 -78.443 54.493 0 -76.671 55.249 0 -80.135 53.611
5 24 0 -76.671 55.249 20 -76.671 55.249 0 -74.829 55.874 0 -78.443 54.493
5 24 0 -74.829 55.874 20 -74.829 55.874 0 -72.929 56.365 0 -76.671 55.249
5 24 0 -72.929 56.365 20 -72.929 56.365 0 -70.983 56.717 0 -74.829 55.874
5 24 0 -70.983 56.717 20 -70.983 56.717 0 -69.003 56.929 0 -72.929 56.365
5 24 0 -69.003 56.929 20 -69.003 56.929 0 -67 57 0 -70.983 56.717
5 24 0 -67 57 20 -67 57 0 -64.988 56.929 0 -69.003 56.929
5 24 0 -64.988 56.929 20 -64.988 56.929 0 -62.978 56.717 0 -67 57
5 24 0 -62.978 56.717 20 -62.978 56.717 0 -60.983 56.365 0 -64.988 56.929
5 24 0 -60.983 56.365 20 -60.983 56.365 0 -59.016 55.874 0 -62.978 56.717
5 24 0 -59.016 55.874 20 -59.016 55.874 0 -57.088 55.249 0 -60.983 56.365
5 24 0 -57.088 55.249 20 -57.088 55.249 0 -57 55.217 0 -59.016 55.874
0 // buttock inner side frame
2 24 15 -87 34 15 -87.037 35.491
2 24 15 -87.037 35.491 15 -86.943 36.972
2 24 15 -86.943 36.972 15 -86.717 38.435
2 24 15 -86.717 38.435 15 -86.362 39.871
2 24 15 -86.362 39.871 15 -85.879 41.271
2 24 15 -85.879 41.271 15 -85.272 42.626
2 24 15 -85.272 42.626 15 -84.544 43.927
2 24 15 -84.544 43.927 15 -83.7 45.168
2 24 15 -83.7 45.168 15 -82.745 46.34
2 24 15 -82.745 46.34 15 -81.685 47.435
2 24 15 -81.685 47.435 15 -80.526 48.448
2 24 15 -80.526 48.448 15 -79.276 49.371
2 24 15 -79.276 49.371 15 -77.942 50.2
2 24 15 -77.942 50.2 15 -76.532 50.929
2 24 15 -76.532 50.929 15 -75.055 51.554
2 24 15 -75.055 51.554 15 -73.521 52.07
2 24 15 -73.521 52.07 15 -71.939 52.475
2 24 15 -71.939 52.475 15 -70.318 52.766
2 24 15 -70.318 52.766 15 -68.668 52.941
2 24 15 -68.668 52.941 15 -67 53
2 24 15 -67 53 15 -65.324 52.941
2 24 15 -65.324 52.941 15 -63.65 52.766
2 24 15 -63.65 52.766 15 -61.989 52.475
2 24 15 -61.989 52.475 15 -60.351 52.07
2 24 15 -60.351 52.07 15 -58.745 51.554
2 24 15 -58.745 51.554 15 -57 51
0 // buttock inside frame
2 24 0 -87 34 0 -87.037 35.491
2 24 0 -87.037 35.491 0 -86.943 36.972
2 24 0 -86.943 36.972 0 -86.717 38.435
2 24 0 -86.717 38.435 0 -86.362 39.871
2 24 0 -86.362 39.871 0 -85.879 41.271
2 24 0 -85.879 41.271 0 -85.272 42.626
2 24 0 -85.272 42.626 0 -84.544 43.927
2 24 0 -84.544 43.927 0 -83.7 45.168
2 24 0 -83.7 45.168 0 -82.745 46.34
2 24 0 -82.745 46.34 0 -81.685 47.435
2 24 0 -81.685 47.435 0 -80.526 48.448
2 24 0 -80.526 48.448 0 -79.276 49.371
2 24 0 -79.276 49.371 0 -77.942 50.2
2 24 0 -77.942 50.2 0 -76.532 50.929
2 24 0 -76.532 50.929 0 -75.055 51.554
2 24 0 -75.055 51.554 0 -73.521 52.07
2 24 0 -73.521 52.07 0 -71.939 52.475
2 24 0 -71.939 52.475 0 -70.318 52.766
2 24 0 -70.318 52.766 0 -68.668 52.941
2 24 0 -68.668 52.941 0 -67 53
2 24 0 -67 53 0 -65.324 52.941
2 24 0 -65.324 52.941 0 -63.65 52.766
2 24 0 -63.65 52.766 0 -61.989 52.475
2 24 0 -61.989 52.475 0 -60.351 52.07
2 24 0 -60.351 52.07 0 -58.745 51.554
2 24 0 -58.745 51.554 0 -57 51
0 // buttock inside plane
4 16 15 -87 34 0 -87 34 0 -87.037 35.491 15 -87.037 35.491
4 16 15 -87.037 35.491 0 -87.037 35.491 0 -86.943 36.972 15 -86.943 36.972
4 16 15 -86.943 36.972 0 -86.943 36.972 0 -86.717 38.435 15 -86.717 38.435
4 16 15 -86.717 38.435 0 -86.717 38.435 0 -86.362 39.871 15 -86.362 39.871
4 16 15 -86.362 39.871 0 -86.362 39.871 0 -85.879 41.271 15 -85.879 41.271
4 16 15 -85.879 41.271 0 -85.879 41.271 0 -85.272 42.626 15 -85.272 42.626
4 16 15 -85.272 42.626 0 -85.272 42.626 0 -84.544 43.927 15 -84.544 43.927
4 16 15 -84.544 43.927 0 -84.544 43.927 0 -83.7 45.168 15 -83.7 45.168
4 16 15 -83.7 45.168 0 -83.7 45.168 0 -82.745 46.34 15 -82.745 46.34
4 16 15 -82.745 46.34 0 -82.745 46.34 0 -81.685 47.435 15 -81.685 47.435
4 16 15 -81.685 47.435 0 -81.685 47.435 0 -80.526 48.448 15 -80.526 48.448
4 16 15 -80.526 48.448 0 -80.526 48.448 0 -79.276 49.371 15 -79.276 49.371
4 16 15 -79.276 49.371 0 -79.276 49.371 0 -77.942 50.2 15 -77.942 50.2
4 16 15 -77.942 50.2 0 -77.942 50.2 0 -76.532 50.929 15 -76.532 50.929
4 16 15 -76.532 50.929 0 -76.532 50.929 0 -75.055 51.554 15 -75.055 51.554
4 16 15 -75.055 51.554 0 -75.055 51.554 0 -73.521 52.07 15 -73.521 52.07
4 16 15 -73.521 52.07 0 -73.521 52.07 0 -71.939 52.475 15 -71.939 52.475
4 16 15 -71.939 52.475 0 -71.939 52.475 0 -70.318 52.766 15 -70.318 52.766
4 16 15 -70.318 52.766 0 -70.318 52.766 0 -68.668 52.941 15 -68.668 52.941
4 16 15 -68.668 52.941 0 -68.668 52.941 0 -67 53 15 -67 53
4 16 15 -67 53 0 -67 53 0 -65.324 52.941 15 -65.324 52.941
4 16 15 -65.324 52.941 0 -65.324 52.941 0 -63.65 52.766 15 -63.65 52.766
4 16 15 -63.65 52.766 0 -63.65 52.766 0 -61.989 52.475 15 -61.989 52.475
4 16 15 -61.989 52.475 0 -61.989 52.475 0 -60.351 52.07 15 -60.351 52.07
4 16 15 -60.351 52.07 0 -60.351 52.07 0 -58.745 51.554 15 -58.745 51.554
4 16 15 -58.745 51.554 0 -58.745 51.554 0 -57 51 15 -57 51
0 // buttock inner plane
4 16 0 -87 34 0 -91 34 0 -91.046 35.805 0 -87.037 35.491
4 16 0 -87.037 35.491 0 -91.046 35.805 0 -90.933 37.598 0 -86.943 36.972
4 16 0 -86.943 36.972 0 -90.933 37.598 0 -90.663 39.369 0 -86.717 38.435
4 16 0 -86.717 38.435 0 -90.663 39.369 0 -90.238 41.107 0 -86.362 39.871
4 16 0 -86.362 39.871 0 -90.238 41.107 0 -89.659 42.802 0 -85.879 41.271
4 16 0 -85.879 41.271 0 -89.659 42.802 0 -88.931 44.442 0 -85.272 42.626
4 16 0 -85.272 42.626 0 -88.931 44.442 0 -88.058 46.017 0 -84.544 43.927
4 16 0 -84.544 43.927 0 -88.058 46.017 0 -87.046 47.519 0 -83.7 45.168
4 16 0 -83.7 45.168 0 -87.046 47.519 0 -85.9 48.937 0 -82.745 46.34
4 16 0 -82.745 46.34 0 -85.9 48.937 0 -84.628 50.263 0 -81.685 47.435
4 16 0 -81.685 47.435 0 -84.628 50.263 0 -83.237 51.489 0 -80.526 48.448
4 16 0 -80.526 48.448 0 -83.237 51.489 0 -81.736 52.607 0 -79.276 49.371
4 16 0 -79.276 49.371 0 -81.736 52.607 0 -80.135 53.611 0 -77.942 50.2
4 16 0 -77.942 50.2 0 -80.135 53.611 0 -78.443 54.493 0 -76.532 50.929
4 16 0 -76.532 50.929 0 -78.443 54.493 0 -76.671 55.249 0 -75.055 51.554
4 16 0 -75.055 51.554 0 -76.671 55.249 0 -74.829 55.874 0 -73.521 52.07
4 16 0 -73.521 52.07 0 -74.829 55.874 0 -72.929 56.365 0 -71.939 52.475
4 16 0 -71.939 52.475 0 -72.929 56.365 0 -70.983 56.717 0 -70.318 52.766
4 16 0 -70.318 52.766 0 -70.983 56.717 0 -69.003 56.929 0 -68.668 52.941
4 16 0 -68.668 52.941 0 -69.003 56.929 0 -67 57 0 -67 53
4 16 0 -67 53 0 -67 57 0 -64.988 56.929 0 -65.324 52.941
4 16 0 -65.324 52.941 0 -64.988 56.929 0 -62.978 56.717 0 -63.65 52.766
4 16 0 -63.65 52.766 0 -62.978 56.717 0 -60.983 56.365 0 -61.989 52.475
4 16 0 -61.989 52.475 0 -60.983 56.365 0 -59.016 55.874 0 -60.351 52.07
4 16 0 -60.351 52.07 0 -59.016 55.874 0 -57.088 55.249 0 -58.745 51.554
4 16 0 -58.745 51.554 0 -57.088 55.249 0 -57 55.217 0 -57 51
0 // buttock inside side plane
4 16 15 -85 9 15 -87 34 15 -87.037 35.491 15 -86.943 36.972
4 16 15 -85 9 15 -86.943 36.972 15 -86.717 38.435 15 -86.362 39.871
4 16 15 -85 9 15 -86.362 39.871 15 -85.879 41.271 15 -85.272 42.626
4 16 15 -85 9 15 -85.272 42.626 15 -84.544 43.927 15 -83.7 45.168
4 16 15 -85 9 15 -83.7 45.168 15 -82.745 46.34 15 -81.685 47.435
4 16 15 -85 9 15 -81.685 47.435 15 -80.526 48.448 15 -79.276 49.371
4 16 15 -85 9 15 -79.276 49.371 15 -77.942 50.2 15 -76.532 50.929
4 16 15 -85 9 15 -76.532 50.929 15 -75.055 51.554 15 -73.521 52.07
4 16 15 -85 9 15 -73.521 52.07 15 -71.939 52.475 15 -70.318 52.766
4 16 15 -85 9 15 -70.318 52.766 15 -68.668 52.941 15 -67 53
4 16 15 -85 9 15 -67 53 15 -65.324 52.941 15 -63.65 52.766
4 16 15 -85 9 15 -63.65 52.766 15 -61.989 52.475 15 -60.351 52.07
3 16 15 -58.745 51.554 15 -85 9 15 -60.351 52.07
3 16 15 -57 51 15 -85 9 15 -58.745 51.554
4 16 15 -49.103 17 15 -48.537 14 15 -85 9 15 -49.758 20
3 16 15 -50.293 22 15 -49.758 20 15 -85 9
4 16 15 -48.537 14 15 -48.059 11 15 -49 9 15 -85 9
0 // belly
0 // belly outside frame
2 24 20 -45 -24 20 -44.623 -22
2 24 20 -44.623 -22 20 -44.131 -19
2 24 20 -44.131 -19 20 -43.727 -16
2 24 20 -43.727 -16 20 -43.411 -13
2 24 20 -43.411 -13 20 -43.183 -10
2 24 20 -43.183 -10 20 -43.044 -7
2 24 20 -43.044 -7 20 -42.993 -4
2 24 20 -42.993 -4 20 -43.03 -1
2 24 20 -43.03 -1 20 -43.155 2
2 24 20 -43.155 2 20 -43.368 5
2 24 20 -43.368 5 20 -43.67 8
2 24 20 -43.67 8 20 -44.059 11
2 24 20 -44.059 11 20 -44.537 14
2 24 20 -44.537 14 20 -45.103 17
2 24 20 -45.103 17 20 -45.758 20
2 24 20 -45.758 20 20 -46.293 22
0 // belly inner frame
2 24 0 -45 -24 0 -44.623 -22
2 24 0 -43.044 -7 0 -42.993 -4
2 24 0 -42.993 -4 0 -43.03 -1
0 // belly front plane
4 16 20 -45 -24 0 -45 -24 0 -44.623 -22 20 -44.623 -22
4 16 20 -44.623 -22 0 -44.623 -22 0 -44.131 -19 20 -44.131 -19
4 16 20 -44.131 -19 0 -44.131 -19 0 -43.727 -16 20 -43.727 -16
4 16 20 -43.727 -16 0 -43.727 -16 0 -43.411 -13 20 -43.411 -13
4 16 20 -43.411 -13 0 -43.411 -13 0 -43.183 -10 20 -43.183 -10
4 16 20 -43.183 -10 0 -43.183 -10 0 -43.044 -7 20 -43.044 -7
4 16 20 -43.044 -7 0 -43.044 -7 0 -42.993 -4 20 -42.993 -4
4 16 20 -42.993 -4 0 -42.993 -4 0 -43.03 -1 20 -43.03 -1
4 16 20 -43.03 -1 0 -43.03 -1 0 -43.155 2 20 -43.155 2
4 16 20 -43.155 2 0 -43.155 2 0 -43.368 5 20 -43.368 5
4 16 20 -43.368 5 0 -43.368 5 0 -43.67 8 20 -43.67 8
4 16 20 -43.67 8 0 -43.67 8 0 -44.059 11 20 -44.059 11
4 16 20 -44.059 11 0 -44.059 11 0 -44.537 14 20 -44.537 14
4 16 20 -44.537 14 0 -44.537 14 0 -45.103 17 20 -45.103 17
4 16 20 -45.103 17 0 -45.103 17 0 -45.758 20 20 -45.758 20
4 16 20 -45.758 20 0 -45.758 20 0 -46.293 22 20 -46.293 22
0 // belly inside frame
2 24 15 -48.059 11 15 -48.537 14
2 24 15 -48.537 14 15 -49.103 17
2 24 15 -49.103 17 15 -49.758 20
2 24 15 -49.758 20 15 -50.293 22
0 // belly inner plane
4 16 0 -44.623 -22 0 -45 -24 0 -46.5 -30.565 0 -48.623 -22
1 16 0 -46.377 -20.5 0 1 0 2 0 -0.246 0 0 -1.5 rect1.dat
1 16 0 -45.929 -17.5 0 1 0 2 0 -0.202 0 0 -1.5 rect1.dat
1 16 0 -45.569 -14.5 0 1 0 2 0 -0.158 0 0 -1.5 rect1.dat
1 16 0 -45.297 -11.5 0 1 0 0.114 0 2 1.5 0 0 rect2p.dat
1 16 0 -45.1135 -8.5 0 1 0 0.0695 0 2 1.5 0 0 rect2p.dat
4 16 0 -47.044 -7 0 -47 -3 0 -42.993 -4 0 -43.044 -7
4 16 0 -47 -3 0 -47.03 -1 0 -43.03 -1 0 -42.993 -4
1 16 0 -45.0925 0.5 0 1 0 -0.0625 0 2 1.5 0 0 rect2p.dat
1 16 0 -45.2615 3.5 0 1 0 2 0 0.1065 0 0 -1.5 rect1.dat
1 16 0 -45.519 6.5 0 1 0 2 0 0.151 0 0 -1.5 rect1.dat
1 16 0 -45.8645 9.5 0 1 0 2 0 0.1945 0 0 -1.5 rect1.dat
1 16 0 -46.298 12.5 0 1 0 -0.239 0 2 1.5 0 0 rect2p.dat
1 16 0 -46.82 15.5 0 1 0 -0.283 0 2 1.5 0 0 rect2p.dat
1 16 0 -47.4305 18.5 0 1 0 -0.3275 0 2 1.5 0 0 rect2p.dat
1 16 0 -48.0255 21 0 1 0 -0.2675 0 2 1 0 0 rect2p.dat
0 // belly inside plane
4 16 0 -48.537 14 15 -48.537 14 15 -49.103 17 0 -49.103 17
4 16 0 -49.103 17 15 -49.103 17 15 -49.758 20 0 -49.758 20
4 16 0 -49.758 20 15 -49.758 20 15 -50.293 22 0 -50.293 22
0 // new condlines
5 24 16 -47.183 -10 0 -47.183 -10 0 -47.411 -13 16 -47.044 -7
5 24 16 -47.03 -1 0 -47.03 -1 0 -47 -3 16 -47.155 2
5 24 15 -48.537 14 0 -48.537 14 0 -48.059 11 15 -49.103 17
5 24 20 -91 34 0 -91 34 20 -89 5 20 -91.046 35.805
5 24 0 -87 34 15 -87 34 0 -85 9 0 -87.037 35.491
5 24 0 -87.037 35.491 15 -87.037 35.491 15 -87 34 0 -86.943 36.972
5 24 0 -86.943 36.972 15 -86.943 36.972 15 -87.037 35.491 0 -86.717 38.435
5 24 0 -86.717 38.435 15 -86.717 38.435 15 -86.943 36.972 0 -86.362 39.871
5 24 0 -86.362 39.871 15 -86.362 39.871 15 -86.717 38.435 0 -85.879 41.271
5 24 0 -85.879 41.271 15 -85.879 41.271 15 -86.362 39.871 0 -85.272 42.626
5 24 0 -85.272 42.626 15 -85.272 42.626 15 -85.879 41.271 0 -84.544 43.927
5 24 0 -84.544 43.927 15 -84.544 43.927 15 -85.272 42.626 0 -83.7 45.168
5 24 0 -83.7 45.168 15 -83.7 45.168 15 -84.544 43.927 0 -82.745 46.34
5 24 0 -82.745 46.34 15 -82.745 46.34 15 -83.7 45.168 0 -81.685 47.435
5 24 0 -81.685 47.435 15 -81.685 47.435 15 -82.745 46.34 0 -80.526 48.448
5 24 0 -80.526 48.448 15 -80.526 48.448 15 -81.685 47.435 0 -79.276 49.371
5 24 0 -79.276 49.371 15 -79.276 49.371 15 -80.526 48.448 0 -77.942 50.2
5 24 0 -77.942 50.2 15 -77.942 50.2 15 -79.276 49.371 0 -76.532 50.929
5 24 0 -76.532 50.929 15 -76.532 50.929 15 -77.942 50.2 0 -75.055 51.554
5 24 0 -75.055 51.554 15 -75.055 51.554 15 -76.532 50.929 0 -73.521 52.07
5 24 0 -73.521 52.07 15 -73.521 52.07 15 -75.055 51.554 0 -71.939 52.475
5 24 0 -71.939 52.475 15 -71.939 52.475 15 -73.521 52.07 0 -70.318 52.766
5 24 0 -70.318 52.766 15 -70.318 52.766 15 -71.939 52.475 0 -68.668 52.941
5 24 0 -68.668 52.941 15 -68.668 52.941 15 -70.318 52.766 0 -67 53
5 24 0 -67 53 15 -67 53 15 -68.668 52.941 0 -65.324 52.941
5 24 0 -65.324 52.941 15 -65.324 52.941 15 -67 53 0 -63.65 52.766
5 24 0 -63.65 52.766 15 -63.65 52.766 15 -65.324 52.941 0 -61.989 52.475
5 24 0 -61.989 52.475 15 -61.989 52.475 15 -63.65 52.766 0 -60.351 52.07
5 24 0 -60.351 52.07 15 -60.351 52.07 15 -61.989 52.475 0 -58.745 51.554
5 24 0 -58.745 51.554 15 -58.745 51.554 15 -60.351 52.07 0 -57 51
5 24 0 -44.623 -22 20 -44.623 -22 20 -45 -24 0 -44.131 -19
5 24 0 -44.131 -19 20 -44.131 -19 20 -44.623 -22 0 -43.727 -16
5 24 0 -43.727 -16 20 -43.727 -16 20 -44.131 -19 0 -43.411 -13
5 24 0 -43.411 -13 20 -43.411 -13 20 -43.727 -16 0 -43.183 -10
5 24 0 -43.183 -10 20 -43.183 -10 20 -43.411 -13 0 -43.044 -7
5 24 0 -43.044 -7 20 -43.044 -7 20 -43.183 -10 0 -42.993 -4
5 24 0 -42.993 -4 20 -42.993 -4 20 -43.044 -7 0 -43.03 -1
5 24 0 -43.03 -1 20 -43.03 -1 20 -42.993 -4 0 -43.155 2
5 24 0 -43.155 2 20 -43.155 2 20 -43.03 -1 0 -43.368 5
5 24 0 -43.368 5 20 -43.368 5 20 -43.155 2 0 -43.67 8
5 24 0 -43.67 8 20 -43.67 8 20 -43.368 5 0 -44.059 11
5 24 0 -44.059 11 20 -44.059 11 20 -43.67 8 0 -44.537 14
5 24 0 -44.537 14 20 -44.537 14 20 -44.059 11 0 -45.103 17
5 24 0 -45.103 17 20 -45.103 17 20 -44.537 14 0 -45.758 20
5 24 0 -45.758 20 20 -45.758 20 20 -45.103 17 0 -46.293 22
5 24 15 -49.103 17 0 -49.103 17 0 -48.537 14 15 -49.758 20
5 24 15 -49.758 20 0 -49.758 20 0 -49.103 17 15 -50.293 22

0 FILE stud4o.dat
0 Stud Tube Open without Outer Cylinder
0 Name: stud4o.dat
0 Author: Magnus Forsberg [MagFors]
0 !LDRAW_ORG Primitive UPDATE 2011-02
0 !LICENSE Licensed under CC BY 4.0 : see CAreadme.txt

0 !HELP This stud is a "antistud" to be used like a underside stud,
0 !HELP but without the outer cylinder.
0 !HELP 1 47 0 0 0 1 0 0 0 1 0 0 0 1 stud4.dat

0 BFC CERTIFY CCW

0 !HISTORY 2011-12-29 [PTadmin] Official Update 2011-02


1 16 0 -4 0 2 0 0 0 1 0 0 0 2 4-4ring3.dat
0 BFC INVERTNEXT
1 16 0 0 0 -6 0 0 0 -4 0 0 0 6 4-4cylc.dat

0 FILE parts/s/4493s1.dat
0 ~Animal Horse Body Connector Male - 1/12
0 Name: s\4493s1.dat
0 Author: Bernd Broich [bbroich]
0 !LDRAW_ORG Subpart UPDATE 2015-01
0 !LICENSE Licensed under CC BY 4.0 : see CAreadme.txt

0 BFC CERTIFY CCW

0 !HISTORY 2002-04-25 [PTadmin] Official Update 2002-02
0 !HISTORY 2007-09-09 [PTadmin] Header formatted for Contributor Agreement
0 !HISTORY 2008-07-01 [PTadmin] Official Update 2008-01
0 !HISTORY 2014-12-11 [MagFors] Made BFC compliant
0 !HISTORY 2015-10-11 [PTadmin] Official Update 2015-01


0 // Bottom
0 // Ring

2 24 23 1.29409 4.82953 23 2.5 4.33013
2 24 23 0 5 23 1.29409 4.82953
4 16 0 1.29409 4.82953 0 2.5 4.33013 23 2.5 4.33013 23 1.29409 4.82953
4 16 0 0 5 0 1.29409 4.82953 23 1.29409 4.82953 23 0 5
0 // Mantle
1 16 11.5 1.4 11.8 11.5 0 0 0 0 1.4 0 -1 0 rect3.dat
1 16 11.5 2.8 9.5528 11.5 0 0 0 -1 0 0 0 -2.2472 rect3.dat
1 16 11.5 3.3317 6.9986 11.5 0 0 0 0 0.5317 0 -1 -0.307 rect1.dat
0 // Top
2 24 -3 1.29409 4.82953 -3 0 5
2 24 -3 2.5 4.33013 -3 1.29409 4.82953
4 16 0 1.29409 4.82953 0 0 5 -3 0 5 -3 1.29409 4.82953
4 16 0 2.5 4.33013 0 1.29409 4.82953 -3 1.29409 4.82953 -3 2.5 4.33013
0 // Mantle
2 24 -3 1.25 7.6683 -3 2.8 7.3056
2 24 -3 1.25 7.6683 0 2.8 7.3056
2 24 0 2.8 11.8 -3 1.25 10.8
2 24 -3 3.8634 6.6916 -3 2.8 7.3056
3 16 -3 1.25 7.6683 -3 0 5 -3 0 7.6683
3 16 0 2.8 7.3056 -3 2.8 7.3056 -3 1.25 7.6683
4 16 0 0 11.8 0 2.8 11.8 -3 1.25 10.8 -3 0 10.8
1 16 -3 0.625 9.23415 0 1 0 0 0 0.625 1.56585 0 0 rect2a.dat
4 16 -3 1.25 7.6683 -3 1.25 10.8 0 2.8 11.8 0 2.8 7.3056
4 16 -3 1.25 7.6683 -3 2.8 7.3056 -3 1.29409 4.82953 -3 0 5
4 16 -3 2.5 4.33013 -3 1.29409 4.82953 -3 2.8 7.3056 -3 3.8634 6.6916
4 16 -3 3.8634 6.6916 -3 2.8 7.3056 0 2.8 7.3056 0 3.8634 6.6916
5 24 -3 2.8 7.3056 0 2.8 7.3056 -3 1.25 7.6683 -3 3.8634 6.6916
5 24 0 2.5 4.33013 23 2.5 4.33013 0 1.29409 4.82953 0 3.53545 3.53548
5 24 23 1.29409 4.82953 0 1.29409 4.82953 0 2.5 4.33013 0 0 5
5 24 23 0 5 0 0 5 0 1.29409 4.82953 23 -1.29409 4.82953
5 24 0 0 5 -3 0 5 0 1.29409 4.82953 0 -1.29409 4.82953
5 24 -3 1.29409 4.82953 0 1.29409 4.82953 0 0 5 0 2.5 4.33013
5 24 -3 2.5 4.33013 0 2.5 4.33013 0 1.29409 4.82953 -3 3.53545 3.53548

0 FILE bump5000.dat
0 Bump 1.0 x 0.5
0 Name: bump5000.dat
0 Author: Magnus Forsberg [MagFors]
0 !LDRAW_ORG Primitive UPDATE 2010-02
0 !LICENSE Licensed under CC BY 4.0 : see CAreadme.txt

0 !HELP This file creates a bump with radius= 1 and height= 0.5 LDU

0 BFC CERTIFY CCW

0 !HISTORY 2010-07-05 [PTadmin] Official Update 2010-02


1 16 0 0 0 0.25 0 0 0 -0.225 0 0 0 -0.25 4-4con3.dat
1 16 0 -0.225 0 0.375 0 0 0 -0.225 0 0 0 -0.375 4-4con1.dat
1 16 0 -0.45 0 0.375 0 0 0 -0.05 0 0 0 -0.375 4-4con0.dat
1 16 0 0 0 1 0 0 0 1 0 0 0 1 4-4edge.dat
5 24 0.692925 -0.225 -0.287025 0.75 -0.225 0 0.9239 0 -0.3827 0.375 -0.45 0
5 24 0.530325 -0.225 -0.530325 0.692925 -0.225 -0.287025 0.7071 0 -0.7071 0.3464625 -0.45 -0.1435125
5 24 0.287025 -0.225 -0.692925 0.530325 -0.225 -0.530325 0.3827 0 -0.9239 0.2651625 -0.45 -0.2651625
5 24 0 -0.225 -0.75 0.287025 -0.225 -0.692925 0 0 -1 0.1435125 -0.45 -0.3464625
5 24 -0.287025 -0.225 -0.692925 0 -0.225 -0.75 -0.3827 0 -0.9239 0 -0.45 -0.375
5 24 -0.530325 -0.225 -0.530325 -0.287025 -0.225 -0.692925 -0.7071 0 -0.7071 -0.1435125 -0.45 -0.3464625
5 24 -0.692925 -0.225 -0.287025 -0.530325 -0.225 -0.530325 -0.9239 0 -0.3827 -0.2651625 -0.45 -0.2651625
5 24 -0.75 -0.225 0 -0.692925 -0.225 -0.287025 -1 0 0 -0.3464625 -0.45 -0.1435125
5 24 -0.692925 -0.225 0.287025 -0.75 -0.225 0 -0.9239 0 0.3827 -0.375 -0.45 0
5 24 -0.530325 -0.225 0.530325 -0.692925 -0.225 0.287025 -0.7071 0 0.7071 -0.3464625 -0.45 0.1435125
5 24 -0.287025 -0.225 0.692925 -0.530325 -0.225 0.530325 -0.3827 0 0.9239 -0.2651625 -0.45 0.2651625
5 24 0 -0.225 0.75 -0.287025 -0.225 0.692925 0 0 1 -0.1435125 -0.45 0.3464625
5 24 0.287025 -0.225 0.692925 0 -0.225 0.75 0.3827 0 0.9239 0 -0.45 0.375
5 24 0.530325 -0.225 0.530325 0.287025 -0.225 0.692925 0.7071 0 0.7071 0.1435125 -0.45 0.3464625
5 24 0.692925 -0.225 0.287025 0.530325 -0.225 0.530325 0.9239 0 0.3827 0.2651625 -0.45 0.2651625
5 24 0.75 -0.225 0 0.692925 -0.225 0.287025 1 0 0 0.3464625 -0.45 0.1435125
5 24 0 -0.45 -0.375 -0.1435125 -0.45 -0.3464625 -0.287025 -0.225 -0.692925 0 -0.5 0
5 24 -0.1435125 -0.45 -0.3464625 -0.2651625 -0.45 -0.2651625 -0.530325 -0.225 -0.530325 0 -0.5 0
5 24 -0.2651625 -0.45 -0.2651625 -0.3464625 -0.45 -0.1435125 -0.692925 -0.225 -0.287025 0 -0.5 0
5 24 -0.3464625 -0.45 -0.1435125 -0.375 -0.45 0 -0.75 -0.225 0 0 -0.5 0
5 24 -0.375 -0.45 0 -0.3464625 -0.45 0.1435125 -0.692925 -0.225 0.287025 0 -0.5 0
5 24 -0.3464625 -0.45 0.1435125 -0.2651625 -0.45 0.2651625 -0.530325 -0.225 0.530325 0 -0.5 0
5 24 -0.2651625 -0.45 0.2651625 -0.1435125 -0.45 0.3464625 -0.287025 -0.225 0.692925 0 -0.5 0
5 24 -0.1435125 -0.45 0.3464625 0 -0.45 0.375 0 -0.225 0.75 0 -0.5 0
5 24 0 -0.45 0.375 0.1435125 -0.45 0.3464625 0.287025 -0.225 0.692925 0 -0.5 0
5 24 0.1435125 -0.45 0.3464625 0.2651625 -0.45 0.2651625 0.530325 -0.225 0.530325 0 -0.5 0
5 24 0.2651625 -0.45 0.2651625 0.3464625 -0.45 0.1435125 0.692925 -0.225 0.287025 0 -0.5 0
5 24 0.3464625 -0.45 0.1435125 0.375 -0.45 0 0.75 -0.225 0 0 -0.5 0
5 24 0.375 -0.45 0 0.3464625 -0.45 -0.1435125 0.692925 -0.225 -0.287025 0 -0.5 0
5 24 0.3464625 -0.45 -0.1435125 0.2651625 -0.45 -0.2651625 0.530325 -0.225 -0.530325 0 -0.5 0
5 24 0.2651625 -0.45 -0.2651625 0.1435125 -0.45 -0.3464625 0.287025 -0.225 -0.692925 0 -0.5 0
5 24 0.1435125 -0.45 -0.3464625 0 -0.45 -0.375 0 -0.225 -0.75 0 -0.5 0

0 FILE parts/s/4494t.dat
0 ~Animal Horse Tail - Half
0 Name: s\4494t.dat
0 Author: Sascha Broich [SaschaBroich]
0 !LDRAW_ORG Subpart UPDATE 2015-01
0 !LICENSE Licensed under CC BY 4.0 : see CAreadme.txt

0 BFC CERTIFY CCW

0 !HISTORY 2002-04-25 [PTadmin] Official Update 2002-02
0 !HISTORY 2007-09-09 [PTadmin] Header formatted for Contributor Agreement
0 !HISTORY 2008-07-01 [PTadmin] Official Update 2008-01
0 !HISTORY 2014-12-11 [MagFors] Modified with WINDZ for BFC compliance
0 !HISTORY 2014-12-12 [MagFors] regerated cond-lines
0 !HISTORY 2015-10-11 [PTadmin] Official Update 2015-01


0 // outer groove outer line
2 24 0.7 -89.659 42.802 0 -89.659 42.802
2 24 0.7 -89.659 42.802 1.3 -89 44.3
2 24 1.3 -89 44.3 1.393 -88 47.276
2 24 1.393 -88 47.276 1.491 -87 50.367
2 24 1.491 -87 50.367 1.593 -86 52.665
2 24 1.593 -86 52.665 1.7 -85 54.616
2 24 1.7 -85 54.616 1.808 -84 56.537
2 24 1.808 -84 56.537 1.918 -83 57.939
2 24 1.918 -83 57.939 2.033 -82 59.153
2 24 2.033 -82 59.153 2.159 -81 60.2
2 24 2.159 -81 60.2 2.3 -80 61.164
2 24 2.3 -80 61.164 2.445 -79 62.034
2 24 2.445 -79 62.034 2.59 -78 62.827
2 24 2.59 -78 62.827 2.754 -77 63.523
2 24 2.754 -77 63.523 2.951 -76 64.2
2 24 2.951 -76 64.2 3.2 -75 64.86
2 24 3.2 -75 64.86 3.537 -74 65.489
2 24 3.537 -74 65.489 3.95 -73 66.09
2 24 3.95 -73 66.09 4.386 -72 66.666
2 24 4.386 -72 66.666 4.787 -71 67.217
2 24 4.787 -71 67.217 5.1 -70 67.735
2 24 5.1 -70 67.735 5.306 -69 68.21
2 24 5.306 -69 68.21 5.443 -68 68.645
2 24 5.443 -68 68.645 5.537 -67 69.061
2 24 5.537 -67 69.061 5.614 -66 69.488
2 24 5.614 -66 69.488 5.7 -65 69.93
2 24 5.7 -65 69.93 5.796 -64 70.379
2 24 5.796 -64 70.379 5.884 -63 70.812
2 24 5.884 -63 70.812 5.964 -62 71.215
2 24 5.964 -62 71.215 6.036 -61 71.616
2 24 6.036 -61 71.616 6.1 -60 72.076
2 24 6.1 -60 72.076 6.163 -59 72.6
2 24 6.163 -59 72.6 6.225 -58 73.147
2 24 6.225 -58 73.147 6.276 -57 73.649
2 24 6.276 -57 73.649 6.304 -56 74.208
2 24 6.304 -56 74.208 6.3 -55 75.011
2 24 6.3 -55 75.011 6.28 -54 76.037
2 24 6.28 -54 76.037 6.25 -53 77.233
2 24 6.25 -53 77.233 6.21 -52 78.6
0 // outer groove ground line
2 24 1.3 -89 44.3 1.254 -88 46.876
2 24 1.254 -88 46.876 1.342 -87 49.367
2 24 1.342 -87 49.367 1.434 -86 51.665
2 24 1.434 -86 51.665 1.53 -85 53.616
2 24 1.53 -85 53.616 1.627 -84 55.537
2 24 1.627 -84 55.537 1.726 -83 56.939
2 24 1.726 -83 56.939 1.83 -82 58.153
2 24 1.83 -82 58.153 1.943 -81 59.2
2 24 1.943 -81 59.2 2.07 -80 60.164
2 24 2.07 -80 60.164 2.2 -79 61.034
2 24 2.2 -79 61.034 2.331 -78 61.827
2 24 2.331 -78 61.827 2.478 -77 62.523
2 24 2.478 -77 62.523 2.656 -76 63.2
2 24 2.656 -76 63.2 2.88 -75 63.86
2 24 2.88 -75 63.86 3.183 -74 64.489
2 24 3.183 -74 64.489 3.555 -73 65.09
2 24 3.555 -73 65.09 3.947 -72 65.666
2 24 3.947 -72 65.666 4.308 -71 66.217
2 24 4.308 -71 66.217 4.59 -70 66.735
2 24 4.59 -70 66.735 4.776 -69 67.21
2 24 4.776 -69 67.21 4.899 -68 67.645
2 24 4.899 -68 67.645 4.983 -67 68.061
2 24 4.983 -67 68.061 5.052 -66 68.488
2 24 5.052 -66 68.488 5.13 -65 68.93
2 24 5.13 -65 68.93 5.216 -64 69.379
2 24 5.216 -64 69.379 5.296 -63 69.812
2 24 5.296 -63 69.812 5.368 -62 70.215
2 24 5.368 -62 70.215 5.432 -61 70.616
2 24 5.432 -61 70.616 5.49 -60 71.076
2 24 5.49 -60 71.076 5.547 -59 71.6
2 24 5.547 -59 71.6 5.603 -58 72.147
2 24 5.603 -58 72.147 5.648 -57 72.649
2 24 5.648 -57 72.649 5.674 -56 73.208
2 24 5.674 -56 73.208 5.67 -55 74.011
2 24 5.67 -55 74.011 5.652 -54 75.037
2 24 5.652 -54 75.037 5.938 -53 76.233
2 24 5.938 -53 76.233 6.21 -52 78.6
0 // outer groove inner line
2 24 1.471 -88 46.112 1.559 -87 48.367
2 24 1.559 -87 48.367 1.794 -86 50.665
2 24 1.794 -86 50.665 2.029 -85 52.616
2 24 2.029 -85 52.616 2.264 -84 54.537
2 24 2.264 -84 54.537 2.5 -83 55.939
2 24 2.5 -83 55.939 2.735 -82 57.153
2 24 2.735 -82 57.153 2.97 -81 58.2
2 24 2.97 -81 58.2 3.204 -80 59.164
2 24 3.204 -80 59.164 3.438 -79 60.034
2 24 3.438 -79 60.034 3.672 -78 60.827
2 24 3.672 -78 60.827 3.906 -77 61.523
2 24 3.906 -77 61.523 4.14 -76 62.2
2 24 4.14 -76 62.2 4.356 -75 62.86
2 24 4.356 -75 62.86 4.572 -74 63.489
2 24 4.572 -74 63.489 4.788 -73 64.09
2 24 4.788 -73 64.09 5.004 -72 64.666
2 24 5.004 -72 64.666 5.22 -71 65.217
2 24 5.22 -71 65.217 5.4 -70 65.735
2 24 5.4 -70 65.735 5.58 -69 66.21
2 24 5.58 -69 66.21 5.76 -68 66.645
2 24 5.76 -68 66.645 5.94 -67 67.061
2 24 5.94 -67 67.061 6.12 -66 67.488
2 24 6.12 -66 67.488 6.264 -65 67.93
2 24 6.264 -65 67.93 6.408 -64 68.379
2 24 6.408 -64 68.379 6.552 -63 68.812
2 24 6.552 -63 68.812 6.696 -62 69.215
2 24 6.696 -62 69.215 6.84 -61 69.616
2 24 6.84 -61 69.616 6.984 -60 70.076
2 24 6.984 -60 70.076 7.128 -59 70.6
2 24 7.128 -59 70.6 7.272 -58 71.147
2 24 7.272 -58 71.147 7.416 -57 71.649
2 24 7.416 -57 71.649 7.56 -56 72.208
2 24 7.56 -56 72.208 7.668 -55 73.011
2 24 7.668 -55 73.011 7.686 -54 74.037
2 24 7.686 -54 74.037 7.422 -53 75.233
2 24 7.422 -53 75.233 6.21 -52 78.6
0 // middle groove outer line
2 24 2.132 -85 49.897 2.39 -84 51.848
2 24 2.39 -84 51.848 2.638 -83 53.502
2 24 2.638 -83 53.502 2.887 -82 54.856
2 24 2.887 -82 54.856 3.135 -81 56.035
2 24 3.135 -81 56.035 3.382 -80 57.176
2 24 3.382 -80 57.176 3.629 -79 58.223
2 24 3.629 -79 58.223 3.876 -78 59.124
2 24 3.876 -78 59.124 4.123 -77 59.863
2 24 4.123 -77 59.863 4.37 -76 60.499
2 24 4.37 -76 60.499 4.598 -75 61.122
2 24 4.598 -75 61.122 4.826 -74 61.687
2 24 4.826 -74 61.687 5.054 -73 62.196
2 24 5.054 -73 62.196 5.282 -72 62.7
2 24 5.282 -72 62.7 5.51 -71 63.185
2 24 5.51 -71 63.185 5.7 -70 63.644
2 24 5.7 -70 63.644 5.89 -69 64.079
2 24 5.89 -69 64.079 6.08 -68 64.503
2 24 6.08 -68 64.503 6.27 -67 64.918
2 24 6.27 -67 64.918 6.46 -66 65.319
2 24 6.46 -66 65.319 6.612 -65 65.692
2 24 6.612 -65 65.692 6.764 -64 66.035
2 24 6.764 -64 66.035 6.916 -63 66.382
2 24 6.916 -63 66.382 7.068 -62 66.76
2 24 7.068 -62 66.76 7.22 -61 67.162
2 24 7.22 -61 67.162 7.372 -60 67.545
2 24 7.372 -60 67.545 7.524 -59 67.889
2 24 7.524 -59 67.889 7.676 -58 68.303
2 24 7.676 -58 68.303 7.828 -57 68.87
2 24 7.828 -57 68.87 7.98 -56 69.549
2 24 7.98 -56 69.549 8.094 -55 70.284
2 24 8.094 -55 70.284 8.113 -54 71.166
2 24 8.113 -54 71.166 8.132 -53 72.256
2 24 8.132 -53 72.256 8.151 -52 73.513
2 24 8.151 -52 73.513 8.037 -51 75.058
0 // middle groove ground line
2 24 1.912 -84 50.848 2.111 -83 52.502
2 24 2.111 -83 52.502 2.309 -82 53.856
2 24 2.309 -82 53.856 2.508 -81 55.035
2 24 2.508 -81 55.035 2.706 -80 56.176
2 24 2.706 -80 56.176 2.903 -79 57.223
2 24 2.903 -79 57.223 3.101 -78 58.124
2 24 3.101 -78 58.124 3.298 -77 58.863
2 24 3.298 -77 58.863 3.496 -76 59.499
2 24 3.496 -76 59.499 3.678 -75 60.122
2 24 3.678 -75 60.122 3.861 -74 60.687
2 24 3.861 -74 60.687 4.043 -73 61.196
2 24 4.043 -73 61.196 4.226 -72 61.7
2 24 4.226 -72 61.7 4.408 -71 62.185
2 24 4.408 -71 62.185 4.56 -70 62.644
2 24 4.56 -70 62.644 4.712 -69 63.079
2 24 4.712 -69 63.079 4.864 -68 63.503
2 24 4.864 -68 63.503 5.016 -67 63.918
2 24 5.016 -67 63.918 5.168 -66 64.319
2 24 5.168 -66 64.319 5.29 -65 64.692
2 24 5.29 -65 64.692 5.411 -64 65.035
2 24 5.411 -64 65.035 5.533 -63 65.382
2 24 5.533 -63 65.382 5.654 -62 65.76
2 24 5.654 -62 65.76 5.776 -61 66.162
2 24 5.776 -61 66.162 5.898 -60 66.545
2 24 5.898 -60 66.545 6.019 -59 66.889
2 24 6.019 -59 66.889 6.141 -58 67.303
2 24 6.141 -58 67.303 6.262 -57 67.87
2 24 6.262 -57 67.87 6.384 -56 68.549
2 24 6.384 -56 68.549 6.475 -55 69.284
2 24 6.475 -55 69.284 6.49 -54 70.166
2 24 6.49 -54 70.166 6.677 -53 71.256
2 24 6.677 -53 71.256 7.452 -52 73.013
2 24 7.452 -52 73.013 8.037 -51 75.058
0 // middle groove inner line
2 24 2.574 -83 51.679 3.039 -82 52.856
2 24 3.039 -82 52.856 3.3 -81 54.035
2 24 3.3 -81 54.035 3.56 -80 55.176
2 24 3.56 -80 55.176 3.82 -79 56.223
2 24 3.82 -79 56.223 4.08 -78 57.124
2 24 4.08 -78 57.124 4.34 -77 57.863
2 24 4.34 -77 57.863 4.6 -76 58.499
2 24 4.6 -76 58.499 4.84 -75 59.122
2 24 4.84 -75 59.122 5.08 -74 59.687
2 24 5.08 -74 59.687 5.32 -73 60.196
2 24 5.32 -73 60.196 5.56 -72 60.7
2 24 5.56 -72 60.7 5.8 -71 61.185
2 24 5.8 -71 61.185 6 -70 61.644
2 24 6 -70 61.644 6.2 -69 62.079
2 24 6.2 -69 62.079 6.4 -68 62.503
2 24 6.4 -68 62.503 6.6 -67 62.918
2 24 6.6 -67 62.918 6.8 -66 63.319
2 24 6.8 -66 63.319 6.96 -65 63.692
2 24 6.96 -65 63.692 7.12 -64 64.035
2 24 7.12 -64 64.035 7.28 -63 64.382
2 24 7.28 -63 64.382 7.44 -62 64.76
2 24 7.44 -62 64.76 7.6 -61 65.162
2 24 7.6 -61 65.162 7.76 -60 65.545
2 24 7.76 -60 65.545 7.92 -59 65.889
2 24 7.92 -59 65.889 8.08 -58 66.303
2 24 8.08 -58 66.303 8.24 -57 66.87
2 24 8.24 -57 66.87 8.4 -56 67.549
2 24 8.4 -56 67.549 8.52 -55 68.284
2 24 8.52 -55 68.284 8.54 -54 69.166
2 24 8.54 -54 69.166 8.56 -53 70.256
2 24 8.56 -53 70.256 8.408 -52 72.513
2 24 8.408 -52 72.513 8.037 -51 75.058
0 // inner groove outer line
2 24 3.897 -77 55.12 4.278 -76 56.495
2 24 4.278 -76 56.495 4.589 -75 57.396
2 24 4.589 -75 57.396 4.906 -74 58.2
2 24 4.906 -74 58.2 5.212 -73 58.657
2 24 5.212 -73 58.657 5.498 -72 59.089
2 24 5.498 -72 59.089 5.8 -71 59.542
2 24 5.8 -71 59.542 6 -70 59.964
2 24 6 -70 59.964 6.2 -69 60.344
2 24 6.2 -69 60.344 6.4 -68 60.671
2 24 6.4 -68 60.671 6.6 -67 60.935
2 24 6.6 -67 60.935 6.8 -66 61.136
2 24 6.8 -66 61.136 6.96 -65 61.28
2 24 6.96 -65 61.28 7.12 -64 61.382
2 24 7.12 -64 61.382 7.28 -63 61.493
2 24 7.28 -63 61.493 7.44 -62 61.64
2 24 7.44 -62 61.64 7.6 -61 61.832
2 24 7.6 -61 61.832 7.76 -60 62.072
2 24 7.76 -60 62.072 7.92 -59 62.353
2 24 7.92 -59 62.353 8.08 -58 62.663
2 24 8.08 -58 62.663 8.24 -57 62.957
2 24 8.24 -57 62.957 8.4 -56 63.311
2 24 8.4 -56 63.311 8.52 -55 63.8
2 24 8.52 -55 63.8 8.54 -54 64.396
2 24 8.54 -54 64.396 8.56 -53 65.69
2 24 8.56 -53 65.69 8.58 -52 67.094
2 24 8.58 -52 67.094 8.46 -51 68.373
0 // inner groove ground line
2 24 3.496 -76 55.495 3.678 -75 56.396
2 24 3.678 -75 56.396 3.861 -74 57.2
2 24 3.861 -74 57.2 4.043 -73 57.657
2 24 4.043 -73 57.657 4.226 -72 58.089
2 24 4.226 -72 58.089 4.408 -71 58.542
2 24 4.408 -71 58.542 4.56 -70 58.964
2 24 4.56 -70 58.964 4.712 -69 59.344
2 24 4.712 -69 59.344 4.864 -68 59.671
2 24 4.864 -68 59.671 5.016 -67 59.935
2 24 5.016 -67 59.935 5.168 -66 60.136
2 24 5.168 -66 60.136 5.29 -65 60.28
2 24 5.29 -65 60.28 5.411 -64 60.382
2 24 5.411 -64 60.382 5.533 -63 60.493
2 24 5.533 -63 60.493 5.654 -62 60.64
2 24 5.654 -62 60.64 5.776 -61 60.832
2 24 5.776 -61 60.832 5.898 -60 61.072
2 24 5.898 -60 61.072 6.019 -59 61.353
2 24 6.019 -59 61.353 6.141 -58 61.663
2 24 6.141 -58 61.663 6.262 -57 61.957
2 24 6.262 -57 61.957 6.384 -56 62.311
2 24 6.384 -56 62.311 6.56 -55 62.8
2 24 6.56 -55 62.8 7.003 -54 63.396
2 24 7.003 -54 63.396 7.533 -53 64.69
2 24 7.533 -53 64.69 8.065 -52 66.594
2 24 8.065 -52 66.594 8.46 -51 68.373
0 // inner groove inner line
2 24 4.338 -75 55.822 4.733 -74 56.2
2 24 4.733 -74 56.2 5.05 -73 56.657
2 24 5.05 -73 56.657 5.373 -72 57.089
2 24 5.373 -72 57.089 5.638 -71 57.542
2 24 5.638 -71 57.542 5.884 -70 57.964
2 24 5.884 -70 57.964 6.2 -69 58.344
2 24 6.2 -69 58.344 6.4 -68 58.671
2 24 6.4 -68 58.671 6.6 -67 58.935
2 24 6.6 -67 58.935 6.8 -66 59.136
2 24 6.8 -66 59.136 6.96 -65 59.28
2 24 6.96 -65 59.28 7.12 -64 59.382
2 24 7.12 -64 59.382 7.28 -63 59.493
2 24 7.28 -63 59.493 7.44 -62 59.64
2 24 7.44 -62 59.64 7.6 -61 59.832
2 24 7.6 -61 59.832 7.76 -60 60.072
2 24 7.76 -60 60.072 7.92 -59 60.353
2 24 7.92 -59 60.353 8.08 -58 60.663
2 24 8.08 -58 60.663 8.24 -57 60.957
2 24 8.24 -57 60.957 8.4 -56 61.311
2 24 8.4 -56 61.311 8.52 -55 61.8
2 24 8.52 -55 61.8 8.54 -54 62.396
2 24 8.54 -54 62.396 8.56 -53 63.69
2 24 8.56 -53 63.69 8.58 -52 66.094
2 24 8.58 -52 66.094 8.46 -51 68.373
0 // inside frame
2 24 1.3 -89 44.3 1.471 -88 46.112
2 24 1.471 -88 46.112 1.691 -87 47.582
2 24 1.691 -87 47.582 1.912 -86 48.822
2 24 1.912 -86 48.822 2.132 -85 49.897
2 24 2.132 -85 49.897 1.912 -84 50.843
2 24 1.912 -84 50.843 2.574 -83 51.679
2 24 2.574 -83 51.679 2.794 -82 52.423
2 24 2.794 -82 52.423 3.015 -81 53.091
2 24 3.015 -81 53.091 3.235 -80 53.688
2 24 3.235 -80 53.688 3.456 -79 54.221
2 24 3.456 -79 54.221 3.676 -78 54.698
2 24 3.676 -78 54.698 3.897 -77 55.12
2 24 3.897 -77 55.12 3.496 -76 55.495
2 24 3.496 -76 55.495 4.338 -75 55.822
2 24 4.338 -75 55.822 4.559 -74 56.107
2 24 4.559 -74 56.107 4.779 -73 56.349
2 24 4.779 -73 56.349 5 -72 56.551
2 24 5 -72 56.551 4.989 -71 56.715
2 24 4.989 -71 56.715 4.955 -70 56.84
2 24 4.955 -70 56.84 4.899 -69 56.929
2 24 4.899 -69 56.929 4.819 -68 56.982
2 24 4.819 -68 56.982 4.714 -67 57
2 24 4.714 -67 57 4.583 -66 56.982
2 24 4.583 -66 56.982 4.422 -65 56.93
2 24 4.422 -65 56.93 4.229 -64 56.843
2 24 4.229 -64 56.843 4 -63 56.72
2 24 4 -63 56.72 3.727 -62 56.562
2 24 3.727 -62 56.562 3.399 -61 56.369
2 24 3.399 -61 56.369 3 -60 56.138
2 24 3 -60 56.138 2.495 -59 55.869
2 24 2.495 -59 55.869 1.8 -58 55.562
2 24 1.8 -58 55.562 0 -57 55.217
0 // back plane lower part
3 16 0.975 -88 49.478 0 -89 45.97 0.91 -89 45.636
3 16 0 -88 50.029 0 -89 45.97 0.975 -88 49.478
5 24 0 -89 45.97 0.975 -88 49.478 0.91 -89 45.636 0 -88 50.029
4 16 0 -88 50.029 0.975 -88 49.478 1.044 -87 52.589 0 -87 53.145
3 16 1.115 -86 54.642 0 -87 53.145 1.044 -87 52.589
3 16 0 -86 55.136 0 -87 53.145 1.115 -86 54.642
5 24 0 -87 53.145 1.115 -86 54.642 1.044 -87 52.589 0 -86 55.136
3 16 1.19 -85 56.49 0 -86 55.136 1.115 -86 54.642
3 16 0 -85 56.959 0 -86 55.136 1.19 -85 56.49
5 24 0 -86 55.136 1.19 -85 56.49 1.115 -86 54.642 0 -85 56.959
3 16 1.266 -84 58.134 0 -85 56.959 1.19 -85 56.49
3 16 0 -84 58.533 0 -85 56.959 1.266 -84 58.134
5 24 0 -85 56.959 1.266 -84 58.134 1.19 -85 56.49 0 -84 58.533
3 16 1.342 -83 59.419 0 -84 58.533 1.266 -84 58.134
3 16 0 -83 59.789 0 -84 58.533 1.342 -83 59.419
5 24 0 -84 58.533 1.342 -83 59.419 1.266 -84 58.134 0 -83 59.789
4 16 0 -83 59.789 1.342 -83 59.419 1.423 -82 60.631 0 -82 61
4 16 0 -82 61 1.423 -82 60.631 1.511 -81 61.73 0 -81 62.112
3 16 1.61 -80 62.691 0 -81 62.112 1.511 -81 61.73
3 16 0 -80 63.073 0 -81 62.112 1.61 -80 62.691
5 24 0 -81 62.112 1.61 -80 62.691 1.511 -81 61.73 0 -80 63.073
4 16 0 -80 63.073 1.61 -80 62.691 1.711 -79 63.616 0 -79 64.012
4 16 0 -79 64.012 1.711 -79 63.616 1.813 -78 64.52 0 -78 64.943
4 16 0 -78 64.943 1.813 -78 64.52 1.928 -77 65.393 0 -77 65.861
4 16 0 -77 65.861 1.928 -77 65.393 2.066 -76 66.198 0 -76 66.698
3 16 2.24 -75 66.911 0 -76 66.698 2.066 -76 66.198
3 16 0 -75 67.424 0 -76 66.698 2.24 -75 66.911
5 24 0 -76 66.698 2.24 -75 66.911 2.066 -76 66.198 0 -75 67.424
3 16 2.476 -74 67.527 0 -75 67.424 2.24 -75 66.911
3 16 0 -74 68.036 0 -75 67.424 2.476 -74 67.527
5 24 0 -75 67.424 2.476 -74 67.527 2.24 -75 66.911 0 -74 68.036
3 16 0 -73 68.54 0 -74 68.036 2.476 -74 67.527
3 16 0 -73 68.54 2.476 -74 67.527 2.765 -73 68.05
5 24 2.476 -74 67.527 0 -73 68.54 0 -74 68.036 2.765 -73 68.05
3 16 0 -72 69.018 0 -73 68.54 2.765 -73 68.05
3 16 0 -72 69.018 2.765 -73 68.05 3.07 -72 68.548
5 24 2.765 -73 68.05 0 -72 69.018 0 -73 68.54 3.07 -72 68.548
3 16 0 -71 69.493 0 -72 69.018 3.07 -72 68.548
3 16 0 -71 69.493 3.07 -72 68.548 3.351 -71 69.038
5 24 3.07 -72 68.548 0 -71 69.493 0 -72 69.018 3.351 -71 69.038
3 16 0 -70 69.919 0 -71 69.493 3.351 -71 69.038
3 16 0 -70 69.919 3.351 -71 69.038 3.57 -70 69.482
5 24 3.351 -71 69.038 0 -70 69.919 0 -71 69.493 3.57 -70 69.482
3 16 0 -69 70.275 0 -70 69.919 3.57 -70 69.482
3 16 0 -69 70.275 3.57 -70 69.482 3.714 -69 69.862
5 24 3.57 -70 69.482 0 -69 70.275 0 -70 69.919 3.714 -69 69.862
3 16 0 -68 70.651 0 -69 70.275 3.714 -69 69.862
3 16 0 -68 70.651 3.714 -69 69.862 3.81 -68 70.25
5 24 3.714 -69 69.862 0 -68 70.651 0 -69 70.275 3.81 -68 70.25
4 16 0 -68 70.651 3.81 -68 70.25 3.876 -67 70.686 0 -67 71.092
4 16 0 -67 71.092 3.876 -67 70.686 3.93 -66 71.158 0 -66 71.576
4 16 0 -66 71.576 3.93 -66 71.158 3.99 -65 71.661 0 -65 72.094
4 16 0 -65 72.094 3.99 -65 71.661 4.057 -64 72.156 0 -64 72.6
4 16 0 -64 72.6 4.057 -64 72.156 4.119 -63 72.628 0 -63 73.082
4 16 0 -63 73.082 4.119 -63 72.628 4.175 -62 73.067 0 -62 73.53
3 16 4.225 -61 73.584 0 -62 73.53 4.175 -62 73.067
3 16 0 -61 74.076 0 -62 73.53 4.225 -61 73.584
5 24 0 -62 73.53 4.225 -61 73.584 4.175 -62 73.067 0 -61 74.076
3 16 4.27 -60 74.208 0 -61 74.076 4.225 -61 73.584
3 16 0 -60 74.741 0 -61 74.076 4.27 -60 74.208
5 24 0 -61 74.076 4.27 -60 74.208 4.225 -61 73.584 0 -60 74.741
3 16 4.314 -59 74.952 0 -60 74.741 4.27 -60 74.208
4 16 0 -59 75.54 0 -60 74.741 4.314 -59 74.952 4.358 -58 75.731
5 24 0 -60 74.741 4.314 -59 74.952 4.27 -60 74.208 0 -59 75.54
3 16 0 -59 75.54 4.358 -58 75.731 0 -58 76.377
5 24 0 -59 75.54 4.358 -58 75.731 4.314 -59 74.952 0 -58 76.377
3 16 0 -58 76.377 4.358 -58 75.731 4.393 -57 76.452
3 16 0 -58 76.377 4.393 -57 76.452 0 -57 77.153
5 24 0 -58 76.377 4.393 -57 76.452 4.358 -58 75.731 0 -57 77.153
3 16 0 -57 77.153 4.393 -57 76.452 4.413 -56 77.188
3 16 0 -57 77.153 4.413 -56 77.188 0 -56 77.933
5 24 0 -57 77.153 4.413 -56 77.188 4.393 -57 76.452 0 -56 77.933
4 16 0 -56 77.933 4.413 -56 77.188 4.41 -55 77.979 0 -55 78.721
3 16 0 -55 78.721 4.41 -55 77.979 4.396 -54 78.727
3 16 0 -55 78.721 4.396 -54 78.727 0 -54 79.4
5 24 0 -55 78.721 4.396 -54 78.727 4.41 -55 77.979 0 -54 79.4
3 16 0 -54 79.4 4.396 -54 78.727 4.375 -53 79.464
3 16 0 -54 79.4 4.375 -53 79.464 0 -53 80.022
5 24 0 -54 79.4 4.375 -53 79.464 4.396 -54 78.727 0 -53 80.022
3 16 0 -53 80.022 4.375 -53 79.464 4.347 -52 80.23
3 16 0 -53 80.022 4.347 -52 80.23 0 -52 80.638
5 24 0 -53 80.022 4.347 -52 80.23 4.375 -53 79.464 0 -52 80.638
4 16 0 -52 80.638 4.347 -52 80.23 4.141 -51 80.573 0 -51 80.973
3 16 0 -51 80.973 4.141 -51 80.573 3.914 -50 80.635
3 16 0 -51 80.973 3.914 -50 80.635 0 -50 81.035
5 24 0 -51 80.973 3.914 -50 80.635 4.141 -51 80.573 0 -50 81.035
3 16 0 -50 81.035 3.914 -50 80.635 3.539 -49 80.592
3 16 0 -50 81.035 3.539 -49 80.592 0 -49 80.992
5 24 0 -50 81.035 3.539 -49 80.592 3.914 -50 80.635 0 -49 80.992
3 16 0 -49 80.992 3.539 -49 80.592 3.088 -48 80.184
3 16 0 -49 80.992 3.088 -48 80.184 0 -48 80.584
5 24 0 -49 80.992 3.088 -48 80.184 3.539 -49 80.592 0 -48 80.584
3 16 0 -48 80.584 3.088 -48 80.184 2.442 -47 79.149
3 16 0 -48 80.584 2.442 -47 79.149 0 -47 79.549
5 24 0 -48 80.584 2.442 -47 79.149 3.088 -48 80.184 0 -47 79.549
3 16 0 -47 79.549 2.442 -47 79.149 0 -46 78
0 // back plane middle part
3 16 0.91 -89 45.636 1.17 -89 44.968 1.254 -88 48.377
3 16 0.91 -89 45.636 1.254 -88 48.377 0.975 -88 49.478
5 24 0.91 -89 45.636 1.254 -88 48.377 1.17 -89 44.968 0.975 -88 49.478
3 16 0.975 -88 49.478 1.254 -88 48.377 1.342 -87 51.478
3 16 0.975 -88 49.478 1.342 -87 51.478 1.044 -87 52.589
5 24 0.975 -88 49.478 1.342 -87 51.478 1.254 -88 48.377 1.044 -87 52.589
3 16 1.044 -87 52.589 1.342 -87 51.478 1.434 -86 53.654
3 16 1.044 -87 52.589 1.434 -86 53.654 1.115 -86 54.642
5 24 1.044 -87 52.589 1.434 -86 53.654 1.342 -87 51.478 1.115 -86 54.642
3 16 1.115 -86 54.642 1.434 -86 53.654 1.53 -85 55.553
4 16 1.19 -85 56.49 1.115 -86 54.642 1.53 -85 55.553 1.627 -84 57.336
5 24 1.115 -86 54.642 1.53 -85 55.553 1.434 -86 53.654 1.19 -85 56.49
3 16 1.627 -84 57.336 1.266 -84 58.134 1.19 -85 56.49
5 24 1.19 -85 56.49 1.627 -84 57.336 1.53 -85 55.553 1.266 -84 58.134
3 16 1.627 -84 57.336 1.726 -83 58.679 1.266 -84 58.134
3 16 1.726 -83 58.679 1.342 -83 59.419 1.266 -84 58.134
5 24 1.266 -84 58.134 1.726 -83 58.679 1.627 -84 57.336 1.342 -83 59.419
3 16 1.726 -83 58.679 1.83 -82 59.892 1.342 -83 59.419
3 16 1.83 -82 59.892 1.423 -82 60.631 1.342 -83 59.419
5 24 1.342 -83 59.419 1.83 -82 59.892 1.726 -83 58.679 1.423 -82 60.631
4 16 1.423 -82 60.631 1.83 -82 59.892 1.943 -81 60.965 1.511 -81 61.73
3 16 1.943 -81 60.965 2.07 -80 61.928 1.511 -81 61.73
4 16 1.61 -80 62.691 1.511 -81 61.73 2.07 -80 61.928 2.2 -79 62.825
5 24 1.511 -81 61.73 2.07 -80 61.928 1.943 -81 60.965 1.61 -80 62.691
3 16 1.711 -79 63.616 1.61 -80 62.691 2.2 -79 62.825
5 24 1.61 -80 62.691 2.2 -79 62.825 2.07 -80 61.928 1.711 -79 63.616
4 16 1.711 -79 63.616 2.2 -79 62.825 2.331 -78 63.674 1.813 -78 64.52
3 16 2.478 -77 64.458 1.813 -78 64.52 2.331 -78 63.674
3 16 1.928 -77 65.393 1.813 -78 64.52 2.478 -77 64.458
5 24 1.813 -78 64.52 2.478 -77 64.458 2.331 -78 63.674 1.928 -77 65.393
4 16 1.928 -77 65.393 2.478 -77 64.458 2.656 -76 65.199 2.066 -76 66.198
3 16 2.88 -75 65.885 2.066 -76 66.198 2.656 -76 65.199
3 16 2.24 -75 66.911 2.066 -76 66.198 2.88 -75 65.885
5 24 2.066 -76 66.198 2.88 -75 65.885 2.656 -76 65.199 2.24 -75 66.911
3 16 3.183 -74 66.508 2.24 -75 66.911 2.88 -75 65.885
3 16 2.476 -74 67.527 2.24 -75 66.911 3.183 -74 66.508
5 24 2.24 -75 66.911 3.183 -74 66.508 2.88 -75 65.885 2.476 -74 67.527
3 16 3.555 -73 67.07 2.476 -74 67.527 3.183 -74 66.508
3 16 2.765 -73 68.05 2.476 -74 67.527 3.555 -73 67.07
5 24 2.476 -74 67.527 3.555 -73 67.07 3.183 -74 66.508 2.765 -73 68.05
3 16 3.947 -72 67.607 2.765 -73 68.05 3.555 -73 67.07
3 16 3.07 -72 68.548 2.765 -73 68.05 3.947 -72 67.607
5 24 2.765 -73 68.05 3.947 -72 67.607 3.555 -73 67.07 3.07 -72 68.548
3 16 4.308 -71 68.127 3.07 -72 68.548 3.947 -72 67.607
4 16 3.351 -71 69.038 3.07 -72 68.548 4.308 -71 68.127 4.59 -70 68.609
5 24 3.07 -72 68.548 4.308 -71 68.127 3.947 -72 67.607 3.351 -71 69.038
3 16 3.351 -71 69.038 4.59 -70 68.609 3.57 -70 69.482
5 24 3.351 -71 69.038 4.59 -70 68.609 4.308 -71 68.127 3.57 -70 69.482
3 16 3.57 -70 69.482 4.59 -70 68.609 4.776 -69 69.036
3 16 3.57 -70 69.482 4.776 -69 69.036 3.714 -69 69.862
5 24 3.57 -70 69.482 4.776 -69 69.036 4.59 -70 68.609 3.714 -69 69.862
3 16 3.714 -69 69.862 4.776 -69 69.036 4.899 -68 69.447
3 16 3.714 -69 69.862 4.899 -68 69.447 3.81 -68 70.25
5 24 3.714 -69 69.862 4.899 -68 69.447 4.776 -69 69.036 3.81 -68 70.25
4 16 3.81 -68 70.25 4.899 -68 69.447 4.983 -67 69.873 3.876 -67 70.686
4 16 3.876 -67 70.686 4.983 -67 69.873 5.052 -66 70.323 3.93 -66 71.158
4 16 3.93 -66 71.158 5.052 -66 70.323 5.13 -65 70.796 3.99 -65 71.661
4 16 3.99 -65 71.661 5.13 -65 70.796 5.216 -64 71.268 4.057 -64 72.156
4 16 4.057 -64 72.156 5.216 -64 71.268 5.296 -63 71.72 4.119 -63 72.628
4 16 4.119 -63 72.628 5.296 -63 71.72 5.368 -62 72.141 4.175 -62 73.067
3 16 4.175 -62 73.067 5.368 -62 72.141 5.432 -61 72.6
3 16 4.175 -62 73.067 5.432 -61 72.6 4.225 -61 73.584
5 24 4.175 -62 73.067 5.432 -61 72.6 5.368 -62 72.141 4.225 -61 73.584
3 16 4.225 -61 73.584 5.432 -61 72.6 5.49 -60 73.142
3 16 4.225 -61 73.584 5.49 -60 73.142 4.27 -60 74.208
5 24 4.225 -61 73.584 5.49 -60 73.142 5.432 -61 72.6 4.27 -60 74.208
3 16 4.27 -60 74.208 5.49 -60 73.142 5.547 -59 73.776
3 16 4.27 -60 74.208 5.547 -59 73.776 4.314 -59 74.952
5 24 4.27 -60 74.208 5.547 -59 73.776 5.49 -60 73.142 4.314 -59 74.952
3 16 4.314 -59 74.952 5.547 -59 73.776 5.603 -58 74.439
3 16 4.314 -59 74.952 5.603 -58 74.439 4.358 -58 75.731
5 24 4.314 -59 74.952 5.603 -58 74.439 5.547 -59 73.776 4.358 -58 75.731
3 16 4.358 -58 75.731 5.603 -58 74.439 5.648 -57 75.051
3 16 4.358 -58 75.731 5.648 -57 75.051 4.393 -57 76.452
5 24 4.358 -58 75.731 5.648 -57 75.051 5.603 -58 74.439 4.393 -57 76.452
3 16 4.393 -57 76.452 5.648 -57 75.051 5.674 -56 75.698
3 16 4.393 -57 76.452 5.674 -56 75.698 4.413 -56 77.188
5 24 4.393 -57 76.452 5.674 -56 75.698 5.648 -57 75.051 4.413 -56 77.188
4 16 4.413 -56 77.188 5.674 -56 75.698 5.67 -55 76.495 4.41 -55 77.979
3 16 4.41 -55 77.979 5.67 -55 76.495 5.652 -54 77.382
3 16 4.41 -55 77.979 5.652 -54 77.382 4.396 -54 78.727
5 24 4.41 -55 77.979 5.652 -54 77.382 5.67 -55 76.495 4.396 -54 78.727
3 16 4.396 -54 78.727 5.652 -54 77.382 5.625 -53 78.349
3 16 4.396 -54 78.727 5.625 -53 78.349 4.375 -53 79.464
5 24 4.396 -54 78.727 5.625 -53 78.349 5.652 -54 77.382 4.375 -53 79.464
3 16 4.375 -53 79.464 5.625 -53 78.349 5.589 -52 79.415
3 16 4.375 -53 79.464 5.589 -52 79.415 4.347 -52 80.23
5 24 4.375 -53 79.464 5.589 -52 79.415 5.625 -53 78.349 4.347 -52 80.23
3 16 4.347 -52 80.23 5.589 -52 79.415 5.42 -51 79.773
3 16 4.347 -52 80.23 5.42 -51 79.773 4.141 -51 80.573
5 24 4.347 -52 80.23 5.42 -51 79.773 5.589 -52 79.415 4.141 -51 80.573
4 16 4.141 -51 80.573 5.42 -51 79.773 5.218 -50 79.835 3.914 -50 80.635
3 16 5.218 -50 79.835 4.811 -49 79.792 3.914 -50 80.635
3 16 4.811 -49 79.792 3.539 -49 80.592 3.914 -50 80.635
5 24 3.914 -50 80.635 4.811 -49 79.792 5.218 -50 79.835 3.539 -49 80.592
3 16 4.811 -49 79.792 4.283 -48 79.384 3.539 -49 80.592
3 16 4.283 -48 79.384 3.088 -48 80.184 3.539 -49 80.592
5 24 3.539 -49 80.592 4.283 -48 79.384 4.811 -49 79.792 3.088 -48 80.184
3 16 4.283 -48 79.384 2.442 -47 79.149 3.088 -48 80.184
3 16 3.46 -47 78.349 2.442 -47 79.149 4.283 -48 79.384
5 24 4.283 -48 79.384 2.442 -47 79.149 3.088 -48 80.184 3.46 -47 78.349
3 16 3.46 -47 78.349 0 -46 78 2.442 -47 79.149
0 // back plane upper part
3 16 1.3 -89 44.3 1.393 -88 47.276 1.17 -89 44.968
3 16 1.393 -88 47.276 1.254 -88 48.377 1.17 -89 44.968
5 24 1.17 -89 44.968 1.393 -88 47.276 1.3 -89 44.3 1.254 -88 48.377
3 16 1.393 -88 47.276 1.491 -87 50.367 1.254 -88 48.377
3 16 1.491 -87 50.367 1.342 -87 51.478 1.254 -88 48.377
5 24 1.254 -88 48.377 1.491 -87 50.367 1.393 -88 47.276 1.342 -87 51.478
3 16 1.491 -87 50.367 1.593 -86 52.665 1.342 -87 51.478
3 16 1.593 -86 52.665 1.434 -86 53.654 1.342 -87 51.478
5 24 1.342 -87 51.478 1.593 -86 52.665 1.491 -87 50.367 1.434 -86 53.654
3 16 1.593 -86 52.665 1.7 -85 54.616 1.434 -86 53.654
3 16 1.7 -85 54.616 1.53 -85 55.553 1.434 -86 53.654
5 24 1.434 -86 53.654 1.7 -85 54.616 1.593 -86 52.665 1.53 -85 55.553
3 16 1.7 -85 54.616 1.808 -84 56.537 1.53 -85 55.553
3 16 1.808 -84 56.537 1.627 -84 57.336 1.53 -85 55.553
5 24 1.53 -85 55.553 1.808 -84 56.537 1.7 -85 54.616 1.627 -84 57.336
3 16 1.808 -84 56.537 1.918 -83 57.939 1.627 -84 57.336
3 16 1.918 -83 57.939 1.726 -83 58.679 1.627 -84 57.336
5 24 1.627 -84 57.336 1.918 -83 57.939 1.808 -84 56.537 1.726 -83 58.679
3 16 1.918 -83 57.939 2.033 -82 59.153 1.726 -83 58.679
3 16 2.033 -82 59.153 1.83 -82 59.892 1.726 -83 58.679
5 24 1.726 -83 58.679 2.033 -82 59.153 1.918 -83 57.939 1.83 -82 59.892
4 16 1.83 -82 59.892 2.033 -82 59.153 2.159 -81 60.2 1.943 -81 60.965
3 16 2.159 -81 60.2 2.3 -80 61.164 1.943 -81 60.965
3 16 2.3 -80 61.164 2.07 -80 61.928 1.943 -81 60.965
5 24 1.943 -81 60.965 2.3 -80 61.164 2.159 -81 60.2 2.07 -80 61.928
4 16 2.07 -80 61.928 2.3 -80 61.164 2.445 -79 62.034 2.2 -79 62.825
4 16 2.2 -79 62.825 2.445 -79 62.034 2.59 -78 62.827 2.331 -78 63.674
4 16 2.331 -78 63.674 2.59 -78 62.827 2.754 -77 63.523 2.478 -77 64.458
4 16 2.478 -77 64.458 2.754 -77 63.523 2.951 -76 64.2 2.656 -76 65.199
3 16 2.951 -76 64.2 3.2 -75 64.86 2.656 -76 65.199
3 16 3.2 -75 64.86 2.88 -75 65.885 2.656 -76 65.199
5 24 2.656 -76 65.199 3.2 -75 64.86 2.951 -76 64.2 2.88 -75 65.885
3 16 3.2 -75 64.86 3.537 -74 65.489 2.88 -75 65.885
3 16 3.537 -74 65.489 3.183 -74 66.508 2.88 -75 65.885
5 24 2.88 -75 65.885 3.537 -74 65.489 3.2 -75 64.86 3.183 -74 66.508
3 16 3.537 -74 65.489 3.95 -73 66.09 3.183 -74 66.508
3 16 3.95 -73 66.09 3.555 -73 67.07 3.183 -74 66.508
5 24 3.183 -74 66.508 3.95 -73 66.09 3.537 -74 65.489 3.555 -73 67.07
3 16 3.95 -73 66.09 4.386 -72 66.666 3.555 -73 67.07
3 16 4.386 -72 66.666 3.947 -72 67.607 3.555 -73 67.07
5 24 3.555 -73 67.07 4.386 -72 66.666 3.95 -73 66.09 3.947 -72 67.607
3 16 4.386 -72 66.666 4.787 -71 67.217 3.947 -72 67.607
3 16 4.787 -71 67.217 4.308 -71 68.127 3.947 -72 67.607
5 24 3.947 -72 67.607 4.787 -71 67.217 4.386 -72 66.666 4.308 -71 68.127
3 16 4.787 -71 67.217 5.1 -70 67.735 4.308 -71 68.127
3 16 5.1 -70 67.735 4.59 -70 68.609 4.308 -71 68.127
5 24 4.308 -71 68.127 5.1 -70 67.735 4.787 -71 67.217 4.59 -70 68.609
3 16 5.1 -70 67.735 5.306 -69 68.21 4.59 -70 68.609
3 16 5.306 -69 68.21 4.776 -69 69.036 4.59 -70 68.609
5 24 4.59 -70 68.609 5.306 -69 68.21 5.1 -70 67.735 4.776 -69 69.036
3 16 5.306 -69 68.21 5.443 -68 68.645 4.776 -69 69.036
3 16 5.443 -68 68.645 4.899 -68 69.447 4.776 -69 69.036
5 24 4.776 -69 69.036 5.443 -68 68.645 5.306 -69 68.21 4.899 -68 69.447
4 16 4.899 -68 69.447 5.443 -68 68.645 5.537 -67 69.061 4.983 -67 69.873
4 16 4.983 -67 69.873 5.537 -67 69.061 5.614 -66 69.488 5.052 -66 70.323
4 16 5.052 -66 70.323 5.614 -66 69.488 5.7 -65 69.93 5.13 -65 70.796
4 16 5.13 -65 70.796 5.7 -65 69.93 5.796 -64 70.379 5.216 -64 71.268
4 16 5.216 -64 71.268 5.796 -64 70.379 5.884 -63 70.812 5.296 -63 71.72
4 16 5.296 -63 71.72 5.884 -63 70.812 5.964 -62 71.215 5.368 -62 72.141
3 16 5.964 -62 71.215 6.036 -61 71.616 5.368 -62 72.141
4 16 5.432 -61 72.6 5.368 -62 72.141 6.036 -61 71.616 6.1 -60 72.076
5 24 5.368 -62 72.141 6.036 -61 71.616 5.964 -62 71.215 5.432 -61 72.6
4 16 5.49 -60 73.142 5.432 -61 72.6 6.1 -60 72.076 6.163 -59 72.6
5 24 5.432 -61 72.6 6.1 -60 72.076 6.036 -61 71.616 5.49 -60 73.142
3 16 5.49 -60 73.142 6.163 -59 72.6 5.547 -59 73.776
5 24 5.49 -60 73.142 6.163 -59 72.6 6.1 -60 72.076 5.547 -59 73.776
3 16 5.547 -59 73.776 6.163 -59 72.6 6.225 -58 73.147
3 16 5.547 -59 73.776 6.225 -58 73.147 5.603 -58 74.439
5 24 5.547 -59 73.776 6.225 -58 73.147 6.163 -59 72.6 5.603 -58 74.439
3 16 5.603 -58 74.439 6.225 -58 73.147 6.276 -57 73.649
3 16 5.603 -58 74.439 6.276 -57 73.649 5.648 -57 75.051
5 24 5.603 -58 74.439 6.276 -57 73.649 6.225 -58 73.147 5.648 -57 75.051
3 16 5.648 -57 75.051 6.276 -57 73.649 6.304 -56 74.208
3 16 5.648 -57 75.051 6.304 -56 74.208 5.674 -56 75.698
5 24 5.648 -57 75.051 6.304 -56 74.208 6.276 -57 73.649 5.674 -56 75.698
4 16 5.674 -56 75.698 6.304 -56 74.208 6.3 -55 75.011 5.67 -55 76.495
3 16 5.67 -55 76.495 6.3 -55 75.011 6.28 -54 76.037
3 16 5.67 -55 76.495 6.28 -54 76.037 5.652 -54 77.382
5 24 5.67 -55 76.495 6.28 -54 76.037 6.3 -55 75.011 5.652 -54 77.382
3 16 5.652 -54 77.382 6.28 -54 76.037 6.25 -53 77.233
3 16 5.652 -54 77.382 6.25 -53 77.233 5.625 -53 78.349
5 24 5.652 -54 77.382 6.25 -53 77.233 6.28 -54 76.037 5.625 -53 78.349
3 16 5.625 -53 78.349 6.25 -53 77.233 6.21 -52 78.6
3 16 5.625 -53 78.349 6.21 -52 78.6 5.589 -52 79.415
5 24 5.625 -53 78.349 6.21 -52 78.6 6.25 -53 77.233 5.589 -52 79.415
4 16 6.09 -51 78.973 5.589 -52 79.415 6.21 -52 78.6 7.614 -51 76.973
3 16 5.42 -51 79.773 5.589 -52 79.415 6.09 -51 78.973
5 24 5.589 -52 79.415 6.09 -51 78.973 6.21 -52 78.6 5.42 -51 79.773
3 16 5.93 -50 79.035 5.42 -51 79.773 6.09 -51 78.973
3 16 5.218 -50 79.835 5.42 -51 79.773 5.93 -50 79.035
5 24 5.42 -51 79.773 5.93 -50 79.035 6.09 -51 78.973 5.218 -50 79.835
4 16 5.218 -50 79.835 5.93 -50 79.035 5.53 -49 78.992 4.811 -49 79.792
4 16 4.811 -49 79.792 5.53 -49 78.992 4.98 -48 78.584 4.283 -48 79.384
3 16 4.283 -48 79.384 4.98 -48 78.584 3.46 -47 78.349
3 16 4.98 -48 78.584 4.07 -47 77.549 3.46 -47 78.349
5 24 4.98 -48 78.584 3.46 -47 78.349 4.283 -48 79.384 4.07 -47 77.549
3 16 3.46 -47 78.349 4.07 -47 77.549 0 -46 78
0 // outer groove outer side
3 16 1.3 -89 44.3 1.254 -88 46.876 1.393 -88 47.276
3 16 1.393 -88 47.276 1.254 -88 46.876 1.342 -87 49.367
3 16 1.393 -88 47.276 1.342 -87 49.367 1.491 -87 50.367
5 24 1.393 -88 47.276 1.342 -87 49.367 1.254 -88 46.876 1.491 -87 50.367
3 16 1.491 -87 50.367 1.342 -87 49.367 1.434 -86 51.665
3 16 1.491 -87 50.367 1.434 -86 51.665 1.593 -86 52.665
5 24 1.491 -87 50.367 1.434 -86 51.665 1.342 -87 49.367 1.593 -86 52.665
3 16 1.593 -86 52.665 1.434 -86 51.665 1.53 -85 53.616
4 16 1.7 -85 54.616 1.593 -86 52.665 1.53 -85 53.616 1.627 -84 55.537
5 24 1.593 -86 52.665 1.53 -85 53.616 1.434 -86 51.665 1.7 -85 54.616
3 16 1.627 -84 55.537 1.808 -84 56.537 1.7 -85 54.616
5 24 1.7 -85 54.616 1.627 -84 55.537 1.53 -85 53.616 1.808 -84 56.537
3 16 1.627 -84 55.537 1.726 -83 56.939 1.808 -84 56.537
3 16 1.726 -83 56.939 1.918 -83 57.939 1.808 -84 56.537
5 24 1.808 -84 56.537 1.726 -83 56.939 1.627 -84 55.537 1.918 -83 57.939
3 16 1.726 -83 56.939 1.83 -82 58.153 1.918 -83 57.939
3 16 1.83 -82 58.153 2.033 -82 59.153 1.918 -83 57.939
5 24 1.918 -83 57.939 1.83 -82 58.153 1.726 -83 56.939 2.033 -82 59.153
3 16 1.83 -82 58.153 1.943 -81 59.2 2.033 -82 59.153
3 16 1.943 -81 59.2 2.159 -81 60.2 2.033 -82 59.153
5 24 2.033 -82 59.153 1.943 -81 59.2 1.83 -82 58.153 2.159 -81 60.2
3 16 1.943 -81 59.2 2.07 -80 60.164 2.159 -81 60.2
3 16 2.07 -80 60.164 2.3 -80 61.164 2.159 -81 60.2
5 24 2.159 -81 60.2 2.07 -80 60.164 1.943 -81 59.2 2.3 -80 61.164
3 16 2.07 -80 60.164 2.2 -79 61.034 2.3 -80 61.164
4 16 2.445 -79 62.034 2.3 -80 61.164 2.2 -79 61.034 2.331 -78 61.827
5 24 2.3 -80 61.164 2.2 -79 61.034 2.07 -80 60.164 2.445 -79 62.034
3 16 2.59 -78 62.827 2.445 -79 62.034 2.331 -78 61.827
5 24 2.445 -79 62.034 2.331 -78 61.827 2.2 -79 61.034 2.59 -78 62.827
3 16 2.478 -77 62.523 2.59 -78 62.827 2.331 -78 61.827
3 16 2.754 -77 63.523 2.59 -78 62.827 2.478 -77 62.523
5 24 2.59 -78 62.827 2.478 -77 62.523 2.331 -78 61.827 2.754 -77 63.523
3 16 2.656 -76 63.2 2.754 -77 63.523 2.478 -77 62.523
3 16 2.951 -76 64.2 2.754 -77 63.523 2.656 -76 63.2
5 24 2.754 -77 63.523 2.656 -76 63.2 2.478 -77 62.523 2.951 -76 64.2
3 16 2.88 -75 63.86 2.951 -76 64.2 2.656 -76 63.2
3 16 3.2 -75 64.86 2.951 -76 64.2 2.88 -75 63.86
5 24 2.951 -76 64.2 2.88 -75 63.86 2.656 -76 63.2 3.2 -75 64.86
3 16 3.183 -74 64.489 3.2 -75 64.86 2.88 -75 63.86
3 16 3.537 -74 65.489 3.2 -75 64.86 3.183 -74 64.489
5 24 3.2 -75 64.86 3.183 -74 64.489 2.88 -75 63.86 3.537 -74 65.489
3 16 3.555 -73 65.09 3.537 -74 65.489 3.183 -74 64.489
3 16 3.95 -73 66.09 3.537 -74 65.489 3.555 -73 65.09
5 24 3.537 -74 65.489 3.555 -73 65.09 3.183 -74 64.489 3.95 -73 66.09
3 16 3.947 -72 65.666 3.95 -73 66.09 3.555 -73 65.09
3 16 4.386 -72 66.666 3.95 -73 66.09 3.947 -72 65.666
5 24 3.95 -73 66.09 3.947 -72 65.666 3.555 -73 65.09 4.386 -72 66.666
3 16 4.308 -71 66.217 4.386 -72 66.666 3.947 -72 65.666
3 16 4.787 -71 67.217 4.386 -72 66.666 4.308 -71 66.217
5 24 4.386 -72 66.666 4.308 -71 66.217 3.947 -72 65.666 4.787 -71 67.217
3 16 4.59 -70 66.735 4.787 -71 67.217 4.308 -71 66.217
3 16 5.1 -70 67.735 4.787 -71 67.217 4.59 -70 66.735
5 24 4.787 -71 67.217 4.59 -70 66.735 4.308 -71 66.217 5.1 -70 67.735
3 16 4.776 -69 67.21 5.1 -70 67.735 4.59 -70 66.735
3 16 5.306 -69 68.21 5.1 -70 67.735 4.776 -69 67.21
5 24 5.1 -70 67.735 4.776 -69 67.21 4.59 -70 66.735 5.306 -69 68.21
3 16 4.899 -68 67.645 5.306 -69 68.21 4.776 -69 67.21
3 16 5.443 -68 68.645 5.306 -69 68.21 4.899 -68 67.645
5 24 5.306 -69 68.21 4.899 -68 67.645 4.776 -69 67.21 5.443 -68 68.645
4 16 5.443 -68 68.645 4.899 -68 67.645 4.983 -67 68.061 5.537 -67 69.061
4 16 5.537 -67 69.061 4.983 -67 68.061 5.052 -66 68.488 5.614 -66 69.488
4 16 5.614 -66 69.488 5.052 -66 68.488 5.13 -65 68.93 5.7 -65 69.93
4 16 5.7 -65 69.93 5.13 -65 68.93 5.216 -64 69.379 5.796 -64 70.379
4 16 5.796 -64 70.379 5.216 -64 69.379 5.296 -63 69.812 5.884 -63 70.812
4 16 5.884 -63 70.812 5.296 -63 69.812 5.368 -62 70.215 5.964 -62 71.215
4 16 5.964 -62 71.215 5.368 -62 70.215 5.432 -61 70.616 6.036 -61 71.616
4 16 6.036 -61 71.616 5.432 -61 70.616 5.49 -60 71.076 6.1 -60 72.076
4 16 6.1 -60 72.076 5.49 -60 71.076 5.547 -59 71.6 6.163 -59 72.6
4 16 6.163 -59 72.6 5.547 -59 71.6 5.603 -58 72.147 6.225 -58 73.147
4 16 6.225 -58 73.147 5.603 -58 72.147 5.648 -57 72.649 6.276 -57 73.649
4 16 6.276 -57 73.649 5.648 -57 72.649 5.674 -56 73.208 6.304 -56 74.208
4 16 6.304 -56 74.208 5.674 -56 73.208 5.67 -55 74.011 6.3 -55 75.011
4 16 6.3 -55 75.011 5.67 -55 74.011 5.652 -54 75.037 6.28 -54 76.037
3 16 5.938 -53 76.233 6.28 -54 76.037 5.652 -54 75.037
3 16 6.25 -53 77.233 6.28 -54 76.037 5.938 -53 76.233
5 24 6.28 -54 76.037 5.938 -53 76.233 5.652 -54 75.037 6.25 -53 77.233
3 16 6.21 -52 78.6 6.25 -53 77.233 5.938 -53 76.233
0 // outer groove inner side
3 16 1.254 -88 46.876 1.3 -89 44.3 1.471 -88 46.112
3 16 1.559 -87 48.367 1.254 -88 46.876 1.471 -88 46.112
3 16 1.342 -87 49.367 1.254 -88 46.876 1.559 -87 48.367
5 24 1.254 -88 46.876 1.559 -87 48.367 1.471 -88 46.112 1.342 -87 49.367
3 16 1.794 -86 50.665 1.342 -87 49.367 1.559 -87 48.367
3 16 1.434 -86 51.665 1.342 -87 49.367 1.794 -86 50.665
5 24 1.342 -87 49.367 1.794 -86 50.665 1.559 -87 48.367 1.434 -86 51.665
3 16 2.029 -85 52.616 1.434 -86 51.665 1.794 -86 50.665
3 16 1.53 -85 53.616 1.434 -86 51.665 2.029 -85 52.616
5 24 1.434 -86 51.665 2.029 -85 52.616 1.794 -86 50.665 1.53 -85 53.616
3 16 2.264 -84 54.537 1.53 -85 53.616 2.029 -85 52.616
3 16 1.627 -84 55.537 1.53 -85 53.616 2.264 -84 54.537
5 24 1.53 -85 53.616 2.264 -84 54.537 2.029 -85 52.616 1.627 -84 55.537
3 16 2.5 -83 55.939 1.627 -84 55.537 2.264 -84 54.537
4 16 1.726 -83 56.939 1.627 -84 55.537 2.5 -83 55.939 2.735 -82 57.153
5 24 1.627 -84 55.537 2.5 -83 55.939 2.264 -84 54.537 1.726 -83 56.939
4 16 1.83 -82 58.153 1.726 -83 56.939 2.735 -82 57.153 2.97 -81 58.2
5 24 1.726 -83 56.939 2.735 -82 57.153 2.5 -83 55.939 1.83 -82 58.153
3 16 2.97 -81 58.2 1.943 -81 59.2 1.83 -82 58.153
5 24 1.83 -82 58.153 2.97 -81 58.2 2.735 -82 57.153 1.943 -81 59.2
3 16 2.97 -81 58.2 3.204 -80 59.164 1.943 -81 59.2
4 16 2.07 -80 60.164 1.943 -81 59.2 3.204 -80 59.164 3.438 -79 60.034
5 24 1.943 -81 59.2 3.204 -80 59.164 2.97 -81 58.2 2.07 -80 60.164
4 16 2.2 -79 61.034 2.07 -80 60.164 3.438 -79 60.034 3.672 -78 60.827
5 24 2.07 -80 60.164 3.438 -79 60.034 3.204 -80 59.164 2.2 -79 61.034
4 16 2.331 -78 61.827 2.2 -79 61.034 3.672 -78 60.827 3.906 -77 61.523
5 24 2.2 -79 61.034 3.672 -78 60.827 3.438 -79 60.034 2.331 -78 61.827
3 16 3.906 -77 61.523 2.478 -77 62.523 2.331 -78 61.827
5 24 2.331 -78 61.827 3.906 -77 61.523 3.672 -78 60.827 2.478 -77 62.523
3 16 3.906 -77 61.523 4.14 -76 62.2 2.478 -77 62.523
3 16 4.14 -76 62.2 2.656 -76 63.2 2.478 -77 62.523
5 24 2.478 -77 62.523 4.14 -76 62.2 3.906 -77 61.523 2.656 -76 63.2
4 16 2.656 -76 63.2 4.14 -76 62.2 4.356 -75 62.86 2.88 -75 63.86
3 16 4.356 -75 62.86 4.572 -74 63.489 2.88 -75 63.86
3 16 4.572 -74 63.489 3.183 -74 64.489 2.88 -75 63.86
5 24 2.88 -75 63.86 4.572 -74 63.489 4.356 -75 62.86 3.183 -74 64.489
3 16 4.572 -74 63.489 4.788 -73 64.09 3.183 -74 64.489
3 16 4.788 -73 64.09 3.555 -73 65.09 3.183 -74 64.489
5 24 3.183 -74 64.489 4.788 -73 64.09 4.572 -74 63.489 3.555 -73 65.09
3 16 4.788 -73 64.09 5.004 -72 64.666 3.555 -73 65.09
3 16 5.004 -72 64.666 3.947 -72 65.666 3.555 -73 65.09
5 24 3.555 -73 65.09 5.004 -72 64.666 4.788 -73 64.09 3.947 -72 65.666
3 16 5.004 -72 64.666 5.22 -71 65.217 3.947 -72 65.666
3 16 5.22 -71 65.217 4.308 -71 66.217 3.947 -72 65.666
5 24 3.947 -72 65.666 5.22 -71 65.217 5.004 -72 64.666 4.308 -71 66.217
3 16 5.22 -71 65.217 5.4 -70 65.735 4.308 -71 66.217
3 16 5.4 -70 65.735 4.59 -70 66.735 4.308 -71 66.217
5 24 4.308 -71 66.217 5.4 -70 65.735 5.22 -71 65.217 4.59 -70 66.735
4 16 4.59 -70 66.735 5.4 -70 65.735 5.58 -69 66.21 4.776 -69 67.21
3 16 5.58 -69 66.21 5.76 -68 66.645 4.776 -69 67.21
3 16 5.76 -68 66.645 4.899 -68 67.645 4.776 -69 67.21
5 24 4.776 -69 67.21 5.76 -68 66.645 5.58 -69 66.21 4.899 -68 67.645
3 16 5.76 -68 66.645 5.94 -67 67.061 4.899 -68 67.645
3 16 5.94 -67 67.061 4.983 -67 68.061 4.899 -68 67.645
5 24 4.899 -68 67.645 5.94 -67 67.061 5.76 -68 66.645 4.983 -67 68.061
3 16 5.94 -67 67.061 6.12 -66 67.488 4.983 -67 68.061
3 16 6.12 -66 67.488 5.052 -66 68.488 4.983 -67 68.061
5 24 4.983 -67 68.061 6.12 -66 67.488 5.94 -67 67.061 5.052 -66 68.488
3 16 6.12 -66 67.488 6.264 -65 67.93 5.052 -66 68.488
3 16 6.264 -65 67.93 5.13 -65 68.93 5.052 -66 68.488
5 24 5.052 -66 68.488 6.264 -65 67.93 6.12 -66 67.488 5.13 -65 68.93
3 16 6.264 -65 67.93 6.408 -64 68.379 5.13 -65 68.93
3 16 6.408 -64 68.379 5.216 -64 69.379 5.13 -65 68.93
5 24 5.13 -65 68.93 6.408 -64 68.379 6.264 -65 67.93 5.216 -64 69.379
3 16 6.408 -64 68.379 6.552 -63 68.812 5.216 -64 69.379
3 16 6.552 -63 68.812 5.296 -63 69.812 5.216 -64 69.379
5 24 5.216 -64 69.379 6.552 -63 68.812 6.408 -64 68.379 5.296 -63 69.812
3 16 6.552 -63 68.812 6.696 -62 69.215 5.296 -63 69.812
3 16 6.696 -62 69.215 5.368 -62 70.215 5.296 -63 69.812
5 24 5.296 -63 69.812 6.696 -62 69.215 6.552 -63 68.812 5.368 -62 70.215
3 16 6.696 -62 69.215 6.84 -61 69.616 5.368 -62 70.215
3 16 6.84 -61 69.616 5.432 -61 70.616 5.368 -62 70.215
5 24 5.368 -62 70.215 6.84 -61 69.616 6.696 -62 69.215 5.432 -61 70.616
3 16 6.84 -61 69.616 6.984 -60 70.076 5.432 -61 70.616
3 16 6.984 -60 70.076 5.49 -60 71.076 5.432 -61 70.616
5 24 5.432 -61 70.616 6.984 -60 70.076 6.84 -61 69.616 5.49 -60 71.076
3 16 6.984 -60 70.076 7.128 -59 70.6 5.49 -60 71.076
3 16 7.128 -59 70.6 5.547 -59 71.6 5.49 -60 71.076
5 24 5.49 -60 71.076 7.128 -59 70.6 6.984 -60 70.076 5.547 -59 71.6
3 16 7.128 -59 70.6 7.272 -58 71.147 5.547 -59 71.6
4 16 5.603 -58 72.147 5.547 -59 71.6 7.272 -58 71.147 7.416 -57 71.649
5 24 5.547 -59 71.6 7.272 -58 71.147 7.128 -59 70.6 5.603 -58 72.147
3 16 5.648 -57 72.649 5.603 -58 72.147 7.416 -57 71.649
5 24 5.603 -58 72.147 7.416 -57 71.649 7.272 -58 71.147 5.648 -57 72.649
3 16 7.56 -56 72.208 5.648 -57 72.649 7.416 -57 71.649
3 16 5.674 -56 73.208 5.648 -57 72.649 7.56 -56 72.208
5 24 5.648 -57 72.649 7.56 -56 72.208 7.416 -57 71.649 5.674 -56 73.208
3 16 7.668 -55 73.011 5.674 -56 73.208 7.56 -56 72.208
3 16 5.67 -55 74.011 5.674 -56 73.208 7.668 -55 73.011
5 24 5.674 -56 73.208 7.668 -55 73.011 7.56 -56 72.208 5.67 -55 74.011
4 16 5.67 -55 74.011 7.668 -55 73.011 7.686 -54 74.037 5.652 -54 75.037
3 16 7.422 -53 75.233 5.652 -54 75.037 7.686 -54 74.037
3 16 5.938 -53 76.233 5.652 -54 75.037 7.422 -53 75.233
5 24 5.652 -54 75.037 7.422 -53 75.233 7.686 -54 74.037 5.938 -53 76.233
3 16 6.21 -52 78.6 5.938 -53 76.233 7.422 -53 75.233
0 // outer to middle groove
3 16 2.39 -84 51.848 2.029 -85 52.616 2.132 -85 49.897
4 16 2.264 -84 54.537 2.029 -85 52.616 2.39 -84 51.848 2.638 -83 53.502
5 24 2.029 -85 52.616 2.39 -84 51.848 2.132 -85 49.897 2.264 -84 54.537
4 16 2.5 -83 55.939 2.264 -84 54.537 2.638 -83 53.502 2.887 -82 54.856
5 24 2.264 -84 54.537 2.638 -83 53.502 2.39 -84 51.848 2.5 -83 55.939
4 16 2.735 -82 57.153 2.5 -83 55.939 2.887 -82 54.856 3.135 -81 56.035
5 24 2.5 -83 55.939 2.887 -82 54.856 2.638 -83 53.502 2.735 -82 57.153
4 16 2.97 -81 58.2 2.735 -82 57.153 3.135 -81 56.035 3.382 -80 57.176
5 24 2.735 -82 57.153 3.135 -81 56.035 2.887 -82 54.856 2.97 -81 58.2
3 16 2.97 -81 58.2 3.382 -80 57.176 3.204 -80 59.164
5 24 2.97 -81 58.2 3.382 -80 57.176 3.135 -81 56.035 3.204 -80 59.164
3 16 3.204 -80 59.164 3.382 -80 57.176 3.629 -79 58.223
4 16 3.438 -79 60.034 3.204 -80 59.164 3.629 -79 58.223 3.876 -78 59.124
5 24 3.204 -80 59.164 3.629 -79 58.223 3.382 -80 57.176 3.438 -79 60.034
4 16 3.672 -78 60.827 3.438 -79 60.034 3.876 -78 59.124 4.123 -77 59.863
5 24 3.438 -79 60.034 3.876 -78 59.124 3.629 -79 58.223 3.672 -78 60.827
3 16 3.906 -77 61.523 3.672 -78 60.827 4.123 -77 59.863
5 24 3.672 -78 60.827 4.123 -77 59.863 3.876 -78 59.124 3.906 -77 61.523
4 16 3.906 -77 61.523 4.123 -77 59.863 4.37 -76 60.499 4.14 -76 62.2
4 16 4.14 -76 62.2 4.37 -76 60.499 4.598 -75 61.122 4.356 -75 62.86
4 16 4.356 -75 62.86 4.598 -75 61.122 4.826 -74 61.687 4.572 -74 63.489
4 16 4.572 -74 63.489 4.826 -74 61.687 5.054 -73 62.196 4.788 -73 64.09
4 16 4.788 -73 64.09 5.054 -73 62.196 5.282 -72 62.7 5.004 -72 64.666
4 16 5.004 -72 64.666 5.282 -72 62.7 5.51 -71 63.185 5.22 -71 65.217
4 16 5.22 -71 65.217 5.51 -71 63.185 5.7 -70 63.644 5.4 -70 65.735
4 16 5.4 -70 65.735 5.7 -70 63.644 5.89 -69 64.079 5.58 -69 66.21
4 16 5.58 -69 66.21 5.89 -69 64.079 6.08 -68 64.503 5.76 -68 66.645
4 16 5.76 -68 66.645 6.08 -68 64.503 6.27 -67 64.918 5.94 -67 67.061
4 16 5.94 -67 67.061 6.27 -67 64.918 6.46 -66 65.319 6.12 -66 67.488
4 16 6.12 -66 67.488 6.46 -66 65.319 6.612 -65 65.692 6.264 -65 67.93
4 16 6.264 -65 67.93 6.612 -65 65.692 6.764 -64 66.035 6.408 -64 68.379
4 16 6.408 -64 68.379 6.764 -64 66.035 6.916 -63 66.382 6.552 -63 68.812
4 16 6.552 -63 68.812 6.916 -63 66.382 7.068 -62 66.76 6.696 -62 69.215
4 16 6.696 -62 69.215 7.068 -62 66.76 7.22 -61 67.162 6.84 -61 69.616
4 16 6.84 -61 69.616 7.22 -61 67.162 7.372 -60 67.545 6.984 -60 70.076
3 16 7.524 -59 67.889 6.984 -60 70.076 7.372 -60 67.545
3 16 7.128 -59 70.6 6.984 -60 70.076 7.524 -59 67.889
5 24 6.984 -60 70.076 7.524 -59 67.889 7.372 -60 67.545 7.128 -59 70.6
4 16 7.128 -59 70.6 7.524 -59 67.889 7.676 -58 68.303 7.272 -58 71.147
3 16 7.828 -57 68.87 7.272 -58 71.147 7.676 -58 68.303
3 16 7.416 -57 71.649 7.272 -58 71.147 7.828 -57 68.87
5 24 7.272 -58 71.147 7.828 -57 68.87 7.676 -58 68.303 7.416 -57 71.649
3 16 7.98 -56 69.549 7.416 -57 71.649 7.828 -57 68.87
3 16 7.56 -56 72.208 7.416 -57 71.649 7.98 -56 69.549
5 24 7.416 -57 71.649 7.98 -56 69.549 7.828 -57 68.87 7.56 -56 72.208
4 16 7.56 -56 72.208 7.98 -56 69.549 8.094 -55 70.284 7.668 -55 73.011
3 16 8.113 -54 71.166 7.668 -55 73.011 8.094 -55 70.284
4 16 7.686 -54 74.037 7.668 -55 73.011 8.113 -54 71.166 8.132 -53 72.256
5 24 7.668 -55 73.011 8.113 -54 71.166 8.094 -55 70.284 7.686 -54 74.037
3 16 7.686 -54 74.037 8.132 -53 72.256 7.422 -53 75.233
5 24 7.686 -54 74.037 8.132 -53 72.256 8.113 -54 71.166 7.422 -53 75.233
3 16 7.422 -53 75.233 8.132 -53 72.256 8.151 -52 73.513
3 16 7.422 -53 75.233 8.151 -52 73.513 7.614 -51 76.973
3 16 8.151 -52 73.513 8.037 -51 75.058 7.614 -51 76.973
3 16 7.614 -51 76.973 6.21 -52 78.6 7.422 -53 75.233
0 // middle groove outer side
3 16 2.132 -85 49.897 1.912 -84 50.848 2.39 -84 51.848
3 16 2.39 -84 51.848 1.912 -84 50.848 2.111 -83 52.502
3 16 2.39 -84 51.848 2.111 -83 52.502 2.638 -83 53.502
5 24 2.39 -84 51.848 2.111 -83 52.502 1.912 -84 50.848 2.638 -83 53.502
3 16 2.638 -83 53.502 2.111 -83 52.502 2.309 -82 53.856
3 16 2.638 -83 53.502 2.309 -82 53.856 2.887 -82 54.856
5 24 2.638 -83 53.502 2.309 -82 53.856 2.111 -83 52.502 2.887 -82 54.856
3 16 2.887 -82 54.856 2.309 -82 53.856 2.508 -81 55.035
3 16 2.887 -82 54.856 2.508 -81 55.035 3.135 -81 56.035
5 24 2.887 -82 54.856 2.508 -81 55.035 2.309 -82 53.856 3.135 -81 56.035
3 16 3.135 -81 56.035 2.508 -81 55.035 2.706 -80 56.176
3 16 3.135 -81 56.035 2.706 -80 56.176 3.382 -80 57.176
5 24 3.135 -81 56.035 2.706 -80 56.176 2.508 -81 55.035 3.382 -80 57.176
3 16 3.382 -80 57.176 2.706 -80 56.176 2.903 -79 57.223
3 16 3.382 -80 57.176 2.903 -79 57.223 3.629 -79 58.223
5 24 3.382 -80 57.176 2.903 -79 57.223 2.706 -80 56.176 3.629 -79 58.223
3 16 3.629 -79 58.223 2.903 -79 57.223 3.101 -78 58.124
3 16 3.629 -79 58.223 3.101 -78 58.124 3.876 -78 59.124
5 24 3.629 -79 58.223 3.101 -78 58.124 2.903 -79 57.223 3.876 -78 59.124
3 16 3.876 -78 59.124 3.101 -78 58.124 3.298 -77 58.863
3 16 3.876 -78 59.124 3.298 -77 58.863 4.123 -77 59.863
5 24 3.876 -78 59.124 3.298 -77 58.863 3.101 -78 58.124 4.123 -77 59.863
3 16 4.123 -77 59.863 3.298 -77 58.863 3.496 -76 59.499
3 16 4.123 -77 59.863 3.496 -76 59.499 4.37 -76 60.499
5 24 4.123 -77 59.863 3.496 -76 59.499 3.298 -77 58.863 4.37 -76 60.499
3 16 4.37 -76 60.499 3.496 -76 59.499 3.678 -75 60.122
4 16 4.598 -75 61.122 4.37 -76 60.499 3.678 -75 60.122 3.861 -74 60.687
5 24 4.37 -76 60.499 3.678 -75 60.122 3.496 -76 59.499 4.598 -75 61.122
4 16 4.826 -74 61.687 4.598 -75 61.122 3.861 -74 60.687 4.043 -73 61.196
5 24 4.598 -75 61.122 3.861 -74 60.687 3.678 -75 60.122 4.826 -74 61.687
3 16 5.054 -73 62.196 4.826 -74 61.687 4.043 -73 61.196
5 24 4.826 -74 61.687 4.043 -73 61.196 3.861 -74 60.687 5.054 -73 62.196
3 16 4.226 -72 61.7 5.054 -73 62.196 4.043 -73 61.196
3 16 5.282 -72 62.7 5.054 -73 62.196 4.226 -72 61.7
5 24 5.054 -73 62.196 4.226 -72 61.7 4.043 -73 61.196 5.282 -72 62.7
3 16 4.408 -71 62.185 5.282 -72 62.7 4.226 -72 61.7
3 16 5.51 -71 63.185 5.282 -72 62.7 4.408 -71 62.185
5 24 5.282 -72 62.7 4.408 -71 62.185 4.226 -72 61.7 5.51 -71 63.185
3 16 4.56 -70 62.644 5.51 -71 63.185 4.408 -71 62.185
4 16 5.7 -70 63.644 5.51 -71 63.185 4.56 -70 62.644 4.712 -69 63.079
5 24 5.51 -71 63.185 4.56 -70 62.644 4.408 -71 62.185 5.7 -70 63.644
3 16 5.7 -70 63.644 4.712 -69 63.079 5.89 -69 64.079
5 24 5.7 -70 63.644 4.712 -69 63.079 4.56 -70 62.644 5.89 -69 64.079
3 16 5.89 -69 64.079 4.712 -69 63.079 4.864 -68 63.503
3 16 5.89 -69 64.079 4.864 -68 63.503 6.08 -68 64.503
5 24 5.89 -69 64.079 4.864 -68 63.503 4.712 -69 63.079 6.08 -68 64.503
3 16 6.08 -68 64.503 4.864 -68 63.503 5.016 -67 63.918
4 16 6.27 -67 64.918 6.08 -68 64.503 5.016 -67 63.918 5.168 -66 64.319
5 24 6.08 -68 64.503 5.016 -67 63.918 4.864 -68 63.503 6.27 -67 64.918
3 16 5.168 -66 64.319 6.46 -66 65.319 6.27 -67 64.918
5 24 6.27 -67 64.918 5.168 -66 64.319 5.016 -67 63.918 6.46 -66 65.319
3 16 5.168 -66 64.319 5.29 -65 64.692 6.46 -66 65.319
4 16 6.612 -65 65.692 6.46 -66 65.319 5.29 -65 64.692 5.411 -64 65.035
5 24 6.46 -66 65.319 5.29 -65 64.692 5.168 -66 64.319 6.612 -65 65.692
3 16 6.764 -64 66.035 6.612 -65 65.692 5.411 -64 65.035
5 24 6.612 -65 65.692 5.411 -64 65.035 5.29 -65 64.692 6.764 -64 66.035
3 16 5.533 -63 65.382 6.764 -64 66.035 5.411 -64 65.035
3 16 6.916 -63 66.382 6.764 -64 66.035 5.533 -63 65.382
5 24 6.764 -64 66.035 5.533 -63 65.382 5.411 -64 65.035 6.916 -63 66.382
3 16 5.654 -62 65.76 6.916 -63 66.382 5.533 -63 65.382
3 16 7.068 -62 66.76 6.916 -63 66.382 5.654 -62 65.76
5 24 6.916 -63 66.382 5.654 -62 65.76 5.533 -63 65.382 7.068 -62 66.76
3 16 5.776 -61 66.162 7.068 -62 66.76 5.654 -62 65.76
4 16 7.22 -61 67.162 7.068 -62 66.76 5.776 -61 66.162 5.898 -60 66.545
5 24 7.068 -62 66.76 5.776 -61 66.162 5.654 -62 65.76 7.22 -61 67.162
3 16 7.22 -61 67.162 5.898 -60 66.545 7.372 -60 67.545
5 24 7.22 -61 67.162 5.898 -60 66.545 5.776 -61 66.162 7.372 -60 67.545
3 16 7.372 -60 67.545 5.898 -60 66.545 6.019 -59 66.889
3 16 7.372 -60 67.545 6.019 -59 66.889 7.524 -59 67.889
5 24 7.372 -60 67.545 6.019 -59 66.889 5.898 -60 66.545 7.524 -59 67.889
3 16 7.524 -59 67.889 6.019 -59 66.889 6.141 -58 67.303
3 16 7.524 -59 67.889 6.141 -58 67.303 7.676 -58 68.303
5 24 7.524 -59 67.889 6.141 -58 67.303 6.019 -59 66.889 7.676 -58 68.303
3 16 7.676 -58 68.303 6.141 -58 67.303 6.262 -57 67.87
3 16 7.676 -58 68.303 6.262 -57 67.87 7.828 -57 68.87
5 24 7.676 -58 68.303 6.262 -57 67.87 6.141 -58 67.303 7.828 -57 68.87
3 16 7.828 -57 68.87 6.262 -57 67.87 6.384 -56 68.549
3 16 7.828 -57 68.87 6.384 -56 68.549 7.98 -56 69.549
5 24 7.828 -57 68.87 6.384 -56 68.549 6.262 -57 67.87 7.98 -56 69.549
4 16 7.98 -56 69.549 6.384 -56 68.549 6.475 -55 69.284 8.094 -55 70.284
4 16 8.094 -55 70.284 6.475 -55 69.284 6.49 -54 70.166 8.113 -54 71.166
3 16 8.113 -54 71.166 6.49 -54 70.166 6.677 -53 71.256
3 16 8.113 -54 71.166 6.677 -53 71.256 8.132 -53 72.256
5 24 8.113 -54 71.166 6.677 -53 71.256 6.49 -54 70.166 8.132 -53 72.256
3 16 8.132 -53 72.256 6.677 -53 71.256 7.452 -52 73.013
3 16 8.132 -53 72.256 7.452 -52 73.013 8.151 -52 73.513
5 24 8.132 -53 72.256 7.452 -52 73.013 6.677 -53 71.256 8.151 -52 73.513
3 16 8.151 -52 73.513 7.452 -52 73.013 8.037 -51 75.058
0 // middle groove inner side
4 16 2.111 -83 52.502 1.912 -84 50.848 2.574 -83 51.679 3.039 -82 52.856
3 16 3.039 -82 52.856 2.309 -82 53.856 2.111 -83 52.502
5 24 2.111 -83 52.502 3.039 -82 52.856 2.574 -83 51.679 2.309 -82 53.856
3 16 3.039 -82 52.856 3.3 -81 54.035 2.309 -82 53.856
3 16 3.3 -81 54.035 2.508 -81 55.035 2.309 -82 53.856
5 24 2.309 -82 53.856 3.3 -81 54.035 3.039 -82 52.856 2.508 -81 55.035
3 16 3.3 -81 54.035 3.56 -80 55.176 2.508 -81 55.035
4 16 2.706 -80 56.176 2.508 -81 55.035 3.56 -80 55.176 3.82 -79 56.223
5 24 2.508 -81 55.035 3.56 -80 55.176 3.3 -81 54.035 2.706 -80 56.176
3 16 2.903 -79 57.223 2.706 -80 56.176 3.82 -79 56.223
5 24 2.706 -80 56.176 3.82 -79 56.223 3.56 -80 55.176 2.903 -79 57.223
3 16 4.08 -78 57.124 2.903 -79 57.223 3.82 -79 56.223
3 16 3.101 -78 58.124 2.903 -79 57.223 4.08 -78 57.124
5 24 2.903 -79 57.223 4.08 -78 57.124 3.82 -79 56.223 3.101 -78 58.124
3 16 4.34 -77 57.863 3.101 -78 58.124 4.08 -78 57.124
3 16 3.298 -77 58.863 3.101 -78 58.124 4.34 -77 57.863
5 24 3.101 -78 58.124 4.34 -77 57.863 4.08 -78 57.124 3.298 -77 58.863
3 16 4.6 -76 58.499 3.298 -77 58.863 4.34 -77 57.863
3 16 3.496 -76 59.499 3.298 -77 58.863 4.6 -76 58.499
5 24 3.298 -77 58.863 4.6 -76 58.499 4.34 -77 57.863 3.496 -76 59.499
3 16 4.84 -75 59.122 3.496 -76 59.499 4.6 -76 58.499
4 16 3.678 -75 60.122 3.496 -76 59.499 4.84 -75 59.122 5.08 -74 59.687
5 24 3.496 -76 59.499 4.84 -75 59.122 4.6 -76 58.499 3.678 -75 60.122
4 16 3.861 -74 60.687 3.678 -75 60.122 5.08 -74 59.687 5.32 -73 60.196
5 24 3.678 -75 60.122 5.08 -74 59.687 4.84 -75 59.122 3.861 -74 60.687
3 16 5.32 -73 60.196 4.043 -73 61.196 3.861 -74 60.687
5 24 3.861 -74 60.687 5.32 -73 60.196 5.08 -74 59.687 4.043 -73 61.196
3 16 5.32 -73 60.196 5.56 -72 60.7 4.043 -73 61.196
3 16 5.56 -72 60.7 4.226 -72 61.7 4.043 -73 61.196
5 24 4.043 -73 61.196 5.56 -72 60.7 5.32 -73 60.196 4.226 -72 61.7
3 16 5.56 -72 60.7 5.8 -71 61.185 4.226 -72 61.7
4 16 4.408 -71 62.185 4.226 -72 61.7 5.8 -71 61.185 6 -70 61.644
5 24 4.226 -72 61.7 5.8 -71 61.185 5.56 -72 60.7 4.408 -71 62.185
4 16 4.56 -70 62.644 4.408 -71 62.185 6 -70 61.644 6.2 -69 62.079
5 24 4.408 -71 62.185 6 -70 61.644 5.8 -71 61.185 4.56 -70 62.644
3 16 4.56 -70 62.644 6.2 -69 62.079 4.712 -69 63.079
5 24 4.56 -70 62.644 6.2 -69 62.079 6 -70 61.644 4.712 -69 63.079
3 16 4.712 -69 63.079 6.2 -69 62.079 6.4 -68 62.503
3 16 4.712 -69 63.079 6.4 -68 62.503 4.864 -68 63.503
5 24 4.712 -69 63.079 6.4 -68 62.503 6.2 -69 62.079 4.864 -68 63.503
3 16 4.864 -68 63.503 6.4 -68 62.503 6.6 -67 62.918
4 16 5.016 -67 63.918 4.864 -68 63.503 6.6 -67 62.918 6.8 -66 63.319
5 24 4.864 -68 63.503 6.6 -67 62.918 6.4 -68 62.503 5.016 -67 63.918
3 16 6.8 -66 63.319 5.168 -66 64.319 5.016 -67 63.918
5 24 5.016 -67 63.918 6.8 -66 63.319 6.6 -67 62.918 5.168 -66 64.319
3 16 6.8 -66 63.319 6.96 -65 63.692 5.168 -66 64.319
4 16 5.29 -65 64.692 5.168 -66 64.319 6.96 -65 63.692 7.12 -64 64.035
5 24 5.168 -66 64.319 6.96 -65 63.692 6.8 -66 63.319 5.29 -65 64.692
3 16 5.411 -64 65.035 5.29 -65 64.692 7.12 -64 64.035
5 24 5.29 -65 64.692 7.12 -64 64.035 6.96 -65 63.692 5.411 -64 65.035
3 16 7.28 -63 64.382 5.411 -64 65.035 7.12 -64 64.035
3 16 5.533 -63 65.382 5.411 -64 65.035 7.28 -63 64.382
5 24 5.411 -64 65.035 7.28 -63 64.382 7.12 -64 64.035 5.533 -63 65.382
3 16 7.44 -62 64.76 5.533 -63 65.382 7.28 -63 64.382
3 16 5.654 -62 65.76 5.533 -63 65.382 7.44 -62 64.76
5 24 5.533 -63 65.382 7.44 -62 64.76 7.28 -63 64.382 5.654 -62 65.76
3 16 7.6 -61 65.162 5.654 -62 65.76 7.44 -62 64.76
4 16 5.776 -61 66.162 5.654 -62 65.76 7.6 -61 65.162 7.76 -60 65.545
5 24 5.654 -62 65.76 7.6 -61 65.162 7.44 -62 64.76 5.776 -61 66.162
3 16 5.776 -61 66.162 7.76 -60 65.545 5.898 -60 66.545
5 24 5.776 -61 66.162 7.76 -60 65.545 7.6 -61 65.162 5.898 -60 66.545
3 16 5.898 -60 66.545 7.76 -60 65.545 7.92 -59 65.889
3 16 5.898 -60 66.545 7.92 -59 65.889 6.019 -59 66.889
5 24 5.898 -60 66.545 7.92 -59 65.889 7.76 -60 65.545 6.019 -59 66.889
4 16 6.019 -59 66.889 7.92 -59 65.889 8.08 -58 66.303 6.141 -58 67.303
4 16 6.141 -58 67.303 8.08 -58 66.303 8.24 -57 66.87 6.262 -57 67.87
4 16 6.262 -57 67.87 8.24 -57 66.87 8.4 -56 67.549 6.384 -56 68.549
4 16 6.384 -56 68.549 8.4 -56 67.549 8.52 -55 68.284 6.475 -55 69.284
4 16 6.475 -55 69.284 8.52 -55 68.284 8.54 -54 69.166 6.49 -54 70.166
3 16 8.54 -54 69.166 8.56 -53 70.256 6.49 -54 70.166
3 16 8.56 -53 70.256 6.677 -53 71.256 6.49 -54 70.166
5 24 6.49 -54 70.166 8.56 -53 70.256 8.54 -54 69.166 6.677 -53 71.256
4 16 6.677 -53 71.256 8.56 -53 70.256 8.408 -52 72.513 7.452 -52 73.013
3 16 8.408 -52 72.513 8.037 -51 75.058 7.452 -52 73.013
0 // middle to inner groove
4 16 4.34 -77 57.863 3.897 -77 55.12 4.278 -76 56.495 4.6 -76 58.499
3 16 4.278 -76 56.495 4.589 -75 57.396 4.6 -76 58.499
3 16 4.589 -75 57.396 4.84 -75 59.122 4.6 -76 58.499
5 24 4.6 -76 58.499 4.589 -75 57.396 4.278 -76 56.495 4.84 -75 59.122
3 16 4.589 -75 57.396 4.906 -74 58.2 4.84 -75 59.122
3 16 4.906 -74 58.2 5.08 -74 59.687 4.84 -75 59.122
5 24 4.84 -75 59.122 4.906 -74 58.2 4.589 -75 57.396 5.08 -74 59.687
3 16 4.906 -74 58.2 5.212 -73 58.657 5.08 -74 59.687
3 16 5.212 -73 58.657 5.32 -73 60.196 5.08 -74 59.687
5 24 5.08 -74 59.687 5.212 -73 58.657 4.906 -74 58.2 5.32 -73 60.196
3 16 5.212 -73 58.657 5.498 -72 59.089 5.32 -73 60.196
3 16 5.498 -72 59.089 5.56 -72 60.7 5.32 -73 60.196
5 24 5.32 -73 60.196 5.498 -72 59.089 5.212 -73 58.657 5.56 -72 60.7
3 16 5.498 -72 59.089 5.8 -71 59.542 5.56 -72 60.7
3 16 5.8 -71 59.542 5.8 -71 61.185 5.56 -72 60.7
5 24 5.56 -72 60.7 5.8 -71 59.542 5.498 -72 59.089 5.8 -71 61.185
4 16 5.8 -71 61.185 5.8 -71 59.542 6 -70 59.964 6 -70 61.644
4 16 6 -70 61.644 6 -70 59.964 6.2 -69 60.344 6.2 -69 62.079
4 16 6.2 -69 62.079 6.2 -69 60.344 6.4 -68 60.671 6.4 -68 62.503
4 16 6.4 -68 62.503 6.4 -68 60.671 6.6 -67 60.935 6.6 -67 62.918
4 16 6.6 -67 62.918 6.6 -67 60.935 6.8 -66 61.136 6.8 -66 63.319
4 16 6.8 -66 63.319 6.8 -66 61.136 6.96 -65 61.28 6.96 -65 63.692
4 16 6.96 -65 63.692 6.96 -65 61.28 7.12 -64 61.382 7.12 -64 64.035
4 16 7.12 -64 64.035 7.12 -64 61.382 7.28 -63 61.493 7.28 -63 64.382
4 16 7.28 -63 64.382 7.28 -63 61.493 7.44 -62 61.64 7.44 -62 64.76
4 16 7.44 -62 64.76 7.44 -62 61.64 7.6 -61 61.832 7.6 -61 65.162
4 16 7.6 -61 65.162 7.6 -61 61.832 7.76 -60 62.072 7.76 -60 65.545
4 16 7.76 -60 65.545 7.76 -60 62.072 7.92 -59 62.353 7.92 -59 65.889
4 16 7.92 -59 65.889 7.92 -59 62.353 8.08 -58 62.663 8.08 -58 66.303
4 16 8.08 -58 66.303 8.08 -58 62.663 8.24 -57 62.957 8.24 -57 66.87
4 16 8.24 -57 66.87 8.24 -57 62.957 8.4 -56 63.311 8.4 -56 67.549
4 16 8.4 -56 67.549 8.4 -56 63.311 8.52 -55 63.8 8.52 -55 68.284
4 16 8.52 -55 68.284 8.52 -55 63.8 8.54 -54 64.396 8.54 -54 69.166
4 16 8.54 -54 69.166 8.54 -54 64.396 8.56 -53 65.69 8.56 -53 70.256
3 16 8.56 -53 65.69 8.58 -52 67.094 8.56 -53 70.256
4 16 8.408 -52 72.513 8.56 -53 70.256 8.58 -52 67.094 8.46 -51 68.373
5 24 8.56 -53 70.256 8.58 -52 67.094 8.56 -53 65.69 8.408 -52 72.513
3 16 8.408 -52 72.513 8.46 -51 68.373 8.26 -50 73.12
0 // inner groove outer side
3 16 4.278 -76 56.495 3.897 -77 55.12 3.496 -76 55.495
3 16 3.678 -75 56.396 4.278 -76 56.495 3.496 -76 55.495
3 16 4.589 -75 57.396 4.278 -76 56.495 3.678 -75 56.396
5 24 4.278 -76 56.495 3.678 -75 56.396 3.496 -76 55.495 4.589 -75 57.396
3 16 3.861 -74 57.2 4.589 -75 57.396 3.678 -75 56.396
3 16 4.906 -74 58.2 4.589 -75 57.396 3.861 -74 57.2
5 24 4.589 -75 57.396 3.861 -74 57.2 3.678 -75 56.396 4.906 -74 58.2
3 16 4.043 -73 57.657 4.906 -74 58.2 3.861 -74 57.2
3 16 5.212 -73 58.657 4.906 -74 58.2 4.043 -73 57.657
5 24 4.906 -74 58.2 4.043 -73 57.657 3.861 -74 57.2 5.212 -73 58.657
3 16 4.226 -72 58.089 5.212 -73 58.657 4.043 -73 57.657
3 16 5.498 -72 59.089 5.212 -73 58.657 4.226 -72 58.089
5 24 5.212 -73 58.657 4.226 -72 58.089 4.043 -73 57.657 5.498 -72 59.089
3 16 4.408 -71 58.542 5.498 -72 59.089 4.226 -72 58.089
3 16 5.8 -71 59.542 5.498 -72 59.089 4.408 -71 58.542
5 24 5.498 -72 59.089 4.408 -71 58.542 4.226 -72 58.089 5.8 -71 59.542
3 16 4.56 -70 58.964 5.8 -71 59.542 4.408 -71 58.542
4 16 6 -70 59.964 5.8 -71 59.542 4.56 -70 58.964 4.712 -69 59.344
5 24 5.8 -71 59.542 4.56 -70 58.964 4.408 -71 58.542 6 -70 59.964
3 16 6 -70 59.964 4.712 -69 59.344 6.2 -69 60.344
5 24 6 -70 59.964 4.712 -69 59.344 4.56 -70 58.964 6.2 -69 60.344
3 16 6.2 -69 60.344 4.712 -69 59.344 4.864 -68 59.671
3 16 6.2 -69 60.344 4.864 -68 59.671 6.4 -68 60.671
5 24 6.2 -69 60.344 4.864 -68 59.671 4.712 -69 59.344 6.4 -68 60.671
3 16 6.4 -68 60.671 4.864 -68 59.671 5.016 -67 59.935
3 16 6.4 -68 60.671 5.016 -67 59.935 6.6 -67 60.935
5 24 6.4 -68 60.671 5.016 -67 59.935 4.864 -68 59.671 6.6 -67 60.935
3 16 6.6 -67 60.935 5.016 -67 59.935 5.168 -66 60.136
4 16 6.8 -66 61.136 6.6 -67 60.935 5.168 -66 60.136 5.29 -65 60.28
5 24 6.6 -67 60.935 5.168 -66 60.136 5.016 -67 59.935 6.8 -66 61.136
3 16 5.29 -65 60.28 6.96 -65 61.28 6.8 -66 61.136
5 24 6.8 -66 61.136 5.29 -65 60.28 5.168 -66 60.136 6.96 -65 61.28
3 16 5.29 -65 60.28 5.411 -64 60.382 6.96 -65 61.28
3 16 5.411 -64 60.382 7.12 -64 61.382 6.96 -65 61.28
5 24 6.96 -65 61.28 5.411 -64 60.382 5.29 -65 60.28 7.12 -64 61.382
3 16 5.411 -64 60.382 5.533 -63 60.493 7.12 -64 61.382
3 16 5.533 -63 60.493 7.28 -63 61.493 7.12 -64 61.382
5 24 7.12 -64 61.382 5.533 -63 60.493 5.411 -64 60.382 7.28 -63 61.493
3 16 5.533 -63 60.493 5.654 -62 60.64 7.28 -63 61.493
3 16 5.654 -62 60.64 7.44 -62 61.64 7.28 -63 61.493
5 24 7.28 -63 61.493 5.654 -62 60.64 5.533 -63 60.493 7.44 -62 61.64
3 16 5.654 -62 60.64 5.776 -61 60.832 7.44 -62 61.64
3 16 5.776 -61 60.832 7.6 -61 61.832 7.44 -62 61.64
5 24 7.44 -62 61.64 5.776 -61 60.832 5.654 -62 60.64 7.6 -61 61.832
3 16 5.776 -61 60.832 5.898 -60 61.072 7.6 -61 61.832
3 16 5.898 -60 61.072 7.76 -60 62.072 7.6 -61 61.832
5 24 7.6 -61 61.832 5.898 -60 61.072 5.776 -61 60.832 7.76 -60 62.072
3 16 5.898 -60 61.072 6.019 -59 61.353 7.76 -60 62.072
3 16 6.019 -59 61.353 7.92 -59 62.353 7.76 -60 62.072
5 24 7.76 -60 62.072 6.019 -59 61.353 5.898 -60 61.072 7.92 -59 62.353
3 16 6.019 -59 61.353 6.141 -58 61.663 7.92 -59 62.353
4 16 8.08 -58 62.663 7.92 -59 62.353 6.141 -58 61.663 6.262 -57 61.957
5 24 7.92 -59 62.353 6.141 -58 61.663 6.019 -59 61.353 8.08 -58 62.663
3 16 8.24 -57 62.957 8.08 -58 62.663 6.262 -57 61.957
5 24 8.08 -58 62.663 6.262 -57 61.957 6.141 -58 61.663 8.24 -57 62.957
3 16 6.384 -56 62.311 8.24 -57 62.957 6.262 -57 61.957
3 16 8.4 -56 63.311 8.24 -57 62.957 6.384 -56 62.311
5 24 8.24 -57 62.957 6.384 -56 62.311 6.262 -57 61.957 8.4 -56 63.311
3 16 6.56 -55 62.8 8.4 -56 63.311 6.384 -56 62.311
3 16 8.52 -55 63.8 8.4 -56 63.311 6.56 -55 62.8
5 24 8.4 -56 63.311 6.56 -55 62.8 6.384 -56 62.311 8.52 -55 63.8
3 16 7.003 -54 63.396 8.52 -55 63.8 6.56 -55 62.8
3 16 8.54 -54 64.396 8.52 -55 63.8 7.003 -54 63.396
5 24 8.52 -55 63.8 7.003 -54 63.396 6.56 -55 62.8 8.54 -54 64.396
3 16 7.533 -53 64.69 8.54 -54 64.396 7.003 -54 63.396
3 16 8.56 -53 65.69 8.54 -54 64.396 7.533 -53 64.69
5 24 8.54 -54 64.396 7.533 -53 64.69 7.003 -54 63.396 8.56 -53 65.69
4 16 8.56 -53 65.69 7.533 -53 64.69 8.065 -52 66.594 8.58 -52 67.094
3 16 8.46 -51 68.373 8.58 -52 67.094 8.065 -52 66.594
0 // inner groove inner side
3 16 3.678 -75 56.396 3.496 -76 55.495 4.338 -75 55.822
3 16 4.733 -74 56.2 3.678 -75 56.396 4.338 -75 55.822
3 16 3.861 -74 57.2 3.678 -75 56.396 4.733 -74 56.2
5 24 3.678 -75 56.396 4.733 -74 56.2 4.338 -75 55.822 3.861 -74 57.2
3 16 5.05 -73 56.657 3.861 -74 57.2 4.733 -74 56.2
3 16 4.043 -73 57.657 3.861 -74 57.2 5.05 -73 56.657
5 24 3.861 -74 57.2 5.05 -73 56.657 4.733 -74 56.2 4.043 -73 57.657
3 16 5.373 -72 57.089 4.043 -73 57.657 5.05 -73 56.657
3 16 4.226 -72 58.089 4.043 -73 57.657 5.373 -72 57.089
5 24 4.043 -73 57.657 5.373 -72 57.089 5.05 -73 56.657 4.226 -72 58.089
3 16 5.638 -71 57.542 4.226 -72 58.089 5.373 -72 57.089
3 16 4.408 -71 58.542 4.226 -72 58.089 5.638 -71 57.542
5 24 4.226 -72 58.089 5.638 -71 57.542 5.373 -72 57.089 4.408 -71 58.542
3 16 5.884 -70 57.964 4.408 -71 58.542 5.638 -71 57.542
3 16 4.56 -70 58.964 4.408 -71 58.542 5.884 -70 57.964
5 24 4.408 -71 58.542 5.884 -70 57.964 5.638 -71 57.542 4.56 -70 58.964
3 16 6.2 -69 58.344 4.56 -70 58.964 5.884 -70 57.964
3 16 4.712 -69 59.344 4.56 -70 58.964 6.2 -69 58.344
5 24 4.56 -70 58.964 6.2 -69 58.344 5.884 -70 57.964 4.712 -69 59.344
3 16 6.4 -68 58.671 4.712 -69 59.344 6.2 -69 58.344
3 16 4.864 -68 59.671 4.712 -69 59.344 6.4 -68 58.671
5 24 4.712 -69 59.344 6.4 -68 58.671 6.2 -69 58.344 4.864 -68 59.671
3 16 5.016 -67 59.935 4.864 -68 59.671 6.4 -68 58.671
3 16 5.016 -67 59.935 6.4 -68 58.671 6.6 -67 58.935
5 24 6.4 -68 58.671 5.016 -67 59.935 4.864 -68 59.671 6.6 -67 58.935
3 16 5.168 -66 60.136 5.016 -67 59.935 6.6 -67 58.935
3 16 5.168 -66 60.136 6.6 -67 58.935 6.8 -66 59.136
5 24 6.6 -67 58.935 5.168 -66 60.136 5.016 -67 59.935 6.8 -66 59.136
3 16 5.29 -65 60.28 5.168 -66 60.136 6.8 -66 59.136
3 16 5.29 -65 60.28 6.8 -66 59.136 6.96 -65 59.28
5 24 6.8 -66 59.136 5.29 -65 60.28 5.168 -66 60.136 6.96 -65 59.28
3 16 5.411 -64 60.382 5.29 -65 60.28 6.96 -65 59.28
4 16 5.411 -64 60.382 6.96 -65 59.28 7.12 -64 59.382 5.533 -63 60.493
5 24 6.96 -65 59.28 5.411 -64 60.382 5.29 -65 60.28 7.12 -64 59.382
4 16 5.533 -63 60.493 7.12 -64 59.382 7.28 -63 59.493 5.654 -62 60.64
5 24 7.12 -64 59.382 5.533 -63 60.493 5.411 -64 60.382 7.28 -63 59.493
3 16 7.44 -62 59.64 5.654 -62 60.64 7.28 -63 59.493
5 24 7.28 -63 59.493 5.654 -62 60.64 5.533 -63 60.493 7.44 -62 59.64
3 16 7.44 -62 59.64 5.776 -61 60.832 5.654 -62 60.64
3 16 7.6 -61 59.832 5.776 -61 60.832 7.44 -62 59.64
5 24 7.44 -62 59.64 5.776 -61 60.832 5.654 -62 60.64 7.6 -61 59.832
3 16 7.6 -61 59.832 5.898 -60 61.072 5.776 -61 60.832
3 16 7.76 -60 60.072 5.898 -60 61.072 7.6 -61 59.832
5 24 7.6 -61 59.832 5.898 -60 61.072 5.776 -61 60.832 7.76 -60 60.072
3 16 7.76 -60 60.072 7.92 -59 60.353 5.898 -60 61.072
3 16 7.92 -59 60.353 6.019 -59 61.353 5.898 -60 61.072
5 24 5.898 -60 61.072 7.92 -59 60.353 7.76 -60 60.072 6.019 -59 61.353
3 16 7.92 -59 60.353 8.08 -58 60.663 6.019 -59 61.353
4 16 6.141 -58 61.663 6.019 -59 61.353 8.08 -58 60.663 8.24 -57 60.957
5 24 6.019 -59 61.353 8.08 -58 60.663 7.92 -59 60.353 6.141 -58 61.663
3 16 6.262 -57 61.957 6.141 -58 61.663 8.24 -57 60.957
5 24 6.141 -58 61.663 8.24 -57 60.957 8.08 -58 60.663 6.262 -57 61.957
4 16 6.262 -57 61.957 8.24 -57 60.957 8.4 -56 61.311 6.384 -56 62.311
3 16 6.384 -56 62.311 8.4 -56 61.311 8.52 -55 61.8
3 16 6.384 -56 62.311 8.52 -55 61.8 6.56 -55 62.8
5 24 6.384 -56 62.311 8.52 -55 61.8 8.4 -56 61.311 6.56 -55 62.8
3 16 6.56 -55 62.8 8.52 -55 61.8 8.54 -54 62.396
3 16 6.56 -55 62.8 8.54 -54 62.396 7.003 -54 63.396
5 24 6.56 -55 62.8 8.54 -54 62.396 8.52 -55 61.8 7.003 -54 63.396
3 16 7.003 -54 63.396 8.54 -54 62.396 8.56 -53 63.69
3 16 7.003 -54 63.396 8.56 -53 63.69 7.533 -53 64.69
5 24 7.003 -54 63.396 8.56 -53 63.69 8.54 -54 62.396 7.533 -53 64.69
4 16 7.533 -53 64.69 8.56 -53 63.69 8.58 -52 66.094 8.065 -52 66.594
3 16 8.065 -52 66.594 8.58 -52 66.094 8.46 -51 68.373
0 // inner groove to inside upper plane
3 16 4.338 -75 55.822 4.715 -74 56.153 4.733 -74 56.2
3 16 4.733 -74 56.2 4.715 -74 56.153 5.023 -73 56.503
3 16 4.733 -74 56.2 5.023 -73 56.503 5.05 -73 56.657
5 24 4.733 -74 56.2 5.023 -73 56.503 4.715 -74 56.153 5.05 -73 56.657
3 16 5.05 -73 56.657 5.023 -73 56.503 5.336 -72 56.82
3 16 5.05 -73 56.657 5.336 -72 56.82 5.373 -72 57.089
5 24 5.05 -73 56.657 5.336 -72 56.82 5.023 -73 56.503 5.373 -72 57.089
3 16 5.373 -72 57.089 5.336 -72 56.82 5.573 -71 57.128
3 16 5.373 -72 57.089 5.573 -71 57.128 5.638 -71 57.542
5 24 5.373 -72 57.089 5.573 -71 57.128 5.336 -72 56.82 5.638 -71 57.542
4 16 5.638 -71 57.542 5.573 -71 57.128 5.791 -70 57.402 5.884 -70 57.964
3 16 5.884 -70 57.964 5.791 -70 57.402 6.07 -69 57.637
3 16 5.884 -70 57.964 6.07 -69 57.637 6.2 -69 58.344
5 24 5.884 -70 57.964 6.07 -69 57.637 5.791 -70 57.402 6.2 -69 58.344
4 16 6.2 -69 58.344 6.07 -69 57.637 6.242 -68 57.827 6.4 -68 58.671
4 16 6.4 -68 58.671 6.242 -68 57.827 6.411 -67 57.968 6.6 -67 58.935
4 16 6.6 -67 58.935 6.411 -67 57.968 6.578 -66 58.059 6.8 -66 59.136
4 16 6.8 -66 59.136 6.578 -66 58.059 6.706 -65 58.105 6.96 -65 59.28
3 16 6.96 -65 59.28 6.706 -65 58.105 6.831 -64 58.112
3 16 6.96 -65 59.28 6.831 -64 58.112 7.12 -64 59.382
5 24 6.96 -65 59.28 6.831 -64 58.112 6.706 -65 58.105 7.12 -64 59.382
4 16 7.12 -64 59.382 6.831 -64 58.112 6.952 -63 58.106 7.28 -63 59.493
4 16 7.28 -63 59.493 6.952 -63 58.106 7.069 -62 58.101 7.44 -62 59.64
4 16 7.44 -62 59.64 7.069 -62 58.101 7.18 -61 58.101 7.6 -61 59.832
4 16 7.6 -61 59.832 7.18 -61 58.101 7.284 -60 58.105 7.76 -60 60.072
4 16 7.76 -60 60.072 7.284 -60 58.105 7.377 -59 58.111 7.92 -59 60.353
4 16 7.92 -59 60.353 7.377 -59 58.111 7.452 -58 58.113 8.08 -58 60.663
3 16 8.08 -58 60.663 7.452 -58 58.113 7.416 -57 58.087
3 16 8.08 -58 60.663 7.416 -57 58.087 8.24 -57 60.957
5 24 8.08 -58 60.663 7.416 -57 58.087 7.452 -58 58.113 8.24 -57 60.957
4 16 8.24 -57 60.957 7.416 -57 58.087 7.56 -56 58.39 8.4 -56 61.311
4 16 8.4 -56 61.311 7.56 -56 58.39 7.668 -55 58.788 8.52 -55 61.8
3 16 8.52 -55 61.8 7.668 -55 58.788 7.686 -54 59.266
3 16 8.52 -55 61.8 7.686 -54 59.266 8.54 -54 62.396
5 24 8.52 -55 61.8 7.686 -54 59.266 7.668 -55 58.788 8.54 -54 62.396
3 16 8.54 -54 62.396 7.686 -54 59.266 7.704 -53 60.122
3 16 8.54 -54 62.396 7.704 -53 60.122 8.56 -53 63.69
5 24 8.54 -54 62.396 7.704 -53 60.122 7.686 -54 59.266 8.56 -53 63.69
3 16 8.56 -53 63.69 7.704 -53 60.122 7.722 -52 61.066
3 16 8.56 -53 63.69 7.722 -52 61.066 8.58 -52 66.094
5 24 8.56 -53 63.69 7.722 -52 61.066 7.704 -53 60.122 8.58 -52 66.094
3 16 8.58 -52 66.094 7.722 -52 61.066 7.614 -51 61.984
3 16 8.58 -52 66.094 7.614 -51 61.984 8.26 -50 66.435
0 // inner groove to inside middle plane
3 16 4.338 -75 55.822 4.68 -74 56.135 4.715 -74 56.153
3 16 4.715 -74 56.153 4.68 -74 56.135 4.969 -73 56.442
3 16 4.715 -74 56.153 4.969 -73 56.442 5.023 -73 56.503
5 24 4.715 -74 56.153 4.969 -73 56.442 4.68 -74 56.135 5.023 -73 56.503
3 16 5.023 -73 56.503 4.969 -73 56.442 5.261 -72 56.713
3 16 5.023 -73 56.503 5.261 -72 56.713 5.336 -72 56.82
5 24 5.023 -73 56.503 5.261 -72 56.713 4.969 -73 56.442 5.336 -72 56.82
3 16 5.336 -72 56.82 5.261 -72 56.713 5.443 -71 56.963
4 16 5.573 -71 57.128 5.336 -72 56.82 5.443 -71 56.963 5.605 -70 57.177
5 24 5.336 -72 56.82 5.443 -71 56.963 5.261 -72 56.713 5.573 -71 57.128
3 16 5.605 -70 57.177 5.791 -70 57.402 5.573 -71 57.128
5 24 5.573 -71 57.128 5.605 -70 57.177 5.443 -71 56.963 5.791 -70 57.402
3 16 5.605 -70 57.177 5.81 -69 57.354 5.791 -70 57.402
3 16 5.81 -69 57.354 6.07 -69 57.637 5.791 -70 57.402
5 24 5.791 -70 57.402 5.81 -69 57.354 5.605 -70 57.177 6.07 -69 57.637
4 16 6.07 -69 57.637 5.81 -69 57.354 5.926 -68 57.489 6.242 -68 57.827
3 16 5.926 -68 57.489 6.034 -67 57.581 6.242 -68 57.827
3 16 6.034 -67 57.581 6.411 -67 57.968 6.242 -68 57.827
5 24 6.242 -68 57.827 6.034 -67 57.581 5.926 -68 57.489 6.411 -67 57.968
3 16 6.034 -67 57.581 6.135 -66 57.629 6.411 -67 57.968
3 16 6.135 -66 57.629 6.578 -66 58.059 6.411 -67 57.968
5 24 6.411 -67 57.968 6.135 -66 57.629 6.034 -67 57.581 6.578 -66 58.059
3 16 6.135 -66 57.629 6.199 -65 57.635 6.578 -66 58.059
3 16 6.199 -65 57.635 6.706 -65 58.105 6.578 -66 58.059
5 24 6.578 -66 58.059 6.199 -65 57.635 6.135 -66 57.629 6.706 -65 58.105
3 16 6.199 -65 57.635 6.253 -64 57.604 6.706 -65 58.105
3 16 6.253 -64 57.604 6.831 -64 58.112 6.706 -65 58.105
5 24 6.706 -65 58.105 6.253 -64 57.604 6.199 -65 57.635 6.831 -64 58.112
3 16 6.253 -64 57.604 6.296 -63 57.552 6.831 -64 58.112
3 16 6.296 -63 57.552 6.952 -63 58.106 6.831 -64 58.112
5 24 6.831 -64 58.112 6.296 -63 57.552 6.253 -64 57.604 6.952 -63 58.106
4 16 6.952 -63 58.106 6.296 -63 57.552 6.326 -62 57.486 7.069 -62 58.101
4 16 7.069 -62 58.101 6.326 -62 57.486 6.34 -61 57.408 7.18 -61 58.101
4 16 7.18 -61 58.101 6.34 -61 57.408 6.332 -60 57.318 7.284 -60 58.105
4 16 7.284 -60 58.105 6.332 -60 57.318 6.292 -59 57.215 7.377 -59 58.111
4 16 7.377 -59 58.111 6.292 -59 57.215 6.196 -58 57.093 7.452 -58 58.113
3 16 6.196 -58 57.093 7.416 -57 58.087 7.452 -58 58.113
3 16 5.768 -57 56.939 7.416 -57 58.087 6.196 -58 57.093
5 24 6.196 -58 57.093 7.416 -57 58.087 7.452 -58 58.113 5.768 -57 56.939
4 16 7.416 -57 58.087 5.768 -57 56.939 5.88 -56 57.222 7.56 -56 58.39
3 16 5.88 -56 57.222 5.964 -55 57.583 7.56 -56 58.39
3 16 5.964 -55 57.583 7.668 -55 58.788 7.56 -56 58.39
5 24 7.56 -56 58.39 5.964 -55 57.583 5.88 -56 57.222 7.668 -55 58.788
3 16 5.964 -55 57.583 5.978 -54 58.014 7.668 -55 58.788
3 16 5.978 -54 58.014 7.686 -54 59.266 7.668 -55 58.788
5 24 7.668 -55 58.788 5.978 -54 58.014 5.964 -55 57.583 7.686 -54 59.266
3 16 5.978 -54 58.014 5.992 -53 58.695 7.686 -54 59.266
3 16 5.992 -53 58.695 7.704 -53 60.122 7.686 -54 59.266
5 24 7.686 -54 59.266 5.992 -53 58.695 5.978 -54 58.014 7.704 -53 60.122
3 16 5.992 -53 58.695 6.006 -52 59.455 7.704 -53 60.122
3 16 6.006 -52 59.455 7.722 -52 61.066 7.704 -53 60.122
5 24 7.704 -53 60.122 6.006 -52 59.455 5.992 -53 58.695 7.722 -52 61.066
3 16 6.006 -52 59.455 5.922 -51 60.228 7.722 -52 61.066
3 16 5.922 -51 60.228 7.614 -51 61.984 7.722 -52 61.066
5 24 7.722 -52 61.066 5.922 -51 60.228 6.006 -52 59.455 7.614 -51 61.984
0 // inner groove to inside lower plane
3 16 4.559 -74 56.107 4.68 -74 56.135 4.338 -75 55.822
3 16 4.559 -74 56.107 4.779 -73 56.349 4.68 -74 56.135
3 16 4.779 -73 56.349 4.969 -73 56.442 4.68 -74 56.135
5 24 4.68 -74 56.135 4.779 -73 56.349 4.559 -74 56.107 4.969 -73 56.442
3 16 4.779 -73 56.349 5 -72 56.551 4.969 -73 56.442
3 16 5 -72 56.551 5.261 -72 56.713 4.969 -73 56.442
5 24 4.969 -73 56.442 5 -72 56.551 4.779 -73 56.349 5.261 -72 56.713
3 16 5 -72 56.551 4.989 -71 56.715 5.261 -72 56.713
3 16 4.989 -71 56.715 5.443 -71 56.963 5.261 -72 56.713
5 24 5.261 -72 56.713 4.989 -71 56.715 5 -72 56.551 5.443 -71 56.963
3 16 4.989 -71 56.715 4.955 -70 56.84 5.443 -71 56.963
3 16 4.955 -70 56.84 5.605 -70 57.177 5.443 -71 56.963
5 24 5.443 -71 56.963 4.955 -70 56.84 4.989 -71 56.715 5.605 -70 57.177
3 16 4.955 -70 56.84 4.899 -69 56.929 5.605 -70 57.177
3 16 4.899 -69 56.929 5.81 -69 57.354 5.605 -70 57.177
5 24 5.605 -70 57.177 4.899 -69 56.929 4.955 -70 56.84 5.81 -69 57.354
4 16 5.81 -69 57.354 4.899 -69 56.929 4.819 -68 56.982 5.926 -68 57.489
3 16 4.819 -68 56.982 4.714 -67 57 5.926 -68 57.489
3 16 4.714 -67 57 6.034 -67 57.581 5.926 -68 57.489
5 24 5.926 -68 57.489 4.714 -67 57 4.819 -68 56.982 6.034 -67 57.581
3 16 4.714 -67 57 6.135 -66 57.629 6.034 -67 57.581
3 16 4.583 -66 56.982 6.135 -66 57.629 4.714 -67 57
5 24 4.714 -67 57 6.135 -66 57.629 6.034 -67 57.581 4.583 -66 56.982
3 16 4.583 -66 56.982 6.199 -65 57.635 6.135 -66 57.629
3 16 4.422 -65 56.93 6.199 -65 57.635 4.583 -66 56.982
5 24 4.583 -66 56.982 6.199 -65 57.635 6.135 -66 57.629 4.422 -65 56.93
3 16 4.422 -65 56.93 6.253 -64 57.604 6.199 -65 57.635
3 16 4.229 -64 56.843 6.253 -64 57.604 4.422 -65 56.93
5 24 4.422 -65 56.93 6.253 -64 57.604 6.199 -65 57.635 4.229 -64 56.843
3 16 4.229 -64 56.843 6.296 -63 57.552 6.253 -64 57.604
3 16 4 -63 56.72 6.296 -63 57.552 4.229 -64 56.843
5 24 4.229 -64 56.843 6.296 -63 57.552 6.253 -64 57.604 4 -63 56.72
3 16 4 -63 56.72 6.326 -62 57.486 6.296 -63 57.552
3 16 3.727 -62 56.562 6.326 -62 57.486 4 -63 56.72
5 24 4 -63 56.72 6.326 -62 57.486 6.296 -63 57.552 3.727 -62 56.562
4 16 6.326 -62 57.486 3.727 -62 56.562 3.399 -61 56.369 6.34 -61 57.408
4 16 6.34 -61 57.408 3.399 -61 56.369 3 -60 56.138 6.332 -60 57.318
4 16 6.332 -60 57.318 3 -60 56.138 2.495 -59 55.869 6.292 -59 57.215
3 16 2.495 -59 55.869 6.196 -58 57.093 6.292 -59 57.215
3 16 1.8 -58 55.562 6.196 -58 57.093 2.495 -59 55.869
5 24 2.495 -59 55.869 6.196 -58 57.093 6.292 -59 57.215 1.8 -58 55.562
3 16 1.8 -58 55.562 5.768 -57 56.939 6.196 -58 57.093
3 16 0 -57 55.217 5.768 -57 56.939 1.8 -58 55.562
5 24 1.8 -58 55.562 5.768 -57 56.939 6.196 -58 57.093 0 -57 55.217
4 16 5.768 -57 56.939 0 -57 55.217 0 -56 55.469 5.88 -56 57.222
3 16 0 -56 55.469 0 -55 55.776 5.88 -56 57.222
3 16 0 -55 55.776 5.964 -55 57.583 5.88 -56 57.222
5 24 5.88 -56 57.222 0 -55 55.776 0 -56 55.469 5.964 -55 57.583
3 16 0 -55 55.776 0 -54 56.136 5.964 -55 57.583
4 16 5.978 -54 58.014 5.964 -55 57.583 0 -54 56.136 0 -53 56.555
5 24 5.964 -55 57.583 0 -54 56.136 0 -55 55.776 5.978 -54 58.014
3 16 5.992 -53 58.695 5.978 -54 58.014 0 -53 56.555
5 24 5.978 -54 58.014 0 -53 56.555 0 -54 56.136 5.992 -53 58.695
3 16 0 -52 57.038 5.992 -53 58.695 0 -53 56.555
3 16 6.006 -52 59.455 5.992 -53 58.695 0 -52 57.038
5 24 5.992 -53 58.695 0 -52 57.038 0 -53 56.555 6.006 -52 59.455
3 16 0 -51 57.594 6.006 -52 59.455 0 -52 57.038
3 16 5.922 -51 60.228 6.006 -52 59.455 0 -51 57.594
5 24 6.006 -52 59.455 0 -51 57.594 0 -52 57.038 5.922 -51 60.228
0 // buttock side plane
4 16 0 -89.659 42.802 0 -88.931 44.442 1.3 -89 44.3 0.7 -89.659 42.802
5 24 0 -88.931 44.442 1.3 -89 44.3 0 -89.659 42.802 0 -88.058 46.017
5 24 0 -88.931 44.442 0 -89.659 42.802 1.3 -89 44.3 -1.3 -89 44.3
4 16 1.3 -89 44.3 0 -88.931 44.442 0 -88.058 46.017 1.471 -88 46.112
4 16 1.471 -88 46.112 0 -88.058 46.017 0 -87.046 47.519 1.691 -87 47.582
4 16 1.691 -87 47.582 0 -87.046 47.519 0 -85.9 48.937 1.912 -86 48.822
3 16 2.132 -85 49.897 1.912 -86 48.822 0 -85.9 48.937
3 16 2.132 -85 49.897 0 -85.9 48.937 0 -84.628 50.263
5 24 0 -85.9 48.937 2.132 -85 49.897 1.912 -86 48.822 0 -84.628 50.263
3 16 1.912 -84 50.843 2.132 -85 49.897 0 -84.628 50.263
3 16 0 -83.237 51.489 1.912 -84 50.843 0 -84.628 50.263
3 16 2.574 -83 51.679 1.912 -84 50.843 0 -83.237 51.489
5 24 1.912 -84 50.843 0 -83.237 51.489 0 -84.628 50.263 2.574 -83 51.679
4 16 2.794 -82 52.423 2.574 -83 51.679 0 -83.237 51.489 0 -81.736 52.607
3 16 2.794 -82 52.423 0 -81.736 52.607 3.015 -81 53.091
5 24 2.794 -82 52.423 0 -81.736 52.607 0 -83.237 51.489 3.015 -81 53.091
3 16 3.015 -81 53.091 0 -81.736 52.607 0 -80.135 53.611
3 16 3.015 -81 53.091 0 -80.135 53.611 3.235 -80 53.688
5 24 3.015 -81 53.091 0 -80.135 53.611 0 -81.736 52.607 3.235 -80 53.688
4 16 3.235 -80 53.688 0 -80.135 53.611 0 -78.443 54.493 3.456 -79 54.221
3 16 3.456 -79 54.221 0 -78.443 54.493 3.676 -78 54.698
4 16 3.676 -78 54.698 0 -78.443 54.493 0 -76.671 55.249 3.897 -77 55.12
3 16 3.897 -77 55.12 0 -76.671 55.249 3.496 -76 55.495
3 16 3.496 -76 55.495 0 -76.671 55.249 0 -74.829 55.874
3 16 3.496 -76 55.495 0 -74.829 55.874 4.338 -75 55.822
5 24 3.496 -76 55.495 0 -74.829 55.874 0 -76.671 55.249 4.338 -75 55.822
3 16 4.338 -75 55.822 0 -74.829 55.874 4.559 -74 56.107
3 16 4.559 -74 56.107 0 -74.829 55.874 0 -72.929 56.365
3 16 4.559 -74 56.107 0 -72.929 56.365 4.779 -73 56.349
5 24 4.559 -74 56.107 0 -72.929 56.365 0 -74.829 55.874 4.779 -73 56.349
3 16 4.779 -73 56.349 0 -72.929 56.365 5 -72 56.551
3 16 5 -72 56.551 0 -72.929 56.365 0 -70.983 56.717
3 16 5 -72 56.551 0 -70.983 56.717 4.989 -71 56.715
5 24 5 -72 56.551 0 -70.983 56.717 0 -72.929 56.365 4.989 -71 56.715
3 16 4.989 -71 56.715 0 -70.983 56.717 4.955 -70 56.84
3 16 4.955 -70 56.84 0 -70.983 56.717 0 -69.003 56.929
3 16 4.955 -70 56.84 0 -69.003 56.929 4.899 -69 56.929
5 24 4.955 -70 56.84 0 -69.003 56.929 0 -70.983 56.717 4.899 -69 56.929
3 16 4.899 -69 56.929 0 -69.003 56.929 4.819 -68 56.982
3 16 4.819 -68 56.982 0 -69.003 56.929 0 -67 57
3 16 4.819 -68 56.982 0 -67 57 4.714 -67 57
5 24 4.819 -68 56.982 0 -67 57 0 -69.003 56.929 4.714 -67 57
3 16 4.714 -67 57 0 -67 57 4.583 -66 56.982
4 16 4.422 -65 56.93 4.583 -66 56.982 0 -67 57 0 -64.988 56.929
3 16 0 -64.988 56.929 4.229 -64 56.843 4.422 -65 56.93
3 16 0 -64.988 56.929 4 -63 56.72 4.229 -64 56.843
3 16 0 -62.978 56.717 4 -63 56.72 0 -64.988 56.929
5 24 0 -64.988 56.929 4 -63 56.72 4.229 -64 56.843 0 -62.978 56.717
3 16 0 -62.978 56.717 3.727 -62 56.562 4 -63 56.72
4 16 3.727 -62 56.562 0 -62.978 56.717 0 -60.983 56.365 3.399 -61 56.369
3 16 0 -60.983 56.365 3 -60 56.138 3.399 -61 56.369
3 16 0 -60.983 56.365 2.495 -59 55.869 3 -60 56.138
3 16 0 -59.016 55.874 2.495 -59 55.869 0 -60.983 56.365
5 24 0 -60.983 56.365 2.495 -59 55.869 3 -60 56.138 0 -59.016 55.874
3 16 0 -59.016 55.874 1.8 -58 55.562 2.495 -59 55.869
3 16 0 -57.088 55.249 1.8 -58 55.562 0 -59.016 55.874
5 24 0 -59.016 55.874 1.8 -58 55.562 2.495 -59 55.869 0 -57.088 55.249
3 16 0 -57.088 55.249 0 -57 55.217 1.8 -58 55.562
0 // grooves inner lines to inside plane
3 16 1.691 -87 47.582 1.559 -87 48.367 1.471 -88 46.112
3 16 1.912 -86 48.822 1.559 -87 48.367 1.691 -87 47.582
3 16 1.794 -86 50.665 1.559 -87 48.367 1.912 -86 48.822
5 24 1.912 -86 48.822 1.559 -87 48.367 1.691 -87 47.582 1.794 -86 50.665
3 16 2.132 -85 49.897 1.794 -86 50.665 1.912 -86 48.822
3 16 2.029 -85 52.616 1.794 -86 50.665 2.132 -85 49.897
5 24 2.132 -85 49.897 1.794 -86 50.665 1.912 -86 48.822 2.029 -85 52.616
3 16 2.794 -82 52.423 3.039 -82 52.856 2.574 -83 51.679
3 16 3.015 -81 53.091 3.039 -82 52.856 2.794 -82 52.423
3 16 3.3 -81 54.035 3.039 -82 52.856 3.015 -81 53.091
5 24 3.015 -81 53.091 3.039 -82 52.856 2.794 -82 52.423 3.3 -81 54.035
3 16 3.235 -80 53.688 3.3 -81 54.035 3.015 -81 53.091
3 16 3.56 -80 55.176 3.3 -81 54.035 3.235 -80 53.688
5 24 3.235 -80 53.688 3.3 -81 54.035 3.015 -81 53.091 3.56 -80 55.176
3 16 3.456 -79 54.221 3.56 -80 55.176 3.235 -80 53.688
3 16 3.82 -79 56.223 3.56 -80 55.176 3.456 -79 54.221
5 24 3.456 -79 54.221 3.56 -80 55.176 3.235 -80 53.688 3.82 -79 56.223
3 16 3.676 -78 54.698 3.82 -79 56.223 3.456 -79 54.221
3 16 4.08 -78 57.124 3.82 -79 56.223 3.676 -78 54.698
5 24 3.676 -78 54.698 3.82 -79 56.223 3.456 -79 54.221 4.08 -78 57.124
4 16 3.676 -78 54.698 3.897 -77 55.12 4.34 -77 57.863 4.08 -78 57.124
0 // lower tail planes
3 16 6.09 -51 78.973 7.614 -51 76.973 7.434 -50 77.035
3 16 6.09 -51 78.973 7.434 -50 77.035 5.93 -50 79.035
5 24 6.09 -51 78.973 7.434 -50 77.035 7.614 -51 76.973 5.93 -50 79.035
3 16 5.93 -50 79.035 7.434 -50 77.035 6.975 -49 76.992
3 16 5.93 -50 79.035 6.975 -49 76.992 5.53 -49 78.992
5 24 5.93 -50 79.035 6.975 -49 76.992 7.434 -50 77.035 5.53 -49 78.992
3 16 5.53 -49 78.992 6.975 -49 76.992 6.336 -48 76.584
3 16 5.53 -49 78.992 6.336 -48 76.584 4.98 -48 78.584
5 24 5.53 -49 78.992 6.336 -48 76.584 6.975 -49 76.992 4.98 -48 78.584
4 16 4.98 -48 78.584 6.336 -48 76.584 5.4 -47 75.549 4.07 -47 77.549
3 16 4.07 -47 77.549 5.4 -47 75.549 0 -46 76
3 16 4.07 -47 77.549 0 -46 76 0 -46 78
5 24 4.07 -47 77.549 0 -46 76 5.4 -47 75.549 0 -46 78
4 16 7.614 -51 76.973 8.037 -51 75.058 7.847 -50 75.12 7.434 -50 77.035
3 16 7.434 -50 77.035 7.847 -50 75.12 7.363 -49 75.077
3 16 7.434 -50 77.035 7.363 -49 75.077 6.975 -49 76.992
5 24 7.434 -50 77.035 7.363 -49 75.077 7.847 -50 75.12 6.975 -49 76.992
3 16 6.975 -49 76.992 7.363 -49 75.077 6.336 -48 76.584
3 16 7.363 -49 75.077 6.688 -48 74.669 6.336 -48 76.584
5 24 7.363 -49 75.077 6.336 -48 76.584 6.975 -49 76.992 6.688 -48 74.669
3 16 6.336 -48 76.584 6.688 -48 74.669 5.4 -47 75.549
3 16 6.688 -48 74.669 5.7 -47 73.634 5.4 -47 75.549
5 24 6.688 -48 74.669 5.4 -47 75.549 6.336 -48 76.584 5.7 -47 73.634
3 16 5.4 -47 75.549 5.7 -47 73.634 0 -46 74.085
3 16 5.4 -47 75.549 0 -46 74.085 0 -46 76
5 24 5.4 -47 75.549 0 -46 74.085 5.7 -47 73.634 0 -46 76
3 16 8.037 -51 75.058 8.26 -50 73.12 7.847 -50 75.12
3 16 7.847 -50 75.12 8.26 -50 73.12 7.75 -49 73.077
3 16 7.847 -50 75.12 7.75 -49 73.077 7.363 -49 75.077
5 24 7.847 -50 75.12 7.75 -49 73.077 8.26 -50 73.12 7.363 -49 75.077
3 16 7.363 -49 75.077 7.75 -49 73.077 6.688 -48 74.669
3 16 7.75 -49 73.077 7.04 -48 72.669 6.688 -48 74.669
5 24 7.75 -49 73.077 6.688 -48 74.669 7.363 -49 75.077 7.04 -48 72.669
3 16 6.688 -48 74.669 7.04 -48 72.669 5.7 -47 73.634
3 16 7.04 -48 72.669 6 -47 71.634 5.7 -47 73.634
5 24 7.04 -48 72.669 5.7 -47 73.634 6.688 -48 74.669 6 -47 71.634
3 16 5.7 -47 73.634 6 -47 71.634 0 -46 72.085
3 16 5.7 -47 73.634 0 -46 72.085 0 -46 74.085
5 24 5.7 -47 73.634 0 -46 72.085 6 -47 71.634 0 -46 74.085
3 16 8.26 -50 73.12 8.037 -51 75.058 8.408 -52 72.513
3 16 8.46 -51 68.373 8.26 -50 68.435 8.26 -50 73.12
4 16 8.26 -50 73.12 8.26 -50 68.435 7.75 -49 68.392 7.75 -49 73.077
4 16 7.75 -49 73.077 7.75 -49 68.392 7.04 -48 67.984 7.04 -48 72.669
4 16 7.04 -48 72.669 7.04 -48 67.984 6 -47 66.949 6 -47 71.634
4 16 6 -47 71.634 6 -47 66.949 0 -46 67.4 0 -46 72.085
3 16 8.46 -51 68.373 8.26 -50 66.435 8.26 -50 68.435
4 16 8.26 -50 68.435 8.26 -50 66.435 7.75 -49 66.392 7.75 -49 68.392
4 16 7.75 -49 68.392 7.75 -49 66.392 7.04 -48 65.984 7.04 -48 67.984
4 16 7.04 -48 67.984 7.04 -48 65.984 6 -47 64.949 6 -47 66.949
4 16 6 -47 66.949 6 -47 64.949 0 -46 65.4 0 -46 67.4
3 16 8.26 -50 66.435 8.46 -51 68.373 8.58 -52 66.094
3 16 7.614 -51 61.984 7.434 -50 62.338 8.26 -50 66.435
3 16 8.26 -50 66.435 7.434 -50 62.338 6.975 -49 62.699
3 16 8.26 -50 66.435 6.975 -49 62.699 7.75 -49 66.392
5 24 8.26 -50 66.435 6.975 -49 62.699 7.434 -50 62.338 7.75 -49 66.392
3 16 7.75 -49 66.392 6.975 -49 62.699 7.04 -48 65.984
3 16 6.975 -49 62.699 6.336 -48 62.959 7.04 -48 65.984
5 24 6.975 -49 62.699 7.04 -48 65.984 7.75 -49 66.392 6.336 -48 62.959
3 16 7.04 -48 65.984 6.336 -48 62.959 6 -47 64.949
3 16 6.336 -48 62.959 5.4 -47 63.049 6 -47 64.949
5 24 6.336 -48 62.959 6 -47 64.949 7.04 -48 65.984 5.4 -47 63.049
3 16 6 -47 64.949 5.4 -47 63.049 0 -46 65.187
3 16 6 -47 64.949 0 -46 65.187 0 -46 65.4
5 24 6 -47 64.949 0 -46 65.187 5.4 -47 63.049 0 -46 65.4
3 16 7.614 -51 61.984 5.922 -51 60.228 5.782 -50 60.7
3 16 7.614 -51 61.984 5.782 -50 60.7 7.434 -50 62.338
5 24 7.614 -51 61.984 5.782 -50 60.7 5.922 -51 60.228 7.434 -50 62.338
3 16 7.434 -50 62.338 5.782 -50 60.7 5.425 -49 61.221
3 16 7.434 -50 62.338 5.425 -49 61.221 6.975 -49 62.699
5 24 7.434 -50 62.338 5.425 -49 61.221 5.782 -50 60.7 6.975 -49 62.699
3 16 6.975 -49 62.699 5.425 -49 61.221 6.336 -48 62.959
3 16 5.425 -49 61.221 4.928 -48 61.748 6.336 -48 62.959
5 24 5.425 -49 61.221 6.336 -48 62.959 6.975 -49 62.699 4.928 -48 61.748
3 16 6.336 -48 62.959 4.928 -48 61.748 5.4 -47 63.049
3 16 4.928 -48 61.748 4.2 -47 62.289 5.4 -47 63.049
5 24 4.928 -48 61.748 5.4 -47 63.049 6.336 -48 62.959 4.2 -47 62.289
3 16 5.4 -47 63.049 4.2 -47 62.289 0 -46 64.42
3 16 5.4 -47 63.049 0 -46 64.42 0 -46 65.187
5 24 5.4 -47 63.049 0 -46 64.42 4.2 -47 62.289 0 -46 65.187
3 16 0 -50 58.241 5.782 -50 60.7 5.922 -51 60.228
3 16 0 -50 58.241 5.922 -51 60.228 0 -51 57.594
5 24 0 -50 58.241 5.922 -51 60.228 5.782 -50 60.7 0 -51 57.594
3 16 0 -49 59.005 5.425 -49 61.221 5.782 -50 60.7
3 16 0 -49 59.005 5.782 -50 60.7 0 -50 58.241
5 24 0 -49 59.005 5.782 -50 60.7 5.425 -49 61.221 0 -50 58.241
3 16 0 -48 59.933 4.928 -48 61.748 5.425 -49 61.221
3 16 0 -48 59.933 5.425 -49 61.221 0 -49 59.005
5 24 0 -48 59.933 5.425 -49 61.221 4.928 -48 61.748 0 -49 59.005
3 16 0 -47 61.148 4.2 -47 62.289 0 -48 59.933
3 16 4.2 -47 62.289 4.928 -48 61.748 0 -48 59.933
5 24 4.2 -47 62.289 0 -48 59.933 0 -47 61.148 4.928 -48 61.748
3 16 0 -46 64 0 -46 64.42 4.2 -47 62.289
3 16 0 -46 64 4.2 -47 62.289 0 -47 61.148
5 24 0 -46 64 4.2 -47 62.289 0 -46 64.42 0 -47 61.148
0 // top plane
3 16 0 -89 45.97 0 -89.659 42.802 0.91 -89 45.636
3 16 0 -89.659 42.802 0.7 -89.659 42.802 0.91 -89 45.636
5 24 0 -89.659 42.802 0.91 -89 45.636 0 -89 45.97 0.7 -89.659 42.802
3 16 0.91 -89 45.636 0.7 -89.659 42.802 1.17 -89 44.968
3 16 1.17 -89 44.968 0.7 -89.659 42.802 1.3 -89 44.3
0 // Added lines/Condlines
5 24 8.037 -51 75.058 7.614 -51 76.973 8.151 -52 73.513 7.847 -50 75.12
5 24 8.408 -52 72.513 8.46 -51 68.373 8.26 -50 73.12 8.56 -53 70.256
5 24 8.46 -51 68.373 8.26 -50 73.12 8.408 -52 72.513 8.26 -50 68.435
5 24 8.26 -50 73.12 8.037 -51 75.058 8.408 -52 72.513 7.847 -50 75.12
5 24 8.408 -52 72.513 8.26 -50 73.12 8.46 -51 68.373 8.037 -51 75.058
5 24 8.58 -52 66.094 7.614 -51 61.984 8.26 -50 66.435 7.722 -52 61.066
5 24 7.614 -51 61.984 8.26 -50 66.435 8.58 -52 66.094 7.434 -50 62.338
5 24 8.26 -50 66.435 8.46 -51 68.373 8.58 -52 66.094 8.26 -50 68.435
5 24 8.58 -52 66.094 8.26 -50 66.435 7.614 -51 61.984 8.46 -51 68.373
5 24 7.422 -53 75.233 8.151 -52 73.513 7.614 -51 76.973 8.132 -53 72.256
5 24 8.151 -52 73.513 7.614 -51 76.973 7.422 -53 75.233 8.037 -51 75.058
5 24 7.614 -51 76.973 6.21 -52 78.6 7.422 -53 75.233 6.09 -51 78.973
5 24 7.422 -53 75.233 7.614 -51 76.973 8.151 -52 73.513 6.21 -52 78.6
5 24 0 -89 45.97 0.91 -89 45.636 0.975 -88 49.478 0 -89.659 42.802
5 24 0.91 -89 45.636 0.975 -88 49.478 0 -89 45.97 1.254 -88 48.377
5 24 0.975 -88 49.478 0 -88 50.029 0 -89 45.97 1.044 -87 52.589
5 24 0.975 -88 49.478 1.044 -87 52.589 0 -88 50.029 1.342 -87 51.478
5 24 1.044 -87 52.589 0 -87 53.145 0 -88 50.029 1.115 -86 54.642
5 24 1.044 -87 52.589 1.115 -86 54.642 0 -87 53.145 1.434 -86 53.654
5 24 1.115 -86 54.642 0 -86 55.136 0 -87 53.145 1.19 -85 56.49
5 24 1.115 -86 54.642 1.19 -85 56.49 0 -86 55.136 1.53 -85 55.553
5 24 1.19 -85 56.49 0 -85 56.959 0 -86 55.136 1.266 -84 58.134
5 24 1.19 -85 56.49 1.266 -84 58.134 0 -85 56.959 1.627 -84 57.336
5 24 1.266 -84 58.134 0 -84 58.533 0 -85 56.959 1.342 -83 59.419
5 24 1.266 -84 58.134 1.342 -83 59.419 0 -84 58.533 1.726 -83 58.679
5 24 1.342 -83 59.419 0 -83 59.789 0 -84 58.533 1.423 -82 60.631
5 24 1.342 -83 59.419 1.423 -82 60.631 0 -83 59.789 1.83 -82 59.892
5 24 1.423 -82 60.631 0 -82 61 0 -83 59.789 1.511 -81 61.73
5 24 1.423 -82 60.631 1.511 -81 61.73 0 -82 61 1.83 -82 59.892
5 24 1.511 -81 61.73 0 -81 62.112 0 -82 61 1.61 -80 62.691
5 24 1.511 -81 61.73 1.61 -80 62.691 0 -81 62.112 2.07 -80 61.928
5 24 1.61 -80 62.691 0 -80 63.073 0 -81 62.112 1.711 -79 63.616
5 24 1.61 -80 62.691 1.711 -79 63.616 0 -80 63.073 2.2 -79 62.825
5 24 1.711 -79 63.616 0 -79 64.012 0 -80 63.073 1.813 -78 64.52
5 24 1.711 -79 63.616 1.813 -78 64.52 0 -79 64.012 2.2 -79 62.825
5 24 1.813 -78 64.52 0 -78 64.943 0 -79 64.012 1.928 -77 65.393
5 24 1.813 -78 64.52 1.928 -77 65.393 0 -78 64.943 2.478 -77 64.458
5 24 1.928 -77 65.393 0 -77 65.861 0 -78 64.943 2.066 -76 66.198
5 24 1.928 -77 65.393 2.066 -76 66.198 0 -77 65.861 2.478 -77 64.458
5 24 2.066 -76 66.198 0 -76 66.698 0 -77 65.861 2.24 -75 66.911
5 24 2.066 -76 66.198 2.24 -75 66.911 0 -76 66.698 2.88 -75 65.885
5 24 2.24 -75 66.911 0 -75 67.424 0 -76 66.698 2.476 -74 67.527
5 24 2.24 -75 66.911 2.476 -74 67.527 0 -75 67.424 3.183 -74 66.508
5 24 2.476 -74 67.527 0 -74 68.036 0 -75 67.424 0 -73 68.54
5 24 2.476 -74 67.527 2.765 -73 68.05 0 -73 68.54 3.555 -73 67.07
5 24 2.765 -73 68.05 0 -73 68.54 2.476 -74 67.527 0 -72 69.018
5 24 2.765 -73 68.05 3.07 -72 68.548 0 -72 69.018 3.947 -72 67.607
5 24 3.07 -72 68.548 0 -72 69.018 2.765 -73 68.05 0 -71 69.493
5 24 3.07 -72 68.548 3.351 -71 69.038 0 -71 69.493 4.308 -71 68.127
5 24 3.351 -71 69.038 0 -71 69.493 3.07 -72 68.548 0 -70 69.919
5 24 3.351 -71 69.038 3.57 -70 69.482 0 -70 69.919 4.59 -70 68.609
5 24 3.57 -70 69.482 0 -70 69.919 3.351 -71 69.038 0 -69 70.275
5 24 3.57 -70 69.482 3.714 -69 69.862 0 -69 70.275 4.776 -69 69.036
5 24 3.714 -69 69.862 0 -69 70.275 3.57 -70 69.482 0 -68 70.651
5 24 3.714 -69 69.862 3.81 -68 70.25 0 -68 70.651 4.899 -68 69.447
5 24 3.81 -68 70.25 0 -68 70.651 3.714 -69 69.862 3.876 -67 70.686
5 24 3.81 -68 70.25 3.876 -67 70.686 0 -68 70.651 4.899 -68 69.447
5 24 3.876 -67 70.686 0 -67 71.092 0 -68 70.651 3.93 -66 71.158
5 24 3.876 -67 70.686 3.93 -66 71.158 0 -67 71.092 4.983 -67 69.873
5 24 3.93 -66 71.158 0 -66 71.576 0 -67 71.092 3.99 -65 71.661
5 24 3.93 -66 71.158 3.99 -65 71.661 0 -66 71.576 5.052 -66 70.323
5 24 3.99 -65 71.661 0 -65 72.094 0 -66 71.576 4.057 -64 72.156
5 24 3.99 -65 71.661 4.057 -64 72.156 0 -65 72.094 5.13 -65 70.796
5 24 4.057 -64 72.156 0 -64 72.6 0 -65 72.094 4.119 -63 72.628
5 24 4.057 -64 72.156 4.119 -63 72.628 0 -64 72.6 5.216 -64 71.268
5 24 4.119 -63 72.628 0 -63 73.082 0 -64 72.6 4.175 -62 73.067
5 24 4.119 -63 72.628 4.175 -62 73.067 0 -63 73.082 5.296 -63 71.72
5 24 4.175 -62 73.067 0 -62 73.53 0 -63 73.082 4.225 -61 73.584
5 24 4.175 -62 73.067 4.225 -61 73.584 0 -62 73.53 5.432 -61 72.6
5 24 4.225 -61 73.584 0 -61 74.076 0 -62 73.53 4.27 -60 74.208
5 24 4.225 -61 73.584 4.27 -60 74.208 0 -61 74.076 5.49 -60 73.142
5 24 4.27 -60 74.208 0 -60 74.741 0 -61 74.076 4.314 -59 74.952
5 24 4.27 -60 74.208 4.314 -59 74.952 0 -60 74.741 5.547 -59 73.776
5 24 4.314 -59 74.952 4.358 -58 75.731 0 -59 75.54 5.603 -58 74.439
5 24 4.358 -58 75.731 0 -58 76.377 0 -59 75.54 4.393 -57 76.452
5 24 4.358 -58 75.731 4.393 -57 76.452 0 -58 76.377 5.648 -57 75.051
5 24 4.393 -57 76.452 0 -57 77.153 0 -58 76.377 4.413 -56 77.188
5 24 4.393 -57 76.452 4.413 -56 77.188 0 -57 77.153 5.674 -56 75.698
5 24 4.413 -56 77.188 0 -56 77.933 0 -57 77.153 4.41 -55 77.979
5 24 4.413 -56 77.188 4.41 -55 77.979 0 -56 77.933 5.674 -56 75.698
5 24 4.41 -55 77.979 0 -55 78.721 0 -56 77.933 4.396 -54 78.727
5 24 4.41 -55 77.979 4.396 -54 78.727 0 -55 78.721 5.652 -54 77.382
5 24 4.396 -54 78.727 0 -54 79.4 0 -55 78.721 4.375 -53 79.464
5 24 4.396 -54 78.727 4.375 -53 79.464 0 -54 79.4 5.625 -53 78.349
5 24 4.375 -53 79.464 0 -53 80.022 0 -54 79.4 4.347 -52 80.23
5 24 4.375 -53 79.464 4.347 -52 80.23 0 -53 80.022 5.589 -52 79.415
5 24 4.347 -52 80.23 0 -52 80.638 0 -53 80.022 4.141 -51 80.573
5 24 4.347 -52 80.23 4.141 -51 80.573 0 -52 80.638 5.42 -51 79.773
5 24 4.141 -51 80.573 0 -51 80.973 0 -52 80.638 3.914 -50 80.635
5 24 4.141 -51 80.573 3.914 -50 80.635 0 -51 80.973 5.42 -51 79.773
5 24 3.914 -50 80.635 0 -50 81.035 0 -51 80.973 3.539 -49 80.592
5 24 3.914 -50 80.635 3.539 -49 80.592 0 -50 81.035 4.811 -49 79.792
5 24 3.539 -49 80.592 0 -49 80.992 0 -50 81.035 3.088 -48 80.184
5 24 3.539 -49 80.592 3.088 -48 80.184 0 -49 80.992 4.283 -48 79.384
5 24 3.088 -48 80.184 0 -48 80.584 0 -49 80.992 2.442 -47 79.149
5 24 3.088 -48 80.184 2.442 -47 79.149 0 -48 80.584 4.283 -48 79.384
5 24 2.442 -47 79.149 0 -47 79.549 0 -48 80.584 0 -46 78
5 24 2.442 -47 79.149 0 -46 78 0 -47 79.549 3.46 -47 78.349
5 24 0.91 -89 45.636 1.17 -89 44.968 1.254 -88 48.377 0.7 -89.659 42.802
5 24 1.17 -89 44.968 1.254 -88 48.377 0.91 -89 45.636 1.393 -88 47.276
5 24 1.254 -88 48.377 0.975 -88 49.478 0.91 -89 45.636 1.342 -87 51.478
5 24 1.254 -88 48.377 1.342 -87 51.478 0.975 -88 49.478 1.491 -87 50.367
5 24 1.342 -87 51.478 1.044 -87 52.589 0.975 -88 49.478 1.434 -86 53.654
5 24 1.342 -87 51.478 1.434 -86 53.654 1.044 -87 52.589 1.593 -86 52.665
5 24 1.434 -86 53.654 1.115 -86 54.642 1.044 -87 52.589 1.53 -85 55.553
5 24 1.434 -86 53.654 1.53 -85 55.553 1.115 -86 54.642 1.7 -85 54.616
5 24 1.53 -85 55.553 1.627 -84 57.336 1.19 -85 56.49 1.808 -84 56.537
5 24 1.627 -84 57.336 1.266 -84 58.134 1.19 -85 56.49 1.726 -83 58.679
5 24 1.627 -84 57.336 1.726 -83 58.679 1.266 -84 58.134 1.918 -83 57.939
5 24 1.726 -83 58.679 1.342 -83 59.419 1.266 -84 58.134 1.83 -82 59.892
5 24 1.726 -83 58.679 1.83 -82 59.892 1.342 -83 59.419 2.033 -82 59.153
5 24 1.83 -82 59.892 1.423 -82 60.631 1.342 -83 59.419 1.943 -81 60.965
5 24 1.83 -82 59.892 1.943 -81 60.965 1.423 -82 60.631 2.033 -82 59.153
5 24 1.943 -81 60.965 1.511 -81 61.73 1.423 -82 60.631 2.07 -80 61.928
5 24 1.943 -81 60.965 2.07 -80 61.928 1.511 -81 61.73 2.3 -80 61.164
5 24 2.07 -80 61.928 2.2 -79 62.825 1.61 -80 62.691 2.3 -80 61.164
5 24 2.2 -79 62.825 1.711 -79 63.616 1.61 -80 62.691 2.331 -78 63.674
5 24 2.2 -79 62.825 2.331 -78 63.674 1.711 -79 63.616 2.445 -79 62.034
5 24 2.331 -78 63.674 1.813 -78 64.52 1.711 -79 63.616 2.478 -77 64.458
5 24 2.331 -78 63.674 2.478 -77 64.458 1.813 -78 64.52 2.59 -78 62.827
5 24 2.478 -77 64.458 1.928 -77 65.393 1.813 -78 64.52 2.656 -76 65.199
5 24 2.478 -77 64.458 2.656 -76 65.199 1.928 -77 65.393 2.754 -77 63.523
5 24 2.656 -76 65.199 2.066 -76 66.198 1.928 -77 65.393 2.88 -75 65.885
5 24 2.656 -76 65.199 2.88 -75 65.885 2.066 -76 66.198 3.2 -75 64.86
5 24 2.88 -75 65.885 2.24 -75 66.911 2.066 -76 66.198 3.183 -74 66.508
5 24 2.88 -75 65.885 3.183 -74 66.508 2.24 -75 66.911 3.537 -74 65.489
5 24 3.183 -74 66.508 2.476 -74 67.527 2.24 -75 66.911 3.555 -73 67.07
5 24 3.183 -74 66.508 3.555 -73 67.07 2.476 -74 67.527 3.95 -73 66.09
5 24 3.555 -73 67.07 2.765 -73 68.05 2.476 -74 67.527 3.947 -72 67.607
5 24 3.555 -73 67.07 3.947 -72 67.607 2.765 -73 68.05 4.386 -72 66.666
5 24 3.947 -72 67.607 3.07 -72 68.548 2.765 -73 68.05 4.308 -71 68.127
5 24 3.947 -72 67.607 4.308 -71 68.127 3.07 -72 68.548 4.787 -71 67.217
5 24 4.308 -71 68.127 4.59 -70 68.609 3.351 -71 69.038 5.1 -70 67.735
5 24 4.59 -70 68.609 3.57 -70 69.482 3.351 -71 69.038 4.776 -69 69.036
5 24 4.59 -70 68.609 4.776 -69 69.036 3.57 -70 69.482 5.306 -69 68.21
5 24 4.776 -69 69.036 3.714 -69 69.862 3.57 -70 69.482 4.899 -68 69.447
5 24 4.776 -69 69.036 4.899 -68 69.447 3.714 -69 69.862 5.443 -68 68.645
5 24 4.899 -68 69.447 3.81 -68 70.25 3.714 -69 69.862 4.983 -67 69.873
5 24 4.899 -68 69.447 4.983 -67 69.873 3.81 -68 70.25 5.443 -68 68.645
5 24 4.983 -67 69.873 3.876 -67 70.686 3.81 -68 70.25 5.052 -66 70.323
5 24 4.983 -67 69.873 5.052 -66 70.323 3.876 -67 70.686 5.537 -67 69.061
5 24 5.052 -66 70.323 3.93 -66 71.158 3.876 -67 70.686 5.13 -65 70.796
5 24 5.052 -66 70.323 5.13 -65 70.796 3.93 -66 71.158 5.614 -66 69.488
5 24 5.13 -65 70.796 3.99 -65 71.661 3.93 -66 71.158 5.216 -64 71.268
5 24 5.13 -65 70.796 5.216 -64 71.268 3.99 -65 71.661 5.7 -65 69.93
5 24 5.216 -64 71.268 4.057 -64 72.156 3.99 -65 71.661 5.296 -63 71.72
5 24 5.216 -64 71.268 5.296 -63 71.72 4.057 -64 72.156 5.796 -64 70.379
5 24 5.296 -63 71.72 4.119 -63 72.628 4.057 -64 72.156 5.368 -62 72.141
5 24 5.296 -63 71.72 5.368 -62 72.141 4.119 -63 72.628 5.884 -63 70.812
5 24 5.368 -62 72.141 4.175 -62 73.067 4.119 -63 72.628 5.432 -61 72.6
5 24 5.368 -62 72.141 5.432 -61 72.6 4.175 -62 73.067 6.036 -61 71.616
5 24 5.432 -61 72.6 4.225 -61 73.584 4.175 -62 73.067 5.49 -60 73.142
5 24 5.432 -61 72.6 5.49 -60 73.142 4.225 -61 73.584 6.1 -60 72.076
5 24 5.49 -60 73.142 4.27 -60 74.208 4.225 -61 73.584 5.547 -59 73.776
5 24 5.49 -60 73.142 5.547 -59 73.776 4.27 -60 74.208 6.163 -59 72.6
5 24 5.547 -59 73.776 4.314 -59 74.952 4.27 -60 74.208 5.603 -58 74.439
5 24 5.547 -59 73.776 5.603 -58 74.439 4.314 -59 74.952 6.225 -58 73.147
5 24 5.603 -58 74.439 4.358 -58 75.731 4.314 -59 74.952 5.648 -57 75.051
5 24 5.603 -58 74.439 5.648 -57 75.051 4.358 -58 75.731 6.276 -57 73.649
5 24 5.648 -57 75.051 4.393 -57 76.452 4.358 -58 75.731 5.674 -56 75.698
5 24 5.648 -57 75.051 5.674 -56 75.698 4.393 -57 76.452 6.304 -56 74.208
5 24 5.674 -56 75.698 4.413 -56 77.188 4.393 -57 76.452 5.67 -55 76.495
5 24 5.674 -56 75.698 5.67 -55 76.495 4.413 -56 77.188 6.304 -56 74.208
5 24 5.67 -55 76.495 4.41 -55 77.979 4.413 -56 77.188 5.652 -54 77.382
5 24 5.67 -55 76.495 5.652 -54 77.382 4.41 -55 77.979 6.28 -54 76.037
5 24 5.652 -54 77.382 4.396 -54 78.727 4.41 -55 77.979 5.625 -53 78.349
5 24 5.652 -54 77.382 5.625 -53 78.349 4.396 -54 78.727 6.25 -53 77.233
5 24 5.625 -53 78.349 4.375 -53 79.464 4.396 -54 78.727 5.589 -52 79.415
5 24 5.625 -53 78.349 5.589 -52 79.415 4.375 -53 79.464 6.21 -52 78.6
5 24 5.589 -52 79.415 4.347 -52 80.23 4.375 -53 79.464 5.42 -51 79.773
5 24 5.589 -52 79.415 5.42 -51 79.773 4.347 -52 80.23 6.09 -51 78.973
5 24 5.42 -51 79.773 4.141 -51 80.573 4.347 -52 80.23 5.218 -50 79.835
5 24 5.42 -51 79.773 5.218 -50 79.835 4.141 -51 80.573 5.93 -50 79.035
5 24 5.218 -50 79.835 3.914 -50 80.635 4.141 -51 80.573 4.811 -49 79.792
5 24 5.218 -50 79.835 4.811 -49 79.792 3.914 -50 80.635 5.93 -50 79.035
5 24 4.811 -49 79.792 3.539 -49 80.592 3.914 -50 80.635 4.283 -48 79.384
5 24 4.811 -49 79.792 4.283 -48 79.384 3.539 -49 80.592 5.53 -49 78.992
5 24 4.283 -48 79.384 3.088 -48 80.184 3.539 -49 80.592 2.442 -47 79.149
5 24 3.46 -47 78.349 2.442 -47 79.149 4.283 -48 79.384 0 -46 78
5 24 4.283 -48 79.384 3.46 -47 78.349 2.442 -47 79.149 4.98 -48 78.584
5 24 3.46 -47 78.349 0 -46 78 2.442 -47 79.149 4.07 -47 77.549
5 24 1.17 -89 44.968 1.3 -89 44.3 1.393 -88 47.276 0.7 -89.659 42.802
5 24 1.393 -88 47.276 1.254 -88 48.377 1.17 -89 44.968 1.491 -87 50.367
5 24 1.491 -87 50.367 1.342 -87 51.478 1.254 -88 48.377 1.593 -86 52.665
5 24 1.593 -86 52.665 1.434 -86 53.654 1.342 -87 51.478 1.7 -85 54.616
5 24 1.7 -85 54.616 1.53 -85 55.553 1.434 -86 53.654 1.808 -84 56.537
5 24 1.808 -84 56.537 1.627 -84 57.336 1.53 -85 55.553 1.918 -83 57.939
5 24 1.918 -83 57.939 1.726 -83 58.679 1.627 -84 57.336 2.033 -82 59.153
5 24 2.033 -82 59.153 1.83 -82 59.892 1.726 -83 58.679 2.159 -81 60.2
5 24 2.159 -81 60.2 1.943 -81 60.965 1.83 -82 59.892 2.3 -80 61.164
5 24 2.3 -80 61.164 2.07 -80 61.928 1.943 -81 60.965 2.445 -79 62.034
5 24 2.445 -79 62.034 2.2 -79 62.825 2.07 -80 61.928 2.59 -78 62.827
5 24 2.59 -78 62.827 2.331 -78 63.674 2.2 -79 62.825 2.754 -77 63.523
5 24 2.754 -77 63.523 2.478 -77 64.458 2.331 -78 63.674 2.951 -76 64.2
5 24 2.951 -76 64.2 2.656 -76 65.199 2.478 -77 64.458 3.2 -75 64.86
5 24 3.2 -75 64.86 2.88 -75 65.885 2.656 -76 65.199 3.537 -74 65.489
5 24 3.537 -74 65.489 3.183 -74 66.508 2.88 -75 65.885 3.95 -73 66.09
5 24 3.95 -73 66.09 3.555 -73 67.07 3.183 -74 66.508 4.386 -72 66.666
5 24 4.386 -72 66.666 3.947 -72 67.607 3.555 -73 67.07 4.787 -71 67.217
5 24 4.787 -71 67.217 4.308 -71 68.127 3.947 -72 67.607 5.1 -70 67.735
5 24 5.1 -70 67.735 4.59 -70 68.609 4.308 -71 68.127 5.306 -69 68.21
5 24 5.306 -69 68.21 4.776 -69 69.036 4.59 -70 68.609 5.443 -68 68.645
5 24 5.443 -68 68.645 4.899 -68 69.447 4.776 -69 69.036 5.537 -67 69.061
5 24 5.537 -67 69.061 4.983 -67 69.873 4.899 -68 69.447 5.614 -66 69.488
5 24 5.614 -66 69.488 5.052 -66 70.323 4.983 -67 69.873 5.7 -65 69.93
5 24 5.7 -65 69.93 5.13 -65 70.796 5.052 -66 70.323 5.796 -64 70.379
5 24 5.796 -64 70.379 5.216 -64 71.268 5.13 -65 70.796 5.884 -63 70.812
5 24 5.884 -63 70.812 5.296 -63 71.72 5.216 -64 71.268 5.964 -62 71.215
5 24 5.964 -62 71.215 5.368 -62 72.141 5.296 -63 71.72 6.036 -61 71.616
5 24 6.163 -59 72.6 5.547 -59 73.776 5.49 -60 73.142 6.225 -58 73.147
5 24 6.225 -58 73.147 5.603 -58 74.439 5.547 -59 73.776 6.276 -57 73.649
5 24 6.276 -57 73.649 5.648 -57 75.051 5.603 -58 74.439 6.304 -56 74.208
5 24 6.304 -56 74.208 5.674 -56 75.698 5.648 -57 75.051 6.3 -55 75.011
5 24 6.3 -55 75.011 5.67 -55 76.495 5.674 -56 75.698 6.28 -54 76.037
5 24 6.28 -54 76.037 5.652 -54 77.382 5.67 -55 76.495 6.25 -53 77.233
5 24 6.25 -53 77.233 5.625 -53 78.349 5.652 -54 77.382 6.21 -52 78.6
5 24 6.21 -52 78.6 5.589 -52 79.415 5.625 -53 78.349 6.09 -51 78.973
5 24 7.614 -51 76.973 6.09 -51 78.973 5.589 -52 79.415 7.434 -50 77.035
5 24 6.09 -51 78.973 5.42 -51 79.773 5.589 -52 79.415 5.93 -50 79.035
5 24 6.09 -51 78.973 5.93 -50 79.035 5.42 -51 79.773 7.434 -50 77.035
5 24 5.93 -50 79.035 5.218 -50 79.835 5.42 -51 79.773 5.53 -49 78.992
5 24 5.93 -50 79.035 5.53 -49 78.992 5.218 -50 79.835 6.975 -49 76.992
5 24 5.53 -49 78.992 4.811 -49 79.792 5.218 -50 79.835 4.98 -48 78.584
5 24 5.53 -49 78.992 4.98 -48 78.584 4.811 -49 79.792 6.336 -48 76.584
5 24 4.98 -48 78.584 4.283 -48 79.384 4.811 -49 79.792 3.46 -47 78.349
5 24 4.98 -48 78.584 4.07 -47 77.549 3.46 -47 78.349 6.336 -48 76.584
5 24 4.07 -47 77.549 3.46 -47 78.349 4.98 -48 78.584 0 -46 78
5 24 4.07 -47 77.549 0 -46 78 3.46 -47 78.349 0 -46 76
5 24 1.254 -88 46.876 1.393 -88 47.276 1.3 -89 44.3 1.342 -87 49.367
5 24 1.342 -87 49.367 1.491 -87 50.367 1.393 -88 47.276 1.434 -86 51.665
5 24 1.434 -86 51.665 1.593 -86 52.665 1.491 -87 50.367 1.53 -85 53.616
5 24 1.627 -84 55.537 1.808 -84 56.537 1.7 -85 54.616 1.726 -83 56.939
5 24 1.726 -83 56.939 1.918 -83 57.939 1.808 -84 56.537 1.83 -82 58.153
5 24 1.83 -82 58.153 2.033 -82 59.153 1.918 -83 57.939 1.943 -81 59.2
5 24 1.943 -81 59.2 2.159 -81 60.2 2.033 -82 59.153 2.07 -80 60.164
5 24 2.07 -80 60.164 2.3 -80 61.164 2.159 -81 60.2 2.2 -79 61.034
5 24 2.331 -78 61.827 2.59 -78 62.827 2.445 -79 62.034 2.478 -77 62.523
5 24 2.478 -77 62.523 2.754 -77 63.523 2.59 -78 62.827 2.656 -76 63.2
5 24 2.656 -76 63.2 2.951 -76 64.2 2.754 -77 63.523 2.88 -75 63.86
5 24 2.88 -75 63.86 3.2 -75 64.86 2.951 -76 64.2 3.183 -74 64.489
5 24 3.183 -74 64.489 3.537 -74 65.489 3.2 -75 64.86 3.555 -73 65.09
5 24 3.555 -73 65.09 3.95 -73 66.09 3.537 -74 65.489 3.947 -72 65.666
5 24 3.947 -72 65.666 4.386 -72 66.666 3.95 -73 66.09 4.308 -71 66.217
5 24 4.308 -71 66.217 4.787 -71 67.217 4.386 -72 66.666 4.59 -70 66.735
5 24 4.59 -70 66.735 5.1 -70 67.735 4.787 -71 67.217 4.776 -69 67.21
5 24 4.776 -69 67.21 5.306 -69 68.21 5.1 -70 67.735 4.899 -68 67.645
5 24 4.899 -68 67.645 5.443 -68 68.645 5.306 -69 68.21 4.983 -67 68.061
5 24 4.983 -67 68.061 5.537 -67 69.061 5.443 -68 68.645 5.052 -66 68.488
5 24 5.052 -66 68.488 5.614 -66 69.488 5.537 -67 69.061 5.13 -65 68.93
5 24 5.13 -65 68.93 5.7 -65 69.93 5.614 -66 69.488 5.216 -64 69.379
5 24 5.216 -64 69.379 5.796 -64 70.379 5.7 -65 69.93 5.296 -63 69.812
5 24 5.296 -63 69.812 5.884 -63 70.812 5.796 -64 70.379 5.368 -62 70.215
5 24 5.368 -62 70.215 5.964 -62 71.215 5.884 -63 70.812 5.432 -61 70.616
5 24 5.432 -61 70.616 6.036 -61 71.616 5.964 -62 71.215 5.49 -60 71.076
5 24 5.49 -60 71.076 6.1 -60 72.076 6.036 -61 71.616 5.547 -59 71.6
5 24 5.547 -59 71.6 6.163 -59 72.6 6.1 -60 72.076 5.603 -58 72.147
5 24 5.603 -58 72.147 6.225 -58 73.147 6.163 -59 72.6 5.648 -57 72.649
5 24 5.648 -57 72.649 6.276 -57 73.649 6.225 -58 73.147 5.674 -56 73.208
5 24 5.674 -56 73.208 6.304 -56 74.208 6.276 -57 73.649 5.67 -55 74.011
5 24 5.67 -55 74.011 6.3 -55 75.011 6.304 -56 74.208 5.652 -54 75.037
5 24 5.652 -54 75.037 6.28 -54 76.037 6.3 -55 75.011 5.938 -53 76.233
5 24 5.938 -53 76.233 6.25 -53 77.233 6.28 -54 76.037 6.21 -52 78.6
5 24 1.471 -88 46.112 1.254 -88 46.876 1.3 -89 44.3 1.559 -87 48.367
5 24 1.559 -87 48.367 1.342 -87 49.367 1.254 -88 46.876 1.794 -86 50.665
5 24 1.794 -86 50.665 1.434 -86 51.665 1.342 -87 49.367 2.029 -85 52.616
5 24 2.029 -85 52.616 1.53 -85 53.616 1.434 -86 51.665 2.264 -84 54.537
5 24 2.264 -84 54.537 1.627 -84 55.537 1.53 -85 53.616 2.5 -83 55.939
5 24 2.97 -81 58.2 1.943 -81 59.2 1.83 -82 58.153 3.204 -80 59.164
5 24 3.906 -77 61.523 2.478 -77 62.523 2.331 -78 61.827 4.14 -76 62.2
5 24 4.14 -76 62.2 2.656 -76 63.2 2.478 -77 62.523 4.356 -75 62.86
5 24 4.356 -75 62.86 2.88 -75 63.86 2.656 -76 63.2 4.572 -74 63.489
5 24 4.572 -74 63.489 3.183 -74 64.489 2.88 -75 63.86 4.788 -73 64.09
5 24 4.788 -73 64.09 3.555 -73 65.09 3.183 -74 64.489 5.004 -72 64.666
5 24 5.004 -72 64.666 3.947 -72 65.666 3.555 -73 65.09 5.22 -71 65.217
5 24 5.22 -71 65.217 4.308 -71 66.217 3.947 -72 65.666 5.4 -70 65.735
5 24 5.4 -70 65.735 4.59 -70 66.735 4.308 -71 66.217 5.58 -69 66.21
5 24 5.58 -69 66.21 4.776 -69 67.21 4.59 -70 66.735 5.76 -68 66.645
5 24 5.76 -68 66.645 4.899 -68 67.645 4.776 -69 67.21 5.94 -67 67.061
5 24 5.94 -67 67.061 4.983 -67 68.061 4.899 -68 67.645 6.12 -66 67.488
5 24 6.12 -66 67.488 5.052 -66 68.488 4.983 -67 68.061 6.264 -65 67.93
5 24 6.264 -65 67.93 5.13 -65 68.93 5.052 -66 68.488 6.408 -64 68.379
5 24 6.408 -64 68.379 5.216 -64 69.379 5.13 -65 68.93 6.552 -63 68.812
5 24 6.552 -63 68.812 5.296 -63 69.812 5.216 -64 69.379 6.696 -62 69.215
5 24 6.696 -62 69.215 5.368 -62 70.215 5.296 -63 69.812 6.84 -61 69.616
5 24 6.84 -61 69.616 5.432 -61 70.616 5.368 -62 70.215 6.984 -60 70.076
5 24 6.984 -60 70.076 5.49 -60 71.076 5.432 -61 70.616 7.128 -59 70.6
5 24 7.128 -59 70.6 5.547 -59 71.6 5.49 -60 71.076 7.272 -58 71.147
5 24 7.416 -57 71.649 5.648 -57 72.649 5.603 -58 72.147 7.56 -56 72.208
5 24 7.56 -56 72.208 5.674 -56 73.208 5.648 -57 72.649 7.668 -55 73.011
5 24 7.668 -55 73.011 5.67 -55 74.011 5.674 -56 73.208 7.686 -54 74.037
5 24 7.686 -54 74.037 5.652 -54 75.037 5.67 -55 74.011 7.422 -53 75.233
5 24 7.422 -53 75.233 5.938 -53 76.233 5.652 -54 75.037 6.21 -52 78.6
5 24 2.029 -85 52.616 2.132 -85 49.897 2.39 -84 51.848 1.794 -86 50.665
5 24 3.382 -80 57.176 3.204 -80 59.164 2.97 -81 58.2 3.629 -79 58.223
5 24 4.123 -77 59.863 3.906 -77 61.523 3.672 -78 60.827 4.37 -76 60.499
5 24 4.37 -76 60.499 4.14 -76 62.2 3.906 -77 61.523 4.598 -75 61.122
5 24 4.598 -75 61.122 4.356 -75 62.86 4.14 -76 62.2 4.826 -74 61.687
5 24 4.826 -74 61.687 4.572 -74 63.489 4.356 -75 62.86 5.054 -73 62.196
5 24 5.282 -72 62.7 5.004 -72 64.666 4.788 -73 64.09 5.51 -71 63.185
5 24 5.51 -71 63.185 5.22 -71 65.217 5.004 -72 64.666 5.7 -70 63.644
5 24 5.7 -70 63.644 5.4 -70 65.735 5.22 -71 65.217 5.89 -69 64.079
5 24 5.89 -69 64.079 5.58 -69 66.21 5.4 -70 65.735 6.08 -68 64.503
5 24 6.08 -68 64.503 5.76 -68 66.645 5.58 -69 66.21 6.27 -67 64.918
5 24 6.27 -67 64.918 5.94 -67 67.061 5.76 -68 66.645 6.46 -66 65.319
5 24 6.46 -66 65.319 6.12 -66 67.488 5.94 -67 67.061 6.612 -65 65.692
5 24 6.612 -65 65.692 6.264 -65 67.93 6.12 -66 67.488 6.764 -64 66.035
5 24 6.764 -64 66.035 6.408 -64 68.379 6.264 -65 67.93 6.916 -63 66.382
5 24 6.916 -63 66.382 6.552 -63 68.812 6.408 -64 68.379 7.068 -62 66.76
5 24 7.068 -62 66.76 6.696 -62 69.215 6.552 -63 68.812 7.22 -61 67.162
5 24 7.22 -61 67.162 6.84 -61 69.616 6.696 -62 69.215 7.372 -60 67.545
5 24 7.372 -60 67.545 6.984 -60 70.076 6.84 -61 69.616 7.524 -59 67.889
5 24 7.524 -59 67.889 7.128 -59 70.6 6.984 -60 70.076 7.676 -58 68.303
5 24 7.676 -58 68.303 7.272 -58 71.147 7.128 -59 70.6 7.828 -57 68.87
5 24 7.828 -57 68.87 7.416 -57 71.649 7.272 -58 71.147 7.98 -56 69.549
5 24 7.98 -56 69.549 7.56 -56 72.208 7.416 -57 71.649 8.094 -55 70.284
5 24 8.094 -55 70.284 7.668 -55 73.011 7.56 -56 72.208 8.113 -54 71.166
5 24 8.132 -53 72.256 7.422 -53 75.233 7.686 -54 74.037 8.151 -52 73.513
5 24 1.912 -84 50.848 2.39 -84 51.848 2.132 -85 49.897 2.111 -83 52.502
5 24 2.111 -83 52.502 2.638 -83 53.502 2.39 -84 51.848 2.309 -82 53.856
5 24 2.309 -82 53.856 2.887 -82 54.856 2.638 -83 53.502 2.508 -81 55.035
5 24 2.508 -81 55.035 3.135 -81 56.035 2.887 -82 54.856 2.706 -80 56.176
5 24 2.706 -80 56.176 3.382 -80 57.176 3.135 -81 56.035 2.903 -79 57.223
5 24 2.903 -79 57.223 3.629 -79 58.223 3.382 -80 57.176 3.101 -78 58.124
5 24 3.101 -78 58.124 3.876 -78 59.124 3.629 -79 58.223 3.298 -77 58.863
5 24 3.298 -77 58.863 4.123 -77 59.863 3.876 -78 59.124 3.496 -76 59.499
5 24 3.496 -76 59.499 4.37 -76 60.499 4.123 -77 59.863 3.678 -75 60.122
5 24 4.043 -73 61.196 5.054 -73 62.196 4.826 -74 61.687 4.226 -72 61.7
5 24 4.226 -72 61.7 5.282 -72 62.7 5.054 -73 62.196 4.408 -71 62.185
5 24 4.408 -71 62.185 5.51 -71 63.185 5.282 -72 62.7 4.56 -70 62.644
5 24 4.712 -69 63.079 5.89 -69 64.079 5.7 -70 63.644 4.864 -68 63.503
5 24 4.864 -68 63.503 6.08 -68 64.503 5.89 -69 64.079 5.016 -67 63.918
5 24 5.168 -66 64.319 6.46 -66 65.319 6.27 -67 64.918 5.29 -65 64.692
5 24 5.411 -64 65.035 6.764 -64 66.035 6.612 -65 65.692 5.533 -63 65.382
5 24 5.533 -63 65.382 6.916 -63 66.382 6.764 -64 66.035 5.654 -62 65.76
5 24 5.654 -62 65.76 7.068 -62 66.76 6.916 -63 66.382 5.776 -61 66.162
5 24 5.898 -60 66.545 7.372 -60 67.545 7.22 -61 67.162 6.019 -59 66.889
5 24 6.019 -59 66.889 7.524 -59 67.889 7.372 -60 67.545 6.141 -58 67.303
5 24 6.141 -58 67.303 7.676 -58 68.303 7.524 -59 67.889 6.262 -57 67.87
5 24 6.262 -57 67.87 7.828 -57 68.87 7.676 -58 68.303 6.384 -56 68.549
5 24 6.384 -56 68.549 7.98 -56 69.549 7.828 -57 68.87 6.475 -55 69.284
5 24 6.475 -55 69.284 8.094 -55 70.284 7.98 -56 69.549 6.49 -54 70.166
5 24 6.49 -54 70.166 8.113 -54 71.166 8.094 -55 70.284 6.677 -53 71.256
5 24 6.677 -53 71.256 8.132 -53 72.256 8.113 -54 71.166 7.452 -52 73.013
5 24 7.452 -52 73.013 8.151 -52 73.513 8.132 -53 72.256 8.037 -51 75.058
5 24 3.039 -82 52.856 2.309 -82 53.856 2.111 -83 52.502 3.3 -81 54.035
5 24 3.3 -81 54.035 2.508 -81 55.035 2.309 -82 53.856 3.56 -80 55.176
5 24 3.82 -79 56.223 2.903 -79 57.223 2.706 -80 56.176 4.08 -78 57.124
5 24 4.08 -78 57.124 3.101 -78 58.124 2.903 -79 57.223 4.34 -77 57.863
5 24 4.34 -77 57.863 3.298 -77 58.863 3.101 -78 58.124 4.6 -76 58.499
5 24 4.6 -76 58.499 3.496 -76 59.499 3.298 -77 58.863 4.84 -75 59.122
5 24 5.32 -73 60.196 4.043 -73 61.196 3.861 -74 60.687 5.56 -72 60.7
5 24 5.56 -72 60.7 4.226 -72 61.7 4.043 -73 61.196 5.8 -71 61.185
5 24 6.2 -69 62.079 4.712 -69 63.079 4.56 -70 62.644 6.4 -68 62.503
5 24 6.4 -68 62.503 4.864 -68 63.503 4.712 -69 63.079 6.6 -67 62.918
5 24 6.8 -66 63.319 5.168 -66 64.319 5.016 -67 63.918 6.96 -65 63.692
5 24 7.12 -64 64.035 5.411 -64 65.035 5.29 -65 64.692 7.28 -63 64.382
5 24 7.28 -63 64.382 5.533 -63 65.382 5.411 -64 65.035 7.44 -62 64.76
5 24 7.44 -62 64.76 5.654 -62 65.76 5.533 -63 65.382 7.6 -61 65.162
5 24 7.76 -60 65.545 5.898 -60 66.545 5.776 -61 66.162 7.92 -59 65.889
5 24 7.92 -59 65.889 6.019 -59 66.889 5.898 -60 66.545 8.08 -58 66.303
5 24 8.08 -58 66.303 6.141 -58 67.303 6.019 -59 66.889 8.24 -57 66.87
5 24 8.24 -57 66.87 6.262 -57 67.87 6.141 -58 67.303 8.4 -56 67.549
5 24 8.4 -56 67.549 6.384 -56 68.549 6.262 -57 67.87 8.52 -55 68.284
5 24 8.52 -55 68.284 6.475 -55 69.284 6.384 -56 68.549 8.54 -54 69.166
5 24 8.54 -54 69.166 6.49 -54 70.166 6.475 -55 69.284 8.56 -53 70.256
5 24 8.56 -53 70.256 6.677 -53 71.256 6.49 -54 70.166 8.408 -52 72.513
5 24 8.408 -52 72.513 7.452 -52 73.013 6.677 -53 71.256 8.037 -51 75.058
5 24 4.34 -77 57.863 3.897 -77 55.12 4.278 -76 56.495 3.676 -78 54.698
5 24 4.278 -76 56.495 4.6 -76 58.499 4.34 -77 57.863 4.589 -75 57.396
5 24 4.589 -75 57.396 4.84 -75 59.122 4.6 -76 58.499 4.906 -74 58.2
5 24 4.906 -74 58.2 5.08 -74 59.687 4.84 -75 59.122 5.212 -73 58.657
5 24 5.212 -73 58.657 5.32 -73 60.196 5.08 -74 59.687 5.498 -72 59.089
5 24 5.498 -72 59.089 5.56 -72 60.7 5.32 -73 60.196 5.8 -71 59.542
5 24 5.8 -71 59.542 5.8 -71 61.185 5.56 -72 60.7 6 -70 59.964
5 24 6.8 -66 61.136 6.8 -66 63.319 6.6 -67 62.918 6.96 -65 61.28
5 24 8.4 -56 63.311 8.4 -56 67.549 8.24 -57 66.87 8.52 -55 63.8
5 24 8.52 -55 63.8 8.52 -55 68.284 8.4 -56 67.549 8.54 -54 64.396
5 24 3.496 -76 55.495 4.278 -76 56.495 3.897 -77 55.12 3.678 -75 56.396
5 24 3.678 -75 56.396 4.589 -75 57.396 4.278 -76 56.495 3.861 -74 57.2
5 24 3.861 -74 57.2 4.906 -74 58.2 4.589 -75 57.396 4.043 -73 57.657
5 24 4.043 -73 57.657 5.212 -73 58.657 4.906 -74 58.2 4.226 -72 58.089
5 24 4.226 -72 58.089 5.498 -72 59.089 5.212 -73 58.657 4.408 -71 58.542
5 24 4.408 -71 58.542 5.8 -71 59.542 5.498 -72 59.089 4.56 -70 58.964
5 24 4.712 -69 59.344 6.2 -69 60.344 6 -70 59.964 4.864 -68 59.671
5 24 4.864 -68 59.671 6.4 -68 60.671 6.2 -69 60.344 5.016 -67 59.935
5 24 5.016 -67 59.935 6.6 -67 60.935 6.4 -68 60.671 5.168 -66 60.136
5 24 5.29 -65 60.28 6.96 -65 61.28 6.8 -66 61.136 5.411 -64 60.382
5 24 5.411 -64 60.382 7.12 -64 61.382 6.96 -65 61.28 5.533 -63 60.493
5 24 5.533 -63 60.493 7.28 -63 61.493 7.12 -64 61.382 5.654 -62 60.64
5 24 5.654 -62 60.64 7.44 -62 61.64 7.28 -63 61.493 5.776 -61 60.832
5 24 5.776 -61 60.832 7.6 -61 61.832 7.44 -62 61.64 5.898 -60 61.072
5 24 5.898 -60 61.072 7.76 -60 62.072 7.6 -61 61.832 6.019 -59 61.353
5 24 6.019 -59 61.353 7.92 -59 62.353 7.76 -60 62.072 6.141 -58 61.663
5 24 6.262 -57 61.957 8.24 -57 62.957 8.08 -58 62.663 6.384 -56 62.311
5 24 6.384 -56 62.311 8.4 -56 63.311 8.24 -57 62.957 6.56 -55 62.8
5 24 6.56 -55 62.8 8.52 -55 63.8 8.4 -56 63.311 7.003 -54 63.396
5 24 7.003 -54 63.396 8.54 -54 64.396 8.52 -55 63.8 7.533 -53 64.69
5 24 7.533 -53 64.69 8.56 -53 65.69 8.54 -54 64.396 8.065 -52 66.594
5 24 8.065 -52 66.594 8.58 -52 67.094 8.56 -53 65.69 8.46 -51 68.373
5 24 4.338 -75 55.822 3.678 -75 56.396 3.496 -76 55.495 4.733 -74 56.2
5 24 4.733 -74 56.2 3.861 -74 57.2 3.678 -75 56.396 5.05 -73 56.657
5 24 5.05 -73 56.657 4.043 -73 57.657 3.861 -74 57.2 5.373 -72 57.089
5 24 5.373 -72 57.089 4.226 -72 58.089 4.043 -73 57.657 5.638 -71 57.542
5 24 5.638 -71 57.542 4.408 -71 58.542 4.226 -72 58.089 5.884 -70 57.964
5 24 5.884 -70 57.964 4.56 -70 58.964 4.408 -71 58.542 6.2 -69 58.344
5 24 6.2 -69 58.344 4.712 -69 59.344 4.56 -70 58.964 6.4 -68 58.671
5 24 6.4 -68 58.671 4.864 -68 59.671 4.712 -69 59.344 5.016 -67 59.935
5 24 6.6 -67 58.935 5.016 -67 59.935 6.4 -68 58.671 5.168 -66 60.136
5 24 6.8 -66 59.136 5.168 -66 60.136 6.6 -67 58.935 5.29 -65 60.28
5 24 6.96 -65 59.28 5.29 -65 60.28 6.8 -66 59.136 5.411 -64 60.382
5 24 7.44 -62 59.64 5.654 -62 60.64 7.28 -63 59.493 5.776 -61 60.832
5 24 7.6 -61 59.832 5.776 -61 60.832 7.44 -62 59.64 5.898 -60 61.072
5 24 7.76 -60 60.072 5.898 -60 61.072 7.6 -61 59.832 7.92 -59 60.353
5 24 7.92 -59 60.353 6.019 -59 61.353 5.898 -60 61.072 8.08 -58 60.663
5 24 8.24 -57 60.957 6.262 -57 61.957 6.141 -58 61.663 8.4 -56 61.311
5 24 8.4 -56 61.311 6.384 -56 62.311 6.262 -57 61.957 8.52 -55 61.8
5 24 8.52 -55 61.8 6.56 -55 62.8 6.384 -56 62.311 8.54 -54 62.396
5 24 8.54 -54 62.396 7.003 -54 63.396 6.56 -55 62.8 8.56 -53 63.69
5 24 8.56 -53 63.69 7.533 -53 64.69 7.003 -54 63.396 8.58 -52 66.094
5 24 8.58 -52 66.094 8.065 -52 66.594 7.533 -53 64.69 8.46 -51 68.373
5 24 4.338 -75 55.822 4.715 -74 56.153 4.733 -74 56.2 4.68 -74 56.135
5 24 4.715 -74 56.153 4.733 -74 56.2 4.338 -75 55.822 5.023 -73 56.503
5 24 4.715 -74 56.153 5.023 -73 56.503 4.733 -74 56.2 4.969 -73 56.442
5 24 5.023 -73 56.503 5.05 -73 56.657 4.733 -74 56.2 5.336 -72 56.82
5 24 5.023 -73 56.503 5.336 -72 56.82 5.05 -73 56.657 5.261 -72 56.713
5 24 5.336 -72 56.82 5.373 -72 57.089 5.05 -73 56.657 5.573 -71 57.128
5 24 5.336 -72 56.82 5.573 -71 57.128 5.373 -72 57.089 5.443 -71 56.963
5 24 5.573 -71 57.128 5.638 -71 57.542 5.373 -72 57.089 5.791 -70 57.402
5 24 5.573 -71 57.128 5.791 -70 57.402 5.638 -71 57.542 5.605 -70 57.177
5 24 5.791 -70 57.402 5.884 -70 57.964 5.638 -71 57.542 6.07 -69 57.637
5 24 5.791 -70 57.402 6.07 -69 57.637 5.884 -70 57.964 5.81 -69 57.354
5 24 6.07 -69 57.637 6.2 -69 58.344 5.884 -70 57.964 6.242 -68 57.827
5 24 6.07 -69 57.637 6.242 -68 57.827 6.2 -69 58.344 5.81 -69 57.354
5 24 6.242 -68 57.827 6.4 -68 58.671 6.2 -69 58.344 6.411 -67 57.968
5 24 6.242 -68 57.827 6.411 -67 57.968 6.4 -68 58.671 6.034 -67 57.581
5 24 6.411 -67 57.968 6.6 -67 58.935 6.4 -68 58.671 6.578 -66 58.059
5 24 6.411 -67 57.968 6.578 -66 58.059 6.6 -67 58.935 6.135 -66 57.629
5 24 6.578 -66 58.059 6.8 -66 59.136 6.6 -67 58.935 6.706 -65 58.105
5 24 6.578 -66 58.059 6.706 -65 58.105 6.8 -66 59.136 6.199 -65 57.635
5 24 6.706 -65 58.105 6.96 -65 59.28 6.8 -66 59.136 6.831 -64 58.112
5 24 6.706 -65 58.105 6.831 -64 58.112 6.96 -65 59.28 6.253 -64 57.604
5 24 6.831 -64 58.112 7.12 -64 59.382 6.96 -65 59.28 6.952 -63 58.106
5 24 6.831 -64 58.112 6.952 -63 58.106 7.12 -64 59.382 6.296 -63 57.552
5 24 6.952 -63 58.106 7.28 -63 59.493 7.12 -64 59.382 7.069 -62 58.101
5 24 6.952 -63 58.106 7.069 -62 58.101 7.28 -63 59.493 6.296 -63 57.552
5 24 7.069 -62 58.101 7.44 -62 59.64 7.28 -63 59.493 7.18 -61 58.101
5 24 7.069 -62 58.101 7.18 -61 58.101 7.44 -62 59.64 6.326 -62 57.486
5 24 7.18 -61 58.101 7.6 -61 59.832 7.44 -62 59.64 7.284 -60 58.105
5 24 7.18 -61 58.101 7.284 -60 58.105 7.6 -61 59.832 6.34 -61 57.408
5 24 7.284 -60 58.105 7.76 -60 60.072 7.6 -61 59.832 7.377 -59 58.111
5 24 7.284 -60 58.105 7.377 -59 58.111 7.76 -60 60.072 6.332 -60 57.318
5 24 7.377 -59 58.111 7.92 -59 60.353 7.76 -60 60.072 7.452 -58 58.113
5 24 7.377 -59 58.111 7.452 -58 58.113 7.92 -59 60.353 6.292 -59 57.215
5 24 7.452 -58 58.113 8.08 -58 60.663 7.92 -59 60.353 7.416 -57 58.087
5 24 7.452 -58 58.113 7.416 -57 58.087 8.08 -58 60.663 6.196 -58 57.093
5 24 7.416 -57 58.087 8.24 -57 60.957 8.08 -58 60.663 7.56 -56 58.39
5 24 7.416 -57 58.087 7.56 -56 58.39 8.24 -57 60.957 5.768 -57 56.939
5 24 7.56 -56 58.39 8.4 -56 61.311 8.24 -57 60.957 7.668 -55 58.788
5 24 7.56 -56 58.39 7.668 -55 58.788 8.4 -56 61.311 5.964 -55 57.583
5 24 7.668 -55 58.788 8.52 -55 61.8 8.4 -56 61.311 7.686 -54 59.266
5 24 7.668 -55 58.788 7.686 -54 59.266 8.52 -55 61.8 5.978 -54 58.014
5 24 7.686 -54 59.266 8.54 -54 62.396 8.52 -55 61.8 7.704 -53 60.122
5 24 7.686 -54 59.266 7.704 -53 60.122 8.54 -54 62.396 5.992 -53 58.695
5 24 7.704 -53 60.122 8.56 -53 63.69 8.54 -54 62.396 7.722 -52 61.066
5 24 7.704 -53 60.122 7.722 -52 61.066 8.56 -53 63.69 6.006 -52 59.455
5 24 7.722 -52 61.066 8.58 -52 66.094 8.56 -53 63.69 7.614 -51 61.984
5 24 7.722 -52 61.066 7.614 -51 61.984 8.58 -52 66.094 5.922 -51 60.228
5 24 4.338 -75 55.822 4.68 -74 56.135 4.715 -74 56.153 4.559 -74 56.107
5 24 4.68 -74 56.135 4.715 -74 56.153 4.338 -75 55.822 4.969 -73 56.442
5 24 4.68 -74 56.135 4.969 -73 56.442 4.715 -74 56.153 4.779 -73 56.349
5 24 4.969 -73 56.442 5.023 -73 56.503 4.715 -74 56.153 5.261 -72 56.713
5 24 4.969 -73 56.442 5.261 -72 56.713 5.023 -73 56.503 5 -72 56.551
5 24 5.261 -72 56.713 5.336 -72 56.82 5.023 -73 56.503 5.443 -71 56.963
5 24 5.261 -72 56.713 5.443 -71 56.963 5.336 -72 56.82 4.989 -71 56.715
5 24 5.443 -71 56.963 5.605 -70 57.177 5.573 -71 57.128 4.955 -70 56.84
5 24 5.605 -70 57.177 5.791 -70 57.402 5.573 -71 57.128 5.81 -69 57.354
5 24 5.605 -70 57.177 5.81 -69 57.354 5.791 -70 57.402 4.899 -69 56.929
5 24 5.81 -69 57.354 6.07 -69 57.637 5.791 -70 57.402 5.926 -68 57.489
5 24 5.81 -69 57.354 5.926 -68 57.489 6.07 -69 57.637 4.899 -69 56.929
5 24 5.926 -68 57.489 6.242 -68 57.827 6.07 -69 57.637 6.034 -67 57.581
5 24 5.926 -68 57.489 6.034 -67 57.581 6.242 -68 57.827 4.714 -67 57
5 24 6.034 -67 57.581 6.411 -67 57.968 6.242 -68 57.827 6.135 -66 57.629
5 24 6.034 -67 57.581 6.135 -66 57.629 6.411 -67 57.968 4.714 -67 57
5 24 6.135 -66 57.629 6.578 -66 58.059 6.411 -67 57.968 6.199 -65 57.635
5 24 6.135 -66 57.629 6.199 -65 57.635 6.578 -66 58.059 4.583 -66 56.982
5 24 6.199 -65 57.635 6.706 -65 58.105 6.578 -66 58.059 6.253 -64 57.604
5 24 6.199 -65 57.635 6.253 -64 57.604 6.706 -65 58.105 4.422 -65 56.93
5 24 6.253 -64 57.604 6.831 -64 58.112 6.706 -65 58.105 6.296 -63 57.552
5 24 6.253 -64 57.604 6.296 -63 57.552 6.831 -64 58.112 4.229 -64 56.843
5 24 6.296 -63 57.552 6.952 -63 58.106 6.831 -64 58.112 6.326 -62 57.486
5 24 6.296 -63 57.552 6.326 -62 57.486 6.952 -63 58.106 4 -63 56.72
5 24 6.326 -62 57.486 7.069 -62 58.101 6.952 -63 58.106 6.34 -61 57.408
5 24 6.326 -62 57.486 6.34 -61 57.408 7.069 -62 58.101 3.727 -62 56.562
5 24 6.34 -61 57.408 7.18 -61 58.101 7.069 -62 58.101 6.332 -60 57.318
5 24 6.34 -61 57.408 6.332 -60 57.318 7.18 -61 58.101 3.399 -61 56.369
5 24 6.332 -60 57.318 7.284 -60 58.105 7.18 -61 58.101 6.292 -59 57.215
5 24 6.332 -60 57.318 6.292 -59 57.215 7.284 -60 58.105 3 -60 56.138
5 24 6.292 -59 57.215 7.377 -59 58.111 7.284 -60 58.105 6.196 -58 57.093
5 24 6.292 -59 57.215 6.196 -58 57.093 7.377 -59 58.111 2.495 -59 55.869
5 24 6.196 -58 57.093 7.452 -58 58.113 7.377 -59 58.111 7.416 -57 58.087
5 24 5.768 -57 56.939 7.416 -57 58.087 6.196 -58 57.093 5.88 -56 57.222
5 24 6.196 -58 57.093 5.768 -57 56.939 7.416 -57 58.087 1.8 -58 55.562
5 24 5.768 -57 56.939 5.88 -56 57.222 7.416 -57 58.087 0 -57 55.217
5 24 5.88 -56 57.222 7.56 -56 58.39 7.416 -57 58.087 5.964 -55 57.583
5 24 5.88 -56 57.222 5.964 -55 57.583 7.56 -56 58.39 0 -55 55.776
5 24 5.964 -55 57.583 7.668 -55 58.788 7.56 -56 58.39 5.978 -54 58.014
5 24 5.964 -55 57.583 5.978 -54 58.014 7.668 -55 58.788 0 -54 56.136
5 24 5.978 -54 58.014 7.686 -54 59.266 7.668 -55 58.788 5.992 -53 58.695
5 24 5.978 -54 58.014 5.992 -53 58.695 7.686 -54 59.266 0 -53 56.555
5 24 5.992 -53 58.695 7.704 -53 60.122 7.686 -54 59.266 6.006 -52 59.455
5 24 5.992 -53 58.695 6.006 -52 59.455 7.704 -53 60.122 0 -52 57.038
5 24 6.006 -52 59.455 7.722 -52 61.066 7.704 -53 60.122 5.922 -51 60.228
5 24 6.006 -52 59.455 5.922 -51 60.228 7.722 -52 61.066 0 -51 57.594
5 24 5.922 -51 60.228 7.614 -51 61.984 7.722 -52 61.066 5.782 -50 60.7
5 24 4.559 -74 56.107 4.68 -74 56.135 4.338 -75 55.822 4.779 -73 56.349
5 24 4.779 -73 56.349 4.969 -73 56.442 4.68 -74 56.135 5 -72 56.551
5 24 5 -72 56.551 5.261 -72 56.713 4.969 -73 56.442 4.989 -71 56.715
5 24 4.989 -71 56.715 5.443 -71 56.963 5.261 -72 56.713 4.955 -70 56.84
5 24 4.955 -70 56.84 5.605 -70 57.177 5.443 -71 56.963 4.899 -69 56.929
5 24 4.899 -69 56.929 5.81 -69 57.354 5.605 -70 57.177 4.819 -68 56.982
5 24 4.819 -68 56.982 5.926 -68 57.489 5.81 -69 57.354 4.714 -67 57
5 24 4.714 -67 57 6.034 -67 57.581 5.926 -68 57.489 6.135 -66 57.629
5 24 4.583 -66 56.982 6.135 -66 57.629 4.714 -67 57 6.199 -65 57.635
5 24 4.422 -65 56.93 6.199 -65 57.635 4.583 -66 56.982 6.253 -64 57.604
5 24 4.229 -64 56.843 6.253 -64 57.604 4.422 -65 56.93 6.296 -63 57.552
5 24 4 -63 56.72 6.296 -63 57.552 4.229 -64 56.843 6.326 -62 57.486
5 24 3.727 -62 56.562 6.326 -62 57.486 4 -63 56.72 3.399 -61 56.369
5 24 3.399 -61 56.369 6.34 -61 57.408 6.326 -62 57.486 3 -60 56.138
5 24 2.495 -59 55.869 6.292 -59 57.215 6.332 -60 57.318 6.196 -58 57.093
5 24 1.8 -58 55.562 6.196 -58 57.093 2.495 -59 55.869 5.768 -57 56.939
5 24 0 -57 55.217 5.768 -57 56.939 1.8 -58 55.562 0 -56 55.469
5 24 0 -56 55.469 5.88 -56 57.222 5.768 -57 56.939 0 -55 55.776
5 24 0 -55 55.776 5.964 -55 57.583 5.88 -56 57.222 0 -54 56.136
5 24 0 -53 56.555 5.992 -53 58.695 5.978 -54 58.014 0 -52 57.038
5 24 0 -52 57.038 6.006 -52 59.455 5.992 -53 58.695 0 -51 57.594
5 24 0 -51 57.594 5.922 -51 60.228 6.006 -52 59.455 0 -50 58.241
5 24 0 -88.058 46.017 1.471 -88 46.112 1.3 -89 44.3 0 -87.046 47.519
5 24 0 -87.046 47.519 1.691 -87 47.582 1.471 -88 46.112 0 -85.9 48.937
5 24 0 -85.9 48.937 1.912 -86 48.822 1.691 -87 47.582 2.132 -85 49.897
5 24 0 -84.628 50.263 2.132 -85 49.897 0 -85.9 48.937 1.912 -84 50.843
5 24 0 -84.628 50.263 1.912 -84 50.843 2.132 -85 49.897 0 -83.237 51.489
5 24 0 -83.237 51.489 2.574 -83 51.679 1.912 -84 50.843 2.794 -82 52.423
5 24 0 -81.736 52.607 3.015 -81 53.091 2.794 -82 52.423 0 -80.135 53.611
5 24 0 -80.135 53.611 3.235 -80 53.688 3.015 -81 53.091 0 -78.443 54.493
5 24 0 -78.443 54.493 3.456 -79 54.221 3.235 -80 53.688 3.676 -78 54.698
5 24 0 -78.443 54.493 3.676 -78 54.698 3.456 -79 54.221 0 -76.671 55.249
5 24 0 -76.671 55.249 3.897 -77 55.12 3.676 -78 54.698 3.496 -76 55.495
5 24 0 -76.671 55.249 3.496 -76 55.495 3.897 -77 55.12 0 -74.829 55.874
5 24 0 -74.829 55.874 4.338 -75 55.822 3.496 -76 55.495 4.559 -74 56.107
5 24 0 -74.829 55.874 4.559 -74 56.107 4.338 -75 55.822 0 -72.929 56.365
5 24 0 -72.929 56.365 4.779 -73 56.349 4.559 -74 56.107 5 -72 56.551
5 24 0 -72.929 56.365 5 -72 56.551 4.779 -73 56.349 0 -70.983 56.717
5 24 0 -70.983 56.717 4.989 -71 56.715 5 -72 56.551 4.955 -70 56.84
5 24 0 -70.983 56.717 4.955 -70 56.84 4.989 -71 56.715 0 -69.003 56.929
5 24 0 -69.003 56.929 4.899 -69 56.929 4.955 -70 56.84 4.819 -68 56.982
5 24 0 -69.003 56.929 4.819 -68 56.982 4.899 -69 56.929 0 -67 57
5 24 0 -67 57 4.714 -67 57 4.819 -68 56.982 4.583 -66 56.982
5 24 0 -67 57 4.583 -66 56.982 4.714 -67 57 4.422 -65 56.93
5 24 0 -64.988 56.929 4.422 -65 56.93 4.583 -66 56.982 4.229 -64 56.843
5 24 0 -64.988 56.929 4.229 -64 56.843 4.422 -65 56.93 4 -63 56.72
5 24 0 -62.978 56.717 4 -63 56.72 0 -64.988 56.929 3.727 -62 56.562
5 24 0 -62.978 56.717 3.727 -62 56.562 4 -63 56.72 0 -60.983 56.365
5 24 0 -60.983 56.365 3.399 -61 56.369 3.727 -62 56.562 3 -60 56.138
5 24 0 -60.983 56.365 3 -60 56.138 3.399 -61 56.369 2.495 -59 55.869
5 24 0 -59.016 55.874 2.495 -59 55.869 0 -60.983 56.365 1.8 -58 55.562
5 24 0 -57.088 55.249 1.8 -58 55.562 0 -59.016 55.874 0 -57 55.217
5 24 1.691 -87 47.582 1.559 -87 48.367 1.471 -88 46.112 1.912 -86 48.822
5 24 1.912 -86 48.822 1.794 -86 50.665 1.559 -87 48.367 2.132 -85 49.897
5 24 2.794 -82 52.423 3.039 -82 52.856 2.574 -83 51.679 3.015 -81 53.091
5 24 3.015 -81 53.091 3.3 -81 54.035 3.039 -82 52.856 3.235 -80 53.688
5 24 3.235 -80 53.688 3.56 -80 55.176 3.3 -81 54.035 3.456 -79 54.221
5 24 3.456 -79 54.221 3.82 -79 56.223 3.56 -80 55.176 3.676 -78 54.698
5 24 3.676 -78 54.698 4.08 -78 57.124 3.82 -79 56.223 3.897 -77 55.12
5 24 7.614 -51 76.973 7.434 -50 77.035 6.09 -51 78.973 8.037 -51 75.058
5 24 7.434 -50 77.035 5.93 -50 79.035 6.09 -51 78.973 6.975 -49 76.992
5 24 7.434 -50 77.035 6.975 -49 76.992 5.93 -50 79.035 7.363 -49 75.077
5 24 6.975 -49 76.992 5.53 -49 78.992 5.93 -50 79.035 6.336 -48 76.584
5 24 6.975 -49 76.992 6.336 -48 76.584 5.53 -49 78.992 7.363 -49 75.077
5 24 6.336 -48 76.584 4.98 -48 78.584 5.53 -49 78.992 5.4 -47 75.549
5 24 6.336 -48 76.584 5.4 -47 75.549 4.98 -48 78.584 6.688 -48 74.669
5 24 5.4 -47 75.549 4.07 -47 77.549 4.98 -48 78.584 0 -46 76
5 24 5.4 -47 75.549 0 -46 76 4.07 -47 77.549 0 -46 74.085
5 24 8.037 -51 75.058 7.847 -50 75.12 7.614 -51 76.973 8.26 -50 73.12
5 24 7.847 -50 75.12 7.434 -50 77.035 7.614 -51 76.973 7.363 -49 75.077
5 24 7.847 -50 75.12 7.363 -49 75.077 7.434 -50 77.035 7.75 -49 73.077
5 24 7.363 -49 75.077 6.975 -49 76.992 7.434 -50 77.035 6.336 -48 76.584
5 24 7.363 -49 75.077 6.688 -48 74.669 6.336 -48 76.584 7.75 -49 73.077
5 24 6.688 -48 74.669 6.336 -48 76.584 7.363 -49 75.077 5.4 -47 75.549
5 24 6.688 -48 74.669 5.7 -47 73.634 5.4 -47 75.549 7.04 -48 72.669
5 24 5.7 -47 73.634 5.4 -47 75.549 6.688 -48 74.669 0 -46 74.085
5 24 5.7 -47 73.634 0 -46 74.085 5.4 -47 75.549 0 -46 72.085
5 24 8.26 -50 73.12 7.847 -50 75.12 8.037 -51 75.058 7.75 -49 73.077
5 24 8.26 -50 73.12 7.75 -49 73.077 7.847 -50 75.12 8.26 -50 68.435
5 24 7.75 -49 73.077 7.363 -49 75.077 7.847 -50 75.12 6.688 -48 74.669
5 24 7.75 -49 73.077 7.04 -48 72.669 6.688 -48 74.669 7.75 -49 68.392
5 24 7.04 -48 72.669 6.688 -48 74.669 7.75 -49 73.077 5.7 -47 73.634
5 24 7.04 -48 72.669 6 -47 71.634 5.7 -47 73.634 7.04 -48 67.984
5 24 6 -47 71.634 5.7 -47 73.634 7.04 -48 72.669 0 -46 72.085
5 24 6 -47 71.634 0 -46 72.085 5.7 -47 73.634 6 -47 66.949
5 24 8.26 -50 68.435 8.26 -50 73.12 8.46 -51 68.373 7.75 -49 68.392
5 24 7.75 -49 68.392 7.75 -49 73.077 8.26 -50 73.12 7.04 -48 67.984
5 24 7.04 -48 67.984 7.04 -48 72.669 7.75 -49 73.077 6 -47 66.949
5 24 6 -47 66.949 6 -47 71.634 7.04 -48 72.669 0 -46 67.4
5 24 8.26 -50 66.435 8.26 -50 68.435 8.46 -51 68.373 7.75 -49 66.392
5 24 8.26 -50 66.435 7.75 -49 66.392 8.26 -50 68.435 6.975 -49 62.699
5 24 7.75 -49 66.392 7.75 -49 68.392 8.26 -50 68.435 7.04 -48 65.984
5 24 7.75 -49 66.392 7.04 -48 65.984 7.75 -49 68.392 6.975 -49 62.699
5 24 7.04 -48 65.984 7.04 -48 67.984 7.75 -49 68.392 6 -47 64.949
5 24 7.04 -48 65.984 6 -47 64.949 7.04 -48 67.984 6.336 -48 62.959
5 24 6 -47 64.949 6 -47 66.949 7.04 -48 67.984 0 -46 65.4
5 24 7.614 -51 61.984 7.434 -50 62.338 8.26 -50 66.435 5.782 -50 60.7
5 24 7.434 -50 62.338 8.26 -50 66.435 7.614 -51 61.984 6.975 -49 62.699
5 24 7.434 -50 62.338 6.975 -49 62.699 8.26 -50 66.435 5.425 -49 61.221
5 24 6.975 -49 62.699 7.75 -49 66.392 8.26 -50 66.435 7.04 -48 65.984
5 24 6.975 -49 62.699 6.336 -48 62.959 7.04 -48 65.984 5.425 -49 61.221
5 24 6.336 -48 62.959 7.04 -48 65.984 6.975 -49 62.699 6 -47 64.949
5 24 6.336 -48 62.959 5.4 -47 63.049 6 -47 64.949 4.928 -48 61.748
5 24 5.4 -47 63.049 6 -47 64.949 6.336 -48 62.959 0 -46 65.187
5 24 5.4 -47 63.049 0 -46 65.187 6 -47 64.949 0 -46 64.42
5 24 5.922 -51 60.228 5.782 -50 60.7 7.614 -51 61.984 0 -50 58.241
5 24 5.782 -50 60.7 7.434 -50 62.338 7.614 -51 61.984 5.425 -49 61.221
5 24 5.782 -50 60.7 5.425 -49 61.221 7.434 -50 62.338 0 -49 59.005
5 24 5.425 -49 61.221 6.975 -49 62.699 7.434 -50 62.338 6.336 -48 62.959
5 24 5.425 -49 61.221 4.928 -48 61.748 6.336 -48 62.959 0 -48 59.933
5 24 4.928 -48 61.748 6.336 -48 62.959 5.425 -49 61.221 5.4 -47 63.049
5 24 4.928 -48 61.748 4.2 -47 62.289 5.4 -47 63.049 0 -48 59.933
5 24 4.2 -47 62.289 5.4 -47 63.049 4.928 -48 61.748 0 -46 64.42
5 24 4.2 -47 62.289 0 -46 64.42 5.4 -47 63.049 0 -46 64
5 24 0 -50 58.241 5.782 -50 60.7 5.922 -51 60.228 0 -49 59.005
5 24 0 -49 59.005 5.425 -49 61.221 5.782 -50 60.7 0 -48 59.933
5 24 0 -48 59.933 4.928 -48 61.748 5.425 -49 61.221 4.2 -47 62.289
5 24 0 -47 61.148 4.2 -47 62.289 0 -48 59.933 0 -46 64
5 24 0.7 -89.659 42.802 0.91 -89 45.636 0 -89.659 42.802 1.17 -89 44.968
5 24 0.7 -89.659 42.802 1.17 -89 44.968 0.91 -89 45.636 1.3 -89 44.3
0 // middle condlines
5 24 0 -88 50.029 0 -89 45.97 0.975 -88 49.478 -0.975 -88 49.478
5 24 0 -87 53.145 0 -88 50.029 0.975 -88 49.478 -1.044 -87 52.589
5 24 0 -86 55.136 0 -87 53.145 1.115 -86 54.642 -1.115 -86 54.642
5 24 0 -85 56.959 0 -86 55.136 1.19 -85 56.49 -1.19 -85 56.49
5 24 0 -84 58.533 0 -85 56.959 1.266 -84 58.134 -1.266 -84 58.134
5 24 0 -83 59.789 0 -84 58.533 1.342 -83 59.419 -1.342 -83 59.419
5 24 0 -82 61 0 -83 59.789 1.342 -83 59.419 -1.423 -82 60.631
5 24 0 -81 62.112 0 -82 61 1.423 -82 60.631 -1.511 -81 61.73
5 24 0 -80 63.073 0 -81 62.112 1.61 -80 62.691 -1.61 -80 62.691
5 24 0 -79 64.012 0 -80 63.073 1.61 -80 62.691 -1.711 -79 63.616
5 24 0 -78 64.943 0 -79 64.012 1.711 -79 63.616 -1.813 -78 64.52
5 24 0 -77 65.861 0 -78 64.943 1.813 -78 64.52 -1.928 -77 65.393
5 24 0 -76 66.698 0 -77 65.861 1.928 -77 65.393 -2.066 -76 66.198
5 24 0 -75 67.424 0 -76 66.698 2.24 -75 66.911 -2.24 -75 66.911
5 24 0 -74 68.036 0 -75 67.424 2.476 -74 67.527 -2.476 -74 67.527
5 24 0 -73 68.54 0 -74 68.036 2.476 -74 67.527 -2.476 -74 67.527
5 24 0 -72 69.018 0 -73 68.54 2.765 -73 68.05 -2.765 -73 68.05
5 24 0 -71 69.493 0 -72 69.018 3.07 -72 68.548 -3.07 -72 68.548
5 24 0 -70 69.919 0 -71 69.493 3.351 -71 69.038 -3.351 -71 69.038
5 24 0 -69 70.275 0 -70 69.919 3.57 -70 69.482 -3.57 -70 69.482
5 24 0 -68 70.651 0 -69 70.275 3.714 -69 69.862 -3.714 -69 69.862
5 24 0 -67 71.092 0 -68 70.651 3.81 -68 70.25 -3.876 -67 70.686
5 24 0 -66 71.576 0 -67 71.092 3.876 -67 70.686 -3.93 -66 71.158
5 24 0 -65 72.094 0 -66 71.576 3.93 -66 71.158 -3.99 -65 71.661
5 24 0 -64 72.6 0 -65 72.094 3.99 -65 71.661 -4.057 -64 72.156
5 24 0 -63 73.082 0 -64 72.6 4.057 -64 72.156 -4.119 -63 72.628
5 24 0 -62 73.53 0 -63 73.082 4.119 -63 72.628 -4.175 -62 73.067
5 24 0 -61 74.076 0 -62 73.53 4.225 -61 73.584 -4.225 -61 73.584
5 24 0 -60 74.741 0 -61 74.076 4.27 -60 74.208 -4.27 -60 74.208
5 24 0 -59 75.54 0 -60 74.741 4.314 -59 74.952 -4.314 -59 74.952
5 24 0 -58 76.377 0 -59 75.54 4.358 -58 75.731 -4.358 -58 75.731
5 24 0 -57 77.153 0 -58 76.377 4.393 -57 76.452 -4.393 -57 76.452
5 24 0 -56 77.933 0 -57 77.153 4.413 -56 77.188 -4.413 -56 77.188
5 24 0 -55 78.721 0 -56 77.933 4.413 -56 77.188 -4.41 -55 77.979
5 24 0 -54 79.4 0 -55 78.721 4.396 -54 78.727 -4.396 -54 78.727
5 24 0 -53 80.022 0 -54 79.4 4.375 -53 79.464 -4.375 -53 79.464
5 24 0 -52 80.638 0 -53 80.022 4.347 -52 80.23 -4.347 -52 80.23
5 24 0 -51 80.973 0 -52 80.638 4.347 -52 80.23 -4.141 -51 80.573
5 24 0 -50 81.035 0 -51 80.973 3.914 -50 80.635 -3.914 -50 80.635
5 24 0 -49 80.992 0 -50 81.035 3.539 -49 80.592 -3.539 -49 80.592
5 24 0 -48 80.584 0 -49 80.992 3.088 -48 80.184 -3.088 -48 80.184
5 24 0 -47 79.549 0 -48 80.584 2.442 -47 79.149 -2.442 -47 79.149
5 24 0 -46 78 0 -47 79.549 2.442 -47 79.149 -2.442 -47 79.149
5 24 0 -57 55.217 0 -56 55.469 5.768 -57 56.939 -5.768 -57 56.939
5 24 0 -56 55.469 0 -55 55.776 5.88 -56 57.222 -5.88 -56 57.222
5 24 0 -55 55.776 0 -54 56.136 5.964 -55 57.583 -5.964 -55 57.583
5 24 0 -54 56.136 0 -53 56.555 5.978 -54 58.014 -5.964 -55 57.583
5 24 0 -53 56.555 0 -52 57.038 5.992 -53 58.695 -5.992 -53 58.695
5 24 0 -52 57.038 0 -51 57.594 6.006 -52 59.455 -6.006 -52 59.455
5 24 0 -88.931 44.442 0 -88.058 46.017 1.3 -89 44.3 -1.3 -89 44.3
5 24 0 -88.058 46.017 0 -87.046 47.519 1.471 -88 46.112 -1.471 -88 46.112
5 24 0 -87.046 47.519 0 -85.9 48.937 1.691 -87 47.582 -1.691 -87 47.582
5 24 0 -85.9 48.937 0 -84.628 50.263 2.132 -85 49.897 -2.132 -85 49.897
5 24 0 -84.628 50.263 0 -83.237 51.489 1.912 -84 50.843 -1.912 -84 50.843
5 24 0 -83.237 51.489 0 -81.736 52.607 2.794 -82 52.423 -2.574 -83 51.679
5 24 0 -81.736 52.607 0 -80.135 53.611 3.015 -81 53.091 -3.015 -81 53.091
5 24 0 -80.135 53.611 0 -78.443 54.493 3.235 -80 53.688 -3.235 -80 53.688
5 24 0 -78.443 54.493 0 -76.671 55.249 3.676 -78 54.698 -3.676 -78 54.698
5 24 0 -76.671 55.249 0 -74.829 55.874 3.496 -76 55.495 -3.496 -76 55.495
5 24 0 -74.829 55.874 0 -72.929 56.365 4.559 -74 56.107 -4.559 -74 56.107
5 24 0 -72.929 56.365 0 -70.983 56.717 5 -72 56.551 -5 -72 56.551
5 24 0 -70.983 56.717 0 -69.003 56.929 4.955 -70 56.84 -4.955 -70 56.84
5 24 0 -69.003 56.929 0 -67 57 4.819 -68 56.982 -4.819 -68 56.982
5 24 0 -67 57 0 -64.988 56.929 4.422 -65 56.93 -4.583 -66 56.982
5 24 0 -62.978 56.717 0 -60.983 56.365 3.727 -62 56.562 -3.727 -62 56.562
5 24 0 -59.016 55.874 0 -57.088 55.249 1.8 -58 55.562 -1.8 -58 55.562
5 24 0 -57.088 55.249 0 -57 55.217 1.8 -58 55.562 -1.8 -58 55.562
5 24 0 -46 76 0 -46 78 4.07 -47 77.549 -4.07 -47 77.549
5 24 0 -46 74.085 0 -46 76 5.4 -47 75.549 -5.4 -47 75.549
5 24 0 -46 72.085 0 -46 74.085 5.7 -47 73.634 -5.7 -47 73.634
5 24 0 -46 67.4 0 -46 72.085 6 -47 71.634 -6 -47 66.949
5 24 0 -46 65.4 0 -46 67.4 6 -47 66.949 -6 -47 64.949
5 24 0 -46 65.187 0 -46 65.4 6 -47 64.949 -6 -47 64.949
5 24 0 -46 64.42 0 -46 65.187 5.4 -47 63.049 -5.4 -47 63.049
5 24 0 -51 57.594 0 -50 58.241 5.922 -51 60.228 -5.922 -51 60.228
5 24 0 -50 58.241 0 -49 59.005 5.782 -50 60.7 -5.782 -50 60.7
5 24 0 -49 59.005 0 -48 59.933 5.425 -49 61.221 -5.425 -49 61.221
5 24 0 -48 59.933 0 -47 61.148 4.2 -47 62.289 -4.2 -47 62.289
5 24 0 -46 64 0 -46 64.42 4.2 -47 62.289 -4.2 -47 62.289
5 24 0 -47 61.148 0 -46 64 4.2 -47 62.289 -4.2 -47 62.289
5 24 0 -89 45.97 0 -89.659 42.802 0.91 -89 45.636 -0.91 -89 45.636

0 FILE parts/s/4494s.dat
0 ~Animal Horse Body Connector Female - 1/6
0 Name: s\4494s.dat
0 Author: Bernd Broich [bbroich]
0 !LDRAW_ORG Subpart UPDATE 2015-01
0 !LICENSE Licensed under CC BY 4.0 : see CAreadme.txt

0 BFC CERTIFY CCW

0 !HISTORY 2002-04-25 [PTadmin] Official Update 2002-02
0 !HISTORY 2007-09-09 [PTadmin] Header formatted for Contributor Agreement
0 !HISTORY 2008-07-01 [PTadmin] Official Update 2008-01
0 !HISTORY 2014-12-11 [MagFors] Made BFC compliant
0 !HISTORY 2015-10-11 [PTadmin] Official Update 2015-01


0 // Top

2 24 3.2154 0 8.5359 3.2154 0 12
2 24 3.2154 0 8.5359 3.6077 0 7.1547
2 24 4 0 6.9282 3.6077 0 7.1547
2 24 4.1411 0 15.4545 0 0 16
2 24 8 0 13.8564 4.1411 0 15.4545
4 16 6 0 10.3923 3.2154 0 12 3.2154 0 8.5359 3.6077 0 7.1547
3 16 6 0 10.3923 3.6077 0 7.1547 4 0 6.9282
4 16 4.1411 0 15.4545 0 0 16 0 0 12 3.2154 0 12
4 16 3.2154 0 12 6 0 10.3923 8 0 13.8564 4.1411 0 15.4545
0 // Bottom
2 24 3.2154 1 8.5359 3.2154 1 12
2 24 3.2154 1 8.5359 3.6077 1 7.1547
2 24 4 1 6.9282 3.6077 1 7.1547
2 24 4.1411 1 15.4545 0 1 16
2 24 8 1 13.8564 4.1411 1 15.4545
0 // Mantle
1 16 1.6077 0.5 12 0 0 1.6077 0.5 0 0 0 1 0 rect3.dat
4 16 3.2154 0 8.5359 3.2154 0 12 3.2154 1 12 3.2154 1 8.5359
4 16 3.2154 1 8.5359 3.6077 1 7.1547 3.6077 0 7.1547 3.2154 0 8.5359
4 16 4 0 6.9282 3.6077 0 7.1547 3.6077 1 7.1547 4 1 6.9282
4 16 4.1411 1 15.4545 0 1 16 0 0 16 4.1411 0 15.4545
4 16 8 1 13.8564 4.1411 1 15.4545 4.1411 0 15.4545 8 0 13.8564
5 24 0 0 16 0 1 16 -4.1411 0 15.4545 4.1411 0 15.4545
5 24 3.2154 0 8.5359 3.2154 1 8.5359 3.6077 0 7.1547 3.2154 0 12
5 24 3.6077 0 7.1547 3.6077 1 7.1547 3.2154 0 8.5359 4.3923 0 6.7017
5 24 4.1411 0 15.4545 4.1411 1 15.4545 8 0 13.8561 0 0 16
5 24 8 0 13.8564 8 1 13.8564 11.3135 0 11.3134 4.1411 0 15.4545

0 FILE parts/s/4492s02.dat
0 ~Animal Horse Head - Side without Surface and Mane Groove
0 Name: s\4492s02.dat
0 Author: Willy Tschager [Holly-Wood]
0 !LDRAW_ORG Subpart UPDATE 2019-03
0 !LICENSE Licensed under CC BY 4.0 : see CAreadme.txt

0 BFC CERTIFY CCW

0 !HISTORY 2019-11-21 [Holly-Wood] Subfiled mane groove
0 !HISTORY 2019-12-27 [PTadmin] Official Update 2019-03


0 // ear
0 // ear outer plane
2 24 6.406 -73 -23 6.512 -66.25 -20.22
2 24 6.512 -66.25 -20.22 6.539 -64.5 -19.5
2 24 6.406 -73 -27 6.512 -66.25 -28.35
2 24 6.512 -66.25 -28.35 6.539 -64.5 -28.7
0 // ear frontside
3 16 1.75 -66.25 -28.35 0 -66.25 -28.35 0 -64.5 -28.7
4 16 6.512 -66.25 -28.35 1.75 -66.25 -28.35 0 -64.5 -28.7 6.539 -64.5 -28.7
2 24 6.539 -64.5 -28.7 0 -64.5 -28.7
0 // ear mane free backside
3 16 1.75 -66.25 -20.22 0 -64.5 -19.5 0 -66.25 -20.22
4 16 3.25 -64.5 -19.5 0 -64.5 -19.5 1.75 -66.25 -20.22 6.512 -66.25 -20.22
3 16 3.25 -64.5 -19.5 6.512 -66.25 -20.22 6.539 -64.5 -19.5
2 24 3.25 -64.5 -19.5 0 -64.5 -19.5
0 // ear outer round lines
2 24 6.406 -73 -23 6.367 -73.716 -23.5
2 24 6.367 -73.716 -23.5 6.328 -74.307 -24
2 24 6.328 -74.307 -24 6.289 -74.745 -24.5
2 24 6.289 -74.745 -24.5 6.25 -75 -25
2 24 6.25 -75 -25 6.289 -75.034 -25.5
2 24 6.289 -75.034 -25.5 6.328 -74.769 -26
2 24 6.328 -74.769 -26 6.367 -74.12 -26.5
2 24 6.367 -74.12 -26.5 6.406 -73 -27
0 // ear inner round lines
2 24 2.907 -73 -23 3.03 -73.716 -23.5
2 24 3.03 -73.716 -23.5 3.131 -74.307 -24
2 24 3.131 -74.307 -24 3.206 -74.745 -24.5
2 24 3.206 -74.745 -24.5 3.25 -75 -25
2 24 3.25 -75 -25 3.256 -75.034 -25.5
2 24 3.256 -75.034 -25.5 3.21 -74.769 -26
2 24 3.21 -74.769 -26 3.099 -74.12 -26.5
2 24 3.099 -74.12 -26.5 2.907 -73 -27
0 // ear inner round plane
4 16 3.03 -73.716 -23.5 2.907 -73 -23 2.907 -73 -25 3.131 -74.307 -24
4 16 3.206 -74.745 -24.5 3.131 -74.307 -24 2.907 -73 -25 3.25 -75 -25
4 16 3.256 -75.034 -25.5 3.25 -75 -25 2.907 -73 -25 3.21 -74.769 -26
4 16 3.099 -74.12 -26.5 3.21 -74.769 -26 2.907 -73 -25 2.907 -73 -27
0 // ear inner plane
2 24 2.907 -73 -23 1.75 -66.25 -20.22
2 24 2.907 -73 -27 1.75 -66.25 -28.35
3 16 1.75 -66.25 -28.35 2.907 -73 -27 2.907 -73 -25
4 16 2.907 -73 -23 1.75 -66.25 -20.22 1.75 -66.25 -28.35 2.907 -73 -25
0 // ear mantle
4 16 6.406 -73 -23 6.512 -66.25 -20.22 1.75 -66.25 -20.22 2.907 -73 -23
4 16 2.907 -73 -27 1.75 -66.25 -28.35 6.512 -66.25 -28.35 6.406 -73 -27
0 // ear round mantle
4 16 2.907 -73 -23 3.03 -73.716 -23.5 6.367 -73.716 -23.5 6.406 -73 -23
4 16 3.03 -73.716 -23.5 3.131 -74.307 -24 6.328 -74.307 -24 6.367 -73.716 -23.5
4 16 3.131 -74.307 -24 3.206 -74.745 -24.5 6.289 -74.745 -24.5 6.328 -74.307 -24
4 16 3.206 -74.745 -24.5 3.25 -75 -25 6.25 -75 -25 6.289 -74.745 -24.5
4 16 3.25 -75 -25 3.256 -75.034 -25.5 6.289 -75.034 -25.5 6.25 -75 -25
4 16 3.256 -75.034 -25.5 3.21 -74.769 -26 6.328 -74.769 -26 6.289 -75.034 -25.5
4 16 3.21 -74.769 -26 3.099 -74.12 -26.5 6.367 -74.12 -26.5 6.328 -74.769 -26
4 16 3.099 -74.12 -26.5 2.907 -73 -27 6.406 -73 -27 6.367 -74.12 -26.5
0 // ear optional lines for round mantle
0 // ear inner base
1 16 .875 -66.25 -24.285 0 0 .875 0 1 0 -4.065 0 0 rect3.dat
0 // forehead

0 // forehead groove
2 24 6.539 -64.5 -28.7 6.089 -64.25 -29.335
2 24 6.089 -64.25 -29.335 6.639 -64 -29.975
2 24 7.148 -58.725 -36.5 6.664 -59.365 -36.7
2 24 6.664 -59.365 -36.7 7.118 -60 -37
0 // forehead side inner frame
2 24 7.118 -60 -37 7.207 -61 -37.25
2 24 7.207 -61 -37.25 6.639 -64 -29.975
0 // forehead top
2 24 7.207 -61 -37.25 0 -61 -37.25
4 16 0 -64.5 -28.7 0 -64.25 -29.335 6.089 -64.25 -29.335 6.539 -64.5 -28.7
4 16 0 -64.25 -29.335 0 -64 -29.975 6.639 -64 -29.975 6.089 -64.25 -29.335
4 16 0 -64 -29.975 0 -61 -37.25 7.207 -61 -37.25 6.639 -64 -29.975
0 // forehead front
2 24 7.118 -60 -37 0 -60 -37
2 24 6.664 -59.365 -36.7 0 -59.365 -36.7
2 24 7.148 -58.725 -36.5 0 -58.725 -36.5
4 16 0 -61 -37.25 0 -60 -37 7.118 -60 -37 7.207 -61 -37.25
4 16 7.118 -60 -37 0 -60 -37 0 -59.365 -36.7 6.664 -59.365 -36.7
4 16 0 -59.365 -36.7 0 -58.725 -36.5 7.148 -58.725 -36.5 6.664 -59.365 -36.7
0 // camber
2 24 7.148 -58.725 -36.5 7.141 -58 -36.4
2 24 7.141 -58 -36.4 7.203 -57 -37.2
2 24 7.203 -57 -37.2 7.254 -56 -37.851
2 24 7.254 -56 -37.851 7.292 -55 -38.343
2 24 7.292 -55 -38.343 7.32 -54 -38.7
2 24 7.32 -54 -38.7 7.341 -53 -38.958
2 24 7.341 -53 -38.958 7.36 -52 -39.21
2 24 7.36 -52 -39.21 7.388 -51 -39.56
2 24 7.388 -51 -39.56 7.43 -50 -40.106
2 24 7.43 -50 -40.106 7.49 -49 -40.871
2 24 7.49 -49 -40.871 7.565 -48 -41.832
2 24 7.565 -48 -41.832 7.654 -47 -42.97
2 24 7.654 -47 -42.97 7.755 -46 -44.26
2 24 7.755 -46 -44.26 7.866 -45 -45.683
2 24 7.866 -45 -45.683 7.986 -44 -47.215
2 24 7.986 -44 -47.215 8.112 -43 -48.834
2 24 8.112 -43 -48.834 8.244 -42 -50.52
2 24 8.244 -42 -50.52 8.379 -41 -52.249
2 24 8.379 -41 -52.249 8.516 -40 -54
4 16 0 -58.725 -36.5 0 -58 -36.4 7.141 -58 -36.4 7.148 -58.725 -36.5
4 16 0 -58 -36.4 0 -57 -37.2 7.203 -57 -37.2 7.141 -58 -36.4
4 16 0 -57 -37.2 0 -56 -37.851 7.254 -56 -37.851 7.203 -57 -37.2
4 16 0 -56 -37.851 0 -55 -38.343 7.292 -55 -38.343 7.254 -56 -37.851
4 16 0 -55 -38.343 0 -54 -38.7 7.32 -54 -38.7 7.292 -55 -38.343
4 16 0 -54 -38.7 0 -53 -38.958 7.341 -53 -38.958 7.32 -54 -38.7
4 16 0 -53 -38.958 0 -52 -39.21 7.36 -52 -39.21 7.341 -53 -38.958
4 16 0 -52 -39.21 0 -51 -39.56 7.388 -51 -39.56 7.36 -52 -39.21
4 16 0 -51 -39.56 0 -50 -40.106 7.43 -50 -40.106 7.388 -51 -39.56
4 16 0 -50 -40.106 0 -49 -40.871 7.49 -49 -40.871 7.43 -50 -40.106
4 16 0 -49 -40.871 0 -48 -41.832 7.565 -48 -41.832 7.49 -49 -40.871
4 16 0 -48 -41.832 0 -47 -42.97 7.654 -47 -42.97 7.565 -48 -41.832
4 16 0 -47 -42.97 0 -46 -44.26 7.755 -46 -44.26 7.654 -47 -42.97
4 16 0 -46 -44.26 0 -45 -45.683 7.866 -45 -45.683 7.755 -46 -44.26
4 16 0 -45 -45.683 0 -44 -47.215 7.986 -44 -47.215 7.866 -45 -45.683
4 16 0 -44 -47.215 0 -43 -48.834 8.112 -43 -48.834 7.986 -44 -47.215
4 16 0 -43 -48.834 0 -42 -50.52 8.244 -42 -50.52 8.112 -43 -48.834
4 16 0 -42 -50.52 0 -41 -52.249 8.379 -41 -52.249 8.244 -42 -50.52
4 16 0 -41 -52.249 0 -40 -54 8.516 -40 -54 8.379 -41 -52.249
0 // muzzle
2 24 8.516 -40 -54 8.594 -39 -55
2 24 8.594 -39 -55 8.659 -38 -55.833
2 24 8.659 -38 -55.833 8.711 -37 -56.5
2 24 8.711 -37 -56.5 8.747 -36 -56.963
2 24 8.747 -36 -56.963 8.77 -35 -57.259
2 24 8.77 -35 -57.259 8.789 -34 -57.5
2 24 8.789 -34 -57.5 8.806 -33 -57.722
2 24 8.806 -33 -57.722 8.819 -32 -57.889
2 24 8.819 -32 -57.889 8.828 -31 -58
2 24 8.828 -31 -58 8.82 -30.5 -57.9
2 24 8.82 -30.5 -57.9 8.85 -27.599 -57
2 24 8.85 -27.599 -57 8.89 -26 -56
2 24 8.89 -26 -56 8.921 -24.5 -55
2 24 8.921 -24.5 -55 8.951 -23.5 -54
2 24 8.951 -23.5 -54 8.982 -22.917 -53
2 24 8.982 -22.917 -53 9.013 -22.5 -52
2 24 9.013 -22.5 -52 9.044 -22.187 -51
2 24 9.044 -22.187 -51 9.106 -22 -49
2 24 9.106 -22 -49 9.136 -22.023 -48
2 24 9.136 -22.023 -48 9.167 -22.124 -47
2 24 9.167 -22.124 -47 9.198 -22.323 -46
2 24 9.198 -22.323 -46 9.229 -22.641 -45
2 24 9.229 -22.641 -45 9.26 -23.096 -44
2 24 9.26 -23.096 -44 9.291 -23.709 -43
2 24 9.291 -23.709 -43 9.321 -24.5 -42
2 24 9.321 -24.5 -42 9.352 -25.461 -41
2 24 9.352 -25.461 -41 9.383 -26.623 -40
2 24 9.383 -26.623 -40 9.414 -27.583 -39
2 24 9.414 -27.583 -39 9.445 -28 -38
2 24 9.445 -28 -38 9.476 -27.968 -37
2 24 9.476 -27.968 -37 9.507 -27.505 -36
2 24 9.507 -27.505 -36 9.537 -26.914 -35
2 24 9.537 -26.914 -35 9.568 -26.5 -34
2 24 9.568 -26.5 -34 9.599 -26.318 -33
2 24 9.599 -26.318 -33 9.63 -26.215 -32
2 24 9.63 -26.215 -32 9.661 -26.179 -31
2 24 9.661 -26.179 -31 9.692 -26.2 -30
2 24 9.692 -26.2 -30 9.722 -26.298 -29
2 24 9.722 -26.298 -29 9.753 -26.44 -28
2 24 9.753 -26.44 -28 9.784 -26.562 -27
2 24 9.784 -26.562 -27 9.815 -26.723 -26
2 24 9.815 -26.723 -26 9.846 -26.869 -25
2 24 9.846 -26.869 -25 9.877 -26.921 -24
2 24 9.877 -26.921 -24 9.907 -26.8 -23
2 24 9.907 -26.8 -23 9.923 -26.671 -22.5
2 24 9.923 -26.671 -22.5 9.938 -26.5 -22
2 24 9.938 -26.5 -22 9.969 -26 -21.25
2 24 9.969 -26 -21.25 9.985 -24.813 -20.5
2 24 9.985 -24.813 -20.5 10 -23 -20
4 16 0 -40 -54 0 -39 -55 8.594 -39 -55 8.516 -40 -54
4 16 0 -39 -55 0 -38 -55.833 8.659 -38 -55.833 8.594 -39 -55
4 16 0 -38 -55.833 0 -37 -56.5 8.711 -37 -56.5 8.659 -38 -55.833
4 16 0 -37 -56.5 0 -36 -56.963 8.747 -36 -56.963 8.711 -37 -56.5
4 16 0 -36 -56.963 0 -35 -57.259 8.77 -35 -57.259 8.747 -36 -56.963
4 16 0 -35 -57.259 0 -34 -57.5 8.789 -34 -57.5 8.77 -35 -57.259
4 16 0 -34 -57.5 0 -33 -57.722 8.806 -33 -57.722 8.789 -34 -57.5
4 16 0 -33 -57.722 0 -32 -57.889 8.819 -32 -57.889 8.806 -33 -57.722
4 16 0 -32 -57.889 0 -31 -58 8.828 -31 -58 8.819 -32 -57.889
4 16 0 -31 -58 0 -30.5 -57.9 8.82 -30.5 -57.9 8.828 -31 -58
4 16 0 -30.5 -57.9 0 -27.599 -57 8.85 -27.599 -57 8.82 -30.5 -57.9
4 16 0 -27.599 -57 0 -26 -56 8.89 -26 -56 8.85 -27.599 -57
4 16 0 -26 -56 0 -24.5 -55 8.921 -24.5 -55 8.89 -26 -56
4 16 0 -24.5 -55 0 -23.5 -54 8.951 -23.5 -54 8.921 -24.5 -55
4 16 0 -23.5 -54 0 -22.917 -53 8.982 -22.917 -53 8.951 -23.5 -54
4 16 0 -22.917 -53 0 -22.5 -52 9.013 -22.5 -52 8.982 -22.917 -53
4 16 0 -22.5 -52 0 -22.187 -51 9.044 -22.187 -51 9.013 -22.5 -52
4 16 0 -22.187 -51 0 -22 -49 9.106 -22 -49 9.044 -22.187 -51
4 16 0 -22 -49 0 -22.023 -48 9.136 -22.023 -48 9.106 -22 -49
4 16 0 -22.023 -48 0 -22.124 -47 9.167 -22.124 -47 9.136 -22.023 -48
4 16 0 -22.124 -47 0 -22.323 -46 9.198 -22.323 -46 9.167 -22.124 -47
4 16 0 -22.323 -46 0 -22.641 -45 9.229 -22.641 -45 9.198 -22.323 -46
4 16 0 -22.641 -45 0 -23.096 -44 9.26 -23.096 -44 9.229 -22.641 -45
4 16 0 -23.096 -44 0 -23.709 -43 9.291 -23.709 -43 9.26 -23.096 -44
4 16 0 -23.709 -43 0 -24.5 -42 9.321 -24.5 -42 9.291 -23.709 -43
4 16 0 -24.5 -42 0 -25.461 -41 9.352 -25.461 -41 9.321 -24.5 -42
4 16 0 -25.461 -41 0 -26.623 -40 9.383 -26.623 -40 9.352 -25.461 -41
4 16 0 -26.623 -40 0 -27.583 -39 9.414 -27.583 -39 9.383 -26.623 -40
4 16 0 -27.583 -39 0 -28 -38 9.445 -28 -38 9.414 -27.583 -39
4 16 0 -28 -38 0 -27.968 -37 9.476 -27.968 -37 9.445 -28 -38
4 16 0 -27.968 -37 0 -27.505 -36 9.507 -27.505 -36 9.476 -27.968 -37
4 16 0 -27.505 -36 0 -26.914 -35 9.537 -26.914 -35 9.507 -27.505 -36
4 16 0 -26.914 -35 0 -26.5 -34 9.568 -26.5 -34 9.537 -26.914 -35
4 16 0 -26.5 -34 0 -26.318 -33 9.599 -26.318 -33 9.568 -26.5 -34
4 16 0 -26.318 -33 0 -26.215 -32 9.63 -26.215 -32 9.599 -26.318 -33
4 16 0 -26.215 -32 0 -26.179 -31 9.661 -26.179 -31 9.63 -26.215 -32
4 16 0 -26.179 -31 0 -26.2 -30 9.692 -26.2 -30 9.661 -26.179 -31
4 16 0 -26.2 -30 0 -26.298 -29 9.722 -26.298 -29 9.692 -26.2 -30
4 16 0 -26.298 -29 0 -26.44 -28 9.753 -26.44 -28 9.722 -26.298 -29
4 16 0 -26.44 -28 0 -26.562 -27 9.784 -26.562 -27 9.753 -26.44 -28
4 16 0 -26.562 -27 0 -26.723 -26 9.815 -26.723 -26 9.784 -26.562 -27
4 16 0 -26.723 -26 0 -26.869 -25 9.846 -26.869 -25 9.815 -26.723 -26
4 16 0 -26.869 -25 0 -26.921 -24 9.877 -26.921 -24 9.846 -26.869 -25
4 16 0 -26.921 -24 0 -26.8 -23 9.907 -26.8 -23 9.877 -26.921 -24
4 16 0 -26.8 -23 0 -26.671 -22.5 9.923 -26.671 -22.5 9.907 -26.8 -23
4 16 0 -26.671 -22.5 0 -26.5 -22 9.938 -26.5 -22 9.923 -26.671 -22.5
4 16 0 -26.5 -22 0 -26 -21.25 9.969 -26 -21.25 9.938 -26.5 -22
4 16 0 -26 -21.25 0 -24.813 -20.5 9.985 -24.813 -20.5 9.969 -26 -21.25
4 16 0 -24.813 -20.5 0 -23 -20 10 -23 -20 9.985 -24.813 -20.5
0 // nostrel
1 16 8.806 -33 -52 .0157 -1 0 1 .0157 0 0 0 -1 4-4edge.dat
0 BFC INVERTNEXT
1 16 8.806 -33 -52 .0162 .5 0 1 .0081 0 0 0 -1 bump5000.dat
0 // neck
2 24 10 -23 -20 10 0 -20
4 16 0 -23 -20 0 0 -20 10 0 -20 10 -23 -20
1 16 10 0 0 0 -10 0 0 0 20 20 0 0 48/1-4cyli.dat
1 16 10 0 0 0 -10 0 0 0 20 -20 0 0 48/1-4cyli.dat
0 BFC INVERTNEXT
1 16 10 0 0 0 -10 0 0 0 16 16 0 0 48/1-4cyli.dat
0 BFC INVERTNEXT
1 16 10 0 0 0 -10 0 0 0 16 -16 0 0 48/1-4cyli.dat
1 16 10 0 0 0 -1 0 4 0 0 0 0 -4 48/1-4ring4.dat
1 16 10 0 0 0 -1 0 4 0 0 0 0 4 48/1-4ring4.dat
1 16 10 0 0 0 -1 0 20 0 0 0 0 20 48/1-4edge.dat
1 16 10 0 0 0 -1 0 20 0 0 0 0 -20 48/1-4edge.dat
1 16 10 0 0 0 -1 0 16 0 0 0 0 16 48/1-4edge.dat
1 16 10 0 0 0 -1 0 16 0 0 0 0 -16 48/1-4edge.dat
0 // upper ring with gap
2 24 10 0 16 10 -2.088 15.862
2 24 10 -2.088 15.862 10 -4.141 15.454
2 24 10 -4.141 15.454 10 -6.123 14.782
2 24 10 -6.123 14.782 10 -8 13.856
2 24 10 -8 13.856 10 -9.741 12.694
2 24 10 -9.741 12.694 10 -11.314 11.314
2 24 10 -11.314 11.314 10 -12.694 9.741
2 24 10 -12.694 9.741 10 -13.856 8
2 24 10 -13.856 8 10 -14.782 6.123
2 24 10 -14.782 6.123 10 -15.199 5
2 24 10 -15.199 -5 10 -14.782 -6.123
2 24 10 -14.782 -6.123 10 -13.856 -8
2 24 10 -13.856 -8 10 -12.694 -9.741
2 24 10 -12.694 -9.741 10 -11.314 -11.314
2 24 10 -11.314 -11.314 10 -9.741 -12.694
2 24 10 -9.741 -12.694 10 -8 -13.856
2 24 10 -8 -13.856 10 -6.123 -14.782
2 24 10 -6.123 -14.782 10 -4.141 -15.454
2 24 10 -4.141 -15.454 10 -2.088 -15.862
2 24 10 -2.088 -15.862 10 0 -16
4 16 10 0 16 10 -2.088 15.862 0 -2.088 15.862 0 0 16
4 16 10 -2.088 15.862 10 -4.141 15.454 0 -4.141 15.454 0 -2.088 15.862
4 16 10 -4.141 15.454 10 -6.123 14.782 0 -6.123 14.782 0 -4.141 15.454
4 16 10 -6.123 14.782 10 -8 13.856 0 -8 13.856 0 -6.123 14.782
4 16 10 -8 13.856 10 -9.741 12.694 0 -9.741 12.694 0 -8 13.856
4 16 10 -9.741 12.694 10 -11.314 11.314 0 -11.314 11.314 0 -9.741 12.694
4 16 10 -11.314 11.314 10 -12.694 9.741 0 -12.694 9.741 0 -11.314 11.314
4 16 10 -12.694 9.741 10 -13.856 8 0 -13.856 8 0 -12.694 9.741
4 16 10 -13.856 8 10 -14.782 6.123 0 -14.782 6.123 0 -13.856 8
4 16 10 -14.782 6.123 10 -15.199 5 0 -15.199 5 0 -14.782 6.123
4 16 10 -15.199 -5 10 -14.782 -6.123 0 -14.782 -6.123 0 -15.199 -5
4 16 10 -14.782 -6.123 10 -13.856 -8 0 -13.856 -8 0 -14.782 -6.123
4 16 10 -13.856 -8 10 -12.694 -9.741 0 -12.694 -9.741 0 -13.856 -8
4 16 10 -12.694 -9.741 10 -11.314 -11.314 0 -11.314 -11.314 0 -12.694 -9.741
4 16 10 -11.314 -11.314 10 -9.741 -12.694 0 -9.741 -12.694 0 -11.314 -11.314
4 16 10 -9.741 -12.694 10 -8 -13.856 0 -8 -13.856 0 -9.741 -12.694
4 16 10 -8 -13.856 10 -6.123 -14.782 0 -6.123 -14.782 0 -8 -13.856
4 16 10 -6.123 -14.782 10 -4.141 -15.454 0 -4.141 -15.454 0 -6.123 -14.782
4 16 10 -4.141 -15.454 10 -2.088 -15.862 0 -2.088 -15.862 0 -4.141 -15.454
4 16 10 -2.088 -15.862 10 0 -16 0 0 -16 0 -2.088 -15.862
2 24 10 -16.949 5 10 -17.466 3
2 24 10 -16.949 -5 10 -17.466 -3
1 16 5 -16.074 5 0 0 5 .875 0 0 0 1 0 rect3.dat
1 16 5 -16.074 -5 0 0 5 -.875 0 0 0 -1 0 rect3.dat
4 16 10 -16.949 5 10 -17.466 3 0 -17.466 3 0 -16.949 5
4 16 0 -16.949 -5 0 -17.466 -3 10 -17.466 -3 10 -16.949 -5
0 // neck
4 16 3.25 -64.5 -19.5 3.848 -62.813 -16 0 -62.813 -16 0 -64.5 -19.5
4 16 3.848 -62.813 -16 4.275 -61.315 -13.5 0 -61.315 -13.5 0 -62.813 -16
4 16 4.275 -61.315 -13.5 4.068 -61.152 -13.25 0 -61.152 -13.25 0 -61.315 -13.5
4 16 4.068 -61.152 -13.25 4.446 -60.647 -12.5 0 -60.647 -12.5 0 -61.152 -13.25
4 16 4.446 -60.647 -12.5 5.343 -56.5 -7.25 0 -56.5 -7.25 0 -60.647 -12.5
4 16 5.343 -56.5 -7.25 5.179 -56.05 -6.75 0 -56.05 -6.75 0 -56.5 -7.25
4 16 5.179 -56.05 -6.75 5.685 -54.647 -5.25 0 -54.647 -5.25 0 -56.05 -6.75
4 16 5.685 -54.647 -5.25 6.582 -49 0 0 -49 0 0 -54.647 -5.25
4 16 6.582 -49 0 6.46 -48.077 .75 0 -48.077 .75 0 -49 0
4 16 6.46 -48.077 .75 6.924 -46.5 2 0 -46.5 2 0 -48.077 .75
4 16 6.924 -46.5 2 7.864 -39.5 7.5 0 -39.5 7.5 0 -46.5 2
4 16 7.864 -39.5 7.5 7.699 -38.767 8 0 -38.767 8 0 -39.5 7.5
4 16 7.699 -38.767 8 8.12 -37.25 9 0 -37.25 9 0 -38.767 8
4 16 8.12 -37.25 9 8.804 -30.5 13 0 -30.5 13 0 -37.25 9
4 16 8.804 -30.5 13 8.639 -29.392 13.5 0 -29.392 13.5 0 -30.5 13
4 16 8.639 -29.392 13.5 8.975 -28.25 14 0 -28.25 14 0 -29.392 13.5
4 16 8.975 -28.25 14 9.573 -20 17.5 0 -20 17.5 0 -28.25 14
4 16 9.573 -20 17.5 9.957 -10 19.75 0 -10 19.75 0 -20 17.5
4 16 9.957 -10 19.75 10 0 20 0 0 20 0 -10 19.75
2 24 3.25 -64.5 -19.5 3.848 -62.813 -16
2 24 3.848 -62.813 -16 4.275 -61.315 -13.5
2 24 4.275 -61.315 -13.5 4.068 -61.152 -13.25
2 24 4.068 -61.152 -13.25 4.446 -60.647 -12.5
2 24 4.446 -60.647 -12.5 5.343 -56.5 -7.25
2 24 5.343 -56.5 -7.25 5.179 -56.05 -6.75
2 24 5.179 -56.05 -6.75 5.685 -54.647 -5.25
2 24 5.685 -54.647 -5.25 6.582 -49 0
2 24 6.582 -49 0 6.46 -48.077 .75
2 24 6.46 -48.077 .75 6.924 -46.5 2
2 24 6.924 -46.5 2 7.864 -39.5 7.5
2 24 7.864 -39.5 7.5 7.699 -38.767 8
2 24 7.699 -38.767 8 8.12 -37.25 9
2 24 8.12 -37.25 9 8.804 -30.5 13
2 24 8.804 -30.5 13 8.639 -29.392 13.5
2 24 8.639 -29.392 13.5 8.975 -28.25 14
2 24 8.975 -28.25 14 9.573 -20 17.5
2 24 9.573 -20 17.5 9.957 -10 19.75
2 24 9.957 -10 19.75 10 0 20
2 24 6.924 -46.5 2 6.47 -48.077 .75
2 24 6.47 -48.077 .75 6.582 -49 0
2 24 5.685 -54.647 -5.25 5.189 -56.05 -6.75
2 24 5.189 -56.05 -6.75 5.343 -56.5 -7.25
0 // Added lines/Condlines
5 24 2.907 -73 -23 6.406 -73 -23 6.512 -66.25 -20.22 3.03 -73.716 -23.5
5 24 6.406 -73 -27 2.907 -73 -27 1.75 -66.25 -28.35 3.099 -74.12 -26.5
5 24 3.03 -73.716 -23.5 6.367 -73.716 -23.5 2.907 -73 -23 3.131 -74.307 -24
5 24 3.131 -74.307 -24 6.328 -74.307 -24 3.03 -73.716 -23.5 3.206 -74.745 -24.5
5 24 3.206 -74.745 -24.5 6.289 -74.745 -24.5 3.131 -74.307 -24 3.25 -75 -25
5 24 3.25 -75 -25 6.25 -75 -25 3.206 -74.745 -24.5 3.256 -75.034 -25.5
5 24 3.256 -75.034 -25.5 6.289 -75.034 -25.5 3.25 -75 -25 3.21 -74.769 -26
5 24 3.21 -74.769 -26 6.328 -74.769 -26 3.256 -75.034 -25.5 3.099 -74.12 -26.5
5 24 3.099 -74.12 -26.5 6.367 -74.12 -26.5 3.21 -74.769 -26 2.907 -73 -27
5 24 0 -64.25 -29.335 6.089 -64.25 -29.335 0 -64.5 -28.7 0 -64 -29.975
5 24 0 -64 -29.975 6.639 -64 -29.975 0 -64.25 -29.335 0 -61 -37.25
5 24 0 -58 -36.4 7.141 -58 -36.4 0 -58.725 -36.5 0 -57 -37.2
5 24 0 -57 -37.2 7.203 -57 -37.2 0 -58 -36.4 0 -56 -37.851
5 24 0 -56 -37.851 7.254 -56 -37.851 0 -57 -37.2 0 -55 -38.343
5 24 0 -55 -38.343 7.292 -55 -38.343 0 -56 -37.851 0 -54 -38.7
5 24 0 -54 -38.7 7.32 -54 -38.7 0 -55 -38.343 0 -53 -38.958
5 24 0 -53 -38.958 7.341 -53 -38.958 0 -54 -38.7 0 -52 -39.21
5 24 0 -52 -39.21 7.36 -52 -39.21 0 -53 -38.958 0 -51 -39.56
5 24 0 -51 -39.56 7.388 -51 -39.56 0 -52 -39.21 0 -50 -40.106
5 24 0 -50 -40.106 7.43 -50 -40.106 0 -51 -39.56 0 -49 -40.871
5 24 0 -49 -40.871 7.49 -49 -40.871 0 -50 -40.106 0 -48 -41.832
5 24 0 -48 -41.832 7.565 -48 -41.832 0 -49 -40.871 0 -47 -42.97
5 24 0 -47 -42.97 7.654 -47 -42.97 0 -48 -41.832 0 -46 -44.26
5 24 0 -46 -44.26 7.755 -46 -44.26 0 -47 -42.97 0 -45 -45.683
5 24 0 -45 -45.683 7.866 -45 -45.683 0 -46 -44.26 0 -44 -47.215
5 24 0 -44 -47.215 7.986 -44 -47.215 0 -45 -45.683 0 -43 -48.834
5 24 0 -43 -48.834 8.112 -43 -48.834 0 -44 -47.215 0 -42 -50.52
5 24 0 -42 -50.52 8.244 -42 -50.52 0 -43 -48.834 0 -41 -52.249
5 24 0 -41 -52.249 8.379 -41 -52.249 0 -42 -50.52 0 -40 -54
5 24 0 -40 -54 8.516 -40 -54 0 -41 -52.249 0 -39 -55
5 24 0 -39 -55 8.594 -39 -55 0 -40 -54 0 -38 -55.833
5 24 0 -38 -55.833 8.659 -38 -55.833 0 -39 -55 0 -37 -56.5
5 24 0 -37 -56.5 8.711 -37 -56.5 0 -38 -55.833 0 -36 -56.963
5 24 0 -36 -56.963 8.747 -36 -56.963 0 -37 -56.5 0 -35 -57.259
5 24 0 -35 -57.259 8.77 -35 -57.259 0 -36 -56.963 0 -34 -57.5
5 24 0 -34 -57.5 8.789 -34 -57.5 0 -35 -57.259 0 -33 -57.722
5 24 0 -33 -57.722 8.806 -33 -57.722 0 -34 -57.5 0 -32 -57.889
5 24 0 -32 -57.889 8.819 -32 -57.889 0 -33 -57.722 0 -31 -58
5 24 0 -31 -58 8.828 -31 -58 0 -32 -57.889 0 -30.5 -57.9
5 24 0 -30.5 -57.9 8.82 -30.5 -57.9 0 -31 -58 0 -27.599 -57
5 24 0 -27.599 -57 8.85 -27.599 -57 0 -30.5 -57.9 0 -26 -56
5 24 0 -26 -56 8.89 -26 -56 0 -27.599 -57 0 -24.5 -55
5 24 0 -24.5 -55 8.921 -24.5 -55 0 -26 -56 0 -23.5 -54
5 24 0 -23.5 -54 8.951 -23.5 -54 0 -24.5 -55 0 -22.917 -53
5 24 0 -22.917 -53 8.982 -22.917 -53 0 -23.5 -54 0 -22.5 -52
5 24 0 -22.5 -52 9.013 -22.5 -52 0 -22.917 -53 0 -22.187 -51
5 24 0 -22.187 -51 9.044 -22.187 -51 0 -22.5 -52 0 -22 -49
5 24 0 -22 -49 9.106 -22 -49 0 -22.187 -51 0 -22.023 -48
5 24 0 -22.023 -48 9.136 -22.023 -48 0 -22 -49 0 -22.124 -47
5 24 0 -22.124 -47 9.167 -22.124 -47 0 -22.023 -48 0 -22.323 -46
5 24 0 -22.323 -46 9.198 -22.323 -46 0 -22.124 -47 0 -22.641 -45
5 24 0 -22.641 -45 9.229 -22.641 -45 0 -22.323 -46 0 -23.096 -44
5 24 0 -23.096 -44 9.26 -23.096 -44 0 -22.641 -45 0 -23.709 -43
5 24 0 -23.709 -43 9.291 -23.709 -43 0 -23.096 -44 0 -24.5 -42
5 24 0 -24.5 -42 9.321 -24.5 -42 0 -23.709 -43 0 -25.461 -41
5 24 0 -25.461 -41 9.352 -25.461 -41 0 -24.5 -42 0 -26.623 -40
5 24 0 -26.623 -40 9.383 -26.623 -40 0 -25.461 -41 0 -27.583 -39
5 24 0 -27.583 -39 9.414 -27.583 -39 0 -26.623 -40 0 -28 -38
5 24 0 -28 -38 9.445 -28 -38 0 -27.583 -39 0 -27.968 -37
5 24 0 -27.968 -37 9.476 -27.968 -37 0 -28 -38 0 -27.505 -36
5 24 0 -27.505 -36 9.507 -27.505 -36 0 -27.968 -37 0 -26.914 -35
5 24 0 -26.914 -35 9.537 -26.914 -35 0 -27.505 -36 0 -26.5 -34
5 24 0 -26.5 -34 9.568 -26.5 -34 0 -26.914 -35 0 -26.318 -33
5 24 0 -26.318 -33 9.599 -26.318 -33 0 -26.5 -34 0 -26.215 -32
5 24 0 -26.215 -32 9.63 -26.215 -32 0 -26.318 -33 0 -26.179 -31
5 24 0 -26.179 -31 9.661 -26.179 -31 0 -26.215 -32 0 -26.2 -30
5 24 0 -26.2 -30 9.692 -26.2 -30 0 -26.179 -31 0 -26.298 -29
5 24 0 -26.298 -29 9.722 -26.298 -29 0 -26.2 -30 0 -26.44 -28
5 24 0 -26.44 -28 9.753 -26.44 -28 0 -26.298 -29 0 -26.562 -27
5 24 0 -26.562 -27 9.784 -26.562 -27 0 -26.44 -28 0 -26.723 -26
5 24 0 -26.723 -26 9.815 -26.723 -26 0 -26.562 -27 0 -26.869 -25
5 24 0 -26.869 -25 9.846 -26.869 -25 0 -26.723 -26 0 -26.921 -24
5 24 0 -26.921 -24 9.877 -26.921 -24 0 -26.869 -25 0 -26.8 -23
5 24 0 -26.8 -23 9.907 -26.8 -23 0 -26.921 -24 0 -26.671 -22.5
5 24 0 -26.671 -22.5 9.923 -26.671 -22.5 0 -26.8 -23 0 -26.5 -22
5 24 0 -26.5 -22 9.938 -26.5 -22 0 -26.671 -22.5 0 -26 -21.25
5 24 0 -26 -21.25 9.969 -26 -21.25 0 -26.5 -22 0 -24.813 -20.5
5 24 0 -24.813 -20.5 9.985 -24.813 -20.5 0 -26 -21.25 0 -23 -20
5 24 0 -23 -20 10 -23 -20 0 -24.813 -20.5 0 0 -20
5 24 10 -2.088 15.862 0 -2.088 15.862 10 0 16 10 -4.141 15.454
5 24 0 0 16 10 0 16 10 -2.088 15.862 10 2.088 15.8624
5 24 10 -4.141 15.454 0 -4.141 15.454 10 -2.088 15.862 10 -6.123 14.782
5 24 10 -6.123 14.782 0 -6.123 14.782 10 -4.141 15.454 10 -8 13.856
5 24 10 -8 13.856 0 -8 13.856 10 -6.123 14.782 10 -9.741 12.694
5 24 10 -9.741 12.694 0 -9.741 12.694 10 -8 13.856 10 -11.314 11.314
5 24 10 -11.314 11.314 0 -11.314 11.314 10 -9.741 12.694 10 -12.694 9.741
5 24 10 -12.694 9.741 0 -12.694 9.741 10 -11.314 11.314 10 -13.856 8
5 24 10 -13.856 8 0 -13.856 8 10 -12.694 9.741 10 -14.782 6.123
5 24 10 -14.782 6.123 0 -14.782 6.123 10 -13.856 8 10 -15.199 5
5 24 10 -14.782 -6.123 0 -14.782 -6.123 10 -15.199 -5 10 -13.856 -8
5 24 10 -13.856 -8 0 -13.856 -8 10 -14.782 -6.123 10 -12.694 -9.741
5 24 10 -12.694 -9.741 0 -12.694 -9.741 10 -13.856 -8 10 -11.314 -11.314
5 24 10 -11.314 -11.314 0 -11.314 -11.314 10 -12.694 -9.741 10 -9.741 -12.694
5 24 10 -9.741 -12.694 0 -9.741 -12.694 10 -11.314 -11.314 10 -8 -13.856
5 24 10 -8 -13.856 0 -8 -13.856 10 -9.741 -12.694 10 -6.123 -14.782
5 24 10 -6.123 -14.782 0 -6.123 -14.782 10 -8 -13.856 10 -4.141 -15.454
5 24 10 -4.141 -15.454 0 -4.141 -15.454 10 -6.123 -14.782 10 -2.088 -15.862
5 24 10 -2.088 -15.862 0 -2.088 -15.862 10 -4.141 -15.454 10 0 -16
5 24 10 0 -16 0 0 -16 10 -2.088 -15.862 10 2.088 -15.8624
5 24 3.848 -62.813 -16 0 -62.813 -16 3.25 -64.5 -19.5 4.275 -61.315 -13.5
5 24 4.275 -61.315 -13.5 0 -61.315 -13.5 3.848 -62.813 -16 4.068 -61.152 -13.25
5 24 4.068 -61.152 -13.25 0 -61.152 -13.25 4.275 -61.315 -13.5 4.446 -60.647 -12.5
5 24 4.446 -60.647 -12.5 0 -60.647 -12.5 4.068 -61.152 -13.25 5.343 -56.5 -7.25
5 24 5.343 -56.5 -7.25 0 -56.5 -7.25 4.446 -60.647 -12.5 5.179 -56.05 -6.75
5 24 5.179 -56.05 -6.75 0 -56.05 -6.75 5.343 -56.5 -7.25 5.685 -54.647 -5.25
5 24 5.685 -54.647 -5.25 0 -54.647 -5.25 5.179 -56.05 -6.75 6.582 -49 0
5 24 6.582 -49 0 0 -49 0 5.685 -54.647 -5.25 6.46 -48.077 .75
5 24 6.46 -48.077 .75 0 -48.077 .75 6.582 -49 0 6.924 -46.5 2
5 24 6.924 -46.5 2 0 -46.5 2 6.46 -48.077 .75 7.864 -39.5 7.5
5 24 7.864 -39.5 7.5 0 -39.5 7.5 6.924 -46.5 2 7.699 -38.767 8
5 24 7.699 -38.767 8 0 -38.767 8 7.864 -39.5 7.5 8.12 -37.25 9
5 24 8.12 -37.25 9 0 -37.25 9 7.699 -38.767 8 8.804 -30.5 13
5 24 8.804 -30.5 13 0 -30.5 13 8.12 -37.25 9 8.639 -29.392 13.5
5 24 8.639 -29.392 13.5 0 -29.392 13.5 8.804 -30.5 13 8.975 -28.25 14
5 24 8.975 -28.25 14 0 -28.25 14 8.639 -29.392 13.5 9.573 -20 17.5
5 24 9.573 -20 17.5 0 -20 17.5 8.975 -28.25 14 9.957 -10 19.75
5 24 9.957 -10 19.75 0 -10 19.75 9.573 -20 17.5 10 0 20
5 24 10 0 20 0 0 20 9.957 -10 19.75 10 2.61 19.828
5 24 10 -17.466 3 0 -17.466 3 10 -16.949 5 10 -17.6124 2.088
5 24 10 -17.466 -3 0 -17.466 -3 10 -16.949 -5 10 -17.6124 -2.088

0 FILE parts/s/4492s03.dat
0 ~Animal Horse Head - Mane groove
0 Name: s\4492s03.dat
0 Author: Willy Tschager [Holly-Wood]
0 !LDRAW_ORG Subpart UPDATE 2019-03
0 !LICENSE Licensed under CC BY 4.0 : see CAreadme.txt

0 BFC CERTIFY CCW

0 !HISTORY 2019-11-21 [Holly-Wood] Subfiled mane groove
0 !HISTORY 2019-12-27 [PTadmin] Official Update 2019-03


0 // Forehead groove
2 24 6.089 -64.25 -29.335 6.19 -58.635 -30.635
2 24 6.19 -58.635 -30.635 6.664 -59.365 -36.7
2 24 6.562 -63.005 -28.999 6.539 -64.5 -28.7
2 24 6.626 -58.975 -29.805 6.562 -63.005 -28.999
2 24 6.626 -58.975 -29.805 6.641 -58 -30
2 24 6.641 -58 -30 7.148 -58.725 -36.5
2 24 6.639 -64 -29.975 6.74 -59.27 -31.275
2 24 6.74 -59.27 -31.275 7.118 -60 -37

3 16 6.089 -64.25 -29.335 6.562 -63.005 -28.999 6.539 -64.5 -28.7
3 16 6.089 -64.25 -29.335 6.19 -58.635 -30.635 6.562 -63.005 -28.999
3 16 6.19 -58.635 -30.635 6.626 -58.975 -29.805 6.562 -63.005 -28.999
3 16 6.641 -58 -30 6.626 -58.975 -29.805 6.19 -58.635 -30.635
3 16 6.19 -58.635 -30.635 6.664 -59.365 -36.7 7.148 -58.725 -36.5
3 16 6.19 -58.635 -30.635 7.148 -58.725 -36.5 6.641 -58 -30
3 16 6.639 -64 -29.975 6.74 -59.27 -31.275 6.19 -58.635 -30.635
3 16 6.639 -64 -29.975 6.19 -58.635 -30.635 6.089 -64.25 -29.335
3 16 6.74 -59.27 -31.275 7.118 -60 -37 6.664 -59.365 -36.7
3 16 6.74 -59.27 -31.275 6.664 -59.365 -36.7 6.19 -58.635 -30.635

5 24 6.089 -64.25 -29.335 6.562 -63.005 -28.999 6.539 -64.5 -28.7 6.19 -58.635 -30.635
5 24 6.19 -58.635 -30.635 6.562 -63.005 -28.999 6.089 -64.25 -29.335 6.626 -58.975 -29.805
5 24 6.19 -58.635 -30.635 6.641 -58 -30 6.626 -58.975 -29.805 7.148 -58.725 -36.5
5 24 6.74 -59.27 -31.275 6.19 -58.635 -30.635 6.639 -64 -29.975 6.664 -59.365 -36.7
5 24 6.19 -58.635 -30.635 6.639 -64 -29.975 6.74 -59.27 -31.275 6.089 -64.25 -29.335
5 24 7.148 -58.725 -36.5 6.19 -58.635 -30.635 6.664 -59.365 -36.7 6.641 -58 -30
5 24 6.664 -59.365 -36.7 6.74 -59.27 -31.275 7.118 -60 -37 6.19 -58.635 -30.635

0 // Mane groove
2 24 8.975 -28.25 14 9.75 -27 9
2 24 9.75 -27 9 9.75 -24 3.5
2 24 9.75 -24 3.5 9.75 -25 2.5
2 24 9.75 -25 2.5 9.704 -26 2
2 24 9.704 -26 2 9.35 -33.75 5
2 24 9.35 -33.75 5 8.782 -36.5 6.5
2 24 8.782 -36.5 6.5 8.472 -38 7
2 24 8.472 -38 7 8.698 -37.5 5.75
2 24 8.698 -37.5 5.75 9.15 -36.5 3
2 24 9.15 -36.5 3 8.442 -32.25 -1.5
2 24 8.442 -32.25 -1.5 8.4 -32 -2.5
2 24 8.4 -32 -2.5 8.5 -35 -3
2 24 8.5 -35 -3 8.75 -42.5 -1
2 24 8.75 -42.5 -1 7.698 -45 0
2 24 7.698 -45 0 6.856 -47 .5
2 24 6.856 -47 .5 7.195 -46.5 -1
2 24 7.195 -46.5 -1 8.55 -44.5 -3
2 24 8.55 -44.5 -3 8.2 -41 -6.5
2 24 8.2 -41 -6.5 8.15 -40.5 -8
2 24 8.15 -40.5 -8 8.144 -41.5 -8
2 24 8.144 -41.5 -8 8.1 -49.5 -7.5
2 24 8.1 -49.5 -7.5 6.654 -52.5 -7.2
2 24 6.654 -52.5 -7.2 5.931 -54 -7
2 24 5.931 -54 -7 6.552 -53 -8
2 24 6.552 -53 -8 7.95 -50.75 -9
2 24 7.95 -50.75 -9 7.75 -48 -10.5
2 24 7.75 -48 -10.5 7.75 -48 -12
2 24 7.75 -48 -12 7.704 -49.5 -12.5
2 24 7.704 -49.5 -12.5 7.55 -54.5 -13
2 24 7.55 -54.5 -13 5.697 -58.5 -13
2 24 5.697 -58.5 -13 5.465 -59 -13
2 24 5.465 -59 -13 5.723 -58.5 -13.5
2 24 5.723 -58.5 -13.5 7.4 -55.25 -14.5
2 24 7.4 -55.25 -14.5 7.344 -54.5 -15.25
2 24 8.639 -29.375 13.5 8.938 -28 8.375
2 24 8.938 -28 8.375 9.021 -25.5 4.125
2 24 9.021 -25.5 4.125 9 -26.25 3.5
2 24 9 -26.25 3.5 8.977 -26.75 3.2
2 24 8.977 -26.75 3.2 8.663 -32.625 5.625
2 24 8.663 -32.625 5.625 7.701 -36.875 7.75
2 24 7.701 -36.875 7.75 7.336 -38.383 7.5
2 24 7.336 -38.383 7.5 7.531 -38.5 6.625
2 24 7.531 -38.5 6.625 8.35 -37.5 2.5
2 24 8.35 -37.5 2.5 7.975 -34.125 -1
2 24 7.975 -34.125 -1 7.95 -33.75 -1.75
2 24 7.95 -33.75 -1.75 7.99 -35.75 -1.875
2 24 7.99 -35.75 -1.875 8.075 -41.5 -.25
2 24 8.075 -41.5 -.25 6.561 -45.75 1
2 24 6.561 -45.75 1 5.913 -47.539 .625
2 24 5.913 -47.539 .625 6.138 -47.75 -.5
2 24 6.138 -47.75 -.5 7.738 -45.375 -3.625
2 24 7.738 -45.375 -3.625 7.528 -43 -6
2 24 7.528 -43 -6 7.475 -42.25 -7.25
2 24 7.475 -42.25 -7.25 7.466 -43.25 -7.125
2 24 7.466 -43.25 -7.125 7.425 -48.75 -6.75
2 24 7.425 -48.75 -6.75 5.42 -53.574 -6.225
2 24 5.42 -53.574 -6.225 4.81 -55.025 -6.875
2 24 4.81 -55.025 -6.875 5.198 -54.75 -7.625
2 24 5.198 -54.75 -7.625 7.125 -51.375 -9.75
2 24 7.125 -51.375 -9.75 7.013 -49.875 -10.625
2 24 7.013 -49.875 -10.625 6.975 -49.5 -11.5
2 24 6.975 -49.5 -11.5 6.952 -50.5 -11.95
2 24 6.952 -50.5 -11.95 6.875 -53.625 -12.25
2 24 6.875 -53.625 -12.25 4.321 -59.703 -12.75
2 24 4.321 -59.703 -12.75 4.017 -60.076 -13.125
2 24 4.017 -60.076 -13.125 4.249 -60.039 -13.5
2 24 4.249 -60.039 -13.5 6.575 -55.625 -15.25
2 24 6.575 -55.625 -15.25 6.547 -55.25 -15.625
2 24 8.804 -30.5 13 9.625 -29 7.75
2 24 9.625 -29 7.75 9.792 -27 4.75
2 24 9.792 -27 4.75 9.75 -27.5 4.4
2 24 9.75 -27.5 4.4 9.475 -31.5 6.25
2 24 9.475 -31.5 6.25 8.12 -37.25 9
2 24 7.864 -39.5 7.5 9.05 -38.5 2
2 24 9.05 -38.5 2 9.008 -36 -.5
2 24 9.008 -36 -.5 9 -35.5 -1
2 24 9 -35.5 -1 8.98 -36.5 -.75
2 24 8.98 -36.5 -.75 8.9 -40.5 .5
2 24 8.9 -40.5 .5 6.924 -46.5 2
2 24 6.582 -49 0 8.425 -46.25 -4.25
2 24 8.425 -46.25 -4.25 8.356 -45 -5.5
2 24 8.356 -45 -5.5 8.3 -44 -6.5
2 24 8.3 -44 -6.5 8.288 -45 -6.25
2 24 8.288 -45 -6.25 8.25 -48 -6
2 24 8.25 -48 -6 5.685 -54.647 -5.25
2 24 5.343 -56.5 -7.25 7.8 -52 -10.5
2 24 7.8 -52 -10.5 7.775 -51.75 -10.75
2 24 7.775 -51.75 -10.75 7.7 -51 -11
2 24 7.7 -51 -11 7.7 -51.5 -11.4
2 24 7.7 -51.5 -11.4 7.7 -52.75 -11.5
2 24 7.7 -52.75 -11.5 4.446 -60.647 -12.5
2 24 4.275 -61.315 -13.5 7.25 -56 -16
2 24 7.25 -56 -16 7.344 -54.5 -15.25
2 24 6.547 -55.25 -15.625 7.344 -54.5 -15.25
2 24 7.25 -56 -16 6.547 -55.25 -15.625

3 16 8.639 -29.375 13.5 9.75 -27 9 8.975 -28.25 14
3 16 8.938 -28 8.375 9.75 -27 9 8.639 -29.375 13.5
3 16 8.938 -28 8.375 9.021 -25.5 4.125 9.75 -27 9
3 16 9.021 -25.5 4.125 9.75 -24 3.5 9.75 -27 9
3 16 9.021 -25.5 4.125 9.75 -25 2.5 9.75 -24 3.5
3 16 9 -26.25 3.5 9.75 -25 2.5 9.021 -25.5 4.125
3 16 9 -26.25 3.5 9.704 -26 2 9.75 -25 2.5
3 16 8.977 -26.75 3.2 9.704 -26 2 9 -26.25 3.5
3 16 8.977 -26.75 3.2 9.35 -33.75 5 9.704 -26 2
3 16 8.663 -32.625 5.625 9.35 -33.75 5 8.977 -26.75 3.2
3 16 8.663 -32.625 5.625 8.782 -36.5 6.5 9.35 -33.75 5
3 16 7.701 -36.875 7.75 8.782 -36.5 6.5 8.663 -32.625 5.625
3 16 7.701 -36.875 7.75 8.472 -38 7 8.782 -36.5 6.5
3 16 7.336 -38.383 7.5 8.472 -38 7 7.701 -36.875 7.75
3 16 7.336 -38.383 7.5 7.531 -38.5 6.625 8.472 -38 7
3 16 7.531 -38.5 6.625 8.698 -37.5 5.75 8.472 -38 7
3 16 7.531 -38.5 6.625 8.35 -37.5 2.5 8.698 -37.5 5.75
3 16 8.35 -37.5 2.5 9.15 -36.5 3 8.698 -37.5 5.75
3 16 8.35 -37.5 2.5 7.975 -34.125 -1 9.15 -36.5 3
3 16 7.975 -34.125 -1 8.442 -32.25 -1.5 9.15 -36.5 3
3 16 7.975 -34.125 -1 7.95 -33.75 -1.75 8.442 -32.25 -1.5
3 16 7.95 -33.75 -1.75 8.4 -32 -2.5 8.442 -32.25 -1.5
3 16 7.95 -33.75 -1.75 8.5 -35 -3 8.4 -32 -2.5
3 16 7.99 -35.75 -1.875 8.5 -35 -3 7.95 -33.75 -1.75
3 16 7.99 -35.75 -1.875 8.75 -42.5 -1 8.5 -35 -3
3 16 8.075 -41.5 -.25 8.75 -42.5 -1 7.99 -35.75 -1.875
3 16 8.075 -41.5 -.25 7.698 -45 0 8.75 -42.5 -1
3 16 6.561 -45.75 1 7.698 -45 0 8.075 -41.5 -.25
3 16 6.561 -45.75 1 6.856 -47 .5 7.698 -45 0
3 16 5.913 -47.539 .625 6.856 -47 .5 6.561 -45.75 1
3 16 5.913 -47.539 .625 6.138 -47.75 -.5 6.856 -47 .5
3 16 6.138 -47.75 -.5 7.195 -46.5 -1 6.856 -47 .5
3 16 6.138 -47.75 -.5 7.738 -45.375 -3.625 7.195 -46.5 -1
3 16 7.738 -45.375 -3.625 8.55 -44.5 -3 7.195 -46.5 -1
3 16 7.738 -45.375 -3.625 7.528 -43 -6 8.55 -44.5 -3
3 16 7.528 -43 -6 8.2 -41 -6.5 8.55 -44.5 -3
3 16 7.528 -43 -6 7.475 -42.25 -7.25 8.2 -41 -6.5
3 16 7.475 -42.25 -7.25 8.15 -40.5 -8 8.2 -41 -6.5
3 16 7.475 -42.25 -7.25 8.144 -41.5 -8 8.15 -40.5 -8
3 16 7.466 -43.25 -7.125 8.144 -41.5 -8 7.475 -42.25 -7.25
4 16 8.144 -41.5 -8 7.466 -43.25 -7.125 7.425 -48.75 -6.75 8.1 -49.5 -7.5
3 16 7.425 -48.75 -6.75 6.654 -52.5 -7.2 8.1 -49.5 -7.5
3 16 5.42 -53.574 -6.225 6.654 -52.5 -7.2 7.425 -48.75 -6.75
3 16 5.42 -53.574 -6.225 5.931 -54 -7 6.654 -52.5 -7.2
3 16 4.81 -55.025 -6.875 5.931 -54 -7 5.42 -53.574 -6.225
3 16 4.81 -55.025 -6.875 5.198 -54.75 -7.625 5.931 -54 -7
3 16 5.198 -54.75 -7.625 6.552 -53 -8 5.931 -54 -7
3 16 5.198 -54.75 -7.625 7.125 -51.375 -9.75 6.552 -53 -8
3 16 7.125 -51.375 -9.75 7.95 -50.75 -9 6.552 -53 -8
3 16 7.125 -51.375 -9.75 7.013 -49.875 -10.625 7.95 -50.75 -9
3 16 7.013 -49.875 -10.625 7.75 -48 -10.5 7.95 -50.75 -9
3 16 7.013 -49.875 -10.625 6.975 -49.5 -11.5 7.75 -48 -10.5
3 16 6.975 -49.5 -11.5 7.75 -48 -12 7.75 -48 -10.5
3 16 6.975 -49.5 -11.5 7.704 -49.5 -12.5 7.75 -48 -12
3 16 6.952 -50.5 -11.95 7.704 -49.5 -12.5 6.975 -49.5 -11.5
3 16 6.952 -50.5 -11.95 7.55 -54.5 -13 7.704 -49.5 -12.5
3 16 6.875 -53.625 -12.25 7.55 -54.5 -13 6.952 -50.5 -11.95
3 16 6.875 -53.625 -12.25 5.697 -58.5 -13 7.55 -54.5 -13
3 16 4.321 -59.703 -12.75 5.697 -58.5 -13 6.875 -53.625 -12.25
3 16 4.321 -59.703 -12.75 5.465 -59 -13 5.697 -58.5 -13
3 16 4.017 -60.076 -13.125 5.465 -59 -13 4.321 -59.703 -12.75
3 16 4.017 -60.076 -13.125 4.249 -60.039 -13.5 5.465 -59 -13
3 16 4.249 -60.039 -13.5 5.723 -58.5 -13.5 5.465 -59 -13
3 16 4.249 -60.039 -13.5 6.575 -55.625 -15.25 5.723 -58.5 -13.5
3 16 6.575 -55.625 -15.25 7.4 -55.25 -14.5 5.723 -58.5 -13.5
4 16 7.4 -55.25 -14.5 6.575 -55.625 -15.25 6.547 -55.25 -15.625 7.344 -54.5 -15.25
3 16 7.25 -56 -16 6.547 -55.25 -15.625 6.575 -55.625 -15.25
3 16 8.804 -30.5 13 8.938 -28 8.375 8.639 -29.375 13.5
3 16 9.625 -29 7.75 8.938 -28 8.375 8.804 -30.5 13
3 16 9.625 -29 7.75 9.792 -27 4.75 8.938 -28 8.375
3 16 9.792 -27 4.75 9.021 -25.5 4.125 8.938 -28 8.375
3 16 9.792 -27 4.75 9 -26.25 3.5 9.021 -25.5 4.125
4 16 9 -26.25 3.5 9.792 -27 4.75 9.75 -27.5 4.4 8.977 -26.75 3.2
3 16 8.663 -32.625 5.625 8.977 -26.75 3.2 9.75 -27.5 4.4
3 16 8.663 -32.625 5.625 9.75 -27.5 4.4 9.475 -31.5 6.25
4 16 8.663 -32.625 5.625 9.475 -31.5 6.25 8.12 -37.25 9 7.701 -36.875 7.75
3 16 7.336 -38.383 7.5 7.701 -36.875 7.75 8.12 -37.25 9
3 16 7.336 -38.383 7.5 8.12 -37.25 9 7.699 -38.767 8
3 16 7.864 -39.5 7.5 7.336 -38.383 7.5 7.699 -38.767 8
3 16 7.531 -38.5 6.625 7.336 -38.383 7.5 7.864 -39.5 7.5
3 16 9.05 -38.5 2 7.531 -38.5 6.625 7.864 -39.5 7.5
3 16 8.35 -37.5 2.5 7.531 -38.5 6.625 9.05 -38.5 2
3 16 9.008 -36 -.5 8.35 -37.5 2.5 9.05 -38.5 2
3 16 7.975 -34.125 -1 8.35 -37.5 2.5 9.008 -36 -.5
3 16 9 -35.5 -1 7.975 -34.125 -1 9.008 -36 -.5
3 16 7.95 -33.75 -1.75 7.975 -34.125 -1 9 -35.5 -1
3 16 7.99 -35.75 -1.875 7.95 -33.75 -1.75 9 -35.5 -1
4 16 7.99 -35.75 -1.875 9 -35.5 -1 8.98 -36.5 -.75 8.075 -41.5 -.25
3 16 8.98 -36.5 -.75 8.9 -40.5 .5 8.075 -41.5 -.25
3 16 8.075 -41.5 -.25 8.9 -40.5 .5 6.561 -45.75 1
3 16 8.9 -40.5 .5 6.924 -46.5 2 6.561 -45.75 1
3 16 6.561 -45.75 1 6.924 -46.5 2 5.913 -47.539 .625
3 16 6.924 -46.5 2 6.47 -48.077 .75 5.913 -47.539 .625
3 16 5.913 -47.539 .625 6.47 -48.077 .75 6.138 -47.75 -.5
3 16 6.47 -48.077 .75 6.582 -49 0 6.138 -47.75 -.5
3 16 6.138 -47.75 -.5 6.582 -49 0 8.425 -46.25 -4.25
3 16 6.138 -47.75 -.5 8.425 -46.25 -4.25 7.738 -45.375 -3.625
3 16 7.738 -45.375 -3.625 8.425 -46.25 -4.25 8.356 -45 -5.5
3 16 7.738 -45.375 -3.625 8.356 -45 -5.5 7.528 -43 -6
3 16 7.528 -43 -6 8.356 -45 -5.5 8.3 -44 -6.5
3 16 7.528 -43 -6 8.3 -44 -6.5 7.475 -42.25 -7.25
3 16 7.475 -42.25 -7.25 8.3 -44 -6.5 7.466 -43.25 -7.125
3 16 8.3 -44 -6.5 8.288 -45 -6.25 7.466 -43.25 -7.125
3 16 7.466 -43.25 -7.125 8.288 -45 -6.25 7.425 -48.75 -6.75
3 16 8.288 -45 -6.25 8.25 -48 -6 7.425 -48.75 -6.75
3 16 7.425 -48.75 -6.75 8.25 -48 -6 5.685 -54.647 -5.25
3 16 7.425 -48.75 -6.75 5.685 -54.647 -5.25 5.42 -53.574 -6.225
3 16 5.42 -53.574 -6.225 5.685 -54.647 -5.25 4.81 -55.025 -6.875
3 16 5.685 -54.647 -5.25 5.189 -56.05 -6.75 4.81 -55.025 -6.875
3 16 4.81 -55.025 -6.875 5.189 -56.05 -6.75 5.198 -54.75 -7.625
3 16 5.189 -56.05 -6.75 5.343 -56.5 -7.25 5.198 -54.75 -7.625
3 16 5.198 -54.75 -7.625 5.343 -56.5 -7.25 7.8 -52 -10.5
3 16 5.198 -54.75 -7.625 7.8 -52 -10.5 7.125 -51.375 -9.75
3 16 7.125 -51.375 -9.75 7.8 -52 -10.5 7.775 -51.75 -10.75
3 16 7.125 -51.375 -9.75 7.775 -51.75 -10.75 7.013 -49.875 -10.625
3 16 7.013 -49.875 -10.625 7.775 -51.75 -10.75 7.7 -51 -11
3 16 7.013 -49.875 -10.625 7.7 -51 -11 6.975 -49.5 -11.5
3 16 6.975 -49.5 -11.5 7.7 -51 -11 6.952 -50.5 -11.95
3 16 7.7 -51 -11 7.7 -51.5 -11.4 6.952 -50.5 -11.95
4 16 6.952 -50.5 -11.95 7.7 -51.5 -11.4 7.7 -52.75 -11.5 6.875 -53.625 -12.25
3 16 6.875 -53.625 -12.25 7.7 -52.75 -11.5 4.321 -59.703 -12.75
3 16 7.7 -52.75 -11.5 4.446 -60.647 -12.5 4.321 -59.703 -12.75
3 16 4.321 -59.703 -12.75 4.446 -60.647 -12.5 4.017 -60.076 -13.125
3 16 4.446 -60.647 -12.5 4.068 -61.152 -13.25 4.017 -60.076 -13.125
3 16 4.017 -60.076 -13.125 4.068 -61.152 -13.25 4.249 -60.039 -13.5
3 16 4.068 -61.152 -13.25 4.275 -61.315 -13.5 4.249 -60.039 -13.5
3 16 4.249 -60.039 -13.5 4.275 -61.315 -13.5 7.25 -56 -16
3 16 4.249 -60.039 -13.5 7.25 -56 -16 6.575 -55.625 -15.25
3 16 7.344 -54.5 -15.25 6.547 -55.25 -15.625 7.25 -56 -16

5 24 8.639 -29.375 13.5 9.75 -27 9 8.975 -28.25 14 8.938 -28 8.375
5 24 8.938 -28 8.375 9.75 -27 9 8.639 -29.375 13.5 9.021 -25.5 4.125
5 24 9.021 -25.5 4.125 9.75 -27 9 8.938 -28 8.375 9.75 -24 3.5
5 24 9.021 -25.5 4.125 9.75 -24 3.5 9.75 -27 9 9.75 -25 2.5
5 24 9.021 -25.5 4.125 9.75 -25 2.5 9.75 -24 3.5 9 -26.25 3.5
5 24 9 -26.25 3.5 9.75 -25 2.5 9.021 -25.5 4.125 9.704 -26 2
5 24 9 -26.25 3.5 9.704 -26 2 9.75 -25 2.5 8.977 -26.75 3.2
5 24 8.977 -26.75 3.2 9.704 -26 2 9 -26.25 3.5 9.35 -33.75 5
5 24 8.977 -26.75 3.2 9.35 -33.75 5 9.704 -26 2 8.663 -32.625 5.625
5 24 8.663 -32.625 5.625 9.35 -33.75 5 8.977 -26.75 3.2 8.782 -36.5 6.5
5 24 8.663 -32.625 5.625 8.782 -36.5 6.5 9.35 -33.75 5 7.701 -36.875 7.75
5 24 7.701 -36.875 7.75 8.782 -36.5 6.5 8.663 -32.625 5.625 8.472 -38 7
5 24 7.701 -36.875 7.75 8.472 -38 7 8.782 -36.5 6.5 7.336 -38.383 7.5
5 24 7.336 -38.383 7.5 8.472 -38 7 7.701 -36.875 7.75 7.531 -38.5 6.625
5 24 7.531 -38.5 6.625 8.472 -38 7 7.336 -38.383 7.5 8.698 -37.5 5.75
5 24 7.531 -38.5 6.625 8.698 -37.5 5.75 8.472 -38 7 8.35 -37.5 2.5
5 24 8.35 -37.5 2.5 8.698 -37.5 5.75 7.531 -38.5 6.625 9.15 -36.5 3
5 24 8.35 -37.5 2.5 9.15 -36.5 3 8.698 -37.5 5.75 7.975 -34.125 -1
5 24 7.975 -34.125 -1 9.15 -36.5 3 8.35 -37.5 2.5 8.442 -32.25 -1.5
5 24 7.975 -34.125 -1 8.442 -32.25 -1.5 9.15 -36.5 3 7.95 -33.75 -1.75
5 24 7.95 -33.75 -1.75 8.442 -32.25 -1.5 7.975 -34.125 -1 8.4 -32 -2.5
5 24 7.95 -33.75 -1.75 8.4 -32 -2.5 8.442 -32.25 -1.5 8.5 -35 -3
5 24 7.95 -33.75 -1.75 8.5 -35 -3 8.4 -32 -2.5 7.99 -35.75 -1.875
5 24 7.99 -35.75 -1.875 8.5 -35 -3 7.95 -33.75 -1.75 8.75 -42.5 -1
5 24 7.99 -35.75 -1.875 8.75 -42.5 -1 8.5 -35 -3 8.075 -41.5 -.25
5 24 8.075 -41.5 -.25 8.75 -42.5 -1 7.99 -35.75 -1.875 7.698 -45 0
5 24 8.075 -41.5 -.25 7.698 -45 0 8.75 -42.5 -1 6.561 -45.75 1
5 24 6.561 -45.75 1 6.856 -47 .5 7.698 -45 0 5.913 -47.539 .625
5 24 6.138 -47.75 -.5 7.195 -46.5 -1 6.856 -47 .5 7.738 -45.375 -3.625
5 24 7.738 -45.375 -3.625 7.195 -46.5 -1 6.138 -47.75 -.5 8.55 -44.5 -3
5 24 7.738 -45.375 -3.625 8.55 -44.5 -3 7.195 -46.5 -1 7.528 -43 -6
5 24 7.528 -43 -6 8.55 -44.5 -3 7.738 -45.375 -3.625 8.2 -41 -6.5
5 24 7.528 -43 -6 8.2 -41 -6.5 8.55 -44.5 -3 7.475 -42.25 -7.25
5 24 7.475 -42.25 -7.25 8.2 -41 -6.5 7.528 -43 -6 8.15 -40.5 -8
5 24 7.475 -42.25 -7.25 8.15 -40.5 -8 8.2 -41 -6.5 8.144 -41.5 -8
5 24 7.475 -42.25 -7.25 8.144 -41.5 -8 8.15 -40.5 -8 7.466 -43.25 -7.125
5 24 7.466 -43.25 -7.125 8.144 -41.5 -8 7.475 -42.25 -7.25 7.425 -48.75 -6.75
5 24 7.425 -48.75 -6.75 8.1 -49.5 -7.5 8.144 -41.5 -8 6.654 -52.5 -7.2
5 24 7.425 -48.75 -6.75 6.654 -52.5 -7.2 8.1 -49.5 -7.5 5.42 -53.574 -6.225
5 24 5.42 -53.574 -6.225 6.654 -52.5 -7.2 7.425 -48.75 -6.75 5.931 -54 -7
5 24 5.42 -53.574 -6.225 5.931 -54 -7 6.654 -52.5 -7.2 4.81 -55.025 -6.875
5 24 4.81 -55.025 -6.875 5.931 -54 -7 5.42 -53.574 -6.225 5.198 -54.75 -7.625
5 24 5.198 -54.75 -7.625 5.931 -54 -7 4.81 -55.025 -6.875 6.552 -53 -8
5 24 5.198 -54.75 -7.625 6.552 -53 -8 5.931 -54 -7 7.125 -51.375 -9.75
5 24 7.125 -51.375 -9.75 6.552 -53 -8 5.198 -54.75 -7.625 7.95 -50.75 -9
5 24 7.125 -51.375 -9.75 7.95 -50.75 -9 6.552 -53 -8 7.013 -49.875 -10.625
5 24 7.013 -49.875 -10.625 7.95 -50.75 -9 7.125 -51.375 -9.75 7.75 -48 -10.5
5 24 7.013 -49.875 -10.625 7.75 -48 -10.5 7.95 -50.75 -9 6.975 -49.5 -11.5
5 24 6.975 -49.5 -11.5 7.75 -48 -10.5 7.013 -49.875 -10.625 7.75 -48 -12
5 24 6.975 -49.5 -11.5 7.75 -48 -12 7.75 -48 -10.5 7.704 -49.5 -12.5
5 24 6.975 -49.5 -11.5 7.704 -49.5 -12.5 7.75 -48 -12 6.952 -50.5 -11.95
5 24 6.952 -50.5 -11.95 7.704 -49.5 -12.5 6.975 -49.5 -11.5 7.55 -54.5 -13
5 24 6.952 -50.5 -11.95 7.55 -54.5 -13 7.704 -49.5 -12.5 6.875 -53.625 -12.25
5 24 6.875 -53.625 -12.25 7.55 -54.5 -13 6.952 -50.5 -11.95 5.697 -58.5 -13
5 24 6.875 -53.625 -12.25 5.697 -58.5 -13 7.55 -54.5 -13 4.321 -59.703 -12.75
5 24 4.321 -59.703 -12.75 5.697 -58.5 -13 6.875 -53.625 -12.25 5.465 -59 -13
5 24 4.321 -59.703 -12.75 5.465 -59 -13 5.697 -58.5 -13 4.017 -60.076 -13.125
5 24 4.017 -60.076 -13.125 5.465 -59 -13 4.321 -59.703 -12.75 4.249 -60.039 -13.5
5 24 4.249 -60.039 -13.5 5.465 -59 -13 4.017 -60.076 -13.125 5.723 -58.5 -13.5
5 24 4.249 -60.039 -13.5 5.723 -58.5 -13.5 5.465 -59 -13 6.575 -55.625 -15.25
5 24 6.575 -55.625 -15.25 5.723 -58.5 -13.5 4.249 -60.039 -13.5 7.4 -55.25 -14.5
5 24 6.575 -55.625 -15.25 7.4 -55.25 -14.5 5.723 -58.5 -13.5 6.547 -55.25 -15.625
5 24 6.575 -55.625 -15.25 7.25 -56 -16 6.547 -55.25 -15.625 4.249 -60.039 -13.5
5 24 8.804 -30.5 13 8.938 -28 8.375 8.639 -29.375 13.5 9.625 -29 7.75
5 24 9.625 -29 7.75 8.938 -28 8.375 8.804 -30.5 13 9.792 -27 4.75
5 24 9.792 -27 4.75 8.938 -28 8.375 9.625 -29 7.75 9.021 -25.5 4.125
5 24 9.792 -27 4.75 9.021 -25.5 4.125 8.938 -28 8.375 9 -26.25 3.5
5 24 9.792 -27 4.75 9 -26.25 3.5 9.021 -25.5 4.125 9.75 -27.5 4.4
5 24 9.75 -27.5 4.4 8.977 -26.75 3.2 9 -26.25 3.5 8.663 -32.625 5.625
5 24 9.75 -27.5 4.4 8.663 -32.625 5.625 8.977 -26.75 3.2 9.475 -31.5 6.25
5 24 9.475 -31.5 6.25 8.663 -32.625 5.625 9.75 -27.5 4.4 8.12 -37.25 9
5 24 8.12 -37.25 9 7.701 -36.875 7.75 8.663 -32.625 5.625 7.336 -38.383 7.5
5 24 8.12 -37.25 9 7.336 -38.383 7.5 7.701 -36.875 7.75 7.699 -38.767 8
5 24 7.699 -38.767 8 7.336 -38.383 7.5 8.12 -37.25 9 7.864 -39.5 7.5
5 24 7.864 -39.5 7.5 7.336 -38.383 7.5 7.699 -38.767 8 7.531 -38.5 6.625
5 24 7.864 -39.5 7.5 7.531 -38.5 6.625 7.336 -38.383 7.5 9.05 -38.5 2
5 24 9.05 -38.5 2 7.531 -38.5 6.625 7.864 -39.5 7.5 8.35 -37.5 2.5
5 24 9.05 -38.5 2 8.35 -37.5 2.5 7.531 -38.5 6.625 9.008 -36 -.5
5 24 9.008 -36 -.5 8.35 -37.5 2.5 9.05 -38.5 2 7.975 -34.125 -1
5 24 9.008 -36 -.5 7.975 -34.125 -1 8.35 -37.5 2.5 9 -35.5 -1
5 24 9 -35.5 -1 7.975 -34.125 -1 9.008 -36 -.5 7.95 -33.75 -1.75
5 24 9 -35.5 -1 7.95 -33.75 -1.75 7.975 -34.125 -1 7.99 -35.75 -1.875
5 24 9 -35.5 -1 7.99 -35.75 -1.875 7.95 -33.75 -1.75 8.98 -36.5 -.75
5 24 8.98 -36.5 -.75 8.075 -41.5 -.25 7.99 -35.75 -1.875 8.9 -40.5 .5
5 24 8.9 -40.5 .5 8.075 -41.5 -.25 8.98 -36.5 -.75 6.561 -45.75 1
5 24 8.9 -40.5 .5 6.561 -45.75 1 8.075 -41.5 -.25 6.924 -46.5 2
5 24 6.924 -46.5 2 6.561 -45.75 1 8.9 -40.5 .5 5.913 -47.539 .625
5 24 6.924 -46.5 2 5.913 -47.539 .625 6.561 -45.75 1 6.47 -48.077 .75
5 24 6.47 -48.077 .75 5.913 -47.539 .625 6.924 -46.5 2 6.138 -47.75 -.5
5 24 6.47 -48.077 .75 6.138 -47.75 -.5 5.913 -47.539 .625 6.582 -49 0
5 24 6.582 -49 0 6.138 -47.75 -.5 6.47 -48.077 .75 8.425 -46.25 -4.25
5 24 8.425 -46.25 -4.25 6.138 -47.75 -.5 6.582 -49 0 7.738 -45.375 -3.625
5 24 8.425 -46.25 -4.25 7.738 -45.375 -3.625 6.138 -47.75 -.5 8.356 -45 -5.5
5 24 8.356 -45 -5.5 7.738 -45.375 -3.625 8.425 -46.25 -4.25 7.528 -43 -6
5 24 8.356 -45 -5.5 7.528 -43 -6 7.738 -45.375 -3.625 8.3 -44 -6.5
5 24 8.3 -44 -6.5 7.528 -43 -6 8.356 -45 -5.5 7.475 -42.25 -7.25
5 24 8.3 -44 -6.5 7.475 -42.25 -7.25 7.528 -43 -6 7.466 -43.25 -7.125
5 24 8.3 -44 -6.5 7.466 -43.25 -7.125 7.475 -42.25 -7.25 8.288 -45 -6.25
5 24 8.288 -45 -6.25 7.466 -43.25 -7.125 8.3 -44 -6.5 7.425 -48.75 -6.75
5 24 8.288 -45 -6.25 7.425 -48.75 -6.75 7.466 -43.25 -7.125 8.25 -48 -6
5 24 8.25 -48 -6 7.425 -48.75 -6.75 8.288 -45 -6.25 5.685 -54.647 -5.25
5 24 5.685 -54.647 -5.25 7.425 -48.75 -6.75 8.25 -48 -6 5.42 -53.574 -6.225
5 24 5.685 -54.647 -5.25 4.81 -55.025 -6.875 5.42 -53.574 -6.225 5.189 -56.05 -6.75
5 24 5.189 -56.05 -6.75 4.81 -55.025 -6.875 5.685 -54.647 -5.25 5.198 -54.75 -7.625
5 24 5.189 -56.05 -6.75 5.198 -54.75 -7.625 4.81 -55.025 -6.875 5.343 -56.5 -7.25
5 24 5.343 -56.5 -7.25 5.198 -54.75 -7.625 5.189 -56.05 -6.75 7.8 -52 -10.5
5 24 7.8 -52 -10.5 5.198 -54.75 -7.625 5.343 -56.5 -7.25 7.125 -51.375 -9.75
5 24 7.8 -52 -10.5 7.125 -51.375 -9.75 5.198 -54.75 -7.625 7.775 -51.75 -10.75
5 24 7.775 -51.75 -10.75 7.125 -51.375 -9.75 7.8 -52 -10.5 7.013 -49.875 -10.625
5 24 7.775 -51.75 -10.75 7.013 -49.875 -10.625 7.125 -51.375 -9.75 7.7 -51 -11
5 24 7.7 -51 -11 7.013 -49.875 -10.625 7.775 -51.75 -10.75 6.975 -49.5 -11.5
5 24 7.7 -51 -11 6.975 -49.5 -11.5 7.013 -49.875 -10.625 6.952 -50.5 -11.95
5 24 7.7 -51 -11 6.952 -50.5 -11.95 6.975 -49.5 -11.5 7.7 -51.5 -11.4
5 24 7.7 -51.5 -11.4 6.952 -50.5 -11.95 7.7 -51 -11 7.7 -52.75 -11.5
5 24 7.7 -52.75 -11.5 6.875 -53.625 -12.25 6.952 -50.5 -11.95 4.321 -59.703 -12.75
5 24 7.7 -52.75 -11.5 4.321 -59.703 -12.75 6.875 -53.625 -12.25 4.446 -60.647 -12.5
5 24 4.446 -60.647 -12.5 4.017 -60.076 -13.125 4.321 -59.703 -12.75 4.068 -61.152 -13.25
5 24 4.068 -61.152 -13.25 4.017 -60.076 -13.125 4.446 -60.647 -12.5 4.249 -60.039 -13.5
5 24 4.068 -61.152 -13.25 4.249 -60.039 -13.5 4.017 -60.076 -13.125 4.275 -61.315 -13.5
5 24 4.275 -61.315 -13.5 4.249 -60.039 -13.5 4.068 -61.152 -13.25 7.25 -56 -16
5 24 7.25 -56 -16 4.249 -60.039 -13.5 4.275 -61.315 -13.5 6.575 -55.625 -15.25
5 24 6.561 -45.75 1 7.698 -45 0 8.075 -41.5 -.25 6.856 -47 .5
5 24 5.913 -47.539 .625 6.856 -47 .5 6.561 -45.75 1 6.138 -47.75 -.5
5 24 6.138 -47.75 -.5 6.856 -47 .5 5.913 -47.539 .625 7.195 -46.5 -1
5 24 5.685 -54.647 -5.25 5.42 -53.574 -6.225 7.425 -48.75 -6.75 4.81 -55.025 -6.875
5 24 4.446 -60.647 -12.5 4.321 -59.703 -12.75 7.7 -52.75 -11.5 4.017 -60.076 -13.125

0 // Ear
2 24 6.539 -64.5 -19.5 7.25 -56 -16
2 24 7.25 -56 -16 3.25 -64.5 -19.5

3 16 3.25 -64.5 -19.5 6.539 -64.5 -19.5 7.25 -56 -16

0 FILE 4-4con3.dat
0 Cone  3 x 1.0
0 Name: 4-4con3.dat
0 Author: Niels Karsdorp [nielsk]
0 !LDRAW_ORG Primitive UPDATE 2003-02
0 !LICENSE Licensed under CC BY 4.0 : see CAreadme.txt

0 BFC CERTIFY CCW

0 !HISTORY 2003-08-01 [PTadmin] Official Update 2003-02
0 !HISTORY 2007-06-24 [PTadmin] Header formatted for Contributor Agreement
0 !HISTORY 2008-07-01 [PTadmin] Official Update 2008-01


5 24 3 1 0 4 0 0 2.7717 1 1.1481 2.7717 1 -1.1481
5 24 2.7717 1 1.1481 3.6956 0 1.5308 2.1213 1 2.1213 3 1 0
5 24 2.1213 1 2.1213 2.8284 0 2.8284 1.1481 1 2.7717 2.7717 1 1.1481
5 24 1.1481 1 2.7717 1.5308 0 3.6956 0 1 3 2.1213 1 2.1213
5 24 0 1 3 0 0 4 -1.1481 1 2.7717 1.1481 1 2.7717
5 24 -1.1481 1 2.7717 -1.5308 0 3.6956 -2.1213 1 2.1213 0 1 3
5 24 -2.1213 1 2.1213 -2.8284 0 2.8284 -2.7717 1 1.1481 -1.1481 1 2.7717
5 24 -2.7717 1 1.1481 -3.6956 0 1.5308 -3 1 0 -2.1213 1 2.1213
5 24 -3 1 0 -4 0 0 -2.7717 1 -1.1481 -2.7717 1 1.1481
5 24 -2.7717 1 -1.1481 -3.6956 0 -1.5308 -2.1213 1 -2.1213 -3 1 0
5 24 -2.1213 1 -2.1213 -2.8284 0 -2.8284 -1.1481 1 -2.7717 -2.7717 1 -1.1481
5 24 -1.1481 1 -2.7717 -1.5308 0 -3.6956 0 1 -3 -2.1213 1 -2.1213
5 24 0 1 -3 0 0 -4 1.1481 1 -2.7717 -1.1481 1 -2.7717
5 24 1.1481 1 -2.7717 1.5308 0 -3.6956 2.1213 1 -2.1213 0 1 -3
5 24 2.1213 1 -2.1213 2.8284 0 -2.8284 2.7717 1 -1.1481 1.1481 1 -2.7717
5 24 2.7717 1 -1.1481 3.6956 0 -1.5308 3 1 0 2.1213 1 -2.1213

4 16 3 1 0 2.7717 1 1.1481 3.6956 0 1.5308 4 0 0
4 16 2.7717 1 1.1481 2.1213 1 2.1213 2.8284 0 2.8284 3.6956 0 1.5308
4 16 2.1213 1 2.1213 1.1481 1 2.7717 1.5308 0 3.6956 2.8284 0 2.8284
4 16 1.1481 1 2.7717 0 1 3 0 0 4 1.5308 0 3.6956
4 16 0 1 3 -1.1481 1 2.7717 -1.5308 0 3.6956 0 0 4
4 16 -1.1481 1 2.7717 -2.1213 1 2.1213 -2.8284 0 2.8284 -1.5308 0 3.6956
4 16 -2.1213 1 2.1213 -2.7717 1 1.1481 -3.6956 0 1.5308 -2.8284 0 2.8284
4 16 -2.7717 1 1.1481 -3 1 0 -4 0 0 -3.6956 0 1.5308
4 16 -3 1 0 -2.7717 1 -1.1481 -3.6956 0 -1.5308 -4 0 0
4 16 -2.7717 1 -1.1481 -2.1213 1 -2.1213 -2.8284 0 -2.8284 -3.6956 0 -1.5308
4 16 -2.1213 1 -2.1213 -1.1481 1 -2.7717 -1.5308 0 -3.6956 -2.8284 0 -2.8284
4 16 -1.1481 1 -2.7717 0 1 -3 0 0 -4 -1.5308 0 -3.6956
4 16 0 1 -3 1.1481 1 -2.7717 1.5308 0 -3.6956 0 0 -4
4 16 1.1481 1 -2.7717 2.1213 1 -2.1213 2.8284 0 -2.8284 1.5308 0 -3.6956
4 16 2.1213 1 -2.1213 2.7717 1 -1.1481 3.6956 0 -1.5308 2.8284 0 -2.8284
4 16 2.7717 1 -1.1481 3 1 0 4 0 0 3.6956 0 -1.5308

0

0 FILE 4-4con1.dat
0 Cone  1 x 1.0
0 Name: 4-4con1.dat
0 Author: Steve Bliss [sbliss]
0 !LDRAW_ORG Primitive UPDATE 2012-01
0 !LICENSE Licensed under CC BY 4.0 : see CAreadme.txt

0 BFC CERTIFY CCW

0 !HISTORY 1999-08-19 [sbliss] Renamed 4-4con12.dat to 4-4con1.dat, Moved all conditional lines before quads
0 !HISTORY 2000-05-07 [PTadmin] Official Update 2000-01
0 !HISTORY 2002-12-11 [cwdee] Standardised title and made BFC compliant
0 !HISTORY 2003-08-01 [PTadmin] Official Update 2003-02
0 !HISTORY 2007-06-24 [PTadmin] Header formatted for Contributor Agreement
0 !HISTORY 2008-07-01 [PTadmin] Official Update 2008-01
0 !HISTORY 2012-02-16 [Philo] Changed to CCW, reordered
0 !HISTORY 2012-03-30 [PTadmin] Official Update 2012-01


5 24 1 1 0 2 0 0 0.9239 1 -0.3827 0.9239 1 0.3827
5 24 0.9239 1 0.3827 1.8478 0 0.7654 1 1 0 0.7071 1 0.7071
5 24 0.7071 1 0.7071 1.4142 0 1.4142 0.9239 1 0.3827 0.3827 1 0.9239
5 24 0.3827 1 0.9239 0.7654 0 1.8478 0.7071 1 0.7071 0 1 1
5 24 0 1 1 0 0 2 0.3827 1 0.9239 -0.3827 1 0.9239
5 24 -0.3827 1 0.9239 -0.7654 0 1.8478 0 1 1 -0.7071 1 0.7071
5 24 -0.7071 1 0.7071 -1.4142 0 1.4142 -0.3827 1 0.9239 -0.9239 1 0.3827
5 24 -0.9239 1 0.3827 -1.8478 0 0.7654 -0.7071 1 0.7071 -1 1 0
5 24 -1 1 0 -2 0 0 -0.9239 1 0.3827 -0.9239 1 -0.3827
5 24 -0.9239 1 -0.3827 -1.8478 0 -0.7654 -1 1 0 -0.7071 1 -0.7071
5 24 -0.7071 1 -0.7071 -1.4142 0 -1.4142 -0.9239 1 -0.3827 -0.3827 1 -0.9239
5 24 -0.3827 1 -0.9239 -0.7654 0 -1.8478 -0.7071 1 -0.7071 0 1 -1
5 24 0 1 -1 0 0 -2 -0.3827 1 -0.9239 0.3827 1 -0.9239
5 24 0.3827 1 -0.9239 0.7654 0 -1.8478 0 1 -1 0.7071 1 -0.7071
5 24 0.7071 1 -0.7071 1.4142 0 -1.4142 0.3827 1 -0.9239 0.9239 1 -0.3827
5 24 0.9239 1 -0.3827 1.8478 0 -0.7654 0.7071 1 -0.7071 1 1 0

4 16 2 0 0 1 1 0 0.9239 1 0.3827 1.8478 0 0.7654
4 16 1.8478 0 0.7654 0.9239 1 0.3827 0.7071 1 0.7071 1.4142 0 1.4142
4 16 1.4142 0 1.4142 0.7071 1 0.7071 0.3827 1 0.9239 0.7654 0 1.8478
4 16 0.7654 0 1.8478 0.3827 1 0.9239 0 1 1 0 0 2
4 16 0 0 2 0 1 1 -0.3827 1 0.9239 -0.7654 0 1.8478
4 16 -0.7654 0 1.8478 -0.3827 1 0.9239 -0.7071 1 0.7071 -1.4142 0 1.4142
4 16 -1.4142 0 1.4142 -0.7071 1 0.7071 -0.9239 1 0.3827 -1.8478 0 0.7654
4 16 -1.8478 0 0.7654 -0.9239 1 0.3827 -1 1 0 -2 0 0
4 16 -2 0 0 -1 1 0 -0.9239 1 -0.3827 -1.8478 0 -0.7654
4 16 -1.8478 0 -0.7654 -0.9239 1 -0.3827 -0.7071 1 -0.7071 -1.4142 0 -1.4142
4 16 -1.4142 0 -1.4142 -0.7071 1 -0.7071 -0.3827 1 -0.9239 -0.7654 0 -1.8478
4 16 -0.7654 0 -1.8478 -0.3827 1 -0.9239 0 1 -1 0 0 -2
4 16 0 0 -2 0 1 -1 0.3827 1 -0.9239 0.7654 0 -1.8478
4 16 0.7654 0 -1.8478 0.3827 1 -0.9239 0.7071 1 -0.7071 1.4142 0 -1.4142
4 16 1.4142 0 -1.4142 0.7071 1 -0.7071 0.9239 1 -0.3827 1.8478 0 -0.7654
4 16 1.8478 0 -0.7654 0.9239 1 -0.3827 1 1 0 2 0 0

0 FILE 4-4con0.dat
0 Cone  0 x 1.0
0 Name: 4-4con0.dat
0 Author: Willy Tschager [Holly-Wood]
0 !LDRAW_ORG Primitive UPDATE 2024-01
0 !LICENSE Licensed under CC BY 4.0 : see CAreadme.txt

0 BFC CERTIFY CCW

0 !HISTORY 2009-12-29 [PTadmin] Official Update 2009-03
0 !HISTORY 2024-01-11 [Holly-Wood] Complete re-write, original by WilliamH
0 !HISTORY 2024-01-29 [OrionP] Official Update 2024-01

3 16 0 1 0 .9239 0 .3827 1 0 0
3 16 0 1 0 .7072 0 .7072 .9239 0 .3827
3 16 0 1 0 .3827 0 .9239 .7072 0 .7072
3 16 0 1 0 0 0 1 .3827 0 .9239
3 16 0 1 0 -.3827 0 .9239 0 0 1
3 16 0 1 0 -.7072 0 .7072 -.3827 0 .9239
3 16 0 1 0 -.9239 0 .3827 -.7072 0 .7072
3 16 0 1 0 -1 0 0 -.9239 0 .3827
3 16 0 1 0 -.9239 0 -.3827 -1 0 0
3 16 0 1 0 -.7072 0 -.7072 -.9239 0 -.3827
3 16 0 1 0 -.3827 0 -.9239 -.7072 0 -.7072
3 16 0 1 0 0 0 -1 -.3827 0 -.9239
3 16 0 1 0 .3827 0 -.9239 0 0 -1
3 16 0 1 0 .7072 0 -.7072 .3827 0 -.9239
3 16 0 1 0 .9239 0 -.3827 .7072 0 -.7072
3 16 0 1 0 1 0 0 .9239 0 -.3827

0 // Conds
5 24 0 0 1 0 1 0 .3827 0 .9239 -.3827 0 .9239
5 24 0 1 0 -.3827 0 .9239 0 0 1 -.7072 0 .7072
5 24 0 1 0 -.7072 0 .7072 -.3827 0 .9239 -.9239 0 .3827
5 24 0 1 0 -.9239 0 .3827 -.7072 0 .7072 -1 0 0
5 24 0 1 0 -1 0 0 -.9239 0 .3827 -.9239 0 -.3827
5 24 0 1 0 -.9239 0 -.3827 -1 0 0 -.7072 0 -.7072
5 24 0 1 0 -.7072 0 -.7072 -.9239 0 -.3827 -.3827 0 -.9239
5 24 0 1 0 -.3827 0 -.9239 -.7072 0 -.7072 0 0 -1
5 24 0 1 0 0 0 -1 -.3827 0 -.9239 .3827 0 -.9239
5 24 0 1 0 .3827 0 -.9239 0 0 -1 .7072 0 -.7072
5 24 0 1 0 .7072 0 -.7072 .3827 0 -.9239 .9239 0 -.3827
5 24 0 1 0 .9239 0 -.3827 .7072 0 -.7072 1 0 0
5 24 0 1 0 1 0 0 .9239 0 -.3827 .9239 0 .3827
5 24 0 1 0 .9239 0 .3827 1 0 0 .7072 0 .7072
5 24 0 1 0 .7072 0 .7072 .9239 0 .3827 .3827 0 .9239
5 24 0 1 0 .3827 0 .9239 .7072 0 .7072 0 0 1

0 FILE p/48/1-4cyli.dat
0 Hi-Res Cylinder 0.25
0 Name: 48\1-4cyli.dat
0 Author: Magnus Forsberg [MagFors]
0 !LDRAW_ORG 48_Primitive UPDATE 2024-01
0 !LICENSE Licensed under CC BY 4.0 : see CAreadme.txt

0 BFC CERTIFY CCW

0 !HISTORY 1999-07-05 [PTadmin] Official Update 1999-05
0 !HISTORY 2002-02-28 [hafhead] Added BFC statement
0 !HISTORY 2002-04-25 [PTadmin] Official Update 2002-02
0 !HISTORY 2007-06-24 [PTadmin] Header formatted for Contributor Agreement
0 !HISTORY 2008-07-01 [PTadmin] Official Update 2008-01
0 !HISTORY 2008-07-07 [guyvivan] Made BFC'ed CCW (2005-12-06)
0 !HISTORY 2009-05-02 [PTadmin] Official Update 2009-01
0 !HISTORY 2024-01-03 [MagFors] Complete regeneration, original by Manfred Moolhuysen
0 !HISTORY 2024-01-29 [OrionP] Official Update 2024-01

4 16 0.9914 0 0.1305 1 0 0 1 1 0 0.9914 1 0.1305
4 16 0.9659 0 0.2588 0.9914 0 0.1305 0.9914 1 0.1305 0.9659 1 0.2588
4 16 0.9239 0 0.3827 0.9659 0 0.2588 0.9659 1 0.2588 0.9239 1 0.3827
4 16 0.866 0 0.5 0.9239 0 0.3827 0.9239 1 0.3827 0.866 1 0.5
4 16 0.7934 0 0.6088 0.866 0 0.5 0.866 1 0.5 0.7934 1 0.6088
4 16 0.7071 0 0.7071 0.7934 0 0.6088 0.7934 1 0.6088 0.7071 1 0.7071
4 16 0.6088 0 0.7934 0.7071 0 0.7071 0.7071 1 0.7071 0.6088 1 0.7934
4 16 0.5 0 0.866 0.6088 0 0.7934 0.6088 1 0.7934 0.5 1 0.866
4 16 0.3827 0 0.9239 0.5 0 0.866 0.5 1 0.866 0.3827 1 0.9239
4 16 0.2588 0 0.9659 0.3827 0 0.9239 0.3827 1 0.9239 0.2588 1 0.9659
4 16 0.1305 0 0.9914 0.2588 0 0.9659 0.2588 1 0.9659 0.1305 1 0.9914
4 16 0 0 1 0.1305 0 0.9914 0.1305 1 0.9914 0 1 1
0 // conditional lines
5 24 1 1 0 1 0 0 1 1 -0.1317 0.9914 1 0.1305
5 24 0.9914 1 0.1305 0.9914 0 0.1305 1 1 0 0.9659 1 0.2588
5 24 0.9659 1 0.2588 0.9659 0 0.2588 0.9914 1 0.1305 0.9239 1 0.3827
5 24 0.9239 1 0.3827 0.9239 0 0.3827 0.9659 1 0.2588 0.866 1 0.5
5 24 0.866 1 0.5 0.866 0 0.5 0.9239 1 0.3827 0.7934 1 0.6088
5 24 0.7934 1 0.6088 0.7934 0 0.6088 0.866 1 0.5 0.7071 1 0.7071
5 24 0.7071 1 0.7071 0.7071 0 0.7071 0.7934 1 0.6088 0.6088 1 0.7934
5 24 0.6088 1 0.7934 0.6088 0 0.7934 0.7071 1 0.7071 0.5 1 0.866
5 24 0.5 1 0.866 0.5 0 0.866 0.6088 1 0.7934 0.3827 1 0.9239
5 24 0.3827 1 0.9239 0.3827 0 0.9239 0.5 1 0.866 0.2588 1 0.9659
5 24 0.2588 1 0.9659 0.2588 0 0.9659 0.3827 1 0.9239 0.1305 1 0.9914
5 24 0.1305 1 0.9914 0.1305 0 0.9914 0.2588 1 0.9659 0 1 1
5 24 0 1 1 0 0 1 0.1305 1 0.9914 -0.1317 1 1
0 // Build by LDPartEditor (PrimGen 2.X)

0 FILE p/48/1-4ring4.dat
0 Hi-Res Ring  4 x 0.25
0 Name: 48\1-4ring4.dat
0 Author: Willy Tschager [Holly-Wood]
0 !LDRAW_ORG 48_Primitive UPDATE 2024-01
0 !LICENSE Licensed under CC BY 4.0 : see CAreadme.txt

0 BFC CERTIFY CCW

0 !HISTORY 2002-03-14 [sbliss] Layout cleanup, apply BFC
0 !HISTORY 2002-04-25 [PTadmin] Official Update 2002-02
0 !HISTORY 2007-06-24 [PTadmin] Header formatted for Contributor Agreement
0 !HISTORY 2008-07-01 [PTadmin] Official Update 2008-01
0 !HISTORY 2012-02-27 [Philo] Changed to CCW
0 !HISTORY 2012-08-09 [PTadmin] Official Update 2012-02
0 !HISTORY 2024-01-06 [Holly-Wood] Complete regeneration, original by Sascha Broich
0 !HISTORY 2024-01-29 [OrionP] Official Update 2024-01

4 16 5 0 0 4.957 0 0.6525 3.9656 0 0.522 4 0 0
4 16 4.957 0 0.6525 4.8295 0 1.294 3.8636 0 1.0352 3.9656 0 0.522
4 16 4.8295 0 1.294 4.6195 0 1.9135 3.6956 0 1.5308 3.8636 0 1.0352
4 16 4.6195 0 1.9135 4.33 0 2.5 3.464 0 2 3.6956 0 1.5308
4 16 4.33 0 2.5 3.967 0 3.044 3.1736 0 2.4352 3.464 0 2
4 16 3.967 0 3.044 3.5355 0 3.5355 2.8284 0 2.8284 3.1736 0 2.4352
4 16 3.5355 0 3.5355 3.044 0 3.967 2.4352 0 3.1736 2.8284 0 2.8284
4 16 3.044 0 3.967 2.5 0 4.33 2 0 3.464 2.4352 0 3.1736
4 16 2.5 0 4.33 1.9135 0 4.6195 1.5308 0 3.6956 2 0 3.464
4 16 1.9135 0 4.6195 1.294 0 4.8295 1.0352 0 3.8636 1.5308 0 3.6956
4 16 1.294 0 4.8295 0.6525 0 4.957 0.522 0 3.9656 1.0352 0 3.8636
4 16 0.6525 0 4.957 0 0 5 0 0 4 0.522 0 3.9656
0 // Build by LDPartEditor (PrimGen 2.X)

0 FILE p/48/1-4edge.dat
0 Hi-Res Circle 0.25
0 Name: 48\1-4edge.dat
0 Author: Magnus Forsberg [MagFors]
0 !LDRAW_ORG 48_Primitive UPDATE 2024-01
0 !LICENSE Licensed under CC BY 4.0 : see CAreadme.txt

0 BFC CERTIFY CCW

0 !HISTORY 1999-07-05 [PTadmin] Official Update 1999-05
0 !HISTORY 2007-06-24 [PTadmin] Header formatted for Contributor Agreement
0 !HISTORY 2008-07-01 [PTadmin] Official Update 2008-01
0 !HISTORY 2010-03-17 [MagFors] Updated description
0 !HISTORY 2010-05-21 [mikeheide] BFC'ed and compacted numbers (saved 10% filesize)
0 !HISTORY 2010-07-05 [PTadmin] Official Update 2010-02
0 !HISTORY 2024-01-02 [MagFors] Complete regeneration, original by Manfred Moolhuysen
0 !HISTORY 2024-01-29 [OrionP] Official Update 2024-01

2 24 1 0 0 0.9914 0 0.1305
2 24 0.9914 0 0.1305 0.9659 0 0.2588
2 24 0.9659 0 0.2588 0.9239 0 0.3827
2 24 0.9239 0 0.3827 0.866 0 0.5
2 24 0.866 0 0.5 0.7934 0 0.6088
2 24 0.7934 0 0.6088 0.7071 0 0.7071
2 24 0.7071 0 0.7071 0.6088 0 0.7934
2 24 0.6088 0 0.7934 0.5 0 0.866
2 24 0.5 0 0.866 0.3827 0 0.9239
2 24 0.3827 0 0.9239 0.2588 0 0.9659
2 24 0.2588 0 0.9659 0.1305 0 0.9914
2 24 0.1305 0 0.9914 0 0 1
0 // Build by LDPartEditor (PrimGen 2.X)
