0 FILE platos-cave.mpd
0 Name: platos-cave.mpd
0 Author: LEGOS Cognitive Architect v8.0
0 !LDRAW_ORG Model
0 !LICENSE Redistributable under CCAL version 2.0 : see CAreadme.txt
0 BFC CERTIFY CCW
0 // Plato's Cave (Stabilized)
0 // Republic VII, 514a-520a, rendered as a LEGOS four-zone construct.
0 // All part references are relative to the vendored library at ./ldraw/
0 // Validated: every type-1 reference resolves recursively under ldraw/parts + ldraw/p
0 // PC_META {"version":"1.0","grid":"9x9","cell":80,"zones":["container","captives","illusion","mechanism","fire","ascent"]}

0 STEP
0 // ================================================================
0 // ZONE 3 - THE CAVE CONTAINER (The Pit)
0 // ================================================================
0 // The Foundation: a raised baseplate standing in for the deep earth.
1 7 0 136 0 1 0 0 0 1 0 0 0 1 parts/6092.dat

0 // The Descent: a boat hull repurposed as the slick slope of the cave.
1 72 -160 0 0 0 0 1 0 1 0 -1 0 0 parts/50820.dat

0 // The Cave Walls: Technic fairings acting as jagged, synthetic rock.
1 71 -300 -100 -100 0 0 1 0 1 0 -1 0 0 parts/47713.dat
1 71 300 -100 -100 0 0 1 0 1 0 -1 0 0 parts/47713.dat
1 71 -300 -68 100 0 0 1 0 1 0 -1 0 0 parts/47713.dat
1 71 300 -100 100 0 0 1 0 1 0 -1 0 0 parts/47713.dat

0 STEP
0 // ================================================================
0 // ZONE 2 - THE PRISONERS (The Captive Audience)
0 // ================================================================
0 // A row of fixed heads, staring forward into the dark.
1 14 -80 -10 80 1 0 0 0 1 0 0 0 1 parts/100662.dat
1 14 -40 -10 80 1 0 0 0 1 0 0 0 1 parts/100662.dat
1 14 0 -10 80 1 0 0 0 1 0 0 0 1 parts/100662.dat
1 14 40 -10 80 1 0 0 0 1 0 0 0 1 parts/100662.dat
1 14 80 -10 80 1 0 0 0 1 0 0 0 1 parts/100662.dat

0 // Their bodies (bound).
1 7 -80 20 80 1 0 0 0 1 0 0 0 1 parts/10677.dat
1 7 -40 20 80 1 0 0 0 1 0 0 0 1 parts/10677.dat
1 7 0 20 80 1 0 0 0 1 0 0 0 1 parts/10677.dat
1 7 40 20 80 1 0 0 0 1 0 0 0 1 parts/10677.dat
1 7 80 20 80 1 0 0 0 1 0 0 0 1 parts/10677.dat

0 STEP
0 // ================================================================
0 // ZONE 1 - THE SHADOW SCREEN (The Illusion)
0 // ================================================================
0 // A wall of windows. They look through them and see nothing.
1 15 -60 -24 200 1 0 0 0 1 0 0 0 1 parts/4347.dat
1 15 0 -24 200 1 0 0 0 1 0 0 0 1 parts/4347.dat
1 15 60 -24 200 1 0 0 0 1 0 0 0 1 parts/4347.dat

0 STEP
0 // ================================================================
0 // ZONE 2 - THE MECHANISM (The Parapet)
0 // ================================================================
0 // The train-track walkway, raised behind the prisoners.
1 72 0 -48 -80 1 0 0 0 1 0 0 0 1 parts/6584.dat
1 72 0 -48 -120 1 0 0 0 1 0 0 0 1 parts/285c01.dat

0 // The puppeteers (hooded figures) walking the track.
1 0 -40 -104 -100 1 0 0 0 1 0 0 0 1 parts/16360.dat
1 0 40 -104 -100 1 0 0 0 1 0 0 0 1 parts/16360.dat
1 0 -40 -128 -100 1 0 0 0 1 0 0 0 1 parts/10164.dat
1 0 40 -128 -100 1 0 0 0 1 0 0 0 1 parts/10164.dat

0 // The artifacts (statues) they carry.
1 4 -60 -130 -100 0 0 1 0 1 0 -1 0 0 parts/4229.dat
1 4 60 -130 -100 0 0 1 0 1 0 -1 0 0 parts/4229.dat
1 0 0 -130 -100 0 -1 0 1 0 0 0 0 1 parts/30230.dat

0 STEP
0 // ================================================================
0 // ZONE 3 - THE FIRE (The Source of False Light)
0 // ================================================================
0 // A pyramid of burning heads.
1 4 0 -24 -200 1 0 0 0 1 0 0 0 1 parts/100662p01.dat
1 4 20 -24 -200 1 0 0 0 1 0 0 0 1 parts/100662p01.dat
1 4 -20 -24 -200 1 0 0 0 1 0 0 0 1 parts/100662p01.dat
1 4 10 -48 -200 1 0 0 0 1 0 0 0 1 parts/100662p01.dat
1 4 -10 -48 -200 1 0 0 0 1 0 0 0 1 parts/100662p01.dat
1 4 0 -72 -200 1 0 0 0 1 0 0 0 1 parts/100662p01.dat

0 // The canyon wall backing the fire.
1 71 0 -100 -310 1 0 0 0 0 1 0 -1 0 parts/6024p02.dat

0 STEP
0 // ================================================================
0 // ZONE 4 - THE ASCENT AND THE SUN (True Reality)
0 // ================================================================
0 // The path out (wedge slopes).
1 72 100 -100 -300 0.707 -0.707 0 0.707 0.707 0 0 0 1 parts/47757.dat
1 72 -100 -100 -300 0.707 -0.707 0 0.707 0.707 0 0 0 1 parts/47757.dat

0 // The true sun.
1 14 0 -400 -400 1 0 0 0 1 0 0 0 1 parts/4788.dat

0 // The corona.
1 25 0 -400 -360 1 0 0 0 1 0 0 0 1 parts/15336p01.dat
1 25 0 -400 -440 1 0 0 0 1 0 0 0 1 parts/15336p01.dat
1 25 40 -400 -400 0 0 1 0 1 0 -1 0 0 parts/15336p01.dat
1 25 -40 -400 -400 0 0 1 0 1 0 -1 0 0 parts/15336p01.dat

0 // The debris of the ascent.
1 72 80 -200 -350 1 0 0 0 1 0 0 0 1 parts/4032a.dat
1 72 -80 -200 -350 1 0 0 0 1 0 0 0 1 parts/4032a.dat

0 FILE parts/6092.dat
0 Baseplate 32 x 32 Raised with Ramp, Pit and Stairs
0 Name: 6092.dat
0 Author: Bernd Broich [bbroich]
0 !LDRAW_ORG Part UPDATE 2022-03
0 !LICENSE Licensed under CC BY 4.0 : see CAreadme.txt

0 BFC CERTIFY CCW

0 !KEYWORDS Adventurer, Alpha Team, driveway, Ogel, Paradisa, Pharaoh, Sphinx
0 !KEYWORDS Swimming Pool, tomb

0 !HISTORY 2004-04-22 [PTadmin] Official Update 2004-02
0 !HISTORY 2007-07-12 [PTadmin] Header formatted for Contributor Agreement
0 !HISTORY 2008-07-01 [PTadmin] Official Update 2008-01
0 !HISTORY 2022-03-30 [Holly-Wood] Used Subfiles
0 !HISTORY 2022-05-07 [PTadmin] Official Update 2022-03


0 // Without Upper Surface
1 16 0 0 0 1 0 0 0 1 0 0 0 1 s/6092s01.dat

0 // Horizontal Surfaces and Studs
1 16 0 0 0 1 0 0 0 1 0 0 0 1 s/6092s02.dat

3 16 -200 -48 -286.667 -200 -24 -293.334 -40 -48 -286.667
4 16 -200 -24 -293.334 -200 0 -300 -40 0 -300 -40 -48 -286.667

3 16 -280.67 -69.505 35 -300 0 200 -286.667 -48 35
4 16 -280.00088 -71.99802 35 -280 -72 200 -300 0 200 -280.67 -69.505 35
4 16 -293.334 -24 -200 -286.667 -48 35 -300 0 200 -300 0 -200

1 16 -200 0 200 0 0 -20 0 -72 0 20 0 0 48/1-4con4.dat

1 16 200 0 200 20 0 0 0 -72 0 0 0 20 48/1-4con4.dat
4 16 200 0 300 -200 0 300 -200 -72 280 200 -72 280

1 16 280.67 -69.591 155 0 -.96352 -.66911 0 .26764 -2.4088 -2.5 0 0 1-4disc.dat
4 16 300 0 200 280 -72 200 280 -72 155 280.67 -69.591 155
4 16 280.67 -69.591 152.5 293.333 -24 150 300 0 200 280.67 -69.591 155

4 16 257.5 -32 150.5 260 -32 150.5 280.669 -69.591 152.5 259.844 -69.505 152.5
3 16 280.669 -69.591 152.5 260 -32 150.5 260 -24 150
3 16 260 -24 150 293.333 -24 150 280.669 -69.591 152.5

3 16 180.156 -69.505 152.5 117.994 -69.505 152.505 180 -32 150.5
4 16 180 -32 150.5 117.994 -69.505 152.505 121 -24 150 180 -24 150

0 BFC INVERTNEXT
1 16 -129 -64 229 -6 9 0 0 64 0 0 -9 6 1-8con0.dat
0 BFC INVERTNEXT
1 16 -129 -64 91 -6 9 0 0 64 0 0 9 -6 1-8con0.dat
4 16 -135 -64 229 -135 -64 91 -120 0 100 -120 0 220

0 BFC INVERTNEXT
1 16 -128.999 -64 229 0 8.99998 -6 0 64 0 6 -8.99998 0 1-8con0.dat
0 BFC INVERTNEXT
1 16 49 -64 229 0 -8.99998 6 0 64 0 6 -8.99998 0 1-8con0.dat
4 16 49 -64 235 -129 -64 235 -120 0 220 40 0 220

0 BFC INVERTNEXT
1 16 49 -64 229 6 -9 0 0 64 0 0 -9 6 1-8con0.dat
0 BFC INVERTNEXT
1 16 49 -64 91 6 -9 0 0 64 0 0 9 -6 1-8con0.dat
4 16 55 -64 229 40 0 220 40 0 100 55 -64 91

0 BFC INVERTNEXT
1 16 49 -64 91 0 -8.99998 6 0 64 0 -6 8.99998 0 1-8con0.dat
0 BFC INVERTNEXT
1 16 -129 -64 91 0 8.99998 -6 0 64 0 -6 8.99998 0 1-8con0.dat
4 16 49 -64 85 40 0 100 -120 0 100 -129 -64 85

4 16 -220 0 -160 -220 0 -80 -230 -40 -80 -230 -40 -160

0 BFC INVERTNEXT
1 16 -140 -40 -20 0 -5 5 0 40 0 5 -5 0 1-8con1.dat
4 16 -140 -40 -10 -160 -40 -10 -160 0 -20 -145 0 -20

0 BFC INVERTNEXT
1 16 -140 -40 -20 5 -5 0 0 40 0 0 -5 5 1-8con1.dat
1 16 -130 0 -130 -5 5 0 0 -40 0 0 5 -5 1-8con1.dat
4 16 -130 -40 -20 -140 0 -25 -140 0 -130 -130 -40 -125

0 BFC INVERTNEXT
1 16 -20 -40 -140 0 -5 5 0 40 0 5 -5 0 1-8con1.dat
1 16 -130 0 -130 0 5 -5 0 -40 0 -5 5 0 1-8con1.dat
4 16 -20 -40 -130 -125 -40 -130 -130 0 -140 -25 0 -140

0 BFC INVERTNEXT
1 16 -20 -40 -140 5 -5 0 0 40 0 0 -5 5 1-8con1.dat
4 16 -10 -40 -140 -20 0 -145 -20 0 -160 -10 -40 -160

4 16 -160 0 -220 -160 -40 -230 -80 -40 -230 -80 0 -220

0 BFC INVERTNEXT
1 16 -160 -40 -160 -10 0 0 0 40 0 0 0 -10 48/1-4con6.dat

0 BFC INVERTNEXT
1 16 -160 -40 -80 0 0 -10 0 40 0 10 0 0 48/1-4con6.dat

0 BFC INVERTNEXT
1 16 -80 -40 -160 0 0 10 0 40 0 -10 0 0 48/1-4con6.dat

0 // Upper pit sides
4 16 60 -72 240 -140 -72 240 -140 -64 240 60 -64 240
4 16 60 -72 80 60 -72 240 60 -64 240 60 -64 80
4 16 -140 -72 80 -140 -64 80 -140 -64 240 -140 -72 240
4 16 60 -72 80 60 -64 80 -140 -64 80 -140 -72 80

0 // Lower pit sides
0 BFC INVERTNEXT
1 16 -160 -48 -160 -80 0 0 0 8 0 0 0 -80 48/1-4cyli.dat
0 BFC INVERTNEXT
1 16 -80 -48 -160 80 0 0 0 8 0 0 0 -80 48/1-4cyli.dat
0 BFC INVERTNEXT
1 16 -160 -48 -80 0 0 -80 0 8 0 80 0 0 48/1-4cyli.dat
4 16 -240 -48 -160 -240 -40 -160 -240 -40 -80 -240 -48 -80
4 16 -120 -48 -120 -120 -40 -120 0 -40 -120 0 -48 -120
4 16 -120 -48 -120 -120 -48 0 -120 -40 0 -120 -40 -120
4 16 -120 -48 0 -160 -48 0 -160 -40 0 -120 -40 0
4 16 -160 -48 -240 -80 -48 -240 -80 -40 -240 -160 -40 -240
4 16 0 -48 -120 0 -40 -120 0 -40 -160 0 -48 -160

0 // Stair sides
1 16 -259.844 -69.505 35 0 0 -.15595 0 1 -2.49513 -2.5 0 0 1-4disc.dat
1 16 180.156 -69.505 155 0 0 -.15595 0 1 -2.49513 -2.5 0 0 1-4disc.dat
1 16 259.844 -69.505 155 0 0 .15595 0 1 -2.49513 -2.5 0 0 1-4disc.dat
3 16 -182 -56 58 -183 -48 57.771 -183 -48 57
3 16 65 -40 -80 61.666 -40 -80 65 -32 -80
3 16 65 -24 -80 65 -32 -80 61.666 -40 -80
3 16 182.5 -32 160 182 -40 160 182.5 -32 150.5
3 16 181.5 -48 174.5 180 -72 155 182 -40 174.666
3 16 258 -40 160 257.5 -32 160 257.5 -32 150.5
3 16 246.414 -48 235.615 241.719 -56 241.719 241.365 -48 241.365
3 16 200 -64 259.5 199.835 -56 259 207.7 -56 258.493
3 16 258 -40 199.834 260 -72 200 258.5 -48 200
4 16 241.719 -56 241.719 181 -56 181 181.5 -48 181.5 241.365 -48 241.365
4 16 258 -40 160 182 -40 160 182.5 -32 160 257.5 -32 160
4 16 182 -40 174.666 258 -40 199.834 258.5 -48 200 181.5 -48 174.5
4 16 -260 -72 80 -259.5 -64 80 -181 -64 80 -180 -72 80
4 16 -181 -64 68.871 -259.5 -64 58.5 -259 -56 58.566 -182 -56 68.739
4 16 -258.5 -48 40 -183 -48 57.771 -182 -56 58 -259 -56 39.882
4 16 174 -64 180.5 174.165 -56 181 199.835 -56 259 200 -64 259.5
4 16 52.011 -32 -4.538 51.83 -40 -3.484 65 -40 -80 65 -32 -80
4 16 -181 -64 68.871 -180 -72 60 -180 -72 80 -181 -64 80
4 16 -258.5 -48 31.353 -258.5 -48 40 -259.844 -69.505 35 -259.844 -69.505 32.5
4 16 -259.5 -64 58.5 -260 -72 35 -259 -56 39.882 -259 -56 58.566
4 16 -260 -72 35 -259.5 -64 58.5 -259.5 -64 80 -260 -72 80
4 16 160 -72 260 160 -64 259.5 200 -64 259.5 200 -72 260
4 16 160 -72 260 160 -72 180 160 -64 180.5 160 -64 259.5
4 16 174 -64 180.5 160 -64 180.5 160 -72 180 180 -72 180
4 16 174 -64 180.5 180 -72 180 181 -56 181 174.165 -56 181
4 16 180 -32 138 180 -24 138 260 -24 138 260 -32 138
4 16 180 -32 150.5 180 -24 150 180 -24 138 180 -32 138
3 16 181 -56 181 181.5 -48 174.5 181.5 -48 181.5
4 16 180 -72 180 180 -72 155 181.5 -48 174.5 181 -56 181
4 16 180.156 -69.505 155 182 -40 160 182 -40 174.666 180 -72 155
4 16 207.7 -56 258.493 215.269 -56 256.988 215.528 -72 257.954 207.83 -72 259.484
4 16 215.269 -56 256.988 222.579 -56 254.51 222.962 -72 255.434 215.528 -72 257.954
4 16 222.579 -56 254.51 229.5 -56 251.094 230 -72 251.96 222.962 -72 255.434
4 16 229.5 -56 251.094 235.919 -56 246.811 236.528 -72 247.604 230 -72 251.96
4 16 235.919 -56 246.811 241.719 -56 241.719 242.426 -72 242.426 236.528 -72 247.604
4 16 250.661 -48 229.25 251.96 -72 230 247.604 -72 236.528 246.414 -48 235.615
4 16 254.048 -48 222.388 255.434 -72 222.962 251.96 -72 230 250.661 -48 229.25
4 16 256.505 -48 215.14 257.954 -72 215.528 255.434 -72 222.962 254.048 -48 222.388
4 16 257.997 -48 207.634 259.484 -72 207.83 257.954 -72 215.528 256.505 -48 215.14
4 16 258 -40 160 259.844 -69.505 155 260 -72 200 258 -40 199.834
4 16 258.5 -48 200 260 -72 200 259.484 -72 207.83 257.997 -48 207.634
4 16 260 -32 150.5 260 -32 138 260 -24 138 260 -24 150
4 16 40 -48 -80 40 -40 -80 40 -40 -4 40 -48 -3
4 16 40 -48 -80 60 -48 -80 61.666 -40 -80 40 -40 -80
4 16 90 -24 -80 64.912 -24 -2.807 64.52 -32 -1.601 90 -32 -80
4 16 90 -24 -80 90 -32 -80 65 -32 -80 65 -24 -80
4 16 180.156 -69.505 152.5 182.5 -32 150.5 182 -40 160 180.156 -69.505 155
4 16 259.844 -69.505 152.5 259.844 -69.505 155 258 -40 160 257.5 -32 150.5
4 16 247.604 -72 236.528 242.426 -72 242.426 241.719 -56 241.719 246.414 -48 235.615
4 16 207.7 -56 258.493 207.83 -72 259.484 200 -72 260 200 -64 259.5
4 16 -182 -56 58 -180 -72 60 -181 -64 68.871 -182 -56 68.739
4 16 -260 -72 35 -259.844 -69.505 35 -258.5 -48 40 -259 -56 39.882

0 // Sides
1 16 -200 -24 -200 -6.6667 0 0 0 -24 0 0 0 -6.6667 48/1-4con13.dat
1 16 -200 0 -200 -6.6667 0 0 0 -24 0 0 0 -6.6667 48/1-4con14.dat
1 16 -280.67 -69.505 35 0 0 .66912 0 1 -2.49302 -2.5 0 0 1-4disc.dat
1 16 250 -12 -250 0 0 3.3333 0 -12 0 -3.3333 0 0 48/1-4con13.dat
1 16 250 0 -250 0 0 3.3333 0 -12 0 -3.3333 0 0 48/1-4con14.dat
1 16 -40 -72 60 -60 -3 0 0 24 0 0 -3 -60 48/1-4cyli.dat
1 16 40 -72 60 60 3 0 0 24 0 0 -3 -60 48/1-4cyli.dat
1 16 43 -48 57 60 3 0 0 24 0 0 -3 -60 48/3-16cyli.dat
3 16 213.333 -4.746 -268.354 215.236 -2.93 -280.465 215.235 -24 -277.9
3 16 215.235 -24 -277.9 213.333 -24 -268.333 213.333 -4.746 -268.354
3 16 215.236 -2.93 -280.465 220.656 -1.39 -290.731 220.655 -24 -286.011
3 16 220.656 -1.39 -290.731 228.766 -.361 -297.592 228.766 -24 -291.431
3 16 220.655 -24 -286.011 215.235 -24 -277.9 215.236 -2.93 -280.465
3 16 228.766 -.361 -297.592 238.333 0 -300 238.333 -24 -293.333
3 16 228.766 -24 -291.431 220.655 -24 -286.011 220.656 -1.39 -290.731
3 16 238.333 -24 -293.333 228.766 -24 -291.431 228.766 -.361 -297.592
3 16 260 -17.995 -180.044 260 -24 -180 260 -24 -140
3 16 41.739 -8.642 -242.385 63.9 -20.695 -162.044 58.5 -48 -162
3 16 58.5 -48 -162 33.912 -48 -237.283 41.739 -8.642 -242.385
3 16 60 -48 -150 65 -22.495 -150.044 65 -24 -140
3 16 100 -72 140 101.428 -71.952 145.501 101.142 -72 145.74
3 16 100 -72 140 101.671 -71.817 145.298 101.428 -71.952 145.501
3 16 100 -72 140 101.834 -71.615 145.163 101.671 -71.817 145.298
3 16 100 -72 140 101.891 -71.376 145.115 101.834 -71.615 145.163
3 16 101.891 -71.376 145.115 100 -72 140 106 -24 135
3 16 105.891 -70.752 149.357 101.891 -71.376 145.115 107.141 -24 140.741
3 16 106 -24 135 107.141 -24 140.741 101.891 -71.376 145.115
3 16 107.141 -24 140.741 110.394 -24 145.607 105.891 -70.752 149.357
3 16 110.394 -24 145.607 115.26 -24 148.858 111.505 -70.129 151.984
3 16 111.505 -70.129 151.984 105.891 -70.752 149.357 110.394 -24 145.607
3 16 115.26 -24 148.858 121 -24 150 117.994 -69.505 152.505
3 16 117.994 -69.505 152.505 111.505 -70.129 151.984 115.26 -24 148.858
3 16 52.011 -32 -4.538 52.83 -32 -4.484 51.83 -40 -3.484
3 16 260 -72 200 259.844 -69.505 155 260 -72 155
3 16 293.333 -24 -250 296.666 -12 -250 293.333 -24 150
3 16 -286.667 -48 35 -293.334 -24 -200 -286.667 -48 31.353
3 16 -286.667 -48 31.353 -293.334 -24 -200 -286.667 -48 -200
3 16 250 -12 -296.666 238.333 0 -300 250 0 -300
3 16 40 -72 0 40 -48 -3 43 -48 -3
3 16 103 -48 57 106 -24 54 106 -24 135
3 16 60 -48 -80 60 -48 -150 61.666 -40 -80
4 16 -103 -48 57 -100 -72 60 -180 -72 60 -183 -48 57
4 16 -28.454 -.121 -299.197 -17.103 -.478 -296.817 -19.296 -48 -283.939 -29.56 -48 -285.979
4 16 -9.384 -48 -280.579 -19.296 -48 -283.939 -17.103 -.478 -296.817 -6.142 -1.066 -292.897
4 16 -29.56 -48 -285.979 -40 -48 -286.667 -40 0 -300 -28.454 -.121 -299.197
4 16 8.704 -48 -270.139 0 -48 -275.947 4.236 -1.876 -287.493 13.862 -2.892 -280.717
4 16 13.862 -2.892 -280.717 22.559 -4.1 -272.662 16.568 -48 -263.235 8.704 -48 -270.139
4 16 33.912 -48 -237.283 29.28 -48 -246.667 36.617 -7 -253.333 41.739 -8.642 -242.385
4 16 22.559 -4.1 -272.662 30.194 -5.477 -263.487 23.472 -48 -255.371 16.568 -48 -263.235
4 16 30.194 -5.477 -263.487 36.617 -7 -253.333 29.28 -48 -246.667 23.472 -48 -255.371
4 16 -6.142 -1.066 -292.897 4.236 -1.876 -287.493 0 -48 -275.947 -9.384 -48 -280.579
4 16 60 -48 -150 58.5 -48 -162 63.9 -20.695 -162.044 65 -22.495 -150.044
4 16 -286.667 -48 31.353 -280.67 -69.505 32.5 -280.67 -69.505 35 -286.667 -48 35
4 16 215.235 -24 -258.766 215.235 -6.181 -258.811 213.333 -4.746 -268.354 213.333 -24 -268.333
4 16 220.655 -24 -250.655 220.654 -7.397 -250.7 215.235 -6.181 -258.811 215.235 -24 -258.766
4 16 232.247 -24 -240.833 232.247 -8.871 -240.877 220.654 -7.397 -250.7 220.655 -24 -250.655
4 16 242 -24 -229.961 242 -10.501 -230.006 232.247 -8.871 -240.877 232.247 -24 -240.833
4 16 249.777 -24 -218.24 249.777 -12.259 -218.285 242 -10.501 -230.006 242 -24 -229.961
4 16 255.419 -24 -205.86 255.419 -14.116 -205.904 249.777 -12.259 -218.285 249.777 -24 -218.24
4 16 258.845 -24 -193.04 258.845 -16.039 -193.084 255.419 -14.116 -205.904 255.419 -24 -205.86
4 16 260 -24 -180 260 -17.995 -180.044 258.845 -16.039 -193.084 258.845 -24 -193.04
4 16 -259.844 -69.505 32.5 -280.67 -69.505 32.5 -286.667 -48 31.353 -258.5 -48 31.353
4 16 104.394 -72 150.607 101.142 -72 145.74 101.428 -71.952 145.501 104.967 -71.905 150.129
4 16 104.967 -71.905 150.129 101.428 -71.952 145.501 101.671 -71.817 145.298 105.453 -71.634 149.723
4 16 105.453 -71.634 149.723 101.671 -71.817 145.298 101.834 -71.615 145.163 105.777 -71.23 149.452
4 16 105.777 -71.23 149.452 101.834 -71.615 145.163 101.891 -71.376 145.115 105.891 -70.752 149.357
4 16 109.259 -72 153.859 104.394 -72 150.607 104.967 -71.905 150.129 110.118 -71.858 153.141
4 16 110.118 -71.858 153.141 104.967 -71.905 150.129 105.453 -71.634 149.723 110.847 -71.452 152.533
4 16 110.847 -71.452 152.533 105.453 -71.634 149.723 105.777 -71.23 149.452 111.334 -70.845 152.127
4 16 111.334 -70.845 152.127 105.777 -71.23 149.452 105.891 -70.752 149.357 111.505 -70.129 151.984
4 16 115 -72 155 109.259 -72 153.859 110.118 -71.858 153.141 116.146 -71.81 154.043
4 16 116.146 -71.81 154.043 110.118 -71.858 153.141 110.847 -71.452 152.533 117.117 -71.269 153.232
4 16 117.117 -71.269 153.232 110.847 -71.452 152.533 111.334 -70.845 152.127 117.766 -70.46 152.69
4 16 117.766 -70.46 152.69 111.334 -70.845 152.127 111.505 -70.129 151.984 117.994 -69.505 152.505
4 16 -260 -72 35 -280.00088 -71.99802 35 -280.051800032 -71.808301178 34.04325 -259.988 -71.81 34.043
4 16 -259.988 -71.81 34.043 -280.051800032 -71.808301178 34.04325 -280.196865248 -71.267814442 33.23225 -259.954 -71.269 33.232
4 16 -259.954 -71.269 33.232 -280.196865248 -71.267814442 33.23225 -280.413927776 -70.459078754 32.69025 -259.904 -70.46 32.69
4 16 -259.904 -70.46 32.69 -280.413927776 -70.459078754 32.69025 -280.67 -69.505 32.5 -259.844 -69.505 32.5
4 16 180 -72 155 115 -72 155 116.146 -71.81 154.043 180.012 -71.81 154.043
4 16 180.012 -71.81 154.043 116.146 -71.81 154.043 117.117 -71.269 153.232 180.046 -71.269 153.232
4 16 180.046 -71.269 153.232 117.117 -71.269 153.232 117.766 -70.46 152.69 180.096 -70.46 152.69
4 16 180.096 -70.46 152.69 117.766 -70.46 152.69 117.994 -69.505 152.505 180.156 -69.505 152.5
4 16 280 -72 155 260 -72 155 259.988 -71.81 154.043 280.052 -71.816 154.043
4 16 280.052 -71.816 154.043 259.988 -71.81 154.043 259.954 -71.269 153.232 280.197 -71.294 153.232
4 16 280.197 -71.294 153.232 259.954 -71.269 153.232 259.904 -70.46 152.69 280.414 -70.513 152.69
4 16 280.414 -70.513 152.69 259.904 -70.46 152.69 259.844 -69.505 152.5 280.669 -69.591 152.5
3 16 180.156 -69.505 152.5 180 -32 150.5 182.5 -32 150.5
4 16 43 -48 -3 44 -40 -4 51.83 -40 -3.484 50.83 -48 -2.484
4 16 44 -40 -4 43 -48 -3 40 -48 -3 40 -40 -4
4 16 50.83 -48 -2.484 52.83 -32 -4.484 60.528 -32 -2.954 58.528 -48 -.954
4 16 64.52 -32 -1.601 65.962 -48 1.566 58.528 -48 -.954 60.528 -32 -2.954
4 16 65.962 -48 1.566 64.52 -32 -1.601 64.912 -24 -2.807 68.962 -24 -1.434
4 16 296.666 -12 -250 300 0 -250 300 0 200 293.333 -24 150
4 16 250 -12 -296.666 250 -24 -293.333 238.333 -24 -293.333 238.333 0 -300
4 16 65 -24 -140 65 -24 -80 61.666 -40 -80 60 -48 -150
4 16 -40 -72 0 -43 -48 -3 40 -48 -3 40 -72 0
4 16 100 -72 140 100 -72 60 103 -48 57 106 -24 135

0 FILE parts/50820.dat
0 Boat Hull 48 x  6 x  5 Top
0 Name: 50820.dat
0 Author: Gerald Lasser [GeraldLasser]
0 !LDRAW_ORG Part UPDATE 2024-09
0 !LICENSE Licensed under CC BY 4.0 : see CAreadme.txt

0 BFC CERTIFY CCW

0 !HISTORY 2024-10-27 [OrionP] Official Update 2024-09

1 16 0 0 0 1 0 0 0 1 0 0 0 1 s/50820s01.dat
1 16 0 0 0 -1 0 0 0 1 0 0 0 1 s/50820s01.dat

0 // Centre Portion
1 16 0 24 60 6 0 0 0 1 0 0 0 6 4-4ndis.dat
1 16 0 28 60 6 0 0 0 -1 0 0 0 6 4-4ndis.dat
0 BFC INVERTNEXT
1 16 0 24 60 6 0 0 0 4 0 0 0 6 4-4cylo.dat
1 16 0 28 -60 6 0 0 0 -1 0 0 0 6 4-4ndis.dat
1 16 0 24 -60 6 0 0 0 1 0 0 0 6 4-4ndis.dat
0 BFC INVERTNEXT
1 16 0 24 -60 6 0 0 0 4 0 0 0 6 4-4cylo.dat

3 16 0 28 66 -24 28 104 24 28 104
4 16 -8 22 104 8 22 104 24 28 104 -24 28 104
4 16 8 22 104 -8 22 104 -8 4 104 8 4 104
4 16 16 4 112 8 4 104 -8 4 104 -16 4 112
3 16 0 28 -66 24 28 -104 -24 28 -104
4 16 24 28 -104 8 22 -104 -8 22 -104 -24 28 -104
4 16 -8 22 -104 8 22 -104 8 4 -104 -8 4 -104
4 16 -8 4 -104 8 4 -104 16 4 -112 -16 4 -112
4 16 19.0557 4 117 16 4 112 -16 4 112 -19.0557 4 117
4 16 16 4 -112 19.0557 4 -117 -19.0557 4 -117 -16 4 -112
4 16 19.0557 4 -117 19.0557 4 -199.8336 -19.0557 4 -199.8336 -19.0557 4 -117
2 24 24 28 -104 -24 28 -104

2 24 -8 4 104 8 4 104
2 24 24 28 104 -24 28 104
2 24 24 17.3912 -96.9384 24 28 -104
2 24 -8 4 -104 8 4 -104

4 16 -37 30 1 -24 28 1 24 28 1 37 30 1
4 16 37 30 -1 24 28 -1 -24 28 -1 -37 30 -1
1 16 0 30 0 0 0 -37 0 -1 0 -1 0 0 rect.dat
2 24 -24 28 1 24 28 1
2 24 24 28 -1 -24 28 -1

4 16 -19.0557 4 121 19.0557 4 121 36 12.4721 121 -36 12.4721 121
4 16 19.0557 4 119 -19.0557 4 119 -36 12.4721 119 36 12.4721 119
4 16 36 28 119 36 12.4721 119 -36 12.4721 119 -36 28 119
4 16 36 28 119 -36 28 119 -37 30 119 37 30 119
4 16 -36 28 121 -36 12.4721 121 36 12.4721 121 36 28 121
4 16 -36 28 121 36 28 121 37 30 121 -37 30 121
1 16 0 30 120 -37 0 0 0 -1 0 0 0 1 rect.dat
2 24 -19.0557 4 121 19.0557 4 121
2 24 19.0557 4 119 -19.0557 4 119

4 16 36 12.4721 -121 19.0557 4 -121 -19.0557 4 -121 -36 12.4721 -121
4 16 -36 12.4721 -119 -19.0557 4 -119 19.0557 4 -119 36 12.4721 -119
4 16 -36 12.4721 -119 36 12.4721 -119 36 28 -119 -36 28 -119
4 16 -37 30 -119 -36 28 -119 36 28 -119 37 30 -119
4 16 36 12.4721 -121 -36 12.4721 -121 -36 28 -121 36 28 -121
4 16 37 30 -121 36 28 -121 -36 28 -121 -37 30 -121
1 16 0 30 -120 -37 0 0 0 -1 0 0 0 -1 rect.dat
2 24 19.0557 4 -121 -19.0557 4 -121
2 24 -19.0557 4 -119 19.0557 4 -119

4 16 37 12.9721 177 19.0557 4 177 -19.0557 4 177 -37 12.9721 177
1 16 0 40.48605 177 -37 0 0 0 0 27.51395 0 1 0 rect3.dat
2 24 19.0557 4 177 -19.0557 4 177
4 16 19.0557 4 180 40 14.4721 180 -40 14.4721 180 -19.0557 4 180
1 16 0 41.23605 180 40 0 0 0 0 26.76395 0 -1 0 rect3.dat
2 24 -19.0557 4 180 19.0557 4 180
4 16 -40 68 180 40 68 180 37 68 177 -37 68 177

4 16 -19.0557 4 -177 19.0557 4 -177 37 12.9721 -177 -37 12.9721 -177
1 16 0 40.48605 -177 -37 0 0 0 0 27.51395 0 -1 0 rect3.dat
2 24 -19.0557 4 -177 19.0557 4 -177
4 16 -40 14.4721 -180 40 14.4721 -180 19.0557 4 -180 -19.0557 4 -180
1 16 0 41.23605 -180 40 0 0 0 0 26.76395 0 1 0 rect3.dat
2 24 19.0557 4 -180 -19.0557 4 -180
4 16 37 68 -177 40 68 -180 -40 68 -180 -37 68 -177

0 // Aft Section
4 16 19.0557 4 117 -19.0557 4 117 -19.0557 4 276 19.0557 4 276
2 24 19.0557 4 276 -19.0557 4 276

4 16 56 22.4721 239 -56 22.4721 239 -56 30 239 56 30 239
4 16 56 22.4721 239 19.0557 4 239 -19.0557 4 239 -56 22.4721 239
2 24 -19.0557 4 239 19.0557 4 239
2 24 -56 30 239 56 30 239
4 16 -56 30 239 -1 30 241 1 30 241 56 30 239
1 16 0 4 258.5 0 0 1 0 26 0 17.5 0 0 box3u4p.dat
2 24 -1 30 276 1 30 276
4 16 56 22.4721 276 19.0557 4 276 -19.0557 4 276 -56 22.4721 276
1 16 0 27.23605 276 -56 0 0 0 0 4.76395 0 1 0 rect3.dat
4 16 60 32 280 56 32 276 -56 32 276 -60 32 280

1 16 0 26 280 60 0 0 0 0 6 0 -1 0 rect3.dat
4 16 -20 0 280 20 0 280 60 20 280 -60 20 280

0 // Top
1 16 0 0 200 20 0 0 0 1 0 0 0 80 rect3.dat
4 16 -20 0 120 -12 0 100 12 0 100 20 0 120
4 16 12 18 100 -12 18 100 -20 24 100 20 24 100
4 16 -12 0 100 -12 18 100 12 18 100 12 0 100
3 16 -20 24 100 0 24 66 20 24 100
3 16 20 24 -100 0 24 -66 -20 24 -100
4 16 20 0 -120 12 0 -100 -12 0 -100 -20 0 -120
4 16 -12 18 -100 -12 0 -100 12 0 -100 12 18 -100
4 16 -20 24 -100 -12 18 -100 12 18 -100 20 24 -100
1 16 0 0 -160 -20 0 0 0 1 0 0 0 -40 rect3.dat
2 24 -12 0 100 12 0 100
2 24 -12 0 -100 12 0 -100
2 24 20 24 -100 -20 24 -100
2 24 -20 24 100 20 24 100

1 16 -10 24 0 0 0 -1 0 1 0 1 0 0 stug-1x10.dat
1 16 10 24 0 0 0 -1 0 1 0 1 0 0 stug-1x10.dat
1 16 -10 0 190 0 0 -1 0 1 0 1 0 0 stug-1x9.dat
1 16 10 0 190 0 0 -1 0 1 0 1 0 0 stug-1x9.dat
1 16 -10 0 -150 0 0 -1 0 1 0 1 0 0 stug-1x5.dat
1 16 10 0 -150 0 0 -1 0 1 0 1 0 0 stug-1x5.dat
1 16 -30 0 0 0 0 -1 0 1 0 1 0 0 stug2-1x12.dat
1 16 30 0 0 0 0 -1 0 1 0 1 0 0 stug2-1x12.dat

1 16 0 10 -440 0 0 20 10 1 0 -240 0 0 rect2p.dat
1 16 0 26 -680 0 0 -20 -6 0 0 0 1 0 rect.dat

0 // Bow Section
4 16 -19.0557 4 -199.8336 19.0557 4 -199.8336 19.3313 22.4721 -643.248 -19.3313 22.4721 -643.248
4 16 -16.6228 23.8368 -676 -19.3313 22.4721 -643.248 19.3313 22.4721 -643.248 16.6228 23.8368 -676
1 16 0 27.9184 -676 0 0 -16.6228 4.0816 0 0 0 -1 0 rect.dat
4 16 -16.6228 32 -676 16.6228 32 -676 20 32 -680 -20 32 -680
2 24 19.0557 4 -199.8336 -19.0557 4 -199.8336

4 16 55.9035 22.4721 -201 19.0564 4.0486 -201 -19.0564 4.0486 -201 -55.9035 22.4721 -201
4 16 55.9035 22.4721 -201 -55.9035 22.4721 -201 -55.9035 30 -201 55.9035 30 -201
4 16 -56 30 -199.8336 56 30 -199.8336 55.9035 30 -201 -55.9035 30 -201
4 16 56 30 -199.8336 -56 30 -199.8336 -56 30 -199 56 30 -199
4 16 -56 22.4721 -199 56 22.4721 -199 56 30 -199 -56 30 -199
4 16 -56 22.4721 -199 -19.0557 4 -199 19.0557 4 -199 56 22.4721 -199
2 24 19.0557 4 -199 -19.0557 4 -199
2 24 56 30 -199 -56 30 -199
2 24 -55.9035 30 -201 55.9035 30 -201
2 24 19.0564 4.0486 -201 -19.0564 4.0486 -201

4 16 -42.8375 22.4721 -359 42.8375 22.4721 -359 42.8375 30 -359 -42.8375 30 -359
4 16 -42.8375 22.4721 -359 -19.1546 10.6307 -359 19.1546 10.6307 -359 42.8375 22.4721 -359
4 16 -42.8375 30 -359 42.8375 30 -359 42.6721 30 -361 -42.6721 30 -361
4 16 -42.6721 22.4721 -361 -42.6721 30 -361 42.6721 30 -361 42.6721 22.4721 -361
4 16 42.6721 22.4721 -361 19.1559 10.714 -361 -19.1559 10.714 -361 -42.6721 22.4721 -361
2 24 -19.1559 10.714 -361 19.1559 10.714 -361
2 24 42.6721 30 -361 -42.6721 30 -361
2 24 -42.8375 30 -359 42.8375 30 -359
2 24 19.1546 10.6307 -359 -19.1546 10.6307 -359

4 16 -1 30 -676 -1 30 -521 1 30 -521 1 30 -676
4 16 1 30 -521 -1 30 -521 -29.6061 30 -519 29.6061 30 -519
4 16 -29.6061 22.4721 -519 29.6061 22.4721 -519 29.6061 30 -519 -29.6061 30 -519
4 16 -29.6061 22.4721 -519 -19.2541 17.2961 -519 19.2541 17.2961 -519 29.6061 22.4721 -519
2 24 -1 30 -676 1 30 -676
2 24 -19.2541 17.2961 -519 19.2541 17.2961 -519
2 24 29.6061 30 -519 -29.6061 30 -519

0 FILE parts/47713.dat
0 Technic Panel Fairing #25
0 Name: 47713.dat
0 Author: Marc Klein [marckl]
0 !LDRAW_ORG Part UPDATE 2009-03
0 !LICENSE Licensed under CC BY 4.0 : see CAreadme.txt

0 BFC CERTIFY CCW

0 !HISTORY 2009-12-29 [PTadmin] Official Update 2009-03


1 16 0 0 0 -1 0 0 0 1 0 0 0 1 47712.dat

0 FILE parts/100662.dat
0 Minifig Baby Head with Space Helmet and Air Tanks
0 Name: 100662.dat
0 Author: Fredrik Hareide [fhareide]
0 !LDRAW_ORG Part UPDATE 2023-04
0 !LICENSE Licensed under CC BY 4.0 : see CAreadme.txt

0 BFC CERTIFY CCW

0 !HISTORY 2023-08-25 [OrionP] Official Update 2023-04


1 16 0 0 0 1 0 0 0 1 0 0 0 1 s/100662s01.dat
1 16 0 0 0 -1 0 0 0 1 0 0 0 1 s/100662s01.dat
1 16 0 -8.4 15.4 0 0 1.5 0 1 0 1.5 0 0 bump5000.dat

1 16 0 0 0 1 0 0 0 1 0 0 0 1 s/100662s02.dat
1 16 0 0 0 -1 0 0 0 1 0 0 0 1 s/100662s02.dat

0 FILE parts/10677.dat
0 Minifig Torso with Bat Wing Arms
0 Name: 10677.dat
0 Author: Magnus Forsberg [MagFors]
0 !LDRAW_ORG Shortcut UPDATE 2020-03
0 !LICENSE Licensed under CC BY 4.0 : see CAreadme.txt

0 BFC CERTIFY CCW

0 !HISTORY 2020-12-29 [PTadmin] Official Update 2020-03


1 16 0 0 0 1 0 0 0 1 0 0 0 1 973.dat
1 16 15.552 9 0 -0.985 0 0.17 0.17 0 0.985 0 1 0 10303.dat
1 16 -15.552 9 0 0.985 0 -0.17 0.17 0 0.985 0 -1 0 10303.dat
1 16 33.212 -6.22 0 0.91521 0 -0.4019 0.4019 0 0.91521 0 -1 0 3820.dat
1 16 -33.212 -6.22 0 0.91521 0 0.4019 -0.4019 0 0.91521 0 -1 0 3820.dat

0 FILE parts/4347.dat
0 ~Window  1 x  4 x  5 with Fixed Glass - Frame
0 Name: 4347.dat
0 Author: Alex Taylor [anathema]
0 !LDRAW_ORG Part UPDATE 2010-02
0 !LICENSE Licensed under CC BY 4.0 : see CAreadme.txt

0 BFC CERTIFY CCW

0 !HISTORY 2010-07-05 [PTadmin] Official Update 2010-02


1 16 20 116 0 1 0 0 0 -1 0 0 0 1 stud3.dat
1 16 0 116 0 1 0 0 0 -1 0 0 0 1 stud3.dat
1 16 -20 116 0 1 0 0 0 -1 0 0 0 1 stud3.dat
0 BFC INVERTNEXT
1 16 0 120 0 36 0 0 0 -4 0 0 0 6 box5.dat
4 16 40 120 10 36 120 6 -36 120 6 -40 120 10
4 16 -40 120 10 -36 120 6 -36 120 -6 -40 120 -10
4 16 -40 120 -10 -36 120 -6 36 120 -6 40 120 -10
4 16 40 120 -10 36 120 -6 36 120 6 40 120 10
4 16 32 8 -6 -32 8 -6 -36 4 -6 36 4 -6
4 16 -32 8 -6 -32 108 -6 -36 112 -6 -36 4 -6
4 16 36 112 -6 -36 112 -6 -32 108 -6 32 108 -6
4 16 36 4 -6 36 112 -6 32 108 -6 32 8 -6
4 16 36 4 10 -36 4 10 -40 0 10 40 0 10
4 16 -36 4 10 -36 112 10 -40 120 10 -40 0 10
4 16 -36 112 10 36 112 10 40 120 10 -40 120 10
4 16 40 0 10 40 120 10 36 112 10 36 4 10
4 16 40 0 -10 -40 0 -10 -32 8 -10 32 8 -10
4 16 -40 0 -10 -40 120 -10 -32 108 -10 -32 8 -10
4 16 -40 120 -10 40 120 -10 32 108 -10 -32 108 -10
4 16 32 8 -10 32 108 -10 40 120 -10 40 0 -10
1 16 30 0 0 -1 0 0 0 1 0 0 0 -1 stud.dat
1 16 10 0 0 -1 0 0 0 1 0 0 0 -1 stud.dat
1 16 -10 0 0 -1 0 0 0 1 0 0 0 -1 stud.dat
1 16 -30 0 0 -1 0 0 0 1 0 0 0 -1 stud.dat
1 16 0 120 0 0 0 -40 0 -120 0 -10 0 0 box3u2p.dat
0 BFC INVERTNEXT
1 16 0 58 -6 0 0 -36 -54 0 0 0 16 0 box4.dat
0 BFC INVERTNEXT
1 16 0 58 -10 0 0 -32 -50 0 0 0 4 0 box4.dat
2 24 -40 120 -10 40 120 -10
2 24 -40 120 10 40 120 10
0

0 FILE parts/6584.dat
0 Train Base  6 x 24
0 Name: 6584.dat
0 Author: James Jessiman
0 !LDRAW_ORG Part UPDATE 2009-02
0 !LICENSE Licensed under CC BY 4.0 : see CAreadme.txt

0 BFC CERTIFY CCW

0 !KEYWORDS BrickLink 6584a

0 !HISTORY 2007-07-18 [PTadmin] Header formatted for Contributor Agreement
0 !HISTORY 2008-07-01 [PTadmin] Official Update 2008-01
0 !HISTORY 2008-07-07 [guyvivan] Made BFC'ed, use more primitives and fix L3P error (2005-11-07)
0 !HISTORY 2008-07-08 [guyvivan] Fixed size of two rectanglular holes (24x40) and underside size plate (36x76) (2006-01-07)
0 !HISTORY 2009-09-03 [PTadmin] Official Update 2009-02


1 16 220 4 40 1 0 0 0 -1 0 0 0 1 stud4.dat
1 16 200 4 40 1 0 0 0 -1 0 0 0 1 stud4.dat
1 16 180 4 40 1 0 0 0 -1 0 0 0 1 stud4.dat
1 16 160 4 40 1 0 0 0 -1 0 0 0 1 stud4.dat
1 16 140 4 40 1 0 0 0 -1 0 0 0 1 stud4.dat
1 16 120 4 40 1 0 0 0 -1 0 0 0 1 stud4.dat
1 16 100 4 40 1 0 0 0 -1 0 0 0 1 stud4.dat
1 16 80 4 40 1 0 0 0 -1 0 0 0 1 stud4.dat
1 16 -80 4 40 1 0 0 0 -1 0 0 0 1 stud4.dat
1 16 -100 4 40 1 0 0 0 -1 0 0 0 1 stud4.dat
1 16 -120 4 40 1 0 0 0 -1 0 0 0 1 stud4.dat
1 16 -140 4 40 1 0 0 0 -1 0 0 0 1 stud4.dat
1 16 -160 4 40 1 0 0 0 -1 0 0 0 1 stud4.dat
1 16 -180 4 40 1 0 0 0 -1 0 0 0 1 stud4.dat
1 16 -200 4 40 1 0 0 0 -1 0 0 0 1 stud4.dat
1 16 -220 4 40 1 0 0 0 -1 0 0 0 1 stud4.dat
1 16 220 4 20 1 0 0 0 -1 0 0 0 1 stud4.dat
1 16 200 4 20 1 0 0 0 -1 0 0 0 1 stud4.dat
1 16 180 4 20 1 0 0 0 -1 0 0 0 1 stud4.dat
1 16 160 4 20 1 0 0 0 -1 0 0 0 1 stud4.dat
1 16 140 4 20 1 0 0 0 -1 0 0 0 1 stud4.dat
1 16 120 4 20 1 0 0 0 -1 0 0 0 1 stud4.dat
1 16 100 4 20 1 0 0 0 -1 0 0 0 1 stud4.dat
1 16 0 4 20 1 0 0 0 -1 0 0 0 1 stud4.dat
1 16 -100 4 20 1 0 0 0 -1 0 0 0 1 stud4.dat
1 16 -120 4 20 1 0 0 0 -1 0 0 0 1 stud4.dat
1 16 -140 4 20 1 0 0 0 -1 0 0 0 1 stud4.dat
1 16 -160 4 20 1 0 0 0 -1 0 0 0 1 stud4.dat
1 16 -180 4 20 1 0 0 0 -1 0 0 0 1 stud4.dat
1 16 -200 4 20 1 0 0 0 -1 0 0 0 1 stud4.dat
1 16 -220 4 20 1 0 0 0 -1 0 0 0 1 stud4.dat
1 16 220 4 0 1 0 0 0 -1 0 0 0 1 stud4.dat
1 16 200 4 0 1 0 0 0 -1 0 0 0 1 stud4.dat
1 16 180 4 0 1 0 0 0 -1 0 0 0 1 stud4.dat
1 16 160 4 0 1 0 0 0 -1 0 0 0 1 stud4a.dat
1 16 140 4 0 1 0 0 0 -1 0 0 0 1 stud4a.dat
1 16 120 4 0 1 0 0 0 -1 0 0 0 1 stud4a.dat
1 16 100 4 0 1 0 0 0 -1 0 0 0 1 stud4.dat
1 16 0 4 0 1 0 0 0 -1 0 0 0 1 stud4.dat
1 16 -100 4 0 1 0 0 0 -1 0 0 0 1 stud4.dat
1 16 -120 4 0 1 0 0 0 -1 0 0 0 1 stud4a.dat
1 16 -140 4 0 1 0 0 0 -1 0 0 0 1 stud4a.dat
1 16 -160 4 0 1 0 0 0 -1 0 0 0 1 stud4a.dat
1 16 -180 4 0 1 0 0 0 -1 0 0 0 1 stud4.dat
1 16 -200 4 0 1 0 0 0 -1 0 0 0 1 stud4.dat
1 16 -220 4 0 1 0 0 0 -1 0 0 0 1 stud4.dat
1 16 220 4 -20 1 0 0 0 -1 0 0 0 1 stud4.dat
1 16 200 4 -20 1 0 0 0 -1 0 0 0 1 stud4.dat
1 16 180 4 -20 1 0 0 0 -1 0 0 0 1 stud4.dat
1 16 160 4 -20 1 0 0 0 -1 0 0 0 1 stud4.dat
1 16 140 4 -20 1 0 0 0 -1 0 0 0 1 stud4.dat
1 16 120 4 -20 1 0 0 0 -1 0 0 0 1 stud4.dat
1 16 100 4 -20 1 0 0 0 -1 0 0 0 1 stud4.dat
1 16 0 4 -20 1 0 0 0 -1 0 0 0 1 stud4.dat
1 16 -100 4 -20 1 0 0 0 -1 0 0 0 1 stud4.dat
1 16 -120 4 -20 1 0 0 0 -1 0 0 0 1 stud4.dat
1 16 -140 4 -20 1 0 0 0 -1 0 0 0 1 stud4.dat
1 16 -160 4 -20 1 0 0 0 -1 0 0 0 1 stud4.dat
1 16 -180 4 -20 1 0 0 0 -1 0 0 0 1 stud4.dat
1 16 -200 4 -20 1 0 0 0 -1 0 0 0 1 stud4.dat
1 16 -220 4 -20 1 0 0 0 -1 0 0 0 1 stud4.dat
1 16 220 4 -40 1 0 0 0 -1 0 0 0 1 stud4.dat
1 16 200 4 -40 1 0 0 0 -1 0 0 0 1 stud4.dat
1 16 180 4 -40 1 0 0 0 -1 0 0 0 1 stud4.dat
1 16 160 4 -40 1 0 0 0 -1 0 0 0 1 stud4.dat
1 16 140 4 -40 1 0 0 0 -1 0 0 0 1 stud4.dat
1 16 120 4 -40 1 0 0 0 -1 0 0 0 1 stud4.dat
1 16 100 4 -40 1 0 0 0 -1 0 0 0 1 stud4.dat
1 16 80 4 -40 1 0 0 0 -1 0 0 0 1 stud4.dat
1 16 -80 4 -40 1 0 0 0 -1 0 0 0 1 stud4.dat
1 16 -100 4 -40 1 0 0 0 -1 0 0 0 1 stud4.dat
1 16 -120 4 -40 1 0 0 0 -1 0 0 0 1 stud4.dat
1 16 -140 4 -40 1 0 0 0 -1 0 0 0 1 stud4.dat
1 16 -160 4 -40 1 0 0 0 -1 0 0 0 1 stud4.dat
1 16 -180 4 -40 1 0 0 0 -1 0 0 0 1 stud4.dat
1 16 -200 4 -40 1 0 0 0 -1 0 0 0 1 stud4.dat
1 16 -220 4 -40 1 0 0 0 -1 0 0 0 1 stud4.dat
1 16 82 6 0 0 1 0 2 0 0 0 0 32.397 rect.dat
1 16 84 6 0 0 -1 0 2 0 0 0 0 33.235 rect.dat
4 16 84 8 33.235 84 8 -33.235 82 8 -32.397 82 8 32.397
1 16 -82 6 0 0 -1 0 2 0 0 0 0 32.397 rect.dat
1 16 -84 6 0 0 1 0 2 0 0 0 0 33.235 rect.dat
4 16 -82 8 32.397 -82 8 -32.397 -84 8 -33.235 -84 8 33.235
0 BFC INVERTNEXT
1 16 0 4 0 236 0 0 0 12 0 0 0 56 box4.dat
0 BFC INVERTNEXT
1 16 0 8 0 16 0 0 0 -4 0 0 0 36 box5.dat
2 24 18 4 38 -18 4 38
2 24 -18 4 38 -18 4 20
2 24 -18 4 20 -42 4 20
2 24 -42 4 20 -42 4 -20
2 24 -42 4 -20 -18 4 -20
2 24 -18 4 -20 -18 4 -38
2 24 -18 4 -38 18 4 -38
2 24 18 4 -38 18 4 -20
2 24 18 4 -20 42 4 -20
2 24 42 4 -20 42 4 20
2 24 42 4 20 18 4 20
2 24 18 4 20 18 4 38
1 16 160 0 0 6 0 0 0 1 0 0 0 6 4-4edge.dat
1 16 140 0 0 6 0 0 0 1 0 0 0 6 4-4edge.dat
1 16 120 0 0 6 0 0 0 1 0 0 0 6 4-4edge.dat
1 16 -120 0 0 6 0 0 0 1 0 0 0 6 4-4edge.dat
1 16 -140 0 0 6 0 0 0 1 0 0 0 6 4-4edge.dat
1 16 -160 0 0 6 0 0 0 1 0 0 0 6 4-4edge.dat
1 16 160 4 0 8 0 0 0 1 0 0 0 8 4-4edge.dat
1 16 140 4 0 8 0 0 0 1 0 0 0 8 4-4edge.dat
1 16 120 4 0 8 0 0 0 1 0 0 0 8 4-4edge.dat
1 16 -120 4 0 8 0 0 0 1 0 0 0 8 4-4edge.dat
1 16 -140 4 0 8 0 0 0 1 0 0 0 8 4-4edge.dat
1 16 -160 4 0 8 0 0 0 1 0 0 0 8 4-4edge.dat
0 BFC INVERTNEXT
1 16 160 0 0 6 0 0 0 4 0 0 0 6 4-4cyli.dat
0 BFC INVERTNEXT
1 16 140 0 0 6 0 0 0 4 0 0 0 6 4-4cyli.dat
0 BFC INVERTNEXT
1 16 120 0 0 6 0 0 0 4 0 0 0 6 4-4cyli.dat
0 BFC INVERTNEXT
1 16 -120 0 0 6 0 0 0 4 0 0 0 6 4-4cyli.dat
0 BFC INVERTNEXT
1 16 -140 0 0 6 0 0 0 4 0 0 0 6 4-4cyli.dat
0 BFC INVERTNEXT
1 16 -160 0 0 6 0 0 0 4 0 0 0 6 4-4cyli.dat
4 16 240 16 -60 236 16 -56 236 16 56 240 16 60
4 16 -240 16 -60 -236 16 -56 236 16 -56 240 16 -60
4 16 -240 16 60 -236 16 56 -236 16 -56 -240 16 -60
4 16 240 16 60 236 16 56 -236 16 56 -240 16 60
1 16 160 4 0 8 0 0 0 -1 0 0 0 8 4-4ndis.dat
1 16 140 4 0 8 0 0 0 -1 0 0 0 8 4-4ndis.dat
1 16 120 4 0 8 0 0 0 -1 0 0 0 8 4-4ndis.dat
1 16 -120 4 0 8 0 0 0 -1 0 0 0 8 4-4ndis.dat
1 16 -140 4 0 8 0 0 0 -1 0 0 0 8 4-4ndis.dat
1 16 -160 4 0 8 0 0 0 -1 0 0 0 8 4-4ndis.dat
4 16 18 8 38 16 8 36 -16 8 36 -18 8 38
4 16 -18 8 38 -16 8 36 -16 8 -36 -18 8 -38
4 16 -18 8 -38 -16 8 -36 16 8 -36 18 8 -38
4 16 18 8 -38 16 8 -36 16 8 36 18 8 38
4 16 148 4 8 152 4 8 152 4 -8 148 4 -8
4 16 128 4 8 132 4 8 132 4 -8 128 4 -8
4 16 -128 4 -8 -132 4 -8 -132 4 8 -128 4 8
4 16 -148 4 -8 -152 4 -8 -152 4 8 -148 4 8
4 16 42 4 -20 112 4 -8 168 4 -8 236 4 -56
4 16 42 4 20 112 4 8 112 4 -8 42 4 -20
4 16 236 4 56 168 4 8 112 4 8 42 4 20
4 16 -236 4 -56 -168 4 -8 -112 4 -8 -42 4 -20
4 16 -42 4 -20 -112 4 -8 -112 4 8 -42 4 20
4 16 -42 4 20 -112 4 8 -168 4 8 -236 4 56
4 16 236 4 -56 168 4 -8 168 4 8 236 4 56
4 16 -236 4 -56 -18 4 -38 18 4 -38 236 4 -56
4 16 236 4 56 18 4 38 -18 4 38 -236 4 56
4 16 -236 4 56 -168 4 8 -168 4 -8 -236 4 -56
4 16 -18 4 38 -18 4 20 -42 4 20 -236 4 56
4 16 -236 4 -56 -42 4 -20 -18 4 -20 -18 4 -38
4 16 18 4 -38 18 4 -20 42 4 -20 236 4 -56
4 16 236 4 56 42 4 20 18 4 20 18 4 38
1 16 160 0 0 6 0 0 0 1 0 0 0 6 4-4ndis.dat
1 16 140 0 0 6 0 0 0 1 0 0 0 6 4-4ndis.dat
1 16 120 0 0 6 0 0 0 1 0 0 0 6 4-4ndis.dat
1 16 -120 0 0 6 0 0 0 1 0 0 0 6 4-4ndis.dat
1 16 -140 0 0 6 0 0 0 1 0 0 0 6 4-4ndis.dat
1 16 -160 0 0 6 0 0 0 1 0 0 0 6 4-4ndis.dat
4 16 146 0 -6 154 0 -6 154 0 6 146 0 6
4 16 126 0 -6 134 0 -6 134 0 6 126 0 6
4 16 -126 0 6 -134 0 6 -134 0 -6 -126 0 -6
4 16 -146 0 6 -154 0 6 -154 0 -6 -146 0 -6
4 16 240 0 -60 166 0 -6 114 0 -6 42 0 -20
4 16 42 0 -20 114 0 -6 114 0 6 42 0 20
4 16 42 0 20 114 0 6 166 0 6 240 0 60
4 16 -18 0 20 -18 0 -20 18 0 -20 18 0 20
4 16 -42 0 20 -114 0 6 -114 0 -6 -42 0 -20
4 16 -42 0 -20 -114 0 -6 -166 0 -6 -240 0 -60
4 16 -240 0 60 -166 0 6 -114 0 6 -42 0 20
4 16 240 0 60 166 0 6 166 0 -6 240 0 -60
4 16 240 0 -60 42 0 -20 -42 0 -20 -240 0 -60
4 16 -240 0 -60 -166 0 -6 -166 0 6 -240 0 60
4 16 -240 0 60 -42 0 20 42 0 20 240 0 60
1 16 0 0 0 240 0 0 0 16 0 0 0 60 box4.dat
0 BFC INVERTNEXT
1 16 -30 0 0 12 0 0 0 4 0 0 0 20 box4o4a.dat
0 BFC INVERTNEXT
1 16 30 0 0 12 0 0 0 4 0 0 0 20 box4o4a.dat
1 16 0 8 0 18 0 0 0 -4 0 0 0 38 box4o4a.dat
1 16 -180 0 0 1 0 0 0 1 0 0 0 1 stug6.dat
1 16 180 0 0 1 0 0 0 1 0 0 0 1 stug6.dat
1 16 -80 0 -20 1 0 0 0 1 0 0 0 1 stug4.dat
1 16 80 0 -20 1 0 0 0 1 0 0 0 1 stug4.dat
1 16 -100 0 40 1 0 0 0 1 0 0 0 1 stug2.dat
1 16 -60 0 40 1 0 0 0 1 0 0 0 1 stug2.dat
1 16 -20 0 40 1 0 0 0 1 0 0 0 1 stug2.dat
1 16 20 0 40 1 0 0 0 1 0 0 0 1 stug2.dat
1 16 60 0 40 1 0 0 0 1 0 0 0 1 stug2.dat
1 16 100 0 40 1 0 0 0 1 0 0 0 1 stug2.dat
1 16 0 0 0 1 0 0 0 1 0 0 0 1 stug2.dat
1 16 -20 0 -40 1 0 0 0 1 0 0 0 1 stug2.dat
1 16 20 0 -40 1 0 0 0 1 0 0 0 1 stug2.dat
0

0 FILE parts/285c01.dat
0 Train Base  6 x 16 Type 2 with Magnets (Complete)
0 Name: 285c01.dat
0 Author: Niels Karsdorp [nielsk]
0 !LDRAW_ORG Shortcut UPDATE 2025-09
0 !LICENSE Licensed under CC BY 4.0 : see CAreadme.txt

0 BFC CERTIFY CCW

0 !KEYWORDS BrickLink 4178a, Motor Cutout, Rebrickable 4178a

0 !HISTORY 2011-12-29 [PTadmin] Official Update 2011-02
0 !HISTORY 2025-09-27 [OrionP] Changed winding to CCW
0 !HISTORY 2025-09-29 [OrionP] Official Update 2025-09

1 16 0 0 0 1 0 0 0 1 0 0 0 1 285.dat
1 4 -140 39 0 -1 0 0 0 1 0 0 0 -1 735.dat
1 1 140 39 0 1 0 0 0 1 0 0 0 1 735.dat
0

0 FILE parts/16360.dat
0 Minifig Torso with Dual Mould Arms and Hands
0 Name: 16360.dat
0 Author: Chris Dee [cwdee]
0 !LDRAW_ORG Shortcut UPDATE 2024-08
0 !LICENSE Licensed under CC BY 4.0 : see CAreadme.txt

0 BFC CERTIFY CCW

0 !HISTORY 2024-09-30 [OrionP] Official Update 2024-08


1 16 0 0 0 1 0 0 0 1 0 0 0 1 973.dat
1 16 -15.552 9 0 0.985 -0.17 0 0.17 0.985 0 0 0 1 16000.dat
1 16 15.552 9 0 0.985 0.17 0 -0.17 0.985 0 0 0 1 16001.dat
1 16 -23.6904 26.774 -9.8982 0.985 -0.1202 0.1202 0.17 0.6964 -0.6964 0 0.707 0.707 3820.dat
1 16 23.6904 26.774 -9.8982 0.985 0.1202 -0.1202 -0.17 0.6964 -0.6964 0 0.707 0.707 3820.dat

0 FILE parts/10164.dat
0 Minifig Headdress Beanie with Pom Pom
0 Name: 10164.dat
0 Author: Gerald Lasser [GeraldLasser]
0 !LDRAW_ORG Part UPDATE 2023-03
0 !LICENSE Licensed under CC BY 4.0 : see CAreadme.txt

0 BFC CERTIFY CCW

0 !CATEGORY Minifig Headwear
0 !KEYWORDS Christmas, Santa Claus, Santa's Hat

0 !HISTORY 2013-08-14 {LEGO Digital Designer} Original part shape
0 !HISTORY 2020-10-19 [GeraldLasser] File preparation for LDraw Parts Tracker
0 !HISTORY 2023-06-24 [OrionP] Official Update 2023-03


1 16 0 0 0 1 0 0 0 1 0 0 0 1 s/10164s01.dat
1 16 0 0 0 1 0 0 0 1 0 0 0 1 s/10164s02.dat

0 FILE parts/4229.dat
0 Plate  2 x  2 with Jet Engine with 12 Fins
0 Name: 4229.dat
0 Author: James Jessiman
0 !LDRAW_ORG Part UPDATE 2022-02
0 !LICENSE Licensed under CC BY 4.0 : see CAreadme.txt

0 BFC CERTIFY CCW

0 !HISTORY 1998-06-20 [PTadmin] Official Update 1998-06
0 !HISTORY 2003-02-03 [sbliss] Completed header; BFC'ed; misc. cleanup
0 !HISTORY 2003-12-19 [PTadmin] Official Update 2003-03
0 !HISTORY 2007-07-04 [PTadmin] Header formatted for Contributor Agreement
0 !HISTORY 2008-07-01 [PTadmin] Official Update 2008-01
0 !HISTORY 2020-06-04 [Sirio] Subparted and updated the use of primitives: removed ringr.dat or ringrr.dat, introduced box5.dat and rect1.dat
0 !HISTORY 2022-03-06 [PTadmin] Official Update 2022-02


0 // Subparts

1 16 0 26 0 .86603 .5 0 -.5 .86603 0 0 0 1 s/4229s01.dat
1 16 0 26 0 .5 .86603 0 -.86603 .5 0 0 0 1 s/4229s01.dat
1 16 0 26 0 0 1 0 -1 0 0 0 0 1 s/4229s01.dat
1 16 0 26 0 -.5 .86603 0 -.86603 -.5 0 0 0 1 s/4229s01.dat
1 16 0 26 0 0 -1 0 1 0 0 0 0 1 s/4229s01.dat
1 16 0 26 0 .5 -.86603 0 .86603 .5 0 0 0 1 s/4229s01.dat
1 16 0 26 0 .86603 -.5 0 .5 .86603 0 0 0 1 s/4229s01.dat
1 16 0 26 0 1 0 0 0 1 0 0 0 1 s/4229s01.dat
1 16 0 26 0 -.86603 .5 0 -.5 -.86603 0 0 0 1 s/4229s01.dat
1 16 0 26 0 -1 0 0 0 -1 0 0 0 1 s/4229s01.dat
1 16 0 26 0 -.86603 -.5 0 .5 -.86603 0 0 0 1 s/4229s01.dat
1 16 0 26 0 -.5 -.86603 0 .86603 -.5 0 0 0 1 s/4229s01.dat
0 // Primitives
1 16 0 0 0 1 0 0 0 1 0 0 0 1 stug2-2x2.dat
1 16 0 4 0 20 0 0 0 -4 0 0 0 20 box5.dat
1 16 -11 4 0 9 0 0 0 -1 0 0 0 -20 rect1.dat
1 16 11 4 0 -9 0 0 0 -1 0 0 0 -20 rect1.dat
1 16 0 26 40 6 0 0 0 0 6 0 1 0 4-4edge.dat
1 16 0 26 -40 6 0 0 0 0 6 0 1 0 4-4edge.dat
1 16 0 26 -36 4 0 0 0 0 4 0 1 0 4-4edge.dat
0 BFC INVERTNEXT
1 16 0 26 -36 4 0 0 0 0 4 0 -4 0 4-4cyli.dat
1 16 0 26 -40 1 0 0 0 0 1 0 1 0 stud2a.dat
0 BFC INVERTNEXT
1 16 0 26 40 6 0 0 0 0 6 0 -60 0 4-4cyli.dat
1 16 0 26 -36 1 0 0 0 0 1 0 16 0 axlehole.dat
1 16 0 26 -36 1 0 0 0 0 1 0 1 0 axlehol2.dat
1 16 0 26 -20 1 0 0 0 0 1 0 1 0 axlehol3.dat
1 16 0 26 -40 6 0 0 0 0 6 0 1 0 48/4-4aring.dat
1 16 0 26 40 6 0 0 0 0 6 0 -1 0 48/4-4aring.dat
1 16 0 26 -36 2 0 0 0 0 2 0 -1 0 4-4ring2.dat
0 // Faces
4 16 -2 4 20 2 4 20 1.83 12.12 16 -1.83 12.12 16
4 16 1.83 12.12 -16 2 4 -20 -2 4 -20 -1.83 12.12 -16
4 16 1.83 12.12 16 2 4 20 2 4 -20 1.83 12.12 -16
4 16 -2 4 -20 -2 4 20 -1.83 12.12 16 -1.83 12.12 -16
4 16 -5.355 13.065 -16 -5.355 13.065 16 -8.525 14.895 16 -8.525 14.895 -16
4 16 -11.105 17.475 -16 -11.105 17.475 16 -12.935 20.645 16 -12.935 20.645 -16
4 16 -13.88 24.17 -16 -13.88 24.17 16 -13.88 27.83 16 -13.88 27.83 -16
4 16 -12.935 31.355 -16 -12.935 31.355 16 -11.105 34.525 16 -11.105 34.525 -16
4 16 -8.525 37.105 -16 -8.525 37.105 16 -5.355 38.935 16 -5.355 38.935 -16
4 16 -1.83 39.88 -16 -1.83 39.88 16 1.83 39.88 16 1.83 39.88 -16
4 16 5.355 38.935 -16 5.355 38.935 16 8.525 37.105 16 8.525 37.105 -16
4 16 11.105 34.525 -16 11.105 34.525 16 12.935 31.355 16 12.935 31.355 -16
4 16 13.88 27.83 -16 13.88 27.83 16 13.88 24.17 16 13.88 24.17 -16
4 16 12.935 20.645 -16 12.935 20.645 16 11.105 17.475 16 11.105 17.475 -16
4 16 8.525 14.895 -16 8.525 14.895 16 5.355 13.065 16 5.355 13.065 -16
0 // Edges
2 24 1.83 12.12 16 2 4 20
2 24 -1.83 12.12 16 -2 4 20
2 24 1.83 12.12 -16 2 4 -20
2 24 -1.83 12.12 -16 -2 4 -20

0 FILE parts/30230.dat
0 Wing Insectoid Large with Arm Hinge
0 Name: 30230.dat
0 Author: Philippe Hurbain [Philo]
0 !LDRAW_ORG Part UPDATE 2019-01
0 !LICENSE Licensed under CC BY 4.0 : see CAreadme.txt

0 BFC CERTIFY CCW

0 !HISTORY 2019-06-28 [PTadmin] Official Update 2019-01


1 16 0 0 0 1 0 0 0 1 0 0 0 1 s/30231s03.dat
1 16 -45 -1 346 1 0 0 0 1 0 0 0 1 stud2a.dat
1 16 -45 -1 346 6 0 0 0 1 0 0 0 6 4-4edge.dat
1 16 -45 1 346 6 0 0 0 1 0 0 0 6 4-4edge.dat
1 16 -45 1 346 1 0 0 0 -1 0 0 0 -1 stud2a.dat
0 BFC INVERTNEXT
1 16 -45 1 346 4 0 0 0 -2 0 0 0 -4 4-4cyli.dat
1 16 -50 -1 371 3.54 0 -3.54 0 2 0 3.54 0 3.54 3-8cylo.dat
1 16 15 -1 167 1 0 0 0 1 0 0 0 1 stud2a.dat
1 16 15 -1 167 6 0 0 0 1 0 0 0 6 4-4edge.dat
1 16 15 1 167 6 0 0 0 1 0 0 0 6 4-4edge.dat
1 16 15 1 167 1 0 0 0 -1 0 0 0 -1 stud2a.dat
0 BFC INVERTNEXT
1 16 15 1 167 4 0 0 0 -2 0 0 0 -4 4-4cyli.dat
2 24 -55.0063 -1 371 -54.8 -1 134.3
2 24 -15.2 -1 333.6 -46.46 -1 374.54
1 16 17.2505 0 34.3 0 -1 7.4495 1 0 0 0 0 19.3 rect3.dat
4 16 -54.8 1 134.3 -54.8 -1 134.3 -55.0063 -1 371 -55.0063 1 371
1 16 -32.3005 0 74.65 0 1 -22.4995 -1 0 0 0 0 59.65 rect3.dat
1 16 24.75 0 113.9 0 -1 0.05 1 0 0 0 0 60.3 rect3.dat
1 16 4.8 0 253.9 0 -1 -20 1 0 0 0 0 79.7 rect3.dat
4 16 -46.46 1 374.54 -46.46 -1 374.54 -15.2 -1 333.6 -15.2 1 333.6
2 24 -55.0063 1 371 -54.8 1 134.3
2 24 -15.2 1 333.6 -46.46 1 374.54
5 24 -55.0063 -1 371 -55.0063 1 371 -54.6254 1 372.9158 -54.8 1 134.3
5 24 -46.46 -1 374.54 -46.46 1 374.54 -48.0842 1 375.6254 -15.2 1 333.6
1 16 0 0 0 1 0 0 0 1 0 0 0 1 s/30230s01.dat
1 16 0 0 0 1 0 0 0 1 0 0 0 1 s/30230s02.dat
1 16 0 0 0 1 0 0 0 -1 0 0 0 1 s/30230s01.dat
1 16 0 0 0 1 0 0 0 -1 0 0 0 1 s/30230s02.dat
2 24 -9.801 -1 15 -9.9443 0 15.38
2 24 -9.9443 0 15.38 -9.801 1 15
3 16 -9.9443 0 15.38 -10 0 15 -9.801 -1 15
3 16 -10 0 15 -9.9443 0 15.38 -9.801 1 15
3 16 10 0 15 9.9156 0 15.2969 9.801 -1 15
3 16 9.9156 0 15.2969 10 0 15 9.801 1 15
2 24 9.9156 0 15.2969 9.801 1 15
2 24 9.9156 0 15.2969 9.801 -1 15
5 24 -9.9443 0 15.38 -10 0 15 -9.801 1 15 -9.801 -1 15
5 24 9.9156 0 15.2969 10 0 15 9.801 -1 15 9.801 1 15
5 24 -9.801 -1 15 -10 0 15 -10 0 11 -9.9443 0 15.38
5 24 -9.801 1 15 -10 0 15 -10 0 11 -9.9443 0 15.38
5 24 10 0 15 9.801 1 15 10 0 11 9.9156 0 15.2969
5 24 10 0 15 9.801 -1 15 10 0 11 9.9156 0 15.2969

0 FILE parts/100662p01.dat
0 Minifig Baby Head with Space Helmet and Air Tanks and Yellow Face with Eyes and Smile Pattern
0 Name: 100662p01.dat
0 Author: Fredrik Hareide [fhareide]
0 !LDRAW_ORG Part UPDATE 2023-04
0 !LICENSE Licensed under CC BY 4.0 : see CAreadme.txt

0 BFC CERTIFY CCW

0 !KEYWORDS Bricklink 100662pb01, CMF, Collectible Minifigures
0 !KEYWORDS Rebrickable 100662pat0001pr0001, set 31142, Set 71037

0 !HISTORY 2023-06-07 [Holly-Wood] Deleted superfluous geometry
0 !HISTORY 2023-08-25 [OrionP] Official Update 2023-04


1 16 0 0 0 1 0 0 0 1 0 0 0 1 s/100662s01.dat
1 16 0 0 0 -1 0 0 0 1 0 0 0 1 s/100662s01.dat
1 16 0 -8.4 15.4 0 0 1.5 0 1 0 1.5 0 0 bump5000.dat

1 14 0 0 0 1 0 0 0 1 0 0 0 1 s/100662p01s02.dat
1 14 0 0 0 -1 0 0 0 1 0 0 0 1 s/100662p01s02.dat

0 FILE parts/6024p02.dat
0 Baseplate 32 x 32 Canyon with Island with Blue and Yellow Stream Pattern
0 Name: 6024p02.dat
0 Author: Mikkel Bech Jensen [gaia]
0 !LDRAW_ORG Part UPDATE 2019-02
0 !LICENSE Licensed under CC BY 4.0 : see CAreadme.txt

0 BFC CERTIFY CCW

0 !KEYWORDS BrickLink 6024px2, islanders, Pirates, Rebrickable 6024pr0002
0 !KEYWORDS set 6278, set 6281

0 !HISTORY 2019-09-09 [PTadmin] Official Update 2019-02


1 16 0 0 0 1 0 0 0 1 0 0 0.277778 1 s/6024p02s01.dat
1 16 0 0 0 1 0 0 0 1 0 0 -0.277778 1 s/6024p02s02.dat
1 16 0 0 0 1 -0.277778 0 0 1 0 0 0 1 s/6024p02s03.dat
1 16 0 0 0 1 0.277778 0 0 1 0 0 0 1 s/6024p02s04.dat
1 16 0 0 0 1 0 0 0 1 0 0 0 1 s/6024s1.dat
1 2 316 0 316 4 0 0 0 1 0 0 0 4 1-4disc.dat
1 2 -316 0 316 -4 0 0 0 1 0 0 0 4 1-4disc.dat
1 2 -316 0 -316 -4 0 0 0 1 0 0 0 -4 1-4disc.dat
1 2 316 0 -316 4 0 0 0 1 0 0 0 -4 1-4disc.dat
0 // Studs
1 2 -130 0 310 1 0 0 0 1 0 0 0 1 stud.dat
1 2 -90 0 190 1 0 0 0 1 0 0 0 1 stud.dat
1 2 -90 0 170 1 0 0 0 1 0 0 0 1 stud.dat
1 14 -90 0 150 1 0 0 0 1 0 0 0 1 stud.dat
1 2 -90 0 70 1 0 0 0 1 0 0 0 1 stud.dat
1 2 -90 0 90 1 0 0 0 1 0 0 0 1 stud.dat
1 14 -10 0 30 1 0 0 0 1 0 0 0 1 stud.dat
1 14 30 0 -10 1 0 0 0 1 0 0 0 1 stud.dat
1 2 -10 0 -10 1 0 0 0 1 0 0 0 1 stud.dat
1 2 -10 0 10 1 0 0 0 1 0 0 0 1 stud.dat
1 2 10 0 10 1 0 0 0 1 0 0 0 1 stud.dat
1 2 10 0 -10 1 0 0 0 1 0 0 0 1 stud.dat
1 14 -30 0 30 1 0 0 0 1 0 0 0 1 stud.dat
1 2 -50 0 30 1 0 0 0 1 0 0 0 1 stud.dat
1 2 -50 0 50 1 0 0 0 1 0 0 0 1 stud.dat
1 14 -30 0 50 1 0 0 0 1 0 0 0 1 stud.dat
1 2 -70 0 70 1 0 0 0 1 0 0 0 1 stud.dat
1 2 -70 0 90 1 0 0 0 1 0 0 0 1 stud.dat
1 2 -50 0 90 1 0 0 0 1 0 0 0 1 stud.dat
1 2 -50 0 70 1 0 0 0 1 0 0 0 1 stud.dat
1 2 -90 0 110 1 0 0 0 1 0 0 0 1 stud.dat
1 14 -90 0 130 1 0 0 0 1 0 0 0 1 stud.dat
1 14 -70 0 130 1 0 0 0 1 0 0 0 1 stud.dat
1 2 -70 0 110 1 0 0 0 1 0 0 0 1 stud.dat
1 2 -130 0 190 1 0 0 0 1 0 0 0 1 stud.dat
1 2 -110 0 190 1 0 0 0 1 0 0 0 1 stud.dat
1 2 -110 0 210 1 0 0 0 1 0 0 0 1 stud.dat
1 2 -130 0 210 1 0 0 0 1 0 0 0 1 stud.dat
1 2 -130 0 230 1 0 0 0 1 0 0 0 1 stud.dat
1 2 -110 0 250 1 0 0 0 1 0 0 0 1 stud.dat
1 2 -130 0 250 1 0 0 0 1 0 0 0 1 stud.dat
1 2 -130 0 270 1 0 0 0 1 0 0 0 1 stud.dat
1 2 -110 0 230 1 0 0 0 1 0 0 0 1 stud.dat
1 2 -110 0 270 1 0 0 0 1 0 0 0 1 stud.dat
1 2 -110 0 290 1 0 0 0 1 0 0 0 1 stud.dat
1 16 -130 0 290 1 0 0 0 1 0 0 0 1 stud.dat
1 2 -150 0 310 1 0 0 0 1 0 0 0 1 stud.dat
1 2 -170 0 310 1 0 0 0 1 0 0 0 1 stud.dat
1 2 -190 0 310 1 0 0 0 1 0 0 0 1 stud.dat
1 2 -210 0 310 1 0 0 0 1 0 0 0 1 stud.dat
1 2 -230 0 310 1 0 0 0 1 0 0 0 1 stud.dat
1 2 -250 0 310 1 0 0 0 1 0 0 0 1 stud.dat
1 2 -270 0 310 1 0 0 0 1 0 0 0 1 stud.dat
1 2 -290 0 310 1 0 0 0 1 0 0 0 1 stud.dat
1 2 -310 0 310 1 0 0 0 1 0 0 0 1 stud.dat
1 2 -310 0 290 1 0 0 0 1 0 0 0 1 stud.dat
1 2 -310 0 270 1 0 0 0 1 0 0 0 1 stud.dat
1 2 -310 0 250 1 0 0 0 1 0 0 0 1 stud.dat
1 2 -310 0 230 1 0 0 0 1 0 0 0 1 stud.dat
1 2 -310 0 210 1 0 0 0 1 0 0 0 1 stud.dat
1 2 -310 0 190 1 0 0 0 1 0 0 0 1 stud.dat
1 2 -310 0 170 1 0 0 0 1 0 0 0 1 stud.dat
1 2 -290 0 170 1 0 0 0 1 0 0 0 1 stud.dat
1 2 -270 0 170 1 0 0 0 1 0 0 0 1 stud.dat
1 2 -270 0 150 1 0 0 0 1 0 0 0 1 stud.dat
1 2 -290 0 150 1 0 0 0 1 0 0 0 1 stud.dat
1 2 -310 0 150 1 0 0 0 1 0 0 0 1 stud.dat
1 2 -310 0 130 1 0 0 0 1 0 0 0 1 stud.dat
1 2 -290 0 130 1 0 0 0 1 0 0 0 1 stud.dat
1 2 -270 0 130 1 0 0 0 1 0 0 0 1 stud.dat
1 2 -270 0 110 1 0 0 0 1 0 0 0 1 stud.dat
1 2 -290 0 110 1 0 0 0 1 0 0 0 1 stud.dat
1 2 -310 0 110 1 0 0 0 1 0 0 0 1 stud.dat
1 2 -310 0 90 1 0 0 0 1 0 0 0 1 stud.dat
1 2 -290 0 90 1 0 0 0 1 0 0 0 1 stud.dat
1 2 -270 0 90 1 0 0 0 1 0 0 0 1 stud.dat
1 2 -270 0 70 1 0 0 0 1 0 0 0 1 stud.dat
1 2 -290 0 70 1 0 0 0 1 0 0 0 1 stud.dat
1 2 -310 0 70 1 0 0 0 1 0 0 0 1 stud.dat
1 2 -310 0 50 1 0 0 0 1 0 0 0 1 stud.dat
1 2 -310 0 30 1 0 0 0 1 0 0 0 1 stud.dat
1 2 -310 0 10 1 0 0 0 1 0 0 0 1 stud.dat
1 2 -310 0 -10 1 0 0 0 1 0 0 0 1 stud.dat
1 2 -310 0 -30 1 0 0 0 1 0 0 0 1 stud.dat
1 2 -310 0 -50 1 0 0 0 1 0 0 0 1 stud.dat
1 2 -310 0 -70 1 0 0 0 1 0 0 0 1 stud.dat
1 2 -290 0 -70 1 0 0 0 1 0 0 0 1 stud.dat
1 2 -270 0 -70 1 0 0 0 1 0 0 0 1 stud.dat
1 2 -270 0 -90 1 0 0 0 1 0 0 0 1 stud.dat
1 2 -290 0 -90 1 0 0 0 1 0 0 0 1 stud.dat
1 2 -310 0 -110 1 0 0 0 1 0 0 0 1 stud.dat
1 2 -290 0 -110 1 0 0 0 1 0 0 0 1 stud.dat
1 2 -290 0 -130 1 0 0 0 1 0 0 0 1 stud.dat
1 2 -310 0 -150 1 0 0 0 1 0 0 0 1 stud.dat
1 2 -290 0 -150 1 0 0 0 1 0 0 0 1 stud.dat
1 2 -290 0 -170 1 0 0 0 1 0 0 0 1 stud.dat
1 2 -270 0 -190 1 0 0 0 1 0 0 0 1 stud.dat
1 2 -250 0 -190 1 0 0 0 1 0 0 0 1 stud.dat
1 2 -250 0 -210 1 0 0 0 1 0 0 0 1 stud.dat
1 2 -310 0 -190 1 0 0 0 1 0 0 0 1 stud.dat
1 2 -310 0 -170 1 0 0 0 1 0 0 0 1 stud.dat
1 2 -310 0 -130 1 0 0 0 1 0 0 0 1 stud.dat
1 2 -270 0 -110 1 0 0 0 1 0 0 0 1 stud.dat
1 2 -270 0 -130 1 0 0 0 1 0 0 0 1 stud.dat
1 2 -270 0 -170 1 0 0 0 1 0 0 0 1 stud.dat
1 2 -230 0 -150 1 0 0 0 1 0 0 0 1 stud.dat
1 2 -230 0 -170 1 0 0 0 1 0 0 0 1 stud.dat
1 2 -230 0 -190 1 0 0 0 1 0 0 0 1 stud.dat
1 2 -230 0 -210 1 0 0 0 1 0 0 0 1 stud.dat
1 2 -270 0 -210 1 0 0 0 1 0 0 0 1 stud.dat
1 2 -310 0 -210 1 0 0 0 1 0 0 0 1 stud.dat
1 2 -290 0 -190 1 0 0 0 1 0 0 0 1 stud.dat
1 2 -310 0 -230 1 0 0 0 1 0 0 0 1 stud.dat
1 2 -310 0 -250 1 0 0 0 1 0 0 0 1 stud.dat
1 2 -290 0 -230 1 0 0 0 1 0 0 0 1 stud.dat
1 2 -310 0 -270 1 0 0 0 1 0 0 0 1 stud.dat
1 2 -310 0 -290 1 0 0 0 1 0 0 0 1 stud.dat
1 2 -290 0 -270 1 0 0 0 1 0 0 0 1 stud.dat
1 2 -270 0 -230 1 0 0 0 1 0 0 0 1 stud.dat
1 2 -270 0 -250 1 0 0 0 1 0 0 0 1 stud.dat
1 2 -250 0 -230 1 0 0 0 1 0 0 0 1 stud.dat
1 2 -270 0 -270 1 0 0 0 1 0 0 0 1 stud.dat
1 2 -270 0 -290 1 0 0 0 1 0 0 0 1 stud.dat
1 2 -250 0 -270 1 0 0 0 1 0 0 0 1 stud.dat
1 2 -230 0 -230 1 0 0 0 1 0 0 0 1 stud.dat
1 2 -230 0 -250 1 0 0 0 1 0 0 0 1 stud.dat
1 2 -210 0 -230 1 0 0 0 1 0 0 0 1 stud.dat
1 2 -230 0 -270 1 0 0 0 1 0 0 0 1 stud.dat
1 2 -230 0 -290 1 0 0 0 1 0 0 0 1 stud.dat
1 2 -210 0 -270 1 0 0 0 1 0 0 0 1 stud.dat
1 2 -190 0 -230 1 0 0 0 1 0 0 0 1 stud.dat
1 2 -190 0 -250 1 0 0 0 1 0 0 0 1 stud.dat
1 2 -210 0 -250 1 0 0 0 1 0 0 0 1 stud.dat
1 2 -250 0 -250 1 0 0 0 1 0 0 0 1 stud.dat
1 2 -290 0 -250 1 0 0 0 1 0 0 0 1 stud.dat
1 2 -290 0 -290 1 0 0 0 1 0 0 0 1 stud.dat
1 2 -250 0 -290 1 0 0 0 1 0 0 0 1 stud.dat
1 2 -210 0 -290 1 0 0 0 1 0 0 0 1 stud.dat
1 2 -170 0 -250 1 0 0 0 1 0 0 0 1 stud.dat
1 2 -170 0 -290 1 0 0 0 1 0 0 0 1 stud.dat
1 2 -150 0 -230 1 0 0 0 1 0 0 0 1 stud.dat
1 2 -150 0 -250 1 0 0 0 1 0 0 0 1 stud.dat
1 2 -150 0 -270 1 0 0 0 1 0 0 0 1 stud.dat
1 2 -150 0 -290 1 0 0 0 1 0 0 0 1 stud.dat
1 2 -310 0 -310 1 0 0 0 1 0 0 0 1 stud.dat
1 2 -290 0 -310 1 0 0 0 1 0 0 0 1 stud.dat
1 2 -170 0 -230 1 0 0 0 1 0 0 0 1 stud.dat
1 2 -190 0 -270 1 0 0 0 1 0 0 0 1 stud.dat
1 2 -190 0 -290 1 0 0 0 1 0 0 0 1 stud.dat
1 2 -270 0 -310 1 0 0 0 1 0 0 0 1 stud.dat
1 2 -230 0 -310 1 0 0 0 1 0 0 0 1 stud.dat
1 2 -250 0 -310 1 0 0 0 1 0 0 0 1 stud.dat
1 2 -210 0 -310 1 0 0 0 1 0 0 0 1 stud.dat
1 2 -170 0 -310 1 0 0 0 1 0 0 0 1 stud.dat
1 2 -150 0 -310 1 0 0 0 1 0 0 0 1 stud.dat
1 2 -190 0 -310 1 0 0 0 1 0 0 0 1 stud.dat
1 2 -130 0 -310 1 0 0 0 1 0 0 0 1 stud.dat
1 2 -90 0 -310 1 0 0 0 1 0 0 0 1 stud.dat
1 2 -110 0 -310 1 0 0 0 1 0 0 0 1 stud.dat
1 2 -70 0 -310 1 0 0 0 1 0 0 0 1 stud.dat
1 2 -30 0 -310 1 0 0 0 1 0 0 0 1 stud.dat
1 2 -10 0 -310 1 0 0 0 1 0 0 0 1 stud.dat
1 2 -10 0 -290 1 0 0 0 1 0 0 0 1 stud.dat
1 2 -10 0 -270 1 0 0 0 1 0 0 0 1 stud.dat
1 2 10 0 -270 1 0 0 0 1 0 0 0 1 stud.dat
1 2 10 0 -290 1 0 0 0 1 0 0 0 1 stud.dat
1 2 30 0 -270 1 0 0 0 1 0 0 0 1 stud.dat
1 2 30 0 -290 1 0 0 0 1 0 0 0 1 stud.dat
1 2 50 0 -270 1 0 0 0 1 0 0 0 1 stud.dat
1 2 50 0 -290 1 0 0 0 1 0 0 0 1 stud.dat
1 2 -50 0 -310 1 0 0 0 1 0 0 0 1 stud.dat
1 2 10 0 -310 1 0 0 0 1 0 0 0 1 stud.dat
1 2 50 0 -310 1 0 0 0 1 0 0 0 1 stud.dat
1 2 30 0 -310 1 0 0 0 1 0 0 0 1 stud.dat
1 2 70 0 -310 1 0 0 0 1 0 0 0 1 stud.dat
1 2 110 0 -310 1 0 0 0 1 0 0 0 1 stud.dat
1 2 130 0 -310 1 0 0 0 1 0 0 0 1 stud.dat
1 2 90 0 -310 1 0 0 0 1 0 0 0 1 stud.dat
1 2 150 0 -310 1 0 0 0 1 0 0 0 1 stud.dat
1 2 190 0 -310 1 0 0 0 1 0 0 0 1 stud.dat
1 2 170 0 -310 1 0 0 0 1 0 0 0 1 stud.dat
1 2 210 0 -310 1 0 0 0 1 0 0 0 1 stud.dat
1 2 250 0 -310 1 0 0 0 1 0 0 0 1 stud.dat
1 2 270 0 -310 1 0 0 0 1 0 0 0 1 stud.dat
1 2 290 0 -310 1 0 0 0 1 0 0 0 1 stud.dat
1 2 310 0 -310 1 0 0 0 1 0 0 0 1 stud.dat
1 2 310 0 -290 1 0 0 0 1 0 0 0 1 stud.dat
1 2 310 0 -270 1 0 0 0 1 0 0 0 1 stud.dat
1 2 310 0 -250 1 0 0 0 1 0 0 0 1 stud.dat
1 2 310 0 -230 1 0 0 0 1 0 0 0 1 stud.dat
1 2 310 0 -210 1 0 0 0 1 0 0 0 1 stud.dat
1 2 310 0 -190 1 0 0 0 1 0 0 0 1 stud.dat
1 2 310 0 -170 1 0 0 0 1 0 0 0 1 stud.dat
1 2 310 0 -150 1 0 0 0 1 0 0 0 1 stud.dat
1 2 230 0 -310 1 0 0 0 1 0 0 0 1 stud.dat
1 2 -170 0 -270 1 0 0 0 1 0 0 0 1 stud.dat
1 2 -290 0 -210 1 0 0 0 1 0 0 0 1 stud.dat
1 2 -270 0 -150 1 0 0 0 1 0 0 0 1 stud.dat
1 2 -250 0 -150 1 0 0 0 1 0 0 0 1 stud.dat
1 2 -250 0 -170 1 0 0 0 1 0 0 0 1 stud.dat
1 2 -310 0 -90 1 0 0 0 1 0 0 0 1 stud.dat
1 14 30 0 -30 1 0 0 0 1 0 0 0 1 stud.dat
1 14 30 0 -50 1 0 0 0 1 0 0 0 1 stud.dat
1 2 90 0 -50 1 0 0 0 1 0 0 0 1 stud.dat
1 2 70 0 -50 1 0 0 0 1 0 0 0 1 stud.dat
1 1 50 0 -50 1 0 0 0 1 0 0 0 1 stud.dat
1 1 50 0 -30 1 0 0 0 1 0 0 0 1 stud.dat
1 14 70 0 -30 1 0 0 0 1 0 0 0 1 stud.dat
1 2 110 0 -50 1 0 0 0 1 0 0 0 1 stud.dat
1 2 150 0 -90 1 0 0 0 1 0 0 0 1 stud.dat
1 2 130 0 -90 1 0 0 0 1 0 0 0 1 stud.dat
1 2 110 0 -90 1 0 0 0 1 0 0 0 1 stud.dat
1 2 110 0 -70 1 0 0 0 1 0 0 0 1 stud.dat
1 2 130 0 -70 1 0 0 0 1 0 0 0 1 stud.dat
1 2 170 0 -90 1 0 0 0 1 0 0 0 1 stud.dat
1 2 190 0 -130 1 0 0 0 1 0 0 0 1 stud.dat
1 2 210 0 -130 1 0 0 0 1 0 0 0 1 stud.dat
1 2 210 0 -110 1 0 0 0 1 0 0 0 1 stud.dat
1 2 190 0 -110 1 0 0 0 1 0 0 0 1 stud.dat
1 2 230 0 -130 1 0 0 0 1 0 0 0 1 stud.dat
1 2 250 0 -130 1 0 0 0 1 0 0 0 1 stud.dat
1 2 230 0 -110 1 0 0 0 1 0 0 0 1 stud.dat
1 2 270 0 -130 1 0 0 0 1 0 0 0 1 stud.dat
1 2 290 0 -130 1 0 0 0 1 0 0 0 1 stud.dat
1 2 270 0 -110 1 0 0 0 1 0 0 0 1 stud.dat
1 2 290 0 -110 1 0 0 0 1 0 0 0 1 stud.dat
1 2 250 0 -110 1 0 0 0 1 0 0 0 1 stud.dat
1 14 190 0 -90 1 0 0 0 1 0 0 0 1 stud.dat
1 14 210 0 -90 1 0 0 0 1 0 0 0 1 stud.dat
1 2 310 0 -130 1 0 0 0 1 0 0 0 1 stud.dat
1 2 310 0 150 1 0 0 0 1 0 0 0 1 stud.dat
1 14 210 0 150 1 0 0 0 1 0 0 0 1 stud.dat
1 2 310 0 130 1 0 0 0 1 0 0 0 1 stud.dat
1 2 290 0 130 1 0 0 0 1 0 0 0 1 stud.dat
1 14 270 0 130 1 0 0 0 1 0 0 0 1 stud.dat
1 1 250 0 130 1 0 0 0 1 0 0 0 1 stud.dat
1 1 230 0 130 1 0 0 0 1 0 0 0 1 stud.dat
1 1 210 0 130 1 0 0 0 1 0 0 0 1 stud.dat
0
1 2 250 0 310 1 0 0 0 1 0 0 0 1 stud.dat
1 2 230 0 310 1 0 0 0 1 0 0 0 1 stud.dat
1 2 210 0 310 1 0 0 0 1 0 0 0 1 stud.dat
1 2 190 0 310 1 0 0 0 1 0 0 0 1 stud.dat
1 2 170 0 310 1 0 0 0 1 0 0 0 1 stud.dat
1 2 150 0 310 1 0 0 0 1 0 0 0 1 stud.dat
1 2 130 0 310 1 0 0 0 1 0 0 0 1 stud.dat
1 16 130 0 290 1 0 0 0 1 0 0 0 1 stud.dat
1 16 130 0 270 1 0 0 0 1 0 0 0 1 stud.dat
1 2 170 -72 270 1 0 0 0 1 0 0 0 1 stud.dat
1 16 190 -72 270 1 0 0 0 1 0 0 0 1 stud.dat
1 16 210 -72 270 1 0 0 0 1 0 0 0 1 stud.dat
1 16 230 -72 270 1 0 0 0 1 0 0 0 1 stud.dat
1 2 170 -72 250 1 0 0 0 1 0 0 0 1 stud.dat
1 2 190 -72 250 1 0 0 0 1 0 0 0 1 stud.dat
1 16 210 -72 250 1 0 0 0 1 0 0 0 1 stud.dat
1 16 230 -72 250 1 0 0 0 1 0 0 0 1 stud.dat
1 2 170 -72 230 1 0 0 0 1 0 0 0 1 stud.dat
1 16 190 -72 230 1 0 0 0 1 0 0 0 1 stud.dat
1 16 210 -72 230 1 0 0 0 1 0 0 0 1 stud.dat
1 16 230 -72 230 1 0 0 0 1 0 0 0 1 stud.dat
1 16 170 -72 210 1 0 0 0 1 0 0 0 1 stud.dat
1 2 190 -72 210 1 0 0 0 1 0 0 0 1 stud.dat
1 2 210 -72 210 1 0 0 0 1 0 0 0 1 stud.dat
1 2 230 -72 210 1 0 0 0 1 0 0 0 1 stud.dat
1 16 250 -72 230 1 0 0 0 1 0 0 0 1 stud.dat
1 16 250 -72 210 1 0 0 0 1 0 0 0 1 stud.dat
1 2 250 -72 190 1 0 0 0 1 0 0 0 1 stud.dat
1 16 270 -72 230 1 0 0 0 1 0 0 0 1 stud.dat
1 16 270 -72 210 1 0 0 0 1 0 0 0 1 stud.dat
1 16 270 -72 190 1 0 0 0 1 0 0 0 1 stud.dat
1 2 250 -72 170 1 0 0 0 1 0 0 0 1 stud.dat
1 2 270 -72 170 1 0 0 0 1 0 0 0 1 stud.dat
1 16 270 -72 -170 1 0 0 0 1 0 0 0 1 stud.dat
1 16 270 -72 -190 1 0 0 0 1 0 0 0 1 stud.dat
1 16 270 -72 -210 1 0 0 0 1 0 0 0 1 stud.dat
1 16 270 -72 -230 1 0 0 0 1 0 0 0 1 stud.dat
1 16 250 -72 -170 1 0 0 0 1 0 0 0 1 stud.dat
1 16 250 -72 -190 1 0 0 0 1 0 0 0 1 stud.dat
1 16 250 -72 -210 1 0 0 0 1 0 0 0 1 stud.dat
1 16 250 -72 -230 1 0 0 0 1 0 0 0 1 stud.dat
1 16 230 -72 -170 1 0 0 0 1 0 0 0 1 stud.dat
1 16 230 -72 -190 1 0 0 0 1 0 0 0 1 stud.dat
1 16 230 -72 -210 1 0 0 0 1 0 0 0 1 stud.dat
1 16 230 -72 -230 1 0 0 0 1 0 0 0 1 stud.dat
1 16 210 -72 -170 1 0 0 0 1 0 0 0 1 stud.dat
1 16 210 -72 -190 1 0 0 0 1 0 0 0 1 stud.dat
1 16 210 -72 -210 1 0 0 0 1 0 0 0 1 stud.dat
1 16 210 -72 -230 1 0 0 0 1 0 0 0 1 stud.dat
1 16 270 -72 -250 1 0 0 0 1 0 0 0 1 stud.dat
1 16 250 -72 -250 1 0 0 0 1 0 0 0 1 stud.dat
1 16 230 -72 -250 1 0 0 0 1 0 0 0 1 stud.dat
1 16 210 -72 -250 1 0 0 0 1 0 0 0 1 stud.dat
1 16 270 -72 -270 1 0 0 0 1 0 0 0 1 stud.dat
1 2 250 -72 -270 1 0 0 0 1 0 0 0 1 stud.dat
1 16 230 -72 -270 1 0 0 0 1 0 0 0 1 stud.dat
1 16 210 -72 -270 1 0 0 0 1 0 0 0 1 stud.dat
1 16 190 -72 -250 1 0 0 0 1 0 0 0 1 stud.dat
1 16 170 -72 -250 1 0 0 0 1 0 0 0 1 stud.dat
1 16 150 -72 -250 1 0 0 0 1 0 0 0 1 stud.dat
1 16 130 -72 -250 1 0 0 0 1 0 0 0 1 stud.dat
1 16 110 -72 -250 1 0 0 0 1 0 0 0 1 stud.dat
1 16 110 -72 -270 1 0 0 0 1 0 0 0 1 stud.dat
1 2 90 -72 -270 1 0 0 0 1 0 0 0 1 stud.dat
1 16 90 -72 -250 1 0 0 0 1 0 0 0 1 stud.dat
1 16 30 -72 -230 1 0 0 0 1 0 0 0 1 stud.dat
1 16 10 -72 -230 1 0 0 0 1 0 0 0 1 stud.dat
1 16 10 -72 -210 1 0 0 0 1 0 0 0 1 stud.dat
1 16 30 -72 -210 1 0 0 0 1 0 0 0 1 stud.dat
1 16 -50 -72 -250 1 0 0 0 1 0 0 0 1 stud.dat
1 2 -50 -72 -270 1 0 0 0 1 0 0 0 1 stud.dat
1 16 -70 -72 -270 1 0 0 0 1 0 0 0 1 stud.dat
1 16 -70 -72 -250 1 0 0 0 1 0 0 0 1 stud.dat
1 16 -90 -72 -250 1 0 0 0 1 0 0 0 1 stud.dat
1 16 -90 -72 -270 1 0 0 0 1 0 0 0 1 stud.dat
1 2 -110 -72 -270 1 0 0 0 1 0 0 0 1 stud.dat
1 2 -110 -72 -250 1 0 0 0 1 0 0 0 1 stud.dat
1 2 -170 -72 -190 1 0 0 0 1 0 0 0 1 stud.dat
1 2 -190 -72 -190 1 0 0 0 1 0 0 0 1 stud.dat
1 2 -190 -72 -170 1 0 0 0 1 0 0 0 1 stud.dat
1 16 -170 -72 -170 1 0 0 0 1 0 0 0 1 stud.dat
1 2 -170 -72 -150 1 0 0 0 1 0 0 0 1 stud.dat
1 16 -170 -72 -130 1 0 0 0 1 0 0 0 1 stud.dat
1 2 -190 -72 -150 1 0 0 0 1 0 0 0 1 stud.dat
1 2 -190 -72 -130 1 0 0 0 1 0 0 0 1 stud.dat
1 2 -270 -72 -30 1 0 0 0 1 0 0 0 1 stud.dat
1 16 -270 -72 -10 1 0 0 0 1 0 0 0 1 stud.dat
1 2 -270 -72 10 1 0 0 0 1 0 0 0 1 stud.dat
1 16 -270 -72 30 1 0 0 0 1 0 0 0 1 stud.dat
1 16 -250 -72 -30 1 0 0 0 1 0 0 0 1 stud.dat
1 16 -250 -72 -10 1 0 0 0 1 0 0 0 1 stud.dat
1 16 -250 -72 10 1 0 0 0 1 0 0 0 1 stud.dat
1 16 -250 -72 30 1 0 0 0 1 0 0 0 1 stud.dat
1 16 -230 -72 10 1 0 0 0 1 0 0 0 1 stud.dat
1 16 -230 -72 30 1 0 0 0 1 0 0 0 1 stud.dat
1 16 -210 -72 10 1 0 0 0 1 0 0 0 1 stud.dat
1 16 -210 -72 30 1 0 0 0 1 0 0 0 1 stud.dat
1 16 -170 -72 210 1 0 0 0 1 0 0 0 1 stud.dat
1 16 -170 -72 230 1 0 0 0 1 0 0 0 1 stud.dat
1 16 -150 -72 130 1 0 0 0 1 0 0 0 1 stud.dat
1 16 -150 -72 150 1 0 0 0 1 0 0 0 1 stud.dat
1 16 -130 -72 130 1 0 0 0 1 0 0 0 1 stud.dat
1 16 -130 -72 150 1 0 0 0 1 0 0 0 1 stud.dat
1 16 -110 -72 10 1 0 0 0 1 0 0 0 1 stud.dat
1 16 -110 -72 30 1 0 0 0 1 0 0 0 1 stud.dat
1 16 -90 -72 10 1 0 0 0 1 0 0 0 1 stud.dat
1 16 -90 -72 30 1 0 0 0 1 0 0 0 1 stud.dat
1 16 -70 -72 -30 1 0 0 0 1 0 0 0 1 stud.dat
1 16 -70 -72 -10 1 0 0 0 1 0 0 0 1 stud.dat
1 16 -50 -72 -30 1 0 0 0 1 0 0 0 1 stud.dat
1 16 -50 -72 -10 1 0 0 0 1 0 0 0 1 stud.dat
1 16 -30 -72 -70 1 0 0 0 1 0 0 0 1 stud.dat
1 16 -30 -72 -50 1 0 0 0 1 0 0 0 1 stud.dat
1 16 -10 -72 -70 1 0 0 0 1 0 0 0 1 stud.dat
1 16 -10 -72 -50 1 0 0 0 1 0 0 0 1 stud.dat
1 16 50 -72 -110 1 0 0 0 1 0 0 0 1 stud.dat
1 16 50 -72 -90 1 0 0 0 1 0 0 0 1 stud.dat
1 16 70 -72 -110 1 0 0 0 1 0 0 0 1 stud.dat
1 16 70 -72 -90 1 0 0 0 1 0 0 0 1 stud.dat
1 16 130 -72 -150 1 0 0 0 1 0 0 0 1 stud.dat
1 16 130 -72 -130 1 0 0 0 1 0 0 0 1 stud.dat
1 16 150 -72 -150 1 0 0 0 1 0 0 0 1 stud.dat
1 16 150 -72 -130 1 0 0 0 1 0 0 0 1 stud.dat
1 16 170 -144 -210 1 0 0 0 1 0 0 0 1 stud.dat
1 16 170 -144 -190 1 0 0 0 1 0 0 0 1 stud.dat
1 16 150 -144 -210 1 0 0 0 1 0 0 0 1 stud.dat
1 16 150 -144 -190 1 0 0 0 1 0 0 0 1 stud.dat
1 16 130 -144 -210 1 0 0 0 1 0 0 0 1 stud.dat
1 16 130 -144 -190 1 0 0 0 1 0 0 0 1 stud.dat
1 16 110 -144 -210 1 0 0 0 1 0 0 0 1 stud.dat
1 16 110 -144 -190 1 0 0 0 1 0 0 0 1 stud.dat
1 16 90 -144 -210 1 0 0 0 1 0 0 0 1 stud.dat
1 16 90 -144 -190 1 0 0 0 1 0 0 0 1 stud.dat
1 16 70 -144 -210 1 0 0 0 1 0 0 0 1 stud.dat
1 16 70 -144 -190 1 0 0 0 1 0 0 0 1 stud.dat
1 16 90 -144 -170 1 0 0 0 1 0 0 0 1 stud.dat
1 16 90 -144 -150 1 0 0 0 1 0 0 0 1 stud.dat
1 16 70 -144 -170 1 0 0 0 1 0 0 0 1 stud.dat
1 16 70 -144 -150 1 0 0 0 1 0 0 0 1 stud.dat
1 16 50 -144 -170 1 0 0 0 1 0 0 0 1 stud.dat
1 16 50 -144 -150 1 0 0 0 1 0 0 0 1 stud.dat
1 16 10 -144 -170 1 0 0 0 1 0 0 0 1 stud.dat
1 16 10 -144 -150 1 0 0 0 1 0 0 0 1 stud.dat
1 16 30 -144 -170 1 0 0 0 1 0 0 0 1 stud.dat
1 16 30 -144 -150 1 0 0 0 1 0 0 0 1 stud.dat
1 16 10 -144 -130 1 0 0 0 1 0 0 0 1 stud.dat
1 2 10 -144 -110 1 0 0 0 1 0 0 0 1 stud.dat
1 16 -10 -144 -170 1 0 0 0 1 0 0 0 1 stud.dat
1 16 -10 -144 -150 1 0 0 0 1 0 0 0 1 stud.dat
1 16 -10 -144 -130 1 0 0 0 1 0 0 0 1 stud.dat
1 2 -10 -144 -110 1 0 0 0 1 0 0 0 1 stud.dat
1 16 -30 -144 -170 1 0 0 0 1 0 0 0 1 stud.dat
1 16 -30 -144 -150 1 0 0 0 1 0 0 0 1 stud.dat
1 16 -30 -144 -130 1 0 0 0 1 0 0 0 1 stud.dat
1 16 -30 -144 -110 1 0 0 0 1 0 0 0 1 stud.dat
1 16 -50 -144 -170 1 0 0 0 1 0 0 0 1 stud.dat
1 16 -50 -144 -150 1 0 0 0 1 0 0 0 1 stud.dat
1 16 -50 -144 -130 1 0 0 0 1 0 0 0 1 stud.dat
1 16 -50 -144 -110 1 0 0 0 1 0 0 0 1 stud.dat
1 16 -70 -144 -170 1 0 0 0 1 0 0 0 1 stud.dat
1 16 -70 -144 -150 1 0 0 0 1 0 0 0 1 stud.dat
1 16 -70 -144 -130 1 0 0 0 1 0 0 0 1 stud.dat
1 16 -70 -144 -110 1 0 0 0 1 0 0 0 1 stud.dat
1 16 -90 -144 -170 1 0 0 0 1 0 0 0 1 stud.dat
1 16 -30 -144 -190 1 0 0 0 1 0 0 0 1 stud.dat
1 16 -50 -144 -190 1 0 0 0 1 0 0 0 1 stud.dat
1 16 -70 -144 -190 1 0 0 0 1 0 0 0 1 stud.dat
1 16 -90 -144 -190 1 0 0 0 1 0 0 0 1 stud.dat
1 16 -30 -144 -210 1 0 0 0 1 0 0 0 1 stud.dat
1 16 -50 -144 -210 1 0 0 0 1 0 0 0 1 stud.dat
1 16 -70 -144 -210 1 0 0 0 1 0 0 0 1 stud.dat
1 16 -90 -144 -210 1 0 0 0 1 0 0 0 1 stud.dat
1 16 -70 -144 -90 1 0 0 0 1 0 0 0 1 stud.dat
1 16 -90 -144 -90 1 0 0 0 1 0 0 0 1 stud.dat
1 16 -110 -144 -90 1 0 0 0 1 0 0 0 1 stud.dat
1 16 -130 -144 -90 1 0 0 0 1 0 0 0 1 stud.dat
1 16 -70 -144 -70 1 0 0 0 1 0 0 0 1 stud.dat
1 16 -90 -144 -70 1 0 0 0 1 0 0 0 1 stud.dat
1 16 -110 -144 -70 1 0 0 0 1 0 0 0 1 stud.dat
1 16 -130 -144 -70 1 0 0 0 1 0 0 0 1 stud.dat
1 16 -110 -144 -50 1 0 0 0 1 0 0 0 1 stud.dat
1 16 -130 -144 -50 1 0 0 0 1 0 0 0 1 stud.dat
1 16 -110 -144 -30 1 0 0 0 1 0 0 0 1 stud.dat
1 16 -130 -144 -30 1 0 0 0 1 0 0 0 1 stud.dat
1 16 -150 -144 -10 1 0 0 0 1 0 0 0 1 stud.dat
1 16 -170 -144 -10 1 0 0 0 1 0 0 0 1 stud.dat
1 16 -150 -144 10 1 0 0 0 1 0 0 0 1 stud.dat
1 16 -170 -144 10 1 0 0 0 1 0 0 0 1 stud.dat
1 16 -150 -144 30 1 0 0 0 1 0 0 0 1 stud.dat
1 16 -170 -144 30 1 0 0 0 1 0 0 0 1 stud.dat
1 16 -150 -144 50 1 0 0 0 1 0 0 0 1 stud.dat
1 16 -170 -144 50 1 0 0 0 1 0 0 0 1 stud.dat
1 16 -150 -144 70 1 0 0 0 1 0 0 0 1 stud.dat
1 16 -170 -144 70 1 0 0 0 1 0 0 0 1 stud.dat
1 16 -150 -144 90 1 0 0 0 1 0 0 0 1 stud.dat
1 16 -170 -144 90 1 0 0 0 1 0 0 0 1 stud.dat
1 16 -190 -144 70 1 0 0 0 1 0 0 0 1 stud.dat
1 16 -210 -144 70 1 0 0 0 1 0 0 0 1 stud.dat
1 16 -190 -144 90 1 0 0 0 1 0 0 0 1 stud.dat
1 16 -210 -144 90 1 0 0 0 1 0 0 0 1 stud.dat
1 16 -190 -144 110 1 0 0 0 1 0 0 0 1 stud.dat
1 16 -210 -144 110 1 0 0 0 1 0 0 0 1 stud.dat
1 16 -190 -144 130 1 0 0 0 1 0 0 0 1 stud.dat
1 16 -210 -144 130 1 0 0 0 1 0 0 0 1 stud.dat
1 16 -190 -144 150 1 0 0 0 1 0 0 0 1 stud.dat
1 16 -210 -144 150 1 0 0 0 1 0 0 0 1 stud.dat
1 16 -190 -144 170 1 0 0 0 1 0 0 0 1 stud.dat
1 16 -210 -144 170 1 0 0 0 1 0 0 0 1 stud.dat
1 16 -150 -144 -90 1 0 0 0 1 0 0 0 1 stud.dat
1 16 -170 -144 -90 1 0 0 0 1 0 0 0 1 stud.dat
1 16 -190 -144 -90 1 0 0 0 1 0 0 0 1 stud.dat
1 16 -210 -144 -90 1 0 0 0 1 0 0 0 1 stud.dat
1 16 -150 -144 -70 1 0 0 0 1 0 0 0 1 stud.dat
1 16 -170 -144 -70 1 0 0 0 1 0 0 0 1 stud.dat
1 16 -190 -144 -70 1 0 0 0 1 0 0 0 1 stud.dat
1 16 -210 -144 -70 1 0 0 0 1 0 0 0 1 stud.dat
1 16 -150 -144 -50 1 0 0 0 1 0 0 0 1 stud.dat
1 16 -170 -144 -50 1 0 0 0 1 0 0 0 1 stud.dat
1 16 -190 -144 -50 1 0 0 0 1 0 0 0 1 stud.dat
1 16 -210 -144 -50 1 0 0 0 1 0 0 0 1 stud.dat
1 16 -150 -144 -30 1 0 0 0 1 0 0 0 1 stud.dat
1 16 -170 -144 -30 1 0 0 0 1 0 0 0 1 stud.dat
1 16 -190 -144 -30 1 0 0 0 1 0 0 0 1 stud.dat
1 16 -210 -144 -30 1 0 0 0 1 0 0 0 1 stud.dat
1 16 -90 -144 -150 1 0 0 0 1 0 0 0 1 stud.dat
1 16 -90 -144 -130 1 0 0 0 1 0 0 0 1 stud.dat
1 16 -90 -144 -110 1 0 0 0 1 0 0 0 1 stud.dat
1 16 -110 -144 -170 1 0 0 0 1 0 0 0 1 stud.dat
1 16 -110 -144 -150 1 0 0 0 1 0 0 0 1 stud.dat
1 16 -110 -144 -130 1 0 0 0 1 0 0 0 1 stud.dat
1 16 -110 -144 -110 1 0 0 0 1 0 0 0 1 stud.dat
1 16 -130 -144 -170 1 0 0 0 1 0 0 0 1 stud.dat
1 16 -130 -144 -150 1 0 0 0 1 0 0 0 1 stud.dat
1 16 -130 -144 -130 1 0 0 0 1 0 0 0 1 stud.dat
1 16 -130 -144 -110 1 0 0 0 1 0 0 0 1 stud.dat
1 16 -170 -72 250 1 0 0 0 1 0 0 0 1 stud.dat
1 16 -170 -72 270 1 0 0 0 1 0 0 0 1 stud.dat
1 16 -190 -72 210 1 0 0 0 1 0 0 0 1 stud.dat
1 16 -190 -72 230 1 0 0 0 1 0 0 0 1 stud.dat
1 16 -190 -72 250 1 0 0 0 1 0 0 0 1 stud.dat
1 16 -190 -72 270 1 0 0 0 1 0 0 0 1 stud.dat
1 16 -210 -72 210 1 0 0 0 1 0 0 0 1 stud.dat
1 16 -210 -72 230 1 0 0 0 1 0 0 0 1 stud.dat
1 16 -210 -72 250 1 0 0 0 1 0 0 0 1 stud.dat
1 16 -210 -72 270 1 0 0 0 1 0 0 0 1 stud.dat
1 16 -230 -72 210 1 0 0 0 1 0 0 0 1 stud.dat
1 16 -230 -72 230 1 0 0 0 1 0 0 0 1 stud.dat
1 16 -230 -72 250 1 0 0 0 1 0 0 0 1 stud.dat
1 16 -230 -72 270 1 0 0 0 1 0 0 0 1 stud.dat
1 16 -250 -72 210 1 0 0 0 1 0 0 0 1 stud.dat
1 16 -250 -72 230 1 0 0 0 1 0 0 0 1 stud.dat
1 16 -250 -72 250 1 0 0 0 1 0 0 0 1 stud.dat
1 16 -250 -72 270 1 0 0 0 1 0 0 0 1 stud.dat
1 2 -270 -72 210 1 0 0 0 1 0 0 0 1 stud.dat
1 2 -270 -72 230 1 0 0 0 1 0 0 0 1 stud.dat
1 2 -270 -72 250 1 0 0 0 1 0 0 0 1 stud.dat
1 2 -270 -72 270 1 0 0 0 1 0 0 0 1 stud.dat
1 16 190 -72 -270 1 0 0 0 1 0 0 0 1 stud.dat
1 2 170 -72 -270 1 0 0 0 1 0 0 0 1 stud.dat
1 2 150 -72 -270 1 0 0 0 1 0 0 0 1 stud.dat
1 2 130 -72 -270 1 0 0 0 1 0 0 0 1 stud.dat
1 16 310 0 250 1 0 0 0 1 0 0 0 1 stud.dat
1 2 310 0 270 1 0 0 0 1 0 0 0 1 stud.dat
1 2 290 0 270 1 0 0 0 1 0 0 0 1 stud.dat
1 2 270 0 270 1 0 0 0 1 0 0 0 1 stud.dat
1 2 270 0 290 1 0 0 0 1 0 0 0 1 stud.dat
1 2 290 0 290 1 0 0 0 1 0 0 0 1 stud.dat
1 2 310 0 290 1 0 0 0 1 0 0 0 1 stud.dat
1 2 310 0 310 1 0 0 0 1 0 0 0 1 stud.dat
1 2 290 0 310 1 0 0 0 1 0 0 0 1 stud.dat
1 2 270 0 310 1 0 0 0 1 0 0 0 1 stud.dat
1 16 130 0 250 1 0 0 0 1 0 0 0 1 stud.dat
1 2 310 0 230 1 0 0 0 1 0 0 0 1 stud.dat
1 16 130 0 230 1 0 0 0 1 0 0 0 1 stud.dat
1 2 310 0 210 1 0 0 0 1 0 0 0 1 stud.dat
1 14 130 0 210 1 0 0 0 1 0 0 0 1 stud.dat
1 2 310 0 190 1 0 0 0 1 0 0 0 1 stud.dat
1 14 130 0 190 1 0 0 0 1 0 0 0 1 stud.dat
1 2 310 0 170 1 0 0 0 1 0 0 0 1 stud.dat
1 16 210 0 170 1 0 0 0 1 0 0 0 1 stud.dat
1 2 190 0 170 1 0 0 0 1 0 0 0 1 stud.dat
1 14 170 0 170 1 0 0 0 1 0 0 0 1 stud.dat
1 14 150 0 170 1 0 0 0 1 0 0 0 1 stud.dat
1 14 130 0 170 1 0 0 0 1 0 0 0 1 stud.dat
0 // Unpatterned faces
4 16 180 -144 -180 180 -144 -220 200 -72 -240 200 -72 -160
1 16 110 -108 -150 0 0 -10 0 1 -36 20 0 -10 rect3.dat
1 16 -50 -108 -70 0 0 10 0 1 36 -20 0 10 rect.dat
1 16 -70 -108 -50 -10 0 20 -36 1 0 -10 0 0 rect1.dat
1 16 -90 -108 -30 0 0 -10 0 1 -36 20 0 -10 rect3.dat
1 16 -110 -108 -10 -20 0 -10 0 1 -36 0 0 -10 rect2a.dat
1 16 -150 -108 110 10 0 -20 36 1 0 10 0 0 rect2p.dat
4 16 -220 -144 180 -180 -144 180 -160 -72 200 -240 -72 200
1 16 -210 -108 50 -20 0 -10 0 1 36 0 0 -10 rect3.dat
4 16 -180 -144 -20 -180 -144 60 -200 -72 40 -200 -72 0
1 16 -210 -108 -10 10 0 20 -36 1 0 -10 0 0 rect.dat
1 2 -270 -36 -50 -20 0 -10 0 1 36 0 0 -10 rect.dat
1 2 -210 -36 -170 -10 0 0 36 1 0 -10 0 -40 rect.dat
1 16 -10 -108 -210 0 0 10 0 1 36 -20 0 -10 rect3.dat
4 16 -20 -144 -180 0 -72 -200 40 -72 -200 60 -144 -180
1 16 50 -108 -210 -10 0 0 36 1 0 -10 0 -20 rect.dat
0 // Top faces
4 2 16.5 -72 -238.5 15.6 -72 -240 21.3 -72 -240 18.9 -72 -236.4
3 2 21.1 -72 -236 18.9 -72 -236.4 21.3 -72 -240
4 2 -216.9 -144 -49.4 -217.8 -144 -46.1 -220 -144 -42.8 -217.8 -144 -53.4
3 2 -220 -144 -42.8 -218.9 -144 -55.2 -217.8 -144 -53.4
3 2 -220 -144 -42.8 -219.2 -144 -57.3 -218.9 -144 -55.2
3 2 -220 -144 -42.8 -220 -144 -70.6 -219.2 -144 -57.3
4 2 -218.7 -144 -59 -219.2 -144 -57.3 -220 -144 -70.6 -218.6 -144 -70.9
4 2 -216.4 -144 -61.7 -218.7 -144 -59 -218.6 -144 -70.9 -215.8 -144 -73.2
4 2 -214.6 -144 -64 -216.4 -144 -61.7 -215.8 -144 -73.2 -213.2 -144 -69.4
4 2 -213.2 -144 -74 -213.2 -144 -69.4 -215.8 -144 -73.2 -214.2 -144 -76.7
4 2 -198.3 -72 -188.9 -192.1 -72 -185.2 -193.1 -72 -182.9 -196.1 -72 -179
4 2 -186.6 -72 -187.2 -191.1 -72 -192.4 -172.6 -72 -190.5 -182.3 -72 -183
4 2 -180 -72 -170.2 -196.1 -72 -179 -184.3 -72 -175.9 -179.8 -72 -174.4
4 2 -196.1 -72 -179 -180 -72 -170.2 -182.5 -72 -163.9 -186.8 -72 -158
4 2 -175.8 -72 -134.7 -186.8 -72 -158 -177.5 -72 -154.7 -165.1 -72 -147.7
4 2 -163.6 -72 -143.9 -175.8 -72 -134.7 -165.1 -72 -147.7 -162.6 -72 -145.7
4 2 -186.8 -72 -158 -175.8 -72 -134.7 -180.3 -72 -132.4 -185.6 -72 -131.4
4 16 -198.3 -72 -188.9 -196.8 -72 -193.7 -194.1 -72 -195 -191.1 -72 -192.4
4 16 -198.3 -72 -188.9 -191.1 -72 -192.4 -186.6 -72 -187.2 -192.1 -72 -185.2
4 16 -192.1 -72 -185.2 -186.6 -72 -187.2 -182.3 -72 -183 -193.1 -72 -182.9
4 16 -196.1 -72 -179 -193.1 -72 -182.9 -182.3 -72 -183 -184.3 -72 -175.9
4 16 -179.8 -72 -174.4 -184.3 -72 -175.9 -182.3 -72 -183 -172.6 -72 -190.5
3 16 -179.8 -72 -174.4 -172.6 -72 -190.5 -170.6 -72 -187.5
3 16 -179.8 -72 -174.4 -170.6 -72 -187.5 -166.1 -72 -183.7
4 16 -179.8 -72 -174.4 -166.1 -72 -183.7 -161.6 -72 -181 -180 -72 -170.2
4 16 -182.5 -72 -163.9 -180 -72 -170.2 -161.6 -72 -181 -177.5 -72 -154.7
3 16 -177.5 -72 -154.7 -186.8 -72 -158 -182.5 -72 -163.9
3 16 -165.1 -72 -147.7 -177.5 -72 -154.7 -161.6 -72 -181
4 16 -162.6 -72 -145.7 -165.1 -72 -147.7 -161.6 -72 -181 -160 -72 -181.9
4 16 -183.6 -72 -128.2 -185.6 -72 -131.4 -180.3 -72 -132.4 -160 -72 -120
4 2 5.4 -144 -106.8 -8.8 -144 -100 -11.3 -144 -109.4 -2.6 -144 -111.8
4 2 11.2 -144 -119 17.6 -144 -115.1 5.4 -144 -106.8 4.6 -144 -114.9
4 2 11.2 -144 -119 4.6 -144 -114.9 4.5 -144 -119.4 6.2 -144 -122.6
3 2 -11.3 -144 -109.4 -10.9 -144 -115.5 -2.6 -144 -111.8
4 16 -2.6 -144 -111.8 -10.9 -144 -115.5 4.5 -144 -119.4 4.6 -144 -114.9
3 16 5.4 -144 -106.8 -2.6 -144 -111.8 4.6 -144 -114.9
4 16 11.2 -144 -119 6.2 -144 -122.6 20 -144 -122.5 17.6 -144 -115.1
4 2 -89.8 -72 -244.5 -89.9 -72 -240 -108 -72 -240 -92.9 -72 -251.4
4 2 -97 -72 -258.3 -92.9 -72 -251.4 -108 -72 -240 -104.7 -72 -267.7
4 2 -82.8 -72 -278 -86.4 -72 -276.8 -85.8 -72 -280 -80.4 -72 -280
4 2 -73.3 -72 -272.2 -73 -72 -280 -64.4 -72 -272.3 -68.2 -72 -267.8
3 2 -71.1 -72 -265.2 -73.3 -72 -272.2 -68.2 -72 -267.8
4 2 -62.1 -72 -272.2 -64.4 -72 -272.3 -73 -72 -280 -40 -72 -280
4 2 -62.1 -72 -272.2 -44.1 -72 -272.1 -45.6 -72 -271 -61.3 -72 -269.9
4 2 -61.3 -72 -269.9 -45.6 -72 -271 -48.3 -72 -266.6 -60.8 -72 -266.3
4 2 -59.7 -72 -260.8 -60.8 -72 -266.3 -48.3 -72 -266.6 -53.4 -72 -258.8
4 2 -58.1 -72 -255.8 -59.7 -72 -260.8 -53.4 -72 -258.8 -56.8 -72 -254.4
4 16 -42.9 -72 -268.8 -41.7 -72 -266.7 -48.3 -72 -266.6 -45.6 -72 -271
3 16 -42.9 -72 -268.8 -45.6 -72 -271 -44.1 -72 -272.1
4 16 -68.2 -72 -267.8 -64.4 -72 -272.3 -62.1 -72 -272.2 -61.3 -72 -269.9
4 16 -68.2 -72 -267.8 -61.3 -72 -269.9 -60.8 -72 -266.3 -71.1 -72 -265.2
3 16 -59.7 -72 -260.8 -71.1 -72 -265.2 -60.8 -72 -266.3
4 16 -71.1 -72 -265.2 -59.7 -72 -260.8 -58.1 -72 -255.8 -89.8 -72 -244.5
4 16 -89.8 -72 -244.5 -58.1 -72 -255.8 -56.8 -72 -254.4 -89.9 -72 -240
4 16 -71.1 -72 -265.2 -89.8 -72 -244.5 -92.9 -72 -251.4 -73.3 -72 -272.2
4 16 -73.3 -72 -272.2 -92.9 -72 -251.4 -97 -72 -258.3 -86.4 -72 -276.8
3 16 -73.3 -72 -272.2 -86.4 -72 -276.8 -82.8 -72 -278
4 16 -73.3 -72 -272.2 -82.8 -72 -278 -80.4 -72 -280 -73 -72 -280
4 16 -86.4 -72 -276.8 -97 -72 -258.3 -104.7 -72 -267.7 -85.8 -72 -280
4 16 -85.8 -72 -280 -104.7 -72 -267.7 -110.2 -72 -273.9 -110.2 -72 -276.5
3 16 -110.2 -72 -276.5 -107.7 -72 -278.2 -85.8 -72 -280
3 16 -107.7 -72 -278.2 -106.2 -72 -280 -85.8 -72 -280
4 2 -264.3 -72 205.3 -269.6 -72 213.6 -273.8 -72 210.4 -263.8 -72 200
3 2 -278.8 -72 229.5 -279.5 -72 226.1 -277.7 -72 226.8
4 2 -268.4 -72 244.5 -268.9 -72 245.7 -273.2 -72 229.2 -266 -72 229.3
4 2 -265.8 -72 239.6 -268.4 -72 244.5 -266 -72 229.3 -263.9 -72 234.5
4 2 -263.9 -72 234.5 -266 -72 229.3 -264.3 -72 230 -263.2 -72 230.7
4 2 -260.5 -72 263.8 -268.9 -72 245.7 -264.9 -72 246.6 -257.7 -72 250.3
4 2 -255.8 -72 256.9 -260.5 -72 263.8 -257.7 -72 250.3 -253.2 -72 252.9
4 2 -270.2 -72 276.8 -273.7 -72 275.3 -268.9 -72 245.7 -260.5 -72 263.8
4 2 -270.2 -72 276.8 -260.5 -72 263.8 -257.8 -72 269.6 -267.1 -72 278.3
4 2 -267.1 -72 278.3 -257.8 -72 269.6 -255.9 -72 275.6 -262.3 -72 279.4
3 2 -255.9 -72 279.6 -262.3 -72 279.4 -255.9 -72 275.6
3 16 -274.3 -72 278.1 -273.7 -72 275.3 -270.2 -72 276.8
4 16 -275 -72 280 -274.3 -72 278.1 -270.2 -72 276.8 -267.1 -72 278.3
3 16 -275 -72 280 -267.1 -72 278.3 -262.3 -72 279.4
3 16 -275 -72 280 -262.3 -72 279.4 -255.9 -72 279.6
4 16 -263.9 -72 234.5 -263.2 -72 230.7 -253.2 -72 252.9 -257.7 -72 250.3
4 16 -265.8 -72 239.6 -263.9 -72 234.5 -257.7 -72 250.3 -264.9 -72 246.6
4 16 -264.9 -72 246.6 -268.9 -72 245.7 -268.4 -72 244.5 -265.8 -72 239.6
3 16 -278.8 -72 229.5 -277.7 -72 226.8 -273.2 -72 229.2
4 16 -266 -72 229.3 -273.2 -72 229.2 -277.7 -72 226.8 -269.6 -72 213.6
4 16 -269.6 -72 213.6 -277.7 -72 226.8 -279.5 -72 226.1 -280 -72 218.2
4 16 -273.8 -72 210.4 -269.6 -72 213.6 -280 -72 218.2 -280 -72 207.3
4 16 -264.3 -72 230 -266 -72 229.3 -269.6 -72 213.6 -264.3 -72 205.3
4 16 -263.2 -72 230.7 -264.3 -72 230 -264.3 -72 205.3 -160 -72 280
4 2 -274.4 -72 -31.7 -276.9 -72 -34 -257.5 -72 -30 -266.9 -72 -25.4
4 2 -266.9 -72 -25.4 -257.5 -72 -30 -261.5 -72 -24.5 -263.5 -72 -23.5
4 2 -277.4 -72 -5.1 -280 -72 -3.8 -280 -72 -15.3 -275.3 -72 -14.5
4 2 -274 -72 -9.6 -277.4 -72 -5.1 -275.3 -72 -14.5 -272.5 -72 -14.2
4 2 -280 -72 19.6 -280 -72 -1.9 -276.4 -72 .3 -275.3 -72 18.9
4 2 -275.3 -72 18.9 -276.4 -72 .3 -271.9 -72 3.3 -270.5 -72 17.5
4 2 -265.8 -72 14.5 -270.5 -72 17.5 -271.9 -72 3.3 -264.3 -72 12.5
4 16 -280 -72 -1.9 -280 -72 -3.8 -277.4 -72 -5.1 -276.4 -72 .3
4 16 -271.9 -72 3.3 -276.4 -72 .3 -277.4 -72 -5.1 -274 -72 -9.6
4 16 -271.9 -72 3.3 -274 -72 -9.6 -272.5 -72 -14.2 -264.3 -72 12.5
4 16 -264.3 -72 12.5 -272.5 -72 -14.2 -263.5 -72 -23.5 -261.5 -72 -24.5
4 16 -248.6 -72 -37 -244.5 -72 -32.5 -257.5 -72 -30 -250.8 -72 -39.4
3 16 -272.5 -72 -14.2 -266.9 -72 -25.4 -263.5 -72 -23.5
4 16 -274.4 -72 -31.7 -266.9 -72 -25.4 -272.5 -72 -14.2 -275.3 -72 -14.5
4 16 -276.9 -72 -34 -274.4 -72 -31.7 -275.3 -72 -14.5 -280 -72 -31.5
3 16 -275.3 -72 -14.5 -280 -72 -15.3 -280 -72 -31.5
4 2 -28.4 -72 -76.8 -29 -72 -80 -24.7 -72 -77.6 -27.4 -72 -75.8
3 2 -24.7 -72 -77.6 -29 -72 -80 -22.1 -72 -80
4 2 -8.7 -72 -78.2 -11.2 -72 -80 -5.8 -72 -80 -6.7 -72 -77.9
4 2 82.3 -72 -261.7 91.2 -72 -280 93.3 -72 -273.6 85.5 -72 -258.7
4 2 85.5 -72 -258.7 93.3 -72 -273.6 95.4 -72 -265.9 90.1 -72 -256.7
3 2 90.1 -72 -256.7 95.4 -72 -265.9 95.3 -72 -257.4
4 2 121.1 -72 -274.4 120.9 -72 -280 130.3 -72 -276.1 125.9 -72 -272.1
3 2 121.9 -72 -266.5 121.1 -72 -274.4 125.9 -72 -272.1
4 2 131.9 -72 -264.2 130.3 -72 -276.1 146 -72 -269.7 143.5 -72 -264.6
3 2 146 -72 -269.7 130.3 -72 -276.1 162.5 -72 -276.1
4 2 176.7 -72 -280 162.5 -72 -276.1 130.3 -72 -276.1 120.9 -72 -280
4 2 132.5 -72 -259.1 131.9 -72 -264.2 143.5 -72 -264.6 141.4 -72 -259.9
4 2 133 -72 -255.9 132.5 -72 -259.1 141.4 -72 -259.9 138.5 -72 -256.5
3 2 134.9 -72 -252.7 133 -72 -255.9 138.5 -72 -256.5
4 2 148.5 -72 -264.9 146 -72 -269.7 162.5 -72 -276.1 160.6 -72 -268.6
4 2 151 -72 -259.2 148.5 -72 -264.9 160.6 -72 -268.6 158 -72 -261
3 2 154.5 -72 -254.5 151 -72 -259.2 158 -72 -261
4 2 165.3 -72 -272.1 162.5 -72 -276.1 176.7 -72 -280 176.5 -72 -273.6
3 2 174.8 -72 -264.1 165.3 -72 -272.1 176.5 -72 -273.6
4 2 237.7 -72 -274.1 230.7 -72 -272.5 230 -72 -280 243.2 -72 -277.5
3 2 243.2 -72 -277.5 230 -72 -280 262 -72 -279.4
4 2 243.2 -72 -277.5 262 -72 -279.4 258.4 -72 -274.1 249.3 -72 -269.1
3 2 252.6 -72 -265.6 249.3 -72 -269.1 258.4 -72 -274.1
4 16 80 -72 -257.7 80 -72 -262.3 82.3 -72 -261.7 82.8 -72 -254.2
3 16 82.8 -72 -254.2 82.3 -72 -261.7 85.5 -72 -258.7
4 16 82.8 -72 -254.2 85.5 -72 -258.7 90.1 -72 -256.7 86.9 -72 -245.1
4 16 88.6 -72 -240 86.9 -72 -245.1 90.1 -72 -256.7 95.3 -72 -257.4
4 16 88.6 -72 -240 95.3 -72 -257.4 133 -72 -255.9 134.9 -72 -252.7
4 16 95.3 -72 -257.4 95.4 -72 -265.9 121.9 -72 -266.5 133 -72 -255.9
3 16 133 -72 -255.9 121.9 -72 -266.5 132.5 -72 -259.1
4 16 131.9 -72 -264.2 132.5 -72 -259.1 121.9 -72 -266.5 125.9 -72 -272.1
3 16 131.9 -72 -264.2 125.9 -72 -272.1 130.3 -72 -276.1
4 16 95.4 -72 -265.9 93.3 -72 -273.6 121.1 -72 -274.4 121.9 -72 -266.5
4 16 93.3 -72 -273.6 91.2 -72 -280 120.9 -72 -280 121.1 -72 -274.4
4 16 154.5 -72 -254.5 134.9 -72 -252.7 138.5 -72 -256.5 151 -72 -259.2
4 16 151 -72 -259.2 138.5 -72 -256.5 141.4 -72 -259.9 148.5 -72 -264.9
4 16 148.5 -72 -264.9 141.4 -72 -259.9 143.5 -72 -264.6 146 -72 -269.7
4 16 154.5 -72 -254.5 158 -72 -261 174.8 -72 -264.1 200 -72 -240
4 16 174.8 -72 -264.1 158 -72 -261 160.6 -72 -268.6 165.3 -72 -272.1
3 16 160.6 -72 -268.6 162.5 -72 -276.1 165.3 -72 -272.1
4 16 230 -72 -280 230.7 -72 -272.5 174.8 -72 -264.1 176.5 -72 -273.6
3 16 176.5 -72 -273.6 176.7 -72 -280 230 -72 -280
4 16 237.7 -72 -274.1 243.2 -72 -277.5 249.3 -72 -269.1 200 -72 -240
3 16 258.4 -72 -274.1 262 -72 -279.4 267.9 -72 -275.7
4 16 258.4 -72 -274.1 267.9 -72 -275.7 276.6 -72 -273.4 252.6 -72 -265.6
4 16 252.6 -72 -265.6 276.6 -72 -273.4 280 -72 -272.6 280 -72 -160
4 2 185.3 -72 264.1 183.6 -72 265.9 176.6 -72 244.9 183.6 -72 245.5
4 2 191.3 -72 258 185.3 -72 264.1 183.6 -72 245.5 194.5 -72 251
3 2 194.5 -72 251 183.6 -72 245.5 194.3 -72 248.5
4 2 177 -72 242.3 176.6 -72 244.9 165.3 -72 227.1 172.2 -72 225.3
4 2 165.3 -72 227.1 165.8 -72 214.5 167.1 -72 219.7 166.9 -72 221.3
4 2 180.1 -72 234.1 177 -72 242.3 172.2 -72 225.3 177.7 -72 225.3
4 2 180.5 -72 231 180.1 -72 234.1 177.7 -72 225.3 180.3 -72 227.5
4 2 199.9 -72 208.3 182.2 -72 205.6 182.5 -72 200 238.4 -72 200
4 2 199.9 -72 208.3 238.4 -72 200 221.9 -72 210.8 220.9 -72 211.3
4 2 200 -72 213 199.9 -72 208.3 220.9 -72 211.3 218.8 -72 215.9
4 2 201.4 -72 219.9 200 -72 213 218.8 -72 215.9 215.1 -72 221.4
4 2 205.4 -72 226.8 201.4 -72 219.9 215.1 -72 221.4 207.2 -72 228.3
4 2 195.4 -72 211.8 184.7 -72 214.2 182.2 -72 205.6 199.9 -72 208.3
3 2 185.9 -72 217 184.7 -72 214.2 195.4 -72 211.8
4 2 221.9 -72 210.8 238.4 -72 200 240.4 -72 205.6 223.1 -72 213
4 2 227.3 -72 218.9 223.1 -72 213 240.4 -72 205.6 240.6 -72 213.1
4 2 227.3 -72 218.9 240.6 -72 213.1 239.3 -72 219.9 232.1 -72 222.1
4 2 232.1 -72 222.1 239.3 -72 219.9 238 -72 223.1 235.6 -72 223.5
4 2 244.9 -72 201 240 -72 199.1 247.8 -72 180.4 248.8 -72 182
4 2 244.9 -72 201 248.8 -72 182 257.4 -72 192.3 252.5 -72 202.4
4 2 257.3 -72 201.7 252.5 -72 202.4 257.4 -72 192.3 259.9 -72 201.1
3 2 259.9 -72 201.1 257.4 -72 192.3 261 -72 200
4 2 260.1 -72 173.8 280 -72 175.6 277.6 -72 179.5 261.8 -72 181.9
4 2 261.8 -72 181.9 277.6 -72 179.5 270.2 -72 184.4 264.8 -72 187.4
4 16 240.4 -72 205.6 244.9 -72 201 252.5 -72 202.4 240.6 -72 213.1
4 16 240.6 -72 213.1 252.5 -72 202.4 257.3 -72 201.7 280 -72 240
4 16 264.8 -72 187.4 261 -72 200 257.4 -72 192.3 261.8 -72 181.9
4 16 261.8 -72 181.9 257.4 -72 192.3 248.8 -72 182 254.6 -72 176.8
3 16 261.8 -72 181.9 254.6 -72 176.8 260.1 -72 173.8
3 16 248.8 -72 182 247.8 -72 180.4 254.6 -72 176.8
4 16 232.1 -72 222.1 207.2 -72 228.3 215.1 -72 221.4 227.3 -72 218.9
4 16 227.3 -72 218.9 215.1 -72 221.4 218.8 -72 215.9 223.1 -72 213
4 16 223.1 -72 213 218.8 -72 215.9 220.9 -72 211.3 221.9 -72 210.8
3 16 200 -72 213 195.4 -72 211.8 199.9 -72 208.3
4 16 195.4 -72 211.8 200 -72 213 201.4 -72 219.9 185.9 -72 217
4 16 185.9 -72 217 201.4 -72 219.9 205.4 -72 226.8 180.3 -72 227.5
3 16 180.5 -72 231 180.3 -72 227.5 205.4 -72 226.8
4 16 180.1 -72 234.1 180.5 -72 231 205.4 -72 226.8 183.6 -72 245.5
4 16 177 -72 242.3 180.1 -72 234.1 183.6 -72 245.5 176.6 -72 244.9
4 16 177.7 -72 225.3 184.7 -72 214.2 185.9 -72 217 180.3 -72 227.5
4 16 182.2 -72 205.6 184.7 -72 214.2 177.7 -72 225.3 172.2 -72 225.3
4 16 167.1 -72 219.7 182.2 -72 205.6 172.2 -72 225.3 166.9 -72 221.3
3 16 165.3 -72 227.1 166.9 -72 221.3 172.2 -72 225.3
4 16 167.1 -72 219.7 165.8 -72 214.5 171 -72 208.4 182.2 -72 205.6
4 16 182.2 -72 205.6 171 -72 208.4 174.5 -72 203.1 177.1 -72 200
3 16 182.2 -72 205.6 177.1 -72 200 182.5 -72 200
4 16 183.6 -72 245.5 205.4 -72 226.8 207.2 -72 228.3 194.3 -72 248.5
4 16 195.3 -72 276.3 192.7 -72 273 191.3 -72 258 240 -72 280
4 16 185.7 -72 266.9 185.3 -72 264.1 191.3 -72 258 192.7 -72 273
3 16 185.7 -72 266.9 183.6 -72 265.9 185.3 -72 264.1
4 16 174.6 0 320 175.3 0 313.7 187.1 0 313.3 188.2 0 320
4 16 187.1 0 313.3 175.3 0 313.7 175.4 0 308.2 185.4 0 305.4
4 16 185.4 0 305.4 175.4 0 308.2 175.4 0 302.9 186.6 0 300
3 16 175.4 0 302.9 174.1 0 300 186.6 0 300
3 16 206.1 0 301.9 202.6 0 300 208.5 0 300
3 16 208.6 0 304 206.1 0 301.9 208.5 0 300
4 16 258.3 0 309.2 252.8 0 312.4 252.8 0 305 262.4 0 306.8
4 16 262.4 0 306.8 252.8 0 305 252.6 0 300 260 0 300
4 16 269.4 0 302.6 267.8 0 305.9 265.3 0 305.9 260 0 300
4 16 300 0 258.8 300 0 251.2 304.3 0 251 304.9 0 255.4
4 16 304.9 0 255.4 304.3 0 251 309.2 0 248.1 313.9 0 253.4
4 16 315 0 250.7 313.9 0 253.4 309.2 0 248.1 315.1 0 246.5
3 16 315.8 0 254.1 313.9 0 253.4 315 0 250.7
3 16 303.4 0 179.9 300 0 177.9 303.1 0 177.4
4 16 302.8 0 171.4 303.1 0 177.4 300 0 177.9 302 0 167.8
3 16 300 0 177.9 300 0 165.2 302 0 167.8
3 16 123.6 0 294.9 122.9 0 282.7 130.3 0 292.8
4 16 133.5 0 292.1 130.3 0 292.8 122.9 0 282.7 135.6 0 289.6
4 16 135.8 0 291.8 135.1 0 292.6 133.5 0 292.1 135.6 0 289.6
4 16 136.2 0 283.8 135.6 0 289.6 122.9 0 282.7 122.5 0 276.4
4 16 137.8 0 277.7 136.2 0 283.8 122.5 0 276.4 120.1 0 269.3
4 16 140 0 271.8 137.8 0 277.7 120.1 0 269.3 115.8 0 259.6
4 16 140 0 271.8 115.8 0 259.6 113.3 0 254.5 115.2 0 250.6
3 16 140 0 271.8 115.2 0 250.6 119.1 0 240.3
4 16 140 0 271.8 119.1 0 240.3 125.2 0 223.6 128.6 0 214.9
3 16 140 0 271.8 128.6 0 214.9 134.7 0 206.7
3 16 140 0 271.8 134.7 0 206.7 140 0 199
4 16 184.5 0 180 146 0 180 154.4 0 177.2 159.5 0 176.4
3 16 184.5 0 180 159.5 0 176.4 167.4 0 174.3
4 16 184.5 0 180 167.4 0 174.3 176.9 0 170.8 183.3 0 173.3
3 16 183.3 0 173.3 176.9 0 170.8 182.5 0 168.5
4 16 211.3 0 170.4 207 0 178.4 201.3 0 174.8 194.9 0 170.5
4 16 214.4 0 165.1 211.3 0 170.4 194.9 0 170.5 196.1 0 163.7
3 16 214.4 0 165.1 196.1 0 163.7 205.6 0 160.1
4 16 214.4 0 165.1 205.6 0 160.1 214.4 0 155.8 217.7 0 162.1
4 16 217.7 0 162.1 214.4 0 155.8 220 0 150.1 220 0 161.1
3 16 194.9 0 170.5 187 0 165.3 196.1 0 163.7
4 16 272.3 0 140 273.5 0 137.7 280.9 0 136.8 281.2 0 140
4 16 280.9 0 136.8 273.5 0 137.7 277.6 0 131.1 282.3 0 134.9
4 16 282.3 0 134.9 277.6 0 131.1 282.4 0 125.3 284.1 0 129.2
3 16 284.1 0 129.2 282.4 0 125.3 286.7 0 119.9
3 14 289.9 0 103.9 293.6 0 101.9 292.2 0 103.7
4 14 289.9 0 103.9 292.2 0 103.7 290.7 0 107 281.7 0 111.6
3 14 288.5 0 113.3 281.7 0 111.6 290.7 0 107
4 14 286.7 0 119.9 275.5 0 119.5 281.7 0 111.6 288.5 0 113.3
4 14 275.5 0 119.5 286.7 0 119.9 282.4 0 125.3 269.6 0 126.7
3 14 277.6 0 131.1 269.6 0 126.7 282.4 0 125.3
3 14 273.5 0 137.7 269.6 0 126.7 277.6 0 131.1
4 14 269.6 0 126.7 273.5 0 137.7 272.3 0 140 267.1 0 140
3 14 267.1 0 140 266.7 0 137.4 269.6 0 126.7
3 14 266.7 0 137.4 265.1 0 134.5 269.6 0 126.7
4 14 263.7 0 133.8 269.6 0 126.7 265.1 0 134.5 263.9 0 135.7
4 14 260.7 0 135.1 263.7 0 133.8 263.9 0 135.7 262.2 0 137.8
4 14 251.7 0 134.4 260.7 0 135.1 262.2 0 137.8 261.9 0 140
4 14 251.7 0 134.4 261.9 0 140 252.2 0 140 251 0 136.9
3 14 251 0 136.9 249.3 0 134 251.7 0 134.4
4 14 245.4 0 136.2 244.3 0 140 235.4 0 132.9 245.8 0 133.9
4 14 225.6 0 132.7 235.4 0 132.9 244.3 0 140 220 0 140
4 14 210.2 0 136.9 220 0 150.1 214.4 0 155.8 200.1 0 142
4 14 200.1 0 142 214.4 0 155.8 205.6 0 160.1 190.2 0 146.2
4 14 190.2 0 146.2 205.6 0 160.1 196.1 0 163.7 187 0 165.3
4 14 190.2 0 146.2 187 0 165.3 183.4 0 164.9 180.6 0 150.3
4 14 169.3 0 154.5 180.6 0 150.3 183.4 0 164.9 182.5 0 168.5
4 14 169.3 0 154.5 182.5 0 168.5 176.9 0 170.8 160 0 156.6
4 14 160 0 156.6 176.9 0 170.8 167.4 0 174.3 159.5 0 176.4
4 14 149 0 159 160 0 156.6 159.5 0 176.4 154.4 0 177.2
4 14 137.9 0 162.2 149 0 159 154.4 0 177.2 146 0 180
4 14 116.6 0 206.7 117.5 0 200.3 140 0 199 134.7 0 206.7
4 14 116.6 0 206.7 134.7 0 206.7 128.6 0 214.9 114.2 0 215.3
4 14 114.2 0 215.3 128.6 0 214.9 125.2 0 223.6 109.8 0 225.2
4 14 106.4 0 232.7 109.8 0 225.2 125.2 0 223.6 119.1 0 240.3
4 14 103.7 0 239.7 106.4 0 232.7 119.1 0 240.3 115.2 0 250.6
4 14 101.6 0 246.7 103.7 0 239.7 115.2 0 250.6 113.3 0 254.5
4 14 100.7 0 252.9 101.6 0 246.7 113.3 0 254.5 101.5 0 260.7
4 14 101.5 0 260.7 113.3 0 254.5 115.8 0 259.6 103.5 0 270.1
4 14 103.5 0 270.1 115.8 0 259.6 120.1 0 269.3 122.5 0 276.4
4 14 107.7 0 282.3 103.5 0 270.1 122.5 0 276.4 122.9 0 282.7
4 14 112.5 0 293.1 107.7 0 282.3 122.9 0 282.7 123.6 0 294.9
4 14 112.5 0 293.1 123.6 0 294.9 119.8 0 296.6 114.5 0 298.4
4 2 182.5 0 168.5 183.4 0 164.9 187 0 165.3 183.3 0 173.3
4 2 183.3 0 173.3 187 0 165.3 194.9 0 170.5 184.5 0 180
3 2 184.5 0 180 194.9 0 170.5 201.3 0 174.8
3 2 184.5 0 180 201.3 0 174.8 207 0 178.4
4 2 244.3 0 140 245.4 0 136.2 251 0 136.9 252.2 0 140
4 2 245.4 0 136.2 245.8 0 133.9 249.3 0 134 251 0 136.9
3 2 249.3 0 134 245.8 0 133.9 246.6 0 131.8
4 2 261.9 0 140 262.2 0 137.8 266.7 0 137.4 267.1 0 140
4 2 266.7 0 137.4 262.2 0 137.8 263.9 0 135.7 265.1 0 134.5
4 2 316.1 0 97.9 293.6 0 101.9 293.7 0 97 313.8 0 94.9
4 2 313.8 0 94.9 293.7 0 97 294 0 91.3 311.1 0 88.7
4 2 311.1 0 88.7 294 0 91.3 295.1 0 85.7 306.6 0 82.6
4 2 306.6 0 82.6 295.1 0 85.7 296.8 0 82.5 299.3 0 79.7
3 2 306.6 0 82.6 299.3 0 79.7 302.4 0 79.4
4 2 320 0 100 302 0 167.8 300 0 165.2 300 0 140
3 2 302.8 0 171.4 302 0 167.8 320 0 100
4 2 303.1 0 177.4 302.8 0 171.4 320 0 100 303.4 0 179.9
4 2 303.4 0 179.9 320 0 100 315.1 0 246.5 309.2 0 248.1
4 2 300 0 177.9 303.4 0 179.9 309.2 0 248.1 304.3 0 251
3 2 300 0 251.2 300 0 177.9 304.3 0 251
4 2 315.8 0 254.1 315 0 250.7 315.1 0 246.5 320 0 100
4 2 206.1 0 301.9 208.6 0 304 188.2 0 320 187.1 0 313.3
4 2 206.1 0 301.9 187.1 0 313.3 185.4 0 305.4 202.6 0 300
3 2 185.4 0 305.4 186.6 0 300 202.6 0 300
4 2 252.8 0 312.4 188.2 0 320 208.6 0 304 252.8 0 305
4 2 252.8 0 305 208.6 0 304 208.5 0 300 252.6 0 300
4 2 137.8 0 277.7 135.8 0 291.8 135.6 0 289.6 136.2 0 283.8
4 2 133.5 0 292.1 135.1 0 292.6 100 0 320 130.3 0 292.8
4 2 123.6 0 294.9 130.3 0 292.8 100 0 320 119.8 0 296.6
3 2 100 0 320 114.5 0 298.4 119.8 0 296.6
4 2 106.8 0 299.4 114.5 0 298.4 100 0 320 101.2 0 301.2
4 2 101.2 0 301.2 100 0 320 93.4 0 316 92.6 0 301.7
4 2 92.6 0 301.7 93.4 0 316 89.1 0 310.1 87.6 0 304.8
4 16 -245.5 0 305.9 -251.5 0 302.2 -251.7 0 300 -243.8 0 305.6
3 16 -243.8 0 305.6 -251.7 0 300 -243.5 0 300
4 16 -173.3 0 306.7 -177.9 0 308.8 -177.9 0 306.3 -177.8 0 300
3 16 -173.3 0 306.7 -177.8 0 300 -167.3 0 304.7
4 16 -164.5 0 304.3 -167.3 0 304.7 -177.8 0 300 -151.3 0 300
4 16 -163.6 0 305.5 -164.5 0 304.3 -151.3 0 300 -150.9 0 308
4 16 -154.8 0 309.7 -163.6 0 305.5 -150.9 0 308 -148.8 0 311.4
3 16 -154.8 0 309.7 -158.2 0 309.3 -163.6 0 305.5
3 16 -159.6 0 310 -163.6 0 305.5 -158.2 0 309.3
4 16 -162.5 0 313.1 -163.6 0 305.5 -159.6 0 310 -158.1 0 314.1
4 16 -162.9 0 320 -162.5 0 313.1 -158.1 0 314.1 -156.4 0 320
4 16 -136.2 0 301.7 -137.3 0 304.2 -138.5 0 303 -140 0 300
4 16 -134.3 0 295 -135.6 0 297.7 -140 0 283.8 -134.8 0 281.6
4 16 -134.3 0 295 -134.8 0 281.6 -132.5 0 282.2 -130.8 0 284.2
4 16 -132.3 0 294.9 -134.3 0 295 -130.8 0 284.2 -126.1 0 289.9
4 16 -128.5 0 297.9 -132.3 0 294.9 -126.1 0 289.9 -124.3 0 291.5
4 16 -127.2 0 301.3 -128.5 0 297.9 -124.3 0 291.5 -121.9 0 291.3
4 16 -127.2 0 301.3 -121.9 0 291.3 -120.6 0 298.3 -121.9 0 301
4 16 -124.8 0 303.5 -127.2 0 301.3 -121.9 0 301 -121.9 0 303.3
4 16 -117.3 0 293 -120.6 0 298.3 -121.9 0 291.3 -121.3 0 289.5
4 16 -117.6 0 290 -117.3 0 293 -121.3 0 289.5 -119.8 0 288
4 2 -162.9 0 320 -245.5 0 305.9 -243.8 0 305.6 -177.9 0 308.8
4 2 -162.9 0 320 -177.9 0 308.8 -173.3 0 306.7 -167.3 0 304.7
4 2 -162.5 0 313.1 -162.9 0 320 -167.3 0 304.7 -163.6 0 305.5
3 2 -163.6 0 305.5 -167.3 0 304.7 -164.5 0 304.3
4 2 -177.9 0 306.3 -243.8 0 305.6 -243.5 0 300 -177.8 0 300
3 2 -177.9 0 308.8 -243.8 0 305.6 -177.9 0 306.3
4 2 -148.8 0 311.4 -156.4 0 320 -158.1 0 314.1 -154.8 0 309.7
4 2 -154.8 0 309.7 -158.1 0 314.1 -159.6 0 310 -158.2 0 309.3
4 2 -100 0 320 -156.4 0 320 -148.8 0 311.4 -137.3 0 304.2
4 2 -124.8 0 303.5 -100 0 320 -137.3 0 304.2 -136.2 0 301.7
3 2 -100 0 320 -124.8 0 303.5 -121.9 0 303.3
4 2 -137.3 0 304.2 -148.8 0 311.4 -150.9 0 308 -138.5 0 303
3 2 -124.8 0 303.5 -136.2 0 301.7 -127.2 0 301.3
4 2 -128.5 0 297.9 -127.2 0 301.3 -136.2 0 301.7 -135.6 0 297.7
4 2 -132.3 0 294.9 -128.5 0 297.9 -135.6 0 297.7 -134.3 0 295
4 2 -124.3 0 291.5 -126.1 0 289.9 -121.3 0 289.5 -121.9 0 291.3
4 2 -119.8 0 288 -121.3 0 289.5 -126.1 0 289.9 -130.8 0 284.2
4 2 -119.8 0 288 -130.8 0 284.2 -132.5 0 282.2 -104.9 0 245.6
4 16 289.5 0 -132.9 287.5 0 -134.6 289.2 0 -135.6 293.2 0 -134.3
4 16 295.7 0 -137.3 293.2 0 -134.3 289.2 0 -135.6 291 0 -140
4 2 282.4 0 -80.4 276.5 0 -79.1 274.9 0 -80.3 272.4 0 -89.6
4 2 288.8 0 -85.3 282.4 0 -80.4 272.4 0 -89.6 292.9 0 -89.1
4 2 292.9 0 -89.1 272.4 0 -89.6 270.7 0 -95.8 295.8 0 -92.1
4 2 299.4 0 -97 295.8 0 -92.1 270.7 0 -95.8 270.2 0 -98.9
4 2 299.4 0 -97 270.2 0 -98.9 270.5 0 -105.6 301.4 0 -99.1
4 2 301.4 0 -99.1 270.5 0 -105.6 289.5 0 -132.9 293.2 0 -134.3
4 2 301.4 0 -99.1 293.2 0 -134.3 295.7 0 -137.3 300 0 -140
4 2 302.7 0 -91.8 301.4 0 -99.1 320 0 -100 314.7 0 -79.8
4 2 304.9 0 -82.8 302.7 0 -91.8 314.7 0 -79.8 312 0 -75.1
4 2 306.5 0 -76.8 304.9 0 -82.8 312 0 -75.1 309.2 0 -74.1
4 16 192.6 0 -28.4 186.7 0 -25.2 183.4 0 -27.7 193.9 0 -33
4 16 191.7 0 -36.2 193.9 0 -33 183.4 0 -27.7 186.7 0 -39
4 16 183 0 -37 186.7 0 -39 183.4 0 -27.7 181.6 0 -31.5
4 16 196.9 0 -33.8 196.2 0 -38.5 222.6 0 -40.7 221.2 0 -35.2
4 16 196.9 0 -33.8 221.2 0 -35.2 217.3 0 -29.7 202.7 0 -28.7
3 16 207.7 0 -26.4 202.7 0 -28.7 217.3 0 -29.7
4 16 222.6 0 -40.7 196.2 0 -38.5 196.7 0 -45.2 220.9 0 -48
4 16 220.9 0 -48 196.7 0 -45.2 198.6 0 -50 202.9 0 -53.8
4 16 220.9 0 -48 202.9 0 -53.8 209.3 0 -56 217.3 0 -53.7
4 2 289.5 0 -132.9 270.5 0 -105.6 265 0 -106.4 287.5 0 -134.6
4 2 287.5 0 -134.6 265 0 -106.4 259.4 0 -108.6 256.2 0 -110.9
4 2 238.9 0 -110.4 256.2 0 -110.9 257.2 0 -101.6 246.4 0 -99.4
4 2 246.4 0 -99.4 257.2 0 -101.6 256.7 0 -94.3 251.5 0 -93.6
3 2 255.9 0 -91.8 251.5 0 -93.6 256.7 0 -94.3
4 2 220.7 0 -109.9 238.9 0 -110.4 234.9 0 -98.9 225.7 0 -98.1
4 2 225.7 0 -98.1 234.9 0 -98.9 231.5 0 -91.9 228.9 0 -91.9
3 2 230.2 0 -90.8 228.9 0 -91.9 231.5 0 -91.9
4 2 213.4 0 -93.3 209.7 0 -91.1 205.7 0 -101.3 215.9 0 -97.3
4 2 218.9 0 -104.6 215.9 0 -97.3 205.7 0 -101.3 205 0 -108.9
4 2 220.7 0 -109.9 218.9 0 -104.6 205 0 -108.9 202.9 0 -110.4
4 2 202.9 0 -110.4 201.4 0 -106.8 186.5 0 -107.8 184 0 -109.4
4 2 186.5 0 -107.8 201.4 0 -106.8 199 0 -102.3 189.7 0 -100.4
4 2 189.7 0 -100.4 199 0 -102.3 195.2 0 -96.8 192 0 -94.1
4 2 176.3 0 -85.3 169.4 0 -86.5 182.6 0 -96.5 182.5 0 -86.3
3 2 182.5 0 -86.3 182.6 0 -96.5 188.9 0 -89.3
4 2 169.4 0 -86.5 167.4 0 -84.6 155.4 0 -85.4 140.4 0 -90.3
4 2 158.1 0 -78.9 155.4 0 -85.4 167.4 0 -84.6 164 0 -77.5
4 2 160.3 0 -76.1 158.1 0 -78.9 164 0 -77.5 163 0 -75.1
4 2 140.4 0 -90.3 155.4 0 -85.4 149.5 0 -80.5 141.8 0 -83.9
4 2 141.8 0 -83.9 149.5 0 -80.5 146 0 -77.4 143.3 0 -78.8
3 2 144.6 0 -76.4 143.3 0 -78.8 146 0 -77.4
4 2 136.6 0 -71 130.1 0 -71.8 133.9 0 -82.9 142.6 0 -73.3
4 2 121.5 0 -57 130.1 0 -71.8 134.9 0 -63.9 124.5 0 -57.1
4 2 128.3 0 -56.6 124.5 0 -57.1 134.9 0 -63.9 134 0 -56.6
3 2 134 0 -56.6 134.9 0 -63.9 137.6 0 -58.9
4 2 109 0 -47.3 120.6 0 -51.9 119.3 0 -46.5 113.6 0 -42.8
3 2 116.9 0 -40.1 113.6 0 -42.8 119.3 0 -46.5
4 2 92.1 0 -44.9 109 0 -47.3 107.4 0 -42.8 100.1 0 -38.8
3 2 105.6 0 -35.9 100.1 0 -38.8 107.4 0 -42.8
4 2 76.6 0 -41.6 92.1 0 -44.9 90.8 0 -40.5 88 0 -34.8
3 2 86 0 -32.9 76.6 0 -41.6 88 0 -34.8
4 2 67.9 0 -49.5 92.1 0 -44.9 76.6 0 -41.6 65.1 0 -43
4 2 109 0 -47.3 92.1 0 -44.9 67.9 0 -49.5 100 0 -60
4 2 71.8 0 -36.9 64 0 -32.4 63.4 0 -35.9 63.5 0 -39.4
4 2 71.8 0 -36.9 63.5 0 -39.4 65.1 0 -43 76.6 0 -41.6
3 14 51 0 -44.1 49.6 0 -58.1 53.4 0 -56.9
4 14 51 0 -44.1 53.4 0 -56.9 64 0 -53.9 65.1 0 -43
3 14 65.1 0 -43 64 0 -53.9 67.9 0 -49.5
4 14 51 0 -44.1 65.1 0 -43 63.5 0 -39.4 52.8 0 -31.9
3 14 52.8 0 -31.9 63.5 0 -39.4 63.4 0 -35.9
4 14 52.8 0 -31.9 63.4 0 -35.9 64 0 -32.4 55.5 0 -21.3
4 14 59.1 0 -13.1 55.5 0 -21.3 64 0 -32.4 71.8 0 -36.9
4 14 86 0 -32.9 59.1 0 -13.1 71.8 0 -36.9 76.6 0 -41.6
4 14 63.8 0 -5.4 59.1 0 -13.1 86 0 -32.9 70.1 0 1.7
4 14 77.9 0 6.1 70.1 0 1.7 86 0 -32.9 89.8 0 11.2
4 14 100.1 0 13.7 89.8 0 11.2 86 0 -32.9 104.6 0 13.2
4 14 106.9 0 11.4 104.6 0 13.2 86 0 -32.9 114.5 0 .5
3 14 114.5 0 .5 86 0 -32.9 88 0 -34.8
4 14 114.5 0 .5 88 0 -34.8 90.8 0 -40.5 100.1 0 -38.8
4 14 114.5 0 .5 100.1 0 -38.8 105.6 0 -35.9 122.9 0 -7
3 14 100.1 0 -38.8 90.8 0 -40.5 92.1 0 -44.9
4 14 116.9 0 -40.1 122.9 0 -7 105.6 0 -35.9 113.6 0 -42.8
4 14 113.6 0 -42.8 105.6 0 -35.9 107.4 0 -42.8 109 0 -47.3
4 14 131 0 -11.6 122.9 0 -7 116.9 0 -40.1 119.3 0 -46.5
4 14 140.4 0 -14.4 131 0 -11.6 119.3 0 -46.5 120.6 0 -51.9
4 14 153.4 0 -14.9 140.4 0 -14.4 120.6 0 -51.9 162.6 0 -19.5
4 14 162.6 0 -19.5 120.6 0 -51.9 121.5 0 -57 124.5 0 -57.1
3 14 162.6 0 -19.5 124.5 0 -57.1 128.3 0 -56.6
3 14 162.6 0 -19.5 128.3 0 -56.6 134 0 -56.6
4 14 162.6 0 -19.5 134 0 -56.6 137.6 0 -58.9 170.5 0 -25.6
4 14 172.9 0 -30.8 170.5 0 -25.6 137.6 0 -58.9 176.4 0 -41.4
4 14 182.3 0 -52.1 176.4 0 -41.4 137.6 0 -58.9 134.9 0 -63.9
4 14 182.3 0 -52.1 134.9 0 -63.9 136.6 0 -71 142.6 0 -73.3
3 14 134.9 0 -63.9 130.1 0 -71.8 136.6 0 -71
4 14 128.8 0 -87 139.4 0 -90.9 140.4 0 -90.3 133.9 0 -82.9
3 14 133.9 0 -82.9 140.4 0 -90.3 141.8 0 -83.9
4 14 133.9 0 -82.9 141.8 0 -83.9 143.3 0 -78.8 142.6 0 -73.3
3 14 142.6 0 -73.3 143.3 0 -78.8 144.6 0 -76.4
4 14 182.3 0 -52.1 142.6 0 -73.3 144.6 0 -76.4 160.3 0 -76.1
3 14 182.3 0 -52.1 160.3 0 -76.1 163 0 -75.1
4 14 160.3 0 -76.1 144.6 0 -76.4 146 0 -77.4 158.1 0 -78.9
4 14 158.1 0 -78.9 146 0 -77.4 149.5 0 -80.5 155.4 0 -85.4
4 14 182.3 0 -52.1 163 0 -75.1 164 0 -77.5 195 0 -60.9
4 14 195 0 -60.9 164 0 -77.5 167.4 0 -84.6 169.4 0 -86.5
3 14 195 0 -60.9 169.4 0 -86.5 176.3 0 -85.3
3 14 195 0 -60.9 176.3 0 -85.3 182.5 0 -86.3
4 14 195 0 -60.9 182.5 0 -86.3 188.9 0 -89.3 212.5 0 -71
4 14 212.5 0 -71 188.9 0 -89.3 192 0 -94.1 195.2 0 -96.8
4 14 209.7 0 -91.1 212.5 0 -71 195.2 0 -96.8 199 0 -102.3
4 14 189.7 0 -100.4 182.6 0 -96.5 181.5 0 -104.1 186.5 0 -107.8
3 14 181.5 0 -104.1 184 0 -109.4 186.5 0 -107.8
4 14 192 0 -94.1 188.9 0 -89.3 182.6 0 -96.5 189.7 0 -100.4
4 14 205.7 0 -101.3 209.7 0 -91.1 199 0 -102.3 201.4 0 -106.8
4 14 205 0 -108.9 205.7 0 -101.3 201.4 0 -106.8 202.9 0 -110.4
4 14 212.5 0 -71 209.7 0 -91.1 213.4 0 -93.3 224.9 0 -76.1
4 14 224.9 0 -76.1 213.4 0 -93.3 215.9 0 -97.3 228.9 0 -91.9
4 14 225.7 0 -98.1 228.9 0 -91.9 215.9 0 -97.3 218.9 0 -104.6
3 14 225.7 0 -98.1 218.9 0 -104.6 220.7 0 -109.9
4 14 224.9 0 -76.1 228.9 0 -91.9 230.2 0 -90.8 232.8 0 -77.5
4 14 239 0 -80.3 232.8 0 -77.5 230.2 0 -90.8 231.5 0 -91.9
4 14 239 0 -80.3 231.5 0 -91.9 234.9 0 -98.9 250 0 -86.9
4 14 251.5 0 -93.6 250 0 -86.9 234.9 0 -98.9 246.4 0 -99.4
3 14 234.9 0 -98.9 238.9 0 -110.4 246.4 0 -99.4
3 14 250 0 -86.9 251.5 0 -93.6 255.9 0 -91.8
3 14 250 0 -86.9 255.9 0 -91.8 262.4 0 -93.8
3 14 255.9 0 -91.8 256.7 0 -94.3 262.4 0 -93.8
3 14 262.4 0 -93.8 256.7 0 -94.3 257.2 0 -101.6
4 14 262.4 0 -93.8 257.2 0 -101.6 256.2 0 -110.9 259.4 0 -108.6
4 14 262.4 0 -93.8 259.4 0 -108.6 265 0 -106.4 268.3 0 -95.4
4 14 268.3 0 -95.4 265 0 -106.4 270.2 0 -98.9 270.7 0 -95.8
3 14 270.2 0 -98.9 265 0 -106.4 270.5 0 -105.6
4 14 16.4 0 124.7 9.7 0 117.6 45.7 0 102.1 47.2 0 110.8
4 14 16.4 0 124.7 47.2 0 110.8 42.7 0 119.6 35.7 0 125.8
3 14 25.8 0 127.7 16.4 0 124.7 35.7 0 125.8
4 14 9.7 0 117.6 8.2 0 109.2 10.7 0 101.3 45.7 0 102.1
4 14 45.7 0 102.1 10.7 0 101.3 17.7 0 95.2 27.3 0 91.7
4 14 45.7 0 102.1 27.3 0 91.7 34.3 0 91.6 40.3 0 94.1
4 16 59.6 0 99.3 52.9 0 98.8 49.8 0 96.2 62.2 0 96.3
4 16 62.1 0 92.2 62.2 0 96.3 49.8 0 96.2 49.7 0 92.2
4 16 62.1 0 92.2 49.7 0 92.2 51.4 0 89.1 58.6 0 88.9
4 2 -100 0 128 -88.6 0 121.9 -90.3 0 127.2 -97.6 0 129.3
3 2 -92.7 0 132.2 -97.6 0 129.3 -90.3 0 127.2
4 2 -79.9 0 128.2 -88.6 0 121.9 -74.6 0 109.4 -69.9 0 118.6
4 2 -79.9 0 128.2 -69.9 0 118.6 -69.1 0 125.9 -70.8 0 133.9
4 2 -74.6 0 106.6 -74.6 0 109.4 -88.6 0 121.9 -100 0 60
4 2 -72.4 0 106.4 -74.6 0 106.6 -61.2 0 89.1 -57.9 0 92.9
4 2 -72.4 0 106.4 -57.9 0 92.9 -55.3 0 97.7 -63.6 0 110.3
4 2 -63.6 0 110.3 -55.3 0 97.7 -52.3 0 105.6 -51.3 0 111.6
4 2 -51.3 0 90.1 -61.2 0 89.1 -49.4 0 72.8 -44.2 0 89.7
4 2 -44.2 0 89.7 -49.4 0 72.8 -43.4 0 75.4 -39.2 0 79.8
3 2 -44.2 0 89.7 -39.2 0 79.8 -34.8 0 87.1
4 2 -40.6 0 70.2 -49.4 0 72.8 -45.1 0 51.3 -41.2 0 53.9
4 2 -40.6 0 70.2 -41.2 0 53.9 -36.4 0 57.9 -30.9 0 63.6
3 2 -40.6 0 70.2 -30.9 0 63.6 -29.2 0 66.7
4 2 -40.8 0 33.4 -45.1 0 51.3 -60 0 24.7 -57 0 20
4 2 -45.1 0 51.3 -40.8 0 33.4 -38.4 0 34.4 -34.2 0 47.6
4 2 -34.2 0 47.6 -38.4 0 34.4 -31.9 0 40.3 -28.1 0 44.1
4 2 -36.1 0 30.7 -40.8 0 33.4 -57 0 20 -31.8 0 25.7
3 2 -31.8 0 25.7 -57 0 20 -28.9 0 22.9
4 2 -27.2 0 25.1 -16.9 0 28.4 -18.2 0 31.6 -19.9 0 33.4
4 2 -15.4 0 18.2 -1.1 0 5.9 -.2 0 13.8 -11.8 0 21.9
4 2 -11.8 0 21.9 -.2 0 13.8 -.2 0 20.1 -8.8 0 25.2
4 2 -8.8 0 25.2 -.2 0 20.1 -2.1 0 25.8 -3.4 0 27.6
4 2 -1.1 0 5.9 10.6 0 -2.8 11.4 0 .1 4.4 0 9.9
4 2 4.4 0 9.9 11.4 0 .1 17.4 0 10.1 18.7 0 15.2
4 2 17.2 0 18.3 4.4 0 9.9 18.7 0 15.2 18.6 0 18.1
4 2 20.9 0 2.2 10.6 0 -2.8 19.4 0 -13.1 22.3 0 -9.1
4 2 20.9 0 2.2 22.3 0 -9.1 27.4 0 -3.9 30.4 0 .7
4 2 20.9 0 2.2 30.4 0 .7 31.7 0 3.1 31.7 0 5.4
4 2 36.8 0 -21.2 37.2 0 -18.8 33.6 0 -17.9 33.8 0 -24.6
4 2 35.2 0 -41.9 36.7 0 -40.2 32.4 0 -37.9 31.9 0 -43.9
4 2 24.6 0 -34.4 22.6 0 -32.8 20.3 0 -48.1 25.4 0 -47.3
4 2 30.2 0 -36.8 24.6 0 -34.4 25.4 0 -47.3 32.4 0 -37.9
3 2 32.4 0 -37.9 25.4 0 -47.3 31.9 0 -43.9
4 14 25.4 0 -47.3 20.3 0 -48.1 20.4 0 -50.1 22.2 0 -54.7
4 14 25.4 0 -47.3 22.2 0 -54.7 29.2 0 -53.6 31.9 0 -43.9
3 14 29.2 0 -53.6 22.2 0 -54.7 26.9 0 -60
4 14 25.1 0 -30.8 22.6 0 -32.8 24.6 0 -34.4 30.2 0 -36.8
4 14 25.1 0 -30.8 30.2 0 -36.8 32.9 0 -34.2 33.8 0 -24.6
3 14 32.9 0 -34.2 30.2 0 -36.8 32.4 0 -37.9
4 14 33.8 0 -24.6 32.9 0 -34.2 36.3 0 -24.1 36.8 0 -21.2
3 14 22.3 0 -9.1 19.4 0 -13.1 22.4 0 -13.7
4 14 22.3 0 -9.1 22.4 0 -13.7 27.8 0 -15.8 27.4 0 -3.9
4 14 27.4 0 -3.9 27.8 0 -15.8 33.6 0 -17.9 38.7 0 -14.4
3 14 38.7 0 -14.4 33.6 0 -17.9 37.2 0 -18.8
4 14 30.4 0 .7 27.4 0 -3.9 38.7 0 -14.4 44.1 0 -2.2
3 14 31.7 0 3.1 30.4 0 .7 44.1 0 -2.2
4 14 31.7 0 5.4 31.7 0 3.1 44.1 0 -2.2 51.1 0 9.9
4 14 11.4 0 .1 10.6 0 -2.8 20.9 0 2.2 17.4 0 10.1
4 14 17.4 0 10.1 20.9 0 2.2 31.7 0 5.4 18.7 0 15.2
4 14 18.6 0 18.1 18.7 0 15.2 31.7 0 5.4 51.1 0 9.9
3 14 56.2 0 19.8 18.6 0 18.1 51.1 0 9.9
4 14 18.6 0 18.1 56.2 0 19.8 61.7 0 30.1 64.3 0 35.2
4 14 18.6 0 18.1 64.3 0 35.2 67.3 0 46.6 66.9 0 56.7
4 14 18.6 0 18.1 66.9 0 56.7 64.2 0 60.9 59.1 0 65.9
4 14 18.6 0 18.1 59.1 0 65.9 49.8 0 69.8 39.8 0 70.6
4 14 18.6 0 18.1 39.8 0 70.6 20.2 0 69.7 17.2 0 18.3
4 14 4.4 0 9.9 17.2 0 18.3 20.2 0 69.7 -.2 0 20.1
3 14 -.2 0 20.1 -.2 0 13.8 4.4 0 9.9
3 14 -.2 0 13.8 -1.1 0 5.9 4.4 0 9.9
3 14 20.2 0 69.7 -2.1 0 25.8 -.2 0 20.1
4 14 -3.4 0 27.6 -2.1 0 25.8 20.2 0 69.7 4.3 0 72.3
4 14 -8.8 0 25.2 -3.4 0 27.6 4.3 0 72.3 -16.9 0 28.4
4 14 -11.8 0 21.9 -8.8 0 25.2 -16.9 0 28.4 -15.4 0 18.2
3 14 4.3 0 72.3 -18.2 0 31.6 -16.9 0 28.4
4 14 -19.9 0 33.4 -18.2 0 31.6 4.3 0 72.3 -28.1 0 44.1
4 14 -19.9 0 33.4 -28.1 0 44.1 -31.9 0 40.3 -27.2 0 25.1
4 14 -28.9 0 22.9 -27.2 0 25.1 -31.9 0 40.3 -31.8 0 25.7
4 14 -36.1 0 30.7 -31.8 0 25.7 -31.9 0 40.3 -38.4 0 34.4
3 14 -38.4 0 34.4 -40.8 0 33.4 -36.1 0 30.7
3 14 -41.2 0 53.9 -45.1 0 51.3 -34.2 0 47.6
4 14 -36.4 0 57.9 -41.2 0 53.9 -34.2 0 47.6 -28.1 0 44.1
3 14 -30.9 0 63.6 -36.4 0 57.9 -28.1 0 44.1
4 14 -29.2 0 66.7 -30.9 0 63.6 -28.1 0 44.1 4.3 0 72.3
3 14 -6.2 0 79.6 -29.2 0 66.7 4.3 0 72.3
4 14 -29.2 0 66.7 -6.2 0 79.6 -12.9 0 88.1 -34.8 0 87.1
4 14 -29.2 0 66.7 -34.8 0 87.1 -39.2 0 79.8 -40.6 0 70.2
3 14 -39.2 0 79.8 -43.4 0 75.4 -40.6 0 70.2
3 14 -43.4 0 75.4 -49.4 0 72.8 -40.6 0 70.2
3 14 -57.9 0 92.9 -61.2 0 89.1 -51.3 0 90.1
4 14 -55.3 0 97.7 -57.9 0 92.9 -51.3 0 90.1 -44.2 0 89.7
4 14 -52.3 0 105.6 -55.3 0 97.7 -44.2 0 89.7 -34.8 0 87.1
4 14 -51.3 0 111.6 -52.3 0 105.6 -34.8 0 87.1 -12.9 0 88.1
3 14 -51.3 0 111.6 -12.9 0 88.1 -17.6 0 108.7
3 14 -17.6 0 127.4 -51.3 0 111.6 -17.6 0 108.7
3 14 -17.4 0 135.6 -51.3 0 111.6 -17.6 0 127.4
4 14 -51.3 0 111.6 -17.4 0 135.6 -16.6 0 145.1 -69.1 0 125.9
4 14 -70.8 0 133.9 -69.1 0 125.9 -16.6 0 145.1 -74.7 0 159.4
4 14 -69.9 0 118.6 -63.6 0 110.3 -51.3 0 111.6 -69.1 0 125.9
4 14 -74.6 0 109.4 -74.6 0 106.6 -72.4 0 106.4 -69.9 0 118.6
3 14 -69.9 0 118.6 -72.4 0 106.4 -63.6 0 110.3
4 14 -100 0 136.5 -100 0 128 -97.6 0 129.3 -92.7 0 132.2
4 14 -92.7 0 132.2 -90.3 0 127.2 -79.9 0 128.2 -70.8 0 133.9
3 14 -79.9 0 128.2 -90.3 0 127.2 -88.6 0 121.9
4 2 -88.6 0 139.8 -100 0 136.5 -94.1 0 135.6 -89 0 135.4
4 2 -100 0 136.5 -88.6 0 139.8 -91.7 0 145.6 -98.6 0 155.1
4 2 -93.7 0 174.4 -95.3 0 154.9 -83.8 0 156.5 -86 0 171.1
4 2 -79.6 0 167.6 -86 0 171.1 -83.8 0 156.5 -75.8 0 162.7
3 2 -75.8 0 162.7 -83.8 0 156.5 -74.7 0 159.4
4 2 -86.3 0 196.6 -85.1 0 177.6 -78.2 0 180.3 -78.1 0 195.5
4 2 -78.1 0 195.5 -78.2 0 180.3 -73.6 0 185.7 -67.9 0 192.9
4 2 -98.7 0 213.5 -85.7 0 199.3 -79.2 0 208.6 -89.8 0 216.6
4 2 -89.8 0 216.6 -79.2 0 208.6 -76.2 0 215.4 -83.8 0 218.6
4 2 -79.7 0 218.9 -83.8 0 218.6 -76.2 0 215.4 -75.8 0 218.3
4 2 -112.5 0 227.8 -98.7 0 213.5 -96.5 0 220 -94.2 0 227.7
4 2 -112.5 0 227.8 -94.2 0 227.7 -93.7 0 231.9 -94 0 237.9
4 2 -112.5 0 227.8 -134.8 0 281.6 -140 0 283.8 -140 0 180
4 2 -132.5 0 282.2 -134.8 0 281.6 -112.5 0 227.8 -108.6 0 238.6
3 2 -132.5 0 282.2 -108.6 0 238.6 -104.9 0 245.6
4 2 -119.8 0 288 -104.9 0 245.6 -97 0 264.7 -117.6 0 290
4 2 -79.3 0 276.7 -117.6 0 290 -97 0 264.7 -79.5 0 265.1
4 2 -79.5 0 265.1 -97 0 264.7 -91.8 0 259.4 -87.5 0 255.4
4 2 -79.5 0 265.1 -87.5 0 255.4 -83.7 0 254 -82.1 0 254.6
4 2 -117.3 0 293 -117.6 0 290 -79.3 0 276.7 -79.5 0 287.6
4 2 -120.6 0 298.3 -117.3 0 293 -79.5 0 287.6 -121.9 0 301
4 2 -121.9 0 303.3 -121.9 0 301 -79.5 0 287.6 -100 0 320
4 2 -93.6 0 318.2 -100 0 320 -79.5 0 287.6 -76.7 0 311
4 2 -76.7 0 311 -79.5 0 287.6 -72.2 0 288.3 -62.2 0 301.9
4 2 -62.2 0 301.9 -72.2 0 288.3 -66.7 0 287.8 -61.9 0 287.8
4 2 -56.6 0 293.8 -62.2 0 301.9 -61.9 0 287.8 -56.2 0 289.3
3 14 -100 0 136.5 -92.7 0 132.2 -94.1 0 135.6
4 14 -89 0 135.4 -94.1 0 135.6 -92.7 0 132.2 -70.8 0 133.9
4 14 -88.6 0 139.8 -89 0 135.4 -70.8 0 133.9 -74.7 0 159.4
4 14 -88.6 0 139.8 -74.7 0 159.4 -83.8 0 156.5 -91.7 0 145.6
3 14 -83.8 0 156.5 -95.3 0 154.9 -91.7 0 145.6
3 14 -98.6 0 155.1 -91.7 0 145.6 -95.3 0 154.9
4 14 -74.7 0 159.4 -16.6 0 145.1 -15 0 154.7 -75.8 0 162.7
4 14 -75.8 0 162.7 -15 0 154.7 -10.6 0 173.8 -67.9 0 192.9
3 14 -85.1 0 177.6 -93.7 0 174.4 -86 0 171.1
4 14 -85.1 0 177.6 -86 0 171.1 -79.6 0 167.6 -78.2 0 180.3
4 14 -73.6 0 185.7 -78.2 0 180.3 -79.6 0 167.6 -75.8 0 162.7
3 14 -67.9 0 192.9 -73.6 0 185.7 -75.8 0 162.7
4 14 -67.9 0 192.9 -10.6 0 173.8 -10.8 0 198.7 -76.2 0 215.4
4 14 -85.7 0 199.3 -86.3 0 196.6 -78.1 0 195.5 -79.2 0 208.6
4 14 -79.2 0 208.6 -78.1 0 195.5 -67.9 0 192.9 -76.2 0 215.4
4 14 -76.2 0 215.4 -10.8 0 198.7 -17.6 0 225.7 -75.8 0 218.3
4 14 -75.8 0 218.3 -17.6 0 225.7 -26.6 0 240.7 -79.7 0 218.9
4 14 -79.7 0 218.9 -26.6 0 240.7 -42.3 0 254.8 -59.3 0 264.2
3 14 -59.3 0 264.2 -83.8 0 218.6 -79.7 0 218.9
4 14 -89.8 0 216.6 -83.8 0 218.6 -59.3 0 264.2 -94.2 0 227.7
3 14 -59.3 0 264.2 -93.7 0 231.9 -94.2 0 227.7
4 14 -94 0 237.9 -93.7 0 231.9 -59.3 0 264.2 -82.1 0 254.6
3 14 -82.1 0 254.6 -83.7 0 254 -94 0 237.9
3 14 -87.5 0 255.4 -94 0 237.9 -83.7 0 254
3 14 -91.8 0 259.4 -94 0 237.9 -87.5 0 255.4
4 14 -94 0 237.9 -91.8 0 259.4 -97 0 264.7 -104.9 0 245.6
4 14 -94 0 237.9 -104.9 0 245.6 -108.6 0 238.6 -112.5 0 227.8
3 14 -96.5 0 220 -98.7 0 213.5 -89.8 0 216.6
3 14 -94.2 0 227.7 -96.5 0 220 -89.8 0 216.6
4 14 -59.3 0 264.2 -67 0 270.8 -79.5 0 265.1 -82.1 0 254.6
4 14 -79.3 0 276.7 -79.5 0 265.1 -67 0 270.8 -71.8 0 281.2
4 14 -79.5 0 287.6 -79.3 0 276.7 -71.8 0 281.2 -72.2 0 288.3
4 1 29.2 0 -53.6 26.9 0 -60 46.7 0 -60 49.6 0 -58.1
4 1 31.9 0 -43.9 29.2 0 -53.6 49.6 0 -58.1 35.2 0 -41.9
4 1 35.2 0 -41.9 49.6 0 -58.1 51 0 -44.1 36.7 0 -40.2
4 1 32.9 0 -34.2 32.4 0 -37.9 36.7 0 -40.2 51 0 -44.1
4 1 32.9 0 -34.2 51 0 -44.1 52.8 0 -31.9 36.3 0 -24.1
4 1 36.3 0 -24.1 52.8 0 -31.9 55.5 0 -21.3 36.8 0 -21.2
4 1 37.2 0 -18.8 36.8 0 -21.2 55.5 0 -21.3 38.7 0 -14.4
4 1 38.7 0 -14.4 55.5 0 -21.3 59.1 0 -13.1 44.1 0 -2.2
4 1 44.1 0 -2.2 59.1 0 -13.1 63.8 0 -5.4 51.1 0 9.9
4 1 51.1 0 9.9 63.8 0 -5.4 70.1 0 1.7 56.2 0 19.8
4 1 56.2 0 19.8 70.1 0 1.7 77.9 0 6.1 61.7 0 30.1
3 1 61.7 0 30.1 77.9 0 6.1 89.8 0 11.2
4 1 61.7 0 30.1 89.8 0 11.2 100.1 0 13.7 64.3 0 35.2
4 1 64.3 0 35.2 100.1 0 13.7 104.6 0 13.2 67.3 0 46.6
4 1 66.9 0 56.7 67.3 0 46.6 104.6 0 13.2 180.6 0 150.3
4 1 190.2 0 146.2 180.6 0 150.3 104.6 0 13.2 106.9 0 11.4
4 1 200.1 0 142 190.2 0 146.2 106.9 0 11.4 114.5 0 .5
4 1 200.1 0 142 114.5 0 .5 122.9 0 -7 131 0 -11.6
4 1 200.1 0 142 131 0 -11.6 140.4 0 -14.4 153.4 0 -14.9
4 1 200.1 0 142 153.4 0 -14.9 162.6 0 -19.5 210.2 0 136.9
3 1 210.2 0 136.9 162.6 0 -19.5 220 0 133.5
3 1 220 0 133.5 162.6 0 -19.5 225.6 0 132.7
4 1 235.4 0 132.9 225.6 0 132.7 162.6 0 -19.5 246.6 0 131.8
3 1 245.8 0 133.9 235.4 0 132.9 246.6 0 131.8
4 1 251.7 0 134.4 249.3 0 134 246.6 0 131.8 260.7 0 135.1
4 1 263.7 0 133.8 260.7 0 135.1 246.6 0 131.8 269.6 0 126.7
4 1 275.5 0 119.5 269.6 0 126.7 246.6 0 131.8 281.7 0 111.6
4 1 281.7 0 111.6 246.6 0 131.8 162.6 0 -19.5 170.5 0 -25.6
4 1 186.7 0 -25.2 281.7 0 111.6 170.5 0 -25.6 183.4 0 -27.7
4 1 281.7 0 111.6 186.7 0 -25.2 192.6 0 -28.4 289.9 0 103.9
4 1 289.9 0 103.9 192.6 0 -28.4 202.7 0 -28.7 207.7 0 -26.4
3 1 289.9 0 103.9 207.7 0 -26.4 217.3 0 -29.7
4 1 289.9 0 103.9 217.3 0 -29.7 221.2 0 -35.2 294 0 91.3
3 1 289.9 0 103.9 293.7 0 97 293.6 0 101.9
3 1 289.9 0 103.9 294 0 91.3 293.7 0 97
3 1 294 0 91.3 221.2 0 -35.2 295.1 0 85.7
3 1 295.1 0 85.7 221.2 0 -35.2 296.8 0 82.5
3 1 296.8 0 82.5 221.2 0 -35.2 299.3 0 79.7
4 1 302.4 0 79.4 299.3 0 79.7 221.2 0 -35.2 222.6 0 -40.7
4 1 302.4 0 79.4 222.6 0 -40.7 220.9 0 -48 274.9 0 -80.3
3 1 302.4 0 79.4 274.9 0 -80.3 276.5 0 -79.1
4 1 302.4 0 79.4 276.5 0 -79.1 282.4 0 -80.4 306.5 0 -76.8
3 1 302.4 0 79.4 306.5 0 -76.8 309.2 0 -74.1
4 1 302.4 0 79.4 309.2 0 -74.1 312 0 -75.1 306.6 0 82.6
3 1 311.1 0 88.7 306.6 0 82.6 312 0 -75.1
4 1 313.8 0 94.9 311.1 0 88.7 312 0 -75.1 316.1 0 97.9
3 1 318.4 0 98.9 316.1 0 97.9 312 0 -75.1
4 1 320 0 100 318.4 0 98.9 312 0 -75.1 314.7 0 -79.8
3 1 320 0 100 314.7 0 -79.8 320 0 -100
4 1 306.5 0 -76.8 282.4 0 -80.4 288.8 0 -85.3 304.9 0 -82.8
3 1 304.9 0 -82.8 288.8 0 -85.3 292.9 0 -89.1
4 1 304.9 0 -82.8 292.9 0 -89.1 295.8 0 -92.1 302.7 0 -91.8
4 1 302.7 0 -91.8 295.8 0 -92.1 299.4 0 -97 301.4 0 -99.1
4 1 272.4 0 -89.6 274.9 0 -80.3 262.4 0 -93.8 268.3 0 -95.4
3 1 272.4 0 -89.6 268.3 0 -95.4 270.7 0 -95.8
4 1 250 0 -86.9 262.4 0 -93.8 274.9 0 -80.3 239 0 -80.3
4 1 232.8 0 -77.5 239 0 -80.3 274.9 0 -80.3 220.9 0 -48
4 1 232.8 0 -77.5 220.9 0 -48 217.3 0 -53.7 224.9 0 -76.1
4 1 212.5 0 -71 224.9 0 -76.1 217.3 0 -53.7 209.3 0 -56
4 1 195 0 -60.9 212.5 0 -71 209.3 0 -56 202.9 0 -53.8
4 1 195 0 -60.9 202.9 0 -53.8 198.6 0 -50 182.3 0 -52.1
4 1 182.3 0 -52.1 198.6 0 -50 196.7 0 -45.2 186.7 0 -39
4 1 193.9 0 -33 191.7 0 -36.2 196.2 0 -38.5 196.9 0 -33.8
4 1 192.6 0 -28.4 193.9 0 -33 196.9 0 -33.8 202.7 0 -28.7
4 1 196.7 0 -45.2 196.2 0 -38.5 191.7 0 -36.2 186.7 0 -39
4 1 182.3 0 -52.1 186.7 0 -39 183 0 -37 176.4 0 -41.4
4 1 172.9 0 -30.8 176.4 0 -41.4 183 0 -37 181.6 0 -31.5
4 1 170.5 0 -25.6 172.9 0 -30.8 181.6 0 -31.5 183.4 0 -27.7
4 1 49.8 0 96.2 52.9 0 98.8 45.7 0 102.1 40.3 0 94.1
4 1 49.7 0 92.2 49.8 0 96.2 40.3 0 94.1 34.3 0 91.6
4 1 51.4 0 89.1 49.7 0 92.2 34.3 0 91.6 39.8 0 70.6
4 1 51.4 0 89.1 39.8 0 70.6 49.8 0 69.8 58.6 0 88.9
3 1 58.6 0 88.9 49.8 0 69.8 59.1 0 65.9
4 1 58.6 0 88.9 59.1 0 65.9 64.2 0 60.9 62.1 0 92.2
4 1 180.6 0 150.3 62.1 0 92.2 64.2 0 60.9 66.9 0 56.7
4 1 47.2 0 110.8 45.7 0 102.1 52.9 0 98.8 59.6 0 99.3
4 1 47.2 0 110.8 59.6 0 99.3 127.9 0 164.8 42.7 0 119.6
4 1 127.9 0 164.8 59.6 0 99.3 62.2 0 96.3 137.9 0 162.2
3 1 137.9 0 162.2 62.2 0 96.3 149 0 159
4 1 160 0 156.6 149 0 159 62.2 0 96.3 169.3 0 154.5
4 1 180.6 0 150.3 169.3 0 154.5 62.2 0 96.3 62.1 0 92.2
3 1 118.2 0 171 42.7 0 119.6 127.9 0 164.8
4 1 42.7 0 119.6 118.2 0 171 114.5 0 176.4 35.7 0 125.8
4 1 35.7 0 125.8 114.5 0 176.4 113.8 0 182.8 25.8 0 127.7
4 1 25.8 0 127.7 113.8 0 182.8 -10.6 0 173.8 -15 0 154.7
4 1 25.8 0 127.7 -15 0 154.7 -16.6 0 145.1 16.4 0 124.7
4 1 9.7 0 117.6 16.4 0 124.7 -16.6 0 145.1 -17.4 0 135.6
4 1 9.7 0 117.6 -17.4 0 135.6 -17.6 0 127.4 -17.6 0 108.7
4 1 8.2 0 109.2 9.7 0 117.6 -17.6 0 108.7 -12.9 0 88.1
4 1 10.7 0 101.3 8.2 0 109.2 -12.9 0 88.1 -6.2 0 79.6
4 1 17.7 0 95.2 10.7 0 101.3 -6.2 0 79.6 4.3 0 72.3
4 1 27.3 0 91.7 17.7 0 95.2 4.3 0 72.3 20.2 0 69.7
4 1 34.3 0 91.6 27.3 0 91.7 20.2 0 69.7 39.8 0 70.6
4 1 -10.6 0 173.8 113.8 0 182.8 114.6 0 188.4 -10.8 0 198.7
4 1 -10.8 0 198.7 114.6 0 188.4 116.4 0 193.9 117.5 0 200.3
4 1 -10.8 0 198.7 117.5 0 200.3 116.6 0 206.7 114.2 0 215.3
4 1 -10.8 0 198.7 114.2 0 215.3 109.8 0 225.2 106.4 0 232.7
4 1 -10.8 0 198.7 106.4 0 232.7 103.7 0 239.7 -17.6 0 225.7
3 1 101.6 0 246.7 -17.6 0 225.7 103.7 0 239.7
4 1 -17.6 0 225.7 101.6 0 246.7 100.7 0 252.9 -26.6 0 240.7
3 1 101.5 0 260.7 -26.6 0 240.7 100.7 0 252.9
4 1 -26.6 0 240.7 101.5 0 260.7 103.5 0 270.1 -42.3 0 254.8
4 1 -42.3 0 254.8 103.5 0 270.1 107.7 0 282.3 -59.3 0 264.2
4 1 -59.3 0 264.2 107.7 0 282.3 -56.2 0 289.3 -61.9 0 287.8
4 1 -59.3 0 264.2 -61.9 0 287.8 -66.7 0 287.8 -67 0 270.8
4 1 -71.8 0 281.2 -67 0 270.8 -66.7 0 287.8 -72.2 0 288.3
4 1 101.2 0 301.2 92.6 0 301.7 107.7 0 282.3 106.8 0 299.4
4 1 106.8 0 299.4 107.7 0 282.3 112.5 0 293.1 114.5 0 298.4
4 1 92.6 0 301.7 87.6 0 304.8 -56.6 0 293.8 -56.2 0 289.3
3 1 92.6 0 301.7 -56.2 0 289.3 107.7 0 282.3
4 1 -100 0 320 -93.6 0 318.2 93.4 0 316 100 0 320
4 1 89.1 0 310.1 93.4 0 316 -93.6 0 318.2 -76.7 0 311
3 1 -76.7 0 311 -62.2 0 301.9 89.1 0 310.1
4 1 89.1 0 310.1 -62.2 0 301.9 -56.6 0 293.8 87.6 0 304.8
4 2 -104.7 -72 -267.7 -108 -72 -240 -120 -72 -240 -110.2 -72 -273.9
4 2 -110.2 -72 -273.9 -120 -72 -240 -120 -72 -280 -110.2 -72 -276.5
4 2 -107.7 -72 -278.2 -110.2 -72 -276.5 -120 -72 -280 -106.2 -72 -280
3 2 -44.1 -72 -272.1 -62.1 -72 -272.2 -40 -72 -280
4 2 -42.9 -72 -268.8 -44.1 -72 -272.1 -40 -72 -280 -41.7 -72 -266.7
3 2 -40 -72 -265.7 -41.7 -72 -266.7 -40 -72 -280
3 16 -40 -72 -240 -89.9 -72 -240 -56.8 -72 -254.4
3 16 -40 -72 -240 -56.8 -72 -254.4 -53.4 -72 -258.8
4 16 -40 -72 -240 -53.4 -72 -258.8 -48.3 -72 -266.6 -41.7 -72 -266.7
3 16 -40 -72 -240 -41.7 -72 -266.7 -40 -72 -265.7
4 16 0 -72 -240 15.6 -72 -240 16.5 -72 -238.5 0 -72 -200
3 16 0 -72 -200 16.5 -72 -238.5 18.9 -72 -236.4
4 16 0 -72 -200 18.9 -72 -236.4 21.1 -72 -236 40 -72 -200
4 16 40 -72 -200 21.1 -72 -236 21.3 -72 -240 40 -72 -240
4 2 91.2 -72 -280 82.3 -72 -261.7 80 -72 -262.3 80 -72 -280
4 2 80 -72 -240 80 -72 -257.7 82.8 -72 -254.2 86.9 -72 -245.1
3 2 88.6 -72 -240 80 -72 -240 86.9 -72 -245.1
4 16 88.6 -72 -240 134.9 -72 -252.7 154.5 -72 -254.5 200 -72 -240
3 16 200 -72 -240 174.8 -72 -264.1 230.7 -72 -272.5
3 16 200 -72 -240 230.7 -72 -272.5 237.7 -72 -274.1
4 16 200 -72 -240 249.3 -72 -269.1 252.6 -72 -265.6 280 -72 -160
3 16 280 -72 -160 200 -72 -160 200 -72 -240
3 2 262 -72 -279.4 230 -72 -280 280 -72 -280
4 2 267.9 -72 -275.7 262 -72 -279.4 280 -72 -280 276.6 -72 -273.4
3 2 280 -72 -272.6 276.6 -72 -273.4 280 -72 -280
4 2 -161.6 -72 -181 -166.1 -72 -183.7 -160 -72 -200 -160 -72 -181.9
4 2 -170.6 -72 -187.5 -172.6 -72 -190.5 -160 -72 -200 -166.1 -72 -183.7
4 2 -160 -72 -200 -172.6 -72 -190.5 -191.1 -72 -192.4 -194.1 -72 -195
3 2 -194.1 -72 -195 -200 -72 -200 -160 -72 -200
3 2 -196.8 -72 -193.7 -200 -72 -200 -194.1 -72 -195
3 2 -198.3 -72 -188.9 -200 -72 -200 -196.8 -72 -193.7
3 2 -200 -72 -120 -200 -72 -200 -198.3 -72 -188.9
3 2 -200 -72 -120 -198.3 -72 -188.9 -196.1 -72 -179
4 2 -200 -72 -120 -196.1 -72 -179 -186.8 -72 -158 -185.6 -72 -131.4
4 2 -200 -72 -120 -185.6 -72 -131.4 -183.6 -72 -128.2 -182 -72 -120
3 16 -160 -72 -120 -182 -72 -120 -183.6 -72 -128.2
3 16 -160 -72 -120 -180.3 -72 -132.4 -175.8 -72 -134.7
3 16 -160 -72 -120 -175.8 -72 -134.7 -163.6 -72 -143.9
3 16 -160 -72 -120 -163.6 -72 -143.9 -162.6 -72 -145.7
3 16 -160 -72 -120 -162.6 -72 -145.7 -160 -72 -181.9
3 2 -250.8 -72 -39.4 -280 -72 -40 -240 -72 -40
3 2 -248.6 -72 -37 -250.8 -72 -39.4 -240 -72 -40
4 2 -244.5 -72 -32.5 -248.6 -72 -37 -240 -72 -40 -240 -72 -30.2
3 2 -280 -72 -31.5 -280 -72 -40 -276.9 -72 -34
4 2 -257.5 -72 -30 -276.9 -72 -34 -280 -72 -40 -250.8 -72 -39.4
3 16 -280 -72 40 -280 -72 19.6 -275.3 -72 18.9
4 16 -280 -72 40 -275.3 -72 18.9 -270.5 -72 17.5 -240 -72 40
3 16 -240 -72 40 -270.5 -72 17.5 -265.8 -72 14.5
4 16 -240 -72 40 -265.8 -72 14.5 -264.3 -72 12.5 -200 -72 40
4 16 -200 -72 40 -264.3 -72 12.5 -240 -72 0 -200 -72 0
4 16 -240 -72 0 -264.3 -72 12.5 -261.5 -72 -24.5 -257.5 -72 -30
4 16 -240 -72 0 -257.5 -72 -30 -244.5 -72 -32.5 -240 -72 -30.2
3 2 20 -144 -100 -8.8 -144 -100 5.4 -144 -106.8
3 2 20 -144 -100 5.4 -144 -106.8 17.6 -144 -115.1
3 2 20 -144 -100 17.6 -144 -115.1 20 -144 -122.5
1 16 -100 -72 20 -20 0 0 0 1 0 0 0 -20 rect.dat
1 16 -60 -72 -20 -20 0 0 0 1 0 0 0 -20 rect.dat
4 16 -40 -72 -80 -29 -72 -80 -28.4 -72 -76.8 -40 -72 -40
4 16 -40 -72 -40 -28.4 -72 -76.8 -27.4 -72 -75.8 0 -72 -40
3 16 0 -72 -40 -27.4 -72 -75.8 -24.7 -72 -77.6
4 16 0 -72 -40 -24.7 -72 -77.6 -22.1 -72 -80 -11.2 -72 -80
3 16 0 -72 -40 -11.2 -72 -80 -8.7 -72 -78.2
3 16 0 -72 -40 -8.7 -72 -78.2 -6.7 -72 -77.9
4 16 0 -72 -40 -6.7 -72 -77.9 -5.8 -72 -80 0 -72 -80
1 16 60 -72 -100 -20 0 0 0 1 0 0 0 -20 rect.dat
1 16 140 -72 -140 -20 0 0 0 1 0 0 0 -20 rect.dat
4 16 100 -144 -180 60 -144 -180 60 -144 -220 180 -144 -220
3 16 180 -144 -180 100 -144 -180 180 -144 -220
4 16 60 -144 -180 100 -144 -180 100 -144 -140 20 -144 -140
4 16 -20 -144 -180 60 -144 -180 20 -144 -140 -140 -144 -100
3 16 -140 -144 -100 -140 -144 -180 -100 -144 -180
3 16 -140 -144 -100 -100 -144 -180 -20 -144 -180
1 16 -60 -144 -200 -40 0 0 0 1 0 0 0 -20 rect3.dat
3 16 20 -144 -122.5 6.2 -144 -122.6 20 -144 -140
4 16 20 -144 -140 6.2 -144 -122.6 -10.9 -144 -115.5 -140 -144 -100
3 16 -10.9 -144 -115.5 6.2 -144 -122.6 4.5 -144 -119.4
3 16 -8.8 -144 -100 -60 -144 -100 -11.3 -144 -109.4
4 16 -10.9 -144 -115.5 -11.3 -144 -109.4 -60 -144 -100 -140 -144 -100
4 16 -60 -144 -100 -60 -144 -60 -100 -144 -60 -140 -144 -100
4 16 -140 -144 -100 -100 -144 -60 -213.2 -144 -69.4 -213.2 -144 -74
4 16 -140 -144 -100 -213.2 -144 -74 -214.2 -144 -76.7 -220 -144 -100
4 16 -220 -144 -100 -214.2 -144 -76.7 -215.8 -144 -73.2 -218.6 -144 -70.9
3 16 -220 -144 -70.6 -220 -144 -100 -218.6 -144 -70.9
3 16 -100 -144 -60 -214.6 -144 -64 -213.2 -144 -69.4
3 16 -100 -144 -60 -216.4 -144 -61.7 -214.6 -144 -64
4 16 -218.7 -144 -59 -216.4 -144 -61.7 -100 -144 -60 -219.2 -144 -57.3
4 16 -218.9 -144 -55.2 -219.2 -144 -57.3 -100 -144 -60 -217.8 -144 -53.4
3 16 -216.9 -144 -49.4 -217.8 -144 -53.4 -100 -144 -60
4 16 -217.8 -144 -46.1 -216.9 -144 -49.4 -100 -144 -60 -100 -144 -20
3 16 -100 -144 -20 -140 -144 -20 -217.8 -144 -46.1
4 16 -217.8 -144 -46.1 -140 -144 -20 -180 -144 -20 -220 -144 -42.8
3 16 -180 -144 -20 -220 -144 -20 -220 -144 -42.8
4 16 -180 -144 60 -180 -144 -20 -140 -144 -20 -140 -144 100
1 16 -180 -144 80 -20 0 -20 0 1 0 0 0 -20 rect2p.dat
4 16 -220 -144 180 -220 -144 60 -180 -144 100 -180 -144 180
1 16 -140 -72 140 -20 0 0 0 1 0 0 0 -20 rect.dat
4 2 -273.8 -72 210.4 -280 -72 207.3 -280 -72 200 -263.8 -72 200
4 2 -274.3 -72 278.1 -275 -72 280 -280 -72 280 -273.7 -72 275.3
4 2 -273.7 -72 275.3 -280 -72 280 -278.8 -72 229.5 -268.9 -72 245.7
3 2 -268.9 -72 245.7 -278.8 -72 229.5 -273.2 -72 229.2
3 2 -280 -72 280 -279.5 -72 226.1 -278.8 -72 229.5
3 2 -280 -72 280 -280 -72 218.2 -279.5 -72 226.1
3 16 -160 -72 280 -275 -72 280 -255.9 -72 279.6
3 16 -160 -72 280 -255.9 -72 279.6 -255.9 -72 275.6
3 16 -160 -72 280 -255.9 -72 275.6 -257.8 -72 269.6
4 16 -160 -72 280 -257.8 -72 269.6 -260.5 -72 263.8 -255.8 -72 256.9
3 16 -160 -72 280 -255.8 -72 256.9 -253.2 -72 252.9
3 16 -160 -72 280 -253.2 -72 252.9 -263.2 -72 230.7
4 16 -160 -72 280 -264.3 -72 205.3 -263.8 -72 200 -160 -72 200
4 2 -300 0 300 -251.7 0 300 -251.5 0 302.2 -316 0 316
4 2 -316 0 320 -316 0 316 -251.5 0 302.2 -245.5 0 305.9
3 2 -162.9 0 320 -316 0 320 -245.5 0 305.9
4 2 -150.9 0 308 -151.3 0 300 -140 0 300 -138.5 0 303
4 16 -135.6 0 297.7 -136.2 0 301.7 -140 0 300 -140 0 283.8
4 2 -98.7 0 213.5 -112.5 0 227.8 -140 0 180 -85.7 0 199.3
4 2 -86.3 0 196.6 -85.7 0 199.3 -140 0 180 -100 0 180
4 2 -85.1 0 177.6 -86.3 0 196.6 -100 0 180 -93.7 0 174.4
4 2 -100 0 180 -98.6 0 155.1 -95.3 0 154.9 -93.7 0 174.4
3 2 -100 0 180 -100 0 136.5 -98.6 0 155.1
4 2 137.8 0 277.7 140 0 271.8 140 0 300 135.8 0 291.8
3 2 140 0 300 135.1 0 292.6 135.8 0 291.8
3 2 100 0 320 135.1 0 292.6 140 0 300
4 2 174.6 0 320 100 0 320 140 0 300 175.3 0 313.7
4 2 175.4 0 308.2 175.3 0 313.7 140 0 300 175.4 0 302.9
3 2 175.4 0 302.9 140 0 300 174.1 0 300
3 16 262.4 0 306.8 260 0 300 265.3 0 305.9
4 2 316 0 320 188.2 0 320 252.8 0 312.4 316 0 316
3 2 316 0 316 252.8 0 312.4 258.3 0 309.2
4 2 316 0 316 258.3 0 309.2 262.4 0 306.8 267.8 0 305.9
3 2 262.4 0 306.8 265.3 0 305.9 267.8 0 305.9
4 2 316 0 316 267.8 0 305.9 269.4 0 302.6 300 0 260
4 2 260 0 260 300 0 260 269.4 0 302.6 260 0 300
4 2 315.8 0 254.1 320 0 316 316 0 316 313.9 0 253.4
4 2 304.9 0 255.4 313.9 0 253.4 316 0 316 300 0 260
3 2 300 0 260 300 0 258.8 304.9 0 255.4
4 2 318.4 0 98.9 320 0 100 300 0 140 316.1 0 97.9
4 2 293.6 0 101.9 316.1 0 97.9 300 0 140 292.2 0 103.7
4 2 290.7 0 107 292.2 0 103.7 300 0 140 288.5 0 113.3
3 2 300 0 140 286.7 0 119.9 288.5 0 113.3
3 2 300 0 140 284.1 0 129.2 286.7 0 119.9
3 2 300 0 140 282.3 0 134.9 284.1 0 129.2
4 2 280.9 0 136.8 282.3 0 134.9 300 0 140 281.2 0 140
4 14 220 0 133.5 225.6 0 132.7 220 0 140 210.2 0 136.9
3 14 220 0 150.1 210.2 0 136.9 220 0 140
3 2 220 0 180 184.5 0 180 207 0 178.4
4 2 220 0 180 207 0 178.4 211.3 0 170.4 214.4 0 165.1
4 2 220 0 180 214.4 0 165.1 217.7 0 162.1 220 0 161.1
3 14 117.5 0 200.3 116.4 0 193.9 140 0 199
4 14 140 0 199 116.4 0 193.9 114.6 0 188.4 140 0 180
4 14 140 0 180 114.6 0 188.4 113.8 0 182.8 114.5 0 176.4
4 14 140 0 180 114.5 0 176.4 118.2 0 171 127.9 0 164.8
4 14 140 0 180 127.9 0 164.8 137.9 0 162.2 146 0 180
3 2 320 0 316 315.8 0 254.1 320 0 100
4 16 240.4 -72 205.6 238.4 -72 200 240 -72 200 244.9 -72 201
3 16 244.9 -72 201 240 -72 200 240 -72 199.1
4 2 280 -72 160 280 -72 175.6 260.1 -72 173.8 240 -72 160
4 2 240 -72 160 260.1 -72 173.8 254.6 -72 176.8 247.8 -72 180.4
3 2 240 -72 199.1 240 -72 160 247.8 -72 180.4
4 2 195.3 -72 276.3 196.4 -72 280 160 -72 280 192.7 -72 273
4 2 185.7 -72 266.9 192.7 -72 273 160 -72 280 183.6 -72 265.9
4 2 176.6 -72 244.9 183.6 -72 265.9 160 -72 280 165.3 -72 227.1
4 2 165.3 -72 227.1 160 -72 280 160 -72 200 165.8 -72 214.5
4 2 171 -72 208.4 165.8 -72 214.5 160 -72 200 174.5 -72 203.1
3 2 174.5 -72 203.1 160 -72 200 177.1 -72 200
3 16 240 -72 280 196.4 -72 280 195.3 -72 276.3
3 16 240 -72 280 191.3 -72 258 194.5 -72 251
4 16 240 -72 280 194.5 -72 251 194.3 -72 248.5 207.2 -72 228.3
4 16 240 -72 280 207.2 -72 228.3 232.1 -72 222.1 235.6 -72 223.5
4 16 240 -72 280 235.6 -72 223.5 238 -72 223.1 240 -72 240
4 16 240 -72 240 238 -72 223.1 239.3 -72 219.9 280 -72 240
3 16 280 -72 240 239.3 -72 219.9 240.6 -72 213.1
3 16 280 -72 240 257.3 -72 201.7 259.9 -72 201.1
3 16 280 -72 240 259.9 -72 201.1 261 -72 200
4 16 280 -72 240 261 -72 200 264.8 -72 187.4 270.2 -72 184.4
3 16 280 -72 240 270.2 -72 184.4 277.6 -72 179.5
3 16 280 -72 240 277.6 -72 179.5 280 -72 175.6
3 2 -100 0 128 -100 0 60 -88.6 0 121.9
4 2 -61.2 0 89.1 -74.6 0 106.6 -100 0 60 -60 0 60
4 2 -49.4 0 72.8 -61.2 0 89.1 -60 0 60 -45.1 0 51.3
3 2 -60 0 60 -60 0 24.7 -45.1 0 51.3
3 16 -60 0 24.7 -60 0 20 -57 0 20
3 2 -28.9 0 22.9 -57 0 20 -20 0 20
4 2 -27.2 0 25.1 -28.9 0 22.9 -20 0 20 -16.9 0 28.4
4 2 -15.4 0 18.2 -16.9 0 28.4 -20 0 20 -20 0 -20
3 2 -15.4 0 18.2 -20 0 -20 -1.1 0 5.9
4 2 10.6 0 -2.8 -1.1 0 5.9 -20 0 -20 19.4 0 -13.1
4 2 19.4 0 -13.1 -20 0 -20 20 0 -20 22.4 0 -13.7
3 2 22.4 0 -13.7 20 0 -20 27.8 0 -15.8
4 2 33.6 0 -17.9 27.8 0 -15.8 20 0 -20 33.8 0 -24.6
3 2 20 0 -20 25.1 0 -30.8 33.8 0 -24.6
3 2 20 0 -20 22.6 0 -32.8 25.1 0 -30.8
3 2 20 0 -20 20.3 0 -48.1 22.6 0 -32.8
3 2 20.3 0 -48.1 20 0 -60 20.4 0 -50.1
3 2 20 0 -20 20 0 -60 20.3 0 -48.1
3 2 20.4 0 -50.1 20 0 -60 22.2 0 -54.7
3 2 22.2 0 -54.7 20 0 -60 26.9 0 -60
4 2 49.6 0 -58.1 46.7 0 -60 100 0 -60 53.4 0 -56.9
3 2 64 0 -53.9 53.4 0 -56.9 100 0 -60
3 2 67.9 0 -49.5 64 0 -53.9 100 0 -60
4 2 120.6 0 -51.9 109 0 -47.3 100 0 -60 121.5 0 -57
4 2 130.1 0 -71.8 121.5 0 -57 100 0 -60 133.9 0 -82.9
4 2 128.8 0 -87 133.9 0 -82.9 100 0 -60 100 0 -100
3 2 128.8 0 -87 100 0 -100 139.4 0 -90.9
3 2 139.4 0 -90.9 100 0 -100 180 0 -100
4 2 140.4 0 -90.3 139.4 0 -90.9 180 0 -100 169.4 0 -86.5
3 2 169.4 0 -86.5 180 0 -100 182.6 0 -96.5
3 14 182.6 0 -96.5 180 0 -100 181.5 0 -104.1
3 2 180 0 -100 180 0 -140 181.5 0 -104.1
3 2 181.5 0 -104.1 180 0 -140 184 0 -109.4
3 2 184 0 -109.4 180 0 -140 202.9 0 -110.4
4 2 220.7 0 -109.9 202.9 0 -110.4 180 0 -140 238.9 0 -110.4
4 2 256.2 0 -110.9 238.9 0 -110.4 180 0 -140 287.5 0 -134.6
4 2 289.2 0 -135.6 287.5 0 -134.6 180 0 -140 291 0 -140
4 2 320 0 -100 301.4 0 -99.1 300 0 -140 320 0 -316
3 16 295.7 0 -137.3 291 0 -140 300 0 -140
4 2 316 0 -316 320 0 -316 300 0 -140 300 0 -300
4 2 316 0 -316 300 0 -300 60 0 -300 316 0 -320
3 2 60 0 -300 -20 0 -300 316 0 -320
4 2 316 0 -320 -20 0 -300 -140 0 -300 -316 0 -316
3 2 -316 0 -316 -316 0 -320 316 0 -320
1 2 20 0 -280 40 0 0 0 1 0 0 0 20 rect3.dat
4 2 -140 0 -300 -140 0 -220 -220 0 -220 -316 0 -316
4 2 -260 0 -140 -316 0 -316 -220 0 -220 -220 0 -140
4 2 -260 0 -140 -260 0 -60 -300 0 -60 -316 0 -316
4 2 -320 0 -316 -316 0 -316 -300 0 -60 -300 0 60
3 2 -300 0 180 -320 0 -316 -300 0 60
4 2 -320 0 -316 -300 0 180 -300 0 300 -316 0 316
3 2 -316 0 316 -320 0 316 -320 0 -316
1 2 -280 0 120 0 0 20 0 1 0 -60 0 0 rect3.dat
0 // edges
2 24 -220 -144 -70.6 -220 -144 -42.8
2 24 -263.8 -72 200 -280 -72 200
2 24 290.972 -32.5 -149.028 290.528 -34.1 -149.472
2 24 -300 0 180 -280 -72 200
2 24 -57 0 20 -20 0 20
2 24 80 -72 -80 86.75 -47.7 -73.25
2 24 -60 0 60 -74.083 -50.7 45.917
2 24 240 -72 280 240 -72 240
2 24 95.417 -16.5 -104.583 100 0 -100
2 24 -220 -144 180 -180 -144 180
2 24 220 0 140 222.778 -10 142.778
2 24 -300 0 300 -251.7 0 300
2 24 -22.1 -72 -80 -11.2 -72 -80
2 24 2.972 -61.3 -37.028 0 -72 -40
2 24 260 0 260 300 0 260
2 24 -300 0 -60 -300 0 60
2 24 -80 -72 40 -74.083 -50.7 45.917
2 24 20 0 -20 20 0 -60
2 24 280 -72 -160 200 -72 -160
2 24 -140 -144 -180 -100 -144 -180
2 24 -100 0 128 -100 0 60
2 24 30.528 -106.1 -129.472 20 -144 -140
2 24 220 0 180 220 0 161.1
2 24 0 -72 -40 0 -72 -80
2 24 -280 -72 40 -240 -72 40
2 24 176.7 -72 -280 230 -72 -280
2 24 20 -144 -122.5 20 -144 -140
2 24 95.417 -16.5 -104.583 80 -72 -120
2 24 -140 0 283.8 -140 0 300
2 24 -280 -72 -3.8 -280 -72 -15.3
2 24 -60 0 24.7 -60 0 20
2 24 -200 -72 -200 -160 -72 -200
2 24 -106.2 -72 -280 -85.8 -72 -280
2 24 -20 0 -260 -31.5 -41.4 -248.5
2 24 21.3 -72 -240 40 -72 -240
2 24 140.75 -2.7 180.75 140 0 180
2 24 21.3 -72 -240 15.6 -72 -240
2 24 202.6 0 300 208.5 0 300
2 24 -80.4 -72 -280 -73 -72 -280
2 24 15.6 -72 -240 0 -72 -240
2 24 280 -72 160 300 0 140
2 24 -280 -72 40 -280 -72 19.6
2 24 238.361 -66.1 198.361 220 0 180
2 24 -160 -72 -200 -158.833 -76.2 -198.833
2 24 240 -72 160 225.944 -21.4 145.944
2 24 202.6 0 300 186.6 0 300
2 24 196.4 -72 280 160 -72 280
2 24 20 0 -20 2.972 -61.3 -37.028
2 24 292.833 -25.8 -147.167 290.972 -32.5 -149.028
2 24 -160 -72 -120 -182 -72 -120
2 24 -140 -144 100 -140 -144 -20
2 24 240 -72 280 196.4 -72 280
2 24 140 0 300 140 0 271.8
2 24 0 -72 -80 -5.8 -72 -80
2 24 220 0 161.1 220 0 150.1
2 24 220 0 140 220 0 150.1
2 24 -280 -72 -31.5 -280 -72 -40
2 24 267.1 0 140 272.3 0 140
2 24 222.778 -10 142.778 225.944 -21.4 145.944
2 24 -100 0 128 -100 0 136.5
2 24 290.528 -34.1 -149.472 280 -72 -160
2 24 140 0 271.8 140 0 199
2 24 -60 0 20 -57 0 20
2 24 -160 -72 280 -160 -72 200
2 24 -140 0 -220 -220 0 -220
2 24 -32.528 -45.1 -32.528 -20 0 -20
2 24 295.25 -17.1 255.25 300 0 260
2 24 -140 0 -300 -120 -72 -280
2 24 -300 0 300 -280 -72 280
2 24 -180 -144 -20 -180 -144 60
2 24 240 -72 240 253.25 -24.3 253.25
2 24 -40 -72 -280 -40 -72 -265.7
2 24 -240.861 -68.9 199.139 -240 -72 200
2 24 260 0 300 252.6 0 300
2 24 -100 0 136.5 -100 0 180
2 24 -108 -72 -240 -120 -72 -240
2 24 300 0 -140 295.917 -14.7 -144.083
2 24 174.1 0 300 140 0 300
2 24 300 0 165.2 300 0 177.9
2 24 244.3 0 140 220 0 140
2 24 -160 -72 -181.9 -160 -72 -120
2 24 -140 -144 -100 -160 -72 -120
2 24 100 0 -60 90.833 -33 -69.167
2 24 -100 -144 -220 -109.472 -109.9 -229.472
2 24 160 -72 -160 171 -32.4 -149
2 24 -40 -72 -240 -89.9 -72 -240
2 24 80 -72 -280 91.2 -72 -280
2 24 180 -144 -220 180 -144 -180
2 24 200 -72 -160 200 -72 -240
2 24 -300 0 180 -300 0 300
2 24 17.5 -9 -62.5 20 0 -60
2 24 -32.528 -45.1 -32.528 -40 -72 -40
2 24 -20 0 -300 -140 0 -300
2 24 -145.445 -19.6 174.556 -140 0 180
2 24 282.556 -62.8 -282.555 285.611 -51.8 -285.611
2 24 260 0 300 240 -72 280
2 24 140 0 199 140 0 180
2 24 60 0 -260 80 -72 -240
2 24 252.6 0 300 208.5 0 300
2 24 -200 -72 40 -200 -72 0
2 24 288.444 -41.6 -288.444 300 0 -300
2 24 -120 -72 -240 -109.472 -109.9 -229.472
2 24 26.9 0 -60 46.7 0 -60
2 24 -100 0 60 -60 0 60
2 24 -280 -72 -15.3 -280 -72 -31.5
2 24 144.111 -14.8 184.111 160 -72 200
2 24 -160 -72 160 -145.445 -19.6 174.556
2 24 -100 0 180 -115.111 -54.4 164.889
2 24 -220 -144 -42.8 -220 -144 -20
2 24 -283.806 -58.3 43.806 -281.417 -66.9 41.417
2 24 140 0 180 146 0 180
2 24 30.583 -105.9 -89.417 20 -144 -100
2 24 20 -144 -122.5 20 -144 -100
2 24 -286.722 -47.8 46.722 -283.806 -58.3 43.806
2 24 60 -144 -180 -20 -144 -180
2 24 240 -72 200 238.4 -72 200
2 24 -31.5 -41.4 -248.5 -40 -72 -240
2 24 300 0 -300 300 0 -140
2 24 292.833 -25.8 -147.167 295.917 -14.7 -144.083
2 24 280 -72 240 240 -72 240
2 24 88.6 -72 -240 80 -72 -240
2 24 -220 0 -140 -260 0 -140
2 24 100 0 -100 100 0 -60
2 24 -80 -72 0 -60 0 20
2 24 -281.417 -66.9 41.417 -280 -72 40
2 24 -280 -72 207.3 -280 -72 200
2 24 80 -72 -240 80 -72 -257.7
2 24 285.611 -51.8 -285.611 288.444 -41.6 -288.444
2 24 -140 0 180 -100 0 180
2 24 240 -72 199.1 240 -72 200
2 24 -260 0 -60 -260 0 -140
2 24 -160 -72 -181.9 -160 -72 -200
2 24 300 0 140 281.2 0 140
2 24 15.194 -17.3 -64.806 17.5 -9 -62.5
2 24 -280 -72 -1.9 -280 -72 -3.8
2 24 230 -72 -280 280 -72 -280
2 24 -108.972 -32.3 51.028 -100 0 60
2 24 90.833 -33 -69.167 90.194 -35.3 -69.806
2 24 261.9 0 140 252.2 0 140
2 24 100 -144 -140 20 -144 -140
2 24 -40 -72 0 -32.722 -45.8 7.278
2 24 -220 -144 180 -220 -144 60
2 24 -180 -144 180 -180 -144 100
2 24 180 0 -140 171 -32.4 -149
2 24 -275 -72 280 -160 -72 280
2 24 300 0 -300 60 0 -300
2 24 240 -72 200 238.361 -66.1 198.361
2 24 -29 -72 -80 -22.1 -72 -80
2 24 -240 -72 0 -240 -72 -30.2
2 24 -20 0 -20 -20 0 20
2 24 177.25 -9.9 -102.75 160 -72 -120
2 24 220 0 180 184.5 0 180
2 24 300 0 251.2 300 0 258.8
2 24 -40 -72 -240 -40 -72 -265.7
2 24 -108 -72 -240 -89.9 -72 -240
2 24 -40 -72 -280 -20 0 -300
2 24 -85.8 -72 -280 -80.4 -72 -280
2 24 300 0 -140 291 0 -140
2 24 281.2 0 140 272.3 0 140
2 24 -120 -72 160 -115.111 -54.4 164.889
2 24 180 0 -140 291 0 -140
2 24 -260 0 180 -240.861 -68.9 199.139
2 24 -231.639 -102.1 -111.639 -220 -144 -100
2 24 46.7 0 -60 100 0 -60
2 24 80 -72 -280 60 0 -300
2 24 0 -72 -200 40 -72 -200
2 24 280 -72 -280 280.694 -69.5 -280.694
2 24 -240 -72 40 -245.167 -53.4 45.167
2 24 -100 -144 -180 -112.528 -98.9 -192.528
2 24 280 -72 175.6 280 -72 240
2 24 300 0 251.2 300 0 177.9
2 24 -11.2 -72 -80 -5.8 -72 -80
2 24 -177.8 0 300 -243.5 0 300
2 24 -240 -72 -30.2 -240 -72 -40
2 24 60 -144 -220 180 -144 -220
2 24 20 0 -60 26.9 0 -60
2 24 180 -144 -220 200 -72 -240
2 24 280 -72 175.6 280 -72 160
2 24 -177.8 0 300 -151.3 0 300
2 24 -40 -72 -280 -73 -72 -280
2 24 -182 -72 -120 -200 -72 -120
2 24 91.2 -72 -280 120.9 -72 -280
2 24 180 0 -100 180 0 -140
2 24 31.25 -103.5 -128.75 40 -72 -120
2 24 -240 -72 200 -220 -144 180
2 24 280.694 -69.5 -280.694 282.556 -62.8 -282.555
2 24 180 0 -100 177.25 -9.9 -102.75
2 24 177.1 -72 200 182.5 -72 200
2 24 280 -72 -280 280 -72 -272.6
2 24 -140 0 180 -140 0 283.8
2 24 -112.528 -98.9 -192.528 -140 0 -220
2 24 -220 -144 -100 -140 -144 -100
2 24 -220 -144 -100 -220 -144 -70.6
2 24 184.5 0 180 146 0 180
2 24 -160 -72 200 -180 -144 180
2 24 -300 0 60 -286.722 -47.8 46.722
2 24 0 -72 -40 -40 -72 -40
2 24 -8.8 -144 -100 -60 -144 -100
2 24 -260 0 -140 -231.639 -102.1 -111.639
2 24 -140 0 -220 -140 0 -300
2 24 -120 -72 40 -108.972 -32.3 51.028
2 24 182.5 -72 200 238.4 -72 200
2 24 200 -72 -240 88.6 -72 -240
2 24 80 -72 -257.7 80 -72 -262.3
2 24 -280 -72 -1.9 -280 -72 19.6
2 24 240 -72 160 280 -72 160
2 24 140.75 -2.7 180.75 144.111 -14.8 184.111
2 24 -106.2 -72 -280 -120 -72 -280
2 24 176.7 -72 -280 120.9 -72 -280
2 24 80 -72 -280 80 -72 -262.3
2 24 244.3 0 140 252.2 0 140
2 24 267.1 0 140 261.9 0 140
2 24 260 0 260 253.25 -24.3 253.25
2 24 86.75 -47.7 -73.25 90.194 -35.3 -69.806
2 24 13.611 -23 -66.389 15.194 -17.3 -64.806
2 24 -20 0 -20 20 0 -20
2 24 -32.722 -45.8 7.278 -20 0 20
2 24 -260 0 60 -245.167 -53.4 45.167
2 24 100 0 -100 180 0 -100
2 24 -280 -72 280 -280 -72 218.2
2 24 40 -72 -80 30.583 -105.9 -89.417
2 24 -140 0 300 -160 -72 280
2 24 174.1 0 300 186.6 0 300
2 24 -151.3 0 300 -140 0 300
2 24 -275 -72 280 -280 -72 280
2 24 300 0 140 300 0 165.2
2 24 160 -72 200 160 -72 280
2 24 -280 -72 218.2 -280 -72 207.3
2 24 280 -72 -160 280 -72 -272.6
2 24 200 -72 -160 180 -144 -180
2 24 240 -72 199.1 240 -72 160
2 24 -251.7 0 300 -243.5 0 300
2 24 160 -72 280 140 0 300
2 24 0 -72 -80 13.611 -23 -66.389
2 24 160 -72 200 177.1 -72 200
2 24 295.25 -17.1 255.25 280 -72 240
2 24 20 -144 -100 -8.8 -144 -100
2 24 180 -144 -180 100 -144 -180
2 24 -60 0 24.7 -60 0 60
2 24 -120 -72 -280 -120 -72 -240
2 24 -140 -144 -100 -140 -144 -180
2 24 300 0 260 300 0 258.8
2 24 -29 -72 -80 -40 -72 -80
2 24 31.25 -103.5 -128.75 30.528 -106.1 -129.472
2 24 -158.833 -76.2 -198.833 -140 -144 -180
2 24 260 0 260 260 0 297.2
2 24 260 0 297.2 260 0 300
2 24 -160 -72 200 -240 -72 200
2 24 -240 -72 200 -263.8 -72 200

0 FILE parts/47757.dat
0 Wedge  4 x  4 Quadruple Convex Slope Center
0 Name: 47757.dat
0 Author: Tim Gould [timgould]
0 !LDRAW_ORG Part UPDATE 2010-03
0 !LICENSE Licensed under CC BY 4.0 : see CAreadme.txt

0 BFC CERTIFY CCW

0 !HISTORY 2008-03-12 [timgould] Created based on 48933 primitive
0 !HISTORY 2008-03-15 [Philo] Added condlines on 2 faces
0 !HISTORY 2010-12-31 [PTadmin] Official Update 2010-03


1 16 0 0 0 1 0 0 0 1 0 0 0 1 s/48933s01.dat
0 // Top surface
4 16 -20 0 -10 -2 -8 -30 2 -8 -30 20 0 -10
4 16 20 20 -70 2 -8 -30 -2 -8 -30 -20 20 -70
2 24 -20 0 -10 -2 -8 -30
2 24 20 0 -10 2 -8 -30
2 24 -2 -8 -30 2 -8 -30
2 24 -20 20 -70 -2 -8 -30
2 24 20 20 -70 2 -8 -30
0 // Side 1
4 16 20 0 -10 40 20 -10 40 20 10 20 0 10
2 24 20 0 -10 40 20 -10
3 16 20 20 -70 34.6 17.6 -16 14.6 -2.4 -16
3 16 14.6 -2.4 -16 2 -8 -30 20 20 -70
4 16 40 20 -10 20 0 -10 14.6 -2.4 -16 34.6 17.6 -16
3 16 20 20 -70 40 20 -10 34.6 17.6 -16
2 24 14.6 -2.4 -16 34.6 17.6 -16
2 24 34.6 17.6 -16 40 20 -10
2 24 34.6 17.6 -16 20 20 -70
5 24 14.6 -2.4 -16 20 20 -70 34.6 17.6 -16 2 -8 -30
0 // Side 2
4 16 -20 0 -10 -20 0 10 -40 20 10 -40 20 -10
2 24 -20 0 -10 -40 20 -10
3 16 -20 20 -70 -2 -8 -30 -14.6 -2.4 -16
3 16 -14.6 -2.4 -16 -34.6 17.6 -16 -20 20 -70
4 16 -40 20 -10 -34.6 17.6 -16 -14.6 -2.4 -16 -20 0 -10
3 16 -20 20 -70 -34.6 17.6 -16 -40 20 -10
2 24 -14.6 -2.4 -16 -34.6 17.6 -16
2 24 -34.6 17.6 -16 -40 20 -10
2 24 -34.6 17.6 -16 -20 20 -70
5 24 -14.6 -2.4 -16 -20 20 -70 -34.6 17.6 -16 -2 -8 -30
0

0 FILE parts/4788.dat
0 Fabuland Paddle Wheeler Wheel
0 Name: 4788.dat
0 Author: Philippe Hurbain [Philo]
0 !LDRAW_ORG Part UPDATE 2024-01
0 !LICENSE Licensed under CC BY 4.0 : see CAreadme.txt

0 BFC CERTIFY CCW

0 !CATEGORY Boat
0 !KEYWORDS Steamboat, Waterwheel

0 !HISTORY 2024-01-29 [OrionP] Official Update 2024-01

1 16 0 0 -17.5 5 0 0 0 0 5 0 1.5 0 4-4cylc.dat
1 16 0 0 17.5 5 0 0 0 0 5 0 -1.5 0 4-4cylo.dat
0 BFC INVERTNEXT
1 16 0 0 -13 2 0 0 0 0 2 0 30.5 0 4-4cylc.dat
1 16 0 0 17.5 1.41421 0 -1.41421 1.41421 0 1.41421 0 -1 0 4-4ndis.dat
1 16 0 0 17.5 5 0 0 0 0 5 0 -1 0 1-4chrd.dat
4 16 0 2.8284 17.5 2.8284 0 17.5 5 0 17.5 0 5 17.5
1 16 0 0 17.5 0 0 -5 5 0 0 0 -1 0 1-4chrd.dat
4 16 -2.8284 0 17.5 0 2.8284 17.5 0 5 17.5 -5 0 17.5
1 16 0 0 17.5 -5 0 0 0 0 -5 0 -1 0 1-4chrd.dat
4 16 0 -2.8284 17.5 -2.8284 0 17.5 -5 0 17.5 0 -5 17.5
1 16 0 0 17.5 0 0 5 -5 0 0 0 -1 0 1-4chrd.dat
4 16 2.8284 0 17.5 0 -2.8284 17.5 0 -5 17.5 5 0 17.5
1 16 0 0 -16 6 0 0 0 0 6 0 14 0 4-4cylc.dat
1 16 0 0 16 6 0 0 0 0 6 0 -14 0 4-4cylo.dat
1 16 0 0 16 1 0 0 0 0 1 0 -1 0 4-4ring5.dat
1 16 0 0 2 72 0 0 0 0 72 0 -4 0 48/4-4cylo.dat
1 16 0 0 2 4.24264 0 -4.24264 4.24264 0 4.24264 0 -1 0 4-4ndis.dat
1 16 0 0 2 72 0 0 0 0 72 0 -1 0 48/1-4chrd.dat
4 16 8.4853 0 2 72 0 2 0 72 2 0 8.4853 2
1 16 0 0 2 0 0 -72 72 0 0 0 -1 0 48/1-4chrd.dat
4 16 0 8.4853 2 0 72 2 -72 0 2 -8.4853 0 2
1 16 0 0 2 -72 0 0 0 0 -72 0 -1 0 48/1-4chrd.dat
4 16 -8.4853 0 2 -72 0 2 0 -72 2 0 -8.4853 2
1 16 0 0 2 0 0 72 -72 0 0 0 -1 0 48/1-4chrd.dat
4 16 0 -8.4853 2 0 -72 2 72 0 2 8.4853 0 2
1 16 0 0 -2 72 0 0 0 0 72 0 1 0 48/1-4chrd.dat
4 16 0 72 -2 72 0 -2 8.4853 0 -2 0 8.4853 -2
1 16 0 0 -2 0 0 -72 72 0 0 0 1 0 48/1-4chrd.dat
4 16 -72 0 -2 0 72 -2 0 8.4853 -2 -8.4853 0 -2
1 16 0 0 -2 -72 0 0 0 0 -72 0 1 0 48/1-4chrd.dat
4 16 0 -72 -2 -72 0 -2 -8.4853 0 -2 0 -8.4853 -2
1 16 0 0 -2 0 0 72 -72 0 0 0 1 0 48/1-4chrd.dat
4 16 72 0 -2 0 -72 -2 0 -8.4853 -2 8.4853 0 -2
1 16 0 0 -2 4.24264 0 -4.24264 4.24264 0 4.24264 0 1 0 4-4ndis.dat

1 16 0 0 15.5 20 0 0 0 0 20 0 -13.5 0 48/4-4cylo.dat
0 BFC INVERTNEXT
1 16 0 0 15.5 16 0 0 0 0 16 0 -13.5 0 48/4-4cylo.dat
1 16 0 0 15.5 4 0 0 0 0 4 0 -1 0 48/4-4ring4.dat
1 16 0 0 -15.5 20 0 0 0 0 20 0 13.5 0 48/4-4cylo.dat
0 BFC INVERTNEXT
1 16 0 0 -15.5 16 0 0 0 0 16 0 13.5 0 48/4-4cylo.dat
1 16 0 0 -15.5 4 0 0 0 0 4 0 1 0 48/4-4ring4.dat

1 16 0 0 0 1 0 0 0 1 0 0 0 1 s/4788s02.dat
1 16 0 0 0 -0.5 -0.86603 0 0.86603 -0.5 0 0 0 1 s/4788s02.dat
1 16 0 0 0 -0.5 0.86603 0 -0.86603 -0.5 0 0 0 1 s/4788s02.dat
1 16 0 0 0 1 0 0 0 1 0 0 0 -1 s/4788s02.dat
1 16 0 0 0 -0.5 -0.86603 0 0.86603 -0.5 0 0 0 -1 s/4788s02.dat
1 16 0 0 0 -0.5 0.86603 0 -0.86603 -0.5 0 0 0 -1 s/4788s02.dat

0 FILE parts/15336p01.dat
0 Motor Inertia Flywheel  4 x  6 x  2 with Metal Wheel and Orange Tyre Pattern
0 Name: 15336p01.dat
0 Author: Magnus Forsberg [MagFors]
0 !LDRAW_ORG Shortcut UPDATE 2024-03
0 !LICENSE Licensed under CC BY 4.0 : see CAreadme.txt

0 BFC CERTIFY CCW

0 !CATEGORY Vehicle
0 !KEYWORDS BrickLink 15103c02, Chima, Rebrickable 15336c02, Set 70156, Speedorz

0 !HISTORY 2024-04-28 [OrionP] Official Update 2024-03


1 350 0 12 0 0 0 1 0 1 0 -1 0 0 u9081c01.dat
1 16 0 0 0 1 0 0 0 1 0 0 0 1 15103c01.dat

0 FILE parts/4032a.dat
0 Plate  2 x  2 Round with Axlehole
0 Name: 4032a.dat
0 Author: James Jessiman
0 !LDRAW_ORG Part UPDATE 2022-02
0 !LICENSE Licensed under CC BY 4.0 : see CAreadme.txt

0 BFC CERTIFY CCW

0 !KEYWORDS BrickLink 4032

0 !HISTORY 2004-03-25 [westrate] Added stud10, replaced quads with primitives, BFCed
0 !HISTORY 2004-11-06 [PTadmin] Official Update 2004-04
0 !HISTORY 2007-06-30 [PTadmin] Header formatted for Contributor Agreement
0 !HISTORY 2008-07-01 [PTadmin] Official Update 2008-01
0 !HISTORY 2010-01-30 [mikeheide] optimized axlehole
0 !HISTORY 2010-01-31 [PTadmin] Renamed from 4032
0 !HISTORY 2010-12-31 [PTadmin] Official Update 2010-03
0 !HISTORY 2022-01-02 [MagFors] Reshaped axlehole, removed surface bleeding
0 !HISTORY 2022-03-06 [PTadmin] Official Update 2022-02


1 16 0 0 0 1 0 0 0 1 0 0 0 1 s/4032s01.dat
1 16 0 0 0 0 0 1 0 1 0 -1 0 0 s/4032s01.dat
1 16 0 0 0 -1 0 0 0 1 0 0 0 -1 s/4032s01.dat
1 16 0 0 0 0 0 -1 0 1 0 1 0 0 s/4032s01.dat
1 16 0 4 0 1 0 0 0 -1 0 0 0 1 stud4a.dat
1 16 0 4 0 8 0 0 0 1 0 0 0 8 4-4edge.dat
1 16 0 4 0 8 0 0 0 -1 0 0 0 8 4-4ndis.dat
1 16 0 4 0 1 0 0 0 1 0 0 0 1 axlehol3.dat
1 16 0 0 0 1 0 0 0 4 0 0 0 1 axl5hol8.dat
1 16 0 0 0 1 0 0 0 1 0 0 0 1 axl5ho10.dat
1 16 0 4 0 0 0 1 0 -1 0 1 0 0 axl5ho10.dat
1 16 0 0 0 1 0 0 0 1 0 0 0 1 axlehol2.dat
1 16 0 0 0 1 0 0 0 1 0 0 0 1 axl5hol9.dat
1 16 0 4 0 1 0 0 0 1 0 0 0 1 axl5hol9.dat
1 16 0 0 0 6 0 0 0 1 0 0 0 6 4-4ndis.dat
1 16 0 0 0 1 0 0 0 1 0 0 0 1 stug10-2x2.dat

0 FILE parts/s/6092s01.dat
0 ~Baseplate 32 x 32 Raised with Ramp, Pit and Stairs without Upper Surface (Needs Work)
0 Name: s\6092s01.dat
0 Author: Alex Taylor [anathema]
0 !LDRAW_ORG Subpart UPDATE 2022-03
0 !LICENSE Licensed under CC BY 4.0 : see CAreadme.txt

0 BFC CERTIFY CCW

0 !HISTORY 2022-03-04 [Holly-Wood] Adjusted edges to modified geometry in subfile s02
0 !HISTORY 2022-05-07 [PTadmin] Official Update 2022-03


0 // Bottom side structure is missing

1 16 0 0 0 1 0 0 0 1 0 0 0 1 s/3811s01.dat
1 16 121 -24 135 0 0 -15 0 1 0 15 0 0 1-4edge.dat
1 16 125.669 -24 -180 134.331 0 0 0 1 0 0 0 -99.9227 48/1-8edge.dat
1 16 238.333 -24 -268.333 -17.6777 0 -17.6777 0 1 0 17.6777 0 -17.6777 3-8edge.dat
1 16 250 -24 -250 0 0 43.3333 0 1 0 -43.3333 0 0 48/1-4edge.dat
1 16 46 -24 54 60 0 0 0 1 0 0 0 -60 48/3-16edge.dat
1 16 -280.67 -69.505 35 0 0 .66912 0 1 -2.49302 -2.5 0 0 1-4edge.dat
1 16 280.67 -69.591 155 0 -.96352 -.66911 0 .26764 -2.4088 -2.5 0 0 1-4edge.dat
1 16 -129 -64 229 -6 0 0 0 1 0 0 0 6 1-4edge.dat
1 16 -129 -64 91 -6 0 0 0 1 0 0 0 -6 1-4edge.dat
1 16 49 -64 229 6 0 0 0 1 0 0 0 6 1-4edge.dat
1 16 49 -64 91 6 0 0 0 1 0 0 0 -6 1-4edge.dat
1 16 -200 0 -200 -100 0 0 0 1 0 0 0 -100 48/1-4edge.dat
1 16 -200 0 200 -100 0 0 0 1 0 0 0 100 48/1-4edge.dat
1 16 200 0 200 100 0 0 0 1 0 0 0 100 48/1-4edge.dat
1 16 250 0 -250 0 0 50 0 1 0 -50 0 0 48/1-4edge.dat
1 16 -125 -40 -125 -5 0 0 0 1 0 0 0 -5 1-4edge.dat
1 16 -130 0 -130 -10 0 0 0 1 0 0 0 -10 1-4edge.dat
1 16 -140 -40 -20 10 0 0 0 1 0 0 0 10 1-4edge.dat
1 16 -145 0 -25 5 0 0 0 1 0 0 0 5 1-4edge.dat
1 16 -160 -40 -160 -70 0 0 0 1 0 0 0 -70 48/1-4edge.dat
1 16 -160 -40 -160 -80 0 0 0 1 0 0 0 -80 48/1-4edge.dat
1 16 -160 -40 -80 -70 0 0 0 1 0 0 0 70 48/1-4edge.dat
1 16 -160 -40 -80 0 0 -80 0 1 0 80 0 0 48/1-4edge.dat
1 16 -160 -48 -160 -80 0 0 0 1 0 0 0 -80 48/1-4edge.dat
1 16 -160 -48 -80 0 0 -80 0 1 0 80 0 0 48/1-4edge.dat
1 16 -160 0 -160 -60 0 0 0 1 0 0 0 -60 48/1-4edge.dat
1 16 -160 0 -80 -60 0 0 0 1 0 0 0 60 48/1-4edge.dat
1 16 -20 -40 -140 10 0 0 0 1 0 0 0 10 1-4edge.dat
1 16 -25 0 -145 0 0 5 0 1 0 5 0 0 1-4edge.dat
1 16 -80 -40 -160 70 0 0 0 1 0 0 0 -70 48/1-4edge.dat
1 16 -80 -40 -160 80 0 0 0 1 0 0 0 -80 48/1-4edge.dat
1 16 -80 -48 -160 80 0 0 0 1 0 0 0 -80 48/1-4edge.dat
1 16 -80 0 -160 0 0 60 0 1 0 -60 0 0 48/1-4edge.dat
1 16 -200 -48 -200 -86.6667 0 0 0 1 0 0 0 -86.6667 48/1-4edge.dat
1 16 -40 -48 -206.667 0 0 80 0 1 0 -80 0 0 48/3-16edge.dat
1 16 -43 -48 57 -60 0 0 0 1 0 0 0 -60 48/1-4edge.dat
1 16 -200 -72 200 0 0 -80 0 1 0 80 0 0 48/1-4edge.dat
1 16 -40 -72 60 -60 0 0 0 1 0 0 0 -60 48/1-4edge.dat
1 16 200 -72 200 80 0 0 0 1 0 0 0 80 48/1-4edge.dat
1 16 40 -72 60 0 0 60 0 1 0 -60 0 0 48/1-4edge.dat
1 16 -40 -14 -206.666 0 0 88.472 13.99875 1 0 -93.33353 0 0 48/3-16edge.dat
1 16 125.669 -17.995 -180.044 134.331 0 0 0 1 14.9876 0 0 -99.9236 48/1-8edge.dat
1 16 238.333 -4.746 -268.354 -25 0 0 0 1 4.74647 0 0 -31.64603 1-4edge.dat
1 16 -259.844 -69.505 35 0 0 -.15595 0 1 -2.49513 -2.5 0 0 1-4edge.dat
1 16 180.156 -69.505 155 0 0 -.15595 0 1 -2.49513 -2.5 0 0 1-4edge.dat
1 16 200 -48 200 58.5 0 0 0 1 0 0 0 58.5 48/1-8edge.dat
1 16 200 -56 200 0 0 59 0 1 0 59 0 0 48/1-8edge.dat
1 16 200 -72 200 60 0 0 0 1 0 0 0 60 48/1-4edge.dat
1 16 259.844 -69.505 155 0 0 .15595 0 1 -2.49513 -2.5 0 0 1-4edge.dat
2 24 -120 0 220 -120 0 100
2 24 -135 -64 91 -135 -64 229
2 24 -140 -64 80 -140 -64 240
2 24 -140 -72 240 -140 -64 240
2 24 -140 -72 80 -140 -64 80
2 24 -140 -72 80 -140 -72 240
2 24 40 0 100 -120 0 100
2 24 40 0 220 -120 0 220
2 24 40 0 220 40 0 100
2 24 49 -64 235 -129 -64 235
2 24 49 -64 85 -129 -64 85
2 24 55 -64 229 55 -64 91
2 24 60 -64 240 -140 -64 240
2 24 60 -64 240 60 -64 80
2 24 60 -64 80 -140 -64 80
2 24 60 -72 240 -140 -72 240
2 24 60 -72 240 60 -64 240
2 24 60 -72 240 60 -72 80
2 24 60 -72 80 -140 -72 80
2 24 60 -72 80 60 -64 80
2 24 -10 -40 -140 -10 -40 -160
2 24 -120 -40 -120 -120 -40 0
2 24 -120 -40 -120 -120 -48 -120
2 24 -120 -40 0 -120 -48 0
2 24 -120 -40 0 -160 -40 0
2 24 -120 -48 -120 -120 -48 0
2 24 -120 -48 0 -160 -48 0
2 24 -130 -40 -20 -130 -40 -125
2 24 -140 -40 -10 -160 -40 -10
2 24 -140 0 -25 -140 0 -130
2 24 -160 -40 -230 -80 -40 -230
2 24 -160 -40 -240 -80 -40 -240
2 24 -160 -48 -240 -80 -48 -240
2 24 -160 0 -20 -145 0 -20
2 24 -160 0 -220 -80 0 -220
2 24 -20 -40 -130 -125 -40 -130
2 24 -20 0 -160 -20 0 -145
2 24 -220 0 -160 -220 0 -80
2 24 -230 -40 -160 -230 -40 -80
2 24 -240 -40 -160 -240 -40 -80
2 24 -240 -48 -160 -240 -48 -80
2 24 -25 0 -140 -130 0 -140
2 24 0 -40 -120 -120 -40 -120
2 24 0 -40 -120 0 -40 -160
2 24 0 -40 -120 0 -48 -120
2 24 0 -48 -120 -120 -48 -120
2 24 0 -48 -120 0 -48 -160
2 24 -200 0 -300 250 0 -300
2 24 -300 0 -200 -300 0 200
2 24 200 0 300 -200 0 300
2 24 300 0 200 300 0 -250
2 24 106 -24 135 106 -24 54
2 24 180 -24 150 121 -24 150
2 24 238.333 -24 -293.333 250 -24 -293.333
2 24 260 -24 -140 260 -24 -180
2 24 260 -24 150 293.333 -24 150
2 24 293.333 -24 150 293.333 -24 -250
2 24 64.912 -24 -2.807 68.962 -24 -1.434
2 24 65 -24 -140 260 -24 -140
2 24 65 -24 -140 65 -24 -80
2 24 -103 -48 57 -183 -48 57
2 24 -200 -48 -286.667 -40 -48 -286.667
2 24 -258.5 -48 31.353 -286.667 -48 31.353
2 24 -286.667 -48 -200 -286.667 -48 31.353
2 24 -43 -48 -3 40 -48 -3
2 24 58.5 -48 -162 33.912 -48 -237.283
2 24 58.5 -48 -162 60 -48 -150
2 24 60 -48 -150 60 -48 -80
2 24 -100 -72 60 -180 -72 60
2 24 -280 -72 200 -280.00088 -71.99802 35
2 24 -40 -72 0 40 -72 0
2 24 100 -72 140 100 -72 60
2 24 200 -72 280 -200 -72 280
2 24 280 -72 200 280 -72 155
2 24 260 -24 -140 260 -17.995 -180.044
2 24 63.9 -20.695 -162.044 41.73928 -8.64168 -242.38474
2 24 65 -22.495 -150.044 63.9 -20.695 -162.044
2 24 65 -22.495 -150.044 65 -24 -140
2 24 -180 -72 80 -180 -72 60
2 24 -180 -72 80 -181 -64 80
2 24 -181 -64 68.871 -182 -56 68.739
2 24 -181 -64 80 -181 -64 68.871
2 24 -182 -56 58 -183 -48 57.771
2 24 -182 -56 58 -259 -56 39.882
2 24 -182 -56 68.739 -182 -56 58
2 24 -183 -48 57 -180 -72 60
2 24 -183 -48 57 -183 -48 57.771
2 24 -183 -48 57.771 -258.5 -48 40
2 24 -258.5 -48 31.353 -259.844 -69.505 32.5
2 24 -258.5 -48 40 -258.5 -48 31.353
2 24 -258.5 -48 40 -259 -56 39.882
2 24 -259 -56 58.566 -182 -56 68.739
2 24 -259 -56 58.566 -259 -56 39.882
2 24 -259 -56 58.566 -259.5 -64 58.5
2 24 -259.5 -64 58.5 -181 -64 68.871
2 24 -259.5 -64 58.5 -259.5 -64 80
2 24 -259.5 -64 80 -181 -64 80
2 24 -260 -72 80 -180 -72 80
2 24 -260 -72 80 -259.5 -64 80
2 24 -260 -72 80 -260 -72 35
2 24 160 -64 180.5 160 -72 180
2 24 160 -64 259.5 160 -64 180.5
2 24 160 -64 259.5 160 -72 260
2 24 160 -72 260 160 -72 180
2 24 160 -72 260 200 -72 260
2 24 174 -64 180.5 160 -64 180.5
2 24 174 -64 180.5 174.165 -56 181
2 24 174.165 -56 181 181 -56 181
2 24 180 -72 180 181 -56 181
2 24 181 -56 181 181.5 -48 181.5
2 24 180 -24 138 180 -32 138
2 24 180 -24 150 180 -24 138
2 24 180 -32 150.5 180 -24 150
2 24 180 -32 150.5 180 -32 138
2 24 180 -32 150.5 182.5 -32 150.5
2 24 180 -72 180 160 -72 180
2 24 180 -72 180 180 -72 155
2 24 181.5 -48 174.5 181.5 -48 181.5
2 24 181.5 -48 174.5 182 -40 174.666
2 24 181.5 -48 174.5 258.5 -48 200
2 24 182 -40 174.666 182 -40 160
2 24 182 -40 174.666 258 -40 199.834
2 24 182.5 -32 150.5 180.156 -69.505 152.5
2 24 182.5 -32 160 182 -40 160
2 24 182.5 -32 160 182.5 -32 150.5
2 24 199.835 -56 259 174.165 -56 181
2 24 200 -64 259.5 160 -64 259.5
2 24 200 -64 259.5 174 -64 180.5
2 24 200 -64 259.5 199.835 -56 259
2 24 241.365 -48 241.365 181.5 -48 181.5
2 24 241.719 -56 241.719 181 -56 181
2 24 241.7189 -56 241.7189 241.365 -48 241.365
2 24 257.5 -32 150.5 259.844 -69.505 152.5
2 24 257.5 -32 160 182.5 -32 160
2 24 257.5 -32 160 257.5 -32 150.5
2 24 257.5 -32 160 258 -40 160
2 24 258 -40 160 182 -40 160
2 24 258 -40 199.834 258 -40 160
2 24 258.5 -48 200 258 -40 199.834
2 24 260 -24 138 180 -24 138
2 24 260 -24 138 260 -32 138
2 24 260 -24 150 260 -24 138
2 24 260 -32 138 180 -32 138
2 24 260 -32 150.5 257.5 -32 150.5
2 24 260 -32 150.5 260 -24 150
2 24 260 -32 150.5 260 -32 138
2 24 260 -72 200 260 -72 155
2 24 40 -40 -4 40 -40 -80
2 24 40 -40 -80 40 -48 -80
2 24 40 -40 -80 65 -40 -80
2 24 40 -48 -3 40 -40 -4
2 24 40 -48 -80 40 -48 -3
2 24 40 -48 -80 60 -48 -80
2 24 44 -40 -4 40 -40 -4
2 24 44 -40 -4 51.83 -40 -3.484
2 24 51.83 -40 -3.484 52.011 -32 -4.538
2 24 51.83 -40 -3.484 65 -40 -80
2 24 52.011 -32 -4.538 52.83 -32 -4.484
2 24 52.011 -32 -4.538 65 -32 -80
2 24 52.83 -32 -4.484 60.528 -32 -2.954
2 24 60 -48 -80 65 -24 -80
2 24 60.528 -32 -2.954 64.52 -32 -1.601
2 24 64.912 -24 -2.807 64.52 -32 -1.601
2 24 65 -32 -80 65 -40 -80
2 24 90 -24 -80 64.912 -24 -2.807
2 24 90 -24 -80 65 -24 -80
2 24 90 -24 -80 90 -32 -80
2 24 90 -32 -80 64.52 -32 -1.601
2 24 90 -32 -80 65 -32 -80
2 24 -103 -48 57 -100 -72 60
2 24 -286.667 -48 31.353 -280.67 -69.505 32.5
2 24 293.333 -24 150 280.67 -69.591 152.5
2 24 61.666 -40 -80 40 -40 -80
2 24 61.666 -40 -80 60 -48 -80
2 24 65 -40 -80 61.666 -40 -80
2 24 250 0 -300 238.333 0 -300
2 24 -40 0 -300 -200 0 -300
2 24 61.666 -40 -80 65 -24 -80
2 24 220.65445 -7.39727 -250.69998 215.235 -6.181 -258.811
2 24 215.235 -6.181 -258.811 213.333 -4.746 -268.354
5 24 105.891 -70.752 149.357 101.891 -71.376 145.115 107.141 -24 140.741 105.777 -71.23 149.452
5 24 241.99965 -24 -229.96135 241.99965 -10.5012 -230.0058 232.247 -8.871 -240.877 249.777 -24 -218.24
5 24 44 -40 -4 43 -48 -3 51.83 -40 -3.484 40 -48 -3
2 24 199.835 -56 259 200 -56 259
5 24 117.994 -69.505 152.505 111.505 -70.129 151.984 117.766 -70.46 152.69 115.26 -24 148.858
5 24 213.3332 -24 -268.333 213.333 -4.746 -268.354 215.23532 -24 -258.76583 215.23532 -24 -277.90017
5 24 101.891 -71.376 145.115 100 -72 140 101.834 -71.615 145.163 106 -24 135
5 24 215.235 -6.181 -258.811 215.23532 -24 -258.76583 213.333 -4.746 -268.354 220.6553 -24 -250.6553
5 24 215.236 -2.93 -280.465 215.23532 -24 -277.90017 220.655 -24 -286.011 213.333 -4.746 -268.354
5 24 104.967 -71.905 150.129 110.118 -71.858 153.141 109.259 -72 153.859 105.453 -71.634 149.723
5 24 111.505 -70.129 151.984 105.891 -70.752 149.357 110.394 -24 145.607 111.334 -70.845 152.127
5 24 101.142 -72 145.741 100 -72 140 101.428 -71.952 145.501 100 -72 155
5 24 117.994 -69.505 152.505 115.26 -24 148.859 121 -24 150 111.505 -70.129 151.984
5 24 238.333 -24 -293.333 228.766 -.361 -297.592 238.333 0 -300 228.766 -24 -291.431
5 24 100 -72 140 101.834 -71.615 145.163 101.671 -71.817 145.298 101.891 -71.376 145.115
5 24 115.26 -24 148.859 111.505 -70.129 151.984 110.394 -24 145.607 117.994 -69.505 152.505
5 24 232.24722 -8.87055 -240.87749 232.24722 -24 -240.83294 220.65445 -7.39727 -250.69998 242 -24 -229.961
5 24 121 -24 150 117.994 -69.505 152.505 115.26 -24 148.858 180 -24 150
5 24 255.41931 -24 -205.85999 255.41931 -14.11621 -205.90423 258.845 -24 -193.04 249.77741 -12.25925 -218.28476
5 24 60 -48 -150 65 -22.495 -150.044 65 -24 -140 58.5 -48 -162
5 24 110.847 -71.452 152.533 110.118 -71.858 153.141 117.117 -71.269 153.232 104.967 -71.905 150.129
5 24 107.141 -24 140.741 105.891 -70.752 149.357 110.394 -24 145.607 101.891 -71.376 145.115
5 24 117.117 -71.269 153.232 110.847 -71.452 152.533 116.146 -71.81 154.043 111.334 -70.845 152.127
5 24 0 -48 -275.947 4.236 -1.876 -287.493 13.862 -2.892 -280.717 -9.384 -48 -280.579
5 24 101.428 -71.952 145.501 101.142 -72 145.741 104.967 -71.905 150.129 100 -72 140
5 24 65 -24 -140 60 -48 -150 65 -24 -80 65 -22.5 -150
5 24 104.394 -72 150.607 109.259 -72 153.859 100 -72 155 104.967 -71.905 150.129
5 24 258.84475 -16.03912 -193.08403 258.84475 -24 -193.03991 255.419 -14.116 -205.904 260 -24 -180
5 24 111.334 -70.845 152.127 110.847 -71.452 152.533 117.766 -70.46 152.69 105.453 -71.634 149.723
5 24 100 -72 140 106 -24 135 100 -72 60 101.891 -71.376 145.115
5 24 228.766 -24 -291.431 220.656 -1.39 -290.731 228.766 -.361 -297.592 220.655 -24 -286.011
5 24 110.394 -24 145.607 105.891 -70.752 149.357 107.141 -24 140.741 111.505 -70.129 151.984
5 24 105.777 -71.23 149.452 111.334 -70.845 152.127 105.891 -70.752 149.357 110.847 -71.452 152.533
5 24 104.967 -71.905 150.129 104.394 -72 150.607 101.142 -72 145.74 110.118 -71.858 153.141
5 24 105.891 -70.752 149.357 105.777 -71.23 149.452 111.505 -70.129 151.984 101.834 -71.615 145.163
5 24 109.259 -72 153.859 115 -72 155 110.118 -71.858 153.141 100 -72 155
5 24 -280.00088 -71.99802 35 -260 -72 35 -260 -72 80 -280.0518 -71.8083 34.04325
5 24 -259.988 -71.81 34.043 -280.0518 -71.8083 34.04325 -280 -72 35 -280.19687 -71.26781 33.23225
5 24 -259.954 -71.269 33.232 -280.19687 -71.26781 33.23225 -280.0518 -71.8083 34.04325 -280.41393 -70.45908 32.69025
5 24 -259.904 -70.46 32.69 -280.41393 -70.45908 32.69025 -280.19687 -71.26781 33.23225 -280.67 -69.505 32.5
5 24 -259.844 -69.505 32.5 -280.67 -69.505 32.5 -280.41393 -70.45908 32.69025 -286.667 -48 31.353
5 24 115 -72 155 180 -72 155 160 -72 180 180.012 -71.81 154.043
5 24 116.146 -71.81 154.043 180.012 -71.81 154.043 180 -72 155 180.046 -71.269 153.232
5 24 117.117 -71.269 153.232 180.046 -71.269 153.232 180.012 -71.81 154.043 180.096 -70.46 152.69
5 24 117.766 -70.46 152.69 180.096 -70.46 152.69 180.046 -71.269 153.232 180.156 -69.505 152.5
5 24 117.994 -69.505 152.505 180.156 -69.505 152.5 180.096 -70.46 152.69 180 -32 150.5
5 24 100 -72 140 101.428 -71.952 145.501 101.142 -72 145.74 101.671 -71.817 145.298
5 24 -40 0 -300 -40 -48 -286.667 -200 -24 -293.334 -28.454 -.121 -299.197
5 24 110.118 -71.858 153.141 109.259 -72 153.859 116.146 -71.81 154.043 104.394 -72 150.607
5 24 101.834 -71.615 145.163 101.671 -71.817 145.298 105.777 -71.23 149.452 100 -72 140
5 24 111.505 -70.129 151.984 110.394 -24 145.607 115.26 -24 148.858 105.891 -70.752 149.357
5 24 101.428 -71.952 145.501 104.967 -71.905 150.129 104.394 -72 150.607 101.671 -71.817 145.298
5 24 105.453 -71.634 149.723 101.671 -71.817 145.298 104.967 -71.905 150.129 101.834 -71.615 145.163
5 24 106 -24 135 101.891 -71.376 145.115 107.141 -24 140.741 100 -72 140
5 24 105.453 -71.634 149.723 104.967 -71.905 150.129 101.428 -71.952 145.501 110.847 -71.452 152.533
5 24 101.834 -71.615 145.163 105.777 -71.23 149.452 105.453 -71.634 149.723 101.891 -71.376 145.115
5 24 238.333 0 -300 238.333 -24 -293.333 250 -12 -296.666 228.766 -.361 -297.592
5 24 23.472 -48 -255.371 30.194 -5.477 -263.487 16.568 -48 -263.235 36.617 -7 -253.334
5 24 110.118 -71.858 153.141 116.146 -71.81 154.043 115 -72 155 110.847 -71.452 152.533
5 24 117.994 -69.505 152.505 180 -32 150.5 180.156 -69.505 152.5 121 -24 150
5 24 -29.56 -48 -285.979 -28.454 -.121 -299.197 -17.103 -.478 -296.817 -40 -48 -286.667
5 24 101.142 -72 145.741 104.394 -72 150.607 101.428 -71.952 145.501 100 -72 155
5 24 228.766 -.361 -297.592 228.766 -24 -291.431 220.656 -1.39 -290.731 238.333 -24 -293.333
5 24 111.505 -70.129 151.984 111.334 -70.845 152.127 117.994 -69.505 152.505 105.777 -71.23 149.452
5 24 13.862 -2.892 -280.717 8.704 -48 -270.139 0 -48 -275.947 22.559 -4.1 -272.662
5 24 22.559 -4.1 -272.662 16.568 -48 -263.235 8.704 -48 -270.139 30.194 -5.477 -263.487
5 24 101.671 -71.817 145.298 101.428 -71.952 145.501 105.453 -71.634 149.723 100 -72 140
5 24 249.77741 -12.25925 -218.28476 249.77741 -24 -218.24042 242 -10.506 -229.961 255.41931 -24 -205.85999
5 24 220.655 -24 -286.011 215.236 -2.93 -280.465 215.23532 -24 -277.90017 220.656 -1.39 -290.731
5 24 110.847 -71.452 152.533 105.453 -71.634 149.723 105.777 -71.23 149.452 110.118 -71.858 153.141
5 24 41.73928 -8.64168 -242.38474 58.5 -48 -162 33.912 -48 -237.283 63.9 -20.695 -162.044
5 24 36.61675 -7.00063 -253.33277 29.28 -48 -246.667 23.472 -48 -255.371 41.739 -8.642 -242.385
5 24 41.73928 -8.64168 -242.38474 33.912 -48 -237.283 29.28 -48 -246.667 58.5 -48 -162
5 24 105.777 -71.23 149.452 105.453 -71.634 149.723 101.671 -71.817 145.298 111.334 -70.845 152.127
5 24 -6.14177 -1.06655 -292.89685 -9.384 -48 -280.579 -19.296 -48 -283.939 4.236 -1.876 -287.493
5 24 -19.296 -48 -283.939 -17.103 -.478 -296.817 -29.56 -48 -285.979 -6.14177 -1.06655 -292.89685
5 24 111.334 -70.845 152.127 117.766 -70.46 152.69 117.117 -71.269 153.232 111.505 -70.129 151.984
5 24 107.141 -24 140.741 101.891 -71.376 145.115 106 -24 135 105.891 -70.752 149.357
5 24 260 -17.995 -180.044 260 -24 -180 258.845 -16.044 -193.04 260 -24 -140
5 24 220.656 -1.39 -290.731 220.655 -24 -286.011 215.236 -2.93 -280.465 228.766 -24 -291.431
5 24 63.9 -20.695 -162.044 58.5 -48 -162 41.73928 -8.64168 -242.38474 65 -22.5 -150
5 24 58.528 -48 -.954 60.528 -32 -2.954 50.83 -48 -2.484 64.52 -32 -1.601
5 24 101.671 -71.817 145.298 100 -72 140 101.428 -71.952 145.501 101.834 -71.615 145.163
5 24 51.83 -40 -3.484 50.83 -48 -2.484 43 -48 -3 58.528 -48 -.954
5 24 220.6553 -24 -250.6553 220.65445 -7.39727 -250.69998 215.23532 -24 -258.76583 232.24722 -8.87055 -240.87749
5 24 215.23532 -24 -277.90017 213.333 -4.746 -268.354 213.3332 -24 -268.333 215.236 -2.93 -280.465
5 24 101.891 -71.376 145.115 101.834 -71.615 145.163 105.891 -70.752 149.357 100 -72 140
5 24 207.7 -56 258.493 207.83 -72 259.484 200 -72 260 215.528 -72 257.954
5 24 215.269 -56 256.988 215.528 -72 257.954 207.83 -72 259.484 222.962 -72 255.434
5 24 200 -64 259.5 200 -72 260 207.83 -72 259.484 160 -72 260
5 24 222.579 -56 254.51 222.962 -72 255.434 215.528 -72 257.954 230 -72 251.96
5 24 229.5 -56 251.094 230 -72 251.96 222.962 -72 255.434 236.528 -72 247.604
5 24 235.919 -56 246.811 236.528 -72 247.604 230 -72 251.96 242.426 -72 242.426
5 24 241.719 -56 241.719 242.426 -72 242.426 236.528 -72 247.604 247.604 -72 236.528
5 24 246.414 -48 235.615 247.604 -72 236.528 242.426 -72 242.426 251.96 -72 230
5 24 250.661 -48 229.25 251.96 -72 230 247.604 -72 236.528 255.434 -72 222.962
5 24 254.048 -48 222.388 255.434 -72 222.962 251.96 -72 230 257.954 -72 215.528
5 24 256.505 -48 215.14 257.954 -72 215.528 255.434 -72 222.962 259.484 -72 207.83
5 24 257.997 -48 207.634 259.484 -72 207.83 257.954 -72 215.528 260 -72 200
5 24 258.5 -48 200 260 -72 200 260 -72 155 259.484 -72 207.83
5 24 116.146 -71.81 154.043 115 -72 155 109.259 -72 153.859 180 -72 155
5 24 117.117 -71.269 153.232 116.146 -71.81 154.043 110.118 -71.858 153.141 180.012 -71.81 154.043
5 24 117.766 -70.46 152.69 117.117 -71.269 153.232 110.847 -71.452 152.533 180.046 -71.269 153.232
5 24 117.766 -70.46 152.69 117.994 -69.505 152.505 111.334 -70.845 152.127 180.096 -70.46 152.69
5 24 280 -72 155 260 -72 155 260 -72 200 259.988 -71.81 154.043
5 24 280.052 -71.816 154.043 259.988 -71.81 154.043 260 -72 155 259.954 -71.269 153.232
5 24 280.197 -71.294 153.232 259.954 -71.269 153.232 259.988 -71.81 154.043 259.904 -70.46 152.69
5 24 280.414 -70.513 152.69 259.904 -70.46 152.69 259.954 -71.269 153.232 259.844 -69.505 152.5
5 24 280.669 -69.591 152.5 259.844 -69.505 152.5 259.904 -70.46 152.69 257.5 -32 150.5

0 FILE parts/s/6092s02.dat
0 ~Baseplate 32 x 32 Raised with Ramp, Pit and Stairs - Horizontal Surfaces and Studs
0 Name: s\6092s02.dat
0 Author: Alex Taylor [anathema]
0 !LDRAW_ORG Subpart UPDATE 2022-03
0 !LICENSE Licensed under CC BY 4.0 : see CAreadme.txt

0 BFC CERTIFY CCW

0 !HISTORY 2022-03-04 [Holly-Wood] Closed gaps, fixed conds and edges
0 !HISTORY 2022-05-07 [PTadmin] Official Update 2022-03


0 // Base
1 16 -200 0 -200 -100 0 0 0 1 0 0 0 -100 48/1-4ndis.dat
1 16 -200 0 200 -100 0 0 0 1 0 0 0 100 48/1-4ndis.dat
1 16 -316 0 -316 -4 0 0 0 1 0 0 0 -4 1-4disc.dat
1 16 -316 0 316 -4 0 0 0 1 0 0 0 4 1-4disc.dat
1 16 200 0 200 100 0 0 0 1 0 0 0 100 48/1-4ndis.dat
1 16 250 0 -250 0 0 50 0 1 0 -50 0 0 48/1-4ndis.dat
1 16 316 0 -316 4 0 0 0 1 0 0 0 -4 1-4disc.dat
1 16 316 0 316 4 0 0 0 1 0 0 0 4 1-4disc.dat
3 16 -316 0 -316 -300 0 -300 -300 0 -200
3 16 -200 0 -300 -300 0 -300 -316 0 -316
3 16 48.472 -.00025 -299.99953 -40 -.00025 -299.99953 316 0 -316
3 16 48.472 -.00025 -299.99953 316 0 -316 213.333 .00047 -300.00003
3 16 213.333 .00047 -300.00003 316 0 -316 238.333 .00047 -300.00003
3 16 238.333 .00047 -300.00003 316 0 -316 250 0 -300
3 16 250 0 -300 316 0 -316 300 0 -300
3 16 -316 0 316 -300 0 300 -200 0 300
3 16 300 0 300 316 0 316 200 0 300
3 16 300 0 -300 316 0 -316 300 0 -250
3 16 316 0 316 300 0 300 300 0 200
3 16 -300 0 300 -316 0 316 -300 0 200
4 16 316 0 316 300 0 200 300 0 -250 316 0 -316
4 16 -316 0 -316 -316 0 -320 316 0 -320 316 0 -316
4 16 -316 0 316 -320 0 316 -320 0 -316 -316 0 -316
4 16 316 0 -316 -40 -.00025 -299.99953 -200 0 -300 -316 0 -316
4 16 316 0 -316 320 0 -316 320 0 316 316 0 316
4 16 316 0 316 -316 0 316 -200 0 300 200 0 300
4 16 316 0 316 316 0 320 -316 0 320 -316 0 316
4 16 -300 0 -200 -300 0 200 -316 0 316 -316 0 -316

0 // Lower level
1 16 121 -24 135 0 0 -15 0 1 0 15 0 0 1-4disc.dat
1 16 238.333 -24 -268.333 -17.6777 0 -17.6777 0 1 0 17.6777 0 -17.6777 1-8disc.dat
1 16 238.333 -24 -268.333 -25 0 0 0 1 0 0 0 -25 1-4disc.dat
1 16 250 -24 -250 0 0 43.3333 0 1 0 -43.3333 0 0 48/1-4disc.dat
1 16 46 -24 54 60 0 0 0 1 0 0 0 -60 48/3-16ndis.dat
3 16 106 -24 -6 68.962 -24 -1.434 64.912 -24 -2.807
3 16 232.247 -24 -240.833 220.6553 -24 -250.6553 250 -24 -250
3 16 249.777 -24 -218.24 242 -24 -229.961 293.333 -24 -250
3 16 255.419 -24 -205.86 249.777 -24 -218.24 293.333 -24 -250
3 16 258.845 -24 -193.04 255.419 -24 -205.86 293.333 -24 -250
3 16 260 -24 -140 260 -24 -180 293.333 -24 -250
3 16 260 -24 -180 258.845 -24 -193.04 293.333 -24 -250
3 16 90 -24 -80 65 -24 -80 65 -24 -140
3 16 90 -24 -80 65 -24 -140 106 -24 -80
3 16 260 -24 -140 106 -24 -80 65 -24 -140
3 16 106 -24 -80 260 -24 -140 106 -24 -6
3 16 106 -24 -6 260 -24 -140 106 -24 54
4 16 260 -24 138 180 -24 138 106 -24 54 260 -24 -140
3 16 106 -24 135 106 -24 54 121 -24 135
3 16 121 -24 135 106 -24 54 180 -24 138
3 16 260 -24 138 293.333 -24 150 260 -24 150
4 16 90 -24 -80 106 -24 -80 106 -24 -6 64.912 -24 -2.807
4 16 260 -24 138 260 -24 -140 293.333 -24 -250 293.333 -24 150
4 16 180 -24 150 121 -24 150 121 -24 135 180 -24 138
3 16 238.333 -24 -268.333 250 -24 -250 220.6553 -24 -250.6553
4 16 238.333 -24 -293.333 250 -24 -293.333 250 -24 -250 238.333 -24 -268.333
4 16 250 -24 -250 293.333 -24 -250 242 -24 -229.961 232.247 -24 -240.833

0 // Middle level
1 16 -160 -48 -80 0 0 -80 0 1 0 80 0 0 48/1-4ndis.dat
1 16 -43 -48 57 -60 0 0 0 1 0 0 0 -60 48/1-4ndis.dat
3 16 -286.667 -48 31.353 -240 -48 0 -258.5 -48 31.353
3 16 60 -48 -150 0 -48 -160 -.688 -48 -170.44
3 16 0 -48 -120 0 -48 -160 60 -48 -150
3 16 -120 -48 -120 -43 -48 -3 -103 -48 -3
3 16 -120 -48 -120 -103 -48 -3 -120 -48 0
3 16 40 -48 -80 40 -48 -3 0 -48 -120
4 16 -258.5 -48 40 -258.5 -48 31.353 -183 -48 57 -183 -48 57.771
4 16 -160 -48 -240 -200 -48 -286.667 -40 -48 -286.667 -80 -48 -240
4 16 -19.296 -48 -283.939 -9.384 -48 -280.579 -49.384 -48 -233.912 -59.296 -48 -237.272
4 16 -211.31 -48 -285.921 -200 -48 -286.667 -160 -48 -240 -170.44 -48 -239.312
4 16 -222.429 -48 -283.711 -211.31 -48 -285.921 -170.44 -48 -239.312 -180.704 -48 -237.272
4 16 -233.167 -48 -280.071 -222.429 -48 -283.711 -180.704 -48 -237.272 -190.616 -48 -233.912
4 16 -240 -48 0 -120 -48 0 -183 -48 57 -258.5 -48 31.353
4 16 -243.333 -48 -275.053 -233.167 -48 -280.071 -190.616 -48 -233.912 -200 -48 -229.28
4 16 -252.763 -48 -268.761 -243.333 -48 -275.053 -200 -48 -229.28 -208.704 -48 -223.472
4 16 -261.282 -48 -261.282 -252.763 -48 -268.761 -208.704 -48 -223.472 -216.568 -48 -216.568
4 16 -268.761 -48 -252.763 -261.282 -48 -261.282 -216.568 -48 -216.568 -223.472 -48 -208.704
4 16 -275.053 -48 -243.333 -268.761 -48 -252.763 -223.472 -48 -208.704 -229.28 -48 -200
4 16 -280.071 -48 -233.167 -275.053 -48 -243.333 -229.28 -48 -200 -233.912 -48 -190.616
4 16 -283.711 -48 -222.429 -280.071 -48 -233.167 -233.912 -48 -190.616 -237.272 -48 -180.704
4 16 -285.921 -48 -211.31 -283.711 -48 -222.429 -237.272 -48 -180.704 -239.312 -48 -170.44
4 16 -286.667 -48 -200 -285.921 -48 -211.31 -239.312 -48 -170.44 -240 -48 -160
3 16 -240 -48 0 -286.667 -48 31.353 -240 -48 -80
4 16 -240 -48 -160 -240 -48 -80 -286.667 -48 31.353 -286.667 -48 -200
4 16 -29.56 -48 -285.979 -19.296 -48 -283.939 -59.296 -48 -237.272 -69.56 -48 -239.312
4 16 -40 -48 -286.667 -29.56 -48 -285.979 -69.56 -48 -239.312 -80 -48 -240
4 16 -9.384 -48 -280.579 0 -48 -275.947 -40 -48 -229.28 -49.384 -48 -233.912
4 16 0 -48 -275.947 8.704 -48 -270.139 -31.296 -48 -223.472 -40 -48 -229.28
4 16 16.568 -48 -263.235 23.472 -48 -255.371 -16.528 -48 -208.704 -23.432 -48 -216.568
4 16 23.472 -48 -255.371 29.28 -48 -246.667 -10.72 -48 -200 -16.528 -48 -208.704
4 16 29.28 -48 -246.667 33.912 -48 -237.283 -6.088 -48 -190.616 -10.72 -48 -200
4 16 40 -48 -3 -43 -48 -3 -120 -48 -120 0 -48 -120
4 16 40 -48 -80 0 -48 -120 60 -48 -150 60 -48 -80
4 16 58.5 -48 -162 -2.728 -48 -180.704 -6.088 -48 -190.616 33.912 -48 -237.283
4 16 58.5 -48 -162 60 -48 -150 -.688 -48 -170.44 -2.728 -48 -180.704
4 16 8.704 -48 -270.139 16.568 -48 -263.235 -23.432 -48 -216.568 -31.296 -48 -223.472
4 16 -183 -48 57 -120 -48 0 -103 -48 -3 -103 -48 57

0 // Upper level
1 16 -200 -72 200 0 0 -80 0 1 0 80 0 0 48/1-4disc.dat
1 16 -40 -72 60 -60 0 0 0 1 0 0 0 -60 48/1-4disc.dat
1 16 200 -72 200 20 0 0 0 1 0 0 0 20 48/1-4ring3.dat
1 16 40 -72 60 0 0 60 0 1 0 -60 0 0 48/1-4disc.dat
1 16 115 -72 140 0 0 -15 0 1 0 15 0 0 1-4ndis.dat
3 16 60 -72 80 -40 -72 60 40 -72 60
3 16 60 -72 80 40 -72 60 100 -72 60
3 16 60 -72 240 100 -72 140 100 -72 155
3 16 100 -72 155 115 -72 155 160 -72 180
3 16 -140 -72 80 -200 -72 200 -180 -72 80
4 16 -40 -72 0 40 -72 0 40 -72 60 -40 -72 60
4 16 260 -72 155 280 -72 155 280 -72 200 260 -72 200
4 16 -200 -72 280 160 -72 260 200 -72 260 200 -72 280
4 16 160 -72 260 -200 -72 280 -140 -72 240 60 -72 240
4 16 -140 -72 80 -140 -72 240 -200 -72 280 -200 -72 200
4 16 -180 -72 80 -200 -72 200 -280 -72 200 -260 -72 80
4 16 -260 -72 80 -280 -72 200 -280.00088 -71.99802 35 -260 -72 35
4 16 -180 -72 80 -180 -72 60 -100 -72 60 -140 -72 80
4 16 -40 -72 60 60 -72 80 -140 -72 80 -100 -72 60
4 16 60 -72 240 60 -72 80 100 -72 60 100 -72 140
4 16 160 -72 260 60 -72 240 100 -72 155 160 -72 180
4 16 115 -72 155 180 -72 155 180 -72 180 160 -72 180

0 // Ramp
1 16 125.669 -17.995 -180.044 134.331 0 0 0 1 14.9876 0 0 -99.9236 48/1-8disc.dat
1 16 238.333 -4.746 -268.354 -25 0 0 0 1 4.74647 0 0 -31.64603 1-4ndis.dat
1 16 -40 -13.999 -206.666 0 0 88.472 13.99875 1 0 -93.33353 0 0 48/3-16ndis.dat
3 16 220.6544501 -7.39726804 -250.69997756 63.9 -20.695 -162.044 215.235 -6.181 -258.811
3 16 215.235 -6.181 -258.811 63.9 -20.695 -162.044 213.333 -4.746 -268.354
3 16 63.9 -20.695 -162.044 41.7392808 -8.641678375 -242.384741931 48.472 -.00025 -299.99953
3 16 260 -24 -140 125.669 -17.995 -180.044 260 -17.995 -180.044
4 16 65 -22.495 -150.044 63.9 -20.695 -162.044 220.6544501 -7.39726804 -250.69997756 125.669 -17.995 -180.044
4 16 213.333 -4.746 -268.354 63.9 -20.695 -162.044 48.472 -.00025 -299.99953 213.333 .00047 -300.00003
4 16 65 -24 -140 65 -22.495 -150.044 125.669 -17.995 -180.044 260 -24 -140

0 // Lower pit
1 16 -145 0 -25 5 0 0 0 1 0 0 0 5 1-4disc.dat
1 16 -160 0 -160 -60 0 0 0 1 0 0 0 -60 48/1-4disc.dat
1 16 -160 0 -80 -60 0 0 0 1 0 0 0 60 48/1-4disc.dat
1 16 -25 0 -145 0 0 5 0 1 0 5 0 0 1-4disc.dat
1 16 -80 0 -160 0 0 60 0 1 0 -60 0 0 48/1-4disc.dat
1 16 -130 0 -130 -10 0 0 0 1 0 0 0 -10 1-4ndis.dat
1 16 -125 -40 -125 -5 0 0 0 1 0 0 0 -5 1-4disc.dat
1 16 -160 -40 -160 -10 0 0 0 1 0 0 0 -10 48/1-4ring7.dat
1 16 -160 -40 -80 -10 0 0 0 1 0 0 0 10 48/1-4ring7.dat
1 16 -20 -40 -140 10 0 0 0 1 0 0 0 10 1-4ndis.dat
1 16 -80 -40 -160 0 0 10 0 1 0 -10 0 0 48/1-4ring7.dat
1 16 -140 -40 -20 10 0 0 0 1 0 0 0 10 1-4ndis.dat
3 16 -125 -40 -130 -120 -40 -120 -125 -40 -125
3 16 -140 -40 -10 -130 -40 -10 -120 -40 0
3 16 -20 -40 -130 -10 -40 -130 0 -40 -120
3 16 0 -40 -120 -10 -40 -130 -10 -40 -140
3 16 -160 0 -80 -160 0 -160 -145 0 -25
3 16 -160 0 -160 -140 0 -140 -140 0 -130
3 16 -140 0 -140 -160 0 -160 -130 0 -140
3 16 -130 0 -140 -160 0 -160 -80 0 -160
4 16 -130 0 -140 -80 0 -160 -25 0 -145 -25 0 -140
4 16 -145 0 -25 -160 0 -160 -140 0 -130 -140 0 -25
4 16 -160 0 -220 -80 0 -220 -80 0 -160 -160 0 -160
4 16 -220 0 -160 -160 0 -160 -160 0 -80 -220 0 -80
4 16 -20 0 -145 -25 0 -145 -80 0 -160 -20 0 -160
4 16 -145 0 -20 -160 0 -20 -160 0 -80 -145 0 -25
4 16 -130 -40 -20 -130 -40 -125 -125 -40 -125 -120 -40 -120
4 16 -120 -40 -120 -125 -40 -130 -20 -40 -130 0 -40 -120
4 16 -160 -40 -10 -140 -40 -10 -120 -40 0 -160 -40 0
4 16 -160 -40 -240 -80 -40 -240 -80 -40 -230 -160 -40 -230
4 16 -240 -40 -160 -230 -40 -160 -230 -40 -80 -240 -40 -80
4 16 -130 -40 -10 -130 -40 -20 -120 -40 -120 -120 -40 0
4 16 0 -40 -160 0 -40 -120 -10 -40 -140 -10 -40 -160

0 // Upper pit
1 16 -129 -64 229 -6 0 0 0 1 0 0 0 6 1-4ndis.dat
1 16 -129 -64 91 -6 0 0 0 1 0 0 0 -6 1-4ndis.dat
1 16 49 -64 229 6 0 0 0 1 0 0 0 6 1-4ndis.dat
1 16 49 -64 91 6 0 0 0 1 0 0 0 -6 1-4ndis.dat
3 16 49 -64 235 55 -64 235 60 -64 240
3 16 60 -64 240 55 -64 235 55 -64 229
3 16 55 -64 85 49 -64 85 60 -64 80
3 16 55 -64 85 60 -64 80 55 -64 91
3 16 -140 -64 240 -135 -64 235 -129 -64 235
3 16 -135 -64 229 -135 -64 235 -140 -64 240
3 16 -135 -64 85 -140 -64 80 -129 -64 85
3 16 -135 -64 91 -140 -64 80 -135 -64 85
4 16 60 -64 240 -140 -64 240 -129 -64 235 49 -64 235
4 16 60 -64 80 49 -64 85 -129 -64 85 -140 -64 80
4 16 60 -64 80 60 -64 240 55 -64 229 55 -64 91
4 16 -135 -64 229 -140 -64 240 -140 -64 80 -135 -64 91
4 16 40 0 220 -120 0 220 -120 0 100 40 0 100

0 // Stairs right
3 16 181 -56 181 241.719 -56 241.719 235.919 -56 246.811
3 16 246.414 -48 235.615 241.365 -48 241.365 181.5 -48 181.5
3 16 180 -32 150.5 180 -32 138 182.5 -32 150.5
3 16 260 -32 150.5 257.5 -32 150.5 260 -32 138
4 16 174.165 -56 181 181 -56 181 207.7 -56 258.493 199.835 -56 259
4 16 207.7 -56 258.493 181 -56 181 222.579 -56 254.51 215.269 -56 256.988
4 16 235.919 -56 246.811 229.5 -56 251.094 222.579 -56 254.51 181 -56 181
4 16 246.414 -48 235.615 181.5 -48 181.5 254.048 -48 222.388 250.661 -48 229.25
4 16 254.048 -48 222.388 181.5 -48 181.5 257.997 -48 207.634 256.505 -48 215.14
4 16 181.5 -48 174.5 258.5 -48 200 257.997 -48 207.634 181.5 -48 181.5
4 16 182 -40 174.666 182 -40 160 258 -40 160 258 -40 199.834
4 16 182.5 -32 160 182.5 -32 150.5 257.5 -32 150.5 257.5 -32 160
4 16 200 -64 259.5 160 -64 259.5 160 -64 180.5 174 -64 180.5
4 16 182.5 -32 150.5 180 -32 138 260 -32 138 257.5 -32 150.5

0 // Stairs left
4 16 -259 -56 58.566 -259 -56 39.882 -182 -56 58 -182 -56 68.739
4 16 -259.5 -64 58.5 -181 -64 68.871 -181 -64 80 -259.5 -64 80

0 // Stairs centre
3 16 90 -32 -80 64.52 -32 -1.601 60.528 -32 -2.954
3 16 65 -32 -80 52.83 -32 -4.484 52.011 -32 -4.538
4 16 52.83 -32 -4.484 65 -32 -80 90 -32 -80 60.528 -32 -2.954
4 16 61.666 -40 -80 65 -40 -80 51.83 -40 -3.484 44 -40 -4
4 16 40 -40 -4 40 -40 -80 61.666 -40 -80 44 -40 -4

0 // Studs
1 16 -150 0 -210 0 0 1 0 1 0 -1 0 0 stud.dat
1 16 -150 0 -90 0 0 1 0 1 0 -1 0 0 stug-1x5.dat
1 16 -160 0 -310 0 0 1 0 1 0 -1 0 0 stug-12x1.dat
1 16 -190 0 -110 0 0 1 0 1 0 -1 0 0 stug-3x3.dat
1 16 -110 0 -190 0 0 1 0 1 0 -1 0 0 stug-3x3.dat
1 16 -170 0 -170 0 0 1 0 1 0 -1 0 0 stug-3x3.dat
1 16 -210 0 -150 0 0 1 0 1 0 -1 0 0 stud.dat
1 16 -270 0 -290 0 0 1 0 1 0 -1 0 0 stud.dat
1 16 -270 0 290 0 0 1 0 1 0 -1 0 0 stud.dat
1 16 -290 0 -270 0 0 1 0 1 0 -1 0 0 stud.dat
1 16 -290 0 270 0 0 1 0 1 0 -1 0 0 stud.dat
1 16 -310 0 -160 0 0 1 0 1 0 -1 0 0 stug-1x12.dat
1 16 -310 0 160 0 0 1 0 1 0 -1 0 0 stug-1x12.dat
1 16 310 0 160 0 0 1 0 1 0 -1 0 0 stug-1x12.dat
1 16 310 0 -200 0 0 1 0 1 0 -1 0 0 stug-1x12.dat
1 16 310 0 -20 0 0 1 0 1 0 -1 0 0 stug-1x6.dat
1 16 -310 0 0 0 0 1 0 1 0 -1 0 0 stug-1x4.dat
1 16 -160 0 310 0 0 1 0 1 0 -1 0 0 stug-12x1.dat
1 16 160 0 310 0 0 1 0 1 0 -1 0 0 stug-12x1.dat
1 16 0 0 310 0 0 1 0 1 0 -1 0 0 stug-4x1.dat
1 16 -90 0 -150 0 0 1 0 1 0 -1 0 0 stug-5x1.dat
1 16 -40 0 160 0 0 1 0 1 0 -1 0 0 stug-6x6.dat
1 16 30 0 160 0 0 1 0 1 0 -1 0 0 stug-1x6.dat
1 16 -110 0 160 0 0 1 0 1 0 -1 0 0 stug-1x6.dat
1 16 240 0 -310 0 0 1 0 1 0 -1 0 0 stug-6x1.dat
1 16 270 0 290 0 0 1 0 1 0 -1 0 0 stud.dat
1 16 290 0 270 0 0 1 0 1 0 -1 0 0 stud.dat
1 16 230 -24 -270 0 0 1 0 1 0 -1 0 0 stud.dat
1 16 260 -24 -260 0 0 1 0 1 0 -1 0 0 stug-2x2.dat
1 16 -300 0 -300 0 0 1 0 1 0 -1 0 0 stug-2x2.dat
1 16 -300 0 300 0 0 1 0 1 0 -1 0 0 stug-2x2.dat
1 16 300 0 300 0 0 1 0 1 0 -1 0 0 stug-2x2.dat
1 16 -240 -48 -240 0 0 1 0 1 0 -1 0 0 stug-2x2.dat
1 16 -60 0 -180 0 0 1 0 1 0 -1 0 0 stug-2x2.dat
1 16 -180 0 -60 0 0 1 0 1 0 -1 0 0 stug-2x2.dat
1 16 -240 -72 240 0 0 1 0 1 0 -1 0 0 stug-2x2.dat
1 16 80 -72 100 0 0 1 0 1 0 -1 0 0 stug-2x2.dat
1 16 80 -72 60 0 0 1 0 1 0 -1 0 0 stug-2x2.dat
1 16 80 -72 140 0 0 1 0 1 0 -1 0 0 stug-2x2.dat
1 16 270 -24 30 0 0 1 0 1 0 -1 0 0 stug-1x9.dat
1 16 270 -24 -150 0 0 1 0 1 0 -1 0 0 stug-1x9.dat
1 16 90 -24 -120 0 0 1 0 1 0 -1 0 0 stug-1x2.dat
1 16 -10 -48 -240 0 0 1 0 1 0 -1 0 0 stug-1x2.dat
1 16 -90 -72 60 0 0 1 0 1 0 -1 0 0 stug-1x2.dat
1 16 -270 -72 60 0 0 1 0 1 0 -1 0 0 stug-1x2.dat
1 16 -110 -48 -40 0 0 1 0 1 0 -1 0 0 stug-1x6.dat
1 16 -120 -48 -250 0 0 1 0 1 0 -1 0 0 stug-10x1.dat
1 16 -120 -48 -270 0 0 1 0 1 0 -1 0 0 stug-10x1.dat
1 16 -180 -48 30 0 0 1 0 1 0 -1 0 0 stug-6x1.dat
1 16 -180 -48 10 0 0 1 0 1 0 -1 0 0 stug-6x1.dat
1 16 -230 -48 -10 0 0 1 0 1 0 -1 0 0 stud.dat
1 16 -250 -48 -100 0 0 1 0 1 0 -1 0 0 stug-1x12.dat
1 16 -270 -48 -100 0 0 1 0 1 0 -1 0 0 stug-1x12.dat
1 16 -50 -48 -70 0 0 1 0 1 0 -1 0 0 stug-5x5.dat
1 16 -90 -48 -10 0 0 1 0 1 0 -1 0 0 stud.dat
1 16 10 -48 -130 0 0 1 0 1 0 -1 0 0 stug-1x11.dat
1 16 30 -48 -110 0 0 1 0 1 0 -1 0 0 stug-1x9.dat
1 16 50 -48 -110 0 0 1 0 1 0 -1 0 0 stug-1x3.dat
1 16 20 -72 40 0 0 1 0 1 0 -1 0 0 stug-4x4.dat
1 16 -170 -72 250 0 0 1 0 1 0 -1 0 0 stug-3x3.dat
1 16 -140 -72 70 0 0 1 0 1 0 -1 0 0 stug-4x1.dat
1 16 -210 -72 150 0 0 1 0 1 0 -1 0 0 stug-7x7.dat
1 16 -210 -72 250 0 0 1 0 1 0 -1 0 0 stug-1x3.dat
1 16 -40 -72 10 0 0 1 0 1 0 -1 0 0 stug-2x1.dat
1 16 -40 -72 270 0 0 1 0 1 0 -1 0 0 stug-10x1.dat
1 16 -40 -72 250 0 0 1 0 1 0 -1 0 0 stug-10x1.dat
1 16 -50 -72 50 0 0 1 0 1 0 -1 0 0 stug-3x3.dat
1 16 110 -72 210 0 0 1 0 1 0 -1 0 0 stug-5x5.dat
1 16 130 -72 270 0 0 1 0 1 0 -1 0 0 stug-7x1.dat
1 16 170 -72 170 0 0 1 0 1 0 -1 0 0 stud.dat
1 16 250 -72 250 0 0 1 0 1 0 -1 0 0 stud.dat
1 16 270 -72 180 0 0 1 0 1 0 -1 0 0 stug-1x2.dat
1 16 70 -72 30 0 0 1 0 1 0 -1 0 0 stud.dat

0 FILE p/48/1-4con4.dat
0 Hi-Res Cone  4 x 0.25
0 Name: 48\1-4con4.dat
0 Author: Willy Tschager [Holly-Wood]
0 !LDRAW_ORG 48_Primitive UPDATE 2024-01
0 !LICENSE Licensed under CC BY 4.0 : see CAreadme.txt

0 BFC CERTIFY CCW

0 !HISTORY 2004-04-22 [PTadmin] Official Update 2004-02
0 !HISTORY 2007-06-24 [PTadmin] Header formatted for Contributor Agreement
0 !HISTORY 2008-07-01 [PTadmin] Official Update 2008-01
0 !HISTORY 2024-01-25 [Holly-Wood] Complete regeneration, original by bbroich
0 !HISTORY 2024-01-29 [OrionP] Official Update 2024-01

4 16 4 1 0 3.9656 1 0.522 4.957 0 0.6525 5 0 0
4 16 3.9656 1 0.522 3.8636 1 1.0352 4.8295 0 1.294 4.957 0 0.6525
4 16 3.8636 1 1.0352 3.6956 1 1.5308 4.6195 0 1.9135 4.8295 0 1.294
4 16 3.6956 1 1.5308 3.464 1 2 4.33 0 2.5 4.6195 0 1.9135
4 16 3.464 1 2 3.1736 1 2.4352 3.967 0 3.044 4.33 0 2.5
4 16 3.1736 1 2.4352 2.8284 1 2.8284 3.5355 0 3.5355 3.967 0 3.044
4 16 2.8284 1 2.8284 2.4352 1 3.1736 3.044 0 3.967 3.5355 0 3.5355
4 16 2.4352 1 3.1736 2 1 3.464 2.5 0 4.33 3.044 0 3.967
4 16 2 1 3.464 1.5308 1 3.6956 1.9135 0 4.6195 2.5 0 4.33
4 16 1.5308 1 3.6956 1.0352 1 3.8636 1.294 0 4.8295 1.9135 0 4.6195
4 16 1.0352 1 3.8636 0.522 1 3.9656 0.6525 0 4.957 1.294 0 4.8295
4 16 0.522 1 3.9656 0 1 4 0 0 5 0.6525 0 4.957
0 // conditional lines
5 24 4 1 0 5 0 0 4 1 -0.5268 3.9656 1 0.522
5 24 3.9656 1 0.522 4.957 0 0.6525 4 1 0 3.8636 1 1.0352
5 24 3.8636 1 1.0352 4.8295 0 1.294 3.9656 1 0.522 3.6956 1 1.5308
5 24 3.6956 1 1.5308 4.6195 0 1.9135 3.8636 1 1.0352 3.464 1 2
5 24 3.464 1 2 4.33 0 2.5 3.6956 1 1.5308 3.1736 1 2.4352
5 24 3.1736 1 2.4352 3.967 0 3.044 3.464 1 2 2.8284 1 2.8284
5 24 2.8284 1 2.8284 3.5355 0 3.5355 3.1736 1 2.4352 2.4352 1 3.1736
5 24 2.4352 1 3.1736 3.044 0 3.967 2.8284 1 2.8284 2 1 3.464
5 24 2 1 3.464 2.5 0 4.33 2.4352 1 3.1736 1.5308 1 3.6956
5 24 1.5308 1 3.6956 1.9135 0 4.6195 2 1 3.464 1.0352 1 3.8636
5 24 1.0352 1 3.8636 1.294 0 4.8295 1.5308 1 3.6956 0.522 1 3.9656
5 24 0.522 1 3.9656 0.6525 0 4.957 1.0352 1 3.8636 0 1 4
5 24 0 1 4 0 0 5 0.522 1 3.9656 -0.5268 1 4
0 // Build by LDPartEditor (PrimGen 2.X)

0 FILE 1-4disc.dat
0 Disc 0.25
0 Name: 1-4disc.dat
0 Author: James Jessiman
0 !LDRAW_ORG Primitive UPDATE 2002-02
0 !LICENSE Licensed under CC BY 4.0 : see CAreadme.txt

0 BFC CERTIFY CCW

0 !HISTORY 2002-03-23 [sbliss] Added BFC statement.
0 !HISTORY 2002-04-25 [PTadmin] Official Update 2002-02
0 !HISTORY 2007-06-22 [PTadmin] Header formatted for Contributor Agreement
0 !HISTORY 2008-07-01 [PTadmin] Official Update 2008-01


3 16 0 0 0 1 0 0 0.9239 0 0.3827
3 16 0 0 0 0.9239 0 0.3827 0.7071 0 0.7071
3 16 0 0 0 0.7071 0 0.7071 0.3827 0 0.9239
3 16 0 0 0 0.3827 0 0.9239 0 0 1
0

0 FILE 1-8con0.dat
0 Cone  0 x 0.125
0 Name: 1-8con0.dat
0 Author: Philippe Hurbain [Philo]
0 !LDRAW_ORG Primitive UPDATE 2020-01
0 !LICENSE Licensed under CC BY 4.0 : see CAreadme.txt

0 BFC CERTIFY CCW

0 !HISTORY 2020-06-28 [PTadmin] Official Update 2020-01


3 16 0 1 0 0.9239 0 0.3827 1 0 0
3 16 0 1 0 0.7071 0 0.7071 0.9239 0 0.3827

5 24 0.7071 0 0.7071 0 1 0 0.495 0 0.9192 0.9239 0 0.3827
5 24 0.9239 0 0.3827 0 1 0 0.7071 0 0.7071 1 0 0
5 24 1 0 0 0 1 0 0.9239 0 0.3827 1 0 -0.3

0 FILE 1-8con1.dat
0 Cone  1 x 0.125
0 Name: 1-8con1.dat
0 Author: Willy Tschager [Holly-Wood]
0 !LDRAW_ORG Primitive UPDATE 2024-02
0 !LICENSE Licensed under CC BY 4.0 : see CAreadme.txt

0 BFC CERTIFY CCW

0 !HISTORY 2009-05-02 [PTadmin] Official Update 2009-01
0 !HISTORY 2024-01-30 [Holly-Wood] Complete regeneration, original by guyvivan
0 !HISTORY 2024-03-24 [OrionP] Official Update 2024-02

4 16 1 1 0 0.9239 1 0.3827 1.8478 0 0.7654 2 0 0
4 16 0.9239 1 0.3827 0.7071 1 0.7071 1.4142 0 1.4142 1.8478 0 0.7654
0 // conditional lines
5 24 1 1 0 2 0 0 1 1 -0.4142 0.9239 1 0.3827
5 24 0.9239 1 0.3827 1.8478 0 0.7654 1 1 0 0.7071 1 0.7071
5 24 0.7071 1 0.7071 1.4142 0 1.4142 0.9239 1 0.3827 0.4142 1 1
0 // Build by LDPartEditor (PrimGen 2.X)

0 FILE p/48/1-4con6.dat
0 Hi-Res Cone  6 x 0.25
0 Name: 48\1-4con6.dat
0 Author: Paul Easter [pneaster]
0 !LDRAW_ORG 48_Primitive UPDATE 2022-01
0 !LICENSE Licensed under CC BY 4.0 : see CAreadme.txt

0 BFC CERTIFY CCW

0 !HISTORY 2002-08-18 [PTadmin] Official Update 2002-04
0 !HISTORY 2007-06-24 [PTadmin] Header formatted for Contributor Agreement
0 !HISTORY 2008-07-01 [PTadmin] Official Update 2008-01
0 !HISTORY 2019-11-29 [GeraldLasser] Rebuilt with LDPE due to missing Cond-Line
0 !HISTORY 2022-01-14 [PTadmin] Official Update 2022-01


4 16 6 1 0 5.9484 1 0.783 6.9398 0 0.9135 7 0 0
4 16 5.9484 1 0.783 5.7954 1 1.5528 6.7613 0 1.8116 6.9398 0 0.9135
4 16 5.7954 1 1.5528 5.5434 1 2.2962 6.4673 0 2.6789 6.7613 0 1.8116
4 16 5.5434 1 2.2962 5.196 1 3 6.062 0 3.5 6.4673 0 2.6789
4 16 5.196 1 3 4.7604 1 3.6528 5.5538 0 4.2616 6.062 0 3.5
4 16 4.7604 1 3.6528 4.2426 1 4.2426 4.9497 0 4.9497 5.5538 0 4.2616
4 16 4.2426 1 4.2426 3.6528 1 4.7604 4.2616 0 5.5538 4.9497 0 4.9497
4 16 3.6528 1 4.7604 3 1 5.196 3.5 0 6.062 4.2616 0 5.5538
4 16 3 1 5.196 2.2962 1 5.5434 2.6789 0 6.4673 3.5 0 6.062
4 16 2.2962 1 5.5434 1.5528 1 5.7954 1.8116 0 6.7613 2.6789 0 6.4673
4 16 1.5528 1 5.7954 0.783 1 5.9484 0.9135 0 6.9398 1.8116 0 6.7613
4 16 0.783 1 5.9484 0 1 6 0 0 7 0.9135 0 6.9398
0 // conditional lines
5 24 6 1 0 7 0 0 6 1 -0.7902 5.9484 1 0.783
5 24 5.9484 1 0.783 6.9398 0 0.9135 6 1 0 5.7954 1 1.5528
5 24 5.7954 1 1.5528 6.7613 0 1.8116 5.9484 1 0.783 5.5434 1 2.2962
5 24 5.5434 1 2.2962 6.4673 0 2.6789 5.7954 1 1.5528 5.196 1 3
5 24 5.196 1 3 6.062 0 3.5 5.5434 1 2.2962 4.7604 1 3.6528
5 24 4.7604 1 3.6528 5.5538 0 4.2616 5.196 1 3 4.2426 1 4.2426
5 24 4.2426 1 4.2426 4.9497 0 4.9497 4.7604 1 3.6528 3.6528 1 4.7604
5 24 3.6528 1 4.7604 4.2616 0 5.5538 4.2426 1 4.2426 3 1 5.196
5 24 3 1 5.196 3.5 0 6.062 3.6528 1 4.7604 2.2962 1 5.5434
5 24 2.2962 1 5.5434 2.6789 0 6.4673 3 1 5.196 1.5528 1 5.7954
5 24 1.5528 1 5.7954 1.8116 0 6.7613 2.2962 1 5.5434 0.783 1 5.9484
5 24 0.783 1 5.9484 0.9135 0 6.9398 1.5528 1 5.7954 0 1 6
5 24 0 1 6 0 0 7 0.783 1 5.9484 -0.7902 1 6
0 // Build by LDPartEditor (PrimGen 2.X)

0 FILE p/48/1-4cyli.dat
0 Hi-Res Cylinder 0.25
0 Name: 48\1-4cyli.dat
0 Author: Magnus Forsberg [MagFors]
0 !LDRAW_ORG 48_Primitive UPDATE 2024-01
0 !LICENSE Licensed under CC BY 4.0 : see CAreadme.txt

0 BFC CERTIFY CCW

0 !HISTORY 1999-07-05 [PTadmin] Official Update 1999-05
0 !HISTORY 2002-02-28 [hafhead] Added BFC statement
0 !HISTORY 2002-04-25 [PTadmin] Official Update 2002-02
0 !HISTORY 2007-06-24 [PTadmin] Header formatted for Contributor Agreement
0 !HISTORY 2008-07-01 [PTadmin] Official Update 2008-01
0 !HISTORY 2008-07-07 [guyvivan] Made BFC'ed CCW (2005-12-06)
0 !HISTORY 2009-05-02 [PTadmin] Official Update 2009-01
0 !HISTORY 2024-01-03 [MagFors] Complete regeneration, original by Manfred Moolhuysen
0 !HISTORY 2024-01-29 [OrionP] Official Update 2024-01

4 16 0.9914 0 0.1305 1 0 0 1 1 0 0.9914 1 0.1305
4 16 0.9659 0 0.2588 0.9914 0 0.1305 0.9914 1 0.1305 0.9659 1 0.2588
4 16 0.9239 0 0.3827 0.9659 0 0.2588 0.9659 1 0.2588 0.9239 1 0.3827
4 16 0.866 0 0.5 0.9239 0 0.3827 0.9239 1 0.3827 0.866 1 0.5
4 16 0.7934 0 0.6088 0.866 0 0.5 0.866 1 0.5 0.7934 1 0.6088
4 16 0.7071 0 0.7071 0.7934 0 0.6088 0.7934 1 0.6088 0.7071 1 0.7071
4 16 0.6088 0 0.7934 0.7071 0 0.7071 0.7071 1 0.7071 0.6088 1 0.7934
4 16 0.5 0 0.866 0.6088 0 0.7934 0.6088 1 0.7934 0.5 1 0.866
4 16 0.3827 0 0.9239 0.5 0 0.866 0.5 1 0.866 0.3827 1 0.9239
4 16 0.2588 0 0.9659 0.3827 0 0.9239 0.3827 1 0.9239 0.2588 1 0.9659
4 16 0.1305 0 0.9914 0.2588 0 0.9659 0.2588 1 0.9659 0.1305 1 0.9914
4 16 0 0 1 0.1305 0 0.9914 0.1305 1 0.9914 0 1 1
0 // conditional lines
5 24 1 1 0 1 0 0 1 1 -0.1317 0.9914 1 0.1305
5 24 0.9914 1 0.1305 0.9914 0 0.1305 1 1 0 0.9659 1 0.2588
5 24 0.9659 1 0.2588 0.9659 0 0.2588 0.9914 1 0.1305 0.9239 1 0.3827
5 24 0.9239 1 0.3827 0.9239 0 0.3827 0.9659 1 0.2588 0.866 1 0.5
5 24 0.866 1 0.5 0.866 0 0.5 0.9239 1 0.3827 0.7934 1 0.6088
5 24 0.7934 1 0.6088 0.7934 0 0.6088 0.866 1 0.5 0.7071 1 0.7071
5 24 0.7071 1 0.7071 0.7071 0 0.7071 0.7934 1 0.6088 0.6088 1 0.7934
5 24 0.6088 1 0.7934 0.6088 0 0.7934 0.7071 1 0.7071 0.5 1 0.866
5 24 0.5 1 0.866 0.5 0 0.866 0.6088 1 0.7934 0.3827 1 0.9239
5 24 0.3827 1 0.9239 0.3827 0 0.9239 0.5 1 0.866 0.2588 1 0.9659
5 24 0.2588 1 0.9659 0.2588 0 0.9659 0.3827 1 0.9239 0.1305 1 0.9914
5 24 0.1305 1 0.9914 0.1305 0 0.9914 0.2588 1 0.9659 0 1 1
5 24 0 1 1 0 0 1 0.1305 1 0.9914 -0.1317 1 1
0 // Build by LDPartEditor (PrimGen 2.X)

0 FILE p/48/1-4con13.dat
0 Hi-Res Cone 13 x 0.25
0 Name: 48\1-4con13.dat
0 Author: Willy Tschager [Holly-Wood]
0 !LDRAW_ORG 48_Primitive UPDATE 2024-02
0 !LICENSE Licensed under CC BY 4.0 : see CAreadme.txt

0 BFC CERTIFY CCW

0 !HISTORY 2004-04-22 [PTadmin] Official Update 2004-02
0 !HISTORY 2007-06-24 [PTadmin] Header formatted for Contributor Agreement
0 !HISTORY 2008-07-01 [PTadmin] Official Update 2008-01
0 !HISTORY 2024-02-09 [Holly-Wood] Complete regeneration, original by bbroich
0 !HISTORY 2024-03-24 [OrionP] Official Update 2024-02

4 16 13 1 0 12.8882 1 1.6965 13.8796 0 1.827 14 0 0
4 16 12.8882 1 1.6965 12.5567 1 3.3644 13.5226 0 3.6232 13.8796 0 1.827
4 16 12.5567 1 3.3644 12.0107 1 4.9751 12.9346 0 5.3578 13.5226 0 3.6232
4 16 12.0107 1 4.9751 11.258 1 6.5 12.124 0 7 12.9346 0 5.3578
4 16 11.258 1 6.5 10.3142 1 7.9144 11.1076 0 8.5232 12.124 0 7
4 16 10.3142 1 7.9144 9.1923 1 9.1923 9.8994 0 9.8994 11.1076 0 8.5232
4 16 9.1923 1 9.1923 7.9144 1 10.3142 8.5232 0 11.1076 9.8994 0 9.8994
4 16 7.9144 1 10.3142 6.5 1 11.258 7 0 12.124 8.5232 0 11.1076
4 16 6.5 1 11.258 4.9751 1 12.0107 5.3578 0 12.9346 7 0 12.124
4 16 4.9751 1 12.0107 3.3644 1 12.5567 3.6232 0 13.5226 5.3578 0 12.9346
4 16 3.3644 1 12.5567 1.6965 1 12.8882 1.827 0 13.8796 3.6232 0 13.5226
4 16 1.6965 1 12.8882 0 1 13 0 0 14 1.827 0 13.8796
0 // conditional lines
5 24 13 1 0 14 0 0 13 1 -1.7121 12.8882 1 1.6965
5 24 12.8882 1 1.6965 13.8796 0 1.827 13 1 0 12.5567 1 3.3644
5 24 12.5567 1 3.3644 13.5226 0 3.6232 12.8882 1 1.6965 12.0107 1 4.9751
5 24 12.0107 1 4.9751 12.9346 0 5.3578 12.5567 1 3.3644 11.258 1 6.5
5 24 11.258 1 6.5 12.124 0 7 12.0107 1 4.9751 10.3142 1 7.9144
5 24 10.3142 1 7.9144 11.1076 0 8.5232 11.258 1 6.5 9.1923 1 9.1923
5 24 9.1923 1 9.1923 9.8994 0 9.8994 10.3142 1 7.9144 7.9144 1 10.3142
5 24 7.9144 1 10.3142 8.5232 0 11.1076 9.1923 1 9.1923 6.5 1 11.258
5 24 6.5 1 11.258 7 0 12.124 7.9144 1 10.3142 4.9751 1 12.0107
5 24 4.9751 1 12.0107 5.3578 0 12.9346 6.5 1 11.258 3.3644 1 12.5567
5 24 3.3644 1 12.5567 3.6232 0 13.5226 4.9751 1 12.0107 1.6965 1 12.8882
5 24 1.6965 1 12.8882 1.827 0 13.8796 3.3644 1 12.5567 0 1 13
5 24 0 1 13 0 0 14 1.6965 1 12.8882 -1.7121 1 13
0 // Build by LDPartEditor (PrimGen 2.X)

0 FILE p/48/1-4con14.dat
0 Hi-Res Cone 14 x 0.25
0 Name: 48\1-4con14.dat
0 Author: Willy Tschager [Holly-Wood]
0 !LDRAW_ORG 48_Primitive UPDATE 2024-02
0 !LICENSE Licensed under CC BY 4.0 : see CAreadme.txt

0 BFC CERTIFY CCW

0 !HISTORY 2004-04-22 [PTadmin] Official Update 2004-02
0 !HISTORY 2007-06-24 [PTadmin] Header formatted for Contributor Agreement
0 !HISTORY 2008-07-01 [PTadmin] Official Update 2008-01
0 !HISTORY 2024-01-31 [Holly-Wood] Complete regeneration, original by bbroich
0 !HISTORY 2024-03-24 [OrionP] Official Update 2024-02

4 16 14 1 0 13.8796 1 1.827 14.871 0 1.9575 15 0 0
4 16 13.8796 1 1.827 13.5226 1 3.6232 14.4885 0 3.882 14.871 0 1.9575
4 16 13.5226 1 3.6232 12.9346 1 5.3578 13.8585 0 5.7405 14.4885 0 3.882
4 16 12.9346 1 5.3578 12.124 1 7 12.99 0 7.5 13.8585 0 5.7405
4 16 12.124 1 7 11.1076 1 8.5232 11.901 0 9.132 12.99 0 7.5
4 16 11.1076 1 8.5232 9.8994 1 9.8994 10.6065 0 10.6065 11.901 0 9.132
4 16 9.8994 1 9.8994 8.5232 1 11.1076 9.132 0 11.901 10.6065 0 10.6065
4 16 8.5232 1 11.1076 7 1 12.124 7.5 0 12.99 9.132 0 11.901
4 16 7 1 12.124 5.3578 1 12.9346 5.7405 0 13.8585 7.5 0 12.99
4 16 5.3578 1 12.9346 3.6232 1 13.5226 3.882 0 14.4885 5.7405 0 13.8585
4 16 3.6232 1 13.5226 1.827 1 13.8796 1.9575 0 14.871 3.882 0 14.4885
4 16 1.827 1 13.8796 0 1 14 0 0 15 1.9575 0 14.871
0 // conditional lines
5 24 14 1 0 15 0 0 14 1 -1.8438 13.8796 1 1.827
5 24 13.8796 1 1.827 14.871 0 1.9575 14 1 0 13.5226 1 3.6232
5 24 13.5226 1 3.6232 14.4885 0 3.882 13.8796 1 1.827 12.9346 1 5.3578
5 24 12.9346 1 5.3578 13.8585 0 5.7405 13.5226 1 3.6232 12.124 1 7
5 24 12.124 1 7 12.99 0 7.5 12.9346 1 5.3578 11.1076 1 8.5232
5 24 11.1076 1 8.5232 11.901 0 9.132 12.124 1 7 9.8994 1 9.8994
5 24 9.8994 1 9.8994 10.6065 0 10.6065 11.1076 1 8.5232 8.5232 1 11.1076
5 24 8.5232 1 11.1076 9.132 0 11.901 9.8994 1 9.8994 7 1 12.124
5 24 7 1 12.124 7.5 0 12.99 8.5232 1 11.1076 5.3578 1 12.9346
5 24 5.3578 1 12.9346 5.7405 0 13.8585 7 1 12.124 3.6232 1 13.5226
5 24 3.6232 1 13.5226 3.882 0 14.4885 5.3578 1 12.9346 1.827 1 13.8796
5 24 1.827 1 13.8796 1.9575 0 14.871 3.6232 1 13.5226 0 1 14
5 24 0 1 14 0 0 15 1.827 1 13.8796 -1.8438 1 14
0 // Build by LDPartEditor (PrimGen 2.X)

0 FILE p/48/3-16cyli.dat
0 Hi-Res Cylinder 0.1875
0 Name: 48\3-16cyli.dat
0 Author: Mark Kennedy [mkennedy]
0 !LDRAW_ORG 48_Primitive UPDATE 2025-05
0 !LICENSE Licensed under CC BY 4.0 : see CAreadme.txt

0 BFC CERTIFY CCW

0 !HISTORY 2002-02-28 [hafhead] Added BFC statement
0 !HISTORY 2004-04-22 [PTadmin] Official Update 2004-02
0 !HISTORY 2007-06-24 [PTadmin] Header formatted for Contributor Agreement
0 !HISTORY 2008-07-01 [PTadmin] Official Update 2008-01
0 !HISTORY 2012-02-27 [Philo] Changed to CCW
0 !HISTORY 2012-08-09 [PTadmin] Official Update 2012-02
0 !HISTORY 2025-05-25 [WUIt] Corrected last cond line to tangential
0 !HISTORY 2025-05-28 [OrionP] Official Update 2025-05

5 24 1 0 0 1 1 0 .9914 0 .1305 1 0 -1
5 24 .9914 0 .1305 .9914 1 .1305 .9659 0 .2588 1 0 0
5 24 .9659 0 .2588 .9659 1 .2588 .9239 0 .3827 .9914 0 .1305
5 24 .9239 0 .3827 .9239 1 .3827 .866 0 .5 .9659 0 .2588
5 24 .866 0 .5 .866 1 .5 .7934 0 .6088 .9239 0 .3827
5 24 .7934 0 .6088 .7934 1 .6088 .7071 0 .7071 .866 0 .5
5 24 .7071 0 .7071 .7071 1 .7071 .6088 0 .7934 .7934 0 .6088
5 24 .6088 0 .7934 .6088 1 .7934 .5 0 .866 .7071 0 .7071
5 24 .5 0 .866 .5 1 .866 .3827 0 .9239 .6088 0 .7934
5 24 .3827 0 .9239 .3827 1 .9239 .5 0 .866 .2611 0 .9743

4 16 1 1 0 .9914 1 .1305 .9914 0 .1305 1 0 0
4 16 .9914 1 .1305 .9659 1 .2588 .9659 0 .2588 .9914 0 .1305
4 16 .9659 1 .2588 .9239 1 .3827 .9239 0 .3827 .9659 0 .2588
4 16 .9239 1 .3827 .866 1 .5 .866 0 .5 .9239 0 .3827
4 16 .866 1 .5 .7934 1 .6088 .7934 0 .6088 .866 0 .5
4 16 .7934 1 .6088 .7071 1 .7071 .7071 0 .7071 .7934 0 .6088
4 16 .7071 1 .7071 .6088 1 .7934 .6088 0 .7934 .7071 0 .7071
4 16 .6088 1 .7934 .5 1 .866 .5 0 .866 .6088 0 .7934
4 16 .5 1 .866 .3827 1 .9239 .3827 0 .9239 .5 0 .866

0 FILE parts/s/50820s01.dat
0 ~Boat Hull 48 x  6 x  5 Top - Half
0 Name: s\50820s01.dat
0 Author: Gerald Lasser [GeraldLasser]
0 !LDRAW_ORG Subpart UPDATE 2024-09
0 !LICENSE Licensed under CC BY 4.0 : see CAreadme.txt

0 BFC CERTIFY CCW

0 !HISTORY 2024-10-27 [OrionP] Official Update 2024-09

1 16 0 0 0 1 0 0 0 1 0 0 0 1 s/50820s02.dat
1 16 0 0 0 1 0 0 0 1 0 0 0 -1 s/50820s02.dat

0 // Centre Peghole - and Technic Beam Underside
1 16 -36 10 0 0 12 0 0 0 8 8 0 0 2-4cylo.dat
1 16 -24 10 0 0 1 0 0 0 8 8 0 0 2-4ndis.dat
1 16 -36 10 0 0 -1 0 0 0 8 8 0 0 2-4ndis.dat
1 16 -40 10 0 0 1 0 0 0 8 8 0 0 4-4ndis.dat
1 16 -40 10 0 0 1 0 0 0 1 1 0 0 peghole.dat
0 BFC INVERTNEXT
1 16 -38 10 0 0 16 0 0 0 6 6 0 0 4-4cyli.dat
1 16 -20 10 0 0 -1 0 0 0 1 1 0 0 peghole5.dat
1 16 -20 10 0 0 -1 0 0 0 8 8 0 0 2-4ndis.dat
1 16 -30 7 -8 -6 0 0 0 0 -3 0 1 0 rect3.dat
1 16 -30 7 8 -6 0 0 0 0 -3 0 -1 0 rect3.dat

3 16 -24 28 -104 -24 18 0 -24 28 104
3 16 -36 28 -124 -36 28 124 -36 18 0
2 24 -24 28 -104 -24 28 104
1 16 -46 28 0 -10 0 0 0 -1 0 0 0 -124 rect.dat

0 // Pocket
4 16 -6 28 -54 -6 28 54 0 28 54 0 28 -54

4 16 -6 28 54 -6 28 -54 -24 28 -104 -24 28 104
4 16 -6 24 54 -6 24 -54 0 24 -54 0 24 54
4 16 -6 24 -54 -6 24 54 -20 24 100 -20 24 -100
2 24 -20 24 100 -20 24 -100
3 16 -20 24 100 -20 18 0 -20 24 -100

0 // Technic Beam Outside
4 16 -40 0 -120 -22 0 -8 -22 0 8 -40 0 120
2 24 -40 0 120 -40 0 -120
3 16 -40 2 0 -40 0 -120 -40 0 120
3 16 -40 18 0 -40 24 120 -40 24 -120
1 16 -50 24 0 -10 0 0 0 1 0 0 0 -120 rect.dat

0 // Box
4 16 -40 28 -124 -40 28 124 -40 68 180 -40 68 -180
4 16 -40 68 -180 -40 68 180 -37 68 177 -37 68 -177
4 16 -37 28 124 -37 28 -124 -37 68 -177 -37 68 177
2 24 -37 68 177 -37 68 -177
2 24 -40 68 180 -40 68 -180
2 24 -40 28 124 -40 28 -124
2 24 -37 28 124 -37 28 -124

0 // Aft and Centre Section
4 16 -36 12.4721 124 -56 22.4721 124 -56 22.4721 276 -19.0557 4 276
3 16 -19.0557 4 276 -19.0557 4 117 -36 12.4721 124
4 16 -56 22.4721 276 -56 22.4721 124 -56 28 124 -56 32 276
4 16 -56 32 276 -56 28 124 -56 28 -124 -56 32 -199.8336
2 24 -56 22.4721 124 -56 22.4721 276
2 24 -19.0557 4 117 -19.0557 4 276
2 24 -19.0557 4 276 -56 22.4721 276
3 16 -19.0557 4 -117 -19.0557 4 -199.8336 -36 12.4721 -124
4 16 -36 12.4721 -124 -19.0557 4 -199.8336 -56 22.4721 -199.8336 -56 22.4721 -124
4 16 -56 22.4721 -199.8336 -56 32 -199.8336 -56 28 -124 -56 22.4721 -124
2 24 -56 22.4721 -199.8336 -56 22.4721 -124
2 24 -19.0557 4 -199.8336 -19.0557 4 -117
2 24 -19.0557 4 -199.8336 -56 22.4721 -199.8336
2 24 -56 32 -199.8336 -56 32 276
2 24 -56 22.4721 -199.8336 -56 32 -199.8336

4 16 -60 32 280 -56 32 276 -56 32 -199.8336 -60 32 -200
2 24 -60 32 -200 -60 32 280

0 // Aft and Centre Fillet
3 16 -56 30 241 -56 22.4721 241 -19.0557 4 241
4 16 -19.0557 4 241 -1 4 241 -1 30 241 -56 30 241
3 16 -56 30 239 -56 30 241 -1 30 241
2 24 -56 22.4721 239 -19.0557 4 239
2 24 -56 22.4721 239 -56 30 239
2 24 -19.0557 4 241 -56 22.4721 241
2 24 -56 30 241 -56 22.4721 241
2 24 -56 30 239 -56 30 241
2 24 -56 30 241 -1 30 241
2 24 -19.0557 4 241 -1 4 241

1 16 -48 28 0 8 0 0 0 2 0 0 0 1 box3u2p.dat

0 // Bow and Fillets
3 16 -19.0557 4 -199.8336 -19.3313 22.4721 -643.248 -56 22.4721 -199.8336
2 24 -16.6228 23.8368 -676 -19.3313 22.4721 -643.248
2 24 -19.3313 22.4721 -643.248 -19.0557 4 -199.8336
2 24 -19.3313 22.4721 -643.248 -56 22.4721 -199.8336

3 16 -16.6228 23.8368 -676 -16.6228 32 -676 -19.3313 22.4721 -643.248
4 16 -56 32 -199.8336 -56 22.4721 -199.8336 -19.3313 22.4721 -643.248 -16.6228 32 -676
2 24 -16.6228 32 -676 -56 32 -199.8336

4 16 -60 32 -200 -56 32 -199.8336 -16.6228 32 -676 -20 32 -680

2 24 -55.9035 22.4721 -201 -19.0564 4.0486 -201
2 24 -55.9035 30 -201 -55.9035 22.4721 -201
2 24 -56 22.4721 -199 -19.0557 4 -199
2 24 -56 22.4721 -199 -56 30 -199
2 24 -56 30 -199.8336 -55.9035 30 -201
2 24 -56 30 -199.8336 -56 30 -199

2 24 -42.8375 22.4721 -359 -19.1546 10.6307 -359
2 24 -42.6721 22.4721 -361 -19.1559 10.714 -361
2 24 -42.8375 30 -359 -42.8375 22.4721 -359
2 24 -42.6721 30 -361 -42.6721 22.4721 -361
2 24 -42.8375 30 -359 -42.6721 30 -361

3 16 -29.4407 22.4721 -521 -29.4407 30 -521 -19.2553 17.3794 -521
4 16 -29.4407 30 -521 -1 30 -521 -1 17.3785 -521 -19.2553 17.3794 -521
4 16 -1 23.8368 -676 -1 17.3785 -521 -1 30 -521 -1 30 -676
3 16 -29.4407 30 -521 -29.6061 30 -519 -1 30 -521
2 24 -1 17.3785 -521 -19.2553 17.3794 -521
2 24 -19.2541 17.2961 -519 -29.6061 22.4721 -519
2 24 -29.4407 22.4721 -521 -19.2553 17.3794 -521
2 24 -29.6061 22.4721 -519 -29.6061 30 -519
2 24 -29.4407 30 -521 -29.4407 22.4721 -521
2 24 -29.6061 30 -519 -29.4407 30 -521
2 24 -1 23.8368 -676 -1 17.3785 -521
2 24 -1 30 -521 -1 17.3785 -521
2 24 -1 23.8368 -676 -1 30 -676
2 24 -29.4407 30 -521 -1 30 -521
2 24 -1 30 -521 -1 30 -676

0 // Outside
4 16 -60 32 -200 -60 20 -200 -60 20 -120 -60 24 -120
4 16 -60 32 -200 -60 24 -120 -60 24 120 -60 32 280
4 16 -60 32 280 -60 24 120 -60 20 120 -60 20 280
1 16 -40 26 -440 0 1 -20 -6 0 0 0 0 240 rect3.dat

4 16 -60 20 280 -60 20 120 -40 10 120 -20 0 280
3 16 -40 10 120 -20 0 120 -20 0 280
3 16 -20 0 -200 -20 0 -120 -40 10 -120
4 16 -60 20 -120 -60 20 -200 -20 0 -200 -40 10 -120
2 24 -60 20 280 -60 20 120
2 24 -60 20 -200 -60 20 -120
2 24 -20 0 280 -60 20 280
2 24 -20 0 -200 -60 20 -200

3 16 -20 0 -200 -60 20 -200 -20 20 -680

0 FILE 4-4ndis.dat
0 Disc Negative 1.0
0 Name: 4-4ndis.dat
0 Author: James Jessiman
0 !LDRAW_ORG Primitive UPDATE 2012-01
0 !LICENSE Licensed under CC BY 4.0 : see CAreadme.txt

0 BFC CERTIFY CCW

0 !HISTORY 2002-03-23 [sbliss] Added BFC statement; compacted code
0 !HISTORY 2002-04-25 [PTadmin] Official Update 2002-02
0 !HISTORY 2007-06-24 [PTadmin] Header formatted for Contributor Agreement
0 !HISTORY 2008-07-01 [PTadmin] Official Update 2008-01
0 !HISTORY 2012-02-16 [Philo] Changed to CCW
0 !HISTORY 2012-03-30 [PTadmin] Official Update 2012-01


3 16 0.9239 0 0.3827 1 0 0 1 0 1
3 16 0.7071 0 0.7071 0.9239 0 0.3827 1 0 1
3 16 0.3827 0 0.9239 0.7071 0 0.7071 1 0 1
3 16 0 0 1 0.3827 0 0.9239 1 0 1
3 16 -0.3827 0 0.9239 0 0 1 -1 0 1
3 16 -0.7071 0 0.7071 -0.3827 0 0.9239 -1 0 1
3 16 -0.9239 0 0.3827 -0.7071 0 0.7071 -1 0 1
3 16 -1 0 0 -0.9239 0 0.3827 -1 0 1
3 16 -0.9239 0 -0.3827 -1 0 0 -1 0 -1
3 16 -0.7071 0 -0.7071 -0.9239 0 -0.3827 -1 0 -1
3 16 -0.3827 0 -0.9239 -0.7071 0 -0.7071 -1 0 -1
3 16 0 0 -1 -0.3827 0 -0.9239 -1 0 -1
3 16 0.3827 0 -0.9239 0 0 -1 1 0 -1
3 16 0.7071 0 -0.7071 0.3827 0 -0.9239 1 0 -1
3 16 0.9239 0 -0.3827 0.7071 0 -0.7071 1 0 -1
3 16 1 0 0 0.9239 0 -0.3827 1 0 -1

0 FILE 4-4cylo.dat
0 Cylinder Open 1.0
0 Name: 4-4cylo.dat
0 Author: Mark Kennedy [mkennedy]
0 !LDRAW_ORG Primitive UPDATE 2010-01
0 !LICENSE Licensed under CC BY 4.0 : see CAreadme.txt

0 BFC CERTIFY CCW

0 !HISTORY 2010-04-05 [PTadmin] Official Update 2010-01


1 16 0 0 0 1 0 0 0 1 0 0 0 1 4-4edge.dat
1 16 0 1 0 1 0 0 0 1 0 0 0 1 4-4edge.dat
1 16 0 0 0 1 0 0 0 1 0 0 0 1 4-4cyli.dat
0

0 FILE rect.dat
0 Rectangle
0 Name: rect.dat
0 Author: James Jessiman
0 !LDRAW_ORG Primitive UPDATE 2010-01
0 !LICENSE Licensed under CC BY 4.0 : see CAreadme.txt

0 BFC CERTIFY CCW

0 !HISTORY 2002-04-05 [hafhead] Added BFC statement
0 !HISTORY 2002-04-25 [PTadmin] Official Update 2002-02
0 !HISTORY 2007-06-24 [PTadmin] Header formatted for Contributor Agreement
0 !HISTORY 2008-07-01 [PTadmin] Official Update 2008-01
0 !HISTORY 2010-01-17 [mikeheide] changed winding to CCW
0 !HISTORY 2010-04-05 [PTadmin] Official Update 2010-01


2 24 1 0 1 -1 0 1
2 24 -1 0 1 -1 0 -1
2 24 -1 0 -1 1 0 -1
2 24 1 0 -1 1 0 1
4 16 -1 0 1 -1 0 -1 1 0 -1 1 0 1
0

0 FILE rect3.dat
0 Rectangle with 3 Edges
0 Name: rect3.dat
0 Author: Mark Kennedy [mkennedy]
0 !LDRAW_ORG Primitive UPDATE 2010-01
0 !LICENSE Licensed under CC BY 4.0 : see CAreadme.txt

0 BFC CERTIFY CCW

0 !HISTORY 2003-08-01 [PTadmin] Official Update 2003-02
0 !HISTORY 2007-06-24 [PTadmin] Header formatted for Contributor Agreement
0 !HISTORY 2008-07-01 [PTadmin] Official Update 2008-01
0 !HISTORY 2010-01-17 [mikeheide] Change winding to CCW
0 !HISTORY 2010-04-05 [PTadmin] Official Update 2010-01


2 24 1 0 1 -1 0 1
2 24 1 0 1 1 0 -1
2 24 -1 0 1 -1 0 -1
4 16 -1 0 1 -1 0 -1 1 0 -1 1 0 1
0 //

0 FILE box3u4p.dat
0 Box with  3 Faces without  4 Parallel Edges
0 Name: box3u4p.dat
0 Author: Willy Tschager [Holly-Wood]
0 !LDRAW_ORG Primitive UPDATE 2024-01
0 !LICENSE Licensed under CC BY 4.0 : see CAreadme.txt

0 BFC CERTIFY CCW

0 !HISTORY 2009-12-29 [PTadmin] Official Update 2009-03
0 !HISTORY 2024-01-03 [Holly-Wood] Complete re-write, original by LordAdmiral
0 !HISTORY 2024-01-29 [OrionP] Official Update 2024-01

2 24 -1 1 1 1 1 1
2 24 1 1 -1 -1 1 -1
4 16 1 1 1 1 1 -1 -1 1 -1 -1 1 1

2 24 -1 0 1 1 0 1
2 24 1 1 1 1 0 1
2 24 -1 1 1 -1 0 1
4 16 1 1 1 -1 1 1 -1 0 1 1 0 1

2 24 1 0 -1 -1 0 -1
2 24 1 1 -1 1 0 -1
2 24 -1 1 -1 -1 0 -1
4 16 -1 1 -1 1 1 -1 1 0 -1 -1 0 -1

0 FILE stug-1x10.dat
0 Stud Group  1 x 10
0 Name: stug-1x10.dat
0 Author: Steffen [Steffen]
0 !LDRAW_ORG Primitive UPDATE 2011-01
0 !LICENSE Licensed under CC BY 4.0 : see CAreadme.txt

0 BFC CERTIFY CCW

0 !HISTORY 2011-07-25 [PTadmin] Official Update 2011-01


1 16 -90 0 0 1 0 0 0 1 0 0 0 1 stud.dat
1 16 -70 0 0 1 0 0 0 1 0 0 0 1 stud.dat
1 16 -50 0 0 1 0 0 0 1 0 0 0 1 stud.dat
1 16 -30 0 0 1 0 0 0 1 0 0 0 1 stud.dat
1 16 -10 0 0 1 0 0 0 1 0 0 0 1 stud.dat
1 16 10 0 0 1 0 0 0 1 0 0 0 1 stud.dat
1 16 30 0 0 1 0 0 0 1 0 0 0 1 stud.dat
1 16 50 0 0 1 0 0 0 1 0 0 0 1 stud.dat
1 16 70 0 0 1 0 0 0 1 0 0 0 1 stud.dat
1 16 90 0 0 1 0 0 0 1 0 0 0 1 stud.dat

0 FILE stug-1x9.dat
0 Stud Group  1 x  9
0 Name: stug-1x9.dat
0 Author: Steffen [Steffen]
0 !LDRAW_ORG Primitive UPDATE 2012-02
0 !LICENSE Licensed under CC BY 4.0 : see CAreadme.txt

0 BFC CERTIFY CCW

0 !HISTORY 2012-08-09 [PTadmin] Official Update 2012-02


1 16 -80 0 0 1 0 0 0 1 0 0 0 1 stud.dat
1 16 -60 0 0 1 0 0 0 1 0 0 0 1 stud.dat
1 16 -40 0 0 1 0 0 0 1 0 0 0 1 stud.dat
1 16 -20 0 0 1 0 0 0 1 0 0 0 1 stud.dat
1 16 0 0 0 1 0 0 0 1 0 0 0 1 stud.dat
1 16 20 0 0 1 0 0 0 1 0 0 0 1 stud.dat
1 16 40 0 0 1 0 0 0 1 0 0 0 1 stud.dat
1 16 60 0 0 1 0 0 0 1 0 0 0 1 stud.dat
1 16 80 0 0 1 0 0 0 1 0 0 0 1 stud.dat

0 FILE stug-1x5.dat
0 Stud Group  1 x  5
0 Name: stug-1x5.dat
0 Author: Steffen [Steffen]
0 !LDRAW_ORG Primitive UPDATE 2013-01
0 !LICENSE Licensed under CC BY 4.0 : see CAreadme.txt

0 BFC CERTIFY CCW

0 !HISTORY 2013-07-21 [PTadmin] Official Update 2013-01


1 16 -40 0 0 1 0 0 0 1 0 0 0 1 stud.dat
1 16 -20 0 0 1 0 0 0 1 0 0 0 1 stud.dat
1 16 0 0 0 1 0 0 0 1 0 0 0 1 stud.dat
1 16 20 0 0 1 0 0 0 1 0 0 0 1 stud.dat
1 16 40 0 0 1 0 0 0 1 0 0 0 1 stud.dat

0 FILE stug2-1x12.dat
0 Stud Open Group  1 x 12
0 Name: stug2-1x12.dat
0 Author: Steffen [Steffen]
0 !LDRAW_ORG Primitive UPDATE 2012-01
0 !LICENSE Licensed under CC BY 4.0 : see CAreadme.txt

0 BFC CERTIFY CCW

0 !HISTORY 2012-03-30 [PTadmin] Official Update 2012-01


1 16 -110 0 0 1 0 0 0 1 0 0 0 1 stud2.dat
1 16 -90 0 0 1 0 0 0 1 0 0 0 1 stud2.dat
1 16 -70 0 0 1 0 0 0 1 0 0 0 1 stud2.dat
1 16 -50 0 0 1 0 0 0 1 0 0 0 1 stud2.dat
1 16 -30 0 0 1 0 0 0 1 0 0 0 1 stud2.dat
1 16 -10 0 0 1 0 0 0 1 0 0 0 1 stud2.dat
1 16 10 0 0 1 0 0 0 1 0 0 0 1 stud2.dat
1 16 30 0 0 1 0 0 0 1 0 0 0 1 stud2.dat
1 16 50 0 0 1 0 0 0 1 0 0 0 1 stud2.dat
1 16 70 0 0 1 0 0 0 1 0 0 0 1 stud2.dat
1 16 90 0 0 1 0 0 0 1 0 0 0 1 stud2.dat
1 16 110 0 0 1 0 0 0 1 0 0 0 1 stud2.dat

0 FILE rect2p.dat
0 Rectangle with 2 Parallel Edges
0 Name: rect2p.dat
0 Author: Donald Sutter [technog]
0 !LDRAW_ORG Primitive UPDATE 2010-01
0 !LICENSE Licensed under CC BY 4.0 : see CAreadme.txt

0 BFC CERTIFY CCW

0 !HISTORY 2003-08-01 [PTadmin] Official Update 2003-02
0 !HISTORY 2007-06-24 [PTadmin] Header formatted for Contributor Agreement
0 !HISTORY 2008-07-01 [PTadmin] Official Update 2008-01
0 !HISTORY 2010-01-17 [mikeheide] changed winding to CCW
0 !HISTORY 2010-04-05 [PTadmin] Official Update 2010-01


2 24 1 0 1 -1 0 1
2 24 -1 0 -1 1 0 -1
4 16 -1 0 1 -1 0 -1 1 0 -1 1 0 1
0

0 FILE 47712.dat
0 Technic Panel Fairing #24
0 Name: 47712.dat
0 Author: Marc Klein [marckl]
0 !LDRAW_ORG Part UPDATE 2009-03
0 !LICENSE Licensed under CC BY 4.0 : see CAreadme.txt

0 BFC CERTIFY CCW

0 !HISTORY 2007-11-01 [mikeheide] Added conditional lines with edger
0 !HISTORY 2009-12-29 [PTadmin] Official Update 2009-03


0 BFC INVERTNEXT
1 16 0 -50 -18 6 0 0 0 0 -6 0 16 0 4-4cyli.dat
1 16 0 -50 -18 6 0 0 0 0 -6 0 1 0 4-4edge.dat
1 16 0 -50 -2 6 0 0 0 0 -6 0 1 0 4-4edge.dat
0 BFC INVERTNEXT
1 16 0 -30 -2 6 0 0 0 0 6 0 -16 0 4-4cyli.dat
1 16 0 -30 -2 6 0 0 0 0 6 0 -1 0 4-4edge.dat
1 16 0 -30 -18 6 0 0 0 0 6 0 -1 0 4-4edge.dat
1 16 0 -30 -20 -1 0 0 0 0 1 0 1 0 peghole.dat
1 16 0 -50 -20 -1 0 0 0 0 1 0 1 0 peghole.dat
0 BFC INVERTNEXT
1 16 0 -30 -2 0 0 8 8 0 0 0 2 0 2-4cyli.dat
1 16 0 -30 -2 0 0 8 8 0 0 0 1 0 2-4edge.dat
1 16 0 -30 0 0 0 8 8 0 0 0 1 0 2-4edge.dat
0 BFC INVERTNEXT
1 16 0 -50 0 0 0 8 -8 0 0 0 -2 0 2-4cyli.dat
1 16 0 -50 0 0 0 8 -8 0 0 0 -1 0 2-4edge.dat
1 16 0 -50 -2 0 0 8 -8 0 0 0 -1 0 2-4edge.dat
3 16 25.543 -32.296 20 25.838 -30.813 20 24.243 -34.243 20
2 24 25.838 -30.813 20 25.543 -32.296 20
2 24 25.543 -32.296 20 24.243 -34.243 20
4 16 24.243 -34.243 20 25.838 -30.813 20 22.812 -31.624 20 23.625 -34.656 20
2 24 25.838 -30.813 20 22.812 -31.624 20
2 24 22.812 -31.624 20 23.625 -34.656 20
2 24 24.243 -34.243 20 23.625 -34.656 20
3 16 23.625 -34.656 -15 22.812 -31.624 -15 24.243 -34.243 -15
2 24 23.625 -34.656 -15 22.812 -31.624 -15
2 24 23.625 -34.656 -15 24.243 -34.243 -15
4 16 24.243 -34.243 -15 22.812 -31.624 -15 25.838 -30.813 -15 25.543 -32.296 -15
2 24 22.812 -31.624 -15 25.838 -30.813 -15
2 24 25.543 -32.296 -15 25.838 -30.813 -15
2 24 24.243 -34.243 -15 25.543 -32.296 -15
3 16 14.162 -30.813 -15 17.188 -31.624 -15 14.457 -32.296 -15
2 24 14.162 -30.813 -15 17.188 -31.624 -15
2 24 14.162 -30.813 -15 14.457 -32.296 -15
4 16 14.457 -32.296 -15 17.188 -31.624 -15 16.375 -34.656 -15 15.757 -34.243 -15
2 24 17.188 -31.624 -15 16.375 -34.656 -15
2 24 15.757 -34.243 -15 16.375 -34.656 -15
2 24 14.457 -32.296 -15 15.757 -34.243 -15
4 16 11 -30 0 11.685 -33.444 0 11.685 -33.444 20 11 -30 20
2 24 11.685 -33.444 0 11 -30 0
5 24 11.685 -33.444 20 11.685 -33.444 0 13.636 -36.364 0 11 -30 20
2 24 11 -30 20 11.685 -33.444 20
5 24 11 -30 20 11 -30 0 11.685 -33.444 0 11.685 -26.556 20
4 16 11.685 -26.556 0 11 -30 0 11 -30 20 11.685 -26.556 20
2 24 11 -30 0 11.685 -26.556 0
2 24 11.685 -26.556 20 11 -30 20
5 24 11.685 -26.556 0 11.685 -26.556 20 13.3928 -24 20 11 -30 0
3 16 6.986 -24.567 -14 6.364 -23.636 -14 9 -23 -14
2 24 6.364 -23.636 -14 6.986 -24.567 -14
2 24 6.986 -24.567 -14 9 -23 -14
3 16 9 -23 -14 6.364 -23.636 -14 3.444 -21.685 -14
2 24 3.444 -21.685 -14 6.364 -23.636 -14
3 16 9 -23 -14 3.444 -21.685 -14 11 -23 -14
2 24 9 -23 -14 11 -23 -14
3 16 11 -23 -14 3.444 -21.685 -14 0 -21 -14
2 24 0 -21 -14 3.444 -21.685 -14
3 16 11 -23 -14 0 -21 -14 16.56 -21.69 -14
3 16 16.56 -21.69 -14 0 -21 -14 20 -21 -14
2 24 20 -21 -14 0 -21 -14
2 24 16.56 -21.69 -14 20 -21 -14
3 16 13.01 -24.57 -14 11 -23 -14 13.64 -23.64 -14
2 24 11 -23 -14 13.01 -24.57 -14
2 24 13.01 -24.57 -14 13.64 -23.64 -14
3 16 13.64 -23.64 -14 11 -23 -14 16.56 -21.69 -14
2 24 13.64 -23.64 -14 16.56 -21.69 -14
4 16 11.2048 -44.3812 0 13.7136 -46.0149 0 15.1081 -43.9278 32.624 12.51 -42.4278 30.5346
2 24 13.7136 -46.0149 0 11.2048 -44.3812 0
2 24 15.1081 -43.9278 32.624 13.7136 -46.0149 0
2 24 11.2048 -44.3812 0 12.51 -42.4278 30.5346
4 16 12.51 -42.4278 30.5346 15.1081 -43.9278 32.624 16.1667 -41.7811 63.5157 13.6788 -40.0405 64.8273
2 24 16.1667 -41.7811 63.5157 15.1081 -43.9278 32.624
2 24 13.6788 -40.0405 64.8273 16.1667 -41.7811 63.5157
2 24 12.51 -42.4278 30.5346 13.6788 -40.0405 64.8273
4 16 -3.9155 -58 -2 -2.2961 -55.5433 -2 -4.2426 -54.2426 -2 -6.364 -56.364 -2
2 24 -3.9155 -58 -2 -6.364 -56.364 -2
4 16 -6.364 -56.364 -2 -4.2426 -54.2426 -2 -9 -50 -2 -8.3149 -53.4441 -2
2 24 -8.3149 -53.4441 -2 -9 -50 -2
2 24 -6.364 -56.364 -2 -8.3149 -53.4441 -2
3 16 -9 -50 -2 -4.2426 -54.2426 -2 -5.5433 -52.2961 -2
4 16 -9 -50 -2 -5.5433 -52.2961 -2 -6 -50 -2 -9 -42 -2
2 24 -9 -50 -2 -9 -42 -2
3 16 -9 -42 -2 -6 -50 -2 -5.54 -47.7 -2
3 16 3.0615 -57.391 -2 0 -56 -2 0 -58 -2
4 16 0 -58 -2 0 -56 -2 -2.2961 -55.5433 -2 -3.9155 -58 -2
2 24 -3.9155 -58 -2 0 -58 -2
3 16 -5.54 -47.7 -2 -4.24 -45.76 -2 -9 -42 -2
3 16 -9 -42 -2 -4.24 -45.76 -2 -2.3 -44.46 -2
3 16 -9 -42 -2 -2.3 -44.46 -2 0 -44 -2
4 16 0 -56 -2 3.0615 -57.391 -2 5.6569 -55.6569 -2 2.2961 -55.5433 -2
4 16 2.2961 -55.5433 -2 5.6569 -55.6569 -2 7.391 -53.0615 -2 4.2426 -54.2426 -2
4 16 4.2426 -54.2426 -2 7.391 -53.0615 -2 8 -50 -2 5.5433 -52.2961 -2
4 16 5.5433 -52.2961 -2 8 -50 -2 7.391 -46.9385 -2 6 -50 -2
4 16 6 -50 -2 7.391 -46.9385 -2 5.6569 -44.3431 -2 5.5433 -47.7039 -2
4 16 5.5433 -47.7039 -2 5.6569 -44.3431 -2 3.0615 -42.609 -2 4.2426 -45.7574 -2
4 16 4.2426 -45.7574 -2 3.0615 -42.609 -2 0 -42 -2 2.2961 -44.4567 -2
3 16 2.2961 -44.4567 -2 0 -42 -2 -9 -42 -2
2 24 0 -42 -2 -9 -42 -2
3 16 2.2961 -44.4567 -2 -9 -42 -2 0 -44 -2
3 16 2.2961 -35.5433 -2 0 -36 -2 0 -38 -2
3 16 0 -38 -2 0 -36 -2 -2.2961 -35.5433 -2
4 16 0 -38 -2 -2.2961 -35.5433 -2 -4.2426 -34.2426 -2 -9 -38 -2
2 24 -9 -38 -2 0 -38 -2
4 16 -9 -38 -2 -4.2426 -34.2426 -2 -5.5433 -32.2961 -2 -9 -30 -2
2 24 -9 -38 -2 -9 -30 -2
4 16 -9 -30 -2 -5.5433 -32.2961 -2 -6 -30 -2 -8.3149 -26.5558 -2
2 24 -9 -30 -2 -8.3149 -26.5558 -2
4 16 -8.3149 -26.5558 -2 -6 -30 -2 -5.5433 -27.7039 -2 -6.364 -23.636 -2
2 24 -8.3149 -26.5558 -2 -6.364 -23.636 -2
4 16 -6.364 -23.636 -2 -5.5433 -27.7039 -2 -4.2426 -25.7574 -2 -3.9155 -22 -2
2 24 -6.364 -23.636 -2 -3.9155 -22 -2
4 16 -3.9155 -22 -2 -4.2426 -25.7574 -2 -2.2961 -24.4567 -2 0 -22 -2
2 24 0 -22 -2 -3.9155 -22 -2
4 16 0 -22 -2 -2.2961 -24.4567 -2 0 -24 -2 3.0615 -22.609 -2
4 16 3.0615 -22.609 -2 0 -24 -2 2.2961 -24.4567 -2 5.6569 -24.3431 -2
4 16 5.6569 -24.3431 -2 2.2961 -24.4567 -2 4.2426 -25.7574 -2 7.391 -26.9385 -2
4 16 7.391 -26.9385 -2 4.2426 -25.7574 -2 5.5433 -27.7039 -2 8 -30 -2
4 16 8 -30 -2 5.5433 -27.7039 -2 6 -30 -2 7.391 -33.0615 -2
4 16 7.391 -33.0615 -2 6 -30 -2 5.5433 -32.2961 -2 5.6569 -35.6569 -2
4 16 5.6569 -35.6569 -2 5.5433 -32.2961 -2 4.2426 -34.2426 -2 3.0615 -37.391 -2
4 16 3.0615 -37.391 -2 4.2426 -34.2426 -2 2.2961 -35.5433 -2 0 -38 -2
4 16 6.364 -36.364 -4 6.364 -36.364 -20 8.3149 -33.4442 -20 8.3149 -33.4442 -4
5 24 6.364 -36.364 -20 6.364 -36.364 -4 3.4442 -38.3149 -4 8.3149 -33.4442 -20
2 24 8.3149 -33.4442 -20 6.364 -36.364 -20
5 24 8.3149 -33.4442 -20 8.3149 -33.4442 -4 6.364 -36.364 -4 9 -30 -20
2 24 6.364 -36.364 -4 8.3149 -33.4442 -4
4 16 8.3149 -33.4442 -4 8.3149 -33.4442 -20 9 -30 -20 9 -30 -4
2 24 9 -30 -20 8.3149 -33.4442 -20
5 24 9 -30 -20 9 -30 -4 8.3149 -33.4442 -4 8.3149 -26.5558 -20
2 24 8.3149 -33.4442 -4 9 -30 -4
4 16 9 -30 -4 9 -30 -20 8.3149 -26.5558 -20 8.3149 -26.5558 -4
2 24 8.3149 -26.5558 -20 9 -30 -20
5 24 8.3149 -26.5558 -4 8.3149 -26.5558 -20 6.986 -24.567 -14 9 -30 -4
2 24 9 -30 -4 8.3149 -26.5558 -4
4 16 1 -38.8011 -4 1 -38.8011 -20 3.4442 -38.3149 -20 3.4442 -38.3149 -4
2 24 1 -38.8011 -20 1 -38.8011 -4
2 24 3.4442 -38.3149 -20 1 -38.8011 -20
5 24 3.4442 -38.3149 -20 3.4442 -38.3149 -4 1 -38.8011 -4 6.364 -36.364 -20
2 24 1 -38.8011 -4 3.4442 -38.3149 -4
4 16 3.4442 -38.3149 -4 3.4442 -38.3149 -20 6.364 -36.364 -20 6.364 -36.364 -4
2 24 6.364 -36.364 -20 3.4442 -38.3149 -20
2 24 3.4442 -38.3149 -4 6.364 -36.364 -4
4 16 6.364 -43.636 -4 6.364 -43.636 -20 3.4442 -41.6851 -20 3.4442 -41.6851 -4
5 24 6.364 -43.636 -20 6.364 -43.636 -4 8.3149 -46.5559 -4 3.4442 -41.6851 -20
2 24 3.4442 -41.6851 -20 6.364 -43.636 -20
5 24 3.4442 -41.6851 -20 3.4442 -41.6851 -4 6.364 -43.636 -4 1 -41.1989 -20
2 24 6.364 -43.636 -4 3.4442 -41.6851 -4
4 16 3.4442 -41.6851 -4 3.4442 -41.6851 -20 1 -41.1989 -20 1 -41.1989 -4
2 24 1 -41.1989 -20 3.4442 -41.6851 -20
2 24 1 -41.1989 -20 1 -41.1989 -4
2 24 3.4442 -41.6851 -4 1 -41.1989 -4
4 16 8.6445 -48.2129 -4 8.6445 -48.2129 -20 8.3149 -46.5559 -20 8.3149 -46.5559 -4
2 24 8.6445 -48.2129 -20 8.6445 -48.2129 -4
2 24 8.3149 -46.5559 -20 8.6445 -48.2129 -20
5 24 8.3149 -46.5559 -20 8.3149 -46.5559 -4 8.6445 -48.2129 -4 6.364 -43.636 -20
2 24 8.6445 -48.2129 -4 8.3149 -46.5559 -4
4 16 8.3149 -46.5559 -4 8.3149 -46.5559 -20 6.364 -43.636 -20 6.364 -43.636 -4
2 24 6.364 -43.636 -20 8.3149 -46.5559 -20
2 24 8.3149 -46.5559 -4 6.364 -43.636 -4
4 16 -6.364 -43.636 -4 -6.364 -43.636 -20 -8.3149 -46.5559 -20 -8.3149 -46.5559 -4
5 24 -6.364 -43.636 -20 -6.364 -43.636 -4 -3.4442 -41.6851 -4 -8.3149 -46.5559 -20
2 24 -8.3149 -46.5559 -20 -6.364 -43.636 -20
5 24 -8.3149 -46.5559 -20 -8.3149 -46.5559 -4 -6.364 -43.636 -4 -9 -50 -20
2 24 -6.364 -43.636 -4 -8.3149 -46.5559 -4
4 16 -8.3149 -46.5559 -4 -8.3149 -46.5559 -20 -9 -50 -20 -9 -50 -4
2 24 -9 -50 -20 -8.3149 -46.5559 -20
5 24 -9 -50 -4 -9 -50 -20 -8.3149 -53.4441 -20 -8.3149 -46.5559 -4
2 24 -8.3149 -46.5559 -4 -9 -50 -4
4 16 -1 -41.1989 -4 -1 -41.1989 -20 -3.4442 -41.6851 -20 -3.4442 -41.6851 -4
2 24 -1 -41.1989 -20 -1 -41.1989 -4
2 24 -3.4442 -41.6851 -20 -1 -41.1989 -20
5 24 -3.4442 -41.6851 -20 -3.4442 -41.6851 -4 -1 -41.1989 -4 -6.364 -43.636 -20
2 24 -1 -41.1989 -4 -3.4442 -41.6851 -4
4 16 -3.4442 -41.6851 -4 -3.4442 -41.6851 -20 -6.364 -43.636 -20 -6.364 -43.636 -4
2 24 -6.364 -43.636 -20 -3.4442 -41.6851 -20
2 24 -3.4442 -41.6851 -4 -6.364 -43.636 -4
4 16 -6.364 -36.364 -4 -8.315 -33.444 -4 -8.315 -33.444 -20 -6.364 -36.364 -20
2 24 -8.315 -33.444 -4 -6.364 -36.364 -4
5 24 -8.315 -33.444 -4 -8.315 -33.444 -20 -6.364 -36.364 -20 -9 -30 -4
2 24 -6.364 -36.364 -20 -8.315 -33.444 -20
5 24 -6.364 -36.364 -20 -6.364 -36.364 -4 -8.315 -33.444 -4 -3.4442 -38.3149 -20
4 16 -6.364 -36.364 -20 -3.4442 -38.3149 -20 -3.4442 -38.3149 -4 -6.364 -36.364 -4
2 24 -3.4442 -38.3149 -20 -6.364 -36.364 -20
5 24 -3.4442 -38.3149 -20 -3.4442 -38.3149 -4 -6.364 -36.364 -4 -1 -38.8011 -20
2 24 -6.364 -36.364 -4 -3.4442 -38.3149 -4
4 16 -9 -30 -4 -9 -30 -20 -8.315 -33.444 -20 -8.315 -33.444 -4
5 24 -9 -30 -20 -9 -30 -4 -8.3149 -26.5558 -2 -8.315 -33.444 -20
2 24 -8.315 -33.444 -20 -9 -30 -20
2 24 -9 -30 -4 -8.315 -33.444 -4
4 16 29 -30 24.497 25.5433 -27.7039 28.4526 26 -30 27.0593 28.3149 -33.4442 23.5773
2 24 26 -30 27.0593 25.5433 -27.7039 28.4526
2 24 29 -30 24.497 28.3149 -33.4442 23.5773
4 16 28.3149 -33.4442 23.5773 26 -30 27.0593 25.5433 -32.2961 26.4462 26.364 -36.364 23.968
2 24 25.5433 -32.2961 26.4462 26 -30 27.0593
2 24 28.3149 -33.4442 23.5773 26.364 -36.364 23.968
4 16 26.364 -36.364 23.968 25.5433 -32.2961 26.4462 24.2426 -34.2426 26.7067 23.4442 -38.3149 25.6094
2 24 24.2426 -34.2426 26.7067 25.5433 -32.2961 26.4462
2 24 26.364 -36.364 23.968 23.4442 -38.3149 25.6094
4 16 23.4442 -38.3149 25.6094 24.2426 -34.2426 26.7067 22.2961 -35.5433 27.801 20 -39 28.2518
2 24 22.2961 -35.5433 27.801 24.2426 -34.2426 26.7067
2 24 23.4442 -38.3149 25.6094 20 -39 28.2518
4 16 20 -39 28.2518 22.2961 -35.5433 27.801 20 -36 29.5626 17.7581 -38.5541 30.3615
2 24 20 -36 29.5626 22.2961 -35.5433 27.801
2 24 20 -39 28.2518 17.7581 -38.5541 30.3615
3 16 17.7581 -38.5541 30.3615 20 -36 29.5626 19.0176 -36 30.4016
2 24 19.0176 -36 30.4016 20 -36 29.5626
2 24 17.7581 -38.5541 30.3615 19.0176 -36 30.4016
3 16 24.0182 -22.0686 32.2173 23.8849 -22.7387 32.0384 26.364 -23.636 29.5289
2 24 23.8849 -22.7387 32.0384 24.0182 -22.0686 32.2173
2 24 24.0182 -22.0686 32.2173 26.364 -23.636 29.5289
4 16 26.364 -23.636 29.5289 23.8849 -22.7387 32.0384 23.4567 -24 31.853 24.2426 -25.7574 30.414
2 24 23.4567 -24 31.853 23.8849 -22.7387 32.0384
3 16 26.364 -23.636 29.5289 24.2426 -25.7574 30.414 28.3149 -26.5558 26.5869
2 24 26.364 -23.636 29.5289 28.3149 -26.5558 26.5869
4 16 28.3149 -26.5558 26.5869 24.2426 -25.7574 30.414 25.5433 -27.7039 28.4526 29 -30 24.497
2 24 25.5433 -27.7039 28.4526 24.2426 -25.7574 30.414
2 24 28.3149 -26.5558 26.5869 29 -30 24.497
4 16 20.277 -24.0551 34.5448 22.2961 -24.4567 32.6448 23.4567 -24 31.853 20.2957 -24 34.5529
2 24 22.2961 -24.4567 32.6448 20.277 -24.0551 34.5448
2 24 20.2957 -24 34.5529 23.4567 -24 31.853
2 24 20.277 -24.0551 34.5448 20.2957 -24 34.5529
3 16 23.4567 -24 31.853 22.2961 -24.4567 32.6448 24.2426 -25.7574 30.414
2 24 24.2426 -25.7574 30.414 22.2961 -24.4567 32.6448
4 16 23.4567 -24 31.853 23.4567 -24 76.9147 20 -24 76.9147 20.2957 -24 34.5529
2 24 23.4567 -24 31.853 23.4567 -24 76.9147
2 24 20 -24 76.9147 23.4567 -24 76.9147
3 16 20.2957 -24 34.5529 20 -24 76.9147 20.2957 -24 20
2 24 20.2957 -24 34.5529 20.2957 -24 20
3 16 20.2957 -24 20 20 -24 76.9147 20 -24 61.9147
4 16 20.2957 -24 20 20 -24 61.9147 13.3928 -24 61.9147 13.3928 -24 20
2 24 13.3928 -24 61.9147 20 -24 61.9147
2 24 13.3928 -24 20 13.3928 -24 61.9147
2 24 20.2957 -24 20 13.3928 -24 20
3 16 -6.364 -43.636 -4 -8.315 -33.444 -4 -3.4442 -41.6851 -4
3 16 -3.4442 -41.6851 -4 -8.315 -33.444 -4 -6.364 -36.364 -4
4 16 -3.4442 -41.6851 -4 -6.364 -36.364 -4 -3.4442 -38.3149 -4 -1 -41.1989 -4
3 16 -1 -41.1989 -4 -3.4442 -38.3149 -4 -1 -38.8011 -4
2 24 -3.4442 -38.3149 -4 -1 -38.8011 -4
2 24 -1 -38.8011 -4 -1 -41.1989 -4
4 16 -9 -50 -4 -9 -30 -4 -8.315 -33.444 -4 -8.3149 -46.5559 -4
2 24 -9 -30 -4 -9 -50 -4
3 16 -8.3149 -46.5559 -4 -8.315 -33.444 -4 -6.364 -43.636 -4
3 16 0 -21 -20 -3.4442 -21.6851 -20 0 -21 -14
2 24 -3.4442 -21.6851 -20 0 -21 -20
5 24 0 -21 -20 0 -21 -14 3.444 -21.685 -14 -3.4442 -21.6851 -20
4 16 0 -21 -14 -3.4442 -21.6851 -20 -3.4442 -21.6851 0 0 -21 0
5 24 -3.4442 -21.6851 0 -3.4442 -21.6851 -20 -3.9155 -22 -2 0 -21 0
2 24 0 -21 0 -3.4442 -21.6851 0
5 24 0 -21 -14 0 -21 0 20 -21 0 -3.4442 -21.6851 -20
3 16 -3.9155 -22 0 -3.4442 -21.6851 0 -3.9155 -22 -2
2 24 -3.4442 -21.6851 0 -3.9155 -22 0
2 24 -3.9155 -22 -2 -3.9155 -22 0
3 16 -3.9155 -22 -2 -3.4442 -21.6851 0 -3.4442 -21.6851 -20
4 16 -3.9155 -22 -2 -3.4442 -21.6851 -20 -6.364 -23.636 -20 -6.364 -23.636 -2
2 24 -6.364 -23.636 -20 -3.4442 -21.6851 -20
5 24 -6.364 -23.636 -2 -6.364 -23.636 -20 -8.315 -26.556 -20 -3.9155 -22 -2
3 16 -9 -50 -2 -9 -42 -2 -9 -50 -4
5 24 -9 -50 -2 -9 -50 -4 -8.3149 -53.4441 -20 -9 -42 -2
3 16 -9 -50 -4 -9 -42 -2 -9 -38 -2
4 16 -9 -50 -4 -9 -38 -2 -9 -30 -2 -9 -30 -4
5 24 -9 -30 -4 -9 -30 -2 -8.3149 -26.5558 -2 -9 -50 -4
4 16 -9 -38 -2 -9 -42 -2 -9 -42 0 -9 -38 0
2 24 -9 -42 -2 -9 -42 0
2 24 -9 -38 0 -9 -42 0
2 24 -9 -38 0 -9 -38 -2
4 16 -6.364 -56.364 -2 -6.364 -56.364 -20 -3.4442 -58.3149 -20 -3.9155 -58 -2
5 24 -6.364 -56.364 -20 -6.364 -56.364 -2 -8.3149 -53.4441 -2 -3.4442 -58.3149 -20
2 24 -3.4442 -58.3149 -20 -6.364 -56.364 -20
3 16 -3.9155 -58 -2 -3.4442 -58.3149 -20 -3.9155 -58 0
2 24 -3.9155 -58 0 -3.9155 -58 -2
3 16 -3.9155 -58 0 -3.4442 -58.3149 -20 -3.4442 -58.3149 0
5 24 -3.4442 -58.3149 0 -3.4442 -58.3149 -20 0 -59 -20 -3.9155 -58 0
2 24 -3.9155 -58 0 -3.4442 -58.3149 0
4 16 6.5215 -56.2587 0 3.4442 -58.3149 0 3.4442 -58.3149 -20 6.5215 -56.2587 -20
2 24 3.4442 -58.3149 0 6.5215 -56.2587 0
5 24 3.4442 -58.3149 0 3.4442 -58.3149 -20 6.5215 -56.2587 -20 0 -59 0
2 24 6.5215 -56.2587 -20 3.4442 -58.3149 -20
5 24 6.5215 -56.2587 0 6.5215 -56.2587 -20 8.7234 -53.4831 -20 3.4442 -58.3149 0
4 16 0 -59 0 0 -59 -20 3.4442 -58.3149 -20 3.4442 -58.3149 0
5 24 0 -59 0 0 -59 -20 3.4442 -58.3149 -20 -3.4442 -58.3149 0
2 24 3.4442 -58.3149 -20 0 -59 -20
2 24 0 -59 0 3.4442 -58.3149 0
3 16 20 -21 -15.25 20 -21 -14 21.1785 -21 -15.25
5 24 20 -21 -14 20 -21 -15.25 16.5558 -21.6851 -15.4213 21.1785 -21 -15.25
2 24 20 -21 -15.25 21.1785 -21 -15.25
3 16 21.1785 -21 -15.25 20 -21 -14 20 -21 0
3 16 21.1785 -21 -15.25 20 -21 0 21.1785 -21 79.1754
2 24 21.1785 -21 -15.25 21.1785 -21 79.1754
3 16 21.1785 -21 79.1754 20 -21 0 20 -21 79.1754
5 24 20 -21 79.1754 20 -21 0 16.5558 -21.6851 0 21.1785 -21 79.1754
2 24 21.1785 -21 79.1754 20 -21 79.1754
4 16 20 -21 0 20 -21 -14 0 -21 -14 0 -21 0
2 24 20 -21 0 0 -21 0
4 16 11.6851 -26.5558 59.9887 11.6851 -26.5558 74.9887 13.636 -23.636 77.189 13.3928 -24 61.9147
5 24 11.6851 -26.5558 74.9887 11.6851 -26.5558 59.9887 11 -30 57.393 13.636 -23.636 77.189
2 24 13.636 -23.636 77.189 11.6851 -26.5558 74.9887
2 24 11.6851 -26.5558 59.9887 13.3928 -24 61.9147
3 16 13.3928 -24 61.9147 13.636 -23.636 77.189 13.3928 -24 20
3 16 13.3928 -24 20 13.636 -23.636 77.189 13.636 -23.636 0
5 24 13.636 -23.636 77.189 13.636 -23.636 0 13.3928 -24 20 16.5558 -21.6851 78.6591
4 16 13.3928 -24 20 13.636 -23.636 0 11.685 -26.556 0 11.685 -26.556 20
2 24 11.685 -26.556 0 13.636 -23.636 0
2 24 13.3928 -24 20 11.685 -26.556 20
4 16 11.685 -33.444 20 11.685 -33.444 0 13.636 -36.364 0 13.393 -36 20
2 24 13.636 -36.364 0 11.685 -33.444 0
2 24 11.685 -33.444 20 13.393 -36 20
3 16 13.393 -36 20 13.636 -36.364 0 13.393 -36 52.872
2 24 13.393 -36 20 13.393 -36 52.872
3 16 13.393 -36 52.872 13.636 -36.364 0 13.636 -36.364 67.598
5 24 13.636 -36.364 0 13.636 -36.364 67.598 13.393 -36 52.872 15.025 -37.292 0
4 16 13.393 -36 52.872 13.636 -36.364 67.598 11.685 -33.444 69.798 11.685 -33.444 54.798
2 24 11.685 -33.444 69.798 13.636 -36.364 67.598
5 24 11.685 -33.444 69.798 11.685 -33.444 54.798 13.393 -36 52.872 11 -30 72.393
2 24 13.393 -36 52.872 11.685 -33.444 54.798
4 16 24.0182 -22.0686 -15.5172 26.1269 -11.4675 -12.8669 26.1269 -11.4675 83.816 24.0182 -22.0686 32.2173
2 24 26.1269 -11.4675 -12.8669 24.0182 -22.0686 -15.5172
5 24 26.1269 -11.4675 83.816 26.1269 -11.4675 -12.8669 26.7474 -2 -10.5 24.0182 -22.0686 32.2173
2 24 24.0182 -22.0686 -15.5172 24.0182 -22.0686 32.2173
3 16 24.0182 -22.0686 32.2173 26.1269 -11.4675 83.816 23.8849 -22.7387 32.0384
4 16 23.8849 -22.7387 32.0384 26.1269 -11.4675 83.816 25.7469 -13.3779 84.919 23.8849 -22.7387 77.8652
2 24 25.7469 -13.3779 84.919 26.1269 -11.4675 83.816
2 24 23.8849 -22.7387 77.8652 25.7469 -13.3779 84.919
5 24 23.8849 -22.7387 77.8652 23.8849 -22.7387 32.0384 26.1269 -11.4675 83.816 23.4567 -24 76.9147
4 16 -3.4442 -21.6851 -20 -3.0615 -22.609 -20 -5.6569 -24.3431 -20 -6.364 -23.636 -20
4 16 -6.364 -23.636 -20 -5.6569 -24.3431 -20 -7.391 -26.9385 -20 -8.315 -26.556 -20
2 24 -6.364 -23.636 -20 -8.315 -26.556 -20
4 16 -8.315 -26.556 -20 -7.391 -26.9385 -20 -8 -30 -20 -9 -30 -20
2 24 -8.315 -26.556 -20 -9 -30 -20
4 16 -9 -30 -20 -8 -30 -20 -7.391 -33.0615 -20 -8.315 -33.444 -20
4 16 -8.315 -33.444 -20 -7.391 -33.0615 -20 -5.6569 -35.6569 -20 -6.364 -36.364 -20
4 16 -6.364 -36.364 -20 -5.6569 -35.6569 -20 -3.0615 -37.391 -20 -3.4442 -38.3149 -20
4 16 3.0615 -22.609 -20 0 -22 -20 0 -21 -20 3.4442 -21.6851 -20
2 24 3.4442 -21.6851 -20 0 -21 -20
4 16 0 -21 -20 0 -22 -20 -3.0615 -22.609 -20 -3.4442 -21.6851 -20
3 16 8 -50 -20 8.7234 -53.4831 -20 7.391 -53.0615 -20
4 16 7.391 -53.0615 -20 8.7234 -53.4831 -20 6.5215 -56.2587 -20 5.6569 -55.6569 -20
2 24 8.7234 -53.4831 -20 6.5215 -56.2587 -20
4 16 5.6569 -55.6569 -20 6.5215 -56.2587 -20 3.4442 -58.3149 -20 3.0615 -57.391 -20
4 16 3.0615 -57.391 -20 3.4442 -58.3149 -20 0 -59 -20 0 -58 -20
4 16 0 -58 -20 0 -59 -20 -3.4442 -58.3149 -20 -3.0615 -57.391 -20
2 24 0 -59 -20 -3.4442 -58.3149 -20
4 16 -3.0615 -57.391 -20 -3.4442 -58.3149 -20 -6.364 -56.364 -20 -5.6569 -55.6569 -20
4 16 -5.6569 -55.6569 -20 -6.364 -56.364 -20 -8.3149 -53.4441 -20 -7.391 -53.0615 -20
2 24 -8.3149 -53.4441 -20 -6.364 -56.364 -20
4 16 -7.391 -53.0615 -20 -8.3149 -53.4441 -20 -9 -50 -20 -8 -50 -20
2 24 -9 -50 -20 -8.3149 -53.4441 -20
4 16 -8 -50 -20 -9 -50 -20 -8.3149 -46.5559 -20 -7.391 -46.9385 -20
4 16 -7.391 -46.9385 -20 -8.3149 -46.5559 -20 -6.364 -43.636 -20 -5.6569 -44.3431 -20
4 16 -5.6569 -44.3431 -20 -6.364 -43.636 -20 -3.4442 -41.6851 -20 -3.0615 -42.609 -20
4 16 -3.0615 -42.609 -20 -3.4442 -41.6851 -20 -1 -41.1989 -20 0 -42 -20
3 16 0 -42 -20 -1 -41.1989 -20 -1 -38.8011 -20
2 24 -1 -41.1989 -20 -1 -38.8011 -20
4 16 0 -42 -20 -1 -38.8011 -20 1 -38.8011 -20 1 -41.1989 -20
2 24 1 -38.8011 -20 1 -41.1989 -20
3 16 1 -38.8011 -20 -1 -38.8011 -20 -3.4442 -38.3149 -20
2 24 -1 -38.8011 -20 -3.4442 -38.3149 -20
4 16 1 -38.8011 -20 -3.4442 -38.3149 -20 0 -38 -20 3.4442 -38.3149 -20
3 16 3.4442 -38.3149 -20 0 -38 -20 3.0615 -37.391 -20
3 16 0 -38 -20 -3.4442 -38.3149 -20 -3.0615 -37.391 -20
4 16 8.7234 -53.4831 -20 7.391 -46.9385 -20 8.3149 -46.5559 -20 8.6445 -48.2129 -20
4 16 8.3149 -46.5559 -20 7.391 -46.9385 -20 5.6569 -44.3431 -20 6.364 -43.636 -20
3 16 6.364 -43.636 -20 5.6569 -44.3431 -20 3.0615 -42.609 -20
4 16 6.364 -43.636 -20 3.0615 -42.609 -20 1 -41.1989 -20 3.4442 -41.6851 -20
3 16 1 -41.1989 -20 3.0615 -42.609 -20 0 -42 -20
4 16 3.4442 -38.3149 -20 3.0615 -37.391 -20 5.6569 -35.6569 -20 6.364 -36.364 -20
4 16 6.364 -36.364 -20 5.6569 -35.6569 -20 7.391 -33.0615 -20 8.3149 -33.4442 -20
4 16 8.3149 -33.4442 -20 7.391 -33.0615 -20 8 -30 -20 9 -30 -20
4 16 9 -30 -20 8 -30 -20 7.391 -26.9385 -20 8.3149 -26.5558 -20
4 16 8.3149 -26.5558 -20 7.391 -26.9385 -20 5.6569 -24.3431 -20 6.364 -23.636 -20
2 24 8.3149 -26.5558 -20 6.364 -23.636 -20
4 16 6.364 -23.636 -20 5.6569 -24.3431 -20 3.0615 -22.609 -20 3.4442 -21.6851 -20
2 24 6.364 -23.636 -20 3.4442 -21.6851 -20
3 16 13.767 -39.86 -20 14.0379 -40 -20 12.51 -42.4278 -20
2 24 13.767 -39.86 -20 14.0379 -40 -20
2 24 13.767 -39.86 -20 12.51 -42.4278 -20
3 16 12.51 -42.4278 -20 14.0379 -40 -20 17.0451 -40 -20
5 24 17.0451 -40 -20 14.0379 -40 -20 13.7673 -39.8598 -19.9649 12.51 -42.4278 -20
4 16 12.51 -42.4278 -20 17.0451 -40 -20 15.1081 -43.9278 -20 8.6445 -48.2129 -20
2 24 15.1081 -43.9278 -20 17.0451 -40 -20
2 24 12.51 -42.4278 -20 8.6445 -48.2129 -20
3 16 8.6445 -48.2129 -20 15.1081 -43.9278 -20 8.7234 -53.4831 -20
2 24 8.7234 -53.4831 -20 15.1081 -43.9278 -20
3 16 8 -50 -20 7.391 -46.9385 -20 8.7234 -53.4831 -20
4 16 23.4442 -38.3149 -19.5787 20 -36 -19 22.2961 -35.5433 -18.8858 26.364 -36.364 -19.091
2 24 22.2961 -35.5433 -18.8858 20 -36 -19
2 24 23.4442 -38.3149 -19.5787 26.364 -36.364 -19.091
4 16 26.364 -36.364 -19.091 22.2961 -35.5433 -18.8858 24.2426 -34.2426 -18.5607 28.3149 -33.4442 -18.361
2 24 24.2426 -34.2426 -18.5607 22.2961 -35.5433 -18.8858
2 24 26.364 -36.364 -19.091 28.3149 -33.4442 -18.361
3 16 28.3149 -33.4442 -18.361 24.2426 -34.2426 -18.5607 25.543 -32.296 -18.074
2 24 25.543 -32.296 -18.074 24.2426 -34.2426 -18.5607
3 16 25.543 -32.296 -18.074 26 -30 -17.5 28.3149 -33.4442 -18.361
2 24 26 -30 -17.5 25.543 -32.296 -18.074
3 16 28.3149 -33.4442 -18.361 26 -30 -17.5 25.5433 -27.7039 -16.926
2 24 25.5433 -27.7039 -16.926 26 -30 -17.5
4 16 28.3149 -33.4442 -18.361 25.5433 -27.7039 -16.926 28.3149 -26.5558 -16.639 29 -30 -17.5
2 24 29 -30 -17.5 28.3149 -26.5558 -16.639
2 24 28.3149 -33.4442 -18.361 29 -30 -17.5
3 16 28.3149 -26.5558 -16.639 25.5433 -27.7039 -16.926 24.2426 -25.7574 -16.4393
2 24 24.2426 -25.7574 -16.4393 25.5433 -27.7039 -16.926
4 16 28.3149 -26.5558 -16.639 24.2426 -25.7574 -16.4393 22.2961 -24.4567 -16.1142 26.364 -23.636 -15.909
2 24 22.2961 -24.4567 -16.1142 24.2426 -25.7574 -16.4393
2 24 28.3149 -26.5558 -16.639 26.364 -23.636 -15.909
3 16 16.5558 -21.6851 -15.4213 20 -21 -15.25 20 -24 -16
2 24 20 -21 -15.25 16.5558 -21.6851 -15.4213
4 16 20 -24 -16 20 -21 -15.25 26.364 -23.636 -15.909 22.2961 -24.4567 -16.1142
2 24 20 -24 -16 22.2961 -24.4567 -16.1142
4 16 14.0379 -40 -20 13.7673 -39.8598 -19.9649 17.7581 -38.5541 -19.6385 17.0451 -40 -20
2 24 14.0379 -40 -20 13.7673 -39.8598 -19.9649
2 24 17.0451 -40 -20 17.7581 -38.5541 -19.6385
4 16 17.7581 -38.5541 -19.6385 13.7673 -39.8598 -19.9649 15.0245 -37.2917 -19.3229 17.7039 -35.5433 -18.8858
2 24 15.0245 -37.2917 -19.3229 13.7673 -39.8598 -19.9649
3 16 17.7581 -38.5541 -19.6385 17.7039 -35.5433 -18.8858 20 -39 -19.75
2 24 17.7581 -38.5541 -19.6385 20 -39 -19.75
4 16 20 -39 -19.75 17.7039 -35.5433 -18.8858 20 -36 -19 23.4442 -38.3149 -19.5787
2 24 20 -36 -19 17.7039 -35.5433 -18.8858
2 24 20 -39 -19.75 23.4442 -38.3149 -19.5787
4 16 11.6851 -33.4442 -18.361 11 -30 -17.5 15.0245 -37.2917 -19.3229 13.636 -36.364 -19.091
2 24 11 -30 -17.5 11.6851 -33.4442 -18.361
2 24 13.636 -36.364 -19.091 15.0245 -37.2917 -19.3229
2 24 11.6851 -33.4442 -18.361 13.636 -36.364 -19.091
4 16 15.0245 -37.2917 -19.3229 11 -30 -17.5 11.6851 -26.5558 -16.639 14 -30 -17.5
2 24 11.6851 -26.5558 -16.639 11 -30 -17.5
4 16 14 -30 -17.5 11.6851 -26.5558 -16.639 13.636 -23.636 -15.909 14.4567 -27.7039 -16.926
2 24 13.636 -23.636 -15.909 11.6851 -26.5558 -16.639
2 24 14 -30 -17.5 14.4567 -27.7039 -16.926
3 16 14.4567 -27.7039 -16.926 13.636 -23.636 -15.909 15.757 -25.757 -16.439
2 24 14.4567 -27.7039 -16.926 15.757 -25.757 -16.439
3 16 15.757 -25.757 -16.439 13.636 -23.636 -15.909 17.7039 -24.4567 -16.1142
2 24 15.757 -25.757 -16.439 17.7039 -24.4567 -16.1142
4 16 17.7039 -24.4567 -16.1142 13.636 -23.636 -15.909 16.5558 -21.6851 -15.4213 20 -24 -16
2 24 16.5558 -21.6851 -15.4213 13.636 -23.636 -15.909
2 24 17.7039 -24.4567 -16.1142 20 -24 -16
3 16 14.457 -32.296 -18.074 15.757 -34.243 -18.561 15.0245 -37.2917 -19.3229
2 24 15.757 -34.243 -18.561 14.457 -32.296 -18.074
3 16 15.0245 -37.2917 -19.3229 15.757 -34.243 -18.561 17.7039 -35.5433 -18.8858
2 24 17.7039 -35.5433 -18.8858 15.757 -34.243 -18.561
4 16 26.7474 -2 -10.5 26.1269 -11.4675 -12.8669 21.1785 -21 -15.25 23.1526 -11.0759 -12.769
2 24 26.7474 -2 -10.5 26.1269 -11.4675 -12.8669
2 24 23.1526 -11.0759 -12.769 21.1785 -21 -15.25
3 16 21.1785 -21 -15.25 26.1269 -11.4675 -12.8669 24.0182 -22.0686 -15.5172
4 16 21.1785 -21 -15.25 24.0182 -22.0686 -15.5172 26.364 -23.636 -15.909 20 -21 -15.25
2 24 26.364 -23.636 -15.909 24.0182 -22.0686 -15.5172
3 16 23.7474 -2 -10.5 26.7474 -2 -10.5 23.1526 -11.0759 -12.769
2 24 26.7474 -2 -10.5 23.7474 -2 -10.5
2 24 23.1526 -11.0759 -12.769 23.7474 -2 -10.5
3 16 15.0245 -37.2917 -19.3229 14 -30 -17.5 14.457 -32.296 -18.074
2 24 14.457 -32.296 -18.074 14 -30 -17.5
4 16 13.767 -39.86 -20 12.51 -42.4278 -20 12.51 -42.428 -4 13.7673 -39.8598 -19.9649
2 24 13.7673 -39.8598 -19.9649 13.767 -39.86 -20
4 16 13.7673 -39.8598 -19.9649 12.51 -42.428 -4 15.025 -37.292 -4 15.0245 -37.2917 -19.3229
2 24 15.025 -37.292 -4 12.51 -42.428 -4
2 24 15.0245 -37.2917 -19.3229 15.025 -37.292 -4
4 16 14.457 -32.296 -15 14.457 -32.296 -18.074 14 -30 -17.5 14.162 -30.813 -15
4 16 14.162 -30.813 -15 14 -30 -17.5 14 -30 20 14.162 -30.813 20
2 24 14.162 -30.813 20 14 -30 20
2 24 14.162 -30.813 20 14.162 -30.813 -15
4 16 17.704 -24.457 20 15.757 -25.757 20 15.757 -25.757 -16.439 17.704 -24.457 -15
2 24 15.757 -25.757 20 17.704 -24.457 20
2 24 17.704 -24.457 -15 17.704 -24.457 20
3 16 17.704 -24.457 -15 15.757 -25.757 -16.439 17.7039 -24.4567 -16.1142
4 16 16.375 -34.656 20 17.704 -35.543 20 17.7039 -35.5433 -18.8858 16.375 -34.656 -15
2 24 17.704 -35.543 20 16.375 -34.656 20
2 24 16.375 -34.656 -15 16.375 -34.656 20
4 16 16.375 -34.656 -15 17.7039 -35.5433 -18.8858 15.757 -34.243 -18.561 15.757 -34.243 -15
4 16 24.2426 -25.7574 30.414 22.296 -24.457 20 22.296 -24.457 -15 24.2426 -25.7574 -16.4393
2 24 22.296 -24.457 20 22.296 -24.457 -15
3 16 24.2426 -25.7574 -16.4393 22.296 -24.457 -15 22.2961 -24.4567 -16.1142
3 16 24.2426 -25.7574 30.414 22.2961 -24.4567 32.6448 22.296 -24.457 20
4 16 25.543 -32.296 20 25.5433 -32.2961 26.4462 26 -30 27.0593 25.838 -30.813 20
3 16 25.838 -30.813 20 26 -30 27.0593 25.838 -30.813 -15
2 24 25.838 -30.813 -15 25.838 -30.813 20
3 16 25.838 -30.813 -15 26 -30 27.0593 26 -30 -17.5
4 16 25.838 -30.813 -15 26 -30 -17.5 25.543 -32.296 -18.074 25.543 -32.296 -15
4 16 24.243 -34.243 -15 24.2426 -34.2426 -18.5607 22.2961 -35.5433 -18.8858 23.625 -34.656 -15
4 16 23.625 -34.656 -15 22.2961 -35.5433 -18.8858 22.2961 -35.5433 27.801 23.625 -34.656 20
2 24 23.625 -34.656 20 23.625 -34.656 -15
4 16 23.625 -34.656 20 22.2961 -35.5433 27.801 24.2426 -34.2426 26.7067 24.243 -34.243 20
3 16 20 -36 29.5626 22.2961 -35.5433 27.801 20 -36 20
4 16 20 -36 20 22.2961 -35.5433 27.801 22.2961 -35.5433 -18.8858 20 -36 -19
3 16 -9 -30 -2 -8.3149 -26.5558 -2 -9 -30 -4
4 16 -9 -30 -4 -8.3149 -26.5558 -2 -8.315 -26.556 -20 -9 -30 -20
5 24 -8.3149 -26.5558 -2 -8.315 -26.556 -20 -9 -30 -20 -6.364 -23.636 -2
3 16 -9 -50 -20 -8.3149 -53.4441 -20 -9 -50 -4
4 16 -9 -50 -4 -8.3149 -53.4441 -20 -8.3149 -53.4441 -2 -9 -50 -2
5 24 -8.3149 -53.4441 -2 -8.3149 -53.4441 -20 -6.364 -56.364 -20 -9 -50 -2
3 16 17.0451 -40 -20 17.7581 -38.5541 -19.6385 15.1081 -43.9278 -20
4 16 15.1081 -43.9278 -20 17.7581 -38.5541 -19.6385 17.7581 -38.5541 30.3615 15.1081 -43.9278 32.624
2 24 17.7581 -38.5541 -19.6385 17.7581 -38.5541 30.3615
5 24 15.1081 -43.9278 -20 15.1081 -43.9278 32.624 13.7136 -46.0149 0 17.7581 -38.5541 -19.6385
4 16 15.1081 -43.9278 32.624 17.7581 -38.5541 30.3615 19.0176 -36 30.4016 19.0176 -36 52.8721
2 24 19.0176 -36 52.8721 19.0176 -36 30.4016
3 16 15.1081 -43.9278 32.624 19.0176 -36 52.8721 16.1667 -41.7811 63.5157
4 16 16.1667 -41.7811 63.5157 19.0176 -36 52.8721 19.1054 -35.8221 53.0061 19.1054 -35.8221 68.0061
2 24 19.1054 -35.8221 53.0061 19.0176 -36 52.8721
2 24 19.1054 -35.8221 53.0061 19.1054 -35.8221 68.0061
2 24 16.1667 -41.7811 63.5157 19.1054 -35.8221 68.0061
4 16 8.7234 -53.4831 0 8.7234 -53.4831 -20 15.1081 -43.9278 -20 13.7136 -46.0149 0
5 24 8.7234 -53.4831 0 8.7234 -53.4831 -20 15.1081 -43.9278 -20 6.5215 -56.2587 0
2 24 8.7234 -53.4831 0 13.7136 -46.0149 0
3 16 13.7136 -46.0149 0 15.1081 -43.9278 -20 15.1081 -43.9278 32.624
4 16 13.6788 -40.0405 64.8273 16.1667 -41.7811 63.5157 19.1054 -35.8221 68.0061 15.025 -37.292 66.899
2 24 13.6788 -40.0405 64.8273 15.025 -37.292 66.899
4 16 15.025 -37.292 66.899 19.1054 -35.8221 68.0061 17.7039 -35.5433 68.2162 13.636 -36.364 67.598
2 24 19.1054 -35.8221 68.0061 17.7039 -35.5433 68.2162
2 24 13.636 -36.364 67.598 15.025 -37.292 66.899
4 16 13.636 -36.364 67.598 17.7039 -35.5433 68.2162 15.7574 -34.2426 69.1963 11.685 -33.444 69.798
2 24 17.7039 -35.5433 68.2162 15.7574 -34.2426 69.1963
4 16 11.685 -33.444 69.798 15.7574 -34.2426 69.1963 14.4567 -32.2961 70.6631 11 -30 72.393
2 24 15.7574 -34.2426 69.1963 14.4567 -32.2961 70.6631
2 24 11 -30 72.393 11.685 -33.444 69.798
4 16 11 -30 72.393 14.4567 -32.2961 70.6631 14 -30 72.3934 11.6851 -26.5558 74.9887
2 24 14.4567 -32.2961 70.6631 14 -30 72.3934
2 24 11.6851 -26.5558 74.9887 11 -30 72.393
4 16 11.6851 -26.5558 74.9887 14 -30 72.3934 14.4567 -27.7039 74.1236 13.636 -23.636 77.189
2 24 14 -30 72.3934 14.4567 -27.7039 74.1236
3 16 13.636 -23.636 77.189 14.4567 -27.7039 74.1236 15.7574 -25.7574 75.5904
2 24 14.4567 -27.7039 74.1236 15.7574 -25.7574 75.5904
3 16 17.7039 -24.4567 76.5705 20 -24 76.9147 21.1785 -21 79.1754
2 24 17.7039 -24.4567 76.5705 20 -24 76.9147
3 16 21.1785 -21 79.1754 20 -24 76.9147 23.4567 -24 76.9147
4 16 21.1785 -21 79.1754 23.4567 -24 76.9147 23.8849 -22.7387 77.8652 22.6947 -13.3779 84.919
2 24 23.4567 -24 76.9147 23.8849 -22.7387 77.8652
2 24 21.1785 -21 79.1754 22.6947 -13.3779 84.919
3 16 22.6947 -13.3779 84.919 23.8849 -22.7387 77.8652 25.7469 -13.3779 84.919
2 24 22.6947 -13.3779 84.919 25.7469 -13.3779 84.919
4 16 16.5558 -21.6851 78.6591 13.636 -23.636 77.189 21.1785 -21 79.1754 20 -21 79.1754
2 24 16.5558 -21.6851 78.6591 13.636 -23.636 77.189
2 24 20 -21 79.1754 16.5558 -21.6851 78.6591
4 16 21.1785 -21 79.1754 13.636 -23.636 77.189 15.7574 -25.7574 75.5904 17.7039 -24.4567 76.5705
2 24 15.7574 -25.7574 75.5904 17.7039 -24.4567 76.5705
4 16 3.444 -21.685 -14 6.364 -23.636 -14 6.364 -23.636 -20 3.4442 -21.6851 -20
5 24 6.364 -23.636 -20 6.364 -23.636 -14 6.986 -24.567 -14 3.4442 -21.6851 -20
5 24 3.4442 -21.6851 -20 3.444 -21.685 -14 6.364 -23.636 -14 0 -21 -20
4 16 0 -21 -14 3.444 -21.685 -14 3.4442 -21.6851 -20 0 -21 -20
4 16 6.986 -24.567 -4 8.3149 -26.5558 -4 8.3149 -26.5558 -20 6.986 -24.567 -14
2 24 8.3149 -26.5558 -4 6.986 -24.567 -4
2 24 6.986 -24.567 -14 6.986 -24.567 -4
4 16 6.986 -24.567 -14 8.3149 -26.5558 -20 6.364 -23.636 -20 6.364 -23.636 -14
4 16 13.64 -23.64 -14 13.636 -23.636 -15.909 11.6851 -26.5558 -16.639 13.01 -24.57 -14
5 24 13.64 -23.64 -14 13.636 -23.636 -15.909 11.6851 -26.5558 -16.639 16.56 -21.69 -14
4 16 13.01 -24.57 -14 11.6851 -26.5558 -16.639 11.685 -26.556 -4 13.01 -24.57 -4
5 24 11.6851 -26.5558 -16.639 11.685 -26.556 -4 13.01 -24.57 -4 11 -30 -17.5
2 24 13.01 -24.57 -4 11.685 -26.556 -4
2 24 13.01 -24.57 -4 13.01 -24.57 -14
4 16 11.685 -26.556 -4 11 -30 -4 8.3149 -33.4442 -4 11 -23 -4
2 24 11.685 -26.556 -4 11 -30 -4
3 16 11 -23 -4 8.3149 -33.4442 -4 9 -30 -4
4 16 11 -23 -4 9 -30 -4 8.3149 -26.5558 -4 9 -23 -4
2 24 9 -23 -4 11 -23 -4
3 16 9 -23 -4 8.3149 -26.5558 -4 6.986 -24.567 -4
2 24 6.986 -24.567 -4 9 -23 -4
4 16 13.636 -36.364 -4 12.51 -42.428 -4 6.364 -36.364 -4 11.685 -33.444 -4
2 24 11.685 -33.444 -4 13.636 -36.364 -4
3 16 11.685 -33.444 -4 6.364 -36.364 -4 11 -30 -4
2 24 11 -30 -4 11.685 -33.444 -4
3 16 11 -30 -4 6.364 -36.364 -4 8.3149 -33.4442 -4
3 16 6.364 -43.636 -4 3.4442 -38.3149 -4 8.3149 -46.5559 -4
4 16 8.3149 -46.5559 -4 3.4442 -38.3149 -4 6.364 -36.364 -4 12.51 -42.428 -4
3 16 8.3149 -46.5559 -4 12.51 -42.428 -4 8.6445 -48.2129 -4
2 24 12.51 -42.428 -4 8.6445 -48.2129 -4
3 16 1 -41.1989 -4 1 -38.8011 -4 3.4442 -41.6851 -4
2 24 1 -41.1989 -4 1 -38.8011 -4
4 16 3.4442 -41.6851 -4 1 -38.8011 -4 3.4442 -38.3149 -4 6.364 -43.636 -4
3 16 11 -23 -4 13.01 -24.57 -4 11.685 -26.556 -4
2 24 11 -23 -4 13.01 -24.57 -4
3 16 13.636 -36.364 -4 15.025 -37.292 -4 12.51 -42.428 -4
2 24 13.636 -36.364 -4 15.025 -37.292 -4
4 16 22.6947 -13.3779 84.919 25.7469 -13.3779 84.919 26.1269 -11.4675 83.816 23.1526 -11.0759 83.59
2 24 22.6947 -13.3779 84.919 23.1526 -11.0759 83.59
4 16 23.1526 -11.0759 83.59 26.1269 -11.4675 83.816 26.7474 -2 78.35 23.7474 -2 78.35
2 24 26.1269 -11.4675 83.816 26.7474 -2 78.35
2 24 23.7474 -2 78.35 26.7474 -2 78.35
2 24 23.7474 -2 78.35 23.1526 -11.0759 83.59
4 16 20 -36 29.5626 20 -36 20 13.393 -36 20 19.0176 -36 30.4016
2 24 13.393 -36 20 20 -36 20
4 16 19.0176 -36 30.4016 13.393 -36 20 13.393 -36 52.872 19.0176 -36 52.8721
2 24 19.0176 -36 52.8721 13.393 -36 52.872
3 16 8 -30 0 11.2048 -44.3812 0 7.391 -26.9385 0
4 16 7.391 -26.9385 0 11.2048 -44.3812 0 11.685 -33.444 0 11 -30 0
4 16 7.391 -26.9385 0 11 -30 0 11.685 -26.556 0 5.6569 -24.3431 0
3 16 5.6569 -24.3431 0 11.685 -26.556 0 3.0615 -22.609 0
3 16 3.0615 -22.609 0 11.685 -26.556 0 0 -21 0
3 16 3.0615 -22.609 0 0 -21 0 0 -22 0
4 16 0 -22 0 0 -21 0 -3.4442 -21.6851 0 -3.9155 -22 0
2 24 -3.9155 -22 0 0 -22 0
3 16 7.391 -33.0615 0 5.6569 -35.6569 0 11.2048 -44.3812 0
3 16 11.2048 -44.3812 0 5.6569 -35.6569 0 3.0615 -37.391 0
3 16 11.2048 -44.3812 0 3.0615 -37.391 0 0 -38 0
3 16 5.6569 -44.3431 0 7.391 -46.9385 0 13.7136 -46.0149 0
3 16 13.7136 -46.0149 0 7.391 -46.9385 0 8 -50 0
4 16 13.7136 -46.0149 0 8 -50 0 7.391 -53.0615 0 8.7234 -53.4831 0
4 16 8.7234 -53.4831 0 7.391 -53.0615 0 5.6569 -55.6569 0 6.5215 -56.2587 0
2 24 6.5215 -56.2587 0 8.7234 -53.4831 0
4 16 6.5215 -56.2587 0 5.6569 -55.6569 0 3.0615 -57.391 0 3.4442 -58.3149 0
4 16 3.4442 -58.3149 0 3.0615 -57.391 0 0 -58 0 0 -59 0
4 16 0 -59 0 0 -58 0 -3.9155 -58 0 -3.4442 -58.3149 0
2 24 0 -58 0 -3.9155 -58 0
2 24 -3.4442 -58.3149 0 0 -59 0
3 16 11.685 -26.556 0 13.636 -23.636 0 0 -21 0
3 16 0 -21 0 13.636 -23.636 0 16.5558 -21.6851 0
2 24 13.636 -23.636 0 16.5558 -21.6851 0
3 16 0 -21 0 16.5558 -21.6851 0 20 -21 0
2 24 16.5558 -21.6851 0 20 -21 0
4 16 5.6569 -44.3431 0 13.7136 -46.0149 0 0 -38 0 3.0615 -42.609 0
3 16 3.0615 -42.609 0 0 -38 0 0 -42 0
4 16 0 -42 0 0 -38 0 -9 -38 0 -9 -42 0
2 24 0 -38 0 -9 -38 0
2 24 -9 -42 0 0 -42 0
3 16 15.025 -37.292 0 13.636 -36.364 0 11.2048 -44.3812 0
2 24 15.025 -37.292 0 13.636 -36.364 0
3 16 11.2048 -44.3812 0 13.636 -36.364 0 11.685 -33.444 0
3 16 11.2048 -44.3812 0 8 -30 0 7.391 -33.0615 0
3 16 0 -38 0 13.7136 -46.0149 0 11.2048 -44.3812 0
3 16 11.2048 -44.3812 0 12.51 -42.43 0 15.025 -37.292 0
2 24 11.2048 -44.3812 0 12.51 -42.43 0
2 24 15.025 -37.292 0 12.51 -42.43 0
4 16 13.6788 -40.0405 64.8273 15.025 -37.292 66.899 15.025 -37.292 0 12.51 -42.4278 30.5346
2 24 15.025 -37.292 66.899 15.025 -37.292 0
3 16 12.51 -42.4278 30.5346 15.025 -37.292 0 12.51 -42.43 0
3 16 22.6947 -13.3779 84.919 23.1526 -11.0759 83.59 21.1785 -21 79.1754
4 16 21.1785 -21 79.1754 23.1526 -11.0759 83.59 23.1526 -11.0759 -12.769 21.1785 -21 -15.25
5 24 23.1526 -11.0759 -12.769 23.1526 -11.0759 83.59 23.7474 -2 -10.5 21.1785 -21 79.1754
4 16 13.393 -36 20 17.704 -35.543 20 16.375 -34.656 20 11.685 -33.444 20
4 16 11.685 -33.444 20 16.375 -34.656 20 14.162 -30.813 20 11 -30 20
4 16 11 -30 20 14.162 -30.813 20 14 -30 20 11.685 -26.556 20
3 16 11.685 -26.556 20 14 -30 20 14.457 -27.704 20
2 24 14 -30 20 14.457 -27.704 20
3 16 14.457 -27.704 20 15.757 -25.757 20 11.685 -26.556 20
2 24 14.457 -27.704 20 15.757 -25.757 20
4 16 11.685 -26.556 20 15.757 -25.757 20 17.704 -24.457 20 13.3928 -24 20
4 16 13.3928 -24 20 17.704 -24.457 20 20.277 -24.055 20 20.2957 -24 20
2 24 20.277 -24.055 20 20.2957 -24 20
4 16 20 -26.753 20 22.296 -24.457 20 20.277 -24.055 20 17.704 -24.457 20
2 24 20 -26.753 20 22.296 -24.457 20
2 24 22.296 -24.457 20 20.277 -24.055 20
2 24 17.704 -24.457 20 20 -26.753 20
3 16 13.393 -36 20 20 -36 20 17.704 -35.543 20
2 24 20 -36 20 17.704 -35.543 20
3 16 16.375 -34.656 20 17.188 -31.624 20 14.162 -30.813 20
2 24 16.375 -34.656 20 17.188 -31.624 20
2 24 17.188 -31.624 20 14.162 -30.813 20
3 16 20 -24 61.9147 17.7039 -24.4567 61.5705 13.3928 -24 61.9147
2 24 20 -24 61.9147 17.7039 -24.4567 61.5705
3 16 13.3928 -24 61.9147 17.7039 -24.4567 61.5705 15.7574 -25.7574 60.5904
2 24 17.7039 -24.4567 61.5705 15.7574 -25.7574 60.5904
3 16 13.3928 -24 61.9147 15.7574 -25.7574 60.5904 14.4567 -27.7039 59.1236
2 24 15.7574 -25.7574 60.5904 14.4567 -27.7039 59.1236
4 16 19.1054 -35.8221 53.0061 19.0176 -36 52.8721 13.393 -36 52.872 17.7039 -35.5433 53.2162
2 24 17.7039 -35.5433 53.2162 19.1054 -35.8221 53.0061
4 16 17.7039 -35.5433 53.2162 13.393 -36 52.872 11.685 -33.444 54.798 15.7574 -34.2426 54.1963
2 24 15.7574 -34.2426 54.1963 17.7039 -35.5433 53.2162
4 16 15.7574 -34.2426 54.1963 11.685 -33.444 54.798 11 -30 57.393 14.4567 -32.2961 55.6631
2 24 11.685 -33.444 54.798 11 -30 57.393
2 24 14.4567 -32.2961 55.6631 15.7574 -34.2426 54.1963
4 16 14.4567 -32.2961 55.6631 11 -30 57.393 11.6851 -26.5558 59.9887 14 -30 57.3934
2 24 11 -30 57.393 11.6851 -26.5558 59.9887
2 24 14 -30 57.3934 14.4567 -32.2961 55.6631
4 16 14 -30 57.3934 11.6851 -26.5558 59.9887 13.3928 -24 61.9147 14.4567 -27.7039 59.1236
2 24 14.4567 -27.7039 59.1236 14 -30 57.3934
4 16 20.2957 -24 34.5529 20.2957 -24 20 20.277 -24.055 20 20.277 -24.0551 34.5448
2 24 20.277 -24.055 20 20.277 -24.0551 34.5448
4 16 25.543 -32.296 20 24.243 -34.243 20 24.2426 -34.2426 26.7067 25.5433 -32.2961 26.4462
4 16 20.277 -24.0551 34.5448 20.277 -24.055 20 22.296 -24.457 20 22.2961 -24.4567 32.6448
4 16 23.7474 -2 -10.5 23.7474 -2 78.35 26.7474 -2 78.35 26.7474 -2 -10.5
2 24 23.7474 -2 -10.5 23.7474 -2 78.35
2 24 26.7474 -2 78.35 26.7474 -2 -10.5
4 16 13.636 -23.636 -15.909 13.64 -23.64 -14 16.56 -21.69 -14 16.5558 -21.6851 -15.4213
5 24 16.56 -21.69 -14 16.5558 -21.6851 -15.4213 13.636 -23.636 -15.909 20 -21 -14
4 16 16.5558 -21.6851 -15.4213 16.56 -21.69 -14 20 -21 -14 20 -21 -15.25
3 16 12.51 -42.4278 30.5346 12.51 -42.43 0 11.2048 -44.3812 0
4 16 -8.3149 -53.4441 -2 -8.3149 -53.4441 -20 -6.364 -56.364 -20 -6.364 -56.364 -2
4 16 -6.364 -23.636 -2 -6.364 -23.636 -20 -8.315 -26.556 -20 -8.3149 -26.5558 -2
4 16 24.2426 -34.2426 -18.5607 24.243 -34.243 -15 25.543 -32.296 -15 25.543 -32.296 -18.074
4 16 25.5433 -27.7039 28.4526 25.5433 -27.7039 -16.926 26 -30 -17.5 26 -30 27.0593
4 16 24.2426 -25.7574 30.414 24.2426 -25.7574 -16.4393 25.5433 -27.7039 -16.926 25.5433 -27.7039 28.4526
4 16 26.364 -23.636 -15.909 24.0182 -22.0686 -15.5172 24.0182 -22.0686 32.2173 26.364 -23.636 29.5289
5 24 26.364 -23.636 29.5289 26.364 -23.636 -15.909 24.0182 -22.0686 -15.5172 28.3149 -26.5558 26.5869
4 16 17.7581 -38.5541 30.3615 17.7581 -38.5541 -19.6385 20 -39 -19.75 20 -39 28.2518
5 24 20 -39 -19.75 20 -39 28.2518 17.7581 -38.5541 30.3615 23.4442 -38.3149 -19.5787
4 16 20 -39 28.2518 20 -39 -19.75 23.4442 -38.3149 -19.5787 23.4442 -38.3149 25.6094
5 24 23.4442 -38.3149 -19.5787 23.4442 -38.3149 25.6094 20 -39 28.2518 26.364 -36.364 -19.091
4 16 23.4442 -38.3149 25.6094 23.4442 -38.3149 -19.5787 26.364 -36.364 -19.091 26.364 -36.364 23.968
5 24 26.364 -36.364 -19.091 26.364 -36.364 23.968 23.4442 -38.3149 25.6094 28.3149 -33.4442 -18.361
4 16 28.3149 -33.4442 23.5773 26.364 -36.364 23.968 26.364 -36.364 -19.091 28.3149 -33.4442 -18.361
5 24 28.3149 -33.4442 -18.361 28.3149 -33.4442 23.5773 26.364 -36.364 23.968 29 -30 -17.5
4 16 28.3149 -33.4442 -18.361 29 -30 -17.5 29 -30 24.497 28.3149 -33.4442 23.5773
5 24 29 -30 -17.5 29 -30 24.497 28.3149 -33.4442 23.5773 28.3149 -26.5558 -16.639
4 16 29 -30 -17.5 28.3149 -26.5558 -16.639 28.3149 -26.5558 26.5869 29 -30 24.497
5 24 28.3149 -26.5558 -16.639 28.3149 -26.5558 26.5869 29 -30 24.497 26.364 -23.636 -15.909
4 16 28.3149 -26.5558 -16.639 26.364 -23.636 -15.909 26.364 -23.636 29.5289 28.3149 -26.5558 26.5869
4 16 17.704 -35.543 20 20 -36 20 20 -36 -19 17.7039 -35.5433 -18.8858
4 16 14.457 -32.296 -15 15.757 -34.243 -15 15.757 -34.243 -18.561 14.457 -32.296 -18.074
4 16 20 -24 -15 17.704 -24.457 -15 17.7039 -24.4567 -16.1142 20 -24 -16
2 24 20 -24 -15 17.704 -24.457 -15
4 16 15.757 -25.757 20 14.457 -27.704 20 14.4567 -27.7039 -16.926 15.757 -25.757 -16.439
4 16 14.457 -27.704 20 14 -30 20 14 -30 -17.5 14.4567 -27.7039 -16.926
4 16 12.51 -42.428 -4 12.51 -42.4278 -20 8.6445 -48.2129 -20 8.6445 -48.2129 -4
4 16 13.636 -36.364 -19.091 13.636 -36.364 -4 11.685 -33.444 -4 11.6851 -33.4442 -18.361
5 24 13.636 -36.364 -19.091 13.636 -36.364 -4 11.685 -33.444 -4 15.0245 -37.2917 -19.3229
5 24 11.685 -33.444 -4 11.6851 -33.4442 -18.361 13.636 -36.364 -19.091 11 -30 -4
4 16 11.6851 -33.4442 -18.361 11.685 -33.444 -4 11 -30 -4 11 -30 -17.5
5 24 11 -30 -4 11 -30 -17.5 11.6851 -33.4442 -18.361 11.685 -26.556 -4
4 16 11 -30 -17.5 11 -30 -4 11.685 -26.556 -4 11.6851 -26.5558 -16.639
4 16 15.0245 -37.2917 -19.3229 15.025 -37.292 -4 13.636 -36.364 -4 13.636 -36.364 -19.091
4 16 22.2961 -24.4567 -16.1142 22.296 -24.457 -15 20 -24 -15 20 -24 -16
2 24 22.296 -24.457 -15 20 -24 -15
4 16 19.1054 -35.8221 53.0061 17.7039 -35.5433 53.2162 17.7039 -35.5433 68.2162 19.1054 -35.8221 68.0061
4 16 17.7039 -35.5433 53.2162 15.7574 -34.2426 54.1963 15.7574 -34.2426 69.1963 17.7039 -35.5433 68.2162
4 16 14.4567 -32.2961 70.6631 15.7574 -34.2426 69.1963 15.7574 -34.2426 54.1963 14.4567 -32.2961 55.6631
4 16 20 -24 76.9147 17.7039 -24.4567 76.5705 17.7039 -24.4567 61.5705 20 -24 61.9147
4 16 17.7039 -24.4567 76.5705 15.7574 -25.7574 75.5904 15.7574 -25.7574 60.5904 17.7039 -24.4567 61.5705
4 16 14.4567 -27.7039 59.1236 15.7574 -25.7574 60.5904 15.7574 -25.7574 75.5904 14.4567 -27.7039 74.1236
4 16 14.4567 -27.7039 74.1236 14 -30 72.3934 14 -30 57.3934 14.4567 -27.7039 59.1236
4 16 14.4567 -32.2961 55.6631 14 -30 57.3934 14 -30 72.3934 14.4567 -32.2961 70.6631
4 16 26.1269 -11.4675 83.816 26.1269 -11.4675 -12.8669 26.7474 -2 -10.5 26.7474 -2 78.35
4 16 11.685 -33.444 54.798 11.685 -33.444 69.798 11 -30 72.393 11 -30 57.393
5 24 11 -30 72.393 11 -30 57.393 11.685 -33.444 54.798 11.6851 -26.5558 74.9887
4 16 11.6851 -26.5558 74.9887 11.6851 -26.5558 59.9887 11 -30 57.393 11 -30 72.393
4 16 16.5558 -21.6851 78.6591 16.5558 -21.6851 0 13.636 -23.636 0 13.636 -23.636 77.189
5 24 16.5558 -21.6851 78.6591 16.5558 -21.6851 0 13.636 -23.636 0 20 -21 79.1754
4 16 20 -21 79.1754 20 -21 0 16.5558 -21.6851 0 16.5558 -21.6851 78.6591
4 16 13.636 -36.364 67.598 13.636 -36.364 0 15.025 -37.292 0 15.025 -37.292 66.899
4 16 23.7474 -2 -10.5 23.1526 -11.0759 -12.769 23.1526 -11.0759 83.59 23.7474 -2 78.35
4 16 6.5215 -56.2587 -20 8.7234 -53.4831 -20 8.7234 -53.4831 0 6.5215 -56.2587 0
4 16 -3.4442 -58.3149 0 -3.4442 -58.3149 -20 0 -59 -20 0 -59 0
4 16 23.4567 -24 31.853 23.8849 -22.7387 32.0384 23.8849 -22.7387 77.8652 23.4567 -24 76.9147
4 16 -3.4442 -38.3149 -4 -3.4442 -38.3149 -20 -1 -38.8011 -20 -1 -38.8011 -4
2 24 -1 -38.8011 -20 -1 -38.8011 -4
4 16 -1 -38.8011 -4 -1 -38.8011 -20 -1 -41.1989 -20 -1 -41.1989 -4
4 16 1 -41.1989 -4 1 -41.1989 -20 1 -38.8011 -20 1 -38.8011 -4
3 16 13.7673 -39.8598 -19.9649 14.0379 -40 -20 13.767 -39.86 -20
4 16 0 -38 0 0 -38 -2 -9 -38 -2 -9 -38 0
4 16 0 -22 -2 0 -22 0 -3.9155 -22 0 -3.9155 -22 -2
4 16 -9 -42 -2 0 -42 -2 0 -42 0 -9 -42 0
4 16 0 -58 0 0 -58 -2 -3.9155 -58 -2 -3.9155 -58 0
4 16 9 -23 -4 9 -23 -14 11 -23 -14 11 -23 -4
2 24 9 -23 -4 9 -23 -14
2 24 11 -23 -14 11 -23 -4
4 16 6.986 -24.567 -4 6.986 -24.567 -14 9 -23 -14 9 -23 -4
4 16 11 -23 -4 11 -23 -14 13.01 -24.57 -14 13.01 -24.57 -4
4 16 22.296 -24.457 -15 20 -26.753 -15 17.704 -24.457 -15 20 -24 -15
2 24 22.296 -24.457 -15 20 -26.753 -15
2 24 20 -26.753 -15 17.704 -24.457 -15
4 16 20 -26.753 -15 22.296 -24.457 -15 22.296 -24.457 20 20 -26.753 20
2 24 20 -26.753 20 20 -26.753 -15
4 16 17.188 -31.624 -15 14.162 -30.813 -15 14.162 -30.813 20 17.188 -31.624 20
2 24 17.188 -31.624 20 17.188 -31.624 -15
4 16 17.704 -24.457 20 17.704 -24.457 -15 20 -26.753 -15 20 -26.753 20
4 16 16.375 -34.656 -15 17.188 -31.624 -15 17.188 -31.624 20 16.375 -34.656 20
4 16 22.812 -31.624 -15 23.625 -34.656 -15 23.625 -34.656 20 22.812 -31.624 20
2 24 22.812 -31.624 20 22.812 -31.624 -15
4 16 22.812 -31.624 20 25.838 -30.813 20 25.838 -30.813 -15 22.812 -31.624 -15
0
0 // Conditional edges
5 24 15.1081 -43.9278 32.624 12.51 -42.4278 30.5346 11.2048 -44.3812 0 16.1667 -41.7811 63.5157
5 24 26 -30 27.0593 28.3149 -33.4442 23.5773 29 -30 24.497 25.5433 -32.2961 26.4462
5 24 25.5433 -32.2961 26.4462 26.364 -36.364 23.968 28.3149 -33.4442 23.5773 24.2426 -34.2426 26.7067
5 24 24.2426 -34.2426 26.7067 23.4442 -38.3149 25.6094 26.364 -36.364 23.968 22.2961 -35.5433 27.801
5 24 22.2961 -35.5433 27.801 20 -39 28.2518 23.4442 -38.3149 25.6094 20 -36 29.5626
5 24 20 -36 29.5626 17.7581 -38.5541 30.3615 20 -39 28.2518 19.0176 -36 30.4016
5 24 23.8849 -22.7387 32.0384 26.364 -23.636 29.5289 24.0182 -22.0686 32.2173 23.4567 -24 31.853
5 24 24.2426 -25.7574 30.414 26.364 -23.636 29.5289 23.8849 -22.7387 32.0384 28.3149 -26.5558 26.5869
5 24 24.2426 -25.7574 30.414 28.3149 -26.5558 26.5869 26.364 -23.636 29.5289 25.5433 -27.7039 28.4526
5 24 29 -30 24.497 25.5433 -27.7039 28.4526 26 -30 27.0593 28.3149 -26.5558 26.5869
5 24 22.2961 -24.4567 32.6448 23.4567 -24 31.853 20.2957 -24 34.5529 24.2426 -25.7574 30.414
5 24 23.4567 -24 31.853 24.2426 -25.7574 30.414 26.364 -23.636 29.5289 22.2961 -24.4567 32.6448
5 24 -3.4442 -21.6851 -20 -3.9155 -22 -2 -3.4442 -21.6851 0 -6.364 -23.636 -20
5 24 -3.4442 -58.3149 -20 -3.9155 -58 -2 -6.364 -56.364 -2 -3.9155 -58 0
5 24 13.636 -23.636 77.189 13.3928 -24 61.9147 11.6851 -26.5558 59.9887 13.3928 -24 20
5 24 13.636 -23.636 0 13.3928 -24 20 13.636 -23.636 77.189 11.685 -26.556 0
5 24 13.636 -36.364 0 13.393 -36 20 11.685 -33.444 20 13.393 -36 52.872
5 24 13.636 -36.364 67.598 13.393 -36 52.872 13.636 -36.364 0 11.685 -33.444 69.798
5 24 26.1269 -11.4675 83.816 24.0182 -22.0686 32.2173 24.0182 -22.0686 -15.5172 23.8849 -22.7387 32.0384
5 24 26.1269 -11.4675 83.816 23.8849 -22.7387 32.0384 24.0182 -22.0686 32.2173 25.7469 -13.3779 84.919
5 24 22.2961 -35.5433 -18.8858 26.364 -36.364 -19.091 23.4442 -38.3149 -19.5787 24.2426 -34.2426 -18.5607
5 24 24.2426 -34.2426 -18.5607 28.3149 -33.4442 -18.361 26.364 -36.364 -19.091 25.543 -32.296 -18.074
5 24 25.543 -32.296 -18.074 28.3149 -33.4442 -18.361 24.2426 -34.2426 -18.5607 26 -30 -17.5
5 24 26 -30 -17.5 28.3149 -33.4442 -18.361 25.543 -32.296 -18.074 25.5433 -27.7039 -16.926
5 24 25.5433 -27.7039 -16.926 28.3149 -33.4442 -18.361 26 -30 -17.5 28.3149 -26.5558 -16.639
5 24 25.5433 -27.7039 -16.926 28.3149 -26.5558 -16.639 29 -30 -17.5 24.2426 -25.7574 -16.4393
5 24 24.2426 -25.7574 -16.4393 28.3149 -26.5558 -16.639 25.5433 -27.7039 -16.926 22.2961 -24.4567 -16.1142
5 24 20 -21 -15.25 20 -24 -16 16.5558 -21.6851 -15.4213 26.364 -23.636 -15.909
5 24 22.2961 -24.4567 -16.1142 26.364 -23.636 -15.909 28.3149 -26.5558 -16.639 20 -24 -16
5 24 13.7673 -39.8598 -19.9649 17.7581 -38.5541 -19.6385 17.0451 -40 -20 15.0245 -37.2917 -19.3229
5 24 17.7039 -35.5433 -18.8858 17.7581 -38.5541 -19.6385 13.7673 -39.8598 -19.9649 20 -39 -19.75
5 24 17.7039 -35.5433 -18.8858 20 -39 -19.75 17.7581 -38.5541 -19.6385 20 -36 -19
5 24 23.4442 -38.3149 -19.5787 20 -36 -19 22.2961 -35.5433 -18.8858 20 -39 -19.75
5 24 11 -30 -17.5 15.0245 -37.2917 -19.3229 13.636 -36.364 -19.091 11.6851 -26.5558 -16.639
5 24 11.6851 -26.5558 -16.639 14 -30 -17.5 15.0245 -37.2917 -19.3229 13.636 -23.636 -15.909
5 24 13.636 -23.636 -15.909 14.4567 -27.7039 -16.926 14 -30 -17.5 15.757 -25.757 -16.439
5 24 13.636 -23.636 -15.909 15.757 -25.757 -16.439 14.4567 -27.7039 -16.926 17.7039 -24.4567 -16.1142
5 24 13.636 -23.636 -15.909 17.7039 -24.4567 -16.1142 15.757 -25.757 -16.439 16.5558 -21.6851 -15.4213
5 24 20 -24 -16 16.5558 -21.6851 -15.4213 20 -21 -15.25 17.7039 -24.4567 -16.1142
5 24 15.757 -34.243 -18.561 15.0245 -37.2917 -19.3229 14.457 -32.296 -18.074 17.7039 -35.5433 -18.8858
5 24 15.0245 -37.2917 -19.3229 17.7039 -35.5433 -18.8858 17.7581 -38.5541 -19.6385 15.757 -34.243 -18.561
5 24 26.1269 -11.4675 -12.8669 21.1785 -21 -15.25 23.1526 -11.0759 -12.769 24.0182 -22.0686 -15.5172
5 24 24.0182 -22.0686 -15.5172 21.1785 -21 -15.25 26.1269 -11.4675 -12.8669 26.364 -23.636 -15.909
5 24 20 -21 -15.25 26.364 -23.636 -15.909 22.2961 -24.4567 -16.1142 21.1785 -21 -15.25
5 24 23.1526 -11.0759 -12.769 26.7474 -2 -10.5 26.1269 -11.4675 -12.8669 23.7474 -2 -10.5
5 24 14 -30 -17.5 15.0245 -37.2917 -19.3229 11 -30 -17.5 14.457 -32.296 -18.074
5 24 15.0245 -37.2917 -19.3229 14.457 -32.296 -18.074 15.757 -34.243 -18.561 14 -30 -17.5
5 24 12.51 -42.428 -4 13.7673 -39.8598 -19.9649 13.767 -39.86 -20 15.025 -37.292 -4
5 24 14 -30 -17.5 14.162 -30.813 -15 14.457 -32.296 -15 14 -30 20
5 24 15.757 -25.757 -16.439 17.704 -24.457 -15 17.704 -24.457 20 17.7039 -24.4567 -16.1142
5 24 17.7039 -35.5433 -18.8858 16.375 -34.656 -15 16.375 -34.656 20 15.757 -34.243 -18.561
5 24 22.296 -24.457 -15 24.2426 -25.7574 -16.4393 24.2426 -25.7574 30.414 22.2961 -24.4567 -16.1142
5 24 24.2426 -25.7574 30.414 22.296 -24.457 20 22.296 -24.457 -15 22.2961 -24.4567 32.6448
5 24 26 -30 27.0593 25.838 -30.813 20 25.543 -32.296 20 25.838 -30.813 -15
5 24 26 -30 -17.5 25.838 -30.813 -15 26 -30 27.0593 25.543 -32.296 -18.074
5 24 22.2961 -35.5433 -18.8858 23.625 -34.656 -15 24.243 -34.243 -15 22.2961 -35.5433 27.801
5 24 22.2961 -35.5433 27.801 23.625 -34.656 20 23.625 -34.656 -15 24.2426 -34.2426 26.7067
5 24 22.2961 -35.5433 -18.8858 22.2961 -35.5433 27.801 23.625 -34.656 20 20 -36 -19
5 24 -8.3149 -26.5558 -2 -9 -30 -4 -9 -30 -2 -8.315 -26.556 -20
5 24 17.7581 -38.5541 -19.6385 15.1081 -43.9278 -20 17.0451 -40 -20 17.7581 -38.5541 30.3615
5 24 17.7581 -38.5541 30.3615 15.1081 -43.9278 32.624 15.1081 -43.9278 -20 19.0176 -36 30.4016
5 24 19.0176 -36 52.8721 15.1081 -43.9278 32.624 17.7581 -38.5541 30.3615 16.1667 -41.7811 63.5157
5 24 19.0176 -36 52.8721 16.1667 -41.7811 63.5157 15.1081 -43.9278 32.624 19.1054 -35.8221 53.0061
5 24 15.1081 -43.9278 -20 13.7136 -46.0149 0 8.7234 -53.4831 0 15.1081 -43.9278 32.624
5 24 19.1054 -35.8221 68.0061 15.025 -37.292 66.899 13.6788 -40.0405 64.8273 17.7039 -35.5433 68.2162
5 24 17.7039 -35.5433 68.2162 13.636 -36.364 67.598 15.025 -37.292 66.899 15.7574 -34.2426 69.1963
5 24 15.7574 -34.2426 69.1963 11.685 -33.444 69.798 13.636 -36.364 67.598 14.4567 -32.2961 70.6631
5 24 14.4567 -32.2961 70.6631 11 -30 72.393 11.685 -33.444 69.798 14 -30 72.3934
5 24 14 -30 72.3934 11.6851 -26.5558 74.9887 11 -30 72.393 14.4567 -27.7039 74.1236
5 24 14.4567 -27.7039 74.1236 13.636 -23.636 77.189 11.6851 -26.5558 74.9887 15.7574 -25.7574 75.5904
5 24 20 -24 76.9147 21.1785 -21 79.1754 17.7039 -24.4567 76.5705 23.4567 -24 76.9147
5 24 23.4567 -24 76.9147 21.1785 -21 79.1754 20 -24 76.9147 23.8849 -22.7387 77.8652
5 24 23.8849 -22.7387 77.8652 22.6947 -13.3779 84.919 21.1785 -21 79.1754 25.7469 -13.3779 84.919
5 24 13.636 -23.636 77.189 21.1785 -21 79.1754 20 -21 79.1754 15.7574 -25.7574 75.5904
5 24 15.7574 -25.7574 75.5904 13.636 -23.636 77.189 14.4567 -27.7039 74.1236 17.7039 -24.4567 76.5705
5 24 21.1785 -21 79.1754 17.7039 -24.4567 76.5705 20 -24 76.9147 13.636 -23.636 77.189
5 24 8.3149 -26.5558 -20 6.986 -24.567 -14 6.986 -24.567 -4 6.364 -23.636 -20
5 24 11.6851 -26.5558 -16.639 13.01 -24.57 -14 13.64 -23.64 -14 11.685 -26.556 -4
5 24 26.1269 -11.4675 83.816 23.1526 -11.0759 83.59 22.6947 -13.3779 84.919 26.7474 -2 78.35
5 24 20 -36 20 20 -36 29.5626 22.2961 -35.5433 27.801 13.393 -36 20
5 24 15.025 -37.292 0 12.51 -42.4278 30.5346 13.6788 -40.0405 64.8273 12.51 -42.43 0
5 24 23.1526 -11.0759 83.59 21.1785 -21 79.1754 22.6947 -13.3779 84.919 23.1526 -11.0759 -12.769
5 24 17.7039 -24.4567 61.5705 13.3928 -24 61.9147 20 -24 61.9147 15.7574 -25.7574 60.5904
5 24 15.7574 -25.7574 60.5904 13.3928 -24 61.9147 17.7039 -24.4567 61.5705 14.4567 -27.7039 59.1236
5 24 13.393 -36 52.872 17.7039 -35.5433 53.2162 19.1054 -35.8221 53.0061 11.685 -33.444 54.798
5 24 11.685 -33.444 54.798 15.7574 -34.2426 54.1963 17.7039 -35.5433 53.2162 11 -30 57.393
5 24 11 -30 57.393 14.4567 -32.2961 55.6631 15.7574 -34.2426 54.1963 11.6851 -26.5558 59.9887
5 24 11.6851 -26.5558 59.9887 14 -30 57.3934 14.4567 -32.2961 55.6631 13.3928 -24 61.9147
5 24 14.4567 -27.7039 59.1236 13.3928 -24 61.9147 15.7574 -25.7574 60.5904 14 -30 57.3934
5 24 24.2426 -34.2426 26.7067 24.243 -34.243 20 23.625 -34.656 20 25.5433 -32.2961 26.4462
5 24 25.543 -32.296 20 25.5433 -32.2961 26.4462 26 -30 27.0593 24.243 -34.243 20
5 24 22.2961 -24.4567 32.6448 22.296 -24.457 20 24.2426 -25.7574 30.414 20.277 -24.0551 34.5448
5 24 12.51 -42.43 0 12.51 -42.4278 30.5346 15.025 -37.292 0 11.2048 -44.3812 0
5 24 24.243 -34.243 -15 24.2426 -34.2426 -18.5607 22.2961 -35.5433 -18.8858 25.543 -32.296 -15
5 24 25.543 -32.296 -18.074 25.543 -32.296 -15 25.838 -30.813 -15 24.2426 -34.2426 -18.5607
5 24 26 -30 27.0593 26 -30 -17.5 25.838 -30.813 -15 25.5433 -27.7039 28.4526
5 24 24.2426 -25.7574 -16.4393 24.2426 -25.7574 30.414 22.296 -24.457 20 25.5433 -27.7039 -16.926
5 24 25.5433 -27.7039 28.4526 25.5433 -27.7039 -16.926 26 -30 -17.5 24.2426 -25.7574 30.414
5 24 20 -36 -19 20 -36 20 22.2961 -35.5433 27.801 17.7039 -35.5433 -18.8858
5 24 17.704 -35.543 20 17.7039 -35.5433 -18.8858 16.375 -34.656 -15 20 -36 20
5 24 15.757 -34.243 -18.561 15.757 -34.243 -15 16.375 -34.656 -15 14.457 -32.296 -18.074
5 24 14.457 -32.296 -15 14.457 -32.296 -18.074 14 -30 -17.5 15.757 -34.243 -15
5 24 17.7039 -24.4567 -16.1142 17.704 -24.457 -15 15.757 -25.757 -16.439 20 -24 -16
5 24 15.757 -25.757 20 15.757 -25.757 -16.439 17.704 -24.457 -15 14.457 -27.704 20
5 24 14 -30 -17.5 14 -30 20 14.162 -30.813 20 14.4567 -27.7039 -16.926
5 24 14.457 -27.704 20 14.4567 -27.7039 -16.926 15.757 -25.757 -16.439 14 -30 20
5 24 12.51 -42.4278 -20 12.51 -42.428 -4 13.7673 -39.8598 -19.9649 8.6445 -48.2129 -20
5 24 22.296 -24.457 -15 22.2961 -24.4567 -16.1142 24.2426 -25.7574 -16.4393 20 -24 -15
5 24 20 -24 -16 20 -24 -15 17.704 -24.457 -15 22.2961 -24.4567 -16.1142
5 24 17.7039 -35.5433 53.2162 17.7039 -35.5433 68.2162 19.1054 -35.8221 68.0061 15.7574 -34.2426 54.1963
5 24 15.7574 -34.2426 54.1963 15.7574 -34.2426 69.1963 17.7039 -35.5433 68.2162 14.4567 -32.2961 55.6631
5 24 20 -24 76.9147 20 -24 61.9147 20.2957 -24 20 17.7039 -24.4567 76.5705
5 24 17.7039 -24.4567 76.5705 17.7039 -24.4567 61.5705 20 -24 61.9147 15.7574 -25.7574 75.5904
5 24 15.7574 -25.7574 75.5904 15.7574 -25.7574 60.5904 17.7039 -24.4567 61.5705 14.4567 -27.7039 74.1236
5 24 14.4567 -27.7039 74.1236 14.4567 -27.7039 59.1236 15.7574 -25.7574 60.5904 14 -30 72.3934
5 24 14 -30 72.3934 14 -30 57.3934 14.4567 -27.7039 59.1236 14.4567 -32.2961 70.6631
5 24 14.4567 -32.2961 55.6631 14.4567 -32.2961 70.6631 15.7574 -34.2426 69.1963 14 -30 57.3934

0 FILE parts/s/100662s01.dat
0 ~Minifig Baby Head Space Helmet and Air Tanks Half
0 Name: s\100662s01.dat
0 Author: Fredrik Hareide [fhareide]
0 !LDRAW_ORG Subpart UPDATE 2023-04
0 !LICENSE Licensed under CC BY 4.0 : see CAreadme.txt

0 BFC CERTIFY CCW

0 !HISTORY 2023-08-25 [OrionP] Official Update 2023-04


1 16 0 0 0 6 0 0 0 -1 0 0 0 6 1-4ndis.dat
1 16 0 0 0 6 0 0 0 -1 0 0 0 -6 1-8tndis.dat
1 16 0 0 0 0 0 6 0 -1 0 -6 0 0 1-8tndis.dat

1 16 0 -6.4 15.4 0 -1 1.5 0 0 -1.5 1.5 0 0 2-4edge.dat
1 16 4.9 -2.6 15.1 4.5 0 0 0 -4 0 0 0 4.5 4-8sphe.dat
1 16 4.9 -2.6 15.1 .375 0 0 0 13.4 0 0 0 .375 4-4con11.dat
0 BFC INVERTNEXT
1 16 4.9 -4 15.1 1.4 0 0 0 14.8 0 0 0 1.4 4-4cylc.dat
1 16 4.9 10.8 15.1 4.125 0 0 0 1 0 0 0 4.125 4-4edge.dat
1 16 4.9 10.8 15.1 4.125 0 0 0 -1 0 0 0 4.125 1-4chrd.dat
1 16 4.9 10.8 15.1 1.4 0 0 0 -1 0 0 0 1.4 4-4ndis.dat
1 16 4.9 10.8 15.1 0 0 4.125 0 -1 0 -4.125 0 0 1-4chrd.dat
1 16 4.9 10.8 15.1 -4.125 0 0 0 -1 0 0 0 -4.125 1-4chrd.dat
1 16 4.9 10.8 15.1 0 0 -4.125 0 -1 0 4.125 0 0 1-4chrd.dat
1 16 6 -6.4 15.4 0 0 1.5 0 -1.5 0 1.5 0 0 2-8sphe.dat
1 16 6 -6.4 15.4 0 -6 0 0 0 -1.5 1.5 0 0 2-4cyli.dat
1 16 0 -6.4 15.4 0 0 1.5 0 -2 0 1.5 0 0 2-4cyli.dat
1 16 6 -6.4 15.4 0 0 1.5 0 .8 0 1.5 0 0 2-4cyli.dat

3 16 6.396 -22.227 -1.364 6.042 -22.411 2.051 3.005 -23.382 1.47
4 16 10.178 -8.684 5.311 8.47 -8.696 7.94 8.421 -12.754 7.811 10.161 -12.729 5.114
3 16 1.802 -4.738 13.123 1.668 -4.919 13.9 0 -4.657 13.9
3 16 9.47 -18.332 4.564 11.124 -15.577 1.496 10.182 -15.613 4.936
4 16 7.688 -1.565 -.669 11.144 -1.542 -.961 10.709 -1.275 -3.758 7.186 -1.349 -2.918
3 16 11.16 -15.159 -1.422 11.282 -12.514 -.735 11.124 -15.577 1.496
3 16 2.376 -13.969 11.42 4.63 -13.487 10.711 2.188 -9.114 11.505
3 16 3.005 -17.542 -9.995 0 -17.538 -10.369 2.934 -15.292 -10.273
3 16 3.138 0 -6.724 4.243 0 -6 3.219 -.833 -7.003
4 16 6.52 -21.224 -4.564 6.396 -22.227 -1.364 3.228 -23.17 -2.205 3.328 -22.071 -5.706
3 16 4.015 -6.074 11.136 4.155 -5.242 12.033 2.923 -5.083 12.39
3 16 11.189 -4.775 2.361 11.008 -1.776 2.274 10.096 -1.898 5.193
3 16 11.347 -4.612 -.862 11.189 -4.775 2.361 11.082 -8.644 2.399
4 16 6.363 -1.864 7.325 6.397 0 5.521 5.999 0 7.449 5.961 -1.864 9.271
3 16 7.404 0 -.671 7.186 -1.349 -2.918 6.909 0 -2.83
3 16 2.794 -22.797 4.885 6.042 -22.411 2.051 5.623 -21.749 5.192
3 16 2.525 -.058 -12.241 4.601 -3.799 -11.695 2.42 -3.774 -12.235
3 16 2.188 -9.114 11.505 0 -5.506 11.838 0 -9.241 11.735
3 16 11.336 -8.575 -.283 11.103 -8.754 -2.593 10.821 -4.683 -3.97
3 16 7.77 -20.026 5.427 8.419 -20.679 2.655 9.47 -18.332 4.564
3 16 11.16 -15.159 -1.422 10.368 -18.141 .763 10.42 -17.4 -2.085
3 16 8.47 -8.696 7.94 6.332 -9.321 9.869 6.516 -12.739 9.763
3 16 10.99 -12.466 -2.84 10.605 -9.315 -3.824 11.103 -8.754 -2.593
3 16 9.335 -15.87 -5.561 8.654 -18.361 -5.274 8.075 -17.001 -6.937
3 16 8.47 -8.696 7.94 10.206 -4.914 5.36 8.395 -4.894 8.051
3 16 4.948 -16.771 10.198 6.769 -15.944 9.145 6.516 -12.739 9.763
3 16 0 -9.241 11.735 2.376 -13.969 11.42 2.188 -9.114 11.505
3 16 2.204 -5.613 11.654 2.923 -5.083 12.39 1.6 -4.866 12.093
3 16 6.775 0 4.01 7.551 -1.761 2.005 7.249 0 1.876
4 16 6.68 -.332 -10.579 4.852 -.161 -11.608 3.219 -.833 -7.003 4.713 -.982 -6.03
4 16 0 -23.368 -2.637 0 -22.218 -6.2 3.328 -22.071 -5.706 3.228 -23.17 -2.205
3 16 5.557 6.73 9.224 5.999 0 7.449 4.035 0 7.305
3 16 8.419 -20.679 2.655 7.77 -20.026 5.427 5.623 -21.749 5.192
3 16 11.103 -8.754 -2.593 11.336 -8.575 -.283 11.282 -12.514 -.735
3 16 10.182 -15.613 4.936 11.124 -15.577 1.496 11.127 -12.635 1.979
4 16 7.688 -1.565 -.669 7.551 -1.761 2.005 11.008 -1.776 2.274 11.144 -1.542 -.961
4 16 6 0 0 6 0 6 6.397 0 5.521 6.775 0 4.01
3 16 4.601 -3.799 -11.695 4.852 -.161 -11.608 6.521 -3.777 -10.706
3 16 8.47 -8.696 7.94 8.395 -4.894 8.051 5.993 -6.796 10.154
3 16 10.709 -1.275 -3.758 11.144 -1.542 -.961 10.821 -4.683 -3.97
3 16 8.938 -19.578 -3.063 10.42 -17.4 -2.085 8.894 -20.492 -.327
3 16 8.075 -17.001 -6.937 6.163 -17.386 -8.53 8.095 -15.053 -7.357
3 16 10.182 -15.613 4.936 10.161 -12.729 5.114 8.515 -15.453 7.66
3 16 0 -17.538 -10.369 3.005 -17.542 -9.995 0 -20.051 -8.918
3 16 8.515 -15.453 7.66 8.421 -12.754 7.811 6.769 -15.944 9.145
3 16 5.623 -21.749 5.192 7.77 -20.026 5.427 5.194 -19.741 8.225
3 16 7.186 -1.349 -2.918 6.182 -1.163 -4.569 6.909 0 -2.83
4 16 2.041 0 7.536 4.035 0 7.305 6 0 6 0 0 6
3 16 1.435 -.733 -7.56 0 -.704 -7.728 0 0 -7.413
3 16 3.219 -.833 -7.003 1.435 -.733 -7.56 1.41 0 -7.262
3 16 4.713 -.982 -6.03 4.243 0 -6 6 0 -4.243
4 16 7.249 0 1.876 7.551 -1.761 2.005 7.688 -1.565 -.669 7.404 0 -.671
4 16 5.395 7.34 10.977 5.497 7.189 9.732 3.886 7.4 9.661 3.787 7.574 11.106
3 16 9.335 -15.87 -5.561 8.075 -17.001 -6.937 8.095 -15.053 -7.357
3 16 10.368 -18.141 .763 9.47 -18.332 4.564 8.419 -20.679 2.655
3 16 0 -.067 -12.418 0 -.704 -7.728 1.435 -.733 -7.56
4 16 7.186 -1.349 -2.918 10.709 -1.275 -3.758 9.755 -.96 -6.34 6.182 -1.163 -4.569
4 16 4.306 -8.948 10.88 4.63 -13.487 10.711 6.516 -12.739 9.763 6.332 -9.321 9.869
3 16 3.212 -20.01 -8.459 6.393 -19.485 -7.045 3.328 -22.071 -5.706
3 16 10.42 -17.4 -2.085 8.938 -19.578 -3.063 9.897 -16.485 -4.418
4 16 0 -23.604 1.162 0 -23.368 -2.637 3.228 -23.17 -2.205 3.005 -23.382 1.47
3 16 5.623 -21.749 5.192 5.194 -19.741 8.225 2.646 -20.789 8.375
3 16 6.163 -17.386 -8.53 6.393 -19.485 -7.045 3.212 -20.01 -8.459
3 16 6.328 -4.646 9.953 5.181 -5.721 10.611 5.993 -6.796 10.154
3 16 11.127 -12.635 1.979 11.336 -8.575 -.283 11.082 -8.644 2.399
3 16 3.005 -23.382 1.47 0 -23.081 4.69 0 -23.604 1.162
3 16 6.802 -2.202 9.658 6.45 -3.637 11.224 6.328 -4.646 9.953
3 16 6.802 -2.202 9.658 8.395 -4.894 8.051 8.414 -1.993 7.777
3 16 5.194 -19.741 8.225 2.549 -17.623 10.755 2.646 -20.789 8.375
3 16 10.99 -12.466 -2.84 11.16 -15.159 -1.422 10.666 -14.718 -3.615
3 16 5.351 -4.887 11.616 6.328 -4.646 9.953 6.45 -3.637 11.224
3 16 10.206 -4.914 5.36 11.082 -8.644 2.399 11.189 -4.775 2.361
3 16 10.206 -4.914 5.36 8.414 -1.993 7.777 8.395 -4.894 8.051
3 16 2.549 -17.623 10.755 4.948 -16.771 10.198 4.63 -13.487 10.711
3 16 10.666 -14.718 -3.615 10.42 -17.4 -2.085 9.897 -16.485 -4.418
3 16 8.271 -.597 -8.914 6.521 -3.777 -10.706 6.68 -.332 -10.579
3 16 6.68 -.332 -10.579 4.713 -.982 -6.03 8.271 -.597 -8.914
3 16 6.182 -1.163 -4.569 8.271 -.597 -8.914 4.713 -.982 -6.03
3 16 10.182 -15.613 4.936 8.323 -17.348 7.061 9.47 -18.332 4.564
3 16 8.654 -18.361 -5.274 6.52 -21.224 -4.564 6.393 -19.485 -7.045
3 16 10.409 -12.24 -4.093 10.666 -14.718 -3.615 9.846 -13.899 -5.119
3 16 11.103 -8.754 -2.593 10.256 -6.433 -5.069 10.821 -4.683 -3.97
3 16 10.821 -4.683 -3.97 9.529 -4.53 -6.85 9.755 -.96 -6.34
3 16 10.666 -14.718 -3.615 9.335 -15.87 -5.561 9.846 -13.899 -5.119
3 16 2.646 -20.789 8.375 0 -17.927 10.913 0 -21.14 8.358
3 16 3.886 7.4 9.661 2.34 6.774 9.234 2.348 7.299 9.84
3 16 8.938 -19.578 -3.063 6.396 -22.227 -1.364 6.52 -21.224 -4.564
3 16 2.188 -9.114 11.505 4.015 -6.074 11.136 2.204 -5.613 11.654
3 16 1.6 -4.866 12.093 0 -5.506 11.838 2.204 -5.613 11.654
4 16 11.082 -8.644 2.399 10.178 -8.684 5.311 10.161 -12.729 5.114 11.127 -12.635 1.979
4 16 4.852 -.161 -11.608 2.525 -.058 -12.241 1.435 -.733 -7.56 3.219 -.833 -7.003
3 16 8.075 -17.001 -6.937 8.654 -18.361 -5.274 6.393 -19.485 -7.045
3 16 0 -22.218 -6.2 0 -20.051 -8.918 3.212 -20.01 -8.459
4 16 11.008 -1.776 2.274 11.189 -4.775 2.361 11.347 -4.612 -.862 11.144 -1.542 -.961
3 16 0 -21.14 8.358 2.794 -22.797 4.885 2.646 -20.789 8.375
3 16 0 -4.557 13.05 0 -4.787 12.188 1.6 -4.866 12.093
3 16 8.894 -20.492 -.327 6.042 -22.411 2.051 6.396 -22.227 -1.364
4 16 4.306 -8.948 10.88 6.332 -9.321 9.869 5.993 -6.796 10.154 4.015 -6.074 11.136
4 16 6.769 -15.944 9.145 7.174 -18.418 7.714 8.323 -17.348 7.061 8.515 -15.453 7.66
3 16 2.376 -13.969 11.42 0 -14.154 11.629 0 -17.927 10.913
4 16 10.096 -1.898 5.193 11.008 -1.776 2.274 7.551 -1.761 2.005 6.991 -1.864 4.748
4 16 2.42 -3.774 -12.235 0 -3.726 -12.392 0 -.067 -12.418 2.525 -.058 -12.241
3 16 6.622 -2.6 10.942 6.802 -2.202 9.658 5.848 -2.03 10.805
3 16 5.961 -1.864 9.271 8.414 -1.993 7.777 6.363 -1.864 7.325
4 16 7.77 -20.026 5.427 9.47 -18.332 4.564 8.323 -17.348 7.061 7.174 -18.418 7.714
3 16 1.906 0 11.886 2.35 7.476 11.828 2.348 7.299 9.84
3 16 3.787 7.574 11.106 3.886 7.4 9.661 2.348 7.299 9.84
4 16 5.961 -1.864 9.271 5.999 0 7.449 5.557 6.73 9.224 5.848 -2.03 10.805
4 16 1.906 0 11.886 2.348 7.299 9.84 2.34 6.774 9.234 2.041 0 7.536
3 16 3.886 7.4 9.661 5.497 7.189 9.732 3.905 6.853 9.088
3 16 4.948 -16.771 10.198 5.194 -19.741 8.225 7.174 -18.418 7.714
3 16 4.155 -5.242 12.033 4.015 -6.074 11.136 5.351 -4.887 11.616
3 16 8.208 -3.79 -9.064 8.271 -.597 -8.914 9.755 -.96 -6.34
3 16 6.991 -1.864 4.748 8.414 -1.993 7.777 10.096 -1.898 5.193
3 16 5.879 -15.286 -9.008 3.005 -17.542 -9.995 2.934 -15.292 -10.273
4 16 3.905 6.853 9.088 4.035 0 7.305 2.041 0 7.536 2.34 6.774 9.234
4 16 5.848 -2.03 10.805 5.557 6.73 9.224 5.497 7.189 9.732 5.395 7.34 10.977
4 16 8.208 -3.79 -9.064 9.529 -4.53 -6.85 6.932 -4.023 -6.932 6.444 -3.866 -7.223
3 16 9.085 -11.938 -4.057 10.409 -12.24 -4.093 8.555 -13.476 -4.851
3 16 8.601 -6.017 -4.782 10.256 -6.433 -5.069 9.185 -9.12 -3.908
3 16 5.442 -15.14 -7.919 5.879 -15.286 -9.008 3.74 -15.258 -9.03
3 16 5.442 -15.14 -7.919 6.975 -14.782 -6.975 5.879 -15.286 -9.008
3 16 3.74 -15.258 -9.03 2.934 -15.292 -10.273 0 -15.271 -9.772
3 16 10.409 -12.24 -4.093 9.085 -11.938 -4.057 10.605 -9.315 -3.824
3 16 0 -3.726 -12.392 2.42 -3.774 -12.235 0 -3.88 -9.797
3 16 6.521 -3.777 -10.706 8.208 -3.79 -9.064 5.2 -3.753 -8.029
3 16 5.2 -3.753 -8.029 3.748 -3.88 -9.028 6.521 -3.777 -10.706
3 16 6.975 -14.782 -6.975 8.14 -14.063 -5.472 8.095 -15.053 -7.357
3 16 8.555 -13.476 -4.851 9.846 -13.899 -5.119 8.14 -14.063 -5.472
3 16 9.529 -4.53 -6.85 8.058 -5.063 -5.594 7.487 -4.291 -6.191
3 16 3.228 -23.17 -2.205 6.396 -22.227 -1.364 3.005 -23.382 1.47
3 16 0 -4.657 13.9 0 -4.557 13.05 1.802 -4.738 13.123
3 16 9.47 -18.332 4.564 10.368 -18.141 .763 11.124 -15.577 1.496
3 16 11.124 -15.577 1.496 11.282 -12.514 -.735 11.127 -12.635 1.979
3 16 2.188 -9.114 11.505 4.63 -13.487 10.711 4.306 -8.948 10.88
3 16 2.934 -15.292 -10.273 0 -17.538 -10.369 0 -15.326 -10.676
3 16 3.219 -.833 -7.003 4.243 0 -6 4.713 -.982 -6.03
3 16 2.204 -5.613 11.654 4.015 -6.074 11.136 2.923 -5.083 12.39
3 16 10.206 -4.914 5.36 11.189 -4.775 2.361 10.096 -1.898 5.193
3 16 11.082 -8.644 2.399 11.336 -8.575 -.283 11.347 -4.612 -.862
4 16 6.397 0 5.521 6.363 -1.864 7.325 6.991 -1.864 4.748 6.775 0 4.01
3 16 7.186 -1.349 -2.918 7.404 0 -.671 7.688 -1.565 -.669
3 16 6.042 -22.411 2.051 2.794 -22.797 4.885 3.005 -23.382 1.47
3 16 4.601 -3.799 -11.695 2.525 -.058 -12.241 4.852 -.161 -11.608
3 16 0 -5.506 11.838 2.188 -9.114 11.505 2.204 -5.613 11.654
3 16 10.821 -4.683 -3.97 11.347 -4.612 -.862 11.336 -8.575 -.283
3 16 10.368 -18.141 .763 11.16 -15.159 -1.422 11.124 -15.577 1.496
3 16 6.516 -12.739 9.763 8.421 -12.754 7.811 8.47 -8.696 7.94
3 16 10.605 -9.315 -3.824 10.99 -12.466 -2.84 10.409 -12.24 -4.093
3 16 8.654 -18.361 -5.274 9.335 -15.87 -5.561 9.897 -16.485 -4.418
3 16 10.206 -4.914 5.36 8.47 -8.696 7.94 10.178 -8.684 5.311
3 16 6.516 -12.739 9.763 4.63 -13.487 10.711 4.948 -16.771 10.198
3 16 2.376 -13.969 11.42 0 -9.241 11.735 0 -14.154 11.629
3 16 7.551 -1.761 2.005 6.775 0 4.01 6.991 -1.864 4.748
3 16 3.905 6.853 9.088 5.557 6.73 9.224 4.035 0 7.305
3 16 6.042 -22.411 2.051 8.419 -20.679 2.655 5.623 -21.749 5.192
3 16 10.99 -12.466 -2.84 11.103 -8.754 -2.593 11.282 -12.514 -.735
3 16 10.161 -12.729 5.114 10.182 -15.613 4.936 11.127 -12.635 1.979
3 16 6.521 -3.777 -10.706 4.852 -.161 -11.608 6.68 -.332 -10.579
3 16 8.395 -4.894 8.051 6.328 -4.646 9.953 5.993 -6.796 10.154
3 16 8.47 -8.696 7.94 5.993 -6.796 10.154 6.332 -9.321 9.869
3 16 10.821 -4.683 -3.97 11.144 -1.542 -.961 11.347 -4.612 -.862
3 16 8.894 -20.492 -.327 10.42 -17.4 -2.085 10.368 -18.141 .763
3 16 8.095 -15.053 -7.357 6.163 -17.386 -8.53 5.879 -15.286 -9.008
3 16 8.515 -15.453 7.66 10.161 -12.729 5.114 8.421 -12.754 7.811
3 16 0 -20.051 -8.918 3.005 -17.542 -9.995 3.212 -20.01 -8.459
3 16 6.769 -15.944 9.145 8.421 -12.754 7.811 6.516 -12.739 9.763
3 16 5.194 -19.741 8.225 7.77 -20.026 5.427 7.174 -18.418 7.714
3 16 6.909 0 -2.83 6.182 -1.163 -4.569 6 0 -4.243
3 16 1.435 -.733 -7.56 0 0 -7.413 1.41 0 -7.262
3 16 3.219 -.833 -7.003 1.41 0 -7.262 3.138 0 -6.724
4 16 7.404 0 -.671 6.909 0 -2.83 6 0 0 7.249 0 1.876
3 16 6 0 0 6.775 0 4.01 7.249 0 1.876
3 16 6 0 -4.243 6.182 -1.163 -4.569 4.713 -.982 -6.03
3 16 8.095 -15.053 -7.357 9.193 -14.615 -6.102 9.335 -15.87 -5.561
3 16 8.419 -20.679 2.655 8.894 -20.492 -.327 10.368 -18.141 .763
3 16 1.435 -.733 -7.56 2.525 -.058 -12.241 0 -.067 -12.418
3 16 6.52 -21.224 -4.564 3.328 -22.071 -5.706 6.393 -19.485 -7.045
3 16 8.654 -18.361 -5.274 9.897 -16.485 -4.418 8.938 -19.578 -3.063
3 16 2.646 -20.789 8.375 2.794 -22.797 4.885 5.623 -21.749 5.192
3 16 3.212 -20.01 -8.459 3.005 -17.542 -9.995 6.163 -17.386 -8.53
3 16 0 0 6 0 0 7.566 2.041 0 7.536
3 16 6 0 0 6.909 0 -2.83 6 0 -4.243
3 16 11.127 -12.635 1.979 11.282 -12.514 -.735 11.336 -8.575 -.283
3 16 3.005 -23.382 1.47 2.794 -22.797 4.885 0 -23.081 4.69
3 16 6.802 -2.202 9.658 6.622 -2.6 10.942 6.45 -3.637 11.224
3 16 6.802 -2.202 9.658 6.328 -4.646 9.953 8.395 -4.894 8.051
3 16 5.194 -19.741 8.225 4.948 -16.771 10.198 2.549 -17.623 10.755
3 16 10.99 -12.466 -2.84 11.282 -12.514 -.735 11.16 -15.159 -1.422
3 16 5.351 -4.887 11.616 5.181 -5.721 10.611 6.328 -4.646 9.953
3 16 10.206 -4.914 5.36 10.178 -8.684 5.311 11.082 -8.644 2.399
3 16 10.206 -4.914 5.36 10.096 -1.898 5.193 8.414 -1.993 7.777
3 16 4.63 -13.487 10.711 2.376 -13.969 11.42 2.549 -17.623 10.755
3 16 10.666 -14.718 -3.615 11.16 -15.159 -1.422 10.42 -17.4 -2.085
3 16 8.271 -.597 -8.914 8.208 -3.79 -9.064 6.521 -3.777 -10.706
3 16 8.271 -.597 -8.914 6.182 -1.163 -4.569 9.755 -.96 -6.34
3 16 8.323 -17.348 7.061 10.182 -15.613 4.936 8.515 -15.453 7.66
3 16 6.52 -21.224 -4.564 8.654 -18.361 -5.274 8.938 -19.578 -3.063
3 16 10.666 -14.718 -3.615 10.409 -12.24 -4.093 10.99 -12.466 -2.84
3 16 10.256 -6.433 -5.069 11.103 -8.754 -2.593 10.605 -9.315 -3.824
3 16 10.821 -4.683 -3.97 9.755 -.96 -6.34 10.709 -1.275 -3.758
3 16 9.529 -4.53 -6.85 10.821 -4.683 -3.97 10.256 -6.433 -5.069
3 16 10.666 -14.718 -3.615 9.897 -16.485 -4.418 9.335 -15.87 -5.561
3 16 9.846 -13.899 -5.119 9.335 -15.87 -5.561 9.193 -14.615 -6.102
3 16 0 -17.927 10.913 2.646 -20.789 8.375 2.549 -17.623 10.755
3 16 2.34 6.774 9.234 3.886 7.4 9.661 3.905 6.853 9.088
3 16 6.396 -22.227 -1.364 8.938 -19.578 -3.063 8.894 -20.492 -.327
3 16 4.015 -6.074 11.136 2.188 -9.114 11.505 4.306 -8.948 10.88
3 16 0 -5.506 11.838 1.6 -4.866 12.093 0 -4.787 12.188
3 16 6.393 -19.485 -7.045 6.163 -17.386 -8.53 8.075 -17.001 -6.937
3 16 3.212 -20.01 -8.459 3.328 -22.071 -5.706 0 -22.218 -6.2
3 16 2.794 -22.797 4.885 0 -21.14 8.358 0 -23.081 4.69
3 16 0 -4.557 13.05 1.6 -4.866 12.093 1.802 -4.738 13.123
3 16 6.042 -22.411 2.051 8.894 -20.492 -.327 8.419 -20.679 2.655
3 16 4.015 -6.074 11.136 5.993 -6.796 10.154 5.181 -5.721 10.611
3 16 0 -17.927 10.913 2.549 -17.623 10.755 2.376 -13.969 11.42
3 16 5.961 -1.864 9.271 5.848 -2.03 10.805 6.802 -2.202 9.658
3 16 6.802 -2.202 9.658 8.414 -1.993 7.777 5.961 -1.864 9.271
3 16 2.348 7.299 9.84 2.35 7.476 11.828 3.787 7.574 11.106
3 16 4.243 0 -4.243 6 0 -4.243 4.243 0 -6
3 16 5.497 7.189 9.732 5.557 6.73 9.224 3.905 6.853 9.088
3 16 7.174 -18.418 7.714 6.769 -15.944 9.145 4.948 -16.771 10.198
3 16 4.015 -6.074 11.136 5.181 -5.721 10.611 5.351 -4.887 11.616
3 16 9.755 -.96 -6.34 9.529 -4.53 -6.85 8.208 -3.79 -9.064
4 16 1.41 0 -7.262 0 0 -7.413 0 0 -6 3.138 0 -6.724
3 16 8.414 -1.993 7.777 6.991 -1.864 4.748 6.363 -1.864 7.325
3 16 3.005 -17.542 -9.995 5.879 -15.286 -9.008 6.163 -17.386 -8.53
3 16 9.529 -4.53 -6.85 7.487 -4.291 -6.191 6.932 -4.023 -6.932
3 16 10.409 -12.24 -4.093 9.846 -13.899 -5.119 8.555 -13.476 -4.851
3 16 10.256 -6.433 -5.069 10.605 -9.315 -3.824 9.185 -9.12 -3.908
3 16 5.879 -15.286 -9.008 2.934 -15.292 -10.273 3.74 -15.258 -9.03
3 16 6.975 -14.782 -6.975 8.095 -15.053 -7.357 5.879 -15.286 -9.008
4 16 3.748 -3.88 -9.028 1.769 -3.88 -9.449 2.42 -3.774 -12.235 4.601 -3.799 -11.695
3 16 0 -15.326 -10.676 0 -15.271 -9.772 2.934 -15.292 -10.273
3 16 9.185 -9.12 -3.908 10.605 -9.315 -3.824 9.085 -11.938 -4.057
3 16 1.769 -3.88 -9.449 0 -3.88 -9.797 2.42 -3.774 -12.235
3 16 6.444 -3.866 -7.223 5.2 -3.753 -8.029 8.208 -3.79 -9.064
3 16 4.601 -3.799 -11.695 6.521 -3.777 -10.706 3.748 -3.88 -9.028
3 16 9.193 -14.615 -6.102 8.095 -15.053 -7.357 8.14 -14.063 -5.472
4 16 8.601 -6.017 -4.782 8.058 -5.063 -5.594 9.529 -4.53 -6.85 10.256 -6.433 -5.069
3 16 8.14 -14.063 -5.472 9.846 -13.899 -5.119 9.193 -14.615 -6.102
3 16 6.397 0 5.521 6 0 6 5.999 0 7.449
3 16 4.035 0 7.305 5.999 0 7.449 6 0 6
3 16 0 0 -6 4.243 0 -6 3.138 0 -6.724
3 16 3.5 10.8 16.5 .775 10.8 15.1 4.9 10.8 19.225
3 16 6.3 10.8 16.5 4.9 10.8 19.225 9.025 10.8 15.1
3 16 6.3 10.8 13.7 9.025 10.8 15.1 4.9 10.8 10.975
3 16 3.5 10.8 13.7 4.9 10.8 10.975 .775 10.8 15.1
4 16 .742 -2.6 16.822 0 -2.6 16.822 0 -6.4 16.9 6 -6.4 16.9
4 16 .739 0 13.761 0 0 13.761 0 9.455 14.329 .891 9.455 14.329
3 16 6 -5.6 16.9 .742 -2.6 16.822 6 -6.4 16.9
4 16 0 -6.4 13.9 0 -4.657 13.9 6 -5.6 13.9 6 -6.4 13.9
3 16 1.6 -4.866 12.093 2.923 -5.083 12.39 1.802 -4.738 13.123
4 16 0 9.455 14.329 0 9.386 16.529 1.02 9.386 16.529 .891 9.455 14.329
4 16 0 9.386 16.529 0 -2.6 16.822 .742 -2.6 16.822 1.02 9.386 16.529

2 24 5.999 0 7.449 6.397 0 5.521
2 24 6.802 -2.202 9.658 6.622 -2.6 10.942
2 24 7.186 -1.349 -2.918 6.182 -1.163 -4.569
2 24 0 -.067 -12.418 2.525 -.058 -12.241
2 24 10.256 -6.433 -5.069 10.605 -9.315 -3.824
2 24 5.999 0 7.449 5.557 6.73 9.224
2 24 9.193 -14.615 -6.102 8.095 -15.053 -7.357
2 24 10.096 -1.898 5.193 8.414 -1.993 7.777
2 24 4.243 0 -6 6 0 -4.243
2 24 8.058 -5.063 -5.594 7.487 -4.291 -6.191
2 24 5.497 7.189 9.732 5.557 6.73 9.224
2 24 10.709 -1.275 -3.758 11.144 -1.542 -.961
2 24 5.879 -15.286 -9.008 2.934 -15.292 -10.273
2 24 7.551 -1.761 2.005 6.991 -1.864 4.748
2 24 0 -.704 -7.728 1.435 -.733 -7.56
2 24 6.775 0 4.01 7.249 0 1.876
2 24 1.41 0 -7.262 3.138 0 -6.724
2 24 7.404 0 -.671 6.909 0 -2.83
2 24 11.008 -1.776 2.274 10.096 -1.898 5.193
2 24 3.219 -.833 -7.003 4.713 -.982 -6.03
2 24 2.934 -15.292 -10.273 0 -15.326 -10.676
2 24 7.186 -1.349 -2.918 7.688 -1.565 -.669
2 24 8.271 -.597 -8.914 9.755 -.96 -6.34
2 24 8.095 -15.053 -7.357 5.879 -15.286 -9.008
2 24 9.846 -13.899 -5.119 9.193 -14.615 -6.102
2 24 2.525 -.058 -12.241 4.852 -.161 -11.608
2 24 7.249 0 1.876 7.404 0 -.671
2 24 6.521 -3.777 -10.706 8.208 -3.79 -9.064
2 24 1.435 -.733 -7.56 3.219 -.833 -7.003
2 24 6.363 -1.864 7.325 5.961 -1.864 9.271
2 24 5.961 -1.864 9.271 5.848 -2.03 10.805
2 24 9.529 -4.53 -6.85 10.256 -6.433 -5.069
2 24 7.551 -1.761 2.005 7.688 -1.565 -.669
2 24 9.755 -.96 -6.34 10.709 -1.275 -3.758
2 24 8.208 -3.79 -9.064 9.529 -4.53 -6.85
2 24 6.68 -.332 -10.579 8.271 -.597 -8.914
2 24 3.138 0 -6.724 4.243 0 -6
2 24 6.909 0 -2.83 6 0 -4.243
2 24 4.852 -.161 -11.608 6.68 -.332 -10.579
2 24 0 -3.726 -12.392 2.42 -3.774 -12.235
2 24 6.397 0 5.521 6.775 0 4.01
2 24 10.605 -9.315 -3.824 10.409 -12.24 -4.093
2 24 8.414 -1.993 7.777 6.802 -2.202 9.658
2 24 5.395 7.34 10.977 5.497 7.189 9.732
2 24 10.409 -12.24 -4.093 9.846 -13.899 -5.119
2 24 4.601 -3.799 -11.695 6.521 -3.777 -10.706
2 24 11.144 -1.542 -.961 11.008 -1.776 2.274
2 24 1.41 0 -7.262 0 0 -7.413
2 24 2.42 -3.774 -12.235 4.601 -3.799 -11.695
2 24 6.363 -1.864 7.325 6.991 -1.864 4.748
2 24 4.713 -.982 -6.03 6.182 -1.163 -4.569
2 24 6.444 -3.866 -7.223 6.932 -4.023 -6.932
2 24 6.932 -4.023 -6.932 7.487 -4.291 -6.191
2 24 3.74 -15.258 -9.03 0 -15.271 -9.772
2 24 5.2 -3.753 -8.029 6.444 -3.866 -7.223
2 24 8.601 -6.017 -4.782 8.058 -5.063 -5.594
2 24 6.975 -14.782 -6.975 5.442 -15.14 -7.919
2 24 9.185 -9.12 -3.908 9.085 -11.938 -4.057
2 24 8.601 -6.017 -4.782 9.185 -9.12 -3.908
2 24 8.14 -14.063 -5.472 6.975 -14.782 -6.975
2 24 1.769 -3.88 -9.449 3.748 -3.88 -9.028
2 24 5.442 -15.14 -7.919 3.74 -15.258 -9.03
2 24 8.555 -13.476 -4.851 8.14 -14.063 -5.472
2 24 0 -3.88 -9.797 1.769 -3.88 -9.449
2 24 9.085 -11.938 -4.057 8.555 -13.476 -4.851
2 24 5.2 -3.753 -8.029 3.748 -3.88 -9.028
2 24 .891 9.455 14.329 .739 0 13.761
2 24 1.02 9.386 16.529 .742 -2.6 16.822
2 24 0 9.386 16.529 1.02 9.386 16.529
2 24 0 9.455 14.329 .891 9.455 14.329
2 24 .737 9.431 15.1 1.02 9.386 16.529
2 24 .737 9.431 15.1 .891 9.455 14.329
2 24 0 0 13.761 .739 0 13.761
2 24 2.45 -5.614 13.9 1.668 -4.919 13.9
2 24 0 -4.657 13.9 1.668 -4.919 13.9
2 24 1.668 -4.919 13.9 1.802 -4.738 13.123
2 24 1.802 -4.738 13.123 2.923 -5.083 12.39
2 24 6.45 -3.637 11.224 5.972 -4.254 11.285
2 24 5.351 -4.887 11.616 4.9 -5.104 11.674
2 24 5.972 -4.254 11.285 5.351 -4.887 11.616
2 24 4.155 -5.242 12.033 2.923 -5.083 12.39
2 24 4.486 -5.204 11.846 4.155 -5.242 12.033
2 24 4.9 -5.104 11.674 4.486 -5.204 11.846
2 24 6.45 -3.637 11.224 6.622 -2.6 10.942
2 24 6 -5.999 16.9 5.59 -6.104 16.894
2 24 5.462 -6.136 16.895 5.59 -6.104 16.894
2 24 6.574 -5.884 16.786 6.818 -5.863 16.623
2 24 6.574 -5.884 16.786 6 -5.999 16.9
2 24 6.818 -5.863 16.623 7.061 -5.753 16.461
2 24 7.386 -5.661 15.974 7.5 -5.712 15.4
2 24 7.061 -5.753 16.461 7.386 -5.661 15.974
2 24 7.5 -5.712 15.4 7.44 -5.81 15.1
2 24 5.462 -6.136 16.895 4.9 -6.251 16.897
2 24 7.386 -5.785 14.826 7.061 -5.877 14.339
2 24 7.386 -5.785 14.826 7.44 -5.81 15.1
2 24 7.061 -5.877 14.339 6.747 -6.02 14.13
2 24 6 -6.15 13.9 6.574 -6.035 14.014
2 24 6.574 -6.035 14.014 6.747 -6.02 14.13
2 24 5.422 -6.296 13.9 6 -6.15 13.9
2 24 5.422 -6.296 13.9 4.9 -6.388 13.9
2 24 .742 -2.6 16.822 1.304 -4.332 16.858
2 24 1.304 -4.332 16.858 1.411 -4.474 16.861
2 24 2.807 -5.705 16.886 1.411 -4.474 16.861
2 24 4.338 -6.136 16.895 2.948 -5.788 16.887
2 24 2.807 -5.705 16.886 2.948 -5.788 16.887
2 24 4.338 -6.136 16.895 4.9 -6.251 16.897
2 24 2.45 -5.614 13.9 3.023 -5.955 13.9
2 24 3.023 -5.955 13.9 4.378 -6.296 13.9
2 24 4.9 -6.388 13.9 4.378 -6.296 13.9
2 24 5.395 7.34 10.977 5.848 -2.03 10.805
2 24 6.622 -2.6 10.942 5.848 -2.03 10.805
2 24 3.787 7.574 11.106 4.9 7.397 10.88
2 24 4.9 7.397 10.88 5.395 7.34 10.977
2 24 2.35 7.476 11.828 1.906 0 11.886
2 24 1.906 0 11.886 1.771 0 11.971
2 24 2.35 7.476 11.828 3.286 7.53 11.204
2 24 3.787 7.574 11.106 3.286 7.53 11.204
2 24 1.679 0 12.077 1.771 0 11.971
2 24 2.041 0 7.536 2.34 6.774 9.234
2 24 2.34 6.774 9.234 2.348 7.299 9.84
2 24 2.348 7.299 9.84 2.35 7.476 11.828
2 24 1.679 0 12.077 .81 0 13.406

5 24 8.938 -19.578 -3.063 10.42 -17.4 -2.085 9.897 -16.485 -4.418 8.894 -20.492 -.327
5 24 5.442 -15.14 -7.919 5.879 -15.286 -9.008 6.975 -14.782 -6.975 3.74 -15.258 -9.03
5 24 1.6 -4.866 12.093 0 -4.557 13.05 1.802 -4.738 13.123 0 -4.787 12.188
5 24 10.605 -9.315 -3.824 9.185 -9.12 -3.908 9.085 -11.938 -4.057 10.256 -6.433 -5.069
5 24 10.821 -4.683 -3.97 11.103 -8.754 -2.593 10.256 -6.433 -5.069 11.336 -8.575 -.283
5 24 4.852 -.161 -11.608 6.521 -3.777 -10.706 4.601 -3.799 -11.695 6.68 -.332 -10.579
5 24 8.421 -12.754 7.811 6.769 -15.944 9.145 8.515 -15.453 7.66 6.516 -12.739 9.763
5 24 8.419 -20.679 2.655 8.894 -20.492 -.327 10.368 -18.141 .763 6.042 -22.411 2.051
5 24 6 0 -4.243 6.182 -1.163 -4.569 6.909 0 -2.83 4.713 -.982 -6.03
5 24 8.47 -8.696 7.94 6.332 -9.321 9.869 5.993 -6.796 10.154 6.516 -12.739 9.763
5 24 6.328 -4.646 9.953 6.45 -3.637 11.224 5.351 -4.887 11.616 6.802 -2.202 9.658
5 24 8.894 -20.492 -.327 6.042 -22.411 2.051 6.396 -22.227 -1.364 8.419 -20.679 2.655
5 24 8.271 -.597 -8.914 6.521 -3.777 -10.706 6.68 -.332 -10.579 8.208 -3.79 -9.064
5 24 3.74 -15.258 -9.03 2.934 -15.292 -10.273 0 -15.271 -9.772 5.879 -15.286 -9.008
5 24 8.414 -1.993 7.777 8.395 -4.894 8.051 10.206 -4.914 5.36 6.802 -2.202 9.658
5 24 10.409 -12.24 -4.093 10.666 -14.718 -3.615 9.846 -13.899 -5.119 10.99 -12.466 -2.84
5 24 8.395 -4.894 8.051 6.328 -4.646 9.953 6.802 -2.202 9.658 5.993 -6.796 10.154
5 24 0 -17.538 -10.369 2.934 -15.292 -10.273 0 -15.326 -10.676 3.005 -17.542 -9.995
5 24 6.52 -21.224 -4.564 6.396 -22.227 -1.364 8.938 -19.578 -3.063 3.228 -23.17 -2.205
5 24 0 -20.051 -8.918 3.212 -20.01 -8.459 0 -22.218 -6.2 3.005 -17.542 -9.995
5 24 3.886 7.4 9.661 2.34 6.774 9.234 3.905 6.853 9.088 2.348 7.299 9.84
5 24 8.075 -17.001 -6.937 9.335 -15.87 -5.561 8.095 -15.053 -7.357 8.654 -18.361 -5.274
5 24 3.228 -23.17 -2.205 3.328 -22.071 -5.706 6.52 -21.224 -4.564 0 -23.368 -2.637
5 24 3.005 -17.542 -9.995 6.163 -17.386 -8.53 5.879 -15.286 -9.008 3.212 -20.01 -8.459
5 24 7.77 -20.026 5.427 8.419 -20.679 2.655 9.47 -18.332 4.564 5.623 -21.749 5.192
5 24 3.005 -17.542 -9.995 3.212 -20.01 -8.459 0 -20.051 -8.918 6.163 -17.386 -8.53
5 24 6.802 -2.202 9.658 8.395 -4.894 8.051 8.414 -1.993 7.777 6.328 -4.646 9.953
5 24 9.897 -16.485 -4.418 8.654 -18.361 -5.274 8.938 -19.578 -3.063 9.335 -15.87 -5.561
5 24 10.368 -18.141 .763 10.42 -17.4 -2.085 11.16 -15.159 -1.422 8.894 -20.492 -.327
5 24 10.99 -12.466 -2.84 10.409 -12.24 -4.093 10.605 -9.315 -3.824 10.666 -14.718 -3.615
5 24 6.975 -14.782 -6.975 5.879 -15.286 -9.008 5.442 -15.14 -7.919 8.095 -15.053 -7.357
5 24 9.846 -13.899 -5.119 8.14 -14.063 -5.472 8.555 -13.476 -4.851 9.193 -14.615 -6.102
5 24 4.306 -8.948 10.88 4.63 -13.487 10.711 6.516 -12.739 9.763 2.188 -9.114 11.505
5 24 2.42 -3.774 -12.235 2.525 -.058 -12.241 0 -.067 -12.418 4.601 -3.799 -11.695
5 24 11.103 -8.754 -2.593 10.99 -12.466 -2.84 11.282 -12.514 -.735 10.605 -9.315 -3.824
5 24 0 -4.557 13.05 1.802 -4.738 13.123 1.6 -4.866 12.093 0 -4.657 13.9
5 24 8.515 -15.453 7.66 8.323 -17.348 7.061 6.769 -15.944 9.145 10.182 -15.613 4.936
5 24 0 -17.927 10.913 2.376 -13.969 11.42 2.549 -17.623 10.755 0 -14.154 11.629
5 24 7.77 -20.026 5.427 5.623 -21.749 5.192 8.419 -20.679 2.655 5.194 -19.741 8.225
5 24 5.181 -5.721 10.611 5.993 -6.796 10.154 4.015 -6.074 11.136 6.328 -4.646 9.953
5 24 6.363 -1.864 7.325 6.397 0 5.521 6.991 -1.864 4.748 5.999 0 7.449
5 24 5.623 -21.749 5.192 8.419 -20.679 2.655 6.042 -22.411 2.051 7.77 -20.026 5.427
5 24 0 -9.241 11.735 2.376 -13.969 11.42 0 -14.154 11.629 2.188 -9.114 11.505
5 24 4.306 -8.948 10.88 6.332 -9.321 9.869 6.516 -12.739 9.763 5.993 -6.796 10.154
5 24 0 -9.241 11.735 2.188 -9.114 11.505 0 -5.506 11.838 2.376 -13.969 11.42
5 24 6.802 -2.202 9.658 5.961 -1.864 9.271 5.848 -2.03 10.805 8.414 -1.993 7.777
5 24 11.082 -8.644 2.399 10.178 -8.684 5.311 10.161 -12.729 5.114 10.206 -4.914 5.36
5 24 2.549 -17.623 10.755 0 -17.927 10.913 2.646 -20.789 8.375 2.376 -13.969 11.42
5 24 6.042 -22.411 2.051 3.005 -23.382 1.47 2.794 -22.797 4.885 6.396 -22.227 -1.364
5 24 7.77 -20.026 5.427 5.194 -19.741 8.225 7.174 -18.418 7.714 5.623 -21.749 5.192
5 24 3.905 6.853 9.088 2.34 6.774 9.234 2.041 0 7.536 3.886 7.4 9.661
5 24 10.666 -14.718 -3.615 9.335 -15.87 -5.561 9.846 -13.899 -5.119 9.897 -16.485 -4.418
5 24 9.755 -.96 -6.34 6.182 -1.163 -4.569 7.186 -1.349 -2.918 8.271 -.597 -8.914
5 24 4.015 -6.074 11.136 5.993 -6.796 10.154 4.306 -8.948 10.88 5.181 -5.721 10.611
5 24 0 -22.218 -6.2 3.328 -22.071 -5.706 0 -23.368 -2.637 3.212 -20.01 -8.459
5 24 2.188 -9.114 11.505 4.015 -6.074 11.136 2.204 -5.613 11.654 4.306 -8.948 10.88
5 24 3.748 -3.88 -9.028 6.521 -3.777 -10.706 4.601 -3.799 -11.695 5.2 -3.753 -8.029
5 24 4.601 -3.799 -11.695 4.852 -.161 -11.608 2.525 -.058 -12.241 6.521 -3.777 -10.706
5 24 7.551 -1.761 2.005 11.008 -1.776 2.274 7.688 -1.565 -.669 10.096 -1.898 5.193
5 24 4.243 0 -6 3.219 -.833 -7.003 3.138 0 -6.724 4.713 -.982 -6.03
5 24 4.015 -6.074 11.136 4.155 -5.242 12.033 2.923 -5.083 12.39 5.351 -4.887 11.616
5 24 4.948 -16.771 10.198 5.194 -19.741 8.225 2.549 -17.623 10.755 7.174 -18.418 7.714
5 24 11.282 -12.514 -.735 11.124 -15.577 1.496 11.127 -12.635 1.979 11.16 -15.159 -1.422
5 24 10.821 -4.683 -3.97 11.336 -8.575 -.283 11.347 -4.612 -.862 11.103 -8.754 -2.593
5 24 8.419 -20.679 2.655 10.368 -18.141 .763 8.894 -20.492 -.327 9.47 -18.332 4.564
5 24 8.601 -6.017 -4.782 10.256 -6.433 -5.069 9.529 -4.53 -6.85 9.185 -9.12 -3.908
5 24 3.005 -17.542 -9.995 0 -17.538 -10.369 0 -20.051 -8.918 2.934 -15.292 -10.273
5 24 2.188 -9.114 11.505 0 -5.506 11.838 0 -9.241 11.735 2.204 -5.613 11.654
5 24 10.182 -15.613 4.936 10.161 -12.729 5.114 11.127 -12.635 1.979 8.515 -15.453 7.66
5 24 8.095 -15.053 -7.357 8.075 -17.001 -6.937 6.163 -17.386 -8.53 9.335 -15.87 -5.561
5 24 8.414 -1.993 7.777 6.363 -1.864 7.325 5.961 -1.864 9.271 6.991 -1.864 4.748
5 24 9.47 -18.332 4.564 11.124 -15.577 1.496 10.182 -15.613 4.936 10.368 -18.141 .763
5 24 9.755 -.96 -6.34 10.821 -4.683 -3.97 9.529 -4.53 -6.85 10.709 -1.275 -3.758
5 24 0 -2.6 16.822 .742 -2.6 16.822 1.02 9.386 16.529 0 -6.4 16.9
5 24 10.368 -18.141 .763 11.124 -15.577 1.496 9.47 -18.332 4.564 11.16 -15.159 -1.422
5 24 11.127 -12.635 1.979 10.182 -15.613 4.936 11.124 -15.577 1.496 10.161 -12.729 5.114
5 24 11.127 -12.635 1.979 11.336 -8.575 -.283 11.082 -8.644 2.399 11.282 -12.514 -.735
5 24 10.666 -14.718 -3.615 9.846 -13.899 -5.119 9.335 -15.87 -5.561 10.409 -12.24 -4.093
5 24 6.769 -15.944 9.145 7.174 -18.418 7.714 4.948 -16.771 10.198 8.323 -17.348 7.061
5 24 4.63 -13.487 10.711 6.516 -12.739 9.763 4.306 -8.948 10.88 4.948 -16.771 10.198
5 24 2.188 -9.114 11.505 2.376 -13.969 11.42 0 -9.241 11.735 4.63 -13.487 10.711
5 24 11.082 -8.644 2.399 11.189 -4.775 2.361 10.206 -4.914 5.36 11.347 -4.612 -.862
5 24 10.178 -8.684 5.311 8.47 -8.696 7.94 8.421 -12.754 7.811 10.206 -4.914 5.36
5 24 3.005 -17.542 -9.995 0 -20.051 -8.918 3.212 -20.01 -8.459 0 -17.538 -10.369
5 24 6.68 -.332 -10.579 4.713 -.982 -6.03 8.271 -.597 -8.914 3.219 -.833 -7.003
5 24 11.282 -12.514 -.735 10.99 -12.466 -2.84 11.103 -8.754 -2.593 11.16 -15.159 -1.422
5 24 3.748 -3.88 -9.028 4.601 -3.799 -11.695 6.521 -3.777 -10.706 2.42 -3.774 -12.235
5 24 10.666 -14.718 -3.615 10.99 -12.466 -2.84 11.16 -15.159 -1.422 10.409 -12.24 -4.093
5 24 0 -4.657 13.9 1.802 -4.738 13.123 1.668 -4.919 13.9 0 -4.557 13.05
5 24 11.347 -4.612 -.862 11.189 -4.775 2.361 11.008 -1.776 2.274 11.082 -8.644 2.399
5 24 6.991 -1.864 4.748 8.414 -1.993 7.777 10.096 -1.898 5.193 6.363 -1.864 7.325
5 24 7.174 -18.418 7.714 8.323 -17.348 7.061 7.77 -20.026 5.427 6.769 -15.944 9.145
5 24 9.335 -15.87 -5.561 9.897 -16.485 -4.418 10.666 -14.718 -3.615 8.654 -18.361 -5.274
5 24 2.376 -13.969 11.42 0 -14.154 11.629 0 -9.241 11.735 0 -17.927 10.913
5 24 8.14 -14.063 -5.472 8.095 -15.053 -7.357 9.193 -14.615 -6.102 6.975 -14.782 -6.975
5 24 8.395 -4.894 8.051 8.47 -8.696 7.94 5.993 -6.796 10.154 10.206 -4.914 5.36
5 24 8.938 -19.578 -3.063 9.897 -16.485 -4.418 10.42 -17.4 -2.085 8.654 -18.361 -5.274
5 24 7.174 -18.418 7.714 4.948 -16.771 10.198 5.194 -19.741 8.225 6.769 -15.944 9.145
5 24 11.082 -8.644 2.399 11.127 -12.635 1.979 10.161 -12.729 5.114 11.336 -8.575 -.283
5 24 6.521 -3.777 -10.706 6.68 -.332 -10.579 8.271 -.597 -8.914 4.852 -.161 -11.608
5 24 6.802 -2.202 9.658 6.45 -3.637 11.224 6.622 -2.6 10.942 6.328 -4.646 9.953
5 24 3.005 -23.382 1.47 6.396 -22.227 -1.364 6.042 -22.411 2.051 3.228 -23.17 -2.205
5 24 11.127 -12.635 1.979 10.161 -12.729 5.114 10.182 -15.613 4.936 11.082 -8.644 2.399
5 24 4.306 -8.948 10.88 4.015 -6.074 11.136 2.188 -9.114 11.505 5.993 -6.796 10.154
5 24 1.6 -4.866 12.093 1.802 -4.738 13.123 0 -4.557 13.05 2.923 -5.083 12.39
5 24 11.282 -12.514 -.735 11.103 -8.754 -2.593 11.336 -8.575 -.283 10.99 -12.466 -2.84
5 24 11.124 -15.577 1.496 10.182 -15.613 4.936 11.127 -12.635 1.979 9.47 -18.332 4.564
5 24 5.181 -5.721 10.611 4.015 -6.074 11.136 5.993 -6.796 10.154 5.351 -4.887 11.616
5 24 3.212 -20.01 -8.459 0 -22.218 -6.2 0 -20.051 -8.918 3.328 -22.071 -5.706
5 24 8.938 -19.578 -3.063 8.654 -18.361 -5.274 9.897 -16.485 -4.418 6.52 -21.224 -4.564
5 24 11.189 -4.775 2.361 11.008 -1.776 2.274 10.096 -1.898 5.193 11.347 -4.612 -.862
5 24 11.124 -15.577 1.496 11.127 -12.635 1.979 10.182 -15.613 4.936 11.282 -12.514 -.735
5 24 2.204 -5.613 11.654 2.923 -5.083 12.39 4.015 -6.074 11.136 1.6 -4.866 12.093
5 24 3.328 -22.071 -5.706 3.212 -20.01 -8.459 6.393 -19.485 -7.045 0 -22.218 -6.2
5 24 0 -4.787 12.188 1.6 -4.866 12.093 0 -5.506 11.838 0 -4.557 13.05
5 24 1.435 -.733 -7.56 0 -.067 -12.418 0 -.704 -7.728 2.525 -.058 -12.241
5 24 4.63 -13.487 10.711 2.188 -9.114 11.505 4.306 -8.948 10.88 2.376 -13.969 11.42
5 24 2.348 7.299 9.84 3.787 7.574 11.106 3.886 7.4 9.661 2.35 7.476 11.828
5 24 5.351 -4.887 11.616 6.328 -4.646 9.953 6.45 -3.637 11.224 5.181 -5.721 10.611
5 24 9.897 -16.485 -4.418 10.42 -17.4 -2.085 10.666 -14.718 -3.615 8.938 -19.578 -3.063
5 24 10.182 -15.613 4.936 9.47 -18.332 4.564 8.323 -17.348 7.061 11.124 -15.577 1.496
5 24 5.879 -15.286 -9.008 3.74 -15.258 -9.03 2.934 -15.292 -10.273 5.442 -15.14 -7.919
5 24 0 -21.14 8.358 2.794 -22.797 4.885 0 -23.081 4.69 2.646 -20.789 8.375
5 24 7.186 -1.349 -2.918 6.909 0 -2.83 7.404 0 -.671 6.182 -1.163 -4.569
5 24 3.005 -23.382 1.47 3.228 -23.17 -2.205 6.396 -22.227 -1.364 0 -23.604 1.162
5 24 7.77 -20.026 5.427 7.174 -18.418 7.714 8.323 -17.348 7.061 5.194 -19.741 8.225
5 24 10.821 -4.683 -3.97 10.709 -1.275 -3.758 9.755 -.96 -6.34 11.144 -1.542 -.961
5 24 6.516 -12.739 9.763 4.948 -16.771 10.198 4.63 -13.487 10.711 6.769 -15.944 9.145
5 24 2.794 -22.797 4.885 3.005 -23.382 1.47 6.042 -22.411 2.051 0 -23.081 4.69
5 24 3.905 6.853 9.088 4.035 0 7.305 2.041 0 7.536 5.557 6.73 9.224
5 24 11.144 -1.542 -.961 11.347 -4.612 -.862 10.821 -4.683 -3.97 11.008 -1.776 2.274
5 24 11.347 -4.612 -.862 11.336 -8.575 -.283 10.821 -4.683 -3.97 11.082 -8.644 2.399
5 24 8.894 -20.492 -.327 8.938 -19.578 -3.063 6.396 -22.227 -1.364 10.42 -17.4 -2.085
5 24 6.042 -22.411 2.051 8.419 -20.679 2.655 5.623 -21.749 5.192 8.894 -20.492 -.327
5 24 10.206 -4.914 5.36 8.414 -1.993 7.777 8.395 -4.894 8.051 10.096 -1.898 5.193
5 24 8.47 -8.696 7.94 8.421 -12.754 7.811 10.178 -8.684 5.311 6.516 -12.739 9.763
5 24 10.182 -15.613 4.936 8.323 -17.348 7.061 9.47 -18.332 4.564 8.515 -15.453 7.66
5 24 2.204 -5.613 11.654 2.188 -9.114 11.505 4.015 -6.074 11.136 0 -5.506 11.838
5 24 6.393 -19.485 -7.045 3.212 -20.01 -8.459 6.163 -17.386 -8.53 3.328 -22.071 -5.706
5 24 8.938 -19.578 -3.063 6.396 -22.227 -1.364 8.894 -20.492 -.327 6.52 -21.224 -4.564
5 24 5.497 7.189 9.732 3.905 6.853 9.088 5.557 6.73 9.224 3.886 7.4 9.661
5 24 7.551 -1.761 2.005 7.249 0 1.876 6.775 0 4.01 7.688 -1.565 -.669
5 24 11.124 -15.577 1.496 11.16 -15.159 -1.422 11.282 -12.514 -.735 10.368 -18.141 .763
5 24 11.16 -15.159 -1.422 11.282 -12.514 -.735 11.124 -15.577 1.496 10.99 -12.466 -2.84
5 24 9.897 -16.485 -4.418 10.666 -14.718 -3.615 10.42 -17.4 -2.085 9.335 -15.87 -5.561
5 24 8.421 -12.754 7.811 10.161 -12.729 5.114 8.515 -15.453 7.66 10.178 -8.684 5.311
5 24 6.396 -22.227 -1.364 8.894 -20.492 -.327 8.938 -19.578 -3.063 6.042 -22.411 2.051
5 24 10.256 -6.433 -5.069 10.821 -4.683 -3.97 11.103 -8.754 -2.593 9.529 -4.53 -6.85
5 24 6.163 -17.386 -8.53 6.393 -19.485 -7.045 3.212 -20.01 -8.459 8.075 -17.001 -6.937
5 24 10.206 -4.914 5.36 8.395 -4.894 8.051 8.414 -1.993 7.777 8.47 -8.696 7.94
5 24 0 0 -7.413 1.435 -.733 -7.56 0 -.704 -7.728 1.41 0 -7.262
5 24 5.194 -19.741 8.225 5.623 -21.749 5.192 2.646 -20.789 8.375 7.77 -20.026 5.427
5 24 6.332 -9.321 9.869 5.993 -6.796 10.154 4.306 -8.948 10.88 8.47 -8.696 7.94
5 24 11.282 -12.514 -.735 11.127 -12.635 1.979 11.124 -15.577 1.496 11.336 -8.575 -.283
5 24 11.144 -1.542 -.961 10.821 -4.683 -3.97 11.347 -4.612 -.862 10.709 -1.275 -3.758
5 24 6.52 -21.224 -4.564 6.393 -19.485 -7.045 3.328 -22.071 -5.706 8.654 -18.361 -5.274
5 24 11.16 -15.159 -1.422 10.368 -18.141 .763 10.42 -17.4 -2.085 11.124 -15.577 1.496
5 24 3.219 -.833 -7.003 3.138 0 -6.724 1.41 0 -7.262 4.243 0 -6
5 24 1.435 -.733 -7.56 1.41 0 -7.262 3.219 -.833 -7.003 0 0 -7.413
5 24 9.529 -4.53 -6.85 9.755 -.96 -6.34 10.821 -4.683 -3.97 8.208 -3.79 -9.064
5 24 9.193 -14.615 -6.102 9.335 -15.87 -5.561 9.846 -13.899 -5.119 8.095 -15.053 -7.357
5 24 2.646 -20.789 8.375 0 -21.14 8.358 0 -17.927 10.913 2.794 -22.797 4.885
5 24 11.347 -4.612 -.862 11.082 -8.644 2.399 11.189 -4.775 2.361 11.336 -8.575 -.283
5 24 9.335 -15.87 -5.561 9.846 -13.899 -5.119 9.193 -14.615 -6.102 10.666 -14.718 -3.615
5 24 2.646 -20.789 8.375 5.623 -21.749 5.192 5.194 -19.741 8.225 2.794 -22.797 4.885
5 24 8.323 -17.348 7.061 9.47 -18.332 4.564 7.77 -20.026 5.427 10.182 -15.613 4.936
5 24 5.194 -19.741 8.225 2.646 -20.789 8.375 2.549 -17.623 10.755 5.623 -21.749 5.192
5 24 5.497 7.189 9.732 3.886 7.4 9.661 3.905 6.853 9.088 5.395 7.34 10.977
5 24 2.794 -22.797 4.885 2.646 -20.789 8.375 5.623 -21.749 5.192 0 -21.14 8.358
5 24 6.991 -1.864 4.748 6.775 0 4.01 7.551 -1.761 2.005 6.397 0 5.521
5 24 10.99 -12.466 -2.84 10.605 -9.315 -3.824 11.103 -8.754 -2.593 10.409 -12.24 -4.093
5 24 11.336 -8.575 -.283 11.103 -8.754 -2.593 11.282 -12.514 -.735 10.821 -4.683 -3.97
5 24 3.212 -20.01 -8.459 6.163 -17.386 -8.53 3.005 -17.542 -9.995 6.393 -19.485 -7.045
5 24 10.206 -4.914 5.36 11.082 -8.644 2.399 11.189 -4.775 2.361 10.178 -8.684 5.311
5 24 9.193 -14.615 -6.102 8.14 -14.063 -5.472 9.846 -13.899 -5.119 8.095 -15.053 -7.357
5 24 2.646 -20.789 8.375 0 -17.927 10.913 2.549 -17.623 10.755 0 -21.14 8.358
5 24 1.906 0 11.886 2.348 7.299 9.84 2.35 7.476 11.828 2.34 6.774 9.234
5 24 9.085 -11.938 -4.057 10.409 -12.24 -4.093 10.605 -9.315 -3.824 8.555 -13.476 -4.851
5 24 6.52 -21.224 -4.564 8.938 -19.578 -3.063 6.396 -22.227 -1.364 8.654 -18.361 -5.274
5 24 8.419 -20.679 2.655 9.47 -18.332 4.564 7.77 -20.026 5.427 10.368 -18.141 .763
5 24 8.515 -15.453 7.66 8.421 -12.754 7.811 6.769 -15.944 9.145 10.161 -12.729 5.114
5 24 8.271 -.597 -8.914 4.713 -.982 -6.03 6.68 -.332 -10.579 6.182 -1.163 -4.569
5 24 4.015 -6.074 11.136 5.351 -4.887 11.616 4.155 -5.242 12.033 5.181 -5.721 10.611
5 24 10.256 -6.433 -5.069 9.185 -9.12 -3.908 8.601 -6.017 -4.782 10.605 -9.315 -3.824
5 24 4.713 -.982 -6.03 4.243 0 -6 3.219 -.833 -7.003 6 0 -4.243
5 24 6.328 -4.646 9.953 6.802 -2.202 9.658 6.45 -3.637 11.224 8.395 -4.894 8.051
5 24 2.549 -17.623 10.755 4.63 -13.487 10.711 4.948 -16.771 10.198 2.376 -13.969 11.42
5 24 2.923 -5.083 12.39 1.6 -4.866 12.093 1.802 -4.738 13.123 2.204 -5.613 11.654
5 24 2.923 -5.083 12.39 4.015 -6.074 11.136 2.204 -5.613 11.654 4.155 -5.242 12.033
5 24 10.096 -1.898 5.193 10.206 -4.914 5.36 8.414 -1.993 7.777 11.189 -4.775 2.361
5 24 6.393 -19.485 -7.045 8.654 -18.361 -5.274 8.075 -17.001 -6.937 6.52 -21.224 -4.564
5 24 2.376 -13.969 11.42 2.549 -17.623 10.755 4.63 -13.487 10.711 0 -17.927 10.913
5 24 11.16 -15.159 -1.422 10.666 -14.718 -3.615 10.99 -12.466 -2.84 10.42 -17.4 -2.085
5 24 2.794 -22.797 4.885 0 -23.081 4.69 3.005 -23.382 1.47 0 -21.14 8.358
5 24 0 -23.368 -2.637 3.228 -23.17 -2.205 3.328 -22.071 -5.706 0 -23.604 1.162
5 24 5.194 -19.741 8.225 2.549 -17.623 10.755 2.646 -20.789 8.375 4.948 -16.771 10.198
5 24 8.47 -8.696 7.94 10.206 -4.914 5.36 8.395 -4.894 8.051 10.178 -8.684 5.311
5 24 5.993 -6.796 10.154 8.47 -8.696 7.94 6.332 -9.321 9.869 8.395 -4.894 8.051
5 24 6 0 -4.243 4.713 -.982 -6.03 4.243 0 -6 6.182 -1.163 -4.569
5 24 10.821 -4.683 -3.97 9.529 -4.53 -6.85 10.256 -6.433 -5.069 9.755 -.96 -6.34
5 24 .742 -2.6 16.822 6 -6.4 16.9 0 -2.6 16.822 6 -5.6 16.9
5 24 5.961 -1.864 9.271 8.414 -1.993 7.777 6.363 -1.864 7.325 6.802 -2.202 9.658
5 24 3.328 -22.071 -5.706 6.52 -21.224 -4.564 6.393 -19.485 -7.045 3.228 -23.17 -2.205
5 24 4.948 -16.771 10.198 6.769 -15.944 9.145 7.174 -18.418 7.714 6.516 -12.739 9.763
5 24 1.6 -4.866 12.093 0 -5.506 11.838 2.204 -5.613 11.654 0 -4.787 12.188
5 24 4.63 -13.487 10.711 4.948 -16.771 10.198 6.516 -12.739 9.763 2.549 -17.623 10.755
5 24 2.525 -.058 -12.241 1.435 -.733 -7.56 4.852 -.161 -11.608 0 -.067 -12.418
5 24 6.163 -17.386 -8.53 8.095 -15.053 -7.357 5.879 -15.286 -9.008 8.075 -17.001 -6.937
5 24 7.404 0 -.671 7.688 -1.565 -.669 7.186 -1.349 -2.918 7.249 0 1.876
5 24 9.755 -.96 -6.34 8.208 -3.79 -9.064 9.529 -4.53 -6.85 8.271 -.597 -8.914
5 24 7.186 -1.349 -2.918 10.709 -1.275 -3.758 9.755 -.96 -6.34 7.688 -1.565 -.669
5 24 2.934 -15.292 -10.273 0 -15.271 -9.772 0 -15.326 -10.676 3.74 -15.258 -9.03
5 24 10.409 -12.24 -4.093 8.555 -13.476 -4.851 9.846 -13.899 -5.119 9.085 -11.938 -4.057
5 24 10.666 -14.718 -3.615 10.42 -17.4 -2.085 9.897 -16.485 -4.418 11.16 -15.159 -1.422
5 24 8.395 -4.894 8.051 5.993 -6.796 10.154 6.328 -4.646 9.953 8.47 -8.696 7.94
5 24 1.6 -4.866 12.093 2.204 -5.613 11.654 2.923 -5.083 12.39 0 -5.506 11.838
5 24 7.688 -1.565 -.669 11.144 -1.542 -.961 11.008 -1.776 2.274 10.709 -1.275 -3.758
5 24 8.654 -18.361 -5.274 8.075 -17.001 -6.937 9.335 -15.87 -5.561 6.393 -19.485 -7.045
5 24 8.515 -15.453 7.66 10.182 -15.613 4.936 10.161 -12.729 5.114 8.323 -17.348 7.061
5 24 6.182 -1.163 -4.569 6.909 0 -2.83 7.186 -1.349 -2.918 6 0 -4.243
5 24 8.555 -13.476 -4.851 9.846 -13.899 -5.119 10.409 -12.24 -4.093 8.14 -14.063 -5.472
5 24 6.332 -9.321 9.869 6.516 -12.739 9.763 4.306 -8.948 10.88 8.47 -8.696 7.94
5 24 2.549 -17.623 10.755 2.646 -20.789 8.375 5.194 -19.741 8.225 0 -17.927 10.913
5 24 6.802 -2.202 9.658 5.848 -2.03 10.805 6.622 -2.6 10.942 5.961 -1.864 9.271
5 24 10.821 -4.683 -3.97 11.347 -4.612 -.862 11.144 -1.542 -.961 11.336 -8.575 -.283
5 24 4.306 -8.948 10.88 2.188 -9.114 11.505 4.015 -6.074 11.136 4.63 -13.487 10.711
5 24 8.654 -18.361 -5.274 6.52 -21.224 -4.564 6.393 -19.485 -7.045 8.938 -19.578 -3.063
5 24 2.42 -3.774 -12.235 0 -3.88 -9.797 1.769 -3.88 -9.449 0 -3.726 -12.392
5 24 10.42 -17.4 -2.085 11.16 -15.159 -1.422 10.368 -18.141 .763 10.666 -14.718 -3.615
5 24 3.787 7.574 11.106 3.886 7.4 9.661 2.348 7.299 9.84 5.395 7.34 10.977
5 24 9.085 -11.938 -4.057 10.605 -9.315 -3.824 9.185 -9.12 -3.908 10.409 -12.24 -4.093
5 24 10.178 -8.684 5.311 10.161 -12.729 5.114 8.421 -12.754 7.811 11.082 -8.644 2.399
5 24 8.095 -15.053 -7.357 9.335 -15.87 -5.561 9.193 -14.615 -6.102 8.075 -17.001 -6.937
5 24 6.182 -1.163 -4.569 8.271 -.597 -8.914 4.713 -.982 -6.03 9.755 -.96 -6.34
5 24 6.769 -15.944 9.145 6.516 -12.739 9.763 8.421 -12.754 7.811 4.948 -16.771 10.198
5 24 3.905 6.853 9.088 3.886 7.4 9.661 2.34 6.774 9.234 5.497 7.189 9.732
5 24 10.99 -12.466 -2.84 11.16 -15.159 -1.422 10.666 -14.718 -3.615 11.282 -12.514 -.735
5 24 10.605 -9.315 -3.824 11.103 -8.754 -2.593 10.99 -12.466 -2.84 10.256 -6.433 -5.069
5 24 8.47 -8.696 7.94 6.516 -12.739 9.763 6.332 -9.321 9.869 8.421 -12.754 7.811
5 24 5.623 -21.749 5.192 2.794 -22.797 4.885 2.646 -20.789 8.375 6.042 -22.411 2.051
5 24 8.095 -15.053 -7.357 6.975 -14.782 -6.975 8.14 -14.063 -5.472 5.879 -15.286 -9.008
5 24 2.525 -.058 -12.241 4.601 -3.799 -11.695 2.42 -3.774 -12.235 4.852 -.161 -11.608
5 24 3.005 -23.382 1.47 0 -23.081 4.69 0 -23.604 1.162 2.794 -22.797 4.885
5 24 6.042 -22.411 2.051 5.623 -21.749 5.192 8.419 -20.679 2.655 2.794 -22.797 4.885
5 24 5.194 -19.741 8.225 7.174 -18.418 7.714 4.948 -16.771 10.198 7.77 -20.026 5.427
5 24 6.516 -12.739 9.763 8.421 -12.754 7.811 6.769 -15.944 9.145 8.47 -8.696 7.94
5 24 6.775 0 4.01 7.551 -1.761 2.005 7.249 0 1.876 6.991 -1.864 4.748
5 24 11.189 -4.775 2.361 10.206 -4.914 5.36 11.082 -8.644 2.399 10.096 -1.898 5.193
5 24 6.396 -22.227 -1.364 3.228 -23.17 -2.205 3.005 -23.382 1.47 6.52 -21.224 -4.564
5 24 6.396 -22.227 -1.364 6.042 -22.411 2.051 3.005 -23.382 1.47 8.894 -20.492 -.327
5 24 4.035 0 7.305 5.557 6.73 9.224 3.905 6.853 9.088 5.999 0 7.449
5 24 8.208 -3.79 -9.064 8.271 -.597 -8.914 6.521 -3.777 -10.706 9.755 -.96 -6.34
5 24 4.015 -6.074 11.136 2.204 -5.613 11.654 2.923 -5.083 12.39 2.188 -9.114 11.505
5 24 9.47 -18.332 4.564 7.77 -20.026 5.427 8.419 -20.679 2.655 8.323 -17.348 7.061
5 24 6.393 -19.485 -7.045 8.075 -17.001 -6.937 6.163 -17.386 -8.53 8.654 -18.361 -5.274
5 24 7.487 -4.291 -6.191 9.529 -4.53 -6.85 6.932 -4.023 -6.932 8.058 -5.063 -5.594
5 24 8.075 -17.001 -6.937 6.163 -17.386 -8.53 6.393 -19.485 -7.045 8.095 -15.053 -7.357
5 24 5.879 -15.286 -9.008 3.005 -17.542 -9.995 6.163 -17.386 -8.53 2.934 -15.292 -10.273
5 24 7.404 0 -.671 7.186 -1.349 -2.918 6.909 0 -2.83 7.688 -1.565 -.669
5 24 10.42 -17.4 -2.085 8.894 -20.492 -.327 10.368 -18.141 .763 8.938 -19.578 -3.063
5 24 0 -5.506 11.838 2.204 -5.613 11.654 1.6 -4.866 12.093 2.188 -9.114 11.505
5 24 10.178 -8.684 5.311 10.206 -4.914 5.36 11.082 -8.644 2.399 8.47 -8.696 7.94
5 24 5.351 -4.887 11.616 5.181 -5.721 10.611 6.328 -4.646 9.953 4.015 -6.074 11.136
5 24 6.393 -19.485 -7.045 3.328 -22.071 -5.706 6.52 -21.224 -4.564 3.212 -20.01 -8.459
5 24 3.905 6.853 9.088 5.557 6.73 9.224 4.035 0 7.305 5.497 7.189 9.732
5 24 2.348 7.299 9.84 3.886 7.4 9.661 2.34 6.774 9.234 3.787 7.574 11.106
5 24 1.41 0 -7.262 3.219 -.833 -7.003 1.435 -.733 -7.56 3.138 0 -6.724
5 24 6.521 -3.777 -10.706 5.2 -3.753 -8.029 3.748 -3.88 -9.028 8.208 -3.79 -9.064
5 24 2.549 -17.623 10.755 4.948 -16.771 10.198 5.194 -19.741 8.225 4.63 -13.487 10.711
5 24 10.096 -1.898 5.193 11.189 -4.775 2.361 10.206 -4.914 5.36 11.008 -1.776 2.274
5 24 10.368 -18.141 .763 8.894 -20.492 -.327 10.42 -17.4 -2.085 8.419 -20.679 2.655
5 24 6.769 -15.944 9.145 8.515 -15.453 7.66 8.421 -12.754 7.811 8.323 -17.348 7.061
5 24 6.328 -4.646 9.953 5.181 -5.721 10.611 5.351 -4.887 11.616 5.993 -6.796 10.154
5 24 11.336 -8.575 -.283 11.282 -12.514 -.735 11.127 -12.635 1.979 11.103 -8.754 -2.593
5 24 0 -23.604 1.162 3.005 -23.382 1.47 3.228 -23.17 -2.205 0 -23.081 4.69
5 24 10.161 -12.729 5.114 8.515 -15.453 7.66 8.421 -12.754 7.811 10.182 -15.613 4.936
5 24 2.794 -22.797 4.885 6.042 -22.411 2.051 5.623 -21.749 5.192 3.005 -23.382 1.47
5 24 6.163 -17.386 -8.53 5.879 -15.286 -9.008 3.005 -17.542 -9.995 8.095 -15.053 -7.357
5 24 6.444 -3.866 -7.223 8.208 -3.79 -9.064 6.932 -4.023 -6.932 5.2 -3.753 -8.029
5 24 8.208 -3.79 -9.064 5.2 -3.753 -8.029 6.521 -3.777 -10.706 6.444 -3.866 -7.223
5 24 11.103 -8.754 -2.593 10.256 -6.433 -5.069 10.821 -4.683 -3.97 10.605 -9.315 -3.824
5 24 11.336 -8.575 -.283 11.082 -8.644 2.399 11.127 -12.635 1.979 11.347 -4.612 -.862
5 24 10.368 -18.141 .763 9.47 -18.332 4.564 8.419 -20.679 2.655 11.124 -15.577 1.496
5 24 2.376 -13.969 11.42 4.63 -13.487 10.711 2.188 -9.114 11.505 2.549 -17.623 10.755
5 24 2.934 -15.292 -10.273 3.005 -17.542 -9.995 5.879 -15.286 -9.008 0 -17.538 -10.369
5 24 9.335 -15.87 -5.561 8.654 -18.361 -5.274 8.075 -17.001 -6.937 9.897 -16.485 -4.418
5 24 5.993 -6.796 10.154 6.328 -4.646 9.953 8.395 -4.894 8.051 5.181 -5.721 10.611
5 24 0 -22.218 -6.2 0 -23.368 -2.637 3.328 -22.071 -5.706 -3.328 -22.071 -5.706
5 24 0 -23.604 1.162 0 -23.081 4.69 -3.005 -23.382 1.47 3.005 -23.382 1.47
5 24 0 -.067 -12.418 0 -3.726 -12.392 2.42 -3.774 -12.235 -2.42 -3.774 -12.235
5 24 0 -3.726 -12.392 0 -3.88 -9.797 -2.42 -3.774 -12.235 2.42 -3.774 -12.235
5 24 0 -17.927 10.913 0 -14.154 11.629 -2.549 -17.623 10.755 2.376 -13.969 11.42
5 24 0 -23.081 4.69 0 -21.14 8.358 -2.794 -22.797 4.885 2.794 -22.797 4.885
5 24 0 -21.14 8.358 0 -17.927 10.913 2.646 -20.789 8.375 -2.646 -20.789 8.375
5 24 0 -15.326 -10.676 0 -17.538 -10.369 -2.934 -15.292 -10.273 2.934 -15.292 -10.273
5 24 0 -14.154 11.629 0 -9.241 11.735 2.376 -13.969 11.42 -2.376 -13.969 11.42
5 24 0 -9.241 11.735 0 -5.506 11.838 2.188 -9.114 11.505 -2.188 -9.114 11.505
5 24 0 0 -7.413 0 -.704 -7.728 1.435 -.733 -7.56 -1.435 -.733 -7.56
5 24 0 -15.271 -9.772 0 -15.326 -10.676 -2.934 -15.292 -10.273 2.934 -15.292 -10.273
5 24 0 -22.218 -6.2 0 -20.051 -8.918 -3.212 -20.01 -8.459 3.212 -20.01 -8.459
5 24 0 -4.657 13.9 0 -4.557 13.05 -1.802 -4.738 13.123 1.802 -4.738 13.123
5 24 0 -17.538 -10.369 0 -20.051 -8.918 -3.005 -17.542 -9.995 3.005 -17.542 -9.995
5 24 0 -.704 -7.728 0 -.067 -12.418 1.435 -.733 -7.56 -1.435 -.733 -7.56
5 24 0 -23.368 -2.637 0 -23.604 1.162 3.228 -23.17 -2.205 -3.228 -23.17 -2.205
2 24 .739 -.001 13.761 .81 0 13.406
5 24 5.848 -2.03 10.805 5.557 6.73 9.224 5.497 7.189 9.732 5.961 -1.864 9.271
5 24 2.42 -3.774 -12.235 1.769 -3.88 -9.449 0 -3.88 -9.797 4.601 -3.799 -11.695
5 24 10.096 -1.898 5.193 6.991 -1.864 4.748 11.008 -1.776 2.274 8.414 -1.993 7.777
5 24 6.932 -4.023 -6.932 9.529 -4.53 -6.85 7.487 -4.291 -6.191 6.444 -3.866 -7.223
2 24 1.906 0 11.886 2.041 0 7.536
2 24 2.041 0 7.536 4.035 0 7.305
2 24 4.035 0 7.305 5.999 0 7.449
3 16 1.679 0 12.077 1.771 0 11.971 2.041 0 7.536
3 16 1.771 0 11.971 1.906 0 11.886 2.041 0 7.536
3 16 .739 -.001 13.761 .81 0 13.406 0 0 13.761
3 16 0 0 13.761 .81 0 13.406 0 0 7.566
3 16 .81 0 13.406 1.679 0 12.077 0 0 7.566
3 16 0 0 7.566 1.679 0 12.077 2.041 0 7.536
5 24 0 0 13.761 .81 0 13.406 .739 -.001 13.761 0 0 7.566
5 24 5.999 0 7.449 5.961 -1.864 9.271 5.557 6.73 9.224 6.363 -1.864 7.325
5 24 0 -4.557 13.05 0 -4.787 12.188 -1.6 -4.866 12.093 1.6 -4.866 12.093
5 24 0 -4.787 12.188 0 -5.506 11.838 -1.6 -4.866 12.093 1.6 -4.866 12.093
3 16 3.5 10.8 16.5 4.9 10.8 19.225 4.9 10.8 16.5
3 16 4.9 10.8 16.5 4.9 10.8 19.225 6.3 10.8 16.5
3 16 .775 10.8 15.1 3.5 10.8 16.5 3.5 10.8 15.1
3 16 .775 10.8 15.1 3.5 10.8 15.1 3.5 10.8 13.7
3 16 4.9 10.8 10.975 3.5 10.8 13.7 4.9 10.8 13.7
3 16 4.9 10.8 10.975 4.9 10.8 13.7 6.3 10.8 13.7
3 16 9.025 10.8 15.1 6.3 10.8 13.7 6.3 10.8 15.1
3 16 6.3 10.8 15.1 6.3 10.8 16.5 9.025 10.8 15.1

0 FILE bump5000.dat
0 Bump 1.0 x 0.5
0 Name: bump5000.dat
0 Author: Magnus Forsberg [MagFors]
0 !LDRAW_ORG Primitive UPDATE 2010-02
0 !LICENSE Licensed under CC BY 4.0 : see CAreadme.txt

0 !HELP This file creates a bump with radius= 1 and height= 0.5 LDU

0 BFC CERTIFY CCW

0 !HISTORY 2010-07-05 [PTadmin] Official Update 2010-02


1 16 0 0 0 0.25 0 0 0 -0.225 0 0 0 -0.25 4-4con3.dat
1 16 0 -0.225 0 0.375 0 0 0 -0.225 0 0 0 -0.375 4-4con1.dat
1 16 0 -0.45 0 0.375 0 0 0 -0.05 0 0 0 -0.375 4-4con0.dat
1 16 0 0 0 1 0 0 0 1 0 0 0 1 4-4edge.dat
5 24 0.692925 -0.225 -0.287025 0.75 -0.225 0 0.9239 0 -0.3827 0.375 -0.45 0
5 24 0.530325 -0.225 -0.530325 0.692925 -0.225 -0.287025 0.7071 0 -0.7071 0.3464625 -0.45 -0.1435125
5 24 0.287025 -0.225 -0.692925 0.530325 -0.225 -0.530325 0.3827 0 -0.9239 0.2651625 -0.45 -0.2651625
5 24 0 -0.225 -0.75 0.287025 -0.225 -0.692925 0 0 -1 0.1435125 -0.45 -0.3464625
5 24 -0.287025 -0.225 -0.692925 0 -0.225 -0.75 -0.3827 0 -0.9239 0 -0.45 -0.375
5 24 -0.530325 -0.225 -0.530325 -0.287025 -0.225 -0.692925 -0.7071 0 -0.7071 -0.1435125 -0.45 -0.3464625
5 24 -0.692925 -0.225 -0.287025 -0.530325 -0.225 -0.530325 -0.9239 0 -0.3827 -0.2651625 -0.45 -0.2651625
5 24 -0.75 -0.225 0 -0.692925 -0.225 -0.287025 -1 0 0 -0.3464625 -0.45 -0.1435125
5 24 -0.692925 -0.225 0.287025 -0.75 -0.225 0 -0.9239 0 0.3827 -0.375 -0.45 0
5 24 -0.530325 -0.225 0.530325 -0.692925 -0.225 0.287025 -0.7071 0 0.7071 -0.3464625 -0.45 0.1435125
5 24 -0.287025 -0.225 0.692925 -0.530325 -0.225 0.530325 -0.3827 0 0.9239 -0.2651625 -0.45 0.2651625
5 24 0 -0.225 0.75 -0.287025 -0.225 0.692925 0 0 1 -0.1435125 -0.45 0.3464625
5 24 0.287025 -0.225 0.692925 0 -0.225 0.75 0.3827 0 0.9239 0 -0.45 0.375
5 24 0.530325 -0.225 0.530325 0.287025 -0.225 0.692925 0.7071 0 0.7071 0.1435125 -0.45 0.3464625
5 24 0.692925 -0.225 0.287025 0.530325 -0.225 0.530325 0.9239 0 0.3827 0.2651625 -0.45 0.2651625
5 24 0.75 -0.225 0 0.692925 -0.225 0.287025 1 0 0 0.3464625 -0.45 0.1435125
5 24 0 -0.45 -0.375 -0.1435125 -0.45 -0.3464625 -0.287025 -0.225 -0.692925 0 -0.5 0
5 24 -0.1435125 -0.45 -0.3464625 -0.2651625 -0.45 -0.2651625 -0.530325 -0.225 -0.530325 0 -0.5 0
5 24 -0.2651625 -0.45 -0.2651625 -0.3464625 -0.45 -0.1435125 -0.692925 -0.225 -0.287025 0 -0.5 0
5 24 -0.3464625 -0.45 -0.1435125 -0.375 -0.45 0 -0.75 -0.225 0 0 -0.5 0
5 24 -0.375 -0.45 0 -0.3464625 -0.45 0.1435125 -0.692925 -0.225 0.287025 0 -0.5 0
5 24 -0.3464625 -0.45 0.1435125 -0.2651625 -0.45 0.2651625 -0.530325 -0.225 0.530325 0 -0.5 0
5 24 -0.2651625 -0.45 0.2651625 -0.1435125 -0.45 0.3464625 -0.287025 -0.225 0.692925 0 -0.5 0
5 24 -0.1435125 -0.45 0.3464625 0 -0.45 0.375 0 -0.225 0.75 0 -0.5 0
5 24 0 -0.45 0.375 0.1435125 -0.45 0.3464625 0.287025 -0.225 0.692925 0 -0.5 0
5 24 0.1435125 -0.45 0.3464625 0.2651625 -0.45 0.2651625 0.530325 -0.225 0.530325 0 -0.5 0
5 24 0.2651625 -0.45 0.2651625 0.3464625 -0.45 0.1435125 0.692925 -0.225 0.287025 0 -0.5 0
5 24 0.3464625 -0.45 0.1435125 0.375 -0.45 0 0.75 -0.225 0 0 -0.5 0
5 24 0.375 -0.45 0 0.3464625 -0.45 -0.1435125 0.692925 -0.225 -0.287025 0 -0.5 0
5 24 0.3464625 -0.45 -0.1435125 0.2651625 -0.45 -0.2651625 0.530325 -0.225 -0.530325 0 -0.5 0
5 24 0.2651625 -0.45 -0.2651625 0.1435125 -0.45 -0.3464625 0.287025 -0.225 -0.692925 0 -0.5 0
5 24 0.1435125 -0.45 -0.3464625 0 -0.45 -0.375 0 -0.225 -0.75 0 -0.5 0

0 FILE parts/s/100662s02.dat
0 ~Minifig Baby Head Patternable Surface Half
0 Name: s\100662s02.dat
0 Author: Fredrik Hareide [fhareide]
0 !LDRAW_ORG Subpart UPDATE 2023-04
0 !LICENSE Licensed under CC BY 4.0 : see CAreadme.txt

0 BFC CERTIFY CCW

0 !HISTORY 2023-06-07 [Holly-Wood] Fixed control points, sanded mesh
0 !HISTORY 2023-08-25 [OrionP] Official Update 2023-04


0 BFC INVERTNEXT
1 16 0 -12.5 0 0 0 4 0 12.5 0 -4 0 0 2-4cylc.dat
1 16 0 0 0 0 0 2 0 -1 0 -2 0 0 2-4ring2.dat

4 16 7.071 -5.063 -7.071 7.071 -14.063 -7.071 3.827 -14.063 -9.239 3.827 -5.063 -9.239
4 16 3.827 -5.063 -9.239 3.827 -14.063 -9.239 0 -14.063 -10 0 -5.063 -10
4 16 0 -14.063 -10 3.827 -14.063 -9.239 3.74 -15.258 -9.03 0 -15.271 -9.772
4 16 0 -3.88 -9.797 1.769 -3.88 -9.449 3.827 -5.063 -9.239 0 -5.063 -10
3 16 3.827 -5.063 -9.239 1.769 -3.88 -9.449 3.748 -3.88 -9.028
4 16 6.444 -3.866 -7.223 3.827 -5.063 -9.239 3.748 -3.88 -9.028 5.2 -3.753 -8.029
4 16 3.827 -5.063 -9.239 6.444 -3.866 -7.223 6.932 -4.023 -6.932 7.071 -5.063 -7.071
4 16 8.058 -5.063 -5.594 7.071 -5.063 -7.071 6.932 -4.023 -6.932 7.487 -4.291 -6.191
4 16 9.185 -9.12 -3.908 7.071 -5.063 -7.071 8.058 -5.063 -5.594 8.601 -6.017 -4.782
4 16 7.071 -5.063 -7.071 9.185 -9.12 -3.908 9.085 -11.938 -4.057 7.071 -14.063 -7.071
4 16 8.14 -14.063 -5.472 7.071 -14.063 -7.071 9.085 -11.938 -4.057 8.555 -13.476 -4.851
3 16 6.975 -14.782 -6.975 7.071 -14.063 -7.071 8.14 -14.063 -5.472
4 16 7.071 -14.063 -7.071 5.442 -15.14 -7.919 3.74 -15.258 -9.03 3.827 -14.063 -9.239
3 16 5.442 -15.14 -7.919 7.071 -14.063 -7.071 6.975 -14.782 -6.975

5 24 0 -14.063 -10 0 -5.063 -10 3.827 -14.063 -9.239 -3.827 -14.063 -9.239
5 24 0 -14.063 -10 0 -15.271 -9.772 3.74 -15.258 -9.03 -3.74 -15.258 -9.03
5 24 0 -5.063 -10 0 -3.88 -9.797 1.769 -3.88 -9.449 -1.769 -3.88 -9.449
5 24 3.827 -5.063 -9.239 0 -5.063 -10 0 -3.88 -9.797 0 -14.063 -10
5 24 3.827 -14.063 -9.239 0 -14.063 -10 0 -15.271 -9.772 0 -5.063 -10
5 24 3.827 -5.063 -9.239 3.827 -14.063 -9.239 7.071 -14.063 -7.071 0 -14.063 -10
5 24 3.74 -15.258 -9.03 3.827 -14.063 -9.239 5.442 -15.14 -7.919 0 -15.271 -9.772
5 24 3.827 -5.063 -9.239 3.748 -3.88 -9.028 1.769 -3.88 -9.449 5.2 -3.753 -8.029
5 24 7.071 -14.063 -7.071 7.071 -5.063 -7.071 8.058 -5.063 -5.594 3.827 -5.063 -9.239
5 24 6.932 -4.023 -6.932 7.071 -5.063 -7.071 8.058 -5.063 -5.594 3.827 -5.063 -9.239
5 24 6.975 -14.782 -6.975 7.071 -14.063 -7.071 8.14 -14.063 -5.472 3.827 -14.063 -9.239
5 24 7.071 -14.063 -7.071 3.827 -14.063 -9.239 3.74 -15.258 -9.03 3.827 -5.063 -9.239
5 24 7.071 -5.063 -7.071 3.827 -5.063 -9.239 3.748 -3.88 -9.028 3.827 -14.063 -9.239
5 24 8.058 -5.063 -5.594 7.071 -5.063 -7.071 6.932 -4.023 -6.932 7.071 -14.063 -7.071
5 24 8.14 -14.063 -5.472 7.071 -14.063 -7.071 6.975 -14.782 -6.975 7.071 -5.063 -7.071

0 FILE 973.dat
0 Minifig Torso
0 Name: 973.dat
0 Author: Steve Bliss [sbliss]
0 !LDRAW_ORG Part UPDATE 2009-01
0 !LICENSE Licensed under CC BY 4.0 : see CAreadme.txt

0 BFC CERTIFY CCW

0 !KEYWORDS Rebrickable 3814

0 !HISTORY 1999-04-16 [sbliss] Updated 973-4t.dat to s\973s01.dat; added back surface
0 !HISTORY 1999-05-17 [PTadmin] Official Update 1999-03
0 !HISTORY 2000-11-05 [cwdee] Moved neck mark from s\973s01.dat
0 !HISTORY 2001-10-26 [PTadmin] Official Update 2001-01
0 !HISTORY 2007-07-27 [PTadmin] Header formatted for Contributor Agreement
0 !HISTORY 2008-07-01 [PTadmin] Official Update 2008-01
0 !HISTORY 2008-07-07 [DeannaEarley] Added BFC header and closed two holes (2005-11-13)
0 !HISTORY 2009-05-02 [PTadmin] Official Update 2009-01


1 16 0 0 0 1 0 0 0 1 0 0 0 1 s/973s01.dat
0 // Plain front
4 16 -19 32 -10 19 32 -10 19 29 -10 -19 29 -10
4 16 14.345 2 -10 -14.345 2 -10 -19 29 -10 19 29 -10
4 16 12 0 -10 -12 0 -10 -14.345 2 -10 14.345 2 -10
0 // Plain back
4 16 -19 29 10 19 29 10 19 32 10 -19 32 10
4 16 19 29 10 -19 29 10 -14.345 2 10 14.345 2 10
4 16 14.345 2 10 -14.345 2 10 -12 0 10 12 0 10
0 // Neck mark
1 16 0 -4 0 4.243 0 -4.243 0 -8 0 -4.243 0 -4.243 1-4cyli.dat
0

0 FILE 10303.dat
0 Minifig Arm Bat Wing
0 Name: 10303.dat
0 Author: Magnus Forsberg [MagFors]
0 !LDRAW_ORG Part UPDATE 2020-03
0 !LICENSE Licensed under CC BY 4.0 : see CAreadme.txt

0 !HELP hole for hand at -20 0 -12, angle is 33.5 degrees

0 BFC CERTIFY CCW

0 !HISTORY 2013-08-14 {LEGO Digital Designer} Original part shape
0 !HISTORY 2020-05-21 [MagFors] File preparation for LDraw Parts Tracker
0 !HISTORY 2020-12-29 [PTadmin] Official Update 2020-03


1 16 0 0 0 1 0 0 0 1 0 0 0 1 s/10303s01.dat
1 16 0 0 0 1 0 0 0 -1 0 0 0 1 s/10303s01.dat
1 16 0 0 0 1 0 0 0 0.70711 -0.70711 0 0.70711 0.70711 knob1.dat
1 16 -20 0 -12 -2.08472 1 0 0 0 -2.5 1.37984 0 0 4-4ndis.dat
0 BFC INVERTNEXT
1 16 -11.7209 0 .5083 -2.08472 -8.27906 0 0 0 -2.5 1.37984 -12.50829 0 4-4cylc.dat

3 16 -32.996 0 10.882 -33.744 1 7.774 -33.744 -1 7.774
4 16 -35.397 -1 4.226 -33.744 -1 7.774 -33.744 1 7.774 -35.397 1 4.226
3 16 -35.397 1 4.226 -39.272 0 0.656 -35.397 -1 4.226
3 16 -10.341 -1 23.078 -5.801 0 25.38 -10.341 1 23.078
4 16 -12.962 -1 22.568 -10.341 -1 23.078 -10.341 1 23.078 -12.962 1 22.568
3 16 -17.164 0 22.828 -12.962 -1 22.568 -12.962 1 22.568
3 16 -23.78 -1 16.951 -20.622 0 21.2 -23.78 1 16.951
4 16 -26.692 -1 14.915 -23.78 -1 16.951 -23.78 1 16.951 -26.692 1 14.915
3 16 -26.692 -1 14.915 -26.692 1 14.915 -30.351 0 13.683

5 24 -20.219 0 23.003 -20.605 0 22.268 -20.43 0.728 22.351 -20.43 -0.728 22.351
5 24 -4.063 0 27.033 -4.812 0 26.805 -4.71 0.432 26.814 -4.71 -0.432 26.814
5 24 0 0 6.65 -5.539 0 6.743 0 2.545 6.1439 0 -2.545 6.1439
5 24 -5.539 0 6.743 -11.24 0 5.903 -5.262 3.394 5.642 -5.262 -3.394 5.642
5 24 -33.213 0 13.623 -33.596 0 12.92 -33.527 0.397 12.999 -33.527 -0.397 12.999
5 24 -5.424 0 26.336 -5.801 0 25.38 -5.561 -1 25.502 -5.561 1 25.502
5 24 -9.646 0 -7.687 -6.723 0 -7.318 -10.295 3.2 -7.311 -10.295 -3.2 -7.311
5 24 -32.566 0 14.093 -33.213 0 13.623 -32.635 0.397 14.014 -32.635 -0.397 14.014
5 24 -12.962 -1 22.568 -12.962 1 22.568 -10.341 1 23.078 -17.164 0 22.828
5 24 -19.587 0 23.494 -20.219 0 23.003 -20.124 0.398 23.048 -20.124 -0.398 23.048
5 24 -3.225 0 -6.988 0 0 -6.65 0 2.545 -6.1439 0 -2.545 -6.1439
5 24 -18.805 0 23.666 -19.587 0 23.494 -18.9 0.398 23.622 -18.9 -0.398 23.622
5 24 -33.744 -1 7.774 -33.744 1 7.774 -35.397 -1 4.226 -32.996 0 10.882
5 24 -1.875 0 24.944 -2.108 0 25.882 -2.355 1.032 25.861 -2.355 -1.032 25.861
5 24 -41.526 0 -0.592 -41.621 0 -1.386 -41.586 0.39 -1.288 -41.586 -0.39 -1.288
5 24 -26.692 -1 14.915 -26.692 1 14.915 -23.78 1 16.951 -30.351 0 13.683
5 24 -2.603 0 26.578 -3.286 0 26.936 -3.388 0.432 26.927 -3.388 -0.432 26.927
5 24 -14.611 0 -12.701 -16.379 -1.7987 -14.3967 -15.006 -2.457 -12.283 -16.0807 0 -14.5941
5 24 -16.379 1.7987 -14.3967 -14.611 0 -12.701 -15.006 2.457 -12.283 -16.0807 0 -14.5941
5 24 -33.596 0 12.92 -33.722 0 12.149 -33.594 0.728 12.294 -33.594 -0.728 12.294
5 24 -40.027 0 -3.285 -23.8058 0 -9.0235 -23.55 1.0433 -8.8281 -23.55 -1.0433 -8.8281
5 24 -14.611 0 -12.701 -12.643 0 -9.874 -15.006 2.457 -12.283 -15.006 -2.457 -12.283
5 24 -20.605 0 22.268 -20.622 0 21.2 -20.404 1 21.493 -20.404 -1 21.493
5 24 -33.722 0 12.149 -32.996 0 10.882 -32.915 1 11.215 -32.915 -1 11.215
5 24 -41.369 0 -2.177 -40.809 0 -2.844 -40.725 0.942 -2.606 -40.725 -0.942 -2.606
5 24 -40.407 0 0.542 -41.1 0 0.086 -41.135 0.39 -0.013 -41.135 -0.39 -0.013
5 24 -23.78 -1 16.951 -23.78 1 16.951 -20.622 0 21.2 -26.692 -1 14.915
5 24 -31.817 0 14.316 -32.566 0 14.093 -32.635 0.397 14.014 -32.635 -0.397 14.014
5 24 -41.621 0 -1.386 -41.369 0 -2.177 -41.304 0.721 -1.995 -41.304 -0.721 -1.995
5 24 -17.993 0 23.493 -18.805 0 23.666 -18.9 0.398 23.622 -18.9 -0.398 23.622
5 24 -39.272 0 0.656 -40.407 0 0.542 -40.471 0.721 0.36 -40.471 -0.721 0.36
5 24 -10.341 -1 23.078 -10.341 1 23.078 -5.801 0 25.38 -12.962 -1 22.568
5 24 -40.809 0 -2.844 -40.027 0 -3.285 -39.936 1.023 -3.028 -39.936 -1.023 -3.028
5 24 -30.351 0 13.683 -31.817 0 14.316 -31.945 0.728 14.171 -31.945 -0.728 14.171
5 24 -2.108 0 25.882 -2.603 0 26.578 -2.792 -0.792 26.562 -2.792 0.792 26.562
5 24 -0.3037 0 6.6551 -1.875 0 24.944 -2.142 1.121 24.921 -2.142 -1.121 24.921
5 24 -17.164 0 22.828 -17.993 0 23.493 -18.168 0.728 23.411 -18.168 -0.728 23.411
5 24 -35.397 -1 4.226 -35.397 1 4.226 -33.744 1 7.774 -39.272 0 0.656
5 24 -11.24 0 5.903 -16.16 0 3.232 -10.474 3.356 4.651 -10.474 -3.356 4.651
5 24 -3.286 0 26.936 -4.063 0 27.033 -3.388 0.432 26.927 -3.388 -0.432 26.927
5 24 -16.16 0 3.232 -20.042 0 -0.831 -15.328 3.25 2.212 -15.328 -3.25 2.212
5 24 -41.1 0 0.086 -41.526 0 -0.592 -41.135 0.39 -0.013 -41.135 -0.39 -0.013
5 24 -4.812 0 26.805 -5.424 0 26.336 -5.235 0.792 26.352 -5.235 -0.792 26.352
5 24 -16.0807 0 -14.5941 -14.611 0 -12.701 -16.379 1.7987 -14.3967 -16.379 -1.7987 -14.3967
5 24 -12.643 0 -9.874 -9.646 0 -7.687 -13.015 2.993 -9.44 -13.015 -2.993 -9.44
5 24 -20.042 0 -0.831 -22.807 0 -5.449 -19.176 3.039 -1.576 -19.176 -3.039 -1.576
5 24 -22.807 0 -5.449 -23.9193 0 -9.4059 -23.621 1.7987 -9.6033 -23.621 -1.7987 -9.6033
5 24 -6.723 0 -7.318 -3.225 0 -6.988 -6.97 3.368 -6.586 -6.97 -3.368 -6.586

0 FILE 3820.dat
0 Minifig Hand
0 Name: 3820.dat
0 Author: Orion Pobursky [OrionP]
0 !LDRAW_ORG Part UPDATE 2019-01
0 !LICENSE Licensed under CC BY 4.0 : see CAreadme.txt

0 !HELP The centre of the grip is at x, y -.8229, z -9.8948
0 !HELP The centre of the arm/hand cylinder meets at x, y, z -9.682
0 !HELP The Hand angle is 14.5 degrees
0 !HELP To rotate the hand to 90 degrees horizontal use the following rotation
0 !HELP matrix: 1 0 0 0 0.968148 0.25038 0 -0.25038 0.968148
0 !HELP After the rotation matrix is applied:
0 !HELP The center of the bottom of the hand will be x, y+2.2259, z-9.3739
0 !HELP The center of the top of the hand will be x, y-8.7741, z-9.3739

0 BFC CERTIFY CCW

0 !KEYWORDS BrickLink 983

0 !HISTORY 2002-11-30 [PTadmin] Official Update 2002-05
0 !HISTORY 2002-12-31 [PTadmin] Official Update 2002-06
0 !HISTORY 2007-07-29 [PTadmin] Header formatted for Contributor Agreement
0 !HISTORY 2008-07-01 [PTadmin] Official Update 2008-01
0 !HISTORY 2008-07-07 [DeannaEarley] Removed erroneous BFC CERTIFY entries (2005-08-29
0 !HISTORY 2008-07-07 [WilliamH] Added conditional lines to underside (2006-08-17)
0 !HISTORY 2009-08-24 [PTadmin] Moved from 983
0 !HISTORY 2009-12-29 [PTadmin] Official Update 2009-03
0 !HISTORY 2018-12-25 [GeraldLasser] Corrected grip width and intersection at cuff, reduced height by 1 LDU
0 !HISTORY 2019-06-28 [PTadmin] Official Update 2019-01


0 // Post
1 16 0 0 13 2.5 0 0 0 0 -2.5 0 -13 0 4-4cylc.dat

0 // Cuff
3 16 2.1213 -2.1213 0 1.5546 -2.5 0 2.1213 -2.1213 -1.4641
5 24 2.1213 -2.1213 0 2.1213 -2.1213 -1.4641 2.7717 -1.1481 0 1.5546 -2.5 0
4 16 2.7717 -1.1481 -4.5817 2.7717 -1.1481 0 2.1213 -2.1213 0 2.1213 -2.1213 -1.4641
3 16 2.6602 -1.3149 -4.5478 2.7717 -1.1481 -4.5817 2.1213 -2.1213 -1.4641
5 24 2.7717 -1.1481 0 2.7717 -1.1481 -4.5817 3 0 0 2.1213 -2.1213 0
4 16 3 0 -4.4423 3 0 0 2.7717 -1.1481 0 2.7717 -1.1481 -4.5817
5 24 3 0 0 3 0 -4.4423 2.7717 1.1481 0 2.7717 -1.1481 0
4 16 2.7717 1.1481 -3.9877 2.7717 1.1481 0 3 0 0 3 0 -4.4423
5 24 2.7717 1.1481 0 2.7717 1.1481 -3.9877 2.1213 2.1213 0 3 0 0
4 16 2.2962 1.8596 -3.4756 2.2962 1.8596 0 2.7717 1.1481 0 2.7717 1.1481 -3.9877
4 16 2.1213 2.1213 0 2.2962 1.8596 0 2.2962 1.8596 -3.4756 2.1213 2.1212 -3.372
5 24 2.1213 2.1213 0 2.1213 2.1212 -3.372 1.1481 2.7717 0 2.7717 1.1481 0
4 16 1.1481 2.7717 -3.0039 1.1481 2.7717 0 2.1213 2.1213 0 2.1213 2.1212 -3.372
5 24 1.1481 2.7717 -3.0039 1.1481 2.7717 0 2.1213 2.1213 0 0 2.9999 0
4 16 0 3 -2.7094 0 2.9999 0 1.1481 2.7717 0 1.1481 2.7717 -3.0039
5 24 0 3 -2.7094 0 2.9999 0 1.1481 2.7717 0 -1.1481 2.7717 0
3 16 -2.1213 -2.1213 -1.4641 -1.5546 -2.5 0 -2.1213 -2.1213 0
5 24 -2.1213 -2.1213 0 -2.1213 -2.1213 -1.4641 -2.7717 -1.1481 0 -1.5546 -2.5 0
4 16 -2.1213 -2.1213 0 -2.7717 -1.1481 0 -2.7717 -1.1481 -4.5817 -2.1213 -2.1213 -1.4641
3 16 -2.1213 -2.1213 -1.4641 -2.7717 -1.1481 -4.5817 -2.6602 -1.3149 -4.5478
5 24 -2.7717 -1.1481 0 -2.7717 -1.1481 -4.5817 -3 0 0 -2.1213 -2.1213 0
4 16 -2.7717 -1.1481 0 -3 0 0 -3 0 -4.4423 -2.7717 -1.1481 -4.5817
5 24 -3 0 0 -3 0 -4.4423 -2.7717 1.1481 0 -2.7717 -1.1481 0
4 16 -3 0 0 -2.7717 1.1481 0 -2.7717 1.1481 -3.9877 -3 0 -4.4423
5 24 -2.7717 1.1481 0 -2.7717 1.1481 -3.9877 -2.1213 2.1213 0 -3 0 0
4 16 -2.7717 1.1481 0 -2.2962 1.8596 0 -2.2962 1.8596 -3.4756 -2.7717 1.1481 -3.9877
4 16 -2.2962 1.8596 -3.4756 -2.2962 1.8596 0 -2.1213 2.1213 0 -2.1213 2.1212 -3.372
5 24 -2.1213 2.1213 0 -2.1213 2.1212 -3.372 -1.1481 2.7717 0 -2.7717 1.1481 0
4 16 -2.1213 2.1213 0 -1.1481 2.7717 0 -1.1481 2.7717 -3.0039 -2.1213 2.1212 -3.372
5 24 -1.1481 2.7717 -3.0039 -1.1481 2.7717 0 -2.1213 2.1213 0 0 2.9999 0
4 16 -1.1481 2.7717 0 0 2.9999 0 0 3 -2.7094 -1.1481 2.7717 -3.0039

0 // Flat part of Cuff
3 16 -1.5546 -2.5 0 -2.1213 -2.1213 -1.4641 0 -2.5 0
3 16 1.5546 -2.5 0 0 -2.5 0 2.1213 -2.1213 -1.4641
4 16 0 -2.5 0 -2.1213 -2.1213 -1.4641 -2.2962 -1.3762 -4.3124 0 -1.4914 -3.8706
3 16 -2.1213 -2.1213 -1.4641 -2.6602 -1.3149 -4.5478 -2.2962 -1.3762 -4.3124
4 16 2.2962 -1.3762 -4.3124 2.1213 -2.1213 -1.4641 0 -2.5 0 0 -1.4914 -3.8706
3 16 2.2962 -1.3762 -4.3124 2.6602 -1.3149 -4.5478 2.1213 -2.1213 -1.4641

0 // Cuff Intersect Lines
2 24 0 3 -2.7094 -1.1481 2.7717 -3.0039
2 24 -2.2962 1.8596 -3.4756 -2.1213 2.1212 -3.372
2 24 -2.7717 1.1481 -3.9877 -3 0 -4.4423
2 24 -2.2962 1.8596 -3.4756 -2.7717 1.1481 -3.9877
2 24 -3 0 -4.4423 -2.7717 -1.1481 -4.5817
2 24 -2.7717 -1.1481 -4.5817 -2.6602 -1.3149 -4.5478
2 24 -2.1213 -2.1213 -1.4641 -2.6602 -1.3149 -4.5478
2 24 -2.1213 -2.1213 -1.4641 -1.5546 -2.5 0
2 24 -1.1481 2.7717 -3.0039 -2.1213 2.1212 -3.372
2 24 0 3 -2.7094 1.1481 2.7717 -3.0039
2 24 2.2962 1.8596 -3.4756 2.1213 2.1212 -3.372
2 24 2.7717 1.1481 -3.9877 3 0 -4.4423
2 24 2.2962 1.8596 -3.4756 2.7717 1.1481 -3.9877
2 24 3 0 -4.4423 2.7717 -1.1481 -4.5817
2 24 2.7717 -1.1481 -4.5817 2.6602 -1.3149 -4.5478
2 24 2.1213 -2.1213 -1.4641 2.6602 -1.3149 -4.5478
2 24 2.1213 -2.1213 -1.4641 1.5546 -2.5 0
2 24 1.1481 2.7717 -3.0039 2.1213 2.1212 -3.372
2 24 -2.6602 -1.3149 -4.5478 -2.2962 -1.3762 -4.3124
2 24 -2.2962 -1.3762 -4.3124 0 -1.4914 -3.8706
2 24 2.2962 -1.3762 -4.3124 0 -1.4914 -3.8706
2 24 2.6602 -1.3149 -4.5478 2.2962 -1.3762 -4.3124

0 // Cuff Ring
3 16 0 -2.5 0 -.9567 -2.3098 0 -1.5546 -2.5 0
3 16 1.5546 -2.5 0 .9567 -2.3098 0 0 -2.5 0
4 16 2.5 0 0 2.3098 -.9567 0 2.7717 -1.148 0 3 0 0
4 16 2.3098 -.9567 0 1.7678 -1.7678 0 2.1213 -2.1213 0 2.7717 -1.148 0
4 16 1.7678 -1.7678 0 .9567 -2.3098 0 1.5546 -2.5 0 2.1213 -2.1213 0
4 16 -.9567 -2.3098 0 -1.7678 -1.7678 0 -2.1213 -2.1213 0 -1.5546 -2.5 0
4 16 -1.7678 -1.7678 0 -2.3098 -.9567 0 -2.7717 -1.148 0 -2.1213 -2.1213 0
4 16 -2.3098 -.9567 0 -2.5 0 0 -3 0 0 -2.7717 -1.148 0
4 16 -2.5 0 0 -2.3098 .9567 0 -2.7717 1.148 0 -3 0 0
4 16 -2.3098 .9567 0 -1.7678 1.7677 0 -2.1213 2.1213 0 -2.7717 1.148 0
4 16 -1.7678 1.7677 0 -.9567 2.3098 0 -1.148 2.7717 0 -2.1213 2.1213 0
4 16 -.9567 2.3098 0 0 2.5 0 0 2.9999 0 -1.148 2.7717 0
4 16 0 2.5 0 .9567 2.3098 0 1.148 2.7717 0 0 2.9999 0
4 16 .9567 2.3098 0 1.7678 1.7677 0 2.1213 2.1213 0 1.148 2.7717 0
4 16 1.7678 1.7677 0 2.3098 .9567 0 2.7717 1.148 0 2.1213 2.1213 0
4 16 2.3098 .9567 0 2.5 0 0 3 0 0 2.7717 1.148 0
2 24 2.1213 -2.1213 0 1.5546 -2.5 0
2 24 -2.1213 -2.1213 0 -1.5546 -2.5 0
2 24 3 0 0 2.7717 -1.1481 0
2 24 2.7717 -1.1481 0 2.1213 -2.1213 0
2 24 -2.1213 -2.1213 0 -2.7717 -1.1481 0
2 24 -2.7717 -1.1481 0 -3 0 0
2 24 -3 0 0 -2.7717 1.1481 0
2 24 -2.7717 1.1481 0 -2.1213 2.1213 0
2 24 -2.1213 2.1213 0 -1.1481 2.7717 0
2 24 -1.1481 2.7717 0 0 2.9999 0
2 24 0 2.9999 0 1.1481 2.7717 0
2 24 1.1481 2.7717 0 2.1213 2.1213 0
2 24 2.1213 2.1213 0 2.7717 1.1481 0
2 24 2.7717 1.1481 0 3 0 0
2 24 -1.5546 -2.5 0 0 -2.5 0
2 24 0 -2.5 0 1.5546 -2.5 0

0 // Hand
1 16 0 4.502 -8.518 -6 0 0 0 -10.64966 -1.5023 0 -2.75422 5.8089 2-4cylo.dat
0 BFC INVERTNEXT
1 16 0 4.502 -8.518 -4 0 0 0 -10.64966 -1.0015 0 -2.75422 3.8726 2-4cylo.dat
1 16 0 4.502 -8.518 -2 0 0 0 -1 -.5008 0 0 1.93629 2-4ring2.dat
1 16 0 -6.1478 -11.2716 -2 0 0 0 1 -.5008 0 0 1.93629 2-4ring2.dat
5 24 -6 4.502 -8.518 -6 -6.14766 -11.27222 -5.543 -6.5406 -13.7453 -5.5434 -7.691 -9.299
5 24 -4 -6.1479 -11.2716 -4 4.5023 -8.5179 -3.696 -5.7641 -12.7544 -3.6956 -7.4994 -10.04

0 // Fingers A
1 16 -3.5 -3.8845 -14.0324 0 -1 0 -1.45222 0 .37557 -.37557 0 -1.45222 1-4edge.dat
1 16 -3.5 -3.8845 -14.0324 0 -1 0 -1.45222 0 .37557 -.37557 0 -1.45222 1-4chrd.dat
2 24 -3.5 4.6076 -10.3742 -3.5 -5.691 -13.0376
2 24 -3.6956 4.5906 -10.0763 -3.5 4.6076 -10.3742
2 24 -4 4.502 -8.518 -3.6956 4.5906 -10.0763
2 24 -4.2426 3.122 -13.2571 -3.6787 2.6705 -13.7632
2 24 -3.5 2.119 -14.0291 -3.6787 2.6705 -13.7632
2 24 -5.5434 4.4609 -10.9004 -4.7152 3.9694 -12.3076
2 24 -4.2426 3.122 -13.2571 -4.7152 3.9694 -12.3076
2 24 -6 4.502 -8.518 -5.6195 4.6128 -10.4658
2 24 -5.5434 4.4609 -10.9004 -5.6195 4.6128 -10.4658
2 24 -3.6708 -4.0933 -15.5178 -4.2426 -4.6969 -15.2792
2 24 -3.6708 -4.0933 -15.5178 -3.5 -3.5089 -15.4846
2 24 -4.9134 -5.3367 -14.4079 -4.5298 -5.0825 -14.9351
2 24 -4.5298 -5.0825 -14.9351 -4.2426 -4.6969 -15.2792
2 24 -3.5 4.6076 -10.3742 -3.5 3.9694 -12.3076
2 24 -3.5 2.6705 -13.7632 -3.5 3.9694 -12.3076
2 24 -3.5 2.6705 -13.7632 -3.5 2.119 -14.0291
3 16 -5.6195 4.6128 -10.4658 -5.5434 4.4609 -10.9004 -6 4.502 -8.518
4 16 -6 -6.14766 -11.27222 -6 4.502 -8.518 -5.5434 4.4609 -10.9004 -5.5434 -5.5729 -13.4946
4 16 -4.5298 -5.0825 -14.9351 -4.9134 -5.3367 -14.4079 -5.5434 -5.5729 -13.4946 -4.2426 -4.6969 -15.2792
4 16 -4.2426 3.122 -13.2571 -4.2426 -4.6969 -15.2792 -5.5434 -5.5729 -13.4946 -5.5434 4.4609 -10.9004
3 16 -4.7152 3.9694 -12.3076 -4.2426 3.122 -13.2571 -5.5434 4.4609 -10.9004
4 16 -4.2426 3.122 -13.2571 -3.6787 2.6705 -13.7632 -3.6708 -4.0933 -15.5178 -4.2426 -4.6969 -15.2792
4 16 -3.6787 2.6705 -13.7632 -3.5 2.119 -14.0291 -3.5 -3.5089 -15.4846 -3.6708 -4.0933 -15.5178
3 16 -3.5 -4.6459 -15.3248 -4.2426 -4.6969 -15.2792 -3.6708 -4.0933 -15.5178
3 16 -3.6708 -4.0933 -15.5178 -3.5 -4.0933 -15.5178 -3.5 -4.6459 -15.3248
3 16 -3.6708 -4.0933 -15.5178 -3.5 -3.5089 -15.4846 -3.5 -4.0933 -15.5178
4 16 -4.5298 -5.0825 -14.9351 -4.2426 -4.6969 -15.2792 -3.5 -4.6459 -15.3248 -3.5 -5.0825 -14.9351
4 16 -3.5 -5.3367 -14.4079 -4.9134 -5.3367 -14.4079 -4.5298 -5.0825 -14.9351 -3.5 -5.0825 -14.9351
4 16 -5.5434 -5.5729 -13.4946 -4.9134 -5.3367 -14.4079 -3.5 -5.3367 -14.4079 -3.5 -5.691 -13.0376
4 16 -4 -6.1479 -11.2716 -6 -6.14766 -11.27222 -5.5434 -5.5729 -13.4946 -3.696 -5.7641 -12.7544
3 16 -3.5 -5.691 -13.0376 -3.696 -5.7641 -12.7544 -5.5434 -5.5729 -13.4946
3 16 -3.5 2.119 -14.0291 -3.6787 2.6705 -13.7632 -3.5 2.6705 -13.7632
3 16 -4.2426 3.122 -13.2571 -4.7152 3.9694 -12.3076 -3.5 3.9694 -12.3076
4 16 -3.6787 2.6705 -13.7632 -4.2426 3.122 -13.2571 -3.5 3.9694 -12.3076 -3.5 2.6705 -13.7632
3 16 -3.5 4.6076 -10.3742 -5.6195 4.6128 -10.4658 -3.6956 4.5906 -10.0763
4 16 -6 4.502 -8.518 -4 4.502 -8.518 -3.6956 4.5906 -10.0763 -5.6195 4.6128 -10.4658
4 16 -4.7152 3.9694 -12.3076 -5.5434 4.4609 -10.9004 -3.5 4.6076 -10.3742 -3.5 3.9694 -12.3076
3 16 -5.6195 4.6128 -10.4658 -3.5 4.6076 -10.3742 -5.5434 4.4609 -10.9004
4 16 -3.6956 4.5906 -10.0763 -4 4.502 -8.518 -4 -6.1479 -11.2716 -3.696 -5.7641 -12.7544
4 16 -3.5 4.6076 -10.3742 -3.6956 4.5906 -10.0763 -3.696 -5.7641 -12.7544 -3.5 -5.691 -13.0376
4 16 -3.5 4.6076 -10.3742 -3.5 -5.691 -13.0376 -3.5 -5.3367 -14.4079 -3.5 3.9694 -12.3076
3 16 -3.5 2.6705 -13.7632 -3.5 3.9694 -12.3076 -3.5 2.119 -14.0291
4 16 -3.5 -5.3367 -14.4079 -3.5 -3.5089 -15.4846 -3.5 2.119 -14.0291 -3.5 3.9694 -12.3076
2 24 -3.5 2.119 -14.0291 -3.5 -3.5089 -15.4846
5 24 -4 4.502 -8.518 -6 4.502 -8.518 -3.6956 4.1188 -7.036 -5.6195 4.6128 -10.4658
5 24 -3.5 4.6076 -10.3742 -5.6195 4.6128 -10.4658 -6 4.502 -8.518 -4.7152 3.9694 -12.3076
5 24 -3.696 -5.7641 -12.7544 -3.6956 4.5906 -10.0763 -3.5 -5.691 -13.0376 -4 -6.1479 -11.2716
5 24 -3.5 3.9694 -12.3076 -4.7152 3.9694 -12.3076 -3.5 4.6076 -10.3742 -4.2426 3.122 -13.2571
5 24 -3.5 2.6705 -13.7632 -3.6787 2.6705 -13.7632 -3.5 2.119 -14.0291 -3.5 3.9694 -12.3076
5 24 -5.5434 4.4609 -10.9004 -5.5434 -5.5729 -13.4946 -6 -6.14766 -11.27222 -4.9134 -5.3367 -14.4079
5 24 -4.2426 -4.6969 -15.2792 -4.2426 3.122 -13.2571 -4.7152 3.9694 -12.3076 -3.6787 2.6705 -13.7632
2 24 -4 -6.1479 -11.2716 -3.696 -5.7641 -12.7544
2 24 -3.696 -5.7641 -12.7544 -3.5 -5.691 -13.0376
2 24 -3.5 -5.3367 -14.4079 -3.5 -5.691 -13.0376
2 24 -5.5434 -5.5729 -13.4946 -4.9134 -5.3367 -14.4079
2 24 -5.5434 -5.5729 -13.4946 -6 -6.14766 -11.27222
5 24 -3.5 -4.0933 -15.5178 -3.6708 -4.0933 -15.5178 -3.5 -3.5089 -15.4846 -3.5 -4.6459 -15.3248
5 24 -3.5 -4.6459 -15.3248 -4.2426 -4.6969 -15.2792 -3.5 -4.0933 -15.5178 -3.5 -5.0825 -14.9351
5 24 -4.5298 -5.0825 -14.9351 -3.5 -5.0825 -14.9351 -3.5 -5.3367 -14.4079 -3.5 -4.6459 -15.3248
5 24 -4.9134 -5.3367 -14.4079 -3.5 -5.3367 -14.4079 -3.5 -5.691 -13.0376 -3.5 -5.0825 -14.9351
5 24 3.5 -4.6459 -15.3248 3.6708 -4.0933 -15.5178 4.2426 -4.6969 -15.2792 3.5 -4.0933 -15.5178

0 // Fingers B
1 16 3.5 -3.8845 -14.0324 0 1 0 -1.45222 0 .37557 -.37557 0 -1.45222 1-4edge.dat
1 16 3.5 -3.8845 -14.0324 0 1 0 -1.45222 0 .37557 -.37557 0 -1.45222 1-4chrd.dat
2 24 3.5 4.6076 -10.3742 3.5 -5.691 -13.0376
2 24 3.6956 4.5906 -10.0763 3.5 4.6076 -10.3742
2 24 4 4.502 -8.518 3.6956 4.5906 -10.0763
2 24 4.2426 3.122 -13.2571 3.6787 2.6705 -13.7632
2 24 3.5 2.119 -14.0291 3.6787 2.6705 -13.7632
2 24 5.5434 4.4609 -10.9004 4.7152 3.9694 -12.3076
2 24 4.2426 3.122 -13.2571 4.7152 3.9694 -12.3076
2 24 6 4.502 -8.518 5.6195 4.6128 -10.4658
2 24 5.5434 4.4609 -10.9004 5.6195 4.6128 -10.4658
2 24 3.6708 -4.0933 -15.5178 4.2426 -4.6969 -15.2792
2 24 3.6708 -4.0933 -15.5178 3.5 -3.5089 -15.4846
2 24 4.9134 -5.3367 -14.4079 4.5298 -5.0825 -14.9351
2 24 4.5298 -5.0825 -14.9351 4.2426 -4.6969 -15.2792
2 24 3.5 4.6076 -10.3742 3.5 3.9694 -12.3076
2 24 3.5 2.6705 -13.7632 3.5 3.9694 -12.3076
2 24 3.5 2.6705 -13.7632 3.5 2.119 -14.0291
3 16 5.5434 4.4609 -10.9004 5.6195 4.6128 -10.4658 6 4.502 -8.518
4 16 6 4.502 -8.518 5.99998 -6.14771 -11.27154 5.5434 -5.5729 -13.4946 5.5434 4.4609 -10.9004
4 16 4.9134 -5.3367 -14.4079 4.5298 -5.0825 -14.9351 4.2426 -4.6969 -15.2792 5.5434 -5.5729 -13.4946
3 16 4.2426 3.122 -13.2571 4.7152 3.9694 -12.3076 5.5434 4.4609 -10.9004
4 16 4.2426 -4.6969 -15.2792 4.2426 3.122 -13.2571 5.5434 4.4609 -10.9004 5.5434 -5.5729 -13.4946
4 16 3.6708 -4.0933 -15.5178 3.6787 2.6705 -13.7632 4.2426 3.122 -13.2571 4.2426 -4.6969 -15.2792
4 16 3.5 -3.5089 -15.4846 3.5 2.119 -14.0291 3.6787 2.6705 -13.7632 3.6708 -4.0933 -15.5178
3 16 3.6708 -4.0933 -15.5178 4.2426 -4.6969 -15.2792 3.5 -4.6459 -15.3248
3 16 3.5 -4.6459 -15.3248 3.5 -4.0933 -15.5178 3.6708 -4.0933 -15.5178
3 16 3.5 -3.5089 -15.4846 3.6708 -4.0933 -15.5178 3.5 -4.0933 -15.5178
4 16 3.5 -4.6459 -15.3248 4.2426 -4.6969 -15.2792 4.5298 -5.0825 -14.9351 3.5 -5.0825 -14.9351
4 16 4.5298 -5.0825 -14.9351 4.9134 -5.3367 -14.4079 3.5 -5.3367 -14.4079 3.5 -5.0825 -14.9351
4 16 3.5 -5.3367 -14.4079 4.9134 -5.3367 -14.4079 5.5434 -5.5729 -13.4946 3.5 -5.691 -13.0376
4 16 5.5434 -5.5729 -13.4946 6 -6.1479 -11.2716 4 -6.1479 -11.2716 3.696 -5.7641 -12.7544
3 16 3.696 -5.7641 -12.7544 3.5 -5.691 -13.0376 5.5434 -5.5729 -13.4946
3 16 3.6787 2.6705 -13.7632 3.5 2.119 -14.0291 3.5 2.6705 -13.7632
3 16 4.7152 3.9694 -12.3076 4.2426 3.122 -13.2571 3.5 3.9694 -12.3076
4 16 3.5 3.9694 -12.3076 4.2426 3.122 -13.2571 3.6787 2.6705 -13.7632 3.5 2.6705 -13.7632
3 16 5.6195 4.6128 -10.4658 3.5 4.6076 -10.3742 3.6956 4.5906 -10.0763
4 16 3.6956 4.5906 -10.0763 4 4.502 -8.518 6 4.502 -8.518 5.6195 4.6128 -10.4658
4 16 3.5 4.6076 -10.3742 5.5434 4.4609 -10.9004 4.7152 3.9694 -12.3076 3.5 3.9694 -12.3076
3 16 3.5 4.6076 -10.3742 5.6195 4.6128 -10.4658 5.5434 4.4609 -10.9004
4 16 4 -6.1479 -11.2716 4 4.502 -8.518 3.6956 4.5906 -10.0763 3.696 -5.7641 -12.7544
4 16 3.696 -5.7641 -12.7544 3.6956 4.5906 -10.0763 3.5 4.6076 -10.3742 3.5 -5.691 -13.0376
4 16 3.5 -5.3367 -14.4079 3.5 -5.691 -13.0376 3.5 4.6076 -10.3742 3.5 3.9694 -12.3076
3 16 3.5 3.9694 -12.3076 3.5 2.6705 -13.7632 3.5 2.119 -14.0291
4 16 3.5 2.119 -14.0291 3.5 -3.5089 -15.4846 3.5 -5.3367 -14.4079 3.5 3.9694 -12.3076
2 24 3.5 2.119 -14.0291 3.5 -3.5089 -15.4846
5 24 4 4.502 -8.518 6 4.502 -8.518 3.6956 4.1188 -7.036 5.6195 4.6128 -10.4658
5 24 3.5 4.6076 -10.3742 5.6195 4.6128 -10.4658 6 4.502 -8.518 4.7152 3.9694 -12.3076
5 24 3.696 -5.7641 -12.7544 3.6956 4.5906 -10.0763 3.5 -5.691 -13.0376 4 -6.1479 -11.2716
5 24 3.5 3.9694 -12.3076 4.7152 3.9694 -12.3076 3.5 4.6076 -10.3742 4.2426 3.122 -13.2571
5 24 3.5 2.6705 -13.7632 3.6787 2.6705 -13.7632 3.5 2.119 -14.0291 3.5 3.9694 -12.3076
5 24 5.5434 4.4609 -10.9004 5.5434 -5.5729 -13.4946 6 -6.1479 -11.2716 4.9134 -5.3367 -14.4079
5 24 4.2426 -4.6969 -15.2792 4.2426 3.122 -13.2571 4.7152 3.9694 -12.3076 3.6787 2.6705 -13.7632
2 24 4 -6.1479 -11.2716 3.696 -5.7641 -12.7544
2 24 3.696 -5.7641 -12.7544 3.5 -5.691 -13.0376
2 24 3.5 -5.3367 -14.4079 3.5 -5.691 -13.0376
2 24 5.5434 -5.5729 -13.4946 4.9134 -5.3367 -14.4079
2 24 5.5434 -5.5729 -13.4946 6 -6.1479 -11.2716
5 24 3.5 -4.0933 -15.5178 3.6708 -4.0933 -15.5178 3.5 -3.5089 -15.4846 3.5 -4.6459 -15.3248
5 24 3.5 -4.6459 -15.3248 4.2426 -4.6969 -15.2792 3.5 -4.0933 -15.5178 3.5 -5.0825 -14.9351
5 24 4.5298 -5.0825 -14.9351 3.5 -5.0825 -14.9351 3.5 -5.3367 -14.4079 3.5 -4.6459 -15.3248
5 24 4.9134 -5.3367 -14.4079 3.5 -5.3367 -14.4079 3.5 -5.691 -13.0376 3.5 -5.0825 -14.9351
5 24 -3.5 -4.6459 -15.3248 -3.6708 -4.0933 -15.5178 -4.2426 -4.6969 -15.2792 -3.5 -4.0933 -15.5178

0 FILE stud3.dat
0 Stud Tube Solid
0 Name: stud3.dat
0 Author: James Jessiman
0 !LDRAW_ORG Primitive UPDATE 2012-01
0 !LICENSE Licensed under CC BY 4.0 : see CAreadme.txt

0 BFC CERTIFY CCW

0 !HISTORY 2002-04-04 [sbliss] Modified for BFC compliance
0 !HISTORY 2002-04-25 [PTadmin] Official Update 2002-02
0 !HISTORY 2007-06-24 [PTadmin] Header formatted for Contributor Agreement
0 !HISTORY 2008-07-01 [PTadmin] Official Update 2008-01
0 !HISTORY 2012-02-16 [Philo] Changed to CCW
0 !HISTORY 2012-03-30 [PTadmin] Official Update 2012-01


1 16 0 -4 0 4 0 0 0 1 0 0 0 4 4-4edge.dat
1 16 0 0 0 4 0 0 0 1 0 0 0 4 4-4edge.dat
1 16 0 -4 0 4 0 0 0 1 0 0 0 4 4-4disc.dat
1 16 0 -4 0 4 0 0 0 4 0 0 0 4 4-4cyli.dat

0 FILE box5.dat
0 Box with 5 Faces and All Edges
0 Name: box5.dat
0 Author: James Jessiman
0 !LDRAW_ORG Primitive UPDATE 2012-01
0 !LICENSE Licensed under CC BY 4.0 : see CAreadme.txt

0 BFC CERTIFY CCW

0 !HISTORY 2002-04-03 [sbliss] Modified for BFC compliance
0 !HISTORY 2002-04-25 [PTadmin] Official Update 2002-02
0 !HISTORY 2007-06-24 [PTadmin] Header formatted for Contributor Agreement
0 !HISTORY 2008-07-01 [PTadmin] Official Update 2008-01
0 !HISTORY 2012-02-16 [Philo] Changed to CCW
0 !HISTORY 2012-03-30 [PTadmin] Official Update 2012-01


2 24 1 1 1 -1 1 1
2 24 -1 1 1 -1 1 -1
2 24 -1 1 -1 1 1 -1
2 24 1 1 -1 1 1 1
2 24 1 0 1 -1 0 1
2 24 -1 0 1 -1 0 -1
2 24 -1 0 -1 1 0 -1
2 24 1 0 -1 1 0 1
2 24 1 0 1 1 1 1
2 24 -1 0 1 -1 1 1
2 24 1 0 -1 1 1 -1
2 24 -1 0 -1 -1 1 -1
4 16 -1 1 1 1 1 1 1 1 -1 -1 1 -1
4 16 -1 1 1 -1 0 1 1 0 1 1 1 1
4 16 -1 1 -1 -1 0 -1 -1 0 1 -1 1 1
4 16 1 1 -1 1 0 -1 -1 0 -1 -1 1 -1
4 16 1 1 1 1 0 1 1 0 -1 1 1 -1

0 FILE stud.dat
0 Stud
0 Name: stud.dat
0 Author: James Jessiman
0 !LDRAW_ORG Primitive UPDATE 2012-01
0 !LICENSE Licensed under CC BY 4.0 : see CAreadme.txt

0 BFC CERTIFY CCW

0 !HISTORY 2002-04-04 [sbliss] Modified for BFC compliance
0 !HISTORY 2002-04-25 [PTadmin] Official Update 2002-02
0 !HISTORY 2007-06-24 [PTadmin] Header formatted for Contributor Agreement
0 !HISTORY 2008-07-01 [PTadmin] Official Update 2008-01
0 !HISTORY 2012-02-16 [Philo] Changed to CCW
0 !HISTORY 2012-03-30 [PTadmin] Official Update 2012-01


1 16 0 0 0 6 0 0 0 1 0 0 0 6 4-4edge.dat
1 16 0 -4 0 6 0 0 0 1 0 0 0 6 4-4edge.dat
1 16 0 0 0 6 0 0 0 -4 0 0 0 6 4-4cyli.dat
1 16 0 -4 0 6 0 0 0 1 0 0 0 6 4-4disc.dat

0 FILE box3u2p.dat
0 Box with 3 Faces without 2 Parallel Edges
0 Name: box3u2p.dat
0 Author: Niels Karsdorp [nielsk]
0 !LDRAW_ORG Primitive UPDATE 2012-01
0 !LICENSE Licensed under CC BY 4.0 : see CAreadme.txt

0 BFC CERTIFY CCW

0 !HISTORY 2003-03-12 [PTadmin] Official Update 2003-01
0 !HISTORY 2007-06-24 [PTadmin] Header formatted for Contributor Agreement
0 !HISTORY 2008-07-01 [PTadmin] Official Update 2008-01
0 !HISTORY 2012-02-16 [Philo] Changed to CCW
0 !HISTORY 2012-03-30 [PTadmin] Official Update 2012-01


2 24 1 1 1 -1 1 1
2 24 -1 1 -1 1 1 -1
2 24 1 0 1 -1 0 1
2 24 -1 0 -1 1 0 -1
2 24 1 1 1 1 1 -1
2 24 -1 1 1 -1 1 -1
2 24 1 1 1 1 0 1
2 24 1 1 -1 1 0 -1
2 24 -1 1 1 -1 0 1
2 24 -1 1 -1 -1 0 -1
4 16 -1 1 -1 -1 1 1 1 1 1 1 1 -1
4 16 -1 1 1 -1 0 1 1 0 1 1 1 1
4 16 1 1 -1 1 0 -1 -1 0 -1 -1 1 -1

0 FILE box4.dat
0 Box with 4 Faces (2 Parallel Pairs) and All Edges
0 Name: box4.dat
0 Author: James Jessiman
0 !LDRAW_ORG Primitive UPDATE 2012-01
0 !LICENSE Licensed under CC BY 4.0 : see CAreadme.txt

0 BFC CERTIFY CCW

0 !HISTORY 2002-04-03 [sbliss] Modified for BFC compliance
0 !HISTORY 2002-04-25 [PTadmin] Official Update 2002-02
0 !HISTORY 2007-06-24 [PTadmin] Header formatted for Contributor Agreement
0 !HISTORY 2008-07-01 [PTadmin] Official Update 2008-01
0 !HISTORY 2012-02-16 [Philo] Changed to CCW
0 !HISTORY 2012-03-30 [PTadmin] Official Update 2012-01


2 24 1 1 1 -1 1 1
2 24 -1 1 1 -1 1 -1
2 24 -1 1 -1 1 1 -1
2 24 1 1 -1 1 1 1
2 24 1 0 1 -1 0 1
2 24 -1 0 1 -1 0 -1
2 24 -1 0 -1 1 0 -1
2 24 1 0 -1 1 0 1
2 24 1 0 1 1 1 1
2 24 -1 0 1 -1 1 1
2 24 1 0 -1 1 1 -1
2 24 -1 0 -1 -1 1 -1
4 16 -1 1 1 -1 0 1 1 0 1 1 1 1
4 16 -1 1 -1 -1 0 -1 -1 0 1 -1 1 1
4 16 1 1 -1 1 0 -1 -1 0 -1 -1 1 -1
4 16 1 1 1 1 0 1 1 0 -1 1 1 -1

0 FILE stud4.dat
0 Stud Tube Open
0 Name: stud4.dat
0 Author: James Jessiman
0 !LDRAW_ORG Primitive UPDATE 2009-02
0 !LICENSE Licensed under CC BY 4.0 : see CAreadme.txt

0 BFC CERTIFY CCW

0 !HISTORY 1999-07-05 [PTadmin] Official Update 1999-05
0 !HISTORY 2002-04-04 [sbliss] Modified for BFC compliance
0 !HISTORY 2002-04-25 [PTadmin] Official Update 2002-02
0 !HISTORY 2007-06-24 [PTadmin] Header formatted for Contributor Agreement
0 !HISTORY 2008-07-01 [PTadmin] Official Update 2008-01
0 !HISTORY 2009-06-21 [cwdee] Update ring references to 4-4ring
0 !HISTORY 2009-09-03 [PTadmin] Official Update 2009-02


1 16 0 -4 0 6 0 0 0 1 0 0 0 6 4-4edge.dat
1 16 0 -4 0 8 0 0 0 1 0 0 0 8 4-4edge.dat
1 16 0 0 0 6 0 0 0 1 0 0 0 6 4-4edge.dat
1 16 0 0 0 8 0 0 0 1 0 0 0 8 4-4edge.dat
0 BFC INVERTNEXT
1 16 0 -4 0 6 0 0 0 4 0 0 0 6 4-4cyli.dat
1 16 0 -4 0 8 0 0 0 4 0 0 0 8 4-4cyli.dat
1 16 0 -4 0 2 0 0 0 1 0 0 0 2 4-4ring3.dat
0

0 FILE stud4a.dat
0 Stud Tube Open without Base Edges
0 Name: stud4a.dat
0 Author: James Jessiman
0 !LDRAW_ORG Primitive UPDATE 2009-02
0 !LICENSE Licensed under CC BY 4.0 : see CAreadme.txt

0 BFC CERTIFY CCW

0 !HISTORY 1999-07-05 [PTadmin] Official Update 1999-05
0 !HISTORY 2002-04-04 [sbliss] Modified for BFC compliance
0 !HISTORY 2002-04-25 [PTadmin] Official Update 2002-02
0 !HISTORY 2007-06-24 [PTadmin] Header formatted for Contributor Agreement
0 !HISTORY 2008-07-01 [PTadmin] Official Update 2008-01
0 !HISTORY 2009-06-21 [cwdee] Update ring references to 4-4ring
0 !HISTORY 2009-09-03 [PTadmin] Official Update 2009-02


1 16 0 -4 0 6 0 0 0 1 0 0 0 6 4-4edge.dat
1 16 0 -4 0 8 0 0 0 1 0 0 0 8 4-4edge.dat
0 BFC INVERTNEXT
1 16 0 -4 0 6 0 0 0 4 0 0 0 6 4-4cyli.dat
1 16 0 -4 0 8 0 0 0 4 0 0 0 8 4-4cyli.dat
1 16 0 -4 0 2 0 0 0 1 0 0 0 2 4-4ring3.dat
0

0 FILE 4-4edge.dat
0 Circle 1.0
0 Name: 4-4edge.dat
0 Author: James Jessiman
0 !LDRAW_ORG Primitive UPDATE 2017-01
0 !LICENSE Licensed under CC BY 4.0 : see CAreadme.txt

0 BFC CERTIFY CCW

0 !HISTORY 1998-12-15 [PTadmin] Official Update 1998-10
0 !HISTORY 2005-12-28 [PTadmin] Official Update 2005-01
0 !HISTORY 2007-06-24 [PTadmin] Header formatted for Contributor Agreement
0 !HISTORY 2008-07-01 [PTadmin] Official Update 2008-01
0 !HISTORY 2017-01-15 [Steffen] BFCed
0 !HISTORY 2017-12-30 [PTadmin] Official Update 2017-01


2 24 1 0 0 0.9239 0 0.3827
2 24 0.9239 0 0.3827 0.7071 0 0.7071
2 24 0.7071 0 0.7071 0.3827 0 0.9239
2 24 0.3827 0 0.9239 0 0 1
2 24 0 0 1 -0.3827 0 0.9239
2 24 -0.3827 0 0.9239 -0.7071 0 0.7071
2 24 -0.7071 0 0.7071 -0.9239 0 0.3827
2 24 -0.9239 0 0.3827 -1 0 -0
2 24 -1 0 -0 -0.9239 0 -0.3827
2 24 -0.9239 0 -0.3827 -0.7071 0 -0.7071
2 24 -0.7071 0 -0.7071 -0.3827 0 -0.9239
2 24 -0.3827 0 -0.9239 0 0 -1
2 24 0 0 -1 0.3827 0 -0.9239
2 24 0.3827 0 -0.9239 0.7071 0 -0.7071
2 24 0.7071 0 -0.7071 0.9239 0 -0.3827
2 24 0.9239 0 -0.3827 1 0 0

0 FILE 4-4cyli.dat
0 Cylinder 1.0
0 Name: 4-4cyli.dat
0 Author: James Jessiman
0 !LDRAW_ORG Primitive UPDATE 2005-01
0 !LICENSE Licensed under CC BY 4.0 : see CAreadme.txt

0 BFC CERTIFY CCW

0 !HISTORY 1998-12-15 [PTadmin] Official Update 1998-10
0 !HISTORY 2002-03-23 [sbliss] Added BFC statement; merged headers from files in distributions LDraw 0.27 and Complete.
0 !HISTORY 2002-04-25 [PTadmin] Official Update 2002-02
0 !HISTORY 2004-12-14 [guyvivan] BFC CCW
0 !HISTORY 2005-12-28 [PTadmin] Official Update 2005-01
0 !HISTORY 2007-06-24 [PTadmin] Header formatted for Contributor Agreement
0 !HISTORY 2008-07-01 [PTadmin] Official Update 2008-01


4 16 1 1 0 0.9239 1 0.3827 0.9239 0 0.3827 1 0 0
5 24 1 0 0 1 1 0 0.9239 0 0.3827 0.9239 0 -0.3827
4 16 0.9239 1 0.3827 0.7071 1 0.7071 0.7071 0 0.7071 0.9239 0 0.3827
5 24 0.9239 0 0.3827 0.9239 1 0.3827 0.7071 0 0.7071 1 0 0
4 16 0.7071 1 0.7071 0.3827 1 0.9239 0.3827 0 0.9239 0.7071 0 0.7071
5 24 0.7071 0 0.7071 0.7071 1 0.7071 0.3827 0 0.9239 0.9239 0 0.3827
4 16 0.3827 1 0.9239 0 1 1 0 0 1 0.3827 0 0.9239
5 24 0.3827 0 0.9239 0.3827 1 0.9239 0 0 1 0.7071 0 0.7071
4 16 0 1 1 -0.3827 1 0.9239 -0.3827 0 0.9239 0 0 1
5 24 0 0 1 0 1 1 -0.3827 0 0.9239 0.3827 0 0.9239
4 16 -0.3827 1 0.9239 -0.7071 1 0.7071 -0.7071 0 0.7071 -0.3827 0 0.9239
5 24 -0.3827 0 0.9239 -0.3827 1 0.9239 -0.7071 0 0.7071 0 0 1
4 16 -0.7071 1 0.7071 -0.9239 1 0.3827 -0.9239 0 0.3827 -0.7071 0 0.7071
5 24 -0.7071 0 0.7071 -0.7071 1 0.7071 -0.9239 0 0.3827 -0.3827 0 0.9239
4 16 -0.9239 1 0.3827 -1 1 0 -1 0 0 -0.9239 0 0.3827
5 24 -0.9239 0 0.3827 -0.9239 1 0.3827 -1 0 0 -0.7071 0 0.7071
4 16 -1 1 0 -0.9239 1 -0.3827 -0.9239 0 -0.3827 -1 0 0
5 24 -1 0 0 -1 1 0 -0.9239 0 -0.3827 -0.9239 0 0.3827
4 16 -0.9239 1 -0.3827 -0.7071 1 -0.7071 -0.7071 0 -0.7071 -0.9239 0 -0.3827
5 24 -0.9239 0 -0.3827 -0.9239 1 -0.3827 -0.7071 0 -0.7071 -1 0 0
4 16 -0.7071 1 -0.7071 -0.3827 1 -0.9239 -0.3827 0 -0.9239 -0.7071 0 -0.7071
5 24 -0.7071 0 -0.7071 -0.7071 1 -0.7071 -0.3827 0 -0.9239 -0.9239 0 -0.3827
4 16 -0.3827 1 -0.9239 0 1 -1 0 0 -1 -0.3827 0 -0.9239
5 24 -0.3827 0 -0.9239 -0.3827 1 -0.9239 0 0 -1 -0.7071 0 -0.7071
4 16 0 1 -1 0.3827 1 -0.9239 0.3827 0 -0.9239 0 0 -1
5 24 0 0 -1 0 1 -1 0.3827 0 -0.9239 -0.3827 0 -0.9239
4 16 0.3827 1 -0.9239 0.7071 1 -0.7071 0.7071 0 -0.7071 0.3827 0 -0.9239
5 24 0.3827 0 -0.9239 0.3827 1 -0.9239 0.7071 0 -0.7071 0 0 -1
4 16 0.7071 1 -0.7071 0.9239 1 -0.3827 0.9239 0 -0.3827 0.7071 0 -0.7071
5 24 0.7071 0 -0.7071 0.7071 1 -0.7071 0.9239 0 -0.3827 0.3827 0 -0.9239
4 16 0.9239 1 -0.3827 1 1 0 1 0 0 0.9239 0 -0.3827
5 24 0.9239 0 -0.3827 0.9239 1 -0.3827 1 0 0 0.7071 0 -0.7071
0

0 FILE box4o4a.dat
0 Box with 4 Faces (2 Parallel Pairs) without Bottom Edges
0 Name: box4o4a.dat
0 Author: Donald Sutter [technog]
0 !LDRAW_ORG Primitive UPDATE 2012-01
0 !LICENSE Licensed under CC BY 4.0 : see CAreadme.txt

0 BFC CERTIFY CCW

0 !HISTORY 2003-08-01 [PTadmin] Official Update 2003-02
0 !HISTORY 2007-06-24 [PTadmin] Header formatted for Contributor Agreement
0 !HISTORY 2008-07-01 [PTadmin] Official Update 2008-01
0 !HISTORY 2012-02-16 [Philo] Changed to CCW
0 !HISTORY 2012-03-30 [PTadmin] Official Update 2012-01


2 24 1 0 1 -1 0 1
2 24 -1 0 1 -1 0 -1
2 24 -1 0 -1 1 0 -1
2 24 1 0 -1 1 0 1
2 24 1 0 1 1 1 1
2 24 -1 0 1 -1 1 1
2 24 1 0 -1 1 1 -1
2 24 -1 0 -1 -1 1 -1
4 16 -1 1 1 -1 0 1 1 0 1 1 1 1
4 16 -1 1 -1 -1 0 -1 -1 0 1 -1 1 1
4 16 1 1 -1 1 0 -1 -1 0 -1 -1 1 -1
4 16 1 1 1 1 0 1 1 0 -1 1 1 -1

0 FILE stug6.dat
0 ~Moved to stug-6x6
0 Name: stug6.dat
0 Author: [PTadmin]
0 !LDRAW_ORG Primitive UPDATE 2011-01
0 !LICENSE Licensed under CC BY 4.0 : see CAreadme.txt

0 BFC CERTIFY CCW

0 !HISTORY 2011-07-25 [PTadmin] Official Update 2011-01


0 // Stud Group 6 x 6
1 16 0 0 0 1 0 0 0 1 0 0 0 1 stug-6x6.dat

0 FILE stug4.dat
0 ~Moved to stug-4x4
0 Name: stug4.dat
0 Author: [PTadmin]
0 !LDRAW_ORG Primitive UPDATE 2011-01
0 !LICENSE Licensed under CC BY 4.0 : see CAreadme.txt

0 BFC CERTIFY CCW

0 !HISTORY 2011-07-25 [PTadmin] Official Update 2011-01


0 // Stud Group 4 x 4
1 16 0 0 0 1 0 0 0 1 0 0 0 1 stug-4x4.dat

0 FILE stug2.dat
0 ~Moved to stug-2x2
0 Name: stug2.dat
0 Author: [PTadmin]
0 !LDRAW_ORG Primitive UPDATE 2011-01
0 !LICENSE Licensed under CC BY 4.0 : see CAreadme.txt

0 BFC CERTIFY CCW

0 !HISTORY 2011-07-25 [PTadmin] Official Update 2011-01


0 // Stud Group 2 x 2
1 16 0 0 0 1 0 0 0 1 0 0 0 1 stug-2x2.dat

0 FILE 285.dat
0 Train Base  6 x 16 Type 2
0 Name: 285.dat
0 Author: Niels Karsdorp [nielsk]
0 !LDRAW_ORG Part UPDATE 2024-04
0 !LICENSE Licensed under CC BY 4.0 : see CAreadme.txt

0 BFC CERTIFY CCW

0 !KEYWORDS Bricklink 4178a (with magnets), Motor Cutout, set 133, set 171
0 !KEYWORDS set 180, set 181, Set 723-2, Set 724, Set 725-2, set 726

0 !HISTORY 2011-07-25 [PTadmin] Official Update 2011-01
0 !HISTORY 2019-09-06 [anathema] Corrected height of magnet supports
0 !HISTORY 2020-02-02 [UR] Corrected cable hole section, added Keywords
0 !HISTORY 2020-09-19 [UR] Subparted, Optimization, Stud Groups
0 !HISTORY 2024-05-28 [OrionP] Official Update 2024-04

1 16 0 0 0 1 0 0 0 1 0 0 0 1 s/285s02.dat
1 16 0 0 0 -1 0 0 0 1 0 0 0 -1 s/285s02.dat

0 BFC INVERTNEXT
1 16 0 4 0 116 0 0 0 4 0 0 0 56 box4.dat

0 // Studs
1 16 130 0 -30 1 0 0 0 1 0 0 0 1 stug-3x3.dat
1 16 130 0 30 1 0 0 0 1 0 0 0 1 stug-3x3.dat
1 16 0 0 50 1 0 0 0 1 0 0 0 1 stug-1x10.dat
1 16 0 0 -50 1 0 0 0 1 0 0 0 1 stug-1x10.dat
1 16 90 0 30 1 0 0 0 1 0 0 0 1 stud.dat
1 16 90 0 -30 1 0 0 0 1 0 0 0 1 stud.dat
1 16 -90 0 30 1 0 0 0 1 0 0 0 1 stud.dat
1 16 -90 0 -30 1 0 0 0 1 0 0 0 1 stud.dat
1 16 -130 0 30 1 0 0 0 1 0 0 0 1 stug-3x3.dat
1 16 -130 0 -30 1 0 0 0 1 0 0 0 1 stug-3x3.dat

0 FILE 735.dat
0 Magnet Holder for Train Base  6 x 16 Type 1 with Magnet (Complete)
0 Name: 735.dat
0 Author: Tore Eriksson [Tore_Eriksson]
0 !LDRAW_ORG Shortcut UPDATE 2022-03
0 !LICENSE Licensed under CC BY 4.0 : see CAreadme.txt

0 BFC CERTIFY CCW

0 !HISTORY 1999-12-31 [PTadmin] Official Update 1999-06
0 !HISTORY 2007-07-21 [PTadmin] Header formatted for Contributor Agreement
0 !HISTORY 2008-07-01 [PTadmin] Official Update 2008-01
0 !HISTORY 2008-07-07 [nielsk] Overhauled (2004-11-08)
0 !HISTORY 2009-05-02 [PTadmin] Official Update 2009-01
0 !HISTORY 2020-06-04 [Sirio] Updated the use of primitives: removed ringr.dat or ringrr.dat, introduced 2-4cylc.dat and 4-4cylo.dat and box4o4a.dat
0 !HISTORY 2021-01-23 [Steffen] split up 735.dat into 735.dat and u9255.dat
0 !HISTORY 2022-05-07 [PTadmin] Official Update 2022-03


1 16 0 0 0 1 0 0 0 1 0 0 0 1 u9255.dat
1 493 48.5 -5 0 0 0 1 0 1 0 -1 0 0 u9044.dat

0 FILE 16000.dat
0 ~Minifig Arm Right Dual Mould
0 Name: 16000.dat
0 Author: Magnus Forsberg [MagFors]
0 !LDRAW_ORG Part UPDATE 2020-01
0 !LICENSE Licensed under CC BY 4.0 : see CAreadme.txt

0 !HELP Place at -15.552 9 0 relative to torso
0 !HELP Then rotate about x axis to give required elevation of arm
0 !HELP 0 = upper arm vertical
0 !HELP -45 = lower arm horizontal
0 !HELP -90 = upper arm horizontal
0 !HELP -135 = lower arm vertical
0 !HELP Then rotate 9.782 about z axis to align with slope of torso

0 BFC CERTIFY CCW

0 !PREVIEW 16 0 0 0 -1 0 0 0 1 0 0 0 -1

0 !HISTORY 2020-06-28 [PTadmin] Official Update 2020-01


1 16 0 0 0 1 0 0 0 1 0 0 0 1 s/16000s02.dat
1 16 0 0 0 1 0 0 0 1 0 0 0 1 s/16000s01.dat

0 FILE 16001.dat
0 ~Minifig Arm Left Dual Mould
0 Name: 16001.dat
0 Author: Magnus Forsberg [MagFors]
0 !LDRAW_ORG Part UPDATE 2020-01
0 !LICENSE Licensed under CC BY 4.0 : see CAreadme.txt

0 !HELP Place at 15.552 9 0 relative to torso
0 !HELP Then rotate about x axis to give require elevation of arm
0 !HELP 0 = upper arm vertical
0 !HELP -45 = lower arm horizontal
0 !HELP -90 = upper arm horizontal
0 !HELP -135 = lower arm vertical
0 !HELP Then rotate -9.782 about z axis to align with slope of torso

0 BFC CERTIFY CCW

0 !HISTORY 2020-06-28 [PTadmin] Official Update 2020-01


1 16 0 0 0 -1 0 0 0 1 0 0 0 1 16000.dat

0 FILE parts/s/10164s01.dat
0 ~Minifig Headdress Beanie with Pom Pom without Patternable Surface
0 Name: s\10164s01.dat
0 Author: Gerald Lasser [GeraldLasser]
0 !LDRAW_ORG Subpart UPDATE 2023-03
0 !LICENSE Licensed under CC BY 4.0 : see CAreadme.txt

0 BFC CERTIFY CCW

0 !HISTORY 2023-06-24 [OrionP] Official Update 2023-03


1 16 0 -8 0 6 0 0 0 -1 0 0 0 6 4-4disc.dat
1 16 0 -4 0 1 0 0 0 -1 0 0 0 1 stud4h.dat
1 16 0 -4 0 2.63 0 0 0 -1 0 0 0 2.63 4-4ring3.dat
1 16 0 -4 0 10.52 0 0 0 -1 0 0 0 10.52 4-4edge.dat
0 BFC INVERTNEXT
1 16 0 1.7 0 2.63 0 0 0 -5.7 0 0 0 2.63 4-4con4.dat
1 16 0 1.7 0 13.15 0 0 0 -1 0 0 0 13.15 4-4edge.dat

0 // Outside
3 16 -19.348 8.813 16.016 -16.235 9.684 17.147 -19.762 9.509 15.524
3 16 -16.235 9.684 17.147 -17.738 12.284 15.496 -19.762 9.509 15.524
3 16 -16.235 9.684 17.147 -19.348 8.813 16.016 -16.31 7.433 17.033
3 16 -19.348 8.813 16.016 -19.323 8.175 16.031 -16.31 7.433 17.033
3 16 -19.864 7.303 15.345 -18.224 4.325 14.777 -19.588 7.505 15.688
3 16 -18.224 4.325 14.777 -17.19 5.083 15.916 -19.588 7.505 15.688
3 16 -19.864 7.303 15.345 -20.453 7.488 14.626 -18.224 4.325 14.777
3 16 -20.453 7.488 14.626 -20.354 5.029 12.239 -18.224 4.325 14.777
3 16 -20.453 7.488 14.626 -20.769 8.302 14.258 -20.354 5.029 12.239
3 16 -20.769 8.302 14.258 -21.56 7.95 10.931 -20.354 5.029 12.239
3 16 -20.769 8.302 14.258 -20.602 9.207 14.485 -21.56 7.95 10.931
3 16 -20.602 9.207 14.485 -20.928 11.264 11.748 -21.56 7.95 10.931
3 16 -20.212 9.55 14.973 -19.452 12.517 13.532 -20.602 9.207 14.485
3 16 -19.452 12.517 13.532 -20.928 11.264 11.748 -20.602 9.207 14.485
3 16 -19.452 12.517 13.532 -20.212 9.55 14.973 -17.738 12.284 15.496
3 16 -20.212 9.55 14.973 -19.762 9.509 15.524 -17.738 12.284 15.496
3 16 -14.901 13.488 13.817 -17.738 12.284 15.496 -12.876 10.163 16.263
3 16 -12.876 10.163 16.263 -17.738 12.284 15.496 -16.235 9.684 17.147
3 16 -12.876 10.163 16.263 -16.235 9.684 17.147 -12.952 6.984 16.162
3 16 -16.31 7.433 17.033 -12.952 6.984 16.162 -16.235 9.684 17.147
3 16 -20.928 11.264 11.748 -19.062 12.177 8.87 -21.56 7.95 10.931
3 16 -21.56 7.95 10.931 -19.062 12.177 8.87 -19.92 7.815 7.835
3 16 -19.062 12.177 8.87 -20.928 11.264 11.748 -17.1 13.787 11.206
3 16 -19.452 12.517 13.532 -17.1 13.787 11.206 -20.928 11.264 11.748
3 16 -17.1 13.787 11.206 -19.452 12.517 13.532 -14.901 13.488 13.817
3 16 -17.738 12.284 15.496 -14.901 13.488 13.817 -19.452 12.517 13.532
3 16 -12.876 10.163 16.263 -10.743 9.951 13.67 -14.901 13.488 13.817
3 16 -10.743 9.951 13.67 -12.585 13.251 11.751 -14.901 13.488 13.817
3 16 -15.979 7.89 5.958 -19.92 7.815 7.835 -15.436 11.644 6.99
3 16 -19.92 7.815 7.835 -19.062 12.177 8.87 -15.436 11.644 6.99
3 16 -17.1 13.787 11.206 -14.179 13.22 9.062 -19.062 12.177 8.87
3 16 -14.179 13.22 9.062 -15.436 11.644 6.99 -19.062 12.177 8.87
3 16 -14.179 13.22 9.062 -17.1 13.787 11.206 -12.585 13.251 11.751
3 16 -14.901 13.488 13.817 -12.585 13.251 11.751 -17.1 13.787 11.206
3 16 -19.864 7.303 15.345 -20.135 8.437 15.234 -20.453 7.488 14.626
3 16 -20.453 7.488 14.626 -20.135 8.437 15.234 -20.769 8.302 14.258
3 16 -20.769 8.302 14.258 -20.135 8.437 15.234 -20.602 9.207 14.485
3 16 -20.212 9.55 14.973 -20.602 9.207 14.485 -20.135 8.437 15.234
3 16 -20.212 9.55 14.973 -20.135 8.437 15.234 -19.762 9.509 15.524
3 16 -19.762 9.509 15.524 -20.135 8.437 15.234 -19.348 8.813 16.016
3 16 -19.348 8.813 16.016 -20.135 8.437 15.234 -19.323 8.175 16.031
3 16 -19.323 8.175 16.031 -20.135 8.437 15.234 -19.588 7.505 15.688
3 16 -19.588 7.505 15.688 -20.135 8.437 15.234 -19.864 7.303 15.345
3 16 9.2984 1.7 9.2984 10.26 16.392 8.491 12.1493 1.7 5.0325
3 16 10.26 16.392 8.491 12.585 15.128 4.482 12.1493 1.7 5.0325
3 16 5.0325 1.7 12.1493 4.581 17.301 12.449 9.2984 1.7 9.2984
3 16 4.581 17.301 12.449 10.26 16.392 8.491 9.2984 1.7 9.2984
3 16 0 1.7 13.15 -2.326 17.364 13.05 1.1622 17.3322 13.148
3 16 1.1622 17.3322 13.148 4.581 17.301 12.449 5.0325 1.7 12.1493
3 16 1.1622 17.3322 13.148 5.0325 1.7 12.1493 0 1.7 13.15
3 16 -2.326 17.364 13.05 0 1.7 13.15 -5.0325 1.7 12.1493
3 16 -5.0325 1.7 12.1493 -6.696 17.056 11.467 -2.326 17.364 13.05
3 16 -6.696 17.056 11.467 -5.0325 1.7 12.1493 -9.2984 1.7 9.2984
3 16 -9.2984 1.7 9.2984 -10.26 16.368 8.491 -6.696 17.056 11.467
3 16 -10.26 16.368 8.491 -9.2984 1.7 9.2984 -12.585 15.096 4.482
3 16 -12.585 15.096 4.482 -9.2984 1.7 9.2984 -12.1493 1.7 5.0325
3 16 -12.585 15.096 4.482 -12.1493 1.7 5.0325 -13.393 13.478 -.077
3 16 -12.1493 1.7 5.0325 -13.15 1.7 0 -13.393 13.478 -.077
3 16 -13.393 13.478 -.077 -13.15 1.7 0 -12.1493 1.7 -5.0325
3 16 -12.1493 1.7 -5.0325 -12.585 11.246 -4.637 -13.393 13.478 -.077
3 16 -12.585 11.246 -4.637 -12.1493 1.7 -5.0325 -9.2984 1.7 -9.2984
3 16 -9.2984 1.7 -9.2984 -8.609 7.75 -10.289 -12.585 11.246 -4.637
3 16 -8.609 7.75 -10.289 -9.2984 1.7 -9.2984 -5.0325 1.7 -12.1493
3 16 -5.0325 1.7 -12.1493 -4.581 5.979 -12.604 -8.609 7.75 -10.289
3 16 -4.581 5.979 -12.604 -5.0325 1.7 -12.1493 0 1.7 -13.15
3 16 0 1.7 -13.15 0 5.235 -13.408 -4.581 5.979 -12.604
3 16 5.0325 1.7 -12.1493 4.581 5.957 -12.604 0 1.7 -13.15
3 16 4.581 5.957 -12.604 0 5.235 -13.408 0 1.7 -13.15
3 16 9.2984 1.7 -9.2984 10.26 8.935 -8.646 4.581 5.957 -12.604
3 16 4.581 5.957 -12.604 5.0325 1.7 -12.1493 9.2984 1.7 -9.2984
3 16 12.1493 1.7 -5.0325 12.585 11.249 -4.637 10.26 8.935 -8.646
3 16 10.26 8.935 -8.646 9.2984 1.7 -9.2984 12.1493 1.7 -5.0325
3 16 13.15 1.7 0 13.393 13.461 -.077 12.585 11.249 -4.637
3 16 12.585 11.249 -4.637 12.1493 1.7 -5.0325 13.15 1.7 0
3 16 12.1493 1.7 5.0325 12.585 15.128 4.482 13.15 1.7 0
3 16 12.585 15.128 4.482 13.393 13.461 -.077 13.15 1.7 0
3 16 11.972 16.571 8.974 10.26 16.392 8.491 11.525 16.982 10.792
3 16 10.26 16.392 8.491 4.581 17.301 12.449 11.525 16.982 10.792
3 16 4.458 17.822 14.414 5.582 17.833 14.739 4.581 17.301 12.449
3 16 5.582 17.833 14.739 11.525 16.982 10.792 4.581 17.301 12.449
3 16 -7.894 17.568 13.44 -6.696 17.056 11.467 -11.971 16.766 9.815
3 16 -6.696 17.056 11.467 -10.26 16.368 8.491 -11.971 16.766 9.815
3 16 -11.971 16.766 9.815 -10.26 16.368 8.491 -14.603 15.413 5.053
3 16 -10.26 16.368 8.491 -12.585 15.096 4.482 -14.603 15.413 5.053
3 16 -12.585 11.246 -4.637 -14.977 10.898 -5.57 -13.393 13.478 -.077
3 16 -13.393 13.478 -.077 -14.977 10.898 -5.57 -15.781 13.243 -.862
3 16 -15.781 13.243 -.862 -14.811 13.975 .84 -13.393 13.478 -.077
3 16 -13.393 13.478 -.077 -14.811 13.975 .84 -12.585 15.096 4.482
3 16 -12.585 15.096 4.482 -14.811 13.975 .84 -14.603 15.413 5.053
3 16 -14.811 13.975 .84 -15.446 14.56 2.42 -14.603 15.413 5.053
3 16 -1.52 4.712 -14.535 -1.655 3.862 -15.462 -3.27 5.076 -14.092
3 16 -3.27 5.076 -14.092 -1.655 3.862 -15.462 -2.111 3.89 -15.428
3 16 -1.52 4.712 -14.535 0 5.235 -13.408 .506 3.782 -15.498
3 16 .506 3.782 -15.498 0 5.235 -13.408 5.716 4.817 -14.413
3 16 0 5.235 -13.408 4.581 5.957 -12.604 5.716 4.817 -14.413
3 16 5.716 4.817 -14.413 4.581 5.957 -12.604 6.753 5.387 -13.691
3 16 4.581 5.957 -12.604 10.26 8.935 -8.646 6.753 5.387 -13.691
3 16 7.436 5.366 -13.686 6.753 5.387 -13.691 7.848 5.508 -13.509
3 16 8.522 6.087 -12.823 7.848 5.508 -13.509 6.753 5.387 -13.691
3 16 8.522 6.087 -12.823 6.753 5.387 -13.691 10.26 8.935 -8.646
3 16 9.407 6.242 -12.609 8.522 6.087 -12.823 12.14 8.053 -10.224
3 16 8.522 6.087 -12.823 10.26 8.935 -8.646 12.14 8.053 -10.224
3 16 12.14 8.053 -10.224 10.26 8.935 -8.646 15.353 10.863 -5.539
3 16 10.26 8.935 -8.646 12.585 11.249 -4.637 15.353 10.863 -5.539
3 16 15.353 10.863 -5.539 12.585 11.249 -4.637 15.702 13.537 -.098
3 16 12.585 11.249 -4.637 13.393 13.461 -.077 15.702 13.537 -.098
3 16 13.389 15.598 5.457 15.277 14.776 3.268 12.585 15.128 4.482
3 16 12.585 15.128 4.482 15.277 14.776 3.268 13.393 13.461 -.077
3 16 15.702 13.537 -.098 13.393 13.461 -.077 15.277 14.776 3.268
3 16 15.473 13.039 6.022 15.277 14.776 3.268 13.389 15.598 5.457
3 16 5.848 15.232 15.949 3.881 17.915 15.23 3.169 14.691 16.859
3 16 3.169 14.691 16.859 3.881 17.915 15.23 3.035 17.965 15.412
3 16 -.009 18.011 15.573 -.776 15.099 16.858 .77 17.999 15.531
3 16 -.776 15.099 16.858 3.169 14.691 16.859 .77 17.999 15.531
3 16 -2.809 17.922 15.193 -3.546 15.068 16.432 -1.934 17.992 15.286
3 16 -3.546 15.068 16.432 -.776 15.099 16.858 -1.934 17.992 15.286
3 16 -3.546 15.068 16.432 -5.194 17.778 14.583 -8.223 15.384 14.414
3 16 -5.194 17.778 14.583 -7.894 17.568 13.44 -8.223 15.384 14.414
3 16 -8.223 15.384 14.414 -7.894 17.568 13.44 -12.695 14.749 10.76
3 16 -12.695 14.749 10.76 -7.894 17.568 13.44 -11.971 16.766 9.815
3 16 -14.603 15.413 5.053 -15.408 12.989 5.727 -11.971 16.766 9.815
3 16 -15.408 12.989 5.727 -12.695 14.749 10.76 -11.971 16.766 9.815
3 16 -15.446 14.56 2.42 -16.508 11.701 1.312 -14.603 15.413 5.053
3 16 -15.408 12.989 5.727 -14.603 15.413 5.053 -16.508 11.701 1.312
3 16 -16.508 11.701 1.312 -15.781 13.243 -.862 -15.872 8.297 -5.445
3 16 -15.872 8.297 -5.445 -15.781 13.243 -.862 -14.977 10.898 -5.57
3 16 -14.59 6.614 -8.158 -15.872 8.297 -5.445 -14.44 10.115 -6.952
3 16 -14.977 10.898 -5.57 -14.44 10.115 -6.952 -15.872 8.297 -5.445
3 16 -13.527 9.07 -8.63 -13.194 8.757 -9.07 -14.59 6.614 -8.158
3 16 -13.194 8.757 -9.07 -12.146 4.375 -11.358 -14.59 6.614 -8.158
3 16 -12.146 4.375 -11.358 -11.561 7.38 -11.046 -5.92 2.075 -15.131
3 16 -5.92 2.075 -15.131 -11.561 7.38 -11.046 -6.52 4.831 -14.364
3 16 -5.92 2.075 -15.131 -5.723 4.922 -14.306 -4.969 4.278 -14.982
3 16 5.716 4.817 -14.413 7.031 1.732 -14.459 .506 3.782 -15.498
3 16 .506 3.782 -15.498 7.031 1.732 -14.459 .102 1.918 -15.916
3 16 -2.849 1.477 -15.805 .102 1.918 -15.916 -2.841 -3.156 -15.01
3 16 -2.111 3.89 -15.428 -1.655 3.862 -15.462 -2.849 1.477 -15.805
3 16 -2.849 1.477 -15.805 -1.655 3.862 -15.462 .102 1.918 -15.916
3 16 7.436 5.366 -13.686 7.031 1.732 -14.459 6.753 5.387 -13.691
3 16 8.961 2.91 -13.491 9.407 6.242 -12.609 12.829 5.451 -10.378
3 16 12.829 5.451 -10.378 9.407 6.242 -12.609 12.14 8.053 -10.224
3 16 15.353 10.863 -5.539 16.152 8.402 -5.245 12.14 8.053 -10.224
3 16 16.152 8.402 -5.245 12.829 5.451 -10.378 12.14 8.053 -10.224
3 16 15.702 13.537 -.098 16.448 11.114 .547 15.353 10.863 -5.539
3 16 16.448 11.114 .547 16.152 8.402 -5.245 15.353 10.863 -5.539
3 16 15.277 14.776 3.268 15.473 13.039 6.022 15.702 13.537 -.098
3 16 15.473 13.039 6.022 16.448 11.114 .547 15.702 13.537 -.098
3 16 16.19 4.597 4.686 15.794 5.15 6.27 15.578 4.096 4.79
3 16 15.794 5.15 6.27 15.101 5.023 7.057 15.578 4.096 4.79
3 16 15.578 4.096 4.79 15.101 5.023 7.057 11.779 6.272 12.158
3 16 11.779 6.272 12.158 15.101 5.023 7.057 13.679 5.968 10.205
3 16 15.101 5.023 7.057 14.923 5.759 8.408 13.679 5.968 10.205
3 16 14.923 5.759 8.408 14.546 6.006 9.325 13.679 5.968 10.205
3 16 14.546 6.006 9.325 15.702 8.89 7.361 13.679 5.968 10.205
3 16 -7.889 7.791 15.106 -7.478 6.995 14.466 -6.832 7.927 15.599
3 16 -6.832 7.927 15.599 -7.478 6.995 14.466 -5.032 7.644 16.002
3 16 -7.478 6.995 14.466 -2.552 7.661 16.626 -5.032 7.644 16.002
3 16 -2.0588 7.4866 16.118 5.315 7.417 16.147 -2.552 7.661 16.626
3 16 -7.478 6.995 14.466 -2.0588 7.4866 16.118 -2.552 7.661 16.626
3 16 4.667 7.652 16.503 -2.552 7.661 16.626 5.315 7.417 16.147
3 16 -4.704 8.201 16.59 -5.032 7.644 16.002 -4.024 8.103 16.833
3 16 -4.024 8.103 16.833 -5.032 7.644 16.002 -2.552 7.661 16.626
3 16 -2.552 7.661 16.626 4.667 7.652 16.503 3.171 8.055 17.269
3 16 3.171 8.055 17.269 -1.628 8.052 17.287 -2.552 7.661 16.626
3 16 -2.552 7.661 16.626 -4.844 10.676 16.731 -4.024 8.103 16.833
3 16 -10.156 7.408 13.422 -10.323 6.339 12.325 -7.889 7.791 15.106
3 16 -10.323 6.339 12.325 -7.478 6.995 14.466 -7.889 7.791 15.106
3 16 -15.196 1.962 .029 -13.673 3.934 7.235 -16.18 3.364 1.338
3 16 -13.673 3.934 7.235 -14.704 4.907 6.698 -16.18 3.364 1.338
3 16 -16.18 3.364 1.338 -16.195 2.381 -.895 -15.196 1.962 .029
3 16 -15.343 1.358 -1.619 -15.196 1.962 .029 -16.195 2.381 -.895
3 16 -15.196 1.962 .029 -15.343 1.358 -1.619 -14.678 .12 -3.65
3 16 -15.343 1.358 -1.619 -15.794 1.19 -3.143 -14.678 .12 -3.65
3 16 -15.794 1.19 -3.143 -15.533 .688 -4.025 -14.678 .12 -3.65
3 16 -15.533 .688 -4.025 -12.927 -1.719 -8.021 -14.678 .12 -3.65
3 16 -11.597 -2.467 -8.295 -11.51 -2.545 -8.051 -12.927 -1.719 -8.021
3 16 -11.51 -2.545 -8.051 -14.678 .12 -3.65 -12.927 -1.719 -8.021
3 16 -11.597 -2.467 -8.295 -12.927 -1.719 -8.021 -13.111 .548 -9.234
3 16 -11.597 -2.467 -8.295 -13.111 .548 -9.234 -11.244 -2.72 -9.78
3 16 -7.636 -4.157 -11.448 -8.744 -3.691 -11.739 -8.995 -.973 -12.993
3 16 -2.743 -5.24 -14.087 -2.597 -5.273 -13.078 -6.771 -4.326 -12.799
3 16 -7.636 -4.157 -11.448 -6.771 -4.326 -12.799 -7.529 -4.284 -11.281
3 16 -7.529 -4.284 -11.281 -6.771 -4.326 -12.799 -2.597 -5.273 -13.078
3 16 -2.597 -5.273 -13.078 -2.743 -5.24 -14.087 2.638 -5.49 -13.337
3 16 2.638 -5.49 -13.337 -2.743 -5.24 -14.087 2.777 -5.374 -14.25
3 16 2.777 -5.374 -14.25 3.985 -5.256 -13.449 2.638 -5.49 -13.337
3 16 2.638 -5.49 -13.337 3.985 -5.256 -13.449 7.943 -4.427 -11.82
3 16 9.091 -3.873 -12.344 7.943 -4.427 -11.82 7.424 -4.35 -13.133
3 16 7.424 -4.35 -13.133 7.943 -4.427 -11.82 6.238 -4.828 -12.882
3 16 7.943 -4.427 -11.82 3.985 -5.256 -13.449 6.238 -4.828 -12.882
3 16 5.434 -4.962 -13.76 6.238 -4.828 -12.882 4.899 -5.051 -13.883
3 16 6.238 -4.828 -12.882 3.985 -5.256 -13.449 4.899 -5.051 -13.883
3 16 6.238 -4.828 -12.882 5.434 -4.962 -13.76 7.396 -2.447 -13.838
3 16 7.943 -4.427 -11.82 9.091 -3.873 -12.344 12.371 -2.356 -8.627
3 16 12.371 -2.356 -8.627 9.091 -3.873 -12.344 12.972 -1.969 -9.186
3 16 15.903 .965 -3.442 15.157 .522 -3.178 12.972 -1.969 -9.186
3 16 15.157 .522 -3.178 12.371 -2.356 -8.627 12.972 -1.969 -9.186
3 16 16.19 4.597 4.686 15.578 4.096 4.79 16.387 3.73 2.583
3 16 16.387 3.73 2.583 15.578 4.096 4.79 16.059 2.734 .749
3 16 15.804 1.788 -1.082 16.059 2.734 .749 15.578 4.096 4.79
3 16 15.804 1.788 -1.082 15.578 4.096 4.79 15.157 .522 -3.178
3 16 16.181 1.898 -1.667 15.804 1.788 -1.082 15.903 .965 -3.442
3 16 15.804 1.788 -1.082 15.157 .522 -3.178 15.903 .965 -3.442
3 16 15.804 1.788 -1.082 16.735 5.123 -1.249 16.327 2.487 -.271
3 16 -13.111 .548 -9.234 -12.927 -1.719 -8.021 -16.062 3.169 -4.622
3 16 -15.533 .688 -4.025 -16.062 3.169 -4.622 -12.927 -1.719 -8.021
3 16 -16.675 4.661 -1.819 -16.195 2.381 -.895 -16.76 5.988 .901
3 16 -16.195 2.381 -.895 -16.18 3.364 1.338 -16.76 5.988 .901
3 16 -7.889 7.791 15.106 -8.206 10.458 15.224 -10.156 7.408 13.422
3 16 -10.156 7.408 13.422 -8.206 10.458 15.224 -10.743 9.951 13.67
3 16 -6.963 10.548 15.841 -8.206 10.458 15.224 -6.832 7.927 15.599
3 16 -8.206 10.458 15.224 -7.889 7.791 15.106 -6.832 7.927 15.599
3 16 9.776 10.971 14.849 5.814 11.426 16.785 7.817 7.938 15.859
3 16 7.817 7.938 15.859 5.814 11.426 16.785 6.011 7.916 16.493
3 16 16.387 3.73 2.583 16.84 6.235 1.025 16.19 4.597 4.686
3 16 16.19 4.597 4.686 16.84 6.235 1.025 16.264 7.576 5.591
3 16 16.19 4.597 4.686 16.264 7.576 5.591 15.794 5.15 6.27
3 16 16.735 5.123 -1.249 16.181 1.898 -1.667 16.366 3.422 -4.159
3 16 16.366 3.422 -4.159 16.181 1.898 -1.667 15.903 .965 -3.442
3 16 16.366 3.422 -4.159 15.903 .965 -3.442 13.241 .42 -9.845
3 16 15.903 .965 -3.442 12.972 -1.969 -9.186 13.241 .42 -9.845
3 16 9.091 -3.873 -12.344 9.256 -1.514 -12.986 12.972 -1.969 -9.186
3 16 13.241 .42 -9.845 12.972 -1.969 -9.186 9.256 -1.514 -12.986
3 16 4.899 -5.051 -13.883 4.176 -2.419 -15.019 5.434 -4.962 -13.76
3 16 4.176 -2.419 -15.019 7.396 -2.447 -13.838 5.434 -4.962 -13.76
3 16 4.176 -2.419 -15.019 2.777 -5.374 -14.25 -2.841 -3.156 -15.01
3 16 -2.743 -5.24 -14.087 -2.841 -3.156 -15.01 2.777 -5.374 -14.25
3 16 -8.995 -.973 -12.993 -2.841 -3.156 -15.01 -6.771 -4.326 -12.799
3 16 -2.743 -5.24 -14.087 -6.771 -4.326 -12.799 -2.841 -3.156 -15.01
3 16 -12.146 4.375 -11.358 -13.111 .548 -9.234 -14.59 6.614 -8.158
3 16 -13.111 .548 -9.234 -16.062 3.169 -4.622 -14.59 6.614 -8.158
3 16 -16.062 3.169 -4.622 -15.872 8.297 -5.445 -14.59 6.614 -8.158
3 16 -16.062 3.169 -4.622 -16.675 4.661 -1.819 -15.872 8.297 -5.445
3 16 -15.872 8.297 -5.445 -16.675 4.661 -1.819 -16.508 11.701 1.312
3 16 -16.675 4.661 -1.819 -16.76 5.988 .901 -16.508 11.701 1.312
3 16 -12.585 13.251 11.751 -10.743 9.951 13.67 -8.223 15.384 14.414
3 16 -10.743 9.951 13.67 -8.206 10.458 15.224 -8.223 15.384 14.414
3 16 -8.223 15.384 14.414 -12.695 14.749 10.76 -12.585 13.251 11.751
3 16 -12.695 14.749 10.76 -14.179 13.22 9.062 -12.585 13.251 11.751
3 16 -8.206 10.458 15.224 -6.963 10.548 15.841 -8.223 15.384 14.414
3 16 -8.223 15.384 14.414 -6.963 10.548 15.841 -3.546 15.068 16.432
3 16 -6.963 10.548 15.841 -4.844 10.676 16.731 -3.546 15.068 16.432
3 16 5.848 15.232 15.949 3.169 14.691 16.859 5.814 11.426 16.785
3 16 -3.546 15.068 16.432 -4.844 10.676 16.731 -.776 15.099 16.858
3 16 -4.844 10.676 16.731 -1.628 8.052 17.287 5.814 11.426 16.785
3 16 3.169 14.691 16.859 -.776 15.099 16.858 -4.844 10.676 16.731
3 16 5.814 11.426 16.785 9.776 10.971 14.849 5.848 15.232 15.949
3 16 9.776 10.971 14.849 9.899 7.65 14.64 14.514 8.453 9.949
3 16 5.848 15.232 15.949 9.776 10.971 14.849 14.241 13.74 8.854
3 16 14.241 13.74 8.854 9.776 10.971 14.849 14.514 8.453 9.949
3 16 9.899 7.65 14.64 13.545 6.604 11.044 14.514 8.453 9.949
3 16 14.241 13.74 8.854 14.514 8.453 9.949 15.473 13.039 6.022
3 16 14.514 8.453 9.949 15.702 8.89 7.361 15.473 13.039 6.022
3 16 16.84 6.235 1.025 16.448 11.114 .547 16.264 7.576 5.591
3 16 16.264 7.576 5.591 16.448 11.114 .547 15.473 13.039 6.022
3 16 15.473 13.039 6.022 15.702 8.89 7.361 16.264 7.576 5.591
3 16 16.84 6.235 1.025 16.735 5.123 -1.249 16.448 11.114 .547
3 16 16.366 3.422 -4.159 16.152 8.402 -5.245 16.735 5.123 -1.249
3 16 16.448 11.114 .547 16.735 5.123 -1.249 16.152 8.402 -5.245
3 16 16.152 8.402 -5.245 16.366 3.422 -4.159 12.829 5.451 -10.378
3 16 16.366 3.422 -4.159 13.241 .42 -9.845 12.829 5.451 -10.378
3 16 12.829 5.451 -10.378 13.241 .42 -9.845 8.961 2.91 -13.491
3 16 13.241 .42 -9.845 9.256 -1.514 -12.986 8.961 2.91 -13.491
3 16 -13.111 .548 -9.234 -12.146 4.375 -11.358 -11.157 -1.037 -11.008
3 16 -11.157 -1.037 -11.008 -12.146 4.375 -11.358 -8.995 -.973 -12.993
3 16 -12.146 4.375 -11.358 -5.92 2.075 -15.131 -8.995 -.973 -12.993
3 16 -8.995 -.973 -12.993 -5.92 2.075 -15.131 -2.841 -3.156 -15.01
3 16 -5.92 2.075 -15.131 -2.849 1.477 -15.805 -2.841 -3.156 -15.01
3 16 -15.436 11.644 6.99 -15.408 12.989 5.727 -16.76 5.988 .901
3 16 -15.408 12.989 5.727 -16.508 11.701 1.312 -16.76 5.988 .901
3 16 -16.76 5.988 .901 -15.979 7.89 5.958 -15.436 11.644 6.99
3 16 -12.695 14.749 10.76 -15.408 12.989 5.727 -14.179 13.22 9.062
3 16 -14.179 13.22 9.062 -15.408 12.989 5.727 -15.436 11.644 6.99
3 16 -20.354 5.029 12.239 -18.141 2.831 10.916 -17.662 2.749 12.417
3 16 -17.676 3.003 9.273 -18.141 2.831 10.916 -19.92 7.815 7.835
3 16 -19.92 7.815 7.835 -18.141 2.831 10.916 -21.56 7.95 10.931
3 16 -18.141 2.831 10.916 -20.354 5.029 12.239 -21.56 7.95 10.931
3 16 -13.673 3.934 7.235 -15.648 3.572 7.811 -14.704 4.907 6.698
3 16 -15.024 3.081 14.311 -17.19 5.083 15.916 -16.599 2.856 13.799
3 16 -17.19 5.083 15.916 -18.224 4.325 14.777 -16.599 2.856 13.799
3 16 -18.224 4.325 14.777 -17.662 2.749 12.417 -16.599 2.856 13.799
3 16 -18.224 4.325 14.777 -20.354 5.029 12.239 -17.662 2.749 12.417
3 16 -19.92 7.815 7.835 -15.979 7.89 5.958 -17.676 3.003 9.273
3 16 -17.676 3.003 9.273 -15.979 7.89 5.958 -15.648 3.572 7.811
3 16 -14.704 4.907 6.698 -15.648 3.572 7.811 -15.979 7.89 5.958
3 16 -14.704 4.907 6.698 -15.979 7.89 5.958 -16.18 3.364 1.338
3 16 -15.979 7.89 5.958 -16.76 5.988 .901 -16.18 3.364 1.338
3 16 -15.533 .688 -4.025 -15.794 1.19 -3.143 -16.062 3.169 -4.622
3 16 -15.794 1.19 -3.143 -16.675 4.661 -1.819 -16.062 3.169 -4.622
3 16 -3.916 17.769 14.301 -.94 17.921 15.087 -2.326 17.364 13.05
3 16 -2.326 17.364 13.05 -6.696 17.056 11.467 -3.916 17.769 14.301
3 16 -3.916 17.769 14.301 -6.696 17.056 11.467 -5.194 17.778 14.583
3 16 -5.194 17.778 14.583 -6.696 17.056 11.467 -7.894 17.568 13.44
3 16 -14.59 6.614 -8.158 -14.44 10.115 -6.952 -13.313 9.801 -7.545
3 16 -14.59 6.614 -8.158 -13.313 9.801 -7.545 -13.527 9.07 -8.63
3 16 -12.146 4.375 -11.358 -13.194 8.757 -9.07 -12.604 8.911 -8.871
3 16 -16.508 11.701 1.312 -15.446 14.56 2.42 -14.811 13.975 .84
3 16 -16.508 11.701 1.312 -14.811 13.975 .84 -15.781 13.243 -.862
3 16 -12.604 8.911 -8.871 -11.561 7.38 -11.046 -12.146 4.375 -11.358
3 16 -15.343 1.358 -1.619 -16.675 4.661 -1.819 -15.794 1.19 -3.143
3 16 -15.343 1.358 -1.619 -16.195 2.381 -.895 -16.675 4.661 -1.819
3 16 -11.157 -1.037 -11.008 -10.729 -2.948 -10.284 -13.111 .548 -9.234
3 16 -10.729 -2.948 -10.284 -11.244 -2.72 -9.78 -13.111 .548 -9.234
3 16 -7.529 -4.284 -11.281 -11.51 -2.545 -8.051 -9.525 -3.461 -10.119
3 16 -7.636 -4.157 -11.448 -7.529 -4.284 -11.281 -9.525 -3.461 -10.119
3 16 -10.729 -2.948 -10.284 -9.525 -3.461 -10.119 -11.244 -2.72 -9.78
3 16 -11.244 -2.72 -9.78 -9.525 -3.461 -10.119 -11.597 -2.467 -8.295
3 16 -9.525 -3.461 -10.119 -11.51 -2.545 -8.051 -11.597 -2.467 -8.295
3 16 -8.744 -3.691 -11.739 -7.636 -4.157 -11.448 -9.181 -3.551 -11.45
3 16 -9.525 -3.461 -10.119 -9.181 -3.551 -11.45 -7.636 -4.157 -11.448
3 16 -7.636 -4.157 -11.448 -8.995 -.973 -12.993 -6.771 -4.326 -12.799
3 16 -8.744 -3.691 -11.739 -9.181 -3.551 -11.45 -8.995 -.973 -12.993
3 16 -9.181 -3.551 -11.45 -11.157 -1.037 -11.008 -8.995 -.973 -12.993
3 16 -9.525 -3.461 -10.119 -10.729 -2.948 -10.284 -11.157 -1.037 -11.008
3 16 -9.525 -3.461 -10.119 -11.157 -1.037 -11.008 -9.181 -3.551 -11.45
3 16 3.985 -5.256 -13.449 2.777 -5.374 -14.25 4.176 -2.419 -15.019
3 16 -5.92 2.075 -15.131 -6.52 4.831 -14.364 -5.723 4.922 -14.306
3 16 -4.969 4.278 -14.982 -4.25 4.162 -15.09 -5.92 2.075 -15.131
3 16 -4.25 4.162 -15.09 -2.849 1.477 -15.805 -5.92 2.075 -15.131
3 16 -2.849 1.477 -15.805 -4.25 4.162 -15.09 -3.27 5.076 -14.092
3 16 -2.849 1.477 -15.805 -3.27 5.076 -14.092 -2.111 3.89 -15.428
3 16 -1.52 4.712 -14.535 .506 3.782 -15.498 .102 1.918 -15.916
3 16 .102 1.918 -15.916 -1.655 3.862 -15.462 -1.52 4.712 -14.535
3 16 7.848 5.508 -13.509 8.961 2.91 -13.491 7.436 5.366 -13.686
3 16 8.961 2.91 -13.491 7.031 1.732 -14.459 7.436 5.366 -13.686
3 16 7.031 1.732 -14.459 5.716 4.817 -14.413 6.753 5.387 -13.691
3 16 8.961 2.91 -13.491 8.522 6.087 -12.823 9.407 6.242 -12.609
3 16 8.522 6.087 -12.823 8.961 2.91 -13.491 7.848 5.508 -13.509
3 16 3.985 -5.256 -13.449 4.176 -2.419 -15.019 4.899 -5.051 -13.883
3 16 8.961 2.91 -13.491 9.256 -1.514 -12.986 7.031 1.732 -14.459
3 16 7.031 1.732 -14.459 9.256 -1.514 -12.986 7.396 -2.447 -13.838
3 16 7.396 -2.447 -13.838 4.176 -2.419 -15.019 7.031 1.732 -14.459
3 16 .102 1.918 -15.916 7.031 1.732 -14.459 4.176 -2.419 -15.019
3 16 .102 1.918 -15.916 4.176 -2.419 -15.019 -2.841 -3.156 -15.01
3 16 9.256 -1.514 -12.986 9.091 -3.873 -12.344 7.396 -2.447 -13.838
3 16 7.424 -4.35 -13.133 7.396 -2.447 -13.838 9.091 -3.873 -12.344
3 16 6.238 -4.828 -12.882 7.396 -2.447 -13.838 7.424 -4.35 -13.133
3 16 16.059 2.734 .749 16.347 2.801 .351 16.84 6.235 1.025
3 16 16.059 2.734 .749 16.84 6.235 1.025 16.387 3.73 2.583
3 16 16.327 2.487 -.271 16.735 5.123 -1.249 16.347 2.801 .351
3 16 16.347 2.801 .351 16.735 5.123 -1.249 16.84 6.235 1.025
3 16 15.804 1.788 -1.082 16.181 1.898 -1.667 16.735 5.123 -1.249
3 16 15.101 5.023 7.057 15.794 5.15 6.27 16.264 7.576 5.591
3 16 15.101 5.023 7.057 16.264 7.576 5.591 14.923 5.759 8.408
3 16 14.923 5.759 8.408 16.264 7.576 5.591 14.546 6.006 9.325
3 16 14.546 6.006 9.325 16.264 7.576 5.591 15.702 8.89 7.361
3 16 13.679 5.968 10.205 15.702 8.89 7.361 13.545 6.604 11.044
3 16 15.702 8.89 7.361 14.514 8.453 9.949 13.545 6.604 11.044
3 16 4.667 7.652 16.503 5.814 11.426 16.785 3.171 8.055 17.269
3 16 -4.024 8.103 16.833 -4.844 10.676 16.731 -4.704 8.201 16.59
3 16 -4.844 10.676 16.731 -6.963 10.548 15.841 -4.704 8.201 16.59
3 16 -5.032 7.644 16.002 -6.963 10.548 15.841 -6.832 7.927 15.599
3 16 13.192 16.442 8.54 14.241 13.74 8.854 13.576 16.219 7.843
3 16 14.241 13.74 8.854 15.473 13.039 6.022 13.576 16.219 7.843
3 16 15.473 13.039 6.022 13.389 15.598 5.457 13.576 16.219 7.843
3 16 14.241 13.74 8.854 13.192 16.442 8.54 11.972 16.571 8.974
3 16 5.848 15.232 15.949 5.582 17.833 14.739 4.458 17.822 14.414
3 16 5.848 15.232 15.949 4.458 17.822 14.414 3.881 17.915 15.23
3 16 3.169 14.691 16.859 3.035 17.965 15.412 1.473 17.874 14.787
3 16 3.169 14.691 16.859 1.473 17.874 14.787 .77 17.999 15.531
3 16 14.241 13.74 8.854 11.972 16.571 8.974 11.525 16.982 10.792
3 16 -.776 15.099 16.858 -.94 17.921 15.087 -1.934 17.992 15.286
3 16 -.009 18.011 15.573 -.94 17.921 15.087 -.776 15.099 16.858
3 16 -3.546 15.068 16.432 -2.809 17.922 15.193 -3.916 17.769 14.301
3 16 -3.546 15.068 16.432 -3.916 17.769 14.301 -5.194 17.778 14.583
3 16 14.241 13.74 8.854 11.525 16.982 10.792 5.848 15.232 15.949
3 16 5.582 17.833 14.739 5.848 15.232 15.949 11.525 16.982 10.792
3 16 -4.704 8.201 16.59 -6.963 10.548 15.841 -5.032 7.644 16.002
3 16 -2.552 7.661 16.626 -1.628 8.052 17.287 -4.844 10.676 16.731
3 16 4.667 7.652 16.503 6.011 7.916 16.493 5.814 11.426 16.785
3 16 8.553 7.429 15.007 9.776 10.971 14.849 7.817 7.938 15.859
3 16 8.553 7.429 15.007 9.899 7.65 14.64 9.776 10.971 14.849
3 16 3.171 8.055 17.269 5.814 11.426 16.785 -1.628 8.052 17.287
3 16 5.814 11.426 16.785 3.169 14.691 16.859 -4.844 10.676 16.731
3 16 16.347 2.801 .351 16.059 2.734 .749 16.327 2.487 -.271
3 16 16.059 2.734 .749 15.804 1.788 -1.082 16.327 2.487 -.271
3 16 13.679 5.968 10.205 13.545 6.604 11.044 11.779 6.272 12.158
3 16 13.545 6.604 11.044 9.899 7.65 14.64 11.779 6.272 12.158
3 16 4.667 7.652 16.503 5.315 7.417 16.147 6.011 7.916 16.493
3 16 6.011 7.916 16.493 5.315 7.417 16.147 8.553 7.429 15.007
3 16 9.899 7.65 14.64 8.553 7.429 15.007 11.779 6.272 12.158
3 16 5.315 7.417 16.147 11.779 6.272 12.158 8.553 7.429 15.007
3 16 8.553 7.429 15.007 7.817 7.938 15.859 6.011 7.916 16.493
3 16 -14.44 10.115 -6.952 -14.977 10.898 -5.57 -13.313 9.801 -7.545
3 16 -13.313 9.801 -7.545 -14.977 10.898 -5.57 -12.585 11.246 -4.637
3 16 -12.585 11.246 -4.637 -8.609 7.75 -10.289 -13.313 9.801 -7.545
3 16 -4.581 5.979 -12.604 -5.723 4.922 -14.306 -8.609 7.75 -10.289
3 16 -5.723 4.922 -14.306 -6.52 4.831 -14.364 -8.609 7.75 -10.289
3 16 -6.52 4.831 -14.364 -11.561 7.38 -11.046 -8.609 7.75 -10.289
3 16 -11.561 7.38 -11.046 -12.604 8.911 -8.871 -8.609 7.75 -10.289
3 16 -13.194 8.757 -9.07 -13.527 9.07 -8.63 -12.604 8.911 -8.871
3 16 -13.527 9.07 -8.63 -13.313 9.801 -7.545 -12.604 8.911 -8.871
3 16 -12.604 8.911 -8.871 -13.313 9.801 -7.545 -8.609 7.75 -10.289
3 16 0 5.235 -13.408 -1.52 4.712 -14.535 -4.581 5.979 -12.604
3 16 -1.52 4.712 -14.535 -3.27 5.076 -14.092 -4.581 5.979 -12.604
3 16 -4.581 5.979 -12.604 -3.27 5.076 -14.092 -5.723 4.922 -14.306
3 16 -4.969 4.278 -14.982 -5.723 4.922 -14.306 -4.25 4.162 -15.09
3 16 -5.723 4.922 -14.306 -3.27 5.076 -14.092 -4.25 4.162 -15.09
3 16 12.585 15.128 4.482 10.26 16.392 8.491 13.389 15.598 5.457
3 16 13.389 15.598 5.457 10.26 16.392 8.491 13.576 16.219 7.843
3 16 13.576 16.219 7.843 10.26 16.392 8.491 13.192 16.442 8.54
3 16 10.26 16.392 8.491 11.972 16.571 8.974 13.192 16.442 8.54
3 16 3.881 17.915 15.23 4.458 17.822 14.414 1.473 17.874 14.787
3 16 3.035 17.965 15.412 3.881 17.915 15.23 1.473 17.874 14.787
3 16 4.458 17.822 14.414 4.581 17.301 12.449 1.1622 17.3322 13.148
3 16 1.1622 17.3322 13.148 1.473 17.874 14.787 4.458 17.822 14.414
5 24 1.1622 17.3322 13.148 4.458 17.822 14.414 4.581 17.301 12.449 1.473 17.874 14.787
3 16 .77 17.999 15.531 1.473 17.874 14.787 -.009 18.011 15.573
3 16 -.94 17.921 15.087 -.009 18.011 15.573 1.473 17.874 14.787
3 16 1.1622 17.3322 13.148 -2.326 17.364 13.05 -.94 17.921 15.087
3 16 -.94 17.921 15.087 1.473 17.874 14.787 1.1622 17.3322 13.148
5 24 -.94 17.921 15.087 1.1622 17.3322 13.148 -2.326 17.364 13.05 1.473 17.874 14.787
3 16 -1.934 17.992 15.286 -.94 17.921 15.087 -2.809 17.922 15.193
3 16 -2.809 17.922 15.193 -.94 17.921 15.087 -3.916 17.769 14.301
3 16 -12.952 6.984 16.162 -10.156 7.408 13.422 -12.876 10.163 16.263
3 16 -10.156 7.408 13.422 -10.743 9.951 13.67 -12.876 10.163 16.263
3 16 -19.588 7.505 15.688 -17.19 5.083 15.916 -19.323 8.175 16.031
3 16 -17.19 5.083 15.916 -16.31 7.433 17.033 -19.323 8.175 16.031
3 16 -17.19 5.083 15.916 -15.024 3.081 14.311 -16.31 7.433 17.033
3 16 -13.921 3.237 14.096 -12.952 6.984 16.162 -15.024 3.081 14.311
3 16 -12.952 6.984 16.162 -16.31 7.433 17.033 -15.024 3.081 14.311
3 16 -10.156 7.408 13.422 -13.921 3.237 14.096 -10.323 6.339 12.325
3 16 -13.921 3.237 14.096 -11.502 4.006 11.299 -10.323 6.339 12.325
3 16 -12.952 6.984 16.162 -13.921 3.237 14.096 -10.156 7.408 13.422
2 24 -10.743 9.951 13.67 -12.585 13.251 11.751
2 24 -15.436 11.644 6.99 -15.979 7.89 5.958
2 24 -14.179 13.22 9.062 -15.436 11.644 6.99
2 24 -12.585 13.251 11.751 -14.179 13.22 9.062
2 24 10.26 16.392 8.491 12.585 15.128 4.482
2 24 4.581 17.301 12.449 10.26 16.392 8.491
2 24 1.1622 17.3322 13.148 4.581 17.301 12.449
2 24 -2.326 17.364 13.05 1.1622 17.3322 13.148
2 24 -6.696 17.056 11.467 -2.326 17.364 13.05
2 24 -10.26 16.368 8.491 -6.696 17.056 11.467
2 24 -12.585 15.096 4.482 -10.26 16.368 8.491
2 24 -13.393 13.478 -.077 -12.585 15.096 4.482
2 24 -12.585 11.246 -4.637 -13.393 13.478 -.077
2 24 -8.609 7.75 -10.289 -12.585 11.246 -4.637
2 24 -4.581 5.979 -12.604 -8.609 7.75 -10.289
2 24 0 5.235 -13.408 -4.581 5.979 -12.604
2 24 4.581 5.957 -12.604 0 5.235 -13.408
2 24 10.26 8.935 -8.646 4.581 5.957 -12.604
2 24 12.585 11.249 -4.637 10.26 8.935 -8.646
2 24 13.393 13.461 -.077 12.585 11.249 -4.637
2 24 12.585 15.128 4.482 13.393 13.461 -.077
2 24 11.525 16.982 10.792 11.972 16.571 8.974
2 24 4.458 17.822 14.414 5.582 17.833 14.739
2 24 5.582 17.833 14.739 11.525 16.982 10.792
2 24 -11.971 16.766 9.815 -7.894 17.568 13.44
2 24 -14.603 15.413 5.053 -11.971 16.766 9.815
2 24 -14.977 10.898 -5.57 -15.781 13.243 -.862
2 24 -15.781 13.243 -.862 -14.811 13.975 .84
2 24 -14.811 13.975 .84 -15.446 14.56 2.42
2 24 -15.446 14.56 2.42 -14.603 15.413 5.053
2 24 -1.52 4.712 -14.535 -1.655 3.862 -15.462
2 24 -1.655 3.862 -15.462 -2.111 3.89 -15.428
2 24 -2.111 3.89 -15.428 -3.27 5.076 -14.092
2 24 .506 3.782 -15.498 -1.52 4.712 -14.535
2 24 5.716 4.817 -14.413 .506 3.782 -15.498
2 24 6.753 5.387 -13.691 5.716 4.817 -14.413
2 24 7.436 5.366 -13.686 6.753 5.387 -13.691
2 24 7.848 5.508 -13.509 7.436 5.366 -13.686
2 24 8.522 6.087 -12.823 7.848 5.508 -13.509
2 24 9.407 6.242 -12.609 8.522 6.087 -12.823
2 24 12.14 8.053 -10.224 9.407 6.242 -12.609
2 24 15.353 10.863 -5.539 12.14 8.053 -10.224
2 24 15.702 13.537 -.098 15.353 10.863 -5.539
2 24 13.389 15.598 5.457 15.277 14.776 3.268
2 24 15.277 14.776 3.268 15.702 13.537 -.098
2 24 15.473 13.039 6.022 15.277 14.776 3.268
2 24 13.389 15.598 5.457 15.473 13.039 6.022
2 24 5.848 15.232 15.949 3.881 17.915 15.23
2 24 3.881 17.915 15.23 3.035 17.965 15.412
2 24 3.035 17.965 15.412 3.169 14.691 16.859
2 24 -.009 18.011 15.573 -.776 15.099 16.858
2 24 .77 17.999 15.531 -.009 18.011 15.573
2 24 3.169 14.691 16.859 .77 17.999 15.531
2 24 -2.809 17.922 15.193 -3.546 15.068 16.432
2 24 -1.934 17.992 15.286 -2.809 17.922 15.193
2 24 -.776 15.099 16.858 -1.934 17.992 15.286
2 24 -3.546 15.068 16.432 -5.194 17.778 14.583
2 24 -5.194 17.778 14.583 -7.894 17.568 13.44
2 24 -15.446 14.56 2.42 -16.508 11.701 1.312
2 24 -16.508 11.701 1.312 -15.781 13.243 -.862
2 24 -14.44 10.115 -6.952 -14.59 6.614 -8.158
2 24 -14.977 10.898 -5.57 -14.44 10.115 -6.952
2 24 -13.527 9.07 -8.63 -13.194 8.757 -9.07
2 24 -14.59 6.614 -8.158 -13.527 9.07 -8.63
2 24 -13.194 8.757 -9.07 -12.146 4.375 -11.358
2 24 -12.146 4.375 -11.358 -11.561 7.38 -11.046
2 24 -11.561 7.38 -11.046 -6.52 4.831 -14.364
2 24 -6.52 4.831 -14.364 -5.92 2.075 -15.131
2 24 -5.92 2.075 -15.131 -5.723 4.922 -14.306
2 24 -5.723 4.922 -14.306 -4.969 4.278 -14.982
2 24 -4.969 4.278 -14.982 -5.92 2.075 -15.131
2 24 5.716 4.817 -14.413 7.031 1.732 -14.459
2 24 .102 1.918 -15.916 .506 3.782 -15.498
2 24 -2.849 1.477 -15.805 -2.111 3.89 -15.428
2 24 -1.655 3.862 -15.462 .102 1.918 -15.916
2 24 7.436 5.366 -13.686 7.031 1.732 -14.459
2 24 7.031 1.732 -14.459 6.753 5.387 -13.691
2 24 8.961 2.91 -13.491 9.407 6.242 -12.609
2 24 16.19 4.597 4.686 15.794 5.15 6.27
2 24 15.794 5.15 6.27 15.101 5.023 7.057
2 24 11.779 6.272 12.158 15.578 4.096 4.79
2 24 15.101 5.023 7.057 14.923 5.759 8.408
2 24 14.923 5.759 8.408 14.546 6.006 9.325
2 24 14.546 6.006 9.325 13.679 5.968 10.205
2 24 14.546 6.006 9.325 15.702 8.89 7.361
2 24 15.702 8.89 7.361 13.679 5.968 10.205
2 24 -6.832 7.927 15.599 -7.889 7.791 15.106
2 24 -5.032 7.644 16.002 -6.832 7.927 15.599
2 24 -2.0588 7.4866 16.118 5.315 7.417 16.147
2 24 -7.478 6.995 14.466 -2.0588 7.4866 16.118
2 24 -4.704 8.201 16.59 -5.032 7.644 16.002
2 24 -4.024 8.103 16.833 -4.704 8.201 16.59
2 24 -2.552 7.661 16.626 -4.024 8.103 16.833
2 24 4.667 7.652 16.503 3.171 8.055 17.269
2 24 3.171 8.055 17.269 -1.628 8.052 17.287
2 24 -1.628 8.052 17.287 -2.552 7.661 16.626
2 24 -2.552 7.661 16.626 -4.844 10.676 16.731
2 24 -4.844 10.676 16.731 -4.024 8.103 16.833
2 24 -10.156 7.408 13.422 -10.323 6.339 12.325
2 24 -7.889 7.791 15.106 -10.156 7.408 13.422
2 24 -10.323 6.339 12.325 -7.478 6.995 14.466
2 24 -15.196 1.962 .029 -13.673 3.934 7.235
2 24 -13.673 3.934 7.235 -14.704 4.907 6.698
2 24 -14.704 4.907 6.698 -16.18 3.364 1.338
2 24 -16.18 3.364 1.338 -16.195 2.381 -.895
2 24 -16.195 2.381 -.895 -15.343 1.358 -1.619
2 24 -14.678 .12 -3.65 -15.196 1.962 .029
2 24 -15.343 1.358 -1.619 -15.794 1.19 -3.143
2 24 -15.794 1.19 -3.143 -15.533 .688 -4.025
2 24 -15.533 .688 -4.025 -12.927 -1.719 -8.021
2 24 -12.927 -1.719 -8.021 -11.597 -2.467 -8.295
2 24 -11.51 -2.545 -8.051 -14.678 .12 -3.65
2 24 -12.927 -1.719 -8.021 -13.111 .548 -9.234
2 24 -13.111 .548 -9.234 -11.597 -2.467 -8.295
2 24 -13.111 .548 -9.234 -11.244 -2.72 -9.78
2 24 -11.244 -2.72 -9.78 -11.597 -2.467 -8.295
2 24 -7.636 -4.157 -11.448 -8.744 -3.691 -11.739
2 24 -8.744 -3.691 -11.739 -8.995 -.973 -12.993
2 24 -8.995 -.973 -12.993 -7.636 -4.157 -11.448
2 24 -6.771 -4.326 -12.799 -2.743 -5.24 -14.087
2 24 -7.636 -4.157 -11.448 -6.771 -4.326 -12.799
2 24 -2.597 -5.273 -13.078 -7.529 -4.284 -11.281
2 24 2.638 -5.49 -13.337 -2.597 -5.273 -13.078
2 24 -2.743 -5.24 -14.087 2.777 -5.374 -14.25
2 24 2.777 -5.374 -14.25 3.985 -5.256 -13.449
2 24 7.943 -4.427 -11.82 2.638 -5.49 -13.337
2 24 7.424 -4.35 -13.133 9.091 -3.873 -12.344
2 24 6.238 -4.828 -12.882 7.424 -4.35 -13.133
2 24 5.434 -4.962 -13.76 6.238 -4.828 -12.882
2 24 4.899 -5.051 -13.883 5.434 -4.962 -13.76
2 24 3.985 -5.256 -13.449 4.899 -5.051 -13.883
2 24 5.434 -4.962 -13.76 7.396 -2.447 -13.838
2 24 7.396 -2.447 -13.838 6.238 -4.828 -12.882
2 24 12.371 -2.356 -8.627 7.943 -4.427 -11.82
2 24 9.091 -3.873 -12.344 12.972 -1.969 -9.186
2 24 12.972 -1.969 -9.186 15.903 .965 -3.442
2 24 15.157 .522 -3.178 12.371 -2.356 -8.627
2 24 16.387 3.73 2.583 16.19 4.597 4.686
2 24 16.059 2.734 .749 16.387 3.73 2.583
2 24 15.578 4.096 4.79 15.157 .522 -3.178
2 24 16.181 1.898 -1.667 15.804 1.788 -1.082
2 24 15.903 .965 -3.442 16.181 1.898 -1.667
2 24 15.804 1.788 -1.082 16.735 5.123 -1.249
2 24 16.735 5.123 -1.249 16.327 2.487 -.271
2 24 16.327 2.487 -.271 15.804 1.788 -1.082
2 24 -16.675 4.661 -1.819 -16.195 2.381 -.895
2 24 -10.743 9.951 13.67 -10.156 7.408 13.422
2 24 -6.832 7.927 15.599 -6.963 10.548 15.841
2 24 7.817 7.938 15.859 9.776 10.971 14.849
2 24 5.814 11.426 16.785 6.011 7.916 16.493
2 24 6.011 7.916 16.493 7.817 7.938 15.859
2 24 16.387 3.73 2.583 16.84 6.235 1.025
2 24 16.264 7.576 5.591 15.794 5.15 6.27
2 24 16.735 5.123 -1.249 16.181 1.898 -1.667
2 24 4.899 -5.051 -13.883 4.176 -2.419 -15.019
2 24 4.176 -2.419 -15.019 2.777 -5.374 -14.25
2 24 -6.771 -4.326 -12.799 -8.995 -.973 -12.993
2 24 9.776 10.971 14.849 9.899 7.65 14.64
2 24 9.899 7.65 14.64 13.545 6.604 11.044
2 24 13.545 6.604 11.044 14.514 8.453 9.949
2 24 14.514 8.453 9.949 15.702 8.89 7.361
2 24 -18.141 2.831 10.916 -17.662 2.749 12.417
2 24 -17.676 3.003 9.273 -18.141 2.831 10.916
2 24 -13.673 3.934 7.235 -15.648 3.572 7.811
2 24 -16.599 2.856 13.799 -15.024 3.081 14.311
2 24 -17.662 2.749 12.417 -16.599 2.856 13.799
2 24 -15.648 3.572 7.811 -17.676 3.003 9.273
2 24 -15.979 7.89 5.958 -14.704 4.907 6.698
2 24 -15.794 1.19 -3.143 -16.675 4.661 -1.819
2 24 -5.194 17.778 14.583 -3.916 17.769 14.301
2 24 -14.44 10.115 -6.952 -13.313 9.801 -7.545
2 24 -13.313 9.801 -7.545 -14.59 6.614 -8.158
2 24 -13.313 9.801 -7.545 -13.527 9.07 -8.63
2 24 -13.194 8.757 -9.07 -12.604 8.911 -8.871
2 24 -12.604 8.911 -8.871 -12.146 4.375 -11.358
2 24 -14.811 13.975 .84 -16.508 11.701 1.312
2 24 -12.604 8.911 -8.871 -11.561 7.38 -11.046
2 24 -15.343 1.358 -1.619 -16.675 4.661 -1.819
2 24 -11.157 -1.037 -11.008 -10.729 -2.948 -10.284
2 24 -10.729 -2.948 -10.284 -11.244 -2.72 -9.78
2 24 -7.529 -4.284 -11.281 -11.51 -2.545 -8.051
2 24 -10.729 -2.948 -10.284 -9.525 -3.461 -10.119
2 24 -9.181 -3.551 -11.45 -8.744 -3.691 -11.739
2 24 -9.525 -3.461 -10.119 -9.181 -3.551 -11.45
2 24 -9.181 -3.551 -11.45 -11.157 -1.037 -11.008
2 24 -11.157 -1.037 -11.008 -9.525 -3.461 -10.119
2 24 4.176 -2.419 -15.019 3.985 -5.256 -13.449
2 24 -6.52 4.831 -14.364 -5.723 4.922 -14.306
2 24 -4.969 4.278 -14.982 -4.25 4.162 -15.09
2 24 -4.25 4.162 -15.09 -2.849 1.477 -15.805
2 24 -4.25 4.162 -15.09 -3.27 5.076 -14.092
2 24 -3.27 5.076 -14.092 -2.849 1.477 -15.805
2 24 .102 1.918 -15.916 -1.52 4.712 -14.535
2 24 7.848 5.508 -13.509 8.961 2.91 -13.491
2 24 8.961 2.91 -13.491 8.522 6.087 -12.823
2 24 7.424 -4.35 -13.133 7.396 -2.447 -13.838
2 24 16.059 2.734 .749 16.347 2.801 .351
2 24 16.347 2.801 .351 16.84 6.235 1.025
2 24 16.84 6.235 1.025 16.059 2.734 .749
2 24 16.347 2.801 .351 16.327 2.487 -.271
2 24 16.264 7.576 5.591 15.101 5.023 7.057
2 24 16.264 7.576 5.591 14.923 5.759 8.408
2 24 13.545 6.604 11.044 13.679 5.968 10.205
2 24 4.667 7.652 16.503 5.814 11.426 16.785
2 24 5.814 11.426 16.785 3.171 8.055 17.269
2 24 -6.963 10.548 15.841 -4.704 8.201 16.59
2 24 13.192 16.442 8.54 14.241 13.74 8.854
2 24 13.576 16.219 7.843 13.192 16.442 8.54
2 24 15.473 13.039 6.022 13.576 16.219 7.843
2 24 13.389 15.598 5.457 13.576 16.219 7.843
2 24 13.192 16.442 8.54 11.972 16.571 8.974
2 24 11.972 16.571 8.974 14.241 13.74 8.854
2 24 5.848 15.232 15.949 5.582 17.833 14.739
2 24 4.458 17.822 14.414 5.848 15.232 15.949
2 24 4.458 17.822 14.414 3.881 17.915 15.23
2 24 3.035 17.965 15.412 1.473 17.874 14.787
2 24 1.473 17.874 14.787 3.169 14.691 16.859
2 24 1.473 17.874 14.787 .77 17.999 15.531
2 24 11.525 16.982 10.792 14.241 13.74 8.854
2 24 -.776 15.099 16.858 -.94 17.921 15.087
2 24 -.94 17.921 15.087 -1.934 17.992 15.286
2 24 -.009 18.011 15.573 -.94 17.921 15.087
2 24 -2.809 17.922 15.193 -3.916 17.769 14.301
2 24 -3.916 17.769 14.301 -3.546 15.068 16.432
2 24 -1.628 8.052 17.287 -4.844 10.676 16.731
2 24 4.667 7.652 16.503 6.011 7.916 16.493
2 24 8.553 7.429 15.007 9.776 10.971 14.849
2 24 7.817 7.938 15.859 8.553 7.429 15.007
2 24 8.553 7.429 15.007 9.899 7.65 14.64
2 24 5.315 7.417 16.147 11.779 6.272 12.158
2 24 -15.024 3.081 14.311 -13.921 3.237 14.096
2 24 -13.921 3.237 14.096 -11.502 4.006 11.299
2 24 -11.502 4.006 11.299 -10.323 6.339 12.325

5 24 9.091 -3.873 -12.344 7.396 -2.447 -13.838 9.256 -1.514 -12.986 7.424 -4.35 -13.133
5 24 16.264 7.576 5.591 14.546 6.006 9.325 15.702 8.89 7.361 14.923 5.759 8.408
5 24 16.264 7.576 5.591 15.702 8.89 7.361 15.473 13.039 6.022 14.546 6.006 9.325
5 24 15.702 8.89 7.361 13.545 6.604 11.044 14.514 8.453 9.949 13.679 5.968 10.205
5 24 -4.844 10.676 16.731 -6.963 10.548 15.841 -3.546 15.068 16.432 -4.704 8.201 16.59
5 24 15.578 4.096 4.79 16.19 4.597 4.686 15.794 5.15 6.27 16.387 3.73 2.583
5 24 8.553 7.429 15.007 6.011 7.916 16.493 7.817 7.938 15.859 5.315 7.417 16.147
5 24 0 5.235 -13.408 0 1.7 -13.15 -4.581 5.979 -12.604 4.581 5.957 -12.604
5 24 15.702 13.537 -.098 15.473 13.039 6.022 16.448 11.114 .547 15.277 14.776 3.268
5 24 -11.971 16.766 9.815 -10.26 16.368 8.491 -6.696 17.056 11.467 -14.603 15.413 5.053
5 24 13.393 13.461 -.077 15.702 13.537 -.098 15.277 14.776 3.268 12.585 11.249 -4.637
5 24 -14.901 13.488 13.817 -17.1 13.787 11.206 -12.585 13.251 11.751 -19.452 12.517 13.532
5 24 5.032505 1.7 12.149285 1.1622 17.3322 13.148 0 1.7 13.15 4.581 17.301 12.449
5 24 16.366 3.422 -4.159 12.829 5.451 -10.378 13.241 .42 -9.845 16.152 8.402 -5.245
5 24 -9.525 -3.461 -10.119 -11.597 -2.467 -8.295 -11.244 -2.72 -9.78 -11.51 -2.545 -8.051
5 24 13.389 15.598 5.457 12.585 15.128 4.482 10.26 16.392 8.491 15.277 14.776 3.268
5 24 -9.525 -3.461 -10.119 -7.529 -4.284 -11.281 -7.636 -4.157 -11.448 -11.51 -2.545 -8.051
5 24 -4.704 8.201 16.59 -4.844 10.676 16.731 -6.963 10.548 15.841 -4.024 8.103 16.833
5 24 5.315 7.417 16.147 6.011 7.916 16.493 8.553 7.429 15.007 4.667 7.652 16.503
5 24 15.794 5.15 6.27 15.578 4.096 4.79 15.101 5.023 7.057 16.19 4.597 4.686
5 24 10.26 16.392 8.491 11.972 16.571 8.974 13.192 16.442 8.54 11.525 16.982 10.792
5 24 5.0325 1.7 -12.1493 4.581 5.957 -12.604 9.2984 1.7 -9.2984 0 1.7 -13.15
5 24 16.387 3.73 2.583 15.578 4.096 4.79 16.059 2.734 .749 16.19 4.597 4.686
5 24 -16.599 2.856 13.799 -18.224 4.325 14.777 -17.662 2.749 12.417 -17.19 5.083 15.916
5 24 10.26 16.392 8.491 13.192 16.442 8.54 11.972 16.571 8.974 13.576 16.219 7.843
5 24 -19.762 9.509 15.524 -20.212 9.55 14.973 -17.738 12.284 15.496 -20.135 8.437 15.234
5 24 -4.844 10.676 16.731 -.776 15.099 16.858 3.169 14.691 16.859 -3.546 15.068 16.432
5 24 -8.206 10.458 15.224 -10.743 9.951 13.67 -10.156 7.408 13.422 -8.223 15.384 14.414
5 24 5.032505 1.7 12.149285 4.581 17.301 12.449 1.1622 17.3322 13.148 9.2984 1.7 9.2984
5 24 12.149285 1.7 5.032505 12.585 15.128 4.482 10.26 16.392 8.491 13.15 1.7 0
5 24 3.881 17.915 15.23 3.169 14.691 16.859 3.035 17.965 15.412 5.848 15.232 15.949
5 24 -3.546 15.068 16.432 -4.844 10.676 16.731 -6.963 10.548 15.841 -.776 15.099 16.858
5 24 -17.1 13.787 11.206 -12.585 13.251 11.751 -14.179 13.22 9.062 -14.901 13.488 13.817
5 24 -15.408 12.989 5.727 -16.76 5.988 .901 -16.508 11.701 1.312 -15.436 11.644 6.99
5 24 -2.552 7.661 16.626 5.315 7.417 16.147 4.667 7.652 16.503 -2.0588 7.4866 16.118
5 24 -13.393 13.478 -.077 -13.15 1.7 0 -12.1493 1.7 -5.0325 -12.1493 1.7 5.0325
5 24 -18.224 4.325 14.777 -20.354 5.029 12.239 -17.662 2.749 12.417 -20.453 7.488 14.626
5 24 -4.581 5.979 -12.604 -5.723 4.922 -14.306 -3.27 5.076 -14.092 -8.609 7.75 -10.289
5 24 1.1622 17.3322 13.148 0 1.7 13.15 5.0325 1.7 12.1493 -2.326 17.364 13.05
5 24 15.804 1.788 -1.082 15.157 .522 -3.178 15.903 .965 -3.442 15.578 4.096 4.79
5 24 16.735 5.123 -1.249 16.152 8.402 -5.245 16.448 11.114 .547 16.366 3.422 -4.159
5 24 -7.894 17.568 13.44 -12.695 14.749 10.76 -11.971 16.766 9.815 -8.223 15.384 14.414
5 24 -18.224 4.325 14.777 -19.864 7.303 15.345 -20.453 7.488 14.626 -19.588 7.505 15.688
5 24 -20.135 8.437 15.234 -19.762 9.509 15.524 -19.348 8.813 16.016 -20.212 9.55 14.973
5 24 12.14 8.053 -10.224 10.26 8.935 -8.646 15.353 10.863 -5.539 8.522 6.087 -12.823
5 24 -15.436 11.644 6.99 -15.408 12.989 5.727 -14.179 13.22 9.062 -16.76 5.988 .901
5 24 -11.244 -2.72 -9.78 -9.525 -3.461 -10.119 -10.729 -2.948 -10.284 -11.597 -2.467 -8.295
5 24 -19.348 8.813 16.016 -16.31 7.433 17.033 -16.235 9.684 17.147 -19.323 8.175 16.031
5 24 -2.841 -3.156 -15.01 2.777 -5.374 -14.25 -2.743 -5.24 -14.087 4.176 -2.419 -15.019
5 24 15.702 13.537 -.098 16.448 11.114 .547 15.473 13.039 6.022 15.353 10.863 -5.539
5 24 -5.032505 1.7 12.149285 -6.696 17.056 11.467 -2.326 17.364 13.05 -9.2984 1.7 9.2984
5 24 14.514 8.453 9.949 15.473 13.039 6.022 15.702 8.89 7.361 14.241 13.74 8.854
5 24 15.101 5.023 7.057 13.679 5.968 10.205 14.923 5.759 8.408 11.779 6.272 12.158
5 24 -14.811 13.975 .84 -13.393 13.478 -.077 -12.585 15.096 4.482 -15.781 13.243 -.862
5 24 -8.609 7.75 -10.289 -13.313 9.801 -7.545 -12.585 11.246 -4.637 -12.604 8.911 -8.871
5 24 9.256 -1.514 -12.986 9.091 -3.873 -12.344 7.396 -2.447 -13.838 12.972 -1.969 -9.186
5 24 -18.141 2.831 10.916 -21.56 7.95 10.931 -20.354 5.029 12.239 -19.92 7.815 7.835
5 24 -12.1493 1.7 5.0325 -13.393 13.478 -.077 -13.15 1.7 0 -12.585 15.096 4.482
5 24 -8.995 -.973 -12.993 -9.181 -3.551 -11.45 -11.157 -1.037 -11.008 -8.744 -3.691 -11.739
5 24 -13.921 3.237 14.096 -10.156 7.408 13.422 -12.952 6.984 16.162 -10.323 6.339 12.325
5 24 0 5.235 -13.408 .506 3.782 -15.498 5.716 4.817 -14.413 -1.52 4.712 -14.535
5 24 2.777 -5.374 -14.25 2.638 -5.49 -13.337 3.985 -5.256 -13.449 -2.743 -5.24 -14.087
5 24 -16.76 5.988 .901 -16.18 3.364 1.338 -16.195 2.381 -.895 -15.979 7.89 5.958
5 24 -10.156 7.408 13.422 -12.876 10.163 16.263 -10.743 9.951 13.67 -12.952 6.984 16.162
5 24 6.753 5.387 -13.691 8.522 6.087 -12.823 7.848 5.508 -13.509 10.26 8.935 -8.646
5 24 -12.604 8.911 -8.871 -8.609 7.75 -10.289 -13.313 9.801 -7.545 -11.561 7.38 -11.046
5 24 -15.408 12.989 5.727 -11.971 16.766 9.815 -12.695 14.749 10.76 -14.603 15.413 5.053
5 24 -15.872 8.297 -5.445 -16.508 11.701 1.312 -15.781 13.243 -.862 -16.675 4.661 -1.819
5 24 12.371 -2.356 -8.627 9.091 -3.873 -12.344 7.943 -4.427 -11.82 12.972 -1.969 -9.186
5 24 -18.224 4.325 14.777 -17.662 2.749 12.417 -20.354 5.029 12.239 -16.599 2.856 13.799
5 24 5.848 15.232 15.949 11.525 16.982 10.792 5.582 17.833 14.739 14.241 13.74 8.854
5 24 -5.032 7.644 16.002 -6.963 10.548 15.841 -6.832 7.927 15.599 -4.704 8.201 16.59
5 24 14.241 13.74 8.854 13.576 16.219 7.843 15.473 13.039 6.022 13.192 16.442 8.54
5 24 14.241 13.74 8.854 15.473 13.039 6.022 13.576 16.219 7.843 14.514 8.453 9.949
5 24 -14.977 10.898 -5.57 -12.585 11.246 -4.637 -13.313 9.801 -7.545 -13.393 13.478 -.077
5 24 11.525 16.982 10.792 4.581 17.301 12.449 5.582 17.833 14.739 10.26 16.392 8.491
5 24 10.26 8.935 -8.646 12.149285 1.7 -5.032505 9.2984 1.7 -9.2984 12.585 11.249 -4.637
5 24 -7.636 -4.157 -11.448 -7.529 -4.284 -11.281 -9.525 -3.461 -10.119 -6.771 -4.326 -12.799
5 24 -10.323 6.339 12.325 -13.921 3.237 14.096 -11.502 4.006 11.299 -10.156 7.408 13.422
5 24 -16.508 11.701 1.312 -16.675 4.661 -1.819 -16.76 5.988 .901 -15.872 8.297 -5.445
5 24 -19.452 12.517 13.532 -20.212 9.55 14.973 -17.738 12.284 15.496 -20.602 9.207 14.485
5 24 16.152 8.402 -5.245 16.448 11.114 .547 16.735 5.123 -1.249 15.353 10.863 -5.539
5 24 3.171 8.055 17.269 -2.552 7.661 16.626 4.667 7.652 16.503 -1.628 8.052 17.287
5 24 4.458 17.822 14.414 4.581 17.301 12.449 5.582 17.833 14.739 1.1622 17.3322 13.148
5 24 -19.062 12.177 8.87 -17.1 13.787 11.206 -14.179 13.22 9.062 -20.928 11.264 11.748
5 24 15.473 13.039 6.022 16.264 7.576 5.591 15.702 8.89 7.361 16.448 11.114 .547
5 24 -12.927 -1.719 -8.021 -14.678 .12 -3.65 -11.51 -2.545 -8.051 -15.533 .688 -4.025
5 24 6.753 5.387 -13.691 10.26 8.935 -8.646 4.581 5.957 -12.604 8.522 6.087 -12.823
5 24 -.94 17.921 15.087 -2.326 17.364 13.05 -3.916 17.769 14.301 1.1622 17.3322 13.148
5 24 .102 1.918 -15.916 7.031 1.732 -14.459 4.176 -2.419 -15.019 .506 3.782 -15.498
5 24 -.94 17.921 15.087 1.473 17.874 14.787 1.1622 17.3322 13.148 -.009 18.011 15.573
5 24 -8.206 10.458 15.224 -6.832 7.927 15.599 -6.963 10.548 15.841 -7.889 7.791 15.106
5 24 -14.811 13.975 .84 -14.603 15.413 5.053 -15.446 14.56 2.42 -12.585 15.096 4.482
5 24 5.716 4.817 -14.413 0 5.235 -13.408 4.581 5.957 -12.604 .506 3.782 -15.498
5 24 15.277 14.776 3.268 12.585 15.128 4.482 13.393 13.461 -.077 13.389 15.598 5.457
5 24 -2.743 -5.24 -14.087 -2.841 -3.156 -15.01 -6.771 -4.326 -12.799 2.777 -5.374 -14.25
5 24 -18.141 2.831 10.916 -19.92 7.815 7.835 -17.676 3.003 9.273 -21.56 7.95 10.931
5 24 16.448 11.114 .547 16.735 5.123 -1.249 16.84 6.235 1.025 16.152 8.402 -5.245
5 24 -16.31 7.433 17.033 -17.19 5.083 15.916 -19.323 8.175 16.031 -15.024 3.081 14.311
5 24 -16.31 7.433 17.033 -16.235 9.684 17.147 -19.348 8.813 16.016 -12.952 6.984 16.162
5 24 10.26 16.392 8.491 12.149285 1.7 5.032505 12.585 15.128 4.482 9.2984 1.7 9.2984
5 24 15.473 13.039 6.022 15.702 8.89 7.361 16.264 7.576 5.591 14.514 8.453 9.949
5 24 -5.032505 1.7 12.149285 -2.326 17.364 13.05 0 1.7 13.15 -6.696 17.056 11.467
5 24 12.585 11.249 -4.637 13.15 1.7 0 12.1493 1.7 -5.0325 13.393 13.461 -.077
5 24 -19.452 12.517 13.532 -14.901 13.488 13.817 -17.1 13.787 11.206 -17.738 12.284 15.496
5 24 -15.408 12.989 5.727 -16.508 11.701 1.312 -16.76 5.988 .901 -14.603 15.413 5.053
5 24 9.776 10.971 14.849 5.814 11.426 16.785 5.848 15.232 15.949 7.817 7.938 15.859
5 24 -8.223 15.384 14.414 -8.206 10.458 15.224 -6.963 10.548 15.841 -10.743 9.951 13.67
5 24 8.961 2.91 -13.491 12.829 5.451 -10.378 9.407 6.242 -12.609 13.241 .42 -9.845
5 24 -20.212 9.55 14.973 -20.602 9.207 14.485 -19.452 12.517 13.532 -20.135 8.437 15.234
5 24 -15.343 1.358 -1.619 -14.678 .12 -3.65 -15.794 1.19 -3.143 -15.196 1.962 .029
5 24 -11.51 -2.545 -8.051 -9.525 -3.461 -10.119 -7.529 -4.284 -11.281 -11.597 -2.467 -8.295
5 24 1.473 17.874 14.787 1.1622 17.3322 13.148 -.94 17.921 15.087 4.458 17.822 14.414
5 24 -8.223 15.384 14.414 -7.894 17.568 13.44 -12.695 14.749 10.76 -5.194 17.778 14.583
5 24 -6.963 10.548 15.841 -8.223 15.384 14.414 -3.546 15.068 16.432 -8.206 10.458 15.224
5 24 .506 3.782 -15.498 7.031 1.732 -14.459 .102 1.918 -15.916 5.716 4.817 -14.413
5 24 -16.508 11.701 1.312 -16.76 5.988 .901 -16.675 4.661 -1.819 -15.408 12.989 5.727
5 24 -3.916 17.769 14.301 -2.326 17.364 13.05 -.94 17.921 15.087 -6.696 17.056 11.467
5 24 -16.235 9.684 17.147 -19.762 9.509 15.524 -17.738 12.284 15.496 -19.348 8.813 16.016
5 24 -10.743 9.951 13.67 -8.223 15.384 14.414 -8.206 10.458 15.224 -12.585 13.251 11.751
5 24 -2.552 7.661 16.626 -5.032 7.644 16.002 -4.024 8.103 16.833 -7.478 6.995 14.466
5 24 -7.478 6.995 14.466 -5.032 7.644 16.002 -2.552 7.661 16.626 -6.832 7.927 15.599
5 24 12.829 5.451 -10.378 16.152 8.402 -5.245 16.366 3.422 -4.159 12.14 8.053 -10.224
5 24 -8.223 15.384 14.414 -12.585 13.251 11.751 -10.743 9.951 13.67 -12.695 14.749 10.76
5 24 -16.235 9.684 17.147 -17.738 12.284 15.496 -19.762 9.509 15.524 -12.876 10.163 16.263
5 24 4.581 5.957 -12.604 0 1.7 -13.15 5.0325 1.7 -12.1493 0 5.235 -13.408
5 24 -17.19 5.083 15.916 -16.599 2.856 13.799 -18.224 4.325 14.777 -15.024 3.081 14.311
5 24 -6.696 17.056 11.467 -7.894 17.568 13.44 -5.194 17.778 14.583 -11.971 16.766 9.815
5 24 11.779 6.272 12.158 13.679 5.968 10.205 15.101 5.023 7.057 13.545 6.604 11.044
5 24 16.059 2.734 .749 16.327 2.487 -.271 15.804 1.788 -1.082 16.347 2.801 .351
5 24 -20.453 7.488 14.626 -18.224 4.325 14.777 -20.354 5.029 12.239 -19.864 7.303 15.345
5 24 12.972 -1.969 -9.186 9.256 -1.514 -12.986 13.241 .42 -9.845 9.091 -3.873 -12.344
5 24 16.84 6.235 1.025 16.19 4.597 4.686 16.264 7.576 5.591 16.387 3.73 2.583
5 24 10.26 16.392 8.491 11.525 16.982 10.792 4.581 17.301 12.449 11.972 16.571 8.974
5 24 -2.552 7.661 16.626 -7.478 6.995 14.466 -2.0588 7.4866 16.118 -5.032 7.644 16.002
5 24 -16.18 3.364 1.338 -15.196 1.962 .029 -16.195 2.381 -.895 -13.673 3.934 7.235
5 24 -12.952 6.984 16.162 -16.31 7.433 17.033 -15.024 3.081 14.311 -16.235 9.684 17.147
5 24 -20.135 8.437 15.234 -20.769 8.302 14.258 -20.602 9.207 14.485 -20.453 7.488 14.626
5 24 12.829 5.451 -10.378 12.14 8.053 -10.224 16.152 8.402 -5.245 9.407 6.242 -12.609
5 24 16.059 2.734 .749 15.804 1.788 -1.082 16.327 2.487 -.271 15.578 4.096 4.79
5 24 9.407 6.242 -12.609 12.829 5.451 -10.378 12.14 8.053 -10.224 8.961 2.91 -13.491
5 24 5.848 15.232 15.949 9.776 10.971 14.849 14.241 13.74 8.854 5.814 11.426 16.785
5 24 9.091 -3.873 -12.344 7.943 -4.427 -11.82 12.371 -2.356 -8.627 7.424 -4.35 -13.133
5 24 -16.31 7.433 17.033 -19.323 8.175 16.031 -19.348 8.813 16.016 -17.19 5.083 15.916
5 24 12.972 -1.969 -9.186 12.371 -2.356 -8.627 9.091 -3.873 -12.344 15.157 .522 -3.178
5 24 -16.062 3.169 -4.622 -14.59 6.614 -8.158 -15.872 8.297 -5.445 -13.111 .548 -9.234
5 24 5.814 11.426 16.785 -1.628 8.052 17.287 3.171 8.055 17.269 -4.844 10.676 16.731
5 24 4.667 7.652 16.503 5.315 7.417 16.147 -2.552 7.661 16.626 6.011 7.916 16.493
5 24 7.031 1.732 -14.459 9.256 -1.514 -12.986 8.961 2.91 -13.491 7.396 -2.447 -13.838
5 24 -2.841 -3.156 -15.01 .102 1.918 -15.916 4.176 -2.419 -15.019 -2.849 1.477 -15.805
5 24 -20.354 5.029 12.239 -21.56 7.95 10.931 -20.769 8.302 14.258 -18.141 2.831 10.916
5 24 16.366 3.422 -4.159 16.735 5.123 -1.249 16.152 8.402 -5.245 16.181 1.898 -1.667
5 24 -3.546 15.068 16.432 -.776 15.099 16.858 -1.934 17.992 15.286 -4.844 10.676 16.731
5 24 -19.92 7.815 7.835 -19.062 12.177 8.87 -15.436 11.644 6.99 -21.56 7.95 10.931
5 24 -12.146 4.375 -11.358 -14.59 6.614 -8.158 -13.194 8.757 -9.07 -13.111 .548 -9.234
5 24 16.735 5.123 -1.249 16.347 2.801 .351 16.84 6.235 1.025 16.327 2.487 -.271
5 24 13.393 13.461 -.077 13.15 1.7 0 12.585 15.128 4.482 12.585 11.249 -4.637
5 24 12.585 11.249 -4.637 15.702 13.537 -.098 13.393 13.461 -.077 15.353 10.863 -5.539
5 24 7.943 -4.427 -11.82 6.238 -4.828 -12.882 3.985 -5.256 -13.449 7.424 -4.35 -13.133
5 24 4.176 -2.419 -15.019 5.434 -4.962 -13.76 7.396 -2.447 -13.838 4.899 -5.051 -13.883
5 24 -15.196 1.962 .029 -16.195 2.381 -.895 -15.343 1.358 -1.619 -16.18 3.364 1.338
5 24 -20.212 9.55 14.973 -20.135 8.437 15.234 -19.762 9.509 15.524 -20.602 9.207 14.485
5 24 -12.585 15.096 4.482 -12.1493 1.7 5.0325 -13.393 13.478 -.077 -9.2984 1.7 9.2984
5 24 -12.146 4.375 -11.358 -13.111 .548 -9.234 -11.157 -1.037 -11.008 -14.59 6.614 -8.158
5 24 -20.602 9.207 14.485 -20.928 11.264 11.748 -21.56 7.95 10.931 -19.452 12.517 13.532
5 24 15.101 5.023 7.057 15.578 4.096 4.79 11.779 6.272 12.158 15.794 5.15 6.27
5 24 -20.602 9.207 14.485 -20.769 8.302 14.258 -21.56 7.95 10.931 -20.135 8.437 15.234
5 24 4.458 17.822 14.414 1.473 17.874 14.787 3.881 17.915 15.23 1.1622 17.3322 13.148
5 24 0 1.7 13.15 -2.326 17.364 13.05 -5.0325 1.7 12.1493 1.1622 17.3322 13.148
5 24 -19.348 8.813 16.016 -19.323 8.175 16.031 -20.135 8.437 15.234 -16.31 7.433 17.033
5 24 -3.27 5.076 -14.092 -4.581 5.979 -12.604 -5.723 4.922 -14.306 -1.52 4.712 -14.535
5 24 10.26 16.392 8.491 13.576 16.219 7.843 13.192 16.442 8.54 13.389 15.598 5.457
5 24 -14.59 6.614 -8.158 -13.111 .548 -9.234 -16.062 3.169 -4.622 -12.146 4.375 -11.358
5 24 15.157 .522 -3.178 15.903 .965 -3.442 15.804 1.788 -1.082 12.972 -1.969 -9.186
5 24 -16.76 5.988 .901 -16.675 4.661 -1.819 -16.508 11.701 1.312 -16.195 2.381 -.895
5 24 -17.19 5.083 15.916 -18.224 4.325 14.777 -16.599 2.856 13.799 -19.588 7.505 15.688
5 24 -1.52 4.712 -14.535 -3.27 5.076 -14.092 -1.655 3.862 -15.462 -4.581 5.979 -12.604
5 24 -20.212 9.55 14.973 -17.738 12.284 15.496 -19.762 9.509 15.524 -19.452 12.517 13.532
5 24 -20.769 8.302 14.258 -20.453 7.488 14.626 -20.135 8.437 15.234 -20.354 5.029 12.239
5 24 16.264 7.576 5.591 16.448 11.114 .547 15.473 13.039 6.022 16.84 6.235 1.025
5 24 -6.963 10.548 15.841 -3.546 15.068 16.432 -4.844 10.676 16.731 -8.223 15.384 14.414
5 24 -15.979 7.89 5.958 -16.76 5.988 .901 -16.18 3.364 1.338 -15.436 11.644 6.99
5 24 -12.146 4.375 -11.358 -8.995 -.973 -12.993 -5.92 2.075 -15.131 -11.157 -1.037 -11.008
5 24 7.943 -4.427 -11.82 7.424 -4.35 -13.133 6.238 -4.828 -12.882 9.091 -3.873 -12.344
5 24 8.961 2.91 -13.491 7.436 5.366 -13.686 7.031 1.732 -14.459 7.848 5.508 -13.509
5 24 -20.135 8.437 15.234 -19.323 8.175 16.031 -19.588 7.505 15.688 -19.348 8.813 16.016
5 24 -16.062 3.169 -4.622 -15.872 8.297 -5.445 -16.675 4.661 -1.819 -14.59 6.614 -8.158
5 24 -14.179 13.22 9.062 -19.062 12.177 8.87 -15.436 11.644 6.99 -17.1 13.787 11.206
5 24 -20.354 5.029 12.239 -18.141 2.831 10.916 -17.662 2.749 12.417 -21.56 7.95 10.931
5 24 -2.849 1.477 -15.805 .102 1.918 -15.916 -1.655 3.862 -15.462 -2.841 -3.156 -15.01
5 24 -8.206 10.458 15.224 -7.889 7.791 15.106 -10.156 7.408 13.422 -6.832 7.927 15.599
5 24 13.679 5.968 10.205 14.923 5.759 8.408 14.546 6.006 9.325 15.101 5.023 7.057
5 24 -13.111 .548 -9.234 -10.729 -2.948 -10.284 -11.244 -2.72 -9.78 -11.157 -1.037 -11.008
5 24 -13.111 .548 -9.234 -11.157 -1.037 -11.008 -12.146 4.375 -11.358 -10.729 -2.948 -10.284
5 24 4.581 5.957 -12.604 9.298365 1.7 -9.298365 5.0325 1.7 -12.1493 10.26 8.935 -8.646
5 24 2.638 -5.49 -13.337 3.985 -5.256 -13.449 7.943 -4.427 -11.82 2.777 -5.374 -14.25
5 24 -5.92 2.075 -15.131 -4.25 4.162 -15.09 -2.849 1.477 -15.805 -4.969 4.278 -14.982
5 24 -13.527 9.07 -8.63 -12.604 8.911 -8.871 -13.313 9.801 -7.545 -13.194 8.757 -9.07
5 24 -8.995 -.973 -12.993 -5.92 2.075 -15.131 -12.146 4.375 -11.358 -2.841 -3.156 -15.01
5 24 -6.696 17.056 11.467 -11.971 16.766 9.815 -10.26 16.368 8.491 -7.894 17.568 13.44
5 24 -20.602 9.207 14.485 -21.56 7.95 10.931 -20.928 11.264 11.748 -20.769 8.302 14.258
5 24 -2.841 -3.156 -15.01 -6.771 -4.326 -12.799 -8.995 -.973 -12.993 -2.743 -5.24 -14.087
5 24 -19.864 7.303 15.345 -20.453 7.488 14.626 -18.224 4.325 14.777 -20.135 8.437 15.234
5 24 -17.1 13.787 11.206 -19.452 12.517 13.532 -14.901 13.488 13.817 -20.928 11.264 11.748
5 24 -19.92 7.815 7.835 -15.979 7.89 5.958 -15.436 11.644 6.99 -17.676 3.003 9.273
5 24 3.985 -5.256 -13.449 7.943 -4.427 -11.82 6.238 -4.828 -12.882 2.638 -5.49 -13.337
5 24 4.581 5.957 -12.604 6.753 5.387 -13.691 10.26 8.935 -8.646 5.716 4.817 -14.413
5 24 -7.889 7.791 15.106 -7.478 6.995 14.466 -6.832 7.927 15.599 -10.323 6.339 12.325
5 24 -.776 15.099 16.858 3.169 14.691 16.859 .77 17.999 15.531 -4.844 10.676 16.731
5 24 -15.408 12.989 5.727 -14.179 13.22 9.062 -15.436 11.644 6.99 -12.695 14.749 10.76
5 24 4.581 5.957 -12.604 5.716 4.817 -14.413 6.753 5.387 -13.691 0 5.235 -13.408
5 24 13.241 .42 -9.845 12.972 -1.969 -9.186 9.256 -1.514 -12.986 15.903 .965 -3.442
5 24 -17.1 13.787 11.206 -14.179 13.22 9.062 -12.585 13.251 11.751 -19.062 12.177 8.87
5 24 15.157 .522 -3.178 12.972 -1.969 -9.186 12.371 -2.356 -8.627 15.903 .965 -3.442
5 24 -4.844 10.676 16.731 5.814 11.426 16.785 -1.628 8.052 17.287 3.169 14.691 16.859
5 24 5.315 7.417 16.147 8.553 7.429 15.007 11.779 6.272 12.158 6.011 7.916 16.493
5 24 9.899 7.65 14.64 11.779 6.272 12.158 8.553 7.429 15.007 13.545 6.604 11.044
5 24 -.009 18.011 15.573 1.473 17.874 14.787 -.94 17.921 15.087 .77 17.999 15.531
5 24 9.298365 1.7 9.298365 10.26 16.392 8.491 4.581 17.301 12.449 12.1493 1.7 5.0325
5 24 8.961 2.91 -13.491 13.241 .42 -9.845 9.256 -1.514 -12.986 12.829 5.451 -10.378
5 24 3.169 14.691 16.859 5.848 15.232 15.949 5.814 11.426 16.785 3.881 17.915 15.23
5 24 -14.901 13.488 13.817 -12.876 10.163 16.263 -17.738 12.284 15.496 -10.743 9.951 13.67
5 24 -7.636 -4.157 -11.448 -9.181 -3.551 -11.45 -8.744 -3.691 -11.739 -9.525 -3.461 -10.119
5 24 -12.146 4.375 -11.358 -5.92 2.075 -15.131 -8.995 -.973 -12.993 -11.561 7.38 -11.046
5 24 -12.695 14.749 10.76 -15.408 12.989 5.727 -14.179 13.22 9.062 -11.971 16.766 9.815
5 24 -21.56 7.95 10.931 -20.769 8.302 14.258 -20.354 5.029 12.239 -20.602 9.207 14.485
5 24 -12.876 10.163 16.263 -16.235 9.684 17.147 -17.738 12.284 15.496 -12.952 6.984 16.162
5 24 16.84 6.235 1.025 16.448 11.114 .547 16.735 5.123 -1.249 16.264 7.576 5.591
5 24 16.735 5.123 -1.249 16.84 6.235 1.025 16.448 11.114 .547 16.347 2.801 .351
5 24 4.176 -2.419 -15.019 -2.841 -3.156 -15.01 2.777 -5.374 -14.25 .102 1.918 -15.916
5 24 5.848 15.232 15.949 14.241 13.74 8.854 11.525 16.982 10.792 9.776 10.971 14.849
5 24 -15.979 7.89 5.958 -17.676 3.003 9.273 -15.648 3.572 7.811 -19.92 7.815 7.835
5 24 -15.979 7.89 5.958 -15.648 3.572 7.811 -17.676 3.003 9.273 -14.704 4.907 6.698
5 24 -3.916 17.769 14.301 -.94 17.921 15.087 -2.326 17.364 13.05 -2.809 17.922 15.193
5 24 -15.436 11.644 6.99 -19.062 12.177 8.87 -14.179 13.22 9.062 -19.92 7.815 7.835
5 24 -16.062 3.169 -4.622 -15.533 .688 -4.025 -15.794 1.19 -3.143 -12.927 -1.719 -8.021
5 24 -20.769 8.302 14.258 -20.354 5.029 12.239 -21.56 7.95 10.931 -20.453 7.488 14.626
5 24 0 1.7 -13.15 -4.581 5.979 -12.604 0 5.235 -13.408 -5.0325 1.7 -12.1493
5 24 -20.135 8.437 15.234 -20.453 7.488 14.626 -19.864 7.303 15.345 -20.769 8.302 14.258
5 24 -20.928 11.264 11.748 -21.56 7.95 10.931 -20.602 9.207 14.485 -19.062 12.177 8.87
5 24 -6.52 4.831 -14.364 -8.609 7.75 -10.289 -11.561 7.38 -11.046 -5.723 4.922 -14.306
5 24 -14.678 .12 -3.65 -15.533 .688 -4.025 -12.927 -1.719 -8.021 -15.794 1.19 -3.143
5 24 -15.794 1.19 -3.143 -16.062 3.169 -4.622 -16.675 4.661 -1.819 -15.533 .688 -4.025
5 24 13.545 6.604 11.044 11.779 6.272 12.158 9.899 7.65 14.64 13.679 5.968 10.205
5 24 -15.343 1.358 -1.619 -15.196 1.962 .029 -16.195 2.381 -.895 -14.678 .12 -3.65
5 24 16.84 6.235 1.025 16.264 7.576 5.591 16.448 11.114 .547 16.19 4.597 4.686
5 24 -7.478 6.995 14.466 -6.832 7.927 15.599 -5.032 7.644 16.002 -7.889 7.791 15.106
5 24 -15.872 8.297 -5.445 -14.977 10.898 -5.57 -15.781 13.243 -.862 -14.44 10.115 -6.952
5 24 -13.194 8.757 -9.07 -14.59 6.614 -8.158 -12.146 4.375 -11.358 -13.527 9.07 -8.63
5 24 -7.889 7.791 15.106 -10.323 6.339 12.325 -7.478 6.995 14.466 -10.156 7.408 13.422
5 24 -2.841 -3.156 -15.01 -8.995 -.973 -12.993 -5.92 2.075 -15.131 -6.771 -4.326 -12.799
5 24 15.903 .965 -3.442 16.366 3.422 -4.159 13.241 .42 -9.845 16.181 1.898 -1.667
5 24 -11.561 7.38 -11.046 -5.92 2.075 -15.131 -12.146 4.375 -11.358 -6.52 4.831 -14.364
5 24 2.638 -5.49 -13.337 -2.743 -5.24 -14.087 2.777 -5.374 -14.25 -2.597 -5.273 -13.078
5 24 -1.655 3.862 -15.462 -3.27 5.076 -14.092 -2.111 3.89 -15.428 -1.52 4.712 -14.535
5 24 5.814 11.426 16.785 3.169 14.691 16.859 5.848 15.232 15.949 -4.844 10.676 16.731
5 24 -5.032 7.644 16.002 -4.024 8.103 16.833 -2.552 7.661 16.626 -4.704 8.201 16.59
5 24 -8.995 -.973 -12.993 -11.157 -1.037 -11.008 -12.146 4.375 -11.358 -9.181 -3.551 -11.45
5 24 -14.603 15.413 5.053 -12.585 15.096 4.482 -10.26 16.368 8.491 -14.811 13.975 .84
5 24 -19.588 7.505 15.688 -20.135 8.437 15.234 -19.864 7.303 15.345 -19.323 8.175 16.031
5 24 -12.585 13.251 11.751 -12.695 14.749 10.76 -14.179 13.22 9.062 -8.223 15.384 14.414
5 24 -15.794 1.19 -3.143 -14.678 .12 -3.65 -15.533 .688 -4.025 -15.343 1.358 -1.619
5 24 9.776 10.971 14.849 14.241 13.74 8.854 14.514 8.453 9.949 5.848 15.232 15.949
5 24 -5.92 2.075 -15.131 -2.841 -3.156 -15.01 -8.995 -.973 -12.993 -2.849 1.477 -15.805
5 24 -14.977 10.898 -5.57 -13.313 9.801 -7.545 -12.585 11.246 -4.637 -14.44 10.115 -6.952
5 24 7.031 1.732 -14.459 8.961 2.91 -13.491 9.256 -1.514 -12.986 7.436 5.366 -13.686
5 24 -11.561 7.38 -11.046 -8.609 7.75 -10.289 -12.604 8.911 -8.871 -6.52 4.831 -14.364
5 24 -21.56 7.95 10.931 -19.92 7.815 7.835 -18.141 2.831 10.916 -19.062 12.177 8.87
5 24 -16.235 9.684 17.147 -12.952 6.984 16.162 -12.876 10.163 16.263 -16.31 7.433 17.033
5 24 -2.597 -5.273 -13.078 -2.743 -5.24 -14.087 2.638 -5.49 -13.337 -6.771 -4.326 -12.799
5 24 -15.024 3.081 14.311 -17.19 5.083 15.916 -16.31 7.433 17.033 -16.599 2.856 13.799
5 24 15.804 1.788 -1.082 15.578 4.096 4.79 15.157 .522 -3.178 16.059 2.734 .749
5 24 -6.771 -4.326 -12.799 -2.597 -5.273 -13.078 -7.529 -4.284 -11.281 -2.743 -5.24 -14.087
5 24 -15.408 12.989 5.727 -14.603 15.413 5.053 -16.508 11.701 1.312 -11.971 16.766 9.815
5 24 -5.032505 1.7 -12.149285 -4.581 5.979 -12.604 -8.609 7.75 -10.289 0 1.7 -13.15
5 24 16.152 8.402 -5.245 16.366 3.422 -4.159 16.735 5.123 -1.249 12.829 5.451 -10.378
5 24 -14.977 10.898 -5.57 -13.393 13.478 -.077 -15.781 13.243 -.862 -12.585 11.246 -4.637
5 24 -16.675 4.661 -1.819 -16.062 3.169 -4.622 -15.794 1.19 -3.143 -15.872 8.297 -5.445
5 24 10.26 8.935 -8.646 9.298365 1.7 -9.298365 12.1493 1.7 -5.0325 4.581 5.957 -12.604
5 24 -.776 15.099 16.858 .77 17.999 15.531 3.169 14.691 16.859 -.009 18.011 15.573
5 24 -12.1493 1.7 -5.0325 -13.393 13.478 -.077 -12.585 11.246 -4.637 -13.15 1.7 0
5 24 -15.024 3.081 14.311 -16.31 7.433 17.033 -17.19 5.083 15.916 -12.952 6.984 16.162
5 24 -12.585 13.251 11.751 -14.901 13.488 13.817 -17.1 13.787 11.206 -10.743 9.951 13.67
5 24 -19.864 7.303 15.345 -20.135 8.437 15.234 -19.588 7.505 15.688 -20.453 7.488 14.626
5 24 -9.2984 1.7 -9.2984 -12.585 11.246 -4.637 -8.609 7.75 -10.289 -12.1493 1.7 -5.0325
5 24 -5.032505 1.7 -12.149285 -8.609 7.75 -10.289 -4.581 5.979 -12.604 -9.2984 1.7 -9.2984
5 24 -5.723 4.922 -14.306 -4.25 4.162 -15.09 -3.27 5.076 -14.092 -4.969 4.278 -14.982
5 24 7.848 5.508 -13.509 6.753 5.387 -13.691 8.522 6.087 -12.823 7.436 5.366 -13.686
5 24 -20.135 8.437 15.234 -20.602 9.207 14.485 -20.769 8.302 14.258 -20.212 9.55 14.973
5 24 -12.927 -1.719 -8.021 -16.062 3.169 -4.622 -13.111 .548 -9.234 -15.533 .688 -4.025
5 24 15.903 .965 -3.442 15.804 1.788 -1.082 15.157 .522 -3.178 16.181 1.898 -1.667
5 24 5.814 11.426 16.785 7.817 7.938 15.859 6.011 7.916 16.493 9.776 10.971 14.849
5 24 14.514 8.453 9.949 9.899 7.65 14.64 13.545 6.604 11.044 9.776 10.971 14.849
5 24 0 5.235 -13.408 -1.52 4.712 -14.535 .506 3.782 -15.498 -4.581 5.979 -12.604
5 24 -13.313 9.801 -7.545 -12.604 8.911 -8.871 -8.609 7.75 -10.289 -13.527 9.07 -8.63
5 24 -12.952 6.984 16.162 -10.156 7.408 13.422 -12.876 10.163 16.263 -13.921 3.237 14.096
5 24 12.585 11.249 -4.637 15.353 10.863 -5.539 15.702 13.537 -.098 10.26 8.935 -8.646
5 24 -6.963 10.548 15.841 -8.206 10.458 15.224 -8.223 15.384 14.414 -6.832 7.927 15.599
5 24 -19.452 12.517 13.532 -17.738 12.284 15.496 -20.212 9.55 14.973 -14.901 13.488 13.817
5 24 -9.525 -3.461 -10.119 -7.636 -4.157 -11.448 -7.529 -4.284 -11.281 -9.181 -3.551 -11.45
5 24 5.582 17.833 14.739 4.581 17.301 12.449 11.525 16.982 10.792 4.458 17.822 14.414
5 24 1.473 17.874 14.787 3.881 17.915 15.23 3.035 17.965 15.412 4.458 17.822 14.414
5 24 -8.609 7.75 -10.289 -9.2984 1.7 -9.2984 -5.0325 1.7 -12.1493 -12.585 11.246 -4.637
5 24 11.779 6.272 12.158 15.101 5.023 7.057 13.679 5.968 10.205 15.578 4.096 4.79
5 24 -12.876 10.163 16.263 -12.952 6.984 16.162 -10.156 7.408 13.422 -16.235 9.684 17.147
5 24 -17.19 5.083 15.916 -19.323 8.175 16.031 -16.31 7.433 17.033 -19.588 7.505 15.688
5 24 16.448 11.114 .547 15.353 10.863 -5.539 16.152 8.402 -5.245 15.702 13.537 -.098
5 24 8.522 6.087 -12.823 12.14 8.053 -10.224 10.26 8.935 -8.646 9.407 6.242 -12.609
5 24 4.176 -2.419 -15.019 .102 1.918 -15.916 -2.841 -3.156 -15.01 7.031 1.732 -14.459
5 24 -15.436 11.644 6.99 -16.76 5.988 .901 -15.408 12.989 5.727 -15.979 7.89 5.958
5 24 6.238 -4.828 -12.882 3.985 -5.256 -13.449 4.899 -5.051 -13.883 7.943 -4.427 -11.82
5 24 12.14 8.053 -10.224 16.152 8.402 -5.245 12.829 5.451 -10.378 15.353 10.863 -5.539
5 24 12.585 15.128 4.482 13.15 1.7 0 12.1493 1.7 5.0325 13.393 13.461 -.077
5 24 12.585 11.249 -4.637 12.149285 1.7 -5.032505 13.15 1.7 0 10.26 8.935 -8.646
5 24 -15.781 13.243 -.862 -15.872 8.297 -5.445 -14.977 10.898 -5.57 -16.508 11.701 1.312
5 24 9.776 10.971 14.849 14.514 8.453 9.949 14.241 13.74 8.854 9.899 7.65 14.64
5 24 15.353 10.863 -5.539 16.152 8.402 -5.245 16.448 11.114 .547 12.14 8.053 -10.224
5 24 -19.062 12.177 8.87 -20.928 11.264 11.748 -17.1 13.787 11.206 -21.56 7.95 10.931
5 24 -19.323 8.175 16.031 -19.588 7.505 15.688 -17.19 5.083 15.916 -20.135 8.437 15.234
5 24 -14.59 6.614 -8.158 -15.872 8.297 -5.445 -14.44 10.115 -6.952 -16.062 3.169 -4.622
5 24 16.448 11.114 .547 15.473 13.039 6.022 16.264 7.576 5.591 15.702 13.537 -.098
5 24 10.26 16.392 8.491 13.389 15.598 5.457 13.576 16.219 7.843 12.585 15.128 4.482
5 24 -5.723 4.922 -14.306 -8.609 7.75 -10.289 -4.581 5.979 -12.604 -6.52 4.831 -14.364
5 24 -17.738 12.284 15.496 -14.901 13.488 13.817 -12.876 10.163 16.263 -19.452 12.517 13.532
5 24 -10.26 16.368 8.491 -9.2984 1.7 9.2984 -12.585 15.096 4.482 -6.696 17.056 11.467
5 24 8.553 7.429 15.007 11.779 6.272 12.158 9.899 7.65 14.64 5.315 7.417 16.147
5 24 9.256 -1.514 -12.986 7.396 -2.447 -13.838 7.031 1.732 -14.459 9.091 -3.873 -12.344
5 24 -14.179 13.22 9.062 -12.695 14.749 10.76 -12.585 13.251 11.751 -15.408 12.989 5.727
5 24 -12.695 14.749 10.76 -11.971 16.766 9.815 -15.408 12.989 5.727 -7.894 17.568 13.44
5 24 -15.872 8.297 -5.445 -14.44 10.115 -6.952 -14.59 6.614 -8.158 -14.977 10.898 -5.57
5 24 -10.743 9.951 13.67 -12.876 10.163 16.263 -10.156 7.408 13.422 -14.901 13.488 13.817
5 24 16.19 4.597 4.686 16.264 7.576 5.591 15.794 5.15 6.27 16.84 6.235 1.025
5 24 -19.452 12.517 13.532 -20.928 11.264 11.748 -20.602 9.207 14.485 -17.1 13.787 11.206
5 24 -12.585 15.096 4.482 -14.811 13.975 .84 -14.603 15.413 5.053 -13.393 13.478 -.077
5 24 -12.695 14.749 10.76 -8.223 15.384 14.414 -12.585 13.251 11.751 -7.894 17.568 13.44
5 24 -19.588 7.505 15.688 -17.19 5.083 15.916 -19.323 8.175 16.031 -18.224 4.325 14.777
5 24 -10.743 9.951 13.67 -14.901 13.488 13.817 -12.585 13.251 11.751 -12.876 10.163 16.263
5 24 -16.235 9.684 17.147 -19.348 8.813 16.016 -19.762 9.509 15.524 -16.31 7.433 17.033
5 24 -12.952 6.984 16.162 -15.024 3.081 14.311 -16.31 7.433 17.033 -13.921 3.237 14.096
5 24 -2.849 1.477 -15.805 -2.841 -3.156 -15.01 .102 1.918 -15.916 -5.92 2.075 -15.131
5 24 -18.224 4.325 14.777 -19.588 7.505 15.688 -17.19 5.083 15.916 -19.864 7.303 15.345
5 24 -19.588 7.505 15.688 -19.864 7.303 15.345 -18.224 4.325 14.777 -20.135 8.437 15.234
5 24 8.961 2.91 -13.491 9.256 -1.514 -12.986 7.031 1.732 -14.459 13.241 .42 -9.845
5 24 -20.354 5.029 12.239 -17.662 2.749 12.417 -18.141 2.831 10.916 -18.224 4.325 14.777
5 24 -13.111 .548 -9.234 -16.062 3.169 -4.622 -14.59 6.614 -8.158 -12.927 -1.719 -8.021
5 24 -6.696 17.056 11.467 -3.916 17.769 14.301 -2.326 17.364 13.05 -5.194 17.778 14.583
5 24 -11.157 -1.037 -11.008 -12.146 4.375 -11.358 -8.995 -.973 -12.993 -13.111 .548 -9.234
5 24 -19.92 7.815 7.835 -15.436 11.644 6.99 -19.062 12.177 8.87 -15.979 7.89 5.958
5 24 -9.2984 1.7 9.2984 -6.696 17.056 11.467 -10.26 16.368 8.491 -5.0325 1.7 12.1493
5 24 -7.529 -4.284 -11.281 -6.771 -4.326 -12.799 -2.597 -5.273 -13.078 -7.636 -4.157 -11.448
5 24 -8.223 15.384 14.414 -3.546 15.068 16.432 -6.963 10.548 15.841 -5.194 17.778 14.583
5 24 -4.581 5.979 -12.604 -1.52 4.712 -14.535 -3.27 5.076 -14.092 0 5.235 -13.408
5 24 -3.546 15.068 16.432 -1.934 17.992 15.286 -2.809 17.922 15.193 -.776 15.099 16.858
5 24 13.241 .42 -9.845 16.366 3.422 -4.159 12.829 5.451 -10.378 15.903 .965 -3.442
5 24 -13.673 3.934 7.235 -16.18 3.364 1.338 -14.704 4.907 6.698 -15.196 1.962 .029
5 24 6.238 -4.828 -12.882 4.899 -5.051 -13.883 3.985 -5.256 -13.449 5.434 -4.962 -13.76
5 24 7.396 -2.447 -13.838 7.031 1.732 -14.459 9.256 -1.514 -12.986 4.176 -2.419 -15.019
5 24 -14.704 4.907 6.698 -15.648 3.572 7.811 -15.979 7.89 5.958 -13.673 3.934 7.235
5 24 -9.2984 1.7 9.2984 -12.585 15.096 4.482 -12.1493 1.7 5.0325 -10.26 16.368 8.491
5 24 7.396 -2.447 -13.838 4.176 -2.419 -15.019 5.434 -4.962 -13.76 7.031 1.732 -14.459
5 24 4.176 -2.419 -15.019 7.031 1.732 -14.459 7.396 -2.447 -13.838 .102 1.918 -15.916
5 24 -16.18 3.364 1.338 -15.979 7.89 5.958 -16.76 5.988 .901 -14.704 4.907 6.698
5 24 -20.135 8.437 15.234 -19.348 8.813 16.016 -19.762 9.509 15.524 -19.323 8.175 16.031
5 24 10.26 8.935 -8.646 15.353 10.863 -5.539 12.585 11.249 -4.637 12.14 8.053 -10.224
5 24 14.241 13.74 8.854 14.514 8.453 9.949 15.473 13.039 6.022 9.776 10.971 14.849
5 24 9.298365 1.7 9.298365 4.581 17.301 12.449 10.26 16.392 8.491 5.0325 1.7 12.1493
5 24 16.366 3.422 -4.159 16.181 1.898 -1.667 15.903 .965 -3.442 16.735 5.123 -1.249
5 24 -8.206 10.458 15.224 -10.156 7.408 13.422 -10.743 9.951 13.67 -7.889 7.791 15.106
5 24 -17.676 3.003 9.273 -19.92 7.815 7.835 -15.979 7.89 5.958 -18.141 2.831 10.916
5 24 -20.453 7.488 14.626 -20.354 5.029 12.239 -20.769 8.302 14.258 -18.224 4.325 14.777
5 24 -13.393 13.478 -.077 -15.781 13.243 -.862 -14.977 10.898 -5.57 -14.811 13.975 .84
5 24 -3.27 5.076 -14.092 -5.723 4.922 -14.306 -4.25 4.162 -15.09 -4.581 5.979 -12.604
5 24 -12.1493 1.7 -5.0325 -12.585 11.246 -4.637 -13.393 13.478 -.077 -9.2984 1.7 -9.2984
5 24 5.814 11.426 16.785 5.848 15.232 15.949 3.169 14.691 16.859 9.776 10.971 14.849
5 24 -17.738 12.284 15.496 -12.876 10.163 16.263 -16.235 9.684 17.147 -14.901 13.488 13.817
5 24 -20.928 11.264 11.748 -17.1 13.787 11.206 -19.062 12.177 8.87 -19.452 12.517 13.532
5 24 -16.195 2.381 -.895 -16.76 5.988 .901 -16.18 3.364 1.338 -16.675 4.661 -1.819
5 24 -16.675 4.661 -1.819 -15.872 8.297 -5.445 -16.508 11.701 1.312 -16.062 3.169 -4.622
5 24 15.578 4.096 4.79 16.059 2.734 .749 16.387 3.73 2.583 15.804 1.788 -1.082
5 24 15.903 .965 -3.442 13.241 .42 -9.845 12.972 -1.969 -9.186 16.366 3.422 -4.159
5 24 9.256 -1.514 -12.986 13.241 .42 -9.845 12.972 -1.969 -9.186 8.961 2.91 -13.491
5 24 -11.51 -2.545 -8.051 -11.597 -2.467 -8.295 -12.927 -1.719 -8.021 -9.525 -3.461 -10.119
5 24 -19.452 12.517 13.532 -20.602 9.207 14.485 -20.928 11.264 11.748 -20.212 9.55 14.973
5 24 13.241 .42 -9.845 12.829 5.451 -10.378 8.961 2.91 -13.491 16.366 3.422 -4.159
5 24 -13.921 3.237 14.096 -12.952 6.984 16.162 -10.156 7.408 13.422 -15.024 3.081 14.311
5 24 -6.696 17.056 11.467 -5.194 17.778 14.583 -7.894 17.568 13.44 -3.916 17.769 14.301
5 24 4.667 7.652 16.503 -2.552 7.661 16.626 3.171 8.055 17.269 5.315 7.417 16.147
5 24 -.94 17.921 15.087 -2.809 17.922 15.193 -3.916 17.769 14.301 -1.934 17.992 15.286
5 24 -19.762 9.509 15.524 -19.348 8.813 16.016 -16.235 9.684 17.147 -20.135 8.437 15.234
5 24 -10.26 16.368 8.491 -14.603 15.413 5.053 -11.971 16.766 9.815 -12.585 15.096 4.482
5 24 -5.194 17.778 14.583 -8.223 15.384 14.414 -7.894 17.568 13.44 -3.546 15.068 16.432
5 24 -11.51 -2.545 -8.051 -12.927 -1.719 -8.021 -14.678 .12 -3.65 -11.597 -2.467 -8.295
5 24 -5.92 2.075 -15.131 -2.849 1.477 -15.805 -4.25 4.162 -15.09 -2.841 -3.156 -15.01
5 24 -12.585 11.246 -4.637 -13.313 9.801 -7.545 -8.609 7.75 -10.289 -14.977 10.898 -5.57
5 24 -17.738 12.284 15.496 -19.762 9.509 15.524 -16.235 9.684 17.147 -20.212 9.55 14.973
5 24 -16.508 11.701 1.312 -14.603 15.413 5.053 -15.446 14.56 2.42 -15.408 12.989 5.727

0 FILE parts/s/10164s02.dat
0 ~Minifig Headdress Beanie with Pom Pom Patternable Surface
0 Name: s\10164s02.dat
0 Author: Gerald Lasser [GeraldLasser]
0 !LDRAW_ORG Subpart UPDATE 2023-03
0 !LICENSE Licensed under CC BY 4.0 : see CAreadme.txt

0 BFC CERTIFY CCW

0 !HISTORY 2023-06-24 [OrionP] Official Update 2023-03


3 16 12.818 .459 11.621 11.779 6.272 12.158 5.315 7.417 16.147
3 16 5.315 7.417 16.147 5.913 1.606 16.887 12.818 .459 11.621
3 16 5.315 7.417 16.147 -2.0588 7.4866 16.118 -1.2308 1.7501 16.853
3 16 -1.2308 1.7501 16.853 5.913 1.606 16.887 5.315 7.417 16.147
3 16 -2.0588 7.4866 16.118 -7.478 6.995 14.466 -6.42 1.333 15.196
3 16 -6.42 1.333 15.196 -1.2308 1.7501 16.853 -2.0588 7.4866 16.118
3 16 -14.504 -2.438 5.297 -13.673 3.934 7.235 -15.196 1.962 .029
3 16 -15.196 1.962 .029 -14.172 -3.622 -1.576 -14.504 -2.438 5.297
3 16 -15.196 1.962 .029 -14.678 .12 -3.65 -14.172 -3.622 -1.576
3 16 -11.51 -2.545 -8.051 -10.168 -6.361 -7.024 -14.172 -3.622 -1.576
3 16 -14.172 -3.622 -1.576 -14.678 .12 -3.65 -11.51 -2.545 -8.051
3 16 -10.168 -6.361 -7.024 -11.51 -2.545 -8.051 -7.529 -4.284 -11.281
3 16 -7.529 -4.284 -11.281 -6.034 -7.88 -9.603 -10.168 -6.361 -7.024
3 16 -6.034 -7.88 -9.603 -7.529 -4.284 -11.281 -2.597 -5.273 -13.078
3 16 -2.597 -5.273 -13.078 -1.568 -8.648 -10.948 -6.034 -7.88 -9.603
3 16 2.638 -5.49 -13.337 3.184 -8.832 -11.45 -2.597 -5.273 -13.078
3 16 -2.597 -5.273 -13.078 3.184 -8.832 -11.45 -1.568 -8.648 -10.948
3 16 3.184 -8.832 -11.45 2.638 -5.49 -13.337 8.049 -7.8 -9.926
3 16 2.638 -5.49 -13.337 7.943 -4.427 -11.82 8.049 -7.8 -9.926
3 16 12.371 -2.356 -8.627 12.183 -6.032 -6.555 7.943 -4.427 -11.82
3 16 7.943 -4.427 -11.82 12.183 -6.032 -6.555 8.049 -7.8 -9.926
3 16 15.157 .522 -3.178 14.366 -4.396 -3.02 12.371 -2.356 -8.627
3 16 12.371 -2.356 -8.627 14.366 -4.396 -3.02 12.183 -6.032 -6.555
3 16 14.366 -4.396 -3.02 15.157 .522 -3.178 15.332 -1.771 3.323
3 16 15.157 .522 -3.178 15.578 4.096 4.79 15.332 -1.771 3.323
3 16 15.332 -1.771 3.323 15.578 4.096 4.79 12.818 .459 11.621
3 16 12.818 .459 11.621 15.578 4.096 4.79 11.779 6.272 12.158
3 16 -2.508 -5.667 13.174 -3.7 -3.279 13.737 -5.751 -4.01 11.286
3 16 -5.751 -4.01 11.286 -3.7 -3.279 13.737 -8.881 -1.351 11.572
3 16 6.4402 -6.2034 14.7382 6.356 -3.781 15.668 .344 -3.2932 15.6574
3 16 .344 -3.2932 15.6574 .9936 -5.623 14.6465 6.4402 -6.2034 14.7382
5 24 .344 -3.2932 15.6574 6.4402 -6.2034 14.7382 6.356 -3.781 15.668 .9936 -5.623 14.6465
3 16 .9936 -5.623 14.6465 .344 -3.2932 15.6574 -3.7 -3.279 13.737
3 16 -3.7 -3.279 13.737 -2.508 -5.667 13.174 .9936 -5.623 14.6465
5 24 -3.7 -3.279 13.737 .9936 -5.623 14.6465 .344 -3.2932 15.6574 -2.508 -5.667 13.174
3 16 .9936 -5.623 14.6465 -2.508 -5.667 13.174 1.0072 -6.4694 14.2254
3 16 6.4402 -6.2034 14.7382 .9936 -5.623 14.6465 1.0072 -6.4694 14.2254
3 16 -11.38 -7.812 -.14 -11.997 -8.086 3.205 -13.118 -6.009 4.156
3 16 -1.2308 1.7501 16.853 -6.42 1.333 15.196 .344 -3.2932 15.6574
3 16 5.913 1.606 16.887 -1.2308 1.7501 16.853 6.356 -3.781 15.668
3 16 .344 -3.2932 15.6574 6.356 -3.781 15.668 -1.2308 1.7501 16.853
3 16 -3.7 -3.279 13.737 .344 -3.2932 15.6574 -6.42 1.333 15.196
3 16 5.913 1.606 16.887 6.356 -3.781 15.668 12.818 .459 11.621
3 16 12.26 -4.927 10.484 12.818 .459 11.621 6.356 -3.781 15.668
3 16 12.818 .459 11.621 12.26 -4.927 10.484 15.332 -1.771 3.323
3 16 13.732 -6.686 4.318 15.332 -1.771 3.323 12.26 -4.927 10.484
3 16 12.146 -8.946 -2.343 14.366 -4.396 -3.02 13.732 -6.686 4.318
3 16 14.366 -4.396 -3.02 15.332 -1.771 3.323 13.732 -6.686 4.318
3 16 14.366 -4.396 -3.02 12.146 -8.946 -2.343 12.183 -6.032 -6.555
3 16 12.183 -6.032 -6.555 12.146 -8.946 -2.343 7.484 -10.54 -7.338
3 16 7.484 -10.54 -7.338 8.049 -7.8 -9.926 12.183 -6.032 -6.555
3 16 8.049 -7.8 -9.926 7.484 -10.54 -7.338 3.184 -8.832 -11.45
3 16 3.685 -11.152 -8.693 3.184 -8.832 -11.45 7.484 -10.54 -7.338
3 16 3.184 -8.832 -11.45 3.685 -11.152 -8.693 -1.568 -8.648 -10.948
3 16 -.12 -10.745 -8.088 -1.568 -8.648 -10.948 3.685 -11.152 -8.693
3 16 -3.904 -10.164 -7.256 -6.034 -7.88 -9.603 -1.568 -8.648 -10.948
3 16 -1.568 -8.648 -10.948 -.12 -10.745 -8.088 -3.904 -10.164 -7.256
3 16 -7.677 -9.025 -5.59 -10.168 -6.361 -7.024 -6.034 -7.88 -9.603
3 16 -6.034 -7.88 -9.603 -3.904 -10.164 -7.256 -7.677 -9.025 -5.59
3 16 -11.38 -7.812 -.14 -14.172 -3.622 -1.576 -10.168 -6.361 -7.024
3 16 -10.168 -6.361 -7.024 -7.677 -9.025 -5.59 -11.38 -7.812 -.14
3 16 -13.118 -6.009 4.156 -14.504 -2.438 5.297 -14.172 -3.622 -1.576
3 16 -14.172 -3.622 -1.576 -11.38 -7.812 -.14 -13.118 -6.009 4.156
3 16 -3.7 -3.279 13.737 -6.42 1.333 15.196 -8.881 -1.351 11.572
3 16 -6.42 1.333 15.196 -10.027 .558 11.289 -8.881 -1.351 11.572
3 16 -7.478 6.995 14.466 -10.323 6.339 12.325 -6.42 1.333 15.196
3 16 -10.323 6.339 12.325 -11.502 4.006 11.299 -6.42 1.333 15.196
3 16 -11.502 4.006 11.299 -10.027 .558 11.289 -6.42 1.333 15.196
3 16 8.189 -10.688 11.311 12.26 -4.927 10.484 5.615 -8.234 14.689
3 16 5.615 -8.234 14.689 12.26 -4.927 10.484 6.4402 -6.2034 14.7382
3 16 12.26 -4.927 10.484 6.356 -3.781 15.668 6.4402 -6.2034 14.7382
3 16 7.484 -10.54 -7.338 3.404 -14.337 -4.309 3.685 -11.152 -8.693
3 16 3.404 -14.337 -4.309 .612 -13.684 -5.487 3.685 -11.152 -8.693
3 16 12.146 -8.946 -2.343 6.912 -14.319 .185 7.484 -10.54 -7.338
3 16 6.912 -14.319 .185 3.404 -14.337 -4.309 7.484 -10.54 -7.338
3 16 13.732 -6.686 4.318 8.82 -12.793 5.974 12.146 -8.946 -2.343
3 16 8.82 -12.793 5.974 6.912 -14.319 .185 12.146 -8.946 -2.343
3 16 8.82 -12.793 5.974 13.732 -6.686 4.318 8.189 -10.688 11.311
3 16 8.189 -10.688 11.311 13.732 -6.686 4.318 12.26 -4.927 10.484
3 16 -7.105 -12.559 13.755 -1.731 -13.672 13.144 -1.315 -9.966 15.869
3 16 -1.315 -9.966 15.869 -5.994 -9.093 15.47 -7.105 -12.559 13.755
3 16 -4.96 -16.631 3.815 -10.682 -14.744 5.324 -7.086 -15.676 .158
3 16 -11.967 -13.716 1.958 -7.086 -15.676 .158 -10.682 -14.744 5.324
3 16 -2.923 -16.188 8.395 -8.848 -14.669 9.491 -4.96 -16.631 3.815
3 16 -10.682 -14.744 5.324 -4.96 -16.631 3.815 -8.848 -14.669 9.491
3 16 -8.848 -14.669 9.491 -2.923 -16.188 8.395 -7.105 -12.559 13.755
3 16 -7.105 -12.559 13.755 -2.923 -16.188 8.395 -1.731 -13.672 13.144
3 16 -10.4289 -10.5092 14.3487 -7.105 -12.559 13.755 -5.994 -9.093 15.47
3 16 -13.406 -7.9 14.347 -10.4289 -10.5092 14.3487 -11.528 -5.797 14.972
3 16 -8.9019 -7.7033 15.1233 -11.528 -5.797 14.972 -10.4289 -10.5092 14.3487
3 16 -5.994 -9.093 15.47 -8.9019 -7.7033 15.1233 -10.4289 -10.5092 14.3487
3 16 -12.4787 -12.276 10.4334 -8.848 -14.669 9.491 -10.4289 -10.5092 14.3487
3 16 -15.648 -9.261 11.175 -12.4787 -12.276 10.4334 -13.406 -7.9 14.347
3 16 -10.4289 -10.5092 14.3487 -13.406 -7.9 14.347 -12.4787 -12.276 10.4334
3 16 -7.105 -12.559 13.755 -10.4289 -10.5092 14.3487 -8.848 -14.669 9.491
3 16 -12.4787 -12.276 10.4334 -15.648 -9.261 11.175 -14.1512 -12.2695 6.6104
3 16 -8.848 -14.669 9.491 -12.4787 -12.276 10.4334 -10.682 -14.744 5.324
3 16 -14.1512 -12.2695 6.6104 -10.682 -14.744 5.324 -12.4787 -12.276 10.4334
3 16 -17.159 -9.173 7.696 -14.1512 -12.2695 6.6104 -15.648 -9.261 11.175
3 16 -14.1512 -12.2695 6.6104 -17.159 -9.173 7.696 -14.4825 -10.984 3.2425
3 16 -10.682 -14.744 5.324 -14.1512 -12.2695 6.6104 -11.967 -13.716 1.958
3 16 -14.4825 -10.984 3.2425 -11.967 -13.716 1.958 -14.1512 -12.2695 6.6104
3 16 -16.998 -8.252 4.527 -14.4825 -10.984 3.2425 -17.159 -9.173 7.696
3 16 -16.599 2.856 13.799 -15.927 -4.008 14.512 -15.024 3.081 14.311
3 16 -15.024 3.081 14.311 -15.927 -4.008 14.512 -13.783 -2.791 14.946
3 16 -19.146 -4.578 9.183 -18.141 2.831 10.916 -18.514 -3.872 6.276
3 16 -18.141 2.831 10.916 -17.676 3.003 9.273 -18.514 -3.872 6.276
3 16 -18.083 -4.492 12.065 -17.662 2.749 12.417 -19.146 -4.578 9.183
3 16 -17.662 2.749 12.417 -18.141 2.831 10.916 -19.146 -4.578 9.183
3 16 -15.927 -4.008 14.512 -16.599 2.856 13.799 -18.083 -4.492 12.065
3 16 -16.599 2.856 13.799 -17.662 2.749 12.417 -18.083 -4.492 12.065
3 16 -15.927 -4.008 14.512 -13.406 -7.9 14.347 -13.783 -2.791 14.946
3 16 -13.783 -2.791 14.946 -13.406 -7.9 14.347 -11.528 -5.797 14.972
3 16 -18.083 -4.492 12.065 -15.648 -9.261 11.175 -15.927 -4.008 14.512
3 16 -15.927 -4.008 14.512 -15.648 -9.261 11.175 -13.406 -7.9 14.347
3 16 -15.648 -9.261 11.175 -18.083 -4.492 12.065 -17.159 -9.173 7.696
3 16 -19.146 -4.578 9.183 -17.159 -9.173 7.696 -18.083 -4.492 12.065
3 16 -17.159 -9.173 7.696 -19.146 -4.578 9.183 -16.998 -8.252 4.527
3 16 -18.514 -3.872 6.276 -16.998 -8.252 4.527 -19.146 -4.578 9.183
3 16 3.623 -12.94 12.282 2.547 -9.622 15.28 -1.731 -13.672 13.144
3 16 -1.315 -9.966 15.869 -1.731 -13.672 13.144 2.547 -9.622 15.28
3 16 -2.923 -16.188 8.395 3.3 -15.582 7.27 -1.731 -13.672 13.144
3 16 -1.731 -13.672 13.144 3.3 -15.582 7.27 3.623 -12.94 12.282
3 16 3.3 -15.582 7.27 -2.923 -16.188 8.395 1.23 -16.6 2.024
3 16 -2.923 -16.188 8.395 -4.96 -16.631 3.815 1.23 -16.6 2.024
3 16 1.23 -16.6 2.024 -4.96 -16.631 3.815 -1.503 -15.843 -2.281
3 16 -4.96 -16.631 3.815 -7.086 -15.676 .158 -1.503 -15.843 -2.281
3 16 8.189 -10.688 11.311 5.615 -8.234 14.689 3.623 -12.94 12.282
3 16 2.547 -9.622 15.28 3.623 -12.94 12.282 5.615 -8.234 14.689
3 16 3.3 -15.582 7.27 8.82 -12.793 5.974 3.623 -12.94 12.282
3 16 3.623 -12.94 12.282 8.82 -12.793 5.974 8.189 -10.688 11.311
3 16 8.82 -12.793 5.974 3.3 -15.582 7.27 6.912 -14.319 .185
3 16 3.3 -15.582 7.27 1.23 -16.6 2.024 6.912 -14.319 .185
3 16 6.912 -14.319 .185 1.23 -16.6 2.024 3.404 -14.337 -4.309
3 16 1.23 -16.6 2.024 -1.503 -15.843 -2.281 3.404 -14.337 -4.309
3 16 3.404 -14.337 -4.309 -1.503 -15.843 -2.281 .612 -13.684 -5.487
3 16 -1.503 -15.843 -2.281 -3.525 -14.73 -3.662 .612 -13.684 -5.487
3 16 -13.921 3.237 14.096 -11.689 -.943 13.5 -11.502 4.006 11.299
3 16 -11.689 -.943 13.5 -10.027 .558 11.289 -11.502 4.006 11.299
3 16 -15.024 3.081 14.311 -13.783 -2.791 14.946 -13.921 3.237 14.096
3 16 -13.921 3.237 14.096 -13.783 -2.791 14.946 -11.689 -.943 13.5
3 16 -5.994 -9.093 15.47 -5.864 -6.478 13.635 -7.9595 -4.9325 13.6315
3 16 -11.528 -5.797 14.972 -8.9019 -7.7033 15.1233 -10.055 -3.387 13.628
3 16 -7.9595 -4.9325 13.6315 -10.055 -3.387 13.628 -8.9019 -7.7033 15.1233
3 16 -7.9595 -4.9325 13.6315 -8.9019 -7.7033 15.1233 -5.994 -9.093 15.47
3 16 2.547 -9.622 15.28 5.615 -8.234 14.689 1.6558 -8.2839 14.9013
3 16 2.547 -9.622 15.28 1.6558 -8.2839 14.9013 -1.315 -9.966 15.869
3 16 -1.315 -9.966 15.869 1.6558 -8.2839 14.9013 -1.949 -7.731 14.676
3 16 -5.994 -9.093 15.47 -1.315 -9.966 15.869 -1.949 -7.731 14.676
3 16 -1.949 -7.731 14.676 -5.864 -6.478 13.635 -5.994 -9.093 15.47
3 16 -1.503 -15.843 -2.281 -7.086 -15.676 .158 -3.525 -14.73 -3.662
3 16 -8.401 -14.469 -1.266 -7.33 -14.234 -2.349 -7.086 -15.676 .158
3 16 -7.086 -15.676 .158 -7.33 -14.234 -2.349 -3.525 -14.73 -3.662
3 16 -.12 -10.745 -8.088 3.685 -11.152 -8.693 .612 -13.684 -5.487
3 16 -3.904 -10.164 -7.256 -.12 -10.745 -8.088 -3.525 -14.73 -3.662
3 16 -.12 -10.745 -8.088 .612 -13.684 -5.487 -3.525 -14.73 -3.662
3 16 -16.182 -3.05 5.031 -15.648 3.572 7.811 -14.504 -2.438 5.297
3 16 -15.648 3.572 7.811 -13.673 3.934 7.235 -14.504 -2.438 5.297
3 16 -14.923 -6.887 3.233 -16.182 -3.05 5.031 -13.118 -6.009 4.156
3 16 -16.182 -3.05 5.031 -14.504 -2.438 5.297 -13.118 -6.009 4.156
3 16 -13.118 -6.009 4.156 -11.997 -8.086 3.205 -14.923 -6.887 3.233
3 16 -13.2825 -9.5045 1.897 -14.923 -6.887 3.233 -11.997 -8.086 3.205
3 16 -11.642 -12.122 .561 -13.2825 -9.5045 1.897 -10.361 -10.976 .512
3 16 -11.997 -8.086 3.205 -10.361 -10.976 .512 -13.2825 -9.5045 1.897
3 16 -13.783 -2.791 14.946 -11.528 -5.797 14.972 -11.689 -.943 13.5
3 16 -11.689 -.943 13.5 -11.528 -5.797 14.972 -10.055 -3.387 13.628
3 16 5.615 -8.234 14.689 6.4402 -6.2034 14.7382 1.0072 -6.4694 14.2254
3 16 1.0072 -6.4694 14.2254 1.6558 -8.2839 14.9013 5.615 -8.234 14.689
3 16 -2.508 -5.667 13.174 -1.949 -7.731 14.676 1.6558 -8.2839 14.9013
3 16 1.6558 -8.2839 14.9013 1.0072 -6.4694 14.2254 -2.508 -5.667 13.174
3 16 -5.751 -4.01 11.286 -5.864 -6.478 13.635 -1.949 -7.731 14.676
3 16 -1.949 -7.731 14.676 -2.508 -5.667 13.174 -5.751 -4.01 11.286
3 16 -5.864 -6.478 13.635 -5.751 -4.01 11.286 -8.881 -1.351 11.572
3 16 -7.9595 -4.9325 13.6315 -5.864 -6.478 13.635 -8.881 -1.351 11.572
3 16 -10.055 -3.387 13.628 -7.9595 -4.9325 13.6315 -8.881 -1.351 11.572
3 16 -11.689 -.943 13.5 -10.055 -3.387 13.628 -10.027 .558 11.289
3 16 -10.027 .558 11.289 -10.055 -3.387 13.628 -8.881 -1.351 11.572
3 16 -10.361 -10.976 .512 -11.997 -8.086 3.205 -11.38 -7.812 -.14
3 16 -7.677 -9.025 -5.59 -7.33 -14.234 -2.349 -11.38 -7.812 -.14
3 16 -7.33 -14.234 -2.349 -10.361 -10.976 .512 -11.38 -7.812 -.14
3 16 -10.361 -10.976 .512 -7.33 -14.234 -2.349 -11.642 -12.122 .561
3 16 -7.33 -14.234 -2.349 -8.401 -14.469 -1.266 -11.642 -12.122 .561
3 16 -7.086 -15.676 .158 -11.967 -13.716 1.958 -8.401 -14.469 -1.266
3 16 -11.967 -13.716 1.958 -11.642 -12.122 .561 -8.401 -14.469 -1.266
3 16 -14.4825 -10.984 3.2425 -16.998 -8.252 4.527 -13.2825 -9.5045 1.897
3 16 -11.967 -13.716 1.958 -14.4825 -10.984 3.2425 -11.642 -12.122 .561
3 16 -13.2825 -9.5045 1.897 -11.642 -12.122 .561 -14.4825 -10.984 3.2425
3 16 -14.923 -6.887 3.233 -13.2825 -9.5045 1.897 -16.998 -8.252 4.527
3 16 -16.998 -8.252 4.527 -18.514 -3.872 6.276 -14.923 -6.887 3.233
3 16 -18.514 -3.872 6.276 -16.182 -3.05 5.031 -14.923 -6.887 3.233
3 16 -18.514 -3.872 6.276 -17.676 3.003 9.273 -16.182 -3.05 5.031
3 16 -17.676 3.003 9.273 -15.648 3.572 7.811 -16.182 -3.05 5.031
3 16 -7.677 -9.025 -5.59 -3.904 -10.164 -7.256 -7.33 -14.234 -2.349
3 16 -3.525 -14.73 -3.662 -7.33 -14.234 -2.349 -3.904 -10.164 -7.256
2 24 -14.504 -2.438 5.297 -13.673 3.934 7.235
2 24 -5.751 -4.01 11.286 -2.508 -5.667 13.174
2 24 -8.881 -1.351 11.572 -5.751 -4.01 11.286
2 24 -2.508 -5.667 13.174 1.0072 -6.4694 14.2254
2 24 -11.997 -8.086 3.205 -13.118 -6.009 4.156
2 24 -13.118 -6.009 4.156 -14.504 -2.438 5.297
2 24 -10.027 .558 11.289 -8.881 -1.351 11.572
2 24 -11.502 4.006 11.299 -10.027 .558 11.289
2 24 -11.997 -8.086 3.205 -10.361 -10.976 .512
2 24 -7.33 -14.234 -2.349 -10.361 -10.976 .512
5 24 7.484 -10.54 -7.338 12.146 -8.946 -2.343 12.183 -6.032 -6.555 6.912 -14.319 .185

5 24 -5.994 -9.093 15.47 -8.9019 -7.7033 15.1233 -10.4289 -10.5092 14.3487 -7.9595 -4.9325 13.6315
5 24 -8.9019 -7.7033 15.1233 -7.9595 -4.9325 13.6315 -5.994 -9.093 15.47 -10.055 -3.387 13.628
5 24 -15.648 3.572 7.811 -14.504 -2.438 5.297 -13.673 3.934 7.235 -16.182 -3.05 5.031
5 24 -13.118 -6.009 4.156 -14.923 -6.887 3.233 -11.997 -8.086 3.205 -16.182 -3.05 5.031
5 24 6.4402 -6.2034 14.7382 1.0072 -6.4694 14.2254 5.615 -8.234 14.689 .9936 -5.623 14.6465
5 24 -10.361 -10.976 .512 -13.2825 -9.5045 1.897 -11.997 -8.086 3.205 -11.642 -12.122 .561
5 24 3.184 -8.832 -11.45 -2.597 -5.273 -13.078 2.638 -5.49 -13.337 -1.568 -8.648 -10.948
5 24 -11.642 -12.122 .561 -13.2825 -9.5045 1.897 -10.361 -10.976 .512 -14.4825 -10.984 3.2425
5 24 12.146 -8.946 -2.343 12.183 -6.032 -6.555 14.366 -4.396 -3.02 7.484 -10.54 -7.338
5 24 1.0072 -6.4694 14.2254 .9936 -5.623 14.6465 6.4402 -6.2034 14.7382 -2.508 -5.667 13.174
5 24 -5.864 -6.478 13.635 -8.881 -1.351 11.572 -5.751 -4.01 11.286 -7.9595 -4.9325 13.6315
5 24 -13.118 -6.009 4.156 -14.172 -3.622 -1.576 -11.38 -7.812 -.14 -14.504 -2.438 5.297
5 24 -10.168 -6.361 -7.024 -6.034 -7.88 -9.603 -7.529 -4.284 -11.281 -7.677 -9.025 -5.59
5 24 -12.4787 -12.276 10.4334 -8.848 -14.669 9.491 -10.4289 -10.5092 14.3487 -10.682 -14.744 5.324
5 24 -11.967 -13.716 1.958 -8.401 -14.469 -1.266 -11.642 -12.122 .561 -7.086 -15.676 .158
5 24 -1.568 -8.648 -10.948 -3.904 -10.164 -7.256 -.12 -10.745 -8.088 -6.034 -7.88 -9.603
5 24 12.26 -4.927 10.484 5.615 -8.234 14.689 8.189 -10.688 11.311 6.4402 -6.2034 14.7382
5 24 -5.751 -4.01 11.286 -1.949 -7.731 14.676 -2.508 -5.667 13.174 -5.864 -6.478 13.635
5 24 6.4402 -6.2034 14.7382 5.615 -8.234 14.689 1.0072 -6.4694 14.2254 12.26 -4.927 10.484
5 24 2.638 -5.49 -13.337 3.184 -8.832 -11.45 8.049 -7.8 -9.926 -2.597 -5.273 -13.078
5 24 12.371 -2.356 -8.627 12.183 -6.032 -6.555 14.366 -4.396 -3.02 7.943 -4.427 -11.82
5 24 14.366 -4.396 -3.02 15.332 -1.771 3.323 15.157 .522 -3.178 13.732 -6.686 4.318
5 24 -8.9019 -7.7033 15.1233 -10.4289 -10.5092 14.3487 -5.994 -9.093 15.47 -11.528 -5.797 14.972
5 24 -10.4289 -10.5092 14.3487 -5.994 -9.093 15.47 -7.105 -12.559 13.755 -8.9019 -7.7033 15.1233
5 24 12.146 -8.946 -2.343 6.912 -14.319 .185 7.484 -10.54 -7.338 8.82 -12.793 5.974
5 24 -2.923 -16.188 8.395 -8.848 -14.669 9.491 -7.105 -12.559 13.755 -4.96 -16.631 3.815
5 24 12.818 .459 11.621 12.26 -4.927 10.484 6.356 -3.781 15.668 15.332 -1.771 3.323
5 24 6.4402 -6.2034 14.7382 12.26 -4.927 10.484 5.615 -8.234 14.689 6.356 -3.781 15.668
5 24 -2.508 -5.667 13.174 -3.7 -3.279 13.737 -5.751 -4.01 11.286 .9936 -5.623 14.6465
5 24 -18.083 -4.492 12.065 -15.927 -4.008 14.512 -15.648 -9.261 11.175 -16.599 2.856 13.799
5 24 2.547 -9.622 15.28 -1.731 -13.672 13.144 -1.315 -9.966 15.869 3.623 -12.94 12.282
5 24 5.913 1.606 16.887 6.356 -3.781 15.668 12.818 .459 11.621 -1.2308 1.7501 16.853
5 24 -5.994 -9.093 15.47 -7.105 -12.559 13.755 -10.4289 -10.5092 14.3487 -1.315 -9.966 15.869
5 24 -16.182 -3.05 5.031 -14.504 -2.438 5.297 -13.118 -6.009 4.156 -15.648 3.572 7.811
5 24 -11.642 -12.122 .561 -14.4825 -10.984 3.2425 -11.967 -13.716 1.958 -13.2825 -9.5045 1.897
5 24 12.183 -6.032 -6.555 7.484 -10.54 -7.338 12.146 -8.946 -2.343 8.049 -7.8 -9.926
5 24 -16.182 -3.05 5.031 -18.514 -3.872 6.276 -14.923 -6.887 3.233 -17.676 3.003 9.273
5 24 -2.923 -16.188 8.395 -1.731 -13.672 13.144 -7.105 -12.559 13.755 3.3 -15.582 7.27
5 24 12.26 -4.927 10.484 6.356 -3.781 15.668 12.818 .459 11.621 6.4402 -6.2034 14.7382
5 24 -11.528 -5.797 14.972 -13.406 -7.9 14.347 -10.4289 -10.5092 14.3487 -13.783 -2.791 14.946
5 24 5.913 1.606 16.887 12.818 .459 11.621 6.356 -3.781 15.668 5.315 7.417 16.147
5 24 -7.086 -15.676 .158 -10.682 -14.744 5.324 -4.96 -16.631 3.815 -11.967 -13.716 1.958
5 24 -4.96 -16.631 3.815 -10.682 -14.744 5.324 -8.848 -14.669 9.491 -7.086 -15.676 .158
5 24 -19.146 -4.578 9.183 -18.141 2.831 10.916 -18.514 -3.872 6.276 -17.662 2.749 12.417
5 24 -13.2825 -9.5045 1.897 -14.4825 -10.984 3.2425 -11.642 -12.122 .561 -16.998 -8.252 4.527
5 24 .612 -13.684 -5.487 -1.503 -15.843 -2.281 3.404 -14.337 -4.309 -3.525 -14.73 -3.662
5 24 -7.33 -14.234 -2.349 -3.525 -14.73 -3.662 -3.904 -10.164 -7.256 -7.086 -15.676 .158
5 24 -3.904 -10.164 -7.256 -7.677 -9.025 -5.59 -6.034 -7.88 -9.603 -7.33 -14.234 -2.349
5 24 6.912 -14.319 .185 7.484 -10.54 -7.338 12.146 -8.946 -2.343 3.404 -14.337 -4.309
5 24 -11.967 -13.716 1.958 -7.086 -15.676 .158 -8.401 -14.469 -1.266 -10.682 -14.744 5.324
5 24 15.332 -1.771 3.323 13.732 -6.686 4.318 14.366 -4.396 -3.02 12.26 -4.927 10.484
5 24 1.6558 -8.2839 14.9013 5.615 -8.234 14.689 1.0072 -6.4694 14.2254 2.547 -9.622 15.28
5 24 -11.38 -7.812 -.14 -10.168 -6.361 -7.024 -7.677 -9.025 -5.59 -14.172 -3.622 -1.576
5 24 -7.529 -4.284 -11.281 -6.034 -7.88 -9.603 -10.168 -6.361 -7.024 -2.597 -5.273 -13.078
5 24 -11.642 -12.122 .561 -7.33 -14.234 -2.349 -8.401 -14.469 -1.266 -10.361 -10.976 .512
5 24 -18.514 -3.872 6.276 -14.923 -6.887 3.233 -16.182 -3.05 5.031 -16.998 -8.252 4.527
5 24 -14.923 -6.887 3.233 -11.997 -8.086 3.205 -13.2825 -9.5045 1.897 -13.118 -6.009 4.156
5 24 -6.42 1.333 15.196 -2.0588 7.4866 16.118 -7.478 6.995 14.466 -1.2308 1.7501 16.853
5 24 -13.2825 -9.5045 1.897 -16.998 -8.252 4.527 -14.923 -6.887 3.233 -14.4825 -10.984 3.2425
5 24 -18.083 -4.492 12.065 -16.599 2.856 13.799 -17.662 2.749 12.417 -15.927 -4.008 14.512
5 24 -11.38 -7.812 -.14 -11.997 -8.086 3.205 -13.118 -6.009 4.156 -10.361 -10.976 .512
5 24 -8.848 -14.669 9.491 -4.96 -16.631 3.815 -10.682 -14.744 5.324 -2.923 -16.188 8.395
5 24 -6.42 1.333 15.196 -10.323 6.339 12.325 -7.478 6.995 14.466 -11.502 4.006 11.299
5 24 -16.182 -3.05 5.031 -17.676 3.003 9.273 -15.648 3.572 7.811 -18.514 -3.872 6.276
5 24 -1.315 -9.966 15.869 -7.105 -12.559 13.755 -5.994 -9.093 15.47 -1.731 -13.672 13.144
5 24 -13.406 -7.9 14.347 -10.4289 -10.5092 14.3487 -11.528 -5.797 14.972 -12.4787 -12.276 10.4334
5 24 5.615 -8.234 14.689 1.0072 -6.4694 14.2254 1.6558 -8.2839 14.9013 6.4402 -6.2034 14.7382
5 24 -7.9595 -4.9325 13.6315 -10.055 -3.387 13.628 -8.9019 -7.7033 15.1233 -8.881 -1.351 11.572
5 24 -17.676 3.003 9.273 -18.514 -3.872 6.276 -18.141 2.831 10.916 -16.182 -3.05 5.031
5 24 8.049 -7.8 -9.926 2.638 -5.49 -13.337 3.184 -8.832 -11.45 7.943 -4.427 -11.82
5 24 -11.38 -7.812 -.14 -10.361 -10.976 .512 -11.997 -8.086 3.205 -7.33 -14.234 -2.349
5 24 12.371 -2.356 -8.627 14.366 -4.396 -3.02 15.157 .522 -3.178 12.183 -6.032 -6.555
5 24 -1.503 -15.843 -2.281 -4.96 -16.631 3.815 -7.086 -15.676 .158 1.23 -16.6 2.024
5 24 -10.4289 -10.5092 14.3487 -8.848 -14.669 9.491 -12.4787 -12.276 10.4334 -7.105 -12.559 13.755
5 24 -6.034 -7.88 -9.603 -7.677 -9.025 -5.59 -10.168 -6.361 -7.024 -3.904 -10.164 -7.256
5 24 -10.168 -6.361 -7.024 -7.529 -4.284 -11.281 -6.034 -7.88 -9.603 -11.51 -2.545 -8.051
5 24 -11.502 4.006 11.299 -11.689 -.943 13.5 -13.921 3.237 14.096 -10.027 .558 11.289
5 24 -13.406 -7.9 14.347 -15.648 -9.261 11.175 -15.927 -4.008 14.512 -12.4787 -12.276 10.4334
5 24 -18.083 -4.492 12.065 -17.159 -9.173 7.696 -19.146 -4.578 9.183 -15.648 -9.261 11.175
5 24 -10.027 .558 11.289 -6.42 1.333 15.196 -8.881 -1.351 11.572 -11.502 4.006 11.299
5 24 5.615 -8.234 14.689 8.189 -10.688 11.311 12.26 -4.927 10.484 3.623 -12.94 12.282
5 24 -15.648 -9.261 11.175 -17.159 -9.173 7.696 -18.083 -4.492 12.065 -14.1512 -12.2695 6.6104
5 24 -14.1512 -12.2695 6.6104 -12.4787 -12.276 10.4334 -10.682 -14.744 5.324 -15.648 -9.261 11.175
5 24 -13.406 -7.9 14.347 -15.927 -4.008 14.512 -15.648 -9.261 11.175 -13.783 -2.791 14.946
5 24 12.818 .459 11.621 11.779 6.272 12.158 15.578 4.096 4.79 5.315 7.417 16.147
5 24 -10.361 -10.976 .512 -11.642 -12.122 .561 -7.33 -14.234 -2.349 -13.2825 -9.5045 1.897
5 24 -13.783 -2.791 14.946 -11.528 -5.797 14.972 -13.406 -7.9 14.347 -11.689 -.943 13.5
5 24 -11.967 -13.716 1.958 -14.1512 -12.2695 6.6104 -14.4825 -10.984 3.2425 -10.682 -14.744 5.324
5 24 -15.927 -4.008 14.512 -15.024 3.081 14.311 -13.783 -2.791 14.946 -16.599 2.856 13.799
5 24 6.912 -14.319 .185 1.23 -16.6 2.024 3.404 -14.337 -4.309 3.3 -15.582 7.27
5 24 -3.904 -10.164 -7.256 -.12 -10.745 -8.088 -1.568 -8.648 -10.948 -3.525 -14.73 -3.662
5 24 3.3 -15.582 7.27 6.912 -14.319 .185 1.23 -16.6 2.024 8.82 -12.793 5.974
5 24 -3.7 -3.279 13.737 -5.751 -4.01 11.286 -2.508 -5.667 13.174 -8.881 -1.351 11.572
5 24 -15.927 -4.008 14.512 -15.648 -9.261 11.175 -18.083 -4.492 12.065 -13.406 -7.9 14.347
5 24 -10.055 -3.387 13.628 -11.689 -.943 13.5 -11.528 -5.797 14.972 -10.027 .558 11.289
5 24 8.82 -12.793 5.974 6.912 -14.319 .185 3.3 -15.582 7.27 12.146 -8.946 -2.343
5 24 8.189 -10.688 11.311 13.732 -6.686 4.318 8.82 -12.793 5.974 12.26 -4.927 10.484
5 24 -10.4289 -10.5092 14.3487 -7.105 -12.559 13.755 -5.994 -9.093 15.47 -8.848 -14.669 9.491
5 24 -17.662 2.749 12.417 -19.146 -4.578 9.183 -18.083 -4.492 12.065 -18.141 2.831 10.916
5 24 -3.525 -14.73 -3.662 -.12 -10.745 -8.088 .612 -13.684 -5.487 -3.904 -10.164 -7.256
5 24 -2.923 -16.188 8.395 3.3 -15.582 7.27 1.23 -16.6 2.024 -1.731 -13.672 13.144
5 24 -7.33 -14.234 -2.349 -8.401 -14.469 -1.266 -7.086 -15.676 .158 -11.642 -12.122 .561
5 24 -18.141 2.831 10.916 -18.514 -3.872 6.276 -19.146 -4.578 9.183 -17.676 3.003 9.273
5 24 -10.168 -6.361 -7.024 -7.677 -9.025 -5.59 -6.034 -7.88 -9.603 -11.38 -7.812 -.14
5 24 -11.528 -5.797 14.972 -10.055 -3.387 13.628 -8.9019 -7.7033 15.1233 -11.689 -.943 13.5
5 24 -14.4825 -10.984 3.2425 -11.967 -13.716 1.958 -14.1512 -12.2695 6.6104 -11.642 -12.122 .561
5 24 15.332 -1.771 3.323 12.818 .459 11.621 12.26 -4.927 10.484 15.578 4.096 4.79
5 24 -6.42 1.333 15.196 -3.7 -3.279 13.737 -8.881 -1.351 11.572 .344 -3.2932 15.6574
5 24 -11.997 -8.086 3.205 -13.2825 -9.5045 1.897 -10.361 -10.976 .512 -14.923 -6.887 3.233
5 24 -13.406 -7.9 14.347 -13.783 -2.791 14.946 -11.528 -5.797 14.972 -15.927 -4.008 14.512
5 24 3.404 -14.337 -4.309 1.23 -16.6 2.024 6.912 -14.319 .185 -1.503 -15.843 -2.281
5 24 2.547 -9.622 15.28 1.6558 -8.2839 14.9013 5.615 -8.234 14.689 -1.315 -9.966 15.869
5 24 -1.949 -7.731 14.676 -5.864 -6.478 13.635 -5.751 -4.01 11.286 -5.994 -9.093 15.47
5 24 -7.33 -14.234 -2.349 -11.38 -7.812 -.14 -10.361 -10.976 .512 -7.677 -9.025 -5.59
5 24 -17.159 -9.173 7.696 -19.146 -4.578 9.183 -16.998 -8.252 4.527 -18.083 -4.492 12.065
5 24 .9936 -5.623 14.6465 6.4402 -6.2034 14.7382 1.0072 -6.4694 14.2254 .344 -3.2932 15.6574
5 24 -7.33 -14.234 -2.349 -3.904 -10.164 -7.256 -3.525 -14.73 -3.662 -7.677 -9.025 -5.59
5 24 -5.864 -6.478 13.635 -7.9595 -4.9325 13.6315 -5.994 -9.093 15.47 -8.881 -1.351 11.572
5 24 -14.1512 -12.2695 6.6104 -15.648 -9.261 11.175 -17.159 -9.173 7.696 -12.4787 -12.276 10.4334
5 24 -16.998 -8.252 4.527 -14.4825 -10.984 3.2425 -17.159 -9.173 7.696 -13.2825 -9.5045 1.897
5 24 -10.055 -3.387 13.628 -8.9019 -7.7033 15.1233 -7.9595 -4.9325 13.6315 -11.528 -5.797 14.972
5 24 -14.4825 -10.984 3.2425 -14.1512 -12.2695 6.6104 -11.967 -13.716 1.958 -17.159 -9.173 7.696
5 24 -4.96 -16.631 3.815 -2.923 -16.188 8.395 -8.848 -14.669 9.491 1.23 -16.6 2.024
5 24 -16.182 -3.05 5.031 -15.648 3.572 7.811 -14.504 -2.438 5.297 -17.676 3.003 9.273
5 24 -14.4825 -10.984 3.2425 -17.159 -9.173 7.696 -16.998 -8.252 4.527 -14.1512 -12.2695 6.6104
5 24 -15.024 3.081 14.311 -13.783 -2.791 14.946 -15.927 -4.008 14.512 -13.921 3.237 14.096
5 24 13.732 -6.686 4.318 12.26 -4.927 10.484 15.332 -1.771 3.323 8.189 -10.688 11.311
5 24 8.189 -10.688 11.311 8.82 -12.793 5.974 13.732 -6.686 4.318 3.623 -12.94 12.282
5 24 -3.904 -10.164 -7.256 -6.034 -7.88 -9.603 -7.677 -9.025 -5.59 -1.568 -8.648 -10.948
5 24 -11.689 -.943 13.5 -10.027 .558 11.289 -10.055 -3.387 13.628 -11.502 4.006 11.299
5 24 -8.881 -1.351 11.572 -10.055 -3.387 13.628 -10.027 .558 11.289 -7.9595 -4.9325 13.6315
5 24 -1.949 -7.731 14.676 -5.994 -9.093 15.47 -1.315 -9.966 15.869 -5.864 -6.478 13.635
5 24 -8.9019 -7.7033 15.1233 -11.528 -5.797 14.972 -10.055 -3.387 13.628 -10.4289 -10.5092 14.3487
5 24 -10.4289 -10.5092 14.3487 -12.4787 -12.276 10.4334 -8.848 -14.669 9.491 -13.406 -7.9 14.347
5 24 1.0072 -6.4694 14.2254 1.6558 -8.2839 14.9013 -2.508 -5.667 13.174 5.615 -8.234 14.689
5 24 1.6558 -8.2839 14.9013 -1.949 -7.731 14.676 -2.508 -5.667 13.174 -1.315 -9.966 15.869
5 24 -7.105 -12.559 13.755 -1.731 -13.672 13.144 -2.923 -16.188 8.395 -1.315 -9.966 15.869
5 24 -7.677 -9.025 -5.59 -11.38 -7.812 -.14 -7.33 -14.234 -2.349 -10.168 -6.361 -7.024
5 24 -1.503 -15.843 -2.281 -3.525 -14.73 -3.662 -7.086 -15.676 .158 .612 -13.684 -5.487
5 24 15.332 -1.771 3.323 15.578 4.096 4.79 15.157 .522 -3.178 12.818 .459 11.621
5 24 -2.508 -5.667 13.174 1.6558 -8.2839 14.9013 1.0072 -6.4694 14.2254 -1.949 -7.731 14.676
5 24 -1.568 -8.648 -10.948 3.685 -11.152 -8.693 3.184 -8.832 -11.45 -.12 -10.745 -8.088
5 24 6.356 -3.781 15.668 -1.2308 1.7501 16.853 .344 -3.2932 15.6574 5.913 1.606 16.887
5 24 -7.677 -9.025 -5.59 -7.33 -14.234 -2.349 -11.38 -7.812 -.14 -3.904 -10.164 -7.256
5 24 -1.2308 1.7501 16.853 5.913 1.606 16.887 5.315 7.417 16.147 6.356 -3.781 15.668
5 24 12.26 -4.927 10.484 15.332 -1.771 3.323 12.818 .459 11.621 13.732 -6.686 4.318
5 24 8.049 -7.8 -9.926 7.484 -10.54 -7.338 3.184 -8.832 -11.45 12.183 -6.032 -6.555
5 24 -1.2308 1.7501 16.853 .344 -3.2932 15.6574 6.356 -3.781 15.668 -6.42 1.333 15.196
5 24 -15.196 1.962 .029 -14.172 -3.622 -1.576 -14.678 .12 -3.65 -14.504 -2.438 5.297
5 24 -16.998 -8.252 4.527 -14.923 -6.887 3.233 -18.514 -3.872 6.276 -13.2825 -9.5045 1.897
5 24 -8.848 -14.669 9.491 -10.682 -14.744 5.324 -4.96 -16.631 3.815 -12.4787 -12.276 10.4334
5 24 -10.168 -6.361 -7.024 -14.172 -3.622 -1.576 -11.38 -7.812 -.14 -11.51 -2.545 -8.051
5 24 12.818 .459 11.621 15.578 4.096 4.79 15.332 -1.771 3.323 11.779 6.272 12.158
5 24 13.732 -6.686 4.318 14.366 -4.396 -3.02 15.332 -1.771 3.323 12.146 -8.946 -2.343
5 24 7.484 -10.54 -7.338 3.685 -11.152 -8.693 3.184 -8.832 -11.45 3.404 -14.337 -4.309
5 24 -12.4787 -12.276 10.4334 -15.648 -9.261 11.175 -14.1512 -12.2695 6.6104 -13.406 -7.9 14.347
5 24 -7.105 -12.559 13.755 -8.848 -14.669 9.491 -2.923 -16.188 8.395 -10.4289 -10.5092 14.3487
5 24 .612 -13.684 -5.487 3.685 -11.152 -8.693 3.404 -14.337 -4.309 -.12 -10.745 -8.088
5 24 -8.401 -14.469 -1.266 -11.642 -12.122 .561 -7.33 -14.234 -2.349 -11.967 -13.716 1.958
5 24 12.26 -4.927 10.484 8.189 -10.688 11.311 13.732 -6.686 4.318 5.615 -8.234 14.689
5 24 -13.118 -6.009 4.156 -16.182 -3.05 5.031 -14.504 -2.438 5.297 -14.923 -6.887 3.233
5 24 -14.1512 -12.2695 6.6104 -10.682 -14.744 5.324 -11.967 -13.716 1.958 -12.4787 -12.276 10.4334
5 24 -.12 -10.745 -8.088 -1.568 -8.648 -10.948 -3.904 -10.164 -7.256 3.685 -11.152 -8.693
5 24 -1.315 -9.966 15.869 -5.994 -9.093 15.47 -7.105 -12.559 13.755 -1.949 -7.731 14.676
5 24 3.3 -15.582 7.27 3.623 -12.94 12.282 -1.731 -13.672 13.144 8.82 -12.793 5.974
5 24 -1.503 -15.843 -2.281 3.404 -14.337 -4.309 1.23 -16.6 2.024 .612 -13.684 -5.487
5 24 -17.159 -9.173 7.696 -16.998 -8.252 4.527 -19.146 -4.578 9.183 -14.4825 -10.984 3.2425
5 24 5.315 7.417 16.147 12.818 .459 11.621 5.913 1.606 16.887 11.779 6.272 12.158
5 24 -3.525 -14.73 -3.662 -3.904 -10.164 -7.256 -7.33 -14.234 -2.349 -.12 -10.745 -8.088
5 24 -17.662 2.749 12.417 -18.083 -4.492 12.065 -19.146 -4.578 9.183 -16.599 2.856 13.799
5 24 -7.086 -15.676 .158 -1.503 -15.843 -2.281 -3.525 -14.73 -3.662 -4.96 -16.631 3.815
5 24 -2.597 -5.273 -13.078 -1.568 -8.648 -10.948 -6.034 -7.88 -9.603 3.184 -8.832 -11.45
5 24 3.3 -15.582 7.27 8.82 -12.793 5.974 3.623 -12.94 12.282 6.912 -14.319 .185
5 24 12.818 .459 11.621 6.356 -3.781 15.668 12.26 -4.927 10.484 5.913 1.606 16.887
5 24 -3.525 -14.73 -3.662 .612 -13.684 -5.487 -1.503 -15.843 -2.281 -.12 -10.745 -8.088
5 24 3.623 -12.94 12.282 2.547 -9.622 15.28 -1.731 -13.672 13.144 5.615 -8.234 14.689
5 24 15.157 .522 -3.178 15.332 -1.771 3.323 15.578 4.096 4.79 14.366 -4.396 -3.02
5 24 13.732 -6.686 4.318 8.82 -12.793 5.974 8.189 -10.688 11.311 12.146 -8.946 -2.343
5 24 8.82 -12.793 5.974 12.146 -8.946 -2.343 6.912 -14.319 .185 13.732 -6.686 4.318
5 24 12.146 -8.946 -2.343 13.732 -6.686 4.318 14.366 -4.396 -3.02 8.82 -12.793 5.974
5 24 8.049 -7.8 -9.926 12.183 -6.032 -6.555 7.943 -4.427 -11.82 7.484 -10.54 -7.338
5 24 6.356 -3.781 15.668 6.4402 -6.2034 14.7382 12.26 -4.927 10.484 .344 -3.2932 15.6574
5 24 12.183 -6.032 -6.555 7.943 -4.427 -11.82 8.049 -7.8 -9.926 12.371 -2.356 -8.627
5 24 -14.923 -6.887 3.233 -16.182 -3.05 5.031 -18.514 -3.872 6.276 -13.118 -6.009 4.156
5 24 -8.881 -1.351 11.572 -3.7 -3.279 13.737 -6.42 1.333 15.196 -5.751 -4.01 11.286
5 24 -14.172 -3.622 -1.576 -11.38 -7.812 -.14 -13.118 -6.009 4.156 -10.168 -6.361 -7.024
5 24 3.404 -14.337 -4.309 7.484 -10.54 -7.338 6.912 -14.319 .185 3.685 -11.152 -8.693
5 24 -18.514 -3.872 6.276 -16.998 -8.252 4.527 -19.146 -4.578 9.183 -14.923 -6.887 3.233
5 24 5.615 -8.234 14.689 3.623 -12.94 12.282 2.547 -9.622 15.28 8.189 -10.688 11.311
5 24 5.913 1.606 16.887 5.315 7.417 16.147 -1.2308 1.7501 16.853 12.818 .459 11.621
5 24 -5.994 -9.093 15.47 -7.9595 -4.9325 13.6315 -5.864 -6.478 13.635 -8.9019 -7.7033 15.1233
5 24 8.189 -10.688 11.311 3.623 -12.94 12.282 5.615 -8.234 14.689 8.82 -12.793 5.974
5 24 -1.731 -13.672 13.144 3.3 -15.582 7.27 -2.923 -16.188 8.395 3.623 -12.94 12.282
5 24 7.943 -4.427 -11.82 8.049 -7.8 -9.926 12.183 -6.032 -6.555 2.638 -5.49 -13.337
5 24 -14.504 -2.438 5.297 -14.172 -3.622 -1.576 -15.196 1.962 .029 -13.118 -6.009 4.156
5 24 -6.42 1.333 15.196 -7.478 6.995 14.466 -2.0588 7.4866 16.118 -10.323 6.339 12.325
5 24 -16.998 -8.252 4.527 -19.146 -4.578 9.183 -17.159 -9.173 7.696 -18.514 -3.872 6.276
5 24 -10.682 -14.744 5.324 -12.4787 -12.276 10.4334 -14.1512 -12.2695 6.6104 -8.848 -14.669 9.491
5 24 3.685 -11.152 -8.693 3.184 -8.832 -11.45 7.484 -10.54 -7.338 -1.568 -8.648 -10.948
5 24 -11.528 -5.797 14.972 -11.689 -.943 13.5 -13.783 -2.791 14.946 -10.055 -3.387 13.628
5 24 1.23 -16.6 2.024 3.3 -15.582 7.27 -2.923 -16.188 8.395 6.912 -14.319 .185
5 24 12.146 -8.946 -2.343 14.366 -4.396 -3.02 12.183 -6.032 -6.555 13.732 -6.686 4.318
5 24 3.184 -8.832 -11.45 8.049 -7.8 -9.926 2.638 -5.49 -13.337 7.484 -10.54 -7.338
5 24 -1.503 -15.843 -2.281 1.23 -16.6 2.024 3.404 -14.337 -4.309 -4.96 -16.631 3.815
5 24 -6.034 -7.88 -9.603 -1.568 -8.648 -10.948 -3.904 -10.164 -7.256 -2.597 -5.273 -13.078
5 24 -11.38 -7.812 -.14 -13.118 -6.009 4.156 -14.172 -3.622 -1.576 -11.997 -8.086 3.205
5 24 -10.055 -3.387 13.628 -10.027 .558 11.289 -8.881 -1.351 11.572 -11.689 -.943 13.5
5 24 -16.599 2.856 13.799 -15.927 -4.008 14.512 -15.024 3.081 14.311 -18.083 -4.492 12.065
5 24 3.623 -12.94 12.282 -1.731 -13.672 13.144 2.547 -9.622 15.28 3.3 -15.582 7.27
5 24 3.404 -14.337 -4.309 .612 -13.684 -5.487 3.685 -11.152 -8.693 -1.503 -15.843 -2.281
5 24 7.484 -10.54 -7.338 3.184 -8.832 -11.45 3.685 -11.152 -8.693 8.049 -7.8 -9.926
5 24 -11.689 -.943 13.5 -13.783 -2.791 14.946 -13.921 3.237 14.096 -11.528 -5.797 14.972
5 24 -1.315 -9.966 15.869 2.547 -9.622 15.28 -1.731 -13.672 13.144 1.6558 -8.2839 14.9013
5 24 -15.927 -4.008 14.512 -13.783 -2.791 14.946 -13.406 -7.9 14.347 -15.024 3.081 14.311
5 24 -13.783 -2.791 14.946 -13.921 3.237 14.096 -11.689 -.943 13.5 -15.024 3.081 14.311
5 24 -6.42 1.333 15.196 -11.502 4.006 11.299 -10.027 .558 11.289 -10.323 6.339 12.325
5 24 -18.083 -4.492 12.065 -15.648 -9.261 11.175 -15.927 -4.008 14.512 -17.159 -9.173 7.696
5 24 3.623 -12.94 12.282 8.82 -12.793 5.974 3.3 -15.582 7.27 8.189 -10.688 11.311
5 24 -13.2825 -9.5045 1.897 -14.923 -6.887 3.233 -11.997 -8.086 3.205 -16.998 -8.252 4.527
5 24 -3.525 -14.73 -3.662 -7.086 -15.676 .158 -1.503 -15.843 -2.281 -7.33 -14.234 -2.349
5 24 -18.514 -3.872 6.276 -19.146 -4.578 9.183 -16.998 -8.252 4.527 -18.141 2.831 10.916
5 24 1.23 -16.6 2.024 -4.96 -16.631 3.815 -1.503 -15.843 -2.281 -2.923 -16.188 8.395
5 24 6.912 -14.319 .185 3.404 -14.337 -4.309 1.23 -16.6 2.024 7.484 -10.54 -7.338
5 24 -13.406 -7.9 14.347 -12.4787 -12.276 10.4334 -10.4289 -10.5092 14.3487 -15.648 -9.261 11.175
5 24 -8.401 -14.469 -1.266 -7.086 -15.676 .158 -11.967 -13.716 1.958 -7.33 -14.234 -2.349
5 24 5.615 -8.234 14.689 2.547 -9.622 15.28 1.6558 -8.2839 14.9013 3.623 -12.94 12.282
5 24 -14.678 .12 -3.65 -14.172 -3.622 -1.576 -15.196 1.962 .029 -11.51 -2.545 -8.051
5 24 .344 -3.2932 15.6574 .9936 -5.623 14.6465 -3.7 -3.279 13.737 6.4402 -6.2034 14.7382
5 24 -6.42 1.333 15.196 -8.881 -1.351 11.572 -3.7 -3.279 13.737 -10.027 .558 11.289
5 24 -11.689 -.943 13.5 -13.921 3.237 14.096 -13.783 -2.791 14.946 -11.502 4.006 11.299
5 24 -17.159 -9.173 7.696 -14.1512 -12.2695 6.6104 -15.648 -9.261 11.175 -14.4825 -10.984 3.2425
5 24 -7.086 -15.676 .158 -4.96 -16.631 3.815 -10.682 -14.744 5.324 -1.503 -15.843 -2.281
5 24 -14.172 -3.622 -1.576 -11.51 -2.545 -8.051 -10.168 -6.361 -7.024 -14.678 .12 -3.65
5 24 -.12 -10.745 -8.088 .612 -13.684 -5.487 3.685 -11.152 -8.693 -3.525 -14.73 -3.662
5 24 -1.568 -8.648 -10.948 3.184 -8.832 -11.45 3.685 -11.152 -8.693 -2.597 -5.273 -13.078
5 24 -1.315 -9.966 15.869 1.6558 -8.2839 14.9013 -1.949 -7.731 14.676 2.547 -9.622 15.28
5 24 14.366 -4.396 -3.02 15.157 .522 -3.178 15.332 -1.771 3.323 12.371 -2.356 -8.627
5 24 .9936 -5.623 14.6465 -2.508 -5.667 13.174 1.0072 -6.4694 14.2254 -3.7 -3.279 13.737
5 24 -6.034 -7.88 -9.603 -2.597 -5.273 -13.078 -7.529 -4.284 -11.281 -1.568 -8.648 -10.948
5 24 -7.105 -12.559 13.755 -2.923 -16.188 8.395 -8.848 -14.669 9.491 -1.731 -13.672 13.144
5 24 -10.682 -14.744 5.324 -11.967 -13.716 1.958 -7.086 -15.676 .158 -14.1512 -12.2695 6.6104
5 24 -1.731 -13.672 13.144 -1.315 -9.966 15.869 2.547 -9.622 15.28 -7.105 -12.559 13.755
5 24 -11.967 -13.716 1.958 -11.642 -12.122 .561 -8.401 -14.469 -1.266 -14.4825 -10.984 3.2425
5 24 -7.086 -15.676 .158 -7.33 -14.234 -2.349 -8.401 -14.469 -1.266 -3.525 -14.73 -3.662
5 24 -1.949 -7.731 14.676 -2.508 -5.667 13.174 -5.751 -4.01 11.286 1.6558 -8.2839 14.9013
5 24 12.183 -6.032 -6.555 14.366 -4.396 -3.02 12.371 -2.356 -8.627 12.146 -8.946 -2.343
5 24 .344 -3.2932 15.6574 6.356 -3.781 15.668 -1.2308 1.7501 16.853 6.4402 -6.2034 14.7382
5 24 -11.528 -5.797 14.972 -10.4289 -10.5092 14.3487 -8.9019 -7.7033 15.1233 -13.406 -7.9 14.347
5 24 .344 -3.2932 15.6574 -6.42 1.333 15.196 -3.7 -3.279 13.737 -1.2308 1.7501 16.853
5 24 -5.864 -6.478 13.635 -5.751 -4.01 11.286 -1.949 -7.731 14.676 -8.881 -1.351 11.572
5 24 -3.7 -3.279 13.737 .344 -3.2932 15.6574 -6.42 1.333 15.196 .9936 -5.623 14.6465
5 24 -14.504 -2.438 5.297 -15.196 1.962 .029 -14.172 -3.622 -1.576 -13.673 3.934 7.235
5 24 -19.146 -4.578 9.183 -18.083 -4.492 12.065 -17.159 -9.173 7.696 -17.662 2.749 12.417
5 24 -5.994 -9.093 15.47 -5.864 -6.478 13.635 -7.9595 -4.9325 13.6315 -1.949 -7.731 14.676
5 24 -11.51 -2.545 -8.051 -10.168 -6.361 -7.024 -14.172 -3.622 -1.576 -7.529 -4.284 -11.281
5 24 -6.42 1.333 15.196 -1.2308 1.7501 16.853 .344 -3.2932 15.6574 -2.0588 7.4866 16.118
5 24 -2.923 -16.188 8.395 1.23 -16.6 2.024 3.3 -15.582 7.27 -4.96 -16.631 3.815
5 24 -1.949 -7.731 14.676 -1.315 -9.966 15.869 -5.994 -9.093 15.47 1.6558 -8.2839 14.9013
5 24 3.685 -11.152 -8.693 -.12 -10.745 -8.088 -1.568 -8.648 -10.948 .612 -13.684 -5.487
5 24 -2.0588 7.4866 16.118 -1.2308 1.7501 16.853 5.315 7.417 16.147 -6.42 1.333 15.196
5 24 3.685 -11.152 -8.693 3.404 -14.337 -4.309 .612 -13.684 -5.487 7.484 -10.54 -7.338

0 FILE parts/s/4229s01.dat
0 ~Plate  2 x  2 with Jet Engine - Fin
0 Name: s\4229s01.dat
0 Author: Massimo Maso [Sirio]
0 !LDRAW_ORG Subpart UPDATE 2022-01
0 !LICENSE Licensed under CC BY 4.0 : see CAreadme.txt

0 BFC CERTIFY CCW

0 !HISTORY 2022-01-14 [PTadmin] Official Update 2022-01


0 // Primitives

1 16 0 -13.88 0 1.83 0 0 0 1 0 0 0 16 recte4.dat
1 16 2.3094 -8.61885 0 1.1349 0 0 .30375 1 0 0 0 40 rect.dat
1 16 -1.23975 -9.4183 0 -.06525 0 0 -.4957 -1 0 0 0 40 rect2p.dat
1 16 1.23975 -9.4183 0 .06525 0 0 -.4957 -1 0 0 0 -40 rect2p.dat
0 // Faces
4 16 1.5528 -5.7954 40 1.1745 -8.9226 40 3.4443 -8.3151 40 2.2962 -5.5434 40
4 16 3.4443 -8.3151 -40 1.1745 -8.9226 -40 1.5528 -5.7954 -40 2.2962 -5.5434 -40
4 16 1.83 -13.88 16 1.305 -9.914 40 -1.305 -9.914 40 -1.83 -13.88 16
4 16 -1.305 -9.914 -40 1.305 -9.914 -40 1.83 -13.88 -16 -1.83 -13.88 -16
4 16 -1.83 -13.88 -16 -1.83 -13.88 16 -1.305 -9.914 40 -1.305 -9.914 -40
4 16 1.305 -9.914 40 1.83 -13.88 16 1.83 -13.88 -16 1.305 -9.914 -40
4 16 1.305 -9.914 -40 -1.305 -9.914 -40 -1.1745 -8.9226 -40 1.1745 -8.9226 -40
4 16 -1.1745 -8.9226 -40 -.783 -5.9484 -40 0 -6 -40 1.1745 -8.9226 -40
3 16 1.1745 -8.9226 -40 0 -6 -40 .783 -5.9484 -40
3 16 1.1745 -8.9226 -40 .783 -5.9484 -40 1.5528 -5.7954 -40
4 16 1.305 -9.914 40 1.1745 -8.9226 40 -1.1745 -8.9226 40 -1.305 -9.914 40
4 16 1.1745 -8.9226 40 0 -6 40 -.783 -5.9484 40 -1.1745 -8.9226 40
3 16 1.1745 -8.9226 40 1.5528 -5.7954 40 .783 -5.9484 40
3 16 1.1745 -8.9226 40 .783 -5.9484 40 0 -6 40
0 // Edges
2 24 -1.305 -9.914 40 1.305 -9.914 40
2 24 -1.305 -9.914 40 -1.83 -13.88 16
2 24 1.305 -9.914 40 1.83 -13.88 16
2 24 -1.83 -13.88 -16 -1.305 -9.914 -40
2 24 1.83 -13.88 -16 1.305 -9.914 -40
2 24 -1.305 -9.914 -40 1.305 -9.914 -40

0 FILE stug2-2x2.dat
0 Stud Open Group  2 x  2
0 Name: stug2-2x2.dat
0 Author: Steffen [Steffen]
0 !LDRAW_ORG Primitive UPDATE 2012-01
0 !LICENSE Licensed under CC BY 4.0 : see CAreadme.txt

0 BFC CERTIFY CCW

0 !HISTORY 2009-05-02 [PTadmin] Official Update 2009-01
0 !HISTORY 2011-06-30 [PTadmin] Renamed from stug2a
0 !HISTORY 2011-07-25 [PTadmin] Official Update 2011-01
0 !HISTORY 2012-02-16 [Philo] Changed to CCW
0 !HISTORY 2012-03-30 [PTadmin] Official Update 2012-01


1 16 -10 0 -10 1 0 0 0 1 0 0 0 1 stud2.dat
1 16 10 0 -10 1 0 0 0 1 0 0 0 1 stud2.dat
1 16 -10 0 10 1 0 0 0 1 0 0 0 1 stud2.dat
1 16 10 0 10 1 0 0 0 1 0 0 0 1 stud2.dat

0 FILE rect1.dat
0 Rectangle with 1 Edge
0 Name: rect1.dat
0 Author: Chris Dee [cwdee]
0 !LDRAW_ORG Primitive UPDATE 2010-01
0 !LICENSE Licensed under CC BY 4.0 : see CAreadme.txt

0 BFC CERTIFY CCW

0 !HISTORY 2003-12-19 [PTadmin] Official Update 2003-03
0 !HISTORY 2007-06-24 [PTadmin] Header formatted for Contributor Agreement
0 !HISTORY 2008-07-01 [PTadmin] Official Update 2008-01
0 !HISTORY 2010-01-17 [mikeheide] changed winding to CCW
0 !HISTORY 2010-04-05 [PTadmin] Official Update 2010-01


2 24 1 0 -1 1 0 1
4 16 -1 0 1 -1 0 -1 1 0 -1 1 0 1
0

0 FILE stud2a.dat
0 Stud Open without Base Edges
0 Name: stud2a.dat
0 Author: James Jessiman
0 !LDRAW_ORG Primitive UPDATE 2009-02
0 !LICENSE Licensed under CC BY 4.0 : see CAreadme.txt

0 BFC CERTIFY CCW

0 !HISTORY 1999-07-05 [PTadmin] Official Update 1999-05
0 !HISTORY 2002-04-04 [sbliss] Modified for BFC compliance
0 !HISTORY 2002-04-25 [PTadmin] Official Update 2002-02
0 !HISTORY 2007-06-24 [PTadmin] Header formatted for Contributor Agreement
0 !HISTORY 2008-07-01 [PTadmin] Official Update 2008-01
0 !HISTORY 2009-06-21 [cwdee] Update ring references to 4-4ring
0 !HISTORY 2009-09-03 [PTadmin] Official Update 2009-02


1 16 0 -4 0 4 0 0 0 1 0 0 0 4 4-4edge.dat
1 16 0 -4 0 6 0 0 0 1 0 0 0 6 4-4edge.dat
0 BFC INVERTNEXT
1 16 0 -4 0 4 0 0 0 4 0 0 0 4 4-4cyli.dat
1 16 0 -4 0 6 0 0 0 4 0 0 0 6 4-4cyli.dat
1 16 0 -4 0 2 0 0 0 1 0 0 0 2 4-4ring2.dat
0

0 FILE axlehole.dat
0 Technic Axle Hole Closed
0 Name: axlehole.dat
0 Author: James Jessiman
0 !LDRAW_ORG Primitive UPDATE 2022-02
0 !LICENSE Licensed under CC BY 4.0 : see CAreadme.txt

0 BFC CERTIFY CCW

0 !HISTORY 2000-04-23 [sbliss] Added conditional edges along outermost diameters
0 !HISTORY 2000-05-07 [PTadmin] Official Update 2000-01
0 !HISTORY 2002-05-08 [OrionP] Made BFC compliant
0 !HISTORY 2002-08-18 [PTadmin] Official Update 2002-04
0 !HISTORY 2002-11-08 [OrionP] Adjusted fit and precision
0 !HISTORY 2003-03-12 [PTadmin] Official Update 2003-01
0 !HISTORY 2005-05-15 [guyvivan] Use 1-8chrd.dat primitive and made BFC'ed CCW
0 !HISTORY 2005-12-28 [PTadmin] Official Update 2005-01
0 !HISTORY 2007-06-24 [PTadmin] Header formatted for Contributor Agreement
0 !HISTORY 2008-07-01 [PTadmin] Official Update 2008-01
0 !HISTORY 2021-03-25 [Sirio] Added adapter rings and rounded to four decimals
0 !HISTORY 2021-12-20 [MagFors] Reshaped the hole
0 !HISTORY 2022-03-06 [PTadmin] Official Update 2022-02


1 16 0 0 0 1 0 0 0 1 0 0 0 1 axl5hol9.dat
1 16 0 1 0 1 0 0 0 1 0 0 0 1 axl5hol9.dat
1 16 0 0 0 1 0 0 0 1 0 0 0 1 axl5ho10.dat
1 16 0 1 0 1 0 0 0 -1 0 0 0 -1 axl5ho10.dat

1 16 0 0 0 1 0 0 0 1 0 0 0 1 axl5hol8.dat

0 // Adapter rings
1 16 0 0 0 6 0 0 0 1 0 0 0 6 1-16chrd.dat
1 16 0 0 0 0 0 6 0 1 0 6 0 0 1-16chrd.dat
1 16 0 0 0 0 0 -6 0 1 0 6 0 0 1-16chrd.dat
1 16 0 0 0 -6 0 0 0 1 0 0 0 6 1-16chrd.dat
1 16 0 0 0 -6 0 0 0 1 0 0 0 -6 1-16chrd.dat
1 16 0 0 0 0 0 -6 0 1 0 -6 0 0 1-16chrd.dat
1 16 0 0 0 0 0 6 0 1 0 -6 0 0 1-16chrd.dat
1 16 0 0 0 6 0 0 0 1 0 0 0 -6 1-16chrd.dat

1 16 0 1 0 6 0 0 0 -1 0 0 0 6 1-16chrd.dat
1 16 0 1 0 0 0 6 0 -1 0 6 0 0 1-16chrd.dat
1 16 0 1 0 0 0 -6 0 -1 0 6 0 0 1-16chrd.dat
1 16 0 1 0 -6 0 0 0 -1 0 0 0 6 1-16chrd.dat
1 16 0 1 0 -6 0 0 0 -1 0 0 0 -6 1-16chrd.dat
1 16 0 1 0 0 0 -6 0 -1 0 -6 0 0 1-16chrd.dat
1 16 0 1 0 0 0 6 0 -1 0 -6 0 0 1-16chrd.dat
1 16 0 1 0 6 0 0 0 -1 0 0 0 -6 1-16chrd.dat

0 FILE axlehol2.dat
0 Technic Axle Hole Side Edges
0 Name: axlehol2.dat
0 Author: James Jessiman
0 !LDRAW_ORG Primitive UPDATE 2022-02
0 !LICENSE Licensed under CC BY 4.0 : see CAreadme.txt

0 BFC CERTIFY CCW

0 !HISTORY 2002-11-08 [OrionP] Adjusted fit and precision
0 !HISTORY 2003-03-12 [PTadmin] Official Update 2003-01
0 !HISTORY 2007-06-24 [PTadmin] Header formatted for Contributor Agreement
0 !HISTORY 2008-07-01 [PTadmin] Official Update 2008-01
0 !HISTORY 2021-12-24 [MagFors] rounded to four decimals
0 !HISTORY 2022-03-06 [PTadmin] Official Update 2022-02


2 24 6 0 0 5.6023 0 2
2 24 2 0 5.6023 0 0 6
2 24 -6 0 0 -5.6023 0 2
2 24 -2 0 5.6023 0 0 6
2 24 6 0 0 5.6023 0 -2
2 24 2 0 -5.6023 0 0 -6
2 24 -6 0 0 -5.6023 0 -2
2 24 -2 0 -5.6023 0 0 -6

0 FILE axlehol3.dat
0 Technic Axle Hole Tooth Outer Edges
0 Name: axlehol3.dat
0 Author: James Jessiman
0 !LDRAW_ORG Primitive UPDATE 2022-02
0 !LICENSE Licensed under CC BY 4.0 : see CAreadme.txt

0 BFC CERTIFY CCW

0 !HISTORY 2002-11-08 [OrionP] Adjusted fit and precision
0 !HISTORY 2003-03-12 [PTadmin] Official Update 2003-01
0 !HISTORY 2007-06-24 [PTadmin] Header formatted for Contributor Agreement
0 !HISTORY 2008-07-01 [PTadmin] Official Update 2008-01
0 !HISTORY 2021-12-24 [MagFors] rounded to four decimals
0 !HISTORY 2022-03-06 [PTadmin] Official Update 2022-02


1 16 0 0 0 5.54328 0 -2.2961 0 1 0 2.2961 0 5.54328 1-8edge.dat
2 24 5.6023 0 2 5.5433 0 2.2961
2 24 2.2961 0 5.5433 2 0 5.6023
1 16 0 0 0 2.2961 0 5.54328 0 1 0 -5.54328 0 2.2961 1-8edge.dat
2 24 2 0 -5.6023 2.2961 0 -5.5433
2 24 5.5433 0 -2.2961 5.6023 0 -2
1 16 0 0 0 -5.54328 0 2.2961 0 1 0 -2.2961 0 -5.54328 1-8edge.dat
2 24 -5.6023 0 -2 -5.5433 0 -2.2961
2 24 -2.2961 0 -5.5433 -2 0 -5.6023
1 16 0 0 0 -2.2961 0 -5.54328 0 1 0 5.54328 0 -2.2961 1-8edge.dat
2 24 -2 0 5.6023 -2.2961 0 5.5433
2 24 -5.5433 0 2.2961 -5.6023 0 2

0 FILE p/48/4-4aring.dat
0 Adapter Ring Hi-Res to Normal 1.0
0 Name: 48\4-4aring.dat
0 Author: Philippe Hurbain [Philo]
0 !LDRAW_ORG 48_Primitive UPDATE 2010-02
0 !LICENSE Licensed under CC BY 4.0 : see CAreadme.txt

0 BFC CERTIFY CCW

0 !HISTORY 2010-07-05 [PTadmin] Official Update 2010-02


4 16 0.9239 0 0.3827 1 0 0 0.9914 0 0.1305 0.9659 0 0.2588
4 16 0.7071 0 0.7071 0.9239 0 0.3827 0.866 0 0.5 0.7934 0 0.6088
4 16 0.3827 0 0.9239 0.7071 0 0.7071 0.6088 0 0.7934 0.5 0 0.866
4 16 0 0 1 0.3827 0 0.9239 0.2588 0 0.9659 0.1305 0 0.9914
4 16 -0.3827 0 0.9239 0 0 1 -0.1305 0 0.9914 -0.2588 0 0.9659
4 16 -0.7071 0 0.7071 -0.3827 0 0.9239 -0.5 0 0.866 -0.6088 0 0.7934
4 16 -0.9239 0 0.3827 -0.7071 0 0.7071 -0.7934 0 0.6088 -0.866 0 0.5
4 16 -1 0 0 -0.9239 0 0.3827 -0.9659 0 0.2588 -0.9914 0 0.1305
4 16 -0.9239 0 -0.3827 -1 0 0 -0.9914 0 -0.1305 -0.9659 0 -0.2588
4 16 -0.7071 0 -0.7071 -0.9239 0 -0.3827 -0.866 0 -0.5 -0.7934 0 -0.6088
4 16 -0.3827 0 -0.9239 -0.7071 0 -0.7071 -0.6088 0 -0.7934 -0.5 0 -0.866
4 16 0 0 -1 -0.3827 0 -0.9239 -0.2588 0 -0.9659 -0.1305 0 -0.9914
4 16 0.3827 0 -0.9239 0 0 -1 0.1305 0 -0.9914 0.2588 0 -0.9659
4 16 0.7071 0 -0.7071 0.3827 0 -0.9239 0.5 0 -0.866 0.6088 0 -0.7934
4 16 0.9239 0 -0.3827 0.7071 0 -0.7071 0.7934 0 -0.6088 0.866 0 -0.5
4 16 1 0 0 0.9239 0 -0.3827 0.9659 0 -0.2588 0.9914 0 -0.1305
0 //

0 FILE 4-4ring2.dat
0 Ring  2 x 1.0
0 Name: 4-4ring2.dat
0 Author: James Jessiman
0 !LDRAW_ORG Primitive UPDATE 2009-01
0 !LICENSE Licensed under CC BY 4.0 : see CAreadme.txt

0 BFC CERTIFY CCW

0 !HISTORY 1998-12-15 [PTadmin] Official Update 1998-10
0 !HISTORY 2002-04-05 [hafhead] Added BFC statement
0 !HISTORY 2002-04-25 [PTadmin] Official Update 2002-02
0 !HISTORY 2007-06-24 [PTadmin] Header formatted for Contributor Agreement
0 !HISTORY 2008-07-01 [PTadmin] Official Update 2008-01
0 !HISTORY 2008-08-26 [cwdee] Switch polygon winding and rename
0 !HISTORY 2009-05-02 [PTadmin] Official Update 2009-01


4 16 -1.1481 0 2.7717 -0.7654 0 1.8478 0 0 2 0 0 3
4 16 -2.1213 0 2.1213 -1.4142 0 1.4142 -0.7654 0 1.8478 -1.1481 0 2.7717
4 16 -2.7717 0 1.1481 -1.8478 0 0.7654 -1.4142 0 1.4142 -2.1213 0 2.1213
4 16 -3 0 0 -2 0 0 -1.8478 0 0.7654 -2.7717 0 1.1481
4 16 -2.7717 0 -1.1481 -1.8478 0 -0.7654 -2 0 0 -3 0 0
4 16 -2.1213 0 -2.1213 -1.4142 0 -1.4142 -1.8478 0 -0.7654 -2.7717 0 -1.1481
4 16 -1.1481 0 -2.7717 -0.7654 0 -1.8478 -1.4142 0 -1.4142 -2.1213 0 -2.1213
4 16 0 0 -3 0 0 -2 -0.7654 0 -1.8478 -1.1481 0 -2.7717
4 16 1.1481 0 -2.7717 0.7654 0 -1.8478 0 0 -2 0 0 -3
4 16 2.1213 0 -2.1213 1.4142 0 -1.4142 0.7654 0 -1.8478 1.1481 0 -2.7717
4 16 2.7717 0 -1.1481 1.8478 0 -0.7654 1.4142 0 -1.4142 2.1213 0 -2.1213
4 16 3 0 0 2 0 0 1.8478 0 -0.7654 2.7717 0 -1.1481
4 16 2.7717 0 1.1481 1.8478 0 0.7654 2 0 0 3 0 0
4 16 2.1213 0 2.1213 1.4142 0 1.4142 1.8478 0 0.7654 2.7717 0 1.1481
4 16 1.1481 0 2.7717 0.7654 0 1.8478 1.4142 0 1.4142 2.1213 0 2.1213
4 16 0 0 3 0 0 2 0.7654 0 1.8478 1.1481 0 2.7717
0

0 FILE parts/s/30231s03.dat
0 ~Wing Insectoid Small Arm Hinge
0 Name: s\30231s03.dat
0 Author: Philippe Hurbain [Philo]
0 !LDRAW_ORG Subpart UPDATE 2018-01
0 !LICENSE Licensed under CC BY 4.0 : see CAreadme.txt

0 BFC CERTIFY CCW

0 !HISTORY 2018-01-30 [PTadmin] Official Update 2018-01


1 16 0 0 11 0 -1 0 1 0 0 0 0 1 arm2.dat
1 16 0 0 11 10 0 0 0 0 10 0 4 0 4-4cyli.dat
3 16 -6 -7.791 15 -6 -6.967 18.062 -7.07 -7.07 15
3 16 -6 -6.967 18.062 -7.757 -5.485 18.514 -7.07 -7.07 15
3 16 -7.07 -7.07 15 -7.757 -5.485 18.514 -9.239 -3.827 15
3 16 -7.757 -5.485 18.514 -9.134 -3.075 18.514 -9.239 -3.827 15
3 16 -6 -6.967 18.062 -6 -4.95 20.657 -7.757 -5.485 18.514
3 16 -6 -4.95 20.657 -7.757 -3.075 21.269 -7.757 -5.485 18.514
3 16 -7.757 -5.485 18.514 -7.757 -3.075 21.269 -9.134 -3.075 18.514
3 16 -6 -4.95 20.657 -6 -2.679 22.391 -7.757 -3.075 21.269
3 16 -6 6.967 18.062 -6 7.791 15 -7.07 7.07 15
3 16 -7.757 5.485 18.514 -6 6.967 18.062 -7.07 7.07 15
3 16 -7.757 5.485 18.514 -7.07 7.07 15 -9.239 3.827 15
3 16 -9.134 3.075 18.514 -7.757 5.485 18.514 -9.239 3.827 15
3 16 -6 4.95 20.657 -6 6.967 18.062 -7.757 5.485 18.514
3 16 -7.757 3.075 21.269 -6 4.95 20.657 -7.757 5.485 18.514
3 16 -7.757 3.075 21.269 -7.757 5.485 18.514 -9.134 3.075 18.514
3 16 -6 2.679 22.391 -6 4.95 20.657 -7.757 3.075 21.269
1 16 0 0 15 3.82683 0 -9.2388 -9.2388 0 -3.82683 0 -1 0 1-8chrd.dat
1 16 0 0 15 3.82683 0 -9.2388 -9.2388 0 -3.82683 0 -1 0 1-8edge.dat
2 24 -6 7.791 15 -3.827 9.239 15
2 24 -3.827 -9.239 15 -6 -7.791 15
2 24 -6 -7.791 15 -6 -6.967 18.062
2 24 -6 -6.967 18.062 -6 -4.95 20.657
2 24 -6 -4.95 20.657 -6 -2.679 22.391
2 24 -6 2.679 22.391 -6 4.95 20.657
2 24 -6 4.95 20.657 -6 6.967 18.062
2 24 -6 6.967 18.062 -6 7.791 15
3 16 -3.827 9.239 15 3.827 9.239 15 0 10 15
2 24 -3.827 9.239 15 0 10 15
2 24 0 10 15 3.827 9.239 15
3 16 6 -6.967 18.062 6 -7.791 15 7.07 -7.07 15
3 16 7.757 -5.485 18.514 6 -6.967 18.062 7.07 -7.07 15
3 16 7.757 -5.485 18.514 7.07 -7.07 15 9.239 -3.827 15
3 16 9.134 -3.075 18.514 7.757 -5.485 18.514 9.239 -3.827 15
3 16 6 -4.95 20.657 6 -6.967 18.062 7.757 -5.485 18.514
3 16 7.757 -3.075 21.269 6 -4.95 20.657 7.757 -5.485 18.514
3 16 7.757 -3.075 21.269 7.757 -5.485 18.514 9.134 -3.075 18.514
3 16 6 -2.679 22.391 6 -4.95 20.657 7.757 -3.075 21.269
3 16 6 7.791 15 6 6.967 18.062 7.07 7.07 15
3 16 6 6.967 18.062 7.757 5.485 18.514 7.07 7.07 15
3 16 7.07 7.07 15 7.757 5.485 18.514 9.239 3.827 15
3 16 7.757 5.485 18.514 9.134 3.075 18.514 9.239 3.827 15
3 16 6 6.967 18.062 6 4.95 20.657 7.757 5.485 18.514
3 16 6 4.95 20.657 7.757 3.075 21.269 7.757 5.485 18.514
3 16 7.757 5.485 18.514 7.757 3.075 21.269 9.134 3.075 18.514
3 16 6 4.95 20.657 6 2.679 22.391 7.757 3.075 21.269
2 24 6 7.791 15 3.827 9.239 15
2 24 3.827 -9.239 15 6 -7.791 15
2 24 6 -7.791 15 6 -6.967 18.062
2 24 6 -6.967 18.062 6 -4.95 20.657
2 24 6 -4.95 20.657 6 -2.679 22.391
2 24 6 2.679 22.391 6 4.95 20.657
2 24 6 4.95 20.657 6 6.967 18.062
2 24 6 6.967 18.062 6 7.791 15
2 24 6 -1 15 6 -1 22.773
2 24 -6 -1 15 -6 -1 22.773
2 24 6 1 15 6 1 22.773
2 24 -6 1 15 -6 1 22.773
5 24 -6 -6.967 18.062 -7.07 -7.07 15 -6 -7.791 15 -7.757 -5.485 18.514
5 24 -6 -6.967 18.062 -7.757 -5.485 18.514 -7.07 -7.07 15 -6 -4.95 20.657
5 24 -7.757 -5.485 18.514 -7.07 -7.07 15 -6 -6.967 18.062 -9.239 -3.827 15
5 24 -7.757 -5.485 18.514 -9.239 -3.827 15 -7.07 -7.07 15 -9.134 -3.075 18.514
5 24 -7.757 -5.485 18.514 -9.134 -3.075 18.514 -9.239 -3.827 15 -7.757 -3.075 21.269
5 24 -6 -4.95 20.657 -7.757 -5.485 18.514 -6 -6.967 18.062 -7.757 -3.075 21.269
5 24 -6 -4.95 20.657 -7.757 -3.075 21.269 -7.757 -5.485 18.514 -6 -2.679 22.391
5 24 -7.757 -3.075 21.269 -7.757 -5.485 18.514 -6 -4.95 20.657 -9.134 -3.075 18.514
5 24 -7.07 7.07 15 -6 6.967 18.062 -6 7.791 15 -7.757 5.485 18.514
5 24 -7.757 5.485 18.514 -6 6.967 18.062 -7.07 7.07 15 -6 4.95 20.657
5 24 -7.07 7.07 15 -7.757 5.485 18.514 -6 6.967 18.062 -9.239 3.827 15
5 24 -9.239 3.827 15 -7.757 5.485 18.514 -7.07 7.07 15 -9.134 3.075 18.514
5 24 -9.134 3.075 18.514 -7.757 5.485 18.514 -9.239 3.827 15 -7.757 3.075 21.269
5 24 -7.757 5.485 18.514 -6 4.95 20.657 -6 6.967 18.062 -7.757 3.075 21.269
5 24 -7.757 3.075 21.269 -6 4.95 20.657 -7.757 5.485 18.514 -6 2.679 22.391
5 24 -7.757 5.485 18.514 -7.757 3.075 21.269 -6 4.95 20.657 -9.134 3.075 18.514
5 24 7.07 -7.07 15 6 -6.967 18.062 6 -7.791 15 7.757 -5.485 18.514
5 24 7.757 -5.485 18.514 6 -6.967 18.062 7.07 -7.07 15 6 -4.95 20.657
5 24 7.07 -7.07 15 7.757 -5.485 18.514 6 -6.967 18.062 9.239 -3.827 15
5 24 9.239 -3.827 15 7.757 -5.485 18.514 7.07 -7.07 15 9.134 -3.075 18.514
5 24 9.134 -3.075 18.514 7.757 -5.485 18.514 9.239 -3.827 15 7.757 -3.075 21.269
5 24 7.757 -5.485 18.514 6 -4.95 20.657 6 -6.967 18.062 7.757 -3.075 21.269
5 24 7.757 -3.075 21.269 6 -4.95 20.657 7.757 -5.485 18.514 6 -2.679 22.391
5 24 7.757 -5.485 18.514 7.757 -3.075 21.269 6 -4.95 20.657 9.134 -3.075 18.514
5 24 9.134 -3.075 18.514 7.757 -3.075 21.269 7.757 -5.485 18.514 8.828 0 20.657
5 24 6 6.967 18.062 7.07 7.07 15 6 7.791 15 7.757 5.485 18.514
5 24 6 6.967 18.062 7.757 5.485 18.514 7.07 7.07 15 6 4.95 20.657
5 24 7.757 5.485 18.514 7.07 7.07 15 6 6.967 18.062 9.239 3.827 15
5 24 7.757 5.485 18.514 9.239 3.827 15 7.07 7.07 15 9.134 3.075 18.514
5 24 7.757 5.485 18.514 9.134 3.075 18.514 9.239 3.827 15 7.757 3.075 21.269
5 24 6 4.95 20.657 7.757 5.485 18.514 6 6.967 18.062 7.757 3.075 21.269
5 24 6 4.95 20.657 7.757 3.075 21.269 7.757 5.485 18.514 6 2.679 22.391
5 24 7.757 3.075 21.269 7.757 5.485 18.514 6 4.95 20.657 9.134 3.075 18.514
5 24 7.757 3.075 21.269 9.134 3.075 18.514 7.757 5.485 18.514 8.828 0 20.657
5 24 -9.239 -3.827 15 -7.07 -7.07 15 -7.757 -5.485 18.514 -7.071 -7.071 11
5 24 -7.07 7.07 15 -9.239 3.827 15 -7.757 5.485 18.514 -9.239 3.827 11
5 24 7.07 -7.07 15 9.239 -3.827 15 7.757 -5.485 18.514 9.239 -3.827 11
5 24 9.239 3.827 15 7.07 7.07 15 7.757 5.485 18.514 7.071 7.071 11
5 24 6 7.791 15 7.07 7.07 15 6 6.967 18.062 7.071 7.071 11
5 24 -7.071 7.071 15 -6 7.791 15 -6 6.967 18.062 -7.071 7.071 11
5 24 -7.071 -7.071 15 -6 -7.791 15 -6 -6.967 18.062 -7.071 -7.071 11
5 24 7.07 -7.07 15 6 -7.791 15 6 -6.967 18.062 7.071 -7.071 11
3 16 -9.239 -3.827 15 -9.134 -3.075 18.514 -9.801 -1 15
3 16 -9.801 -1 15 -9.134 -3.075 18.514 -9.545 -1 17.735
3 16 -9.545 -1 17.735 -9.134 -3.075 18.514 -8.704 -1 20.408
3 16 -8.704 -1 20.408 -9.134 -3.075 18.514 -7.757 -3.075 21.269
3 16 -8.704 -1 20.408 -7.757 -3.075 21.269 -7.282 -1 22.209
3 16 -7.282 -1 22.209 -7.757 -3.075 21.269 -6 -2.679 22.391
3 16 -7.282 -1 22.209 -6 -2.679 22.391 -6 -1 22.773
2 24 -9.801 -1 15 -9.545 -1 17.735
2 24 -8.704 -1 20.408 -9.545 -1 17.735
2 24 -7.282 -1 22.209 -8.704 -1 20.408
2 24 -6 -1 22.773 -7.282 -1 22.209
2 24 -6 -2.679 22.391 -6 -1 22.773
4 16 -6 -6.967 18.062 -6 -7.791 15 -6 -1 15 -6 -4.95 20.657
4 16 -6 -2.679 22.391 -6 -4.95 20.657 -6 -1 15 -6 -1 22.773
3 16 -9.134 3.075 18.514 -9.239 3.827 15 -9.801 1 15
3 16 -9.134 3.075 18.514 -9.801 1 15 -9.545 1 17.735
3 16 -9.134 3.075 18.514 -9.545 1 17.735 -8.704 1 20.408
3 16 -9.134 3.075 18.514 -8.704 1 20.408 -7.757 3.075 21.269
3 16 -7.757 3.075 21.269 -8.704 1 20.408 -7.282 1 22.209
3 16 -7.757 3.075 21.269 -7.282 1 22.209 -6 2.679 22.391
3 16 -6 2.679 22.391 -7.282 1 22.209 -6 1 22.773
2 24 -9.801 1 15 -9.545 1 17.735
2 24 -8.704 1 20.408 -9.545 1 17.735
2 24 -7.282 1 22.209 -8.704 1 20.408
2 24 -6 1 22.773 -7.282 1 22.209
2 24 -6 2.679 22.391 -6 1 22.773
4 16 -6 1 15 -6 7.791 15 -6 6.967 18.062 -6 4.95 20.657
4 16 -6 1 15 -6 4.95 20.657 -6 2.679 22.391 -6 1 22.773
3 16 9.134 -3.075 18.514 9.239 -3.827 15 9.801 -1 15
3 16 9.134 -3.075 18.514 9.801 -1 15 9.545 -1 17.735
3 16 9.134 -3.075 18.514 9.545 -1 17.735 8.704 -1 20.408
3 16 9.134 -3.075 18.514 8.704 -1 20.408 7.757 -3.075 21.269
3 16 7.757 -3.075 21.269 8.704 -1 20.408 7.282 -1 22.209
3 16 7.757 -3.075 21.269 7.282 -1 22.209 6 -2.679 22.391
3 16 6 -2.679 22.391 7.282 -1 22.209 6 -1 22.773
2 24 9.801 -1 15 9.545 -1 17.735
2 24 8.704 -1 20.408 9.545 -1 17.735
2 24 7.282 -1 22.209 8.704 -1 20.408
2 24 6 -1 22.773 7.282 -1 22.209
2 24 6 -2.679 22.391 6 -1 22.773
4 16 6 -1 15 6 -7.791 15 6 -6.967 18.062 6 -4.95 20.657
4 16 6 -1 15 6 -4.95 20.657 6 -2.679 22.391 6 -1 22.773
3 16 9.239 3.827 15 9.134 3.075 18.514 9.801 1 15
3 16 9.801 1 15 9.134 3.075 18.514 9.545 1 17.735
3 16 9.545 1 17.735 9.134 3.075 18.514 8.704 1 20.408
3 16 8.704 1 20.408 9.134 3.075 18.514 7.757 3.075 21.269
3 16 8.704 1 20.408 7.757 3.075 21.269 7.282 1 22.209
3 16 7.282 1 22.209 7.757 3.075 21.269 6 2.679 22.391
3 16 7.282 1 22.209 6 2.679 22.391 6 1 22.773
2 24 9.801 1 15 9.545 1 17.735
2 24 8.704 1 20.408 9.545 1 17.735
2 24 7.282 1 22.209 8.704 1 20.408
2 24 6 1 22.773 7.282 1 22.209
2 24 6 2.679 22.391 6 1 22.773
4 16 6 6.967 18.062 6 7.791 15 6 1 15 6 4.95 20.657
4 16 6 2.679 22.391 6 4.95 20.657 6 1 15 6 1 22.773
4 16 -3.827 -9.239 15 3.827 -9.239 15 6 -7.791 15 -6 -7.791 15
1 16 0 -4.3955 15 6 0 0 0 0 3.3955 0 -1 0 rect3.dat
1 16 0 4.3955 15 -6 0 0 0 0 -3.3955 0 -1 0 rect3.dat
4 16 -3.827 9.239 15 -6 7.791 15 6 7.791 15 3.827 9.239 15
5 24 -9.134 3.075 18.514 -9.545 1 17.735 -9.801 1 15 -8.704 1 20.408
5 24 -9.134 3.075 18.514 -9.239 3.827 15 -9.801 1 15 -7.757 5.485 18.514
5 24 -9.801 1 15 -9.134 3.075 18.514 -9.239 3.827 15 -9.545 1 17.735
5 24 -6 -2.679 22.391 -7.757 -3.075 21.269 -7.282 -1 22.209 -6 -4.95 20.657
5 24 8.704 1 20.408 7.757 3.075 21.269 9.134 3.075 18.514 7.282 1 22.209
5 24 7.757 -3.075 21.269 7.282 -1 22.209 8.704 -1 20.408 6 -2.679 22.391
5 24 9.239 3.827 15 9.134 3.075 18.514 9.801 1 15 7.757 5.485 18.514
5 24 -8.704 1 20.408 -9.134 3.075 18.514 -9.545 1 17.735 -7.757 3.075 21.269
5 24 -7.757 3.075 21.269 -8.704 1 20.408 -9.134 3.075 18.514 -7.282 1 22.209
5 24 -9.134 -3.075 18.514 -9.545 -1 17.735 -8.704 -1 20.408 -9.801 -1 15
5 24 -7.282 -1 22.209 -7.757 -3.075 21.269 -8.704 -1 20.408 -6 -2.679 22.391
5 24 -9.134 -3.075 18.514 -9.239 -3.827 15 -9.801 -1 15 -7.757 -5.485 18.514
5 24 9.545 1 17.735 9.134 3.075 18.514 9.801 1 15 8.704 1 20.408
5 24 -7.282 1 22.209 -7.757 3.075 21.269 -8.704 1 20.408 -6 2.679 22.391
5 24 -7.757 3.075 21.269 -9.134 3.075 18.514 -7.757 5.485 18.514 -8.704 1 20.408
5 24 -6 2.679 22.391 -7.282 1 22.209 -7.757 3.075 21.269 -6 1 22.773
5 24 9.134 -3.075 18.514 8.704 -1 20.408 9.545 -1 17.735 7.757 -3.075 21.269
5 24 9.134 3.075 18.514 9.801 1 15 9.239 3.827 15 9.545 1 17.735
5 24 -8.704 -1 20.408 -9.134 -3.075 18.514 -9.545 -1 17.735 -7.757 -3.075 21.269
5 24 7.757 3.075 21.269 6 2.679 22.391 7.282 1 22.209 6 4.95 20.657
5 24 8.704 -1 20.408 7.757 -3.075 21.269 9.134 -3.075 18.514 7.282 -1 22.209
5 24 9.134 -3.075 18.514 9.239 -3.827 15 9.801 -1 15 7.757 -5.485 18.514
5 24 -6 -2.679 22.391 -7.282 -1 22.209 -7.757 -3.075 21.269 -6 -1 22.773
5 24 9.134 3.075 18.514 8.704 1 20.408 9.545 1 17.735 7.757 3.075 21.269
5 24 7.757 3.075 21.269 7.282 1 22.209 8.704 1 20.408 6 2.679 22.391
5 24 -6 2.679 22.391 -7.757 3.075 21.269 -7.282 1 22.209 -6 4.95 20.657
5 24 6 -2.679 22.391 7.757 -3.075 21.269 6 -4.95 20.657 7.282 -1 22.209
5 24 -7.757 -3.075 21.269 -9.134 -3.075 18.514 -7.757 -5.485 18.514 -8.704 -1 20.408
5 24 9.545 -1 17.735 9.134 -3.075 18.514 9.801 -1 15 8.704 -1 20.408
5 24 7.282 1 22.209 6 2.679 22.391 7.757 3.075 21.269 6 1 22.773
5 24 -9.801 -1 15 -9.134 -3.075 18.514 -9.239 -3.827 15 -9.545 -1 17.735
5 24 -7.757 -3.075 21.269 -8.704 -1 20.408 -9.134 -3.075 18.514 -7.282 -1 22.209
5 24 7.282 -1 22.209 6 -2.679 22.391 7.757 -3.075 21.269 6 -1 22.773
5 24 9.134 -3.075 18.514 9.801 -1 15 9.239 -3.827 15 9.545 -1 17.735
5 24 -9.239 -3.827 15 -9.801 -1 15 -9.239 -3.827 11 -9.134 -3.075 18.514
5 24 -9.801 1 15 -9.239 3.827 15 -9.134 3.075 18.514 -9.239 3.827 11
5 24 9.801 -1 15 9.239 -3.827 15 9.134 -3.075 18.514 9.239 -3.827 11
5 24 9.801 1 15 9.239 3.827 15 9.134 3.075 18.514 9.239 3.827 11

0 FILE 3-8cylo.dat
0 Cylinder Open 0.375
0 Name: 3-8cylo.dat
0 Author: J.C. Tchang [tchang]
0 !LDRAW_ORG Primitive UPDATE 2013-01
0 !LICENSE Licensed under CC BY 4.0 : see CAreadme.txt

0 BFC CERTIFY CCW

0 !HISTORY 2013-07-21 [PTadmin] Official Update 2013-01


1 16 0 0 0 1 0 0 0 1 0 0 0 1 3-8edge.dat
1 16 0 1 0 1 0 0 0 1 0 0 0 1 3-8edge.dat
1 16 0 0 0 1 0 0 0 1 0 0 0 1 3-8cyli.dat

0 FILE parts/s/30230s01.dat
0 ~Wing Insectoid Large with Arm Hinge Grainy Edge
0 Name: s\30230s01.dat
0 Author: Philippe Hurbain [Philo]
0 !LDRAW_ORG Subpart UPDATE 2019-01
0 !LICENSE Licensed under CC BY 4.0 : see CAreadme.txt

0 BFC CERTIFY CCW

0 !HISTORY 2019-06-28 [PTadmin] Official Update 2019-01


1 16 -45 -1 346 6 0 0 0 1 0 0 0 6 4-4ndis.dat
4 16 15.5 -1 56.5 8.2 -1 37.1 9.545 -1 17.735 24.7 -1 53.6
4 16 -10.2 -1 37.2 -44.6 -1 136.3 -54.8 -1 134.3 -9.801 -1 15
1 16 15 -1 167 0 0 6 0 1 0 -6 0 0 2-4ndis.dat
1 16 15 -1 167 0 0 -2 0 1 0 2 0 0 2-4ring3.dat
3 16 -9.801 -1 15 -9.545 -1 17.735 -10.2 -1 37.2
3 16 -10.2 -1 37.2 -9.545 -1 17.735 -8.704 -1 20.408
3 16 -10.2 -1 37.2 -8.704 -1 20.408 -7.282 -1 22.209
3 16 -10.2 -1 37.2 -7.282 -1 22.209 -6 -1 22.773
3 16 9.545 -1 17.735 9.801 -1 15 24.7 -1 53.6
3 16 8.704 -1 20.408 9.545 -1 17.735 8.2 -1 37.1
3 16 8.704 -1 20.408 8.2 -1 37.1 7.282 -1 22.209
3 16 7.282 -1 22.209 8.2 -1 37.1 6 -1 22.773
4 16 -10.2 -1 37.2 -6 -1 22.773 6 -1 22.773 8.2 -1 37.1
4 16 6 -1 15 6 -1 22.773 -6 -1 22.773 -6 -1 15
1 16 -50 -1 371 3.54 0 -3.54 0 1 0 3.54 0 3.54 3-8chrd.dat
4 16 -46.46 -1 374.54 -55.0063 -1 371 -51 -1 352 -39 -1 352
4 16 -39 -1 340 -51 -1 340 -43.9 -1 320.8667 -42.6 -1 321.2333
4 16 -15.2 -1 333.6 -39 -1 340 -42.6 -1 321.2333 -41.5 -1 321.1667
3 16 -39 -1 352 -39 -1 340 -15.2 -1 333.6
3 16 -39 -1 352 -15.2 -1 333.6 -46.46 -1 374.54
4 16 -54.8 -1 134.3 -51 -1 340 -51 -1 352 -55.0063 -1 371
4 16 -54.8 -1 134.3 -44.6 -1 136.3 -44.7 -1 319.7 -51 -1 340
3 16 -44.7 -1 319.7 -43.9 -1 320.8667 -51 -1 340
3 16 -41.5 -1 321.1667 -40.2 -1 320.1 -15.2 -1 333.6
3 16 -15.2 -1 333.6 -40.2 -1 320.1 -13.4 -1 283.8
4 16 24.8 -1 174.2 21 -1 173 21 -1 161 24.7 -1 53.6
4 16 15 -1 175 15 -1 173 21 -1 173 24.8 -1 174.2
4 16 -15.2 -1 333.6 -13.4 -1 283.8 15 -1 175 24.8 -1 174.2
4 16 21 -1 161 15 -1 161 15 -1 159 24.7 -1 53.6
3 16 15.5 -1 56.5 24.7 -1 53.6 15 -1 159
4 16 -10.2 -1 37.2 8.2 -1 37.1 3.1 -1 38.5 -4.7 -1 38.6

0 FILE parts/s/30230s02.dat
0 ~Wing Insectoid Large with Arm Hinge Shiny Patternable Surface
0 Name: s\30230s02.dat
0 Author: Philippe Hurbain [Philo]
0 !LDRAW_ORG Subpart UPDATE 2019-01
0 !LICENSE Licensed under CC BY 4.0 : see CAreadme.txt

0 BFC CERTIFY CCW

0 !HISTORY 2019-06-28 [PTadmin] Official Update 2019-01


4 16 -40.2 -1 320.1 -41.5 -1 321.1667 -44.6 -1 136.3 -13.4 -1 283.8
3 16 -43.9 -1 320.8667 -44.7 -1 319.7 -44.6 -1 136.3
4 16 -41.5 -1 321.1667 -42.6 -1 321.2333 -43.9 -1 320.8667 -44.6 -1 136.3
4 16 -44.6 -1 136.3 7 -1 159 7 -1 175 -13.4 -1 283.8
4 16 3.1 -1 38.5 8.2 -1 37.1 15.5 -1 56.5 15 -1 159
4 16 3.1 -1 38.5 15 -1 159 7 -1 159 -4.7 -1 38.6
4 16 -4.7 -1 38.6 7 -1 159 -44.6 -1 136.3 -10.2 -1 37.2
1 16 15 -1 167 0 0 -8 0 1 0 8 0 0 2-4ndis.dat
3 16 7 -1 175 15 -1 175 -13.4 -1 283.8

0 FILE parts/s/100662p01s02.dat
0 ~Minifig Baby Head with Eyes and Smile Pattern Half
0 Name: s\100662p01s02.dat
0 Author: Fredrik Hareide [fhareide]
0 !LDRAW_ORG Subpart UPDATE 2023-04
0 !LICENSE Licensed under CC BY 4.0 : see CAreadme.txt

0 BFC CERTIFY CCW

0 !HISTORY 2023-06-07 [Holly-Wood] Fixed control points, sanded mesh
0 !HISTORY 2023-08-25 [OrionP] Official Update 2023-04


0 BFC INVERTNEXT
1 16 0 -12.5 0 0 0 4 0 12.5 0 -4 0 0 2-4cylc.dat
1 16 0 0 0 0 0 2 0 -1 0 -2 0 0 2-4ring2.dat

0 // Black
3 0 3.442 -11.293 -9.316 3.319 -11.098 -9.34 3.827 -9.676 -9.239
3 0 3.827 -12.17 -9.239 3.442 -11.753 -9.316 3.485 -11.523 -9.307
3 0 2.978 -12.616 -9.408 2.92 -12.124 -9.419 3.136 -12.078 -9.376
3 0 4.189 -11.579 -8.997 4.119 -10.184 -9.044 4.272 -10.824 -8.942
4 0 .5 -6.803 -9.901 0 -6.763 -10 0 -5.963 -10 .54 -6.043 -9.893
4 0 .5 -6.803 -9.901 .54 -6.043 -9.893 1.14 -6.263 -9.773 1 -7.003 -9.801
4 0 1 -7.003 -9.801 1.14 -6.263 -9.773 1.68 -6.683 -9.666 1.46 -7.443 -9.71
4 0 1.46 -7.443 -9.71 1.68 -6.683 -9.666 2.1 -7.363 -9.582 1.78 -7.903 -9.646
4 0 1.78 -7.903 -9.646 2.1 -7.363 -9.582 2.14 -7.803 -9.574 2 -7.963 -9.602
4 0 2.704 -12.078 -9.462 2.92 -12.124 -9.419 2.978 -12.616 -9.408 2.429 -12.524 -9.517
4 0 2.52 -11.948 -9.499 2.704 -12.078 -9.462 2.429 -12.524 -9.517 1.946 -12.189 -9.613
4 0 2.398 -11.753 -9.523 2.52 -11.948 -9.499 1.946 -12.189 -9.613 1.601 -11.662 -9.682
4 0 2.355 -11.523 -9.532 2.398 -11.753 -9.523 1.601 -11.662 -9.682 1.449 -11.021 -9.712
4 0 2.398 -11.293 -9.523 2.355 -11.523 -9.532 1.449 -11.021 -9.712 1.511 -10.366 -9.7
4 0 2.52 -11.098 -9.499 2.398 -11.293 -9.523 1.511 -10.366 -9.7 1.778 -9.795 -9.646
4 0 2.704 -10.967 -9.462 2.52 -11.098 -9.499 1.778 -9.795 -9.646 2.211 -9.396 -9.56
4 0 2.92 -10.922 -9.419 2.704 -10.967 -9.462 2.211 -9.396 -9.56 2.742 -9.23 -9.455
4 0 3.136 -10.967 -9.376 2.92 -10.922 -9.419 2.742 -9.23 -9.455 3.291 -9.321 -9.346
4 0 3.136 -10.967 -9.376 3.291 -9.321 -9.346 3.827 -9.676 -9.239 3.319 -11.098 -9.34
4 0 3.442 -11.293 -9.316 3.827 -9.676 -9.239 3.827 -12.17 -9.239 3.485 -11.523 -9.307
4 0 3.319 -11.948 -9.34 3.442 -11.753 -9.316 3.827 -12.17 -9.239 3.51 -12.449 -9.302
4 0 3.136 -12.078 -9.376 3.319 -11.948 -9.34 3.51 -12.449 -9.302 2.978 -12.616 -9.408
4 0 3.827 -12.17 -9.239 3.827 -9.676 -9.239 4.119 -10.184 -9.044 4.189 -11.579 -8.997

0 // White
4 15 2.92 -11.523 -9.419 2.398 -11.753 -9.523 2.355 -11.523 -9.532 2.398 -11.293 -9.523
4 15 2.92 -11.523 -9.419 2.398 -11.293 -9.523 2.52 -11.098 -9.499 2.704 -10.967 -9.462
4 15 2.92 -11.523 -9.419 2.704 -10.967 -9.462 2.92 -10.922 -9.419 3.136 -10.967 -9.376
4 15 2.92 -11.523 -9.419 3.136 -10.967 -9.376 3.319 -11.098 -9.34 3.442 -11.293 -9.316
4 15 2.92 -11.523 -9.419 3.442 -11.293 -9.316 3.485 -11.523 -9.307 3.442 -11.753 -9.316
4 15 2.92 -11.523 -9.419 3.442 -11.753 -9.316 3.319 -11.948 -9.34 3.136 -12.078 -9.376
4 15 2.92 -11.523 -9.419 3.136 -12.078 -9.376 2.92 -12.124 -9.419 2.704 -12.078 -9.462
4 15 2.92 -11.523 -9.419 2.704 -12.078 -9.462 2.52 -11.948 -9.499 2.398 -11.753 -9.523

0 // Main_Colour
3 16 0 -14.063 -10 1.601 -11.662 -9.682 1.946 -12.189 -9.613
3 16 0 -14.063 -10 1.946 -12.189 -9.613 2.429 -12.524 -9.517
3 16 3.827 -14.063 -9.239 2.978 -12.616 -9.408 3.51 -12.449 -9.302
3 16 3.827 -14.063 -9.239 3.51 -12.449 -9.302 3.827 -12.17 -9.239
3 16 4.119 -10.184 -9.044 3.827 -9.676 -9.239 3.827 -5.063 -9.239
3 16 2.14 -7.803 -9.574 2.1 -7.363 -9.582 3.827 -5.063 -9.239
3 16 2.1 -7.363 -9.582 1.68 -6.683 -9.666 3.827 -5.063 -9.239
3 16 1.68 -6.683 -9.666 1.14 -6.263 -9.773 3.827 -5.063 -9.239
3 16 .54 -6.043 -9.893 0 -5.963 -10 0 -5.063 -10
3 16 0 -14.063 -10 1.449 -11.021 -9.712 1.601 -11.662 -9.682
3 16 1.778 -9.795 -9.646 1.46 -7.443 -9.71 1.78 -7.903 -9.646
3 16 3.291 -9.321 -9.346 2.742 -9.23 -9.455 2.14 -7.803 -9.574
4 16 0 -14.063 -10 2.429 -12.524 -9.517 2.978 -12.616 -9.408 3.827 -14.063 -9.239
4 16 7.071 -14.063 -7.071 3.827 -14.063 -9.239 3.827 -12.17 -9.239 4.189 -11.579 -8.997
4 16 7.071 -14.063 -7.071 4.189 -11.579 -8.997 4.272 -10.824 -8.942 7.071 -5.063 -7.071
4 16 7.071 -5.063 -7.071 4.272 -10.824 -8.942 4.119 -10.184 -9.044 3.827 -5.063 -9.239
4 16 3.827 -5.063 -9.239 3.827 -9.676 -9.239 3.291 -9.321 -9.346 2.14 -7.803 -9.574
4 16 3.827 -5.063 -9.239 1.14 -6.263 -9.773 .54 -6.043 -9.893 0 -5.063 -10
4 16 0 -14.063 -10 0 -6.763 -10 .5 -6.803 -9.901 1.449 -11.021 -9.712
4 16 1.511 -10.366 -9.7 1.449 -11.021 -9.712 .5 -6.803 -9.901 1 -7.003 -9.801
4 16 1.778 -9.795 -9.646 1.511 -10.366 -9.7 1 -7.003 -9.801 1.46 -7.443 -9.71
4 16 1.778 -9.795 -9.646 1.78 -7.903 -9.646 2 -7.963 -9.602 2.211 -9.396 -9.56
4 16 2.742 -9.23 -9.455 2.211 -9.396 -9.56 2 -7.963 -9.602 2.14 -7.803 -9.574
4 16 0 -14.063 -10 3.827 -14.063 -9.239 3.74 -15.258 -9.03 0 -15.271 -9.772
3 16 0 -5.063 -10 0 -3.88 -9.797 1.769 -3.88 -9.449
3 16 0 -5.063 -10 1.769 -3.88 -9.449 3.827 -5.063 -9.239
3 16 3.827 -5.063 -9.239 1.769 -3.88 -9.449 3.748 -3.88 -9.028
3 16 3.827 -5.063 -9.239 3.748 -3.88 -9.028 5.2 -3.753 -8.029
3 16 3.827 -5.063 -9.239 5.2 -3.753 -8.029 6.444 -3.866 -7.223
3 16 3.827 -5.063 -9.239 6.444 -3.866 -7.223 7.071 -5.063 -7.071
3 16 7.071 -5.063 -7.071 6.444 -3.866 -7.223 6.932 -4.023 -6.932
3 16 7.071 -5.063 -7.071 6.932 -4.023 -6.932 7.487 -4.291 -6.191
3 16 7.071 -5.063 -7.071 7.487 -4.291 -6.191 8.058 -5.063 -5.594
3 16 7.071 -5.063 -7.071 8.058 -5.063 -5.594 8.601 -6.017 -4.782
3 16 7.071 -5.063 -7.071 8.601 -6.017 -4.782 9.185 -9.12 -3.908
3 16 7.071 -5.063 -7.071 9.185 -9.12 -3.908 7.071 -14.063 -7.071
3 16 9.185 -9.12 -3.908 9.085 -11.938 -4.057 7.071 -14.063 -7.071
3 16 7.071 -14.063 -7.071 9.085 -11.938 -4.057 8.555 -13.476 -4.851
3 16 7.071 -14.063 -7.071 8.555 -13.476 -4.851 8.14 -14.063 -5.472
3 16 6.975 -14.782 -6.975 7.071 -14.063 -7.071 8.14 -14.063 -5.472
3 16 3.74 -15.258 -9.03 3.827 -14.063 -9.239 5.442 -15.14 -7.919
3 16 5.442 -15.14 -7.919 3.827 -14.063 -9.239 7.071 -14.063 -7.071
3 16 5.442 -15.14 -7.919 7.071 -14.063 -7.071 6.975 -14.782 -6.975

5 24 0 -14.063 -10 0 -5.063 -10 3.827 -14.063 -9.239 -3.827 -14.063 -9.239
5 24 0 -14.063 -10 0 -15.271 -9.772 3.74 -15.258 -9.03 -3.74 -15.258 -9.03
5 24 0 -5.063 -10 0 -3.88 -9.797 1.769 -3.88 -9.449 -1.769 -3.88 -9.449
5 24 3.827 -5.063 -9.239 0 -5.063 -10 0 -3.88 -9.797 0 -14.063 -10
5 24 3.827 -14.063 -9.239 0 -14.063 -10 0 -15.271 -9.772 0 -5.063 -10
5 24 3.827 -5.063 -9.239 3.827 -14.063 -9.239 7.071 -14.063 -7.071 0 -14.063 -10
5 24 3.74 -15.258 -9.03 3.827 -14.063 -9.239 5.442 -15.14 -7.919 0 -15.271 -9.772
5 24 3.827 -5.063 -9.239 3.748 -3.88 -9.028 1.769 -3.88 -9.449 5.2 -3.753 -8.029
5 24 7.071 -14.063 -7.071 7.071 -5.063 -7.071 8.058 -5.063 -5.594 3.827 -5.063 -9.239
5 24 6.932 -4.023 -6.932 7.071 -5.063 -7.071 8.058 -5.063 -5.594 3.827 -5.063 -9.239
5 24 6.975 -14.782 -6.975 7.071 -14.063 -7.071 8.14 -14.063 -5.472 3.827 -14.063 -9.239
5 24 7.071 -14.063 -7.071 3.827 -14.063 -9.239 3.74 -15.258 -9.03 3.827 -5.063 -9.239
5 24 7.071 -5.063 -7.071 3.827 -5.063 -9.239 3.748 -3.88 -9.028 3.827 -14.063 -9.239
5 24 8.058 -5.063 -5.594 7.071 -5.063 -7.071 6.932 -4.023 -6.932 7.071 -14.063 -7.071
5 24 8.14 -14.063 -5.472 7.071 -14.063 -7.071 6.975 -14.782 -6.975 7.071 -5.063 -7.071

0 FILE parts/s/6024p02s01.dat
0 ~Baseplate 32 x 32 Canyon with Island - Back
0 Name: s\6024p02s01.dat
0 Author: Mikkel Bech Jensen [gaia]
0 !LDRAW_ORG Subpart UPDATE 2019-02
0 !LICENSE Licensed under CC BY 4.0 : see CAreadme.txt

0 BFC CERTIFY CCW

0 !HISTORY 2019-09-09 [PTadmin] Official Update 2019-02


3 2 295.25 -17.1 260 300 0 260 292.9 -15.2 260
3 2 292.9 -15.2 260 300 0 260 289.8 -13.6 260
4 2 289.8 -13.6 260 300 0 260 260 0 260 287.7 -14 260
3 2 267.6 -12.6 260 268.8 -11.8 260 260 0 260
4 2 264.2 -17.1 260 267.6 -12.6 260 260 0 260 260.4 -20.6 260
3 2 253.25 -24.3 260 260.4 -20.6 260 260 0 260
4 2 287.7 -14 260 260 0 260 268.8 -11.8 260 269.5 -12.3 260
4 2 287.7 -14 260 269.5 -12.3 260 270.1 -14.7 260 287.2 -19.7 260
4 2 287.2 -19.7 260 270.1 -14.7 260 271.9 -20.5 260 286.1 -25.4 260
4 2 286.1 -25.4 260 271.9 -20.5 260 275.4 -27.7 260 284.7 -30.6 260
4 2 284.7 -30.6 260 275.4 -27.7 260 278.1 -32.3 260 282.3 -33.9 260
3 2 280.3 -34.6 260 282.3 -33.9 260 278.1 -32.3 260
4 16 292.9 -15.2 260 289.8 -13.6 260 287.7 -14 260 287.2 -19.7 260
4 16 295.25 -17.1 260 292.9 -15.2 260 287.2 -19.7 260 286.1 -25.4 260
4 16 295.25 -17.1 260 286.1 -25.4 260 284.7 -30.6 260 280 -72 260
3 16 280 -72 260 284.7 -30.6 260 282.3 -33.9 260
3 16 280 -72 260 282.3 -33.9 260 280.3 -34.6 260
3 16 280 -72 260 280.3 -34.6 260 278.1 -32.3 260
3 16 280 -72 260 278.1 -32.3 260 275.4 -27.7 260
4 16 280 -72 260 275.4 -27.7 260 271.9 -20.5 260 264.2 -17.1 260
4 16 280 -72 260 264.2 -17.1 260 260.4 -20.6 260 240 -72 260
3 16 240 -72 260 260.4 -20.6 260 253.25 -24.3 260
4 16 269.5 -12.3 260 268.8 -11.8 260 267.6 -12.6 260 270.1 -14.7 260
4 16 270.1 -14.7 260 267.6 -12.6 260 264.2 -17.1 260 271.9 -20.5 260
0
4 16 80 -72 -100 20 -144 -100 100 -144 -100 120 -72 -100
4 16 115.3 -29.4 -100 113.6 -29.2 -100 114.1 -30.2 -100 116.4 -31.6 -100
4 16 116.4 -31.6 -100 114.1 -30.2 -100 114.2 -32 -100 118.5 -36.4 -100
4 16 118.5 -36.4 -100 114.2 -32 -100 113.4 -36.3 -100 122.1 -44.1 -100
4 2 173.9 -9 -100 177.25 -9.9 -100 180 0 -100 168 -6.7 -100
4 2 162.7 -8.8 -100 100 0 -100 149.6 -23.8 -100 150.6 -23.8 -100
4 2 164.7 -12.4 -100 162.7 -8.8 -100 150.6 -23.8 -100 159.4 -26.6 -100
4 2 164.7 -12.4 -100 159.4 -26.6 -100 165.6 -25.4 -100 169.5 -23.6 -100
4 2 149.5 -24.7 -100 149.6 -23.8 -100 100 0 -100 95.417 -16.5 -100
4 2 149.5 -24.7 -100 95.417 -16.5 -100 113.6 -29.2 -100 115.3 -29.4 -100
4 2 135.4 -35.9 -100 150.7 -27.4 -100 149.5 -24.7 -100 115.3 -29.4 -100
3 2 135.4 -35.9 -100 115.3 -29.4 -100 116.4 -31.6 -100
4 2 135.4 -35.9 -100 116.4 -31.6 -100 118.5 -36.4 -100 134.9 -39.2 -100
4 2 139.9 -38 -100 152.7 -33.3 -100 150.7 -27.4 -100 135.4 -35.9 -100
4 2 149.6 -41.8 -100 154.4 -42 -100 152.7 -33.3 -100 139.9 -38 -100
4 2 134.9 -39.2 -100 118.5 -36.4 -100 122.1 -44.1 -100 134 -46 -100
4 2 134 -46 -100 122.1 -44.1 -100 124.6 -48.2 -100 131.5 -51.7 -100
3 2 129.3 -53.3 -100 131.5 -51.7 -100 124.6 -48.2 -100
4 2 114.1 -30.2 -100 113.6 -29.2 -100 95.417 -16.5 -100 94.2 -25.5 -100
4 2 114.1 -30.2 -100 94.2 -25.5 -100 93.9 -35.8 -100 114.2 -32 -100
4 2 113.4 -36.3 -100 114.2 -32 -100 93.9 -35.8 -100 111.7 -40.8 -100
4 2 107.7 -45.8 -100 111.7 -40.8 -100 93.9 -35.8 -100 98.7 -46 -100
3 2 102.7 -49.5 -100 107.7 -45.8 -100 98.7 -46 -100
3 16 122.1 -44.1 -100 113.4 -36.3 -100 111.7 -40.8 -100
4 16 122.1 -44.1 -100 111.7 -40.8 -100 107.7 -45.8 -100 124.6 -48.2 -100
4 16 124.6 -48.2 -100 107.7 -45.8 -100 102.7 -49.5 -100 129.3 -53.3 -100
4 16 120 -72 -100 129.3 -53.3 -100 102.7 -49.5 -100 80 -72 -100
3 16 80 -72 -100 102.7 -49.5 -100 98.7 -46 -100
3 16 80 -72 -100 98.7 -46 -100 93.9 -35.8 -100
3 16 80 -72 -100 93.9 -35.8 -100 94.2 -25.5 -100
3 16 80 -72 -100 94.2 -25.5 -100 95.417 -16.5 -100
4 16 160 -72 -100 131.5 -51.7 -100 129.3 -53.3 -100 120 -72 -100
3 16 160 -72 -100 134 -46 -100 131.5 -51.7 -100
4 16 134.9 -39.2 -100 134 -46 -100 160 -72 -100 139.9 -38 -100
3 16 134.9 -39.2 -100 139.9 -38 -100 135.4 -35.9 -100
3 16 160 -72 -100 149.6 -41.8 -100 139.9 -38 -100
3 16 160 -72 -100 154.4 -42 -100 149.6 -41.8 -100
4 16 154.4 -42 -100 160 -72 -100 165.6 -25.4 -100 159.4 -26.6 -100
3 16 154.4 -42 -100 159.4 -26.6 -100 152.7 -33.3 -100
4 16 150.7 -27.4 -100 152.7 -33.3 -100 159.4 -26.6 -100 150.6 -23.8 -100
4 16 149.5 -24.7 -100 150.7 -27.4 -100 150.6 -23.8 -100 149.6 -23.8 -100
3 16 160 -72 -100 169.5 -23.6 -100 165.6 -25.4 -100
4 16 169.5 -23.6 -100 160 -72 -100 177.25 -9.9 -100 173.9 -9 -100
4 16 164.7 -12.4 -100 169.5 -23.6 -100 173.9 -9 -100 168 -6.7 -100
4 16 164.7 -12.4 -100 168 -6.7 -100 164.1 -7.3 -100 162.7 -8.8 -100
4 2 168 -6.7 -100 180 0 -100 100 0 -100 164.1 -7.3 -100
3 2 162.7 -8.8 -100 164.1 -7.3 -100 100 0 -100
3 2 30.528 -106.1 -100 32.3 -105.3 -100 31.25 -103.5 -100
3 16 20 -144 -100 32.3 -105.3 -100 30.528 -106.1 -100
3 16 20 -144 -100 80 -72 -100 32.3 -105.3 -100
4 16 31.25 -103.5 -100 32.3 -105.3 -100 80 -72 -100 40 -72 -100
0
4 2 -.8 -60.1 -20 2.972 -61.3 -20 20 0 -20 -4.6 -56.3 -20
4 2 -8.6 -50.5 -20 -4.6 -56.3 -20 20 0 -20 -10.4 -41.3 -20
4 2 -11.6 -40.3 -20 -10.4 -41.3 -20 20 0 -20 -20 0 -20
4 2 -14.2 -43.5 -20 -11.6 -40.3 -20 -20 0 -20 -17 -45.9 -20
4 2 -21.2 -48.1 -20 -17 -45.9 -20 -20 0 -20 -28 -50.5 -20
4 2 -30.6 -47.9 -20 -28 -50.5 -20 -20 0 -20 -32.528 -45.1 -20
3 16 0 -72 -20 2.972 -61.3 -20 -.8 -60.1 -20
3 16 0 -72 -20 -.8 -60.1 -20 -4.6 -56.3 -20
4 16 0 -72 -20 -4.6 -56.3 -20 -8.6 -50.5 -20 -21.2 -48.1 -20
4 16 0 -72 -20 -21.2 -48.1 -20 -28 -50.5 -20 -40 -72 -20
3 16 -40 -72 -20 -28 -50.5 -20 -30.6 -47.9 -20
3 16 -40 -72 -20 -30.6 -47.9 -20 -32.528 -45.1 -20
3 16 -8.6 -50.5 -20 -17 -45.9 -20 -21.2 -48.1 -20
4 16 -14.2 -43.5 -20 -17 -45.9 -20 -8.6 -50.5 -20 -10.4 -41.3 -20
3 16 -14.2 -43.5 -20 -10.4 -41.3 -20 -11.6 -40.3 -20
0
4 2 -80.2 -53.7 60 -74.083 -50.7 60 -60 0 60 -87.8 -54.7 60
4 2 -91.4 -54.3 60 -87.8 -54.7 60 -60 0 60 -93.8 -53.5 60
4 2 -94.6 -49.5 60 -93.8 -53.5 60 -60 0 60 -94.6 -42.5 60
3 2 -94.6 -42.5 60 -60 0 60 -93.6 -35.5 60
4 2 -93.6 -35.5 60 -60 0 60 -100 0 60 -99.8 -34.7 60
3 2 -99.8 -34.7 60 -100 0 60 -108.972 -32.3 60
3 16 -80 -72 60 -74.083 -50.7 60 -80.2 -53.7 60
3 16 -80 -72 60 -80.2 -53.7 60 -87.8 -54.7 60
3 16 -80 -72 60 -87.8 -54.7 60 -91.4 -54.3 60
4 16 -80 -72 60 -91.4 -54.3 60 -93.8 -53.5 60 -120 -72 60
3 16 -120 -72 60 -93.8 -53.5 60 -94.6 -49.5 60
3 16 -120 -72 60 -94.6 -49.5 60 -94.6 -42.5 60
4 16 -120 -72 60 -94.6 -42.5 60 -93.6 -35.5 60 -99.8 -34.7 60
3 16 -120 -72 60 -99.8 -34.7 60 -108.972 -32.3 60
0
4 2 -143.5 -3.2 300 -140 0 300 -151.3 0 300 -151.3 -2.4 300
4 2 -146.1 -6 300 -143.5 -3.2 300 -151.3 -2.4 300 -150.3 -5.5 300
3 2 -148.8 -7.5 300 -146.1 -6 300 -150.3 -5.5 300
4 2 -179.5 -12.8 300 -179.1 -12.2 300 -178.4 -8.3 300 -181.1 -12.4 300
4 2 -186.5 -8.8 300 -181.1 -12.4 300 -178.4 -8.3 300 -177.8 0 300
3 2 -186.5 -8.8 300 -177.8 0 300 -191.4 -3 300
3 2 -191.4 -3 300 -177.8 0 300 -193 -2 300
3 2 -193 -2 300 -177.8 0 300 -243.5 0 300
4 2 -194 -2.8 300 -193 -2 300 -243.5 0 300 -231.6 -3.2 300
4 2 -231.6 -3.2 300 -243.5 0 300 -243.8 -4 300 -236.4 -7.3 300
4 2 -241.3 -8.9 300 -236.4 -7.3 300 -243.8 -4 300 -242.9 -8.5 300
3 2 -242.9 -8.5 300 -243.8 -4 300 -244.3 -7 300
4 2 -212.9 -5.4 300 -231.6 -3.2 300 -230 -4.4 300 -214.1 -10.3 300
4 2 -216.5 -15.4 300 -214.1 -10.3 300 -230 -4.4 300 -230.1 -19.7 300
4 2 -223.4 -23.5 300 -216.5 -15.4 300 -230.1 -19.7 300 -229.1 -25.7 300
3 2 -228.1 -27.5 300 -223.4 -23.5 300 -229.1 -25.7 300
4 2 -212 -6 300 -195 -13 300 -194 -2.8 300 -212.9 -5.4 300
3 2 -212.9 -5.4 300 -194 -2.8 300 -231.6 -3.2 300
4 2 -195 -13 300 -212 -6 300 -210.1 -10.7 300 -206.4 -17.8 300
4 2 -197.6 -20 300 -195 -13 300 -206.4 -17.8 300 -202.5 -23.9 300
3 2 -200.4 -26.4 300 -197.6 -20 300 -202.5 -23.9 300
4 2 -252.4 -5.2 300 -251.7 0 300 -300 0 300 -269.5 -36.7 300
4 2 -252.4 -5.2 300 -269.5 -36.7 300 -252.6 -22 300 -248.8 -16 300
4 2 -246.8 -9.7 300 -252.4 -5.2 300 -248.8 -16 300 -246 -10.7 300
4 2 -258.9 -37.3 300 -251.8 -28.2 300 -252.6 -22 300 -269.5 -36.7 300
4 2 -258.9 -37.3 300 -269.5 -36.7 300 -269 -37.9 300 -262.4 -45 300
4 2 -251.8 -35.4 300 -251.8 -28.2 300 -258.9 -37.3 300 -253.9 -39.7 300
3 2 -253.9 -39.7 300 -252.3 -38.8 300 -251.8 -35.4 300
4 2 -262.4 -45 300 -269 -37.9 300 -267.1 -44 300 -265.9 -46.7 300
3 2 -263.9 -47.9 300 -262.4 -45 300 -265.9 -46.7 300
3 2 -270.5 -38.3 300 -269.5 -36.7 300 -300 0 300
4 2 -272.5 -44.9 300 -270.5 -38.3 300 -300 0 300 -274.1 -48.8 300
3 2 -275.1 -50.4 300 -274.1 -48.8 300 -300 0 300
3 2 -280 -72 300 -275.1 -50.4 300 -300 0 300
4 2 -273.4 -51.3 300 -275.1 -50.4 300 -280 -72 300 -275 -72 300
4 2 -273.4 -51.3 300 -275 -72 300 -271 -59.5 300 -269.3 -51.5 300
4 2 -270.5 -50.3 300 -273.4 -51.3 300 -269.3 -51.5 300 -269.6 -50.2 300
4 16 -269 -37.9 300 -269.5 -36.7 300 -270.5 -38.3 300 -267.1 -44 300
4 16 -267.1 -44 300 -270.5 -38.3 300 -272.5 -44.9 300 -265.9 -46.7 300
4 16 -265.9 -46.7 300 -272.5 -44.9 300 -274.1 -48.8 300 -270.5 -50.3 300
4 16 -273.4 -51.3 300 -270.5 -50.3 300 -274.1 -48.8 300 -275.1 -50.4 300
3 16 -270.5 -50.3 300 -269.6 -50.2 300 -265.9 -46.7 300
4 16 -265.9 -46.7 300 -269.6 -50.2 300 -269.3 -51.5 300 -263.9 -47.9 300
4 16 -263.9 -47.9 300 -269.3 -51.5 300 -271 -59.5 300 -160 -72 300
3 16 -275 -72 300 -160 -72 300 -271 -59.5 300
4 16 -262.4 -45 300 -263.9 -47.9 300 -160 -72 300 -253.9 -39.7 300
3 16 -262.4 -45 300 -253.9 -39.7 300 -258.9 -37.3 300
4 16 -252.3 -38.8 300 -253.9 -39.7 300 -160 -72 300 -228.1 -27.5 300
3 16 -252.3 -38.8 300 -228.1 -27.5 300 -251.8 -35.4 300
4 16 -251.8 -28.2 300 -251.8 -35.4 300 -228.1 -27.5 300 -229.1 -25.7 300
4 16 -252.6 -22 300 -251.8 -28.2 300 -229.1 -25.7 300 -230.1 -19.7 300
3 16 -252.6 -22 300 -230.1 -19.7 300 -248.8 -16 300
4 16 -246 -10.7 300 -248.8 -16 300 -230.1 -19.7 300 -241.3 -8.9 300
3 16 -230.1 -19.7 300 -236.4 -7.3 300 -241.3 -8.9 300
4 16 -231.6 -3.2 300 -236.4 -7.3 300 -230.1 -19.7 300 -230 -4.4 300
3 16 -246 -10.7 300 -241.3 -8.9 300 -242.9 -8.5 300
4 16 -246 -10.7 300 -242.9 -8.5 300 -244.3 -7 300 -246.8 -9.7 300
4 16 -252.4 -5.2 300 -246.8 -9.7 300 -244.3 -7 300 -243.8 -4 300
4 16 -252.4 -5.2 300 -243.8 -4 300 -243.5 0 300 -251.7 0 300
4 16 -210.1 -10.7 300 -212 -6 300 -212.9 -5.4 300 -214.1 -10.3 300
4 16 -210.1 -10.7 300 -214.1 -10.3 300 -216.5 -15.4 300 -206.4 -17.8 300
4 16 -206.4 -17.8 300 -216.5 -15.4 300 -223.4 -23.5 300 -202.5 -23.9 300
4 16 -202.5 -23.9 300 -223.4 -23.5 300 -228.1 -27.5 300 -200.4 -26.4 300
3 16 -160 -72 300 -200.4 -26.4 300 -228.1 -27.5 300
3 16 -160 -72 300 -197.6 -20 300 -200.4 -26.4 300
4 16 -195 -13 300 -197.6 -20 300 -160 -72 300 -186.5 -8.8 300
3 16 -160 -72 300 -181.1 -12.4 300 -186.5 -8.8 300
3 16 -160 -72 300 -179.5 -12.8 300 -181.1 -12.4 300
4 16 -191.4 -3 300 -193 -2 300 -194 -2.8 300 -186.5 -8.8 300
3 16 -195 -13 300 -186.5 -8.8 300 -194 -2.8 300
4 16 -179.1 -12.2 300 -179.5 -12.8 300 -160 -72 300 -148.8 -7.5 300
4 16 -179.1 -12.2 300 -148.8 -7.5 300 -150.3 -5.5 300 -178.4 -8.3 300
3 16 -178.4 -8.3 300 -150.3 -5.5 300 -151.3 -2.4 300
4 16 -178.4 -8.3 300 -151.3 -2.4 300 -151.3 0 300 -177.8 0 300
3 16 -160 -72 300 -146.1 -6 300 -148.8 -7.5 300
4 16 -143.5 -3.2 300 -146.1 -6 300 -160 -72 300 -140 0 300
0
3 2 252.7 -7.6 300 252.6 0 300 246 -4.5 300
3 2 246 -4.5 300 252.6 0 300 239.3 -2.3 300
4 2 241.5 -6.6 300 239.3 -2.3 300 208.5 0 300 207.9 -8.9 300
3 2 239.3 -2.3 300 252.6 0 300 208.5 0 300
4 2 227.3 -15.3 300 242.1 -15.4 300 241.5 -6.6 300 225.6 -13.5 300
3 2 225.6 -13.5 300 241.5 -6.6 300 207.9 -8.9 300
4 2 224.7 -15.1 300 225.6 -13.5 300 207.9 -8.9 300 207.9 -18.2 300
4 2 223.8 -25.9 300 224.7 -15.1 300 207.9 -18.2 300 208.8 -29.8 300
4 2 220.9 -35.1 300 223.8 -25.9 300 208.8 -29.8 300 210.8 -38 300
4 2 216.3 -41.8 300 220.9 -35.1 300 210.8 -38 300 213.6 -43.5 300
4 2 242.1 -15.4 300 227.3 -15.3 300 231 -22.8 300 241.5 -27.1 300
4 2 241.5 -27.1 300 231 -22.8 300 234.8 -29.3 300 238.6 -34 300
4 2 193.2 -3.4 300 199.4 -2.4 300 202.6 0 300 188.2 -2.1 300
3 2 188.2 -2.1 300 202.6 0 300 186.6 0 300
4 2 183.9 -56.3 300 181.4 -28.6 300 177.1 -28.2 300 181.5 -58.2 300
4 2 181.4 -28.6 300 183.9 -56.3 300 187.1 -50.6 300 189.8 -44.5 300
4 2 181.4 -28.6 300 189.8 -44.5 300 190.9 -38.9 300 191 -33.9 300
4 2 175.1 -2.4 300 177.2 -26.7 300 179 -19.2 300 180.9 -9.1 300
3 2 180.9 -9.1 300 178.5 -2.2 300 175.1 -2.4 300
4 2 181.2 -2 300 178.5 -2.2 300 180.9 -9.1 300 182.1 -3 300
4 16 242.1 -15.4 300 241.5 -27.1 300 252.7 -7.6 300 246 -4.5 300
3 16 242.1 -15.4 300 246 -4.5 300 241.5 -6.6 300
3 16 241.5 -6.6 300 246 -4.5 300 239.3 -2.3 300
4 16 227.3 -15.3 300 225.6 -13.5 300 224.7 -15.1 300 223.8 -25.9 300
3 16 223.8 -25.9 300 231 -22.8 300 227.3 -15.3 300
4 16 234.8 -29.3 300 231 -22.8 300 223.8 -25.9 300 220.9 -35.1 300
4 16 238.6 -34 300 234.8 -29.3 300 220.9 -35.1 300 216.3 -41.8 300
4 16 213.6 -43.5 300 194.1 -67.9 300 196.4 -72 300 240 -72 300
3 16 194.1 -67.9 300 213.6 -43.5 300 192.2 -65 300
4 16 189.9 -63.2 300 192.2 -65 300 213.6 -43.5 300 187.1 -50.6 300
3 16 189.9 -63.2 300 187.1 -50.6 300 183.9 -56.3 300
3 16 189.9 -63.2 300 183.9 -56.3 300 181.5 -58.2 300
4 16 187.1 -50.6 300 213.6 -43.5 300 210.8 -38 300 189.8 -44.5 300
3 16 189.8 -44.5 300 210.8 -38 300 190.9 -38.9 300
4 16 191 -33.9 300 190.9 -38.9 300 210.8 -38 300 208.8 -29.8 300
4 16 181.4 -28.6 300 191 -33.9 300 208.8 -29.8 300 207.9 -18.2 300
4 16 181.4 -28.6 300 207.9 -18.2 300 177.2 -26.7 300 177.1 -28.2 300
3 16 177.2 -26.7 300 207.9 -18.2 300 179 -19.2 300
4 16 180.9 -9.1 300 179 -19.2 300 207.9 -18.2 300 207.9 -8.9 300
4 16 180.9 -9.1 300 207.9 -8.9 300 193.2 -3.4 300 188.2 -2.1 300
4 16 182.1 -3 300 180.9 -9.1 300 188.2 -2.1 300 186.6 0 300
3 16 182.1 -3 300 186.6 0 300 181.2 -2 300
4 16 181.2 -2 300 186.6 0 300 174.1 0 300 178.5 -2.2 300
3 16 175.1 -2.4 300 178.5 -2.2 300 174.1 0 300
3 16 207.9 -8.9 300 199.4 -2.4 300 193.2 -3.4 300
4 16 199.4 -2.4 300 207.9 -8.9 300 208.5 0 300 202.6 0 300
4 2 160 -72 300 196.4 -72 300 194.1 -67.9 300 192.2 -65 300
4 2 160 -72 300 192.2 -65 300 189.9 -63.2 300 181.5 -58.2 300
4 2 160 -72 300 181.5 -58.2 300 177.1 -28.2 300 140 0 300
4 2 140 0 300 177.1 -28.2 300 177.2 -26.7 300 175.1 -2.4 300
3 2 175.1 -2.4 300 174.1 0 300 140 0 300
4 16 216.3 -41.8 300 213.6 -43.5 300 240 -72 300 238.6 -34 300
4 16 241.5 -27.1 300 238.6 -34 300 240 -72 300 252.7 -7.6 300
3 16 240 -72 300 260 0 300 252.7 -7.6 300
3 16 252.7 -7.6 300 260 0 300 252.6 0 300
0
4 2 -32.722 -45.8 20 -37.2 -12.6 20 -40.2 -28.2 20 -36 -46.2 20
4 2 -39.5 -46.1 20 -36 -46.2 20 -40.2 -28.2 20 -43.3 -45.2 20
3 2 -43.3 -45.2 20 -40.2 -28.2 20 -42.6 -30.6 20
4 2 -43.3 -45.2 20 -42.6 -30.6 20 -49.7 -35.9 20 -50.6 -42.1 20
3 2 -50.6 -42.1 20 -49.7 -35.9 20 -52.1 -39.1 20
3 2 -50.6 -42.1 20 -52.1 -39.1 20 -53 -40.3 20
4 2 -40.2 -28.2 20 -37.2 -12.6 20 -40.3 -13.1 20 -40.7 -27.6 20
4 2 -44.7 -25.9 20 -43.3 -11.9 20 -48.5 -12.3 20 -51.8 -20.9 20
4 2 -51.8 -20.9 20 -48.5 -12.3 20 -54.5 -14.9 20 -56 -16.7 20
4 16 -53 -40.3 20 -52.1 -39.1 20 -56 -16.7 20 -80 -72 20
4 16 -56 -16.7 20 -52.1 -39.1 20 -49.7 -35.9 20 -51.8 -20.9 20
3 16 -49.7 -35.9 20 -44.7 -25.9 20 -51.8 -20.9 20
4 16 -42.7 -27.3 20 -44.7 -25.9 20 -49.7 -35.9 20 -42.6 -30.6 20
4 16 -40.2 -28.2 20 -40.7 -27.6 20 -42.7 -27.3 20 -42.6 -30.6 20
4 16 -40.3 -13.1 20 -37.2 -12.6 20 -39.6 -9.7 20 -43.3 -11.9 20
4 16 -43.3 -11.9 20 -39.6 -9.7 20 -42.5 -6.8 20 -48.5 -12.3 20
4 16 -48.5 -12.3 20 -42.5 -6.8 20 -51 -3.6 20 -54.5 -14.9 20
4 16 -54.5 -14.9 20 -51 -3.6 20 -57 0 20 -56 -16.7 20
4 2 -42.7 -27.3 20 -40.7 -27.6 20 -40.3 -13.1 20 -43.3 -11.9 20
3 2 -42.7 -27.3 20 -43.3 -11.9 20 -44.7 -25.9 20
4 16 -56 -16.7 20 -57 0 20 -60 0 20 -80 -72 20
3 16 -80 -72 20 -50.6 -42.1 20 -53 -40.3 20
3 16 -80 -72 20 -43.3 -45.2 20 -50.6 -42.1 20
4 16 -39.5 -46.1 20 -43.3 -45.2 20 -80 -72 20 -40 -72 20
3 16 -40 -72 20 -36 -46.2 20 -39.5 -46.1 20
3 16 -40 -72 20 -32.722 -45.8 20 -36 -46.2 20
3 2 -32.722 -45.8 20 -20 0 20 -37.2 -12.6 20
3 2 -37.2 -12.6 20 -20 0 20 -39.6 -9.7 20
3 2 -39.6 -9.7 20 -20 0 20 -42.5 -6.8 20
4 2 -51 -3.6 20 -42.5 -6.8 20 -20 0 20 -57 0 20
0
4 2 -128 -32.4 180 -145.445 -19.6 180 -145 -21.8 180 -133 -37.7 180
4 2 -133 -37.7 180 -145 -21.8 180 -145.6 -33.4 180 -138.5 -41.1 180
4 2 -142.5 -41.7 180 -138.5 -41.1 180 -145.6 -33.4 180 -144.8 -40.7 180
4 16 -121.6 -48.2 180 -128 -32.4 180 -133 -37.7 180 -120 -72 180
4 2 -100 0 180 -128 -32.4 180 -121.6 -48.2 180 -119.2 -51.4 180
3 2 -115.111 -54.4 180 -100 0 180 -119.2 -51.4 180
4 2 -145.445 -19.6 180 -128 -32.4 180 -100 0 180 -140 0 180
3 16 -120 -72 180 -115.111 -54.4 180 -119.2 -51.4 180
3 16 -120 -72 180 -119.2 -51.4 180 -121.6 -48.2 180
3 16 -120 -72 180 -133 -37.7 180 -138.5 -41.1 180
3 16 -120 -72 180 -138.5 -41.1 180 -142.5 -41.7 180
4 16 -120 -72 180 -142.5 -41.7 180 -144.8 -40.7 180 -160 -72 180
3 16 -160 -72 180 -144.8 -40.7 180 -145.6 -33.4 180
4 16 -160 -72 180 -145.6 -33.4 180 -145 -21.8 180 -145.445 -19.6 180
0
4 16 160 -72 -140 120 -72 -140 100 -144 -140 180 -144 -140
4 16 160 -72 -140 180 -144 -140 200 -72 -140 185.8 -46.8 -140
4 2 290.528 -34.1 -140 290.972 -32.5 -140 289.2 -28.6 -140 283.6 -34.1 -140
4 2 273.3 -29.9 -140 283.6 -34.1 -140 289.2 -28.6 -140 287 -22.8 -140
4 2 273.3 -29.9 -140 287 -22.8 -140 284.2 -18.1 -140 257 -31.9 -140
3 2 259.8 -34.5 -140 273.3 -29.9 -140 257 -31.9 -140
4 2 273.3 -29.9 -140 259.8 -34.5 -140 263.5 -42.1 -140 273.6 -43.9 -140
4 2 273.6 -43.9 -140 263.5 -42.1 -140 268.2 -47.8 -140 272.8 -48.1 -140
3 2 270.9 -50.9 -140 272.8 -48.1 -140 268.2 -47.8 -140
4 2 292.833 -25.8 -140 292.5 -17.9 -140 289.8 -21.5 -140 290.6 -23.7 -140
3 2 292.833 -25.8 -140 295.917 -14.7 -140 292.5 -17.9 -140
4 2 290.9 -7.1 -140 292.9 -4.1 -140 291 0 -140 180 0 -140
4 2 286.9 -11.4 -140 290.9 -7.1 -140 180 0 -140 282.5 -13.6 -140
4 2 282.5 -13.6 -140 180 0 -140 239.9 -25.6 -140 243 -25.9 -140
4 2 284.2 -18.1 -140 282.5 -13.6 -140 243 -25.9 -140 257 -31.9 -140
4 2 236 -26.4 -140 239.9 -25.6 -140 180 0 -140 233.2 -26.6 -140
4 2 233.2 -26.6 -140 180 0 -140 183 -25.8 -140 203 -35.1 -140
4 2 179.2 -29.1 -140 183 -25.8 -140 180 0 -140 175.8 -30.9 -140
3 2 171 -32.4 -140 175.8 -30.9 -140 180 0 -140
4 2 203 -35.1 -140 183 -25.8 -140 181.9 -32.1 -140 200.3 -37.9 -140
4 2 195.5 -42.8 -140 200.3 -37.9 -140 181.9 -32.1 -140 182.5 -38.8 -140
4 2 195.5 -42.8 -140 182.5 -38.8 -140 184.9 -43.8 -140 191.3 -44.9 -140
3 2 188 -45.6 -140 191.3 -44.9 -140 184.9 -43.8 -140
3 2 185.8 -46.8 -140 188 -45.6 -140 184.9 -43.8 -140
4 2 235.5 -28.8 -140 233.2 -26.6 -140 221.5 -36.2 -140 227.8 -40.6 -140
4 2 235.5 -28.8 -140 227.8 -40.6 -140 234.2 -43.2 -140 240.9 -39.1 -140
4 2 240.9 -39.1 -140 234.2 -43.2 -140 238.8 -43.6 -140 242.2 -42.4 -140
3 2 241.8 -43.9 -140 242.2 -42.4 -140 238.8 -43.6 -140
4 2 257 -31.9 -140 243 -25.9 -140 245.2 -33.4 -140 257 -35.4 -140
4 2 254.3 -40.6 -140 257 -35.4 -140 245.2 -33.4 -140 249.2 -43.5 -140
3 2 250.3 -44.6 -140 254.3 -40.6 -140 249.2 -43.5 -140
3 2 221.5 -36.2 -140 233.2 -26.6 -140 203 -35.1 -140
4 2 222 -39.4 -140 221.5 -36.2 -140 203 -35.1 -140 204.2 -37.2 -140
4 2 222 -44.2 -140 222 -39.4 -140 204.2 -37.2 -140 207 -46.8 -140
4 2 220.6 -49.2 -140 222 -44.2 -140 207 -46.8 -140 209.8 -52.5 -140
4 2 218.3 -52.5 -140 220.6 -49.2 -140 209.8 -52.5 -140 215.8 -55.1 -140
3 2 212.9 -57.2 -140 215.8 -55.1 -140 209.8 -52.5 -140
3 16 292.9 -4.1 -140 300 0 -140 291 0 -140
4 16 295.917 -14.7 -140 300 0 -140 292.9 -4.1 -140 290.9 -7.1 -140
4 16 295.917 -14.7 -140 290.9 -7.1 -140 286.9 -11.4 -140 292.5 -17.9 -140
4 16 284.2 -18.1 -140 292.5 -17.9 -140 286.9 -11.4 -140 282.5 -13.6 -140
4 16 289.8 -21.5 -140 292.5 -17.9 -140 284.2 -18.1 -140 287 -22.8 -140
4 16 290.6 -23.7 -140 289.8 -21.5 -140 287 -22.8 -140 289.2 -28.6 -140
4 16 292.833 -25.8 -140 290.6 -23.7 -140 289.2 -28.6 -140 290.972 -32.5 -140
3 16 273.6 -43.9 -140 283.6 -34.1 -140 273.3 -29.9 -140
4 16 290.528 -34.1 -140 283.6 -34.1 -140 273.6 -43.9 -140 272.8 -48.1 -140
4 16 280 -72 -140 290.528 -34.1 -140 272.8 -48.1 -140 270.9 -50.9 -140
4 16 200 -72 -140 280 -72 -140 270.9 -50.9 -140 212.9 -57.2 -140
3 16 212.9 -57.2 -140 270.9 -50.9 -140 215.8 -55.1 -140
3 16 215.8 -55.1 -140 270.9 -50.9 -140 218.3 -52.5 -140
3 16 218.3 -52.5 -140 270.9 -50.9 -140 220.6 -49.2 -140
4 16 222 -44.2 -140 220.6 -49.2 -140 270.9 -50.9 -140 234.2 -43.2 -140
4 16 238.8 -43.6 -140 234.2 -43.2 -140 270.9 -50.9 -140 241.8 -43.9 -140
4 16 270.9 -50.9 -140 268.2 -47.8 -140 250.3 -44.6 -140 241.8 -43.9 -140
4 16 242.2 -42.4 -140 241.8 -43.9 -140 250.3 -44.6 -140 249.2 -43.5 -140
4 16 254.3 -40.6 -140 250.3 -44.6 -140 268.2 -47.8 -140 263.5 -42.1 -140
4 16 257 -35.4 -140 254.3 -40.6 -140 263.5 -42.1 -140 259.8 -34.5 -140
3 16 257 -35.4 -140 259.8 -34.5 -140 257 -31.9 -140
4 16 249.2 -43.5 -140 245.2 -33.4 -140 240.9 -39.1 -140 242.2 -42.4 -140
4 16 240.9 -39.1 -140 245.2 -33.4 -140 243 -25.9 -140 239.9 -25.6 -140
4 16 235.5 -28.8 -140 240.9 -39.1 -140 239.9 -25.6 -140 236 -26.4 -140
3 16 235.5 -28.8 -140 236 -26.4 -140 233.2 -26.6 -140
4 16 222 -44.2 -140 234.2 -43.2 -140 227.8 -40.6 -140 222 -39.4 -140
3 16 227.8 -40.6 -140 221.5 -36.2 -140 222 -39.4 -140
3 16 200 -72 -140 212.9 -57.2 -140 209.8 -52.5 -140
4 16 200 -72 -140 209.8 -52.5 -140 207 -46.8 -140 195.5 -42.8 -140
3 16 200 -72 -140 195.5 -42.8 -140 191.3 -44.9 -140
4 16 200 -72 -140 191.3 -44.9 -140 188 -45.6 -140 185.8 -46.8 -140
4 16 160 -72 -140 185.8 -46.8 -140 184.9 -43.8 -140 182.5 -38.8 -140
4 16 160 -72 -140 182.5 -38.8 -140 181.9 -32.1 -140 179.2 -29.1 -140
3 16 160 -72 -140 179.2 -29.1 -140 175.8 -30.9 -140
3 16 160 -72 -140 175.8 -30.9 -140 171 -32.4 -140
3 16 181.9 -32.1 -140 183 -25.8 -140 179.2 -29.1 -140
4 16 207 -46.8 -140 204.2 -37.2 -140 200.3 -37.9 -140 195.5 -42.8 -140
3 16 200.3 -37.9 -140 204.2 -37.2 -140 203 -35.1 -140
0
4 2 -7.9 -138 -60 -8.8 -144 -60 20 -144 -60 24.1 -108.5 -60
4 2 27.9 -106.9 -60 24.1 -108.5 -60 20 -144 -60 30.583 -105.9 -60
4 2 -10.6 -140.2 -60 -7.9 -138 -60 -19.6 -128.5 -60 -22.6 -133 -60
4 2 -10.6 -140.2 -60 -22.6 -133 -60 -23.1 -137.8 -60 -21.5 -139.6 -60
4 2 -10.6 -140.2 -60 -21.5 -139.6 -60 -18.1 -140.6 -60 -13.2 -140.8 -60
4 2 -19.1 -127.2 -60 -19.6 -128.5 -60 -7.9 -138 -60 22.6 -107.5 -60
3 2 -7.9 -138 -60 24.1 -108.5 -60 22.6 -107.5 -60
4 2 -21.4 -126.2 -60 -19.1 -127.2 -60 22.6 -107.5 -60 -25.4 -110.5 -60
4 2 -25.5 -124.3 -60 -21.4 -126.2 -60 -25.4 -110.5 -60 -29.9 -121.9 -60
4 2 -32.6 -119.2 -60 -29.9 -121.9 -60 -25.4 -110.5 -60 -34.2 -116.3 -60
3 2 -34.2 -116.3 -60 -25.4 -110.5 -60 -28.9 -111 -60
4 2 -30.5 -107.6 -60 -25.4 -110.5 -60 -29.6 -94.9 -60 -31.2 -95.5 -60
4 2 -36.4 -103 -60 -30.5 -107.6 -60 -31.2 -95.5 -60 -35.8 -94.5 -60
4 2 -36.4 -103 -60 -35.8 -94.5 -60 -40.2 -96 -60 -40.9 -97.8 -60
4 2 -29.6 -81.3 -60 -32.6 -89 -60 -29.6 -94.9 -60 -27.2 -80.9 -60
4 2 -35.8 -83.3 -60 -32.6 -89 -60 -29.6 -81.3 -60 -34.8 -80.6 -60
3 2 -35.8 -83.3 -60 -34.8 -80.6 -60 -36.5 -80.6 -60
4 2 -4.2 -85.3 -60 -27.2 -80.9 -60 -29.6 -94.9 -60 -25.4 -110.5 -60
3 2 -25.4 -110.5 -60 -2.9 -87 -60 -4.2 -85.3 -60
4 2 -2.9 -87 -60 -25.4 -110.5 -60 9.9 -98.8 -60 -1.4 -85.8 -60
3 2 -25.4 -110.5 -60 22.6 -107.5 -60 9.9 -98.8 -60
4 2 11.8 -96.9 -60 9.9 -98.8 -60 22.6 -107.5 -60 23.9 -104.8 -60
4 2 11.8 -96.9 -60 23.9 -104.8 -60 24.6 -98.6 -60 18.1 -92.9 -60
4 2 21.2 -91 -60 18.1 -92.9 -60 24.6 -98.6 -60 25.1 -91.6 -60
3 2 25.1 -91.6 -60 23.9 -90 -60 21.2 -91 -60
4 2 9.9 -98.8 -60 10.4 -87.9 -60 7 -83 -60 3.6 -83 -60
3 2 9.9 -98.8 -60 3.6 -83 -60 -1.4 -85.8 -60
4 2 -4.2 -85.3 -60 -3.6 -80.2 -60 -18.5 -78.3 -60 -27.2 -80.9 -60
4 2 -27.2 -80.9 -60 -18.5 -78.3 -60 -20.1 -77.2 -60 -27.8 -77.6 -60
4 2 -27.8 -77.6 -60 -20.1 -77.2 -60 -21.2 -73.3 -60 -29 -72 -60
3 2 -21.2 -73.3 -60 -22.1 -72 -60 -29 -72 -60
4 2 -3.6 -80.2 -60 -5.5 -73.3 -60 -15.8 -73.8 -60 -18.5 -78.3 -60
4 2 -5.5 -73.3 -60 -5.8 -72 -60 -11.2 -72 -60 -15.8 -73.8 -60
4 2 79.2 -44.7 -60 78.5 -46.3 -60 80.9 -48 -60 84.1 -48.3 -60
4 2 84.5 -40.3 -60 79.2 -44.7 -60 84.1 -48.3 -60 86.75 -47.7 -60
3 2 86.75 -47.7 -60 90.194 -35.3 -60 84.5 -40.3 -60
4 2 83.7 -33.6 -60 90.833 -33 -60 100 0 -60 72.5 -12.7 -60
3 2 83.7 -33.6 -60 72.5 -12.7 -60 71.5 -14.3 -60
4 2 83.7 -33.6 -60 71.5 -14.3 -60 67.2 -20.3 -60 72.2 -33 -60
4 2 64.7 -31.6 -60 72.2 -33 -60 67.2 -20.3 -60 62.5 -27.7 -60
3 2 64.7 -31.6 -60 62.5 -27.7 -60 61.5 -30.3 -60
3 2 72.5 -12.7 -60 100 0 -60 67.8 -10.7 -60
4 2 62.5 -9 -60 67.8 -10.7 -60 100 0 -60 55.7 -5.4 -60
4 2 48.9 -1.7 -60 55.7 -5.4 -60 100 0 -60 46.7 0 -60
4 2 24.4 -20 -60 26.2 -19.7 -60 25.9 -17.1 -60 21.1 -20 -60
4 2 21.1 -20 -60 25.9 -17.1 -60 22.5 -12.8 -60 18.2 -18.7 -60
4 2 18.2 -18.7 -60 22.5 -12.8 -60 17.5 -9 -60 15.194 -17.3 -60
4 14 27.2 -10.2 -60 26.9 0 -60 20 0 -60 17.5 -9 -60
3 14 22.5 -12.8 -60 27.2 -10.2 -60 17.5 -9 -60
3 14 25.9 -17.1 -60 27.2 -10.2 -60 22.5 -12.8 -60
3 14 26.2 -19.7 -60 27.2 -10.2 -60 25.9 -17.1 -60
3 14 25.6 -30.1 -60 26.2 -19.7 -60 24.4 -20 -60
4 14 25.6 -30.1 -60 24.4 -20 -60 21.1 -20 -60 12.9 -30.1 -60
4 14 13.611 -23 -60 12.9 -30.1 -60 21.1 -20 -60 18.2 -18.7 -60
3 14 13.611 -23 -60 18.2 -18.7 -60 15.194 -17.3 -60
4 14 23.4 -40.7 -60 25.6 -30.1 -60 12.9 -30.1 -60 10.8 -39.6 -60
4 14 20.6 -50.2 -60 23.4 -40.7 -60 10.8 -39.6 -60 8.2 -45.8 -60
4 14 20.6 -50.2 -60 8.2 -45.8 -60 6.9 -50.7 -60 16.7 -59.8 -60
4 14 16.7 -59.8 -60 6.9 -50.7 -60 4.5 -59.8 -60 11.7 -71.8 -60
4 14 11.7 -71.8 -60 4.5 -59.8 -60 2.8 -69.3 -60 7.8 -81 -60
4 14 7.8 -81 -60 .6 -73.8 -60 3.6 -83 -60 7 -83 -60
4 14 -1.4 -85.8 -60 3.6 -83 -60 .6 -73.8 -60 -3.6 -80.2 -60
4 14 -4.2 -85.3 -60 -2.9 -87 -60 -1.4 -85.8 -60 -3.6 -80.2 -60
3 14 11.8 -96.9 -60 18.1 -92.9 -60 15.5 -91.8 -60
4 14 15.5 -91.8 -60 18.1 -92.9 -60 21.2 -91 -60 23.4 -78.5 -60
4 14 23.4 -78.5 -60 21.2 -91 -60 23.9 -90 -60 30.5 -79.9 -60
4 14 30.5 -79.9 -60 37.1 -69.8 -60 29.1 -70.1 -60 23.4 -78.5 -60
4 14 37.1 -69.8 -60 43.9 -60.3 -60 35.4 -60.3 -60 29.1 -70.1 -60
4 14 43.9 -60.3 -60 47.9 -49.6 -60 40.2 -50.1 -60 35.4 -60.3 -60
4 14 47.9 -49.6 -60 52.5 -35.8 -60 44.4 -40.1 -60 40.2 -50.1 -60
4 14 52.5 -35.8 -60 54.1 -28.6 -60 46.9 -30.1 -60 44.4 -40.1 -60
4 14 54.1 -28.6 -60 55.8 -15.8 -60 48.2 -19.7 -60 46.9 -30.1 -60
4 14 48.2 -19.7 -60 55.8 -15.8 -60 55.7 -5.4 -60 48.9 -1.7 -60
3 14 7.8 -81 -60 2.8 -69.3 -60 .6 -73.8 -60
4 1 46.7 0 -60 26.9 0 -60 27.2 -10.2 -60 48.9 -1.7 -60
4 1 48.2 -19.7 -60 48.9 -1.7 -60 27.2 -10.2 -60 26.2 -19.7 -60
4 1 46.9 -30.1 -60 48.2 -19.7 -60 26.2 -19.7 -60 25.6 -30.1 -60
4 1 44.4 -40.1 -60 46.9 -30.1 -60 25.6 -30.1 -60 23.4 -40.7 -60
4 1 40.2 -50.1 -60 44.4 -40.1 -60 23.4 -40.7 -60 20.6 -50.2 -60
4 1 35.4 -60.3 -60 40.2 -50.1 -60 20.6 -50.2 -60 16.7 -59.8 -60
4 1 29.1 -70.1 -60 35.4 -60.3 -60 16.7 -59.8 -60 11.7 -71.8 -60
4 1 23.4 -78.5 -60 29.1 -70.1 -60 11.7 -71.8 -60 7.8 -81 -60
4 1 23.4 -78.5 -60 7.8 -81 -60 7 -83 -60 10.1 -83.8 -60
4 1 15.5 -91.8 -60 23.4 -78.5 -60 10.4 -87.9 -60 11.8 -96.9 -60
3 1 9.9 -98.8 -60 11.8 -96.9 -60 10.4 -87.9 -60
3 16 55.8 -15.8 -60 62.5 -9 -60 55.7 -5.4 -60
4 16 67.8 -10.7 -60 62.5 -9 -60 55.8 -15.8 -60 67.2 -20.3 -60
4 16 67.8 -10.7 -60 67.2 -20.3 -60 71.5 -14.3 -60 72.5 -12.7 -60
4 16 62.5 -27.7 -60 67.2 -20.3 -60 55.8 -15.8 -60 54.1 -28.6 -60
4 16 61.5 -30.3 -60 62.5 -27.7 -60 54.1 -28.6 -60 52.5 -35.8 -60
4 16 64.7 -31.6 -60 61.5 -30.3 -60 52.5 -35.8 -60 47.9 -49.6 -60
4 16 72.2 -33 -60 64.7 -31.6 -60 47.9 -49.6 -60 79.2 -44.7 -60
3 16 47.9 -49.6 -60 78.5 -46.3 -60 79.2 -44.7 -60
4 16 84.5 -40.3 -60 83.7 -33.6 -60 72.2 -33 -60 79.2 -44.7 -60
4 16 90.194 -35.3 -60 90.833 -33 -60 83.7 -33.6 -60 84.5 -40.3 -60
4 16 80.9 -48 -60 78.5 -46.3 -60 47.9 -49.6 -60 43.9 -60.3 -60
4 16 80.9 -48 -60 43.9 -60.3 -60 40 -72 -60 80 -72 -60
3 16 80 -72 -60 84.1 -48.3 -60 80.9 -48 -60
3 16 80 -72 -60 86.75 -47.7 -60 84.1 -48.3 -60
4 16 40 -72 -60 43.9 -60.3 -60 37.1 -69.8 -60 30.5 -79.9 -60
4 16 25.1 -91.6 -60 40 -72 -60 30.5 -79.9 -60 23.9 -90 -60
4 16 27.9 -106.9 -60 30.583 -105.9 -60 40 -72 -60 24.6 -98.6 -60
3 16 24.6 -98.6 -60 40 -72 -60 25.1 -91.6 -60
4 16 27.9 -106.9 -60 24.6 -98.6 -60 23.9 -104.8 -60 24.1 -108.5 -60
3 16 24.1 -108.5 -60 23.9 -104.8 -60 22.6 -107.5 -60
4 16 10.8 -39.6 -60 12.9 -30.1 -60 13.611 -23 -60 8.2 -45.8 -60
4 16 6.9 -50.7 -60 8.2 -45.8 -60 13.611 -23 -60 0 -72 -60
4 16 2.8 -69.3 -60 4.5 -59.8 -60 0 -72 -60 .6 -73.8 -60
3 16 0 -72 -60 4.5 -59.8 -60 6.9 -50.7 -60
4 16 -5.5 -73.3 -60 -3.6 -80.2 -60 .6 -73.8 -60 0 -72 -60
3 16 -5.5 -73.3 -60 0 -72 -60 -5.8 -72 -60
4 16 -15.8 -73.8 -60 -11.2 -72 -60 -22.1 -72 -60 -21.2 -73.3 -60
4 16 -20.1 -77.2 -60 -18.5 -78.3 -60 -15.8 -73.8 -60 -21.2 -73.3 -60
4 16 -29.6 -81.3 -60 -27.2 -80.9 -60 -27.8 -77.6 -60 -34.8 -80.6 -60
4 16 -34.8 -80.6 -60 -27.8 -77.6 -60 -29 -72 -60 -36.5 -80.6 -60
3 16 -36.5 -80.6 -60 -29 -72 -60 -40 -72 -60
4 16 -36.5 -80.6 -60 -40 -72 -60 -40.2 -96 -60 -35.8 -83.3 -60
4 16 -32.6 -89 -60 -35.8 -83.3 -60 -40.2 -96 -60 -35.8 -94.5 -60
4 16 -32.6 -89 -60 -35.8 -94.5 -60 -31.2 -95.5 -60 -29.6 -94.9 -60
4 16 -40.9 -97.8 -60 -40.2 -96 -60 -40 -72 -60 -60 -144 -60
4 16 -36.4 -103 -60 -40.9 -97.8 -60 -60 -144 -60 -34.2 -116.3 -60
3 16 -28.9 -111 -60 -25.4 -110.5 -60 -30.5 -107.6 -60
4 16 -34.2 -116.3 -60 -28.9 -111 -60 -30.5 -107.6 -60 -36.4 -103 -60
3 16 -60 -144 -60 -32.6 -119.2 -60 -34.2 -116.3 -60
3 16 -60 -144 -60 -29.9 -121.9 -60 -32.6 -119.2 -60
4 16 -25.5 -124.3 -60 -29.9 -121.9 -60 -60 -144 -60 -22.6 -133 -60
3 16 -60 -144 -60 -23.1 -137.8 -60 -22.6 -133 -60
3 16 -60 -144 -60 -21.5 -139.6 -60 -23.1 -137.8 -60
4 16 -19.6 -128.5 -60 -19.1 -127.2 -60 -21.4 -126.2 -60 -22.6 -133 -60
3 16 -22.6 -133 -60 -21.4 -126.2 -60 -25.5 -124.3 -60
3 16 -60 -144 -60 -18.1 -140.6 -60 -21.5 -139.6 -60
4 16 -13.2 -140.8 -60 -18.1 -140.6 -60 -60 -144 -60 -8.8 -144 -60
3 16 -8.8 -144 -60 -10.6 -140.2 -60 -13.2 -140.8 -60
3 16 -8.8 -144 -60 -7.9 -138 -60 -10.6 -140.2 -60
3 2 10.4 -87.9 -60 10.1 -83.8 -60 7 -83 -60
3 1 10.4 -87.9 -60 23.4 -78.5 -60 10.1 -83.8 -60
0
4 2 -278.5 -61.1 60 -278 -59.1 60 -280.8 -58.3 60 -281.417 -66.9 60
3 2 -281.417 -66.9 60 -280.8 -58.3 60 -283.806 -58.3 60
4 2 -253 -55 60 -250.1 -57.3 60 -245.167 -53.4 60 -255.6 -51.4 60
4 2 -260.2 -40.9 60 -255.6 -51.4 60 -245.167 -53.4 60 -260 0 60
3 2 -260.2 -40.9 60 -260 0 60 -260.9 -39.2 60
4 2 -260.9 -39.2 60 -260 0 60 -300 0 60 -270.8 -46.3 60
4 2 -277.8 -49.3 60 -270.8 -46.3 60 -300 0 60 -283 -50 60
3 2 -283 -50 60 -300 0 60 -286.722 -47.8 60
4 16 -280.8 -58.3 60 -283 -50 60 -286.722 -47.8 60 -283.806 -58.3 60
4 16 -277.8 -49.3 60 -283 -50 60 -280.8 -58.3 60 -278 -59.1 60
3 16 -278 -59.1 60 -270.8 -46.3 60 -277.8 -49.3 60
4 16 -270.8 -46.3 60 -278 -59.1 60 -260.2 -40.9 60 -260.9 -39.2 60
4 16 -255.6 -51.4 60 -260.2 -40.9 60 -278 -59.1 60 -278.5 -61.1 60
3 16 -278.5 -61.1 60 -253 -55 60 -255.6 -51.4 60
4 16 -250.1 -57.3 60 -253 -55 60 -278.5 -61.1 60 -280 -72 60
3 16 -280 -72 60 -278.5 -61.1 60 -281.417 -66.9 60
3 16 -240 -72 60 -245.167 -53.4 60 -250.1 -57.3 60
3 16 -280 -72 60 -240 -72 60 -250.1 -57.3 60

0 FILE parts/s/6024p02s02.dat
0 ~Baseplate 32 x 32 Canyon with Island - Front
0 Name: s\6024p02s02.dat
0 Author: Mikkel Bech Jensen [gaia]
0 !LDRAW_ORG Subpart UPDATE 2019-02
0 !LICENSE Licensed under CC BY 4.0 : see CAreadme.txt

0 BFC CERTIFY CCW

0 !HISTORY 2019-09-09 [PTadmin] Official Update 2019-02


4 2 -227.6 -99.5 -140 -231.6388 -102.1 -140 -260 0 -140 -223.8 -96 -140
4 2 -221.7 -93.6 -140 -223.8 -96 -140 -260 0 -140 -220 0 -140
4 2 -221.7 -93.6 -140 -220 0 -140 -200 -72 -140 -221.1 -93.6 -140
4 2 -221.1 -93.6 -140 -200 -72 -140 -199.5 -83.7 -140 -200.5 -85.1 -140
4 2 -221.1 -93.6 -140 -200.5 -85.1 -140 -203.4 -90.9 -140 -220.7 -94.1 -140
4 2 -220.7 -94.1 -140 -203.4 -90.9 -140 -205.5 -95.3 -140 -218.6 -98.5 -140
4 2 -218.6 -98.5 -140 -205.5 -95.3 -140 -208.5 -100.9 -140 -216.4 -101.9 -140
4 2 -214.7 -103.9 -140 -216.4 -101.9 -140 -208.5 -100.9 -140 -212 -105.5 -140
4 2 -200 -72 -140 -182 -72 -140 -182.2 -75.1 -140 -182.7 -77.2 -140
4 2 -200 -72 -140 -182.7 -77.2 -140 -183.9 -80.9 -140 -185 -83.9 -140
4 2 -200 -72 -140 -185 -83.9 -140 -186.3 -86.1 -140 -188.2 -86.6 -140
4 2 -200 -72 -140 -188.2 -86.6 -140 -191.2 -86.5 -140 -194.7 -85.8 -140
4 2 -200 -72 -140 -194.7 -85.8 -140 -196.6 -85.4 -140 -199.5 -83.7 -140
4 16 -221.7 -93.6 -140 -221.1 -93.6 -140 -220.7 -94.1 -140 -223.8 -96 -140
4 16 -223.8 -96 -140 -220.7 -94.1 -140 -218.6 -98.5 -140 -227.6 -99.5 -140
4 16 -227.6 -99.5 -140 -218.6 -98.5 -140 -216.4 -101.9 -140 -231.6388 -102.1 -140
3 16 -214.7 -103.9 -140 -231.6388 -102.1 -140 -216.4 -101.9 -140
4 16 -231.6388 -102.1 -140 -214.7 -103.9 -140 -212 -105.5 -140 -220 -144 -140
4 16 -140 -144 -140 -220 -144 -140 -212 -105.5 -140 -208.5 -100.9 -140
3 16 -140 -144 -140 -208.5 -100.9 -140 -205.5 -95.3 -140
4 16 -140 -144 -140 -205.5 -95.3 -140 -203.4 -90.9 -140 -191.2 -86.5 -140
3 16 -140 -144 -140 -191.2 -86.5 -140 -188.2 -86.6 -140
3 16 -140 -144 -140 -188.2 -86.6 -140 -186.3 -86.1 -140
3 16 -140 -144 -140 -186.3 -86.1 -140 -185 -83.9 -140
3 16 -140 -144 -140 -185 -83.9 -140 -183.9 -80.9 -140
3 16 -140 -144 -140 -183.9 -80.9 -140 -182.7 -77.2 -140
3 16 -140 -144 -140 -182.7 -77.2 -140 -182.2 -75.1 -140
4 16 -140 -144 -140 -182.2 -75.1 -140 -182 -72 -140 -160 -72 -140
4 16 -203.4 -90.9 -140 -200.5 -85.1 -140 -196.6 -85.4 -140 -194.7 -85.8 -140
3 16 -203.4 -90.9 -140 -194.7 -85.8 -140 -191.2 -86.5 -140
3 16 -196.6 -85.4 -140 -200.5 -85.1 -140 -199.5 -83.7 -140
0
4 16 -106.2 -72 -300 -104.6 -69.5 -300 -85.9 -68.1 -300 -85.8 -72 -300
4 16 -85.9 -68.1 -300 -104.6 -69.5 -300 -102 -65.7 -300 -85.5 -63.3 -300
3 16 -102 -65.7 -300 -99 -62 -300 -85.5 -63.3 -300
4 16 -85.5 -63.3 -300 -99 -62 -300 -97.2 -58.8 -300 -85.2 -58.3 -300
4 16 -85.2 -58.3 -300 -97.2 -58.8 -300 -88.8 -56 -300 -86.2 -55.8 -300
3 16 -85.2 -58.3 -300 -86.2 -55.8 -300 -85.1 -56.1 -300
3 16 -97.2 -58.8 -300 -95.2 -55.6 -300 -92.3 -55.8 -300
3 16 -97.2 -58.8 -300 -92.3 -55.8 -300 -88.8 -56 -300
4 16 -72.5 -71.2 -300 -73 -72 -300 -80.4 -72 -300 -77.7 -69.5 -300
4 16 -72.3 -70.2 -300 -72.5 -71.2 -300 -77.7 -69.5 -300 -74.9 -67.5 -300
4 16 -72.7 -67 -300 -72.3 -70.2 -300 -74.9 -67.5 -300 -73.7 -66.7 -300
3 2 -106.2 -72 -300 -120 -72 -300 -104.6 -69.5 -300
4 2 -102 -65.7 -300 -104.6 -69.5 -300 -120 -72 -300 -140 0 -300
4 2 -99 -62 -300 -102 -65.7 -300 -140 0 -300 -97.2 -58.8 -300
3 2 -97.2 -58.8 -300 -140 0 -300 -95.2 -55.6 -300
4 2 -92.3 -55.8 -300 -95.2 -55.6 -300 -140 0 -300 -88.8 -56 -300
3 2 -88.8 -56 -300 -140 0 -300 -86.2 -55.8 -300
4 2 -85.1 -56.1 -300 -86.2 -55.8 -300 -140 0 -300 -20 0 -300
4 2 -85.2 -58.3 -300 -85.1 -56.1 -300 -20 0 -300 -73.7 -66.7 -300
3 2 -72.7 -67 -300 -73.7 -66.7 -300 -20 0 -300
4 2 -72.3 -70.2 -300 -72.7 -67 -300 -20 0 -300 -40 -72 -300
3 2 -40 -72 -300 -72.5 -71.2 -300 -72.3 -70.2 -300
3 2 -40 -72 -300 -73 -72 -300 -72.5 -71.2 -300
4 2 -85.2 -58.3 -300 -73.7 -66.7 -300 -74.9 -67.5 -300 -85.5 -63.3 -300
4 2 -85.9 -68.1 -300 -85.5 -63.3 -300 -74.9 -67.5 -300 -77.7 -69.5 -300
4 2 -85.8 -72 -300 -85.9 -68.1 -300 -77.7 -69.5 -300 -80.4 -72 -300
0
4 16 285.1 -42.6 -300 288.4445 -41.6 -300 285.6112 -51.8 -300 282.6 -44 -300
4 16 282.6 -44 -300 285.6112 -51.8 -300 282.5 -49.6 -300 280.5 -46.5 -300
4 16 278.7 -66.7 -300 278.6 -63.5 -300 282.5556 -62.8 -300 280.6945 -69.5 -300
3 16 278.7 -66.7 -300 277.5 -64.3 -300 278.6 -63.5 -300
3 16 90.2 -67.7 -300 88.3 -64.4 -300 90.9 -63.1 -300
4 16 90.2 -67.7 -300 90.9 -63.1 -300 95.5 -60.1 -300 91.2 -72 -300
4 16 110.4 -64.5 -300 91.2 -72 -300 95.5 -60.1 -300 110.2 -63.3 -300
4 16 110.2 -63.3 -300 95.5 -60.1 -300 98.6 -56.7 -300 110.8 -56.1 -300
4 16 110.8 -56.1 -300 98.6 -56.7 -300 100.9 -51.7 -300 113 -50.5 -300
4 16 110.5 -48.7 -300 113 -50.5 -300 100.9 -51.7 -300 105.1 -47.5 -300
3 16 100.9 -51.7 -300 101.5 -48.6 -300 105.1 -47.5 -300
4 16 91.2 -72 -300 110.4 -64.5 -300 111.5 -64.7 -300 120.9 -72 -300
4 16 120.6 -68.7 -300 120.9 -72 -300 111.5 -64.7 -300 114.1 -63.9 -300
4 16 120.6 -68.7 -300 114.1 -63.9 -300 118 -62.6 -300 120.8 -64 -300
4 16 176.7 -72 -300 176.4 -69.2 -300 184.6 -66.8 -300 189.9 -67.7 -300
4 16 176.7 -72 -300 189.9 -67.7 -300 191 -67.8 -300 230 -72 -300
4 16 229.5 -68.1 -300 230 -72 -300 191 -67.8 -300 215.9 -62.3 -300
4 16 229.5 -68.1 -300 215.9 -62.3 -300 219.1 -62.1 -300 229.7 -63.1 -300
4 16 228 -61.4 -300 229.7 -63.1 -300 219.1 -62.1 -300 225.5 -60.6 -300
3 16 191 -67.8 -300 191.7 -66.9 -300 215.9 -62.3 -300
4 16 215.9 -62.3 -300 191.7 -66.9 -300 192 -62.6 -300 214.4 -61.1 -300
4 16 214.4 -61.1 -300 192 -62.6 -300 190.4 -53.8 -300 214.1 -58.9 -300
4 16 214.1 -58.9 -300 190.4 -53.8 -300 189.3 -48.4 -300 216.4 -52.7 -300
4 16 216.4 -52.7 -300 189.3 -48.4 -300 213.2 -45.6 -300 215.1 -45.5 -300
4 16 217.8 -47 -300 216.4 -52.7 -300 215.1 -45.5 -300 217 -44.7 -300
4 16 187.7 -45.1 -300 189.6 -43.2 -300 194.4 -43.7 -300 189.3 -48.4 -300
4 16 213.2 -45.6 -300 189.3 -48.4 -300 194.4 -43.7 -300 210.5 -44.2 -300
4 16 204.9 -40.5 -300 210.5 -44.2 -300 196.9 -43 -300 201.2 -39.6 -300
3 16 196.9 -43 -300 199.5 -39.9 -300 201.2 -39.6 -300
3 16 194.4 -43.7 -300 189.6 -43.2 -300 190.7 -41.1 -300
4 16 181.6 -65.5 -300 184.6 -66.8 -300 176.4 -69.2 -300 177.1 -64.7 -300
4 16 181.6 -65.5 -300 177.1 -64.7 -300 177.6 -63.4 -300 178.9 -63.4 -300
4 2 90.2 -67.7 -300 91.2 -72 -300 80 -72 -300 88.3 -64.4 -300
3 2 80 -72 -300 60 0 -300 88.3 -64.4 -300
4 2 90.9 -63.1 -300 88.3 -64.4 -300 60 0 -300 95.5 -60.1 -300
4 2 98.6 -56.7 -300 95.5 -60.1 -300 60 0 -300 100.9 -51.7 -300
3 2 100.9 -51.7 -300 60 0 -300 101.5 -48.6 -300
3 2 101.5 -48.6 -300 60 0 -300 105.1 -47.5 -300
4 2 105.1 -47.5 -300 60 0 -300 190.7 -41.1 -300 110.5 -48.7 -300
4 2 113 -50.5 -300 110.5 -48.7 -300 190.7 -41.1 -300 189.6 -43.2 -300
3 2 113 -50.5 -300 189.6 -43.2 -300 187.7 -45.1 -300
4 2 196.9 -43 -300 194.4 -43.7 -300 190.7 -41.1 -300 199.5 -39.9 -300
4 2 199.5 -39.9 -300 190.7 -41.1 -300 60 0 -300 201.2 -39.6 -300
4 2 201.2 -39.6 -300 60 0 -300 300 0 -300 204.9 -40.5 -300
4 2 210.5 -44.2 -300 204.9 -40.5 -300 300 0 -300 217 -44.7 -300
4 2 217 -44.7 -300 300 0 -300 288.4445 -41.6 -300 285.1 -42.6 -300
3 2 217 -44.7 -300 285.1 -42.6 -300 282.6 -44 -300
4 2 217 -44.7 -300 282.6 -44 -300 280.5 -46.5 -300 217.8 -47 -300
4 2 213.2 -45.6 -300 210.5 -44.2 -300 217 -44.7 -300 215.1 -45.5 -300
4 2 216.4 -52.7 -300 217.8 -47 -300 280.5 -46.5 -300 282.5 -49.6 -300
4 2 216.4 -52.7 -300 282.5 -49.6 -300 285.6112 -51.8 -300 225.5 -60.6 -300
4 2 215.9 -62.3 -300 214.4 -61.1 -300 214.1 -58.9 -300 219.1 -62.1 -300
4 2 219.1 -62.1 -300 214.1 -58.9 -300 216.4 -52.7 -300 225.5 -60.6 -300
4 2 285.6112 -51.8 -300 282.5556 -62.8 -300 278.6 -63.5 -300 229.7 -63.1 -300
3 2 229.7 -63.1 -300 228 -61.4 -300 285.6112 -51.8 -300
3 2 228 -61.4 -300 225.5 -60.6 -300 285.6112 -51.8 -300
4 2 229.7 -63.1 -300 278.6 -63.5 -300 277.5 -64.3 -300 229.5 -68.1 -300
4 2 229.5 -68.1 -300 277.5 -64.3 -300 278.7 -66.7 -300 230 -72 -300
4 2 230 -72 -300 278.7 -66.7 -300 280.6945 -69.5 -300 280 -72 -300
4 2 191.7 -66.9 -300 191 -67.8 -300 189.9 -67.7 -300 192 -62.6 -300
4 2 192 -62.6 -300 189.9 -67.7 -300 184.6 -66.8 -300 181.6 -65.5 -300
4 2 190.4 -53.8 -300 192 -62.6 -300 181.6 -65.5 -300 178.9 -63.4 -300
4 2 190.4 -53.8 -300 178.9 -63.4 -300 177.6 -63.4 -300 189.3 -48.4 -300
4 2 187.7 -45.1 -300 189.3 -48.4 -300 177.6 -63.4 -300 113 -50.5 -300
4 2 120.8 -64 -300 113 -50.5 -300 177.6 -63.4 -300 177.1 -64.7 -300
3 2 176.4 -69.2 -300 120.8 -64 -300 177.1 -64.7 -300
4 2 120.8 -64 -300 176.4 -69.2 -300 176.7 -72 -300 120.6 -68.7 -300
3 2 176.7 -72 -300 120.9 -72 -300 120.6 -68.7 -300
4 2 110.4 -64.5 -300 110.2 -63.3 -300 114.1 -63.9 -300 111.5 -64.7 -300
4 2 114.1 -63.9 -300 110.2 -63.3 -300 110.8 -56.1 -300 118 -62.6 -300
4 2 118 -62.6 -300 110.8 -56.1 -300 113 -50.5 -300 120.8 -64 -300
3 2 194.4 -43.7 -300 196.9 -43 -300 195.8 -43.6 -300
3 16 210.5 -44.2 -300 194.4 -43.7 -300 195.8 -43.6 -300
3 16 210.5 -44.2 -300 195.8 -43.6 -300 196.9 -43 -300
0
4 2 -108 -111 -260 -109.4721 -109.9 -260 -107.5 -79.1 -260 -104.7 -89.2 -260
4 2 -108 -111 -260 -104.7 -89.2 -260 -103.1 -96.2 -260 -102.2 -103.8 -260
4 2 -108 -111 -260 -102.2 -103.8 -260 -101.9 -109.6 -260 -102.4 -111.6 -260
3 2 -106.2 -111.8 -260 -108 -111 -260 -102.4 -111.6 -260
4 2 -107.5 -79.1 -260 -109.4721 -109.9 -260 -120 -72 -260 -108 -72 -260
4 2 -20 0 -260 -29.1 -38.3 -260 -29.8 -39.4 -260 -31.4999 -41.4 -260
4 2 -28.3 -39 -260 -29.1 -38.3 -260 -20 0 -260 60 0 -260
4 2 -28.3 -39 -260 60 0 -260 -14.8 -47.9 -260 -27.5 -40.9 -260
4 2 -14.8 -47.9 -260 -17.6 -50.8 -260 -27 -43.1 -260 -27.5 -40.9 -260
4 2 -26.7 -48.9 -260 -27 -43.1 -260 -17.6 -50.8 -260 -26.5 -51.9 -260
4 2 -26.5 -51.9 -260 -17.6 -50.8 -260 -19.4 -52.4 -260 -25.8 -55 -260
4 2 -25.8 -55 -260 -19.4 -52.4 -260 -23.8 -55.9 -260 -25.4 -56.2 -260
3 2 -24.9 -56.4 -260 -25.4 -56.2 -260 -23.8 -55.9 -260
3 2 45.3 -40.2 -260 42.3 -40 -260 60 0 -260
4 2 60 0 -260 42.3 -40 -260 39 -39.8 -260 36.8 -39.5 -260
4 2 -14 -48.6 -260 -14.8 -47.9 -260 60 0 -260 36.8 -39.5 -260
3 2 -14 -48.6 -260 36.8 -39.5 -260 35.8 -40.2 -260
3 2 -14 -48.6 -260 35.8 -40.2 -260 35 -42 -260
4 2 -14 -48.6 -260 35 -42 -260 35.1 -46.4 -260 24 -53.7 -260
3 2 23.4 -53.9 -260 -14 -48.6 -260 24 -53.7 -260
4 2 -14 -48.6 -260 23.4 -53.9 -260 22.9 -55.1 -260 -13 -51.9 -260
3 2 2 -56.3 -260 -13 -51.9 -260 22.9 -55.1 -260
4 2 -13 -51.9 -260 2 -56.3 -260 1.7 -56.4 -260 -12 -59.9 -260
4 2 -12 -59.9 -260 1.7 -56.4 -260 0 -61.4 -260 -2.6 -68 -260
4 2 28.1 -54.9 -260 24 -53.7 -260 35.1 -46.4 -260 35.7 -49.1 -260
4 2 28.1 -54.9 -260 35.7 -49.1 -260 35.8 -53.1 -260 35.5 -54.7 -260
4 2 28.1 -54.9 -260 35.5 -54.7 -260 34.6 -55.2 -260 31.9 -55.6 -260
4 2 -11.7 -63.3 -260 -12 -59.9 -260 -2.6 -68 -260 -10.9 -66.1 -260
4 2 -10.2 -68.1 -260 -10.9 -66.1 -260 -2.6 -68 -260 -9.1 -70.4 -260
4 2 -7.8 -73 -260 -9.1 -70.4 -260 -2.6 -68 -260 -4.5 -73.8 -260
3 2 -5.5 -76.1 -260 -7.8 -73 -260 -4.5 -73.8 -260
3 2 2.3 -56.4 -260 2 -56.3 -260 22.9 -55.1 -260
4 2 4.1 -58.9 -260 2.3 -56.4 -260 22.9 -55.1 -260 22.5 -60.9 -260
4 2 6.7 -62 -260 4.1 -58.9 -260 22.5 -60.9 -260 13 -69.2 -260
4 2 13 -69.2 -260 22.5 -60.9 -260 21.8 -69.9 -260 15.6 -72 -260
3 2 21.3 -72 -260 15.6 -72 -260 21.8 -69.9 -260
4 2 75 -66.1 -260 45.3 -40.2 -260 60 0 -260 75.4 -66.4 -260
3 2 80 -72 -260 75.4 -66.4 -260 60 0 -260
4 2 75.2 -67.9 -260 75.4 -66.4 -260 80 -72 -260 75.5 -70.6 -260
4 2 75.9 -73.8 -260 75.5 -70.6 -260 80 -72 -260 76.9 -77 -260
4 2 79.1 -81 -260 76.9 -77 -260 80 -72 -260 80.7 -83.1 -260
4 2 80 -72 -260 88.6 -72 -260 88.2 -77.6 -260 80.7 -83.1 -260
4 2 80.7 -83.1 -260 88.2 -77.6 -260 87.9 -80.6 -260 83.6 -85 -260
4 2 83.6 -85 -260 87.9 -80.6 -260 87 -84.7 -260 86.6 -85.4 -260
3 2 85.9 -85.7 -260 83.6 -85 -260 86.6 -85.4 -260
4 2 45.3 -41.2 -260 45.3 -40.2 -260 75 -66.1 -260 74.5 -66.5 -260
4 2 45.3 -41.2 -260 74.5 -66.5 -260 73.7 -68.7 -260 44.3 -44.5 -260
4 2 44.3 -44.5 -260 73.7 -68.7 -260 54.3 -64.2 -260 41.8 -51.4 -260
4 2 54.6 -65.9 -260 54.3 -64.2 -260 73.7 -68.7 -260 71.2 -75.1 -260
4 2 55.2 -73.3 -260 54.6 -65.9 -260 71.2 -75.1 -260 55.7 -78.7 -260
4 2 55.7 -78.7 -260 71.2 -75.1 -260 66.2 -88 -260 56.1 -83.8 -260
4 2 57 -88 -260 56.1 -83.8 -260 66.2 -88 -260 63.7 -92 -260
4 2 57.9 -90.2 -260 57 -88 -260 63.7 -92 -260 60.3 -94.6 -260
4 2 60.3 -94.6 -260 63.7 -92 -260 61.9 -94.8 -260 60.9 -95.5 -260
4 2 41.8 -51.4 -260 54.3 -64.2 -260 53.8 -64.6 -260 40.5 -54.9 -260
4 2 39.8 -59.3 -260 40.5 -54.9 -260 53.8 -64.6 -260 39.4 -64.8 -260
4 2 39.4 -64.8 -260 53.8 -64.6 -260 50 -69.1 -260 48.9 -69.9 -260
4 2 39.4 -64.8 -260 48.9 -69.9 -260 46.4 -70.6 -260 43.7 -70.8 -260
4 2 39.4 -64.8 -260 43.7 -70.8 -260 39.9 -70.4 -260 39.5 -69.7 -260
3 16 -100 -144 -260 -109.4721 -109.9 -260 -108 -111 -260
3 16 -100 -144 -260 -108 -111 -260 -106.2 -111.8 -260
4 16 -100 -144 -260 -106.2 -111.8 -260 -102.4 -111.6 -260 -20 -144 -260
3 16 -20 -144 -260 -102.4 -111.6 -260 -101.9 -109.6 -260
3 16 -20 -144 -260 -101.9 -109.6 -260 -102.2 -103.8 -260
3 16 -20 -144 -260 -102.2 -103.8 -260 -103.1 -96.2 -260
3 16 -20 -144 -260 -103.1 -96.2 -260 -104.7 -89.2 -260
4 16 -20 -144 -260 -104.7 -89.2 -260 -107.5 -79.1 -260 -108 -72 -260
4 16 -40 -72 -260 -7.8 -73 -260 -5.5 -76.1 -260 -20 -144 -260
3 16 -7.8 -73 -260 -40 -72 -260 -9.1 -70.4 -260
3 16 -40 -72 -260 -10.2 -68.1 -260 -9.1 -70.4 -260
3 16 -40 -72 -260 -10.9 -66.1 -260 -10.2 -68.1 -260
3 16 -40 -72 -260 -11.7 -63.3 -260 -10.9 -66.1 -260
4 16 -12 -59.9 -260 -11.7 -63.3 -260 -40 -72 -260 -23.8 -55.9 -260
3 16 -40 -72 -260 -24.9 -56.4 -260 -23.8 -55.9 -260
3 16 -40 -72 -260 -25.4 -56.2 -260 -24.9 -56.4 -260
3 16 -40 -72 -260 -25.8 -55 -260 -25.4 -56.2 -260
3 16 -40 -72 -260 -26.5 -51.9 -260 -25.8 -55 -260
3 16 -40 -72 -260 -26.7 -48.9 -260 -26.5 -51.9 -260
4 16 -27 -43.1 -260 -26.7 -48.9 -260 -40 -72 -260 -31.4999 -41.4 -260
4 16 -27.5 -40.9 -260 -27 -43.1 -260 -31.4999 -41.4 -260 -29.8 -39.4 -260
4 16 -28.3 -39 -260 -27.5 -40.9 -260 -29.8 -39.4 -260 -29.1 -38.3 -260
3 16 -12 -59.9 -260 -23.8 -55.9 -260 -19.4 -52.4 -260
4 16 -12 -59.9 -260 -19.4 -52.4 -260 -17.6 -50.8 -260 -13 -51.9 -260
4 16 -14 -48.6 -260 -13 -51.9 -260 -17.6 -50.8 -260 -14.8 -47.9 -260
4 16 0 -72 -260 -20 -144 -260 -5.5 -76.1 -260 -4.5 -73.8 -260
4 16 0 -72 -260 -4.5 -73.8 -260 -2.6 -68 -260 0 -61.4 -260
4 16 0 -72 -260 0 -61.4 -260 4.1 -58.9 -260 6.7 -62 -260
3 16 0 -72 -260 6.7 -62 -260 13 -69.2 -260
3 16 15.6 -72 -260 0 -72 -260 13 -69.2 -260
4 16 0 -61.4 -260 1.7 -56.4 -260 2 -56.3 -260 2.3 -56.4 -260
3 16 0 -61.4 -260 2.3 -56.4 -260 4.1 -58.9 -260
4 16 40 -72 -260 21.3 -72 -260 21.8 -69.9 -260 39.9 -70.4 -260
3 16 39.9 -70.4 -260 21.8 -69.9 -260 39.5 -69.7 -260
3 16 21.8 -69.9 -260 39.4 -64.8 -260 39.5 -69.7 -260
4 16 39.8 -59.3 -260 39.4 -64.8 -260 21.8 -69.9 -260 22.5 -60.9 -260
4 16 22.5 -60.9 -260 22.9 -55.1 -260 23.4 -53.9 -260 24 -53.7 -260
3 16 22.5 -60.9 -260 24 -53.7 -260 28.1 -54.9 -260
3 16 22.5 -60.9 -260 28.1 -54.9 -260 31.9 -55.6 -260
4 16 22.5 -60.9 -260 31.9 -55.6 -260 34.6 -55.2 -260 39.8 -59.3 -260
4 16 39.8 -59.3 -260 34.6 -55.2 -260 35.5 -54.7 -260 40.5 -54.9 -260
4 16 40.5 -54.9 -260 35.5 -54.7 -260 35.8 -53.1 -260 41.8 -51.4 -260
3 16 35.8 -53.1 -260 35.7 -49.1 -260 41.8 -51.4 -260
4 16 41.8 -51.4 -260 35.7 -49.1 -260 35.1 -46.4 -260 44.3 -44.5 -260
4 16 44.3 -44.5 -260 35.1 -46.4 -260 35 -42 -260 42.3 -40 -260
4 16 35 -42 -260 35.8 -40.2 -260 36.8 -39.5 -260 39 -39.8 -260
3 16 35 -42 -260 39 -39.8 -260 42.3 -40 -260
4 16 45.3 -41.2 -260 44.3 -44.5 -260 42.3 -40 -260 45.3 -40.2 -260
3 16 40 -72 -260 39.9 -70.4 -260 43.7 -70.8 -260
4 16 40 -72 -260 43.7 -70.8 -260 46.4 -70.6 -260 55.2 -73.3 -260
3 16 55.2 -73.3 -260 46.4 -70.6 -260 48.9 -69.9 -260
3 16 55.2 -73.3 -260 48.9 -69.9 -260 50 -69.1 -260
4 16 55.2 -73.3 -260 50 -69.1 -260 53.8 -64.6 -260 54.6 -65.9 -260
3 16 54.6 -65.9 -260 53.8 -64.6 -260 54.3 -64.2 -260
4 16 40 -72 -260 55.2 -73.3 -260 55.7 -78.7 -260 56.1 -83.8 -260
3 16 57 -88 -260 40 -72 -260 56.1 -83.8 -260
4 16 40 -72 -260 57 -88 -260 57.9 -90.2 -260 60 -144 -260
3 16 60 -144 -260 57.9 -90.2 -260 60.3 -94.6 -260
3 16 60 -144 -260 60.3 -94.6 -260 60.9 -95.5 -260
3 16 60 -144 -260 60.9 -95.5 -260 61.9 -94.8 -260
3 16 60 -144 -260 61.9 -94.8 -260 63.7 -92 -260
4 16 60 -144 -260 63.7 -92 -260 66.2 -88 -260 80.7 -83.1 -260
3 16 66.2 -88 -260 79.1 -81 -260 80.7 -83.1 -260
4 16 76.9 -77 -260 79.1 -81 -260 66.2 -88 -260 71.2 -75.1 -260
3 16 76.9 -77 -260 71.2 -75.1 -260 75.9 -73.8 -260
4 16 75.5 -70.6 -260 75.9 -73.8 -260 71.2 -75.1 -260 73.7 -68.7 -260
4 16 75.2 -67.9 -260 75.5 -70.6 -260 73.7 -68.7 -260 74.5 -66.5 -260
4 16 75.2 -67.9 -260 74.5 -66.5 -260 75 -66.1 -260 75.4 -66.4 -260
3 16 60 -144 -260 80.7 -83.1 -260 83.6 -85 -260
3 16 60 -144 -260 83.6 -85 -260 85.9 -85.7 -260
4 16 60 -144 -260 85.9 -85.7 -260 86.6 -85.4 -260 180 -144 -260
3 16 180 -144 -260 86.6 -85.4 -260 87 -84.7 -260
3 16 180 -144 -260 87 -84.7 -260 87.9 -80.6 -260
3 16 180 -144 -260 87.9 -80.6 -260 88.2 -77.6 -260
4 16 180 -144 -260 88.2 -77.6 -260 88.6 -72 -260 200 -72 -260
4 2 -93.9 -76.2 -260 -89.9 -72 -260 -89.7 -74.2 -260 -91 -76 -260
3 2 -93.9 -76.2 -260 -103.6 -73.1 -260 -89.9 -72 -260
3 2 -103.6 -73.1 -260 -108 -72 -260 -89.9 -72 -260
4 16 -20 -144 -260 -108 -72 -260 -103.6 -73.1 -260 -93.9 -76.2 -260
3 16 -20 -144 -260 -93.9 -76.2 -260 -91 -76 -260
3 16 -20 -144 -260 -91 -76 -260 -89.7 -74.2 -260
4 16 -20 -144 -260 -89.7 -74.2 -260 -89.9 -72 -260 -40 -72 -260
0
3 14 267.2 -4.6 140 267.3 -3.1 140 272.3 0 140
3 14 267.3 -3.1 140 267.1 0 140 272.3 0 140
4 14 257.2 -13.1 140 256 -13.2 140 255.6 -10.7 140 258.7 -12.2 140
4 14 259.7 -7.4 140 258.7 -12.2 140 255.6 -10.7 140 254.6 -7.5 140
4 14 259.7 -7.4 140 254.6 -7.5 140 253.7 -4.1 140 260.9 -2.8 140
4 14 260.9 -2.8 140 253.7 -4.1 140 252.2 0 140 261.9 0 140
4 14 224.8 -10.4 140 222.7779 -10 140 220 0 140 227.3 -10.6 140
3 14 227.3 -10.6 140 220 0 140 227.3 -6.6 140
3 14 227.3 -6.6 140 220 0 140 227.4 -1.9 140
3 14 227.4 -1.9 140 220 0 140 227.8 -1.5 140
4 14 227.8 -1.5 140 220 0 140 244.3 0 140 229.8 -1.8 140
4 14 229.8 -1.8 140 244.3 0 140 243.3 -3.1 140 232.2 -2.5 140
3 14 234 -3.4 140 232.2 -2.5 140 243.3 -3.1 140
4 14 237.1 -5.5 140 234 -3.4 140 243.3 -3.1 140 242.3 -7.1 140
4 14 239.4 -7.9 140 237.1 -5.5 140 242.3 -7.1 140 242 -9.7 140
3 14 241.7 -10.6 140 239.4 -7.9 140 242 -9.7 140
4 16 222.7779 -10 140 224.8 -10.4 140 227.5 -15.9 140 225.9445 -21.4 140
3 16 227.5 -15.9 140 224.8 -10.4 140 227.3 -10.6 140
4 16 225.9445 -21.4 140 227.5 -15.9 140 228.1 -21.3 140 226.9 -22.3 140
4 16 228 -22.9 140 226.9 -22.3 140 228.1 -21.3 140 228.5 -22.8 140
4 16 256.8 -16.1 140 256 -13.2 140 257.2 -13.1 140 257.4 -16.6 140
4 16 258.1 -15 140 257.4 -16.6 140 257.2 -13.1 140 258.7 -12.2 140
4 16 268.1 -15.1 140 266.4 -16.7 140 266.8 -9.2 140 267.2 -4.6 140
4 16 272.1 -10.3 140 268.1 -15.1 140 267.2 -4.6 140 276.5 -4.8 140
4 16 276.5 -4.8 140 267.2 -4.6 140 272.3 0 140 277.4 -3.6 140
4 16 278.1 -3.2 140 277.4 -3.6 140 272.3 0 140 281.2 0 140
4 16 278.1 -3.2 140 281.2 0 140 281.5 -2.1 140 278.3 -3.7 140
4 16 278.3 -3.7 140 281.5 -2.1 140 282.4 -5.1 140 278 -8.7 140
4 16 278 -8.7 140 282.4 -5.1 140 284.7 -10.8 140 277.6 -12.1 140
4 16 277.6 -12.1 140 284.7 -10.8 140 286.7 -14.2 140 277.1 -15.8 140
4 16 277.1 -15.8 140 286.7 -14.2 140 288 -16.4 140 284.7 -18.4 140
4 2 227.4 -1.9 140 227.8 -1.5 140 229.8 -1.8 140 232.2 -2.5 140
4 2 227.3 -6.6 140 227.4 -1.9 140 232.2 -2.5 140 234 -3.4 140
4 2 227.3 -10.6 140 227.3 -6.6 140 234 -3.4 140 237.1 -5.5 140
4 2 227.3 -10.6 140 237.1 -5.5 140 239.4 -7.9 140 241.7 -10.6 140
4 2 227.5 -15.9 140 227.3 -10.6 140 241.7 -10.6 140 228.1 -21.3 140
4 2 228.1 -21.3 140 241.7 -10.6 140 256.8 -16.1 140 257.4 -16.6 140
4 2 256 -13.2 140 256.8 -16.1 140 241.7 -10.6 140 242 -9.7 140
4 2 255.6 -10.7 140 256 -13.2 140 242 -9.7 140 254.6 -7.5 140
4 2 254.6 -7.5 140 242 -9.7 140 242.3 -7.1 140 243.3 -3.1 140
4 2 253.7 -4.1 140 254.6 -7.5 140 243.3 -3.1 140 244.3 0 140
3 2 253.7 -4.1 140 244.3 0 140 252.2 0 140
4 2 260.9 -2.8 140 261.9 0 140 267.1 0 140 267.3 -3.1 140
4 2 260.9 -2.8 140 267.3 -3.1 140 267.2 -4.6 140 259.7 -7.4 140
4 2 259.7 -7.4 140 267.2 -4.6 140 266.8 -9.2 140 258.7 -12.2 140
4 2 258.7 -12.2 140 266.8 -9.2 140 266.4 -16.7 140 258.1 -15 140
3 2 266.4 -16.7 140 257.4 -16.6 140 258.1 -15 140
4 2 277.4 -3.6 140 278.1 -3.2 140 278.3 -3.7 140 276.5 -4.8 140
4 2 276.5 -4.8 140 278.3 -3.7 140 278 -8.7 140 272.1 -10.3 140
4 2 272.1 -10.3 140 278 -8.7 140 277.6 -12.1 140 268.1 -15.1 140
4 2 268.1 -15.1 140 277.6 -12.1 140 277.1 -15.8 140 266.4 -16.7 140
4 2 266.4 -16.7 140 277.1 -15.8 140 276.3 -21.2 140 228.5 -22.8 140
4 2 228.5 -22.8 140 228.1 -21.3 140 257.4 -16.6 140 266.4 -16.7 140
4 2 228.5 -22.8 140 276.3 -21.2 140 240 -72 140 228 -22.9 140
3 2 240 -72 140 226.9 -22.3 140 228 -22.9 140
3 2 240 -72 140 225.9445 -21.4 140 226.9 -22.3 140
4 2 281.5 -2.1 140 281.2 0 140 300 0 140 282.4 -5.1 140
4 2 284.7 -10.8 140 282.4 -5.1 140 300 0 140 286.7 -14.2 140
3 2 288 -16.4 140 286.7 -14.2 140 300 0 140
3 2 280 -72 140 288 -16.4 140 300 0 140
3 2 280 -72 140 284.7 -18.4 140 288 -16.4 140
3 2 280 -72 140 282.2 -19.2 140 284.7 -18.4 140
4 2 279.7 -19.7 140 282.2 -19.2 140 280 -72 140 277.8 -20.3 140
4 2 276.3 -21.2 140 277.8 -20.3 140 280 -72 140 240 -72 140
3 16 276.3 -21.2 140 277.1 -15.8 140 277.8 -20.3 140
3 16 277.8 -20.3 140 277.1 -15.8 140 279.7 -19.7 140
4 16 282.2 -19.2 140 279.7 -19.7 140 277.1 -15.8 140 284.7 -18.4 140
0
4 2 -157 -75.3 -220 -158.8332 -76.2 -220 -160 -72 -220 -155.6 -74.5 -220
4 2 -155.6 -74.5 -220 -160 -72 -220 -140 0 -220 -155.3 -74.6 -220
4 2 -128.4 -72.6 -220 -155.3 -74.6 -220 -140 0 -220 -127.1 -71.6 -220
3 2 -127.1 -71.6 -220 -140 0 -220 -126.4 -71.5 -220
3 2 -125.8 -71.8 -220 -126.4 -71.5 -220 -140 0 -220
4 2 -125.8 -71.8 -220 -140 0 -220 -112.5277 -98.9 -220 -124.6 -76.8 -220
4 2 -124.6 -76.8 -220 -112.5277 -98.9 -220 -117.1 -93.1 -220 -119.1 -90 -220
4 2 -123.2 -81.2 -220 -124.6 -76.8 -220 -119.1 -90 -220 -121.1 -86.4 -220
4 2 -128.4 -72.6 -220 -131.2 -79 -220 -155.1 -75.1 -220 -155.3 -74.6 -220
4 2 -134.1 -85.1 -220 -155.5 -77.4 -220 -155.1 -75.1 -220 -131.2 -79 -220
4 2 -155.8 -80.2 -220 -155.5 -77.4 -220 -134.1 -85.1 -220 -155.5 -83.7 -220
4 2 -155 -87.6 -220 -155.5 -83.7 -220 -134.1 -85.1 -220 -137.9 -92 -220
4 2 -153.6 -93.5 -220 -155 -87.6 -220 -137.9 -92 -220 -141.2 -97.3 -220
3 2 -141.2 -97.3 -220 -152.5 -96.7 -220 -153.6 -93.5 -220
4 2 -151.6 -99.7 -220 -152.5 -96.7 -220 -141.2 -97.3 -220 -144.1 -100.8 -220
4 2 -151.6 -99.7 -220 -144.1 -100.8 -220 -146.7 -103.1 -220 -149.5 -103.6 -220
4 2 -149.5 -103.6 -220 -146.7 -103.1 -220 -148.3 -103.9 -220 -148.9 -104 -220
4 2 -140 0 -220 -160 -72 -220 -200 -72 -220 -220 0 -220
4 16 -157 -75.3 -220 -155.6 -74.5 -220 -155.3 -74.6 -220 -155.1 -75.1 -220
4 16 -157 -75.3 -220 -155.1 -75.1 -220 -155.5 -77.4 -220 -158.8332 -76.2 -220
3 16 -155.8 -80.2 -220 -158.8332 -76.2 -220 -155.5 -77.4 -220
3 16 -155.5 -83.7 -220 -158.8332 -76.2 -220 -155.8 -80.2 -220
3 16 -155 -87.6 -220 -158.8332 -76.2 -220 -155.5 -83.7 -220
3 16 -153.6 -93.5 -220 -158.8332 -76.2 -220 -155 -87.6 -220
3 16 -140 -144 -220 -158.8332 -76.2 -220 -153.6 -93.5 -220
4 16 -153.6 -93.5 -220 -152.5 -96.7 -220 -151.6 -99.7 -220 -140 -144 -220
3 16 -140 -144 -220 -151.6 -99.7 -220 -149.5 -103.6 -220
3 16 -140 -144 -220 -149.5 -103.6 -220 -148.9 -104 -220
3 16 -140 -144 -220 -148.9 -104 -220 -148.3 -103.9 -220
3 16 -140 -144 -220 -148.3 -103.9 -220 -146.7 -103.1 -220
3 16 -140 -144 -220 -146.7 -103.1 -220 -144.1 -100.8 -220
4 16 -140 -144 -220 -144.1 -100.8 -220 -141.2 -97.3 -220 -100 -144 -220
4 16 -112.5277 -98.9 -220 -141.2 -97.3 -220 -137.9 -92 -220 -117.1 -93.1 -220
3 16 -117.1 -93.1 -220 -137.9 -92 -220 -119.1 -90 -220
4 16 -121.1 -86.4 -220 -119.1 -90 -220 -137.9 -92 -220 -134.1 -85.1 -220
4 16 -123.2 -81.2 -220 -121.1 -86.4 -220 -134.1 -85.1 -220 -131.2 -79 -220
4 16 -124.6 -76.8 -220 -123.2 -81.2 -220 -131.2 -79 -220 -128.4 -72.6 -220
4 16 -124.6 -76.8 -220 -128.4 -72.6 -220 -127.1 -71.6 -220 -126.4 -71.5 -220
3 16 -124.6 -76.8 -220 -126.4 -71.5 -220 -125.8 -71.8 -220
3 16 -100 -144 -220 -141.2 -97.3 -220 -112.5277 -98.9 -220
0
3 16 240 -72 180 238.4 -72 180 238.3612 -66.1 180
3 14 140.7501 -2.7 180 140 0 180 141.8 -1.5 180
3 14 141.8 -1.5 180 140 0 180 144.1 -.6 180
3 14 144.1 -.6 180 140 0 180 146 0 180
4 16 148.4 -8.1 180 146 0 180 169.3 -10.1 180 168.3 -10.9 180
3 16 168.3 -10.9 180 150 -9.8 180 148.4 -8.1 180
4 16 151.8 -13.4 180 150 -9.8 180 168.3 -10.9 180 169 -14.9 180
4 16 153.6 -18.8 180 151.8 -13.4 180 169 -14.9 180 164.1 -20.1 180
3 16 164.1 -20.1 180 169 -14.9 180 165.6 -19.5 180
4 16 165.6 -19.5 180 169 -14.9 180 170.1 -19.2 180 167 -21.8 180
4 16 168 -24 180 167 -21.8 180 170.1 -19.2 180 171.9 -24.4 180
4 16 169.1 -27.9 180 168 -24 180 171.9 -24.4 180 174 -28.7 180
4 16 153.6 -18.8 180 164.1 -20.1 180 162.3 -21.7 180 155.5 -23.9 180
3 16 160.5 -24.3 180 155.5 -23.9 180 162.3 -21.7 180
4 16 155.5 -23.9 180 160.5 -24.3 180 159.7 -26.9 180 159 -28.2 180
4 16 156.9 -29.3 180 155.5 -23.9 180 159 -28.2 180 158.1 -30 180
3 16 157.4 -30.6 180 156.9 -29.3 180 158.1 -30 180
4 16 169.7 -31.4 180 169.1 -27.9 180 174 -28.7 180 176.1 -32.3 180
4 16 170.2 -34 180 169.7 -31.4 180 176.1 -32.3 180 176.4 -35.9 180
4 16 176.4 -35.9 180 176.1 -32.3 180 177.8 -34.9 180 177.9 -35.7 180
4 16 177.9 -35.7 180 177.8 -34.9 180 178.5 -35.4 180 178.4 -35.7 180
4 16 170.3 -38 180 170.2 -34 180 176.4 -35.9 180 173.1 -37.4 180
3 16 171.3 -38.6 180 170.3 -38 180 173.1 -37.4 180
3 16 170.9 -38.9 180 170.3 -38 180 171.3 -38.6 180
4 16 186.2 -12.3 180 185.8 -12.4 180 186.1 -10.6 180 186.5 -11.8 180
4 16 186.1 -10.6 180 185.8 -12.4 180 182.7 -11.5 180 185.2 -5.6 180
4 16 185.2 -5.6 180 182.7 -11.5 180 177.4 -10.2 180 184.5 0 180
4 16 184.5 0 180 177.4 -10.2 180 174.9 -10 180 146 0 180
3 16 174.9 -10 180 172 -9.9 180 146 0 180
3 16 169.3 -10.1 180 146 0 180 172 -9.9 180
4 16 177.1 -72 180 178.6 -68.6 180 182.4 -70.2 180 182.5 -72 180
4 16 178.6 -68.6 180 180.6 -64.3 180 182.2 -65.4 180 182.4 -70.2 180
4 16 182.2 -65.4 180 180.6 -64.3 180 181.3 -62.9 180 183.3 -61.3 180
3 16 181.3 -62.9 180 181.5 -60.9 180 183.3 -61.3 180
3 2 177.1 -72 180 160 -72 180 178.6 -68.6 180
3 2 160 -72 180 180.6 -64.3 180 178.6 -68.6 180
4 2 181.3 -62.9 180 180.6 -64.3 180 160 -72 180 181.5 -60.9 180
4 2 181.5 -60.9 180 160 -72 180 170.9 -38.9 180 171.3 -38.6 180
4 2 181.5 -60.9 180 171.3 -38.6 180 173.1 -37.4 180 176.4 -35.9 180
4 2 181.5 -60.9 180 176.4 -35.9 180 177.9 -35.7 180 178.4 -35.7 180
4 2 183.3 -61.3 180 181.5 -60.9 180 178.4 -35.7 180 238.3612 -66.1 180
4 2 183.3 -61.3 180 238.3612 -66.1 180 238.4 -72 180 182.2 -65.4 180
4 2 182.4 -70.2 180 182.2 -65.4 180 238.4 -72 180 182.5 -72 180
3 2 238.3612 -66.1 180 178.4 -35.7 180 178.5 -35.4 180
4 2 238.3612 -66.1 180 178.5 -35.4 180 185.8 -12.4 180 186.2 -12.3 180
4 2 238.3612 -66.1 180 186.2 -12.3 180 186.5 -11.8 180 220 0 180
4 2 220 0 180 186.5 -11.8 180 186.1 -10.6 180 185.2 -5.6 180
3 2 185.2 -5.6 180 184.5 0 180 220 0 180
4 2 185.8 -12.4 180 178.5 -35.4 180 177.8 -34.9 180 182.7 -11.5 180
4 2 182.7 -11.5 180 177.8 -34.9 180 176.1 -32.3 180 174 -28.7 180
4 2 182.7 -11.5 180 174 -28.7 180 171.9 -24.4 180 170.1 -19.2 180
4 2 182.7 -11.5 180 170.1 -19.2 180 169 -14.9 180 177.4 -10.2 180
4 2 174.9 -10 180 177.4 -10.2 180 169 -14.9 180 172 -9.9 180
4 2 169.3 -10.1 180 172 -9.9 180 169 -14.9 180 168.3 -10.9 180
4 2 162.3 -21.7 180 164.1 -20.1 180 165.6 -19.5 180 167 -21.8 180
4 2 162.3 -21.7 180 167 -21.8 180 168 -24 180 160.5 -24.3 180
4 2 160.5 -24.3 180 168 -24 180 169.1 -27.9 180 159.7 -26.9 180
4 2 159.7 -26.9 180 169.1 -27.9 180 169.7 -31.4 180 159 -28.2 180
3 2 169.7 -31.4 180 158.1 -30 180 159 -28.2 180
4 2 157.4 -30.6 180 158.1 -30 180 169.7 -31.4 180 170.2 -34 180
4 2 157.4 -30.6 180 170.2 -34 180 170.3 -38 180 160 -72 180
3 2 160 -72 180 170.3 -38 180 170.9 -38.9 180
4 2 146 -10.4 180 148.4 -8.1 180 150 -9.8 180 151.8 -13.4 180
4 2 144.7 -12.6 180 146 -10.4 180 151.8 -13.4 180 144.1112 -14.8 180
3 2 153.6 -18.8 180 144.1112 -14.8 180 151.8 -13.4 180
4 2 144.1112 -14.8 180 153.6 -18.8 180 155.5 -23.9 180 156.9 -29.3 180
4 2 144.1112 -14.8 180 156.9 -29.3 180 157.4 -30.6 180 160 -72 180
3 16 144.1112 -14.8 180 140.7501 -2.7 180 144.7 -12.6 180
4 16 146 -10.4 180 144.7 -12.6 180 140.7501 -2.7 180 141.8 -1.5 180
4 16 146 -10.4 180 141.8 -1.5 180 144.1 -.6 180 148.4 -8.1 180
3 16 148.4 -8.1 180 144.1 -.6 180 146 0 180
0
3 16 -240 -72 180 -242.5 -71.2 180 -240.861 -68.9 180
3 16 -240 -72 180 -243.1 -71.5 180 -242.5 -71.2 180
3 16 -240 -72 180 -263.8 -72 180 -243.1 -71.5 180
4 16 -244.2 -71.2 180 -243.1 -71.5 180 -263.8 -72 180 -261.9 -66.9 180
4 16 -250.8 -66.7 180 -244.2 -71.2 180 -261.9 -66.9 180 -259.3 -62.1 180
3 16 -250.8 -66.7 180 -259.3 -62.1 180 -256 -62.6 180
3 16 -256 -62.6 180 -259.3 -62.1 180 -258.5 -59.9 180
3 2 -263.8 -72 180 -280 -72 180 -261.9 -66.9 180
4 2 -259.3 -62.1 180 -261.9 -66.9 180 -280 -72 180 -258.5 -59.9 180
4 2 -258.5 -59.9 180 -280 -72 180 -300 0 180 -260 0 180
4 2 -256 -62.6 180 -258.5 -59.9 180 -260 0 180 -250.8 -66.7 180
4 2 -250.8 -66.7 180 -260 0 180 -240.861 -68.9 180 -242.5 -71.2 180
4 2 -244.2 -71.2 180 -250.8 -66.7 180 -242.5 -71.2 180 -243.1 -71.5 180

0 FILE parts/s/6024p02s03.dat
0 ~Baseplate 32 x 32 Canyon with Island - Left
0 Name: s\6024p02s03.dat
0 Author: Mikkel Bech Jensen [gaia]
0 !LDRAW_ORG Subpart UPDATE 2019-02
0 !LICENSE Licensed under CC BY 4.0 : see CAreadme.txt

0 BFC CERTIFY CCW

0 !HISTORY 2019-09-09 [PTadmin] Official Update 2019-02


4 16 -300 -72 207.3 -300 -72 218.2 -300 -69.9 218.5 -300 -67.1 204.8
3 16 -300 -69.9 218.5 -300 -67.7 219.2 -300 -67.1 204.8
4 16 -300 -67.1 204.8 -300 -67.7 219.2 -300 -65.1 220.4 -300 -62.6 201.6
4 16 -300 -61.4 203.7 -300 -62.6 201.6 -300 -65.1 220.4 -300 -60 208.9
4 16 -300 -60 208.9 -300 -65.1 220.4 -300 -61.1 222.1 -300 -58.4 215.5
4 16 -300 -58.4 215.5 -300 -61.1 222.1 -300 -59.2 222.9 -300 -58.1 222.6
3 16 -300 -58.4 215.5 -300 -58.1 222.6 -300 -57.8 221.9
4 2 -300 -69.9 218.5 -300 -72 218.2 -300 -72 280 -300 -67.7 219.2
3 2 -300 -72 280 -300 -65.1 220.4 -300 -67.7 219.2
3 2 -300 -72 280 -300 -61.1 222.1 -300 -65.1 220.4
3 2 -300 -72 280 -300 -59.2 222.9 -300 -61.1 222.1
4 2 -300 -58.1 222.6 -300 -59.2 222.9 -300 -72 280 -300 0 300
4 2 -300 -57.8 221.9 -300 -58.1 222.6 -300 0 300 -300 0 180
3 2 -300 -58.4 215.5 -300 -57.8 221.9 -300 0 180
3 2 -300 -60 208.9 -300 -58.4 215.5 -300 0 180
3 2 -300 -61.4 203.7 -300 -60 208.9 -300 0 180
3 2 -300 -62.6 201.6 -300 -61.4 203.7 -300 0 180
3 2 -300 -72 200 -300 -62.6 201.6 -300 0 180
4 2 -300 -67.1 204.8 -300 -62.6 201.6 -300 -72 200 -300 -72 207.3
0
4 16 -300 -72 -1.9 -300 -71.2 -1.9 -300 -70.8 -3.2 -300 -72 -3.8
3 16 -300 -71.2 -1.9 -300 -70.4 -2.5 -300 -70.8 -3.2
4 16 -300 -72 -15.3 -300 -68.4 -15.1 -300 -69.6 -28.3 -300 -72 -31.5
4 16 -300 -67.6 -26.4 -300 -69.6 -28.3 -300 -68.4 -15.1 -300 -63.5 -14.7
3 16 -300 -67.6 -26.4 -300 -63.5 -14.7 -300 -66.9 -26.1
3 16 -300 -66.9 -26.1 -300 -63.5 -14.7 -300 -66.4 -26.4
4 16 -300 -61.9 -30.4 -300 -66.4 -26.4 -300 -63.5 -14.7 -300 -59.3 -13.6
4 16 -300 -60.2 -31.4 -300 -61.9 -30.4 -300 -59.3 -13.6 -300 -55.9 -22.3
4 16 -300 -54 -15.9 -300 -55.9 -22.3 -300 -59.3 -13.6 -300 -55 -12.4
4 16 -300 -53.5 -13.7 -300 -54 -15.9 -300 -55 -12.4 -300 -53.7 -12
3 16 -300 -72 19.6 -300 -72 40 -300 -71.1 19.9
4 16 -300 -68.1 19.8 -300 -71.1 19.9 -300 -72 40 -300 -66.9 30.1
4 16 -300 -68.1 19.8 -300 -66.9 30.1 -300 -66 27.5 -300 -65.1 20
3 16 -300 -66 27.5 -300 -64.5 23.1 -300 -65.1 20
3 16 -300 -65.1 20 -300 -64.5 23.1 -300 -62.8 20.2
3 16 -300 -72 40 -300 -67.9 34.9 -300 -66.9 30.1
3 16 -300 -72 40 -300 -68.1 37.1 -300 -67.9 34.9
3 16 -300 -72 40 -300 -67.7 39.1 -300 -68.1 37.1
3 16 -300 -72 40 -300 -66.9 41.4166 -300 -67.7 39.1
4 16 -300 -58.3 43.8055 -300 -47.8 46.7221 -300 -46.5 44.9 -300 -56.3 41.9
4 16 -300 -56.3 41.9 -300 -46.5 44.9 -300 -46.5 43.4 -300 -47.7 40.5
4 16 -300 -52.8 38.7 -300 -56.3 41.9 -300 -47.7 40.5 -300 -50.9 37.3
4 16 -300 -50.9 37.3 -300 -47.7 40.5 -300 -49.4 37.4 -300 -50.1 36.9
4 2 -300 -66.9 41.4166 -300 -58.3 43.8055 -300 -56.3 41.9 -300 -67.7 39.1
4 2 -300 -68.1 37.1 -300 -67.7 39.1 -300 -56.3 41.9 -300 -67.9 34.9
3 2 -300 -67.9 34.9 -300 -56.3 41.9 -300 -52.8 38.7
3 2 -300 -67.9 34.9 -300 -52.8 38.7 -300 -50.9 37.3
4 2 -300 -67.9 34.9 -300 -50.9 37.3 -300 -50.1 36.9 -300 -66.9 30.1
3 2 -300 -66.9 30.1 -300 -50.1 36.9 -300 -66 27.5
4 2 -300 -64.5 23.1 -300 -66 27.5 -300 -50.1 36.9 -300 -62.8 20.2
4 2 -300 -62.8 20.2 -300 -50.1 36.9 -300 -53.7 -12 -300 -55 -12.4
4 2 -300 -62.8 20.2 -300 -55 -12.4 -300 -59.3 -13.6 -300 -70.4 -2.5
4 2 -300 -65.1 20 -300 -62.8 20.2 -300 -70.4 -2.5 -300 -71.2 -1.9
3 2 -300 -71.2 -1.9 -300 -68.1 19.8 -300 -65.1 20
4 2 -300 -71.1 19.9 -300 -68.1 19.8 -300 -71.2 -1.9 -300 -72 19.6
3 2 -300 -72 -1.9 -300 -72 19.6 -300 -71.2 -1.9
4 2 -300 -72 -3.8 -300 -70.8 -3.2 -300 -68.4 -15.1 -300 -72 -15.3
4 2 -300 -68.4 -15.1 -300 -70.8 -3.2 -300 -70.4 -2.5 -300 -63.5 -14.7
3 2 -300 -70.4 -2.5 -300 -59.3 -13.6 -300 -63.5 -14.7
4 2 -300 -72 -40 -300 -72 -31.5 -300 -69.6 -28.3 -300 -67.6 -26.4
4 2 -300 -72 -40 -300 -67.6 -26.4 -300 -66.9 -26.1 -300 -66.4 -26.4
3 2 -300 -72 -40 -300 -66.4 -26.4 -300 -61.9 -30.4
3 2 -300 -72 -40 -300 -61.9 -30.4 -300 -60.2 -31.4
3 2 -300 -72 -40 -300 -60.2 -31.4 -300 0 -60
3 2 -300 -60.2 -31.4 -300 -55.9 -22.3 -300 0 -60
3 2 -300 -55.9 -22.3 -300 -54 -15.9 -300 0 -60
3 2 -300 -54 -15.9 -300 -53.5 -13.7 -300 0 -60
4 2 -300 0 -60 -300 -53.5 -13.7 -300 -53.7 -12 -300 0 60
3 2 -300 -53.7 -12 -300 -50.1 36.9 -300 -49.4 37.4
3 2 -300 -53.7 -12 -300 -49.4 37.4 -300 -47.7 40.5
4 2 -300 -53.7 -12 -300 -47.7 40.5 -300 -46.5 43.4 -300 0 60
3 2 -300 -46.5 43.4 -300 -46.5 44.9 -300 0 60
3 2 -300 -47.8 46.7221 -300 0 60 -300 -46.5 44.9
0
4 16 60 -71.4 -263.1 60 -72 -262.3 60 -72 -257.7 60 -69.3 -260.4
4 16 60 -70 -263.8 60 -71.4 -263.1 60 -69.3 -260.4 60 -67.4 -262
4 16 60 -66.8 -264 60 -70 -263.8 60 -67.4 -262 60 -65.8 -263.5
3 16 60 -67.4 -262 60 -66.3 -262.6 60 -65.8 -263.5
4 2 60 -69.3 -260.4 60 -72 -257.7 60 -72 -240 60 -67.4 -262
4 2 60 -66.3 -262.6 60 -67.4 -262 60 -72 -240 60 0 -260
4 2 60 -65.8 -263.5 60 -66.3 -262.6 60 0 -260 60 0 -300
4 2 60 -66.8 -264 60 -65.8 -263.5 60 0 -300 60 -72 -280
3 2 60 -72 -280 60 -70 -263.8 60 -66.8 -264
3 2 60 -72 -280 60 -71.4 -263.1 60 -70 -263.8
3 2 60 -72 -280 60 -72 -262.3 60 -71.4 -263.1
0
4 2 -260 -67.6 194.6 -260 -68.9 199.139 -260 0 180 -260 -65.7 188.3
3 2 -260 -65.7 188.3 -260 0 180 -260 -64.8 185.6
4 2 -260 -59.4 149.5 -260 -64.8 185.6 -260 0 180 -260 -57.4 147.3
3 2 -260 -57.4 147.3 -260 0 180 -260 -56.3 143.9
4 2 -260 -56.6 139.7 -260 -56.3 143.9 -260 0 180 -260 0 60
3 2 -260 -57.1 138.4 -260 -56.6 139.7 -260 0 60
4 2 -260 -68.1 123.4 -260 -57.1 138.4 -260 0 60 -260 -68.6 83.7
3 2 -260 -68.6 83.7 -260 0 60 -260 -52.1 60.8
3 2 -260 -52.1 60.8 -260 0 60 -260 -51.7 58.6
3 2 -260 -52.1 55.7 -260 -51.7 58.6 -260 0 60
4 2 -260 -53.4 51.6 -260 -52.1 55.7 -260 0 60 -260 -53.6 49.6
3 2 -260 -53.6 49.6 -260 0 60 -260 -53.3 46.4
3 2 -260 -53.4 45.1666 -260 -53.3 46.4 -260 0 60
4 2 -260 -66.8 185 -260 -64.8 185.6 -260 -59.4 149.5 -260 -64.4 147.5
4 2 -260 -71.9 184.3 -260 -66.8 185 -260 -64.4 147.5 -260 -71.3 146.2
4 2 -260 -71.9 184.3 -260 -71.3 146.2 -260 -75.6 145.8 -260 -79.9 165.5
4 2 -260 -79.9 165.5 -260 -75.6 145.8 -260 -82.5 145.8 -260 -84.9 161.3
4 2 -260 -87.8 157.4 -260 -84.9 161.3 -260 -82.5 145.8 -260 -91.4 150.4
3 2 -260 -91.7 147.8 -260 -91.4 150.4 -260 -82.5 145.8
4 2 -260 -71.9 184.3 -260 -79.9 165.5 -260 -86.5 167.7 -260 -86.7 184.1
4 2 -260 -86.7 184.1 -260 -86.5 167.7 -260 -89.9 169.5 -260 -92.7 183.8
4 2 -260 -92.7 183.8 -260 -89.9 169.5 -260 -93.5 171.7 -260 -97.4 175.7
4 2 -260 -92.7 183.8 -260 -97.4 175.7 -260 -99.8 179.4 -260 -99.8 182.8
4 2 -260 -63.2 140.1 -260 -57.1 138.4 -260 -68.1 123.4 -260 -70.4 127.1
4 2 -260 -63.2 140.1 -260 -70.4 127.1 -260 -72.9 132.1 -260 -69.7 141
4 2 -260 -69.7 141 -260 -72.9 132.1 -260 -74.8 139.1 -260 -74.6 141.3
4 2 -260 -77.6 125 -260 -68.1 123.4 -260 -78.1 106.5 -260 -83.3 109.9
4 2 -260 -87.7 126.1 -260 -77.6 125 -260 -83.3 109.9 -260 -90.6 115.3
4 2 -260 -87.7 126.1 -260 -90.6 115.3 -260 -94.3 119.4 -260 -96.4 126.1
4 2 -260 -96.4 126.1 -260 -94.3 119.4 -260 -96.8 124.6 -260 -97 125.7
4 2 -260 -69.7 84.4 -260 -78.1 106.5 -260 -68.1 123.4 -260 -68.6 83.7
3 2 -260 -78.1 106.5 -260 -69.7 84.4 -260 -72.3 84.7
4 2 -260 -78.1 106.5 -260 -72.3 84.7 -260 -82.1 84.9 -260 -83.9 104.7
4 2 -260 -83.9 104.7 -260 -82.1 84.9 -260 -90 86.1 -260 -93.8 101.4
4 2 -260 -93.8 101.4 -260 -90 86.1 -260 -96 87.9 -260 -100.6 97.3
4 2 -260 -103.1 94.2 -260 -100.6 97.3 -260 -96 87.9 -260 -103.8 92.7
4 2 -260 -60.1 59.9 -260 -73.1 80 -260 -68.6 83.7 -260 -52.1 60.8
4 2 -260 -73.1 80 -260 -60.1 59.9 -260 -70.1 59.5 -260 -77.8 74.5
4 2 -260 -77.8 74.5 -260 -70.1 59.5 -260 -75.2 59.2 -260 -80.7 66.7
4 2 -260 -80.2 60.8 -260 -80.7 66.7 -260 -75.2 59.2 -260 -79.6 59.5
4 16 -260 -65.7 188.3 -260 -64.8 185.6 -260 -66.8 185 -260 -71.9 184.3
3 16 -260 -71.9 184.3 -260 -67.6 194.6 -260 -65.7 188.3
4 16 -260 -68.9 199.139 -260 -67.6 194.6 -260 -71.9 184.3 -260 -72 200
3 16 -260 -86.7 184.1 -260 -72 200 -260 -71.9 184.3
3 16 -260 -92.7 183.8 -260 -72 200 -260 -86.7 184.1
4 16 -260 -72 200 -260 -92.7 183.8 -260 -99.8 182.8 -260 -144 180
3 16 -260 -144 180 -260 -99.8 182.8 -260 -99.8 179.4
3 16 -260 -144 180 -260 -99.8 179.4 -260 -97.4 175.7
4 16 -260 -144 180 -260 -97.4 175.7 -260 -93.5 171.7 -260 -91.4 150.4
4 16 -260 -87.8 157.4 -260 -91.4 150.4 -260 -93.5 171.7 -260 -89.9 169.5
4 16 -260 -87.8 157.4 -260 -89.9 169.5 -260 -86.5 167.7 -260 -84.9 161.3
3 16 -260 -86.5 167.7 -260 -79.9 165.5 -260 -84.9 161.3
4 16 -260 -144 180 -260 -91.4 150.4 -260 -91.7 147.8 -260 -96.4 126.1
3 16 -260 -144 180 -260 -96.4 126.1 -260 -97 125.7
4 16 -260 -144 60 -260 -144 180 -260 -97 125.7 -260 -96.8 124.6
4 16 -260 -144 60 -260 -96.8 124.6 -260 -94.3 119.4 -260 -100.6 97.3
3 16 -260 -144 60 -260 -100.6 97.3 -260 -103.1 94.2
3 16 -260 -144 60 -260 -103.1 94.2 -260 -103.8 92.7
3 16 -260 -144 60 -260 -103.8 92.7 -260 -96 87.9
4 16 -260 -144 60 -260 -96 87.9 -260 -90 86.1 -260 -80.7 66.7
3 16 -260 -144 60 -260 -80.7 66.7 -260 -80.2 60.8
4 16 -260 -144 60 -260 -80.2 60.8 -260 -79.6 59.5 -260 -72 40
3 16 -260 -79.6 59.5 -260 -75.2 59.2 -260 -72 40
4 16 -260 -72 40 -260 -75.2 59.2 -260 -70.1 59.5 -260 -60.1 59.9
4 16 -260 -53.3 46.4 -260 -53.4 45.1666 -260 -72 40 -260 -53.6 49.6
3 16 -260 -72 40 -260 -53.4 51.6 -260 -53.6 49.6
4 16 -260 -52.1 55.7 -260 -53.4 51.6 -260 -72 40 -260 -51.7 58.6
4 16 -260 -52.1 60.8 -260 -51.7 58.6 -260 -72 40 -260 -60.1 59.9
4 16 -260 -77.8 74.5 -260 -80.7 66.7 -260 -90 86.1 -260 -82.1 84.9
4 16 -260 -73.1 80 -260 -77.8 74.5 -260 -82.1 84.9 -260 -72.3 84.7
4 16 -260 -73.1 80 -260 -72.3 84.7 -260 -69.7 84.4 -260 -68.6 83.7
4 16 -260 -93.8 101.4 -260 -100.6 97.3 -260 -94.3 119.4 -260 -90.6 115.3
4 16 -260 -93.8 101.4 -260 -90.6 115.3 -260 -83.3 109.9 -260 -83.9 104.7
3 16 -260 -83.9 104.7 -260 -83.3 109.9 -260 -78.1 106.5
4 16 -260 -91.7 147.8 -260 -82.5 145.8 -260 -87.7 126.1 -260 -96.4 126.1
4 16 -260 -82.5 145.8 -260 -74.6 141.3 -260 -74.8 139.1 -260 -87.7 126.1
4 16 -260 -87.7 126.1 -260 -74.8 139.1 -260 -72.9 132.1 -260 -77.6 125
3 16 -260 -77.6 125 -260 -72.9 132.1 -260 -70.4 127.1
3 16 -260 -77.6 125 -260 -70.4 127.1 -260 -68.1 123.4
3 16 -260 -82.5 145.8 -260 -75.6 145.8 -260 -74.6 141.3
4 16 -260 -74.6 141.3 -260 -75.6 145.8 -260 -71.3 146.2 -260 -69.7 141
4 16 -260 -69.7 141 -260 -71.3 146.2 -260 -64.4 147.5 -260 -63.2 140.1
4 16 -260 -63.2 140.1 -260 -64.4 147.5 -260 -59.4 149.5 -260 -57.4 147.3
4 16 -260 -63.2 140.1 -260 -57.4 147.3 -260 -56.3 143.9 -260 -56.6 139.7
3 16 -260 -63.2 140.1 -260 -56.6 139.7 -260 -57.1 138.4
0
4 2 -260 -140.9 -39.5 -260 -138.2 -38 -260 -139.7 -41.7 -260 -144 -42.8
4 2 -260 -144 -42.8 -260 -139.7 -41.7 -260 -139.9 -45.4 -260 -143 -69.8
3 2 -260 -144 -70.6 -260 -144 -42.8 -260 -143 -69.8
4 2 -260 -143 -69.8 -260 -139.9 -45.4 -260 -138.8 -47.6 -260 -141.8 -69.6
4 2 -260 -127.1 -47 -260 -141.8 -69.6 -260 -138.8 -47.6 -260 -137.7 -45.2
4 2 -260 -127.1 -47 -260 -137.7 -45.2 -260 -135.1 -40.7 -260 -125.6 -42.4
4 2 -260 -125.6 -42.4 -260 -135.1 -40.7 -260 -131.7 -37.5 -260 -127.8 -35.4
3 2 -260 -127.8 -35.4 -260 -123.8 -38.9 -260 -125.6 -42.4
4 2 -260 -123.8 -38.9 -260 -127.8 -35.4 -260 -121.3 -34.4 -260 -121.2 -36.6
3 2 -260 -121.3 -34.4 -260 -118.2 -34.8 -260 -121.2 -36.6
4 2 -260 -118.5 -50.9 -260 -127.1 -47 -260 -122.3 -44.8 -260 -117.3 -48.2
4 2 -260 -117.3 -48.2 -260 -122.3 -44.8 -260 -116.8 -43.3 -260 -116 -45.9
3 2 -260 -116.8 -43.3 -260 -112.8 -43.9 -260 -116 -45.9
4 2 -260 -127.1 -47 -260 -118.5 -50.9 -260 -118.6 -53.9 -260 -121.9 -70.8
3 2 -260 -116 -53.8 -260 -109.6 -53.5 -260 -112.3 -55.9
4 2 -260 -116 -53.8 -260 -112.3 -55.9 -260 -113.9 -57.9 -260 -118.6 -53.9
3 2 -260 -118.6 -53.9 -260 -113.9 -57.9 -260 -114.7 -59.5
4 2 -260 -118.6 -53.9 -260 -114.7 -59.5 -260 -116.5 -63.5 -260 -121.9 -70.8
3 2 -260 -121.9 -70.8 -260 -116.5 -63.5 -260 -117.5 -67.8
3 2 -260 -121.9 -70.8 -260 -117.5 -67.8 -260 -117.4 -72.8
4 2 -260 -120.6 -83.2 -260 -118.1 -86.7 -260 -121.1 -86.3 -260 -125 -84.1
4 2 -260 -120.6 -83.2 -260 -125 -84.1 -260 -130.9 -77.2 -260 -122.9 -77.3
4 2 -260 -122.7 -72.4 -260 -122.9 -77.3 -260 -130.9 -77.2 -260 -141.8 -69.6
4 2 -260 -143.1 -73.5 -260 -141.8 -69.6 -260 -130.9 -77.2 -260 -143.5 -78.5
4 2 -260 -143.5 -78.5 -260 -130.9 -77.2 -260 -134.4 -82.7 -260 -143 -81.9
4 2 -260 -141.6 -85.8 -260 -143 -81.9 -260 -134.4 -82.7 -260 -135.3 -87.3
4 2 -260 -135.8 -90.6 -260 -141.6 -85.8 -260 -135.3 -87.3 -260 -134.4 -90.7
4 2 -260 -121.9 -70.8 -260 -122.7 -72.4 -260 -141.8 -69.6 -260 -127.1 -47
4 2 -260 -106 -44.3 -260 -104.7 -43.3 -260 -104.9 -50.4 -260 -106 -46.1
4 2 -260 -104.9 -50.4 -260 -104.7 -43.3 -260 -97.6 -43.1 -260 -103 -53.8
4 2 -260 -103 -53.8 -260 -97.6 -43.1 -260 -90.1 -44.6 -260 -97.8 -59.7
4 2 -260 -96 -61.9 -260 -97.8 -59.7 -260 -90.1 -44.6 -260 -84.5 -45.6
4 2 -260 -94 -63.7 -260 -96 -61.9 -260 -84.5 -45.6 -260 -81.9 -45.9
4 2 -260 -94 -63.7 -260 -81.9 -45.9 -260 -85.4 -103.5 -260 -95.9 -84.6
3 2 -260 -95.9 -84.6 -260 -85.4 -103.5 -260 -88.5 -102.9
4 2 -260 -97.2 -64.6 -260 -94 -63.7 -260 -95.9 -84.6 -260 -103.6 -81.7
4 2 -260 -100.6 -65.9 -260 -97.2 -64.6 -260 -103.6 -81.7 -260 -107.4 -68.6
4 2 -260 -107.4 -68.6 -260 -103.6 -81.7 -260 -110.1 -79 -260 -111.2 -70.7
4 2 -260 -111.2 -70.7 -260 -110.1 -79 -260 -115.3 -75.2 -260 -115.9 -74.2
4 2 -260 -96.2 -102.8 -260 -103.9 -92.9 -260 -95.9 -84.6 -260 -88.5 -102.9
4 2 -260 -106.9 -97 -260 -103.9 -92.9 -260 -105.5 -103.6 -260 -107 -103.4
3 2 -260 -105.5 -103.6 -260 -103.9 -92.9 -260 -96.2 -102.8
3 2 -260 -107.9 -100.1 -260 -106.9 -97 -260 -107 -103.4
4 2 -260 -102.1 -111.639 -260 -92.9 -110.9 -260 -89.9 -111.5 -260 -87.3 -112.5
4 2 -260 -81.4 -36.8 -260 -79.8 -32.1 -260 -72 -40 -260 -81.9 -45.9
3 2 -260 -102.1 -111.639 -260 -87.3 -112.5 -260 0 -140
3 2 -260 -87.3 -112.5 -260 -85.8 -110.2 -260 0 -140
4 2 -260 -85.8 -110.2 -260 -86.2 -105.1 -260 -85.4 -103.5 -260 0 -140
4 2 -260 0 -60 -260 0 -140 -260 -85.4 -103.5 -260 -72 -40
3 2 -260 -85.4 -103.5 -260 -81.9 -45.9 -260 -72 -40
4 2 -260 -76.9 -29.1 -260 -72 -30.2 -260 -72 -40 -260 -77.8 -29.7
3 2 -260 -79.8 -32.1 -260 -77.8 -29.7 -260 -72 -40
4 14 -260 -109.9 -58.2 -260 -103.3 -58.7 -260 -102.9 -62.7 -260 -108.6 -61
4 14 -260 -102.9 -62.7 -260 -103.3 -58.7 -260 -97.8 -59.7 -260 -96 -61.9
4 14 -260 -97.2 -64.6 -260 -102.9 -62.7 -260 -96 -61.9 -260 -94 -63.7
4 14 -260 -113.9 -57.9 -260 -109.9 -58.2 -260 -108.6 -61 -260 -114.7 -59.5
3 16 -260 -76.9 -29.1 -260 -72 0 -260 -72 -30.2
3 16 -260 -77.8 -29.7 -260 -72 0 -260 -76.9 -29.1
4 16 -260 -72 0 -260 -77.8 -29.7 -260 -79.8 -32.1 -260 -118.2 -34.8
4 16 -260 -118.2 -34.8 -260 -79.8 -32.1 -260 -81.4 -36.8 -260 -97.6 -43.1
4 16 -260 -90.1 -44.6 -260 -97.6 -43.1 -260 -81.4 -36.8 -260 -84.5 -45.6
3 16 -260 -84.5 -45.6 -260 -81.4 -36.8 -260 -81.9 -45.9
4 16 -260 -121.3 -34.4 -260 -144 -20 -260 -72 0 -260 -118.2 -34.8
3 16 -260 -144 -20 -260 -121.3 -34.4 -260 -127.8 -35.4
4 16 -260 -144 -20 -260 -127.8 -35.4 -260 -131.7 -37.5 -260 -138.2 -38
3 16 -260 -144 -20 -260 -138.2 -38 -260 -140.9 -39.5
3 16 -260 -144 -42.8 -260 -144 -20 -260 -140.9 -39.5
4 16 -260 -138.2 -38 -260 -131.7 -37.5 -260 -135.1 -40.7 -260 -139.7 -41.7
4 16 -260 -139.7 -41.7 -260 -135.1 -40.7 -260 -137.7 -45.2 -260 -139.9 -45.4
3 16 -260 -139.9 -45.4 -260 -137.7 -45.2 -260 -138.8 -47.6
3 16 -260 -118.2 -34.8 -260 -97.6 -43.1 -260 -104.7 -43.3
4 16 -260 -118.2 -34.8 -260 -104.7 -43.3 -260 -106 -44.3 -260 -112.8 -43.9
4 16 -260 -118.2 -34.8 -260 -112.8 -43.9 -260 -116.8 -43.3 -260 -121.2 -36.6
4 16 -260 -121.2 -36.6 -260 -116.8 -43.3 -260 -122.3 -44.8 -260 -123.8 -38.9
4 16 -260 -125.6 -42.4 -260 -123.8 -38.9 -260 -122.3 -44.8 -260 -127.1 -47
4 16 -260 -112.8 -43.9 -260 -106 -44.3 -260 -106 -46.1 -260 -116 -45.9
4 16 -260 -116 -45.9 -260 -106 -46.1 -260 -104.9 -50.4 -260 -109.6 -53.5
4 16 -260 -116 -45.9 -260 -109.6 -53.5 -260 -116 -53.8 -260 -117.3 -48.2
4 16 -260 -118.5 -50.9 -260 -117.3 -48.2 -260 -116 -53.8 -260 -118.6 -53.9
4 16 -260 -109.6 -53.5 -260 -104.9 -50.4 -260 -103 -53.8 -260 -103.3 -58.7
4 16 -260 -109.6 -53.5 -260 -103.3 -58.7 -260 -109.9 -58.2 -260 -112.3 -55.9
3 16 -260 -113.9 -57.9 -260 -112.3 -55.9 -260 -109.9 -58.2
3 16 -260 -103.3 -58.7 -260 -103 -53.8 -260 -97.8 -59.7
4 16 -260 -116.5 -63.5 -260 -114.7 -59.5 -260 -108.6 -61 -260 -102.9 -62.7
4 16 -260 -107.4 -68.6 -260 -116.5 -63.5 -260 -102.9 -62.7 -260 -100.6 -65.9
3 16 -260 -102.9 -62.7 -260 -97.2 -64.6 -260 -100.6 -65.9
4 16 -260 -116.5 -63.5 -260 -107.4 -68.6 -260 -111.2 -70.7 -260 -117.5 -67.8
4 16 -260 -117.5 -67.8 -260 -111.2 -70.7 -260 -115.9 -74.2 -260 -117.4 -72.8
4 16 -260 -122.7 -72.4 -260 -121.9 -70.8 -260 -117.4 -72.8 -260 -122.9 -77.3
4 16 -260 -122.9 -77.3 -260 -117.4 -72.8 -260 -115.9 -74.2 -260 -115.3 -75.2
4 16 -260 -120.6 -83.2 -260 -122.9 -77.3 -260 -115.3 -75.2 -260 -110.1 -79
4 16 -260 -118.1 -86.7 -260 -120.6 -83.2 -260 -110.1 -79 -260 -103.6 -81.7
4 16 -260 -118.1 -86.7 -260 -103.6 -81.7 -260 -95.9 -84.6 -260 -103.9 -92.9
3 16 -260 -118.1 -86.7 -260 -103.9 -92.9 -260 -106.9 -97
4 16 -260 -118.1 -86.7 -260 -106.9 -97 -260 -107.9 -100.1 -260 -121.1 -86.3
4 16 -260 -121.1 -86.3 -260 -107.9 -100.1 -260 -107 -103.4 -260 -134.4 -90.7
4 16 -260 -135.8 -90.6 -260 -134.4 -90.7 -260 -107 -103.4 -260 -144 -100
4 16 -260 -102.1 -111.639 -260 -144 -100 -260 -107 -103.4 -260 -105.5 -103.6
4 16 -260 -92.9 -110.9 -260 -102.1 -111.639 -260 -105.5 -103.6 -260 -96.2 -102.8
4 16 -260 -92.9 -110.9 -260 -96.2 -102.8 -260 -88.5 -102.9 -260 -89.9 -111.5
4 16 -260 -86.2 -105.1 -260 -89.9 -111.5 -260 -88.5 -102.9 -260 -85.4 -103.5
4 16 -260 -86.2 -105.1 -260 -85.8 -110.2 -260 -87.3 -112.5 -260 -89.9 -111.5
4 16 -260 -134.4 -82.7 -260 -130.9 -77.2 -260 -125 -84.1 -260 -135.3 -87.3
4 16 -260 -134.4 -90.7 -260 -135.3 -87.3 -260 -125 -84.1 -260 -121.1 -86.3
4 16 -260 -144 -70.6 -260 -143 -69.8 -260 -141.8 -69.6 -260 -143.1 -73.5
3 16 -260 -144 -70.6 -260 -143.1 -73.5 -260 -143.5 -78.5
3 16 -260 -144 -100 -260 -144 -70.6 -260 -143.5 -78.5
3 16 -260 -144 -100 -260 -143.5 -78.5 -260 -143 -81.9
3 16 -260 -144 -100 -260 -143 -81.9 -260 -141.6 -85.8
3 16 -260 -144 -100 -260 -141.6 -85.8 -260 -135.8 -90.6
0
4 16 -140 -84.9 -220.2 -140 -84.4 -221.9 -140 -86.3 -222.6 -140 -92.6 -214.6
4 16 -140 -92.6 -214.6 -140 -86.3 -222.6 -140 -94.7 -223.6 -140 -96.6 -210.1
4 16 -140 -96.6 -210.1 -140 -94.7 -223.6 -140 -101.2 -224.8 -140 -100.9 -204.2
4 16 -140 -100.9 -204.2 -140 -101.2 -224.8 -140 -106.1 -226.8 -140 -102.5 -200.2
4 16 -140 -102.5 -200.2 -140 -106.1 -226.8 -140 -109.9 -229.4723 -140 -103.8 -194.9
4 16 -140 -103.8 -194.9 -140 -109.9 -229.4723 -140 -144 -220 -140 -144 -180
3 16 -140 -144 -180 -140 -98.9 -192.5278 -140 -103.8 -194.9
4 2 -140 -102.5 -200.2 -140 -103.8 -194.9 -140 -98.9 -192.5278 -140 -100.9 -204.2
4 2 -140 -96.6 -210.1 -140 -100.9 -204.2 -140 -98.9 -192.5278 -140 -92.6 -214.6
4 2 -140 -84.9 -220.2 -140 -92.6 -214.6 -140 -98.9 -192.5278 -140 0 -220
4 2 -140 -84.4 -221.9 -140 -84.9 -220.2 -140 0 -220 -140 -72 -240
3 2 -140 -86.3 -222.6 -140 -84.4 -221.9 -140 -72 -240
4 2 -140 -94.7 -223.6 -140 -86.3 -222.6 -140 -72 -240 -140 -101.2 -224.8
4 2 -140 -106.1 -226.8 -140 -101.2 -224.8 -140 -72 -240 -140 -109.9 -229.4723
4 2 -140 -72 -240 -140 0 -220 -140 0 -300 -140 -72 -280
0
3 2 140 -72 280 140 -57.7 269.7 140 -58.5 268.6
4 2 140 -53.4 272.6 140 -57.7 269.7 140 -72 280 140 -45.3 279.1
4 2 140 -45.3 279.1 140 -22.7 281.4 140 -25.7 278.3 140 -43.5 275.4
4 2 140 -40.2 272.1 140 -43.5 275.4 140 -25.7 278.3 140 -29.6 270.9
4 2 140 -35.3 269.2 140 -40.2 272.1 140 -29.6 270.9 140 -31.2 268.2
4 2 140 -72 200 140 -58.5 268.6 140 -56.6 267.4 140 -47.9 251.7
3 2 140 -56.6 267.4 140 -48.1 253.8 140 -47.9 251.7
4 2 140 -48.1 253.8 140 -56.6 267.4 140 -44.9 267.3 140 -43.9 260.8
4 2 140 -42.9 265.4 140 -43.9 260.8 140 -44.9 267.3 140 -43 267
3 2 140 -72 200 140 -72 280 140 -58.5 268.6
4 2 140 -39.5 232.5 140 -45.6 250.6 140 -39.6 251.8 140 -32.8 235.9
4 2 140 -47.9 251.7 140 -45.6 250.6 140 -39.5 232.5 140 -72 200
4 2 140 -72 200 140 -39.5 232.5 140 -27.3 230.1 140 -27.5 210.5
3 2 140 -72 200 140 -27.5 210.5 140 -26.4 196.2
4 2 140 -72 200 140 -26.4 196.2 140 -21.6 192.1 140 -17.8 187.8
3 2 140 -72 200 140 -17.8 187.8 140 -14.8 184.111
4 2 140 -27.5 210.5 140 -19.5 206.6 140 -21.9 195.7 140 -26.4 196.2
4 2 140 -21.9 195.7 140 -19.5 206.6 140 -10.7 203.9 140 -9.2 198.9
4 2 140 -7.4 200.9 140 -9.2 198.9 140 -10.7 203.9 140 -8.1 202.7
4 2 140 -23.6 212.2 140 -27.5 210.5 140 -27.3 230.1 140 -14.9 225.3
4 2 140 -16.6 215.4 140 -23.6 212.2 140 -14.9 225.3 140 -9.1 223.2
3 2 140 -16.6 215.4 140 -9.1 223.2 140 -10.3 220.1
4 2 140 -32.8 235.9 140 -39.6 251.8 140 -31.9 251.9 140 -26.5 239.4
4 2 140 -24.5 243.9 140 -26.5 239.4 140 -31.9 251.9 140 -23.4 248.8
3 2 140 -31.9 251.9 140 -23.4 250.7 140 -23.4 248.8
4 14 140 -3.3 184.7 140 -1.8 194.5 140 0 180 140 -2.7 180.7499
3 14 140 -1.8 194.5 140 0 199 140 0 180
3 16 140 -26.4 196.2 140 -21.9 195.7 140 -21.6 192.1
4 16 140 -21.6 192.1 140 -21.9 195.7 140 -9.2 198.9 140 -17.8 187.8
4 16 140 -14.8 184.111 140 -17.8 187.8 140 -9.2 198.9 140 -3.3 184.7
3 16 140 -14.8 184.111 140 -3.3 184.7 140 -2.7 180.7499
4 16 140 -1.8 194.5 140 -3.3 184.7 140 -9.2 198.9 140 -7.4 200.9
4 16 140 0 199 140 -1.8 194.5 140 -7.4 200.9 140 -8.1 202.7
4 16 140 -10.3 220.1 140 0 199 140 -8.1 202.7 140 -10.7 203.9
4 16 140 -16.6 215.4 140 -10.3 220.1 140 -10.7 203.9 140 -19.5 206.6
3 16 140 -27.5 210.5 140 -23.6 212.2 140 -19.5 206.6
3 16 140 -23.6 212.2 140 -16.6 215.4 140 -19.5 206.6
3 16 140 -10.3 220.1 140 -9.1 223.2 140 0 199
3 16 140 -9.1 223.2 140 0 271.8 140 0 199
4 16 140 0 271.8 140 -9.1 223.2 140 -14.9 225.3 140 -23.4 248.8
3 16 140 -24.5 243.9 140 -23.4 248.8 140 -14.9 225.3
4 16 140 -26.5 239.4 140 -24.5 243.9 140 -14.9 225.3 140 -27.3 230.1
3 16 140 -32.8 235.9 140 -26.5 239.4 140 -27.3 230.1
3 16 140 -39.5 232.5 140 -32.8 235.9 140 -27.3 230.1
4 16 140 -8.9 272.8 140 0 271.8 140 -23.4 248.8 140 -23.4 250.7
4 16 140 -16.3 276.4 140 -8.9 272.8 140 -23.4 250.7 140 -31.2 268.2
3 16 140 -31.2 268.2 140 -29.6 270.9 140 -16.3 276.4
4 16 140 -16.3 276.4 140 -29.6 270.9 140 -25.7 278.3 140 -21.4 280.8
3 16 140 -25.7 278.3 140 -22.7 281.4 140 -21.4 280.8
4 16 140 -35.3 269.2 140 -31.2 268.2 140 -23.4 250.7 140 -31.9 251.9
4 16 140 -35.3 269.2 140 -31.9 251.9 140 -39.6 251.8 140 -43.9 260.8
4 16 140 -43.9 260.8 140 -39.6 251.8 140 -45.6 250.6 140 -47.9 251.7
3 16 140 -48.1 253.8 140 -43.9 260.8 140 -47.9 251.7
3 16 140 -43.9 260.8 140 -42.9 265.4 140 -35.3 269.2
4 16 140 -35.3 269.2 140 -42.9 265.4 140 -43 267 140 -40.2 272.1
4 16 140 -40.2 272.1 140 -43 267 140 -44.9 267.3 140 -43.5 275.4
4 16 140 -45.3 279.1 140 -43.5 275.4 140 -44.9 267.3 140 -53.4 272.6
4 16 140 -53.4 272.6 140 -44.9 267.3 140 -56.6 267.4 140 -57.7 269.7
3 16 140 -58.5 268.6 140 -57.7 269.7 140 -56.6 267.4
4 2 140 -45.3 279.1 140 -72 280 140 0 300 140 -22.7 281.4
3 2 140 -22.7 281.4 140 0 300 140 -21.4 280.8
4 2 140 -16.3 276.4 140 -21.4 280.8 140 0 300 140 -8.9 272.8
3 2 140 -8.9 272.8 140 0 300 140 0 271.8
0
4 2 -180 -74.5 -185.9 -180 -72 -181.9 -180 -72 -200 -180 -76.2 -198.8334
4 16 -180 -144 -180 -180 -144 -100 -180 -72 -120 -180 -72 -181.9
3 16 -180 -144 -180 -180 -72 -181.9 -180 -74.5 -185.9
3 16 -180 -144 -180 -180 -74.5 -185.9 -180 -76.2 -198.8334
0
3 16 220 -72 199.1 220 -72 200 220 -66.1 198.361
4 14 220 -5.9 146.9 220 0 150.1 220 0 140 220 -10 142.7777
4 16 220 -17.2 149.8 220 -5.9 146.9 220 -10 142.7777 220 -21.4 145.9444
4 16 220 -5.9 146.9 220 -17.2 149.8 220 -11.6 153.8 220 0 150.1
4 16 220 0 150.1 220 -11.6 153.8 220 -7.6 157.2 220 0 161.1
4 16 220 -2.2 163.9 220 0 161.1 220 -7.6 157.2 220 -5.8 166.2
4 16 220 -5.8 166.2 220 -7.6 157.2 220 -13.2 160.5 220 -10.3 170.4
4 16 220 -10.3 170.4 220 -13.2 160.5 220 -21.2 163.4 220 -21.5 170.7
4 16 220 -28 167.5 220 -21.5 170.7 220 -21.2 163.4 220 -30.4 165.9
4 16 220 -17.6 173.8 220 -13.3 175.8 220 -10.3 170.4 220 -21.5 170.7
3 16 220 -17.6 173.8 220 -15.4 176.9 220 -13.3 175.8
4 2 220 -72 160 220 -72 199.1 220 -66.1 198.361 220 -30.4 165.9
3 2 220 -66.1 198.361 220 -28 167.5 220 -30.4 165.9
4 2 220 -21.5 170.7 220 -28 167.5 220 -66.1 198.361 220 -17.6 173.8
3 2 220 -66.1 198.361 220 -15.4 176.9 220 -17.6 173.8
3 2 220 -66.1 198.361 220 0 180 220 -15.4 176.9
3 2 220 -15.4 176.9 220 0 180 220 -13.3 175.8
4 2 220 -10.3 170.4 220 -13.3 175.8 220 0 180 220 -5.8 166.2
3 2 220 -5.8 166.2 220 0 180 220 -2.2 163.9
3 2 220 -2.2 163.9 220 0 180 220 0 161.1
4 2 220 -13.2 160.5 220 -7.6 157.2 220 -11.6 153.8 220 -21.2 163.4
4 2 220 -21.2 163.4 220 -11.6 153.8 220 -17.2 149.8 220 -30.4 165.9
4 2 220 -30.4 165.9 220 -17.2 149.8 220 -21.4 145.9444 220 -72 160

0 FILE parts/s/6024p02s04.dat
0 ~Baseplate 32 x 32 Canyon with Island - Right
0 Name: s\6024p02s04.dat
0 Author: Mikkel Bech Jensen [gaia]
0 !LDRAW_ORG Subpart UPDATE 2019-02
0 !LICENSE Licensed under CC BY 4.0 : see CAreadme.txt

0 BFC CERTIFY CCW

0 !HISTORY 2019-09-09 [PTadmin] Official Update 2019-02


4 2 300 -33.3 -149.8 300 -32.8 -149.7 300 -32.5 -149.0277 300 -34.1 -149.4722
3 2 300 -72 -280 300 -69.5 -280.6943 300 -70.7 -278.3
4 2 300 -72 -280 300 -70.7 -278.3 300 -71.4 -274.9 300 -72 -272.6
3 2 300 -62.8 -282.5554 300 -51.8 -285.611 300 -52.4 -284.1
4 2 300 -62.8 -282.5554 300 -52.4 -284.1 300 -53 -281 300 -59.2 -279.5
4 2 300 -56 -277.7 300 -59.2 -279.5 300 -53 -281 300 -53.4 -277.6
4 2 300 -53.9 -276.8 300 -56 -277.7 300 -53.4 -277.6 300 -53.4 -277
3 2 300 -41.6 -288.4443 300 0 -300 300 -39 -287.6
4 2 300 -39.4 -286.9 300 -39 -287.6 300 0 -300 300 -39.7 -285.5
4 2 300 -39.3 -283.1 300 -39.7 -285.5 300 0 -300 300 -37.9 -281
4 2 300 -34.7 -278.8 300 -37.9 -281 300 0 -300 300 -30.9 -277.2
3 2 300 -30.9 -277.2 300 0 -300 300 -28 -275.5
3 2 300 -28 -275.5 300 0 -300 300 -26.2 -273.9
4 2 300 -25.3 -272.3 300 -26.2 -273.9 300 0 -300 300 -21 -267.2
4 2 300 -25.3 -272.3 300 -21 -267.2 300 -24.5 -269.9 300 -25.1 -270.8
3 2 300 -21 -267.2 300 0 -300 300 -19.3 -264.8
4 2 300 -19.3 -263.9 300 -19.3 -264.8 300 0 -300 300 -1.5 -144.1
3 2 300 -19.5 -262.5 300 -19.3 -263.9 300 -1.5 -144.1
3 2 300 -20.2 -260.4 300 -19.5 -262.5 300 -1.5 -144.1
4 2 300 -21.6 -259 300 -20.2 -260.4 300 -1.5 -144.1 300 -4.5 -145.7
3 2 300 -21.6 -259 300 -4.5 -145.7 300 -7.7 -145.9
3 2 300 -21.6 -259 300 -7.7 -145.9 300 -10.9 -145.4
4 2 300 -21.6 -259 300 -10.9 -145.4 300 -14.7 -144.0833 300 -24.4 -260.1
4 2 300 -24.4 -260.1 300 -14.7 -144.0833 300 -23.7 -157.7 300 -29.2 -184.5
4 2 300 -24.4 -260.1 300 -29.2 -184.5 300 -30.2 -186.7 300 -30.4 -188.2
4 2 300 -24.4 -260.1 300 -30.4 -188.2 300 -31 -189.4 300 -33.5 -199.8
4 2 300 -33.5 -199.8 300 -31 -189.4 300 -32.5 -190.9 300 -34.3 -195.7
4 2 300 -35.2 -191.7 300 -34.3 -195.7 300 -32.5 -190.9 300 -34.9 -191.2
4 2 300 -28.6 -261.9 300 -24.4 -260.1 300 -32.5 -256.7 300 -32.5 -258
4 2 300 -28.6 -261.9 300 -32.5 -258 300 -31.5 -260.6 300 -30 -262.1
4 2 300 -33.2 -254.8 300 -32.5 -256.7 300 -24.4 -260.1 300 -33.5 -199.8
4 2 300 -33.2 -254.8 300 -33.5 -199.8 300 -34.8 -200.3 300 -34.5 -253.7
4 2 300 -36.9 -253.9 300 -34.5 -253.7 300 -34.8 -200.3 300 -42.5 -200.5
3 2 300 -42.5 -200.5 300 -38.6 -254.4 300 -36.9 -253.9
4 2 300 -41.5 -255.8 300 -38.6 -254.4 300 -42.5 -200.5 300 -47.2 -246.3
4 2 300 -41.5 -255.8 300 -47.2 -246.3 300 -47.2 -248.1 300 -45.5 -256.3
4 2 300 -45.5 -256.3 300 -47.2 -248.1 300 -48.6 -251.2 300 -49.4 -254.1
3 2 300 -49.4 -254.1 300 -49.3 -256.3 300 -45.5 -256.3
4 2 300 -52 -227.9 300 -48.4 -244.2 300 -47.7 -244.9 300 -47.2 -211.3
4 2 300 -46.8 -210.8 300 -47.2 -211.3 300 -47.7 -244.9 300 -47.2 -246.3
3 2 300 -47.2 -246.3 300 -42.5 -200.5 300 -46.8 -210.8
4 2 300 -63.4 -240.1 300 -63.7 -241.1 300 -61.1 -243.1 300 -60.2 -235.8
4 2 300 -60.2 -235.8 300 -61.1 -243.1 300 -58.3 -244.2 300 -56.2 -244.6
4 2 300 -55.8 -231.1 300 -60.2 -235.8 300 -56.2 -244.6 300 -53.3 -228.9
4 2 300 -53.3 -228.9 300 -56.2 -244.6 300 -50.8 -244.7 300 -48.4 -244.2
3 2 300 -53.3 -228.9 300 -48.4 -244.2 300 -52 -227.9
4 2 300 -52 -227.9 300 -47.2 -211.3 300 -49.7 -212 300 -55.5 -225.2
4 2 300 -55.5 -225.2 300 -49.7 -212 300 -54.2 -213 300 -60.7 -221.8
4 2 300 -60.7 -221.8 300 -54.2 -213 300 -59.1 -214.4 300 -62.3 -216.1
4 2 300 -64.1 -219.1 300 -60.7 -221.8 300 -62.3 -216.1 300 -64.7 -217.7
3 2 300 -64.8 -218.2 300 -64.1 -219.1 300 -64.7 -217.7
4 2 300 -47.4 -208.4 300 -46.8 -210.8 300 -42.5 -200.5 300 -47.4 -200.3
4 2 300 -49.8 -202.5 300 -47.4 -208.4 300 -47.4 -200.3 300 -48.8 -200.4
3 2 300 -49.8 -200.8 300 -49.8 -202.5 300 -48.8 -200.4
4 2 300 -25.7 -153.3 300 -23.7 -157.7 300 -14.7 -144.0833 300 -26.3 -150.2
4 2 300 -26.3 -148.3 300 -26.3 -150.2 300 -14.7 -144.0833 300 -25.8 -147.1666
3 2 300 -29.2 -184.5 300 -23.7 -157.7 300 -24.6 -158
4 2 300 -29.2 -184.5 300 -24.6 -158 300 -29.5 -158.3 300 -31.4 -184.6
4 2 300 -31.4 -184.6 300 -29.5 -158.3 300 -35.6 -158.8 300 -34.3 -184.1
4 2 300 -37.7 -183.7 300 -34.3 -184.1 300 -35.6 -158.8 300 -40.1 -177.4
4 2 300 -37.7 -183.7 300 -40.1 -177.4 300 -41.7 -181.2 300 -41.9 -182.8
4 2 300 -40.8 -176.1 300 -40.1 -177.4 300 -35.6 -158.8 300 -43.1 -167.4
4 2 300 -43.1 -167.4 300 -35.6 -158.8 300 -41.1 -159.9 300 -44.5 -165.9
4 2 300 -44.5 -165.9 300 -41.1 -159.9 300 -44.2 -161.2 300 -46.5 -162.5
3 2 300 -46.6 -163 300 -44.5 -165.9 300 -46.5 -162.5
4 2 300 -40.8 -176.1 300 -43.1 -167.4 300 -46.1 -168.2 300 -48.8 -175.8
4 2 300 -48.8 -175.8 300 -46.1 -168.2 300 -49.7 -169.8 300 -50.2 -175.6
4 2 300 -50.2 -175.6 300 -49.7 -169.8 300 -52.1 -171.2 300 -52 -174.9
4 2 300 -52 -174.9 300 -52.1 -171.2 300 -53.8 -173 300 -53.8 -173.9
3 2 300 -1.5 -144.1 300 0 -300 300 0 -140
4 16 300 -51.8 -285.611 300 -41.6 -288.4443 300 -39 -287.6 300 -39.4 -286.9
3 16 300 -51.8 -285.611 300 -39.4 -286.9 300 -39.7 -285.5
4 16 300 -51.8 -285.611 300 -39.7 -285.5 300 -39.3 -283.1 300 -52.4 -284.1
4 16 300 -53 -281 300 -52.4 -284.1 300 -39.3 -283.1 300 -53.4 -277.6
3 16 300 -53.4 -277.6 300 -39.3 -283.1 300 -37.9 -281
4 16 300 -53.4 -277.6 300 -37.9 -281 300 -34.7 -278.8 300 -53.4 -277
4 16 300 -53.4 -277 300 -34.7 -278.8 300 -30 -262.1 300 -31.5 -260.6
3 16 300 -53.4 -277 300 -31.5 -260.6 300 -32.5 -258
4 16 300 -53.4 -277 300 -32.5 -258 300 -32.5 -256.7 300 -33.2 -254.8
4 16 300 -53.4 -277 300 -33.2 -254.8 300 -34.5 -253.7 300 -36.9 -253.9
4 16 300 -53.4 -277 300 -36.9 -253.9 300 -38.6 -254.4 300 -41.5 -255.8
3 16 300 -53.4 -277 300 -41.5 -255.8 300 -45.5 -256.3
4 16 300 -53.4 -277 300 -45.5 -256.3 300 -49.3 -256.3 300 -53.9 -276.8
4 16 300 -56 -277.7 300 -53.9 -276.8 300 -49.3 -256.3 300 -56.2 -244.6
3 16 300 -58.3 -244.2 300 -56 -277.7 300 -56.2 -244.6
3 16 300 -61.1 -243.1 300 -56 -277.7 300 -58.3 -244.2
4 16 300 -56 -277.7 300 -61.1 -243.1 300 -63.7 -241.1 300 -59.2 -279.5
4 16 300 -59.2 -279.5 300 -63.7 -241.1 300 -70.7 -278.3 300 -69.5 -280.6943
3 16 300 -69.5 -280.6943 300 -62.8 -282.5554 300 -59.2 -279.5
3 16 300 -71.4 -274.9 300 -70.7 -278.3 300 -63.7 -241.1
4 16 300 -72 -272.6 300 -71.4 -274.9 300 -63.7 -241.1 300 -64.8 -218.2
4 16 300 -30 -262.1 300 -34.7 -278.8 300 -30.9 -277.2 300 -28.6 -261.9
4 16 300 -28.6 -261.9 300 -30.9 -277.2 300 -28 -275.5 300 -26.2 -273.9
4 16 300 -28.6 -261.9 300 -26.2 -273.9 300 -25.3 -272.3 300 -25.1 -270.8
3 16 300 -28.6 -261.9 300 -25.1 -270.8 300 -24.5 -269.9
4 16 300 -28.6 -261.9 300 -24.5 -269.9 300 -21 -267.2 300 -24.4 -260.1
4 16 300 -21.6 -259 300 -24.4 -260.1 300 -21 -267.2 300 -20.2 -260.4
4 16 300 -19.5 -262.5 300 -20.2 -260.4 300 -21 -267.2 300 -19.3 -263.9
3 16 300 -21 -267.2 300 -19.3 -264.8 300 -19.3 -263.9
4 16 300 -56.2 -244.6 300 -49.3 -256.3 300 -49.4 -254.1 300 -50.8 -244.7
3 16 300 -50.8 -244.7 300 -49.4 -254.1 300 -48.6 -251.2
4 16 300 -50.8 -244.7 300 -48.6 -251.2 300 -47.2 -248.1 300 -47.2 -246.3
4 16 300 -50.8 -244.7 300 -47.2 -246.3 300 -47.7 -244.9 300 -48.4 -244.2
3 16 300 -55.5 -225.2 300 -53.3 -228.9 300 -52 -227.9
4 16 300 -55.8 -231.1 300 -53.3 -228.9 300 -55.5 -225.2 300 -60.7 -221.8
4 16 300 -60.2 -235.8 300 -55.8 -231.1 300 -60.7 -221.8 300 -64.1 -219.1
4 16 300 -63.4 -240.1 300 -60.2 -235.8 300 -64.1 -219.1 300 -64.8 -218.2
3 16 300 -64.8 -218.2 300 -63.7 -241.1 300 -63.4 -240.1
3 16 300 -72 -160 300 -72 -272.6 300 -64.8 -218.2
3 16 300 -72 -160 300 -64.8 -218.2 300 -64.7 -217.7
3 16 300 -72 -160 300 -64.7 -217.7 300 -62.3 -216.1
4 16 300 -72 -160 300 -62.3 -216.1 300 -59.1 -214.4 300 -53.8 -173.9
3 16 300 -72 -160 300 -53.8 -173.9 300 -53.8 -173
3 16 300 -72 -160 300 -53.8 -173 300 -52.1 -171.2
3 16 300 -72 -160 300 -52.1 -171.2 300 -49.7 -169.8
4 16 300 -72 -160 300 -49.7 -169.8 300 -46.1 -168.2 300 -46.6 -163
3 16 300 -72 -160 300 -46.6 -163 300 -46.5 -162.5
3 16 300 -72 -160 300 -46.5 -162.5 300 -44.2 -161.2
4 16 300 -72 -160 300 -44.2 -161.2 300 -41.1 -159.9 300 -34.1 -149.4722
4 16 300 -33.3 -149.8 300 -34.1 -149.4722 300 -41.1 -159.9 300 -35.6 -158.8
4 16 300 -32.8 -149.7 300 -33.3 -149.8 300 -35.6 -158.8 300 -29.5 -158.3
4 16 300 -32.8 -149.7 300 -29.5 -158.3 300 -25.7 -153.3 300 -26.3 -150.2
3 16 300 -32.8 -149.7 300 -26.3 -150.2 300 -26.3 -148.3
4 16 300 -32.8 -149.7 300 -26.3 -148.3 300 -25.8 -147.1666 300 -32.5 -149.0277
4 16 300 -24.6 -158 300 -23.7 -157.7 300 -25.7 -153.3 300 -29.5 -158.3
4 16 300 -4.5 -145.7 300 -1.5 -144.1 300 0 -140 300 -7.7 -145.9
4 16 300 -10.9 -145.4 300 -7.7 -145.9 300 0 -140 300 -14.7 -144.0833
3 16 300 -31.4 -184.6 300 -30.2 -186.7 300 -29.2 -184.5
4 16 300 -30.2 -186.7 300 -31.4 -184.6 300 -34.3 -184.1 300 -30.4 -188.2
4 16 300 -31 -189.4 300 -30.4 -188.2 300 -34.3 -184.1 300 -32.5 -190.9
4 16 300 -34.9 -191.2 300 -32.5 -190.9 300 -34.3 -184.1 300 -37.7 -183.7
4 16 300 -35.2 -191.7 300 -34.9 -191.2 300 -37.7 -183.7 300 -41.9 -182.8
4 16 300 -34.3 -195.7 300 -35.2 -191.7 300 -41.9 -182.8 300 -33.5 -199.8
4 16 300 -34.8 -200.3 300 -33.5 -199.8 300 -41.9 -182.8 300 -42.5 -200.5
3 16 300 -47.4 -200.3 300 -42.5 -200.5 300 -41.9 -182.8
4 16 300 -48.8 -200.4 300 -47.4 -200.3 300 -41.9 -182.8 300 -48.8 -175.8
3 16 300 -48.8 -175.8 300 -41.9 -182.8 300 -41.7 -181.2
4 16 300 -48.8 -175.8 300 -41.7 -181.2 300 -40.1 -177.4 300 -40.8 -176.1
4 16 300 -48.8 -200.4 300 -48.8 -175.8 300 -50.2 -175.6 300 -49.8 -200.8
3 16 300 -52 -174.9 300 -49.8 -200.8 300 -50.2 -175.6
4 16 300 -49.8 -200.8 300 -52 -174.9 300 -53.8 -173.9 300 -59.1 -214.4
4 16 300 -49.8 -200.8 300 -59.1 -214.4 300 -54.2 -213 300 -49.8 -202.5
4 16 300 -49.8 -202.5 300 -54.2 -213 300 -49.7 -212 300 -47.4 -208.4
4 16 300 -47.4 -208.4 300 -49.7 -212 300 -47.2 -211.3 300 -46.8 -210.8
3 16 300 -46.6 -163 300 -46.1 -168.2 300 -44.5 -165.9
3 16 300 -46.1 -168.2 300 -43.1 -167.4 300 -44.5 -165.9
0
4 2 100 0 -60 100 -33 -69.1666 100 -32.4 -70.7 100 0 -100
4 2 100 0 -100 100 -32.4 -70.7 100 -30.2 -85.5 100 -20.9 -102.1
3 2 100 -20.9 -102.1 100 -16.5 -104.5833 100 0 -100
4 2 100 -31.8 -85.9 100 -27.2 -101 100 -20.9 -102.1 100 -30.2 -85.5
4 2 100 -31.8 -85.9 100 -36.1 -87.4 100 -38 -94.7 100 -27.2 -101
4 2 100 -38 -94.7 100 -36.1 -87.4 100 -40 -89 100 -41.2 -90.5
3 2 100 -41.5 -92.7 100 -38 -94.7 100 -41.2 -90.5
4 2 100 -34.7 -82.8 100 -30.2 -85.5 100 -32.4 -70.7 100 -34.3 -70.4
4 2 100 -42.2 -78.8 100 -34.7 -82.8 100 -34.3 -70.4 100 -35.3 -69.8055
4 2 100 -46.1 -75.3 100 -42.2 -78.8 100 -35.3 -69.8055 100 -47.7 -73.2499
4 16 100 -34.3 -70.4 100 -32.4 -70.7 100 -33 -69.1666 100 -35.3 -69.8055
4 16 100 -72 -120 100 -16.5 -104.5833 100 -20.9 -102.1 100 -27.2 -101
4 16 100 -72 -120 100 -27.2 -101 100 -38 -94.7 100 -41.5 -92.7
4 16 100 -72 -120 100 -41.5 -92.7 100 -41.2 -90.5 100 -72 -80
4 16 100 -72 -80 100 -41.2 -90.5 100 -46.1 -75.3 100 -47.7 -73.2499
4 16 100 -40 -89 100 -42.2 -78.8 100 -46.1 -75.3 100 -41.2 -90.5
4 16 100 -42.2 -78.8 100 -40 -89 100 -36.1 -87.4 100 -34.7 -82.8
3 16 100 -36.1 -87.4 100 -31.8 -85.9 100 -34.7 -82.8
3 16 100 -34.7 -82.8 100 -31.8 -85.9 100 -30.2 -85.5
0
3 2 -20 -45.1 -32.5277 -20 0 -20 -20 -43.1 -30.7
4 2 -20 -40.7 -27.2 -20 -43.1 -30.7 -20 0 -20 -20 -35.5 -23.3
3 2 -20 -35.5 -23.3 -20 0 -20 -20 -32.9 -21.3
4 2 -20 -32.9 -21.3 -20 0 -20 -20 0 20 -20 -33.4 -20.5
4 2 -20 -36.7 -19.5 -20 -33.4 -20.5 -20 0 20 -20 -38.8 -.2
4 2 -20 -39.9 -18.4 -20 -36.7 -19.5 -20 -38.8 -.2 -20 -45.5 -2.1
4 2 -20 -46.4 -15.2 -20 -39.9 -18.4 -20 -45.5 -2.1 -20 -50.4 -4.1
4 2 -20 -52.5 -11.5 -20 -46.4 -15.2 -20 -50.4 -4.1 -20 -53.7 -5.3
3 2 -20 -56 -7.9 -20 -52.5 -11.5 -20 -53.7 -5.3
4 2 -20 -42.6 3 -20 -38.8 -.2 -20 0 20 -20 -45.8 7.2778
4 16 -20 -72 -40 -20 -45.1 -32.5277 -20 -43.1 -30.7 -20 -40.7 -27.2
4 16 -20 -72 -40 -20 -40.7 -27.2 -20 -39.9 -18.4 -20 -46.4 -15.2
3 16 -20 -72 -40 -20 -46.4 -15.2 -20 -52.5 -11.5
4 16 -20 -72 -40 -20 -52.5 -11.5 -20 -56 -7.9 -20 -72 0
4 16 -20 -40.7 -27.2 -20 -35.5 -23.3 -20 -36.7 -19.5 -20 -39.9 -18.4
4 16 -20 -35.5 -23.3 -20 -32.9 -21.3 -20 -33.4 -20.5 -20 -36.7 -19.5
3 16 -20 -45.5 -2.1 -20 -38.8 -.2 -20 -42.6 3
4 16 -20 -45.5 -2.1 -20 -42.6 3 -20 -45.8 7.2778 -20 -50.4 -4.1
4 16 -20 -53.7 -5.3 -20 -50.4 -4.1 -20 -45.8 7.2778 -20 -72 0
3 16 -20 -72 0 -20 -56 -7.9 -20 -53.7 -5.3
0
4 2 -140 -20.3 190.6 -140 -29.1 190 -140 -29 188.3 -140 -27.1 183.2
4 2 -140 -20.3 190.6 -140 -27.1 183.2 -140 -19.6 174.5556 -140 -15 190.9
4 2 -140 -10.9 190.8 -140 -15 190.9 -140 -19.6 174.5556 -140 0 180
4 2 -140 -10.9 190.8 -140 0 180 -140 -2.9 206.5 -140 -14.6 197.2
4 2 -140 -14.6 197.2 -140 -2.9 206.5 -140 -9.6 208.2 -140 -17.9 202.8
4 2 -140 -17.9 202.8 -140 -9.6 208.2 -140 -17.3 208.6 -140 -19.4 207.3
3 2 -140 -2.9 206.5 -140 0 180 -140 0 283.8
4 2 -140 -2.9 206.5 -140 0 283.8 -140 -5.1 218 -140 -4.4 211.8
4 2 -140 -19.1 212.8 -140 -21.7 222.9 -140 -24 216.5 -140 -22.3 213.8
4 2 -140 -16 230 -140 -5.1 218 -140 -11.4 269 -140 -12.9 268
3 2 -140 -23.4 248.3 -140 -16 230 -140 -12.9 268
4 2 -140 -16 230 -140 -23.4 248.3 -140 -24.7 247.2 -140 -25.4 229.6
4 2 -140 -25.4 229.6 -140 -24.7 247.2 -140 -29.9 244 -140 -33 240.9
4 2 -140 -31.6 230.8 -140 -25.4 229.6 -140 -33 240.9 -140 -36.6 231.8
3 2 -140 -38.4 233.3 -140 -36.6 231.8 -140 -33 240.9
4 2 -140 -30.4 253.2 -140 -23.4 248.3 -140 -12.9 268 -140 -17.9 268.2
4 2 -140 -30.4 253.2 -140 -17.9 268.2 -140 -24.4 268.3 -140 -32.4 267.6
4 2 -140 -36.6 259.2 -140 -30.4 253.2 -140 -32.4 267.6 -140 -38.7 266.2
3 2 -140 -40.3 264.9 -140 -36.6 259.2 -140 -38.7 266.2
4 2 -140 -11.4 269 -140 -5.1 218 -140 0 283.8 -140 -3.6 284.3
4 2 -140 -12.9 274.6 -140 -11.4 269 -140 -3.6 284.3 -140 -12.9 278
4 2 -140 -11.7 281.6 -140 -12.9 278 -140 -3.6 284.3 -140 -8 285
4 16 -140 -9.6 208.2 -140 -2.9 206.5 -140 -4.4 211.8 -140 -10.7 215
3 16 -140 -10.7 215 -140 -4.4 211.8 -140 -5.1 218
4 16 -140 -17.3 208.6 -140 -9.6 208.2 -140 -10.7 215 -140 -19.1 212.8
4 16 -140 -19.4 207.3 -140 -17.3 208.6 -140 -19.1 212.8 -140 -22.3 213.8
4 16 -140 -19.4 207.3 -140 -22.3 213.8 -140 -29.1 190 -140 -17.9 202.8
4 16 -140 -14.6 197.2 -140 -17.9 202.8 -140 -29.1 190 -140 -20.3 190.6
3 16 -140 -20.3 190.6 -140 -15 190.9 -140 -14.6 197.2
3 16 -140 -15 190.9 -140 -10.9 190.8 -140 -14.6 197.2
3 16 -140 -72 160 -140 -19.6 174.5556 -140 -27.1 183.2
3 16 -140 -72 160 -140 -27.1 183.2 -140 -29 188.3
4 16 -140 -72 160 -140 -29 188.3 -140 -29.1 190 -140 -72 200
4 16 -140 -72 200 -140 -29.1 190 -140 -22.3 213.8 -140 -24 216.5
4 16 -140 -72 200 -140 -24 216.5 -140 -25.4 229.6 -140 -31.6 230.8
3 16 -140 -72 200 -140 -31.6 230.8 -140 -36.6 231.8
3 16 -140 -72 200 -140 -36.6 231.8 -140 -38.4 233.3
4 16 -140 -72 280 -140 -72 200 -140 -38.4 233.3 -140 -40.3 264.9
4 16 -140 -36.6 259.2 -140 -40.3 264.9 -140 -38.4 233.3 -140 -33 240.9
4 16 -140 -36.6 259.2 -140 -33 240.9 -140 -29.9 244 -140 -30.4 253.2
4 16 -140 -30.4 253.2 -140 -29.9 244 -140 -24.7 247.2 -140 -23.4 248.3
3 16 -140 -25.4 229.6 -140 -24 216.5 -140 -21.7 222.9
3 16 -140 -25.4 229.6 -140 -21.7 222.9 -140 -18.6 227.5
3 16 -140 -25.4 229.6 -140 -18.6 227.5 -140 -16 230
4 16 -140 -12.9 268 -140 -11.4 269 -140 -12.9 274.6 -140 -17.9 268.2
4 16 -140 -17.9 268.2 -140 -12.9 274.6 -140 -12.9 278 -140 -24.4 268.3
4 16 -140 -32.4 267.6 -140 -24.4 268.3 -140 -12.9 278 -140 -11.7 281.6
4 16 -140 -32.4 267.6 -140 -11.7 281.6 -140 -72 280 -140 -38.7 266.2
3 16 -140 -72 280 -140 -40.3 264.9 -140 -38.7 266.2
4 16 -140 -72 280 -140 -11.7 281.6 -140 -8 285 -140 0 300
4 16 -140 0 300 -140 -8 285 -140 -3.6 284.3 -140 0 283.8
4 16 -140 -72 160 -140 -72 200 -140 -144 180 -140 -144 100
3 16 -140 -144 100 -140 -72 120 -140 -72 160
4 2 -140 -10.7 215 -140 -5.1 218 -140 -16 230 -140 -18.6 227.5
4 2 -140 -10.7 215 -140 -18.6 227.5 -140 -21.7 222.9 -140 -19.1 212.8
0
4 2 180 -33.9 -139.9 180 -36.1 -146.1 180 -32.4 -148.9999 180 -28.2 -139.1
4 2 180 -19.7 -139.1 180 -28.2 -139.1 180 -32.4 -148.9999 180 -15.1 -139.3
4 2 180 -12.8 -139 180 -15.1 -139.3 180 -32.4 -148.9999 180 0 -140
3 2 180 -39.2 -142 180 -36.1 -146.1 180 -33.9 -139.9
4 2 180 -8.8 -125.1 180 -15.4 -136.7 180 -12.8 -139 180 0 -140
3 2 180 -8.8 -125.1 180 0 -140 180 -8.2 -124.3
4 2 180 -8.4 -117.9 180 -8.2 -124.3 180 0 -140 180 -7.7 -112
4 2 180 -7.2 -110.2 180 -7.7 -112 180 0 -140 180 0 -100
4 2 180 -8.8 -108.4 180 -7.2 -110.2 180 0 -100 180 -9.9 -105.4
3 2 180 -9.9 -102.7499 180 -9.9 -105.4 180 0 -100
3 2 180 -15.4 -136.7 180 -8.8 -125.1 180 -10.2 -125
4 2 180 -15.4 -136.7 180 -10.2 -125 180 -12.9 -124.3 180 -21.1 -131.9
4 2 180 -21.1 -131.9 180 -12.9 -124.3 180 -19.2 -122.9 180 -27.1 -126.7
4 2 180 -27.1 -126.7 180 -19.2 -122.9 180 -26.1 -122 180 -28.7 -124.5
3 2 180 -29.7 -122.2 180 -28.7 -124.5 180 -26.1 -122
3 16 180 -72 -160 180 -32.4 -148.9999 180 -36.1 -146.1
4 16 180 -72 -160 180 -36.1 -146.1 180 -39.2 -142 180 -72 -120
4 16 180 -72 -120 180 -39.2 -142 180 -33.9 -139.9 180 -28.7 -124.5
3 16 180 -72 -120 180 -28.7 -124.5 180 -29.7 -122.2
4 16 180 -9.9 -102.7499 180 -72 -120 180 -29.7 -122.2 180 -9.9 -105.4
3 16 180 -29.7 -122.2 180 -8.8 -108.4 180 -9.9 -105.4
4 16 180 -7.2 -110.2 180 -8.8 -108.4 180 -29.7 -122.2 180 -7.7 -112
4 16 180 -8.4 -117.9 180 -7.7 -112 180 -29.7 -122.2 180 -26.1 -122
3 16 180 -26.1 -122 180 -19.2 -122.9 180 -8.4 -117.9
3 16 180 -19.2 -122.9 180 -12.9 -124.3 180 -8.4 -117.9
4 16 180 -8.4 -117.9 180 -12.9 -124.3 180 -10.2 -125 180 -8.8 -125.1
3 16 180 -8.8 -125.1 180 -8.2 -124.3 180 -8.4 -117.9
4 16 180 -28.7 -124.5 180 -33.9 -139.9 180 -28.2 -139.1 180 -27.1 -126.7
4 16 180 -21.1 -131.9 180 -27.1 -126.7 180 -28.2 -139.1 180 -19.7 -139.1
4 16 180 -15.4 -136.7 180 -21.1 -131.9 180 -19.7 -139.1 180 -15.1 -139.3
3 16 180 -15.4 -136.7 180 -15.1 -139.3 180 -12.8 -139
0
3 14 20 -23 -66.3888 20 -17.3 -64.8055 20 -17.3 -63.5
4 14 20 -7.3 -57.6 20 -9.3 -59.4 20 -9 -62.4999 20 -3.5 -58.5
3 14 20 -7.3 -57.6 20 -3.5 -58.5 20 -5.9 -56.6
3 14 20 -9 -62.4999 20 0 -60 20 -3.5 -58.5
4 2 20 -61.3 -37.0277 20 -61 -43.1 20 -58.6 -44.7 20 -55 -45
4 2 20 -61.3 -37.0277 20 -55 -45 20 -50.3 -44.3 20 -41.9 -41.1
3 2 20 -61.3 -37.0277 20 -41.9 -41.1 20 0 -20
4 2 20 0 -20 20 -41.9 -41.1 20 -41.8 -46.6 20 -23.2 -50.4
4 2 20 -24.3 -51.2 20 -23.2 -50.4 20 -41.8 -46.6 20 -40.3 -51.1
4 2 20 -24.3 -51.2 20 -40.3 -51.1 20 -37.9 -57.1 20 -27.1 -58.1
4 2 20 -29.7 -61.6 20 -27.1 -58.1 20 -37.9 -57.1 20 -34.9 -61.7
3 2 20 -34.9 -61.7 20 -32.4 -64.5 20 -29.7 -61.6
4 2 20 0 -20 20 -23.2 -50.4 20 -21.8 -51.3 20 -11.3 -52.7
4 2 20 0 -20 20 -11.3 -52.7 20 -9.3 -54.2 20 -5.9 -56.6
4 2 20 0 -20 20 -5.9 -56.6 20 -3.5 -58.5 20 0 -60
4 2 20 -11.3 -52.7 20 -21.8 -51.3 20 -19.5 -55.5 20 -10.7 -56
4 2 20 -10.7 -56 20 -19.5 -55.5 20 -17.9 -60.2 20 -9.3 -59.4
4 2 20 -9.3 -59.4 20 -17.9 -60.2 20 -17.3 -63.5 20 -9 -62.4999
3 2 20 -17.3 -63.5 20 -17.3 -64.8055 20 -9 -62.4999
3 16 20 -10.7 -56 20 -9.3 -59.4 20 -7.3 -57.6
4 16 20 -10.7 -56 20 -7.3 -57.6 20 -5.9 -56.6 20 -9.3 -54.2
3 16 20 -11.3 -52.7 20 -10.7 -56 20 -9.3 -54.2
4 16 20 -21.8 -51.3 20 -23.2 -50.4 20 -24.3 -51.2 20 -19.5 -55.5
4 16 20 -19.5 -55.5 20 -24.3 -51.2 20 -27.1 -58.1 20 -17.9 -60.2
4 16 20 -17.9 -60.2 20 -27.1 -58.1 20 -29.7 -61.6 20 -17.3 -63.5
4 16 20 -23 -66.3888 20 -17.3 -63.5 20 -29.7 -61.6 20 -32.4 -64.5
3 16 20 -72 -80 20 -23 -66.3888 20 -32.4 -64.5
3 16 20 -72 -80 20 -32.4 -64.5 20 -34.9 -61.7
3 16 20 -72 -80 20 -34.9 -61.7 20 -37.9 -57.1
3 16 20 -72 -80 20 -37.9 -57.1 20 -40.3 -51.1
4 16 20 -72 -80 20 -40.3 -51.1 20 -41.8 -46.6 20 -50.3 -44.3
3 16 20 -72 -80 20 -50.3 -44.3 20 -55 -45
3 16 20 -72 -80 20 -55 -45 20 -58.6 -44.7
4 16 20 -72 -80 20 -58.6 -44.7 20 -61 -43.1 20 -72 -40
3 16 20 -72 -40 20 -61 -43.1 20 -61.3 -37.0277
3 16 20 -50.3 -44.3 20 -41.8 -46.6 20 -41.9 -41.1
0
4 2 -60 -50.7 45.9167 -60 -45.8 43.3 -60 -42 42.3 -60 -39.8 42.6
4 2 -60 0 60 -60 -50.7 45.9167 -60 -39.8 42.6 -60 -19.3 36.5
4 2 -60 -19.3 36.5 -60 -39.8 42.6 -60 -41.3 39.6 -60 -21 34.3
4 2 -60 -21 34.3 -60 -41.3 39.6 -60 -42.1 36 -60 -40.9 31.5
4 2 -60 -25 24.1 -60 -21 34.3 -60 -40.9 31.5 -60 -28.4 22
3 2 -60 -40.9 31.5 -60 -36.8 20 -60 -28.4 22
4 2 -60 0 60 -60 -19.3 36.5 -60 -18 34.3 -60 -3.3 27.3
4 2 -60 -3.3 27.3 -60 -18 34.3 -60 -15.7 28.7 -60 -11.2 22.4
4 2 -60 -5 22.4 -60 -3.3 27.3 -60 -11.2 22.4 -60 -7.9 19
3 2 -60 -3.3 27.3 -60 0 24.7 -60 0 60
3 16 -60 -42 42.3 -60 -41.3 39.6 -60 -39.8 42.6
4 16 -60 -41.3 39.6 -60 -42 42.3 -60 -45.8 43.3 -60 -42.1 36
4 16 -60 -72 40 -60 -42.1 36 -60 -45.8 43.3 -60 -50.7 45.9167
3 16 -60 -72 40 -60 -40.9 31.5 -60 -42.1 36
4 16 -60 -36.8 20 -60 -40.9 31.5 -60 -72 40 -60 -72 0
4 16 -60 -28.4 22 -60 -36.8 20 -60 -72 0 -60 -7.9 19
4 16 -60 -28.4 22 -60 -7.9 19 -60 -11.2 22.4 -60 -25 24.1
4 16 -60 -25 24.1 -60 -11.2 22.4 -60 -15.7 28.7 -60 -21 34.3
4 16 -60 -21 34.3 -60 -15.7 28.7 -60 -18 34.3 -60 -19.3 36.5
3 16 -60 -72 0 -60 0 20 -60 -7.9 19
4 16 -60 -5 22.4 -60 -7.9 19 -60 0 20 -60 0 24.7
3 16 -60 -5 22.4 -60 0 24.7 -60 -3.3 27.3
0
4 2 300 -69 177.6 300 -72 175.6 300 -72 160 300 -54.9 166.2
4 2 300 -69 177.6 300 -54.9 166.2 300 -53.5 168.1 300 -51.9 172.1
4 2 300 -63 184.3 300 -69 177.6 300 -51.9 172.1 300 -51.2 175.7
4 2 300 -63 184.3 300 -51.2 175.7 300 -50.9 180.7 300 -61 185.9
4 2 300 -61 185.9 300 -50.9 180.7 300 -53.1 187.5 300 -55.2 188.8
3 2 300 -55.2 188.8 300 -53.1 187.5 300 -54.3 188.8
4 2 300 -46.2 170.4 300 -54.9 166.2 300 -41.3 157.2 300 -38.9 159.9
3 2 300 -72 160 300 -41.3 157.2 300 -54.9 166.2
4 2 300 -41.4 172.3 300 -46.2 170.4 300 -38.9 159.9 300 -34.1 166
4 2 300 -36.4 173.5 300 -41.4 172.3 300 -34.1 166 300 -29.9 171.7
4 2 300 -31.6 174.4 300 -36.4 173.5 300 -29.9 171.7 300 -28.4 174.5
3 2 300 -41.3 157.2 300 0 140 300 -39.7 157.1
3 2 300 -72 160 300 0 140 300 -41.3 157.2
4 2 300 -32.7 157.5 300 -35.4 157.8 300 -39.7 157.1 300 -31.1 156.8
3 2 300 -39.7 157.1 300 0 140 300 -31.1 156.8
4 2 300 -30.4 160.2 300 -31.1 156.8 300 0 140 300 -28.7 164.9
4 2 300 -26.2 167.7 300 -28.7 164.9 300 0 140 300 -22.7 170.4
4 2 300 -21.2 171 300 -22.7 170.4 300 0 140 300 -19.7 170.8
4 2 300 -16.3 169.4 300 -19.7 170.8 300 0 140 300 -10.7 166.2
3 2 300 -10.7 166.2 300 0 140 300 -3.9 162.2
4 2 300 -3.1 163.5 300 -3.9 162.2 300 0 140 300 0 165.2
4 2 300 -4.2 234.8 300 0 251.2 300 -3.1 248.4 300 -5.3 239
4 2 300 -5.8 241.9 300 -5.3 239 300 -3.1 248.4 300 -5.3 245.1
4 2 300 -4.2 234.8 300 -4.5 192.1 300 0 177.9 300 0 251.2
4 2 300 -7.3 187.5 300 -2.7 176.8 300 0 177.9 300 -4.5 192.1
4 2 300 -9.1 183 300 -4.7 176.5 300 -2.7 176.8 300 -7.3 187.5
4 2 300 -9.7 180.4 300 -8.7 177 300 -4.7 176.5 300 -9.1 183
4 2 300 -22.2 206 300 -9.7 190.2 300 -4.5 192.1 300 -4.2 234.8
3 2 300 -22.2 206 300 -4.2 234.8 300 -6.1 235
4 2 300 -22.2 206 300 -6.1 235 300 -10.7 236.3 300 -17.7 237.5
4 2 300 -30.2 222.9 300 -22.2 206 300 -17.7 237.5 300 -26.9 239
4 2 300 -35.3 226.9 300 -30.2 222.9 300 -26.9 239 300 -33.1 239.3
4 2 300 -38.8 230.8 300 -35.3 226.9 300 -33.1 239.3 300 -40.3 234.7
4 2 300 -39.6 237.5 300 -40.3 234.7 300 -33.1 239.3 300 -38.5 239.3
4 2 300 -30.2 222.9 300 -35.4 221 300 -32.4 205.2 300 -22.2 206
4 2 300 -37.5 205.2 300 -32.4 205.2 300 -35.4 221 300 -41.1 218.1
4 2 300 -42.8 205.7 300 -37.5 205.2 300 -41.1 218.1 300 -45.7 215.2
4 2 300 -48.6 207.3 300 -42.8 205.7 300 -45.7 215.2 300 -49.2 211.9
3 2 300 -51.3 208.7 300 -48.6 207.3 300 -49.2 211.9
4 2 300 -17.5 188.3 300 -9.7 190.2 300 -22.2 206 300 -30.9 198.4
4 2 300 -24.7 187 300 -17.5 188.3 300 -30.9 198.4 300 -29.2 186.9
4 2 300 -29.2 186.9 300 -30.9 198.4 300 -34.3 194.3 300 -33.5 187.2
4 2 300 -33.5 187.2 300 -34.3 194.3 300 -35.9 190.3 300 -35.8 188.1
4 2 300 -17.1 255.2501 300 -1.6 256.2 300 0 258.8 300 0 260
4 2 300 -7.7 251.5 300 -1.6 256.2 300 -17.1 255.2501 300 -17.2 253.2
4 2 300 -7.7 251.5 300 -17.2 253.2 300 -16.3 250.3 300 -14.9 249
3 2 300 -14.9 249 300 -13.1 248.8 300 -7.7 251.5
3 16 300 -9.7 190.2 300 -7.3 187.5 300 -4.5 192.1
4 16 300 -9.1 183 300 -7.3 187.5 300 -9.7 190.2 300 -17.5 188.3
4 16 300 -9.7 180.4 300 -9.1 183 300 -17.5 188.3 300 -24.7 187
4 16 300 -8.7 177 300 -9.7 180.4 300 -24.7 187 300 -28.4 174.5
4 16 300 -10.7 166.2 300 -3.9 162.2 300 -3.1 163.5 300 -8.7 177
3 16 300 -8.7 177 300 -3.1 163.5 300 -4.7 176.5
4 16 300 -2.7 176.8 300 -4.7 176.5 300 -3.1 163.5 300 0 165.2
3 16 300 -2.7 176.8 300 0 165.2 300 0 177.9
3 16 300 -16.3 169.4 300 -10.7 166.2 300 -8.7 177
3 16 300 -19.7 170.8 300 -16.3 169.4 300 -8.7 177
4 16 300 -21.2 171 300 -19.7 170.8 300 -8.7 177 300 -28.4 174.5
3 16 300 -28.4 174.5 300 -22.7 170.4 300 -21.2 171
4 16 300 -26.2 167.7 300 -22.7 170.4 300 -28.4 174.5 300 -29.9 171.7
4 16 300 -28.7 164.9 300 -26.2 167.7 300 -29.9 171.7 300 -34.1 166
4 16 300 -30.4 160.2 300 -28.7 164.9 300 -34.1 166 300 -35.4 157.8
3 16 300 -35.4 157.8 300 -32.7 157.5 300 -30.4 160.2
3 16 300 -32.7 157.5 300 -31.1 156.8 300 -30.4 160.2
4 16 300 -38.9 159.9 300 -41.3 157.2 300 -39.7 157.1 300 -35.4 157.8
3 16 300 -38.9 159.9 300 -35.4 157.8 300 -34.1 166
4 16 300 -29.2 186.9 300 -31.6 174.4 300 -28.4 174.5 300 -24.7 187
4 16 300 -36.4 173.5 300 -31.6 174.4 300 -29.2 186.9 300 -33.5 187.2
4 16 300 -36.4 173.5 300 -33.5 187.2 300 -35.8 188.1 300 -41.4 172.3
4 16 300 -41.4 172.3 300 -35.8 188.1 300 -50.9 180.7 300 -51.2 175.7
4 16 300 -46.2 170.4 300 -41.4 172.3 300 -51.2 175.7 300 -51.9 172.1
3 16 300 -53.5 168.1 300 -46.2 170.4 300 -51.9 172.1
3 16 300 -54.9 166.2 300 -46.2 170.4 300 -53.5 168.1
4 16 300 -53.1 187.5 300 -50.9 180.7 300 -35.8 188.1 300 -35.9 190.3
4 16 300 -54.3 188.8 300 -53.1 187.5 300 -35.9 190.3 300 -42.8 205.7
4 16 300 -42.8 205.7 300 -35.9 190.3 300 -34.3 194.3 300 -37.5 205.2
4 16 300 -37.5 205.2 300 -34.3 194.3 300 -30.9 198.4 300 -32.4 205.2
3 16 300 -32.4 205.2 300 -30.9 198.4 300 -22.2 206
4 16 300 -55.2 188.8 300 -54.3 188.8 300 -42.8 205.7 300 -48.6 207.3
4 16 300 -55.2 188.8 300 -48.6 207.3 300 -51.3 208.7 300 -61 185.9
4 16 300 -61 185.9 300 -51.3 208.7 300 -72 240 300 -63 184.3
4 16 300 -69 177.6 300 -63 184.3 300 -72 240 300 -72 175.6
3 16 300 -72 240 300 -51.3 208.7 300 -49.2 211.9
3 16 300 -72 240 300 -49.2 211.9 300 -45.7 215.2
4 16 300 -72 240 300 -45.7 215.2 300 -41.1 218.1 300 -38.8 230.8
3 16 300 -72 240 300 -38.8 230.8 300 -40.3 234.7
3 16 300 -72 240 300 -40.3 234.7 300 -39.6 237.5
3 16 300 -72 240 300 -39.6 237.5 300 -38.5 239.3
4 16 300 -41.1 218.1 300 -35.4 221 300 -35.3 226.9 300 -38.8 230.8
3 16 300 -35.4 221 300 -30.2 222.9 300 -35.3 226.9
4 16 300 -72 240 300 -38.5 239.3 300 -17.2 253.2 300 -17.1 255.2501
4 16 300 -17.2 253.2 300 -38.5 239.3 300 -33.1 239.3 300 -16.3 250.3
4 16 300 -14.9 249 300 -16.3 250.3 300 -33.1 239.3 300 -26.9 239
4 16 300 -14.9 249 300 -26.9 239 300 -17.7 237.5 300 -13.1 248.8
4 16 300 -13.1 248.8 300 -17.7 237.5 300 -10.7 236.3 300 -5.8 241.9
4 16 300 -6.1 235 300 -4.2 234.8 300 -5.3 239 300 -10.7 236.3
3 16 300 -10.7 236.3 300 -5.3 239 300 -5.8 241.9
4 16 300 -13.1 248.8 300 -5.8 241.9 300 -5.3 245.1 300 -7.7 251.5
4 16 300 -7.7 251.5 300 -5.3 245.1 300 -3.1 248.4 300 -1.6 256.2
4 16 300 -1.6 256.2 300 -3.1 248.4 300 0 251.2 300 0 258.8
0
4 2 -20 -68 -263.1 -20 -72 -265.7 -20 -72 -280 -20 -66.4 -262.7
4 2 -20 -64 -264.7 -20 -66.4 -262.7 -20 -72 -280 -20 -61.2 -268.6
4 2 -20 -58 -276.4 -20 -61.2 -268.6 -20 -72 -280 -20 -57.7 -279.3
3 2 -20 -72 -280 -20 0 -300 -20 -57.7 -279.3
4 2 -20 -55 -277.9 -20 -57.7 -279.3 -20 0 -300 -20 -35.2 -279
3 2 -20 -55 -277.9 -20 -35.2 -279 -20 -37.2 -278.6
4 2 -20 -50 -274.4 -20 -55 -277.9 -20 -37.2 -278.6 -20 -39.1 -276.3
4 2 -20 -46.7 -271.7 -20 -50 -274.4 -20 -39.1 -276.3 -20 -42 -271.1
3 2 -20 -46.7 -271.7 -20 -42 -271.1 -20 -43.2 -270.7
3 2 -20 -35.2 -279 -20 0 -300 -20 -29.4 -274
4 2 -20 -29 -273.3 -20 -29.4 -274 -20 0 -300 -20 0 -260
3 2 -20 -29.5 -272.6 -20 -29 -273.3 -20 0 -260
3 2 -20 -33 -270.9 -20 -29.5 -272.6 -20 0 -260
4 2 -20 -40.1 -269.7 -20 -33 -270.9 -20 0 -260 -20 -44.4 -267
4 2 -20 -51.5 -260.6 -20 -44.4 -267 -20 0 -260 -20 -54 -257
4 2 -20 -55.4 -253.5 -20 -54 -257 -20 0 -260 -20 -50.7 -252.3
3 2 -20 -50.7 -252.3 -20 0 -260 -20 -46.1 -250.6
3 2 -20 -46.1 -250.6 -20 0 -260 -20 -41.4 -248.4999
4 16 -20 -39.1 -276.3 -20 -37.2 -278.6 -20 -35.2 -279 -20 -29.4 -274
4 16 -20 -39.1 -276.3 -20 -29.4 -274 -20 -29 -273.3 -20 -29.5 -272.6
4 16 -20 -39.1 -276.3 -20 -29.5 -272.6 -20 -33 -270.9 -20 -40.1 -269.7
3 16 -20 -42 -271.1 -20 -39.1 -276.3 -20 -40.1 -269.7
4 16 -20 -43.2 -270.7 -20 -42 -271.1 -20 -40.1 -269.7 -20 -44.4 -267
4 16 -20 -46.7 -271.7 -20 -43.2 -270.7 -20 -44.4 -267 -20 -51.5 -260.6
4 16 -20 -46.7 -271.7 -20 -51.5 -260.6 -20 -61.2 -268.6 -20 -50 -274.4
4 16 -20 -50 -274.4 -20 -61.2 -268.6 -20 -58 -276.4 -20 -55 -277.9
3 16 -20 -58 -276.4 -20 -57.7 -279.3 -20 -55 -277.9
4 16 -20 -64 -264.7 -20 -61.2 -268.6 -20 -51.5 -260.6 -20 -54 -257
4 16 -20 -64 -264.7 -20 -54 -257 -20 -55.4 -253.5 -20 -66.4 -262.7
4 16 -20 -66.4 -262.7 -20 -55.4 -253.5 -20 -72 -240 -20 -68 -263.1
3 16 -20 -72 -240 -20 -72 -265.7 -20 -68 -263.1
4 16 -20 -72 -240 -20 -55.4 -253.5 -20 -50.7 -252.3 -20 -46.1 -250.6
3 16 -20 -72 -240 -20 -46.1 -250.6 -20 -41.4 -248.4999
0
4 16 -100 -72 40 -100 -72 120 -100 -144 100 -100 -144 -20
3 16 -100 -144 -20 -100 -72 0 -100 -72 40
4 2 -100 -17.9 55.8 -100 -18.3 55.2 -100 0 60 -100 -3 63.7
3 2 -100 -32.3 51.0278 -100 0 60 -100 -18.3 55.2
3 2 -100 -32.3 51.0278 -100 -18.3 55.2 -100 -19.8 55.2
4 2 -100 -32.3 51.0278 -100 -19.8 55.2 -100 -25.4 55.6 -100 -33.1 53.7
3 2 -100 -33.1 53.7 -100 -25.4 55.6 -100 -30.4 55.9
3 2 -100 -33.1 53.7 -100 -30.4 55.9 -100 -32.8 56.8
4 2 -100 -17.9 55.8 -100 -3 63.7 -100 -10 65 -100 -18.9 60
4 2 -100 -18.9 60 -100 -10 65 -100 -17.1 65.8 -100 -20.5 64.2
3 2 -100 -20.5 64.2 -100 -17.1 65.8 -100 -20.4 65.3
3 2 -100 -3 63.7 -100 0 60 -100 -2.2 64.9
4 2 -100 -21.8 157 -100 -26.1 90.7 -100 0 180 -100 -21.2 158.3
4 2 -100 -26.1 90.7 -100 -21.8 157 -100 -35.2 146.4 -100 -44.4 130.6
3 2 -100 -44.4 130.6 -100 -41.6 107.8 -100 -26.1 90.7
4 2 -100 -9.6 78.2 -100 -26.1 90.7 -100 -27.2 88.1 -100 -11.2 76.3
4 2 -100 -13.5 74.4 -100 -11.2 76.3 -100 -27.2 88.1 -100 -28 82.2
4 2 -100 -17 73 -100 -13.5 74.4 -100 -28 82.2 -100 -27.7 77.6
4 2 -100 -21.3 71.5 -100 -17 73 -100 -27.7 77.6 -100 -26.7 72.3
3 2 -100 -26.7 72.3 -100 -25.8 71.4 -100 -21.3 71.5
4 2 -100 -26.1 90.7 -100 -41.6 107.8 -100 -42.9 106.8 -100 -29.2 90.1
4 2 -100 -33.5 90.1 -100 -29.2 90.1 -100 -42.9 106.8 -100 -45.4 103.2
4 2 -100 -39.6 89.6 -100 -33.5 90.1 -100 -45.4 103.2 -100 -44.1 89.3
4 2 -100 -44.1 89.3 -100 -45.4 103.2 -100 -48.4 97.1 -100 -48.1 89.9
3 2 -100 -49.8 93 -100 -48.1 89.9 -100 -48.4 97.1
3 2 -100 -50.6 90.9 -100 -48.1 89.9 -100 -49.8 93
4 2 -100 -42.5 108.6 -100 -41.6 107.8 -100 -44.4 130.6 -100 -48.2 129.3
4 2 -100 -47.3 109.5 -100 -42.5 108.6 -100 -48.2 129.3 -100 -52.2 110.8
4 2 -100 -52.2 110.8 -100 -48.2 129.3 -100 -54.5 126.1 -100 -57.4 113
4 2 -100 -57.4 113 -100 -54.5 126.1 -100 -58.9 123.3 -100 -60.7 114.9
4 2 -100 -60.7 114.9 -100 -58.9 123.3 -100 -63.1 120.4 -100 -65.3 118.3
4 2 -100 -45.6 131.2 -100 -44.4 130.6 -100 -35.2 146.4 -100 -42.7 146.4
4 2 -100 -51 135.8 -100 -45.6 131.2 -100 -42.7 146.4 -100 -49.7 147.1
4 2 -100 -54.3 138.9 -100 -51 135.8 -100 -49.7 147.1 -100 -56.3 147.2
4 2 -100 -57.6 143 -100 -54.3 138.9 -100 -56.3 147.2 -100 -59 146.2
4 2 -100 -35.2 146.4 -100 -21.8 157 -100 -26.2 157 -100 -36.9 148.1
4 2 -100 -36.9 148.1 -100 -26.2 157 -100 -34.5 158.7 -100 -39.4 151.9
4 2 -100 -39.4 151.9 -100 -34.5 158.7 -100 -38.8 158.8 -100 -40.9 155.2
3 2 -100 -41.5 158.5 -100 -40.9 155.2 -100 -38.8 158.8
3 2 -100 -21.3 159.5 -100 -21.2 158.3 -100 0 180
3 2 -100 -22.4 161.4 -100 -21.3 159.5 -100 0 180
3 2 -100 -26.9 163.9 -100 -22.4 161.4 -100 0 180
4 2 -100 -30 165.5 -100 -26.9 163.9 -100 0 180 -100 -31.9 166.9
3 2 -100 -32.6 168.6 -100 -31.9 166.9 -100 0 180
4 2 -100 -44.4 163.4 -100 -36.7 166.6 -100 -54.4 164.8889 -100 -50.8 162.3
3 2 -100 -54.6 162.5 -100 -50.8 162.3 -100 -54.4 164.8889
4 16 -100 -54.6 162.5 -100 -54.4 164.8889 -100 -72 160 -100 -56.3 147.2
3 16 -100 -72 160 -100 -59 146.2 -100 -56.3 147.2
4 16 -100 -65.3 118.3 -100 -59 146.2 -100 -72 160 -100 -72 120
4 16 -100 -72 40 -100 -50.6 90.9 -100 -60.7 114.9 -100 -65.3 118.3
3 16 -100 -72 120 -100 -72 40 -100 -65.3 118.3
4 16 -100 -60.7 114.9 -100 -50.6 90.9 -100 -49.8 93 -100 -57.4 113
4 16 -100 -57.4 113 -100 -49.8 93 -100 -48.4 97.1 -100 -52.2 110.8
4 16 -100 -52.2 110.8 -100 -48.4 97.1 -100 -45.4 103.2 -100 -47.3 109.5
4 16 -100 -47.3 109.5 -100 -45.4 103.2 -100 -42.9 106.8 -100 -42.5 108.6
3 16 -100 -42.9 106.8 -100 -41.6 107.8 -100 -42.5 108.6
4 16 -100 -65.3 118.3 -100 -63.1 120.4 -100 -57.6 143 -100 -59 146.2
4 16 -100 -57.6 143 -100 -63.1 120.4 -100 -58.9 123.3 -100 -54.3 138.9
4 16 -100 -54.3 138.9 -100 -58.9 123.3 -100 -54.5 126.1 -100 -51 135.8
4 16 -100 -51 135.8 -100 -54.5 126.1 -100 -48.2 129.3 -100 -45.6 131.2
3 16 -100 -48.2 129.3 -100 -44.4 130.6 -100 -45.6 131.2
4 16 -100 -54.6 162.5 -100 -56.3 147.2 -100 -49.7 147.1 -100 -50.8 162.3
4 16 -100 -41.5 158.5 -100 -50.8 162.3 -100 -49.7 147.1 -100 -40.9 155.2
4 16 -100 -39.4 151.9 -100 -40.9 155.2 -100 -49.7 147.1 -100 -42.7 146.4
3 16 -100 -42.7 146.4 -100 -36.9 148.1 -100 -39.4 151.9
3 16 -100 -42.7 146.4 -100 -35.2 146.4 -100 -36.9 148.1
4 16 -100 -44.4 163.4 -100 -50.8 162.3 -100 -41.5 158.5 -100 -38.8 158.8
4 16 -100 -36.7 166.6 -100 -44.4 163.4 -100 -38.8 158.8 -100 -34.5 158.7
4 16 -100 -36.7 166.6 -100 -34.5 158.7 -100 -31.9 166.9 -100 -32.6 168.6
3 16 -100 -34.5 158.7 -100 -30 165.5 -100 -31.9 166.9
4 16 -100 -26.9 163.9 -100 -30 165.5 -100 -34.5 158.7 -100 -26.2 157
4 16 -100 -22.4 161.4 -100 -26.9 163.9 -100 -26.2 157 -100 -21.3 159.5
4 16 -100 -21.2 158.3 -100 -21.3 159.5 -100 -26.2 157 -100 -21.8 157
3 16 -100 -72 40 -100 -48.1 89.9 -100 -50.6 90.9
3 16 -100 -72 40 -100 -44.1 89.3 -100 -48.1 89.9
3 16 -100 -72 40 -100 -39.6 89.6 -100 -44.1 89.3
4 16 -100 -33.5 90.1 -100 -39.6 89.6 -100 -72 40 -100 -29.2 90.1
4 16 -100 -29.2 90.1 -100 -72 40 -100 -27.2 88.1 -100 -26.1 90.7
3 16 -100 -72 40 -100 -28 82.2 -100 -27.2 88.1
3 16 -100 -72 40 -100 -27.7 77.6 -100 -28 82.2
3 16 -100 -72 40 -100 -26.7 72.3 -100 -27.7 77.6
4 16 -100 -25.8 71.4 -100 -26.7 72.3 -100 -72 40 -100 -32.8 56.8
3 16 -100 -72 40 -100 -33.1 53.7 -100 -32.8 56.8
3 16 -100 -72 40 -100 -32.3 51.0278 -100 -33.1 53.7
4 16 -100 -25.8 71.4 -100 -32.8 56.8 -100 -30.4 55.9 -100 -21.3 71.5
4 16 -100 -20.4 65.3 -100 -21.3 71.5 -100 -30.4 55.9 -100 -20.5 64.2
4 16 -100 -20.5 64.2 -100 -30.4 55.9 -100 -25.4 55.6 -100 -18.9 60
4 16 -100 -18.9 60 -100 -25.4 55.6 -100 -19.8 55.2 -100 -17.9 55.8
3 16 -100 -19.8 55.2 -100 -18.3 55.2 -100 -17.9 55.8
4 16 -100 -21.3 71.5 -100 -20.4 65.3 -100 -17.1 65.8 -100 -17 73
4 16 -100 -17 73 -100 -17.1 65.8 -100 -10 65 -100 -13.5 74.4
4 16 -100 -11.2 76.3 -100 -13.5 74.4 -100 -10 65 -100 -7.7 75.8
3 16 -100 -11.2 76.3 -100 -7.7 75.8 -100 -9.6 78.2
3 16 -100 -10 65 -100 -4.8 69.6 -100 -7.7 75.8
4 16 -100 -3.2 66.3 -100 -4.8 69.6 -100 -10 65 -100 -3 63.7
3 16 -100 -3.2 66.3 -100 -3 63.7 -100 -2.2 64.9
3 2 -100 -54.4 164.8889 -100 -36.7 166.6 -100 -32.6 168.6
3 2 -100 -54.4 164.8889 -100 -32.6 168.6 -100 0 180
4 14 -100 -4.3 134.1 -100 -1.2 127.1 -100 0 128 -100 0 136.5
3 14 -100 -4.7 137.4 -100 -4.3 134.1 -100 0 136.5
3 2 -100 -4.7 137.4 -100 0 136.5 -100 0 180
3 2 -100 -26.1 90.7 -100 -4.7 137.4 -100 0 180
3 2 -100 -26.1 90.7 -100 -4.3 134.1 -100 -4.7 137.4
4 2 -100 -1.2 127.1 -100 -4.3 134.1 -100 -26.1 90.7 -100 -9.6 78.2
3 2 -100 -9.6 78.2 -100 -7.7 75.8 -100 -1.2 127.1
4 2 -100 -1.2 127.1 -100 -7.7 75.8 -100 -4.8 69.6 -100 -3.2 66.3
3 2 -100 -3.2 66.3 -100 -2.2 64.9 -100 -1.2 127.1
4 2 -100 -1.2 127.1 -100 -2.2 64.9 -100 0 60 -100 0 128
0
4 2 260 -26.5 255.1 260 -24.3 253.2501 260 0 260 260 -26.7 256.3
4 2 260 -24.2 261.3 260 -26.7 256.3 260 0 260 260 -20.1 266
4 2 260 -15.3 268.9 260 -20.1 266 260 0 260 260 -11.2 271
4 2 260 -2.7 274.1 260 -11.2 271 260 0 260 260 -.6 274.6
3 2 260 -.6 274.6 260 0 260 260 0 297.2
4 2 260 -3.1 275.3 260 -.6 274.6 260 0 297.2 260 -8.6 278.5
4 2 260 -8.6 278.5 260 0 297.2 260 -1.6 297.2 260 -5.2 297
4 2 260 -8.6 278.5 260 -5.2 297 260 -10.5 296 260 -14.3 282.7
4 2 260 -16.7 286.2 260 -14.3 282.7 260 -10.5 296 260 -18.2 290.1
4 2 260 -18.2 290.1 260 -10.5 296 260 -17.3 294.5 260 -18 293.6
3 16 260 -1.6 297.2 260 0 297.2 260 0 300
3 16 260 -5.2 297 260 -1.6 297.2 260 0 300
3 16 260 -10.5 296 260 -5.2 297 260 0 300
3 16 260 -17.3 294.5 260 -10.5 296 260 0 300
3 16 260 -72 280 260 -17.3 294.5 260 0 300
3 16 260 -72 280 260 -18 293.6 260 -17.3 294.5
3 16 260 -72 280 260 -18.2 290.1 260 -18 293.6
3 16 260 -72 280 260 -16.7 286.2 260 -18.2 290.1
3 16 260 -72 280 260 -14.3 282.7 260 -16.7 286.2
4 16 260 -8.6 278.5 260 -14.3 282.7 260 -72 280 260 -11.2 271
3 16 260 -72 280 260 -15.3 268.9 260 -11.2 271
3 16 260 -72 280 260 -20.1 266 260 -15.3 268.9
3 16 260 -72 280 260 -24.2 261.3 260 -20.1 266
4 16 260 -26.7 256.3 260 -24.2 261.3 260 -72 280 260 -72 240
3 16 260 -72 240 260 -26.5 255.1 260 -26.7 256.3
3 16 260 -72 240 260 -24.3 253.2501 260 -26.5 255.1
4 16 260 -11.2 271 260 -2.7 274.1 260 -3.1 275.3 260 -8.6 278.5
3 16 260 -3.1 275.3 260 -2.7 274.1 260 -.6 274.6
0
4 2 60 -144 -100 60 -144 -122.5 60 -142.8 -124.4 60 -139.8 -128.9
4 2 60 -144 -100 60 -139.8 -128.9 60 -138.7 -128.6 60 -137.2 -127.2
4 2 60 -144 -100 60 -137.2 -127.2 60 -132.9 -121.6 60 -131.5 -119.5
4 2 60 -144 -100 60 -131.5 -119.5 60 -119.3 -118.6 60 -106.2 -115.3
4 2 60 -144 -100 60 -106.2 -115.3 60 -105.1 -114.5 60 -106.2 -103.3
4 2 60 -105.9 -89.4166 60 -144 -100 60 -106.2 -103.3 60 -103.7 -92.3
4 2 60 -103.7 -92.3 60 -106.2 -103.3 60 -100.9 -102.4 60 -98.9 -96.3
4 2 60 -98.9 -96.3 60 -100.9 -102.4 60 -98.1 -101.5 60 -96.2 -100
4 2 60 -102.3 -106.9 60 -106.2 -103.3 60 -105.1 -114.5 60 -103.8 -114.3
4 2 60 -97.1 -110.8 60 -102.3 -106.9 60 -103.8 -114.3 60 -95.8 -114.1
3 2 60 -97.1 -110.8 60 -95.8 -114.1 60 -94.5 -113.3
4 2 60 -104.7 -117.9 60 -106.2 -115.3 60 -119.3 -118.6 60 -117.7 -120.2
4 2 60 -103.8 -122.8 60 -104.7 -117.9 60 -117.7 -120.2 60 -113.4 -123.8
4 2 60 -103.2 -126.1 60 -103.8 -122.8 60 -113.4 -123.8 60 -109.3 -127.1
4 2 60 -106.1 -129.4721 60 -103.5 -128.7499 60 -103.2 -126.1 60 -109.3 -127.1
4 2 60 -120.3 -119.9 60 -119.3 -118.6 60 -131.5 -119.5 60 -130 -122.9
4 2 60 -120.5 -126.3 60 -120.3 -119.9 60 -130 -122.9 60 -127.7 -126.4
4 2 60 -122.2 -129.8 60 -120.5 -126.3 60 -127.7 -126.4 60 -124.9 -130.1
3 2 60 -124.9 -130.1 60 -123.2 -131.1 60 -122.2 -129.8
3 16 60 -144 -122.5 60 -144 -140 60 -142.8 -124.4
3 16 60 -144 -140 60 -139.8 -128.9 60 -142.8 -124.4
4 16 60 -138.7 -128.6 60 -139.8 -128.9 60 -144 -140 60 -124.9 -130.1
4 16 60 -137.2 -127.2 60 -138.7 -128.6 60 -124.9 -130.1 60 -127.7 -126.4
4 16 60 -137.2 -127.2 60 -127.7 -126.4 60 -130 -122.9 60 -132.9 -121.6
3 16 60 -132.9 -121.6 60 -130 -122.9 60 -131.5 -119.5
3 16 60 -144 -140 60 -123.2 -131.1 60 -124.9 -130.1
4 16 60 -123.2 -131.1 60 -144 -140 60 -106.1 -129.4721 60 -109.3 -127.1
4 16 60 -122.2 -129.8 60 -123.2 -131.1 60 -109.3 -127.1 60 -113.4 -123.8
3 16 60 -122.2 -129.8 60 -113.4 -123.8 60 -120.5 -126.3
4 16 60 -120.5 -126.3 60 -113.4 -123.8 60 -117.7 -120.2 60 -120.3 -119.9
3 16 60 -120.3 -119.9 60 -117.7 -120.2 60 -119.3 -118.6
3 16 60 -103.5 -128.7499 60 -72 -120 60 -103.2 -126.1
4 16 60 -103.8 -122.8 60 -103.2 -126.1 60 -72 -120 60 -95.8 -114.1
4 16 60 -104.7 -117.9 60 -103.8 -122.8 60 -95.8 -114.1 60 -103.8 -114.3
4 16 60 -105.1 -114.5 60 -106.2 -115.3 60 -104.7 -117.9 60 -103.8 -114.3
3 16 60 -95.8 -114.1 60 -72 -120 60 -94.5 -113.3
4 16 60 -96.2 -100 60 -94.5 -113.3 60 -72 -120 60 -72 -80
3 16 60 -98.9 -96.3 60 -96.2 -100 60 -72 -80
4 16 60 -103.7 -92.3 60 -98.9 -96.3 60 -72 -80 60 -105.9 -89.4166
4 16 60 -97.1 -110.8 60 -94.5 -113.3 60 -96.2 -100 60 -98.1 -101.5
4 16 60 -102.3 -106.9 60 -97.1 -110.8 60 -98.1 -101.5 60 -100.9 -102.4
3 16 60 -106.2 -103.3 60 -102.3 -106.9 60 -100.9 -102.4

0 FILE parts/s/6024s1.dat
0 ~Baseplate 32 x 32 Canyon without Top Surface
0 Name: s\6024s1.dat
0 Author: Mark Kennedy [mkennedy]
0 !LDRAW_ORG Subpart UPDATE 2025-09
0 !LICENSE Licensed under CC BY 4.0 : see CAreadme.txt

0 BFC CERTIFY CCW

0 !HISTORY 2010-07-05 [PTadmin] Official Update 2010-02
0 !HISTORY 2025-09-27 [OrionP] Changed winding to CCW
0 !HISTORY 2025-09-29 [OrionP] Official Update 2025-09

1 16 316 4 316 4 0 0 0 -4 0 0 0 4 1-4cylc.dat
1 16 -316 4 316 -4 0 0 0 -4 0 0 0 4 1-4cylc.dat
1 16 -316 4 -316 -4 0 0 0 -4 0 0 0 -4 1-4cylc.dat
1 16 316 4 -316 4 0 0 0 -4 0 0 0 -4 1-4cylc.dat
0 BFC INVERTNEXT
1 16 0 4 0 1 0 0 0 1 0 0 0 1 s/30473s2.dat
0 BFC INVERTNEXT
1 16 0 4 0 1 0 0 0 1 0 0 0 1 s/6024s2.dat
0
2 24 316 0 320 -316 0 320
2 24 316 0 -320 -316 0 -320
2 24 320 0 316 320 0 -316
2 24 -320 0 316 -320 0 -316
1 16 0 2 318 316 0 0 0 2 0 0 0 2 box2-11.dat
1 16 0 2 -318 316 0 0 0 2 0 0 0 -2 box2-11.dat
1 16 318 2 0 0 0 2 0 2 0 316 0 0 box2-11.dat
1 16 -318 2 0 0 0 -2 0 2 0 316 0 0 box2-11.dat
0

0 FILE rect2a.dat
0 Rectangle with 2 Adjacent Edges
0 Name: rect2a.dat
0 Author: Chris Dee [cwdee]
0 !LDRAW_ORG Primitive UPDATE 2010-01
0 !LICENSE Licensed under CC BY 4.0 : see CAreadme.txt

0 BFC CERTIFY CCW

0 !HISTORY 2003-12-19 [PTadmin] Official Update 2003-03
0 !HISTORY 2007-06-24 [PTadmin] Header formatted for Contributor Agreement
0 !HISTORY 2008-07-01 [PTadmin] Official Update 2008-01
0 !HISTORY 2010-01-17 [mikeheide] changed winding to CCW
0 !HISTORY 2010-04-05 [PTadmin] Official Update 2010-01


2 24 1 0 1 -1 0 1
2 24 1 0 -1 1 0 1
4 16 -1 0 1 -1 0 -1 1 0 -1 1 0 1
0

0 FILE parts/s/48933s01.dat
0 ~Wedge  4 x  4 Triple with Stud Notches without Faces and Lines
0 Name: s\48933s01.dat
0 Author: Willy Tschager [Holly-Wood]
0 !LDRAW_ORG Subpart UPDATE 2025-09
0 !LICENSE Licensed under CC BY 4.0 : see CAreadme.txt

0 BFC CERTIFY CCW

0 !HISTORY 2007-08-25 {LEGO Universe Team} Original part shape
0 !HISTORY 2008-03-03 [Holly-Wood] File preparation for LDraw Parts Tracker
0 !HISTORY 2010-12-31 [PTadmin] Official Update 2010-03
0 !HISTORY 2025-09-27 [OrionP] Changed winding to CCW
0 !HISTORY 2025-09-29 [OrionP] Official Update 2025-09

2 24 16 6.67 -21 16 6 -19
2 24 -16 6.67 -21 -16 6 -19
2 24 11 16 -30 11 9.67 -30
2 24 9 16 -30 9 9.67 -30
2 24 -9 16 -30 -9 9.67 -30
2 24 -11 16 -30 -11 9.67 -30
2 24 11 9.67 -30 11 8.33 -26
2 24 9 9.67 -30 9 8.33 -26
2 24 -9 9.67 -30 -9 8.33 -26
2 24 -11 9.67 -30 -11 8.33 -26
2 24 20 4.34 -14 20 9.67 -30
2 24 -20 9.67 -30 -20 4.34 -14
2 24 40 24 10 20 24 10
2 24 20 24 10 20 24 -30
2 24 -20 24 -30 -20 24 10
2 24 -20 24 10 -40 24 10
2 24 31.25 24 -10 36.25 24 -10
2 24 28.75 24 -6.25 31.25 24 -6.25
2 24 24 24 -10 28.75 24 -10
2 24 28.75 12.75 -10 24 8 -10
2 24 36 20 -10 31.25 15.25 -10
2 24 31.25 15.25 -6.25 28.75 12.75 -6.25
2 24 36 24 6 24 24 6
2 24 36 20 6 24 8 6
2 24 -31.25 24 -10 -36.25 24 -10
2 24 -28.75 24 -6.25 -31.25 24 -6.25
2 24 -24 24 -10 -28.75 24 -10
2 24 -28.75 12.75 -10 -24 8 -10
2 24 -36 20 -10 -31.25 15.25 -10
2 24 -31.25 15.25 -6.25 -28.75 12.75 -6.25
2 24 -36 20 6 -24 8 6
2 24 -36 24 6 -24 24 6
2 24 36 24 -13 22 24 -13
2 24 22 24 -13 22 24 -33
2 24 22 24 -33 18 24 -33
2 24 18 24 -33 18 24 -59
2 24 20.67 24 -59 18 24 -59
2 24 -36 24 -13 -22 24 -13
2 24 -22 24 -13 -22 24 -33
2 24 -22 24 -33 -18 24 -33
2 24 -18 24 -33 -18 24 -59
2 24 -18 24 -59 -20.67 24 -59
2 24 -16 24 -33 -16 24 -61
2 24 16 24 -61 16 24 -33
2 24 36 20 -13 22 6 -13
2 24 22 6 -13 22 12.65 -33
2 24 22 12.65 -33 20 10.66 -33
2 24 20 19.33 -59 20.67 20 -59
2 24 22 6 -13 22 24 -13
2 24 22 12.65 -33 22 24 -33
2 24 18 10.66 -33 18 24 -33
2 24 18 19.33 -59 18 24 -59
2 24 20.67 20 -59 20.67 24 -59
2 24 -36 20 -13 -22 6 -13
2 24 -22 6 -13 -22 12.65 -33
2 24 -22 12.65 -33 -20 10.66 -33
2 24 -20 19.33 -59 -20.67 20 -59
2 24 -22 6 -13 -22 24 -13
2 24 -22 12.65 -33 -22 24 -33
2 24 -18 10.66 -33 -18 24 -33
2 24 -18 19.33 -59 -18 24 -59
2 24 -20.67 20 -59 -20.67 24 -59
2 24 20 8 10 20 24 10
2 24 -20 8 10 -20 24 10
2 24 20 0 10 40 20 10
2 24 -20 0 10 -40 20 10
2 24 20.67 24 -59 25.326 24 -45.029
2 24 20 24 -70 28.02 24 -45.93
2 24 28.02 24 -45.93 28.02 20 -45.93
2 24 25.326 24 -45.029 28.02 24 -45.93
2 24 25.326 24 -45.029 25.326 20 -45.029
2 24 25.326 20 -45.029 28.02 20 -45.93
2 24 31.98 20 -34.07 31.98 24 -34.07
2 24 31.98 24 -34.07 29.278 24 -33.169
2 24 29.278 20 -33.169 29.278 24 -33.169
2 24 31.98 20 -34.07 29.278 20 -33.169
2 24 31.98 24 -34.07 34.02 24 -27.93
2 24 29.278 24 -33.169 31.325 24 -27.028
2 24 34.02 24 -27.93 34.02 20 -27.93
2 24 31.325 24 -27.028 34.02 24 -27.93
2 24 31.325 24 -27.028 31.325 20 -27.028
2 24 31.325 20 -27.028 34.02 20 -27.93
2 24 37.98 20 -16.07 37.98 24 -16.07
2 24 37.98 24 -16.07 35.277 24 -15.169
2 24 35.277 20 -15.169 35.277 24 -15.169
2 24 37.98 20 -16.07 35.277 20 -15.169
2 24 35.277 24 -15.169 36 24 -13
2 24 36 24 -13 36 20 -13
2 24 40 24 -10 37.98 24 -16.07
2 24 36 20 -13 20.67 20 -59
2 24 20 20 -70 40 20 -10
2 24 -20.67 24 -59 -25.326 24 -45.029
2 24 -20 24 -70 -28.02 24 -45.93
2 24 -28.02 24 -45.93 -28.02 20 -45.93
2 24 -25.326 24 -45.029 -28.02 24 -45.93
2 24 -25.326 24 -45.029 -25.326 20 -45.029
2 24 -25.326 20 -45.029 -28.02 20 -45.93
2 24 -31.98 20 -34.07 -31.98 24 -34.07
2 24 -31.98 24 -34.07 -29.278 24 -33.169
2 24 -29.278 20 -33.169 -29.278 24 -33.169
2 24 -31.98 20 -34.07 -29.278 20 -33.169
2 24 -31.98 24 -34.07 -34.02 24 -27.93
2 24 -29.278 24 -33.169 -31.325 24 -27.028
2 24 -34.02 24 -27.93 -34.02 20 -27.93
2 24 -31.325 24 -27.028 -34.02 24 -27.93
2 24 -31.325 24 -27.028 -31.325 20 -27.028
2 24 -31.325 20 -27.028 -34.02 20 -27.93
2 24 -37.98 20 -16.07 -37.98 24 -16.07
2 24 -37.98 24 -16.07 -35.277 24 -15.169
2 24 -35.277 20 -15.169 -35.277 24 -15.169
2 24 -37.98 20 -16.07 -35.277 20 -15.169
2 24 -35.277 24 -15.169 -36 24 -13
2 24 -36 24 -13 -36 20 -13
2 24 -40 24 -10 -37.98 24 -16.07
2 24 -36 20 -13 -20.67 20 -59
2 24 -20 20 -70 -40 20 -10

1 16 0 4 0 1 0 0 0 -1 0 0 0 1 stud3.dat
1 16 18 4 0 0 0 -2 0 4 0 1 0 0 box4-1.dat
1 16 -18 4 0 0 0 2 0 4 0 -1 0 0 box4-1.dat
1 16 10 4 -8 1 0 0 0 4 0 0 0 2 box4-1.dat
1 16 -10 4 -8 1 0 0 0 4 0 0 0 2 box4-1.dat
1 16 18 11.33 -21 2 0 0 0 0 4.67 0 1 0 rect.dat
1 16 18 11 -19 2 0 0 0 0 5 0 -1 0 rect.dat
1 16 18 16 -20 0 0 -2 0 -1 0 -1 0 0 rect2p.dat
1 16 -18 11.33 -21 2 0 0 0 0 4.67 0 1 0 rect.dat
1 16 -18 11 -19 2 0 0 0 0 5 0 -1 0 rect.dat
1 16 -18 16 -20 0 0 -2 0 -1 0 -1 0 0 rect2p.dat
1 16 10 16 -28 1 0 0 0 -1 0 0 0 2 rect.dat
1 16 -10 16 -28 1 0 0 0 -1 0 0 0 2 rect.dat
1 16 10 12.17 -26 1 0 0 0 0 -3.83 0 -1 0 rect3.dat
1 16 -10 12.17 -26 1 0 0 0 0 -3.83 0 -1 0 rect3.dat
1 16 0 6.34 -20 4 0 0 0 1 -1.33 0 0 4 4-4edge.dat
1 16 0 7.68 -20 0 0 4 0 -1.33 0 -4 0 0 4-4cyls.dat
1 16 0 7.68 -20 1 0 0 0 -2.08 0 0 0 1 stud3a.dat
1 16 0 16.45 -50 6 0 0 0 1 -1.95 0 0 6 4-4edge.dat
1 16 0 16.45 -50 8 0 0 0 1 -2.55 0 0 8 4-4edge.dat
0 BFC INVERTNEXT
1 16 0 18.45 -50 0 0 6 0 -1.95 0 -6 0 0 4-4cyls.dat
1 16 0 19.12 -50 0 0 8 0 -2.55 0 -8 0 0 4-4cyls.dat
0 BFC INVERTNEXT
1 16 0 18.45 -50 6 0 0 0 0.67 0 0 0 6 4-4cyli.dat
1 16 0 19.12 -50 1 0 0 0 -1.22 0 0 0 1 stud4a.dat
1 16 36 22 -2 0 1 0 2 0 0 0 0 8 rect.dat
1 16 31.25 19.625 -8.125 0 -1 0 -4.375 0 0 0 0 -1.875 rect.dat
1 16 28.75 18.375 -8.125 0 1 0 -5.625 0 0 0 0 1.875 rect.dat
1 16 24 16 -2 0 -1 0 8 0 0 0 0 8 rect.dat
1 16 -36 22 -2 0 -1 0 2 0 0 0 0 -8 rect.dat
1 16 -31.25 19.625 -8.125 0 1 0 4.375 0 0 0 0 1.875 rect.dat
1 16 -28.75 18.375 -8.125 0 -1 0 5.625 0 0 0 0 -1.875 rect.dat
1 16 -24 16 -2 0 1 0 8 0 0 0 0 -8 rect.dat
1 16 0 17.5 -33 0 0 16 6.5 0 0 0 1 0 rect.dat
1 16 -18 22 -61 0 0 2 2 0 0 0 1 0 rect.dat
1 16 -19.17 22 -63.5 -0.83 -1 0 0 0 2 2.5 0 0 rect2p.dat
1 16 0 22 -66 0 0 -18.33 2 0 0 0 -1 0 rect.dat
1 16 19.17 22 -63.5 -0.83 1 0 0 0 2 -2.5 0 0 rect2p.dat
1 16 18 22 -61 0 0 2 2 0 0 0 1 0 rect.dat
1 16 19 15 -46 1 0 0 0 -1 -4.34 0 0 13 rect.dat
1 16 -19 15 -46 1 0 0 0 -1 -4.34 0 0 13 rect.dat
1 16 0 15.5 -47 16 0 0 0 -1 4.5 0 0 -14 rect3.dat
1 16 0 16.84 -30 0 0 20 7.16 0 0 0 -1 0 rect.dat
1 16 0 10.17 -14 20 0 0 0 0 -5.83 0 1 0 rect3.dat
1 16 0 16 -12 20 0 0 0 -1 0 0 0 2 rect.dat
1 16 0 10 -10 0 0 -20 -6 0 0 0 -1 0 rect2p.dat
1 16 0 4 -2 20 0 0 0 -1 0 0 0 8 rect.dat
1 16 0 6 6 0 0 -20 -2 0 0 0 1 0 rect2p.dat
1 16 0 8 8 20 0 0 0 -1 0 0 0 2 rect.dat
1 16 0 0 0 0 0 20 0 1 0 -10 0 0 rect.dat
1 16 40 22 0 0 -1 0 0 0 2 -10 0 0 rect.dat
1 16 -40 22 0 0 1 0 0 0 2 -10 0 0 rect.dat
1 16 0 22 -70 -20 0 0 0 0 2 0 1 0 rect.dat
4 16 20 9.67 -30 -20 9.67 -30 -20 4.34 -14 20 4.34 -14
4 16 16 16 -19 16 16 -21 16 6.67 -21 16 6 -19
4 16 -16 16 -21 -16 16 -19 -16 6 -19 -16 6.67 -21
4 16 11 9.67 -30 11 16 -30 11 16 -26 11 8.33 -26
4 16 9 16 -30 9 9.67 -30 9 8.33 -26 9 16 -26
4 16 -9 9.67 -30 -9 16 -30 -9 16 -26 -9 8.33 -26
4 16 -11 16 -30 -11 9.67 -30 -11 8.33 -26 -11 16 -26
4 16 28.75 12.75 -6.25 28.75 12.75 -10 24 8 -10 24 8 6
4 16 31.25 15.25 -6.25 28.75 12.75 -6.25 24 8 6 36 20 6
4 16 31.25 15.25 -6.25 36 20 6 36 20 -10 31.25 15.25 -10
4 16 31.25 15.25 -6.25 31.25 24 -6.25 28.75 24 -6.25 28.75 12.75 -6.25
4 16 31.25 24 -10 28.75 24 -10 28.75 24 -6.25 31.25 24 -6.25
4 16 -24 8 6 -24 8 -10 -28.75 12.75 -10 -28.75 12.75 -6.25
4 16 -36 20 6 -24 8 6 -28.75 12.75 -6.25 -31.25 15.25 -6.25
4 16 -31.25 15.25 -10 -36 20 -10 -36 20 6 -31.25 15.25 -6.25
4 16 -28.75 12.75 -6.25 -28.75 24 -6.25 -31.25 24 -6.25 -31.25 15.25 -6.25
4 16 -31.25 24 -6.25 -28.75 24 -6.25 -28.75 24 -10 -31.25 24 -10
4 16 -22 24 -33 -20 24 -30 20 24 -30 22 24 -33
4 16 20 24 10 22 24 -13 22 24 -33 20 24 -30
4 16 -22 24 -13 -20 24 10 -20 24 -30 -22 24 -33
4 16 20 24 10 24 24 6 24 24 -10 22 24 -13
3 16 22 24 -13 24 24 -10 28.75 24 -10
4 16 36 24 -13 22 24 -13 28.75 24 -10 31.25 24 -10
3 16 31.25 24 -10 36 24 -10 36 24 -13
4 16 -24 24 6 -20 24 10 -22 24 -13 -24 24 -10
3 16 -28.75 24 -10 -24 24 -10 -22 24 -13
4 16 -31.25 24 -10 -28.75 24 -10 -22 24 -13 -36 24 -13
3 16 -36 24 -13 -36 24 -10 -31.25 24 -10
4 16 40 24 10 36 24 6 24 24 6 20 24 10
4 16 -36 24 6 -40 24 10 -20 24 10 -24 24 6
4 16 40 24 -10 36 24 -13 36 24 6 40 24 10
4 16 -36 24 -13 -40 24 -10 -40 24 10 -36 24 6
4 16 -20 24 -70 -18.33 24 -66 18.33 24 -66 20 24 -70
3 16 18.34 24 -66 20 24 -61 20 24 -70
4 16 20 24 -61 20.67 24 -59 28.02 24 -45.93 20 24 -70
3 16 20.67 24 -59 25.326 24 -45.029 28.02 24 -45.93
4 16 31.98 24 -34.07 29.278 24 -33.169 31.325 24 -27.028 34.02 24 -27.93
4 16 37.98 24 -16.07 35.277 24 -15.169 36 24 -13 40 24 -10
3 16 -20 24 -70 -20 24 -61 -18.34 24 -66
4 16 -20 24 -70 -28.02 24 -45.93 -20.67 24 -59 -20 24 -61
3 16 -28.02 24 -45.93 -25.326 24 -45.029 -20.67 24 -59
4 16 -34.02 24 -27.93 -31.325 24 -27.028 -29.278 24 -33.169 -31.98 24 -34.07
4 16 -40 24 -10 -36 24 -13 -35.277 24 -15.169 -37.98 24 -16.07
4 16 -18 24 -59 -16 24 -61 -20 24 -61 -20.67 24 -59
4 16 16 24 -61 18 24 -59 20.67 24 -59 20 24 -61
4 16 -18 24 -33 -16 24 -33 -16 24 -61 -18 24 -59
4 16 16 24 -33 18 24 -33 18 24 -59 16 24 -61
4 16 -18.33 20 -66 -20 20 -61 20 20 -61 18.33 20 -66
4 16 -16 11 -33 -16 20 -61 -16 24 -61 -16 24 -33
4 16 16 20 -61 16 11 -33 16 24 -33 16 24 -61
4 16 22 24 -13 36 24 -13 36 20 -13 22 6 -13
4 16 22 24 -33 22 24 -13 22 6 -13 22 12.65 -33
3 16 20 10.66 -33 18 10.66 -33 22 12.65 -33
4 16 18 24 -33 22 24 -33 22 12.65 -33 18 10.66 -33
4 16 18 24 -59 18 24 -33 18 10.66 -33 18 19.34 -59
3 16 20.67 20 -59 18 19.33 -59 20 19.33 -59
4 16 20.67 24 -59 18 24 -59 18 19.33 -59 20.67 20 -59
4 16 20.67 20 -59 25.326 20 -45.029 25.326 24 -45.029 20.67 24 -59
4 16 31.325 20 -27.028 31.325 24 -27.028 29.278 24 -33.169 29.278 20 -33.169
4 16 35.277 20 -15.169 36 20 -13 36 24 -13 35.277 24 -15.169
4 16 25.326 20 -45.029 28.02 20 -45.93 28.02 24 -45.93 25.326 24 -45.029
4 16 31.98 20 -34.07 29.278 20 -33.169 29.278 24 -33.169 31.98 24 -34.07
4 16 31.325 20 -27.028 34.02 20 -27.93 34.02 24 -27.93 31.325 24 -27.028
4 16 37.98 20 -16.07 35.277 20 -15.169 35.277 24 -15.169 37.98 24 -16.07
4 16 -36 24 -13 -22 24 -13 -22 6 -13 -36 20 -13
4 16 -22 24 -13 -22 24 -33 -22 12.65 -33 -22 6 -13
3 16 -18 10.66 -33 -20 10.66 -33 -22 12.65 -33
4 16 -22 24 -33 -18 24 -33 -18 10.66 -33 -22 12.65 -33
4 16 -18 24 -33 -18 24 -59 -18 19.34 -59 -18 10.66 -33
3 16 -20.67 20 -59 -20 19.33 -59 -18 19.33 -59
4 16 -18 24 -59 -20.67 24 -59 -20.67 20 -59 -18 19.33 -59
4 16 -20.67 24 -59 -25.326 24 -45.029 -25.326 20 -45.029 -20.67 20 -59
4 16 -29.278 20 -33.169 -29.278 24 -33.169 -31.325 24 -27.028 -31.325 20 -27.028
4 16 -35.277 24 -15.169 -36 24 -13 -36 20 -13 -35.277 20 -15.169
4 16 -25.326 24 -45.029 -28.02 24 -45.93 -28.02 20 -45.93 -25.326 20 -45.029
4 16 -31.98 24 -34.07 -29.278 24 -33.169 -29.278 20 -33.169 -31.98 20 -34.07
4 16 -31.325 24 -27.028 -34.02 24 -27.93 -34.02 20 -27.93 -31.325 20 -27.028
4 16 -37.98 24 -16.07 -35.277 24 -15.169 -35.277 20 -15.169 -37.98 20 -16.07
4 16 -20 24 -30 -20 16 -14 -20 4.34 -14 -20 9.66 -30
4 16 20 16 -14 20 24 -30 20 9.66 -30 20 4.34 -14
4 16 36 20 -10 36 24 -10 31.25 24 -10 31.25 15.25 -10
4 16 24 8 -10 28.75 12.75 -10 28.75 24 -10 24 24 -10
4 16 24 24 6 36 24 6 36 20 6 24 8 6
4 16 -24 24 -10 -28.75 24 -10 -28.75 12.75 -10 -24 8 -10
4 16 -31.25 15.25 -10 -31.25 24 -10 -36 24 -10 -36 20 -10
4 16 -36 24 6 -24 24 6 -24 8 6 -36 20 6
4 16 20 16 -10 20 24 10 20 24 -30 20 16 -14
4 16 -20 24 10 -20 16 -10 -20 16 -14 -20 24 -30
4 16 -20 16 -10 -20 8 6 -20 4 6 -20 4 -10
4 16 20 8 6 20 16 -10 20 4 -10 20 4 6
4 16 20 8 10 20 24 10 20 16 -10 20 8 6
4 16 -20 24 10 -20 8 10 -20 8 6 -20 16 -10
3 16 36 20 -13 20 20 -61 20 4 -13
3 16 -36 20 -13 -20 4 -13 -20 20 -61
4 16 -20 8 10 -20 0 10 20 0 10 20 8 10
4 16 40 20 10 40 24 10 20 24 10 20 0 10
4 16 -40 24 10 -40 20 10 -20 0 10 -20 24 10
4 16 28.02 20 -45.93 25.326 20 -45.029 29.278 20 -33.169 31.98 20 -34.07
4 16 35.277 20 -15.169 37.98 20 -16.07 34.02 20 -27.93 31.325 20 -27.028
4 16 28.02 24 -45.93 28.02 20 -45.93 20 20 -70 20 24 -70
4 16 31.98 24 -34.07 34.02 24 -27.93 34.02 20 -27.93 31.98 20 -34.07
4 16 40 24 -10 40 20 -10 37.98 20 -16.07 37.98 24 -16.07
4 16 -31.98 20 -34.07 -29.278 20 -33.169 -25.326 20 -45.029 -28.02 20 -45.93
4 16 -31.325 20 -27.028 -34.02 20 -27.93 -37.98 20 -16.07 -35.277 20 -15.169
4 16 -20 24 -70 -20 20 -70 -28.02 20 -45.93 -28.02 24 -45.93
4 16 -31.98 20 -34.07 -34.02 20 -27.93 -34.02 24 -27.93 -31.98 24 -34.07
4 16 -37.98 24 -16.07 -37.98 20 -16.07 -40 20 -10 -40 24 -10

1 16 10 0 0 0 0 1 0 1 0 -1 0 0 stud.dat
1 16 -10 0 0 0 0 1 0 1 0 -1 0 0 stud.dat
0

0 FILE 4-4cylc.dat
0 Cylinder Closed 1.0
0 Name: 4-4cylc.dat
0 Author: Alex Taylor [anathema]
0 !LDRAW_ORG Primitive UPDATE 2009-02
0 !LICENSE Licensed under CC BY 4.0 : see CAreadme.txt

0 BFC CERTIFY CCW

0 !HISTORY 2008-12-29 [cwdee] Removed one disc
0 !HISTORY 2009-09-03 [PTadmin] Official Update 2009-02


1 16 0 0 0 1 0 0 0 1 0 0 0 1 4-4edge.dat
1 16 0 1 0 1 0 0 0 1 0 0 0 1 4-4edge.dat
1 16 0 0 0 1 0 0 0 1 0 0 0 1 4-4disc.dat
1 16 0 0 0 1 0 0 0 1 0 0 0 1 4-4cyli.dat
0

0 FILE 1-4chrd.dat
0 Chord 0.25
0 Name: 1-4chrd.dat
0 Author: Max Martin Richter [MMR1988]
0 !LDRAW_ORG Primitive UPDATE 2023-05
0 !LICENSE Licensed under CC BY 4.0 : see CAreadme.txt

0 BFC CERTIFY CCW

0 !HISTORY 2004-04-22 [PTadmin] Official Update 2004-02
0 !HISTORY 2007-10-09 [PTadmin] Header formatted for Contributor Agreement
0 !HISTORY 2008-07-01 [PTadmin] Official Update 2008-01
0 !HISTORY 2012-08-02 [MMR1988] Re-creation with PrimGen2 and Rectifier
0 !HISTORY 2012-08-09 [PTadmin] Official Update 2012-02
0 !HISTORY 2023-10-27 [OrionP] Change author to MMR1988 from hafhead
0 !HISTORY 2023-10-31 [OrionP] Official Update 2023-05

4 16 0.9239 0 0.3827 0.3827 0 0.9239 0 0 1 1 0 0
3 16 0.7071 0 0.7071 0.3827 0 0.9239 0.9239 0 0.3827

0 FILE 4-4ring5.dat
0 Ring  5 x 1.0
0 Name: 4-4ring5.dat
0 Author: Mark Kennedy [mkennedy]
0 !LDRAW_ORG Primitive UPDATE 2025-01
0 !LICENSE Licensed under CC BY 4.0 : see CAreadme.txt

0 BFC CERTIFY CCW

0 !HISTORY 2001-10-23 [pneaster] resequenced quads, corrected winding.
0 !HISTORY 2001-12-29 [pneaster] Added BFC.
0 !HISTORY 2002-04-25 [PTadmin] Official Update 2002-02
0 !HISTORY 2007-06-24 [PTadmin] Header formatted for Contributor Agreement
0 !HISTORY 2008-07-01 [PTadmin] Official Update 2008-01
0 !HISTORY 2012-02-16 [Philo] Changed to CCW
0 !HISTORY 2012-03-30 [PTadmin] Official Update 2012-01
0 !HISTORY 2024-12-30 [MagFors] Recreated using PrimGen
0 !HISTORY 2025-01-20 [OrionP] Official Update 2025-01

4 16 6 0 0 5.5434 0 2.2962 4.6195 0 1.9135 5 0 0
4 16 5.5434 0 2.2962 4.2426 0 4.2426 3.5355 0 3.5355 4.6195 0 1.9135
4 16 4.2426 0 4.2426 2.2962 0 5.5434 1.9135 0 4.6195 3.5355 0 3.5355
4 16 2.2962 0 5.5434 0 0 6 0 0 5 1.9135 0 4.6195
4 16 0 0 6 -2.2962 0 5.5434 -1.9135 0 4.6195 0 0 5
4 16 -2.2962 0 5.5434 -4.2426 0 4.2426 -3.5355 0 3.5355 -1.9135 0 4.6195
4 16 -4.2426 0 4.2426 -5.5434 0 2.2962 -4.6195 0 1.9135 -3.5355 0 3.5355
4 16 -5.5434 0 2.2962 -6 0 0 -5 0 0 -4.6195 0 1.9135
4 16 -6 0 0 -5.5434 0 -2.2962 -4.6195 0 -1.9135 -5 0 0
4 16 -5.5434 0 -2.2962 -4.2426 0 -4.2426 -3.5355 0 -3.5355 -4.6195 0 -1.9135
4 16 -4.2426 0 -4.2426 -2.2962 0 -5.5434 -1.9135 0 -4.6195 -3.5355 0 -3.5355
4 16 -2.2962 0 -5.5434 0 0 -6 0 0 -5 -1.9135 0 -4.6195
4 16 0 0 -6 2.2962 0 -5.5434 1.9135 0 -4.6195 0 0 -5
4 16 2.2962 0 -5.5434 4.2426 0 -4.2426 3.5355 0 -3.5355 1.9135 0 -4.6195
4 16 4.2426 0 -4.2426 5.5434 0 -2.2962 4.6195 0 -1.9135 3.5355 0 -3.5355
4 16 5.5434 0 -2.2962 6 0 0 5 0 0 4.6195 0 -1.9135
0 // Build by LDPartEditor (PrimGen 2.X)

0 FILE p/48/4-4cylo.dat
0 Hi-Res Cylinder Open 1.0
0 Name: 48\4-4cylo.dat
0 Author: Philippe Hurbain [Philo]
0 !LDRAW_ORG 48_Primitive UPDATE 2011-01
0 !LICENSE Licensed under CC BY 4.0 : see CAreadme.txt

0 BFC CERTIFY CCW

0 !HISTORY 2011-07-25 [PTadmin] Official Update 2011-01


1 16 0 0 0 1 0 0 0 1 0 0 0 1 48/4-4edge.dat
1 16 0 1 0 1 0 0 0 1 0 0 0 1 48/4-4edge.dat
1 16 0 0 0 1 0 0 0 1 0 0 0 1 48/4-4cyli.dat

0 FILE p/48/1-4chrd.dat
0 Hi-Res Chord 0.25
0 Name: 48\1-4chrd.dat
0 Author: Willy Tschager [Holly-Wood]
0 !LDRAW_ORG 48_Primitive UPDATE 2024-01
0 !LICENSE Licensed under CC BY 4.0 : see CAreadme.txt

0 BFC CERTIFY CCW

0 !HISTORY 2009-05-02 [PTadmin] Official Update 2009-01
0 !HISTORY 2012-08-02 [MMR1988] Re-creation with PrimGen2 and Rectifier
0 !HISTORY 2012-08-09 [PTadmin] Official Update 2012-02
0 !HISTORY 2024-01-04 [Holly-Wood] Complete re-write, original by westrate
0 !HISTORY 2024-01-29 [OrionP] Official Update 2024-01

0 // Vertices calculated by LDPartEditor (PrimGen 2.X)

4 16 0 0 1 1 0 0 .9914 0 .1305 .1305 0 .9914
4 16 .1305 0 .9914 .9914 0 .1305 .9659 0 .2588 .2588 0 .9659
4 16 .2588 0 .9659 .9659 0 .2588 .9239 0 .3827 .3827 0 .9239
4 16 .3827 0 .9239 .9239 0 .3827 .866 0 .5 .5 0 .866
4 16 .5 0 .866 .866 0 .5 .7934 0 .6088 .6088 0 .7934
3 16 .6088 0 .7934 .7934 0 .6088 .7071 0 .7071

0 FILE p/48/4-4ring4.dat
0 Hi-Res Ring  4 x 1.0
0 Name: 48\4-4ring4.dat
0 Author: Mark Kennedy [mkennedy]
0 !LDRAW_ORG 48_Primitive UPDATE 2012-02
0 !LICENSE Licensed under CC BY 4.0 : see CAreadme.txt

0 BFC CERTIFY CCW

0 !HISTORY 2004-04-22 [PTadmin] Official Update 2004-02
0 !HISTORY 2007-06-24 [PTadmin] Header formatted for Contributor Agreement
0 !HISTORY 2008-07-01 [PTadmin] Official Update 2008-01
0 !HISTORY 2012-02-27 [Philo] Changed to CCW
0 !HISTORY 2012-08-09 [PTadmin] Official Update 2012-02


4 16 5 0 0 4.957 0 0.6525 3.9656 0 0.522 4 0 0
4 16 4.957 0 0.6525 4.8295 0 1.294 3.8636 0 1.0352 3.9656 0 0.522
4 16 4.8295 0 1.294 4.6195 0 1.9135 3.6956 0 1.5308 3.8636 0 1.0352
4 16 4.6195 0 1.9135 4.33 0 2.5 3.464 0 2 3.6956 0 1.5308
4 16 4.33 0 2.5 3.967 0 3.044 3.1736 0 2.4352 3.464 0 2
4 16 3.967 0 3.044 3.5355 0 3.5355 2.8284 0 2.8284 3.1736 0 2.4352
4 16 3.5355 0 3.5355 3.044 0 3.967 2.4352 0 3.1736 2.8284 0 2.8284
4 16 3.044 0 3.967 2.5 0 4.33 2 0 3.464 2.4352 0 3.1736
4 16 2.5 0 4.33 1.9135 0 4.6195 1.5308 0 3.6956 2 0 3.464
4 16 1.9135 0 4.6195 1.294 0 4.8295 1.0352 0 3.8636 1.5308 0 3.6956
4 16 1.294 0 4.8295 0.6525 0 4.957 0.522 0 3.9656 1.0352 0 3.8636
4 16 0.6525 0 4.957 0 0 5 0 0 4 0.522 0 3.9656
4 16 0 0 5 -0.6525 0 4.957 -0.522 0 3.9656 0 0 4
4 16 -0.6525 0 4.957 -1.294 0 4.8295 -1.0352 0 3.8636 -0.522 0 3.9656
4 16 -1.294 0 4.8295 -1.9135 0 4.6195 -1.5308 0 3.6956 -1.0352 0 3.8636
4 16 -1.9135 0 4.6195 -2.5 0 4.33 -2 0 3.464 -1.5308 0 3.6956
4 16 -2.5 0 4.33 -3.044 0 3.967 -2.4352 0 3.1736 -2 0 3.464
4 16 -3.044 0 3.967 -3.5355 0 3.5355 -2.8284 0 2.8284 -2.4352 0 3.1736
4 16 -3.5355 0 3.5355 -3.967 0 3.044 -3.1736 0 2.4352 -2.8284 0 2.8284
4 16 -3.967 0 3.044 -4.33 0 2.5 -3.464 0 2 -3.1736 0 2.4352
4 16 -4.33 0 2.5 -4.6195 0 1.9135 -3.6956 0 1.5308 -3.464 0 2
4 16 -4.6195 0 1.9135 -4.8295 0 1.294 -3.8636 0 1.0352 -3.6956 0 1.5308
4 16 -4.8295 0 1.294 -4.957 0 0.6525 -3.9656 0 0.522 -3.8636 0 1.0352
4 16 -4.957 0 0.6525 -5 0 0 -4 0 0 -3.9656 0 0.522
4 16 -5 0 0 -4.957 0 -0.6525 -3.9656 0 -0.522 -4 0 0
4 16 -4.957 0 -0.6525 -4.8295 0 -1.294 -3.8636 0 -1.0352 -3.9656 0 -0.522
4 16 -4.8295 0 -1.294 -4.6195 0 -1.9135 -3.6956 0 -1.5308 -3.8636 0 -1.0352
4 16 -4.6195 0 -1.9135 -4.33 0 -2.5 -3.464 0 -2 -3.6956 0 -1.5308
4 16 -4.33 0 -2.5 -3.967 0 -3.044 -3.1736 0 -2.4352 -3.464 0 -2
4 16 -3.967 0 -3.044 -3.5355 0 -3.5355 -2.8284 0 -2.8284 -3.1736 0 -2.4352
4 16 -3.5355 0 -3.5355 -3.044 0 -3.967 -2.4352 0 -3.1736 -2.8284 0 -2.8284
4 16 -3.044 0 -3.967 -2.5 0 -4.33 -2 0 -3.464 -2.4352 0 -3.1736
4 16 -2.5 0 -4.33 -1.9135 0 -4.6195 -1.5308 0 -3.6956 -2 0 -3.464
4 16 -1.9135 0 -4.6195 -1.294 0 -4.8295 -1.0352 0 -3.8636 -1.5308 0 -3.6956
4 16 -1.294 0 -4.8295 -0.6525 0 -4.957 -0.522 0 -3.9656 -1.0352 0 -3.8636
4 16 -0.6525 0 -4.957 0 0 -5 0 0 -4 -0.522 0 -3.9656
4 16 0 0 -5 0.6525 0 -4.957 0.522 0 -3.9656 0 0 -4
4 16 0.6525 0 -4.957 1.294 0 -4.8295 1.0352 0 -3.8636 0.522 0 -3.9656
4 16 1.294 0 -4.8295 1.9135 0 -4.6195 1.5308 0 -3.6956 1.0352 0 -3.8636
4 16 1.9135 0 -4.6195 2.5 0 -4.33 2 0 -3.464 1.5308 0 -3.6956
4 16 2.5 0 -4.33 3.044 0 -3.967 2.4352 0 -3.1736 2 0 -3.464
4 16 3.044 0 -3.967 3.5355 0 -3.5355 2.8284 0 -2.8284 2.4352 0 -3.1736
4 16 3.5355 0 -3.5355 3.967 0 -3.044 3.1736 0 -2.4352 2.8284 0 -2.8284
4 16 3.967 0 -3.044 4.33 0 -2.5 3.464 0 -2 3.1736 0 -2.4352
4 16 4.33 0 -2.5 4.6195 0 -1.9135 3.6956 0 -1.5308 3.464 0 -2
4 16 4.6195 0 -1.9135 4.8295 0 -1.294 3.8636 0 -1.0352 3.6956 0 -1.5308
4 16 4.8295 0 -1.294 4.957 0 -0.6525 3.9656 0 -0.522 3.8636 0 -1.0352
4 16 4.957 0 -0.6525 5 0 0 4 0 0 3.9656 0 -0.522

0 FILE parts/s/4788s02.dat
0 ~Fabuland Paddle Wheeler Wheel  4 Blades
0 Name: s\4788s02.dat
0 Author: Philippe Hurbain [Philo]
0 !LDRAW_ORG Subpart UPDATE 2024-01
0 !LICENSE Licensed under CC BY 4.0 : see CAreadme.txt

0 BFC CERTIFY CCW

0 !HISTORY 2024-01-29 [OrionP] Official Update 2024-01

2 24 16 0 12 15.8682 -2 12
2 24 16 0 12 15.8682 2 12
2 24 5.5 2 12 16 2 12
2 24 16 -2 12 5.5 -2 12
4 16 16 2 12 5.5 2 12 5.5 -2 12 16 -2 12
2 24 5.5 2 2 16 2 2
2 24 16 -2 2 5.5 -2 2
4 16 16 -2 2 16 -2 12 5.5 -2 12 5.5 -2 2
2 24 15.8682 -2 2 15.8682 -2 12
4 16 5.5 2 12 16 2 12 16 2 2 5.5 2 2
2 24 15.8682 2 12 15.8682 2 2
1 16 0 0 0 1 0 0 0 1 0 0 0 1 s/4788s01.dat

1 16 0 0 0 0.86603 -0.5 0 0.5 0.86603 0 0 0 1 s/4788s01.dat
1 16 0 0 0 0.5 -0.86603 0 0.86603 0.5 0 0 0 1 s/4788s01.dat
1 16 0 0 0 0 -1 0 1 0 0 0 0 1 s/4788s01.dat

0 FILE u9081c01.dat
0 Wheel Rim 26 x  7 with Rip Cord Gear Axle [494] and Tyre [16]
0 Name: u9081c01.dat
0 Author: Sylvain Sauvage [SLS]
0 !LDRAW_ORG Shortcut UPDATE 2017-01
0 !LICENSE Licensed under CC BY 4.0 : see CAreadme.txt

0 BFC CERTIFY CCW

0 !KEYWORDS Chima, Flywheel, Speedorz

0 !HISTORY 2017-12-30 [PTadmin] Official Update 2017-01


1 16 0 0 0 1 0 0 0 1 0 0 0 1 u9081.dat
1 494 0 0 0 1 0 0 0 1 0 0 0 1 11140.dat
1 494 0 0 0 0 0 -1 0 1 0 1 0 0 u9082.dat

0 FILE 15103c01.dat
0 ~Motor Inertia Flywheel  4 x  6 x  2 Housing (Complete)
0 Name: 15103c01.dat
0 Author: Magnus Forsberg [MagFors]
0 !LDRAW_ORG Shortcut UPDATE 2024-03
0 !LICENSE Licensed under CC BY 4.0 : see CAreadme.txt

0 BFC CERTIFY CCW

0 !CATEGORY Vehicle
0 !KEYWORDS 15336, Chima, Speedorz

0 !HISTORY 2024-04-28 [OrionP] Official Update 2024-03


1 16 0 0 0 1 0 0 0 1 0 0 0 1 15103.dat
1 16 20 -9 0 1 0 0 0 1 0 0 0 1 15709.dat
1 16 -20 -9 0 -1 0 0 0 1 0 0 0 -1 15709.dat

0 FILE parts/s/4032s01.dat
0 ~Plate  2 x  2 Round with Axlehole - Quarter
0 Name: s\4032s01.dat
0 Author: Magnus Forsberg [MagFors]
0 !LDRAW_ORG Subpart UPDATE 2022-02
0 !LICENSE Licensed under CC BY 4.0 : see CAreadme.txt

0 BFC CERTIFY CCW

0 !HISTORY 2022-03-06 [PTadmin] Official Update 2022-02


4 16 8 4 8 16 4 11.36 16 4 -11.36 8 4 -8
4 16 16 4 -11.36 14.142 4 -14.142 11.36 4 -16 8 4 -8
1 16 16 6 0 0 1 0 0 0 -2 11.36 0 0 rect.dat
4 16 18.4774 8 7.6536 18.4776 8 -7.6537 16 8 -11.36 16 8 11.36
1 16 0 8 0 18.4776 0 7.6537 0 -1 0 -7.6537 0 18.4776 1-8chrd.dat
1 16 0 8 0 18.4776 0 7.6537 0 -8 0 -7.6537 0 18.4776 1-8cylo.dat
1 16 0 0 0 18.4776 0 7.6537 0 1 0 -7.6537 0 18.4776 1-8chrd.dat
4 16 18.4774 0 7.6536 18.4774 8 7.6536 16 8 11.36 16 4 11.36
4 16 18.4776 8 -7.6537 18.4776 0 -7.6537 16 4 -11.36 16 8 -11.36
2 24 18.4774 0 7.6536 15.6145 0 11.9397
2 24 18.4776 0 -7.6537 15.6145 0 -11.9387
2 24 18.4774 8 7.6536 16 8 11.36
2 24 18.4776 8 -7.6537 16 8 -11.36
2 24 16 4 -11.36 14.142 4 -14.142
2 24 14.142 4 -14.142 11.36 4 -16
4 16 15.6145 0 -11.9387 15.6145 0 11.9397 6 0 6 6 0 -6
4 16 15.6145 0 -11.9387 18.4776 0 -7.6537 18.4774 0 7.6536 15.6145 0 11.9397
4 16 15.6145 0 -11.9387 14.142 0 -14.142 14.142 4 -14.142 16 4 -11.36
3 16 15.6145 0 -11.9387 16 4 -11.36 18.4776 0 -7.6537
3 16 18.4774 0 7.6536 16 4 11.36 15.6145 0 11.9397
4 16 16 4 11.36 14.142 4 14.142 14.142 0 14.142 15.6145 0 11.9397
5 24 18.4774 0 7.6536 18.4774 8 7.6536 14.142 0 14.142 20.0005 0 .0001
5 24 18.4776 0 -7.6537 18.4776 8 -7.6537 20.0005 0 .0001 14.142 0 -14.142
5 24 14.142 0 14.142 14.142 4 14.142 18.4774 0 7.6536 7.6537 0 18.4776

0 FILE axl5hol8.dat
0 Technic Axle Hole Rounded Perimeter
0 Name: axl5hol8.dat
0 Author: Magnus Forsberg [MagFors]
0 !LDRAW_ORG Primitive UPDATE 2022-01
0 !LICENSE Licensed under CC BY 4.0 : see CAreadme.txt

0 BFC CERTIFY CCW

0 !HISTORY 2022-01-14 [PTadmin] Official Update 2022-01


4 16 6 1 0 6 0 0 5.6023 0 2 5.6023 1 2
4 16 4 1 2 5.6023 1 2 5.6023 0 2 4 0 2
4 16 4 1 2 4 0 2 2.5 0 2.5 2.5 1 2.5
4 16 2.5 1 2.5 2.5 0 2.5 2 0 4 2 1 4
4 16 2 1 4 2 0 4 2 0 5.6023 2 1 5.6023
4 16 2 0 5.6023 0 0 6 0 1 6 2 1 5.6023
4 16 0 1 6 0 0 6 -2 0 5.6023 -2 1 5.6023
4 16 -2 1 4 -2 1 5.6023 -2 0 5.6023 -2 0 4
4 16 -2 1 4 -2 0 4 -2.5 0 2.5 -2.5 1 2.5
4 16 -2.5 1 2.5 -2.5 0 2.5 -4 0 2 -4 1 2
4 16 -4 1 2 -4 0 2 -5.6023 0 2 -5.6023 1 2
4 16 -5.6023 1 2 -5.6023 0 2 -6 0 0 -6 1 0
4 16 -6 1 0 -6 0 0 -5.6023 0 -2 -5.6023 1 -2
4 16 -5.6023 1 -2 -5.6023 0 -2 -4 0 -2 -4 1 -2
4 16 -4 1 -2 -4 0 -2 -2.5 0 -2.5 -2.5 1 -2.5
4 16 -2.5 1 -2.5 -2.5 0 -2.5 -2 0 -4 -2 1 -4
4 16 -2 1 -4 -2 0 -4 -2 0 -5.6023 -2 1 -5.6023
4 16 -2 0 -5.6023 0 0 -6 0 1 -6 -2 1 -5.6023
4 16 0 1 -6 0 0 -6 2 0 -5.6023 2 1 -5.6023
4 16 2 1 -5.6023 2 0 -5.6023 2 0 -4 2 1 -4
4 16 2 1 -4 2 0 -4 2.5 0 -2.5 2.5 1 -2.5
4 16 2.5 1 -2.5 2.5 0 -2.5 4 0 -2 4 1 -2
4 16 4 1 -2 4 0 -2 5.6023 0 -2 5.6023 1 -2
4 16 5.6023 1 -2 5.6023 0 -2 6 0 0 6 1 0

2 24 5.6023 1 2 5.6023 0 2
2 24 2 1 5.6023 2 0 5.6023
2 24 -2 1 5.6023 -2 0 5.6023
2 24 -5.6023 1 2 -5.6023 0 2
2 24 -5.6023 1 -2 -5.6023 0 -2
2 24 -2 1 -5.6023 -2 0 -5.6023
2 24 2 1 -5.6023 2 0 -5.6023
2 24 5.6023 1 -2 5.6023 0 -2

5 24 6 1 0 6 0 0 5.6023 1 2 5.6023 1 -2
5 24 4 1 2 4 0 2 5.6023 1 2 2.5 1 2.5
5 24 2.5 1 2.5 2.5 0 2.5 2 1 4 4 1 2
5 24 2 1 4 2 0 4 2.5 1 2.5 2 1 5.6023
5 24 0 1 6 0 0 6 2 1 5.6023 -2 1 5.6023
5 24 -2 1 4 -2 0 4 -2 1 5.6023 -2.5 1 2.5
5 24 -2.5 1 2.5 -2.5 0 2.5 -2 1 4 -4 1 2
5 24 -4 1 2 -4 0 2 -2.5 1 2.5 -5.6023 1 2
5 24 -6 1 0 -6 0 0 -5.6023 1 2 -5.6023 1 -2
5 24 -4 1 -2 -4 0 -2 -5.6023 1 -2 -2.5 1 -2.5
5 24 -2.5 1 -2.5 -2.5 0 -2.5 -4 1 -2 -2 1 -4
5 24 -2 1 -4 -2 0 -4 -2.5 1 -2.5 -2 1 -5.6023
5 24 0 1 -6 0 0 -6 -2 1 -5.6023 2 1 -5.6023
5 24 2 1 -4 2 0 -4 2 1 -5.6023 2.5 1 -2.5
5 24 2.5 1 -2.5 2.5 0 -2.5 4 1 -2 2 1 -4
5 24 4 1 -2 4 0 -2 5.6023 1 -2 2.5 1 -2.5

0 FILE axl5ho10.dat
0 Technic Axle Hole Rounded Tooth Surface
0 Name: axl5ho10.dat
0 Author: Magnus Forsberg [MagFors]
0 !LDRAW_ORG Primitive UPDATE 2022-01
0 !LICENSE Licensed under CC BY 4.0 : see CAreadme.txt

0 BFC CERTIFY CCW

0 !HISTORY 2022-01-14 [PTadmin] Official Update 2022-01


1 16 0 0 0 5.54328 0 -2.2961 0 1 0 2.2961 0 5.54328 1-8chrd.dat
1 16 0 0 0 -2.2961 0 -5.54328 0 1 0 5.54328 0 -2.2961 1-8chrd.dat
1 16 0 0 0 -5.54328 0 2.2961 0 1 0 -2.2961 0 -5.54328 1-8chrd.dat
1 16 0 0 0 2.2961 0 5.54328 0 1 0 -5.54328 0 2.2961 1-8chrd.dat
3 16 5.5433 0 2.2961 2.2961 0 5.5433 2.5 0 2.5
4 16 2.5 0 2.5 4 0 2 5.6023 0 2 5.5433 0 2.2961
4 16 2 0 4 2.5 0 2.5 2.2961 0 5.5433 2 0 5.6023
3 16 -2.5 0 2.5 -2.2961 0 5.5433 -5.5433 0 2.2961
4 16 -2.5 0 2.5 -2 0 4 -2 0 5.6023 -2.2961 0 5.5433
4 16 -5.6023 0 2 -4 0 2 -2.5 0 2.5 -5.5433 0 2.2961
4 16 -4 0 -2 -5.6023 0 -2 -5.5433 0 -2.2961 -2.5 0 -2.5
3 16 -5.5433 0 -2.2961 -2.2961 0 -5.5433 -2.5 0 -2.5
4 16 -2.2961 0 -5.5433 -2 0 -5.6023 -2 0 -4 -2.5 0 -2.5
3 16 2.2961 0 -5.5433 5.5433 0 -2.2961 2.5 0 -2.5
4 16 2 0 -5.6023 2.2961 0 -5.5433 2.5 0 -2.5 2 0 -4
4 16 4 0 -2 2.5 0 -2.5 5.5433 0 -2.2961 5.6023 0 -2

0 FILE axl5hol9.dat
0 Technic Axle Hole Rounded Tooth Outer Edges
0 Name: axl5hol9.dat
0 Author: Magnus Forsberg [MagFors]
0 !LDRAW_ORG Primitive UPDATE 2022-01
0 !LICENSE Licensed under CC BY 4.0 : see CAreadme.txt

0 BFC CERTIFY CCW

0 !HISTORY 2022-01-14 [PTadmin] Official Update 2022-01


2 24 5.6023 0 2 4 0 2
2 24 4 0 2 2.5 0 2.5
2 24 2.5 0 2.5 2 0 4
2 24 2 0 4 2 0 5.6023
2 24 -2 0 5.6023 -2 0 4
2 24 -2 0 4 -2.5 0 2.5
2 24 -2.5 0 2.5 -4 0 2
2 24 -4 0 2 -5.6023 0 2
2 24 -5.6023 0 -2 -4 0 -2
2 24 -4 0 -2 -2.5 0 -2.5
2 24 -2.5 0 -2.5 -2 0 -4
2 24 -2 0 -4 -2 0 -5.6023
2 24 2 0 -5.6023 2 0 -4
2 24 2 0 -4 2.5 0 -2.5
2 24 2.5 0 -2.5 4 0 -2
2 24 4 0 -2 5.6023 0 -2

0 FILE stug10-2x2.dat
0 Stud Group Truncated Laterally Curved 40D for Round 2 x 2 Parts
0 Name: stug10-2x2.dat
0 Author: Magnus Forsberg [MagFors]
0 !LDRAW_ORG Primitive UPDATE 2020-01
0 !LICENSE Licensed under CC BY 4.0 : see CAreadme.txt

0 BFC CERTIFY CCW

0 !HISTORY 2019-06-28 [PTadmin] Official Update 2019-01
0 !HISTORY 2020-06-28 [PTadmin] Official Update 2020-01


0 // activate next lines to add logos on studs
0 // 1 16 10 -4 10 1 0 0 0 1 0 0 0 1 logo5.dat
0 // 1 16 -10 -4 10 1 0 0 0 1 0 0 0 1 logo5.dat
0 // 1 16 -10 -4 -10 1 0 0 0 1 0 0 0 1 logo5.dat
0 // 1 16 10 -4 -10 1 0 0 0 1 0 0 0 1 logo5.dat

1 16 10 0 10 1 0 0 0 1 0 0 0 1 stud10.dat
1 16 -10 0 10 0 0 -1 0 1 0 1 0 0 stud10.dat
1 16 10 0 -10 0 0 1 0 1 0 -1 0 0 stud10.dat
1 16 -10 0 -10 -1 0 0 0 1 0 0 0 -1 stud10.dat

0 FILE parts/s/3811s01.dat
0 ~Baseplate 32 x 32 without Top Surface
0 Name: s\3811s01.dat
0 Author: Mark Kennedy [mkennedy]
0 !LDRAW_ORG Subpart UPDATE 2025-09
0 !LICENSE Licensed under CC BY 4.0 : see CAreadme.txt

0 BFC CERTIFY CCW

0 !HISTORY 2004-04-22 [PTadmin] Official Update 2004-02
0 !HISTORY 2007-08-31 [PTadmin] Header formatted for Contributor Agreement
0 !HISTORY 2008-07-01 [PTadmin] Official Update 2008-01
0 !HISTORY 2025-09-27 [OrionP] Changed winding to CCW
0 !HISTORY 2025-09-29 [OrionP] Official Update 2025-09

1 16 0 2 320 316 0 0 0 0 2 0 -1 0 rect2p.dat
1 16 320 2 0 0 -1 0 0 0 2 316 0 0 rect2p.dat
1 16 0 2 -320 316 0 0 0 0 2 0 1 0 rect2p.dat
1 16 -320 2 0 0 1 0 0 0 2 316 0 0 rect2p.dat
1 16 316 4 316 4 0 0 0 1 0 0 0 4 1-4edge.dat
1 16 -316 4 316 -4 0 0 0 1 0 0 0 4 1-4edge.dat
1 16 -316 4 -316 -4 0 0 0 1 0 0 0 -4 1-4edge.dat
1 16 316 4 -316 4 0 0 0 1 0 0 0 -4 1-4edge.dat
1 16 316 0 316 4 0 0 0 1 0 0 0 4 1-4edge.dat
1 16 -316 0 316 -4 0 0 0 1 0 0 0 4 1-4edge.dat
1 16 -316 0 -316 -4 0 0 0 1 0 0 0 -4 1-4edge.dat
1 16 316 0 -316 4 0 0 0 1 0 0 0 -4 1-4edge.dat
1 16 316 4 316 4 0 0 0 -1 0 0 0 4 1-4disc.dat
1 16 -316 4 316 -4 0 0 0 -1 0 0 0 4 1-4disc.dat
1 16 -316 4 -316 -4 0 0 0 -1 0 0 0 -4 1-4disc.dat
1 16 316 4 -316 4 0 0 0 -1 0 0 0 -4 1-4disc.dat
4 16 -316 4 316 -316 4 320 316 4 320 316 4 316
4 16 316 4 -316 316 4 -320 -316 4 -320 -316 4 -316
4 16 320 4 -316 -320 4 -316 -320 4 316 320 4 316
1 16 316 0 316 4 0 0 0 4 0 0 0 4 1-4cyli.dat
1 16 -316 0 316 -4 0 0 0 4 0 0 0 4 1-4cyli.dat
1 16 -316 0 -316 -4 0 0 0 4 0 0 0 -4 1-4cyli.dat
1 16 316 0 -316 4 0 0 0 4 0 0 0 -4 1-4cyli.dat
0

0 FILE 1-4edge.dat
0 Circle 0.25
0 Name: 1-4edge.dat
0 Author: James Jessiman
0 !LDRAW_ORG Primitive UPDATE 2017-01
0 !LICENSE Licensed under CC BY 4.0 : see CAreadme.txt

0 BFC CERTIFY CCW

0 !HISTORY 2007-06-22 [PTadmin] Header formatted for Contributor Agreement
0 !HISTORY 2008-07-01 [PTadmin] Official Update 2008-01
0 !HISTORY 2017-01-15 [Steffen] BFCed
0 !HISTORY 2017-12-30 [PTadmin] Official Update 2017-01


2 24 1 0 0 0.9239 0 0.3827
2 24 0.9239 0 0.3827 0.7071 0 0.7071
2 24 0.7071 0 0.7071 0.3827 0 0.9239
2 24 0.3827 0 0.9239 0 0 1

0 FILE p/48/1-8edge.dat
0 Hi-Res Circle 0.125
0 Name: 48\1-8edge.dat
0 Author: [PTadmin]
0 !LDRAW_ORG 48_Primitive UPDATE 2017-01
0 !LICENSE Licensed under CC BY 4.0 : see CAreadme.txt

0 BFC CERTIFY CCW

0 !HISTORY 2000-09-30 [PTadmin] Official Update 2000-02
0 !HISTORY 2007-10-13 [PTadmin] Header formatted for Contributor Agreement
0 !HISTORY 2008-07-01 [PTadmin] Official Update 2008-01
0 !HISTORY 2017-01-17 [Steffen] added BFC CERTIFY statement
0 !HISTORY 2017-12-30 [PTadmin] Official Update 2017-01


2 24 1 0 0 0.9914 0 0.1305
2 24 0.9914 0 0.1305 0.9659 0 0.2588
2 24 0.9659 0 0.2588 0.9239 0 0.3827
2 24 0.9239 0 0.3827 0.866 0 0.5
2 24 0.866 0 0.5 0.7934 0 0.6088
2 24 0.7934 0 0.6088 0.7071 0 0.7071

0 FILE 3-8edge.dat
0 Circle 0.375
0 Name: 3-8edge.dat
0 Author: James Jessiman
0 !LDRAW_ORG Primitive UPDATE 2017-01
0 !LICENSE Licensed under CC BY 4.0 : see CAreadme.txt

0 BFC CERTIFY CCW

0 !HISTORY 2007-06-24 [PTadmin] Header formatted for Contributor Agreement
0 !HISTORY 2008-07-01 [PTadmin] Official Update 2008-01
0 !HISTORY 2017-01-15 [Steffen] BFCed
0 !HISTORY 2017-12-30 [PTadmin] Official Update 2017-01


2 24 1 0 0 0.9239 0 0.3827
2 24 0.9239 0 0.3827 0.7071 0 0.7071
2 24 0.7071 0 0.7071 0.3827 0 0.9239
2 24 0.3827 0 0.9239 0 0 1
2 24 0 0 1 -0.3827 0 0.9239
2 24 -0.3827 0 0.9239 -0.7071 0 0.7071

0 FILE p/48/1-4edge.dat
0 Hi-Res Circle 0.25
0 Name: 48\1-4edge.dat
0 Author: Magnus Forsberg [MagFors]
0 !LDRAW_ORG 48_Primitive UPDATE 2024-01
0 !LICENSE Licensed under CC BY 4.0 : see CAreadme.txt

0 BFC CERTIFY CCW

0 !HISTORY 1999-07-05 [PTadmin] Official Update 1999-05
0 !HISTORY 2007-06-24 [PTadmin] Header formatted for Contributor Agreement
0 !HISTORY 2008-07-01 [PTadmin] Official Update 2008-01
0 !HISTORY 2010-03-17 [MagFors] Updated description
0 !HISTORY 2010-05-21 [mikeheide] BFC'ed and compacted numbers (saved 10% filesize)
0 !HISTORY 2010-07-05 [PTadmin] Official Update 2010-02
0 !HISTORY 2024-01-02 [MagFors] Complete regeneration, original by Manfred Moolhuysen
0 !HISTORY 2024-01-29 [OrionP] Official Update 2024-01

2 24 1 0 0 0.9914 0 0.1305
2 24 0.9914 0 0.1305 0.9659 0 0.2588
2 24 0.9659 0 0.2588 0.9239 0 0.3827
2 24 0.9239 0 0.3827 0.866 0 0.5
2 24 0.866 0 0.5 0.7934 0 0.6088
2 24 0.7934 0 0.6088 0.7071 0 0.7071
2 24 0.7071 0 0.7071 0.6088 0 0.7934
2 24 0.6088 0 0.7934 0.5 0 0.866
2 24 0.5 0 0.866 0.3827 0 0.9239
2 24 0.3827 0 0.9239 0.2588 0 0.9659
2 24 0.2588 0 0.9659 0.1305 0 0.9914
2 24 0.1305 0 0.9914 0 0 1
0 // Build by LDPartEditor (PrimGen 2.X)

0 FILE p/48/3-16edge.dat
0 Hi-Res Circle 0.1875
0 Name: 48\3-16edge.dat
0 Author: Willy Tschager [Holly-Wood]
0 !LDRAW_ORG 48_Primitive UPDATE 2024-01
0 !LICENSE Licensed under CC BY 4.0 : see CAreadme.txt

0 BFC CERTIFY CCW

0 !HISTORY 2004-04-22 [PTadmin] Official Update 2004-02
0 !HISTORY 2007-06-24 [PTadmin] Header formatted for Contributor Agreement
0 !HISTORY 2008-07-01 [PTadmin] Official Update 2008-01
0 !HISTORY 2017-01-17 [Steffen] added BFC CERTIFY statement
0 !HISTORY 2017-12-30 [PTadmin] Official Update 2017-01
0 !HISTORY 2024-01-17 [Holly-Wood] Complete regeneration, original by bbroich
0 !HISTORY 2024-01-29 [OrionP] Official Update 2024-01

2 24 1 0 0 0.9914 0 0.1305
2 24 0.9914 0 0.1305 0.9659 0 0.2588
2 24 0.9659 0 0.2588 0.9239 0 0.3827
2 24 0.9239 0 0.3827 0.866 0 0.5
2 24 0.866 0 0.5 0.7934 0 0.6088
2 24 0.7934 0 0.6088 0.7071 0 0.7071
2 24 0.7071 0 0.7071 0.6088 0 0.7934
2 24 0.6088 0 0.7934 0.5 0 0.866
2 24 0.5 0 0.866 0.3827 0 0.9239
0 // Build by LDPartEditor (PrimGen 2.X)

0 FILE p/48/1-4ndis.dat
0 Hi-Res Disc Negative 0.25
0 Name: 48\1-4ndis.dat
0 Author: Franklin W. Cain [fwcain]
0 !LDRAW_ORG 48_Primitive UPDATE 2011-01
0 !LICENSE Licensed under CC BY 4.0 : see CAreadme.txt

0 BFC CERTIFY CCW

0 !HISTORY 2000-09-30 [PTadmin] Official Update 2000-02
0 !HISTORY 2002-02-28 [hafhead] Added BFC statement
0 !HISTORY 2002-06-11 [PTadmin] Official Update 2002-03
0 !HISTORY 2007-06-24 [PTadmin] Header formatted for Contributor Agreement
0 !HISTORY 2008-07-01 [PTadmin] Official Update 2008-01
0 !HISTORY 2011-07-02 [mikeheide] Corrected description, made BFC CCW
0 !HISTORY 2011-07-25 [PTadmin] Official Update 2011-01


3 16 0.9914 0 0.1305 1 0 0 1 0 1
3 16 0.9659 0 0.2588 0.9914 0 0.1305 1 0 1
3 16 0.9239 0 0.3827 0.9659 0 0.2588 1 0 1
3 16 0.866 0 0.5 0.9239 0 0.3827 1 0 1
3 16 0.7934 0 0.6088 0.866 0 0.5 1 0 1
3 16 0.7071 0 0.7071 0.7934 0 0.6088 1 0 1
3 16 0.6088 0 0.7934 0.7071 0 0.7071 1 0 1
3 16 0.5 0 0.866 0.6088 0 0.7934 1 0 1
3 16 0.3827 0 0.9239 0.5 0 0.866 1 0 1
3 16 0.2588 0 0.9659 0.3827 0 0.9239 1 0 1
3 16 0.1305 0 0.9914 0.2588 0 0.9659 1 0 1
3 16 0 0 1 0.1305 0 0.9914 1 0 1

0 FILE 1-8disc.dat
0 Disc 0.125
0 Name: 1-8disc.dat
0 Author: James Jessiman
0 !LDRAW_ORG Primitive UPDATE 2002-02
0 !LICENSE Licensed under CC BY 4.0 : see CAreadme.txt

0 BFC CERTIFY CCW

0 !HISTORY 1998-12-15 [PTadmin] Official Update 1998-10
0 !HISTORY 2002-03-23 [sbliss] Added BFC statement; merged headers from files in LDraw 0.27 and Complete.exe distributions.
0 !HISTORY 2002-04-25 [PTadmin] Official Update 2002-02
0 !HISTORY 2007-06-22 [PTadmin] Header formatted for Contributor Agreement
0 !HISTORY 2008-07-01 [PTadmin] Official Update 2008-01


3 16 0 0 0 1 0 0 0.9239 0 0.3827
3 16 0 0 0 0.9239 0 0.3827 0.7071 0 0.7071
0

0 FILE p/48/1-4disc.dat
0 Hi-Res Disc 0.25
0 Name: 48\1-4disc.dat
0 Author: Willy Tschager [Holly-Wood]
0 !LDRAW_ORG 48_Primitive UPDATE 2024-01
0 !LICENSE Licensed under CC BY 4.0 : see CAreadme.txt

0 BFC CERTIFY CCW

0 !HISTORY 1999-07-05 [PTadmin] Official Update 1999-05
0 !HISTORY 2002-04-09 [hafhead] Added BFC statement
0 !HISTORY 2002-04-25 [PTadmin] Official Update 2002-02
0 !HISTORY 2007-06-24 [PTadmin] Header formatted for Contributor Agreement
0 !HISTORY 2008-07-01 [PTadmin] Official Update 2008-01
0 !HISTORY 2024-01-10 [Holly-Wood] Complete regeneration, original by Manfred Moolhuysen
0 !HISTORY 2024-01-29 [OrionP] Official Update 2024-01

3 16 0 0 0 1 0 0 0.9914 0 0.1305
3 16 0 0 0 0.9914 0 0.1305 0.9659 0 0.2588
3 16 0 0 0 0.9659 0 0.2588 0.9239 0 0.3827
3 16 0 0 0 0.9239 0 0.3827 0.866 0 0.5
3 16 0 0 0 0.866 0 0.5 0.7934 0 0.6088
3 16 0 0 0 0.7934 0 0.6088 0.7071 0 0.7071
3 16 0 0 0 0.7071 0 0.7071 0.6088 0 0.7934
3 16 0 0 0 0.6088 0 0.7934 0.5 0 0.866
3 16 0 0 0 0.5 0 0.866 0.3827 0 0.9239
3 16 0 0 0 0.3827 0 0.9239 0.2588 0 0.9659
3 16 0 0 0 0.2588 0 0.9659 0.1305 0 0.9914
3 16 0 0 0 0.1305 0 0.9914 0 0 1
0 // Build by LDPartEditor (PrimGen 2.X)

0 FILE p/48/3-16ndis.dat
0 Hi-Res Disc Negative 0.1875
0 Name: 48\3-16ndis.dat
0 Author: Willy Tschager [Holly-Wood]
0 !LDRAW_ORG 48_Primitive UPDATE 2024-01
0 !LICENSE Licensed under CC BY 4.0 : see CAreadme.txt

0 BFC CERTIFY CCW

0 !HISTORY 2004-04-22 [PTadmin] Official Update 2004-02
0 !HISTORY 2007-06-24 [PTadmin] Header formatted for Contributor Agreement
0 !HISTORY 2008-07-01 [PTadmin] Official Update 2008-01
0 !HISTORY 2012-02-27 [Philo] Changed to CCW
0 !HISTORY 2012-08-09 [PTadmin] Official Update 2012-02
0 !HISTORY 2024-01-20 [Holly-Wood] Complete regeneration, original by bbroich
0 !HISTORY 2024-01-29 [OrionP] Official Update 2024-01

3 16 1 0 1 0.9914 0 0.1305 1 0 0
3 16 1 0 1 0.9659 0 0.2588 0.9914 0 0.1305
3 16 1 0 1 0.9239 0 0.3827 0.9659 0 0.2588
3 16 1 0 1 0.866 0 0.5 0.9239 0 0.3827
3 16 1 0 1 0.7934 0 0.6088 0.866 0 0.5
3 16 1 0 1 0.7071 0 0.7071 0.7934 0 0.6088
3 16 1 0 1 0.6088 0 0.7934 0.7071 0 0.7071
3 16 1 0 1 0.5 0 0.866 0.6088 0 0.7934
3 16 1 0 1 0.3827 0 0.9239 0.5 0 0.866
0 // Build by LDPartEditor (PrimGen 2.X)

0 FILE p/48/1-4ring3.dat
0 Hi-Res Ring  3 x 0.25
0 Name: 48\1-4ring3.dat
0 Author: Willy Tschager [Holly-Wood]
0 !LDRAW_ORG 48_Primitive UPDATE 2024-01
0 !LICENSE Licensed under CC BY 4.0 : see CAreadme.txt

0 BFC CERTIFY CCW

0 !HISTORY 2000-05-07 [PTadmin] Official Update 2000-01
0 !HISTORY 2003-12-19 [PTadmin] Official Update 2003-03
0 !HISTORY 2007-06-24 [PTadmin] Header formatted for Contributor Agreement
0 !HISTORY 2008-07-01 [PTadmin] Official Update 2008-01
0 !HISTORY 2012-02-27 [Philo] Changed to CCW
0 !HISTORY 2012-08-09 [PTadmin] Official Update 2012-02
0 !HISTORY 2024-01-06 [Holly-Wood] Complete regeneration, original by bbroich
0 !HISTORY 2024-01-29 [OrionP] Official Update 2024-01

4 16 4 0 0 3.9656 0 0.522 2.9742 0 0.3915 3 0 0
4 16 3.9656 0 0.522 3.8636 0 1.0352 2.8977 0 0.7764 2.9742 0 0.3915
4 16 3.8636 0 1.0352 3.6956 0 1.5308 2.7717 0 1.1481 2.8977 0 0.7764
4 16 3.6956 0 1.5308 3.464 0 2 2.598 0 1.5 2.7717 0 1.1481
4 16 3.464 0 2 3.1736 0 2.4352 2.3802 0 1.8264 2.598 0 1.5
4 16 3.1736 0 2.4352 2.8284 0 2.8284 2.1213 0 2.1213 2.3802 0 1.8264
4 16 2.8284 0 2.8284 2.4352 0 3.1736 1.8264 0 2.3802 2.1213 0 2.1213
4 16 2.4352 0 3.1736 2 0 3.464 1.5 0 2.598 1.8264 0 2.3802
4 16 2 0 3.464 1.5308 0 3.6956 1.1481 0 2.7717 1.5 0 2.598
4 16 1.5308 0 3.6956 1.0352 0 3.8636 0.7764 0 2.8977 1.1481 0 2.7717
4 16 1.0352 0 3.8636 0.522 0 3.9656 0.3915 0 2.9742 0.7764 0 2.8977
4 16 0.522 0 3.9656 0 0 4 0 0 3 0.3915 0 2.9742
0 // Build by LDPartEditor (PrimGen 2.X)

0 FILE 1-4ndis.dat
0 Disc Negative 0.25
0 Name: 1-4ndis.dat
0 Author: James Jessiman
0 !LDRAW_ORG Primitive UPDATE 2012-01
0 !LICENSE Licensed under CC BY 4.0 : see CAreadme.txt

0 BFC CERTIFY CCW

0 !HISTORY 2002-03-23 [sbliss] Added BFC Statement
0 !HISTORY 2002-04-25 [PTadmin] Official Update 2002-02
0 !HISTORY 2007-06-22 [PTadmin] Header formatted for Contributor Agreement
0 !HISTORY 2008-07-01 [PTadmin] Official Update 2008-01
0 !HISTORY 2012-02-16 [Philo] Changed to CCW
0 !HISTORY 2012-03-30 [PTadmin] Official Update 2012-01


3 16 0.9239 0 0.3827 1 0 0 1 0 1
3 16 0.7071 0 0.7071 0.9239 0 0.3827 1 0 1
3 16 0.3827 0 0.9239 0.7071 0 0.7071 1 0 1
3 16 0 0 1 0.3827 0 0.9239 1 0 1

0 FILE p/48/1-8disc.dat
0 Hi-Res Disc 0.125
0 Name: 48\1-8disc.dat
0 Author: Steve Bliss [sbliss]
0 !LDRAW_ORG 48_Primitive UPDATE 2004-01
0 !LICENSE Licensed under CC BY 4.0 : see CAreadme.txt

0 BFC CERTIFY CCW

0 !HISTORY 2000-05-07 [PTadmin] Official Update 2000-01
0 !HISTORY 2003-05-25 [bbroich] Corrected title and added BFC
0 !HISTORY 2004-03-02 [PTadmin] Official Update 2004-01
0 !HISTORY 2007-06-24 [PTadmin] Header formatted for Contributor Agreement
0 !HISTORY 2008-07-01 [PTadmin] Official Update 2008-01


4 16 0 0 0 1 0 0 0.9914 0 0.1305 0.9659 0 0.2588
4 16 0 0 0 0.9659 0 0.2588 0.9239 0 0.3827 0.8660 0 0.5000
4 16 0 0 0 0.8660 0 0.5000 0.7934 0 0.6088 0.7071 0 0.7071
0

0 FILE p/48/1-4ring7.dat
0 Hi-Res Ring  7 x 0.25
0 Name: 48\1-4ring7.dat
0 Author: Steve Bliss [sbliss]
0 !LDRAW_ORG 48_Primitive UPDATE 2012-02
0 !LICENSE Licensed under CC BY 4.0 : see CAreadme.txt

0 BFC CERTIFY CCW

0 !HISTORY 2003-03-12 [PTadmin] Official Update 2003-01
0 !HISTORY 2007-06-24 [PTadmin] Header formatted for Contributor Agreement
0 !HISTORY 2008-07-01 [PTadmin] Official Update 2008-01
0 !HISTORY 2012-02-27 [Philo] Changed to CCW
0 !HISTORY 2012-08-09 [PTadmin] Official Update 2012-02


4 16 8 0 0 7.9312 0 1.044 6.9398 0 0.9135 7 0 0
4 16 7.9312 0 1.044 7.7272 0 2.0704 6.7613 0 1.8116 6.9398 0 0.9135
4 16 7.7272 0 2.0704 7.3912 0 3.0616 6.4673 0 2.6789 6.7613 0 1.8116
4 16 7.3912 0 3.0616 6.928 0 4 6.062 0 3.5 6.4673 0 2.6789
4 16 6.928 0 4 6.3472 0 4.8704 5.5538 0 4.2616 6.062 0 3.5
4 16 6.3472 0 4.8704 5.6568 0 5.6568 4.9497 0 4.9497 5.5538 0 4.2616
4 16 5.6568 0 5.6568 4.8704 0 6.3472 4.2616 0 5.5538 4.9497 0 4.9497
4 16 4.8704 0 6.3472 4 0 6.928 3.5 0 6.062 4.2616 0 5.5538
4 16 4 0 6.928 3.0616 0 7.3912 2.6789 0 6.4673 3.5 0 6.062
4 16 3.0616 0 7.3912 2.0704 0 7.7272 1.8116 0 6.7613 2.6789 0 6.4673
4 16 2.0704 0 7.7272 1.044 0 7.9312 0.9135 0 6.9398 1.8116 0 6.7613
4 16 1.044 0 7.9312 0 0 8 0 0 7 0.9135 0 6.9398

0 FILE stug-12x1.dat
0 Stud Group 12 x  1
0 Name: stug-12x1.dat
0 Author: Steffen [Steffen]
0 !LDRAW_ORG Primitive UPDATE 2011-01
0 !LICENSE Licensed under CC BY 4.0 : see CAreadme.txt

0 BFC CERTIFY CCW

0 !HISTORY 2011-07-25 [PTadmin] Official Update 2011-01


1 16 0 0 110 1 0 0 0 1 0 0 0 1 stud.dat
1 16 0 0 90 1 0 0 0 1 0 0 0 1 stud.dat
1 16 0 0 70 1 0 0 0 1 0 0 0 1 stud.dat
1 16 0 0 50 1 0 0 0 1 0 0 0 1 stud.dat
1 16 0 0 30 1 0 0 0 1 0 0 0 1 stud.dat
1 16 0 0 10 1 0 0 0 1 0 0 0 1 stud.dat
1 16 0 0 -10 1 0 0 0 1 0 0 0 1 stud.dat
1 16 0 0 -30 1 0 0 0 1 0 0 0 1 stud.dat
1 16 0 0 -50 1 0 0 0 1 0 0 0 1 stud.dat
1 16 0 0 -70 1 0 0 0 1 0 0 0 1 stud.dat
1 16 0 0 -90 1 0 0 0 1 0 0 0 1 stud.dat
1 16 0 0 -110 1 0 0 0 1 0 0 0 1 stud.dat

0 FILE stug-3x3.dat
0 Stud Group  3 x  3
0 Name: stug-3x3.dat
0 Author: Steve Bliss [sbliss]
0 !LDRAW_ORG Primitive UPDATE 2011-01
0 !LICENSE Licensed under CC BY 4.0 : see CAreadme.txt

0 BFC CERTIFY CCW

0 !HISTORY 2005-12-28 [PTadmin] Official Update 2005-01
0 !HISTORY 2007-05-04 [PTadmin] Header formatted for Contributor Agreement
0 !HISTORY 2008-07-01 [PTadmin] Official Update 2008-01
0 !HISTORY 2011-07-01 [PTadmin] Renamed from stug3
0 !HISTORY 2011-07-25 [PTadmin] Official Update 2011-01


1 16 -20 0 -20 1 0 0 0 1 0 0 0 1 stud.dat
1 16 -20 0 0 1 0 0 0 1 0 0 0 1 stud.dat
1 16 -20 0 20 1 0 0 0 1 0 0 0 1 stud.dat
1 16 0 0 -20 1 0 0 0 1 0 0 0 1 stud.dat
1 16 0 0 0 1 0 0 0 1 0 0 0 1 stud.dat
1 16 0 0 20 1 0 0 0 1 0 0 0 1 stud.dat
1 16 20 0 -20 1 0 0 0 1 0 0 0 1 stud.dat
1 16 20 0 0 1 0 0 0 1 0 0 0 1 stud.dat
1 16 20 0 20 1 0 0 0 1 0 0 0 1 stud.dat
0

0 FILE stug-1x12.dat
0 Stud Group  1 x 12
0 Name: stug-1x12.dat
0 Author: Steffen [Steffen]
0 !LDRAW_ORG Primitive UPDATE 2011-01
0 !LICENSE Licensed under CC BY 4.0 : see CAreadme.txt

0 BFC CERTIFY CCW

0 !HISTORY 2011-07-25 [PTadmin] Official Update 2011-01


1 16 -110 0 0 1 0 0 0 1 0 0 0 1 stud.dat
1 16 -90 0 0 1 0 0 0 1 0 0 0 1 stud.dat
1 16 -70 0 0 1 0 0 0 1 0 0 0 1 stud.dat
1 16 -50 0 0 1 0 0 0 1 0 0 0 1 stud.dat
1 16 -30 0 0 1 0 0 0 1 0 0 0 1 stud.dat
1 16 -10 0 0 1 0 0 0 1 0 0 0 1 stud.dat
1 16 10 0 0 1 0 0 0 1 0 0 0 1 stud.dat
1 16 30 0 0 1 0 0 0 1 0 0 0 1 stud.dat
1 16 50 0 0 1 0 0 0 1 0 0 0 1 stud.dat
1 16 70 0 0 1 0 0 0 1 0 0 0 1 stud.dat
1 16 90 0 0 1 0 0 0 1 0 0 0 1 stud.dat
1 16 110 0 0 1 0 0 0 1 0 0 0 1 stud.dat

0 FILE stug-1x6.dat
0 Stud Group  1 x  6
0 Name: stug-1x6.dat
0 Author: Steffen [Steffen]
0 !LDRAW_ORG Primitive UPDATE 2011-01
0 !LICENSE Licensed under CC BY 4.0 : see CAreadme.txt

0 BFC CERTIFY CCW

0 !HISTORY 2011-07-25 [PTadmin] Official Update 2011-01


1 16 -50 0 0 1 0 0 0 1 0 0 0 1 stud.dat
1 16 -30 0 0 1 0 0 0 1 0 0 0 1 stud.dat
1 16 -10 0 0 1 0 0 0 1 0 0 0 1 stud.dat
1 16 10 0 0 1 0 0 0 1 0 0 0 1 stud.dat
1 16 30 0 0 1 0 0 0 1 0 0 0 1 stud.dat
1 16 50 0 0 1 0 0 0 1 0 0 0 1 stud.dat

0 FILE stug-1x4.dat
0 Stud Group  1 x  4
0 Name: stug-1x4.dat
0 Author: Steffen [Steffen]
0 !LDRAW_ORG Primitive UPDATE 2011-01
0 !LICENSE Licensed under CC BY 4.0 : see CAreadme.txt

0 BFC CERTIFY CCW

0 !HISTORY 2011-07-25 [PTadmin] Official Update 2011-01


1 16 -30 0 0 1 0 0 0 1 0 0 0 1 stud.dat
1 16 -10 0 0 1 0 0 0 1 0 0 0 1 stud.dat
1 16 10 0 0 1 0 0 0 1 0 0 0 1 stud.dat
1 16 30 0 0 1 0 0 0 1 0 0 0 1 stud.dat

0 FILE stug-4x1.dat
0 Stud Group  4 x  1
0 Name: stug-4x1.dat
0 Author: Magnus Forsberg [MagFors]
0 !LDRAW_ORG Primitive UPDATE 2011-02
0 !LICENSE Licensed under CC BY 4.0 : see CAreadme.txt

0 BFC CERTIFY CCW

0 !HISTORY 2011-12-29 [PTadmin] Official Update 2011-02


1 16 0 0 30 1 0 0 0 1 0 0 0 1 stud.dat
1 16 0 0 10 1 0 0 0 1 0 0 0 1 stud.dat
1 16 0 0 -10 1 0 0 0 1 0 0 0 1 stud.dat
1 16 0 0 -30 1 0 0 0 1 0 0 0 1 stud.dat

0 FILE stug-5x1.dat
0 Stud Group  5 x  1
0 Name: stug-5x1.dat
0 Author: Magnus Forsberg [MagFors]
0 !LDRAW_ORG Primitive UPDATE 2011-01
0 !LICENSE Licensed under CC BY 4.0 : see CAreadme.txt

0 BFC CERTIFY CCW

0 !HISTORY 2011-07-25 [PTadmin] Official Update 2011-01


1 16 0 0 40 1 0 0 0 1 0 0 0 1 stud.dat
1 16 0 0 20 1 0 0 0 1 0 0 0 1 stud.dat
1 16 0 0 0 1 0 0 0 1 0 0 0 1 stud.dat
1 16 0 0 -20 1 0 0 0 1 0 0 0 1 stud.dat
1 16 0 0 -40 1 0 0 0 1 0 0 0 1 stud.dat

0 FILE stug-6x6.dat
0 Stud Group  6 x  6
0 Name: stug-6x6.dat
0 Author: Tore Eriksson [Tore_Eriksson]
0 !LDRAW_ORG Primitive UPDATE 2011-01
0 !LICENSE Licensed under CC BY 4.0 : see CAreadme.txt

0 BFC CERTIFY CCW

0 !HISTORY 2005-12-28 [PTadmin] Official Update 2005-01
0 !HISTORY 2007-05-04 [PTadmin] Header formatted for Contributor Agreement
0 !HISTORY 2008-07-01 [PTadmin] Official Update 2008-01
0 !HISTORY 2011-07-01 [PTadmin] Renamed from stug6
0 !HISTORY 2011-07-25 [PTadmin] Official Update 2011-01


1 16 -30 0 -30 1 0 0 0 1 0 0 0 1 stug-3x3.dat
1 16 -30 0 30 1 0 0 0 1 0 0 0 1 stug-3x3.dat
1 16 30 0 30 1 0 0 0 1 0 0 0 1 stug-3x3.dat
1 16 30 0 -30 1 0 0 0 1 0 0 0 1 stug-3x3.dat
0

0 FILE stug-6x1.dat
0 Stud Group  6 x  1
0 Name: stug-6x1.dat
0 Author: Magnus Forsberg [MagFors]
0 !LDRAW_ORG Primitive UPDATE 2011-01
0 !LICENSE Licensed under CC BY 4.0 : see CAreadme.txt

0 BFC CERTIFY CCW

0 !HISTORY 2011-07-25 [PTadmin] Official Update 2011-01


1 16 0 0 50 1 0 0 0 1 0 0 0 1 stud.dat
1 16 0 0 30 1 0 0 0 1 0 0 0 1 stud.dat
1 16 0 0 10 1 0 0 0 1 0 0 0 1 stud.dat
1 16 0 0 -10 1 0 0 0 1 0 0 0 1 stud.dat
1 16 0 0 -30 1 0 0 0 1 0 0 0 1 stud.dat
1 16 0 0 -50 1 0 0 0 1 0 0 0 1 stud.dat

0 FILE stug-2x2.dat
0 Stud Group  2 x  2
0 Name: stug-2x2.dat
0 Author: Steffen [Steffen]
0 !LDRAW_ORG Primitive UPDATE 2012-01
0 !LICENSE Licensed under CC BY 4.0 : see CAreadme.txt

0 BFC CERTIFY CCW

0 !HISTORY 2005-12-28 [PTadmin] Official Update 2005-01
0 !HISTORY 2007-05-04 [PTadmin] Header formatted for Contributor Agreement
0 !HISTORY 2008-07-01 [PTadmin] Official Update 2008-01
0 !HISTORY 2011-07-01 [PTadmin] Renamed from stug2
0 !HISTORY 2011-07-25 [PTadmin] Official Update 2011-01
0 !HISTORY 2012-02-16 [Philo] Changed to CCW
0 !HISTORY 2012-03-30 [PTadmin] Official Update 2012-01


1 16 -10 0 -10 1 0 0 0 1 0 0 0 1 stud.dat
1 16 10 0 -10 1 0 0 0 1 0 0 0 1 stud.dat
1 16 -10 0 10 1 0 0 0 1 0 0 0 1 stud.dat
1 16 10 0 10 1 0 0 0 1 0 0 0 1 stud.dat

0 FILE stug-1x2.dat
0 Stud Group  1 x  2
0 Name: stug-1x2.dat
0 Author: Steffen [Steffen]
0 !LDRAW_ORG Primitive UPDATE 2011-01
0 !LICENSE Licensed under CC BY 4.0 : see CAreadme.txt

0 BFC CERTIFY CCW

0 !HISTORY 2011-07-25 [PTadmin] Official Update 2011-01


1 16 -10 0 0 1 0 0 0 1 0 0 0 1 stud.dat
1 16 10 0 0 1 0 0 0 1 0 0 0 1 stud.dat

0 FILE stug-10x1.dat
0 Stud Group 10 x  1
0 Name: stug-10x1.dat
0 Author: Steffen [Steffen]
0 !LDRAW_ORG Primitive UPDATE 2011-01
0 !LICENSE Licensed under CC BY 4.0 : see CAreadme.txt

0 BFC CERTIFY CCW

0 !HISTORY 2011-07-25 [PTadmin] Official Update 2011-01


1 16 0 0 90 1 0 0 0 1 0 0 0 1 stud.dat
1 16 0 0 70 1 0 0 0 1 0 0 0 1 stud.dat
1 16 0 0 50 1 0 0 0 1 0 0 0 1 stud.dat
1 16 0 0 30 1 0 0 0 1 0 0 0 1 stud.dat
1 16 0 0 10 1 0 0 0 1 0 0 0 1 stud.dat
1 16 0 0 -10 1 0 0 0 1 0 0 0 1 stud.dat
1 16 0 0 -30 1 0 0 0 1 0 0 0 1 stud.dat
1 16 0 0 -50 1 0 0 0 1 0 0 0 1 stud.dat
1 16 0 0 -70 1 0 0 0 1 0 0 0 1 stud.dat
1 16 0 0 -90 1 0 0 0 1 0 0 0 1 stud.dat

0 FILE stug-5x5.dat
0 Stud Group  5 x  5
0 Name: stug-5x5.dat
0 Author: Michael Heidemann [mikeheide]
0 !LDRAW_ORG Primitive UPDATE 2011-01
0 !LICENSE Licensed under CC BY 4.0 : see CAreadme.txt

0 BFC CERTIFY CCW

0 !HISTORY 2009-05-02 [PTadmin] Official Update 2009-01
0 !HISTORY 2011-07-01 [PTadmin] Renamed from stug5
0 !HISTORY 2011-07-25 [PTadmin] Official Update 2011-01


1 16 -10 0 -10 1 0 0 0 1 0 0 0 1 stug-4x4.dat
1 16 -40 0 40 1 0 0 0 1 0 0 0 1 stud.dat
1 16 -20 0 40 1 0 0 0 1 0 0 0 1 stud.dat
1 16 0 0 40 1 0 0 0 1 0 0 0 1 stud.dat
1 16 20 0 40 1 0 0 0 1 0 0 0 1 stud.dat
1 16 40 0 -40 1 0 0 0 1 0 0 0 1 stud.dat
1 16 40 0 -20 1 0 0 0 1 0 0 0 1 stud.dat
1 16 40 0 0 1 0 0 0 1 0 0 0 1 stud.dat
1 16 40 0 20 1 0 0 0 1 0 0 0 1 stud.dat
1 16 40 0 40 1 0 0 0 1 0 0 0 1 stud.dat
0

0 FILE stug-1x11.dat
0 Stud Group  1 x 11
0 Name: stug-1x11.dat
0 Author: Steffen [Steffen]
0 !LDRAW_ORG Primitive UPDATE 2011-01
0 !LICENSE Licensed under CC BY 4.0 : see CAreadme.txt

0 BFC CERTIFY CCW

0 !HISTORY 2011-07-25 [PTadmin] Official Update 2011-01


1 16 -100 0 0 1 0 0 0 1 0 0 0 1 stud.dat
1 16 -80 0 0 1 0 0 0 1 0 0 0 1 stud.dat
1 16 -60 0 0 1 0 0 0 1 0 0 0 1 stud.dat
1 16 -40 0 0 1 0 0 0 1 0 0 0 1 stud.dat
1 16 -20 0 0 1 0 0 0 1 0 0 0 1 stud.dat
1 16 0 0 0 1 0 0 0 1 0 0 0 1 stud.dat
1 16 20 0 0 1 0 0 0 1 0 0 0 1 stud.dat
1 16 40 0 0 1 0 0 0 1 0 0 0 1 stud.dat
1 16 60 0 0 1 0 0 0 1 0 0 0 1 stud.dat
1 16 80 0 0 1 0 0 0 1 0 0 0 1 stud.dat
1 16 100 0 0 1 0 0 0 1 0 0 0 1 stud.dat

0 FILE stug-1x3.dat
0 Stud Group  1 x  3
0 Name: stug-1x3.dat
0 Author: Steffen [Steffen]
0 !LDRAW_ORG Primitive UPDATE 2012-01
0 !LICENSE Licensed under CC BY 4.0 : see CAreadme.txt

0 BFC CERTIFY CCW

0 !HISTORY 2012-03-30 [PTadmin] Official Update 2012-01


1 16 -20 0 0 1 0 0 0 1 0 0 0 1 stud.dat
1 16 0 0 0 1 0 0 0 1 0 0 0 1 stud.dat
1 16 20 0 0 1 0 0 0 1 0 0 0 1 stud.dat

0 FILE stug-4x4.dat
0 Stud Group  4 x  4
0 Name: stug-4x4.dat
0 Author: Tore Eriksson [Tore_Eriksson]
0 !LDRAW_ORG Primitive UPDATE 2011-01
0 !LICENSE Licensed under CC BY 4.0 : see CAreadme.txt

0 BFC CERTIFY CCW

0 !HISTORY 2004-10-31 [Steffen] used stug2.dat
0 !HISTORY 2005-12-28 [PTadmin] Official Update 2005-01
0 !HISTORY 2007-05-04 [PTadmin] Header formatted for Contributor Agreement
0 !HISTORY 2008-07-01 [PTadmin] Official Update 2008-01
0 !HISTORY 2011-07-01 [PTadmin] Renamed from stug4
0 !HISTORY 2011-07-25 [PTadmin] Official Update 2011-01


1 16 -20 0 -20 1 0 0 0 1 0 0 0 1 stug-2x2.dat
1 16 -20 0 20 1 0 0 0 1 0 0 0 1 stug-2x2.dat
1 16 20 0 20 1 0 0 0 1 0 0 0 1 stug-2x2.dat
1 16 20 0 -20 1 0 0 0 1 0 0 0 1 stug-2x2.dat
0

0 FILE stug-7x7.dat
0 Stud Group  7 x  7
0 Name: stug-7x7.dat
0 Author: Michael Heidemann [mikeheide]
0 !LDRAW_ORG Primitive UPDATE 2011-01
0 !LICENSE Licensed under CC BY 4.0 : see CAreadme.txt

0 BFC CERTIFY CCW

0 !HISTORY 2005-12-28 [PTadmin] Official Update 2005-01
0 !HISTORY 2007-05-04 [PTadmin] Header formatted for Contributor Agreement
0 !HISTORY 2008-07-01 [PTadmin] Official Update 2008-01
0 !HISTORY 2011-07-01 [PTadmin] Renamed from stug7
0 !HISTORY 2011-07-25 [PTadmin] Official Update 2011-01


1 16 -10 0 10 1 0 0 0 1 0 0 0 1 stug-6x6.dat
1 16 60 0 -40 1 0 0 0 1 0 0 0 1 stud.dat
1 16 60 0 -20 1 0 0 0 1 0 0 0 1 stud.dat
1 16 60 0 0 1 0 0 0 1 0 0 0 1 stud.dat
1 16 60 0 20 1 0 0 0 1 0 0 0 1 stud.dat
1 16 60 0 40 1 0 0 0 1 0 0 0 1 stud.dat
1 16 60 0 60 1 0 0 0 1 0 0 0 1 stud.dat
1 16 -60 0 -60 1 0 0 0 1 0 0 0 1 stud.dat
1 16 -40 0 -60 1 0 0 0 1 0 0 0 1 stud.dat
1 16 -20 0 -60 1 0 0 0 1 0 0 0 1 stud.dat
1 16 0 0 -60 1 0 0 0 1 0 0 0 1 stud.dat
1 16 20 0 -60 1 0 0 0 1 0 0 0 1 stud.dat
1 16 40 0 -60 1 0 0 0 1 0 0 0 1 stud.dat
1 16 60 0 -60 1 0 0 0 1 0 0 0 1 stud.dat
0

0 FILE stug-2x1.dat
0 Stud Group  2 x  1
0 Name: stug-2x1.dat
0 Author: Magnus Forsberg [MagFors]
0 !LDRAW_ORG Primitive UPDATE 2011-01
0 !LICENSE Licensed under CC BY 4.0 : see CAreadme.txt

0 BFC CERTIFY CCW

0 !HISTORY 2011-07-25 [PTadmin] Official Update 2011-01


1 16 0 0 10 1 0 0 0 1 0 0 0 1 stud.dat
1 16 0 0 -10 1 0 0 0 1 0 0 0 1 stud.dat

0 FILE stug-7x1.dat
0 Stud Group  7 x  1
0 Name: stug-7x1.dat
0 Author: Magnus Forsberg [MagFors]
0 !LDRAW_ORG Primitive UPDATE 2013-01
0 !LICENSE Licensed under CC BY 4.0 : see CAreadme.txt

0 BFC CERTIFY CCW

0 !HISTORY 2013-07-21 [PTadmin] Official Update 2013-01


1 16 0 0 60 1 0 0 0 1 0 0 0 1 stud.dat
1 16 0 0 40 1 0 0 0 1 0 0 0 1 stud.dat
1 16 0 0 20 1 0 0 0 1 0 0 0 1 stud.dat
1 16 0 0 0 1 0 0 0 1 0 0 0 1 stud.dat
1 16 0 0 -20 1 0 0 0 1 0 0 0 1 stud.dat
1 16 0 0 -40 1 0 0 0 1 0 0 0 1 stud.dat
1 16 0 0 -60 1 0 0 0 1 0 0 0 1 stud.dat

0 FILE parts/s/50820s02.dat
0 ~Boat Hull 48 x  6 x  5 Top Part - Technic Section Quarter
0 Name: s\50820s02.dat
0 Author: Gerald Lasser [GeraldLasser]
0 !LDRAW_ORG Subpart UPDATE 2024-09
0 !LICENSE Licensed under CC BY 4.0 : see CAreadme.txt

0 BFC CERTIFY CCW

0 !HISTORY 2024-10-27 [OrionP] Official Update 2024-09

1 16 -36 10 80 0 12 0 0 0 8 8 0 0 2-4cylo.dat
1 16 -24 10 80 0 1 0 0 0 8 8 0 0 2-4ndis.dat
1 16 -36 10 80 0 -1 0 0 0 8 8 0 0 2-4ndis.dat
1 16 -40 10 80 0 1 0 0 0 8 8 0 0 4-4ndis.dat
1 16 -40 10 80 0 1 0 0 0 1 1 0 0 peghole.dat
0 BFC INVERTNEXT
1 16 -38 10 80 0 16 0 0 0 6 6 0 0 4-4cyli.dat
1 16 -20 10 80 0 -1 0 0 0 1 1 0 0 peghole5.dat
1 16 -20 10 80 0 -1 0 0 0 8 8 0 0 2-4ndis.dat
1 16 -30 7 72 -6 0 0 0 0 -3 0 1 0 rect3.dat
1 16 -30 7 88 -6 0 0 0 0 -3 0 -1 0 rect3.dat

1 16 -36 10 60 0 12 0 0 0 8 8 0 0 2-4cylo.dat
1 16 -24 10 60 0 1 0 0 0 8 8 0 0 2-4ndis.dat
1 16 -36 10 60 0 -1 0 0 0 8 8 0 0 2-4ndis.dat
1 16 -40 10 60 0 1 0 0 0 8 8 0 0 4-4ndis.dat
1 16 -40 10 60 0 1 0 0 0 1 1 0 0 peghole.dat
0 BFC INVERTNEXT
1 16 -38 10 60 0 16 0 0 0 6 6 0 0 4-4cyli.dat
1 16 -20 10 60 0 -1 0 0 0 1 1 0 0 peghole5.dat
1 16 -20 10 60 0 -1 0 0 0 8 8 0 0 2-4ndis.dat
1 16 -30 7 52 -6 0 0 0 0 -3 0 1 0 rect3.dat
1 16 -30 7 68 -6 0 0 0 0 -3 0 -1 0 rect3.dat

1 16 -36 10 20 0 12 0 0 0 8 8 0 0 2-4cylo.dat
1 16 -24 10 20 0 1 0 0 0 8 8 0 0 2-4ndis.dat
1 16 -36 10 20 0 -1 0 0 0 8 8 0 0 2-4ndis.dat
1 16 -40 10 20 0 1 0 0 0 8 8 0 0 4-4ndis.dat
1 16 -40 10 20 0 1 0 0 0 1 1 0 0 peghole.dat
0 BFC INVERTNEXT
1 16 -38 10 20 0 16 0 0 0 6 6 0 0 4-4cyli.dat
1 16 -20 10 20 0 -1 0 0 0 1 1 0 0 peghole5.dat
1 16 -20 10 20 0 -1 0 0 0 8 8 0 0 2-4ndis.dat
1 16 -30 7 12 -6 0 0 0 0 -3 0 1 0 rect3.dat
1 16 -30 7 28 -6 0 0 0 0 -3 0 -1 0 rect3.dat

0 // Peg Hole - Aft
1 16 -36 10 100 0 12 0 0 0 8 8 0 0 2-4cylo.dat
1 16 -24 10 100 0 1 0 0 0 8 8 0 0 2-4ndis.dat
1 16 -36 10 100 0 -1 0 0 0 8 8 0 0 2-4ndis.dat
1 16 -30 7 92 6 0 0 0 0 -3 0 1 0 rect3.dat
1 16 -30 7 108 6 0 0 0 0 -3 0 -1 0 rect3.dat
0 BFC INVERTNEXT
1 16 -38 10 100 0 16 0 0 0 6 6 0 0 4-4cyli.dat
1 16 -40 10 100 0 1 0 0 0 8 8 0 0 4-4ndis.dat
1 16 -40 10 100 0 1 0 0 0 1 1 0 0 peghole.dat
1 16 -22 10 100 0 -1 0 6 0 0 0 0 6 3-4ndis.dat
1 16 -22 10 100 0 -1 0 0 0 2 -2 0 0 1-4ring3.dat
3 16 -22 0 108 -22 4 106 -22 10 106
4 16 -22 0 92 -22 4 94 -22 4 106 -22 0 108
4 16 -22 10 92 -22 10 94 -22 4 94 -22 0 92
4 16 -22 16 106 -22 18 108 -22 0 108 -22 10 106
4 16 -22 18 108 -22 16 106 -22 16 100 -22 18 100
1 16 -22 10 100 0 -1 0 0 0 6 6 0 0 4-4edge.dat
0 BFC INVERTNEXT
1 16 -20 10 100 0 -2 0 0 0 8 -8 0 0 1-4cylo.dat
1 16 -21 5 92 -1 0 0 0 0 -5 0 -1 0 rect3.dat
4 16 -20 18 100 -20 18 108 -22 18 108 -22 18 100
1 16 -21 9 108 -1 0 0 0 0 9 0 1 0 rect.dat
1 16 -20 10 100 0 -1 0 0 0 8 -8 0 0 1-4ndis.dat
2 24 -22 0 108 -22 0 92
2 24 -22 18 100 -22 18 108

0 // Filler between Pegholes, Underside
0 BFC INVERTNEXT
1 16 -30 10 10 0 0 -6 0 -6 0 -2 0 0 box3u10p.dat
0 BFC INVERTNEXT
1 16 -30 10 40 0 0 -6 0 -6 0 -12 0 0 box3u10p.dat
0 BFC INVERTNEXT
1 16 -30 10 70 0 0 -6 0 -6 0 -2 0 0 box3u10p.dat
0 BFC INVERTNEXT
1 16 -30 10 90 0 0 -6 0 -6 0 -2 0 0 box3u10p.dat
4 16 -36 18 8 -36 18 12 -36 10 12 -36 10 8
4 16 -36 10 28 -36 18 28 -36 18 52 -36 10 52
4 16 -36 10 68 -36 18 68 -36 18 72 -36 10 72
4 16 -36 10 88 -36 18 88 -36 18 92 -36 10 92
4 16 -24 10 92 -24 18 92 -24 18 88 -24 10 88
4 16 -24 10 12 -24 18 12 -24 18 8 -24 10 8
4 16 -24 18 52 -24 18 28 -24 10 28 -24 10 52
4 16 -24 18 72 -24 18 68 -24 10 68 -24 10 72

0 // Remaining Underside
3 16 -36 28 124 -36 18 108 -36 18 100
3 16 -36 18 100 -36 18 92 -36 28 124
3 16 -36 28 124 -36 18 92 -36 18 88
3 16 -36 28 124 -36 18 88 -36 18 80
3 16 -36 28 124 -36 18 80 -36 18 72
3 16 -36 28 124 -36 18 72 -36 18 68
3 16 -36 28 124 -36 18 68 -36 18 60
3 16 -36 28 124 -36 18 60 -36 18 52
3 16 -36 28 124 -36 18 52 -36 18 28
3 16 -36 28 124 -36 18 28 -36 18 20
3 16 -36 28 124 -36 18 20 -36 18 12
3 16 -36 18 12 -36 18 8 -36 28 124
3 16 -36 28 124 -36 18 8 -36 18 0
3 16 -36 12.4721 117 -36 10 108 -36 18 108
4 16 -36 28 124 -36 12.4721 124 -36 12.4721 117 -36 18 108
4 16 -36 12.4721 117 -36 4 117 -36 4 108 -36 10 108
2 24 -36 4 117 -36 4 108
2 24 -36 12.4721 117 -36 12.4721 124
2 24 -36 28 124 -36 12.4721 124
4 16 -56 28 124 -56 22.4721 124 -36 12.4721 124 -36 28 124
2 24 -36 12.4721 124 -56 22.4721 124
2 24 -56 22.4721 124 -56 28 124

1 16 -36 4 117 16.9443 0 0 0 0 8.4721 0 1 0 triangle.dat
3 16 -19.0557 4 117 -36 12.4721 117 -36 12.4721 124
4 16 -24 4 108 -36 4 108 -36 4 117 -24 4 112
4 16 -16 4 112 -24 4 112 -36 4 117 -19.0557 4 117

4 16 -24 22 104 -24 28 104 -24 18 92 -24 18 100
3 16 -24 18 92 -24 28 104 -24 18 88
3 16 -24 18 88 -24 28 104 -24 18 80
3 16 -24 18 80 -24 28 104 -24 18 72
3 16 -24 18 72 -24 28 104 -24 18 68
3 16 -24 18 68 -24 28 104 -24 18 60
3 16 -24 18 60 -24 28 104 -24 18 52
3 16 -24 18 52 -24 28 104 -24 18 28
3 16 -24 18 28 -24 28 104 -24 18 20
3 16 -24 18 20 -24 28 104 -24 18 12
3 16 -24 18 12 -24 28 104 -24 18 8
3 16 -24 18 8 -24 28 104 -24 18 0
4 16 -24 22 112 -24 22 104 -24 18 100 -24 18 108
4 16 -24 10 108 -24 4 108 -24 4 112 -24 22 112
3 16 -24 10 108 -24 22 112 -24 18 108
2 24 -24 28 104 -24 22 104
2 24 -24 4 108 -24 4 112

1 16 -20 13 112 0 0 -4 9 0 0 0 -1 0 rect.dat
0 BFC INVERTNEXT
1 16 -8 4 112 0 0 -8 0 18 0 -8 0 0 1-4cylo.dat
1 16 -8 4 112 0 0 -8 0 -1 0 -8 0 0 1-4chrd.dat
1 16 -8 22 112 0 0 -8 0 -1 0 -8 0 0 1-4ndis.dat
1 16 -20 22 108 0 0 -4 0 -1 0 -4 0 0 rect2a.dat
2 24 -16 22 104 -8 22 104

3 16 -24 28 104 -24 22 104 -16 22 104
3 16 -24 28 104 -16 22 104 -8 22 104

3 16 -24 28 104 0 28 66 -6 28 66
3 16 -24 28 104 -6 28 66 -6 28 60
3 16 -24 28 104 -6 28 60 -6 28 54

0 // Technic Beam - Pocket on Top
3 16 -6 24 66 -20 24 100 -6 24 60
3 16 -6 24 60 -20 24 100 -6 24 54
3 16 -6 24 66 0 24 66 -20 24 100

3 16 -20 18 92 -20 18 88 -20 24 100
3 16 -20 24 100 -20 18 88 -20 18 80
3 16 -20 24 100 -20 18 80 -20 18 72
3 16 -20 24 100 -20 18 72 -20 18 68
3 16 -20 24 100 -20 18 68 -20 18 60
3 16 -20 24 100 -20 18 60 -20 18 52
3 16 -20 24 100 -20 18 52 -20 18 28
3 16 -20 24 100 -20 18 28 -20 18 20
3 16 -20 24 100 -20 18 20 -20 18 12
3 16 -20 24 100 -20 18 12 -20 18 8
3 16 -20 24 100 -20 18 8 -20 18 0
3 16 -20 24 100 -20 18 100 -20 18 92
3 16 -20 18 100 -20 24 100 -12 18 100
2 24 -20 24 100 -20 18 100
2 24 -20 18 100 -12 18 100

1 16 -12 0 108 0 0 -8 0 1 0 -8 0 0 1-4chrd.dat
1 16 -12 0 108 0 0 -8 0 18 0 -8 0 0 1-4cylo.dat
1 16 -12 18 108 0 0 -8 0 1 0 -8 0 0 1-4ndis.dat

1 16 -21 5 90 0 1 0 0 0 -5 -2 0 0 box2-11.dat
1 16 -21 5 70 0 1 0 0 0 -5 -2 0 0 box2-11.dat
1 16 -21 5 40 0 1 0 0 0 -5 -12 0 0 box2-11.dat
1 16 -21 5 10 0 1 0 0 0 -5 -2 0 0 box2-11.dat
4 16 -20 10 92 -20 10 88 -20 18 88 -20 18 92
4 16 -20 10 68 -20 18 68 -20 18 72 -20 10 72
4 16 -20 10 52 -20 10 28 -20 18 28 -20 18 52
4 16 -20 18 12 -20 10 12 -20 10 8 -20 18 8

4 16 -20 0 108 -20 0 120 -40 0 120 -22 0 108
3 16 -22 0 108 -40 0 120 -22 0 92
3 16 -22 0 92 -40 0 120 -22 0 88
3 16 -22 0 88 -40 0 120 -22 0 72
3 16 -22 0 72 -40 0 120 -22 0 68
3 16 -22 0 68 -40 0 120 -22 0 52
3 16 -22 0 52 -40 0 120 -22 0 28
3 16 -22 0 28 -40 0 120 -22 0 12
3 16 -22 0 12 -40 0 120 -22 0 8
3 16 -20 0 108 -12 0 100 -20 0 120

0 // Technic Beam - Outside
1 16 -40 0 120 20 0 0 0 0 10 0 -1 0 triangle.dat

3 16 -40 18 108 -40 24 120 -40 18 100
3 16 -40 18 100 -40 24 120 -40 18 92
3 16 -40 18 92 -40 24 120 -40 18 88
3 16 -40 18 88 -40 24 120 -40 18 80
3 16 -40 18 80 -40 24 120 -40 18 72
3 16 -40 18 72 -40 24 120 -40 18 68
3 16 -40 18 68 -40 24 120 -40 18 60
3 16 -40 18 60 -40 24 120 -40 18 52
3 16 -40 18 52 -40 24 120 -40 18 28
3 16 -40 18 28 -40 24 120 -40 18 20
3 16 -40 18 20 -40 24 120 -40 18 12
3 16 -40 18 12 -40 24 120 -40 18 8
3 16 -40 18 8 -40 24 120 -40 18 0

4 16 -40 10 108 -40 10 120 -40 24 120 -40 18 108
4 16 -40 2 108 -40 0 120 -40 10 120 -40 10 108
4 16 -40 2 52 -40 10 52 -40 10 28 -40 2 28
4 16 -40 18 52 -40 18 28 -40 10 28 -40 10 52
4 16 -40 10 8 -40 2 8 -40 2 12 -40 10 12
4 16 -40 18 8 -40 10 8 -40 10 12 -40 18 12
4 16 -40 2 68 -40 2 72 -40 10 72 -40 10 68
4 16 -40 18 68 -40 10 68 -40 10 72 -40 18 72
4 16 -40 2 88 -40 2 92 -40 10 92 -40 10 88
4 16 -40 18 88 -40 10 88 -40 10 92 -40 18 92

3 16 -40 0 120 -40 2 108 -40 2 100
3 16 -40 0 120 -40 2 100 -40 2 92
3 16 -40 0 120 -40 2 92 -40 2 88
3 16 -40 0 120 -40 2 88 -40 2 80
3 16 -40 0 120 -40 2 80 -40 2 72
3 16 -40 0 120 -40 2 72 -40 2 68
3 16 -40 0 120 -40 2 68 -40 2 60
3 16 -40 0 120 -40 2 60 -40 2 52
3 16 -40 0 120 -40 2 52 -40 2 28
3 16 -40 0 120 -40 2 28 -40 2 20
3 16 -40 0 120 -40 2 20 -40 2 12
3 16 -40 0 120 -40 2 12 -40 2 8
3 16 -40 0 120 -40 2 8 -40 2 0

4 16 -60 20 120 -60 24 120 -40 24 120 -40 10 120
2 24 -40 10 120 -60 20 120
2 24 -60 20 120 -60 24 120
2 24 -40 24 120 -40 10 120

0 // Box
4 16 -40 14.472122 180 -40 68 180 -40 28 124 -40 14.472122 124
4 16 -37 12.9721 177 -37 12.9721 124 -37 28 124 -37 68 177
2 24 -40 28 124 -40 14.472122 124
2 24 -37 28 124 -37 12.9721 124
2 24 -40 14.472122 180 -19.0557 4 180
2 24 -37 12.972126 177 -19.0557 4 177
2 24 -37 12.9721 124 -37 12.9721 177
2 24 -40 14.472122 124 -40 14.472122 180

0 // Centre Fillet
4 16 -36 28 1 -36 17.80115 1 -24 17.80115 1 -24 28 1
3 16 -37 30 1 -37 28 1 -36 28 1
3 16 -37 30 1 -36 28 1 -24 28 1
2 24 -24 17.80115 1 -24 28 1
2 24 -24 17.80115 1 -36 17.80115 1
2 24 -37 30 1 -37 28 1
2 24 -36 28 1 -36 17.80115 1
2 24 -37 28 1 -36 28 1

0 // Fillet
1 16 -48 28 120 8 0 0 0 2 0 0 0 1 box3u2p.dat
3 16 -37 30 121 -37 28 121 -36 28 121
3 16 -37 28 119 -37 30 119 -36 28 119
2 24 -37 28 121 -37 30 121
2 24 -37 28 119 -37 30 119
2 24 -37 28 121 -36 28 121
2 24 -37 28 119 -36 28 119
2 24 -36 28 119 -36 12.4721 119
2 24 -36 28 121 -36 12.4721 121
2 24 -19.0557 4 121 -36 12.4721 121
2 24 -19.0557 4 119 -36 12.4721 119

0 FILE 2-4cylo.dat
0 Cylinder Open 0.5
0 Name: 2-4cylo.dat
0 Author: Max Martin Richter [MMR1988]
0 !LDRAW_ORG Primitive UPDATE 2010-03
0 !LICENSE Licensed under CC BY 4.0 : see CAreadme.txt

0 BFC CERTIFY CCW

0 !HISTORY 2010-12-31 [PTadmin] Official Update 2010-03


1 16 0 0 0 1 0 0 0 1 0 0 0 1 2-4edge.dat
1 16 0 1 0 1 0 0 0 1 0 0 0 1 2-4edge.dat
1 16 0 0 0 1 0 0 0 1 0 0 0 1 2-4cyli.dat

0 FILE 2-4ndis.dat
0 Disc Negative 0.5
0 Name: 2-4ndis.dat
0 Author: James Jessiman
0 !LDRAW_ORG Primitive UPDATE 2012-01
0 !LICENSE Licensed under CC BY 4.0 : see CAreadme.txt

0 BFC CERTIFY CCW

0 !HISTORY 2002-03-23 [sbliss] Added BFC statement; compacted code
0 !HISTORY 2002-04-25 [PTadmin] Official Update 2002-02
0 !HISTORY 2007-06-24 [PTadmin] Header formatted for Contributor Agreement
0 !HISTORY 2008-07-01 [PTadmin] Official Update 2008-01
0 !HISTORY 2012-02-16 [Philo] Changed to CCW
0 !HISTORY 2012-03-30 [PTadmin] Official Update 2012-01


3 16 0.9239 0 0.3827 1 0 0 1 0 1
3 16 0.7071 0 0.7071 0.9239 0 0.3827 1 0 1
3 16 0.3827 0 0.9239 0.7071 0 0.7071 1 0 1
3 16 0 0 1 0.3827 0 0.9239 1 0 1
3 16 -0.3827 0 0.9239 0 0 1 -1 0 1
3 16 -0.7071 0 0.7071 -0.3827 0 0.9239 -1 0 1
3 16 -0.9239 0 0.3827 -0.7071 0 0.7071 -1 0 1
3 16 -1 0 0 -0.9239 0 0.3827 -1 0 1

0 FILE peghole.dat
0 Peg Hole End
0 Name: peghole.dat
0 Author: James Jessiman
0 !LDRAW_ORG Primitive UPDATE 2010-01
0 !LICENSE Licensed under CC BY 4.0 : see CAreadme.txt

0 BFC CERTIFY CCW

0 !HISTORY 2002-05-01 [mkennedy] replace code with ring3
0 !HISTORY 2002-05-01 [sbliss] BFC
0 !HISTORY 2002-06-11 [PTadmin] Official Update 2002-03
0 !HISTORY 2007-06-24 [PTadmin] Header formatted for Contributor Agreement
0 !HISTORY 2008-07-01 [PTadmin] Official Update 2008-01
0 !HISTORY 2010-01-14 [cwdee] Update ring3 to 4-4ring3
0 !HISTORY 2010-04-05 [PTadmin] Official Update 2010-01


1 16 0 0 0 8 0 0 0 1 0 0 0 8 4-4edge.dat
1 16 0 2 0 8 0 0 0 1 0 0 0 8 4-4edge.dat
1 16 0 2 0 6 0 0 0 1 0 0 0 6 4-4edge.dat
1 16 0 2 0 2 0 0 0 1 0 0 0 2 4-4ring3.dat
0 BFC INVERTNEXT
1 16 0 0 0 8 0 0 0 2 0 0 0 8 4-4cyli.dat
0

0 FILE peghole5.dat
0 Peg Hole End Extended Medium
0 Name: peghole5.dat
0 Author: Willy Tschager [Holly-Wood]
0 !LDRAW_ORG Primitive UPDATE 2024-02
0 !LICENSE Licensed under CC BY 4.0 : see CAreadme.txt

0 BFC CERTIFY CCW

0 !HISTORY 2009-12-29 [PTadmin] Official Update 2009-03
0 !HISTORY 2024-03-08 [Holly-Wood] Complete re-write, original by guyvivan
0 !HISTORY 2024-03-24 [OrionP] Official Update 2024-02

1 16 0 2 0 2 0 0 0 1 0 0 0 2 2-4ring3.dat
1 16 0 2 0 6 0 0 0 1 0 0 0 6 4-4edge.dat
0 BFC INVERTNEXT
1 16 0 0 0 8 0 0 0 2 0 0 0 8 2-4cylo.dat
1 16 0 2 0 6 0 0 0 1 0 0 0 -6 2-4ndis.dat
1 16 8 1 -5 0 1 0 1 0 0 0 0 -5 rect3.dat
1 16 -8 1 -5 0 -1 0 -1 0 0 0 0 -5 rect3.dat

2 24 8 2 -10 -8 2 -10

4 16 8 2 -10 6 2 -6 0 2 -6 -8 2 -10
3 16 -6 2 -6 -8 2 -10 0 2 -6
4 16 -6 2 -6 -6 2 0 -8 2 0 -8 2 -10
4 16 8 2 0 6 2 0 6 2 -6 8 2 -10

0 FILE stud2.dat
0 Stud Open
0 Name: stud2.dat
0 Author: James Jessiman
0 !LDRAW_ORG Primitive UPDATE 2009-02
0 !LICENSE Licensed under CC BY 4.0 : see CAreadme.txt

0 BFC CERTIFY CCW

0 !HISTORY 1999-07-05 [PTadmin] Official Update 1999-05
0 !HISTORY 2002-04-04 [sbliss] Modified for BFC compliance
0 !HISTORY 2002-04-25 [PTadmin] Official Update 2002-02
0 !HISTORY 2007-06-24 [PTadmin] Header formatted for Contributor Agreement
0 !HISTORY 2008-07-01 [PTadmin] Official Update 2008-01
0 !HISTORY 2009-06-21 [cwdee] Update ring references to 4-4ring
0 !HISTORY 2009-09-03 [PTadmin] Official Update 2009-02


1 16 0 0 0 4 0 0 0 1 0 0 0 4 4-4edge.dat
1 16 0 0 0 6 0 0 0 1 0 0 0 6 4-4edge.dat
1 16 0 -4 0 4 0 0 0 1 0 0 0 4 4-4edge.dat
1 16 0 -4 0 6 0 0 0 1 0 0 0 6 4-4edge.dat
0 BFC INVERTNEXT
1 16 0 -4 0 4 0 0 0 4 0 0 0 4 4-4cyli.dat
1 16 0 -4 0 6 0 0 0 4 0 0 0 6 4-4cyli.dat
1 16 0 -4 0 2 0 0 0 1 0 0 0 2 4-4ring2.dat
0

0 FILE 2-4cyli.dat
0 Cylinder 0.5
0 Name: 2-4cyli.dat
0 Author: James Jessiman
0 !LDRAW_ORG Primitive UPDATE 2005-01
0 !LICENSE Licensed under CC BY 4.0 : see CAreadme.txt

0 BFC CERTIFY CCW

0 !HISTORY 2002-03-23 [sbliss] Added BFC statement; compacted code
0 !HISTORY 2002-04-25 [PTadmin] Official Update 2002-02
0 !HISTORY 2004-12-11 [nielsk] Recreated using Primitive Generator, Edge lines fixed, BFC changed to CCW
0 !HISTORY 2005-12-28 [PTadmin] Official Update 2005-01
0 !HISTORY 2007-06-24 [PTadmin] Header formatted for Contributor Agreement
0 !HISTORY 2008-07-01 [PTadmin] Official Update 2008-01


4 16 .9239 1 .3827 .9239 0 .3827 1 0 0 1 1 0
4 16 .7071 1 .7071 .7071 0 .7071 .9239 0 .3827 .9239 1 .3827
4 16 .3827 1 .9239 .3827 0 .9239 .7071 0 .7071 .7071 1 .7071
4 16 0 1 1 0 0 1 .3827 0 .9239 .3827 1 .9239
4 16 -.3827 1 .9239 -.3827 0 .9239 0 0 1 0 1 1
4 16 -.7071 1 .7071 -.7071 0 .7071 -.3827 0 .9239 -.3827 1 .9239
4 16 -.9239 1 .3827 -.9239 0 .3827 -.7071 0 .7071 -.7071 1 .7071
4 16 -1 1 0 -1 0 0 -.9239 0 .3827 -.9239 1 .3827
5 24 1 1 0 1 0 0 1 1 -.4142 .9239 1 .3827
5 24 .9239 1 .3827 .9239 0 .3827 1 1 0 .7071 1 .7071
5 24 .7071 1 .7071 .7071 0 .7071 .9239 1 .3827 .3827 1 .9239
5 24 .3827 1 .9239 .3827 0 .9239 .7071 1 .7071 0 1 1
5 24 0 1 1 0 0 1 .3827 1 .9239 -.3827 1 .9239
5 24 -.3827 1 .9239 -.3827 0 .9239 0 1 1 -.7071 1 .7071
5 24 -.7071 1 .7071 -.7071 0 .7071 -.3827 1 .9239 -.9239 1 .3827
5 24 -.9239 1 .3827 -.9239 0 .3827 -.7071 1 .7071 -1 1 0
5 24 -1 1 0 -1 0 0 -.9239 1 .3827 -1 1 -.4142
0

0 FILE 2-4edge.dat
0 Circle 0.5
0 Name: 2-4edge.dat
0 Author: James Jessiman
0 !LDRAW_ORG Primitive UPDATE 2017-01
0 !LICENSE Licensed under CC BY 4.0 : see CAreadme.txt

0 BFC CERTIFY CCW

0 !HISTORY 2007-06-24 [PTadmin] Header formatted for Contributor Agreement
0 !HISTORY 2008-07-01 [PTadmin] Official Update 2008-01
0 !HISTORY 2017-01-15 [Steffen] BFCed
0 !HISTORY 2017-12-30 [PTadmin] Official Update 2017-01


2 24 1 0 0 0.9239 0 0.3827
2 24 0.9239 0 0.3827 0.7071 0 0.7071
2 24 0.7071 0 0.7071 0.3827 0 0.9239
2 24 0.3827 0 0.9239 0 0 1
2 24 0 0 1 -0.3827 0 0.9239
2 24 -0.3827 0 0.9239 -0.7071 0 0.7071
2 24 -0.7071 0 0.7071 -0.9239 0 0.3827
2 24 -0.9239 0 0.3827 -1 0 0

0 FILE 1-8tndis.dat
0 Disc Negative Truncated 0.125
0 Name: 1-8tndis.dat
0 Author: Massimo Maso [Sirio]
0 !LDRAW_ORG Primitive UPDATE 2022-02
0 !LICENSE Licensed under CC BY 4.0 : see CAreadme.txt

0 BFC CERTIFY CCW

0 !HISTORY 2022-03-06 [PTadmin] Official Update 2022-02


3 16 1 0 .7071 .9239 0 .3827 1 0 0
3 16 1 0 .7071 .7071 0 .7071 .9239 0 .3827

0 FILE 4-8sphe.dat
0 Sphere 0.5
0 Name: 4-8sphe.dat
0 Author: James Jessiman
0 !LDRAW_ORG Primitive UPDATE 2003-02
0 !LICENSE Licensed under CC BY 4.0 : see CAreadme.txt

0 BFC CERTIFY CCW

0 !HISTORY 2002-08-31 [izanette] Modified with WINDZ for BFC compliance
0 !HISTORY 2003-08-01 [PTadmin] Official Update 2003-02
0 !HISTORY 2007-06-24 [PTadmin] Header formatted for Contributor Agreement
0 !HISTORY 2008-07-01 [PTadmin] Official Update 2008-01


1 16 0 0 0 1 0 0 0 1 0 0 0 1 1-8sphe.dat
1 16 0 0 0 1 0 0 0 1 0 0 0 -1 1-8sphe.dat
1 16 0 0 0 -1 0 0 0 1 0 0 0 1 1-8sphe.dat
1 16 0 0 0 -1 0 0 0 1 0 0 0 -1 1-8sphe.dat
0

0 FILE 4-4con11.dat
0 Cone 11 x 1.0
0 Name: 4-4con11.dat
0 Author: Willy Tschager [Holly-Wood]
0 !LDRAW_ORG Primitive UPDATE 2024-01
0 !LICENSE Licensed under CC BY 4.0 : see CAreadme.txt

0 BFC CERTIFY CCW

0 !HISTORY 2009-12-29 [PTadmin] Official Update 2009-03
0 !HISTORY 2012-02-16 [Philo] Changed to CCW
0 !HISTORY 2012-03-30 [PTadmin] Official Update 2012-01
0 !HISTORY 2024-01-19 [Holly-Wood] Complete regeneration, original by jriley
0 !HISTORY 2024-01-29 [OrionP] Official Update 2024-01

4 16 11 1 0 10.1629 1 4.2097 11.0868 0 4.5924 12 0 0
4 16 10.1629 1 4.2097 7.7781 1 7.7781 8.4852 0 8.4852 11.0868 0 4.5924
4 16 7.7781 1 7.7781 4.2097 1 10.1629 4.5924 0 11.0868 8.4852 0 8.4852
4 16 4.2097 1 10.1629 0 1 11 0 0 12 4.5924 0 11.0868
4 16 0 1 11 -4.2097 1 10.1629 -4.5924 0 11.0868 0 0 12
4 16 -4.2097 1 10.1629 -7.7781 1 7.7781 -8.4852 0 8.4852 -4.5924 0 11.0868
4 16 -7.7781 1 7.7781 -10.1629 1 4.2097 -11.0868 0 4.5924 -8.4852 0 8.4852
4 16 -10.1629 1 4.2097 -11 1 0 -12 0 0 -11.0868 0 4.5924
4 16 -11 1 0 -10.1629 1 -4.2097 -11.0868 0 -4.5924 -12 0 0
4 16 -10.1629 1 -4.2097 -7.7781 1 -7.7781 -8.4852 0 -8.4852 -11.0868 0 -4.5924
4 16 -7.7781 1 -7.7781 -4.2097 1 -10.1629 -4.5924 0 -11.0868 -8.4852 0 -8.4852
4 16 -4.2097 1 -10.1629 0 1 -11 0 0 -12 -4.5924 0 -11.0868
4 16 0 1 -11 4.2097 1 -10.1629 4.5924 0 -11.0868 0 0 -12
4 16 4.2097 1 -10.1629 7.7781 1 -7.7781 8.4852 0 -8.4852 4.5924 0 -11.0868
4 16 7.7781 1 -7.7781 10.1629 1 -4.2097 11.0868 0 -4.5924 8.4852 0 -8.4852
4 16 10.1629 1 -4.2097 11 1 0 12 0 0 11.0868 0 -4.5924
0 // conditional lines
5 24 11 1 0 12 0 0 10.1629 1 -4.2097 10.1629 1 4.2097
5 24 10.1629 1 4.2097 11.0868 0 4.5924 11 1 0 7.7781 1 7.7781
5 24 7.7781 1 7.7781 8.4852 0 8.4852 10.1629 1 4.2097 4.2097 1 10.1629
5 24 4.2097 1 10.1629 4.5924 0 11.0868 7.7781 1 7.7781 0 1 11
5 24 0 1 11 0 0 12 4.2097 1 10.1629 -4.2097 1 10.1629
5 24 -4.2097 1 10.1629 -4.5924 0 11.0868 0 1 11 -7.7781 1 7.7781
5 24 -7.7781 1 7.7781 -8.4852 0 8.4852 -4.2097 1 10.1629 -10.1629 1 4.2097
5 24 -10.1629 1 4.2097 -11.0868 0 4.5924 -7.7781 1 7.7781 -11 1 0
5 24 -11 1 0 -12 0 0 -10.1629 1 4.2097 -10.1629 1 -4.2097
5 24 -10.1629 1 -4.2097 -11.0868 0 -4.5924 -11 1 0 -7.7781 1 -7.7781
5 24 -7.7781 1 -7.7781 -8.4852 0 -8.4852 -10.1629 1 -4.2097 -4.2097 1 -10.1629
5 24 -4.2097 1 -10.1629 -4.5924 0 -11.0868 -7.7781 1 -7.7781 0 1 -11
5 24 0 1 -11 0 0 -12 -4.2097 1 -10.1629 4.2097 1 -10.1629
5 24 4.2097 1 -10.1629 4.5924 0 -11.0868 0 1 -11 7.7781 1 -7.7781
5 24 7.7781 1 -7.7781 8.4852 0 -8.4852 4.2097 1 -10.1629 10.1629 1 -4.2097
5 24 10.1629 1 -4.2097 11.0868 0 -4.5924 7.7781 1 -7.7781 11 1 0
0 // Build by LDPartEditor (PrimGen 2.X)

0 FILE 2-8sphe.dat
0 Sphere 0.25
0 Name: 2-8sphe.dat
0 Author: James Jessiman
0 !LDRAW_ORG Primitive UPDATE 2003-02
0 !LICENSE Licensed under CC BY 4.0 : see CAreadme.txt

0 BFC CERTIFY CCW

0 !HISTORY 2002-08-31 [izanette] Modified with WINDZ for BFC compliance
0 !HISTORY 2003-08-01 [PTadmin] Official Update 2003-02
0 !HISTORY 2007-06-24 [PTadmin] Header formatted for Contributor Agreement
0 !HISTORY 2008-07-01 [PTadmin] Official Update 2008-01


1 16 0 0 0 1 0 0 0 1 0 0 0 1 1-8sphe.dat
1 16 0 0 0 -1 0 0 0 1 0 0 0 1 1-8sphe.dat
0

0 FILE 4-4con3.dat
0 Cone  3 x 1.0
0 Name: 4-4con3.dat
0 Author: Niels Karsdorp [nielsk]
0 !LDRAW_ORG Primitive UPDATE 2003-02
0 !LICENSE Licensed under CC BY 4.0 : see CAreadme.txt

0 BFC CERTIFY CCW

0 !HISTORY 2003-08-01 [PTadmin] Official Update 2003-02
0 !HISTORY 2007-06-24 [PTadmin] Header formatted for Contributor Agreement
0 !HISTORY 2008-07-01 [PTadmin] Official Update 2008-01


5 24 3 1 0 4 0 0 2.7717 1 1.1481 2.7717 1 -1.1481
5 24 2.7717 1 1.1481 3.6956 0 1.5308 2.1213 1 2.1213 3 1 0
5 24 2.1213 1 2.1213 2.8284 0 2.8284 1.1481 1 2.7717 2.7717 1 1.1481
5 24 1.1481 1 2.7717 1.5308 0 3.6956 0 1 3 2.1213 1 2.1213
5 24 0 1 3 0 0 4 -1.1481 1 2.7717 1.1481 1 2.7717
5 24 -1.1481 1 2.7717 -1.5308 0 3.6956 -2.1213 1 2.1213 0 1 3
5 24 -2.1213 1 2.1213 -2.8284 0 2.8284 -2.7717 1 1.1481 -1.1481 1 2.7717
5 24 -2.7717 1 1.1481 -3.6956 0 1.5308 -3 1 0 -2.1213 1 2.1213
5 24 -3 1 0 -4 0 0 -2.7717 1 -1.1481 -2.7717 1 1.1481
5 24 -2.7717 1 -1.1481 -3.6956 0 -1.5308 -2.1213 1 -2.1213 -3 1 0
5 24 -2.1213 1 -2.1213 -2.8284 0 -2.8284 -1.1481 1 -2.7717 -2.7717 1 -1.1481
5 24 -1.1481 1 -2.7717 -1.5308 0 -3.6956 0 1 -3 -2.1213 1 -2.1213
5 24 0 1 -3 0 0 -4 1.1481 1 -2.7717 -1.1481 1 -2.7717
5 24 1.1481 1 -2.7717 1.5308 0 -3.6956 2.1213 1 -2.1213 0 1 -3
5 24 2.1213 1 -2.1213 2.8284 0 -2.8284 2.7717 1 -1.1481 1.1481 1 -2.7717
5 24 2.7717 1 -1.1481 3.6956 0 -1.5308 3 1 0 2.1213 1 -2.1213

4 16 3 1 0 2.7717 1 1.1481 3.6956 0 1.5308 4 0 0
4 16 2.7717 1 1.1481 2.1213 1 2.1213 2.8284 0 2.8284 3.6956 0 1.5308
4 16 2.1213 1 2.1213 1.1481 1 2.7717 1.5308 0 3.6956 2.8284 0 2.8284
4 16 1.1481 1 2.7717 0 1 3 0 0 4 1.5308 0 3.6956
4 16 0 1 3 -1.1481 1 2.7717 -1.5308 0 3.6956 0 0 4
4 16 -1.1481 1 2.7717 -2.1213 1 2.1213 -2.8284 0 2.8284 -1.5308 0 3.6956
4 16 -2.1213 1 2.1213 -2.7717 1 1.1481 -3.6956 0 1.5308 -2.8284 0 2.8284
4 16 -2.7717 1 1.1481 -3 1 0 -4 0 0 -3.6956 0 1.5308
4 16 -3 1 0 -2.7717 1 -1.1481 -3.6956 0 -1.5308 -4 0 0
4 16 -2.7717 1 -1.1481 -2.1213 1 -2.1213 -2.8284 0 -2.8284 -3.6956 0 -1.5308
4 16 -2.1213 1 -2.1213 -1.1481 1 -2.7717 -1.5308 0 -3.6956 -2.8284 0 -2.8284
4 16 -1.1481 1 -2.7717 0 1 -3 0 0 -4 -1.5308 0 -3.6956
4 16 0 1 -3 1.1481 1 -2.7717 1.5308 0 -3.6956 0 0 -4
4 16 1.1481 1 -2.7717 2.1213 1 -2.1213 2.8284 0 -2.8284 1.5308 0 -3.6956
4 16 2.1213 1 -2.1213 2.7717 1 -1.1481 3.6956 0 -1.5308 2.8284 0 -2.8284
4 16 2.7717 1 -1.1481 3 1 0 4 0 0 3.6956 0 -1.5308

0

0 FILE 4-4con1.dat
0 Cone  1 x 1.0
0 Name: 4-4con1.dat
0 Author: Steve Bliss [sbliss]
0 !LDRAW_ORG Primitive UPDATE 2012-01
0 !LICENSE Licensed under CC BY 4.0 : see CAreadme.txt

0 BFC CERTIFY CCW

0 !HISTORY 1999-08-19 [sbliss] Renamed 4-4con12.dat to 4-4con1.dat, Moved all conditional lines before quads
0 !HISTORY 2000-05-07 [PTadmin] Official Update 2000-01
0 !HISTORY 2002-12-11 [cwdee] Standardised title and made BFC compliant
0 !HISTORY 2003-08-01 [PTadmin] Official Update 2003-02
0 !HISTORY 2007-06-24 [PTadmin] Header formatted for Contributor Agreement
0 !HISTORY 2008-07-01 [PTadmin] Official Update 2008-01
0 !HISTORY 2012-02-16 [Philo] Changed to CCW, reordered
0 !HISTORY 2012-03-30 [PTadmin] Official Update 2012-01


5 24 1 1 0 2 0 0 0.9239 1 -0.3827 0.9239 1 0.3827
5 24 0.9239 1 0.3827 1.8478 0 0.7654 1 1 0 0.7071 1 0.7071
5 24 0.7071 1 0.7071 1.4142 0 1.4142 0.9239 1 0.3827 0.3827 1 0.9239
5 24 0.3827 1 0.9239 0.7654 0 1.8478 0.7071 1 0.7071 0 1 1
5 24 0 1 1 0 0 2 0.3827 1 0.9239 -0.3827 1 0.9239
5 24 -0.3827 1 0.9239 -0.7654 0 1.8478 0 1 1 -0.7071 1 0.7071
5 24 -0.7071 1 0.7071 -1.4142 0 1.4142 -0.3827 1 0.9239 -0.9239 1 0.3827
5 24 -0.9239 1 0.3827 -1.8478 0 0.7654 -0.7071 1 0.7071 -1 1 0
5 24 -1 1 0 -2 0 0 -0.9239 1 0.3827 -0.9239 1 -0.3827
5 24 -0.9239 1 -0.3827 -1.8478 0 -0.7654 -1 1 0 -0.7071 1 -0.7071
5 24 -0.7071 1 -0.7071 -1.4142 0 -1.4142 -0.9239 1 -0.3827 -0.3827 1 -0.9239
5 24 -0.3827 1 -0.9239 -0.7654 0 -1.8478 -0.7071 1 -0.7071 0 1 -1
5 24 0 1 -1 0 0 -2 -0.3827 1 -0.9239 0.3827 1 -0.9239
5 24 0.3827 1 -0.9239 0.7654 0 -1.8478 0 1 -1 0.7071 1 -0.7071
5 24 0.7071 1 -0.7071 1.4142 0 -1.4142 0.3827 1 -0.9239 0.9239 1 -0.3827
5 24 0.9239 1 -0.3827 1.8478 0 -0.7654 0.7071 1 -0.7071 1 1 0

4 16 2 0 0 1 1 0 0.9239 1 0.3827 1.8478 0 0.7654
4 16 1.8478 0 0.7654 0.9239 1 0.3827 0.7071 1 0.7071 1.4142 0 1.4142
4 16 1.4142 0 1.4142 0.7071 1 0.7071 0.3827 1 0.9239 0.7654 0 1.8478
4 16 0.7654 0 1.8478 0.3827 1 0.9239 0 1 1 0 0 2
4 16 0 0 2 0 1 1 -0.3827 1 0.9239 -0.7654 0 1.8478
4 16 -0.7654 0 1.8478 -0.3827 1 0.9239 -0.7071 1 0.7071 -1.4142 0 1.4142
4 16 -1.4142 0 1.4142 -0.7071 1 0.7071 -0.9239 1 0.3827 -1.8478 0 0.7654
4 16 -1.8478 0 0.7654 -0.9239 1 0.3827 -1 1 0 -2 0 0
4 16 -2 0 0 -1 1 0 -0.9239 1 -0.3827 -1.8478 0 -0.7654
4 16 -1.8478 0 -0.7654 -0.9239 1 -0.3827 -0.7071 1 -0.7071 -1.4142 0 -1.4142
4 16 -1.4142 0 -1.4142 -0.7071 1 -0.7071 -0.3827 1 -0.9239 -0.7654 0 -1.8478
4 16 -0.7654 0 -1.8478 -0.3827 1 -0.9239 0 1 -1 0 0 -2
4 16 0 0 -2 0 1 -1 0.3827 1 -0.9239 0.7654 0 -1.8478
4 16 0.7654 0 -1.8478 0.3827 1 -0.9239 0.7071 1 -0.7071 1.4142 0 -1.4142
4 16 1.4142 0 -1.4142 0.7071 1 -0.7071 0.9239 1 -0.3827 1.8478 0 -0.7654
4 16 1.8478 0 -0.7654 0.9239 1 -0.3827 1 1 0 2 0 0

0 FILE 4-4con0.dat
0 Cone  0 x 1.0
0 Name: 4-4con0.dat
0 Author: Willy Tschager [Holly-Wood]
0 !LDRAW_ORG Primitive UPDATE 2024-01
0 !LICENSE Licensed under CC BY 4.0 : see CAreadme.txt

0 BFC CERTIFY CCW

0 !HISTORY 2009-12-29 [PTadmin] Official Update 2009-03
0 !HISTORY 2024-01-11 [Holly-Wood] Complete re-write, original by WilliamH
0 !HISTORY 2024-01-29 [OrionP] Official Update 2024-01

3 16 0 1 0 .9239 0 .3827 1 0 0
3 16 0 1 0 .7072 0 .7072 .9239 0 .3827
3 16 0 1 0 .3827 0 .9239 .7072 0 .7072
3 16 0 1 0 0 0 1 .3827 0 .9239
3 16 0 1 0 -.3827 0 .9239 0 0 1
3 16 0 1 0 -.7072 0 .7072 -.3827 0 .9239
3 16 0 1 0 -.9239 0 .3827 -.7072 0 .7072
3 16 0 1 0 -1 0 0 -.9239 0 .3827
3 16 0 1 0 -.9239 0 -.3827 -1 0 0
3 16 0 1 0 -.7072 0 -.7072 -.9239 0 -.3827
3 16 0 1 0 -.3827 0 -.9239 -.7072 0 -.7072
3 16 0 1 0 0 0 -1 -.3827 0 -.9239
3 16 0 1 0 .3827 0 -.9239 0 0 -1
3 16 0 1 0 .7072 0 -.7072 .3827 0 -.9239
3 16 0 1 0 .9239 0 -.3827 .7072 0 -.7072
3 16 0 1 0 1 0 0 .9239 0 -.3827

0 // Conds
5 24 0 0 1 0 1 0 .3827 0 .9239 -.3827 0 .9239
5 24 0 1 0 -.3827 0 .9239 0 0 1 -.7072 0 .7072
5 24 0 1 0 -.7072 0 .7072 -.3827 0 .9239 -.9239 0 .3827
5 24 0 1 0 -.9239 0 .3827 -.7072 0 .7072 -1 0 0
5 24 0 1 0 -1 0 0 -.9239 0 .3827 -.9239 0 -.3827
5 24 0 1 0 -.9239 0 -.3827 -1 0 0 -.7072 0 -.7072
5 24 0 1 0 -.7072 0 -.7072 -.9239 0 -.3827 -.3827 0 -.9239
5 24 0 1 0 -.3827 0 -.9239 -.7072 0 -.7072 0 0 -1
5 24 0 1 0 0 0 -1 -.3827 0 -.9239 .3827 0 -.9239
5 24 0 1 0 .3827 0 -.9239 0 0 -1 .7072 0 -.7072
5 24 0 1 0 .7072 0 -.7072 .3827 0 -.9239 .9239 0 -.3827
5 24 0 1 0 .9239 0 -.3827 .7072 0 -.7072 1 0 0
5 24 0 1 0 1 0 0 .9239 0 -.3827 .9239 0 .3827
5 24 0 1 0 .9239 0 .3827 1 0 0 .7072 0 .7072
5 24 0 1 0 .7072 0 .7072 .9239 0 .3827 .3827 0 .9239
5 24 0 1 0 .3827 0 .9239 .7072 0 .7072 0 0 1

0 FILE 2-4cylc.dat
0 Cylinder Closed 0.5
0 Name: 2-4cylc.dat
0 Author: Alex Taylor [anathema]
0 !LDRAW_ORG Primitive UPDATE 2009-02
0 !LICENSE Licensed under CC BY 4.0 : see CAreadme.txt

0 BFC CERTIFY CCW

0 !HISTORY 2009-09-03 [PTadmin] Official Update 2009-02


1 16 0 0 0 1 0 0 0 1 0 0 0 1 2-4edge.dat
1 16 0 1 0 1 0 0 0 1 0 0 0 1 2-4edge.dat
1 16 0 0 0 1 0 0 0 1 0 0 0 1 2-4disc.dat
1 16 0 0 0 1 0 0 0 1 0 0 0 1 2-4cyli.dat
0

0 FILE 2-4ring2.dat
0 Ring  2 x 0.5
0 Name: 2-4ring2.dat
0 Author: Chris Dee [cwdee]
0 !LDRAW_ORG Primitive UPDATE 2012-01
0 !LICENSE Licensed under CC BY 4.0 : see CAreadme.txt

0 BFC CERTIFY CCW

0 !HISTORY 2001-10-26 [PTadmin] Official Update 2001-01
0 !HISTORY 2007-06-24 [PTadmin] Header formatted for Contributor Agreement
0 !HISTORY 2008-07-01 [PTadmin] Official Update 2008-01
0 !HISTORY 2012-02-16 [Philo] Changed to CCW
0 !HISTORY 2012-03-30 [PTadmin] Official Update 2012-01


4 16 3 0 0 2.7717 0 1.1481 1.8478 0 0.7654 2 0 0
4 16 2.7717 0 1.1481 2.1213 0 2.1213 1.4142 0 1.4142 1.8478 0 0.7654
4 16 2.1213 0 2.1213 1.1481 0 2.7717 0.7654 0 1.8478 1.4142 0 1.4142
4 16 1.1481 0 2.7717 0 0 3 0 0 2 0.7654 0 1.8478
4 16 0 0 3 -1.1481 0 2.7717 -0.7654 0 1.8478 0 0 2
4 16 -1.1481 0 2.7717 -2.1213 0 2.1213 -1.4142 0 1.4142 -0.7654 0 1.8478
4 16 -2.1213 0 2.1213 -2.7717 0 1.1481 -1.8478 0 0.7654 -1.4142 0 1.4142
4 16 -2.7717 0 1.1481 -3 0 0 -2 0 0 -1.8478 0 0.7654

0 FILE parts/s/973s01.dat
0 ~Minifig Torso without Front or Back
0 Name: s\973s01.dat
0 Author: Steve Bliss [sbliss]
0 !LDRAW_ORG Subpart UPDATE 2018-02
0 !LICENSE Licensed under CC BY 4.0 : see CAreadme.txt

0 BFC CERTIFY CCW

0 !HISTORY 1999-04-16 [sbliss] Moved to s\973s01.dat; removed back area; updated comment code
0 !HISTORY 1999-04-19 [sbliss] Fixed internal surface error
0 !HISTORY 1999-05-17 [PTadmin] Official Update 1999-03
0 !HISTORY 1999-05-24 [PTadmin] Official Update 1999-04
0 !HISTORY 2000-11-05 [cwdee] Removed hard-coded neck mark; now required in main part
0 !HISTORY 2001-10-26 [PTadmin] Official Update 2001-01
0 !HISTORY 2002-02-05 [cwdee] Corrected L3P -check warnings; bow-tie quads mainly
0 !HISTORY 2002-02-18 [PTadmin] Official Update 2002-01
0 !HISTORY 2002-02-19 [sbliss] Made it fully BFC compliant
0 !HISTORY 2002-04-25 [PTadmin] Official Update 2002-02
0 !HISTORY 2007-09-14 [PTadmin] Header formatted for Contributor Agreement
0 !HISTORY 2008-07-01 [PTadmin] Official Update 2008-01
0 !HISTORY 2018-11-15 [Steffen] minor polish
0 !HISTORY 2018-11-17 [Philo] Removed bottom bleeding, useless t-juctions, used more primitives
0 !HISTORY 2018-12-08 [PTadmin] Official Update 2018-02


0 // front:
0 // 4 16 -19 29 -10 19 32 -10 -19 32 -10 19 29 -10
0 // 4 16 19 29 -10 -19 29 -10 -14.345 2 -10 14.345 2 -10
0 // 4 16 -14.345 2 -10 -12 0 -10 12 0 -10 14.345 2 -10
0 // back:
0 // 4 16 19 29 10 -19 32 10 19 32 10 -19 29 10
0 // 4 16 -19 29 10 19 29 10 -14.345 2 10 14.345 2 10
0 // 4 16 -14.345 2 10 12 0 10 -12 0 10 14.345 2 10
0 // neck mark:
0 // 1 16 0 -4 0 4.243 0 -4.243 0 -8 0 -4.243 0 -4.243 1-4cyli.dat

2 24 -19 32 -10 19 32 -10
2 24 19 32 10 -19 32 10
2 24 -16 32 -6 -6.536 32 -6
2 24 6.536 32 -6 16 32 -6
2 24 16 32 6 6.536 32 6
2 24 -6.536 32 6 -16 32 6
2 24 -6.536 32 -6 -6.536 3 -6
2 24 6.536 32 -6 6.536 3 -6
2 24 -6.536 32 6 -6.536 3 6
2 24 6.536 32 6 6.536 3 6
2 24 -12.484 3 -6 -6.536 3 -6
2 24 6.536 3 -6 12.484 3 -6
2 24 12.484 3 6 6.536 3 6
2 24 -6.536 3 6 -12.484 3 6
2 24 -12.484 3 -6 -16 23.37 -6
2 24 -12.484 3 6 -16 23.37 6
2 24 12.484 3 6 16 23.37 6
2 24 12.484 3 -6 16 23.37 -6
2 24 -19 29 -10 -14.345 2 -10
2 24 -19 29 10 -14.345 2 10
2 24 19 29 -10 14.345 2 -10
2 24 19 29 10 14.345 2 10
2 24 -14.345 2 -10 -14 0 -8
2 24 -14.345 2 -10 -12 0 -10
2 24 -14.345 2 10 -14 0 8
2 24 -14.345 2 10 -12 0 10
2 24 14.345 2 -10 14 0 -8
2 24 14.345 2 -10 12 0 -10
2 24 14.345 2 10 14 0 8
2 24 14.345 2 10 12 0 10
2 24 -14 0 -8 -14 0 8
2 24 -14 0 8 -12 0 10
2 24 12 0 10 14 0 8
2 24 14 0 8 14 0 -8
2 24 14 0 -8 12 0 -10
2 24 -12 0 -10 -14 0 -8
4 16 16 32 -6 19 32 -10 -19 32 -10 -16 32 -6
4 16 16 32 6 19 32 10 19 32 -10 16 32 -6
4 16 -16 32 6 -19 32 10 19 32 10 16 32 6
4 16 -16 32 -6 -19 32 -10 -19 32 10 -16 32 6
1 16 -16 27.685 0 0 -1 0 0 0 -4.315 6 0 0 rect.dat
1 16 16 27.685 0 0 1 0 4.315 0 0 0 0 -6 rect.dat
1 16 0 3 0 0 0 -12.484 0 -1 0 -6 0 0 rect2p.dat
1 16 19 30.5 0 0 -1 0 0 0 -1.5 10 0 0 rect.dat
1 16 -19 30.5 0 0 1 0 0 0 -1.5 -10 0 0 rect.dat
4 16 -14 0 8 -14.345 2 10 -14.345 2 -10 -14 0 -8
4 16 14.345 2 -10 14.345 2 10 14 0 8 14 0 -8
4 16 -14 0 -8 -12 0 -10 -12 0 10 -14 0 8
1 16 0 0 0 -12 0 0 0 1 0 0 0 -10 rect2p.dat
4 16 14 0 8 12 0 10 12 0 -10 14 0 -8
3 16 -14 0 -8 -14.345 2 -10 -12 0 -10
3 16 14 0 -8 12 0 -10 14.345 2 -10
3 16 14 0 8 14.345 2 10 12 0 10
3 16 -14 0 8 -12 0 10 -14.345 2 10
1 16 0 0 0 6 0 0 0 1 0 0 0 6 4-4edge.dat
1 16 0 -12 0 6 0 0 0 1 0 0 0 6 4-4edge.dat
1 16 0 0 0 6 0 0 0 -4 0 0 0 6 4-4cyli.dat
1 16 0 -4 0 4.243 0 4.243 0 -8 0 -4.243 0 4.243 3-4cyli.dat
1 16 0 -12 0 6 0 0 0 1 0 0 0 6 4-4disc.dat
0 BFC INVERTNEXT
1 16 13.558 9.221 0 0.85 1.97 0 4.925 -0.34 0 0 0 5 4-4cylo.dat
1 16 13.558 9.221 0 0.85 0 0 4.925 -1 0 0 0 5 4-4ndis.dat
1 16 15.528 8.881 0 0.85 0 0 4.925 1 0 0 0 5 4-4ndis.dat

0 BFC INVERTNEXT
1 16 -13.558 9.221 0 -0.85 -1.97 0 4.925 -0.34 0 0 0 5 4-4cylo.dat
1 16 -13.558 9.221 0 -0.85 0 0 4.925 -1 0 0 0 5 4-4ndis.dat
1 16 -15.528 8.881 0 -0.85 0 0 4.925 1 0 0 0 5 4-4ndis.dat
4 16 -14.345 2 10 -14.678 3.956 5 -14.678 3.956 -5 -14.345 2 -10
4 16 -19 29 -10 -14.345 2 -10 -14.678 3.956 -5 -16.378 13.806 -5
4 16 -19 29 -10 -16.378 13.806 -5 -16.378 13.806 5 -19 29 10
4 16 -19 29 10 -16.378 13.806 5 -14.678 3.956 5 -14.345 2 10
4 16 -12.484 3 -6 -12.708 4.296 -5 -12.708 4.296 5 -12.484 3 6
4 16 -12.484 3 6 -12.708 4.296 5 -14.408 14.146 5 -16 23.37 6
4 16 -16 23.37 -6 -16 23.37 6 -14.408 14.146 5 -14.408 14.146 -5
4 16 -16 23.37 -6 -14.408 14.146 -5 -12.708 4.296 -5 -12.484 3 -6
4 16 14.678 3.956 -5 14.678 3.956 5 14.345 2 10 14.345 2 -10
4 16 14.678 3.956 -5 14.345 2 -10 19 29 -10 16.378 13.806 -5
4 16 16.378 13.806 5 16.378 13.806 -5 19 29 -10 19 29 10
4 16 14.678 3.956 5 16.378 13.806 5 19 29 10 14.345 2 10
4 16 12.708 4.296 5 12.708 4.296 -5 12.484 3 -6 12.484 3 6
4 16 14.408 14.146 5 12.708 4.296 5 12.484 3 6 16 23.37 6
4 16 14.408 14.146 5 16 23.37 6 16 23.37 -6 14.408 14.146 -5
4 16 12.708 4.296 -5 14.408 14.146 -5 16 23.37 -6 12.484 3 -6
1 16 4 3 3.464 2.536 0 0 0 29 0 2.536 0 2.536 tri3a4.dat
1 16 -4 3 3.464 -2.536 0 0 0 29 0 2.536 0 2.536 tri3a4.dat
1 16 4 3 -3.464 2.536 0 0 0 29 0 -2.536 0 -2.536 tri3a4.dat
1 16 -4 3 -3.464 -2.536 0 0 0 29 0 -2.536 0 -2.536 tri3a4.dat
4 16 -6.536 32 -6 -16 32 -6 -12.484 3 -6 -6.536 3 -6
3 16 -16 23.37 -6 -12.484 3 -6 -16 32 -6
4 16 12.484 3 -6 16 32 -6 6.536 32 -6 6.536 3 -6
3 16 12.484 3 -6 16 23.37 -6 16 32 -6
1 16 0 17.5 -6 -4 0 0 0 0 -14.5 0 -1 0 rect.dat
4 16 -12.484 3 6 -16 32 6 -6.536 32 6 -6.536 3 6
3 16 -12.484 3 6 -16 23.37 6 -16 32 6
4 16 6.536 32 6 16 32 6 12.484 3 6 6.536 3 6
3 16 16 23.37 6 12.484 3 6 16 32 6
1 16 0 17.5 6 0 0 4 14.5 0 0 0 1 0 rect.dat

0 FILE 1-4cyli.dat
0 Cylinder 0.25
0 Name: 1-4cyli.dat
0 Author: James Jessiman
0 !LDRAW_ORG Primitive UPDATE 2012-01
0 !LICENSE Licensed under CC BY 4.0 : see CAreadme.txt

0 BFC CERTIFY CCW

0 !HISTORY 2002-03-23 [sbliss] Added BFC statement.
0 !HISTORY 2002-04-25 [PTadmin] Official Update 2002-02
0 !HISTORY 2007-06-22 [PTadmin] Header formatted for Contributor Agreement
0 !HISTORY 2008-07-01 [PTadmin] Official Update 2008-01
0 !HISTORY 2012-02-16 [Philo] Changed to CCW
0 !HISTORY 2012-03-30 [PTadmin] Official Update 2012-01


4 16 1 1 0 0.9239 1 0.3827 0.9239 0 0.3827 1 0 0
5 24 1 0 0 1 1 0 0.9239 0 0.3827 1 0 -1
4 16 0.9239 1 0.3827 0.7071 1 0.7071 0.7071 0 0.7071 0.9239 0 0.3827
5 24 0.9239 0 0.3827 0.9239 1 0.3827 0.7071 0 0.7071 1 0 0
4 16 0.7071 1 0.7071 0.3827 1 0.9239 0.3827 0 0.9239 0.7071 0 0.7071
5 24 0.7071 0 0.7071 0.7071 1 0.7071 0.3827 0 0.9239 0.9239 0 0.3827
4 16 0.3827 1 0.9239 0 1 1 0 0 1 0.3827 0 0.9239
5 24 0.3827 0 0.9239 0.3827 1 0.9239 0 0 1 0.7071 0 0.7071
5 24 0 0 1 0 1 1 0.3827 0 0.9239 -1 0 1

0 FILE parts/s/10303s01.dat
0 ~Minifig Arm Bat Wing - Half
0 Name: s\10303s01.dat
0 Author: Magnus Forsberg [MagFors]
0 !LDRAW_ORG Subpart UPDATE 2020-03
0 !LICENSE Licensed under CC BY 4.0 : see CAreadme.txt

0 BFC CERTIFY CCW

0 !HISTORY 2020-12-29 [PTadmin] Official Update 2020-03


2 24 0 -6.65 0 0 -6.1439 2.545
2 24 0 -6.1439 2.545 0 -4.7022 4.7022
2 24 0 -4.7022 4.7022 0 -2.545 6.1439
2 24 0 -2.545 6.1439 0 0 6.65
2 24 0 0 -6.65 0 -2.545 -6.1439
2 24 0 -2.545 -6.1439 0 -4.7022 -4.7022
2 24 0 -4.7022 -4.7022 0 -6.1439 -2.545
2 24 0 -6.1439 -2.545 0 -6.65 0

2 24 -23.9193 0 -9.4059 -23.621 -1.7987 -9.6033
2 24 -23.621 -1.7987 -9.6033 -22.7713 -3.3234 -10.1657
2 24 -22.7713 -3.3234 -10.1657 -21.4999 -4.3423 -11.0072
2 24 -21.4999 -4.3423 -11.0072 -20 -4.7 -12
2 24 -20 -4.7 -12 -18.5 -4.3423 -12.9928
2 24 -18.5 -4.3423 -12.9928 -17.2287 -3.3234 -13.8343
2 24 -17.2287 -3.3234 -13.8343 -16.379 -1.7987 -14.3967
2 24 -16.379 -1.7987 -14.3967 -16.0807 0 -14.5941

4 16 0 -4.7022 -4.7022 0 -2.545 -6.1439 0 0 -6.65 0 0 -3
4 16 0 -6.65 0 0 -3 0 0 -4.7022 4.7022 0 -6.1439 2.545
4 16 0 0 6.65 0 -2.545 6.1439 0 -4.7022 4.7022 0 0 3
4 16 0 -6.65 0 0 -6.1439 -2.545 0 -4.7022 -4.7022 0 -3 0
3 16 0 -4.7022 -4.7022 0 0 -3 0 -3 0
3 16 0 -3 0 0 0 3 0 -4.7022 4.7022
4 16 -22.807 0 -5.449 -22.021 -2.76 -6.072 -19.176 -3.039 -1.576 -20.042 0 -0.831
3 16 -15.328 -3.25 2.212 -16.16 0 3.232 -20.042 0 -0.831
3 16 -20.042 0 -0.831 -19.176 -3.039 -1.576 -15.328 -3.25 2.212
3 16 -10.474 -3.356 4.651 -11.24 0 5.903 -16.16 0 3.232
3 16 -10.474 -3.356 4.651 -16.16 0 3.232 -15.328 -3.25 2.212
3 16 -5.262 -3.394 5.642 -5.539 0 6.743 -11.24 0 5.903
3 16 -5.262 -3.394 5.642 -11.24 0 5.903 -10.474 -3.356 4.651
3 16 0 -2.545 6.1439 0 0 6.65 -5.539 0 6.743
3 16 0 -2.545 6.1439 -5.539 0 6.743 -5.262 -3.394 5.642
3 16 -5.262 -3.394 5.642 0 -4.7022 4.7022 0 -2.545 6.1439
3 16 -4.846 -5.878 3.236 0 -4.7022 4.7022 -5.262 -3.394 5.642
3 16 0 -4.7022 4.7022 -4.846 -5.878 3.236 0 -6.1439 2.545
3 16 -4.846 -5.878 3.236 -5.262 -3.394 5.642 -10.474 -3.356 4.651
3 16 -4.846 -5.878 3.236 -10.474 -3.356 4.651 -9.611 -5.761 2.191
3 16 -9.611 -5.761 2.191 -10.474 -3.356 4.651 -15.328 -3.25 2.212
3 16 -9.611 -5.761 2.191 -15.328 -3.25 2.212 -14.024 -5.522 -0.11
4 16 -14.024 -5.522 -0.11 -15.328 -3.25 2.212 -19.176 -3.039 -1.576 -17.641 -5.17 -3.466
4 16 -17.641 -5.17 -3.466 -19.176 -3.039 -1.576 -22.021 -2.76 -6.072 -20.455 -4.724 -7.452
3 16 -22.021 -2.76 -6.072 -22.807 0 -5.449 -23.621 -1.7987 -9.6033
3 16 -23.9193 0 -9.4059 -23.621 -1.7987 -9.6033 -22.807 0 -5.449
3 16 -21.4999 -4.3423 -11.0072 -20.455 -4.724 -7.452 -22.7713 -3.3234 -10.1657
3 16 -20.455 -4.724 -7.452 -22.021 -2.76 -6.072 -22.7713 -3.3234 -10.1657
3 16 -23.621 -1.7987 -9.6033 -22.7713 -3.3234 -10.1657 -22.021 -2.76 -6.072
4 16 -21.4999 -4.3423 -11.0072 -22.7713 -3.3234 -10.1657 -22.0847 -2.5 -10.6202 -20 -4.7 -12
3 16 -23.9193 0 -9.4059 -22.0847 0 -10.6202 -23.621 -1.7987 -9.6033
4 16 -22.7713 -3.3234 -10.1657 -23.621 -1.7987 -9.6033 -22.0847 0 -10.6202 -22.0847 -2.5 -10.6202
3 16 0 -6.1439 2.545 -4.846 -5.878 3.236 -4.344 -6.687 -0.15
3 16 -4.344 -6.687 -0.15 0 -6.65 0 0 -6.1439 2.545
4 16 -4.344 -6.687 -0.15 -4.846 -5.878 3.236 -9.611 -5.761 2.191 -8.578 -6.543 -1.104
3 16 -14.024 -5.522 -0.11 -8.578 -6.543 -1.104 -9.611 -5.761 2.191
3 16 -12.454 -6.252 -3.027 -8.578 -6.543 -1.104 -14.024 -5.522 -0.11
4 16 -12.454 -6.252 -3.027 -14.024 -5.522 -0.11 -17.641 -5.17 -3.466 -15.732 -5.877 -5.847
4 16 -15.732 -5.877 -5.847 -17.641 -5.17 -3.466 -20.455 -4.724 -7.452 -18.386 -5.41 -9.258
3 16 -20.455 -4.724 -7.452 -21.4999 -4.3423 -11.0072 -18.386 -5.41 -9.258
3 16 -20 -4.7 -12 -18.386 -5.41 -9.258 -21.4999 -4.3423 -11.0072
3 16 0 -6.65 0 -4.344 -6.687 -0.15 0 -6.1439 -2.545
3 16 -3.855 -5.902 -3.446 0 -6.1439 -2.545 -4.344 -6.687 -0.15
3 16 -4.344 -6.687 -0.15 -8.578 -6.543 -1.104 -3.855 -5.902 -3.446
3 16 -8.578 -6.543 -1.104 -7.633 -5.702 -4.276 -3.855 -5.902 -3.446
3 16 -8.578 -6.543 -1.104 -12.454 -6.252 -3.027 -7.633 -5.702 -4.276
3 16 -7.633 -5.702 -4.276 -12.454 -6.252 -3.027 -11.129 -5.441 -5.595
4 16 -11.129 -5.441 -5.595 -12.454 -6.252 -3.027 -15.732 -5.877 -5.847 -14.077 -5.118 -7.997
4 16 -14.077 -5.118 -7.997 -15.732 -5.877 -5.847 -18.386 -5.41 -9.258 -16.417 -4.717 -10.995
3 16 -18.5 -4.3423 -12.9928 -18.386 -5.41 -9.258 -20 -4.7 -12
3 16 -18.386 -5.41 -9.258 -18.5 -4.3423 -12.9928 -16.417 -4.717 -10.995
3 16 -3.855 -5.902 -3.446 0 -4.7022 -4.7022 0 -6.1439 -2.545
3 16 -3.489 -3.227 -6.251 -3.855 -5.902 -3.446 -7.633 -5.702 -4.276
3 16 0 -4.7022 -4.7022 -3.489 -3.227 -6.251 0 -2.545 -6.1439
3 16 -3.855 -5.902 -3.446 -3.489 -3.227 -6.251 0 -4.7022 -4.7022
3 16 -3.489 -3.227 -6.251 -7.633 -5.702 -4.276 -6.97 -3.368 -6.586
3 16 -6.97 -3.368 -6.586 -7.633 -5.702 -4.276 -11.129 -5.441 -5.595
3 16 -6.97 -3.368 -6.586 -11.129 -5.441 -5.595 -10.295 -3.2 -7.311
4 16 -10.295 -3.2 -7.311 -11.129 -5.441 -5.595 -14.077 -5.118 -7.997 -13.015 -2.993 -9.44
4 16 -13.015 -2.993 -9.44 -14.077 -5.118 -7.997 -16.417 -4.717 -10.995 -15.006 -2.457 -12.283
3 16 -16.379 -1.7987 -14.3967 -15.006 -2.457 -12.283 -17.2287 -3.3234 -13.8343
3 16 -15.006 -2.457 -12.283 -16.417 -4.717 -10.995 -17.2287 -3.3234 -13.8343
3 16 -18.5 -4.3423 -12.9928 -17.2287 -3.3234 -13.8343 -16.417 -4.717 -10.995
3 16 -3.489 -3.227 -6.251 -3.225 0 -6.988 0 -2.545 -6.1439
3 16 0 0 -6.65 0 -2.545 -6.1439 -3.225 0 -6.988
4 16 -3.225 0 -6.988 -3.489 -3.227 -6.251 -6.97 -3.368 -6.586 -6.723 0 -7.318
3 16 -6.723 0 -7.318 -6.97 -3.368 -6.586 -10.295 -3.2 -7.311
3 16 -9.646 0 -7.687 -6.723 0 -7.318 -10.295 -3.2 -7.311
3 16 -9.646 0 -7.687 -10.295 -3.2 -7.311 -13.015 -2.993 -9.44
3 16 -9.646 0 -7.687 -13.015 -2.993 -9.44 -12.643 0 -9.874
3 16 -12.643 0 -9.874 -13.015 -2.993 -9.44 -15.006 -2.457 -12.283
3 16 -12.643 0 -9.874 -15.006 -2.457 -12.283 -14.611 0 -12.701
3 16 -16.379 -1.7987 -14.3967 -16.0807 0 -14.5941 -14.611 0 -12.701
3 16 -16.379 -1.7987 -14.3967 -14.611 0 -12.701 -15.006 -2.457 -12.283
4 16 -17.9153 -2.5 -13.3798 -17.2287 -3.3234 -13.8343 -18.5 -4.3423 -12.9928 -20 -4.7 -12
3 16 -20 -2.5 -12 -17.9153 -2.5 -13.3798 -20 -4.7 -12
3 16 -20 -2.5 -12 -20 -4.7 -12 -22.0847 -2.5 -10.6202
3 16 -17.9153 0 -13.3799 -16.0807 0 -14.5941 -16.379 -1.7987 -14.3967
4 16 -17.2287 -3.3234 -13.8343 -17.9153 -2.5 -13.3798 -17.9153 0 -13.3799 -16.379 -1.7987 -14.3967
3 16 -35.397 -1 4.226 -39.546 -1 0.404 -38.757 -1 0.307
3 16 -32.026 -1 10.218 -32.915 -1 11.215 -33.744 -1 7.774
4 16 -35.397 -1 4.226 -38.757 -1 0.307 -22.413 -1 -5.48 -19.75 -1 -1.074
4 16 -19.549 -1 -0.872 -32.026 -1 10.218 -33.744 -1 7.774 -19.75 -1 -1.074
3 16 -33.744 -1 7.774 -35.397 -1 4.226 -19.75 -1 -1.074
3 16 -32.996 0 10.882 -33.744 -1 7.774 -32.915 -1 11.215
3 16 -35.397 -1 4.226 -39.272 0 0.656 -39.546 -1 0.404
3 16 -16.997 -1 22.16 -12.962 -1 22.568 -17.534 -1 22.851
3 16 -10.341 -1 23.078 -5.627 -1 24.622 -5.561 -1 25.502
3 16 -9.122 -1 5.871 -12.962 -1 22.568 -16.997 -1 22.16
4 16 -5.459 -1 6.415 -4.062 -1 6.452 -5.627 -1 24.622 -10.341 -1 23.078
4 16 -9.122 -1 5.871 -5.459 -1 6.415 -10.341 -1 23.078 -12.962 -1 22.568
3 16 -5.561 -1 25.502 -5.801 0 25.38 -10.341 -1 23.078
3 16 -17.534 -1 22.851 -12.962 -1 22.568 -17.164 0 22.828
3 16 -20.404 -1 21.493 -23.78 -1 16.951 -20.211 -1 20.638
3 16 -30.677 -1 13.573 -29.678 -1 12.885 -26.692 -1 14.915
4 16 -12.887 -1 4.516 -20.211 -1 20.638 -23.78 -1 16.951 -15.912 -1 2.913
4 16 -26.692 -1 14.915 -29.678 -1 12.885 -16.956 -1 1.822 -15.912 -1 2.913
3 16 -15.912 -1 2.913 -23.78 -1 16.951 -26.692 -1 14.915
3 16 -23.78 -1 16.951 -20.404 -1 21.493 -20.622 0 21.2
3 16 -30.351 0 13.683 -30.677 -1 13.573 -26.692 -1 14.915
3 16 -39.867 -1.632 -0.179 -39.007 -1.77 -0.401 -38.757 -1 0.307
3 16 -39.867 -1.632 -0.179 -38.757 -1 0.307 -39.546 -1 0.404
4 16 -40.809 0 -2.844 -40.027 0 -3.285 -39.936 -1.023 -3.028 -40.725 -0.942 -2.606
4 16 -40.725 -0.942 -2.606 -39.936 -1.023 -3.028 -39.687 -1.77 -2.324 -40.495 -1.632 -1.956
4 16 -40.495 -1.632 -1.956 -39.687 -1.77 -2.324 -39.347 -2.043 -1.363 -40.181 -1.884 -1.068
4 16 -40.181 -1.884 -1.068 -39.347 -2.043 -1.363 -39.007 -1.77 -0.401 -39.867 -1.632 -0.179
3 16 -39.867 -1.632 -0.179 -39.546 -1 0.404 -40.647 -1.249 -0.138
3 16 -39.546 -1 0.404 -40.471 -0.721 0.36 -40.647 -1.249 -0.138
3 16 -39.546 -1 0.404 -39.272 0 0.656 -40.471 -0.721 0.36
3 16 -39.272 0 0.656 -40.407 0 0.542 -40.471 -0.721 0.36
4 16 -41.369 0 -2.177 -40.809 0 -2.844 -40.725 -0.942 -2.606 -41.304 -0.721 -1.995
4 16 -41.304 -0.721 -1.995 -40.725 -0.942 -2.606 -40.495 -1.632 -1.956 -41.128 -1.249 -1.497
4 16 -41.128 -1.249 -1.497 -40.495 -1.632 -1.956 -40.181 -1.884 -1.068 -40.888 -1.442 -0.817
4 16 -40.888 -1.442 -0.817 -40.181 -1.884 -1.068 -39.867 -1.632 -0.179 -40.647 -1.249 -0.138
4 16 -41.23 -0.676 -0.282 -40.647 -1.249 -0.138 -40.471 -0.721 0.36 -41.135 -0.39 -0.013
4 16 -41.135 -0.39 -0.013 -40.471 -0.721 0.36 -40.407 0 0.542 -41.1 0 0.086
4 16 -41.621 0 -1.386 -41.369 0 -2.177 -41.304 -0.721 -1.995 -41.586 -0.39 -1.288
4 16 -41.586 -0.39 -1.288 -41.304 -0.721 -1.995 -41.128 -1.249 -1.497 -41.491 -0.676 -1.018
4 16 -41.491 -0.676 -1.018 -41.128 -1.249 -1.497 -40.888 -1.442 -0.817 -41.36 -0.781 -0.65
4 16 -41.36 -0.781 -0.65 -40.888 -1.442 -0.817 -40.647 -1.249 -0.138 -41.23 -0.676 -0.282
3 16 -41.135 -0.39 -0.013 -41.526 0 -0.592 -41.23 -0.676 -0.282
3 16 -41.1 0 0.086 -41.526 0 -0.592 -41.135 -0.39 -0.013
3 16 -41.586 -0.39 -1.288 -41.526 0 -0.592 -41.621 0 -1.386
3 16 -41.491 -0.676 -1.018 -41.526 0 -0.592 -41.586 -0.39 -1.288
3 16 -41.36 -0.781 -0.65 -41.526 0 -0.592 -41.491 -0.676 -1.018
3 16 -41.23 -0.676 -0.282 -41.526 0 -0.592 -41.36 -0.781 -0.65
3 16 -39.007 -1.77 -0.401 -22.413 -1 -5.48 -38.757 -1 0.307
3 16 -22.3621 -1.5621 -5.8016 -22.413 -1 -5.48 -39.007 -1.77 -0.401
3 16 -22.3621 -1.5621 -5.8016 -39.347 -2.043 -1.363 -22.692 -2.0661 -7.2533
3 16 -39.007 -1.77 -0.401 -39.347 -2.043 -1.363 -22.3621 -1.5621 -5.8016
4 16 -39.687 -1.77 -2.324 -23.1194 -1.7962 -8.1831 -22.692 -2.0661 -7.2533 -39.347 -2.043 -1.363
3 16 -23.4201 -1.3547 -8.5779 -39.687 -1.77 -2.324 -39.936 -1.023 -3.028
3 16 -39.687 -1.77 -2.324 -23.4201 -1.3547 -8.5779 -23.1194 -1.7962 -8.1831
3 16 -39.936 -1.023 -3.028 -23.55 -1.0433 -8.8281 -23.4201 -1.3547 -8.5779
4 16 -23.8058 0 -9.0235 -23.55 -1.0433 -8.8281 -39.936 -1.023 -3.028 -40.027 0 -3.285
3 16 -31.395 -1.639 13.279 -30.18 -1.777 12.318 -29.678 -1 12.885
3 16 -31.395 -1.639 13.279 -29.678 -1 12.885 -30.677 -1 13.573
3 16 -32.915 -1 11.215 -32.026 -1 10.218 -31.526 -1.777 10.786
3 16 -32.915 -1 11.215 -31.526 -1.777 10.786 -32.638 -1.639 11.864
4 16 -32.638 -1.639 11.864 -31.526 -1.777 10.786 -30.853 -2.05 11.552 -32.017 -1.891 12.572
4 16 -32.017 -1.891 12.572 -30.853 -2.05 11.552 -30.18 -1.777 12.318 -31.395 -1.639 13.279
3 16 -30.677 -1 13.573 -32.293 -1.256 13.774 -31.395 -1.639 13.279
3 16 -31.945 -0.728 14.171 -32.293 -1.256 13.774 -30.677 -1 13.573
3 16 -30.351 0 13.683 -31.945 -0.728 14.171 -30.677 -1 13.573
3 16 -31.817 0 14.316 -31.945 -0.728 14.171 -30.351 0 13.683
3 16 -32.915 -1 11.215 -33.722 0 12.149 -32.996 0 10.882
3 16 -33.594 -0.728 12.294 -33.722 0 12.149 -32.915 -1 11.215
3 16 -32.638 -1.639 11.864 -33.594 -0.728 12.294 -32.915 -1 11.215
3 16 -33.246 -1.256 12.691 -33.594 -0.728 12.294 -32.638 -1.639 11.864
4 16 -33.246 -1.256 12.691 -32.638 -1.639 11.864 -32.017 -1.891 12.572 -32.769 -1.449 13.232
4 16 -32.769 -1.449 13.232 -32.017 -1.891 12.572 -31.395 -1.639 13.279 -32.293 -1.256 13.774
4 16 -32.823 -0.683 13.8 -32.293 -1.256 13.774 -31.945 -0.728 14.171 -32.635 -0.397 14.014
4 16 -32.635 -0.397 14.014 -31.945 -0.728 14.171 -31.817 0 14.316 -32.566 0 14.093
4 16 -33.596 0 12.92 -33.722 0 12.149 -33.594 -0.728 12.294 -33.527 -0.397 12.999
4 16 -33.527 -0.397 12.999 -33.594 -0.728 12.294 -33.246 -1.256 12.691 -33.339 -0.683 13.213
4 16 -33.339 -0.683 13.213 -33.246 -1.256 12.691 -32.769 -1.449 13.232 -33.081 -0.787 13.506
4 16 -33.081 -0.787 13.506 -32.769 -1.449 13.232 -32.293 -1.256 13.774 -32.823 -0.683 13.8
3 16 -32.823 -0.683 13.8 -32.635 -0.397 14.014 -33.213 0 13.623
3 16 -32.635 -0.397 14.014 -32.566 0 14.093 -33.213 0 13.623
3 16 -33.596 0 12.92 -33.527 -0.397 12.999 -33.213 0 13.623
3 16 -33.527 -0.397 12.999 -33.339 -0.683 13.213 -33.213 0 13.623
3 16 -33.339 -0.683 13.213 -33.081 -0.787 13.506 -33.213 0 13.623
3 16 -33.081 -0.787 13.506 -32.823 -0.683 13.8 -33.213 0 13.623
3 16 -29.678 -1 12.885 -30.18 -1.777 12.318 -16.956 -1 1.822
3 16 -30.18 -1.777 12.318 -17.256 -1.861 1.02 -16.956 -1 1.822
4 16 -30.853 -2.05 11.552 -17.911 -2.146 0.175 -17.256 -1.861 1.02 -30.18 -1.777 12.318
4 16 -31.526 -1.777 10.786 -18.746 -1.861 -0.51 -17.911 -2.146 0.175 -30.853 -2.05 11.552
3 16 -32.026 -1 10.218 -19.549 -1 -0.872 -18.746 -1.861 -0.51
3 16 -32.026 -1 10.218 -18.746 -1.861 -0.51 -31.526 -1.777 10.786
4 16 -18.128 -1.639 22.602 -17.682 -1.777 21.833 -16.997 -1 22.16 -17.534 -1 22.851
3 16 -20.211 -1 20.638 -19.529 -1.777 20.968 -20.404 -1 21.493
3 16 -19.529 -1.777 20.968 -19.834 -1.639 21.802 -20.404 -1 21.493
4 16 -19.834 -1.639 21.802 -19.529 -1.777 20.968 -18.605 -2.051 21.4 -18.981 -1.892 22.202
4 16 -18.981 -1.892 22.202 -18.605 -2.051 21.4 -17.682 -1.777 21.833 -18.128 -1.639 22.602
4 16 -18.646 -1.256 23.187 -18.128 -1.639 22.602 -17.534 -1 22.851 -18.168 -0.728 23.411
3 16 -17.534 -1 22.851 -17.164 0 22.828 -18.168 -0.728 23.411
3 16 -17.164 0 22.828 -17.993 0 23.493 -18.168 -0.728 23.411
3 16 -20.622 0 21.2 -20.404 -1 21.493 -20.605 0 22.268
3 16 -20.404 -1 21.493 -20.43 -0.728 22.351 -20.605 0 22.268
3 16 -20.404 -1 21.493 -19.834 -1.639 21.802 -20.43 -0.728 22.351
3 16 -19.834 -1.639 21.802 -19.952 -1.256 22.575 -20.43 -0.728 22.351
4 16 -19.952 -1.256 22.575 -19.834 -1.639 21.802 -18.981 -1.892 22.202 -19.299 -1.45 22.881
4 16 -19.299 -1.45 22.881 -18.981 -1.892 22.202 -18.128 -1.639 22.602 -18.646 -1.256 23.187
4 16 -19.159 -0.683 23.5 -18.646 -1.256 23.187 -18.168 -0.728 23.411 -18.9 -0.398 23.622
4 16 -18.9 -0.398 23.622 -18.168 -0.728 23.411 -17.993 0 23.493 -18.805 0 23.666
4 16 -20.219 0 23.003 -20.605 0 22.268 -20.43 -0.728 22.351 -20.124 -0.398 23.048
4 16 -20.124 -0.398 23.048 -20.43 -0.728 22.351 -19.952 -1.256 22.575 -19.865 -0.683 23.169
4 16 -19.865 -0.683 23.169 -19.952 -1.256 22.575 -19.299 -1.45 22.881 -19.512 -0.788 23.335
4 16 -19.512 -0.788 23.335 -19.299 -1.45 22.881 -18.646 -1.256 23.187 -19.159 -0.683 23.5
3 16 -19.587 0 23.494 -19.159 -0.683 23.5 -18.9 -0.398 23.622
3 16 -19.587 0 23.494 -18.9 -0.398 23.622 -18.805 0 23.666
3 16 -19.587 0 23.494 -20.219 0 23.003 -20.124 -0.398 23.048
3 16 -19.587 0 23.494 -20.124 -0.398 23.048 -19.865 -0.683 23.169
3 16 -19.587 0 23.494 -19.865 -0.683 23.169 -19.512 -0.788 23.335
3 16 -19.587 0 23.494 -19.512 -0.788 23.335 -19.159 -0.683 23.5
3 16 -9.122 -1 5.871 -16.997 -1 22.16 -17.682 -1.777 21.833
3 16 -9.122 -1 5.871 -17.682 -1.777 21.833 -9.83 -1.978 5.35
3 16 -18.605 -2.051 21.4 -10.714 -2.279 5.06 -9.83 -1.978 5.35
3 16 -18.605 -2.051 21.4 -9.83 -1.978 5.35 -17.682 -1.777 21.833
3 16 -19.529 -1.777 20.968 -11.946 -1.975 4.546 -10.714 -2.279 5.06
3 16 -19.529 -1.777 20.968 -10.714 -2.279 5.06 -18.605 -2.051 21.4
3 16 -20.211 -1 20.638 -12.887 -1 4.516 -11.946 -1.975 4.546
3 16 -20.211 -1 20.638 -11.946 -1.975 4.546 -19.529 -1.777 20.968
4 16 -3.029 -1.783 25.803 -2.872 -1.933 24.858 -2.142 -1.121 24.921 -2.355 -1.032 25.861
4 16 -2.355 -1.032 25.861 -2.142 -1.121 24.921 -1.875 0 24.944 -2.108 0 25.882
3 16 -4.866 -1.933 24.687 -5.561 -1 25.502 -5.627 -1 24.622
3 16 -4.872 -1.783 25.644 -5.561 -1 25.502 -4.866 -1.933 24.687
4 16 -4.872 -1.783 25.644 -4.866 -1.933 24.687 -3.869 -2.23 24.772 -3.951 -2.057 25.724
4 16 -3.951 -2.057 25.724 -3.869 -2.23 24.772 -2.872 -1.933 24.858 -3.029 -1.783 25.803
4 16 -3.308 -1.366 26.518 -3.029 -1.783 25.803 -2.355 -1.032 25.861 -2.792 -0.792 26.562
4 16 -2.792 -0.792 26.562 -2.355 -1.032 25.861 -2.108 0 25.882 -2.603 0 26.578
3 16 -5.424 0 26.336 -5.801 0 25.38 -5.561 -1 25.502
3 16 -5.424 0 26.336 -5.561 -1 25.502 -5.235 -0.792 26.352
3 16 -5.235 -0.792 26.352 -5.561 -1 25.502 -4.872 -1.783 25.644
3 16 -5.235 -0.792 26.352 -4.872 -1.783 25.644 -4.719 -1.366 26.396
4 16 -4.719 -1.366 26.396 -4.872 -1.783 25.644 -3.951 -2.057 25.724 -4.014 -1.576 26.457
4 16 -4.014 -1.576 26.457 -3.951 -2.057 25.724 -3.029 -1.783 25.803 -3.308 -1.366 26.518
4 16 -3.668 -0.743 26.903 -3.308 -1.366 26.518 -2.792 -0.792 26.562 -3.388 -0.432 26.927
4 16 -3.388 -0.432 26.927 -2.792 -0.792 26.562 -2.603 0 26.578 -3.286 0 26.936
4 16 -4.812 0 26.805 -5.424 0 26.336 -5.235 -0.792 26.352 -4.71 -0.432 26.814
4 16 -4.71 -0.432 26.814 -5.235 -0.792 26.352 -4.719 -1.366 26.396 -4.431 -0.743 26.838
4 16 -4.431 -0.743 26.838 -4.719 -1.366 26.396 -4.014 -1.576 26.457 -4.049 -0.856 26.87
4 16 -4.049 -0.856 26.87 -4.014 -1.576 26.457 -3.308 -1.366 26.518 -3.668 -0.743 26.903
3 16 -3.388 -0.432 26.927 -4.063 0 27.033 -3.668 -0.743 26.903
3 16 -3.286 0 26.936 -4.063 0 27.033 -3.388 -0.432 26.927
3 16 -4.71 -0.432 26.814 -4.063 0 27.033 -4.812 0 26.805
3 16 -4.431 -0.743 26.838 -4.063 0 27.033 -4.71 -0.432 26.814
3 16 -4.049 -0.856 26.87 -4.063 0 27.033 -4.431 -0.743 26.838
3 16 -3.668 -0.743 26.903 -4.063 0 27.033 -4.049 -0.856 26.87
4 16 -0.3037 0 6.6551 -1.875 0 24.944 -2.142 -1.121 24.921 -0.5458 -1.1383 6.4328
4 16 -0.5458 -1.1383 6.4328 -2.142 -1.121 24.921 -2.872 -1.933 24.858 -1.2683 -1.9622 6.2811
3 16 -2.0662 -2.2506 6.1527 -1.2683 -1.9622 6.2811 -3.869 -2.23 24.772
3 16 -1.2683 -1.9622 6.2811 -2.872 -1.933 24.858 -3.869 -2.23 24.772
3 16 -3.2772 -1.9456 6.2012 -2.0662 -2.2506 6.1527 -4.866 -1.933 24.687
3 16 -2.0662 -2.2506 6.1527 -3.869 -2.23 24.772 -4.866 -1.933 24.687
4 16 -5.627 -1 24.622 -4.062 -1 6.452 -3.2772 -1.9456 6.2012 -4.866 -1.933 24.687
2 24 -39.546 -1 0.404 -38.757 -1 0.307
2 24 -35.397 -1 4.226 -39.546 -1 0.404
2 24 -32.915 -1 11.215 -33.744 -1 7.774
2 24 -32.026 -1 10.218 -32.915 -1 11.215
2 24 -38.757 -1 0.307 -22.413 -1 -5.48
2 24 -22.413 -1 -5.48 -19.75 -1 -1.074
2 24 -19.549 -1 -0.872 -32.026 -1 10.218
2 24 -19.75 -1 -1.074 -19.549 -1 -0.872
2 24 -33.744 -1 7.774 -35.397 -1 4.226
2 24 -32.915 -1 11.215 -32.996 0 10.882
2 24 -39.272 0 0.656 -39.546 -1 0.404
2 24 -17.534 -1 22.851 -16.997 -1 22.16
2 24 -12.962 -1 22.568 -17.534 -1 22.851
2 24 -5.561 -1 25.502 -10.341 -1 23.078
2 24 -5.627 -1 24.622 -5.561 -1 25.502
2 24 -16.997 -1 22.16 -9.122 -1 5.871
2 24 -4.062 -1 6.452 -5.627 -1 24.622
2 24 -5.459 -1 6.415 -4.062 -1 6.452
2 24 -9.122 -1 5.871 -5.459 -1 6.415
2 24 -10.341 -1 23.078 -12.962 -1 22.568
2 24 -5.561 -1 25.502 -5.801 0 25.38
2 24 -17.164 0 22.828 -17.534 -1 22.851
2 24 -20.404 -1 21.493 -23.78 -1 16.951
2 24 -20.211 -1 20.638 -20.404 -1 21.493
2 24 -30.677 -1 13.573 -29.678 -1 12.885
2 24 -26.692 -1 14.915 -30.677 -1 13.573
2 24 -12.887 -1 4.516 -20.211 -1 20.638
2 24 -29.678 -1 12.885 -16.956 -1 1.822
2 24 -15.912 -1 2.913 -12.887 -1 4.516
2 24 -16.956 -1 1.822 -15.912 -1 2.913
2 24 -23.78 -1 16.951 -26.692 -1 14.915
2 24 -20.404 -1 21.493 -20.622 0 21.2
2 24 -30.351 0 13.683 -30.677 -1 13.573
2 24 -22.3621 -1.5621 -5.8016 -22.413 -1 -5.48
2 24 -22.692 -2.0661 -7.2533 -22.3621 -1.5621 -5.8016
2 24 -23.1194 -1.7962 -8.1831 -22.692 -2.0661 -7.2533
2 24 -23.4201 -1.3547 -8.5779 -23.1194 -1.7962 -8.1831
2 24 -23.55 -1.0433 -8.8281 -23.4201 -1.3547 -8.5779
2 24 -23.8058 0 -9.0235 -23.55 -1.0433 -8.8281
2 24 -17.256 -1.861 1.02 -16.956 -1 1.822
2 24 -17.911 -2.146 0.175 -17.256 -1.861 1.02
2 24 -18.746 -1.861 -0.51 -17.911 -2.146 0.175
2 24 -19.549 -1 -0.872 -18.746 -1.861 -0.51
2 24 -9.83 -1.978 5.35 -9.122 -1 5.871
2 24 -10.714 -2.279 5.06 -9.83 -1.978 5.35
2 24 -11.946 -1.975 4.546 -10.714 -2.279 5.06
2 24 -12.887 -1 4.516 -11.946 -1.975 4.546
2 24 -0.5458 -1.1383 6.4328 -0.3037 0 6.6551
2 24 -1.2683 -1.9622 6.2811 -0.5458 -1.1383 6.4328
2 24 -2.0662 -2.2506 6.1527 -1.2683 -1.9622 6.2811
2 24 -3.2772 -1.9456 6.2012 -2.0662 -2.2506 6.1527
2 24 -4.062 -1 6.452 -3.2772 -1.9456 6.2012
5 24 -22.021 -2.76 -6.072 -19.176 -3.039 -1.576 -17.641 -5.17 -3.466 -22.807 0 -5.449
5 24 -2.142 -1.121 24.921 -0.5458 -1.1383 6.4328 -2.872 -1.933 24.858 -0.3037 0 6.6551
5 24 -40.888 -1.442 -0.817 -41.36 -0.781 -0.65 -40.647 -1.249 -0.138 -41.491 -0.676 -1.018
5 24 -32.769 -1.449 13.232 -33.081 -0.787 13.506 -32.293 -1.256 13.774 -33.339 -0.683 13.213
5 24 -33.213 0 13.623 -32.635 -0.397 14.014 -32.566 0 14.093 -32.823 -0.683 13.8
5 24 -30.677 -1 13.573 -31.945 -0.728 14.171 -30.351 0 13.683 -32.293 -1.256 13.774
5 24 -3.951 -2.057 25.724 -4.014 -1.576 26.457 -3.029 -1.783 25.803 -4.719 -1.366 26.396
5 24 -33.594 -0.728 12.294 -33.722 0 12.149 -33.596 0 12.92 -32.915 -1 11.215
5 24 -39.687 -1.77 -2.324 -23.1194 -1.7962 -8.1831 -22.692 -2.0661 -7.2533 -23.4201 -1.3547 -8.5779
5 24 -40.888 -1.442 -0.817 -41.128 -1.249 -1.497 -41.491 -0.676 -1.018 -40.181 -1.884 -1.068
5 24 -11.129 -5.441 -5.595 -7.633 -5.702 -4.276 -12.454 -6.252 -3.027 -6.97 -3.368 -6.586
5 24 -4.872 -1.783 25.644 -5.561 -1 25.502 -5.235 -0.792 26.352 -4.866 -1.933 24.687
5 24 -22.807 0 -5.449 -22.021 -2.76 -6.072 -19.176 -3.039 -1.576 -23.621 -1.7987 -9.6033
5 24 -19.176 -3.039 -1.576 -15.328 -3.25 2.212 -14.024 -5.522 -0.11 -20.042 0 -0.831
5 24 -5.262 -3.394 5.642 -4.846 -5.878 3.236 -10.474 -3.356 4.651 0 -4.7022 4.7022
5 24 -20 -4.7 -12 -18.386 -5.41 -9.258 -21.4999 -4.3423 -11.0072 -18.5 -4.3423 -12.9928
5 24 -4.719 -1.366 26.396 -4.431 -0.743 26.838 -4.014 -1.576 26.457 -4.71 -0.432 26.814
5 24 -3.286 0 26.936 -3.388 -0.432 26.927 -4.063 0 27.033 -2.603 0 26.578
5 24 -7.633 -5.702 -4.276 -3.489 -3.227 -6.251 -6.97 -3.368 -6.586 -3.855 -5.902 -3.446
5 24 -39.936 -1.023 -3.028 -39.687 -1.77 -2.324 -23.4201 -1.3547 -8.5779 -40.725 -0.942 -2.606
5 24 -19.834 -1.639 21.802 -19.952 -1.256 22.575 -18.981 -1.892 22.202 -20.43 -0.728 22.351
5 24 -3.668 -0.743 26.903 -3.308 -1.366 26.518 -4.049 -0.856 26.87 -2.792 -0.792 26.562
5 24 -5.561 -1 25.502 -5.235 -0.792 26.352 -4.872 -1.783 25.644 -5.424 0 26.336
5 24 -4.866 -1.933 24.687 -3.2772 -1.9456 6.2012 -2.0662 -2.2506 6.1527 -5.627 -1 24.622
5 24 -39.347 -2.043 -1.363 -22.3621 -1.5621 -5.8016 -39.007 -1.77 -0.401 -22.692 -2.0661 -7.2533
5 24 -19.587 0 23.494 -19.159 -0.683 23.5 -18.9 -0.398 23.622 -19.512 -0.788 23.335
5 24 -40.027 0 -3.285 -39.936 -1.023 -3.028 -23.8058 0 -9.0235 -40.809 0 -2.844
5 24 -41.23 -0.676 -0.282 -40.647 -1.249 -0.138 -41.36 -0.781 -0.65 -40.471 -0.721 0.36
5 24 -20.124 -0.398 23.048 -20.219 0 23.003 -20.43 -0.728 22.351 -19.587 0 23.494
5 24 -32.638 -1.639 11.864 -32.915 -1 11.215 -33.594 -0.728 12.294 -31.526 -1.777 10.786
5 24 -33.213 0 13.623 -32.823 -0.683 13.8 -32.635 -0.397 14.014 -33.081 -0.787 13.506
5 24 -18.9 -0.398 23.622 -19.159 -0.683 23.5 -19.587 0 23.494 -18.168 -0.728 23.411
5 24 -5.561 -1 25.502 -4.866 -1.933 24.687 -4.872 -1.783 25.644 -5.627 -1 24.622
5 24 -3.308 -1.366 26.518 -4.014 -1.576 26.457 -4.049 -0.856 26.87 -3.029 -1.783 25.803
5 24 -16.379 -1.7987 -14.3967 -15.006 -2.457 -12.283 -14.611 0 -12.701 -17.2287 -3.3234 -13.8343
5 24 -22.021 -2.76 -6.072 -20.455 -4.724 -7.452 -22.7713 -3.3234 -10.1657 -17.641 -5.17 -3.466
5 24 -17.993 0 23.493 -18.168 -0.728 23.411 -17.164 0 22.828 -18.9 -0.398 23.622
5 24 -3.388 -0.432 26.927 -4.063 0 27.033 -3.286 0 26.936 -3.668 -0.743 26.903
5 24 -40.647 -1.249 -0.138 -40.888 -1.442 -0.817 -41.36 -0.781 -0.65 -39.867 -1.632 -0.179
5 24 -4.014 -1.576 26.457 -4.049 -0.856 26.87 -3.308 -1.366 26.518 -4.431 -0.743 26.838
5 24 -39.347 -2.043 -1.363 -22.692 -2.0661 -7.2533 -22.3621 -1.5621 -5.8016 -39.687 -1.77 -2.324
5 24 -39.936 -1.023 -3.028 -40.725 -0.942 -2.606 -39.687 -1.77 -2.324 -40.809 0 -2.844
5 24 -15.328 -3.25 2.212 -9.611 -5.761 2.191 -10.474 -3.356 4.651 -14.024 -5.522 -0.11
5 24 -9.611 -5.761 2.191 -4.846 -5.878 3.236 -4.344 -6.687 -0.15 -10.474 -3.356 4.651
5 24 -22.021 -2.76 -6.072 -22.7713 -3.3234 -10.1657 -20.455 -4.724 -7.452 -23.621 -1.7987 -9.6033
5 24 -12.643 0 -9.874 -13.015 -2.993 -9.44 -9.646 0 -7.687 -15.006 -2.457 -12.283
5 24 -18.128 -1.639 22.602 -17.682 -1.777 21.833 -16.997 -1 22.16 -18.981 -1.892 22.202
5 24 -41.23 -0.676 -0.282 -41.36 -0.781 -0.65 -40.647 -1.249 -0.138 -41.526 0 -0.592
5 24 -2.355 -1.032 25.861 -2.792 -0.792 26.562 -2.108 0 25.882 -3.308 -1.366 26.518
5 24 -39.347 -2.043 -1.363 -39.007 -1.77 -0.401 -22.3621 -1.5621 -5.8016 -40.181 -1.884 -1.068
5 24 -32.638 -1.639 11.864 -33.594 -0.728 12.294 -33.246 -1.256 12.691 -32.915 -1 11.215
5 24 -19.512 -0.788 23.335 -19.865 -0.683 23.169 -19.299 -1.45 22.881 -19.587 0 23.494
5 24 -32.017 -1.891 12.572 -32.638 -1.639 11.864 -33.246 -1.256 12.691 -30.853 -2.05 11.552
5 24 -18.386 -5.41 -9.258 -20.455 -4.724 -7.452 -15.732 -5.877 -5.847 -21.4999 -4.3423 -11.0072
5 24 -22.3621 -1.5621 -5.8016 -39.007 -1.77 -0.401 -22.413 -1 -5.48 -39.347 -2.043 -1.363
5 24 -20.43 -0.728 22.351 -19.834 -1.639 21.802 -19.952 -1.256 22.575 -20.404 -1 21.493
5 24 -17.682 -1.777 21.833 -9.83 -1.978 5.35 -18.605 -2.051 21.4 -9.122 -1 5.871
5 24 -33.081 -0.787 13.506 -33.339 -0.683 13.213 -32.769 -1.449 13.232 -33.213 0 13.623
5 24 -3.869 -2.23 24.772 -1.2683 -1.9622 6.2811 -2.872 -1.933 24.858 -2.0662 -2.2506 6.1527
5 24 -16.417 -4.717 -10.995 -14.077 -5.118 -7.997 -13.015 -2.993 -9.44 -18.386 -5.41 -9.258
5 24 -20.404 -1 21.493 -20.605 0 22.268 -20.43 -0.728 22.351 -20.622 0 21.2
5 24 -13.015 -2.993 -9.44 -9.646 0 -7.687 -12.643 0 -9.874 -10.295 -3.2 -7.311
5 24 -39.546 -1 0.404 -39.867 -1.632 -0.179 -40.647 -1.249 -0.138 -38.757 -1 0.307
5 24 -39.007 -1.77 -0.401 -38.757 -1 0.307 -22.413 -1 -5.48 -39.867 -1.632 -0.179
5 24 -5.262 -3.394 5.642 0 -2.545 6.1439 -5.539 0 6.743 0 -4.7022 4.7022
5 24 -41.36 -0.781 -0.65 -41.491 -0.676 -1.018 -40.888 -1.442 -0.817 -41.526 0 -0.592
5 24 -11.129 -5.441 -5.595 -12.454 -6.252 -3.027 -15.732 -5.877 -5.847 -7.633 -5.702 -4.276
5 24 -6.97 -3.368 -6.586 -11.129 -5.441 -5.595 -10.295 -3.2 -7.311 -7.633 -5.702 -4.276
5 24 -31.526 -1.777 10.786 -32.638 -1.639 11.864 -30.853 -2.05 11.552 -32.915 -1 11.215
5 24 -32.026 -1 10.218 -18.746 -1.861 -0.51 -31.526 -1.777 10.786 -19.549 -1 -0.872
5 24 -40.495 -1.632 -1.956 -40.725 -0.942 -2.606 -41.304 -0.721 -1.995 -39.687 -1.77 -2.324
5 24 -32.293 -1.256 13.774 -31.395 -1.639 13.279 -30.677 -1 13.573 -32.769 -1.449 13.232
5 24 -4.719 -1.366 26.396 -5.235 -0.792 26.352 -4.71 -0.432 26.814 -4.872 -1.783 25.644
5 24 -30.853 -2.05 11.552 -30.18 -1.777 12.318 -17.256 -1.861 1.02 -32.017 -1.891 12.572
5 24 -21.4999 -4.3423 -11.0072 -20.455 -4.724 -7.452 -22.7713 -3.3234 -10.1657 -18.386 -5.41 -9.258
5 24 -23.621 -1.7987 -9.6033 -22.021 -2.76 -6.072 -22.807 0 -5.449 -22.7713 -3.3234 -10.1657
5 24 -33.339 -0.683 13.213 -33.527 -0.397 12.999 -33.246 -1.256 12.691 -33.213 0 13.623
5 24 -17.534 -1 22.851 -18.168 -0.728 23.411 -17.164 0 22.828 -18.646 -1.256 23.187
5 24 -4.71 -0.432 26.814 -4.812 0 26.805 -5.235 -0.792 26.352 -4.063 0 27.033
5 24 -31.395 -1.639 13.279 -30.18 -1.777 12.318 -32.017 -1.891 12.572 -29.678 -1 12.885
5 24 -3.869 -2.23 24.772 -3.951 -2.057 25.724 -2.872 -1.933 24.858 -4.872 -1.783 25.644
5 24 -2.792 -0.792 26.562 -3.308 -1.366 26.518 -2.355 -1.032 25.861 -3.668 -0.743 26.903
5 24 -32.293 -1.256 13.774 -30.677 -1 13.573 -31.945 -0.728 14.171 -31.395 -1.639 13.279
5 24 -15.732 -5.877 -5.847 -12.454 -6.252 -3.027 -11.129 -5.441 -5.595 -17.641 -5.17 -3.466
5 24 -18.805 0 23.666 -18.9 -0.398 23.622 -19.587 0 23.494 -17.993 0 23.493
5 24 -41.1 0 0.086 -41.135 -0.39 -0.013 -40.407 0 0.542 -41.526 0 -0.592
5 24 -31.395 -1.639 13.279 -29.678 -1 12.885 -30.677 -1 13.573 -30.18 -1.777 12.318
5 24 -10.474 -3.356 4.651 -4.846 -5.878 3.236 -9.611 -5.761 2.191 -5.262 -3.394 5.642
5 24 -15.328 -3.25 2.212 -20.042 0 -0.831 -19.176 -3.039 -1.576 -16.16 0 3.232
5 24 -40.471 -0.721 0.36 -40.647 -1.249 -0.138 -39.546 -1 0.404 -41.23 -0.676 -0.282
5 24 -32.566 0 14.093 -32.635 -0.397 14.014 -31.817 0 14.316 -33.213 0 13.623
5 24 -20.455 -4.724 -7.452 -22.7713 -3.3234 -10.1657 -21.4999 -4.3423 -11.0072 -22.021 -2.76 -6.072
5 24 -15.732 -5.877 -5.847 -14.077 -5.118 -7.997 -18.386 -5.41 -9.258 -11.129 -5.441 -5.595
5 24 -17.256 -1.861 1.02 -30.18 -1.777 12.318 -16.956 -1 1.822 -30.853 -2.05 11.552
5 24 -32.026 -1 10.218 -31.526 -1.777 10.786 -18.746 -1.861 -0.51 -32.915 -1 11.215
5 24 -31.817 0 14.316 -31.945 -0.728 14.171 -32.635 -0.397 14.014 -30.351 0 13.683
5 24 -41.526 0 -0.592 -41.23 -0.676 -0.282 -41.135 -0.39 -0.013 -41.36 -0.781 -0.65
5 24 -5.627 -1 24.622 -4.866 -1.933 24.687 -3.2772 -1.9456 6.2012 -5.561 -1 25.502
5 24 -3.668 -0.743 26.903 -4.049 -0.856 26.87 -3.308 -1.366 26.518 -4.063 0 27.033
5 24 -38.757 -1 0.307 -39.867 -1.632 -0.179 -39.546 -1 0.404 -39.007 -1.77 -0.401
5 24 -14.077 -5.118 -7.997 -11.129 -5.441 -5.595 -10.295 -3.2 -7.311 -15.732 -5.877 -5.847
5 24 -19.529 -1.777 20.968 -10.714 -2.279 5.06 -18.605 -2.051 21.4 -11.946 -1.975 4.546
5 24 -3.029 -1.783 25.803 -3.951 -2.057 25.724 -4.014 -1.576 26.457 -2.872 -1.933 24.858
5 24 -3.869 -2.23 24.772 -2.0662 -2.2506 6.1527 -1.2683 -1.9622 6.2811 -4.866 -1.933 24.687
5 24 -32.635 -0.397 14.014 -32.823 -0.683 13.8 -33.213 0 13.623 -31.945 -0.728 14.171
5 24 -13.015 -2.993 -9.44 -10.295 -3.2 -7.311 -14.077 -5.118 -7.997 -9.646 0 -7.687
5 24 -6.723 0 -7.318 -6.97 -3.368 -6.586 -3.225 0 -6.988 -10.295 -3.2 -7.311
5 24 -33.527 -0.397 12.999 -33.213 0 13.623 -33.339 -0.683 13.213 -33.596 0 12.92
5 24 -4.872 -1.783 25.644 -4.719 -1.366 26.396 -3.951 -2.057 25.724 -5.235 -0.792 26.352
5 24 -18.168 -0.728 23.411 -17.164 0 22.828 -17.993 0 23.493 -17.534 -1 22.851
5 24 -30.853 -2.05 11.552 -32.017 -1.891 12.572 -30.18 -1.777 12.318 -32.638 -1.639 11.864
5 24 -32.017 -1.891 12.572 -32.769 -1.449 13.232 -31.395 -1.639 13.279 -33.246 -1.256 12.691
5 24 -32.823 -0.683 13.8 -33.081 -0.787 13.506 -32.293 -1.256 13.774 -33.213 0 13.623
5 24 -20.211 -1 20.638 -19.529 -1.777 20.968 -11.946 -1.975 4.546 -20.404 -1 21.493
5 24 -39.867 -1.632 -0.179 -39.007 -1.77 -0.401 -40.181 -1.884 -1.068 -38.757 -1 0.307
5 24 -32.638 -1.639 11.864 -33.246 -1.256 12.691 -32.017 -1.891 12.572 -33.594 -0.728 12.294
5 24 -19.529 -1.777 20.968 -19.834 -1.639 21.802 -18.605 -2.051 21.4 -20.404 -1 21.493
5 24 -33.527 -0.397 12.999 -33.596 0 12.92 -33.594 -0.728 12.294 -33.213 0 13.623
5 24 -11.129 -5.441 -5.595 -10.295 -3.2 -7.311 -14.077 -5.118 -7.997 -6.97 -3.368 -6.586
5 24 -20.042 0 -0.831 -19.176 -3.039 -1.576 -15.328 -3.25 2.212 -22.807 0 -5.449
5 24 -2.872 -1.933 24.858 -2.142 -1.121 24.921 -0.5458 -1.1383 6.4328 -3.029 -1.783 25.803
5 24 -5.235 -0.792 26.352 -4.71 -0.432 26.814 -4.719 -1.366 26.396 -4.812 0 26.805
5 24 -4.866 -1.933 24.687 -4.872 -1.783 25.644 -3.869 -2.23 24.772 -5.561 -1 25.502
5 24 -4.063 0 27.033 -3.668 -0.743 26.903 -3.388 -0.432 26.927 -4.049 -0.856 26.87
5 24 -4.049 -0.856 26.87 -4.431 -0.743 26.838 -4.014 -1.576 26.457 -4.063 0 27.033
5 24 -33.594 -0.728 12.294 -33.527 -0.397 12.999 -33.246 -1.256 12.691 -33.596 0 12.92
5 24 -18.605 -2.051 21.4 -17.682 -1.777 21.833 -9.83 -1.978 5.35 -18.981 -1.892 22.202
5 24 -18.605 -2.051 21.4 -10.714 -2.279 5.06 -19.529 -1.777 20.968 -9.83 -1.978 5.35
5 24 -18.386 -5.41 -9.258 -15.732 -5.877 -5.847 -14.077 -5.118 -7.997 -20.455 -4.724 -7.452
5 24 -40.725 -0.942 -2.606 -40.809 0 -2.844 -41.369 0 -2.177 -39.936 -1.023 -3.028
5 24 -3.489 -3.227 -6.251 0 -2.545 -6.1439 -3.225 0 -6.988 0 -4.7022 -4.7022
5 24 -3.029 -1.783 25.803 -2.872 -1.933 24.858 -2.142 -1.121 24.921 -3.951 -2.057 25.724
5 24 -4.344 -6.687 -0.15 0 -6.1439 2.545 -4.846 -5.878 3.236 0 -6.65 0
5 24 -5.235 -0.792 26.352 -5.424 0 26.336 -4.812 0 26.805 -5.561 -1 25.502
5 24 -18.5 -4.3423 -12.9928 -16.417 -4.717 -10.995 -17.2287 -3.3234 -13.8343 -18.386 -5.41 -9.258
5 24 -9.611 -5.761 2.191 -8.578 -6.543 -1.104 -14.024 -5.522 -0.11 -4.344 -6.687 -0.15
5 24 -12.454 -6.252 -3.027 -14.024 -5.522 -0.11 -8.578 -6.543 -1.104 -17.641 -5.17 -3.466
5 24 -19.865 -0.683 23.169 -20.124 -0.398 23.048 -19.952 -1.256 22.575 -19.587 0 23.494
5 24 -41.586 -0.39 -1.288 -41.621 0 -1.386 -41.304 -0.721 -1.995 -41.526 0 -0.592
5 24 -41.491 -0.676 -1.018 -41.526 0 -0.592 -41.36 -0.781 -0.65 -41.586 -0.39 -1.288
5 24 -7.633 -5.702 -4.276 -3.855 -5.902 -3.446 -8.578 -6.543 -1.104 -3.489 -3.227 -6.251
5 24 -16.417 -4.717 -10.995 -17.2287 -3.3234 -13.8343 -18.5 -4.3423 -12.9928 -15.006 -2.457 -12.283
5 24 -19.865 -0.683 23.169 -19.587 0 23.494 -20.124 -0.398 23.048 -19.512 -0.788 23.335
5 24 -33.722 0 12.149 -32.915 -1 11.215 -33.594 -0.728 12.294 -32.996 0 10.882
5 24 -18.605 -2.051 21.4 -18.981 -1.892 22.202 -17.682 -1.777 21.833 -19.834 -1.639 21.802
5 24 -33.339 -0.683 13.213 -33.213 0 13.623 -33.081 -0.787 13.506 -33.527 -0.397 12.999
5 24 -15.328 -3.25 2.212 -14.024 -5.522 -0.11 -19.176 -3.039 -1.576 -9.611 -5.761 2.191
5 24 -20.455 -4.724 -7.452 -17.641 -5.17 -3.466 -22.021 -2.76 -6.072 -15.732 -5.877 -5.847
5 24 -19.159 -0.683 23.5 -18.646 -1.256 23.187 -19.512 -0.788 23.335 -18.168 -0.728 23.411
5 24 -9.83 -1.978 5.35 -18.605 -2.051 21.4 -17.682 -1.777 21.833 -10.714 -2.279 5.06
5 24 -32.293 -1.256 13.774 -32.769 -1.449 13.232 -33.081 -0.787 13.506 -31.395 -1.639 13.279
5 24 -40.647 -1.249 -0.138 -39.867 -1.632 -0.179 -39.546 -1 0.404 -40.888 -1.442 -0.817
5 24 -23.4201 -1.3547 -8.5779 -39.936 -1.023 -3.028 -39.687 -1.77 -2.324 -23.55 -1.0433 -8.8281
5 24 -30.853 -2.05 11.552 -17.911 -2.146 0.175 -17.256 -1.861 1.02 -31.526 -1.777 10.786
5 24 -40.407 0 0.542 -40.471 -0.721 0.36 -41.135 -0.39 -0.013 -39.272 0 0.656
5 24 -4.866 -1.933 24.687 -3.869 -2.23 24.772 -2.0662 -2.2506 6.1527 -4.872 -1.783 25.644
5 24 -14.077 -5.118 -7.997 -13.015 -2.993 -9.44 -16.417 -4.717 -10.995 -10.295 -3.2 -7.311
5 24 -39.687 -1.77 -2.324 -39.347 -2.043 -1.363 -22.692 -2.0661 -7.2533 -40.495 -1.632 -1.956
5 24 -3.489 -3.227 -6.251 -3.225 0 -6.988 0 -2.545 -6.1439 -6.97 -3.368 -6.586
5 24 -16.417 -4.717 -10.995 -18.386 -5.41 -9.258 -14.077 -5.118 -7.997 -18.5 -4.3423 -12.9928
5 24 -17.641 -5.17 -3.466 -14.024 -5.522 -0.11 -12.454 -6.252 -3.027 -19.176 -3.039 -1.576
5 24 -22.807 0 -5.449 -23.621 -1.7987 -9.6033 -23.9193 0 -9.4059 -22.021 -2.76 -6.072
5 24 -8.578 -6.543 -1.104 -3.855 -5.902 -3.446 -7.633 -5.702 -4.276 -4.344 -6.687 -0.15
5 24 -4.049 -0.856 26.87 -4.063 0 27.033 -3.668 -0.743 26.903 -4.431 -0.743 26.838
5 24 -11.946 -1.975 4.546 -20.211 -1 20.638 -19.529 -1.777 20.968 -12.887 -1 4.516
5 24 -19.512 -0.788 23.335 -19.587 0 23.494 -19.159 -0.683 23.5 -19.865 -0.683 23.169
5 24 -5.561 -1 25.502 -5.424 0 26.336 -5.235 -0.792 26.352 -5.801 0 25.38
5 24 -17.641 -5.17 -3.466 -15.732 -5.877 -5.847 -20.455 -4.724 -7.452 -12.454 -6.252 -3.027
5 24 -4.063 0 27.033 -4.71 -0.432 26.814 -4.431 -0.743 26.838 -4.812 0 26.805
5 24 -4.344 -6.687 -0.15 0 -6.1439 -2.545 0 -6.65 0 -3.855 -5.902 -3.446
5 24 -39.936 -1.023 -3.028 -23.55 -1.0433 -8.8281 -23.4201 -1.3547 -8.5779 -40.027 0 -3.285
5 24 -39.687 -1.77 -2.324 -23.4201 -1.3547 -8.5779 -39.936 -1.023 -3.028 -23.1194 -1.7962 -8.1831
5 24 -18.646 -1.256 23.187 -19.299 -1.45 22.881 -19.512 -0.788 23.335 -18.128 -1.639 22.602
5 24 -39.687 -1.77 -2.324 -40.495 -1.632 -1.956 -39.347 -2.043 -1.363 -40.725 -0.942 -2.606
5 24 -40.181 -1.884 -1.068 -40.888 -1.442 -0.817 -39.867 -1.632 -0.179 -41.128 -1.249 -1.497
5 24 -41.526 0 -0.592 -41.135 -0.39 -0.013 -41.1 0 0.086 -41.23 -0.676 -0.282
5 24 -41.491 -0.676 -1.018 -41.586 -0.39 -1.288 -41.128 -1.249 -1.497 -41.526 0 -0.592
5 24 -41.135 -0.39 -0.013 -41.23 -0.676 -0.282 -41.526 0 -0.592 -40.471 -0.721 0.36
5 24 -10.474 -3.356 4.651 -5.262 -3.394 5.642 -4.846 -5.878 3.236 -11.24 0 5.903
5 24 -15.328 -3.25 2.212 -10.474 -3.356 4.651 -9.611 -5.761 2.191 -16.16 0 3.232
5 24 -40.647 -1.249 -0.138 -39.546 -1 0.404 -40.471 -0.721 0.36 -39.867 -1.632 -0.179
5 24 -16.16 0 3.232 -10.474 -3.356 4.651 -15.328 -3.25 2.212 -11.24 0 5.903
5 24 -40.181 -1.884 -1.068 -40.495 -1.632 -1.956 -41.128 -1.249 -1.497 -39.347 -2.043 -1.363
5 24 -32.769 -1.449 13.232 -33.246 -1.256 12.691 -33.339 -0.683 13.213 -32.017 -1.891 12.572
5 24 -19.952 -1.256 22.575 -20.43 -0.728 22.351 -20.124 -0.398 23.048 -19.834 -1.639 21.802
5 24 -18.128 -1.639 22.602 -18.981 -1.892 22.202 -19.299 -1.45 22.881 -17.682 -1.777 21.833
5 24 -10.295 -3.2 -7.311 -9.646 0 -7.687 -13.015 -2.993 -9.44 -6.723 0 -7.318
5 24 -3.308 -1.366 26.518 -3.029 -1.783 25.803 -4.014 -1.576 26.457 -2.355 -1.032 25.861
5 24 -4.846 -5.878 3.236 0 -4.7022 4.7022 0 -6.1439 2.545 -5.262 -3.394 5.642
5 24 -4.431 -0.743 26.838 -4.71 -0.432 26.814 -4.719 -1.366 26.396 -4.063 0 27.033
5 24 -2.792 -0.792 26.562 -3.388 -0.432 26.927 -2.603 0 26.578 -3.668 -0.743 26.903
5 24 -4.014 -1.576 26.457 -4.719 -1.366 26.396 -4.431 -0.743 26.838 -3.951 -2.057 25.724
5 24 -31.526 -1.777 10.786 -32.915 -1 11.215 -32.638 -1.639 11.864 -32.026 -1 10.218
5 24 -7.633 -5.702 -4.276 -6.97 -3.368 -6.586 -11.129 -5.441 -5.595 -3.489 -3.227 -6.251
5 24 -41.128 -1.249 -1.497 -41.491 -0.676 -1.018 -40.888 -1.442 -0.817 -41.586 -0.39 -1.288
5 24 -12.454 -6.252 -3.027 -8.578 -6.543 -1.104 -14.024 -5.522 -0.11 -7.633 -5.702 -4.276
5 24 -16.417 -4.717 -10.995 -15.006 -2.457 -12.283 -13.015 -2.993 -9.44 -17.2287 -3.3234 -13.8343
5 24 -41.586 -0.39 -1.288 -41.526 0 -0.592 -41.491 -0.676 -1.018 -41.621 0 -1.386
5 24 -3.388 -0.432 26.927 -3.668 -0.743 26.903 -4.063 0 27.033 -2.792 -0.792 26.562
5 24 -30.18 -1.777 12.318 -16.956 -1 1.822 -17.256 -1.861 1.02 -29.678 -1 12.885
5 24 -2.142 -1.121 24.921 -1.875 0 24.944 -2.355 -1.032 25.861 -0.3037 0 6.6551
5 24 -19.529 -1.777 20.968 -11.946 -1.975 4.546 -10.714 -2.279 5.06 -20.211 -1 20.638
5 24 -19.529 -1.777 20.968 -18.605 -2.051 21.4 -10.714 -2.279 5.06 -19.834 -1.639 21.802
5 24 -10.295 -3.2 -7.311 -6.723 0 -7.318 -6.97 -3.368 -6.586 -9.646 0 -7.687
5 24 -2.0662 -2.2506 6.1527 -4.866 -1.933 24.687 -3.869 -2.23 24.772 -3.2772 -1.9456 6.2012
5 24 -18.168 -0.728 23.411 -18.646 -1.256 23.187 -17.534 -1 22.851 -19.159 -0.683 23.5
5 24 -40.495 -1.632 -1.956 -41.128 -1.249 -1.497 -40.181 -1.884 -1.068 -41.304 -0.721 -1.995
5 24 -41.526 0 -0.592 -41.36 -0.781 -0.65 -41.23 -0.676 -0.282 -41.491 -0.676 -1.018
5 24 -3.855 -5.902 -3.446 -4.344 -6.687 -0.15 0 -6.1439 -2.545 -8.578 -6.543 -1.104
5 24 -4.344 -6.687 -0.15 -4.846 -5.878 3.236 -9.611 -5.761 2.191 0 -6.1439 2.545
5 24 -5.262 -3.394 5.642 -11.24 0 5.903 -10.474 -3.356 4.651 -5.539 0 6.743
5 24 -10.474 -3.356 4.651 -11.24 0 5.903 -16.16 0 3.232 -5.262 -3.394 5.642
5 24 -30.18 -1.777 12.318 -29.678 -1 12.885 -16.956 -1 1.822 -31.395 -1.639 13.279
5 24 -1.2683 -1.9622 6.2811 -2.872 -1.933 24.858 -0.5458 -1.1383 6.4328 -3.869 -2.23 24.772
5 24 -31.945 -0.728 14.171 -32.293 -1.256 13.774 -30.677 -1 13.573 -32.823 -0.683 13.8
5 24 -19.834 -1.639 21.802 -20.404 -1 21.493 -20.43 -0.728 22.351 -19.529 -1.777 20.968
5 24 -2.142 -1.121 24.921 -2.355 -1.032 25.861 -1.875 0 24.944 -3.029 -1.783 25.803
5 24 -5.262 -3.394 5.642 -5.539 0 6.743 -11.24 0 5.903 0 -2.545 6.1439
5 24 -19.299 -1.45 22.881 -19.512 -0.788 23.335 -18.646 -1.256 23.187 -19.865 -0.683 23.169
5 24 -17.682 -1.777 21.833 -16.997 -1 22.16 -18.128 -1.639 22.602 -9.122 -1 5.871
5 24 -15.006 -2.457 -12.283 -12.643 0 -9.874 -14.611 0 -12.701 -13.015 -2.993 -9.44
5 24 -30.351 0 13.683 -31.945 -0.728 14.171 -31.817 0 14.316 -30.677 -1 13.573
5 24 -19.159 -0.683 23.5 -19.512 -0.788 23.335 -18.646 -1.256 23.187 -19.587 0 23.494
5 24 -17.641 -5.17 -3.466 -19.176 -3.039 -1.576 -14.024 -5.522 -0.11 -22.021 -2.76 -6.072
5 24 -41.304 -0.721 -1.995 -41.586 -0.39 -1.288 -41.128 -1.249 -1.497 -41.621 0 -1.386
5 24 -39.007 -1.77 -0.401 -22.413 -1 -5.48 -22.3621 -1.5621 -5.8016 -38.757 -1 0.307
5 24 -31.945 -0.728 14.171 -32.635 -0.397 14.014 -31.817 0 14.316 -32.823 -0.683 13.8
5 24 -41.128 -1.249 -1.497 -41.304 -0.721 -1.995 -41.586 -0.39 -1.288 -40.495 -1.632 -1.956
5 24 -18.646 -1.256 23.187 -18.128 -1.639 22.602 -17.534 -1 22.851 -19.299 -1.45 22.881
5 24 -2.355 -1.032 25.861 -3.029 -1.783 25.803 -3.308 -1.366 26.518 -2.142 -1.121 24.921
5 24 -31.526 -1.777 10.786 -30.853 -2.05 11.552 -17.911 -2.146 0.175 -32.638 -1.639 11.864
5 24 -3.869 -2.23 24.772 -2.872 -1.933 24.858 -1.2683 -1.9622 6.2811 -3.951 -2.057 25.724
5 24 -8.578 -6.543 -1.104 -7.633 -5.702 -4.276 -12.454 -6.252 -3.027 -3.855 -5.902 -3.446
5 24 0 -4.7022 -4.7022 -3.489 -3.227 -6.251 0 -2.545 -6.1439 -3.855 -5.902 -3.446
5 24 -33.246 -1.256 12.691 -33.594 -0.728 12.294 -33.527 -0.397 12.999 -32.638 -1.639 11.864
5 24 -3.951 -2.057 25.724 -4.872 -1.783 25.644 -4.719 -1.366 26.396 -3.869 -2.23 24.772
5 24 -20.43 -0.728 22.351 -20.605 0 22.268 -20.404 -1 21.493 -20.219 0 23.003
5 24 -10.295 -3.2 -7.311 -6.97 -3.368 -6.586 -11.129 -5.441 -5.595 -6.723 0 -7.318
5 24 -39.347 -2.043 -1.363 -40.181 -1.884 -1.068 -39.007 -1.77 -0.401 -40.495 -1.632 -1.956
5 24 -39.546 -1 0.404 -40.471 -0.721 0.36 -39.272 0 0.656 -40.647 -1.249 -0.138
5 24 -30.677 -1 13.573 -31.395 -1.639 13.279 -32.293 -1.256 13.774 -29.678 -1 12.885
5 24 -31.395 -1.639 13.279 -32.017 -1.891 12.572 -32.769 -1.449 13.232 -30.18 -1.777 12.318
5 24 -18.9 -0.398 23.622 -19.587 0 23.494 -18.805 0 23.666 -19.159 -0.683 23.5
5 24 -33.213 0 13.623 -33.081 -0.787 13.506 -32.823 -0.683 13.8 -33.339 -0.683 13.213
5 24 -18.168 -0.728 23.411 -18.9 -0.398 23.622 -17.993 0 23.493 -19.159 -0.683 23.5
5 24 -18.981 -1.892 22.202 -19.299 -1.45 22.881 -18.128 -1.639 22.602 -19.952 -1.256 22.575
5 24 -32.823 -0.683 13.8 -32.293 -1.256 13.774 -33.081 -0.787 13.506 -31.945 -0.728 14.171
5 24 -20.404 -1 21.493 -20.43 -0.728 22.351 -19.834 -1.639 21.802 -20.605 0 22.268
5 24 -9.122 -1 5.871 -17.682 -1.777 21.833 -9.83 -1.978 5.35 -16.997 -1 22.16
5 24 -6.97 -3.368 -6.586 -3.489 -3.227 -6.251 -7.633 -5.702 -4.276 -3.225 0 -6.988
5 24 -4.846 -5.878 3.236 0 -6.1439 2.545 0 -4.7022 4.7022 -4.344 -6.687 -0.15
5 24 -5.539 0 6.743 0 -2.545 6.1439 -5.262 -3.394 5.642 0 0 6.65
5 24 -12.454 -6.252 -3.027 -7.633 -5.702 -4.276 -11.129 -5.441 -5.595 -8.578 -6.543 -1.104
5 24 -2.603 0 26.578 -2.792 -0.792 26.562 -2.108 0 25.882 -3.388 -0.432 26.927
5 24 -3.855 -5.902 -3.446 0 -6.1439 -2.545 0 -4.7022 -4.7022 -4.344 -6.687 -0.15
5 24 -17.534 -1 22.851 -18.128 -1.639 22.602 -18.646 -1.256 23.187 -16.997 -1 22.16
5 24 -3.225 0 -6.988 0 -2.545 -6.1439 -3.489 -3.227 -6.251 0 0 -6.65
5 24 -39.272 0 0.656 -40.471 -0.721 0.36 -40.407 0 0.542 -39.546 -1 0.404
5 24 -19.587 0 23.494 -20.124 -0.398 23.048 -19.865 -0.683 23.169 -20.219 0 23.003
5 24 -40.471 -0.721 0.36 -41.135 -0.39 -0.013 -40.407 0 0.542 -41.23 -0.676 -0.282
5 24 -19.299 -1.45 22.881 -19.952 -1.256 22.575 -19.865 -0.683 23.169 -18.981 -1.892 22.202
5 24 -32.915 -1 11.215 -33.594 -0.728 12.294 -32.638 -1.639 11.864 -33.722 0 12.149
5 24 -15.006 -2.457 -12.283 -17.2287 -3.3234 -13.8343 -16.379 -1.7987 -14.3967 -16.417 -4.717 -10.995
5 24 -15.006 -2.457 -12.283 -14.611 0 -12.701 -16.379 -1.7987 -14.3967 -12.643 0 -9.874
5 24 -5.235 -0.792 26.352 -4.872 -1.783 25.644 -4.719 -1.366 26.396 -5.561 -1 25.502
5 24 -8.578 -6.543 -1.104 -4.344 -6.687 -0.15 -9.611 -5.761 2.191 -3.855 -5.902 -3.446
5 24 -18.981 -1.892 22.202 -19.834 -1.639 21.802 -18.605 -2.051 21.4 -19.952 -1.256 22.575
5 24 -40.725 -0.942 -2.606 -41.304 -0.721 -1.995 -40.495 -1.632 -1.956 -41.369 0 -2.177
5 24 -31.526 -1.777 10.786 -18.746 -1.861 -0.51 -17.911 -2.146 0.175 -32.026 -1 10.218
5 24 -41.304 -0.721 -1.995 -41.369 0 -2.177 -41.621 0 -1.386 -40.725 -0.942 -2.606
5 24 -21.4999 -4.3423 -11.0072 -18.386 -5.41 -9.258 -20.455 -4.724 -7.452 -20 -4.7 -12
5 24 0 -6.65 0 -4.344 -6.687 -0.15 0 -6.1439 -2.545 0 -6.1439 2.545
5 24 -20.43 -0.728 22.351 -20.124 -0.398 23.048 -19.952 -1.256 22.575 -20.219 0 23.003
5 24 -14.024 -5.522 -0.11 -8.578 -6.543 -1.104 -12.454 -6.252 -3.027 -9.611 -5.761 2.191
5 24 0 -4.7022 4.7022 -5.262 -3.394 5.642 -4.846 -5.878 3.236 0 -2.545 6.1439
5 24 -18.5 -4.3423 -12.9928 -18.386 -5.41 -9.258 -16.417 -4.717 -10.995 -20 -4.7 -12
5 24 -14.024 -5.522 -0.11 -9.611 -5.761 2.191 -8.578 -6.543 -1.104 -15.328 -3.25 2.212
5 24 -33.246 -1.256 12.691 -33.339 -0.683 13.213 -32.769 -1.449 13.232 -33.527 -0.397 12.999
5 24 -39.867 -1.632 -0.179 -40.181 -1.884 -1.068 -39.007 -1.77 -0.401 -40.888 -1.442 -0.817
5 24 -4.431 -0.743 26.838 -4.063 0 27.033 -4.71 -0.432 26.814 -4.049 -0.856 26.87
5 24 -3.489 -3.227 -6.251 -3.855 -5.902 -3.446 0 -4.7022 -4.7022 -7.633 -5.702 -4.276
5 24 -19.952 -1.256 22.575 -19.865 -0.683 23.169 -19.299 -1.45 22.881 -20.124 -0.398 23.048
5 24 -20.404 -1 21.493 -19.529 -1.777 20.968 -19.834 -1.639 21.802 -20.211 -1 20.638
5 24 -2.108 0 25.882 -2.355 -1.032 25.861 -2.792 -0.792 26.562 -1.875 0 24.944
5 24 -15.006 -2.457 -12.283 -13.015 -2.993 -9.44 -16.417 -4.717 -10.995 -12.643 0 -9.874
5 24 -9.611 -5.761 2.191 -10.474 -3.356 4.651 -4.846 -5.878 3.236 -15.328 -3.25 2.212
5 24 -15.328 -3.25 2.212 -16.16 0 3.232 -20.042 0 -0.831 -10.474 -3.356 4.651
5 24 0 -4.7022 -4.7022 -3.855 -5.902 -3.446 -3.489 -3.227 -6.251 0 -6.1439 -2.545

0 FILE knob1.dat
0 Minifig Arm Knob
0 Name: knob1.dat
0 Author: Philippe Hurbain [Philo]
0 !LDRAW_ORG Primitive UPDATE 2020-01
0 !LICENSE Licensed under CC BY 4.0 : see CAreadme.txt

0 BFC CERTIFY CCW

0 !HISTORY 2020-06-28 [PTadmin] Official Update 2020-01


1 16 -3 0 0 0 1 0 2 0 0 0 0 -2 4-4edge.dat
1 16 -3 0 0 0 -1 0 2 0 0 0 0 -2 4-4disc.dat
0 BFC INVERTNEXT
1 16 -3 0 0 0 5 0 2 0 0 0 0 -2 4-4cyli.dat
1 16 7 0 0 0 1 0 2 0 0 0 0 2 3-4edge.dat
0 BFC INVERTNEXT
1 16 7 0 0 0 -5 0 2 0 0 0 0 2 3-4cyli.dat
1 16 7 0 0 0 -1 0 2 0 0 0 0 2 3-4ring1.dat
1 16 7 0 0 0 -1 0 4 0 0 0 0 4 3-4edge.dat
1 16 0 0 0 0 2 0 5 0 0 0 0 -5 4-4cylo.dat
1 16 3.5 0 0 0 -1.5 0 0.5 0 0 0 0 0.5 2-4con10.dat
1 16 5 0 0 0 1 0 0.5 0 0 0 0 0.5 2-4con10.dat
1 16 6 0 0 0 1 0 1 0 0 0 0 1 2-4con4.dat
1 16 3.5 0 0 0 -1.5 0 -0.5 0 0 0 0 -0.5 1-4con10.dat
1 16 5 0 0 0 1 0 -0.5 0 0 0 0 -0.5 1-4con10.dat
1 16 6 0 0 0 1 0 -1 0 0 0 0 -1 1-4con4.dat
1 16 3.5 0 0 0 1.5 0 5.5 0 0 0 0 5.5 3-4cyli.dat

4 16 2 5 0 3.5 5.5 0 3.5 5.0813 -2.1043 2 4.6194 -1.9134
4 16 3.5 5.5 0 5 5.5 0 5 5.0813 -2.1043 3.5 5.0813 -2.1043
4 16 5 5.5 0 6 5 0 6 4.6188 -1.9134 5 5.0813 -2.1043
4 16 6 5 0 7 4 0 7 3.696 -1.5309 6 4.6188 -1.9134
4 16 2 4.6194 -1.9134 3.5 5.0813 -2.1043 5 5.0813 -2.1043 6 4.6188 -1.9134
4 16 2 4.6194 -1.9134 6 4.6188 -1.9134 7 3.696 -1.5309 2 3.6956 -1.5307
4 16 2 2 0 2 3.6956 -1.5307 7 3.696 -1.5309 7 2 0
3 16 7 2 0 7 3.696 -1.5309 7 4 0
2 24 2 2 0 2 3.6956 -1.5307
2 24 2 3.6956 -1.5307 2 4.6194 -1.9134
2 24 2 4.6194 -1.9134 3.5 5.0813 -2.1043
2 24 3.5 5.0813 -2.1043 5 5.0813 -2.1043
2 24 5 5.0813 -2.1043 6 4.6188 -1.9134
2 24 6 4.6188 -1.9134 7 3.696 -1.5309
2 24 7 3.696 -1.5309 7 2 0
2 24 7 3.696 -1.5309 7 4 0
2 24 2 2 0 7 2 0
4 16 3.5 2.1043 -5.0813 3.5 0 -5.5 2 0 -5 2 1.9134 -4.6194
4 16 5 2.1043 -5.0813 5 0 -5.5 3.5 0 -5.5 3.5 2.1043 -5.0813
4 16 6 1.9134 -4.6188 6 0 -5 5 0 -5.5 5 2.1043 -5.0813
4 16 7 1.5309 -3.696 7 0 -4 6 0 -5 6 1.9134 -4.6188
4 16 5 2.1043 -5.0813 3.5 2.1043 -5.0813 2 1.9134 -4.6194 6 1.9134 -4.6188
4 16 7 1.5309 -3.696 6 1.9134 -4.6188 2 1.9134 -4.6194 2 1.5307 -3.6956
4 16 7 1.5309 -3.696 2 1.5307 -3.6956 2 0 -2 7 0 -2
2 24 2 0 -2 2 1.5307 -3.6956
2 24 2 1.5307 -3.6956 2 1.9134 -4.6194
2 24 2 1.9134 -4.6194 3.5 2.1043 -5.0813
2 24 3.5 2.1043 -5.0813 5 2.1043 -5.0813
2 24 5 2.1043 -5.0813 6 1.9134 -4.6188
2 24 6 1.9134 -4.6188 7 1.5309 -3.696
2 24 7 1.5309 -3.696 7 0 -2
3 16 7 1.5309 -3.696 7 0 -2 7 0 -4
2 24 2 0 -2 7 0 -2
1 16 2 0 0 0 1 0 0 0 2 -2 0 0 1-4edge.dat
1 16 2 0 0 0 -1 0 0 0 2 -2 0 0 1-4ndis.dat
1 16 2 0 0 0 -1 0 4.6194 0 -1.9134 -1.9134 0 -4.6194 1-8chrd.dat
4 16 2 4.6194 -1.9134 2 3.6956 -1.5307 2 1.5307 -3.6956 2 1.9134 -4.6194
3 16 2 2 -2 2 1.5307 -3.6956 2 3.6956 -1.5307
3 16 2 2 -2 2 3.6956 -1.5307 2 2 0
3 16 2 1.5307 -3.6956 2 2 -2 2 0 -2
2 24 7 0 -4 7 1.5309 -3.696
0 // Added lines/Condlines
5 24 5 -5.0813 -2.1043 5 -5.5 0 6 -4.6188 -1.9134 3.5 -5.5 0
5 24 5 5.5 0 5 5.0813 -2.1043 6 5 0 3.5 5.0813 -2.1043
5 24 6 -3.5355 3.5355 6 -1.9136 4.6194 7 -2.8284 2.8284 5 -2.1045 5.0813
5 24 3.5 -5.0813 -2.1043 3.5 -3.8891 -3.8891 2 -4.6195 -1.9134 5 -3.8891 -3.8891
5 24 3.5 -2.1045 5.0813 3.5 -3.8891 3.8891 5 -3.8891 3.8891 2 -1.9134 4.6195
5 24 6 4.6188 1.9134 6 5 0 7 3.6956 1.5308 5 5.5 0
5 24 6 1.9134 4.6188 6 0 5 5 2.1043 5.0813 7 0 4
5 24 5 3.8891 3.8891 5 5.0813 2.1043 6 3.5355 3.5355 3.5 5.0813 2.1043
5 24 6 0 -5 5 0 -5.5 5 2.1043 -5.0813 6 -1.9134 -4.6188
5 24 3.5 5.5 0 2 5 0 2 4.6195 1.9134 3.5 5.0813 -2.1043
5 24 6 -4.6189 1.9132 6 -5 0 5 -5.0811 2.1046 7 -4 0
5 24 5 -3.8891 -3.8891 5 -5.0813 -2.1043 6 -3.5355 -3.5355 3.5 -5.0813 -2.1043
5 24 3.5 -3.8891 3.8891 3.5 -5.0811 2.1046 2 -3.5355 3.5355 5 -5.0811 2.1046
5 24 7 4 0 6 5 0 7 3.696 -1.5309 6 4.6188 1.9134
5 24 3.5 -2.1043 -5.0813 3.5 0 -5.5 5 0 -5.5 2 -1.9134 -4.6195
5 24 6 -4.6188 -1.9134 6 -5 0 7 -3.6956 -1.5308 5 -5.5 0
5 24 6 3.5355 3.5355 6 1.9134 4.6188 5 3.8891 3.8891 7 1.5308 3.6956
5 24 3.5 -5.0813 -2.1043 3.5 -5.5 0 2 -5 0 5 -5.0813 -2.1043
5 24 6 5 0 6 4.6188 -1.9134 5 5.0813 -2.1043 7 4 0
5 24 5 -5.5 0 5 -5.0811 2.1046 6 -5 0 3.5 -5.0811 2.1046
5 24 5 2.1043 5.0813 5 3.8891 3.8891 6 1.9134 4.6188 3.5 3.8891 3.8891
5 24 5 -2.1043 -5.0813 5 -3.8891 -3.8891 3.5 -3.8891 -3.8891 6 -1.9134 -4.6188
5 24 6 -3.5355 -3.5355 6 -4.6188 -1.9134 7 -2.8284 -2.8284 5 -5.0813 -2.1043
5 24 3.5 0 -5.5 3.5 2.1043 -5.0813 2 0 -5 5 2.1043 -5.0813
5 24 2 0 -5 3.5 0 -5.5 2 1.9134 -4.6194 3.5 -2.1043 -5.0813
5 24 5 0 -5.5 5 -2.1043 -5.0813 6 0 -5 3.5 -2.1043 -5.0813
5 24 5 5.5 0 6 5 0 6 4.6188 -1.9134 5 5.0813 2.1043
5 24 3.5 5.0813 2.1043 3.5 5.5 0 2 5 0 5 5.0813 2.1043
5 24 3.5 2.1043 5.0813 3.5 3.8891 3.8891 5 2.1043 5.0813 2 3.5355 3.5355
5 24 2 1.5307 -3.6956 7 1.5309 -3.696 2 0 -2 6 1.9134 -4.6188
5 24 5 2.1043 -5.0813 5 0 -5.5 6 1.9134 -4.6188 3.5 0 -5.5
5 24 6 0 -5 7 0 -4 6 1.9134 -4.6188 7 -1.5308 -3.6956
5 24 3.5 0 5.5 3.5 -2.1045 5.0813 5 -2.1045 5.0813 2 0 5
5 24 5 0 5.5 5 2.1043 5.0813 6 0 5 3.5 2.1043 5.0813
5 24 3.5 0 5.5 3.5 2.1043 5.0813 2 1.9134 4.6195 5 0 5.5
5 24 3.5 5.5 0 3.5 5.0813 -2.1043 5 5.5 0 2 4.6194 -1.9134
5 24 6 4.6188 1.9134 6 3.5355 3.5355 7 2.8284 2.8284 5 5.0813 2.1043
5 24 6 -1.9134 -4.6188 6 -3.5355 -3.5355 5 -3.8891 -3.8891 7 -1.5308 -3.6956
5 24 3.5 -3.8891 -3.8891 3.5 -2.1043 -5.0813 2 -3.5355 -3.5355 5 -2.1043 -5.0813
5 24 5 0 -5.5 3.5 0 -5.5 3.5 2.1043 -5.0813 5 -2.1043 -5.0813
5 24 6 -3.5355 3.5355 6 -4.6189 1.9132 5 -3.8891 3.8891 7 -3.6956 1.5308
5 24 5 -2.1045 5.0813 5 -3.8891 3.8891 6 -3.5355 3.5355 3.5 -2.1045 5.0813
5 24 6 -1.9136 4.6194 6 0 5 5 0 5.5 7 -1.5308 3.6956
5 24 5 5.0813 2.1043 5 5.5 0 6 4.6188 1.9134 3.5 5.5 0
5 24 5 -5.0811 2.1046 5 -3.8891 3.8891 6 -4.6189 1.9132 3.5 -3.8891 3.8891
5 24 3.5 5.5 0 5 5.5 0 3.5 5.0813 2.1043 5 5.0813 -2.1043
5 24 6 1.9134 -4.6188 6 0 -5 5 0 -5.5 7 1.5309 -3.696
5 24 6 0 -5 6 -1.9134 -4.6188 7 0 -4 5 -2.1043 -5.0813
5 24 5 0 5.5 5 -2.1045 5.0813 3.5 0 5.5 6 -1.9136 4.6194
5 24 3.5 -5.0811 2.1046 3.5 -5.5 0 2 -4.6195 1.9134 5 -5.5 0
5 24 3.5 3.8891 3.8891 3.5 5.0813 2.1043 2 4.6195 1.9134 5 3.8891 3.8891
5 24 7 3.696 -1.5309 2 3.6956 -1.5307 2 4.6194 -1.9134 7 2 0

0 FILE 4-4disc.dat
0 Disc 1.0
0 Name: 4-4disc.dat
0 Author: James Jessiman
0 !LDRAW_ORG Primitive UPDATE 2002-02
0 !LICENSE Licensed under CC BY 4.0 : see CAreadme.txt

0 BFC CERTIFY CCW

0 !HISTORY 1998-12-15 [PTadmin] Official Update 1998-10
0 !HISTORY 2002-03-23 [sbliss] Added BFC statement
0 !HISTORY 2002-04-25 [PTadmin] Official Update 2002-02
0 !HISTORY 2007-06-24 [PTadmin] Header formatted for Contributor Agreement
0 !HISTORY 2008-07-01 [PTadmin] Official Update 2008-01


3 16 0 0 0 1 0 0 0.9239 0 0.3827
3 16 0 0 0 0.9239 0 0.3827 0.7071 0 0.7071
3 16 0 0 0 0.7071 0 0.7071 0.3827 0 0.9239
3 16 0 0 0 0.3827 0 0.9239 0 0 1
3 16 0 0 0 0 0 1 -0.3827 0 0.9239
3 16 0 0 0 -0.3827 0 0.9239 -0.7071 0 0.7071
3 16 0 0 0 -0.7071 0 0.7071 -0.9239 0 0.3827
3 16 0 0 0 -0.9239 0 0.3827 -1 0 -0
3 16 0 0 0 -1 0 -0 -0.9239 0 -0.3827
3 16 0 0 0 -0.9239 0 -0.3827 -0.7071 0 -0.7071
3 16 0 0 0 -0.7071 0 -0.7071 -0.3827 0 -0.9239
3 16 0 0 0 -0.3827 0 -0.9239 0 0 -1
3 16 0 0 0 0 0 -1 0.3827 0 -0.9239
3 16 0 0 0 0.3827 0 -0.9239 0.7071 0 -0.7071
3 16 0 0 0 0.7071 0 -0.7071 0.9239 0 -0.3827
3 16 0 0 0 0.9239 0 -0.3827 1 0 0
0

0 FILE 4-4ring3.dat
0 Ring  3 x 1.0
0 Name: 4-4ring3.dat
0 Author: James Jessiman
0 !LDRAW_ORG Primitive UPDATE 2009-01
0 !LICENSE Licensed under CC BY 4.0 : see CAreadme.txt

0 BFC CERTIFY CCW

0 !HISTORY 1998-12-15 [PTadmin] Official Update 1998-10
0 !HISTORY 2002-04-05 [hafhead] Added BFC statement
0 !HISTORY 2002-04-25 [PTadmin] Official Update 2002-02
0 !HISTORY 2007-06-24 [PTadmin] Header formatted for Contributor Agreement
0 !HISTORY 2008-07-01 [PTadmin] Official Update 2008-01
0 !HISTORY 2008-08-26 [cwdee] Switch polygon winding and rename
0 !HISTORY 2009-05-02 [PTadmin] Official Update 2009-01


4 16 -1.5308 0 3.6956 -1.1481 0 2.7717 0 0 3 0 0 4
4 16 -2.8284 0 2.8284 -2.1213 0 2.1213 -1.1481 0 2.7717 -1.5308 0 3.6956
4 16 -3.6956 0 1.5308 -2.7717 0 1.1481 -2.1213 0 2.1213 -2.8284 0 2.8284
4 16 -4 0 0 -3 0 0 -2.7717 0 1.1481 -3.6956 0 1.5308
4 16 -3.6956 0 -1.5308 -2.7717 0 -1.1481 -3 0 0 -4 0 0
4 16 -2.8284 0 -2.8284 -2.1213 0 -2.1213 -2.7717 0 -1.1481 -3.6956 0 -1.5308
4 16 -1.5308 0 -3.6956 -1.1481 0 -2.7717 -2.1213 0 -2.1213 -2.8284 0 -2.8284
4 16 0 0 -4 0 0 -3 -1.1481 0 -2.7717 -1.5308 0 -3.6956
4 16 1.5308 0 -3.6956 1.1481 0 -2.7717 0 0 -3 0 0 -4
4 16 2.8284 0 -2.8284 2.1213 0 -2.1213 1.1481 0 -2.7717 1.5308 0 -3.6956
4 16 3.6956 0 -1.5308 2.7717 0 -1.1481 2.1213 0 -2.1213 2.8284 0 -2.8284
4 16 4 0 0 3 0 0 2.7717 0 -1.1481 3.6956 0 -1.5308
4 16 3.6956 0 1.5308 2.7717 0 1.1481 3 0 0 4 0 0
4 16 2.8284 0 2.8284 2.1213 0 2.1213 2.7717 0 1.1481 3.6956 0 1.5308
4 16 1.5308 0 3.6956 1.1481 0 2.7717 2.1213 0 2.1213 2.8284 0 2.8284
4 16 0 0 4 0 0 3 1.1481 0 2.7717 1.5308 0 3.6956
0

0 FILE parts/s/285s02.dat
0 ~Train Base  6 x 16 Type 2 - Half
0 Name: s\285s02.dat
0 Author: Ulrich Röder [UR]
0 !LDRAW_ORG Subpart UPDATE 2024-04
0 !LICENSE Licensed under CC BY 4.0 : see CAreadme.txt

0 BFC CERTIFY CCW

0 !HISTORY 2022-03-11 [MagFors] removed hi-res primitives
0 !HISTORY 2024-05-28 [OrionP] Official Update 2024-04


0 // Motor cutout
1 16 0 4 40 80 0 0 0 0 4 0 1 0 rect.dat
1 16 90 4 20 10 0 0 0 0 4 0 1 0 rect.dat
1 16 90 4 -20 10 0 0 0 0 4 0 -1 0 rect.dat
1 16 100 4 0 0 1 0 0 0 4 -20 0 0 rect2p.dat
1 16 80 4 30 0 1 0 0 0 4 -10 0 0 rect2p.dat
1 16 80 4 -30 0 1 0 0 0 4 -10 0 0 rect2p.dat
1 16 94 6 24 10 0 0 0 0 2 0 -1 0 rect.dat
1 16 94 6 -24 10 0 0 0 0 2 0 1 0 rect.dat
1 16 104 6 0 0 -1 0 0 0 -2 -24 0 0 rect2p.dat
1 16 84 6 34 0 -1 0 0 0 -2 -10 0 0 rect2p.dat
1 16 84 6 -34 0 -1 0 0 0 -2 -10 0 0 rect2p.dat
4 16 80 8 20 84 8 24 104 8 24 100 8 20
4 16 80 8 40 84 8 44 84 8 24 80 8 20
4 16 84 8 -44 80 8 -40 80 8 -20 84 8 -24
4 16 84 8 -24 80 8 -20 100 8 -20 104 8 -24
4 16 104 8 -24 100 8 -20 100 8 20 104 8 24
4 16 84 4 24 84 4 44 116 4 56 104 4 24
4 16 84 4 -44 84 4 -24 104 4 -24 116 4 -56
4 16 104 4 -24 104 4 24 116 4 56 116 4 -56
4 16 84 4 44 -84 4 44 -116 4 56 116 4 56
1 16 0 6 44 84 0 0 0 0 2 0 -1 0 rect.dat
4 16 -80 8 40 -84 8 44 84 8 44 80 8 40

0 // Magnet guiders
1 16 160 28 0 1 0 0 0 1 0 0 0 1 s/285s01.dat

0 // Cable holes
1 16 140 4 0 6 0 0 0 1 0 0 0 6 1-8tndis.dat
1 16 140 4 0 6 0 0 0 1 0 0 0 -6 1-8tndis.dat
4 16 160 4 -4 160 4 4 146 4 4.2426 146 4 -4.2426
2 24 160 4 4 160 4 -4

0 // Outer body
1 16 0 4 60 160 0 0 0 0 4 0 -1 0 rect.dat
3 16 160 0 4 160 0 60 146 0 6
3 16 160 0 -4 146 0 -6 160 0 -60
4 16 134 0 6 146 0 6 160 0 60 100 0 20
4 16 146 0 -6 134 0 -6 100 0 -20 160 0 -60
4 16 80 0 40 80 0 20 100 0 20 160 0 60
4 16 80 0 -20 80 0 -40 160 0 -60 100 0 -20
4 16 100 0 -20 134 0 -6 134 0 6 100 0 20
4 16 -80 0 40 80 0 40 160 0 60 -160 0 60
2 24 160 0 -60 160 0 -4
2 24 160 0 4 160 0 60

0 // Studs
1 16 140 4 50 1 0 0 0 -1 0 0 0 1 stud3.dat
1 16 140 4 -50 -1 0 0 0 -1 0 0 0 1 stud3.dat
1 16 100 4 40 1 0 0 0 -1 0 0 0 -1 stud4.dat
1 16 100 4 -40 1 0 0 0 -1 0 0 0 -1 stud4.dat
1 16 50 4 50 1 0 0 0 -1 0 0 0 -1 stug3-1x4.dat
1 16 -40 4 50 1 0 0 0 -1 0 0 0 -1 stug3-1x5.dat

0 // Front ends
4 16 160 8 40 160 32 40 120 32 40 156 8 40
4 16 160 32 -40 160 8 -40 156 8 -40 120 32 -40
4 16 120 8 40 156 4 40 156 8 40 120 32 40
3 16 120 4 40 156 4 40 120 8 40
4 16 156 8 -40 156 4 -40 120 4 -40 120 32 -40
4 16 160 0 4 160 8 40 160 8 60 160 0 60
4 16 160 8 -40 160 0 -4 160 0 -60 160 8 -60
4 16 160 28 30 160 32 30 160 32 40 160 8 40
4 16 160 32 -30 160 28 -30 160 8 -40 160 32 -40
4 16 160 4 4 160 28 30 160 8 40 160 0 4
4 16 160 28 -30 160 4 -4 160 0 -4 160 8 -40
4 16 160 4 -4 160 28 -30 160 28 30 160 4 4
4 16 156 36 -2 160 36 -25.3514 160 36 -30 156 36 -30
4 16 156 36 -2 156 36 2 160 36 25.3514 160 36 -25.3514
4 16 160 36 25.3514 156 36 2 156 36 30 160 36 30
4 16 160 32 30 156 32 30 156 32 36 160 32 40
4 16 156 32 -30 160 32 -30 160 32 -40 156 32 -36
4 16 156 32 36 120 32 36 120 32 40 160 32 40
4 16 120 32 -36 156 32 -36 160 32 -40 120 32 -40
4 16 -156 8 56 -160 8 60 160 8 60 156 8 56
4 16 156 8 56 160 8 60 160 8 40 156 8 40
4 16 156 8 -40 160 8 -40 160 8 -60 156 8 -56
3 16 120 8 -56 116 8 -56 120 8 -40
3 16 120 4 36 120 8 36 156 4 36
4 16 156 4 36 120 8 36 120 32 36 156 32 36
4 16 120 8 -36 156 4 -36 156 32 -36 120 32 -36
3 16 120 4 -36 156 4 -36 120 8 -36
1 16 120 6 0 0 -1 0 2 0 0 0 0 36 rect.dat
1 16 120 20 38 0 1 0 12 0 0 0 0 2 rect.dat
1 16 120 20 -38 0 1 0 12 0 0 0 0 2 rect.dat
1 16 158 34 30 0 0 2 2 0 0 0 -1 0 rect.dat
1 16 158 34 -30 0 0 2 2 0 0 0 1 0 rect.dat
4 16 156 4 8 156 4 36 156 32 36 156 8 8
4 16 156 4 -36 156 4 -8 156 8 -8 156 32 -36
1 16 156 20 19 0 1 0 0 0 12 -3 0 14 rect2p.dat
1 16 156 20 -19 0 1 0 0 0 12 -3 0 -14 rect2p.dat
4 16 156 8 2 156 32 30 156 36 30 156 36 2
4 16 156 32 -30 156 8 -2 156 36 -2 156 36 -30

1 16 150.84045 6 8 -5.15955 0 0 0 0 -2 0 -1 0 rect.dat
1 16 150.84045 6 -8 0 0 5.15955 2 0 0 0 1 0 rect.dat
1 16 152.80115 8 0 -3.19885 0 0 0 28 0 0 0 2 box3u4p.dat

4 16 149.6023 8 2 145.6809 8 8 156 8 8 156 8 2
4 16 145.6809 8 -8 149.6023 8 -2 156 8 -2 156 8 -8
1 16 149.42065 22 2.9135 .18165 -1 0 0 0 14 -.9135 0 0 rect2p.dat
4 16 149.6023 36 -2 149.6023 8 -2 149.239 8 -3.827 149.239 36 -3.827
2 24 149.239 8 -3.827 149.6023 8 -2
2 24 147.071 8 -7.071 145.680928 8 -8
2 24 147.071 8 -7.071 149.239 8 -3.827
2 24 147.071 8 7.071 145.680928 8 8
2 24 147.071 8 7.071 149.239 8 3.827
2 24 149.239 36 -3.827 149.6023 36 -2
4 16 149.239 8 3.827 149.239 36 3.827 147.071 36 7.071 147.071 4 7.071
2 24 149.239 36 3.827 147.071 36 7.071
2 24 149.239 36 -3.827 147.071 36 -7.071

4 16 147.071 36 -7.071 149.239 36 -3.827 149.239 8 -3.827 147.071 4 -7.071
3 16 146 36 6 147.071 36 7.071 149.239 36 3.827
4 16 146 36 6 149.239 36 3.827 149.6023 36 2 146 36 0
4 16 146 36 0 149.6023 36 -2 149.239 36 -3.827 146 36 -6
3 16 147.071 36 -7.071 146 36 -6 149.239 36 -3.827
3 16 149.6023 36 -2 146 36 0 149.6023 36 2
5 24 147.071 36 -7.071 147.071 4 -7.071 149.239 36 -3.827 143.827 36 -9.239
5 24 149.239 36 -3.827 149.239 8 -3.827 149.6023 36 -2 147.071 36 -7.071
5 24 149.239 36 3.827 149.239 8 3.827 149.6023 36 2 147.071 36 7.071
5 24 147.071 36 7.071 147.071 4 7.071 149.239 36 3.827 143.827 36 9.239

0 BFC INVERTNEXT
1 16 138 8 -48 -18 0 0 0 -4 0 0 0 -8 box4-1.dat
0 BFC INVERTNEXT
1 16 138 8 48 -18 0 0 0 -4 0 0 0 8 box4-1.dat
3 16 156 4 36 156 4 8 150 4 10
3 16 156 4 -8 156 4 -36 150 4 -10
4 16 120 4 36 130 4 10 130 4 -10 120 4 -36
4 16 150 4 10 130 4 10 120 4 36 156 4 36
4 16 130 4 -10 150 4 -10 156 4 -36 120 4 -36
4 16 145.6809 4 8 140 4 10 150 4 10 156 4 8
4 16 140 4 -10 145.6809 4 -8 156 4 -8 150 4 -10
0 BFC INVERTNEXT
1 16 140 0 0 -6 0 0 0 4 0 0 0 6 3-8cyli.dat
0 BFC INVERTNEXT
1 16 140 0 0 -6 0 0 0 4 0 0 0 -6 3-8cyli.dat
0 BFC INVERTNEXT
1 16 140 4 0 6 0 0 0 32 0 0 0 6 4-4cyli.dat
1 16 150 4 42 2 0 0 0 4 0 0 0 2 box4-1.dat
1 16 130 4 42 2 0 0 0 4 0 0 0 2 box4-1.dat
1 16 150 4 -42 -2 0 0 0 4 0 0 0 -2 box4-1.dat
1 16 130 4 -42 -2 0 0 0 4 0 0 0 -2 box4-1.dat
1 16 140 0 0 -6 0 0 0 1 0 0 0 -6 3-8ndis.dat
1 16 140 0 0 -6 0 0 0 1 0 0 0 6 3-8ndis.dat
1 16 140 36 0 0 0 -10 0 -32 0 -10 0 0 2-4cylo.dat
1 16 140 36 0 0 0 10 0 -32 0 10 0 0 1-8cyli.dat
1 16 140 36 0 0 0 10 0 -32 0 -10 0 0 1-8cyli.dat

1 16 140 36 0 6 0 0 0 -1 0 0 0 6 4-4ndis.dat
1 16 140 36 0 -10 0 0 0 -1 0 0 0 10 1-8chrd.dat
1 16 140 36 0 0 0 10 0 -1 0 10 0 0 1-8chrd.dat
1 16 140 36 0 0 0 -10 0 -1 0 10 0 0 1-8chrd.dat
1 16 140 36 0 -10 0 0 0 -1 0 0 0 -10 1-8chrd.dat
1 16 140 36 0 0 0 10 0 -1 0 -10 0 0 1-8chrd.dat
1 16 140 36 0 0 0 -10 0 -1 0 -10 0 0 1-8chrd.dat
4 16 147.071 36 7.071 146 36 6 140 36 6 140 36 10
4 16 140 36 10 140 36 6 134 36 6 132.929 36 7.071
4 16 130 36 0 132.929 36 7.071 134 36 6 134 36 0
4 16 130 36 0 134 36 0 134 36 -6 132.929 36 -7.071
4 16 132.929 36 -7.071 134 36 -6 140 36 -6 140 36 -10
4 16 140 36 -10 140 36 -6 146 36 -6 147.071 36 -7.071

1 16 140 4 0 0 0 -10 0 -1 0 10 0 0 2-4ndis.dat
4 16 160 0 4 146 0 6 144.2426 0 4.2426 150 0 4
4 16 144.2426 0 -4.2426 146 0 -6 160 0 -4 150 0 -4
3 16 120 8 56 120 8 40 116 8 56
3 16 120 8 40 120 8 36 116 8 56
3 16 120 8 -36 120 8 -40 116 8 -56
4 16 120 8 36 120 8 -36 116 8 -56 116 8 56

0 // Edge Lines
1 16 140 36 0 0 0 10 0 1 0 -10 0 0 1-8edge.dat
1 16 140 36 0 0 0 10 0 1 0 10 0 0 1-8edge.dat
1 16 140 4 0 0 0 10 0 1 0 10 0 0 1-8edge.dat
1 16 140 4 0 0 0 10 0 1 0 -10 0 0 1-8edge.dat
1 16 140 36 0 6 0 0 0 1 0 0 0 6 4-4edge.dat
1 16 140 0 0 -6 0 0 0 1 0 0 0 6 3-8edge.dat
1 16 140 0 0 -6 0 0 0 1 0 0 0 -6 3-8edge.dat
1 16 140 4 0 6 0 0 0 1 0 0 0 -6 1-8edge.dat
1 16 140 4 0 6 0 0 0 1 0 0 0 6 1-8edge.dat
2 24 160 8 60 160 8 40
2 24 160 8 -60 160 8 -40
2 24 160 8 40 160 32 40
2 24 160 8 -40 160 32 -40
2 24 160 32 30 160 32 40
2 24 160 32 -40 160 32 -30
2 24 160 28 30 160 32 30
2 24 160 28 -30 160 32 -30
2 24 160 28 -30 160 28 30
2 24 156 36 -30 156 36 -2
2 24 156 36 30 156 36 2
2 24 120 32 40 160 32 40
2 24 120 32 -40 160 32 -40
2 24 156 4 36 156 4 8
2 24 156 4 -8 156 4 -36
2 24 160 8 40 156 8 40
2 24 160 8 -40 156 8 -40
2 24 156 32 36 156 4 36
2 24 156 32 36 120 32 36
2 24 156 4 36 120 4 36
2 24 156 32 -36 156 4 -36
2 24 156 32 -36 120 32 -36
2 24 156 4 -36 120 4 -36

1 16 147.1213 2 4.1213 0 1 -2.8787 -2 0 0 0 0 .1213 rect3.dat
1 16 155 2 4 0 0 5 2 0 0 0 1 0 rect3.dat
1 16 147.1213 2 -4.1213 0 1 -2.8787 2 0 0 0 0 -.1213 rect3.dat
1 16 155 2 -4 0 0 5 -2 0 0 0 -1 0 rect3.dat
5 24 150 0 -4 150 4 -4 144.2426 0 -4.2426 160 0 -4
5 24 150 0 4 150 4 4 144.2426 0 4.2426 160 0 4

0 FILE u9255.dat
0 ~Magnet Holder for Train Base  6 x 16 Type 1
0 Name: u9255.dat
0 Author: Tore Eriksson [Tore_Eriksson]
0 !LDRAW_ORG Part UPDATE 2024-02
0 !LICENSE Licensed under CC BY 4.0 : see CAreadme.txt

0 BFC CERTIFY CCW

0 !HISTORY 2020-06-04 [Sirio] Updated the use of primitives: removed ringr.dat or ringrr.dat, introduced 2-4cylc.dat and 4-4cylo.dat and box4o4a.dat
0 !HISTORY 2021-01-23 [Steffen] split up 735.dat into 735.dat and u9255.dat
0 !HISTORY 2022-05-07 [PTadmin] Official Update 2022-03
0 !HISTORY 2024-03-23 [OrionP] Updated ring primitives
0 !HISTORY 2024-03-24 [OrionP] Official Update 2024-02

1 16 36 2 0 0 -36 0 2 0 0 0 0 10 box4o4a.dat
1 16 0 0 0 0 0 -10 0 4 0 10 0 0 2-4cylc.dat
1 16 0 4 0 0 0 -10 0 -1 0 10 0 0 2-4disc.dat
1 16 0 -17.5 0 3.5 0 0 0 1 0 0 0 3.5 4-4edge.dat
1 16 0 -12 0 4 0 0 0 12 0 0 0 4 4-4cylo.dat
1 16 0 -12 0 1 0 0 0 -1 0 0 0 1 4-4ring4.dat
1 16 0 -12 0 0.5 0 0 0 -1 0 0 0 0.5 4-4ring10.dat
1 16 0 -12 0 5.5 0 0 0 -3.5 0 0 0 5.5 4-4cylo.dat
1 16 0 -15.75 0 1.75 0 0 0 -1.75 0 0 0 1.75 4-4con2.dat
1 16 0 -15.5 0 0.25 0 0 0 -0.25 0 0 0 0.25 4-4con21.dat
1 16 0 -17.5 0 3.5 0 0 0 1 0 0 0 3.5 4-4disc.dat
1 16 36 -12 0 0 -10 0 2 0 0 0 0 10 box4o4a.dat
1 16 25 -12 -8 1 1 0 0 0 -2 -2 0 0 rect.dat
1 16 25 -12 8 -1 1 0 0 0 -2 -2 0 0 rect.dat
4 16 26 -14 -10 26 -14 10 24 -14 6 24 -14 -6
4 16 24 -10 -6 24 -10 6 26 -10 10 26 -10 -10
1 16 24 -12 0 0 1 0 0 0 2 6 0 0 rect2p.dat
1 16 36 -5 0 0 1 0 15 0 0 0 0 15 4-4edge.dat
1 16 55 -5 0 0 1 0 15 0 0 0 0 15 4-4edge.dat
1 16 55 -5 0 0 -1 0 1 0 0 0 0 1 4-4ring13.dat
1 16 55 -5 0 0 -1 0 1 0 0 0 0 1 4-4ring14.dat
1 16 41 -5 0 0 -1 0 13 0 0 0 0 -13 4-4disc.dat
1 16 36 -5 0 0 1 0 15 0 0 0 0 15 4-4disc.dat
1 16 36 -5 0 0 19 0 15 0 0 0 0 15 4-4cyli.dat
1 16 55 -5 0 0 1 0 13 0 0 0 0 13 4-4edge.dat
1 16 41 -5 0 0 1 0 13 0 0 0 0 13 4-4edge.dat
0 BFC INVERTNEXT
1 16 41 -5 0 0 14 0 13 0 0 0 0 13 4-4cyli.dat

0 FILE u9044.dat
0 ~Magnet Cylindrical  1.3 x  1.3
0 Name: u9044.dat
0 Author: Chris Dee [cwdee]
0 !LDRAW_ORG Part UPDATE 2012-01
0 !LICENSE Licensed under CC BY 4.0 : see CAreadme.txt

0 BFC CERTIFY CW

0 !CMDLINE -c493

0 !HISTORY 2011-12-18 [Steffen] added cmdline for new magnet material 493
0 !HISTORY 2012-03-30 [PTadmin] Official Update 2012-01


1 16 0 0 -7.5 13 0 0 0 0 13 0 15 0 4-4cyli.dat
1 16 0 0 7.5 13 0 0 0 0 13 0 1 0 4-4edge.dat
1 16 0 0 7.5 13 0 0 0 0 13 0 -1 0 4-4disc.dat
1 16 0 0 -7.5 13 0 0 0 0 -13 0 1 0 4-4edge.dat
1 16 0 0 -7.5 13 0 0 0 0 -13 0 1 0 4-4disc.dat

0 FILE parts/s/16000s02.dat
0 ~Minifig Arm Right Dual Mould Upper Half
0 Name: s\16000s02.dat
0 Author: Philippe Hurbain [Philo]
0 !LDRAW_ORG Subpart UPDATE 2020-01
0 !LICENSE Licensed under CC BY 4.0 : see CAreadme.txt

0 BFC CERTIFY CCW

0 !HISTORY 2014-12-23 [PTadmin] Official Update 2014-02
0 !HISTORY 2019-11-13 [MagFors] Renamed from 3818p01s02, used pattern subfiles
0 !HISTORY 2020-06-28 [PTadmin] Official Update 2020-01


1 16 0 0 0 1 0 0 0 1 0 0 0 1 s/16000s03.dat
1 16 0 0 0 1 0 0 0 1 0 0 0 1 s/16000s06.dat

0 FILE parts/s/16000s01.dat
0 ~Minifig Arm Right Dual Mould Lower Half
0 Name: s\16000s01.dat
0 Author: Philippe Hurbain [Philo]
0 !LDRAW_ORG Subpart UPDATE 2020-01
0 !LICENSE Licensed under CC BY 4.0 : see CAreadme.txt

0 BFC CERTIFY CCW

0 !HISTORY 2014-12-23 [PTadmin] Official Update 2014-02
0 !HISTORY 2019-11-13 [MagFors] Renamed from 3818p01s01, used pattern subfiles
0 !HISTORY 2020-06-28 [PTadmin] Official Update 2020-01


1 16 0 0 0 1 0 0 0 1 0 0 0 1 s/16000s04.dat
1 16 0 0 0 1 0 0 0 1 0 0 0 1 s/16000s05.dat

0 FILE stud4h.dat
0 Stud Tube Open with Extended Hole
0 Name: stud4h.dat
0 Author: Tim Gould [timgould]
0 !LDRAW_ORG Primitive UPDATE 2012-01
0 !LICENSE Licensed under CC BY 4.0 : see CAreadme.txt

0 BFC CERTIFY CCW

0 !HISTORY 2012-02-07 [timgould] Modified from stud4.dat
0 !HISTORY 2012-03-30 [PTadmin] Official Update 2012-01


1 16 0 -4 0 6 0 0 0 1 0 0 0 6 4-4edge.dat
1 16 0 -4 0 8 0 0 0 1 0 0 0 8 4-4edge.dat
1 16 0 4 0 6 0 0 0 1 0 0 0 6 4-4edge.dat
1 16 0 0 0 8 0 0 0 1 0 0 0 8 4-4edge.dat
0 BFC INVERTNEXT
1 16 0 -4 0 6 0 0 0 8 0 0 0 6 4-4cyli.dat
1 16 0 -4 0 8 0 0 0 4 0 0 0 8 4-4cyli.dat
1 16 0 -4 0 2 0 0 0 1 0 0 0 2 4-4ring3.dat
0

0 FILE 4-4con4.dat
0 Cone  4 x 1.0
0 Name: 4-4con4.dat
0 Author: Willy Tschager [Holly-Wood]
0 !LDRAW_ORG Primitive UPDATE 2024-01
0 !LICENSE Licensed under CC BY 4.0 : see CAreadme.txt

0 BFC CERTIFY CCW

0 !HISTORY 2003-08-01 [PTadmin] Official Update 2003-02
0 !HISTORY 2007-06-24 [PTadmin] Header formatted for Contributor Agreement
0 !HISTORY 2008-07-01 [PTadmin] Official Update 2008-01
0 !HISTORY 2012-02-16 [Philo] Changed to CCW
0 !HISTORY 2012-03-30 [PTadmin] Official Update 2012-01
0 !HISTORY 2024-01-07 [Holly-Wood] Complete regeneration, original by jriley
0 !HISTORY 2024-01-29 [OrionP] Official Update 2024-01

4 16 4 1 0 3.6956 1 1.5308 4.6195 0 1.9135 5 0 0
4 16 3.6956 1 1.5308 2.8284 1 2.8284 3.5355 0 3.5355 4.6195 0 1.9135
4 16 2.8284 1 2.8284 1.5308 1 3.6956 1.9135 0 4.6195 3.5355 0 3.5355
4 16 1.5308 1 3.6956 0 1 4 0 0 5 1.9135 0 4.6195
4 16 0 1 4 -1.5308 1 3.6956 -1.9135 0 4.6195 0 0 5
4 16 -1.5308 1 3.6956 -2.8284 1 2.8284 -3.5355 0 3.5355 -1.9135 0 4.6195
4 16 -2.8284 1 2.8284 -3.6956 1 1.5308 -4.6195 0 1.9135 -3.5355 0 3.5355
4 16 -3.6956 1 1.5308 -4 1 0 -5 0 0 -4.6195 0 1.9135
4 16 -4 1 0 -3.6956 1 -1.5308 -4.6195 0 -1.9135 -5 0 0
4 16 -3.6956 1 -1.5308 -2.8284 1 -2.8284 -3.5355 0 -3.5355 -4.6195 0 -1.9135
4 16 -2.8284 1 -2.8284 -1.5308 1 -3.6956 -1.9135 0 -4.6195 -3.5355 0 -3.5355
4 16 -1.5308 1 -3.6956 0 1 -4 0 0 -5 -1.9135 0 -4.6195
4 16 0 1 -4 1.5308 1 -3.6956 1.9135 0 -4.6195 0 0 -5
4 16 1.5308 1 -3.6956 2.8284 1 -2.8284 3.5355 0 -3.5355 1.9135 0 -4.6195
4 16 2.8284 1 -2.8284 3.6956 1 -1.5308 4.6195 0 -1.9135 3.5355 0 -3.5355
4 16 3.6956 1 -1.5308 4 1 0 5 0 0 4.6195 0 -1.9135
0 // conditional lines
5 24 4 1 0 5 0 0 3.6956 1 -1.5308 3.6956 1 1.5308
5 24 3.6956 1 1.5308 4.6195 0 1.9135 4 1 0 2.8284 1 2.8284
5 24 2.8284 1 2.8284 3.5355 0 3.5355 3.6956 1 1.5308 1.5308 1 3.6956
5 24 1.5308 1 3.6956 1.9135 0 4.6195 2.8284 1 2.8284 0 1 4
5 24 0 1 4 0 0 5 1.5308 1 3.6956 -1.5308 1 3.6956
5 24 -1.5308 1 3.6956 -1.9135 0 4.6195 0 1 4 -2.8284 1 2.8284
5 24 -2.8284 1 2.8284 -3.5355 0 3.5355 -1.5308 1 3.6956 -3.6956 1 1.5308
5 24 -3.6956 1 1.5308 -4.6195 0 1.9135 -2.8284 1 2.8284 -4 1 0
5 24 -4 1 0 -5 0 0 -3.6956 1 1.5308 -3.6956 1 -1.5308
5 24 -3.6956 1 -1.5308 -4.6195 0 -1.9135 -4 1 0 -2.8284 1 -2.8284
5 24 -2.8284 1 -2.8284 -3.5355 0 -3.5355 -3.6956 1 -1.5308 -1.5308 1 -3.6956
5 24 -1.5308 1 -3.6956 -1.9135 0 -4.6195 -2.8284 1 -2.8284 0 1 -4
5 24 0 1 -4 0 0 -5 -1.5308 1 -3.6956 1.5308 1 -3.6956
5 24 1.5308 1 -3.6956 1.9135 0 -4.6195 0 1 -4 2.8284 1 -2.8284
5 24 2.8284 1 -2.8284 3.5355 0 -3.5355 1.5308 1 -3.6956 3.6956 1 -1.5308
5 24 3.6956 1 -1.5308 4.6195 0 -1.9135 2.8284 1 -2.8284 4 1 0
0 // Build by LDPartEditor (PrimGen 2.X)

0 FILE recte4.dat
0 Rectangle Empty with 4 Edges
0 Name: recte4.dat
0 Author: Steffen [Steffen]
0 !LDRAW_ORG Primitive UPDATE 2010-03
0 !LICENSE Licensed under CC BY 4.0 : see CAreadme.txt

0 BFC CERTIFY CCW

0 !HISTORY 2010-12-31 [PTadmin] Official Update 2010-03


2 24 1 0 1 -1 0 1
2 24 -1 0 1 -1 0 -1
2 24 -1 0 -1 1 0 -1
2 24 1 0 -1 1 0 1

0 FILE 1-16chrd.dat
0 Chord 0.0625
0 Name: 1-16chrd.dat
0 Author: Philippe Hurbain [Philo]
0 !LDRAW_ORG Primitive UPDATE 2015-01
0 !LICENSE Licensed under CC BY 4.0 : see CAreadme.txt

0 BFC CERTIFY CCW

0 !HISTORY 2015-10-11 [PTadmin] Official Update 2015-01


0 // This file is intentionally empty because at the current \P resolution,
0 // an 1-16chrd is actually empty. However, this file still is present
0 // to allow tools to do primitives substition and fill in a real chrd here,
0 // or, if desired, to substitute this with the hi-res 48\1-16chrd.

0 // This file is based on an idea by Darats at http://forums.ldraw.org/read.php?19,14500,14500#msg-14500

1 16 0 0 0 1 0 0 0 1 0 0 0 1 empty.dat

0 FILE 1-8edge.dat
0 Circle 0.125
0 Name: 1-8edge.dat
0 Author: James Jessiman
0 !LDRAW_ORG Primitive UPDATE 2017-01
0 !LICENSE Licensed under CC BY 4.0 : see CAreadme.txt

0 BFC CERTIFY CCW

0 !HISTORY 2007-06-22 [PTadmin] Header formatted for Contributor Agreement
0 !HISTORY 2008-07-01 [PTadmin] Official Update 2008-01
0 !HISTORY 2017-01-15 [Steffen] BFCed
0 !HISTORY 2017-12-30 [PTadmin] Official Update 2017-01


2 24 1 0 0 0.9239 0 0.3827
2 24 0.9239 0 0.3827 0.7071 0 0.7071

0 FILE arm2.dat
0 Hinge Arm 3 Finger without Ribs with Round Middle Finger
0 Name: arm2.dat
0 Author: James Jessiman
0 !LDRAW_ORG Primitive UPDATE 2014-02
0 !LICENSE Licensed under CC BY 4.0 : see CAreadme.txt

0 BFC CERTIFY CCW

0 !HISTORY 2002-08-31 [izanette] Modified with WINDZ for BFC compliance
0 !HISTORY 2003-12-19 [PTadmin] Official Update 2003-03
0 !HISTORY 2007-06-24 [PTadmin] Header formatted for Contributor Agreement
0 !HISTORY 2008-07-01 [PTadmin] Official Update 2008-01
0 !HISTORY 2014-01-05 [MMR1988] Reworked to match 16 sided primitives
0 !HISTORY 2014-12-23 [PTadmin] Official Update 2014-02


3 16 -7.071 6 -17.071 -7.78676 6 -16 -7.071 7.071 -17.071
4 16 -7.071 7.071 -17.071 -3.827 9.239 -19.239 -3.827 6 -19.239 -7.071 6 -17.071
4 16 -3.827 9.239 -19.239 0 10 -20 0 6 -20 -3.827 6 -19.239
4 16 0 10 -20 3.827 9.239 -19.239 3.827 6 -19.239 0 6 -20
4 16 7.071 6 -17.071 3.827 6 -19.239 3.827 9.239 -19.239 7.071 7.071 -17.071
3 16 7.78676 6 -16 7.071 6 -17.071 7.071 7.071 -17.071
4 16 -7.071 7.071 0 -7.071 7.071 -17.071 -7.78676 6 -16 -7.78676 6 0
4 16 -7.071 7.071 0 -3.827 9.239 0 -3.827 9.239 -19.239 -7.071 7.071 -17.071
4 16 -3.827 9.239 0 0 10 0 0 10 -20 -3.827 9.239 -19.239
4 16 0 10 -20 0 10 0 3.827 9.239 0 3.827 9.239 -19.239
4 16 3.827 9.239 0 7.071 7.071 0 7.071 7.071 -17.071 3.827 9.239 -19.239
4 16 7.78676 6 0 7.78676 6 -16 7.071 7.071 -17.071 7.071 7.071 0

2 24 -7.071 7.071 -17.071 -7.78676 6 -16
1 16 0 0 -10 -7.07107 0 7.07107 7.07107 0 7.07107 -7.07107 1 -7.07107 1-4edge.dat
2 24 7.78676 6 -16 7.071 7.071 -17.071

2 24 -7.071 6 -17.071 -7.78676 6 -16
1 16 0 6 -10 -7.07107 0 7.07107 0 1 0 -7.07107 0 -7.07107 1-4edge.dat
2 24 7.78676 6 -16 7.071 6 -17.071

5 24 -3.827 9.239 -19.239 -3.827 9.239 0 -7.071 7.071 -17.071 0 10 -20
5 24 0 10 -20 0 10 0 -3.827 9.239 -19.239 3.827 9.239 -19.239
5 24 3.827 6 -19.239 3.827 9.239 -19.239 0 6 -20 7.071 7.071 -17.071
5 24 -7.071 7.071 -17.071 -7.071 7.071 0 -7.78676 6 0 -3.827 9.239 -19.239
5 24 7.071 6 -17.071 7.071 7.071 -17.071 3.827 9.239 -19.239 7.78676 6 -16
5 24 -3.827 6 -19.239 -3.827 9.239 -19.239 -7.071 6 -17.071 0 6 -20
5 24 -7.071 6 -17.071 -7.071 7.071 -17.071 -7.78676 6 -16 -3.827 6 -19.239
5 24 3.827 9.239 -19.239 3.827 9.239 0 0 10 0 7.071 7.071 -17.071
5 24 0 6 -20 0 10 -20 -3.827 6 -19.239 3.827 6 -19.239
5 24 7.071 7.071 -17.071 7.071 7.071 0 3.827 9.239 -19.239 7.78676 6 -16

1 16 0 6 -10 -7.07107 0 7.07107 0 1 0 -7.07107 0 -7.07107 1-4chrd.dat
4 16 7.071 6 -17.071 7.78676 6 -16 -7.78676 6 -16 -7.071 6 -17.071
1 16 0 6 -8 7.78676 0 0 0 1 0 0 0 8 recte3.dat
1 16 0 6 -10 -3 0 0 0 1 0 0 0 -3 4-4ndis.dat
3 16 -3 6 -10 -3 6 -7 -7.78676 6 0
4 16 -7.78676 6 0 -7.78676 6 -16 -3 6 -13 -3 6 -10
3 16 -7.78676 6 -16 0 6 -13 -3 6 -13
4 16 -7.78676 6 -16 7.78676 6 -16 3 6 -13 0 6 -13
3 16 7.78676 6 0 3 6 -7 3 6 -10
4 16 3 6 -10 3 6 -13 7.78676 6 -16 7.78676 6 0
3 16 7.78676 6 0 0 6 -7 3 6 -7
4 16 7.78676 6 0 -7.78676 6 0 -3 6 -7 0 6 -7

3 16 7.071 -6 -17.071 7.78676 -6 -16 7.071 -7.071 -17.071
4 16 7.071 -7.071 -17.071 3.827 -9.239 -19.239 3.827 -6 -19.239 7.071 -6 -17.071
4 16 3.827 -9.239 -19.239 0 -10 -20 0 -6 -20 3.827 -6 -19.239
4 16 0 -10 -20 -3.827 -9.239 -19.239 -3.827 -6 -19.239 0 -6 -20
4 16 -7.071 -6 -17.071 -3.827 -6 -19.239 -3.827 -9.239 -19.239 -7.071 -7.071 -17.071
3 16 -7.78676 -6 -16 -7.071 -6 -17.071 -7.071 -7.071 -17.071
4 16 7.071 -7.071 0 7.071 -7.071 -17.071 7.78676 -6 -16 7.78676 -6 0
4 16 7.071 -7.071 0 3.827 -9.239 0 3.827 -9.239 -19.239 7.071 -7.071 -17.071
4 16 3.827 -9.239 0 0 -10 0 0 -10 -20 3.827 -9.239 -19.239
4 16 0 -10 -20 0 -10 0 -3.827 -9.239 0 -3.827 -9.239 -19.239
4 16 -3.827 -9.239 0 -7.071 -7.071 0 -7.071 -7.071 -17.071 -3.827 -9.239 -19.239
4 16 -7.78676 -6 0 -7.78676 -6 -16 -7.071 -7.071 -17.071 -7.071 -7.071 0

2 24 7.071 -7.071 -17.071 7.78676 -6 -16
1 16 0 0 -10 7.07107 0 -7.07107 -7.07107 0 -7.07107 -7.07107 1 -7.07107 1-4edge.dat
2 24 -7.78676 -6 -16 -7.071 -7.071 -17.071

2 24 7.071 -6 -17.071 7.78676 -6 -16
1 16 0 -6 -10 7.07107 0 -7.07107 0 -1 0 -7.07107 0 -7.07107 1-4edge.dat
2 24 -7.78676 -6 -16 -7.071 -6 -17.071

5 24 3.827 -9.239 -19.239 3.827 -9.239 0 7.071 -7.071 -17.071 0 -10 -20
5 24 0 -10 -20 0 -10 0 3.827 -9.239 -19.239 -3.827 -9.239 -19.239
5 24 -3.827 -6 -19.239 -3.827 -9.239 -19.239 0 -6 -20 -7.071 -7.071 -17.071
5 24 7.071 -7.071 -17.071 7.071 -7.071 0 7.78676 -6 0 3.827 -9.239 -19.239
5 24 -7.071 -6 -17.071 -7.071 -7.071 -17.071 -3.827 -9.239 -19.239 -7.78676 -6 -16
5 24 3.827 -6 -19.239 3.827 -9.239 -19.239 7.071 -6 -17.071 0 -6 -20
5 24 7.071 -6 -17.071 7.071 -7.071 -17.071 7.78676 -6 -16 3.827 -6 -19.239
5 24 -3.827 -9.239 -19.239 -3.827 -9.239 0 0 -10 0 -7.071 -7.071 -17.071
5 24 0 -6 -20 0 -10 -20 3.827 -6 -19.239 -3.827 -6 -19.239
5 24 -7.071 -7.071 -17.071 -7.071 -7.071 0 -3.827 -9.239 -19.239 -7.78676 -6 -16

1 16 0 -6 -10 7.07107 0 -7.07107 0 -1 0 -7.07107 0 -7.07107 1-4chrd.dat
4 16 -7.071 -6 -17.071 -7.78676 -6 -16 7.78676 -6 -16 7.071 -6 -17.071
1 16 0 -6 -8 -7.78676 0 0 0 -1 0 0 0 8 recte3.dat
1 16 0 -6 -10 3 0 0 0 -1 0 0 0 -3 4-4ndis.dat
3 16 3 -6 -10 3 -6 -7 7.78676 -6 0
4 16 7.78676 -6 0 7.78676 -6 -16 3 -6 -13 3 -6 -10
3 16 7.78676 -6 -16 0 -6 -13 3 -6 -13
4 16 7.78676 -6 -16 -7.78676 -6 -16 -3 -6 -13 0 -6 -13
3 16 -7.78676 -6 0 -3 -6 -7 -3 -6 -10
4 16 -3 -6 -10 -3 -6 -13 -7.78676 -6 -16 -7.78676 -6 0
3 16 -7.78676 -6 0 0 -6 -7 -3 -6 -7
4 16 -7.78676 -6 0 7.78676 -6 0 3 -6 -7 0 -6 -7

1 16 0 5.5 -10 2.5 0 0 0 1 0 0 0 -2.5 4-4disc.dat
1 16 0 5.5 -10 2.5 0 0 0 1 0 0 0 2.5 4-4edge.dat
1 16 0 6 -10 0.5 0 0 0 -0.5 0 0 0 0.5 4-4con5.dat
1 16 0 6 -10 3 0 0 0 1 0 0 0 -3 4-4edge.dat

1 16 0 -5.5 -10 -2.5 0 0 0 -1 0 0 0 -2.5 4-4disc.dat
1 16 0 -5.5 -10 -2.5 0 0 0 -1 0 0 0 2.5 4-4edge.dat
1 16 0 -6 -10 -0.5 0 0 0 0.5 0 0 0 0.5 4-4con5.dat
1 16 0 -6 -10 -3 0 0 0 -1 0 0 0 -3 4-4edge.dat

3 16 9.6023 2 -12 10 0 -10 9.6023 -2 -12
1 16 9.42065 0 -12.9135 0.18165 -1 0 0 0 -2 0.9135 0 0 rect2p.dat
1 16 0 2 -10 9.2388 0 -3.82683 0 -4 0 -3.82683 0 -9.2388 3-8cylo.dat
1 16 -9.42065 0 -12.9135 -0.18165 1 0 0 0 2 0.9135 0 0 rect2p.dat
3 16 -9.6023 -2 -12 -10 0 -10 -9.6023 2 -12
2 24 9.6023 2 -12 10 0 -10
2 24 10 0 -10 9.6023 -2 -12
2 24 -9.6023 2 -12 -10 0 -10
2 24 -10 0 -10 -9.6023 -2 -12
5 24 9.239 -2 -13.827 9.239 2 -13.827 9.6023 2 -12 7.071 -2 -17.071
5 24 -9.239 -2 -13.827 -9.239 2 -13.827 -7.071 -2 -17.071 -9.6023 -2 -12

4 16 -9.6023 2 0 -9.6023 2 -12 -10 0 -10 -10 0 0
4 16 -10 0 0 -10 0 -10 -9.6023 -2 -12 -9.6023 -2 0
4 16 9.6023 -2 0 9.6023 -2 -12 10 0 -10 10 0 0
4 16 10 0 0 10 0 -10 9.6023 2 -12 9.6023 2 0
5 24 10 0 -10 10 0 0 9.6023 -2 0 9.6023 2 -12
5 24 -10 0 -10 -10 0 0 -9.6023 2 0 -9.6023 -2 -12

1 16 0 2 -10 9.2388 0 -3.82683 0 -1 0 -3.82683 0 -9.2388 3-8chrd.dat
4 16 -9.239 2 -13.827 -9.6023 2 -12 9.6023 2 -12 9.239 2 -13.827
1 16 0 2 -6 9.6023 0 0 0 -1 0 0 0 6 rect3.dat

1 16 0 -2 -10 -9.2388 0 3.82683 0 1 0 -3.82683 0 -9.2388 3-8chrd.dat
4 16 9.239 -2 -13.827 9.6023 -2 -12 -9.6023 -2 -12 -9.239 -2 -13.827
1 16 0 -2 -6 -9.6023 0 0 0 1 0 0 0 6 rect3.dat

4 16 -7.78676 6 0 7.78676 6 0 9.239 3.827 0 -9.239 3.827 0
4 16 9.239 3.827 0 9.6023 2 0 -9.6023 2 0 -9.239 3.827 0
4 16 7.78676 -6 0 -7.78676 -6 0 -9.239 -3.827 0 9.239 -3.827 0
4 16 -9.239 -3.827 0 -9.6023 -2 0 9.6023 -2 0 9.239 -3.827 0

2 24 7.78676 6 0 9.239 3.827 0
2 24 9.239 3.827 0 9.6023 2 0
2 24 -7.78676 6 0 -9.239 3.827 0
2 24 -9.239 3.827 0 -9.6023 2 0

2 24 -7.78676 -6 0 -9.239 -3.827 0
2 24 -9.239 -3.827 0 -9.6023 -2 0
2 24 7.78676 -6 0 9.239 -3.827 0
2 24 9.239 -3.827 0 9.6023 -2 0

0 FILE 1-8chrd.dat
0 Chord 0.125
0 Name: 1-8chrd.dat
0 Author: Orion Pobursky [OrionP]
0 !LDRAW_ORG Primitive UPDATE 2023-05
0 !LICENSE Licensed under CC BY 4.0 : see CAreadme.txt

0 BFC CERTIFY CCW

0 !HISTORY 2004-04-22 [PTadmin] Official Update 2004-02
0 !HISTORY 2007-06-22 [PTadmin] Header formatted for Contributor Agreement
0 !HISTORY 2008-07-01 [PTadmin] Official Update 2008-01
0 !HISTORY 2023-10-27 [OrionP] Rebuilt with PrimGen2, original author westrate
0 !HISTORY 2023-10-31 [OrionP] Official Update 2023-05

3 16 1 0 0 0.9239 0 0.3827 0.7071 0 0.7071

0 FILE 3-8cyli.dat
0 Cylinder 0.375
0 Name: 3-8cyli.dat
0 Author: James Jessiman
0 !LDRAW_ORG Primitive UPDATE 2005-01
0 !LICENSE Licensed under CC BY 4.0 : see CAreadme.txt

0 BFC CERTIFY CCW

0 !HISTORY 2002-05-08 [OrionP] Made BFC compliant
0 !HISTORY 2002-08-18 [PTadmin] Official Update 2002-04
0 !HISTORY 2004-12-11 [nielsk] Recreated using Primitive Generator, Edge lines fixed, BFC changed to CCW
0 !HISTORY 2005-12-28 [PTadmin] Official Update 2005-01
0 !HISTORY 2007-06-24 [PTadmin] Header formatted for Contributor Agreement
0 !HISTORY 2008-07-01 [PTadmin] Official Update 2008-01


4 16 .9239 1 .3827 .9239 0 .3827 1 0 0 1 1 0
4 16 .7071 1 .7071 .7071 0 .7071 .9239 0 .3827 .9239 1 .3827
4 16 .3827 1 .9239 .3827 0 .9239 .7071 0 .7071 .7071 1 .7071
4 16 0 1 1 0 0 1 .3827 0 .9239 .3827 1 .9239
4 16 -.3827 1 .9239 -.3827 0 .9239 0 0 1 0 1 1
4 16 -.7071 1 .7071 -.7071 0 .7071 -.3827 0 .9239 -.3827 1 .9239
5 24 1 1 0 1 0 0 1 1 -.4142 .9239 1 .3827
5 24 .9239 1 .3827 .9239 0 .3827 1 1 0 .7071 1 .7071
5 24 .7071 1 .7071 .7071 0 .7071 .9239 1 .3827 .3827 1 .9239
5 24 .3827 1 .9239 .3827 0 .9239 .7071 1 .7071 0 1 1
5 24 0 1 1 0 0 1 .3827 1 .9239 -.3827 1 .9239
5 24 -.3827 1 .9239 -.3827 0 .9239 0 1 1 -.7071 1 .7071
5 24 -.7071 1 .7071 -.7071 0 .7071 -.3827 1 .9239 -1 1 .4142
0

0 FILE 2-4ring3.dat
0 Ring  3 x 0.5
0 Name: 2-4ring3.dat
0 Author: James Jessiman
0 !LDRAW_ORG Primitive UPDATE 2012-01
0 !LICENSE Licensed under CC BY 4.0 : see CAreadme.txt

0 BFC CERTIFY CCW

0 !HISTORY 1998-12-15 [PTadmin] Official Update 1998-10
0 !HISTORY 2003-01-21 [cavehop] Update Added BFC and some header info
0 !HISTORY 2003-03-12 [PTadmin] Official Update 2003-01
0 !HISTORY 2003-08-01 [PTadmin] Official Update 2003-02
0 !HISTORY 2007-06-24 [PTadmin] Header formatted for Contributor Agreement
0 !HISTORY 2008-07-01 [PTadmin] Official Update 2008-01
0 !HISTORY 2012-02-16 [Philo] Changed to CCW
0 !HISTORY 2012-03-30 [PTadmin] Official Update 2012-01


4 16 4 0 0 3.6956 0 1.5308 2.7717 0 1.1481 3 0 0
4 16 3.6956 0 1.5308 2.8284 0 2.8284 2.1213 0 2.1213 2.7717 0 1.1481
4 16 2.8284 0 2.8284 1.5308 0 3.6956 1.1481 0 2.7717 2.1213 0 2.1213
4 16 1.5308 0 3.6956 0 0 4 0 0 3 1.1481 0 2.7717
4 16 0 0 4 -1.5308 0 3.6956 -1.1481 0 2.7717 0 0 3
4 16 -1.5308 0 3.6956 -2.8284 0 2.8284 -2.1213 0 2.1213 -1.1481 0 2.7717
4 16 -2.8284 0 2.8284 -3.6956 0 1.5308 -2.7717 0 1.1481 -2.1213 0 2.1213
4 16 -3.6956 0 1.5308 -4 0 0 -3 0 0 -2.7717 0 1.1481

0 FILE 3-8chrd.dat
0 Chord 0.375
0 Name: 3-8chrd.dat
0 Author: Donald Sutter [technog]
0 !LDRAW_ORG Primitive UPDATE 2005-01
0 !LICENSE Licensed under CC BY 4.0 : see CAreadme.txt

0 BFC CERTIFY CCW

0 !HISTORY 2004-01-07 [Steffen] added primitive code for POVray
0 !HISTORY 2004-03-18 [mkennedy] removed pov code and rearanged polygons.
0 !HISTORY 2004-09-12 [cwdee] reversed winding and standardised precision
0 !HISTORY 2005-12-28 [PTadmin] Official Update 2005-01
0 !HISTORY 2007-06-24 [PTadmin] Header formatted for Contributor Agreement
0 !HISTORY 2008-07-01 [PTadmin] Official Update 2008-01


3 16 0.7071 0 0.7071 0.3827 0 0.9239 0 0 1
4 16 0.9239 0 0.3827 -0.3827 0 0.9239 -0.7071 0 0.7071 1 0 0
4 16 0.7071 0 0.7071 0 0 1 -0.3827 0 0.9239 0.9239 0 0.3827
0

0 FILE 1-4cylc.dat
0 Cylinder Closed 0.25
0 Name: 1-4cylc.dat
0 Author: Mark Kennedy [mkennedy]
0 !LDRAW_ORG Primitive UPDATE 2010-01
0 !LICENSE Licensed under CC BY 4.0 : see CAreadme.txt

0 BFC CERTIFY CCW

0 !HISTORY 2010-04-05 [PTadmin] Official Update 2010-01


1 16 0 0 0 1 0 0 0 1 0 0 0 1 1-4edge.dat
1 16 0 1 0 1 0 0 0 1 0 0 0 1 1-4edge.dat
1 16 0 0 0 1 0 0 0 1 0 0 0 1 1-4disc.dat
1 16 0 0 0 1 0 0 0 1 0 0 0 1 1-4cyli.dat
0

0 FILE parts/s/30473s2.dat
0 ~Baseplate 32 x 32 Canyon without Island - Crescent Surface
0 Name: s\30473s2.dat
0 Author: Mark Kennedy [mkennedy]
0 !LDRAW_ORG Subpart UPDATE 2025-09
0 !LICENSE Licensed under CC BY 4.0 : see CAreadme.txt

0 BFC CERTIFY CCW

0 !HISTORY 2010-07-05 [PTadmin] Official Update 2010-02
0 !HISTORY 2025-09-27 [OrionP] Changed winding to CCW
0 !HISTORY 2025-09-29 [OrionP] Official Update 2025-09

0 // // sloping boxes

0 BFC INVERTNEXT
1 16 -70 -108 -30 -20 10 0 0 36 0 0 10 -20 box3-3.dat
1 16 -90 -36 30 20 -10 0 0 -36 0 0 -10 20 box3-3.dat
1 16 -10 -36 -50 20 -10 0 0 -36 0 0 -10 20 box3-3.dat
1 16 -130 -36 150 20 -10 0 0 -36 0 0 -10 20 box2-5.dat
1 16 70 -36 -90 0 -10 20 0 -36 0 20 -10 0 box2-5.dat
1 16 150 -36 -130 0 -10 20 0 -36 0 20 -10 0 box2-5.dat
1 16 -70 -36 -270 0 -10 40 0 -36 0 20 10 0 box2-5.dat
1 16 -190 -36 -170 0 10 -20 0 -36 0 40 10 0 box2-5.dat
1 16 -50 -36 -10 10 20 0 36 0 0 10 0 20 box2-9.dat
1 16 -230 -36 -90 -10 -20 0 36 0 0 -10 0 -40 box2-9.dat
0 BFC INVERTNEXT
1 16 30 -108 -210 0 -10 20 0 36 0 20 -10 0 box2-5.dat
0 BFC INVERTNEXT
1 16 -130 -108 -210 10 20 0 -36 0 0 10 0 20 box2-9.dat
0 BFC INVERTNEXT
1 16 -170 -36 -250 -10 40 0 36 0 0 -10 0 40 box2-9.dat
0 // sloping rects
1 16 -110 -108 -10 -20 0 -10 0 0 -36 0 -1 -10 rect2a.dat
1 16 -50 -108 -70 -10 -1 0 -36 0 0 -10 0 -20 rect2a.dat
1 16 -150 -108 110 20 0 -10 0 0 -36 0 -1 -10 rect3.dat
1 16 30 -108 -110 0 -1 -10 0 0 -36 20 0 -10 rect3.dat
1 16 110 -108 -150 0 -1 -10 0 0 -36 20 0 -10 rect3.dat
1 16 -10 -108 -210 0 -1 -10 0 0 -36 20 0 10 rect3.dat
1 16 -150 -108 -150 0 1 10 0 0 -36 40 0 10 rect3.dat
1 16 70 -36 -270 0 1 10 0 0 -36 20 0 10 rect.dat
1 16 -210 -108 -10 20 0 10 0 0 -36 0 -1 -10 rect.dat
1 16 -270 -36 50 20 0 10 0 0 -36 0 -1 -10 rect.dat
1 16 -270 -36 -50 20 0 10 0 0 -36 0 1 10 rect.dat
1 16 -270 -36 190 20 0 -10 0 0 36 0 1 -10 rect3.dat
1 16 -210 -108 50 20 0 10 0 0 -36 0 1 10 rect.dat
1 16 -170 -108 150 0 -1 -10 0 0 -36 40 0 -10 rect2a.dat
1 16 -150 -36 230 0 -1 10 0 0 36 60 0 10 rect2a.dat
1 16 150 -108 -170 40 0 -10 0 0 -36 0 -1 -10 rect2a.dat
1 16 230 -36 -150 60 0 10 0 0 36 0 -1 10 rect2a.dat
1 16 -190 -108 -110 -40 0 10 0 0 -36 0 1 10 rect2a.dat
1 16 -110 -36 110 10 -1 0 36 0 0 10 0 60 rect1.dat
1 16 50 -36 -70 10 0 40 36 0 0 10 -1 0 rect1.dat
1 16 130 -36 -110 10 0 40 36 0 0 10 -1 0 rect1.dat
1 16 -10 -108 -90 -10 0 40 -36 0 0 -10 -1 0 rect1.dat
1 16 70 -108 -130 -10 0 40 -36 0 0 -10 -1 0 rect1.dat
0 // Flat rects
1 16 -280 0 120 20 0 0 0 1 0 0 0 60 rect1.dat
1 16 20 0 -280 0 0 40 0 1 0 20 0 0 rect1.dat
1 16 -220 -72 240 60 0 0 0 1 0 0 0 40 rect.dat
1 16 -260 -72 0 -20 0 0 0 1 0 0 0 40 rect1.dat
1 16 -220 -72 20 20 0 0 0 1 0 0 0 20 rect1.dat
1 16 140 -72 -260 0 0 60 0 1 0 20 0 0 rect1.dat
1 16 240 -72 -220 0 0 40 0 1 0 60 0 0 rect2a.dat
1 16 -200 -144 120 -20 0 0 0 1 0 0 0 60 rect2a.dat
1 16 120 -144 -200 60 0 0 0 1 0 0 0 -20 rect2a.dat
1 16 -60 -144 -200 0 0 40 0 1 0 -20 0 0 rect1.dat
1 16 -160 -144 40 20 0 0 0 1 0 0 0 60 rect1.dat
0 // edge lines
2 24 300 0 -300 300 0 -140
2 24 -140 0 300 -300 0 300
2 24 -300 0 300 -300 0 180
2 24 -300 0 60 -300 0 -60
2 24 -140 0 -300 -20 0 -300
2 24 60 0 -300 300 0 -300
2 24 80 -72 -280 280 -72 -280
2 24 200 -72 -240 200 -72 -160
2 24 -240 -72 0 -240 -72 -40
2 24 -180 -144 60 -180 -144 -20
2 24 -220 -144 -20 -220 -144 -100
2 24 -20 -144 -180 60 -144 -180
2 24 300 0 -300 280 -72 -280
2 24 -300 0 300 -280 -72 280
2 24 -140 0 -300 -120 -72 -280
2 24 200 -72 -240 180 -144 -220
2 24 -240 -72 200 -220 -144 180
2 24 -120 -72 -240 -100 -144 -220
0 // Slopes Lower
4 16 300 0 -140 280 -72 -160 280 -72 -280 300 0 -300
4 16 -300 0 300 -280 -72 280 -160 -72 280 -140 0 300
4 16 -300 0 180 -280 -72 200 -280 -72 280 -300 0 300
4 16 -260 0 60 -240 -72 40 -240 -72 200 -260 0 180
4 16 -300 0 -60 -280 -72 -40 -280 -72 40 -300 0 60
4 16 -20 0 -300 -40 -72 -280 -120 -72 -280 -140 0 -300
4 16 60 0 -260 80 -72 -240 -40 -72 -240 -20 0 -260
4 16 300 0 -300 280 -72 -280 80 -72 -280 60 0 -300
0 // Slopes Upper
4 16 200 -72 -160 180 -144 -180 180 -144 -220 200 -72 -240
4 16 -120 -72 120 -140 -144 100 -140 -144 -20 -120 -72 0
4 16 -240 -72 200 -220 -144 180 -180 -144 180 -160 -72 200
4 16 -240 -72 40 -220 -144 60 -220 -144 180 -240 -72 200
4 16 -200 -72 0 -180 -144 -20 -180 -144 60 -200 -72 40
4 16 -240 -72 -120 -220 -144 -100 -220 -144 -20 -240 -72 0
4 16 0 -72 -240 -20 -144 -220 -100 -144 -220 -120 -72 -240
4 16 40 -72 -200 60 -144 -180 -20 -144 -180 0 -72 -200
4 16 200 -72 -240 180 -144 -220 60 -144 -220 40 -72 -240
0 // Flat Base
3 16 180 0 -100 180 0 -140 300 0 -140
3 16 180 0 -100 300 0 -140 -140 0 300
4 16 180 0 -100 -140 0 300 -60 0 60 20 0 -20
3 16 100 0 -60 100 0 -100 180 0 -100
3 16 20 0 -20 20 0 -60 100 0 -60
3 16 -20 0 20 -20 0 -20 20 0 -20
3 16 -60 0 60 -60 0 20 -20 0 20
3 16 -100 0 180 -100 0 60 -60 0 60
3 16 -140 0 300 -140 0 180 -100 0 180
4 16 -260 0 -60 -300 0 -60 -316 0 -316 -260 0 -140
4 16 -220 0 -140 -260 0 -140 -316 0 -316 -220 0 -220
4 16 -140 0 -220 -220 0 -220 -316 0 -316 -140 0 -300
4 16 -300 0 300 -316 0 316 -316 0 -316 -300 0 -60
4 16 -140 0 -300 -316 0 -316 316 0 -316 300 0 -300
0 // Flat Peak
4 16 100 -144 -140 -140 -144 -140 -140 -144 -180 100 -144 -180
4 16 20 -144 -100 -140 -144 -100 -140 -144 -140 20 -144 -140
4 16 -60 -144 -60 -220 -144 -60 -220 -144 -100 -60 -144 -100
4 16 -100 -144 -20 -220 -144 -20 -220 -144 -60 -100 -144 -60
0

0 FILE parts/s/6024s2.dat
0 ~Baseplate 32 x 32 Canyon - Island Surface
0 Name: s\6024s2.dat
0 Author: Mark Kennedy [mkennedy]
0 !LDRAW_ORG Subpart UPDATE 2025-09
0 !LICENSE Licensed under CC BY 4.0 : see CAreadme.txt

0 BFC CERTIFY CCW

0 !HISTORY 2010-07-05 [PTadmin] Official Update 2010-02
0 !HISTORY 2025-09-27 [OrionP] Changed winding to CCW
0 !HISTORY 2025-09-29 [OrionP] Official Update 2025-09

0 // // Edge lines

2 24 300 0 140 300 0 260
2 24 260 0 300 140 0 300
2 24 140 0 300 140 0 180
2 24 220 0 140 300 0 140
2 24 300 0 140 280 -72 160
2 24 140 0 300 160 -72 280
0 // Sides
4 16 300 0 260 280 -72 240 280 -72 160 300 0 140
4 16 140 0 300 160 -72 280 240 -72 280 260 0 300
4 16 140 0 180 160 -72 200 160 -72 280 140 0 300
4 16 300 0 140 280 -72 160 240 -72 160 220 0 140
0 // Flat Base
4 16 220 0 140 140 0 180 -140 0 300 300 0 -140
4 16 300 0 -300 316 0 -316 316 0 316 300 0 260
4 16 260 0 300 316 0 316 -316 0 316 -300 0 300
4 16 260 0 300 260 0 260 300 0 260 316 0 316
3 16 140 0 180 140 0 300 -140 0 300
3 16 300 0 140 220 0 140 300 0 -140
3 16 140 0 180 220 0 140 220 0 180
0
0 BFC INVERTNEXT
1 16 270 -36 270 10 -20 0 36 0 0 10 0 -20 box2-5.dat
0 BFC INVERTNEXT
1 16 190 -36 170 -10 40 0 36 0 0 -10 0 20 box2-5.dat
1 16 200 -72 240 -40 0 0 0 1 0 0 0 40 rect2a.dat
1 16 260 -72 200 20 0 0 0 1 0 0 0 -40 rect2a.dat
0

0 FILE box2-11.dat
0 Box with 2 Faces without 11 Edges
0 Name: box2-11.dat
0 Author: Steffen [Steffen]
0 !LDRAW_ORG Primitive UPDATE 2005-01
0 !LICENSE Licensed under CC BY 4.0 : see CAreadme.txt

0 BFC CERTIFY CCW

0 !HISTORY 2005-12-28 [PTadmin] Official Update 2005-01
0 !HISTORY 2007-06-24 [PTadmin] Header formatted for Contributor Agreement
0 !HISTORY 2008-07-01 [PTadmin] Official Update 2008-01


2 24 1 1 1 -1 1 1
4 16 1 1 1 1 1 -1 -1 1 -1 -1 1 1
4 16 1 1 1 -1 1 1 -1 -1 1 1 -1 1
0

0 FILE box4-1.dat
0 Box with 4 Faces without 1 Edge
0 Name: box4-1.dat
0 Author: Tore Eriksson [Tore_Eriksson]
0 !LDRAW_ORG Primitive UPDATE 2012-01
0 !LICENSE Licensed under CC BY 4.0 : see CAreadme.txt

0 BFC CERTIFY CCW

0 !HISTORY 1998-07-15 [PTadmin] Official Update 1998-07
0 !HISTORY 2002-04-05 [hafhead] Made BFC compliant
0 !HISTORY 2002-04-25 [PTadmin] Official Update 2002-02
0 !HISTORY 2007-06-24 [PTadmin] Header formatted for Contributor Agreement
0 !HISTORY 2008-07-01 [PTadmin] Official Update 2008-01
0 !HISTORY 2012-02-16 [Philo] Changed to CCW
0 !HISTORY 2012-03-30 [PTadmin] Official Update 2012-01


2 24 1 1 1 -1 1 1
2 24 -1 1 1 -1 1 -1
2 24 -1 1 -1 1 1 -1
2 24 1 1 -1 1 1 1
2 24 1 0 1 -1 0 1
2 24 -1 0 1 -1 0 -1
2 24 1 0 -1 1 0 1
2 24 1 0 1 1 1 1
2 24 -1 0 1 -1 1 1
2 24 1 0 -1 1 1 -1
2 24 -1 0 -1 -1 1 -1
4 16 -1 1 1 1 1 1 1 1 -1 -1 1 -1
4 16 -1 1 1 -1 0 1 1 0 1 1 1 1
4 16 -1 1 -1 -1 0 -1 -1 0 1 -1 1 1
4 16 1 1 1 1 0 1 1 0 -1 1 1 -1

0 FILE 4-4cyls.dat
0 Cylinder Sloped 1.0
0 Name: 4-4cyls.dat
0 Author: Donald Sutter [technog]
0 !LDRAW_ORG Primitive UPDATE 2012-01
0 !LICENSE Licensed under CC BY 4.0 : see CAreadme.txt

0 BFC CERTIFY CCW

0 !HISTORY 2003-08-01 [PTadmin] Official Update 2003-02
0 !HISTORY 2007-06-24 [PTadmin] Header formatted for Contributor Agreement
0 !HISTORY 2008-07-01 [PTadmin] Official Update 2008-01
0 !HISTORY 2012-02-16 [Philo] Changed to CCW
0 !HISTORY 2012-03-30 [PTadmin] Official Update 2012-01


3 16 0.9239 0.0761 0.3827 0.9239 0 0.3827 1 0 0
5 24 0.9239 0 0.3827 0.9239 0.0761 0.3827 0.7071 0 0.7071 1 0 0
4 16 0.9239 0.0761 0.3827 0.7071 0.2929 0.7071 0.7071 0 0.7071 0.9239 0 0.3827
5 24 0.7071 0 0.7071 0.7071 0.2929 0.7071 0.3827 0 0.9239 0.9239 0 0.3827
4 16 0.7071 0.2929 0.7071 0.3827 0.6173 0.9239 0.3827 0 0.9239 0.7071 0 0.7071
5 24 0.3827 0 0.9239 0.3827 0.6173 0.9239 0 0 1 0.7071 0 0.7071
4 16 0.3827 0.6173 0.9239 0 1 1 0 0 1 0.3827 0 0.9239
5 24 0 0 1 0 1 1 -0.3827 0 0.9239 0.3827 0 0.9239
4 16 0 1 1 -0.3827 1.3827 0.9239 -0.3827 0 0.9239 0 0 1
5 24 -0.3827 0 0.9239 -0.3827 1.3827 0.9239 -0.7071 0 0.7071 0 0 1
4 16 -0.3827 1.3827 0.9239 -0.7071 1.7071 0.7071 -0.7071 0 0.7071 -0.3827 0 0.9239
5 24 -0.7071 0 0.7071 -0.7071 1.7071 0.7071 -0.9239 0 0.3827 -0.3827 0 0.9239
4 16 -0.7071 1.7071 0.7071 -0.9239 1.9239 0.3827 -0.9239 0 0.3827 -0.7071 0 0.7071
5 24 -0.9239 0 0.3827 -0.9239 1.9239 0.3827 -1 0 0 -0.7071 0 0.7071
4 16 -0.9239 1.9239 0.3827 -1 2 0 -1 0 0 -0.9239 0 0.3827
5 24 -1 0 0 -1 2 0 -0.9239 0 -0.3827 -0.9239 0 0.3827
4 16 -1 2 0 -0.9239 1.9239 -0.3827 -0.9239 0 -0.3827 -1 0 0
5 24 -0.9239 0 -0.3827 -0.9239 1.9239 -0.3827 -1 0 0 -0.7071 0 -0.7071
4 16 -0.9239 1.9239 -0.3827 -0.7071 1.7071 -0.7071 -0.7071 0 -0.7071 -0.9239 0 -0.3827
5 24 -0.7071 0 -0.7071 -0.7071 1.7071 -0.7071 -0.9239 0 -0.3827 -0.3827 0 -0.9239
4 16 -0.7071 1.7071 -0.7071 -0.3827 1.3827 -0.9239 -0.3827 0 -0.9239 -0.7071 0 -0.7071
5 24 -0.3827 0 -0.9239 -0.3827 1.3827 -0.9239 -0.7071 0 -0.7071 0 0 -1
4 16 -0.3827 1.3827 -0.9239 0 1 -1 0 0 -1 -0.3827 0 -0.9239
5 24 0 0 -1 0 1 -1 -0.3827 0 -0.9239 0.3827 0 -0.9239
4 16 0 1 -1 0.3827 0.6173 -0.9239 0.3827 0 -0.9239 0 0 -1
5 24 0.3827 0 -0.9239 0.3827 0.6173 -0.9239 0 0 -1 0.7071 0 -0.7071
4 16 0.3827 0.6173 -0.9239 0.7071 0.2929 -0.7071 0.7071 0 -0.7071 0.3827 0 -0.9239
5 24 0.7071 0 -0.7071 0.7071 0.2929 -0.7071 0.3827 0 -0.9239 0.9239 0 -0.3827
4 16 0.7071 0.2929 -0.7071 0.9239 0.0761 -0.3827 0.9239 0 -0.3827 0.7071 0 -0.7071
5 24 0.9239 0 -0.3827 0.9239 0.0761 -0.3827 0.7071 0 -0.7071 1 0 0
3 16 0.9239 0 -0.3827 0.9239 0.0761 -0.3827 1 0 0

0 FILE stud3a.dat
0 Stud Tube Solid without Base Edges
0 Name: stud3a.dat
0 Author: James Jessiman
0 !LDRAW_ORG Primitive UPDATE 2003-02
0 !LICENSE Licensed under CC BY 4.0 : see CAreadme.txt

0 BFC CERTIFY CCW

0 !HISTORY 2002-08-31 [izanette] Modified with WINDZ for BFC compliance
0 !HISTORY 2003-08-01 [PTadmin] Official Update 2003-02
0 !HISTORY 2007-06-24 [PTadmin] Header formatted for Contributor Agreement
0 !HISTORY 2008-07-01 [PTadmin] Official Update 2008-01


1 16 0 -4 0 4 0 0 0 1 0 0 0 4 4-4edge.dat
1 16 0 -4 0 4 0 0 0 1 0 0 0 4 4-4disc.dat
1 16 0 -4 0 4 0 0 0 4 0 0 0 4 4-4cyli.dat
0

0 FILE p/48/4-4edge.dat
0 Hi-Res Circle 1.0
0 Name: 48\4-4edge.dat
0 Author: Paul Easter [pneaster]
0 !LDRAW_ORG 48_Primitive UPDATE 2012-01
0 !LICENSE Licensed under CC BY 4.0 : see CAreadme.txt

0 BFC CERTIFY CCW

0 !HISTORY 2002-08-18 [PTadmin] Official Update 2002-04
0 !HISTORY 2007-06-24 [PTadmin] Header formatted for Contributor Agreement
0 !HISTORY 2008-07-01 [PTadmin] Official Update 2008-01
0 !HISTORY 2012-01-15 [MagFors] BFC'ed, title changed from Edge to Circle
0 !HISTORY 2012-03-30 [PTadmin] Official Update 2012-01


1 16 0 0 0 1 0 0 0 1 0 0 0 1 48/1-4edge.dat
1 16 0 0 0 0 0 -1 0 1 0 1 0 0 48/1-4edge.dat
1 16 0 0 0 -1 0 0 0 1 0 0 0 -1 48/1-4edge.dat
1 16 0 0 0 0 0 1 0 1 0 -1 0 0 48/1-4edge.dat

0 FILE p/48/4-4cyli.dat
0 Hi-Res Cylinder 1.0
0 Name: 48\4-4cyli.dat
0 Author: Paul Easter [pneaster]
0 !LDRAW_ORG 48_Primitive UPDATE 2012-02
0 !LICENSE Licensed under CC BY 4.0 : see CAreadme.txt

0 BFC CERTIFY CCW

0 !HISTORY 2002-08-18 [PTadmin] Official Update 2002-04
0 !HISTORY 2007-06-24 [PTadmin] Header formatted for Contributor Agreement
0 !HISTORY 2008-07-01 [PTadmin] Official Update 2008-01
0 !HISTORY 2012-02-27 [Philo] Changed to CCW
0 !HISTORY 2012-08-09 [PTadmin] Official Update 2012-02


1 16 0 0 0 1 0 0 0 1 0 0 0 1 48/1-4cyli.dat
1 16 0 0 0 0 0 -1 0 1 0 1 0 0 48/1-4cyli.dat
1 16 0 0 0 -1 0 0 0 1 0 0 0 -1 48/1-4cyli.dat
1 16 0 0 0 0 0 1 0 1 0 -1 0 0 48/1-4cyli.dat

0 FILE parts/s/4788s01.dat
0 ~Fabuland Paddle Wheeler Wheel Blade
0 Name: s\4788s01.dat
0 Author: Philippe Hurbain [Philo]
0 !LDRAW_ORG Subpart UPDATE 2024-01
0 !LICENSE Licensed under CC BY 4.0 : see CAreadme.txt

0 BFC CERTIFY CCW

0 !HISTORY 2024-01-29 [OrionP] Official Update 2024-01

1 16 65 -2 9.3 6 0 0 0 4 0 0 0 6 1-4cylo.dat
2 24 71 -2 2 19.8682 -2 2
2 24 65 -2 15.3 19.8682 -2 15.3
2 24 19.8682 -2 15.3 19.8682 -2 2
1 16 65 -2 9.3 6 0 0 0 1 0 0 0 6 1-4chrd.dat
2 24 71 -2 2 71 -2 9.3
4 16 19.8682 -2 15.3 19.8682 -2 2 71 -2 2 71 -2 9.3
3 16 65 -2 15.3 19.8682 -2 15.3 71 -2 9.3
2 24 19.8682 2 2 71 2 2
2 24 19.8682 2 15.3 65 2 15.3
2 24 19.8682 2 2 19.8682 2 15.3
1 16 65 2 9.3 6 0 0 0 -1 0 0 0 6 1-4chrd.dat
2 24 71 2 9.3 71 2 2
4 16 71 2 2 19.8682 2 2 19.8682 2 15.3 71 2 9.3
3 16 19.8682 2 15.3 65 2 15.3 71 2 9.3
2 24 71 -2 2 71 2 2
4 16 71 -2 9.3 71 -2 2 71 2 2 71 2 9.3
4 16 65 -2 15.3 65 2 15.3 19.8682 2 15.3 19.8682 -2 15.3
2 24 19.8682 -2 15.3 20 0 15.3
2 24 20 0 15.3 19.8682 2 15.3

0 FILE u9081.dat
0 ~Tyre  7/ 22 x 26 Racing Slick
0 Name: u9081.dat
0 Author: Ingolf Weisheit [stahlwollschaf]
0 !LDRAW_ORG Part UPDATE 2014-02
0 !LICENSE Licensed under CC BY 2.0 and CC BY 4.0 : see CAreadme.txt

0 BFC CERTIFY CCW

0 !KEYWORDS Chima, Speedorz

0 !HISTORY 2014-12-23 [PTadmin] Official Update 2014-02


1 16 0 0 0 1 0 0 0 1 0 0 0 1 s/u9081s01.dat
1 16 0 0 0 1 0 0 0 1 0 0 0 -1 s/u9081s01.dat

1 16 0 0 0 -1 0 0 0 1 0 0 0 1 s/u9081s01.dat
1 16 0 0 0 -1 0 0 0 1 0 0 0 -1 s/u9081s01.dat

1 16 0 0 0 -0.5 -0.86602 0 0.86602 -0.5 0 0 0 1 s/u9081s01.dat
1 16 0 0 0 -0.5 -0.86602 0 0.86602 -0.5 0 0 0 -1 s/u9081s01.dat

1 16 0 0 0 0.5 -0.86602 0 -0.86602 -0.5 0 0 0 1 s/u9081s01.dat
1 16 0 0 0 0.5 -0.86602 0 -0.86602 -0.5 0 0 0 -1 s/u9081s01.dat

1 16 0 0 0 -0.5 0.86602 0 -0.86602 -0.5 0 0 0 1 s/u9081s01.dat
1 16 0 0 0 -0.5 0.86602 0 -0.86602 -0.5 0 0 0 -1 s/u9081s01.dat

1 16 0 0 0 0.5 0.86602 0 0.86602 -0.5 0 0 0 1 s/u9081s01.dat
1 16 0 0 0 0.5 0.86602 0 0.86602 -0.5 0 0 0 -1 s/u9081s01.dat

0 FILE 11140.dat
0 ~Wheel Rim 26 x  7 with Rip Cord Gear Axle
0 Name: 11140.dat
0 Author: Ingolf Weisheit [stahlwollschaf]
0 !LDRAW_ORG Part UPDATE 2014-02
0 !LICENSE Licensed under CC BY 2.0 and CC BY 4.0 : see CAreadme.txt

0 BFC CERTIFY CCW

0 !KEYWORDS 11767, Chima, Flywheel, Speedorz

0 !HISTORY 2014-12-23 [PTadmin] Official Update 2014-02


1 16 0 0 0 1 0 0 0 1 0 0 0 1 s/11140s01.dat
1 16 0 0 0 1 0 0 0 1 0 0 0 -1 s/11140s01.dat

1 16 0 0 0 -1 0 0 0 1 0 0 0 1 s/11140s01.dat
1 16 0 0 0 -1 0 0 0 1 0 0 0 -1 s/11140s01.dat

1 16 0 0 0 -0.5 -0.866 0 0.866 -0.5 0 0 0 1 s/11140s01.dat
1 16 0 0 0 -0.5 -0.866 0 0.866 -0.5 0 0 0 -1 s/11140s01.dat

1 16 0 0 0 0.5 -0.866 0 -0.866 -0.5 0 0 0 1 s/11140s01.dat
1 16 0 0 0 0.5 -0.866 0 -0.866 -0.5 0 0 0 -1 s/11140s01.dat

1 16 0 0 0 -0.5 0.866 0 -0.866 -0.5 0 0 0 1 s/11140s01.dat
1 16 0 0 0 -0.5 0.866 0 -0.866 -0.5 0 0 0 -1 s/11140s01.dat

1 16 0 0 0 0.5 0.866 0 0.866 -0.5 0 0 0 1 s/11140s01.dat
1 16 0 0 0 0.5 0.866 0 0.866 -0.5 0 0 0 -1 s/11140s01.dat

0 FILE u9082.dat
0 ~Axle Steel  5 x 70 LDU
0 Name: u9082.dat
0 Author: Ingolf Weisheit [stahlwollschaf]
0 !LDRAW_ORG Part UPDATE 2014-02
0 !LICENSE Licensed under CC BY 2.0 and CC BY 4.0 : see CAreadme.txt

0 BFC CERTIFY CCW

0 !CATEGORY Vehicle
0 !KEYWORDS 11767, Chima, Flywheel, Rip Cord, Speedorz

0 !HISTORY 2014-12-23 [PTadmin] Official Update 2014-02


1 16 -35 0 0 0 70 0 0 0 -2.5 -2.5 0 0 4-4cylc.dat
1 16 35 0 0 0 -1 0 0 0 -2.5 -2.5 0 0 4-4disc.dat

0 FILE 15103.dat
0 ~Motor Inertia Flywheel  4 x  6 x  2 Housing
0 Name: 15103.dat
0 Author: Magnus Forsberg [MagFors]
0 !LDRAW_ORG Part UPDATE 2024-03
0 !LICENSE Licensed under CC BY 4.0 : see CAreadme.txt

0 BFC CERTIFY CCW

0 !CATEGORY Vehicle
0 !KEYWORDS 15336, Chima, Speedorz

0 !HISTORY 2024-04-28 [OrionP] Official Update 2024-03


1 16 0 0 0 1 0 0 0 1 0 0 0 1 s/15103s01.dat
1 16 0 0 0 1 0 0 0 1 0 0 0 -1 s/15103s01.dat
1 16 0 0 0 -1 0 0 0 1 0 0 0 1 s/15103s01.dat
1 16 0 0 0 -1 0 0 0 1 0 0 0 -1 s/15103s01.dat

1 16 0 -10 50 0 0 1 0 20 0 -1 0 0 axlehol5.dat
1 16 0 -10 -50 0 0 1 0 20 0 -1 0 0 axlehol5.dat

0 BFC INVERTNEXT
1 16 20 20 15.96 -6 0 0 0 0 6 0 -31.92 0 2-4cyli.dat
1 16 20 20 15.48 -10 0 0 0 0 10 0 -30.96 0 2-4cyli.dat
1 16 40 12 0 0 -1 0 9 0 0 0 0 9 4-4disc.dat
1 16 40 12 0 0 -1 0 9 0 0 0 0 9 4-4edge.dat
1 16 40 12 0 0 -3 0 9 0 0 0 0 9 4-4cyli.dat
3 16 30 19.378 3.9158 30 14.5 0 30 19.378 -3.9158
4 16 26 14.5 2.5 26 20 15.96 26 20 -15.96 26 14.5 -2.5
4 16 30 19.378 3.9158 30 19.378 -3.9158 30 20 -15.48 30 20 15.48

0 BFC INVERTNEXT
1 16 -20 20 -15.96 6 0 0 0 0 6 0 31.92 0 2-4cyli.dat
1 16 -20 20 -15.48 10 0 0 0 0 10 0 30.96 0 2-4cyli.dat
1 16 -40 12 0 0 1 0 9 0 0 0 0 -9 4-4disc.dat
1 16 -40 12 0 0 1 0 9 0 0 0 0 -9 4-4edge.dat
1 16 -40 12 0 0 3 0 9 0 0 0 0 -9 4-4cyli.dat
3 16 -30 14.5 0 -30 19.378 3.9158 -30 19.378 -3.9158
4 16 -26 14.5 -2.5 -26 20 -15.96 -26 20 15.96 -26 14.5 2.5
4 16 -30 19.378 -3.9158 -30 19.378 3.9158 -30 20 15.48 -30 20 -15.48

0 FILE 15709.dat
0 ~Motor Inertia Flywheel  4 x  6 x  2 Lock
0 Name: 15709.dat
0 Author: Magnus Forsberg [MagFors]
0 !LDRAW_ORG Part UPDATE 2024-03
0 !LICENSE Licensed under CC BY 4.0 : see CAreadme.txt

0 BFC CERTIFY CCW

0 !CATEGORY Vehicle

0 !HISTORY 2024-04-28 [OrionP] Official Update 2024-03


1 16 13.5 14.6851 0 -3.5 0 0 0 1 0 0 0 -3.21705 rect.dat
2 24 10 12.6851 3.4442 10 14.6851 3.2171
2 24 6 18.5 2.7839 6 12.6851 3.4442
2 24 6 18.5 -2.7839 6 12.6851 -3.4442
2 24 10 14.6851 -3.2171 10 12.6851 -3.4442
4 16 10 14.6851 -3.2171 10 14.6851 3.2171 10 12.6851 3.4442 10 12.6851 -3.4442
3 16 10 12.6851 10 10 0 10 10 12.6851 3.4442
3 16 10 0 -10 10 12.6851 -10 10 12.6851 -3.4442
4 16 -10 7.5 -10 -6 4 -10 -6 0 -10 -10 0 -10
4 16 -10 7.5 10 -10 0 10 -6 0 10 -6 4 10
4 16 -6 4 14 -6 6 18 -6 15 18 -6 18 14
2 24 17 18.5 2.7839 17 14.6851 3.2171
2 24 17 18.5 -2.7839 17 14.6851 -3.2171
2 24 10 12.6851 10 10 0 10
2 24 10 0 -10 10 12.6851 -10

4 16 -6 18 22 -6 18 14 -6 15 18 -6 15 22
4 16 6 18 22 6 15 22 6 15 18 6 18 14
4 16 6 4 14 6 18 14 6 15 18 6 6 18
1 16 0 11 14 -6 0 0 0 0 7 0 1 0 rect.dat
4 16 6 4 14 6 6 18 6 0 22 6 0 10
4 16 -6 6 18 -6 4 14 -6 0 10 -6 0 22
3 16 -6 0 22 -6 6 22 -6 6 18
4 16 10 14.6851 -3.2171 10 12.6851 -3.4442 6 12.6851 -3.4442 6 18.5 -2.7839
4 16 17 14.6851 -3.2171 10 14.6851 -3.2171 6 18.5 -2.7839 17 18.5 -2.7839
1 16 11.5 18.5 0 0 0 -5.5 0 -1 0 -2.78387 0 0 rect.dat
4 16 17 14.6851 -3.2171 17 18.5 -2.7839 17 18.5 2.7839 17 14.6851 3.2171
4 16 10 14.6851 3.2171 17 14.6851 3.2171 17 18.5 2.7839 6 18.5 2.7839
4 16 10 14.6851 3.2171 6 18.5 2.7839 6 12.6851 3.4442 10 12.6851 3.4442
3 16 6 0 22 6 6 18 6 6 22
2 24 -6 4 -10 -6 0 -10
2 24 -6 4 10 -6 0 10
2 24 6 12.6851 -10 6 7.5 -10
2 24 6 4 -10 6 0 -10
2 24 6 12.6851 10 6 7.5 10
2 24 6 4 10 6 0 10
4 16 -6 15 -18 -6 6 -18 -6 4 -14 -6 18 -14
4 16 -6 15 -18 -6 18 -14 -6 18 -22 -6 15 -22
4 16 6 15 -18 6 15 -22 6 18 -22 6 18 -14
4 16 6 15 -18 6 18 -14 6 4 -14 6 6 -18
1 16 0 11 -14 -6 0 0 0 0 -7 0 -1 0 rect.dat
4 16 6 0 -22 6 6 -18 6 4 -14 6 0 -10
4 16 -6 0 -10 -6 4 -14 -6 6 -18 -6 0 -22
3 16 -6 6 -22 -6 0 -22 -6 6 -18
3 16 6 6 -18 6 0 -22 6 6 -22
3 16 6 0 10 6 4 10 6 4 14
3 16 6 4 -14 6 4 -10 6 0 -10
3 16 -6 4 -10 -6 4 -14 -6 0 -10
3 16 -6 4 14 -6 4 10 -6 0 10
3 16 6 4 10 6 0 10 10 0 10
4 16 10 0 10 10 12.6851 10 6 7.5 10 6 4 10
3 16 10 12.6851 10 6 12.6851 10 6 7.5 10
1 16 8 12.6851 6.7221 0 0 2 0 -1 0 3.27792 0 0 rect.dat
1 16 8 12.6851 -6.7221 0 0 2 0 -1 0 3.27792 0 0 rect.dat
3 16 6 7.5 -10 6 12.6851 -10 10 12.6851 -10
4 16 6 4 -10 6 7.5 -10 10 12.6851 -10 10 0 -10
3 16 10 0 -10 6 0 -10 6 4 -10
4 16 6 18.5 2.7839 6 18.5 -2.7839 6 12.6851 -3.4442 6 12.6851 3.4442
1 16 0 4 12 0 0 -6 0 -1 0 -2 0 0 rect2p.dat
1 16 0 4 -12 0 0 -6 0 -1 0 -2 0 0 rect2p.dat
4 16 -6 0 10 -6 0 -10 6 0 -10 6 0 10
1 16 8 0 0 0 0 2 0 1 0 -10 0 0 rect3.dat

0 BFC INVERTNEXT
1 16 0 10.5 -22 6 0 0 0 0 -4.5 0 4 0 box3u2p.dat
0 BFC INVERTNEXT
1 16 0 10.5 22 -6 0 0 0 0 -4.5 0 -4 0 box3u2p.dat
1 16 0 3 -16 6 0 0 0 -3 0 0 0 -6 box2-7.dat
1 16 0 3 16 -6 0 0 0 -3 0 0 0 6 box2-7.dat
1 16 0 16.5 -18 6 0 0 0 1.5 0 0 0 -4 box2-7.dat
1 16 0 16.5 18 -6 0 0 0 1.5 0 0 0 4 box2-7.dat

2 24 -10 7.5 10 -10 0 10
2 24 -10 7.5 -10 -10 0 -10
1 16 -8 0 0 0 0 -2 0 1 0 10 0 0 rect3.dat
0 BFC INVERTNEXT
1 16 10 7.5 0 0 -4 0 0 0 3 -3 0 0 2-4cylo.dat
1 16 10 7.5 0 0 -1 0 3 0 0 0 0 3 4-4ndis.dat
1 16 6 7.5 0 0 1 0 0 0 3 -3 0 0 2-4ndis.dat
1 16 -10 7.5 0 0 1 0 0 0 -3 -3 0 0 2-4ndis.dat
0 BFC INVERTNEXT
1 16 -10 7.5 0 0 20 0 0 0 -3 3 0 0 2-4cylo.dat
4 16 10 4.5 -3 10 4.5 3 10 0 10 10 0 -10
4 16 10 10.5 -3 10 4.5 -3 10 0 -10 10 12.6851 -3.4442
4 16 10 10.5 -3 10 12.6851 -3.4442 10 12.6851 3.44418 10 10.5 3
4 16 10 0 10 10 4.5 3 10 10.5 3 10 12.6851 3.44418
4 16 6 7.5 -10 6 7.5 -3 6 10.5 -3 6 12.6851 -10
4 16 6 12.6851 -10 6 10.5 -3 6 10.5 3 6 12.6851 10
4 16 6 7.5 10 6 12.6851 10 6 10.5 3 6 7.5 3
4 16 -10 0 10 -10 7.5 10 -10 7.5 3 -10 4.5 3
4 16 -10 0 -10 -10 0 10 -10 4.5 3 -10 4.5 -3
4 16 -10 0 -10 -10 4.5 -3 -10 7.5 -3 -10 7.5 -10
1 16 -2 7.5 -6.5 8 0 0 0 -1 0 0 0 -3.5 rect.dat
1 16 -2 7.5 6.5 8 0 0 0 -1 0 0 0 -3.5 rect.dat
2 24 6 4 -10 -6 4 -10
4 16 -10 7.5 -10 6 7.5 -10 6 4 -10 -6 4 -10
2 24 -6 4 10 6 4 10
4 16 6 7.5 10 -10 7.5 10 -6 4 10 6 4 10

0 FILE 1-8cylo.dat
0 Cylinder Open 0.125
0 Name: 1-8cylo.dat
0 Author: Tim Gould [timgould]
0 !LDRAW_ORG Primitive UPDATE 2012-03
0 !LICENSE Licensed under CC BY 4.0 : see CAreadme.txt

0 BFC CERTIFY CCW

0 !HISTORY 2012-12-28 [PTadmin] Official Update 2012-03


1 16 0 0 0 1 0 0 0 1 0 0 0 1 1-8edge.dat
1 16 0 1 0 1 0 0 0 1 0 0 0 1 1-8edge.dat
1 16 0 0 0 1 0 0 0 1 0 0 0 1 1-8cyli.dat

0 FILE stud10.dat
0 Stud Truncated Laterally Curved 40D for Round  2 x  2 Parts
0 Name: stud10.dat
0 Author: Orion Pobursky [OrionP]
0 !LDRAW_ORG Primitive UPDATE 2020-01
0 !LICENSE Licensed under CC BY 4.0 : see CAreadme.txt

0 BFC CERTIFY CCW

0 !HISTORY 2004-01-06 [Steffen] Fixed Header
0 !HISTORY 2004-04-22 [PTadmin] Official Update 2004-02
0 !HISTORY 2007-06-24 [PTadmin] Header formatted for Contributor Agreement
0 !HISTORY 2008-07-01 [PTadmin] Official Update 2008-01
0 !HISTORY 2012-02-16 [Philo] Changed to CCW
0 !HISTORY 2012-03-30 [PTadmin] Official Update 2012-01
0 !HISTORY 2018-02-25 [MagFors] Corrected and added cond-lines
0 !HISTORY 2019-06-28 [PTadmin] Official Update 2019-01
0 !HISTORY 2020-06-28 [PTadmin] Official Update 2020-01


2 24 6 0 0 5.6145 0 1.9397
2 24 1.9387 0 5.6145 0 0 6
2 24 5.6145 -4 1.9397 5.6145 0 1.9397
2 24 6 -4 0 5.6145 -4 1.9397
2 24 5.6145 -4 1.9397 4.142 -4 4.142
2 24 4.142 -4 4.142 1.9397 -4 5.6145
2 24 1.9397 -4 5.6145 0 -4 6
2 24 1.9397 -4 5.6145 1.9387 0 5.6145

5 24 4.142 -4 4.142 4.142 0 4.142 1.9397 -4 5.6145 5.6145 -4 1.9397
5 24 6 -4 0 6 0 0 5.5434 -4 -2.2962 5.6145 -4 1.9397
5 24 0 -4 6 0 0 6 1.9397 -4 5.6145 -2.2962 -4 5.5434

1 16 0 -4 0 0 0 -6 0 4 0 6 0 0 3-4cyli.dat
1 16 0 0 0 0 0 -6 0 1 0 6 0 0 3-4edge.dat
1 16 0 -4 0 0 0 -6 0 1 0 6 0 0 3-4edge.dat
1 16 0 -4 0 0 0 -6 0 1 0 6 0 0 3-4disc.dat
3 16 6 -4 0 5.6145 -4 1.9397 0 -4 0
3 16 5.6145 -4 1.9397 4.142 -4 4.142 0 -4 0
3 16 4.142 -4 4.142 1.9397 -4 5.6145 0 -4 0
3 16 1.9397 -4 5.6145 0 -4 6 0 -4 0
4 16 6 0 0 5.6145 0 1.9397 5.6145 -4 1.9397 6 -4 0
4 16 5.6145 0 1.9397 4.142 0 4.142 4.142 -4 4.142 5.6145 -4 1.9397
4 16 4.142 0 4.142 1.9387 0 5.6145 1.9397 -4 5.6145 4.142 -4 4.142
4 16 1.9387 0 5.6145 0 0 6 0 -4 6 1.9397 -4 5.6145

0 FILE 3-4ndis.dat
0 Disc Negative 0.75
0 Name: 3-4ndis.dat
0 Author: James Jessiman
0 !LDRAW_ORG Primitive UPDATE 2012-01
0 !LICENSE Licensed under CC BY 4.0 : see CAreadme.txt

0 BFC CERTIFY CCW

0 !HISTORY 2002-03-23 [sbliss] Added BFC statement; compacted code
0 !HISTORY 2002-04-25 [PTadmin] Official Update 2002-02
0 !HISTORY 2007-06-24 [PTadmin] Header formatted for Contributor Agreement
0 !HISTORY 2008-07-01 [PTadmin] Official Update 2008-01
0 !HISTORY 2012-02-16 [Philo] Changed to CCW
0 !HISTORY 2012-03-30 [PTadmin] Official Update 2012-01


3 16 0.9239 0 0.3827 1 0 0 1 0 1
3 16 0.7071 0 0.7071 0.9239 0 0.3827 1 0 1
3 16 0.3827 0 0.9239 0.7071 0 0.7071 1 0 1
3 16 0 0 1 0.3827 0 0.9239 1 0 1
3 16 -0.3827 0 0.9239 0 0 1 -1 0 1
3 16 -0.7071 0 0.7071 -0.3827 0 0.9239 -1 0 1
3 16 -0.9239 0 0.3827 -0.7071 0 0.7071 -1 0 1
3 16 -1 0 0 -0.9239 0 0.3827 -1 0 1
3 16 -0.9239 0 -0.3827 -1 0 0 -1 0 -1
3 16 -0.7071 0 -0.7071 -0.9239 0 -0.3827 -1 0 -1
3 16 -0.3827 0 -0.9239 -0.7071 0 -0.7071 -1 0 -1
3 16 0 0 -1 -0.3827 0 -0.9239 -1 0 -1

0 FILE 1-4ring3.dat
0 Ring  3 x 0.25
0 Name: 1-4ring3.dat
0 Author: Willy Tschager [Holly-Wood]
0 !LDRAW_ORG Primitive UPDATE 2024-01
0 !LICENSE Licensed under CC BY 4.0 : see CAreadme.txt

0 BFC CERTIFY CCW

0 !HISTORY 1999-07-05 [PTadmin] Official Update 1999-05
0 !HISTORY 2003-01-21 [cavehop] Update Added BFC and 1 digit of significance
0 !HISTORY 2003-05-21 [cavehop] Corrected values as indicated by pneaster
0 !HISTORY 2003-06-12 [cavehop] Re-corrected values as indicated by pneaster
0 !HISTORY 2003-08-01 [PTadmin] Official Update 2003-02
0 !HISTORY 2007-06-22 [PTadmin] Header formatted for Contributor Agreement
0 !HISTORY 2008-07-01 [PTadmin] Official Update 2008-01
0 !HISTORY 2012-02-16 [Philo] Changed to CCW
0 !HISTORY 2012-03-30 [PTadmin] Official Update 2012-01
0 !HISTORY 2024-01-04 [Holly-Wood] Complete re-write, original by Karim Nassar
0 !HISTORY 2024-01-29 [OrionP] Official Update 2024-01

4 16 4 0 0 3.6956 0 1.5308 2.7717 0 1.1481 3 0 0
4 16 3.6956 0 1.5308 2.8284 0 2.8284 2.1213 0 2.1213 2.7717 0 1.1481
4 16 2.8284 0 2.8284 1.5308 0 3.6956 1.1481 0 2.7717 2.1213 0 2.1213
4 16 1.5308 0 3.6956 0 0 4 0 0 3 1.1481 0 2.7717
0 // Build by LDPartEditor (PrimGen 2.X)

0 FILE 1-4cylo.dat
0 Cylinder Open 0.25
0 Name: 1-4cylo.dat
0 Author: Max Martin Richter [MMR1988]
0 !LDRAW_ORG Primitive UPDATE 2010-03
0 !LICENSE Licensed under CC BY 4.0 : see CAreadme.txt

0 BFC CERTIFY CCW

0 !HISTORY 2010-12-31 [PTadmin] Official Update 2010-03


1 16 0 0 0 1 0 0 0 1 0 0 0 1 1-4edge.dat
1 16 0 1 0 1 0 0 0 1 0 0 0 1 1-4edge.dat
1 16 0 0 0 1 0 0 0 1 0 0 0 1 1-4cyli.dat

0 FILE box3u10p.dat
0 Box with 3 Faces without 10 Parallel Edges
0 Name: box3u10p.dat
0 Author: Owen Burgoyne [C3POwen]
0 !LDRAW_ORG Primitive UPDATE 2014-01
0 !LICENSE Licensed under CC BY 4.0 : see CAreadme.txt

0 BFC CERTIFY CCW

0 !HISTORY 2014-06-21 [PTadmin] Official Update 2014-01


4 16 1 1 -1 -1 1 -1 -1 1 1 1 1 1
4 16 -1 1 1 -1 0 1 1 0 1 1 1 1
4 16 1 1 -1 1 0 -1 -1 0 -1 -1 1 -1
2 24 1 1 1 -1 1 1
2 24 -1 1 -1 1 1 -1

0 FILE triangle.dat
0 Triangle
0 Name: triangle.dat
0 Author: Steffen [Steffen]
0 !LDRAW_ORG Primitive UPDATE 2013-01
0 !LICENSE Licensed under CC BY 4.0 : see CAreadme.txt

0 BFC CERTIFY CCW

0 !HISTORY 2013-07-21 [PTadmin] Official Update 2013-01


3 16 0 0 0 1 0 0 0 0 1
2 24 0 0 0 1 0 0
2 24 1 0 0 0 0 1
2 24 0 0 1 0 0 0

0 FILE 1-8sphe.dat
0 Sphere 0.125
0 Name: 1-8sphe.dat
0 Author: James Jessiman
0 !LDRAW_ORG Primitive UPDATE 2012-03
0 !LICENSE Licensed under CC BY 4.0 : see CAreadme.txt

0 BFC CERTIFY CCW

0 !HISTORY 2000-08-01 {Axel Poque} fixes to resolve L3P error messages.
0 !HISTORY 2000-08-01 {Manfred Moolhuysen} fixes to resolve L3P error messages.
0 !HISTORY 2000-09-30 [PTadmin] Official Update 2000-02
0 !HISTORY 2002-03-28 [hafhead] Made BFC compliant
0 !HISTORY 2002-04-25 [PTadmin] Official Update 2002-02
0 !HISTORY 2007-06-22 [PTadmin] Header formatted for Contributor Agreement
0 !HISTORY 2008-07-01 [PTadmin] Official Update 2008-01
0 !HISTORY 2010-09-12 [MagFors] Changed winding, removed duplicated cond-line, optimized filesize
0 !HISTORY 2010-12-31 [PTadmin] Official Update 2010-03
0 !HISTORY 2012-07-01 [tcobbs] Replaced with geometry from LDView
0 !HISTORY 2012-12-28 [PTadmin] Official Update 2012-03


3 16 1 0 0 0.9239 0.3827 0 0.9239 0 0.3827
3 16 0.9239 0.3827 0 0.7836 0.4393 0.4393 0.9239 0 0.3827
3 16 0.9239 0 0.3827 0.7836 0.4393 0.4393 0.7071 0 0.7071
3 16 0.7836 0.4393 0.4393 0.4393 0.4393 0.7836 0.7071 0 0.7071
3 16 0.7071 0 0.7071 0.4393 0.4393 0.7836 0.3827 0 0.9239
3 16 0.4393 0.4393 0.7836 0 0.3827 0.9239 0.3827 0 0.9239
3 16 0.3827 0 0.9239 0 0.3827 0.9239 0 0 1
3 16 0.9239 0.3827 0 0.7071 0.7071 0 0.7836 0.4393 0.4393
3 16 0.7071 0.7071 0 0.4393 0.7836 0.4393 0.7836 0.4393 0.4393
3 16 0.7836 0.4393 0.4393 0.4393 0.7836 0.4393 0.4393 0.4393 0.7836
3 16 0.4393 0.7836 0.4393 0 0.7071 0.7071 0.4393 0.4393 0.7836
3 16 0.4393 0.4393 0.7836 0 0.7071 0.7071 0 0.3827 0.9239
3 16 0.7071 0.7071 0 0.3827 0.9239 0 0.4393 0.7836 0.4393
3 16 0.3827 0.9239 0 0 0.9239 0.3827 0.4393 0.7836 0.4393
3 16 0.4393 0.7836 0.4393 0 0.9239 0.3827 0 0.7071 0.7071
3 16 0.3827 0.9239 0 0 1 0 0 0.9239 0.3827

5 24 1 0 0 0.9239 0.3827 0 1 0 -0.1 0.9239 0 0.3827
5 24 0.9239 0.3827 0 0.9239 0 0.3827 1 0 0 0.7836 0.4393 0.4393
5 24 1 0 0 0.9239 0 0.3827 0.9239 0.3827 0 1 -0.1 0
5 24 0.9239 0 0.3827 0.7836 0.4393 0.4393 0.9239 0.3827 0 0.7071 0 0.7071
5 24 0.7836 0.4393 0.4393 0.7071 0 0.7071 0.9239 0 0.3827 0.4393 0.4393 0.7836
5 24 0.9239 0 0.3827 0.7071 0 0.7071 0.7836 0.4393 0.4393 0.9239 -0.1 0.3827
5 24 0.7071 0 0.7071 0.4393 0.4393 0.7836 0.7836 0.4393 0.4393 0.3827 0 0.9239
5 24 0.4393 0.4393 0.7836 0.3827 0 0.9239 0.7071 0 0.7071 0 0.3827 0.9239
5 24 0.7071 0 0.7071 0.3827 0 0.9239 0.4393 0.4393 0.7836 0.7071 -0.1 0.7071
5 24 0.3827 0 0.9239 0 0.3827 0.9239 0.4393 0.4393 0.7836 0 0 1
5 24 0 0.3827 0.9239 0 0 1 0.3827 0 0.9239 -0.1 0.3827 0.9239
5 24 0.3827 0 0.9239 0 0 1 0 0.3827 0.9239 0.3827 -0.1 0.9239
5 24 0.9239 0.3827 0 0.7071 0.7071 0 0.9239 0.3827 -0.1 0.7836 0.4393 0.4393
5 24 0.7071 0.7071 0 0.7836 0.4393 0.4393 0.9239 0.3827 0 0.4393 0.7836 0.4393
5 24 0.9239 0.3827 0 0.7836 0.4393 0.4393 0.7071 0.7071 0 0.9239 0 0.3827
5 24 0.7836 0.4393 0.4393 0.4393 0.7836 0.4393 0.7071 0.7071 0 0.4393 0.4393 0.7836
5 24 0.4393 0.7836 0.4393 0.4393 0.4393 0.7836 0.7836 0.4393 0.4393 0 0.7071 0.7071
5 24 0.7836 0.4393 0.4393 0.4393 0.4393 0.7836 0.4393 0.7836 0.4393 0.7071 0 0.7071
5 24 0.4393 0.4393 0.7836 0 0.7071 0.7071 0.4393 0.7836 0.4393 0 0.3827 0.9239
5 24 0 0.7071 0.7071 0 0.3827 0.9239 0.4393 0.4393 0.7836 -0.1 0.7071 0.7071
5 24 0.4393 0.4393 0.7836 0 0.3827 0.9239 0 0.7071 0.7071 0.3827 0 0.9239
5 24 0.7071 0.7071 0 0.3827 0.9239 0 0.7071 0.7071 -0.1 0.4393 0.7836 0.4393
5 24 0.3827 0.9239 0 0.4393 0.7836 0.4393 0.7071 0.7071 0 0 0.9239 0.3827
5 24 0.7071 0.7071 0 0.4393 0.7836 0.4393 0.3827 0.9239 0 0.7836 0.4393 0.4393
5 24 0.4393 0.7836 0.4393 0 0.9239 0.3827 0.3827 0.9239 0 0 0.7071 0.7071
5 24 0 0.9239 0.3827 0 0.7071 0.7071 0.4393 0.7836 0.4393 -0.1 0.9239 0.3827
5 24 0.4393 0.7836 0.4393 0 0.7071 0.7071 0 0.9239 0.3827 0.4393 0.4393 0.7836
5 24 0.3827 0.9239 0 0 1 0 0.3827 0.9239 -0.1 0 0.9239 0.3827
5 24 0 1 0 0 0.9239 0.3827 0.3827 0.9239 0 -0.1 1 0
5 24 0.3827 0.9239 0 0 0.9239 0.3827 0 1 0 0.4393 0.7836 0.4393

0 FILE 2-4disc.dat
0 Disc 0.5
0 Name: 2-4disc.dat
0 Author: James Jessiman
0 !LDRAW_ORG Primitive UPDATE 2002-02
0 !LICENSE Licensed under CC BY 4.0 : see CAreadme.txt

0 BFC CERTIFY CCW

0 !HISTORY 1998-12-15 [PTadmin] Official Update 1998-10
0 !HISTORY 2002-03-23 [sbliss] Added BFC statement
0 !HISTORY 2002-04-25 [PTadmin] Official Update 2002-02
0 !HISTORY 2007-06-24 [PTadmin] Header formatted for Contributor Agreement
0 !HISTORY 2008-07-01 [PTadmin] Official Update 2008-01


3 16 0 0 0 1 0 0 0.9239 0 0.3827
3 16 0 0 0 0.9239 0 0.3827 0.7071 0 0.7071
3 16 0 0 0 0.7071 0 0.7071 0.3827 0 0.9239
3 16 0 0 0 0.3827 0 0.9239 0 0 1
3 16 0 0 0 0 0 1 -0.3827 0 0.9239
3 16 0 0 0 -0.3827 0 0.9239 -0.7071 0 0.7071
3 16 0 0 0 -0.7071 0 0.7071 -0.9239 0 0.3827
3 16 0 0 0 -0.9239 0 0.3827 -1 0 -0
0

0 FILE 3-4cyli.dat
0 Cylinder 0.75
0 Name: 3-4cyli.dat
0 Author: James Jessiman
0 !LDRAW_ORG Primitive UPDATE 2005-01
0 !LICENSE Licensed under CC BY 4.0 : see CAreadme.txt

0 BFC CERTIFY CCW

0 !HISTORY 2002-03-23 [sbliss] Added BFC statement; compacted code
0 !HISTORY 2002-04-25 [PTadmin] Official Update 2002-02
0 !HISTORY 2004-12-11 [nielsk] Recreated using Primitive Generator, Edge lines fixed, BFC changed to CCW
0 !HISTORY 2005-12-28 [PTadmin] Official Update 2005-01
0 !HISTORY 2007-06-24 [PTadmin] Header formatted for Contributor Agreement
0 !HISTORY 2008-07-01 [PTadmin] Official Update 2008-01


4 16 .9239 1 .3827 .9239 0 .3827 1 0 0 1 1 0
4 16 .7071 1 .7071 .7071 0 .7071 .9239 0 .3827 .9239 1 .3827
4 16 .3827 1 .9239 .3827 0 .9239 .7071 0 .7071 .7071 1 .7071
4 16 0 1 1 0 0 1 .3827 0 .9239 .3827 1 .9239
4 16 -.3827 1 .9239 -.3827 0 .9239 0 0 1 0 1 1
4 16 -.7071 1 .7071 -.7071 0 .7071 -.3827 0 .9239 -.3827 1 .9239
4 16 -.9239 1 .3827 -.9239 0 .3827 -.7071 0 .7071 -.7071 1 .7071
4 16 -1 1 0 -1 0 0 -.9239 0 .3827 -.9239 1 .3827
4 16 -.9239 1 -.3827 -.9239 0 -.3827 -1 0 0 -1 1 0
4 16 -.7071 1 -.7071 -.7071 0 -.7071 -.9239 0 -.3827 -.9239 1 -.3827
4 16 -.3827 1 -.9239 -.3827 0 -.9239 -.7071 0 -.7071 -.7071 1 -.7071
4 16 0 1 -1 0 0 -1 -.3827 0 -.9239 -.3827 1 -.9239
5 24 1 1 0 1 0 0 1 1 -.4142 .9239 1 .3827
5 24 .9239 1 .3827 .9239 0 .3827 1 1 0 .7071 1 .7071
5 24 .7071 1 .7071 .7071 0 .7071 .9239 1 .3827 .3827 1 .9239
5 24 .3827 1 .9239 .3827 0 .9239 .7071 1 .7071 0 1 1
5 24 0 1 1 0 0 1 .3827 1 .9239 -.3827 1 .9239
5 24 -.3827 1 .9239 -.3827 0 .9239 0 1 1 -.7071 1 .7071
5 24 -.7071 1 .7071 -.7071 0 .7071 -.3827 1 .9239 -.9239 1 .3827
5 24 -.9239 1 .3827 -.9239 0 .3827 -.7071 1 .7071 -1 1 0
5 24 -1 1 0 -1 0 0 -.9239 1 .3827 -.9239 1 -.3827
5 24 -.9239 1 -.3827 -.9239 0 -.3827 -1 1 0 -.7071 1 -.7071
5 24 -.7071 1 -.7071 -.7071 0 -.7071 -.9239 1 -.3827 -.3827 1 -.9239
5 24 -.3827 1 -.9239 -.3827 0 -.9239 -.7071 1 -.7071 0 1 -1
5 24 0 1 -1 0 0 -1 -.3827 1 -.9239 .4142 1 -1
0

0 FILE tri3a4.dat
0 Triangular Prism with 3 Adjacent Faces without 4 Edges
0 Name: tri3a4.dat
0 Author: Magnus Forsberg [MagFors]
0 !LDRAW_ORG Primitive UPDATE 2017-01
0 !LICENSE Licensed under CC BY 4.0 : see CAreadme.txt

0 BFC CERTIFY CCW

0 !HISTORY 2017-12-30 [PTadmin] Official Update 2017-01


2 24 0 1 1 0 1 0
2 24 0 1 0 1 1 0
2 24 0 0 1 0 0 0
2 24 0 0 0 1 0 0
2 24 0 0 0 0 1 0
4 16 0 1 1 0 1 0 0 0 0 0 0 1
4 16 0 1 0 1 1 0 1 0 0 0 0 0
3 16 0 1 0 0 1 1 1 1 0

0 FILE 3-4edge.dat
0 Circle 0.75
0 Name: 3-4edge.dat
0 Author: James Jessiman
0 !LDRAW_ORG Primitive UPDATE 2017-01
0 !LICENSE Licensed under CC BY 4.0 : see CAreadme.txt

0 BFC CERTIFY CCW

0 !HISTORY 2007-06-24 [PTadmin] Header formatted for Contributor Agreement
0 !HISTORY 2008-07-01 [PTadmin] Official Update 2008-01
0 !HISTORY 2017-01-15 [Steffen] BFCed
0 !HISTORY 2017-12-30 [PTadmin] Official Update 2017-01


2 24 1 0 0 0.9239 0 0.3827
2 24 0.9239 0 0.3827 0.7071 0 0.7071
2 24 0.7071 0 0.7071 0.3827 0 0.9239
2 24 0.3827 0 0.9239 0 0 1
2 24 0 0 1 -0.3827 0 0.9239
2 24 -0.3827 0 0.9239 -0.7071 0 0.7071
2 24 -0.7071 0 0.7071 -0.9239 0 0.3827
2 24 -0.9239 0 0.3827 -1 0 0
2 24 -1 0 -0 -0.9239 0 -0.3827
2 24 -0.9239 0 -0.3827 -0.7071 0 -0.7071
2 24 -0.7071 0 -0.7071 -0.3827 0 -0.9239
2 24 -0.3827 0 -0.9239 0 0 -1

0 FILE 3-4ring1.dat
0 Ring  1 x 0.75
0 Name: 3-4ring1.dat
0 Author: Willy Tschager [Holly-Wood]
0 !LDRAW_ORG Primitive UPDATE 2024-01
0 !LICENSE Licensed under CC BY 4.0 : see CAreadme.txt

0 BFC CERTIFY CCW

0 !HISTORY 2010-07-05 [PTadmin] Official Update 2010-02
0 !HISTORY 2024-01-19 [Holly-Wood] Complete regeneration, original by guyvivan
0 !HISTORY 2024-01-29 [OrionP] Official Update 2024-01

4 16 2 0 0 1.8478 0 0.7654 0.9239 0 0.3827 1 0 0
4 16 1.8478 0 0.7654 1.4142 0 1.4142 0.7071 0 0.7071 0.9239 0 0.3827
4 16 1.4142 0 1.4142 0.7654 0 1.8478 0.3827 0 0.9239 0.7071 0 0.7071
4 16 0.7654 0 1.8478 0 0 2 0 0 1 0.3827 0 0.9239
4 16 0 0 2 -0.7654 0 1.8478 -0.3827 0 0.9239 0 0 1
4 16 -0.7654 0 1.8478 -1.4142 0 1.4142 -0.7071 0 0.7071 -0.3827 0 0.9239
4 16 -1.4142 0 1.4142 -1.8478 0 0.7654 -0.9239 0 0.3827 -0.7071 0 0.7071
4 16 -1.8478 0 0.7654 -2 0 0 -1 0 0 -0.9239 0 0.3827
4 16 -2 0 0 -1.8478 0 -0.7654 -0.9239 0 -0.3827 -1 0 0
4 16 -1.8478 0 -0.7654 -1.4142 0 -1.4142 -0.7071 0 -0.7071 -0.9239 0 -0.3827
4 16 -1.4142 0 -1.4142 -0.7654 0 -1.8478 -0.3827 0 -0.9239 -0.7071 0 -0.7071
4 16 -0.7654 0 -1.8478 0 0 -2 0 0 -1 -0.3827 0 -0.9239
0 // Build by LDPartEditor (PrimGen 2.X)

0 FILE 2-4con10.dat
0 Cone 10 x 0.5
0 Name: 2-4con10.dat
0 Author: Michael Heidemann [mikeheide]
0 !LDRAW_ORG Primitive UPDATE 2010-02
0 !LICENSE Licensed under CC BY 4.0 : see CAreadme.txt

0 BFC CERTIFY CCW

0 !HISTORY 2010-07-05 [PTadmin] Official Update 2010-02


4 16 10 1 0 9.239 1 3.827 10.1629 0 4.2097 11 0 0
4 16 9.239 1 3.827 7.071 1 7.071 7.7781 0 7.7781 10.1629 0 4.2097
4 16 7.071 1 7.071 3.827 1 9.239 4.2097 0 10.1629 7.7781 0 7.7781
4 16 3.827 1 9.239 0 1 10 0 0 11 4.2097 0 10.1629
4 16 0 1 10 -3.827 1 9.239 -4.2097 0 10.1629 0 0 11
4 16 -3.827 1 9.239 -7.071 1 7.071 -7.7781 0 7.7781 -4.2097 0 10.1629
4 16 -7.071 1 7.071 -9.239 1 3.827 -10.1629 0 4.2097 -7.7781 0 7.7781
4 16 -9.239 1 3.827 -10 1 0 -11 0 0 -10.1629 0 4.2097
0 // conditional lines
5 24 10 1 0 11 0 0 9.239 1 -3.827 9.239 1 3.827
5 24 9.239 1 3.827 10.1629 0 4.2097 10 1 0 7.071 1 7.071
5 24 7.071 1 7.071 7.7781 0 7.7781 9.239 1 3.827 3.827 1 9.239
5 24 3.827 1 9.239 4.2097 0 10.1629 7.071 1 7.071 0 1 10
5 24 0 1 10 0 0 11 3.827 1 9.239 -3.827 1 9.239
5 24 -3.827 1 9.239 -4.2097 0 10.1629 0 1 10 -7.071 1 7.071
5 24 -7.071 1 7.071 -7.7781 0 7.7781 -3.827 1 9.239 -9.239 1 3.827
5 24 -9.239 1 3.827 -10.1629 0 4.2097 -7.071 1 7.071 -10 1 0
5 24 -10 1 0 -11 0 0 -9.239 1 3.827 -9.239 1 -3.827
0 // end of file
0

0 FILE 2-4con4.dat
0 Cone  4 x 0.5
0 Name: 2-4con4.dat
0 Author: Mark Kennedy [mkennedy]
0 !LDRAW_ORG Primitive UPDATE 2012-01
0 !LICENSE Licensed under CC BY 4.0 : see CAreadme.txt

0 BFC CERTIFY CCW

0 !HISTORY 2009-05-02 [PTadmin] Official Update 2009-01
0 !HISTORY 2012-02-16 [Philo] Recreated CCW
0 !HISTORY 2012-03-30 [PTadmin] Official Update 2012-01


4 16 4 1 0 3.6956 1 1.5308 4.6195 0 1.9135 5 0 0
4 16 3.6956 1 1.5308 2.8284 1 2.8284 3.5355 0 3.5355 4.6195 0 1.9135
4 16 2.8284 1 2.8284 1.5308 1 3.6956 1.9135 0 4.6195 3.5355 0 3.5355
4 16 1.5308 1 3.6956 0 1 4 0 0 5 1.9135 0 4.6195
4 16 0 1 4 -1.5308 1 3.6956 -1.9135 0 4.6195 0 0 5
4 16 -1.5308 1 3.6956 -2.8284 1 2.8284 -3.5355 0 3.5355 -1.9135 0 4.6195
4 16 -2.8284 1 2.8284 -3.6956 1 1.5308 -4.6195 0 1.9135 -3.5355 0 3.5355
4 16 -3.6956 1 1.5308 -4 1 0 -5 0 0 -4.6195 0 1.9135
0 // conditional lines
5 24 4 1 0 5 0 0 4 1 -1.6569 3.6955 1 1.5307
5 24 3.6956 1 1.5308 4.6195 0 1.9135 4 1 0 2.8284 1 2.8284
5 24 2.8284 1 2.8284 3.5355 0 3.5355 3.6955 1 1.5307 1.5307 1 3.6955
5 24 1.5308 1 3.6956 1.9135 0 4.6195 2.8284 1 2.8284 0 1 4
5 24 0 1 4 0 0 5 1.5307 1 3.6955 -1.5307 1 3.6955
5 24 -1.5308 1 3.6956 -1.9135 0 4.6195 0 1 4 -2.8284 1 2.8284
5 24 -2.8284 1 2.8284 -3.5355 0 3.5355 -1.5307 1 3.6955 -3.6955 1 1.5307
5 24 -3.6956 1 1.5308 -4.6195 0 1.9135 -2.8284 1 2.8284 -4 1 0
5 24 -4 1 0 -5 0 0 -3.6955 1 1.5307 -4 1 -1.6569
0 // Build by Primitive Generator 2

0 FILE 1-4con10.dat
0 Cone 10 x 0.25
0 Name: 1-4con10.dat
0 Author: Willy Tschager [Holly-Wood]
0 !LDRAW_ORG Primitive UPDATE 2024-02
0 !LICENSE Licensed under CC BY 4.0 : see CAreadme.txt

0 BFC CERTIFY CCW

0 !HISTORY 1999-07-05 [PTadmin] Official Update 1999-05
0 !HISTORY 2002-12-11 [cwdee] Standardised title and made BFC compliant
0 !HISTORY 2003-03-12 [PTadmin] Official Update 2003-01
0 !HISTORY 2004-11-07 [nielsk] Added missing edge
0 !HISTORY 2004-12-15 [nielsk] BFC changed to CCW
0 !HISTORY 2005-12-28 [PTadmin] Official Update 2005-01
0 !HISTORY 2007-06-22 [PTadmin] Header formatted for Contributor Agreement
0 !HISTORY 2008-07-01 [PTadmin] Official Update 2008-01
0 !HISTORY 2024-02-06 [Holly-Wood] Complete regeneration, original by Karim Nassar
0 !HISTORY 2024-03-24 [OrionP] Official Update 2024-02

4 16 10 1 0 9.239 1 3.827 10.1629 0 4.2097 11 0 0
4 16 9.239 1 3.827 7.071 1 7.071 7.7781 0 7.7781 10.1629 0 4.2097
4 16 7.071 1 7.071 3.827 1 9.239 4.2097 0 10.1629 7.7781 0 7.7781
4 16 3.827 1 9.239 0 1 10 0 0 11 4.2097 0 10.1629
0 // conditional lines
5 24 10 1 0 11 0 0 10 1 -4.142 9.239 1 3.827
5 24 9.239 1 3.827 10.1629 0 4.2097 10 1 0 7.071 1 7.071
5 24 7.071 1 7.071 7.7781 0 7.7781 9.239 1 3.827 3.827 1 9.239
5 24 3.827 1 9.239 4.2097 0 10.1629 7.071 1 7.071 0 1 10
5 24 0 1 10 0 0 11 3.827 1 9.239 -4.142 1 10
0 // Build by LDPartEditor (PrimGen 2.X)

0 FILE 1-4con4.dat
0 Cone  4 x 0.25
0 Name: 1-4con4.dat
0 Author: Steve Bliss [sbliss]
0 !LDRAW_ORG Primitive UPDATE 2012-01
0 !LICENSE Licensed under CC BY 4.0 : see CAreadme.txt

0 BFC CERTIFY CCW

0 !HISTORY 1998-12-15 [PTadmin] Official Update 1998-10
0 !HISTORY 1999-02-01 [PTadmin] Official Update 1999-01
0 !HISTORY 1999-05-11 [sbliss] Added optional lines
0 !HISTORY 1999-05-17 [PTadmin] Official Update 1999-03
0 !HISTORY 2002-12-11 [cwdee] Standardised title and made BFC compliant
0 !HISTORY 2003-03-12 [PTadmin] Official Update 2003-01
0 !HISTORY 2007-06-22 [PTadmin] Header formatted for Contributor Agreement
0 !HISTORY 2008-07-01 [PTadmin] Official Update 2008-01
0 !HISTORY 2012-02-16 [Philo] Recreated CCW
0 !HISTORY 2012-03-30 [PTadmin] Official Update 2012-01


4 16 4 1 0 3.6956 1 1.5308 4.6195 0 1.9135 5 0 0
4 16 3.6956 1 1.5308 2.8284 1 2.8284 3.5355 0 3.5355 4.6195 0 1.9135
4 16 2.8284 1 2.8284 1.5308 1 3.6956 1.9135 0 4.6195 3.5355 0 3.5355
4 16 1.5308 1 3.6956 0 1 4 0 0 5 1.9135 0 4.6195
0 // conditional lines
5 24 4 1 0 5 0 0 4 1 -1.6569 3.6955 1 1.5307
5 24 3.6956 1 1.5308 4.6195 0 1.9135 4 1 0 2.8284 1 2.8284
5 24 2.8284 1 2.8284 3.5355 0 3.5355 3.6955 1 1.5307 1.5307 1 3.6955
5 24 1.5308 1 3.6956 1.9135 0 4.6195 2.8284 1 2.8284 0 1 4
5 24 0 1 4 0 0 5 1.5307 1 3.6955 -1.6569 1 4
0 // Build by Primitive Generator 2

0 FILE parts/s/285s01.dat
0 ~Magnet Slider for Train Bases
0 Name: s\285s01.dat
0 Author: Niels Karsdorp [nielsk]
0 !LDRAW_ORG Subpart UPDATE 2022-03
0 !LICENSE Licensed under CC BY 4.0 : see CAreadme.txt

0 BFC CERTIFY CCW

0 !HISTORY 2010-07-05 [PTadmin] Official Update 2010-02
0 !HISTORY 2022-03-11 [MagFors] made bottom surface hollow
0 !HISTORY 2022-05-07 [PTadmin] Official Update 2022-03


2 24 0 8 30 0 0 30
2 24 0 0 30 0 0 -30
2 24 0 0 -30 0 8 -30
1 16 -9.919 8 0 25.919 0 0 0 1 0 0 0 32.471 3-16edge.dat
1 16 -9.919 8 0 25.919 0 0 0 1 0 0 0 -32.471 3-16edge.dat
1 16 -9.919 4 0 25.919 0 0 0 4 0 0 0 32.471 3-16cyli.dat
1 16 -9.919 4 0 25.919 0 0 0 4 0 0 0 -32.471 3-16cyli.dat
1 16 -9.919 -2.48 0 25.919 0 0 6.48 1 0 0 0 32.471 3-16edge.dat
1 16 -9.919 -2.48 0 25.919 0 0 6.48 1 0 0 0 -32.471 3-16edge.dat
1 16 -9.919 -2.48 0 25.919 0 0 6.48 1 0 0 0 32.471 3-16chrd.dat
1 16 -9.919 -2.48 0 25.919 0 0 6.48 1 0 0 0 -32.471 3-16chrd.dat
3 16 16 4 0 0 0 30 0 0 -30
1 16 -9.919 4 0 25.919 0 0 0 -6.48 0 0 0 32.471 3-16cyls.dat
1 16 -9.919 4 0 25.919 0 0 0 -6.48 0 0 0 -32.471 3-16cyls.dat

0 // new hollow bottom
1 16 -9.919 8 0 25.919 0 0 0 -1 0 0 0 32.471 3-16ering.dat
1 16 -9.919 8 0 25.919 0 0 0 -1 0 0 0 -32.471 3-16ering.dat
2 24 0 8 -25.351365 6.287 8 -20.1318
2 24 13 8 0 11.2559 8 -10.8959
2 24 11.2559 8 -10.8959 6.287 8 -20.1318
2 24 13 7 0 11.2559 6.5975 -10.8959
2 24 11.2559 6.5975 -10.8959 6.287 5.4509 -20.1318
2 24 6.287 5.4509 -20.1318 0 4 -25.3514
4 16 8.4083 8 -22.9602 0 8 -30 0 8 -25.3514 6.287 8 -20.1318
4 16 14.0276 8 -12.4267 8.4083 8 -22.9602 6.287 8 -20.1318 11.2559 8 -10.8959
4 16 16 8 0 14.0276 8 -12.4267 11.2559 8 -10.8959 13 8 0
4 16 13 7 0 13 8 0 11.2559 8 -10.8959 11.2559 6.5975 -10.8959
4 16 11.2559 6.5975 -10.8959 11.2559 8 -10.8959 6.287 8 -20.1318 6.287 5.4509 -20.1318
4 16 0 4 -25.3514 6.287 5.4509 -20.1318 6.287 8 -20.1318 0 8 -25.3514
4 16 11.2559 6.5975 -10.8959 6.287 5.4509 -20.1318 0 4 -25.3514 13 7 0
2 24 0 8 25.3514 6.287 8 20.1318
2 24 13 8 0 11.2559 8 10.8959
2 24 11.2559 8 10.8959 6.287 8 20.1318
2 24 13 7 0 11.2559 6.5975 10.8959
2 24 11.2559 6.5975 10.8959 6.287 5.4509 20.1318
2 24 6.287 5.4509 20.1318 0 4 25.3514
4 16 0 8 25.3514 0 8 30 8.4083 8 22.9602 6.287 8 20.1318
4 16 6.287 8 20.1318 8.4083 8 22.9602 14.0276 8 12.4267 11.2559 8 10.8959
4 16 11.2559 8 10.8959 14.0276 8 12.4267 16 8 0 13 8 0
4 16 11.2559 8 10.8959 13 8 0 13 7 0 11.2559 6.5975 10.8959
4 16 6.287 8 20.1318 11.2559 8 10.8959 11.2559 6.5975 10.8959 6.287 5.4509 20.1318
4 16 6.287 8 20.1318 6.287 5.4509 20.1318 0 4 25.3514 0 8 25.3514
4 16 0 4 25.3514 6.287 5.4509 20.1318 11.2559 6.5975 10.8959 13 7 0
3 16 0 4 25.3514 13 7 0 0 4 -25.3514
1 16 0 6 0 0 -1 0 2 0 0 0 0 25.3514 rect.dat
5 24 6.287 5.4509 -20.1318 6.287 8 -20.1318 0 8 -25.3514 11.2559 8 -10.8959
5 24 11.2559 6.5975 -10.8959 11.2559 8 -10.8959 6.287 8 -20.1318 13 8 0
5 24 13 7 0 13 8 0 11.2559 8 -10.8959 11.2559 8 10.8959
5 24 11.2559 6.5975 10.8959 11.2559 8 10.8959 13 8 0 6.287 8 20.1318
5 24 6.287 5.4509 20.1318 6.287 8 20.1318 11.2559 8 10.8959 0 8 25.3514

0 FILE stug3-1x4.dat
0 Stud Tube Solid Group  1 x  4
0 Name: stug3-1x4.dat
0 Author: Steffen [Steffen]
0 !LDRAW_ORG Primitive UPDATE 2012-01
0 !LICENSE Licensed under CC BY 4.0 : see CAreadme.txt

0 BFC CERTIFY CCW

0 !HISTORY 2012-03-30 [PTadmin] Official Update 2012-01


1 16 -30 0 0 1 0 0 0 1 0 0 0 1 stud3.dat
1 16 -10 0 0 1 0 0 0 1 0 0 0 1 stud3.dat
1 16 10 0 0 1 0 0 0 1 0 0 0 1 stud3.dat
1 16 30 0 0 1 0 0 0 1 0 0 0 1 stud3.dat

0 FILE stug3-1x5.dat
0 Stud Tube Solid Group  1 x  5
0 Name: stug3-1x5.dat
0 Author: Steffen [Steffen]
0 !LDRAW_ORG Primitive UPDATE 2013-01
0 !LICENSE Licensed under CC BY 4.0 : see CAreadme.txt

0 BFC CERTIFY CCW

0 !HISTORY 2013-07-21 [PTadmin] Official Update 2013-01


1 16 -40 0 0 1 0 0 0 1 0 0 0 1 stud3.dat
1 16 -20 0 0 1 0 0 0 1 0 0 0 1 stud3.dat
1 16 0 0 0 1 0 0 0 1 0 0 0 1 stud3.dat
1 16 20 0 0 1 0 0 0 1 0 0 0 1 stud3.dat
1 16 40 0 0 1 0 0 0 1 0 0 0 1 stud3.dat

0 FILE 3-8ndis.dat
0 Disc Negative 0.375
0 Name: 3-8ndis.dat
0 Author: Alex Taylor [anathema]
0 !LDRAW_ORG Primitive UPDATE 2009-02
0 !LICENSE Licensed under CC BY 4.0 : see CAreadme.txt

0 BFC CERTIFY CCW

0 !HISTORY 2009-09-03 [PTadmin] Official Update 2009-02


3 16 1 0 1 0.9239 0 0.3827 1 0 0
3 16 1 0 1 0.7071 0 0.7071 0.9239 0 0.3827
3 16 1 0 1 0.3827 0 0.9239 0.7071 0 0.7071
3 16 1 0 1 0 0 1 0.3827 0 0.9239
3 16 -1 0 1 -0.3827 0 0.9239 0 0 1
3 16 -1 0 1 -0.7071 0 0.7071 -0.3827 0 0.9239
0

0 FILE 1-8cyli.dat
0 Cylinder 0.125
0 Name: 1-8cyli.dat
0 Author: James Jessiman
0 !LDRAW_ORG Primitive UPDATE 2005-01
0 !LICENSE Licensed under CC BY 4.0 : see CAreadme.txt

0 BFC CERTIFY CCW

0 !HISTORY 2002-04-25 [PTadmin] Official Update 2002-02
0 !HISTORY 2004-12-11 [nielsk] Recreated using Primitive Generator, Edge lines fixed, BFC changed to CCW
0 !HISTORY 2005-12-28 [PTadmin] Official Update 2005-01
0 !HISTORY 2007-06-22 [PTadmin] Header formatted for Contributor Agreement
0 !HISTORY 2008-07-01 [PTadmin] Official Update 2008-01


4 16 .9239 1 .3827 .9239 0 .3827 1 0 0 1 1 0
4 16 .7071 1 .7071 .7071 0 .7071 .9239 0 .3827 .9239 1 .3827
5 24 1 1 0 1 0 0 1 1 -.4142 .9239 1 .3827
5 24 .9239 1 .3827 .9239 0 .3827 1 1 0 .7071 1 .7071
5 24 .7071 1 .7071 .7071 0 .7071 .9239 1 .3827 .4142 1 1
0

0 FILE 4-4ring4.dat
0 Ring  4 x 1.0
0 Name: 4-4ring4.dat
0 Author: James Jessiman
0 !LDRAW_ORG Primitive UPDATE 2009-01
0 !LICENSE Licensed under CC BY 4.0 : see CAreadme.txt

0 BFC CERTIFY CCW

0 !HISTORY 1998-12-15 [PTadmin] Official Update 1998-10
0 !HISTORY 2002-04-08 [BrickCaster] Modified for BFC compliance
0 !HISTORY 2002-04-25 [PTadmin] Official Update 2002-02
0 !HISTORY 2007-06-24 [PTadmin] Header formatted for Contributor Agreement
0 !HISTORY 2008-07-01 [PTadmin] Official Update 2008-01
0 !HISTORY 2008-08-26 [cwdee] Switch polygon winding and rename
0 !HISTORY 2009-05-02 [PTadmin] Official Update 2009-01


4 16 -1.9135 0 4.6195 -1.5308 0 3.6956 0 0 4 0 0 5
4 16 -3.5355 0 3.5355 -2.8284 0 2.8284 -1.5308 0 3.6956 -1.9135 0 4.6195
4 16 -4.6195 0 1.9135 -3.6956 0 1.5308 -2.8284 0 2.8284 -3.5355 0 3.5355
4 16 -5 0 0 -4 0 0 -3.6956 0 1.5308 -4.6195 0 1.9135
4 16 -4.6195 0 -1.9135 -3.6956 0 -1.5308 -4 0 0 -5 0 0
4 16 -3.5355 0 -3.5355 -2.8284 0 -2.8284 -3.6956 0 -1.5308 -4.6195 0 -1.9135
4 16 -1.9135 0 -4.6195 -1.5308 0 -3.6956 -2.8284 0 -2.8284 -3.5355 0 -3.5355
4 16 0 0 -5 0 0 -4 -1.5308 0 -3.6956 -1.9135 0 -4.6195
4 16 1.9135 0 -4.6195 1.5308 0 -3.6956 0 0 -4 0 0 -5
4 16 3.5355 0 -3.5355 2.8284 0 -2.8284 1.5308 0 -3.6956 1.9135 0 -4.6195
4 16 4.6195 0 -1.9135 3.6956 0 -1.5308 2.8284 0 -2.8284 3.5355 0 -3.5355
4 16 5 0 0 4 0 0 3.6956 0 -1.5308 4.6195 0 -1.9135
4 16 4.6195 0 1.9135 3.6956 0 1.5308 4 0 0 5 0 0
4 16 3.5355 0 3.5355 2.8284 0 2.8284 3.6956 0 1.5308 4.6195 0 1.9135
4 16 1.9135 0 4.6195 1.5308 0 3.6956 2.8284 0 2.8284 3.5355 0 3.5355
4 16 0 0 5 0 0 4 1.5308 0 3.6956 1.9135 0 4.6195
0

0 FILE 4-4ring10.dat
0 Ring 10 x 1.0
0 Name: 4-4ring10.dat
0 Author: Paul Easter [pneaster]
0 !LDRAW_ORG Primitive UPDATE 2024-02
0 !LICENSE Licensed under CC BY 4.0 : see CAreadme.txt

0 BFC CERTIFY CCW

0 !HISTORY 2004-04-22 [PTadmin] Official Update 2004-02
0 !HISTORY 2007-06-24 [PTadmin] Header formatted for Contributor Agreement
0 !HISTORY 2008-07-01 [PTadmin] Official Update 2008-01
0 !HISTORY 2010-12-19 [MagFors] Corrected with Primitive Generator 2
0 !HISTORY 2010-12-31 [PTadmin] Official Update 2010-03
0 !HISTORY 2024-03-23 [OrionP] Moved from 4-4rin10.dat
0 !HISTORY 2024-03-24 [OrionP] Official Update 2024-02

4 16 11 0 0 10.1629 0 4.2097 9.239 0 3.827 10 0 0
4 16 10.1629 0 4.2097 7.7781 0 7.7781 7.071 0 7.071 9.239 0 3.827
4 16 7.7781 0 7.7781 4.2097 0 10.1629 3.827 0 9.239 7.071 0 7.071
4 16 4.2097 0 10.1629 0 0 11 0 0 10 3.827 0 9.239
4 16 0 0 11 -4.2097 0 10.1629 -3.827 0 9.239 0 0 10
4 16 -4.2097 0 10.1629 -7.7781 0 7.7781 -7.071 0 7.071 -3.827 0 9.239
4 16 -7.7781 0 7.7781 -10.1629 0 4.2097 -9.239 0 3.827 -7.071 0 7.071
4 16 -10.1629 0 4.2097 -11 0 0 -10 0 0 -9.239 0 3.827
4 16 -11 0 0 -10.1629 0 -4.2097 -9.239 0 -3.827 -10 0 0
4 16 -10.1629 0 -4.2097 -7.7781 0 -7.7781 -7.071 0 -7.071 -9.239 0 -3.827
4 16 -7.7781 0 -7.7781 -4.2097 0 -10.1629 -3.827 0 -9.239 -7.071 0 -7.071
4 16 -4.2097 0 -10.1629 0 0 -11 0 0 -10 -3.827 0 -9.239
4 16 0 0 -11 4.2097 0 -10.1629 3.827 0 -9.239 0 0 -10
4 16 4.2097 0 -10.1629 7.7781 0 -7.7781 7.071 0 -7.071 3.827 0 -9.239
4 16 7.7781 0 -7.7781 10.1629 0 -4.2097 9.239 0 -3.827 7.071 0 -7.071
4 16 10.1629 0 -4.2097 11 0 0 10 0 0 9.239 0 -3.827
0 // Build by Primitive Generator 2

0 FILE 4-4con2.dat
0 Cone  2 x 1.0
0 Name: 4-4con2.dat
0 Author: Willy Tschager [Holly-Wood]
0 !LDRAW_ORG Primitive UPDATE 2024-01
0 !LICENSE Licensed under CC BY 4.0 : see CAreadme.txt

0 BFC CERTIFY CCW

0 !HISTORY 2004-03-02 [PTadmin] Official Update 2004-01
0 !HISTORY 2007-06-24 [PTadmin] Header formatted for Contributor Agreement
0 !HISTORY 2008-07-01 [PTadmin] Official Update 2008-01
0 !HISTORY 2012-02-16 [Philo] Changed to CCW
0 !HISTORY 2012-03-30 [PTadmin] Official Update 2012-01
0 !HISTORY 2024-01-04 [Holly-Wood] Complete regeneration, original by jriley
0 !HISTORY 2024-01-29 [OrionP] Official Update 2024-01

4 16 2 1 0 1.8478 1 0.7654 2.7717 0 1.1481 3 0 0
4 16 1.8478 1 0.7654 1.4142 1 1.4142 2.1213 0 2.1213 2.7717 0 1.1481
4 16 1.4142 1 1.4142 0.7654 1 1.8478 1.1481 0 2.7717 2.1213 0 2.1213
4 16 0.7654 1 1.8478 0 1 2 0 0 3 1.1481 0 2.7717
4 16 0 1 2 -0.7654 1 1.8478 -1.1481 0 2.7717 0 0 3
4 16 -0.7654 1 1.8478 -1.4142 1 1.4142 -2.1213 0 2.1213 -1.1481 0 2.7717
4 16 -1.4142 1 1.4142 -1.8478 1 0.7654 -2.7717 0 1.1481 -2.1213 0 2.1213
4 16 -1.8478 1 0.7654 -2 1 0 -3 0 0 -2.7717 0 1.1481
4 16 -2 1 0 -1.8478 1 -0.7654 -2.7717 0 -1.1481 -3 0 0
4 16 -1.8478 1 -0.7654 -1.4142 1 -1.4142 -2.1213 0 -2.1213 -2.7717 0 -1.1481
4 16 -1.4142 1 -1.4142 -0.7654 1 -1.8478 -1.1481 0 -2.7717 -2.1213 0 -2.1213
4 16 -0.7654 1 -1.8478 0 1 -2 0 0 -3 -1.1481 0 -2.7717
4 16 0 1 -2 0.7654 1 -1.8478 1.1481 0 -2.7717 0 0 -3
4 16 0.7654 1 -1.8478 1.4142 1 -1.4142 2.1213 0 -2.1213 1.1481 0 -2.7717
4 16 1.4142 1 -1.4142 1.8478 1 -0.7654 2.7717 0 -1.1481 2.1213 0 -2.1213
4 16 1.8478 1 -0.7654 2 1 0 3 0 0 2.7717 0 -1.1481
0 // conditional lines
5 24 2 1 0 3 0 0 1.8478 1 -0.7654 1.8478 1 0.7654
5 24 1.8478 1 0.7654 2.7717 0 1.1481 2 1 0 1.4142 1 1.4142
5 24 1.4142 1 1.4142 2.1213 0 2.1213 1.8478 1 0.7654 0.7654 1 1.8478
5 24 0.7654 1 1.8478 1.1481 0 2.7717 1.4142 1 1.4142 0 1 2
5 24 0 1 2 0 0 3 0.7654 1 1.8478 -0.7654 1 1.8478
5 24 -0.7654 1 1.8478 -1.1481 0 2.7717 0 1 2 -1.4142 1 1.4142
5 24 -1.4142 1 1.4142 -2.1213 0 2.1213 -0.7654 1 1.8478 -1.8478 1 0.7654
5 24 -1.8478 1 0.7654 -2.7717 0 1.1481 -1.4142 1 1.4142 -2 1 0
5 24 -2 1 0 -3 0 0 -1.8478 1 0.7654 -1.8478 1 -0.7654
5 24 -1.8478 1 -0.7654 -2.7717 0 -1.1481 -2 1 0 -1.4142 1 -1.4142
5 24 -1.4142 1 -1.4142 -2.1213 0 -2.1213 -1.8478 1 -0.7654 -0.7654 1 -1.8478
5 24 -0.7654 1 -1.8478 -1.1481 0 -2.7717 -1.4142 1 -1.4142 0 1 -2
5 24 0 1 -2 0 0 -3 -0.7654 1 -1.8478 0.7654 1 -1.8478
5 24 0.7654 1 -1.8478 1.1481 0 -2.7717 0 1 -2 1.4142 1 -1.4142
5 24 1.4142 1 -1.4142 2.1213 0 -2.1213 0.7654 1 -1.8478 1.8478 1 -0.7654
5 24 1.8478 1 -0.7654 2.7717 0 -1.1481 1.4142 1 -1.4142 2 1 0
0 // Build by LDPartEditor (PrimGen 2.X)

0 FILE 4-4con21.dat
0 Cone 21 x 1.0
0 Name: 4-4con21.dat
0 Author: Niels Karsdorp [nielsk]
0 !LDRAW_ORG Primitive UPDATE 2009-01
0 !LICENSE Licensed under CC BY 4.0 : see CAreadme.txt

0 BFC CERTIFY CCW

0 !HISTORY 2009-05-02 [PTadmin] Official Update 2009-01


4 16 21 1 0 19.4019 1 8.0367 20.3258 0 8.4194 22 0 0
4 16 19.4019 1 8.0367 14.8491 1 14.8491 15.5562 0 15.5562 20.3258 0 8.4194
4 16 14.8491 1 14.8491 8.0367 1 19.4019 8.4194 0 20.3258 15.5562 0 15.5562
4 16 8.0367 1 19.4019 0 1 21 0 0 22 8.4194 0 20.3258
4 16 0 1 21 -8.0367 1 19.4019 -8.4194 0 20.3258 0 0 22
4 16 -8.0367 1 19.4019 -14.8491 1 14.8491 -15.5562 0 15.5562 -8.4194 0 20.3258
4 16 -14.8491 1 14.8491 -19.4019 1 8.0367 -20.3258 0 8.4194 -15.5562 0 15.5562
4 16 -19.4019 1 8.0367 -21 1 0 -22 0 0 -20.3258 0 8.4194
4 16 -21 1 0 -19.4019 1 -8.0367 -20.3258 0 -8.4194 -22 0 0
4 16 -19.4019 1 -8.0367 -14.8491 1 -14.8491 -15.5562 0 -15.5562 -20.3258 0 -8.4194
4 16 -14.8491 1 -14.8491 -8.0367 1 -19.4019 -8.4194 0 -20.3258 -15.5562 0 -15.5562
4 16 -8.0367 1 -19.4019 0 1 -21 0 0 -22 -8.4194 0 -20.3258
4 16 0 1 -21 8.0367 1 -19.4019 8.4194 0 -20.3258 0 0 -22
4 16 8.0367 1 -19.4019 14.8491 1 -14.8491 15.5562 0 -15.5562 8.4194 0 -20.3258
4 16 14.8491 1 -14.8491 19.4019 1 -8.0367 20.3258 0 -8.4194 15.5562 0 -15.5562
4 16 19.4019 1 -8.0367 21 1 0 22 0 0 20.3258 0 -8.4194

0 // conditional lines
5 24 21 1 0 22 0 0 19.4019 1 -8.0367 19.4019 1 8.0367
5 24 19.4019 1 8.0367 20.3258 0 8.4194 21 1 0 14.8491 1 14.8491
5 24 14.8491 1 14.8491 15.5562 0 15.5562 19.4019 1 8.0367 8.0367 1 19.4019
5 24 8.0367 1 19.4019 8.4194 0 20.3258 14.8491 1 14.8491 0 1 21
5 24 0 1 21 0 0 22 8.0367 1 19.4019 -8.0367 1 19.4019
5 24 -8.0367 1 19.4019 -8.4194 0 20.3258 0 1 21 -14.8491 1 14.8491
5 24 -14.8491 1 14.8491 -15.5562 0 15.5562 -8.0367 1 19.4019 -19.4019 1 8.0367
5 24 -19.4019 1 8.0367 -20.3258 0 8.4194 -14.8491 1 14.8491 -21 1 0
5 24 -21 1 0 -22 0 0 -19.4019 1 8.0367 -19.4019 1 -8.0367
5 24 -19.4019 1 -8.0367 -20.3258 0 -8.4194 -21 1 0 -14.8491 1 -14.8491
5 24 -14.8491 1 -14.8491 -15.5562 0 -15.5562 -19.4019 1 -8.0367 -8.0367 1 -19.4019
5 24 -8.0367 1 -19.4019 -8.4194 0 -20.3258 -14.8491 1 -14.8491 0 1 -21
5 24 0 1 -21 0 0 -22 -8.0367 1 -19.4019 8.0367 1 -19.4019
5 24 8.0367 1 -19.4019 8.4194 0 -20.3258 0 1 -21 14.8491 1 -14.8491
5 24 14.8491 1 -14.8491 15.5562 0 -15.5562 8.0367 1 -19.4019 19.4019 1 -8.0367
5 24 19.4019 1 -8.0367 20.3258 0 -8.4194 14.8491 1 -14.8491 21 1 0

0 // end of file

0 FILE 4-4ring13.dat
0 Ring 13 x  1.0
0 Name: 4-4ring13.dat
0 Author: Willy Tschager [Holly-Wood]
0 !LDRAW_ORG Primitive UPDATE 2024-02
0 !LICENSE Licensed under CC BY 4.0 : see CAreadme.txt

0 BFC CERTIFY CCW

0 !HISTORY 2003-12-19 [PTadmin] Official Update 2003-03
0 !HISTORY 2007-06-24 [PTadmin] Header formatted for Contributor Agreement
0 !HISTORY 2008-07-01 [PTadmin] Official Update 2008-01
0 !HISTORY 2024-01-11 [Holly-Wood] Complete regeneration, original by jriley
0 !HISTORY 2024-03-24 [OrionP] Official Update 2024-02

4 16 14 0 0 12.9346 0 5.3578 12.0107 0 4.9751 13 0 0
4 16 12.9346 0 5.3578 9.8994 0 9.8994 9.1923 0 9.1923 12.0107 0 4.9751
4 16 9.8994 0 9.8994 5.3578 0 12.9346 4.9751 0 12.0107 9.1923 0 9.1923
4 16 5.3578 0 12.9346 0 0 14 0 0 13 4.9751 0 12.0107
4 16 0 0 14 -5.3578 0 12.9346 -4.9751 0 12.0107 0 0 13
4 16 -5.3578 0 12.9346 -9.8994 0 9.8994 -9.1923 0 9.1923 -4.9751 0 12.0107
4 16 -9.8994 0 9.8994 -12.9346 0 5.3578 -12.0107 0 4.9751 -9.1923 0 9.1923
4 16 -12.9346 0 5.3578 -14 0 0 -13 0 0 -12.0107 0 4.9751
4 16 -14 0 0 -12.9346 0 -5.3578 -12.0107 0 -4.9751 -13 0 0
4 16 -12.9346 0 -5.3578 -9.8994 0 -9.8994 -9.1923 0 -9.1923 -12.0107 0 -4.9751
4 16 -9.8994 0 -9.8994 -5.3578 0 -12.9346 -4.9751 0 -12.0107 -9.1923 0 -9.1923
4 16 -5.3578 0 -12.9346 0 0 -14 0 0 -13 -4.9751 0 -12.0107
4 16 0 0 -14 5.3578 0 -12.9346 4.9751 0 -12.0107 0 0 -13
4 16 5.3578 0 -12.9346 9.8994 0 -9.8994 9.1923 0 -9.1923 4.9751 0 -12.0107
4 16 9.8994 0 -9.8994 12.9346 0 -5.3578 12.0107 0 -4.9751 9.1923 0 -9.1923
4 16 12.9346 0 -5.3578 14 0 0 13 0 0 12.0107 0 -4.9751
0 // Build by LDPartEditor (PrimGen 2.X)

0 FILE 4-4ring14.dat
0 Ring 14 x 1.0
0 Name: 4-4ring14.dat
0 Author: Willy Tschager [Holly-Wood]
0 !LDRAW_ORG Primitive UPDATE 2024-02
0 !LICENSE Licensed under CC BY 4.0 : see CAreadme.txt

0 BFC CERTIFY CCW

0 !HISTORY 2003-12-19 [PTadmin] Official Update 2003-03
0 !HISTORY 2007-06-24 [PTadmin] Header formatted for Contributor Agreement
0 !HISTORY 2008-07-01 [PTadmin] Official Update 2008-01
0 !HISTORY 2024-01-11 [Holly-Wood] Complete regeneration, original by jriley
0 !HISTORY 2024-03-24 [OrionP] Official Update 2024-02

4 16 15 0 0 13.8585 0 5.7405 12.9346 0 5.3578 14 0 0
4 16 13.8585 0 5.7405 10.6065 0 10.6065 9.8994 0 9.8994 12.9346 0 5.3578
4 16 10.6065 0 10.6065 5.7405 0 13.8585 5.3578 0 12.9346 9.8994 0 9.8994
4 16 5.7405 0 13.8585 0 0 15 0 0 14 5.3578 0 12.9346
4 16 0 0 15 -5.7405 0 13.8585 -5.3578 0 12.9346 0 0 14
4 16 -5.7405 0 13.8585 -10.6065 0 10.6065 -9.8994 0 9.8994 -5.3578 0 12.9346
4 16 -10.6065 0 10.6065 -13.8585 0 5.7405 -12.9346 0 5.3578 -9.8994 0 9.8994
4 16 -13.8585 0 5.7405 -15 0 0 -14 0 0 -12.9346 0 5.3578
4 16 -15 0 0 -13.8585 0 -5.7405 -12.9346 0 -5.3578 -14 0 0
4 16 -13.8585 0 -5.7405 -10.6065 0 -10.6065 -9.8994 0 -9.8994 -12.9346 0 -5.3578
4 16 -10.6065 0 -10.6065 -5.7405 0 -13.8585 -5.3578 0 -12.9346 -9.8994 0 -9.8994
4 16 -5.7405 0 -13.8585 0 0 -15 0 0 -14 -5.3578 0 -12.9346
4 16 0 0 -15 5.7405 0 -13.8585 5.3578 0 -12.9346 0 0 -14
4 16 5.7405 0 -13.8585 10.6065 0 -10.6065 9.8994 0 -9.8994 5.3578 0 -12.9346
4 16 10.6065 0 -10.6065 13.8585 0 -5.7405 12.9346 0 -5.3578 9.8994 0 -9.8994
4 16 13.8585 0 -5.7405 15 0 0 14 0 0 12.9346 0 -5.3578
0 // Build by LDPartEditor (PrimGen 2.X)

0 FILE parts/s/16000s03.dat
0 ~Minifig Arm Right Dual Mould Upper Half Inner
0 Name: s\16000s03.dat
0 Author: Magnus Forsberg [MagFors]
0 !LDRAW_ORG Subpart UPDATE 2020-01
0 !LICENSE Licensed under CC BY 4.0 : see CAreadme.txt

0 BFC CERTIFY CCW

0 !HISTORY 2019-11-24 [MagFors] Inlined primitives
0 !HISTORY 2020-06-28 [PTadmin] Official Update 2020-01


1 16 0 0 0 1 0 0 0 1 0 0 0 1 knob1.dat
2 24 0 0 6.5 0 -2.48755 6.00535
2 24 0 -2.48755 6.00535 0 -4.59615 4.59615
2 24 0 -4.59615 4.59615 0 -6.00535 2.48755
2 24 0 -6.00535 2.48755 0 -6.5 0
2 24 0 -6.5 0 0 -6.00535 -2.48755
2 24 0 -6.00535 -2.48755 0 -4.59615 -4.59615
2 24 0 -4.59615 -4.59615 0 -2.48755 -6.00535
2 24 0 -2.48755 -6.00535 0 0 -6.5
2 24 -1.2041 6.9479 6.5 -0.381 5.206 6.5
2 24 -0.381 5.206 6.5 0 2.5 6.5
2 24 0 0 -6.5 0 2.487 -6.005
2 24 0 2.487 -6.005 0 4.596 -4.596
2 24 0 4.596 -4.596 0 7.1064 -2.0085
2 24 0 2.5 6.5 0 0 6.5

0 // flat
4 16 0 0 -6.5 0 2.487 -6.005 0 0 -3.25 0 -2.488 -6.005
4 16 0 -4.59615 -4.59615 0 -2.488 -6.005 0 0 -3.25 0 -6.00535 -2.48755
4 16 0 -6.5 0 0 -6.00535 -2.48755 0 0 -3.25 0 -3.25 0
4 16 0 -6.00535 2.48755 0 -6.5 0 0 -3.25 0 0 0 3.25
4 16 0 -4.59615 4.59615 0 -6.00535 2.48755 0 0 3.25 0 -2.488 6.005
4 16 0 0 6.5 0 -2.488 6.005 0 0 3.25 0 2.5 6.5
4 16 0 3.25 0 0 0 -3.25 0 2.487 -6.005 0 4.596 -4.596
4 16 0 3.25 0 0 7.1064 1.8936 0 2.5 6.5 0 0 3.25
4 16 0 3.25 0 0 4.596 -4.596 0 7.1064 -2.0085 0 7.1064 1.8936

0 // back
3 16 0 -2.488 6.005 0 0 6.5 -1.666 0 6.5
4 16 -4.38636 6.52889 6.5 -1.666 0 6.5 -0.381 5.206 6.5 -1.2041 6.9479 6.5
4 16 0 0 6.5 0 2.5 6.5 -0.381 5.206 6.5 -1.666 0 6.5
3 16 -1.2041 6.9479 6.5 -0.381 5.206 6.5 -0.3809 7.0563 4.6497
4 16 -0.3809 7.0563 4.6497 -0.381 5.206 6.5 0 2.5 6.5 0 7.1064 1.8936
5 24 -1.666 0 6.5 0 -2.488 6.005 -0.957 -2.2 6.005 0 0 6.5
5 24 0 0 6.5 -1.666 0 6.5 0 2.5 6.5 0 -2.488 6.005
5 24 -0.381 5.206 6.5 -0.3809 7.0563 4.6497 -1.2041 6.9479 6.5 0 2.5 6.5
5 24 0 2.5 6.5 0 7.1064 1.8936 -0.3809 7.0563 4.6497 0 0 6.5
5 24 -4.38636 6.52889 6.5 -1.666 0 6.5 -0.381 5.206 6.5 -6.20014 6.29018 6.00533

0 // front
3 16 -1.666 0 -6.5 0 0 -6.5 0 -2.488 -6.005
3 16 0 0 -6.5 -1.666 0 -6.5 -4.27269 6.54462 -6.52751
3 16 -4.27269 6.54462 -6.52751 -2.47004 6.78127 -6.10587 0 0 -6.5
3 16 -1.0725 6.9652 -4.9793 0 2.487 -6.005 -2.47004 6.78127 -6.10587
3 16 0 2.487 -6.005 0 0 -6.5 -2.47004 6.78127 -6.10587
4 16 -0.2249 7.0768 -3.3615 0 4.596 -4.596 0 2.487 -6.005 -1.0725 6.9652 -4.9793
3 16 0 7.1064 -2.0085 0 4.596 -4.596 -0.2249 7.0768 -3.3615
5 24 0 0 -6.5 -1.666 0 -6.5 -4.27269 6.54462 -6.52751 0 -2.488 -6.005
5 24 -2.47004 6.78127 -6.10587 0 0 -6.5 -4.27269 6.54462 -6.52751 0 2.487 -6.005
5 24 0 0 -6.5 -4.27269 6.54462 -6.52751 -1.666 0 -6.5 -2.47004 6.78127 -6.10587
5 24 0 -2.488 -6.005 -1.666 0 -6.5 -0.957 -2.2 -6.005 0 0 -6.5
5 24 -1.0725 6.9652 -4.9793 0 2.487 -6.005 -2.47004 6.78127 -6.10587 -0.2249 7.0768 -3.3615
5 24 -2.47004 6.78127 -6.10587 0 2.487 -6.005 -1.0725 6.9652 -4.9793 0 0 -6.5
5 24 0 4.596 -4.596 -0.2249 7.0768 -3.3615 0 2.487 -6.005 0 7.1064 -2.0085
5 24 -1.666 0 -6.5 -4.27269 6.54462 -6.52751 0 0 -6.5 -2.942 -1.53 -6.005

0 FILE parts/s/16000s06.dat
0 ~Minifig Arm Right Dual Mould Upper Half Outer
0 Name: s\16000s06.dat
0 Author: Magnus Forsberg [MagFors]
0 !LDRAW_ORG Subpart UPDATE 2020-01
0 !LICENSE Licensed under CC BY 4.0 : see CAreadme.txt

0 BFC CERTIFY CCW

0 !HISTORY 2019-11-24 [MagFors] Inlined primitives
0 !HISTORY 2020-06-28 [PTadmin] Official Update 2020-01


3 16 -1.666 0 6.5 -.957 -2.2 6.005 0 -2.488 6.005
3 16 -.957 -2.2 6.005 -1.666 0 6.5 -2.942 -1.53 6.005
3 16 -2.942 -1.53 -6.005 -.957 -2.2 -6.005 -1.768 -4.066 -4.596
3 16 -2.942 -1.53 -6.005 -1.768 -4.066 -4.596 -4.024 -2.829 -4.596
3 16 -1.666 0 -6.5 -.957 -2.2 -6.005 -2.942 -1.53 -6.005
3 16 -2.31 -5.312 2.487 -1.768 -4.066 4.596 -4.024 -2.829 4.596
3 16 -2.31 -5.312 2.487 -4.024 -2.829 4.596 -4.746 -3.695 2.487
3 16 -2.942 -1.53 6.005 -4.024 -2.829 4.596 -1.768 -4.066 4.596
3 16 -.957 -2.2 6.005 -2.942 -1.53 6.005 -1.768 -4.066 4.596
3 16 -2.5 -5.75 0 -2.31 -5.312 2.487 -4.746 -3.695 2.487
3 16 -4.746 -3.695 2.487 -5 -4 0 -2.5 -5.75 0
3 16 -4.024 -2.829 -4.596 -1.768 -4.066 -4.596 -2.31 -5.312 -2.487
3 16 -4.746 -3.695 -2.487 -2.31 -5.312 -2.487 -2.5 -5.75 0
3 16 0 -2.488 -6.005 -.957 -2.2 -6.005 -1.666 0 -6.5
3 16 -2.31 -5.312 -2.487 -4.746 -3.695 -2.487 -4.024 -2.829 -4.596
3 16 -2.5 -5.75 0 -5 -4 0 -4.746 -3.695 -2.487
4 16 0 -2.488 6.005 -.957 -2.2 6.005 -1.768 -4.066 4.596 0 -4.596 4.596
4 16 -.957 -2.2 -6.005 0 -2.488 -6.005 0 -4.596 -4.596 -1.768 -4.066 -4.596
4 16 -2.31 -5.312 -2.487 0 -6.005 -2.488 0 -6.5 0 -2.5 -5.75 0
4 16 -1.768 -4.066 -4.596 0 -4.596 -4.596 0 -6.005 -2.488 -2.31 -5.312 -2.487
4 16 0 -6.005 2.488 -2.31 -5.312 2.487 -2.5 -5.75 0 0 -6.5 0
4 16 0 -4.596 4.596 -1.768 -4.066 4.596 -2.31 -5.312 2.487 0 -6.005 2.488
5 24 -2.5 -5.75 0 0 -6.5 0 -2.31 -5.312 -2.487 -2.31 -5.312 2.487
5 24 -2.31 -5.312 -2.487 0 -6.005 -2.487 -2.5 -5.75 0 -1.768 -4.066 -4.596
5 24 -2.31 -5.312 -2.487 -1.768 -4.066 -4.596 0 -6.005 -2.487 -4.024 -2.829 -4.596
5 24 -1.768 -4.066 4.596 -2.942 -1.53 6.005 -.957 -2.2 6.005 -4.024 -2.829 4.596
5 24 -1.768 -4.066 -4.596 0 -4.596 -4.596 -2.31 -5.312 -2.487 -.957 -2.2 -6.005
5 24 -2.31 -5.312 2.487 0 -6.005 2.487 -2.5 -5.75 0 -1.768 -4.066 4.596
5 24 -1.768 -4.066 4.596 0 -4.596 4.596 -2.31 -5.312 2.487 -.957 -2.2 6.005
5 24 -4.024 -2.829 -4.596 -1.768 -4.066 -4.596 -2.942 -1.53 -6.005 -2.31 -5.312 -2.487
5 24 -1.666 0 -6.5 -.957 -2.2 -6.005 -2.942 -1.53 -6.005 0 -2.488 -6.005
5 24 -4.024 -2.829 4.596 -1.768 -4.066 4.596 -2.942 -1.53 6.005 -2.31 -5.312 2.487
5 24 -.957 -2.2 6.005 -1.768 -4.066 4.596 0 -4.596 4.596 -2.942 -1.53 6.005
5 24 -1.768 -4.066 4.596 -2.31 -5.312 2.487 -4.024 -2.829 4.596 0 -6.005 2.487
5 24 -2.31 -5.312 2.487 -2.5 -5.75 0 -4.746 -3.695 2.487 0 -6.5 0
5 24 -1.768 -4.066 -4.596 -.957 -2.2 -6.005 0 -2.488 -6.005 -2.942 -1.53 -6.005
5 24 -5 -4 0 -4.746 -3.695 2.487 -2.5 -5.75 0 -9.111809 5.910867 0
5 24 -4.746 -3.695 -2.487 -4.024 -2.829 -4.596 -8.753361 5.957411 -2.478451 -2.31 -5.312 -2.487
5 24 -4.024 -2.829 -4.596 -2.942 -1.53 -6.005 -1.768 -4.066 -4.596 -7.737978 6.087625 -4.596157
5 24 -4.746 -3.695 2.487 -4.024 -2.829 4.596 -2.31 -5.312 2.487 -8.765409 5.952497 2.487499
5 24 -4.024 -2.829 4.596 -2.942 -1.53 6.005 -1.768 -4.066 4.596 -7.7378 6.0877 4.5962
5 24 -2.942 -1.53 6.005 -1.666 0 6.5 -.957 -2.2 6.005 -6.200144 6.29018 6.005335
5 24 -2.942 -1.53 -6.005 -1.666 0 -6.5 -.957 -2.2 -6.005 -6.193036 6.293107 -6.020144
5 24 -5 -4 0 -4.746 -3.695 -2.487 -2.5 -5.75 0 -9.111809 5.910867 0
5 24 0 -2.488 -6.005 -.957 -2.2 -6.005 -1.666 0 -6.5 0 -4.59615 -4.59615
5 24 -2.942 -1.53 -6.005 -.957 -2.2 -6.005 -1.666 0 -6.5 -1.768 -4.066 -4.596
5 24 -.957 -2.2 6.005 0 -2.488 6.005 -1.666 0 6.5 -1.768 -4.066 4.596
5 24 -2.31 -5.312 -2.487 -2.5 -5.75 0 -4.746 -3.695 -2.487 0 -6.005 -2.488
5 24 -4.746 -3.695 -2.487 -2.31 -5.312 -2.487 -2.5 -5.75 0 -4.024 -2.829 -4.596
5 24 -2.31 -5.312 2.487 -4.746 -3.695 2.487 -2.5 -5.75 0 -4.024 -2.829 4.596
5 24 -4.746 -3.695 -2.487 -2.5 -5.75 0 -2.31 -5.312 -2.487 -5 -4 0
5 24 -1.666 0 6.5 -.957 -2.2 6.005 -2.942 -1.53 6.005 0 -2.488 6.005
5 24 -2.5 -5.75 0 -4.746 -3.695 2.487 -2.31 -5.312 2.487 -5 -4 0
5 24 -5 -4 0 -2.5 -5.75 0 -4.746 -3.695 2.487 -4.746 -3.695 -2.487
5 24 -4.024 -2.829 4.596 -2.31 -5.312 2.487 -1.768 -4.066 4.596 -4.746 -3.695 2.487
5 24 -2.31 -5.312 -2.487 -4.024 -2.829 -4.596 -4.746 -3.695 -2.487 -1.768 -4.066 -4.596
5 24 -1.768 -4.066 -4.596 -2.942 -1.53 -6.005 -.957 -2.2 -6.005 -4.024 -2.829 -4.596
5 24 -2.942 -1.53 6.005 -.957 -2.2 6.005 -1.666 0 6.5 -1.768 -4.066 4.596

4 16 -8.753361 5.957411 -2.478451 -7.737978 6.087625 -4.596157 -4.024 -2.829 -4.596 -4.746 -3.695 -2.487
4 16 -9.111809 5.910867 0 -8.753361 5.957411 -2.478451 -4.746 -3.695 -2.487 -5 -4 0
4 16 -6.193036 6.293107 -6.020144 -4.272612 6.54443 -6.527512 -1.666 0 -6.5 -2.942 -1.53 -6.005
4 16 -7.737978 6.087625 -4.596157 -6.193036 6.293107 -6.020144 -2.942 -1.53 -6.005 -4.024 -2.829 -4.596
4 16 -2.942 -1.53 6.005 -6.200144 6.29018 6.005335 -7.7378 6.0877 4.5962 -4.024 -2.829 4.596
4 16 -1.666 0 6.5 -4.386358 6.528893 6.5 -6.200144 6.29018 6.005335 -2.942 -1.53 6.005
4 16 -4.746 -3.695 2.487 -8.765409 5.952497 2.487499 -9.111809 5.910867 0 -5 -4 0
4 16 -4.024 -2.829 4.596 -7.7378 6.0877 4.5962 -8.765409 5.952497 2.487499 -4.746 -3.695 2.487
5 24 -2.942 -1.53 -6.005 -6.193036 6.293107 -6.020144 -1.666 0 -6.5 -4.024 -2.829 -4.596
5 24 -4.024 -2.829 -4.596 -7.737978 6.087625 -4.596157 -2.942 -1.53 -6.005 -4.746 -3.695 -2.487
5 24 -4.746 -3.695 -2.487 -8.753361 5.957411 -2.478451 -4.024 -2.829 -4.596 -5 -4 0
5 24 -5 -4 0 -9.111809 5.910867 0 -4.746 -3.695 -2.487 -4.746 -3.695 2.487
5 24 -4.746 -3.695 2.487 -8.765409 5.952497 2.487499 -5 -4 0 -4.024 -2.829 4.596
5 24 -4.024 -2.829 4.596 -7.7378 6.0877 4.5962 -4.746 -3.695 2.487 -2.942 -1.53 6.005
5 24 -2.942 -1.53 6.005 -6.200144 6.29018 6.005335 -4.024 -2.829 4.596 -1.666 0 6.5

0 FILE parts/s/16000s04.dat
0 ~Minifig Arm Right Dual Mould Lower Half Inner
0 Name: s\16000s04.dat
0 Author: Magnus Forsberg [MagFors]
0 !LDRAW_ORG Subpart UPDATE 2020-01
0 !LICENSE Licensed under CC BY 4.0 : see CAreadme.txt

0 BFC CERTIFY CCW

0 !HISTORY 2019-11-24 [MagFors] Inlined primitives
0 !HISTORY 2020-06-28 [PTadmin] Official Update 2020-01


0 // hand hole

1 16 -5 18.9 -9.9 2.5 0 0 0 -1 -1.7678 0 0 -1.7678 4-4ndis.dat
0 BFC INVERTNEXT
1 16 -5 8.294 .707 2.5 0 0 0 10.6066 -1.76777 0 -10.6066 -1.76777 4-4cylc.dat
2 24 0 18.9 -9.9 -.3805 17.5468 -11.2532
2 24 -.3805 17.5468 -11.2532 -1.4645 16.3997 -12.4003
2 24 -1.4645 16.3997 -12.4003 -3.0865 15.6331 -13.1669
2 24 -3.0865 15.6331 -13.1669 -5 15.364 -13.436
2 24 -5 15.364 -13.436 -6.9135 15.6331 -13.1669
2 24 -6.9135 15.6331 -13.1669 -8.6155 16.402 -12.4003
2 24 -8.6155 16.402 -12.4003 -9.7694 17.5511 -11.2532
2 24 -9.7694 17.5511 -11.2532 -10 18.9 -9.9
2 24 -10 18.9 -9.9 -9.6195 20.2532 -8.5468
2 24 -9.6195 20.2532 -8.5468 -8.5355 21.4003 -7.3997
2 24 -8.5355 21.4003 -7.3997 -6.9135 22.1669 -6.6331
2 24 -6.9135 22.1669 -6.6331 -5 22.436 -6.364
2 24 -5 22.436 -6.364 -3.0865 22.1669 -6.6331
2 24 -3.0865 22.1669 -6.6331 -1.4645 21.4003 -7.3997
2 24 -1.4645 21.4003 -7.3997 -.3805 20.2532 -8.5468
2 24 -.3805 20.2532 -8.5468 0 18.9 -9.9
4 16 -3.0865 15.6331 -13.1669 -5 15.364 -13.436 -5 17.1322 -11.6678 -2.5 17.1322 -11.6678
4 16 -1.4645 16.3997 -12.4003 -3.0865 15.6331 -13.1669 -2.5 17.1322 -11.6678 -.3805 17.5468 -11.2532
4 16 -.3805 17.5468 -11.2532 -2.5 17.1322 -11.6678 -2.5 18.9 -9.9 0 18.9 -9.9
4 16 -.3805 20.2532 -8.5468 0 18.9 -9.9 -2.5 18.9 -9.9 -2.5 20.6678 -8.1322
4 16 -1.4645 21.4003 -7.3997 -.3805 20.2532 -8.5468 -2.5 20.6678 -8.1322 -3.0865 22.1669 -6.6331
4 16 -3.0865 22.1669 -6.6331 -2.5 20.6678 -8.1322 -5 20.6678 -8.1322 -5 22.436 -6.364
4 16 -6.9135 22.1669 -6.6331 -5 22.436 -6.364 -5 20.6678 -8.1322 -7.5 20.6678 -8.1322
4 16 -8.5355 21.4003 -7.3997 -6.9135 22.1669 -6.6331 -7.5 20.6678 -8.1322 -9.6195 20.2532 -8.5468
4 16 -9.6195 20.2532 -8.5468 -7.5 20.6678 -8.1322 -7.5 18.9 -9.9 -10 18.9 -9.9
4 16 -9.7694 17.5511 -11.2532 -10 18.9 -9.9 -7.5 18.9 -9.9 -7.5 17.1322 -11.6678
4 16 -8.6155 16.402 -12.4003 -9.7694 17.5511 -11.2532 -7.5 17.1322 -11.6678 -6.9135 15.6331 -13.1669
4 16 -6.9135 15.6331 -13.1669 -7.5 17.1322 -11.6678 -5 17.1322 -11.6678 -5 15.364 -13.436

0 // upper arm
3 16 -4.27266 6.54455 -6.527512 -3.0865 8.4737 -6.0075 -2.470041 6.781269 -6.105866
3 16 -2.470041 6.781269 -6.105866 -3.0865 8.4737 -6.0075 -1.4645 8.6037 -4.6044
3 16 -2.470041 6.781269 -6.105866 -1.4645 8.6037 -4.6044 -1.0725 6.9652 -4.9793
4 16 -1.0725 6.9652 -4.9793 -1.4645 8.6037 -4.6044 -0.3805 8.7984 -2.5048 -0.2249 7.0768 -3.3615
4 16 -0.2249 7.0768 -3.3615 -0.3805 8.7984 -2.5048 0 9.028 -0.028 0 7.1064 -2.0085
3 16 0 7.1064 1.8936 0 9.028 -0.028 -0.3809 7.0563 4.6497
3 16 0 7.1064 -2.0085 0 9.028 -0.028 0 7.1064 1.8936
3 16 -3.0865 8.4737 -6.0075 -4.272687 6.544618 -6.527512 -5.02 8.4209 -6.5354
5 24 -5 15.364 -13.436 -5.02 8.4209 -6.5354 -3.0865 15.6331 -13.1669 -6.9135 15.6331 -13.1669
2 24 0 9.028 -.028 -.3805 8.7984 -2.5048
2 24 -.3805 8.7984 -2.5048 -1.4645 8.6037 -4.6044
2 24 -1.4645 8.6037 -4.6044 -3.0865 8.4737 -6.0075
2 24 -3.0865 8.4737 -6.0075 -5.02 8.4209 -6.5354
2 24 0 7.1064 -2.0085 0 9.028 -.028
5 24 -3.0865 8.4737 -6.0075 -2.470041 6.781269 -6.105866 -4.27266 6.54455 -6.527512 -1.4645 8.6037 -4.6044
5 24 -1.4645 8.6037 -4.6044 -2.470041 6.781269 -6.105866 -3.0865 8.4737 -6.0075 -1.0725 6.9652 -4.9793
5 24 -1.4645 8.6037 -4.6044 -1.0725 6.9652 -4.9793 -2.470041 6.781269 -6.105866 -.3805 8.7984 -2.5048
5 24 -.3805 8.7984 -2.5048 -.2249 7.0768 -3.3615 -1.0725 6.9652 -4.9793 0 9.028 -.028
5 24 0 7.1064 1.8936 0 9.028 -.028 -.3809 7.0563 4.6497 0 7.1064 -2.0085
5 24 -4.272687 6.544618 -6.527512 -3.0865 8.4737 -6.0075 -2.470041 6.781269 -6.105866 -5.02 8.4209 -6.5354
5 24 -4.272687 6.544618 -6.527512 -5.02 8.4209 -6.5354 -7.0853 8.4402 -6.0243 -3.0865 8.4737 -6.0075

0 // forearm
4 16 -3.0865 8.4737 -6.0075 -3.0865 15.6331 -13.1669 -1.4645 16.3997 -12.4003 -1.4645 8.6037 -4.6044
4 16 -1.4645 8.6037 -4.6044 -1.4645 16.3997 -12.4003 -0.3805 17.5468 -11.2532 -0.3805 8.7984 -2.5048
4 16 -0.3805 8.7984 -2.5048 -0.3805 17.5468 -11.2532 0 18.9 -9.9 0 9.028 -0.028
4 16 -3.0865 22.1669 -6.6331 -5 22.436 -6.364 -5 10.6471 5.4249 -3.087 9.034 6.5
4 16 -1.4645 21.4003 -7.3997 -3.0865 22.1669 -6.6331 -3.087 9.034 6.5 -1.465 7.5 6.5
4 16 -0.3809 7.0563 4.6497 -0.3805 20.2532 -8.5468 -1.4645 21.4003 -7.3997 -1.465 7.5 6.5
4 16 0 9.028 -0.028 0 18.9 -9.9 -0.3805 20.2532 -8.5468 -0.3809 7.0563 4.6497
4 16 -5 15.364 -13.436 -3.0865 15.6331 -13.1669 -3.0865 8.4737 -6.0075 -5.02 8.4209 -6.5354
5 24 -3.0865 15.6331 -13.1669 -3.0865 8.4737 -6.0075 -1.4645 16.3997 -12.4003 -5 15.364 -13.436
5 24 -1.4645 16.3997 -12.4003 -1.4645 8.6037 -4.6044 -.3805 17.5468 -11.2532 -3.0865 15.6331 -13.1669
5 24 -.3805 17.5468 -11.2532 -.3805 8.7984 -2.5048 0 18.9 -9.9 -1.4645 16.3997 -12.4003
5 24 -4.9224 7.8154 6.5 -4.386358 6.528893 6.5 -1.2041 6.9479 6.5 -6.8356 7.8154 6.0054
5 24 -3.0865 22.1669 -6.6331 -3.087 9.034 6.5 -5 22.436 -6.364 -1.4645 21.4003 -7.3997
5 24 -5 22.436 -6.364 -5 10.6471 5.4249 -6.9135 22.1669 -6.6331 -3.0865 22.1669 -6.6331
5 24 -4.9997 9.3236 6.2624 -4.9224 7.8154 6.5 -3.087 9.034 6.5 -6.8356 7.8154 6.0054
5 24 -1.4645 21.4003 -7.3997 -1.465 7.5 6.5 -.3805 20.2532 -8.5468 -3.0865 22.1669 -6.6331
5 24 -.3805 20.2532 -8.5468 -.3809 7.0563 4.6497 -1.4645 21.4003 -7.3997 0 18.9 -9.9
5 24 0 18.9 -9.9 0 9.028 -.028 -.3805 20.2532 -8.5468 -.3805 17.5468 -11.2532

0 // elbow
4 16 -1.2041 6.9479 6.5 -1.465 7.5 6.5 -4.9224 7.8154 6.5 -4.386358 6.528893 6.5
3 16 -1.465 7.5 6.5 -1.2041 6.9479 6.5 -.3809 7.0563 4.6497
3 16 -4.9997 9.3236 6.2624 -4.9224 7.8154 6.5 -3.087 9.034 6.5
3 16 -5 10.6471 5.4249 -4.9997 9.3236 6.2624 -3.087 9.034 6.5
3 16 -3.087 9.034 6.5 -4.9224 7.8154 6.5 -1.465 7.5 6.5
5 24 -4.9997 9.3236 6.2624 -3.087 9.034 6.5 -5 10.6471 5.4249 -4.9224 7.8154 6.5
2 24 -1.465 7.5 6.5 -1.2041 6.9479 6.5
2 24 -3.087 9.034 6.5 -1.465 7.5 6.5
5 24 -3.087 9.034 6.5 -5 10.6471 5.4249 -4.9997 9.3236 6.2624 -3.0865 22.1669 -6.6331
5 24 -3.087 9.034 6.5 -4.9224 7.8154 6.5 -4.9997 9.3236 6.2624 -1.465 7.5 6.5
5 24 -4.9997 9.3236 6.2624 -5 10.6471 5.4249 -6.9135 10.5627 4.9712 -3.087 9.034 6.5

0 FILE parts/s/16000s05.dat
0 ~Minifig Arm Right Dual Mould Lower Half Outer
0 Name: s\16000s05.dat
0 Author: Magnus Forsberg [MagFors]
0 !LDRAW_ORG Subpart UPDATE 2020-01
0 !LICENSE Licensed under CC BY 4.0 : see CAreadme.txt

0 BFC CERTIFY CCW

0 !HISTORY 2019-11-24 [MagFors] Inlined primitives
0 !HISTORY 2020-06-28 [PTadmin] Official Update 2020-01


0 // elbow

3 16 -9.8555 8.6121 -2.4761 -10.0392 8.1462 0 -10.0652 9.0949 -.3523
3 16 -9.669 8.9811 2.3159 -10.0652 9.0949 -.3523 -10.0392 8.1462 0
3 16 -10.0392 8.1462 0 -9.58 7.9077 2.4876 -9.669 8.9811 2.3159
3 16 -10.0652 9.0949 -.3523 -9.669 8.9811 2.3159 -9.6195 9.6086 2.0978
4 16 -9.669 8.9811 2.3159 -8.535 9.1611 4.3373 -8.5355 10.1807 3.8199 -9.6195 9.6086 2.0978
3 16 -9.58 7.9077 2.4876 -8.4614 7.8246 4.5962 -8.535 9.1611 4.3373
3 16 -8.535 9.1611 4.3373 -9.669 8.9811 2.3159 -9.58 7.9077 2.4876
3 16 -6.8356 7.8154 6.0054 -6.913 9.2813 5.6883 -8.535 9.1611 4.3373
3 16 -8.535 9.1611 4.3373 -8.4614 7.8246 4.5962 -6.8356 7.8154 6.0054
3 16 -8.5355 10.1807 3.8199 -8.535 9.1611 4.3373 -6.913 9.2813 5.6883
3 16 -6.913 9.2813 5.6883 -6.9135 10.5627 4.9712 -8.5355 10.1807 3.8199
3 16 -4.9997 9.3236 6.2624 -6.913 9.2813 5.6883 -6.8356 7.8154 6.0054
3 16 -6.8356 7.8154 6.0054 -4.9224 7.8154 6.5 -4.9997 9.3236 6.2624
3 16 -6.9135 10.5627 4.9712 -6.913 9.2813 5.6883 -4.9997 9.3236 6.2624
3 16 -4.9997 9.3236 6.2624 -5 10.6471 5.4249 -6.9135 10.5627 4.9712
5 24 -8.535 9.1611 4.3373 -9.58 7.9077 2.4876 -9.669 8.9811 2.3159 -8.4614 7.8246 4.5962
5 24 -8.535 9.1611 4.3373 -6.8356 7.8154 6.0054 -8.4614 7.8246 4.5962 -6.913 9.2813 5.6883
5 24 -6.913 9.2813 5.6883 -8.5355 10.1807 3.8199 -6.9135 10.5627 4.9712 -8.535 9.1611 4.3373
5 24 -6.8356 7.8154 6.0054 -4.9997 9.3236 6.2624 -6.913 9.2813 5.6883 -4.9224 7.8154 6.5
5 24 -4.9997 9.3236 6.2624 -6.9135 10.5627 4.9712 -5 10.6471 5.4249 -6.913 9.2813 5.6883
5 24 -8.4614 7.8246 4.5962 -6.8356 7.8154 6.0054 -7.7378 6.0877 4.5962 -8.535 9.1611 4.3373
5 24 -9.58 7.9077 2.4876 -9.669 8.9811 2.3159 -8.535 9.1611 4.3373 -10.0392 8.1462 0
5 24 -4.9997 9.3236 6.2624 -6.913 9.2813 5.6883 -6.8356 7.8154 6.0054 -6.9135 10.5627 4.9712
5 24 -8.535 9.1611 4.3373 -8.5355 10.1807 3.8199 -9.6195 9.6086 2.0978 -6.913 9.2813 5.6883
5 24 -9.58 7.9077 2.4876 -10.0392 8.1462 0 -9.111809 5.910867 0 -9.669 8.9811 2.3159
5 24 -6.8356 7.8154 6.0054 -4.9224 7.8154 6.5 -6.200144 6.29018 6.005335 -4.9997 9.3236 6.2624
5 24 -8.4614 7.8246 4.5962 -8.535 9.1611 4.3373 -9.58 7.9077 2.4876 -6.8356 7.8154 6.0054
5 24 -6.9135 10.5627 4.9712 -8.5355 10.1807 3.8199 -6.9135 22.1669 -6.6331 -6.913 9.2813 5.6883
5 24 -9.669 8.9811 2.3159 -10.0392 8.1462 0 -10.0652 9.0949 -.3523 -9.58 7.9077 2.4876
5 24 -9.58 7.9077 2.4876 -8.4614 7.8246 4.5962 -8.765409 5.952497 2.487499 -8.535 9.1611 4.3373
5 24 -5 10.6471 5.4249 -6.9135 10.5627 4.9712 -5 22.436 -6.364 -4.9997 9.3236 6.2624
5 24 -9.669 8.9811 2.3159 -9.6195 9.6086 2.0978 -8.535 9.1611 4.3373 -10.0652 9.0949 -.3523
5 24 -9.6195 9.6086 2.0978 -10.0652 9.0949 -.3523 -9.6195 20.2532 -8.5468 -9.669 8.9811 2.3159
5 24 -6.8356 7.8154 6.0054 -6.913 9.2813 5.6883 -4.9997 9.3236 6.2624 -8.535 9.1611 4.3373
5 24 -8.5355 10.1807 3.8199 -9.6195 9.6086 2.0978 -8.535 9.1611 4.3373 -8.5355 21.4003 -7.3997
5 24 -6.913 9.2813 5.6883 -8.535 9.1611 4.3373 -8.5355 10.1807 3.8199 -6.8356 7.8154 6.0054
5 24 -9.669 8.9811 2.3159 -10.0652 9.0949 -.3523 -9.6195 9.6086 2.0978 -10.0392 8.1462 0
5 24 -9.669 8.9811 2.3159 -8.535 9.1611 4.3373 -9.6195 9.6086 2.0978 -9.58 7.9077 2.4876
5 24 -6.913 9.2813 5.6883 -6.9135 10.5627 4.9712 -4.9997 9.3236 6.2624 -8.5355 10.1807 3.8199
5 24 -10.0392 8.1462 0 -9.8555 8.6121 -2.4761 -10.0652 9.0949 -.3523 -9.111809 5.910867 0
5 24 -10.0652 9.0949 -.3523 -10.0392 8.1462 0 -9.8555 8.6121 -2.4761 -9.669 8.9811 2.3159

0 // upper arm
4 16 -5.02 8.4209 -6.5354 -4.272687 6.544618 -6.527512 -6.193036 6.293107 -6.020144 -7.0853 8.4402 -6.0243
4 16 -8.7537 8.5262 -4.5962 -7.0853 8.4402 -6.0243 -6.193036 6.293107 -6.020144 -7.737978 6.087625 -4.596157
4 16 -8.7537 8.5262 -4.5962 -7.737978 6.087625 -4.596157 -8.753361 5.957411 -2.478451 -9.8555 8.6121 -2.4761
4 16 -8.753361 5.957411 -2.478451 -9.111809 5.910867 0 -10.0392 8.1462 0 -9.8555 8.6121 -2.4761
4 16 -8.765409 5.952497 2.487499 -9.58 7.9077 2.4876 -10.0392 8.1462 0 -9.111809 5.910867 0
4 16 -8.4614 7.8246 4.5962 -9.58 7.9077 2.4876 -8.765409 5.952497 2.487499 -7.7378 6.0877 4.5962
4 16 -8.4614 7.8246 4.5962 -7.7378 6.0877 4.5962 -6.200144 6.29018 6.005335 -6.8356 7.8154 6.0054
4 16 -6.200144 6.29018 6.005335 -4.386358 6.528893 6.5 -4.9224 7.8154 6.5 -6.8356 7.8154 6.0054
5 24 -7.737978 6.087625 -4.596157 -8.7537 8.5262 -4.5962 -8.753361 5.957411 -2.478451 -7.0853 8.4402 -6.0243
5 24 -6.193036 6.293107 -6.020144 -7.0853 8.4402 -6.0243 -4.272687 6.544618 -6.527512 -7.737978 6.087625 -4.596157
5 24 -8.765409 5.952497 2.487499 -9.58 7.9077 2.4876 -9.111809 5.910867 0 -7.7378 6.0877 4.5962
5 24 -7.7378 6.0877 4.5962 -8.4614 7.8246 4.5962 -6.200144 6.29018 6.005335 -9.58 7.9077 2.4876
5 24 -6.8356 7.8154 6.0054 -6.200144 6.29018 6.005335 -4.386358 6.528893 6.5 -8.4614 7.8246 4.5962
5 24 -8.7537 8.5262 -4.5962 -9.8555 8.6121 -2.4761 -8.6155 16.402 -12.4003 -7.737978 6.087625 -4.596157
5 24 -5.02 8.4209 -6.5354 -7.0853 8.4402 -6.0243 -5 15.364 -13.436 -4.272687 6.544618 -6.527512
5 24 -10.0392 8.1462 0 -9.111809 5.910867 0 -9.58 7.9077 2.4876 -9.8555 8.6121 -2.4761
5 24 -9.8555 8.6121 -2.4761 -8.753361 5.957411 -2.478451 -9.111809 5.910867 0 -8.7537 8.5262 -4.5962
5 24 -7.0853 8.4402 -6.0243 -8.7537 8.5262 -4.5962 -6.9135 15.6331 -13.1669 -6.193036 6.293107 -6.020144
5 24 -10.0652 9.0949 -.3523 -9.8555 8.6121 -2.4761 -10.0392 8.1462 0 -10 18.9 -9.9

0 // forearm
4 16 -10.0652 9.0949 -.3523 -10 18.9 -9.9 -9.7694 17.5511 -11.2532 -9.8555 8.6121 -2.4761
4 16 -9.7694 17.5511 -11.2532 -8.6155 16.402 -12.4003 -8.7537 8.5262 -4.5962 -9.8555 8.6121 -2.4761
4 16 -5.02 8.4209 -6.5354 -7.0853 8.4402 -6.0243 -6.9135 15.6331 -13.1669 -5 15.364 -13.436
4 16 -8.6155 16.402 -12.4003 -6.9135 15.6331 -13.1669 -7.0853 8.4402 -6.0243 -8.7537 8.5262 -4.5962
4 16 -9.6195 20.2532 -8.5468 -10 18.9 -9.9 -10.0652 9.0949 -.3523 -9.6195 9.6086 2.0978
4 16 -8.5355 21.4003 -7.3997 -9.6195 20.2532 -8.5468 -9.6195 9.6086 2.0978 -8.5355 10.1807 3.8199
4 16 -8.5355 21.4003 -7.3997 -8.5355 10.1807 3.8199 -6.9135 10.5627 4.9712 -6.9135 22.1669 -6.6331
4 16 -5 22.436 -6.364 -6.9135 22.1669 -6.6331 -6.9135 10.5627 4.9712 -5 10.6471 5.4249
5 24 -7.0853 8.4402 -6.0243 -6.9135 15.6331 -13.1669 -5.02 8.4209 -6.5354 -8.7537 8.5262 -4.5962
5 24 -8.7537 8.5262 -4.5962 -8.6155 16.402 -12.4003 -7.0853 8.4402 -6.0243 -9.8555 8.6121 -2.4761
5 24 -9.8555 8.6121 -2.4761 -9.7694 17.5511 -11.2532 -8.7537 8.5262 -4.5962 -10.0652 9.0949 -.3523
5 24 -10.0652 9.0949 -.3523 -10 18.9 -9.9 -9.8555 8.6121 -2.4761 -9.6195 9.6086 2.0978
5 24 -9.6195 9.6086 2.0978 -9.6195 20.2532 -8.5468 -10.0652 9.0949 -.3523 -8.5355 10.1807 3.8199
5 24 -8.5355 10.1807 3.8199 -8.5355 21.4003 -7.3997 -9.6195 9.6086 2.0978 -6.9135 10.5627 4.9712
5 24 -6.9135 10.5627 4.9712 -6.9135 22.1669 -6.6331 -8.5355 10.1807 3.8199 -5 10.6471 5.4249

0 FILE empty.dat
0 Empty
0 Name: empty.dat
0 Author: Steffen [Steffen]
0 !LDRAW_ORG Primitive UPDATE 2025-08
0 !LICENSE Licensed under CC BY 4.0 : see CAreadme.txt

0 BFC CERTIFY CCW

0 !HISTORY 2015-10-11 [PTadmin] Official Update 2015-01
0 !HISTORY 2025-08-13 [OrionP] Fix comments
0 !HISTORY 2025-08-31 [OrionP] Official Update 2025-08

0 // Tool MLCad cannot handle really empty files. This file is used as a workaround.
0 // It exceptionally contains forbidden non-LDRAW standard syntax to satisfy MLCad
0 // until it is fixed OR a different editor has become the de-facto LDRAW standard.
0 // The line being used here is an "impossible" conditional line which never should be visible,
0 // additionally hidden by a syntax explicitly hiding it from displaying.

0 MLCAD HIDE 5 24 0 0 0 0.0001 0 0 0.0001 -0.0001 0 0 0 0

0 FILE recte3.dat
0 Rectangle Empty with 3 Edges
0 Name: recte3.dat
0 Author: Steffen [Steffen]
0 !LDRAW_ORG Primitive UPDATE 2011-01
0 !LICENSE Licensed under CC BY 4.0 : see CAreadme.txt

0 BFC CERTIFY CCW

0 !HISTORY 2011-07-25 [PTadmin] Official Update 2011-01


2 24 1 0 1 -1 0 1
2 24 -1 0 1 -1 0 -1
2 24 1 0 -1 1 0 1

0 FILE 4-4con5.dat
0 Cone  5 x 1.0
0 Name: 4-4con5.dat
0 Author: Niels Karsdorp [nielsk]
0 !LDRAW_ORG Primitive UPDATE 2003-03
0 !LICENSE Licensed under CC BY 4.0 : see CAreadme.txt

0 BFC CERTIFY CCW

0 !HISTORY 2003-12-19 [PTadmin] Official Update 2003-03
0 !HISTORY 2007-06-24 [PTadmin] Header formatted for Contributor Agreement
0 !HISTORY 2008-07-01 [PTadmin] Official Update 2008-01


5 24 5 1 0 6 0 0 4.6195 1 1.9135 4.6195 1 -1.9135
5 24 4.6195 1 1.9135 5.5434 0 2.2962 3.5355 1 3.5355 5 1 0
5 24 3.5355 1 3.5355 4.2426 0 4.2426 1.9135 1 4.6195 4.6195 1 1.9135
5 24 1.9135 1 4.6195 2.2962 0 5.5434 0 1 5 3.5355 1 3.5355
5 24 0 1 5 0 0 6 -1.9135 1 4.6195 1.9135 1 4.6195
5 24 -1.9135 1 4.6195 -2.2962 0 5.5434 -3.5355 1 3.5355 0 1 5
5 24 -3.5355 1 3.5355 -4.2426 0 4.2426 -4.6195 1 1.9135 -1.9135 1 4.6195
5 24 -4.6195 1 1.9135 -5.5434 0 2.2962 -5 1 0 -3.5355 1 3.5355
5 24 -5 1 0 -6 0 0 -4.6195 1 -1.9135 -4.6195 1 1.9135
5 24 -4.6195 1 -1.9135 -5.5434 0 -2.2962 -3.5355 1 -3.5355 -5 1 0
5 24 -3.5355 1 -3.5355 -4.2426 0 -4.2426 -1.9135 1 -4.6195 -4.6195 1 -1.9135
5 24 -1.9135 1 -4.6195 -2.2962 0 -5.5434 0 1 -5 -3.5355 1 -3.5355
5 24 0 1 -5 0 0 -6 1.9135 1 -4.6195 -1.9135 1 -4.6195
5 24 1.9135 1 -4.6195 2.2962 0 -5.5434 3.5355 1 -3.5355 0 1 -5
5 24 3.5355 1 -3.5355 4.2426 0 -4.2426 4.6195 1 -1.9135 1.9135 1 -4.6195
5 24 4.6195 1 -1.9135 5.5434 0 -2.2962 5 1 0 3.5355 1 -3.5355

4 16 5 1 0 4.6195 1 1.9135 5.5434 0 2.2962 6 0 0
4 16 4.6195 1 1.9135 3.5355 1 3.5355 4.2426 0 4.2426 5.5434 0 2.2962
4 16 3.5355 1 3.5355 1.9135 1 4.6195 2.2962 0 5.5434 4.2426 0 4.2426
4 16 1.9135 1 4.6195 0 1 5 0 0 6 2.2962 0 5.5434
4 16 0 1 5 -1.9135 1 4.6195 -2.2962 0 5.5434 0 0 6
4 16 -1.9135 1 4.6195 -3.5355 1 3.5355 -4.2426 0 4.2426 -2.2962 0 5.5434
4 16 -3.5355 1 3.5355 -4.6195 1 1.9135 -5.5434 0 2.2962 -4.2426 0 4.2426
4 16 -4.6195 1 1.9135 -5 1 0 -6 0 0 -5.5434 0 2.2962
4 16 -5 1 0 -4.6195 1 -1.9135 -5.5434 0 -2.2962 -6 0 0
4 16 -4.6195 1 -1.9135 -3.5355 1 -3.5355 -4.2426 0 -4.2426 -5.5434 0 -2.2962
4 16 -3.5355 1 -3.5355 -1.9135 1 -4.6195 -2.2962 0 -5.5434 -4.2426 0 -4.2426
4 16 -1.9135 1 -4.6195 0 1 -5 0 0 -6 -2.2962 0 -5.5434
4 16 0 1 -5 1.9135 1 -4.6195 2.2962 0 -5.5434 0 0 -6
4 16 1.9135 1 -4.6195 3.5355 1 -3.5355 4.2426 0 -4.2426 2.2962 0 -5.5434
4 16 3.5355 1 -3.5355 4.6195 1 -1.9135 5.5434 0 -2.2962 4.2426 0 -4.2426
4 16 4.6195 1 -1.9135 5 1 0 6 0 0 5.5434 0 -2.2962
0

0 FILE box3-3.dat
0 Box with 3 Adjacent Faces and 3 Missing Edges
0 Name: box3-3.dat
0 Author: Mark Kennedy [mkennedy]
0 !LDRAW_ORG Primitive UPDATE 2004-03
0 !LICENSE Licensed under CC BY 4.0 : see CAreadme.txt

0 BFC CERTIFY CCW

0 !HISTORY 2004-09-15 [PTadmin] Official Update 2004-03
0 !HISTORY 2007-06-24 [PTadmin] Header formatted for Contributor Agreement
0 !HISTORY 2008-07-01 [PTadmin] Official Update 2008-01


2 24 1 1 1 -1 1 1
2 24 -1 1 1 -1 1 -1
2 24 -1 1 -1 1 1 -1
2 24 1 1 -1 1 1 1
2 24 1 -1 1 -1 -1 1
2 24 1 -1 -1 1 -1 1
2 24 1 -1 1 1 1 1
2 24 -1 -1 1 -1 1 1
2 24 1 -1 -1 1 1 -1
0
4 16 1 1 1 1 1 -1 -1 1 -1 -1 1 1
4 16 1 1 1 1 -1 1 1 -1 -1 1 1 -1
4 16 1 1 1 -1 1 1 -1 -1 1 1 -1 1
0

0 FILE box2-5.dat
0 Box with 2 Faces without 5 Edges
0 Name: box2-5.dat
0 Author: Steffen [Steffen]
0 !LDRAW_ORG Primitive UPDATE 2003-03
0 !LICENSE Licensed under CC BY 4.0 : see CAreadme.txt

0 BFC CERTIFY CCW

0 !HISTORY 2003-12-19 [PTadmin] Official Update 2003-03
0 !HISTORY 2007-06-24 [PTadmin] Header formatted for Contributor Agreement
0 !HISTORY 2008-07-01 [PTadmin] Official Update 2008-01


2 24 1 1 1 -1 1 1
2 24 1 1 -1 -1 1 -1
2 24 1 -1 1 -1 -1 1
2 24 -1 -1 1 -1 1 1
2 24 1 -1 1 1 1 1
2 24 -1 1 -1 -1 1 1
2 24 1 1 -1 1 1 1
4 16 1 1 1 1 1 -1 -1 1 -1 -1 1 1
4 16 1 1 1 -1 1 1 -1 -1 1 1 -1 1
0

0 FILE box2-9.dat
0 Box with 2 Faces without 9 Edges
0 Name: box2-9.dat
0 Author: Mark Kennedy [mkennedy]
0 !LDRAW_ORG Primitive UPDATE 2010-01
0 !LICENSE Licensed under CC BY 4.0 : see CAreadme.txt

0 BFC CERTIFY CCW

0 !HISTORY 2010-04-05 [PTadmin] Official Update 2010-01


2 24 1 1 1 -1 1 1
2 24 1 -1 1 1 1 1
2 24 1 1 -1 1 1 1
4 16 1 1 1 1 1 -1 -1 1 -1 -1 1 1
4 16 1 1 1 -1 1 1 -1 -1 1 1 -1 1
0

0 FILE parts/s/u9081s01.dat
0 ~Tyre  7/ 22 x 26 Racing Slick - Half of 1/6
0 Name: s\u9081s01.dat
0 Author: Ingolf Weisheit [stahlwollschaf]
0 !LDRAW_ORG Subpart UPDATE 2014-02
0 !LICENSE Licensed under CC BY 2.0 and CC BY 4.0 : see CAreadme.txt

0 BFC CERTIFY CCW

0 !HISTORY 2014-12-23 [PTadmin] Official Update 2014-02


0 // subpart for u9081.dat: one half of a 60deg segment (symmetrical to xy-plane and zy-plane, 60deg)
0 // origin: center of wheel

0 // groove on inner radius r=33.125

0 BFC INVERTNEXT
1 16 0 0 0 1 0 0 0 1 0 0 0 1 s/11140s03.dat

0 // an outer torus with an elliptical cross-section R=33.125, ry=4, rz=8.75
0 // major radius R=33.125 on xy-plane
0 // major radius is in hires (48), minor radius is lowres (16)
0 // in order not to create an unnecessary amount of facets
4 16 0 -33.125 -8.75 0 -34.6557 -8.0839 -4.5235 -34.3592 -8.0839 -4.3237 -32.8416 -8.75
4 16 0 -34.6557 -8.0839 0 -35.9534 -6.1872 -4.6929 -35.6458 -6.1872 -4.5235 -34.3592 -8.0839
4 16 0 -35.9534 -6.1872 0 -36.8205 -3.3485 -4.806 -36.5055 -3.3485 -4.6929 -35.6458 -6.1872
4 16 0 -36.8205 -3.3485 0 -37.125 0 -4.8458 -36.8074 0 -4.806 -36.5055 -3.3485
4 16 -4.3237 -32.8416 -8.75 -4.5235 -34.3592 -8.0839 -8.9696 -33.4749 -8.0839 -8.5734 -31.9963 -8.75
4 16 -4.5235 -34.3592 -8.0839 -4.6929 -35.6458 -6.1872 -9.3054 -34.7283 -6.1872 -8.9696 -33.4749 -8.0839
4 16 -4.6929 -35.6458 -6.1872 -4.806 -36.5055 -3.3485 -9.5299 -35.5659 -3.3485 -9.3054 -34.7283 -6.1872
4 16 -4.806 -36.5055 -3.3485 -4.8458 -36.8074 0 -9.6087 -35.86 0 -9.5299 -35.5659 -3.3485
4 16 -8.5734 -31.9963 -8.75 -8.9696 -33.4749 -8.0839 -13.2622 -32.0177 -8.0839 -12.6764 -30.6035 -8.75
4 16 -8.9696 -33.4749 -8.0839 -9.3054 -34.7283 -6.1872 -13.7588 -33.2166 -6.1872 -13.2622 -32.0177 -8.0839
4 16 -9.3054 -34.7283 -6.1872 -9.5299 -35.5659 -3.3485 -14.0906 -34.0177 -3.3485 -13.7588 -33.2166 -6.1872
4 16 -9.5299 -35.5659 -3.3485 -9.6087 -35.86 0 -14.2071 -34.299 0 -14.0906 -34.0177 -3.3485
4 16 -12.6764 -30.6035 -8.75 -13.2622 -32.0177 -8.0839 -17.3279 -30.0127 -8.0839 -16.5625 -28.6871 -8.75
4 16 -13.2622 -32.0177 -8.0839 -13.7588 -33.2166 -6.1872 -17.9767 -31.1366 -6.1872 -17.3279 -30.0127 -8.0839
4 16 -13.7588 -33.2166 -6.1872 -14.0906 -34.0177 -3.3485 -18.4103 -31.8875 -3.3485 -17.9767 -31.1366 -6.1872
4 16 -14.0906 -34.0177 -3.3485 -14.2071 -34.299 0 -18.5625 -32.1512 0 -18.4103 -31.8875 -3.3485
4 16 -16.5625 -28.6871 -8.75 -17.3279 -30.0127 -8.0839 -21.0971 -27.4942 -8.0839 -20.1652 -26.2798 -8.75
4 16 -17.3279 -30.0127 -8.0839 -17.9767 -31.1366 -6.1872 -21.8871 -28.5238 -6.1872 -21.0971 -27.4942 -8.0839
4 16 -17.9767 -31.1366 -6.1872 -18.4103 -31.8875 -3.3485 -22.4149 -29.2117 -3.3485 -21.8871 -28.5238 -6.1872
4 16 -18.4103 -31.8875 -3.3485 -18.5625 -32.1512 0 -22.6003 -29.4532 0 -22.4149 -29.2117 -3.3485
4 16 -20.1652 -26.2798 -8.75 -21.0971 -27.4942 -8.0839 -24.5053 -24.5053 -8.0839 -23.4229 -23.4229 -8.75
4 16 -21.0971 -27.4942 -8.0839 -21.8871 -28.5238 -6.1872 -25.4229 -25.4229 -6.1872 -24.5053 -24.5053 -8.0839
4 16 -21.8871 -28.5238 -6.1872 -22.4149 -29.2117 -3.3485 -26.036 -26.036 -3.3485 -25.4229 -25.4229 -6.1872
4 16 -22.4149 -29.2117 -3.3485 -22.6003 -29.4532 0 -26.2513 -26.2513 0 -26.036 -26.036 -3.3485
4 16 -23.4229 -23.4229 -8.75 -24.5053 -24.5053 -8.0839 -27.4942 -21.0971 -8.0839 -26.2798 -20.1652 -8.75
4 16 -24.5053 -24.5053 -8.0839 -25.4229 -25.4229 -6.1872 -28.5238 -21.8871 -6.1872 -27.4942 -21.0971 -8.0839
4 16 -25.4229 -25.4229 -6.1872 -26.036 -26.036 -3.3485 -29.2117 -22.4149 -3.3485 -28.5238 -21.8871 -6.1872
4 16 -26.036 -26.036 -3.3485 -26.2513 -26.2513 0 -29.4532 -22.6003 0 -29.2117 -22.4149 -3.3485
4 16 -26.2798 -20.1652 -8.75 -27.4942 -21.0971 -8.0839 -30.0127 -17.3279 -8.0839 -28.6871 -16.5625 -8.75
4 16 -27.4942 -21.0971 -8.0839 -28.5238 -21.8871 -6.1872 -31.1366 -17.9767 -6.1872 -30.0127 -17.3279 -8.0839
4 16 -28.5238 -21.8871 -6.1872 -29.2117 -22.4149 -3.3485 -31.8875 -18.4103 -3.3485 -31.1366 -17.9767 -6.1872
4 16 -29.2117 -22.4149 -3.3485 -29.4532 -22.6003 0 -32.1512 -18.5625 0 -31.8875 -18.4103 -3.3485
5 24 0 -33.125 -8.75 0 -34.6557 -8.0839 -4.3237 -32.8416 -8.75 4.3237 -32.8416 -8.75
5 24 0 -34.6557 -8.0839 0 -35.9534 -6.1872 -4.5235 -34.3592 -8.0839 4.5235 -34.3592 -8.0839
5 24 0 -34.6557 -8.0839 -4.5235 -34.3592 -8.0839 0 -35.9534 -6.1872 0 -33.125 -8.75
5 24 0 -35.9534 -6.1872 0 -36.8205 -3.3485 -4.6929 -35.6458 -6.1872 4.6929 -35.6458 -6.1872
5 24 0 -35.9534 -6.1872 -4.6929 -35.6458 -6.1872 0 -36.8205 -3.3485 0 -34.6557 -8.0839
5 24 0 -36.8205 -3.3485 0 -37.125 0 -4.806 -36.5055 -3.3485 4.806 -36.5055 -3.3485
5 24 0 -36.8205 -3.3485 -4.806 -36.5055 -3.3485 0 -37.125 0 0 -35.9534 -6.1872
5 24 0 -37.125 0 -4.8458 -36.8074 0 0 -36.8205 -3.3485 0 -36.8205 3.3485
5 24 -4.3237 -32.8416 -8.75 -4.5235 -34.3592 -8.0839 -8.5734 -31.9963 -8.75 0 -33.125 -8.75
5 24 -4.5235 -34.3592 -8.0839 -4.6929 -35.6458 -6.1872 -8.9696 -33.4749 -8.0839 0 -34.6557 -8.0839
5 24 -4.5235 -34.3592 -8.0839 -8.9696 -33.4749 -8.0839 -4.6929 -35.6458 -6.1872 -4.3237 -32.8416 -8.75
5 24 -4.6929 -35.6458 -6.1872 -4.806 -36.5055 -3.3485 -9.3054 -34.7283 -6.1872 0 -35.9534 -6.1872
5 24 -4.6929 -35.6458 -6.1872 -9.3054 -34.7283 -6.1872 -4.806 -36.5055 -3.3485 -4.5235 -34.3592 -8.0839
5 24 -4.806 -36.5055 -3.3485 -4.8458 -36.8074 0 -9.5299 -35.5659 -3.3485 0 -36.8205 -3.3485
5 24 -4.806 -36.5055 -3.3485 -9.5299 -35.5659 -3.3485 -4.8458 -36.8074 0 -4.6929 -35.6458 -6.1872
5 24 -4.8458 -36.8074 0 -9.6087 -35.86 0 -4.806 -36.5055 -3.3485 -4.806 -36.5055 3.3485
5 24 -8.5734 -31.9963 -8.75 -8.9696 -33.4749 -8.0839 -12.6764 -30.6035 -8.75 -4.3237 -32.8416 -8.75
5 24 -8.9696 -33.4749 -8.0839 -9.3054 -34.7283 -6.1872 -13.2622 -32.0177 -8.0839 -4.5235 -34.3592 -8.0839
5 24 -8.9696 -33.4749 -8.0839 -13.2622 -32.0177 -8.0839 -9.3054 -34.7283 -6.1872 -8.5734 -31.9963 -8.75
5 24 -9.3054 -34.7283 -6.1872 -9.5299 -35.5659 -3.3485 -13.7588 -33.2166 -6.1872 -4.6929 -35.6458 -6.1872
5 24 -9.3054 -34.7283 -6.1872 -13.7588 -33.2166 -6.1872 -9.5299 -35.5659 -3.3485 -8.9696 -33.4749 -8.0839
5 24 -9.5299 -35.5659 -3.3485 -9.6087 -35.86 0 -14.0906 -34.0177 -3.3485 -4.806 -36.5055 -3.3485
5 24 -9.5299 -35.5659 -3.3485 -14.0906 -34.0177 -3.3485 -9.6087 -35.86 0 -9.3054 -34.7283 -6.1872
5 24 -9.6087 -35.86 0 -14.2071 -34.299 0 -9.5299 -35.5659 -3.3485 -9.5299 -35.5659 3.3485
5 24 -12.6764 -30.6035 -8.75 -13.2622 -32.0177 -8.0839 -16.5625 -28.6871 -8.75 -8.5734 -31.9963 -8.75
5 24 -13.2622 -32.0177 -8.0839 -13.7588 -33.2166 -6.1872 -17.3279 -30.0127 -8.0839 -8.9696 -33.4749 -8.0839
5 24 -13.2622 -32.0177 -8.0839 -17.3279 -30.0127 -8.0839 -13.7588 -33.2166 -6.1872 -12.6764 -30.6035 -8.75
5 24 -13.7588 -33.2166 -6.1872 -14.0906 -34.0177 -3.3485 -17.9767 -31.1366 -6.1872 -9.3054 -34.7283 -6.1872
5 24 -13.7588 -33.2166 -6.1872 -17.9767 -31.1366 -6.1872 -14.0906 -34.0177 -3.3485 -13.2622 -32.0177 -8.0839
5 24 -14.0906 -34.0177 -3.3485 -14.2071 -34.299 0 -18.4103 -31.8875 -3.3485 -9.5299 -35.5659 -3.3485
5 24 -14.0906 -34.0177 -3.3485 -18.4103 -31.8875 -3.3485 -14.2071 -34.299 0 -13.7588 -33.2166 -6.1872
5 24 -14.2071 -34.299 0 -18.5625 -32.1512 0 -14.0906 -34.0177 -3.3485 -14.0906 -34.0177 3.3485
5 24 -16.5625 -28.6871 -8.75 -17.3279 -30.0127 -8.0839 -20.1652 -26.2798 -8.75 -12.6764 -30.6035 -8.75
5 24 -17.3279 -30.0127 -8.0839 -17.9767 -31.1366 -6.1872 -21.0971 -27.4942 -8.0839 -13.2622 -32.0177 -8.0839
5 24 -17.3279 -30.0127 -8.0839 -21.0971 -27.4942 -8.0839 -17.9767 -31.1366 -6.1872 -16.5625 -28.6871 -8.75
5 24 -17.9767 -31.1366 -6.1872 -18.4103 -31.8875 -3.3485 -21.8871 -28.5238 -6.1872 -13.7588 -33.2166 -6.1872
5 24 -17.9767 -31.1366 -6.1872 -21.8871 -28.5238 -6.1872 -18.4103 -31.8875 -3.3485 -17.3279 -30.0127 -8.0839
5 24 -18.4103 -31.8875 -3.3485 -18.5625 -32.1512 0 -22.4149 -29.2117 -3.3485 -14.0906 -34.0177 -3.3485
5 24 -18.4103 -31.8875 -3.3485 -22.4149 -29.2117 -3.3485 -18.5625 -32.1512 0 -17.9767 -31.1366 -6.1872
5 24 -18.5625 -32.1512 0 -22.6003 -29.4532 0 -18.4103 -31.8875 -3.3485 -18.4103 -31.8875 3.3485
5 24 -20.1652 -26.2798 -8.75 -21.0971 -27.4942 -8.0839 -23.4229 -23.4229 -8.75 -16.5625 -28.6871 -8.75
5 24 -21.0971 -27.4942 -8.0839 -21.8871 -28.5238 -6.1872 -24.5053 -24.5053 -8.0839 -17.3279 -30.0127 -8.0839
5 24 -21.0971 -27.4942 -8.0839 -24.5053 -24.5053 -8.0839 -21.8871 -28.5238 -6.1872 -20.1652 -26.2798 -8.75
5 24 -21.8871 -28.5238 -6.1872 -22.4149 -29.2117 -3.3485 -25.4229 -25.4229 -6.1872 -17.9767 -31.1366 -6.1872
5 24 -21.8871 -28.5238 -6.1872 -25.4229 -25.4229 -6.1872 -22.4149 -29.2117 -3.3485 -21.0971 -27.4942 -8.0839
5 24 -22.4149 -29.2117 -3.3485 -22.6003 -29.4532 0 -26.036 -26.036 -3.3485 -18.4103 -31.8875 -3.3485
5 24 -22.4149 -29.2117 -3.3485 -26.036 -26.036 -3.3485 -22.6003 -29.4532 0 -21.8871 -28.5238 -6.1872
5 24 -22.6003 -29.4532 0 -26.2513 -26.2513 0 -22.4149 -29.2117 -3.3485 -22.4149 -29.2117 3.3485
5 24 -23.4229 -23.4229 -8.75 -24.5053 -24.5053 -8.0839 -26.2798 -20.1652 -8.75 -20.1652 -26.2798 -8.75
5 24 -24.5053 -24.5053 -8.0839 -25.4229 -25.4229 -6.1872 -27.4942 -21.0971 -8.0839 -21.0971 -27.4942 -8.0839
5 24 -24.5053 -24.5053 -8.0839 -27.4942 -21.0971 -8.0839 -25.4229 -25.4229 -6.1872 -23.4229 -23.4229 -8.75
5 24 -25.4229 -25.4229 -6.1872 -26.036 -26.036 -3.3485 -28.5238 -21.8871 -6.1872 -21.8871 -28.5238 -6.1872
5 24 -25.4229 -25.4229 -6.1872 -28.5238 -21.8871 -6.1872 -26.036 -26.036 -3.3485 -24.5053 -24.5053 -8.0839
5 24 -26.036 -26.036 -3.3485 -26.2513 -26.2513 0 -29.2117 -22.4149 -3.3485 -22.4149 -29.2117 -3.3485
5 24 -26.036 -26.036 -3.3485 -29.2117 -22.4149 -3.3485 -26.2513 -26.2513 0 -25.4229 -25.4229 -6.1872
5 24 -26.2513 -26.2513 0 -29.4532 -22.6003 0 -26.036 -26.036 -3.3485 -26.036 -26.036 3.3485
5 24 -26.2798 -20.1652 -8.75 -27.4942 -21.0971 -8.0839 -28.6871 -16.5625 -8.75 -23.4229 -23.4229 -8.75
5 24 -27.4942 -21.0971 -8.0839 -28.5238 -21.8871 -6.1872 -30.0127 -17.3279 -8.0839 -24.5053 -24.5053 -8.0839
5 24 -27.4942 -21.0971 -8.0839 -30.0127 -17.3279 -8.0839 -28.5238 -21.8871 -6.1872 -26.2798 -20.1652 -8.75
5 24 -28.5238 -21.8871 -6.1872 -29.2117 -22.4149 -3.3485 -31.1366 -17.9767 -6.1872 -25.4229 -25.4229 -6.1872
5 24 -28.5238 -21.8871 -6.1872 -31.1366 -17.9767 -6.1872 -29.2117 -22.4149 -3.3485 -27.4942 -21.0971 -8.0839
5 24 -29.2117 -22.4149 -3.3485 -29.4532 -22.6003 0 -31.8875 -18.4103 -3.3485 -26.036 -26.036 -3.3485
5 24 -29.2117 -22.4149 -3.3485 -31.8875 -18.4103 -3.3485 -29.4532 -22.6003 0 -28.5238 -21.8871 -6.1872
5 24 -29.4532 -22.6003 0 -32.1512 -18.5625 0 -29.2117 -22.4149 -3.3485 -29.2117 -22.4149 3.3485
5 24 -28.6871 -16.5625 -8.75 -30.0127 -17.3279 -8.0839 -30.6035 -12.6764 -8.75 -26.2798 -20.1652 -8.75
5 24 -30.0127 -17.3279 -8.0839 -31.1366 -17.9767 -6.1872 -32.0177 -13.2622 -8.0839 -27.4942 -21.0971 -8.0839
5 24 -31.1366 -17.9767 -6.1872 -31.8875 -18.4103 -3.3485 -33.2166 -13.7588 -6.1872 -28.5238 -21.8871 -6.1872
5 24 -31.8875 -18.4103 -3.3485 -32.1512 -18.5625 0 -34.0177 -14.0906 -3.3485 -29.2117 -22.4149 -3.3485

0 FILE parts/s/11140s01.dat
0 ~Wheel Rim 26 x 7 with Rip Cord Gear Axle - Surface 1/6
0 Name: s\11140s01.dat
0 Author: Ingolf Weisheit [stahlwollschaf]
0 !LDRAW_ORG Subpart UPDATE 2024-02
0 !LICENSE Licensed under CC BY 2.0 and CC BY 4.0 : see CAreadme.txt

0 BFC CERTIFY CCW

0 !HISTORY 2014-12-23 [PTadmin] Official Update 2014-02
0 !HISTORY 2024-03-23 [OrionP] Updated ring primitives
0 !HISTORY 2024-03-24 [OrionP] Official Update 2024-02

0 // subpart for 11140.dat: common parts (symmetrical to xy-plane and zy-plane, 60deg)
0 // origin: center of wheel

0 // end of axle-hole (z=-24) and axle-hole (r=4)

2 24 0 -4 -24 -1.36808 -3.75877 -24
2 24 -1.36808 -3.75877 -24 -2.57115 -3.06418 -24
2 24 -2.57115 -3.06418 -24 -3.4641 -2 -24
4 16 0 -4.75 -24 -1.6246 -4.46354 -24 -1.36808 -3.75877 -24 0 -4 -24
4 16 -1.6246 -4.46354 -24 -3.05324 -3.63871 -24 -2.57115 -3.06418 -24 -1.36808 -3.75877 -24
4 16 -3.05324 -3.63871 -24 -4.11362 -2.375 -24 -3.4641 -2 -24 -2.57115 -3.06418 -24
4 16 0 -4 -24 -1.36808 -3.75877 -24 -1.36808 -3.75877 0 0 -4 0
4 16 -1.36808 -3.75877 -24 -2.57115 -3.06418 -24 -2.57115 -3.06418 0 -1.36808 -3.75877 0
4 16 -2.57115 -3.06418 -24 -3.4641 -2 -24 -3.4641 -2 0 -2.57115 -3.06418 0
5 24 0 -4 -24 0 -4 0 -1.36808 -3.75877 -24 1.36808 -3.75877 -24
5 24 -1.36808 -3.75877 -24 -1.36808 -3.75877 0 -2.57115 -3.06418 -24 0 -4 -24
5 24 -2.57115 -3.06418 -24 -2.57115 -3.06418 0 -3.4641 -2 -24 -1.36808 -3.75877 -24
5 24 -3.4641 -2 -24 -3.4641 -2 0 -2.57115 -3.06418 -24 -3.93923 -0.69459 -24

0 // gear teeth 9 (one half = 20deg)
1 16 0 0 0 1 0 0 0 1 0 0 0 1 s/11140s02.dat
1 16 0 0 0 -0.76604 0.64279 0 0.64279 0.76604 0 0 0 1 s/11140s02.dat
1 16 0 0 0 0.76604 0.64279 0 -0.64279 0.76604 0 0 0 1 s/11140s02.dat

0 // cylinder R7, start at y=1.875, h=10.875 (end at y=12.75)
4 16 0 -7 -1.875 -2.39414 -6.57785 -1.875 -2.39414 -6.57785 -12.75 0 -7 -12.75
4 16 -2.39414 -6.57785 -1.875 -4.49951 -5.36231 -1.875 -4.49951 -5.36231 -12.75 -2.39414 -6.57785 -12.75
4 16 -4.49951 -5.36231 -1.875 -6.06218 -3.5 -1.875 -6.06218 -3.5 -12.75 -4.49951 -5.36231 -12.75
5 24 0 -7 -1.875 0 -7 -12.75 -2.39414 -6.57785 -1.875 2.39414 -6.57785 -1.875
5 24 -2.39414 -6.57785 -1.875 -2.39414 -6.57785 -12.75 -4.49951 -5.36231 -1.875 0 -7 -1.875
5 24 -4.49951 -5.36231 -1.875 -4.49951 -5.36231 -12.75 -6.06218 -3.5 -1.875 -2.39414 -6.57785 -1.875
5 24 -6.06218 -3.5 -1.875 -6.06218 -3.5 -12.75 -4.49951 -5.36231 -1.875 -6.89365 -1.21554 -1.875

0 // adapter disc from cyl r7 (20deg) to r17.675 (7.5deg)
2 24 0 -7 -1.875 -2.39414 -6.57785 -1.875
2 24 -2.39414 -6.57785 -1.875 -3.44683 -5.97008 -1.875
2 24 -2.78083 -21.12251 -1.875 0 -21.30477 -1.875
2 24 -4.44293 -20.79189 -1.875 -2.78083 -21.12251 -1.875
2 24 -5.59641 -16.72589 -1.875 -4.44293 -20.79189 -1.875
2 24 -6.76393 -16.32957 -1.875 -5.59641 -16.72589 -1.875
2 24 -6.76393 -16.32957 -1.875 -8.8375 -15.307 -1.875
4 16 0 -21.30477 -1.875 -2.78083 -21.12251 -1.875 -2.63291 -18 -1.875 0 -18 -1.875
4 16 -3.2 -17.3 -1.875 -2.63291 -18 -1.875 -2.78083 -21.12251 -1.875 -4.44293 -20.79189 -1.875
4 16 -4.27581 -10.07107 -1.875 -3.2 -17.3 -1.875 -4.44293 -20.79189 -1.875 -5.59641 -16.72589 -1.875
4 16 -4.27581 -10.07107 -1.875 -5.59641 -16.72589 -1.875 -6.76393 -16.32957 -1.875 -8.8375 -15.307 -1.875
4 16 -3.44683 -5.97008 -1.875 -3.6645 -9.25 -1.875 -4.27581 -10.07107 -1.875 -8.8375 -15.307 -1.875
3 16 -3.6645 -9.25 -1.875 -3.44683 -5.97008 -1.875 -2.39414 -6.57785 -1.875
4 16 0 -9.25 -1.875 -3.6645 -9.25 -1.875 -2.39414 -6.57785 -1.875 0 -7 -1.875
2 24 -6.06218 -3.5 -1.875 -4.49951 -5.36231 -1.875
2 24 -4.49951 -5.36231 -1.875 -3.44683 -5.97008 -1.875
4 16 -3.44683 -5.97008 -1.875 -8.8375 -15.307 -1.875 -10.75906 -14.02207 -1.875 -4.49951 -5.36231 -1.875
4 16 -10.75906 -14.02207 -1.875 -12.49759 -12.49789 -1.875 -14.02295 -10.76003 -1.875 -4.49951 -5.36231 -1.875
4 16 -4.49951 -5.36231 -1.875 -14.02295 -10.76003 -1.875 -15.30677 -8.83711 -1.875 -6.06218 -3.5 -1.875

0 // hole
1 16 -1.31646 -18 -0.9375 0 0 -1.31646 0 -1 0 -0.9375 0 0 rect1.dat
1 16 -2.91646 -17.65 -0.9375 0.28354 0 0 -0.35 -1 0 0 0 -0.9375 rect3.dat
1 16 -3.73791 -13.68554 -0.9375 0 0 -0.53791 0 -1 3.61446 -0.9375 0 0 rect1.dat
1 16 -3.97016 -9.66054 -0.9375 -0.30566 0 0 -0.41054 1 0 0 0 -0.9375 rect3.dat
1 16 -1.83225 -9.25 -0.9375 0 0 1.83225 0 1 0 -0.9375 0 0 rect1.dat

0 // cone from inner to outer disc of wheel, r=17.675, R=20.2 = 2.525* r7
4 16 0 -28.75 -8.75 -3.75263 -28.50404 -8.75 -2.78083 -21.12251 -1.875 0 -21.30477 -1.875
4 16 -3.75263 -28.50404 -8.75 -5.00916 -28.2541 -8.75 -4.44293 -20.79189 -1.875 -2.78083 -21.12251 -1.875
2 24 -5.00916 -28.2541 -8.75 -4.44293 -20.79189 -1.875
2 24 -5.59641 -16.72589 -1.875 -7.73021 -18.66237 -8.75
4 16 -4.44293 -20.79189 -1.875 -5.00916 -28.2541 -8.75 -7.73021 -18.66237 -8.75 -5.59641 -16.72589 -1.875
3 16 -7.73021 -18.66237 -8.75 -6.76393 -16.32957 -1.875 -5.59641 -16.72589 -1.875
4 16 -7.73021 -18.66237 -8.75 -10.1 -17.49371 -8.75 -8.8375 -15.307 -1.875 -6.76393 -16.32957 -1.875
0 BFC INVERTNEXT
1 16 0 0 -8.75 -1.2625 0 -2.18671 -2.18671 0 1.2625 0 6.875 0 48/1-24con7.dat
0 BFC INVERTNEXT
1 16 0 0 -8.75 -1.78544 0 -1.78544 -1.78544 0 1.78544 0 6.875 0 48/1-24con7.dat
1 16 0 0 -8.75 -10.1 0 -17.49371 -17.49371 0 10.1 0 1 0 48/1-12edge.dat
1 16 0 0 -1.875 -8.8375 0 -15.307 -15.307 0 8.8375 0 1 0 48/1-12edge.dat
5 24 0 -28.75 -8.75 0 -21.30477 -1.875 -3.75263 -28.50404 -8.75 3.75263 -28.50404 -8.75
5 24 -3.75263 -28.50404 -8.75 -2.78083 -21.12251 -1.875 -7.44105 -27.77037 -8.75 0 -28.75 -8.75
5 24 -6.76393 -16.32957 -1.875 -7.73021 -18.66237 -8.75 -8.8375 -15.307 -1.875 -4.57469 -17.07218 -1.875
5 24 -8.8375 -15.307 -1.875 -10.1 -17.49371 -8.75 -10.75986 -14.02252 -1.875 -6.76393 -16.32957 -1.875

0 // outer disc r20.2->25.25 -> 5.05* r4 (101/20)
2 24 0 -28.75 -8.75 -3.75263 -28.50404 -8.75
2 24 -3.75263 -28.50404 -8.75 -5.00916 -28.2541 -8.75
2 24 -5.00916 -28.2541 -8.75 -7.73021 -18.66237 -8.75
2 24 -7.73021 -18.66237 -8.75 -10.1 -17.49371 -8.75
4 16 -10.1 -17.49371 -8.75 -7.73021 -18.66237 -8.75 -9.79156 -29.60693 -8.75 -11.8343 -22.25707 -8.75
3 16 -11.8343 -22.25707 -8.75 -12.625 -21.86714 -8.75 -10.1 -17.49371 -8.75
1 16 0 0 -8.75 -2.525 0 -4.37343 -4.37343 0 2.525 0 1 0 48/1-12ring4.dat

0 // groove r25.25->r28.40625 -> 3.15625 * r8 (101/32)
1 16 -12.22965 -22.06211 -8.375 -0.39535 0 0 0.19497 1 0 0 0 0.375 rect2p.dat
1 16 -13.86942 -24.7651 -8.375 -0.33371 0 0 0.16457 -1 0 0 0 0.375 rect2p.dat
4 16 -12.625 -21.86714 -8 -11.8343 -22.25707 -8 -13.53571 -24.92967 -8 -14.20312 -24.60053 -8
1 16 -10.81293 -25.932 -8.375 1.02137 0 0 -3.67493 1 0 0 0 -0.375 rect2p.dat
4 16 -9.79156 -29.60693 -8 -11.95886 -28.87124 -8 -13.53571 -24.92967 -8 -11.8343 -22.25707 -8
1 16 -12.74728 -26.90045 -8.375 0.78842 0 0 -1.97078 -1 0 0 0 -0.375 rect.dat
1 16 -10.87521 -29.23908 -8.375 -1.08365 0 0 0.36785 -1 0 0 0 0.375 rect.dat
1 16 0 0 -8.75 -12.625 0 -21.86714 -21.86714 0 12.625 0 0.75 0 48/1-12cylo.dat
1 16 0 0 -8 -1.57813 0 -2.73339 -2.73339 0 1.57813 0 1 0 48/1-12ring8.dat
0 BFC INVERTNEXT
1 16 0 0 -8.75 -14.20312 0 -24.60053 -24.60053 0 14.20312 0 0.74753 0 48/1-12cylo.dat

0 // outer disc r28.40625->33.125
4 16 0 -33.125 -8.75 -4.32281 -32.84013 -8.75 -3.75263 -28.50404 -8.75 0 -28.75 -8.75
4 16 -4.32281 -32.84013 -8.75 -8.57275 -31.99544 -8.75 -5.00916 -28.2541 -8.75 -3.75263 -28.50404 -8.75
4 16 -8.57275 -31.99544 -8.75 -9.79156 -29.60693 -8.75 -7.73021 -18.66237 -8.75 -5.00916 -28.2541 -8.75
4 16 -8.57275 -31.99544 -8.75 -12.67694 -30.60419 -8.75 -11.95886 -28.87124 -8.75 -9.79156 -29.60693 -8.75
4 16 -12.67694 -30.60419 -8.75 -16.5625 -28.68625 -8.75 -13.53571 -24.92967 -8.75 -11.95886 -28.87124 -8.75
3 16 -16.5625 -28.68625 -8.75 -14.20312 -24.60053 -8.75 -13.53571 -24.92967 -8.75
4 16 -16.5625 -28.68625 -8.75 -20.1665 -26.28138 -8.75 -17.29263 -22.53619 -8.75 -14.20312 -24.60053 -8.75
4 16 -20.1665 -26.28138 -8.75 -23.42269 -23.42269 -8.75 -20.08625 -20.08625 -8.75 -17.29263 -22.53619 -8.75
4 16 -23.42269 -23.42269 -8.75 -26.28138 -20.1665 -8.75 -22.53619 -17.29263 -8.75 -20.08625 -20.08625 -8.75
4 16 -26.28138 -20.1665 -8.75 -28.68625 -16.5625 -8.75 -24.60053 -14.20312 -8.75 -22.53619 -17.29263 -8.75

0 // groove on outside radius
1 16 0 0 0 1 0 0 0 1 0 0 0 1 s/11140s03.dat

0 FILE parts/s/15103s01.dat
0 ~Motor Inertia Flywheel  4 x  6 x  2 Housing Quarter
0 Name: s\15103s01.dat
0 Author: Magnus Forsberg [MagFors]
0 !LDRAW_ORG Subpart UPDATE 2024-03
0 !LICENSE Licensed under CC BY 4.0 : see CAreadme.txt

0 BFC CERTIFY CCW

0 !HISTORY 2024-04-28 [OrionP] Official Update 2024-03

1 16 30 0 30 0 -1 0 1 0 0 0 0 1 peghole.dat
0 BFC INVERTNEXT
1 16 28 0 30 0 -16 0 6 0 0 0 0 6 4-4cyli.dat
1 16 30 0 30 0 -1 0 1 0 0 0 0 1 2-4ring8.dat
1 16 30 0 30 0 -10 0 9 0 0 0 0 9 2-4cylo.dat
1 16 12 0 30 0 2 0 9 0 0 0 0 9 2-4cylo.dat
1 16 20 0 30 0 -1 0 9 0 0 0 0 9 2-4ndis.dat
1 16 14 0 30 0 1 0 9 0 0 0 0 9 2-4ndis.dat

1 16 12 0 30 0 1 0 3 0 0 0 0 3 2-4ring2.dat
1 16 12 0 30 0 1 0 6 0 0 0 0 6 4-4edge.dat
1 16 12 0 30 0 1 0 6 0 0 0 0 -6 2-4ndis.dat
1 16 30 0 30 0 -1 0 8 0 0 0 0 -8 2-4ndis.dat

2 24 12 -9 30 12 -9 20
2 24 12 9 30 12 9 20
4 16 12 -9 30 12 -6 30 12 -6 24 12 -9 20
4 16 12 -9 20 12 -6 24 12 6 24 12 9 20
1 16 11 0 20 0 0 -1 9 0 0 0 -1 0 rect.dat
4 16 12 9 20 12 6 24 12 6 30 12 9 30
4 16 12 -9 20 14 -9 22 14 -9 30 12 -9 30
3 16 26 -9 22 30 -9 30 20 -9 30
4 16 14 -9 30 14 -9 22 26 -9 22 20 -9 30
4 16 14 9 18 12 9 20 12 9 30 14 9 22
4 16 26 9 22 14 9 22 20 9 30 30 9 30
3 16 14 9 30 20 9 30 14 9 22
3 16 14 9 22 12 9 30 14 9 30
4 16 30 9 18 26 9 18 26 9 22 30 9 30

1 16 0 -10 50 0 0 9 0 20 0 9 0 0 1-8cylo.dat
1 16 0 -10 50 0 0 9 0 20 0 -9 0 0 1-8cylo.dat
1 16 0 -10 50 0 0 3 0 1 0 3 0 0 1-8ring2.dat
1 16 0 -10 50 0 0 3 0 1 0 -3 0 0 1-8ring2.dat
1 16 0 10 50 0 0 3 0 -1 0 3 0 0 1-8ring2.dat
1 16 0 10 50 0 0 3 0 -1 0 -3 0 0 1-8ring2.dat
0 BFC INVERTNEXT
1 16 13 -9 45 1 0 0 0 18 0 0 0 1 8/1-4cylo.dat
1 16 13 -9 45 1 0 0 0 1 0 0 0 1 8/1-4ndis.dat
1 16 13 9 45 1 0 0 0 -1 0 0 0 1 8/1-4ndis.dat
1 16 13 -9 47 7 0 0 0 18 0 0 0 7 1-4cylo.dat
1 16 13 -9 47 7 0 0 0 1 0 0 0 7 1-4chrd.dat
1 16 13 9 47 7 0 0 0 -1 0 0 0 7 1-4chrd.dat
0 BFC INVERTNEXT
1 16 11 -9 50 0 0 1 0 18 0 -1 0 0 8/2-4cylo.dat
1 16 11 -9 50 0 0 1 0 1 0 -1 0 0 8/2-4ndis.dat
1 16 11 9 50 0 0 1 0 -1 0 -1 0 0 8/2-4ndis.dat

2 24 20 -9 30 20 -9 47
2 24 14 -9 30 14 -9 45
2 24 14 9 30 14 9 45
2 24 20 9 30 20 9 47
4 16 20 9 30 14 9 30 14 9 46 20 9 47
4 16 20 9 39 20 9 47 20 -9 47 20 -9 39
4 16 20 -9 30 20 -9 47 14 -9 46 14 -9 30
4 16 13 -9 46 14 -9 46 20 -9 47 13 -9 54
4 16 20 9 47 14 9 46 13 9 46 13 9 54
4 16 14 -9 45 14 9 45 14 9 39 14 -9 39
2 24 5.8012 -10 49 8.8012 -10 49
2 24 5.8012 -10 51 8.8012 -10 51
2 24 6.3639 -10 43.6361 8.3151 -10 46.5557
2 24 6.3639 -10 56.3639 8.3151 -10 53.4443
2 24 7.9437 -9 46 8.3151 -9 46.5557
2 24 8.3151 -9 53.4443 7.9437 -9 54

3 16 7.9437 -9 46 13 -9 46 8.3151 -9 46.5557
4 16 11 -9 49 8.8012 -9 49 8.3151 -9 46.5557 13 -9 46
3 16 11 -9 49 13 -9 46 12 -9 49
4 16 12 -9 50 12 -9 49 13 -9 46 13 -9 54
3 16 13 -9 54 12 -9 51 12 -9 50
3 16 13 -9 54 7.9437 -9 54 8.3151 -9 53.4443
4 16 13 -9 54 8.3151 -9 53.4443 8.8012 -9 51 11 -9 51
3 16 11 -9 51 12 -9 51 13 -9 54
4 16 6.3639 -10 43.6361 7.9437 -9 46 8.3151 -9 46.5557 8.3151 -10 46.5557
1 16 8.5582 -9.5 47.7779 0 -1 .24305 .5 0 0 0 0 1.22215 rect3.dat
1 16 8.5582 -9.5 52.2222 0 -1 .24305 -.5 0 0 0 0 -1.22215 rect3.dat
4 16 6.3639 -10 56.3639 8.3151 -10 53.4443 8.3151 -9 53.4443 7.9437 -9 54
4 16 5.543 -10 52.296 8.3151 -10 53.4443 6.3639 -10 56.3639 4.2426 -10 54.2426
4 16 5.602 -10 52 5.8012 -10 51 8.8012 -10 51 8.3151 -10 53.4443
3 16 8.3151 -10 53.4443 5.543 -10 52.296 5.602 -10 52
3 16 5.602 -10 48 5.543 -10 47.704 8.3151 -10 46.5557
4 16 5.8012 -10 49 5.602 -10 48 8.3151 -10 46.5557 8.8012 -10 49
4 16 6.3639 -10 43.6361 8.3151 -10 46.5557 5.543 -10 47.704 4.2426 -10 45.7574
3 16 8.8012 -10 51 5.8012 -10 51 8.8012 -9 51
3 16 5.8012 -10 49 8.8012 -10 49 8.8012 -9 49

2 24 5.8012 10 49 8.8012 10 49
2 24 5.8012 10 51 8.8012 10 51
2 24 6.3639 10 43.6361 8.3151 10 46.5557
2 24 6.3639 10 56.3639 8.3151 10 53.4443
2 24 7.9437 9 46 8.3151 9 46.5557
2 24 8.3151 9 53.4443 7.9437 9 54
3 16 13 9 46 7.9437 9 46 8.3151 9 46.5557
4 16 8.3151 9 46.5557 8.8012 9 49 11 9 49 13 9 46
3 16 13 9 46 11 9 49 12 9 49
4 16 12 9 50 12 9 51 13 9 54 13 9 46
3 16 13 9 46 12 9 49 12 9 50
3 16 7.9437 9 54 13 9 54 8.3151 9 53.4443
4 16 8.8012 9 51 8.3151 9 53.4443 13 9 54 11 9 51
3 16 12 9 51 11 9 51 13 9 54
4 16 8.3151 9 46.5557 7.9437 9 46 6.3639 10 43.6361 8.3151 10 46.5557
1 16 8.5582 9.5 47.7779 0 -1 .24305 .5 0 0 0 0 1.22215 rect3.dat
1 16 8.5582 9.5 52.2222 0 -1 .24305 -.5 0 0 0 0 -1.22215 rect3.dat
4 16 8.3151 9 53.4443 8.3151 10 53.4443 6.3639 10 56.3639 7.9437 9 54
4 16 6.3639 10 56.3639 8.3151 10 53.4443 5.543 10 52.296 4.2426 10 54.2426
3 16 5.602 10 52 5.543 10 52.296 8.3151 10 53.4443
4 16 5.8012 10 51 5.602 10 52 8.3151 10 53.4443 8.8012 10 51
3 16 8.3151 10 46.5557 5.543 10 47.704 5.602 10 48
4 16 5.8012 10 49 8.8012 10 49 8.3151 10 46.5557 5.602 10 48
4 16 5.543 10 47.704 8.3151 10 46.5557 6.3639 10 43.6361 4.2426 10 45.7574
3 16 5.8012 10 51 8.8012 10 51 8.8012 9 51
3 16 8.8012 10 49 5.8012 10 49 8.8012 9 49
1 16 5.7016 0 51.5 0 1 .0996 10 0 0 0 0 -.5 rect.dat
4 16 8.8012 -9 51 5.8012 -10 51 5.8012 10 51 8.8012 9 51
1 16 9.9006 0 51 1.0994 0 0 0 0 -9 0 1 0 rect2p.dat
1 16 9.9006 0 49 -1.0994 0 0 0 0 -9 0 -1 0 rect2p.dat
4 16 8.8012 -9 49 8.8012 9 49 5.8012 10 49 5.8012 -10 49
1 16 5.7016 0 48.5 .0996 1 0 0 0 10 .5 0 0 rect.dat
4 16 6.3639 10 56.3639 6.3639 -10 56.3639 7.9437 -9 54 7.9437 9 54
1 16 10.4719 0 54 0 0 -2.52815 9 0 0 0 -1 0 rect3.dat
4 16 6.3639 10 43.6361 7.9437 9 46 7.9437 -9 46 6.3639 -10 43.6361
1 16 10.4719 0 46 0 0 -2.52815 -9 0 0 0 1 0 rect3.dat
2 24 30 9 30 30 9 18
2 24 10 9 18 10 9 20
4 16 30 -8 22 30 -8 30 30 -9 30 30 -9 10
4 16 30 9 18 30 9 30 30 8 30 30 8 22
4 16 10 9 20 12 9 20 14 9 18 10 9 18
3 16 10 -9 20 10 9 20 10 9 18

0 // rip cord hole
1 16 20 20 16.68 6 0 0 0 0 6 0 -1 -.72 2-4edge.dat
1 16 20 20 16.68 10 0 0 0 0 10 0 -1 -1.2 2-4edge.dat
1 16 28 14.5 17.34 -2 0 0 0 -1 -5.5 0 0 .66 rect3.dat
1 16 12 14.5 17.34 -2 0 0 0 -1 -5.5 0 0 .66 rect3.dat
1 16 20 20 16.68 6 0 0 0 0 6 0 -1 -.72 1-8tndis.dat
1 16 20 20 16.68 10 0 0 0 0 10 0 -1 -1.2 1-8chrd.dat
1 16 20 20 16.68 -6 0 0 0 0 6 0 -1 -.72 1-8tndis.dat
1 16 20 20 16.68 -10 0 0 0 0 10 0 -1 -1.2 1-8chrd.dat
1 16 20 20 16.68 0 0 -6 6 0 0 -.72 -1 0 1-8tndis.dat
1 16 20 20 16.68 0 0 -10 10 0 0 -1.2 -1 0 1-8chrd.dat
1 16 20 20 16.68 0 0 6 6 0 0 -.72 -1 0 1-8tndis.dat
1 16 20 20 16.68 0 0 10 10 0 0 -1.2 -1 0 1-8chrd.dat
4 16 30 20 16.68 27.071 27.071 15.8315 26 24.2426 16.1709 26 20 16.68
4 16 27.071 27.071 15.8315 24.2426 26 15.96 24.2426 24.2426 16.1709 26 24.2426 16.1709
4 16 20 30 15.48 20 26 15.96 24.2426 26 15.96 27.071 27.071 15.8315
4 16 20 30 15.48 12.929 27.071 15.8315 15.7574 26 15.96 20 26 15.96
4 16 12.929 27.071 15.8315 14 24.2426 16.1709 15.7574 24.2426 16.1709 15.7574 26 15.96
4 16 10 20 16.68 14 20 16.68 14 24.2426 16.1709 12.929 27.071 15.8315
0 BFC INVERTNEXT
1 16 20 20 15.96 0 0 6 6 0 0 0 .72 0 1-4cyls.dat
0 BFC INVERTNEXT
1 16 20 20 15.96 0 0 -6 6 0 0 0 .72 0 1-4cyls.dat
1 16 20 20 15.48 0 0 10 10 0 0 0 1.2 0 1-4cyls.dat
1 16 20 20 15.48 0 0 -10 10 0 0 0 1.2 0 1-4cyls.dat

0 // axle centre
1 16 30 12 0 0 -1 0 -8.31492 0 3.44415 3.44415 0 8.31492 5-16edge.dat
1 16 30 12 0 0 7 0 -8.31492 0 3.44415 3.44415 0 8.31492 5-16cyli.dat
1 16 30 12 0 0 -1 0 -8.31492 0 3.44415 3.44415 0 8.31492 1-4ndis.dat
4 16 37 21 0 37 9.5 2.7839 37 9.5 3.9158 37 19.378 3.9158
1 16 33.5 9.5 3.3499 0 0 3.5 0 -1 0 .56595 0 0 rect.dat
1 16 33.5 14.439 3.9158 -3.5 0 0 0 0 4.939 0 1 0 rect3.dat

1 16 33.5 6.5926 3.1141 3.5 0 0 0 0 -2.90745 0 1 .33015 rect2a.dat
2 24 30 -9 10 30 -9 30
2 24 26 -9 10 26 -9 22
2 24 14 -9 10 14 -9 22
2 24 10 -9 10 10 -9 20
1 16 20 -6 22 0 0 6 3 0 0 0 1 0 rect.dat
4 16 14 -3 22 14 -9 22 14 -9 10 14 6 18
1 16 20 1.5 20 -6 0 0 0 0 4.5 0 1 -2 rect3.dat
1 16 20 6 20 -6 0 0 0 -1 0 0 0 2 rect3.dat
1 16 20 7.5 22 -6 0 0 0 0 1.5 0 1 0 rect3.dat
1 16 26 7.5 20 0 1 0 1.5 0 0 0 0 -2 rect1.dat
1 16 14 7.5 20 0 -1 0 1.5 0 0 0 0 2 rect1.dat
4 16 14 6 18 14 -9 10 14 -1.5 10 14 9 18
4 16 26 -9 10 26 -9 22 26 -3 22 26 3.6851 10
4 16 30 -9 30 26 -9 22 26 -9 10 30 -9 10
1 16 28 -2.6575 10 -2 0 0 0 0 6.34255 0 1 0 rect.dat
1 16 28 3.6851 6.7221 -2 0 0 0 1 0 0 0 -3.2779 rect3.dat
4 16 12 -9 20 10 -9 20 10 -9 10 14 -9 10
1 16 12 -5.25 10 2 0 0 0 0 -3.75 0 1 0 rect.dat

4 16 10 -1.5 10 10 -9 10 10 -9 20 10 9 18
3 16 14 -9 10 14 -9 22 12 -9 20
3 16 26 3.6851 10 26 -3 22 26 6 18
4 16 10 20 15.48 10 -1.5 10 10 9 18 10 20 16.68
4 16 14 20 16.68 14 9 18 14 -1.5 10 14 20 15.96
4 16 26 20 15.96 26 3.6851 3.4442 26 9 18 26 20 16.68
4 16 26 9 18 26 3.6851 3.4442 26 3.6851 10 26 6 18
4 16 30 7.1292 11.7591 30 20 15.48 30 20 16.68 30 9 18
4 16 30 7.1292 11.7591 30 9 18 30 8 22 30 0 22
4 16 30 3.6851 10 30 7.1292 11.7591 30 0 22 30 -8 22
3 16 30 -9 10 30 3.6851 10 30 -8 22
3 16 30 3.6851 3.4442 30 7.1292 11.7591 30 3.6851 10
3 16 30 15.4442 8.3149 30 20 15.48 30 7.1292 11.7591
3 16 30 15.4442 8.3149 30 18.3642 6.3641 30 20 15.48
3 16 30 20 15.48 30 18.3642 6.3641 30 19.378 3.9158
1 16 33.5 18.871 5.1399 0 0 -3.5 .507015 -1 0 -1.224075 0 0 rect2p.dat
5 24 37 18.3639 6.3639 30 18.364 6.364 30 19.378 3.9158 30 15.4442 8.3149

2 24 26 3.6851 3.4442 26 12 2.5
0 BFC INVERTNEXT
1 16 10 12 0 0 4 0 8 0 0 0 0 8 1-4cylo.dat
1 16 10 12 0 0 1 0 8 0 0 0 0 8 1-4ndis.dat
1 16 14 12 0 0 -1 0 8 0 0 0 0 8 1-4ndis.dat
3 16 10 20 8 10 12 8 10 20 15.48
4 16 10 -1.5 8 10 -1.5 10 10 20 15.48 10 12 8
1 16 12 -1.5 9 -2 0 0 0 1 0 0 0 -1 rect3.dat
1 16 12 5.25 8 0 0 2 6.75 0 0 0 1 0 rect2p.dat

4 16 14 -1.5 10 14 -1.5 8 14 12 8 14 20 15.96
3 16 14 20 8 14 20 15.96 14 12 8
0 BFC INVERTNEXT
1 16 30 12 0 0 -4 0 2.5 0 0 0 0 2.5 1-4cylo.dat
1 16 30 12 0 0 -1 0 2.5 0 0 0 0 2.5 1-4ndis.dat
1 16 26 12 0 0 1 0 2.5 0 0 0 0 2.5 1-4ndis.dat
4 16 30 3.6851 3.4442 26 3.6851 3.4442 26 12 2.5 30 9.5 2.7839
3 16 30 12 2.5 30 9.5 2.7839 26 12 2.5
4 16 26 20 15.96 26 14.5 2.5 26 12 2.5 26 3.6851 3.4442
3 16 30 9.5 3.9158 30 9.5 2.7839 30 12 2.5
4 16 30 19.378 3.9158 30 9.5 3.9158 30 12 2.5 30 14.5 2.5
3 16 30 19.378 3.9158 30 14.5 2.5 30 14.5 0
2 24 30 9.5 2.7839 30 12 2.5
5 24 8.3151 -9 46.5557 8.3151 -10 46.5557 6.3639 -10 43.6361 8.8012 -10 49
5 24 8.3151 -10 53.4443 8.3151 -9 53.4443 6.3639 -10 56.3639 8.8012 -9 51
5 24 8.3151 10 46.5557 8.3151 9 46.5557 7.9437 9 46 8.8012 9 49
5 24 8.3151 9 53.4443 8.3151 10 53.4443 6.3639 10 56.3639 8.8012 10 51
5 24 6.3639 10 56.3639 6.3639 -10 56.3639 7.9437 -9 54 3.4443 -10 58.3151
5 24 6.3639 -10 43.6361 6.3639 10 43.6361 7.9437 9 46 3.4443 -10 41.6849
5 24 37 18.3642 6.3641 30 18.3642 6.3641 30 15.4442 8.3149 37 20.0001 3.9159
1 16 37 12 0 0 -1 0 -9 0 0 0 0 9 1-16edge.dat
1 16 37 12 0 0 1 0 -9 0 0 0 0 9 1-16chrd.dat

1 16 37 12 0 0 -1 0 9 0 0 0 0 9 1-8edge.dat
1 16 37 12 0 0 1 0 9 0 0 0 0 9 1-8chrd.dat
4 16 37 3.6849 3.4443 37 9.5 2.7839 37 21 0 37 3 0

0 FILE axlehol5.dat
0 Technic Axle Hole Open Two Opposite Sides
0 Name: axlehol5.dat
0 Author: James Jessiman
0 !LDRAW_ORG Primitive UPDATE 2022-02
0 !LICENSE Licensed under CC BY 4.0 : see CAreadme.txt

0 BFC CERTIFY CCW

0 !HISTORY 2000-04-23 [sbliss] Added conditional edges along outermost diameters
0 !HISTORY 2000-05-07 [PTadmin] Official Update 2000-01
0 !HISTORY 2002-11-08 [OrionP] Adjusted fit and precision
0 !HISTORY 2002-11-30 [PTadmin] Official Update 2002-05
0 !HISTORY 2003-03-12 [PTadmin] Official Update 2003-01
0 !HISTORY 2005-05-15 [guyvivan] Use 1-8chrd.dat primitive and made BFC'ed CCW
0 !HISTORY 2005-12-28 [PTadmin] Official Update 2005-01
0 !HISTORY 2007-06-24 [PTadmin] Header formatted for Contributor Agreement
0 !HISTORY 2008-07-01 [PTadmin] Official Update 2008-01
0 !HISTORY 2021-03-25 [Sirio] Added adapter rings and rounded to four decimals
0 !HISTORY 2021-06-20 [mkennedy] Rearranged faces to reduce polygons
0 !HISTORY 2021-12-20 [MagFors] Reshaped the hole
0 !HISTORY 2022-03-06 [PTadmin] Official Update 2022-02


1 16 0 0 0 1 0 0 0 1 0 0 0 1 axl5hol9.dat
1 16 0 1 0 1 0 0 0 1 0 0 0 1 axl5hol9.dat
1 16 0 0 0 1 0 0 0 1 0 0 0 1 axl5ho10.dat
1 16 0 1 0 1 0 0 0 -1 0 0 0 -1 axl5ho10.dat

1 16 5.80115 .5 1 0 0 -.19885 -.5 0 0 0 1 1 rect3.dat
1 16 -5.80115 .5 1 0 0 .19885 -.5 0 0 0 1 1 rect3.dat
1 16 -5.80115 .5 -1 0 0 .19885 -.5 0 0 0 -1 -1 rect3.dat
1 16 5.80115 .5 -1 0 0 -.19885 -.5 0 0 0 -1 -1 rect3.dat
5 24 6 0 0 6 1 0 5.6023 0 2 5.6023 0 -2
5 24 -6 0 0 -6 1 0 -5.6023 0 -2 -5.6023 0 2

4 16 4 1 2 5.6023 1 2 5.6023 0 2 4 0 2
4 16 4 1 2 4 0 2 2.5 0 2.5 2.5 1 2.5
4 16 2.5 1 2.5 2.5 0 2.5 2 0 4 2 1 4
4 16 2 1 4 2 0 4 2 0 5.6023 2 1 5.6023
4 16 -2 1 4 -2 1 5.6023 -2 0 5.6023 -2 0 4
4 16 -2 1 4 -2 0 4 -2.5 0 2.5 -2.5 1 2.5
4 16 -2.5 1 2.5 -2.5 0 2.5 -4 0 2 -4 1 2
4 16 -4 1 2 -4 0 2 -5.6023 0 2 -5.6023 1 2
4 16 -5.6023 1 -2 -5.6023 0 -2 -4 0 -2 -4 1 -2
4 16 -4 1 -2 -4 0 -2 -2.5 0 -2.5 -2.5 1 -2.5
4 16 -2.5 1 -2.5 -2.5 0 -2.5 -2 0 -4 -2 1 -4
4 16 -2 1 -4 -2 0 -4 -2 0 -5.6023 -2 1 -5.6023
4 16 2 1 -5.6023 2 0 -5.6023 2 0 -4 2 1 -4
4 16 2 1 -4 2 0 -4 2.5 0 -2.5 2.5 1 -2.5
4 16 2.5 1 -2.5 2.5 0 -2.5 4 0 -2 4 1 -2
4 16 4 1 -2 4 0 -2 5.6023 0 -2 5.6023 1 -2
5 24 4 1 2 4 0 2 5.6023 1 2 2.5 1 2.5
5 24 2.5 1 2.5 2.5 0 2.5 2 1 4 4 1 2
5 24 2 1 4 2 0 4 2.5 1 2.5 2 1 5.6023
5 24 -2 1 4 -2 0 4 -2 1 5.6023 -2.5 1 2.5
5 24 -2.5 1 2.5 -2.5 0 2.5 -2 1 4 -4 1 2
5 24 -4 1 2 -4 0 2 -2.5 1 2.5 -5.6023 1 2
5 24 -4 1 -2 -4 0 -2 -5.6023 1 -2 -2.5 1 -2.5
5 24 -2.5 1 -2.5 -2.5 0 -2.5 -4 1 -2 -2 1 -4
5 24 -2 1 -4 -2 0 -4 -2.5 1 -2.5 -2 1 -5.6023
5 24 2 1 -4 2 0 -4 2 1 -5.6023 2.5 1 -2.5
5 24 2.5 1 -2.5 2.5 0 -2.5 4 1 -2 2 1 -4
5 24 4 1 -2 4 0 -2 5.6023 1 -2 2.5 1 -2.5

0 // Adapter rings
1 16 0 0 0 6 0 0 0 1 0 0 0 6 1-16chrd.dat
1 16 0 0 0 -6 0 0 0 1 0 0 0 6 1-16chrd.dat
1 16 0 0 0 -6 0 0 0 1 0 0 0 -6 1-16chrd.dat
1 16 0 0 0 6 0 0 0 1 0 0 0 -6 1-16chrd.dat

1 16 0 1 0 6 0 0 0 -1 0 0 0 6 1-16chrd.dat
1 16 0 1 0 -6 0 0 0 -1 0 0 0 6 1-16chrd.dat
1 16 0 1 0 -6 0 0 0 -1 0 0 0 -6 1-16chrd.dat
1 16 0 1 0 6 0 0 0 -1 0 0 0 -6 1-16chrd.dat

0 FILE box2-7.dat
0 Box with  2 Faces without  7 Edges
0 Name: box2-7.dat
0 Author: Willy Tschager [Holly-Wood]
0 !LDRAW_ORG Primitive UPDATE 2024-01
0 !LICENSE Licensed under CC BY 4.0 : see CAreadme.txt

0 BFC CERTIFY CCW

0 !HISTORY 2009-05-02 [PTadmin] Official Update 2009-01
0 !HISTORY 2024-01-02 [Holly-Wood] Complete re-write, original by guyvivan
0 !HISTORY 2024-01-29 [OrionP] Official Update 2024-01

2 24 -1 1 -1 -1 1 1
2 24 1 1 1 1 1 -1
4 16 -1 1 1 1 1 1 1 1 -1 -1 1 -1

2 24 -1 1 1 -1 -1 1
2 24 1 1 1 1 -1 1
4 16 1 -1 1 1 1 1 -1 1 1 -1 -1 1

2 24 -1 1 1 1 1 1

0 FILE 3-4disc.dat
0 Disc 0.75
0 Name: 3-4disc.dat
0 Author: James Jessiman
0 !LDRAW_ORG Primitive UPDATE 2002-02
0 !LICENSE Licensed under CC BY 4.0 : see CAreadme.txt

0 BFC CERTIFY CCW

0 !HISTORY 2002-03-23 [sbliss] Added BFC statement
0 !HISTORY 2002-04-25 [PTadmin] Official Update 2002-02
0 !HISTORY 2007-06-24 [PTadmin] Header formatted for Contributor Agreement
0 !HISTORY 2008-07-01 [PTadmin] Official Update 2008-01


3 16 0 0 0 1 0 0 0.9239 0 0.3827
3 16 0 0 0 0.9239 0 0.3827 0.7071 0 0.7071
3 16 0 0 0 0.7071 0 0.7071 0.3827 0 0.9239
3 16 0 0 0 0.3827 0 0.9239 0 0 1
3 16 0 0 0 0 0 1 -0.3827 0 0.9239
3 16 0 0 0 -0.3827 0 0.9239 -0.7071 0 0.7071
3 16 0 0 0 -0.7071 0 0.7071 -0.9239 0 0.3827
3 16 0 0 0 -0.9239 0 0.3827 -1 0 0
3 16 0 0 0 -1 0 0 -0.9239 0 -0.3827
3 16 0 0 0 -0.9239 0 -0.3827 -0.7071 0 -0.7071
3 16 0 0 0 -0.7071 0 -0.7071 -0.3827 0 -0.9239
3 16 0 0 0 -0.3827 0 -0.9239 0 0 -1
0

0 FILE 3-16edge.dat
0 Circle 0.1875
0 Name: 3-16edge.dat
0 Author: Donald Sutter [technog]
0 !LDRAW_ORG Primitive UPDATE 2017-01
0 !LICENSE Licensed under CC BY 4.0 : see CAreadme.txt

0 BFC CERTIFY CCW

0 !HISTORY 2004-03-02 [PTadmin] Official Update 2004-01
0 !HISTORY 2007-06-24 [PTadmin] Header formatted for Contributor Agreement
0 !HISTORY 2008-07-01 [PTadmin] Official Update 2008-01
0 !HISTORY 2017-01-15 [Steffen] BFCed
0 !HISTORY 2017-12-30 [PTadmin] Official Update 2017-01


2 24 1 0 0 0.9239 0 0.3827
2 24 0.9239 0 0.3827 0.7071 0 0.7071
2 24 0.7071 0 0.7071 0.3827 0 0.9239

0 FILE 3-16cyli.dat
0 Cylinder 0.1875
0 Name: 3-16cyli.dat
0 Author: Mark Kennedy [mkennedy]
0 !LDRAW_ORG Primitive UPDATE 2005-01
0 !LICENSE Licensed under CC BY 4.0 : see CAreadme.txt

0 BFC CERTIFY CCW

0 !HISTORY 2004-03-02 [PTadmin] Official Update 2004-01
0 !HISTORY 2004-12-11 [nielsk] Recreated using Primitive Generator, Edge lines fixed, BFC changed to CCW
0 !HISTORY 2005-12-28 [PTadmin] Official Update 2005-01
0 !HISTORY 2007-06-24 [PTadmin] Header formatted for Contributor Agreement
0 !HISTORY 2008-07-01 [PTadmin] Official Update 2008-01


4 16 .9239 1 .3827 .9239 0 .3827 1 0 0 1 1 0
4 16 .7071 1 .7071 .7071 0 .7071 .9239 0 .3827 .9239 1 .3827
4 16 .3827 1 .9239 .3827 0 .9239 .7071 0 .7071 .7071 1 .7071
5 24 1 1 0 1 0 0 1 1 -.4142 .9239 1 .3827
5 24 .9239 1 .3827 .9239 0 .3827 1 1 0 .7071 1 .7071
5 24 .7071 1 .7071 .7071 0 .7071 .9239 1 .3827 .3827 1 .9239
5 24 .3827 1 .9239 .3827 0 .9239 .7071 1 .7071 0 1 1.0824
0

0 FILE 3-16chrd.dat
0 Chord 0.1875
0 Name: 3-16chrd.dat
0 Author: Niels Karsdorp [nielsk]
0 !LDRAW_ORG Primitive UPDATE 2009-01
0 !LICENSE Licensed under CC BY 4.0 : see CAreadme.txt

0 BFC CERTIFY CCW

0 !HISTORY 2009-05-02 [PTadmin] Official Update 2009-01


4 16 1 0 0 0.9239 0 0.3827 0.7071 0 0.7071 0.3827 0 0.9239
0

0 FILE 3-16cyls.dat
0 Cylinder Sloped 0.1875
0 Name: 3-16cyls.dat
0 Author: Niels Karsdorp [nielsk]
0 !LDRAW_ORG Primitive UPDATE 2009-01
0 !LICENSE Licensed under CC BY 4.0 : see CAreadme.txt

0 BFC CERTIFY CCW

0 !HISTORY 2009-05-02 [PTadmin] Official Update 2009-01


3 16 1 0 0 .9239 .0761 .3827 .9239 0 .3827
4 16 .9239 0 .3827 .9239 .0761 .3827 .7071 .2929 .7071 .7071 0 .7071
4 16 .7071 0 .7071 .7071 .2929 .7071 .3827 .6173 .9239 .3827 0 .9239
5 24 .9239 0 .3827 .9239 .0761 .3827 .7071 0 .7071 1 0 0
5 24 .7071 0 .7071 .7071 .2929 .7071 .3827 0 .9239 .9239 0 .3827
5 24 .3827 0 .9239 .3827 .6173 .9239 0 0 1.0824 .7071 0 .7071
0

0 FILE 3-16ering.dat
0 Adapter Ring Triangles to Normal 0.375
0 Name: 3-16ering.dat
0 Author: Gerald Lasser [GeraldLasser]
0 !LDRAW_ORG Primitive UPDATE 2022-01
0 !LICENSE Licensed under CC BY 4.0 : see CAreadme.txt

0 BFC CERTIFY CCW

0 !HISTORY 2022-01-14 [PTadmin] Official Update 2022-01


0 // This file uses 1-16chrd (actually empty). It allows
0 // tools to do primitives substition and fill in a ring of chrd here,
0 // or, if desired, to substitute this with the hi-res 48\1-16chrd.
0 // This file is based on an idea by Darats at http://forums.ldraw.org/read.php?19,14500,14500#msg-14500

1 16 0 0 0 1 0 0 0 1 0 0 0 1 1-16chrd.dat
1 16 0 0 0 .70711 0 -.70711 0 1 0 .70711 0 .70711 1-16chrd.dat
1 16 0 0 0 .92388 0 -.38268 0 1 0 .38268 0 .92388 1-16chrd.dat

0 FILE parts/s/11140s03.dat
0 ~Wheel Rim 26 x 7 with Rip Cord Gear Axle - Groove 1/6
0 Name: s\11140s03.dat
0 Author: Ingolf Weisheit [stahlwollschaf]
0 !LDRAW_ORG Subpart UPDATE 2014-02
0 !LICENSE Licensed under CC BY 2.0 and CC BY 4.0 : see CAreadme.txt

0 BFC CERTIFY CCW

0 !HISTORY 2014-12-23 [PTadmin] Official Update 2014-02


0 // subpart for s\11140s01.dat and u9081.dat: groove on outer radius: 1 half, 60deg
0 // origin: center of wheel

0 // inner groove: r=27.875, R=29.375, h/2=2.5

1 16 0 0 0 0 0 -27.875 -27.875 0 0 0 -2.5 0 48/1-6cyli.dat
1 16 0 0 -2.5 0 0 -27.875 -27.875 0 0 0 1 0 48/1-6edge.dat
4 16 0 -27.875 -2.5 -3.6384 -27.6365 -2.5 -3.8342 -29.1237 -2.5 0 -29.375 -2.5
4 16 -3.6384 -27.6365 -2.5 -7.2146 -26.9252 -2.5 -7.6028 -28.3741 -2.5 -3.8342 -29.1237 -2.5
4 16 -7.2146 -26.9252 -2.5 -10.6673 -25.7531 -2.5 -11.2413 -27.139 -2.5 -7.6028 -28.3741 -2.5
4 16 -10.6673 -25.7531 -2.5 -13.9375 -24.1405 -2.5 -14.6875 -25.4395 -2.5 -11.2413 -27.139 -2.5
4 16 -13.9375 -24.1405 -2.5 -16.9692 -22.1147 -2.5 -17.8824 -23.3048 -2.5 -14.6875 -25.4395 -2.5
4 16 -16.9692 -22.1147 -2.5 -19.7106 -19.7106 -2.5 -20.7713 -20.7713 -2.5 -17.8824 -23.3048 -2.5
4 16 -19.7106 -19.7106 -2.5 -22.1147 -16.9692 -2.5 -23.3048 -17.8824 -2.5 -20.7713 -20.7713 -2.5
4 16 -22.1147 -16.9692 -2.5 -24.1405 -13.9375 -2.5 -25.4395 -14.6875 -2.5 -23.3048 -17.8824 -2.5
1 16 0 0 -2.5 0 0 -29.375 -29.375 0 0 0 -1 0 48/1-6edge.dat

0 // cone to outer cylinder
0 // r=29.875, R=33.125, h=3.75
4 16 0 -29.375 -2.5 -3.8342 -29.1237 -2.5 -4.3237 -32.8416 -6.25 0 -33.125 -6.25
4 16 -3.8342 -29.1237 -2.5 -7.6028 -28.3741 -2.5 -8.5734 -31.9963 -6.25 -4.3237 -32.8416 -6.25
4 16 -7.6028 -28.3741 -2.5 -11.2413 -27.139 -2.5 -12.6764 -30.6035 -6.25 -8.5734 -31.9963 -6.25
4 16 -11.2413 -27.139 -2.5 -14.6875 -25.4395 -2.5 -16.5625 -28.6871 -6.25 -12.6764 -30.6035 -6.25
4 16 -14.6875 -25.4395 -2.5 -17.8824 -23.3048 -2.5 -20.1652 -26.2798 -6.25 -16.5625 -28.6871 -6.25
4 16 -17.8824 -23.3048 -2.5 -20.7713 -20.7713 -2.5 -23.4229 -23.4229 -6.25 -20.1652 -26.2798 -6.25
4 16 -20.7713 -20.7713 -2.5 -23.3048 -17.8824 -2.5 -26.2798 -20.1652 -6.25 -23.4229 -23.4229 -6.25
4 16 -23.3048 -17.8824 -2.5 -25.4395 -14.6875 -2.5 -28.6871 -16.5625 -6.25 -26.2798 -20.1652 -6.25
5 24 0 -33.125 -6.25 0 -29.375 -2.5 -4.3237 -32.8416 -6.25 4.3237 -32.8416 -6.25
5 24 -4.3237 -32.8416 -6.25 -3.8342 -29.1237 -2.5 -8.5734 -31.9963 -6.25 0 -33.125 -6.25
5 24 -8.5734 -31.9963 -6.25 -7.6028 -28.3741 -2.5 -12.6764 -30.6035 -6.25 -4.3237 -32.8416 -6.25
5 24 -12.6764 -30.6035 -6.25 -11.2413 -27.139 -2.5 -16.5625 -28.6871 -6.25 -8.5734 -31.9963 -6.25
5 24 -16.5625 -28.6871 -6.25 -14.6875 -25.4395 -2.5 -20.1652 -26.2798 -6.25 -12.6764 -30.6035 -6.25
5 24 -20.1652 -26.2798 -6.25 -17.8824 -23.3048 -2.5 -23.4229 -23.4229 -6.25 -16.5625 -28.6871 -6.25
5 24 -23.4229 -23.4229 -6.25 -20.7713 -20.7713 -2.5 -26.2798 -20.1652 -6.25 -20.1652 -26.2798 -6.25
5 24 -26.2798 -20.1652 -6.25 -23.3048 -17.8824 -2.5 -28.6871 -16.5625 -6.25 -23.4229 -23.4229 -6.25
5 24 -28.6871 -16.5625 -6.25 -25.4395 -14.6875 -2.5 -26.2798 -20.1652 -6.25 -30.4917 -12.943 -6.25

0 // outer cylinder, r=33.125
1 16 0 0 -8.75 0 0 -33.125 -33.125 0 0 0 2.5 0 48/1-6cylo.dat

0 FILE parts/s/11140s02.dat
0 ~Wheel Rim 26 x 7 with Rip Cord Gear Axle - Gear Tooth 9 Half
0 Name: s\11140s02.dat
0 Author: Ingolf Weisheit [stahlwollschaf]
0 !LDRAW_ORG Subpart UPDATE 2014-02
0 !LICENSE Licensed under CC BY 2.0 and CC BY 4.0 : see CAreadme.txt

0 BFC CERTIFY CCW

0 !HISTORY 2014-12-23 [PTadmin] Official Update 2014-02


0 // subpart for s\11140s01.dat: gear tooth 9 - one half of one tooth (20 deg)
0 // origin: center of wheel

0 // edge lines

2 24 -0.3635 -6.9359 -12.75 -2.3941 -6.5778 -12.75
2 24 -1.6246 -4.4635 -15.25 -1.3779 -4.507 -15.25
2 24 -1.6246 -4.4635 -24 -1.3779 -4.507 -24
2 24 -0.3635 -6.9359 -12.75 -0.3635 -6.9359 -23
2 24 -0.3635 -6.9359 -12.75 -1.3779 -4.507 -15.25
2 24 -1.3779 -4.507 -15.25 -1.3779 -4.507 -24
2 24 -0.3635 -6.9359 -23 -0.8144 -5.8564 -24
2 24 -0.8144 -5.8564 -24 -1.3779 -4.507 -24
2 24 0 -7 -23 -0.3635 -6.9359 -23
2 24 -0.8144 -5.8564 -24 0 -6 -24

0 // tooth tip at r=7
4 16 0 -7 -12.75 -0.3635 -6.9359 -12.75 -0.3635 -6.9359 -23 0 -7 -23
5 24 0 -7 -12.75 0 -7 -23 -2.3941 -6.5778 -12.75 2.3941 -6.5778 -12.75

0 // tooth root at r=4.75
4 16 -1.3779 -4.507 -15.25 -1.6246 -4.4635 -15.25 -1.6246 -4.4635 -24 -1.3779 -4.507 -24
5 24 -1.6246 -4.4635 -15.25 -1.6246 -4.4635 -24 0 -4.75 -15.25 -3.0532 -3.6387 -15.25

0 // tooth flank
4 16 -1.3779 -4.507 -15.25 -1.3779 -4.507 -24 -0.3635 -6.9359 -23 -0.3635 -6.9359 -12.75
3 16 -1.3779 -4.507 -24 -0.8144 -5.8564 -24 -0.3635 -6.9359 -23

0 // beginn of tooth at z=-12.75
4 16 -0.3635 -6.9359 -12.75 -2.3941 -6.5778 -12.75 -1.6246 -4.4635 -15.25 -1.3779 -4.507 -15.25
5 24 -2.3941 -6.5778 -12.75 -1.6246 -4.4635 -15.25 0 -7 -12.75 -4.4995 -5.3623 -12.75

0 // end of tooth at z=-24
4 16 0 -7 -23 -0.3635 -6.9359 -23 -0.8144 -5.8564 -24 0 -6 -24
5 24 0 -7 -23 0 -6 -24 -2.3941 -6.5778 -23 2.3941 -6.5778 -23
4 16 0 -6 -24 -0.8144 -5.8564 -24 -1.3779 -4.507 -24 0 -4.75 -24

0 FILE p/48/1-24con7.dat
0 Hi-Res Cone  7 x 0.0417
0 Name: 48\1-24con7.dat
0 Author: Philippe Hurbain [Philo]
0 !LDRAW_ORG 48_Primitive UPDATE 2012-01
0 !LICENSE Licensed under CC BY 4.0 : see CAreadme.txt

0 BFC CERTIFY CCW

0 !HISTORY 2012-03-30 [PTadmin] Official Update 2012-01


4 16 7 1 0 6.9398 1 0.9135 7.9312 0 1.044 8 0 0
4 16 6.9398 1 0.9135 6.7613 1 1.8116 7.7272 0 2.0704 7.9312 0 1.044
5 24 7 1 0 8 0 0 6.9398 1 -0.9135 6.9398 1 0.9135
5 24 6.9398 1 0.9135 7.9312 0 1.044 7 1 0 6.7613 1 1.8116
5 24 6.7613 1 1.8116 7.7272 0 2.0704 6.9398 1 0.9135 6.4673 1 2.6789

0 FILE p/48/1-12edge.dat
0 Hi-Res Circle 0.0833
0 Name: 48\1-12edge.dat
0 Author: Willy Tschager [Holly-Wood]
0 !LDRAW_ORG 48_Primitive UPDATE 2024-01
0 !LICENSE Licensed under CC BY 4.0 : see CAreadme.txt

0 BFC CERTIFY CCW

0 !HISTORY 2009-05-02 [PTadmin] Official Update 2009-01
0 !HISTORY 2024-01-07 [Holly-Wood] Complete regeneration, original by westrate
0 !HISTORY 2024-01-29 [OrionP] Official Update 2024-01

2 24 1 0 0 0.9914 0 0.1305
2 24 0.9914 0 0.1305 0.9659 0 0.2588
2 24 0.9659 0 0.2588 0.9239 0 0.3827
2 24 0.9239 0 0.3827 0.866 0 0.5
0 // Build by LDPartEditor (PrimGen 2.X)

0 FILE p/48/1-12ring4.dat
0 Hi-Res Ring  4 x 0.0833
0 Name: 48\1-12ring4.dat
0 Author: Max Martin Richter [MMR1988]
0 !LDRAW_ORG 48_Primitive UPDATE 2014-02
0 !LICENSE Licensed under CC BY 4.0 : see CAreadme.txt

0 BFC CERTIFY CCW

0 !HISTORY 2014-12-23 [PTadmin] Official Update 2014-02


4 16 5 0 0 4.957 0 0.6525 3.9656 0 0.522 4 0 0
4 16 4.957 0 0.6525 4.8295 0 1.294 3.8636 0 1.0352 3.9656 0 0.522
4 16 4.8295 0 1.294 4.6195 0 1.9135 3.6956 0 1.5308 3.8636 0 1.0352
4 16 4.6195 0 1.9135 4.33 0 2.5 3.464 0 2 3.6956 0 1.5308
0 // Build by Primitive Generator 2

0 FILE p/48/1-12cylo.dat
0 Hi-Res Cylinder Open 0.0833
0 Name: 48\1-12cylo.dat
0 Author: Max Martin Richter [MMR1988]
0 !LDRAW_ORG 48_Primitive UPDATE 2013-01
0 !LICENSE Licensed under CC BY 4.0 : see CAreadme.txt

0 BFC CERTIFY CCW

0 !HISTORY 2013-07-21 [PTadmin] Official Update 2013-01


1 16 0 0 0 1 0 0 0 1 0 0 0 1 48/1-12edge.dat
1 16 0 1 0 1 0 0 0 1 0 0 0 1 48/1-12edge.dat
1 16 0 0 0 1 0 0 0 1 0 0 0 1 48/1-12cyli.dat

0 FILE p/48/1-12ring8.dat
0 Hi-Res Ring  8 x 0.0833
0 Name: 48\1-12ring8.dat
0 Author: Philippe Hurbain [Philo]
0 !LDRAW_ORG 48_Primitive UPDATE 2024-02
0 !LICENSE Licensed under CC BY 4.0 : see CAreadme.txt

0 BFC CERTIFY CCW

0 !HISTORY 2012-03-30 [PTadmin] Official Update 2012-01
0 !HISTORY 2024-03-23 [OrionP] Moved from 48\1-12rin8.dat
0 !HISTORY 2024-03-24 [OrionP] Official Update 2024-02

4 16 8 0 0 9 0 0 8.9226 0 1.1745 7.9312 0 1.044
4 16 7.9312 0 1.044 8.9226 0 1.1745 8.6931 0 2.3292 7.7272 0 2.0704
4 16 7.7272 0 2.0704 8.6931 0 2.3292 8.3151 0 3.4443 7.3912 0 3.0616
4 16 7.3912 0 3.0616 8.3151 0 3.4443 7.794 0 4.5 6.928 0 4

0 FILE 2-4ring8.dat
0 Ring  8 x 0.5
0 Name: 2-4ring8.dat
0 Author: Willy Tschager [Holly-Wood]
0 !LDRAW_ORG Primitive UPDATE 2024-01
0 !LICENSE Licensed under CC BY 4.0 : see CAreadme.txt

0 BFC CERTIFY CCW

0 !HISTORY 2009-05-02 [PTadmin] Official Update 2009-01
0 !HISTORY 2024-01-07 [Holly-Wood] Complete regeneration, original by jriley
0 !HISTORY 2024-01-29 [OrionP] Official Update 2024-01

4 16 9 0 0 8.3151 0 3.4443 7.3912 0 3.0616 8 0 0
4 16 8.3151 0 3.4443 6.3639 0 6.3639 5.6568 0 5.6568 7.3912 0 3.0616
4 16 6.3639 0 6.3639 3.4443 0 8.3151 3.0616 0 7.3912 5.6568 0 5.6568
4 16 3.4443 0 8.3151 0 0 9 0 0 8 3.0616 0 7.3912
4 16 0 0 9 -3.4443 0 8.3151 -3.0616 0 7.3912 0 0 8
4 16 -3.4443 0 8.3151 -6.3639 0 6.3639 -5.6568 0 5.6568 -3.0616 0 7.3912
4 16 -6.3639 0 6.3639 -8.3151 0 3.4443 -7.3912 0 3.0616 -5.6568 0 5.6568
4 16 -8.3151 0 3.4443 -9 0 0 -8 0 0 -7.3912 0 3.0616
0 // Build by LDPartEditor (PrimGen 2.X)

0 FILE 1-8ring2.dat
0 Ring  2 x 0.125
0 Name: 1-8ring2.dat
0 Author: Willy Tschager [Holly-Wood]
0 !LDRAW_ORG Primitive UPDATE 2024-01
0 !LICENSE Licensed under CC BY 4.0 : see CAreadme.txt

0 BFC CERTIFY CCW

0 !HISTORY 2004-11-06 [PTadmin] Official Update 2004-04
0 !HISTORY 2007-06-22 [PTadmin] Header formatted for Contributor Agreement
0 !HISTORY 2008-07-01 [PTadmin] Official Update 2008-01
0 !HISTORY 2012-02-16 [Philo] Changed to CCW
0 !HISTORY 2012-03-30 [PTadmin] Official Update 2012-01
0 !HISTORY 2024-01-16 [Holly-Wood] Complete regeneration, original by guyvivan
0 !HISTORY 2024-01-29 [OrionP] Official Update 2024-01

4 16 3 0 0 2.7717 0 1.1481 1.8478 0 0.7654 2 0 0
4 16 2.7717 0 1.1481 2.1213 0 2.1213 1.4142 0 1.4142 1.8478 0 0.7654
0 // Build by LDPartEditor (PrimGen 2.X)

0 FILE p/8/1-4cylo.dat
0 Lo-Res Cylinder Open 0.25
0 Name: 8\1-4cylo.dat
0 Author: Magnus Forsberg [MagFors]
0 !LDRAW_ORG 8_Primitive UPDATE 2018-02
0 !LICENSE Licensed under CC BY 4.0 : see CAreadme.txt

0 BFC CERTIFY CCW

0 !HISTORY 2018-12-08 [PTadmin] Official Update 2018-02


1 16 0 0 0 1 0 0 0 1 0 0 0 1 8/1-4edge.dat
1 16 0 0 0 1 0 0 0 1 0 0 0 1 8/1-4cyli.dat
1 16 0 1 0 1 0 0 0 1 0 0 0 1 8/1-4edge.dat

0 FILE p/8/1-4ndis.dat
0 Lo-Res Disc Negative 0.25
0 Name: 8\1-4ndis.dat
0 Author: Magnus Forsberg [MagFors]
0 !LDRAW_ORG 8_Primitive UPDATE 2018-02
0 !LICENSE Licensed under CC BY 4.0 : see CAreadme.txt

0 BFC CERTIFY CCW

0 !HISTORY 2018-12-08 [PTadmin] Official Update 2018-02


3 16 1 0 1 0.7071 0 0.7071 1 0 0
3 16 1 0 1 0 0 1 0.7071 0 0.7071
0 // Build by Primitive Generator 2

0 FILE p/8/2-4cylo.dat
0 Cylinder Open 0.5
0 Name: 8\2-4cylo.dat
0 Author: Magnus Forsberg [MagFors]
0 !LDRAW_ORG 8_Primitive UPDATE 2017-01
0 !LICENSE Licensed under CC BY 4.0 : see CAreadme.txt

0 BFC CERTIFY CCW

0 !HISTORY 2017-12-30 [PTadmin] Official Update 2017-01


1 16 0 0 0 1 0 0 0 1 0 0 0 1 8/2-4edge.dat
1 16 0 0 0 1 0 0 0 1 0 0 0 1 8/2-4cyli.dat
1 16 0 1 0 1 0 0 0 1 0 0 0 1 8/2-4edge.dat

0 FILE p/8/2-4ndis.dat
0 Lo-Res Disc Negative 0.5
0 Name: 8\2-4ndis.dat
0 Author: Magnus Forsberg [MagFors]
0 !LDRAW_ORG 8_Primitive UPDATE 2018-02
0 !LICENSE Licensed under CC BY 4.0 : see CAreadme.txt

0 BFC CERTIFY CCW

0 !HISTORY 2018-12-08 [PTadmin] Official Update 2018-02


3 16 1 0 1 0.7071 0 0.7071 1 0 0
3 16 1 0 1 0 0 1 0.7071 0 0.7071
3 16 -1 0 1 -0.7071 0 0.7071 0 0 1
3 16 -1 0 1 -1 0 0 -0.7071 0 0.7071
0 // Build by Primitive Generator 2

0 FILE 1-4cyls.dat
0 Cylinder Sloped 0.25
0 Name: 1-4cyls.dat
0 Author: James Jessiman
0 !LDRAW_ORG Primitive UPDATE 2012-01
0 !LICENSE Licensed under CC BY 4.0 : see CAreadme.txt

0 BFC CERTIFY CCW

0 !HISTORY 1998-12-15 [PTadmin] Official Update 1998-10
0 !HISTORY 2002-07-03 [sbliss] Added BFC statement
0 !HISTORY 2002-08-18 [PTadmin] Official Update 2002-04
0 !HISTORY 2007-06-22 [PTadmin] Header formatted for Contributor Agreement
0 !HISTORY 2008-07-01 [PTadmin] Official Update 2008-01
0 !HISTORY 2012-02-16 [Philo] Changed to CCW
0 !HISTORY 2012-03-30 [PTadmin] Official Update 2012-01


3 16 0.9239 0.0761 0.3827 0.9239 0 0.3827 1 0 0
4 16 0.9239 0.0761 0.3827 0.7071 0.2929 0.7071 0.7071 0 0.7071 0.9239 0 0.3827
4 16 0.7071 0.2929 0.7071 0.3827 0.6173 0.9239 0.3827 0 0.9239 0.7071 0 0.7071
4 16 0.3827 0.6173 0.9239 0 1 1 0 0 1 0.3827 0 0.9239

5 24 0.9239 0 0.3827 0.9239 0.0761 0.3827 0.7071 0 0.7071 1 0 0
5 24 0.7071 0 0.7071 0.7071 0.2929 0.7071 0.3827 0 0.9239 0.9239 0 0.3827
5 24 0.3827 0 0.9239 0.3827 0.6173 0.9239 0 0 1 0.7071 0 0.7071
5 24 0 0 1 0 1 1 0.3827 0 0.9239 -1 0 1

0 FILE 5-16edge.dat
0 Circle 0.3125
0 Name: 5-16edge.dat
0 Author: Philippe Hurbain [Philo]
0 !LDRAW_ORG Primitive UPDATE 2009-03
0 !LICENSE Licensed under CC BY 4.0 : see CAreadme.txt

0 BFC CERTIFY CCW

0 !HISTORY 2009-12-29 [PTadmin] Official Update 2009-03


2 24 1 0 0 0.9239 0 0.3827
2 24 0.9239 0 0.3827 0.7071 0 0.7071
2 24 0.7071 0 0.7071 0.3827 0 0.9239
2 24 0.3827 0 0.9239 0 0 1
2 24 0 0 1 -0.3827 0 0.9239

0 // end of file

0 FILE 5-16cyli.dat
0 Cylinder 0.3125
0 Name: 5-16cyli.dat
0 Author: Philippe Hurbain [Philo]
0 !LDRAW_ORG Primitive UPDATE 2009-03
0 !LICENSE Licensed under CC BY 4.0 : see CAreadme.txt

0 BFC CERTIFY CCW

0 !HISTORY 2009-12-29 [PTadmin] Official Update 2009-03


4 16 0.9239 0 0.3827 1 0 0 1 1 0 0.9239 1 0.3827
4 16 0.7071 0 0.7071 0.9239 0 0.3827 0.9239 1 0.3827 0.7071 1 0.7071
4 16 0.3827 0 0.9239 0.7071 0 0.7071 0.7071 1 0.7071 0.3827 1 0.9239
4 16 0 0 1 0.3827 0 0.9239 0.3827 1 0.9239 0 1 1
4 16 -0.3827 0 0.9239 0 0 1 0 1 1 -0.3827 1 0.9239

0 // conditional lines
5 24 1 1 0 1 0 0 1 1 -0.4142 0.9239 1 0.3827
5 24 0.9239 1 0.3827 0.9239 0 0.3827 1 1 0 0.7071 1 0.7071
5 24 0.7071 1 0.7071 0.7071 0 0.7071 0.9239 1 0.3827 0.3827 1 0.9239
5 24 0.3827 1 0.9239 0.3827 0 0.9239 0.7071 1 0.7071 0 1 1
5 24 0 1 1 0 0 1 0.3827 1 0.9239 -0.3827 1 0.9239
5 24 -0.3827 1 0.9239 -0.3827 0 0.9239 0 1 1 -0.7654 1 0.7654

0 // end of file

0 FILE 1-16edge.dat
0 Circle 0.0625
0 Name: 1-16edge.dat
0 Author: Marc Klein [marckl]
0 !LDRAW_ORG Primitive UPDATE 2017-01
0 !LICENSE Licensed under CC BY 4.0 : see CAreadme.txt

0 BFC CERTIFY CCW

0 !HISTORY 2004-03-02 [PTadmin] Official Update 2004-01
0 !HISTORY 2007-06-22 [PTadmin] Header formatted for Contributor Agreement
0 !HISTORY 2008-07-01 [PTadmin] Official Update 2008-01
0 !HISTORY 2017-01-15 [Steffen] BFCed
0 !HISTORY 2017-12-30 [PTadmin] Official Update 2017-01


2 24 1 0 0 0.9239 0 0.3827

0 FILE p/48/1-6cyli.dat
0 Hi-Res Cylinder 0.1667
0 Name: 48\1-6cyli.dat
0 Author: Mark Kennedy [mkennedy]
0 !LDRAW_ORG 48_Primitive UPDATE 2015-01
0 !LICENSE Licensed under CC BY 4.0 : see CAreadme.txt

0 BFC CERTIFY CCW

0 !HISTORY 2004-11-06 [PTadmin] Official Update 2004-04
0 !HISTORY 2007-06-24 [PTadmin] Header formatted for Contributor Agreement
0 !HISTORY 2008-07-01 [PTadmin] Official Update 2008-01
0 !HISTORY 2012-02-27 [Philo] Changed to CCW
0 !HISTORY 2012-08-09 [PTadmin] Official Update 2012-02
0 !HISTORY 2015-09-14 [MagFors] Recreated cond-lines
0 !HISTORY 2015-10-11 [PTadmin] Official Update 2015-01


4 16 0.9914 0 0.1305 1 0 0 1 1 0 0.9914 1 0.1305
4 16 0.9659 0 0.2588 0.9914 0 0.1305 0.9914 1 0.1305 0.9659 1 0.2588
4 16 0.9239 0 0.3827 0.9659 0 0.2588 0.9659 1 0.2588 0.9239 1 0.3827
4 16 0.866 0 0.5 0.9239 0 0.3827 0.9239 1 0.3827 0.866 1 0.5
4 16 0.7934 0 0.6088 0.866 0 0.5 0.866 1 0.5 0.7934 1 0.6088
4 16 0.7071 0 0.7071 0.7934 0 0.6088 0.7934 1 0.6088 0.7071 1 0.7071
4 16 0.6088 0 0.7934 0.7071 0 0.7071 0.7071 1 0.7071 0.6088 1 0.7934
4 16 0.5 0 0.866 0.6088 0 0.7934 0.6088 1 0.7934 0.5 1 0.866
0 // conditional lines
5 24 1 1 0 1 0 0 1 1 -0.1317 0.9914 1 0.1305
5 24 0.9914 1 0.1305 0.9914 0 0.1305 1 1 0 0.9659 1 0.2588
5 24 0.9659 1 0.2588 0.9659 0 0.2588 0.9914 1 0.1305 0.9239 1 0.3827
5 24 0.9239 1 0.3827 0.9239 0 0.3827 0.9659 1 0.2588 0.866 1 0.5
5 24 0.866 1 0.5 0.866 0 0.5 0.9239 1 0.3827 0.7934 1 0.6088
5 24 0.7934 1 0.6088 0.7934 0 0.6088 0.866 1 0.5 0.7071 1 0.7071
5 24 0.7071 1 0.7071 0.7071 0 0.7071 0.7934 1 0.6088 0.6088 1 0.7934
5 24 0.6088 1 0.7934 0.6088 0 0.7934 0.7071 1 0.7071 0.5 1 0.866
5 24 0.5 1 0.866 0.5 0 0.866 0.6088 1 0.7934 0.386 1 0.9319
0 // Build by Primitive Generator 2

0 FILE p/48/1-6edge.dat
0 Hi-Res Circle 0.1667
0 Name: 48\1-6edge.dat
0 Author: Mark Kennedy [mkennedy]
0 !LDRAW_ORG 48_Primitive UPDATE 2012-01
0 !LICENSE Licensed under CC BY 4.0 : see CAreadme.txt

0 BFC CERTIFY CCW

0 !HISTORY 2004-11-06 [PTadmin] Official Update 2004-04
0 !HISTORY 2007-06-24 [PTadmin] Header formatted for Contributor Agreement
0 !HISTORY 2008-07-01 [PTadmin] Official Update 2008-01
0 !HISTORY 2012-01-15 [MagFors] title changed from Edge to Circle
0 !HISTORY 2012-03-30 [PTadmin] Official Update 2012-01


2 24 1 0 0 0.9914 0 0.1305
2 24 0.9914 0 0.1305 0.9659 0 0.2588
2 24 0.9659 0 0.2588 0.9239 0 0.3827
2 24 0.9239 0 0.3827 0.8660 0 0.5
2 24 0.8660 0 0.5 0.7934 0 0.6088
2 24 0.7934 0 0.6088 0.7071 0 0.7071
2 24 0.7071 0 0.7071 0.6088 0 0.7934
2 24 0.6088 0 0.7934 0.5 0 0.8660

0 FILE p/48/1-6cylo.dat
0 Hi-Res Cylinder Open 0.1667
0 Name: 48\1-6cylo.dat
0 Author: Max Martin Richter [MMR1988]
0 !LDRAW_ORG 48_Primitive UPDATE 2014-02
0 !LICENSE Licensed under CC BY 4.0 : see CAreadme.txt

0 BFC CERTIFY CCW

0 !HISTORY 2014-12-23 [PTadmin] Official Update 2014-02


1 16 0 0 0 1 0 0 0 1 0 0 0 1 48/1-6edge.dat
1 16 0 1 0 1 0 0 0 1 0 0 0 1 48/1-6edge.dat
1 16 0 0 0 1 0 0 0 1 0 0 0 1 48/1-6cyli.dat

0 FILE p/48/1-12cyli.dat
0 Hi-Res Cylinder 0.0833
0 Name: 48\1-12cyli.dat
0 Author: Willy Tschager [Holly-Wood]
0 !LDRAW_ORG 48_Primitive UPDATE 2024-01
0 !LICENSE Licensed under CC BY 4.0 : see CAreadme.txt

0 BFC CERTIFY CCW

0 !HISTORY 2009-05-02 [PTadmin] Official Update 2009-01
0 !HISTORY 2024-01-08 [Holly-Wood] Complete regeneration, original by westrate
0 !HISTORY 2024-01-29 [OrionP] Official Update 2024-01

4 16 0.9914 0 0.1305 1 0 0 1 1 0 0.9914 1 0.1305
4 16 0.9659 0 0.2588 0.9914 0 0.1305 0.9914 1 0.1305 0.9659 1 0.2588
4 16 0.9239 0 0.3827 0.9659 0 0.2588 0.9659 1 0.2588 0.9239 1 0.3827
4 16 0.866 0 0.5 0.9239 0 0.3827 0.9239 1 0.3827 0.866 1 0.5
0 // conditional lines
5 24 1 1 0 1 0 0 1 1 -0.1317 0.9914 1 0.1305
5 24 0.9914 1 0.1305 0.9914 0 0.1305 1 1 0 0.9659 1 0.2588
5 24 0.9659 1 0.2588 0.9659 0 0.2588 0.9914 1 0.1305 0.9239 1 0.3827
5 24 0.9239 1 0.3827 0.9239 0 0.3827 0.9659 1 0.2588 0.866 1 0.5
5 24 0.866 1 0.5 0.866 0 0.5 0.9239 1 0.3827 0.8002 1 0.614
0 // Build by LDPartEditor (PrimGen 2.X)

0 FILE p/8/1-4edge.dat
0 Circle 0.25
0 Name: 8\1-4edge.dat
0 Author: Philippe Hurbain [Philo]
0 !LDRAW_ORG 8_Primitive UPDATE 2016-01
0 !LICENSE Licensed under CC BY 4.0 : see CAreadme.txt

0 BFC CERTIFY CCW

0 !HISTORY 2016-12-31 [PTadmin] Official Update 2016-01


2 24 1 0 0 0.7071 0 0.7071
2 24 0.7071 0 0.7071 0 0 1
0 // Build by Primitive Generator 2

0 FILE p/8/1-4cyli.dat
0 Cylinder 0.25
0 Name: 8\1-4cyli.dat
0 Author: Philippe Hurbain [Philo]
0 !LDRAW_ORG 8_Primitive UPDATE 2016-01
0 !LICENSE Licensed under CC BY 4.0 : see CAreadme.txt

0 BFC CERTIFY CCW

0 !HISTORY 2016-12-31 [PTadmin] Official Update 2016-01


4 16 0.7071 0 0.7071 1 0 0 1 1 0 0.7071 1 0.7071
4 16 0 0 1 0.7071 0 0.7071 0.7071 1 0.7071 0 1 1
0 // conditional lines
5 24 1 1 0 1 0 0 1 1 -1 0.7071 1 0.7071
5 24 0.7071 1 0.7071 0.7071 0 0.7071 1 1 0 0 1 1
5 24 0 1 1 0 0 1 0.7071 1 0.7071 -1 1 1
0 // Build by Primitive Generator 2

0 FILE p/8/2-4edge.dat
0 Circle 0.5
0 Name: 8\2-4edge.dat
0 Author: Philippe Hurbain [Philo]
0 !LDRAW_ORG 8_Primitive UPDATE 2016-01
0 !LICENSE Licensed under CC BY 4.0 : see CAreadme.txt

0 BFC CERTIFY CCW

0 !HISTORY 2016-12-31 [PTadmin] Official Update 2016-01


2 24 1 0 0 0.7071 0 0.7071
2 24 0.7071 0 0.7071 0 0 1
2 24 0 0 1 -0.7071 0 0.7071
2 24 -0.7071 0 0.7071 -1 0 0
0 // Build by Primitive Generator 2

0 FILE p/8/2-4cyli.dat
0 Cylinder 0.5
0 Name: 8\2-4cyli.dat
0 Author: Philippe Hurbain [Philo]
0 !LDRAW_ORG 8_Primitive UPDATE 2016-01
0 !LICENSE Licensed under CC BY 4.0 : see CAreadme.txt

0 BFC CERTIFY CCW

0 !HISTORY 2016-12-31 [PTadmin] Official Update 2016-01


4 16 0.7071 0 0.7071 1 0 0 1 1 0 0.7071 1 0.7071
4 16 0 0 1 0.7071 0 0.7071 0.7071 1 0.7071 0 1 1
4 16 -0.7071 0 0.7071 0 0 1 0 1 1 -0.7071 1 0.7071
4 16 -1 0 0 -0.7071 0 0.7071 -0.7071 1 0.7071 -1 1 0
0 // conditional lines
5 24 1 1 0 1 0 0 1 1 -1 0.7071 1 0.7071
5 24 0.7071 1 0.7071 0.7071 0 0.7071 1 1 0 0 1 1
5 24 0 1 1 0 0 1 0.7071 1 0.7071 -0.7071 1 0.7071
5 24 -0.7071 1 0.7071 -0.7071 0 0.7071 0 1 1 -1 1 0
5 24 -1 1 0 -1 0 0 -0.7071 1 0.7071 -1 1 -1
0 // Build by Primitive Generator 2
