0 FILE supermarket.mpd
0 The Supermarket
0 Name: supermarket.mpd
0 Author: word to world, tools/model.js
0 !LDRAW_ORG Unofficial_Model
0 !LICENSE Redistributable under CCAL version 2.0 : see CAreadme.txt

0 // The whole Springfield supermarket for The List: white walls with a red band, shop windows and a wide entrance; four checkout lanes with belts, registers and lane lights; produce tables heaped with fruit; ten aisles of gondolas with end caps and signs; a bakery, a deli case, a dairy cooler wall with glass doors, chest freezers; carts inside and in the corral outside, lamp posts and the pylon.
0 // 5850 pieces, 831 steps, 835 pages, 12178 stud joints, 0 weak, 0 unsupported
0 !MODEL SHEET {"pieces":5850,"steps":831,"pages":835,"joints":12178,"weak":0,"unsupported":0,"floating":0,"blocked":0,"errors":0,"unknown":0}
0 // inventory: 864 round brick 1×1 orange; 810 plate 2×2 orange; 439 brick 1×2 white; 360 plate 1×4 orange; 316 brick 1×8 white; 288 plate 2×4 light grey; 236 plate 1×2 light grey; 214 plate 2×4 white; 209 plate 1×2 white; 180 plate 1×2 orange; 142 brick 1×2 dark grey; 127 brick 2×2 tan

0 // step 1: pavement: 10 pieces at plate 0
1 71 40 -8 -60 0 0 -1 0 1 0 1 0 0 parts/3032.dat
1 71 100 -8 -10 1 0 0 0 1 0 0 0 1 parts/3023.dat
1 71 140 -8 -10 1 0 0 0 1 0 0 0 1 parts/3023.dat
1 71 180 -8 -20 1 0 0 0 1 0 0 0 1 parts/3022.dat
1 71 220 -8 -10 1 0 0 0 1 0 0 0 1 parts/3023.dat
1 71 260 -8 -10 1 0 0 0 1 0 0 0 1 parts/3023.dat
1 71 340 -8 -40 1 0 0 0 1 0 0 0 1 parts/3032.dat
1 71 460 -8 -40 1 0 0 0 1 0 0 0 1 parts/3032.dat
1 71 560 -8 -60 0 0 -1 0 1 0 1 0 0 parts/3032.dat
1 71 640 -8 -20 1 0 0 0 1 0 0 0 1 parts/3020.dat
0 STEP
0 // step 2: pavement: 10 pieces at plate 0
1 71 740 -8 -40 1 0 0 0 1 0 0 0 1 parts/3032.dat
1 71 860 -8 -40 1 0 0 0 1 0 0 0 1 parts/3032.dat
1 71 980 -8 -40 1 0 0 0 1 0 0 0 1 parts/3032.dat
1 71 1100 -8 -40 1 0 0 0 1 0 0 0 1 parts/3032.dat
1 71 1220 -8 -40 1 0 0 0 1 0 0 0 1 parts/3032.dat
1 71 1320 -8 -20 1 0 0 0 1 0 0 0 1 parts/3020.dat
1 71 1420 -8 -40 1 0 0 0 1 0 0 0 1 parts/3032.dat
1 71 1540 -8 -40 1 0 0 0 1 0 0 0 1 parts/3032.dat
1 71 1620 -8 -40 0 0 -1 0 1 0 1 0 0 parts/3020.dat
1 71 1660 -8 -10 1 0 0 0 1 0 0 0 1 parts/3023.dat
0 STEP
0 // step 3: pavement: 10 pieces at plate 0
1 71 1720 -8 -60 0 0 -1 0 1 0 1 0 0 parts/3032.dat
1 71 1780 -8 -10 1 0 0 0 1 0 0 0 1 parts/3023.dat
1 71 1860 -8 -40 1 0 0 0 1 0 0 0 1 parts/3032.dat
1 71 120 -8 -40 1 0 0 0 1 0 0 0 1 parts/3022.dat
1 71 240 -8 -40 1 0 0 0 1 0 0 0 1 parts/3022.dat
1 71 90 -8 -60 0 0 -1 0 1 0 1 0 0 parts/3023.dat
1 71 160 -8 -50 1 0 0 0 1 0 0 0 1 parts/3023.dat
1 71 200 -8 -50 1 0 0 0 1 0 0 0 1 parts/3023.dat
1 71 270 -8 -60 0 0 -1 0 1 0 1 0 0 parts/3023.dat
1 71 640 -8 -80 0 0 -1 0 1 0 1 0 0 parts/3020.dat
0 STEP
0 // step 4: pavement: 10 pieces at plate 0
1 71 670 -8 -60 0 0 -1 0 1 0 1 0 0 parts/3023.dat
1 71 1300 -8 -80 0 0 -1 0 1 0 1 0 0 parts/3020.dat
1 71 1350 -8 -60 0 0 -1 0 1 0 1 0 0 parts/3023.dat
1 71 140 -8 -80 1 0 0 0 1 0 0 0 1 parts/3022.dat
1 71 220 -8 -80 1 0 0 0 1 0 0 0 1 parts/3022.dat
1 71 610 -8 -80 0 0 -1 0 1 0 1 0 0 parts/3023.dat
1 71 1330 -8 -80 0 0 -1 0 1 0 1 0 0 parts/3023.dat
1 71 1660 -8 -80 1 0 0 0 1 0 0 0 1 parts/3022.dat
1 71 1780 -8 -80 1 0 0 0 1 0 0 0 1 parts/3022.dat
1 71 90 -8 -100 0 0 -1 0 1 0 1 0 0 parts/3023.dat
0 STEP
0 // step 5: pavement: 10 pieces at plate 0
1 71 300 -8 -100 1 0 0 0 1 0 0 0 1 parts/3020.dat
1 71 380 -8 -100 1 0 0 0 1 0 0 0 1 parts/3020.dat
1 71 460 -8 -100 1 0 0 0 1 0 0 0 1 parts/3020.dat
1 71 510 -8 -100 0 0 -1 0 1 0 1 0 0 parts/3023.dat
1 71 700 -8 -100 1 0 0 0 1 0 0 0 1 parts/3020.dat
1 71 780 -8 -100 1 0 0 0 1 0 0 0 1 parts/3020.dat
1 71 860 -8 -100 1 0 0 0 1 0 0 0 1 parts/3020.dat
1 71 940 -8 -100 1 0 0 0 1 0 0 0 1 parts/3020.dat
1 71 1020 -8 -100 1 0 0 0 1 0 0 0 1 parts/3020.dat
1 71 1100 -8 -100 1 0 0 0 1 0 0 0 1 parts/3020.dat
0 STEP
0 // step 6: pavement: 10 pieces at plate 0
1 71 1180 -8 -100 1 0 0 0 1 0 0 0 1 parts/3020.dat
1 71 1240 -8 -100 1 0 0 0 1 0 0 0 1 parts/3022.dat
1 71 1270 -8 -100 0 0 -1 0 1 0 1 0 0 parts/3023.dat
1 71 1380 -8 -100 1 0 0 0 1 0 0 0 1 parts/3020.dat
1 71 1460 -8 -100 1 0 0 0 1 0 0 0 1 parts/3020.dat
1 71 1540 -8 -100 1 0 0 0 1 0 0 0 1 parts/3020.dat
1 71 1600 -8 -100 1 0 0 0 1 0 0 0 1 parts/3022.dat
1 71 1630 -8 -100 0 0 -1 0 1 0 1 0 0 parts/3023.dat
1 71 1840 -8 -100 1 0 0 0 1 0 0 0 1 parts/3020.dat
1 71 1900 -8 -120 0 0 -1 0 1 0 1 0 0 parts/3020.dat
0 STEP
0 // step 7: pavement: 10 pieces at plate 0
1 71 120 -8 -110 1 0 0 0 1 0 0 0 1 parts/3023.dat
1 71 160 -8 -110 1 0 0 0 1 0 0 0 1 parts/3023.dat
1 71 200 -8 -110 1 0 0 0 1 0 0 0 1 parts/3023.dat
1 71 240 -8 -110 1 0 0 0 1 0 0 0 1 parts/3023.dat
1 71 610 -8 -110 1 0 0 0 1 0 0 0 1 parts/3024.dat
1 71 1330 -8 -110 1 0 0 0 1 0 0 0 1 parts/3024.dat
1 71 1660 -8 -110 1 0 0 0 1 0 0 0 1 parts/3023.dat
1 71 1780 -8 -110 1 0 0 0 1 0 0 0 1 parts/3023.dat
1 71 20 -8 -160 0 0 -1 0 1 0 1 0 0 parts/3020.dat
1 71 1900 -8 -200 0 0 -1 0 1 0 1 0 0 parts/3020.dat
0 STEP
0 // step 8: pavement: 10 pieces at plate 0
1 71 20 -8 -240 0 0 -1 0 1 0 1 0 0 parts/3020.dat
1 71 1900 -8 -280 0 0 -1 0 1 0 1 0 0 parts/3020.dat
1 71 20 -8 -320 0 0 -1 0 1 0 1 0 0 parts/3020.dat
1 71 1900 -8 -360 0 0 -1 0 1 0 1 0 0 parts/3020.dat
1 71 20 -8 -400 0 0 -1 0 1 0 1 0 0 parts/3020.dat
1 71 1900 -8 -440 0 0 -1 0 1 0 1 0 0 parts/3020.dat
1 71 20 -8 -480 0 0 -1 0 1 0 1 0 0 parts/3020.dat
1 71 1900 -8 -520 0 0 -1 0 1 0 1 0 0 parts/3020.dat
1 71 20 -8 -560 0 0 -1 0 1 0 1 0 0 parts/3020.dat
1 71 1900 -8 -600 0 0 -1 0 1 0 1 0 0 parts/3020.dat
0 STEP
0 // step 9: pavement: 10 pieces at plate 0
1 71 20 -8 -640 0 0 -1 0 1 0 1 0 0 parts/3020.dat
1 71 1900 -8 -680 0 0 -1 0 1 0 1 0 0 parts/3020.dat
1 71 20 -8 -720 0 0 -1 0 1 0 1 0 0 parts/3020.dat
1 71 1900 -8 -760 0 0 -1 0 1 0 1 0 0 parts/3020.dat
1 71 20 -8 -800 0 0 -1 0 1 0 1 0 0 parts/3020.dat
1 71 1900 -8 -840 0 0 -1 0 1 0 1 0 0 parts/3020.dat
1 71 20 -8 -880 0 0 -1 0 1 0 1 0 0 parts/3020.dat
1 71 1900 -8 -920 0 0 -1 0 1 0 1 0 0 parts/3020.dat
1 71 20 -8 -960 0 0 -1 0 1 0 1 0 0 parts/3020.dat
1 71 1900 -8 -1000 0 0 -1 0 1 0 1 0 0 parts/3020.dat
0 STEP
0 // step 10: pavement: 10 pieces at plate 0
1 71 20 -8 -1040 0 0 -1 0 1 0 1 0 0 parts/3020.dat
1 71 1900 -8 -1080 0 0 -1 0 1 0 1 0 0 parts/3020.dat
1 71 20 -8 -1120 0 0 -1 0 1 0 1 0 0 parts/3020.dat
1 71 1900 -8 -1160 0 0 -1 0 1 0 1 0 0 parts/3020.dat
1 71 20 -8 -1200 0 0 -1 0 1 0 1 0 0 parts/3020.dat
1 71 1900 -8 -1240 0 0 -1 0 1 0 1 0 0 parts/3020.dat
1 71 20 -8 -1280 0 0 -1 0 1 0 1 0 0 parts/3020.dat
1 71 1900 -8 -1320 0 0 -1 0 1 0 1 0 0 parts/3020.dat
1 71 20 -8 -1360 0 0 -1 0 1 0 1 0 0 parts/3020.dat
1 71 1900 -8 -1400 0 0 -1 0 1 0 1 0 0 parts/3020.dat
0 STEP
0 // step 11: pavement: 10 pieces at plate 0
1 71 40 -8 -1420 1 0 0 0 1 0 0 0 1 parts/3020.dat
1 71 120 -8 -1420 1 0 0 0 1 0 0 0 1 parts/3020.dat
1 71 200 -8 -1420 1 0 0 0 1 0 0 0 1 parts/3020.dat
1 71 280 -8 -1420 1 0 0 0 1 0 0 0 1 parts/3020.dat
1 71 360 -8 -1420 1 0 0 0 1 0 0 0 1 parts/3020.dat
1 71 440 -8 -1420 1 0 0 0 1 0 0 0 1 parts/3020.dat
1 71 520 -8 -1420 1 0 0 0 1 0 0 0 1 parts/3020.dat
1 71 600 -8 -1420 1 0 0 0 1 0 0 0 1 parts/3020.dat
1 71 680 -8 -1420 1 0 0 0 1 0 0 0 1 parts/3020.dat
1 71 760 -8 -1420 1 0 0 0 1 0 0 0 1 parts/3020.dat
0 STEP
0 // step 12: pavement: 10 pieces at plate 0
1 71 840 -8 -1420 1 0 0 0 1 0 0 0 1 parts/3020.dat
1 71 920 -8 -1420 1 0 0 0 1 0 0 0 1 parts/3020.dat
1 71 1000 -8 -1420 1 0 0 0 1 0 0 0 1 parts/3020.dat
1 71 1080 -8 -1420 1 0 0 0 1 0 0 0 1 parts/3020.dat
1 71 1160 -8 -1420 1 0 0 0 1 0 0 0 1 parts/3020.dat
1 71 1240 -8 -1420 1 0 0 0 1 0 0 0 1 parts/3020.dat
1 71 1320 -8 -1420 1 0 0 0 1 0 0 0 1 parts/3020.dat
1 71 1400 -8 -1420 1 0 0 0 1 0 0 0 1 parts/3020.dat
1 71 1480 -8 -1420 1 0 0 0 1 0 0 0 1 parts/3020.dat
1 71 1560 -8 -1420 1 0 0 0 1 0 0 0 1 parts/3020.dat
0 STEP
0 // step 13: pavement: 4 pieces at plate 0
1 71 1640 -8 -1420 1 0 0 0 1 0 0 0 1 parts/3020.dat
1 71 1720 -8 -1420 1 0 0 0 1 0 0 0 1 parts/3020.dat
1 71 1800 -8 -1420 1 0 0 0 1 0 0 0 1 parts/3020.dat
1 71 1860 -8 -1420 1 0 0 0 1 0 0 0 1 parts/3022.dat
0 STEP
0 // step 14: floor 1: 10 pieces at plate 0
1 15 100 -8 -160 1 0 0 0 1 0 0 0 1 parts/3020.dat
1 71 180 -8 -160 1 0 0 0 1 0 0 0 1 parts/3020.dat
1 15 260 -8 -160 1 0 0 0 1 0 0 0 1 parts/3020.dat
1 71 340 -8 -160 1 0 0 0 1 0 0 0 1 parts/3020.dat
1 15 420 -8 -160 1 0 0 0 1 0 0 0 1 parts/3020.dat
1 71 500 -8 -160 1 0 0 0 1 0 0 0 1 parts/3020.dat
1 15 580 -8 -160 1 0 0 0 1 0 0 0 1 parts/3020.dat
1 71 660 -8 -160 1 0 0 0 1 0 0 0 1 parts/3020.dat
1 15 740 -8 -160 1 0 0 0 1 0 0 0 1 parts/3020.dat
1 71 820 -8 -160 1 0 0 0 1 0 0 0 1 parts/3020.dat
0 STEP
0 // step 15: floor 1: 10 pieces at plate 0
1 15 100 -8 -200 1 0 0 0 1 0 0 0 1 parts/3020.dat
1 71 180 -8 -200 1 0 0 0 1 0 0 0 1 parts/3020.dat
1 15 260 -8 -200 1 0 0 0 1 0 0 0 1 parts/3020.dat
1 71 340 -8 -200 1 0 0 0 1 0 0 0 1 parts/3020.dat
1 15 420 -8 -200 1 0 0 0 1 0 0 0 1 parts/3020.dat
1 71 500 -8 -200 1 0 0 0 1 0 0 0 1 parts/3020.dat
1 15 580 -8 -200 1 0 0 0 1 0 0 0 1 parts/3020.dat
1 71 660 -8 -200 1 0 0 0 1 0 0 0 1 parts/3020.dat
1 15 740 -8 -200 1 0 0 0 1 0 0 0 1 parts/3020.dat
1 71 800 -8 -190 1 0 0 0 1 0 0 0 1 parts/3023.dat
0 STEP
0 // step 16: floor 1: 10 pieces at plate 0
1 71 840 -8 -200 1 0 0 0 1 0 0 0 1 parts/3022.dat
1 71 790 -8 -210 1 0 0 0 1 0 0 0 1 parts/3024.dat
1 71 80 -8 -260 0 0 -1 0 1 0 1 0 0 parts/3020.dat
1 71 120 -8 -230 1 0 0 0 1 0 0 0 1 parts/3023.dat
1 15 160 -8 -230 1 0 0 0 1 0 0 0 1 parts/3023.dat
1 15 200 -8 -230 1 0 0 0 1 0 0 0 1 parts/3023.dat
1 71 240 -8 -230 1 0 0 0 1 0 0 0 1 parts/3023.dat
1 71 280 -8 -260 0 0 -1 0 1 0 1 0 0 parts/3020.dat
1 15 320 -8 -230 1 0 0 0 1 0 0 0 1 parts/3023.dat
1 15 360 -8 -230 1 0 0 0 1 0 0 0 1 parts/3023.dat
0 STEP
0 // step 17: floor 1: 10 pieces at plate 0
1 71 400 -8 -230 1 0 0 0 1 0 0 0 1 parts/3023.dat
1 71 440 -8 -260 0 0 -1 0 1 0 1 0 0 parts/3020.dat
1 15 480 -8 -230 1 0 0 0 1 0 0 0 1 parts/3023.dat
1 15 520 -8 -230 1 0 0 0 1 0 0 0 1 parts/3023.dat
1 71 560 -8 -230 1 0 0 0 1 0 0 0 1 parts/3023.dat
1 71 600 -8 -230 1 0 0 0 1 0 0 0 1 parts/3023.dat
1 15 640 -8 -260 0 0 -1 0 1 0 1 0 0 parts/3020.dat
1 15 680 -8 -230 1 0 0 0 1 0 0 0 1 parts/3023.dat
1 71 720 -8 -230 1 0 0 0 1 0 0 0 1 parts/3023.dat
1 71 760 -8 -230 1 0 0 0 1 0 0 0 1 parts/3023.dat
0 STEP
0 // step 18: floor 1: 10 pieces at plate 0
1 15 790 -8 -240 0 0 -1 0 1 0 1 0 0 parts/3023.dat
1 15 840 -8 -260 0 0 -1 0 1 0 1 0 0 parts/3020.dat
1 71 110 -8 -260 0 0 -1 0 1 0 1 0 0 parts/3023.dat
1 71 250 -8 -260 0 0 -1 0 1 0 1 0 0 parts/3023.dat
1 15 470 -8 -260 0 0 -1 0 1 0 1 0 0 parts/3023.dat
1 71 610 -8 -260 0 0 -1 0 1 0 1 0 0 parts/3023.dat
1 15 810 -8 -250 1 0 0 0 1 0 0 0 1 parts/3024.dat
1 15 790 -8 -280 0 0 -1 0 1 0 1 0 0 parts/3023.dat
1 71 110 -8 -290 1 0 0 0 1 0 0 0 1 parts/3024.dat
1 71 250 -8 -290 1 0 0 0 1 0 0 0 1 parts/3024.dat
0 STEP
0 // step 19: floor 1: 10 pieces at plate 0
1 15 470 -8 -290 1 0 0 0 1 0 0 0 1 parts/3024.dat
1 71 610 -8 -290 1 0 0 0 1 0 0 0 1 parts/3024.dat
1 15 80 -8 -340 0 0 -1 0 1 0 1 0 0 parts/3020.dat
1 15 110 -8 -320 0 0 -1 0 1 0 1 0 0 parts/3023.dat
1 15 260 -8 -340 0 0 -1 0 1 0 1 0 0 parts/3020.dat
1 15 290 -8 -320 0 0 -1 0 1 0 1 0 0 parts/3023.dat
1 15 440 -8 -340 0 0 -1 0 1 0 1 0 0 parts/3020.dat
1 71 470 -8 -320 0 0 -1 0 1 0 1 0 0 parts/3023.dat
1 15 610 -8 -320 0 0 -1 0 1 0 1 0 0 parts/3023.dat
1 71 640 -8 -340 0 0 -1 0 1 0 1 0 0 parts/3020.dat
0 STEP
0 // step 20: floor 1: 10 pieces at plate 0
1 71 820 -8 -320 1 0 0 0 1 0 0 0 1 parts/3020.dat
1 15 130 -8 -340 0 0 -1 0 1 0 1 0 0 parts/3023.dat
1 71 180 -8 -340 1 0 0 0 1 0 0 0 1 parts/3020.dat
1 15 230 -8 -340 0 0 -1 0 1 0 1 0 0 parts/3023.dat
1 71 340 -8 -340 1 0 0 0 1 0 0 0 1 parts/3020.dat
1 15 400 -8 -340 1 0 0 0 1 0 0 0 1 parts/3022.dat
1 71 500 -8 -340 1 0 0 0 1 0 0 0 1 parts/3022.dat
1 71 530 -8 -340 0 0 -1 0 1 0 1 0 0 parts/3023.dat
1 15 560 -8 -340 1 0 0 0 1 0 0 0 1 parts/3022.dat
1 15 590 -8 -340 0 0 -1 0 1 0 1 0 0 parts/3023.dat
0 STEP
0 // step 21: floor 1: 10 pieces at plate 0
1 71 680 -8 -340 1 0 0 0 1 0 0 0 1 parts/3022.dat
1 15 740 -8 -340 1 0 0 0 1 0 0 0 1 parts/3020.dat
1 15 110 -8 -360 0 0 -1 0 1 0 1 0 0 parts/3023.dat
1 15 290 -8 -360 0 0 -1 0 1 0 1 0 0 parts/3023.dat
1 71 470 -8 -360 0 0 -1 0 1 0 1 0 0 parts/3023.dat
1 15 610 -8 -360 0 0 -1 0 1 0 1 0 0 parts/3023.dat
1 71 820 -8 -360 1 0 0 0 1 0 0 0 1 parts/3020.dat
1 15 130 -8 -370 1 0 0 0 1 0 0 0 1 parts/3024.dat
1 71 160 -8 -370 1 0 0 0 1 0 0 0 1 parts/3023.dat
1 71 200 -8 -370 1 0 0 0 1 0 0 0 1 parts/3023.dat
0 STEP
0 // step 22: floor 1: 10 pieces at plate 0
1 15 230 -8 -370 1 0 0 0 1 0 0 0 1 parts/3024.dat
1 71 320 -8 -370 1 0 0 0 1 0 0 0 1 parts/3023.dat
1 71 360 -8 -370 1 0 0 0 1 0 0 0 1 parts/3023.dat
1 15 400 -8 -370 1 0 0 0 1 0 0 0 1 parts/3023.dat
1 71 500 -8 -370 1 0 0 0 1 0 0 0 1 parts/3023.dat
1 71 530 -8 -370 1 0 0 0 1 0 0 0 1 parts/3024.dat
1 15 560 -8 -370 1 0 0 0 1 0 0 0 1 parts/3023.dat
1 15 590 -8 -370 1 0 0 0 1 0 0 0 1 parts/3024.dat
1 71 680 -8 -370 1 0 0 0 1 0 0 0 1 parts/3023.dat
1 15 720 -8 -370 1 0 0 0 1 0 0 0 1 parts/3023.dat
0 STEP
0 // step 23: floor 1: 10 pieces at plate 0
1 15 760 -8 -370 1 0 0 0 1 0 0 0 1 parts/3023.dat
1 71 100 -8 -400 1 0 0 0 1 0 0 0 1 parts/3020.dat
1 15 180 -8 -400 1 0 0 0 1 0 0 0 1 parts/3020.dat
1 71 230 -8 -400 0 0 -1 0 1 0 1 0 0 parts/3023.dat
1 15 340 -8 -420 0 0 -1 0 1 0 1 0 0 parts/3020.dat
1 15 370 -8 -400 0 0 -1 0 1 0 1 0 0 parts/3023.dat
1 71 420 -8 -400 1 0 0 0 1 0 0 0 1 parts/3020.dat
1 15 500 -8 -400 1 0 0 0 1 0 0 0 1 parts/3020.dat
1 71 580 -8 -400 1 0 0 0 1 0 0 0 1 parts/3020.dat
1 15 660 -8 -400 1 0 0 0 1 0 0 0 1 parts/3020.dat
0 STEP
0 // step 24: floor 1: 10 pieces at plate 0
1 71 740 -8 -400 1 0 0 0 1 0 0 0 1 parts/3020.dat
1 15 820 -8 -400 1 0 0 0 1 0 0 0 1 parts/3020.dat
1 71 100 -8 -440 1 0 0 0 1 0 0 0 1 parts/3020.dat
1 15 180 -8 -440 1 0 0 0 1 0 0 0 1 parts/3020.dat
1 71 260 -8 -440 1 0 0 0 1 0 0 0 1 parts/3020.dat
1 15 310 -8 -440 0 0 -1 0 1 0 1 0 0 parts/3023.dat
1 15 370 -8 -440 0 0 -1 0 1 0 1 0 0 parts/3023.dat
1 71 420 -8 -440 1 0 0 0 1 0 0 0 1 parts/3020.dat
1 15 500 -8 -440 1 0 0 0 1 0 0 0 1 parts/3020.dat
1 71 580 -8 -440 1 0 0 0 1 0 0 0 1 parts/3020.dat
0 STEP
0 // step 25: floor 1: 10 pieces at plate 0
1 15 660 -8 -440 1 0 0 0 1 0 0 0 1 parts/3020.dat
1 71 740 -8 -440 1 0 0 0 1 0 0 0 1 parts/3020.dat
1 15 820 -8 -440 1 0 0 0 1 0 0 0 1 parts/3020.dat
1 15 100 -8 -480 1 0 0 0 1 0 0 0 1 parts/3020.dat
1 71 180 -8 -480 1 0 0 0 1 0 0 0 1 parts/3020.dat
1 15 260 -8 -480 1 0 0 0 1 0 0 0 1 parts/3020.dat
1 71 340 -8 -480 1 0 0 0 1 0 0 0 1 parts/3020.dat
1 15 420 -8 -480 1 0 0 0 1 0 0 0 1 parts/3020.dat
1 71 500 -8 -480 1 0 0 0 1 0 0 0 1 parts/3020.dat
1 15 580 -8 -480 1 0 0 0 1 0 0 0 1 parts/3020.dat
0 STEP
0 // step 26: floor 1: 10 pieces at plate 0
1 71 660 -8 -480 1 0 0 0 1 0 0 0 1 parts/3020.dat
1 15 740 -8 -480 1 0 0 0 1 0 0 0 1 parts/3020.dat
1 71 820 -8 -480 1 0 0 0 1 0 0 0 1 parts/3020.dat
1 15 100 -8 -520 1 0 0 0 1 0 0 0 1 parts/3020.dat
1 71 150 -8 -520 0 0 -1 0 1 0 1 0 0 parts/3023.dat
1 71 200 -8 -510 1 0 0 0 1 0 0 0 1 parts/3023.dat
1 15 260 -8 -520 1 0 0 0 1 0 0 0 1 parts/3020.dat
1 71 340 -8 -510 1 0 0 0 1 0 0 0 1 parts/3023.dat
1 71 370 -8 -520 0 0 -1 0 1 0 1 0 0 parts/3023.dat
1 15 400 -8 -520 1 0 0 0 1 0 0 0 1 parts/3022.dat
0 STEP
0 // step 27: floor 1: 10 pieces at plate 0
1 15 430 -8 -520 0 0 -1 0 1 0 1 0 0 parts/3023.dat
1 71 480 -8 -510 1 0 0 0 1 0 0 0 1 parts/3023.dat
1 71 520 -8 -520 1 0 0 0 1 0 0 0 1 parts/3022.dat
1 15 560 -8 -520 1 0 0 0 1 0 0 0 1 parts/3022.dat
1 15 610 -8 -510 1 0 0 0 1 0 0 0 1 parts/3024.dat
1 71 660 -8 -520 1 0 0 0 1 0 0 0 1 parts/3020.dat
1 15 710 -8 -520 0 0 -1 0 1 0 1 0 0 parts/3023.dat
1 15 760 -8 -510 1 0 0 0 1 0 0 0 1 parts/3023.dat
1 71 820 -8 -520 1 0 0 0 1 0 0 0 1 parts/3020.dat
1 71 210 -8 -530 1 0 0 0 1 0 0 0 1 parts/3024.dat
0 STEP
0 // step 28: floor 1: 10 pieces at plate 0
1 71 350 -8 -530 1 0 0 0 1 0 0 0 1 parts/3024.dat
1 71 490 -8 -530 1 0 0 0 1 0 0 0 1 parts/3024.dat
1 15 770 -8 -530 1 0 0 0 1 0 0 0 1 parts/3024.dat
1 71 100 -8 -560 1 0 0 0 1 0 0 0 1 parts/3020.dat
1 15 150 -8 -560 0 0 -1 0 1 0 1 0 0 parts/3023.dat
1 15 210 -8 -560 0 0 -1 0 1 0 1 0 0 parts/3023.dat
1 71 260 -8 -560 1 0 0 0 1 0 0 0 1 parts/3020.dat
1 15 360 -8 -580 0 0 -1 0 1 0 1 0 0 parts/3020.dat
1 71 400 -8 -580 0 0 -1 0 1 0 1 0 0 parts/3020.dat
1 71 430 -8 -560 0 0 -1 0 1 0 1 0 0 parts/3023.dat
0 STEP
0 // step 29: floor 1: 10 pieces at plate 0
1 15 500 -8 -580 0 0 -1 0 1 0 1 0 0 parts/3020.dat
1 15 530 -8 -560 0 0 -1 0 1 0 1 0 0 parts/3023.dat
1 71 560 -8 -580 0 0 -1 0 1 0 1 0 0 parts/3020.dat
1 15 660 -8 -560 1 0 0 0 1 0 0 0 1 parts/3020.dat
1 71 710 -8 -560 0 0 -1 0 1 0 1 0 0 parts/3023.dat
1 71 770 -8 -560 0 0 -1 0 1 0 1 0 0 parts/3023.dat
1 15 820 -8 -560 1 0 0 0 1 0 0 0 1 parts/3020.dat
1 71 100 -8 -600 1 0 0 0 1 0 0 0 1 parts/3020.dat
1 15 160 -8 -590 1 0 0 0 1 0 0 0 1 parts/3023.dat
1 15 200 -8 -590 1 0 0 0 1 0 0 0 1 parts/3023.dat
0 STEP
0 // step 30: floor 1: 10 pieces at plate 0
1 71 260 -8 -600 1 0 0 0 1 0 0 0 1 parts/3020.dat
1 15 320 -8 -590 1 0 0 0 1 0 0 0 1 parts/3023.dat
1 71 440 -8 -590 1 0 0 0 1 0 0 0 1 parts/3023.dat
1 15 470 -8 -590 1 0 0 0 1 0 0 0 1 parts/3024.dat
1 15 530 -8 -600 0 0 -1 0 1 0 1 0 0 parts/3023.dat
1 71 600 -8 -590 1 0 0 0 1 0 0 0 1 parts/3023.dat
1 15 660 -8 -600 1 0 0 0 1 0 0 0 1 parts/3020.dat
1 71 740 -8 -600 1 0 0 0 1 0 0 0 1 parts/3020.dat
1 15 820 -8 -600 1 0 0 0 1 0 0 0 1 parts/3020.dat
1 15 150 -8 -610 1 0 0 0 1 0 0 0 1 parts/3024.dat
0 STEP
0 // step 31: floor 1: 10 pieces at plate 0
1 15 210 -8 -610 1 0 0 0 1 0 0 0 1 parts/3024.dat
1 71 430 -8 -610 1 0 0 0 1 0 0 0 1 parts/3024.dat
1 15 100 -8 -640 1 0 0 0 1 0 0 0 1 parts/3020.dat
1 71 150 -8 -640 0 0 -1 0 1 0 1 0 0 parts/3023.dat
1 71 210 -8 -640 0 0 -1 0 1 0 1 0 0 parts/3023.dat
1 15 260 -8 -640 1 0 0 0 1 0 0 0 1 parts/3020.dat
1 71 360 -8 -660 0 0 -1 0 1 0 1 0 0 parts/3020.dat
1 15 400 -8 -660 0 0 -1 0 1 0 1 0 0 parts/3020.dat
1 15 430 -8 -640 0 0 -1 0 1 0 1 0 0 parts/3023.dat
1 71 500 -8 -660 0 0 -1 0 1 0 1 0 0 parts/3020.dat
0 STEP
0 // step 32: floor 1: 10 pieces at plate 0
1 71 530 -8 -640 0 0 -1 0 1 0 1 0 0 parts/3023.dat
1 15 560 -8 -660 0 0 -1 0 1 0 1 0 0 parts/3020.dat
1 71 660 -8 -640 1 0 0 0 1 0 0 0 1 parts/3020.dat
1 15 720 -8 -630 1 0 0 0 1 0 0 0 1 parts/3023.dat
1 15 760 -8 -630 1 0 0 0 1 0 0 0 1 parts/3023.dat
1 71 180 -8 -660 1 0 0 0 1 0 0 0 1 parts/3022.dat
1 15 710 -8 -660 0 0 -1 0 1 0 1 0 0 parts/3023.dat
1 15 770 -8 -660 0 0 -1 0 1 0 1 0 0 parts/3023.dat
1 15 100 -8 -680 1 0 0 0 1 0 0 0 1 parts/3020.dat
1 71 150 -8 -680 0 0 -1 0 1 0 1 0 0 parts/3023.dat
0 STEP
0 // step 33: floor 1: 10 pieces at plate 0
1 71 210 -8 -680 0 0 -1 0 1 0 1 0 0 parts/3023.dat
1 15 260 -8 -680 1 0 0 0 1 0 0 0 1 parts/3020.dat
1 15 430 -8 -680 0 0 -1 0 1 0 1 0 0 parts/3023.dat
1 71 530 -8 -680 0 0 -1 0 1 0 1 0 0 parts/3023.dat
1 71 660 -8 -680 1 0 0 0 1 0 0 0 1 parts/3020.dat
1 15 710 -8 -690 1 0 0 0 1 0 0 0 1 parts/3024.dat
1 15 770 -8 -690 1 0 0 0 1 0 0 0 1 parts/3024.dat
1 71 100 -8 -720 1 0 0 0 1 0 0 0 1 parts/3020.dat
1 15 180 -8 -720 1 0 0 0 1 0 0 0 1 parts/3020.dat
1 71 260 -8 -720 1 0 0 0 1 0 0 0 1 parts/3020.dat
0 STEP
0 // step 34: floor 1: 10 pieces at plate 0
1 15 320 -8 -710 1 0 0 0 1 0 0 0 1 parts/3023.dat
1 15 360 -8 -740 0 0 -1 0 1 0 1 0 0 parts/3020.dat
1 71 400 -8 -740 0 0 -1 0 1 0 1 0 0 parts/3020.dat
1 71 440 -8 -710 1 0 0 0 1 0 0 0 1 parts/3023.dat
1 15 480 -8 -710 1 0 0 0 1 0 0 0 1 parts/3023.dat
1 15 520 -8 -740 0 0 -1 0 1 0 1 0 0 parts/3020.dat
1 71 560 -8 -740 0 0 -1 0 1 0 1 0 0 parts/3020.dat
1 71 600 -8 -710 1 0 0 0 1 0 0 0 1 parts/3023.dat
1 15 660 -8 -720 1 0 0 0 1 0 0 0 1 parts/3020.dat
1 71 740 -8 -720 1 0 0 0 1 0 0 0 1 parts/3020.dat
0 STEP
0 // step 35: floor 1: 10 pieces at plate 0
1 71 430 -8 -740 0 0 -1 0 1 0 1 0 0 parts/3023.dat
1 15 490 -8 -740 0 0 -1 0 1 0 1 0 0 parts/3023.dat
1 71 100 -8 -760 1 0 0 0 1 0 0 0 1 parts/3020.dat
1 15 160 -8 -750 1 0 0 0 1 0 0 0 1 parts/3023.dat
1 15 200 -8 -750 1 0 0 0 1 0 0 0 1 parts/3023.dat
1 71 260 -8 -760 1 0 0 0 1 0 0 0 1 parts/3020.dat
1 15 660 -8 -760 1 0 0 0 1 0 0 0 1 parts/3020.dat
1 71 720 -8 -750 1 0 0 0 1 0 0 0 1 parts/3023.dat
1 71 760 -8 -750 1 0 0 0 1 0 0 0 1 parts/3023.dat
1 15 150 -8 -770 1 0 0 0 1 0 0 0 1 parts/3024.dat
0 STEP
0 // step 36: floor 1: 10 pieces at plate 0
1 15 210 -8 -770 1 0 0 0 1 0 0 0 1 parts/3024.dat
1 71 440 -8 -770 1 0 0 0 1 0 0 0 1 parts/3023.dat
1 15 480 -8 -770 1 0 0 0 1 0 0 0 1 parts/3023.dat
1 71 600 -8 -770 1 0 0 0 1 0 0 0 1 parts/3023.dat
1 71 710 -8 -770 1 0 0 0 1 0 0 0 1 parts/3024.dat
1 71 770 -8 -770 1 0 0 0 1 0 0 0 1 parts/3024.dat
1 15 100 -8 -800 1 0 0 0 1 0 0 0 1 parts/3020.dat
1 71 150 -8 -800 0 0 -1 0 1 0 1 0 0 parts/3023.dat
1 71 210 -8 -800 0 0 -1 0 1 0 1 0 0 parts/3023.dat
1 15 260 -8 -800 1 0 0 0 1 0 0 0 1 parts/3020.dat
0 STEP
0 // step 37: floor 1: 10 pieces at plate 0
1 71 360 -8 -820 0 0 -1 0 1 0 1 0 0 parts/3020.dat
1 15 400 -8 -820 0 0 -1 0 1 0 1 0 0 parts/3020.dat
1 15 440 -8 -790 1 0 0 0 1 0 0 0 1 parts/3023.dat
1 71 480 -8 -790 1 0 0 0 1 0 0 0 1 parts/3023.dat
1 71 520 -8 -820 0 0 -1 0 1 0 1 0 0 parts/3020.dat
1 15 560 -8 -820 0 0 -1 0 1 0 1 0 0 parts/3020.dat
1 15 600 -8 -790 1 0 0 0 1 0 0 0 1 parts/3023.dat
1 71 660 -8 -800 1 0 0 0 1 0 0 0 1 parts/3020.dat
1 15 710 -8 -800 0 0 -1 0 1 0 1 0 0 parts/3023.dat
1 15 770 -8 -800 0 0 -1 0 1 0 1 0 0 parts/3023.dat
0 STEP
0 // step 38: floor 1: 10 pieces at plate 0
1 15 430 -8 -820 0 0 -1 0 1 0 1 0 0 parts/3023.dat
1 71 490 -8 -820 0 0 -1 0 1 0 1 0 0 parts/3023.dat
1 15 100 -8 -840 1 0 0 0 1 0 0 0 1 parts/3020.dat
1 71 180 -8 -840 1 0 0 0 1 0 0 0 1 parts/3020.dat
1 15 260 -8 -840 1 0 0 0 1 0 0 0 1 parts/3020.dat
1 71 320 -8 -830 1 0 0 0 1 0 0 0 1 parts/3023.dat
1 15 450 -8 -830 1 0 0 0 1 0 0 0 1 parts/3024.dat
1 71 470 -8 -830 1 0 0 0 1 0 0 0 1 parts/3024.dat
1 15 600 -8 -830 1 0 0 0 1 0 0 0 1 parts/3023.dat
1 71 660 -8 -840 1 0 0 0 1 0 0 0 1 parts/3020.dat
0 STEP
0 // step 39: floor 1: 10 pieces at plate 0
1 15 720 -8 -830 1 0 0 0 1 0 0 0 1 parts/3023.dat
1 15 760 -8 -830 1 0 0 0 1 0 0 0 1 parts/3023.dat
1 15 430 -8 -850 1 0 0 0 1 0 0 0 1 parts/3024.dat
1 71 490 -8 -850 1 0 0 0 1 0 0 0 1 parts/3024.dat
1 15 710 -8 -850 1 0 0 0 1 0 0 0 1 parts/3024.dat
1 15 770 -8 -850 1 0 0 0 1 0 0 0 1 parts/3024.dat
1 71 100 -8 -880 1 0 0 0 1 0 0 0 1 parts/3020.dat
1 15 160 -8 -870 1 0 0 0 1 0 0 0 1 parts/3023.dat
1 15 200 -8 -870 1 0 0 0 1 0 0 0 1 parts/3023.dat
1 71 260 -8 -880 1 0 0 0 1 0 0 0 1 parts/3020.dat
0 STEP
0 // step 40: floor 1: 10 pieces at plate 0
1 15 360 -8 -900 0 0 -1 0 1 0 1 0 0 parts/3020.dat
1 71 400 -8 -900 0 0 -1 0 1 0 1 0 0 parts/3020.dat
1 71 430 -8 -880 0 0 -1 0 1 0 1 0 0 parts/3023.dat
1 15 500 -8 -900 0 0 -1 0 1 0 1 0 0 parts/3020.dat
1 15 530 -8 -880 0 0 -1 0 1 0 1 0 0 parts/3023.dat
1 71 560 -8 -900 0 0 -1 0 1 0 1 0 0 parts/3020.dat
1 15 660 -8 -880 1 0 0 0 1 0 0 0 1 parts/3020.dat
1 71 710 -8 -880 0 0 -1 0 1 0 1 0 0 parts/3023.dat
1 71 770 -8 -880 0 0 -1 0 1 0 1 0 0 parts/3023.dat
1 15 150 -8 -900 0 0 -1 0 1 0 1 0 0 parts/3023.dat
0 STEP
0 // step 41: floor 1: 10 pieces at plate 0
1 15 210 -8 -900 0 0 -1 0 1 0 1 0 0 parts/3023.dat
1 71 100 -8 -920 1 0 0 0 1 0 0 0 1 parts/3020.dat
1 71 260 -8 -920 1 0 0 0 1 0 0 0 1 parts/3020.dat
1 71 430 -8 -920 0 0 -1 0 1 0 1 0 0 parts/3023.dat
1 15 530 -8 -920 0 0 -1 0 1 0 1 0 0 parts/3023.dat
1 15 660 -8 -920 1 0 0 0 1 0 0 0 1 parts/3020.dat
1 71 710 -8 -920 0 0 -1 0 1 0 1 0 0 parts/3023.dat
1 71 770 -8 -920 0 0 -1 0 1 0 1 0 0 parts/3023.dat
1 15 150 -8 -930 1 0 0 0 1 0 0 0 1 parts/3024.dat
1 15 210 -8 -930 1 0 0 0 1 0 0 0 1 parts/3024.dat
0 STEP
0 // step 42: floor 1: 10 pieces at plate 0
1 15 100 -8 -960 1 0 0 0 1 0 0 0 1 parts/3020.dat
1 71 160 -8 -950 1 0 0 0 1 0 0 0 1 parts/3023.dat
1 71 200 -8 -950 1 0 0 0 1 0 0 0 1 parts/3023.dat
1 15 260 -8 -960 1 0 0 0 1 0 0 0 1 parts/3020.dat
1 71 320 -8 -950 1 0 0 0 1 0 0 0 1 parts/3023.dat
1 71 360 -8 -980 0 0 -1 0 1 0 1 0 0 parts/3020.dat
1 15 400 -8 -980 0 0 -1 0 1 0 1 0 0 parts/3020.dat
1 15 440 -8 -950 1 0 0 0 1 0 0 0 1 parts/3023.dat
1 71 480 -8 -950 1 0 0 0 1 0 0 0 1 parts/3023.dat
1 71 520 -8 -980 0 0 -1 0 1 0 1 0 0 parts/3020.dat
0 STEP
0 // step 43: floor 1: 10 pieces at plate 0
1 15 560 -8 -980 0 0 -1 0 1 0 1 0 0 parts/3020.dat
1 15 600 -8 -950 1 0 0 0 1 0 0 0 1 parts/3023.dat
1 71 660 -8 -960 1 0 0 0 1 0 0 0 1 parts/3020.dat
1 15 720 -8 -950 1 0 0 0 1 0 0 0 1 parts/3023.dat
1 15 760 -8 -950 1 0 0 0 1 0 0 0 1 parts/3023.dat
1 71 150 -8 -980 0 0 -1 0 1 0 1 0 0 parts/3023.dat
1 71 210 -8 -980 0 0 -1 0 1 0 1 0 0 parts/3023.dat
1 15 430 -8 -980 0 0 -1 0 1 0 1 0 0 parts/3023.dat
1 71 490 -8 -980 0 0 -1 0 1 0 1 0 0 parts/3023.dat
1 15 710 -8 -980 0 0 -1 0 1 0 1 0 0 parts/3023.dat
0 STEP
0 // step 44: floor 1: 10 pieces at plate 0
1 15 770 -8 -980 0 0 -1 0 1 0 1 0 0 parts/3023.dat
1 15 100 -8 -1000 1 0 0 0 1 0 0 0 1 parts/3020.dat
1 15 260 -8 -1000 1 0 0 0 1 0 0 0 1 parts/3020.dat
1 71 660 -8 -1000 1 0 0 0 1 0 0 0 1 parts/3020.dat
1 71 150 -8 -1010 1 0 0 0 1 0 0 0 1 parts/3024.dat
1 71 210 -8 -1010 1 0 0 0 1 0 0 0 1 parts/3024.dat
1 71 320 -8 -1010 1 0 0 0 1 0 0 0 1 parts/3023.dat
1 15 430 -8 -1010 1 0 0 0 1 0 0 0 1 parts/3024.dat
1 71 490 -8 -1010 1 0 0 0 1 0 0 0 1 parts/3024.dat
1 15 710 -8 -1010 1 0 0 0 1 0 0 0 1 parts/3024.dat
0 STEP
0 // step 45: floor 1: 10 pieces at plate 0
1 15 770 -8 -1010 1 0 0 0 1 0 0 0 1 parts/3024.dat
1 71 100 -8 -1040 1 0 0 0 1 0 0 0 1 parts/3020.dat
1 15 150 -8 -1040 0 0 -1 0 1 0 1 0 0 parts/3023.dat
1 15 210 -8 -1040 0 0 -1 0 1 0 1 0 0 parts/3023.dat
1 71 260 -8 -1040 1 0 0 0 1 0 0 0 1 parts/3020.dat
1 15 320 -8 -1030 1 0 0 0 1 0 0 0 1 parts/3023.dat
1 15 360 -8 -1060 0 0 -1 0 1 0 1 0 0 parts/3020.dat
1 71 400 -8 -1060 0 0 -1 0 1 0 1 0 0 parts/3020.dat
1 71 430 -8 -1040 0 0 -1 0 1 0 1 0 0 parts/3023.dat
1 15 500 -8 -1060 0 0 -1 0 1 0 1 0 0 parts/3020.dat
0 STEP
0 // step 46: floor 1: 10 pieces at plate 0
1 15 530 -8 -1040 0 0 -1 0 1 0 1 0 0 parts/3023.dat
1 71 560 -8 -1060 0 0 -1 0 1 0 1 0 0 parts/3020.dat
1 15 660 -8 -1040 1 0 0 0 1 0 0 0 1 parts/3020.dat
1 71 710 -8 -1040 0 0 -1 0 1 0 1 0 0 parts/3023.dat
1 71 770 -8 -1040 0 0 -1 0 1 0 1 0 0 parts/3023.dat
1 71 100 -8 -1080 1 0 0 0 1 0 0 0 1 parts/3020.dat
1 15 180 -8 -1080 1 0 0 0 1 0 0 0 1 parts/3020.dat
1 71 260 -8 -1080 1 0 0 0 1 0 0 0 1 parts/3020.dat
1 15 320 -8 -1080 1 0 0 0 1 0 0 0 1 parts/3022.dat
1 71 440 -8 -1080 1 0 0 0 1 0 0 0 1 parts/3022.dat
0 STEP
0 // step 47: floor 1: 10 pieces at plate 0
1 15 470 -8 -1080 0 0 -1 0 1 0 1 0 0 parts/3023.dat
1 15 530 -8 -1080 0 0 -1 0 1 0 1 0 0 parts/3023.dat
1 71 600 -8 -1080 1 0 0 0 1 0 0 0 1 parts/3022.dat
1 15 660 -8 -1080 1 0 0 0 1 0 0 0 1 parts/3020.dat
1 71 740 -8 -1080 1 0 0 0 1 0 0 0 1 parts/3020.dat
1 15 100 -8 -1120 1 0 0 0 1 0 0 0 1 parts/3020.dat
1 71 150 -8 -1120 0 0 -1 0 1 0 1 0 0 parts/3023.dat
1 71 210 -8 -1120 0 0 -1 0 1 0 1 0 0 parts/3023.dat
1 15 260 -8 -1120 1 0 0 0 1 0 0 0 1 parts/3020.dat
1 71 360 -8 -1140 0 0 -1 0 1 0 1 0 0 parts/3020.dat
0 STEP
0 // step 48: floor 1: 10 pieces at plate 0
1 15 400 -8 -1140 0 0 -1 0 1 0 1 0 0 parts/3020.dat
1 15 430 -8 -1120 0 0 -1 0 1 0 1 0 0 parts/3023.dat
1 71 500 -8 -1140 0 0 -1 0 1 0 1 0 0 parts/3020.dat
1 71 530 -8 -1120 0 0 -1 0 1 0 1 0 0 parts/3023.dat
1 15 560 -8 -1140 0 0 -1 0 1 0 1 0 0 parts/3020.dat
1 71 660 -8 -1120 1 0 0 0 1 0 0 0 1 parts/3020.dat
1 15 710 -8 -1120 0 0 -1 0 1 0 1 0 0 parts/3023.dat
1 15 770 -8 -1120 0 0 -1 0 1 0 1 0 0 parts/3023.dat
1 71 180 -8 -1140 1 0 0 0 1 0 0 0 1 parts/3022.dat
1 71 320 -8 -1140 1 0 0 0 1 0 0 0 1 parts/3022.dat
0 STEP
0 // step 49: floor 1: 10 pieces at plate 0
1 15 450 -8 -1140 0 0 -1 0 1 0 1 0 0 parts/3023.dat
1 71 470 -8 -1140 0 0 -1 0 1 0 1 0 0 parts/3023.dat
1 15 600 -8 -1140 1 0 0 0 1 0 0 0 1 parts/3022.dat
1 15 740 -8 -1140 1 0 0 0 1 0 0 0 1 parts/3022.dat
1 15 100 -8 -1160 1 0 0 0 1 0 0 0 1 parts/3020.dat
1 71 150 -8 -1160 0 0 -1 0 1 0 1 0 0 parts/3023.dat
1 71 210 -8 -1160 0 0 -1 0 1 0 1 0 0 parts/3023.dat
1 15 260 -8 -1160 1 0 0 0 1 0 0 0 1 parts/3020.dat
1 15 430 -8 -1160 0 0 -1 0 1 0 1 0 0 parts/3023.dat
1 71 530 -8 -1160 0 0 -1 0 1 0 1 0 0 parts/3023.dat
0 STEP
0 // step 50: floor 1: 10 pieces at plate 0
1 71 640 -8 -1160 1 0 0 0 1 0 0 0 1 parts/3022.dat
1 71 680 -8 -1150 1 0 0 0 1 0 0 0 1 parts/3023.dat
1 15 710 -8 -1160 0 0 -1 0 1 0 1 0 0 parts/3023.dat
1 15 770 -8 -1160 0 0 -1 0 1 0 1 0 0 parts/3023.dat
1 71 180 -8 -1170 1 0 0 0 1 0 0 0 1 parts/3023.dat
1 71 320 -8 -1170 1 0 0 0 1 0 0 0 1 parts/3023.dat
1 15 450 -8 -1170 1 0 0 0 1 0 0 0 1 parts/3024.dat
1 71 470 -8 -1170 1 0 0 0 1 0 0 0 1 parts/3024.dat
1 15 590 -8 -1170 1 0 0 0 1 0 0 0 1 parts/3024.dat
1 71 690 -8 -1170 1 0 0 0 1 0 0 0 1 parts/3024.dat
0 STEP
0 // step 51: floor 1: 10 pieces at plate 0
1 15 740 -8 -1170 1 0 0 0 1 0 0 0 1 parts/3023.dat
1 71 100 -8 -1200 1 0 0 0 1 0 0 0 1 parts/3020.dat
1 15 180 -8 -1200 1 0 0 0 1 0 0 0 1 parts/3020.dat
1 71 260 -8 -1200 1 0 0 0 1 0 0 0 1 parts/3020.dat
1 15 340 -8 -1200 1 0 0 0 1 0 0 0 1 parts/3020.dat
1 71 420 -8 -1200 1 0 0 0 1 0 0 0 1 parts/3020.dat
1 15 500 -8 -1200 1 0 0 0 1 0 0 0 1 parts/3020.dat
1 71 560 -8 -1220 0 0 -1 0 1 0 1 0 0 parts/3020.dat
1 71 590 -8 -1200 0 0 -1 0 1 0 1 0 0 parts/3023.dat
1 15 640 -8 -1220 0 0 -1 0 1 0 1 0 0 parts/3020.dat
0 STEP
0 // step 52: floor 1: 10 pieces at plate 0
1 15 690 -8 -1200 0 0 -1 0 1 0 1 0 0 parts/3023.dat
1 71 740 -8 -1200 1 0 0 0 1 0 0 0 1 parts/3020.dat
1 71 610 -8 -1220 0 0 -1 0 1 0 1 0 0 parts/3023.dat
1 15 670 -8 -1220 0 0 -1 0 1 0 1 0 0 parts/3023.dat
1 71 100 -8 -1240 1 0 0 0 1 0 0 0 1 parts/3020.dat
1 15 180 -8 -1240 1 0 0 0 1 0 0 0 1 parts/3020.dat
1 71 260 -8 -1240 1 0 0 0 1 0 0 0 1 parts/3020.dat
1 15 340 -8 -1240 1 0 0 0 1 0 0 0 1 parts/3020.dat
1 71 420 -8 -1240 1 0 0 0 1 0 0 0 1 parts/3020.dat
1 15 500 -8 -1240 1 0 0 0 1 0 0 0 1 parts/3020.dat
0 STEP
0 // step 53: floor 1: 10 pieces at plate 0
1 71 590 -8 -1240 0 0 -1 0 1 0 1 0 0 parts/3023.dat
1 15 690 -8 -1240 0 0 -1 0 1 0 1 0 0 parts/3023.dat
1 71 740 -8 -1240 1 0 0 0 1 0 0 0 1 parts/3020.dat
1 71 610 -8 -1250 1 0 0 0 1 0 0 0 1 parts/3024.dat
1 15 670 -8 -1250 1 0 0 0 1 0 0 0 1 parts/3024.dat
1 15 80 -8 -1270 1 0 0 0 1 0 0 0 1 parts/3023.dat
1 15 120 -8 -1270 1 0 0 0 1 0 0 0 1 parts/3023.dat
1 71 160 -8 -1270 1 0 0 0 1 0 0 0 1 parts/3023.dat
1 71 200 -8 -1270 1 0 0 0 1 0 0 0 1 parts/3023.dat
1 15 240 -8 -1270 1 0 0 0 1 0 0 0 1 parts/3023.dat
0 STEP
0 // step 54: floor 1: 10 pieces at plate 0
1 15 280 -8 -1270 1 0 0 0 1 0 0 0 1 parts/3023.dat
1 71 320 -8 -1270 1 0 0 0 1 0 0 0 1 parts/3023.dat
1 71 360 -8 -1270 1 0 0 0 1 0 0 0 1 parts/3023.dat
1 15 400 -8 -1270 1 0 0 0 1 0 0 0 1 parts/3023.dat
1 15 440 -8 -1270 1 0 0 0 1 0 0 0 1 parts/3023.dat
1 71 480 -8 -1270 1 0 0 0 1 0 0 0 1 parts/3023.dat
1 71 520 -8 -1270 1 0 0 0 1 0 0 0 1 parts/3023.dat
1 15 560 -8 -1270 1 0 0 0 1 0 0 0 1 parts/3023.dat
1 15 600 -8 -1270 1 0 0 0 1 0 0 0 1 parts/3023.dat
1 71 640 -8 -1270 1 0 0 0 1 0 0 0 1 parts/3023.dat
0 STEP
0 // step 55: floor 1: 10 pieces at plate 0
1 71 680 -8 -1270 1 0 0 0 1 0 0 0 1 parts/3023.dat
1 15 720 -8 -1270 1 0 0 0 1 0 0 0 1 parts/3023.dat
1 15 760 -8 -1270 1 0 0 0 1 0 0 0 1 parts/3023.dat
1 15 70 -8 -1300 0 0 -1 0 1 0 1 0 0 parts/3023.dat
1 15 70 -8 -1330 1 0 0 0 1 0 0 0 1 parts/3024.dat
1 71 100 -8 -1360 1 0 0 0 1 0 0 0 1 parts/3020.dat
1 15 180 -8 -1360 1 0 0 0 1 0 0 0 1 parts/3020.dat
1 71 260 -8 -1360 1 0 0 0 1 0 0 0 1 parts/3020.dat
1 15 340 -8 -1360 1 0 0 0 1 0 0 0 1 parts/3020.dat
1 71 420 -8 -1360 1 0 0 0 1 0 0 0 1 parts/3020.dat
0 STEP
0 // step 56: floor 1: 4 pieces at plate 0
1 15 500 -8 -1360 1 0 0 0 1 0 0 0 1 parts/3020.dat
1 71 580 -8 -1360 1 0 0 0 1 0 0 0 1 parts/3020.dat
1 15 660 -8 -1360 1 0 0 0 1 0 0 0 1 parts/3020.dat
1 71 740 -8 -1360 1 0 0 0 1 0 0 0 1 parts/3020.dat
0 STEP
0 // step 57: floor 2: 10 pieces at plate 0
1 15 900 -8 -160 1 0 0 0 1 0 0 0 1 parts/3020.dat
1 71 980 -8 -160 1 0 0 0 1 0 0 0 1 parts/3020.dat
1 15 1060 -8 -160 1 0 0 0 1 0 0 0 1 parts/3020.dat
1 71 1140 -8 -160 1 0 0 0 1 0 0 0 1 parts/3020.dat
1 15 1220 -8 -160 1 0 0 0 1 0 0 0 1 parts/3020.dat
1 71 1300 -8 -160 1 0 0 0 1 0 0 0 1 parts/3020.dat
1 15 1380 -8 -160 1 0 0 0 1 0 0 0 1 parts/3020.dat
1 71 1460 -8 -160 1 0 0 0 1 0 0 0 1 parts/3020.dat
1 15 1540 -8 -160 1 0 0 0 1 0 0 0 1 parts/3020.dat
1 15 880 -8 -190 1 0 0 0 1 0 0 0 1 parts/3023.dat
0 STEP
0 // step 58: floor 2: 10 pieces at plate 0
1 15 920 -8 -200 1 0 0 0 1 0 0 0 1 parts/3022.dat
1 71 980 -8 -200 1 0 0 0 1 0 0 0 1 parts/3020.dat
1 15 1060 -8 -200 1 0 0 0 1 0 0 0 1 parts/3020.dat
1 71 1140 -8 -200 1 0 0 0 1 0 0 0 1 parts/3020.dat
1 15 1190 -8 -200 0 0 -1 0 1 0 1 0 0 parts/3023.dat
1 15 1250 -8 -200 0 0 -1 0 1 0 1 0 0 parts/3023.dat
1 71 1300 -8 -200 1 0 0 0 1 0 0 0 1 parts/3022.dat
1 71 1330 -8 -200 0 0 -1 0 1 0 1 0 0 parts/3023.dat
1 15 1350 -8 -200 0 0 -1 0 1 0 1 0 0 parts/3023.dat
1 15 1410 -8 -200 0 0 -1 0 1 0 1 0 0 parts/3023.dat
0 STEP
0 // step 59: floor 2: 10 pieces at plate 0
1 71 1460 -8 -200 1 0 0 0 1 0 0 0 1 parts/3022.dat
1 71 1490 -8 -200 0 0 -1 0 1 0 1 0 0 parts/3023.dat
1 15 1510 -8 -200 0 0 -1 0 1 0 1 0 0 parts/3023.dat
1 15 1570 -8 -200 0 0 -1 0 1 0 1 0 0 parts/3023.dat
1 15 890 -8 -210 1 0 0 0 1 0 0 0 1 parts/3024.dat
1 71 1270 -8 -210 1 0 0 0 1 0 0 0 1 parts/3024.dat
1 71 1430 -8 -210 1 0 0 0 1 0 0 0 1 parts/3024.dat
1 71 900 -8 -260 0 0 -1 0 1 0 1 0 0 parts/3020.dat
1 71 930 -8 -240 0 0 -1 0 1 0 1 0 0 parts/3023.dat
1 15 980 -8 -240 1 0 0 0 1 0 0 0 1 parts/3020.dat
0 STEP
0 // step 60: floor 2: 10 pieces at plate 0
1 71 1060 -8 -240 1 0 0 0 1 0 0 0 1 parts/3020.dat
1 15 1140 -8 -240 1 0 0 0 1 0 0 0 1 parts/3020.dat
1 71 1190 -8 -240 0 0 -1 0 1 0 1 0 0 parts/3023.dat
1 71 1250 -8 -240 0 0 -1 0 1 0 1 0 0 parts/3023.dat
1 15 1300 -8 -240 1 0 0 0 1 0 0 0 1 parts/3020.dat
1 71 1350 -8 -240 0 0 -1 0 1 0 1 0 0 parts/3023.dat
1 71 1410 -8 -240 0 0 -1 0 1 0 1 0 0 parts/3023.dat
1 15 1460 -8 -240 1 0 0 0 1 0 0 0 1 parts/3020.dat
1 71 1510 -8 -240 0 0 -1 0 1 0 1 0 0 parts/3023.dat
1 71 1570 -8 -240 0 0 -1 0 1 0 1 0 0 parts/3023.dat
0 STEP
0 // step 61: floor 2: 10 pieces at plate 0
1 71 870 -8 -250 1 0 0 0 1 0 0 0 1 parts/3024.dat
1 71 930 -8 -280 0 0 -1 0 1 0 1 0 0 parts/3023.dat
1 15 980 -8 -280 1 0 0 0 1 0 0 0 1 parts/3020.dat
1 71 1060 -8 -280 1 0 0 0 1 0 0 0 1 parts/3020.dat
1 15 1140 -8 -280 1 0 0 0 1 0 0 0 1 parts/3020.dat
1 71 1190 -8 -280 0 0 -1 0 1 0 1 0 0 parts/3023.dat
1 71 1250 -8 -270 1 0 0 0 1 0 0 0 1 parts/3024.dat
1 15 1280 -8 -270 1 0 0 0 1 0 0 0 1 parts/3023.dat
1 15 1320 -8 -280 1 0 0 0 1 0 0 0 1 parts/3022.dat
1 71 1350 -8 -280 0 0 -1 0 1 0 1 0 0 parts/3023.dat
0 STEP
0 // step 62: floor 2: 10 pieces at plate 0
1 71 1410 -8 -270 1 0 0 0 1 0 0 0 1 parts/3024.dat
1 15 1440 -8 -270 1 0 0 0 1 0 0 0 1 parts/3023.dat
1 15 1480 -8 -280 1 0 0 0 1 0 0 0 1 parts/3022.dat
1 71 1510 -8 -280 0 0 -1 0 1 0 1 0 0 parts/3023.dat
1 71 1570 -8 -270 1 0 0 0 1 0 0 0 1 parts/3024.dat
1 15 1290 -8 -290 1 0 0 0 1 0 0 0 1 parts/3024.dat
1 15 1450 -8 -290 1 0 0 0 1 0 0 0 1 parts/3024.dat
1 15 900 -8 -320 1 0 0 0 1 0 0 0 1 parts/3020.dat
1 71 980 -8 -320 1 0 0 0 1 0 0 0 1 parts/3020.dat
1 15 1060 -8 -320 1 0 0 0 1 0 0 0 1 parts/3020.dat
0 STEP
0 // step 63: floor 2: 10 pieces at plate 0
1 71 1140 -8 -320 1 0 0 0 1 0 0 0 1 parts/3020.dat
1 15 1190 -8 -320 0 0 -1 0 1 0 1 0 0 parts/3023.dat
1 71 1300 -8 -320 1 0 0 0 1 0 0 0 1 parts/3022.dat
1 71 1330 -8 -320 0 0 -1 0 1 0 1 0 0 parts/3023.dat
1 15 1350 -8 -320 0 0 -1 0 1 0 1 0 0 parts/3023.dat
1 71 1460 -8 -320 1 0 0 0 1 0 0 0 1 parts/3022.dat
1 71 1490 -8 -320 0 0 -1 0 1 0 1 0 0 parts/3023.dat
1 15 1510 -8 -320 0 0 -1 0 1 0 1 0 0 parts/3023.dat
1 15 900 -8 -360 1 0 0 0 1 0 0 0 1 parts/3020.dat
1 71 980 -8 -360 1 0 0 0 1 0 0 0 1 parts/3020.dat
0 STEP
0 // step 64: floor 2: 10 pieces at plate 0
1 15 1060 -8 -360 1 0 0 0 1 0 0 0 1 parts/3020.dat
1 71 1120 -8 -360 1 0 0 0 1 0 0 0 1 parts/3022.dat
1 15 1220 -8 -360 1 0 0 0 1 0 0 0 1 parts/3022.dat
1 15 1250 -8 -360 0 0 -1 0 1 0 1 0 0 parts/3023.dat
1 71 1280 -8 -360 1 0 0 0 1 0 0 0 1 parts/3022.dat
1 15 1380 -8 -360 1 0 0 0 1 0 0 0 1 parts/3022.dat
1 15 1410 -8 -360 0 0 -1 0 1 0 1 0 0 parts/3023.dat
1 71 1440 -8 -360 1 0 0 0 1 0 0 0 1 parts/3022.dat
1 15 1540 -8 -360 1 0 0 0 1 0 0 0 1 parts/3022.dat
1 15 1570 -8 -360 0 0 -1 0 1 0 1 0 0 parts/3023.dat
0 STEP
0 // step 65: floor 2: 10 pieces at plate 0
1 71 900 -8 -400 1 0 0 0 1 0 0 0 1 parts/3020.dat
1 15 980 -8 -400 1 0 0 0 1 0 0 0 1 parts/3020.dat
1 71 1060 -8 -400 1 0 0 0 1 0 0 0 1 parts/3020.dat
1 15 1140 -8 -400 1 0 0 0 1 0 0 0 1 parts/3020.dat
1 71 1220 -8 -400 1 0 0 0 1 0 0 0 1 parts/3020.dat
1 15 1300 -8 -400 1 0 0 0 1 0 0 0 1 parts/3020.dat
1 71 1380 -8 -400 1 0 0 0 1 0 0 0 1 parts/3020.dat
1 15 1460 -8 -400 1 0 0 0 1 0 0 0 1 parts/3020.dat
1 71 1540 -8 -400 1 0 0 0 1 0 0 0 1 parts/3020.dat
1 71 900 -8 -440 1 0 0 0 1 0 0 0 1 parts/3020.dat
0 STEP
0 // step 66: floor 2: 10 pieces at plate 0
1 15 980 -8 -440 1 0 0 0 1 0 0 0 1 parts/3020.dat
1 71 1060 -8 -440 1 0 0 0 1 0 0 0 1 parts/3020.dat
1 15 1140 -8 -440 1 0 0 0 1 0 0 0 1 parts/3020.dat
1 71 1220 -8 -440 1 0 0 0 1 0 0 0 1 parts/3020.dat
1 15 1300 -8 -440 1 0 0 0 1 0 0 0 1 parts/3020.dat
1 71 1380 -8 -440 1 0 0 0 1 0 0 0 1 parts/3020.dat
1 15 1460 -8 -440 1 0 0 0 1 0 0 0 1 parts/3020.dat
1 71 1540 -8 -440 1 0 0 0 1 0 0 0 1 parts/3020.dat
1 15 900 -8 -480 1 0 0 0 1 0 0 0 1 parts/3020.dat
1 71 980 -8 -480 1 0 0 0 1 0 0 0 1 parts/3020.dat
0 STEP
0 // step 67: floor 2: 10 pieces at plate 0
1 15 1060 -8 -480 1 0 0 0 1 0 0 0 1 parts/3020.dat
1 71 1140 -8 -480 1 0 0 0 1 0 0 0 1 parts/3020.dat
1 15 1220 -8 -480 1 0 0 0 1 0 0 0 1 parts/3020.dat
1 71 1300 -8 -480 1 0 0 0 1 0 0 0 1 parts/3020.dat
1 15 1380 -8 -480 1 0 0 0 1 0 0 0 1 parts/3020.dat
1 71 1460 -8 -480 1 0 0 0 1 0 0 0 1 parts/3020.dat
1 15 1540 -8 -480 1 0 0 0 1 0 0 0 1 parts/3020.dat
1 15 900 -8 -510 1 0 0 0 1 0 0 0 1 parts/3023.dat
1 15 930 -8 -520 0 0 -1 0 1 0 1 0 0 parts/3023.dat
1 71 960 -8 -520 1 0 0 0 1 0 0 0 1 parts/3022.dat
0 STEP
0 // step 68: floor 2: 10 pieces at plate 0
1 71 990 -8 -520 0 0 -1 0 1 0 1 0 0 parts/3023.dat
1 15 1040 -8 -510 1 0 0 0 1 0 0 0 1 parts/3023.dat
1 15 1080 -8 -520 1 0 0 0 1 0 0 0 1 parts/3022.dat
1 71 1120 -8 -520 1 0 0 0 1 0 0 0 1 parts/3022.dat
1 71 1170 -8 -510 1 0 0 0 1 0 0 0 1 parts/3024.dat
1 15 1220 -8 -520 1 0 0 0 1 0 0 0 1 parts/3020.dat
1 71 1270 -8 -520 0 0 -1 0 1 0 1 0 0 parts/3023.dat
1 71 1320 -8 -510 1 0 0 0 1 0 0 0 1 parts/3023.dat
1 15 1380 -8 -520 1 0 0 0 1 0 0 0 1 parts/3020.dat
1 71 1460 -8 -510 1 0 0 0 1 0 0 0 1 parts/3023.dat
0 STEP
0 // step 69: floor 2: 10 pieces at plate 0
1 71 1490 -8 -520 0 0 -1 0 1 0 1 0 0 parts/3023.dat
1 15 1540 -8 -520 1 0 0 0 1 0 0 0 1 parts/3020.dat
1 15 910 -8 -530 1 0 0 0 1 0 0 0 1 parts/3024.dat
1 15 1050 -8 -530 1 0 0 0 1 0 0 0 1 parts/3024.dat
1 71 1330 -8 -530 1 0 0 0 1 0 0 0 1 parts/3024.dat
1 71 1470 -8 -530 1 0 0 0 1 0 0 0 1 parts/3024.dat
1 71 920 -8 -580 0 0 -1 0 1 0 1 0 0 parts/3020.dat
1 15 960 -8 -580 0 0 -1 0 1 0 1 0 0 parts/3020.dat
1 15 990 -8 -560 0 0 -1 0 1 0 1 0 0 parts/3023.dat
1 71 1060 -8 -580 0 0 -1 0 1 0 1 0 0 parts/3020.dat
0 STEP
0 // step 70: floor 2: 10 pieces at plate 0
1 71 1090 -8 -560 0 0 -1 0 1 0 1 0 0 parts/3023.dat
1 15 1120 -8 -580 0 0 -1 0 1 0 1 0 0 parts/3020.dat
1 71 1220 -8 -560 1 0 0 0 1 0 0 0 1 parts/3020.dat
1 15 1270 -8 -560 0 0 -1 0 1 0 1 0 0 parts/3023.dat
1 15 1330 -8 -560 0 0 -1 0 1 0 1 0 0 parts/3023.dat
1 71 1380 -8 -560 1 0 0 0 1 0 0 0 1 parts/3020.dat
1 15 1480 -8 -580 0 0 -1 0 1 0 1 0 0 parts/3020.dat
1 71 1540 -8 -560 1 0 0 0 1 0 0 0 1 parts/3020.dat
1 71 880 -8 -600 1 0 0 0 1 0 0 0 1 parts/3022.dat
1 15 1000 -8 -600 1 0 0 0 1 0 0 0 1 parts/3022.dat
0 STEP
0 // step 71: floor 2: 10 pieces at plate 0
1 71 1030 -8 -600 0 0 -1 0 1 0 1 0 0 parts/3023.dat
1 71 1090 -8 -600 0 0 -1 0 1 0 1 0 0 parts/3023.dat
1 15 1160 -8 -590 1 0 0 0 1 0 0 0 1 parts/3023.dat
1 71 1220 -8 -600 1 0 0 0 1 0 0 0 1 parts/3020.dat
1 15 1280 -8 -590 1 0 0 0 1 0 0 0 1 parts/3023.dat
1 15 1320 -8 -590 1 0 0 0 1 0 0 0 1 parts/3023.dat
1 71 1380 -8 -600 1 0 0 0 1 0 0 0 1 parts/3020.dat
1 15 1440 -8 -590 1 0 0 0 1 0 0 0 1 parts/3023.dat
1 71 1540 -8 -600 1 0 0 0 1 0 0 0 1 parts/3020.dat
1 15 1270 -8 -610 1 0 0 0 1 0 0 0 1 parts/3024.dat
0 STEP
0 // step 72: floor 2: 10 pieces at plate 0
1 15 1330 -8 -610 1 0 0 0 1 0 0 0 1 parts/3024.dat
1 71 820 -8 -640 1 0 0 0 1 0 0 0 1 parts/3020.dat
1 15 880 -8 -630 1 0 0 0 1 0 0 0 1 parts/3023.dat
1 15 920 -8 -660 0 0 -1 0 1 0 1 0 0 parts/3020.dat
1 71 960 -8 -660 0 0 -1 0 1 0 1 0 0 parts/3020.dat
1 71 1000 -8 -630 1 0 0 0 1 0 0 0 1 parts/3023.dat
1 15 1040 -8 -630 1 0 0 0 1 0 0 0 1 parts/3023.dat
1 15 1080 -8 -660 0 0 -1 0 1 0 1 0 0 parts/3020.dat
1 71 1120 -8 -660 0 0 -1 0 1 0 1 0 0 parts/3020.dat
1 15 1220 -8 -640 1 0 0 0 1 0 0 0 1 parts/3020.dat
0 STEP
0 // step 73: floor 2: 10 pieces at plate 0
1 71 1270 -8 -640 0 0 -1 0 1 0 1 0 0 parts/3023.dat
1 71 1330 -8 -640 0 0 -1 0 1 0 1 0 0 parts/3023.dat
1 15 1380 -8 -640 1 0 0 0 1 0 0 0 1 parts/3020.dat
1 71 1480 -8 -660 0 0 -1 0 1 0 1 0 0 parts/3020.dat
1 15 1540 -8 -640 1 0 0 0 1 0 0 0 1 parts/3020.dat
1 71 990 -8 -660 0 0 -1 0 1 0 1 0 0 parts/3023.dat
1 15 1050 -8 -660 0 0 -1 0 1 0 1 0 0 parts/3023.dat
1 71 820 -8 -680 1 0 0 0 1 0 0 0 1 parts/3020.dat
1 15 1220 -8 -680 1 0 0 0 1 0 0 0 1 parts/3020.dat
1 71 1270 -8 -680 0 0 -1 0 1 0 1 0 0 parts/3023.dat
0 STEP
0 // step 74: floor 2: 10 pieces at plate 0
1 71 1330 -8 -680 0 0 -1 0 1 0 1 0 0 parts/3023.dat
1 15 1380 -8 -680 1 0 0 0 1 0 0 0 1 parts/3020.dat
1 15 1540 -8 -680 1 0 0 0 1 0 0 0 1 parts/3020.dat
1 71 990 -8 -690 1 0 0 0 1 0 0 0 1 parts/3024.dat
1 15 1050 -8 -690 1 0 0 0 1 0 0 0 1 parts/3024.dat
1 15 820 -8 -720 1 0 0 0 1 0 0 0 1 parts/3020.dat
1 71 880 -8 -710 1 0 0 0 1 0 0 0 1 parts/3023.dat
1 71 920 -8 -740 0 0 -1 0 1 0 1 0 0 parts/3020.dat
1 15 980 -8 -720 1 0 0 0 1 0 0 0 1 parts/3020.dat
1 71 1060 -8 -720 1 0 0 0 1 0 0 0 1 parts/3020.dat
0 STEP
0 // step 75: floor 2: 10 pieces at plate 0
1 15 1120 -8 -740 0 0 -1 0 1 0 1 0 0 parts/3020.dat
1 15 1160 -8 -710 1 0 0 0 1 0 0 0 1 parts/3023.dat
1 71 1220 -8 -720 1 0 0 0 1 0 0 0 1 parts/3020.dat
1 15 1300 -8 -720 1 0 0 0 1 0 0 0 1 parts/3020.dat
1 71 1380 -8 -720 1 0 0 0 1 0 0 0 1 parts/3020.dat
1 15 1440 -8 -710 1 0 0 0 1 0 0 0 1 parts/3023.dat
1 15 1480 -8 -740 0 0 -1 0 1 0 1 0 0 parts/3020.dat
1 71 1540 -8 -720 1 0 0 0 1 0 0 0 1 parts/3020.dat
1 15 820 -8 -760 1 0 0 0 1 0 0 0 1 parts/3020.dat
1 15 960 -8 -760 1 0 0 0 1 0 0 0 1 parts/3022.dat
0 STEP
0 // step 76: floor 2: 10 pieces at plate 0
1 15 1000 -8 -750 1 0 0 0 1 0 0 0 1 parts/3023.dat
1 71 1040 -8 -750 1 0 0 0 1 0 0 0 1 parts/3023.dat
1 71 1080 -8 -760 1 0 0 0 1 0 0 0 1 parts/3022.dat
1 71 1220 -8 -760 1 0 0 0 1 0 0 0 1 parts/3020.dat
1 15 1280 -8 -750 1 0 0 0 1 0 0 0 1 parts/3023.dat
1 15 1320 -8 -750 1 0 0 0 1 0 0 0 1 parts/3023.dat
1 71 1380 -8 -760 1 0 0 0 1 0 0 0 1 parts/3020.dat
1 71 1540 -8 -760 1 0 0 0 1 0 0 0 1 parts/3020.dat
1 71 880 -8 -770 1 0 0 0 1 0 0 0 1 parts/3023.dat
1 15 990 -8 -770 1 0 0 0 1 0 0 0 1 parts/3024.dat
0 STEP
0 // step 77: floor 2: 10 pieces at plate 0
1 71 1050 -8 -770 1 0 0 0 1 0 0 0 1 parts/3024.dat
1 15 1270 -8 -770 1 0 0 0 1 0 0 0 1 parts/3024.dat
1 15 1330 -8 -770 1 0 0 0 1 0 0 0 1 parts/3024.dat
1 15 1440 -8 -770 1 0 0 0 1 0 0 0 1 parts/3023.dat
1 71 820 -8 -800 1 0 0 0 1 0 0 0 1 parts/3020.dat
1 15 880 -8 -790 1 0 0 0 1 0 0 0 1 parts/3023.dat
1 15 920 -8 -820 0 0 -1 0 1 0 1 0 0 parts/3020.dat
1 71 960 -8 -820 0 0 -1 0 1 0 1 0 0 parts/3020.dat
1 71 990 -8 -800 0 0 -1 0 1 0 1 0 0 parts/3023.dat
1 15 1060 -8 -820 0 0 -1 0 1 0 1 0 0 parts/3020.dat
0 STEP
0 // step 78: floor 2: 10 pieces at plate 0
1 15 1090 -8 -800 0 0 -1 0 1 0 1 0 0 parts/3023.dat
1 71 1120 -8 -820 0 0 -1 0 1 0 1 0 0 parts/3020.dat
1 15 1220 -8 -800 1 0 0 0 1 0 0 0 1 parts/3020.dat
1 71 1270 -8 -800 0 0 -1 0 1 0 1 0 0 parts/3023.dat
1 71 1330 -8 -800 0 0 -1 0 1 0 1 0 0 parts/3023.dat
1 15 1380 -8 -800 1 0 0 0 1 0 0 0 1 parts/3020.dat
1 71 1440 -8 -790 1 0 0 0 1 0 0 0 1 parts/3023.dat
1 71 1480 -8 -820 0 0 -1 0 1 0 1 0 0 parts/3020.dat
1 15 1540 -8 -800 1 0 0 0 1 0 0 0 1 parts/3020.dat
1 71 820 -8 -840 1 0 0 0 1 0 0 0 1 parts/3020.dat
0 STEP
0 // step 79: floor 2: 10 pieces at plate 0
1 15 880 -8 -830 1 0 0 0 1 0 0 0 1 parts/3023.dat
1 71 1000 -8 -840 1 0 0 0 1 0 0 0 1 parts/3022.dat
1 15 1030 -8 -840 0 0 -1 0 1 0 1 0 0 parts/3023.dat
1 15 1090 -8 -840 0 0 -1 0 1 0 1 0 0 parts/3023.dat
1 71 1160 -8 -830 1 0 0 0 1 0 0 0 1 parts/3023.dat
1 15 1220 -8 -840 1 0 0 0 1 0 0 0 1 parts/3020.dat
1 71 1280 -8 -830 1 0 0 0 1 0 0 0 1 parts/3023.dat
1 71 1320 -8 -830 1 0 0 0 1 0 0 0 1 parts/3023.dat
1 15 1380 -8 -840 1 0 0 0 1 0 0 0 1 parts/3020.dat
1 71 1440 -8 -830 1 0 0 0 1 0 0 0 1 parts/3023.dat
0 STEP
0 // step 80: floor 2: 10 pieces at plate 0
1 15 1540 -8 -840 1 0 0 0 1 0 0 0 1 parts/3020.dat
1 71 1270 -8 -850 1 0 0 0 1 0 0 0 1 parts/3024.dat
1 71 1330 -8 -850 1 0 0 0 1 0 0 0 1 parts/3024.dat
1 15 820 -8 -880 1 0 0 0 1 0 0 0 1 parts/3020.dat
1 71 920 -8 -900 0 0 -1 0 1 0 1 0 0 parts/3020.dat
1 15 960 -8 -900 0 0 -1 0 1 0 1 0 0 parts/3020.dat
1 15 1000 -8 -870 1 0 0 0 1 0 0 0 1 parts/3023.dat
1 71 1040 -8 -870 1 0 0 0 1 0 0 0 1 parts/3023.dat
1 71 1080 -8 -900 0 0 -1 0 1 0 1 0 0 parts/3020.dat
1 15 1120 -8 -900 0 0 -1 0 1 0 1 0 0 parts/3020.dat
0 STEP
0 // step 81: floor 2: 10 pieces at plate 0
1 71 1220 -8 -880 1 0 0 0 1 0 0 0 1 parts/3020.dat
1 15 1270 -8 -880 0 0 -1 0 1 0 1 0 0 parts/3023.dat
1 15 1330 -8 -880 0 0 -1 0 1 0 1 0 0 parts/3023.dat
1 71 1380 -8 -880 1 0 0 0 1 0 0 0 1 parts/3020.dat
1 15 1480 -8 -900 0 0 -1 0 1 0 1 0 0 parts/3020.dat
1 71 1540 -8 -880 1 0 0 0 1 0 0 0 1 parts/3020.dat
1 15 990 -8 -900 0 0 -1 0 1 0 1 0 0 parts/3023.dat
1 71 1050 -8 -900 0 0 -1 0 1 0 1 0 0 parts/3023.dat
1 15 1300 -8 -900 1 0 0 0 1 0 0 0 1 parts/3022.dat
1 15 820 -8 -920 1 0 0 0 1 0 0 0 1 parts/3020.dat
0 STEP
0 // step 82: floor 2: 10 pieces at plate 0
1 71 1220 -8 -920 1 0 0 0 1 0 0 0 1 parts/3020.dat
1 15 1270 -8 -920 0 0 -1 0 1 0 1 0 0 parts/3023.dat
1 15 1330 -8 -920 0 0 -1 0 1 0 1 0 0 parts/3023.dat
1 71 1380 -8 -920 1 0 0 0 1 0 0 0 1 parts/3020.dat
1 71 1540 -8 -920 1 0 0 0 1 0 0 0 1 parts/3020.dat
1 15 990 -8 -930 1 0 0 0 1 0 0 0 1 parts/3024.dat
1 71 1050 -8 -930 1 0 0 0 1 0 0 0 1 parts/3024.dat
1 71 820 -8 -960 1 0 0 0 1 0 0 0 1 parts/3020.dat
1 15 880 -8 -950 1 0 0 0 1 0 0 0 1 parts/3023.dat
1 15 920 -8 -980 0 0 -1 0 1 0 1 0 0 parts/3020.dat
0 STEP
0 // step 83: floor 2: 10 pieces at plate 0
1 71 960 -8 -980 0 0 -1 0 1 0 1 0 0 parts/3020.dat
1 71 1000 -8 -950 1 0 0 0 1 0 0 0 1 parts/3023.dat
1 15 1040 -8 -950 1 0 0 0 1 0 0 0 1 parts/3023.dat
1 15 1080 -8 -980 0 0 -1 0 1 0 1 0 0 parts/3020.dat
1 71 1120 -8 -980 0 0 -1 0 1 0 1 0 0 parts/3020.dat
1 71 1160 -8 -950 1 0 0 0 1 0 0 0 1 parts/3023.dat
1 15 1220 -8 -960 1 0 0 0 1 0 0 0 1 parts/3020.dat
1 71 1280 -8 -950 1 0 0 0 1 0 0 0 1 parts/3023.dat
1 71 1320 -8 -950 1 0 0 0 1 0 0 0 1 parts/3023.dat
1 15 1380 -8 -960 1 0 0 0 1 0 0 0 1 parts/3020.dat
0 STEP
0 // step 84: floor 2: 10 pieces at plate 0
1 71 1440 -8 -950 1 0 0 0 1 0 0 0 1 parts/3023.dat
1 71 1480 -8 -980 0 0 -1 0 1 0 1 0 0 parts/3020.dat
1 15 1540 -8 -960 1 0 0 0 1 0 0 0 1 parts/3020.dat
1 71 990 -8 -980 0 0 -1 0 1 0 1 0 0 parts/3023.dat
1 15 1050 -8 -980 0 0 -1 0 1 0 1 0 0 parts/3023.dat
1 71 1270 -8 -980 0 0 -1 0 1 0 1 0 0 parts/3023.dat
1 71 1330 -8 -980 0 0 -1 0 1 0 1 0 0 parts/3023.dat
1 71 820 -8 -1000 1 0 0 0 1 0 0 0 1 parts/3020.dat
1 15 1220 -8 -1000 1 0 0 0 1 0 0 0 1 parts/3020.dat
1 15 1380 -8 -1000 1 0 0 0 1 0 0 0 1 parts/3020.dat
0 STEP
0 // step 85: floor 2: 10 pieces at plate 0
1 15 1540 -8 -1000 1 0 0 0 1 0 0 0 1 parts/3020.dat
1 71 990 -8 -1010 1 0 0 0 1 0 0 0 1 parts/3024.dat
1 15 1050 -8 -1010 1 0 0 0 1 0 0 0 1 parts/3024.dat
1 71 1270 -8 -1010 1 0 0 0 1 0 0 0 1 parts/3024.dat
1 71 1330 -8 -1010 1 0 0 0 1 0 0 0 1 parts/3024.dat
1 71 1440 -8 -1010 1 0 0 0 1 0 0 0 1 parts/3023.dat
1 15 820 -8 -1040 1 0 0 0 1 0 0 0 1 parts/3020.dat
1 71 920 -8 -1060 0 0 -1 0 1 0 1 0 0 parts/3020.dat
1 15 960 -8 -1060 0 0 -1 0 1 0 1 0 0 parts/3020.dat
1 15 990 -8 -1040 0 0 -1 0 1 0 1 0 0 parts/3023.dat
0 STEP
0 // step 86: floor 2: 10 pieces at plate 0
1 71 1060 -8 -1060 0 0 -1 0 1 0 1 0 0 parts/3020.dat
1 71 1090 -8 -1040 0 0 -1 0 1 0 1 0 0 parts/3023.dat
1 15 1120 -8 -1060 0 0 -1 0 1 0 1 0 0 parts/3020.dat
1 71 1220 -8 -1040 1 0 0 0 1 0 0 0 1 parts/3020.dat
1 15 1270 -8 -1040 0 0 -1 0 1 0 1 0 0 parts/3023.dat
1 15 1330 -8 -1040 0 0 -1 0 1 0 1 0 0 parts/3023.dat
1 71 1380 -8 -1040 1 0 0 0 1 0 0 0 1 parts/3020.dat
1 15 1440 -8 -1030 1 0 0 0 1 0 0 0 1 parts/3023.dat
1 15 1480 -8 -1060 0 0 -1 0 1 0 1 0 0 parts/3020.dat
1 71 1540 -8 -1040 1 0 0 0 1 0 0 0 1 parts/3020.dat
0 STEP
0 // step 87: floor 2: 10 pieces at plate 0
1 15 820 -8 -1080 1 0 0 0 1 0 0 0 1 parts/3020.dat
1 71 880 -8 -1080 1 0 0 0 1 0 0 0 1 parts/3022.dat
1 15 1000 -8 -1080 1 0 0 0 1 0 0 0 1 parts/3022.dat
1 71 1030 -8 -1080 0 0 -1 0 1 0 1 0 0 parts/3023.dat
1 71 1090 -8 -1080 0 0 -1 0 1 0 1 0 0 parts/3023.dat
1 15 1160 -8 -1080 1 0 0 0 1 0 0 0 1 parts/3022.dat
1 71 1220 -8 -1080 1 0 0 0 1 0 0 0 1 parts/3020.dat
1 15 1300 -8 -1080 1 0 0 0 1 0 0 0 1 parts/3020.dat
1 71 1380 -8 -1080 1 0 0 0 1 0 0 0 1 parts/3020.dat
1 15 1440 -8 -1080 1 0 0 0 1 0 0 0 1 parts/3022.dat
0 STEP
0 // step 88: floor 2: 10 pieces at plate 0
1 71 1540 -8 -1080 1 0 0 0 1 0 0 0 1 parts/3020.dat
1 71 820 -8 -1120 1 0 0 0 1 0 0 0 1 parts/3020.dat
1 15 920 -8 -1140 0 0 -1 0 1 0 1 0 0 parts/3020.dat
1 71 960 -8 -1140 0 0 -1 0 1 0 1 0 0 parts/3020.dat
1 71 990 -8 -1120 0 0 -1 0 1 0 1 0 0 parts/3023.dat
1 15 1060 -8 -1140 0 0 -1 0 1 0 1 0 0 parts/3020.dat
1 15 1090 -8 -1120 0 0 -1 0 1 0 1 0 0 parts/3023.dat
1 71 1120 -8 -1140 0 0 -1 0 1 0 1 0 0 parts/3020.dat
1 15 1220 -8 -1120 1 0 0 0 1 0 0 0 1 parts/3020.dat
1 71 1270 -8 -1120 0 0 -1 0 1 0 1 0 0 parts/3023.dat
0 STEP
0 // step 89: floor 2: 10 pieces at plate 0
1 71 1330 -8 -1120 0 0 -1 0 1 0 1 0 0 parts/3023.dat
1 15 1380 -8 -1120 1 0 0 0 1 0 0 0 1 parts/3020.dat
1 71 1480 -8 -1140 0 0 -1 0 1 0 1 0 0 parts/3020.dat
1 15 880 -8 -1140 1 0 0 0 1 0 0 0 1 parts/3022.dat
1 71 1010 -8 -1140 0 0 -1 0 1 0 1 0 0 parts/3023.dat
1 15 1030 -8 -1140 0 0 -1 0 1 0 1 0 0 parts/3023.dat
1 71 1160 -8 -1140 1 0 0 0 1 0 0 0 1 parts/3022.dat
1 71 1300 -8 -1140 1 0 0 0 1 0 0 0 1 parts/3022.dat
1 71 1440 -8 -1140 1 0 0 0 1 0 0 0 1 parts/3022.dat
1 71 820 -8 -1160 1 0 0 0 1 0 0 0 1 parts/3020.dat
0 STEP
0 // step 90: floor 2: 10 pieces at plate 0
1 71 990 -8 -1160 0 0 -1 0 1 0 1 0 0 parts/3023.dat
1 15 1090 -8 -1160 0 0 -1 0 1 0 1 0 0 parts/3023.dat
1 15 1220 -8 -1160 1 0 0 0 1 0 0 0 1 parts/3020.dat
1 71 1270 -8 -1160 0 0 -1 0 1 0 1 0 0 parts/3023.dat
1 71 1330 -8 -1160 0 0 -1 0 1 0 1 0 0 parts/3023.dat
1 15 1380 -8 -1160 1 0 0 0 1 0 0 0 1 parts/3020.dat
1 15 880 -8 -1170 1 0 0 0 1 0 0 0 1 parts/3023.dat
1 71 1010 -8 -1170 1 0 0 0 1 0 0 0 1 parts/3024.dat
1 15 1030 -8 -1170 1 0 0 0 1 0 0 0 1 parts/3024.dat
1 71 1160 -8 -1170 1 0 0 0 1 0 0 0 1 parts/3023.dat
0 STEP
0 // step 91: floor 2: 10 pieces at plate 0
1 71 1300 -8 -1170 1 0 0 0 1 0 0 0 1 parts/3023.dat
1 71 1440 -8 -1170 1 0 0 0 1 0 0 0 1 parts/3023.dat
1 15 820 -8 -1200 1 0 0 0 1 0 0 0 1 parts/3020.dat
1 71 900 -8 -1200 1 0 0 0 1 0 0 0 1 parts/3020.dat
1 15 980 -8 -1200 1 0 0 0 1 0 0 0 1 parts/3020.dat
1 71 1060 -8 -1200 1 0 0 0 1 0 0 0 1 parts/3020.dat
1 15 1140 -8 -1200 1 0 0 0 1 0 0 0 1 parts/3020.dat
1 71 1220 -8 -1200 1 0 0 0 1 0 0 0 1 parts/3020.dat
1 15 1280 -8 -1220 0 0 -1 0 1 0 1 0 0 parts/3020.dat
1 15 1320 -8 -1190 1 0 0 0 1 0 0 0 1 parts/3023.dat
0 STEP
0 // step 92: floor 2: 10 pieces at plate 0
1 71 1360 -8 -1190 1 0 0 0 1 0 0 0 1 parts/3023.dat
1 71 1400 -8 -1190 1 0 0 0 1 0 0 0 1 parts/3023.dat
1 15 1440 -8 -1190 1 0 0 0 1 0 0 0 1 parts/3023.dat
1 15 1480 -8 -1190 1 0 0 0 1 0 0 0 1 parts/3023.dat
1 15 1310 -8 -1220 0 0 -1 0 1 0 1 0 0 parts/3023.dat
1 15 820 -8 -1240 1 0 0 0 1 0 0 0 1 parts/3020.dat
1 71 900 -8 -1240 1 0 0 0 1 0 0 0 1 parts/3020.dat
1 15 980 -8 -1240 1 0 0 0 1 0 0 0 1 parts/3020.dat
1 71 1060 -8 -1240 1 0 0 0 1 0 0 0 1 parts/3020.dat
1 15 1140 -8 -1240 1 0 0 0 1 0 0 0 1 parts/3020.dat
0 STEP
0 // step 93: floor 2: 10 pieces at plate 0
1 71 1220 -8 -1240 1 0 0 0 1 0 0 0 1 parts/3020.dat
1 15 1310 -8 -1250 1 0 0 0 1 0 0 0 1 parts/3024.dat
1 71 800 -8 -1270 1 0 0 0 1 0 0 0 1 parts/3023.dat
1 71 840 -8 -1270 1 0 0 0 1 0 0 0 1 parts/3023.dat
1 15 880 -8 -1270 1 0 0 0 1 0 0 0 1 parts/3023.dat
1 15 920 -8 -1270 1 0 0 0 1 0 0 0 1 parts/3023.dat
1 71 960 -8 -1270 1 0 0 0 1 0 0 0 1 parts/3023.dat
1 71 1000 -8 -1270 1 0 0 0 1 0 0 0 1 parts/3023.dat
1 15 1040 -8 -1270 1 0 0 0 1 0 0 0 1 parts/3023.dat
1 15 1080 -8 -1270 1 0 0 0 1 0 0 0 1 parts/3023.dat
0 STEP
0 // step 94: floor 2: 10 pieces at plate 0
1 71 1120 -8 -1270 1 0 0 0 1 0 0 0 1 parts/3023.dat
1 71 1160 -8 -1270 1 0 0 0 1 0 0 0 1 parts/3023.dat
1 15 1200 -8 -1270 1 0 0 0 1 0 0 0 1 parts/3023.dat
1 15 1240 -8 -1270 1 0 0 0 1 0 0 0 1 parts/3023.dat
1 71 1280 -8 -1270 1 0 0 0 1 0 0 0 1 parts/3023.dat
1 71 1320 -8 -1300 0 0 -1 0 1 0 1 0 0 parts/3020.dat
1 15 1380 -8 -1280 1 0 0 0 1 0 0 0 1 parts/3020.dat
1 71 1460 -8 -1280 1 0 0 0 1 0 0 0 1 parts/3020.dat
1 71 1290 -8 -1300 0 0 -1 0 1 0 1 0 0 parts/3023.dat
1 15 1380 -8 -1320 1 0 0 0 1 0 0 0 1 parts/3020.dat
0 STEP
0 // step 95: floor 2: 10 pieces at plate 0
1 71 1460 -8 -1320 1 0 0 0 1 0 0 0 1 parts/3020.dat
1 71 1290 -8 -1330 1 0 0 0 1 0 0 0 1 parts/3024.dat
1 15 820 -8 -1360 1 0 0 0 1 0 0 0 1 parts/3020.dat
1 71 900 -8 -1360 1 0 0 0 1 0 0 0 1 parts/3020.dat
1 15 980 -8 -1360 1 0 0 0 1 0 0 0 1 parts/3020.dat
1 71 1060 -8 -1360 1 0 0 0 1 0 0 0 1 parts/3020.dat
1 15 1140 -8 -1360 1 0 0 0 1 0 0 0 1 parts/3020.dat
1 71 1220 -8 -1360 1 0 0 0 1 0 0 0 1 parts/3020.dat
1 15 1300 -8 -1360 1 0 0 0 1 0 0 0 1 parts/3020.dat
1 71 1380 -8 -1360 1 0 0 0 1 0 0 0 1 parts/3020.dat
0 STEP
0 // step 96: floor 2: 1 piece at plate 0
1 15 1460 -8 -1360 1 0 0 0 1 0 0 0 1 parts/3020.dat
0 STEP
0 // step 97: floor 3: 10 pieces at plate 0
1 71 1620 -8 -160 1 0 0 0 1 0 0 0 1 parts/3020.dat
1 15 1700 -8 -160 1 0 0 0 1 0 0 0 1 parts/3020.dat
1 71 1780 -8 -160 1 0 0 0 1 0 0 0 1 parts/3020.dat
1 15 1840 -8 -180 0 0 -1 0 1 0 1 0 0 parts/3020.dat
1 71 1620 -8 -200 1 0 0 0 1 0 0 0 1 parts/3022.dat
1 71 1650 -8 -200 0 0 -1 0 1 0 1 0 0 parts/3023.dat
1 15 1670 -8 -200 0 0 -1 0 1 0 1 0 0 parts/3023.dat
1 15 1730 -8 -200 0 0 -1 0 1 0 1 0 0 parts/3023.dat
1 71 1780 -8 -200 1 0 0 0 1 0 0 0 1 parts/3022.dat
1 71 1810 -8 -200 0 0 -1 0 1 0 1 0 0 parts/3023.dat
0 STEP
0 // step 98: floor 3: 10 pieces at plate 0
1 71 1590 -8 -210 1 0 0 0 1 0 0 0 1 parts/3024.dat
1 71 1750 -8 -210 1 0 0 0 1 0 0 0 1 parts/3024.dat
1 15 1620 -8 -240 1 0 0 0 1 0 0 0 1 parts/3020.dat
1 71 1670 -8 -240 0 0 -1 0 1 0 1 0 0 parts/3023.dat
1 71 1730 -8 -240 0 0 -1 0 1 0 1 0 0 parts/3023.dat
1 15 1780 -8 -240 1 0 0 0 1 0 0 0 1 parts/3020.dat
1 71 1840 -8 -260 0 0 -1 0 1 0 1 0 0 parts/3020.dat
1 15 1600 -8 -270 1 0 0 0 1 0 0 0 1 parts/3023.dat
1 15 1640 -8 -280 1 0 0 0 1 0 0 0 1 parts/3022.dat
1 71 1670 -8 -280 0 0 -1 0 1 0 1 0 0 parts/3023.dat
0 STEP
0 // step 99: floor 3: 10 pieces at plate 0
1 71 1730 -8 -270 1 0 0 0 1 0 0 0 1 parts/3024.dat
1 15 1760 -8 -270 1 0 0 0 1 0 0 0 1 parts/3023.dat
1 15 1800 -8 -280 1 0 0 0 1 0 0 0 1 parts/3022.dat
1 15 1610 -8 -290 1 0 0 0 1 0 0 0 1 parts/3024.dat
1 15 1770 -8 -290 1 0 0 0 1 0 0 0 1 parts/3024.dat
1 71 1620 -8 -320 1 0 0 0 1 0 0 0 1 parts/3022.dat
1 71 1650 -8 -320 0 0 -1 0 1 0 1 0 0 parts/3023.dat
1 15 1670 -8 -320 0 0 -1 0 1 0 1 0 0 parts/3023.dat
1 71 1780 -8 -340 0 0 -1 0 1 0 1 0 0 parts/3020.dat
1 71 1810 -8 -320 0 0 -1 0 1 0 1 0 0 parts/3023.dat
0 STEP
0 // step 100: floor 3: 10 pieces at plate 0
1 15 1840 -8 -340 0 0 -1 0 1 0 1 0 0 parts/3020.dat
1 71 1600 -8 -360 1 0 0 0 1 0 0 0 1 parts/3022.dat
1 15 1700 -8 -360 1 0 0 0 1 0 0 0 1 parts/3022.dat
1 15 1730 -8 -360 0 0 -1 0 1 0 1 0 0 parts/3023.dat
1 71 1750 -8 -360 0 0 -1 0 1 0 1 0 0 parts/3023.dat
1 71 1810 -8 -360 0 0 -1 0 1 0 1 0 0 parts/3023.dat
1 15 1620 -8 -400 1 0 0 0 1 0 0 0 1 parts/3020.dat
1 71 1700 -8 -400 1 0 0 0 1 0 0 0 1 parts/3020.dat
1 15 1780 -8 -400 1 0 0 0 1 0 0 0 1 parts/3020.dat
1 71 1840 -8 -400 1 0 0 0 1 0 0 0 1 parts/3022.dat
0 STEP
0 // step 101: floor 3: 10 pieces at plate 0
1 15 1620 -8 -440 1 0 0 0 1 0 0 0 1 parts/3020.dat
1 71 1700 -8 -440 1 0 0 0 1 0 0 0 1 parts/3020.dat
1 15 1760 -8 -440 1 0 0 0 1 0 0 0 1 parts/3022.dat
1 15 1800 -8 -430 1 0 0 0 1 0 0 0 1 parts/3023.dat
1 71 1840 -8 -430 1 0 0 0 1 0 0 0 1 parts/3023.dat
1 15 1790 -8 -450 1 0 0 0 1 0 0 0 1 parts/3024.dat
1 71 1850 -8 -450 1 0 0 0 1 0 0 0 1 parts/3024.dat
1 71 1620 -8 -480 1 0 0 0 1 0 0 0 1 parts/3020.dat
1 15 1700 -8 -480 1 0 0 0 1 0 0 0 1 parts/3020.dat
1 71 1760 -8 -500 0 0 -1 0 1 0 1 0 0 parts/3020.dat
0 STEP
0 // step 102: floor 3: 10 pieces at plate 0
1 71 1790 -8 -480 0 0 -1 0 1 0 1 0 0 parts/3023.dat
1 15 1850 -8 -480 0 0 -1 0 1 0 1 0 0 parts/3023.dat
1 71 1620 -8 -520 1 0 0 0 1 0 0 0 1 parts/3020.dat
1 15 1680 -8 -510 1 0 0 0 1 0 0 0 1 parts/3023.dat
1 15 1720 -8 -510 1 0 0 0 1 0 0 0 1 parts/3023.dat
1 71 1790 -8 -520 0 0 -1 0 1 0 1 0 0 parts/3023.dat
1 15 1850 -8 -520 0 0 -1 0 1 0 1 0 0 parts/3023.dat
1 15 1670 -8 -530 1 0 0 0 1 0 0 0 1 parts/3024.dat
1 15 1730 -8 -530 1 0 0 0 1 0 0 0 1 parts/3024.dat
1 15 1620 -8 -560 1 0 0 0 1 0 0 0 1 parts/3020.dat
0 STEP
0 // step 103: floor 3: 10 pieces at plate 0
1 71 1670 -8 -560 0 0 -1 0 1 0 1 0 0 parts/3023.dat
1 71 1730 -8 -560 0 0 -1 0 1 0 1 0 0 parts/3023.dat
1 15 1760 -8 -580 0 0 -1 0 1 0 1 0 0 parts/3020.dat
1 15 1790 -8 -560 0 0 -1 0 1 0 1 0 0 parts/3023.dat
1 71 1850 -8 -560 0 0 -1 0 1 0 1 0 0 parts/3023.dat
1 15 1620 -8 -600 1 0 0 0 1 0 0 0 1 parts/3020.dat
1 71 1670 -8 -600 0 0 -1 0 1 0 1 0 0 parts/3023.dat
1 71 1730 -8 -600 0 0 -1 0 1 0 1 0 0 parts/3023.dat
1 15 1790 -8 -600 0 0 -1 0 1 0 1 0 0 parts/3023.dat
1 71 1850 -8 -600 0 0 -1 0 1 0 1 0 0 parts/3023.dat
0 STEP
0 // step 104: floor 3: 10 pieces at plate 0
1 71 1620 -8 -640 1 0 0 0 1 0 0 0 1 parts/3020.dat
1 15 1670 -8 -640 0 0 -1 0 1 0 1 0 0 parts/3023.dat
1 15 1730 -8 -640 0 0 -1 0 1 0 1 0 0 parts/3023.dat
1 71 1760 -8 -660 0 0 -1 0 1 0 1 0 0 parts/3020.dat
1 71 1790 -8 -640 0 0 -1 0 1 0 1 0 0 parts/3023.dat
1 15 1850 -8 -640 0 0 -1 0 1 0 1 0 0 parts/3023.dat
1 71 1620 -8 -680 1 0 0 0 1 0 0 0 1 parts/3020.dat
1 15 1670 -8 -680 0 0 -1 0 1 0 1 0 0 parts/3023.dat
1 15 1730 -8 -680 0 0 -1 0 1 0 1 0 0 parts/3023.dat
1 71 1790 -8 -680 0 0 -1 0 1 0 1 0 0 parts/3023.dat
0 STEP
0 // step 105: floor 3: 10 pieces at plate 0
1 15 1850 -8 -680 0 0 -1 0 1 0 1 0 0 parts/3023.dat
1 15 1620 -8 -720 1 0 0 0 1 0 0 0 1 parts/3020.dat
1 71 1670 -8 -720 0 0 -1 0 1 0 1 0 0 parts/3023.dat
1 71 1730 -8 -720 0 0 -1 0 1 0 1 0 0 parts/3023.dat
1 15 1760 -8 -740 0 0 -1 0 1 0 1 0 0 parts/3020.dat
1 15 1790 -8 -720 0 0 -1 0 1 0 1 0 0 parts/3023.dat
1 71 1850 -8 -720 0 0 -1 0 1 0 1 0 0 parts/3023.dat
1 71 1700 -8 -740 1 0 0 0 1 0 0 0 1 parts/3022.dat
1 15 1620 -8 -760 1 0 0 0 1 0 0 0 1 parts/3020.dat
1 71 1670 -8 -760 0 0 -1 0 1 0 1 0 0 parts/3023.dat
0 STEP
0 // step 106: floor 3: 10 pieces at plate 0
1 71 1730 -8 -760 0 0 -1 0 1 0 1 0 0 parts/3023.dat
1 15 1790 -8 -760 0 0 -1 0 1 0 1 0 0 parts/3023.dat
1 71 1850 -8 -760 0 0 -1 0 1 0 1 0 0 parts/3023.dat
1 71 1700 -8 -770 1 0 0 0 1 0 0 0 1 parts/3023.dat
1 15 1810 -8 -770 1 0 0 0 1 0 0 0 1 parts/3024.dat
1 71 1830 -8 -770 1 0 0 0 1 0 0 0 1 parts/3024.dat
1 71 1620 -8 -800 1 0 0 0 1 0 0 0 1 parts/3020.dat
1 15 1700 -8 -800 1 0 0 0 1 0 0 0 1 parts/3020.dat
1 71 1780 -8 -800 1 0 0 0 1 0 0 0 1 parts/3020.dat
1 15 1840 -8 -800 1 0 0 0 1 0 0 0 1 parts/3022.dat
0 STEP
0 // step 107: floor 3: 10 pieces at plate 0
1 71 1600 -8 -840 1 0 0 0 1 0 0 0 1 parts/3022.dat
1 71 1640 -8 -830 1 0 0 0 1 0 0 0 1 parts/3023.dat
1 15 1680 -8 -830 1 0 0 0 1 0 0 0 1 parts/3023.dat
1 15 1720 -8 -840 1 0 0 0 1 0 0 0 1 parts/3022.dat
1 71 1760 -8 -840 1 0 0 0 1 0 0 0 1 parts/3022.dat
1 71 1800 -8 -830 1 0 0 0 1 0 0 0 1 parts/3023.dat
1 15 1840 -8 -830 1 0 0 0 1 0 0 0 1 parts/3023.dat
1 71 1630 -8 -850 1 0 0 0 1 0 0 0 1 parts/3024.dat
1 15 1690 -8 -850 1 0 0 0 1 0 0 0 1 parts/3024.dat
1 71 1790 -8 -850 1 0 0 0 1 0 0 0 1 parts/3024.dat
0 STEP
0 // step 108: floor 3: 10 pieces at plate 0
1 15 1850 -8 -850 1 0 0 0 1 0 0 0 1 parts/3024.dat
1 15 1600 -8 -900 0 0 -1 0 1 0 1 0 0 parts/3020.dat
1 15 1630 -8 -880 0 0 -1 0 1 0 1 0 0 parts/3023.dat
1 71 1700 -8 -900 0 0 -1 0 1 0 1 0 0 parts/3020.dat
1 71 1730 -8 -880 0 0 -1 0 1 0 1 0 0 parts/3023.dat
1 15 1760 -8 -900 0 0 -1 0 1 0 1 0 0 parts/3020.dat
1 15 1790 -8 -880 0 0 -1 0 1 0 1 0 0 parts/3023.dat
1 71 1850 -8 -880 0 0 -1 0 1 0 1 0 0 parts/3023.dat
1 15 1630 -8 -920 0 0 -1 0 1 0 1 0 0 parts/3023.dat
1 71 1730 -8 -920 0 0 -1 0 1 0 1 0 0 parts/3023.dat
0 STEP
0 // step 109: floor 3: 10 pieces at plate 0
1 15 1790 -8 -920 0 0 -1 0 1 0 1 0 0 parts/3023.dat
1 71 1850 -8 -920 0 0 -1 0 1 0 1 0 0 parts/3023.dat
1 71 1600 -8 -980 0 0 -1 0 1 0 1 0 0 parts/3020.dat
1 71 1630 -8 -960 0 0 -1 0 1 0 1 0 0 parts/3023.dat
1 15 1700 -8 -980 0 0 -1 0 1 0 1 0 0 parts/3020.dat
1 15 1730 -8 -960 0 0 -1 0 1 0 1 0 0 parts/3023.dat
1 71 1760 -8 -980 0 0 -1 0 1 0 1 0 0 parts/3020.dat
1 71 1790 -8 -960 0 0 -1 0 1 0 1 0 0 parts/3023.dat
1 15 1850 -8 -960 0 0 -1 0 1 0 1 0 0 parts/3023.dat
1 71 1630 -8 -1000 0 0 -1 0 1 0 1 0 0 parts/3023.dat
0 STEP
0 // step 110: floor 3: 10 pieces at plate 0
1 15 1730 -8 -1000 0 0 -1 0 1 0 1 0 0 parts/3023.dat
1 71 1790 -8 -1000 0 0 -1 0 1 0 1 0 0 parts/3023.dat
1 15 1850 -8 -1000 0 0 -1 0 1 0 1 0 0 parts/3023.dat
1 15 1600 -8 -1060 0 0 -1 0 1 0 1 0 0 parts/3020.dat
1 15 1630 -8 -1040 0 0 -1 0 1 0 1 0 0 parts/3023.dat
1 71 1700 -8 -1060 0 0 -1 0 1 0 1 0 0 parts/3020.dat
1 71 1730 -8 -1040 0 0 -1 0 1 0 1 0 0 parts/3023.dat
1 15 1760 -8 -1060 0 0 -1 0 1 0 1 0 0 parts/3020.dat
1 15 1790 -8 -1040 0 0 -1 0 1 0 1 0 0 parts/3023.dat
1 71 1850 -8 -1040 0 0 -1 0 1 0 1 0 0 parts/3023.dat
0 STEP
0 // step 111: floor 3: 10 pieces at plate 0
1 15 1630 -8 -1080 0 0 -1 0 1 0 1 0 0 parts/3023.dat
1 71 1730 -8 -1080 0 0 -1 0 1 0 1 0 0 parts/3023.dat
1 15 1790 -8 -1080 0 0 -1 0 1 0 1 0 0 parts/3023.dat
1 71 1850 -8 -1080 0 0 -1 0 1 0 1 0 0 parts/3023.dat
1 15 1540 -8 -1120 1 0 0 0 1 0 0 0 1 parts/3020.dat
1 71 1600 -8 -1140 0 0 -1 0 1 0 1 0 0 parts/3020.dat
1 71 1630 -8 -1120 0 0 -1 0 1 0 1 0 0 parts/3023.dat
1 15 1700 -8 -1140 0 0 -1 0 1 0 1 0 0 parts/3020.dat
1 15 1730 -8 -1120 0 0 -1 0 1 0 1 0 0 parts/3023.dat
1 71 1760 -8 -1140 0 0 -1 0 1 0 1 0 0 parts/3020.dat
0 STEP
0 // step 112: floor 3: 10 pieces at plate 0
1 71 1790 -8 -1120 0 0 -1 0 1 0 1 0 0 parts/3023.dat
1 15 1850 -8 -1120 0 0 -1 0 1 0 1 0 0 parts/3023.dat
1 71 1650 -8 -1140 0 0 -1 0 1 0 1 0 0 parts/3023.dat
1 15 1670 -8 -1140 0 0 -1 0 1 0 1 0 0 parts/3023.dat
1 71 1810 -8 -1140 0 0 -1 0 1 0 1 0 0 parts/3023.dat
1 15 1830 -8 -1140 0 0 -1 0 1 0 1 0 0 parts/3023.dat
1 15 1540 -8 -1160 1 0 0 0 1 0 0 0 1 parts/3020.dat
1 71 1630 -8 -1160 0 0 -1 0 1 0 1 0 0 parts/3023.dat
1 15 1730 -8 -1160 0 0 -1 0 1 0 1 0 0 parts/3023.dat
1 71 1790 -8 -1160 0 0 -1 0 1 0 1 0 0 parts/3023.dat
0 STEP
0 // step 113: floor 3: 10 pieces at plate 0
1 15 1850 -8 -1160 0 0 -1 0 1 0 1 0 0 parts/3023.dat
1 71 1650 -8 -1170 1 0 0 0 1 0 0 0 1 parts/3024.dat
1 15 1670 -8 -1170 1 0 0 0 1 0 0 0 1 parts/3024.dat
1 71 1810 -8 -1170 1 0 0 0 1 0 0 0 1 parts/3024.dat
1 15 1830 -8 -1170 1 0 0 0 1 0 0 0 1 parts/3024.dat
1 71 1520 -8 -1190 1 0 0 0 1 0 0 0 1 parts/3023.dat
1 71 1560 -8 -1190 1 0 0 0 1 0 0 0 1 parts/3023.dat
1 15 1600 -8 -1190 1 0 0 0 1 0 0 0 1 parts/3023.dat
1 15 1640 -8 -1190 1 0 0 0 1 0 0 0 1 parts/3023.dat
1 71 1680 -8 -1190 1 0 0 0 1 0 0 0 1 parts/3023.dat
0 STEP
0 // step 114: floor 3: 10 pieces at plate 0
1 71 1720 -8 -1190 1 0 0 0 1 0 0 0 1 parts/3023.dat
1 15 1760 -8 -1190 1 0 0 0 1 0 0 0 1 parts/3023.dat
1 15 1800 -8 -1190 1 0 0 0 1 0 0 0 1 parts/3023.dat
1 71 1840 -8 -1220 0 0 -1 0 1 0 1 0 0 parts/3020.dat
1 15 1810 -8 -1220 0 0 -1 0 1 0 1 0 0 parts/3023.dat
1 15 1810 -8 -1250 1 0 0 0 1 0 0 0 1 parts/3024.dat
1 15 1540 -8 -1280 1 0 0 0 1 0 0 0 1 parts/3020.dat
1 71 1620 -8 -1280 1 0 0 0 1 0 0 0 1 parts/3020.dat
1 15 1700 -8 -1280 1 0 0 0 1 0 0 0 1 parts/3020.dat
1 71 1780 -8 -1280 1 0 0 0 1 0 0 0 1 parts/3020.dat
0 STEP
0 // step 115: floor 3: 10 pieces at plate 0
1 15 1840 -8 -1300 0 0 -1 0 1 0 1 0 0 parts/3020.dat
1 15 1540 -8 -1320 1 0 0 0 1 0 0 0 1 parts/3020.dat
1 71 1620 -8 -1320 1 0 0 0 1 0 0 0 1 parts/3020.dat
1 15 1700 -8 -1320 1 0 0 0 1 0 0 0 1 parts/3020.dat
1 71 1780 -8 -1320 1 0 0 0 1 0 0 0 1 parts/3020.dat
1 71 1540 -8 -1360 1 0 0 0 1 0 0 0 1 parts/3020.dat
1 15 1620 -8 -1360 1 0 0 0 1 0 0 0 1 parts/3020.dat
1 71 1700 -8 -1360 1 0 0 0 1 0 0 0 1 parts/3020.dat
1 15 1780 -8 -1360 1 0 0 0 1 0 0 0 1 parts/3020.dat
1 71 1840 -8 -1360 1 0 0 0 1 0 0 0 1 parts/3022.dat
0 STEP
0 // step 116: walls: 10 pieces at plate 0
1 15 60 -24 -130 1 0 0 0 1 0 0 0 1 parts/3004.dat
1 15 160 -24 -130 1 0 0 0 1 0 0 0 1 parts/3008.dat
1 15 320 -24 -130 1 0 0 0 1 0 0 0 1 parts/3008.dat
1 15 480 -24 -130 1 0 0 0 1 0 0 0 1 parts/3008.dat
1 15 640 -24 -130 1 0 0 0 1 0 0 0 1 parts/3008.dat
1 15 800 -24 -130 1 0 0 0 1 0 0 0 1 parts/3008.dat
1 15 1120 -24 -130 1 0 0 0 1 0 0 0 1 parts/3008.dat
1 15 1280 -24 -130 1 0 0 0 1 0 0 0 1 parts/3008.dat
1 15 1440 -24 -130 1 0 0 0 1 0 0 0 1 parts/3008.dat
1 15 1600 -24 -130 1 0 0 0 1 0 0 0 1 parts/3008.dat
0 STEP
0 // step 117: walls: 10 pieces at plate 0
1 15 1760 -24 -130 1 0 0 0 1 0 0 0 1 parts/3008.dat
1 15 1860 -24 -130 1 0 0 0 1 0 0 0 1 parts/3004.dat
1 15 50 -24 -150 1 0 0 0 1 0 0 0 1 parts/3005.dat
1 15 1870 -24 -150 1 0 0 0 1 0 0 0 1 parts/3005.dat
1 15 50 -24 -240 0 0 -1 0 1 0 1 0 0 parts/3008.dat
1 15 1870 -24 -240 0 0 -1 0 1 0 1 0 0 parts/3008.dat
1 15 50 -24 -400 0 0 -1 0 1 0 1 0 0 parts/3008.dat
1 15 1870 -24 -400 0 0 -1 0 1 0 1 0 0 parts/3008.dat
1 15 50 -24 -560 0 0 -1 0 1 0 1 0 0 parts/3008.dat
1 15 1870 -24 -560 0 0 -1 0 1 0 1 0 0 parts/3008.dat
0 STEP
0 // step 118: walls: 10 pieces at plate 0
1 15 50 -24 -720 0 0 -1 0 1 0 1 0 0 parts/3008.dat
1 15 1870 -24 -720 0 0 -1 0 1 0 1 0 0 parts/3008.dat
1 15 50 -24 -880 0 0 -1 0 1 0 1 0 0 parts/3008.dat
1 15 1870 -24 -880 0 0 -1 0 1 0 1 0 0 parts/3008.dat
1 15 50 -24 -1040 0 0 -1 0 1 0 1 0 0 parts/3008.dat
1 15 1870 -24 -1040 0 0 -1 0 1 0 1 0 0 parts/3008.dat
1 15 50 -24 -1200 0 0 -1 0 1 0 1 0 0 parts/3008.dat
1 15 1870 -24 -1200 0 0 -1 0 1 0 1 0 0 parts/3008.dat
1 15 50 -24 -1340 0 0 -1 0 1 0 1 0 0 parts/3009.dat
1 15 1870 -24 -1340 0 0 -1 0 1 0 1 0 0 parts/3009.dat
0 STEP
0 // step 119: walls: 10 pieces at plate 0
1 15 70 -24 -1390 1 0 0 0 1 0 0 0 1 parts/3005.dat
1 15 160 -24 -1390 1 0 0 0 1 0 0 0 1 parts/3008.dat
1 15 320 -24 -1390 1 0 0 0 1 0 0 0 1 parts/3008.dat
1 15 480 -24 -1390 1 0 0 0 1 0 0 0 1 parts/3008.dat
1 15 640 -24 -1390 1 0 0 0 1 0 0 0 1 parts/3008.dat
1 15 800 -24 -1390 1 0 0 0 1 0 0 0 1 parts/3008.dat
1 15 960 -24 -1390 1 0 0 0 1 0 0 0 1 parts/3008.dat
1 15 1120 -24 -1390 1 0 0 0 1 0 0 0 1 parts/3008.dat
1 15 1280 -24 -1390 1 0 0 0 1 0 0 0 1 parts/3008.dat
1 15 1440 -24 -1390 1 0 0 0 1 0 0 0 1 parts/3008.dat
0 STEP
0 // step 120: walls: 3 pieces at plate 0
1 15 1600 -24 -1390 1 0 0 0 1 0 0 0 1 parts/3008.dat
1 15 1760 -24 -1390 1 0 0 0 1 0 0 0 1 parts/3008.dat
1 15 1850 -24 -1390 1 0 0 0 1 0 0 0 1 parts/3005.dat
0 STEP
0 // step 121: walls: 10 pieces at plate 3
1 15 50 -48 -200 0 0 -1 0 1 0 1 0 0 parts/3008.dat
1 15 80 -48 -130 1 0 0 0 1 0 0 0 1 parts/3004.dat
1 15 200 -48 -130 1 0 0 0 1 0 0 0 1 parts/3004.dat
1 15 320 -48 -130 1 0 0 0 1 0 0 0 1 parts/3004.dat
1 15 440 -48 -130 1 0 0 0 1 0 0 0 1 parts/3004.dat
1 15 560 -48 -130 1 0 0 0 1 0 0 0 1 parts/3004.dat
1 15 680 -48 -130 1 0 0 0 1 0 0 0 1 parts/3004.dat
1 15 800 -48 -130 1 0 0 0 1 0 0 0 1 parts/3004.dat
1 15 840 -48 -130 1 0 0 0 1 0 0 0 1 parts/3004.dat
1 15 870 -48 -130 1 0 0 0 1 0 0 0 1 parts/3005.dat
0 STEP
0 // step 122: walls: 10 pieces at plate 3
1 15 1050 -48 -130 1 0 0 0 1 0 0 0 1 parts/3005.dat
1 15 1080 -48 -130 1 0 0 0 1 0 0 0 1 parts/3004.dat
1 15 1110 -48 -130 1 0 0 0 1 0 0 0 1 parts/3005.dat
1 15 1210 -48 -130 1 0 0 0 1 0 0 0 1 parts/3005.dat
1 15 1230 -48 -130 1 0 0 0 1 0 0 0 1 parts/3005.dat
1 15 1330 -48 -130 1 0 0 0 1 0 0 0 1 parts/3005.dat
1 15 1350 -48 -130 1 0 0 0 1 0 0 0 1 parts/3005.dat
1 15 1450 -48 -130 1 0 0 0 1 0 0 0 1 parts/3005.dat
1 15 1470 -48 -130 1 0 0 0 1 0 0 0 1 parts/3005.dat
1 15 1570 -48 -130 1 0 0 0 1 0 0 0 1 parts/3005.dat
0 STEP
0 // step 123: walls: 10 pieces at plate 3
1 15 1590 -48 -130 1 0 0 0 1 0 0 0 1 parts/3005.dat
1 15 1690 -48 -130 1 0 0 0 1 0 0 0 1 parts/3005.dat
1 15 1710 -48 -130 1 0 0 0 1 0 0 0 1 parts/3005.dat
1 15 1840 -48 -130 1 0 0 0 1 0 0 0 1 parts/3010.dat
1 15 1870 -48 -160 0 0 -1 0 1 0 1 0 0 parts/3004.dat
1 15 1870 -48 -200 0 0 -1 0 1 0 1 0 0 parts/3004.dat
1 15 1870 -48 -240 0 0 -1 0 1 0 1 0 0 parts/3004.dat
1 15 1870 -48 -280 0 0 -1 0 1 0 1 0 0 parts/3004.dat
1 15 50 -48 -360 0 0 -1 0 1 0 1 0 0 parts/3008.dat
1 15 1870 -48 -320 0 0 -1 0 1 0 1 0 0 parts/3004.dat
0 STEP
0 // step 124: walls: 10 pieces at plate 3
1 15 1870 -48 -360 0 0 -1 0 1 0 1 0 0 parts/3004.dat
1 15 1870 -48 -400 0 0 -1 0 1 0 1 0 0 parts/3004.dat
1 15 1870 -48 -440 0 0 -1 0 1 0 1 0 0 parts/3004.dat
1 15 50 -48 -520 0 0 -1 0 1 0 1 0 0 parts/3008.dat
1 15 1870 -48 -480 0 0 -1 0 1 0 1 0 0 parts/3004.dat
1 15 1870 -48 -520 0 0 -1 0 1 0 1 0 0 parts/3004.dat
1 15 1870 -48 -560 0 0 -1 0 1 0 1 0 0 parts/3004.dat
1 15 1870 -48 -600 0 0 -1 0 1 0 1 0 0 parts/3004.dat
1 15 50 -48 -680 0 0 -1 0 1 0 1 0 0 parts/3008.dat
1 15 1870 -48 -640 0 0 -1 0 1 0 1 0 0 parts/3004.dat
0 STEP
0 // step 125: walls: 10 pieces at plate 3
1 15 1870 -48 -680 0 0 -1 0 1 0 1 0 0 parts/3004.dat
1 15 1870 -48 -720 0 0 -1 0 1 0 1 0 0 parts/3004.dat
1 15 1870 -48 -760 0 0 -1 0 1 0 1 0 0 parts/3004.dat
1 15 50 -48 -840 0 0 -1 0 1 0 1 0 0 parts/3008.dat
1 15 1870 -48 -800 0 0 -1 0 1 0 1 0 0 parts/3004.dat
1 15 1870 -48 -840 0 0 -1 0 1 0 1 0 0 parts/3004.dat
1 15 1870 -48 -880 0 0 -1 0 1 0 1 0 0 parts/3004.dat
1 15 1870 -48 -920 0 0 -1 0 1 0 1 0 0 parts/3004.dat
1 15 50 -48 -1000 0 0 -1 0 1 0 1 0 0 parts/3008.dat
1 15 1870 -48 -960 0 0 -1 0 1 0 1 0 0 parts/3004.dat
0 STEP
0 // step 126: walls: 10 pieces at plate 3
1 15 1870 -48 -1000 0 0 -1 0 1 0 1 0 0 parts/3004.dat
1 15 1870 -48 -1040 0 0 -1 0 1 0 1 0 0 parts/3004.dat
1 15 1870 -48 -1080 0 0 -1 0 1 0 1 0 0 parts/3004.dat
1 15 50 -48 -1160 0 0 -1 0 1 0 1 0 0 parts/3008.dat
1 15 1870 -48 -1120 0 0 -1 0 1 0 1 0 0 parts/3004.dat
1 15 1870 -48 -1160 0 0 -1 0 1 0 1 0 0 parts/3004.dat
1 15 1870 -48 -1200 0 0 -1 0 1 0 1 0 0 parts/3004.dat
1 15 1870 -48 -1240 0 0 -1 0 1 0 1 0 0 parts/3004.dat
1 15 50 -48 -1320 0 0 -1 0 1 0 1 0 0 parts/3008.dat
1 15 1870 -48 -1280 0 0 -1 0 1 0 1 0 0 parts/3004.dat
0 STEP
0 // step 127: walls: 10 pieces at plate 3
1 15 1870 -48 -1320 0 0 -1 0 1 0 1 0 0 parts/3004.dat
1 15 1870 -48 -1360 0 0 -1 0 1 0 1 0 0 parts/3004.dat
1 15 80 -48 -1390 1 0 0 0 1 0 0 0 1 parts/3004.dat
1 15 120 -48 -1390 1 0 0 0 1 0 0 0 1 parts/3004.dat
1 15 160 -48 -1390 1 0 0 0 1 0 0 0 1 parts/3004.dat
1 15 200 -48 -1390 1 0 0 0 1 0 0 0 1 parts/3004.dat
1 15 240 -48 -1390 1 0 0 0 1 0 0 0 1 parts/3004.dat
1 15 280 -48 -1390 1 0 0 0 1 0 0 0 1 parts/3004.dat
1 15 320 -48 -1390 1 0 0 0 1 0 0 0 1 parts/3004.dat
1 15 360 -48 -1390 1 0 0 0 1 0 0 0 1 parts/3004.dat
0 STEP
0 // step 128: walls: 10 pieces at plate 3
1 15 400 -48 -1390 1 0 0 0 1 0 0 0 1 parts/3004.dat
1 15 440 -48 -1390 1 0 0 0 1 0 0 0 1 parts/3004.dat
1 15 480 -48 -1390 1 0 0 0 1 0 0 0 1 parts/3004.dat
1 15 520 -48 -1390 1 0 0 0 1 0 0 0 1 parts/3004.dat
1 15 560 -48 -1390 1 0 0 0 1 0 0 0 1 parts/3004.dat
1 15 600 -48 -1390 1 0 0 0 1 0 0 0 1 parts/3004.dat
1 15 640 -48 -1390 1 0 0 0 1 0 0 0 1 parts/3004.dat
1 15 680 -48 -1390 1 0 0 0 1 0 0 0 1 parts/3004.dat
1 15 720 -48 -1390 1 0 0 0 1 0 0 0 1 parts/3004.dat
1 15 760 -48 -1390 1 0 0 0 1 0 0 0 1 parts/3004.dat
0 STEP
0 // step 129: walls: 10 pieces at plate 3
1 15 800 -48 -1390 1 0 0 0 1 0 0 0 1 parts/3004.dat
1 15 840 -48 -1390 1 0 0 0 1 0 0 0 1 parts/3004.dat
1 15 880 -48 -1390 1 0 0 0 1 0 0 0 1 parts/3004.dat
1 15 920 -48 -1390 1 0 0 0 1 0 0 0 1 parts/3004.dat
1 15 960 -48 -1390 1 0 0 0 1 0 0 0 1 parts/3004.dat
1 15 1000 -48 -1390 1 0 0 0 1 0 0 0 1 parts/3004.dat
1 15 1040 -48 -1390 1 0 0 0 1 0 0 0 1 parts/3004.dat
1 15 1080 -48 -1390 1 0 0 0 1 0 0 0 1 parts/3004.dat
1 15 1120 -48 -1390 1 0 0 0 1 0 0 0 1 parts/3004.dat
1 15 1160 -48 -1390 1 0 0 0 1 0 0 0 1 parts/3004.dat
0 STEP
0 // step 130: walls: 10 pieces at plate 3
1 15 1200 -48 -1390 1 0 0 0 1 0 0 0 1 parts/3004.dat
1 15 1240 -48 -1390 1 0 0 0 1 0 0 0 1 parts/3004.dat
1 15 1280 -48 -1390 1 0 0 0 1 0 0 0 1 parts/3004.dat
1 15 1320 -48 -1390 1 0 0 0 1 0 0 0 1 parts/3004.dat
1 15 1360 -48 -1390 1 0 0 0 1 0 0 0 1 parts/3004.dat
1 15 1400 -48 -1390 1 0 0 0 1 0 0 0 1 parts/3004.dat
1 15 1440 -48 -1390 1 0 0 0 1 0 0 0 1 parts/3004.dat
1 15 1480 -48 -1390 1 0 0 0 1 0 0 0 1 parts/3004.dat
1 15 1520 -48 -1390 1 0 0 0 1 0 0 0 1 parts/3004.dat
1 15 1560 -48 -1390 1 0 0 0 1 0 0 0 1 parts/3004.dat
0 STEP
0 // step 131: walls: 8 pieces at plate 3
1 15 1600 -48 -1390 1 0 0 0 1 0 0 0 1 parts/3004.dat
1 15 1640 -48 -1390 1 0 0 0 1 0 0 0 1 parts/3004.dat
1 15 1680 -48 -1390 1 0 0 0 1 0 0 0 1 parts/3004.dat
1 15 1720 -48 -1390 1 0 0 0 1 0 0 0 1 parts/3004.dat
1 15 1760 -48 -1390 1 0 0 0 1 0 0 0 1 parts/3004.dat
1 15 1800 -48 -1390 1 0 0 0 1 0 0 0 1 parts/3004.dat
1 15 1840 -48 -1390 1 0 0 0 1 0 0 0 1 parts/3004.dat
1 15 1870 -48 -1390 1 0 0 0 1 0 0 0 1 parts/3005.dat
0 STEP
0 // step 132: walls: 10 pieces at plate 6
1 15 60 -72 -130 1 0 0 0 1 0 0 0 1 parts/3004.dat
1 15 90 -72 -130 1 0 0 0 1 0 0 0 1 parts/3005.dat
1 15 190 -72 -130 1 0 0 0 1 0 0 0 1 parts/3005.dat
1 15 210 -72 -130 1 0 0 0 1 0 0 0 1 parts/3005.dat
1 15 310 -72 -130 1 0 0 0 1 0 0 0 1 parts/3005.dat
1 15 330 -72 -130 1 0 0 0 1 0 0 0 1 parts/3005.dat
1 15 430 -72 -130 1 0 0 0 1 0 0 0 1 parts/3005.dat
1 15 450 -72 -130 1 0 0 0 1 0 0 0 1 parts/3005.dat
1 15 550 -72 -130 1 0 0 0 1 0 0 0 1 parts/3005.dat
1 15 570 -72 -130 1 0 0 0 1 0 0 0 1 parts/3005.dat
0 STEP
0 // step 133: walls: 10 pieces at plate 6
1 15 670 -72 -130 1 0 0 0 1 0 0 0 1 parts/3005.dat
1 15 690 -72 -130 1 0 0 0 1 0 0 0 1 parts/3005.dat
1 15 790 -72 -130 1 0 0 0 1 0 0 0 1 parts/3005.dat
1 15 840 -72 -130 1 0 0 0 1 0 0 0 1 parts/3010.dat
1 15 1080 -72 -130 1 0 0 0 1 0 0 0 1 parts/3010.dat
1 15 1220 -72 -130 1 0 0 0 1 0 0 0 1 parts/3004.dat
1 15 1340 -72 -130 1 0 0 0 1 0 0 0 1 parts/3004.dat
1 15 1460 -72 -130 1 0 0 0 1 0 0 0 1 parts/3004.dat
1 15 1580 -72 -130 1 0 0 0 1 0 0 0 1 parts/3004.dat
1 15 1700 -72 -130 1 0 0 0 1 0 0 0 1 parts/3004.dat
0 STEP
0 // step 134: walls: 10 pieces at plate 6
1 15 1820 -72 -130 1 0 0 0 1 0 0 0 1 parts/3004.dat
1 15 1860 -72 -130 1 0 0 0 1 0 0 0 1 parts/3004.dat
1 15 50 -72 -150 1 0 0 0 1 0 0 0 1 parts/3005.dat
1 15 1870 -72 -150 1 0 0 0 1 0 0 0 1 parts/3005.dat
1 15 50 -72 -240 0 0 -1 0 1 0 1 0 0 parts/3008.dat
1 15 1870 -72 -240 0 0 -1 0 1 0 1 0 0 parts/3008.dat
1 15 50 -72 -400 0 0 -1 0 1 0 1 0 0 parts/3008.dat
1 15 1870 -72 -400 0 0 -1 0 1 0 1 0 0 parts/3008.dat
1 15 50 -72 -560 0 0 -1 0 1 0 1 0 0 parts/3008.dat
1 15 1870 -72 -560 0 0 -1 0 1 0 1 0 0 parts/3008.dat
0 STEP
0 // step 135: walls: 10 pieces at plate 6
1 15 50 -72 -720 0 0 -1 0 1 0 1 0 0 parts/3008.dat
1 15 1870 -72 -720 0 0 -1 0 1 0 1 0 0 parts/3008.dat
1 15 50 -72 -880 0 0 -1 0 1 0 1 0 0 parts/3008.dat
1 15 1870 -72 -880 0 0 -1 0 1 0 1 0 0 parts/3008.dat
1 15 50 -72 -1040 0 0 -1 0 1 0 1 0 0 parts/3008.dat
1 15 1870 -72 -1040 0 0 -1 0 1 0 1 0 0 parts/3008.dat
1 15 50 -72 -1200 0 0 -1 0 1 0 1 0 0 parts/3008.dat
1 15 1870 -72 -1200 0 0 -1 0 1 0 1 0 0 parts/3008.dat
1 15 50 -72 -1340 0 0 -1 0 1 0 1 0 0 parts/3009.dat
1 15 1870 -72 -1340 0 0 -1 0 1 0 1 0 0 parts/3009.dat
0 STEP
0 // step 136: walls: 10 pieces at plate 6
1 15 70 -72 -1390 1 0 0 0 1 0 0 0 1 parts/3005.dat
1 15 160 -72 -1390 1 0 0 0 1 0 0 0 1 parts/3008.dat
1 15 320 -72 -1390 1 0 0 0 1 0 0 0 1 parts/3008.dat
1 15 480 -72 -1390 1 0 0 0 1 0 0 0 1 parts/3008.dat
1 15 640 -72 -1390 1 0 0 0 1 0 0 0 1 parts/3008.dat
1 15 800 -72 -1390 1 0 0 0 1 0 0 0 1 parts/3008.dat
1 15 960 -72 -1390 1 0 0 0 1 0 0 0 1 parts/3008.dat
1 15 1120 -72 -1390 1 0 0 0 1 0 0 0 1 parts/3008.dat
1 15 1280 -72 -1390 1 0 0 0 1 0 0 0 1 parts/3008.dat
1 15 1440 -72 -1390 1 0 0 0 1 0 0 0 1 parts/3008.dat
0 STEP
0 // step 137: walls: 3 pieces at plate 6
1 15 1600 -72 -1390 1 0 0 0 1 0 0 0 1 parts/3008.dat
1 15 1760 -72 -1390 1 0 0 0 1 0 0 0 1 parts/3008.dat
1 15 1850 -72 -1390 1 0 0 0 1 0 0 0 1 parts/3005.dat
0 STEP
0 // step 138: walls: 10 pieces at plate 9
1 15 50 -96 -200 0 0 -1 0 1 0 1 0 0 parts/3008.dat
1 15 80 -96 -130 1 0 0 0 1 0 0 0 1 parts/3004.dat
1 15 200 -96 -130 1 0 0 0 1 0 0 0 1 parts/3004.dat
1 15 320 -96 -130 1 0 0 0 1 0 0 0 1 parts/3004.dat
1 15 440 -96 -130 1 0 0 0 1 0 0 0 1 parts/3004.dat
1 15 560 -96 -130 1 0 0 0 1 0 0 0 1 parts/3004.dat
1 15 680 -96 -130 1 0 0 0 1 0 0 0 1 parts/3004.dat
1 15 800 -96 -130 1 0 0 0 1 0 0 0 1 parts/3004.dat
1 15 840 -96 -130 1 0 0 0 1 0 0 0 1 parts/3004.dat
1 15 870 -96 -130 1 0 0 0 1 0 0 0 1 parts/3005.dat
0 STEP
0 // step 139: walls: 10 pieces at plate 9
1 15 1050 -96 -130 1 0 0 0 1 0 0 0 1 parts/3005.dat
1 15 1080 -96 -130 1 0 0 0 1 0 0 0 1 parts/3004.dat
1 15 1110 -96 -130 1 0 0 0 1 0 0 0 1 parts/3005.dat
1 15 1210 -96 -130 1 0 0 0 1 0 0 0 1 parts/3005.dat
1 15 1230 -96 -130 1 0 0 0 1 0 0 0 1 parts/3005.dat
1 15 1330 -96 -130 1 0 0 0 1 0 0 0 1 parts/3005.dat
1 15 1350 -96 -130 1 0 0 0 1 0 0 0 1 parts/3005.dat
1 15 1450 -96 -130 1 0 0 0 1 0 0 0 1 parts/3005.dat
1 15 1470 -96 -130 1 0 0 0 1 0 0 0 1 parts/3005.dat
1 15 1570 -96 -130 1 0 0 0 1 0 0 0 1 parts/3005.dat
0 STEP
0 // step 140: walls: 10 pieces at plate 9
1 15 1590 -96 -130 1 0 0 0 1 0 0 0 1 parts/3005.dat
1 15 1690 -96 -130 1 0 0 0 1 0 0 0 1 parts/3005.dat
1 15 1710 -96 -130 1 0 0 0 1 0 0 0 1 parts/3005.dat
1 15 1840 -96 -130 1 0 0 0 1 0 0 0 1 parts/3010.dat
1 15 1870 -96 -160 0 0 -1 0 1 0 1 0 0 parts/3004.dat
1 15 1870 -96 -200 0 0 -1 0 1 0 1 0 0 parts/3004.dat
1 15 1870 -96 -240 0 0 -1 0 1 0 1 0 0 parts/3004.dat
1 15 1870 -96 -280 0 0 -1 0 1 0 1 0 0 parts/3004.dat
1 15 50 -96 -360 0 0 -1 0 1 0 1 0 0 parts/3008.dat
1 15 1870 -96 -320 0 0 -1 0 1 0 1 0 0 parts/3004.dat
0 STEP
0 // step 141: walls: 10 pieces at plate 9
1 15 1870 -96 -360 0 0 -1 0 1 0 1 0 0 parts/3004.dat
1 15 1870 -96 -400 0 0 -1 0 1 0 1 0 0 parts/3004.dat
1 15 1870 -96 -440 0 0 -1 0 1 0 1 0 0 parts/3004.dat
1 15 50 -96 -520 0 0 -1 0 1 0 1 0 0 parts/3008.dat
1 15 1870 -96 -480 0 0 -1 0 1 0 1 0 0 parts/3004.dat
1 15 1870 -96 -520 0 0 -1 0 1 0 1 0 0 parts/3004.dat
1 15 1870 -96 -560 0 0 -1 0 1 0 1 0 0 parts/3004.dat
1 15 1870 -96 -600 0 0 -1 0 1 0 1 0 0 parts/3004.dat
1 15 50 -96 -680 0 0 -1 0 1 0 1 0 0 parts/3008.dat
1 15 1870 -96 -640 0 0 -1 0 1 0 1 0 0 parts/3004.dat
0 STEP
0 // step 142: walls: 10 pieces at plate 9
1 15 1870 -96 -680 0 0 -1 0 1 0 1 0 0 parts/3004.dat
1 15 1870 -96 -720 0 0 -1 0 1 0 1 0 0 parts/3004.dat
1 15 1870 -96 -760 0 0 -1 0 1 0 1 0 0 parts/3004.dat
1 15 50 -96 -840 0 0 -1 0 1 0 1 0 0 parts/3008.dat
1 15 1870 -96 -800 0 0 -1 0 1 0 1 0 0 parts/3004.dat
1 15 1870 -96 -840 0 0 -1 0 1 0 1 0 0 parts/3004.dat
1 15 1870 -96 -880 0 0 -1 0 1 0 1 0 0 parts/3004.dat
1 15 1870 -96 -920 0 0 -1 0 1 0 1 0 0 parts/3004.dat
1 15 50 -96 -1000 0 0 -1 0 1 0 1 0 0 parts/3008.dat
1 15 1870 -96 -960 0 0 -1 0 1 0 1 0 0 parts/3004.dat
0 STEP
0 // step 143: walls: 10 pieces at plate 9
1 15 1870 -96 -1000 0 0 -1 0 1 0 1 0 0 parts/3004.dat
1 15 1870 -96 -1040 0 0 -1 0 1 0 1 0 0 parts/3004.dat
1 15 1870 -96 -1080 0 0 -1 0 1 0 1 0 0 parts/3004.dat
1 15 50 -96 -1160 0 0 -1 0 1 0 1 0 0 parts/3008.dat
1 15 1870 -96 -1120 0 0 -1 0 1 0 1 0 0 parts/3004.dat
1 15 1870 -96 -1160 0 0 -1 0 1 0 1 0 0 parts/3004.dat
1 15 1870 -96 -1200 0 0 -1 0 1 0 1 0 0 parts/3004.dat
1 15 1870 -96 -1240 0 0 -1 0 1 0 1 0 0 parts/3004.dat
1 15 50 -96 -1320 0 0 -1 0 1 0 1 0 0 parts/3008.dat
1 15 1870 -96 -1280 0 0 -1 0 1 0 1 0 0 parts/3004.dat
0 STEP
0 // step 144: walls: 10 pieces at plate 9
1 15 1870 -96 -1320 0 0 -1 0 1 0 1 0 0 parts/3004.dat
1 15 1870 -96 -1360 0 0 -1 0 1 0 1 0 0 parts/3004.dat
1 15 80 -96 -1390 1 0 0 0 1 0 0 0 1 parts/3004.dat
1 15 120 -96 -1390 1 0 0 0 1 0 0 0 1 parts/3004.dat
1 15 160 -96 -1390 1 0 0 0 1 0 0 0 1 parts/3004.dat
1 15 200 -96 -1390 1 0 0 0 1 0 0 0 1 parts/3004.dat
1 15 240 -96 -1390 1 0 0 0 1 0 0 0 1 parts/3004.dat
1 15 280 -96 -1390 1 0 0 0 1 0 0 0 1 parts/3004.dat
1 15 320 -96 -1390 1 0 0 0 1 0 0 0 1 parts/3004.dat
1 15 360 -96 -1390 1 0 0 0 1 0 0 0 1 parts/3004.dat
0 STEP
0 // step 145: walls: 10 pieces at plate 9
1 15 400 -96 -1390 1 0 0 0 1 0 0 0 1 parts/3004.dat
1 15 440 -96 -1390 1 0 0 0 1 0 0 0 1 parts/3004.dat
1 15 480 -96 -1390 1 0 0 0 1 0 0 0 1 parts/3004.dat
1 15 520 -96 -1390 1 0 0 0 1 0 0 0 1 parts/3004.dat
1 15 560 -96 -1390 1 0 0 0 1 0 0 0 1 parts/3004.dat
1 15 600 -96 -1390 1 0 0 0 1 0 0 0 1 parts/3004.dat
1 15 640 -96 -1390 1 0 0 0 1 0 0 0 1 parts/3004.dat
1 15 680 -96 -1390 1 0 0 0 1 0 0 0 1 parts/3004.dat
1 15 720 -96 -1390 1 0 0 0 1 0 0 0 1 parts/3004.dat
1 15 760 -96 -1390 1 0 0 0 1 0 0 0 1 parts/3004.dat
0 STEP
0 // step 146: walls: 10 pieces at plate 9
1 15 800 -96 -1390 1 0 0 0 1 0 0 0 1 parts/3004.dat
1 15 840 -96 -1390 1 0 0 0 1 0 0 0 1 parts/3004.dat
1 15 880 -96 -1390 1 0 0 0 1 0 0 0 1 parts/3004.dat
1 15 920 -96 -1390 1 0 0 0 1 0 0 0 1 parts/3004.dat
1 15 960 -96 -1390 1 0 0 0 1 0 0 0 1 parts/3004.dat
1 15 1000 -96 -1390 1 0 0 0 1 0 0 0 1 parts/3004.dat
1 15 1040 -96 -1390 1 0 0 0 1 0 0 0 1 parts/3004.dat
1 15 1080 -96 -1390 1 0 0 0 1 0 0 0 1 parts/3004.dat
1 15 1120 -96 -1390 1 0 0 0 1 0 0 0 1 parts/3004.dat
1 15 1160 -96 -1390 1 0 0 0 1 0 0 0 1 parts/3004.dat
0 STEP
0 // step 147: walls: 10 pieces at plate 9
1 15 1200 -96 -1390 1 0 0 0 1 0 0 0 1 parts/3004.dat
1 15 1240 -96 -1390 1 0 0 0 1 0 0 0 1 parts/3004.dat
1 15 1280 -96 -1390 1 0 0 0 1 0 0 0 1 parts/3004.dat
1 15 1320 -96 -1390 1 0 0 0 1 0 0 0 1 parts/3004.dat
1 15 1360 -96 -1390 1 0 0 0 1 0 0 0 1 parts/3004.dat
1 15 1400 -96 -1390 1 0 0 0 1 0 0 0 1 parts/3004.dat
1 15 1440 -96 -1390 1 0 0 0 1 0 0 0 1 parts/3004.dat
1 15 1480 -96 -1390 1 0 0 0 1 0 0 0 1 parts/3004.dat
1 15 1520 -96 -1390 1 0 0 0 1 0 0 0 1 parts/3004.dat
1 15 1560 -96 -1390 1 0 0 0 1 0 0 0 1 parts/3004.dat
0 STEP
0 // step 148: walls: 8 pieces at plate 9
1 15 1600 -96 -1390 1 0 0 0 1 0 0 0 1 parts/3004.dat
1 15 1640 -96 -1390 1 0 0 0 1 0 0 0 1 parts/3004.dat
1 15 1680 -96 -1390 1 0 0 0 1 0 0 0 1 parts/3004.dat
1 15 1720 -96 -1390 1 0 0 0 1 0 0 0 1 parts/3004.dat
1 15 1760 -96 -1390 1 0 0 0 1 0 0 0 1 parts/3004.dat
1 15 1800 -96 -1390 1 0 0 0 1 0 0 0 1 parts/3004.dat
1 15 1840 -96 -1390 1 0 0 0 1 0 0 0 1 parts/3004.dat
1 15 1870 -96 -1390 1 0 0 0 1 0 0 0 1 parts/3005.dat
0 STEP
0 // step 149: walls: 10 pieces at plate 12
1 15 60 -120 -130 1 0 0 0 1 0 0 0 1 parts/3004.dat
1 15 160 -120 -130 1 0 0 0 1 0 0 0 1 parts/3008.dat
1 15 320 -120 -130 1 0 0 0 1 0 0 0 1 parts/3008.dat
1 15 480 -120 -130 1 0 0 0 1 0 0 0 1 parts/3008.dat
1 15 640 -120 -130 1 0 0 0 1 0 0 0 1 parts/3008.dat
1 15 800 -120 -130 1 0 0 0 1 0 0 0 1 parts/3008.dat
1 15 1120 -120 -130 1 0 0 0 1 0 0 0 1 parts/3008.dat
1 15 1280 -120 -130 1 0 0 0 1 0 0 0 1 parts/3008.dat
1 15 1440 -120 -130 1 0 0 0 1 0 0 0 1 parts/3008.dat
1 15 1600 -120 -130 1 0 0 0 1 0 0 0 1 parts/3008.dat
0 STEP
0 // step 150: walls: 10 pieces at plate 12
1 15 1760 -120 -130 1 0 0 0 1 0 0 0 1 parts/3008.dat
1 15 1860 -120 -130 1 0 0 0 1 0 0 0 1 parts/3004.dat
1 15 50 -120 -150 1 0 0 0 1 0 0 0 1 parts/3005.dat
1 15 1870 -120 -150 1 0 0 0 1 0 0 0 1 parts/3005.dat
1 15 50 -120 -240 0 0 -1 0 1 0 1 0 0 parts/3008.dat
1 15 1870 -120 -240 0 0 -1 0 1 0 1 0 0 parts/3008.dat
1 15 50 -120 -400 0 0 -1 0 1 0 1 0 0 parts/3008.dat
1 15 1870 -120 -400 0 0 -1 0 1 0 1 0 0 parts/3008.dat
1 15 50 -120 -560 0 0 -1 0 1 0 1 0 0 parts/3008.dat
1 15 1870 -120 -560 0 0 -1 0 1 0 1 0 0 parts/3008.dat
0 STEP
0 // step 151: walls: 10 pieces at plate 12
1 15 50 -120 -720 0 0 -1 0 1 0 1 0 0 parts/3008.dat
1 15 1870 -120 -720 0 0 -1 0 1 0 1 0 0 parts/3008.dat
1 15 50 -120 -880 0 0 -1 0 1 0 1 0 0 parts/3008.dat
1 15 1870 -120 -880 0 0 -1 0 1 0 1 0 0 parts/3008.dat
1 15 50 -120 -1040 0 0 -1 0 1 0 1 0 0 parts/3008.dat
1 15 1870 -120 -1040 0 0 -1 0 1 0 1 0 0 parts/3008.dat
1 15 50 -120 -1200 0 0 -1 0 1 0 1 0 0 parts/3008.dat
1 15 1870 -120 -1200 0 0 -1 0 1 0 1 0 0 parts/3008.dat
1 15 50 -120 -1340 0 0 -1 0 1 0 1 0 0 parts/3009.dat
1 15 1870 -120 -1340 0 0 -1 0 1 0 1 0 0 parts/3009.dat
0 STEP
0 // step 152: walls: 10 pieces at plate 12
1 15 70 -120 -1390 1 0 0 0 1 0 0 0 1 parts/3005.dat
1 15 160 -120 -1390 1 0 0 0 1 0 0 0 1 parts/3008.dat
1 15 320 -120 -1390 1 0 0 0 1 0 0 0 1 parts/3008.dat
1 15 480 -120 -1390 1 0 0 0 1 0 0 0 1 parts/3008.dat
1 15 640 -120 -1390 1 0 0 0 1 0 0 0 1 parts/3008.dat
1 15 800 -120 -1390 1 0 0 0 1 0 0 0 1 parts/3008.dat
1 15 960 -120 -1390 1 0 0 0 1 0 0 0 1 parts/3008.dat
1 15 1120 -120 -1390 1 0 0 0 1 0 0 0 1 parts/3008.dat
1 15 1280 -120 -1390 1 0 0 0 1 0 0 0 1 parts/3008.dat
1 15 1440 -120 -1390 1 0 0 0 1 0 0 0 1 parts/3008.dat
0 STEP
0 // step 153: walls: 3 pieces at plate 12
1 15 1600 -120 -1390 1 0 0 0 1 0 0 0 1 parts/3008.dat
1 15 1760 -120 -1390 1 0 0 0 1 0 0 0 1 parts/3008.dat
1 15 1850 -120 -1390 1 0 0 0 1 0 0 0 1 parts/3005.dat
0 STEP
0 // step 154: walls: 10 pieces at plate 15
1 15 120 -144 -130 1 0 0 0 1 0 0 0 1 parts/3008.dat
1 15 280 -144 -130 1 0 0 0 1 0 0 0 1 parts/3008.dat
1 15 440 -144 -130 1 0 0 0 1 0 0 0 1 parts/3008.dat
1 15 600 -144 -130 1 0 0 0 1 0 0 0 1 parts/3008.dat
1 15 760 -144 -130 1 0 0 0 1 0 0 0 1 parts/3008.dat
1 15 850 -144 -130 1 0 0 0 1 0 0 0 1 parts/3005.dat
1 15 870 -144 -130 1 0 0 0 1 0 0 0 1 parts/3005.dat
1 15 1050 -144 -130 1 0 0 0 1 0 0 0 1 parts/3005.dat
1 15 1080 -144 -130 1 0 0 0 1 0 0 0 1 parts/3004.dat
1 15 1120 -144 -130 1 0 0 0 1 0 0 0 1 parts/3004.dat
0 STEP
0 // step 155: walls: 10 pieces at plate 15
1 15 1160 -144 -130 1 0 0 0 1 0 0 0 1 parts/3004.dat
1 15 1200 -144 -130 1 0 0 0 1 0 0 0 1 parts/3004.dat
1 15 1240 -144 -130 1 0 0 0 1 0 0 0 1 parts/3004.dat
1 15 1280 -144 -130 1 0 0 0 1 0 0 0 1 parts/3004.dat
1 15 1320 -144 -130 1 0 0 0 1 0 0 0 1 parts/3004.dat
1 15 1360 -144 -130 1 0 0 0 1 0 0 0 1 parts/3004.dat
1 15 1400 -144 -130 1 0 0 0 1 0 0 0 1 parts/3004.dat
1 15 1440 -144 -130 1 0 0 0 1 0 0 0 1 parts/3004.dat
1 15 1480 -144 -130 1 0 0 0 1 0 0 0 1 parts/3004.dat
1 15 1520 -144 -130 1 0 0 0 1 0 0 0 1 parts/3004.dat
0 STEP
0 // step 156: walls: 10 pieces at plate 15
1 15 1560 -144 -130 1 0 0 0 1 0 0 0 1 parts/3004.dat
1 15 1600 -144 -130 1 0 0 0 1 0 0 0 1 parts/3004.dat
1 15 1640 -144 -130 1 0 0 0 1 0 0 0 1 parts/3004.dat
1 15 1680 -144 -130 1 0 0 0 1 0 0 0 1 parts/3004.dat
1 15 1720 -144 -130 1 0 0 0 1 0 0 0 1 parts/3004.dat
1 15 1760 -144 -130 1 0 0 0 1 0 0 0 1 parts/3004.dat
1 15 1800 -144 -130 1 0 0 0 1 0 0 0 1 parts/3004.dat
1 15 1840 -144 -130 1 0 0 0 1 0 0 0 1 parts/3004.dat
1 15 1870 -144 -200 0 0 -1 0 1 0 1 0 0 parts/3008.dat
1 15 50 -144 -160 0 0 -1 0 1 0 1 0 0 parts/3004.dat
0 STEP
0 // step 157: walls: 10 pieces at plate 15
1 15 50 -144 -200 0 0 -1 0 1 0 1 0 0 parts/3004.dat
1 15 50 -144 -240 0 0 -1 0 1 0 1 0 0 parts/3004.dat
1 15 50 -144 -280 0 0 -1 0 1 0 1 0 0 parts/3004.dat
1 15 1870 -144 -360 0 0 -1 0 1 0 1 0 0 parts/3008.dat
1 15 50 -144 -320 0 0 -1 0 1 0 1 0 0 parts/3004.dat
1 15 50 -144 -360 0 0 -1 0 1 0 1 0 0 parts/3004.dat
1 15 50 -144 -400 0 0 -1 0 1 0 1 0 0 parts/3004.dat
1 15 50 -144 -440 0 0 -1 0 1 0 1 0 0 parts/3004.dat
1 15 1870 -144 -520 0 0 -1 0 1 0 1 0 0 parts/3008.dat
1 15 50 -144 -480 0 0 -1 0 1 0 1 0 0 parts/3004.dat
0 STEP
0 // step 158: walls: 10 pieces at plate 15
1 15 50 -144 -520 0 0 -1 0 1 0 1 0 0 parts/3004.dat
1 15 50 -144 -560 0 0 -1 0 1 0 1 0 0 parts/3004.dat
1 15 50 -144 -600 0 0 -1 0 1 0 1 0 0 parts/3004.dat
1 15 1870 -144 -680 0 0 -1 0 1 0 1 0 0 parts/3008.dat
1 15 50 -144 -640 0 0 -1 0 1 0 1 0 0 parts/3004.dat
1 15 50 -144 -680 0 0 -1 0 1 0 1 0 0 parts/3004.dat
1 15 50 -144 -720 0 0 -1 0 1 0 1 0 0 parts/3004.dat
1 15 50 -144 -760 0 0 -1 0 1 0 1 0 0 parts/3004.dat
1 15 1870 -144 -840 0 0 -1 0 1 0 1 0 0 parts/3008.dat
1 15 50 -144 -800 0 0 -1 0 1 0 1 0 0 parts/3004.dat
0 STEP
0 // step 159: walls: 10 pieces at plate 15
1 15 50 -144 -840 0 0 -1 0 1 0 1 0 0 parts/3004.dat
1 15 50 -144 -880 0 0 -1 0 1 0 1 0 0 parts/3004.dat
1 15 50 -144 -920 0 0 -1 0 1 0 1 0 0 parts/3004.dat
1 15 1870 -144 -1000 0 0 -1 0 1 0 1 0 0 parts/3008.dat
1 15 50 -144 -960 0 0 -1 0 1 0 1 0 0 parts/3004.dat
1 15 50 -144 -1000 0 0 -1 0 1 0 1 0 0 parts/3004.dat
1 15 50 -144 -1040 0 0 -1 0 1 0 1 0 0 parts/3004.dat
1 15 50 -144 -1080 0 0 -1 0 1 0 1 0 0 parts/3004.dat
1 15 1870 -144 -1160 0 0 -1 0 1 0 1 0 0 parts/3008.dat
1 15 50 -144 -1120 0 0 -1 0 1 0 1 0 0 parts/3004.dat
0 STEP
0 // step 160: walls: 10 pieces at plate 15
1 15 50 -144 -1160 0 0 -1 0 1 0 1 0 0 parts/3004.dat
1 15 50 -144 -1200 0 0 -1 0 1 0 1 0 0 parts/3004.dat
1 15 50 -144 -1240 0 0 -1 0 1 0 1 0 0 parts/3004.dat
1 15 1870 -144 -1320 0 0 -1 0 1 0 1 0 0 parts/3008.dat
1 15 50 -144 -1280 0 0 -1 0 1 0 1 0 0 parts/3004.dat
1 15 50 -144 -1320 0 0 -1 0 1 0 1 0 0 parts/3004.dat
1 15 50 -144 -1360 0 0 -1 0 1 0 1 0 0 parts/3004.dat
1 15 120 -144 -1390 1 0 0 0 1 0 0 0 1 parts/3008.dat
1 15 280 -144 -1390 1 0 0 0 1 0 0 0 1 parts/3008.dat
1 15 440 -144 -1390 1 0 0 0 1 0 0 0 1 parts/3008.dat
0 STEP
0 // step 161: walls: 10 pieces at plate 15
1 15 600 -144 -1390 1 0 0 0 1 0 0 0 1 parts/3008.dat
1 15 760 -144 -1390 1 0 0 0 1 0 0 0 1 parts/3008.dat
1 15 920 -144 -1390 1 0 0 0 1 0 0 0 1 parts/3008.dat
1 15 1080 -144 -1390 1 0 0 0 1 0 0 0 1 parts/3008.dat
1 15 1240 -144 -1390 1 0 0 0 1 0 0 0 1 parts/3008.dat
1 15 1400 -144 -1390 1 0 0 0 1 0 0 0 1 parts/3008.dat
1 15 1560 -144 -1390 1 0 0 0 1 0 0 0 1 parts/3008.dat
1 15 1720 -144 -1390 1 0 0 0 1 0 0 0 1 parts/3008.dat
1 15 1810 -144 -1390 1 0 0 0 1 0 0 0 1 parts/3005.dat
1 15 1840 -144 -1390 1 0 0 0 1 0 0 0 1 parts/3004.dat
0 STEP
0 // step 162: walls: 10 pieces at plate 18
1 15 60 -168 -130 1 0 0 0 1 0 0 0 1 parts/3004.dat
1 15 160 -168 -130 1 0 0 0 1 0 0 0 1 parts/3008.dat
1 15 320 -168 -130 1 0 0 0 1 0 0 0 1 parts/3008.dat
1 15 480 -168 -130 1 0 0 0 1 0 0 0 1 parts/3008.dat
1 15 640 -168 -130 1 0 0 0 1 0 0 0 1 parts/3008.dat
1 15 800 -168 -130 1 0 0 0 1 0 0 0 1 parts/3008.dat
1 15 960 -168 -130 1 0 0 0 1 0 0 0 1 parts/3008.dat
1 15 1120 -168 -130 1 0 0 0 1 0 0 0 1 parts/3008.dat
1 15 1280 -168 -130 1 0 0 0 1 0 0 0 1 parts/3008.dat
1 15 1440 -168 -130 1 0 0 0 1 0 0 0 1 parts/3008.dat
0 STEP
0 // step 163: walls: 10 pieces at plate 18
1 15 1600 -168 -130 1 0 0 0 1 0 0 0 1 parts/3008.dat
1 15 1760 -168 -130 1 0 0 0 1 0 0 0 1 parts/3008.dat
1 15 1860 -168 -130 1 0 0 0 1 0 0 0 1 parts/3004.dat
1 15 50 -168 -150 1 0 0 0 1 0 0 0 1 parts/3005.dat
1 15 1870 -168 -150 1 0 0 0 1 0 0 0 1 parts/3005.dat
1 15 50 -168 -240 0 0 -1 0 1 0 1 0 0 parts/3008.dat
1 15 1870 -168 -240 0 0 -1 0 1 0 1 0 0 parts/3008.dat
1 15 50 -168 -400 0 0 -1 0 1 0 1 0 0 parts/3008.dat
1 15 1870 -168 -400 0 0 -1 0 1 0 1 0 0 parts/3008.dat
1 15 50 -168 -560 0 0 -1 0 1 0 1 0 0 parts/3008.dat
0 STEP
0 // step 164: walls: 10 pieces at plate 18
1 15 1870 -168 -560 0 0 -1 0 1 0 1 0 0 parts/3008.dat
1 15 50 -168 -720 0 0 -1 0 1 0 1 0 0 parts/3008.dat
1 15 1870 -168 -720 0 0 -1 0 1 0 1 0 0 parts/3008.dat
1 15 50 -168 -880 0 0 -1 0 1 0 1 0 0 parts/3008.dat
1 15 1870 -168 -880 0 0 -1 0 1 0 1 0 0 parts/3008.dat
1 15 50 -168 -1040 0 0 -1 0 1 0 1 0 0 parts/3008.dat
1 15 1870 -168 -1040 0 0 -1 0 1 0 1 0 0 parts/3008.dat
1 15 50 -168 -1200 0 0 -1 0 1 0 1 0 0 parts/3008.dat
1 15 1870 -168 -1200 0 0 -1 0 1 0 1 0 0 parts/3008.dat
1 15 50 -168 -1340 0 0 -1 0 1 0 1 0 0 parts/3009.dat
0 STEP
0 // step 165: walls: 10 pieces at plate 18
1 15 1870 -168 -1340 0 0 -1 0 1 0 1 0 0 parts/3009.dat
1 15 70 -168 -1390 1 0 0 0 1 0 0 0 1 parts/3005.dat
1 15 160 -168 -1390 1 0 0 0 1 0 0 0 1 parts/3008.dat
1 15 320 -168 -1390 1 0 0 0 1 0 0 0 1 parts/3008.dat
1 15 480 -168 -1390 1 0 0 0 1 0 0 0 1 parts/3008.dat
1 15 640 -168 -1390 1 0 0 0 1 0 0 0 1 parts/3008.dat
1 15 800 -168 -1390 1 0 0 0 1 0 0 0 1 parts/3008.dat
1 15 960 -168 -1390 1 0 0 0 1 0 0 0 1 parts/3008.dat
1 15 1120 -168 -1390 1 0 0 0 1 0 0 0 1 parts/3008.dat
1 15 1280 -168 -1390 1 0 0 0 1 0 0 0 1 parts/3008.dat
0 STEP
0 // step 166: walls: 4 pieces at plate 18
1 15 1440 -168 -1390 1 0 0 0 1 0 0 0 1 parts/3008.dat
1 15 1600 -168 -1390 1 0 0 0 1 0 0 0 1 parts/3008.dat
1 15 1760 -168 -1390 1 0 0 0 1 0 0 0 1 parts/3008.dat
1 15 1850 -168 -1390 1 0 0 0 1 0 0 0 1 parts/3005.dat
0 STEP
0 // step 167: walls: 10 pieces at plate 21
1 15 120 -192 -130 1 0 0 0 1 0 0 0 1 parts/3008.dat
1 15 280 -192 -130 1 0 0 0 1 0 0 0 1 parts/3008.dat
1 15 440 -192 -130 1 0 0 0 1 0 0 0 1 parts/3008.dat
1 15 600 -192 -130 1 0 0 0 1 0 0 0 1 parts/3008.dat
1 15 740 -192 -130 1 0 0 0 1 0 0 0 1 parts/3009.dat
1 15 810 -192 -130 1 0 0 0 1 0 0 0 1 parts/3005.dat
1 15 850 -192 -130 1 0 0 0 1 0 0 0 1 parts/3005.dat
1 15 880 -192 -130 1 0 0 0 1 0 0 0 1 parts/3004.dat
1 15 970 -192 -130 1 0 0 0 1 0 0 0 1 parts/3005.dat
1 15 1050 -192 -130 1 0 0 0 1 0 0 0 1 parts/3005.dat
0 STEP
0 // step 168: walls: 10 pieces at plate 21
1 15 1120 -192 -130 1 0 0 0 1 0 0 0 1 parts/3004.dat
1 15 1160 -192 -130 1 0 0 0 1 0 0 0 1 parts/3004.dat
1 15 1200 -192 -130 1 0 0 0 1 0 0 0 1 parts/3004.dat
1 15 1240 -192 -130 1 0 0 0 1 0 0 0 1 parts/3004.dat
1 15 1280 -192 -130 1 0 0 0 1 0 0 0 1 parts/3004.dat
1 15 1320 -192 -130 1 0 0 0 1 0 0 0 1 parts/3004.dat
1 15 1360 -192 -130 1 0 0 0 1 0 0 0 1 parts/3004.dat
1 15 1400 -192 -130 1 0 0 0 1 0 0 0 1 parts/3004.dat
1 15 1440 -192 -130 1 0 0 0 1 0 0 0 1 parts/3004.dat
1 15 1480 -192 -130 1 0 0 0 1 0 0 0 1 parts/3004.dat
0 STEP
0 // step 169: walls: 10 pieces at plate 21
1 15 1520 -192 -130 1 0 0 0 1 0 0 0 1 parts/3004.dat
1 15 1560 -192 -130 1 0 0 0 1 0 0 0 1 parts/3004.dat
1 15 1600 -192 -130 1 0 0 0 1 0 0 0 1 parts/3004.dat
1 15 1640 -192 -130 1 0 0 0 1 0 0 0 1 parts/3004.dat
1 15 1680 -192 -130 1 0 0 0 1 0 0 0 1 parts/3004.dat
1 15 1720 -192 -130 1 0 0 0 1 0 0 0 1 parts/3004.dat
1 15 1760 -192 -130 1 0 0 0 1 0 0 0 1 parts/3004.dat
1 15 1800 -192 -130 1 0 0 0 1 0 0 0 1 parts/3004.dat
1 15 1840 -192 -130 1 0 0 0 1 0 0 0 1 parts/3004.dat
1 15 1870 -192 -200 0 0 -1 0 1 0 1 0 0 parts/3008.dat
0 STEP
0 // step 170: walls: 10 pieces at plate 21
1 15 50 -192 -160 0 0 -1 0 1 0 1 0 0 parts/3004.dat
1 15 50 -192 -200 0 0 -1 0 1 0 1 0 0 parts/3004.dat
1 15 50 -192 -240 0 0 -1 0 1 0 1 0 0 parts/3004.dat
1 15 50 -192 -280 0 0 -1 0 1 0 1 0 0 parts/3004.dat
1 15 1870 -192 -360 0 0 -1 0 1 0 1 0 0 parts/3008.dat
1 15 50 -192 -320 0 0 -1 0 1 0 1 0 0 parts/3004.dat
1 15 50 -192 -360 0 0 -1 0 1 0 1 0 0 parts/3004.dat
1 15 50 -192 -400 0 0 -1 0 1 0 1 0 0 parts/3004.dat
1 15 50 -192 -440 0 0 -1 0 1 0 1 0 0 parts/3004.dat
1 15 1870 -192 -520 0 0 -1 0 1 0 1 0 0 parts/3008.dat
0 STEP
0 // step 171: walls: 10 pieces at plate 21
1 15 50 -192 -480 0 0 -1 0 1 0 1 0 0 parts/3004.dat
1 15 50 -192 -520 0 0 -1 0 1 0 1 0 0 parts/3004.dat
1 15 50 -192 -560 0 0 -1 0 1 0 1 0 0 parts/3004.dat
1 15 50 -192 -600 0 0 -1 0 1 0 1 0 0 parts/3004.dat
1 15 1870 -192 -680 0 0 -1 0 1 0 1 0 0 parts/3008.dat
1 15 50 -192 -640 0 0 -1 0 1 0 1 0 0 parts/3004.dat
1 15 50 -192 -680 0 0 -1 0 1 0 1 0 0 parts/3004.dat
1 15 50 -192 -720 0 0 -1 0 1 0 1 0 0 parts/3004.dat
1 15 50 -192 -760 0 0 -1 0 1 0 1 0 0 parts/3004.dat
1 15 1870 -192 -840 0 0 -1 0 1 0 1 0 0 parts/3008.dat
0 STEP
0 // step 172: walls: 10 pieces at plate 21
1 15 50 -192 -800 0 0 -1 0 1 0 1 0 0 parts/3004.dat
1 15 50 -192 -840 0 0 -1 0 1 0 1 0 0 parts/3004.dat
1 15 50 -192 -880 0 0 -1 0 1 0 1 0 0 parts/3004.dat
1 15 50 -192 -920 0 0 -1 0 1 0 1 0 0 parts/3004.dat
1 15 1870 -192 -1000 0 0 -1 0 1 0 1 0 0 parts/3008.dat
1 15 50 -192 -960 0 0 -1 0 1 0 1 0 0 parts/3004.dat
1 15 50 -192 -1000 0 0 -1 0 1 0 1 0 0 parts/3004.dat
1 15 50 -192 -1040 0 0 -1 0 1 0 1 0 0 parts/3004.dat
1 15 50 -192 -1080 0 0 -1 0 1 0 1 0 0 parts/3004.dat
1 15 1870 -192 -1160 0 0 -1 0 1 0 1 0 0 parts/3008.dat
0 STEP
0 // step 173: walls: 10 pieces at plate 21
1 15 50 -192 -1120 0 0 -1 0 1 0 1 0 0 parts/3004.dat
1 15 50 -192 -1160 0 0 -1 0 1 0 1 0 0 parts/3004.dat
1 15 50 -192 -1200 0 0 -1 0 1 0 1 0 0 parts/3004.dat
1 15 50 -192 -1240 0 0 -1 0 1 0 1 0 0 parts/3004.dat
1 15 1870 -192 -1320 0 0 -1 0 1 0 1 0 0 parts/3008.dat
1 15 50 -192 -1280 0 0 -1 0 1 0 1 0 0 parts/3004.dat
1 15 50 -192 -1320 0 0 -1 0 1 0 1 0 0 parts/3004.dat
1 15 50 -192 -1360 0 0 -1 0 1 0 1 0 0 parts/3004.dat
1 15 120 -192 -1390 1 0 0 0 1 0 0 0 1 parts/3008.dat
1 15 280 -192 -1390 1 0 0 0 1 0 0 0 1 parts/3008.dat
0 STEP
0 // step 174: walls: 10 pieces at plate 21
1 15 440 -192 -1390 1 0 0 0 1 0 0 0 1 parts/3008.dat
1 15 600 -192 -1390 1 0 0 0 1 0 0 0 1 parts/3008.dat
1 15 760 -192 -1390 1 0 0 0 1 0 0 0 1 parts/3008.dat
1 15 920 -192 -1390 1 0 0 0 1 0 0 0 1 parts/3008.dat
1 15 1080 -192 -1390 1 0 0 0 1 0 0 0 1 parts/3008.dat
1 15 1240 -192 -1390 1 0 0 0 1 0 0 0 1 parts/3008.dat
1 15 1400 -192 -1390 1 0 0 0 1 0 0 0 1 parts/3008.dat
1 15 1560 -192 -1390 1 0 0 0 1 0 0 0 1 parts/3008.dat
1 15 1720 -192 -1390 1 0 0 0 1 0 0 0 1 parts/3008.dat
1 15 1810 -192 -1390 1 0 0 0 1 0 0 0 1 parts/3005.dat
0 STEP
0 // step 175: walls: 1 piece at plate 21
1 15 1840 -192 -1390 1 0 0 0 1 0 0 0 1 parts/3004.dat
0 STEP
0 // step 176: walls: 10 pieces at plate 24
1 15 60 -216 -130 1 0 0 0 1 0 0 0 1 parts/3004.dat
1 15 160 -216 -130 1 0 0 0 1 0 0 0 1 parts/3008.dat
1 15 320 -216 -130 1 0 0 0 1 0 0 0 1 parts/3008.dat
1 15 480 -216 -130 1 0 0 0 1 0 0 0 1 parts/3008.dat
1 15 640 -216 -130 1 0 0 0 1 0 0 0 1 parts/3008.dat
1 15 760 -216 -130 1 0 0 0 1 0 0 0 1 parts/3010.dat
1 15 810 -216 -130 1 0 0 0 1 0 0 0 1 parts/3005.dat
1 15 860 -216 -130 1 0 0 0 1 0 0 0 1 parts/3004.dat
1 15 890 -216 -130 1 0 0 0 1 0 0 0 1 parts/3005.dat
1 15 930 -216 -130 1 0 0 0 1 0 0 0 1 parts/3005.dat
0 STEP
0 // step 177: walls: 10 pieces at plate 24
1 15 970 -216 -130 1 0 0 0 1 0 0 0 1 parts/3005.dat
1 15 1010 -216 -130 1 0 0 0 1 0 0 0 1 parts/3005.dat
1 15 1050 -216 -130 1 0 0 0 1 0 0 0 1 parts/3005.dat
1 15 1090 -216 -130 1 0 0 0 1 0 0 0 1 parts/3005.dat
1 15 1200 -216 -130 1 0 0 0 1 0 0 0 1 parts/3008.dat
1 15 1360 -216 -130 1 0 0 0 1 0 0 0 1 parts/3008.dat
1 15 1520 -216 -130 1 0 0 0 1 0 0 0 1 parts/3008.dat
1 15 1680 -216 -130 1 0 0 0 1 0 0 0 1 parts/3008.dat
1 15 1820 -216 -130 1 0 0 0 1 0 0 0 1 parts/3009.dat
1 15 50 -216 -150 1 0 0 0 1 0 0 0 1 parts/3005.dat
0 STEP
0 // step 178: walls: 10 pieces at plate 24
1 15 1870 -216 -150 1 0 0 0 1 0 0 0 1 parts/3005.dat
1 15 50 -216 -240 0 0 -1 0 1 0 1 0 0 parts/3008.dat
1 15 1870 -216 -240 0 0 -1 0 1 0 1 0 0 parts/3008.dat
1 15 50 -216 -400 0 0 -1 0 1 0 1 0 0 parts/3008.dat
1 15 1870 -216 -400 0 0 -1 0 1 0 1 0 0 parts/3008.dat
1 15 50 -216 -560 0 0 -1 0 1 0 1 0 0 parts/3008.dat
1 15 1870 -216 -560 0 0 -1 0 1 0 1 0 0 parts/3008.dat
1 15 50 -216 -720 0 0 -1 0 1 0 1 0 0 parts/3008.dat
1 15 1870 -216 -720 0 0 -1 0 1 0 1 0 0 parts/3008.dat
1 15 50 -216 -880 0 0 -1 0 1 0 1 0 0 parts/3008.dat
0 STEP
0 // step 179: walls: 10 pieces at plate 24
1 15 1870 -216 -880 0 0 -1 0 1 0 1 0 0 parts/3008.dat
1 15 50 -216 -1040 0 0 -1 0 1 0 1 0 0 parts/3008.dat
1 15 1870 -216 -1040 0 0 -1 0 1 0 1 0 0 parts/3008.dat
1 15 50 -216 -1200 0 0 -1 0 1 0 1 0 0 parts/3008.dat
1 15 1870 -216 -1200 0 0 -1 0 1 0 1 0 0 parts/3008.dat
1 15 50 -216 -1340 0 0 -1 0 1 0 1 0 0 parts/3009.dat
1 15 1870 -216 -1340 0 0 -1 0 1 0 1 0 0 parts/3009.dat
1 15 70 -216 -1390 1 0 0 0 1 0 0 0 1 parts/3005.dat
1 15 160 -216 -1390 1 0 0 0 1 0 0 0 1 parts/3008.dat
1 15 320 -216 -1390 1 0 0 0 1 0 0 0 1 parts/3008.dat
0 STEP
0 // step 180: walls: 10 pieces at plate 24
1 15 480 -216 -1390 1 0 0 0 1 0 0 0 1 parts/3008.dat
1 15 640 -216 -1390 1 0 0 0 1 0 0 0 1 parts/3008.dat
1 15 800 -216 -1390 1 0 0 0 1 0 0 0 1 parts/3008.dat
1 15 960 -216 -1390 1 0 0 0 1 0 0 0 1 parts/3008.dat
1 15 1120 -216 -1390 1 0 0 0 1 0 0 0 1 parts/3008.dat
1 15 1280 -216 -1390 1 0 0 0 1 0 0 0 1 parts/3008.dat
1 15 1440 -216 -1390 1 0 0 0 1 0 0 0 1 parts/3008.dat
1 15 1600 -216 -1390 1 0 0 0 1 0 0 0 1 parts/3008.dat
1 15 1760 -216 -1390 1 0 0 0 1 0 0 0 1 parts/3008.dat
1 15 1850 -216 -1390 1 0 0 0 1 0 0 0 1 parts/3005.dat
0 STEP
0 // step 181: walls: 10 pieces at plate 27
1 15 120 -240 -130 1 0 0 0 1 0 0 0 1 parts/3008.dat
1 15 280 -240 -130 1 0 0 0 1 0 0 0 1 parts/3008.dat
1 15 440 -240 -130 1 0 0 0 1 0 0 0 1 parts/3008.dat
1 15 600 -240 -130 1 0 0 0 1 0 0 0 1 parts/3008.dat
1 15 740 -240 -130 1 0 0 0 1 0 0 0 1 parts/3009.dat
1 15 810 -240 -130 1 0 0 0 1 0 0 0 1 parts/3005.dat
1 15 880 -240 -130 1 0 0 0 1 0 0 0 1 parts/3004.dat
1 15 930 -240 -130 1 0 0 0 1 0 0 0 1 parts/3005.dat
1 15 970 -240 -130 1 0 0 0 1 0 0 0 1 parts/3005.dat
1 15 1010 -240 -130 1 0 0 0 1 0 0 0 1 parts/3005.dat
0 STEP
0 // step 182: walls: 10 pieces at plate 27
1 15 1050 -240 -130 1 0 0 0 1 0 0 0 1 parts/3005.dat
1 15 1090 -240 -130 1 0 0 0 1 0 0 0 1 parts/3005.dat
1 15 1130 -240 -130 1 0 0 0 1 0 0 0 1 parts/3005.dat
1 15 1160 -240 -130 1 0 0 0 1 0 0 0 1 parts/3004.dat
1 15 1200 -240 -130 1 0 0 0 1 0 0 0 1 parts/3004.dat
1 15 1240 -240 -130 1 0 0 0 1 0 0 0 1 parts/3004.dat
1 15 1280 -240 -130 1 0 0 0 1 0 0 0 1 parts/3004.dat
1 15 1320 -240 -130 1 0 0 0 1 0 0 0 1 parts/3004.dat
1 15 1360 -240 -130 1 0 0 0 1 0 0 0 1 parts/3004.dat
1 15 1400 -240 -130 1 0 0 0 1 0 0 0 1 parts/3004.dat
0 STEP
0 // step 183: walls: 10 pieces at plate 27
1 15 1440 -240 -130 1 0 0 0 1 0 0 0 1 parts/3004.dat
1 15 1480 -240 -130 1 0 0 0 1 0 0 0 1 parts/3004.dat
1 15 1520 -240 -130 1 0 0 0 1 0 0 0 1 parts/3004.dat
1 15 1560 -240 -130 1 0 0 0 1 0 0 0 1 parts/3004.dat
1 15 1600 -240 -130 1 0 0 0 1 0 0 0 1 parts/3004.dat
1 15 1640 -240 -130 1 0 0 0 1 0 0 0 1 parts/3004.dat
1 15 1680 -240 -130 1 0 0 0 1 0 0 0 1 parts/3004.dat
1 15 1720 -240 -130 1 0 0 0 1 0 0 0 1 parts/3004.dat
1 15 1760 -240 -130 1 0 0 0 1 0 0 0 1 parts/3004.dat
1 15 1800 -240 -130 1 0 0 0 1 0 0 0 1 parts/3004.dat
0 STEP
0 // step 184: walls: 10 pieces at plate 27
1 15 1840 -240 -130 1 0 0 0 1 0 0 0 1 parts/3004.dat
1 15 1870 -240 -200 0 0 -1 0 1 0 1 0 0 parts/3008.dat
1 15 50 -240 -160 0 0 -1 0 1 0 1 0 0 parts/3004.dat
1 15 50 -240 -200 0 0 -1 0 1 0 1 0 0 parts/3004.dat
1 15 50 -240 -240 0 0 -1 0 1 0 1 0 0 parts/3004.dat
1 15 50 -240 -280 0 0 -1 0 1 0 1 0 0 parts/3004.dat
1 15 1870 -240 -360 0 0 -1 0 1 0 1 0 0 parts/3008.dat
1 15 50 -240 -320 0 0 -1 0 1 0 1 0 0 parts/3004.dat
1 15 50 -240 -360 0 0 -1 0 1 0 1 0 0 parts/3004.dat
1 15 50 -240 -400 0 0 -1 0 1 0 1 0 0 parts/3004.dat
0 STEP
0 // step 185: walls: 10 pieces at plate 27
1 15 50 -240 -440 0 0 -1 0 1 0 1 0 0 parts/3004.dat
1 15 1870 -240 -520 0 0 -1 0 1 0 1 0 0 parts/3008.dat
1 15 50 -240 -480 0 0 -1 0 1 0 1 0 0 parts/3004.dat
1 15 50 -240 -520 0 0 -1 0 1 0 1 0 0 parts/3004.dat
1 15 50 -240 -560 0 0 -1 0 1 0 1 0 0 parts/3004.dat
1 15 50 -240 -600 0 0 -1 0 1 0 1 0 0 parts/3004.dat
1 15 1870 -240 -680 0 0 -1 0 1 0 1 0 0 parts/3008.dat
1 15 50 -240 -640 0 0 -1 0 1 0 1 0 0 parts/3004.dat
1 15 50 -240 -680 0 0 -1 0 1 0 1 0 0 parts/3004.dat
1 15 50 -240 -720 0 0 -1 0 1 0 1 0 0 parts/3004.dat
0 STEP
0 // step 186: walls: 10 pieces at plate 27
1 15 50 -240 -760 0 0 -1 0 1 0 1 0 0 parts/3004.dat
1 15 1870 -240 -840 0 0 -1 0 1 0 1 0 0 parts/3008.dat
1 15 50 -240 -800 0 0 -1 0 1 0 1 0 0 parts/3004.dat
1 15 50 -240 -840 0 0 -1 0 1 0 1 0 0 parts/3004.dat
1 15 50 -240 -880 0 0 -1 0 1 0 1 0 0 parts/3004.dat
1 15 50 -240 -920 0 0 -1 0 1 0 1 0 0 parts/3004.dat
1 15 1870 -240 -1000 0 0 -1 0 1 0 1 0 0 parts/3008.dat
1 15 50 -240 -960 0 0 -1 0 1 0 1 0 0 parts/3004.dat
1 15 50 -240 -1000 0 0 -1 0 1 0 1 0 0 parts/3004.dat
1 15 50 -240 -1040 0 0 -1 0 1 0 1 0 0 parts/3004.dat
0 STEP
0 // step 187: walls: 10 pieces at plate 27
1 15 50 -240 -1080 0 0 -1 0 1 0 1 0 0 parts/3004.dat
1 15 1870 -240 -1160 0 0 -1 0 1 0 1 0 0 parts/3008.dat
1 15 50 -240 -1120 0 0 -1 0 1 0 1 0 0 parts/3004.dat
1 15 50 -240 -1160 0 0 -1 0 1 0 1 0 0 parts/3004.dat
1 15 50 -240 -1200 0 0 -1 0 1 0 1 0 0 parts/3004.dat
1 15 50 -240 -1240 0 0 -1 0 1 0 1 0 0 parts/3004.dat
1 15 1870 -240 -1320 0 0 -1 0 1 0 1 0 0 parts/3008.dat
1 15 50 -240 -1280 0 0 -1 0 1 0 1 0 0 parts/3004.dat
1 15 50 -240 -1320 0 0 -1 0 1 0 1 0 0 parts/3004.dat
1 15 50 -240 -1360 0 0 -1 0 1 0 1 0 0 parts/3004.dat
0 STEP
0 // step 188: walls: 10 pieces at plate 27
1 15 120 -240 -1390 1 0 0 0 1 0 0 0 1 parts/3008.dat
1 15 280 -240 -1390 1 0 0 0 1 0 0 0 1 parts/3008.dat
1 15 440 -240 -1390 1 0 0 0 1 0 0 0 1 parts/3008.dat
1 15 600 -240 -1390 1 0 0 0 1 0 0 0 1 parts/3008.dat
1 15 760 -240 -1390 1 0 0 0 1 0 0 0 1 parts/3008.dat
1 15 920 -240 -1390 1 0 0 0 1 0 0 0 1 parts/3008.dat
1 15 1080 -240 -1390 1 0 0 0 1 0 0 0 1 parts/3008.dat
1 15 1240 -240 -1390 1 0 0 0 1 0 0 0 1 parts/3008.dat
1 15 1400 -240 -1390 1 0 0 0 1 0 0 0 1 parts/3008.dat
1 15 1560 -240 -1390 1 0 0 0 1 0 0 0 1 parts/3008.dat
0 STEP
0 // step 189: walls: 3 pieces at plate 27
1 15 1720 -240 -1390 1 0 0 0 1 0 0 0 1 parts/3008.dat
1 15 1810 -240 -1390 1 0 0 0 1 0 0 0 1 parts/3005.dat
1 15 1840 -240 -1390 1 0 0 0 1 0 0 0 1 parts/3004.dat
0 STEP
0 // step 190: walls: 10 pieces at plate 30
1 15 60 -264 -130 1 0 0 0 1 0 0 0 1 parts/3004.dat
1 15 160 -264 -130 1 0 0 0 1 0 0 0 1 parts/3008.dat
1 15 320 -264 -130 1 0 0 0 1 0 0 0 1 parts/3008.dat
1 15 480 -264 -130 1 0 0 0 1 0 0 0 1 parts/3008.dat
1 15 640 -264 -130 1 0 0 0 1 0 0 0 1 parts/3008.dat
1 15 760 -264 -130 1 0 0 0 1 0 0 0 1 parts/3010.dat
1 15 810 -264 -130 1 0 0 0 1 0 0 0 1 parts/3005.dat
1 15 860 -264 -130 1 0 0 0 1 0 0 0 1 parts/3004.dat
1 15 890 -264 -130 1 0 0 0 1 0 0 0 1 parts/3005.dat
1 15 930 -264 -130 1 0 0 0 1 0 0 0 1 parts/3005.dat
0 STEP
0 // step 191: walls: 10 pieces at plate 30
1 15 970 -264 -130 1 0 0 0 1 0 0 0 1 parts/3005.dat
1 15 1010 -264 -130 1 0 0 0 1 0 0 0 1 parts/3005.dat
1 15 1050 -264 -130 1 0 0 0 1 0 0 0 1 parts/3005.dat
1 15 1090 -264 -130 1 0 0 0 1 0 0 0 1 parts/3005.dat
1 15 1200 -264 -130 1 0 0 0 1 0 0 0 1 parts/3008.dat
1 15 1360 -264 -130 1 0 0 0 1 0 0 0 1 parts/3008.dat
1 15 1520 -264 -130 1 0 0 0 1 0 0 0 1 parts/3008.dat
1 15 1680 -264 -130 1 0 0 0 1 0 0 0 1 parts/3008.dat
1 15 1820 -264 -130 1 0 0 0 1 0 0 0 1 parts/3009.dat
1 15 50 -264 -150 1 0 0 0 1 0 0 0 1 parts/3005.dat
0 STEP
0 // step 192: walls: 10 pieces at plate 30
1 15 1870 -264 -150 1 0 0 0 1 0 0 0 1 parts/3005.dat
1 15 50 -264 -240 0 0 -1 0 1 0 1 0 0 parts/3008.dat
1 15 1870 -264 -240 0 0 -1 0 1 0 1 0 0 parts/3008.dat
1 15 50 -264 -400 0 0 -1 0 1 0 1 0 0 parts/3008.dat
1 15 1870 -264 -400 0 0 -1 0 1 0 1 0 0 parts/3008.dat
1 15 50 -264 -560 0 0 -1 0 1 0 1 0 0 parts/3008.dat
1 15 1870 -264 -560 0 0 -1 0 1 0 1 0 0 parts/3008.dat
1 15 50 -264 -720 0 0 -1 0 1 0 1 0 0 parts/3008.dat
1 15 1870 -264 -720 0 0 -1 0 1 0 1 0 0 parts/3008.dat
1 15 50 -264 -880 0 0 -1 0 1 0 1 0 0 parts/3008.dat
0 STEP
0 // step 193: walls: 10 pieces at plate 30
1 15 1870 -264 -880 0 0 -1 0 1 0 1 0 0 parts/3008.dat
1 15 50 -264 -1040 0 0 -1 0 1 0 1 0 0 parts/3008.dat
1 15 1870 -264 -1040 0 0 -1 0 1 0 1 0 0 parts/3008.dat
1 15 50 -264 -1200 0 0 -1 0 1 0 1 0 0 parts/3008.dat
1 15 1870 -264 -1200 0 0 -1 0 1 0 1 0 0 parts/3008.dat
1 15 50 -264 -1340 0 0 -1 0 1 0 1 0 0 parts/3009.dat
1 15 1870 -264 -1340 0 0 -1 0 1 0 1 0 0 parts/3009.dat
1 15 70 -264 -1390 1 0 0 0 1 0 0 0 1 parts/3005.dat
1 15 160 -264 -1390 1 0 0 0 1 0 0 0 1 parts/3008.dat
1 15 320 -264 -1390 1 0 0 0 1 0 0 0 1 parts/3008.dat
0 STEP
0 // step 194: walls: 10 pieces at plate 30
1 15 480 -264 -1390 1 0 0 0 1 0 0 0 1 parts/3008.dat
1 15 640 -264 -1390 1 0 0 0 1 0 0 0 1 parts/3008.dat
1 15 800 -264 -1390 1 0 0 0 1 0 0 0 1 parts/3008.dat
1 15 960 -264 -1390 1 0 0 0 1 0 0 0 1 parts/3008.dat
1 15 1120 -264 -1390 1 0 0 0 1 0 0 0 1 parts/3008.dat
1 15 1280 -264 -1390 1 0 0 0 1 0 0 0 1 parts/3008.dat
1 15 1440 -264 -1390 1 0 0 0 1 0 0 0 1 parts/3008.dat
1 15 1600 -264 -1390 1 0 0 0 1 0 0 0 1 parts/3008.dat
1 15 1760 -264 -1390 1 0 0 0 1 0 0 0 1 parts/3008.dat
1 15 1850 -264 -1390 1 0 0 0 1 0 0 0 1 parts/3005.dat
0 STEP
0 // step 195: walls: 10 pieces at plate 33
1 15 120 -288 -130 1 0 0 0 1 0 0 0 1 parts/3008.dat
1 15 280 -288 -130 1 0 0 0 1 0 0 0 1 parts/3008.dat
1 15 440 -288 -130 1 0 0 0 1 0 0 0 1 parts/3008.dat
1 15 600 -288 -130 1 0 0 0 1 0 0 0 1 parts/3008.dat
1 15 740 -288 -130 1 0 0 0 1 0 0 0 1 parts/3009.dat
1 15 810 -288 -130 1 0 0 0 1 0 0 0 1 parts/3005.dat
1 15 890 -288 -130 1 0 0 0 1 0 0 0 1 parts/3005.dat
1 15 970 -288 -130 1 0 0 0 1 0 0 0 1 parts/3005.dat
1 15 1050 -288 -130 1 0 0 0 1 0 0 0 1 parts/3005.dat
1 15 1120 -288 -130 1 0 0 0 1 0 0 0 1 parts/3004.dat
0 STEP
0 // step 196: walls: 10 pieces at plate 33
1 15 1160 -288 -130 1 0 0 0 1 0 0 0 1 parts/3004.dat
1 15 1200 -288 -130 1 0 0 0 1 0 0 0 1 parts/3004.dat
1 15 1240 -288 -130 1 0 0 0 1 0 0 0 1 parts/3004.dat
1 15 1280 -288 -130 1 0 0 0 1 0 0 0 1 parts/3004.dat
1 15 1320 -288 -130 1 0 0 0 1 0 0 0 1 parts/3004.dat
1 15 1360 -288 -130 1 0 0 0 1 0 0 0 1 parts/3004.dat
1 15 1400 -288 -130 1 0 0 0 1 0 0 0 1 parts/3004.dat
1 15 1440 -288 -130 1 0 0 0 1 0 0 0 1 parts/3004.dat
1 15 1480 -288 -130 1 0 0 0 1 0 0 0 1 parts/3004.dat
1 15 1520 -288 -130 1 0 0 0 1 0 0 0 1 parts/3004.dat
0 STEP
0 // step 197: walls: 10 pieces at plate 33
1 15 1560 -288 -130 1 0 0 0 1 0 0 0 1 parts/3004.dat
1 15 1600 -288 -130 1 0 0 0 1 0 0 0 1 parts/3004.dat
1 15 1640 -288 -130 1 0 0 0 1 0 0 0 1 parts/3004.dat
1 15 1680 -288 -130 1 0 0 0 1 0 0 0 1 parts/3004.dat
1 15 1720 -288 -130 1 0 0 0 1 0 0 0 1 parts/3004.dat
1 15 1760 -288 -130 1 0 0 0 1 0 0 0 1 parts/3004.dat
1 15 1800 -288 -130 1 0 0 0 1 0 0 0 1 parts/3004.dat
1 15 1840 -288 -130 1 0 0 0 1 0 0 0 1 parts/3004.dat
1 15 1870 -288 -200 0 0 -1 0 1 0 1 0 0 parts/3008.dat
1 15 50 -288 -160 0 0 -1 0 1 0 1 0 0 parts/3004.dat
0 STEP
0 // step 198: walls: 10 pieces at plate 33
1 15 50 -288 -200 0 0 -1 0 1 0 1 0 0 parts/3004.dat
1 15 50 -288 -240 0 0 -1 0 1 0 1 0 0 parts/3004.dat
1 15 50 -288 -280 0 0 -1 0 1 0 1 0 0 parts/3004.dat
1 15 1870 -288 -360 0 0 -1 0 1 0 1 0 0 parts/3008.dat
1 15 50 -288 -320 0 0 -1 0 1 0 1 0 0 parts/3004.dat
1 15 50 -288 -360 0 0 -1 0 1 0 1 0 0 parts/3004.dat
1 15 50 -288 -400 0 0 -1 0 1 0 1 0 0 parts/3004.dat
1 15 50 -288 -440 0 0 -1 0 1 0 1 0 0 parts/3004.dat
1 15 1870 -288 -520 0 0 -1 0 1 0 1 0 0 parts/3008.dat
1 15 50 -288 -480 0 0 -1 0 1 0 1 0 0 parts/3004.dat
0 STEP
0 // step 199: walls: 10 pieces at plate 33
1 15 50 -288 -520 0 0 -1 0 1 0 1 0 0 parts/3004.dat
1 15 50 -288 -560 0 0 -1 0 1 0 1 0 0 parts/3004.dat
1 15 50 -288 -600 0 0 -1 0 1 0 1 0 0 parts/3004.dat
1 15 1870 -288 -680 0 0 -1 0 1 0 1 0 0 parts/3008.dat
1 15 50 -288 -640 0 0 -1 0 1 0 1 0 0 parts/3004.dat
1 15 50 -288 -680 0 0 -1 0 1 0 1 0 0 parts/3004.dat
1 15 50 -288 -720 0 0 -1 0 1 0 1 0 0 parts/3004.dat
1 15 50 -288 -760 0 0 -1 0 1 0 1 0 0 parts/3004.dat
1 15 1870 -288 -840 0 0 -1 0 1 0 1 0 0 parts/3008.dat
1 15 50 -288 -800 0 0 -1 0 1 0 1 0 0 parts/3004.dat
0 STEP
0 // step 200: walls: 10 pieces at plate 33
1 15 50 -288 -840 0 0 -1 0 1 0 1 0 0 parts/3004.dat
1 15 50 -288 -880 0 0 -1 0 1 0 1 0 0 parts/3004.dat
1 15 50 -288 -920 0 0 -1 0 1 0 1 0 0 parts/3004.dat
1 15 1870 -288 -1000 0 0 -1 0 1 0 1 0 0 parts/3008.dat
1 15 50 -288 -960 0 0 -1 0 1 0 1 0 0 parts/3004.dat
1 15 50 -288 -1000 0 0 -1 0 1 0 1 0 0 parts/3004.dat
1 15 50 -288 -1040 0 0 -1 0 1 0 1 0 0 parts/3004.dat
1 15 50 -288 -1080 0 0 -1 0 1 0 1 0 0 parts/3004.dat
1 15 1870 -288 -1160 0 0 -1 0 1 0 1 0 0 parts/3008.dat
1 15 50 -288 -1120 0 0 -1 0 1 0 1 0 0 parts/3004.dat
0 STEP
0 // step 201: walls: 10 pieces at plate 33
1 15 50 -288 -1160 0 0 -1 0 1 0 1 0 0 parts/3004.dat
1 15 50 -288 -1200 0 0 -1 0 1 0 1 0 0 parts/3004.dat
1 15 50 -288 -1240 0 0 -1 0 1 0 1 0 0 parts/3004.dat
1 15 1870 -288 -1320 0 0 -1 0 1 0 1 0 0 parts/3008.dat
1 15 50 -288 -1280 0 0 -1 0 1 0 1 0 0 parts/3004.dat
1 15 50 -288 -1320 0 0 -1 0 1 0 1 0 0 parts/3004.dat
1 15 50 -288 -1360 0 0 -1 0 1 0 1 0 0 parts/3004.dat
1 15 120 -288 -1390 1 0 0 0 1 0 0 0 1 parts/3008.dat
1 15 280 -288 -1390 1 0 0 0 1 0 0 0 1 parts/3008.dat
1 15 440 -288 -1390 1 0 0 0 1 0 0 0 1 parts/3008.dat
0 STEP
0 // step 202: walls: 10 pieces at plate 33
1 15 600 -288 -1390 1 0 0 0 1 0 0 0 1 parts/3008.dat
1 15 760 -288 -1390 1 0 0 0 1 0 0 0 1 parts/3008.dat
1 15 920 -288 -1390 1 0 0 0 1 0 0 0 1 parts/3008.dat
1 15 1080 -288 -1390 1 0 0 0 1 0 0 0 1 parts/3008.dat
1 15 1240 -288 -1390 1 0 0 0 1 0 0 0 1 parts/3008.dat
1 15 1400 -288 -1390 1 0 0 0 1 0 0 0 1 parts/3008.dat
1 15 1560 -288 -1390 1 0 0 0 1 0 0 0 1 parts/3008.dat
1 15 1720 -288 -1390 1 0 0 0 1 0 0 0 1 parts/3008.dat
1 15 1810 -288 -1390 1 0 0 0 1 0 0 0 1 parts/3005.dat
1 15 1840 -288 -1390 1 0 0 0 1 0 0 0 1 parts/3004.dat
0 STEP
0 // step 203: front: 2 pieces at plate 0
1 72 920 -144 -130 1 0 0 0 1 0 0 0 1 parts/60596.dat
1 72 1000 -144 -130 1 0 0 0 1 0 0 0 1 parts/60596.dat
0 STEP
0 // step 204: front: 10 pieces at plate 3
1 15 140 -96 -130 1 0 0 0 1 0 0 0 1 parts/60594.dat
1 15 260 -96 -130 1 0 0 0 1 0 0 0 1 parts/60594.dat
1 15 380 -96 -130 1 0 0 0 1 0 0 0 1 parts/60594.dat
1 15 500 -96 -130 1 0 0 0 1 0 0 0 1 parts/60594.dat
1 15 620 -96 -130 1 0 0 0 1 0 0 0 1 parts/60594.dat
1 15 740 -96 -130 1 0 0 0 1 0 0 0 1 parts/60594.dat
1 15 1160 -96 -130 1 0 0 0 1 0 0 0 1 parts/60594.dat
1 15 1280 -96 -130 1 0 0 0 1 0 0 0 1 parts/60594.dat
1 15 1400 -96 -130 1 0 0 0 1 0 0 0 1 parts/60594.dat
1 15 1520 -96 -130 1 0 0 0 1 0 0 0 1 parts/60594.dat
0 STEP
0 // step 205: front: 2 pieces at plate 3
1 15 1640 -96 -130 1 0 0 0 1 0 0 0 1 parts/60594.dat
1 15 1760 -96 -130 1 0 0 0 1 0 0 0 1 parts/60594.dat
0 STEP
0 // step 206: band: 10 pieces at plate 36
1 4 60 -312 -130 1 0 0 0 1 0 0 0 1 parts/3004.dat
1 4 160 -312 -130 1 0 0 0 1 0 0 0 1 parts/3008.dat
1 4 320 -312 -130 1 0 0 0 1 0 0 0 1 parts/3008.dat
1 4 480 -312 -130 1 0 0 0 1 0 0 0 1 parts/3008.dat
1 4 640 -312 -130 1 0 0 0 1 0 0 0 1 parts/3008.dat
1 4 800 -312 -130 1 0 0 0 1 0 0 0 1 parts/3008.dat
1 4 960 -312 -130 1 0 0 0 1 0 0 0 1 parts/3008.dat
1 4 1120 -312 -130 1 0 0 0 1 0 0 0 1 parts/3008.dat
1 4 1280 -312 -130 1 0 0 0 1 0 0 0 1 parts/3008.dat
1 4 1440 -312 -130 1 0 0 0 1 0 0 0 1 parts/3008.dat
0 STEP
0 // step 207: band: 10 pieces at plate 36
1 4 1600 -312 -130 1 0 0 0 1 0 0 0 1 parts/3008.dat
1 4 1760 -312 -130 1 0 0 0 1 0 0 0 1 parts/3008.dat
1 4 1860 -312 -130 1 0 0 0 1 0 0 0 1 parts/3004.dat
1 4 50 -312 -150 1 0 0 0 1 0 0 0 1 parts/3005.dat
1 4 1870 -312 -150 1 0 0 0 1 0 0 0 1 parts/3005.dat
1 4 50 -312 -240 0 0 -1 0 1 0 1 0 0 parts/3008.dat
1 4 1870 -312 -240 0 0 -1 0 1 0 1 0 0 parts/3008.dat
1 4 50 -312 -400 0 0 -1 0 1 0 1 0 0 parts/3008.dat
1 4 1870 -312 -400 0 0 -1 0 1 0 1 0 0 parts/3008.dat
1 4 50 -312 -560 0 0 -1 0 1 0 1 0 0 parts/3008.dat
0 STEP
0 // step 208: band: 10 pieces at plate 36
1 4 1870 -312 -560 0 0 -1 0 1 0 1 0 0 parts/3008.dat
1 4 50 -312 -720 0 0 -1 0 1 0 1 0 0 parts/3008.dat
1 4 1870 -312 -720 0 0 -1 0 1 0 1 0 0 parts/3008.dat
1 4 50 -312 -880 0 0 -1 0 1 0 1 0 0 parts/3008.dat
1 4 1870 -312 -880 0 0 -1 0 1 0 1 0 0 parts/3008.dat
1 4 50 -312 -1040 0 0 -1 0 1 0 1 0 0 parts/3008.dat
1 4 1870 -312 -1040 0 0 -1 0 1 0 1 0 0 parts/3008.dat
1 4 50 -312 -1200 0 0 -1 0 1 0 1 0 0 parts/3008.dat
1 4 1870 -312 -1200 0 0 -1 0 1 0 1 0 0 parts/3008.dat
1 4 50 -312 -1340 0 0 -1 0 1 0 1 0 0 parts/3009.dat
0 STEP
0 // step 209: band: 10 pieces at plate 36
1 4 1870 -312 -1340 0 0 -1 0 1 0 1 0 0 parts/3009.dat
1 4 70 -312 -1390 1 0 0 0 1 0 0 0 1 parts/3005.dat
1 4 160 -312 -1390 1 0 0 0 1 0 0 0 1 parts/3008.dat
1 4 320 -312 -1390 1 0 0 0 1 0 0 0 1 parts/3008.dat
1 4 480 -312 -1390 1 0 0 0 1 0 0 0 1 parts/3008.dat
1 4 640 -312 -1390 1 0 0 0 1 0 0 0 1 parts/3008.dat
1 4 800 -312 -1390 1 0 0 0 1 0 0 0 1 parts/3008.dat
1 4 960 -312 -1390 1 0 0 0 1 0 0 0 1 parts/3008.dat
1 4 1120 -312 -1390 1 0 0 0 1 0 0 0 1 parts/3008.dat
1 4 1280 -312 -1390 1 0 0 0 1 0 0 0 1 parts/3008.dat
0 STEP
0 // step 210: band: 4 pieces at plate 36
1 4 1440 -312 -1390 1 0 0 0 1 0 0 0 1 parts/3008.dat
1 4 1600 -312 -1390 1 0 0 0 1 0 0 0 1 parts/3008.dat
1 4 1760 -312 -1390 1 0 0 0 1 0 0 0 1 parts/3008.dat
1 4 1850 -312 -1390 1 0 0 0 1 0 0 0 1 parts/3005.dat
0 STEP
0 // step 211: band: 10 pieces at plate 39
1 4 120 -336 -130 1 0 0 0 1 0 0 0 1 parts/3008.dat
1 4 280 -336 -130 1 0 0 0 1 0 0 0 1 parts/3008.dat
1 4 370 -336 -130 1 0 0 0 1 0 0 0 1 parts/3005.dat
1 4 390 -336 -130 1 0 0 0 1 0 0 0 1 parts/3005.dat
1 14 410 -336 -130 1 0 0 0 1 0 0 0 1 parts/3005.dat
1 4 440 -336 -130 1 0 0 0 1 0 0 0 1 parts/3004.dat
1 4 470 -336 -130 1 0 0 0 1 0 0 0 1 parts/3005.dat
1 14 490 -336 -130 1 0 0 0 1 0 0 0 1 parts/3005.dat
1 4 520 -336 -130 1 0 0 0 1 0 0 0 1 parts/3004.dat
1 4 550 -336 -130 1 0 0 0 1 0 0 0 1 parts/3005.dat
0 STEP
0 // step 212: band: 10 pieces at plate 39
1 14 570 -336 -130 1 0 0 0 1 0 0 0 1 parts/3005.dat
1 4 600 -336 -130 1 0 0 0 1 0 0 0 1 parts/3004.dat
1 4 640 -336 -130 1 0 0 0 1 0 0 0 1 parts/3004.dat
1 4 680 -336 -130 1 0 0 0 1 0 0 0 1 parts/3004.dat
1 4 720 -336 -130 1 0 0 0 1 0 0 0 1 parts/3004.dat
1 4 760 -336 -130 1 0 0 0 1 0 0 0 1 parts/3004.dat
1 4 800 -336 -130 1 0 0 0 1 0 0 0 1 parts/3004.dat
1 4 840 -336 -130 1 0 0 0 1 0 0 0 1 parts/3004.dat
1 4 880 -336 -130 1 0 0 0 1 0 0 0 1 parts/3004.dat
1 4 920 -336 -130 1 0 0 0 1 0 0 0 1 parts/3004.dat
0 STEP
0 // step 213: band: 10 pieces at plate 39
1 4 960 -336 -130 1 0 0 0 1 0 0 0 1 parts/3004.dat
1 4 1000 -336 -130 1 0 0 0 1 0 0 0 1 parts/3004.dat
1 4 1040 -336 -130 1 0 0 0 1 0 0 0 1 parts/3004.dat
1 4 1080 -336 -130 1 0 0 0 1 0 0 0 1 parts/3004.dat
1 4 1120 -336 -130 1 0 0 0 1 0 0 0 1 parts/3004.dat
1 4 1160 -336 -130 1 0 0 0 1 0 0 0 1 parts/3004.dat
1 4 1200 -336 -130 1 0 0 0 1 0 0 0 1 parts/3004.dat
1 4 1240 -336 -130 1 0 0 0 1 0 0 0 1 parts/3004.dat
1 4 1280 -336 -130 1 0 0 0 1 0 0 0 1 parts/3004.dat
1 4 1320 -336 -130 1 0 0 0 1 0 0 0 1 parts/3004.dat
0 STEP
0 // step 214: band: 10 pieces at plate 39
1 14 1350 -336 -130 1 0 0 0 1 0 0 0 1 parts/3005.dat
1 4 1370 -336 -130 1 0 0 0 1 0 0 0 1 parts/3005.dat
1 4 1400 -336 -130 1 0 0 0 1 0 0 0 1 parts/3004.dat
1 14 1430 -336 -130 1 0 0 0 1 0 0 0 1 parts/3005.dat
1 4 1450 -336 -130 1 0 0 0 1 0 0 0 1 parts/3005.dat
1 4 1480 -336 -130 1 0 0 0 1 0 0 0 1 parts/3004.dat
1 14 1510 -336 -130 1 0 0 0 1 0 0 0 1 parts/3005.dat
1 4 1530 -336 -130 1 0 0 0 1 0 0 0 1 parts/3005.dat
1 4 1560 -336 -130 1 0 0 0 1 0 0 0 1 parts/3004.dat
1 4 1600 -336 -130 1 0 0 0 1 0 0 0 1 parts/3004.dat
0 STEP
0 // step 215: band: 10 pieces at plate 39
1 4 1640 -336 -130 1 0 0 0 1 0 0 0 1 parts/3004.dat
1 4 1680 -336 -130 1 0 0 0 1 0 0 0 1 parts/3004.dat
1 4 1720 -336 -130 1 0 0 0 1 0 0 0 1 parts/3004.dat
1 4 1760 -336 -130 1 0 0 0 1 0 0 0 1 parts/3004.dat
1 4 1800 -336 -130 1 0 0 0 1 0 0 0 1 parts/3004.dat
1 4 1840 -336 -130 1 0 0 0 1 0 0 0 1 parts/3004.dat
1 4 1870 -336 -200 0 0 -1 0 1 0 1 0 0 parts/3008.dat
1 4 50 -336 -160 0 0 -1 0 1 0 1 0 0 parts/3004.dat
1 4 50 -336 -200 0 0 -1 0 1 0 1 0 0 parts/3004.dat
1 4 50 -336 -240 0 0 -1 0 1 0 1 0 0 parts/3004.dat
0 STEP
0 // step 216: band: 10 pieces at plate 39
1 4 50 -336 -280 0 0 -1 0 1 0 1 0 0 parts/3004.dat
1 4 1870 -336 -360 0 0 -1 0 1 0 1 0 0 parts/3008.dat
1 4 50 -336 -320 0 0 -1 0 1 0 1 0 0 parts/3004.dat
1 4 50 -336 -360 0 0 -1 0 1 0 1 0 0 parts/3004.dat
1 4 50 -336 -400 0 0 -1 0 1 0 1 0 0 parts/3004.dat
1 4 50 -336 -440 0 0 -1 0 1 0 1 0 0 parts/3004.dat
1 4 1870 -336 -520 0 0 -1 0 1 0 1 0 0 parts/3008.dat
1 4 50 -336 -480 0 0 -1 0 1 0 1 0 0 parts/3004.dat
1 4 50 -336 -520 0 0 -1 0 1 0 1 0 0 parts/3004.dat
1 4 50 -336 -560 0 0 -1 0 1 0 1 0 0 parts/3004.dat
0 STEP
0 // step 217: band: 10 pieces at plate 39
1 4 50 -336 -600 0 0 -1 0 1 0 1 0 0 parts/3004.dat
1 4 1870 -336 -680 0 0 -1 0 1 0 1 0 0 parts/3008.dat
1 4 50 -336 -640 0 0 -1 0 1 0 1 0 0 parts/3004.dat
1 4 50 -336 -680 0 0 -1 0 1 0 1 0 0 parts/3004.dat
1 4 50 -336 -720 0 0 -1 0 1 0 1 0 0 parts/3004.dat
1 4 50 -336 -760 0 0 -1 0 1 0 1 0 0 parts/3004.dat
1 4 1870 -336 -840 0 0 -1 0 1 0 1 0 0 parts/3008.dat
1 4 50 -336 -800 0 0 -1 0 1 0 1 0 0 parts/3004.dat
1 4 50 -336 -840 0 0 -1 0 1 0 1 0 0 parts/3004.dat
1 4 50 -336 -880 0 0 -1 0 1 0 1 0 0 parts/3004.dat
0 STEP
0 // step 218: band: 10 pieces at plate 39
1 4 50 -336 -920 0 0 -1 0 1 0 1 0 0 parts/3004.dat
1 4 1870 -336 -1000 0 0 -1 0 1 0 1 0 0 parts/3008.dat
1 4 50 -336 -960 0 0 -1 0 1 0 1 0 0 parts/3004.dat
1 4 50 -336 -1000 0 0 -1 0 1 0 1 0 0 parts/3004.dat
1 4 50 -336 -1040 0 0 -1 0 1 0 1 0 0 parts/3004.dat
1 4 50 -336 -1080 0 0 -1 0 1 0 1 0 0 parts/3004.dat
1 4 1870 -336 -1160 0 0 -1 0 1 0 1 0 0 parts/3008.dat
1 4 50 -336 -1120 0 0 -1 0 1 0 1 0 0 parts/3004.dat
1 4 50 -336 -1160 0 0 -1 0 1 0 1 0 0 parts/3004.dat
1 4 50 -336 -1200 0 0 -1 0 1 0 1 0 0 parts/3004.dat
0 STEP
0 // step 219: band: 10 pieces at plate 39
1 4 50 -336 -1240 0 0 -1 0 1 0 1 0 0 parts/3004.dat
1 4 1870 -336 -1320 0 0 -1 0 1 0 1 0 0 parts/3008.dat
1 4 50 -336 -1280 0 0 -1 0 1 0 1 0 0 parts/3004.dat
1 4 50 -336 -1320 0 0 -1 0 1 0 1 0 0 parts/3004.dat
1 4 50 -336 -1360 0 0 -1 0 1 0 1 0 0 parts/3004.dat
1 4 120 -336 -1390 1 0 0 0 1 0 0 0 1 parts/3008.dat
1 4 280 -336 -1390 1 0 0 0 1 0 0 0 1 parts/3008.dat
1 4 440 -336 -1390 1 0 0 0 1 0 0 0 1 parts/3008.dat
1 4 600 -336 -1390 1 0 0 0 1 0 0 0 1 parts/3008.dat
1 4 760 -336 -1390 1 0 0 0 1 0 0 0 1 parts/3008.dat
0 STEP
0 // step 220: band: 8 pieces at plate 39
1 4 920 -336 -1390 1 0 0 0 1 0 0 0 1 parts/3008.dat
1 4 1080 -336 -1390 1 0 0 0 1 0 0 0 1 parts/3008.dat
1 4 1240 -336 -1390 1 0 0 0 1 0 0 0 1 parts/3008.dat
1 4 1400 -336 -1390 1 0 0 0 1 0 0 0 1 parts/3008.dat
1 4 1560 -336 -1390 1 0 0 0 1 0 0 0 1 parts/3008.dat
1 4 1720 -336 -1390 1 0 0 0 1 0 0 0 1 parts/3008.dat
1 4 1810 -336 -1390 1 0 0 0 1 0 0 0 1 parts/3005.dat
1 4 1840 -336 -1390 1 0 0 0 1 0 0 0 1 parts/3004.dat
0 STEP
0 // step 221: sign: 9 pieces at plate 21
1 4 830 -192 -130 1 0 0 0 1 0 0 0 1 parts/3005.dat
1 4 910 -192 -130 1 0 0 0 1 0 0 0 1 parts/3005.dat
1 4 930 -192 -130 1 0 0 0 1 0 0 0 1 parts/3005.dat
1 4 950 -192 -130 1 0 0 0 1 0 0 0 1 parts/3005.dat
1 4 990 -192 -130 1 0 0 0 1 0 0 0 1 parts/3005.dat
1 4 1010 -192 -130 1 0 0 0 1 0 0 0 1 parts/3005.dat
1 4 1030 -192 -130 1 0 0 0 1 0 0 0 1 parts/3005.dat
1 4 1070 -192 -130 1 0 0 0 1 0 0 0 1 parts/3005.dat
1 4 1090 -192 -130 1 0 0 0 1 0 0 0 1 parts/3005.dat
0 STEP
0 // step 222: sign: 7 pieces at plate 24
1 4 830 -216 -130 1 0 0 0 1 0 0 0 1 parts/3005.dat
1 4 910 -216 -130 1 0 0 0 1 0 0 0 1 parts/3005.dat
1 4 950 -216 -130 1 0 0 0 1 0 0 0 1 parts/3005.dat
1 4 990 -216 -130 1 0 0 0 1 0 0 0 1 parts/3005.dat
1 4 1030 -216 -130 1 0 0 0 1 0 0 0 1 parts/3005.dat
1 4 1070 -216 -130 1 0 0 0 1 0 0 0 1 parts/3005.dat
1 4 1110 -216 -130 1 0 0 0 1 0 0 0 1 parts/3005.dat
0 STEP
0 // step 223: sign: 8 pieces at plate 27
1 4 830 -240 -130 1 0 0 0 1 0 0 0 1 parts/3005.dat
1 4 850 -240 -130 1 0 0 0 1 0 0 0 1 parts/3005.dat
1 4 910 -240 -130 1 0 0 0 1 0 0 0 1 parts/3005.dat
1 4 950 -240 -130 1 0 0 0 1 0 0 0 1 parts/3005.dat
1 4 990 -240 -130 1 0 0 0 1 0 0 0 1 parts/3005.dat
1 4 1030 -240 -130 1 0 0 0 1 0 0 0 1 parts/3005.dat
1 4 1070 -240 -130 1 0 0 0 1 0 0 0 1 parts/3005.dat
1 4 1110 -240 -130 1 0 0 0 1 0 0 0 1 parts/3005.dat
0 STEP
0 // step 224: sign: 7 pieces at plate 30
1 4 830 -264 -130 1 0 0 0 1 0 0 0 1 parts/3005.dat
1 4 910 -264 -130 1 0 0 0 1 0 0 0 1 parts/3005.dat
1 4 950 -264 -130 1 0 0 0 1 0 0 0 1 parts/3005.dat
1 4 990 -264 -130 1 0 0 0 1 0 0 0 1 parts/3005.dat
1 4 1030 -264 -130 1 0 0 0 1 0 0 0 1 parts/3005.dat
1 4 1070 -264 -130 1 0 0 0 1 0 0 0 1 parts/3005.dat
1 4 1110 -264 -130 1 0 0 0 1 0 0 0 1 parts/3005.dat
0 STEP
0 // step 225: sign: 10 pieces at plate 33
1 4 830 -288 -130 1 0 0 0 1 0 0 0 1 parts/3005.dat
1 4 850 -288 -130 1 0 0 0 1 0 0 0 1 parts/3005.dat
1 4 870 -288 -130 1 0 0 0 1 0 0 0 1 parts/3005.dat
1 4 910 -288 -130 1 0 0 0 1 0 0 0 1 parts/3005.dat
1 4 930 -288 -130 1 0 0 0 1 0 0 0 1 parts/3005.dat
1 4 950 -288 -130 1 0 0 0 1 0 0 0 1 parts/3005.dat
1 4 990 -288 -130 1 0 0 0 1 0 0 0 1 parts/3005.dat
1 4 1010 -288 -130 1 0 0 0 1 0 0 0 1 parts/3005.dat
1 4 1030 -288 -130 1 0 0 0 1 0 0 0 1 parts/3005.dat
1 4 1070 -288 -130 1 0 0 0 1 0 0 0 1 parts/3005.dat
0 STEP
0 // step 226: sign: 1 piece at plate 33
1 4 1090 -288 -130 1 0 0 0 1 0 0 0 1 parts/3005.dat
0 STEP
0 // step 227: parapet: 10 pieces at plate 42
1 72 60 -360 -130 1 0 0 0 1 0 0 0 1 parts/3004.dat
1 72 160 -360 -130 1 0 0 0 1 0 0 0 1 parts/3008.dat
1 72 320 -360 -130 1 0 0 0 1 0 0 0 1 parts/3008.dat
1 72 480 -360 -130 1 0 0 0 1 0 0 0 1 parts/3008.dat
1 72 640 -360 -130 1 0 0 0 1 0 0 0 1 parts/3008.dat
1 72 800 -360 -130 1 0 0 0 1 0 0 0 1 parts/3008.dat
1 72 960 -360 -130 1 0 0 0 1 0 0 0 1 parts/3008.dat
1 72 1120 -360 -130 1 0 0 0 1 0 0 0 1 parts/3008.dat
1 72 1280 -360 -130 1 0 0 0 1 0 0 0 1 parts/3008.dat
1 72 1440 -360 -130 1 0 0 0 1 0 0 0 1 parts/3008.dat
0 STEP
0 // step 228: parapet: 10 pieces at plate 42
1 72 1600 -360 -130 1 0 0 0 1 0 0 0 1 parts/3008.dat
1 72 1760 -360 -130 1 0 0 0 1 0 0 0 1 parts/3008.dat
1 72 1860 -360 -130 1 0 0 0 1 0 0 0 1 parts/3004.dat
1 72 50 -360 -150 1 0 0 0 1 0 0 0 1 parts/3005.dat
1 72 1870 -360 -150 1 0 0 0 1 0 0 0 1 parts/3005.dat
1 72 50 -360 -240 0 0 -1 0 1 0 1 0 0 parts/3008.dat
1 72 1870 -360 -240 0 0 -1 0 1 0 1 0 0 parts/3008.dat
1 72 50 -360 -400 0 0 -1 0 1 0 1 0 0 parts/3008.dat
1 72 1870 -360 -400 0 0 -1 0 1 0 1 0 0 parts/3008.dat
1 72 50 -360 -560 0 0 -1 0 1 0 1 0 0 parts/3008.dat
0 STEP
0 // step 229: parapet: 10 pieces at plate 42
1 72 1870 -360 -560 0 0 -1 0 1 0 1 0 0 parts/3008.dat
1 72 50 -360 -720 0 0 -1 0 1 0 1 0 0 parts/3008.dat
1 72 1870 -360 -720 0 0 -1 0 1 0 1 0 0 parts/3008.dat
1 72 50 -360 -880 0 0 -1 0 1 0 1 0 0 parts/3008.dat
1 72 1870 -360 -880 0 0 -1 0 1 0 1 0 0 parts/3008.dat
1 72 50 -360 -1040 0 0 -1 0 1 0 1 0 0 parts/3008.dat
1 72 1870 -360 -1040 0 0 -1 0 1 0 1 0 0 parts/3008.dat
1 72 50 -360 -1200 0 0 -1 0 1 0 1 0 0 parts/3008.dat
1 72 1870 -360 -1200 0 0 -1 0 1 0 1 0 0 parts/3008.dat
1 72 50 -360 -1340 0 0 -1 0 1 0 1 0 0 parts/3009.dat
0 STEP
0 // step 230: parapet: 10 pieces at plate 42
1 72 1870 -360 -1340 0 0 -1 0 1 0 1 0 0 parts/3009.dat
1 72 70 -360 -1390 1 0 0 0 1 0 0 0 1 parts/3005.dat
1 72 160 -360 -1390 1 0 0 0 1 0 0 0 1 parts/3008.dat
1 72 320 -360 -1390 1 0 0 0 1 0 0 0 1 parts/3008.dat
1 72 480 -360 -1390 1 0 0 0 1 0 0 0 1 parts/3008.dat
1 72 640 -360 -1390 1 0 0 0 1 0 0 0 1 parts/3008.dat
1 72 800 -360 -1390 1 0 0 0 1 0 0 0 1 parts/3008.dat
1 72 960 -360 -1390 1 0 0 0 1 0 0 0 1 parts/3008.dat
1 72 1120 -360 -1390 1 0 0 0 1 0 0 0 1 parts/3008.dat
1 72 1280 -360 -1390 1 0 0 0 1 0 0 0 1 parts/3008.dat
0 STEP
0 // step 231: parapet: 4 pieces at plate 42
1 72 1440 -360 -1390 1 0 0 0 1 0 0 0 1 parts/3008.dat
1 72 1600 -360 -1390 1 0 0 0 1 0 0 0 1 parts/3008.dat
1 72 1760 -360 -1390 1 0 0 0 1 0 0 0 1 parts/3008.dat
1 72 1850 -360 -1390 1 0 0 0 1 0 0 0 1 parts/3005.dat
0 STEP
0 // step 232: checkout 1: 10 pieces at plate 0
1 72 1220 -24 -190 1 0 0 0 1 0 0 0 1 parts/3004.dat
1 71 1270 -24 -190 1 0 0 0 1 0 0 0 1 parts/3062b.dat
1 72 1220 -24 -220 1 0 0 0 1 0 0 0 1 parts/3003.dat
1 72 1220 -24 -280 0 0 -1 0 1 0 1 0 0 parts/3001.dat
1 71 1260 -24 -300 1 0 0 0 1 0 0 0 1 parts/3003.dat
1 72 1220 -24 -330 1 0 0 0 1 0 0 0 1 parts/3004.dat
1 71 1260 -24 -330 1 0 0 0 1 0 0 0 1 parts/3004.dat
1 15 1150 -24 -350 1 0 0 0 1 0 0 0 1 parts/3005.dat
1 15 1180 -24 -350 1 0 0 0 1 0 0 0 1 parts/3004.dat
1 15 1150 -24 -370 1 0 0 0 1 0 0 0 1 parts/3005.dat
0 STEP
0 // step 233: checkout 1: 1 piece at plate 0
1 15 1180 -24 -370 1 0 0 0 1 0 0 0 1 parts/3004.dat
0 STEP
0 // step 234: checkout 1: 10 pieces at plate 3
1 72 1210 -48 -200 0 0 -1 0 1 0 1 0 0 parts/3004.dat
1 72 1230 -48 -200 0 0 -1 0 1 0 1 0 0 parts/3004.dat
1 71 1270 -48 -190 1 0 0 0 1 0 0 0 1 parts/3062b.dat
1 72 1210 -48 -240 0 0 -1 0 1 0 1 0 0 parts/3004.dat
1 72 1230 -48 -240 0 0 -1 0 1 0 1 0 0 parts/3004.dat
1 72 1210 -48 -280 0 0 -1 0 1 0 1 0 0 parts/3004.dat
1 72 1230 -48 -280 0 0 -1 0 1 0 1 0 0 parts/3004.dat
1 71 1250 -48 -290 1 0 0 0 1 0 0 0 1 parts/3005.dat
1 71 1270 -48 -290 1 0 0 0 1 0 0 0 1 parts/3005.dat
1 72 1210 -48 -320 0 0 -1 0 1 0 1 0 0 parts/3004.dat
0 STEP
0 // step 235: checkout 1: 5 pieces at plate 3
1 72 1230 -48 -320 0 0 -1 0 1 0 1 0 0 parts/3004.dat
1 71 1250 -48 -320 0 0 -1 0 1 0 1 0 0 parts/3004.dat
1 71 1270 -48 -320 0 0 -1 0 1 0 1 0 0 parts/3004.dat
1 70 1150 -48 -350 1 0 0 0 1 0 0 0 1 parts/3005.dat
1 19 1170 -48 -370 1 0 0 0 1 0 0 0 1 parts/3005.dat
0 STEP
0 // step 236: checkout 1: 6 pieces at plate 6
1 0 1220 -56 -220 0 0 -1 0 1 0 1 0 0 parts/3020.dat
1 71 1270 -72 -190 1 0 0 0 1 0 0 0 1 parts/3062b.dat
1 0 1220 -56 -300 0 0 -1 0 1 0 1 0 0 parts/3020.dat
1 72 1270 -72 -300 0 0 -1 0 1 0 1 0 0 parts/3039.dat
1 36 1250 -56 -330 1 0 0 0 1 0 0 0 1 parts/3024.dat
1 46 1270 -56 -330 1 0 0 0 1 0 0 0 1 parts/3024.dat
0 STEP
0 // step 237: checkout 1: 4 pieces at plate 7
1 0 1220 -64 -200 1 0 0 0 1 0 0 0 1 parts/3068b.dat
1 0 1220 -64 -240 1 0 0 0 1 0 0 0 1 parts/3068b.dat
1 0 1220 -64 -280 1 0 0 0 1 0 0 0 1 parts/3068b.dat
1 0 1220 -64 -320 1 0 0 0 1 0 0 0 1 parts/3068b.dat
0 STEP
0 // step 238: checkout 1: 1 piece at plate 9
1 71 1270 -96 -190 1 0 0 0 1 0 0 0 1 parts/3062b.dat
0 STEP
0 // step 239: checkout 1: 1 piece at plate 12
1 71 1270 -120 -190 1 0 0 0 1 0 0 0 1 parts/3062b.dat
0 STEP
0 // step 240: checkout 1: 1 piece at plate 15
1 71 1270 -144 -190 1 0 0 0 1 0 0 0 1 parts/3062b.dat
0 STEP
0 // step 241: checkout 1: 1 piece at plate 18
1 46 1270 -168 -190 1 0 0 0 1 0 0 0 1 parts/3005.dat
0 STEP
0 // step 242: checkout 1: 1 piece at plate 21
1 4 1270 -176 -190 1 0 0 0 1 0 0 0 1 parts/3024.dat
0 STEP
0 // step 243: checkout 2: 10 pieces at plate 0
1 72 1380 -24 -190 1 0 0 0 1 0 0 0 1 parts/3004.dat
1 71 1430 -24 -190 1 0 0 0 1 0 0 0 1 parts/3062b.dat
1 72 1380 -24 -220 1 0 0 0 1 0 0 0 1 parts/3003.dat
1 72 1380 -24 -280 0 0 -1 0 1 0 1 0 0 parts/3001.dat
1 71 1420 -24 -300 1 0 0 0 1 0 0 0 1 parts/3003.dat
1 72 1380 -24 -330 1 0 0 0 1 0 0 0 1 parts/3004.dat
1 71 1420 -24 -330 1 0 0 0 1 0 0 0 1 parts/3004.dat
1 15 1310 -24 -350 1 0 0 0 1 0 0 0 1 parts/3005.dat
1 15 1340 -24 -350 1 0 0 0 1 0 0 0 1 parts/3004.dat
1 15 1310 -24 -370 1 0 0 0 1 0 0 0 1 parts/3005.dat
0 STEP
0 // step 244: checkout 2: 1 piece at plate 0
1 15 1340 -24 -370 1 0 0 0 1 0 0 0 1 parts/3004.dat
0 STEP
0 // step 245: checkout 2: 10 pieces at plate 3
1 72 1370 -48 -200 0 0 -1 0 1 0 1 0 0 parts/3004.dat
1 72 1390 -48 -200 0 0 -1 0 1 0 1 0 0 parts/3004.dat
1 71 1430 -48 -190 1 0 0 0 1 0 0 0 1 parts/3062b.dat
1 72 1370 -48 -240 0 0 -1 0 1 0 1 0 0 parts/3004.dat
1 72 1390 -48 -240 0 0 -1 0 1 0 1 0 0 parts/3004.dat
1 72 1370 -48 -280 0 0 -1 0 1 0 1 0 0 parts/3004.dat
1 72 1390 -48 -280 0 0 -1 0 1 0 1 0 0 parts/3004.dat
1 71 1410 -48 -290 1 0 0 0 1 0 0 0 1 parts/3005.dat
1 71 1430 -48 -290 1 0 0 0 1 0 0 0 1 parts/3005.dat
1 72 1370 -48 -320 0 0 -1 0 1 0 1 0 0 parts/3004.dat
0 STEP
0 // step 246: checkout 2: 5 pieces at plate 3
1 72 1390 -48 -320 0 0 -1 0 1 0 1 0 0 parts/3004.dat
1 71 1410 -48 -320 0 0 -1 0 1 0 1 0 0 parts/3004.dat
1 71 1430 -48 -320 0 0 -1 0 1 0 1 0 0 parts/3004.dat
1 70 1310 -48 -350 1 0 0 0 1 0 0 0 1 parts/3005.dat
1 19 1330 -48 -370 1 0 0 0 1 0 0 0 1 parts/3005.dat
0 STEP
0 // step 247: checkout 2: 6 pieces at plate 6
1 0 1380 -56 -220 0 0 -1 0 1 0 1 0 0 parts/3020.dat
1 71 1430 -72 -190 1 0 0 0 1 0 0 0 1 parts/3062b.dat
1 0 1380 -56 -300 0 0 -1 0 1 0 1 0 0 parts/3020.dat
1 72 1430 -72 -300 0 0 -1 0 1 0 1 0 0 parts/3039.dat
1 36 1410 -56 -330 1 0 0 0 1 0 0 0 1 parts/3024.dat
1 46 1430 -56 -330 1 0 0 0 1 0 0 0 1 parts/3024.dat
0 STEP
0 // step 248: checkout 2: 4 pieces at plate 7
1 0 1380 -64 -200 1 0 0 0 1 0 0 0 1 parts/3068b.dat
1 0 1380 -64 -240 1 0 0 0 1 0 0 0 1 parts/3068b.dat
1 0 1380 -64 -280 1 0 0 0 1 0 0 0 1 parts/3068b.dat
1 0 1380 -64 -320 1 0 0 0 1 0 0 0 1 parts/3068b.dat
0 STEP
0 // step 249: checkout 2: 1 piece at plate 9
1 71 1430 -96 -190 1 0 0 0 1 0 0 0 1 parts/3062b.dat
0 STEP
0 // step 250: checkout 2: 1 piece at plate 12
1 71 1430 -120 -190 1 0 0 0 1 0 0 0 1 parts/3062b.dat
0 STEP
0 // step 251: checkout 2: 1 piece at plate 15
1 71 1430 -144 -190 1 0 0 0 1 0 0 0 1 parts/3062b.dat
0 STEP
0 // step 252: checkout 2: 1 piece at plate 18
1 14 1430 -168 -190 1 0 0 0 1 0 0 0 1 parts/3005.dat
0 STEP
0 // step 253: checkout 2: 1 piece at plate 21
1 4 1430 -176 -190 1 0 0 0 1 0 0 0 1 parts/3024.dat
0 STEP
0 // step 254: checkout 3: 10 pieces at plate 0
1 72 1540 -24 -190 1 0 0 0 1 0 0 0 1 parts/3004.dat
1 71 1590 -24 -190 1 0 0 0 1 0 0 0 1 parts/3062b.dat
1 72 1540 -24 -220 1 0 0 0 1 0 0 0 1 parts/3003.dat
1 72 1540 -24 -280 0 0 -1 0 1 0 1 0 0 parts/3001.dat
1 71 1580 -24 -300 1 0 0 0 1 0 0 0 1 parts/3003.dat
1 72 1540 -24 -330 1 0 0 0 1 0 0 0 1 parts/3004.dat
1 71 1580 -24 -330 1 0 0 0 1 0 0 0 1 parts/3004.dat
1 15 1470 -24 -350 1 0 0 0 1 0 0 0 1 parts/3005.dat
1 15 1500 -24 -350 1 0 0 0 1 0 0 0 1 parts/3004.dat
1 15 1470 -24 -370 1 0 0 0 1 0 0 0 1 parts/3005.dat
0 STEP
0 // step 255: checkout 3: 1 piece at plate 0
1 15 1500 -24 -370 1 0 0 0 1 0 0 0 1 parts/3004.dat
0 STEP
0 // step 256: checkout 3: 10 pieces at plate 3
1 72 1530 -48 -200 0 0 -1 0 1 0 1 0 0 parts/3004.dat
1 72 1550 -48 -200 0 0 -1 0 1 0 1 0 0 parts/3004.dat
1 71 1590 -48 -190 1 0 0 0 1 0 0 0 1 parts/3062b.dat
1 72 1530 -48 -240 0 0 -1 0 1 0 1 0 0 parts/3004.dat
1 72 1550 -48 -240 0 0 -1 0 1 0 1 0 0 parts/3004.dat
1 72 1530 -48 -280 0 0 -1 0 1 0 1 0 0 parts/3004.dat
1 72 1550 -48 -280 0 0 -1 0 1 0 1 0 0 parts/3004.dat
1 71 1570 -48 -290 1 0 0 0 1 0 0 0 1 parts/3005.dat
1 71 1590 -48 -290 1 0 0 0 1 0 0 0 1 parts/3005.dat
1 72 1530 -48 -320 0 0 -1 0 1 0 1 0 0 parts/3004.dat
0 STEP
0 // step 257: checkout 3: 5 pieces at plate 3
1 72 1550 -48 -320 0 0 -1 0 1 0 1 0 0 parts/3004.dat
1 71 1570 -48 -320 0 0 -1 0 1 0 1 0 0 parts/3004.dat
1 71 1590 -48 -320 0 0 -1 0 1 0 1 0 0 parts/3004.dat
1 70 1470 -48 -350 1 0 0 0 1 0 0 0 1 parts/3005.dat
1 19 1490 -48 -370 1 0 0 0 1 0 0 0 1 parts/3005.dat
0 STEP
0 // step 258: checkout 3: 6 pieces at plate 6
1 0 1540 -56 -220 0 0 -1 0 1 0 1 0 0 parts/3020.dat
1 71 1590 -72 -190 1 0 0 0 1 0 0 0 1 parts/3062b.dat
1 0 1540 -56 -300 0 0 -1 0 1 0 1 0 0 parts/3020.dat
1 72 1590 -72 -300 0 0 -1 0 1 0 1 0 0 parts/3039.dat
1 36 1570 -56 -330 1 0 0 0 1 0 0 0 1 parts/3024.dat
1 46 1590 -56 -330 1 0 0 0 1 0 0 0 1 parts/3024.dat
0 STEP
0 // step 259: checkout 3: 4 pieces at plate 7
1 0 1540 -64 -200 1 0 0 0 1 0 0 0 1 parts/3068b.dat
1 0 1540 -64 -240 1 0 0 0 1 0 0 0 1 parts/3068b.dat
1 0 1540 -64 -280 1 0 0 0 1 0 0 0 1 parts/3068b.dat
1 0 1540 -64 -320 1 0 0 0 1 0 0 0 1 parts/3068b.dat
0 STEP
0 // step 260: checkout 3: 1 piece at plate 9
1 71 1590 -96 -190 1 0 0 0 1 0 0 0 1 parts/3062b.dat
0 STEP
0 // step 261: checkout 3: 1 piece at plate 12
1 71 1590 -120 -190 1 0 0 0 1 0 0 0 1 parts/3062b.dat
0 STEP
0 // step 262: checkout 3: 1 piece at plate 15
1 71 1590 -144 -190 1 0 0 0 1 0 0 0 1 parts/3062b.dat
0 STEP
0 // step 263: checkout 3: 1 piece at plate 18
1 14 1590 -168 -190 1 0 0 0 1 0 0 0 1 parts/3005.dat
0 STEP
0 // step 264: checkout 3: 1 piece at plate 21
1 4 1590 -176 -190 1 0 0 0 1 0 0 0 1 parts/3024.dat
0 STEP
0 // step 265: checkout 4: 10 pieces at plate 0
1 72 1700 -24 -190 1 0 0 0 1 0 0 0 1 parts/3004.dat
1 71 1750 -24 -190 1 0 0 0 1 0 0 0 1 parts/3062b.dat
1 72 1700 -24 -220 1 0 0 0 1 0 0 0 1 parts/3003.dat
1 72 1700 -24 -280 0 0 -1 0 1 0 1 0 0 parts/3001.dat
1 71 1740 -24 -300 1 0 0 0 1 0 0 0 1 parts/3003.dat
1 72 1700 -24 -330 1 0 0 0 1 0 0 0 1 parts/3004.dat
1 71 1740 -24 -330 1 0 0 0 1 0 0 0 1 parts/3004.dat
1 15 1630 -24 -350 1 0 0 0 1 0 0 0 1 parts/3005.dat
1 15 1660 -24 -350 1 0 0 0 1 0 0 0 1 parts/3004.dat
1 15 1630 -24 -370 1 0 0 0 1 0 0 0 1 parts/3005.dat
0 STEP
0 // step 266: checkout 4: 1 piece at plate 0
1 15 1660 -24 -370 1 0 0 0 1 0 0 0 1 parts/3004.dat
0 STEP
0 // step 267: checkout 4: 10 pieces at plate 3
1 72 1690 -48 -200 0 0 -1 0 1 0 1 0 0 parts/3004.dat
1 72 1710 -48 -200 0 0 -1 0 1 0 1 0 0 parts/3004.dat
1 71 1750 -48 -190 1 0 0 0 1 0 0 0 1 parts/3062b.dat
1 72 1690 -48 -240 0 0 -1 0 1 0 1 0 0 parts/3004.dat
1 72 1710 -48 -240 0 0 -1 0 1 0 1 0 0 parts/3004.dat
1 72 1690 -48 -280 0 0 -1 0 1 0 1 0 0 parts/3004.dat
1 72 1710 -48 -280 0 0 -1 0 1 0 1 0 0 parts/3004.dat
1 71 1730 -48 -290 1 0 0 0 1 0 0 0 1 parts/3005.dat
1 71 1750 -48 -290 1 0 0 0 1 0 0 0 1 parts/3005.dat
1 72 1690 -48 -320 0 0 -1 0 1 0 1 0 0 parts/3004.dat
0 STEP
0 // step 268: checkout 4: 5 pieces at plate 3
1 72 1710 -48 -320 0 0 -1 0 1 0 1 0 0 parts/3004.dat
1 71 1730 -48 -320 0 0 -1 0 1 0 1 0 0 parts/3004.dat
1 71 1750 -48 -320 0 0 -1 0 1 0 1 0 0 parts/3004.dat
1 70 1630 -48 -350 1 0 0 0 1 0 0 0 1 parts/3005.dat
1 19 1650 -48 -370 1 0 0 0 1 0 0 0 1 parts/3005.dat
0 STEP
0 // step 269: checkout 4: 6 pieces at plate 6
1 0 1700 -56 -220 0 0 -1 0 1 0 1 0 0 parts/3020.dat
1 71 1750 -72 -190 1 0 0 0 1 0 0 0 1 parts/3062b.dat
1 0 1700 -56 -300 0 0 -1 0 1 0 1 0 0 parts/3020.dat
1 72 1750 -72 -300 0 0 -1 0 1 0 1 0 0 parts/3039.dat
1 36 1730 -56 -330 1 0 0 0 1 0 0 0 1 parts/3024.dat
1 46 1750 -56 -330 1 0 0 0 1 0 0 0 1 parts/3024.dat
0 STEP
0 // step 270: checkout 4: 4 pieces at plate 7
1 0 1700 -64 -200 1 0 0 0 1 0 0 0 1 parts/3068b.dat
1 0 1700 -64 -240 1 0 0 0 1 0 0 0 1 parts/3068b.dat
1 0 1700 -64 -280 1 0 0 0 1 0 0 0 1 parts/3068b.dat
1 0 1700 -64 -320 1 0 0 0 1 0 0 0 1 parts/3068b.dat
0 STEP
0 // step 271: checkout 4: 1 piece at plate 9
1 71 1750 -96 -190 1 0 0 0 1 0 0 0 1 parts/3062b.dat
0 STEP
0 // step 272: checkout 4: 1 piece at plate 12
1 71 1750 -120 -190 1 0 0 0 1 0 0 0 1 parts/3062b.dat
0 STEP
0 // step 273: checkout 4: 1 piece at plate 15
1 71 1750 -144 -190 1 0 0 0 1 0 0 0 1 parts/3062b.dat
0 STEP
0 // step 274: checkout 4: 1 piece at plate 18
1 14 1750 -168 -190 1 0 0 0 1 0 0 0 1 parts/3005.dat
0 STEP
0 // step 275: checkout 4: 1 piece at plate 21
1 4 1750 -176 -190 1 0 0 0 1 0 0 0 1 parts/3024.dat
0 STEP
0 // step 276: produce table 1: 3 pieces at plate 0
1 70 140 -24 -280 0 0 -1 0 1 0 1 0 0 parts/3001.dat
1 70 200 -24 -260 1 0 0 0 1 0 0 0 1 parts/3001.dat
1 70 200 -24 -300 1 0 0 0 1 0 0 0 1 parts/3001.dat
0 STEP
0 // step 277: produce table 1: 1 piece at plate 3
1 2 180 -32 -280 1 0 0 0 1 0 0 0 1 parts/3032.dat
0 STEP
0 // step 278: produce table 1: 10 pieces at plate 4
1 4 130 -56 -250 1 0 0 0 1 0 0 0 1 parts/3062b.dat
1 4 150 -56 -250 1 0 0 0 1 0 0 0 1 parts/3062b.dat
1 4 170 -56 -250 1 0 0 0 1 0 0 0 1 parts/3062b.dat
1 4 190 -56 -250 1 0 0 0 1 0 0 0 1 parts/3062b.dat
1 4 210 -56 -250 1 0 0 0 1 0 0 0 1 parts/3062b.dat
1 4 230 -56 -250 1 0 0 0 1 0 0 0 1 parts/3062b.dat
1 4 130 -56 -270 1 0 0 0 1 0 0 0 1 parts/3062b.dat
1 4 150 -56 -270 1 0 0 0 1 0 0 0 1 parts/3062b.dat
1 4 170 -56 -270 1 0 0 0 1 0 0 0 1 parts/3062b.dat
1 4 190 -56 -270 1 0 0 0 1 0 0 0 1 parts/3062b.dat
0 STEP
0 // step 279: produce table 1: 10 pieces at plate 4
1 4 210 -56 -270 1 0 0 0 1 0 0 0 1 parts/3062b.dat
1 4 230 -56 -270 1 0 0 0 1 0 0 0 1 parts/3062b.dat
1 4 130 -56 -290 1 0 0 0 1 0 0 0 1 parts/3062b.dat
1 4 150 -56 -290 1 0 0 0 1 0 0 0 1 parts/3062b.dat
1 4 170 -56 -290 1 0 0 0 1 0 0 0 1 parts/3062b.dat
1 4 190 -56 -290 1 0 0 0 1 0 0 0 1 parts/3062b.dat
1 4 210 -56 -290 1 0 0 0 1 0 0 0 1 parts/3062b.dat
1 4 230 -56 -290 1 0 0 0 1 0 0 0 1 parts/3062b.dat
1 4 130 -56 -310 1 0 0 0 1 0 0 0 1 parts/3062b.dat
1 4 150 -56 -310 1 0 0 0 1 0 0 0 1 parts/3062b.dat
0 STEP
0 // step 280: produce table 1: 4 pieces at plate 4
1 4 170 -56 -310 1 0 0 0 1 0 0 0 1 parts/3062b.dat
1 4 190 -56 -310 1 0 0 0 1 0 0 0 1 parts/3062b.dat
1 4 210 -56 -310 1 0 0 0 1 0 0 0 1 parts/3062b.dat
1 4 230 -56 -310 1 0 0 0 1 0 0 0 1 parts/3062b.dat
0 STEP
0 // step 281: produce table 1: 4 pieces at plate 7
1 4 150 -64 -270 1 0 0 0 1 0 0 0 1 parts/4073.dat
1 4 190 -64 -270 1 0 0 0 1 0 0 0 1 parts/4073.dat
1 4 170 -64 -290 1 0 0 0 1 0 0 0 1 parts/4073.dat
1 4 210 -64 -290 1 0 0 0 1 0 0 0 1 parts/4073.dat
0 STEP
0 // step 282: produce table 2: 4 pieces at plate 0
1 70 310 -24 -280 0 0 -1 0 1 0 1 0 0 parts/3010.dat
1 70 360 -24 -260 1 0 0 0 1 0 0 0 1 parts/3001.dat
1 70 410 -24 -280 0 0 -1 0 1 0 1 0 0 parts/3010.dat
1 70 360 -24 -300 1 0 0 0 1 0 0 0 1 parts/3001.dat
0 STEP
0 // step 283: produce table 2: 1 piece at plate 3
1 2 360 -32 -280 1 0 0 0 1 0 0 0 1 parts/3032.dat
0 STEP
0 // step 284: produce table 2: 10 pieces at plate 4
1 25 310 -56 -250 1 0 0 0 1 0 0 0 1 parts/3062b.dat
1 25 330 -56 -250 1 0 0 0 1 0 0 0 1 parts/3062b.dat
1 25 350 -56 -250 1 0 0 0 1 0 0 0 1 parts/3062b.dat
1 25 370 -56 -250 1 0 0 0 1 0 0 0 1 parts/3062b.dat
1 25 390 -56 -250 1 0 0 0 1 0 0 0 1 parts/3062b.dat
1 25 410 -56 -250 1 0 0 0 1 0 0 0 1 parts/3062b.dat
1 25 310 -56 -270 1 0 0 0 1 0 0 0 1 parts/3062b.dat
1 25 330 -56 -270 1 0 0 0 1 0 0 0 1 parts/3062b.dat
1 25 350 -56 -270 1 0 0 0 1 0 0 0 1 parts/3062b.dat
1 25 370 -56 -270 1 0 0 0 1 0 0 0 1 parts/3062b.dat
0 STEP
0 // step 285: produce table 2: 10 pieces at plate 4
1 25 390 -56 -270 1 0 0 0 1 0 0 0 1 parts/3062b.dat
1 25 410 -56 -270 1 0 0 0 1 0 0 0 1 parts/3062b.dat
1 25 310 -56 -290 1 0 0 0 1 0 0 0 1 parts/3062b.dat
1 25 330 -56 -290 1 0 0 0 1 0 0 0 1 parts/3062b.dat
1 25 350 -56 -290 1 0 0 0 1 0 0 0 1 parts/3062b.dat
1 25 370 -56 -290 1 0 0 0 1 0 0 0 1 parts/3062b.dat
1 25 390 -56 -290 1 0 0 0 1 0 0 0 1 parts/3062b.dat
1 25 410 -56 -290 1 0 0 0 1 0 0 0 1 parts/3062b.dat
1 25 310 -56 -310 1 0 0 0 1 0 0 0 1 parts/3062b.dat
1 25 330 -56 -310 1 0 0 0 1 0 0 0 1 parts/3062b.dat
0 STEP
0 // step 286: produce table 2: 4 pieces at plate 4
1 25 350 -56 -310 1 0 0 0 1 0 0 0 1 parts/3062b.dat
1 25 370 -56 -310 1 0 0 0 1 0 0 0 1 parts/3062b.dat
1 25 390 -56 -310 1 0 0 0 1 0 0 0 1 parts/3062b.dat
1 25 410 -56 -310 1 0 0 0 1 0 0 0 1 parts/3062b.dat
0 STEP
0 // step 287: produce table 2: 4 pieces at plate 7
1 25 330 -64 -270 1 0 0 0 1 0 0 0 1 parts/4073.dat
1 25 370 -64 -270 1 0 0 0 1 0 0 0 1 parts/4073.dat
1 25 350 -64 -290 1 0 0 0 1 0 0 0 1 parts/4073.dat
1 25 390 -64 -290 1 0 0 0 1 0 0 0 1 parts/4073.dat
0 STEP
0 // step 288: produce table 3: 3 pieces at plate 0
1 70 520 -24 -260 1 0 0 0 1 0 0 0 1 parts/3001.dat
1 70 580 -24 -280 0 0 -1 0 1 0 1 0 0 parts/3001.dat
1 70 520 -24 -300 1 0 0 0 1 0 0 0 1 parts/3001.dat
0 STEP
0 // step 289: produce table 3: 1 piece at plate 3
1 2 540 -32 -280 1 0 0 0 1 0 0 0 1 parts/3032.dat
0 STEP
0 // step 290: produce table 3: 10 pieces at plate 4
1 2 490 -56 -250 1 0 0 0 1 0 0 0 1 parts/3062b.dat
1 2 510 -56 -250 1 0 0 0 1 0 0 0 1 parts/3062b.dat
1 2 530 -56 -250 1 0 0 0 1 0 0 0 1 parts/3062b.dat
1 2 550 -56 -250 1 0 0 0 1 0 0 0 1 parts/3062b.dat
1 2 570 -56 -250 1 0 0 0 1 0 0 0 1 parts/3062b.dat
1 27 590 -56 -250 1 0 0 0 1 0 0 0 1 parts/3062b.dat
1 27 490 -56 -270 1 0 0 0 1 0 0 0 1 parts/3062b.dat
1 2 510 -56 -270 1 0 0 0 1 0 0 0 1 parts/3062b.dat
1 2 530 -56 -270 1 0 0 0 1 0 0 0 1 parts/3062b.dat
1 2 550 -56 -270 1 0 0 0 1 0 0 0 1 parts/3062b.dat
0 STEP
0 // step 291: produce table 3: 10 pieces at plate 4
1 2 570 -56 -270 1 0 0 0 1 0 0 0 1 parts/3062b.dat
1 2 590 -56 -270 1 0 0 0 1 0 0 0 1 parts/3062b.dat
1 27 490 -56 -290 1 0 0 0 1 0 0 0 1 parts/3062b.dat
1 27 510 -56 -290 1 0 0 0 1 0 0 0 1 parts/3062b.dat
1 27 530 -56 -290 1 0 0 0 1 0 0 0 1 parts/3062b.dat
1 27 550 -56 -290 1 0 0 0 1 0 0 0 1 parts/3062b.dat
1 2 570 -56 -290 1 0 0 0 1 0 0 0 1 parts/3062b.dat
1 27 590 -56 -290 1 0 0 0 1 0 0 0 1 parts/3062b.dat
1 2 490 -56 -310 1 0 0 0 1 0 0 0 1 parts/3062b.dat
1 27 510 -56 -310 1 0 0 0 1 0 0 0 1 parts/3062b.dat
0 STEP
0 // step 292: produce table 3: 4 pieces at plate 4
1 27 530 -56 -310 1 0 0 0 1 0 0 0 1 parts/3062b.dat
1 27 550 -56 -310 1 0 0 0 1 0 0 0 1 parts/3062b.dat
1 2 570 -56 -310 1 0 0 0 1 0 0 0 1 parts/3062b.dat
1 27 590 -56 -310 1 0 0 0 1 0 0 0 1 parts/3062b.dat
0 STEP
0 // step 293: produce table 3: 4 pieces at plate 7
1 27 510 -64 -270 1 0 0 0 1 0 0 0 1 parts/4073.dat
1 2 550 -64 -270 1 0 0 0 1 0 0 0 1 parts/4073.dat
1 2 530 -64 -290 1 0 0 0 1 0 0 0 1 parts/4073.dat
1 2 570 -64 -290 1 0 0 0 1 0 0 0 1 parts/4073.dat
0 STEP
0 // step 294: produce table 4: 4 pieces at plate 0
1 70 670 -24 -280 0 0 -1 0 1 0 1 0 0 parts/3010.dat
1 70 700 -24 -280 0 0 -1 0 1 0 1 0 0 parts/3001.dat
1 70 740 -24 -280 0 0 -1 0 1 0 1 0 0 parts/3001.dat
1 70 770 -24 -280 0 0 -1 0 1 0 1 0 0 parts/3010.dat
0 STEP
0 // step 295: produce table 4: 1 piece at plate 3
1 2 720 -32 -280 1 0 0 0 1 0 0 0 1 parts/3032.dat
0 STEP
0 // step 296: produce table 4: 10 pieces at plate 4
1 14 670 -56 -250 1 0 0 0 1 0 0 0 1 parts/3062b.dat
1 14 690 -56 -250 1 0 0 0 1 0 0 0 1 parts/3062b.dat
1 14 710 -56 -250 1 0 0 0 1 0 0 0 1 parts/3062b.dat
1 14 730 -56 -250 1 0 0 0 1 0 0 0 1 parts/3062b.dat
1 14 750 -56 -250 1 0 0 0 1 0 0 0 1 parts/3062b.dat
1 14 770 -56 -250 1 0 0 0 1 0 0 0 1 parts/3062b.dat
1 14 670 -56 -270 1 0 0 0 1 0 0 0 1 parts/3062b.dat
1 14 690 -56 -270 1 0 0 0 1 0 0 0 1 parts/3062b.dat
1 14 710 -56 -270 1 0 0 0 1 0 0 0 1 parts/3062b.dat
1 14 730 -56 -270 1 0 0 0 1 0 0 0 1 parts/3062b.dat
0 STEP
0 // step 297: produce table 4: 10 pieces at plate 4
1 14 750 -56 -270 1 0 0 0 1 0 0 0 1 parts/3062b.dat
1 14 770 -56 -270 1 0 0 0 1 0 0 0 1 parts/3062b.dat
1 14 670 -56 -290 1 0 0 0 1 0 0 0 1 parts/3062b.dat
1 14 690 -56 -290 1 0 0 0 1 0 0 0 1 parts/3062b.dat
1 14 710 -56 -290 1 0 0 0 1 0 0 0 1 parts/3062b.dat
1 14 730 -56 -290 1 0 0 0 1 0 0 0 1 parts/3062b.dat
1 14 750 -56 -290 1 0 0 0 1 0 0 0 1 parts/3062b.dat
1 14 770 -56 -290 1 0 0 0 1 0 0 0 1 parts/3062b.dat
1 14 670 -56 -310 1 0 0 0 1 0 0 0 1 parts/3062b.dat
1 14 690 -56 -310 1 0 0 0 1 0 0 0 1 parts/3062b.dat
0 STEP
0 // step 298: produce table 4: 4 pieces at plate 4
1 14 710 -56 -310 1 0 0 0 1 0 0 0 1 parts/3062b.dat
1 14 730 -56 -310 1 0 0 0 1 0 0 0 1 parts/3062b.dat
1 14 750 -56 -310 1 0 0 0 1 0 0 0 1 parts/3062b.dat
1 14 770 -56 -310 1 0 0 0 1 0 0 0 1 parts/3062b.dat
0 STEP
0 // step 299: produce table 4: 4 pieces at plate 7
1 14 690 -64 -270 1 0 0 0 1 0 0 0 1 parts/4073.dat
1 14 730 -64 -270 1 0 0 0 1 0 0 0 1 parts/4073.dat
1 14 710 -64 -290 1 0 0 0 1 0 0 0 1 parts/4073.dat
1 14 750 -64 -290 1 0 0 0 1 0 0 0 1 parts/4073.dat
0 STEP
0 // step 300: banana stand: 2 pieces at plate 0
1 70 280 -24 -390 1 0 0 0 1 0 0 0 1 parts/3010.dat
1 70 280 -24 -410 1 0 0 0 1 0 0 0 1 parts/3010.dat
0 STEP
0 // step 301: banana stand: 3 pieces at plate 3
1 70 250 -48 -400 0 0 -1 0 1 0 1 0 0 parts/3004.dat
1 70 280 -48 -400 1 0 0 0 1 0 0 0 1 parts/3003.dat
1 70 310 -48 -400 0 0 -1 0 1 0 1 0 0 parts/3004.dat
0 STEP
0 // step 302: banana stand: 1 piece at plate 6
1 70 280 -56 -400 1 0 0 0 1 0 0 0 1 parts/3020.dat
0 STEP
0 // step 303: banana stand: 8 pieces at plate 7
1 14 250 -80 -390 1 0 0 0 1 0 0 0 1 parts/3062b.dat
1 14 270 -80 -390 1 0 0 0 1 0 0 0 1 parts/3062b.dat
1 14 290 -80 -390 1 0 0 0 1 0 0 0 1 parts/3062b.dat
1 14 310 -80 -390 1 0 0 0 1 0 0 0 1 parts/3062b.dat
1 14 250 -80 -410 1 0 0 0 1 0 0 0 1 parts/3062b.dat
1 14 270 -80 -410 1 0 0 0 1 0 0 0 1 parts/3062b.dat
1 14 290 -80 -410 1 0 0 0 1 0 0 0 1 parts/3062b.dat
1 14 310 -80 -410 1 0 0 0 1 0 0 0 1 parts/3062b.dat
0 STEP
0 // step 304: rack 1: 10 pieces at plate 0
1 25 170 -24 -570 1 0 0 0 1 0 0 0 1 parts/3062b.dat
1 25 190 -24 -570 1 0 0 0 1 0 0 0 1 parts/3062b.dat
1 1 180 -24 -620 1 0 0 0 1 0 0 0 1 parts/3003.dat
1 25 170 -24 -690 1 0 0 0 1 0 0 0 1 parts/3062b.dat
1 25 190 -24 -690 1 0 0 0 1 0 0 0 1 parts/3062b.dat
1 84 180 -24 -780 1 0 0 0 1 0 0 0 1 parts/3003.dat
1 25 170 -24 -810 1 0 0 0 1 0 0 0 1 parts/3062b.dat
1 25 190 -24 -810 1 0 0 0 1 0 0 0 1 parts/3062b.dat
1 1 180 -24 -900 1 0 0 0 1 0 0 0 1 parts/3003.dat
1 25 170 -24 -930 1 0 0 0 1 0 0 0 1 parts/3062b.dat
0 STEP
0 // step 305: rack 1: 7 pieces at plate 0
1 25 190 -24 -930 1 0 0 0 1 0 0 0 1 parts/3062b.dat
1 28 180 -24 -980 1 0 0 0 1 0 0 0 1 parts/3003.dat
1 19 180 -24 -1020 1 0 0 0 1 0 0 0 1 parts/3003.dat
1 25 170 -24 -1050 1 0 0 0 1 0 0 0 1 parts/3062b.dat
1 25 190 -24 -1050 1 0 0 0 1 0 0 0 1 parts/3062b.dat
1 25 170 -24 -1110 1 0 0 0 1 0 0 0 1 parts/3062b.dat
1 25 190 -24 -1110 1 0 0 0 1 0 0 0 1 parts/3062b.dat
0 STEP
0 // step 306: rack 1: 10 pieces at plate 3
1 25 170 -48 -570 1 0 0 0 1 0 0 0 1 parts/3062b.dat
1 25 190 -48 -570 1 0 0 0 1 0 0 0 1 parts/3062b.dat
1 25 170 -48 -690 1 0 0 0 1 0 0 0 1 parts/3062b.dat
1 25 190 -48 -690 1 0 0 0 1 0 0 0 1 parts/3062b.dat
1 25 170 -48 -810 1 0 0 0 1 0 0 0 1 parts/3062b.dat
1 25 190 -48 -810 1 0 0 0 1 0 0 0 1 parts/3062b.dat
1 25 170 -48 -930 1 0 0 0 1 0 0 0 1 parts/3062b.dat
1 25 190 -48 -930 1 0 0 0 1 0 0 0 1 parts/3062b.dat
1 25 170 -48 -1050 1 0 0 0 1 0 0 0 1 parts/3062b.dat
1 25 190 -48 -1050 1 0 0 0 1 0 0 0 1 parts/3062b.dat
0 STEP
0 // step 307: rack 1: 2 pieces at plate 3
1 25 170 -48 -1110 1 0 0 0 1 0 0 0 1 parts/3062b.dat
1 25 190 -48 -1110 1 0 0 0 1 0 0 0 1 parts/3062b.dat
0 STEP
0 // step 308: rack 1: 10 pieces at plate 6
1 25 170 -72 -570 1 0 0 0 1 0 0 0 1 parts/3062b.dat
1 25 190 -72 -570 1 0 0 0 1 0 0 0 1 parts/3062b.dat
1 25 170 -72 -690 1 0 0 0 1 0 0 0 1 parts/3062b.dat
1 25 190 -72 -690 1 0 0 0 1 0 0 0 1 parts/3062b.dat
1 25 170 -72 -810 1 0 0 0 1 0 0 0 1 parts/3062b.dat
1 25 190 -72 -810 1 0 0 0 1 0 0 0 1 parts/3062b.dat
1 25 170 -72 -930 1 0 0 0 1 0 0 0 1 parts/3062b.dat
1 25 190 -72 -930 1 0 0 0 1 0 0 0 1 parts/3062b.dat
1 25 170 -72 -1050 1 0 0 0 1 0 0 0 1 parts/3062b.dat
1 25 190 -72 -1050 1 0 0 0 1 0 0 0 1 parts/3062b.dat
0 STEP
0 // step 309: rack 1: 2 pieces at plate 6
1 25 170 -72 -1110 1 0 0 0 1 0 0 0 1 parts/3062b.dat
1 25 190 -72 -1110 1 0 0 0 1 0 0 0 1 parts/3062b.dat
0 STEP
0 // step 310: rack 1: 10 pieces at plate 9
1 25 180 -80 -580 1 0 0 0 1 0 0 0 1 parts/3022.dat
1 25 180 -80 -620 1 0 0 0 1 0 0 0 1 parts/3022.dat
1 25 180 -80 -660 1 0 0 0 1 0 0 0 1 parts/3022.dat
1 25 180 -80 -700 1 0 0 0 1 0 0 0 1 parts/3022.dat
1 25 180 -80 -740 1 0 0 0 1 0 0 0 1 parts/3022.dat
1 25 180 -80 -780 1 0 0 0 1 0 0 0 1 parts/3022.dat
1 25 180 -80 -820 1 0 0 0 1 0 0 0 1 parts/3022.dat
1 25 180 -80 -860 1 0 0 0 1 0 0 0 1 parts/3022.dat
1 25 180 -80 -900 1 0 0 0 1 0 0 0 1 parts/3022.dat
1 25 180 -80 -940 1 0 0 0 1 0 0 0 1 parts/3022.dat
0 STEP
0 // step 311: rack 1: 4 pieces at plate 9
1 25 180 -80 -980 1 0 0 0 1 0 0 0 1 parts/3022.dat
1 25 180 -80 -1020 1 0 0 0 1 0 0 0 1 parts/3022.dat
1 25 180 -80 -1060 1 0 0 0 1 0 0 0 1 parts/3022.dat
1 25 180 -80 -1100 1 0 0 0 1 0 0 0 1 parts/3022.dat
0 STEP
0 // step 312: rack 1: 10 pieces at plate 10
1 25 180 -88 -570 1 0 0 0 1 0 0 0 1 parts/3023.dat
1 25 180 -88 -600 1 0 0 0 1 0 0 0 1 parts/3022.dat
1 25 180 -88 -640 1 0 0 0 1 0 0 0 1 parts/3022.dat
1 25 180 -88 -680 1 0 0 0 1 0 0 0 1 parts/3022.dat
1 25 180 -88 -720 1 0 0 0 1 0 0 0 1 parts/3022.dat
1 25 180 -88 -760 1 0 0 0 1 0 0 0 1 parts/3022.dat
1 25 180 -88 -800 1 0 0 0 1 0 0 0 1 parts/3022.dat
1 25 180 -88 -840 1 0 0 0 1 0 0 0 1 parts/3022.dat
1 25 180 -88 -880 1 0 0 0 1 0 0 0 1 parts/3022.dat
1 25 180 -88 -920 1 0 0 0 1 0 0 0 1 parts/3022.dat
0 STEP
0 // step 313: rack 1: 5 pieces at plate 10
1 25 180 -88 -960 1 0 0 0 1 0 0 0 1 parts/3022.dat
1 25 180 -88 -1000 1 0 0 0 1 0 0 0 1 parts/3022.dat
1 25 180 -88 -1040 1 0 0 0 1 0 0 0 1 parts/3022.dat
1 25 180 -88 -1080 1 0 0 0 1 0 0 0 1 parts/3022.dat
1 25 180 -88 -1110 1 0 0 0 1 0 0 0 1 parts/3023.dat
0 STEP
0 // step 314: rack 1: 10 pieces at plate 11
1 25 170 -96 -580 0 0 -1 0 1 0 1 0 0 parts/3023.dat
1 25 190 -96 -580 0 0 -1 0 1 0 1 0 0 parts/3023.dat
1 25 170 -96 -640 0 0 -1 0 1 0 1 0 0 parts/3710.dat
1 25 190 -96 -640 0 0 -1 0 1 0 1 0 0 parts/3710.dat
1 25 170 -96 -720 0 0 -1 0 1 0 1 0 0 parts/3710.dat
1 25 190 -96 -720 0 0 -1 0 1 0 1 0 0 parts/3710.dat
1 25 170 -96 -800 0 0 -1 0 1 0 1 0 0 parts/3710.dat
1 25 190 -96 -800 0 0 -1 0 1 0 1 0 0 parts/3710.dat
1 25 170 -96 -880 0 0 -1 0 1 0 1 0 0 parts/3710.dat
1 25 190 -96 -880 0 0 -1 0 1 0 1 0 0 parts/3710.dat
0 STEP
0 // step 315: rack 1: 6 pieces at plate 11
1 25 170 -96 -960 0 0 -1 0 1 0 1 0 0 parts/3710.dat
1 25 190 -96 -960 0 0 -1 0 1 0 1 0 0 parts/3710.dat
1 25 170 -96 -1040 0 0 -1 0 1 0 1 0 0 parts/3710.dat
1 25 190 -96 -1040 0 0 -1 0 1 0 1 0 0 parts/3710.dat
1 25 170 -96 -1100 0 0 -1 0 1 0 1 0 0 parts/3023.dat
1 25 190 -96 -1100 0 0 -1 0 1 0 1 0 0 parts/3023.dat
0 STEP
0 // step 316: rack 1: 10 pieces at plate 12
1 25 170 -120 -570 1 0 0 0 1 0 0 0 1 parts/3062b.dat
1 25 190 -120 -570 1 0 0 0 1 0 0 0 1 parts/3062b.dat
1 28 180 -120 -620 1 0 0 0 1 0 0 0 1 parts/3003.dat
1 25 170 -120 -690 1 0 0 0 1 0 0 0 1 parts/3062b.dat
1 25 190 -120 -690 1 0 0 0 1 0 0 0 1 parts/3062b.dat
1 1 180 -120 -740 1 0 0 0 1 0 0 0 1 parts/3003.dat
1 28 180 -120 -780 1 0 0 0 1 0 0 0 1 parts/3003.dat
1 25 170 -120 -810 1 0 0 0 1 0 0 0 1 parts/3062b.dat
1 25 190 -120 -810 1 0 0 0 1 0 0 0 1 parts/3062b.dat
1 19 180 -120 -860 1 0 0 0 1 0 0 0 1 parts/3003.dat
0 STEP
0 // step 317: rack 1: 7 pieces at plate 12
1 25 170 -120 -930 1 0 0 0 1 0 0 0 1 parts/3062b.dat
1 25 190 -120 -930 1 0 0 0 1 0 0 0 1 parts/3062b.dat
1 19 180 -120 -980 1 0 0 0 1 0 0 0 1 parts/3003.dat
1 25 170 -120 -1050 1 0 0 0 1 0 0 0 1 parts/3062b.dat
1 25 190 -120 -1050 1 0 0 0 1 0 0 0 1 parts/3062b.dat
1 25 170 -120 -1110 1 0 0 0 1 0 0 0 1 parts/3062b.dat
1 25 190 -120 -1110 1 0 0 0 1 0 0 0 1 parts/3062b.dat
0 STEP
0 // step 318: rack 1: 10 pieces at plate 15
1 25 170 -144 -570 1 0 0 0 1 0 0 0 1 parts/3062b.dat
1 25 190 -144 -570 1 0 0 0 1 0 0 0 1 parts/3062b.dat
1 25 170 -144 -690 1 0 0 0 1 0 0 0 1 parts/3062b.dat
1 25 190 -144 -690 1 0 0 0 1 0 0 0 1 parts/3062b.dat
1 25 170 -144 -810 1 0 0 0 1 0 0 0 1 parts/3062b.dat
1 25 190 -144 -810 1 0 0 0 1 0 0 0 1 parts/3062b.dat
1 19 180 -144 -860 1 0 0 0 1 0 0 0 1 parts/3003.dat
1 25 170 -144 -930 1 0 0 0 1 0 0 0 1 parts/3062b.dat
1 25 190 -144 -930 1 0 0 0 1 0 0 0 1 parts/3062b.dat
1 19 180 -144 -980 1 0 0 0 1 0 0 0 1 parts/3003.dat
0 STEP
0 // step 319: rack 1: 4 pieces at plate 15
1 25 170 -144 -1050 1 0 0 0 1 0 0 0 1 parts/3062b.dat
1 25 190 -144 -1050 1 0 0 0 1 0 0 0 1 parts/3062b.dat
1 25 170 -144 -1110 1 0 0 0 1 0 0 0 1 parts/3062b.dat
1 25 190 -144 -1110 1 0 0 0 1 0 0 0 1 parts/3062b.dat
0 STEP
0 // step 320: rack 1: 10 pieces at plate 18
1 25 180 -152 -580 1 0 0 0 1 0 0 0 1 parts/3022.dat
1 25 180 -152 -620 1 0 0 0 1 0 0 0 1 parts/3022.dat
1 25 180 -152 -660 1 0 0 0 1 0 0 0 1 parts/3022.dat
1 25 180 -152 -700 1 0 0 0 1 0 0 0 1 parts/3022.dat
1 25 180 -152 -740 1 0 0 0 1 0 0 0 1 parts/3022.dat
1 25 180 -152 -780 1 0 0 0 1 0 0 0 1 parts/3022.dat
1 25 180 -152 -820 1 0 0 0 1 0 0 0 1 parts/3022.dat
1 25 180 -152 -860 1 0 0 0 1 0 0 0 1 parts/3022.dat
1 25 180 -152 -900 1 0 0 0 1 0 0 0 1 parts/3022.dat
1 25 180 -152 -940 1 0 0 0 1 0 0 0 1 parts/3022.dat
0 STEP
0 // step 321: rack 1: 4 pieces at plate 18
1 25 180 -152 -980 1 0 0 0 1 0 0 0 1 parts/3022.dat
1 25 180 -152 -1020 1 0 0 0 1 0 0 0 1 parts/3022.dat
1 25 180 -152 -1060 1 0 0 0 1 0 0 0 1 parts/3022.dat
1 25 180 -152 -1100 1 0 0 0 1 0 0 0 1 parts/3022.dat
0 STEP
0 // step 322: rack 1: 10 pieces at plate 19
1 25 180 -160 -570 1 0 0 0 1 0 0 0 1 parts/3023.dat
1 25 180 -160 -600 1 0 0 0 1 0 0 0 1 parts/3022.dat
1 25 180 -160 -640 1 0 0 0 1 0 0 0 1 parts/3022.dat
1 25 180 -160 -680 1 0 0 0 1 0 0 0 1 parts/3022.dat
1 25 180 -160 -720 1 0 0 0 1 0 0 0 1 parts/3022.dat
1 25 180 -160 -760 1 0 0 0 1 0 0 0 1 parts/3022.dat
1 25 180 -160 -800 1 0 0 0 1 0 0 0 1 parts/3022.dat
1 25 180 -160 -840 1 0 0 0 1 0 0 0 1 parts/3022.dat
1 25 180 -160 -880 1 0 0 0 1 0 0 0 1 parts/3022.dat
1 25 180 -160 -920 1 0 0 0 1 0 0 0 1 parts/3022.dat
0 STEP
0 // step 323: rack 1: 5 pieces at plate 19
1 25 180 -160 -960 1 0 0 0 1 0 0 0 1 parts/3022.dat
1 25 180 -160 -1000 1 0 0 0 1 0 0 0 1 parts/3022.dat
1 25 180 -160 -1040 1 0 0 0 1 0 0 0 1 parts/3022.dat
1 25 180 -160 -1080 1 0 0 0 1 0 0 0 1 parts/3022.dat
1 25 180 -160 -1110 1 0 0 0 1 0 0 0 1 parts/3023.dat
0 STEP
0 // step 324: rack 1: 10 pieces at plate 20
1 25 170 -168 -580 0 0 -1 0 1 0 1 0 0 parts/3023.dat
1 25 190 -168 -580 0 0 -1 0 1 0 1 0 0 parts/3023.dat
1 25 170 -168 -640 0 0 -1 0 1 0 1 0 0 parts/3710.dat
1 25 190 -168 -640 0 0 -1 0 1 0 1 0 0 parts/3710.dat
1 25 170 -168 -720 0 0 -1 0 1 0 1 0 0 parts/3710.dat
1 25 190 -168 -720 0 0 -1 0 1 0 1 0 0 parts/3710.dat
1 25 170 -168 -800 0 0 -1 0 1 0 1 0 0 parts/3710.dat
1 25 190 -168 -800 0 0 -1 0 1 0 1 0 0 parts/3710.dat
1 25 170 -168 -880 0 0 -1 0 1 0 1 0 0 parts/3710.dat
1 25 190 -168 -880 0 0 -1 0 1 0 1 0 0 parts/3710.dat
0 STEP
0 // step 325: rack 1: 6 pieces at plate 20
1 25 170 -168 -960 0 0 -1 0 1 0 1 0 0 parts/3710.dat
1 25 190 -168 -960 0 0 -1 0 1 0 1 0 0 parts/3710.dat
1 25 170 -168 -1040 0 0 -1 0 1 0 1 0 0 parts/3710.dat
1 25 190 -168 -1040 0 0 -1 0 1 0 1 0 0 parts/3710.dat
1 25 170 -168 -1100 0 0 -1 0 1 0 1 0 0 parts/3023.dat
1 25 190 -168 -1100 0 0 -1 0 1 0 1 0 0 parts/3023.dat
0 STEP
0 // step 326: rack 1: 10 pieces at plate 21
1 25 170 -192 -570 1 0 0 0 1 0 0 0 1 parts/3062b.dat
1 25 190 -192 -570 1 0 0 0 1 0 0 0 1 parts/3062b.dat
1 15 180 -192 -660 1 0 0 0 1 0 0 0 1 parts/3003.dat
1 25 170 -192 -690 1 0 0 0 1 0 0 0 1 parts/3062b.dat
1 25 190 -192 -690 1 0 0 0 1 0 0 0 1 parts/3062b.dat
1 19 180 -192 -780 1 0 0 0 1 0 0 0 1 parts/3003.dat
1 25 170 -192 -810 1 0 0 0 1 0 0 0 1 parts/3062b.dat
1 25 190 -192 -810 1 0 0 0 1 0 0 0 1 parts/3062b.dat
1 19 180 -192 -860 1 0 0 0 1 0 0 0 1 parts/3003.dat
1 19 180 -192 -900 1 0 0 0 1 0 0 0 1 parts/3003.dat
0 STEP
0 // step 327: rack 1: 7 pieces at plate 21
1 25 170 -192 -930 1 0 0 0 1 0 0 0 1 parts/3062b.dat
1 25 190 -192 -930 1 0 0 0 1 0 0 0 1 parts/3062b.dat
1 15 180 -192 -980 1 0 0 0 1 0 0 0 1 parts/3003.dat
1 25 170 -192 -1050 1 0 0 0 1 0 0 0 1 parts/3062b.dat
1 25 190 -192 -1050 1 0 0 0 1 0 0 0 1 parts/3062b.dat
1 25 170 -192 -1110 1 0 0 0 1 0 0 0 1 parts/3062b.dat
1 25 190 -192 -1110 1 0 0 0 1 0 0 0 1 parts/3062b.dat
0 STEP
0 // step 328: rack 1: 10 pieces at plate 24
1 25 170 -216 -570 1 0 0 0 1 0 0 0 1 parts/3062b.dat
1 25 190 -216 -570 1 0 0 0 1 0 0 0 1 parts/3062b.dat
1 15 180 -216 -660 1 0 0 0 1 0 0 0 1 parts/3003.dat
1 25 170 -216 -690 1 0 0 0 1 0 0 0 1 parts/3062b.dat
1 25 190 -216 -690 1 0 0 0 1 0 0 0 1 parts/3062b.dat
1 25 170 -216 -810 1 0 0 0 1 0 0 0 1 parts/3062b.dat
1 25 190 -216 -810 1 0 0 0 1 0 0 0 1 parts/3062b.dat
1 19 180 -216 -860 1 0 0 0 1 0 0 0 1 parts/3003.dat
1 25 170 -216 -930 1 0 0 0 1 0 0 0 1 parts/3062b.dat
1 25 190 -216 -930 1 0 0 0 1 0 0 0 1 parts/3062b.dat
0 STEP
0 // step 329: rack 1: 5 pieces at plate 24
1 15 180 -216 -980 1 0 0 0 1 0 0 0 1 parts/3003.dat
1 25 170 -216 -1050 1 0 0 0 1 0 0 0 1 parts/3062b.dat
1 25 190 -216 -1050 1 0 0 0 1 0 0 0 1 parts/3062b.dat
1 25 170 -216 -1110 1 0 0 0 1 0 0 0 1 parts/3062b.dat
1 25 190 -216 -1110 1 0 0 0 1 0 0 0 1 parts/3062b.dat
0 STEP
0 // step 330: rack 1: 10 pieces at plate 27
1 25 180 -224 -580 1 0 0 0 1 0 0 0 1 parts/3022.dat
1 25 180 -224 -620 1 0 0 0 1 0 0 0 1 parts/3022.dat
1 25 180 -224 -660 1 0 0 0 1 0 0 0 1 parts/3022.dat
1 25 180 -224 -700 1 0 0 0 1 0 0 0 1 parts/3022.dat
1 25 180 -224 -740 1 0 0 0 1 0 0 0 1 parts/3022.dat
1 25 180 -224 -780 1 0 0 0 1 0 0 0 1 parts/3022.dat
1 25 180 -224 -820 1 0 0 0 1 0 0 0 1 parts/3022.dat
1 25 180 -224 -860 1 0 0 0 1 0 0 0 1 parts/3022.dat
1 25 180 -224 -900 1 0 0 0 1 0 0 0 1 parts/3022.dat
1 25 180 -224 -940 1 0 0 0 1 0 0 0 1 parts/3022.dat
0 STEP
0 // step 331: rack 1: 4 pieces at plate 27
1 25 180 -224 -980 1 0 0 0 1 0 0 0 1 parts/3022.dat
1 25 180 -224 -1020 1 0 0 0 1 0 0 0 1 parts/3022.dat
1 25 180 -224 -1060 1 0 0 0 1 0 0 0 1 parts/3022.dat
1 25 180 -224 -1100 1 0 0 0 1 0 0 0 1 parts/3022.dat
0 STEP
0 // step 332: rack 1: 10 pieces at plate 28
1 25 180 -232 -570 1 0 0 0 1 0 0 0 1 parts/3023.dat
1 25 180 -232 -600 1 0 0 0 1 0 0 0 1 parts/3022.dat
1 25 180 -232 -640 1 0 0 0 1 0 0 0 1 parts/3022.dat
1 25 180 -232 -680 1 0 0 0 1 0 0 0 1 parts/3022.dat
1 25 180 -232 -720 1 0 0 0 1 0 0 0 1 parts/3022.dat
1 25 180 -232 -760 1 0 0 0 1 0 0 0 1 parts/3022.dat
1 25 180 -232 -800 1 0 0 0 1 0 0 0 1 parts/3022.dat
1 25 180 -232 -840 1 0 0 0 1 0 0 0 1 parts/3022.dat
1 25 180 -232 -880 1 0 0 0 1 0 0 0 1 parts/3022.dat
1 25 180 -232 -920 1 0 0 0 1 0 0 0 1 parts/3022.dat
0 STEP
0 // step 333: rack 1: 5 pieces at plate 28
1 25 180 -232 -960 1 0 0 0 1 0 0 0 1 parts/3022.dat
1 25 180 -232 -1000 1 0 0 0 1 0 0 0 1 parts/3022.dat
1 25 180 -232 -1040 1 0 0 0 1 0 0 0 1 parts/3022.dat
1 25 180 -232 -1080 1 0 0 0 1 0 0 0 1 parts/3022.dat
1 25 180 -232 -1110 1 0 0 0 1 0 0 0 1 parts/3023.dat
0 STEP
0 // step 334: rack 1: 10 pieces at plate 29
1 25 170 -240 -580 0 0 -1 0 1 0 1 0 0 parts/3023.dat
1 25 190 -240 -580 0 0 -1 0 1 0 1 0 0 parts/3023.dat
1 25 170 -240 -640 0 0 -1 0 1 0 1 0 0 parts/3710.dat
1 25 190 -240 -640 0 0 -1 0 1 0 1 0 0 parts/3710.dat
1 25 170 -240 -720 0 0 -1 0 1 0 1 0 0 parts/3710.dat
1 25 190 -240 -720 0 0 -1 0 1 0 1 0 0 parts/3710.dat
1 25 170 -240 -800 0 0 -1 0 1 0 1 0 0 parts/3710.dat
1 25 190 -240 -800 0 0 -1 0 1 0 1 0 0 parts/3710.dat
1 25 170 -240 -880 0 0 -1 0 1 0 1 0 0 parts/3710.dat
1 25 190 -240 -880 0 0 -1 0 1 0 1 0 0 parts/3710.dat
0 STEP
0 // step 335: rack 1: 6 pieces at plate 29
1 25 170 -240 -960 0 0 -1 0 1 0 1 0 0 parts/3710.dat
1 25 190 -240 -960 0 0 -1 0 1 0 1 0 0 parts/3710.dat
1 25 170 -240 -1040 0 0 -1 0 1 0 1 0 0 parts/3710.dat
1 25 190 -240 -1040 0 0 -1 0 1 0 1 0 0 parts/3710.dat
1 25 170 -240 -1100 0 0 -1 0 1 0 1 0 0 parts/3023.dat
1 25 190 -240 -1100 0 0 -1 0 1 0 1 0 0 parts/3023.dat
0 STEP
0 // step 336: rack 1: 4 pieces at plate 30
1 28 180 -264 -620 1 0 0 0 1 0 0 0 1 parts/3003.dat
1 84 180 -264 -660 1 0 0 0 1 0 0 0 1 parts/3003.dat
1 19 180 -264 -900 1 0 0 0 1 0 0 0 1 parts/3003.dat
1 15 180 -264 -1020 1 0 0 0 1 0 0 0 1 parts/3003.dat
0 STEP
0 // step 337: rack 1: 2 pieces at plate 33
1 19 180 -288 -900 1 0 0 0 1 0 0 0 1 parts/3003.dat
1 15 180 -288 -1020 1 0 0 0 1 0 0 0 1 parts/3003.dat
0 STEP
0 // step 338: end cap 1: 2 pieces at plate 0
1 71 170 -24 -510 1 0 0 0 1 0 0 0 1 parts/3062b.dat
1 4 180 -24 -540 1 0 0 0 1 0 0 0 1 parts/3003.dat
0 STEP
0 // step 339: end cap 1: 5 pieces at plate 3
1 71 170 -48 -510 1 0 0 0 1 0 0 0 1 parts/3062b.dat
1 4 170 -48 -530 1 0 0 0 1 0 0 0 1 parts/3005.dat
1 4 190 -48 -530 1 0 0 0 1 0 0 0 1 parts/3005.dat
1 4 170 -48 -550 1 0 0 0 1 0 0 0 1 parts/3005.dat
1 4 190 -48 -550 1 0 0 0 1 0 0 0 1 parts/3005.dat
0 STEP
0 // step 340: end cap 1: 3 pieces at plate 6
1 71 170 -72 -510 1 0 0 0 1 0 0 0 1 parts/3062b.dat
1 4 170 -72 -530 1 0 0 0 1 0 0 0 1 parts/3005.dat
1 2 190 -72 -550 1 0 0 0 1 0 0 0 1 parts/3005.dat
0 STEP
0 // step 341: end cap 1: 1 piece at plate 9
1 71 170 -96 -510 1 0 0 0 1 0 0 0 1 parts/3062b.dat
0 STEP
0 // step 342: end cap 1: 1 piece at plate 12
1 71 170 -120 -510 1 0 0 0 1 0 0 0 1 parts/3062b.dat
0 STEP
0 // step 343: end cap 1: 1 piece at plate 15
1 1 180 -128 -510 1 0 0 0 1 0 0 0 1 parts/3710.dat
0 STEP
0 // step 344: end cap 1: 1 piece at plate 16
1 1 180 -136 -510 1 0 0 0 1 0 0 0 1 parts/3710.dat
0 STEP
0 // step 345: end cap 1: 1 piece at plate 17
1 14 170 -144 -510 1 0 0 0 1 0 0 0 1 parts/3024.dat
0 STEP
0 // step 346: rack 2: 10 pieces at plate 0
1 25 310 -24 -570 1 0 0 0 1 0 0 0 1 parts/3062b.dat
1 25 330 -24 -570 1 0 0 0 1 0 0 0 1 parts/3062b.dat
1 28 320 -24 -620 1 0 0 0 1 0 0 0 1 parts/3003.dat
1 19 320 -24 -660 1 0 0 0 1 0 0 0 1 parts/3003.dat
1 25 310 -24 -690 1 0 0 0 1 0 0 0 1 parts/3062b.dat
1 25 330 -24 -690 1 0 0 0 1 0 0 0 1 parts/3062b.dat
1 19 320 -24 -740 1 0 0 0 1 0 0 0 1 parts/3003.dat
1 15 320 -24 -780 1 0 0 0 1 0 0 0 1 parts/3003.dat
1 25 310 -24 -810 1 0 0 0 1 0 0 0 1 parts/3062b.dat
1 25 330 -24 -810 1 0 0 0 1 0 0 0 1 parts/3062b.dat
0 STEP
0 // step 347: rack 2: 9 pieces at plate 0
1 1 320 -24 -860 1 0 0 0 1 0 0 0 1 parts/3003.dat
1 4 320 -24 -900 1 0 0 0 1 0 0 0 1 parts/3003.dat
1 25 310 -24 -930 1 0 0 0 1 0 0 0 1 parts/3062b.dat
1 25 330 -24 -930 1 0 0 0 1 0 0 0 1 parts/3062b.dat
1 19 320 -24 -980 1 0 0 0 1 0 0 0 1 parts/3003.dat
1 25 310 -24 -1050 1 0 0 0 1 0 0 0 1 parts/3062b.dat
1 25 330 -24 -1050 1 0 0 0 1 0 0 0 1 parts/3062b.dat
1 25 310 -24 -1110 1 0 0 0 1 0 0 0 1 parts/3062b.dat
1 25 330 -24 -1110 1 0 0 0 1 0 0 0 1 parts/3062b.dat
0 STEP
0 // step 348: rack 2: 10 pieces at plate 3
1 25 310 -48 -570 1 0 0 0 1 0 0 0 1 parts/3062b.dat
1 25 330 -48 -570 1 0 0 0 1 0 0 0 1 parts/3062b.dat
1 28 320 -48 -620 1 0 0 0 1 0 0 0 1 parts/3003.dat
1 19 320 -48 -660 1 0 0 0 1 0 0 0 1 parts/3003.dat
1 25 310 -48 -690 1 0 0 0 1 0 0 0 1 parts/3062b.dat
1 25 330 -48 -690 1 0 0 0 1 0 0 0 1 parts/3062b.dat
1 25 310 -48 -810 1 0 0 0 1 0 0 0 1 parts/3062b.dat
1 25 330 -48 -810 1 0 0 0 1 0 0 0 1 parts/3062b.dat
1 1 320 -48 -860 1 0 0 0 1 0 0 0 1 parts/3003.dat
1 4 320 -48 -900 1 0 0 0 1 0 0 0 1 parts/3003.dat
0 STEP
0 // step 349: rack 2: 6 pieces at plate 3
1 25 310 -48 -930 1 0 0 0 1 0 0 0 1 parts/3062b.dat
1 25 330 -48 -930 1 0 0 0 1 0 0 0 1 parts/3062b.dat
1 25 310 -48 -1050 1 0 0 0 1 0 0 0 1 parts/3062b.dat
1 25 330 -48 -1050 1 0 0 0 1 0 0 0 1 parts/3062b.dat
1 25 310 -48 -1110 1 0 0 0 1 0 0 0 1 parts/3062b.dat
1 25 330 -48 -1110 1 0 0 0 1 0 0 0 1 parts/3062b.dat
0 STEP
0 // step 350: rack 2: 10 pieces at plate 6
1 25 310 -72 -570 1 0 0 0 1 0 0 0 1 parts/3062b.dat
1 25 330 -72 -570 1 0 0 0 1 0 0 0 1 parts/3062b.dat
1 25 310 -72 -690 1 0 0 0 1 0 0 0 1 parts/3062b.dat
1 25 330 -72 -690 1 0 0 0 1 0 0 0 1 parts/3062b.dat
1 25 310 -72 -810 1 0 0 0 1 0 0 0 1 parts/3062b.dat
1 25 330 -72 -810 1 0 0 0 1 0 0 0 1 parts/3062b.dat
1 25 310 -72 -930 1 0 0 0 1 0 0 0 1 parts/3062b.dat
1 25 330 -72 -930 1 0 0 0 1 0 0 0 1 parts/3062b.dat
1 25 310 -72 -1050 1 0 0 0 1 0 0 0 1 parts/3062b.dat
1 25 330 -72 -1050 1 0 0 0 1 0 0 0 1 parts/3062b.dat
0 STEP
0 // step 351: rack 2: 2 pieces at plate 6
1 25 310 -72 -1110 1 0 0 0 1 0 0 0 1 parts/3062b.dat
1 25 330 -72 -1110 1 0 0 0 1 0 0 0 1 parts/3062b.dat
0 STEP
0 // step 352: rack 2: 10 pieces at plate 9
1 25 320 -80 -580 1 0 0 0 1 0 0 0 1 parts/3022.dat
1 25 320 -80 -620 1 0 0 0 1 0 0 0 1 parts/3022.dat
1 25 320 -80 -660 1 0 0 0 1 0 0 0 1 parts/3022.dat
1 25 320 -80 -700 1 0 0 0 1 0 0 0 1 parts/3022.dat
1 25 320 -80 -740 1 0 0 0 1 0 0 0 1 parts/3022.dat
1 25 320 -80 -780 1 0 0 0 1 0 0 0 1 parts/3022.dat
1 25 320 -80 -820 1 0 0 0 1 0 0 0 1 parts/3022.dat
1 25 320 -80 -860 1 0 0 0 1 0 0 0 1 parts/3022.dat
1 25 320 -80 -900 1 0 0 0 1 0 0 0 1 parts/3022.dat
1 25 320 -80 -940 1 0 0 0 1 0 0 0 1 parts/3022.dat
0 STEP
0 // step 353: rack 2: 4 pieces at plate 9
1 25 320 -80 -980 1 0 0 0 1 0 0 0 1 parts/3022.dat
1 25 320 -80 -1020 1 0 0 0 1 0 0 0 1 parts/3022.dat
1 25 320 -80 -1060 1 0 0 0 1 0 0 0 1 parts/3022.dat
1 25 320 -80 -1100 1 0 0 0 1 0 0 0 1 parts/3022.dat
0 STEP
0 // step 354: rack 2: 10 pieces at plate 10
1 25 320 -88 -570 1 0 0 0 1 0 0 0 1 parts/3023.dat
1 25 320 -88 -600 1 0 0 0 1 0 0 0 1 parts/3022.dat
1 25 320 -88 -640 1 0 0 0 1 0 0 0 1 parts/3022.dat
1 25 320 -88 -680 1 0 0 0 1 0 0 0 1 parts/3022.dat
1 25 320 -88 -720 1 0 0 0 1 0 0 0 1 parts/3022.dat
1 25 320 -88 -760 1 0 0 0 1 0 0 0 1 parts/3022.dat
1 25 320 -88 -800 1 0 0 0 1 0 0 0 1 parts/3022.dat
1 25 320 -88 -840 1 0 0 0 1 0 0 0 1 parts/3022.dat
1 25 320 -88 -880 1 0 0 0 1 0 0 0 1 parts/3022.dat
1 25 320 -88 -920 1 0 0 0 1 0 0 0 1 parts/3022.dat
0 STEP
0 // step 355: rack 2: 5 pieces at plate 10
1 25 320 -88 -960 1 0 0 0 1 0 0 0 1 parts/3022.dat
1 25 320 -88 -1000 1 0 0 0 1 0 0 0 1 parts/3022.dat
1 25 320 -88 -1040 1 0 0 0 1 0 0 0 1 parts/3022.dat
1 25 320 -88 -1080 1 0 0 0 1 0 0 0 1 parts/3022.dat
1 25 320 -88 -1110 1 0 0 0 1 0 0 0 1 parts/3023.dat
0 STEP
0 // step 356: rack 2: 10 pieces at plate 11
1 25 310 -96 -580 0 0 -1 0 1 0 1 0 0 parts/3023.dat
1 25 330 -96 -580 0 0 -1 0 1 0 1 0 0 parts/3023.dat
1 25 310 -96 -640 0 0 -1 0 1 0 1 0 0 parts/3710.dat
1 25 330 -96 -640 0 0 -1 0 1 0 1 0 0 parts/3710.dat
1 25 310 -96 -720 0 0 -1 0 1 0 1 0 0 parts/3710.dat
1 25 330 -96 -720 0 0 -1 0 1 0 1 0 0 parts/3710.dat
1 25 310 -96 -800 0 0 -1 0 1 0 1 0 0 parts/3710.dat
1 25 330 -96 -800 0 0 -1 0 1 0 1 0 0 parts/3710.dat
1 25 310 -96 -880 0 0 -1 0 1 0 1 0 0 parts/3710.dat
1 25 330 -96 -880 0 0 -1 0 1 0 1 0 0 parts/3710.dat
0 STEP
0 // step 357: rack 2: 6 pieces at plate 11
1 25 310 -96 -960 0 0 -1 0 1 0 1 0 0 parts/3710.dat
1 25 330 -96 -960 0 0 -1 0 1 0 1 0 0 parts/3710.dat
1 25 310 -96 -1040 0 0 -1 0 1 0 1 0 0 parts/3710.dat
1 25 330 -96 -1040 0 0 -1 0 1 0 1 0 0 parts/3710.dat
1 25 310 -96 -1100 0 0 -1 0 1 0 1 0 0 parts/3023.dat
1 25 330 -96 -1100 0 0 -1 0 1 0 1 0 0 parts/3023.dat
0 STEP
0 // step 358: rack 2: 10 pieces at plate 12
1 25 310 -120 -570 1 0 0 0 1 0 0 0 1 parts/3062b.dat
1 25 330 -120 -570 1 0 0 0 1 0 0 0 1 parts/3062b.dat
1 19 320 -120 -660 1 0 0 0 1 0 0 0 1 parts/3003.dat
1 25 310 -120 -690 1 0 0 0 1 0 0 0 1 parts/3062b.dat
1 25 330 -120 -690 1 0 0 0 1 0 0 0 1 parts/3062b.dat
1 84 320 -120 -740 1 0 0 0 1 0 0 0 1 parts/3003.dat
1 15 320 -120 -780 1 0 0 0 1 0 0 0 1 parts/3003.dat
1 25 310 -120 -810 1 0 0 0 1 0 0 0 1 parts/3062b.dat
1 25 330 -120 -810 1 0 0 0 1 0 0 0 1 parts/3062b.dat
1 19 320 -120 -860 1 0 0 0 1 0 0 0 1 parts/3003.dat
0 STEP
0 // step 359: rack 2: 8 pieces at plate 12
1 19 320 -120 -900 1 0 0 0 1 0 0 0 1 parts/3003.dat
1 25 310 -120 -930 1 0 0 0 1 0 0 0 1 parts/3062b.dat
1 25 330 -120 -930 1 0 0 0 1 0 0 0 1 parts/3062b.dat
1 15 320 -120 -1020 1 0 0 0 1 0 0 0 1 parts/3003.dat
1 25 310 -120 -1050 1 0 0 0 1 0 0 0 1 parts/3062b.dat
1 25 330 -120 -1050 1 0 0 0 1 0 0 0 1 parts/3062b.dat
1 25 310 -120 -1110 1 0 0 0 1 0 0 0 1 parts/3062b.dat
1 25 330 -120 -1110 1 0 0 0 1 0 0 0 1 parts/3062b.dat
0 STEP
0 // step 360: rack 2: 10 pieces at plate 15
1 25 310 -144 -570 1 0 0 0 1 0 0 0 1 parts/3062b.dat
1 25 330 -144 -570 1 0 0 0 1 0 0 0 1 parts/3062b.dat
1 19 320 -144 -660 1 0 0 0 1 0 0 0 1 parts/3003.dat
1 25 310 -144 -690 1 0 0 0 1 0 0 0 1 parts/3062b.dat
1 25 330 -144 -690 1 0 0 0 1 0 0 0 1 parts/3062b.dat
1 15 320 -144 -780 1 0 0 0 1 0 0 0 1 parts/3003.dat
1 25 310 -144 -810 1 0 0 0 1 0 0 0 1 parts/3062b.dat
1 25 330 -144 -810 1 0 0 0 1 0 0 0 1 parts/3062b.dat
1 19 320 -144 -860 1 0 0 0 1 0 0 0 1 parts/3003.dat
1 19 320 -144 -900 1 0 0 0 1 0 0 0 1 parts/3003.dat
0 STEP
0 // step 361: rack 2: 6 pieces at plate 15
1 25 310 -144 -930 1 0 0 0 1 0 0 0 1 parts/3062b.dat
1 25 330 -144 -930 1 0 0 0 1 0 0 0 1 parts/3062b.dat
1 25 310 -144 -1050 1 0 0 0 1 0 0 0 1 parts/3062b.dat
1 25 330 -144 -1050 1 0 0 0 1 0 0 0 1 parts/3062b.dat
1 25 310 -144 -1110 1 0 0 0 1 0 0 0 1 parts/3062b.dat
1 25 330 -144 -1110 1 0 0 0 1 0 0 0 1 parts/3062b.dat
0 STEP
0 // step 362: rack 2: 10 pieces at plate 18
1 25 320 -152 -580 1 0 0 0 1 0 0 0 1 parts/3022.dat
1 25 320 -152 -620 1 0 0 0 1 0 0 0 1 parts/3022.dat
1 25 320 -152 -660 1 0 0 0 1 0 0 0 1 parts/3022.dat
1 25 320 -152 -700 1 0 0 0 1 0 0 0 1 parts/3022.dat
1 25 320 -152 -740 1 0 0 0 1 0 0 0 1 parts/3022.dat
1 25 320 -152 -780 1 0 0 0 1 0 0 0 1 parts/3022.dat
1 25 320 -152 -820 1 0 0 0 1 0 0 0 1 parts/3022.dat
1 25 320 -152 -860 1 0 0 0 1 0 0 0 1 parts/3022.dat
1 25 320 -152 -900 1 0 0 0 1 0 0 0 1 parts/3022.dat
1 25 320 -152 -940 1 0 0 0 1 0 0 0 1 parts/3022.dat
0 STEP
0 // step 363: rack 2: 4 pieces at plate 18
1 25 320 -152 -980 1 0 0 0 1 0 0 0 1 parts/3022.dat
1 25 320 -152 -1020 1 0 0 0 1 0 0 0 1 parts/3022.dat
1 25 320 -152 -1060 1 0 0 0 1 0 0 0 1 parts/3022.dat
1 25 320 -152 -1100 1 0 0 0 1 0 0 0 1 parts/3022.dat
0 STEP
0 // step 364: rack 2: 10 pieces at plate 19
1 25 320 -160 -570 1 0 0 0 1 0 0 0 1 parts/3023.dat
1 25 320 -160 -600 1 0 0 0 1 0 0 0 1 parts/3022.dat
1 25 320 -160 -640 1 0 0 0 1 0 0 0 1 parts/3022.dat
1 25 320 -160 -680 1 0 0 0 1 0 0 0 1 parts/3022.dat
1 25 320 -160 -720 1 0 0 0 1 0 0 0 1 parts/3022.dat
1 25 320 -160 -760 1 0 0 0 1 0 0 0 1 parts/3022.dat
1 25 320 -160 -800 1 0 0 0 1 0 0 0 1 parts/3022.dat
1 25 320 -160 -840 1 0 0 0 1 0 0 0 1 parts/3022.dat
1 25 320 -160 -880 1 0 0 0 1 0 0 0 1 parts/3022.dat
1 25 320 -160 -920 1 0 0 0 1 0 0 0 1 parts/3022.dat
0 STEP
0 // step 365: rack 2: 5 pieces at plate 19
1 25 320 -160 -960 1 0 0 0 1 0 0 0 1 parts/3022.dat
1 25 320 -160 -1000 1 0 0 0 1 0 0 0 1 parts/3022.dat
1 25 320 -160 -1040 1 0 0 0 1 0 0 0 1 parts/3022.dat
1 25 320 -160 -1080 1 0 0 0 1 0 0 0 1 parts/3022.dat
1 25 320 -160 -1110 1 0 0 0 1 0 0 0 1 parts/3023.dat
0 STEP
0 // step 366: rack 2: 10 pieces at plate 20
1 25 310 -168 -580 0 0 -1 0 1 0 1 0 0 parts/3023.dat
1 25 330 -168 -580 0 0 -1 0 1 0 1 0 0 parts/3023.dat
1 25 310 -168 -640 0 0 -1 0 1 0 1 0 0 parts/3710.dat
1 25 330 -168 -640 0 0 -1 0 1 0 1 0 0 parts/3710.dat
1 25 310 -168 -720 0 0 -1 0 1 0 1 0 0 parts/3710.dat
1 25 330 -168 -720 0 0 -1 0 1 0 1 0 0 parts/3710.dat
1 25 310 -168 -800 0 0 -1 0 1 0 1 0 0 parts/3710.dat
1 25 330 -168 -800 0 0 -1 0 1 0 1 0 0 parts/3710.dat
1 25 310 -168 -880 0 0 -1 0 1 0 1 0 0 parts/3710.dat
1 25 330 -168 -880 0 0 -1 0 1 0 1 0 0 parts/3710.dat
0 STEP
0 // step 367: rack 2: 6 pieces at plate 20
1 25 310 -168 -960 0 0 -1 0 1 0 1 0 0 parts/3710.dat
1 25 330 -168 -960 0 0 -1 0 1 0 1 0 0 parts/3710.dat
1 25 310 -168 -1040 0 0 -1 0 1 0 1 0 0 parts/3710.dat
1 25 330 -168 -1040 0 0 -1 0 1 0 1 0 0 parts/3710.dat
1 25 310 -168 -1100 0 0 -1 0 1 0 1 0 0 parts/3023.dat
1 25 330 -168 -1100 0 0 -1 0 1 0 1 0 0 parts/3023.dat
0 STEP
0 // step 368: rack 2: 10 pieces at plate 21
1 25 310 -192 -570 1 0 0 0 1 0 0 0 1 parts/3062b.dat
1 25 330 -192 -570 1 0 0 0 1 0 0 0 1 parts/3062b.dat
1 28 320 -192 -620 1 0 0 0 1 0 0 0 1 parts/3003.dat
1 19 320 -192 -660 1 0 0 0 1 0 0 0 1 parts/3003.dat
1 25 310 -192 -690 1 0 0 0 1 0 0 0 1 parts/3062b.dat
1 25 330 -192 -690 1 0 0 0 1 0 0 0 1 parts/3062b.dat
1 19 320 -192 -740 1 0 0 0 1 0 0 0 1 parts/3003.dat
1 25 310 -192 -810 1 0 0 0 1 0 0 0 1 parts/3062b.dat
1 25 330 -192 -810 1 0 0 0 1 0 0 0 1 parts/3062b.dat
1 1 320 -192 -900 1 0 0 0 1 0 0 0 1 parts/3003.dat
0 STEP
0 // step 369: rack 2: 8 pieces at plate 21
1 25 310 -192 -930 1 0 0 0 1 0 0 0 1 parts/3062b.dat
1 25 330 -192 -930 1 0 0 0 1 0 0 0 1 parts/3062b.dat
1 28 320 -192 -980 1 0 0 0 1 0 0 0 1 parts/3003.dat
1 28 320 -192 -1020 1 0 0 0 1 0 0 0 1 parts/3003.dat
1 25 310 -192 -1050 1 0 0 0 1 0 0 0 1 parts/3062b.dat
1 25 330 -192 -1050 1 0 0 0 1 0 0 0 1 parts/3062b.dat
1 25 310 -192 -1110 1 0 0 0 1 0 0 0 1 parts/3062b.dat
1 25 330 -192 -1110 1 0 0 0 1 0 0 0 1 parts/3062b.dat
0 STEP
0 // step 370: rack 2: 10 pieces at plate 24
1 25 310 -216 -570 1 0 0 0 1 0 0 0 1 parts/3062b.dat
1 25 330 -216 -570 1 0 0 0 1 0 0 0 1 parts/3062b.dat
1 28 320 -216 -620 1 0 0 0 1 0 0 0 1 parts/3003.dat
1 25 310 -216 -690 1 0 0 0 1 0 0 0 1 parts/3062b.dat
1 25 330 -216 -690 1 0 0 0 1 0 0 0 1 parts/3062b.dat
1 19 320 -216 -740 1 0 0 0 1 0 0 0 1 parts/3003.dat
1 25 310 -216 -810 1 0 0 0 1 0 0 0 1 parts/3062b.dat
1 25 330 -216 -810 1 0 0 0 1 0 0 0 1 parts/3062b.dat
1 25 310 -216 -930 1 0 0 0 1 0 0 0 1 parts/3062b.dat
1 25 330 -216 -930 1 0 0 0 1 0 0 0 1 parts/3062b.dat
0 STEP
0 // step 371: rack 2: 5 pieces at plate 24
1 28 320 -216 -980 1 0 0 0 1 0 0 0 1 parts/3003.dat
1 25 310 -216 -1050 1 0 0 0 1 0 0 0 1 parts/3062b.dat
1 25 330 -216 -1050 1 0 0 0 1 0 0 0 1 parts/3062b.dat
1 25 310 -216 -1110 1 0 0 0 1 0 0 0 1 parts/3062b.dat
1 25 330 -216 -1110 1 0 0 0 1 0 0 0 1 parts/3062b.dat
0 STEP
0 // step 372: rack 2: 10 pieces at plate 27
1 25 320 -224 -580 1 0 0 0 1 0 0 0 1 parts/3022.dat
1 25 320 -224 -620 1 0 0 0 1 0 0 0 1 parts/3022.dat
1 25 320 -224 -660 1 0 0 0 1 0 0 0 1 parts/3022.dat
1 25 320 -224 -700 1 0 0 0 1 0 0 0 1 parts/3022.dat
1 25 320 -224 -740 1 0 0 0 1 0 0 0 1 parts/3022.dat
1 25 320 -224 -780 1 0 0 0 1 0 0 0 1 parts/3022.dat
1 25 320 -224 -820 1 0 0 0 1 0 0 0 1 parts/3022.dat
1 25 320 -224 -860 1 0 0 0 1 0 0 0 1 parts/3022.dat
1 25 320 -224 -900 1 0 0 0 1 0 0 0 1 parts/3022.dat
1 25 320 -224 -940 1 0 0 0 1 0 0 0 1 parts/3022.dat
0 STEP
0 // step 373: rack 2: 4 pieces at plate 27
1 25 320 -224 -980 1 0 0 0 1 0 0 0 1 parts/3022.dat
1 25 320 -224 -1020 1 0 0 0 1 0 0 0 1 parts/3022.dat
1 25 320 -224 -1060 1 0 0 0 1 0 0 0 1 parts/3022.dat
1 25 320 -224 -1100 1 0 0 0 1 0 0 0 1 parts/3022.dat
0 STEP
0 // step 374: rack 2: 10 pieces at plate 28
1 25 320 -232 -570 1 0 0 0 1 0 0 0 1 parts/3023.dat
1 25 320 -232 -600 1 0 0 0 1 0 0 0 1 parts/3022.dat
1 25 320 -232 -640 1 0 0 0 1 0 0 0 1 parts/3022.dat
1 25 320 -232 -680 1 0 0 0 1 0 0 0 1 parts/3022.dat
1 25 320 -232 -720 1 0 0 0 1 0 0 0 1 parts/3022.dat
1 25 320 -232 -760 1 0 0 0 1 0 0 0 1 parts/3022.dat
1 25 320 -232 -800 1 0 0 0 1 0 0 0 1 parts/3022.dat
1 25 320 -232 -840 1 0 0 0 1 0 0 0 1 parts/3022.dat
1 25 320 -232 -880 1 0 0 0 1 0 0 0 1 parts/3022.dat
1 25 320 -232 -920 1 0 0 0 1 0 0 0 1 parts/3022.dat
0 STEP
0 // step 375: rack 2: 5 pieces at plate 28
1 25 320 -232 -960 1 0 0 0 1 0 0 0 1 parts/3022.dat
1 25 320 -232 -1000 1 0 0 0 1 0 0 0 1 parts/3022.dat
1 25 320 -232 -1040 1 0 0 0 1 0 0 0 1 parts/3022.dat
1 25 320 -232 -1080 1 0 0 0 1 0 0 0 1 parts/3022.dat
1 25 320 -232 -1110 1 0 0 0 1 0 0 0 1 parts/3023.dat
0 STEP
0 // step 376: rack 2: 10 pieces at plate 29
1 25 310 -240 -580 0 0 -1 0 1 0 1 0 0 parts/3023.dat
1 25 330 -240 -580 0 0 -1 0 1 0 1 0 0 parts/3023.dat
1 25 310 -240 -640 0 0 -1 0 1 0 1 0 0 parts/3710.dat
1 25 330 -240 -640 0 0 -1 0 1 0 1 0 0 parts/3710.dat
1 25 310 -240 -720 0 0 -1 0 1 0 1 0 0 parts/3710.dat
1 25 330 -240 -720 0 0 -1 0 1 0 1 0 0 parts/3710.dat
1 25 310 -240 -800 0 0 -1 0 1 0 1 0 0 parts/3710.dat
1 25 330 -240 -800 0 0 -1 0 1 0 1 0 0 parts/3710.dat
1 25 310 -240 -880 0 0 -1 0 1 0 1 0 0 parts/3710.dat
1 25 330 -240 -880 0 0 -1 0 1 0 1 0 0 parts/3710.dat
0 STEP
0 // step 377: rack 2: 6 pieces at plate 29
1 25 310 -240 -960 0 0 -1 0 1 0 1 0 0 parts/3710.dat
1 25 330 -240 -960 0 0 -1 0 1 0 1 0 0 parts/3710.dat
1 25 310 -240 -1040 0 0 -1 0 1 0 1 0 0 parts/3710.dat
1 25 330 -240 -1040 0 0 -1 0 1 0 1 0 0 parts/3710.dat
1 25 310 -240 -1100 0 0 -1 0 1 0 1 0 0 parts/3023.dat
1 25 330 -240 -1100 0 0 -1 0 1 0 1 0 0 parts/3023.dat
0 STEP
0 // step 378: rack 2: 7 pieces at plate 30
1 1 320 -264 -620 1 0 0 0 1 0 0 0 1 parts/3003.dat
1 28 320 -264 -660 1 0 0 0 1 0 0 0 1 parts/3003.dat
1 84 320 -264 -780 1 0 0 0 1 0 0 0 1 parts/3003.dat
1 1 320 -264 -860 1 0 0 0 1 0 0 0 1 parts/3003.dat
1 28 320 -264 -900 1 0 0 0 1 0 0 0 1 parts/3003.dat
1 1 320 -264 -980 1 0 0 0 1 0 0 0 1 parts/3003.dat
1 4 320 -264 -1020 1 0 0 0 1 0 0 0 1 parts/3003.dat
0 STEP
0 // step 379: rack 2: 3 pieces at plate 33
1 1 320 -288 -620 1 0 0 0 1 0 0 0 1 parts/3003.dat
1 1 320 -288 -860 1 0 0 0 1 0 0 0 1 parts/3003.dat
1 1 320 -288 -980 1 0 0 0 1 0 0 0 1 parts/3003.dat
0 STEP
0 // step 380: end cap 2: 3 pieces at plate 0
1 71 310 -24 -510 1 0 0 0 1 0 0 0 1 parts/3062b.dat
1 4 310 -24 -540 0 0 -1 0 1 0 1 0 0 parts/3004.dat
1 4 330 -24 -540 0 0 -1 0 1 0 1 0 0 parts/3004.dat
0 STEP
0 // step 381: end cap 2: 3 pieces at plate 3
1 71 310 -48 -510 1 0 0 0 1 0 0 0 1 parts/3062b.dat
1 4 320 -48 -530 1 0 0 0 1 0 0 0 1 parts/3004.dat
1 4 320 -48 -550 1 0 0 0 1 0 0 0 1 parts/3004.dat
0 STEP
0 // step 382: end cap 2: 3 pieces at plate 6
1 71 310 -72 -510 1 0 0 0 1 0 0 0 1 parts/3062b.dat
1 14 310 -72 -530 1 0 0 0 1 0 0 0 1 parts/3005.dat
1 25 330 -72 -550 1 0 0 0 1 0 0 0 1 parts/3005.dat
0 STEP
0 // step 383: end cap 2: 1 piece at plate 9
1 71 310 -96 -510 1 0 0 0 1 0 0 0 1 parts/3062b.dat
0 STEP
0 // step 384: end cap 2: 1 piece at plate 12
1 71 310 -120 -510 1 0 0 0 1 0 0 0 1 parts/3062b.dat
0 STEP
0 // step 385: end cap 2: 1 piece at plate 15
1 1 320 -128 -510 1 0 0 0 1 0 0 0 1 parts/3710.dat
0 STEP
0 // step 386: end cap 2: 1 piece at plate 16
1 1 320 -136 -510 1 0 0 0 1 0 0 0 1 parts/3710.dat
0 STEP
0 // step 387: end cap 2: 1 piece at plate 17
1 14 310 -144 -510 1 0 0 0 1 0 0 0 1 parts/3024.dat
0 STEP
0 // step 388: rack 3: 10 pieces at plate 0
1 25 450 -24 -570 1 0 0 0 1 0 0 0 1 parts/3062b.dat
1 25 470 -24 -570 1 0 0 0 1 0 0 0 1 parts/3062b.dat
1 28 460 -24 -620 1 0 0 0 1 0 0 0 1 parts/3003.dat
1 15 460 -24 -660 1 0 0 0 1 0 0 0 1 parts/3003.dat
1 25 450 -24 -690 1 0 0 0 1 0 0 0 1 parts/3062b.dat
1 25 470 -24 -690 1 0 0 0 1 0 0 0 1 parts/3062b.dat
1 19 460 -24 -740 1 0 0 0 1 0 0 0 1 parts/3003.dat
1 25 450 -24 -810 1 0 0 0 1 0 0 0 1 parts/3062b.dat
1 25 470 -24 -810 1 0 0 0 1 0 0 0 1 parts/3062b.dat
1 84 460 -24 -860 1 0 0 0 1 0 0 0 1 parts/3003.dat
0 STEP
0 // step 389: rack 3: 9 pieces at plate 0
1 4 460 -24 -900 1 0 0 0 1 0 0 0 1 parts/3003.dat
1 25 450 -24 -930 1 0 0 0 1 0 0 0 1 parts/3062b.dat
1 25 470 -24 -930 1 0 0 0 1 0 0 0 1 parts/3062b.dat
1 84 460 -24 -980 1 0 0 0 1 0 0 0 1 parts/3003.dat
1 19 460 -24 -1020 1 0 0 0 1 0 0 0 1 parts/3003.dat
1 25 450 -24 -1050 1 0 0 0 1 0 0 0 1 parts/3062b.dat
1 25 470 -24 -1050 1 0 0 0 1 0 0 0 1 parts/3062b.dat
1 25 450 -24 -1110 1 0 0 0 1 0 0 0 1 parts/3062b.dat
1 25 470 -24 -1110 1 0 0 0 1 0 0 0 1 parts/3062b.dat
0 STEP
0 // step 390: rack 3: 10 pieces at plate 3
1 25 450 -48 -570 1 0 0 0 1 0 0 0 1 parts/3062b.dat
1 25 470 -48 -570 1 0 0 0 1 0 0 0 1 parts/3062b.dat
1 28 460 -48 -620 1 0 0 0 1 0 0 0 1 parts/3003.dat
1 15 460 -48 -660 1 0 0 0 1 0 0 0 1 parts/3003.dat
1 25 450 -48 -690 1 0 0 0 1 0 0 0 1 parts/3062b.dat
1 25 470 -48 -690 1 0 0 0 1 0 0 0 1 parts/3062b.dat
1 25 450 -48 -810 1 0 0 0 1 0 0 0 1 parts/3062b.dat
1 25 470 -48 -810 1 0 0 0 1 0 0 0 1 parts/3062b.dat
1 84 460 -48 -860 1 0 0 0 1 0 0 0 1 parts/3003.dat
1 25 450 -48 -930 1 0 0 0 1 0 0 0 1 parts/3062b.dat
0 STEP
0 // step 391: rack 3: 6 pieces at plate 3
1 25 470 -48 -930 1 0 0 0 1 0 0 0 1 parts/3062b.dat
1 84 460 -48 -980 1 0 0 0 1 0 0 0 1 parts/3003.dat
1 25 450 -48 -1050 1 0 0 0 1 0 0 0 1 parts/3062b.dat
1 25 470 -48 -1050 1 0 0 0 1 0 0 0 1 parts/3062b.dat
1 25 450 -48 -1110 1 0 0 0 1 0 0 0 1 parts/3062b.dat
1 25 470 -48 -1110 1 0 0 0 1 0 0 0 1 parts/3062b.dat
0 STEP
0 // step 392: rack 3: 10 pieces at plate 6
1 25 450 -72 -570 1 0 0 0 1 0 0 0 1 parts/3062b.dat
1 25 470 -72 -570 1 0 0 0 1 0 0 0 1 parts/3062b.dat
1 25 450 -72 -690 1 0 0 0 1 0 0 0 1 parts/3062b.dat
1 25 470 -72 -690 1 0 0 0 1 0 0 0 1 parts/3062b.dat
1 25 450 -72 -810 1 0 0 0 1 0 0 0 1 parts/3062b.dat
1 25 470 -72 -810 1 0 0 0 1 0 0 0 1 parts/3062b.dat
1 25 450 -72 -930 1 0 0 0 1 0 0 0 1 parts/3062b.dat
1 25 470 -72 -930 1 0 0 0 1 0 0 0 1 parts/3062b.dat
1 25 450 -72 -1050 1 0 0 0 1 0 0 0 1 parts/3062b.dat
1 25 470 -72 -1050 1 0 0 0 1 0 0 0 1 parts/3062b.dat
0 STEP
0 // step 393: rack 3: 2 pieces at plate 6
1 25 450 -72 -1110 1 0 0 0 1 0 0 0 1 parts/3062b.dat
1 25 470 -72 -1110 1 0 0 0 1 0 0 0 1 parts/3062b.dat
0 STEP
0 // step 394: rack 3: 10 pieces at plate 9
1 25 460 -80 -580 1 0 0 0 1 0 0 0 1 parts/3022.dat
1 25 460 -80 -620 1 0 0 0 1 0 0 0 1 parts/3022.dat
1 25 460 -80 -660 1 0 0 0 1 0 0 0 1 parts/3022.dat
1 25 460 -80 -700 1 0 0 0 1 0 0 0 1 parts/3022.dat
1 25 460 -80 -740 1 0 0 0 1 0 0 0 1 parts/3022.dat
1 25 460 -80 -780 1 0 0 0 1 0 0 0 1 parts/3022.dat
1 25 460 -80 -820 1 0 0 0 1 0 0 0 1 parts/3022.dat
1 25 460 -80 -860 1 0 0 0 1 0 0 0 1 parts/3022.dat
1 25 460 -80 -900 1 0 0 0 1 0 0 0 1 parts/3022.dat
1 25 460 -80 -940 1 0 0 0 1 0 0 0 1 parts/3022.dat
0 STEP
0 // step 395: rack 3: 4 pieces at plate 9
1 25 460 -80 -980 1 0 0 0 1 0 0 0 1 parts/3022.dat
1 25 460 -80 -1020 1 0 0 0 1 0 0 0 1 parts/3022.dat
1 25 460 -80 -1060 1 0 0 0 1 0 0 0 1 parts/3022.dat
1 25 460 -80 -1100 1 0 0 0 1 0 0 0 1 parts/3022.dat
0 STEP
0 // step 396: rack 3: 10 pieces at plate 10
1 25 460 -88 -570 1 0 0 0 1 0 0 0 1 parts/3023.dat
1 25 460 -88 -600 1 0 0 0 1 0 0 0 1 parts/3022.dat
1 25 460 -88 -640 1 0 0 0 1 0 0 0 1 parts/3022.dat
1 25 460 -88 -680 1 0 0 0 1 0 0 0 1 parts/3022.dat
1 25 460 -88 -720 1 0 0 0 1 0 0 0 1 parts/3022.dat
1 25 460 -88 -760 1 0 0 0 1 0 0 0 1 parts/3022.dat
1 25 460 -88 -800 1 0 0 0 1 0 0 0 1 parts/3022.dat
1 25 460 -88 -840 1 0 0 0 1 0 0 0 1 parts/3022.dat
1 25 460 -88 -880 1 0 0 0 1 0 0 0 1 parts/3022.dat
1 25 460 -88 -920 1 0 0 0 1 0 0 0 1 parts/3022.dat
0 STEP
0 // step 397: rack 3: 5 pieces at plate 10
1 25 460 -88 -960 1 0 0 0 1 0 0 0 1 parts/3022.dat
1 25 460 -88 -1000 1 0 0 0 1 0 0 0 1 parts/3022.dat
1 25 460 -88 -1040 1 0 0 0 1 0 0 0 1 parts/3022.dat
1 25 460 -88 -1080 1 0 0 0 1 0 0 0 1 parts/3022.dat
1 25 460 -88 -1110 1 0 0 0 1 0 0 0 1 parts/3023.dat
0 STEP
0 // step 398: rack 3: 10 pieces at plate 11
1 25 450 -96 -580 0 0 -1 0 1 0 1 0 0 parts/3023.dat
1 25 470 -96 -580 0 0 -1 0 1 0 1 0 0 parts/3023.dat
1 25 450 -96 -640 0 0 -1 0 1 0 1 0 0 parts/3710.dat
1 25 470 -96 -640 0 0 -1 0 1 0 1 0 0 parts/3710.dat
1 25 450 -96 -720 0 0 -1 0 1 0 1 0 0 parts/3710.dat
1 25 470 -96 -720 0 0 -1 0 1 0 1 0 0 parts/3710.dat
1 25 450 -96 -800 0 0 -1 0 1 0 1 0 0 parts/3710.dat
1 25 470 -96 -800 0 0 -1 0 1 0 1 0 0 parts/3710.dat
1 25 450 -96 -880 0 0 -1 0 1 0 1 0 0 parts/3710.dat
1 25 470 -96 -880 0 0 -1 0 1 0 1 0 0 parts/3710.dat
0 STEP
0 // step 399: rack 3: 6 pieces at plate 11
1 25 450 -96 -960 0 0 -1 0 1 0 1 0 0 parts/3710.dat
1 25 470 -96 -960 0 0 -1 0 1 0 1 0 0 parts/3710.dat
1 25 450 -96 -1040 0 0 -1 0 1 0 1 0 0 parts/3710.dat
1 25 470 -96 -1040 0 0 -1 0 1 0 1 0 0 parts/3710.dat
1 25 450 -96 -1100 0 0 -1 0 1 0 1 0 0 parts/3023.dat
1 25 470 -96 -1100 0 0 -1 0 1 0 1 0 0 parts/3023.dat
0 STEP
0 // step 400: rack 3: 10 pieces at plate 12
1 25 450 -120 -570 1 0 0 0 1 0 0 0 1 parts/3062b.dat
1 25 470 -120 -570 1 0 0 0 1 0 0 0 1 parts/3062b.dat
1 15 460 -120 -620 1 0 0 0 1 0 0 0 1 parts/3003.dat
1 25 450 -120 -690 1 0 0 0 1 0 0 0 1 parts/3062b.dat
1 25 470 -120 -690 1 0 0 0 1 0 0 0 1 parts/3062b.dat
1 19 460 -120 -740 1 0 0 0 1 0 0 0 1 parts/3003.dat
1 25 450 -120 -810 1 0 0 0 1 0 0 0 1 parts/3062b.dat
1 25 470 -120 -810 1 0 0 0 1 0 0 0 1 parts/3062b.dat
1 4 460 -120 -860 1 0 0 0 1 0 0 0 1 parts/3003.dat
1 15 460 -120 -900 1 0 0 0 1 0 0 0 1 parts/3003.dat
0 STEP
0 // step 401: rack 3: 7 pieces at plate 12
1 25 450 -120 -930 1 0 0 0 1 0 0 0 1 parts/3062b.dat
1 25 470 -120 -930 1 0 0 0 1 0 0 0 1 parts/3062b.dat
1 1 460 -120 -1020 1 0 0 0 1 0 0 0 1 parts/3003.dat
1 25 450 -120 -1050 1 0 0 0 1 0 0 0 1 parts/3062b.dat
1 25 470 -120 -1050 1 0 0 0 1 0 0 0 1 parts/3062b.dat
1 25 450 -120 -1110 1 0 0 0 1 0 0 0 1 parts/3062b.dat
1 25 470 -120 -1110 1 0 0 0 1 0 0 0 1 parts/3062b.dat
0 STEP
0 // step 402: rack 3: 10 pieces at plate 15
1 25 450 -144 -570 1 0 0 0 1 0 0 0 1 parts/3062b.dat
1 25 470 -144 -570 1 0 0 0 1 0 0 0 1 parts/3062b.dat
1 25 450 -144 -690 1 0 0 0 1 0 0 0 1 parts/3062b.dat
1 25 470 -144 -690 1 0 0 0 1 0 0 0 1 parts/3062b.dat
1 25 450 -144 -810 1 0 0 0 1 0 0 0 1 parts/3062b.dat
1 25 470 -144 -810 1 0 0 0 1 0 0 0 1 parts/3062b.dat
1 4 460 -144 -860 1 0 0 0 1 0 0 0 1 parts/3003.dat
1 25 450 -144 -930 1 0 0 0 1 0 0 0 1 parts/3062b.dat
1 25 470 -144 -930 1 0 0 0 1 0 0 0 1 parts/3062b.dat
1 25 450 -144 -1050 1 0 0 0 1 0 0 0 1 parts/3062b.dat
0 STEP
0 // step 403: rack 3: 3 pieces at plate 15
1 25 470 -144 -1050 1 0 0 0 1 0 0 0 1 parts/3062b.dat
1 25 450 -144 -1110 1 0 0 0 1 0 0 0 1 parts/3062b.dat
1 25 470 -144 -1110 1 0 0 0 1 0 0 0 1 parts/3062b.dat
0 STEP
0 // step 404: rack 3: 10 pieces at plate 18
1 25 460 -152 -580 1 0 0 0 1 0 0 0 1 parts/3022.dat
1 25 460 -152 -620 1 0 0 0 1 0 0 0 1 parts/3022.dat
1 25 460 -152 -660 1 0 0 0 1 0 0 0 1 parts/3022.dat
1 25 460 -152 -700 1 0 0 0 1 0 0 0 1 parts/3022.dat
1 25 460 -152 -740 1 0 0 0 1 0 0 0 1 parts/3022.dat
1 25 460 -152 -780 1 0 0 0 1 0 0 0 1 parts/3022.dat
1 25 460 -152 -820 1 0 0 0 1 0 0 0 1 parts/3022.dat
1 25 460 -152 -860 1 0 0 0 1 0 0 0 1 parts/3022.dat
1 25 460 -152 -900 1 0 0 0 1 0 0 0 1 parts/3022.dat
1 25 460 -152 -940 1 0 0 0 1 0 0 0 1 parts/3022.dat
0 STEP
0 // step 405: rack 3: 4 pieces at plate 18
1 25 460 -152 -980 1 0 0 0 1 0 0 0 1 parts/3022.dat
1 25 460 -152 -1020 1 0 0 0 1 0 0 0 1 parts/3022.dat
1 25 460 -152 -1060 1 0 0 0 1 0 0 0 1 parts/3022.dat
1 25 460 -152 -1100 1 0 0 0 1 0 0 0 1 parts/3022.dat
0 STEP
0 // step 406: rack 3: 10 pieces at plate 19
1 25 460 -160 -570 1 0 0 0 1 0 0 0 1 parts/3023.dat
1 25 460 -160 -600 1 0 0 0 1 0 0 0 1 parts/3022.dat
1 25 460 -160 -640 1 0 0 0 1 0 0 0 1 parts/3022.dat
1 25 460 -160 -680 1 0 0 0 1 0 0 0 1 parts/3022.dat
1 25 460 -160 -720 1 0 0 0 1 0 0 0 1 parts/3022.dat
1 25 460 -160 -760 1 0 0 0 1 0 0 0 1 parts/3022.dat
1 25 460 -160 -800 1 0 0 0 1 0 0 0 1 parts/3022.dat
1 25 460 -160 -840 1 0 0 0 1 0 0 0 1 parts/3022.dat
1 25 460 -160 -880 1 0 0 0 1 0 0 0 1 parts/3022.dat
1 25 460 -160 -920 1 0 0 0 1 0 0 0 1 parts/3022.dat
0 STEP
0 // step 407: rack 3: 5 pieces at plate 19
1 25 460 -160 -960 1 0 0 0 1 0 0 0 1 parts/3022.dat
1 25 460 -160 -1000 1 0 0 0 1 0 0 0 1 parts/3022.dat
1 25 460 -160 -1040 1 0 0 0 1 0 0 0 1 parts/3022.dat
1 25 460 -160 -1080 1 0 0 0 1 0 0 0 1 parts/3022.dat
1 25 460 -160 -1110 1 0 0 0 1 0 0 0 1 parts/3023.dat
0 STEP
0 // step 408: rack 3: 10 pieces at plate 20
1 25 450 -168 -580 0 0 -1 0 1 0 1 0 0 parts/3023.dat
1 25 470 -168 -580 0 0 -1 0 1 0 1 0 0 parts/3023.dat
1 25 450 -168 -640 0 0 -1 0 1 0 1 0 0 parts/3710.dat
1 25 470 -168 -640 0 0 -1 0 1 0 1 0 0 parts/3710.dat
1 25 450 -168 -720 0 0 -1 0 1 0 1 0 0 parts/3710.dat
1 25 470 -168 -720 0 0 -1 0 1 0 1 0 0 parts/3710.dat
1 25 450 -168 -800 0 0 -1 0 1 0 1 0 0 parts/3710.dat
1 25 470 -168 -800 0 0 -1 0 1 0 1 0 0 parts/3710.dat
1 25 450 -168 -880 0 0 -1 0 1 0 1 0 0 parts/3710.dat
1 25 470 -168 -880 0 0 -1 0 1 0 1 0 0 parts/3710.dat
0 STEP
0 // step 409: rack 3: 6 pieces at plate 20
1 25 450 -168 -960 0 0 -1 0 1 0 1 0 0 parts/3710.dat
1 25 470 -168 -960 0 0 -1 0 1 0 1 0 0 parts/3710.dat
1 25 450 -168 -1040 0 0 -1 0 1 0 1 0 0 parts/3710.dat
1 25 470 -168 -1040 0 0 -1 0 1 0 1 0 0 parts/3710.dat
1 25 450 -168 -1100 0 0 -1 0 1 0 1 0 0 parts/3023.dat
1 25 470 -168 -1100 0 0 -1 0 1 0 1 0 0 parts/3023.dat
0 STEP
0 // step 410: rack 3: 10 pieces at plate 21
1 25 450 -192 -570 1 0 0 0 1 0 0 0 1 parts/3062b.dat
1 25 470 -192 -570 1 0 0 0 1 0 0 0 1 parts/3062b.dat
1 28 460 -192 -620 1 0 0 0 1 0 0 0 1 parts/3003.dat
1 15 460 -192 -660 1 0 0 0 1 0 0 0 1 parts/3003.dat
1 25 450 -192 -690 1 0 0 0 1 0 0 0 1 parts/3062b.dat
1 25 470 -192 -690 1 0 0 0 1 0 0 0 1 parts/3062b.dat
1 19 460 -192 -740 1 0 0 0 1 0 0 0 1 parts/3003.dat
1 25 450 -192 -810 1 0 0 0 1 0 0 0 1 parts/3062b.dat
1 25 470 -192 -810 1 0 0 0 1 0 0 0 1 parts/3062b.dat
1 28 460 -192 -860 1 0 0 0 1 0 0 0 1 parts/3003.dat
0 STEP
0 // step 411: rack 3: 7 pieces at plate 21
1 25 450 -192 -930 1 0 0 0 1 0 0 0 1 parts/3062b.dat
1 25 470 -192 -930 1 0 0 0 1 0 0 0 1 parts/3062b.dat
1 28 460 -192 -1020 1 0 0 0 1 0 0 0 1 parts/3003.dat
1 25 450 -192 -1050 1 0 0 0 1 0 0 0 1 parts/3062b.dat
1 25 470 -192 -1050 1 0 0 0 1 0 0 0 1 parts/3062b.dat
1 25 450 -192 -1110 1 0 0 0 1 0 0 0 1 parts/3062b.dat
1 25 470 -192 -1110 1 0 0 0 1 0 0 0 1 parts/3062b.dat
0 STEP
0 // step 412: rack 3: 10 pieces at plate 24
1 25 450 -216 -570 1 0 0 0 1 0 0 0 1 parts/3062b.dat
1 25 470 -216 -570 1 0 0 0 1 0 0 0 1 parts/3062b.dat
1 25 450 -216 -690 1 0 0 0 1 0 0 0 1 parts/3062b.dat
1 25 470 -216 -690 1 0 0 0 1 0 0 0 1 parts/3062b.dat
1 25 450 -216 -810 1 0 0 0 1 0 0 0 1 parts/3062b.dat
1 25 470 -216 -810 1 0 0 0 1 0 0 0 1 parts/3062b.dat
1 25 450 -216 -930 1 0 0 0 1 0 0 0 1 parts/3062b.dat
1 25 470 -216 -930 1 0 0 0 1 0 0 0 1 parts/3062b.dat
1 25 450 -216 -1050 1 0 0 0 1 0 0 0 1 parts/3062b.dat
1 25 470 -216 -1050 1 0 0 0 1 0 0 0 1 parts/3062b.dat
0 STEP
0 // step 413: rack 3: 2 pieces at plate 24
1 25 450 -216 -1110 1 0 0 0 1 0 0 0 1 parts/3062b.dat
1 25 470 -216 -1110 1 0 0 0 1 0 0 0 1 parts/3062b.dat
0 STEP
0 // step 414: rack 3: 10 pieces at plate 27
1 25 460 -224 -580 1 0 0 0 1 0 0 0 1 parts/3022.dat
1 25 460 -224 -620 1 0 0 0 1 0 0 0 1 parts/3022.dat
1 25 460 -224 -660 1 0 0 0 1 0 0 0 1 parts/3022.dat
1 25 460 -224 -700 1 0 0 0 1 0 0 0 1 parts/3022.dat
1 25 460 -224 -740 1 0 0 0 1 0 0 0 1 parts/3022.dat
1 25 460 -224 -780 1 0 0 0 1 0 0 0 1 parts/3022.dat
1 25 460 -224 -820 1 0 0 0 1 0 0 0 1 parts/3022.dat
1 25 460 -224 -860 1 0 0 0 1 0 0 0 1 parts/3022.dat
1 25 460 -224 -900 1 0 0 0 1 0 0 0 1 parts/3022.dat
1 25 460 -224 -940 1 0 0 0 1 0 0 0 1 parts/3022.dat
0 STEP
0 // step 415: rack 3: 4 pieces at plate 27
1 25 460 -224 -980 1 0 0 0 1 0 0 0 1 parts/3022.dat
1 25 460 -224 -1020 1 0 0 0 1 0 0 0 1 parts/3022.dat
1 25 460 -224 -1060 1 0 0 0 1 0 0 0 1 parts/3022.dat
1 25 460 -224 -1100 1 0 0 0 1 0 0 0 1 parts/3022.dat
0 STEP
0 // step 416: rack 3: 10 pieces at plate 28
1 25 460 -232 -570 1 0 0 0 1 0 0 0 1 parts/3023.dat
1 25 460 -232 -600 1 0 0 0 1 0 0 0 1 parts/3022.dat
1 25 460 -232 -640 1 0 0 0 1 0 0 0 1 parts/3022.dat
1 25 460 -232 -680 1 0 0 0 1 0 0 0 1 parts/3022.dat
1 25 460 -232 -720 1 0 0 0 1 0 0 0 1 parts/3022.dat
1 25 460 -232 -760 1 0 0 0 1 0 0 0 1 parts/3022.dat
1 25 460 -232 -800 1 0 0 0 1 0 0 0 1 parts/3022.dat
1 25 460 -232 -840 1 0 0 0 1 0 0 0 1 parts/3022.dat
1 25 460 -232 -880 1 0 0 0 1 0 0 0 1 parts/3022.dat
1 25 460 -232 -920 1 0 0 0 1 0 0 0 1 parts/3022.dat
0 STEP
0 // step 417: rack 3: 5 pieces at plate 28
1 25 460 -232 -960 1 0 0 0 1 0 0 0 1 parts/3022.dat
1 25 460 -232 -1000 1 0 0 0 1 0 0 0 1 parts/3022.dat
1 25 460 -232 -1040 1 0 0 0 1 0 0 0 1 parts/3022.dat
1 25 460 -232 -1080 1 0 0 0 1 0 0 0 1 parts/3022.dat
1 25 460 -232 -1110 1 0 0 0 1 0 0 0 1 parts/3023.dat
0 STEP
0 // step 418: rack 3: 10 pieces at plate 29
1 25 450 -240 -580 0 0 -1 0 1 0 1 0 0 parts/3023.dat
1 25 470 -240 -580 0 0 -1 0 1 0 1 0 0 parts/3023.dat
1 25 450 -240 -640 0 0 -1 0 1 0 1 0 0 parts/3710.dat
1 25 470 -240 -640 0 0 -1 0 1 0 1 0 0 parts/3710.dat
1 25 450 -240 -720 0 0 -1 0 1 0 1 0 0 parts/3710.dat
1 25 470 -240 -720 0 0 -1 0 1 0 1 0 0 parts/3710.dat
1 25 450 -240 -800 0 0 -1 0 1 0 1 0 0 parts/3710.dat
1 25 470 -240 -800 0 0 -1 0 1 0 1 0 0 parts/3710.dat
1 25 450 -240 -880 0 0 -1 0 1 0 1 0 0 parts/3710.dat
1 25 470 -240 -880 0 0 -1 0 1 0 1 0 0 parts/3710.dat
0 STEP
0 // step 419: rack 3: 6 pieces at plate 29
1 25 450 -240 -960 0 0 -1 0 1 0 1 0 0 parts/3710.dat
1 25 470 -240 -960 0 0 -1 0 1 0 1 0 0 parts/3710.dat
1 25 450 -240 -1040 0 0 -1 0 1 0 1 0 0 parts/3710.dat
1 25 470 -240 -1040 0 0 -1 0 1 0 1 0 0 parts/3710.dat
1 25 450 -240 -1100 0 0 -1 0 1 0 1 0 0 parts/3023.dat
1 25 470 -240 -1100 0 0 -1 0 1 0 1 0 0 parts/3023.dat
0 STEP
0 // step 420: rack 3: 7 pieces at plate 30
1 4 460 -264 -660 1 0 0 0 1 0 0 0 1 parts/3003.dat
1 84 460 -264 -740 1 0 0 0 1 0 0 0 1 parts/3003.dat
1 19 460 -264 -780 1 0 0 0 1 0 0 0 1 parts/3003.dat
1 84 460 -264 -860 1 0 0 0 1 0 0 0 1 parts/3003.dat
1 4 460 -264 -900 1 0 0 0 1 0 0 0 1 parts/3003.dat
1 84 460 -264 -980 1 0 0 0 1 0 0 0 1 parts/3003.dat
1 1 460 -264 -1020 1 0 0 0 1 0 0 0 1 parts/3003.dat
0 STEP
0 // step 421: rack 3: 4 pieces at plate 33
1 19 460 -288 -780 1 0 0 0 1 0 0 0 1 parts/3003.dat
1 84 460 -288 -860 1 0 0 0 1 0 0 0 1 parts/3003.dat
1 84 460 -288 -980 1 0 0 0 1 0 0 0 1 parts/3003.dat
1 1 460 -288 -1020 1 0 0 0 1 0 0 0 1 parts/3003.dat
0 STEP
0 // step 422: end cap 3: 2 pieces at plate 0
1 71 450 -24 -510 1 0 0 0 1 0 0 0 1 parts/3062b.dat
1 4 460 -24 -540 1 0 0 0 1 0 0 0 1 parts/3003.dat
0 STEP
0 // step 423: end cap 3: 5 pieces at plate 3
1 71 450 -48 -510 1 0 0 0 1 0 0 0 1 parts/3062b.dat
1 4 450 -48 -530 1 0 0 0 1 0 0 0 1 parts/3005.dat
1 4 470 -48 -530 1 0 0 0 1 0 0 0 1 parts/3005.dat
1 4 450 -48 -550 1 0 0 0 1 0 0 0 1 parts/3005.dat
1 4 470 -48 -550 1 0 0 0 1 0 0 0 1 parts/3005.dat
0 STEP
0 // step 424: end cap 3: 3 pieces at plate 6
1 71 450 -72 -510 1 0 0 0 1 0 0 0 1 parts/3062b.dat
1 1 450 -72 -530 1 0 0 0 1 0 0 0 1 parts/3005.dat
1 15 470 -72 -550 1 0 0 0 1 0 0 0 1 parts/3005.dat
0 STEP
0 // step 425: end cap 3: 1 piece at plate 9
1 71 450 -96 -510 1 0 0 0 1 0 0 0 1 parts/3062b.dat
0 STEP
0 // step 426: end cap 3: 1 piece at plate 12
1 71 450 -120 -510 1 0 0 0 1 0 0 0 1 parts/3062b.dat
0 STEP
0 // step 427: end cap 3: 1 piece at plate 15
1 1 460 -128 -510 1 0 0 0 1 0 0 0 1 parts/3710.dat
0 STEP
0 // step 428: end cap 3: 1 piece at plate 16
1 1 460 -136 -510 1 0 0 0 1 0 0 0 1 parts/3710.dat
0 STEP
0 // step 429: end cap 3: 1 piece at plate 17
1 14 450 -144 -510 1 0 0 0 1 0 0 0 1 parts/3024.dat
0 STEP
0 // step 430: rack 4: 10 pieces at plate 0
1 25 590 -24 -570 1 0 0 0 1 0 0 0 1 parts/3062b.dat
1 25 610 -24 -570 1 0 0 0 1 0 0 0 1 parts/3062b.dat
1 19 600 -24 -620 1 0 0 0 1 0 0 0 1 parts/3003.dat
1 84 600 -24 -660 1 0 0 0 1 0 0 0 1 parts/3003.dat
1 25 590 -24 -690 1 0 0 0 1 0 0 0 1 parts/3062b.dat
1 25 610 -24 -690 1 0 0 0 1 0 0 0 1 parts/3062b.dat
1 19 600 -24 -740 1 0 0 0 1 0 0 0 1 parts/3003.dat
1 25 590 -24 -810 1 0 0 0 1 0 0 0 1 parts/3062b.dat
1 25 610 -24 -810 1 0 0 0 1 0 0 0 1 parts/3062b.dat
1 19 600 -24 -860 1 0 0 0 1 0 0 0 1 parts/3003.dat
0 STEP
0 // step 431: rack 4: 9 pieces at plate 0
1 19 600 -24 -900 1 0 0 0 1 0 0 0 1 parts/3003.dat
1 25 590 -24 -930 1 0 0 0 1 0 0 0 1 parts/3062b.dat
1 25 610 -24 -930 1 0 0 0 1 0 0 0 1 parts/3062b.dat
1 28 600 -24 -980 1 0 0 0 1 0 0 0 1 parts/3003.dat
1 19 600 -24 -1020 1 0 0 0 1 0 0 0 1 parts/3003.dat
1 25 590 -24 -1050 1 0 0 0 1 0 0 0 1 parts/3062b.dat
1 25 610 -24 -1050 1 0 0 0 1 0 0 0 1 parts/3062b.dat
1 25 590 -24 -1110 1 0 0 0 1 0 0 0 1 parts/3062b.dat
1 25 610 -24 -1110 1 0 0 0 1 0 0 0 1 parts/3062b.dat
0 STEP
0 // step 432: rack 4: 10 pieces at plate 3
1 25 590 -48 -570 1 0 0 0 1 0 0 0 1 parts/3062b.dat
1 25 610 -48 -570 1 0 0 0 1 0 0 0 1 parts/3062b.dat
1 19 600 -48 -620 1 0 0 0 1 0 0 0 1 parts/3003.dat
1 25 590 -48 -690 1 0 0 0 1 0 0 0 1 parts/3062b.dat
1 25 610 -48 -690 1 0 0 0 1 0 0 0 1 parts/3062b.dat
1 25 590 -48 -810 1 0 0 0 1 0 0 0 1 parts/3062b.dat
1 25 610 -48 -810 1 0 0 0 1 0 0 0 1 parts/3062b.dat
1 19 600 -48 -900 1 0 0 0 1 0 0 0 1 parts/3003.dat
1 25 590 -48 -930 1 0 0 0 1 0 0 0 1 parts/3062b.dat
1 25 610 -48 -930 1 0 0 0 1 0 0 0 1 parts/3062b.dat
0 STEP
0 // step 433: rack 4: 6 pieces at plate 3
1 28 600 -48 -980 1 0 0 0 1 0 0 0 1 parts/3003.dat
1 19 600 -48 -1020 1 0 0 0 1 0 0 0 1 parts/3003.dat
1 25 590 -48 -1050 1 0 0 0 1 0 0 0 1 parts/3062b.dat
1 25 610 -48 -1050 1 0 0 0 1 0 0 0 1 parts/3062b.dat
1 25 590 -48 -1110 1 0 0 0 1 0 0 0 1 parts/3062b.dat
1 25 610 -48 -1110 1 0 0 0 1 0 0 0 1 parts/3062b.dat
0 STEP
0 // step 434: rack 4: 10 pieces at plate 6
1 25 590 -72 -570 1 0 0 0 1 0 0 0 1 parts/3062b.dat
1 25 610 -72 -570 1 0 0 0 1 0 0 0 1 parts/3062b.dat
1 25 590 -72 -690 1 0 0 0 1 0 0 0 1 parts/3062b.dat
1 25 610 -72 -690 1 0 0 0 1 0 0 0 1 parts/3062b.dat
1 25 590 -72 -810 1 0 0 0 1 0 0 0 1 parts/3062b.dat
1 25 610 -72 -810 1 0 0 0 1 0 0 0 1 parts/3062b.dat
1 25 590 -72 -930 1 0 0 0 1 0 0 0 1 parts/3062b.dat
1 25 610 -72 -930 1 0 0 0 1 0 0 0 1 parts/3062b.dat
1 25 590 -72 -1050 1 0 0 0 1 0 0 0 1 parts/3062b.dat
1 25 610 -72 -1050 1 0 0 0 1 0 0 0 1 parts/3062b.dat
0 STEP
0 // step 435: rack 4: 2 pieces at plate 6
1 25 590 -72 -1110 1 0 0 0 1 0 0 0 1 parts/3062b.dat
1 25 610 -72 -1110 1 0 0 0 1 0 0 0 1 parts/3062b.dat
0 STEP
0 // step 436: rack 4: 10 pieces at plate 9
1 25 600 -80 -580 1 0 0 0 1 0 0 0 1 parts/3022.dat
1 25 600 -80 -620 1 0 0 0 1 0 0 0 1 parts/3022.dat
1 25 600 -80 -660 1 0 0 0 1 0 0 0 1 parts/3022.dat
1 25 600 -80 -700 1 0 0 0 1 0 0 0 1 parts/3022.dat
1 25 600 -80 -740 1 0 0 0 1 0 0 0 1 parts/3022.dat
1 25 600 -80 -780 1 0 0 0 1 0 0 0 1 parts/3022.dat
1 25 600 -80 -820 1 0 0 0 1 0 0 0 1 parts/3022.dat
1 25 600 -80 -860 1 0 0 0 1 0 0 0 1 parts/3022.dat
1 25 600 -80 -900 1 0 0 0 1 0 0 0 1 parts/3022.dat
1 25 600 -80 -940 1 0 0 0 1 0 0 0 1 parts/3022.dat
0 STEP
0 // step 437: rack 4: 4 pieces at plate 9
1 25 600 -80 -980 1 0 0 0 1 0 0 0 1 parts/3022.dat
1 25 600 -80 -1020 1 0 0 0 1 0 0 0 1 parts/3022.dat
1 25 600 -80 -1060 1 0 0 0 1 0 0 0 1 parts/3022.dat
1 25 600 -80 -1100 1 0 0 0 1 0 0 0 1 parts/3022.dat
0 STEP
0 // step 438: rack 4: 10 pieces at plate 10
1 25 600 -88 -570 1 0 0 0 1 0 0 0 1 parts/3023.dat
1 25 600 -88 -600 1 0 0 0 1 0 0 0 1 parts/3022.dat
1 25 600 -88 -640 1 0 0 0 1 0 0 0 1 parts/3022.dat
1 25 600 -88 -680 1 0 0 0 1 0 0 0 1 parts/3022.dat
1 25 600 -88 -720 1 0 0 0 1 0 0 0 1 parts/3022.dat
1 25 600 -88 -760 1 0 0 0 1 0 0 0 1 parts/3022.dat
1 25 600 -88 -800 1 0 0 0 1 0 0 0 1 parts/3022.dat
1 25 600 -88 -840 1 0 0 0 1 0 0 0 1 parts/3022.dat
1 25 600 -88 -880 1 0 0 0 1 0 0 0 1 parts/3022.dat
1 25 600 -88 -920 1 0 0 0 1 0 0 0 1 parts/3022.dat
0 STEP
0 // step 439: rack 4: 5 pieces at plate 10
1 25 600 -88 -960 1 0 0 0 1 0 0 0 1 parts/3022.dat
1 25 600 -88 -1000 1 0 0 0 1 0 0 0 1 parts/3022.dat
1 25 600 -88 -1040 1 0 0 0 1 0 0 0 1 parts/3022.dat
1 25 600 -88 -1080 1 0 0 0 1 0 0 0 1 parts/3022.dat
1 25 600 -88 -1110 1 0 0 0 1 0 0 0 1 parts/3023.dat
0 STEP
0 // step 440: rack 4: 10 pieces at plate 11
1 25 590 -96 -580 0 0 -1 0 1 0 1 0 0 parts/3023.dat
1 25 610 -96 -580 0 0 -1 0 1 0 1 0 0 parts/3023.dat
1 25 590 -96 -640 0 0 -1 0 1 0 1 0 0 parts/3710.dat
1 25 610 -96 -640 0 0 -1 0 1 0 1 0 0 parts/3710.dat
1 25 590 -96 -720 0 0 -1 0 1 0 1 0 0 parts/3710.dat
1 25 610 -96 -720 0 0 -1 0 1 0 1 0 0 parts/3710.dat
1 25 590 -96 -800 0 0 -1 0 1 0 1 0 0 parts/3710.dat
1 25 610 -96 -800 0 0 -1 0 1 0 1 0 0 parts/3710.dat
1 25 590 -96 -880 0 0 -1 0 1 0 1 0 0 parts/3710.dat
1 25 610 -96 -880 0 0 -1 0 1 0 1 0 0 parts/3710.dat
0 STEP
0 // step 441: rack 4: 6 pieces at plate 11
1 25 590 -96 -960 0 0 -1 0 1 0 1 0 0 parts/3710.dat
1 25 610 -96 -960 0 0 -1 0 1 0 1 0 0 parts/3710.dat
1 25 590 -96 -1040 0 0 -1 0 1 0 1 0 0 parts/3710.dat
1 25 610 -96 -1040 0 0 -1 0 1 0 1 0 0 parts/3710.dat
1 25 590 -96 -1100 0 0 -1 0 1 0 1 0 0 parts/3023.dat
1 25 610 -96 -1100 0 0 -1 0 1 0 1 0 0 parts/3023.dat
0 STEP
0 // step 442: rack 4: 10 pieces at plate 12
1 25 590 -120 -570 1 0 0 0 1 0 0 0 1 parts/3062b.dat
1 25 610 -120 -570 1 0 0 0 1 0 0 0 1 parts/3062b.dat
1 28 600 -120 -620 1 0 0 0 1 0 0 0 1 parts/3003.dat
1 25 590 -120 -690 1 0 0 0 1 0 0 0 1 parts/3062b.dat
1 25 610 -120 -690 1 0 0 0 1 0 0 0 1 parts/3062b.dat
1 1 600 -120 -740 1 0 0 0 1 0 0 0 1 parts/3003.dat
1 19 600 -120 -780 1 0 0 0 1 0 0 0 1 parts/3003.dat
1 25 590 -120 -810 1 0 0 0 1 0 0 0 1 parts/3062b.dat
1 25 610 -120 -810 1 0 0 0 1 0 0 0 1 parts/3062b.dat
1 19 600 -120 -900 1 0 0 0 1 0 0 0 1 parts/3003.dat
0 STEP
0 // step 443: rack 4: 8 pieces at plate 12
1 25 590 -120 -930 1 0 0 0 1 0 0 0 1 parts/3062b.dat
1 25 610 -120 -930 1 0 0 0 1 0 0 0 1 parts/3062b.dat
1 19 600 -120 -980 1 0 0 0 1 0 0 0 1 parts/3003.dat
1 28 600 -120 -1020 1 0 0 0 1 0 0 0 1 parts/3003.dat
1 25 590 -120 -1050 1 0 0 0 1 0 0 0 1 parts/3062b.dat
1 25 610 -120 -1050 1 0 0 0 1 0 0 0 1 parts/3062b.dat
1 25 590 -120 -1110 1 0 0 0 1 0 0 0 1 parts/3062b.dat
1 25 610 -120 -1110 1 0 0 0 1 0 0 0 1 parts/3062b.dat
0 STEP
0 // step 444: rack 4: 10 pieces at plate 15
1 25 590 -144 -570 1 0 0 0 1 0 0 0 1 parts/3062b.dat
1 25 610 -144 -570 1 0 0 0 1 0 0 0 1 parts/3062b.dat
1 25 590 -144 -690 1 0 0 0 1 0 0 0 1 parts/3062b.dat
1 25 610 -144 -690 1 0 0 0 1 0 0 0 1 parts/3062b.dat
1 19 600 -144 -780 1 0 0 0 1 0 0 0 1 parts/3003.dat
1 25 590 -144 -810 1 0 0 0 1 0 0 0 1 parts/3062b.dat
1 25 610 -144 -810 1 0 0 0 1 0 0 0 1 parts/3062b.dat
1 19 600 -144 -900 1 0 0 0 1 0 0 0 1 parts/3003.dat
1 25 590 -144 -930 1 0 0 0 1 0 0 0 1 parts/3062b.dat
1 25 610 -144 -930 1 0 0 0 1 0 0 0 1 parts/3062b.dat
0 STEP
0 // step 445: rack 4: 6 pieces at plate 15
1 19 600 -144 -980 1 0 0 0 1 0 0 0 1 parts/3003.dat
1 28 600 -144 -1020 1 0 0 0 1 0 0 0 1 parts/3003.dat
1 25 590 -144 -1050 1 0 0 0 1 0 0 0 1 parts/3062b.dat
1 25 610 -144 -1050 1 0 0 0 1 0 0 0 1 parts/3062b.dat
1 25 590 -144 -1110 1 0 0 0 1 0 0 0 1 parts/3062b.dat
1 25 610 -144 -1110 1 0 0 0 1 0 0 0 1 parts/3062b.dat
0 STEP
0 // step 446: rack 4: 10 pieces at plate 18
1 25 600 -152 -580 1 0 0 0 1 0 0 0 1 parts/3022.dat
1 25 600 -152 -620 1 0 0 0 1 0 0 0 1 parts/3022.dat
1 25 600 -152 -660 1 0 0 0 1 0 0 0 1 parts/3022.dat
1 25 600 -152 -700 1 0 0 0 1 0 0 0 1 parts/3022.dat
1 25 600 -152 -740 1 0 0 0 1 0 0 0 1 parts/3022.dat
1 25 600 -152 -780 1 0 0 0 1 0 0 0 1 parts/3022.dat
1 25 600 -152 -820 1 0 0 0 1 0 0 0 1 parts/3022.dat
1 25 600 -152 -860 1 0 0 0 1 0 0 0 1 parts/3022.dat
1 25 600 -152 -900 1 0 0 0 1 0 0 0 1 parts/3022.dat
1 25 600 -152 -940 1 0 0 0 1 0 0 0 1 parts/3022.dat
0 STEP
0 // step 447: rack 4: 4 pieces at plate 18
1 25 600 -152 -980 1 0 0 0 1 0 0 0 1 parts/3022.dat
1 25 600 -152 -1020 1 0 0 0 1 0 0 0 1 parts/3022.dat
1 25 600 -152 -1060 1 0 0 0 1 0 0 0 1 parts/3022.dat
1 25 600 -152 -1100 1 0 0 0 1 0 0 0 1 parts/3022.dat
0 STEP
0 // step 448: rack 4: 10 pieces at plate 19
1 25 600 -160 -570 1 0 0 0 1 0 0 0 1 parts/3023.dat
1 25 600 -160 -600 1 0 0 0 1 0 0 0 1 parts/3022.dat
1 25 600 -160 -640 1 0 0 0 1 0 0 0 1 parts/3022.dat
1 25 600 -160 -680 1 0 0 0 1 0 0 0 1 parts/3022.dat
1 25 600 -160 -720 1 0 0 0 1 0 0 0 1 parts/3022.dat
1 25 600 -160 -760 1 0 0 0 1 0 0 0 1 parts/3022.dat
1 25 600 -160 -800 1 0 0 0 1 0 0 0 1 parts/3022.dat
1 25 600 -160 -840 1 0 0 0 1 0 0 0 1 parts/3022.dat
1 25 600 -160 -880 1 0 0 0 1 0 0 0 1 parts/3022.dat
1 25 600 -160 -920 1 0 0 0 1 0 0 0 1 parts/3022.dat
0 STEP
0 // step 449: rack 4: 5 pieces at plate 19
1 25 600 -160 -960 1 0 0 0 1 0 0 0 1 parts/3022.dat
1 25 600 -160 -1000 1 0 0 0 1 0 0 0 1 parts/3022.dat
1 25 600 -160 -1040 1 0 0 0 1 0 0 0 1 parts/3022.dat
1 25 600 -160 -1080 1 0 0 0 1 0 0 0 1 parts/3022.dat
1 25 600 -160 -1110 1 0 0 0 1 0 0 0 1 parts/3023.dat
0 STEP
0 // step 450: rack 4: 10 pieces at plate 20
1 25 590 -168 -580 0 0 -1 0 1 0 1 0 0 parts/3023.dat
1 25 610 -168 -580 0 0 -1 0 1 0 1 0 0 parts/3023.dat
1 25 590 -168 -640 0 0 -1 0 1 0 1 0 0 parts/3710.dat
1 25 610 -168 -640 0 0 -1 0 1 0 1 0 0 parts/3710.dat
1 25 590 -168 -720 0 0 -1 0 1 0 1 0 0 parts/3710.dat
1 25 610 -168 -720 0 0 -1 0 1 0 1 0 0 parts/3710.dat
1 25 590 -168 -800 0 0 -1 0 1 0 1 0 0 parts/3710.dat
1 25 610 -168 -800 0 0 -1 0 1 0 1 0 0 parts/3710.dat
1 25 590 -168 -880 0 0 -1 0 1 0 1 0 0 parts/3710.dat
1 25 610 -168 -880 0 0 -1 0 1 0 1 0 0 parts/3710.dat
0 STEP
0 // step 451: rack 4: 6 pieces at plate 20
1 25 590 -168 -960 0 0 -1 0 1 0 1 0 0 parts/3710.dat
1 25 610 -168 -960 0 0 -1 0 1 0 1 0 0 parts/3710.dat
1 25 590 -168 -1040 0 0 -1 0 1 0 1 0 0 parts/3710.dat
1 25 610 -168 -1040 0 0 -1 0 1 0 1 0 0 parts/3710.dat
1 25 590 -168 -1100 0 0 -1 0 1 0 1 0 0 parts/3023.dat
1 25 610 -168 -1100 0 0 -1 0 1 0 1 0 0 parts/3023.dat
0 STEP
0 // step 452: rack 4: 10 pieces at plate 21
1 25 590 -192 -570 1 0 0 0 1 0 0 0 1 parts/3062b.dat
1 25 610 -192 -570 1 0 0 0 1 0 0 0 1 parts/3062b.dat
1 19 600 -192 -620 1 0 0 0 1 0 0 0 1 parts/3003.dat
1 19 600 -192 -660 1 0 0 0 1 0 0 0 1 parts/3003.dat
1 25 590 -192 -690 1 0 0 0 1 0 0 0 1 parts/3062b.dat
1 25 610 -192 -690 1 0 0 0 1 0 0 0 1 parts/3062b.dat
1 28 600 -192 -740 1 0 0 0 1 0 0 0 1 parts/3003.dat
1 84 600 -192 -780 1 0 0 0 1 0 0 0 1 parts/3003.dat
1 25 590 -192 -810 1 0 0 0 1 0 0 0 1 parts/3062b.dat
1 25 610 -192 -810 1 0 0 0 1 0 0 0 1 parts/3062b.dat
0 STEP
0 // step 453: rack 4: 8 pieces at plate 21
1 84 600 -192 -900 1 0 0 0 1 0 0 0 1 parts/3003.dat
1 25 590 -192 -930 1 0 0 0 1 0 0 0 1 parts/3062b.dat
1 25 610 -192 -930 1 0 0 0 1 0 0 0 1 parts/3062b.dat
1 19 600 -192 -1020 1 0 0 0 1 0 0 0 1 parts/3003.dat
1 25 590 -192 -1050 1 0 0 0 1 0 0 0 1 parts/3062b.dat
1 25 610 -192 -1050 1 0 0 0 1 0 0 0 1 parts/3062b.dat
1 25 590 -192 -1110 1 0 0 0 1 0 0 0 1 parts/3062b.dat
1 25 610 -192 -1110 1 0 0 0 1 0 0 0 1 parts/3062b.dat
0 STEP
0 // step 454: rack 4: 10 pieces at plate 24
1 25 590 -216 -570 1 0 0 0 1 0 0 0 1 parts/3062b.dat
1 25 610 -216 -570 1 0 0 0 1 0 0 0 1 parts/3062b.dat
1 25 590 -216 -690 1 0 0 0 1 0 0 0 1 parts/3062b.dat
1 25 610 -216 -690 1 0 0 0 1 0 0 0 1 parts/3062b.dat
1 28 600 -216 -740 1 0 0 0 1 0 0 0 1 parts/3003.dat
1 25 590 -216 -810 1 0 0 0 1 0 0 0 1 parts/3062b.dat
1 25 610 -216 -810 1 0 0 0 1 0 0 0 1 parts/3062b.dat
1 84 600 -216 -900 1 0 0 0 1 0 0 0 1 parts/3003.dat
1 25 590 -216 -930 1 0 0 0 1 0 0 0 1 parts/3062b.dat
1 25 610 -216 -930 1 0 0 0 1 0 0 0 1 parts/3062b.dat
0 STEP
0 // step 455: rack 4: 5 pieces at plate 24
1 19 600 -216 -1020 1 0 0 0 1 0 0 0 1 parts/3003.dat
1 25 590 -216 -1050 1 0 0 0 1 0 0 0 1 parts/3062b.dat
1 25 610 -216 -1050 1 0 0 0 1 0 0 0 1 parts/3062b.dat
1 25 590 -216 -1110 1 0 0 0 1 0 0 0 1 parts/3062b.dat
1 25 610 -216 -1110 1 0 0 0 1 0 0 0 1 parts/3062b.dat
0 STEP
0 // step 456: rack 4: 10 pieces at plate 27
1 25 600 -224 -580 1 0 0 0 1 0 0 0 1 parts/3022.dat
1 25 600 -224 -620 1 0 0 0 1 0 0 0 1 parts/3022.dat
1 25 600 -224 -660 1 0 0 0 1 0 0 0 1 parts/3022.dat
1 25 600 -224 -700 1 0 0 0 1 0 0 0 1 parts/3022.dat
1 25 600 -224 -740 1 0 0 0 1 0 0 0 1 parts/3022.dat
1 25 600 -224 -780 1 0 0 0 1 0 0 0 1 parts/3022.dat
1 25 600 -224 -820 1 0 0 0 1 0 0 0 1 parts/3022.dat
1 25 600 -224 -860 1 0 0 0 1 0 0 0 1 parts/3022.dat
1 25 600 -224 -900 1 0 0 0 1 0 0 0 1 parts/3022.dat
1 25 600 -224 -940 1 0 0 0 1 0 0 0 1 parts/3022.dat
0 STEP
0 // step 457: rack 4: 4 pieces at plate 27
1 25 600 -224 -980 1 0 0 0 1 0 0 0 1 parts/3022.dat
1 25 600 -224 -1020 1 0 0 0 1 0 0 0 1 parts/3022.dat
1 25 600 -224 -1060 1 0 0 0 1 0 0 0 1 parts/3022.dat
1 25 600 -224 -1100 1 0 0 0 1 0 0 0 1 parts/3022.dat
0 STEP
0 // step 458: rack 4: 10 pieces at plate 28
1 25 600 -232 -570 1 0 0 0 1 0 0 0 1 parts/3023.dat
1 25 600 -232 -600 1 0 0 0 1 0 0 0 1 parts/3022.dat
1 25 600 -232 -640 1 0 0 0 1 0 0 0 1 parts/3022.dat
1 25 600 -232 -680 1 0 0 0 1 0 0 0 1 parts/3022.dat
1 25 600 -232 -720 1 0 0 0 1 0 0 0 1 parts/3022.dat
1 25 600 -232 -760 1 0 0 0 1 0 0 0 1 parts/3022.dat
1 25 600 -232 -800 1 0 0 0 1 0 0 0 1 parts/3022.dat
1 25 600 -232 -840 1 0 0 0 1 0 0 0 1 parts/3022.dat
1 25 600 -232 -880 1 0 0 0 1 0 0 0 1 parts/3022.dat
1 25 600 -232 -920 1 0 0 0 1 0 0 0 1 parts/3022.dat
0 STEP
0 // step 459: rack 4: 5 pieces at plate 28
1 25 600 -232 -960 1 0 0 0 1 0 0 0 1 parts/3022.dat
1 25 600 -232 -1000 1 0 0 0 1 0 0 0 1 parts/3022.dat
1 25 600 -232 -1040 1 0 0 0 1 0 0 0 1 parts/3022.dat
1 25 600 -232 -1080 1 0 0 0 1 0 0 0 1 parts/3022.dat
1 25 600 -232 -1110 1 0 0 0 1 0 0 0 1 parts/3023.dat
0 STEP
0 // step 460: rack 4: 10 pieces at plate 29
1 25 590 -240 -580 0 0 -1 0 1 0 1 0 0 parts/3023.dat
1 25 610 -240 -580 0 0 -1 0 1 0 1 0 0 parts/3023.dat
1 25 590 -240 -640 0 0 -1 0 1 0 1 0 0 parts/3710.dat
1 25 610 -240 -640 0 0 -1 0 1 0 1 0 0 parts/3710.dat
1 25 590 -240 -720 0 0 -1 0 1 0 1 0 0 parts/3710.dat
1 25 610 -240 -720 0 0 -1 0 1 0 1 0 0 parts/3710.dat
1 25 590 -240 -800 0 0 -1 0 1 0 1 0 0 parts/3710.dat
1 25 610 -240 -800 0 0 -1 0 1 0 1 0 0 parts/3710.dat
1 25 590 -240 -880 0 0 -1 0 1 0 1 0 0 parts/3710.dat
1 25 610 -240 -880 0 0 -1 0 1 0 1 0 0 parts/3710.dat
0 STEP
0 // step 461: rack 4: 6 pieces at plate 29
1 25 590 -240 -960 0 0 -1 0 1 0 1 0 0 parts/3710.dat
1 25 610 -240 -960 0 0 -1 0 1 0 1 0 0 parts/3710.dat
1 25 590 -240 -1040 0 0 -1 0 1 0 1 0 0 parts/3710.dat
1 25 610 -240 -1040 0 0 -1 0 1 0 1 0 0 parts/3710.dat
1 25 590 -240 -1100 0 0 -1 0 1 0 1 0 0 parts/3023.dat
1 25 610 -240 -1100 0 0 -1 0 1 0 1 0 0 parts/3023.dat
0 STEP
0 // step 462: rack 4: 8 pieces at plate 30
1 4 600 -264 -620 1 0 0 0 1 0 0 0 1 parts/3003.dat
1 4 600 -264 -660 1 0 0 0 1 0 0 0 1 parts/3003.dat
1 1 600 -264 -740 1 0 0 0 1 0 0 0 1 parts/3003.dat
1 15 600 -264 -780 1 0 0 0 1 0 0 0 1 parts/3003.dat
1 19 600 -264 -860 1 0 0 0 1 0 0 0 1 parts/3003.dat
1 28 600 -264 -900 1 0 0 0 1 0 0 0 1 parts/3003.dat
1 19 600 -264 -980 1 0 0 0 1 0 0 0 1 parts/3003.dat
1 19 600 -264 -1020 1 0 0 0 1 0 0 0 1 parts/3003.dat
0 STEP
0 // step 463: rack 4: 6 pieces at plate 33
1 4 600 -288 -620 1 0 0 0 1 0 0 0 1 parts/3003.dat
1 4 600 -288 -660 1 0 0 0 1 0 0 0 1 parts/3003.dat
1 19 600 -288 -860 1 0 0 0 1 0 0 0 1 parts/3003.dat
1 28 600 -288 -900 1 0 0 0 1 0 0 0 1 parts/3003.dat
1 19 600 -288 -980 1 0 0 0 1 0 0 0 1 parts/3003.dat
1 19 600 -288 -1020 1 0 0 0 1 0 0 0 1 parts/3003.dat
0 STEP
0 // step 464: end cap 4: 3 pieces at plate 0
1 71 590 -24 -510 1 0 0 0 1 0 0 0 1 parts/3062b.dat
1 4 590 -24 -540 0 0 -1 0 1 0 1 0 0 parts/3004.dat
1 4 610 -24 -540 0 0 -1 0 1 0 1 0 0 parts/3004.dat
0 STEP
0 // step 465: end cap 4: 3 pieces at plate 3
1 71 590 -48 -510 1 0 0 0 1 0 0 0 1 parts/3062b.dat
1 4 600 -48 -530 1 0 0 0 1 0 0 0 1 parts/3004.dat
1 4 600 -48 -550 1 0 0 0 1 0 0 0 1 parts/3004.dat
0 STEP
0 // step 466: end cap 4: 3 pieces at plate 6
1 71 590 -72 -510 1 0 0 0 1 0 0 0 1 parts/3062b.dat
1 2 590 -72 -530 1 0 0 0 1 0 0 0 1 parts/3005.dat
1 5 610 -72 -550 1 0 0 0 1 0 0 0 1 parts/3005.dat
0 STEP
0 // step 467: end cap 4: 1 piece at plate 9
1 71 590 -96 -510 1 0 0 0 1 0 0 0 1 parts/3062b.dat
0 STEP
0 // step 468: end cap 4: 1 piece at plate 12
1 71 590 -120 -510 1 0 0 0 1 0 0 0 1 parts/3062b.dat
0 STEP
0 // step 469: end cap 4: 1 piece at plate 15
1 1 600 -128 -510 1 0 0 0 1 0 0 0 1 parts/3710.dat
0 STEP
0 // step 470: end cap 4: 1 piece at plate 16
1 1 600 -136 -510 1 0 0 0 1 0 0 0 1 parts/3710.dat
0 STEP
0 // step 471: end cap 4: 1 piece at plate 17
1 14 590 -144 -510 1 0 0 0 1 0 0 0 1 parts/3024.dat
0 STEP
0 // step 472: rack 5: 10 pieces at plate 0
1 25 730 -24 -570 1 0 0 0 1 0 0 0 1 parts/3062b.dat
1 25 750 -24 -570 1 0 0 0 1 0 0 0 1 parts/3062b.dat
1 15 740 -24 -660 1 0 0 0 1 0 0 0 1 parts/3003.dat
1 25 730 -24 -690 1 0 0 0 1 0 0 0 1 parts/3062b.dat
1 25 750 -24 -690 1 0 0 0 1 0 0 0 1 parts/3062b.dat
1 28 740 -24 -780 1 0 0 0 1 0 0 0 1 parts/3003.dat
1 25 730 -24 -810 1 0 0 0 1 0 0 0 1 parts/3062b.dat
1 25 750 -24 -810 1 0 0 0 1 0 0 0 1 parts/3062b.dat
1 1 740 -24 -860 1 0 0 0 1 0 0 0 1 parts/3003.dat
1 28 740 -24 -900 1 0 0 0 1 0 0 0 1 parts/3003.dat
0 STEP
0 // step 473: rack 5: 8 pieces at plate 0
1 25 730 -24 -930 1 0 0 0 1 0 0 0 1 parts/3062b.dat
1 25 750 -24 -930 1 0 0 0 1 0 0 0 1 parts/3062b.dat
1 4 740 -24 -980 1 0 0 0 1 0 0 0 1 parts/3003.dat
1 28 740 -24 -1020 1 0 0 0 1 0 0 0 1 parts/3003.dat
1 25 730 -24 -1050 1 0 0 0 1 0 0 0 1 parts/3062b.dat
1 25 750 -24 -1050 1 0 0 0 1 0 0 0 1 parts/3062b.dat
1 25 730 -24 -1110 1 0 0 0 1 0 0 0 1 parts/3062b.dat
1 25 750 -24 -1110 1 0 0 0 1 0 0 0 1 parts/3062b.dat
0 STEP
0 // step 474: rack 5: 10 pieces at plate 3
1 25 730 -48 -570 1 0 0 0 1 0 0 0 1 parts/3062b.dat
1 25 750 -48 -570 1 0 0 0 1 0 0 0 1 parts/3062b.dat
1 15 740 -48 -660 1 0 0 0 1 0 0 0 1 parts/3003.dat
1 25 730 -48 -690 1 0 0 0 1 0 0 0 1 parts/3062b.dat
1 25 750 -48 -690 1 0 0 0 1 0 0 0 1 parts/3062b.dat
1 25 730 -48 -810 1 0 0 0 1 0 0 0 1 parts/3062b.dat
1 25 750 -48 -810 1 0 0 0 1 0 0 0 1 parts/3062b.dat
1 1 740 -48 -860 1 0 0 0 1 0 0 0 1 parts/3003.dat
1 25 730 -48 -930 1 0 0 0 1 0 0 0 1 parts/3062b.dat
1 25 750 -48 -930 1 0 0 0 1 0 0 0 1 parts/3062b.dat
0 STEP
0 // step 475: rack 5: 6 pieces at plate 3
1 4 740 -48 -980 1 0 0 0 1 0 0 0 1 parts/3003.dat
1 28 740 -48 -1020 1 0 0 0 1 0 0 0 1 parts/3003.dat
1 25 730 -48 -1050 1 0 0 0 1 0 0 0 1 parts/3062b.dat
1 25 750 -48 -1050 1 0 0 0 1 0 0 0 1 parts/3062b.dat
1 25 730 -48 -1110 1 0 0 0 1 0 0 0 1 parts/3062b.dat
1 25 750 -48 -1110 1 0 0 0 1 0 0 0 1 parts/3062b.dat
0 STEP
0 // step 476: rack 5: 10 pieces at plate 6
1 25 730 -72 -570 1 0 0 0 1 0 0 0 1 parts/3062b.dat
1 25 750 -72 -570 1 0 0 0 1 0 0 0 1 parts/3062b.dat
1 25 730 -72 -690 1 0 0 0 1 0 0 0 1 parts/3062b.dat
1 25 750 -72 -690 1 0 0 0 1 0 0 0 1 parts/3062b.dat
1 25 730 -72 -810 1 0 0 0 1 0 0 0 1 parts/3062b.dat
1 25 750 -72 -810 1 0 0 0 1 0 0 0 1 parts/3062b.dat
1 25 730 -72 -930 1 0 0 0 1 0 0 0 1 parts/3062b.dat
1 25 750 -72 -930 1 0 0 0 1 0 0 0 1 parts/3062b.dat
1 25 730 -72 -1050 1 0 0 0 1 0 0 0 1 parts/3062b.dat
1 25 750 -72 -1050 1 0 0 0 1 0 0 0 1 parts/3062b.dat
0 STEP
0 // step 477: rack 5: 2 pieces at plate 6
1 25 730 -72 -1110 1 0 0 0 1 0 0 0 1 parts/3062b.dat
1 25 750 -72 -1110 1 0 0 0 1 0 0 0 1 parts/3062b.dat
0 STEP
0 // step 478: rack 5: 10 pieces at plate 9
1 25 740 -80 -580 1 0 0 0 1 0 0 0 1 parts/3022.dat
1 25 740 -80 -620 1 0 0 0 1 0 0 0 1 parts/3022.dat
1 25 740 -80 -660 1 0 0 0 1 0 0 0 1 parts/3022.dat
1 25 740 -80 -700 1 0 0 0 1 0 0 0 1 parts/3022.dat
1 25 740 -80 -740 1 0 0 0 1 0 0 0 1 parts/3022.dat
1 25 740 -80 -780 1 0 0 0 1 0 0 0 1 parts/3022.dat
1 25 740 -80 -820 1 0 0 0 1 0 0 0 1 parts/3022.dat
1 25 740 -80 -860 1 0 0 0 1 0 0 0 1 parts/3022.dat
1 25 740 -80 -900 1 0 0 0 1 0 0 0 1 parts/3022.dat
1 25 740 -80 -940 1 0 0 0 1 0 0 0 1 parts/3022.dat
0 STEP
0 // step 479: rack 5: 4 pieces at plate 9
1 25 740 -80 -980 1 0 0 0 1 0 0 0 1 parts/3022.dat
1 25 740 -80 -1020 1 0 0 0 1 0 0 0 1 parts/3022.dat
1 25 740 -80 -1060 1 0 0 0 1 0 0 0 1 parts/3022.dat
1 25 740 -80 -1100 1 0 0 0 1 0 0 0 1 parts/3022.dat
0 STEP
0 // step 480: rack 5: 10 pieces at plate 10
1 25 740 -88 -570 1 0 0 0 1 0 0 0 1 parts/3023.dat
1 25 740 -88 -600 1 0 0 0 1 0 0 0 1 parts/3022.dat
1 25 740 -88 -640 1 0 0 0 1 0 0 0 1 parts/3022.dat
1 25 740 -88 -680 1 0 0 0 1 0 0 0 1 parts/3022.dat
1 25 740 -88 -720 1 0 0 0 1 0 0 0 1 parts/3022.dat
1 25 740 -88 -760 1 0 0 0 1 0 0 0 1 parts/3022.dat
1 25 740 -88 -800 1 0 0 0 1 0 0 0 1 parts/3022.dat
1 25 740 -88 -840 1 0 0 0 1 0 0 0 1 parts/3022.dat
1 25 740 -88 -880 1 0 0 0 1 0 0 0 1 parts/3022.dat
1 25 740 -88 -920 1 0 0 0 1 0 0 0 1 parts/3022.dat
0 STEP
0 // step 481: rack 5: 5 pieces at plate 10
1 25 740 -88 -960 1 0 0 0 1 0 0 0 1 parts/3022.dat
1 25 740 -88 -1000 1 0 0 0 1 0 0 0 1 parts/3022.dat
1 25 740 -88 -1040 1 0 0 0 1 0 0 0 1 parts/3022.dat
1 25 740 -88 -1080 1 0 0 0 1 0 0 0 1 parts/3022.dat
1 25 740 -88 -1110 1 0 0 0 1 0 0 0 1 parts/3023.dat
0 STEP
0 // step 482: rack 5: 10 pieces at plate 11
1 25 730 -96 -580 0 0 -1 0 1 0 1 0 0 parts/3023.dat
1 25 750 -96 -580 0 0 -1 0 1 0 1 0 0 parts/3023.dat
1 25 730 -96 -640 0 0 -1 0 1 0 1 0 0 parts/3710.dat
1 25 750 -96 -640 0 0 -1 0 1 0 1 0 0 parts/3710.dat
1 25 730 -96 -720 0 0 -1 0 1 0 1 0 0 parts/3710.dat
1 25 750 -96 -720 0 0 -1 0 1 0 1 0 0 parts/3710.dat
1 25 730 -96 -800 0 0 -1 0 1 0 1 0 0 parts/3710.dat
1 25 750 -96 -800 0 0 -1 0 1 0 1 0 0 parts/3710.dat
1 25 730 -96 -880 0 0 -1 0 1 0 1 0 0 parts/3710.dat
1 25 750 -96 -880 0 0 -1 0 1 0 1 0 0 parts/3710.dat
0 STEP
0 // step 483: rack 5: 6 pieces at plate 11
1 25 730 -96 -960 0 0 -1 0 1 0 1 0 0 parts/3710.dat
1 25 750 -96 -960 0 0 -1 0 1 0 1 0 0 parts/3710.dat
1 25 730 -96 -1040 0 0 -1 0 1 0 1 0 0 parts/3710.dat
1 25 750 -96 -1040 0 0 -1 0 1 0 1 0 0 parts/3710.dat
1 25 730 -96 -1100 0 0 -1 0 1 0 1 0 0 parts/3023.dat
1 25 750 -96 -1100 0 0 -1 0 1 0 1 0 0 parts/3023.dat
0 STEP
0 // step 484: rack 5: 10 pieces at plate 12
1 25 730 -120 -570 1 0 0 0 1 0 0 0 1 parts/3062b.dat
1 25 750 -120 -570 1 0 0 0 1 0 0 0 1 parts/3062b.dat
1 19 740 -120 -620 1 0 0 0 1 0 0 0 1 parts/3003.dat
1 25 730 -120 -690 1 0 0 0 1 0 0 0 1 parts/3062b.dat
1 25 750 -120 -690 1 0 0 0 1 0 0 0 1 parts/3062b.dat
1 84 740 -120 -740 1 0 0 0 1 0 0 0 1 parts/3003.dat
1 25 730 -120 -810 1 0 0 0 1 0 0 0 1 parts/3062b.dat
1 25 750 -120 -810 1 0 0 0 1 0 0 0 1 parts/3062b.dat
1 19 740 -120 -900 1 0 0 0 1 0 0 0 1 parts/3003.dat
1 25 730 -120 -930 1 0 0 0 1 0 0 0 1 parts/3062b.dat
0 STEP
0 // step 485: rack 5: 7 pieces at plate 12
1 25 750 -120 -930 1 0 0 0 1 0 0 0 1 parts/3062b.dat
1 19 740 -120 -980 1 0 0 0 1 0 0 0 1 parts/3003.dat
1 19 740 -120 -1020 1 0 0 0 1 0 0 0 1 parts/3003.dat
1 25 730 -120 -1050 1 0 0 0 1 0 0 0 1 parts/3062b.dat
1 25 750 -120 -1050 1 0 0 0 1 0 0 0 1 parts/3062b.dat
1 25 730 -120 -1110 1 0 0 0 1 0 0 0 1 parts/3062b.dat
1 25 750 -120 -1110 1 0 0 0 1 0 0 0 1 parts/3062b.dat
0 STEP
0 // step 486: rack 5: 10 pieces at plate 15
1 25 730 -144 -570 1 0 0 0 1 0 0 0 1 parts/3062b.dat
1 25 750 -144 -570 1 0 0 0 1 0 0 0 1 parts/3062b.dat
1 19 740 -144 -620 1 0 0 0 1 0 0 0 1 parts/3003.dat
1 25 730 -144 -690 1 0 0 0 1 0 0 0 1 parts/3062b.dat
1 25 750 -144 -690 1 0 0 0 1 0 0 0 1 parts/3062b.dat
1 84 740 -144 -740 1 0 0 0 1 0 0 0 1 parts/3003.dat
1 25 730 -144 -810 1 0 0 0 1 0 0 0 1 parts/3062b.dat
1 25 750 -144 -810 1 0 0 0 1 0 0 0 1 parts/3062b.dat
1 19 740 -144 -900 1 0 0 0 1 0 0 0 1 parts/3003.dat
1 25 730 -144 -930 1 0 0 0 1 0 0 0 1 parts/3062b.dat
0 STEP
0 // step 487: rack 5: 6 pieces at plate 15
1 25 750 -144 -930 1 0 0 0 1 0 0 0 1 parts/3062b.dat
1 19 740 -144 -1020 1 0 0 0 1 0 0 0 1 parts/3003.dat
1 25 730 -144 -1050 1 0 0 0 1 0 0 0 1 parts/3062b.dat
1 25 750 -144 -1050 1 0 0 0 1 0 0 0 1 parts/3062b.dat
1 25 730 -144 -1110 1 0 0 0 1 0 0 0 1 parts/3062b.dat
1 25 750 -144 -1110 1 0 0 0 1 0 0 0 1 parts/3062b.dat
0 STEP
0 // step 488: rack 5: 10 pieces at plate 18
1 25 740 -152 -580 1 0 0 0 1 0 0 0 1 parts/3022.dat
1 25 740 -152 -620 1 0 0 0 1 0 0 0 1 parts/3022.dat
1 25 740 -152 -660 1 0 0 0 1 0 0 0 1 parts/3022.dat
1 25 740 -152 -700 1 0 0 0 1 0 0 0 1 parts/3022.dat
1 25 740 -152 -740 1 0 0 0 1 0 0 0 1 parts/3022.dat
1 25 740 -152 -780 1 0 0 0 1 0 0 0 1 parts/3022.dat
1 25 740 -152 -820 1 0 0 0 1 0 0 0 1 parts/3022.dat
1 25 740 -152 -860 1 0 0 0 1 0 0 0 1 parts/3022.dat
1 25 740 -152 -900 1 0 0 0 1 0 0 0 1 parts/3022.dat
1 25 740 -152 -940 1 0 0 0 1 0 0 0 1 parts/3022.dat
0 STEP
0 // step 489: rack 5: 4 pieces at plate 18
1 25 740 -152 -980 1 0 0 0 1 0 0 0 1 parts/3022.dat
1 25 740 -152 -1020 1 0 0 0 1 0 0 0 1 parts/3022.dat
1 25 740 -152 -1060 1 0 0 0 1 0 0 0 1 parts/3022.dat
1 25 740 -152 -1100 1 0 0 0 1 0 0 0 1 parts/3022.dat
0 STEP
0 // step 490: rack 5: 10 pieces at plate 19
1 25 740 -160 -570 1 0 0 0 1 0 0 0 1 parts/3023.dat
1 25 740 -160 -600 1 0 0 0 1 0 0 0 1 parts/3022.dat
1 25 740 -160 -640 1 0 0 0 1 0 0 0 1 parts/3022.dat
1 25 740 -160 -680 1 0 0 0 1 0 0 0 1 parts/3022.dat
1 25 740 -160 -720 1 0 0 0 1 0 0 0 1 parts/3022.dat
1 25 740 -160 -760 1 0 0 0 1 0 0 0 1 parts/3022.dat
1 25 740 -160 -800 1 0 0 0 1 0 0 0 1 parts/3022.dat
1 25 740 -160 -840 1 0 0 0 1 0 0 0 1 parts/3022.dat
1 25 740 -160 -880 1 0 0 0 1 0 0 0 1 parts/3022.dat
1 25 740 -160 -920 1 0 0 0 1 0 0 0 1 parts/3022.dat
0 STEP
0 // step 491: rack 5: 5 pieces at plate 19
1 25 740 -160 -960 1 0 0 0 1 0 0 0 1 parts/3022.dat
1 25 740 -160 -1000 1 0 0 0 1 0 0 0 1 parts/3022.dat
1 25 740 -160 -1040 1 0 0 0 1 0 0 0 1 parts/3022.dat
1 25 740 -160 -1080 1 0 0 0 1 0 0 0 1 parts/3022.dat
1 25 740 -160 -1110 1 0 0 0 1 0 0 0 1 parts/3023.dat
0 STEP
0 // step 492: rack 5: 10 pieces at plate 20
1 25 730 -168 -580 0 0 -1 0 1 0 1 0 0 parts/3023.dat
1 25 750 -168 -580 0 0 -1 0 1 0 1 0 0 parts/3023.dat
1 25 730 -168 -640 0 0 -1 0 1 0 1 0 0 parts/3710.dat
1 25 750 -168 -640 0 0 -1 0 1 0 1 0 0 parts/3710.dat
1 25 730 -168 -720 0 0 -1 0 1 0 1 0 0 parts/3710.dat
1 25 750 -168 -720 0 0 -1 0 1 0 1 0 0 parts/3710.dat
1 25 730 -168 -800 0 0 -1 0 1 0 1 0 0 parts/3710.dat
1 25 750 -168 -800 0 0 -1 0 1 0 1 0 0 parts/3710.dat
1 25 730 -168 -880 0 0 -1 0 1 0 1 0 0 parts/3710.dat
1 25 750 -168 -880 0 0 -1 0 1 0 1 0 0 parts/3710.dat
0 STEP
0 // step 493: rack 5: 6 pieces at plate 20
1 25 730 -168 -960 0 0 -1 0 1 0 1 0 0 parts/3710.dat
1 25 750 -168 -960 0 0 -1 0 1 0 1 0 0 parts/3710.dat
1 25 730 -168 -1040 0 0 -1 0 1 0 1 0 0 parts/3710.dat
1 25 750 -168 -1040 0 0 -1 0 1 0 1 0 0 parts/3710.dat
1 25 730 -168 -1100 0 0 -1 0 1 0 1 0 0 parts/3023.dat
1 25 750 -168 -1100 0 0 -1 0 1 0 1 0 0 parts/3023.dat
0 STEP
0 // step 494: rack 5: 10 pieces at plate 21
1 25 730 -192 -570 1 0 0 0 1 0 0 0 1 parts/3062b.dat
1 25 750 -192 -570 1 0 0 0 1 0 0 0 1 parts/3062b.dat
1 28 740 -192 -620 1 0 0 0 1 0 0 0 1 parts/3003.dat
1 28 740 -192 -660 1 0 0 0 1 0 0 0 1 parts/3003.dat
1 25 730 -192 -690 1 0 0 0 1 0 0 0 1 parts/3062b.dat
1 25 750 -192 -690 1 0 0 0 1 0 0 0 1 parts/3062b.dat
1 19 740 -192 -780 1 0 0 0 1 0 0 0 1 parts/3003.dat
1 25 730 -192 -810 1 0 0 0 1 0 0 0 1 parts/3062b.dat
1 25 750 -192 -810 1 0 0 0 1 0 0 0 1 parts/3062b.dat
1 84 740 -192 -860 1 0 0 0 1 0 0 0 1 parts/3003.dat
0 STEP
0 // step 495: rack 5: 9 pieces at plate 21
1 19 740 -192 -900 1 0 0 0 1 0 0 0 1 parts/3003.dat
1 25 730 -192 -930 1 0 0 0 1 0 0 0 1 parts/3062b.dat
1 25 750 -192 -930 1 0 0 0 1 0 0 0 1 parts/3062b.dat
1 28 740 -192 -980 1 0 0 0 1 0 0 0 1 parts/3003.dat
1 4 740 -192 -1020 1 0 0 0 1 0 0 0 1 parts/3003.dat
1 25 730 -192 -1050 1 0 0 0 1 0 0 0 1 parts/3062b.dat
1 25 750 -192 -1050 1 0 0 0 1 0 0 0 1 parts/3062b.dat
1 25 730 -192 -1110 1 0 0 0 1 0 0 0 1 parts/3062b.dat
1 25 750 -192 -1110 1 0 0 0 1 0 0 0 1 parts/3062b.dat
0 STEP
0 // step 496: rack 5: 10 pieces at plate 24
1 25 730 -216 -570 1 0 0 0 1 0 0 0 1 parts/3062b.dat
1 25 750 -216 -570 1 0 0 0 1 0 0 0 1 parts/3062b.dat
1 28 740 -216 -620 1 0 0 0 1 0 0 0 1 parts/3003.dat
1 25 730 -216 -690 1 0 0 0 1 0 0 0 1 parts/3062b.dat
1 25 750 -216 -690 1 0 0 0 1 0 0 0 1 parts/3062b.dat
1 19 740 -216 -780 1 0 0 0 1 0 0 0 1 parts/3003.dat
1 25 730 -216 -810 1 0 0 0 1 0 0 0 1 parts/3062b.dat
1 25 750 -216 -810 1 0 0 0 1 0 0 0 1 parts/3062b.dat
1 84 740 -216 -860 1 0 0 0 1 0 0 0 1 parts/3003.dat
1 19 740 -216 -900 1 0 0 0 1 0 0 0 1 parts/3003.dat
0 STEP
0 // step 497: rack 5: 7 pieces at plate 24
1 25 730 -216 -930 1 0 0 0 1 0 0 0 1 parts/3062b.dat
1 25 750 -216 -930 1 0 0 0 1 0 0 0 1 parts/3062b.dat
1 28 740 -216 -980 1 0 0 0 1 0 0 0 1 parts/3003.dat
1 25 730 -216 -1050 1 0 0 0 1 0 0 0 1 parts/3062b.dat
1 25 750 -216 -1050 1 0 0 0 1 0 0 0 1 parts/3062b.dat
1 25 730 -216 -1110 1 0 0 0 1 0 0 0 1 parts/3062b.dat
1 25 750 -216 -1110 1 0 0 0 1 0 0 0 1 parts/3062b.dat
0 STEP
0 // step 498: rack 5: 10 pieces at plate 27
1 25 740 -224 -580 1 0 0 0 1 0 0 0 1 parts/3022.dat
1 25 740 -224 -620 1 0 0 0 1 0 0 0 1 parts/3022.dat
1 25 740 -224 -660 1 0 0 0 1 0 0 0 1 parts/3022.dat
1 25 740 -224 -700 1 0 0 0 1 0 0 0 1 parts/3022.dat
1 25 740 -224 -740 1 0 0 0 1 0 0 0 1 parts/3022.dat
1 25 740 -224 -780 1 0 0 0 1 0 0 0 1 parts/3022.dat
1 25 740 -224 -820 1 0 0 0 1 0 0 0 1 parts/3022.dat
1 25 740 -224 -860 1 0 0 0 1 0 0 0 1 parts/3022.dat
1 25 740 -224 -900 1 0 0 0 1 0 0 0 1 parts/3022.dat
1 25 740 -224 -940 1 0 0 0 1 0 0 0 1 parts/3022.dat
0 STEP
0 // step 499: rack 5: 4 pieces at plate 27
1 25 740 -224 -980 1 0 0 0 1 0 0 0 1 parts/3022.dat
1 25 740 -224 -1020 1 0 0 0 1 0 0 0 1 parts/3022.dat
1 25 740 -224 -1060 1 0 0 0 1 0 0 0 1 parts/3022.dat
1 25 740 -224 -1100 1 0 0 0 1 0 0 0 1 parts/3022.dat
0 STEP
0 // step 500: rack 5: 10 pieces at plate 28
1 25 740 -232 -570 1 0 0 0 1 0 0 0 1 parts/3023.dat
1 25 740 -232 -600 1 0 0 0 1 0 0 0 1 parts/3022.dat
1 25 740 -232 -640 1 0 0 0 1 0 0 0 1 parts/3022.dat
1 25 740 -232 -680 1 0 0 0 1 0 0 0 1 parts/3022.dat
1 25 740 -232 -720 1 0 0 0 1 0 0 0 1 parts/3022.dat
1 25 740 -232 -760 1 0 0 0 1 0 0 0 1 parts/3022.dat
1 25 740 -232 -800 1 0 0 0 1 0 0 0 1 parts/3022.dat
1 25 740 -232 -840 1 0 0 0 1 0 0 0 1 parts/3022.dat
1 25 740 -232 -880 1 0 0 0 1 0 0 0 1 parts/3022.dat
1 25 740 -232 -920 1 0 0 0 1 0 0 0 1 parts/3022.dat
0 STEP
0 // step 501: rack 5: 5 pieces at plate 28
1 25 740 -232 -960 1 0 0 0 1 0 0 0 1 parts/3022.dat
1 25 740 -232 -1000 1 0 0 0 1 0 0 0 1 parts/3022.dat
1 25 740 -232 -1040 1 0 0 0 1 0 0 0 1 parts/3022.dat
1 25 740 -232 -1080 1 0 0 0 1 0 0 0 1 parts/3022.dat
1 25 740 -232 -1110 1 0 0 0 1 0 0 0 1 parts/3023.dat
0 STEP
0 // step 502: rack 5: 10 pieces at plate 29
1 25 730 -240 -580 0 0 -1 0 1 0 1 0 0 parts/3023.dat
1 25 750 -240 -580 0 0 -1 0 1 0 1 0 0 parts/3023.dat
1 25 730 -240 -640 0 0 -1 0 1 0 1 0 0 parts/3710.dat
1 25 750 -240 -640 0 0 -1 0 1 0 1 0 0 parts/3710.dat
1 25 730 -240 -720 0 0 -1 0 1 0 1 0 0 parts/3710.dat
1 25 750 -240 -720 0 0 -1 0 1 0 1 0 0 parts/3710.dat
1 25 730 -240 -800 0 0 -1 0 1 0 1 0 0 parts/3710.dat
1 25 750 -240 -800 0 0 -1 0 1 0 1 0 0 parts/3710.dat
1 25 730 -240 -880 0 0 -1 0 1 0 1 0 0 parts/3710.dat
1 25 750 -240 -880 0 0 -1 0 1 0 1 0 0 parts/3710.dat
0 STEP
0 // step 503: rack 5: 6 pieces at plate 29
1 25 730 -240 -960 0 0 -1 0 1 0 1 0 0 parts/3710.dat
1 25 750 -240 -960 0 0 -1 0 1 0 1 0 0 parts/3710.dat
1 25 730 -240 -1040 0 0 -1 0 1 0 1 0 0 parts/3710.dat
1 25 750 -240 -1040 0 0 -1 0 1 0 1 0 0 parts/3710.dat
1 25 730 -240 -1100 0 0 -1 0 1 0 1 0 0 parts/3023.dat
1 25 750 -240 -1100 0 0 -1 0 1 0 1 0 0 parts/3023.dat
0 STEP
0 // step 504: rack 5: 5 pieces at plate 30
1 84 740 -264 -660 1 0 0 0 1 0 0 0 1 parts/3003.dat
1 19 740 -264 -780 1 0 0 0 1 0 0 0 1 parts/3003.dat
1 19 740 -264 -860 1 0 0 0 1 0 0 0 1 parts/3003.dat
1 1 740 -264 -900 1 0 0 0 1 0 0 0 1 parts/3003.dat
1 15 740 -264 -980 1 0 0 0 1 0 0 0 1 parts/3003.dat
0 STEP
0 // step 505: rack 5: 4 pieces at plate 33
1 84 740 -288 -660 1 0 0 0 1 0 0 0 1 parts/3003.dat
1 19 740 -288 -780 1 0 0 0 1 0 0 0 1 parts/3003.dat
1 1 740 -288 -900 1 0 0 0 1 0 0 0 1 parts/3003.dat
1 15 740 -288 -980 1 0 0 0 1 0 0 0 1 parts/3003.dat
0 STEP
0 // step 506: end cap 5: 2 pieces at plate 0
1 71 730 -24 -510 1 0 0 0 1 0 0 0 1 parts/3062b.dat
1 4 740 -24 -540 1 0 0 0 1 0 0 0 1 parts/3003.dat
0 STEP
0 // step 507: end cap 5: 5 pieces at plate 3
1 71 730 -48 -510 1 0 0 0 1 0 0 0 1 parts/3062b.dat
1 4 730 -48 -530 1 0 0 0 1 0 0 0 1 parts/3005.dat
1 4 750 -48 -530 1 0 0 0 1 0 0 0 1 parts/3005.dat
1 4 730 -48 -550 1 0 0 0 1 0 0 0 1 parts/3005.dat
1 4 750 -48 -550 1 0 0 0 1 0 0 0 1 parts/3005.dat
0 STEP
0 // step 508: end cap 5: 3 pieces at plate 6
1 71 730 -72 -510 1 0 0 0 1 0 0 0 1 parts/3062b.dat
1 25 730 -72 -530 1 0 0 0 1 0 0 0 1 parts/3005.dat
1 322 750 -72 -550 1 0 0 0 1 0 0 0 1 parts/3005.dat
0 STEP
0 // step 509: end cap 5: 1 piece at plate 9
1 71 730 -96 -510 1 0 0 0 1 0 0 0 1 parts/3062b.dat
0 STEP
0 // step 510: end cap 5: 1 piece at plate 12
1 71 730 -120 -510 1 0 0 0 1 0 0 0 1 parts/3062b.dat
0 STEP
0 // step 511: end cap 5: 1 piece at plate 15
1 1 740 -128 -510 1 0 0 0 1 0 0 0 1 parts/3710.dat
0 STEP
0 // step 512: end cap 5: 1 piece at plate 16
1 1 740 -136 -510 1 0 0 0 1 0 0 0 1 parts/3710.dat
0 STEP
0 // step 513: end cap 5: 1 piece at plate 17
1 14 730 -144 -510 1 0 0 0 1 0 0 0 1 parts/3024.dat
0 STEP
0 // step 514: rack 6: 10 pieces at plate 0
1 25 870 -24 -570 1 0 0 0 1 0 0 0 1 parts/3062b.dat
1 25 890 -24 -570 1 0 0 0 1 0 0 0 1 parts/3062b.dat
1 19 880 -24 -660 1 0 0 0 1 0 0 0 1 parts/3003.dat
1 25 870 -24 -690 1 0 0 0 1 0 0 0 1 parts/3062b.dat
1 25 890 -24 -690 1 0 0 0 1 0 0 0 1 parts/3062b.dat
1 84 880 -24 -740 1 0 0 0 1 0 0 0 1 parts/3003.dat
1 25 870 -24 -810 1 0 0 0 1 0 0 0 1 parts/3062b.dat
1 25 890 -24 -810 1 0 0 0 1 0 0 0 1 parts/3062b.dat
1 15 880 -24 -860 1 0 0 0 1 0 0 0 1 parts/3003.dat
1 1 880 -24 -900 1 0 0 0 1 0 0 0 1 parts/3003.dat
0 STEP
0 // step 515: rack 6: 8 pieces at plate 0
1 25 870 -24 -930 1 0 0 0 1 0 0 0 1 parts/3062b.dat
1 25 890 -24 -930 1 0 0 0 1 0 0 0 1 parts/3062b.dat
1 28 880 -24 -980 1 0 0 0 1 0 0 0 1 parts/3003.dat
1 15 880 -24 -1020 1 0 0 0 1 0 0 0 1 parts/3003.dat
1 25 870 -24 -1050 1 0 0 0 1 0 0 0 1 parts/3062b.dat
1 25 890 -24 -1050 1 0 0 0 1 0 0 0 1 parts/3062b.dat
1 25 870 -24 -1110 1 0 0 0 1 0 0 0 1 parts/3062b.dat
1 25 890 -24 -1110 1 0 0 0 1 0 0 0 1 parts/3062b.dat
0 STEP
0 // step 516: rack 6: 10 pieces at plate 3
1 25 870 -48 -570 1 0 0 0 1 0 0 0 1 parts/3062b.dat
1 25 890 -48 -570 1 0 0 0 1 0 0 0 1 parts/3062b.dat
1 19 880 -48 -660 1 0 0 0 1 0 0 0 1 parts/3003.dat
1 25 870 -48 -690 1 0 0 0 1 0 0 0 1 parts/3062b.dat
1 25 890 -48 -690 1 0 0 0 1 0 0 0 1 parts/3062b.dat
1 84 880 -48 -740 1 0 0 0 1 0 0 0 1 parts/3003.dat
1 25 870 -48 -810 1 0 0 0 1 0 0 0 1 parts/3062b.dat
1 25 890 -48 -810 1 0 0 0 1 0 0 0 1 parts/3062b.dat
1 15 880 -48 -860 1 0 0 0 1 0 0 0 1 parts/3003.dat
1 1 880 -48 -900 1 0 0 0 1 0 0 0 1 parts/3003.dat
0 STEP
0 // step 517: rack 6: 8 pieces at plate 3
1 25 870 -48 -930 1 0 0 0 1 0 0 0 1 parts/3062b.dat
1 25 890 -48 -930 1 0 0 0 1 0 0 0 1 parts/3062b.dat
1 28 880 -48 -980 1 0 0 0 1 0 0 0 1 parts/3003.dat
1 15 880 -48 -1020 1 0 0 0 1 0 0 0 1 parts/3003.dat
1 25 870 -48 -1050 1 0 0 0 1 0 0 0 1 parts/3062b.dat
1 25 890 -48 -1050 1 0 0 0 1 0 0 0 1 parts/3062b.dat
1 25 870 -48 -1110 1 0 0 0 1 0 0 0 1 parts/3062b.dat
1 25 890 -48 -1110 1 0 0 0 1 0 0 0 1 parts/3062b.dat
0 STEP
0 // step 518: rack 6: 10 pieces at plate 6
1 25 870 -72 -570 1 0 0 0 1 0 0 0 1 parts/3062b.dat
1 25 890 -72 -570 1 0 0 0 1 0 0 0 1 parts/3062b.dat
1 25 870 -72 -690 1 0 0 0 1 0 0 0 1 parts/3062b.dat
1 25 890 -72 -690 1 0 0 0 1 0 0 0 1 parts/3062b.dat
1 25 870 -72 -810 1 0 0 0 1 0 0 0 1 parts/3062b.dat
1 25 890 -72 -810 1 0 0 0 1 0 0 0 1 parts/3062b.dat
1 25 870 -72 -930 1 0 0 0 1 0 0 0 1 parts/3062b.dat
1 25 890 -72 -930 1 0 0 0 1 0 0 0 1 parts/3062b.dat
1 25 870 -72 -1050 1 0 0 0 1 0 0 0 1 parts/3062b.dat
1 25 890 -72 -1050 1 0 0 0 1 0 0 0 1 parts/3062b.dat
0 STEP
0 // step 519: rack 6: 2 pieces at plate 6
1 25 870 -72 -1110 1 0 0 0 1 0 0 0 1 parts/3062b.dat
1 25 890 -72 -1110 1 0 0 0 1 0 0 0 1 parts/3062b.dat
0 STEP
0 // step 520: rack 6: 10 pieces at plate 9
1 25 880 -80 -580 1 0 0 0 1 0 0 0 1 parts/3022.dat
1 25 880 -80 -620 1 0 0 0 1 0 0 0 1 parts/3022.dat
1 25 880 -80 -660 1 0 0 0 1 0 0 0 1 parts/3022.dat
1 25 880 -80 -700 1 0 0 0 1 0 0 0 1 parts/3022.dat
1 25 880 -80 -740 1 0 0 0 1 0 0 0 1 parts/3022.dat
1 25 880 -80 -780 1 0 0 0 1 0 0 0 1 parts/3022.dat
1 25 880 -80 -820 1 0 0 0 1 0 0 0 1 parts/3022.dat
1 25 880 -80 -860 1 0 0 0 1 0 0 0 1 parts/3022.dat
1 25 880 -80 -900 1 0 0 0 1 0 0 0 1 parts/3022.dat
1 25 880 -80 -940 1 0 0 0 1 0 0 0 1 parts/3022.dat
0 STEP
0 // step 521: rack 6: 4 pieces at plate 9
1 25 880 -80 -980 1 0 0 0 1 0 0 0 1 parts/3022.dat
1 25 880 -80 -1020 1 0 0 0 1 0 0 0 1 parts/3022.dat
1 25 880 -80 -1060 1 0 0 0 1 0 0 0 1 parts/3022.dat
1 25 880 -80 -1100 1 0 0 0 1 0 0 0 1 parts/3022.dat
0 STEP
0 // step 522: rack 6: 10 pieces at plate 10
1 25 880 -88 -570 1 0 0 0 1 0 0 0 1 parts/3023.dat
1 25 880 -88 -600 1 0 0 0 1 0 0 0 1 parts/3022.dat
1 25 880 -88 -640 1 0 0 0 1 0 0 0 1 parts/3022.dat
1 25 880 -88 -680 1 0 0 0 1 0 0 0 1 parts/3022.dat
1 25 880 -88 -720 1 0 0 0 1 0 0 0 1 parts/3022.dat
1 25 880 -88 -760 1 0 0 0 1 0 0 0 1 parts/3022.dat
1 25 880 -88 -800 1 0 0 0 1 0 0 0 1 parts/3022.dat
1 25 880 -88 -840 1 0 0 0 1 0 0 0 1 parts/3022.dat
1 25 880 -88 -880 1 0 0 0 1 0 0 0 1 parts/3022.dat
1 25 880 -88 -920 1 0 0 0 1 0 0 0 1 parts/3022.dat
0 STEP
0 // step 523: rack 6: 5 pieces at plate 10
1 25 880 -88 -960 1 0 0 0 1 0 0 0 1 parts/3022.dat
1 25 880 -88 -1000 1 0 0 0 1 0 0 0 1 parts/3022.dat
1 25 880 -88 -1040 1 0 0 0 1 0 0 0 1 parts/3022.dat
1 25 880 -88 -1080 1 0 0 0 1 0 0 0 1 parts/3022.dat
1 25 880 -88 -1110 1 0 0 0 1 0 0 0 1 parts/3023.dat
0 STEP
0 // step 524: rack 6: 10 pieces at plate 11
1 25 870 -96 -580 0 0 -1 0 1 0 1 0 0 parts/3023.dat
1 25 890 -96 -580 0 0 -1 0 1 0 1 0 0 parts/3023.dat
1 25 870 -96 -640 0 0 -1 0 1 0 1 0 0 parts/3710.dat
1 25 890 -96 -640 0 0 -1 0 1 0 1 0 0 parts/3710.dat
1 25 870 -96 -720 0 0 -1 0 1 0 1 0 0 parts/3710.dat
1 25 890 -96 -720 0 0 -1 0 1 0 1 0 0 parts/3710.dat
1 25 870 -96 -800 0 0 -1 0 1 0 1 0 0 parts/3710.dat
1 25 890 -96 -800 0 0 -1 0 1 0 1 0 0 parts/3710.dat
1 25 870 -96 -880 0 0 -1 0 1 0 1 0 0 parts/3710.dat
1 25 890 -96 -880 0 0 -1 0 1 0 1 0 0 parts/3710.dat
0 STEP
0 // step 525: rack 6: 6 pieces at plate 11
1 25 870 -96 -960 0 0 -1 0 1 0 1 0 0 parts/3710.dat
1 25 890 -96 -960 0 0 -1 0 1 0 1 0 0 parts/3710.dat
1 25 870 -96 -1040 0 0 -1 0 1 0 1 0 0 parts/3710.dat
1 25 890 -96 -1040 0 0 -1 0 1 0 1 0 0 parts/3710.dat
1 25 870 -96 -1100 0 0 -1 0 1 0 1 0 0 parts/3023.dat
1 25 890 -96 -1100 0 0 -1 0 1 0 1 0 0 parts/3023.dat
0 STEP
0 // step 526: rack 6: 10 pieces at plate 12
1 25 870 -120 -570 1 0 0 0 1 0 0 0 1 parts/3062b.dat
1 25 890 -120 -570 1 0 0 0 1 0 0 0 1 parts/3062b.dat
1 28 880 -120 -660 1 0 0 0 1 0 0 0 1 parts/3003.dat
1 25 870 -120 -690 1 0 0 0 1 0 0 0 1 parts/3062b.dat
1 25 890 -120 -690 1 0 0 0 1 0 0 0 1 parts/3062b.dat
1 28 880 -120 -740 1 0 0 0 1 0 0 0 1 parts/3003.dat
1 28 880 -120 -780 1 0 0 0 1 0 0 0 1 parts/3003.dat
1 25 870 -120 -810 1 0 0 0 1 0 0 0 1 parts/3062b.dat
1 25 890 -120 -810 1 0 0 0 1 0 0 0 1 parts/3062b.dat
1 84 880 -120 -860 1 0 0 0 1 0 0 0 1 parts/3003.dat
0 STEP
0 // step 527: rack 6: 9 pieces at plate 12
1 15 880 -120 -900 1 0 0 0 1 0 0 0 1 parts/3003.dat
1 25 870 -120 -930 1 0 0 0 1 0 0 0 1 parts/3062b.dat
1 25 890 -120 -930 1 0 0 0 1 0 0 0 1 parts/3062b.dat
1 84 880 -120 -980 1 0 0 0 1 0 0 0 1 parts/3003.dat
1 19 880 -120 -1020 1 0 0 0 1 0 0 0 1 parts/3003.dat
1 25 870 -120 -1050 1 0 0 0 1 0 0 0 1 parts/3062b.dat
1 25 890 -120 -1050 1 0 0 0 1 0 0 0 1 parts/3062b.dat
1 25 870 -120 -1110 1 0 0 0 1 0 0 0 1 parts/3062b.dat
1 25 890 -120 -1110 1 0 0 0 1 0 0 0 1 parts/3062b.dat
0 STEP
0 // step 528: rack 6: 10 pieces at plate 15
1 25 870 -144 -570 1 0 0 0 1 0 0 0 1 parts/3062b.dat
1 25 890 -144 -570 1 0 0 0 1 0 0 0 1 parts/3062b.dat
1 28 880 -144 -660 1 0 0 0 1 0 0 0 1 parts/3003.dat
1 25 870 -144 -690 1 0 0 0 1 0 0 0 1 parts/3062b.dat
1 25 890 -144 -690 1 0 0 0 1 0 0 0 1 parts/3062b.dat
1 28 880 -144 -740 1 0 0 0 1 0 0 0 1 parts/3003.dat
1 25 870 -144 -810 1 0 0 0 1 0 0 0 1 parts/3062b.dat
1 25 890 -144 -810 1 0 0 0 1 0 0 0 1 parts/3062b.dat
1 15 880 -144 -900 1 0 0 0 1 0 0 0 1 parts/3003.dat
1 25 870 -144 -930 1 0 0 0 1 0 0 0 1 parts/3062b.dat
0 STEP
0 // step 529: rack 6: 6 pieces at plate 15
1 25 890 -144 -930 1 0 0 0 1 0 0 0 1 parts/3062b.dat
1 84 880 -144 -980 1 0 0 0 1 0 0 0 1 parts/3003.dat
1 25 870 -144 -1050 1 0 0 0 1 0 0 0 1 parts/3062b.dat
1 25 890 -144 -1050 1 0 0 0 1 0 0 0 1 parts/3062b.dat
1 25 870 -144 -1110 1 0 0 0 1 0 0 0 1 parts/3062b.dat
1 25 890 -144 -1110 1 0 0 0 1 0 0 0 1 parts/3062b.dat
0 STEP
0 // step 530: rack 6: 10 pieces at plate 18
1 25 880 -152 -580 1 0 0 0 1 0 0 0 1 parts/3022.dat
1 25 880 -152 -620 1 0 0 0 1 0 0 0 1 parts/3022.dat
1 25 880 -152 -660 1 0 0 0 1 0 0 0 1 parts/3022.dat
1 25 880 -152 -700 1 0 0 0 1 0 0 0 1 parts/3022.dat
1 25 880 -152 -740 1 0 0 0 1 0 0 0 1 parts/3022.dat
1 25 880 -152 -780 1 0 0 0 1 0 0 0 1 parts/3022.dat
1 25 880 -152 -820 1 0 0 0 1 0 0 0 1 parts/3022.dat
1 25 880 -152 -860 1 0 0 0 1 0 0 0 1 parts/3022.dat
1 25 880 -152 -900 1 0 0 0 1 0 0 0 1 parts/3022.dat
1 25 880 -152 -940 1 0 0 0 1 0 0 0 1 parts/3022.dat
0 STEP
0 // step 531: rack 6: 4 pieces at plate 18
1 25 880 -152 -980 1 0 0 0 1 0 0 0 1 parts/3022.dat
1 25 880 -152 -1020 1 0 0 0 1 0 0 0 1 parts/3022.dat
1 25 880 -152 -1060 1 0 0 0 1 0 0 0 1 parts/3022.dat
1 25 880 -152 -1100 1 0 0 0 1 0 0 0 1 parts/3022.dat
0 STEP
0 // step 532: rack 6: 10 pieces at plate 19
1 25 880 -160 -570 1 0 0 0 1 0 0 0 1 parts/3023.dat
1 25 880 -160 -600 1 0 0 0 1 0 0 0 1 parts/3022.dat
1 25 880 -160 -640 1 0 0 0 1 0 0 0 1 parts/3022.dat
1 25 880 -160 -680 1 0 0 0 1 0 0 0 1 parts/3022.dat
1 25 880 -160 -720 1 0 0 0 1 0 0 0 1 parts/3022.dat
1 25 880 -160 -760 1 0 0 0 1 0 0 0 1 parts/3022.dat
1 25 880 -160 -800 1 0 0 0 1 0 0 0 1 parts/3022.dat
1 25 880 -160 -840 1 0 0 0 1 0 0 0 1 parts/3022.dat
1 25 880 -160 -880 1 0 0 0 1 0 0 0 1 parts/3022.dat
1 25 880 -160 -920 1 0 0 0 1 0 0 0 1 parts/3022.dat
0 STEP
0 // step 533: rack 6: 5 pieces at plate 19
1 25 880 -160 -960 1 0 0 0 1 0 0 0 1 parts/3022.dat
1 25 880 -160 -1000 1 0 0 0 1 0 0 0 1 parts/3022.dat
1 25 880 -160 -1040 1 0 0 0 1 0 0 0 1 parts/3022.dat
1 25 880 -160 -1080 1 0 0 0 1 0 0 0 1 parts/3022.dat
1 25 880 -160 -1110 1 0 0 0 1 0 0 0 1 parts/3023.dat
0 STEP
0 // step 534: rack 6: 10 pieces at plate 20
1 25 870 -168 -580 0 0 -1 0 1 0 1 0 0 parts/3023.dat
1 25 890 -168 -580 0 0 -1 0 1 0 1 0 0 parts/3023.dat
1 25 870 -168 -640 0 0 -1 0 1 0 1 0 0 parts/3710.dat
1 25 890 -168 -640 0 0 -1 0 1 0 1 0 0 parts/3710.dat
1 25 870 -168 -720 0 0 -1 0 1 0 1 0 0 parts/3710.dat
1 25 890 -168 -720 0 0 -1 0 1 0 1 0 0 parts/3710.dat
1 25 870 -168 -800 0 0 -1 0 1 0 1 0 0 parts/3710.dat
1 25 890 -168 -800 0 0 -1 0 1 0 1 0 0 parts/3710.dat
1 25 870 -168 -880 0 0 -1 0 1 0 1 0 0 parts/3710.dat
1 25 890 -168 -880 0 0 -1 0 1 0 1 0 0 parts/3710.dat
0 STEP
0 // step 535: rack 6: 6 pieces at plate 20
1 25 870 -168 -960 0 0 -1 0 1 0 1 0 0 parts/3710.dat
1 25 890 -168 -960 0 0 -1 0 1 0 1 0 0 parts/3710.dat
1 25 870 -168 -1040 0 0 -1 0 1 0 1 0 0 parts/3710.dat
1 25 890 -168 -1040 0 0 -1 0 1 0 1 0 0 parts/3710.dat
1 25 870 -168 -1100 0 0 -1 0 1 0 1 0 0 parts/3023.dat
1 25 890 -168 -1100 0 0 -1 0 1 0 1 0 0 parts/3023.dat
0 STEP
0 // step 536: rack 6: 10 pieces at plate 21
1 25 870 -192 -570 1 0 0 0 1 0 0 0 1 parts/3062b.dat
1 25 890 -192 -570 1 0 0 0 1 0 0 0 1 parts/3062b.dat
1 15 880 -192 -620 1 0 0 0 1 0 0 0 1 parts/3003.dat
1 19 880 -192 -660 1 0 0 0 1 0 0 0 1 parts/3003.dat
1 25 870 -192 -690 1 0 0 0 1 0 0 0 1 parts/3062b.dat
1 25 890 -192 -690 1 0 0 0 1 0 0 0 1 parts/3062b.dat
1 1 880 -192 -740 1 0 0 0 1 0 0 0 1 parts/3003.dat
1 25 870 -192 -810 1 0 0 0 1 0 0 0 1 parts/3062b.dat
1 25 890 -192 -810 1 0 0 0 1 0 0 0 1 parts/3062b.dat
1 1 880 -192 -900 1 0 0 0 1 0 0 0 1 parts/3003.dat
0 STEP
0 // step 537: rack 6: 7 pieces at plate 21
1 25 870 -192 -930 1 0 0 0 1 0 0 0 1 parts/3062b.dat
1 25 890 -192 -930 1 0 0 0 1 0 0 0 1 parts/3062b.dat
1 4 880 -192 -980 1 0 0 0 1 0 0 0 1 parts/3003.dat
1 25 870 -192 -1050 1 0 0 0 1 0 0 0 1 parts/3062b.dat
1 25 890 -192 -1050 1 0 0 0 1 0 0 0 1 parts/3062b.dat
1 25 870 -192 -1110 1 0 0 0 1 0 0 0 1 parts/3062b.dat
1 25 890 -192 -1110 1 0 0 0 1 0 0 0 1 parts/3062b.dat
0 STEP
0 // step 538: rack 6: 10 pieces at plate 24
1 25 870 -216 -570 1 0 0 0 1 0 0 0 1 parts/3062b.dat
1 25 890 -216 -570 1 0 0 0 1 0 0 0 1 parts/3062b.dat
1 25 870 -216 -690 1 0 0 0 1 0 0 0 1 parts/3062b.dat
1 25 890 -216 -690 1 0 0 0 1 0 0 0 1 parts/3062b.dat
1 25 870 -216 -810 1 0 0 0 1 0 0 0 1 parts/3062b.dat
1 25 890 -216 -810 1 0 0 0 1 0 0 0 1 parts/3062b.dat
1 1 880 -216 -900 1 0 0 0 1 0 0 0 1 parts/3003.dat
1 25 870 -216 -930 1 0 0 0 1 0 0 0 1 parts/3062b.dat
1 25 890 -216 -930 1 0 0 0 1 0 0 0 1 parts/3062b.dat
1 4 880 -216 -980 1 0 0 0 1 0 0 0 1 parts/3003.dat
0 STEP
0 // step 539: rack 6: 4 pieces at plate 24
1 25 870 -216 -1050 1 0 0 0 1 0 0 0 1 parts/3062b.dat
1 25 890 -216 -1050 1 0 0 0 1 0 0 0 1 parts/3062b.dat
1 25 870 -216 -1110 1 0 0 0 1 0 0 0 1 parts/3062b.dat
1 25 890 -216 -1110 1 0 0 0 1 0 0 0 1 parts/3062b.dat
0 STEP
0 // step 540: rack 6: 10 pieces at plate 27
1 25 880 -224 -580 1 0 0 0 1 0 0 0 1 parts/3022.dat
1 25 880 -224 -620 1 0 0 0 1 0 0 0 1 parts/3022.dat
1 25 880 -224 -660 1 0 0 0 1 0 0 0 1 parts/3022.dat
1 25 880 -224 -700 1 0 0 0 1 0 0 0 1 parts/3022.dat
1 25 880 -224 -740 1 0 0 0 1 0 0 0 1 parts/3022.dat
1 25 880 -224 -780 1 0 0 0 1 0 0 0 1 parts/3022.dat
1 25 880 -224 -820 1 0 0 0 1 0 0 0 1 parts/3022.dat
1 25 880 -224 -860 1 0 0 0 1 0 0 0 1 parts/3022.dat
1 25 880 -224 -900 1 0 0 0 1 0 0 0 1 parts/3022.dat
1 25 880 -224 -940 1 0 0 0 1 0 0 0 1 parts/3022.dat
0 STEP
0 // step 541: rack 6: 4 pieces at plate 27
1 25 880 -224 -980 1 0 0 0 1 0 0 0 1 parts/3022.dat
1 25 880 -224 -1020 1 0 0 0 1 0 0 0 1 parts/3022.dat
1 25 880 -224 -1060 1 0 0 0 1 0 0 0 1 parts/3022.dat
1 25 880 -224 -1100 1 0 0 0 1 0 0 0 1 parts/3022.dat
0 STEP
0 // step 542: rack 6: 10 pieces at plate 28
1 25 880 -232 -570 1 0 0 0 1 0 0 0 1 parts/3023.dat
1 25 880 -232 -600 1 0 0 0 1 0 0 0 1 parts/3022.dat
1 25 880 -232 -640 1 0 0 0 1 0 0 0 1 parts/3022.dat
1 25 880 -232 -680 1 0 0 0 1 0 0 0 1 parts/3022.dat
1 25 880 -232 -720 1 0 0 0 1 0 0 0 1 parts/3022.dat
1 25 880 -232 -760 1 0 0 0 1 0 0 0 1 parts/3022.dat
1 25 880 -232 -800 1 0 0 0 1 0 0 0 1 parts/3022.dat
1 25 880 -232 -840 1 0 0 0 1 0 0 0 1 parts/3022.dat
1 25 880 -232 -880 1 0 0 0 1 0 0 0 1 parts/3022.dat
1 25 880 -232 -920 1 0 0 0 1 0 0 0 1 parts/3022.dat
0 STEP
0 // step 543: rack 6: 5 pieces at plate 28
1 25 880 -232 -960 1 0 0 0 1 0 0 0 1 parts/3022.dat
1 25 880 -232 -1000 1 0 0 0 1 0 0 0 1 parts/3022.dat
1 25 880 -232 -1040 1 0 0 0 1 0 0 0 1 parts/3022.dat
1 25 880 -232 -1080 1 0 0 0 1 0 0 0 1 parts/3022.dat
1 25 880 -232 -1110 1 0 0 0 1 0 0 0 1 parts/3023.dat
0 STEP
0 // step 544: rack 6: 10 pieces at plate 29
1 25 870 -240 -580 0 0 -1 0 1 0 1 0 0 parts/3023.dat
1 25 890 -240 -580 0 0 -1 0 1 0 1 0 0 parts/3023.dat
1 25 870 -240 -640 0 0 -1 0 1 0 1 0 0 parts/3710.dat
1 25 890 -240 -640 0 0 -1 0 1 0 1 0 0 parts/3710.dat
1 25 870 -240 -720 0 0 -1 0 1 0 1 0 0 parts/3710.dat
1 25 890 -240 -720 0 0 -1 0 1 0 1 0 0 parts/3710.dat
1 25 870 -240 -800 0 0 -1 0 1 0 1 0 0 parts/3710.dat
1 25 890 -240 -800 0 0 -1 0 1 0 1 0 0 parts/3710.dat
1 25 870 -240 -880 0 0 -1 0 1 0 1 0 0 parts/3710.dat
1 25 890 -240 -880 0 0 -1 0 1 0 1 0 0 parts/3710.dat
0 STEP
0 // step 545: rack 6: 6 pieces at plate 29
1 25 870 -240 -960 0 0 -1 0 1 0 1 0 0 parts/3710.dat
1 25 890 -240 -960 0 0 -1 0 1 0 1 0 0 parts/3710.dat
1 25 870 -240 -1040 0 0 -1 0 1 0 1 0 0 parts/3710.dat
1 25 890 -240 -1040 0 0 -1 0 1 0 1 0 0 parts/3710.dat
1 25 870 -240 -1100 0 0 -1 0 1 0 1 0 0 parts/3023.dat
1 25 890 -240 -1100 0 0 -1 0 1 0 1 0 0 parts/3023.dat
0 STEP
0 // step 546: rack 6: 8 pieces at plate 30
1 4 880 -264 -620 1 0 0 0 1 0 0 0 1 parts/3003.dat
1 19 880 -264 -660 1 0 0 0 1 0 0 0 1 parts/3003.dat
1 19 880 -264 -740 1 0 0 0 1 0 0 0 1 parts/3003.dat
1 28 880 -264 -780 1 0 0 0 1 0 0 0 1 parts/3003.dat
1 15 880 -264 -860 1 0 0 0 1 0 0 0 1 parts/3003.dat
1 19 880 -264 -900 1 0 0 0 1 0 0 0 1 parts/3003.dat
1 4 880 -264 -980 1 0 0 0 1 0 0 0 1 parts/3003.dat
1 1 880 -264 -1020 1 0 0 0 1 0 0 0 1 parts/3003.dat
0 STEP
0 // step 547: rack 6: 7 pieces at plate 33
1 4 880 -288 -620 1 0 0 0 1 0 0 0 1 parts/3003.dat
1 19 880 -288 -660 1 0 0 0 1 0 0 0 1 parts/3003.dat
1 19 880 -288 -740 1 0 0 0 1 0 0 0 1 parts/3003.dat
1 28 880 -288 -780 1 0 0 0 1 0 0 0 1 parts/3003.dat
1 15 880 -288 -860 1 0 0 0 1 0 0 0 1 parts/3003.dat
1 4 880 -288 -980 1 0 0 0 1 0 0 0 1 parts/3003.dat
1 1 880 -288 -1020 1 0 0 0 1 0 0 0 1 parts/3003.dat
0 STEP
0 // step 548: end cap 6: 3 pieces at plate 0
1 71 870 -24 -510 1 0 0 0 1 0 0 0 1 parts/3062b.dat
1 4 870 -24 -540 0 0 -1 0 1 0 1 0 0 parts/3004.dat
1 4 890 -24 -540 0 0 -1 0 1 0 1 0 0 parts/3004.dat
0 STEP
0 // step 549: end cap 6: 3 pieces at plate 3
1 71 870 -48 -510 1 0 0 0 1 0 0 0 1 parts/3062b.dat
1 4 880 -48 -530 1 0 0 0 1 0 0 0 1 parts/3004.dat
1 4 880 -48 -550 1 0 0 0 1 0 0 0 1 parts/3004.dat
0 STEP
0 // step 550: end cap 6: 3 pieces at plate 6
1 71 870 -72 -510 1 0 0 0 1 0 0 0 1 parts/3062b.dat
1 15 870 -72 -530 1 0 0 0 1 0 0 0 1 parts/3005.dat
1 27 890 -72 -550 1 0 0 0 1 0 0 0 1 parts/3005.dat
0 STEP
0 // step 551: end cap 6: 1 piece at plate 9
1 71 870 -96 -510 1 0 0 0 1 0 0 0 1 parts/3062b.dat
0 STEP
0 // step 552: end cap 6: 1 piece at plate 12
1 71 870 -120 -510 1 0 0 0 1 0 0 0 1 parts/3062b.dat
0 STEP
0 // step 553: end cap 6: 1 piece at plate 15
1 1 880 -128 -510 1 0 0 0 1 0 0 0 1 parts/3710.dat
0 STEP
0 // step 554: end cap 6: 1 piece at plate 16
1 1 880 -136 -510 1 0 0 0 1 0 0 0 1 parts/3710.dat
0 STEP
0 // step 555: end cap 6: 1 piece at plate 17
1 14 870 -144 -510 1 0 0 0 1 0 0 0 1 parts/3024.dat
0 STEP
0 // step 556: rack 7: 10 pieces at plate 0
1 25 1010 -24 -570 1 0 0 0 1 0 0 0 1 parts/3062b.dat
1 25 1030 -24 -570 1 0 0 0 1 0 0 0 1 parts/3062b.dat
1 1 1020 -24 -660 1 0 0 0 1 0 0 0 1 parts/3003.dat
1 25 1010 -24 -690 1 0 0 0 1 0 0 0 1 parts/3062b.dat
1 25 1030 -24 -690 1 0 0 0 1 0 0 0 1 parts/3062b.dat
1 4 1020 -24 -780 1 0 0 0 1 0 0 0 1 parts/3003.dat
1 25 1010 -24 -810 1 0 0 0 1 0 0 0 1 parts/3062b.dat
1 25 1030 -24 -810 1 0 0 0 1 0 0 0 1 parts/3062b.dat
1 19 1020 -24 -900 1 0 0 0 1 0 0 0 1 parts/3003.dat
1 25 1010 -24 -930 1 0 0 0 1 0 0 0 1 parts/3062b.dat
0 STEP
0 // step 557: rack 7: 7 pieces at plate 0
1 25 1030 -24 -930 1 0 0 0 1 0 0 0 1 parts/3062b.dat
1 1 1020 -24 -980 1 0 0 0 1 0 0 0 1 parts/3003.dat
1 4 1020 -24 -1020 1 0 0 0 1 0 0 0 1 parts/3003.dat
1 25 1010 -24 -1050 1 0 0 0 1 0 0 0 1 parts/3062b.dat
1 25 1030 -24 -1050 1 0 0 0 1 0 0 0 1 parts/3062b.dat
1 25 1010 -24 -1110 1 0 0 0 1 0 0 0 1 parts/3062b.dat
1 25 1030 -24 -1110 1 0 0 0 1 0 0 0 1 parts/3062b.dat
0 STEP
0 // step 558: rack 7: 10 pieces at plate 3
1 25 1010 -48 -570 1 0 0 0 1 0 0 0 1 parts/3062b.dat
1 25 1030 -48 -570 1 0 0 0 1 0 0 0 1 parts/3062b.dat
1 1 1020 -48 -660 1 0 0 0 1 0 0 0 1 parts/3003.dat
1 25 1010 -48 -690 1 0 0 0 1 0 0 0 1 parts/3062b.dat
1 25 1030 -48 -690 1 0 0 0 1 0 0 0 1 parts/3062b.dat
1 25 1010 -48 -810 1 0 0 0 1 0 0 0 1 parts/3062b.dat
1 25 1030 -48 -810 1 0 0 0 1 0 0 0 1 parts/3062b.dat
1 19 1020 -48 -900 1 0 0 0 1 0 0 0 1 parts/3003.dat
1 25 1010 -48 -930 1 0 0 0 1 0 0 0 1 parts/3062b.dat
1 25 1030 -48 -930 1 0 0 0 1 0 0 0 1 parts/3062b.dat
0 STEP
0 // step 559: rack 7: 4 pieces at plate 3
1 25 1010 -48 -1050 1 0 0 0 1 0 0 0 1 parts/3062b.dat
1 25 1030 -48 -1050 1 0 0 0 1 0 0 0 1 parts/3062b.dat
1 25 1010 -48 -1110 1 0 0 0 1 0 0 0 1 parts/3062b.dat
1 25 1030 -48 -1110 1 0 0 0 1 0 0 0 1 parts/3062b.dat
0 STEP
0 // step 560: rack 7: 10 pieces at plate 6
1 25 1010 -72 -570 1 0 0 0 1 0 0 0 1 parts/3062b.dat
1 25 1030 -72 -570 1 0 0 0 1 0 0 0 1 parts/3062b.dat
1 25 1010 -72 -690 1 0 0 0 1 0 0 0 1 parts/3062b.dat
1 25 1030 -72 -690 1 0 0 0 1 0 0 0 1 parts/3062b.dat
1 25 1010 -72 -810 1 0 0 0 1 0 0 0 1 parts/3062b.dat
1 25 1030 -72 -810 1 0 0 0 1 0 0 0 1 parts/3062b.dat
1 25 1010 -72 -930 1 0 0 0 1 0 0 0 1 parts/3062b.dat
1 25 1030 -72 -930 1 0 0 0 1 0 0 0 1 parts/3062b.dat
1 25 1010 -72 -1050 1 0 0 0 1 0 0 0 1 parts/3062b.dat
1 25 1030 -72 -1050 1 0 0 0 1 0 0 0 1 parts/3062b.dat
0 STEP
0 // step 561: rack 7: 2 pieces at plate 6
1 25 1010 -72 -1110 1 0 0 0 1 0 0 0 1 parts/3062b.dat
1 25 1030 -72 -1110 1 0 0 0 1 0 0 0 1 parts/3062b.dat
0 STEP
0 // step 562: rack 7: 10 pieces at plate 9
1 25 1020 -80 -580 1 0 0 0 1 0 0 0 1 parts/3022.dat
1 25 1020 -80 -620 1 0 0 0 1 0 0 0 1 parts/3022.dat
1 25 1020 -80 -660 1 0 0 0 1 0 0 0 1 parts/3022.dat
1 25 1020 -80 -700 1 0 0 0 1 0 0 0 1 parts/3022.dat
1 25 1020 -80 -740 1 0 0 0 1 0 0 0 1 parts/3022.dat
1 25 1020 -80 -780 1 0 0 0 1 0 0 0 1 parts/3022.dat
1 25 1020 -80 -820 1 0 0 0 1 0 0 0 1 parts/3022.dat
1 25 1020 -80 -860 1 0 0 0 1 0 0 0 1 parts/3022.dat
1 25 1020 -80 -900 1 0 0 0 1 0 0 0 1 parts/3022.dat
1 25 1020 -80 -940 1 0 0 0 1 0 0 0 1 parts/3022.dat
0 STEP
0 // step 563: rack 7: 4 pieces at plate 9
1 25 1020 -80 -980 1 0 0 0 1 0 0 0 1 parts/3022.dat
1 25 1020 -80 -1020 1 0 0 0 1 0 0 0 1 parts/3022.dat
1 25 1020 -80 -1060 1 0 0 0 1 0 0 0 1 parts/3022.dat
1 25 1020 -80 -1100 1 0 0 0 1 0 0 0 1 parts/3022.dat
0 STEP
0 // step 564: rack 7: 10 pieces at plate 10
1 25 1020 -88 -570 1 0 0 0 1 0 0 0 1 parts/3023.dat
1 25 1020 -88 -600 1 0 0 0 1 0 0 0 1 parts/3022.dat
1 25 1020 -88 -640 1 0 0 0 1 0 0 0 1 parts/3022.dat
1 25 1020 -88 -680 1 0 0 0 1 0 0 0 1 parts/3022.dat
1 25 1020 -88 -720 1 0 0 0 1 0 0 0 1 parts/3022.dat
1 25 1020 -88 -760 1 0 0 0 1 0 0 0 1 parts/3022.dat
1 25 1020 -88 -800 1 0 0 0 1 0 0 0 1 parts/3022.dat
1 25 1020 -88 -840 1 0 0 0 1 0 0 0 1 parts/3022.dat
1 25 1020 -88 -880 1 0 0 0 1 0 0 0 1 parts/3022.dat
1 25 1020 -88 -920 1 0 0 0 1 0 0 0 1 parts/3022.dat
0 STEP
0 // step 565: rack 7: 5 pieces at plate 10
1 25 1020 -88 -960 1 0 0 0 1 0 0 0 1 parts/3022.dat
1 25 1020 -88 -1000 1 0 0 0 1 0 0 0 1 parts/3022.dat
1 25 1020 -88 -1040 1 0 0 0 1 0 0 0 1 parts/3022.dat
1 25 1020 -88 -1080 1 0 0 0 1 0 0 0 1 parts/3022.dat
1 25 1020 -88 -1110 1 0 0 0 1 0 0 0 1 parts/3023.dat
0 STEP
0 // step 566: rack 7: 10 pieces at plate 11
1 25 1010 -96 -580 0 0 -1 0 1 0 1 0 0 parts/3023.dat
1 25 1030 -96 -580 0 0 -1 0 1 0 1 0 0 parts/3023.dat
1 25 1010 -96 -640 0 0 -1 0 1 0 1 0 0 parts/3710.dat
1 25 1030 -96 -640 0 0 -1 0 1 0 1 0 0 parts/3710.dat
1 25 1010 -96 -720 0 0 -1 0 1 0 1 0 0 parts/3710.dat
1 25 1030 -96 -720 0 0 -1 0 1 0 1 0 0 parts/3710.dat
1 25 1010 -96 -800 0 0 -1 0 1 0 1 0 0 parts/3710.dat
1 25 1030 -96 -800 0 0 -1 0 1 0 1 0 0 parts/3710.dat
1 25 1010 -96 -880 0 0 -1 0 1 0 1 0 0 parts/3710.dat
1 25 1030 -96 -880 0 0 -1 0 1 0 1 0 0 parts/3710.dat
0 STEP
0 // step 567: rack 7: 6 pieces at plate 11
1 25 1010 -96 -960 0 0 -1 0 1 0 1 0 0 parts/3710.dat
1 25 1030 -96 -960 0 0 -1 0 1 0 1 0 0 parts/3710.dat
1 25 1010 -96 -1040 0 0 -1 0 1 0 1 0 0 parts/3710.dat
1 25 1030 -96 -1040 0 0 -1 0 1 0 1 0 0 parts/3710.dat
1 25 1010 -96 -1100 0 0 -1 0 1 0 1 0 0 parts/3023.dat
1 25 1030 -96 -1100 0 0 -1 0 1 0 1 0 0 parts/3023.dat
0 STEP
0 // step 568: rack 7: 10 pieces at plate 12
1 25 1010 -120 -570 1 0 0 0 1 0 0 0 1 parts/3062b.dat
1 25 1030 -120 -570 1 0 0 0 1 0 0 0 1 parts/3062b.dat
1 28 1020 -120 -620 1 0 0 0 1 0 0 0 1 parts/3003.dat
1 1 1020 -120 -660 1 0 0 0 1 0 0 0 1 parts/3003.dat
1 25 1010 -120 -690 1 0 0 0 1 0 0 0 1 parts/3062b.dat
1 25 1030 -120 -690 1 0 0 0 1 0 0 0 1 parts/3062b.dat
1 28 1020 -120 -740 1 0 0 0 1 0 0 0 1 parts/3003.dat
1 15 1020 -120 -780 1 0 0 0 1 0 0 0 1 parts/3003.dat
1 25 1010 -120 -810 1 0 0 0 1 0 0 0 1 parts/3062b.dat
1 25 1030 -120 -810 1 0 0 0 1 0 0 0 1 parts/3062b.dat
0 STEP
0 // step 569: rack 7: 9 pieces at plate 12
1 19 1020 -120 -860 1 0 0 0 1 0 0 0 1 parts/3003.dat
1 19 1020 -120 -900 1 0 0 0 1 0 0 0 1 parts/3003.dat
1 25 1010 -120 -930 1 0 0 0 1 0 0 0 1 parts/3062b.dat
1 25 1030 -120 -930 1 0 0 0 1 0 0 0 1 parts/3062b.dat
1 19 1020 -120 -980 1 0 0 0 1 0 0 0 1 parts/3003.dat
1 25 1010 -120 -1050 1 0 0 0 1 0 0 0 1 parts/3062b.dat
1 25 1030 -120 -1050 1 0 0 0 1 0 0 0 1 parts/3062b.dat
1 25 1010 -120 -1110 1 0 0 0 1 0 0 0 1 parts/3062b.dat
1 25 1030 -120 -1110 1 0 0 0 1 0 0 0 1 parts/3062b.dat
0 STEP
0 // step 570: rack 7: 10 pieces at plate 15
1 25 1010 -144 -570 1 0 0 0 1 0 0 0 1 parts/3062b.dat
1 25 1030 -144 -570 1 0 0 0 1 0 0 0 1 parts/3062b.dat
1 28 1020 -144 -620 1 0 0 0 1 0 0 0 1 parts/3003.dat
1 25 1010 -144 -690 1 0 0 0 1 0 0 0 1 parts/3062b.dat
1 25 1030 -144 -690 1 0 0 0 1 0 0 0 1 parts/3062b.dat
1 15 1020 -144 -780 1 0 0 0 1 0 0 0 1 parts/3003.dat
1 25 1010 -144 -810 1 0 0 0 1 0 0 0 1 parts/3062b.dat
1 25 1030 -144 -810 1 0 0 0 1 0 0 0 1 parts/3062b.dat
1 19 1020 -144 -860 1 0 0 0 1 0 0 0 1 parts/3003.dat
1 19 1020 -144 -900 1 0 0 0 1 0 0 0 1 parts/3003.dat
0 STEP
0 // step 571: rack 7: 7 pieces at plate 15
1 25 1010 -144 -930 1 0 0 0 1 0 0 0 1 parts/3062b.dat
1 25 1030 -144 -930 1 0 0 0 1 0 0 0 1 parts/3062b.dat
1 19 1020 -144 -980 1 0 0 0 1 0 0 0 1 parts/3003.dat
1 25 1010 -144 -1050 1 0 0 0 1 0 0 0 1 parts/3062b.dat
1 25 1030 -144 -1050 1 0 0 0 1 0 0 0 1 parts/3062b.dat
1 25 1010 -144 -1110 1 0 0 0 1 0 0 0 1 parts/3062b.dat
1 25 1030 -144 -1110 1 0 0 0 1 0 0 0 1 parts/3062b.dat
0 STEP
0 // step 572: rack 7: 10 pieces at plate 18
1 25 1020 -152 -580 1 0 0 0 1 0 0 0 1 parts/3022.dat
1 25 1020 -152 -620 1 0 0 0 1 0 0 0 1 parts/3022.dat
1 25 1020 -152 -660 1 0 0 0 1 0 0 0 1 parts/3022.dat
1 25 1020 -152 -700 1 0 0 0 1 0 0 0 1 parts/3022.dat
1 25 1020 -152 -740 1 0 0 0 1 0 0 0 1 parts/3022.dat
1 25 1020 -152 -780 1 0 0 0 1 0 0 0 1 parts/3022.dat
1 25 1020 -152 -820 1 0 0 0 1 0 0 0 1 parts/3022.dat
1 25 1020 -152 -860 1 0 0 0 1 0 0 0 1 parts/3022.dat
1 25 1020 -152 -900 1 0 0 0 1 0 0 0 1 parts/3022.dat
1 25 1020 -152 -940 1 0 0 0 1 0 0 0 1 parts/3022.dat
0 STEP
0 // step 573: rack 7: 4 pieces at plate 18
1 25 1020 -152 -980 1 0 0 0 1 0 0 0 1 parts/3022.dat
1 25 1020 -152 -1020 1 0 0 0 1 0 0 0 1 parts/3022.dat
1 25 1020 -152 -1060 1 0 0 0 1 0 0 0 1 parts/3022.dat
1 25 1020 -152 -1100 1 0 0 0 1 0 0 0 1 parts/3022.dat
0 STEP
0 // step 574: rack 7: 10 pieces at plate 19
1 25 1020 -160 -570 1 0 0 0 1 0 0 0 1 parts/3023.dat
1 25 1020 -160 -600 1 0 0 0 1 0 0 0 1 parts/3022.dat
1 25 1020 -160 -640 1 0 0 0 1 0 0 0 1 parts/3022.dat
1 25 1020 -160 -680 1 0 0 0 1 0 0 0 1 parts/3022.dat
1 25 1020 -160 -720 1 0 0 0 1 0 0 0 1 parts/3022.dat
1 25 1020 -160 -760 1 0 0 0 1 0 0 0 1 parts/3022.dat
1 25 1020 -160 -800 1 0 0 0 1 0 0 0 1 parts/3022.dat
1 25 1020 -160 -840 1 0 0 0 1 0 0 0 1 parts/3022.dat
1 25 1020 -160 -880 1 0 0 0 1 0 0 0 1 parts/3022.dat
1 25 1020 -160 -920 1 0 0 0 1 0 0 0 1 parts/3022.dat
0 STEP
0 // step 575: rack 7: 5 pieces at plate 19
1 25 1020 -160 -960 1 0 0 0 1 0 0 0 1 parts/3022.dat
1 25 1020 -160 -1000 1 0 0 0 1 0 0 0 1 parts/3022.dat
1 25 1020 -160 -1040 1 0 0 0 1 0 0 0 1 parts/3022.dat
1 25 1020 -160 -1080 1 0 0 0 1 0 0 0 1 parts/3022.dat
1 25 1020 -160 -1110 1 0 0 0 1 0 0 0 1 parts/3023.dat
0 STEP
0 // step 576: rack 7: 10 pieces at plate 20
1 25 1010 -168 -580 0 0 -1 0 1 0 1 0 0 parts/3023.dat
1 25 1030 -168 -580 0 0 -1 0 1 0 1 0 0 parts/3023.dat
1 25 1010 -168 -640 0 0 -1 0 1 0 1 0 0 parts/3710.dat
1 25 1030 -168 -640 0 0 -1 0 1 0 1 0 0 parts/3710.dat
1 25 1010 -168 -720 0 0 -1 0 1 0 1 0 0 parts/3710.dat
1 25 1030 -168 -720 0 0 -1 0 1 0 1 0 0 parts/3710.dat
1 25 1010 -168 -800 0 0 -1 0 1 0 1 0 0 parts/3710.dat
1 25 1030 -168 -800 0 0 -1 0 1 0 1 0 0 parts/3710.dat
1 25 1010 -168 -880 0 0 -1 0 1 0 1 0 0 parts/3710.dat
1 25 1030 -168 -880 0 0 -1 0 1 0 1 0 0 parts/3710.dat
0 STEP
0 // step 577: rack 7: 6 pieces at plate 20
1 25 1010 -168 -960 0 0 -1 0 1 0 1 0 0 parts/3710.dat
1 25 1030 -168 -960 0 0 -1 0 1 0 1 0 0 parts/3710.dat
1 25 1010 -168 -1040 0 0 -1 0 1 0 1 0 0 parts/3710.dat
1 25 1030 -168 -1040 0 0 -1 0 1 0 1 0 0 parts/3710.dat
1 25 1010 -168 -1100 0 0 -1 0 1 0 1 0 0 parts/3023.dat
1 25 1030 -168 -1100 0 0 -1 0 1 0 1 0 0 parts/3023.dat
0 STEP
0 // step 578: rack 7: 10 pieces at plate 21
1 25 1010 -192 -570 1 0 0 0 1 0 0 0 1 parts/3062b.dat
1 25 1030 -192 -570 1 0 0 0 1 0 0 0 1 parts/3062b.dat
1 19 1020 -192 -660 1 0 0 0 1 0 0 0 1 parts/3003.dat
1 25 1010 -192 -690 1 0 0 0 1 0 0 0 1 parts/3062b.dat
1 25 1030 -192 -690 1 0 0 0 1 0 0 0 1 parts/3062b.dat
1 4 1020 -192 -740 1 0 0 0 1 0 0 0 1 parts/3003.dat
1 19 1020 -192 -780 1 0 0 0 1 0 0 0 1 parts/3003.dat
1 25 1010 -192 -810 1 0 0 0 1 0 0 0 1 parts/3062b.dat
1 25 1030 -192 -810 1 0 0 0 1 0 0 0 1 parts/3062b.dat
1 19 1020 -192 -860 1 0 0 0 1 0 0 0 1 parts/3003.dat
0 STEP
0 // step 579: rack 7: 8 pieces at plate 21
1 25 1010 -192 -930 1 0 0 0 1 0 0 0 1 parts/3062b.dat
1 25 1030 -192 -930 1 0 0 0 1 0 0 0 1 parts/3062b.dat
1 4 1020 -192 -980 1 0 0 0 1 0 0 0 1 parts/3003.dat
1 28 1020 -192 -1020 1 0 0 0 1 0 0 0 1 parts/3003.dat
1 25 1010 -192 -1050 1 0 0 0 1 0 0 0 1 parts/3062b.dat
1 25 1030 -192 -1050 1 0 0 0 1 0 0 0 1 parts/3062b.dat
1 25 1010 -192 -1110 1 0 0 0 1 0 0 0 1 parts/3062b.dat
1 25 1030 -192 -1110 1 0 0 0 1 0 0 0 1 parts/3062b.dat
0 STEP
0 // step 580: rack 7: 10 pieces at plate 24
1 25 1010 -216 -570 1 0 0 0 1 0 0 0 1 parts/3062b.dat
1 25 1030 -216 -570 1 0 0 0 1 0 0 0 1 parts/3062b.dat
1 25 1010 -216 -690 1 0 0 0 1 0 0 0 1 parts/3062b.dat
1 25 1030 -216 -690 1 0 0 0 1 0 0 0 1 parts/3062b.dat
1 25 1010 -216 -810 1 0 0 0 1 0 0 0 1 parts/3062b.dat
1 25 1030 -216 -810 1 0 0 0 1 0 0 0 1 parts/3062b.dat
1 25 1010 -216 -930 1 0 0 0 1 0 0 0 1 parts/3062b.dat
1 25 1030 -216 -930 1 0 0 0 1 0 0 0 1 parts/3062b.dat
1 28 1020 -216 -1020 1 0 0 0 1 0 0 0 1 parts/3003.dat
1 25 1010 -216 -1050 1 0 0 0 1 0 0 0 1 parts/3062b.dat
0 STEP
0 // step 581: rack 7: 3 pieces at plate 24
1 25 1030 -216 -1050 1 0 0 0 1 0 0 0 1 parts/3062b.dat
1 25 1010 -216 -1110 1 0 0 0 1 0 0 0 1 parts/3062b.dat
1 25 1030 -216 -1110 1 0 0 0 1 0 0 0 1 parts/3062b.dat
0 STEP
0 // step 582: rack 7: 10 pieces at plate 27
1 25 1020 -224 -580 1 0 0 0 1 0 0 0 1 parts/3022.dat
1 25 1020 -224 -620 1 0 0 0 1 0 0 0 1 parts/3022.dat
1 25 1020 -224 -660 1 0 0 0 1 0 0 0 1 parts/3022.dat
1 25 1020 -224 -700 1 0 0 0 1 0 0 0 1 parts/3022.dat
1 25 1020 -224 -740 1 0 0 0 1 0 0 0 1 parts/3022.dat
1 25 1020 -224 -780 1 0 0 0 1 0 0 0 1 parts/3022.dat
1 25 1020 -224 -820 1 0 0 0 1 0 0 0 1 parts/3022.dat
1 25 1020 -224 -860 1 0 0 0 1 0 0 0 1 parts/3022.dat
1 25 1020 -224 -900 1 0 0 0 1 0 0 0 1 parts/3022.dat
1 25 1020 -224 -940 1 0 0 0 1 0 0 0 1 parts/3022.dat
0 STEP
0 // step 583: rack 7: 4 pieces at plate 27
1 25 1020 -224 -980 1 0 0 0 1 0 0 0 1 parts/3022.dat
1 25 1020 -224 -1020 1 0 0 0 1 0 0 0 1 parts/3022.dat
1 25 1020 -224 -1060 1 0 0 0 1 0 0 0 1 parts/3022.dat
1 25 1020 -224 -1100 1 0 0 0 1 0 0 0 1 parts/3022.dat
0 STEP
0 // step 584: rack 7: 10 pieces at plate 28
1 25 1020 -232 -570 1 0 0 0 1 0 0 0 1 parts/3023.dat
1 25 1020 -232 -600 1 0 0 0 1 0 0 0 1 parts/3022.dat
1 25 1020 -232 -640 1 0 0 0 1 0 0 0 1 parts/3022.dat
1 25 1020 -232 -680 1 0 0 0 1 0 0 0 1 parts/3022.dat
1 25 1020 -232 -720 1 0 0 0 1 0 0 0 1 parts/3022.dat
1 25 1020 -232 -760 1 0 0 0 1 0 0 0 1 parts/3022.dat
1 25 1020 -232 -800 1 0 0 0 1 0 0 0 1 parts/3022.dat
1 25 1020 -232 -840 1 0 0 0 1 0 0 0 1 parts/3022.dat
1 25 1020 -232 -880 1 0 0 0 1 0 0 0 1 parts/3022.dat
1 25 1020 -232 -920 1 0 0 0 1 0 0 0 1 parts/3022.dat
0 STEP
0 // step 585: rack 7: 5 pieces at plate 28
1 25 1020 -232 -960 1 0 0 0 1 0 0 0 1 parts/3022.dat
1 25 1020 -232 -1000 1 0 0 0 1 0 0 0 1 parts/3022.dat
1 25 1020 -232 -1040 1 0 0 0 1 0 0 0 1 parts/3022.dat
1 25 1020 -232 -1080 1 0 0 0 1 0 0 0 1 parts/3022.dat
1 25 1020 -232 -1110 1 0 0 0 1 0 0 0 1 parts/3023.dat
0 STEP
0 // step 586: rack 7: 10 pieces at plate 29
1 25 1010 -240 -580 0 0 -1 0 1 0 1 0 0 parts/3023.dat
1 25 1030 -240 -580 0 0 -1 0 1 0 1 0 0 parts/3023.dat
1 25 1010 -240 -640 0 0 -1 0 1 0 1 0 0 parts/3710.dat
1 25 1030 -240 -640 0 0 -1 0 1 0 1 0 0 parts/3710.dat
1 25 1010 -240 -720 0 0 -1 0 1 0 1 0 0 parts/3710.dat
1 25 1030 -240 -720 0 0 -1 0 1 0 1 0 0 parts/3710.dat
1 25 1010 -240 -800 0 0 -1 0 1 0 1 0 0 parts/3710.dat
1 25 1030 -240 -800 0 0 -1 0 1 0 1 0 0 parts/3710.dat
1 25 1010 -240 -880 0 0 -1 0 1 0 1 0 0 parts/3710.dat
1 25 1030 -240 -880 0 0 -1 0 1 0 1 0 0 parts/3710.dat
0 STEP
0 // step 587: rack 7: 6 pieces at plate 29
1 25 1010 -240 -960 0 0 -1 0 1 0 1 0 0 parts/3710.dat
1 25 1030 -240 -960 0 0 -1 0 1 0 1 0 0 parts/3710.dat
1 25 1010 -240 -1040 0 0 -1 0 1 0 1 0 0 parts/3710.dat
1 25 1030 -240 -1040 0 0 -1 0 1 0 1 0 0 parts/3710.dat
1 25 1010 -240 -1100 0 0 -1 0 1 0 1 0 0 parts/3023.dat
1 25 1030 -240 -1100 0 0 -1 0 1 0 1 0 0 parts/3023.dat
0 STEP
0 // step 588: rack 7: 6 pieces at plate 30
1 4 1020 -264 -620 1 0 0 0 1 0 0 0 1 parts/3003.dat
1 19 1020 -264 -780 1 0 0 0 1 0 0 0 1 parts/3003.dat
1 1 1020 -264 -860 1 0 0 0 1 0 0 0 1 parts/3003.dat
1 19 1020 -264 -900 1 0 0 0 1 0 0 0 1 parts/3003.dat
1 19 1020 -264 -980 1 0 0 0 1 0 0 0 1 parts/3003.dat
1 15 1020 -264 -1020 1 0 0 0 1 0 0 0 1 parts/3003.dat
0 STEP
0 // step 589: rack 7: 4 pieces at plate 33
1 4 1020 -288 -620 1 0 0 0 1 0 0 0 1 parts/3003.dat
1 1 1020 -288 -860 1 0 0 0 1 0 0 0 1 parts/3003.dat
1 19 1020 -288 -900 1 0 0 0 1 0 0 0 1 parts/3003.dat
1 15 1020 -288 -1020 1 0 0 0 1 0 0 0 1 parts/3003.dat
0 STEP
0 // step 590: end cap 7: 2 pieces at plate 0
1 71 1010 -24 -510 1 0 0 0 1 0 0 0 1 parts/3062b.dat
1 4 1020 -24 -540 1 0 0 0 1 0 0 0 1 parts/3003.dat
0 STEP
0 // step 591: end cap 7: 5 pieces at plate 3
1 71 1010 -48 -510 1 0 0 0 1 0 0 0 1 parts/3062b.dat
1 4 1010 -48 -530 1 0 0 0 1 0 0 0 1 parts/3005.dat
1 4 1030 -48 -530 1 0 0 0 1 0 0 0 1 parts/3005.dat
1 4 1010 -48 -550 1 0 0 0 1 0 0 0 1 parts/3005.dat
1 4 1030 -48 -550 1 0 0 0 1 0 0 0 1 parts/3005.dat
0 STEP
0 // step 592: end cap 7: 3 pieces at plate 6
1 71 1010 -72 -510 1 0 0 0 1 0 0 0 1 parts/3062b.dat
1 5 1010 -72 -530 1 0 0 0 1 0 0 0 1 parts/3005.dat
1 191 1030 -72 -550 1 0 0 0 1 0 0 0 1 parts/3005.dat
0 STEP
0 // step 593: end cap 7: 1 piece at plate 9
1 71 1010 -96 -510 1 0 0 0 1 0 0 0 1 parts/3062b.dat
0 STEP
0 // step 594: end cap 7: 1 piece at plate 12
1 71 1010 -120 -510 1 0 0 0 1 0 0 0 1 parts/3062b.dat
0 STEP
0 // step 595: end cap 7: 1 piece at plate 15
1 1 1020 -128 -510 1 0 0 0 1 0 0 0 1 parts/3710.dat
0 STEP
0 // step 596: end cap 7: 1 piece at plate 16
1 1 1020 -136 -510 1 0 0 0 1 0 0 0 1 parts/3710.dat
0 STEP
0 // step 597: end cap 7: 1 piece at plate 17
1 14 1010 -144 -510 1 0 0 0 1 0 0 0 1 parts/3024.dat
0 STEP
0 // step 598: rack 8: 10 pieces at plate 0
1 25 1150 -24 -570 1 0 0 0 1 0 0 0 1 parts/3062b.dat
1 25 1170 -24 -570 1 0 0 0 1 0 0 0 1 parts/3062b.dat
1 1 1160 -24 -620 1 0 0 0 1 0 0 0 1 parts/3003.dat
1 28 1160 -24 -660 1 0 0 0 1 0 0 0 1 parts/3003.dat
1 25 1150 -24 -690 1 0 0 0 1 0 0 0 1 parts/3062b.dat
1 25 1170 -24 -690 1 0 0 0 1 0 0 0 1 parts/3062b.dat
1 28 1160 -24 -740 1 0 0 0 1 0 0 0 1 parts/3003.dat
1 28 1160 -24 -780 1 0 0 0 1 0 0 0 1 parts/3003.dat
1 25 1150 -24 -810 1 0 0 0 1 0 0 0 1 parts/3062b.dat
1 25 1170 -24 -810 1 0 0 0 1 0 0 0 1 parts/3062b.dat
0 STEP
0 // step 599: rack 8: 10 pieces at plate 0
1 28 1160 -24 -860 1 0 0 0 1 0 0 0 1 parts/3003.dat
1 84 1160 -24 -900 1 0 0 0 1 0 0 0 1 parts/3003.dat
1 25 1150 -24 -930 1 0 0 0 1 0 0 0 1 parts/3062b.dat
1 25 1170 -24 -930 1 0 0 0 1 0 0 0 1 parts/3062b.dat
1 19 1160 -24 -980 1 0 0 0 1 0 0 0 1 parts/3003.dat
1 84 1160 -24 -1020 1 0 0 0 1 0 0 0 1 parts/3003.dat
1 25 1150 -24 -1050 1 0 0 0 1 0 0 0 1 parts/3062b.dat
1 25 1170 -24 -1050 1 0 0 0 1 0 0 0 1 parts/3062b.dat
1 25 1150 -24 -1110 1 0 0 0 1 0 0 0 1 parts/3062b.dat
1 25 1170 -24 -1110 1 0 0 0 1 0 0 0 1 parts/3062b.dat
0 STEP
0 // step 600: rack 8: 10 pieces at plate 3
1 25 1150 -48 -570 1 0 0 0 1 0 0 0 1 parts/3062b.dat
1 25 1170 -48 -570 1 0 0 0 1 0 0 0 1 parts/3062b.dat
1 1 1160 -48 -620 1 0 0 0 1 0 0 0 1 parts/3003.dat
1 25 1150 -48 -690 1 0 0 0 1 0 0 0 1 parts/3062b.dat
1 25 1170 -48 -690 1 0 0 0 1 0 0 0 1 parts/3062b.dat
1 28 1160 -48 -740 1 0 0 0 1 0 0 0 1 parts/3003.dat
1 28 1160 -48 -780 1 0 0 0 1 0 0 0 1 parts/3003.dat
1 25 1150 -48 -810 1 0 0 0 1 0 0 0 1 parts/3062b.dat
1 25 1170 -48 -810 1 0 0 0 1 0 0 0 1 parts/3062b.dat
1 28 1160 -48 -860 1 0 0 0 1 0 0 0 1 parts/3003.dat
0 STEP
0 // step 601: rack 8: 7 pieces at plate 3
1 25 1150 -48 -930 1 0 0 0 1 0 0 0 1 parts/3062b.dat
1 25 1170 -48 -930 1 0 0 0 1 0 0 0 1 parts/3062b.dat
1 19 1160 -48 -980 1 0 0 0 1 0 0 0 1 parts/3003.dat
1 25 1150 -48 -1050 1 0 0 0 1 0 0 0 1 parts/3062b.dat
1 25 1170 -48 -1050 1 0 0 0 1 0 0 0 1 parts/3062b.dat
1 25 1150 -48 -1110 1 0 0 0 1 0 0 0 1 parts/3062b.dat
1 25 1170 -48 -1110 1 0 0 0 1 0 0 0 1 parts/3062b.dat
0 STEP
0 // step 602: rack 8: 10 pieces at plate 6
1 25 1150 -72 -570 1 0 0 0 1 0 0 0 1 parts/3062b.dat
1 25 1170 -72 -570 1 0 0 0 1 0 0 0 1 parts/3062b.dat
1 25 1150 -72 -690 1 0 0 0 1 0 0 0 1 parts/3062b.dat
1 25 1170 -72 -690 1 0 0 0 1 0 0 0 1 parts/3062b.dat
1 25 1150 -72 -810 1 0 0 0 1 0 0 0 1 parts/3062b.dat
1 25 1170 -72 -810 1 0 0 0 1 0 0 0 1 parts/3062b.dat
1 25 1150 -72 -930 1 0 0 0 1 0 0 0 1 parts/3062b.dat
1 25 1170 -72 -930 1 0 0 0 1 0 0 0 1 parts/3062b.dat
1 25 1150 -72 -1050 1 0 0 0 1 0 0 0 1 parts/3062b.dat
1 25 1170 -72 -1050 1 0 0 0 1 0 0 0 1 parts/3062b.dat
0 STEP
0 // step 603: rack 8: 2 pieces at plate 6
1 25 1150 -72 -1110 1 0 0 0 1 0 0 0 1 parts/3062b.dat
1 25 1170 -72 -1110 1 0 0 0 1 0 0 0 1 parts/3062b.dat
0 STEP
0 // step 604: rack 8: 10 pieces at plate 9
1 25 1160 -80 -580 1 0 0 0 1 0 0 0 1 parts/3022.dat
1 25 1160 -80 -620 1 0 0 0 1 0 0 0 1 parts/3022.dat
1 25 1160 -80 -660 1 0 0 0 1 0 0 0 1 parts/3022.dat
1 25 1160 -80 -700 1 0 0 0 1 0 0 0 1 parts/3022.dat
1 25 1160 -80 -740 1 0 0 0 1 0 0 0 1 parts/3022.dat
1 25 1160 -80 -780 1 0 0 0 1 0 0 0 1 parts/3022.dat
1 25 1160 -80 -820 1 0 0 0 1 0 0 0 1 parts/3022.dat
1 25 1160 -80 -860 1 0 0 0 1 0 0 0 1 parts/3022.dat
1 25 1160 -80 -900 1 0 0 0 1 0 0 0 1 parts/3022.dat
1 25 1160 -80 -940 1 0 0 0 1 0 0 0 1 parts/3022.dat
0 STEP
0 // step 605: rack 8: 4 pieces at plate 9
1 25 1160 -80 -980 1 0 0 0 1 0 0 0 1 parts/3022.dat
1 25 1160 -80 -1020 1 0 0 0 1 0 0 0 1 parts/3022.dat
1 25 1160 -80 -1060 1 0 0 0 1 0 0 0 1 parts/3022.dat
1 25 1160 -80 -1100 1 0 0 0 1 0 0 0 1 parts/3022.dat
0 STEP
0 // step 606: rack 8: 10 pieces at plate 10
1 25 1160 -88 -570 1 0 0 0 1 0 0 0 1 parts/3023.dat
1 25 1160 -88 -600 1 0 0 0 1 0 0 0 1 parts/3022.dat
1 25 1160 -88 -640 1 0 0 0 1 0 0 0 1 parts/3022.dat
1 25 1160 -88 -680 1 0 0 0 1 0 0 0 1 parts/3022.dat
1 25 1160 -88 -720 1 0 0 0 1 0 0 0 1 parts/3022.dat
1 25 1160 -88 -760 1 0 0 0 1 0 0 0 1 parts/3022.dat
1 25 1160 -88 -800 1 0 0 0 1 0 0 0 1 parts/3022.dat
1 25 1160 -88 -840 1 0 0 0 1 0 0 0 1 parts/3022.dat
1 25 1160 -88 -880 1 0 0 0 1 0 0 0 1 parts/3022.dat
1 25 1160 -88 -920 1 0 0 0 1 0 0 0 1 parts/3022.dat
0 STEP
0 // step 607: rack 8: 5 pieces at plate 10
1 25 1160 -88 -960 1 0 0 0 1 0 0 0 1 parts/3022.dat
1 25 1160 -88 -1000 1 0 0 0 1 0 0 0 1 parts/3022.dat
1 25 1160 -88 -1040 1 0 0 0 1 0 0 0 1 parts/3022.dat
1 25 1160 -88 -1080 1 0 0 0 1 0 0 0 1 parts/3022.dat
1 25 1160 -88 -1110 1 0 0 0 1 0 0 0 1 parts/3023.dat
0 STEP
0 // step 608: rack 8: 10 pieces at plate 11
1 25 1150 -96 -580 0 0 -1 0 1 0 1 0 0 parts/3023.dat
1 25 1170 -96 -580 0 0 -1 0 1 0 1 0 0 parts/3023.dat
1 25 1150 -96 -640 0 0 -1 0 1 0 1 0 0 parts/3710.dat
1 25 1170 -96 -640 0 0 -1 0 1 0 1 0 0 parts/3710.dat
1 25 1150 -96 -720 0 0 -1 0 1 0 1 0 0 parts/3710.dat
1 25 1170 -96 -720 0 0 -1 0 1 0 1 0 0 parts/3710.dat
1 25 1150 -96 -800 0 0 -1 0 1 0 1 0 0 parts/3710.dat
1 25 1170 -96 -800 0 0 -1 0 1 0 1 0 0 parts/3710.dat
1 25 1150 -96 -880 0 0 -1 0 1 0 1 0 0 parts/3710.dat
1 25 1170 -96 -880 0 0 -1 0 1 0 1 0 0 parts/3710.dat
0 STEP
0 // step 609: rack 8: 6 pieces at plate 11
1 25 1150 -96 -960 0 0 -1 0 1 0 1 0 0 parts/3710.dat
1 25 1170 -96 -960 0 0 -1 0 1 0 1 0 0 parts/3710.dat
1 25 1150 -96 -1040 0 0 -1 0 1 0 1 0 0 parts/3710.dat
1 25 1170 -96 -1040 0 0 -1 0 1 0 1 0 0 parts/3710.dat
1 25 1150 -96 -1100 0 0 -1 0 1 0 1 0 0 parts/3023.dat
1 25 1170 -96 -1100 0 0 -1 0 1 0 1 0 0 parts/3023.dat
0 STEP
0 // step 610: rack 8: 10 pieces at plate 12
1 25 1150 -120 -570 1 0 0 0 1 0 0 0 1 parts/3062b.dat
1 25 1170 -120 -570 1 0 0 0 1 0 0 0 1 parts/3062b.dat
1 28 1160 -120 -620 1 0 0 0 1 0 0 0 1 parts/3003.dat
1 28 1160 -120 -660 1 0 0 0 1 0 0 0 1 parts/3003.dat
1 25 1150 -120 -690 1 0 0 0 1 0 0 0 1 parts/3062b.dat
1 25 1170 -120 -690 1 0 0 0 1 0 0 0 1 parts/3062b.dat
1 28 1160 -120 -740 1 0 0 0 1 0 0 0 1 parts/3003.dat
1 15 1160 -120 -780 1 0 0 0 1 0 0 0 1 parts/3003.dat
1 25 1150 -120 -810 1 0 0 0 1 0 0 0 1 parts/3062b.dat
1 25 1170 -120 -810 1 0 0 0 1 0 0 0 1 parts/3062b.dat
0 STEP
0 // step 611: rack 8: 10 pieces at plate 12
1 19 1160 -120 -860 1 0 0 0 1 0 0 0 1 parts/3003.dat
1 1 1160 -120 -900 1 0 0 0 1 0 0 0 1 parts/3003.dat
1 25 1150 -120 -930 1 0 0 0 1 0 0 0 1 parts/3062b.dat
1 25 1170 -120 -930 1 0 0 0 1 0 0 0 1 parts/3062b.dat
1 28 1160 -120 -980 1 0 0 0 1 0 0 0 1 parts/3003.dat
1 4 1160 -120 -1020 1 0 0 0 1 0 0 0 1 parts/3003.dat
1 25 1150 -120 -1050 1 0 0 0 1 0 0 0 1 parts/3062b.dat
1 25 1170 -120 -1050 1 0 0 0 1 0 0 0 1 parts/3062b.dat
1 25 1150 -120 -1110 1 0 0 0 1 0 0 0 1 parts/3062b.dat
1 25 1170 -120 -1110 1 0 0 0 1 0 0 0 1 parts/3062b.dat
0 STEP
0 // step 612: rack 8: 10 pieces at plate 15
1 25 1150 -144 -570 1 0 0 0 1 0 0 0 1 parts/3062b.dat
1 25 1170 -144 -570 1 0 0 0 1 0 0 0 1 parts/3062b.dat
1 25 1150 -144 -690 1 0 0 0 1 0 0 0 1 parts/3062b.dat
1 25 1170 -144 -690 1 0 0 0 1 0 0 0 1 parts/3062b.dat
1 28 1160 -144 -740 1 0 0 0 1 0 0 0 1 parts/3003.dat
1 25 1150 -144 -810 1 0 0 0 1 0 0 0 1 parts/3062b.dat
1 25 1170 -144 -810 1 0 0 0 1 0 0 0 1 parts/3062b.dat
1 19 1160 -144 -860 1 0 0 0 1 0 0 0 1 parts/3003.dat
1 1 1160 -144 -900 1 0 0 0 1 0 0 0 1 parts/3003.dat
1 25 1150 -144 -930 1 0 0 0 1 0 0 0 1 parts/3062b.dat
0 STEP
0 // step 613: rack 8: 7 pieces at plate 15
1 25 1170 -144 -930 1 0 0 0 1 0 0 0 1 parts/3062b.dat
1 28 1160 -144 -980 1 0 0 0 1 0 0 0 1 parts/3003.dat
1 4 1160 -144 -1020 1 0 0 0 1 0 0 0 1 parts/3003.dat
1 25 1150 -144 -1050 1 0 0 0 1 0 0 0 1 parts/3062b.dat
1 25 1170 -144 -1050 1 0 0 0 1 0 0 0 1 parts/3062b.dat
1 25 1150 -144 -1110 1 0 0 0 1 0 0 0 1 parts/3062b.dat
1 25 1170 -144 -1110 1 0 0 0 1 0 0 0 1 parts/3062b.dat
0 STEP
0 // step 614: rack 8: 10 pieces at plate 18
1 25 1160 -152 -580 1 0 0 0 1 0 0 0 1 parts/3022.dat
1 25 1160 -152 -620 1 0 0 0 1 0 0 0 1 parts/3022.dat
1 25 1160 -152 -660 1 0 0 0 1 0 0 0 1 parts/3022.dat
1 25 1160 -152 -700 1 0 0 0 1 0 0 0 1 parts/3022.dat
1 25 1160 -152 -740 1 0 0 0 1 0 0 0 1 parts/3022.dat
1 25 1160 -152 -780 1 0 0 0 1 0 0 0 1 parts/3022.dat
1 25 1160 -152 -820 1 0 0 0 1 0 0 0 1 parts/3022.dat
1 25 1160 -152 -860 1 0 0 0 1 0 0 0 1 parts/3022.dat
1 25 1160 -152 -900 1 0 0 0 1 0 0 0 1 parts/3022.dat
1 25 1160 -152 -940 1 0 0 0 1 0 0 0 1 parts/3022.dat
0 STEP
0 // step 615: rack 8: 4 pieces at plate 18
1 25 1160 -152 -980 1 0 0 0 1 0 0 0 1 parts/3022.dat
1 25 1160 -152 -1020 1 0 0 0 1 0 0 0 1 parts/3022.dat
1 25 1160 -152 -1060 1 0 0 0 1 0 0 0 1 parts/3022.dat
1 25 1160 -152 -1100 1 0 0 0 1 0 0 0 1 parts/3022.dat
0 STEP
0 // step 616: rack 8: 10 pieces at plate 19
1 25 1160 -160 -570 1 0 0 0 1 0 0 0 1 parts/3023.dat
1 25 1160 -160 -600 1 0 0 0 1 0 0 0 1 parts/3022.dat
1 25 1160 -160 -640 1 0 0 0 1 0 0 0 1 parts/3022.dat
1 25 1160 -160 -680 1 0 0 0 1 0 0 0 1 parts/3022.dat
1 25 1160 -160 -720 1 0 0 0 1 0 0 0 1 parts/3022.dat
1 25 1160 -160 -760 1 0 0 0 1 0 0 0 1 parts/3022.dat
1 25 1160 -160 -800 1 0 0 0 1 0 0 0 1 parts/3022.dat
1 25 1160 -160 -840 1 0 0 0 1 0 0 0 1 parts/3022.dat
1 25 1160 -160 -880 1 0 0 0 1 0 0 0 1 parts/3022.dat
1 25 1160 -160 -920 1 0 0 0 1 0 0 0 1 parts/3022.dat
0 STEP
0 // step 617: rack 8: 5 pieces at plate 19
1 25 1160 -160 -960 1 0 0 0 1 0 0 0 1 parts/3022.dat
1 25 1160 -160 -1000 1 0 0 0 1 0 0 0 1 parts/3022.dat
1 25 1160 -160 -1040 1 0 0 0 1 0 0 0 1 parts/3022.dat
1 25 1160 -160 -1080 1 0 0 0 1 0 0 0 1 parts/3022.dat
1 25 1160 -160 -1110 1 0 0 0 1 0 0 0 1 parts/3023.dat
0 STEP
0 // step 618: rack 8: 10 pieces at plate 20
1 25 1150 -168 -580 0 0 -1 0 1 0 1 0 0 parts/3023.dat
1 25 1170 -168 -580 0 0 -1 0 1 0 1 0 0 parts/3023.dat
1 25 1150 -168 -640 0 0 -1 0 1 0 1 0 0 parts/3710.dat
1 25 1170 -168 -640 0 0 -1 0 1 0 1 0 0 parts/3710.dat
1 25 1150 -168 -720 0 0 -1 0 1 0 1 0 0 parts/3710.dat
1 25 1170 -168 -720 0 0 -1 0 1 0 1 0 0 parts/3710.dat
1 25 1150 -168 -800 0 0 -1 0 1 0 1 0 0 parts/3710.dat
1 25 1170 -168 -800 0 0 -1 0 1 0 1 0 0 parts/3710.dat
1 25 1150 -168 -880 0 0 -1 0 1 0 1 0 0 parts/3710.dat
1 25 1170 -168 -880 0 0 -1 0 1 0 1 0 0 parts/3710.dat
0 STEP
0 // step 619: rack 8: 6 pieces at plate 20
1 25 1150 -168 -960 0 0 -1 0 1 0 1 0 0 parts/3710.dat
1 25 1170 -168 -960 0 0 -1 0 1 0 1 0 0 parts/3710.dat
1 25 1150 -168 -1040 0 0 -1 0 1 0 1 0 0 parts/3710.dat
1 25 1170 -168 -1040 0 0 -1 0 1 0 1 0 0 parts/3710.dat
1 25 1150 -168 -1100 0 0 -1 0 1 0 1 0 0 parts/3023.dat
1 25 1170 -168 -1100 0 0 -1 0 1 0 1 0 0 parts/3023.dat
0 STEP
0 // step 620: rack 8: 10 pieces at plate 21
1 25 1150 -192 -570 1 0 0 0 1 0 0 0 1 parts/3062b.dat
1 25 1170 -192 -570 1 0 0 0 1 0 0 0 1 parts/3062b.dat
1 4 1160 -192 -620 1 0 0 0 1 0 0 0 1 parts/3003.dat
1 19 1160 -192 -660 1 0 0 0 1 0 0 0 1 parts/3003.dat
1 25 1150 -192 -690 1 0 0 0 1 0 0 0 1 parts/3062b.dat
1 25 1170 -192 -690 1 0 0 0 1 0 0 0 1 parts/3062b.dat
1 15 1160 -192 -780 1 0 0 0 1 0 0 0 1 parts/3003.dat
1 25 1150 -192 -810 1 0 0 0 1 0 0 0 1 parts/3062b.dat
1 25 1170 -192 -810 1 0 0 0 1 0 0 0 1 parts/3062b.dat
1 15 1160 -192 -860 1 0 0 0 1 0 0 0 1 parts/3003.dat
0 STEP
0 // step 621: rack 8: 9 pieces at plate 21
1 1 1160 -192 -900 1 0 0 0 1 0 0 0 1 parts/3003.dat
1 25 1150 -192 -930 1 0 0 0 1 0 0 0 1 parts/3062b.dat
1 25 1170 -192 -930 1 0 0 0 1 0 0 0 1 parts/3062b.dat
1 28 1160 -192 -980 1 0 0 0 1 0 0 0 1 parts/3003.dat
1 28 1160 -192 -1020 1 0 0 0 1 0 0 0 1 parts/3003.dat
1 25 1150 -192 -1050 1 0 0 0 1 0 0 0 1 parts/3062b.dat
1 25 1170 -192 -1050 1 0 0 0 1 0 0 0 1 parts/3062b.dat
1 25 1150 -192 -1110 1 0 0 0 1 0 0 0 1 parts/3062b.dat
1 25 1170 -192 -1110 1 0 0 0 1 0 0 0 1 parts/3062b.dat
0 STEP
0 // step 622: rack 8: 10 pieces at plate 24
1 25 1150 -216 -570 1 0 0 0 1 0 0 0 1 parts/3062b.dat
1 25 1170 -216 -570 1 0 0 0 1 0 0 0 1 parts/3062b.dat
1 4 1160 -216 -620 1 0 0 0 1 0 0 0 1 parts/3003.dat
1 19 1160 -216 -660 1 0 0 0 1 0 0 0 1 parts/3003.dat
1 25 1150 -216 -690 1 0 0 0 1 0 0 0 1 parts/3062b.dat
1 25 1170 -216 -690 1 0 0 0 1 0 0 0 1 parts/3062b.dat
1 15 1160 -216 -780 1 0 0 0 1 0 0 0 1 parts/3003.dat
1 25 1150 -216 -810 1 0 0 0 1 0 0 0 1 parts/3062b.dat
1 25 1170 -216 -810 1 0 0 0 1 0 0 0 1 parts/3062b.dat
1 1 1160 -216 -900 1 0 0 0 1 0 0 0 1 parts/3003.dat
0 STEP
0 // step 623: rack 8: 8 pieces at plate 24
1 25 1150 -216 -930 1 0 0 0 1 0 0 0 1 parts/3062b.dat
1 25 1170 -216 -930 1 0 0 0 1 0 0 0 1 parts/3062b.dat
1 28 1160 -216 -980 1 0 0 0 1 0 0 0 1 parts/3003.dat
1 28 1160 -216 -1020 1 0 0 0 1 0 0 0 1 parts/3003.dat
1 25 1150 -216 -1050 1 0 0 0 1 0 0 0 1 parts/3062b.dat
1 25 1170 -216 -1050 1 0 0 0 1 0 0 0 1 parts/3062b.dat
1 25 1150 -216 -1110 1 0 0 0 1 0 0 0 1 parts/3062b.dat
1 25 1170 -216 -1110 1 0 0 0 1 0 0 0 1 parts/3062b.dat
0 STEP
0 // step 624: rack 8: 10 pieces at plate 27
1 25 1160 -224 -580 1 0 0 0 1 0 0 0 1 parts/3022.dat
1 25 1160 -224 -620 1 0 0 0 1 0 0 0 1 parts/3022.dat
1 25 1160 -224 -660 1 0 0 0 1 0 0 0 1 parts/3022.dat
1 25 1160 -224 -700 1 0 0 0 1 0 0 0 1 parts/3022.dat
1 25 1160 -224 -740 1 0 0 0 1 0 0 0 1 parts/3022.dat
1 25 1160 -224 -780 1 0 0 0 1 0 0 0 1 parts/3022.dat
1 25 1160 -224 -820 1 0 0 0 1 0 0 0 1 parts/3022.dat
1 25 1160 -224 -860 1 0 0 0 1 0 0 0 1 parts/3022.dat
1 25 1160 -224 -900 1 0 0 0 1 0 0 0 1 parts/3022.dat
1 25 1160 -224 -940 1 0 0 0 1 0 0 0 1 parts/3022.dat
0 STEP
0 // step 625: rack 8: 4 pieces at plate 27
1 25 1160 -224 -980 1 0 0 0 1 0 0 0 1 parts/3022.dat
1 25 1160 -224 -1020 1 0 0 0 1 0 0 0 1 parts/3022.dat
1 25 1160 -224 -1060 1 0 0 0 1 0 0 0 1 parts/3022.dat
1 25 1160 -224 -1100 1 0 0 0 1 0 0 0 1 parts/3022.dat
0 STEP
0 // step 626: rack 8: 10 pieces at plate 28
1 25 1160 -232 -570 1 0 0 0 1 0 0 0 1 parts/3023.dat
1 25 1160 -232 -600 1 0 0 0 1 0 0 0 1 parts/3022.dat
1 25 1160 -232 -640 1 0 0 0 1 0 0 0 1 parts/3022.dat
1 25 1160 -232 -680 1 0 0 0 1 0 0 0 1 parts/3022.dat
1 25 1160 -232 -720 1 0 0 0 1 0 0 0 1 parts/3022.dat
1 25 1160 -232 -760 1 0 0 0 1 0 0 0 1 parts/3022.dat
1 25 1160 -232 -800 1 0 0 0 1 0 0 0 1 parts/3022.dat
1 25 1160 -232 -840 1 0 0 0 1 0 0 0 1 parts/3022.dat
1 25 1160 -232 -880 1 0 0 0 1 0 0 0 1 parts/3022.dat
1 25 1160 -232 -920 1 0 0 0 1 0 0 0 1 parts/3022.dat
0 STEP
0 // step 627: rack 8: 5 pieces at plate 28
1 25 1160 -232 -960 1 0 0 0 1 0 0 0 1 parts/3022.dat
1 25 1160 -232 -1000 1 0 0 0 1 0 0 0 1 parts/3022.dat
1 25 1160 -232 -1040 1 0 0 0 1 0 0 0 1 parts/3022.dat
1 25 1160 -232 -1080 1 0 0 0 1 0 0 0 1 parts/3022.dat
1 25 1160 -232 -1110 1 0 0 0 1 0 0 0 1 parts/3023.dat
0 STEP
0 // step 628: rack 8: 10 pieces at plate 29
1 25 1150 -240 -580 0 0 -1 0 1 0 1 0 0 parts/3023.dat
1 25 1170 -240 -580 0 0 -1 0 1 0 1 0 0 parts/3023.dat
1 25 1150 -240 -640 0 0 -1 0 1 0 1 0 0 parts/3710.dat
1 25 1170 -240 -640 0 0 -1 0 1 0 1 0 0 parts/3710.dat
1 25 1150 -240 -720 0 0 -1 0 1 0 1 0 0 parts/3710.dat
1 25 1170 -240 -720 0 0 -1 0 1 0 1 0 0 parts/3710.dat
1 25 1150 -240 -800 0 0 -1 0 1 0 1 0 0 parts/3710.dat
1 25 1170 -240 -800 0 0 -1 0 1 0 1 0 0 parts/3710.dat
1 25 1150 -240 -880 0 0 -1 0 1 0 1 0 0 parts/3710.dat
1 25 1170 -240 -880 0 0 -1 0 1 0 1 0 0 parts/3710.dat
0 STEP
0 // step 629: rack 8: 6 pieces at plate 29
1 25 1150 -240 -960 0 0 -1 0 1 0 1 0 0 parts/3710.dat
1 25 1170 -240 -960 0 0 -1 0 1 0 1 0 0 parts/3710.dat
1 25 1150 -240 -1040 0 0 -1 0 1 0 1 0 0 parts/3710.dat
1 25 1170 -240 -1040 0 0 -1 0 1 0 1 0 0 parts/3710.dat
1 25 1150 -240 -1100 0 0 -1 0 1 0 1 0 0 parts/3023.dat
1 25 1170 -240 -1100 0 0 -1 0 1 0 1 0 0 parts/3023.dat
0 STEP
0 // step 630: rack 8: 6 pieces at plate 30
1 19 1160 -264 -620 1 0 0 0 1 0 0 0 1 parts/3003.dat
1 28 1160 -264 -660 1 0 0 0 1 0 0 0 1 parts/3003.dat
1 15 1160 -264 -780 1 0 0 0 1 0 0 0 1 parts/3003.dat
1 28 1160 -264 -900 1 0 0 0 1 0 0 0 1 parts/3003.dat
1 19 1160 -264 -980 1 0 0 0 1 0 0 0 1 parts/3003.dat
1 19 1160 -264 -1020 1 0 0 0 1 0 0 0 1 parts/3003.dat
0 STEP
0 // step 631: rack 8: 6 pieces at plate 33
1 19 1160 -288 -620 1 0 0 0 1 0 0 0 1 parts/3003.dat
1 28 1160 -288 -660 1 0 0 0 1 0 0 0 1 parts/3003.dat
1 15 1160 -288 -780 1 0 0 0 1 0 0 0 1 parts/3003.dat
1 28 1160 -288 -900 1 0 0 0 1 0 0 0 1 parts/3003.dat
1 19 1160 -288 -980 1 0 0 0 1 0 0 0 1 parts/3003.dat
1 19 1160 -288 -1020 1 0 0 0 1 0 0 0 1 parts/3003.dat
0 STEP
0 // step 632: end cap 8: 3 pieces at plate 0
1 71 1150 -24 -510 1 0 0 0 1 0 0 0 1 parts/3062b.dat
1 4 1150 -24 -540 0 0 -1 0 1 0 1 0 0 parts/3004.dat
1 4 1170 -24 -540 0 0 -1 0 1 0 1 0 0 parts/3004.dat
0 STEP
0 // step 633: end cap 8: 3 pieces at plate 3
1 71 1150 -48 -510 1 0 0 0 1 0 0 0 1 parts/3062b.dat
1 4 1160 -48 -530 1 0 0 0 1 0 0 0 1 parts/3004.dat
1 4 1160 -48 -550 1 0 0 0 1 0 0 0 1 parts/3004.dat
0 STEP
0 // step 634: end cap 8: 3 pieces at plate 6
1 71 1150 -72 -510 1 0 0 0 1 0 0 0 1 parts/3062b.dat
1 322 1150 -72 -530 1 0 0 0 1 0 0 0 1 parts/3005.dat
1 26 1170 -72 -550 1 0 0 0 1 0 0 0 1 parts/3005.dat
0 STEP
0 // step 635: end cap 8: 1 piece at plate 9
1 71 1150 -96 -510 1 0 0 0 1 0 0 0 1 parts/3062b.dat
0 STEP
0 // step 636: end cap 8: 1 piece at plate 12
1 71 1150 -120 -510 1 0 0 0 1 0 0 0 1 parts/3062b.dat
0 STEP
0 // step 637: end cap 8: 1 piece at plate 15
1 1 1160 -128 -510 1 0 0 0 1 0 0 0 1 parts/3710.dat
0 STEP
0 // step 638: end cap 8: 1 piece at plate 16
1 1 1160 -136 -510 1 0 0 0 1 0 0 0 1 parts/3710.dat
0 STEP
0 // step 639: end cap 8: 1 piece at plate 17
1 14 1150 -144 -510 1 0 0 0 1 0 0 0 1 parts/3024.dat
0 STEP
0 // step 640: rack 9: 10 pieces at plate 0
1 25 1290 -24 -570 1 0 0 0 1 0 0 0 1 parts/3062b.dat
1 25 1310 -24 -570 1 0 0 0 1 0 0 0 1 parts/3062b.dat
1 19 1300 -24 -620 1 0 0 0 1 0 0 0 1 parts/3003.dat
1 4 1300 -24 -660 1 0 0 0 1 0 0 0 1 parts/3003.dat
1 25 1290 -24 -690 1 0 0 0 1 0 0 0 1 parts/3062b.dat
1 25 1310 -24 -690 1 0 0 0 1 0 0 0 1 parts/3062b.dat
1 28 1300 -24 -780 1 0 0 0 1 0 0 0 1 parts/3003.dat
1 25 1290 -24 -810 1 0 0 0 1 0 0 0 1 parts/3062b.dat
1 25 1310 -24 -810 1 0 0 0 1 0 0 0 1 parts/3062b.dat
1 19 1300 -24 -860 1 0 0 0 1 0 0 0 1 parts/3003.dat
0 STEP
0 // step 641: rack 9: 8 pieces at plate 0
1 25 1290 -24 -930 1 0 0 0 1 0 0 0 1 parts/3062b.dat
1 25 1310 -24 -930 1 0 0 0 1 0 0 0 1 parts/3062b.dat
1 84 1300 -24 -980 1 0 0 0 1 0 0 0 1 parts/3003.dat
1 19 1300 -24 -1020 1 0 0 0 1 0 0 0 1 parts/3003.dat
1 25 1290 -24 -1050 1 0 0 0 1 0 0 0 1 parts/3062b.dat
1 25 1310 -24 -1050 1 0 0 0 1 0 0 0 1 parts/3062b.dat
1 25 1290 -24 -1110 1 0 0 0 1 0 0 0 1 parts/3062b.dat
1 25 1310 -24 -1110 1 0 0 0 1 0 0 0 1 parts/3062b.dat
0 STEP
0 // step 642: rack 9: 10 pieces at plate 3
1 25 1290 -48 -570 1 0 0 0 1 0 0 0 1 parts/3062b.dat
1 25 1310 -48 -570 1 0 0 0 1 0 0 0 1 parts/3062b.dat
1 4 1300 -48 -660 1 0 0 0 1 0 0 0 1 parts/3003.dat
1 25 1290 -48 -690 1 0 0 0 1 0 0 0 1 parts/3062b.dat
1 25 1310 -48 -690 1 0 0 0 1 0 0 0 1 parts/3062b.dat
1 28 1300 -48 -780 1 0 0 0 1 0 0 0 1 parts/3003.dat
1 25 1290 -48 -810 1 0 0 0 1 0 0 0 1 parts/3062b.dat
1 25 1310 -48 -810 1 0 0 0 1 0 0 0 1 parts/3062b.dat
1 25 1290 -48 -930 1 0 0 0 1 0 0 0 1 parts/3062b.dat
1 25 1310 -48 -930 1 0 0 0 1 0 0 0 1 parts/3062b.dat
0 STEP
0 // step 643: rack 9: 5 pieces at plate 3
1 19 1300 -48 -1020 1 0 0 0 1 0 0 0 1 parts/3003.dat
1 25 1290 -48 -1050 1 0 0 0 1 0 0 0 1 parts/3062b.dat
1 25 1310 -48 -1050 1 0 0 0 1 0 0 0 1 parts/3062b.dat
1 25 1290 -48 -1110 1 0 0 0 1 0 0 0 1 parts/3062b.dat
1 25 1310 -48 -1110 1 0 0 0 1 0 0 0 1 parts/3062b.dat
0 STEP
0 // step 644: rack 9: 10 pieces at plate 6
1 25 1290 -72 -570 1 0 0 0 1 0 0 0 1 parts/3062b.dat
1 25 1310 -72 -570 1 0 0 0 1 0 0 0 1 parts/3062b.dat
1 25 1290 -72 -690 1 0 0 0 1 0 0 0 1 parts/3062b.dat
1 25 1310 -72 -690 1 0 0 0 1 0 0 0 1 parts/3062b.dat
1 25 1290 -72 -810 1 0 0 0 1 0 0 0 1 parts/3062b.dat
1 25 1310 -72 -810 1 0 0 0 1 0 0 0 1 parts/3062b.dat
1 25 1290 -72 -930 1 0 0 0 1 0 0 0 1 parts/3062b.dat
1 25 1310 -72 -930 1 0 0 0 1 0 0 0 1 parts/3062b.dat
1 25 1290 -72 -1050 1 0 0 0 1 0 0 0 1 parts/3062b.dat
1 25 1310 -72 -1050 1 0 0 0 1 0 0 0 1 parts/3062b.dat
0 STEP
0 // step 645: rack 9: 2 pieces at plate 6
1 25 1290 -72 -1110 1 0 0 0 1 0 0 0 1 parts/3062b.dat
1 25 1310 -72 -1110 1 0 0 0 1 0 0 0 1 parts/3062b.dat
0 STEP
0 // step 646: rack 9: 10 pieces at plate 9
1 25 1300 -80 -580 1 0 0 0 1 0 0 0 1 parts/3022.dat
1 25 1300 -80 -620 1 0 0 0 1 0 0 0 1 parts/3022.dat
1 25 1300 -80 -660 1 0 0 0 1 0 0 0 1 parts/3022.dat
1 25 1300 -80 -700 1 0 0 0 1 0 0 0 1 parts/3022.dat
1 25 1300 -80 -740 1 0 0 0 1 0 0 0 1 parts/3022.dat
1 25 1300 -80 -780 1 0 0 0 1 0 0 0 1 parts/3022.dat
1 25 1300 -80 -820 1 0 0 0 1 0 0 0 1 parts/3022.dat
1 25 1300 -80 -860 1 0 0 0 1 0 0 0 1 parts/3022.dat
1 25 1300 -80 -900 1 0 0 0 1 0 0 0 1 parts/3022.dat
1 25 1300 -80 -940 1 0 0 0 1 0 0 0 1 parts/3022.dat
0 STEP
0 // step 647: rack 9: 4 pieces at plate 9
1 25 1300 -80 -980 1 0 0 0 1 0 0 0 1 parts/3022.dat
1 25 1300 -80 -1020 1 0 0 0 1 0 0 0 1 parts/3022.dat
1 25 1300 -80 -1060 1 0 0 0 1 0 0 0 1 parts/3022.dat
1 25 1300 -80 -1100 1 0 0 0 1 0 0 0 1 parts/3022.dat
0 STEP
0 // step 648: rack 9: 10 pieces at plate 10
1 25 1300 -88 -570 1 0 0 0 1 0 0 0 1 parts/3023.dat
1 25 1300 -88 -600 1 0 0 0 1 0 0 0 1 parts/3022.dat
1 25 1300 -88 -640 1 0 0 0 1 0 0 0 1 parts/3022.dat
1 25 1300 -88 -680 1 0 0 0 1 0 0 0 1 parts/3022.dat
1 25 1300 -88 -720 1 0 0 0 1 0 0 0 1 parts/3022.dat
1 25 1300 -88 -760 1 0 0 0 1 0 0 0 1 parts/3022.dat
1 25 1300 -88 -800 1 0 0 0 1 0 0 0 1 parts/3022.dat
1 25 1300 -88 -840 1 0 0 0 1 0 0 0 1 parts/3022.dat
1 25 1300 -88 -880 1 0 0 0 1 0 0 0 1 parts/3022.dat
1 25 1300 -88 -920 1 0 0 0 1 0 0 0 1 parts/3022.dat
0 STEP
0 // step 649: rack 9: 5 pieces at plate 10
1 25 1300 -88 -960 1 0 0 0 1 0 0 0 1 parts/3022.dat
1 25 1300 -88 -1000 1 0 0 0 1 0 0 0 1 parts/3022.dat
1 25 1300 -88 -1040 1 0 0 0 1 0 0 0 1 parts/3022.dat
1 25 1300 -88 -1080 1 0 0 0 1 0 0 0 1 parts/3022.dat
1 25 1300 -88 -1110 1 0 0 0 1 0 0 0 1 parts/3023.dat
0 STEP
0 // step 650: rack 9: 10 pieces at plate 11
1 25 1290 -96 -580 0 0 -1 0 1 0 1 0 0 parts/3023.dat
1 25 1310 -96 -580 0 0 -1 0 1 0 1 0 0 parts/3023.dat
1 25 1290 -96 -640 0 0 -1 0 1 0 1 0 0 parts/3710.dat
1 25 1310 -96 -640 0 0 -1 0 1 0 1 0 0 parts/3710.dat
1 25 1290 -96 -720 0 0 -1 0 1 0 1 0 0 parts/3710.dat
1 25 1310 -96 -720 0 0 -1 0 1 0 1 0 0 parts/3710.dat
1 25 1290 -96 -800 0 0 -1 0 1 0 1 0 0 parts/3710.dat
1 25 1310 -96 -800 0 0 -1 0 1 0 1 0 0 parts/3710.dat
1 25 1290 -96 -880 0 0 -1 0 1 0 1 0 0 parts/3710.dat
1 25 1310 -96 -880 0 0 -1 0 1 0 1 0 0 parts/3710.dat
0 STEP
0 // step 651: rack 9: 6 pieces at plate 11
1 25 1290 -96 -960 0 0 -1 0 1 0 1 0 0 parts/3710.dat
1 25 1310 -96 -960 0 0 -1 0 1 0 1 0 0 parts/3710.dat
1 25 1290 -96 -1040 0 0 -1 0 1 0 1 0 0 parts/3710.dat
1 25 1310 -96 -1040 0 0 -1 0 1 0 1 0 0 parts/3710.dat
1 25 1290 -96 -1100 0 0 -1 0 1 0 1 0 0 parts/3023.dat
1 25 1310 -96 -1100 0 0 -1 0 1 0 1 0 0 parts/3023.dat
0 STEP
0 // step 652: rack 9: 10 pieces at plate 12
1 25 1290 -120 -570 1 0 0 0 1 0 0 0 1 parts/3062b.dat
1 25 1310 -120 -570 1 0 0 0 1 0 0 0 1 parts/3062b.dat
1 19 1300 -120 -620 1 0 0 0 1 0 0 0 1 parts/3003.dat
1 25 1290 -120 -690 1 0 0 0 1 0 0 0 1 parts/3062b.dat
1 25 1310 -120 -690 1 0 0 0 1 0 0 0 1 parts/3062b.dat
1 28 1300 -120 -740 1 0 0 0 1 0 0 0 1 parts/3003.dat
1 19 1300 -120 -780 1 0 0 0 1 0 0 0 1 parts/3003.dat
1 25 1290 -120 -810 1 0 0 0 1 0 0 0 1 parts/3062b.dat
1 25 1310 -120 -810 1 0 0 0 1 0 0 0 1 parts/3062b.dat
1 1 1300 -120 -860 1 0 0 0 1 0 0 0 1 parts/3003.dat
0 STEP
0 // step 653: rack 9: 8 pieces at plate 12
1 28 1300 -120 -900 1 0 0 0 1 0 0 0 1 parts/3003.dat
1 25 1290 -120 -930 1 0 0 0 1 0 0 0 1 parts/3062b.dat
1 25 1310 -120 -930 1 0 0 0 1 0 0 0 1 parts/3062b.dat
1 15 1300 -120 -980 1 0 0 0 1 0 0 0 1 parts/3003.dat
1 25 1290 -120 -1050 1 0 0 0 1 0 0 0 1 parts/3062b.dat
1 25 1310 -120 -1050 1 0 0 0 1 0 0 0 1 parts/3062b.dat
1 25 1290 -120 -1110 1 0 0 0 1 0 0 0 1 parts/3062b.dat
1 25 1310 -120 -1110 1 0 0 0 1 0 0 0 1 parts/3062b.dat
0 STEP
0 // step 654: rack 9: 10 pieces at plate 15
1 25 1290 -144 -570 1 0 0 0 1 0 0 0 1 parts/3062b.dat
1 25 1310 -144 -570 1 0 0 0 1 0 0 0 1 parts/3062b.dat
1 25 1290 -144 -690 1 0 0 0 1 0 0 0 1 parts/3062b.dat
1 25 1310 -144 -690 1 0 0 0 1 0 0 0 1 parts/3062b.dat
1 25 1290 -144 -810 1 0 0 0 1 0 0 0 1 parts/3062b.dat
1 25 1310 -144 -810 1 0 0 0 1 0 0 0 1 parts/3062b.dat
1 1 1300 -144 -860 1 0 0 0 1 0 0 0 1 parts/3003.dat
1 25 1290 -144 -930 1 0 0 0 1 0 0 0 1 parts/3062b.dat
1 25 1310 -144 -930 1 0 0 0 1 0 0 0 1 parts/3062b.dat
1 25 1290 -144 -1050 1 0 0 0 1 0 0 0 1 parts/3062b.dat
0 STEP
0 // step 655: rack 9: 3 pieces at plate 15
1 25 1310 -144 -1050 1 0 0 0 1 0 0 0 1 parts/3062b.dat
1 25 1290 -144 -1110 1 0 0 0 1 0 0 0 1 parts/3062b.dat
1 25 1310 -144 -1110 1 0 0 0 1 0 0 0 1 parts/3062b.dat
0 STEP
0 // step 656: rack 9: 10 pieces at plate 18
1 25 1300 -152 -580 1 0 0 0 1 0 0 0 1 parts/3022.dat
1 25 1300 -152 -620 1 0 0 0 1 0 0 0 1 parts/3022.dat
1 25 1300 -152 -660 1 0 0 0 1 0 0 0 1 parts/3022.dat
1 25 1300 -152 -700 1 0 0 0 1 0 0 0 1 parts/3022.dat
1 25 1300 -152 -740 1 0 0 0 1 0 0 0 1 parts/3022.dat
1 25 1300 -152 -780 1 0 0 0 1 0 0 0 1 parts/3022.dat
1 25 1300 -152 -820 1 0 0 0 1 0 0 0 1 parts/3022.dat
1 25 1300 -152 -860 1 0 0 0 1 0 0 0 1 parts/3022.dat
1 25 1300 -152 -900 1 0 0 0 1 0 0 0 1 parts/3022.dat
1 25 1300 -152 -940 1 0 0 0 1 0 0 0 1 parts/3022.dat
0 STEP
0 // step 657: rack 9: 4 pieces at plate 18
1 25 1300 -152 -980 1 0 0 0 1 0 0 0 1 parts/3022.dat
1 25 1300 -152 -1020 1 0 0 0 1 0 0 0 1 parts/3022.dat
1 25 1300 -152 -1060 1 0 0 0 1 0 0 0 1 parts/3022.dat
1 25 1300 -152 -1100 1 0 0 0 1 0 0 0 1 parts/3022.dat
0 STEP
0 // step 658: rack 9: 10 pieces at plate 19
1 25 1300 -160 -570 1 0 0 0 1 0 0 0 1 parts/3023.dat
1 25 1300 -160 -600 1 0 0 0 1 0 0 0 1 parts/3022.dat
1 25 1300 -160 -640 1 0 0 0 1 0 0 0 1 parts/3022.dat
1 25 1300 -160 -680 1 0 0 0 1 0 0 0 1 parts/3022.dat
1 25 1300 -160 -720 1 0 0 0 1 0 0 0 1 parts/3022.dat
1 25 1300 -160 -760 1 0 0 0 1 0 0 0 1 parts/3022.dat
1 25 1300 -160 -800 1 0 0 0 1 0 0 0 1 parts/3022.dat
1 25 1300 -160 -840 1 0 0 0 1 0 0 0 1 parts/3022.dat
1 25 1300 -160 -880 1 0 0 0 1 0 0 0 1 parts/3022.dat
1 25 1300 -160 -920 1 0 0 0 1 0 0 0 1 parts/3022.dat
0 STEP
0 // step 659: rack 9: 5 pieces at plate 19
1 25 1300 -160 -960 1 0 0 0 1 0 0 0 1 parts/3022.dat
1 25 1300 -160 -1000 1 0 0 0 1 0 0 0 1 parts/3022.dat
1 25 1300 -160 -1040 1 0 0 0 1 0 0 0 1 parts/3022.dat
1 25 1300 -160 -1080 1 0 0 0 1 0 0 0 1 parts/3022.dat
1 25 1300 -160 -1110 1 0 0 0 1 0 0 0 1 parts/3023.dat
0 STEP
0 // step 660: rack 9: 10 pieces at plate 20
1 25 1290 -168 -580 0 0 -1 0 1 0 1 0 0 parts/3023.dat
1 25 1310 -168 -580 0 0 -1 0 1 0 1 0 0 parts/3023.dat
1 25 1290 -168 -640 0 0 -1 0 1 0 1 0 0 parts/3710.dat
1 25 1310 -168 -640 0 0 -1 0 1 0 1 0 0 parts/3710.dat
1 25 1290 -168 -720 0 0 -1 0 1 0 1 0 0 parts/3710.dat
1 25 1310 -168 -720 0 0 -1 0 1 0 1 0 0 parts/3710.dat
1 25 1290 -168 -800 0 0 -1 0 1 0 1 0 0 parts/3710.dat
1 25 1310 -168 -800 0 0 -1 0 1 0 1 0 0 parts/3710.dat
1 25 1290 -168 -880 0 0 -1 0 1 0 1 0 0 parts/3710.dat
1 25 1310 -168 -880 0 0 -1 0 1 0 1 0 0 parts/3710.dat
0 STEP
0 // step 661: rack 9: 6 pieces at plate 20
1 25 1290 -168 -960 0 0 -1 0 1 0 1 0 0 parts/3710.dat
1 25 1310 -168 -960 0 0 -1 0 1 0 1 0 0 parts/3710.dat
1 25 1290 -168 -1040 0 0 -1 0 1 0 1 0 0 parts/3710.dat
1 25 1310 -168 -1040 0 0 -1 0 1 0 1 0 0 parts/3710.dat
1 25 1290 -168 -1100 0 0 -1 0 1 0 1 0 0 parts/3023.dat
1 25 1310 -168 -1100 0 0 -1 0 1 0 1 0 0 parts/3023.dat
0 STEP
0 // step 662: rack 9: 10 pieces at plate 21
1 25 1290 -192 -570 1 0 0 0 1 0 0 0 1 parts/3062b.dat
1 25 1310 -192 -570 1 0 0 0 1 0 0 0 1 parts/3062b.dat
1 84 1300 -192 -620 1 0 0 0 1 0 0 0 1 parts/3003.dat
1 25 1290 -192 -690 1 0 0 0 1 0 0 0 1 parts/3062b.dat
1 25 1310 -192 -690 1 0 0 0 1 0 0 0 1 parts/3062b.dat
1 28 1300 -192 -740 1 0 0 0 1 0 0 0 1 parts/3003.dat
1 84 1300 -192 -780 1 0 0 0 1 0 0 0 1 parts/3003.dat
1 25 1290 -192 -810 1 0 0 0 1 0 0 0 1 parts/3062b.dat
1 25 1310 -192 -810 1 0 0 0 1 0 0 0 1 parts/3062b.dat
1 84 1300 -192 -860 1 0 0 0 1 0 0 0 1 parts/3003.dat
0 STEP
0 // step 663: rack 9: 8 pieces at plate 21
1 84 1300 -192 -900 1 0 0 0 1 0 0 0 1 parts/3003.dat
1 25 1290 -192 -930 1 0 0 0 1 0 0 0 1 parts/3062b.dat
1 25 1310 -192 -930 1 0 0 0 1 0 0 0 1 parts/3062b.dat
1 19 1300 -192 -980 1 0 0 0 1 0 0 0 1 parts/3003.dat
1 25 1290 -192 -1050 1 0 0 0 1 0 0 0 1 parts/3062b.dat
1 25 1310 -192 -1050 1 0 0 0 1 0 0 0 1 parts/3062b.dat
1 25 1290 -192 -1110 1 0 0 0 1 0 0 0 1 parts/3062b.dat
1 25 1310 -192 -1110 1 0 0 0 1 0 0 0 1 parts/3062b.dat
0 STEP
0 // step 664: rack 9: 10 pieces at plate 24
1 25 1290 -216 -570 1 0 0 0 1 0 0 0 1 parts/3062b.dat
1 25 1310 -216 -570 1 0 0 0 1 0 0 0 1 parts/3062b.dat
1 84 1300 -216 -620 1 0 0 0 1 0 0 0 1 parts/3003.dat
1 25 1290 -216 -690 1 0 0 0 1 0 0 0 1 parts/3062b.dat
1 25 1310 -216 -690 1 0 0 0 1 0 0 0 1 parts/3062b.dat
1 28 1300 -216 -740 1 0 0 0 1 0 0 0 1 parts/3003.dat
1 84 1300 -216 -780 1 0 0 0 1 0 0 0 1 parts/3003.dat
1 25 1290 -216 -810 1 0 0 0 1 0 0 0 1 parts/3062b.dat
1 25 1310 -216 -810 1 0 0 0 1 0 0 0 1 parts/3062b.dat
1 84 1300 -216 -860 1 0 0 0 1 0 0 0 1 parts/3003.dat
0 STEP
0 // step 665: rack 9: 7 pieces at plate 24
1 25 1290 -216 -930 1 0 0 0 1 0 0 0 1 parts/3062b.dat
1 25 1310 -216 -930 1 0 0 0 1 0 0 0 1 parts/3062b.dat
1 19 1300 -216 -980 1 0 0 0 1 0 0 0 1 parts/3003.dat
1 25 1290 -216 -1050 1 0 0 0 1 0 0 0 1 parts/3062b.dat
1 25 1310 -216 -1050 1 0 0 0 1 0 0 0 1 parts/3062b.dat
1 25 1290 -216 -1110 1 0 0 0 1 0 0 0 1 parts/3062b.dat
1 25 1310 -216 -1110 1 0 0 0 1 0 0 0 1 parts/3062b.dat
0 STEP
0 // step 666: rack 9: 10 pieces at plate 27
1 25 1300 -224 -580 1 0 0 0 1 0 0 0 1 parts/3022.dat
1 25 1300 -224 -620 1 0 0 0 1 0 0 0 1 parts/3022.dat
1 25 1300 -224 -660 1 0 0 0 1 0 0 0 1 parts/3022.dat
1 25 1300 -224 -700 1 0 0 0 1 0 0 0 1 parts/3022.dat
1 25 1300 -224 -740 1 0 0 0 1 0 0 0 1 parts/3022.dat
1 25 1300 -224 -780 1 0 0 0 1 0 0 0 1 parts/3022.dat
1 25 1300 -224 -820 1 0 0 0 1 0 0 0 1 parts/3022.dat
1 25 1300 -224 -860 1 0 0 0 1 0 0 0 1 parts/3022.dat
1 25 1300 -224 -900 1 0 0 0 1 0 0 0 1 parts/3022.dat
1 25 1300 -224 -940 1 0 0 0 1 0 0 0 1 parts/3022.dat
0 STEP
0 // step 667: rack 9: 4 pieces at plate 27
1 25 1300 -224 -980 1 0 0 0 1 0 0 0 1 parts/3022.dat
1 25 1300 -224 -1020 1 0 0 0 1 0 0 0 1 parts/3022.dat
1 25 1300 -224 -1060 1 0 0 0 1 0 0 0 1 parts/3022.dat
1 25 1300 -224 -1100 1 0 0 0 1 0 0 0 1 parts/3022.dat
0 STEP
0 // step 668: rack 9: 10 pieces at plate 28
1 25 1300 -232 -570 1 0 0 0 1 0 0 0 1 parts/3023.dat
1 25 1300 -232 -600 1 0 0 0 1 0 0 0 1 parts/3022.dat
1 25 1300 -232 -640 1 0 0 0 1 0 0 0 1 parts/3022.dat
1 25 1300 -232 -680 1 0 0 0 1 0 0 0 1 parts/3022.dat
1 25 1300 -232 -720 1 0 0 0 1 0 0 0 1 parts/3022.dat
1 25 1300 -232 -760 1 0 0 0 1 0 0 0 1 parts/3022.dat
1 25 1300 -232 -800 1 0 0 0 1 0 0 0 1 parts/3022.dat
1 25 1300 -232 -840 1 0 0 0 1 0 0 0 1 parts/3022.dat
1 25 1300 -232 -880 1 0 0 0 1 0 0 0 1 parts/3022.dat
1 25 1300 -232 -920 1 0 0 0 1 0 0 0 1 parts/3022.dat
0 STEP
0 // step 669: rack 9: 5 pieces at plate 28
1 25 1300 -232 -960 1 0 0 0 1 0 0 0 1 parts/3022.dat
1 25 1300 -232 -1000 1 0 0 0 1 0 0 0 1 parts/3022.dat
1 25 1300 -232 -1040 1 0 0 0 1 0 0 0 1 parts/3022.dat
1 25 1300 -232 -1080 1 0 0 0 1 0 0 0 1 parts/3022.dat
1 25 1300 -232 -1110 1 0 0 0 1 0 0 0 1 parts/3023.dat
0 STEP
0 // step 670: rack 9: 10 pieces at plate 29
1 25 1290 -240 -580 0 0 -1 0 1 0 1 0 0 parts/3023.dat
1 25 1310 -240 -580 0 0 -1 0 1 0 1 0 0 parts/3023.dat
1 25 1290 -240 -640 0 0 -1 0 1 0 1 0 0 parts/3710.dat
1 25 1310 -240 -640 0 0 -1 0 1 0 1 0 0 parts/3710.dat
1 25 1290 -240 -720 0 0 -1 0 1 0 1 0 0 parts/3710.dat
1 25 1310 -240 -720 0 0 -1 0 1 0 1 0 0 parts/3710.dat
1 25 1290 -240 -800 0 0 -1 0 1 0 1 0 0 parts/3710.dat
1 25 1310 -240 -800 0 0 -1 0 1 0 1 0 0 parts/3710.dat
1 25 1290 -240 -880 0 0 -1 0 1 0 1 0 0 parts/3710.dat
1 25 1310 -240 -880 0 0 -1 0 1 0 1 0 0 parts/3710.dat
0 STEP
0 // step 671: rack 9: 6 pieces at plate 29
1 25 1290 -240 -960 0 0 -1 0 1 0 1 0 0 parts/3710.dat
1 25 1310 -240 -960 0 0 -1 0 1 0 1 0 0 parts/3710.dat
1 25 1290 -240 -1040 0 0 -1 0 1 0 1 0 0 parts/3710.dat
1 25 1310 -240 -1040 0 0 -1 0 1 0 1 0 0 parts/3710.dat
1 25 1290 -240 -1100 0 0 -1 0 1 0 1 0 0 parts/3023.dat
1 25 1310 -240 -1100 0 0 -1 0 1 0 1 0 0 parts/3023.dat
0 STEP
0 // step 672: rack 9: 6 pieces at plate 30
1 4 1300 -264 -620 1 0 0 0 1 0 0 0 1 parts/3003.dat
1 19 1300 -264 -660 1 0 0 0 1 0 0 0 1 parts/3003.dat
1 19 1300 -264 -740 1 0 0 0 1 0 0 0 1 parts/3003.dat
1 1 1300 -264 -860 1 0 0 0 1 0 0 0 1 parts/3003.dat
1 4 1300 -264 -900 1 0 0 0 1 0 0 0 1 parts/3003.dat
1 4 1300 -264 -1020 1 0 0 0 1 0 0 0 1 parts/3003.dat
0 STEP
0 // step 673: rack 9: 1 piece at plate 33
1 4 1300 -288 -620 1 0 0 0 1 0 0 0 1 parts/3003.dat
0 STEP
0 // step 674: end cap 9: 2 pieces at plate 0
1 71 1290 -24 -510 1 0 0 0 1 0 0 0 1 parts/3062b.dat
1 4 1300 -24 -540 1 0 0 0 1 0 0 0 1 parts/3003.dat
0 STEP
0 // step 675: end cap 9: 5 pieces at plate 3
1 71 1290 -48 -510 1 0 0 0 1 0 0 0 1 parts/3062b.dat
1 4 1290 -48 -530 1 0 0 0 1 0 0 0 1 parts/3005.dat
1 4 1310 -48 -530 1 0 0 0 1 0 0 0 1 parts/3005.dat
1 4 1290 -48 -550 1 0 0 0 1 0 0 0 1 parts/3005.dat
1 4 1310 -48 -550 1 0 0 0 1 0 0 0 1 parts/3005.dat
0 STEP
0 // step 676: end cap 9: 3 pieces at plate 6
1 71 1290 -72 -510 1 0 0 0 1 0 0 0 1 parts/3062b.dat
1 27 1290 -72 -530 1 0 0 0 1 0 0 0 1 parts/3005.dat
1 70 1310 -72 -550 1 0 0 0 1 0 0 0 1 parts/3005.dat
0 STEP
0 // step 677: end cap 9: 1 piece at plate 9
1 71 1290 -96 -510 1 0 0 0 1 0 0 0 1 parts/3062b.dat
0 STEP
0 // step 678: end cap 9: 1 piece at plate 12
1 71 1290 -120 -510 1 0 0 0 1 0 0 0 1 parts/3062b.dat
0 STEP
0 // step 679: end cap 9: 1 piece at plate 15
1 1 1300 -128 -510 1 0 0 0 1 0 0 0 1 parts/3710.dat
0 STEP
0 // step 680: end cap 9: 1 piece at plate 16
1 1 1300 -136 -510 1 0 0 0 1 0 0 0 1 parts/3710.dat
0 STEP
0 // step 681: end cap 9: 1 piece at plate 17
1 14 1290 -144 -510 1 0 0 0 1 0 0 0 1 parts/3024.dat
0 STEP
0 // step 682: rack 10: 10 pieces at plate 0
1 25 1430 -24 -570 1 0 0 0 1 0 0 0 1 parts/3062b.dat
1 25 1450 -24 -570 1 0 0 0 1 0 0 0 1 parts/3062b.dat
1 1 1440 -24 -620 1 0 0 0 1 0 0 0 1 parts/3003.dat
1 28 1440 -24 -660 1 0 0 0 1 0 0 0 1 parts/3003.dat
1 25 1430 -24 -690 1 0 0 0 1 0 0 0 1 parts/3062b.dat
1 25 1450 -24 -690 1 0 0 0 1 0 0 0 1 parts/3062b.dat
1 28 1440 -24 -740 1 0 0 0 1 0 0 0 1 parts/3003.dat
1 25 1430 -24 -810 1 0 0 0 1 0 0 0 1 parts/3062b.dat
1 25 1450 -24 -810 1 0 0 0 1 0 0 0 1 parts/3062b.dat
1 28 1440 -24 -860 1 0 0 0 1 0 0 0 1 parts/3003.dat
0 STEP
0 // step 683: rack 10: 8 pieces at plate 0
1 19 1440 -24 -900 1 0 0 0 1 0 0 0 1 parts/3003.dat
1 25 1430 -24 -930 1 0 0 0 1 0 0 0 1 parts/3062b.dat
1 25 1450 -24 -930 1 0 0 0 1 0 0 0 1 parts/3062b.dat
1 28 1440 -24 -980 1 0 0 0 1 0 0 0 1 parts/3003.dat
1 25 1430 -24 -1050 1 0 0 0 1 0 0 0 1 parts/3062b.dat
1 25 1450 -24 -1050 1 0 0 0 1 0 0 0 1 parts/3062b.dat
1 25 1430 -24 -1110 1 0 0 0 1 0 0 0 1 parts/3062b.dat
1 25 1450 -24 -1110 1 0 0 0 1 0 0 0 1 parts/3062b.dat
0 STEP
0 // step 684: rack 10: 10 pieces at plate 3
1 25 1430 -48 -570 1 0 0 0 1 0 0 0 1 parts/3062b.dat
1 25 1450 -48 -570 1 0 0 0 1 0 0 0 1 parts/3062b.dat
1 1 1440 -48 -620 1 0 0 0 1 0 0 0 1 parts/3003.dat
1 28 1440 -48 -660 1 0 0 0 1 0 0 0 1 parts/3003.dat
1 25 1430 -48 -690 1 0 0 0 1 0 0 0 1 parts/3062b.dat
1 25 1450 -48 -690 1 0 0 0 1 0 0 0 1 parts/3062b.dat
1 25 1430 -48 -810 1 0 0 0 1 0 0 0 1 parts/3062b.dat
1 25 1450 -48 -810 1 0 0 0 1 0 0 0 1 parts/3062b.dat
1 25 1430 -48 -930 1 0 0 0 1 0 0 0 1 parts/3062b.dat
1 25 1450 -48 -930 1 0 0 0 1 0 0 0 1 parts/3062b.dat
0 STEP
0 // step 685: rack 10: 5 pieces at plate 3
1 28 1440 -48 -980 1 0 0 0 1 0 0 0 1 parts/3003.dat
1 25 1430 -48 -1050 1 0 0 0 1 0 0 0 1 parts/3062b.dat
1 25 1450 -48 -1050 1 0 0 0 1 0 0 0 1 parts/3062b.dat
1 25 1430 -48 -1110 1 0 0 0 1 0 0 0 1 parts/3062b.dat
1 25 1450 -48 -1110 1 0 0 0 1 0 0 0 1 parts/3062b.dat
0 STEP
0 // step 686: rack 10: 10 pieces at plate 6
1 25 1430 -72 -570 1 0 0 0 1 0 0 0 1 parts/3062b.dat
1 25 1450 -72 -570 1 0 0 0 1 0 0 0 1 parts/3062b.dat
1 25 1430 -72 -690 1 0 0 0 1 0 0 0 1 parts/3062b.dat
1 25 1450 -72 -690 1 0 0 0 1 0 0 0 1 parts/3062b.dat
1 25 1430 -72 -810 1 0 0 0 1 0 0 0 1 parts/3062b.dat
1 25 1450 -72 -810 1 0 0 0 1 0 0 0 1 parts/3062b.dat
1 25 1430 -72 -930 1 0 0 0 1 0 0 0 1 parts/3062b.dat
1 25 1450 -72 -930 1 0 0 0 1 0 0 0 1 parts/3062b.dat
1 25 1430 -72 -1050 1 0 0 0 1 0 0 0 1 parts/3062b.dat
1 25 1450 -72 -1050 1 0 0 0 1 0 0 0 1 parts/3062b.dat
0 STEP
0 // step 687: rack 10: 2 pieces at plate 6
1 25 1430 -72 -1110 1 0 0 0 1 0 0 0 1 parts/3062b.dat
1 25 1450 -72 -1110 1 0 0 0 1 0 0 0 1 parts/3062b.dat
0 STEP
0 // step 688: rack 10: 10 pieces at plate 9
1 25 1440 -80 -580 1 0 0 0 1 0 0 0 1 parts/3022.dat
1 25 1440 -80 -620 1 0 0 0 1 0 0 0 1 parts/3022.dat
1 25 1440 -80 -660 1 0 0 0 1 0 0 0 1 parts/3022.dat
1 25 1440 -80 -700 1 0 0 0 1 0 0 0 1 parts/3022.dat
1 25 1440 -80 -740 1 0 0 0 1 0 0 0 1 parts/3022.dat
1 25 1440 -80 -780 1 0 0 0 1 0 0 0 1 parts/3022.dat
1 25 1440 -80 -820 1 0 0 0 1 0 0 0 1 parts/3022.dat
1 25 1440 -80 -860 1 0 0 0 1 0 0 0 1 parts/3022.dat
1 25 1440 -80 -900 1 0 0 0 1 0 0 0 1 parts/3022.dat
1 25 1440 -80 -940 1 0 0 0 1 0 0 0 1 parts/3022.dat
0 STEP
0 // step 689: rack 10: 4 pieces at plate 9
1 25 1440 -80 -980 1 0 0 0 1 0 0 0 1 parts/3022.dat
1 25 1440 -80 -1020 1 0 0 0 1 0 0 0 1 parts/3022.dat
1 25 1440 -80 -1060 1 0 0 0 1 0 0 0 1 parts/3022.dat
1 25 1440 -80 -1100 1 0 0 0 1 0 0 0 1 parts/3022.dat
0 STEP
0 // step 690: rack 10: 10 pieces at plate 10
1 25 1440 -88 -570 1 0 0 0 1 0 0 0 1 parts/3023.dat
1 25 1440 -88 -600 1 0 0 0 1 0 0 0 1 parts/3022.dat
1 25 1440 -88 -640 1 0 0 0 1 0 0 0 1 parts/3022.dat
1 25 1440 -88 -680 1 0 0 0 1 0 0 0 1 parts/3022.dat
1 25 1440 -88 -720 1 0 0 0 1 0 0 0 1 parts/3022.dat
1 25 1440 -88 -760 1 0 0 0 1 0 0 0 1 parts/3022.dat
1 25 1440 -88 -800 1 0 0 0 1 0 0 0 1 parts/3022.dat
1 25 1440 -88 -840 1 0 0 0 1 0 0 0 1 parts/3022.dat
1 25 1440 -88 -880 1 0 0 0 1 0 0 0 1 parts/3022.dat
1 25 1440 -88 -920 1 0 0 0 1 0 0 0 1 parts/3022.dat
0 STEP
0 // step 691: rack 10: 5 pieces at plate 10
1 25 1440 -88 -960 1 0 0 0 1 0 0 0 1 parts/3022.dat
1 25 1440 -88 -1000 1 0 0 0 1 0 0 0 1 parts/3022.dat
1 25 1440 -88 -1040 1 0 0 0 1 0 0 0 1 parts/3022.dat
1 25 1440 -88 -1080 1 0 0 0 1 0 0 0 1 parts/3022.dat
1 25 1440 -88 -1110 1 0 0 0 1 0 0 0 1 parts/3023.dat
0 STEP
0 // step 692: rack 10: 10 pieces at plate 11
1 25 1430 -96 -580 0 0 -1 0 1 0 1 0 0 parts/3023.dat
1 25 1450 -96 -580 0 0 -1 0 1 0 1 0 0 parts/3023.dat
1 25 1430 -96 -640 0 0 -1 0 1 0 1 0 0 parts/3710.dat
1 25 1450 -96 -640 0 0 -1 0 1 0 1 0 0 parts/3710.dat
1 25 1430 -96 -720 0 0 -1 0 1 0 1 0 0 parts/3710.dat
1 25 1450 -96 -720 0 0 -1 0 1 0 1 0 0 parts/3710.dat
1 25 1430 -96 -800 0 0 -1 0 1 0 1 0 0 parts/3710.dat
1 25 1450 -96 -800 0 0 -1 0 1 0 1 0 0 parts/3710.dat
1 25 1430 -96 -880 0 0 -1 0 1 0 1 0 0 parts/3710.dat
1 25 1450 -96 -880 0 0 -1 0 1 0 1 0 0 parts/3710.dat
0 STEP
0 // step 693: rack 10: 6 pieces at plate 11
1 25 1430 -96 -960 0 0 -1 0 1 0 1 0 0 parts/3710.dat
1 25 1450 -96 -960 0 0 -1 0 1 0 1 0 0 parts/3710.dat
1 25 1430 -96 -1040 0 0 -1 0 1 0 1 0 0 parts/3710.dat
1 25 1450 -96 -1040 0 0 -1 0 1 0 1 0 0 parts/3710.dat
1 25 1430 -96 -1100 0 0 -1 0 1 0 1 0 0 parts/3023.dat
1 25 1450 -96 -1100 0 0 -1 0 1 0 1 0 0 parts/3023.dat
0 STEP
0 // step 694: rack 10: 10 pieces at plate 12
1 25 1430 -120 -570 1 0 0 0 1 0 0 0 1 parts/3062b.dat
1 25 1450 -120 -570 1 0 0 0 1 0 0 0 1 parts/3062b.dat
1 28 1440 -120 -620 1 0 0 0 1 0 0 0 1 parts/3003.dat
1 19 1440 -120 -660 1 0 0 0 1 0 0 0 1 parts/3003.dat
1 25 1430 -120 -690 1 0 0 0 1 0 0 0 1 parts/3062b.dat
1 25 1450 -120 -690 1 0 0 0 1 0 0 0 1 parts/3062b.dat
1 19 1440 -120 -740 1 0 0 0 1 0 0 0 1 parts/3003.dat
1 28 1440 -120 -780 1 0 0 0 1 0 0 0 1 parts/3003.dat
1 25 1430 -120 -810 1 0 0 0 1 0 0 0 1 parts/3062b.dat
1 25 1450 -120 -810 1 0 0 0 1 0 0 0 1 parts/3062b.dat
0 STEP
0 // step 695: rack 10: 9 pieces at plate 12
1 19 1440 -120 -860 1 0 0 0 1 0 0 0 1 parts/3003.dat
1 19 1440 -120 -900 1 0 0 0 1 0 0 0 1 parts/3003.dat
1 25 1430 -120 -930 1 0 0 0 1 0 0 0 1 parts/3062b.dat
1 25 1450 -120 -930 1 0 0 0 1 0 0 0 1 parts/3062b.dat
1 19 1440 -120 -980 1 0 0 0 1 0 0 0 1 parts/3003.dat
1 25 1430 -120 -1050 1 0 0 0 1 0 0 0 1 parts/3062b.dat
1 25 1450 -120 -1050 1 0 0 0 1 0 0 0 1 parts/3062b.dat
1 25 1430 -120 -1110 1 0 0 0 1 0 0 0 1 parts/3062b.dat
1 25 1450 -120 -1110 1 0 0 0 1 0 0 0 1 parts/3062b.dat
0 STEP
0 // step 696: rack 10: 10 pieces at plate 15
1 25 1430 -144 -570 1 0 0 0 1 0 0 0 1 parts/3062b.dat
1 25 1450 -144 -570 1 0 0 0 1 0 0 0 1 parts/3062b.dat
1 28 1440 -144 -620 1 0 0 0 1 0 0 0 1 parts/3003.dat
1 19 1440 -144 -660 1 0 0 0 1 0 0 0 1 parts/3003.dat
1 25 1430 -144 -690 1 0 0 0 1 0 0 0 1 parts/3062b.dat
1 25 1450 -144 -690 1 0 0 0 1 0 0 0 1 parts/3062b.dat
1 28 1440 -144 -780 1 0 0 0 1 0 0 0 1 parts/3003.dat
1 25 1430 -144 -810 1 0 0 0 1 0 0 0 1 parts/3062b.dat
1 25 1450 -144 -810 1 0 0 0 1 0 0 0 1 parts/3062b.dat
1 25 1430 -144 -930 1 0 0 0 1 0 0 0 1 parts/3062b.dat
0 STEP
0 // step 697: rack 10: 6 pieces at plate 15
1 25 1450 -144 -930 1 0 0 0 1 0 0 0 1 parts/3062b.dat
1 19 1440 -144 -980 1 0 0 0 1 0 0 0 1 parts/3003.dat
1 25 1430 -144 -1050 1 0 0 0 1 0 0 0 1 parts/3062b.dat
1 25 1450 -144 -1050 1 0 0 0 1 0 0 0 1 parts/3062b.dat
1 25 1430 -144 -1110 1 0 0 0 1 0 0 0 1 parts/3062b.dat
1 25 1450 -144 -1110 1 0 0 0 1 0 0 0 1 parts/3062b.dat
0 STEP
0 // step 698: rack 10: 10 pieces at plate 18
1 25 1440 -152 -580 1 0 0 0 1 0 0 0 1 parts/3022.dat
1 25 1440 -152 -620 1 0 0 0 1 0 0 0 1 parts/3022.dat
1 25 1440 -152 -660 1 0 0 0 1 0 0 0 1 parts/3022.dat
1 25 1440 -152 -700 1 0 0 0 1 0 0 0 1 parts/3022.dat
1 25 1440 -152 -740 1 0 0 0 1 0 0 0 1 parts/3022.dat
1 25 1440 -152 -780 1 0 0 0 1 0 0 0 1 parts/3022.dat
1 25 1440 -152 -820 1 0 0 0 1 0 0 0 1 parts/3022.dat
1 25 1440 -152 -860 1 0 0 0 1 0 0 0 1 parts/3022.dat
1 25 1440 -152 -900 1 0 0 0 1 0 0 0 1 parts/3022.dat
1 25 1440 -152 -940 1 0 0 0 1 0 0 0 1 parts/3022.dat
0 STEP
0 // step 699: rack 10: 4 pieces at plate 18
1 25 1440 -152 -980 1 0 0 0 1 0 0 0 1 parts/3022.dat
1 25 1440 -152 -1020 1 0 0 0 1 0 0 0 1 parts/3022.dat
1 25 1440 -152 -1060 1 0 0 0 1 0 0 0 1 parts/3022.dat
1 25 1440 -152 -1100 1 0 0 0 1 0 0 0 1 parts/3022.dat
0 STEP
0 // step 700: rack 10: 10 pieces at plate 19
1 25 1440 -160 -570 1 0 0 0 1 0 0 0 1 parts/3023.dat
1 25 1440 -160 -600 1 0 0 0 1 0 0 0 1 parts/3022.dat
1 25 1440 -160 -640 1 0 0 0 1 0 0 0 1 parts/3022.dat
1 25 1440 -160 -680 1 0 0 0 1 0 0 0 1 parts/3022.dat
1 25 1440 -160 -720 1 0 0 0 1 0 0 0 1 parts/3022.dat
1 25 1440 -160 -760 1 0 0 0 1 0 0 0 1 parts/3022.dat
1 25 1440 -160 -800 1 0 0 0 1 0 0 0 1 parts/3022.dat
1 25 1440 -160 -840 1 0 0 0 1 0 0 0 1 parts/3022.dat
1 25 1440 -160 -880 1 0 0 0 1 0 0 0 1 parts/3022.dat
1 25 1440 -160 -920 1 0 0 0 1 0 0 0 1 parts/3022.dat
0 STEP
0 // step 701: rack 10: 5 pieces at plate 19
1 25 1440 -160 -960 1 0 0 0 1 0 0 0 1 parts/3022.dat
1 25 1440 -160 -1000 1 0 0 0 1 0 0 0 1 parts/3022.dat
1 25 1440 -160 -1040 1 0 0 0 1 0 0 0 1 parts/3022.dat
1 25 1440 -160 -1080 1 0 0 0 1 0 0 0 1 parts/3022.dat
1 25 1440 -160 -1110 1 0 0 0 1 0 0 0 1 parts/3023.dat
0 STEP
0 // step 702: rack 10: 10 pieces at plate 20
1 25 1430 -168 -580 0 0 -1 0 1 0 1 0 0 parts/3023.dat
1 25 1450 -168 -580 0 0 -1 0 1 0 1 0 0 parts/3023.dat
1 25 1430 -168 -640 0 0 -1 0 1 0 1 0 0 parts/3710.dat
1 25 1450 -168 -640 0 0 -1 0 1 0 1 0 0 parts/3710.dat
1 25 1430 -168 -720 0 0 -1 0 1 0 1 0 0 parts/3710.dat
1 25 1450 -168 -720 0 0 -1 0 1 0 1 0 0 parts/3710.dat
1 25 1430 -168 -800 0 0 -1 0 1 0 1 0 0 parts/3710.dat
1 25 1450 -168 -800 0 0 -1 0 1 0 1 0 0 parts/3710.dat
1 25 1430 -168 -880 0 0 -1 0 1 0 1 0 0 parts/3710.dat
1 25 1450 -168 -880 0 0 -1 0 1 0 1 0 0 parts/3710.dat
0 STEP
0 // step 703: rack 10: 6 pieces at plate 20
1 25 1430 -168 -960 0 0 -1 0 1 0 1 0 0 parts/3710.dat
1 25 1450 -168 -960 0 0 -1 0 1 0 1 0 0 parts/3710.dat
1 25 1430 -168 -1040 0 0 -1 0 1 0 1 0 0 parts/3710.dat
1 25 1450 -168 -1040 0 0 -1 0 1 0 1 0 0 parts/3710.dat
1 25 1430 -168 -1100 0 0 -1 0 1 0 1 0 0 parts/3023.dat
1 25 1450 -168 -1100 0 0 -1 0 1 0 1 0 0 parts/3023.dat
0 STEP
0 // step 704: rack 10: 10 pieces at plate 21
1 25 1430 -192 -570 1 0 0 0 1 0 0 0 1 parts/3062b.dat
1 25 1450 -192 -570 1 0 0 0 1 0 0 0 1 parts/3062b.dat
1 15 1440 -192 -620 1 0 0 0 1 0 0 0 1 parts/3003.dat
1 25 1430 -192 -690 1 0 0 0 1 0 0 0 1 parts/3062b.dat
1 25 1450 -192 -690 1 0 0 0 1 0 0 0 1 parts/3062b.dat
1 15 1440 -192 -740 1 0 0 0 1 0 0 0 1 parts/3003.dat
1 19 1440 -192 -780 1 0 0 0 1 0 0 0 1 parts/3003.dat
1 25 1430 -192 -810 1 0 0 0 1 0 0 0 1 parts/3062b.dat
1 25 1450 -192 -810 1 0 0 0 1 0 0 0 1 parts/3062b.dat
1 1 1440 -192 -860 1 0 0 0 1 0 0 0 1 parts/3003.dat
0 STEP
0 // step 705: rack 10: 9 pieces at plate 21
1 4 1440 -192 -900 1 0 0 0 1 0 0 0 1 parts/3003.dat
1 25 1430 -192 -930 1 0 0 0 1 0 0 0 1 parts/3062b.dat
1 25 1450 -192 -930 1 0 0 0 1 0 0 0 1 parts/3062b.dat
1 28 1440 -192 -980 1 0 0 0 1 0 0 0 1 parts/3003.dat
1 1 1440 -192 -1020 1 0 0 0 1 0 0 0 1 parts/3003.dat
1 25 1430 -192 -1050 1 0 0 0 1 0 0 0 1 parts/3062b.dat
1 25 1450 -192 -1050 1 0 0 0 1 0 0 0 1 parts/3062b.dat
1 25 1430 -192 -1110 1 0 0 0 1 0 0 0 1 parts/3062b.dat
1 25 1450 -192 -1110 1 0 0 0 1 0 0 0 1 parts/3062b.dat
0 STEP
0 // step 706: rack 10: 10 pieces at plate 24
1 25 1430 -216 -570 1 0 0 0 1 0 0 0 1 parts/3062b.dat
1 25 1450 -216 -570 1 0 0 0 1 0 0 0 1 parts/3062b.dat
1 15 1440 -216 -620 1 0 0 0 1 0 0 0 1 parts/3003.dat
1 25 1430 -216 -690 1 0 0 0 1 0 0 0 1 parts/3062b.dat
1 25 1450 -216 -690 1 0 0 0 1 0 0 0 1 parts/3062b.dat
1 15 1440 -216 -740 1 0 0 0 1 0 0 0 1 parts/3003.dat
1 25 1430 -216 -810 1 0 0 0 1 0 0 0 1 parts/3062b.dat
1 25 1450 -216 -810 1 0 0 0 1 0 0 0 1 parts/3062b.dat
1 25 1430 -216 -930 1 0 0 0 1 0 0 0 1 parts/3062b.dat
1 25 1450 -216 -930 1 0 0 0 1 0 0 0 1 parts/3062b.dat
0 STEP
0 // step 707: rack 10: 4 pieces at plate 24
1 25 1430 -216 -1050 1 0 0 0 1 0 0 0 1 parts/3062b.dat
1 25 1450 -216 -1050 1 0 0 0 1 0 0 0 1 parts/3062b.dat
1 25 1430 -216 -1110 1 0 0 0 1 0 0 0 1 parts/3062b.dat
1 25 1450 -216 -1110 1 0 0 0 1 0 0 0 1 parts/3062b.dat
0 STEP
0 // step 708: rack 10: 10 pieces at plate 27
1 25 1440 -224 -580 1 0 0 0 1 0 0 0 1 parts/3022.dat
1 25 1440 -224 -620 1 0 0 0 1 0 0 0 1 parts/3022.dat
1 25 1440 -224 -660 1 0 0 0 1 0 0 0 1 parts/3022.dat
1 25 1440 -224 -700 1 0 0 0 1 0 0 0 1 parts/3022.dat
1 25 1440 -224 -740 1 0 0 0 1 0 0 0 1 parts/3022.dat
1 25 1440 -224 -780 1 0 0 0 1 0 0 0 1 parts/3022.dat
1 25 1440 -224 -820 1 0 0 0 1 0 0 0 1 parts/3022.dat
1 25 1440 -224 -860 1 0 0 0 1 0 0 0 1 parts/3022.dat
1 25 1440 -224 -900 1 0 0 0 1 0 0 0 1 parts/3022.dat
1 25 1440 -224 -940 1 0 0 0 1 0 0 0 1 parts/3022.dat
0 STEP
0 // step 709: rack 10: 4 pieces at plate 27
1 25 1440 -224 -980 1 0 0 0 1 0 0 0 1 parts/3022.dat
1 25 1440 -224 -1020 1 0 0 0 1 0 0 0 1 parts/3022.dat
1 25 1440 -224 -1060 1 0 0 0 1 0 0 0 1 parts/3022.dat
1 25 1440 -224 -1100 1 0 0 0 1 0 0 0 1 parts/3022.dat
0 STEP
0 // step 710: rack 10: 10 pieces at plate 28
1 25 1440 -232 -570 1 0 0 0 1 0 0 0 1 parts/3023.dat
1 25 1440 -232 -600 1 0 0 0 1 0 0 0 1 parts/3022.dat
1 25 1440 -232 -640 1 0 0 0 1 0 0 0 1 parts/3022.dat
1 25 1440 -232 -680 1 0 0 0 1 0 0 0 1 parts/3022.dat
1 25 1440 -232 -720 1 0 0 0 1 0 0 0 1 parts/3022.dat
1 25 1440 -232 -760 1 0 0 0 1 0 0 0 1 parts/3022.dat
1 25 1440 -232 -800 1 0 0 0 1 0 0 0 1 parts/3022.dat
1 25 1440 -232 -840 1 0 0 0 1 0 0 0 1 parts/3022.dat
1 25 1440 -232 -880 1 0 0 0 1 0 0 0 1 parts/3022.dat
1 25 1440 -232 -920 1 0 0 0 1 0 0 0 1 parts/3022.dat
0 STEP
0 // step 711: rack 10: 5 pieces at plate 28
1 25 1440 -232 -960 1 0 0 0 1 0 0 0 1 parts/3022.dat
1 25 1440 -232 -1000 1 0 0 0 1 0 0 0 1 parts/3022.dat
1 25 1440 -232 -1040 1 0 0 0 1 0 0 0 1 parts/3022.dat
1 25 1440 -232 -1080 1 0 0 0 1 0 0 0 1 parts/3022.dat
1 25 1440 -232 -1110 1 0 0 0 1 0 0 0 1 parts/3023.dat
0 STEP
0 // step 712: rack 10: 10 pieces at plate 29
1 25 1430 -240 -580 0 0 -1 0 1 0 1 0 0 parts/3023.dat
1 25 1450 -240 -580 0 0 -1 0 1 0 1 0 0 parts/3023.dat
1 25 1430 -240 -640 0 0 -1 0 1 0 1 0 0 parts/3710.dat
1 25 1450 -240 -640 0 0 -1 0 1 0 1 0 0 parts/3710.dat
1 25 1430 -240 -720 0 0 -1 0 1 0 1 0 0 parts/3710.dat
1 25 1450 -240 -720 0 0 -1 0 1 0 1 0 0 parts/3710.dat
1 25 1430 -240 -800 0 0 -1 0 1 0 1 0 0 parts/3710.dat
1 25 1450 -240 -800 0 0 -1 0 1 0 1 0 0 parts/3710.dat
1 25 1430 -240 -880 0 0 -1 0 1 0 1 0 0 parts/3710.dat
1 25 1450 -240 -880 0 0 -1 0 1 0 1 0 0 parts/3710.dat
0 STEP
0 // step 713: rack 10: 6 pieces at plate 29
1 25 1430 -240 -960 0 0 -1 0 1 0 1 0 0 parts/3710.dat
1 25 1450 -240 -960 0 0 -1 0 1 0 1 0 0 parts/3710.dat
1 25 1430 -240 -1040 0 0 -1 0 1 0 1 0 0 parts/3710.dat
1 25 1450 -240 -1040 0 0 -1 0 1 0 1 0 0 parts/3710.dat
1 25 1430 -240 -1100 0 0 -1 0 1 0 1 0 0 parts/3023.dat
1 25 1450 -240 -1100 0 0 -1 0 1 0 1 0 0 parts/3023.dat
0 STEP
0 // step 714: rack 10: 7 pieces at plate 30
1 19 1440 -264 -620 1 0 0 0 1 0 0 0 1 parts/3003.dat
1 19 1440 -264 -660 1 0 0 0 1 0 0 0 1 parts/3003.dat
1 19 1440 -264 -740 1 0 0 0 1 0 0 0 1 parts/3003.dat
1 4 1440 -264 -780 1 0 0 0 1 0 0 0 1 parts/3003.dat
1 28 1440 -264 -860 1 0 0 0 1 0 0 0 1 parts/3003.dat
1 15 1440 -264 -900 1 0 0 0 1 0 0 0 1 parts/3003.dat
1 28 1440 -264 -980 1 0 0 0 1 0 0 0 1 parts/3003.dat
0 STEP
0 // step 715: rack 10: 3 pieces at plate 33
1 19 1440 -288 -660 1 0 0 0 1 0 0 0 1 parts/3003.dat
1 4 1440 -288 -780 1 0 0 0 1 0 0 0 1 parts/3003.dat
1 28 1440 -288 -860 1 0 0 0 1 0 0 0 1 parts/3003.dat
0 STEP
0 // step 716: end cap 10: 3 pieces at plate 0
1 71 1430 -24 -510 1 0 0 0 1 0 0 0 1 parts/3062b.dat
1 4 1430 -24 -540 0 0 -1 0 1 0 1 0 0 parts/3004.dat
1 4 1450 -24 -540 0 0 -1 0 1 0 1 0 0 parts/3004.dat
0 STEP
0 // step 717: end cap 10: 3 pieces at plate 3
1 71 1430 -48 -510 1 0 0 0 1 0 0 0 1 parts/3062b.dat
1 4 1440 -48 -530 1 0 0 0 1 0 0 0 1 parts/3004.dat
1 4 1440 -48 -550 1 0 0 0 1 0 0 0 1 parts/3004.dat
0 STEP
0 // step 718: end cap 10: 3 pieces at plate 6
1 71 1430 -72 -510 1 0 0 0 1 0 0 0 1 parts/3062b.dat
1 191 1430 -72 -530 1 0 0 0 1 0 0 0 1 parts/3005.dat
1 4 1450 -72 -550 1 0 0 0 1 0 0 0 1 parts/3005.dat
0 STEP
0 // step 719: end cap 10: 1 piece at plate 9
1 71 1430 -96 -510 1 0 0 0 1 0 0 0 1 parts/3062b.dat
0 STEP
0 // step 720: end cap 10: 1 piece at plate 12
1 71 1430 -120 -510 1 0 0 0 1 0 0 0 1 parts/3062b.dat
0 STEP
0 // step 721: end cap 10: 1 piece at plate 15
1 1 1440 -128 -510 1 0 0 0 1 0 0 0 1 parts/3710.dat
0 STEP
0 // step 722: end cap 10: 1 piece at plate 16
1 1 1440 -136 -510 1 0 0 0 1 0 0 0 1 parts/3710.dat
0 STEP
0 // step 723: end cap 10: 1 piece at plate 17
1 14 1430 -144 -510 1 0 0 0 1 0 0 0 1 parts/3024.dat
0 STEP
0 // step 724: bakery racks: 5 pieces at plate 0
1 70 1820 -24 -460 1 0 0 0 1 0 0 0 1 parts/3003.dat
1 70 1820 -24 -520 0 0 -1 0 1 0 1 0 0 parts/3001.dat
1 70 1820 -24 -600 0 0 -1 0 1 0 1 0 0 parts/3001.dat
1 70 1820 -24 -680 0 0 -1 0 1 0 1 0 0 parts/3001.dat
1 70 1820 -24 -740 1 0 0 0 1 0 0 0 1 parts/3003.dat
0 STEP
0 // step 725: bakery racks: 8 pieces at plate 3
1 70 1810 -48 -460 0 0 -1 0 1 0 1 0 0 parts/3004.dat
1 84 1810 -48 -500 0 0 -1 0 1 0 1 0 0 parts/3004.dat
1 19 1810 -48 -540 0 0 -1 0 1 0 1 0 0 parts/3004.dat
1 19 1810 -48 -580 0 0 -1 0 1 0 1 0 0 parts/3004.dat
1 19 1810 -48 -620 0 0 -1 0 1 0 1 0 0 parts/3004.dat
1 19 1810 -48 -660 0 0 -1 0 1 0 1 0 0 parts/3004.dat
1 19 1810 -48 -700 0 0 -1 0 1 0 1 0 0 parts/3004.dat
1 84 1810 -48 -740 0 0 -1 0 1 0 1 0 0 parts/3004.dat
0 STEP
0 // step 726: bakery racks: 4 pieces at plate 6
1 70 1820 -56 -480 0 0 -1 0 1 0 1 0 0 parts/3020.dat
1 70 1820 -56 -560 0 0 -1 0 1 0 1 0 0 parts/3020.dat
1 70 1820 -56 -640 0 0 -1 0 1 0 1 0 0 parts/3020.dat
1 70 1820 -56 -720 0 0 -1 0 1 0 1 0 0 parts/3020.dat
0 STEP
0 // step 727: bakery racks: 4 pieces at plate 7
1 70 1820 -64 -480 0 0 -1 0 1 0 1 0 0 parts/3020.dat
1 70 1820 -64 -560 0 0 -1 0 1 0 1 0 0 parts/3020.dat
1 70 1820 -64 -640 0 0 -1 0 1 0 1 0 0 parts/3020.dat
1 70 1820 -64 -720 0 0 -1 0 1 0 1 0 0 parts/3020.dat
0 STEP
0 // step 728: bakery racks: 4 pieces at plate 8
1 70 1820 -72 -480 0 0 -1 0 1 0 1 0 0 parts/3020.dat
1 70 1820 -72 -560 0 0 -1 0 1 0 1 0 0 parts/3020.dat
1 70 1820 -72 -640 0 0 -1 0 1 0 1 0 0 parts/3020.dat
1 70 1820 -72 -720 0 0 -1 0 1 0 1 0 0 parts/3020.dat
0 STEP
0 // step 729: bakery racks: 7 pieces at plate 9
1 28 1810 -96 -460 0 0 -1 0 1 0 1 0 0 parts/3004.dat
1 28 1810 -96 -500 0 0 -1 0 1 0 1 0 0 parts/3004.dat
1 28 1810 -96 -540 0 0 -1 0 1 0 1 0 0 parts/3004.dat
1 70 1810 -96 -620 0 0 -1 0 1 0 1 0 0 parts/3004.dat
1 84 1810 -96 -660 0 0 -1 0 1 0 1 0 0 parts/3004.dat
1 84 1810 -96 -700 0 0 -1 0 1 0 1 0 0 parts/3004.dat
1 84 1810 -96 -740 0 0 -1 0 1 0 1 0 0 parts/3004.dat
0 STEP
0 // step 730: bakery racks: 4 pieces at plate 12
1 70 1820 -104 -480 0 0 -1 0 1 0 1 0 0 parts/3020.dat
1 70 1820 -104 -560 0 0 -1 0 1 0 1 0 0 parts/3020.dat
1 70 1820 -104 -640 0 0 -1 0 1 0 1 0 0 parts/3020.dat
1 70 1820 -104 -720 0 0 -1 0 1 0 1 0 0 parts/3020.dat
0 STEP
0 // step 731: bakery racks: 4 pieces at plate 13
1 70 1820 -112 -480 0 0 -1 0 1 0 1 0 0 parts/3020.dat
1 70 1820 -112 -560 0 0 -1 0 1 0 1 0 0 parts/3020.dat
1 70 1820 -112 -640 0 0 -1 0 1 0 1 0 0 parts/3020.dat
1 70 1820 -112 -720 0 0 -1 0 1 0 1 0 0 parts/3020.dat
0 STEP
0 // step 732: bakery racks: 4 pieces at plate 14
1 70 1820 -120 -480 0 0 -1 0 1 0 1 0 0 parts/3020.dat
1 70 1820 -120 -560 0 0 -1 0 1 0 1 0 0 parts/3020.dat
1 70 1820 -120 -640 0 0 -1 0 1 0 1 0 0 parts/3020.dat
1 70 1820 -120 -720 0 0 -1 0 1 0 1 0 0 parts/3020.dat
0 STEP
0 // step 733: bakery racks: 4 pieces at plate 15
1 19 1810 -144 -460 0 0 -1 0 1 0 1 0 0 parts/3004.dat
1 84 1810 -144 -540 0 0 -1 0 1 0 1 0 0 parts/3004.dat
1 19 1810 -144 -620 0 0 -1 0 1 0 1 0 0 parts/3004.dat
1 28 1810 -144 -740 0 0 -1 0 1 0 1 0 0 parts/3004.dat
0 STEP
0 // step 734: bakery racks: 4 pieces at plate 18
1 70 1820 -152 -480 0 0 -1 0 1 0 1 0 0 parts/3020.dat
1 70 1820 -152 -560 0 0 -1 0 1 0 1 0 0 parts/3020.dat
1 70 1820 -152 -640 0 0 -1 0 1 0 1 0 0 parts/3020.dat
1 70 1820 -152 -720 0 0 -1 0 1 0 1 0 0 parts/3020.dat
0 STEP
0 // step 735: bakery counter: 3 pieces at plate 0
1 15 1700 -24 -540 1 0 0 0 1 0 0 0 1 parts/3003.dat
1 15 1700 -24 -600 0 0 -1 0 1 0 1 0 0 parts/3001.dat
1 15 1700 -24 -680 0 0 -1 0 1 0 1 0 0 parts/3001.dat
0 STEP
0 // step 736: bakery counter: 6 pieces at plate 3
1 15 1690 -48 -600 0 0 -1 0 1 0 1 0 0 parts/3008.dat
1 15 1710 -48 -600 0 0 -1 0 1 0 1 0 0 parts/3008.dat
1 15 1690 -48 -690 1 0 0 0 1 0 0 0 1 parts/3005.dat
1 15 1710 -48 -690 1 0 0 0 1 0 0 0 1 parts/3005.dat
1 15 1690 -48 -710 1 0 0 0 1 0 0 0 1 parts/3005.dat
1 15 1710 -48 -710 1 0 0 0 1 0 0 0 1 parts/3005.dat
0 STEP
0 // step 737: bakery counter: 3 pieces at plate 6
1 19 1700 -56 -560 0 0 -1 0 1 0 1 0 0 parts/3020.dat
1 19 1700 -56 -640 0 0 -1 0 1 0 1 0 0 parts/3020.dat
1 19 1700 -56 -700 1 0 0 0 1 0 0 0 1 parts/3022.dat
0 STEP
0 // step 738: bakery counter: 3 pieces at plate 7
1 84 1690 -80 -560 0 0 -1 0 1 0 1 0 0 parts/3004.dat
1 84 1690 -80 -620 0 0 -1 0 1 0 1 0 0 parts/3004.dat
1 84 1690 -80 -680 0 0 -1 0 1 0 1 0 0 parts/3004.dat
0 STEP
0 // step 739: deli case: 4 pieces at plate 0
1 15 1660 -24 -860 1 0 0 0 1 0 0 0 1 parts/3003.dat
1 15 1660 -24 -920 0 0 -1 0 1 0 1 0 0 parts/3001.dat
1 15 1660 -24 -1000 0 0 -1 0 1 0 1 0 0 parts/3001.dat
1 15 1660 -24 -1080 0 0 -1 0 1 0 1 0 0 parts/3001.dat
0 STEP
0 // step 740: deli case: 10 pieces at plate 3
1 15 1650 -72 -860 0 0 -1 0 1 0 1 0 0 parts/60592.dat
1 4 1670 -48 -860 0 0 -1 0 1 0 1 0 0 parts/3004.dat
1 15 1650 -72 -900 0 0 -1 0 1 0 1 0 0 parts/60592.dat
1 5 1670 -48 -900 0 0 -1 0 1 0 1 0 0 parts/3004.dat
1 15 1650 -72 -940 0 0 -1 0 1 0 1 0 0 parts/60592.dat
1 14 1670 -48 -940 0 0 -1 0 1 0 1 0 0 parts/3004.dat
1 15 1650 -72 -980 0 0 -1 0 1 0 1 0 0 parts/60592.dat
1 26 1670 -48 -980 0 0 -1 0 1 0 1 0 0 parts/3004.dat
1 15 1650 -72 -1020 0 0 -1 0 1 0 1 0 0 parts/60592.dat
1 4 1670 -48 -1020 0 0 -1 0 1 0 1 0 0 parts/3004.dat
0 STEP
0 // step 741: deli case: 4 pieces at plate 3
1 15 1650 -72 -1060 0 0 -1 0 1 0 1 0 0 parts/60592.dat
1 5 1670 -48 -1060 0 0 -1 0 1 0 1 0 0 parts/3004.dat
1 15 1650 -72 -1100 0 0 -1 0 1 0 1 0 0 parts/60592.dat
1 14 1670 -48 -1100 0 0 -1 0 1 0 1 0 0 parts/3004.dat
0 STEP
0 // step 742: deli case: 3 pieces at plate 6
1 15 1670 -72 -860 0 0 -1 0 1 0 1 0 0 parts/3004.dat
1 15 1670 -72 -960 0 0 -1 0 1 0 1 0 0 parts/3008.dat
1 15 1670 -72 -1080 0 0 -1 0 1 0 1 0 0 parts/3010.dat
0 STEP
0 // step 743: deli counter: 4 pieces at plate 0
1 15 1820 -24 -860 1 0 0 0 1 0 0 0 1 parts/3003.dat
1 15 1820 -24 -920 0 0 -1 0 1 0 1 0 0 parts/3001.dat
1 15 1820 -24 -1000 0 0 -1 0 1 0 1 0 0 parts/3001.dat
1 15 1820 -24 -1080 0 0 -1 0 1 0 1 0 0 parts/3001.dat
0 STEP
0 // step 744: deli counter: 4 pieces at plate 3
1 15 1810 -48 -920 0 0 -1 0 1 0 1 0 0 parts/3008.dat
1 15 1830 -48 -920 0 0 -1 0 1 0 1 0 0 parts/3008.dat
1 15 1810 -48 -1060 0 0 -1 0 1 0 1 0 0 parts/3009.dat
1 15 1830 -48 -1060 0 0 -1 0 1 0 1 0 0 parts/3009.dat
0 STEP
0 // step 745: deli counter: 4 pieces at plate 6
1 15 1820 -72 -860 1 0 0 0 1 0 0 0 1 parts/3003.dat
1 15 1820 -72 -920 0 0 -1 0 1 0 1 0 0 parts/3001.dat
1 15 1820 -72 -1000 0 0 -1 0 1 0 1 0 0 parts/3001.dat
1 15 1820 -72 -1080 0 0 -1 0 1 0 1 0 0 parts/3001.dat
0 STEP
0 // step 746: deli counter: 4 pieces at plate 9
1 72 1820 -80 -880 0 0 -1 0 1 0 1 0 0 parts/3020.dat
1 72 1820 -80 -960 0 0 -1 0 1 0 1 0 0 parts/3020.dat
1 72 1820 -80 -1040 0 0 -1 0 1 0 1 0 0 parts/3020.dat
1 72 1820 -80 -1100 1 0 0 0 1 0 0 0 1 parts/3022.dat
0 STEP
0 // step 747: dairy cooler 1: 10 pieces at plate 0
1 72 90 -24 -1300 0 0 -1 0 1 0 1 0 0 parts/3004.dat
1 15 120 -48 -1290 1 0 0 0 1 0 0 0 1 parts/60592.dat
1 72 150 -24 -1300 0 0 -1 0 1 0 1 0 0 parts/3004.dat
1 15 180 -48 -1290 1 0 0 0 1 0 0 0 1 parts/60592.dat
1 72 210 -24 -1300 0 0 -1 0 1 0 1 0 0 parts/3004.dat
1 15 240 -48 -1290 1 0 0 0 1 0 0 0 1 parts/60592.dat
1 72 270 -24 -1300 0 0 -1 0 1 0 1 0 0 parts/3004.dat
1 15 300 -48 -1290 1 0 0 0 1 0 0 0 1 parts/60592.dat
1 72 330 -24 -1300 0 0 -1 0 1 0 1 0 0 parts/3004.dat
1 15 360 -48 -1290 1 0 0 0 1 0 0 0 1 parts/60592.dat
0 STEP
0 // step 748: dairy cooler 1: 10 pieces at plate 0
1 72 390 -24 -1300 0 0 -1 0 1 0 1 0 0 parts/3004.dat
1 15 420 -48 -1290 1 0 0 0 1 0 0 0 1 parts/60592.dat
1 72 450 -24 -1300 0 0 -1 0 1 0 1 0 0 parts/3004.dat
1 15 480 -48 -1290 1 0 0 0 1 0 0 0 1 parts/60592.dat
1 72 510 -24 -1300 0 0 -1 0 1 0 1 0 0 parts/3004.dat
1 15 540 -48 -1290 1 0 0 0 1 0 0 0 1 parts/60592.dat
1 72 570 -24 -1300 0 0 -1 0 1 0 1 0 0 parts/3004.dat
1 15 600 -48 -1290 1 0 0 0 1 0 0 0 1 parts/60592.dat
1 72 630 -24 -1300 0 0 -1 0 1 0 1 0 0 parts/3004.dat
1 15 660 -48 -1290 1 0 0 0 1 0 0 0 1 parts/60592.dat
0 STEP
0 // step 749: dairy cooler 1: 10 pieces at plate 0
1 72 690 -24 -1300 0 0 -1 0 1 0 1 0 0 parts/3004.dat
1 15 720 -48 -1290 1 0 0 0 1 0 0 0 1 parts/60592.dat
1 72 750 -24 -1300 0 0 -1 0 1 0 1 0 0 parts/3004.dat
1 15 780 -48 -1290 1 0 0 0 1 0 0 0 1 parts/60592.dat
1 72 810 -24 -1300 0 0 -1 0 1 0 1 0 0 parts/3004.dat
1 15 840 -48 -1290 1 0 0 0 1 0 0 0 1 parts/60592.dat
1 72 870 -24 -1300 0 0 -1 0 1 0 1 0 0 parts/3004.dat
1 15 900 -48 -1290 1 0 0 0 1 0 0 0 1 parts/60592.dat
1 72 930 -24 -1300 0 0 -1 0 1 0 1 0 0 parts/3004.dat
1 15 960 -48 -1290 1 0 0 0 1 0 0 0 1 parts/60592.dat
0 STEP
0 // step 750: dairy cooler 1: 10 pieces at plate 0
1 72 990 -24 -1300 0 0 -1 0 1 0 1 0 0 parts/3004.dat
1 15 1020 -48 -1290 1 0 0 0 1 0 0 0 1 parts/60592.dat
1 72 1050 -24 -1300 0 0 -1 0 1 0 1 0 0 parts/3004.dat
1 15 1080 -48 -1290 1 0 0 0 1 0 0 0 1 parts/60592.dat
1 72 1110 -24 -1300 0 0 -1 0 1 0 1 0 0 parts/3004.dat
1 15 1140 -48 -1290 1 0 0 0 1 0 0 0 1 parts/60592.dat
1 72 1170 -24 -1300 0 0 -1 0 1 0 1 0 0 parts/3004.dat
1 15 1200 -48 -1290 1 0 0 0 1 0 0 0 1 parts/60592.dat
1 72 1230 -24 -1300 0 0 -1 0 1 0 1 0 0 parts/3004.dat
1 15 1260 -48 -1290 1 0 0 0 1 0 0 0 1 parts/60592.dat
0 STEP
0 // step 751: dairy cooler 1: 10 pieces at plate 0
1 15 120 -24 -1310 1 0 0 0 1 0 0 0 1 parts/3004.dat
1 25 180 -24 -1310 1 0 0 0 1 0 0 0 1 parts/3004.dat
1 19 240 -24 -1310 1 0 0 0 1 0 0 0 1 parts/3004.dat
1 14 300 -24 -1310 1 0 0 0 1 0 0 0 1 parts/3004.dat
1 5 360 -24 -1310 1 0 0 0 1 0 0 0 1 parts/3004.dat
1 15 420 -24 -1310 1 0 0 0 1 0 0 0 1 parts/3004.dat
1 15 480 -24 -1310 1 0 0 0 1 0 0 0 1 parts/3004.dat
1 25 540 -24 -1310 1 0 0 0 1 0 0 0 1 parts/3004.dat
1 19 600 -24 -1310 1 0 0 0 1 0 0 0 1 parts/3004.dat
1 14 660 -24 -1310 1 0 0 0 1 0 0 0 1 parts/3004.dat
0 STEP
0 // step 752: dairy cooler 1: 10 pieces at plate 0
1 5 720 -24 -1310 1 0 0 0 1 0 0 0 1 parts/3004.dat
1 15 780 -24 -1310 1 0 0 0 1 0 0 0 1 parts/3004.dat
1 15 840 -24 -1310 1 0 0 0 1 0 0 0 1 parts/3004.dat
1 25 900 -24 -1310 1 0 0 0 1 0 0 0 1 parts/3004.dat
1 19 960 -24 -1310 1 0 0 0 1 0 0 0 1 parts/3004.dat
1 14 1020 -24 -1310 1 0 0 0 1 0 0 0 1 parts/3004.dat
1 5 1080 -24 -1310 1 0 0 0 1 0 0 0 1 parts/3004.dat
1 15 1140 -24 -1310 1 0 0 0 1 0 0 0 1 parts/3004.dat
1 15 1200 -24 -1310 1 0 0 0 1 0 0 0 1 parts/3004.dat
1 25 1260 -24 -1310 1 0 0 0 1 0 0 0 1 parts/3004.dat
0 STEP
0 // step 753: dairy cooler 1: 8 pieces at plate 0
1 72 160 -24 -1330 1 0 0 0 1 0 0 0 1 parts/3008.dat
1 72 320 -24 -1330 1 0 0 0 1 0 0 0 1 parts/3008.dat
1 72 480 -24 -1330 1 0 0 0 1 0 0 0 1 parts/3008.dat
1 72 640 -24 -1330 1 0 0 0 1 0 0 0 1 parts/3008.dat
1 72 800 -24 -1330 1 0 0 0 1 0 0 0 1 parts/3008.dat
1 72 960 -24 -1330 1 0 0 0 1 0 0 0 1 parts/3008.dat
1 72 1120 -24 -1330 1 0 0 0 1 0 0 0 1 parts/3008.dat
1 72 1240 -24 -1330 1 0 0 0 1 0 0 0 1 parts/3010.dat
0 STEP
0 // step 754: dairy cooler 1: 10 pieces at plate 3
1 72 90 -48 -1290 1 0 0 0 1 0 0 0 1 parts/3005.dat
1 72 150 -48 -1290 1 0 0 0 1 0 0 0 1 parts/3005.dat
1 72 210 -48 -1290 1 0 0 0 1 0 0 0 1 parts/3005.dat
1 72 270 -48 -1290 1 0 0 0 1 0 0 0 1 parts/3005.dat
1 72 330 -48 -1290 1 0 0 0 1 0 0 0 1 parts/3005.dat
1 72 390 -48 -1290 1 0 0 0 1 0 0 0 1 parts/3005.dat
1 72 450 -48 -1290 1 0 0 0 1 0 0 0 1 parts/3005.dat
1 72 510 -48 -1290 1 0 0 0 1 0 0 0 1 parts/3005.dat
1 72 570 -48 -1290 1 0 0 0 1 0 0 0 1 parts/3005.dat
1 72 630 -48 -1290 1 0 0 0 1 0 0 0 1 parts/3005.dat
0 STEP
0 // step 755: dairy cooler 1: 10 pieces at plate 3
1 72 690 -48 -1290 1 0 0 0 1 0 0 0 1 parts/3005.dat
1 72 750 -48 -1290 1 0 0 0 1 0 0 0 1 parts/3005.dat
1 72 810 -48 -1290 1 0 0 0 1 0 0 0 1 parts/3005.dat
1 72 870 -48 -1290 1 0 0 0 1 0 0 0 1 parts/3005.dat
1 72 930 -48 -1290 1 0 0 0 1 0 0 0 1 parts/3005.dat
1 72 990 -48 -1290 1 0 0 0 1 0 0 0 1 parts/3005.dat
1 72 1050 -48 -1290 1 0 0 0 1 0 0 0 1 parts/3005.dat
1 72 1110 -48 -1290 1 0 0 0 1 0 0 0 1 parts/3005.dat
1 72 1170 -48 -1290 1 0 0 0 1 0 0 0 1 parts/3005.dat
1 72 1230 -48 -1290 1 0 0 0 1 0 0 0 1 parts/3005.dat
0 STEP
0 // step 756: dairy cooler 1: 10 pieces at plate 3
1 72 90 -48 -1320 0 0 -1 0 1 0 1 0 0 parts/3004.dat
1 15 120 -48 -1310 1 0 0 0 1 0 0 0 1 parts/3004.dat
1 72 150 -48 -1320 0 0 -1 0 1 0 1 0 0 parts/3004.dat
1 25 180 -48 -1310 1 0 0 0 1 0 0 0 1 parts/3004.dat
1 72 210 -48 -1320 0 0 -1 0 1 0 1 0 0 parts/3004.dat
1 19 240 -48 -1310 1 0 0 0 1 0 0 0 1 parts/3004.dat
1 72 270 -48 -1320 0 0 -1 0 1 0 1 0 0 parts/3004.dat
1 15 300 -48 -1310 1 0 0 0 1 0 0 0 1 parts/3004.dat
1 72 330 -48 -1320 0 0 -1 0 1 0 1 0 0 parts/3004.dat
1 15 360 -48 -1310 1 0 0 0 1 0 0 0 1 parts/3004.dat
0 STEP
0 // step 757: dairy cooler 1: 10 pieces at plate 3
1 72 390 -48 -1320 0 0 -1 0 1 0 1 0 0 parts/3004.dat
1 1 420 -48 -1310 1 0 0 0 1 0 0 0 1 parts/3004.dat
1 72 450 -48 -1320 0 0 -1 0 1 0 1 0 0 parts/3004.dat
1 15 480 -48 -1310 1 0 0 0 1 0 0 0 1 parts/3004.dat
1 72 510 -48 -1320 0 0 -1 0 1 0 1 0 0 parts/3004.dat
1 25 540 -48 -1310 1 0 0 0 1 0 0 0 1 parts/3004.dat
1 72 570 -48 -1320 0 0 -1 0 1 0 1 0 0 parts/3004.dat
1 19 600 -48 -1310 1 0 0 0 1 0 0 0 1 parts/3004.dat
1 72 630 -48 -1320 0 0 -1 0 1 0 1 0 0 parts/3004.dat
1 15 660 -48 -1310 1 0 0 0 1 0 0 0 1 parts/3004.dat
0 STEP
0 // step 758: dairy cooler 1: 10 pieces at plate 3
1 72 690 -48 -1320 0 0 -1 0 1 0 1 0 0 parts/3004.dat
1 15 720 -48 -1310 1 0 0 0 1 0 0 0 1 parts/3004.dat
1 72 750 -48 -1320 0 0 -1 0 1 0 1 0 0 parts/3004.dat
1 1 780 -48 -1310 1 0 0 0 1 0 0 0 1 parts/3004.dat
1 72 810 -48 -1320 0 0 -1 0 1 0 1 0 0 parts/3004.dat
1 15 840 -48 -1310 1 0 0 0 1 0 0 0 1 parts/3004.dat
1 72 870 -48 -1320 0 0 -1 0 1 0 1 0 0 parts/3004.dat
1 25 900 -48 -1310 1 0 0 0 1 0 0 0 1 parts/3004.dat
1 72 930 -48 -1320 0 0 -1 0 1 0 1 0 0 parts/3004.dat
1 19 960 -48 -1310 1 0 0 0 1 0 0 0 1 parts/3004.dat
0 STEP
0 // step 759: dairy cooler 1: 10 pieces at plate 3
1 72 990 -48 -1320 0 0 -1 0 1 0 1 0 0 parts/3004.dat
1 15 1020 -48 -1310 1 0 0 0 1 0 0 0 1 parts/3004.dat
1 72 1050 -48 -1320 0 0 -1 0 1 0 1 0 0 parts/3004.dat
1 15 1080 -48 -1310 1 0 0 0 1 0 0 0 1 parts/3004.dat
1 72 1110 -48 -1320 0 0 -1 0 1 0 1 0 0 parts/3004.dat
1 1 1140 -48 -1310 1 0 0 0 1 0 0 0 1 parts/3004.dat
1 72 1170 -48 -1320 0 0 -1 0 1 0 1 0 0 parts/3004.dat
1 15 1200 -48 -1310 1 0 0 0 1 0 0 0 1 parts/3004.dat
1 72 1230 -48 -1320 0 0 -1 0 1 0 1 0 0 parts/3004.dat
1 25 1260 -48 -1310 1 0 0 0 1 0 0 0 1 parts/3004.dat
0 STEP
0 // step 760: dairy cooler 1: 10 pieces at plate 3
1 72 120 -48 -1330 1 0 0 0 1 0 0 0 1 parts/3004.dat
1 72 170 -48 -1330 1 0 0 0 1 0 0 0 1 parts/3005.dat
1 72 190 -48 -1330 1 0 0 0 1 0 0 0 1 parts/3005.dat
1 72 240 -48 -1330 1 0 0 0 1 0 0 0 1 parts/3004.dat
1 72 290 -48 -1330 1 0 0 0 1 0 0 0 1 parts/3005.dat
1 72 310 -48 -1330 1 0 0 0 1 0 0 0 1 parts/3005.dat
1 72 360 -48 -1330 1 0 0 0 1 0 0 0 1 parts/3004.dat
1 72 410 -48 -1330 1 0 0 0 1 0 0 0 1 parts/3005.dat
1 72 430 -48 -1330 1 0 0 0 1 0 0 0 1 parts/3005.dat
1 72 480 -48 -1330 1 0 0 0 1 0 0 0 1 parts/3004.dat
0 STEP
0 // step 761: dairy cooler 1: 10 pieces at plate 3
1 72 530 -48 -1330 1 0 0 0 1 0 0 0 1 parts/3005.dat
1 72 550 -48 -1330 1 0 0 0 1 0 0 0 1 parts/3005.dat
1 72 600 -48 -1330 1 0 0 0 1 0 0 0 1 parts/3004.dat
1 72 650 -48 -1330 1 0 0 0 1 0 0 0 1 parts/3005.dat
1 72 670 -48 -1330 1 0 0 0 1 0 0 0 1 parts/3005.dat
1 72 720 -48 -1330 1 0 0 0 1 0 0 0 1 parts/3004.dat
1 72 770 -48 -1330 1 0 0 0 1 0 0 0 1 parts/3005.dat
1 72 790 -48 -1330 1 0 0 0 1 0 0 0 1 parts/3005.dat
1 72 840 -48 -1330 1 0 0 0 1 0 0 0 1 parts/3004.dat
1 72 890 -48 -1330 1 0 0 0 1 0 0 0 1 parts/3005.dat
0 STEP
0 // step 762: dairy cooler 1: 10 pieces at plate 3
1 72 910 -48 -1330 1 0 0 0 1 0 0 0 1 parts/3005.dat
1 72 960 -48 -1330 1 0 0 0 1 0 0 0 1 parts/3004.dat
1 72 1010 -48 -1330 1 0 0 0 1 0 0 0 1 parts/3005.dat
1 72 1030 -48 -1330 1 0 0 0 1 0 0 0 1 parts/3005.dat
1 72 1080 -48 -1330 1 0 0 0 1 0 0 0 1 parts/3004.dat
1 72 1130 -48 -1330 1 0 0 0 1 0 0 0 1 parts/3005.dat
1 72 1150 -48 -1330 1 0 0 0 1 0 0 0 1 parts/3005.dat
1 72 1200 -48 -1330 1 0 0 0 1 0 0 0 1 parts/3004.dat
1 72 1250 -48 -1330 1 0 0 0 1 0 0 0 1 parts/3005.dat
1 72 1270 -48 -1330 1 0 0 0 1 0 0 0 1 parts/3005.dat
0 STEP
0 // step 763: dairy cooler 1: 10 pieces at plate 6
1 72 90 -72 -1300 0 0 -1 0 1 0 1 0 0 parts/3004.dat
1 15 120 -96 -1290 1 0 0 0 1 0 0 0 1 parts/60592.dat
1 72 150 -72 -1300 0 0 -1 0 1 0 1 0 0 parts/3004.dat
1 15 180 -96 -1290 1 0 0 0 1 0 0 0 1 parts/60592.dat
1 72 210 -72 -1300 0 0 -1 0 1 0 1 0 0 parts/3004.dat
1 15 240 -96 -1290 1 0 0 0 1 0 0 0 1 parts/60592.dat
1 72 270 -72 -1300 0 0 -1 0 1 0 1 0 0 parts/3004.dat
1 15 300 -96 -1290 1 0 0 0 1 0 0 0 1 parts/60592.dat
1 72 330 -72 -1300 0 0 -1 0 1 0 1 0 0 parts/3004.dat
1 15 360 -96 -1290 1 0 0 0 1 0 0 0 1 parts/60592.dat
0 STEP
0 // step 764: dairy cooler 1: 10 pieces at plate 6
1 72 390 -72 -1300 0 0 -1 0 1 0 1 0 0 parts/3004.dat
1 15 420 -96 -1290 1 0 0 0 1 0 0 0 1 parts/60592.dat
1 72 450 -72 -1300 0 0 -1 0 1 0 1 0 0 parts/3004.dat
1 15 480 -96 -1290 1 0 0 0 1 0 0 0 1 parts/60592.dat
1 72 510 -72 -1300 0 0 -1 0 1 0 1 0 0 parts/3004.dat
1 15 540 -96 -1290 1 0 0 0 1 0 0 0 1 parts/60592.dat
1 72 570 -72 -1300 0 0 -1 0 1 0 1 0 0 parts/3004.dat
1 15 600 -96 -1290 1 0 0 0 1 0 0 0 1 parts/60592.dat
1 72 630 -72 -1300 0 0 -1 0 1 0 1 0 0 parts/3004.dat
1 15 660 -96 -1290 1 0 0 0 1 0 0 0 1 parts/60592.dat
0 STEP
0 // step 765: dairy cooler 1: 10 pieces at plate 6
1 72 690 -72 -1300 0 0 -1 0 1 0 1 0 0 parts/3004.dat
1 15 720 -96 -1290 1 0 0 0 1 0 0 0 1 parts/60592.dat
1 72 750 -72 -1300 0 0 -1 0 1 0 1 0 0 parts/3004.dat
1 15 780 -96 -1290 1 0 0 0 1 0 0 0 1 parts/60592.dat
1 72 810 -72 -1300 0 0 -1 0 1 0 1 0 0 parts/3004.dat
1 15 840 -96 -1290 1 0 0 0 1 0 0 0 1 parts/60592.dat
1 72 870 -72 -1300 0 0 -1 0 1 0 1 0 0 parts/3004.dat
1 15 900 -96 -1290 1 0 0 0 1 0 0 0 1 parts/60592.dat
1 72 930 -72 -1300 0 0 -1 0 1 0 1 0 0 parts/3004.dat
1 15 960 -96 -1290 1 0 0 0 1 0 0 0 1 parts/60592.dat
0 STEP
0 // step 766: dairy cooler 1: 10 pieces at plate 6
1 72 990 -72 -1300 0 0 -1 0 1 0 1 0 0 parts/3004.dat
1 15 1020 -96 -1290 1 0 0 0 1 0 0 0 1 parts/60592.dat
1 72 1050 -72 -1300 0 0 -1 0 1 0 1 0 0 parts/3004.dat
1 15 1080 -96 -1290 1 0 0 0 1 0 0 0 1 parts/60592.dat
1 72 1110 -72 -1300 0 0 -1 0 1 0 1 0 0 parts/3004.dat
1 15 1140 -96 -1290 1 0 0 0 1 0 0 0 1 parts/60592.dat
1 72 1170 -72 -1300 0 0 -1 0 1 0 1 0 0 parts/3004.dat
1 15 1200 -96 -1290 1 0 0 0 1 0 0 0 1 parts/60592.dat
1 72 1230 -72 -1300 0 0 -1 0 1 0 1 0 0 parts/3004.dat
1 15 1260 -96 -1290 1 0 0 0 1 0 0 0 1 parts/60592.dat
0 STEP
0 // step 767: dairy cooler 1: 10 pieces at plate 6
1 15 120 -72 -1310 1 0 0 0 1 0 0 0 1 parts/3004.dat
1 15 180 -72 -1310 1 0 0 0 1 0 0 0 1 parts/3004.dat
1 19 240 -72 -1310 1 0 0 0 1 0 0 0 1 parts/3004.dat
1 14 300 -72 -1310 1 0 0 0 1 0 0 0 1 parts/3004.dat
1 5 360 -72 -1310 1 0 0 0 1 0 0 0 1 parts/3004.dat
1 15 420 -72 -1310 1 0 0 0 1 0 0 0 1 parts/3004.dat
1 15 480 -72 -1310 1 0 0 0 1 0 0 0 1 parts/3004.dat
1 15 540 -72 -1310 1 0 0 0 1 0 0 0 1 parts/3004.dat
1 19 600 -72 -1310 1 0 0 0 1 0 0 0 1 parts/3004.dat
1 14 660 -72 -1310 1 0 0 0 1 0 0 0 1 parts/3004.dat
0 STEP
0 // step 768: dairy cooler 1: 10 pieces at plate 6
1 5 720 -72 -1310 1 0 0 0 1 0 0 0 1 parts/3004.dat
1 15 780 -72 -1310 1 0 0 0 1 0 0 0 1 parts/3004.dat
1 15 840 -72 -1310 1 0 0 0 1 0 0 0 1 parts/3004.dat
1 15 900 -72 -1310 1 0 0 0 1 0 0 0 1 parts/3004.dat
1 19 960 -72 -1310 1 0 0 0 1 0 0 0 1 parts/3004.dat
1 14 1020 -72 -1310 1 0 0 0 1 0 0 0 1 parts/3004.dat
1 5 1080 -72 -1310 1 0 0 0 1 0 0 0 1 parts/3004.dat
1 15 1140 -72 -1310 1 0 0 0 1 0 0 0 1 parts/3004.dat
1 15 1200 -72 -1310 1 0 0 0 1 0 0 0 1 parts/3004.dat
1 15 1260 -72 -1310 1 0 0 0 1 0 0 0 1 parts/3004.dat
0 STEP
0 // step 769: dairy cooler 1: 8 pieces at plate 6
1 72 160 -72 -1330 1 0 0 0 1 0 0 0 1 parts/3008.dat
1 72 320 -72 -1330 1 0 0 0 1 0 0 0 1 parts/3008.dat
1 72 480 -72 -1330 1 0 0 0 1 0 0 0 1 parts/3008.dat
1 72 640 -72 -1330 1 0 0 0 1 0 0 0 1 parts/3008.dat
1 72 800 -72 -1330 1 0 0 0 1 0 0 0 1 parts/3008.dat
1 72 960 -72 -1330 1 0 0 0 1 0 0 0 1 parts/3008.dat
1 72 1120 -72 -1330 1 0 0 0 1 0 0 0 1 parts/3008.dat
1 72 1240 -72 -1330 1 0 0 0 1 0 0 0 1 parts/3010.dat
0 STEP
0 // step 770: dairy cooler 1: 10 pieces at plate 9
1 72 90 -96 -1290 1 0 0 0 1 0 0 0 1 parts/3005.dat
1 72 150 -96 -1290 1 0 0 0 1 0 0 0 1 parts/3005.dat
1 72 210 -96 -1290 1 0 0 0 1 0 0 0 1 parts/3005.dat
1 72 270 -96 -1290 1 0 0 0 1 0 0 0 1 parts/3005.dat
1 72 330 -96 -1290 1 0 0 0 1 0 0 0 1 parts/3005.dat
1 72 390 -96 -1290 1 0 0 0 1 0 0 0 1 parts/3005.dat
1 72 450 -96 -1290 1 0 0 0 1 0 0 0 1 parts/3005.dat
1 72 510 -96 -1290 1 0 0 0 1 0 0 0 1 parts/3005.dat
1 72 570 -96 -1290 1 0 0 0 1 0 0 0 1 parts/3005.dat
1 72 630 -96 -1290 1 0 0 0 1 0 0 0 1 parts/3005.dat
0 STEP
0 // step 771: dairy cooler 1: 10 pieces at plate 9
1 72 690 -96 -1290 1 0 0 0 1 0 0 0 1 parts/3005.dat
1 72 750 -96 -1290 1 0 0 0 1 0 0 0 1 parts/3005.dat
1 72 810 -96 -1290 1 0 0 0 1 0 0 0 1 parts/3005.dat
1 72 870 -96 -1290 1 0 0 0 1 0 0 0 1 parts/3005.dat
1 72 930 -96 -1290 1 0 0 0 1 0 0 0 1 parts/3005.dat
1 72 990 -96 -1290 1 0 0 0 1 0 0 0 1 parts/3005.dat
1 72 1050 -96 -1290 1 0 0 0 1 0 0 0 1 parts/3005.dat
1 72 1110 -96 -1290 1 0 0 0 1 0 0 0 1 parts/3005.dat
1 72 1170 -96 -1290 1 0 0 0 1 0 0 0 1 parts/3005.dat
1 72 1230 -96 -1290 1 0 0 0 1 0 0 0 1 parts/3005.dat
0 STEP
0 // step 772: dairy cooler 1: 10 pieces at plate 9
1 72 90 -96 -1320 0 0 -1 0 1 0 1 0 0 parts/3004.dat
1 15 120 -96 -1310 1 0 0 0 1 0 0 0 1 parts/3004.dat
1 72 150 -96 -1320 0 0 -1 0 1 0 1 0 0 parts/3004.dat
1 25 180 -96 -1310 1 0 0 0 1 0 0 0 1 parts/3004.dat
1 72 210 -96 -1320 0 0 -1 0 1 0 1 0 0 parts/3004.dat
1 19 240 -96 -1310 1 0 0 0 1 0 0 0 1 parts/3004.dat
1 72 270 -96 -1320 0 0 -1 0 1 0 1 0 0 parts/3004.dat
1 15 300 -96 -1310 1 0 0 0 1 0 0 0 1 parts/3004.dat
1 72 330 -96 -1320 0 0 -1 0 1 0 1 0 0 parts/3004.dat
1 26 360 -96 -1310 1 0 0 0 1 0 0 0 1 parts/3004.dat
0 STEP
0 // step 773: dairy cooler 1: 10 pieces at plate 9
1 72 390 -96 -1320 0 0 -1 0 1 0 1 0 0 parts/3004.dat
1 1 420 -96 -1310 1 0 0 0 1 0 0 0 1 parts/3004.dat
1 72 450 -96 -1320 0 0 -1 0 1 0 1 0 0 parts/3004.dat
1 15 480 -96 -1310 1 0 0 0 1 0 0 0 1 parts/3004.dat
1 72 510 -96 -1320 0 0 -1 0 1 0 1 0 0 parts/3004.dat
1 25 540 -96 -1310 1 0 0 0 1 0 0 0 1 parts/3004.dat
1 72 570 -96 -1320 0 0 -1 0 1 0 1 0 0 parts/3004.dat
1 19 600 -96 -1310 1 0 0 0 1 0 0 0 1 parts/3004.dat
1 72 630 -96 -1320 0 0 -1 0 1 0 1 0 0 parts/3004.dat
1 15 660 -96 -1310 1 0 0 0 1 0 0 0 1 parts/3004.dat
0 STEP
0 // step 774: dairy cooler 1: 10 pieces at plate 9
1 72 690 -96 -1320 0 0 -1 0 1 0 1 0 0 parts/3004.dat
1 26 720 -96 -1310 1 0 0 0 1 0 0 0 1 parts/3004.dat
1 72 750 -96 -1320 0 0 -1 0 1 0 1 0 0 parts/3004.dat
1 1 780 -96 -1310 1 0 0 0 1 0 0 0 1 parts/3004.dat
1 72 810 -96 -1320 0 0 -1 0 1 0 1 0 0 parts/3004.dat
1 15 840 -96 -1310 1 0 0 0 1 0 0 0 1 parts/3004.dat
1 72 870 -96 -1320 0 0 -1 0 1 0 1 0 0 parts/3004.dat
1 25 900 -96 -1310 1 0 0 0 1 0 0 0 1 parts/3004.dat
1 72 930 -96 -1320 0 0 -1 0 1 0 1 0 0 parts/3004.dat
1 19 960 -96 -1310 1 0 0 0 1 0 0 0 1 parts/3004.dat
0 STEP
0 // step 775: dairy cooler 1: 10 pieces at plate 9
1 72 990 -96 -1320 0 0 -1 0 1 0 1 0 0 parts/3004.dat
1 15 1020 -96 -1310 1 0 0 0 1 0 0 0 1 parts/3004.dat
1 72 1050 -96 -1320 0 0 -1 0 1 0 1 0 0 parts/3004.dat
1 26 1080 -96 -1310 1 0 0 0 1 0 0 0 1 parts/3004.dat
1 72 1110 -96 -1320 0 0 -1 0 1 0 1 0 0 parts/3004.dat
1 1 1140 -96 -1310 1 0 0 0 1 0 0 0 1 parts/3004.dat
1 72 1170 -96 -1320 0 0 -1 0 1 0 1 0 0 parts/3004.dat
1 15 1200 -96 -1310 1 0 0 0 1 0 0 0 1 parts/3004.dat
1 72 1230 -96 -1320 0 0 -1 0 1 0 1 0 0 parts/3004.dat
1 72 120 -96 -1330 1 0 0 0 1 0 0 0 1 parts/3004.dat
0 STEP
0 // step 776: dairy cooler 1: 10 pieces at plate 9
1 72 170 -96 -1330 1 0 0 0 1 0 0 0 1 parts/3005.dat
1 72 190 -96 -1330 1 0 0 0 1 0 0 0 1 parts/3005.dat
1 72 240 -96 -1330 1 0 0 0 1 0 0 0 1 parts/3004.dat
1 72 290 -96 -1330 1 0 0 0 1 0 0 0 1 parts/3005.dat
1 72 310 -96 -1330 1 0 0 0 1 0 0 0 1 parts/3005.dat
1 72 360 -96 -1330 1 0 0 0 1 0 0 0 1 parts/3004.dat
1 72 410 -96 -1330 1 0 0 0 1 0 0 0 1 parts/3005.dat
1 72 430 -96 -1330 1 0 0 0 1 0 0 0 1 parts/3005.dat
1 72 480 -96 -1330 1 0 0 0 1 0 0 0 1 parts/3004.dat
1 72 530 -96 -1330 1 0 0 0 1 0 0 0 1 parts/3005.dat
0 STEP
0 // step 777: dairy cooler 1: 10 pieces at plate 9
1 72 550 -96 -1330 1 0 0 0 1 0 0 0 1 parts/3005.dat
1 72 600 -96 -1330 1 0 0 0 1 0 0 0 1 parts/3004.dat
1 72 650 -96 -1330 1 0 0 0 1 0 0 0 1 parts/3005.dat
1 72 670 -96 -1330 1 0 0 0 1 0 0 0 1 parts/3005.dat
1 72 720 -96 -1330 1 0 0 0 1 0 0 0 1 parts/3004.dat
1 72 770 -96 -1330 1 0 0 0 1 0 0 0 1 parts/3005.dat
1 72 790 -96 -1330 1 0 0 0 1 0 0 0 1 parts/3005.dat
1 72 840 -96 -1330 1 0 0 0 1 0 0 0 1 parts/3004.dat
1 72 890 -96 -1330 1 0 0 0 1 0 0 0 1 parts/3005.dat
1 72 910 -96 -1330 1 0 0 0 1 0 0 0 1 parts/3005.dat
0 STEP
0 // step 778: dairy cooler 1: 9 pieces at plate 9
1 72 960 -96 -1330 1 0 0 0 1 0 0 0 1 parts/3004.dat
1 72 1010 -96 -1330 1 0 0 0 1 0 0 0 1 parts/3005.dat
1 72 1030 -96 -1330 1 0 0 0 1 0 0 0 1 parts/3005.dat
1 72 1080 -96 -1330 1 0 0 0 1 0 0 0 1 parts/3004.dat
1 72 1130 -96 -1330 1 0 0 0 1 0 0 0 1 parts/3005.dat
1 72 1150 -96 -1330 1 0 0 0 1 0 0 0 1 parts/3005.dat
1 72 1200 -96 -1330 1 0 0 0 1 0 0 0 1 parts/3004.dat
1 72 1250 -96 -1330 1 0 0 0 1 0 0 0 1 parts/3005.dat
1 72 1270 -96 -1330 1 0 0 0 1 0 0 0 1 parts/3005.dat
0 STEP
0 // step 779: dairy cooler 2: 1 piece at plate 9
1 25 1260 -96 -1310 1 0 0 0 1 0 0 0 1 parts/3004.dat
0 STEP
0 // step 780: dairy cooler 2: 10 pieces at plate 12
1 1 120 -104 -1300 1 0 0 0 1 0 0 0 1 parts/3020.dat
1 1 200 -104 -1300 1 0 0 0 1 0 0 0 1 parts/3020.dat
1 1 280 -104 -1300 1 0 0 0 1 0 0 0 1 parts/3020.dat
1 1 360 -104 -1300 1 0 0 0 1 0 0 0 1 parts/3020.dat
1 1 440 -104 -1300 1 0 0 0 1 0 0 0 1 parts/3020.dat
1 1 520 -104 -1300 1 0 0 0 1 0 0 0 1 parts/3020.dat
1 1 600 -104 -1300 1 0 0 0 1 0 0 0 1 parts/3020.dat
1 1 680 -104 -1300 1 0 0 0 1 0 0 0 1 parts/3020.dat
1 1 760 -104 -1300 1 0 0 0 1 0 0 0 1 parts/3020.dat
1 1 840 -104 -1300 1 0 0 0 1 0 0 0 1 parts/3020.dat
0 STEP
0 // step 781: dairy cooler 2: 10 pieces at plate 12
1 1 920 -104 -1300 1 0 0 0 1 0 0 0 1 parts/3020.dat
1 1 1000 -104 -1300 1 0 0 0 1 0 0 0 1 parts/3020.dat
1 1 1080 -104 -1300 1 0 0 0 1 0 0 0 1 parts/3020.dat
1 1 1160 -104 -1300 1 0 0 0 1 0 0 0 1 parts/3020.dat
1 1 1240 -104 -1300 1 0 0 0 1 0 0 0 1 parts/3020.dat
1 1 100 -104 -1330 1 0 0 0 1 0 0 0 1 parts/3023.dat
1 1 140 -104 -1330 1 0 0 0 1 0 0 0 1 parts/3023.dat
1 1 180 -104 -1330 1 0 0 0 1 0 0 0 1 parts/3023.dat
1 1 220 -104 -1330 1 0 0 0 1 0 0 0 1 parts/3023.dat
1 1 260 -104 -1330 1 0 0 0 1 0 0 0 1 parts/3023.dat
0 STEP
0 // step 782: dairy cooler 2: 10 pieces at plate 12
1 1 300 -104 -1330 1 0 0 0 1 0 0 0 1 parts/3023.dat
1 1 340 -104 -1330 1 0 0 0 1 0 0 0 1 parts/3023.dat
1 1 380 -104 -1330 1 0 0 0 1 0 0 0 1 parts/3023.dat
1 1 420 -104 -1330 1 0 0 0 1 0 0 0 1 parts/3023.dat
1 1 460 -104 -1330 1 0 0 0 1 0 0 0 1 parts/3023.dat
1 1 500 -104 -1330 1 0 0 0 1 0 0 0 1 parts/3023.dat
1 1 540 -104 -1330 1 0 0 0 1 0 0 0 1 parts/3023.dat
1 1 580 -104 -1330 1 0 0 0 1 0 0 0 1 parts/3023.dat
1 1 620 -104 -1330 1 0 0 0 1 0 0 0 1 parts/3023.dat
1 1 660 -104 -1330 1 0 0 0 1 0 0 0 1 parts/3023.dat
0 STEP
0 // step 783: dairy cooler 2: 10 pieces at plate 12
1 1 700 -104 -1330 1 0 0 0 1 0 0 0 1 parts/3023.dat
1 1 740 -104 -1330 1 0 0 0 1 0 0 0 1 parts/3023.dat
1 1 780 -104 -1330 1 0 0 0 1 0 0 0 1 parts/3023.dat
1 1 820 -104 -1330 1 0 0 0 1 0 0 0 1 parts/3023.dat
1 1 860 -104 -1330 1 0 0 0 1 0 0 0 1 parts/3023.dat
1 1 900 -104 -1330 1 0 0 0 1 0 0 0 1 parts/3023.dat
1 1 940 -104 -1330 1 0 0 0 1 0 0 0 1 parts/3023.dat
1 1 980 -104 -1330 1 0 0 0 1 0 0 0 1 parts/3023.dat
1 1 1020 -104 -1330 1 0 0 0 1 0 0 0 1 parts/3023.dat
1 1 1060 -104 -1330 1 0 0 0 1 0 0 0 1 parts/3023.dat
0 STEP
0 // step 784: dairy cooler 2: 5 pieces at plate 12
1 1 1100 -104 -1330 1 0 0 0 1 0 0 0 1 parts/3023.dat
1 1 1140 -104 -1330 1 0 0 0 1 0 0 0 1 parts/3023.dat
1 1 1180 -104 -1330 1 0 0 0 1 0 0 0 1 parts/3023.dat
1 1 1220 -104 -1330 1 0 0 0 1 0 0 0 1 parts/3023.dat
1 1 1260 -104 -1330 1 0 0 0 1 0 0 0 1 parts/3023.dat
0 STEP
0 // step 785: dairy cooler 2: 6 pieces at plate 13
1 15 200 -112 -1290 1 0 0 0 1 0 0 0 1 parts/3710.dat
1 15 400 -112 -1290 1 0 0 0 1 0 0 0 1 parts/3710.dat
1 15 600 -112 -1290 1 0 0 0 1 0 0 0 1 parts/3710.dat
1 15 800 -112 -1290 1 0 0 0 1 0 0 0 1 parts/3710.dat
1 15 1000 -112 -1290 1 0 0 0 1 0 0 0 1 parts/3710.dat
1 15 1200 -112 -1290 1 0 0 0 1 0 0 0 1 parts/3710.dat
0 STEP
0 // step 786: freezers: 10 pieces at plate 0
1 15 1340 -24 -1220 1 0 0 0 1 0 0 0 1 parts/3003.dat
1 15 1400 -24 -1220 1 0 0 0 1 0 0 0 1 parts/3001.dat
1 15 1480 -24 -1220 1 0 0 0 1 0 0 0 1 parts/3001.dat
1 15 1560 -24 -1220 1 0 0 0 1 0 0 0 1 parts/3001.dat
1 15 1640 -24 -1220 1 0 0 0 1 0 0 0 1 parts/3001.dat
1 15 1720 -24 -1220 1 0 0 0 1 0 0 0 1 parts/3001.dat
1 15 1780 -24 -1220 1 0 0 0 1 0 0 0 1 parts/3003.dat
1 15 1340 -24 -1250 1 0 0 0 1 0 0 0 1 parts/3004.dat
1 15 1440 -24 -1250 1 0 0 0 1 0 0 0 1 parts/3008.dat
1 15 1600 -24 -1250 1 0 0 0 1 0 0 0 1 parts/3008.dat
0 STEP
0 // step 787: freezers: 1 piece at plate 0
1 15 1740 -24 -1250 1 0 0 0 1 0 0 0 1 parts/3009.dat
0 STEP
0 // step 788: freezers: 9 pieces at plate 3
1 15 1400 -48 -1210 1 0 0 0 1 0 0 0 1 parts/3008.dat
1 15 1560 -48 -1210 1 0 0 0 1 0 0 0 1 parts/3008.dat
1 15 1720 -48 -1210 1 0 0 0 1 0 0 0 1 parts/3008.dat
1 43 1360 -32 -1240 1 0 0 0 1 0 0 0 1 parts/3020.dat
1 43 1440 -32 -1240 1 0 0 0 1 0 0 0 1 parts/3020.dat
1 43 1520 -32 -1240 1 0 0 0 1 0 0 0 1 parts/3020.dat
1 43 1600 -32 -1240 1 0 0 0 1 0 0 0 1 parts/3020.dat
1 43 1680 -32 -1240 1 0 0 0 1 0 0 0 1 parts/3020.dat
1 43 1760 -32 -1240 1 0 0 0 1 0 0 0 1 parts/3020.dat
0 STEP
0 // step 789: carts: 10 pieces at plate 0
1 0 810 -8 -210 1 0 0 0 1 0 0 0 1 parts/4073.dat
1 0 870 -8 -210 1 0 0 0 1 0 0 0 1 parts/4073.dat
1 0 810 -8 -230 1 0 0 0 1 0 0 0 1 parts/4073.dat
1 0 870 -8 -230 1 0 0 0 1 0 0 0 1 parts/4073.dat
1 0 810 -8 -270 1 0 0 0 1 0 0 0 1 parts/4073.dat
1 0 870 -8 -270 1 0 0 0 1 0 0 0 1 parts/4073.dat
1 0 810 -8 -290 1 0 0 0 1 0 0 0 1 parts/4073.dat
1 0 870 -8 -290 1 0 0 0 1 0 0 0 1 parts/4073.dat
1 0 610 -8 -1170 1 0 0 0 1 0 0 0 1 parts/4073.dat
1 0 670 -8 -1170 1 0 0 0 1 0 0 0 1 parts/4073.dat
0 STEP
0 // step 790: carts: 2 pieces at plate 0
1 0 610 -8 -1190 1 0 0 0 1 0 0 0 1 parts/4073.dat
1 0 670 -8 -1190 1 0 0 0 1 0 0 0 1 parts/4073.dat
0 STEP
0 // step 791: carts: 3 pieces at plate 1
1 71 840 -16 -220 1 0 0 0 1 0 0 0 1 parts/3020.dat
1 71 840 -16 -280 1 0 0 0 1 0 0 0 1 parts/3020.dat
1 71 640 -16 -1180 1 0 0 0 1 0 0 0 1 parts/3020.dat
0 STEP
0 // step 792: carts: 5 pieces at plate 2
1 4 840 -40 -220 1 0 0 0 1 0 0 0 1 parts/3001.dat
1 1 840 -40 -270 1 0 0 0 1 0 0 0 1 parts/3010.dat
1 1 840 -40 -290 1 0 0 0 1 0 0 0 1 parts/3010.dat
1 4 620 -40 -1180 1 0 0 0 1 0 0 0 1 parts/3003.dat
1 4 660 -40 -1180 1 0 0 0 1 0 0 0 1 parts/3003.dat
0 STEP
0 // step 793: carts: 6 pieces at plate 5
1 0 870 -64 -210 1 0 0 0 1 0 0 0 1 parts/3062b.dat
1 0 870 -64 -230 1 0 0 0 1 0 0 0 1 parts/3062b.dat
1 0 870 -64 -270 1 0 0 0 1 0 0 0 1 parts/3062b.dat
1 0 870 -64 -290 1 0 0 0 1 0 0 0 1 parts/3062b.dat
1 0 670 -64 -1170 1 0 0 0 1 0 0 0 1 parts/3062b.dat
1 0 670 -64 -1190 1 0 0 0 1 0 0 0 1 parts/3062b.dat
0 STEP
0 // step 794: cart corral: 10 pieces at plate 0
1 71 90 -24 -30 1 0 0 0 1 0 0 0 1 parts/3062b.dat
1 71 150 -24 -30 1 0 0 0 1 0 0 0 1 parts/3062b.dat
1 71 210 -24 -30 1 0 0 0 1 0 0 0 1 parts/3062b.dat
1 71 270 -24 -30 1 0 0 0 1 0 0 0 1 parts/3062b.dat
1 0 110 -8 -70 1 0 0 0 1 0 0 0 1 parts/4073.dat
1 0 170 -8 -70 1 0 0 0 1 0 0 0 1 parts/4073.dat
1 0 190 -8 -70 1 0 0 0 1 0 0 0 1 parts/4073.dat
1 0 250 -8 -70 1 0 0 0 1 0 0 0 1 parts/4073.dat
1 0 110 -8 -90 1 0 0 0 1 0 0 0 1 parts/4073.dat
1 0 170 -8 -90 1 0 0 0 1 0 0 0 1 parts/4073.dat
0 STEP
0 // step 795: cart corral: 2 pieces at plate 0
1 0 190 -8 -90 1 0 0 0 1 0 0 0 1 parts/4073.dat
1 0 250 -8 -90 1 0 0 0 1 0 0 0 1 parts/4073.dat
0 STEP
0 // step 796: cart corral: 2 pieces at plate 1
1 71 140 -16 -80 1 0 0 0 1 0 0 0 1 parts/3020.dat
1 71 220 -16 -80 1 0 0 0 1 0 0 0 1 parts/3020.dat
0 STEP
0 // step 797: cart corral: 8 pieces at plate 2
1 4 110 -40 -70 1 0 0 0 1 0 0 0 1 parts/3005.dat
1 4 140 -40 -70 1 0 0 0 1 0 0 0 1 parts/3004.dat
1 4 200 -40 -70 1 0 0 0 1 0 0 0 1 parts/3010.dat
1 4 250 -40 -70 1 0 0 0 1 0 0 0 1 parts/3005.dat
1 4 110 -40 -90 1 0 0 0 1 0 0 0 1 parts/3005.dat
1 4 140 -40 -90 1 0 0 0 1 0 0 0 1 parts/3004.dat
1 4 200 -40 -90 1 0 0 0 1 0 0 0 1 parts/3010.dat
1 4 250 -40 -90 1 0 0 0 1 0 0 0 1 parts/3005.dat
0 STEP
0 // step 798: cart corral: 4 pieces at plate 3
1 71 90 -48 -30 1 0 0 0 1 0 0 0 1 parts/3062b.dat
1 71 150 -48 -30 1 0 0 0 1 0 0 0 1 parts/3062b.dat
1 71 210 -48 -30 1 0 0 0 1 0 0 0 1 parts/3062b.dat
1 71 270 -48 -30 1 0 0 0 1 0 0 0 1 parts/3062b.dat
0 STEP
0 // step 799: cart corral: 4 pieces at plate 5
1 0 170 -64 -70 1 0 0 0 1 0 0 0 1 parts/3062b.dat
1 0 250 -64 -70 1 0 0 0 1 0 0 0 1 parts/3062b.dat
1 0 170 -64 -90 1 0 0 0 1 0 0 0 1 parts/3062b.dat
1 0 250 -64 -90 1 0 0 0 1 0 0 0 1 parts/3062b.dat
0 STEP
0 // step 800: cart corral: 2 pieces at plate 6
1 71 120 -56 -30 1 0 0 0 1 0 0 0 1 parts/3710.dat
1 71 240 -56 -30 1 0 0 0 1 0 0 0 1 parts/3710.dat
0 STEP
0 // step 801: cart corral: 1 piece at plate 7
1 71 180 -64 -30 1 0 0 0 1 0 0 0 1 parts/3710.dat
0 STEP
0 // step 802: lamp: 1 piece at plate 0
1 0 610 -24 -50 1 0 0 0 1 0 0 0 1 parts/3062b.dat
0 STEP
0 // step 803: lamp: 1 piece at plate 3
1 0 610 -48 -50 1 0 0 0 1 0 0 0 1 parts/3062b.dat
0 STEP
0 // step 804: lamp: 1 piece at plate 6
1 0 610 -72 -50 1 0 0 0 1 0 0 0 1 parts/3062b.dat
0 STEP
0 // step 805: lamp: 1 piece at plate 9
1 0 610 -96 -50 1 0 0 0 1 0 0 0 1 parts/3062b.dat
0 STEP
0 // step 806: lamp: 1 piece at plate 12
1 0 610 -120 -50 1 0 0 0 1 0 0 0 1 parts/3062b.dat
0 STEP
0 // step 807: lamp: 1 piece at plate 15
1 0 610 -144 -50 1 0 0 0 1 0 0 0 1 parts/3062b.dat
0 STEP
0 // step 808: lamp: 1 piece at plate 18
1 46 610 -168 -50 1 0 0 0 1 0 0 0 1 parts/3005.dat
0 STEP
0 // step 809: lamp: 1 piece at plate 21
1 0 610 -176 -50 1 0 0 0 1 0 0 0 1 parts/3024.dat
0 STEP
0 // step 810: lamp: 1 piece at plate 0
1 0 1330 -24 -50 1 0 0 0 1 0 0 0 1 parts/3062b.dat
0 STEP
0 // step 811: lamp: 1 piece at plate 3
1 0 1330 -48 -50 1 0 0 0 1 0 0 0 1 parts/3062b.dat
0 STEP
0 // step 812: lamp: 1 piece at plate 6
1 0 1330 -72 -50 1 0 0 0 1 0 0 0 1 parts/3062b.dat
0 STEP
0 // step 813: lamp: 1 piece at plate 9
1 0 1330 -96 -50 1 0 0 0 1 0 0 0 1 parts/3062b.dat
0 STEP
0 // step 814: lamp: 1 piece at plate 12
1 0 1330 -120 -50 1 0 0 0 1 0 0 0 1 parts/3062b.dat
0 STEP
0 // step 815: lamp: 1 piece at plate 15
1 0 1330 -144 -50 1 0 0 0 1 0 0 0 1 parts/3062b.dat
0 STEP
0 // step 816: lamp: 1 piece at plate 18
1 46 1330 -168 -50 1 0 0 0 1 0 0 0 1 parts/3005.dat
0 STEP
0 // step 817: lamp: 1 piece at plate 21
1 0 1330 -176 -50 1 0 0 0 1 0 0 0 1 parts/3024.dat
0 STEP
0 // step 818: pylon: 4 pieces at plate 0
1 71 1660 -24 -30 1 0 0 0 1 0 0 0 1 parts/3004.dat
1 71 1780 -24 -30 1 0 0 0 1 0 0 0 1 parts/3004.dat
1 71 1660 -24 -50 1 0 0 0 1 0 0 0 1 parts/3004.dat
1 71 1780 -24 -50 1 0 0 0 1 0 0 0 1 parts/3004.dat
0 STEP
0 // step 819: pylon: 4 pieces at plate 3
1 71 1650 -48 -40 0 0 -1 0 1 0 1 0 0 parts/3004.dat
1 71 1670 -48 -40 0 0 -1 0 1 0 1 0 0 parts/3004.dat
1 71 1770 -48 -40 0 0 -1 0 1 0 1 0 0 parts/3004.dat
1 71 1790 -48 -40 0 0 -1 0 1 0 1 0 0 parts/3004.dat
0 STEP
0 // step 820: pylon: 4 pieces at plate 6
1 71 1660 -72 -30 1 0 0 0 1 0 0 0 1 parts/3004.dat
1 71 1780 -72 -30 1 0 0 0 1 0 0 0 1 parts/3004.dat
1 71 1660 -72 -50 1 0 0 0 1 0 0 0 1 parts/3004.dat
1 71 1780 -72 -50 1 0 0 0 1 0 0 0 1 parts/3004.dat
0 STEP
0 // step 821: pylon: 4 pieces at plate 9
1 71 1650 -96 -40 0 0 -1 0 1 0 1 0 0 parts/3004.dat
1 71 1670 -96 -40 0 0 -1 0 1 0 1 0 0 parts/3004.dat
1 71 1770 -96 -40 0 0 -1 0 1 0 1 0 0 parts/3004.dat
1 71 1790 -96 -40 0 0 -1 0 1 0 1 0 0 parts/3004.dat
0 STEP
0 // step 822: pylon: 4 pieces at plate 12
1 71 1660 -120 -30 1 0 0 0 1 0 0 0 1 parts/3004.dat
1 71 1780 -120 -30 1 0 0 0 1 0 0 0 1 parts/3004.dat
1 71 1660 -120 -50 1 0 0 0 1 0 0 0 1 parts/3004.dat
1 71 1780 -120 -50 1 0 0 0 1 0 0 0 1 parts/3004.dat
0 STEP
0 // step 823: pylon: 4 pieces at plate 15
1 71 1650 -144 -40 0 0 -1 0 1 0 1 0 0 parts/3004.dat
1 71 1670 -144 -40 0 0 -1 0 1 0 1 0 0 parts/3004.dat
1 71 1770 -144 -40 0 0 -1 0 1 0 1 0 0 parts/3004.dat
1 71 1790 -144 -40 0 0 -1 0 1 0 1 0 0 parts/3004.dat
0 STEP
0 // step 824: pylon: 4 pieces at plate 18
1 71 1660 -168 -30 1 0 0 0 1 0 0 0 1 parts/3004.dat
1 71 1780 -168 -30 1 0 0 0 1 0 0 0 1 parts/3004.dat
1 71 1660 -168 -50 1 0 0 0 1 0 0 0 1 parts/3004.dat
1 71 1780 -168 -50 1 0 0 0 1 0 0 0 1 parts/3004.dat
0 STEP
0 // step 825: pylon: 4 pieces at plate 21
1 71 1650 -192 -40 0 0 -1 0 1 0 1 0 0 parts/3004.dat
1 71 1670 -192 -40 0 0 -1 0 1 0 1 0 0 parts/3004.dat
1 71 1770 -192 -40 0 0 -1 0 1 0 1 0 0 parts/3004.dat
1 71 1790 -192 -40 0 0 -1 0 1 0 1 0 0 parts/3004.dat
0 STEP
0 // step 826: pylon: 4 pieces at plate 24
1 71 1660 -216 -30 1 0 0 0 1 0 0 0 1 parts/3004.dat
1 71 1780 -216 -30 1 0 0 0 1 0 0 0 1 parts/3004.dat
1 71 1660 -216 -50 1 0 0 0 1 0 0 0 1 parts/3004.dat
1 71 1780 -216 -50 1 0 0 0 1 0 0 0 1 parts/3004.dat
0 STEP
0 // step 827: pylon: 4 pieces at plate 27
1 71 1650 -240 -40 0 0 -1 0 1 0 1 0 0 parts/3004.dat
1 71 1670 -240 -40 0 0 -1 0 1 0 1 0 0 parts/3004.dat
1 71 1770 -240 -40 0 0 -1 0 1 0 1 0 0 parts/3004.dat
1 71 1790 -240 -40 0 0 -1 0 1 0 1 0 0 parts/3004.dat
0 STEP
0 // step 828: pylon: 4 pieces at plate 30
1 4 1660 -264 -30 1 0 0 0 1 0 0 0 1 parts/3004.dat
1 4 1740 -264 -30 1 0 0 0 1 0 0 0 1 parts/3009.dat
1 4 1660 -264 -50 1 0 0 0 1 0 0 0 1 parts/3004.dat
1 4 1740 -264 -50 1 0 0 0 1 0 0 0 1 parts/3009.dat
0 STEP
0 // step 829: pylon: 10 pieces at plate 33
1 4 1650 -288 -40 0 0 -1 0 1 0 1 0 0 parts/3004.dat
1 14 1670 -288 -30 1 0 0 0 1 0 0 0 1 parts/3005.dat
1 4 1690 -288 -40 0 0 -1 0 1 0 1 0 0 parts/3004.dat
1 14 1710 -288 -30 1 0 0 0 1 0 0 0 1 parts/3005.dat
1 4 1730 -288 -40 0 0 -1 0 1 0 1 0 0 parts/3004.dat
1 14 1750 -288 -30 1 0 0 0 1 0 0 0 1 parts/3005.dat
1 4 1770 -288 -40 0 0 -1 0 1 0 1 0 0 parts/3004.dat
1 4 1790 -288 -40 0 0 -1 0 1 0 1 0 0 parts/3004.dat
1 4 1670 -288 -50 1 0 0 0 1 0 0 0 1 parts/3005.dat
1 4 1710 -288 -50 1 0 0 0 1 0 0 0 1 parts/3005.dat
0 STEP
0 // step 830: pylon: 1 piece at plate 33
1 4 1750 -288 -50 1 0 0 0 1 0 0 0 1 parts/3005.dat
0 STEP
0 // step 831: pylon: 4 pieces at plate 36
1 4 1660 -312 -30 1 0 0 0 1 0 0 0 1 parts/3004.dat
1 4 1740 -312 -30 1 0 0 0 1 0 0 0 1 parts/3009.dat
1 4 1660 -312 -50 1 0 0 0 1 0 0 0 1 parts/3004.dat
1 4 1740 -312 -50 1 0 0 0 1 0 0 0 1 parts/3009.dat
0 STEP

0 FILE parts/3032.dat
0 Plate  4 x  6
0 Name: 3032.dat
0 Author: James Jessiman
0 !LDRAW_ORG Part UPDATE 2002-03
0 !LICENSE Licensed under CC BY 4.0 : see CAreadme.txt

0 BFC CERTIFY CCW

0 !HISTORY 2001-10-26 [PTadmin] Official Update 2001-01
0 !HISTORY 2002-05-07 {unknown} BFC Certification
0 !HISTORY 2002-06-11 [PTadmin] Official Update 2002-03
0 !HISTORY 2007-06-07 [PTadmin] Header formatted for Contributor Agreement
0 !HISTORY 2008-07-01 [PTadmin] Official Update 2008-01


1 16 40 4 20 1 0 0 0 -1 0 0 0 1 stud4.dat
1 16 20 4 20 1 0 0 0 -1 0 0 0 1 stud4.dat
1 16 0 4 20 1 0 0 0 -1 0 0 0 1 stud4.dat
1 16 -20 4 20 1 0 0 0 -1 0 0 0 1 stud4.dat
1 16 -40 4 20 1 0 0 0 -1 0 0 0 1 stud4.dat
1 16 40 4 0 1 0 0 0 -1 0 0 0 1 stud4.dat
1 16 20 4 0 1 0 0 0 -1 0 0 0 1 stud4.dat
1 16 0 4 0 1 0 0 0 -1 0 0 0 1 stud4.dat
1 16 -20 4 0 1 0 0 0 -1 0 0 0 1 stud4.dat
1 16 -40 4 0 1 0 0 0 -1 0 0 0 1 stud4.dat
1 16 40 4 -20 1 0 0 0 -1 0 0 0 1 stud4.dat
1 16 20 4 -20 1 0 0 0 -1 0 0 0 1 stud4.dat
1 16 0 4 -20 1 0 0 0 -1 0 0 0 1 stud4.dat
1 16 -20 4 -20 1 0 0 0 -1 0 0 0 1 stud4.dat
1 16 -40 4 -20 1 0 0 0 -1 0 0 0 1 stud4.dat

0 BFC INVERTNEXT
1 16 0 8 0 56 0 0 0 -4 0 0 0 36 box5.dat

4 16 60 8 40 56 8 36 -56 8 36 -60 8 40
0 // Next Line was 4 16 60 8 -40 56 8 -36 -56 8 -36 -60 8 -40
4 16 -60 8 -40 -56 8 -36 56 8 -36 60 8 -40
0 // Next Line was 4 16 60 8 40 56 8 36 56 8 -36 60 8 -40
4 16 60 8 -40 56 8 -36 56 8 36 60 8 40
4 16 -60 8 40 -56 8 36 -56 8 -36 -60 8 -40

1 16 0 8 0 60 0 0 0 -8 0 0 0 40 box5.dat

1 16 50 0 30 1 0 0 0 1 0 0 0 1 stud.dat
1 16 30 0 30 1 0 0 0 1 0 0 0 1 stud.dat
1 16 10 0 30 1 0 0 0 1 0 0 0 1 stud.dat
1 16 -10 0 30 1 0 0 0 1 0 0 0 1 stud.dat
1 16 -30 0 30 1 0 0 0 1 0 0 0 1 stud.dat
1 16 -50 0 30 1 0 0 0 1 0 0 0 1 stud.dat
1 16 50 0 10 1 0 0 0 1 0 0 0 1 stud.dat
1 16 30 0 10 1 0 0 0 1 0 0 0 1 stud.dat
1 16 10 0 10 1 0 0 0 1 0 0 0 1 stud.dat
1 16 -10 0 10 1 0 0 0 1 0 0 0 1 stud.dat
1 16 -30 0 10 1 0 0 0 1 0 0 0 1 stud.dat
1 16 -50 0 10 1 0 0 0 1 0 0 0 1 stud.dat
1 16 50 0 -10 1 0 0 0 1 0 0 0 1 stud.dat
1 16 30 0 -10 1 0 0 0 1 0 0 0 1 stud.dat
1 16 10 0 -10 1 0 0 0 1 0 0 0 1 stud.dat
1 16 -10 0 -10 1 0 0 0 1 0 0 0 1 stud.dat
1 16 -30 0 -10 1 0 0 0 1 0 0 0 1 stud.dat
1 16 -50 0 -10 1 0 0 0 1 0 0 0 1 stud.dat
1 16 50 0 -30 1 0 0 0 1 0 0 0 1 stud.dat
1 16 30 0 -30 1 0 0 0 1 0 0 0 1 stud.dat
1 16 10 0 -30 1 0 0 0 1 0 0 0 1 stud.dat
1 16 -10 0 -30 1 0 0 0 1 0 0 0 1 stud.dat
1 16 -30 0 -30 1 0 0 0 1 0 0 0 1 stud.dat
1 16 -50 0 -30 1 0 0 0 1 0 0 0 1 stud.dat
0

0 FILE parts/3023.dat
0 ~Moved to 3023b
0 Name: 3023.dat
0 Author: Orion Pobursky [OrionP]
0 !LDRAW_ORG Part UPDATE 2024-07
0 !LICENSE Licensed under CC BY 4.0 : see CAreadme.txt

0 BFC CERTIFY CCW

0 !HISTORY 2023-06-24 [OrionP] Official Update 2023-03
0 !HISTORY 2024-08-10 [MagFors] Update description
0 !HISTORY 2024-08-26 [OrionP] Official Update 2024-07

1 16 0 0 0 1 0 0 0 1 0 0 0 1 3023b.dat

0 FILE parts/3022.dat
0 Plate  2 x  2
0 Name: 3022.dat
0 Author: James Jessiman
0 !LDRAW_ORG Part UPDATE 2002-03
0 !LICENSE Licensed under CC BY 4.0 : see CAreadme.txt

0 BFC CERTIFY CCW

0 !HISTORY 2001-10-26 [PTadmin] Official Update 2001-01
0 !HISTORY 2002-05-07 {unknown} BFC Certification
0 !HISTORY 2002-06-11 [PTadmin] Official Update 2002-03
0 !HISTORY 2007-06-07 [PTadmin] Header formatted for Contributor Agreement
0 !HISTORY 2008-07-01 [PTadmin] Official Update 2008-01


1 16 0 4 0 1 0 0 0 -1 0 0 0 1 stud4.dat

0 BFC INVERTNEXT
1 16 0 8 0 16 0 0 0 -4 0 0 0 16 box5.dat

4 16 20 8 20 16 8 16 -16 8 16 -20 8 20
0 // Next Line was 4 16 20 8 -20 16 8 -16 -16 8 -16 -20 8 -20
4 16 -20 8 -20 -16 8 -16 16 8 -16 20 8 -20
0 // Next Line was 4 16 20 8 20 16 8 16 16 8 -16 20 8 -20
4 16 20 8 -20 16 8 -16 16 8 16 20 8 20
4 16 -20 8 20 -16 8 16 -16 8 -16 -20 8 -20

1 16 0 8 0 20 0 0 0 -8 0 0 0 20 box5.dat

1 16 10 0 10 1 0 0 0 1 0 0 0 1 stud.dat
1 16 -10 0 10 1 0 0 0 1 0 0 0 1 stud.dat
1 16 10 0 -10 1 0 0 0 1 0 0 0 1 stud.dat
1 16 -10 0 -10 1 0 0 0 1 0 0 0 1 stud.dat
0

0 FILE parts/3020.dat
0 Plate  2 x  4
0 Name: 3020.dat
0 Author: James Jessiman
0 !LDRAW_ORG Part UPDATE 2002-03
0 !LICENSE Licensed under CC BY 4.0 : see CAreadme.txt

0 BFC CERTIFY CCW

0 !HISTORY 2001-10-26 [PTadmin] Official Update 2001-01
0 !HISTORY 2002-05-07 {unknown} BFC Certification
0 !HISTORY 2002-06-11 [PTadmin] Official Update 2002-03
0 !HISTORY 2007-06-07 [PTadmin] Header formatted for Contributor Agreement
0 !HISTORY 2008-07-01 [PTadmin] Official Update 2008-01


1 16 20 4 0 1 0 0 0 -1 0 0 0 1 stud4.dat
1 16 0 4 0 1 0 0 0 -1 0 0 0 1 stud4.dat
1 16 -20 4 0 1 0 0 0 -1 0 0 0 1 stud4.dat

0 BFC INVERTNEXT
1 16 0 8 0 36 0 0 0 -4 0 0 0 16 box5.dat

4 16 40 8 20 36 8 16 -36 8 16 -40 8 20
0 // Next Line was 4 16 40 8 -20 36 8 -16 -36 8 -16 -40 8 -20
4 16 -40 8 -20 -36 8 -16 36 8 -16 40 8 -20
0 // Next Line was 4 16 40 8 20 36 8 16 36 8 -16 40 8 -20
4 16 40 8 -20 36 8 -16 36 8 16 40 8 20
4 16 -40 8 20 -36 8 16 -36 8 -16 -40 8 -20

1 16 0 8 0 40 0 0 0 -8 0 0 0 20 box5.dat

1 16 30 0 10 1 0 0 0 1 0 0 0 1 stud.dat
1 16 10 0 10 1 0 0 0 1 0 0 0 1 stud.dat
1 16 -10 0 10 1 0 0 0 1 0 0 0 1 stud.dat
1 16 -30 0 10 1 0 0 0 1 0 0 0 1 stud.dat
1 16 30 0 -10 1 0 0 0 1 0 0 0 1 stud.dat
1 16 10 0 -10 1 0 0 0 1 0 0 0 1 stud.dat
1 16 -10 0 -10 1 0 0 0 1 0 0 0 1 stud.dat
1 16 -30 0 -10 1 0 0 0 1 0 0 0 1 stud.dat
0

0 FILE parts/3024.dat
0 Plate  1 x  1
0 Name: 3024.dat
0 Author: James Jessiman
0 !LDRAW_ORG Part UPDATE 2022-05
0 !LICENSE Licensed under CC BY 4.0 : see CAreadme.txt

0 BFC CERTIFY CCW

0 !HISTORY 2001-10-26 [PTadmin] Official Update 2001-01
0 !HISTORY 2002-05-07 {unknown} BFC Certification
0 !HISTORY 2002-06-11 [PTadmin] Official Update 2002-03
0 !HISTORY 2007-06-07 [PTadmin] Header formatted for Contributor Agreement
0 !HISTORY 2008-07-01 [PTadmin] Official Update 2008-01
0 !HISTORY 2022-08-04 [MagFors] Using subfile
0 !HISTORY 2022-09-15 [PTadmin] Official Update 2022-05


1 16 0 0 0 1 0 0 0 1 0 0 0 1 s/3024s01.dat
4 16 -10 8 -10 10 8 -10 10 0 -10 -10 0 -10

0 FILE parts/3004.dat
0 Brick  1 x  2
0 Name: 3004.dat
0 Author: James Jessiman
0 !LDRAW_ORG Part UPDATE 2022-05
0 !LICENSE Licensed under CC BY 4.0 : see CAreadme.txt

0 BFC CERTIFY CCW

0 !HISTORY 2001-10-26 [PTadmin] Official Update 2001-01
0 !HISTORY 2002-05-07 {unknown} BFC Certification
0 !HISTORY 2002-06-11 [PTadmin] Official Update 2002-03
0 !HISTORY 2007-05-07 [PTadmin] Header formatted for Contributor Agreement
0 !HISTORY 2008-07-01 [PTadmin] Official Update 2008-01
0 !HISTORY 2022-08-04 [MagFors] Using subfile
0 !HISTORY 2022-09-15 [PTadmin] Official Update 2022-05


1 16 0 0 0 1 0 0 0 1 0 0 0 1 s/3004s01.dat
4 16 -20 24 -10 20 24 -10 20 0 -10 -20 0 -10

0 FILE parts/3008.dat
0 Brick  1 x  8
0 Name: 3008.dat
0 Author: James Jessiman
0 !LDRAW_ORG Part UPDATE 2004-03
0 !LICENSE Licensed under CC BY 4.0 : see CAreadme.txt

0 BFC CERTIFY CCW

0 !HISTORY 2001-10-26 [PTadmin] Official Update 2001-01
0 !HISTORY 2002-05-07 {unknown} BFC Certification
0 !HISTORY 2002-06-11 [PTadmin] Official Update 2002-03
0 !HISTORY 2004-03-11 [westrate] Used subfile
0 !HISTORY 2004-09-15 [PTadmin] Official Update 2004-03
0 !HISTORY 2007-05-11 [PTadmin] Header formatted for Contributor Agreement
0 !HISTORY 2008-07-01 [PTadmin] Official Update 2008-01


1 16 0 0 0 1 0 0 0 1 0 0 0 1 s/3008s01.dat
4 16 80 0 -10 -80 0 -10 -80 24 -10 80 24 -10
0

0 FILE parts/3005.dat
0 Brick  1 x  1
0 Name: 3005.dat
0 Author: James Jessiman
0 !LDRAW_ORG Part UPDATE 2022-05
0 !LICENSE Licensed under CC BY 4.0 : see CAreadme.txt

0 BFC CERTIFY CCW

0 !HISTORY 2001-10-26 [PTadmin] Official Update 2001-01
0 !HISTORY 2002-05-07 {unknown} BFC Certification
0 !HISTORY 2002-06-11 [PTadmin] Official Update 2002-03
0 !HISTORY 2007-05-07 [PTadmin] Header formatted for Contributor Agreement
0 !HISTORY 2008-07-01 [PTadmin] Official Update 2008-01
0 !HISTORY 2022-08-04 [MagFors] Using subfile
0 !HISTORY 2022-09-15 [PTadmin] Official Update 2022-05


1 16 0 0 0 1 0 0 0 1 0 0 0 1 s/3005s01.dat
4 16 -10 24 -10 10 24 -10 10 0 -10 -10 0 -10

0 FILE parts/3009.dat
0 Brick  1 x  6
0 Name: 3009.dat
0 Author: James Jessiman
0 !LDRAW_ORG Part UPDATE 2003-03
0 !LICENSE Licensed under CC BY 4.0 : see CAreadme.txt

0 BFC CERTIFY CCW

0 !HISTORY 2001-10-26 [PTadmin] Official Update 2001-01
0 !HISTORY 2002-05-07 {unknown} BFC Certification
0 !HISTORY 2002-06-11 [PTadmin] Official Update 2002-03
0 !HISTORY 2003-07-03 [Steffen] Subfiled for patterning
0 !HISTORY 2003-12-19 [PTadmin] Official Update 2003-03
0 !HISTORY 2007-06-06 [PTadmin] Header formatted for Contributor Agreement
0 !HISTORY 2008-07-01 [PTadmin] Official Update 2008-01


1 16 0 0 0 1 0 0 0 1 0 0 0 1 s/3009s01.dat
4 16 -60 0 -10 -60 24 -10 60 24 -10 60 0 -10
0

0 FILE parts/3010.dat
0 Brick  1 x  4
0 Name: 3010.dat
0 Author: James Jessiman
0 !LDRAW_ORG Part UPDATE 2025-09
0 !LICENSE Licensed under CC BY 4.0 : see CAreadme.txt

0 BFC CERTIFY CCW

0 !HISTORY 2001-10-26 [PTadmin] Official Update 2001-01
0 !HISTORY 2002-05-07 {unknown} BFC Certification
0 !HISTORY 2002-06-11 [PTadmin] Official Update 2002-03
0 !HISTORY 2002-12-12 [hafhead] New subparted version
0 !HISTORY 2003-08-01 [PTadmin] Official Update 2003-02
0 !HISTORY 2007-06-06 [PTadmin] Header formatted for Contributor Agreement
0 !HISTORY 2008-07-01 [PTadmin] Official Update 2008-01
0 !HISTORY 2025-09-27 [OrionP] Changed winding to CCW
0 !HISTORY 2025-09-29 [OrionP] Official Update 2025-09

1 16 0 0 0 1 0 0 0 1 0 0 0 1 s/3010s01.dat
4 16 -40 24 -10 40 24 -10 40 0 -10 -40 0 -10
0

0 FILE parts/60596.dat
0 Door  1 x  4 x  6 Frame
0 Name: 60596.dat
0 Author: J.C. Tchang [tchang]
0 !LDRAW_ORG Part UPDATE 2011-02
0 !LICENSE Licensed under CC BY 4.0 : see CAreadme.txt

0 BFC CERTIFY CCW

0 !HISTORY 2011-12-29 [PTadmin] Official Update 2011-02


0 BFC INVERTNEXT
1 16 0 142 6 0 0 -36 -2 0 0 0 -12 0 box3u2p.dat
0 //
2 24 -29.7192 140 6 -29.7192 144 6
2 24 29.7192 140 6 29.7192 144 6
4 16 -29.7192 140 6 -29.7192 144 6 29.7192 144 6 29.7192 140 6
2 24 -29.7192 140 6 29.7192 140 6
2 24 -29.7192 144 6 29.7192 144 6
0 //
2 24 -34.2808 140 6 -34.2808 144 6
2 24 -34.2808 140 6 -36 140 6
2 24 -34.2808 144 6 -36 144 6
4 16 -34.2808 140 6 -36 140 6 -36 144 6 -34.2808 144 6
0 //
2 24 34.2808 140 6 34.2808 144 6
2 24 34.2808 140 6 36 140 6
2 24 34.2808 144 6 36 144 6
4 16 34.2808 144 6 36 144 6 36 140 6 34.2808 140 6
0 //
0 BFC INVERTNEXT
1 16 -32 140 5 -1.76777 0 1.76777 0 4 0 1.76777 0 1.76777 1-4cyli.dat
1 16 -32 144 5 -1.76777 0 1.76777 0 1 0 1.76777 0 1.76777 1-4edge.dat
4 16 -29.7192 144 6 -29.7192 140 6 -30.2322 140 6.7678 -30.2322 144 6.7678
4 16 -33.7678 144 6.7678 -33.7678 140 6.7678 -34.2808 140 6 -34.2808 144 6
5 24 -30.2322 144 6.7678 -30.2322 140 6.7678 -29.6903 144 5.9567 -31.0433 144 7.3097
5 24 -33.7678 144 6.7678 -33.7678 140 6.7678 -32.9567 144 7.3097 -34.3097 144 5.9567
2 24 -29.7192 144 6 -30.2322 144 6.7678
2 24 -34.2808 144 6 -33.7678 144 6.7678
0 //
0 BFC INVERTNEXT
1 16 32 140 5 1.76777 0 -1.76777 0 4 0 1.76777 0 1.76777 1-4cyli.dat
1 16 32 144 5 1.76777 0 -1.76777 0 1 0 1.76777 0 1.76777 1-4edge.dat
4 16 30.2322 144 6.7678 30.2322 140 6.7678 29.7192 140 6 29.7192 144 6
4 16 34.2808 144 6 34.2808 140 6 33.7678 140 6.7678 33.7678 144 6.7678
5 24 30.2322 144 6.7678 30.2322 140 6.7678 29.6903 144 5.9567 31.0433 144 7.3097
5 24 33.7678 144 6.7678 33.7678 140 6.7678 32.9567 144 7.3097 34.3097 144 5.9567
2 24 29.7192 144 6 30.2322 144 6.7678
2 24 34.2808 144 6 33.7678 144 6.7678
0 //
1 16 -32 140 5 2.3097 0 0.956709 0 -1 0 0.956709 0 -2.3097 5-8edge.dat
1 16 -32 140 5 2.5 0 0 0 -1 0 0 0 -2.5 2-4ndis.dat
2 24 -29.6903 140 5.9567 -29.7192 140 6
2 24 -34.3097 140 5.9567 -34.2808 140 6
0 //
1 16 32 140 5 2.3097 0 0.956709 0 -1 0 0.956709 0 -2.3097 5-8edge.dat
1 16 32 140 5 2.5 0 0 0 -1 0 0 0 -2.5 2-4ndis.dat
2 24 29.6903 140 5.9567 29.7192 140 6
2 24 34.3097 140 5.9567 34.2808 140 6
0 //
4 16 -29.6903 140 5.9567 -29.7192 140 6 29.7192 140 6 29.6903 140 5.9567
4 16 29.5 140 5 -29.5 140 5 -29.6903 140 5.9567 29.6903 140 5.9567
4 16 -29.5 140 5 29.5 140 5 29.5 140 2.5 -29.5 140 2.5
4 16 -36 140 -6 -36 140 2.5 36 140 2.5 36 140 -6
0 //
4 16 -36 140 2.5 -36 140 6 -34.5 140 5 -34.5 140 2.5
3 16 -34.5 140 5 -36 140 6 -34.3097 140 5.9567
3 16 -34.2808 140 6 -34.3097 140 5.9567 -36 140 6
0 //
4 16 34.5 140 2.5 34.5 140 5 36 140 6 36 140 2.5
3 16 34.3097 140 5.9567 36 140 6 34.5 140 5
3 16 36 140 6 34.3097 140 5.9567 34.2808 140 6
0 //
1 16 20 140 0 1 0 0 0 -1 0 0 0 1 stud3.dat
1 16 0 140 0 1 0 0 0 -1 0 0 0 1 stud3.dat
1 16 -20 140 0 1 0 0 0 -1 0 0 0 1 stud3.dat
0 //
1 16 0 144 0 40 0 0 0 -8 0 0 0 10 box4o4a.dat
4 16 -40 144 -10 -36 144 -6 36 144 -6 40 144 -10
4 16 -40 144 10 -36 144 6 -36 144 -6 -40 144 -10
4 16 40 144 -10 36 144 -6 36 144 6 40 144 10
0 //
1 16 -32 144 5 0 0 -2.5 0 -1 0 2.5 0 0 1-8ndis.dat
1 16 -32 144 5 0 0 2.5 0 -1 0 2.5 0 0 1-8ndis.dat
1 16 32 144 5 0 0 -2.5 0 -1 0 2.5 0 0 1-8ndis.dat
1 16 32 144 5 0 0 2.5 0 -1 0 2.5 0 0 1-8ndis.dat
0 //
3 16 40 144 10 36 144 6 34.2808 144 6
4 16 34.2808 144 6 33.7678 144 6.7678 34.5 144 7.5 40 144 10
3 16 -34.2808 144 6 -36 144 6 -40 144 10
4 16 -40 144 10 -34.5 144 7.5 -33.7678 144 6.7678 -34.2808 144 6
4 16 -29.7192 144 6 -30.2322 144 6.7678 30.2322 144 6.7678 29.7192 144 6
4 16 -29.5 144 7.5 29.5 144 7.5 30.2322 144 6.7678 -30.2322 144 6.7678
4 16 -40 144 10 40 144 10 34.5 144 7.5 -34.5 144 7.5
0 //
0 BFC INVERTNEXT
1 16 -32 136 5 2.5 0 0 0 4 0 0 0 2.5 4-4cyli.dat
1 16 -32 136 5 2.5 0 0 0 1 0 0 0 2.5 4-4edge.dat
1 16 -32 136 5 2.5 0 0 0 1 0 0 0 2.5 4-4ndis.dat
0 //
0 BFC INVERTNEXT
1 16 32 136 5 2.5 0 0 0 4 0 0 0 2.5 4-4cyli.dat
1 16 32 136 5 2.5 0 0 0 1 0 0 0 2.5 4-4edge.dat
1 16 32 136 5 2.5 0 0 0 1 0 0 0 2.5 4-4ndis.dat
0 //
1 16 0 136 8.75 36 0 0 0 4 0 0 0 1.25 rect3.dat
1 16 0 136 -4.5 -34 0 0 0 4 0 0 0 -5.5 rect3.dat
4 16 -36 136 1 -34.5 136 2.5 -34.5 136 7.5 -36 136 7.5
4 16 36 136 7.5 34.5 136 7.5 34.5 136 2.5 36 136 1
4 16 36 136 1 34.5 136 2.5 -34.5 136 2.5 -36 136 1
4 16 29.5 136 2.5 29.5 136 7.5 -29.5 136 7.5 -29.5 136 2.5
2 24 -36 136 8 -36 136 1
2 24 -36 136 1 -34 136 1
2 24 36 136 8 36 136 1
2 24 36 136 1 34 136 1
0 //
1 16 -32 4 5 2.5 0 0 0 1 0 0 0 2.5 4-4edge.dat
1 16 -32 4 5 2.5 0 0 0 -1 0 0 0 2.5 4-4ndis.dat
1 16 32 4 5 2.5 0 0 0 1 0 0 0 2.5 4-4edge.dat
1 16 32 4 5 2.5 0 0 0 -1 0 0 0 2.5 4-4ndis.dat
0 //
1 16 0 3 -10 0 0 -40 -3 0 0 0 1 0 rect1.dat
1 16 0 6 -4.5 0 0 -34 0 -1 0 -5.5 0 0 rect.dat
1 16 0 5 1 0 0 36 -1 0 0 0 -1 0 rect1.dat
1 16 0 2 8.75 36 0 0 0 0 2 0 1.25 0 box2-11.dat
4 16 34.5 4 7.5 36 4 7.5 36 4 1 34.5 4 2.5
4 16 -34.5 4 2.5 -36 4 1 -36 4 7.5 -34.5 4 7.5
4 16 34.5 4 2.5 36 4 1 -36 4 1 -34.5 4 2.5
4 16 -29.5 4 2.5 -29.5 4 7.5 29.5 4 7.5 29.5 4 2.5
0 //
1 16 -35 71 1 1 0 0 0 0 65 0 -1 0 rect1.dat
1 16 -36 70 5.5 0 -1 0 0 0 66 -4.5 0 0 rect1.dat
1 16 -37 71 -4.5 0 0 3 -65 0 0 0 -5.5 0 box2-11.dat
1 16 -38 68 0 0 0 -2 -68 0 0 0 10 0 box2-11.dat
2 24 -40 0 -10 -40 136 -10
2 24 -36 4 10 -36 136 10
2 24 -36 4 10 -36 4 1
0 //
1 16 35 71 1 -1 0 0 0 0 65 0 -1 0 rect1.dat
1 16 36 70 5.5 0 1 0 0 0 66 -4.5 0 0 rect1.dat
1 16 37 71 -4.5 0 0 -3 -65 0 0 0 -5.5 0 box2-11.dat
1 16 38 68 0 0 0 2 -68 0 0 0 10 0 box2-11.dat
2 24 40 0 -10 40 136 -10
2 24 36 4 10 36 136 10
2 24 36 4 10 36 4 1
0 //
0 BFC INVERTNEXT
1 16 -32 4 5 2.5 0 0 0 -4 0 0 0 2.5 4-4cyli.dat
1 16 -32 0 5 2.5 0 0 0 4 0 0 0 2.5 2-4ndis.dat
3 16 -34.3249 0 4.11975 -34.5 0 5 -34.5 0 2.5
0 BFC INVERTNEXT
1 16 32 4 5 2.5 0 0 0 -4 0 0 0 2.5 4-4cyli.dat
1 16 32 0 5 -2.5 0 0 0 4 0 0 0 2.5 2-4ndis.dat
3 16 34.5 0 2.5 34.5 0 5 34.3249 0 4.1197
0 //
4 16 40 0 10 -40 0 10 -34.5 0 7.5 34.5 0 7.5
4 16 -40 0 -10 40 0 -10 34.5 0 2.5 -34.5 0 2.5
4 16 34.5 0 7.5 34.5 0 2.5 40 0 -10 40 0 10
4 16 -40 0 10 -40 0 -10 -34.5 0 2.5 -34.5 0 7.5
4 16 -29.5 0 7.5 -29.5 0 2.5 29.5 0 2.5 29.5 0 7.5
2 24 40 0 10 -40 0 10
2 24 40 0 10 40 0 -10
2 24 -40 0 10 -40 0 -10
0 //
1 16 -32 0 5 1.76777 0 -1.76777 0 1 0 1.76777 0 1.76777 3-8edge.dat
2 24 -34.3249 0 4.11975 -34.5 0 5
2 24 -30.2322 0 6.7678 -29.6865 0 5.93781
1 16 -30 -4 0 -5.5433 0 -2.2961 0 4 0 2.2961 0 -5.5433 3-4cylc.dat
2 24 -27.7039 -4 5.5433 -29.6865 -4 5.93781
2 24 -34.3249 -4 4.11975 -35.5433 -4 2.2961
2 24 -34.3249 0 4.11975 -35.5433 0 2.2961
2 24 -34.3249 0 4.11975 -34.3249 -4 4.11975
2 24 -27.7039 0 5.5433 -29.6865 0 5.93781
2 24 -29.6865 0 5.93781 -29.6865 -4 5.93781
5 24 -35.5433 -4 2.2961 -35.5433 0 2.2961 -36.0002 -4 -0.0001 -34.2427 -4 4.2428
5 24 -27.7039 -4 5.5433 -27.7039 0 5.5433 -30.0001 -4 6.0002 -25.7572 -4 4.2427
4 16 -27.7039 -4 5.5433 -27.7039 0 5.5433 -29.6865 0 5.93781 -29.6865 -4 5.93781
4 16 -34.3249 -4 4.11975 -34.3249 0 4.11975 -35.5433 0 2.2961 -35.5433 -4 2.2961
0 //
3 16 -27.7039 -4 5.5433 -29.6865 -4 5.93781 -29.5 -4 5
4 16 -30.0001 -4 3.57975 -30 -4 0 -27.7039 -4 5.5433 -29.6903 -4 4.0433
3 16 -27.7039 -4 5.5433 -29.5 -4 5 -29.6903 -4 4.0433
3 16 -30 -4 0 -30.0001 -4 3.57975 -30.2323 -4 3.2322
3 16 -30 -4 0 -30.2323 -4 3.2322 -31.0432 -4 2.6902
3 16 -31.0432 -4 2.6902 -31.1089 -4 2.67713 -30 -4 0
3 16 -30 -4 0 -31.1089 -4 2.67713 -32 -4 2.5
3 16 -32 -4 2.5 -32.624 -4 2.62405 -30 -4 0
4 16 -35.5433 -4 2.2961 -30 -4 0 -32.624 -4 2.62405 -32.9567 -4 2.6902
3 16 -35.5433 -4 2.2961 -32.9567 -4 2.6902 -33.7677 -4 3.2322
3 16 -35.5433 -4 2.2961 -33.7677 -4 3.2322 -34.3097 -4 4.0433
3 16 -34.3097 -4 4.0433 -34.3249 -4 4.11975 -35.5433 -4 2.2961
0 //
0 BFC INVERTNEXT
1 16 -32 -4 5 2.5 0 0 0 4 0 0 0 -2.5 7-16cyli.dat
1 16 -32 -4 5 2.5 0 0 0 -4 0 0 0 -2.5 7-16edge.dat
5 24 -29.5 -4 5 -29.5 0 5 -29.6903 -4 4.0433 -29.6903 -4 5.9567
5 24 -34.3097 -4 4.0433 -34.3097 0 4.0433 -34.5 -4 5 -33.7677 -4 3.2322
2 24 -34.3097 -4 4.0433 -34.3249 -4 4.11975
2 24 -29.6865 -4 5.93781 -29.5 -4 5
4 16 -34.3097 -4 4.0433 -34.3097 0 4.0433 -34.3249 0 4.11975 -34.3249 -4 4.11975
4 16 -29.6865 -4 5.93781 -29.6865 0 5.93781 -29.5 0 5 -29.5 -4 5
0 //
1 16 32 0 5 -1.76777 0 1.76777 0 1 0 1.76777 0 1.76777 3-8edge.dat
2 24 34.3249 0 4.11975 34.5 0 5
2 24 30.2322 0 6.7678 29.6865 0 5.93781
1 16 30 -4 0 5.5433 0 2.2961 0 4 0 2.2961 0 -5.5433 3-4cylc.dat
2 24 27.7039 -4 5.5433 29.6865 -4 5.93781
2 24 34.3249 -4 4.11975 35.5433 -4 2.2961
2 24 34.3249 0 4.11975 35.5433 0 2.2961
2 24 34.3249 0 4.11975 34.3249 -4 4.11975
2 24 27.7039 0 5.5433 29.6865 0 5.93781
2 24 29.6865 0 5.93781 29.6865 -4 5.93781
5 24 35.5433 -4 2.2961 35.5433 0 2.2961 36.0002 -4 -0.0001 34.2427 -4 4.2428
5 24 27.7039 -4 5.5433 27.7039 0 5.5433 30.0001 -4 6.0002 25.7572 -4 4.2427
4 16 29.6865 -4 5.9378 29.6865 0 5.9378 27.7039 0 5.5433 27.7039 -4 5.5433
4 16 35.5433 -4 2.2961 35.5433 0 2.2961 34.3249 0 4.1197 34.3249 -4 4.1197
0 //
3 16 29.5 -4 5 29.6865 -4 5.9378 27.7039 -4 5.5433
4 16 29.6903 -4 4.0433 27.7039 -4 5.5433 30 -4 0 30.0001 -4 3.5798
3 16 29.6903 -4 4.0433 29.5 -4 5 27.7039 -4 5.5433
3 16 30.2323 -4 3.2322 30.0001 -4 3.5798 30 -4 0
3 16 31.0432 -4 2.6902 30.2323 -4 3.2322 30 -4 0
3 16 30 -4 0 31.1089 -4 2.6771 31.0432 -4 2.6902
3 16 32 -4 2.5 31.1089 -4 2.6771 30 -4 0
3 16 30 -4 0 32.624 -4 2.624 32 -4 2.5
4 16 32.9567 -4 2.6902 32.624 -4 2.624 30 -4 0 35.5433 -4 2.2961
3 16 33.7677 -4 3.2322 32.9567 -4 2.6902 35.5433 -4 2.2961
3 16 34.3097 -4 4.0433 33.7677 -4 3.2322 35.5433 -4 2.2961
3 16 35.5433 -4 2.2961 34.3249 -4 4.1197 34.3097 -4 4.0433
0 //
0 BFC INVERTNEXT
1 16 32 -4 5 -2.5 0 0 0 4 0 0 0 -2.5 7-16cyli.dat
1 16 32 -4 5 -2.5 0 0 0 -4 0 0 0 -2.5 7-16edge.dat
5 24 29.5 -4 5 29.5 0 5 29.6903 -4 4.0433 29.6903 -4 5.9567
5 24 34.3097 -4 4.0433 34.3097 0 4.0433 34.5 -4 5 33.7677 -4 3.2322
2 24 34.3097 -4 4.0433 34.3249 -4 4.11975
2 24 29.6865 -4 5.93781 29.5 -4 5
4 16 34.3249 -4 4.1197 34.3249 0 4.1197 34.3097 0 4.0433 34.3097 -4 4.0433
4 16 29.5 -4 5 29.5 0 5 29.6865 0 5.9378 29.6865 -4 5.9378
0 //
1 16 10 0 0 1 0 0 0 1 0 0 0 1 stud2.dat
1 16 -10 0 0 1 0 0 0 1 0 0 0 1 stud2.dat
0 //

0 FILE parts/60594.dat
0 Window  1 x  4 x  3 without Shutter Tabs
0 Name: 60594.dat
0 Author: J.C. Tchang [tchang]
0 !LDRAW_ORG Part UPDATE 2025-09
0 !LICENSE Licensed under CC BY 4.0 : see CAreadme.txt

0 BFC CERTIFY CCW

0 !HISTORY 2010-07-05 [PTadmin] Official Update 2010-02
0 !HISTORY 2025-09-27 [OrionP] Changed winding to CCW
0 !HISTORY 2025-09-29 [OrionP] Official Update 2025-09

0 BFC INVERTNEXT
1 16 -36 65 3.5 0 -1 0 7 0 0 0 0 3.5 box3u4a.dat
1 16 -36.5 58 3.5 0.5 0 0 0 -1 0 0 0 -3.5 rect1.dat
0 BFC INVERTNEXT
1 16 -33 66 3.5 0 3 0 2 0 0 0 0 -3.5 box2-11.dat
1 16 -33 66 7 0 0 3 -2 0 0 0 3 0 rect2a.dat
0 BFC INVERTNEXT
1 16 -33 70 6.5 0 3 0 -2 0 0 0 0 0.5 box2-11.dat
2 24 -36 72 7 -30 72 7
2 24 -30 72 6 -30 72 7
2 24 -36 64 7 -36 58 7
2 24 -30 64 0 -34 64 0
0
0 BFC INVERTNEXT
1 16 36 65 3.5 0 1 0 7 0 0 0 0 3.5 box3u4a.dat
1 16 36.5 58 3.5 -0.5 0 0 0 -1 0 0 0 -3.5 rect1.dat
0 BFC INVERTNEXT
1 16 33 66 3.5 0 -3 0 2 0 0 0 0 -3.5 box2-11.dat
1 16 33 66 7 0 0 -3 -2 0 0 0 3 0 rect2a.dat
0 BFC INVERTNEXT
1 16 33 70 6.5 0 -3 0 -2 0 0 0 0 0.5 box2-11.dat
2 24 36 72 7 30 72 7
2 24 30 72 6 30 72 7
2 24 36 64 7 36 58 7
2 24 30 64 0 34 64 0
0
0 BFC INVERTNEXT
1 16 0 70 0 0 0 -36 -2 0 0 0 -6 0 box3u2p.dat
1 16 0 70 6 0 0 -30 -2 0 0 0 6 0 rect.dat
1 16 0 68 3 0 0 -30 0 -1 0 3 0 0 rect2p.dat
4 16 -36 68 -6 -36 68 0 36 68 0 36 68 -6
2 24 -30 68 0 -36 68 0
2 24 30 68 0 36 68 0
0
1 16 20 68 0 1 0 0 0 -1 0 0 0 1 stud3.dat
1 16 0 68 0 1 0 0 0 -1 0 0 0 1 stud3.dat
1 16 -20 68 0 1 0 0 0 -1 0 0 0 1 stud3.dat
0
1 16 0 72 0 40 0 0 0 -8 0 0 0 10 box4o4a.dat
4 16 -40 72 -10 -36 72 -6 36 72 -6 40 72 -10
4 16 40 72 10 37 72 7 -37 72 7 -40 72 10
4 16 30 72 7 30 72 6 -30 72 6 -30 72 7
4 16 -40 72 10 -37 72 7 -37 72 0 -40 72 -10
4 16 -37 72 0 -36 72 0 -36 72 -6 -40 72 -10
4 16 40 72 -10 37 72 0 37 72 7 40 72 10
4 16 40 72 -10 36 72 -6 36 72 0 37 72 0
0
1 16 0 64 8.5 36 0 0 0 4 0 0 0 1.5 rect3.dat
1 16 0 64 -5 -34 0 0 0 4 0 0 0 -5 rect3.dat
1 16 0 64 3.5 0 0 30 0 4 0 -3.5 0 0 rect2p.dat
0
0 BFC INVERTNEXT
1 16 -36 5 3.5 0 -1 0 -5 0 0 0 0 -3.5 box3u4a.dat
1 16 -36.5 10 3.5 0.5 0 0 0 1 0 0 0 3.5 rect1.dat
0 BFC INVERTNEXT
1 16 -33 2 3.5 0 3 0 -2 0 0 0 0 3.5 box2-11.dat
1 16 -33 2 0 3 0 0 0 0 -2 0 -3 0 rect1.dat
0
0 BFC INVERTNEXT
1 16 36 5 3.5 0 1 0 -5 0 0 0 0 -3.5 box3u4a.dat
1 16 36.5 10 3.5 -0.5 0 0 0 1 0 0 0 3.5 rect1.dat
0 BFC INVERTNEXT
1 16 33 2 3.5 0 -3 0 -2 0 0 0 0 3.5 box2-11.dat
1 16 33 2 0 -3 0 0 0 0 -2 0 -3 0 rect1.dat
0
0 BFC INVERTNEXT
1 16 -35 35 0 1 0 0 0 0 29 0 1 0 rect1.dat
1 16 -36 34 3.5 0 -1 0 0 0 24 -3.5 0 0 rect1.dat
1 16 -36 34 8.5 0 -1 0 0 0 -30 1.5 0 0 rect1.dat
1 16 -37 35 -5 0 0 3 -29 0 0 0 -5 0 box2-11.dat
1 16 -38 32 0 0 0 -2 -32 0 0 0 10 0 box2-11.dat
2 24 -40 0 -10 -40 64 -10
0
0 BFC INVERTNEXT
1 16 35 35 0 -1 0 0 0 0 -29 0 1 0 rect1.dat
1 16 36 34 3.5 0 1 0 0 0 24 -3.5 0 0 rect1.dat
1 16 36 34 8.5 0 1 0 0 0 -30 1.5 0 0 rect1.dat
1 16 37 35 -5 0 0 -3 -29 0 0 0 -5 0 box2-11.dat
1 16 38 32 0 0 0 2 -32 0 0 0 10 0 box2-11.dat
2 24 40 0 -10 40 64 -10
0
4 16 40 6 -10 40 0 -10 -40 0 -10 -40 6 -10
1 16 0 6 -5 0 0 -34 0 -1 0 -5 0 0 rect.dat
4 16 36 4 0 36 6 0 -36 6 0 -36 4 0
1 16 0 4 3.5 30 0 0 0 -1 0 0 0 -3.5 rect3.dat
1 16 0 2 8.5 36 0 0 0 0 2 0 1.5 0 box2-11.dat
2 24 36 4 7 30 4 7
2 24 36 4 7 36 4 10
2 24 36 4 7 36 10 7
2 24 -36 4 7 -30 4 7
2 24 -36 4 7 -36 4 10
2 24 -36 4 7 -36 10 7
0
1 16 0 0 -5 -40 0 0 0 3 0 0 0 -5 rect3.dat
1 16 0 0 8.5 40 0 0 0 3 0 0 0 1.5 rect3.dat
1 16 38.5 0 3.5 1.5 0 0 0 3 0 0 0 3.5 rect1.dat
1 16 -38.5 0 3.5 -1.5 0 0 0 3 0 0 0 -3.5 rect1.dat
4 16 30 0 7 -30 0 7 -30 0 0 30 0 0
0
1 16 30 0 0 0 0 -6 0 -4 0 6 0 0 3-4edge.dat
1 16 30 -4 0 0 0 -6 0 -4 0 6 0 0 3-4edge.dat
1 16 30 0 0 0 0 -6 0 -4 0 6 0 0 3-4cyli.dat
1 16 30 -4 0 0 0 -6 0 4 0 6 0 0 3-4disc.dat
1 16 30 -2 3 0 -3 0 0 0 -2 -3 0 0 rect3.dat
1 16 33 -2 0 3 0 0 0 0 -2 0 -3 0 rect2a.dat
0
1 16 -30 0 0 -6 0 0 0 -4 0 0 0 -6 3-4edge.dat
1 16 -30 -4 0 -6 0 0 0 -4 0 0 0 -6 3-4edge.dat
1 16 -30 0 0 -6 0 0 0 -4 0 0 0 -6 3-4cyli.dat
1 16 -30 -4 0 -6 0 0 0 4 0 0 0 -6 3-4disc.dat
1 16 -30 -2 3 0 3 0 0 0 -2 -3 0 0 rect3.dat
1 16 -33 -2 0 -3 0 0 0 0 -2 0 -3 0 rect2a.dat
0
2 24 36 0 7 30 0 7
2 24 30 0 7 30 0 6
2 24 -36 0 7 -30 0 7
2 24 -30 0 7 -30 0 6
0
1 16 10 0 0 1 0 0 0 1 0 0 0 1 stud2.dat
1 16 -10 0 0 1 0 0 0 1 0 0 0 1 stud2.dat
0

0 FILE parts/3062b.dat
0 Brick  1 x  1 Round with Hollow Stud
0 Name: 3062b.dat
0 Author: James Jessiman
0 !LDRAW_ORG Part UPDATE 2022-02
0 !LICENSE Licensed under CC BY 4.0 : see CAreadme.txt

0 BFC CERTIFY CCW

0 !KEYWORDS BrickLink 3062

0 !HISTORY 1998-06-20 [PTadmin] Official Update 1998-06
0 !HISTORY 2003-08-02 [OrionP] Made some primitive subs
0 !HISTORY 2003-08-04 [Steffen] replaced peghole.dat by stud4a.dat
0 !HISTORY 2003-12-19 [PTadmin] Official Update 2003-03
0 !HISTORY 2007-06-10 [PTadmin] Header formatted for Contributor Agreement
0 !HISTORY 2008-07-01 [PTadmin] Official Update 2008-01
0 !HISTORY 2009-03-19 [tchang] Add missing <CR>
0 !HISTORY 2009-09-03 [PTadmin] Official Update 2009-02
0 !HISTORY 2020-12-12 [RainbowDolphin] Subparted for patterns
0 !HISTORY 2022-03-06 [PTadmin] Official Update 2022-02


1 16 0 0 0 1 0 0 0 1 0 0 0 1 s/3062bs01.dat
1 16 0 0 0 10 0 0 0 19 0 0 0 10 4-4cyli.dat

0 FILE parts/3003.dat
0 Brick  2 x  2
0 Name: 3003.dat
0 Author: James Jessiman
0 !LDRAW_ORG Part UPDATE 2022-05
0 !LICENSE Licensed under CC BY 4.0 : see CAreadme.txt

0 BFC CERTIFY CCW

0 !HISTORY 2001-10-26 [PTadmin] Official Update 2001-01
0 !HISTORY 2002-05-07 {unknown} BFC Certification
0 !HISTORY 2002-06-11 [PTadmin] Official Update 2002-03
0 !HISTORY 2007-05-07 [PTadmin] Header formatted for Contributor Agreement
0 !HISTORY 2008-07-01 [PTadmin] Official Update 2008-01
0 !HISTORY 2022-08-04 [MagFors] Using subfile
0 !HISTORY 2022-09-15 [PTadmin] Official Update 2022-05


1 16 0 0 0 1 0 0 0 1 0 0 0 1 s/3003s01.dat
4 16 -20 24 -20 20 24 -20 20 0 -20 -20 0 -20

0 FILE parts/3001.dat
0 Brick  2 x  4
0 Name: 3001.dat
0 Author: James Jessiman
0 !LDRAW_ORG Part UPDATE 2004-03
0 !LICENSE Licensed under CC BY 4.0 : see CAreadme.txt

0 BFC CERTIFY CCW

0 !HISTORY 2002-05-07 {unknown} BFC Certification
0 !HISTORY 2002-06-11 [PTadmin] Official Update 2002-03
0 !HISTORY 2004-02-08 [Steffen] used s\3001s01.dat
0 !HISTORY 2004-09-15 [PTadmin] Official Update 2004-03
0 !HISTORY 2007-05-07 [PTadmin] Header formatted for Contributor Agreement
0 !HISTORY 2008-07-01 [PTadmin] Official Update 2008-01


1 16 0 0 0 1 0 0 0 1 0 0 0 1 s/3001s01.dat
4 16 -40 0 -20 -40 24 -20 40 24 -20 40 0 -20
4 16 40 0 20 40 24 20 -40 24 20 -40 0 20
0

0 FILE parts/3039.dat
0 Slope Brick 45  2 x  2
0 Name: 3039.dat
0 Author: James Jessiman
0 !LDRAW_ORG Part UPDATE 2003-03
0 !LICENSE Licensed under CC BY 4.0 : see CAreadme.txt

0 BFC CERTIFY CCW

0 !HISTORY 2003-07-02 [Steffen] BFCed; re-worked part to use s\3039s01.dat
0 !HISTORY 2003-12-19 [PTadmin] Official Update 2003-03
0 !HISTORY 2007-06-09 [PTadmin] Header formatted for Contributor Agreement
0 !HISTORY 2008-07-01 [PTadmin] Official Update 2008-01


1 16 0 0 0 1 0 0 0 1 0 0 0 1 s/3039s01.dat
4 16 20 20 -30 20 0 -10 -20 0 -10 -20 20 -30
0

0 FILE parts/3068b.dat
0 Tile  2 x  2 with Groove
0 Name: 3068b.dat
0 Author: Takeshi Takahashi [RainbowDolphin]
0 !LDRAW_ORG Part UPDATE 2024-06
0 !LICENSE Licensed under CC BY 4.0 : see CAreadme.txt

0 BFC CERTIFY CCW

0 !KEYWORDS BrickLink 3068

0 !HISTORY 2002-04-25 [PTadmin] Official Update 2002-02
0 !HISTORY 2004-07-26 [guyvivan] Made BFC Compliant
0 !HISTORY 2004-11-06 [PTadmin] Official Update 2004-04
0 !HISTORY 2007-06-13 [PTadmin] Header formatted for Contributor Agreement
0 !HISTORY 2008-07-01 [PTadmin] Official Update 2008-01
0 !HISTORY 2024-05-29 [RainbowDolphin] Total rewrite, original by Damien Guichard [BrickCaster]
0 !HISTORY 2024-07-29 [OrionP] Official Update 2024-06

1 16 0 0 0 1 0 0 0 1 0 0 0 1 s/3068bs01.dat
0 // Patternable surface
4 16 -20 0 -20 20 0 -20 20 0 20 -20 0 20

0 FILE parts/4073.dat
0 ~Moved to 6141
0 Name: 4073.dat
0 Author: [PTadmin]
0 !LDRAW_ORG Part UPDATE 2025-04
0 !LICENSE Licensed under CC BY 4.0 : see CAreadme.txt

0 BFC CERTIFY CCW

0 !HISTORY 2015-10-11 [PTadmin] Official Update 2015-01
0 !HISTORY 2025-04-01 [OrionP] Removed Alias
0 !HISTORY 2025-04-27 [OrionP] Official Update 2025-04

0 // Plate 1 x 1 Round

1 16 0 0 0 1 0 0 0 1 0 0 0 1 6141.dat

0 FILE parts/3710.dat
0 Plate  1 x  4
0 Name: 3710.dat
0 Author: James Jessiman
0 !LDRAW_ORG Part UPDATE 2023-06
0 !LICENSE Licensed under CC BY 4.0 : see CAreadme.txt

0 BFC CERTIFY CCW

0 !HISTORY 2004-07-25 [guyvivan] Made BFC Compliant
0 !HISTORY 2004-11-06 [PTadmin] Official Update 2004-04
0 !HISTORY 2007-06-29 [PTadmin] Header formatted for Contributor Agreement
0 !HISTORY 2008-07-01 [PTadmin] Official Update 2008-01
0 !HISTORY 2023-03-28 [Sirio] Introduced use of subpart
0 !HISTORY 2023-11-19 [OrionP] Official Update 2023-06


1 16 0 0 0 1 0 0 0 1 0 0 0 1 s/3710s01.dat
4 16 -40 0 -10 -40 8 -10 40 8 -10 40 0 -10

0 FILE parts/60592.dat
0 Window  1 x  2 x  2 without Sill
0 Name: 60592.dat
0 Author: Michael Heidemann [mikeheide]
0 !LDRAW_ORG Part UPDATE 2012-01
0 !LICENSE Licensed under CC BY 4.0 : see CAreadme.txt

0 BFC CERTIFY CCW

0 !HISTORY 2008-12-20 {LEGO Universe Team} Original part shape
0 !HISTORY 2009-01-16 [mikeheide] File preparation for LDraw Parts Tracker
0 !HISTORY 2010-07-05 [PTadmin] Official Update 2010-02
0 !HISTORY 2012-03-06 [gregteft] Updated to increase primitive use and correct inset for glass.
0 !HISTORY 2012-03-30 [PTadmin] Official Update 2012-01


1 16 0 0 0 1 0 0 0 1 0 0 0 1 stug2-1x2.dat
0 // top hole
1 16 0 0 -5 2.5 0 0 0 1 0 0 0 2.5 4-4ndis.dat
0 BFC INVERTNEXT
1 16 0 0 -5 2.5 0 0 0 3 0 0 0 2.5 4-4cylo.dat
1 16 0 3 -5 2.5 0 0 0 -1 0 0 0 2.5 4-4ndis.dat
0 // bottom hole
1 16 0 40 -5 2.5 0 0 0 1 0 0 0 2.5 2-4ndis.dat
1 16 0 40 -5 2.5 0 0 0 3 0 0 0 2.5 2-4edge.dat
0 BFC INVERTNEXT
1 16 0 40 -5 2.5 0 0 0 3 0 0 0 2.5 2-4cyli.dat
0 BFC INVERTNEXT
1 16 0 40 -5 -1.768 0 1.768 0 8 0 -1.768 0 -1.768 1-4cyli.dat
1 16 0 40 -5 -1.768 0 1.768 0 1 0 -1.768 0 -1.768 1-4ndis.dat
1 16 0 40 -5 -1.768 0 1.768 0 1 0 -1.768 0 -1.768 1-4edge.dat
1 16 0 48 -5 -1.768 0 1.768 0 -1 0 -1.768 0 -1.768 1-4ndis.dat
1 16 0 48 -5 -1.768 0 1.768 0 1 0 -1.768 0 -1.768 1-4edge.dat
1 16 0 43 -5 2.5 0 0 0 -1 0 0 0 2.5 2-4ndis.dat
1 16 0 43 -5 2.5 0 0 0 1 0 0 0 2.5 2-4edge.dat
2 24 1.768 40 -6.768 2.291 40 -6
2 24 1.768 48 -6.768 2.291 48 -6
2 24 -1.768 40 -6.768 -2.291 40 -6
2 24 -1.768 48 -6.768 -2.291 48 -6
2 24 2.291 40 -6 2.5 40 -5
2 24 2.291 43 -6 2.5 43 -5
2 24 -2.291 40 -6 -2.5 40 -5
2 24 -2.291 43 -6 -2.5 43 -5
3 16 1.768 40 -6.768 2.291 40 -6 2.291 43 -6
3 16 -2.291 43 -6 -2.291 40 -6 -1.768 40 -6.768
4 16 1.768 40 -6.768 2.291 43 -6 2.291 48 -6 1.768 48 -6.768
4 16 -1.768 48 -6.768 -2.291 48 -6 -2.291 43 -6 -1.768 40 -6.768
4 16 2.291 40 -6 2.5 40 -5 2.5 43 -5 2.291 43 -6
4 16 -2.291 43 -6 -2.5 43 -5 -2.5 40 -5 -2.291 40 -6
5 24 2.291 40 -6 2.291 43 -6 1.768 40 -6.768 2.5 40 -5
5 24 -2.291 40 -6 -2.291 43 -6 -1.768 40 -6.768 -2.5 40 -5
0 // top and sides
1 16 0 24 0 20 0 0 0 24 0 0 0 10 box0.dat
4 16 20 0 -10 20 48 -10 20 48 10 20 0 10
4 16 -20 0 10 -20 48 10 -20 48 -10 -20 0 -10
4 16 -20 0 10 -2.5 0 -2.5 2.5 0 -2.5 20 0 10
4 16 20 0 10 2.5 0 -2.5 2.5 0 -7.5 20 0 -10
4 16 20 0 -10 2.5 0 -7.5 -2.5 0 -7.5 -20 0 -10
4 16 -20 0 -10 -2.5 0 -7.5 -2.5 0 -2.5 -20 0 10
0 // bottom triangles
1 16 5 43 5 -1 0 0 0 5 0 0 0 -1 7-16cyli.dat
1 16 5 43 -5 -1 0 0 0 5 0 0 0 1 7-16cyli.dat
1 16 -5 43 5 1 0 0 0 5 0 0 0 -1 7-16cyli.dat
1 16 -5 43 -5 1 0 0 0 5 0 0 0 1 7-16cyli.dat
1 16 5 43 5 -1 0 0 0 -1 0 0 0 -1 7-16ndis.dat
1 16 5 43 -5 -1 0 0 0 -1 0 0 0 1 7-16ndis.dat
1 16 -5 43 5 1 0 0 0 -1 0 0 0 -1 7-16ndis.dat
1 16 -5 43 -5 1 0 0 0 -1 0 0 0 1 7-16ndis.dat
1 16 5 48 5 -1 0 0 0 -1 0 0 0 -1 7-16disc.dat
1 16 5 48 -5 -1 0 0 0 -1 0 0 0 1 7-16disc.dat
1 16 -5 48 5 1 0 0 0 -1 0 0 0 -1 7-16disc.dat
1 16 -5 48 -5 1 0 0 0 -1 0 0 0 1 7-16disc.dat
1 16 5 43 5 -1 0 0 0 -1 0 0 0 -1 7-16edge.dat
1 16 5 43 -5 -1 0 0 0 -1 0 0 0 1 7-16edge.dat
1 16 -5 43 5 1 0 0 0 -1 0 0 0 -1 7-16edge.dat
1 16 -5 43 -5 1 0 0 0 -1 0 0 0 1 7-16edge.dat
1 16 5 48 5 -1 0 0 0 -1 0 0 0 -1 7-16edge.dat
1 16 5 48 -5 -1 0 0 0 -1 0 0 0 1 7-16edge.dat
1 16 -5 48 5 1 0 0 0 -1 0 0 0 -1 7-16edge.dat
1 16 -5 48 -5 1 0 0 0 -1 0 0 0 1 7-16edge.dat
1 16 6.212 45.5 -5.30865 .28805 -.923437 0 0 0 2.5 -.69315 -.38375 0 rect2p.dat
1 16 -6.212 45.5 -5.30865 .28805 .923437 0 0 0 2.5 .69315 -.38375 0 rect2p.dat
1 16 6.212 45.5 5.30865 -.28805 -.923437 0 0 0 2.5 -.69315 -.38375 0 rect2p.dat
1 16 -6.212 45.5 5.30865 -.28805 .923437 0 0 0 2.5 .69315 -.38375 0 rect2p.dat
3 16 -6.5 43 -6 -6 43 -4 -5.9239 43 -4.6173
3 16 6.5 43 -6 5.9239 43 -4.6173 6 43 -4
3 16 -6.5 43 6 -5.9239 43 4.6173 -6 43 4
3 16 6.5 43 6 6 43 4 5.9239 43 4.6173
3 16 -6.5 48 -6 -5.9239 48 -4.6173 -5 48 -5
3 16 6.5 48 -6 5 48 -5 5.9239 48 -4.6173
3 16 -6.5 48 6 -5 48 5 -5.9239 48 4.6173
3 16 6.5 48 6 5.9239 48 4.61773 5 48 5
4 16 -6.5 48 -6 -5 48 -5 -4 48 -5 -4 48 -6
4 16 4 48 -6 4 48 -5 5 48 -5 6.5 48 -6
4 16 -4 48 6 -4 48 5 -5 48 5 -6.5 48 6
4 16 6.5 48 6 5 48 5 4 48 5 4 48 6
0 // between triangles and hole
1 16 3.1455 45.5 -6 .8545 0 0 0 0 2.5 0 -1 0 rect.dat
1 16 -3.1455 45.5 -6 .8545 0 0 0 0 2.5 0 -1 0 rect.dat
1 16 4 45.5 -5.5 0 1 0 0 0 2.5 .5 0 0 rect2p.dat
1 16 -4 45.5 -5.5 0 -1 0 0 0 2.5 -.5 0 0 rect2p.dat
3 16 -2.5 43 -2.5 -4 43 -4 -6 43 -4
3 16 6 43 -4 4 43 -4 2.5 43 -2.5
4 16 -4 43 -6 -4 43 -5 -2.5 43 -5 -2.291 43 -6
4 16 2.291 43 -6 2.5 43 -5 4 43 -5 4 43 -6
4 16 -4 43 -5 -4 43 -4 -2.5 43 -2.5 -2.5 43 -5
4 16 2.5 43 -5 2.5 43 -2.5 4 43 -4 4 43 -5
0 // inside bottom
0 BFC INVERTNEXT
1 16 6.5 45.5 0 0 9.5 0 0 0 -2.5 6 0 0 box4-2p.dat
0 BFC INVERTNEXT
1 16 -6.5 45.5 0 0 -9.5 0 0 0 -2.5 6 0 0 box4-2p.dat
0 BFC INVERTNEXT
1 16 0 48 5.5 4 0 0 0 -5 0 0 0 .5 box4-4a.dat
4 16 -2.5 43 -2.5 -4 43 4 4 43 4 2.5 43 -2.5
4 16 -4 43 4 -4 43 5 4 43 5 4 43 4
4 16 -6 43 4 -4 43 4 -2.5 43 -2.5 -6 43 -4
4 16 6 43 -4 2.5 43 -2.5 4 43 4 6 43 4
4 16 -6.5 43 6 -6 43 4 -6 43 -4 -6.5 43 -6
4 16 6.5 43 -6 6 43 -4 6 43 4 6.5 43 6
0 // bottom edge
3 16 -20 48 -10 0 48 -8.536 20 48 -10
3 16 20 48 -10 0 48 -8.536 1.768 48 -6.768
3 16 -20 48 -10 -1.768 48 -6.768 0 48 -8.536
4 16 20 48 -10 1.768 48 -6.768 2.291 48 -6 4 48 -6
4 16 -4 48 -6 -2.291 48 -6 -1.768 48 -6.768 -20 48 -10
3 16 20 48 -10 4 48 -6 6.5 48 -6
3 16 -20 48 -10 -6.5 48 -6 -4 48 -6
3 16 20 48 -10 6.5 48 -6 16 48 -6
3 16 -20 48 -10 -16 48 -6 -6.5 48 -6
4 16 20 48 -10 16 48 -6 16 48 6 20 48 10
3 16 20 48 10 16 48 6 6.5 48 6
3 16 20 48 10 6.5 48 6 4 48 6
4 16 20 48 10 4 48 6 -4 48 6 -20 48 10
3 16 -20 48 10 -4 48 6 -6.5 48 6
3 16 -20 48 10 -6.5 48 6 -16 48 6
4 16 -20 48 10 -16 48 6 -16 48 -6 -20 48 -10
0 // thick frame
0 BFC INVERTNEXT
1 16 0 40 3.75 0 0 15 0 -35 0 6.25 0 0 box3u8p.dat
1 16 0 22.5 10 15 0 0 0 0 -17.5 0 1 0 recte4.dat
1 16 0 22.5 -2.5 15 0 0 0 0 -17.5 0 1 0 recte3.dat
4 16 -15 40 10 -2.5 40 -2.5 2.5 40 -2.5 15 40 10
3 16 -15 40 10 -15 40 -2.5 -2.5 40 -2.5
3 16 2.5 40 -2.5 15 40 -2.5 15 40 10
0 // outside thick frame
4 16 20 0 10 15 5 10 -15 5 10 -20 0 10
4 16 -20 0 10 -15 5 10 -15 40 10 -20 48 10
4 16 -20 48 10 -15 40 10 15 40 10 20 48 10
4 16 20 48 10 15 40 10 15 5 10 20 0 10
0 // transition
4 16 -17 40 -2.5 -15 40 -2.5 -15 5 -2.5 -17 3 -2.5
3 16 -17 3 -2.5 -15 5 -2.5 -2.5 3 -2.5
4 16 -2.5 3 -2.5 -15 5 -2.5 15 5 -2.5 2.5 3 -2.5
3 16 2.5 3 -2.5 15 5 -2.5 17 3 -2.5
4 16 17 3 -2.5 15 5 -2.5 15 40 -2.5 17 40 -2.5
0 // thin frame
1 16 17 21.5 -6.25 0 1 0 0 0 18.5 3.75 0 0 rect.dat
1 16 -17 21.5 -6.25 0 -1 0 0 0 18.5 3.75 0 0 rect.dat
2 24 17 3 -2.5 -17 3 -2.5
2 24 17 3 -10 -17 3 -10
2 24 17 40 -10 -17 40 -10
2 24 17 40 -2.5 15 40 -2.5
2 24 -17 40 -2.5 -15 40 -2.5
3 16 -15 40 -2.5 -17 40 -2.5 -17 40 -10
3 16 17 40 -10 17 40 -2.5 15 40 -2.5
3 16 17 40 -10 0 40 -8.536 -17 40 -10
3 16 -15 40 -2.5 -2.5 40 -5 -2.5 40 -2.5
3 16 2.5 40 -2.5 2.5 40 -5 15 40 -2.5
3 16 -15 40 -2.5 -1.768 40 -6.768 -2.294 40 -6
3 16 2.294 40 -6 1.768 40 -6.768 15 40 -2.5
3 16 -15 40 -2.5 -2.291 40 -6 -2.5 40 -5
3 16 2.5 40 -5 2.291 40 -6 15 40 -2.5
4 16 -17 3 -10 -2.5 3 -7.5 2.5 3 -7.5 17 3 -10
4 16 -17 3 -10 -17 3 -2.5 -2.5 3 -2.5 -2.5 3 -7.5
4 16 2.5 3 -7.5 2.5 3 -2.5 17 3 -2.5 17 3 -10
4 16 -15 40 -2.5 -17 40 -10 0 40 -8.536 -1.768 40 -6.768
4 16 1.768 40 -6.768 0 40 -8.536 17 40 -10 15 40 -2.5
0 // outside thin frame
4 16 -20 0 -10 -17 3 -10 17 3 -10 20 0 -10
4 16 20 0 -10 17 3 -10 17 40 -10 20 48 -10
4 16 20 48 -10 17 40 -10 -17 40 -10 -20 48 -10
4 16 -20 48 -10 -17 40 -10 -17 3 -10 -20 0 -10
0

0 FILE stud4.dat
0 Stud Tube Open
0 Name: stud4.dat
0 Author: James Jessiman
0 !LDRAW_ORG Primitive UPDATE 2009-02
0 !LICENSE Licensed under CC BY 4.0 : see CAreadme.txt

0 BFC CERTIFY CCW

0 !HISTORY 1999-07-05 [PTadmin] Official Update 1999-05
0 !HISTORY 2002-04-04 [sbliss] Modified for BFC compliance
0 !HISTORY 2002-04-25 [PTadmin] Official Update 2002-02
0 !HISTORY 2007-06-24 [PTadmin] Header formatted for Contributor Agreement
0 !HISTORY 2008-07-01 [PTadmin] Official Update 2008-01
0 !HISTORY 2009-06-21 [cwdee] Update ring references to 4-4ring
0 !HISTORY 2009-09-03 [PTadmin] Official Update 2009-02


1 16 0 -4 0 6 0 0 0 1 0 0 0 6 4-4edge.dat
1 16 0 -4 0 8 0 0 0 1 0 0 0 8 4-4edge.dat
1 16 0 0 0 6 0 0 0 1 0 0 0 6 4-4edge.dat
1 16 0 0 0 8 0 0 0 1 0 0 0 8 4-4edge.dat
0 BFC INVERTNEXT
1 16 0 -4 0 6 0 0 0 4 0 0 0 6 4-4cyli.dat
1 16 0 -4 0 8 0 0 0 4 0 0 0 8 4-4cyli.dat
1 16 0 -4 0 2 0 0 0 1 0 0 0 2 4-4ring3.dat
0

0 FILE box5.dat
0 Box with 5 Faces and All Edges
0 Name: box5.dat
0 Author: James Jessiman
0 !LDRAW_ORG Primitive UPDATE 2012-01
0 !LICENSE Licensed under CC BY 4.0 : see CAreadme.txt

0 BFC CERTIFY CCW

0 !HISTORY 2002-04-03 [sbliss] Modified for BFC compliance
0 !HISTORY 2002-04-25 [PTadmin] Official Update 2002-02
0 !HISTORY 2007-06-24 [PTadmin] Header formatted for Contributor Agreement
0 !HISTORY 2008-07-01 [PTadmin] Official Update 2008-01
0 !HISTORY 2012-02-16 [Philo] Changed to CCW
0 !HISTORY 2012-03-30 [PTadmin] Official Update 2012-01


2 24 1 1 1 -1 1 1
2 24 -1 1 1 -1 1 -1
2 24 -1 1 -1 1 1 -1
2 24 1 1 -1 1 1 1
2 24 1 0 1 -1 0 1
2 24 -1 0 1 -1 0 -1
2 24 -1 0 -1 1 0 -1
2 24 1 0 -1 1 0 1
2 24 1 0 1 1 1 1
2 24 -1 0 1 -1 1 1
2 24 1 0 -1 1 1 -1
2 24 -1 0 -1 -1 1 -1
4 16 -1 1 1 1 1 1 1 1 -1 -1 1 -1
4 16 -1 1 1 -1 0 1 1 0 1 1 1 1
4 16 -1 1 -1 -1 0 -1 -1 0 1 -1 1 1
4 16 1 1 -1 1 0 -1 -1 0 -1 -1 1 -1
4 16 1 1 1 1 0 1 1 0 -1 1 1 -1

0 FILE stud.dat
0 Stud
0 Name: stud.dat
0 Author: James Jessiman
0 !LDRAW_ORG Primitive UPDATE 2012-01
0 !LICENSE Licensed under CC BY 4.0 : see CAreadme.txt

0 BFC CERTIFY CCW

0 !HISTORY 2002-04-04 [sbliss] Modified for BFC compliance
0 !HISTORY 2002-04-25 [PTadmin] Official Update 2002-02
0 !HISTORY 2007-06-24 [PTadmin] Header formatted for Contributor Agreement
0 !HISTORY 2008-07-01 [PTadmin] Official Update 2008-01
0 !HISTORY 2012-02-16 [Philo] Changed to CCW
0 !HISTORY 2012-03-30 [PTadmin] Official Update 2012-01


1 16 0 0 0 6 0 0 0 1 0 0 0 6 4-4edge.dat
1 16 0 -4 0 6 0 0 0 1 0 0 0 6 4-4edge.dat
1 16 0 0 0 6 0 0 0 -4 0 0 0 6 4-4cyli.dat
1 16 0 -4 0 6 0 0 0 1 0 0 0 6 4-4disc.dat

0 FILE 3023b.dat
0 Plate  1 x  2
0 Name: 3023b.dat
0 Author: James Jessiman
0 !LDRAW_ORG Part UPDATE 2023-03
0 !LICENSE Licensed under CC BY 4.0 : see CAreadme.txt

0 BFC CERTIFY CCW

0 !KEYWORDS BrickLink 3023, Rebrickable 3023

0 !HISTORY 2001-10-26 [PTadmin] Official Update 2001-01
0 !HISTORY 2002-05-07 {unknown} BFC Certification
0 !HISTORY 2002-06-11 [PTadmin] Official Update 2002-03
0 !HISTORY 2007-06-07 [PTadmin] Header formatted for Contributor Agreement
0 !HISTORY 2008-07-01 [PTadmin] Official Update 2008-01
0 !HISTORY 2020-03-07 [Sirio] Subparted
0 !HISTORY 2022-01-14 [PTadmin] Official Update 2022-01
0 !HISTORY 2023-05-26 [OrionP] Moved from 3023.dat
0 !HISTORY 2023-06-24 [OrionP] Official Update 2023-03


1 16 0 0 0 1 0 0 0 1 0 0 0 1 s/3023bs01.dat
4 16 -20 0 -10 -20 8 -10 20 8 -10 20 0 -10

0 FILE parts/s/3024s01.dat
0 ~Plate  1 x  1 without Front Face
0 Name: s\3024s01.dat
0 Author: Tore Eriksson [Tore_Eriksson]
0 !LDRAW_ORG Subpart UPDATE 2012-03
0 !LICENSE Licensed under CC BY 4.0 : see CAreadme.txt

0 BFC CERTIFY CCW

0 !HISTORY 2012-12-28 [PTadmin] Official Update 2012-03


0 BFC INVERTNEXT
1 16 0 8 0 0 0 6 0 -4 0 -6 0 0 box5.dat
4 16 10 8 -10 6 8 -6 6 8 6 10 8 10
4 16 10 8 10 6 8 6 -6 8 6 -10 8 10
4 16 -10 8 10 -6 8 6 -6 8 -6 -10 8 -10
4 16 -10 8 -10 -6 8 -6 6 8 -6 10 8 -10
1 16 0 8 0 10 0 0 0 -8 0 0 0 10 box4t.dat
1 16 0 0 0 0 0 1 0 1 0 -1 0 0 stud.dat

0 FILE parts/s/3004s01.dat
0 ~Brick  1 x  2 without Front Face
0 Name: s\3004s01.dat
0 Author: James Jessiman
0 !LDRAW_ORG Subpart UPDATE 2003-03
0 !LICENSE Licensed under CC BY 4.0 : see CAreadme.txt

0 BFC CERTIFY CCW

0 !HISTORY 2003-09-07 [jriley] Subfiling, BFC
0 !HISTORY 2003-12-19 [PTadmin] Official Update 2003-03
0 !HISTORY 2007-08-29 [PTadmin] Header formatted for Contributor Agreement
0 !HISTORY 2008-07-01 [PTadmin] Official Update 2008-01


1 16 0 4 0 1 0 0 0 -5 0 0 0 1 stud3.dat
0 BFC INVERTNEXT
1 16 0 24 0 16 0 0 0 -20 0 0 0 6 box5.dat
4 16 20 24 10 16 24 6 -16 24 6 -20 24 10
4 16 -20 24 10 -16 24 6 -16 24 -6 -20 24 -10
4 16 -20 24 -10 -16 24 -6 16 24 -6 20 24 -10
4 16 20 24 -10 16 24 -6 16 24 6 20 24 10
1 16 0 24 0 20 0 0 0 -24 0 0 0 10 box4t.dat
1 16 10 0 0 1 0 0 0 1 0 0 0 1 stud.dat
1 16 -10 0 0 1 0 0 0 1 0 0 0 1 stud.dat
0

0 FILE parts/s/3008s01.dat
0 ~Brick  1 x  8 without Front Face
0 Name: s\3008s01.dat
0 Author: Takeshi Takahashi [RainbowDolphin]
0 !LDRAW_ORG Subpart UPDATE 2024-05
0 !LICENSE Licensed under CC BY 4.0 : see CAreadme.txt

0 BFC CERTIFY CCW

0 !HISTORY 2002-05-07 {unknown} BFC Certification
0 !HISTORY 2003-10-28 [westrate] Created subfile
0 !HISTORY 2004-09-15 [PTadmin] Official Update 2004-03
0 !HISTORY 2007-08-29 [PTadmin] Header formatted for Contributor Agreement
0 !HISTORY 2008-07-01 [PTadmin] Official Update 2008-01
0 !HISTORY 2024-05-28 [RainbowDolphin] Total rewrite, original by Andy Westrate [westrate]
0 !HISTORY 2024-06-30 [OrionP] Official Update 2024-05

1 16 0 4 0 1 0 0 0 -5 0 0 0 1 stug3-1x7.dat
1 16 0 0 0 1 0 0 0 1 0 0 0 1 stug-1x8.dat
1 16 0 24 0 80 0 0 0 -24 0 0 0 10 box4t.dat
0 BFC INVERTNEXT
1 16 0 24 0 76 0 0 0 -20 0 0 0 6 box5.dat

4 16 80 24 10 76 24 6 -76 24 6 -80 24 10
4 16 -80 24 10 -76 24 6 -76 24 -6 -80 24 -10
4 16 -80 24 -10 -76 24 -6 76 24 -6 80 24 -10
4 16 80 24 -10 76 24 -6 76 24 6 80 24 10

0 FILE parts/s/3005s01.dat
0 ~Brick  1 x  1 without Front Face
0 Name: s\3005s01.dat
0 Author: Willy Tschager [Holly-Wood]
0 !LDRAW_ORG Subpart UPDATE 2024-04
0 !LICENSE Licensed under CC BY 4.0 : see CAreadme.txt

0 BFC CERTIFY CCW

0 !HISTORY 2003-09-07 [jriley] BFCed & Subfiled
0 !HISTORY 2004-03-02 [PTadmin] Official Update 2004-01
0 !HISTORY 2007-08-29 [PTadmin] Header formatted for Contributor Agreement
0 !HISTORY 2008-07-01 [PTadmin] Official Update 2008-01
0 !HISTORY 2024-03-15 [Holly-Wood] Complete re-write, original by jriley
0 !HISTORY 2024-05-28 [OrionP] Official Update 2024-04

1 16 0 0 0 0 0 1 0 1 0 -1 0 0 stud.dat
1 16 0 24 0 -10 0 0 0 -24 0 0 0 10 box4t.dat
0 BFC INVERTNEXT
1 16 0 24 0 -6 0 0 0 -20 0 0 0 6 box5.dat

4 16 -6 24 -6 6 24 -6 10 24 -10 -10 24 -10
4 16 10 24 -10 6 24 -6 6 24 6 10 24 10
4 16 6 24 6 -6 24 6 -10 24 10 10 24 10
4 16 -10 24 10 -6 24 6 -6 24 -6 -10 24 -10

0 FILE parts/s/3009s01.dat
0 ~Brick  1 x  6 without Front Face
0 Name: s\3009s01.dat
0 Author: James Jessiman
0 !LDRAW_ORG Subpart UPDATE 2003-03
0 !LICENSE Licensed under CC BY 4.0 : see CAreadme.txt

0 BFC CERTIFY CCW

0 !HISTORY 2002-05-07 {unknown} BFC Certification
0 !HISTORY 2003-07-03 [Steffen] Subfiled for patterning
0 !HISTORY 2003-12-19 [PTadmin] Official Update 2003-03
0 !HISTORY 2007-08-29 [PTadmin] Header formatted for Contributor Agreement
0 !HISTORY 2008-07-01 [PTadmin] Official Update 2008-01


1 16 40 4 0 1 0 0 0 -5 0 0 0 1 stud3.dat
1 16 20 4 0 1 0 0 0 -5 0 0 0 1 stud3.dat
1 16 0 4 0 1 0 0 0 -5 0 0 0 1 stud3.dat
1 16 -20 4 0 1 0 0 0 -5 0 0 0 1 stud3.dat
1 16 -40 4 0 1 0 0 0 -5 0 0 0 1 stud3.dat
0 BFC INVERTNEXT
1 16 0 24 0 56 0 0 0 -20 0 0 0 6 box5.dat
4 16 60 24 10 56 24 6 -56 24 6 -60 24 10
4 16 -60 24 10 -56 24 6 -56 24 -6 -60 24 -10
4 16 -60 24 -10 -56 24 -6 56 24 -6 60 24 -10
4 16 60 24 -10 56 24 -6 56 24 6 60 24 10
2 24 60 0 10 -60 0 10
2 24 -60 0 10 -60 0 -10
2 24 -60 0 -10 60 0 -10
2 24 60 0 -10 60 0 10
2 24 60 24 10 -60 24 10
2 24 -60 24 10 -60 24 -10
2 24 -60 24 -10 60 24 -10
2 24 60 24 -10 60 24 10
2 24 60 24 10 60 0 10
2 24 -60 24 10 -60 0 10
2 24 60 24 -10 60 0 -10
2 24 -60 24 -10 -60 0 -10
4 16 -60 0 -10 60 0 -10 60 0 10 -60 0 10
4 16 -60 0 10 -60 24 10 -60 24 -10 -60 0 -10
4 16 60 0 10 60 24 10 -60 24 10 -60 0 10
4 16 60 0 -10 60 24 -10 60 24 10 60 0 10
1 16 50 0 0 1 0 0 0 1 0 0 0 1 stud.dat
1 16 30 0 0 1 0 0 0 1 0 0 0 1 stud.dat
1 16 10 0 0 1 0 0 0 1 0 0 0 1 stud.dat
1 16 -10 0 0 1 0 0 0 1 0 0 0 1 stud.dat
1 16 -30 0 0 1 0 0 0 1 0 0 0 1 stud.dat
1 16 -50 0 0 1 0 0 0 1 0 0 0 1 stud.dat
0

0 FILE parts/s/3010s01.dat
0 ~Brick  1 x  4 without Front Face
0 Name: s\3010s01.dat
0 Author: Willy Tschager [Holly-Wood]
0 !LDRAW_ORG Subpart UPDATE 2024-03
0 !LICENSE Licensed under CC BY 4.0 : see CAreadme.txt

0 BFC CERTIFY CCW

0 !HISTORY 2003-08-01 [PTadmin] Official Update 2003-02
0 !HISTORY 2007-08-29 [PTadmin] Header formatted for Contributor Agreement
0 !HISTORY 2008-07-01 [PTadmin] Official Update 2008-01
0 !HISTORY 2024-03-15 [Holly-Wood] Complete re-write, original by hafhead
0 !HISTORY 2024-04-28 [OrionP] Official Update 2024-03

1 16 0 0 0 1 0 0 0 1 0 0 0 1 stug-1x4.dat
1 16 0 4 0 1 0 0 0 -5 0 0 0 1 stug3-1x3.dat

1 16 0 24 0 -40 0 0 0 -24 0 0 0 10 box4t.dat
0 BFC INVERTNEXT
1 16 0 24 0 -36 0 0 0 -20 0 0 0 6 box5.dat

4 16 -36 24 -6 36 24 -6 40 24 -10 -40 24 -10
4 16 40 24 -10 36 24 -6 36 24 6 40 24 10
4 16 40 24 10 36 24 6 -36 24 6 -40 24 10
4 16 -40 24 10 -36 24 6 -36 24 -6 -40 24 -10

0 FILE box3u2p.dat
0 Box with 3 Faces without 2 Parallel Edges
0 Name: box3u2p.dat
0 Author: Niels Karsdorp [nielsk]
0 !LDRAW_ORG Primitive UPDATE 2012-01
0 !LICENSE Licensed under CC BY 4.0 : see CAreadme.txt

0 BFC CERTIFY CCW

0 !HISTORY 2003-03-12 [PTadmin] Official Update 2003-01
0 !HISTORY 2007-06-24 [PTadmin] Header formatted for Contributor Agreement
0 !HISTORY 2008-07-01 [PTadmin] Official Update 2008-01
0 !HISTORY 2012-02-16 [Philo] Changed to CCW
0 !HISTORY 2012-03-30 [PTadmin] Official Update 2012-01


2 24 1 1 1 -1 1 1
2 24 -1 1 -1 1 1 -1
2 24 1 0 1 -1 0 1
2 24 -1 0 -1 1 0 -1
2 24 1 1 1 1 1 -1
2 24 -1 1 1 -1 1 -1
2 24 1 1 1 1 0 1
2 24 1 1 -1 1 0 -1
2 24 -1 1 1 -1 0 1
2 24 -1 1 -1 -1 0 -1
4 16 -1 1 -1 -1 1 1 1 1 1 1 1 -1
4 16 -1 1 1 -1 0 1 1 0 1 1 1 1
4 16 1 1 -1 1 0 -1 -1 0 -1 -1 1 -1

0 FILE 1-4cyli.dat
0 Cylinder 0.25
0 Name: 1-4cyli.dat
0 Author: James Jessiman
0 !LDRAW_ORG Primitive UPDATE 2012-01
0 !LICENSE Licensed under CC BY 4.0 : see CAreadme.txt

0 BFC CERTIFY CCW

0 !HISTORY 2002-03-23 [sbliss] Added BFC statement.
0 !HISTORY 2002-04-25 [PTadmin] Official Update 2002-02
0 !HISTORY 2007-06-22 [PTadmin] Header formatted for Contributor Agreement
0 !HISTORY 2008-07-01 [PTadmin] Official Update 2008-01
0 !HISTORY 2012-02-16 [Philo] Changed to CCW
0 !HISTORY 2012-03-30 [PTadmin] Official Update 2012-01


4 16 1 1 0 0.9239 1 0.3827 0.9239 0 0.3827 1 0 0
5 24 1 0 0 1 1 0 0.9239 0 0.3827 1 0 -1
4 16 0.9239 1 0.3827 0.7071 1 0.7071 0.7071 0 0.7071 0.9239 0 0.3827
5 24 0.9239 0 0.3827 0.9239 1 0.3827 0.7071 0 0.7071 1 0 0
4 16 0.7071 1 0.7071 0.3827 1 0.9239 0.3827 0 0.9239 0.7071 0 0.7071
5 24 0.7071 0 0.7071 0.7071 1 0.7071 0.3827 0 0.9239 0.9239 0 0.3827
4 16 0.3827 1 0.9239 0 1 1 0 0 1 0.3827 0 0.9239
5 24 0.3827 0 0.9239 0.3827 1 0.9239 0 0 1 0.7071 0 0.7071
5 24 0 0 1 0 1 1 0.3827 0 0.9239 -1 0 1

0 FILE 1-4edge.dat
0 Circle 0.25
0 Name: 1-4edge.dat
0 Author: James Jessiman
0 !LDRAW_ORG Primitive UPDATE 2017-01
0 !LICENSE Licensed under CC BY 4.0 : see CAreadme.txt

0 BFC CERTIFY CCW

0 !HISTORY 2007-06-22 [PTadmin] Header formatted for Contributor Agreement
0 !HISTORY 2008-07-01 [PTadmin] Official Update 2008-01
0 !HISTORY 2017-01-15 [Steffen] BFCed
0 !HISTORY 2017-12-30 [PTadmin] Official Update 2017-01


2 24 1 0 0 0.9239 0 0.3827
2 24 0.9239 0 0.3827 0.7071 0 0.7071
2 24 0.7071 0 0.7071 0.3827 0 0.9239
2 24 0.3827 0 0.9239 0 0 1

0 FILE 5-8edge.dat
0 Circle 0.625
0 Name: 5-8edge.dat
0 Author: Mark Kennedy [mkennedy]
0 !LDRAW_ORG Primitive UPDATE 2017-01
0 !LICENSE Licensed under CC BY 4.0 : see CAreadme.txt

0 BFC CERTIFY CCW

0 !HISTORY 2004-04-22 [PTadmin] Official Update 2004-02
0 !HISTORY 2005-12-28 [PTadmin] Official Update 2005-01
0 !HISTORY 2007-06-24 [PTadmin] Header formatted for Contributor Agreement
0 !HISTORY 2008-07-01 [PTadmin] Official Update 2008-01
0 !HISTORY 2017-01-15 [Steffen] BFCed
0 !HISTORY 2017-12-30 [PTadmin] Official Update 2017-01


2 24 1 0 0 0.9239 0 0.3827
2 24 0.9239 0 0.3827 0.7071 0 0.7071
2 24 0.7071 0 0.7071 0.3827 0 0.9239
2 24 0.3827 0 0.9239 0 0 1
2 24 0 0 1 -0.3827 0 0.9239
2 24 -0.3827 0 0.9239 -0.7071 0 0.7071
2 24 -0.7071 0 0.7071 -0.9239 0 0.3827
2 24 -0.9239 0 0.3827 -1 0 0
2 24 -1 0 0 -0.9239 0 -0.3827
2 24 -0.9239 0 -0.3827 -0.7071 0 -0.7071

0 FILE 2-4ndis.dat
0 Disc Negative 0.5
0 Name: 2-4ndis.dat
0 Author: James Jessiman
0 !LDRAW_ORG Primitive UPDATE 2012-01
0 !LICENSE Licensed under CC BY 4.0 : see CAreadme.txt

0 BFC CERTIFY CCW

0 !HISTORY 2002-03-23 [sbliss] Added BFC statement; compacted code
0 !HISTORY 2002-04-25 [PTadmin] Official Update 2002-02
0 !HISTORY 2007-06-24 [PTadmin] Header formatted for Contributor Agreement
0 !HISTORY 2008-07-01 [PTadmin] Official Update 2008-01
0 !HISTORY 2012-02-16 [Philo] Changed to CCW
0 !HISTORY 2012-03-30 [PTadmin] Official Update 2012-01


3 16 0.9239 0 0.3827 1 0 0 1 0 1
3 16 0.7071 0 0.7071 0.9239 0 0.3827 1 0 1
3 16 0.3827 0 0.9239 0.7071 0 0.7071 1 0 1
3 16 0 0 1 0.3827 0 0.9239 1 0 1
3 16 -0.3827 0 0.9239 0 0 1 -1 0 1
3 16 -0.7071 0 0.7071 -0.3827 0 0.9239 -1 0 1
3 16 -0.9239 0 0.3827 -0.7071 0 0.7071 -1 0 1
3 16 -1 0 0 -0.9239 0 0.3827 -1 0 1

0 FILE stud3.dat
0 Stud Tube Solid
0 Name: stud3.dat
0 Author: James Jessiman
0 !LDRAW_ORG Primitive UPDATE 2012-01
0 !LICENSE Licensed under CC BY 4.0 : see CAreadme.txt

0 BFC CERTIFY CCW

0 !HISTORY 2002-04-04 [sbliss] Modified for BFC compliance
0 !HISTORY 2002-04-25 [PTadmin] Official Update 2002-02
0 !HISTORY 2007-06-24 [PTadmin] Header formatted for Contributor Agreement
0 !HISTORY 2008-07-01 [PTadmin] Official Update 2008-01
0 !HISTORY 2012-02-16 [Philo] Changed to CCW
0 !HISTORY 2012-03-30 [PTadmin] Official Update 2012-01


1 16 0 -4 0 4 0 0 0 1 0 0 0 4 4-4edge.dat
1 16 0 0 0 4 0 0 0 1 0 0 0 4 4-4edge.dat
1 16 0 -4 0 4 0 0 0 1 0 0 0 4 4-4disc.dat
1 16 0 -4 0 4 0 0 0 4 0 0 0 4 4-4cyli.dat

0 FILE box4o4a.dat
0 Box with 4 Faces (2 Parallel Pairs) without Bottom Edges
0 Name: box4o4a.dat
0 Author: Donald Sutter [technog]
0 !LDRAW_ORG Primitive UPDATE 2012-01
0 !LICENSE Licensed under CC BY 4.0 : see CAreadme.txt

0 BFC CERTIFY CCW

0 !HISTORY 2003-08-01 [PTadmin] Official Update 2003-02
0 !HISTORY 2007-06-24 [PTadmin] Header formatted for Contributor Agreement
0 !HISTORY 2008-07-01 [PTadmin] Official Update 2008-01
0 !HISTORY 2012-02-16 [Philo] Changed to CCW
0 !HISTORY 2012-03-30 [PTadmin] Official Update 2012-01


2 24 1 0 1 -1 0 1
2 24 -1 0 1 -1 0 -1
2 24 -1 0 -1 1 0 -1
2 24 1 0 -1 1 0 1
2 24 1 0 1 1 1 1
2 24 -1 0 1 -1 1 1
2 24 1 0 -1 1 1 -1
2 24 -1 0 -1 -1 1 -1
4 16 -1 1 1 -1 0 1 1 0 1 1 1 1
4 16 -1 1 -1 -1 0 -1 -1 0 1 -1 1 1
4 16 1 1 -1 1 0 -1 -1 0 -1 -1 1 -1
4 16 1 1 1 1 0 1 1 0 -1 1 1 -1

0 FILE 1-8ndis.dat
0 Disc Negative 0.125
0 Name: 1-8ndis.dat
0 Author: James Jessiman
0 !LDRAW_ORG Primitive UPDATE 2012-01
0 !LICENSE Licensed under CC BY 4.0 : see CAreadme.txt

0 BFC CERTIFY CCW

0 !HISTORY 2002-03-23 [sbliss] Added BFC statement
0 !HISTORY 2002-04-25 [PTadmin] Official Update 2002-02
0 !HISTORY 2007-06-22 [PTadmin] Header formatted for Contributor Agreement
0 !HISTORY 2008-07-01 [PTadmin] Official Update 2008-01
0 !HISTORY 2012-02-16 [Philo] Changed to CCW
0 !HISTORY 2012-03-30 [PTadmin] Official Update 2012-01


3 16 0.9239 0 0.3827 1 0 0 1 0 1
3 16 0.7071 0 0.7071 0.9239 0 0.3827 1 0 1

0 FILE 4-4cyli.dat
0 Cylinder 1.0
0 Name: 4-4cyli.dat
0 Author: James Jessiman
0 !LDRAW_ORG Primitive UPDATE 2005-01
0 !LICENSE Licensed under CC BY 4.0 : see CAreadme.txt

0 BFC CERTIFY CCW

0 !HISTORY 1998-12-15 [PTadmin] Official Update 1998-10
0 !HISTORY 2002-03-23 [sbliss] Added BFC statement; merged headers from files in distributions LDraw 0.27 and Complete.
0 !HISTORY 2002-04-25 [PTadmin] Official Update 2002-02
0 !HISTORY 2004-12-14 [guyvivan] BFC CCW
0 !HISTORY 2005-12-28 [PTadmin] Official Update 2005-01
0 !HISTORY 2007-06-24 [PTadmin] Header formatted for Contributor Agreement
0 !HISTORY 2008-07-01 [PTadmin] Official Update 2008-01


4 16 1 1 0 0.9239 1 0.3827 0.9239 0 0.3827 1 0 0
5 24 1 0 0 1 1 0 0.9239 0 0.3827 0.9239 0 -0.3827
4 16 0.9239 1 0.3827 0.7071 1 0.7071 0.7071 0 0.7071 0.9239 0 0.3827
5 24 0.9239 0 0.3827 0.9239 1 0.3827 0.7071 0 0.7071 1 0 0
4 16 0.7071 1 0.7071 0.3827 1 0.9239 0.3827 0 0.9239 0.7071 0 0.7071
5 24 0.7071 0 0.7071 0.7071 1 0.7071 0.3827 0 0.9239 0.9239 0 0.3827
4 16 0.3827 1 0.9239 0 1 1 0 0 1 0.3827 0 0.9239
5 24 0.3827 0 0.9239 0.3827 1 0.9239 0 0 1 0.7071 0 0.7071
4 16 0 1 1 -0.3827 1 0.9239 -0.3827 0 0.9239 0 0 1
5 24 0 0 1 0 1 1 -0.3827 0 0.9239 0.3827 0 0.9239
4 16 -0.3827 1 0.9239 -0.7071 1 0.7071 -0.7071 0 0.7071 -0.3827 0 0.9239
5 24 -0.3827 0 0.9239 -0.3827 1 0.9239 -0.7071 0 0.7071 0 0 1
4 16 -0.7071 1 0.7071 -0.9239 1 0.3827 -0.9239 0 0.3827 -0.7071 0 0.7071
5 24 -0.7071 0 0.7071 -0.7071 1 0.7071 -0.9239 0 0.3827 -0.3827 0 0.9239
4 16 -0.9239 1 0.3827 -1 1 0 -1 0 0 -0.9239 0 0.3827
5 24 -0.9239 0 0.3827 -0.9239 1 0.3827 -1 0 0 -0.7071 0 0.7071
4 16 -1 1 0 -0.9239 1 -0.3827 -0.9239 0 -0.3827 -1 0 0
5 24 -1 0 0 -1 1 0 -0.9239 0 -0.3827 -0.9239 0 0.3827
4 16 -0.9239 1 -0.3827 -0.7071 1 -0.7071 -0.7071 0 -0.7071 -0.9239 0 -0.3827
5 24 -0.9239 0 -0.3827 -0.9239 1 -0.3827 -0.7071 0 -0.7071 -1 0 0
4 16 -0.7071 1 -0.7071 -0.3827 1 -0.9239 -0.3827 0 -0.9239 -0.7071 0 -0.7071
5 24 -0.7071 0 -0.7071 -0.7071 1 -0.7071 -0.3827 0 -0.9239 -0.9239 0 -0.3827
4 16 -0.3827 1 -0.9239 0 1 -1 0 0 -1 -0.3827 0 -0.9239
5 24 -0.3827 0 -0.9239 -0.3827 1 -0.9239 0 0 -1 -0.7071 0 -0.7071
4 16 0 1 -1 0.3827 1 -0.9239 0.3827 0 -0.9239 0 0 -1
5 24 0 0 -1 0 1 -1 0.3827 0 -0.9239 -0.3827 0 -0.9239
4 16 0.3827 1 -0.9239 0.7071 1 -0.7071 0.7071 0 -0.7071 0.3827 0 -0.9239
5 24 0.3827 0 -0.9239 0.3827 1 -0.9239 0.7071 0 -0.7071 0 0 -1
4 16 0.7071 1 -0.7071 0.9239 1 -0.3827 0.9239 0 -0.3827 0.7071 0 -0.7071
5 24 0.7071 0 -0.7071 0.7071 1 -0.7071 0.9239 0 -0.3827 0.3827 0 -0.9239
4 16 0.9239 1 -0.3827 1 1 0 1 0 0 0.9239 0 -0.3827
5 24 0.9239 0 -0.3827 0.9239 1 -0.3827 1 0 0 0.7071 0 -0.7071
0

0 FILE 4-4edge.dat
0 Circle 1.0
0 Name: 4-4edge.dat
0 Author: James Jessiman
0 !LDRAW_ORG Primitive UPDATE 2017-01
0 !LICENSE Licensed under CC BY 4.0 : see CAreadme.txt

0 BFC CERTIFY CCW

0 !HISTORY 1998-12-15 [PTadmin] Official Update 1998-10
0 !HISTORY 2005-12-28 [PTadmin] Official Update 2005-01
0 !HISTORY 2007-06-24 [PTadmin] Header formatted for Contributor Agreement
0 !HISTORY 2008-07-01 [PTadmin] Official Update 2008-01
0 !HISTORY 2017-01-15 [Steffen] BFCed
0 !HISTORY 2017-12-30 [PTadmin] Official Update 2017-01


2 24 1 0 0 0.9239 0 0.3827
2 24 0.9239 0 0.3827 0.7071 0 0.7071
2 24 0.7071 0 0.7071 0.3827 0 0.9239
2 24 0.3827 0 0.9239 0 0 1
2 24 0 0 1 -0.3827 0 0.9239
2 24 -0.3827 0 0.9239 -0.7071 0 0.7071
2 24 -0.7071 0 0.7071 -0.9239 0 0.3827
2 24 -0.9239 0 0.3827 -1 0 -0
2 24 -1 0 -0 -0.9239 0 -0.3827
2 24 -0.9239 0 -0.3827 -0.7071 0 -0.7071
2 24 -0.7071 0 -0.7071 -0.3827 0 -0.9239
2 24 -0.3827 0 -0.9239 0 0 -1
2 24 0 0 -1 0.3827 0 -0.9239
2 24 0.3827 0 -0.9239 0.7071 0 -0.7071
2 24 0.7071 0 -0.7071 0.9239 0 -0.3827
2 24 0.9239 0 -0.3827 1 0 0

0 FILE 4-4ndis.dat
0 Disc Negative 1.0
0 Name: 4-4ndis.dat
0 Author: James Jessiman
0 !LDRAW_ORG Primitive UPDATE 2012-01
0 !LICENSE Licensed under CC BY 4.0 : see CAreadme.txt

0 BFC CERTIFY CCW

0 !HISTORY 2002-03-23 [sbliss] Added BFC statement; compacted code
0 !HISTORY 2002-04-25 [PTadmin] Official Update 2002-02
0 !HISTORY 2007-06-24 [PTadmin] Header formatted for Contributor Agreement
0 !HISTORY 2008-07-01 [PTadmin] Official Update 2008-01
0 !HISTORY 2012-02-16 [Philo] Changed to CCW
0 !HISTORY 2012-03-30 [PTadmin] Official Update 2012-01


3 16 0.9239 0 0.3827 1 0 0 1 0 1
3 16 0.7071 0 0.7071 0.9239 0 0.3827 1 0 1
3 16 0.3827 0 0.9239 0.7071 0 0.7071 1 0 1
3 16 0 0 1 0.3827 0 0.9239 1 0 1
3 16 -0.3827 0 0.9239 0 0 1 -1 0 1
3 16 -0.7071 0 0.7071 -0.3827 0 0.9239 -1 0 1
3 16 -0.9239 0 0.3827 -0.7071 0 0.7071 -1 0 1
3 16 -1 0 0 -0.9239 0 0.3827 -1 0 1
3 16 -0.9239 0 -0.3827 -1 0 0 -1 0 -1
3 16 -0.7071 0 -0.7071 -0.9239 0 -0.3827 -1 0 -1
3 16 -0.3827 0 -0.9239 -0.7071 0 -0.7071 -1 0 -1
3 16 0 0 -1 -0.3827 0 -0.9239 -1 0 -1
3 16 0.3827 0 -0.9239 0 0 -1 1 0 -1
3 16 0.7071 0 -0.7071 0.3827 0 -0.9239 1 0 -1
3 16 0.9239 0 -0.3827 0.7071 0 -0.7071 1 0 -1
3 16 1 0 0 0.9239 0 -0.3827 1 0 -1

0 FILE rect3.dat
0 Rectangle with 3 Edges
0 Name: rect3.dat
0 Author: Mark Kennedy [mkennedy]
0 !LDRAW_ORG Primitive UPDATE 2010-01
0 !LICENSE Licensed under CC BY 4.0 : see CAreadme.txt

0 BFC CERTIFY CCW

0 !HISTORY 2003-08-01 [PTadmin] Official Update 2003-02
0 !HISTORY 2007-06-24 [PTadmin] Header formatted for Contributor Agreement
0 !HISTORY 2008-07-01 [PTadmin] Official Update 2008-01
0 !HISTORY 2010-01-17 [mikeheide] Change winding to CCW
0 !HISTORY 2010-04-05 [PTadmin] Official Update 2010-01


2 24 1 0 1 -1 0 1
2 24 1 0 1 1 0 -1
2 24 -1 0 1 -1 0 -1
4 16 -1 0 1 -1 0 -1 1 0 -1 1 0 1
0 //

0 FILE rect1.dat
0 Rectangle with 1 Edge
0 Name: rect1.dat
0 Author: Chris Dee [cwdee]
0 !LDRAW_ORG Primitive UPDATE 2010-01
0 !LICENSE Licensed under CC BY 4.0 : see CAreadme.txt

0 BFC CERTIFY CCW

0 !HISTORY 2003-12-19 [PTadmin] Official Update 2003-03
0 !HISTORY 2007-06-24 [PTadmin] Header formatted for Contributor Agreement
0 !HISTORY 2008-07-01 [PTadmin] Official Update 2008-01
0 !HISTORY 2010-01-17 [mikeheide] changed winding to CCW
0 !HISTORY 2010-04-05 [PTadmin] Official Update 2010-01


2 24 1 0 -1 1 0 1
4 16 -1 0 1 -1 0 -1 1 0 -1 1 0 1
0

0 FILE rect.dat
0 Rectangle
0 Name: rect.dat
0 Author: James Jessiman
0 !LDRAW_ORG Primitive UPDATE 2010-01
0 !LICENSE Licensed under CC BY 4.0 : see CAreadme.txt

0 BFC CERTIFY CCW

0 !HISTORY 2002-04-05 [hafhead] Added BFC statement
0 !HISTORY 2002-04-25 [PTadmin] Official Update 2002-02
0 !HISTORY 2007-06-24 [PTadmin] Header formatted for Contributor Agreement
0 !HISTORY 2008-07-01 [PTadmin] Official Update 2008-01
0 !HISTORY 2010-01-17 [mikeheide] changed winding to CCW
0 !HISTORY 2010-04-05 [PTadmin] Official Update 2010-01


2 24 1 0 1 -1 0 1
2 24 -1 0 1 -1 0 -1
2 24 -1 0 -1 1 0 -1
2 24 1 0 -1 1 0 1
4 16 -1 0 1 -1 0 -1 1 0 -1 1 0 1
0

0 FILE box2-11.dat
0 Box with 2 Faces without 11 Edges
0 Name: box2-11.dat
0 Author: Steffen [Steffen]
0 !LDRAW_ORG Primitive UPDATE 2005-01
0 !LICENSE Licensed under CC BY 4.0 : see CAreadme.txt

0 BFC CERTIFY CCW

0 !HISTORY 2005-12-28 [PTadmin] Official Update 2005-01
0 !HISTORY 2007-06-24 [PTadmin] Header formatted for Contributor Agreement
0 !HISTORY 2008-07-01 [PTadmin] Official Update 2008-01


2 24 1 1 1 -1 1 1
4 16 1 1 1 1 1 -1 -1 1 -1 -1 1 1
4 16 1 1 1 -1 1 1 -1 -1 1 1 -1 1
0

0 FILE 3-8edge.dat
0 Circle 0.375
0 Name: 3-8edge.dat
0 Author: James Jessiman
0 !LDRAW_ORG Primitive UPDATE 2017-01
0 !LICENSE Licensed under CC BY 4.0 : see CAreadme.txt

0 BFC CERTIFY CCW

0 !HISTORY 2007-06-24 [PTadmin] Header formatted for Contributor Agreement
0 !HISTORY 2008-07-01 [PTadmin] Official Update 2008-01
0 !HISTORY 2017-01-15 [Steffen] BFCed
0 !HISTORY 2017-12-30 [PTadmin] Official Update 2017-01


2 24 1 0 0 0.9239 0 0.3827
2 24 0.9239 0 0.3827 0.7071 0 0.7071
2 24 0.7071 0 0.7071 0.3827 0 0.9239
2 24 0.3827 0 0.9239 0 0 1
2 24 0 0 1 -0.3827 0 0.9239
2 24 -0.3827 0 0.9239 -0.7071 0 0.7071

0 FILE 3-4cylc.dat
0 Cylinder Closed 0.75
0 Name: 3-4cylc.dat
0 Author: J.C. Tchang [tchang]
0 !LDRAW_ORG Primitive UPDATE 2010-02
0 !LICENSE Licensed under CC BY 4.0 : see CAreadme.txt

0 BFC CERTIFY CCW

0 !HISTORY 2010-07-05 [PTadmin] Official Update 2010-02


1 16 0 0 0 1 0 0 0 1 0 0 0 1 3-4edge.dat
1 16 0 1 0 1 0 0 0 1 0 0 0 1 3-4edge.dat
1 16 0 0 0 1 0 0 0 1 0 0 0 1 3-4disc.dat
1 16 0 0 0 1 0 0 0 1 0 0 0 1 3-4cyli.dat

0 FILE 7-16cyli.dat
0 Cylinder 0.4375
0 Name: 7-16cyli.dat
0 Author: Magnus Forsberg [MagFors]
0 !LDRAW_ORG Primitive UPDATE 2024-01
0 !LICENSE Licensed under CC BY 4.0 : see CAreadme.txt

0 BFC CERTIFY CCW

0 !HISTORY 2009-05-02 [PTadmin] Official Update 2009-01
0 !HISTORY 2024-01-03 [MagFors] Complete regeneration, original by guyvivan
0 !HISTORY 2024-01-29 [OrionP] Official Update 2024-01

4 16 0.9239 0 0.3827 1 0 0 1 1 0 0.9239 1 0.3827
4 16 0.7071 0 0.7071 0.9239 0 0.3827 0.9239 1 0.3827 0.7071 1 0.7071
4 16 0.3827 0 0.9239 0.7071 0 0.7071 0.7071 1 0.7071 0.3827 1 0.9239
4 16 0 0 1 0.3827 0 0.9239 0.3827 1 0.9239 0 1 1
4 16 -0.3827 0 0.9239 0 0 1 0 1 1 -0.3827 1 0.9239
4 16 -0.7071 0 0.7071 -0.3827 0 0.9239 -0.3827 1 0.9239 -0.7071 1 0.7071
4 16 -0.9239 0 0.3827 -0.7071 0 0.7071 -0.7071 1 0.7071 -0.9239 1 0.3827
0 // conditional lines
5 24 1 1 0 1 0 0 1 1 -0.4142 0.9239 1 0.3827
5 24 0.9239 1 0.3827 0.9239 0 0.3827 1 1 0 0.7071 1 0.7071
5 24 0.7071 1 0.7071 0.7071 0 0.7071 0.9239 1 0.3827 0.3827 1 0.9239
5 24 0.3827 1 0.9239 0.3827 0 0.9239 0.7071 1 0.7071 0 1 1
5 24 0 1 1 0 0 1 0.3827 1 0.9239 -0.3827 1 0.9239
5 24 -0.3827 1 0.9239 -0.3827 0 0.9239 0 1 1 -0.7071 1 0.7071
5 24 -0.7071 1 0.7071 -0.7071 0 0.7071 -0.3827 1 0.9239 -0.9239 1 0.3827
5 24 -0.9239 1 0.3827 -0.9239 0 0.3827 -0.7071 1 0.7071 -1.0824 1 0
0 // Build by LDPartEditor (PrimGen 2.X)

0 FILE 7-16edge.dat
0 Circle 0.4375
0 Name: 7-16edge.dat
0 Author: Orion Pobursky [OrionP]
0 !LDRAW_ORG Primitive UPDATE 2017-01
0 !LICENSE Licensed under CC BY 4.0 : see CAreadme.txt

0 BFC CERTIFY CCW

0 !HISTORY 2009-05-02 [PTadmin] Official Update 2009-01
0 !HISTORY 2017-01-15 [Steffen] BFCed
0 !HISTORY 2017-12-30 [PTadmin] Official Update 2017-01


2 24 1 0 0 .9239 0 .3827
2 24 .9239 0 .3827 .7071 0 .7071
2 24 .7071 0 .7071 .3827 0 .9239
2 24 .3827 0 .9239 0 0 1
2 24 0 0 1 -.3827 0 .9239
2 24 -.3827 0 .9239 -.7071 0 .7071
2 24 -.7071 0 .7071 -.9239 0 .3827

0 FILE stud2.dat
0 Stud Open
0 Name: stud2.dat
0 Author: James Jessiman
0 !LDRAW_ORG Primitive UPDATE 2009-02
0 !LICENSE Licensed under CC BY 4.0 : see CAreadme.txt

0 BFC CERTIFY CCW

0 !HISTORY 1999-07-05 [PTadmin] Official Update 1999-05
0 !HISTORY 2002-04-04 [sbliss] Modified for BFC compliance
0 !HISTORY 2002-04-25 [PTadmin] Official Update 2002-02
0 !HISTORY 2007-06-24 [PTadmin] Header formatted for Contributor Agreement
0 !HISTORY 2008-07-01 [PTadmin] Official Update 2008-01
0 !HISTORY 2009-06-21 [cwdee] Update ring references to 4-4ring
0 !HISTORY 2009-09-03 [PTadmin] Official Update 2009-02


1 16 0 0 0 4 0 0 0 1 0 0 0 4 4-4edge.dat
1 16 0 0 0 6 0 0 0 1 0 0 0 6 4-4edge.dat
1 16 0 -4 0 4 0 0 0 1 0 0 0 4 4-4edge.dat
1 16 0 -4 0 6 0 0 0 1 0 0 0 6 4-4edge.dat
0 BFC INVERTNEXT
1 16 0 -4 0 4 0 0 0 4 0 0 0 4 4-4cyli.dat
1 16 0 -4 0 6 0 0 0 4 0 0 0 6 4-4cyli.dat
1 16 0 -4 0 2 0 0 0 1 0 0 0 2 4-4ring2.dat
0

0 FILE box3u4a.dat
0 Box with 3 Faces without 4 Adjacent Edges
0 Name: box3u4a.dat
0 Author: Niels Karsdorp [nielsk]
0 !LDRAW_ORG Primitive UPDATE 2009-01
0 !LICENSE Licensed under CC BY 4.0 : see CAreadme.txt

0 BFC CERTIFY CCW

0 !HISTORY 2009-05-02 [PTadmin] Official Update 2009-01


2 24 1 1 1 -1 1 1
2 24 -1 1 -1 1 1 -1
2 24 1 1 1 1 1 -1
2 24 -1 1 1 -1 1 -1
2 24 1 1 1 1 0 1
2 24 1 1 -1 1 0 -1
2 24 -1 1 1 -1 0 1
2 24 -1 1 -1 -1 0 -1
4 16 -1 1 -1 -1 1 1 1 1 1 1 1 -1
4 16 -1 1 1 -1 0 1 1 0 1 1 1 1
4 16 1 1 -1 1 0 -1 -1 0 -1 -1 1 -1
0

0 FILE rect2a.dat
0 Rectangle with 2 Adjacent Edges
0 Name: rect2a.dat
0 Author: Chris Dee [cwdee]
0 !LDRAW_ORG Primitive UPDATE 2010-01
0 !LICENSE Licensed under CC BY 4.0 : see CAreadme.txt

0 BFC CERTIFY CCW

0 !HISTORY 2003-12-19 [PTadmin] Official Update 2003-03
0 !HISTORY 2007-06-24 [PTadmin] Header formatted for Contributor Agreement
0 !HISTORY 2008-07-01 [PTadmin] Official Update 2008-01
0 !HISTORY 2010-01-17 [mikeheide] changed winding to CCW
0 !HISTORY 2010-04-05 [PTadmin] Official Update 2010-01


2 24 1 0 1 -1 0 1
2 24 1 0 -1 1 0 1
4 16 -1 0 1 -1 0 -1 1 0 -1 1 0 1
0

0 FILE rect2p.dat
0 Rectangle with 2 Parallel Edges
0 Name: rect2p.dat
0 Author: Donald Sutter [technog]
0 !LDRAW_ORG Primitive UPDATE 2010-01
0 !LICENSE Licensed under CC BY 4.0 : see CAreadme.txt

0 BFC CERTIFY CCW

0 !HISTORY 2003-08-01 [PTadmin] Official Update 2003-02
0 !HISTORY 2007-06-24 [PTadmin] Header formatted for Contributor Agreement
0 !HISTORY 2008-07-01 [PTadmin] Official Update 2008-01
0 !HISTORY 2010-01-17 [mikeheide] changed winding to CCW
0 !HISTORY 2010-04-05 [PTadmin] Official Update 2010-01


2 24 1 0 1 -1 0 1
2 24 -1 0 -1 1 0 -1
4 16 -1 0 1 -1 0 -1 1 0 -1 1 0 1
0

0 FILE 3-4edge.dat
0 Circle 0.75
0 Name: 3-4edge.dat
0 Author: James Jessiman
0 !LDRAW_ORG Primitive UPDATE 2017-01
0 !LICENSE Licensed under CC BY 4.0 : see CAreadme.txt

0 BFC CERTIFY CCW

0 !HISTORY 2007-06-24 [PTadmin] Header formatted for Contributor Agreement
0 !HISTORY 2008-07-01 [PTadmin] Official Update 2008-01
0 !HISTORY 2017-01-15 [Steffen] BFCed
0 !HISTORY 2017-12-30 [PTadmin] Official Update 2017-01


2 24 1 0 0 0.9239 0 0.3827
2 24 0.9239 0 0.3827 0.7071 0 0.7071
2 24 0.7071 0 0.7071 0.3827 0 0.9239
2 24 0.3827 0 0.9239 0 0 1
2 24 0 0 1 -0.3827 0 0.9239
2 24 -0.3827 0 0.9239 -0.7071 0 0.7071
2 24 -0.7071 0 0.7071 -0.9239 0 0.3827
2 24 -0.9239 0 0.3827 -1 0 0
2 24 -1 0 -0 -0.9239 0 -0.3827
2 24 -0.9239 0 -0.3827 -0.7071 0 -0.7071
2 24 -0.7071 0 -0.7071 -0.3827 0 -0.9239
2 24 -0.3827 0 -0.9239 0 0 -1

0 FILE 3-4cyli.dat
0 Cylinder 0.75
0 Name: 3-4cyli.dat
0 Author: James Jessiman
0 !LDRAW_ORG Primitive UPDATE 2005-01
0 !LICENSE Licensed under CC BY 4.0 : see CAreadme.txt

0 BFC CERTIFY CCW

0 !HISTORY 2002-03-23 [sbliss] Added BFC statement; compacted code
0 !HISTORY 2002-04-25 [PTadmin] Official Update 2002-02
0 !HISTORY 2004-12-11 [nielsk] Recreated using Primitive Generator, Edge lines fixed, BFC changed to CCW
0 !HISTORY 2005-12-28 [PTadmin] Official Update 2005-01
0 !HISTORY 2007-06-24 [PTadmin] Header formatted for Contributor Agreement
0 !HISTORY 2008-07-01 [PTadmin] Official Update 2008-01


4 16 .9239 1 .3827 .9239 0 .3827 1 0 0 1 1 0
4 16 .7071 1 .7071 .7071 0 .7071 .9239 0 .3827 .9239 1 .3827
4 16 .3827 1 .9239 .3827 0 .9239 .7071 0 .7071 .7071 1 .7071
4 16 0 1 1 0 0 1 .3827 0 .9239 .3827 1 .9239
4 16 -.3827 1 .9239 -.3827 0 .9239 0 0 1 0 1 1
4 16 -.7071 1 .7071 -.7071 0 .7071 -.3827 0 .9239 -.3827 1 .9239
4 16 -.9239 1 .3827 -.9239 0 .3827 -.7071 0 .7071 -.7071 1 .7071
4 16 -1 1 0 -1 0 0 -.9239 0 .3827 -.9239 1 .3827
4 16 -.9239 1 -.3827 -.9239 0 -.3827 -1 0 0 -1 1 0
4 16 -.7071 1 -.7071 -.7071 0 -.7071 -.9239 0 -.3827 -.9239 1 -.3827
4 16 -.3827 1 -.9239 -.3827 0 -.9239 -.7071 0 -.7071 -.7071 1 -.7071
4 16 0 1 -1 0 0 -1 -.3827 0 -.9239 -.3827 1 -.9239
5 24 1 1 0 1 0 0 1 1 -.4142 .9239 1 .3827
5 24 .9239 1 .3827 .9239 0 .3827 1 1 0 .7071 1 .7071
5 24 .7071 1 .7071 .7071 0 .7071 .9239 1 .3827 .3827 1 .9239
5 24 .3827 1 .9239 .3827 0 .9239 .7071 1 .7071 0 1 1
5 24 0 1 1 0 0 1 .3827 1 .9239 -.3827 1 .9239
5 24 -.3827 1 .9239 -.3827 0 .9239 0 1 1 -.7071 1 .7071
5 24 -.7071 1 .7071 -.7071 0 .7071 -.3827 1 .9239 -.9239 1 .3827
5 24 -.9239 1 .3827 -.9239 0 .3827 -.7071 1 .7071 -1 1 0
5 24 -1 1 0 -1 0 0 -.9239 1 .3827 -.9239 1 -.3827
5 24 -.9239 1 -.3827 -.9239 0 -.3827 -1 1 0 -.7071 1 -.7071
5 24 -.7071 1 -.7071 -.7071 0 -.7071 -.9239 1 -.3827 -.3827 1 -.9239
5 24 -.3827 1 -.9239 -.3827 0 -.9239 -.7071 1 -.7071 0 1 -1
5 24 0 1 -1 0 0 -1 -.3827 1 -.9239 .4142 1 -1
0

0 FILE 3-4disc.dat
0 Disc 0.75
0 Name: 3-4disc.dat
0 Author: James Jessiman
0 !LDRAW_ORG Primitive UPDATE 2002-02
0 !LICENSE Licensed under CC BY 4.0 : see CAreadme.txt

0 BFC CERTIFY CCW

0 !HISTORY 2002-03-23 [sbliss] Added BFC statement
0 !HISTORY 2002-04-25 [PTadmin] Official Update 2002-02
0 !HISTORY 2007-06-24 [PTadmin] Header formatted for Contributor Agreement
0 !HISTORY 2008-07-01 [PTadmin] Official Update 2008-01


3 16 0 0 0 1 0 0 0.9239 0 0.3827
3 16 0 0 0 0.9239 0 0.3827 0.7071 0 0.7071
3 16 0 0 0 0.7071 0 0.7071 0.3827 0 0.9239
3 16 0 0 0 0.3827 0 0.9239 0 0 1
3 16 0 0 0 0 0 1 -0.3827 0 0.9239
3 16 0 0 0 -0.3827 0 0.9239 -0.7071 0 0.7071
3 16 0 0 0 -0.7071 0 0.7071 -0.9239 0 0.3827
3 16 0 0 0 -0.9239 0 0.3827 -1 0 0
3 16 0 0 0 -1 0 0 -0.9239 0 -0.3827
3 16 0 0 0 -0.9239 0 -0.3827 -0.7071 0 -0.7071
3 16 0 0 0 -0.7071 0 -0.7071 -0.3827 0 -0.9239
3 16 0 0 0 -0.3827 0 -0.9239 0 0 -1
0

0 FILE parts/s/3062bs01.dat
0 ~Brick  1 x  1 Round with Hollow Stud without Outer Surface
0 Name: s\3062bs01.dat
0 Author: Takeshi Takahashi [RainbowDolphin]
0 !LDRAW_ORG Subpart UPDATE 2022-02
0 !LICENSE Licensed under CC BY 4.0 : see CAreadme.txt

0 BFC CERTIFY CCW

0 !HISTORY 2022-03-06 [PTadmin] Official Update 2022-02


1 16 0 4 0 4 0 0 0 1 0 0 0 4 4-4edge.dat
1 16 0 19 0 10 0 0 0 1 0 0 0 10 4-4edge.dat
1 16 0 0 0 10 0 0 0 1 0 0 0 10 4-4edge.dat
1 16 0 0 0 6 0 0 0 1 0 0 0 6 4-4edge.dat
0 BFC INVERTNEXT
1 16 0 0 0 4 0 0 0 4 0 0 0 4 4-4cyli.dat
1 16 0 0 0 1 0 0 0 1 0 0 0 1 stud2a.dat
1 16 0 0 0 2 0 0 0 1 0 0 0 2 4-4ring3.dat
1 16 0 4 0 2 0 0 0 -1 0 0 0 2 4-4ring2.dat
1 16 0 0 0 2 0 0 0 1 0 0 0 2 4-4ring4.dat
1 16 0 19 0 2 0 0 0 -1 0 0 0 2 4-4ring4.dat
1 16 0 19 0 8 0 0 0 5 0 0 0 8 4-4cylo.dat
1 16 0 4 0 1 0 0 0 -5 0 0 0 -1 stud4od.dat

0 FILE parts/s/3003s01.dat
0 ~Brick  2 x  2 without Front Face
0 Name: s\3003s01.dat
0 Author: Steffen [Steffen]
0 !LDRAW_ORG Subpart UPDATE 2013-02
0 !LICENSE Licensed under CC BY 4.0 : see CAreadme.txt

0 BFC CERTIFY CCW

0 !HISTORY 2009-05-02 [PTadmin] Official Update 2009-01
0 !HISTORY 2013-04-02 [Steffen] used s\3003s02.dat
0 !HISTORY 2013-12-23 [PTadmin] Official Update 2013-02


1 16 0 0 0 1 0 0 0 1 0 0 0 1 s/3003s02.dat
4 16 20 24 20 -20 24 20 -20 0 20 20 0 20

0 FILE parts/s/3001s01.dat
0 ~Brick  2 x  4 without Front and Back Faces
0 Name: s\3001s01.dat
0 Author: James Jessiman
0 !LDRAW_ORG Subpart UPDATE 2004-03
0 !LICENSE Licensed under CC BY 4.0 : see CAreadme.txt

0 BFC CERTIFY CCW

0 !HISTORY 2002-05-07 {unknown} BFC certification
0 !HISTORY 2002-05-07 [westrate] Unknown change
0 !HISTORY 2004-09-15 [PTadmin] Official Update 2004-03
0 !HISTORY 2007-08-29 [PTadmin] Header formatted for Contributor Agreement
0 !HISTORY 2008-07-01 [PTadmin] Official Update 2008-01


0 // Uncomment for front and back faces:
0 // 4 16 40 0 -20 -40 0 -20 -40 24 -20 40 24 -20
0 // 4 16 40 0 20 -40 0 20 -40 24 20 40 24

1 16 20 4 0 1 0 0 0 -5 0 0 0 1 stud4.dat
1 16 0 4 0 1 0 0 0 -5 0 0 0 1 stud4.dat
1 16 -20 4 0 1 0 0 0 -5 0 0 0 1 stud4.dat
0 BFC INVERTNEXT
1 16 0 24 0 36 0 0 0 -20 0 0 0 16 box5.dat
4 16 40 24 20 36 24 16 -36 24 16 -40 24 20
4 16 -40 24 20 -36 24 16 -36 24 -16 -40 24 -20
4 16 -40 24 -20 -36 24 -16 36 24 -16 40 24 -20
4 16 40 24 -20 36 24 -16 36 24 16 40 24 20
1 16 0 24 0 0 0 40 0 -24 0 -20 0 0 box3u2p.dat
2 24 -40 24 -20 40 24 -20
2 24 -40 24 20 40 24 20
1 16 30 0 10 1 0 0 0 1 0 0 0 1 stud.dat
1 16 10 0 10 1 0 0 0 1 0 0 0 1 stud.dat
1 16 -10 0 10 1 0 0 0 1 0 0 0 1 stud.dat
1 16 -30 0 10 1 0 0 0 1 0 0 0 1 stud.dat
1 16 30 0 -10 1 0 0 0 1 0 0 0 1 stud.dat
1 16 10 0 -10 1 0 0 0 1 0 0 0 1 stud.dat
1 16 -10 0 -10 1 0 0 0 1 0 0 0 1 stud.dat
1 16 -30 0 -10 1 0 0 0 1 0 0 0 1 stud.dat
0

0 FILE parts/s/3039s01.dat
0 ~Slope Brick 45  2 x  2 without Front Face
0 Name: s\3039s01.dat
0 Author: Willy Tschager [Holly-Wood]
0 !LDRAW_ORG Subpart UPDATE 2024-02
0 !LICENSE Licensed under CC BY 4.0 : see CAreadme.txt

0 BFC CERTIFY CCW

0 !HISTORY 1999-12-31 [PTadmin] Official Update 1999-06
0 !HISTORY 2003-07-02 [Steffen] BFCed; change in part name: "w/o" --> "without"
0 !HISTORY 2003-12-19 [PTadmin] Official Update 2003-03
0 !HISTORY 2007-08-30 [PTadmin] Header formatted for Contributor Agreement
0 !HISTORY 2008-07-01 [PTadmin] Official Update 2008-01
0 !HISTORY 2024-03-14 [Holly-Wood] Complete re-write, original by jvan
0 !HISTORY 2024-03-24 [OrionP] Official Update 2024-02

1 16 0 0 0 1 0 0 0 1 0 0 0 1 stug-1x2.dat

1 16 0 12 -10 -1 0 0 0 -3 0 0 0 1 stud4a.dat

0 BFC INVERTNEXT
1 16 0 4 -10 6 0 0 0 8 0 0 0 6 2-4cyli.dat
0 BFC INVERTNEXT
1 16 0 10 -10 6 0 0 0 2 0 0 0 -6 2-4cyli.dat

0 BFC INVERTNEXT
1 16 0 10 -10 0 0 6 0 -6 0 -6 0 0 1-4cyls.dat
0 BFC INVERTNEXT
1 16 0 10 -10 0 0 -6 0 -6 0 -6 0 0 1-4cyls.dat

1 16 0 4 -10 8 0 0 0 8 0 0 0 8 2-4cyli.dat

1 16 0 12 -10 0 0 8 0 -8 0 -8 0 0 1-4cyls.dat
1 16 0 12 -10 0 0 -8 0 -8 0 -8 0 0 1-4cyls.dat

1 16 0 4 -10 6 0 0 0 1 0 0 0 6 2-4edge.dat
1 16 0 4 -10 6 0 0 0 1 6 0 0 -6 2-4edge.dat

1 16 0 4 -10 8 0 0 0 1 0 0 0 8 2-4edge.dat
1 16 0 4 -10 8 0 0 0 1 8 0 0 -8 2-4edge.dat

1 16 0 4 -10 6 0 0 0 -1 0 0 0 6 2-4chrd.dat
1 16 0 4 -10 8 0 0 0 -1 0 0 0 8 2-4ndis.dat

1 16 0 4 -10 6 0 0 0 -1 6 0 0 -6 2-4chrd.dat
1 16 0 4 -10 8 0 0 0 -1 8 0 0 -8 2-4ndis.dat

0 BFC INVERTNEXT
1 16 0 14 -10 0 0 16 10 0 0 0 16 0 box3u4a.dat

4 16 -8 4 -2 -8 4 -10 -16 4 -10 -16 4 6
4 16 8 4 -10 8 4 -2 16 4 6 16 4 -10
4 16 16 4 6 8 4 -2 0 4 -2 -16 4 6
3 16 -8 4 -2 -16 4 6 0 4 -2

1 16 0 22 -26 0 0 16 -2 0 0 0 -1 0 rect.dat

4 16 8 12 -18 8 4 -10 16 4 -10 16 20 -26
4 16 0 12 -18 8 12 -18 16 20 -26 -16 20 -26
3 16 0 12 -18 -16 20 -26 -8 12 -18
4 16 -16 20 -26 -16 4 -10 -8 4 -10 -8 12 -18
4 16 16 4 -10 16 24 -10 16 24 -26 16 20 -26
4 16 -16 24 -26 -16 24 -10 -16 4 -10 -16 20 -26

2 24 -16 4 -10 -8 4 -10
2 24 8 4 -10 16 4 -10
2 24 -6 4 -10 6 4 -10
2 24 -16 24 -10 -16 24 -26
2 24 -16 4 -10 -16 20 -26
2 24 16 24 -10 16 24 -26
2 24 16 4 -10 16 20 -26

1 16 0 24 0 20 0 0 0 -24 0 0 0 10 box4-4a.dat

1 16 0 22 -30 0 0 -20 -2 0 0 0 1 0 rect.dat

4 16 20 24 -10 20 0 -10 20 20 -30 20 24 -30
4 16 -20 20 -30 -20 0 -10 -20 24 -10 -20 24 -30

2 24 -20 24 -10 -20 24 -30
2 24 20 24 -10 20 24 -30
2 24 -20 0 -10 -20 20 -30
2 24 20 0 -10 20 20 -30
2 24 -20 0 -10 20 0 -10

4 16 -20 24 -30 -16 24 -26 16 24 -26 20 24 -30
4 16 20 24 -30 16 24 -26 16 24 -10 20 24 -10
4 16 20 24 -10 16 24 -10 16 24 6 20 24 10
4 16 -20 24 -10 -16 24 -10 -16 24 -26 -20 24 -30
4 16 -16 24 6 -16 24 -10 -20 24 -10 -20 24 10
4 16 16 24 6 -16 24 6 -20 24 10 20 24 10

0 FILE parts/s/3068bs01.dat
0 ~Tile  2 x  2 with Groove without Face
0 Name: s\3068bs01.dat
0 Author: Willy Tschager [Holly-Wood]
0 !LDRAW_ORG Subpart UPDATE 2024-03
0 !LICENSE Licensed under CC BY 4.0 : see CAreadme.txt

0 BFC CERTIFY CCW

0 !HISTORY 2002-04-02 [sbliss] Modified for BFC compliance
0 !HISTORY 2002-04-25 [PTadmin] Official Update 2002-02
0 !HISTORY 2007-08-30 [PTadmin] Header formatted for Contributor Agreement
0 !HISTORY 2008-07-01 [PTadmin] Official Update 2008-01
0 !HISTORY 2024-03-07 [Holly-Wood] Complete re-write, original by BrickCaster
0 !HISTORY 2024-04-28 [OrionP] Official Update 2024-03

1 16 0 0 0 20 0 0 0 7 0 0 0 20 box4.dat
1 16 0 7 0 19 0 0 0 1 0 0 0 19 box4.dat
0 BFC INVERTNEXT
1 16 0 4 0 16 0 0 0 4 0 0 0 16 box4.dat
1 16 0 4 0 1 0 0 0 -1 0 0 0 1 stud4.dat
1 16 0 4 0 6 0 0 0 -1 0 0 0 6 4-4disc.dat
1 16 0 4 0 8 0 0 0 -1 0 0 0 8 4-4ndis.dat

4 16 -19 7 -19 19 7 -19 20 7 -20 -20 7 -20
4 16 20 7 -20 19 7 -19 19 7 19 20 7 20
4 16 20 7 20 19 7 19 -19 7 19 -20 7 20
4 16 -20 7 20 -19 7 19 -19 7 -19 -20 7 -20

4 16 -16 8 -16 16 8 -16 19 8 -19 -19 8 -19
4 16 19 8 -19 16 8 -16 16 8 16 19 8 19
4 16 19 8 19 16 8 16 -16 8 16 -19 8 19
4 16 -19 8 19 -16 8 16 -16 8 -16 -19 8 -19

4 16 -8 4 -8 8 4 -8 16 4 -16 -16 4 -16
4 16 16 4 -16 8 4 -8 8 4 8 16 4 16
4 16 16 4 16 8 4 8 -8 4 8 -16 4 16
4 16 -16 4 16 -8 4 8 -8 4 -8 -16 4 -16

0 FILE 6141.dat
0 Plate  1 x  1 Round
0 Name: 6141.dat
0 Author: James Jessiman
0 !LDRAW_ORG Part UPDATE 2015-01
0 !LICENSE Licensed under CC BY 4.0 : see CAreadme.txt

0 BFC CERTIFY CCW

0 !KEYWORDS BrickLink 4073

0 !HISTORY 1998-06-20 [PTadmin] Official Update 1998-06
0 !HISTORY 2003-01-29 [sbliss] Completed header; BFC'ed; misc cleanup
0 !HISTORY 2003-08-01 [PTadmin] Official Update 2003-02
0 !HISTORY 2007-10-26 [PTadmin] Header formatted for Contributor Agreement
0 !HISTORY 2008-07-01 [PTadmin] Official Update 2008-01
0 !HISTORY 2014-11-29 [Steffen] Renamed from 4073
0 !HISTORY 2014-12-28 [MagFors] Primitive substitution
0 !HISTORY 2015-10-11 [PTadmin] Official Update 2015-01


1 16 0 3 0 -1 0 0 0 -1.25 0 0 0 1 stud4.dat
1 16 0 3 0 -6 0 0 0 -1 0 0 0 6 4-4disc.dat
1 16 0 3 0 -2 0 0 0 -1 0 0 0 2 4-4ring4.dat
1 16 0 0 0 10 0 0 0 3 0 0 0 10 4-4cylo.dat
1 16 0 0 0 2 0 0 0 1 0 0 0 2 4-4ring4.dat
1 16 0 0 0 2 0 0 0 1 0 0 0 2 4-4ring3.dat
1 16 0 0 0 1 0 0 0 1 0 0 0 1 stud.dat

0 FILE parts/s/3710s01.dat
0 ~Plate  1 x  4 without Front Face
0 Name: s\3710s01.dat
0 Author: Massimo Maso [Sirio]
0 !LDRAW_ORG Subpart UPDATE 2023-06
0 !LICENSE Licensed under CC BY 4.0 : see CAreadme.txt

0 BFC CERTIFY CCW

0 !HISTORY 2023-11-19 [OrionP] Official Update 2023-06


1 16 0 4 0 1 0 0 0 -1 0 0 0 1 stug3-1x3.dat
0 BFC INVERTNEXT
1 16 0 8 0 36 0 0 0 -4 0 0 0 6 box5.dat
4 16 40 8 10 36 8 6 -36 8 6 -40 8 10
4 16 -40 8 10 -36 8 6 -36 8 -6 -40 8 -10
4 16 -40 8 -10 -36 8 -6 36 8 -6 40 8 -10
4 16 40 8 -10 36 8 -6 36 8 6 40 8 10
1 16 0 8 0 40 0 0 0 -8 0 0 0 10 box4t.dat
1 16 0 0 0 1 0 0 0 1 0 0 0 1 stug-1x4.dat

0 FILE stug2-1x2.dat
0 Stud Open Group  1 x  2
0 Name: stug2-1x2.dat
0 Author: Steffen [Steffen]
0 !LDRAW_ORG Primitive UPDATE 2011-02
0 !LICENSE Licensed under CC BY 4.0 : see CAreadme.txt

0 BFC CERTIFY CCW

0 !HISTORY 2011-12-29 [PTadmin] Official Update 2011-02


1 16 -10 0 0 1 0 0 0 1 0 0 0 1 stud2.dat
1 16 10 0 0 1 0 0 0 1 0 0 0 1 stud2.dat

0 FILE 4-4cylo.dat
0 Cylinder Open 1.0
0 Name: 4-4cylo.dat
0 Author: Mark Kennedy [mkennedy]
0 !LDRAW_ORG Primitive UPDATE 2010-01
0 !LICENSE Licensed under CC BY 4.0 : see CAreadme.txt

0 BFC CERTIFY CCW

0 !HISTORY 2010-04-05 [PTadmin] Official Update 2010-01


1 16 0 0 0 1 0 0 0 1 0 0 0 1 4-4edge.dat
1 16 0 1 0 1 0 0 0 1 0 0 0 1 4-4edge.dat
1 16 0 0 0 1 0 0 0 1 0 0 0 1 4-4cyli.dat
0

0 FILE 2-4edge.dat
0 Circle 0.5
0 Name: 2-4edge.dat
0 Author: James Jessiman
0 !LDRAW_ORG Primitive UPDATE 2017-01
0 !LICENSE Licensed under CC BY 4.0 : see CAreadme.txt

0 BFC CERTIFY CCW

0 !HISTORY 2007-06-24 [PTadmin] Header formatted for Contributor Agreement
0 !HISTORY 2008-07-01 [PTadmin] Official Update 2008-01
0 !HISTORY 2017-01-15 [Steffen] BFCed
0 !HISTORY 2017-12-30 [PTadmin] Official Update 2017-01


2 24 1 0 0 0.9239 0 0.3827
2 24 0.9239 0 0.3827 0.7071 0 0.7071
2 24 0.7071 0 0.7071 0.3827 0 0.9239
2 24 0.3827 0 0.9239 0 0 1
2 24 0 0 1 -0.3827 0 0.9239
2 24 -0.3827 0 0.9239 -0.7071 0 0.7071
2 24 -0.7071 0 0.7071 -0.9239 0 0.3827
2 24 -0.9239 0 0.3827 -1 0 0

0 FILE 2-4cyli.dat
0 Cylinder 0.5
0 Name: 2-4cyli.dat
0 Author: James Jessiman
0 !LDRAW_ORG Primitive UPDATE 2005-01
0 !LICENSE Licensed under CC BY 4.0 : see CAreadme.txt

0 BFC CERTIFY CCW

0 !HISTORY 2002-03-23 [sbliss] Added BFC statement; compacted code
0 !HISTORY 2002-04-25 [PTadmin] Official Update 2002-02
0 !HISTORY 2004-12-11 [nielsk] Recreated using Primitive Generator, Edge lines fixed, BFC changed to CCW
0 !HISTORY 2005-12-28 [PTadmin] Official Update 2005-01
0 !HISTORY 2007-06-24 [PTadmin] Header formatted for Contributor Agreement
0 !HISTORY 2008-07-01 [PTadmin] Official Update 2008-01


4 16 .9239 1 .3827 .9239 0 .3827 1 0 0 1 1 0
4 16 .7071 1 .7071 .7071 0 .7071 .9239 0 .3827 .9239 1 .3827
4 16 .3827 1 .9239 .3827 0 .9239 .7071 0 .7071 .7071 1 .7071
4 16 0 1 1 0 0 1 .3827 0 .9239 .3827 1 .9239
4 16 -.3827 1 .9239 -.3827 0 .9239 0 0 1 0 1 1
4 16 -.7071 1 .7071 -.7071 0 .7071 -.3827 0 .9239 -.3827 1 .9239
4 16 -.9239 1 .3827 -.9239 0 .3827 -.7071 0 .7071 -.7071 1 .7071
4 16 -1 1 0 -1 0 0 -.9239 0 .3827 -.9239 1 .3827
5 24 1 1 0 1 0 0 1 1 -.4142 .9239 1 .3827
5 24 .9239 1 .3827 .9239 0 .3827 1 1 0 .7071 1 .7071
5 24 .7071 1 .7071 .7071 0 .7071 .9239 1 .3827 .3827 1 .9239
5 24 .3827 1 .9239 .3827 0 .9239 .7071 1 .7071 0 1 1
5 24 0 1 1 0 0 1 .3827 1 .9239 -.3827 1 .9239
5 24 -.3827 1 .9239 -.3827 0 .9239 0 1 1 -.7071 1 .7071
5 24 -.7071 1 .7071 -.7071 0 .7071 -.3827 1 .9239 -.9239 1 .3827
5 24 -.9239 1 .3827 -.9239 0 .3827 -.7071 1 .7071 -1 1 0
5 24 -1 1 0 -1 0 0 -.9239 1 .3827 -1 1 -.4142
0

0 FILE 1-4ndis.dat
0 Disc Negative 0.25
0 Name: 1-4ndis.dat
0 Author: James Jessiman
0 !LDRAW_ORG Primitive UPDATE 2012-01
0 !LICENSE Licensed under CC BY 4.0 : see CAreadme.txt

0 BFC CERTIFY CCW

0 !HISTORY 2002-03-23 [sbliss] Added BFC Statement
0 !HISTORY 2002-04-25 [PTadmin] Official Update 2002-02
0 !HISTORY 2007-06-22 [PTadmin] Header formatted for Contributor Agreement
0 !HISTORY 2008-07-01 [PTadmin] Official Update 2008-01
0 !HISTORY 2012-02-16 [Philo] Changed to CCW
0 !HISTORY 2012-03-30 [PTadmin] Official Update 2012-01


3 16 0.9239 0 0.3827 1 0 0 1 0 1
3 16 0.7071 0 0.7071 0.9239 0 0.3827 1 0 1
3 16 0.3827 0 0.9239 0.7071 0 0.7071 1 0 1
3 16 0 0 1 0.3827 0 0.9239 1 0 1

0 FILE box0.dat
0 Box with 0 Faces and All Edges
0 Name: box0.dat
0 Author: Santeri Piippo [arezey]
0 !LDRAW_ORG Primitive UPDATE 2010-02
0 !LICENSE Licensed under CC BY 4.0 : see CAreadme.txt

0 BFC CERTIFY CCW

0 !HISTORY 2010-07-05 [PTadmin] Official Update 2010-02


2 24 -1 1 -1 1 1 -1
2 24 -1 -1 -1 1 -1 -1
2 24 1 1 1 1 1 -1
2 24 1 -1 1 1 -1 -1
2 24 -1 1 1 -1 1 -1
2 24 -1 -1 1 -1 -1 -1
2 24 1 1 1 -1 1 1
2 24 1 -1 1 -1 -1 1
2 24 1 -1 1 1 1 1
2 24 -1 -1 1 -1 1 1
2 24 -1 -1 -1 -1 1 -1
2 24 1 -1 -1 1 1 -1
0 //

0 FILE 7-16ndis.dat
0 Disc Negative 0.4375
0 Name: 7-16ndis.dat
0 Author: Alex Taylor [anathema]
0 !LDRAW_ORG Primitive UPDATE 2010-01
0 !LICENSE Licensed under CC BY 4.0 : see CAreadme.txt

0 BFC CERTIFY CCW

0 !HISTORY 2010-04-05 [PTadmin] Official Update 2010-01


3 16 1 0 1 0.9239 0 0.3827 1 0 0
3 16 1 0 1 0.7071 0 0.7071 0.9239 0 0.3827
3 16 1 0 1 0.3827 0 0.9239 0.7071 0 0.7071
3 16 1 0 1 0 0 1 0.3827 0 0.9239
3 16 -1 0 1 -0.3827 0 0.9239 0 0 1
3 16 -1 0 1 -0.7071 0 0.7071 -0.3827 0 0.9239
3 16 -1 0 1 -0.9239 0 0.3827 -0.7071 0 0.7071
0

0 FILE 7-16disc.dat
0 Disc 0.4375
0 Name: 7-16disc.dat
0 Author: Willy Tschager [Holly-Wood]
0 !LDRAW_ORG Primitive UPDATE 2024-01
0 !LICENSE Licensed under CC BY 4.0 : see CAreadme.txt

0 BFC CERTIFY CCW

0 !HISTORY 2009-05-02 [PTadmin] Official Update 2009-01
0 !HISTORY 2024-01-21 [Holly-Wood] Complete regeneration, original by guyvivan
0 !HISTORY 2024-01-29 [OrionP] Official Update 2024-01

3 16 0 0 0 1 0 0 0.9239 0 0.3827
3 16 0 0 0 0.9239 0 0.3827 0.7071 0 0.7071
3 16 0 0 0 0.7071 0 0.7071 0.3827 0 0.9239
3 16 0 0 0 0.3827 0 0.9239 0 0 1
3 16 0 0 0 0 0 1 -0.3827 0 0.9239
3 16 0 0 0 -0.3827 0 0.9239 -0.7071 0 0.7071
3 16 0 0 0 -0.7071 0 0.7071 -0.9239 0 0.3827
0 // Build by LDPartEditor (PrimGen 2.X)

0 FILE box4-2p.dat
0 Box with  4 Faces without  2 Parallel Edges
0 Name: box4-2p.dat
0 Author: Willy Tschager [Holly-Wood]
0 !LDRAW_ORG Primitive UPDATE 2024-01
0 !LICENSE Licensed under CC BY 4.0 : see CAreadme.txt

0 BFC CERTIFY CCW

0 !HISTORY 2009-05-02 [PTadmin] Official Update 2009-01
0 !HISTORY 2024-01-03 [Holly-Wood] Complete re-write, original by guyvivan
0 !HISTORY 2024-01-29 [OrionP] Official Update 2024-01

2 24 -1 1 -1 -1 1 1
2 24 1 1 1 1 1 -1
2 24 -1 1 1 1 1 1
2 24 -1 1 -1 1 1 -1
4 16 1 1 1 1 1 -1 -1 1 -1 -1 1 1

2 24 -1 0 -1 -1 1 -1
2 24 -1 0 -1 -1 0 1
4 16 -1 1 1 -1 1 -1 -1 0 -1 -1 0 1

2 24 1 0 -1 1 1 -1
2 24 1 0 1 1 0 -1
4 16 1 1 -1 1 1 1 1 0 1 1 0 -1

2 24 1 1 1 1 0 1
2 24 -1 1 1 -1 0 1
4 16 1 1 1 -1 1 1 -1 0 1 1 0 1

0 FILE box4-4a.dat
0 Box with  4 Faces without  4 Adjacent Edges
0 Name: box4-4a.dat
0 Author: Willy Tschager [Holly-Wood]
0 !LDRAW_ORG Primitive UPDATE 2024-01
0 !LICENSE Licensed under CC BY 4.0 : see CAreadme.txt

0 BFC CERTIFY CCW

0 !HISTORY 1998-07-15 [PTadmin] Official Update 1998-07
0 !HISTORY 2002-12-13 [hafhead] Made BFC compliant
0 !HISTORY 2003-03-12 [PTadmin] Official Update 2003-01
0 !HISTORY 2007-06-24 [PTadmin] Header formatted for Contributor Agreement
0 !HISTORY 2008-07-01 [PTadmin] Official Update 2008-01
0 !HISTORY 2012-02-16 [Philo] Changed to CCW
0 !HISTORY 2012-03-30 [PTadmin] Official Update 2012-01
0 !HISTORY 2024-01-03 [Holly-Wood] Complete re-write, original by Manfred Moolhuysen
0 !HISTORY 2024-01-29 [OrionP] Official Update 2024-01

2 24 -1 1 -1 -1 1 1
2 24 1 1 1 1 1 -1
2 24 -1 1 1 1 1 1
4 16 1 1 1 1 1 -1 -1 1 -1 -1 1 1

2 24 -1 0 -1 -1 0 1
4 16 -1 1 1 -1 1 -1 -1 0 -1 -1 0 1

2 24 1 0 1 1 0 -1
4 16 1 1 -1 1 1 1 1 0 1 1 0 -1

2 24 1 1 1 1 0 1
2 24 -1 1 1 -1 0 1
2 24 -1 0 1 1 0 1
4 16 1 1 1 -1 1 1 -1 0 1 1 0 1

0 FILE box3u8p.dat
0 Box with 3 Faces and 4 Parallel Edges
0 Name: box3u8p.dat
0 Author: James Jessiman
0 !LDRAW_ORG Primitive UPDATE 2012-01
0 !LICENSE Licensed under CC BY 4.0 : see CAreadme.txt

0 BFC CERTIFY CCW

0 !HISTORY 2002-12-13 [hafhead] Made BFC compliant
0 !HISTORY 2003-08-01 [PTadmin] Official Update 2003-02
0 !HISTORY 2007-06-24 [PTadmin] Header formatted for Contributor Agreement
0 !HISTORY 2008-07-01 [PTadmin] Official Update 2008-01
0 !HISTORY 2012-02-16 [Philo] Changed to CCW
0 !HISTORY 2012-03-30 [PTadmin] Official Update 2012-01


2 24 1 1 1 -1 1 1
2 24 -1 1 -1 1 1 -1
2 24 1 0 1 -1 0 1
2 24 -1 0 -1 1 0 -1
4 16 1 1 -1 -1 1 -1 -1 1 1 1 1 1
4 16 -1 1 1 -1 0 1 1 0 1 1 1 1
4 16 1 1 -1 1 0 -1 -1 0 -1 -1 1 -1

0 FILE recte4.dat
0 Rectangle Empty with 4 Edges
0 Name: recte4.dat
0 Author: Steffen [Steffen]
0 !LDRAW_ORG Primitive UPDATE 2010-03
0 !LICENSE Licensed under CC BY 4.0 : see CAreadme.txt

0 BFC CERTIFY CCW

0 !HISTORY 2010-12-31 [PTadmin] Official Update 2010-03


2 24 1 0 1 -1 0 1
2 24 -1 0 1 -1 0 -1
2 24 -1 0 -1 1 0 -1
2 24 1 0 -1 1 0 1

0 FILE recte3.dat
0 Rectangle Empty with 3 Edges
0 Name: recte3.dat
0 Author: Steffen [Steffen]
0 !LDRAW_ORG Primitive UPDATE 2011-01
0 !LICENSE Licensed under CC BY 4.0 : see CAreadme.txt

0 BFC CERTIFY CCW

0 !HISTORY 2011-07-25 [PTadmin] Official Update 2011-01


2 24 1 0 1 -1 0 1
2 24 -1 0 1 -1 0 -1
2 24 1 0 -1 1 0 1

0 FILE 4-4ring3.dat
0 Ring  3 x 1.0
0 Name: 4-4ring3.dat
0 Author: James Jessiman
0 !LDRAW_ORG Primitive UPDATE 2009-01
0 !LICENSE Licensed under CC BY 4.0 : see CAreadme.txt

0 BFC CERTIFY CCW

0 !HISTORY 1998-12-15 [PTadmin] Official Update 1998-10
0 !HISTORY 2002-04-05 [hafhead] Added BFC statement
0 !HISTORY 2002-04-25 [PTadmin] Official Update 2002-02
0 !HISTORY 2007-06-24 [PTadmin] Header formatted for Contributor Agreement
0 !HISTORY 2008-07-01 [PTadmin] Official Update 2008-01
0 !HISTORY 2008-08-26 [cwdee] Switch polygon winding and rename
0 !HISTORY 2009-05-02 [PTadmin] Official Update 2009-01


4 16 -1.5308 0 3.6956 -1.1481 0 2.7717 0 0 3 0 0 4
4 16 -2.8284 0 2.8284 -2.1213 0 2.1213 -1.1481 0 2.7717 -1.5308 0 3.6956
4 16 -3.6956 0 1.5308 -2.7717 0 1.1481 -2.1213 0 2.1213 -2.8284 0 2.8284
4 16 -4 0 0 -3 0 0 -2.7717 0 1.1481 -3.6956 0 1.5308
4 16 -3.6956 0 -1.5308 -2.7717 0 -1.1481 -3 0 0 -4 0 0
4 16 -2.8284 0 -2.8284 -2.1213 0 -2.1213 -2.7717 0 -1.1481 -3.6956 0 -1.5308
4 16 -1.5308 0 -3.6956 -1.1481 0 -2.7717 -2.1213 0 -2.1213 -2.8284 0 -2.8284
4 16 0 0 -4 0 0 -3 -1.1481 0 -2.7717 -1.5308 0 -3.6956
4 16 1.5308 0 -3.6956 1.1481 0 -2.7717 0 0 -3 0 0 -4
4 16 2.8284 0 -2.8284 2.1213 0 -2.1213 1.1481 0 -2.7717 1.5308 0 -3.6956
4 16 3.6956 0 -1.5308 2.7717 0 -1.1481 2.1213 0 -2.1213 2.8284 0 -2.8284
4 16 4 0 0 3 0 0 2.7717 0 -1.1481 3.6956 0 -1.5308
4 16 3.6956 0 1.5308 2.7717 0 1.1481 3 0 0 4 0 0
4 16 2.8284 0 2.8284 2.1213 0 2.1213 2.7717 0 1.1481 3.6956 0 1.5308
4 16 1.5308 0 3.6956 1.1481 0 2.7717 2.1213 0 2.1213 2.8284 0 2.8284
4 16 0 0 4 0 0 3 1.1481 0 2.7717 1.5308 0 3.6956
0

0 FILE 4-4disc.dat
0 Disc 1.0
0 Name: 4-4disc.dat
0 Author: James Jessiman
0 !LDRAW_ORG Primitive UPDATE 2002-02
0 !LICENSE Licensed under CC BY 4.0 : see CAreadme.txt

0 BFC CERTIFY CCW

0 !HISTORY 1998-12-15 [PTadmin] Official Update 1998-10
0 !HISTORY 2002-03-23 [sbliss] Added BFC statement
0 !HISTORY 2002-04-25 [PTadmin] Official Update 2002-02
0 !HISTORY 2007-06-24 [PTadmin] Header formatted for Contributor Agreement
0 !HISTORY 2008-07-01 [PTadmin] Official Update 2008-01


3 16 0 0 0 1 0 0 0.9239 0 0.3827
3 16 0 0 0 0.9239 0 0.3827 0.7071 0 0.7071
3 16 0 0 0 0.7071 0 0.7071 0.3827 0 0.9239
3 16 0 0 0 0.3827 0 0.9239 0 0 1
3 16 0 0 0 0 0 1 -0.3827 0 0.9239
3 16 0 0 0 -0.3827 0 0.9239 -0.7071 0 0.7071
3 16 0 0 0 -0.7071 0 0.7071 -0.9239 0 0.3827
3 16 0 0 0 -0.9239 0 0.3827 -1 0 -0
3 16 0 0 0 -1 0 -0 -0.9239 0 -0.3827
3 16 0 0 0 -0.9239 0 -0.3827 -0.7071 0 -0.7071
3 16 0 0 0 -0.7071 0 -0.7071 -0.3827 0 -0.9239
3 16 0 0 0 -0.3827 0 -0.9239 0 0 -1
3 16 0 0 0 0 0 -1 0.3827 0 -0.9239
3 16 0 0 0 0.3827 0 -0.9239 0.7071 0 -0.7071
3 16 0 0 0 0.7071 0 -0.7071 0.9239 0 -0.3827
3 16 0 0 0 0.9239 0 -0.3827 1 0 0
0

0 FILE parts/s/3023bs01.dat
0 ~Plate  1 x  2 without Front Face
0 Name: s\3023bs01.dat
0 Author: Massimo Maso [Sirio]
0 !LDRAW_ORG Subpart UPDATE 2023-03
0 !LICENSE Licensed under CC BY 4.0 : see CAreadme.txt

0 BFC CERTIFY CCW

0 !HISTORY 2022-01-14 [PTadmin] Official Update 2022-01
0 !HISTORY 2023-05-27 [OrionP] Moved from s\3023s01.dat
0 !HISTORY 2023-06-24 [OrionP] Official Update 2023-03


0 // Primitves
1 16 0 4 0 1 0 0 0 -1 0 0 0 1 stud3.dat
0 BFC INVERTNEXT
1 16 0 8 0 16 0 0 0 -4 0 0 0 6 box5.dat
1 16 0 8 0 20 0 0 0 -8 0 0 0 10 box4t.dat
1 16 0 0 0 1 0 0 0 1 0 0 0 1 stug-1x2.dat
0 // Faces
4 16 20 8 10 16 8 6 -16 8 6 -20 8 10
4 16 -20 8 10 -16 8 6 -16 8 -6 -20 8 -10
4 16 -20 8 -10 -16 8 -6 16 8 -6 20 8 -10
4 16 20 8 -10 16 8 -6 16 8 6 20 8 10

0 FILE box4t.dat
0 Box with 4 Adjacent Faces and All Edges
0 Name: box4t.dat
0 Author: Tore Eriksson [Tore_Eriksson]
0 !LDRAW_ORG Primitive UPDATE 2003-02
0 !LICENSE Licensed under CC BY 4.0 : see CAreadme.txt

0 BFC CERTIFY CCW

0 !HISTORY 1997-09-29 [PTadmin] Official Update 1997-15
0 !HISTORY 2002-08-31 [izanette] Modified with WINDZ for BFC compliance
0 !HISTORY 2003-08-01 [PTadmin] Official Update 2003-02
0 !HISTORY 2007-06-24 [PTadmin] Header formatted for Contributor Agreement
0 !HISTORY 2008-07-01 [PTadmin] Official Update 2008-01


2 24 1 1 1 -1 1 1
2 24 -1 1 1 -1 1 -1
2 24 -1 1 -1 1 1 -1
2 24 1 1 -1 1 1 1
2 24 1 0 1 -1 0 1
2 24 -1 0 1 -1 0 -1
2 24 -1 0 -1 1 0 -1
2 24 1 0 -1 1 0 1
2 24 1 0 1 1 1 1
2 24 -1 0 1 -1 1 1
2 24 1 0 -1 1 1 -1
2 24 -1 0 -1 -1 1 -1
4 16 1 1 1 1 1 -1 -1 1 -1 -1 1 1
4 16 1 1 1 -1 1 1 -1 0 1 1 0 1
4 16 -1 1 1 -1 1 -1 -1 0 -1 -1 0 1
0 // 4 16 -1 1 -1 -1 0 -1 1 0 -1 1 1 -1
4 16 1 1 -1 1 1 1 1 0 1 1 0 -1
0

0 FILE stug3-1x7.dat
0 Stud Tube Solid Group  1 x  7
0 Name: stug3-1x7.dat
0 Author: Steffen [Steffen]
0 !LDRAW_ORG Primitive UPDATE 2012-01
0 !LICENSE Licensed under CC BY 4.0 : see CAreadme.txt

0 BFC CERTIFY CCW

0 !HISTORY 2012-03-30 [PTadmin] Official Update 2012-01


1 16 -60 0 0 1 0 0 0 1 0 0 0 1 stud3.dat
1 16 -40 0 0 1 0 0 0 1 0 0 0 1 stud3.dat
1 16 -20 0 0 1 0 0 0 1 0 0 0 1 stud3.dat
1 16 0 0 0 1 0 0 0 1 0 0 0 1 stud3.dat
1 16 20 0 0 1 0 0 0 1 0 0 0 1 stud3.dat
1 16 40 0 0 1 0 0 0 1 0 0 0 1 stud3.dat
1 16 60 0 0 1 0 0 0 1 0 0 0 1 stud3.dat

0 FILE stug-1x8.dat
0 Stud Group  1 x  8
0 Name: stug-1x8.dat
0 Author: Steffen [Steffen]
0 !LDRAW_ORG Primitive UPDATE 2011-01
0 !LICENSE Licensed under CC BY 4.0 : see CAreadme.txt

0 BFC CERTIFY CCW

0 !HISTORY 2011-07-25 [PTadmin] Official Update 2011-01


1 16 -70 0 0 1 0 0 0 1 0 0 0 1 stud.dat
1 16 -50 0 0 1 0 0 0 1 0 0 0 1 stud.dat
1 16 -30 0 0 1 0 0 0 1 0 0 0 1 stud.dat
1 16 -10 0 0 1 0 0 0 1 0 0 0 1 stud.dat
1 16 10 0 0 1 0 0 0 1 0 0 0 1 stud.dat
1 16 30 0 0 1 0 0 0 1 0 0 0 1 stud.dat
1 16 50 0 0 1 0 0 0 1 0 0 0 1 stud.dat
1 16 70 0 0 1 0 0 0 1 0 0 0 1 stud.dat

0 FILE stug-1x4.dat
0 Stud Group  1 x  4
0 Name: stug-1x4.dat
0 Author: Steffen [Steffen]
0 !LDRAW_ORG Primitive UPDATE 2011-01
0 !LICENSE Licensed under CC BY 4.0 : see CAreadme.txt

0 BFC CERTIFY CCW

0 !HISTORY 2011-07-25 [PTadmin] Official Update 2011-01


1 16 -30 0 0 1 0 0 0 1 0 0 0 1 stud.dat
1 16 -10 0 0 1 0 0 0 1 0 0 0 1 stud.dat
1 16 10 0 0 1 0 0 0 1 0 0 0 1 stud.dat
1 16 30 0 0 1 0 0 0 1 0 0 0 1 stud.dat

0 FILE stug3-1x3.dat
0 Stud Tube Solid Group  1 x  3
0 Name: stug3-1x3.dat
0 Author: Steffen [Steffen]
0 !LDRAW_ORG Primitive UPDATE 2012-02
0 !LICENSE Licensed under CC BY 4.0 : see CAreadme.txt

0 BFC CERTIFY CCW

0 !HISTORY 2012-08-09 [PTadmin] Official Update 2012-02


1 16 -20 0 0 1 0 0 0 1 0 0 0 1 stud3.dat
1 16 0 0 0 1 0 0 0 1 0 0 0 1 stud3.dat
1 16 20 0 0 1 0 0 0 1 0 0 0 1 stud3.dat

0 FILE 4-4ring2.dat
0 Ring  2 x 1.0
0 Name: 4-4ring2.dat
0 Author: James Jessiman
0 !LDRAW_ORG Primitive UPDATE 2009-01
0 !LICENSE Licensed under CC BY 4.0 : see CAreadme.txt

0 BFC CERTIFY CCW

0 !HISTORY 1998-12-15 [PTadmin] Official Update 1998-10
0 !HISTORY 2002-04-05 [hafhead] Added BFC statement
0 !HISTORY 2002-04-25 [PTadmin] Official Update 2002-02
0 !HISTORY 2007-06-24 [PTadmin] Header formatted for Contributor Agreement
0 !HISTORY 2008-07-01 [PTadmin] Official Update 2008-01
0 !HISTORY 2008-08-26 [cwdee] Switch polygon winding and rename
0 !HISTORY 2009-05-02 [PTadmin] Official Update 2009-01


4 16 -1.1481 0 2.7717 -0.7654 0 1.8478 0 0 2 0 0 3
4 16 -2.1213 0 2.1213 -1.4142 0 1.4142 -0.7654 0 1.8478 -1.1481 0 2.7717
4 16 -2.7717 0 1.1481 -1.8478 0 0.7654 -1.4142 0 1.4142 -2.1213 0 2.1213
4 16 -3 0 0 -2 0 0 -1.8478 0 0.7654 -2.7717 0 1.1481
4 16 -2.7717 0 -1.1481 -1.8478 0 -0.7654 -2 0 0 -3 0 0
4 16 -2.1213 0 -2.1213 -1.4142 0 -1.4142 -1.8478 0 -0.7654 -2.7717 0 -1.1481
4 16 -1.1481 0 -2.7717 -0.7654 0 -1.8478 -1.4142 0 -1.4142 -2.1213 0 -2.1213
4 16 0 0 -3 0 0 -2 -0.7654 0 -1.8478 -1.1481 0 -2.7717
4 16 1.1481 0 -2.7717 0.7654 0 -1.8478 0 0 -2 0 0 -3
4 16 2.1213 0 -2.1213 1.4142 0 -1.4142 0.7654 0 -1.8478 1.1481 0 -2.7717
4 16 2.7717 0 -1.1481 1.8478 0 -0.7654 1.4142 0 -1.4142 2.1213 0 -2.1213
4 16 3 0 0 2 0 0 1.8478 0 -0.7654 2.7717 0 -1.1481
4 16 2.7717 0 1.1481 1.8478 0 0.7654 2 0 0 3 0 0
4 16 2.1213 0 2.1213 1.4142 0 1.4142 1.8478 0 0.7654 2.7717 0 1.1481
4 16 1.1481 0 2.7717 0.7654 0 1.8478 1.4142 0 1.4142 2.1213 0 2.1213
4 16 0 0 3 0 0 2 0.7654 0 1.8478 1.1481 0 2.7717
0

0 FILE stud2a.dat
0 Stud Open without Base Edges
0 Name: stud2a.dat
0 Author: James Jessiman
0 !LDRAW_ORG Primitive UPDATE 2009-02
0 !LICENSE Licensed under CC BY 4.0 : see CAreadme.txt

0 BFC CERTIFY CCW

0 !HISTORY 1999-07-05 [PTadmin] Official Update 1999-05
0 !HISTORY 2002-04-04 [sbliss] Modified for BFC compliance
0 !HISTORY 2002-04-25 [PTadmin] Official Update 2002-02
0 !HISTORY 2007-06-24 [PTadmin] Header formatted for Contributor Agreement
0 !HISTORY 2008-07-01 [PTadmin] Official Update 2008-01
0 !HISTORY 2009-06-21 [cwdee] Update ring references to 4-4ring
0 !HISTORY 2009-09-03 [PTadmin] Official Update 2009-02


1 16 0 -4 0 4 0 0 0 1 0 0 0 4 4-4edge.dat
1 16 0 -4 0 6 0 0 0 1 0 0 0 6 4-4edge.dat
0 BFC INVERTNEXT
1 16 0 -4 0 4 0 0 0 4 0 0 0 4 4-4cyli.dat
1 16 0 -4 0 6 0 0 0 4 0 0 0 6 4-4cyli.dat
1 16 0 -4 0 2 0 0 0 1 0 0 0 2 4-4ring2.dat
0

0 FILE 4-4ring4.dat
0 Ring  4 x 1.0
0 Name: 4-4ring4.dat
0 Author: James Jessiman
0 !LDRAW_ORG Primitive UPDATE 2009-01
0 !LICENSE Licensed under CC BY 4.0 : see CAreadme.txt

0 BFC CERTIFY CCW

0 !HISTORY 1998-12-15 [PTadmin] Official Update 1998-10
0 !HISTORY 2002-04-08 [BrickCaster] Modified for BFC compliance
0 !HISTORY 2002-04-25 [PTadmin] Official Update 2002-02
0 !HISTORY 2007-06-24 [PTadmin] Header formatted for Contributor Agreement
0 !HISTORY 2008-07-01 [PTadmin] Official Update 2008-01
0 !HISTORY 2008-08-26 [cwdee] Switch polygon winding and rename
0 !HISTORY 2009-05-02 [PTadmin] Official Update 2009-01


4 16 -1.9135 0 4.6195 -1.5308 0 3.6956 0 0 4 0 0 5
4 16 -3.5355 0 3.5355 -2.8284 0 2.8284 -1.5308 0 3.6956 -1.9135 0 4.6195
4 16 -4.6195 0 1.9135 -3.6956 0 1.5308 -2.8284 0 2.8284 -3.5355 0 3.5355
4 16 -5 0 0 -4 0 0 -3.6956 0 1.5308 -4.6195 0 1.9135
4 16 -4.6195 0 -1.9135 -3.6956 0 -1.5308 -4 0 0 -5 0 0
4 16 -3.5355 0 -3.5355 -2.8284 0 -2.8284 -3.6956 0 -1.5308 -4.6195 0 -1.9135
4 16 -1.9135 0 -4.6195 -1.5308 0 -3.6956 -2.8284 0 -2.8284 -3.5355 0 -3.5355
4 16 0 0 -5 0 0 -4 -1.5308 0 -3.6956 -1.9135 0 -4.6195
4 16 1.9135 0 -4.6195 1.5308 0 -3.6956 0 0 -4 0 0 -5
4 16 3.5355 0 -3.5355 2.8284 0 -2.8284 1.5308 0 -3.6956 1.9135 0 -4.6195
4 16 4.6195 0 -1.9135 3.6956 0 -1.5308 2.8284 0 -2.8284 3.5355 0 -3.5355
4 16 5 0 0 4 0 0 3.6956 0 -1.5308 4.6195 0 -1.9135
4 16 4.6195 0 1.9135 3.6956 0 1.5308 4 0 0 5 0 0
4 16 3.5355 0 3.5355 2.8284 0 2.8284 3.6956 0 1.5308 4.6195 0 1.9135
4 16 1.9135 0 4.6195 1.5308 0 3.6956 2.8284 0 2.8284 3.5355 0 3.5355
4 16 0 0 5 0 0 4 1.5308 0 3.6956 1.9135 0 4.6195
0

0 FILE stud4od.dat
0 Stud Tube Open without Outer Cylinder and Top Surface
0 Name: stud4od.dat
0 Author: Philippe Hurbain [Philo]
0 !LDRAW_ORG Primitive UPDATE 2013-02
0 !LICENSE Licensed under CC BY 4.0 : see CAreadme.txt

0 !HELP This stud is a "antistud" to be used like a underside stud,
0 !HELP but without the outer cylinder.
0 !HELP 1 47 0 0 0 1 0 0 0 1 0 0 0 1 stud4.dat

0 BFC CERTIFY CCW

0 !HISTORY 2013-12-23 [PTadmin] Official Update 2013-02


1 16 0 -4 0 2 0 0 0 1 0 0 0 2 4-4ring3.dat
0 BFC INVERTNEXT
1 16 0 0 0 -6 0 0 0 -4 0 0 0 6 4-4cylo.dat

0 FILE parts/s/3003s02.dat
0 ~Brick  2 x  2 without Front and Back Faces
0 Name: s\3003s02.dat
0 Author: Owen Burgoyne [C3POwen]
0 !LDRAW_ORG Subpart UPDATE 2013-02
0 !LICENSE Licensed under CC BY 4.0 : see CAreadme.txt

0 BFC CERTIFY CCW

0 !HISTORY 2013-12-23 [PTadmin] Official Update 2013-02


1 16 0 4 0 1 0 0 0 -5 0 0 0 1 stud4.dat
0 BFC INVERTNEXT
1 16 0 24 0 16 0 0 0 -20 0 0 0 16 box5.dat
4 16 20 24 20 16 24 16 -16 24 16 -20 24 20
4 16 -20 24 20 -16 24 16 -16 24 -16 -20 24 -20
4 16 -20 24 -20 -16 24 -16 16 24 -16 20 24 -20
4 16 20 24 -20 16 24 -16 16 24 16 20 24 20
2 24 20 24 20 -20 24 20
2 24 20 24 -20 -20 24 -20
1 16 0 24 0 0 0 20 0 -24 0 -20 0 0 box3u2p.dat
1 16 0 0 0 1 0 0 0 1 0 0 0 1 stug-2x2.dat

0 FILE stug-1x2.dat
0 Stud Group  1 x  2
0 Name: stug-1x2.dat
0 Author: Steffen [Steffen]
0 !LDRAW_ORG Primitive UPDATE 2011-01
0 !LICENSE Licensed under CC BY 4.0 : see CAreadme.txt

0 BFC CERTIFY CCW

0 !HISTORY 2011-07-25 [PTadmin] Official Update 2011-01


1 16 -10 0 0 1 0 0 0 1 0 0 0 1 stud.dat
1 16 10 0 0 1 0 0 0 1 0 0 0 1 stud.dat

0 FILE stud4a.dat
0 Stud Tube Open without Base Edges
0 Name: stud4a.dat
0 Author: James Jessiman
0 !LDRAW_ORG Primitive UPDATE 2009-02
0 !LICENSE Licensed under CC BY 4.0 : see CAreadme.txt

0 BFC CERTIFY CCW

0 !HISTORY 1999-07-05 [PTadmin] Official Update 1999-05
0 !HISTORY 2002-04-04 [sbliss] Modified for BFC compliance
0 !HISTORY 2002-04-25 [PTadmin] Official Update 2002-02
0 !HISTORY 2007-06-24 [PTadmin] Header formatted for Contributor Agreement
0 !HISTORY 2008-07-01 [PTadmin] Official Update 2008-01
0 !HISTORY 2009-06-21 [cwdee] Update ring references to 4-4ring
0 !HISTORY 2009-09-03 [PTadmin] Official Update 2009-02


1 16 0 -4 0 6 0 0 0 1 0 0 0 6 4-4edge.dat
1 16 0 -4 0 8 0 0 0 1 0 0 0 8 4-4edge.dat
0 BFC INVERTNEXT
1 16 0 -4 0 6 0 0 0 4 0 0 0 6 4-4cyli.dat
1 16 0 -4 0 8 0 0 0 4 0 0 0 8 4-4cyli.dat
1 16 0 -4 0 2 0 0 0 1 0 0 0 2 4-4ring3.dat
0

0 FILE 1-4cyls.dat
0 Cylinder Sloped 0.25
0 Name: 1-4cyls.dat
0 Author: James Jessiman
0 !LDRAW_ORG Primitive UPDATE 2012-01
0 !LICENSE Licensed under CC BY 4.0 : see CAreadme.txt

0 BFC CERTIFY CCW

0 !HISTORY 1998-12-15 [PTadmin] Official Update 1998-10
0 !HISTORY 2002-07-03 [sbliss] Added BFC statement
0 !HISTORY 2002-08-18 [PTadmin] Official Update 2002-04
0 !HISTORY 2007-06-22 [PTadmin] Header formatted for Contributor Agreement
0 !HISTORY 2008-07-01 [PTadmin] Official Update 2008-01
0 !HISTORY 2012-02-16 [Philo] Changed to CCW
0 !HISTORY 2012-03-30 [PTadmin] Official Update 2012-01


3 16 0.9239 0.0761 0.3827 0.9239 0 0.3827 1 0 0
4 16 0.9239 0.0761 0.3827 0.7071 0.2929 0.7071 0.7071 0 0.7071 0.9239 0 0.3827
4 16 0.7071 0.2929 0.7071 0.3827 0.6173 0.9239 0.3827 0 0.9239 0.7071 0 0.7071
4 16 0.3827 0.6173 0.9239 0 1 1 0 0 1 0.3827 0 0.9239

5 24 0.9239 0 0.3827 0.9239 0.0761 0.3827 0.7071 0 0.7071 1 0 0
5 24 0.7071 0 0.7071 0.7071 0.2929 0.7071 0.3827 0 0.9239 0.9239 0 0.3827
5 24 0.3827 0 0.9239 0.3827 0.6173 0.9239 0 0 1 0.7071 0 0.7071
5 24 0 0 1 0 1 1 0.3827 0 0.9239 -1 0 1

0 FILE 2-4chrd.dat
0 Chord 0.5
0 Name: 2-4chrd.dat
0 Author: Philippe Hurbain [Philo]
0 !LDRAW_ORG Primitive UPDATE 2014-01
0 !LICENSE Licensed under CC BY 4.0 : see CAreadme.txt

0 BFC CERTIFY CCW

0 !HISTORY 2014-06-21 [PTadmin] Official Update 2014-01


4 16 0.9239 0 0.3827 -0.9239 0 0.3827 -1 0 0 1 0 0
4 16 0.7071 0 0.7071 -0.7071 0 0.7071 -0.9239 0 0.3827 0.9239 0 0.3827
4 16 0.3827 0 0.9239 -0.3827 0 0.9239 -0.7071 0 0.7071 0.7071 0 0.7071
3 16 0 0 1 -0.3827 0 0.9239 0.3827 0 0.9239

0 FILE box4.dat
0 Box with 4 Faces (2 Parallel Pairs) and All Edges
0 Name: box4.dat
0 Author: James Jessiman
0 !LDRAW_ORG Primitive UPDATE 2012-01
0 !LICENSE Licensed under CC BY 4.0 : see CAreadme.txt

0 BFC CERTIFY CCW

0 !HISTORY 2002-04-03 [sbliss] Modified for BFC compliance
0 !HISTORY 2002-04-25 [PTadmin] Official Update 2002-02
0 !HISTORY 2007-06-24 [PTadmin] Header formatted for Contributor Agreement
0 !HISTORY 2008-07-01 [PTadmin] Official Update 2008-01
0 !HISTORY 2012-02-16 [Philo] Changed to CCW
0 !HISTORY 2012-03-30 [PTadmin] Official Update 2012-01


2 24 1 1 1 -1 1 1
2 24 -1 1 1 -1 1 -1
2 24 -1 1 -1 1 1 -1
2 24 1 1 -1 1 1 1
2 24 1 0 1 -1 0 1
2 24 -1 0 1 -1 0 -1
2 24 -1 0 -1 1 0 -1
2 24 1 0 -1 1 0 1
2 24 1 0 1 1 1 1
2 24 -1 0 1 -1 1 1
2 24 1 0 -1 1 1 -1
2 24 -1 0 -1 -1 1 -1
4 16 -1 1 1 -1 0 1 1 0 1 1 1 1
4 16 -1 1 -1 -1 0 -1 -1 0 1 -1 1 1
4 16 1 1 -1 1 0 -1 -1 0 -1 -1 1 -1
4 16 1 1 1 1 0 1 1 0 -1 1 1 -1

0 FILE stug-2x2.dat
0 Stud Group  2 x  2
0 Name: stug-2x2.dat
0 Author: Steffen [Steffen]
0 !LDRAW_ORG Primitive UPDATE 2012-01
0 !LICENSE Licensed under CC BY 4.0 : see CAreadme.txt

0 BFC CERTIFY CCW

0 !HISTORY 2005-12-28 [PTadmin] Official Update 2005-01
0 !HISTORY 2007-05-04 [PTadmin] Header formatted for Contributor Agreement
0 !HISTORY 2008-07-01 [PTadmin] Official Update 2008-01
0 !HISTORY 2011-07-01 [PTadmin] Renamed from stug2
0 !HISTORY 2011-07-25 [PTadmin] Official Update 2011-01
0 !HISTORY 2012-02-16 [Philo] Changed to CCW
0 !HISTORY 2012-03-30 [PTadmin] Official Update 2012-01


1 16 -10 0 -10 1 0 0 0 1 0 0 0 1 stud.dat
1 16 10 0 -10 1 0 0 0 1 0 0 0 1 stud.dat
1 16 -10 0 10 1 0 0 0 1 0 0 0 1 stud.dat
1 16 10 0 10 1 0 0 0 1 0 0 0 1 stud.dat
