0 FILE undaunted_scene_2_ohio_fort_mandan.mpd
0 Name: Undaunted Scene 2 – Ohio River & Fort Mandan (Baseplate + Water + Boat Hulls)
0 Author: DCE-GYO Undaunted Pipeline
0 !LDRAW_ORG Model
0 !LICENSE Redistributable under CCAL version 2.0
0 BFC CERTIFY CCW

0 BASEPLATE – 32 x 32 Road with River Pattern (scene shell)
0 Base shell from river road world
1 15 0 0 0  1 0 0  0 1 0  0 0 1  2359p03.dat

0 SECONDARY SHELL – 16 x 32 river plate
1 15 0 0 160  1 0 0  0 1 0  0 0 1  3857p02.dat

0 WATER STRIP – 8 x 16 tiles (blue) – center channel
1 1 0 -8 -80  1 0 0  0 1 0  0 0 1  48288.dat
1 1 0 -8  80  1 0 0  0 1 0  0 0 1  48288.dat

0 MAIN KEELBOAT – 6 x 24 hull on river
1 0 0 -8 -80  1 0 0  0 1 0  0 0 1  125c01.dat

0 CANOE – 4 x 16 side craft
1 0 -80  0 -40  1 0 0  0 1 0  0 0 1  6021.dat
1 0  80  0  40 -1 0 0  0 1 0  0 0 1  6021.dat

0 FORT MANDAN PLACEHOLDER – reserved plate corner

0 FORT MANDAN – palisade segment on secondary plate
1 19 -80 0 160  1 0 0  0 1 0  0 0 1  3003.dat
1 19 -48 0 160  1 0 0  0 1 0  0 0 1  3003.dat
1 19 -16 0 160  1 0 0  0 1 0  0 0 1  3003.dat
1 19  16 0 160  1 0 0  0 1 0  0 0 1  3003.dat
1 19  48 0 160  1 0 0  0 1 0  0 0 1  3003.dat

0 SMALL WATCH TOWER at corner
1 19  80 0 160  1 0 0  0 1 0  0 0 1  3001.dat
1 19  80 8 160  1 0 0  0 1 0  0 0 1  3001.dat

0 TREE framing fort edge
1 2   96 0 144  1 0 0  0 1 0  0 0 1  3470.dat

0 SECOND TREE – opposite bank
1 2  -96 0  16  1 0 0  0 1 0  0 0 1  3470.dat

0 DOCK / CARGO – near keelboat bank
1 19  32 0 -96  1 0 0  0 1 0  0 0 1  3003.dat
1 19  32 0 -80  1 0 0  0 1 0  0 0 1  3003.dat

0 MINIFIGS – Undaunted Scene 2 key figures and groups

0 MERIWETHER LEWIS – on keelboat near bow
1 14  -40  -64  -60  1 0 0  0 1 0  0 0 1  parts/3626bp01.dat
1 1   -40  -40  -60  1 0 0  0 1 0  0 0 1  parts/973c01.dat
1 13  -55.552  -31  -60  1 0 0  0 1 0  0 0 1  parts/3818.dat
1 13  -24.448  -31  -60  1 0 0  0 1 0  0 0 1  parts/3819.dat
1 13  -40  -16  -60  1 0 0  0 1 0  0 0 1  parts/3815.dat
1 13  -40    0  -60  1 0 0  0 1 0  0 0 1  parts/970c00.dat

0 WILLIAM CLARK – on keelboat near stern
1 14   40  -64  -60  1 0 0  0 1 0  0 0 1  parts/3626bp01.dat
1 2    40  -40  -60  1 0 0  0 1 0  0 0 1  parts/973c01.dat
1 13   24.448  -31  -60  1 0 0  0 1 0  0 0 1  parts/3818.dat
1 13   55.552  -31  -60  1 0 0  0 1 0  0 0 1  parts/3819.dat
1 13   40  -16  -60  1 0 0  0 1 0  0 0 1  parts/3815.dat
1 13   40    0  -60  1 0 0  0 1 0  0 0 1  parts/970c00.dat

0 GEORGE DROUILLARD – scout on small canoe
1 14  -80  -64  -20  1 0 0  0 1 0  0 0 1  parts/3626bp01.dat
1 6   -80  -40  -20  1 0 0  0 1 0  0 0 1  parts/973c01.dat
1 13  -95.552  -31  -20  1 0 0  0 1 0  0 0 1  parts/3818.dat
1 13  -64.448  -31  -20  1 0 0  0 1 0  0 0 1  parts/3819.dat
1 13  -80  -16  -20  1 0 0  0 1 0  0 0 1  parts/3815.dat
1 13  -80    0  -20  1 0 0  0 1 0  0 0 1  parts/970c00.dat

0 SERGEANT JOHN ORDWAY – on deck midships
1 14    0  -64  -40  1 0 0  0 1 0  0 0 1  parts/3626bp01.dat
1 7     0  -40  -40  1 0 0  0 1 0  0 0 1  parts/973c01.dat
1 13  -15.552  -31  -40  1 0 0  0 1 0  0 0 1  parts/3818.dat
1 13   15.552  -31  -40  1 0 0  0 1 0  0 0 1  parts/3819.dat
1 13    0  -16  -40  1 0 0  0 1 0  0 0 1  parts/3815.dat
1 13    0    0  -40  1 0 0  0 1 0  0 0 1  parts/970c00.dat

0 PRIVATE JOHN COLLINS – near stern rail
1 14   80  -64  -20  1 0 0  0 1 0  0 0 1  parts/3626bp01.dat
1 8    80  -40  -20  1 0 0  0 1 0  0 0 1  parts/973c01.dat
1 13   64.448  -31  -20  1 0 0  0 1 0  0 0 1  parts/3818.dat
1 13   95.552  -31  -20  1 0 0  0 1 0  0 0 1  parts/3819.dat
1 13   80  -16  -20  1 0 0  0 1 0  0 0 1  parts/3815.dat
1 13   80    0  -20  1 0 0  0 1 0  0 0 1  parts/970c00.dat

0 SACAGAWEA – near fort-facing riverbank
1 14  -40  -64   40  1 0 0  0 1 0  0 0 1  parts/3626bp01.dat
1 19  -40  -40   40  1 0 0  0 1 0  0 0 1  parts/973c01.dat
1 13  -55.552  -31   40  1 0 0  0 1 0  0 0 1  parts/3818.dat
1 13  -24.448  -31   40  1 0 0  0 1 0  0 0 1  parts/3819.dat
1 13  -40  -16   40  1 0 0  0 1 0  0 0 1  parts/3815.dat
1 13  -40    0   40  1 0 0  0 1 0  0 0 1  parts/970c00.dat

0 TOUSSAINT CHARBONNEAU – near Sacagawea
1 14    0  -64   40  1 0 0  0 1 0  0 0 1  parts/3626bp01.dat
1 3     0  -40   40  1 0 0  0 1 0  0 0 1  parts/973c01.dat
1 13  -15.552  -31   40  1 0 0  0 1 0  0 0 1  parts/3818.dat
1 13   15.552  -31   40  1 0 0  0 1 0  0 0 1  parts/3819.dat
1 13    0  -16   40  1 0 0  0 1 0  0 0 1  parts/3815.dat
1 13    0    0   40  1 0 0  0 1 0  0 0 1  parts/970c00.dat

0 MANDAN CHIEFS – near fort corner (two reps)
1 14   96  -64  120  1 0 0  0 1 0  0 0 1  parts/3626bp01.dat
1 4    96  -40  120  1 0 0  0 1 0  0 0 1  parts/973c01.dat
1 13   80.448  -31  120  1 0 0  0 1 0  0 0 1  parts/3818.dat
1 13   111.552 -31  120  1 0 0  0 1 0  0 0 1  parts/3819.dat
1 13   96  -16  120  1 0 0  0 1 0  0 0 1  parts/3815.dat
1 13   96    0  120  1 0 0  0 1 0  0 0 1  parts/970c00.dat

1 14   56  -64  112  1 0 0  0 1 0  0 0 1  parts/3626bp01.dat
1 4    56  -40  112  1 0 0  0 1 0  0 0 1  parts/973c01.dat
1 13   40.448  -31  112  1 0 0  0 1 0  0 0 1  parts/3818.dat
1 13   71.552  -31  112  1 0 0  0 1 0  0 0 1  parts/3819.dat
1 13   56  -16  112  1 0 0  0 1 0  0 0 1  parts/3815.dat
1 13   56    0  112  1 0 0  0 1 0  0 0 1  parts/970c00.dat

0 OTO CHIEFS – on secondary river plate
1 14  -40  -64  160  1 0 0  0 1 0  0 0 1  parts/3626bp01.dat
1 5   -40  -40  160  1 0 0  0 1 0  0 0 1  parts/973c01.dat
1 13  -55.552  -31  160  1 0 0  0 1 0  0 0 1  parts/3818.dat
1 13  -24.448  -31  160  1 0 0  0 1 0  0 0 1  parts/3819.dat
1 13  -40  -16  160  1 0 0  0 1 0  0 0 1  parts/3815.dat
1 13  -40    0  160  1 0 0  0 1 0  0 0 1  parts/970c00.dat

1 14   40  -64  160  1 0 0  0 1 0  0 0 1  parts/3626bp01.dat
1 5    40  -40  160  1 0 0  0 1 0  0 0 1  parts/973c01.dat
1 13   24.448  -31  160  1 0 0  0 1 0  0 0 1  parts/3818.dat
1 13   55.552  -31  160  1 0 0  0 1 0  0 0 1  parts/3819.dat
1 13   40  -16  160  1 0 0  0 1 0  0 0 1  parts/3815.dat
1 13   40    0  160  1 0 0  0 1 0  0 0 1  parts/970c00.dat

0 STEP

0 FILE 2359p03.dat
0 Baseplate 32 x 32 Road 7-Stud Curve with River Pattern
0 Name: 2359p03.dat
0 Author: Alex Taylor [anathema]
0 !LDRAW_ORG Part UPDATE 2010-02
0 !LICENSE Licensed under CC BY 4.0 : see CAreadme.txt

0 BFC CERTIFY CCW

0 !KEYWORDS BrickLink 2359px1, Rebrickable 2359pr0003, set 6748

0 !HISTORY 2010-04-09 [mikeheide] Moved portions from subpart
0 !HISTORY 2010-07-05 [PTadmin] Official Update 2010-02


1 16 0 0 0 1 0 0 0 1 0 0 0 1 s/2359s01.dat
3 2 -236 0 -163 -227 0 -170 -236 0 -155
4 2 -227 0 -170 -236 0 -163 -238 0 -163 -239 0 -168
4 2 -227 0 -170 -239 0 -168 -252 0 -174 -236 0 -181
4 16 -277 0 -146 -277 0 -124 -290 0 -124 -299 0 -129
4 16 -277 0 -146 -299 0 -129 -306 0 -137 -306 0 -153
4 16 -277 0 -146 -306 0 -153 -304 0 -158 -297 0 -161
4 23 -304 0 -158 -306 0 -153 -320 0 -167 -313 0 -166
3 23 -313 0 -166 -302 0 -161 -304 0 -158
4 23 -297 0 -161 -304 0 -158 -302 0 -161 -289 0 -166
3 23 -289 0 -166 -290 0 -163 -297 0 -161
3 23 -283 0 -165 -290 0 -163 -289 0 -166
4 23 -276 0 -167 -283 0 -165 -289 0 -166 -277 0 -169
4 23 -276 0 -167 -277 0 -169 -269 0 -173 -269 0 -170
4 23 -265 0 -172 -269 0 -170 -269 0 -173 -263 0 -174
4 23 -261 0 -171 -265 0 -172 -263 0 -174 -257 0 -172
3 23 -261 0 -171 -257 0 -172 -256 0 -169
4 23 -256 0 -169 -257 0 -172 -247 0 -162 -252 0 -163
4 23 -249 0 -160 -252 0 -163 -247 0 -162 -243 0 -155
3 23 -249 0 -160 -243 0 -155 -246 0 -156
4 23 -245 0 -151 -246 0 -156 -243 0 -155 -239 0 -152
4 23 -242.5 0 -144.5 -245 0 -151 -239 0 -152 -239.5 0 -144.5
4 23 -239.5 0 -144.5 -239 0 -152 -239 0 -142 -239.5 0 -141.5
4 23 -235.5 0 -139.5 -239.5 0 -141.5 -239 0 -142 -232.5 0 -141.5
4 23 -232.5 0 -141.5 -239 0 -142 -229 0 -142 -229.5 0 -141.5
3 23 -232.5 0 -141.5 -232.5 0 -139.5 -235.5 0 -139.5
4 23 -239.5 0 -141.5 -235.5 0 -139.5 -237.5 0 -139.5 -242.5 0 -141.5
4 23 -237.5 0 -136.5 -237.5 0 -139.5 -235.5 0 -139.5 -235.5 0 -136.5
4 23 -246 0 -138 -245 0 -151 -242.5 0 -144.5 -242.5 0 -141.5
4 23 -246 0 -138 -242.5 0 -141.5 -240.5 0 -139.5 -240.5 0 -136.5
3 23 -237.5 0 -139.5 -240.5 0 -139.5 -242.5 0 -141.5
4 23 -251 0 -133 -246 0 -138 -240.5 0 -136.5 -240 0 -127
4 23 -239 0 -152 -243 0 -155 -236 0 -155 -229 0 -152
4 23 -229 0 -152 -236 0 -155 -227 0 -170 -228.5 0 -152.5
4 23 -229 0 -152 -228.5 0 -152.5 -228.5 0 -149.5 -229 0 -142
4 23 -229 0 -142 -228.5 0 -149.5 -224.5 0 -135.5 -227.5 0 -135.5
4 23 -229 0 -142 -227.5 0 -135.5 -229.5 0 -138.5 -229.5 0 -141.5
4 23 -232.5 0 -136.5 -229.5 0 -138.5 -227.5 0 -135.5 -240 0 -127
3 23 -227.5 0 -132.5 -240 0 -127 -227.5 0 -135.5
4 23 -240 0 -127 -227.5 0 -132.5 -221 0 -118 -240 0 -121
4 23 -240 0 -121 -221 0 -118 -225 0 -81 -271 0 -110
4 23 -246 0 -121 -240 0 -121 -271 0 -110 -260 0 -116
4 23 -246 0 -121 -260 0 -116 -255 0 -120 -246 0 -127
4 23 -217 0 -123 -221 0 -118 -227.5 0 -132.5 -224.5 0 -132.5
3 23 -232.5 0 -136.5 -240 0 -127 -240.5 0 -136.5
4 23 -251 0 -133 -240 0 -127 -246 0 -127 -258 0 -130
4 23 -258 0 -130 -246 0 -127 -255 0 -120 -264 0 -126
4 23 -264 0 -126 -255 0 -120 -265 0 -115 -276 0 -110
3 23 -276 0 -110 -277 0 -124 -270 0 -125
3 23 -270 0 -125 -264 0 -126 -276 0 -110
4 23 -290 0 -124 -277 0 -124 -276 0 -110 -292 0 -105
4 23 -290 0 -124 -292 0 -105 -306 0 -102 -299 0 -129
3 23 -306 0 -137 -299 0 -129 -306 0 -102
4 23 -320 0 -167 -306 0 -137 -306 0 -102 -309 0 -55
4 23 -301 0 -61 -309 0 -55 -306 0 -102 -295 0 -66
3 23 -306 0 -102 -288 0 -72 -295 0 -66
4 23 -283 0 -75 -288 0 -72 -306 0 -102 -299 0 -102
4 23 -277 0 -76 -283 0 -75 -299 0 -102 -286 0 -105
4 23 -277 0 -76 -286 0 -105 -271 0 -110 -267 0 -76
4 23 -249 0 -76 -267 0 -76 -271 0 -110 -240 0 -77
3 23 -240 0 -77 -271 0 -110 -225 0 -81
4 23 -320 0 16 -320 0 -167 -309 0 -55 -309 0 -54
4 23 -320 0 16 -309 0 -54 -300 0 -29 -292 0 -2
3 23 -286 0 -31 -300 0 -29 -309 0 -54
4 23 -279 0 -32 -286 0 -31 -309 0 -54 -305 0 -57
4 23 -279 0 -32 -305 0 -57 -299 0 -61 -255 0 -44
4 23 -255 0 -54 -255 0 -44 -299 0 -61 -291 0 -68
4 23 -255 0 -54 -291 0 -68 -283 0 -74 -257.5 0 -61.5
4 23 -255 0 -54 -257.5 0 -61.5 -254.5 0 -61.5 -249.5 0 -57.5
4 23 -245 0 -54 -255 0 -54 -249.5 0 -57.5 -246.5 0 -57.5
4 23 -249.5 0 -57.5 -254.5 0 -61.5 -254.5 0 -64.5 -249.5 0 -60.5
4 23 -249.5 0 -60.5 -254.5 0 -64.5 -251 0 -75 -246.5 0 -60.5
3 23 -244 0 -75 -246.5 0 -60.5 -251 0 -75
4 23 -246.5 0 -60.5 -244 0 -75 -245 0 -54 -246.5 0 -57.5
4 23 -257 0 -74 -251 0 -75 -254.5 0 -64.5 -257.5 0 -64.5
4 23 -257.5 0 -64.5 -257.5 0 -61.5 -283 0 -74 -275 0 -75
3 23 -257 0 -74 -257.5 0 -64.5 -275 0 -75
4 23 -292 0 -2 -300 0 -29 -293 0 -29 -282 0 -2
4 23 -282 0 -2 -293 0 -29 -279 0 -32 -245 0 2
3 23 -279 0 -32 -254 0 -18 -245 0 2
4 23 -254 0 -18 -279 0 -32 -255 0 -44 -245 0 -18
4 23 -245 0 -18 -255 0 -44 -245 0 -44 -234 0 -21
4 23 -222 0 -27 -234 0 -21 -245 0 -44 -213 0 -37
3 23 -245 0 2 -254 0 -18 -249 0 -17
4 23 -245 0 2 -249 0 -17 -239 0 -18 -221 0 2
4 23 -221 0 2 -239 0 -18 -227 0 -23 -201 0 3
4 23 -191 0 0 -201 0 3 -227 0 -23 -222 0 -27
4 23 -191 0 0 -222 0 -27 -214 0 -34 -185 0 -6
4 23 -177 0 -14 -185 0 -6 -214 0 -34 -212 0 -36
3 23 -177 0 -14 -212 0 -36 -201 0 -39
4 23 -177 0 -14 -201 0 -39 -176 0 -46 -171 0 -20
3 23 -171 0 -20 -176 0 -46 -164 0 -24
4 23 -156 0 -26 -164 0 -24 -176 0 -46 -147 0 -32
4 23 -147 0 -32 -176 0 -46 -150 0 -61 -138 0 -36
3 23 -132 0 -39 -138 0 -36 -150 0 -61
4 23 -127 0 -41 -132 0 -39 -150 0 -61 -138 0 -66
4 23 -124 0 -46 -127 0 -41 -138 0 -66 -123 0 -74
3 23 -124 0 -46 -123 0 -74 -113 0 -56
4 23 -100 0 -56 -113 0 -56 -123 0 -74 -112 0 -84
3 23 -112 0 -84 -97 0 -58 -100 0 -56
4 23 -90 0 -62 -97 0 -58 -112 0 -84 -101 0 -94
3 23 -90 0 -62 -101 0 -94 -83 0 -67
3 23 -83 0 -67 -101 0 -94 -77 0 -71
4 23 -72 0 -74 -77 0 -71 -101 0 -94 -91 0 -102
4 23 -63 0 -76 -72 0 -74 -91 0 -102 -84 0 -108
4 23 -63 0 -76 -84 0 -108 -77 0 -113 -54 0 -76
4 23 -245 0 2 -221 0 2 -231 0 11 -240 0 9
4 23 -228 0 17 -231 0 11 -221 0 2 -215 0 8
4 23 -215 0 8 -221 0 2 -217 0 3 -211 0 9
4 23 -211 0 9 -217 0 3 -198 0 4 -203 0 15
3 23 -203 0 15 -211 0 19 -211 0 9
3 23 -211 0 9 -211 0 19 -217 0 31
4 23 -198 0 21 -203 0 15 -198 0 4 -178 0 18
4 23 -170 0 11 -178 0 18 -198 0 4 -195 0 3
4 23 -170 0 11 -195 0 3 -190 0 0 -158 0 6
3 23 -158 0 6 -190 0 0 -181 0 -8
4 23 -158 0 6 -181 0 -8 -174 0 -16 -169 0 -20
4 23 -158 0 6 -169 0 -20 -163 0 -23 -147 0 -26
4 23 -158 0 6 -147 0 -26 -144.5 0 -14.5 -144.5 0 -11.5
4 23 -158 0 6 -144.5 0 -11.5 -143 0 -6 -143 0 0
3 23 -143 0 0 -144 0 3 -158 0 6
4 23 -133 0 2 -144 0 3 -143 0 0 -137 0 0
4 23 -131.5 0 -1.5 -133 0 2 -137 0 0 -137 0 -6
4 23 -131.5 0 -4.5 -131.5 0 -1.5 -137 0 -6 -133.5 0 -6.5
4 23 -131.5 0 -4.5 -133.5 0 -6.5 -130.5 0 -6.5 -128.5 0 -4.5
4 23 -128.5 0 -4.5 -130.5 0 -6.5 -129 0 -7 -123 0 -7
4 23 -129 0 -13 -129 0 -7 -130.5 0 -6.5 -130.5 0 -9.5
3 23 -130.5 0 -9.5 -130 0 -23 -129 0 -13
4 23 -123 0 -13 -129 0 -13 -130 0 -23 -124 0 -23
4 23 -123 0 -13 -124 0 -23 -118 0 -21 -115 0 -12
4 23 -123 0 -7 -123 0 -13 -115 0 -12 -109 0 -4
4 23 -114.5 0 -0.5 -123 0 -7 -109 0 -4 -111.5 0 -0.5
4 23 -111.5 0 2.5 -111.5 0 -0.5 -109 0 -4 -108.5 0 5.5
4 23 -111.5 0 7.5 -111.5 0 4.5 -108.5 0 5.5 -108.5 0 8.5
3 23 -111.5 0 2.5 -108.5 0 5.5 -111.5 0 4.5
4 23 -111.5 0 2.5 -111.5 0 4.5 -114.5 0 4.5 -114.5 0 2.5
4 23 -120 0 3 -114.5 0 2.5 -114.5 0 4.5 -118 0 9
4 23 -118 0 9 -114.5 0 4.5 -114.5 0 7.5 -118 0 20
4 23 -116 0 21 -118 0 20 -114.5 0 7.5 -109 0 20
4 23 -109 0 20 -114.5 0 7.5 -111.5 0 7.5 -108.5 0 8.5
4 23 -109 0 20 -108.5 0 8.5 -105.5 0 8.5 -102 0 18
4 23 -95 0 14 -102 0 18 -105.5 0 8.5 -100 0 3
4 23 -95 0 14 -100 0 3 -91 0 6 -86 0 14
4 23 -86 0 14 -91 0 6 -79 0 6 -70 0 7
3 23 -70 0 7 -79 0 6 -68 0 4
4 23 -57 0 2 -58 0 5 -70 0 7 -68 0 4
4 23 -58 0 5 -57 0 2 -50 0 -2 -45 0 -2
4 23 -45 0 -2 -50 0 -2 -43 0 -5 -35 0 -5
3 23 -35 0 -5 -34 0 -3 -45 0 -2
4 23 -34 0 -3 -35 0 -5 -32 0 -11 -29 0 -8
4 23 -29 0 -17 -29 0 -8 -32 0 -11 -33 0 -20
4 23 -33 0 -28 -29 0 -17 -33 0 -20 -36 0 -28
4 23 -34 0 -47 -33 0 -28 -36 0 -28 -38 0 -52
4 23 -34 0 -47 -38 0 -52 -36 0 -64 -33 0 -55
4 23 -36 0 -64 -38 0 -52 -45 0 -58 -46.5 0 -61.5
4 23 -49.5 0 -61.5 -46.5 0 -61.5 -45 0 -58 -52 0 -61
3 23 -46 0 -64 -36 0 -64 -46.5 0 -61.5
4 23 -46 0 -64 -46.5 0 -61.5 -46.5 0 -64.5 -46 0 -74
4 23 -46 0 -74 -46.5 0 -64.5 -49.5 0 -64.5 -52.5 0 -69.5
3 23 -52.5 0 -66.5 -52.5 0 -69.5 -49.5 0 -64.5
4 23 -55.5 0 -66.5 -52.5 0 -66.5 -49.5 0 -64.5 -52 0 -61
4 23 -55.5 0 -66.5 -52 0 -61 -61 0 -61 -61 0 -67
3 23 -55.5 0 -69.5 -55.5 0 -66.5 -61 0 -67
4 23 -54 0 -76 -55.5 0 -69.5 -61 0 -67 -66 0 -74
4 23 -52.5 0 -69.5 -55.5 0 -69.5 -54 0 -76 -48.5 0 -77.5
4 23 -48.5 0 -80.5 -48.5 0 -77.5 -54 0 -76 -52 0 -84
4 23 -48.5 0 -80.5 -52 0 -84 -46 0 -84 -45.5 0 -80.5
4 23 -44.5 0 -83.5 -45.5 0 -80.5 -46 0 -84 -44.5 0 -86.5
3 23 -44.5 0 -86.5 -46 0 -84 -46 0 -90
4 23 -46 0 -74 -52.5 0 -69.5 -48.5 0 -77.5 -45.5 0 -77.5
4 23 -46 0 -74 -45.5 0 -77.5 -42.5 0 -78.5 -39.5 0 -78.5
4 23 -42.5 0 -78.5 -45.5 0 -77.5 -45.5 0 -80.5 -44.5 0 -83.5
3 23 -44.5 0 -83.5 -42.5 0 -81.5 -42.5 0 -78.5
4 23 -42.5 0 -81.5 -44.5 0 -83.5 -41.5 0 -83.5 -39.5 0 -81.5
4 23 -39.5 0 -81.5 -41.5 0 -83.5 -41.5 0 -86.5 -34 0 -94
4 23 -46 0 -74 -39.5 0 -78.5 -34.5 0 -77.5 -34.5 0 -74.5
4 23 -34.5 0 -77.5 -39.5 0 -78.5 -39.5 0 -81.5 -34 0 -94
4 23 -34 0 -94 -41.5 0 -86.5 -44.5 0 -86.5 -46 0 -90
4 23 -34 0 -94 -46 0 -90 -52 0 -90 -55 0 -106
4 23 -77 0 -113 -55 0 -106 -52 0 -90 -52 0 -84
4 23 -47 0 -110 -55 0 -106 -77 0 -113 -49 0 -128
3 23 -36 0 -111 -47 0 -110 -49 0 -128
4 23 -12 0 -107 -36 0 -111 -49 0 -128 -43 0 -134
4 23 2 0 -121 -12 0 -107 -43 0 -134 -25.5 0 -138.5
4 23 -28.5 0 -141.5 -25.5 0 -138.5 -43 0 -134 -38 0 -145
4 23 -28.5 0 -141.5 -38 0 -145 -33 0 -156 -28.5 0 -144.5
3 23 -25.5 0 -141.5 -25.5 0 -138.5 -28.5 0 -141.5
3 23 2 0 -121 -25.5 0 -138.5 -22.5 0 -138.5
4 23 2 0 -121 -22.5 0 -138.5 -22.5 0 -141.5 -17.5 0 -156.5
4 23 6 0 -130 2 0 -121 -17.5 0 -156.5 8 0 -158
4 23 8 0 -158 -17.5 0 -156.5 -17.5 0 -159.5 9 0 -172
3 23 9 0 -172 12 0 -165 8 0 -158
4 23 12 0 -165 9 0 -172 24 0 -178 22 0 -172
4 23 9 0 -172 -17.5 0 -159.5 -20 0 -171 -10 0 -179
4 23 11 0 -180 9 0 -172 -10 0 -179 2 0 -190
4 23 -9 0 -198 2 0 -190 -10 0 -179 -41 0 -214
4 23 -9 0 -198 -41 0 -214 -36 0 -219 -2 0 -203
4 23 -2 0 -203 -36 0 -219 -30 0 -227 -7 0 -213
3 23 -11 0 -220 -7 0 -213 -30 0 -227
4 23 -8 0 -224 -11 0 -220 -30 0 -227 -26 0 -234
3 23 0 0 -232 -8 0 -224 -26 0 -234
4 23 10 0 -214 -7 0 -213 -11 0 -220 10 0 -221
3 23 10 0 -214 10 0 -221 20 0 -211
3 23 -2 0 -203 -7 0 -213 6 0 -206
3 23 -41 0 -214 -10 0 -179 -25 0 -168
4 23 -41 0 -214 -25 0 -168 -32 0 -160 -65 0 -202
4 23 -69 0 -157 -65 0 -202 -32 0 -160 -59.5 0 -147.5
3 23 -59.5 0 -147.5 -62.5 0 -147.5 -69 0 -157
4 23 -69 0 -157 -62.5 0 -147.5 -62.5 0 -144.5 -77 0 -148
4 23 -77 0 -148 -62.5 0 -144.5 -77 0 -113 -84 0 -141
3 23 -77 0 -113 -95 0 -133 -84 0 -141
4 23 -102 0 -129 -95 0 -133 -77 0 -113 -90.5 0 -112.5
3 23 -102 0 -129 -90.5 0 -112.5 -93.5 0 -112.5
4 23 -102 0 -129 -93.5 0 -112.5 -140 0 -97 -142.5 0 -121.5
4 23 -90.5 0 -112.5 -77 0 -113 -85 0 -108 -90.5 0 -109.5
4 23 -90.5 0 -109.5 -85 0 -108 -93 0 -102 -93.5 0 -109.5
4 23 -140 0 -97 -93.5 0 -109.5 -93 0 -102 -101 0 -95
3 23 -140 0 -97 -101 0 -95 -111 0 -86
4 23 -140 0 -97 -111 0 -86 -122 0 -76 -148 0 -91
4 23 -148 0 -91 -122 0 -76 -132 0 -70 -155 0 -88
4 23 -155 0 -88 -132 0 -70 -144 0 -65 -166 0 -85
4 23 -166 0 -85 -144 0 -65 -150 0 -61 -176 0 -83
4 23 -176 0 -83 -150 0 -61 -176 0 -46 -182 0 -76
4 23 -189 0 -71 -182 0 -76 -176 0 -46 -187 0 -44
4 23 -197 0 -67 -189 0 -71 -187 0 -44 -203 0 -40
4 23 -209 0 -64 -197 0 -67 -203 0 -40 -213 0 -37
4 23 -209 0 -64 -213 0 -37 -245 0 -44 -245 0 -54
4 23 -209 0 -64 -245 0 -54 -244 0 -75 -235 0 -77
4 23 -209 0 -64 -235 0 -77 -225 0 -81 -187 0 -74
4 23 -180 0 -80 -187 0 -74 -225 0 -81 -176 0 -84
4 23 -176 0 -84 -225 0 -81 -187 0 -108 -172 0 -118
4 23 -165 0 -86 -176 0 -84 -172 0 -118 -152 0 -90
4 23 -140 0 -97 -152 0 -90 -172 0 -118 -145.5 0 -121.5
3 23 -142.5 0 -121.5 -140 0 -97 -145.5 0 -121.5
4 23 -189 0 -109 -187 0 -108 -225 0 -81 -221 0 -118
4 23 -172 0 -118 -189 0 -109 -221 0 -118 -213 0 -124
3 23 -213 0 -124 -207 0 -128 -172 0 -118
3 23 -172 0 -118 -207 0 -128 -195 0 -136
4 23 -172 0 -118 -195 0 -136 -187 0 -143 -150 0 -143
4 23 -145.5 0 -124.5 -172 0 -118 -150 0 -143 -143.5 0 -133.5
4 23 -143.5 0 -136.5 -143.5 0 -133.5 -150 0 -143 -144 0 -143
3 23 -140.5 0 -136.5 -143.5 0 -136.5 -144 0 -143
4 23 -133 0 -135 -140.5 0 -136.5 -144 0 -143 -126 0 -140
4 23 -116 0 -149 -126 0 -140 -144 0 -143 -108 0 -157
4 23 -103 0 -163 -108 0 -157 -144 0 -143 -144 0 -149
4 23 -142.5 0 -124.5 -145.5 0 -124.5 -143.5 0 -133.5 -140.5 0 -133.5
4 23 -142.5 0 -124.5 -140.5 0 -133.5 -133 0 -135 -142.5 0 -121.5
4 23 -102 0 -129 -142.5 0 -121.5 -133 0 -135 -124 0 -140
3 23 -102 0 -129 -124 0 -140 -112 0 -151
4 23 -102 0 -129 -112 0 -151 -106 0 -157 -91 0 -137
4 23 -91 0 -137 -106 0 -157 -103 0 -163 -91.5 0 -163.5
4 23 -78 0 -148 -91 0 -137 -91.5 0 -163.5 -88.5 0 -163.5
4 23 -84.5 0 -162.5 -78 0 -148 -88.5 0 -163.5 -88.5 0 -166.5
4 23 -84.5 0 -165.5 -84.5 0 -162.5 -88.5 0 -166.5 -86.5 0 -167.5
4 23 -81.5 0 -165.5 -84.5 0 -165.5 -86.5 0 -167.5 -86.5 0 -170.5
4 23 -89.5 0 -167.5 -86.5 0 -167.5 -88.5 0 -166.5 -91.5 0 -166.5
4 23 -89.5 0 -167.5 -91.5 0 -166.5 -98 0 -179 -89.5 0 -170.5
4 23 -98 0 -179 -91.5 0 -166.5 -91.5 0 -163.5 -101 0 -170
3 23 -103 0 -163 -101 0 -170 -91.5 0 -163.5
4 23 -86.5 0 -170.5 -89.5 0 -170.5 -98 0 -179 -92 0 -183
4 23 -86.5 0 -170.5 -92 0 -183 -81 0 -189 -81.5 0 -165.5
4 23 -69 0 -157 -81.5 0 -165.5 -81 0 -189 -74 0 -193
3 23 -69 0 -157 -74 0 -193 -65 0 -202
4 23 -78 0 -148 -84.5 0 -162.5 -81.5 0 -162.5 -69 0 -157
3 23 -81.5 0 -165.5 -69 0 -157 -81.5 0 -162.5
3 23 -133 0 -135 -140.5 0 -133.5 -140.5 0 -136.5
3 23 -172 0 -118 -145.5 0 -124.5 -145.5 0 -121.5
3 23 -150 0 -143 -187 0 -143 -178 0 -152
4 23 -150 0 -143 -178 0 -152 -173 0 -160 -150 0 -149
4 23 -144 0 -149 -150 0 -149 -173 0 -160 -169 0 -165
3 23 -169 0 -165 -165 0 -172 -144 0 -149
4 23 -144 0 -149 -165 0 -172 -162 0 -178 -103 0 -163
4 23 -103 0 -163 -162 0 -178 -118 0 -195 -101 0 -173
3 23 -118 0 -195 -98 0 -179 -101 0 -173
4 23 -89 0 -186 -98 0 -179 -118 0 -195 -110 0 -208
4 23 -78 0 -192 -89 0 -186 -110 0 -208 -99 0 -224
4 23 -70 0 -199 -78 0 -192 -99 0 -224 -90 0 -235
4 23 -63 0 -207 -70 0 -199 -90 0 -235 -81 0 -242
4 23 -53.5 0 -216.5 -63 0 -207 -81 0 -242 -71 0 -252
4 23 -41 0 -214 -63 0 -207 -53.5 0 -216.5 -50.5 0 -216.5
4 23 -41 0 -214 -50.5 0 -216.5 -50.5 0 -219.5 -35 0 -222
4 23 -35 0 -222 -50.5 0 -219.5 -71 0 -252 -61 0 -263
4 23 -27 0 -234 -35 0 -222 -61 0 -263 -53 0 -276
4 23 -24 0 -242 -27 0 -234 -53 0 -276 -22 0 -249
3 23 -19 0 -259 -22 0 -249 -53 0 -276
4 23 -3 0 -293 -19 0 -259 -53 0 -276 -46 0 -289
4 23 -13 0 -298 -3 0 -293 -46 0 -289 -29.5 0 -298.5
3 23 -32.5 0 -298.5 -29.5 0 -298.5 -46 0 -289
4 23 -32.5 0 -298.5 -46 0 -289 -41 0 -308 -32.5 0 -301.5
4 23 -32.5 0 -301.5 -41 0 -308 -29.5 0 -306.5 -29.5 0 -301.5
3 23 -26.5 0 -306.5 -29.5 0 -301.5 -29.5 0 -306.5
4 23 -29.5 0 -298.5 -29.5 0 -301.5 -26.5 0 -306.5 -13 0 -298
4 23 -13 0 -298 -26.5 0 -306.5 -19 0 -308 -13 0 -304
4 23 -19 0 -314 -19 0 -308 -26.5 0 -306.5 -26.5 0 -309.5
4 23 -19 0 -314 -26.5 0 -309.5 -29.5 0 -309.5 -93.5 0 -312.5
4 23 -2.5 0 -317.5 -19 0 -314 -93.5 0 -312.5 -115.5 0 -314.5
3 23 -29.5 0 -309.5 -41 0 -308 -93.5 0 -312.5
3 23 -29.5 0 -306.5 -41 0 -308 -29.5 0 -309.5
4 23 -13 0 -304 -19 0 -308 -13 0 -308 -7 0 -304
4 23 -7 0 -304 -13 0 -308 -13 0 -314 -2.5 0 -314.5
4 23 -2.5 0 -317.5 -2.5 0 -314.5 -13 0 -314 -19 0 -314
4 23 -7 0 -304 -2.5 0 -314.5 -1.5 0 -311.5 -1.5 0 -308.5
4 23 -6.5 0 -303.5 -7 0 -304 -1.5 0 -308.5 -3.5 0 -303.5
4 23 -3.5 0 -300.5 -3.5 0 -303.5 -1.5 0 -308.5 1.5 0 -308.5
4 23 5 0 -301 -3.5 0 -300.5 1.5 0 -308.5 4 0 -306
4 23 4 0 -306 1.5 0 -308.5 1.5 0 -311.5 2.5 0 -316.5
4 23 2.5 0 -316.5 1.5 0 -311.5 0.5 0 -314.5 0.5 0 -317.5
3 23 2.5 0 -316.5 0.5 0 -317.5 2.5 0 -319.5
4 23 2.5 0 -319.5 0.5 0 -317.5 -2.5 0 -317.5 -167.5 0 -320
4 23 0.5 0 -314.5 1.5 0 -311.5 -1.5 0 -311.5 -2.5 0 -314.5
3 23 2.5 0 -316.5 4 0 -316 4 0 -306
4 23 4 0 -316 2.5 0 -316.5 5.5 0 -316.5 14 0 -316
4 23 14 0 -316 5.5 0 -316.5 5.5 0 -319.5 18 0 -320
4 23 18 0 -320 5.5 0 -319.5 2.5 0 -319.5 -167.5 0 -320
4 23 -7 0 -298 -3.5 0 -300.5 5 0 -301 -3 0 -293
3 23 -7 0 -298 -6.5 0 -300.5 -3.5 0 -300.5
4 23 -6.5 0 -303.5 -6.5 0 -300.5 -7 0 -298 -7 0 -304
3 23 -7 0 -298 -3 0 -293 -13 0 -298
3 23 -53.5 0 -219.5 -71 0 -252 -50.5 0 -219.5
3 23 -53.5 0 -216.5 -71 0 -252 -53.5 0 -219.5
3 23 -63 0 -207 -41 0 -214 -65 0 -202
4 23 -118 0 -195 -162 0 -178 -158 0 -192 -153 0 -204
4 23 -118 0 -195 -153 0 -204 -147 0 -208 -135 0 -213
3 23 -135 0 -213 -129 0 -217 -118 0 -195
4 23 -118 0 -195 -129 0 -217 -126 0 -221 -114 0 -203
4 23 -105 0 -217 -114 0 -203 -126 0 -221 -131 0 -235
4 23 -105 0 -217 -131 0 -235 -129 0 -242 -97 0 -228
4 23 -97 0 -228 -129 0 -242 -127 0 -256 -88 0 -238
4 23 -88 0 -238 -127 0 -256 -124 0 -261 -77 0 -247
4 23 -77 0 -247 -124 0 -261 -117 0 -272 -64 0 -261
4 23 -64 0 -261 -117 0 -272 -114 0 -276 -109 0 -282
3 23 -90.5 0 -279.5 -64 0 -261 -109 0 -282
3 23 -87.5 0 -279.5 -64 0 -261 -90.5 0 -279.5
4 23 -64 0 -261 -87.5 0 -279.5 -87.5 0 -282.5 -72.5 0 -284.5
4 23 -72.5 0 -287.5 -72.5 0 -284.5 -87.5 0 -282.5 -75.5 0 -288.5
3 23 -72.5 0 -288.5 -72.5 0 -287.5 -75.5 0 -288.5
4 23 -69.5 0 -287.5 -72.5 0 -287.5 -72.5 0 -289.5 -70.5 0 -293.5
4 23 -47 0 -289 -69.5 0 -287.5 -70.5 0 -293.5 -70.5 0 -296.5
3 23 -70.5 0 -296.5 -45 0 -299 -47 0 -289
4 23 -41 0 -308 -45 0 -299 -70.5 0 -296.5 -93.5 0 -312.5
3 23 -72.5 0 -291.5 -70.5 0 -293.5 -72.5 0 -289.5
4 23 -73.5 0 -293.5 -70.5 0 -293.5 -72.5 0 -291.5 -75.5 0 -291.5
4 23 -73.5 0 -293.5 -75.5 0 -291.5 -95.5 0 -305.5 -73.5 0 -296.5
4 23 -95.5 0 -305.5 -75.5 0 -291.5 -75.5 0 -288.5 -98.5 0 -305.5
4 23 -98.5 0 -305.5 -75.5 0 -288.5 -87.5 0 -282.5 -90.5 0 -282.5
4 23 -98.5 0 -305.5 -90.5 0 -282.5 -90.5 0 -279.5 -104 0 -291
3 23 -90.5 0 -279.5 -109 0 -282 -104 0 -291
4 23 -73.5 0 -296.5 -95.5 0 -305.5 -95.5 0 -308.5 -93.5 0 -309.5
4 23 -70.5 0 -296.5 -73.5 0 -296.5 -93.5 0 -309.5 -93.5 0 -312.5
4 23 -64 0 -261 -72.5 0 -284.5 -69.5 0 -284.5 -59 0 -269
4 23 -50 0 -283 -59 0 -269 -69.5 0 -284.5 -69.5 0 -287.5
3 23 -47 0 -289 -50 0 -283 -69.5 0 -287.5
4 23 -131 0 -235 -126 0 -221 -149 0 -231 -146 0 -240
4 23 -146 0 -240 -149 0 -231 -154 0 -244 -153 0 -248
4 23 -154 0 -244 -149 0 -231 -158 0 -237 -160 0 -244
4 23 -131 0 -235 -146 0 -240 -145 0 -252 -137 0 -257
4 23 -147 0 -261 -137 0 -257 -145 0 -252 -148 0 -257
3 23 -129 0 -249 -131 0 -235 -137 0 -257
4 23 -127 0 -258 -129 0 -249 -137 0 -257 -134 0 -265
4 23 -122 0 -266 -127 0 -258 -134 0 -265 -142 0 -277
4 23 -122 0 -266 -142 0 -277 -129 0 -289 -113 0 -278
3 23 -107 0 -287 -113 0 -278 -129 0 -289
4 23 -104 0 -291 -107 0 -287 -129 0 -289 -123.5 0 -292.5
4 23 -126.5 0 -292.5 -123.5 0 -292.5 -129 0 -289 -144 0 -289
4 23 -126.5 0 -295.5 -126.5 0 -292.5 -144 0 -289 -134 0 -300
4 23 -123.5 0 -295.5 -126.5 0 -295.5 -134 0 -300 -129 0 -307
4 23 -150 0 -308 -129 0 -307 -134 0 -300 -151 0 -305
4 23 -156 0 -308 -150 0 -308 -151 0 -305 -158 0 -302
4 23 -159.5 0 -313.5 -156 0 -308 -158 0 -302 -162.5 0 -313.5
3 23 -167 0 -320 -162.5 0 -313.5 -158 0 -302
3 23 -162.5 0 -316.5 -162.5 0 -313.5 -167 0 -320
4 23 -159.5 0 -316.5 -162.5 0 -316.5 -167 0 -320 -157.5 0 -318.5
4 23 -159.5 0 -316.5 -157.5 0 -318.5 -157.5 0 -315.5 -159.5 0 -313.5
4 23 -156 0 -314 -159.5 0 -313.5 -157.5 0 -315.5 -154.5 0 -315.5
3 23 -150 0 -314 -156 0 -314 -154.5 0 -315.5
4 23 -150 0 -314 -154.5 0 -315.5 -154.5 0 -318.5 -129 0 -313
4 23 -123 0 -313 -129 0 -313 -154.5 0 -318.5 -118.5 0 -314.5
4 23 -123 0 -313 -118.5 0 -314.5 -118.5 0 -311.5 -123.5 0 -295.5
4 23 -123.5 0 -295.5 -118.5 0 -311.5 -115.5 0 -311.5 -123.5 0 -292.5
4 23 -104 0 -291 -123.5 0 -292.5 -115.5 0 -311.5 -98.5 0 -305.5
3 23 -98.5 0 -308.5 -98.5 0 -305.5 -115.5 0 -311.5
4 23 -98.5 0 -308.5 -115.5 0 -311.5 -96.5 0 -309.5 -95.5 0 -308.5
3 23 -95.5 0 -308.5 -96.5 0 -309.5 -93.5 0 -309.5
4 23 -96.5 0 -312.5 -96.5 0 -309.5 -115.5 0 -311.5 -115.5 0 -314.5
3 23 -96.5 0 -312.5 -115.5 0 -314.5 -93.5 0 -312.5
4 23 -150 0 -308 -150 0 -314 -129 0 -313 -129 0 -307
3 23 -159.5 0 -313.5 -156 0 -314 -156 0 -308
3 23 -167 0 -320 -154.5 0 -318.5 -157.5 0 -318.5
4 23 -154.5 0 -318.5 -167 0 -320 -2.5 0 -317.5 -119.5 0 -314.5
3 23 -2.5 0 -317.5 -115.5 0 -314.5 -119.5 0 -314.5
3 23 -151 0 -305 -134 0 -300 -150 0 -296
3 23 -129 0 -307 -123 0 -307 -123.5 0 -295.5
3 23 -137 0 -257 -141 0 -264 -134 0 -265
3 23 -93.5 0 -112.5 -93.5 0 -109.5 -140 0 -97
3 23 -59.5 0 -147.5 -32 0 -160 -36 0 -153
4 23 -59.5 0 -147.5 -36 0 -153 -40 0 -143 -59.5 0 -144.5
4 23 -59.5 0 -144.5 -40 0 -143 -46 0 -132 -49 0 -128
4 23 -59.5 0 -144.5 -49 0 -128 -77 0 -113 -62.5 0 -144.5
3 23 -9 0 -198 7 0 -195 2 0 -190
3 23 15 0 -198 7 0 -195 -9 0 -198
3 23 2 0 -190 14 0 -188 11 0 -180
3 23 24 0 -196 14 0 -188 2 0 -190
4 23 -29 0 -162 -20 0 -171 -17.5 0 -159.5 -21.5 0 -159.5
4 23 -25.5 0 -144.5 -17.5 0 -156.5 -22.5 0 -141.5 -25.5 0 -141.5
4 23 -17.5 0 -156.5 -25.5 0 -144.5 -28.5 0 -144.5 -20.5 0 -156.5
4 23 -20.5 0 -156.5 -28.5 0 -144.5 -33 0 -156 -20.5 0 -159.5
3 23 -29 0 -162 -20.5 0 -159.5 -33 0 -156
3 23 -52 0 -84 -54 0 -76 -77 0 -113
4 23 -34 0 -100 -34 0 -94 -55 0 -106 -36 0 -111
3 23 -28 0 -100 -34 0 -100 -36 0 -111
4 23 -18 0 -97 -28 0 -100 -36 0 -111 -12 0 -107
3 23 -36 0 -74 -46 0 -74 -34.5 0 -74.5
3 23 -52 0 -61 -62 0 -60 -61 0 -61
4 23 -67 0 -61 -61 0 -61 -62 0 -60 -71 0 -55
4 23 -85 0 -64 -67 0 -61 -71 0 -55 -83 0 -51
4 23 -94 0 -58 -85 0 -64 -83 0 -51 -95 0 -48
4 23 -100 0 -56 -94 0 -58 -95 0 -48 -107 0 -44
4 23 -113 0 -56 -100 0 -56 -107 0 -44 -115 0 -37
4 23 -123 0 -45 -113 0 -56 -115 0 -37 -126 0 -41
4 23 -126 0 -41 -115 0 -37 -118 0 -30 -124 0 -29
4 23 -128 0 -39 -126 0 -41 -124 0 -29 -130 0 -29
4 23 -134 0 -37 -128 0 -39 -130 0 -29 -144 0 -32
4 23 -144 0 -32 -130 0 -29 -147 0 -26 -147 0 -32
3 23 -156 0 -26 -147 0 -32 -147 0 -26
4 23 -67 0 -67 -67 0 -61 -85 0 -64 -78 0 -69
4 23 -67 0 -67 -78 0 -69 -72 0 -72 -66 0 -74
3 23 -66 0 -74 -61 0 -67 -67 0 -67
3 23 -49.5 0 -64.5 -49.5 0 -61.5 -52 0 -61
4 23 -33 0 -55 -36 0 -64 -36 0 -74 -34.5 0 -74.5
4 23 -33 0 -55 -34.5 0 -74.5 -31.5 0 -74.5 -26 0 -74
4 23 -26 0 -74 -31.5 0 -74.5 -31.5 0 -77.5 -18 0 -97
3 23 -31.5 0 -77.5 -28 0 -94 -18 0 -97
3 23 -18 0 -97 -28 0 -94 -28 0 -100
4 23 -34 0 -94 -28 0 -94 -31.5 0 -77.5 -34.5 0 -77.5
3 23 -105.5 0 8.5 -105.5 0 5.5 -100 0 3
4 23 -114.5 0 -0.5 -114.5 0 2.5 -120 0 3 -128.5 0 -1.5
4 23 -105.5 0 5.5 -108.5 0 5.5 -109 0 -4 -100 0 3
4 23 -118 0 -30 -118 0 -21 -124 0 -23 -124 0 -29
4 23 -128.5 0 -1.5 -128.5 0 -4.5 -123 0 -7 -114.5 0 -0.5
4 23 -128.5 0 -1.5 -120 0 3 -123 0 3 -133 0 2
3 23 -131.5 0 -1.5 -128.5 0 -1.5 -133 0 2
4 23 -141.5 0 -11.5 -133.5 0 -6.5 -137 0 -6 -143 0 -6
3 23 -144.5 0 -11.5 -141.5 0 -11.5 -143 0 -6
4 23 -133.5 0 -9.5 -133.5 0 -6.5 -141.5 0 -11.5 -141.5 0 -14.5
4 23 -139.5 0 -17.5 -133.5 0 -9.5 -141.5 0 -14.5 -147 0 -26
3 23 -139.5 0 -20.5 -139.5 0 -17.5 -147 0 -26
4 23 -136.5 0 -20.5 -139.5 0 -20.5 -147 0 -26 -130 0 -29
4 23 -136.5 0 -20.5 -130 0 -29 -130 0 -23 -136.5 0 -17.5
3 23 -141.5 0 -14.5 -144.5 0 -14.5 -147 0 -26
4 23 -133.5 0 -9.5 -139.5 0 -17.5 -136.5 0 -17.5 -130.5 0 -9.4
3 23 -130 0 -23 -130.5 0 -9.4 -136.5 0 -17.5
4 23 -197 0 27 -198 0 21 -178 0 18 -194 0 32
3 23 -178 0 18 -179 0 27 -194 0 32
4 23 -194 0 32 -179 0 27 -180 0 38 -191 0 40
4 23 -191 0 40 -180 0 38 -186 0 47 -191 0 50
3 23 -199 0 50 -191 0 40 -191 0 50
3 23 -194 0 32 -191 0 40 -201 0 46
4 23 -180 0 38 -179 0 27 -178 0 36 -180 0 43
4 23 -180 0 43 -178 0 36 -176 0 45 -178 0 47
4 23 -178 0 47 -176 0 45 -171 0 50 -173 0 52
4 23 -165 0 54 -173 0 52 -171 0 50 -165 0 51
4 23 -165 0 54 -165 0 51 -160 0 52 -151 0 54
3 23 -151 0 54 -160 0 52 -152 0 51
4 23 -151 0 54 -152 0 51 -147 0 49 -140 0 49
4 23 -140 0 49 -147 0 49 -139 0 46 -130 0 43
4 23 -130 0 43 -139 0 46 -131 0 41 -121 0 35
3 23 -131 0 41 -124 0 35 -121 0 35
4 23 -116 0 27 -121 0 35 -124 0 35 -119 0 28
4 23 -116 0 21 -116 0 27 -119 0 28 -118 0 20
4 23 -210 0 41 -197 0 27 -194 0 32 -206 0 41
3 23 -198 0 21 -197 0 27 -204 0 31
3 23 -198 0 21 -216 0 37 -203 0 15
3 23 -218 0 20 -215 0 8 -211 0 9
3 23 -228 0 17 -215 0 8 -229 0 34
3 23 -235 0 31 -231 0 11 -228 0 17
3 23 -240 0 9 -231 0 11 -236 0 19
4 23 -320 0 16 -292 0 -2 -306 0 14 -313 0 21
4 23 -295 0 20 -306 0 14 -292 0 -2 -277 0 0
4 23 -286 0 23 -295 0 20 -277 0 0 -275 0 25
3 23 -275 0 25 -277 0 0 -271 0 18
4 23 -275 0 25 -271 0 18 -267 0 28 -270 0 31
4 23 -275 0 25 -270 0 31 -278 0 33 -287 0 25
3 23 -260 0 42 -278 0 33 -270 0 31
3 23 -270 0 31 -267 0 28 -258 0 36
3 23 -254 0 32 -267 0 28 -271 0 18
4 23 -271 0 18 -277 0 0 -256 0 13 -255 0 26
4 23 -256 0 13 -277 0 0 -260 0 1 -245 0 2
4 23 -256 0 13 -245 0 2 -240 0 9 -249 0 22
3 23 -256 0 13 -249 0 22 -248 0 33
3 23 -244 0 23 -249 0 22 -240 0 9
3 23 -242 0 36 -249 0 22 -244 0 23
3 23 -240 0 9 -239 0 27 -244 0 23
4 23 -313 0 21 -306 0 14 -294 0 22 -304 0 33
4 23 -304 0 33 -294 0 22 -287 0 25 -296 0 44
4 23 -289 0 51 -296 0 44 -287 0 25 -283 0 51
4 23 -276 0 44 -283 0 51 -287 0 25 -278 0 33
3 23 -283 0 51 -276 0 44 -271 0 49
3 23 -273 0 42 -276 0 44 -278 0 33
3 23 -278 0 33 -269 0 42 -273 0 42
3 23 -269 0 46 -276 0 44 -273 0 42
3 23 -306 0 -137 -320 0 -167 -306 0 -153
3 23 -232.5 0 -138.5 -229.5 0 -138.5 -232.5 0 -136.5
4 23 -224.5 0 -135.5 -228.5 0 -149.5 -225.5 0 -149.5 -202 0 -132
4 23 -225.5 0 -152.5 -228.5 0 -152.5 -227 0 -170 -216 0 -161
4 23 -225.5 0 -149.5 -225.5 0 -152.5 -216 0 -161 -202 0 -132
4 23 -202 0 -132 -216 0 -161 -211 0 -167 -200 0 -168
3 23 -211 0 -167 -205 0 -180 -200 0 -168
4 23 -189 0 -142 -202 0 -132 -200 0 -168 -181 0 -151
4 23 -173 0 -160 -181 0 -151 -200 0 -168 -183 0 -177
4 23 -165 0 -172 -173 0 -160 -183 0 -177 -165 0 -192
3 23 -165 0 -192 -161 0 -184 -165 0 -172
4 23 -156 0 -199 -161 0 -184 -165 0 -192 -168 0 -211
4 23 -156 0 -199 -168 0 -211 -160 0 -218 -153 0 -204
4 23 -153 0 -204 -160 0 -218 -153 0 -224 -150 0 -207
4 23 -140 0 -212 -150 0 -207 -153 0 -224 -149 0 -231
4 23 -134 0 -214 -140 0 -212 -149 0 -231 -126 0 -221
3 23 -153 0 -224 -168 0 -225 -149 0 -231
3 23 -160 0 -218 -168 0 -211 -173 0 -216
3 23 -175 0 -204 -168 0 -211 -165 0 -192
3 23 -165 0 -192 -183 0 -177 -183 0 -193
3 23 -194 0 -176 -183 0 -177 -200 0 -168
4 23 -191 0 -188 -183 0 -177 -194 0 -176 -195 0 -187
3 23 -216 0 -161 -218 0 -173 -211 0 -167
4 23 -224.5 0 -132.5 -224.5 0 -135.5 -202 0 -132 -217 0 -123
4 23 -236 0 -155 -243 0 -155 -238 0 -163 -236 0 -163
3 16 -290 0 -163 -277 0 -146 -297 0 -161
3 16 -283 0 -165 -277 0 -146 -290 0 -163
3 16 -276 0 -167 -277 0 -146 -283 0 -165
3 16 -269 0 -170 -277 0 -146 -276 0 -167
4 16 -277 0 -146 -269 0 -170 -265 0 -172 -261 0 -171
3 16 -313 0 -166 -320 0 -167 -320 0 -316
4 16 -302 0 -161 -313 0 -166 -320 0 -316 -289 0 -166
4 16 -277 0 -169 -289 0 -166 -320 0 -316 -269 0 -173
4 16 -263 0 -174 -269 0 -173 -320 0 -316 -249 0 -193
4 16 -249 0 -193 -320 0 -316 -237 0 -207 -235 0 -188
4 16 -237 0 -207 -320 0 -316 -224 0 -216 -227 0 -204
4 16 -207 0 -227 -224 0 -216 -320 0 -316 -194 0 -239
4 16 -194 0 -239 -320 0 -316 -185 0 -256 -181 0 -248
3 16 -316 0 -320 -167 0 -320 -171 0 -309
3 16 -171 0 -309 -167 0 -320 -158 0 -302
4 16 -175 0 -292 -316 0 -320 -171 0 -309 -166 0 -293
4 16 -180 0 -279 -316 0 -320 -175 0 -292 -169 0 -281
3 16 -169 0 -281 -175 0 -292 -163 0 -284
3 16 -169 0 -281 -161 0 -274 -180 0 -279
4 16 -180 0 -279 -169 0 -267 -183 0 -266 -316 0 -320
4 16 -185 0 -256 -183 0 -266 -173 0 -258 -176 0 -255
3 16 -194 0 -239 -181 0 -248 -179 0 -238
3 16 -196 0 -228 -207 0 -227 -194 0 -239
3 16 -194 0 -216 -207 0 -227 -196 0 -228
3 16 -224 0 -216 -207 0 -227 -202 0 -208
4 16 -227 0 -204 -224 0 -216 -215 0 -200 -219 0 -197
3 16 -194 0 -239 -187 0 -225 -196 0 -228
4 16 -316 0 -320 -183 0 -266 -185 0 -256 -316 0 -316
3 16 -320 0 -316 -316 0 -316 -185 0 -256
4 16 -263 0 -174 -249 0 -193 -252 0 -174 -257 0 -172
4 16 -252 0 -167 -257 0 -172 -252 0 -174 -239 0 -168
4 16 -247 0 -162 -252 0 -167 -239 0 -168 -238 0 -163
3 16 -247 0 -162 -238 0 -163 -243 0 -155
3 16 -249 0 -193 -236 0 -181 -252 0 -174
4 16 -277 0 -146 -261 0 -171 -256 0 -169 -252 0 -163
4 16 -277 0 -146 -252 0 -163 -249 0 -160 -246 0 -156
4 16 -277 0 -146 -246 0 -156 -245 0 -151 -246 0 -138
4 16 -277 0 -146 -246 0 -138 -251 0 -133 -258 0 -130
4 16 -277 0 -146 -258 0 -130 -264 0 -126 -270 0 -125
3 16 -277 0 -124 -277 0 -146 -270 0 -125
4 16 -299 0 -102 -306 0 -102 -292 0 -105 -286 0 -105
4 16 -286 0 -105 -292 0 -105 -276 0 -110 -271 0 -110
4 16 -271 0 -110 -276 0 -110 -265 0 -115 -260 0 -116
4 16 -213 0 -124 -221 0 -118 -217 0 -123 -207 0 -129
4 16 -207 0 -128 -213 0 -124 -207 0 -129 -202 0 -132
4 16 -195 0 -136 -207 0 -128 -202 0 -132 -189 0 -142
3 16 -187 0 -143 -195 0 -136 -189 0 -142
4 16 -187 0 -143 -189 0 -142 -181 0 -151 -178 0 -152
3 16 -173 0 -160 -178 0 -152 -181 0 -151
3 16 -165 0 -172 -169 0 -165 -173 0 -160
4 16 -162 0 -178 -165 0 -172 -161 0 -184 -158 0 -192
3 16 -161 0 -184 -156 0 -199 -158 0 -192
3 16 -158 0 -192 -156 0 -199 -153 0 -204
3 16 -153 0 -204 -150 0 -207 -147 0 -208
4 16 -147 0 -208 -150 0 -207 -140 0 -212 -135 0 -213
3 16 -134 0 -214 -135 0 -213 -140 0 -212
4 16 -129 0 -217 -135 0 -213 -134 0 -214 -126 0 -221
4 16 -129 0 -242 -131 0 -235 -129 0 -250 -127 0 -256
4 16 -110 0 -208 -118 0 -195 -114 0 -203 -105 0 -217
4 16 -99 0 -224 -110 0 -208 -105 0 -217 -97 0 -228
4 16 -90 0 -235 -99 0 -224 -97 0 -228 -88 0 -238
4 16 -81 0 -242 -90 0 -235 -88 0 -238 -77 0 -247
4 16 -71 0 -252 -81 0 -242 -77 0 -247 -64 0 -261
3 16 -61 0 -263 -71 0 -252 -64 0 -261
4 16 -61 0 -263 -64 0 -261 -59 0 -269 -53 0 -276
4 16 -53 0 -276 -59 0 -269 -50 0 -283 -46 0 -289
3 16 -47 0 -289 -46 0 -289 -50 0 -283
4 16 -46 0 -289 -47 0 -289 -45 0 -299 -41 0 -308
3 16 7 0 -301 -3 0 -293 5 0 -301
3 16 25 0 -306 18 0 -294 20 0 -299
4 16 -3 0 -228 -11 0 -220 -8 0 -224 0 0 -232
4 23 10 0 -221 -11 0 -220 -3 0 -228 4 0 -234
4 16 -36 0 -219 -41 0 -214 -35 0 -222 -30 0 -227
3 16 -133 0 -135 -126 0 -140 -124 0 -140
4 16 -124 0 -140 -126 0 -140 -116 0 -149 -112 0 -151
4 16 -95 0 -133 -102 0 -129 -91 0 -137 -84 0 -141
3 16 -46 0 -132 -43 0 -134 -49 0 -128
4 16 -43 0 -134 -46 0 -132 -40 0 -143 -38 0 -145
3 16 -47 0 -110 -36 0 -111 -55 0 -106
4 16 -94 0 -58 -100 0 -56 -97 0 -58 -90 0 -62
4 16 -144 0 -32 -147 0 -32 -138 0 -36 -134 0 -37
4 16 -138 0 -66 -150 0 -61 -144 0 -65 -132 0 -70
4 16 -123 0 -74 -138 0 -66 -132 0 -70 -122 0 -76
4 16 -112 0 -84 -123 0 -74 -122 0 -76 -111 0 -86
4 16 -101 0 -94 -112 0 -84 -111 0 -86 -101 0 -95
4 16 -91 0 -102 -101 0 -94 -101 0 -95 -93 0 -102
4 16 -84 0 -108 -91 0 -102 -93 0 -102 -85 0 -108
3 16 -189 0 -109 -172 0 -118 -187 0 -108
4 16 -152 0 -90 -140 0 -97 -148 0 -91 -155 0 -88
4 16 -165 0 -86 -152 0 -90 -155 0 -88 -166 0 -85
4 16 -305 0 -57 -309 0 -54 -309 0 -55 -301 0 -61
3 16 -293 0 -29 -300 0 -29 -286 0 -31
3 16 -286 0 -31 -279 0 -32 -293 0 -29
4 16 -277 0 0 -292 0 -2 -282 0 -2 -260 0 1
4 16 -198 0 4 -217 0 3 -221 0 2 -201 0 3
3 16 -245 0 -18 -249 0 -17 -254 0 -18
3 16 -239 0 -18 -249 0 -17 -245 0 -18
3 16 -294 0 22 -306 0 14 -295 0 20
4 16 -294 0 22 -295 0 20 -286 0 23 -287 0 25
3 16 -287 0 25 -286 0 23 -275 0 25
3 16 -245 0 -18 -234 0 -21 -239 0 -18
4 16 -227 0 -23 -239 0 -18 -234 0 -21 -222 0 -27
4 16 -214 0 -34 -222 0 -27 -213 0 -37 -212 0 -36
4 16 -212 0 -36 -213 0 -37 -203 0 -40 -201 0 -39
4 16 -201 0 -39 -203 0 -40 -187 0 -44 -176 0 -46
4 16 -195 0 3 -198 0 4 -201 0 3 -191 0 0
3 16 -190 0 0 -195 0 3 -191 0 0
4 16 -190 0 0 -191 0 0 -185 0 -6 -181 0 -8
4 16 -181 0 -8 -185 0 -6 -177 0 -14 -174 0 -16
4 16 -174 0 -16 -177 0 -14 -171 0 -20 -169 0 -20
4 16 -169 0 -20 -171 0 -20 -164 0 -24 -163 0 -23
4 16 -163 0 -23 -164 0 -24 -156 0 -26 -147 0 -26
3 16 -282 0 -2 -245 0 2 -260 0 1
4 16 -299 0 -61 -305 0 -57 -301 0 -61 -295 0 -66
4 16 -291 0 -68 -299 0 -61 -295 0 -66 -288 0 -72
4 16 -283 0 -74 -291 0 -68 -288 0 -72 -283 0 -75
4 16 -275 0 -75 -283 0 -74 -283 0 -75 -277 0 -76
4 16 -275 0 -75 -277 0 -76 -267 0 -76 -257 0 -74
4 16 -251 0 -75 -257 0 -74 -267 0 -76 -250 0 -76
4 16 -244 0 -75 -251 0 -75 -250 0 -76 -240 0 -77
4 16 -235 0 -77 -244 0 -75 -240 0 -77 -225 0 -81
4 16 -176 0 -84 -165 0 -86 -166 0 -85 -176 0 -83
4 16 -180 0 -80 -176 0 -84 -176 0 -83 -182 0 -76
3 16 -182 0 -76 -188 0 -72 -180 0 -80
3 16 -189 0 -71 -188 0 -72 -182 0 -76
4 16 -197 0 -67 -209 0 -64 -187 0 -74 -189 0 -71
3 16 -180 0 -80 -189 0 -71 -187 0 -74
3 16 -77 0 -113 -84 0 -108 -85 0 -108
4 16 -134 0 -37 -138 0 -36 -132 0 -39 -128 0 -39
4 16 -128 0 -39 -132 0 -39 -127 0 -41 -126 0 -41
4 16 -126 0 -41 -127 0 -41 -124 0 -46 -123 0 -45
3 16 -124 0 -46 -113 0 -56 -123 0 -45
4 16 -85 0 -64 -94 0 -58 -90 0 -62 -83 0 -67
4 16 -78 0 -69 -85 0 -64 -83 0 -67 -77 0 -71
4 16 -72 0 -72 -78 0 -69 -77 0 -71 -72 0 -74
4 16 -66 0 -74 -72 0 -72 -72 0 -74 -63 0 -76
3 16 -66 0 -74 -63 0 -76 -54 0 -76
4 16 -38 0 -145 -40 0 -143 -36 0 -153 -33 0 -156
4 16 -33 0 -156 -36 0 -153 -32 0 -160 -29 0 -162
4 16 -25 0 -168 -20 0 -171 -29 0 -162 -32 0 -160
3 16 -25 0 -168 -10 0 -179 -20 0 -171
4 16 -84 0 -141 -91 0 -137 -78 0 -148 -77 0 -148
3 16 -78 0 -148 -69 0 -157 -77 0 -148
4 16 -112 0 -151 -116 0 -149 -108 0 -157 -106 0 -157
3 16 -108 0 -157 -103 0 -163 -106 0 -157
3 16 -101 0 -170 -103 0 -163 -101 0 -173
3 16 -101 0 -173 -98 0 -179 -101 0 -170
3 16 -92 0 -183 -98 0 -179 -89 0 -186
4 16 -81 0 -189 -92 0 -183 -89 0 -186 -78 0 -192
4 16 -74 0 -193 -81 0 -189 -78 0 -192 -70 0 -199
4 16 -65 0 -202 -74 0 -193 -70 0 -199 -63 0 -207
4 16 -30 0 -227 -35 0 -222 -27 0 -234 -26 0 -234
4 16 -26 0 -234 -27 0 -234 -24 0 -242 -22 0 -244
4 16 -22 0 -244 -24 0 -242 -22 0 -249 -20 0 -251
3 16 -20 0 -251 -22 0 -249 -19 0 -259
4 16 4 0 -234 -3 0 -228 0 0 -232 4 0 -236
4 23 4 0 -236 0 0 -232 -26 0 -234 -22 0 -244
4 23 5 0 -240 4 0 -236 -22 0 -244 -20 0 -251
4 23 5 0 -247 5 0 -240 -20 0 -251 -19 0 -259
3 23 7 0 -250 5 0 -247 -19 0 -259
4 23 16 0 -259 7 0 -250 -19 0 -259 22 0 -278
4 16 6 0 -238 4 0 -234 4 0 -236 5 0 -240
4 23 18 0 -229 4 0 -234 6 0 -238 17 0 -241
4 23 17 0 -241 6 0 -238 6 0 -243 7 0 -247
4 23 17 0 -241 7 0 -247 12 0 -253 21 0 -249
4 23 21 0 -249 12 0 -253 16 0 -259 36 0 -252
4 23 34 0 -258 36 0 -252 16 0 -259 28 0 -264
3 23 16 0 -259 24 0 -271 28 0 -264
3 23 22 0 -278 24 0 -271 16 0 -259
4 23 22 0 -278 -19 0 -259 -3 0 -293 18 0 -294
4 23 18 0 -294 -3 0 -293 7 0 -301 20 0 -299
4 23 20 0 -299 7 0 -301 14 0 -306 25 0 -306
4 23 14 0 -306 7 0 -301 5 0 -301 4 0 -306
4 23 25 0 -306 14 0 -306 18 0 -320 32 0 -310
3 23 18 0 -320 14 0 -306 14 0 -316
3 23 22 0 -278 18 0 -294 22 0 -289
3 23 22 0 -289 18 0 -294 23 0 -296
4 23 36 0 -252 34 0 -258 40 0 -255 40 0 -249
4 23 40 0 -249 40 0 -255 52 0 -255 49 0 -243
4 23 57 0 -243 49 0 -243 52 0 -255 57 0 -249
4 23 57 0 -249 52 0 -255 60 0 -257 61 0 -255
4 23 61 0 -255 60 0 -257 66 0 -260 67 0 -258
4 23 72 0 -264 67 0 -258 66 0 -260 70 0 -266
4 23 74 0 -271 72 0 -264 70 0 -266 72 0 -272
4 23 74 0 -271 72 0 -272 74 0 -277 79 0 -281
4 23 79 0 -281 74 0 -277 77 0 -282 80 0 -285
4 23 80 0 -285 77 0 -282 77 0 -286 79 0 -290
3 23 77 0 -286 76 0 -290 79 0 -290
4 23 79 0 -290 76 0 -290 73 0 -295 71 0 -300
3 23 73 0 -295 68 0 -299 71 0 -300
4 23 71 0 -300 68 0 -299 62 0 -302 62 0 -304
4 23 62 0 -304 62 0 -302 57 0 -304 50 0 -309
3 23 57 0 -304 52 0 -307 50 0 -309
3 23 50 0 -309 52 0 -307 47 0 -308
4 23 32 0 -310 50 0 -309 47 0 -308 36 0 -308
4 23 32 0 -310 36 0 -308 31 0 -306 25 0 -306
3 23 31 0 -306 27 0 -302 25 0 -306
4 23 25 0 -306 27 0 -302 23 0 -296 18 0 -294
3 23 42 0 -244 40 0 -249 49 0 -243
3 23 49 0 -243 44 0 -227 42 0 -244
4 23 28 0 -235 21 0 -249 36 0 -252 35 0 -231
3 23 28 0 -235 35 0 -231 33 0 -228
4 23 10 0 -221 4 0 -234 18 0 -229 24 0 -216
4 16 6 0 -238 5 0 -240 5 0 -247 6 0 -243
4 16 7 0 -247 6 0 -243 5 0 -247 7 0 -250
4 16 12 0 -253 7 0 -247 7 0 -250 14 0 -257
3 16 12 0 -253 14 0 -257 16 0 -259
3 16 -127 0 -256 -129 0 -250 -127 0 -258
4 16 -124 0 -261 -127 0 -256 -127 0 -258 -122 0 -266
3 16 -117 0 -272 -124 0 -261 -122 0 -266
4 16 -117 0 -272 -122 0 -266 -113 0 -278 -114 0 -276
4 16 -109 0 -282 -114 0 -276 -113 0 -278 -107 0 -287
3 16 -107 0 -287 -104 0 -291 -109 0 -282
3 16 -265 0 -115 -255 0 -120 -260 0 -116
4 2 -227 0 -170 -236 0 -181 -218 0 -173 -216 0 -161
3 2 -205 0 -180 -211 0 -167 -218 0 -173
4 2 -205 0 -180 -218 0 -173 -236 0 -181 -235 0 -188
4 2 -205 0 -180 -235 0 -188 -237 0 -207 -219 0 -197
3 2 -219 0 -197 -237 0 -207 -227 0 -204
4 2 -205 0 -180 -219 0 -197 -215 0 -200 -195 0 -187
4 2 -191 0 -188 -195 0 -187 -215 0 -200 -202 0 -208
4 2 -191 0 -188 -202 0 -208 -183 0 -193 -183 0 -177
4 2 -175 0 -204 -165 0 -192 -183 0 -193 -202 0 -208
3 2 -202 0 -208 -194 0 -216 -175 0 -204
3 2 -207 0 -227 -194 0 -216 -202 0 -208
4 2 -194 0 -216 -196 0 -228 -187 0 -225 -175 0 -204
4 2 -175 0 -204 -187 0 -225 -173 0 -216 -168 0 -211
4 2 -168 0 -225 -173 0 -216 -187 0 -225 -179 0 -238
4 2 -158 0 -237 -168 0 -225 -179 0 -238 -181 0 -248
4 2 -160 0 -244 -158 0 -237 -181 0 -248 -176 0 -255
4 2 -154 0 -244 -160 0 -244 -176 0 -255 -173 0 -258
4 2 -153 0 -248 -154 0 -244 -173 0 -258 -169 0 -267
4 2 -148 0 -257 -153 0 -248 -169 0 -267 -161 0 -274
3 2 -147 0 -261 -148 0 -257 -161 0 -274
4 2 -141 0 -264 -147 0 -261 -161 0 -274 -142 0 -277
4 2 -142 0 -277 -161 0 -274 -163 0 -284 -144 0 -289
4 2 -150 0 -296 -144 0 -289 -163 0 -284 -166 0 -293
4 2 -158 0 -302 -150 0 -296 -166 0 -293 -171 0 -309
3 2 -150 0 -296 -158 0 -302 -151 0 -305
3 2 -166 0 -293 -163 0 -284 -175 0 -292
3 2 -150 0 -296 -134 0 -300 -144 0 -289
3 2 -144 0 -289 -129 0 -289 -142 0 -277
3 2 -169 0 -281 -163 0 -284 -161 0 -274
3 2 -134 0 -265 -141 0 -264 -142 0 -277
3 2 -147 0 -261 -141 0 -264 -137 0 -257
3 2 -169 0 -267 -180 0 -279 -161 0 -274
4 2 -153 0 -248 -148 0 -257 -145 0 -252 -146 0 -240
3 2 -169 0 -267 -173 0 -258 -183 0 -266
3 2 -181 0 -248 -185 0 -256 -176 0 -255
3 2 -158 0 -237 -149 0 -231 -168 0 -225
3 2 -194 0 -239 -179 0 -238 -187 0 -225
4 2 -160 0 -218 -173 0 -216 -168 0 -225 -153 0 -224
3 2 -202 0 -208 -215 0 -200 -224 0 -216
4 2 -205 0 -180 -195 0 -187 -194 0 -176 -200 0 -168
3 2 -235 0 -188 -236 0 -181 -249 0 -193
3 2 -96 0 28 -105 0 34 -102 0 18
3 16 -102 0 18 -105 0 34 -109 0 20
4 16 -116 0 21 -109 0 20 -105 0 34 -116 0 27
3 16 -116 0 27 -105 0 34 -121 0 35
4 16 -130 0 43 -121 0 35 -105 0 34 -94 0 51
3 16 -130 0 43 -94 0 51 -140 0 49
3 16 -96 0 28 -94 0 51 -105 0 34
4 16 -151 0 54 -140 0 49 -94 0 51 -179 0 76
4 16 -165 0 54 -151 0 54 -179 0 76 -180 0 59
3 16 -180 0 59 -179 0 76 -181 0 69
4 16 -186 0 61 -180 0 59 -181 0 69 -191 0 65
3 16 -180 0 59 -186 0 61 -194 0 61
3 16 -181 0 69 -179 0 76 -185 0 70
3 16 -165 0 54 -180 0 59 -173 0 52
3 16 -173 0 52 -180 0 59 -178 0 47
4 16 -180 0 43 -178 0 47 -180 0 59 -186 0 47
3 16 -180 0 43 -186 0 47 -180 0 38
3 16 -190 0 55 -186 0 47 -180 0 59
4 2 -85 0 27 -96 0 28 -102 0 18 -95 0 14
4 2 -85 0 27 -95 0 14 -86 0 14 -70 0 39
4 2 -51 0 19 -70 0 39 -86 0 14 -70 0 7
3 2 -58 0 5 -51 0 19 -70 0 7
4 16 -74 0 -24 -79 0 6 -91 0 6 -100 0 3
4 16 -74 0 -24 -100 0 3 -109 0 -4 -115 0 -12
4 16 -148 0 26 -165 0 51 -171 0 50 -176 0 45
4 16 -148 0 26 -176 0 45 -178 0 36 -179 0 27
4 16 -148 0 26 -179 0 27 -178 0 18 -170 0 11
4 16 -148 0 26 -170 0 11 -158 0 6 -144 0 3
4 16 -148 0 26 -144 0 3 -133 0 2 -122 0 3
4 16 -148 0 26 -122 0 3 -120 0 3 -118 0 9
4 16 -148 0 26 -118 0 9 -118 0 20 -119 0 28
4 16 -148 0 26 -119 0 28 -124 0 35 -131 0 41
4 16 -148 0 26 -131 0 41 -139 0 46 -147 0 49
4 16 -148 0 26 -147 0 49 -152 0 51 -160 0 52
3 16 -148 0 26 -160 0 52 -165 0 51
4 16 -74 0 -24 -115 0 -12 -118 0 -21 -118 0 -30
4 16 -74 0 -24 -118 0 -30 -115 0 -37 -107 0 -44
4 16 -74 0 -24 -107 0 -44 -95 0 -48 -83 0 -51
3 16 -74 0 -24 -83 0 -51 -71 0 -55
4 16 -74 0 -24 -71 0 -55 -62 0 -60 -52 0 -61
4 16 -74 0 -24 -52 0 -61 -45 0 -58 -38 0 -52
4 16 -74 0 -24 -38 0 -52 -37 0 -41 -36 0 -28
4 16 -74 0 -24 -36 0 -28 -33 0 -20 -32 0 -11
4 16 -74 0 -24 -32 0 -11 -35 0 -5 -43 0 -5
3 16 -43 0 -5 -50 0 -2 -74 0 -24
4 16 -74 0 -24 -50 0 -2 -57 0 2 -68 0 4
3 16 -74 0 -24 -68 0 4 -79 0 6
4 2 -51 0 19 -58 0 5 -45 0 -2 -28 0 20
4 2 -12 0 27 -28 0 20 -45 0 -2 -34 0 -3
4 2 -6 0 18 -12 0 27 -34 0 -3 0 0 -2
4 2 0 0 -2 -34 0 -3 -29 0 -8 12 0 -23
3 2 -29 0 -8 -29 0 -17 12 0 -23
4 2 12 0 -23 -29 0 -17 -33 0 -28 16 0 -39
4 2 16 0 -39 -33 0 -28 -34 0 -47 16 0 -47
4 2 16 0 -47 -34 0 -47 -33 0 -55 -26 0 -74
4 2 16 0 -47 -26 0 -74 -2 0 -74 11 0 -68
4 2 -11 0 -92 -2 0 -74 -26 0 -74 -18 0 -97
3 2 -11 0 -92 -18 0 -97 -12 0 -107
3 2 1 0 -112 -2 0 -74 -11 0 -92
4 2 52 0 -184 47 0 -169 44 0 -180 44 0 -227
4 2 60 0 -169 52 0 -184 68 0 -170 67 0 -159
4 2 75 0 -167 68 0 -170 75 0 -182 80 0 -169
4 2 82 0 -180 75 0 -182 68 0 -198 88 0 -182
4 2 68 0 -198 70 0 -203 87 0 -198 81 0 -196
4 2 79 0 -205 70 0 -203 71 0 -215 97 0 -222
4 2 71 0 -215 66 0 -221 81 0 -230 79 0 -223
4 2 68 0 -227 66 0 -221 60 0 -240 68 0 -249
4 2 49 0 -243 57 0 -243 60 0 -240 44 0 -227
4 2 42 0 -244 44 0 -227 35 0 -231 40 0 -249
4 16 48 0 -286 52 0 -255 40 0 -255 34 0 -258
4 16 48 0 -286 34 0 -258 28 0 -264 24 0 -271
4 16 48 0 -286 24 0 -271 22 0 -278 22 0 -289
4 16 48 0 -286 22 0 -289 23 0 -296 27 0 -302
4 16 48 0 -286 27 0 -302 31 0 -306 36 0 -308
4 16 48 0 -286 36 0 -308 47 0 -308 52 0 -307
4 16 32 0 -310 18 0 -320 316 0 -320 50 0 -309
3 16 50 0 -309 316 0 -320 62 0 -304
3 16 62 0 -304 316 0 -320 71 0 -300
3 16 71 0 -300 316 0 -320 79 0 -290
3 16 79 0 -290 316 0 -320 80 0 -285
3 16 80 0 -285 316 0 -320 79 0 -281
4 16 74 0 -271 79 0 -281 316 0 -320 72 0 -264
4 16 67 0 -258 72 0 -264 316 0 -320 68 0 -249
4 16 61 0 -255 67 0 -258 68 0 -249 57 0 -249
4 16 57 0 -249 68 0 -249 60 0 -240 57 0 -243
4 16 81 0 -230 68 0 -227 68 0 -249 316 0 -320
3 16 68 0 -227 81 0 -230 66 0 -221
3 16 79 0 -223 81 0 -230 97 0 -222
3 16 97 0 -222 71 0 -215 79 0 -223
4 16 105 0 -221 97 0 -222 81 0 -230 316 0 -320
4 16 105 0 -221 316 0 -320 316 0 320 104 0 -216
4 16 87 0 -198 104 0 -216 316 0 320 88 0 -182
3 16 79 0 -205 104 0 -216 87 0 -198
3 16 88 0 -182 81 0 -196 87 0 -198
3 16 68 0 -198 81 0 -196 88 0 -182
4 16 80 0 -169 82 0 -180 88 0 -182 316 0 320
3 16 75 0 -182 82 0 -180 80 0 -169
4 16 67 0 -159 68 0 -170 75 0 -167 316 0 320
3 16 87 0 -198 70 0 -203 79 0 -205
3 16 316 0 320 75 0 -167 80 0 -169
4 16 51 0 -66 67 0 -159 316 0 320 50 0 -37
4 16 35 0 -8 50 0 -37 316 0 320 22 0 33
4 16 22 0 33 316 0 320 -7 0 54 0 0 28
4 16 -46 0 54 -7 0 54 316 0 320 -316 0 320
4 16 -197 0 106 -46 0 54 -316 0 320 -316 0 316
4 16 -197 0 106 -316 0 316 -320 0 316 -238 0 119
4 16 -256 0 113 -320 0 316 -266 0 109 -257 0 103
4 16 -248 0 116 -320 0 316 -256 0 113 -251 0 104
4 16 -238 0 119 -320 0 316 -248 0 116 -241 0 107
3 16 -266 0 109 -320 0 316 -272 0 104
4 16 -272 0 104 -320 0 316 -320 0 16 -291 0 65
4 16 67 0 -159 51 0 -66 33 0 -150 47 0 -170
3 16 67 0 -159 47 0 -170 60 0 -169
3 16 60 0 -169 47 0 -170 52 0 -184
4 16 47 0 -170 33 0 -150 37 0 -167 44 0 -180
4 16 24 0 -81 33 0 -150 51 0 -66 39 0 -67
3 16 35 0 -53 51 0 -66 50 0 -37
4 16 21 0 -64 24 0 -81 39 0 -67 24 0 -61
4 16 6 0 -130 33 0 -150 24 0 -81 15 0 -93
3 16 24 0 -81 11 0 -68 15 0 -93
3 16 52 0 -307 57 0 -304 48 0 -286
4 16 48 0 -286 57 0 -304 62 0 -302 68 0 -299
4 16 48 0 -286 68 0 -299 73 0 -295 76 0 -290
4 16 48 0 -286 76 0 -290 77 0 -286 77 0 -282
3 16 48 0 -286 77 0 -282 74 0 -277
3 16 74 0 -277 72 0 -272 48 0 -286
4 16 48 0 -286 72 0 -272 70 0 -266 66 0 -260
4 16 48 0 -286 66 0 -260 60 0 -257 52 0 -255
3 2 40 0 -249 35 0 -231 36 0 -252
3 2 33 0 -228 35 0 -231 44 0 -227
4 2 18 0 -229 28 0 -235 33 0 -228 24 0 -216
3 2 20 0 -211 10 0 -221 24 0 -216
4 2 20 0 -211 6 0 -206 -7 0 -213 10 0 -214
4 2 15 0 -198 6 0 -206 20 0 -211 24 0 -196
4 2 15 0 -198 24 0 -196 2 0 -190 7 0 -195
4 2 14 0 -188 24 0 -196 34 0 -182 11 0 -180
3 2 11 0 -180 34 0 -182 24 0 -178
4 2 22 0 -172 24 0 -178 34 0 -182 35 0 -180
4 16 22 0 -172 35 0 -180 30 0 -169 12 0 -165
4 16 8 0 -158 12 0 -165 30 0 -169 33 0 -150
4 16 7 0 -145 8 0 -158 33 0 -150 6 0 -130
4 16 1 0 -112 2 0 -121 6 0 -130 15 0 -93
3 16 1 0 -112 15 0 -93 9 0 -93
3 16 9 0 -93 -2 0 -74 1 0 -112
4 16 -12 0 -107 2 0 -121 1 0 -112 -11 0 -92
4 2 44 0 -180 35 0 -180 34 0 -182 44 0 -227
4 2 44 0 -227 34 0 -182 24 0 -196 20 0 -211
3 2 44 0 -227 20 0 -211 24 0 -216
3 2 24 0 -216 33 0 -228 44 0 -227
4 2 52 0 -184 44 0 -227 68 0 -198 68 0 -170
3 2 68 0 -198 75 0 -182 68 0 -170
4 2 68 0 -198 44 0 -227 66 0 -221 71 0 -215
3 2 71 0 -215 70 0 -203 68 0 -198
3 2 60 0 -240 66 0 -221 44 0 -227
4 2 30 0 -169 35 0 -180 44 0 -180 37 0 -167
3 2 33 0 -150 30 0 -169 37 0 -167
3 2 24 0 -178 9 0 -172 11 0 -180
4 2 6 0 -206 15 0 -198 -9 0 -198 -2 0 -203
4 2 28 0 -235 18 0 -229 17 0 -241 21 0 -249
4 2 104 0 -216 79 0 -205 97 0 -222 105 0 -221
4 2 11 0 -68 -2 0 -74 9 0 -93 15 0 -93
4 2 21 0 -64 16 0 -47 11 0 -68 24 0 -81
3 2 16 0 -47 21 0 -64 24 0 -61
4 2 35 0 -53 16 0 -47 24 0 -61 39 0 -67
3 2 51 0 -66 35 0 -53 39 0 -67
3 2 16 0 -47 35 0 -53 50 0 -37
3 2 12 0 -23 16 0 -39 40 0 -29
3 16 40 0 -29 35 0 -8 12 0 -23
3 16 50 0 -37 35 0 -8 40 0 -29
4 16 16 0 -47 50 0 -37 40 0 -29 16 0 -39
4 2 0 0 -2 12 0 -23 22 0 -7 23 0 2
3 2 12 0 -23 35 0 -8 22 0 -7
4 2 -6 0 18 0 0 -2 18 0 18 22 0 33
4 16 22 0 33 18 0 18 23 0 2 35 0 -8
3 16 23 0 2 22 0 -7 35 0 -8
3 16 18 0 18 0 0 -2 23 0 2
3 2 0 0 28 -12 0 27 -6 0 18
4 2 -47 0 28 -51 0 19 -28 0 20 -33 0 36
4 2 -46 0 54 -47 0 28 -33 0 36 -37 0 49
4 16 -47 0 28 -46 0 54 -66 0 58 -51 0 19
4 16 -46 0 54 -37 0 49 -20 0 49 -7 0 54
3 16 -33 0 36 -20 0 49 -37 0 49
4 2 -20 0 49 -33 0 36 -28 0 20 -7 0 54
3 16 -12 0 27 -7 0 54 -28 0 20
3 16 0 0 28 -7 0 54 -12 0 27
3 16 0 0 28 -6 0 18 22 0 33
3 2 -70 0 39 -51 0 19 -66 0 58
4 2 -84 0 48 -85 0 27 -70 0 39 -78 0 56
3 2 -96 0 28 -85 0 27 -94 0 51
4 2 -251 0 104 -256 0 113 -254 0 101 -251 0 93
4 2 -247 0 106 -251 0 104 -251 0 93 -240 0 91
3 2 -241 0 107 -240 0 91 -235 0 96
4 2 -235 0 96 -240 0 91 -226 0 89 -228 0 101
4 2 -226 0 89 -240 0 91 -258 0 83 -199 0 50
4 2 -199 0 50 -258 0 83 -260 0 42 -242 0 36
4 2 -199 0 50 -242 0 36 -229 0 34 -210 0 41
4 2 -199 0 50 -210 0 41 -206 0 41 -201 0 46
3 2 -229 0 34 -216 0 37 -210 0 41
3 2 -217 0 30 -216 0 37 -229 0 34
3 2 -229 0 34 -218 0 20 -217 0 30
4 2 -260 0 42 -258 0 83 -263 0 82 -268 0 79
3 2 -268 0 79 -268 0 74 -260 0 42
4 2 -260 0 42 -268 0 74 -275 0 74 -277 0 70
3 2 -260 0 42 -277 0 70 -276 0 65
4 2 -260 0 42 -276 0 65 -276 0 62 -274 0 55
4 2 -260 0 42 -274 0 55 -271 0 49 -269 0 46
3 2 -269 0 46 -269 0 42 -260 0 42
4 2 -274 0 55 -276 0 62 -282 0 60 -286 0 58
4 2 -226 0 89 -199 0 50 -208 0 83 -211 0 88
4 2 -226 0 89 -211 0 88 -215 0 91 -220 0 92
4 2 -208 0 83 -199 0 50 -196 0 69 -200 0 78
3 2 -208 0 83 -200 0 78 -199 0 82
3 2 -198 0 75 -200 0 78 -196 0 69
3 2 -196 0 69 -199 0 50 -194 0 61
3 2 -194 0 61 -191 0 65 -196 0 69
4 2 -233 0 107 -235 0 96 -228 0 101 -228 0 114
3 2 -233 0 107 -238 0 119 -235 0 96
3 16 -228 0 114 -238 0 119 -233 0 107
3 16 -212 0 110 -238 0 119 -228 0 114
4 16 -219 0 102 -212 0 110 -228 0 114 -224 0 102
3 16 -226 0 89 -219 0 102 -224 0 102
3 16 -228 0 114 -228 0 101 -224 0 102
3 16 -212 0 110 -219 0 102 -220 0 92
3 16 -197 0 106 -238 0 119 -212 0 110
3 16 -212 0 110 -203 0 106 -197 0 106
3 16 -213 0 99 -203 0 106 -212 0 110
3 2 -224 0 102 -228 0 101 -226 0 89
3 2 -226 0 89 -220 0 92 -219 0 102
3 2 -215 0 91 -211 0 88 -198 0 99
3 2 -198 0 93 -211 0 88 -208 0 83
4 2 -197 0 88 -208 0 83 -199 0 82 -190 0 91
3 2 -195 0 83 -199 0 82 -200 0 78
3 2 -200 0 78 -198 0 75 -192 0 80
4 16 -192 0 80 -198 0 75 -192 0 74 -179 0 76
3 16 -196 0 69 -179 0 76 -192 0 74
3 2 -192 0 74 -198 0 75 -196 0 69
4 2 -196 0 69 -191 0 65 -185 0 70 -179 0 76
3 2 -186 0 61 -191 0 65 -194 0 61
4 2 -190 0 55 -194 0 61 -199 0 50 -191 0 50
3 2 -191 0 40 -199 0 50 -201 0 46
3 2 -201 0 46 -206 0 41 -194 0 32
3 2 -210 0 41 -204 0 31 -197 0 27
3 2 -216 0 37 -204 0 31 -210 0 41
3 2 -198 0 21 -204 0 31 -216 0 37
4 2 -216 0 37 -217 0 31 -211 0 19 -203 0 15
3 2 -211 0 9 -217 0 31 -218 0 20
3 2 -218 0 20 -229 0 34 -215 0 8
3 2 -228 0 17 -229 0 34 -235 0 31
3 2 -235 0 31 -229 0 34 -242 0 36
4 2 -235 0 31 -242 0 36 -239 0 27 -236 0 19
3 2 -236 0 19 -239 0 27 -240 0 9
3 2 -244 0 23 -239 0 27 -242 0 36
3 2 -242 0 36 -248 0 33 -249 0 22
4 2 -248 0 33 -242 0 36 -260 0 42 -254 0 32
4 2 -248 0 33 -254 0 32 -255 0 26 -256 0 13
3 2 -260 0 42 -258 0 36 -254 0 32
3 2 -255 0 26 -254 0 32 -271 0 18
3 2 -267 0 28 -254 0 32 -258 0 36
3 2 -258 0 36 -260 0 42 -270 0 31
3 2 -278 0 33 -260 0 42 -269 0 42
3 2 -269 0 42 -269 0 46 -273 0 42
3 2 -276 0 44 -269 0 46 -271 0 49
3 2 -271 0 49 -274 0 55 -279 0 52
4 16 -283 0 51 -271 0 49 -279 0 52 -291 0 53
3 16 -289 0 51 -283 0 51 -291 0 53
3 16 -291 0 53 -296 0 44 -289 0 51
4 16 -291 0 65 -304 0 33 -296 0 44 -291 0 53
4 16 -288 0 61 -291 0 65 -291 0 53 -286 0 58
4 16 -283 0 63 -291 0 65 -288 0 61 -282 0 60
4 16 -276 0 65 -291 0 65 -283 0 63 -276 0 62
4 16 -313 0 21 -304 0 33 -291 0 65 -320 0 16
3 16 -279 0 52 -274 0 55 -291 0 53
3 2 -286 0 58 -291 0 53 -274 0 55
3 2 -286 0 58 -282 0 60 -288 0 61
3 2 -283 0 63 -282 0 60 -276 0 62
3 2 -276 0 65 -277 0 70 -291 0 65
3 2 -284 0 77 -277 0 70 -275 0 74
3 16 -291 0 65 -277 0 70 -284 0 77
3 16 -284 0 77 -282 0 82 -291 0 65
4 16 -282 0 82 -284 0 77 -275 0 74 -268 0 74
3 16 -291 0 65 -282 0 82 -272 0 104
4 2 -282 0 82 -268 0 74 -268 0 79 -274 0 82
3 16 -274 0 82 -275 0 92 -282 0 82
3 16 -282 0 82 -275 0 92 -272 0 104
3 16 -272 0 104 -275 0 92 -271 0 94
4 16 -271 0 94 -275 0 92 -263 0 82 -258 0 83
3 16 -271 0 94 -264 0 92 -272 0 104
3 16 -268 0 79 -275 0 92 -274 0 82
3 2 -275 0 92 -268 0 79 -263 0 82
3 2 -271 0 94 -258 0 83 -264 0 92
4 2 -251 0 93 -264 0 92 -258 0 83 -240 0 91
4 2 -264 0 92 -251 0 93 -262 0 99 -272 0 104
3 16 -272 0 104 -262 0 99 -266 0 109
3 16 -256 0 113 -257 0 103 -254 0 101
3 16 -254 0 101 -257 0 103 -251 0 93
4 2 -262 0 99 -251 0 93 -257 0 103 -266 0 109
3 2 -236 0 19 -231 0 11 -235 0 31
3 2 -191 0 50 -186 0 47 -190 0 55
3 2 -190 0 55 -180 0 59 -194 0 61
3 2 -185 0 70 -191 0 65 -181 0 69
4 2 -213 0 99 -220 0 92 -215 0 91 -203 0 106
3 2 -197 0 106 -203 0 106 -215 0 91
3 16 -215 0 91 -198 0 99 -197 0 106
3 16 -198 0 93 -198 0 99 -211 0 88
3 16 -208 0 83 -190 0 91 -198 0 93
4 16 -198 0 99 -198 0 93 -190 0 91 -197 0 106
4 16 -46 0 54 -197 0 106 -190 0 91 -66 0 58
4 16 -190 0 91 -192 0 80 -179 0 76 -94 0 51
4 16 -78 0 56 -190 0 91 -94 0 51 -84 0 48
3 16 -78 0 56 -70 0 39 -66 0 58
3 16 -85 0 27 -84 0 48 -94 0 51
3 16 -66 0 58 -190 0 91 -78 0 56
3 16 -192 0 80 -190 0 91 -195 0 83
3 16 -195 0 83 -200 0 78 -192 0 80
3 16 -195 0 83 -190 0 91 -199 0 82
3 2 -212 0 110 -220 0 92 -213 0 99
3 2 -248 0 116 -251 0 104 -247 0 106
3 16 -235 0 96 -238 0 119 -241 0 107
4 16 -241 0 107 -248 0 116 -247 0 106 -240 0 91
1 16 -250 0 -49 1 0 0 0 1 0 0 0 1 4-4ring4.dat
1 23 -250 0 -49 4 0 0 0 1 0 0 0 4 4-4disc.dat
1 23 -250 0 -49 5 0 0 0 1 0 0 0 5 4-4ndis.dat
1 16 -234 0 -147 1 0 0 0 1 0 0 0 1 4-4ring4.dat
1 23 -234 0 -147 4 0 0 0 1 0 0 0 4 4-4disc.dat
1 23 -234 0 -147 5 0 0 0 1 0 0 0 5 4-4ndis.dat
1 16 -41 0 -69 1 0 0 0 1 0 0 0 1 4-4ring4.dat
1 23 -41 0 -69 4 0 0 0 1 0 0 0 4 4-4disc.dat
1 23 -41 0 -69 5 0 0 0 1 0 0 0 5 4-4ndis.dat
1 16 9 0 -311 1 0 0 0 1 0 0 0 1 4-4ring4.dat
1 23 9 0 -311 4 0 0 0 1 0 0 0 4 4-4disc.dat
1 23 9 0 -311 5 0 0 0 1 0 0 0 5 4-4ndis.dat
1 16 -16 0 -311 1 0 0 0 1 0 0 0 1 4-4ring2.dat
1 23 -16 0 -311 2 0 0 0 1 0 0 0 2 4-4disc.dat
1 23 -16 0 -311 3 0 0 0 1 0 0 0 3 4-4ndis.dat
1 16 -10 0 -301 1 0 0 0 1 0 0 0 1 4-4ring2.dat
1 23 -10 0 -301 2 0 0 0 1 0 0 0 2 4-4disc.dat
1 23 -10 0 -301 3 0 0 0 1 0 0 0 3 4-4ndis.dat
1 16 -126 0 -310 1 0 0 0 1 0 0 0 1 4-4ring2.dat
1 23 -126 0 -310 2 0 0 0 1 0 0 0 2 4-4disc.dat
1 23 -126 0 -310 3 0 0 0 1 0 0 0 3 4-4ndis.dat
1 16 -153 0 -311 1 0 0 0 1 0 0 0 1 4-4ring2.dat
1 23 -153 0 -311 2 0 0 0 1 0 0 0 2 4-4disc.dat
1 23 -153 0 -311 3 0 0 0 1 0 0 0 3 4-4ndis.dat
1 16 -147 0 -146 1 0 0 0 1 0 0 0 1 4-4ring2.dat
1 23 -147 0 -146 2 0 0 0 1 0 0 0 2 4-4disc.dat
1 23 -147 0 -146 3 0 0 0 1 0 0 0 3 4-4ndis.dat
1 16 -31 0 -97 1 0 0 0 1 0 0 0 1 4-4ring2.dat
1 23 -31 0 -97 2 0 0 0 1 0 0 0 2 4-4disc.dat
1 23 -31 0 -97 3 0 0 0 1 0 0 0 3 4-4ndis.dat
1 16 -49 0 -87 1 0 0 0 1 0 0 0 1 4-4ring2.dat
1 23 -49 0 -87 2 0 0 0 1 0 0 0 2 4-4disc.dat
1 23 -49 0 -87 3 0 0 0 1 0 0 0 3 4-4ndis.dat
1 16 -64 0 -64 1 0 0 0 1 0 0 0 1 4-4ring2.dat
1 23 -64 0 -64 2 0 0 0 1 0 0 0 2 4-4disc.dat
1 23 -64 0 -64 3 0 0 0 1 0 0 0 3 4-4ndis.dat
1 16 -127 0 -26 1 0 0 0 1 0 0 0 1 4-4ring2.dat
1 23 -127 0 -26 2 0 0 0 1 0 0 0 2 4-4disc.dat
1 23 -127 0 -26 3 0 0 0 1 0 0 0 3 4-4ndis.dat
1 16 -126 0 -10 1 0 0 0 1 0 0 0 1 4-4ring2.dat
1 23 -126 0 -10 2 0 0 0 1 0 0 0 2 4-4disc.dat
1 23 -126 0 -10 3 0 0 0 1 0 0 0 3 4-4ndis.dat
1 16 -140 0 -3 1 0 0 0 1 0 0 0 1 4-4ring2.dat
1 23 -140 0 -3 2 0 0 0 1 0 0 0 2 4-4disc.dat
1 23 -140 0 -3 3 0 0 0 1 0 0 0 3 4-4ndis.dat
1 16 -243 0 -124 1 0 0 0 1 0 0 0 1 4-4ring2.dat
1 23 -243 0 -124 2 0 0 0 1 0 0 0 2 4-4disc.dat
1 23 -243 0 -124 3 0 0 0 1 0 0 0 3 4-4ndis.dat
1 16 -226 0 -134 0.5 0 0 0 1 0 0 0 0.5 4-4ring2.dat
1 23 -226 0 -134 1 0 0 0 1 0 0 0 1 4-4disc.dat
1 23 -226 0 -134 1.5 0 0 0 1 0 0 0 1.5 4-4ndis.dat
1 16 -239 0 -138 0.5 0 0 0 1 0 0 0 0.5 4-4ring2.dat
1 23 -239 0 -138 1 0 0 0 1 0 0 0 1 4-4disc.dat
1 23 -239 0 -138 1.5 0 0 0 1 0 0 0 1.5 4-4ndis.dat
1 16 -234 0 -138 0.5 0 0 0 1 0 0 0 0.5 4-4ring2.dat
1 23 -234 0 -138 1 0 0 0 1 0 0 0 1 4-4disc.dat
1 23 -234 0 -138 1.5 0 0 0 1 0 0 0 1.5 4-4ndis.dat
1 16 -231 0 -140 0.5 0 0 0 1 0 0 0 0.5 4-4ring2.dat
1 23 -231 0 -140 1 0 0 0 1 0 0 0 1 4-4disc.dat
1 23 -231 0 -140 1.5 0 0 0 1 0 0 0 1.5 4-4ndis.dat
1 16 -241 0 -143 0.5 0 0 0 1 0 0 0 0.5 4-4ring2.dat
1 23 -241 0 -143 1 0 0 0 1 0 0 0 1 4-4disc.dat
1 23 -241 0 -143 1.5 0 0 0 1 0 0 0 1.5 4-4ndis.dat
1 16 -227 0 -151 0.5 0 0 0 1 0 0 0 0.5 4-4ring2.dat
1 23 -227 0 -151 1 0 0 0 1 0 0 0 1 4-4disc.dat
1 23 -227 0 -151 1.5 0 0 0 1 0 0 0 1.5 4-4ndis.dat
1 16 -248 0 -59 0.5 0 0 0 1 0 0 0 0.5 4-4ring2.dat
1 23 -248 0 -59 1 0 0 0 1 0 0 0 1 4-4disc.dat
1 23 -248 0 -59 1.5 0 0 0 1 0 0 0 1.5 4-4ndis.dat
1 16 -256 0 -63 0.5 0 0 0 1 0 0 0 0.5 4-4ring2.dat
1 23 -256 0 -63 1 0 0 0 1 0 0 0 1 4-4disc.dat
1 23 -256 0 -63 1.5 0 0 0 1 0 0 0 1.5 4-4ndis.dat
1 16 -144 0 -123 0.5 0 0 0 1 0 0 0 0.5 4-4ring2.dat
1 23 -144 0 -123 1 0 0 0 1 0 0 0 1 4-4disc.dat
1 23 -144 0 -123 1.5 0 0 0 1 0 0 0 1.5 4-4ndis.dat
1 16 -142 0 -135 0.5 0 0 0 1 0 0 0 0.5 4-4ring2.dat
1 23 -142 0 -135 1 0 0 0 1 0 0 0 1 4-4disc.dat
1 23 -142 0 -135 1.5 0 0 0 1 0 0 0 1.5 4-4ndis.dat
1 16 -92 0 -111 0.5 0 0 0 1 0 0 0 0.5 4-4ring2.dat
1 23 -92 0 -111 1 0 0 0 1 0 0 0 1 4-4disc.dat
1 23 -92 0 -111 1.5 0 0 0 1 0 0 0 1.5 4-4ndis.dat
1 16 -88 0 -169 0.5 0 0 0 1 0 0 0 0.5 4-4ring2.dat
1 23 -88 0 -169 1 0 0 0 1 0 0 0 1 4-4disc.dat
1 23 -88 0 -169 1.5 0 0 0 1 0 0 0 1.5 4-4ndis.dat
1 16 -90 0 -165 0.5 0 0 0 1 0 0 0 0.5 4-4ring2.dat
1 23 -90 0 -165 1 0 0 0 1 0 0 0 1 4-4disc.dat
1 23 -90 0 -165 1.5 0 0 0 1 0 0 0 1.5 4-4ndis.dat
1 16 -83 0 -164 0.5 0 0 0 1 0 0 0 0.5 4-4ring2.dat
1 23 -83 0 -164 1 0 0 0 1 0 0 0 1 4-4disc.dat
1 23 -83 0 -164 1.5 0 0 0 1 0 0 0 1.5 4-4ndis.dat
1 16 -19 0 -158 0.5 0 0 0 1 0 0 0 0.5 4-4ring2.dat
1 23 -19 0 -158 1 0 0 0 1 0 0 0 1 4-4disc.dat
1 23 -19 0 -158 1.5 0 0 0 1 0 0 0 1.5 4-4ndis.dat
1 16 -24 0 -140 0.5 0 0 0 1 0 0 0 0.5 4-4ring2.dat
1 23 -24 0 -140 1 0 0 0 1 0 0 0 1 4-4disc.dat
1 23 -24 0 -140 1.5 0 0 0 1 0 0 0 1.5 4-4ndis.dat
1 16 -27 0 -143 0.5 0 0 0 1 0 0 0 0.5 4-4ring2.dat
1 23 -27 0 -143 1 0 0 0 1 0 0 0 1 4-4disc.dat
1 23 -27 0 -143 1.5 0 0 0 1 0 0 0 1.5 4-4ndis.dat
1 16 -61 0 -146 0.5 0 0 0 1 0 0 0 0.5 4-4ring2.dat
1 23 -61 0 -146 1 0 0 0 1 0 0 0 1 4-4disc.dat
1 23 -61 0 -146 1.5 0 0 0 1 0 0 0 1.5 4-4ndis.dat
1 16 -52 0 -218 0.5 0 0 0 1 0 0 0 0.5 4-4ring2.dat
1 23 -52 0 -218 1 0 0 0 1 0 0 0 1 4-4disc.dat
1 23 -52 0 -218 1.5 0 0 0 1 0 0 0 1.5 4-4ndis.dat
1 16 -89 0 -281 0.5 0 0 0 1 0 0 0 0.5 4-4ring2.dat
1 23 -89 0 -281 1 0 0 0 1 0 0 0 1 4-4disc.dat
1 23 -89 0 -281 1.5 0 0 0 1 0 0 0 1.5 4-4ndis.dat
1 16 -71 0 -286 0.5 0 0 0 1 0 0 0 0.5 4-4ring2.dat
1 23 -71 0 -286 1 0 0 0 1 0 0 0 1 4-4disc.dat
1 23 -71 0 -286 1.5 0 0 0 1 0 0 0 1.5 4-4ndis.dat
1 16 -74 0 -290 0.5 0 0 0 1 0 0 0 0.5 4-4ring2.dat
1 23 -74 0 -290 1 0 0 0 1 0 0 0 1 4-4disc.dat
1 23 -74 0 -290 1.5 0 0 0 1 0 0 0 1.5 4-4ndis.dat
1 16 -72 0 -295 0.5 0 0 0 1 0 0 0 0.5 4-4ring2.dat
1 23 -72 0 -295 1 0 0 0 1 0 0 0 1 4-4disc.dat
1 23 -72 0 -295 1.5 0 0 0 1 0 0 0 1.5 4-4ndis.dat
1 16 -31 0 -300 0.5 0 0 0 1 0 0 0 0.5 4-4ring2.dat
1 23 -31 0 -300 1 0 0 0 1 0 0 0 1 4-4disc.dat
1 23 -31 0 -300 1.5 0 0 0 1 0 0 0 1.5 4-4ndis.dat
1 16 -28 0 -308 0.5 0 0 0 1 0 0 0 0.5 4-4ring2.dat
1 23 -28 0 -308 1 0 0 0 1 0 0 0 1 4-4disc.dat
1 23 -28 0 -308 1.5 0 0 0 1 0 0 0 1.5 4-4ndis.dat
1 16 -5 0 -302 0.5 0 0 0 1 0 0 0 0.5 4-4ring2.dat
1 23 -5 0 -302 1 0 0 0 1 0 0 0 1 4-4disc.dat
1 23 -5 0 -302 1.5 0 0 0 1 0 0 0 1.5 4-4ndis.dat
1 16 0 0 -310 0.5 0 0 0 1 0 0 0 0.5 4-4ring2.dat
1 23 0 0 -310 1 0 0 0 1 0 0 0 1 4-4disc.dat
1 23 0 0 -310 1.5 0 0 0 1 0 0 0 1.5 4-4ndis.dat
1 16 -1 0 -316 0.5 0 0 0 1 0 0 0 0.5 4-4ring2.dat
1 23 -1 0 -316 1 0 0 0 1 0 0 0 1 4-4disc.dat
1 23 -1 0 -316 1.5 0 0 0 1 0 0 0 1.5 4-4ndis.dat
1 16 4 0 -318 0.5 0 0 0 1 0 0 0 0.5 4-4ring2.dat
1 23 4 0 -318 1 0 0 0 1 0 0 0 1 4-4disc.dat
1 23 4 0 -318 1.5 0 0 0 1 0 0 0 1.5 4-4ndis.dat
1 16 -117 0 -313 0.5 0 0 0 1 0 0 0 0.5 4-4ring2.dat
1 23 -117 0 -313 1 0 0 0 1 0 0 0 1 4-4disc.dat
1 23 -117 0 -313 1.5 0 0 0 1 0 0 0 1.5 4-4ndis.dat
1 16 -95 0 -311 0.5 0 0 0 1 0 0 0 0.5 4-4ring2.dat
1 23 -95 0 -311 1 0 0 0 1 0 0 0 1 4-4disc.dat
1 23 -95 0 -311 1.5 0 0 0 1 0 0 0 1.5 4-4ndis.dat
1 16 -97 0 -307 0.5 0 0 0 1 0 0 0 0.5 4-4ring2.dat
1 23 -97 0 -307 1 0 0 0 1 0 0 0 1 4-4disc.dat
1 23 -97 0 -307 1.5 0 0 0 1 0 0 0 1.5 4-4ndis.dat
1 16 -125 0 -294 0.5 0 0 0 1 0 0 0 0.5 4-4ring2.dat
1 23 -125 0 -294 1 0 0 0 1 0 0 0 1 4-4disc.dat
1 23 -125 0 -294 1.5 0 0 0 1 0 0 0 1.5 4-4ndis.dat
1 16 -161 0 -315 0.5 0 0 0 1 0 0 0 0.5 4-4ring2.dat
1 23 -161 0 -315 1 0 0 0 1 0 0 0 1 4-4disc.dat
1 23 -161 0 -315 1.5 0 0 0 1 0 0 0 1.5 4-4ndis.dat
1 16 -156 0 -317 0.5 0 0 0 1 0 0 0 0.5 4-4ring2.dat
1 23 -156 0 -317 1 0 0 0 1 0 0 0 1 4-4disc.dat
1 23 -156 0 -317 1.5 0 0 0 1 0 0 0 1.5 4-4ndis.dat
1 16 -54 0 -68 0.5 0 0 0 1 0 0 0 0.5 4-4ring2.dat
1 23 -54 0 -68 1 0 0 0 1 0 0 0 1 4-4disc.dat
1 23 -54 0 -68 1.5 0 0 0 1 0 0 0 1.5 4-4ndis.dat
1 16 -48 0 -63 0.5 0 0 0 1 0 0 0 0.5 4-4ring2.dat
1 23 -48 0 -63 1 0 0 0 1 0 0 0 1 4-4disc.dat
1 23 -48 0 -63 1.5 0 0 0 1 0 0 0 1.5 4-4ndis.dat
1 16 -47 0 -79 0.5 0 0 0 1 0 0 0 0.5 4-4ring2.dat
1 23 -47 0 -79 1 0 0 0 1 0 0 0 1 4-4disc.dat
1 23 -47 0 -79 1.5 0 0 0 1 0 0 0 1.5 4-4ndis.dat
1 16 -41 0 -80 0.5 0 0 0 1 0 0 0 0.5 4-4ring2.dat
1 23 -41 0 -80 1 0 0 0 1 0 0 0 1 4-4disc.dat
1 23 -41 0 -80 1.5 0 0 0 1 0 0 0 1.5 4-4ndis.dat
1 16 -43 0 -85 0.5 0 0 0 1 0 0 0 0.5 4-4ring2.dat
1 23 -43 0 -85 1 0 0 0 1 0 0 0 1 4-4disc.dat
1 23 -43 0 -85 1.5 0 0 0 1 0 0 0 1.5 4-4ndis.dat
1 16 -33 0 -76 0.5 0 0 0 1 0 0 0 0.5 4-4ring2.dat
1 23 -33 0 -76 1 0 0 0 1 0 0 0 1 4-4disc.dat
1 23 -33 0 -76 1.5 0 0 0 1 0 0 0 1.5 4-4ndis.dat
1 16 -143 0 -13 0.5 0 0 0 1 0 0 0 0.5 4-4ring2.dat
1 23 -143 0 -13 1 0 0 0 1 0 0 0 1 4-4disc.dat
1 23 -143 0 -13 1.5 0 0 0 1 0 0 0 1.5 4-4ndis.dat
1 16 -138 0 -19 0.5 0 0 0 1 0 0 0 0.5 4-4ring2.dat
1 23 -138 0 -19 1 0 0 0 1 0 0 0 1 4-4disc.dat
1 23 -138 0 -19 1.5 0 0 0 1 0 0 0 1.5 4-4ndis.dat
1 16 -132 0 -8 0.5 0 0 0 1 0 0 0 0.5 4-4ring2.dat
1 23 -132 0 -8 1 0 0 0 1 0 0 0 1 4-4disc.dat
1 23 -132 0 -8 1.5 0 0 0 1 0 0 0 1.5 4-4ndis.dat
1 16 -130 0 -3 0.5 0 0 0 1 0 0 0 0.5 4-4ring2.dat
1 23 -130 0 -3 1 0 0 0 1 0 0 0 1 4-4disc.dat
1 23 -130 0 -3 1.5 0 0 0 1 0 0 0 1.5 4-4ndis.dat
1 16 -113 0 1 0.5 0 0 0 1 0 0 0 0.5 4-4ring2.dat
1 23 -113 0 1 1 0 0 0 1 0 0 0 1 4-4disc.dat
1 23 -113 0 1 1.5 0 0 0 1 0 0 0 1.5 4-4ndis.dat
1 16 -113 0 6 0.5 0 0 0 1 0 0 0 0.5 4-4ring2.dat
1 23 -113 0 6 1 0 0 0 1 0 0 0 1 4-4disc.dat
1 23 -113 0 6 1.5 0 0 0 1 0 0 0 1.5 4-4ndis.dat
1 16 -107 0 7 0.5 0 0 0 1 0 0 0 0.5 4-4ring2.dat
1 23 -107 0 7 1 0 0 0 1 0 0 0 1 4-4disc.dat
1 23 -107 0 7 1.5 0 0 0 1 0 0 0 1.5 4-4ndis.dat
1 16 316 0 316 4 0 0 0 1 0 0 0 4 1-4disc.dat
1 16 316 0 -316 0 0 4 0 1 0 -4 0 0 1-4disc.dat
1 16 -316 0 -316 -4 0 0 0 1 0 0 0 -4 1-4disc.dat
1 16 -316 0 316 0 0 -4 0 1 0 4 0 0 1-4disc.dat
4 16 316 0 -316 320 0 -316 320 0 316 316 0 316

0 FILE 3857p02.dat
0 Baseplate 16 x 32 with Square Corners with River and Set 6071 Dots Pattern
0 Name: 3857p02.dat
0 Author: Marc Giraudet [Mad_Marc]
0 !LDRAW_ORG Part UPDATE 2020-01
0 !LICENSE Licensed under CC BY 4.0 : see CAreadme.txt

0 BFC CERTIFY CCW

0 !KEYWORDS BrickLink 3857pb02, Rebrickable 3857pr0001, Set 6071

0 !HISTORY 2020-06-28 [PTadmin] Official Update 2020-01


1 16 0 0 0 1 0 0 0 1 0 0 0 1 s/3857s01.dat

0 // White dots
1 16 210 0 150 1 0 0 0 1 0 0 0 1 studp01.dat
1 16 230 0 150 1 0 0 0 1 0 0 0 1 studp01.dat
1 16 -230 0 110 1 0 0 0 1 0 0 0 1 studp01.dat
1 16 -210 0 110 1 0 0 0 1 0 0 0 1 studp01.dat
1 16 -190 0 110 1 0 0 0 1 0 0 0 1 studp01.dat
1 16 -170 0 110 1 0 0 0 1 0 0 0 1 studp01.dat
1 16 -150 0 110 1 0 0 0 1 0 0 0 1 studp01.dat
1 16 -130 0 110 1 0 0 0 1 0 0 0 1 studp01.dat
1 16 150 0 110 1 0 0 0 1 0 0 0 1 studp01.dat
1 16 170 0 110 1 0 0 0 1 0 0 0 1 studp01.dat
1 16 190 0 110 1 0 0 0 1 0 0 0 1 studp01.dat
1 16 210 0 110 1 0 0 0 1 0 0 0 1 studp01.dat
1 16 230 0 110 1 0 0 0 1 0 0 0 1 studp01.dat
1 16 250 0 110 1 0 0 0 1 0 0 0 1 studp01.dat
1 16 270 0 110 1 0 0 0 1 0 0 0 1 studp01.dat
1 16 290 0 110 1 0 0 0 1 0 0 0 1 studp01.dat
1 16 -250 0 90 1 0 0 0 1 0 0 0 1 studp01.dat
1 16 -250 0 70 1 0 0 0 1 0 0 0 1 studp01.dat
1 16 -250 0 50 1 0 0 0 1 0 0 0 1 studp01.dat
1 16 -250 0 30 1 0 0 0 1 0 0 0 1 studp01.dat
1 16 -250 0 10 1 0 0 0 1 0 0 0 1 studp01.dat
1 16 -70 0 10 1 0 0 0 1 0 0 0 1 studp01.dat
1 16 -50 0 10 1 0 0 0 1 0 0 0 1 studp01.dat
1 16 150 0 10 1 0 0 0 1 0 0 0 1 studp01.dat
1 16 170 0 10 1 0 0 0 1 0 0 0 1 studp01.dat
1 16 190 0 10 1 0 0 0 1 0 0 0 1 studp01.dat
1 16 210 0 10 1 0 0 0 1 0 0 0 1 studp01.dat
1 16 230 0 10 1 0 0 0 1 0 0 0 1 studp01.dat
1 16 250 0 10 1 0 0 0 1 0 0 0 1 studp01.dat
1 16 270 0 10 1 0 0 0 1 0 0 0 1 studp01.dat
1 16 290 0 10 1 0 0 0 1 0 0 0 1 studp01.dat
1 16 -250 0 -10 1 0 0 0 1 0 0 0 1 studp01.dat
1 16 -150 0 -10 1 0 0 0 1 0 0 0 1 studp01.dat
1 16 -70 0 -10 1 0 0 0 1 0 0 0 1 studp01.dat
1 16 -50 0 -10 1 0 0 0 1 0 0 0 1 studp01.dat
1 16 -230 0 -30 1 0 0 0 1 0 0 0 1 studp01.dat
1 16 -210 0 -30 1 0 0 0 1 0 0 0 1 studp01.dat
1 16 -190 0 -30 1 0 0 0 1 0 0 0 1 studp01.dat
1 16 -170 0 -30 1 0 0 0 1 0 0 0 1 studp01.dat
1 16 -150 0 -30 1 0 0 0 1 0 0 0 1 studp01.dat
1 16 210 0 -30 1 0 0 0 1 0 0 0 1 studp01.dat
1 16 230 0 -30 1 0 0 0 1 0 0 0 1 studp01.dat
1 16 210 0 -50 1 0 0 0 1 0 0 0 1 studp01.dat
1 16 230 0 -50 1 0 0 0 1 0 0 0 1 studp01.dat
1 18 -70 0 90 1 0 0 0 1 0 0 0 1 studp01.dat
1 18 -50 0 90 1 0 0 0 1 0 0 0 1 studp01.dat

0 // Yellow area
1 18 -100 0 150 1 0 0 0 1 0 0 0 1 stug-1x2.dat
1 18 110 0 150 1 0 0 0 1 0 0 0 1 stud.dat
1 18 90 0 140 1 0 0 0 1 0 0 0 1 stug-2x1.dat
1 18 -90 0 130 1 0 0 0 1 0 0 0 1 stud.dat
1 18 -80 0 110 1 0 0 0 1 0 0 0 1 stug-1x2.dat
1 18 80 0 100 1 0 0 0 1 0 0 0 1 stug-2x2.dat
1 18 -30 0 90 1 0 0 0 1 0 0 0 1 stud.dat
1 18 -40 0 70 1 0 0 0 1 0 0 0 1 stug-1x2.dat
1 18 100 0 70 1 0 0 0 1 0 0 0 1 stug-1x2.dat
1 18 10 0 40 1 0 0 0 1 0 0 0 1 stug-4x1.dat
1 18 -10 0 30 1 0 0 0 1 0 0 0 1 stug-5x1.dat
1 18 110 0 20 1 0 0 0 1 0 0 0 1 stug-4x1.dat
1 18 -30 0 -10 1 0 0 0 1 0 0 0 1 stug-3x1.dat
1 18 90 0 -20 1 0 0 0 1 0 0 0 1 stug-2x1.dat
1 18 70 0 -50 1 0 0 0 1 0 0 0 1 stug-3x1.dat
1 18 -50 0 -60 1 0 0 0 1 0 0 0 1 stug-4x1.dat
1 18 -270 0 -70 1 0 0 0 1 0 0 0 1 stug-1x3.dat
1 18 90 0 -80 1 0 0 0 1 0 0 0 1 stug-2x1.dat
1 18 120 0 -80 1 0 0 0 1 0 0 0 1 stug-2x2.dat
1 18 -290 0 -90 1 0 0 0 1 0 0 0 1 stud.dat
1 18 -30 0 -90 1 0 0 0 1 0 0 0 1 stug-3x1.dat
1 18 170 0 -90 1 0 0 0 1 0 0 0 1 stug-1x3.dat
1 18 -230 0 -110 1 0 0 0 1 0 0 0 1 stug-3x1.dat
1 18 190 0 -110 1 0 0 0 1 0 0 0 1 stug-1x3.dat
1 18 -290 0 -130 1 0 0 0 1 0 0 0 1 stud.dat
1 18 -10 0 -130 1 0 0 0 1 0 0 0 1 stug-3x1.dat
1 18 10 0 -130 1 0 0 0 1 0 0 0 1 stug-3x1.dat
1 18 200 0 -130 1 0 0 0 1 0 0 0 1 stug-1x2.dat
1 18 -260 0 -150 1 0 0 0 1 0 0 0 1 stug-1x2.dat
1 18 210 0 -150 1 0 0 0 1 0 0 0 1 stud.dat

0 // Blue area
1 1 -70 0 140 1 0 0 0 1 0 0 0 1 stug-2x1.dat
1 1 -40 0 140 1 0 0 0 1 0 0 0 1 stug-2x2.dat
1 1 70 0 140 1 0 0 0 1 0 0 0 1 stug-2x1.dat
1 1 20 0 120 1 0 0 0 1 0 0 0 1 stug-4x4.dat
1 1 -40 0 110 1 0 0 0 1 0 0 0 1 stug-1x2.dat
1 1 50 0 50 1 0 0 0 1 0 0 0 1 stug-3x3.dat
1 1 90 0 40 1 0 0 0 1 0 0 0 1 stug-2x1.dat
1 1 60 0 10 1 0 0 0 1 0 0 0 1 stug-1x4.dat
1 1 40 0 -10 1 0 0 0 1 0 0 0 1 stug-1x4.dat
1 1 -30 0 -50 1 0 0 0 1 0 0 0 1 stud.dat
1 1 20 0 -60 1 0 0 0 1 0 0 0 1 stug-4x4.dat
1 1 -260 0 -90 1 0 0 0 1 0 0 0 1 stug-1x2.dat
1 1 70 0 -90 1 0 0 0 1 0 0 0 1 stud.dat
1 1 -290 0 -110 1 0 0 0 1 0 0 0 1 stud.dat
1 1 150 0 -110 1 0 0 0 1 0 0 0 1 stud.dat
1 1 -260 0 -120 1 0 0 0 1 0 0 0 1 stug-2x2.dat
1 1 50 0 -130 1 0 0 0 1 0 0 0 1 stug-3x3.dat
1 1 110 0 -130 1 0 0 0 1 0 0 0 1 stug-3x3.dat
1 1 160 0 -140 1 0 0 0 1 0 0 0 1 stug-2x2.dat
1 1 190 0 -150 1 0 0 0 1 0 0 0 1 stud.dat

0 // Main colour area
1 16 -220 0 140 1 0 0 0 1 0 0 0 1 stug-2x2.dat
1 16 -180 0 140 1 0 0 0 1 0 0 0 1 stug-2x2.dat
1 16 -140 0 140 1 0 0 0 1 0 0 0 1 stug-2x2.dat
1 16 140 0 140 1 0 0 0 1 0 0 0 1 stug-2x2.dat
1 16 180 0 140 1 0 0 0 1 0 0 0 1 stug-2x2.dat
1 16 260 0 140 1 0 0 0 1 0 0 0 1 stug-2x2.dat
1 16 300 0 140 1 0 0 0 1 0 0 0 1 stug-2x2.dat
1 16 -290 0 130 1 0 0 0 1 0 0 0 1 stug-3x3.dat
1 16 -250 0 130 1 0 0 0 1 0 0 0 1 stug-3x1.dat
1 16 220 0 130 1 0 0 0 1 0 0 0 1 stug-1x2.dat
1 16 -110 0 120 1 0 0 0 1 0 0 0 1 stug-2x1.dat
1 16 110 0 110 1 0 0 0 1 0 0 0 1 stug-3x1.dat
1 16 -290 0 70 1 0 0 0 1 0 0 0 1 stug-3x3.dat
1 16 -110 0 70 1 0 0 0 1 0 0 0 1 stug-3x3.dat
1 16 180 0 60 1 0 0 0 1 0 0 0 1 stug-4x4.dat
1 16 260 0 60 1 0 0 0 1 0 0 0 1 stug-4x4.dat
1 16 -190 0 50 1 0 0 0 1 0 0 0 1 stug-5x5.dat
1 16 -70 0 50 1 0 0 0 1 0 0 0 1 stug-3x1.dat
1 16 130 0 50 1 0 0 0 1 0 0 0 1 stug-7x1.dat
1 16 -40 0 40 1 0 0 0 1 0 0 0 1 stug-2x2.dat
1 16 310 0 30 1 0 0 0 1 0 0 0 1 stug-9x1.dat
1 16 -290 0 10 1 0 0 0 1 0 0 0 1 stug-3x3.dat
1 16 -110 0 10 1 0 0 0 1 0 0 0 1 stug-3x3.dat
1 16 -200 0 -10 1 0 0 0 1 0 0 0 1 stug-1x4.dat
1 16 220 0 -10 1 0 0 0 1 0 0 0 1 stug-1x2.dat
1 16 -120 0 -30 1 0 0 0 1 0 0 0 1 stug-1x2.dat
1 16 120 0 -30 1 0 0 0 1 0 0 0 1 stug-1x2.dat
1 16 170 0 -30 1 0 0 0 1 0 0 0 1 stug-3x3.dat
1 16 270 0 -30 1 0 0 0 1 0 0 0 1 stug-3x3.dat
1 16 -300 0 -40 1 0 0 0 1 0 0 0 1 stug-2x2.dat
1 16 -260 0 -40 1 0 0 0 1 0 0 0 1 stug-2x2.dat
1 16 -80 0 -40 1 0 0 0 1 0 0 0 1 stug-2x2.dat
1 16 110 0 -50 1 0 0 0 1 0 0 0 1 stug-1x3.dat
1 16 -230 0 -60 1 0 0 0 1 0 0 0 1 stug-2x1.dat
1 16 170 0 -70 1 0 0 0 1 0 0 0 1 stug-1x3.dat
1 16 -80 0 -80 1 0 0 0 1 0 0 0 1 stug-2x2.dat
1 16 210 0 -80 1 0 0 0 1 0 0 0 1 stug-2x1.dat
1 16 -310 0 -100 1 0 0 0 1 0 0 0 1 stug-4x1.dat
1 16 -160 0 -100 1 0 0 0 1 0 0 0 1 stug-6x6.dat
1 16 270 0 -110 1 0 0 0 1 0 0 0 1 stug-5x5.dat
1 16 -70 0 -130 1 0 0 0 1 0 0 0 1 stug-3x3.dat
1 16 -30 0 -140 1 0 0 0 1 0 0 0 1 stug-2x1.dat
1 16 -300 0 -150 1 0 0 0 1 0 0 0 1 stug-1x2.dat
1 16 -230 0 -150 1 0 0 0 1 0 0 0 1 stud.dat

0 // Top face
1 16 316 0 156 4 0 0 0 1 0 0 0 4 1-4chrd.dat
1 16 -316 0 156 -4 0 0 0 1 0 0 0 4 1-4chrd.dat
1 16 -316 0 -156 -4 0 0 0 1 0 0 0 -4 1-4chrd.dat
1 16 316 0 -156 4 0 0 0 1 0 0 0 -4 1-4chrd.dat

0 // Pattern
4 18 -220.873 0 -86.0658 -233.125 0 -91.4049 -230.763 0 -103.9 -217.501 0 -103.9
4 18 -217.501 0 -103.9 -230.763 0 -103.9 -232.426 0 -118.595 -220.173 0 -123.934
4 18 -220.173 0 -123.934 -232.426 0 -118.595 -239.153 0 -129.188 -229.376 0 -139.853
4 18 -229.376 0 -139.853 -239.153 0 -129.188 -249.523 0 -134.866 -244.447 0 -147.756
4 18 -244.447 0 -147.756 -249.523 0 -134.866 -261.8 0 -136.551 -261.8 0 -150.503
4 18 -261.8 0 -150.503 -261.8 0 -136.551 -273.677 0 -134.066 -278.753 0 -146.956
4 18 -278.753 0 -146.956 -273.677 0 -134.066 -283.747 0 -126.988 -293.124 0 -136.853
4 18 -293.124 0 -136.853 -283.747 0 -126.988 -290.474 0 -116.395 -302.727 0 -121.734
4 18 -302.727 0 -121.734 -290.474 0 -116.395 -292.837 0 -103.9 -306.099 0 -103.9
4 18 -306.099 0 -103.9 -292.837 0 -103.9 -290.474 0 -91.4049 -303.927 0 -85.8658
4 18 -303.927 0 -85.8658 -290.474 0 -91.4049 -285.647 0 -80.012 -295.024 0 -69.3467
4 18 -295.024 0 -69.3467 -285.647 0 -80.012 -274.377 0 -72.3341 -278.753 0 -60.0444
4 18 -278.753 0 -60.0444 -274.377 0 -72.3341 -261.7 0 -71.9487 -261.7 0 -57.997
4 18 -261.7 0 -57.997 -261.7 0 -71.9487 -250.023 0 -75.1341 -245.048 0 -61.5444
4 18 -245.048 0 -61.5444 -250.023 0 -75.1341 -240.054 0 -81.512 -230.476 0 -70.9467
4 18 -230.476 0 -70.9467 -240.054 0 -81.512 -233.125 0 -91.4049 -220.873 0 -86.0658
4 18 110 0 146.9 80 0 160 80 0 151.1 103.3 0 127.8
3 18 80 0 151.1 79.2 0 147.3 103.3 0 127.8
4 18 103.3 0 127.8 79.2 0 147.3 76.6 0 140 102 0 124.2
4 18 102 0 124.2 76.6 0 140 73.8 0 133.8 71.4 0 128.3
4 18 102 0 124.2 71.4 0 128.3 70.4 0 123.3 100.2 0 119.6
4 18 100.2 0 119.6 70.4 0 123.3 69.4 0 119.1 98.7 0 114.2
4 18 98.7 0 114.2 69.4 0 119.1 68.7 0 112.9 97.5 0 108.8
4 18 97.5 0 108.8 68.7 0 112.9 67.9 0 103.8 97.5 0 104.1
4 18 97.5 0 104.1 67.9 0 103.8 67.8 0 99.4 97.7 0 100.4
4 18 97.7 0 100.4 67.8 0 99.4 69.6 0 90.2 101.7 0 91.5
4 18 101.7 0 91.5 69.6 0 90.2 73 0 79.3 77.2 0 72.3
4 18 104.9 0 85.5 101.7 0 91.5 77.2 0 72.3 82.2 0 65.3
4 18 109.9 0 81.9 104.9 0 85.5 82.2 0 65.3 87.3 0 59.3
4 18 114.9 0 75 109.9 0 81.9 87.3 0 59.3 91.9 0 52.2
4 18 120.3 0 65.3 114.9 0 75 91.9 0 52.2 124.4 0 54.7
4 18 124.4 0 54.7 91.9 0 52.2 96.6 0 42.3 127.7 0 45.2
4 18 127.7 0 45.2 96.6 0 42.3 97.7 0 39.5 129.3 0 37.6
4 18 129.3 0 37.6 97.7 0 39.5 99 0 34.5 129.6 0 31
4 18 129.6 0 31 99 0 34.5 98.7 0 28.5 128.7 0 21.7
4 18 128.7 0 21.7 98.7 0 28.5 97.6 0 22.6 125.2 0 11
4 18 125.2 0 11 97.6 0 22.6 94.8 0 15.6 121.2 0 2.6
4 18 -83.1 0 150 -83 0 160 -113 0 160 -113 0 156
4 18 -83.1 0 150 -113.1 0 148.6 -112.4 0 141.6 -111 0 135.4
4 18 -81.6 0 144.4 -83.1 0 150 -111 0 135.4 -106.9 0 126.1
4 18 -78.8 0 134.4 -81.6 0 144.4 -106.9 0 126.1 -106.5 0 121.7
4 18 -78.8 0 134.4 -106.5 0 121.7 -104.1 0 117 -76.3 0 127.6
4 18 -76.3 0 127.6 -104.1 0 117 -101.8 0 111 -73.2 0 122.4
4 18 -73.2 0 122.4 -101.8 0 111 -97.7 0 105 -69.3 0 118
4 18 -69.3 0 118 -97.7 0 105 -93.8 0 99.4 -64.8 0 113.5
4 18 -64.8 0 113.5 -93.8 0 99.4 -89 0 94.5 -82.8 0 88.5
4 18 -61.2 0 110.1 -64.8 0 113.5 -82.8 0 88.5 -78.7 0 85.1
4 18 -55.8 0 106.4 -61.2 0 110.1 -78.7 0 85.1 -71.8 0 80.8
4 18 -49.3 0 102.5 -55.8 0 106.4 -71.8 0 80.8 -64.2 0 75.6
4 18 -41.9 0 98.6 -49.3 0 102.5 -64.2 0 75.6 -57.6 0 72
4 18 -36 0 96 -41.9 0 98.6 -57.6 0 72 -50.9 0 68.4
4 18 -36 0 96 -50.9 0 68.4 -44.7 0 66.5 -29.1 0 93.4
4 18 -29.1 0 93.4 -44.7 0 66.5 -37.9 0 64.6 -24.1 0 91.7
4 18 -24.1 0 91.7 -37.9 0 64.6 -32.6 0 63.1 -18.2 0 89.6
4 18 -18.2 0 89.6 -32.6 0 63.1 -26.6 0 61.8 -10.8 0 87
4 18 -10.8 0 87 -26.6 0 61.8 -21.2 0 59.3 -3.3 0 83.7
4 18 2.3 0 80.7 -3.3 0 83.7 -21.2 0 59.3 8.2 0 76.1
4 18 13.8 0 69.5 8.2 0 76.1 -21.2 0 59.3 -13.6 0 55.4
4 18 17.7 0 63.5 13.8 0 69.5 -13.6 0 55.4 -9.1 0 51.5
4 18 19.9 0 57.6 17.7 0 63.5 -9.1 0 51.5 -7.9 0 45.5
4 18 21.2 0 51.2 19.9 0 57.6 -7.9 0 45.5 21 0 42.9
4 18 21 0 42.9 -7.9 0 45.5 -9.3 0 40.8 20.2 0 34.4
4 18 20.2 0 34.4 -9.3 0 40.8 -14.1 0 31.3 17.9 0 25.3
4 18 12.2 0 15.8 17.9 0 25.3 -14.1 0 31.3 -19.3 0 25.8
4 18 5.7 0 6.3 12.2 0 15.8 -19.3 0 25.8 -24.8 0 19.8
4 18 -1.3 0 -1 5.7 0 6.3 -24.8 0 19.8 -31.3 0 13.8
4 18 -8.6 0 -9.4 -1.3 0 -1 -31.3 0 13.8 -38.6 0 5.2
4 18 -8.6 0 -9.4 -38.6 0 5.2 -43.8 0 -2.4 -17.4 0 -19
4 18 -17.4 0 -19 -43.8 0 -2.4 -49.6 0 -11 -22.8 0 -27
4 18 -22.8 0 -27 -49.6 0 -11 -54.6 0 -21.2 -57.6 0 -29.6
4 18 -28.8 0 -38.8 -22.8 0 -27 -57.6 0 -29.6 -59.6 0 -37.4
4 18 -30.6 0 -46 -28.8 0 -38.8 -59.6 0 -37.4 -60.8 0 -47.2
4 18 -31.6 0 -55.8 -30.6 0 -46 -60.8 0 -47.2 -61.2 0 -57.6
4 18 -31.6 0 -55.8 -61.2 0 -57.6 -60 0 -67.8 -29.8 0 -64.6
4 18 -29.8 0 -64.6 -60 0 -67.8 -57 0 -78.8 -25.2 0 -72.8
4 18 -25.2 0 -72.8 -57 0 -78.8 -51.6 0 -87.8 -19.4 0 -79.4
4 18 -19.4 0 -79.4 -51.6 0 -87.8 -44.6 0 -96.8 -37.8 0 -104
4 18 -13.4 0 -85.8 -19.4 0 -79.4 -37.8 0 -104 -29.4 0 -110
4 18 -3.8 0 -93 -13.4 0 -85.8 -29.4 0 -110 -20.4 0 -116.2
4 18 3.4 0 -98.6 -3.8 0 -93 -20.4 0 -116.2 -16.2 0 -119
4 18 9.2 0 -104.8 3.4 0 -98.6 -16.2 0 -119 -14 0 -122.6
4 18 121.2 0 2.6 94.8 0 15.6 90 0 6.6 117 0 -6.4
4 18 111.6 0 -13.4 117 0 -6.4 90 0 6.6 83.6 0 -0.2
4 18 104.4 0 -21.2 111.6 0 -13.4 83.6 0 -0.2 76.8 0 -6.4
4 18 98.2 0 -27.4 104.4 0 -21.2 76.8 0 -6.4 70.6 0 -11.6
4 18 91 0 -33.4 98.2 0 -27.4 70.6 0 -11.6 63.2 0 -18.8
4 18 85.2 0 -39.6 91 0 -33.4 63.2 0 -18.8 58.4 0 -24.4
4 18 85.2 0 -39.6 58.4 0 -24.4 54.6 0 -31.2 82.2 0 -44
4 18 82.2 0 -44 54.6 0 -31.2 52 0 -40.2 51.4 0 -50.8
4 18 81.2 0 -49.2 82.2 0 -44 51.4 0 -50.8 51.8 0 -57.6
4 18 81.8 0 -53 81.2 0 -49.2 51.8 0 -57.6 54.2 0 -66
4 18 82.4 0 -55 81.8 0 -53 54.2 0 -66 59.6 0 -74
4 18 84 0 -57 82.4 0 -55 59.6 0 -74 67.6 0 -82.6
4 18 88 0 -59.2 84 0 -57 67.6 0 -82.6 78.6 0 -88.2
4 18 94.8 0 -60.4 88 0 -59.2 78.6 0 -88.2 89.6 0 -90.8
4 18 103.4 0 -61.8 94.8 0 -60.4 89.6 0 -90.8 102.6 0 -92.4
4 18 114.8 0 -63 103.4 0 -61.8 102.6 0 -92.4 116.6 0 -94.8
4 18 126 0 -64.6 114.8 0 -63 116.6 0 -94.8 125.5 0 -96.3
4 18 15.2 0 -113.8 9.2 0 -104.8 -14 0 -122.6 17.7 0 -120.7
4 18 17.7 0 -120.7 -14 0 -122.6 -12 0 -127.8 19.4 0 -129.1
4 18 19.4 0 -129.1 -12 0 -127.8 -11.3 0 -132 19.4 0 -136.7
4 18 19.4 0 -136.7 -11.3 0 -132 -10.8 0 -136.7 19.5 0 -142.5
4 18 19.5 0 -142.5 -10.8 0 -136.7 -11.5 0 -141.2 19.2 0 -147.9
4 18 19.2 0 -147.9 -11.5 0 -141.2 -11.4 0 -147.2 19.1 0 -152.9
4 18 19.1 0 -152.9 -11.4 0 -147.2 -11 0 -152.8 19 0 -160
4 18 136.6 0 -67.1 126 0 -64.6 125.5 0 -96.3 134.8 0 -97.6
4 18 149.8 0 -70.4 136.6 0 -67.1 134.8 0 -97.6 146 0 -100.4
4 18 161 0 -73.5 149.8 0 -70.4 146 0 -100.4 156.5 0 -104.4
4 18 172.2 0 -77.8 161 0 -73.5 156.5 0 -104.4 164.5 0 -109
4 18 180.8 0 -82.9 172.2 0 -77.8 164.5 0 -109 189.7 0 -89.3
4 18 189.7 0 -89.3 164.5 0 -109 172.7 0 -113.9 197.8 0 -95.9
4 18 197.8 0 -95.9 172.7 0 -113.9 180.1 0 -121.1 206.2 0 -103.6
4 18 206.2 0 -103.6 180.1 0 -121.1 185.8 0 -128.4 213.1 0 -113.9
4 18 213.1 0 -113.9 185.8 0 -128.4 187.7 0 -131.5 217 0 -121.1
4 18 220 0 -128.4 217 0 -121.1 187.7 0 -131.5 190.8 0 -139.4
4 18 223.8 0 -137.4 220 0 -128.4 190.8 0 -139.4 193.2 0 -145.8
4 18 225.3 0 -143.5 223.8 0 -137.4 193.2 0 -145.8 195.6 0 -152.1
4 18 227 0 -156 226.9 0 -150.5 196.1 0 -156 196.1 0 -160
3 18 227 0 -156 196.1 0 -160 227 0 -160
3 18 80 0 160 110 0 146.9 110 0 156
3 18 110 0 160 80 0 160 110 0 156
3 18 -11 0 -152.8 -11 0 -156 19 0 -160
3 18 -11 0 -156 -11 0 -160 19 0 -160
3 18 -113 0 156 -113.1 0 148.6 -83.1 0 150
4 18 226.9 0 -150.5 225.3 0 -143.5 195.6 0 -152.1 196.1 0 -156
4 1 -230.763 0 -103.9 -233.125 0 -91.4049 -261.8 0 -103.9 -232.426 0 -118.595
4 1 -239.153 0 -129.188 -232.426 0 -118.595 -261.8 0 -103.9 -249.523 0 -134.866
4 1 -261.8 0 -136.551 -249.523 0 -134.866 -261.8 0 -103.9 -273.677 0 -134.066
4 1 -283.747 0 -126.988 -273.677 0 -134.066 -261.8 0 -103.9 -290.474 0 -116.395
4 1 -292.837 0 -103.9 -290.474 0 -116.395 -261.8 0 -103.9 -290.474 0 -91.4049
4 1 -285.647 0 -80.012 -290.474 0 -91.4049 -261.8 0 -103.9 -274.377 0 -72.3341
4 1 -261.7 0 -71.9487 -274.377 0 -72.3341 -261.8 0 -103.9 -250.023 0 -75.1341
4 1 -240.054 0 -81.512 -250.023 0 -75.1341 -261.8 0 -103.9 -233.125 0 -91.4049
4 1 19 0 -160 196.1 0 -160 196.1 0 -156 19.1 0 -152.9
4 1 19.1 0 -152.9 196.1 0 -156 195.6 0 -152.1 19.2 0 -147.9
4 1 19.2 0 -147.9 195.6 0 -152.1 193.2 0 -145.8 19.5 0 -142.5
4 1 19.5 0 -142.5 193.2 0 -145.8 190.8 0 -139.4 19.4 0 -136.7
4 1 19.4 0 -136.7 190.8 0 -139.4 187.7 0 -131.5 185.8 0 -128.4
4 1 19.4 0 -136.7 185.8 0 -128.4 180.1 0 -121.1 172.7 0 -113.9
4 1 19.4 0 -136.7 172.7 0 -113.9 164.5 0 -109 156.5 0 -104.4
4 1 19.4 0 -136.7 156.5 0 -104.4 146 0 -100.4 134.8 0 -97.6
4 1 19.4 0 -136.7 134.8 0 -97.6 125.5 0 -96.3 19.4 0 -129.1
3 1 116.6 0 -94.8 19.4 0 -129.1 125.5 0 -96.3
4 1 19.4 0 -129.1 116.6 0 -94.8 102.6 0 -92.4 89.6 0 -90.8
4 1 17.7 0 -120.7 19.4 0 -129.1 89.6 0 -90.8 78.6 0 -88.2
4 1 15.2 0 -113.8 17.7 0 -120.7 78.6 0 -88.2 67.6 0 -82.6
4 1 9.2 0 -104.8 15.2 0 -113.8 67.6 0 -82.6 59.6 0 -74
4 1 3.4 0 -98.6 9.2 0 -104.8 59.6 0 -74 54.2 0 -66
4 1 -3.8 0 -93 3.4 0 -98.6 54.2 0 -66 51.8 0 -57.6
4 1 -13.4 0 -85.8 -3.8 0 -93 51.8 0 -57.6 -19.4 0 -79.4
4 1 -19.4 0 -79.4 51.8 0 -57.6 51.4 0 -50.8 -25.2 0 -72.8
4 1 -29.8 0 -64.6 -25.2 0 -72.8 51.4 0 -50.8 -31.6 0 -55.8
4 1 -30.6 0 -46 -31.6 0 -55.8 51.4 0 -50.8 -28.8 0 -38.8
4 1 -22.8 0 -27 -28.8 0 -38.8 51.4 0 -50.8 -17.4 0 -19
4 1 -17.4 0 -19 51.4 0 -50.8 52 0 -40.2 -8.6 0 -9.4
4 1 -8.6 0 -9.4 52 0 -40.2 54.6 0 -31.2 -1.3 0 -1
4 1 -1.3 0 -1 54.6 0 -31.2 58.4 0 -24.4 5.7 0 6.3
4 1 5.7 0 6.3 58.4 0 -24.4 63.2 0 -18.8 12.2 0 15.8
4 1 12.2 0 15.8 63.2 0 -18.8 70.6 0 -11.6 17.9 0 25.3
4 1 17.9 0 25.3 70.6 0 -11.6 76.8 0 -6.4 83.6 0 -0.2
4 1 17.9 0 25.3 83.6 0 -0.2 90 0 6.6 94.8 0 15.6
4 1 20.2 0 34.4 17.9 0 25.3 94.8 0 15.6 97.6 0 22.6
4 1 20.2 0 34.4 97.6 0 22.6 98.7 0 28.5 99 0 34.5
4 1 20.2 0 34.4 99 0 34.5 97.7 0 39.5 96.6 0 42.3
4 1 20.2 0 34.4 96.6 0 42.3 91.9 0 52.2 21 0 42.9
4 1 21 0 42.9 91.9 0 52.2 87.3 0 59.3 82.2 0 65.3
4 1 21.2 0 51.2 21 0 42.9 82.2 0 65.3 77.2 0 72.3
4 1 19.9 0 57.6 21.2 0 51.2 77.2 0 72.3 73 0 79.3
4 1 17.7 0 63.5 19.9 0 57.6 73 0 79.3 69.6 0 90.2
4 1 13.8 0 69.5 17.7 0 63.5 69.6 0 90.2 67.8 0 99.4
3 1 67.8 0 99.4 8.2 0 76.1 13.8 0 69.5
3 1 67.8 0 99.4 2.3 0 80.7 8.2 0 76.1
4 1 -3.3 0 83.7 2.3 0 80.7 67.8 0 99.4 67.9 0 103.8
3 1 67.9 0 103.8 -10.8 0 87 -3.3 0 83.7
4 1 -18.2 0 89.6 -10.8 0 87 67.9 0 103.8 68.7 0 112.9
3 1 68.7 0 112.9 -24.1 0 91.7 -18.2 0 89.6
4 1 -29.1 0 93.4 -24.1 0 91.7 68.7 0 112.9 69.4 0 119.1
4 1 -36 0 96 -29.1 0 93.4 69.4 0 119.1 70.4 0 123.3
4 1 -41.9 0 98.6 -36 0 96 70.4 0 123.3 -49.3 0 102.5
4 1 -55.8 0 106.4 -49.3 0 102.5 70.4 0 123.3 71.4 0 128.3
4 1 -61.2 0 110.1 -55.8 0 106.4 71.4 0 128.3 -64.8 0 113.5
4 1 -69.3 0 118 -64.8 0 113.5 71.4 0 128.3 -73.2 0 122.4
4 1 -76.3 0 127.6 -73.2 0 122.4 71.4 0 128.3 73.8 0 133.8
4 1 -78.8 0 134.4 -76.3 0 127.6 73.8 0 133.8 76.6 0 140
4 1 -81.6 0 144.4 -78.8 0 134.4 76.6 0 140 79.2 0 147.3
4 1 -83.1 0 150 -81.6 0 144.4 79.2 0 147.3 80 0 151.1
4 1 80 0 160 -83 0 160 -83.1 0 150 80 0 151.1
4 16 81.8 0 -53 82.4 0 -55 84 0 -57 88 0 -59.2
4 16 81.8 0 -53 88 0 -59.2 94.8 0 -60.4 81.2 0 -49.2
4 16 82.2 0 -44 81.2 0 -49.2 94.8 0 -60.4 103.4 0 -61.8
4 16 85.2 0 -39.6 82.2 0 -44 103.4 0 -61.8 114.8 0 -63
4 16 91 0 -33.4 85.2 0 -39.6 114.8 0 -63 126 0 -64.6
4 16 98.2 0 -27.4 91 0 -33.4 126 0 -64.6 136.6 0 -67.1
4 16 104.4 0 -21.2 98.2 0 -27.4 136.6 0 -67.1 149.8 0 -70.4
4 16 111.6 0 -13.4 104.4 0 -21.2 149.8 0 -70.4 161 0 -73.5
4 16 117 0 -6.4 111.6 0 -13.4 161 0 -73.5 172.2 0 -77.8
4 16 121.2 0 2.6 117 0 -6.4 172.2 0 -77.8 180.8 0 -82.9
4 16 -7.9 0 45.5 -9.1 0 51.5 -13.6 0 55.4 -21.2 0 59.3
4 16 -9.3 0 40.8 -7.9 0 45.5 -21.2 0 59.3 -26.6 0 61.8
4 16 -14.1 0 31.3 -9.3 0 40.8 -26.6 0 61.8 -32.6 0 63.1
4 16 -19.3 0 25.8 -14.1 0 31.3 -32.6 0 63.1 -37.9 0 64.6
4 16 -24.8 0 19.8 -19.3 0 25.8 -37.9 0 64.6 -44.7 0 66.5
4 16 -31.3 0 13.8 -24.8 0 19.8 -44.7 0 66.5 -50.9 0 68.4
4 16 -38.6 0 5.2 -31.3 0 13.8 -50.9 0 68.4 -57.6 0 72
4 16 -43.8 0 -2.4 -38.6 0 5.2 -57.6 0 72 -64.2 0 75.6
4 16 -49.6 0 -11 -43.8 0 -2.4 -64.2 0 75.6 -71.8 0 80.8
4 16 -54.6 0 -21.2 -49.6 0 -11 -71.8 0 80.8 -78.7 0 85.1
4 16 -57.6 0 -29.6 -54.6 0 -21.2 -78.7 0 85.1 -82.8 0 88.5
4 16 -59.6 0 -37.4 -57.6 0 -29.6 -82.8 0 88.5 -230.476 0 -70.9467
4 16 125.2 0 11 121.2 0 2.6 180.8 0 -82.9 189.7 0 -89.3
4 16 128.7 0 21.7 125.2 0 11 189.7 0 -89.3 197.8 0 -95.9
4 16 129.6 0 31 128.7 0 21.7 197.8 0 -95.9 320 0 156
4 16 -261.8 0 -150.503 -11 0 -156 -11 0 -152.8 -244.447 0 -147.756
4 16 -244.447 0 -147.756 -11 0 -152.8 -11.4 0 -147.2 -229.376 0 -139.853
4 16 -229.376 0 -139.853 -11.4 0 -147.2 -11.5 0 -141.2 -220.173 0 -123.934
4 16 -220.173 0 -123.934 -11.5 0 -141.2 -10.8 0 -136.7 -11.3 0 -132
4 16 -220.173 0 -123.934 -11.3 0 -132 -12 0 -127.8 -14 0 -122.6
4 16 -220.173 0 -123.934 -14 0 -122.6 -16.2 0 -119 -20.4 0 -116.2
3 16 -29.4 0 -110 -220.173 0 -123.934 -20.4 0 -116.2
3 16 -37.8 0 -104 -220.173 0 -123.934 -29.4 0 -110
3 16 -44.6 0 -96.8 -220.173 0 -123.934 -37.8 0 -104
4 16 -220.173 0 -123.934 -44.6 0 -96.8 -51.6 0 -87.8 -217.501 0 -103.9
4 16 -217.501 0 -103.9 -51.6 0 -87.8 -57 0 -78.8 -220.873 0 -86.0658
4 16 -220.873 0 -86.0658 -57 0 -78.8 -60 0 -67.8 -230.476 0 -70.9467
3 16 -61.2 0 -57.6 -230.476 0 -70.9467 -60 0 -67.8
3 16 -60.8 0 -47.2 -230.476 0 -70.9467 -61.2 0 -57.6
3 16 -59.6 0 -37.4 -230.476 0 -70.9467 -60.8 0 -47.2
3 16 -89 0 94.5 -230.476 0 -70.9467 -82.8 0 88.5
4 16 -230.476 0 -70.9467 -89 0 94.5 -93.8 0 99.4 -245.048 0 -61.5444
4 16 -245.048 0 -61.5444 -93.8 0 99.4 -97.7 0 105 -261.7 0 -57.997
4 16 -278.753 0 -60.0444 -261.7 0 -57.997 -97.7 0 105 -101.8 0 111
4 16 -278.753 0 -60.0444 -101.8 0 111 -104.1 0 117 -320 0 156
4 16 -113 0 156 -113 0 160 -316 0 160 -113.1 0 148.6
4 16 -112.4 0 141.6 -113.1 0 148.6 -316 0 160 -320 0 156
3 16 -320 0 156 -111 0 135.4 -112.4 0 141.6
4 16 -106.9 0 126.1 -111 0 135.4 -320 0 156 -106.5 0 121.7
3 16 -320 0 156 -104.1 0 117 -106.5 0 121.7
3 16 -320 0 156 -295.024 0 -69.3467 -278.753 0 -60.0444
3 16 -320 0 156 -303.927 0 -85.8658 -295.024 0 -69.3467
4 16 -306.099 0 -103.9 -303.927 0 -85.8658 -320 0 156 -320 0 -156
3 16 -306.099 0 -103.9 -320 0 -156 -302.727 0 -121.734
4 16 -293.124 0 -136.853 -302.727 0 -121.734 -320 0 -156 -316 0 -160
3 16 -293.124 0 -136.853 -316 0 -160 -278.753 0 -146.956
3 16 -278.753 0 -146.956 -316 0 -160 -261.8 0 -150.503
4 16 -11 0 -156 -261.8 0 -150.503 -316 0 -160 -11 0 -160
4 16 227 0 -156 227 0 -160 316 0 -160 320 0 -156
3 16 226.9 0 -150.5 227 0 -156 320 0 -156
3 16 225.3 0 -143.5 226.9 0 -150.5 320 0 -156
3 16 223.8 0 -137.4 225.3 0 -143.5 320 0 -156
4 16 220 0 -128.4 223.8 0 -137.4 320 0 -156 217 0 -121.1
3 16 213.1 0 -113.9 217 0 -121.1 320 0 -156
4 16 206.2 0 -103.6 213.1 0 -113.9 320 0 -156 320 0 156
3 16 320 0 156 197.8 0 -95.9 206.2 0 -103.6
4 16 129.3 0 37.6 129.6 0 31 320 0 156 316 0 160
3 16 316 0 160 127.7 0 45.2 129.3 0 37.6
3 16 316 0 160 124.4 0 54.7 127.7 0 45.2
3 16 316 0 160 120.3 0 65.3 124.4 0 54.7
3 16 316 0 160 114.9 0 75 120.3 0 65.3
3 16 316 0 160 109.9 0 81.9 114.9 0 75
4 16 104.9 0 85.5 109.9 0 81.9 316 0 160 101.7 0 91.5
4 16 97.7 0 100.4 101.7 0 91.5 316 0 160 97.5 0 104.1
4 16 97.5 0 108.8 97.5 0 104.1 316 0 160 98.7 0 114.2
4 16 100.2 0 119.6 98.7 0 114.2 316 0 160 102 0 124.2
3 16 316 0 160 103.3 0 127.8 102 0 124.2
3 16 316 0 160 110 0 146.9 103.3 0 127.8
3 16 316 0 160 110 0 156 110 0 146.9
3 16 316 0 160 110 0 160 110 0 156

0 FILE 48288.dat
0 Tile  8 x 16
0 Name: 48288.dat
0 Author: Michael Heidemann [mikeheide]
0 !LDRAW_ORG Part UPDATE 2025-09
0 !LICENSE Licensed under CC BY 4.0 : see CAreadme.txt

0 BFC CERTIFY CCW

0 !HISTORY 2005-01-16 [mikeheide] initial version
0 !HISTORY 2005-03-24 [mikeheide] used new subpart
0 !HISTORY 2005-12-28 [PTadmin] Official Update 2005-01
0 !HISTORY 2007-07-09 [PTadmin] Header formatted for Contributor Agreement
0 !HISTORY 2008-07-01 [PTadmin] Official Update 2008-01
0 !HISTORY 2025-09-27 [OrionP] Changed winding to CCW
0 !HISTORY 2025-09-29 [OrionP] Official Update 2025-09

1 16 0 0 0 1 0 0 0 1 0 0 0 1 s/48288s01.dat
4 16 160 0 80 -160 0 80 -160 0 -80 160 0 -80
0

0 FILE 125c01.dat
0 Boat Hull Floating  6 x 24 x  3 (Complete) with Black Base
0 Name: 125c01.dat
0 Author: Michael Heidemann [mikeheide]
0 !LDRAW_ORG Shortcut UPDATE 2014-02
0 !LICENSE Licensed under CC BY 4.0 : see CAreadme.txt

0 !HELP Angle to rotate to base Z-axes 1,63325 degree at point (-151/80/0)

0 BFC CERTIFY CCW

0 !KEYWORDS BrickLink bfloat1c01, set 4002

0 !HISTORY 2014-12-23 [PTadmin] Official Update 2014-02


1 0 0 0 0 1 0 0 0 1 0 0 0 1 125.dat
1 16 0 0 0 1 0 0 0 1 0 0 0 1 126.dat

0 FILE 6021.dat
0 Boat Canoe  4 x 16
0 Name: 6021.dat
0 Author: Philippe Hurbain [Philo]
0 !LDRAW_ORG Part UPDATE 2011-02
0 !LICENSE Licensed under CC BY 4.0 : see CAreadme.txt

0 BFC CERTIFY CCW

0 !HISTORY 2011-11-17 {LEGO Digital Designer} Original part shape
0 !HISTORY 2011-11-17 [Philo] File preparation for LDraw Parts Tracker
0 !HISTORY 2011-12-29 [PTadmin] Official Update 2011-02


1 16 0 0 0 0 0 -1 0 1 0 1 0 0 s/6021s01.dat
1 16 0 0 0 0 0 -1 0 1 0 -1 0 0 s/6021s01.dat
1 16 0 0 0 0 0 1 0 1 0 1 0 0 s/6021s01.dat
1 16 0 0 0 0 0 1 0 1 0 -1 0 0 s/6021s01.dat
1 16 10 0 0 0 0 -1 0 1 0 1 0 0 stug-1x8.dat
1 16 -10 0 0 0 0 -1 0 1 0 1 0 0 stug-1x8.dat
1 16 0 4 -40 0 0 1 0 -1 0 1 0 0 stug4-1x5.dat
1 16 0 4 50 0 0 1 0 -1 0 1 0 0 stug4-1x4.dat

0 FILE 3003.dat
0 Brick  2 x  2
0 Name: 3003.dat
0 Author: James Jessiman
0 !LDRAW_ORG Part UPDATE 2022-05
0 !LICENSE Licensed under CC BY 4.0 : see CAreadme.txt

0 BFC CERTIFY CCW

0 !HISTORY 2001-10-26 [PTadmin] Official Update 2001-01
0 !HISTORY 2002-05-07 {unknown} BFC Certification
0 !HISTORY 2002-06-11 [PTadmin] Official Update 2002-03
0 !HISTORY 2007-05-07 [PTadmin] Header formatted for Contributor Agreement
0 !HISTORY 2008-07-01 [PTadmin] Official Update 2008-01
0 !HISTORY 2022-08-04 [MagFors] Using subfile
0 !HISTORY 2022-09-15 [PTadmin] Official Update 2022-05


1 16 0 0 0 1 0 0 0 1 0 0 0 1 s/3003s01.dat
4 16 -20 24 -20 20 24 -20 20 0 -20 -20 0 -20

0 FILE 3001.dat
0 Brick  2 x  4
0 Name: 3001.dat
0 Author: James Jessiman
0 !LDRAW_ORG Part UPDATE 2004-03
0 !LICENSE Licensed under CC BY 4.0 : see CAreadme.txt

0 BFC CERTIFY CCW

0 !HISTORY 2002-05-07 {unknown} BFC Certification
0 !HISTORY 2002-06-11 [PTadmin] Official Update 2002-03
0 !HISTORY 2004-02-08 [Steffen] used s\3001s01.dat
0 !HISTORY 2004-09-15 [PTadmin] Official Update 2004-03
0 !HISTORY 2007-05-07 [PTadmin] Header formatted for Contributor Agreement
0 !HISTORY 2008-07-01 [PTadmin] Official Update 2008-01


1 16 0 0 0 1 0 0 0 1 0 0 0 1 s/3001s01.dat
4 16 -40 0 -20 -40 24 -20 40 24 -20 40 0 -20
4 16 40 0 20 40 24 20 -40 24 20 -40 0 20
0

0 FILE 3470.dat
0 Plant Tree Oval  4 x  4 x  6
0 Name: 3470.dat
0 Author: Christian M. Angele [cma_1971]
0 !LDRAW_ORG Part UPDATE 2012-01
0 !LICENSE Licensed under CC BY 2.0 and CC BY 4.0 : see CAreadme.txt

0 BFC CERTIFY CCW

0 !HISTORY 1997-12-05 [PTadmin] Official Update 1997-17
0 !HISTORY 1998-01-12 [PTadmin] Official Update 1998-01
0 !HISTORY 1999-03-26 [PTadmin] Official Update 1999-02
0 !HISTORY 1999-05-24 [PTadmin] Official Update 1999-04
0 !HISTORY 2007-06-25 [PTadmin] Header formatted for Contributor Agreement
0 !HISTORY 2008-07-01 [PTadmin] Official Update 2008-01
0 !HISTORY 2010-06-20 [BlackBrick89] Made BFC compliant
0 !HISTORY 2011-02-02 [Philo] Many small improvements
0 !HISTORY 2012-03-30 [PTadmin] Official Update 2012-01


3 16 8 -34.12 -3 8 -40 -3 20.19 -40 -3
4 16 9.5 -46 -3 9.5 -52 -3 32.71 -52 -3 27.64 -46 -3
4 16 9.5 -58 -3 9.5 -64 -3 39.09 -64 -3 36.39 -58 -3
4 16 9.5 -70 -3 9.5 -76 -3 42.22 -76 -3 41 -70 -3
1 16 26.16 -85 -3 0 0 16.66 -3 0 0 0 -1.00462 0 rect.dat
4 16 9.5 -94 -3 9.5 -100 -3 41 -100 -3 42.22 -94 -3
4 16 9.5 -106 -3 9.5 -112 -3 36.39 -112 -3 39.09 -106 -3
4 16 9.5 -118 -3 9.5 -124 -3 27.64 -124 -3 32.71 -118 -3
3 16 3.5 -134.3 -11 3.5 -130 -11 19.56 -130 -11
3 16 3.5 -40 -11 3.5 -35.7 -11 19.56 -40 -11
4 16 7 -52 -11 7 -46 -11 26.79 -46 -11 31.69 -52 -11
4 16 7 -64 -11 7 -58 -11 35.27 -58 -11 37.88 -64 -11
4 16 7 -76 -11 7 -70 -11 39.73 -70 -11 40.92 -76 -11
1 16 24.25 -85 -11 0 0 17.25 3 0 0 0 1 0 rect.dat
4 16 7 -100 -11 7 -94 -11 40.92 -94 -11 39.73 -100 -11
4 16 7 -112 -11 7 -106 -11 37.88 -106 -11 35.27 -112 -11
4 16 7 -124 -11 7 -118 -11 31.69 -118 -11 26.79 -124 -11
4 16 7 -46 -17 7 -52 -17 30.11 -52 -17 25.45 -46 -17
4 16 7 -58 -17 7 -64 -17 35.99 -64 -17 33.51 -58 -17
4 16 7 -70 -17 7 -76 -17 38.88 -76 -17 37.75 -70 -17
1 16 23.215 -85 -17 0 0 16.215 -3 0 0 0 -1.00299 0 rect.dat
4 16 7 -94 -17 7 -100 -17 37.75 -100 -17 38.88 -94 -17
4 16 7 -106 -17 7 -112 -17 33.51 -112 -17 35.99 -106 -17
4 16 7 -118 -17 7 -124 -17 25.45 -124 -17 30.11 -118 -17
4 16 3.5 -52 -25 3.5 -46 -25 22.54 -46 -25 26.67 -52 -25
4 16 4.5 -64 -25 4.5 -58 -25 29.68 -58 -25 31.88 -64 -25
4 16 4.5 -76 -25 4.5 -70 -25 33.44 -70 -25 34.44 -76 -25
1 16 19.715 -85 -25 0 0 15.215 3 0 0 0 1 0 rect.dat
4 16 4.5 -100 -25 4.5 -94 -25 34.44 -94 -25 33.44 -100 -25
4 16 4.5 -112 -25 4.5 -106 -25 31.88 -106 -25 29.68 -112 -25
4 16 3.5 -124 -25 3.5 -118 -25 26.67 -118 -25 22.54 -124 -25
4 16 4.5 -58 -31 4.5 -64 -31 27.16 -64 -31 25.28 -58 -31
4 16 4.5 -70 -31 4.5 -76 -31 29.33 -76 -31 28.48 -70 -31
1 16 17.125 -85 -31 0 0 12.625 -3 0 0 0 -1.00331 0 rect.dat
4 16 4.5 -94 -31 4.5 -100 -31 28.48 -100 -31 29.33 -94 -31
4 16 4.5 -106 -31 4.5 -112 -31 25.28 -112 -31 27.16 -106 -31
3 16 -20.19 -40 -3 -8 -40 -3 -8 -34.12 -3
4 16 -27.64 -46 -3 -32.71 -52 -3 -9.5 -52 -3 -9.5 -46 -3
4 16 -36.39 -58 -3 -39.09 -64 -3 -9.5 -64 -3 -9.5 -58 -3
4 16 -41 -70 -3 -42.22 -76 -3 -9.5 -76 -3 -9.5 -70 -3
1 16 -26.16 -85 -3 0 0 16.66 -3 0 0 0 -1.00462 0 rect.dat
4 16 -42.22 -94 -3 -41 -100 -3 -9.5 -100 -3 -9.5 -94 -3
4 16 -39.09 -106 -3 -36.39 -112 -3 -9.5 -112 -3 -9.5 -106 -3
4 16 -32.71 -118 -3 -27.64 -124 -3 -9.5 -124 -3 -9.5 -118 -3
3 16 -19.56 -130 -11 -3.5 -130 -11 -3.5 -134.3 -11
3 16 -19.56 -40 -11 -3.5 -35.7 -11 -3.5 -40 -11
4 16 -31.69 -52 -11 -26.79 -46 -11 -7 -46 -11 -7 -52 -11
4 16 -37.88 -64 -11 -35.27 -58 -11 -7 -58 -11 -7 -64 -11
4 16 -40.92 -76 -11 -39.73 -70 -11 -7 -70 -11 -7 -76 -11
1 16 -24.25 -85 -11 0 0 17.25 3 0 0 0 1 0 rect.dat
4 16 -39.73 -100 -11 -40.92 -94 -11 -7 -94 -11 -7 -100 -11
4 16 -35.27 -112 -11 -37.88 -106 -11 -7 -106 -11 -7 -112 -11
4 16 -26.79 -124 -11 -31.69 -118 -11 -7 -118 -11 -7 -124 -11
4 16 -25.45 -46 -17 -30.11 -52 -17 -7 -52 -17 -7 -46 -17
4 16 -33.51 -58 -17 -35.99 -64 -17 -7 -64 -17 -7 -58 -17
4 16 -37.75 -70 -17 -38.88 -76 -17 -7 -76 -17 -7 -70 -17
1 16 -23.215 -85 -17 0 0 16.215 -3 0 0 0 -1.00299 0 rect.dat
4 16 -38.88 -94 -17 -37.75 -100 -17 -7 -100 -17 -7 -94 -17
4 16 -35.99 -106 -17 -33.51 -112 -17 -7 -112 -17 -7 -106 -17
4 16 -30.11 -118 -17 -25.45 -124 -17 -7 -124 -17 -7 -118 -17
4 16 -26.67 -52 -25 -22.54 -46 -25 -3.5 -46 -25 -3.5 -52 -25
4 16 -31.88 -64 -25 -29.68 -58 -25 -4.5 -58 -25 -4.5 -64 -25
4 16 -34.44 -76 -25 -33.44 -70 -25 -4.5 -70 -25 -4.5 -76 -25
1 16 -19.715 -85 -25 0 0 15.215 3 0 0 0 1 0 rect.dat
4 16 -33.44 -100 -25 -34.44 -94 -25 -4.5 -94 -25 -4.5 -100 -25
4 16 -29.68 -112 -25 -31.88 -106 -25 -4.5 -106 -25 -4.5 -112 -25
4 16 -22.54 -124 -25 -26.67 -118 -25 -3.5 -118 -25 -3.5 -124 -25
4 16 -25.28 -58 -31 -27.16 -64 -31 -4.5 -64 -31 -4.5 -58 -31
4 16 -28.48 -70 -31 -29.33 -76 -31 -4.5 -76 -31 -4.5 -70 -31
1 16 -17.125 -85 -31 0 0 12.625 -3 0 0 0 -1.00331 0 rect.dat
4 16 -29.33 -94 -31 -28.48 -100 -31 -4.5 -100 -31 -4.5 -94 -31
4 16 -27.16 -106 -31 -25.28 -112 -31 -4.5 -112 -31 -4.5 -106 -31
3 16 20.19 -40 3 8 -40 3 8 -34.12 3
4 16 27.64 -46 3 32.71 -52 3 9.5 -52 3 9.5 -46 3
4 16 36.39 -58 3 39.09 -64 3 9.5 -64 3 9.5 -58 3
4 16 41 -70 3 42.22 -76 3 9.5 -76 3 9.5 -70 3
1 16 26.16 -85 3 0 0 -16.66 -3 0 0 0 1 0 rect.dat
4 16 42.22 -94 3 41 -100 3 9.5 -100 3 9.5 -94 3
4 16 39.09 -106 3 36.39 -112 3 9.5 -112 3 9.5 -106 3
4 16 32.71 -118 3 27.64 -124 3 9.5 -124 3 9.5 -118 3
3 16 19.56 -130 11 3.5 -130 11 3.5 -134.3 11
3 16 19.56 -40 11 3.5 -35.7 11 3.5 -40 11
4 16 31.69 -52 11 26.79 -46 11 7 -46 11 7 -52 11
4 16 37.88 -64 11 35.27 -58 11 7 -58 11 7 -64 11
4 16 40.92 -76 11 39.73 -70 11 7 -70 11 7 -76 11
1 16 24.25 -85 11 0 0 -17.25 3 0 0 0 -1 0 rect.dat
4 16 39.73 -100 11 40.92 -94 11 7 -94 11 7 -100 11
4 16 35.27 -112 11 37.88 -106 11 7 -106 11 7 -112 11
4 16 26.79 -124 11 31.69 -118 11 7 -118 11 7 -124 11
4 16 25.45 -46 17 30.11 -52 17 7 -52 17 7 -46 17
4 16 33.51 -58 17 35.99 -64 17 7 -64 17 7 -58 17
4 16 37.75 -70 17 38.88 -76 17 7 -76 17 7 -70 17
1 16 23.215 -85 17 0 0 -16.215 -3 0 0 0 1 0 rect.dat
4 16 38.88 -94 17 37.75 -100 17 7 -100 17 7 -94 17
4 16 35.99 -106 17 33.51 -112 17 7 -112 17 7 -106 17
4 16 30.11 -118 17 25.45 -124 17 7 -124 17 7 -118 17
4 16 26.67 -52 25 22.54 -46 25 3.5 -46 25 3.5 -52 25
4 16 31.88 -64 25 29.68 -58 25 4.5 -58 25 4.5 -64 25
4 16 34.44 -76 25 33.44 -70 25 4.5 -70 25 4.5 -76 25
1 16 19.715 -85 25 0 0 -15.215 3 0 0 0 -1.00319 0 rect.dat
4 16 33.44 -100 25 34.44 -94 25 4.5 -94 25 4.5 -100 25
4 16 29.68 -112 25 31.88 -106 25 4.5 -106 25 4.5 -112 25
4 16 22.54 -124 25 26.67 -118 25 3.5 -118 25 3.5 -124 25
4 16 25.28 -58 31 27.16 -64 31 4.5 -64 31 4.5 -58 31
4 16 28.48 -70 31 29.33 -76 31 4.5 -76 31 4.5 -70 31
1 16 17.125 -85 31 0 0 -12.625 -3 0 0 0 1 0 rect.dat
4 16 29.33 -94 31 28.48 -100 31 4.5 -100 31 4.5 -94 31
4 16 27.16 -106 31 25.28 -112 31 4.5 -112 31 4.5 -106 31
3 16 -8 -34.12 3 -8 -40 3 -20.19 -40 3
3 16 6 -135.88 3 6 -130 3 20.19 -130 3
3 16 20.19 -130 -3 6 -130 -3 6 -135.88 -3
3 16 -6 -135.88 -3 -6 -130 -3 -20.19 -130 -3
3 16 -20.19 -130 3 -6 -130 3 -6 -135.88 3
4 16 -9.5 -46 3 -9.5 -52 3 -32.71 -52 3 -27.64 -46 3
4 16 -9.5 -58 3 -9.5 -64 3 -39.09 -64 3 -36.39 -58 3
4 16 -9.5 -70 3 -9.5 -76 3 -42.22 -76 3 -41 -70 3
1 16 -26.16 -85 3 0 0 -16.66 -3 0 0 0 1 0 rect.dat
4 16 -9.5 -94 3 -9.5 -100 3 -41 -100 3 -42.22 -94 3
4 16 -9.5 -106 3 -9.5 -112 3 -36.39 -112 3 -39.09 -106 3
4 16 -9.5 -118 3 -9.5 -124 3 -27.64 -124 3 -32.71 -118 3
3 16 -3.5 -134.3 11 -3.5 -130 11 -19.56 -130 11
3 16 -3.5 -40 11 -3.5 -35.7 11 -19.56 -40 11
4 16 -7 -52 11 -7 -46 11 -26.79 -46 11 -31.69 -52 11
4 16 -7 -64 11 -7 -58 11 -35.27 -58 11 -37.88 -64 11
4 16 -7 -76 11 -7 -70 11 -39.73 -70 11 -40.92 -76 11
1 16 -24.25 -85 11 0 0 -17.25 3 0 0 0 -1 0 rect.dat
4 16 -7 -100 11 -7 -94 11 -40.92 -94 11 -39.73 -100 11
4 16 -7 -112 11 -7 -106 11 -37.88 -106 11 -35.27 -112 11
4 16 -7 -124 11 -7 -118 11 -31.69 -118 11 -26.79 -124 11
4 16 -7 -46 17 -7 -52 17 -30.11 -52 17 -25.45 -46 17
4 16 -7 -58 17 -7 -64 17 -35.99 -64 17 -33.51 -58 17
4 16 -7 -70 17 -7 -76 17 -38.88 -76 17 -37.75 -70 17
1 16 -23.215 -85 17 0 0 -16.215 -3 0 0 0 1 0 rect.dat
4 16 -7 -94 17 -7 -100 17 -37.75 -100 17 -38.88 -94 17
4 16 -7 -106 17 -7 -112 17 -33.51 -112 17 -35.99 -106 17
4 16 -7 -118 17 -7 -124 17 -25.45 -124 17 -30.11 -118 17
4 16 -3.5 -52 25 -3.5 -46 25 -22.54 -46 25 -26.67 -52 25
4 16 -4.5 -64 25 -4.5 -58 25 -29.68 -58 25 -31.88 -64 25
4 16 -4.5 -76 25 -4.5 -70 25 -33.44 -70 25 -34.44 -76 25
1 16 -19.715 -85 25 0 0 -15.215 3 0 0 0 -1.00319 0 rect.dat
4 16 -4.5 -100 25 -4.5 -94 25 -34.44 -94 25 -33.44 -100 25
4 16 -4.5 -112 25 -4.5 -106 25 -31.88 -106 25 -29.68 -112 25
4 16 -3.5 -124 25 -3.5 -118 25 -26.67 -118 25 -22.54 -124 25
4 16 -4.5 -58 31 -4.5 -64 31 -27.16 -64 31 -25.28 -58 31
4 16 -4.5 -70 31 -4.5 -76 31 -29.33 -76 31 -28.48 -70 31
1 16 -17.125 -85 31 0 0 -12.625 -3 0 0 0 1 0 rect.dat
4 16 -4.5 -94 31 -4.5 -100 31 -28.48 -100 31 -29.33 -94 31
4 16 -4.5 -106 31 -4.5 -112 31 -25.28 -112 31 -27.16 -106 31
0 // base plate
1 16 0 4 0 1 0 0 0 -1 0 0 0 -1 stud4.dat
1 16 0 8 0 24 0 0 0 1 0 0 0 24 4-4edge.dat
1 16 0 8 0 4 0 0 0 -1 0 0 0 4 4-4ring5.dat
0 BFC INVERTNEXT
1 16 0 4 0 20 0 0 0 4 0 0 0 20 4-4cylc.dat
1 16 0 4 0 24 0 0 0 4 0 0 0 24 4-4cyli.dat
1 16 0 0 0 10 0 0 0 1 0 0 0 10 4-4ring1.dat
0 BFC INVERTNEXT
1 16 0 -4 0 10 0 0 0 10 0 0 0 10 t02i4000.dat
0 BFC INVERTNEXT
1 16 0 -4 0 -10 0 0 0 10 0 0 0 -10 t02i4000.dat
1 16 0 4 0 20 0 0 0 -20 0 0 0 20 t04o2000.dat
1 16 0 4 0 0 0 -20 0 -20 0 20 0 0 t04o2000.dat
1 16 0 4 0 -20 0 0 0 -20 0 0 0 -20 t04o2000.dat
1 16 0 4 0 0 0 20 0 -20 0 -20 0 0 t04o2000.dat
0 //
0 // y-axis: stud: 45
0 //
1 16 0 -36 0 6 0 0 0 32 0 0 0 6 4-4cyli.dat
2 24 5.073 -34.12 3 4.243 -34.365 4.243
2 24 2.296 -34.622 5.543 4.243 -34.365 4.243
2 24 0 -34.713 6 2.296 -34.622 5.543
2 24 -2.296 -34.622 5.543 0 -34.713 6
2 24 -4.243 -34.365 4.243 -2.296 -34.622 5.543
2 24 -5.073 -34.12 3 -4.243 -34.365 4.243
2 24 6 -34.12 0 5.543 -34.12 2.296
2 24 -5.543 -34.12 -2.296 -6 -34.12 0
2 24 -5.073 -34.12 -3 -5.543 -34.12 -2.296
2 24 5.073 -34.12 -3 5.543 -34.12 -2.296
2 24 5.543 -34.12 -2.296 6 -34.12 0
2 24 5.543 -34.12 2.296 5.073 -34.12 3
2 24 -5.543 -34.12 2.296 -5.073 -34.12 3
2 24 -6 -34.12 0 -5.543 -34.12 2.296
2 24 -4.243 -34.365 -4.243 -5.073 -34.12 -3
2 24 -4.243 -34.365 -4.243 -2.296 -34.622 -5.543
2 24 -2.296 -34.622 -5.543 0 -34.713 -6
2 24 0 -34.713 -6 2.296 -34.622 -5.543
2 24 2.296 -34.622 -5.543 4.243 -34.365 -4.243
2 24 4.243 -34.365 -4.243 5.073 -34.12 -3
0 //
1 16 0 -46 0 6 0 0 0 6 0 0 0 6 4-4cylo.dat
1 16 0 -58 0 5.5 0 0 0 6 0 0 0 5.5 4-4cylo.dat
1 16 0 -70 0 5.5 0 0 0 6 0 0 0 5.5 4-4cylo.dat
1 16 0 -82 0 5.5 0 0 0 6 0 0 0 5.5 4-4cylo.dat
1 16 0 -94 0 5.5 0 0 0 6 0 0 0 5.5 4-4cylo.dat
1 16 0 -106 0 5 0 0 0 6 0 0 0 5 4-4cylo.dat
1 16 0 -118 0 5 0 0 0 6 0 0 0 5 4-4cylo.dat
1 16 0 -130 0 4 0 0 0 6 0 0 0 4 4-4cylo.dat
2 24 1 -46 5.8 1 -40 5.8
2 24 -1 -46 5.8 -1 -40 5.8
2 24 -1 -46 -5.8 -1 -40 -5.8
2 24 1 -46 -5.8 1 -40 -5.8
2 24 1 -58 5.3 1 -52 5.3
2 24 -1 -58 5.3 -1 -52 5.3
2 24 -1 -58 -5.3 -1 -52 -5.3
2 24 1 -58 -5.3 1 -52 -5.3
2 24 1 -70 5.3 1 -64 5.3
2 24 -1 -70 5.3 -1 -64 5.3
2 24 -1 -70 -5.3 -1 -64 -5.3
2 24 1 -70 -5.3 1 -64 -5.3
2 24 1 -82 5.3 1 -76 5.3
2 24 -1 -82 5.3 -1 -76 5.3
2 24 -1 -82 -5.3 -1 -76 -5.3
2 24 1 -82 -5.3 1 -76 -5.3
2 24 1 -94 5.3 1 -88 5.3
2 24 -1 -94 5.3 -1 -88 5.3
2 24 -1 -94 -5.3 -1 -88 -5.3
2 24 1 -94 -5.3 1 -88 -5.3
2 24 1 -106 4.8 1 -100 4.8
2 24 -1 -106 4.8 -1 -100 4.8
2 24 -1 -106 -4.8 -1 -100 -4.8
2 24 1 -106 -4.8 1 -100 -4.8
2 24 1 -118 4.8 1 -112 4.8
2 24 -1 -118 4.8 -1 -112 4.8
2 24 -1 -118 -4.8 -1 -112 -4.8
2 24 1 -118 -4.8 1 -112 -4.8
2 24 1 -130 3.8 1 -124 3.8
2 24 -1 -130 3.8 -1 -124 3.8
2 24 -1 -130 -3.8 -1 -124 -3.8
2 24 1 -130 -3.8 1 -124 -3.8
0 // z-axis: plate
0 //
2 24 -1 -46.5 26.46 -1 -49.5 29.82
2 24 -1 -49.5 -29.82 -1 -46.5 -26.46
2 24 1 -46.5 26.46 1 -49.5 29.82
2 24 1 -49.5 -29.82 1 -46.5 -26.46
4 16 -1 -36 8.4 -1 -35 4.2 -1 -85 0 -1 -37 12.18
3 16 -1 -39 15.96 -1 -37 12.18 -1 -85 0
4 16 -1 -41 19.74 -1 -39 15.96 -1 -85 0 -1 -43.5 23.52
3 16 -1 -46.5 26.46 -1 -43.5 23.52 -1 -85 0
4 16 -1 -49.5 29.82 -1 -46.5 26.46 -1 -85 0 -1 -53.5 32.34
4 16 -1 -57 34.86 -1 -53.5 32.34 -1 -85 0 -1 -61.5 36.96
3 16 -1 -66 38.64 -1 -61.5 36.96 -1 -85 0
4 16 -1 -70.5 40.32 -1 -66 38.64 -1 -85 0 -1 -75 41.16
4 16 -1 -80 42 -1 -75 41.16 -1 -85 0 -1 -85 42
4 16 -1 -90 42 -1 -85 42 -1 -85 0 -1 -95 41.16
4 16 -1 -99.5 40.32 -1 -95 41.16 -1 -85 0 -1 -104 38.64
4 16 -1 -108.5 36.96 -1 -104 38.64 -1 -85 0 -1 -113 34.86
3 16 -1 -116.5 32.34 -1 -113 34.86 -1 -85 0
4 16 -1 -120.5 29.82 -1 -116.5 32.34 -1 -85 0 -1 -123.5 26.46
4 16 -1 -126.5 23.52 -1 -123.5 26.46 -1 -85 0 -1 -129 19.74
3 16 -1 -131 15.96 -1 -129 19.74 -1 -85 0
4 16 -1 -133 12.18 -1 -131 15.96 -1 -85 0 -1 -134 8.4
3 16 -1 -135 4.2 -1 -134 8.4 -1 -85 0
4 16 -1 -134 -8.4 -1 -135 -4.2 -1 -85 0 -1 -133 -12.18
3 16 -1 -131 -15.96 -1 -133 -12.18 -1 -85 0
4 16 -1 -129 -19.74 -1 -131 -15.96 -1 -85 0 -1 -126.5 -23.52
3 16 -1 -123.5 -26.46 -1 -126.5 -23.52 -1 -85 0
4 16 -1 -120.5 -29.82 -1 -123.5 -26.46 -1 -85 0 -1 -116.5 -32.34
4 16 -1 -113 -34.86 -1 -116.5 -32.34 -1 -85 0 -1 -108.5 -36.96
3 16 -1 -104 -38.64 -1 -108.5 -36.96 -1 -85 0
4 16 -1 -99.5 -40.32 -1 -104 -38.64 -1 -85 0 -1 -95 -41.16
4 16 -1 -90 -42 -1 -95 -41.16 -1 -85 0 -1 -85 -42
4 16 -1 -80 -42 -1 -85 -42 -1 -85 0 -1 -75 -41.16
4 16 -1 -70.5 -40.32 -1 -75 -41.16 -1 -85 0 -1 -66 -38.64
4 16 -1 -61.5 -36.96 -1 -66 -38.64 -1 -85 0 -1 -57 -34.86
3 16 -1 -53.5 -32.34 -1 -57 -34.86 -1 -85 0
4 16 -1 -49.5 -29.82 -1 -53.5 -32.34 -1 -85 0 -1 -46.5 -26.46
4 16 -1 -43.5 -23.52 -1 -46.5 -26.46 -1 -85 0 -1 -41 -19.74
3 16 -1 -39 -15.96 -1 -41 -19.74 -1 -85 0
4 16 -1 -37 -12.18 -1 -39 -15.96 -1 -85 0 -1 -36 -8.4
3 16 -1 -35 -4.2 -1 -36 -8.4 -1 -85 0
1 16 0 -40 17.85 0 0 -1 1 -7.56 0 -1.89 -4 0 rect2p.dat
5 24 -1 -39 15.96 1 -39 15.96 -1 -37 12.18 -1 -41 19.74
1 16 0 -42.25 21.63 0 0 -1 1.25 -7.56 0 -1.89 -5 0 rect2p.dat
5 24 -1 -41 19.74 1 -41 19.74 -1 -39 15.96 -1 -43.5 23.52
1 16 0 -45 24.99 0 0 -1 1.5 -5.88 0 -1.47 -6 0 rect2p.dat
5 24 -1 -43.5 23.52 1 -43.5 23.52 -1 -41 19.74 -1 -46.5 26.46
1 16 0 -51.5 31.08 0 0 -1 2 -5.04 0 -1.26 -8 0 rect2p.dat
1 16 0 -55.25 33.6 0 0 -1 1.75 -5.04 0 -1.26 -7 0 rect2p.dat
5 24 -1 -53.5 32.34 1 -53.5 32.34 -1 -49.5 29.82 -1 -57 34.86
1 16 0 -59.25 35.91 0 0 -1 2.25 -4.2 0 -1.05 -9 0 rect2p.dat
5 24 -1 -57 34.86 1 -57 34.86 -1 -53.5 32.34 -1 -61.5 36.96
1 16 0 -63.75 37.8 0 0 -1 2.25 -1.12 0 -0.84 -3 0 rect2p.dat
5 24 -1 -61.5 36.96 1 -61.5 36.96 -1 -57 34.86 -1 -66 38.64
1 16 0 -68.25 39.48 0 0 -1 2.25 -1.12 0 -0.84 -3 0 rect2p.dat
5 24 -1 -66 38.64 1 -66 38.64 -1 -61.5 36.96 -1 -70.5 40.32
1 16 0 -77.5 41.58 0 0 -1 2.5 -1.68 0 -0.42 -10 0 rect2p.dat
1 16 0 -82.5 42 0 0 -1 2.5 0 0 0 -1 0 rect2p.dat
5 24 -1 -80 42 1 -80 42 -1 -75 41.16 -1 -85 42
1 16 0 -87.5 42 0 0 -1 2.5 0 0 0 -1 0 rect2p.dat
5 24 -1 -85 42 1 -85 42 -1 -80 42 -1 -90 42
1 16 0 -92.5 41.58 0 0 -1 2.5 0.21 0 0.42 -1.25 0 rect2p.dat
5 24 -1 -90 42 1 -90 42 -1 -85 42 -1 -95 41.16
1 16 0 -101.75 39.48 0 0 -1 2.25 0.34975 0 0.84 -1 0 rect2p.dat
1 16 0 -106.25 37.8 0 0 -1 2.25 0.34975 0 0.84 -1 0 rect2p.dat
5 24 -1 -104 38.64 1 -104 38.64 -1 -99.5 40.32 -1 -108.5 36.96
1 16 0 -110.75 35.91 0 0 -1 2.25 0.7 0 1.05 -1.5 0 rect2p.dat
5 24 -1 -108.5 36.96 1 -108.5 36.96 -1 -104 38.64 -1 -113 34.86
1 16 0 -114.75 33.6 0 0 -1 1.75 0.5843 0 1.26 -1 0 rect2p.dat
5 24 -1 -113 34.86 1 -113 34.86 -1 -108.5 36.96 -1 -116.5 32.34
1 16 0 -118.5 31.08 0 0 -1 2 0.63 0 1.26 -1 0 rect2p.dat
5 24 -1 -116.5 32.34 1 -116.5 32.34 -1 -113 34.86 -1 -120.5 29.82
1 16 0 -125 24.99 0 0 -1 1.5 0.49 0 1.47 -0.5 0 rect2p.dat
1 16 0 -127.75 21.63 0 0 -1 1.25 1.89 0 1.89 -1.25 0 rect2p.dat
5 24 -1 -126.5 23.52 1 -126.5 23.52 -1 -123.5 26.46 -1 -129 19.74
1 16 0 -130 17.85 0 0 -1 1 0.8839 0 1.89 -1 0 rect2p.dat
5 24 -1 -129 19.74 1 -129 19.74 -1 -126.5 23.52 -1 -131 15.96
1 16 0 -130 -17.85 0 0 -1 -1 0.8839 0 1.89 1 0 rect2p.dat
5 24 -1 -131 -15.96 1 -131 -15.96 -1 -133 -12.18 -1 -129 -19.74
1 16 0 -127.75 -21.63 0 0 -1 -1.25 1.89 0 1.89 1.25 0 rect2p.dat
5 24 -1 -129 -19.74 1 -129 -19.74 -1 -131 -15.96 -1 -126.5 -23.52
1 16 0 -125 -24.99 0 0 -1 -1.5 0.49 0 1.47 0.5 0 rect2p.dat
5 24 -1 -126.5 -23.52 1 -126.5 -23.52 -1 -129 -19.74 -1 -123.5 -26.46
1 16 0 -118.5 -31.08 0 0 -1 -2 0.63 0 1.26 1 0 rect2p.dat
1 16 0 -114.75 -33.6 0 0 -1 -1.75 0.5843 0 1.26 1 0 rect2p.dat
5 24 -1 -116.5 -32.34 1 -116.5 -32.34 -1 -120.5 -29.82 -1 -113 -34.86
1 16 0 -110.75 -35.91 0 0 -1 -2.25 0.7 0 1.05 1.5 0 rect2p.dat
5 24 -1 -113 -34.86 1 -113 -34.86 -1 -116.5 -32.34 -1 -108.5 -36.96
1 16 0 -106.25 -37.8 0 0 -1 -2.25 0.34975 0 0.84 1 0 rect2p.dat
5 24 -1 -108.5 -36.96 1 -108.5 -36.96 -1 -113 -34.86 -1 -104 -38.64
1 16 0 -101.75 -39.48 0 0 -1 -2.25 0.34975 0 0.84 1 0 rect2p.dat
5 24 -1 -104 -38.64 1 -104 -38.64 -1 -108.5 -36.96 -1 -99.5 -40.32
1 16 0 -92.5 -41.58 0 0 -1 -2.5 0.21 0 0.42 1.25 0 rect2p.dat
1 16 0 -87.5 -42 0 0 -1 -2.5 0 0 0 1 0 rect2p.dat
5 24 -1 -90 -42 1 -90 -42 -1 -95 -41.16 -1 -85 -42
1 16 0 -82.5 -42 0 0 -1 -2.5 0 0 0 1 0 rect2p.dat
5 24 -1 -85 -42 1 -85 -42 -1 -90 -42 -1 -80 -42
1 16 0 -77.5 -41.58 0 0 -1 -2.5 -1.68 0 -0.42 10 0 rect2p.dat
5 24 -1 -80 -42 1 -80 -42 -1 -85 -42 -1 -75 -41.16
1 16 0 -68.25 -39.48 0 0 -1 -2.25 -1.12 0 -0.84 3 0 rect2p.dat
1 16 0 -63.75 -37.8 0 0 -1 -2.25 -1.12 0 -0.84 3 0 rect2p.dat
5 24 -1 -66 -38.64 1 -66 -38.64 -1 -70.5 -40.32 -1 -61.5 -36.96
1 16 0 -59.25 -35.91 0 0 -1 -2.25 -4.2 0 -1.05 9 0 rect2p.dat
5 24 -1 -61.5 -36.96 1 -61.5 -36.96 -1 -66 -38.64 -1 -57 -34.86
1 16 0 -55.25 -33.6 0 0 -1 -1.75 -5.04 0 -1.26 7 0 rect2p.dat
5 24 -1 -57 -34.86 1 -57 -34.86 -1 -61.5 -36.96 -1 -53.5 -32.34
1 16 0 -51.5 -31.08 0 0 -1 -2 -5.04 0 -1.26 8 0 rect2p.dat
5 24 -1 -53.5 -32.34 1 -53.5 -32.34 -1 -57 -34.86 -1 -49.5 -29.82
1 16 0 -45 -24.99 0 0 -1 -1.5 -5.88 0 -1.47 6 0 rect2p.dat
1 16 0 -42.25 -21.63 0 0 -1 -1.25 -7.56 0 -1.89 5 0 rect2p.dat
5 24 -1 -43.5 -23.52 1 -43.5 -23.52 -1 -46.5 -26.46 -1 -41 -19.74
1 16 0 -40 -17.85 0 0 -1 -1 -7.56 0 -1.89 4 0 rect2p.dat
5 24 -1 -41 -19.74 1 -41 -19.74 -1 -43.5 -23.52 -1 -39 -15.96
4 16 1 -37 12.18 1 -85 0 1 -35 4.2 1 -36 8.4
3 16 1 -85 0 1 -37 12.18 1 -39 15.96
4 16 1 -43.5 23.52 1 -85 0 1 -39 15.96 1 -41 19.74
3 16 1 -85 0 1 -43.5 23.52 1 -46.5 26.46
4 16 1 -53.5 32.34 1 -85 0 1 -46.5 26.46 1 -49.5 29.82
4 16 1 -61.5 36.96 1 -85 0 1 -53.5 32.34 1 -57 34.86
3 16 1 -85 0 1 -61.5 36.96 1 -66 38.64
4 16 1 -75 41.16 1 -85 0 1 -66 38.64 1 -70.5 40.32
4 16 1 -85 42 1 -85 0 1 -75 41.16 1 -80 42
4 16 1 -95 41.16 1 -85 0 1 -85 42 1 -90 42
4 16 1 -104 38.64 1 -85 0 1 -95 41.16 1 -99.5 40.32
4 16 1 -113 34.86 1 -85 0 1 -104 38.64 1 -108.5 36.96
3 16 1 -85 0 1 -113 34.86 1 -116.5 32.34
4 16 1 -123.5 26.46 1 -85 0 1 -116.5 32.34 1 -120.5 29.82
4 16 1 -129 19.74 1 -85 0 1 -123.5 26.46 1 -126.5 23.52
3 16 1 -85 0 1 -129 19.74 1 -131 15.96
4 16 1 -134 8.4 1 -85 0 1 -131 15.96 1 -133 12.18
3 16 1 -85 0 1 -134 8.4 1 -135 4.2
4 16 1 -133 -12.18 1 -85 0 1 -135 -4.2 1 -134 -8.4
3 16 1 -85 0 1 -133 -12.18 1 -131 -15.96
4 16 1 -126.5 -23.52 1 -85 0 1 -131 -15.96 1 -129 -19.74
3 16 1 -85 0 1 -126.5 -23.52 1 -123.5 -26.46
4 16 1 -116.5 -32.34 1 -85 0 1 -123.5 -26.46 1 -120.5 -29.82
4 16 1 -108.5 -36.96 1 -85 0 1 -116.5 -32.34 1 -113 -34.86
3 16 1 -85 0 1 -108.5 -36.96 1 -104 -38.64
4 16 1 -95 -41.16 1 -85 0 1 -104 -38.64 1 -99.5 -40.32
4 16 1 -85 -42 1 -85 0 1 -95 -41.16 1 -90 -42
4 16 1 -75 -41.16 1 -85 0 1 -85 -42 1 -80 -42
4 16 1 -66 -38.64 1 -85 0 1 -75 -41.16 1 -70.5 -40.32
4 16 1 -57 -34.86 1 -85 0 1 -66 -38.64 1 -61.5 -36.96
3 16 1 -85 0 1 -57 -34.86 1 -53.5 -32.34
4 16 1 -46.5 -26.46 1 -85 0 1 -53.5 -32.34 1 -49.5 -29.82
4 16 1 -41 -19.74 1 -85 0 1 -46.5 -26.46 1 -43.5 -23.52
3 16 1 -85 0 1 -41 -19.74 1 -39 -15.96
4 16 1 -36 -8.4 1 -85 0 1 -39 -15.96 1 -37 -12.18
3 16 1 -85 0 1 -36 -8.4 1 -35 -4.2
0 //
0 //
0 // x-axis: box: 45 3
0 //
2 24 20.19 -40 3 19.56 -40 11
2 24 19.56 -40 11 3.5 -35.7 11
2 24 8 -34.12 3 20.19 -40 3
2 24 20.19 -40 3 8 -40 3
2 24 19.56 -40 11 3.5 -40 11
2 24 3.5 -40 11 3.5 -35.7 11
2 24 -20.19 -40 3 -19.56 -40 11
2 24 -19.56 -40 11 -3.5 -35.7 11
2 24 -8 -34.12 3 -20.19 -40 3
2 24 -20.19 -40 3 -8 -40 3
2 24 -19.56 -40 11 -3.5 -40 11
2 24 -3.5 -40 11 -3.5 -35.7 11
3 16 20.19 -40 3 8 -34.12 3 19.56 -40 11
3 16 8 -34.12 3 3.5 -35.7 11 19.56 -40 11
5 24 19.56 -40 11 8 -34.12 3 20.19 -40 3 3.5 -35.7 11
4 16 -19.56 -40 11 -20.19 -40 3 20.19 -40 3 19.56 -40 11
4 16 -8 -34.12 3 -3.5 -35.7 11 3.5 -35.7 11 8 -34.12 3
3 16 -8 -34.12 3 -19.56 -40 11 -3.5 -35.7 11
3 16 -20.19 -40 3 -19.56 -40 11 -8 -34.12 3
5 24 -8 -34.12 3 -19.56 -40 11 -3.5 -35.7 11 -20.19 -40 3
0 //
0 // z-axis: slope: 45 -11
0 //
1 16 0 -40 -15.62 -3.5 0 0 0 1 0 0 0 -4.62 rect3.dat
2 24 3.5 -40 -11 3.5 -35.7 -11
3 16 3.5 -40 -11 3.5 -40 -20.24 3.5 -35.7 -11
2 24 -3.5 -40 -11 -3.5 -35.7 -11
3 16 -3.5 -40 -20.24 -3.5 -40 -11 -3.5 -35.7 -11
1 16 0 -37.85 -15.62 0 0 -3.5 -2.15 -0.90663 0 -4.62 1 0 rect2p.dat
0 //
0 // z-axis: slope neg: 45 -11
0 //
1 16 0 -40 15.62 3.5 0 0 0 1 0 0 0 4.62 rect3.dat
3 16 3.5 -35.7 11 3.5 -40 20.24 3.5 -40 11
3 16 -3.5 -35.7 11 -3.5 -40 11 -3.5 -40 20.24
1 16 0 -37.85 15.62 0 0 -3.5 2.15 -32.34 0 -4.62 -15.05 0 rect2p.dat
0 //
0 // z-axis: box: 45 -11
0 //
1 16 8 -37.06 0 0 -1.008 0 0 0 2.94 -3 0 0 rect.dat
1 16 -8 -37.06 0 0 1 0 0 0 -2.94 -3 0 0 rect.dat
4 16 -8 -40 3 -8 -40 -3 8 -40 -3 8 -40 3
4 16 8 -34.12 3 8 -34.12 -3 -8 -34.12 -3 -8 -34.12 3
0 //
0 // x-axis: box: 45 -11
0 //
2 24 19.56 -40 -11 20.19 -40 -3
2 24 20.19 -40 -3 8 -34.12 -3
2 24 3.5 -35.7 -11 19.56 -40 -11
2 24 19.56 -40 -11 3.5 -40 -11
2 24 20.19 -40 -3 8 -40 -3
2 24 -19.56 -40 -11 -20.19 -40 -3
2 24 -20.19 -40 -3 -8 -34.12 -3
2 24 -3.5 -35.7 -11 -19.56 -40 -11
2 24 -19.56 -40 -11 -3.5 -40 -11
2 24 -20.19 -40 -3 -8 -40 -3
3 16 19.56 -40 -11 8 -34.12 -3 20.19 -40 -3
3 16 3.5 -35.7 -11 8 -34.12 -3 19.56 -40 -11
5 24 19.56 -40 -11 8 -34.12 -3 20.19 -40 -3 3.5 -35.7 -11
4 16 -20.19 -40 -3 -19.56 -40 -11 19.56 -40 -11 20.19 -40 -3
4 16 -3.5 -35.7 -11 -8 -34.12 -3 8 -34.12 -3 3.5 -35.7 -11
3 16 -3.5 -35.7 -11 -19.56 -40 -11 -8 -34.12 -3
3 16 -19.56 -40 -11 -20.19 -40 -3 -8 -34.12 -3
5 24 -8 -34.12 -3 -19.56 -40 -11 -3.5 -35.7 -11 -20.19 -40 -3
0 //
0 // x-axis: box: 33 17
0 //
2 24 30.11 -52 17 26.67 -52 25
2 24 26.67 -52 25 22.54 -46 25
2 24 22.54 -46 25 25.45 -46 17
2 24 25.45 -46 17 30.11 -52 17
2 24 30.11 -52 17 7 -52 17
2 24 26.67 -52 25 3.5 -52 25
2 24 25.45 -46 17 7 -46 17
2 24 22.54 -46 25 3.5 -46 25
2 24 3.5 -52 25 3.5 -46 25
2 24 -30.11 -52 17 -26.67 -52 25
2 24 -26.67 -52 25 -22.54 -46 25
2 24 -22.54 -46 25 -25.45 -46 17
2 24 -25.45 -46 17 -30.11 -52 17
2 24 -30.11 -52 17 -7 -52 17
2 24 -26.67 -52 25 -3.5 -52 25
2 24 -25.45 -46 17 -7 -46 17
2 24 -22.54 -46 25 -3.5 -46 25
2 24 -3.5 -52 25 -3.5 -46 25
3 16 30.11 -52 17 25.45 -46 17 26.67 -52 25
3 16 25.45 -46 17 22.54 -46 25 26.67 -52 25
5 24 26.67 -52 25 25.45 -46 17 30.11 -52 17 22.54 -46 25
4 16 -26.67 -52 25 -30.11 -52 17 30.11 -52 17 26.67 -52 25
4 16 -25.45 -46 17 -22.54 -46 25 22.54 -46 25 25.45 -46 17
3 16 -25.45 -46 17 -26.67 -52 25 -22.54 -46 25
3 16 -30.11 -52 17 -26.67 -52 25 -25.45 -46 17
5 24 -25.45 -46 17 -26.67 -52 25 -22.54 -46 25 -30.11 -52 17
0 //
0 // z-axis: box: 33 3
0 //
1 16 7 -49 14 0 -1 0 0 0 3 -3 0 0 rect.dat
1 16 -7 -49 14 0 1 0 0 0 -3 -3 0 0 rect.dat
4 16 -7 -52 17 -7 -52 11 7 -52 11 7 -52 17
4 16 7 -46 17 7 -46 11 -7 -46 11 -7 -46 17
0 //
0 // x-axis: box: 33 3
0 //
2 24 32.71 -52 3 31.69 -52 11
2 24 31.69 -52 11 26.79 -46 11
2 24 26.79 -46 11 27.64 -46 3
2 24 27.64 -46 3 32.71 -52 3
2 24 32.71 -52 3 9.5 -52 3
2 24 31.69 -52 11 7 -52 11
2 24 27.64 -46 3 9.5 -46 3
2 24 26.79 -46 11 7 -46 11
2 24 -32.71 -52 3 -31.69 -52 11
2 24 -31.69 -52 11 -26.79 -46 11
2 24 -26.79 -46 11 -27.64 -46 3
2 24 -27.64 -46 3 -32.71 -52 3
2 24 -32.71 -52 3 -9.5 -52 3
2 24 -31.69 -52 11 -7 -52 11
2 24 -27.64 -46 3 -9.5 -46 3
2 24 -26.79 -46 11 -7 -46 11
3 16 32.71 -52 3 27.64 -46 3 31.69 -52 11
3 16 27.64 -46 3 26.79 -46 11 31.69 -52 11
5 24 31.69 -52 11 27.64 -46 3 32.71 -52 3 26.79 -46 11
4 16 -31.69 -52 11 -32.71 -52 3 32.71 -52 3 31.69 -52 11
4 16 -27.64 -46 3 -26.79 -46 11 26.79 -46 11 27.64 -46 3
3 16 -27.64 -46 3 -31.69 -52 11 -26.79 -46 11
3 16 -32.71 -52 3 -31.69 -52 11 -27.64 -46 3
5 24 -27.64 -46 3 -31.69 -52 11 -26.79 -46 11 -32.71 -52 3
0 //
0 // z-axis: box: 33 -11
0 //
1 16 9.5 -49 0 0 -1 0 0 0 3 -3 0 0 rect.dat
1 16 -9.5 -49 0 0 1 0 0 0 -3 -3 0 0 rect.dat
4 16 -9.5 -52 3 -9.5 -52 -3 9.5 -52 -3 9.5 -52 3
4 16 9.5 -46 3 9.5 -46 -3 -9.5 -46 -3 -9.5 -46 3
0 //
0 // x-axis: box: 33 -11
0 //
2 24 31.69 -52 -11 32.71 -52 -3
2 24 32.71 -52 -3 27.64 -46 -3
2 24 27.64 -46 -3 26.79 -46 -11
2 24 26.79 -46 -11 31.69 -52 -11
2 24 31.69 -52 -11 7 -52 -11
2 24 32.71 -52 -3 9.5 -52 -3
2 24 26.79 -46 -11 7 -46 -11
2 24 27.64 -46 -3 9.5 -46 -3
2 24 -31.69 -52 -11 -32.71 -52 -3
2 24 -32.71 -52 -3 -27.64 -46 -3
2 24 -27.64 -46 -3 -26.79 -46 -11
2 24 -26.79 -46 -11 -31.69 -52 -11
2 24 -31.69 -52 -11 -7 -52 -11
2 24 -32.71 -52 -3 -9.5 -52 -3
2 24 -26.79 -46 -11 -7 -46 -11
2 24 -27.64 -46 -3 -9.5 -46 -3
3 16 31.69 -52 -11 27.64 -46 -3 32.71 -52 -3
3 16 26.79 -46 -11 27.64 -46 -3 31.69 -52 -11
5 24 31.69 -52 -11 27.64 -46 -3 32.71 -52 -3 26.79 -46 -11
4 16 -32.71 -52 -3 -31.69 -52 -11 31.69 -52 -11 32.71 -52 -3
4 16 -26.79 -46 -11 -27.64 -46 -3 27.64 -46 -3 26.79 -46 -11
3 16 -26.79 -46 -11 -31.69 -52 -11 -27.64 -46 -3
3 16 -31.69 -52 -11 -32.71 -52 -3 -27.64 -46 -3
5 24 -27.64 -46 -3 -31.69 -52 -11 -26.79 -46 -11 -32.71 -52 -3
0 //
0 // z-axis: slope: 33 -25
0 //
1 16 0 -52 -28.89 -3.5 0 0 0 1 0 0 0 -3.89 rect3.dat
1 16 0 -46 -26.355 3.5 0 0 0 -1.05389 0 0 0 -1.355 rect3.dat
2 24 3.5 -52 -25 3.5 -46 -25
4 16 3.5 -46 -27.71 3.5 -46 -25 3.5 -52 -25 3.5 -52 -32.78
2 24 -3.5 -52 -25 -3.5 -46 -25
4 16 -3.5 -46 -25 -3.5 -46 -27.71 -3.5 -52 -32.78 -3.5 -52 -25
1 16 0 -49 -30.245 0 0 -3.5 -3 -5.07 0 -2.535 6 0 rect2p.dat
0 //
0 // z-axis: slope neg: 33 -25
0 //
1 16 0 -52 28.89 3.5 0 0 0 1 0 0 0 3.89 rect3.dat
1 16 0 -46 26.355 -3.5 0 0 0 -1.05389 0 0 0 1.355 rect3.dat
4 16 3.5 -52 32.78 3.5 -52 25 3.5 -46 25 3.5 -46 27.71
4 16 -3.5 -52 25 -3.5 -52 32.78 -3.5 -46 27.71 -3.5 -46 25
1 16 0 -49 30.245 0 0 -3.5 3 -5.07 0 -2.535 -6 0 rect2p.dat
0 //
0 // z-axis: box: 33 -25
0 //
1 16 7 -49 -14 0 -1 0 0 0 3 -3 0 0 rect.dat
1 16 -7 -49 -14 0 1 0 0 0 -3 -3 0 0 rect.dat
4 16 -7 -52 -11 -7 -52 -17 7 -52 -17 7 -52 -11
4 16 7 -46 -11 7 -46 -17 -7 -46 -17 -7 -46 -11
0 //
0 // x-axis: box: 33 -25
0 //
2 24 26.67 -52 -25 30.11 -52 -17
2 24 30.11 -52 -17 25.45 -46 -17
2 24 25.45 -46 -17 22.54 -46 -25
2 24 22.54 -46 -25 26.67 -52 -25
2 24 26.67 -52 -25 3.5 -52 -25
2 24 30.11 -52 -17 7 -52 -17
2 24 22.54 -46 -25 3.5 -46 -25
2 24 25.45 -46 -17 7 -46 -17
2 24 -26.67 -52 -25 -30.11 -52 -17
2 24 -30.11 -52 -17 -25.45 -46 -17
2 24 -25.45 -46 -17 -22.54 -46 -25
2 24 -22.54 -46 -25 -26.67 -52 -25
2 24 -26.67 -52 -25 -3.5 -52 -25
2 24 -30.11 -52 -17 -7 -52 -17
2 24 -22.54 -46 -25 -3.5 -46 -25
2 24 -25.45 -46 -17 -7 -46 -17
3 16 26.67 -52 -25 25.45 -46 -17 30.11 -52 -17
3 16 22.54 -46 -25 25.45 -46 -17 26.67 -52 -25
5 24 26.67 -52 -25 25.45 -46 -17 30.11 -52 -17 22.54 -46 -25
4 16 -30.11 -52 -17 -26.67 -52 -25 26.67 -52 -25 30.11 -52 -17
4 16 -22.54 -46 -25 -25.45 -46 -17 25.45 -46 -17 22.54 -46 -25
3 16 -22.54 -46 -25 -26.67 -52 -25 -25.45 -46 -17
3 16 -26.67 -52 -25 -30.11 -52 -17 -25.45 -46 -17
5 24 -25.45 -46 -17 -26.67 -52 -25 -22.54 -46 -25 -30.11 -52 -17
0 //
0 // x-axis: box: 21 31
0 //
2 24 27.16 -64 31 16.5 -64 39
2 24 15.36 -58 36.48 25.28 -58 31
2 24 25.28 -58 31 27.16 -64 31
2 24 27.16 -64 31 4.5 -64 31
2 24 25.28 -58 31 4.5 -58 31
2 24 -27.16 -64 31 -16.5 -64 39
2 24 -15.36 -58 36.48 -25.28 -58 31
2 24 -25.28 -58 31 -27.16 -64 31
2 24 -27.16 -64 31 -4.5 -64 31
2 24 -25.28 -58 31 -4.5 -58 31
3 16 27.16 -64 31 25.28 -58 31 16.5 -64 39
3 16 25.28 -58 31 15.36 -58 36.48 16.5 -64 39
5 24 16.5 -64 39 25.28 -58 31 27.16 -64 31 15.36 -58 36.48
4 16 -16.5 -64 39 -27.16 -64 31 27.16 -64 31 16.5 -64 39
4 16 -25.28 -58 31 -15.36 -58 36.48 15.36 -58 36.48 25.28 -58 31
3 16 -25.28 -58 31 -16.5 -64 39 -15.36 -58 36.48
3 16 -27.16 -64 31 -16.5 -64 39 -25.28 -58 31
5 24 -25.28 -58 31 -16.5 -64 39 -15.36 -58 36.48 -27.16 -64 31
0 //
0 // x-axis: slope: 21 31
0 //
2 24 16.5 -64 39 0 -64 39.19
2 24 15.36 -58 36.48 0 -58 36.48
2 24 -16.5 -64 39 0 -64 39.19
2 24 -15.36 -58 36.48 0 -58 36.48
3 16 0 -64 39 0 -64 39.19 16.5 -64 39
3 16 16.5 -64 39 15.36 -58 36.48 0 -64 39.19
3 16 0 -58 36.48 0 -64 39.19 15.36 -58 36.48
5 24 0 -64 39.19 15.36 -58 36.48 16.5 -64 39 0 -58 36.48
3 16 0 -64 39 0 -64 39.19 -16.5 -64 39
3 16 -15.36 -58 36.48 0 -64 39.19 0 -58 36.48
3 16 0 -64 39.19 -15.36 -58 36.48 -16.5 -64 39
5 24 -15.36 -58 36.48 0 -64 39.19 0 -58 36.48 -16.5 -64 39
0 //
0 // z-axis: box: 21 17
0 //
1 16 4.5 -61 28 0 -1 0 0 0 3 -3 0 0 rect.dat
1 16 -4.5 -61 28 0 1 0 0 0 -3 -3 0 0 rect.dat
4 16 -4.5 -64 31 -4.5 -64 25 4.5 -64 25 4.5 -64 31
4 16 4.5 -58 31 4.5 -58 25 -4.5 -58 25 -4.5 -58 31
0 //
0 // x-axis: box: 21 17
0 //
2 24 35.99 -64 17 31.88 -64 25
2 24 31.88 -64 25 29.68 -58 25
2 24 29.68 -58 25 33.51 -58 17
2 24 33.51 -58 17 35.99 -64 17
2 24 35.99 -64 17 7 -64 17
2 24 31.88 -64 25 4.5 -64 25
2 24 33.51 -58 17 7 -58 17
2 24 29.68 -58 25 4.5 -58 25
2 24 -35.99 -64 17 -31.88 -64 25
2 24 -31.88 -64 25 -29.68 -58 25
2 24 -29.68 -58 25 -33.51 -58 17
2 24 -33.51 -58 17 -35.99 -64 17
2 24 -35.99 -64 17 -7 -64 17
2 24 -31.88 -64 25 -4.5 -64 25
2 24 -33.51 -58 17 -7 -58 17
2 24 -29.68 -58 25 -4.5 -58 25
3 16 35.99 -64 17 33.51 -58 17 31.88 -64 25
3 16 33.51 -58 17 29.68 -58 25 31.88 -64 25
5 24 31.88 -64 25 33.51 -58 17 35.99 -64 17 29.68 -58 25
4 16 -31.88 -64 25 -35.99 -64 17 35.99 -64 17 31.88 -64 25
4 16 -33.51 -58 17 -29.68 -58 25 29.68 -58 25 33.51 -58 17
3 16 -33.51 -58 17 -31.88 -64 25 -29.68 -58 25
3 16 -35.99 -64 17 -31.88 -64 25 -33.51 -58 17
5 24 -33.51 -58 17 -31.88 -64 25 -29.68 -58 25 -35.99 -64 17
0 //
0 // z-axis: box: 21 3
0 //
1 16 7 -61 14 0 -1 0 0 0 3 -3 0 0 rect.dat
1 16 -7 -61 14 0 1 0 0 0 -3 -3 0 0 rect.dat
4 16 -7 -64 17 -7 -64 11 7 -64 11 7 -64 17
4 16 7 -58 17 7 -58 11 -7 -58 11 -7 -58 17
0 //
0 // x-axis: box: 21 3
0 //
2 24 39.09 -64 3 37.88 -64 11
2 24 37.88 -64 11 35.27 -58 11
2 24 35.27 -58 11 36.39 -58 3
2 24 36.39 -58 3 39.09 -64 3
2 24 39.09 -64 3 9.5 -64 3
2 24 37.88 -64 11 7 -64 11
2 24 36.39 -58 3 9.5 -58 3
2 24 35.27 -58 11 7 -58 11
2 24 -39.09 -64 3 -37.88 -64 11
2 24 -37.88 -64 11 -35.27 -58 11
2 24 -35.27 -58 11 -36.39 -58 3
2 24 -36.39 -58 3 -39.09 -64 3
2 24 -39.09 -64 3 -9.5 -64 3
2 24 -37.88 -64 11 -7 -64 11
2 24 -36.39 -58 3 -9.5 -58 3
2 24 -35.27 -58 11 -7 -58 11
4 16 37.88 -64 11 39.09 -64 3 36.39 -58 3 35.27 -58 11
4 16 -37.88 -64 11 -39.09 -64 3 39.09 -64 3 37.88 -64 11
4 16 -36.39 -58 3 -35.27 -58 11 35.27 -58 11 36.39 -58 3
4 16 -35.27 -58 11 -36.39 -58 3 -39.09 -64 3 -37.88 -64 11
0 //
0 // z-axis: box: 21 -11
0 //
1 16 9.5 -61 0 0 -1 0 0 0 3 -3 0 0 rect.dat
1 16 -9.5 -61 0 0 1 0 0 0 -3 -3 0 0 rect.dat
4 16 -9.5 -64 3 -9.5 -64 -3 9.5 -64 -3 9.5 -64 3
4 16 9.5 -58 3 9.5 -58 -3 -9.5 -58 -3 -9.5 -58 3
0 //
0 // x-axis: box: 21 -11
0 //
2 24 37.88 -64 -11 39.09 -64 -3
2 24 39.09 -64 -3 36.39 -58 -3
2 24 36.39 -58 -3 35.27 -58 -11
2 24 35.27 -58 -11 37.88 -64 -11
2 24 37.88 -64 -11 7 -64 -11
2 24 39.09 -64 -3 9.5 -64 -3
2 24 35.27 -58 -11 7 -58 -11
2 24 36.39 -58 -3 9.5 -58 -3
2 24 -37.88 -64 -11 -39.09 -64 -3
2 24 -39.09 -64 -3 -36.39 -58 -3
2 24 -36.39 -58 -3 -35.27 -58 -11
2 24 -35.27 -58 -11 -37.88 -64 -11
2 24 -37.88 -64 -11 -7 -64 -11
2 24 -39.09 -64 -3 -9.5 -64 -3
2 24 -35.27 -58 -11 -7 -58 -11
2 24 -36.39 -58 -3 -9.5 -58 -3
4 16 39.09 -64 -3 37.88 -64 -11 35.27 -58 -11 36.39 -58 -3
4 16 -39.09 -64 -3 -37.88 -64 -11 37.88 -64 -11 39.09 -64 -3
4 16 -35.27 -58 -11 -36.39 -58 -3 36.39 -58 -3 35.27 -58 -11
4 16 -36.39 -58 -3 -35.27 -58 -11 -37.88 -64 -11 -39.09 -64 -3
0 //
0 // z-axis: box: 21 -25
0 //
1 16 7 -61 -14 0 -1 0 0 0 3 -3 0 0 rect.dat
1 16 -7 -61 -14 0 1 0 0 0 -3 -3 0 0 rect.dat
4 16 -7 -64 -11 -7 -64 -17 7 -64 -17 7 -64 -11
4 16 7 -58 -11 7 -58 -17 -7 -58 -17 -7 -58 -11
0 //
0 // x-axis: box: 21 -25
0 //
2 24 31.88 -64 -25 35.99 -64 -17
2 24 35.99 -64 -17 33.51 -58 -17
2 24 33.51 -58 -17 29.68 -58 -25
2 24 29.68 -58 -25 31.88 -64 -25
2 24 31.88 -64 -25 4.5 -64 -25
2 24 35.99 -64 -17 7 -64 -17
2 24 29.68 -58 -25 4.5 -58 -25
2 24 33.51 -58 -17 7 -58 -17
2 24 -31.88 -64 -25 -35.99 -64 -17
2 24 -35.99 -64 -17 -33.51 -58 -17
2 24 -33.51 -58 -17 -29.68 -58 -25
2 24 -29.68 -58 -25 -31.88 -64 -25
2 24 -31.88 -64 -25 -4.5 -64 -25
2 24 -35.99 -64 -17 -7 -64 -17
2 24 -29.68 -58 -25 -4.5 -58 -25
2 24 -33.51 -58 -17 -7 -58 -17
3 16 31.88 -64 -25 33.51 -58 -17 35.99 -64 -17
3 16 29.68 -58 -25 33.51 -58 -17 31.88 -64 -25
5 24 31.88 -64 -25 33.51 -58 -17 35.99 -64 -17 29.68 -58 -25
4 16 -35.99 -64 -17 -31.88 -64 -25 31.88 -64 -25 35.99 -64 -17
4 16 -29.68 -58 -25 -33.51 -58 -17 33.51 -58 -17 29.68 -58 -25
3 16 -29.68 -58 -25 -31.88 -64 -25 -33.51 -58 -17
3 16 -31.88 -64 -25 -35.99 -64 -17 -33.51 -58 -17
5 24 -33.51 -58 -17 -31.88 -64 -25 -29.68 -58 -25 -35.99 -64 -17
0 //
0 // z-axis: box: 21 -39
0 //
1 16 4.5 -61 -28 0 -1 0 0 0 3 -3 0 0 rect.dat
1 16 -4.5 -61 -28 0 1 0 0 0 -3 -3 0 0 rect.dat
4 16 -4.5 -64 -25 -4.5 -64 -31 4.5 -64 -31 4.5 -64 -25
4 16 4.5 -58 -25 4.5 -58 -31 -4.5 -58 -31 -4.5 -58 -25
0 //
0 // x-axis: slope: 21 -39
0 //
2 24 16.5 -64 -39 0 -64 -39.19
2 24 15.36 -58 -36.48 0 -58 -36.48
2 24 -16.5 -64 -39 0 -64 -39.19
2 24 -15.36 -58 -36.48 0 -58 -36.48
3 16 0 -64 -39 0 -64 -39.19 16.5 -64 -39
3 16 15.36 -58 -36.48 0 -64 -39.19 0 -58 -36.48
3 16 0 -64 -39.19 15.36 -58 -36.48 16.5 -64 -39
5 24 15.36 -58 -36.48 0 -64 -39.19 0 -58 -36.48 16.5 -64 -39
3 16 0 -64 -39 0 -64 -39.19 -16.5 -64 -39
3 16 -16.5 -64 -39 -15.36 -58 -36.48 0 -64 -39.19
3 16 0 -58 -36.48 0 -64 -39.19 -15.36 -58 -36.48
5 24 0 -64 -39.19 -15.36 -58 -36.48 -16.5 -64 -39 0 -58 -36.48
0 //
0 // x-axis: box: 21 -39
0 //
2 24 16.5 -64 -39 27.16 -64 -31
2 24 27.16 -64 -31 25.28 -58 -31
2 24 25.28 -58 -31 15.36 -58 -36.48
2 24 27.16 -64 -31 4.5 -64 -31
2 24 25.28 -58 -31 4.5 -58 -31
2 24 -16.5 -64 -39 -27.16 -64 -31
2 24 -27.16 -64 -31 -25.28 -58 -31
2 24 -25.28 -58 -31 -15.36 -58 -36.48
2 24 -27.16 -64 -31 -4.5 -64 -31
2 24 -25.28 -58 -31 -4.5 -58 -31
3 16 16.5 -64 -39 25.28 -58 -31 27.16 -64 -31
3 16 15.36 -58 -36.48 25.28 -58 -31 16.5 -64 -39
5 24 16.5 -64 -39 25.28 -58 -31 27.16 -64 -31 15.36 -58 -36.48
4 16 -27.16 -64 -31 -16.5 -64 -39 16.5 -64 -39 27.16 -64 -31
4 16 -15.36 -58 -36.48 -25.28 -58 -31 25.28 -58 -31 15.36 -58 -36.48
3 16 -15.36 -58 -36.48 -16.5 -64 -39 -25.28 -58 -31
3 16 -16.5 -64 -39 -27.16 -64 -31 -25.28 -58 -31
5 24 -25.28 -58 -31 -16.5 -64 -39 -15.36 -58 -36.48 -27.16 -64 -31
0 //
0 // x-axis: box: 9 31
0 //
2 24 29.33 -76 31 17.83 -76 39
2 24 17.31 -70 39 28.48 -70 31
2 24 28.48 -70 31 29.33 -76 31
2 24 29.33 -76 31 4.5 -76 31
2 24 28.48 -70 31 4.5 -70 31
2 24 -29.33 -76 31 -17.83 -76 39
2 24 -17.31 -70 39 -28.48 -70 31
2 24 -28.48 -70 31 -29.33 -76 31
2 24 -29.33 -76 31 -4.5 -76 31
2 24 -28.48 -70 31 -4.5 -70 31
3 16 29.33 -76 31 28.48 -70 31 17.83 -76 39
3 16 28.48 -70 31 17.31 -70 39 17.83 -76 39
5 24 17.83 -76 39 28.48 -70 31 29.33 -76 31 17.31 -70 39
4 16 -17.83 -76 39 -29.33 -76 31 29.33 -76 31 17.83 -76 39
4 16 -28.48 -70 31 -17.31 -70 39 17.31 -70 39 28.48 -70 31
3 16 -28.48 -70 31 -17.83 -76 39 -17.31 -70 39
3 16 -29.33 -76 31 -17.83 -76 39 -28.48 -70 31
5 24 -28.48 -70 31 -17.83 -76 39 -17.31 -70 39 -29.33 -76 31
0 //
0 // x-axis: slope: 9 31
0 //
2 24 17.83 -76 39 0 -76 42.33
2 24 17.31 -70 39 0 -70 41.1
2 24 -17.83 -76 39 0 -76 42.33
2 24 -17.31 -70 39 0 -70 41.1
3 16 0 -76 42.33 0 -76 39 17.83 -76 39
3 16 17.83 -76 39 17.31 -70 39 0 -76 42.33
3 16 17.31 -70 39 0 -70 41.1 0 -76 42.33
5 24 0 -76 42.33 17.31 -70 39 17.83 -76 39 0 -70 41.1
3 16 0 -70 39 0 -70 41.1 17.31 -70 39
3 16 0 -76 39 0 -76 42.33 -17.83 -76 39
3 16 -17.31 -70 39 0 -76 42.33 0 -70 41.1
3 16 -17.83 -76 39 0 -76 42.33 -17.31 -70 39
5 24 -17.31 -70 39 0 -76 42.33 0 -70 41.1 -17.83 -76 39
3 16 0 -70 41.1 0 -70 39 -17.31 -70 39
0 //
0 // z-axis: box: 9 17
0 //
1 16 4.5 -73 28 0 -1 0 0 0 3 -3 0 0 rect.dat
1 16 -4.5 -73 28 0 1 0 0 0 -3 -3 0 0 rect.dat
4 16 -4.5 -76 31 -4.5 -76 25 4.5 -76 25 4.5 -76 31
4 16 4.5 -70 31 4.5 -70 25 -4.5 -70 25 -4.5 -70 31
0 //
0 // x-axis: box: 9 17
0 //
2 24 38.88 -76 17 34.44 -76 25
2 24 34.44 -76 25 33.44 -70 25
2 24 33.44 -70 25 37.75 -70 17
2 24 37.75 -70 17 38.88 -76 17
2 24 38.88 -76 17 7 -76 17
2 24 34.44 -76 25 4.5 -76 25
2 24 37.75 -70 17 7 -70 17
2 24 33.44 -70 25 4.5 -70 25
2 24 -38.88 -76 17 -34.44 -76 25
2 24 -34.44 -76 25 -33.44 -70 25
2 24 -33.44 -70 25 -37.75 -70 17
2 24 -37.75 -70 17 -38.88 -76 17
2 24 -38.88 -76 17 -7 -76 17
2 24 -34.44 -76 25 -4.5 -76 25
2 24 -37.75 -70 17 -7 -70 17
2 24 -33.44 -70 25 -4.5 -70 25
3 16 38.88 -76 17 37.75 -70 17 34.44 -76 25
3 16 37.75 -70 17 33.44 -70 25 34.44 -76 25
5 24 34.44 -76 25 37.75 -70 17 38.88 -76 17 33.44 -70 25
4 16 -34.44 -76 25 -38.88 -76 17 38.88 -76 17 34.44 -76 25
4 16 -37.75 -70 17 -33.44 -70 25 33.44 -70 25 37.75 -70 17
3 16 -37.75 -70 17 -34.44 -76 25 -33.44 -70 25
3 16 -38.88 -76 17 -34.44 -76 25 -37.75 -70 17
5 24 -37.75 -70 17 -34.44 -76 25 -33.44 -70 25 -38.88 -76 17
0 //
0 // z-axis: box: 9 3
0 //
1 16 7 -73 14 0 -1 0 0 0 3 -3 0 0 rect.dat
1 16 -7 -73 14 0 1 0 0 0 -3 -3 0 0 rect.dat
4 16 -7 -76 17 -7 -76 11 7 -76 11 7 -76 17
4 16 7 -70 17 7 -70 11 -7 -70 11 -7 -70 17
0 //
0 // x-axis: box: 9 3
0 //
2 24 42.22 -76 3 40.92 -76 11
2 24 40.92 -76 11 39.73 -70 11
2 24 39.73 -70 11 41 -70 3
2 24 41 -70 3 42.22 -76 3
2 24 42.22 -76 3 9.5 -76 3
2 24 40.92 -76 11 7 -76 11
2 24 41 -70 3 9.5 -70 3
2 24 39.73 -70 11 7 -70 11
2 24 -42.22 -76 3 -40.92 -76 11
2 24 -40.92 -76 11 -39.73 -70 11
2 24 -39.73 -70 11 -41 -70 3
2 24 -41 -70 3 -42.22 -76 3
2 24 -42.22 -76 3 -9.5 -76 3
2 24 -40.92 -76 11 -7 -76 11
2 24 -41 -70 3 -9.5 -70 3
2 24 -39.73 -70 11 -7 -70 11
4 16 40.92 -76 11 42.22 -76 3 41 -70 3 39.73 -70 11
4 16 -40.92 -76 11 -42.22 -76 3 42.22 -76 3 40.92 -76 11
4 16 -41 -70 3 -39.73 -70 11 39.73 -70 11 41 -70 3
4 16 -39.73 -70 11 -41 -70 3 -42.22 -76 3 -40.92 -76 11
0 //
0 // z-axis: box: 9 -11
0 //
1 16 9.5 -73 0 0 -1 0 0 0 3 -3 0 0 rect.dat
1 16 -9.5 -73 0 0 1 0 0 0 -3 -3 0 0 rect.dat
4 16 -9.5 -76 3 -9.5 -76 -3 9.5 -76 -3 9.5 -76 3
4 16 9.5 -70 3 9.5 -70 -3 -9.5 -70 -3 -9.5 -70 3
0 //
0 // x-axis: box: 9 -11
0 //
2 24 40.92 -76 -11 42.22 -76 -3
2 24 42.22 -76 -3 41 -70 -3
2 24 41 -70 -3 39.73 -70 -11
2 24 39.73 -70 -11 40.92 -76 -11
2 24 40.92 -76 -11 7 -76 -11
2 24 42.22 -76 -3 9.5 -76 -3
2 24 39.73 -70 -11 7 -70 -11
2 24 41 -70 -3 9.5 -70 -3
2 24 -40.92 -76 -11 -42.22 -76 -3
2 24 -42.22 -76 -3 -41 -70 -3
2 24 -41 -70 -3 -39.73 -70 -11
2 24 -39.73 -70 -11 -40.92 -76 -11
2 24 -40.92 -76 -11 -7 -76 -11
2 24 -42.22 -76 -3 -9.5 -76 -3
2 24 -39.73 -70 -11 -7 -70 -11
2 24 -41 -70 -3 -9.5 -70 -3
4 16 42.22 -76 -3 40.92 -76 -11 39.73 -70 -11 41 -70 -3
4 16 -42.22 -76 -3 -40.92 -76 -11 40.92 -76 -11 42.22 -76 -3
4 16 -39.73 -70 -11 -41 -70 -3 41 -70 -3 39.73 -70 -11
4 16 -41 -70 -3 -39.73 -70 -11 -40.92 -76 -11 -42.22 -76 -3
0 //
0 // z-axis: box: 9 -25
0 //
1 16 7 -73 -14 0 -1 0 0 0 3 -3 0 0 rect.dat
1 16 -7 -73 -14 0 1 0 0 0 -3 -3 0 0 rect.dat
4 16 -7 -76 -11 -7 -76 -17 7 -76 -17 7 -76 -11
4 16 7 -70 -11 7 -70 -17 -7 -70 -17 -7 -70 -11
0 //
0 // x-axis: box: 9 -25
0 //
2 24 34.44 -76 -25 38.88 -76 -17
2 24 38.88 -76 -17 37.75 -70 -17
2 24 37.75 -70 -17 33.44 -70 -25
2 24 33.44 -70 -25 34.44 -76 -25
2 24 34.44 -76 -25 4.5 -76 -25
2 24 38.88 -76 -17 7 -76 -17
2 24 33.44 -70 -25 4.5 -70 -25
2 24 37.75 -70 -17 7 -70 -17
2 24 -34.44 -76 -25 -38.88 -76 -17
2 24 -38.88 -76 -17 -37.75 -70 -17
2 24 -37.75 -70 -17 -33.44 -70 -25
2 24 -33.44 -70 -25 -34.44 -76 -25
2 24 -34.44 -76 -25 -4.5 -76 -25
2 24 -38.88 -76 -17 -7 -76 -17
2 24 -33.44 -70 -25 -4.5 -70 -25
2 24 -37.75 -70 -17 -7 -70 -17
3 16 34.44 -76 -25 37.75 -70 -17 38.88 -76 -17
3 16 33.44 -70 -25 37.75 -70 -17 34.44 -76 -25
5 24 34.44 -76 -25 37.75 -70 -17 38.88 -76 -17 33.44 -70 -25
4 16 -38.88 -76 -17 -34.44 -76 -25 34.44 -76 -25 38.88 -76 -17
4 16 -33.44 -70 -25 -37.75 -70 -17 37.75 -70 -17 33.44 -70 -25
3 16 -33.44 -70 -25 -34.44 -76 -25 -37.75 -70 -17
3 16 -34.44 -76 -25 -38.88 -76 -17 -37.75 -70 -17
5 24 -37.75 -70 -17 -34.44 -76 -25 -33.44 -70 -25 -38.88 -76 -17
0 //
0 // z-axis: box: 9 -39
0 //
1 16 4.5 -73 -28 0 -1 0 0 0 3 -3 0 0 rect.dat
1 16 -4.5 -73 -28 0 1 0 0 0 -3 -3 0 0 rect.dat
4 16 -4.5 -76 -25 -4.5 -76 -31 4.5 -76 -31 4.5 -76 -25
4 16 4.5 -70 -25 4.5 -70 -31 -4.5 -70 -31 -4.5 -70 -25
0 //
0 // x-axis: slope: 9 -39
0 //
2 24 17.83 -76 -39 0 -76 -42.33
2 24 17.31 -70 -39 0 -70 -41.1
2 24 -17.83 -76 -39 0 -76 -42.33
2 24 -17.31 -70 -39 0 -70 -41.1
3 16 0 -76 -39 0 -76 -42.33 17.83 -76 -39
3 16 17.31 -70 -39 0 -76 -42.33 0 -70 -41.1
3 16 17.83 -76 -39 0 -76 -42.33 17.31 -70 -39
5 24 17.31 -70 -39 0 -76 -42.33 0 -70 -41.1 17.83 -76 -39
3 16 0 -70 -41.1 0 -70 -39 17.31 -70 -39
3 16 0 -76 -42.33 0 -76 -39 -17.83 -76 -39
3 16 -17.83 -76 -39 -17.31 -70 -39 0 -76 -42.33
3 16 -17.31 -70 -39 0 -70 -41.1 0 -76 -42.33
5 24 0 -76 -42.33 -17.31 -70 -39 -17.83 -76 -39 0 -70 -41.1
3 16 0 -70 -39 0 -70 -41.1 -17.31 -70 -39
0 //
0 // x-axis: box: 9 -39
0 //
2 24 17.83 -76 -39 29.33 -76 -31
2 24 29.33 -76 -31 28.48 -70 -31
2 24 28.48 -70 -31 17.31 -70 -39
2 24 29.33 -76 -31 4.5 -76 -31
2 24 28.48 -70 -31 4.5 -70 -31
2 24 -17.83 -76 -39 -29.33 -76 -31
2 24 -29.33 -76 -31 -28.48 -70 -31
2 24 -28.48 -70 -31 -17.31 -70 -39
2 24 -29.33 -76 -31 -4.5 -76 -31
2 24 -28.48 -70 -31 -4.5 -70 -31
3 16 17.83 -76 -39 28.48 -70 -31 29.33 -76 -31
3 16 17.31 -70 -39 28.48 -70 -31 17.83 -76 -39
5 24 17.83 -76 -39 28.48 -70 -31 29.33 -76 -31 17.31 -70 -39
4 16 -29.33 -76 -31 -17.83 -76 -39 17.83 -76 -39 29.33 -76 -31
4 16 -17.31 -70 -39 -28.48 -70 -31 28.48 -70 -31 17.31 -70 -39
3 16 -17.31 -70 -39 -17.83 -76 -39 -28.48 -70 -31
3 16 -17.83 -76 -39 -29.33 -76 -31 -28.48 -70 -31
5 24 -28.48 -70 -31 -17.83 -76 -39 -17.31 -70 -39 -29.33 -76 -31
0 //
0 // x-axis: box: -3 31
0 //
1 16 23.915 -85 35 5.835 -24 0 0 0 3 -4 -35.01 0 rect2p.dat
4 16 -18.08 -88 39 -29.75 -88 31 29.75 -88 31 18.08 -88 39
4 16 -29.75 -82 31 -18.08 -82 39 18.08 -82 39 29.75 -82 31
1 16 -23.915 -85 35 -5.835 24 0 0 0 -3 -4 -35.01 0 rect2p.dat
0 //
0 // x-axis: slope: -3 31
0 //
3 16 0 -88 42.93 0 -88 39 18.08 -88 39
1 16 9.04 -85 40.965 9.04 -23.58 0 0 0 3 -1.965 -108.48 0 rect2p.dat
3 16 0 -82 39 0 -82 42.93 18.08 -82 39
3 16 0 -88 39 0 -88 42.93 -18.08 -88 39
1 16 -9.04 -85 40.965 -9.04 23.58 0 0 0 -3 -1.965 -108.48 0 rect2p.dat
3 16 0 -82 42.93 0 -82 39 -18.08 -82 39
0 //
0 // z-axis: box: -3 17
0 //
1 16 4.5 -85 28 0 -1 0 0 0 3 -3 0 0 rect2p.dat
1 16 -4.5 -85 28 0 1 0 0 0 -3 -3 0 0 rect2p.dat
4 16 -4.5 -88 31 -4.5 -88 25 4.5 -88 25 4.5 -88 31
4 16 4.5 -82 31 4.5 -82 25 -4.5 -82 25 -4.5 -82 31
0 //
0 // x-axis: box: -3 17
0 //
1 16 37.18 -85 21 2.25 -16 0 0 0 3 -4 -9 0 rect2p.dat
4 16 -34.93 -88 25 -39.43 -88 17 39.43 -88 17 34.93 -88 25
4 16 -39.43 -82 17 -34.93 -82 25 34.93 -82 25 39.43 -82 17
1 16 -37.18 -85 21 -2.25 16 0 0 0 -3 -4 -9 0 rect2p.dat
0 //
0 // z-axis: box: -3 3
0 //
1 16 7 -85 14 0 -1 0 0 0 3 -3 0 0 rect2p.dat
1 16 -7 -85 14 0 1 0 0 0 -3 -3 0 0 rect2p.dat
4 16 -7 -88 17 -7 -88 11 7 -88 11 7 -88 17
4 16 7 -82 17 7 -82 11 -7 -82 11 -7 -82 17
0 //
0 // x-axis: box: -3 3
0 //
1 16 42.16 -85 7 0.66 -48 0 0 0 3 -4 -7.92 0 rect2p.dat
4 16 -41.5 -88 11 -42.82 -88 3 42.82 -88 3 41.5 -88 11
4 16 -42.82 -82 3 -41.5 -82 11 41.5 -82 11 42.82 -82 3
1 16 -42.16 -85 7 -0.66 48 0 0 0 -3 -4 -7.92 0 rect2p.dat
0 //
0 // z-axis: box: -3 -11
0 //
1 16 9.5 -85 0 0 -1 0 0 0 3 -3 0 0 rect2p.dat
1 16 -9.5 -85 0 0 1 0 0 0 -3 -3 0 0 rect2p.dat
4 16 -9.5 -88 3 -9.5 -88 -3 9.5 -88 -3 9.5 -88 3
4 16 9.5 -82 3 9.5 -82 -3 -9.5 -82 -3 -9.5 -82 3
0 //
0 // x-axis: box: -3 -11
0 //
1 16 42.16 -85 -7 -0.66 -2 0 0 0 3 -4 0.33 0 rect2p.dat
4 16 -42.82 -88 -3 -41.5 -88 -11 41.5 -88 -11 42.82 -88 -3
4 16 -41.5 -82 -11 -42.82 -82 -3 42.82 -82 -3 41.5 -82 -11
1 16 -42.16 -85 -7 0.66 2 0 0 0 -3 -4 0.33 0 rect2p.dat
0 //
0 // z-axis: box: -3 -25
0 //
1 16 7 -85 -14 0 -1 0 0 0 3 -3 0 0 rect2p.dat
1 16 -7 -85 -14 0 1 0 0 0 -3 -3 0 0 rect2p.dat
4 16 -7 -88 -11 -7 -88 -17 7 -88 -17 7 -88 -11
4 16 7 -82 -11 7 -82 -17 -7 -82 -17 -7 -82 -11
0 //
0 // x-axis: box: -3 -25
0 //
1 16 37.18 -85 -21 -2.25 -16 0 0 0 3 -4 9 0 rect2p.dat
4 16 -39.43 -88 -17 -34.93 -88 -25 34.93 -88 -25 39.43 -88 -17
4 16 -34.93 -82 -25 -39.43 -82 -17 39.43 -82 -17 34.93 -82 -25
1 16 -37.18 -85 -21 2.25 16 0 0 0 -3 -4 9 0 rect2p.dat
0 //
0 // z-axis: box: -3 -39
0 //
1 16 4.5 -85 -28 0 -1 0 0 0 3 -3 0 0 rect2p.dat
1 16 -4.5 -85 -28 0 1 0 0 0 -3 -3 0 0 rect2p.dat
4 16 -4.5 -88 -25 -4.5 -88 -31 4.5 -88 -31 4.5 -88 -25
4 16 4.5 -82 -25 4.5 -82 -31 -4.5 -82 -31 -4.5 -82 -25
0 //
0 // x-axis: slope: -3 -39
0 //
3 16 0 -88 -39 0 -88 -42.93 18.08 -88 -39
1 16 9.04 -85 -40.965 9.04 -0.21241 0 0 0 -3 1.965 1 0 rect2p.dat
3 16 0 -82 -42.93 0 -82 -39 18.08 -82 -39
3 16 0 -88 -42.93 0 -88 -39 -18.08 -88 -39
1 16 -9.04 -85 -40.965 -9.04 0.21241 0 0 0 3 1.965 1 0 rect2p.dat
3 16 0 -82 -39 0 -82 -42.93 -18.08 -82 -39
0 //
0 // x-axis: box: -3 -39
0 //
1 16 23.915 -85 -35 -5.835 -8 0 0 0 3 -4 11.67 0 rect2p.dat
4 16 -29.75 -88 -31 -18.08 -88 -39 18.08 -88 -39 29.75 -88 -31
4 16 -18.08 -82 -39 -29.75 -82 -31 29.75 -82 -31 18.08 -82 -39
1 16 -23.915 -85 -35 5.835 8 0 0 0 -3 -4 11.67 0 rect2p.dat
0 //
0 // x-axis: box: -15 31
0 //
2 24 28.48 -100 31 17.31 -100 39
2 24 17.83 -94 39 29.33 -94 31
2 24 29.33 -94 31 28.48 -100 31
2 24 28.48 -100 31 4.5 -100 31
2 24 29.33 -94 31 4.5 -94 31
2 24 -28.48 -100 31 -17.31 -100 39
2 24 -17.83 -94 39 -29.33 -94 31
2 24 -29.33 -94 31 -28.48 -100 31
2 24 -28.48 -100 31 -4.5 -100 31
2 24 -29.33 -94 31 -4.5 -94 31
3 16 28.48 -100 31 17.83 -94 39 17.31 -100 39
3 16 29.33 -94 31 17.83 -94 39 28.48 -100 31
5 24 28.48 -100 31 17.83 -94 39 17.31 -100 39 29.33 -94 31
4 16 -17.31 -100 39 -28.48 -100 31 28.48 -100 31 17.31 -100 39
4 16 -29.33 -94 31 -17.83 -94 39 17.83 -94 39 29.33 -94 31
3 16 -29.33 -94 31 -28.48 -100 31 -17.83 -94 39
3 16 -28.48 -100 31 -17.31 -100 39 -17.83 -94 39
5 24 -17.83 -94 39 -28.48 -100 31 -29.33 -94 31 -17.31 -100 39
0 //
0 // x-axis: slope: -15 31
0 //
2 24 17.31 -100 39 0 -100 41.1
2 24 17.83 -94 39 0 -94 42.33
2 24 -17.31 -100 39 0 -100 41.1
2 24 -17.83 -94 39 0 -94 42.33
3 16 0 -100 41.1 0 -100 39 17.31 -100 39
3 16 17.31 -100 39 0 -94 42.33 0 -100 41.1
3 16 17.83 -94 39 0 -94 42.33 17.31 -100 39
5 24 17.31 -100 39 0 -94 42.33 0 -100 41.1 17.83 -94 39
3 16 0 -94 39 0 -94 42.33 17.83 -94 39
3 16 0 -100 39 0 -100 41.1 -17.31 -100 39
3 16 -17.83 -94 39 -17.31 -100 39 0 -94 42.33
3 16 -17.31 -100 39 0 -100 41.1 0 -94 42.33
5 24 0 -94 42.33 -17.31 -100 39 -17.83 -94 39 0 -100 41.1
3 16 0 -94 42.33 0 -94 39 -17.83 -94 39
0 //
0 // z-axis: box: -15 17
0 //
1 16 4.5 -97 28 0 -1 0 0 0 3 -3 0 0 rect.dat
1 16 -4.5 -97 28 0 1 0 0 0 -3 -3 0 0 rect.dat
4 16 -4.5 -100 31 -4.5 -100 25 4.5 -100 25 4.5 -100 31
4 16 4.5 -94 31 4.5 -94 25 -4.5 -94 25 -4.5 -94 31
0 //
0 // x-axis: box: -15 17
0 //
2 24 37.75 -100 17 33.44 -100 25
2 24 33.44 -100 25 34.44 -94 25
2 24 34.44 -94 25 38.88 -94 17
2 24 38.88 -94 17 37.75 -100 17
2 24 37.75 -100 17 7 -100 17
2 24 33.44 -100 25 4.5 -100 25
2 24 38.88 -94 17 7 -94 17
2 24 34.44 -94 25 4.5 -94 25
2 24 -37.75 -100 17 -33.44 -100 25
2 24 -33.44 -100 25 -34.44 -94 25
2 24 -34.44 -94 25 -38.88 -94 17
2 24 -38.88 -94 17 -37.75 -100 17
2 24 -37.75 -100 17 -7 -100 17
2 24 -33.44 -100 25 -4.5 -100 25
2 24 -38.88 -94 17 -7 -94 17
2 24 -34.44 -94 25 -4.5 -94 25
3 16 37.75 -100 17 34.44 -94 25 33.44 -100 25
3 16 38.88 -94 17 34.44 -94 25 37.75 -100 17
5 24 37.75 -100 17 34.44 -94 25 33.44 -100 25 38.88 -94 17
4 16 -33.44 -100 25 -37.75 -100 17 37.75 -100 17 33.44 -100 25
4 16 -38.88 -94 17 -34.44 -94 25 34.44 -94 25 38.88 -94 17
3 16 -38.88 -94 17 -37.75 -100 17 -34.44 -94 25
3 16 -37.75 -100 17 -33.44 -100 25 -34.44 -94 25
5 24 -34.44 -94 25 -37.75 -100 17 -38.88 -94 17 -33.44 -100 25
0 //
0 // z-axis: box: -15 3
0 //
1 16 7 -97 14 0 -1 0 0 0 3 -3 0 0 rect.dat
1 16 -7 -97 14 0 1 0 0 0 -3 -3 0 0 rect.dat
4 16 -7 -100 17 -7 -100 11 7 -100 11 7 -100 17
4 16 7 -94 17 7 -94 11 -7 -94 11 -7 -94 17
0 //
0 // x-axis: box: -15 3
0 //
2 24 41 -100 3 39.73 -100 11
2 24 39.73 -100 11 40.92 -94 11
2 24 40.92 -94 11 42.22 -94 3
2 24 42.22 -94 3 41 -100 3
2 24 41 -100 3 9.5 -100 3
2 24 39.73 -100 11 7 -100 11
2 24 42.22 -94 3 9.5 -94 3
2 24 40.92 -94 11 7 -94 11
2 24 -41 -100 3 -39.73 -100 11
2 24 -39.73 -100 11 -40.92 -94 11
2 24 -40.92 -94 11 -42.22 -94 3
2 24 -42.22 -94 3 -41 -100 3
2 24 -41 -100 3 -9.5 -100 3
2 24 -39.73 -100 11 -7 -100 11
2 24 -42.22 -94 3 -9.5 -94 3
2 24 -40.92 -94 11 -7 -94 11
4 16 39.73 -100 11 41 -100 3 42.22 -94 3 40.92 -94 11
4 16 -39.73 -100 11 -41 -100 3 41 -100 3 39.73 -100 11
4 16 -42.22 -94 3 -40.92 -94 11 40.92 -94 11 42.22 -94 3
4 16 -40.92 -94 11 -42.22 -94 3 -41 -100 3 -39.73 -100 11
0 //
0 // z-axis: box: -15 -11
0 //
1 16 9.5 -97 0 0 -1 0 0 0 3 -3 0 0 rect.dat
1 16 -9.5 -97 0 0 1 0 0 0 -3 -3 0 0 rect.dat
4 16 -9.5 -100 3 -9.5 -100 -3 9.5 -100 -3 9.5 -100 3
4 16 9.5 -94 3 9.5 -94 -3 -9.5 -94 -3 -9.5 -94 3
0 //
0 // x-axis: box: -15 -11
0 //
2 24 39.73 -100 -11 41 -100 -3
2 24 41 -100 -3 42.22 -94 -3
2 24 42.22 -94 -3 40.92 -94 -11
2 24 40.92 -94 -11 39.73 -100 -11
2 24 39.73 -100 -11 7 -100 -11
2 24 41 -100 -3 9.5 -100 -3
2 24 40.92 -94 -11 7 -94 -11
2 24 42.22 -94 -3 9.5 -94 -3
2 24 -39.73 -100 -11 -41 -100 -3
2 24 -41 -100 -3 -42.22 -94 -3
2 24 -42.22 -94 -3 -40.92 -94 -11
2 24 -40.92 -94 -11 -39.73 -100 -11
2 24 -39.73 -100 -11 -7 -100 -11
2 24 -41 -100 -3 -9.5 -100 -3
2 24 -40.92 -94 -11 -7 -94 -11
2 24 -42.22 -94 -3 -9.5 -94 -3
4 16 41 -100 -3 39.73 -100 -11 40.92 -94 -11 42.22 -94 -3
4 16 -41 -100 -3 -39.73 -100 -11 39.73 -100 -11 41 -100 -3
4 16 -40.92 -94 -11 -42.22 -94 -3 42.22 -94 -3 40.92 -94 -11
4 16 -42.22 -94 -3 -40.92 -94 -11 -39.73 -100 -11 -41 -100 -3
0 //
0 // z-axis: box: -15 -25
0 //
1 16 7 -97 -14 0 -1 0 0 0 3 -3 0 0 rect.dat
1 16 -7 -97 -14 0 1 0 0 0 -3 -3 0 0 rect.dat
4 16 -7 -100 -11 -7 -100 -17 7 -100 -17 7 -100 -11
4 16 7 -94 -11 7 -94 -17 -7 -94 -17 -7 -94 -11
0 //
0 // x-axis: box: -15 -25
0 //
2 24 33.44 -100 -25 37.75 -100 -17
2 24 37.75 -100 -17 38.88 -94 -17
2 24 38.88 -94 -17 34.44 -94 -25
2 24 34.44 -94 -25 33.44 -100 -25
2 24 33.44 -100 -25 4.5 -100 -25
2 24 37.75 -100 -17 7 -100 -17
2 24 34.44 -94 -25 4.5 -94 -25
2 24 38.88 -94 -17 7 -94 -17
2 24 -33.44 -100 -25 -37.75 -100 -17
2 24 -37.75 -100 -17 -38.88 -94 -17
2 24 -38.88 -94 -17 -34.44 -94 -25
2 24 -34.44 -94 -25 -33.44 -100 -25
2 24 -33.44 -100 -25 -4.5 -100 -25
2 24 -37.75 -100 -17 -7 -100 -17
2 24 -34.44 -94 -25 -4.5 -94 -25
2 24 -38.88 -94 -17 -7 -94 -17
3 16 33.44 -100 -25 34.44 -94 -25 37.75 -100 -17
3 16 34.44 -94 -25 38.88 -94 -17 37.75 -100 -17
5 24 37.75 -100 -17 34.44 -94 -25 33.44 -100 -25 38.88 -94 -17
4 16 -37.75 -100 -17 -33.44 -100 -25 33.44 -100 -25 37.75 -100 -17
4 16 -34.44 -94 -25 -38.88 -94 -17 38.88 -94 -17 34.44 -94 -25
3 16 -34.44 -94 -25 -37.75 -100 -17 -38.88 -94 -17
3 16 -33.44 -100 -25 -37.75 -100 -17 -34.44 -94 -25
5 24 -34.44 -94 -25 -37.75 -100 -17 -38.88 -94 -17 -33.44 -100 -25
0 //
0 // z-axis: box: -15 -39
0 //
1 16 4.5 -97 -28 0 -1 0 0 0 3 -3 0 0 rect.dat
1 16 -4.5 -97 -28 0 1 0 0 0 -3 -3 0 0 rect.dat
4 16 -4.5 -100 -25 -4.5 -100 -31 4.5 -100 -31 4.5 -100 -25
4 16 4.5 -94 -25 4.5 -94 -31 -4.5 -94 -31 -4.5 -94 -25
0 //
0 // x-axis: slope: -15 -39
0 //
2 24 17.31 -100 -39 0 -100 -41.1
2 24 17.83 -94 -39 0 -94 -42.33
2 24 -17.31 -100 -39 0 -100 -41.1
2 24 -17.83 -94 -39 0 -94 -42.33
3 16 0 -100 -39 0 -100 -41.1 17.31 -100 -39
3 16 17.31 -100 -39 0 -100 -41.1 0 -94 -42.33
5 24 0 -94 -42.33 17.31 -100 -39 17.83 -94 -39 0 -100 -41.1
3 16 0 -94 -42.33 0 -94 -39 17.83 -94 -39
3 16 0 -100 -41.1 0 -100 -39 -17.31 -100 -39
3 16 -17.31 -100 -39 0 -94 -42.33 0 -100 -41.1
3 16 -17.83 -94 -39 0 -94 -42.33 -17.31 -100 -39
3 16 17.31 -100 -39 0 -94 -42.33 17.83 -94 -39
5 24 -17.31 -100 -39 0 -94 -42.33 0 -100 -41.1 -17.83 -94 -39
3 16 0 -94 -39 0 -94 -42.33 -17.83 -94 -39
0 //
0 // x-axis: box: -15 -39
0 //
2 24 17.31 -100 -39 28.48 -100 -31
2 24 28.48 -100 -31 29.33 -94 -31
2 24 29.33 -94 -31 17.83 -94 -39
2 24 28.48 -100 -31 4.5 -100 -31
2 24 29.33 -94 -31 4.5 -94 -31
2 24 -17.31 -100 -39 -28.48 -100 -31
2 24 -28.48 -100 -31 -29.33 -94 -31
2 24 -29.33 -94 -31 -17.83 -94 -39
2 24 -28.48 -100 -31 -4.5 -100 -31
2 24 -29.33 -94 -31 -4.5 -94 -31
3 16 17.31 -100 -39 17.83 -94 -39 28.48 -100 -31
3 16 17.83 -94 -39 29.33 -94 -31 28.48 -100 -31
5 24 28.48 -100 -31 17.83 -94 -39 17.31 -100 -39 29.33 -94 -31
4 16 -28.48 -100 -31 -17.31 -100 -39 17.31 -100 -39 28.48 -100 -31
4 16 -17.83 -94 -39 -29.33 -94 -31 29.33 -94 -31 17.83 -94 -39
3 16 -17.83 -94 -39 -28.48 -100 -31 -29.33 -94 -31
3 16 -17.31 -100 -39 -28.48 -100 -31 -17.83 -94 -39
5 24 -17.83 -94 -39 -28.48 -100 -31 -29.33 -94 -31 -17.31 -100 -39
0 //
0 // x-axis: box: -27 31
0 //
2 24 25.28 -112 31 15.36 -112 36.48
2 24 16.5 -106 39 27.16 -106 31
2 24 27.16 -106 31 25.28 -112 31
2 24 25.28 -112 31 4.5 -112 31
2 24 27.16 -106 31 4.5 -106 31
2 24 -25.28 -112 31 -15.36 -112 36.48
2 24 -16.5 -106 39 -27.16 -106 31
2 24 -27.16 -106 31 -25.28 -112 31
2 24 -25.28 -112 31 -4.5 -112 31
2 24 -27.16 -106 31 -4.5 -106 31
3 16 25.28 -112 31 16.5 -106 39 15.36 -112 36.48
3 16 27.16 -106 31 16.5 -106 39 25.28 -112 31
5 24 25.28 -112 31 16.5 -106 39 15.36 -112 36.48 27.16 -106 31
4 16 -15.36 -112 36.48 -25.28 -112 31 25.28 -112 31 15.36 -112 36.48
4 16 -27.16 -106 31 -16.5 -106 39 16.5 -106 39 27.16 -106 31
3 16 -27.16 -106 31 -25.28 -112 31 -16.5 -106 39
3 16 -25.28 -112 31 -15.36 -112 36.48 -16.5 -106 39
5 24 -16.5 -106 39 -25.28 -112 31 -27.16 -106 31 -15.36 -112 36.48
0 //
0 // x-axis: slope: -27 31
0 //
2 24 15.36 -112 36.48 0 -112 36.48
2 24 16.5 -106 39 0 -106 39.19
2 24 -15.36 -112 36.48 0 -112 36.48
2 24 -16.5 -106 39 0 -106 39.19
3 16 0 -106 39.19 0 -112 36.48 15.36 -112 36.48
3 16 0 -106 39.19 15.36 -112 36.48 16.5 -106 39
5 24 15.36 -112 36.48 0 -106 39.19 0 -112 36.48 16.5 -106 39
3 16 0 -106 39.19 16.5 -106 39 0 -106 39
3 16 0 -106 39.19 -16.5 -106 39 -15.36 -112 36.48
3 16 0 -106 39.19 -15.36 -112 36.48 0 -112 36.48
5 24 0 -106 39.19 -15.36 -112 36.48 -16.5 -106 39 0 -112 36.48
3 16 -16.5 -106 39 0 -106 39 0 -106 39.19
0 //
0 // z-axis: box: -27 17
0 //
1 16 4.5 -109 28 0 -1 0 0 0 3 -3 0 0 rect.dat
1 16 -4.5 -109 28 0 1 0 0 0 -3 -3 0 0 rect.dat
4 16 -4.5 -112 31 -4.5 -112 25 4.5 -112 25 4.5 -112 31
4 16 4.5 -106 31 4.5 -106 25 -4.5 -106 25 -4.5 -106 31
0 //
0 // x-axis: box: -27 17
0 //
2 24 33.51 -112 17 29.68 -112 25
2 24 29.68 -112 25 31.88 -106 25
2 24 31.88 -106 25 35.99 -106 17
2 24 35.99 -106 17 33.51 -112 17
2 24 33.51 -112 17 7 -112 17
2 24 29.68 -112 25 4.5 -112 25
2 24 35.99 -106 17 7 -106 17
2 24 31.88 -106 25 4.5 -106 25
2 24 -33.51 -112 17 -29.68 -112 25
2 24 -29.68 -112 25 -31.88 -106 25
2 24 -31.88 -106 25 -35.99 -106 17
2 24 -35.99 -106 17 -33.51 -112 17
2 24 -33.51 -112 17 -7 -112 17
2 24 -29.68 -112 25 -4.5 -112 25
2 24 -35.99 -106 17 -7 -106 17
2 24 -31.88 -106 25 -4.5 -106 25
3 16 29.68 -112 25 33.51 -112 17 31.88 -106 25
3 16 33.51 -112 17 35.99 -106 17 31.88 -106 25
5 24 33.51 -112 17 31.88 -106 25 29.68 -112 25 35.99 -106 17
4 16 -29.68 -112 25 -33.51 -112 17 33.51 -112 17 29.68 -112 25
4 16 -35.99 -106 17 -31.88 -106 25 31.88 -106 25 35.99 -106 17
3 16 -31.88 -106 25 -35.99 -106 17 -33.51 -112 17
3 16 -31.88 -106 25 -33.51 -112 17 -29.68 -112 25
5 24 -31.88 -106 25 -33.51 -112 17 -35.99 -106 17 -29.68 -112 25
0 //
0 // z-axis: box: -27 3
0 //
1 16 7 -109 14 0 -1 0 0 0 3 -3 0 0 rect.dat
1 16 -7 -109 14 0 1 0 0 0 -3 -3 0 0 rect.dat
4 16 -7 -112 17 -7 -112 11 7 -112 11 7 -112 17
4 16 7 -106 17 7 -106 11 -7 -106 11 -7 -106 17
0 //
0 // x-axis: box: -27 3
0 //
2 24 36.39 -112 3 35.27 -112 11
2 24 35.27 -112 11 37.88 -106 11
2 24 37.88 -106 11 39.09 -106 3
2 24 39.09 -106 3 36.39 -112 3
2 24 36.39 -112 3 9.5 -112 3
2 24 35.27 -112 11 7 -112 11
2 24 39.09 -106 3 9.5 -106 3
2 24 37.88 -106 11 7 -106 11
2 24 -36.39 -112 3 -35.27 -112 11
2 24 -35.27 -112 11 -37.88 -106 11
2 24 -37.88 -106 11 -39.09 -106 3
2 24 -39.09 -106 3 -36.39 -112 3
2 24 -36.39 -112 3 -9.5 -112 3
2 24 -35.27 -112 11 -7 -112 11
2 24 -39.09 -106 3 -9.5 -106 3
2 24 -37.88 -106 11 -7 -106 11
4 16 35.27 -112 11 36.39 -112 3 39.09 -106 3 37.88 -106 11
4 16 -35.27 -112 11 -36.39 -112 3 36.39 -112 3 35.27 -112 11
4 16 -39.09 -106 3 -37.88 -106 11 37.88 -106 11 39.09 -106 3
4 16 -37.88 -106 11 -39.09 -106 3 -36.39 -112 3 -35.27 -112 11
0 //
0 // z-axis: box: -27 -11
0 //
1 16 9.5 -109 0 0 -1 0 0 0 3 -3 0 0 rect.dat
1 16 -9.5 -109 0 0 1 0 0 0 -3 -3 0 0 rect.dat
4 16 -9.5 -112 3 -9.5 -112 -3 9.5 -112 -3 9.5 -112 3
4 16 9.5 -106 3 9.5 -106 -3 -9.5 -106 -3 -9.5 -106 3
0 //
0 // x-axis: box: -27 -11
0 //
2 24 35.27 -112 -11 36.39 -112 -3
2 24 36.39 -112 -3 39.09 -106 -3
2 24 39.09 -106 -3 37.88 -106 -11
2 24 37.88 -106 -11 35.27 -112 -11
2 24 35.27 -112 -11 7 -112 -11
2 24 36.39 -112 -3 9.5 -112 -3
2 24 37.88 -106 -11 7 -106 -11
2 24 39.09 -106 -3 9.5 -106 -3
2 24 -35.27 -112 -11 -36.39 -112 -3
2 24 -36.39 -112 -3 -39.09 -106 -3
2 24 -39.09 -106 -3 -37.88 -106 -11
2 24 -37.88 -106 -11 -35.27 -112 -11
2 24 -35.27 -112 -11 -7 -112 -11
2 24 -36.39 -112 -3 -9.5 -112 -3
2 24 -37.88 -106 -11 -7 -106 -11
2 24 -39.09 -106 -3 -9.5 -106 -3
4 16 36.39 -112 -3 35.27 -112 -11 37.88 -106 -11 39.09 -106 -3
4 16 -36.39 -112 -3 -35.27 -112 -11 35.27 -112 -11 36.39 -112 -3
4 16 -37.88 -106 -11 -39.09 -106 -3 39.09 -106 -3 37.88 -106 -11
4 16 -39.09 -106 -3 -37.88 -106 -11 -35.27 -112 -11 -36.39 -112 -3
0 //
0 // z-axis: box: -27 -25
0 //
1 16 7 -109 -14 0 -1 0 0 0 3 -3 0 0 rect.dat
1 16 -7 -109 -14 0 1 0 0 0 -3 -3 0 0 rect.dat
4 16 -7 -112 -11 -7 -112 -17 7 -112 -17 7 -112 -11
4 16 7 -106 -11 7 -106 -17 -7 -106 -17 -7 -106 -11
0 //
0 // x-axis: box: -27 -25
0 //
2 24 29.68 -112 -25 33.51 -112 -17
2 24 33.51 -112 -17 35.99 -106 -17
2 24 35.99 -106 -17 31.88 -106 -25
2 24 31.88 -106 -25 29.68 -112 -25
2 24 29.68 -112 -25 4.5 -112 -25
2 24 33.51 -112 -17 7 -112 -17
2 24 31.88 -106 -25 4.5 -106 -25
2 24 35.99 -106 -17 7 -106 -17
2 24 -29.68 -112 -25 -33.51 -112 -17
2 24 -33.51 -112 -17 -35.99 -106 -17
2 24 -35.99 -106 -17 -31.88 -106 -25
2 24 -31.88 -106 -25 -29.68 -112 -25
2 24 -29.68 -112 -25 -4.5 -112 -25
2 24 -33.51 -112 -17 -7 -112 -17
2 24 -31.88 -106 -25 -4.5 -106 -25
2 24 -35.99 -106 -17 -7 -106 -17
3 16 33.51 -112 -17 29.68 -112 -25 31.88 -106 -25
3 16 33.51 -112 -17 31.88 -106 -25 35.99 -106 -17
5 24 33.51 -112 -17 31.88 -106 -25 29.68 -112 -25 35.99 -106 -17
4 16 -33.51 -112 -17 -29.68 -112 -25 29.68 -112 -25 33.51 -112 -17
4 16 -31.88 -106 -25 -35.99 -106 -17 35.99 -106 -17 31.88 -106 -25
3 16 -35.99 -106 -17 -31.88 -106 -25 -33.51 -112 -17
3 16 -31.88 -106 -25 -29.68 -112 -25 -33.51 -112 -17
5 24 -31.88 -106 -25 -33.51 -112 -17 -35.99 -106 -17 -29.68 -112 -25
0 //
0 // z-axis: box: -27 -39
0 //
1 16 4.5 -109 -28 0 -1 0 0 0 3 -3 0 0 rect.dat
1 16 -4.5 -109 -28 0 1 0 0 0 -3 -3 0 0 rect.dat
4 16 -4.5 -112 -25 -4.5 -112 -31 4.5 -112 -31 4.5 -112 -25
4 16 4.5 -106 -25 4.5 -106 -31 -4.5 -106 -31 -4.5 -106 -25
0 //
0 // x-axis: slope: -27 -39
0 //
2 24 15.36 -112 -36.48 0 -112 -36.48
2 24 16.5 -106 -39 0 -106 -39.19
2 24 -15.36 -112 -36.48 0 -112 -36.48
2 24 -16.5 -106 -39 0 -106 -39.19
3 16 16.5 -106 -39 15.36 -112 -36.48 0 -106 -39.19
3 16 15.36 -112 -36.48 0 -112 -36.48 0 -106 -39.19
5 24 0 -106 -39.19 15.36 -112 -36.48 16.5 -106 -39 0 -112 -36.48
3 16 0 -106 -39 0 -106 -39.19 16.5 -106 -39
3 16 0 -106 -39.19 0 -112 -36.48 -15.36 -112 -36.48
3 16 0 -106 -39.19 -15.36 -112 -36.48 -16.5 -106 -39
5 24 -15.36 -112 -36.48 0 -106 -39.19 0 -112 -36.48 -16.5 -106 -39
3 16 0 -106 -39.19 -16.5 -106 -39 0 -106 -39
0 //
0 // x-axis: box: -27 -39
0 //
2 24 15.36 -112 -36.48 25.28 -112 -31
2 24 25.28 -112 -31 27.16 -106 -31
2 24 27.16 -106 -31 16.5 -106 -39
2 24 25.28 -112 -31 4.5 -112 -31
2 24 27.16 -106 -31 4.5 -106 -31
2 24 -15.36 -112 -36.48 -25.28 -112 -31
2 24 -25.28 -112 -31 -27.16 -106 -31
2 24 -27.16 -106 -31 -16.5 -106 -39
2 24 -25.28 -112 -31 -4.5 -112 -31
2 24 -27.16 -106 -31 -4.5 -106 -31
3 16 16.5 -106 -39 25.28 -112 -31 15.36 -112 -36.48
3 16 27.16 -106 -31 25.28 -112 -31 16.5 -106 -39
5 24 25.28 -112 -31 16.5 -106 -39 15.36 -112 -36.48 27.16 -106 -31
4 16 -25.28 -112 -31 -15.36 -112 -36.48 15.36 -112 -36.48 25.28 -112 -31
4 16 -16.5 -106 -39 -27.16 -106 -31 27.16 -106 -31 16.5 -106 -39
3 16 -25.28 -112 -31 -27.16 -106 -31 -16.5 -106 -39
3 16 -25.28 -112 -31 -16.5 -106 -39 -15.36 -112 -36.48
5 24 -16.5 -106 -39 -25.28 -112 -31 -27.16 -106 -31 -15.36 -112 -36.48
0 //
0 // x-axis: box: -39 17
0 //
2 24 25.45 -124 17 22.54 -124 25
2 24 22.54 -124 25 26.67 -118 25
2 24 26.67 -118 25 30.11 -118 17
2 24 30.11 -118 17 25.45 -124 17
2 24 25.45 -124 17 7 -124 17
2 24 22.54 -124 25 3.5 -124 25
2 24 30.11 -118 17 7 -118 17
2 24 26.67 -118 25 3.5 -118 25
2 24 3.5 -124 25 3.5 -118 25
2 24 -25.45 -124 17 -22.54 -124 25
2 24 -22.54 -124 25 -26.67 -118 25
2 24 -26.67 -118 25 -30.11 -118 17
2 24 -30.11 -118 17 -25.45 -124 17
2 24 -25.45 -124 17 -7 -124 17
2 24 -22.54 -124 25 -3.5 -124 25
2 24 -30.11 -118 17 -7 -118 17
2 24 -26.67 -118 25 -3.5 -118 25
2 24 -3.5 -124 25 -3.5 -118 25
3 16 26.67 -118 25 22.54 -124 25 25.45 -124 17
3 16 26.67 -118 25 25.45 -124 17 30.11 -118 17
5 24 25.45 -124 17 26.67 -118 25 22.54 -124 25 30.11 -118 17
4 16 -22.54 -124 25 -25.45 -124 17 25.45 -124 17 22.54 -124 25
4 16 -30.11 -118 17 -26.67 -118 25 26.67 -118 25 30.11 -118 17
3 16 -25.45 -124 17 -26.67 -118 25 -30.11 -118 17
3 16 -22.54 -124 25 -26.67 -118 25 -25.45 -124 17
5 24 -26.67 -118 25 -25.45 -124 17 -30.11 -118 17 -22.54 -124 25
0 //
0 // z-axis: box: -39 3
0 //
1 16 7 -121 14 0 -1 0 0 0 3 -3 0 0 rect.dat
1 16 -7 -121 14 0 1 0 0 0 -3 -3 0 0 rect.dat
4 16 -7 -124 17 -7 -124 11 7 -124 11 7 -124 17
4 16 7 -118 17 7 -118 11 -7 -118 11 -7 -118 17
0 //
0 // x-axis: box: -39 3
0 //
2 24 27.64 -124 3 26.79 -124 11
2 24 26.79 -124 11 31.69 -118 11
2 24 31.69 -118 11 32.71 -118 3
2 24 32.71 -118 3 27.64 -124 3
2 24 27.64 -124 3 9.5 -124 3
2 24 26.79 -124 11 7 -124 11
2 24 32.71 -118 3 9.5 -118 3
2 24 31.69 -118 11 7 -118 11
2 24 -27.64 -124 3 -26.79 -124 11
2 24 -26.79 -124 11 -31.69 -118 11
2 24 -31.69 -118 11 -32.71 -118 3
2 24 -32.71 -118 3 -27.64 -124 3
2 24 -27.64 -124 3 -9.5 -124 3
2 24 -26.79 -124 11 -7 -124 11
2 24 -32.71 -118 3 -9.5 -118 3
2 24 -31.69 -118 11 -7 -118 11
3 16 31.69 -118 11 26.79 -124 11 27.64 -124 3
3 16 31.69 -118 11 27.64 -124 3 32.71 -118 3
5 24 27.64 -124 3 31.69 -118 11 26.79 -124 11 32.71 -118 3
4 16 -26.79 -124 11 -27.64 -124 3 27.64 -124 3 26.79 -124 11
4 16 -32.71 -118 3 -31.69 -118 11 31.69 -118 11 32.71 -118 3
3 16 -27.64 -124 3 -31.69 -118 11 -32.71 -118 3
3 16 -26.79 -124 11 -31.69 -118 11 -27.64 -124 3
5 24 -31.69 -118 11 -27.64 -124 3 -32.71 -118 3 -26.79 -124 11
0 // z-axis: box: -39 -11
0 //
1 16 9.5 -121 0 0 -1 0 0 0 3 -3 0 0 rect.dat
1 16 -9.5 -121 0 0 1 0 0 0 -3 -3 0 0 rect.dat
4 16 -9.5 -124 3 -9.5 -124 -3 9.5 -124 -3 9.5 -124 3
4 16 9.5 -118 3 9.5 -118 -3 -9.5 -118 -3 -9.5 -118 3
0 //
0 // x-axis: box: -39 -11
0 //
2 24 26.79 -124 -11 27.64 -124 -3
2 24 27.64 -124 -3 32.71 -118 -3
2 24 32.71 -118 -3 31.69 -118 -11
2 24 31.69 -118 -11 26.79 -124 -11
2 24 26.79 -124 -11 7 -124 -11
2 24 27.64 -124 -3 9.5 -124 -3
2 24 31.69 -118 -11 7 -118 -11
2 24 32.71 -118 -3 9.5 -118 -3
2 24 -26.79 -124 -11 -27.64 -124 -3
2 24 -27.64 -124 -3 -32.71 -118 -3
2 24 -32.71 -118 -3 -31.69 -118 -11
2 24 -31.69 -118 -11 -26.79 -124 -11
2 24 -26.79 -124 -11 -7 -124 -11
2 24 -27.64 -124 -3 -9.5 -124 -3
2 24 -31.69 -118 -11 -7 -118 -11
2 24 -32.71 -118 -3 -9.5 -118 -3
3 16 31.69 -118 -11 27.64 -124 -3 26.79 -124 -11
3 16 32.71 -118 -3 27.64 -124 -3 31.69 -118 -11
5 24 27.64 -124 -3 31.69 -118 -11 26.79 -124 -11 32.71 -118 -3
4 16 -27.64 -124 -3 -26.79 -124 -11 26.79 -124 -11 27.64 -124 -3
4 16 -31.69 -118 -11 -32.71 -118 -3 32.71 -118 -3 31.69 -118 -11
3 16 -27.64 -124 -3 -32.71 -118 -3 -31.69 -118 -11
3 16 -27.64 -124 -3 -31.69 -118 -11 -26.79 -124 -11
5 24 -31.69 -118 -11 -27.64 -124 -3 -32.71 -118 -3 -26.79 -124 -11
0 //
0 // z-axis: slope: -39 -25
0 //
1 16 0 -124 -26.355 -3.5 0 0 0 1 0 0 0 -1.355 rect3.dat
1 16 0 -118 -28.89 3.5 0 0 0 -1.00852 0 0 0 -3.89 rect3.dat
2 24 3.5 -124 -25 3.5 -118 -25
4 16 3.5 -118 -32.78 3.5 -118 -25 3.5 -124 -25 3.5 -124 -27.71
2 24 -3.5 -124 -25 -3.5 -118 -25
4 16 -3.5 -118 -25 -3.5 -118 -32.78 -3.5 -124 -27.71 -3.5 -124 -25
1 16 0 -121 -30.245 0 0 -3.5 -3 1.69 0 2.535 2 0 rect2p.dat
0 //
0 // z-axis: slope neg: -39 -25
0 //
1 16 0 -124 26.355 3.5 0 0 0 1 0 0 0 1.355 rect3.dat
1 16 0 -118 28.89 -3.5 0 0 0 -1.00852 0 0 0 3.89 rect3.dat
4 16 3.5 -124 27.71 3.5 -124 25 3.5 -118 25 3.5 -118 32.78
4 16 -3.5 -124 25 -3.5 -124 27.71 -3.5 -118 32.78 -3.5 -118 25
1 16 0 -121 30.245 0 0 -3.5 3 1.69 0 2.535 -2 0 rect2p.dat
0 //
0 // z-axis: box: -39 -25
0 //
1 16 7 -121 -14 0 -1 0 0 0 3 -3 0 0 rect.dat
1 16 -7 -121 -14 0 1 0 0 0 -3 -3 0 0 rect.dat
4 16 -7 -124 -11 -7 -124 -17 7 -124 -17 7 -124 -11
4 16 7 -118 -11 7 -118 -17 -7 -118 -17 -7 -118 -11
0 //
0 // x-axis: box: -39 -25
0 //
2 24 22.54 -124 -25 25.45 -124 -17
2 24 25.45 -124 -17 30.11 -118 -17
2 24 30.11 -118 -17 26.67 -118 -25
2 24 26.67 -118 -25 22.54 -124 -25
2 24 22.54 -124 -25 3.5 -124 -25
2 24 25.45 -124 -17 7 -124 -17
2 24 26.67 -118 -25 3.5 -118 -25
2 24 30.11 -118 -17 7 -118 -17
2 24 -22.54 -124 -25 -25.45 -124 -17
2 24 -25.45 -124 -17 -30.11 -118 -17
2 24 -30.11 -118 -17 -26.67 -118 -25
2 24 -26.67 -118 -25 -22.54 -124 -25
2 24 -22.54 -124 -25 -3.5 -124 -25
2 24 -25.45 -124 -17 -7 -124 -17
2 24 -26.67 -118 -25 -3.5 -118 -25
2 24 -30.11 -118 -17 -7 -118 -17
3 16 26.67 -118 -25 25.45 -124 -17 22.54 -124 -25
3 16 30.11 -118 -17 25.45 -124 -17 26.67 -118 -25
5 24 25.45 -124 -17 26.67 -118 -25 22.54 -124 -25 30.11 -118 -17
4 16 -25.45 -124 -17 -22.54 -124 -25 22.54 -124 -25 25.45 -124 -17
4 16 -26.67 -118 -25 -30.11 -118 -17 30.11 -118 -17 26.67 -118 -25
3 16 -25.45 -124 -17 -30.11 -118 -17 -26.67 -118 -25
3 16 -25.45 -124 -17 -26.67 -118 -25 -22.54 -124 -25
5 24 -26.67 -118 -25 -25.45 -124 -17 -30.11 -118 -17 -22.54 -124 -25
0 //
0 // x-axis: box: -51 3
0 //
2 24 3.5 -134.3 11 19.56 -130 11
2 24 19.56 -130 11 20.19 -130 3
2 24 20.19 -130 3 6 -135.88 3
2 24 20.19 -130 3 6 -130 3
2 24 19.56 -130 11 3.5 -130 11
2 24 3.5 -134.3 11 3.5 -130 11
2 24 -3.5 -134.3 11 -19.56 -130 11
2 24 -19.56 -130 11 -20.19 -130 3
2 24 -20.19 -130 3 -6 -135.88 3
2 24 -20.19 -130 3 -6 -130 3
2 24 -19.56 -130 11 -3.5 -130 11
2 24 -3.5 -134.3 11 -3.5 -130 11
3 16 19.56 -130 11 3.5 -134.3 11 6 -135.88 3
3 16 19.56 -130 11 6 -135.88 3 20.19 -130 3
5 24 6 -135.88 3 19.56 -130 11 3.5 -134.3 11 20.19 -130 3
4 16 -3.5 -134.3 11 -6 -135.88 3 6 -135.88 3 3.5 -134.3 11
4 16 -20.19 -130 3 -19.56 -130 11 19.56 -130 11 20.19 -130 3
3 16 -6 -135.88 3 -19.56 -130 11 -20.19 -130 3
3 16 -3.5 -134.3 11 -19.56 -130 11 -6 -135.88 3
5 24 -19.56 -130 11 -6 -135.88 3 -20.19 -130 3 -3.5 -134.3 11
0 //
0 // z-axis: slope: -51 -11
0 //
1 16 0 -130 -15.62 3.5 0 0 0 -1.01063 0 0 0 -4.62 rect3.dat
2 24 3.5 -134.3 -11 3.5 -130 -11
3 16 3.5 -130 -20.24 3.5 -130 -11 3.5 -134.3 -11
2 24 -3.5 -134.3 -11 -3.5 -130 -11
3 16 -3.5 -130 -11 -3.5 -130 -20.24 -3.5 -134.3 -11
1 16 0 -132.15 -15.62 0 0 -3.5 -2.15 0.90663 0 4.62 1 0 rect2p.dat
0 //
0 // z-axis: slope neg: -51 -11
0 //
1 16 0 -130 15.62 -3.5 0 0 0 -1.01063 0 0 0 4.62 rect3.dat
3 16 3.5 -134.3 11 3.5 -130 11 3.5 -130 20.24
3 16 -3.5 -134.3 11 -3.5 -130 20.24 -3.5 -130 11
1 16 0 -132.15 15.62 0 0 -3.5 2.15 0.90663 0 4.62 -1 0 rect2p.dat
0 //
0 // z-axis: box: -51 -11
0 //
1 16 6 -132.94 0 0 -1.008 0 0 0 2.94 -3 0 0 rect.dat
1 16 -6 -132.94 0 0 1 0 0 0 -2.94 -3 0 0 rect.dat
4 16 -6 -135.88 3 -6 -135.88 -3 6 -135.88 -3 6 -135.88 3
4 16 6 -130 3 6 -130 -3 -6 -130 -3 -6 -130 3
0 //
0 // x-axis: box: -51 -11
0 //
2 24 6 -135.88 -3 20.19 -130 -3
2 24 20.19 -130 -3 19.56 -130 -11
2 24 19.56 -130 -11 3.5 -134.3 -11
2 24 19.56 -130 -11 3.5 -130 -11
2 24 20.19 -130 -3 6 -130 -3
2 24 -6 -135.88 -3 -20.19 -130 -3
2 24 -20.19 -130 -3 -19.56 -130 -11
2 24 -19.56 -130 -11 -3.5 -134.3 -11
2 24 -19.56 -130 -11 -3.5 -130 -11
2 24 -20.19 -130 -3 -6 -130 -3
3 16 19.56 -130 -11 6 -135.88 -3 3.5 -134.3 -11
3 16 20.19 -130 -3 6 -135.88 -3 19.56 -130 -11
5 24 6 -135.88 -3 19.56 -130 -11 3.5 -134.3 -11 20.19 -130 -3
4 16 -6 -135.88 -3 -3.5 -134.3 -11 3.5 -134.3 -11 6 -135.88 -3
4 16 -19.56 -130 -11 -20.19 -130 -3 20.19 -130 -3 19.56 -130 -11
3 16 -6 -135.88 -3 -20.19 -130 -3 -19.56 -130 -11
3 16 -6 -135.88 -3 -19.56 -130 -11 -3.5 -134.3 -11
5 24 -19.56 -130 -11 -6 -135.88 -3 -20.19 -130 -3 -3.5 -134.3 -11
0 //
0 //
5 24 8 -34.12 3 3.5 -35.7 11 19.56 -40 11 -8 -34.12 3
5 24 -8 -34.12 3 -3.5 -35.7 11 3.5 -35.7 11 -19.56 -40 11
5 24 -3.5 -35.7 11 3.5 -35.7 11 -8 -34.12 3 -3.5 -40 20.24
5 24 8 -34.12 3 -8 -34.12 3 -3.5 -35.7 11 8 -34.12 -3
5 24 -3.5 -35.7 -11 3.5 -35.7 -11 3.5 -40 -20.24 -8 -34.12 -3
5 24 8 -34.12 -3 -8 -34.12 -3 8 -34.12 3 -3.5 -35.7 -11
5 24 3.5 -35.7 -11 8 -34.12 -3 19.56 -40 -11 -3.5 -35.7 -11
5 24 -3.5 -35.7 -11 -8 -34.12 -3 8 -34.12 -3 -19.56 -40 -11
5 24 15.36 -58 36.48 16.5 -64 39 25.28 -58 31 0 -64 39.19
5 24 -16.5 -64 39 -15.36 -58 36.48 -25.28 -58 31 0 -64 39.19
5 24 15.36 -58 -36.48 16.5 -64 -39 0 -64 -39.19 25.28 -58 -31
5 24 -16.5 -64 -39 -15.36 -58 -36.48 0 -64 -39.19 -25.28 -58 -31
5 24 17.31 -70 39 17.83 -76 39 28.48 -70 31 0 -76 42.33
5 24 -17.83 -76 39 -17.31 -70 39 -28.48 -70 31 0 -76 42.33
5 24 0 -70 41.1 0 -76 42.33 17.31 -70 39 -17.31 -70 39
5 24 0 -76 -42.33 0 -70 -41.1 17.31 -70 -39 -17.31 -70 -39
5 24 17.31 -70 -39 17.83 -76 -39 0 -76 -42.33 28.48 -70 -31
5 24 -17.83 -76 -39 -17.31 -70 -39 0 -76 -42.33 -28.48 -70 -31
5 24 18.08 -82 39 18.08 -88 39 29.75 -88 31 0 -88 42.93
5 24 -18.08 -88 39 -18.08 -82 39 -29.75 -82 31 0 -82 42.93
5 24 0 -82 42.93 0 -88 42.93 18.08 -88 39 -18.08 -82 39
5 24 18.08 -82 -39 18.08 -88 -39 0 -82 -42.93 29.75 -88 -31
5 24 0 -88 -42.93 0 -82 -42.93 18.08 -82 -39 -18.08 -88 -39
5 24 -18.08 -88 -39 -18.08 -82 -39 0 -88 -42.93 -29.75 -82 -31
5 24 17.83 -94 39 17.31 -100 39 28.48 -100 31 0 -94 42.33
5 24 -17.31 -100 39 -17.83 -94 39 -28.48 -100 31 0 -94 42.33
5 24 0 -94 42.33 0 -100 41.1 17.31 -100 39 -17.31 -100 39
5 24 0 -100 -41.1 0 -94 -42.33 17.31 -100 -39 -17.31 -100 -39
5 24 -17.31 -100 -39 -17.83 -94 -39 0 -94 -42.33 -28.48 -100 -31
5 24 17.83 -94 -39 17.31 -100 -39 0 -94 -42.33 28.48 -100 -31
5 24 16.5 -106 39 15.36 -112 36.48 25.28 -112 31 0 -106 39.19
5 24 -15.36 -112 36.48 -16.5 -106 39 -25.28 -112 31 0 -106 39.19
5 24 16.5 -106 -39 15.36 -112 -36.48 0 -106 -39.19 25.28 -112 -31
5 24 -15.36 -112 -36.48 -16.5 -106 -39 0 -106 -39.19 -25.28 -112 -31
5 24 3.5 -134.3 11 6 -135.88 3 19.56 -130 11 -3.5 -134.3 11
5 24 -3.5 -134.3 11 -6 -135.88 3 6 -135.88 3 -19.56 -130 11
5 24 -6 -135.88 3 6 -135.88 3 -3.5 -134.3 11 -6 -135.88 -3
5 24 3.5 -134.3 11 -3.5 -134.3 11 -6 -135.88 3 3.5 -130 20.24
5 24 3.5 -134.3 -11 -3.5 -134.3 -11 -3.5 -130 -20.24 -6 -135.88 -3
5 24 -6 -135.88 -3 6 -135.88 -3 -6 -135.88 3 -3.5 -134.3 -11
5 24 6 -135.88 -3 3.5 -134.3 -11 19.56 -130 -11 -6 -135.88 -3
5 24 -6 -135.88 -3 -3.5 -134.3 -11 3.5 -134.3 -11 -19.56 -130 -11
2 24 -1 -40 3.78 -1 -40 17.85
2 24 1 -40 3.78 1 -40 17.85
2 24 -1 -40 -17.85 -1 -40 -3.78
2 24 -1 -40 -17.85 1 -40 -17.85
2 24 1 -40 -17.85 1 -40 -3.78
2 24 -1 -40 17.85 1 -40 17.85
2 24 -1 -52 2.772 -1 -52 31.395
2 24 1 -52 2.772 1 -52 31.395
2 24 -1 -46 3.276 -1 -46 25.97
2 24 1 -46 3.276 1 -46 25.97
2 24 -1 -52 -31.395 -1 -52 -2.772
2 24 1 -52 -31.395 1 -52 -2.772
2 24 -1 -46 -25.97 -1 -46 -3.276
2 24 1 -46 -25.97 1 -46 -3.276
2 24 -1 -52 -31.395 1 -52 -31.395
2 24 -1 -46 -25.97 1 -46 -25.97
2 24 -1 -52 31.395 1 -52 31.395
2 24 -1 -46 25.97 1 -46 25.97
2 24 -1 -64 1.764 -1 -64 37.893
2 24 1 -64 1.764 1 -64 37.893
2 24 -1 -64 37.893 1 -64 37.893
2 24 -1 -58 2.268 -1 -58 35.327
2 24 -1 -58 35.327 1 -58 35.327
2 24 1 -58 2.268 1 -58 35.327
2 24 -1 -64 -37.893 -1 -64 -1.764
2 24 1 -64 -37.893 1 -64 -1.764
2 24 -1 -58 -35.327 -1 -58 -2.268
2 24 1 -58 -35.327 1 -58 -2.268
2 24 -1 -64 -37.893 1 -64 -37.893
2 24 -1 -58 -35.327 1 -58 -35.327
2 24 -1 -76 0.756 -1 -76 41.328
2 24 1 -76 0.756 1 -76 41.328
2 24 -1 -70 1.26 -1 -70 40.133
2 24 1 -70 1.26 1 -70 40.133
2 24 -1 -76 41.328 1 -76 41.328
2 24 -1 -70 40.133 1 -70 40.133
2 24 -1 -76 -41.328 -1 -76 -0.756
2 24 1 -76 -41.328 1 -76 -0.756
2 24 -1 -70 -40.133 -1 -70 -1.26
2 24 1 -70 -40.133 1 -70 -1.26
2 24 -1 -76 -41.328 1 -76 -41.328
2 24 -1 -70 -40.133 1 -70 -40.133
2 24 -1 -88 0.252 -1 -88 42
2 24 1 -88 0.252 1 -88 42
2 24 -1 -82 0.252 -1 -82 42
2 24 1 -82 0.252 1 -82 42
2 24 -1 -88 42 1 -88 42
2 24 -1 -82 42 1 -82 42
2 24 -1 -88 -42 -1 -88 -0.252
2 24 1 -88 -42 1 -88 -0.252
2 24 -1 -82 -42 -1 -82 -0.252
2 24 1 -82 -42 1 -82 -0.252
2 24 -1 -88 -42 1 -88 -42
2 24 -1 -82 -42 1 -82 -42
2 24 -1 -100 1.26 -1 -100 40.133
2 24 1 -100 1.26 1 -100 40.133
2 24 -1 -94 0.756 -1 -94 41.328
2 24 1 -94 0.756 1 -94 41.328
2 24 -1 -100 40.133 1 -100 40.133
2 24 -1 -94 41.328 1 -94 41.328
2 24 -1 -100 -40.133 -1 -100 -1.26
2 24 1 -100 -40.133 1 -100 -1.26
2 24 -1 -94 -41.328 -1 -94 -0.756
2 24 1 -94 -41.328 1 -94 -0.756
2 24 -1 -100 -40.133 1 -100 -40.133
2 24 -1 -94 -41.328 1 -94 -41.328
2 24 -1 -112 2.268 -1 -112 35.327
2 24 1 -112 2.268 1 -112 35.327
2 24 -1 -112 35.327 1 -112 35.327
2 24 -1 -106 1.764 -1 -106 37.893
2 24 -1 -106 37.893 1 -106 37.893
2 24 1 -106 1.764 1 -106 37.893
2 24 -1 -112 -35.327 -1 -112 -2.268
2 24 1 -112 -35.327 1 -112 -2.268
2 24 -1 -106 -37.893 -1 -106 -1.764
2 24 1 -106 -37.893 1 -106 -1.764
2 24 -1 -112 -35.327 1 -112 -35.327
2 24 -1 -106 -37.893 1 -106 -37.893
2 24 -1 -124 3.276 -1 -124 25.97
2 24 1 -124 3.276 1 -124 25.97
2 24 -1 -118 2.772 -1 -118 31.395
2 24 1 -118 2.772 1 -118 31.395
2 24 -1 -118 -31.395 -1 -118 -2.772
2 24 1 -118 -31.395 1 -118 -2.772
2 24 -1 -124 -25.97 -1 -124 -3.276
2 24 1 -124 -25.97 1 -124 -3.276
2 24 -1 -124 -25.97 1 -124 -25.97
2 24 -1 -118 -31.395 1 -118 -31.395
2 24 -1 -124 25.97 1 -124 25.97
2 24 -1 -118 31.395 1 -118 31.395
2 24 -1 -130 3.78 -1 -130 17.85
2 24 1 -130 3.78 1 -130 17.85
2 24 -1 -130 -17.85 -1 -130 -3.78
2 24 -1 -130 -17.85 1 -130 -17.85
2 24 1 -130 -17.85 1 -130 -3.78
2 24 -1 -130 17.85 1 -130 17.85

0 FILE parts/3626bp01.dat
0 Minifig Head with Standard Grin Pattern (Blocked Hollow Stud)
0 Name: 3626bp01.dat
0 Author: Tore Eriksson [Tore_Eriksson]
0 !LDRAW_ORG Part UPDATE 2022-05
0 !LICENSE Licensed under CC BY 4.0 : see CAreadme.txt

0 BFC CERTIFY CCW

0 !KEYWORDS BrickLink 3626p01, Rebrickable 3626bpr0001, set 1066, Set 1589
0 !KEYWORDS set 7720

0 !HISTORY 1998-06-20 [PTadmin] Official Update 1998-06
0 !HISTORY 1998-10-15 [PTadmin] Official Update 1998-09
0 !HISTORY 1999-02-01 [PTadmin] Official Update 1999-01
0 !HISTORY 1999-03-26 [PTadmin] Official Update 1999-02
0 !HISTORY 2003-11-02 [hmick] corrected overlapping quads
0 !HISTORY 2004-04-06 [sbliss] BFC'ed
0 !HISTORY 2004-04-15 [westrate] added torus primitives
0 !HISTORY 2005-12-28 [PTadmin] Official Update 2005-01
0 !HISTORY 2007-06-29 [PTadmin] Header formatted for Contributor Agreement
0 !HISTORY 2008-07-01 [PTadmin] Official Update 2008-01
0 !HISTORY 2013-04-10 [MMR1988] Used pattern subfile, used 7-8 instead of 2-4 + 2x 3-16 cyli
0 !HISTORY 2013-09-01 [MagFors] Extended description
0 !HISTORY 2019-06-28 [PTadmin] Official Update 2019-01
0 !HISTORY 2022-07-30 [MagFors] Update description, used backside subfile
0 !HISTORY 2022-09-15 [PTadmin] Official Update 2022-05


1 16 0 0 0 1 0 0 0 1 0 0 0 1 s/3626ap01s01.dat
1 16 0 0 0 -1 0 0 0 1 0 0 0 1 s/3626ap01s01.dat
0 // replacing s\3626bs01.dat
1 16 0 0 0 1 0 0 0 1 0 0 0 1 s/3626bs02.dat
1 16 0 0 0 1 0 0 0 1 0 0 0 1 s/3626bs04.dat
1 16 0 4 0 13 0 0 0 13 0 0 0 -13 3-16cyli.dat
1 16 0 4 0 -13 0 0 0 13 0 0 0 -13 3-16cyli.dat

1 16 0 4 0 0 0 -8 0 -6.4 0 -8 0 0 t04o6250.dat
1 16 0 4 0 8 0 0 0 -6.4 0 0 0 -8 t04o6250.dat
1 16 0 17 0 0 0 8 0 6.4 0 -8 0 0 t04o6250.dat
1 16 0 17 0 -8 0 0 0 6.4 0 0 0 -8 t04o6250.dat
0 // conditional lines
5 24 0 4 -13 0 17 -13 4.9751 4 -12.0107 -4.9751 4 -12.0107
5 24 4.9751 4 -12.0107 4.9751 17 -12.0107 0 4 -13 9.1923 4 -9.1923
5 24 -4.9751 4 -12.0107 -4.9751 17 -12.0107 0 4 -13 -9.1923 4 -9.1923

0 FILE parts/973c01.dat
0 Minifig Torso with Arms and Yellow Hands
0 Name: 973c01.dat
0 Author: Magnus Forsberg [MagFors]
0 !LDRAW_ORG Shortcut UPDATE 2020-02
0 !LICENSE Licensed under CC BY 4.0 : see CAreadme.txt

0 BFC CERTIFY CCW

0 !KEYWORDS ldd partnumber 76382

0 !HISTORY 2020-09-05 [PTadmin] Official Update 2020-02


1 16 0 0 0 1 0 0 0 1 0 0 0 1 973.dat
1 16 -15.552 9 0 0.985 -0.17 0 0.17 0.985 0 0 0 1 3818.dat
1 16 15.552 9 0 0.985 0.17 0 -0.17 0.985 0 0 0 1 3819.dat
1 14 -23.6904 26.774 -9.8982 0.985 -0.1202 0.1202 0.17 0.6964 -0.6964 0 0.707 0.707 3820.dat
1 14 23.6904 26.774 -9.8982 0.985 0.1202 -0.1202 -0.17 0.6964 -0.6964 0 0.707 0.707 3820.dat

0 FILE parts/3818.dat
0 Minifig Arm Right
0 Name: 3818.dat
0 Author: Chris Dee [cwdee]
0 !LDRAW_ORG Part UPDATE 2018-02
0 !LICENSE Licensed under CC BY 4.0 : see CAreadme.txt

0 !HELP Place at -15.552 9 0 relative to torso
0 !HELP Then rotate about x axis to give required elevation of arm
0 !HELP 0 = upper arm vertical
0 !HELP -45 = lower arm horizontal
0 !HELP -90 = upper arm horizontal
0 !HELP -135 = lower arm vertical
0 !HELP Then rotate 9.782 about z axis to align with slope of torso

0 BFC CERTIFY CCW

0 !KEYWORDS BrickLink 982

0 !PREVIEW 16 0 0 0 -1 0 0 0 1 0 0 0 -1

0 !HISTORY 2002-11-30 [PTadmin] Official Update 2002-05
0 !HISTORY 2007-07-29 [PTadmin] Header formatted for Contributor Agreement
0 !HISTORY 2008-07-01 [PTadmin] Official Update 2008-01
0 !HISTORY 2008-07-01 [tchang] Add BFC, some conditional lines
0 !HISTORY 2009-05-28 [Eldar] Fix wrong color lines
0 !HISTORY 2009-08-24 [PTadmin] Moved from 982
0 !HISTORY 2009-12-29 [PTadmin] Official Update 2009-03
0 !HISTORY 2010-08-27 [Philo] Increased hand hole to 15LDu; Fixed/added some condline.
0 !HISTORY 2010-12-31 [PTadmin] Official Update 2010-03
0 !HISTORY 2018-03-05 [GeraldLasser] Added a Conditional Line
0 !HISTORY 2018-03-23 [MagFors] Subfiled for patterned parts
0 !HISTORY 2018-12-08 [PTadmin] Official Update 2018-02


1 16 0 0 0 1 0 0 0 1 0 0 0 1 s/3818s01.dat
1 16 0 0 0 1 0 0 0 1 0 0 0 1 s/3818s02.dat

0 FILE parts/3819.dat
0 Minifig Arm Left
0 Name: 3819.dat
0 Author: Chris Dee [cwdee]
0 !LDRAW_ORG Part UPDATE 2009-03
0 !LICENSE Licensed under CC BY 4.0 : see CAreadme.txt

0 !HELP Place at 15.552 9 0 relative to torso
0 !HELP Then rotate about x axis to give require elevation of arm
0 !HELP 0 = upper arm vertical
0 !HELP -45 = lower arm horizontal
0 !HELP -90 = upper arm horizontal
0 !HELP -135 = lower arm vertical
0 !HELP Then rotate -9.782 about z axis to align with slope of torso

0 BFC CERTIFY CCW

0 !KEYWORDS BrickLink 981

0 !HISTORY 2002-11-30 [PTadmin] Official Update 2002-05
0 !HISTORY 2007-07-29 [PTadmin] Header formatted for Contributor Agreement
0 !HISTORY 2008-07-01 [PTadmin] Official Update 2008-01
0 !HISTORY 2009-08-24 [PTadmin] Moved from 981
0 !HISTORY 2009-12-29 [PTadmin] Official Update 2009-03


1 16 0 0 0 -1 0 0 0 1 0 0 0 1 3818.dat
0

0 FILE parts/3815.dat
0 ~Minifig Hips (Obsolete)
0 Name: 3815.dat
0 Author: Steve Bliss [sbliss]
0 !LDRAW_ORG Part UPDATE 2025-09
0 !LICENSE Licensed under CC BY 4.0 : see CAreadme.txt

0 BFC CERTIFY CCW

0 !CATEGORY Obsolete

0 !HISTORY 1997-10-29 [PTadmin] Official Update 1997-16
0 !HISTORY 1999-01-01 [cwdee] Modifications
0 !HISTORY 1999-02-01 [PTadmin] Official Update 1999-01
0 !HISTORY 2004-06-15 [nielsk] BFC'd
0 !HISTORY 2004-11-06 [PTadmin] Official Update 2004-04
0 !HISTORY 2007-07-27 [PTadmin] Header formatted for Contributor Agreement
0 !HISTORY 2008-07-01 [PTadmin] Official Update 2008-01
0 !HISTORY 2009-01-28 [Philo] Moved crotch to main part
0 !HISTORY 2009-08-24 [PTadmin] Renamed from 970
0 !HISTORY 2010-07-05 [PTadmin] Official Update 2010-02
0 !HISTORY 2020-05-30 [cwdee] Obsoleted due to bad leg geometry
0 !HISTORY 2022-01-14 [PTadmin] Official Update 2022-01
0 !HISTORY 2025-09-27 [OrionP] Changed winding to CCW
0 !HISTORY 2025-09-29 [OrionP] Official Update 2025-09

4 16 -18 0 -10 -18 6 -10 18 6 -10 18 0 -10
1 16 -2 12 0 0 4 0 -6.364 0 6.364 -6.364 0 -6.364 5-16cyli.dat
1 16 0 0 0 1 0 0 0 1 0 0 0 1 s/3815s01.dat
0 //

0 FILE parts/970c00.dat
0 ~Moved to 3815c01
0 Name: 970c00.dat
0 Author: [PTadmin]
0 !LDRAW_ORG Part UPDATE 2010-02
0 !LICENSE Licensed under CC BY 4.0 : see CAreadme.txt

0 BFC CERTIFY CCW

0 !HISTORY 2010-07-05 [PTadmin] Official Update 2010-02


0 // Minifig Hips and Legs (Complete)

1 16 0 0 0 1 0 0 0 1 0 0 0 1 3815c01.dat

0 FILE parts/s/2359s01.dat
0 ~Baseplate 32 x 32 Road 7-Stud Curve without Top Surface
0 Name: s\2359s01.dat
0 Author: Alex Taylor [anathema]
0 !LDRAW_ORG Subpart UPDATE 2010-02
0 !LICENSE Licensed under CC BY 4.0 : see CAreadme.txt

0 BFC CERTIFY CCW

0 !HISTORY 2010-04-09 [mikeheide] Moved portions to main parts
0 !HISTORY 2010-07-05 [PTadmin] Official Update 2010-02


1 16 0 0 0 1 0 0 0 1 0 0 0 1 s/3811s01.dat
1 16 110 0 250 0 0 1 0 1 0 -1 0 0 stug7.dat
1 16 -30 0 250 0 0 1 0 1 0 -1 0 0 stug7.dat
1 16 -170 0 250 0 0 1 0 1 0 -1 0 0 stug7.dat
1 16 -270 0 -270 0 0 1 0 1 0 -1 0 0 stug5.dat
1 16 -300 0 -200 0 0 1 0 1 0 -1 0 0 stug2.dat
1 16 -200 0 -300 0 0 1 0 1 0 -1 0 0 stug2.dat
1 16 160 0 -120 0 0 1 0 1 0 -1 0 0 stug2.dat
1 16 80 0 20 0 0 1 0 1 0 -1 0 0 stug2.dat
1 16 20 0 80 0 0 1 0 1 0 -1 0 0 stug2.dat
1 16 -120 0 160 0 0 1 0 1 0 -1 0 0 stug2.dat
1 16 150 0 -70 0 0 1 0 1 0 -1 0 0 stug3.dat
1 16 -70 0 150 0 0 1 0 1 0 -1 0 0 stug3.dat
1 16 140 0 0 0 0 1 0 1 0 -1 0 0 stug4.dat
1 16 0 0 140 0 0 1 0 1 0 -1 0 0 stug4.dat
1 16 -210 0 -270 0 0 1 0 1 0 -1 0 0 stud.dat
1 16 -210 0 -250 0 0 1 0 1 0 -1 0 0 stud.dat
1 16 -250 0 -210 0 0 1 0 1 0 -1 0 0 stud.dat
1 16 -270 0 -210 0 0 1 0 1 0 -1 0 0 stud.dat
1 16 -310 0 310 0 0 1 0 1 0 -1 0 0 stud.dat
1 16 -310 0 290 0 0 1 0 1 0 -1 0 0 stud.dat
1 16 -310 0 270 0 0 1 0 1 0 -1 0 0 stud.dat
1 16 250 0 250 0 0 1 0 1 0 -1 0 0 stug7.dat
1 16 250 0 110 0 0 1 0 1 0 -1 0 0 stug7.dat
1 16 110 0 110 0 0 1 0 1 0 -1 0 0 stug7.dat
1 16 250 0 -30 0 0 1 0 1 0 -1 0 0 stug7.dat
1 16 250 0 -170 0 0 1 0 1 0 -1 0 0 stug7.dat
1 16 220 0 -280 0 0 1 0 1 0 -1 0 0 stug4.dat
1 16 -280 0 220 0 0 1 0 1 0 -1 0 0 stug4.dat
1 16 290 0 -270 0 0 1 0 1 0 -1 0 0 stug3.dat
1 16 -270 0 290 0 0 1 0 1 0 -1 0 0 stug3.dat
1 16 270 0 -310 0 0 1 0 1 0 -1 0 0 stud.dat
1 16 290 0 -310 0 0 1 0 1 0 -1 0 0 stud.dat
1 16 310 0 -310 0 0 1 0 1 0 -1 0 0 stud.dat
1 16 170 0 -190 0 0 1 0 1 0 -1 0 0 stud.dat
1 16 170 0 -170 0 0 1 0 1 0 -1 0 0 stud.dat
1 16 170 0 -150 0 0 1 0 1 0 -1 0 0 stud.dat
1 16 110 0 -50 0 0 1 0 1 0 -1 0 0 stud.dat
1 16 90 0 -10 0 0 1 0 1 0 -1 0 0 stud.dat
1 16 50 0 30 0 0 1 0 1 0 -1 0 0 stud.dat
1 16 -190 0 170 0 0 1 0 1 0 -1 0 0 stud.dat
1 16 -170 0 170 0 0 1 0 1 0 -1 0 0 stud.dat
1 16 -150 0 170 0 0 1 0 1 0 -1 0 0 stud.dat
1 16 -50 0 110 0 0 1 0 1 0 -1 0 0 stud.dat
1 16 -10 0 90 0 0 1 0 1 0 -1 0 0 stud.dat
1 16 30 0 50 0 0 1 0 1 0 -1 0 0 stud.dat

0 FILE 4-4ring4.dat
0 Ring  4 x 1.0
0 Name: 4-4ring4.dat
0 Author: James Jessiman
0 !LDRAW_ORG Primitive UPDATE 2009-01
0 !LICENSE Licensed under CC BY 4.0 : see CAreadme.txt

0 BFC CERTIFY CCW

0 !HISTORY 1998-12-15 [PTadmin] Official Update 1998-10
0 !HISTORY 2002-04-08 [BrickCaster] Modified for BFC compliance
0 !HISTORY 2002-04-25 [PTadmin] Official Update 2002-02
0 !HISTORY 2007-06-24 [PTadmin] Header formatted for Contributor Agreement
0 !HISTORY 2008-07-01 [PTadmin] Official Update 2008-01
0 !HISTORY 2008-08-26 [cwdee] Switch polygon winding and rename
0 !HISTORY 2009-05-02 [PTadmin] Official Update 2009-01


4 16 -1.9135 0 4.6195 -1.5308 0 3.6956 0 0 4 0 0 5
4 16 -3.5355 0 3.5355 -2.8284 0 2.8284 -1.5308 0 3.6956 -1.9135 0 4.6195
4 16 -4.6195 0 1.9135 -3.6956 0 1.5308 -2.8284 0 2.8284 -3.5355 0 3.5355
4 16 -5 0 0 -4 0 0 -3.6956 0 1.5308 -4.6195 0 1.9135
4 16 -4.6195 0 -1.9135 -3.6956 0 -1.5308 -4 0 0 -5 0 0
4 16 -3.5355 0 -3.5355 -2.8284 0 -2.8284 -3.6956 0 -1.5308 -4.6195 0 -1.9135
4 16 -1.9135 0 -4.6195 -1.5308 0 -3.6956 -2.8284 0 -2.8284 -3.5355 0 -3.5355
4 16 0 0 -5 0 0 -4 -1.5308 0 -3.6956 -1.9135 0 -4.6195
4 16 1.9135 0 -4.6195 1.5308 0 -3.6956 0 0 -4 0 0 -5
4 16 3.5355 0 -3.5355 2.8284 0 -2.8284 1.5308 0 -3.6956 1.9135 0 -4.6195
4 16 4.6195 0 -1.9135 3.6956 0 -1.5308 2.8284 0 -2.8284 3.5355 0 -3.5355
4 16 5 0 0 4 0 0 3.6956 0 -1.5308 4.6195 0 -1.9135
4 16 4.6195 0 1.9135 3.6956 0 1.5308 4 0 0 5 0 0
4 16 3.5355 0 3.5355 2.8284 0 2.8284 3.6956 0 1.5308 4.6195 0 1.9135
4 16 1.9135 0 4.6195 1.5308 0 3.6956 2.8284 0 2.8284 3.5355 0 3.5355
4 16 0 0 5 0 0 4 1.5308 0 3.6956 1.9135 0 4.6195
0

0 FILE 4-4disc.dat
0 Disc 1.0
0 Name: 4-4disc.dat
0 Author: James Jessiman
0 !LDRAW_ORG Primitive UPDATE 2002-02
0 !LICENSE Licensed under CC BY 4.0 : see CAreadme.txt

0 BFC CERTIFY CCW

0 !HISTORY 1998-12-15 [PTadmin] Official Update 1998-10
0 !HISTORY 2002-03-23 [sbliss] Added BFC statement
0 !HISTORY 2002-04-25 [PTadmin] Official Update 2002-02
0 !HISTORY 2007-06-24 [PTadmin] Header formatted for Contributor Agreement
0 !HISTORY 2008-07-01 [PTadmin] Official Update 2008-01


3 16 0 0 0 1 0 0 0.9239 0 0.3827
3 16 0 0 0 0.9239 0 0.3827 0.7071 0 0.7071
3 16 0 0 0 0.7071 0 0.7071 0.3827 0 0.9239
3 16 0 0 0 0.3827 0 0.9239 0 0 1
3 16 0 0 0 0 0 1 -0.3827 0 0.9239
3 16 0 0 0 -0.3827 0 0.9239 -0.7071 0 0.7071
3 16 0 0 0 -0.7071 0 0.7071 -0.9239 0 0.3827
3 16 0 0 0 -0.9239 0 0.3827 -1 0 -0
3 16 0 0 0 -1 0 -0 -0.9239 0 -0.3827
3 16 0 0 0 -0.9239 0 -0.3827 -0.7071 0 -0.7071
3 16 0 0 0 -0.7071 0 -0.7071 -0.3827 0 -0.9239
3 16 0 0 0 -0.3827 0 -0.9239 0 0 -1
3 16 0 0 0 0 0 -1 0.3827 0 -0.9239
3 16 0 0 0 0.3827 0 -0.9239 0.7071 0 -0.7071
3 16 0 0 0 0.7071 0 -0.7071 0.9239 0 -0.3827
3 16 0 0 0 0.9239 0 -0.3827 1 0 0
0

0 FILE 4-4ndis.dat
0 Disc Negative 1.0
0 Name: 4-4ndis.dat
0 Author: James Jessiman
0 !LDRAW_ORG Primitive UPDATE 2012-01
0 !LICENSE Licensed under CC BY 4.0 : see CAreadme.txt

0 BFC CERTIFY CCW

0 !HISTORY 2002-03-23 [sbliss] Added BFC statement; compacted code
0 !HISTORY 2002-04-25 [PTadmin] Official Update 2002-02
0 !HISTORY 2007-06-24 [PTadmin] Header formatted for Contributor Agreement
0 !HISTORY 2008-07-01 [PTadmin] Official Update 2008-01
0 !HISTORY 2012-02-16 [Philo] Changed to CCW
0 !HISTORY 2012-03-30 [PTadmin] Official Update 2012-01


3 16 0.9239 0 0.3827 1 0 0 1 0 1
3 16 0.7071 0 0.7071 0.9239 0 0.3827 1 0 1
3 16 0.3827 0 0.9239 0.7071 0 0.7071 1 0 1
3 16 0 0 1 0.3827 0 0.9239 1 0 1
3 16 -0.3827 0 0.9239 0 0 1 -1 0 1
3 16 -0.7071 0 0.7071 -0.3827 0 0.9239 -1 0 1
3 16 -0.9239 0 0.3827 -0.7071 0 0.7071 -1 0 1
3 16 -1 0 0 -0.9239 0 0.3827 -1 0 1
3 16 -0.9239 0 -0.3827 -1 0 0 -1 0 -1
3 16 -0.7071 0 -0.7071 -0.9239 0 -0.3827 -1 0 -1
3 16 -0.3827 0 -0.9239 -0.7071 0 -0.7071 -1 0 -1
3 16 0 0 -1 -0.3827 0 -0.9239 -1 0 -1
3 16 0.3827 0 -0.9239 0 0 -1 1 0 -1
3 16 0.7071 0 -0.7071 0.3827 0 -0.9239 1 0 -1
3 16 0.9239 0 -0.3827 0.7071 0 -0.7071 1 0 -1
3 16 1 0 0 0.9239 0 -0.3827 1 0 -1

0 FILE 4-4ring2.dat
0 Ring  2 x 1.0
0 Name: 4-4ring2.dat
0 Author: James Jessiman
0 !LDRAW_ORG Primitive UPDATE 2009-01
0 !LICENSE Licensed under CC BY 4.0 : see CAreadme.txt

0 BFC CERTIFY CCW

0 !HISTORY 1998-12-15 [PTadmin] Official Update 1998-10
0 !HISTORY 2002-04-05 [hafhead] Added BFC statement
0 !HISTORY 2002-04-25 [PTadmin] Official Update 2002-02
0 !HISTORY 2007-06-24 [PTadmin] Header formatted for Contributor Agreement
0 !HISTORY 2008-07-01 [PTadmin] Official Update 2008-01
0 !HISTORY 2008-08-26 [cwdee] Switch polygon winding and rename
0 !HISTORY 2009-05-02 [PTadmin] Official Update 2009-01


4 16 -1.1481 0 2.7717 -0.7654 0 1.8478 0 0 2 0 0 3
4 16 -2.1213 0 2.1213 -1.4142 0 1.4142 -0.7654 0 1.8478 -1.1481 0 2.7717
4 16 -2.7717 0 1.1481 -1.8478 0 0.7654 -1.4142 0 1.4142 -2.1213 0 2.1213
4 16 -3 0 0 -2 0 0 -1.8478 0 0.7654 -2.7717 0 1.1481
4 16 -2.7717 0 -1.1481 -1.8478 0 -0.7654 -2 0 0 -3 0 0
4 16 -2.1213 0 -2.1213 -1.4142 0 -1.4142 -1.8478 0 -0.7654 -2.7717 0 -1.1481
4 16 -1.1481 0 -2.7717 -0.7654 0 -1.8478 -1.4142 0 -1.4142 -2.1213 0 -2.1213
4 16 0 0 -3 0 0 -2 -0.7654 0 -1.8478 -1.1481 0 -2.7717
4 16 1.1481 0 -2.7717 0.7654 0 -1.8478 0 0 -2 0 0 -3
4 16 2.1213 0 -2.1213 1.4142 0 -1.4142 0.7654 0 -1.8478 1.1481 0 -2.7717
4 16 2.7717 0 -1.1481 1.8478 0 -0.7654 1.4142 0 -1.4142 2.1213 0 -2.1213
4 16 3 0 0 2 0 0 1.8478 0 -0.7654 2.7717 0 -1.1481
4 16 2.7717 0 1.1481 1.8478 0 0.7654 2 0 0 3 0 0
4 16 2.1213 0 2.1213 1.4142 0 1.4142 1.8478 0 0.7654 2.7717 0 1.1481
4 16 1.1481 0 2.7717 0.7654 0 1.8478 1.4142 0 1.4142 2.1213 0 2.1213
4 16 0 0 3 0 0 2 0.7654 0 1.8478 1.1481 0 2.7717
0

0 FILE 1-4disc.dat
0 Disc 0.25
0 Name: 1-4disc.dat
0 Author: James Jessiman
0 !LDRAW_ORG Primitive UPDATE 2002-02
0 !LICENSE Licensed under CC BY 4.0 : see CAreadme.txt

0 BFC CERTIFY CCW

0 !HISTORY 2002-03-23 [sbliss] Added BFC statement.
0 !HISTORY 2002-04-25 [PTadmin] Official Update 2002-02
0 !HISTORY 2007-06-22 [PTadmin] Header formatted for Contributor Agreement
0 !HISTORY 2008-07-01 [PTadmin] Official Update 2008-01


3 16 0 0 0 1 0 0 0.9239 0 0.3827
3 16 0 0 0 0.9239 0 0.3827 0.7071 0 0.7071
3 16 0 0 0 0.7071 0 0.7071 0.3827 0 0.9239
3 16 0 0 0 0.3827 0 0.9239 0 0 1
0

0 FILE parts/s/3857s01.dat
0 ~Baseplate 16 x 32 with Square Corners without Top Surface
0 Name: s\3857s01.dat
0 Author: Marc Giraudet [Mad_Marc]
0 !LDRAW_ORG Subpart UPDATE 2020-01
0 !LICENSE Licensed under CC BY 4.0 : see CAreadme.txt

0 BFC CERTIFY CCW

0 !HISTORY 2020-06-28 [PTadmin] Official Update 2020-01


0 // Bottom edge

1 16 316 4 156 4 0 0 0 1 0 0 0 4 1-4edge.dat
2 24 316 4 160 -316 4 160
1 16 -316 4 156 -4 0 0 0 1 0 0 0 4 1-4edge.dat
2 24 -320 4 156 -320 4 -156
1 16 -316 4 -156 -4 0 0 0 1 0 0 0 -4 1-4edge.dat
2 24 -316 4 -160 316 4 -160
1 16 316 4 -156 4 0 0 0 1 0 0 0 -4 1-4edge.dat
2 24 320 4 -156 320 4 156

0 // Top edge
1 16 316 0 156 4 0 0 0 1 0 0 0 4 1-4edge.dat
2 24 316 0 160 -316 0 160
1 16 -316 0 156 -4 0 0 0 1 0 0 0 4 1-4edge.dat
2 24 -320 0 156 -320 0 -156
1 16 -316 0 -156 -4 0 0 0 1 0 0 0 -4 1-4edge.dat
2 24 -316 0 -160 316 0 -160
1 16 316 0 -156 4 0 0 0 1 0 0 0 -4 1-4edge.dat
2 24 320 0 -156 320 0 156

0 // Bottom face
1 16 316 4 156 4 0 0 0 -1 0 0 0 4 1-4chrd.dat
1 16 -316 4 156 -4 0 0 0 -1 0 0 0 4 1-4chrd.dat
1 16 -316 4 -156 -4 0 0 0 -1 0 0 0 -4 1-4chrd.dat
1 16 316 4 -156 4 0 0 0 -1 0 0 0 -4 1-4chrd.dat
4 16 -316 4 -160 -320 4 -156 -320 4 156 -316 4 160
4 16 316 4 160 320 4 156 320 4 -156 316 4 -160
4 16 316 4 -160 -316 4 -160 -316 4 160 316 4 160

0 // Outside edge
1 16 316 0 156 4 0 0 0 4 0 0 0 4 1-4cyli.dat
4 16 -316 4 160 -316 0 160 316 0 160 316 4 160
1 16 -316 0 156 -4 0 0 0 4 0 0 0 4 1-4cyli.dat
4 16 -320 4 -156 -320 0 -156 -320 0 156 -320 4 156
1 16 -316 0 -156 -4 0 0 0 4 0 0 0 -4 1-4cyli.dat
4 16 316 4 -160 316 0 -160 -316 0 -160 -316 4 -160
1 16 316 0 -156 4 0 0 0 4 0 0 0 -4 1-4cyli.dat
4 16 320 4 156 320 0 156 320 0 -156 320 4 -156

0 FILE studp01.dat
0 Stud with Dot Pattern
0 Name: studp01.dat
0 Author: James Jessiman
0 !LDRAW_ORG Primitive UPDATE 2009-02
0 !LICENSE Licensed under CC BY 4.0 : see CAreadme.txt

0 BFC CERTIFY CCW

0 !HISTORY 2002-04-04 [sbliss] Modified for BFC compliance
0 !HISTORY 2002-04-25 [PTadmin] Official Update 2002-02
0 !HISTORY 2007-06-24 [PTadmin] Header formatted for Contributor Agreement
0 !HISTORY 2008-07-01 [PTadmin] Official Update 2008-01
0 !HISTORY 2009-06-21 [cwdee] Update ring references to 4-4ring
0 !HISTORY 2009-09-03 [PTadmin] Official Update 2009-02


1 16 0 0 0 6 0 0 0 1 0 0 0 6 4-4edge.dat
1 16 0 -4 0 6 0 0 0 1 0 0 0 6 4-4edge.dat
1 16 0 0 0 6 0 0 0 -4 0 0 0 6 4-4cyli.dat
1 16 0 -4 0 2 0 0 0 1 0 0 0 2 4-4ring2.dat
1 15 0 -4 0 4 0 0 0 1 0 0 0 4 4-4disc.dat
0

0 FILE stug-1x2.dat
0 Stud Group  1 x  2
0 Name: stug-1x2.dat
0 Author: Steffen [Steffen]
0 !LDRAW_ORG Primitive UPDATE 2011-01
0 !LICENSE Licensed under CC BY 4.0 : see CAreadme.txt

0 BFC CERTIFY CCW

0 !HISTORY 2011-07-25 [PTadmin] Official Update 2011-01


1 16 -10 0 0 1 0 0 0 1 0 0 0 1 stud.dat
1 16 10 0 0 1 0 0 0 1 0 0 0 1 stud.dat

0 FILE stud.dat
0 Stud
0 Name: stud.dat
0 Author: James Jessiman
0 !LDRAW_ORG Primitive UPDATE 2012-01
0 !LICENSE Licensed under CC BY 4.0 : see CAreadme.txt

0 BFC CERTIFY CCW

0 !HISTORY 2002-04-04 [sbliss] Modified for BFC compliance
0 !HISTORY 2002-04-25 [PTadmin] Official Update 2002-02
0 !HISTORY 2007-06-24 [PTadmin] Header formatted for Contributor Agreement
0 !HISTORY 2008-07-01 [PTadmin] Official Update 2008-01
0 !HISTORY 2012-02-16 [Philo] Changed to CCW
0 !HISTORY 2012-03-30 [PTadmin] Official Update 2012-01


1 16 0 0 0 6 0 0 0 1 0 0 0 6 4-4edge.dat
1 16 0 -4 0 6 0 0 0 1 0 0 0 6 4-4edge.dat
1 16 0 0 0 6 0 0 0 -4 0 0 0 6 4-4cyli.dat
1 16 0 -4 0 6 0 0 0 1 0 0 0 6 4-4disc.dat

0 FILE stug-2x1.dat
0 Stud Group  2 x  1
0 Name: stug-2x1.dat
0 Author: Magnus Forsberg [MagFors]
0 !LDRAW_ORG Primitive UPDATE 2011-01
0 !LICENSE Licensed under CC BY 4.0 : see CAreadme.txt

0 BFC CERTIFY CCW

0 !HISTORY 2011-07-25 [PTadmin] Official Update 2011-01


1 16 0 0 10 1 0 0 0 1 0 0 0 1 stud.dat
1 16 0 0 -10 1 0 0 0 1 0 0 0 1 stud.dat

0 FILE stug-2x2.dat
0 Stud Group  2 x  2
0 Name: stug-2x2.dat
0 Author: Steffen [Steffen]
0 !LDRAW_ORG Primitive UPDATE 2012-01
0 !LICENSE Licensed under CC BY 4.0 : see CAreadme.txt

0 BFC CERTIFY CCW

0 !HISTORY 2005-12-28 [PTadmin] Official Update 2005-01
0 !HISTORY 2007-05-04 [PTadmin] Header formatted for Contributor Agreement
0 !HISTORY 2008-07-01 [PTadmin] Official Update 2008-01
0 !HISTORY 2011-07-01 [PTadmin] Renamed from stug2
0 !HISTORY 2011-07-25 [PTadmin] Official Update 2011-01
0 !HISTORY 2012-02-16 [Philo] Changed to CCW
0 !HISTORY 2012-03-30 [PTadmin] Official Update 2012-01


1 16 -10 0 -10 1 0 0 0 1 0 0 0 1 stud.dat
1 16 10 0 -10 1 0 0 0 1 0 0 0 1 stud.dat
1 16 -10 0 10 1 0 0 0 1 0 0 0 1 stud.dat
1 16 10 0 10 1 0 0 0 1 0 0 0 1 stud.dat

0 FILE stug-4x1.dat
0 Stud Group  4 x  1
0 Name: stug-4x1.dat
0 Author: Magnus Forsberg [MagFors]
0 !LDRAW_ORG Primitive UPDATE 2011-02
0 !LICENSE Licensed under CC BY 4.0 : see CAreadme.txt

0 BFC CERTIFY CCW

0 !HISTORY 2011-12-29 [PTadmin] Official Update 2011-02


1 16 0 0 30 1 0 0 0 1 0 0 0 1 stud.dat
1 16 0 0 10 1 0 0 0 1 0 0 0 1 stud.dat
1 16 0 0 -10 1 0 0 0 1 0 0 0 1 stud.dat
1 16 0 0 -30 1 0 0 0 1 0 0 0 1 stud.dat

0 FILE stug-5x1.dat
0 Stud Group  5 x  1
0 Name: stug-5x1.dat
0 Author: Magnus Forsberg [MagFors]
0 !LDRAW_ORG Primitive UPDATE 2011-01
0 !LICENSE Licensed under CC BY 4.0 : see CAreadme.txt

0 BFC CERTIFY CCW

0 !HISTORY 2011-07-25 [PTadmin] Official Update 2011-01


1 16 0 0 40 1 0 0 0 1 0 0 0 1 stud.dat
1 16 0 0 20 1 0 0 0 1 0 0 0 1 stud.dat
1 16 0 0 0 1 0 0 0 1 0 0 0 1 stud.dat
1 16 0 0 -20 1 0 0 0 1 0 0 0 1 stud.dat
1 16 0 0 -40 1 0 0 0 1 0 0 0 1 stud.dat

0 FILE stug-3x1.dat
0 Stud Group  3 x  1
0 Name: stug-3x1.dat
0 Author: Magnus Forsberg [MagFors]
0 !LDRAW_ORG Primitive UPDATE 2012-01
0 !LICENSE Licensed under CC BY 4.0 : see CAreadme.txt

0 BFC CERTIFY CCW

0 !HISTORY 2012-03-30 [PTadmin] Official Update 2012-01


1 16 0 0 20 1 0 0 0 1 0 0 0 1 stud.dat
1 16 0 0 0 1 0 0 0 1 0 0 0 1 stud.dat
1 16 0 0 -20 1 0 0 0 1 0 0 0 1 stud.dat

0 FILE stug-1x3.dat
0 Stud Group  1 x  3
0 Name: stug-1x3.dat
0 Author: Steffen [Steffen]
0 !LDRAW_ORG Primitive UPDATE 2012-01
0 !LICENSE Licensed under CC BY 4.0 : see CAreadme.txt

0 BFC CERTIFY CCW

0 !HISTORY 2012-03-30 [PTadmin] Official Update 2012-01


1 16 -20 0 0 1 0 0 0 1 0 0 0 1 stud.dat
1 16 0 0 0 1 0 0 0 1 0 0 0 1 stud.dat
1 16 20 0 0 1 0 0 0 1 0 0 0 1 stud.dat

0 FILE stug-4x4.dat
0 Stud Group  4 x  4
0 Name: stug-4x4.dat
0 Author: Tore Eriksson [Tore_Eriksson]
0 !LDRAW_ORG Primitive UPDATE 2011-01
0 !LICENSE Licensed under CC BY 4.0 : see CAreadme.txt

0 BFC CERTIFY CCW

0 !HISTORY 2004-10-31 [Steffen] used stug2.dat
0 !HISTORY 2005-12-28 [PTadmin] Official Update 2005-01
0 !HISTORY 2007-05-04 [PTadmin] Header formatted for Contributor Agreement
0 !HISTORY 2008-07-01 [PTadmin] Official Update 2008-01
0 !HISTORY 2011-07-01 [PTadmin] Renamed from stug4
0 !HISTORY 2011-07-25 [PTadmin] Official Update 2011-01


1 16 -20 0 -20 1 0 0 0 1 0 0 0 1 stug-2x2.dat
1 16 -20 0 20 1 0 0 0 1 0 0 0 1 stug-2x2.dat
1 16 20 0 20 1 0 0 0 1 0 0 0 1 stug-2x2.dat
1 16 20 0 -20 1 0 0 0 1 0 0 0 1 stug-2x2.dat
0

0 FILE stug-3x3.dat
0 Stud Group  3 x  3
0 Name: stug-3x3.dat
0 Author: Steve Bliss [sbliss]
0 !LDRAW_ORG Primitive UPDATE 2011-01
0 !LICENSE Licensed under CC BY 4.0 : see CAreadme.txt

0 BFC CERTIFY CCW

0 !HISTORY 2005-12-28 [PTadmin] Official Update 2005-01
0 !HISTORY 2007-05-04 [PTadmin] Header formatted for Contributor Agreement
0 !HISTORY 2008-07-01 [PTadmin] Official Update 2008-01
0 !HISTORY 2011-07-01 [PTadmin] Renamed from stug3
0 !HISTORY 2011-07-25 [PTadmin] Official Update 2011-01


1 16 -20 0 -20 1 0 0 0 1 0 0 0 1 stud.dat
1 16 -20 0 0 1 0 0 0 1 0 0 0 1 stud.dat
1 16 -20 0 20 1 0 0 0 1 0 0 0 1 stud.dat
1 16 0 0 -20 1 0 0 0 1 0 0 0 1 stud.dat
1 16 0 0 0 1 0 0 0 1 0 0 0 1 stud.dat
1 16 0 0 20 1 0 0 0 1 0 0 0 1 stud.dat
1 16 20 0 -20 1 0 0 0 1 0 0 0 1 stud.dat
1 16 20 0 0 1 0 0 0 1 0 0 0 1 stud.dat
1 16 20 0 20 1 0 0 0 1 0 0 0 1 stud.dat
0

0 FILE stug-1x4.dat
0 Stud Group  1 x  4
0 Name: stug-1x4.dat
0 Author: Steffen [Steffen]
0 !LDRAW_ORG Primitive UPDATE 2011-01
0 !LICENSE Licensed under CC BY 4.0 : see CAreadme.txt

0 BFC CERTIFY CCW

0 !HISTORY 2011-07-25 [PTadmin] Official Update 2011-01


1 16 -30 0 0 1 0 0 0 1 0 0 0 1 stud.dat
1 16 -10 0 0 1 0 0 0 1 0 0 0 1 stud.dat
1 16 10 0 0 1 0 0 0 1 0 0 0 1 stud.dat
1 16 30 0 0 1 0 0 0 1 0 0 0 1 stud.dat

0 FILE stug-5x5.dat
0 Stud Group  5 x  5
0 Name: stug-5x5.dat
0 Author: Michael Heidemann [mikeheide]
0 !LDRAW_ORG Primitive UPDATE 2011-01
0 !LICENSE Licensed under CC BY 4.0 : see CAreadme.txt

0 BFC CERTIFY CCW

0 !HISTORY 2009-05-02 [PTadmin] Official Update 2009-01
0 !HISTORY 2011-07-01 [PTadmin] Renamed from stug5
0 !HISTORY 2011-07-25 [PTadmin] Official Update 2011-01


1 16 -10 0 -10 1 0 0 0 1 0 0 0 1 stug-4x4.dat
1 16 -40 0 40 1 0 0 0 1 0 0 0 1 stud.dat
1 16 -20 0 40 1 0 0 0 1 0 0 0 1 stud.dat
1 16 0 0 40 1 0 0 0 1 0 0 0 1 stud.dat
1 16 20 0 40 1 0 0 0 1 0 0 0 1 stud.dat
1 16 40 0 -40 1 0 0 0 1 0 0 0 1 stud.dat
1 16 40 0 -20 1 0 0 0 1 0 0 0 1 stud.dat
1 16 40 0 0 1 0 0 0 1 0 0 0 1 stud.dat
1 16 40 0 20 1 0 0 0 1 0 0 0 1 stud.dat
1 16 40 0 40 1 0 0 0 1 0 0 0 1 stud.dat
0

0 FILE stug-7x1.dat
0 Stud Group  7 x  1
0 Name: stug-7x1.dat
0 Author: Magnus Forsberg [MagFors]
0 !LDRAW_ORG Primitive UPDATE 2013-01
0 !LICENSE Licensed under CC BY 4.0 : see CAreadme.txt

0 BFC CERTIFY CCW

0 !HISTORY 2013-07-21 [PTadmin] Official Update 2013-01


1 16 0 0 60 1 0 0 0 1 0 0 0 1 stud.dat
1 16 0 0 40 1 0 0 0 1 0 0 0 1 stud.dat
1 16 0 0 20 1 0 0 0 1 0 0 0 1 stud.dat
1 16 0 0 0 1 0 0 0 1 0 0 0 1 stud.dat
1 16 0 0 -20 1 0 0 0 1 0 0 0 1 stud.dat
1 16 0 0 -40 1 0 0 0 1 0 0 0 1 stud.dat
1 16 0 0 -60 1 0 0 0 1 0 0 0 1 stud.dat

0 FILE stug-9x1.dat
0 Stud Group  9 x  1
0 Name: stug-9x1.dat
0 Author: Steffen [Steffen]
0 !LDRAW_ORG Primitive UPDATE 2013-01
0 !LICENSE Licensed under CC BY 4.0 : see CAreadme.txt

0 BFC CERTIFY CCW

0 !HISTORY 2013-07-21 [PTadmin] Official Update 2013-01


1 16 0 0 80 1 0 0 0 1 0 0 0 1 stud.dat
1 16 0 0 60 1 0 0 0 1 0 0 0 1 stud.dat
1 16 0 0 40 1 0 0 0 1 0 0 0 1 stud.dat
1 16 0 0 20 1 0 0 0 1 0 0 0 1 stud.dat
1 16 0 0 0 1 0 0 0 1 0 0 0 1 stud.dat
1 16 0 0 -20 1 0 0 0 1 0 0 0 1 stud.dat
1 16 0 0 -40 1 0 0 0 1 0 0 0 1 stud.dat
1 16 0 0 -60 1 0 0 0 1 0 0 0 1 stud.dat
1 16 0 0 -80 1 0 0 0 1 0 0 0 1 stud.dat

0 FILE stug-6x6.dat
0 Stud Group  6 x  6
0 Name: stug-6x6.dat
0 Author: Tore Eriksson [Tore_Eriksson]
0 !LDRAW_ORG Primitive UPDATE 2011-01
0 !LICENSE Licensed under CC BY 4.0 : see CAreadme.txt

0 BFC CERTIFY CCW

0 !HISTORY 2005-12-28 [PTadmin] Official Update 2005-01
0 !HISTORY 2007-05-04 [PTadmin] Header formatted for Contributor Agreement
0 !HISTORY 2008-07-01 [PTadmin] Official Update 2008-01
0 !HISTORY 2011-07-01 [PTadmin] Renamed from stug6
0 !HISTORY 2011-07-25 [PTadmin] Official Update 2011-01


1 16 -30 0 -30 1 0 0 0 1 0 0 0 1 stug-3x3.dat
1 16 -30 0 30 1 0 0 0 1 0 0 0 1 stug-3x3.dat
1 16 30 0 30 1 0 0 0 1 0 0 0 1 stug-3x3.dat
1 16 30 0 -30 1 0 0 0 1 0 0 0 1 stug-3x3.dat
0

0 FILE 1-4chrd.dat
0 Chord 0.25
0 Name: 1-4chrd.dat
0 Author: Max Martin Richter [MMR1988]
0 !LDRAW_ORG Primitive UPDATE 2023-05
0 !LICENSE Licensed under CC BY 4.0 : see CAreadme.txt

0 BFC CERTIFY CCW

0 !HISTORY 2004-04-22 [PTadmin] Official Update 2004-02
0 !HISTORY 2007-10-09 [PTadmin] Header formatted for Contributor Agreement
0 !HISTORY 2008-07-01 [PTadmin] Official Update 2008-01
0 !HISTORY 2012-08-02 [MMR1988] Re-creation with PrimGen2 and Rectifier
0 !HISTORY 2012-08-09 [PTadmin] Official Update 2012-02
0 !HISTORY 2023-10-27 [OrionP] Change author to MMR1988 from hafhead
0 !HISTORY 2023-10-31 [OrionP] Official Update 2023-05

4 16 0.9239 0 0.3827 0.3827 0 0.9239 0 0 1 1 0 0
3 16 0.7071 0 0.7071 0.3827 0 0.9239 0.9239 0 0.3827

0 FILE parts/s/48288s01.dat
0 ~Tile  8 x 16 without Top Face
0 Name: s\48288s01.dat
0 Author: Michael Heidemann [mikeheide]
0 !LDRAW_ORG Subpart UPDATE 2025-09
0 !LICENSE Licensed under CC BY 4.0 : see CAreadme.txt

0 BFC CERTIFY CCW

0 !HISTORY 2005-03-22 [westrate] subparted, added groove
0 !HISTORY 2005-12-28 [PTadmin] Official Update 2005-01
0 !HISTORY 2007-09-09 [PTadmin] Header formatted for Contributor Agreement
0 !HISTORY 2008-07-01 [PTadmin] Official Update 2008-01
0 !HISTORY 2025-09-27 [OrionP] Changed winding to CCW
0 !HISTORY 2025-09-29 [OrionP] Official Update 2025-09

1 16 140 4 60 1 0 0 0 -1 0 0 0 1 stud4.dat
1 16 120 4 60 1 0 0 0 -1 0 0 0 1 stud4.dat
1 16 100 4 60 1 0 0 0 -1 0 0 0 1 stud4.dat
1 16 80 4 60 1 0 0 0 -1 0 0 0 1 stud4.dat
1 16 60 4 60 1 0 0 0 -1 0 0 0 1 stud4.dat
1 16 40 4 60 1 0 0 0 -1 0 0 0 1 stud4.dat
1 16 20 4 60 1 0 0 0 -1 0 0 0 1 stud4.dat
1 16 0 4 60 1 0 0 0 -1 0 0 0 1 stud4.dat
1 16 -20 4 60 1 0 0 0 -1 0 0 0 1 stud4.dat
1 16 -40 4 60 1 0 0 0 -1 0 0 0 1 stud4.dat
1 16 -60 4 60 1 0 0 0 -1 0 0 0 1 stud4.dat
1 16 -80 4 60 1 0 0 0 -1 0 0 0 1 stud4.dat
1 16 -100 4 60 1 0 0 0 -1 0 0 0 1 stud4.dat
1 16 -120 4 60 1 0 0 0 -1 0 0 0 1 stud4.dat
1 16 -140 4 60 1 0 0 0 -1 0 0 0 1 stud4.dat
1 16 140 4 40 1 0 0 0 -1 0 0 0 1 stud4.dat
1 16 -140 4 40 1 0 0 0 -1 0 0 0 1 stud4.dat
1 16 140 4 20 1 0 0 0 -1 0 0 0 1 stud4.dat
1 16 -140 4 20 1 0 0 0 -1 0 0 0 1 stud4.dat
1 16 140 4 0 1 0 0 0 -1 0 0 0 1 stud4.dat
1 16 -140 4 0 1 0 0 0 -1 0 0 0 1 stud4.dat
1 16 140 4 -20 1 0 0 0 -1 0 0 0 1 stud4.dat
1 16 140 4 -40 1 0 0 0 -1 0 0 0 1 stud4.dat
1 16 140 4 -60 1 0 0 0 -1 0 0 0 1 stud4.dat
1 16 120 4 -60 1 0 0 0 -1 0 0 0 1 stud4.dat
1 16 100 4 -60 1 0 0 0 -1 0 0 0 1 stud4.dat
1 16 80 4 -60 1 0 0 0 -1 0 0 0 1 stud4.dat
1 16 60 4 -60 1 0 0 0 -1 0 0 0 1 stud4.dat
1 16 40 4 -60 1 0 0 0 -1 0 0 0 1 stud4.dat
1 16 20 4 -60 1 0 0 0 -1 0 0 0 1 stud4.dat
1 16 0 4 -60 1 0 0 0 -1 0 0 0 1 stud4.dat
1 16 -20 4 -60 1 0 0 0 -1 0 0 0 1 stud4.dat
1 16 -40 4 -60 1 0 0 0 -1 0 0 0 1 stud4.dat
1 16 -60 4 -60 1 0 0 0 -1 0 0 0 1 stud4.dat
1 16 -80 4 -60 1 0 0 0 -1 0 0 0 1 stud4.dat
1 16 -100 4 -60 1 0 0 0 -1 0 0 0 1 stud4.dat
1 16 -120 4 -60 1 0 0 0 -1 0 0 0 1 stud4.dat
1 16 -140 4 -20 1 0 0 0 -1 0 0 0 1 stud4.dat
1 16 -140 4 -40 1 0 0 0 -1 0 0 0 1 stud4.dat
1 16 -140 4 -60 1 0 0 0 -1 0 0 0 1 stud4.dat
0 BFC INVERTNEXT
1 16 0 8 0 156 0 0 0 -4 0 0 0 76 box5.dat

4 16 160 7 80 159 7 79 -159 7 79 -160 7 80
4 16 160 7 -80 159 7 -79 159 7 79 160 7 80
4 16 -160 7 -80 -159 7 -79 159 7 -79 160 7 -80
4 16 -160 7 80 -159 7 79 -159 7 -79 -160 7 -80

4 16 159 8 79 156 8 76 -156 8 76 -159 8 79
4 16 159 8 -79 156 8 -76 156 8 76 159 8 79
4 16 -159 8 -79 -156 8 -76 156 8 -76 159 8 -79
4 16 -159 8 79 -156 8 76 -156 8 -76 -159 8 -79

4 16 124 8 44 120 8 40 -120 8 40 -124 8 44
4 16 124 8 -44 120 8 -40 120 8 40 124 8 44
4 16 -124 8 -44 -120 8 -40 120 8 -40 124 8 -44
4 16 -124 8 44 -120 8 40 -120 8 -40 -124 8 -44

1 16 0 0 0 160 0 0 0 7 0 0 0 80 box4.dat
1 16 0 7 0 159 0 0 0 1 0 0 0 79 box4.dat

1 16 0 8 0 124 0 0 0 -4 0 0 0 44 box4.dat
0 BFC INVERTNEXT
1 16 0 8 0 120 0 0 0 -4 0 0 0 40 box4.dat
0

0 FILE 125.dat
0 ~Boat Hull Floating  6 x 24 x  3 Hull
0 Name: 125.dat
0 Author: Michael Heidemann [mikeheide]
0 !LDRAW_ORG Part UPDATE 2014-02
0 !LICENSE Licensed under CC BY 4.0 : see CAreadme.txt

0 !HELP Angle to rotate to base Z-axes 1,63325 degree at point (-151/80/0)

0 BFC CERTIFY CCW

0 !HISTORY 2010-04-10 [mikeheide] fixed warped quads.
0 !HISTORY 2013-12-01 [MagFors] Added more cond-lines, reworked some quads
0 !HISTORY 2014-08-18 [mikeheide] inlined subpart
0 !HISTORY 2014-08-19 [MagFors] simplified design of the inlined subpart
0 !HISTORY 2014-12-23 [PTadmin] Official Update 2014-02


4 16 -52 70 173 -62 70 163 62 70 163 52 70 173
1 16 52 70 163 10 0 0 0 1 0 0 0 10 1-4chrd.dat
1 16 52 70 163 10 0 0 0 1 0 0 0 10 1-4edge.dat
1 16 -52 70 163 0 0 -10 0 1 0 10 0 0 1-4chrd.dat
1 16 -52 70 163 0 0 -10 0 1 0 10 0 0 1-4edge.dat
4 16 -62 28 170 -62 0 170 -62 0 -120 -62 4 -120
4 16 62 0 -120 62 0 170 62 28 170 62 4 -120
3 16 -66 28 172 -66 8 -120 -66 8 172
3 16 66 28 172 66 8 172 66 8 -120
4 16 -61.9889 76.5977 -80.1907 -62 70 163 -62 28 170 -62 4 -120
4 16 62 4 -120 62 28 170 62 70 163 61.9889 76.5977 -80.1907
4 16 -66 8 -120 -66 28 172 -66 74 165 -66 80.782 -80.0716
4 16 66 80.782 -80.0716 66 74 165 66 28 172 66 8 -120
1 16 -65 0 25 0 0 -3 0 1 0 145 0 0 rect2p.dat
1 16 65 0 25 0 0 -3 0 1 0 145 0 0 rect2p.dat
1 16 67 8 25 1 0 0 0 -1 0 0 0 -145 rect1.dat
1 16 -67 8 25 -1 0 0 0 -1 0 0 0 145 rect1.dat
4 16 -68 0 -120 -68 0 170 -68 8 170 -68 8 -120
4 16 68 8 -120 68 8 170 68 0 170 68 0 -120
2 24 -66 8 -120 -66 8 172
2 24 66 8 -120 66 8 172
1 16 0 51 180.5 0 0 -54 23 0 0 -3.5 -1 0 rect1.dat
1 16 0 49 176.5 -52 0 0 0 0 21 0 1 -3.5 rect2p.dat
4 16 -52 0 180 52 0 180 54 0 184 -54 0 184
1 16 0 14 184 0 0 54 -14 0 0 0 -1 0 rect1.dat
1 16 0 14 180 0 0 -52 -14 0 0 0 1 0 rect1.dat
1 16 52 0 170 10 0 0 0 1 0 0 0 10 1-4edge.dat
1 16 52 28 170 10 0 0 0 1 0 0 0 10 1-4edge.dat
4 16 68 0 170 66.9346 0 175.358 61.239 0 173.827 62 0 170
4 16 66.9346 0 175.358 63.8994 0 179.899 59.071 0 177.071 61.239 0 173.827
4 16 63.8994 0 179.899 59.3578 0 182.935 55.827 0 179.239 59.071 0 177.071
4 16 59.3578 0 182.935 54 0 184 52 0 180 55.827 0 179.239
4 16 -62 0 170 -61.239 0 173.827 -66.9346 0 175.358 -68 0 170
4 16 -61.239 0 173.827 -59.071 0 177.071 -63.8994 0 179.899 -66.9346 0 175.358
4 16 -59.071 0 177.071 -55.827 0 179.239 -59.3578 0 182.935 -63.8994 0 179.899
4 16 -55.827 0 179.239 -52 0 180 -54 0 184 -59.3578 0 182.935
0 BFC INVERTNEXT
1 16 52 0 170 10 0 0 0 28 0 0 0 10 1-4cyli.dat
0 BFC INVERTNEXT
1 16 52 28 170 10 0 0 0 42 0 0 -7 10 1-4cyli.dat
1 16 54 0 170 14 0 0 0 1 0 0 0 14 1-4edge.dat
1 16 54 8 170 0 0 2 0 -1 0 2 0 0 1-4ring6.dat
1 16 54 8 170 14 0 0 0 1 0 0 0 14 1-4edge.dat
1 16 -54 0 170 0 0 -14 0 1 0 14 0 0 1-4edge.dat
1 16 -54 8 170 -2 0 0 0 -1 0 0 0 2 1-4ring6.dat
1 16 -54 0 170 0 0 -14 0 8 0 14 0 0 1-4cyli.dat
1 16 54 0 170 14 0 0 0 8 0 0 0 14 1-4cyli.dat
1 16 -54 8 170 0 0 -14 0 1 0 14 0 0 1-4edge.dat
1 16 -54 8 172 0 0 -12 0 1 0 12 0 0 1-4edge.dat
1 16 -54 8 172 0 0 -12 0 20 0 12 0 0 1-4cyli.dat
1 16 54 8 172 12 0 0 0 20 0 0 0 12 1-4cyli.dat
1 16 54 8 172 12 0 0 0 1 0 0 0 12 1-4edge.dat
1 16 -54 28 172 0 0 -12 0 46 0 12 -7 0 1-4cyli.dat
1 16 54 28 172 12 0 0 0 46 0 0 -7 12 1-4cyli.dat
1 16 -52 0 170 0 0 -10 0 1 0 10 0 0 1-4edge.dat
0 BFC INVERTNEXT
1 16 -52 0 170 0 0 -10 0 28 0 10 0 0 1-4cyli.dat
1 16 -52 28 170 0 0 -10 0 1 0 10 0 0 1-4edge.dat
0 BFC INVERTNEXT
1 16 -52 28 170 0 0 -10 0 42 0 10 -7 0 1-4cyli.dat

0 // sub
1 16 0 24 210 1 0 0 0 1 0 0 0 1 stug-1x4.dat
1 16 0 26 220 44 0 0 0 0 2 0 -1 0 rect2p.dat
4 16 44 24 220 -44 24 220 -50 24 184 50 24 184
3 16 -50 24 184 -44 24 220 -50 24 214
3 16 50 24 184 50 24 214 44 24 220
2 24 50 24 184 -50 24 184
1 16 50 26 199 0 -1 0 -2 0 0 0 0 -15 rect3.dat
1 16 -50 26 199 0 1 0 2 0 0 0 0 -15 rect3.dat
1 16 -44 24 214 0 0 -6 0 1 0 6 0 0 1-4chrd.dat
1 16 -44 28 214 -6 0 0 0 -1 0 0 0 6 1-4chrd.dat
1 16 44 24 214 6 0 0 0 1 0 0 0 6 1-4chrd.dat
1 16 44 28 214 0 0 6 0 -1 0 6 0 0 1-4chrd.dat
1 16 -44 24 214 0 0 -6 0 4 0 6 0 0 1-4cylo.dat
1 16 44 24 214 6 0 0 0 4 0 0 0 6 1-4cylo.dat
1 16 -21 24 184 0 2 0 -21 0 0 0 0 16 tri3u1.dat
1 16 19 24 184 0 2 0 -21 0 0 0 0 16 tri3u1.dat
2 24 -3 27 184 -36 27 184
2 24 -36 28 184 -36 27 184
2 24 36 27 184 3 27 184
2 24 36 28 184 36 27 184
2 24 50 28 184 38 28 184
2 24 -38 28 184 -50 28 184
1 16 0 27 200.5 0 0 -3 0 1 0 16.5 0 0 box3u5p.dat
1 16 -17.5 27.5 217 0 0 14.5 0.5 0 0 0 1 0 rect3.dat
0 BFC INVERTNEXT
1 16 -32 27 213 0 0 -4 0 1 0 4 0 0 1-4cylo.dat
1 16 -32 27 213 -4 0 0 0 -1 0 0 0 4 1-4chrd.dat
1 16 -32 28 213 -4 0 0 0 -1 0 0 0 4 1-4ndis.dat
2 24 -36 28 213 -36 28 200
2 24 -36 27 213 -36 27 184
4 16 -36 27 213 -36 27 184 -36 28 200 -36 28 213
3 16 -36 28 200 -36 27 184 -36 28 184
1 16 17.5 27.5 217 0 0 -14.5 -0.5 0 0 0 1 0 rect3.dat
0 BFC INVERTNEXT
1 16 32 27 213 4 0 0 0 1 0 0 0 4 1-4cylo.dat
1 16 32 27 213 0 0 4 0 -1 0 4 0 0 1-4chrd.dat
1 16 32 28 213 0 0 4 0 -1 0 4 0 0 1-4ndis.dat
2 24 36 28 213 36 28 200
2 24 36 27 213 36 27 184
4 16 36 28 213 36 28 200 36 27 184 36 27 213
3 16 36 28 184 36 27 184 36 28 200
4 16 -36 27 184 -36 27 213 -32 27 217 -3 27 184
4 16 3 27 184 32 27 217 36 27 213 36 27 184
3 16 -32 27 217 -3 27 217 -3 27 184
3 16 3 27 217 32 27 217 3 27 184
4 16 36 28 217 -36 28 217 -44 28 220 44 28 220
4 16 44 28 220 50 28 214 36 28 213 36 28 217
4 16 36 28 200 36 28 213 50 28 214 38 28 200
4 16 38 28 184 38 28 200 50 28 214 50 28 184
4 16 -44 28 220 -36 28 217 -36 28 213 -50 28 214
4 16 -38 28 200 -50 28 214 -36 28 213 -36 28 200
4 16 -50 28 184 -50 28 214 -38 28 200 -38 28 184
2 24 38 28 200 38 28 184
1 16 38 28 184 0 -2 0 7.627 0 0 -1.161 0 16 tri3u3.dat
2 24 -38 28 200 -38 28 184
1 16 -36 28 184 0 -2 0 7.627 0 0 -1.161 0 16 tri3u3.dat

4 16 62 0 -120 57.7 0 -176.115 63.7 0 -177.42 68 0 -120
4 16 -68 0 -120 -63.7 0 -177.42 -57.7 0 -176.115 -62 0 -120
4 16 57.7 0 -176.115 44.95 0 -231.284 50.95 0 -233.872 63.7 0 -177.42
4 16 -63.7 0 -177.42 -50.95 0 -233.872 -44.95 0 -231.284 -57.7 0 -176.115
4 16 44.95 0 -231.284 23.95 0 -284.561 29.95 0 -288.388 50.95 0 -233.872
4 16 -50.95 0 -233.872 -29.95 0 -288.388 -23.95 0 -284.561 -44.95 0 -231.284
4 16 23.95 0 -284.561 0 0 -323.592 1 0 -340 29.95 0 -288.388
4 16 -29.95 0 -288.388 -1 0 -340 0 0 -323.592 -23.95 0 -284.561
4 16 0 0 -323.592 -1 0 -340 0 0 -341.319 1 0 -340
1 16 65.85 4 -148.71 -2.15 -1 0 0 0 4 -28.71 0 0 rect2p.dat
1 16 -65.85 4 -148.71 2.15 1 0 0 0 -4 -28.71 0 0 rect2p.dat
1 16 57.325 4 -205.646 -6.375 -1 0 0 0 4 -28.226 0 0 rect2p.dat
1 16 -57.325 4 -205.646 6.375 1 0 0 0 -4 -28.226 0 0 rect2p.dat
1 16 40.45 4 -261.13 -10.5 -1 0 0 0 4 -27.258 0 0 rect2p.dat
1 16 -40.45 4 -261.13 10.5 1 0 0 0 -4 -27.258 0 0 rect2p.dat
1 16 15.475 4 -314.194 -14.475 -1 0 0 0 4 -25.806 0 0 rect2p.dat
1 16 -15.475 4 -314.194 14.475 1 0 0 0 -4 -25.806 0 0 rect2p.dat
1 16 0.5 4 -340.659 0 -1 -0.5 -4 0 0 0 0 -0.6595 rect3.dat
1 16 -0.5 4 -340.659 0.5 1 0 0 0 -4 -0.6595 0 0 rect2p.dat
1 16 64.85 8 -148.71 -1 0 2.15 0 -1 0 0 0 28.71 rect1.dat
1 16 -64.85 8 -148.71 1 0 2.15 0 -1 0 0 0 -28.71 rect1.dat
1 16 56.325 8 -205.646 -1 0 6.375 0 -1 0 0 0 28.226 rect1.dat
1 16 -56.325 8 -205.646 1 0 6.375 0 -1 0 0 0 -28.226 rect1.dat
1 16 39.45 8 -261.13 -1 0 10.5 0 -1 0 0 0 27.258 rect1.dat
1 16 -39.45 8 -261.13 1 0 10.5 0 -1 0 0 0 -27.258 rect1.dat
4 16 29.95 8 -288.388 1 8 -340 0 8 -338.217 27.95 8 -288.388
4 16 -27.95 8 -288.388 0 8 -338.217 -1 8 -340 -29.95 8 -288.388
4 16 0 8 -338.217 1 8 -340 0 8 -341.319 -1 8 -340
2 24 -27.95 8 -288.388 0 8 -338.217
2 24 27.95 8 -288.388 0 8 -338.217
1 16 -11.975 2 -304.077 0 -1 11.975 -2 0 0 0 0 -19.5155 rect2a.dat
1 16 -34.45 2 -257.922 0 -1 10.5 -2 0 0 0 0 -26.6385 rect1.dat
1 16 -51.325 2 -203.699 0 -1 6.375 -2 0 0 0 0 -27.5845 rect1.dat
1 16 -59.85 2 -148.057 0 -1 2.15 -2 0 0 0 0 -28.0575 rect1.dat
1 16 11.975 2 -304.077 0 1 11.975 -2 0 0 0 0 19.5155 rect1.dat
1 16 34.45 2 -257.922 0 1 10.5 -2 0 0 0 0 26.6385 rect1.dat
1 16 51.325 2 -203.699 0 1 6.375 -2 0 0 0 0 27.5845 rect1.dat
1 16 59.85 2 -148.057 0 1 2.15 -2 0 0 0 0 28.0575 rect1.dat
4 16 64.28 81.4867 -106.166 66 80.782 -80.0716 66 8 -120 61.7 8 -177.42
4 16 -66 8 -120 -66 80.782 -80.0716 -64.28 81.4867 -106.166 -61.7 8 -177.42
3 16 59.18 82.1801 -131.822 64.28 81.4867 -106.166 61.7 8 -177.42
3 16 -59.18 82.1801 -131.822 -61.7 8 -177.42 -64.28 81.4867 -106.166
3 16 61.7 8 -177.42 48.95 8 -233.872 59.18 82.1801 -131.822
3 16 -50.78 82.8757 -156.594 -48.95 8 -233.872 -59.18 82.1801 -131.822
3 16 50.78 82.8757 -156.594 59.18 82.1801 -131.822 48.95 8 -233.872
3 16 -61.7 8 -177.42 -59.18 82.1801 -131.822 -48.95 8 -233.872
3 16 48.95 8 -233.872 27.95 8 -288.388 50.78 82.8757 -156.594
3 16 -39.2 83.5283 -180.049 -27.95 8 -288.388 -50.78 82.8757 -156.594
3 16 39.2 83.5283 -180.049 50.78 82.8757 -156.594 27.95 8 -288.388
3 16 -48.95 8 -233.872 -50.78 82.8757 -156.594 -27.95 8 -288.388
3 16 0 84.8569 -227.973 7.42 84.6807 -221.46 0 8 -338.217
3 16 0 84.8569 -227.973 0 8 -338.217 -7.42 84.6807 -221.46
3 16 7.42 84.6807 -221.46 24.68 84.1299 -201.808 0 8 -338.217
3 16 -7.42 84.6807 -221.46 0 8 -338.217 -24.68 84.1299 -201.808
3 16 -27.95 8 -288.388 -39.2 83.5283 -180.049 0 8 -338.217
3 16 24.68 84.1299 -201.808 39.2 83.5283 -180.049 0 8 -338.217
3 16 27.95 8 -288.388 0 8 -338.217 39.2 83.5283 -180.049
3 16 -24.68 84.1299 -201.808 0 8 -338.217 -39.2 83.5283 -180.049
5 24 61.7 8 -177.42 64.28 81.4867 -106.166 66 8 -120 59.18 82.1801 -131.822
5 24 -64.28 81.4867 -106.166 -61.7 8 -177.42 -66 8 -120 -59.18 82.1801 -131.822
5 24 0 8 -338.217 0 84.8569 -227.973 7.42 84.6807 -221.46 -7.42 84.6807 -221.46
3 16 60.359 77.3184 -104.692 62 4 -120 61.9889 76.5977 -80.1907
3 16 -60.359 77.3184 -104.692 -61.9889 76.5977 -80.1907 -62 4 -120
3 16 57.7 4 -176.115 62 4 -120 60.359 77.3184 -104.692
3 16 -57.7 4 -176.115 -60.359 77.3184 -104.692 -62 4 -120
3 16 55.57 78.0139 -128.783 57.7 4 -176.115 60.359 77.3184 -104.692
3 16 -55.57 78.0098 -128.782 -60.359 77.3184 -104.692 -57.7 4 -176.115
3 16 55.57 78.0139 -128.783 47.682 78.6738 -152.043 44.95 4 -231.284
3 16 44.95 4 -231.284 57.7 4 -176.115 55.57 78.0139 -128.783
3 16 -44.95 4 -231.284 -47.682 78.6776 -152.044 -55.57 78.0098 -128.782
3 16 -55.57 78.0098 -128.782 -57.7 4 -176.115 -44.95 4 -231.284
3 16 47.682 78.6738 -152.043 36.809 79.3151 -174.069 44.95 4 -231.284
3 16 -47.682 78.6776 -152.044 -44.95 4 -231.284 -36.809 79.3151 -174.069
3 16 36.809 79.3151 -174.069 23.175 79.902 -194.498 23.95 4 -284.561
3 16 -36.809 79.3151 -174.069 -44.95 4 -231.284 -23.95 4 -284.561
3 16 0 80.5984 -219.065 0 4 -323.592 6.967 80.4142 -212.946
3 16 0 80.5984 -219.065 -6.967 80.4142 -212.946 0 4 -323.592
3 16 0 4 -323.592 23.95 4 -284.561 23.175 79.902 -194.498
3 16 0 4 -323.592 -6.967 80.4142 -212.946 -23.175 79.902 -194.498
3 16 23.95 4 -284.561 44.95 4 -231.284 36.809 79.3151 -174.069
3 16 -23.95 4 -284.561 -23.175 79.902 -194.498 -36.809 79.3151 -174.069
3 16 -23.175 79.902 -194.498 -23.95 4 -284.561 0 4 -323.592
3 16 23.175 79.902 -194.498 6.967 80.4142 -212.946 0 4 -323.592
5 24 60.359 77.3184 -104.692 62 4 -120 61.9889 76.5977 -80.1907 57.7 4 -176.115
5 24 -62 4 -120 -60.359 77.3184 -104.692 -61.9889 76.5977 -80.1907 -57.7 4 -176.115
5 24 60.359 77.3184 -104.692 57.7 4 -176.115 62 4 -120 55.57 78.0139 -128.783
5 24 -57.7 4 -176.115 -60.359 77.3184 -104.692 -62 4 -120 -55.57 78.0098 -128.782
2 24 0 80.5984 -219.065 0 4 -323.592
2 24 61.9889 76.5977 -80.1907 60.359 77.3184 -104.692
2 24 60.359 77.3184 -104.692 55.57 78.0139 -128.783
2 24 55.57 78.0139 -128.783 47.682 78.6738 -152.043
2 24 47.682 78.6738 -152.043 36.809 79.3151 -174.069
2 24 36.809 79.3151 -174.069 23.175 79.902 -194.498
2 24 23.175 79.902 -194.498 6.967 80.4142 -212.946
2 24 6.967 80.4142 -212.946 0 80.5984 -219.065
2 24 -61.9889 76.5977 -80.1907 -60.359 77.3184 -104.692
2 24 -60.359 77.3184 -104.692 -55.57 78.0098 -128.782
2 24 -55.57 78.0098 -128.782 -47.682 78.6776 -152.044
2 24 -47.682 78.6776 -152.044 -36.809 79.3151 -174.069
2 24 -36.809 79.3151 -174.069 -23.175 79.902 -194.498
2 24 -23.175 79.902 -194.498 -6.967 80.4142 -212.946
2 24 -6.967 80.4142 -212.946 0 80.5984 -219.065
4 16 -61.9889 76.5977 -80.1907 -60.359 77.3184 -104.692 60.359 77.3184 -104.692 61.9889 76.5977 -80.1907
4 16 -60.359 77.3184 -104.692 -55.57 78.0098 -128.782 55.57 78.0139 -128.783 60.359 77.3184 -104.692
4 16 -55.57 78.0098 -128.782 -47.682 78.6776 -152.044 47.682 78.6738 -152.043 55.57 78.0139 -128.783
4 16 -47.682 78.6776 -152.044 -36.809 79.3151 -174.069 36.809 79.3151 -174.069 47.682 78.6738 -152.043
4 16 -36.809 79.3151 -174.069 -23.175 79.902 -194.498 23.175 79.902 -194.498 36.809 79.3151 -174.069
4 16 -23.175 79.902 -194.498 -6.967 80.4142 -212.946 6.967 80.4142 -212.946 23.175 79.902 -194.498
3 16 0 80.5984 -219.065 6.967 80.4142 -212.946 -6.967 80.4142 -212.946
4 16 61.9889 76.5977 -80.1907 62 70 163 -62 70 163 -61.9889 76.5977 -80.1907
2 24 61.9889 76.5977 -80.1907 62 70 163
2 24 -61.9889 76.5977 -80.1907 -62 70 163
0 // adjusted bottom
1 16 54 74 165 0 0 12 0 -1 0 12 0 0 1-4chrd.dat
1 16 54 74 165 12 0 0 0 1 0 0 0 12 1-4edge.dat
1 16 -54 74 165 0 0 -12 0 0.988619 0 12 -0.150442 0 1-4edge.dat
1 16 -54 74 165 -12 0.150442 0 0 -0.988619 0 0 0 12 1-4chrd.dat
4 16 54 74 177 66 74 165 -66 74 165 -54 74 177
2 24 66 80.782 -80.0716 64.28 81.4867 -106.166
2 24 64.28 81.4867 -106.166 59.18 82.1801 -131.822
2 24 59.18 82.1801 -131.822 50.78 82.8757 -156.594
2 24 50.78 82.8757 -156.594 39.2 83.5283 -180.049
2 24 39.2 83.5283 -180.049 24.68 84.1299 -201.808
2 24 24.68 84.1299 -201.808 7.42 84.6807 -221.46
2 24 7.42 84.6807 -221.46 0 84.8569 -227.973
2 24 -66 80.782 -80.0716 -64.28 81.4867 -106.166
2 24 -64.28 81.4867 -106.166 -59.18 82.1801 -131.822
2 24 -59.18 82.1801 -131.822 -50.78 82.8757 -156.594
2 24 -50.78 82.8757 -156.594 -39.2 83.5283 -180.049
2 24 -39.2 83.5283 -180.049 -24.68 84.1299 -201.808
2 24 -24.68 84.1299 -201.808 -7.42 84.6807 -221.46
2 24 -7.42 84.6807 -221.46 0 84.8569 -227.973
4 16 66 80.782 -80.0716 64.28 81.4867 -106.166 -64.28 81.4867 -106.166 -66 80.782 -80.0716
4 16 64.28 81.4867 -106.166 59.18 82.1801 -131.822 -59.18 82.1801 -131.822 -64.28 81.4867 -106.166
4 16 59.18 82.1801 -131.822 50.78 82.8757 -156.594 -50.78 82.8757 -156.594 -59.18 82.1801 -131.822
4 16 50.78 82.8757 -156.594 39.2 83.5283 -180.049 -39.2 83.5283 -180.049 -50.78 82.8757 -156.594
4 16 39.2 83.5283 -180.049 24.68 84.1299 -201.808 -24.68 84.1299 -201.808 -39.2 83.5283 -180.049
4 16 24.68 84.1299 -201.808 7.42 84.6807 -221.46 -7.42 84.6807 -221.46 -24.68 84.1299 -201.808
3 16 0 84.8569 -227.973 -7.42 84.6807 -221.46 7.42 84.6807 -221.46
1 16 0 77.391 42.4642 0 0 66 -3.391 -1 0 122.536 0 0 rect2p.dat
2 24 42.5 82.1606 -129.887 42.5 74.1383 160.002
1 16 41 84.028 15.215 0 0 1.5 -3.654 -1 0 135.951 0 0 rect.dat
1 16 41 77.2561 155.584 -1.5 0 0 0 -1 -3.11785 0 0 4.418 rect3.dat
1 16 41 84.9213 -125.312 1.5 0 0 0 -1 -2.7607 0 0 -4.5755 rect3.dat
2 24 39.5 82.1606 -129.887 39.5 74.1383 160.002
4 16 39.5 82.1606 -129.887 39.5 74.1383 160.002 39.5 80.374 151.166 39.5 87.682 -120.736
4 16 42.5 87.682 -120.736 42.5 80.374 151.166 42.5 74.1383 160.002 42.5 82.1606 -129.887
2 24 -39.5 82.1606 -129.887 -39.5 74.1383 160.002
1 16 -41 84.028 15.215 0 0 1.5 -3.654 -1 0 135.951 0 0 rect.dat
1 16 -41 77.2561 155.584 -1.5 0 0 0 -1 -3.11785 0 0 4.418 rect3.dat
1 16 -41 84.9213 -125.312 1.5 0 0 0 -1 -2.7607 0 0 -4.5755 rect3.dat
2 24 -42.5 82.1606 -129.887 -42.5 74.1383 160.002
4 16 -42.5 82.1606 -129.887 -42.5 74.1383 160.002 -42.5 80.374 151.166 -42.5 87.682 -120.736
4 16 -39.5 87.682 -120.736 -39.5 80.374 151.166 -39.5 74.1383 160.002 -39.5 82.1606 -129.887
2 24 -14.5 79.3943 -29.9257 -14.5 74.1383 160.002
1 16 -16 82.6845 65.197 0 0 1.5 -2.3105 -1 0 85.969 0 0 rect.dat
1 16 -16 77.2561 155.584 -1.5 0 0 0 -1 -3.11785 0 0 4.418 rect3.dat
1 16 -16 82.1946 -25.3489 1.5 0 0 0 -1 -2.80035 0 0 -4.57685 rect3.dat
2 24 -17.5 79.3943 -29.9257 -17.5 74.1383 160.002
4 16 -17.5 79.3943 -29.9257 -17.5 74.1383 160.002 -17.5 80.374 151.166 -17.5 84.995 -20.772
4 16 -14.5 84.995 -20.772 -14.5 80.374 151.166 -14.5 74.1383 160.002 -14.5 79.3943 -29.9257
2 24 17.5 79.3943 -29.9257 17.5 74.1383 160.002
1 16 16 82.6845 65.197 0 0 1.5 -2.3105 -1 0 85.969 0 0 rect.dat
1 16 16 77.2561 155.584 -1.5 0 0 0 -1 -3.11785 0 0 4.418 rect3.dat
1 16 16 82.1946 -25.3489 1.5 0 0 0 -1 -2.80035 0 0 -4.57685 rect3.dat
2 24 14.5 79.3943 -29.9257 14.5 74.1383 160.002
4 16 14.5 79.3943 -29.9257 14.5 74.1383 160.002 14.5 80.374 151.166 14.5 84.995 -20.772
4 16 17.5 84.995 -20.772 17.5 80.374 151.166 17.5 74.1383 160.002 17.5 79.3943 -29.9257
2 24 17.5 83.848 -190.863 17.5 80.8051 -80.9055
1 16 16 88.084 -135.73 0 0 1.5 -1.236 -1 0 45.9835 0 0 rect.dat
1 16 16 83.8266 -85.3258 -1.5 0 0 0 -1 -3.02145 0 0 4.42025 rect3.dat
1 16 16 86.584 -186.288 1.5 0 0 0 -1 -2.736 0 0 -4.575 rect3.dat
2 24 14.5 83.848 -190.863 14.5 80.8051 -80.9055
4 16 14.5 83.848 -190.863 14.5 80.8051 -80.9055 14.5 86.848 -89.746 14.5 89.32 -181.713
4 16 17.5 89.32 -181.713 17.5 86.848 -89.746 17.5 80.8051 -80.9055 17.5 83.848 -190.863
2 24 -14.5 83.848 -190.863 -14.5 80.8051 -80.9055
1 16 -16 88.084 -135.73 0 0 1.5 -1.236 -1 0 45.9835 0 0 rect.dat
1 16 -16 83.8266 -85.3258 -1.5 0 0 0 -1 -3.02145 0 0 4.42025 rect3.dat
1 16 -16 86.584 -186.288 1.5 0 0 0 -1 -2.736 0 0 -4.575 rect3.dat
2 24 -17.5 83.848 -190.863 -17.5 80.8051 -80.9055
4 16 -17.5 83.848 -190.863 -17.5 80.8051 -80.9055 -17.5 86.848 -89.746 -17.5 89.32 -181.713
4 16 -14.5 89.32 -181.713 -14.5 86.848 -89.746 -14.5 80.8051 -80.9055 -14.5 83.848 -190.863
0 // Added lines/Condlines
5 24 -62 70 163 62 70 163 -52 70 173 61.9889 76.5977 -80.1907
5 24 -62 4 -120 -61.9889 76.5977 -80.1907 -62 70 163 -60.359 77.3184 -104.692
5 24 61.9889 76.5977 -80.1907 62 4 -120 62 28 170 60.359 77.3184 -104.692
5 24 62 4 -120 62 0 -120 62 28 170 57.7 4 -176.115
5 24 -62 0 -120 -62 4 -120 -62 28 170 -57.7 0 -176.115
5 24 -66 80.782 -80.0716 -66 8 -120 -66 28 172 -64.28 81.4867 -106.166
5 24 66 8 -120 66 80.782 -80.0716 66 74 165 64.28 81.4867 -106.166
5 24 -68 8 -120 -68 0 -120 -68 0 170 -63.7 8 -177.42
5 24 68 0 -120 68 8 -120 68 8 170 63.7 0 -177.42
5 24 -54 28 184 54 28 184 -54 74 177 -54 0 184
5 24 63.7 0 -177.42 63.7 8 -177.42 68 0 -120 50.95 0 -233.872
5 24 -63.7 8 -177.42 -63.7 0 -177.42 -68 8 -120 -50.95 8 -233.872
5 24 50.95 0 -233.872 50.95 8 -233.872 63.7 0 -177.42 29.95 0 -288.388
5 24 -50.95 8 -233.872 -50.95 0 -233.872 -63.7 8 -177.42 -29.95 8 -288.388
5 24 29.95 0 -288.388 29.95 8 -288.388 50.95 0 -233.872 1 0 -340
5 24 -29.95 8 -288.388 -29.95 0 -288.388 -50.95 8 -233.872 -1 8 -340
5 24 1 0 -340 1 8 -340 29.95 0 -288.388 0 0 -341.319
5 24 -1 8 -340 -1 0 -340 -29.95 8 -288.388 0 8 -341.319
5 24 -23.95 4 -284.561 -23.95 0 -284.561 0 0 -323.592 -44.95 0 -231.284
5 24 -44.95 4 -231.284 -44.95 0 -231.284 -23.95 0 -284.561 -57.7 0 -176.115
5 24 -57.7 4 -176.115 -57.7 0 -176.115 -44.95 0 -231.284 -62 0 -120
5 24 -57.7 4 -176.115 -62 4 -120 -62 0 -120 -60.359 77.3184 -104.692
5 24 23.95 0 -284.561 23.95 4 -284.561 0 4 -323.592 44.95 4 -231.284
5 24 44.95 0 -231.284 44.95 4 -231.284 23.95 4 -284.561 57.7 4 -176.115
5 24 57.7 0 -176.115 57.7 4 -176.115 44.95 4 -231.284 62 4 -120
5 24 62 4 -120 57.7 4 -176.115 57.7 0 -176.115 60.359 77.3184 -104.692
5 24 61.9889 76.5977 -80.1907 -61.9889 76.5977 -80.1907 -60.359 77.3184 -104.692 62 70 163
5 24 -6.967 80.4142 -212.946 6.967 80.4142 -212.946 -23.175 79.902 -194.498 0 80.5984 -219.065
5 24 66 74 165 -66 74 165 54 74 177 -66 80.782 -80.0716
5 24 -54 28 184 -58.5924 28 183.087 -58.5924 8 183.087 -54 74 177
5 24 -58.5924 28 183.087 -62.4852 28 180.485 -62.4852 8 180.485 -58.5924 74 176.087
5 24 -62.4852 28 180.485 -65.0868 28 176.592 -65.0868 8 176.592 -62.4852 74 173.485
5 24 -65.0868 28 176.592 -66 28 172 -66 8 172 -65.0868 74 169.592
5 24 66 28 172 65.0868 28 176.592 65.0868 8 176.592 66 74 165
5 24 65.0868 28 176.592 62.4852 28 180.485 62.4852 8 180.485 65.0868 74 169.592
5 24 62.4852 28 180.485 58.5924 28 183.087 58.5924 8 183.087 62.4852 74 173.485
5 24 58.5924 28 183.087 54 28 184 54 8 184 58.5924 74 176.087
5 24 59.18 82.1801 -131.822 61.7 8 -177.42 48.95 8 -233.872 64.28 81.4867 -106.166
5 24 59.18 82.1801 -131.822 48.95 8 -233.872 61.7 8 -177.42 50.78 82.8757 -156.594
5 24 -61.7 8 -177.42 -59.18 82.1801 -131.822 -48.95 8 -233.872 -64.28 81.4867 -106.166
5 24 -59.18 82.1801 -131.822 -48.95 8 -233.872 -50.78 82.8757 -156.594 -61.7 8 -177.42
5 24 50.78 82.8757 -156.594 48.95 8 -233.872 27.95 8 -288.388 59.18 82.1801 -131.822
5 24 50.78 82.8757 -156.594 27.95 8 -288.388 48.95 8 -233.872 39.2 83.5283 -180.049
5 24 -48.95 8 -233.872 -50.78 82.8757 -156.594 -27.95 8 -288.388 -59.18 82.1801 -131.822
5 24 -50.78 82.8757 -156.594 -27.95 8 -288.388 -39.2 83.5283 -180.049 -48.95 8 -233.872
5 24 0 8 -338.217 7.42 84.6807 -221.46 24.68 84.1299 -201.808 0 84.8569 -227.973
5 24 -7.42 84.6807 -221.46 0 8 -338.217 -24.68 84.1299 -201.808 0 84.8569 -227.973
5 24 -27.95 8 -288.388 -39.2 83.5283 -180.049 0 8 -338.217 -50.78 82.8757 -156.594
5 24 -24.68 84.1299 -201.808 0 8 -338.217 -39.2 83.5283 -180.049 -7.42 84.6807 -221.46
5 24 0 8 -338.217 -39.2 83.5283 -180.049 -27.95 8 -288.388 -24.68 84.1299 -201.808
5 24 0 8 -338.217 24.68 84.1299 -201.808 39.2 83.5283 -180.049 7.42 84.6807 -221.46
5 24 39.2 83.5283 -180.049 27.95 8 -288.388 0 8 -338.217 50.78 82.8757 -156.594
5 24 0 8 -338.217 39.2 83.5283 -180.049 24.68 84.1299 -201.808 27.95 8 -288.388
5 24 47.682 78.6738 -152.043 44.95 4 -231.284 55.57 78.0139 -128.783 36.809 79.3151 -174.069
5 24 44.95 4 -231.284 57.7 4 -176.115 55.57 78.0139 -128.783 44.95 0 -231.284
5 24 57.7 4 -176.115 55.57 78.0139 -128.783 44.95 4 -231.284 60.359 77.3184 -104.692
5 24 55.57 78.0139 -128.783 44.95 4 -231.284 47.682 78.6738 -152.043 57.7 4 -176.115
5 24 -44.95 4 -231.284 -47.682 78.6776 -152.044 -55.57 78.0098 -128.782 -36.809 79.3151 -174.069
5 24 -55.57 78.0098 -128.782 -57.7 4 -176.115 -44.95 4 -231.284 -60.359 77.3184 -104.692
5 24 -57.7 4 -176.115 -44.95 4 -231.284 -55.57 78.0098 -128.782 -57.7 0 -176.115
5 24 -44.95 4 -231.284 -55.57 78.0098 -128.782 -47.682 78.6776 -152.044 -57.7 4 -176.115
5 24 23.95 4 -284.561 44.95 4 -231.284 36.809 79.3151 -174.069 23.95 0 -284.561
5 24 44.95 4 -231.284 36.809 79.3151 -174.069 23.95 4 -284.561 47.682 78.6738 -152.043
5 24 36.809 79.3151 -174.069 23.95 4 -284.561 23.175 79.902 -194.498 44.95 4 -231.284
5 24 -36.809 79.3151 -174.069 -44.95 4 -231.284 -23.95 4 -284.561 -47.682 78.6776 -152.044
5 24 -44.95 4 -231.284 -23.95 4 -284.561 -36.809 79.3151 -174.069 -44.95 0 -231.284
5 24 -36.809 79.3151 -174.069 -23.95 4 -284.561 -44.95 4 -231.284 -23.175 79.902 -194.498
5 24 0 4 -323.592 23.95 4 -284.561 23.175 79.902 -194.498 0 0 -323.592
5 24 23.95 4 -284.561 23.175 79.902 -194.498 0 4 -323.592 36.809 79.3151 -174.069
5 24 6.967 80.4142 -212.946 0 4 -323.592 23.175 79.902 -194.498 0 80.5984 -219.065
5 24 0 4 -323.592 23.175 79.902 -194.498 23.95 4 -284.561 6.967 80.4142 -212.946
5 24 0 4 -323.592 -6.967 80.4142 -212.946 -23.175 79.902 -194.498 0 80.5984 -219.065
5 24 -23.175 79.902 -194.498 -23.95 4 -284.561 0 4 -323.592 -36.809 79.3151 -174.069
5 24 -23.95 4 -284.561 0 4 -323.592 -23.175 79.902 -194.498 -23.95 0 -284.561
5 24 0 4 -323.592 -23.175 79.902 -194.498 -6.967 80.4142 -212.946 -23.95 4 -284.561

0 FILE 126.dat
0 ~Boat Hull Floating  6 x 24 x  3 Insert
0 Name: 126.dat
0 Author: Michael Heidemann [mikeheide]
0 !LDRAW_ORG Part UPDATE 2014-02
0 !LICENSE Licensed under CC BY 4.0 : see CAreadme.txt

0 BFC CERTIFY CCW

0 !HISTORY 2013-12-01 [MagFors] removed T-junctions and overlapping quads, added more cond-lines
0 !HISTORY 2014-12-23 [PTadmin] Official Update 2014-02


1 16 0 64 100 0 0 -1 0 1 0 1 0 0 stug-4x4.dat
1 16 0 64 20 0 0 -1 0 1 0 1 0 0 stug-4x4.dat
1 16 0 64 -60 0 0 -1 0 1 0 1 0 0 stug-4x4.dat
1 16 20 64 -120 0 0 -1 0 1 0 1 0 0 stug-2x2.dat
1 16 -20 64 -120 0 0 -1 0 1 0 1 0 0 stug-2x2.dat
0 BFC INVERTNEXT
1 16 0 0 0 0 0 40 0 64 0 -140 0 0 box5.dat
1 16 0 4 0 0 0 44 0 64 0 -144 0 0 box5.dat
1 16 40 0 160 0 0 -1 0 1 0 1 0 0 stug-2x2.dat
1 16 -40 0 160 0 0 -1 0 1 0 1 0 0 stug-2x2.dat
1 16 10 0 170 0 0 1 0 1 0 -1 0 0 stud2a.dat
1 16 -10 0 170 0 0 1 0 1 0 -1 0 0 stud2a.dat
1 16 0 0 150 0 0 -1 0 1 0 1 0 0 stug-2x1.dat

1 16 50 0 70 0 0 -1 0 1 0 1 0 0 stug-1x7.dat
1 16 -50 0 70 0 0 -1 0 1 0 1 0 0 stug-1x7.dat
1 16 50 0 -70 0 0 -1 0 1 0 1 0 0 stug-1x7.dat
1 16 -50 0 -70 0 0 -1 0 1 0 1 0 0 stug-1x7.dat

1 16 -40 0 -160 0 0 -1 0 1 0 1 0 0 stug-2x2.dat
1 16 0 0 -160 0 0 -1 0 1 0 1 0 0 stug-2x2.dat
1 16 40 0 -160 0 0 -1 0 1 0 1 0 0 stug-2x2.dat
1 16 0 0 -220 0 0 -1 0 1 0 1 0 0 stug-4x4.dat
1 16 0 0 -280 0 0 -1 0 1 0 1 0 0 stug-2x2.dat
1 16 62 2 25 0 -1 0 0 0 -2 145 0 0 rect2p.dat
1 16 52 4 170 10 0 0 0 -4 0 0 0 10 1-4cylo.dat
1 16 52 4 170 0 0 10 0 -1 0 10 0 0 1-4chrd.dat
1 16 52 0 170 10 0 0 0 1 0 0 0 10 1-4chrd.dat
1 16 -62 2 25 0 1 0 0 0 2 145 0 0 rect2p.dat
1 16 -52 0 170 0 0 -10 0 4 0 10 0 0 1-4cylo.dat
1 16 -52 0 170 0 0 -10 0 1 0 10 0 0 1-4chrd.dat
1 16 -52 4 170 -10 0 0 0 -1 0 0 0 10 1-4chrd.dat
1 16 0 2 180 52 0 0 0 0 2 0 -1 0 rect2p.dat
1 16 10 4 170 4 0 0 0 1 0 0 0 4 4-4edge.dat
1 16 10 4 170 -4 0 0 0 -1 0 0 0 4 4-4ndis.dat
1 16 10 0 170 6 0 0 0 1 0 0 0 6 4-4edge.dat
1 16 10 0 170 6 0 0 0 1 0 0 0 6 4-4ndis.dat
0 BFC INVERTNEXT
1 16 10 4 170 4 0 0 0 -4 0 0 0 4 4-4cyli.dat

1 16 -10 4 170 4 0 0 0 1 0 0 0 4 4-4edge.dat
1 16 -10 4 170 -4 0 0 0 -1 0 0 0 4 4-4ndis.dat
1 16 -10 0 170 6 0 0 0 1 0 0 0 6 4-4edge.dat
1 16 -10 0 170 6 0 0 0 1 0 0 0 6 4-4ndis.dat
0 BFC INVERTNEXT
1 16 -10 4 170 4 0 0 0 -4 0 0 0 4 4-4cyli.dat

4 16 -6 4 174 6 4 174 6 4 166 -6 4 166
4 16 -52 4 180 52 4 180 6 4 174 -6 4 174
3 16 -52 4 180 -6 4 174 -14 4 174
3 16 52 4 180 14 4 174 6 4 174
4 16 14 4 174 52 4 180 62 4 170 14 4 166
3 16 14 4 166 62 4 170 44 4 144
3 16 6 4 166 14 4 166 44 4 144
3 16 -62 4 170 -14 4 166 -44 4 144
4 16 -52 4 180 -14 4 174 -14 4 166 -62 4 170
3 16 -14 4 166 -6 4 166 -44 4 144
4 16 -6 4 166 6 4 166 44 4 144 -44 4 144

4 16 -40 0 140 40 0 140 4 0 164 -4 0 164
3 16 40 0 140 16 0 164 4 0 164
3 16 -40 0 140 -4 0 164 -16 0 164
3 16 -40 0 140 -16 0 164 -62 0 170
3 16 40 0 140 62 0 170 16 0 164
4 16 -4 0 164 4 0 164 4 0 176 -4 0 176
4 16 16 0 164 62 0 170 52 0 180 16 0 176
4 16 -62 0 170 -16 0 164 -16 0 176 -52 0 180
4 16 -4 0 176 4 0 176 52 0 180 -52 0 180
3 16 -16 0 176 -4 0 176 -52 0 180
3 16 4 0 176 16 0 176 52 0 180

4 16 -62 4 170 -44 4 144 -44 4 -144 -62 4 -120
4 16 62 4 -120 44 4 -144 44 4 144 62 4 170
4 16 -62 0 -120 -40 0 -140 -40 0 140 -62 0 170
4 16 62 0 170 40 0 140 40 0 -140 62 0 -120

1 16 -59.85 2 -148.0575 2.15 1 0 0 0 -2 -28.0575 0 0 rect2p.dat
1 16 -51.325 2 -203.6995 6.375 1 0 0 0 -2 -27.5845 0 0 rect2p.dat
1 16 -34.45 2 -257.9225 10.5 1 0 0 0 -2 -26.6385 0 0 rect2p.dat
1 16 -11.975 2 -304.0765 0 1 11.975 2 0 0 0 0 -19.5155 rect3.dat
1 16 11.975 2 -304.0765 -11.975 -1 0 0 0 2 -19.5155 0 0 rect2p.dat
1 16 34.45 2 -257.9225 -10.5 -1 0 0 0 2 -26.6385 0 0 rect2p.dat
1 16 51.325 2 -203.6995 -6.375 -1 0 0 0 2 -27.5845 0 0 rect2p.dat
1 16 59.85 2 -148.0575 -2.15 -1 0 0 0 2 -28.0575 0 0 rect2p.dat

3 16 23.95 4 -284.561 0 4 -323.592 -23.95 4 -284.561
4 16 44.95 4 -231.284 23.95 4 -284.561 -23.95 4 -284.561 -44.95 4 -231.284
4 16 57.7 4 -176.115 44.95 4 -231.284 -44.95 4 -231.284 -57.7 4 -176.115
4 16 44 4 -144 57.7 4 -176.115 -57.7 4 -176.115 -44 4 -144
3 16 -44 4 -144 -57.7 4 -176.115 -62 4 -120
3 16 62 4 -120 57.7 4 -176.115 44 4 -144

3 16 -23.95 0 -284.561 0 0 -323.592 23.95 0 -284.561
4 16 -44.95 0 -231.284 -23.95 0 -284.561 23.95 0 -284.561 44.95 0 -231.284
4 16 -57.7 0 -176.115 -44.95 0 -231.284 44.95 0 -231.284 57.7 0 -176.115
4 16 -40 0 -140 -57.7 0 -176.115 57.7 0 -176.115 40 0 -140
3 16 40 0 -140 57.7 0 -176.115 62 0 -120
3 16 -62 0 -120 -57.7 0 -176.115 -40 0 -140

0 // Optional Lines
5 24 -23.95 0 -284.561 -23.95 4 -284.561 -44.95 4 -231.284 -2 0 -322.804
5 24 23.95 0 -284.561 23.95 4 -284.561 44.95 4 -231.284 2 0 -322.804
5 24 -44.95 0 -231.284 -44.95 4 -231.284 -57.7 4 -176.115 -23.95 0 -284.561
5 24 44.95 0 -231.284 44.95 4 -231.284 57.7 4 -176.115 23.95 0 -284.561
5 24 -57.7 0 -176.115 -57.7 4 -176.115 -62 4 -120 -44.95 0 -231.284
5 24 57.7 0 -176.115 57.7 4 -176.115 62 4 -120 44.95 0 -231.284
5 24 -62 0 -120 -62 4 -120 -62 4 170 -57.7 0 -176.115
5 24 62 0 -120 62 4 -120 62 4 170 57.7 0 -176.115

0 FILE parts/s/6021s01.dat
0 ~Boat Canoe  4 x 16 Quarter
0 Name: s\6021s01.dat
0 Author: Philippe Hurbain [Philo]
0 !LDRAW_ORG Subpart UPDATE 2011-02
0 !LICENSE Licensed under CC BY 4.0 : see CAreadme.txt

0 BFC CERTIFY CCW

0 !HISTORY 2011-12-29 [PTadmin] Official Update 2011-02


4 16 0 -20.07 26.02 46.03 -20.07 26.02 46.01 -22.73 27.58 0 -22.73 27.58
4 16 0 -22.73 27.58 46.01 -22.73 27.58 46.04 -23.93 30.18 0 -23.93 30.18
4 16 0 -23.93 30.18 46.04 -23.93 30.18 46.04 -22.97 32.28 0 -22.97 32.28
4 16 0 -22.97 32.28 46.04 -22.97 32.28 46.36 -21.28 33.59 0 -21.28 33.59
4 16 0 -21.28 33.59 46.36 -21.28 33.59 46.36 -18.32 33.52 0 -18.32 33.52
4 16 0 -18.32 33.52 46.36 -18.32 33.52 46.36 -16.26 31.42 0 -16.26 31.42
4 16 0 -16.26 31.42 46.36 -16.26 31.42 46.36 -16 29.77 0 -16 29.77
4 16 0 -16 29.77 46.36 -16 29.77 66.8 8 29.42 0 8 29.42
4 16 45.73 0 0 45.73 0 26.02 0 0 26.02 0 0 0
4 16 0 0 26.02 45.73 0 26.02 46.03 -20.07 26.02 0 -20.07 26.02
4 16 73.32 0 0 73.32 0 23.51 45.73 0 26.02 45.73 0 0
4 16 129 0 0 129 0 2.23 121.57 0 7.07 121.57 0 0
4 16 121.57 0 0 121.57 0 7.07 94.04 0 18.52 94.04 0 0
4 16 94.04 0 0 94.04 0 18.52 73.32 0 23.51 73.32 0 0
4 16 130.64 -56.45 0 134.37 -60.23 8.32 129.34 -55.18 3.54 130.47 -56.28 0
4 16 134.37 -60.23 8.32 124.19 -51.42 16.1 122.71 -49.49 8.43 129.34 -55.18 3.54
4 16 128.66 -52.44 2.62 129.34 -55.18 3.54 122.71 -49.49 8.43 123.13 -47.05 6.31
3 16 129.34 -55.18 3.54 129.72 -54.21 0 130.47 -56.28 0
4 16 129.72 -54.21 0 129.34 -55.18 3.54 128.66 -52.44 2.62 129.66 -54.02 0
4 16 129 0 2.23 128.66 -52.44 2.62 123.13 -47.05 6.31 121.57 0 7.07
3 16 128.66 -52.44 2.62 129.66 -4.06 0 129.66 -54.02 0
4 16 129.66 -4.06 0 128.66 -52.44 2.62 129 0 2.23 129.67 0 0
4 16 94.15 -32.85 20.65 109.7 -40.46 14.89 109.41 -41.26 23.16 93.69 -33.45 27.32
3 16 70.89 -25.81 25.97 93.69 -33.45 27.32 70.5 -26.69 29.57
3 16 70.89 -25.81 25.97 94.15 -32.85 20.65 93.69 -33.45 27.32
3 16 98.54 -31.92 17.07 70.89 -25.81 25.97 71.66 -23.09 23.7
3 16 98.54 -31.92 17.07 94.15 -32.85 20.65 70.89 -25.81 25.97
3 16 109.7 -40.46 14.89 94.15 -32.85 20.65 98.54 -31.92 17.07
3 16 123.13 -47.05 6.31 109.7 -40.46 14.89 98.54 -31.92 17.07
3 16 123.13 -47.05 6.31 122.71 -49.49 8.43 109.7 -40.46 14.89
4 16 94.04 0 18.52 98.54 -31.92 17.07 71.66 -23.09 23.7 73.32 0 23.51
3 16 98.54 -31.92 17.07 121.57 0 7.07 123.13 -47.05 6.31
3 16 94.04 0 18.52 121.57 0 7.07 98.54 -31.92 17.07
3 16 70.89 -25.81 25.97 46.04 -23.93 30.18 46.01 -22.73 27.58
3 16 70.5 -26.69 29.57 46.04 -23.93 30.18 70.89 -25.81 25.97
3 16 69.95 -25.8 31.83 46.04 -23.93 30.18 70.5 -26.69 29.57
3 16 69.95 -25.8 31.83 46.04 -22.97 32.28 46.04 -23.93 30.18
3 16 71.66 -23.09 23.7 46.01 -22.73 27.58 46.03 -20.07 26.02
3 16 70.89 -25.81 25.97 46.01 -22.73 27.58 71.66 -23.09 23.7
4 16 45.73 0 26.02 73.32 0 23.51 71.66 -23.09 23.7 46.03 -20.07 26.02
3 16 70.07 -24.19 33.27 46.04 -22.97 32.28 69.95 -25.8 31.83
3 16 70.07 -24.19 33.27 46.36 -21.28 33.59 46.04 -22.97 32.28
3 16 129 0 2.23 129 0 0 129.67 0 0
3 16 46.36 -21.28 33.59 70.26 -20.74 33.35 46.36 -18.32 33.52
3 16 70.26 -20.74 33.35 46.36 -21.28 33.59 70.07 -24.19 33.27
3 16 132.99 -58.44 11.43 125.57 -51.27 17.94 124.19 -51.42 16.1
3 16 109.99 -40.63 25.35 124.19 -51.42 16.1 125.57 -51.27 17.94
3 16 109.99 -40.63 25.35 109.41 -41.26 23.16 124.19 -51.42 16.1
3 16 93.69 -33.45 27.32 109.99 -40.63 25.35 93.28 -32.46 29.67
3 16 93.69 -33.45 27.32 109.41 -41.26 23.16 109.99 -40.63 25.35
3 16 70.5 -26.69 29.57 93.28 -32.46 29.67 69.95 -25.8 31.83
3 16 70.5 -26.69 29.57 93.69 -33.45 27.32 93.28 -32.46 29.67
4 16 71.2 -4.01 29.47 66.8 8 29.42 46.36 -16 29.77 70.88 -18.66 29.53
3 16 71.2 -4.01 29.47 96.69 8 25.18 66.8 8 29.42
3 16 96.69 8 25.18 71.2 -4.01 29.47 98.87 -3.18 25.86
4 16 98.87 -3.18 25.86 125.22 -3.41 17.7 119.26 8 18.14 96.69 8 25.18
4 16 125.22 -3.41 17.7 144.31 -4.2 8.76 138.19 8 9.27 119.26 8 18.14
4 16 151.11 8 1.28 138.19 8 9.27 144.31 -4.2 8.76 156.06 -3.74 1.28
3 16 46.36 -16.26 31.42 70.88 -18.66 29.53 46.36 -16 29.77
3 16 46.36 -16.26 31.42 70.56 -18.83 31.4 70.88 -18.66 29.53
3 16 92.27 -24.28 27.77 70.56 -18.83 31.4 92.62 -24.79 29.69
3 16 92.27 -24.28 27.77 70.88 -18.66 29.53 70.56 -18.83 31.4
3 16 114.38 -34.93 22.22 92.62 -24.79 29.69 114.76 -35.51 24.07
3 16 114.38 -34.93 22.22 92.27 -24.28 27.77 92.62 -24.79 29.69
4 16 132.29 -47.63 13.48 114.38 -34.93 22.22 114.76 -35.51 24.07 132.6 -48.09 15.16
3 16 142.66 -45.14 8.76 132.29 -47.63 13.48 140.02 -54.55 7.42
3 16 140.02 -54.55 7.42 132.6 -48.09 15.16 140.74 -55.67 8.46
3 16 132.6 -48.09 15.16 140.02 -54.55 7.42 132.29 -47.63 13.48
4 16 146.28 -31.71 8.76 127.61 -31.19 17.7 132.29 -47.63 13.48 142.66 -45.14 8.76
3 16 114.38 -34.93 22.22 132.29 -47.63 13.48 127.61 -31.19 17.7
3 16 114.38 -34.93 22.22 128.18 -18.02 17.7 101.85 -17.6 25.86
3 16 127.61 -31.19 17.7 128.18 -18.02 17.7 114.38 -34.93 22.22
3 16 70.88 -18.66 29.53 92.27 -24.28 27.77 101.85 -17.6 25.86
3 16 144.36 -59.3 2.77 146.21 -59.48 1.28 144.56 -58.26 2.98
3 16 145.1 -60.62 1.4 146.21 -59.48 1.28 144.36 -59.3 2.77
4 16 150.54 -53.15 1.28 155.14 -43.79 1.28 142.66 -45.14 8.76 140.02 -54.55 7.42
4 16 146.28 -31.71 8.76 142.66 -45.14 8.76 155.14 -43.79 1.28 158.17 -32.56 1.28
3 16 146.28 -31.71 8.76 159.23 -21.09 1.28 147.07 -17.7 8.76
3 16 146.28 -31.71 8.76 158.17 -32.56 1.28 159.23 -21.09 1.28
3 16 156.06 -3.74 1.28 147.07 -17.7 8.76 159.23 -21.09 1.28
3 16 144.31 -4.2 8.76 147.07 -17.7 8.76 156.06 -3.74 1.28
4 16 144.31 -4.2 8.76 125.22 -3.41 17.7 128.18 -18.02 17.7 147.07 -17.7 8.76
4 16 146.28 -31.71 8.76 147.07 -17.7 8.76 128.18 -18.02 17.7 127.61 -31.19 17.7
3 16 142.25 -57.11 6 140.02 -54.55 7.42 140.74 -55.67 8.46
3 16 142.16 -59.29 6.14 144.56 -58.26 2.98 142.25 -57.11 6
3 16 142.16 -59.29 6.14 144.36 -59.3 2.77 144.56 -58.26 2.98
4 16 125.22 -3.41 17.7 98.87 -3.18 25.86 101.85 -17.6 25.86 128.18 -18.02 17.7
3 16 98.87 -3.18 25.86 70.88 -18.66 29.53 101.85 -17.6 25.86
3 16 71.2 -4.01 29.47 70.88 -18.66 29.53 98.87 -3.18 25.86
3 16 139.53 -62.35 5.63 142.44 -62.02 2.61 140.68 -61.77 5.65
3 16 135.98 -61.31 8.44 139.53 -62.35 5.63 138.24 -61.11 8.81
3 16 132.99 -58.44 11.43 138.24 -61.11 8.81 125.57 -51.27 17.94
3 16 132.99 -58.44 11.43 135.98 -61.31 8.44 138.24 -61.11 8.81
4 16 144.36 -59.3 2.77 142.16 -59.29 6.14 140.68 -61.77 5.65 142.44 -62.02 2.61
3 16 138.77 -60.07 9.85 131.89 -49.76 17.15 127.61 -50.65 18.94
3 16 138.77 -60.07 9.85 140.35 -57.61 9.94 131.89 -49.76 17.15
3 16 142.16 -59.29 6.14 138.77 -60.07 9.85 140.68 -61.77 5.65
3 16 142.16 -59.29 6.14 140.35 -57.61 9.94 138.77 -60.07 9.85
3 16 140.74 -55.67 8.46 131.89 -49.76 17.15 140.35 -57.61 9.94
3 16 140.74 -55.67 8.46 132.6 -48.09 15.16 131.89 -49.76 17.15
3 16 142.25 -57.11 6 140.35 -57.61 9.94 142.16 -59.29 6.14
3 16 140.74 -55.67 8.46 140.35 -57.61 9.94 142.25 -57.11 6
3 16 92.62 -24.79 29.69 70.26 -20.74 33.35 92.83 -26.91 31.42
3 16 70.26 -20.74 33.35 92.62 -24.79 29.69 70.56 -18.83 31.4
4 16 114.76 -35.51 24.07 92.62 -24.79 29.69 92.83 -26.91 31.42 114.08 -37.17 26.05
4 16 132.6 -48.09 15.16 114.76 -35.51 24.07 114.08 -37.17 26.05 131.89 -49.76 17.15
3 16 92.83 -26.91 31.42 70.07 -24.19 33.27 93.02 -30.63 31.24
3 16 92.83 -26.91 31.42 70.26 -20.74 33.35 70.07 -24.19 33.27
3 16 92.83 -26.91 31.42 110.97 -39.2 26.83 114.08 -37.17 26.05
3 16 93.02 -30.63 31.24 110.97 -39.2 26.83 92.83 -26.91 31.42
3 16 110.97 -39.2 26.83 131.89 -49.76 17.15 114.08 -37.17 26.05
3 16 110.97 -39.2 26.83 127.61 -50.65 18.94 131.89 -49.76 17.15
4 16 70.56 -18.83 31.4 46.36 -16.26 31.42 46.36 -18.32 33.52 70.26 -20.74 33.35
4 16 69.95 -25.8 31.83 93.28 -32.46 29.67 93.02 -30.63 31.24 70.07 -24.19 33.27
4 16 110.97 -39.2 26.83 93.02 -30.63 31.24 93.28 -32.46 29.67 109.99 -40.63 25.35
3 16 110.97 -39.2 26.83 125.57 -51.27 17.94 127.61 -50.65 18.94
3 16 125.57 -51.27 17.94 110.97 -39.2 26.83 109.99 -40.63 25.35
3 16 138.24 -61.11 8.81 127.61 -50.65 18.94 125.57 -51.27 17.94
3 16 138.24 -61.11 8.81 138.77 -60.07 9.85 127.61 -50.65 18.94
3 16 138.77 -60.07 9.85 139.53 -62.35 5.63 140.68 -61.77 5.65
3 16 139.53 -62.35 5.63 138.77 -60.07 9.85 138.24 -61.11 8.81
3 16 140.02 -54.55 7.42 142.25 -57.11 6 144.56 -58.26 2.98
3 16 150.54 -53.15 1.28 140.02 -54.55 7.42 144.56 -58.26 2.98
4 16 124.19 -51.42 16.1 109.41 -41.26 23.16 109.7 -40.46 14.89 122.71 -49.49 8.43
3 16 142.44 -62.02 2.61 145.1 -60.62 1.4 144.36 -59.3 2.77
3 16 150.54 -53.15 1.28 144.56 -58.26 2.98 146.21 -59.48 1.28
3 16 132.99 -58.44 11.43 134.37 -60.23 8.32 135.98 -61.31 8.44
3 16 134.37 -60.23 8.32 132.99 -58.44 11.43 124.19 -51.42 16.1
3 16 114.38 -34.93 22.22 101.85 -17.6 25.86 92.27 -24.28 27.77
3 16 134.37 -60.23 8.32 130.64 -56.45 0 134.37 -60.23 0
4 16 135.98 -61.31 0 135.98 -61.31 8.44 134.37 -60.23 8.32 134.37 -60.23 0
4 16 139.53 -62.35 0 139.53 -62.35 5.63 135.98 -61.31 8.44 135.98 -61.31 0
4 16 142.44 -62.02 0 142.44 -62.02 2.61 139.53 -62.35 5.63 139.53 -62.35 0
4 16 145.1 -60.62 0 145.1 -60.62 1.4 142.44 -62.02 2.61 142.44 -62.02 0
4 16 146.21 -59.48 0 146.21 -59.48 1.28 145.1 -60.62 1.4 145.1 -60.62 0
4 16 150.54 -53.15 0 150.54 -53.15 1.28 146.21 -59.48 1.28 146.21 -59.48 0
4 16 155.14 -43.79 0 155.14 -43.79 1.28 150.54 -53.15 1.28 150.54 -53.15 0
4 16 158.17 -32.56 0 158.17 -32.56 1.28 155.14 -43.79 1.28 155.14 -43.79 0
4 16 159.23 -21.09 0 159.23 -21.09 1.28 158.17 -32.56 1.28 158.17 -32.56 0
4 16 156.06 -3.74 0 156.06 -3.74 1.28 159.23 -21.09 1.28 159.23 -21.09 0
4 16 151.11 8 0 151.11 8 1.28 156.06 -3.74 1.28 156.06 -3.74 0
4 16 0 8 29.42 66.8 8 29.42 66.89 8 25.65 0 8 25.65
4 16 0 8 25.65 66.89 8 25.65 66.71 4 25.67 0 4 25.67
4 16 96.69 8 25.18 97.35 8 21.18 66.89 8 25.65 66.8 8 29.42
4 16 97.35 8 21.18 96.69 8 25.18 119.26 8 18.14 119.38 8 14.17
4 16 119.26 8 18.14 138.19 8 9.27 133.35 8 7.64 119.38 8 14.17
3 16 117.99 4 14.73 133.35 8 7.64 131.69 4 8.5
3 16 119.38 8 14.17 133.35 8 7.64 117.99 4 14.73
4 16 146.24 7.9 0 131.69 4 8.5 133.35 8 7.64 146.25 8 0
3 16 96.44 4 21.41 119.38 8 14.17 117.99 4 14.73
3 16 97.35 8 21.18 119.38 8 14.17 96.44 4 21.41
3 16 66.71 4 25.67 97.35 8 21.18 96.44 4 21.41
3 16 66.89 8 25.65 97.35 8 21.18 66.71 4 25.67
3 16 131.69 -52.52 8.5 146.24 -52.52 0 131.69 -52.52 0
4 16 146.25 8 0 133.35 8 7.64 138.19 8 9.27 151.11 8 1.28
3 16 151.11 8 1.28 151.11 8 0 147.28 8 0
4 16 131.69 4 0 131.69 4 8.5 131.69 -52.52 8.5 131.69 -52.52 0
4 16 146.24 -52.52 0 131.69 -52.52 8.5 131.69 4 8.5 146.24 7.9 0
2 24 46.36 -16 29.77 0 -16 29.77
2 24 66.8 8 29.42 0 8 29.42
2 24 45.73 0 26.02 0 0 26.02
2 24 73.32 0 23.51 45.73 0 26.02
2 24 129 0 2.23 121.57 0 7.07
2 24 121.57 0 7.07 94.04 0 18.52
2 24 94.04 0 18.52 73.32 0 23.51
2 24 129 0 2.23 129.67 0 0
2 24 46.36 -16 29.77 70.88 -18.66 29.53
2 24 96.69 8 25.18 66.8 8 29.42
2 24 119.26 8 18.14 96.69 8 25.18
2 24 138.19 8 9.27 119.26 8 18.14
2 24 151.11 8 1.28 138.19 8 9.27
2 24 156.06 -3.74 1.28 151.11 8 1.28
2 24 92.27 -24.28 27.77 70.88 -18.66 29.53
2 24 114.38 -34.93 22.22 92.27 -24.28 27.77
2 24 132.29 -47.63 13.48 114.38 -34.93 22.22
2 24 132.29 -47.63 13.48 140.02 -54.55 7.42
2 24 146.21 -59.48 1.28 144.56 -58.26 2.98
2 24 145.1 -60.62 1.4 146.21 -59.48 1.28
2 24 150.54 -53.15 1.28 155.14 -43.79 1.28
2 24 155.14 -43.79 1.28 158.17 -32.56 1.28
2 24 158.17 -32.56 1.28 159.23 -21.09 1.28
2 24 159.23 -21.09 1.28 156.06 -3.74 1.28
2 24 139.53 -62.35 5.63 142.44 -62.02 2.61
2 24 135.98 -61.31 8.44 139.53 -62.35 5.63
2 24 132.99 -58.44 11.43 135.98 -61.31 8.44
2 24 144.56 -58.26 2.98 140.02 -54.55 7.42
2 24 142.44 -62.02 2.61 145.1 -60.62 1.4
2 24 146.21 -59.48 1.28 150.54 -53.15 1.28
2 24 151.11 8 0 151.11 8 1.28
2 24 66.89 8 25.65 0 8 25.65
2 24 66.71 4 25.67 0 4 25.67
2 24 97.35 8 21.18 66.89 8 25.65
2 24 119.38 8 14.17 97.35 8 21.18
2 24 133.35 8 7.64 119.38 8 14.17
2 24 131.69 4 8.5 117.99 4 14.73
2 24 133.35 8 7.64 146.25 8 0
2 24 117.99 4 14.73 96.44 4 21.41
2 24 96.44 4 21.41 66.71 4 25.67
2 24 131.69 -52.52 0 131.69 -52.52 8.5
2 24 131.69 -52.52 8.5 146.24 -52.52 0
2 24 131.69 4 8.5 131.69 -52.52 8.5
2 24 131.69 4 0 131.69 4 8.5
4 16 96.44 4 0 96.44 4 21.41 117.99 4 14.73 117.99 4 0
4 16 66.71 4 0 66.71 4 25.67 96.44 4 21.41 96.44 4 0
4 16 117.99 4 0 117.99 4 14.73 131.69 4 8.5 131.69 4 0
4 16 0 4 0 0 4 25.67 66.71 4 25.67 66.71 4 0
3 16 147.28 8 0 146.25 8 0 151.11 8 1.28
5 24 0 -20.07 26.02 46.03 -20.07 26.02 46.01 -22.73 27.58 0 0 26.02
5 24 46.03 -20.07 26.02 46.01 -22.73 27.58 0 -20.07 26.02 71.66 -23.09 23.7
5 24 46.01 -22.73 27.58 0 -22.73 27.58 0 -20.07 26.02 46.04 -23.93 30.18
5 24 46.01 -22.73 27.58 46.04 -23.93 30.18 0 -22.73 27.58 70.89 -25.81 25.97
5 24 46.04 -23.93 30.18 0 -23.93 30.18 0 -22.73 27.58 46.04 -22.97 32.28
5 24 46.04 -23.93 30.18 46.04 -22.97 32.28 0 -23.93 30.18 69.95 -25.8 31.83
5 24 46.04 -22.97 32.28 0 -22.97 32.28 0 -23.93 30.18 46.36 -21.28 33.59
5 24 46.04 -22.97 32.28 46.36 -21.28 33.59 0 -22.97 32.28 70.07 -24.19 33.27
5 24 46.36 -21.28 33.59 0 -21.28 33.59 0 -22.97 32.28 46.36 -18.32 33.52
5 24 46.36 -21.28 33.59 46.36 -18.32 33.52 0 -21.28 33.59 70.26 -20.74 33.35
5 24 46.36 -18.32 33.52 0 -18.32 33.52 0 -21.28 33.59 46.36 -16.26 31.42
5 24 46.36 -18.32 33.52 46.36 -16.26 31.42 0 -18.32 33.52 70.56 -18.83 31.4
5 24 46.36 -16.26 31.42 0 -16.26 31.42 0 -18.32 33.52 46.36 -16 29.77
5 24 46.36 -16.26 31.42 46.36 -16 29.77 0 -16.26 31.42 70.88 -18.66 29.53
5 24 46.36 -16 29.77 66.8 8 29.42 0 -16 29.77 71.2 -4.01 29.47
5 24 45.73 0 26.02 46.03 -20.07 26.02 0 0 26.02 73.32 0 23.51
5 24 130.64 -56.45 0 134.37 -60.23 8.32 129.34 -55.18 3.54 134.37 -60.23 0
5 24 134.37 -60.23 8.32 129.34 -55.18 3.54 130.64 -56.45 0 124.19 -51.42 16.1
5 24 129.34 -55.18 3.54 130.47 -56.28 0 130.64 -56.45 0 129.72 -54.21 0
5 24 134.37 -60.23 8.32 124.19 -51.42 16.1 122.71 -49.49 8.43 132.99 -58.44 11.43
5 24 124.19 -51.42 16.1 122.71 -49.49 8.43 134.37 -60.23 8.32 109.41 -41.26 23.16
5 24 122.71 -49.49 8.43 129.34 -55.18 3.54 134.37 -60.23 8.32 128.66 -52.44 2.62
5 24 128.66 -52.44 2.62 129.34 -55.18 3.54 122.71 -49.49 8.43 129.72 -54.21 0
5 24 122.71 -49.49 8.43 123.13 -47.05 6.31 128.66 -52.44 2.62 109.7 -40.46 14.89
5 24 123.13 -47.05 6.31 128.66 -52.44 2.62 129.34 -55.18 3.54 129 0 2.23
5 24 129.34 -55.18 3.54 129.72 -54.21 0 130.47 -56.28 0 128.66 -52.44 2.62
5 24 128.66 -52.44 2.62 129.66 -54.02 0 129.72 -54.21 0 129.66 -4.06 0
5 24 129 0 2.23 128.66 -52.44 2.62 123.13 -47.05 6.31 129.66 -4.06 0
5 24 123.13 -47.05 6.31 121.57 0 7.07 129 0 2.23 98.54 -31.92 17.07
5 24 128.66 -52.44 2.62 129.66 -4.06 0 129.66 -54.02 0 129 0 2.23
5 24 94.15 -32.85 20.65 109.7 -40.46 14.89 109.41 -41.26 23.16 98.54 -31.92 17.07
5 24 109.7 -40.46 14.89 109.41 -41.26 23.16 94.15 -32.85 20.65 124.19 -51.42 16.1
5 24 109.41 -41.26 23.16 93.69 -33.45 27.32 94.15 -32.85 20.65 109.99 -40.63 25.35
5 24 93.69 -33.45 27.32 94.15 -32.85 20.65 109.7 -40.46 14.89 70.89 -25.81 25.97
5 24 70.5 -26.69 29.57 70.89 -25.81 25.97 93.69 -33.45 27.32 46.04 -23.93 30.18
5 24 70.89 -25.81 25.97 93.69 -33.45 27.32 70.5 -26.69 29.57 94.15 -32.85 20.65
5 24 93.69 -33.45 27.32 70.5 -26.69 29.57 70.89 -25.81 25.97 93.28 -32.46 29.67
5 24 70.89 -25.81 25.97 94.15 -32.85 20.65 93.69 -33.45 27.32 98.54 -31.92 17.07
5 24 71.66 -23.09 23.7 98.54 -31.92 17.07 70.89 -25.81 25.97 94.04 0 18.52
5 24 98.54 -31.92 17.07 70.89 -25.81 25.97 71.66 -23.09 23.7 94.15 -32.85 20.65
5 24 70.89 -25.81 25.97 71.66 -23.09 23.7 98.54 -31.92 17.07 46.01 -22.73 27.58
5 24 98.54 -31.92 17.07 94.15 -32.85 20.65 70.89 -25.81 25.97 109.7 -40.46 14.89
5 24 98.54 -31.92 17.07 109.7 -40.46 14.89 94.15 -32.85 20.65 123.13 -47.05 6.31
5 24 98.54 -31.92 17.07 123.13 -47.05 6.31 109.7 -40.46 14.89 121.57 0 7.07
5 24 123.13 -47.05 6.31 109.7 -40.46 14.89 98.54 -31.92 17.07 122.71 -49.49 8.43
5 24 122.71 -49.49 8.43 109.7 -40.46 14.89 123.13 -47.05 6.31 124.19 -51.42 16.1
5 24 94.04 0 18.52 98.54 -31.92 17.07 71.66 -23.09 23.7 121.57 0 7.07
5 24 71.66 -23.09 23.7 73.32 0 23.51 94.04 0 18.52 45.73 0 26.02
5 24 98.54 -31.92 17.07 121.57 0 7.07 123.13 -47.05 6.31 94.04 0 18.52
5 24 46.01 -22.73 27.58 70.89 -25.81 25.97 46.04 -23.93 30.18 71.66 -23.09 23.7
5 24 70.89 -25.81 25.97 46.04 -23.93 30.18 46.01 -22.73 27.58 70.5 -26.69 29.57
5 24 70.5 -26.69 29.57 46.04 -23.93 30.18 70.89 -25.81 25.97 69.95 -25.8 31.83
5 24 70.5 -26.69 29.57 69.95 -25.8 31.83 46.04 -23.93 30.18 93.28 -32.46 29.67
5 24 69.95 -25.8 31.83 46.04 -23.93 30.18 70.5 -26.69 29.57 46.04 -22.97 32.28
5 24 69.95 -25.8 31.83 46.04 -22.97 32.28 46.04 -23.93 30.18 70.07 -24.19 33.27
5 24 46.03 -20.07 26.02 71.66 -23.09 23.7 46.01 -22.73 27.58 45.73 0 26.02
5 24 71.66 -23.09 23.7 46.01 -22.73 27.58 46.03 -20.07 26.02 70.89 -25.81 25.97
5 24 69.95 -25.8 31.83 70.07 -24.19 33.27 46.04 -22.97 32.28 93.28 -32.46 29.67
5 24 70.07 -24.19 33.27 46.04 -22.97 32.28 69.95 -25.8 31.83 46.36 -21.28 33.59
5 24 70.07 -24.19 33.27 46.36 -21.28 33.59 46.04 -22.97 32.28 70.26 -20.74 33.35
5 24 46.36 -21.28 33.59 70.26 -20.74 33.35 46.36 -18.32 33.52 70.07 -24.19 33.27
5 24 70.26 -20.74 33.35 46.36 -18.32 33.52 46.36 -21.28 33.59 70.56 -18.83 31.4
5 24 70.07 -24.19 33.27 70.26 -20.74 33.35 46.36 -21.28 33.59 92.83 -26.91 31.42
5 24 124.19 -51.42 16.1 132.99 -58.44 11.43 125.57 -51.27 17.94 134.37 -60.23 8.32
5 24 132.99 -58.44 11.43 125.57 -51.27 17.94 124.19 -51.42 16.1 138.24 -61.11 8.81
5 24 125.57 -51.27 17.94 124.19 -51.42 16.1 132.99 -58.44 11.43 109.99 -40.63 25.35
5 24 125.57 -51.27 17.94 109.99 -40.63 25.35 124.19 -51.42 16.1 110.97 -39.2 26.83
5 24 109.99 -40.63 25.35 124.19 -51.42 16.1 125.57 -51.27 17.94 109.41 -41.26 23.16
5 24 109.99 -40.63 25.35 109.41 -41.26 23.16 124.19 -51.42 16.1 93.69 -33.45 27.32
5 24 109.41 -41.26 23.16 124.19 -51.42 16.1 109.99 -40.63 25.35 109.7 -40.46 14.89
5 24 93.28 -32.46 29.67 93.69 -33.45 27.32 109.99 -40.63 25.35 70.5 -26.69 29.57
5 24 93.69 -33.45 27.32 109.99 -40.63 25.35 93.28 -32.46 29.67 109.41 -41.26 23.16
5 24 109.99 -40.63 25.35 93.28 -32.46 29.67 93.69 -33.45 27.32 110.97 -39.2 26.83
5 24 70.5 -26.69 29.57 93.28 -32.46 29.67 69.95 -25.8 31.83 93.69 -33.45 27.32
5 24 93.28 -32.46 29.67 69.95 -25.8 31.83 70.5 -26.69 29.57 93.02 -30.63 31.24
5 24 71.2 -4.01 29.47 66.8 8 29.42 46.36 -16 29.77 96.69 8 25.18
5 24 70.88 -18.66 29.53 71.2 -4.01 29.47 66.8 8 29.42 98.87 -3.18 25.86
5 24 71.2 -4.01 29.47 96.69 8 25.18 66.8 8 29.42 98.87 -3.18 25.86
5 24 98.87 -3.18 25.86 96.69 8 25.18 71.2 -4.01 29.47 125.22 -3.41 17.7
5 24 71.2 -4.01 29.47 98.87 -3.18 25.86 96.69 8 25.18 70.88 -18.66 29.53
5 24 98.87 -3.18 25.86 125.22 -3.41 17.7 119.26 8 18.14 101.85 -17.6 25.86
5 24 125.22 -3.41 17.7 119.26 8 18.14 98.87 -3.18 25.86 144.31 -4.2 8.76
5 24 125.22 -3.41 17.7 144.31 -4.2 8.76 138.19 8 9.27 128.18 -18.02 17.7
5 24 144.31 -4.2 8.76 138.19 8 9.27 125.22 -3.41 17.7 151.11 8 1.28
5 24 144.31 -4.2 8.76 156.06 -3.74 1.28 151.11 8 1.28 147.07 -17.7 8.76
5 24 46.36 -16.26 31.42 70.88 -18.66 29.53 46.36 -16 29.77 70.56 -18.83 31.4
5 24 46.36 -16.26 31.42 70.56 -18.83 31.4 70.88 -18.66 29.53 46.36 -18.32 33.52
5 24 70.56 -18.83 31.4 70.88 -18.66 29.53 46.36 -16.26 31.42 92.27 -24.28 27.77
5 24 92.62 -24.79 29.69 92.27 -24.28 27.77 70.56 -18.83 31.4 114.38 -34.93 22.22
5 24 92.27 -24.28 27.77 70.56 -18.83 31.4 92.62 -24.79 29.69 70.88 -18.66 29.53
5 24 70.56 -18.83 31.4 92.62 -24.79 29.69 92.27 -24.28 27.77 70.26 -20.74 33.35
5 24 114.76 -35.51 24.07 114.38 -34.93 22.22 92.62 -24.79 29.69 132.29 -47.63 13.48
5 24 114.38 -34.93 22.22 92.62 -24.79 29.69 114.76 -35.51 24.07 92.27 -24.28 27.77
5 24 92.62 -24.79 29.69 114.76 -35.51 24.07 114.38 -34.93 22.22 92.83 -26.91 31.42
5 24 114.76 -35.51 24.07 132.6 -48.09 15.16 132.29 -47.63 13.48 114.08 -37.17 26.05
5 24 132.6 -48.09 15.16 132.29 -47.63 13.48 114.38 -34.93 22.22 140.02 -54.55 7.42
5 24 140.02 -54.55 7.42 142.66 -45.14 8.76 132.29 -47.63 13.48 150.54 -53.15 1.28
5 24 142.66 -45.14 8.76 132.29 -47.63 13.48 140.02 -54.55 7.42 146.28 -31.71 8.76
5 24 140.74 -55.67 8.46 140.02 -54.55 7.42 132.6 -48.09 15.16 142.25 -57.11 6
5 24 140.02 -54.55 7.42 132.6 -48.09 15.16 140.74 -55.67 8.46 132.29 -47.63 13.48
5 24 132.6 -48.09 15.16 140.74 -55.67 8.46 140.02 -54.55 7.42 131.89 -49.76 17.15
5 24 146.28 -31.71 8.76 127.61 -31.19 17.7 132.29 -47.63 13.48 147.07 -17.7 8.76
5 24 127.61 -31.19 17.7 132.29 -47.63 13.48 146.28 -31.71 8.76 114.38 -34.93 22.22
5 24 142.66 -45.14 8.76 146.28 -31.71 8.76 127.61 -31.19 17.7 155.14 -43.79 1.28
5 24 127.61 -31.19 17.7 114.38 -34.93 22.22 132.29 -47.63 13.48 128.18 -18.02 17.7
5 24 101.85 -17.6 25.86 114.38 -34.93 22.22 128.18 -18.02 17.7 92.27 -24.28 27.77
5 24 114.38 -34.93 22.22 128.18 -18.02 17.7 101.85 -17.6 25.86 127.61 -31.19 17.7
5 24 128.18 -18.02 17.7 101.85 -17.6 25.86 114.38 -34.93 22.22 125.22 -3.41 17.7
5 24 127.61 -31.19 17.7 128.18 -18.02 17.7 114.38 -34.93 22.22 146.28 -31.71 8.76
5 24 101.85 -17.6 25.86 70.88 -18.66 29.53 92.27 -24.28 27.77 98.87 -3.18 25.86
5 24 92.27 -24.28 27.77 101.85 -17.6 25.86 70.88 -18.66 29.53 114.38 -34.93 22.22
5 24 144.56 -58.26 2.98 144.36 -59.3 2.77 146.21 -59.48 1.28 142.16 -59.29 6.14
5 24 144.36 -59.3 2.77 146.21 -59.48 1.28 144.56 -58.26 2.98 145.1 -60.62 1.4
5 24 144.36 -59.3 2.77 145.1 -60.62 1.4 146.21 -59.48 1.28 142.44 -62.02 2.61
5 24 155.14 -43.79 1.28 142.66 -45.14 8.76 150.54 -53.15 1.28 146.28 -31.71 8.76
5 24 140.02 -54.55 7.42 150.54 -53.15 1.28 155.14 -43.79 1.28 144.56 -58.26 2.98
5 24 158.17 -32.56 1.28 146.28 -31.71 8.76 142.66 -45.14 8.76 159.23 -21.09 1.28
5 24 147.07 -17.7 8.76 146.28 -31.71 8.76 159.23 -21.09 1.28 128.18 -18.02 17.7
5 24 146.28 -31.71 8.76 159.23 -21.09 1.28 147.07 -17.7 8.76 158.17 -32.56 1.28
5 24 159.23 -21.09 1.28 147.07 -17.7 8.76 146.28 -31.71 8.76 156.06 -3.74 1.28
5 24 156.06 -3.74 1.28 147.07 -17.7 8.76 159.23 -21.09 1.28 144.31 -4.2 8.76
5 24 144.31 -4.2 8.76 147.07 -17.7 8.76 156.06 -3.74 1.28 125.22 -3.41 17.7
5 24 125.22 -3.41 17.7 128.18 -18.02 17.7 144.31 -4.2 8.76 98.87 -3.18 25.86
5 24 128.18 -18.02 17.7 147.07 -17.7 8.76 144.31 -4.2 8.76 146.28 -31.71 8.76
5 24 140.74 -55.67 8.46 142.25 -57.11 6 140.02 -54.55 7.42 140.35 -57.61 9.94
5 24 142.25 -57.11 6 140.02 -54.55 7.42 140.74 -55.67 8.46 144.56 -58.26 2.98
5 24 142.25 -57.11 6 142.16 -59.29 6.14 144.56 -58.26 2.98 140.35 -57.61 9.94
5 24 142.16 -59.29 6.14 144.56 -58.26 2.98 142.25 -57.11 6 144.36 -59.3 2.77
5 24 144.56 -58.26 2.98 142.25 -57.11 6 142.16 -59.29 6.14 140.02 -54.55 7.42
5 24 142.16 -59.29 6.14 144.36 -59.3 2.77 144.56 -58.26 2.98 140.68 -61.77 5.65
5 24 98.87 -3.18 25.86 101.85 -17.6 25.86 125.22 -3.41 17.7 70.88 -18.66 29.53
5 24 98.87 -3.18 25.86 70.88 -18.66 29.53 101.85 -17.6 25.86 71.2 -4.01 29.47
5 24 140.68 -61.77 5.65 139.53 -62.35 5.63 142.44 -62.02 2.61 138.77 -60.07 9.85
5 24 142.44 -62.02 2.61 140.68 -61.77 5.65 139.53 -62.35 5.63 144.36 -59.3 2.77
5 24 138.24 -61.11 8.81 135.98 -61.31 8.44 139.53 -62.35 5.63 132.99 -58.44 11.43
5 24 139.53 -62.35 5.63 138.24 -61.11 8.81 135.98 -61.31 8.44 138.77 -60.07 9.85
5 24 132.99 -58.44 11.43 138.24 -61.11 8.81 125.57 -51.27 17.94 135.98 -61.31 8.44
5 24 138.24 -61.11 8.81 125.57 -51.27 17.94 132.99 -58.44 11.43 127.61 -50.65 18.94
5 24 142.16 -59.29 6.14 140.68 -61.77 5.65 144.36 -59.3 2.77 138.77 -60.07 9.85
5 24 142.44 -62.02 2.61 144.36 -59.3 2.77 140.68 -61.77 5.65 145.1 -60.62 1.4
5 24 127.61 -50.65 18.94 138.77 -60.07 9.85 131.89 -49.76 17.15 138.24 -61.11 8.81
5 24 138.77 -60.07 9.85 131.89 -49.76 17.15 127.61 -50.65 18.94 140.35 -57.61 9.94
5 24 131.89 -49.76 17.15 127.61 -50.65 18.94 138.77 -60.07 9.85 110.97 -39.2 26.83
5 24 138.77 -60.07 9.85 140.35 -57.61 9.94 131.89 -49.76 17.15 142.16 -59.29 6.14
5 24 140.35 -57.61 9.94 131.89 -49.76 17.15 138.77 -60.07 9.85 140.74 -55.67 8.46
5 24 142.16 -59.29 6.14 138.77 -60.07 9.85 140.68 -61.77 5.65 140.35 -57.61 9.94
5 24 138.77 -60.07 9.85 140.68 -61.77 5.65 142.16 -59.29 6.14 139.53 -62.35 5.63
5 24 142.16 -59.29 6.14 140.35 -57.61 9.94 138.77 -60.07 9.85 142.25 -57.11 6
5 24 140.35 -57.61 9.94 140.74 -55.67 8.46 131.89 -49.76 17.15 142.25 -57.11 6
5 24 140.74 -55.67 8.46 131.89 -49.76 17.15 140.35 -57.61 9.94 132.6 -48.09 15.16
5 24 132.6 -48.09 15.16 131.89 -49.76 17.15 140.74 -55.67 8.46 114.76 -35.51 24.07
5 24 142.25 -57.11 6 140.35 -57.61 9.94 142.16 -59.29 6.14 140.74 -55.67 8.46
5 24 92.83 -26.91 31.42 92.62 -24.79 29.69 70.26 -20.74 33.35 114.76 -35.51 24.07
5 24 92.62 -24.79 29.69 70.26 -20.74 33.35 92.83 -26.91 31.42 70.56 -18.83 31.4
5 24 70.26 -20.74 33.35 92.83 -26.91 31.42 92.62 -24.79 29.69 70.07 -24.19 33.27
5 24 70.56 -18.83 31.4 70.26 -20.74 33.35 92.62 -24.79 29.69 46.36 -16.26 31.42
5 24 92.83 -26.91 31.42 114.08 -37.17 26.05 114.76 -35.51 24.07 110.97 -39.2 26.83
5 24 114.08 -37.17 26.05 114.76 -35.51 24.07 92.62 -24.79 29.69 132.6 -48.09 15.16
5 24 114.08 -37.17 26.05 131.89 -49.76 17.15 132.6 -48.09 15.16 110.97 -39.2 26.83
5 24 93.02 -30.63 31.24 92.83 -26.91 31.42 70.07 -24.19 33.27 110.97 -39.2 26.83
5 24 92.83 -26.91 31.42 70.07 -24.19 33.27 93.02 -30.63 31.24 70.26 -20.74 33.35
5 24 70.07 -24.19 33.27 93.02 -30.63 31.24 92.83 -26.91 31.42 69.95 -25.8 31.83
5 24 92.83 -26.91 31.42 110.97 -39.2 26.83 114.08 -37.17 26.05 93.02 -30.63 31.24
5 24 110.97 -39.2 26.83 114.08 -37.17 26.05 92.83 -26.91 31.42 131.89 -49.76 17.15
5 24 93.02 -30.63 31.24 110.97 -39.2 26.83 92.83 -26.91 31.42 93.28 -32.46 29.67
5 24 110.97 -39.2 26.83 131.89 -49.76 17.15 114.08 -37.17 26.05 127.61 -50.65 18.94
5 24 110.97 -39.2 26.83 127.61 -50.65 18.94 131.89 -49.76 17.15 125.57 -51.27 17.94
5 24 93.28 -32.46 29.67 93.02 -30.63 31.24 69.95 -25.8 31.83 110.97 -39.2 26.83
5 24 109.99 -40.63 25.35 110.97 -39.2 26.83 93.28 -32.46 29.67 125.57 -51.27 17.94
5 24 110.97 -39.2 26.83 125.57 -51.27 17.94 127.61 -50.65 18.94 109.99 -40.63 25.35
5 24 125.57 -51.27 17.94 127.61 -50.65 18.94 110.97 -39.2 26.83 138.24 -61.11 8.81
5 24 138.24 -61.11 8.81 127.61 -50.65 18.94 125.57 -51.27 17.94 138.77 -60.07 9.85
5 24 138.24 -61.11 8.81 138.77 -60.07 9.85 127.61 -50.65 18.94 139.53 -62.35 5.63
5 24 138.77 -60.07 9.85 139.53 -62.35 5.63 140.68 -61.77 5.65 138.24 -61.11 8.81
5 24 144.56 -58.26 2.98 150.54 -53.15 1.28 140.02 -54.55 7.42 146.21 -59.48 1.28
5 24 132.99 -58.44 11.43 134.37 -60.23 8.32 135.98 -61.31 8.44 124.19 -51.42 16.1
5 24 134.37 -60.23 8.32 135.98 -61.31 8.44 132.99 -58.44 11.43 135.98 -61.31 0
5 24 134.37 -60.23 0 134.37 -60.23 8.32 130.64 -56.45 0 135.98 -61.31 0
5 24 135.98 -61.31 0 135.98 -61.31 8.44 134.37 -60.23 8.32 139.53 -62.35 0
5 24 139.53 -62.35 0 139.53 -62.35 5.63 135.98 -61.31 8.44 142.44 -62.02 0
5 24 142.44 -62.02 0 142.44 -62.02 2.61 139.53 -62.35 5.63 145.1 -60.62 0
5 24 145.1 -60.62 0 145.1 -60.62 1.4 142.44 -62.02 2.61 146.21 -59.48 0
5 24 146.21 -59.48 0 146.21 -59.48 1.28 145.1 -60.62 1.4 150.54 -53.15 0
5 24 150.54 -53.15 0 150.54 -53.15 1.28 146.21 -59.48 1.28 155.14 -43.79 0
5 24 155.14 -43.79 0 155.14 -43.79 1.28 150.54 -53.15 1.28 158.17 -32.56 0
5 24 158.17 -32.56 0 158.17 -32.56 1.28 155.14 -43.79 1.28 159.23 -21.09 0
5 24 159.23 -21.09 0 159.23 -21.09 1.28 158.17 -32.56 1.28 156.06 -3.74 0
5 24 156.06 -3.74 0 156.06 -3.74 1.28 159.23 -21.09 1.28 151.11 8 0
5 24 66.89 8 25.65 66.71 4 25.67 0 8 25.65 97.35 8 21.18
5 24 117.99 4 14.73 133.35 8 7.64 131.69 4 8.5 119.38 8 14.17
5 24 133.35 8 7.64 131.69 4 8.5 117.99 4 14.73 146.24 7.9 0
5 24 117.99 4 14.73 119.38 8 14.17 133.35 8 7.64 96.44 4 21.41
5 24 146.24 7.9 0 131.69 4 8.5 133.35 8 7.64 146.24 -52.52 0
5 24 96.44 4 21.41 119.38 8 14.17 117.99 4 14.73 97.35 8 21.18
5 24 96.44 4 21.41 97.35 8 21.18 119.38 8 14.17 66.71 4 25.67
5 24 66.71 4 25.67 97.35 8 21.18 96.44 4 21.41 66.89 8 25.65
0 BFC INVERTNEXT
1 16 90 4 10 6 0 0 0 4 0 0 0 6 1-4cylo.dat
1 16 90 4 10 10 0 0 0 4 0 0 0 10 1-4cylo.dat
1 16 90 8 10 2 0 0 0 -1 0 0 0 2 1-4ring4.dat
1 16 90 8 10 2 0 0 0 -1 0 0 0 2 1-4ring3.dat
1 16 98 4 5 0 0 -2 0 4 0 5 0 0 box3u8p.dat
1 16 45 4 18 45 0 0 0 4 0 0 0 2 box3u8p.dat

0 FILE stug-1x8.dat
0 Stud Group  1 x  8
0 Name: stug-1x8.dat
0 Author: Steffen [Steffen]
0 !LDRAW_ORG Primitive UPDATE 2011-01
0 !LICENSE Licensed under CC BY 4.0 : see CAreadme.txt

0 BFC CERTIFY CCW

0 !HISTORY 2011-07-25 [PTadmin] Official Update 2011-01


1 16 -70 0 0 1 0 0 0 1 0 0 0 1 stud.dat
1 16 -50 0 0 1 0 0 0 1 0 0 0 1 stud.dat
1 16 -30 0 0 1 0 0 0 1 0 0 0 1 stud.dat
1 16 -10 0 0 1 0 0 0 1 0 0 0 1 stud.dat
1 16 10 0 0 1 0 0 0 1 0 0 0 1 stud.dat
1 16 30 0 0 1 0 0 0 1 0 0 0 1 stud.dat
1 16 50 0 0 1 0 0 0 1 0 0 0 1 stud.dat
1 16 70 0 0 1 0 0 0 1 0 0 0 1 stud.dat

0 FILE stug4-1x5.dat
0 Stud Tube Open Group  1 x  5
0 Name: stug4-1x5.dat
0 Author: Steffen [Steffen]
0 !LDRAW_ORG Primitive UPDATE 2011-01
0 !LICENSE Licensed under CC BY 4.0 : see CAreadme.txt

0 BFC CERTIFY CCW

0 !HISTORY 2011-07-25 [PTadmin] Official Update 2011-01


1 16 -40 0 0 1 0 0 0 1 0 0 0 1 stud4.dat
1 16 -20 0 0 1 0 0 0 1 0 0 0 1 stud4.dat
1 16 0 0 0 1 0 0 0 1 0 0 0 1 stud4.dat
1 16 20 0 0 1 0 0 0 1 0 0 0 1 stud4.dat
1 16 40 0 0 1 0 0 0 1 0 0 0 1 stud4.dat

0 FILE stug4-1x4.dat
0 Stud Tube Open Group  1 x  4
0 Name: stug4-1x4.dat
0 Author: Steffen [Steffen]
0 !LDRAW_ORG Primitive UPDATE 2011-01
0 !LICENSE Licensed under CC BY 4.0 : see CAreadme.txt

0 BFC CERTIFY CCW

0 !HISTORY 2011-07-25 [PTadmin] Official Update 2011-01


1 16 -30 0 0 1 0 0 0 1 0 0 0 1 stud4.dat
1 16 -10 0 0 1 0 0 0 1 0 0 0 1 stud4.dat
1 16 10 0 0 1 0 0 0 1 0 0 0 1 stud4.dat
1 16 30 0 0 1 0 0 0 1 0 0 0 1 stud4.dat

0 FILE parts/s/3003s01.dat
0 ~Brick  2 x  2 without Front Face
0 Name: s\3003s01.dat
0 Author: Steffen [Steffen]
0 !LDRAW_ORG Subpart UPDATE 2013-02
0 !LICENSE Licensed under CC BY 4.0 : see CAreadme.txt

0 BFC CERTIFY CCW

0 !HISTORY 2009-05-02 [PTadmin] Official Update 2009-01
0 !HISTORY 2013-04-02 [Steffen] used s\3003s02.dat
0 !HISTORY 2013-12-23 [PTadmin] Official Update 2013-02


1 16 0 0 0 1 0 0 0 1 0 0 0 1 s/3003s02.dat
4 16 20 24 20 -20 24 20 -20 0 20 20 0 20

0 FILE parts/s/3001s01.dat
0 ~Brick  2 x  4 without Front and Back Faces
0 Name: s\3001s01.dat
0 Author: James Jessiman
0 !LDRAW_ORG Subpart UPDATE 2004-03
0 !LICENSE Licensed under CC BY 4.0 : see CAreadme.txt

0 BFC CERTIFY CCW

0 !HISTORY 2002-05-07 {unknown} BFC certification
0 !HISTORY 2002-05-07 [westrate] Unknown change
0 !HISTORY 2004-09-15 [PTadmin] Official Update 2004-03
0 !HISTORY 2007-08-29 [PTadmin] Header formatted for Contributor Agreement
0 !HISTORY 2008-07-01 [PTadmin] Official Update 2008-01


0 // Uncomment for front and back faces:
0 // 4 16 40 0 -20 -40 0 -20 -40 24 -20 40 24 -20
0 // 4 16 40 0 20 -40 0 20 -40 24 20 40 24

1 16 20 4 0 1 0 0 0 -5 0 0 0 1 stud4.dat
1 16 0 4 0 1 0 0 0 -5 0 0 0 1 stud4.dat
1 16 -20 4 0 1 0 0 0 -5 0 0 0 1 stud4.dat
0 BFC INVERTNEXT
1 16 0 24 0 36 0 0 0 -20 0 0 0 16 box5.dat
4 16 40 24 20 36 24 16 -36 24 16 -40 24 20
4 16 -40 24 20 -36 24 16 -36 24 -16 -40 24 -20
4 16 -40 24 -20 -36 24 -16 36 24 -16 40 24 -20
4 16 40 24 -20 36 24 -16 36 24 16 40 24 20
1 16 0 24 0 0 0 40 0 -24 0 -20 0 0 box3u2p.dat
2 24 -40 24 -20 40 24 -20
2 24 -40 24 20 40 24 20
1 16 30 0 10 1 0 0 0 1 0 0 0 1 stud.dat
1 16 10 0 10 1 0 0 0 1 0 0 0 1 stud.dat
1 16 -10 0 10 1 0 0 0 1 0 0 0 1 stud.dat
1 16 -30 0 10 1 0 0 0 1 0 0 0 1 stud.dat
1 16 30 0 -10 1 0 0 0 1 0 0 0 1 stud.dat
1 16 10 0 -10 1 0 0 0 1 0 0 0 1 stud.dat
1 16 -10 0 -10 1 0 0 0 1 0 0 0 1 stud.dat
1 16 -30 0 -10 1 0 0 0 1 0 0 0 1 stud.dat
0

0 FILE rect.dat
0 Rectangle
0 Name: rect.dat
0 Author: James Jessiman
0 !LDRAW_ORG Primitive UPDATE 2010-01
0 !LICENSE Licensed under CC BY 4.0 : see CAreadme.txt

0 BFC CERTIFY CCW

0 !HISTORY 2002-04-05 [hafhead] Added BFC statement
0 !HISTORY 2002-04-25 [PTadmin] Official Update 2002-02
0 !HISTORY 2007-06-24 [PTadmin] Header formatted for Contributor Agreement
0 !HISTORY 2008-07-01 [PTadmin] Official Update 2008-01
0 !HISTORY 2010-01-17 [mikeheide] changed winding to CCW
0 !HISTORY 2010-04-05 [PTadmin] Official Update 2010-01


2 24 1 0 1 -1 0 1
2 24 -1 0 1 -1 0 -1
2 24 -1 0 -1 1 0 -1
2 24 1 0 -1 1 0 1
4 16 -1 0 1 -1 0 -1 1 0 -1 1 0 1
0

0 FILE stud4.dat
0 Stud Tube Open
0 Name: stud4.dat
0 Author: James Jessiman
0 !LDRAW_ORG Primitive UPDATE 2009-02
0 !LICENSE Licensed under CC BY 4.0 : see CAreadme.txt

0 BFC CERTIFY CCW

0 !HISTORY 1999-07-05 [PTadmin] Official Update 1999-05
0 !HISTORY 2002-04-04 [sbliss] Modified for BFC compliance
0 !HISTORY 2002-04-25 [PTadmin] Official Update 2002-02
0 !HISTORY 2007-06-24 [PTadmin] Header formatted for Contributor Agreement
0 !HISTORY 2008-07-01 [PTadmin] Official Update 2008-01
0 !HISTORY 2009-06-21 [cwdee] Update ring references to 4-4ring
0 !HISTORY 2009-09-03 [PTadmin] Official Update 2009-02


1 16 0 -4 0 6 0 0 0 1 0 0 0 6 4-4edge.dat
1 16 0 -4 0 8 0 0 0 1 0 0 0 8 4-4edge.dat
1 16 0 0 0 6 0 0 0 1 0 0 0 6 4-4edge.dat
1 16 0 0 0 8 0 0 0 1 0 0 0 8 4-4edge.dat
0 BFC INVERTNEXT
1 16 0 -4 0 6 0 0 0 4 0 0 0 6 4-4cyli.dat
1 16 0 -4 0 8 0 0 0 4 0 0 0 8 4-4cyli.dat
1 16 0 -4 0 2 0 0 0 1 0 0 0 2 4-4ring3.dat
0

0 FILE 4-4edge.dat
0 Circle 1.0
0 Name: 4-4edge.dat
0 Author: James Jessiman
0 !LDRAW_ORG Primitive UPDATE 2017-01
0 !LICENSE Licensed under CC BY 4.0 : see CAreadme.txt

0 BFC CERTIFY CCW

0 !HISTORY 1998-12-15 [PTadmin] Official Update 1998-10
0 !HISTORY 2005-12-28 [PTadmin] Official Update 2005-01
0 !HISTORY 2007-06-24 [PTadmin] Header formatted for Contributor Agreement
0 !HISTORY 2008-07-01 [PTadmin] Official Update 2008-01
0 !HISTORY 2017-01-15 [Steffen] BFCed
0 !HISTORY 2017-12-30 [PTadmin] Official Update 2017-01


2 24 1 0 0 0.9239 0 0.3827
2 24 0.9239 0 0.3827 0.7071 0 0.7071
2 24 0.7071 0 0.7071 0.3827 0 0.9239
2 24 0.3827 0 0.9239 0 0 1
2 24 0 0 1 -0.3827 0 0.9239
2 24 -0.3827 0 0.9239 -0.7071 0 0.7071
2 24 -0.7071 0 0.7071 -0.9239 0 0.3827
2 24 -0.9239 0 0.3827 -1 0 -0
2 24 -1 0 -0 -0.9239 0 -0.3827
2 24 -0.9239 0 -0.3827 -0.7071 0 -0.7071
2 24 -0.7071 0 -0.7071 -0.3827 0 -0.9239
2 24 -0.3827 0 -0.9239 0 0 -1
2 24 0 0 -1 0.3827 0 -0.9239
2 24 0.3827 0 -0.9239 0.7071 0 -0.7071
2 24 0.7071 0 -0.7071 0.9239 0 -0.3827
2 24 0.9239 0 -0.3827 1 0 0

0 FILE 4-4ring5.dat
0 Ring  5 x 1.0
0 Name: 4-4ring5.dat
0 Author: Mark Kennedy [mkennedy]
0 !LDRAW_ORG Primitive UPDATE 2025-01
0 !LICENSE Licensed under CC BY 4.0 : see CAreadme.txt

0 BFC CERTIFY CCW

0 !HISTORY 2001-10-23 [pneaster] resequenced quads, corrected winding.
0 !HISTORY 2001-12-29 [pneaster] Added BFC.
0 !HISTORY 2002-04-25 [PTadmin] Official Update 2002-02
0 !HISTORY 2007-06-24 [PTadmin] Header formatted for Contributor Agreement
0 !HISTORY 2008-07-01 [PTadmin] Official Update 2008-01
0 !HISTORY 2012-02-16 [Philo] Changed to CCW
0 !HISTORY 2012-03-30 [PTadmin] Official Update 2012-01
0 !HISTORY 2024-12-30 [MagFors] Recreated using PrimGen
0 !HISTORY 2025-01-20 [OrionP] Official Update 2025-01

4 16 6 0 0 5.5434 0 2.2962 4.6195 0 1.9135 5 0 0
4 16 5.5434 0 2.2962 4.2426 0 4.2426 3.5355 0 3.5355 4.6195 0 1.9135
4 16 4.2426 0 4.2426 2.2962 0 5.5434 1.9135 0 4.6195 3.5355 0 3.5355
4 16 2.2962 0 5.5434 0 0 6 0 0 5 1.9135 0 4.6195
4 16 0 0 6 -2.2962 0 5.5434 -1.9135 0 4.6195 0 0 5
4 16 -2.2962 0 5.5434 -4.2426 0 4.2426 -3.5355 0 3.5355 -1.9135 0 4.6195
4 16 -4.2426 0 4.2426 -5.5434 0 2.2962 -4.6195 0 1.9135 -3.5355 0 3.5355
4 16 -5.5434 0 2.2962 -6 0 0 -5 0 0 -4.6195 0 1.9135
4 16 -6 0 0 -5.5434 0 -2.2962 -4.6195 0 -1.9135 -5 0 0
4 16 -5.5434 0 -2.2962 -4.2426 0 -4.2426 -3.5355 0 -3.5355 -4.6195 0 -1.9135
4 16 -4.2426 0 -4.2426 -2.2962 0 -5.5434 -1.9135 0 -4.6195 -3.5355 0 -3.5355
4 16 -2.2962 0 -5.5434 0 0 -6 0 0 -5 -1.9135 0 -4.6195
4 16 0 0 -6 2.2962 0 -5.5434 1.9135 0 -4.6195 0 0 -5
4 16 2.2962 0 -5.5434 4.2426 0 -4.2426 3.5355 0 -3.5355 1.9135 0 -4.6195
4 16 4.2426 0 -4.2426 5.5434 0 -2.2962 4.6195 0 -1.9135 3.5355 0 -3.5355
4 16 5.5434 0 -2.2962 6 0 0 5 0 0 4.6195 0 -1.9135
0 // Build by LDPartEditor (PrimGen 2.X)

0 FILE 4-4cylc.dat
0 Cylinder Closed 1.0
0 Name: 4-4cylc.dat
0 Author: Alex Taylor [anathema]
0 !LDRAW_ORG Primitive UPDATE 2009-02
0 !LICENSE Licensed under CC BY 4.0 : see CAreadme.txt

0 BFC CERTIFY CCW

0 !HISTORY 2008-12-29 [cwdee] Removed one disc
0 !HISTORY 2009-09-03 [PTadmin] Official Update 2009-02


1 16 0 0 0 1 0 0 0 1 0 0 0 1 4-4edge.dat
1 16 0 1 0 1 0 0 0 1 0 0 0 1 4-4edge.dat
1 16 0 0 0 1 0 0 0 1 0 0 0 1 4-4disc.dat
1 16 0 0 0 1 0 0 0 1 0 0 0 1 4-4cyli.dat
0

0 FILE 4-4cyli.dat
0 Cylinder 1.0
0 Name: 4-4cyli.dat
0 Author: James Jessiman
0 !LDRAW_ORG Primitive UPDATE 2005-01
0 !LICENSE Licensed under CC BY 4.0 : see CAreadme.txt

0 BFC CERTIFY CCW

0 !HISTORY 1998-12-15 [PTadmin] Official Update 1998-10
0 !HISTORY 2002-03-23 [sbliss] Added BFC statement; merged headers from files in distributions LDraw 0.27 and Complete.
0 !HISTORY 2002-04-25 [PTadmin] Official Update 2002-02
0 !HISTORY 2004-12-14 [guyvivan] BFC CCW
0 !HISTORY 2005-12-28 [PTadmin] Official Update 2005-01
0 !HISTORY 2007-06-24 [PTadmin] Header formatted for Contributor Agreement
0 !HISTORY 2008-07-01 [PTadmin] Official Update 2008-01


4 16 1 1 0 0.9239 1 0.3827 0.9239 0 0.3827 1 0 0
5 24 1 0 0 1 1 0 0.9239 0 0.3827 0.9239 0 -0.3827
4 16 0.9239 1 0.3827 0.7071 1 0.7071 0.7071 0 0.7071 0.9239 0 0.3827
5 24 0.9239 0 0.3827 0.9239 1 0.3827 0.7071 0 0.7071 1 0 0
4 16 0.7071 1 0.7071 0.3827 1 0.9239 0.3827 0 0.9239 0.7071 0 0.7071
5 24 0.7071 0 0.7071 0.7071 1 0.7071 0.3827 0 0.9239 0.9239 0 0.3827
4 16 0.3827 1 0.9239 0 1 1 0 0 1 0.3827 0 0.9239
5 24 0.3827 0 0.9239 0.3827 1 0.9239 0 0 1 0.7071 0 0.7071
4 16 0 1 1 -0.3827 1 0.9239 -0.3827 0 0.9239 0 0 1
5 24 0 0 1 0 1 1 -0.3827 0 0.9239 0.3827 0 0.9239
4 16 -0.3827 1 0.9239 -0.7071 1 0.7071 -0.7071 0 0.7071 -0.3827 0 0.9239
5 24 -0.3827 0 0.9239 -0.3827 1 0.9239 -0.7071 0 0.7071 0 0 1
4 16 -0.7071 1 0.7071 -0.9239 1 0.3827 -0.9239 0 0.3827 -0.7071 0 0.7071
5 24 -0.7071 0 0.7071 -0.7071 1 0.7071 -0.9239 0 0.3827 -0.3827 0 0.9239
4 16 -0.9239 1 0.3827 -1 1 0 -1 0 0 -0.9239 0 0.3827
5 24 -0.9239 0 0.3827 -0.9239 1 0.3827 -1 0 0 -0.7071 0 0.7071
4 16 -1 1 0 -0.9239 1 -0.3827 -0.9239 0 -0.3827 -1 0 0
5 24 -1 0 0 -1 1 0 -0.9239 0 -0.3827 -0.9239 0 0.3827
4 16 -0.9239 1 -0.3827 -0.7071 1 -0.7071 -0.7071 0 -0.7071 -0.9239 0 -0.3827
5 24 -0.9239 0 -0.3827 -0.9239 1 -0.3827 -0.7071 0 -0.7071 -1 0 0
4 16 -0.7071 1 -0.7071 -0.3827 1 -0.9239 -0.3827 0 -0.9239 -0.7071 0 -0.7071
5 24 -0.7071 0 -0.7071 -0.7071 1 -0.7071 -0.3827 0 -0.9239 -0.9239 0 -0.3827
4 16 -0.3827 1 -0.9239 0 1 -1 0 0 -1 -0.3827 0 -0.9239
5 24 -0.3827 0 -0.9239 -0.3827 1 -0.9239 0 0 -1 -0.7071 0 -0.7071
4 16 0 1 -1 0.3827 1 -0.9239 0.3827 0 -0.9239 0 0 -1
5 24 0 0 -1 0 1 -1 0.3827 0 -0.9239 -0.3827 0 -0.9239
4 16 0.3827 1 -0.9239 0.7071 1 -0.7071 0.7071 0 -0.7071 0.3827 0 -0.9239
5 24 0.3827 0 -0.9239 0.3827 1 -0.9239 0.7071 0 -0.7071 0 0 -1
4 16 0.7071 1 -0.7071 0.9239 1 -0.3827 0.9239 0 -0.3827 0.7071 0 -0.7071
5 24 0.7071 0 -0.7071 0.7071 1 -0.7071 0.9239 0 -0.3827 0.3827 0 -0.9239
4 16 0.9239 1 -0.3827 1 1 0 1 0 0 0.9239 0 -0.3827
5 24 0.9239 0 -0.3827 0.9239 1 -0.3827 1 0 0 0.7071 0 -0.7071
0

0 FILE 4-4ring1.dat
0 Ring  1 x 1.0
0 Name: 4-4ring1.dat
0 Author: James Jessiman
0 !LDRAW_ORG Primitive UPDATE 2009-01
0 !LICENSE Licensed under CC BY 4.0 : see CAreadme.txt

0 BFC CERTIFY CCW

0 !HISTORY 1998-12-15 [PTadmin] Official Update 1998-10
0 !HISTORY 2002-04-08 [BrickCaster] Modified for BFC compliance
0 !HISTORY 2002-04-25 [PTadmin] Official Update 2002-02
0 !HISTORY 2007-06-24 [PTadmin] Header formatted for Contributor Agreement
0 !HISTORY 2008-07-01 [PTadmin] Official Update 2008-01
0 !HISTORY 2008-08-26 [cwdee] Switch polygon winding and rename
0 !HISTORY 2009-05-02 [PTadmin] Official Update 2009-01


4 16 -0.7654 0 1.8478 -0.3827 0 0.9239 0 0 1 0 0 2
4 16 -1.4142 0 1.4142 -0.7071 0 0.7071 -0.3827 0 0.9239 -0.7654 0 1.8478
4 16 -1.8478 0 0.7654 -0.9239 0 0.3827 -0.7071 0 0.7071 -1.4142 0 1.41420
4 16 -2 0 0 -1 0 0 -0.9239 0 0.3827 -1.8478 0 0.7654
4 16 -1.8478 0 -0.7654 -0.9239 0 -0.3827 -1 0 0 -2 0 0
4 16 -1.4142 0 -1.4142 -0.7071 0 -0.7071 -0.9239 0 -0.3827 -1.8478 0 -0.7654
4 16 -0.7654 0 -1.8478 -0.3827 0 -0.9239 -0.7071 0 -0.7071 -1.4142 0 -1.4142
4 16 0 0 -2 0 0 -1 -0.3827 0 -0.9239 -0.7654 0 -1.8478
4 16 0.7654 0 -1.8478 0.3827 0 -0.9239 0 0 -1 0 0 -2
4 16 1.4142 0 -1.4142 0.7071 0 -0.7071 0.3827 0 -0.9239 0.7654 0 -1.8478
4 16 1.8478 0 -0.7654 0.9239 0 -0.3827 0.7071 0 -0.7071 1.4142 0 -1.4142
4 16 2 0 0 1 0 0 0.9239 0 -0.3827 1.8478 0 -0.7654
4 16 1.8478 0 0.7654 0.9239 0 0.3827 1 0 0 2 0 0
4 16 1.4142 0 1.4142 0.7071 0 0.7071 0.9239 0 0.3827 1.8478 0 0.7654
4 16 0.7654 0 1.8478 0.3827 0 0.9239 0.7071 0 0.7071 1.4142 0 1.4142
4 16 0 0 2 0 0 1 0.3827 0 0.9239 0.7654 0 1.8478
0

0 FILE t02i4000.dat
0 Torus Inside  1 x 0.4000 x 0.5
0 Name: t02i4000.dat
0 Author: Michael Heidemann [mikeheide]
0 !LDRAW_ORG Primitive UPDATE 2012-01
0 !LICENSE Licensed under CC BY 4.0 : see CAreadme.txt

0 BFC CERTIFY CCW

0 !HISTORY 2012-03-30 [PTadmin] Official Update 2012-01


0 // Major Radius: 10
0 // Tube(Minor) Radius: 4
0 // Segments(Sweep): 8/16 = 0.5
0 // 1 9 0 0 0 1 0 0 0 1 0 0 0 1 4-4edge.dat
0 // 1 12 1 0 0 0.4000 0 0 0 0 0.4000 0 1 0 4-4edge.dat

4 16 0.6 0 0 0.5543 0 0.2296 0.5825 0.1531 0.2413 0.6304 0.1531 0
4 16 0.6304 0.1531 0 0.5825 0.1531 0.2413 0.6626 0.2828 0.2745 0.7172 0.2828 0
4 16 0.7172 0.2828 0 0.6626 0.2828 0.2745 0.7825 0.3696 0.3241 0.8469 0.3696 0
4 16 0.8469 0.3696 0 0.7825 0.3696 0.3241 0.9239 0.4 0.3827 1 0.4 0
4 16 0.5543 0 0.2296 0.4243 0 0.4243 0.4458 0.1531 0.4458 0.5825 0.1531 0.2413
4 16 0.5825 0.1531 0.2413 0.4458 0.1531 0.4458 0.5071 0.2828 0.5071 0.6626 0.2828 0.2745
4 16 0.6626 0.2828 0.2745 0.5071 0.2828 0.5071 0.5989 0.3696 0.5989 0.7825 0.3696 0.3241
4 16 0.7825 0.3696 0.3241 0.5989 0.3696 0.5989 0.7071 0.4 0.7071 0.9239 0.4 0.3827
4 16 0.4243 0 0.4243 0.2296 0 0.5543 0.2413 0.1531 0.5825 0.4458 0.1531 0.4458
4 16 0.4458 0.1531 0.4458 0.2413 0.1531 0.5825 0.2745 0.2828 0.6626 0.5071 0.2828 0.5071
4 16 0.5071 0.2828 0.5071 0.2745 0.2828 0.6626 0.3241 0.3696 0.7825 0.5989 0.3696 0.5989
4 16 0.5989 0.3696 0.5989 0.3241 0.3696 0.7825 0.3827 0.4 0.9239 0.7071 0.4 0.7071
4 16 0.2296 0 0.5543 0 0 0.6 0 0.1531 0.6304 0.2413 0.1531 0.5825
4 16 0.2413 0.1531 0.5825 0 0.1531 0.6304 0 0.2828 0.7172 0.2745 0.2828 0.6626
4 16 0.2745 0.2828 0.6626 0 0.2828 0.7172 0 0.3696 0.8469 0.3241 0.3696 0.7825
4 16 0.3241 0.3696 0.7825 0 0.3696 0.8469 0 0.4 1 0.3827 0.4 0.9239
4 16 0 0 0.6 -0.2296 0 0.5543 -0.2413 0.1531 0.5825 0 0.1531 0.6304
4 16 0 0.1531 0.6304 -0.2413 0.1531 0.5825 -0.2745 0.2828 0.6626 0 0.2828 0.7172
4 16 0 0.2828 0.7172 -0.2745 0.2828 0.6626 -0.3241 0.3696 0.7825 0 0.3696 0.8469
4 16 0 0.3696 0.8469 -0.3241 0.3696 0.7825 -0.3827 0.4 0.9239 0 0.4 1
4 16 -0.2296 0 0.5543 -0.4243 0 0.4243 -0.4458 0.1531 0.4458 -0.2413 0.1531 0.5825
4 16 -0.2413 0.1531 0.5825 -0.4458 0.1531 0.4458 -0.5071 0.2828 0.5071 -0.2745 0.2828 0.6626
4 16 -0.2745 0.2828 0.6626 -0.5071 0.2828 0.5071 -0.5989 0.3696 0.5989 -0.3241 0.3696 0.7825
4 16 -0.3241 0.3696 0.7825 -0.5989 0.3696 0.5989 -0.7071 0.4 0.7071 -0.3827 0.4 0.9239
4 16 -0.4243 0 0.4243 -0.5543 0 0.2296 -0.5825 0.1531 0.2413 -0.4458 0.1531 0.4458
4 16 -0.4458 0.1531 0.4458 -0.5825 0.1531 0.2413 -0.6626 0.2828 0.2745 -0.5071 0.2828 0.5071
4 16 -0.5071 0.2828 0.5071 -0.6626 0.2828 0.2745 -0.7825 0.3696 0.3241 -0.5989 0.3696 0.5989
4 16 -0.5989 0.3696 0.5989 -0.7825 0.3696 0.3241 -0.9239 0.4 0.3827 -0.7071 0.4 0.7071
4 16 -0.5543 0 0.2296 -0.6 0 0 -0.6304 0.1531 0 -0.5825 0.1531 0.2413
4 16 -0.5825 0.1531 0.2413 -0.6304 0.1531 0 -0.7172 0.2828 0 -0.6626 0.2828 0.2745
4 16 -0.6626 0.2828 0.2745 -0.7172 0.2828 0 -0.8469 0.3696 0 -0.7825 0.3696 0.3241
4 16 -0.7825 0.3696 0.3241 -0.8469 0.3696 0 -1 0.4 0 -0.9239 0.4 0.3827

0 // conditional lines
5 24 0.6 0 0 0.5543 0 0.2296 0.6304 0.1531 0 0.6 -0.1657 0
5 24 0.6 0 0 0.6304 0.1531 0 0.5543 0 0.2296 0.6 0 -0.2485
5 24 0.6304 0.1531 0 0.5825 0.1531 0.2413 0.7172 0.2828 0 0.6 0 0
5 24 0.6304 0.1531 0 0.7172 0.2828 0 0.5825 0.1531 0.2413 0.6304 0.1531 -0.2611
5 24 0.7172 0.2828 0 0.6626 0.2828 0.2745 0.8469 0.3696 0 0.6304 0.1531 0
5 24 0.7172 0.2828 0 0.8469 0.3696 0 0.6626 0.2828 0.2745 0.7172 0.2828 -0.297
5 24 0.8469 0.3696 0 0.7825 0.3696 0.3241 1 0.4 0 0.7172 0.2828 0
5 24 0.8469 0.3696 0 1 0.4 0 0.7825 0.3696 0.3241 0.8469 0.3696 -0.3508
5 24 1 0.4 0 0.9239 0.4 0.3827 1.1657 0.4 0 0.8469 0.3696 0
5 24 0.5543 0 0.2296 0.4243 0 0.4243 0.5825 0.1531 0.2413 0.5543 -0.1657 0.2296
5 24 0.5543 0 0.2296 0.5825 0.1531 0.2413 0.4243 0 0.4243 0.6 0 0
5 24 0.5825 0.1531 0.2413 0.4458 0.1531 0.4458 0.6626 0.2828 0.2745 0.5543 0 0.2296
5 24 0.5825 0.1531 0.2413 0.6626 0.2828 0.2745 0.4458 0.1531 0.4458 0.6304 0.1531 0
5 24 0.6626 0.2828 0.2745 0.5071 0.2828 0.5071 0.7825 0.3696 0.3241 0.5825 0.1531 0.2413
5 24 0.6626 0.2828 0.2745 0.7825 0.3696 0.3241 0.5071 0.2828 0.5071 0.7172 0.2828 0
5 24 0.7825 0.3696 0.3241 0.5989 0.3696 0.5989 0.9239 0.4 0.3827 0.6626 0.2828 0.2745
5 24 0.7825 0.3696 0.3241 0.9239 0.4 0.3827 0.5989 0.3696 0.5989 0.8469 0.3696 0
5 24 0.9239 0.4 0.3827 0.7071 0.4 0.7071 1.077 0.4 0.4461 0.7825 0.3696 0.3241
5 24 0.4243 0 0.4243 0.2296 0 0.5543 0.4458 0.1531 0.4458 0.4243 -0.1657 0.4243
5 24 0.4243 0 0.4243 0.4458 0.1531 0.4458 0.2296 0 0.5543 0.5543 0 0.2296
5 24 0.4458 0.1531 0.4458 0.2413 0.1531 0.5825 0.5071 0.2828 0.5071 0.4243 0 0.4243
5 24 0.4458 0.1531 0.4458 0.5071 0.2828 0.5071 0.2413 0.1531 0.5825 0.5825 0.1531 0.2413
5 24 0.5071 0.2828 0.5071 0.2745 0.2828 0.6626 0.5989 0.3696 0.5989 0.4458 0.1531 0.4458
5 24 0.5071 0.2828 0.5071 0.5989 0.3696 0.5989 0.2745 0.2828 0.6626 0.6626 0.2828 0.2745
5 24 0.5989 0.3696 0.5989 0.3241 0.3696 0.7825 0.7071 0.4 0.7071 0.5071 0.2828 0.5071
5 24 0.5989 0.3696 0.5989 0.7071 0.4 0.7071 0.3241 0.3696 0.7825 0.7825 0.3696 0.3241
5 24 0.7071 0.4 0.7071 0.3827 0.4 0.9239 0.8243 0.4 0.8243 0.5989 0.3696 0.5989
5 24 0.2296 0 0.5543 0 0 0.6 0.2413 0.1531 0.5825 0.2296 -0.1657 0.5543
5 24 0.2296 0 0.5543 0.2413 0.1531 0.5825 0 0 0.6 0.4243 0 0.4243
5 24 0.2413 0.1531 0.5825 0 0.1531 0.6304 0.2745 0.2828 0.6626 0.2296 0 0.5543
5 24 0.2413 0.1531 0.5825 0.2745 0.2828 0.6626 0 0.1531 0.6304 0.4458 0.1531 0.4458
5 24 0.2745 0.2828 0.6626 0 0.2828 0.7172 0.3241 0.3696 0.7825 0.2413 0.1531 0.5825
5 24 0.2745 0.2828 0.6626 0.3241 0.3696 0.7825 0 0.2828 0.7172 0.5071 0.2828 0.5071
5 24 0.3241 0.3696 0.7825 0 0.3696 0.8469 0.3827 0.4 0.9239 0.2745 0.2828 0.6626
5 24 0.3241 0.3696 0.7825 0.3827 0.4 0.9239 0 0.3696 0.8469 0.5989 0.3696 0.5989
5 24 0.3827 0.4 0.9239 0 0.4 1 0.4461 0.4 1.077 0.3241 0.3696 0.7825
5 24 0 0 0.6 -0.2296 0 0.5543 0 0.1531 0.6304 0 -0.1657 0.6
5 24 0 0 0.6 0 0.1531 0.6304 -0.2296 0 0.5543 0.2296 0 0.5543
5 24 0 0.1531 0.6304 -0.2413 0.1531 0.5825 0 0.2828 0.7172 0 0 0.6
5 24 0 0.1531 0.6304 0 0.2828 0.7172 -0.2413 0.1531 0.5825 0.2413 0.1531 0.5825
5 24 0 0.2828 0.7172 -0.2745 0.2828 0.6626 0 0.3696 0.8469 0 0.1531 0.6304
5 24 0 0.2828 0.7172 0 0.3696 0.8469 -0.2745 0.2828 0.6626 0.2745 0.2828 0.6626
5 24 0 0.3696 0.8469 -0.3241 0.3696 0.7825 0 0.4 1 0 0.2828 0.7172
5 24 0 0.3696 0.8469 0 0.4 1 -0.3241 0.3696 0.7825 0.3241 0.3696 0.7825
5 24 0 0.4 1 -0.3827 0.4 0.9239 0 0.4 1.1657 0 0.3696 0.8469
5 24 -0.2296 0 0.5543 -0.4243 0 0.4243 -0.2413 0.1531 0.5825 -0.2296 -0.1657 0.5543
5 24 -0.2296 0 0.5543 -0.2413 0.1531 0.5825 -0.4243 0 0.4243 0 0 0.6
5 24 -0.2413 0.1531 0.5825 -0.4458 0.1531 0.4458 -0.2745 0.2828 0.6626 -0.2296 0 0.5543
5 24 -0.2413 0.1531 0.5825 -0.2745 0.2828 0.6626 -0.4458 0.1531 0.4458 0 0.1531 0.6304
5 24 -0.2745 0.2828 0.6626 -0.5071 0.2828 0.5071 -0.3241 0.3696 0.7825 -0.2413 0.1531 0.5825
5 24 -0.2745 0.2828 0.6626 -0.3241 0.3696 0.7825 -0.5071 0.2828 0.5071 0 0.2828 0.7172
5 24 -0.3241 0.3696 0.7825 -0.5989 0.3696 0.5989 -0.3827 0.4 0.9239 -0.2745 0.2828 0.6626
5 24 -0.3241 0.3696 0.7825 -0.3827 0.4 0.9239 -0.5989 0.3696 0.5989 0 0.3696 0.8469
5 24 -0.3827 0.4 0.9239 -0.7071 0.4 0.7071 -0.4461 0.4 1.077 -0.3241 0.3696 0.7825
5 24 -0.4243 0 0.4243 -0.5543 0 0.2296 -0.4458 0.1531 0.4458 -0.4243 -0.1657 0.4243
5 24 -0.4243 0 0.4243 -0.4458 0.1531 0.4458 -0.5543 0 0.2296 -0.2296 0 0.5543
5 24 -0.4458 0.1531 0.4458 -0.5825 0.1531 0.2413 -0.5071 0.2828 0.5071 -0.4243 0 0.4243
5 24 -0.4458 0.1531 0.4458 -0.5071 0.2828 0.5071 -0.5825 0.1531 0.2413 -0.2413 0.1531 0.5825
5 24 -0.5071 0.2828 0.5071 -0.6626 0.2828 0.2745 -0.5989 0.3696 0.5989 -0.4458 0.1531 0.4458
5 24 -0.5071 0.2828 0.5071 -0.5989 0.3696 0.5989 -0.6626 0.2828 0.2745 -0.2745 0.2828 0.6626
5 24 -0.5989 0.3696 0.5989 -0.7825 0.3696 0.3241 -0.7071 0.4 0.7071 -0.5071 0.2828 0.5071
5 24 -0.5989 0.3696 0.5989 -0.7071 0.4 0.7071 -0.7825 0.3696 0.3241 -0.3241 0.3696 0.7825
5 24 -0.7071 0.4 0.7071 -0.9239 0.4 0.3827 -0.8243 0.4 0.8243 -0.5989 0.3696 0.5989
5 24 -0.5543 0 0.2296 -0.6 0 0 -0.5825 0.1531 0.2413 -0.5543 -0.1657 0.2296
5 24 -0.5543 0 0.2296 -0.5825 0.1531 0.2413 -0.6 0 0 -0.4243 0 0.4243
5 24 -0.5825 0.1531 0.2413 -0.6304 0.1531 0 -0.6626 0.2828 0.2745 -0.5543 0 0.2296
5 24 -0.5825 0.1531 0.2413 -0.6626 0.2828 0.2745 -0.6304 0.1531 0 -0.4458 0.1531 0.4458
5 24 -0.6626 0.2828 0.2745 -0.7172 0.2828 0 -0.7825 0.3696 0.3241 -0.5825 0.1531 0.2413
5 24 -0.6626 0.2828 0.2745 -0.7825 0.3696 0.3241 -0.7172 0.2828 0 -0.5071 0.2828 0.5071
5 24 -0.7825 0.3696 0.3241 -0.8469 0.3696 0 -0.9239 0.4 0.3827 -0.6626 0.2828 0.2745
5 24 -0.7825 0.3696 0.3241 -0.9239 0.4 0.3827 -0.8469 0.3696 0 -0.5989 0.3696 0.5989
5 24 -0.9239 0.4 0.3827 -1 0.4 0 -1.077 0.4 0.4461 -0.7825 0.3696 0.3241
5 24 -0.6 0 0 -0.6304 0.1531 0 -0.6 0 -0.2485 -0.5543 0 0.2296
5 24 -0.6304 0.1531 0 -0.7172 0.2828 0 -0.6304 0.1531 -0.2611 -0.5825 0.1531 0.2413
5 24 -0.7172 0.2828 0 -0.8469 0.3696 0 -0.7172 0.2828 -0.297 -0.6626 0.2828 0.2745
5 24 -0.8469 0.3696 0 -1 0.4 0 -0.8469 0.3696 -0.3508 -0.7825 0.3696 0.3241
0 // Build by Primitive Generator 2

0 FILE t04o2000.dat
0 Torus Outside  1 x 0.2000 x 0.25
0 Name: t04o2000.dat
0 Author: Paul Easter [pneaster]
0 !LDRAW_ORG Primitive UPDATE 2011-01
0 !LICENSE Licensed under CC BY 4.0 : see CAreadme.txt

0 BFC CERTIFY CCW

0 !HISTORY 2004-09-15 [PTadmin] Official Update 2004-03
0 !HISTORY 2007-12-20 [PTadmin] Header formatted for Contributor Agreement
0 !HISTORY 2008-07-01 [PTadmin] Official Update 2008-01
0 !HISTORY 2010-02-07 [mikeheide] changed winding to CCW
0 !HISTORY 2011-02-03 [Philo] Rebuilt with Primgen2
0 !HISTORY 2011-07-25 [PTadmin] Official Update 2011-01


0 // Major Radius: 5
0 // Tube(Minor) Radius: 1
0 // Segments(Sweep): 4/16 = 0.25
0 // 1 9 0 0 0 1 0 0 0 1 0 0 0 1 4-4edge.dat
0 // 1 12 1 0 0 0.2000 0 0 0 0 0.2000 0 1 0 4-4edge.dat

4 16 1 0.2 0 0.9239 0.2 0.3827 0.9946 0.1848 0.412 1.0765 0.1848 0
4 16 1.0765 0.1848 0 0.9946 0.1848 0.412 1.0546 0.1414 0.4368 1.1414 0.1414 0
4 16 1.1414 0.1414 0 1.0546 0.1414 0.4368 1.0946 0.0765 0.4534 1.1848 0.0765 0
4 16 1.1848 0.0765 0 1.0946 0.0765 0.4534 1.1087 0 0.4592 1.2 0 0
4 16 0.9239 0.2 0.3827 0.7071 0.2 0.7071 0.7612 0.1848 0.7612 0.9946 0.1848 0.412
4 16 0.9946 0.1848 0.412 0.7612 0.1848 0.7612 0.8071 0.1414 0.8071 1.0546 0.1414 0.4368
4 16 1.0546 0.1414 0.4368 0.8071 0.1414 0.8071 0.8378 0.0765 0.8378 1.0946 0.0765 0.4534
4 16 1.0946 0.0765 0.4534 0.8378 0.0765 0.8378 0.8485 0 0.8485 1.1087 0 0.4592
4 16 0.7071 0.2 0.7071 0.3827 0.2 0.9239 0.412 0.1848 0.9946 0.7612 0.1848 0.7612
4 16 0.7612 0.1848 0.7612 0.412 0.1848 0.9946 0.4368 0.1414 1.0546 0.8071 0.1414 0.8071
4 16 0.8071 0.1414 0.8071 0.4368 0.1414 1.0546 0.4534 0.0765 1.0946 0.8378 0.0765 0.8378
4 16 0.8378 0.0765 0.8378 0.4534 0.0765 1.0946 0.4592 0 1.1087 0.8485 0 0.8485
4 16 0.3827 0.2 0.9239 0 0.2 1 0 0.1848 1.0765 0.412 0.1848 0.9946
4 16 0.412 0.1848 0.9946 0 0.1848 1.0765 0 0.1414 1.1414 0.4368 0.1414 1.0546
4 16 0.4368 0.1414 1.0546 0 0.1414 1.1414 0 0.0765 1.1848 0.4534 0.0765 1.0946
4 16 0.4534 0.0765 1.0946 0 0.0765 1.1848 0 0 1.2 0.4592 0 1.1087

0 // conditional lines
5 24 1 0.2 0 0.9239 0.2 0.3827 1.0765 0.1848 0 0.9172 0.2 0
5 24 1 0.2 0 1.0765 0.1848 0 0.9239 0.2 0.3827 1 0.2 -0.4142
5 24 1.0765 0.1848 0 0.9946 0.1848 0.412 1.1414 0.1414 0 1 0.2 0
5 24 1.0765 0.1848 0 1.1414 0.1414 0 0.9946 0.1848 0.412 1.0765 0.1848 -0.4459
5 24 1.1414 0.1414 0 1.0546 0.1414 0.4368 1.1848 0.0765 0 1.0765 0.1848 0
5 24 1.1414 0.1414 0 1.1848 0.0765 0 1.0546 0.1414 0.4368 1.1414 0.1414 -0.4728
5 24 1.1848 0.0765 0 1.0946 0.0765 0.4534 1.2 0 0 1.1414 0.1414 0
5 24 1.1848 0.0765 0 1.2 0 0 1.0946 0.0765 0.4534 1.1848 0.0765 -0.4907
5 24 1.2 0 0 1.1087 0 0.4592 1.2 -0.0828 0 1.1848 0.0765 0
5 24 0.9239 0.2 0.3827 0.7071 0.2 0.7071 0.9946 0.1848 0.412 0.8474 0.2 0.351
5 24 0.9239 0.2 0.3827 0.9946 0.1848 0.412 0.7071 0.2 0.7071 1 0.2 0
5 24 0.9946 0.1848 0.412 0.7612 0.1848 0.7612 1.0546 0.1414 0.4368 0.9239 0.2 0.3827
5 24 0.9946 0.1848 0.412 1.0546 0.1414 0.4368 0.7612 0.1848 0.7612 1.0765 0.1848 0
5 24 1.0546 0.1414 0.4368 0.8071 0.1414 0.8071 1.0946 0.0765 0.4534 0.9946 0.1848 0.412
5 24 1.0546 0.1414 0.4368 1.0946 0.0765 0.4534 0.8071 0.1414 0.8071 1.1414 0.1414 0
5 24 1.0946 0.0765 0.4534 0.8378 0.0765 0.8378 1.1087 0 0.4592 1.0546 0.1414 0.4368
5 24 1.0946 0.0765 0.4534 1.1087 0 0.4592 0.8378 0.0765 0.8378 1.1848 0.0765 0
5 24 1.1087 0 0.4592 0.8485 0 0.8485 1.1087 -0.0828 0.4592 1.0946 0.0765 0.4534
5 24 0.7071 0.2 0.7071 0.3827 0.2 0.9239 0.7612 0.1848 0.7612 0.6485 0.2 0.6485
5 24 0.7071 0.2 0.7071 0.7612 0.1848 0.7612 0.3827 0.2 0.9239 0.9239 0.2 0.3827
5 24 0.7612 0.1848 0.7612 0.412 0.1848 0.9946 0.8071 0.1414 0.8071 0.7071 0.2 0.7071
5 24 0.7612 0.1848 0.7612 0.8071 0.1414 0.8071 0.412 0.1848 0.9946 0.9946 0.1848 0.412
5 24 0.8071 0.1414 0.8071 0.4368 0.1414 1.0546 0.8378 0.0765 0.8378 0.7612 0.1848 0.7612
5 24 0.8071 0.1414 0.8071 0.8378 0.0765 0.8378 0.4368 0.1414 1.0546 1.0546 0.1414 0.4368
5 24 0.8378 0.0765 0.8378 0.4534 0.0765 1.0946 0.8485 0 0.8485 0.8071 0.1414 0.8071
5 24 0.8378 0.0765 0.8378 0.8485 0 0.8485 0.4534 0.0765 1.0946 1.0946 0.0765 0.4534
5 24 0.8485 0 0.8485 0.4592 0 1.1087 0.8485 -0.0828 0.8485 0.8378 0.0765 0.8378
5 24 0.3827 0.2 0.9239 0 0.2 1 0.412 0.1848 0.9946 0.351 0.2 0.8474
5 24 0.3827 0.2 0.9239 0.412 0.1848 0.9946 0 0.2 1 0.7071 0.2 0.7071
5 24 0.412 0.1848 0.9946 0 0.1848 1.0765 0.4368 0.1414 1.0546 0.3827 0.2 0.9239
5 24 0.412 0.1848 0.9946 0.4368 0.1414 1.0546 0 0.1848 1.0765 0.7612 0.1848 0.7612
5 24 0.4368 0.1414 1.0546 0 0.1414 1.1414 0.4534 0.0765 1.0946 0.412 0.1848 0.9946
5 24 0.4368 0.1414 1.0546 0.4534 0.0765 1.0946 0 0.1414 1.1414 0.8071 0.1414 0.8071
5 24 0.4534 0.0765 1.0946 0 0.0765 1.1848 0.4592 0 1.1087 0.4368 0.1414 1.0546
5 24 0.4534 0.0765 1.0946 0.4592 0 1.1087 0 0.0765 1.1848 0.8378 0.0765 0.8378
5 24 0.4592 0 1.1087 0 0 1.2 0.4592 -0.0828 1.1087 0.4534 0.0765 1.0946
5 24 0 0.2 1 0 0.1848 1.0765 -0.4142 0.2 1 0.3827 0.2 0.9239
5 24 0 0.1848 1.0765 0 0.1414 1.1414 -0.4459 0.1848 1.0765 0.412 0.1848 0.9946
5 24 0 0.1414 1.1414 0 0.0765 1.1848 -0.4728 0.1414 1.1414 0.4368 0.1414 1.0546
5 24 0 0.0765 1.1848 0 0 1.2 -0.4907 0.0765 1.1848 0.4534 0.0765 1.0946
0 // Build by Primitive Generator 2

0 FILE 4-4cylo.dat
0 Cylinder Open 1.0
0 Name: 4-4cylo.dat
0 Author: Mark Kennedy [mkennedy]
0 !LDRAW_ORG Primitive UPDATE 2010-01
0 !LICENSE Licensed under CC BY 4.0 : see CAreadme.txt

0 BFC CERTIFY CCW

0 !HISTORY 2010-04-05 [PTadmin] Official Update 2010-01


1 16 0 0 0 1 0 0 0 1 0 0 0 1 4-4edge.dat
1 16 0 1 0 1 0 0 0 1 0 0 0 1 4-4edge.dat
1 16 0 0 0 1 0 0 0 1 0 0 0 1 4-4cyli.dat
0

0 FILE rect2p.dat
0 Rectangle with 2 Parallel Edges
0 Name: rect2p.dat
0 Author: Donald Sutter [technog]
0 !LDRAW_ORG Primitive UPDATE 2010-01
0 !LICENSE Licensed under CC BY 4.0 : see CAreadme.txt

0 BFC CERTIFY CCW

0 !HISTORY 2003-08-01 [PTadmin] Official Update 2003-02
0 !HISTORY 2007-06-24 [PTadmin] Header formatted for Contributor Agreement
0 !HISTORY 2008-07-01 [PTadmin] Official Update 2008-01
0 !HISTORY 2010-01-17 [mikeheide] changed winding to CCW
0 !HISTORY 2010-04-05 [PTadmin] Official Update 2010-01


2 24 1 0 1 -1 0 1
2 24 -1 0 -1 1 0 -1
4 16 -1 0 1 -1 0 -1 1 0 -1 1 0 1
0

0 FILE rect3.dat
0 Rectangle with 3 Edges
0 Name: rect3.dat
0 Author: Mark Kennedy [mkennedy]
0 !LDRAW_ORG Primitive UPDATE 2010-01
0 !LICENSE Licensed under CC BY 4.0 : see CAreadme.txt

0 BFC CERTIFY CCW

0 !HISTORY 2003-08-01 [PTadmin] Official Update 2003-02
0 !HISTORY 2007-06-24 [PTadmin] Header formatted for Contributor Agreement
0 !HISTORY 2008-07-01 [PTadmin] Official Update 2008-01
0 !HISTORY 2010-01-17 [mikeheide] Change winding to CCW
0 !HISTORY 2010-04-05 [PTadmin] Official Update 2010-01


2 24 1 0 1 -1 0 1
2 24 1 0 1 1 0 -1
2 24 -1 0 1 -1 0 -1
4 16 -1 0 1 -1 0 -1 1 0 -1 1 0 1
0 //

0 FILE parts/s/3626ap01s01.dat
0 ~Minifig Head Standard Grin Pattern - Half
0 Name: s\3626ap01s01.dat
0 Author: Max Martin Richter [MMR1988]
0 !LDRAW_ORG Subpart UPDATE 2019-01
0 !LICENSE Licensed under CC BY 4.0 : see CAreadme.txt

0 BFC CERTIFY CCW

0 !HISTORY 2013-04-10 [MMR1988] Created by using content of 3626cp01.dat
0 !HISTORY 2013-09-01 [MagFors] Increased decimal accuracy
0 !HISTORY 2019-06-28 [PTadmin] Official Update 2019-01


0 // neutral area
1 16 3.5 10 -12.3035 1.226 0 0 0 0 -1.25 0.2442 1 0 4-4ndis.dat
4 16 3 14.2 -12.403 3.5 14.5 -12.30367 4.726 11.25 -12.0593 3.5 11.25 -12.3035
4 16 3 14.2 -12.403 3.5 11.25 -12.3035 2.274 11.25 -12.5477 1.75 14.75 -12.652
4 16 2.274 11.25 -12.5477 2.274 10 -12.5477 0 15 -13 1.75 14.75 -12.652
4 16 0 4 -13 0 15 -13 2.274 10 -12.5477 2.274 8.75 -12.5477
4 16 4.9751 4 -12.0107 0 4 -13 2.274 8.75 -12.5477 3.5 8.75 -12.3035
3 16 3.5 8.75 -12.3035 4.726 8.75 -12.0593 4.9751 4 -12.0107
3 16 4.726 8.75 -12.0593 4.726 10 -12.0593 4.9751 4 -12.0107
4 16 4.9751 17 -12.0107 4.9751 4 -12.0107 4.726 10 -12.0593 4.726 11.25 -12.0593
4 16 4.9751 17 -12.0107 4.726 11.25 -12.0593 3.5 14.5 -12.30367 3.5 15 -12.30388
3 16 4.9751 17 -12.0107 3.5 15 -12.30388 1.75 15.75 -12.652
4 16 0 16 -13 0 17 -13 4.9751 17 -12.0107 1.75 15.75 -12.652
0 // black areas
1 0 3.5 10 -12.3035 1.226 0 0 0 0 -1.25 0.2442 1 0 4-4disc.dat
4 0 1.75 14.75 -12.652 0 15 -13 0 16 -13 1.75 15.75 -12.652
4 0 3 14.2 -12.403 1.75 14.75 -12.652 1.75 15.75 -12.652 3.5 15 -12.30388
3 0 3.5 14.5 -12.30367 3 14.2 -12.403 3.5 15 -12.30388

0 FILE parts/s/3626bs02.dat
0 ~Minifig Head - Stud Hollow without Outer Face
0 Name: s\3626bs02.dat
0 Author: Willy Tschager [Holly-Wood]
0 !LDRAW_ORG Subpart UPDATE 2024-02
0 !LICENSE Licensed under CC BY 4.0 : see CAreadme.txt

0 BFC CERTIFY CCW

0 !HISTORY 2005-12-28 [PTadmin] Official Update 2005-01
0 !HISTORY 2007-08-31 [PTadmin] Header formatted for Contributor Agreement
0 !HISTORY 2008-07-01 [PTadmin] Official Update 2008-01
0 !HISTORY 2011-12-01 [MagFors] Corrected colour of some conditional lines and use of 'move to'-primitives
0 !HISTORY 2011-12-29 [PTadmin] Official Update 2011-02
0 !HISTORY 2024-03-18 [Holly-Wood] Complete re-write, original by westrate
0 !HISTORY 2024-03-24 [OrionP] Official Update 2024-02

1 16 0 0 0 1 0 0 0 1 0 0 0 1 stud2a.dat
1 16 0 0 0 2 0 0 0 1 0 0 0 2 4-4ring3.dat
1 16 0 0 0 6 0 0 0 1 0 0 0 6 4-4edge.dat
1 16 0 0 0 1 0 0 0 1 0 0 0 1 filstud3.dat

1 16 0 4 0 2 0 0 0 -1 0 0 0 -2 4-4ring2.dat
0 BFC INVERTNEXT
1 16 0 4 0 6 0 0 0 20 0 0 0 6 4-4cylo.dat
1 16 0 24 0 2 0 0 0 -1 0 0 0 -2 4-4ring3.dat
1 16 0 21 0 8 0 0 0 3 0 0 0 8 4-4cylo.dat

0 FILE parts/s/3626bs04.dat
0 ~Minifig Head - Half Back Face
0 Name: s\3626bs04.dat
0 Author: J.C. Tchang [tchang]
0 !LDRAW_ORG Subpart UPDATE 2014-01
0 !LICENSE Licensed under CC BY 4.0 : see CAreadme.txt

0 BFC CERTIFY CCW

0 !HISTORY 2014-06-21 [PTadmin] Official Update 2014-01


1 16 0 4 0 13 0 0 0 13 0 0 0 13 2-4cyli.dat
1 16 0 4 0 0 0 8 0 -6.4 0 8 0 0 t04o6250.dat
1 16 0 4 0 -8 0 0 0 -6.4 0 0 0 8 t04o6250.dat
1 16 0 17 0 0 0 -8 0 6.4 0 8 0 0 t04o6250.dat
1 16 0 17 0 8 0 0 0 6.4 0 0 0 8 t04o6250.dat

0 FILE 3-16cyli.dat
0 Cylinder 0.1875
0 Name: 3-16cyli.dat
0 Author: Mark Kennedy [mkennedy]
0 !LDRAW_ORG Primitive UPDATE 2005-01
0 !LICENSE Licensed under CC BY 4.0 : see CAreadme.txt

0 BFC CERTIFY CCW

0 !HISTORY 2004-03-02 [PTadmin] Official Update 2004-01
0 !HISTORY 2004-12-11 [nielsk] Recreated using Primitive Generator, Edge lines fixed, BFC changed to CCW
0 !HISTORY 2005-12-28 [PTadmin] Official Update 2005-01
0 !HISTORY 2007-06-24 [PTadmin] Header formatted for Contributor Agreement
0 !HISTORY 2008-07-01 [PTadmin] Official Update 2008-01


4 16 .9239 1 .3827 .9239 0 .3827 1 0 0 1 1 0
4 16 .7071 1 .7071 .7071 0 .7071 .9239 0 .3827 .9239 1 .3827
4 16 .3827 1 .9239 .3827 0 .9239 .7071 0 .7071 .7071 1 .7071
5 24 1 1 0 1 0 0 1 1 -.4142 .9239 1 .3827
5 24 .9239 1 .3827 .9239 0 .3827 1 1 0 .7071 1 .7071
5 24 .7071 1 .7071 .7071 0 .7071 .9239 1 .3827 .3827 1 .9239
5 24 .3827 1 .9239 .3827 0 .9239 .7071 1 .7071 0 1 1.0824
0

0 FILE t04o6250.dat
0 Torus Outside  1 x 0.6250 x 0.25
0 Name: t04o6250.dat
0 Author: Paul Easter [pneaster]
0 !LDRAW_ORG Primitive UPDATE 2011-02
0 !LICENSE Licensed under CC BY 4.0 : see CAreadme.txt

0 BFC CERTIFY CCW

0 !HISTORY 2005-12-28 [PTadmin] Official Update 2005-01
0 !HISTORY 2007-12-20 [PTadmin] Header formatted for Contributor Agreement
0 !HISTORY 2008-07-01 [PTadmin] Official Update 2008-01
0 !HISTORY 2011-08-31 [BlackBrick89] Corrected conditional lines
0 !HISTORY 2011-12-29 [PTadmin] Official Update 2011-02


0 // Major Radius: 8
0 // Tube(Minor) Radius: 5
0 // Segments(Sweep): 4/16 = 0.25
0 // 1 9 0 0 0 1 0 0 0 1 0 0 0 1 4-4edge.dat
0 // 1 12 1 0 0 0.6250 0 0 0 0 0.6250 0 1 0 4-4edge.dat

4 16 1 0.625 0 0.9239 0.625 0.3827 1.1449 0.5774 0.4742 1.2392 0.5774 0
4 16 1.2392 0.5774 0 1.1449 0.5774 0.4742 1.3322 0.4419 0.5518 1.4419 0.4419 0
4 16 1.4419 0.4419 0 1.3322 0.4419 0.5518 1.4574 0.2392 0.6037 1.5774 0.2392 0
4 16 1.5774 0.2392 0 1.4574 0.2392 0.6037 1.5013 0 0.6219 1.625 0 0
4 16 0.9239 0.625 0.3827 0.7071 0.625 0.7071 0.8762 0.5774 0.8762 1.1449 0.5774 0.4742
4 16 1.1449 0.5774 0.4742 0.8762 0.5774 0.8762 1.0196 0.4419 1.0196 1.3322 0.4419 0.5518
4 16 1.3322 0.4419 0.5518 1.0196 0.4419 1.0196 1.1154 0.2392 1.1154 1.4574 0.2392 0.6037
4 16 1.4574 0.2392 0.6037 1.1154 0.2392 1.1154 1.149 0 1.149 1.5013 0 0.6219
4 16 0.7071 0.625 0.7071 0.3827 0.625 0.9239 0.4742 0.5774 1.1449 0.8762 0.5774 0.8762
4 16 0.8762 0.5774 0.8762 0.4742 0.5774 1.1449 0.5518 0.4419 1.3322 1.0196 0.4419 1.0196
4 16 1.0196 0.4419 1.0196 0.5518 0.4419 1.3322 0.6037 0.2392 1.4574 1.1154 0.2392 1.1154
4 16 1.1154 0.2392 1.1154 0.6037 0.2392 1.4574 0.6219 0 1.5013 1.149 0 1.149
4 16 0.3827 0.625 0.9239 0 0.625 1 0 0.5774 1.2392 0.4742 0.5774 1.1449
4 16 0.4742 0.5774 1.1449 0 0.5774 1.2392 0 0.4419 1.4419 0.5518 0.4419 1.3322
4 16 0.5518 0.4419 1.3322 0 0.4419 1.4419 0 0.2392 1.5774 0.6037 0.2392 1.4574
4 16 0.6037 0.2392 1.4574 0 0.2392 1.5774 0 0 1.625 0.6219 0 1.5013
5 24 1 0.625 0 0.9239 0.625 0.3827 1.2392 0.5774 0 0.7411 0.625 0
5 24 1 0.625 0 1.2392 0.5774 0 0.9239 0.625 0.3827 1 0.625 -0.4142
5 24 1.2392 0.5774 0 1.1449 0.5774 0.4742 1.4419 0.4419 0 1 0.625 0
5 24 1.2392 0.5774 0 1.4419 0.4419 0 1.1449 0.5774 0.4742 1.2392 0.5774 -0.5133
5 24 1.4419 0.4419 0 1.3322 0.4419 0.5518 1.5774 0.2392 0 1.2392 0.5774 0
5 24 1.4419 0.4419 0 1.5774 0.2392 0 1.3322 0.4419 0.5518 1.4419 0.4419 -0.5973
5 24 1.5774 0.2392 0 1.4574 0.2392 0.6037 1.625 0 0 1.4419 0.4419 0
5 24 1.5774 0.2392 0 1.625 0 0 1.4574 0.2392 0.6037 1.5774 0.2392 -0.6534
5 24 1.625 0 0 1.5013 0 0.6219 1.625 -0.2589 0 1.5774 0.2392 0
5 24 0.9239 0.625 0.3827 0.7071 0.625 0.7071 1.1449 0.5774 0.4742 0.6847 0.625 0.2836
5 24 0.9239 0.625 0.3827 1.1449 0.5774 0.4742 0.7071 0.625 0.7071 1 0.625 0
5 24 1.1449 0.5774 0.4742 0.8762 0.5774 0.8762 1.3322 0.4419 0.5518 0.9239 0.625 0.3827
5 24 1.1449 0.5774 0.4742 1.3322 0.4419 0.5518 0.8762 0.5774 0.8762 1.2392 0.5774 0
5 24 1.3322 0.4419 0.5518 1.0196 0.4419 1.0196 1.4574 0.2392 0.6037 1.1449 0.5774 0.4742
5 24 1.3322 0.4419 0.5518 1.4574 0.2392 0.6037 1.0196 0.4419 1.0196 1.4419 0.4419 0
5 24 1.4574 0.2392 0.6037 1.1154 0.2392 1.1154 1.5013 0 0.6219 1.3322 0.4419 0.5518
5 24 1.4574 0.2392 0.6037 1.5013 0 0.6219 1.1154 0.2392 1.1154 1.5774 0.2392 0
5 24 1.5013 0 0.6219 1.149 0 1.149 1.5013 -0.2589 0.6219 1.4574 0.2392 0.6037
5 24 0.7071 0.625 0.7071 0.3827 0.625 0.9239 0.8762 0.5774 0.8762 0.524 0.625 0.524
5 24 0.7071 0.625 0.7071 0.8762 0.5774 0.8762 0.3827 0.625 0.9239 0.9239 0.625 0.3827
5 24 0.8762 0.5774 0.8762 0.4742 0.5774 1.1449 1.0196 0.4419 1.0196 0.7071 0.625 0.7071
5 24 0.8762 0.5774 0.8762 1.0196 0.4419 1.0196 0.4742 0.5774 1.1449 1.1449 0.5774 0.4742
5 24 1.0196 0.4419 1.0196 0.5518 0.4419 1.3322 1.1154 0.2392 1.1154 0.8762 0.5774 0.8762
5 24 1.0196 0.4419 1.0196 1.1154 0.2392 1.1154 0.5518 0.4419 1.3322 1.3322 0.4419 0.5518
5 24 1.1154 0.2392 1.1154 0.6037 0.2392 1.4574 1.149 0 1.149 1.0196 0.4419 1.0196
5 24 1.1154 0.2392 1.1154 1.149 0 1.149 0.6037 0.2392 1.4574 1.4574 0.2392 0.6037
5 24 1.149 0 1.149 0.6219 0 1.5013 1.149 -0.2589 1.149 1.1154 0.2392 1.1154
5 24 0.3827 0.625 0.9239 0 0.625 1 0.4742 0.5774 1.1449 0.2836 0.625 0.6847
5 24 0.3827 0.625 0.9239 0.4742 0.5774 1.1449 0 0.625 1 0.7071 0.625 0.7071
5 24 0.4742 0.5774 1.1449 0 0.5774 1.2392 0.5518 0.4419 1.3322 0.3827 0.625 0.9239
5 24 0.4742 0.5774 1.1449 0.5518 0.4419 1.3322 0 0.5774 1.2392 0.8762 0.5774 0.8762
5 24 0.5518 0.4419 1.3322 0 0.4419 1.4419 0.6037 0.2392 1.4574 0.4742 0.5774 1.1449
5 24 0.5518 0.4419 1.3322 0.6037 0.2392 1.4574 0 0.4419 1.4419 1.0196 0.4419 1.0196
5 24 0.6037 0.2392 1.4574 0 0.2392 1.5774 0.6219 0 1.5013 0.5518 0.4419 1.3322
5 24 0.6037 0.2392 1.4574 0.6219 0 1.5013 0 0.2392 1.5774 1.1154 0.2392 1.1154
5 24 0.6219 0 1.5013 0 0 1.625 0.6219 -0.2589 1.5013 0.6037 0.2392 1.4574
5 24 0 0.625 1 0 0.5774 1.2392 -0.4142 0.625 1 0.3827 0.625 0.9239
5 24 0 0.5774 1.2392 0 0.4419 1.4419 -0.5133 0.5774 1.2392 0.4742 0.5774 1.1449
5 24 0 0.4419 1.4419 0 0.2392 1.5774 -0.5973 0.4419 1.4419 0.5518 0.4419 1.3322
5 24 0 0.2392 1.5774 0 0 1.625 -0.6534 0.2392 1.5774 0.6037 0.2392 1.4574

0 FILE 973.dat
0 Minifig Torso
0 Name: 973.dat
0 Author: Steve Bliss [sbliss]
0 !LDRAW_ORG Part UPDATE 2009-01
0 !LICENSE Licensed under CC BY 4.0 : see CAreadme.txt

0 BFC CERTIFY CCW

0 !KEYWORDS Rebrickable 3814

0 !HISTORY 1999-04-16 [sbliss] Updated 973-4t.dat to s\973s01.dat; added back surface
0 !HISTORY 1999-05-17 [PTadmin] Official Update 1999-03
0 !HISTORY 2000-11-05 [cwdee] Moved neck mark from s\973s01.dat
0 !HISTORY 2001-10-26 [PTadmin] Official Update 2001-01
0 !HISTORY 2007-07-27 [PTadmin] Header formatted for Contributor Agreement
0 !HISTORY 2008-07-01 [PTadmin] Official Update 2008-01
0 !HISTORY 2008-07-07 [DeannaEarley] Added BFC header and closed two holes (2005-11-13)
0 !HISTORY 2009-05-02 [PTadmin] Official Update 2009-01


1 16 0 0 0 1 0 0 0 1 0 0 0 1 s/973s01.dat
0 // Plain front
4 16 -19 32 -10 19 32 -10 19 29 -10 -19 29 -10
4 16 14.345 2 -10 -14.345 2 -10 -19 29 -10 19 29 -10
4 16 12 0 -10 -12 0 -10 -14.345 2 -10 14.345 2 -10
0 // Plain back
4 16 -19 29 10 19 29 10 19 32 10 -19 32 10
4 16 19 29 10 -19 29 10 -14.345 2 10 14.345 2 10
4 16 14.345 2 10 -14.345 2 10 -12 0 10 12 0 10
0 // Neck mark
1 16 0 -4 0 4.243 0 -4.243 0 -8 0 -4.243 0 -4.243 1-4cyli.dat
0

0 FILE 3818.dat
0 Minifig Arm Right
0 Name: 3818.dat
0 Author: Chris Dee [cwdee]
0 !LDRAW_ORG Part UPDATE 2018-02
0 !LICENSE Licensed under CC BY 4.0 : see CAreadme.txt

0 !HELP Place at -15.552 9 0 relative to torso
0 !HELP Then rotate about x axis to give required elevation of arm
0 !HELP 0 = upper arm vertical
0 !HELP -45 = lower arm horizontal
0 !HELP -90 = upper arm horizontal
0 !HELP -135 = lower arm vertical
0 !HELP Then rotate 9.782 about z axis to align with slope of torso

0 BFC CERTIFY CCW

0 !KEYWORDS BrickLink 982

0 !PREVIEW 16 0 0 0 -1 0 0 0 1 0 0 0 -1

0 !HISTORY 2002-11-30 [PTadmin] Official Update 2002-05
0 !HISTORY 2007-07-29 [PTadmin] Header formatted for Contributor Agreement
0 !HISTORY 2008-07-01 [PTadmin] Official Update 2008-01
0 !HISTORY 2008-07-01 [tchang] Add BFC, some conditional lines
0 !HISTORY 2009-05-28 [Eldar] Fix wrong color lines
0 !HISTORY 2009-08-24 [PTadmin] Moved from 982
0 !HISTORY 2009-12-29 [PTadmin] Official Update 2009-03
0 !HISTORY 2010-08-27 [Philo] Increased hand hole to 15LDu; Fixed/added some condline.
0 !HISTORY 2010-12-31 [PTadmin] Official Update 2010-03
0 !HISTORY 2018-03-05 [GeraldLasser] Added a Conditional Line
0 !HISTORY 2018-03-23 [MagFors] Subfiled for patterned parts
0 !HISTORY 2018-12-08 [PTadmin] Official Update 2018-02


1 16 0 0 0 1 0 0 0 1 0 0 0 1 s/3818s01.dat
1 16 0 0 0 1 0 0 0 1 0 0 0 1 s/3818s02.dat

0 FILE 3819.dat
0 Minifig Arm Left
0 Name: 3819.dat
0 Author: Chris Dee [cwdee]
0 !LDRAW_ORG Part UPDATE 2009-03
0 !LICENSE Licensed under CC BY 4.0 : see CAreadme.txt

0 !HELP Place at 15.552 9 0 relative to torso
0 !HELP Then rotate about x axis to give require elevation of arm
0 !HELP 0 = upper arm vertical
0 !HELP -45 = lower arm horizontal
0 !HELP -90 = upper arm horizontal
0 !HELP -135 = lower arm vertical
0 !HELP Then rotate -9.782 about z axis to align with slope of torso

0 BFC CERTIFY CCW

0 !KEYWORDS BrickLink 981

0 !HISTORY 2002-11-30 [PTadmin] Official Update 2002-05
0 !HISTORY 2007-07-29 [PTadmin] Header formatted for Contributor Agreement
0 !HISTORY 2008-07-01 [PTadmin] Official Update 2008-01
0 !HISTORY 2009-08-24 [PTadmin] Moved from 981
0 !HISTORY 2009-12-29 [PTadmin] Official Update 2009-03


1 16 0 0 0 -1 0 0 0 1 0 0 0 1 3818.dat
0

0 FILE 3820.dat
0 Minifig Hand
0 Name: 3820.dat
0 Author: Orion Pobursky [OrionP]
0 !LDRAW_ORG Part UPDATE 2019-01
0 !LICENSE Licensed under CC BY 4.0 : see CAreadme.txt

0 !HELP The centre of the grip is at x, y -.8229, z -9.8948
0 !HELP The centre of the arm/hand cylinder meets at x, y, z -9.682
0 !HELP The Hand angle is 14.5 degrees
0 !HELP To rotate the hand to 90 degrees horizontal use the following rotation
0 !HELP matrix: 1 0 0 0 0.968148 0.25038 0 -0.25038 0.968148
0 !HELP After the rotation matrix is applied:
0 !HELP The center of the bottom of the hand will be x, y+2.2259, z-9.3739
0 !HELP The center of the top of the hand will be x, y-8.7741, z-9.3739

0 BFC CERTIFY CCW

0 !KEYWORDS BrickLink 983

0 !HISTORY 2002-11-30 [PTadmin] Official Update 2002-05
0 !HISTORY 2002-12-31 [PTadmin] Official Update 2002-06
0 !HISTORY 2007-07-29 [PTadmin] Header formatted for Contributor Agreement
0 !HISTORY 2008-07-01 [PTadmin] Official Update 2008-01
0 !HISTORY 2008-07-07 [DeannaEarley] Removed erroneous BFC CERTIFY entries (2005-08-29
0 !HISTORY 2008-07-07 [WilliamH] Added conditional lines to underside (2006-08-17)
0 !HISTORY 2009-08-24 [PTadmin] Moved from 983
0 !HISTORY 2009-12-29 [PTadmin] Official Update 2009-03
0 !HISTORY 2018-12-25 [GeraldLasser] Corrected grip width and intersection at cuff, reduced height by 1 LDU
0 !HISTORY 2019-06-28 [PTadmin] Official Update 2019-01


0 // Post
1 16 0 0 13 2.5 0 0 0 0 -2.5 0 -13 0 4-4cylc.dat

0 // Cuff
3 16 2.1213 -2.1213 0 1.5546 -2.5 0 2.1213 -2.1213 -1.4641
5 24 2.1213 -2.1213 0 2.1213 -2.1213 -1.4641 2.7717 -1.1481 0 1.5546 -2.5 0
4 16 2.7717 -1.1481 -4.5817 2.7717 -1.1481 0 2.1213 -2.1213 0 2.1213 -2.1213 -1.4641
3 16 2.6602 -1.3149 -4.5478 2.7717 -1.1481 -4.5817 2.1213 -2.1213 -1.4641
5 24 2.7717 -1.1481 0 2.7717 -1.1481 -4.5817 3 0 0 2.1213 -2.1213 0
4 16 3 0 -4.4423 3 0 0 2.7717 -1.1481 0 2.7717 -1.1481 -4.5817
5 24 3 0 0 3 0 -4.4423 2.7717 1.1481 0 2.7717 -1.1481 0
4 16 2.7717 1.1481 -3.9877 2.7717 1.1481 0 3 0 0 3 0 -4.4423
5 24 2.7717 1.1481 0 2.7717 1.1481 -3.9877 2.1213 2.1213 0 3 0 0
4 16 2.2962 1.8596 -3.4756 2.2962 1.8596 0 2.7717 1.1481 0 2.7717 1.1481 -3.9877
4 16 2.1213 2.1213 0 2.2962 1.8596 0 2.2962 1.8596 -3.4756 2.1213 2.1212 -3.372
5 24 2.1213 2.1213 0 2.1213 2.1212 -3.372 1.1481 2.7717 0 2.7717 1.1481 0
4 16 1.1481 2.7717 -3.0039 1.1481 2.7717 0 2.1213 2.1213 0 2.1213 2.1212 -3.372
5 24 1.1481 2.7717 -3.0039 1.1481 2.7717 0 2.1213 2.1213 0 0 2.9999 0
4 16 0 3 -2.7094 0 2.9999 0 1.1481 2.7717 0 1.1481 2.7717 -3.0039
5 24 0 3 -2.7094 0 2.9999 0 1.1481 2.7717 0 -1.1481 2.7717 0
3 16 -2.1213 -2.1213 -1.4641 -1.5546 -2.5 0 -2.1213 -2.1213 0
5 24 -2.1213 -2.1213 0 -2.1213 -2.1213 -1.4641 -2.7717 -1.1481 0 -1.5546 -2.5 0
4 16 -2.1213 -2.1213 0 -2.7717 -1.1481 0 -2.7717 -1.1481 -4.5817 -2.1213 -2.1213 -1.4641
3 16 -2.1213 -2.1213 -1.4641 -2.7717 -1.1481 -4.5817 -2.6602 -1.3149 -4.5478
5 24 -2.7717 -1.1481 0 -2.7717 -1.1481 -4.5817 -3 0 0 -2.1213 -2.1213 0
4 16 -2.7717 -1.1481 0 -3 0 0 -3 0 -4.4423 -2.7717 -1.1481 -4.5817
5 24 -3 0 0 -3 0 -4.4423 -2.7717 1.1481 0 -2.7717 -1.1481 0
4 16 -3 0 0 -2.7717 1.1481 0 -2.7717 1.1481 -3.9877 -3 0 -4.4423
5 24 -2.7717 1.1481 0 -2.7717 1.1481 -3.9877 -2.1213 2.1213 0 -3 0 0
4 16 -2.7717 1.1481 0 -2.2962 1.8596 0 -2.2962 1.8596 -3.4756 -2.7717 1.1481 -3.9877
4 16 -2.2962 1.8596 -3.4756 -2.2962 1.8596 0 -2.1213 2.1213 0 -2.1213 2.1212 -3.372
5 24 -2.1213 2.1213 0 -2.1213 2.1212 -3.372 -1.1481 2.7717 0 -2.7717 1.1481 0
4 16 -2.1213 2.1213 0 -1.1481 2.7717 0 -1.1481 2.7717 -3.0039 -2.1213 2.1212 -3.372
5 24 -1.1481 2.7717 -3.0039 -1.1481 2.7717 0 -2.1213 2.1213 0 0 2.9999 0
4 16 -1.1481 2.7717 0 0 2.9999 0 0 3 -2.7094 -1.1481 2.7717 -3.0039

0 // Flat part of Cuff
3 16 -1.5546 -2.5 0 -2.1213 -2.1213 -1.4641 0 -2.5 0
3 16 1.5546 -2.5 0 0 -2.5 0 2.1213 -2.1213 -1.4641
4 16 0 -2.5 0 -2.1213 -2.1213 -1.4641 -2.2962 -1.3762 -4.3124 0 -1.4914 -3.8706
3 16 -2.1213 -2.1213 -1.4641 -2.6602 -1.3149 -4.5478 -2.2962 -1.3762 -4.3124
4 16 2.2962 -1.3762 -4.3124 2.1213 -2.1213 -1.4641 0 -2.5 0 0 -1.4914 -3.8706
3 16 2.2962 -1.3762 -4.3124 2.6602 -1.3149 -4.5478 2.1213 -2.1213 -1.4641

0 // Cuff Intersect Lines
2 24 0 3 -2.7094 -1.1481 2.7717 -3.0039
2 24 -2.2962 1.8596 -3.4756 -2.1213 2.1212 -3.372
2 24 -2.7717 1.1481 -3.9877 -3 0 -4.4423
2 24 -2.2962 1.8596 -3.4756 -2.7717 1.1481 -3.9877
2 24 -3 0 -4.4423 -2.7717 -1.1481 -4.5817
2 24 -2.7717 -1.1481 -4.5817 -2.6602 -1.3149 -4.5478
2 24 -2.1213 -2.1213 -1.4641 -2.6602 -1.3149 -4.5478
2 24 -2.1213 -2.1213 -1.4641 -1.5546 -2.5 0
2 24 -1.1481 2.7717 -3.0039 -2.1213 2.1212 -3.372
2 24 0 3 -2.7094 1.1481 2.7717 -3.0039
2 24 2.2962 1.8596 -3.4756 2.1213 2.1212 -3.372
2 24 2.7717 1.1481 -3.9877 3 0 -4.4423
2 24 2.2962 1.8596 -3.4756 2.7717 1.1481 -3.9877
2 24 3 0 -4.4423 2.7717 -1.1481 -4.5817
2 24 2.7717 -1.1481 -4.5817 2.6602 -1.3149 -4.5478
2 24 2.1213 -2.1213 -1.4641 2.6602 -1.3149 -4.5478
2 24 2.1213 -2.1213 -1.4641 1.5546 -2.5 0
2 24 1.1481 2.7717 -3.0039 2.1213 2.1212 -3.372
2 24 -2.6602 -1.3149 -4.5478 -2.2962 -1.3762 -4.3124
2 24 -2.2962 -1.3762 -4.3124 0 -1.4914 -3.8706
2 24 2.2962 -1.3762 -4.3124 0 -1.4914 -3.8706
2 24 2.6602 -1.3149 -4.5478 2.2962 -1.3762 -4.3124

0 // Cuff Ring
3 16 0 -2.5 0 -.9567 -2.3098 0 -1.5546 -2.5 0
3 16 1.5546 -2.5 0 .9567 -2.3098 0 0 -2.5 0
4 16 2.5 0 0 2.3098 -.9567 0 2.7717 -1.148 0 3 0 0
4 16 2.3098 -.9567 0 1.7678 -1.7678 0 2.1213 -2.1213 0 2.7717 -1.148 0
4 16 1.7678 -1.7678 0 .9567 -2.3098 0 1.5546 -2.5 0 2.1213 -2.1213 0
4 16 -.9567 -2.3098 0 -1.7678 -1.7678 0 -2.1213 -2.1213 0 -1.5546 -2.5 0
4 16 -1.7678 -1.7678 0 -2.3098 -.9567 0 -2.7717 -1.148 0 -2.1213 -2.1213 0
4 16 -2.3098 -.9567 0 -2.5 0 0 -3 0 0 -2.7717 -1.148 0
4 16 -2.5 0 0 -2.3098 .9567 0 -2.7717 1.148 0 -3 0 0
4 16 -2.3098 .9567 0 -1.7678 1.7677 0 -2.1213 2.1213 0 -2.7717 1.148 0
4 16 -1.7678 1.7677 0 -.9567 2.3098 0 -1.148 2.7717 0 -2.1213 2.1213 0
4 16 -.9567 2.3098 0 0 2.5 0 0 2.9999 0 -1.148 2.7717 0
4 16 0 2.5 0 .9567 2.3098 0 1.148 2.7717 0 0 2.9999 0
4 16 .9567 2.3098 0 1.7678 1.7677 0 2.1213 2.1213 0 1.148 2.7717 0
4 16 1.7678 1.7677 0 2.3098 .9567 0 2.7717 1.148 0 2.1213 2.1213 0
4 16 2.3098 .9567 0 2.5 0 0 3 0 0 2.7717 1.148 0
2 24 2.1213 -2.1213 0 1.5546 -2.5 0
2 24 -2.1213 -2.1213 0 -1.5546 -2.5 0
2 24 3 0 0 2.7717 -1.1481 0
2 24 2.7717 -1.1481 0 2.1213 -2.1213 0
2 24 -2.1213 -2.1213 0 -2.7717 -1.1481 0
2 24 -2.7717 -1.1481 0 -3 0 0
2 24 -3 0 0 -2.7717 1.1481 0
2 24 -2.7717 1.1481 0 -2.1213 2.1213 0
2 24 -2.1213 2.1213 0 -1.1481 2.7717 0
2 24 -1.1481 2.7717 0 0 2.9999 0
2 24 0 2.9999 0 1.1481 2.7717 0
2 24 1.1481 2.7717 0 2.1213 2.1213 0
2 24 2.1213 2.1213 0 2.7717 1.1481 0
2 24 2.7717 1.1481 0 3 0 0
2 24 -1.5546 -2.5 0 0 -2.5 0
2 24 0 -2.5 0 1.5546 -2.5 0

0 // Hand
1 16 0 4.502 -8.518 -6 0 0 0 -10.64966 -1.5023 0 -2.75422 5.8089 2-4cylo.dat
0 BFC INVERTNEXT
1 16 0 4.502 -8.518 -4 0 0 0 -10.64966 -1.0015 0 -2.75422 3.8726 2-4cylo.dat
1 16 0 4.502 -8.518 -2 0 0 0 -1 -.5008 0 0 1.93629 2-4ring2.dat
1 16 0 -6.1478 -11.2716 -2 0 0 0 1 -.5008 0 0 1.93629 2-4ring2.dat
5 24 -6 4.502 -8.518 -6 -6.14766 -11.27222 -5.543 -6.5406 -13.7453 -5.5434 -7.691 -9.299
5 24 -4 -6.1479 -11.2716 -4 4.5023 -8.5179 -3.696 -5.7641 -12.7544 -3.6956 -7.4994 -10.04

0 // Fingers A
1 16 -3.5 -3.8845 -14.0324 0 -1 0 -1.45222 0 .37557 -.37557 0 -1.45222 1-4edge.dat
1 16 -3.5 -3.8845 -14.0324 0 -1 0 -1.45222 0 .37557 -.37557 0 -1.45222 1-4chrd.dat
2 24 -3.5 4.6076 -10.3742 -3.5 -5.691 -13.0376
2 24 -3.6956 4.5906 -10.0763 -3.5 4.6076 -10.3742
2 24 -4 4.502 -8.518 -3.6956 4.5906 -10.0763
2 24 -4.2426 3.122 -13.2571 -3.6787 2.6705 -13.7632
2 24 -3.5 2.119 -14.0291 -3.6787 2.6705 -13.7632
2 24 -5.5434 4.4609 -10.9004 -4.7152 3.9694 -12.3076
2 24 -4.2426 3.122 -13.2571 -4.7152 3.9694 -12.3076
2 24 -6 4.502 -8.518 -5.6195 4.6128 -10.4658
2 24 -5.5434 4.4609 -10.9004 -5.6195 4.6128 -10.4658
2 24 -3.6708 -4.0933 -15.5178 -4.2426 -4.6969 -15.2792
2 24 -3.6708 -4.0933 -15.5178 -3.5 -3.5089 -15.4846
2 24 -4.9134 -5.3367 -14.4079 -4.5298 -5.0825 -14.9351
2 24 -4.5298 -5.0825 -14.9351 -4.2426 -4.6969 -15.2792
2 24 -3.5 4.6076 -10.3742 -3.5 3.9694 -12.3076
2 24 -3.5 2.6705 -13.7632 -3.5 3.9694 -12.3076
2 24 -3.5 2.6705 -13.7632 -3.5 2.119 -14.0291
3 16 -5.6195 4.6128 -10.4658 -5.5434 4.4609 -10.9004 -6 4.502 -8.518
4 16 -6 -6.14766 -11.27222 -6 4.502 -8.518 -5.5434 4.4609 -10.9004 -5.5434 -5.5729 -13.4946
4 16 -4.5298 -5.0825 -14.9351 -4.9134 -5.3367 -14.4079 -5.5434 -5.5729 -13.4946 -4.2426 -4.6969 -15.2792
4 16 -4.2426 3.122 -13.2571 -4.2426 -4.6969 -15.2792 -5.5434 -5.5729 -13.4946 -5.5434 4.4609 -10.9004
3 16 -4.7152 3.9694 -12.3076 -4.2426 3.122 -13.2571 -5.5434 4.4609 -10.9004
4 16 -4.2426 3.122 -13.2571 -3.6787 2.6705 -13.7632 -3.6708 -4.0933 -15.5178 -4.2426 -4.6969 -15.2792
4 16 -3.6787 2.6705 -13.7632 -3.5 2.119 -14.0291 -3.5 -3.5089 -15.4846 -3.6708 -4.0933 -15.5178
3 16 -3.5 -4.6459 -15.3248 -4.2426 -4.6969 -15.2792 -3.6708 -4.0933 -15.5178
3 16 -3.6708 -4.0933 -15.5178 -3.5 -4.0933 -15.5178 -3.5 -4.6459 -15.3248
3 16 -3.6708 -4.0933 -15.5178 -3.5 -3.5089 -15.4846 -3.5 -4.0933 -15.5178
4 16 -4.5298 -5.0825 -14.9351 -4.2426 -4.6969 -15.2792 -3.5 -4.6459 -15.3248 -3.5 -5.0825 -14.9351
4 16 -3.5 -5.3367 -14.4079 -4.9134 -5.3367 -14.4079 -4.5298 -5.0825 -14.9351 -3.5 -5.0825 -14.9351
4 16 -5.5434 -5.5729 -13.4946 -4.9134 -5.3367 -14.4079 -3.5 -5.3367 -14.4079 -3.5 -5.691 -13.0376
4 16 -4 -6.1479 -11.2716 -6 -6.14766 -11.27222 -5.5434 -5.5729 -13.4946 -3.696 -5.7641 -12.7544
3 16 -3.5 -5.691 -13.0376 -3.696 -5.7641 -12.7544 -5.5434 -5.5729 -13.4946
3 16 -3.5 2.119 -14.0291 -3.6787 2.6705 -13.7632 -3.5 2.6705 -13.7632
3 16 -4.2426 3.122 -13.2571 -4.7152 3.9694 -12.3076 -3.5 3.9694 -12.3076
4 16 -3.6787 2.6705 -13.7632 -4.2426 3.122 -13.2571 -3.5 3.9694 -12.3076 -3.5 2.6705 -13.7632
3 16 -3.5 4.6076 -10.3742 -5.6195 4.6128 -10.4658 -3.6956 4.5906 -10.0763
4 16 -6 4.502 -8.518 -4 4.502 -8.518 -3.6956 4.5906 -10.0763 -5.6195 4.6128 -10.4658
4 16 -4.7152 3.9694 -12.3076 -5.5434 4.4609 -10.9004 -3.5 4.6076 -10.3742 -3.5 3.9694 -12.3076
3 16 -5.6195 4.6128 -10.4658 -3.5 4.6076 -10.3742 -5.5434 4.4609 -10.9004
4 16 -3.6956 4.5906 -10.0763 -4 4.502 -8.518 -4 -6.1479 -11.2716 -3.696 -5.7641 -12.7544
4 16 -3.5 4.6076 -10.3742 -3.6956 4.5906 -10.0763 -3.696 -5.7641 -12.7544 -3.5 -5.691 -13.0376
4 16 -3.5 4.6076 -10.3742 -3.5 -5.691 -13.0376 -3.5 -5.3367 -14.4079 -3.5 3.9694 -12.3076
3 16 -3.5 2.6705 -13.7632 -3.5 3.9694 -12.3076 -3.5 2.119 -14.0291
4 16 -3.5 -5.3367 -14.4079 -3.5 -3.5089 -15.4846 -3.5 2.119 -14.0291 -3.5 3.9694 -12.3076
2 24 -3.5 2.119 -14.0291 -3.5 -3.5089 -15.4846
5 24 -4 4.502 -8.518 -6 4.502 -8.518 -3.6956 4.1188 -7.036 -5.6195 4.6128 -10.4658
5 24 -3.5 4.6076 -10.3742 -5.6195 4.6128 -10.4658 -6 4.502 -8.518 -4.7152 3.9694 -12.3076
5 24 -3.696 -5.7641 -12.7544 -3.6956 4.5906 -10.0763 -3.5 -5.691 -13.0376 -4 -6.1479 -11.2716
5 24 -3.5 3.9694 -12.3076 -4.7152 3.9694 -12.3076 -3.5 4.6076 -10.3742 -4.2426 3.122 -13.2571
5 24 -3.5 2.6705 -13.7632 -3.6787 2.6705 -13.7632 -3.5 2.119 -14.0291 -3.5 3.9694 -12.3076
5 24 -5.5434 4.4609 -10.9004 -5.5434 -5.5729 -13.4946 -6 -6.14766 -11.27222 -4.9134 -5.3367 -14.4079
5 24 -4.2426 -4.6969 -15.2792 -4.2426 3.122 -13.2571 -4.7152 3.9694 -12.3076 -3.6787 2.6705 -13.7632
2 24 -4 -6.1479 -11.2716 -3.696 -5.7641 -12.7544
2 24 -3.696 -5.7641 -12.7544 -3.5 -5.691 -13.0376
2 24 -3.5 -5.3367 -14.4079 -3.5 -5.691 -13.0376
2 24 -5.5434 -5.5729 -13.4946 -4.9134 -5.3367 -14.4079
2 24 -5.5434 -5.5729 -13.4946 -6 -6.14766 -11.27222
5 24 -3.5 -4.0933 -15.5178 -3.6708 -4.0933 -15.5178 -3.5 -3.5089 -15.4846 -3.5 -4.6459 -15.3248
5 24 -3.5 -4.6459 -15.3248 -4.2426 -4.6969 -15.2792 -3.5 -4.0933 -15.5178 -3.5 -5.0825 -14.9351
5 24 -4.5298 -5.0825 -14.9351 -3.5 -5.0825 -14.9351 -3.5 -5.3367 -14.4079 -3.5 -4.6459 -15.3248
5 24 -4.9134 -5.3367 -14.4079 -3.5 -5.3367 -14.4079 -3.5 -5.691 -13.0376 -3.5 -5.0825 -14.9351
5 24 3.5 -4.6459 -15.3248 3.6708 -4.0933 -15.5178 4.2426 -4.6969 -15.2792 3.5 -4.0933 -15.5178

0 // Fingers B
1 16 3.5 -3.8845 -14.0324 0 1 0 -1.45222 0 .37557 -.37557 0 -1.45222 1-4edge.dat
1 16 3.5 -3.8845 -14.0324 0 1 0 -1.45222 0 .37557 -.37557 0 -1.45222 1-4chrd.dat
2 24 3.5 4.6076 -10.3742 3.5 -5.691 -13.0376
2 24 3.6956 4.5906 -10.0763 3.5 4.6076 -10.3742
2 24 4 4.502 -8.518 3.6956 4.5906 -10.0763
2 24 4.2426 3.122 -13.2571 3.6787 2.6705 -13.7632
2 24 3.5 2.119 -14.0291 3.6787 2.6705 -13.7632
2 24 5.5434 4.4609 -10.9004 4.7152 3.9694 -12.3076
2 24 4.2426 3.122 -13.2571 4.7152 3.9694 -12.3076
2 24 6 4.502 -8.518 5.6195 4.6128 -10.4658
2 24 5.5434 4.4609 -10.9004 5.6195 4.6128 -10.4658
2 24 3.6708 -4.0933 -15.5178 4.2426 -4.6969 -15.2792
2 24 3.6708 -4.0933 -15.5178 3.5 -3.5089 -15.4846
2 24 4.9134 -5.3367 -14.4079 4.5298 -5.0825 -14.9351
2 24 4.5298 -5.0825 -14.9351 4.2426 -4.6969 -15.2792
2 24 3.5 4.6076 -10.3742 3.5 3.9694 -12.3076
2 24 3.5 2.6705 -13.7632 3.5 3.9694 -12.3076
2 24 3.5 2.6705 -13.7632 3.5 2.119 -14.0291
3 16 5.5434 4.4609 -10.9004 5.6195 4.6128 -10.4658 6 4.502 -8.518
4 16 6 4.502 -8.518 5.99998 -6.14771 -11.27154 5.5434 -5.5729 -13.4946 5.5434 4.4609 -10.9004
4 16 4.9134 -5.3367 -14.4079 4.5298 -5.0825 -14.9351 4.2426 -4.6969 -15.2792 5.5434 -5.5729 -13.4946
3 16 4.2426 3.122 -13.2571 4.7152 3.9694 -12.3076 5.5434 4.4609 -10.9004
4 16 4.2426 -4.6969 -15.2792 4.2426 3.122 -13.2571 5.5434 4.4609 -10.9004 5.5434 -5.5729 -13.4946
4 16 3.6708 -4.0933 -15.5178 3.6787 2.6705 -13.7632 4.2426 3.122 -13.2571 4.2426 -4.6969 -15.2792
4 16 3.5 -3.5089 -15.4846 3.5 2.119 -14.0291 3.6787 2.6705 -13.7632 3.6708 -4.0933 -15.5178
3 16 3.6708 -4.0933 -15.5178 4.2426 -4.6969 -15.2792 3.5 -4.6459 -15.3248
3 16 3.5 -4.6459 -15.3248 3.5 -4.0933 -15.5178 3.6708 -4.0933 -15.5178
3 16 3.5 -3.5089 -15.4846 3.6708 -4.0933 -15.5178 3.5 -4.0933 -15.5178
4 16 3.5 -4.6459 -15.3248 4.2426 -4.6969 -15.2792 4.5298 -5.0825 -14.9351 3.5 -5.0825 -14.9351
4 16 4.5298 -5.0825 -14.9351 4.9134 -5.3367 -14.4079 3.5 -5.3367 -14.4079 3.5 -5.0825 -14.9351
4 16 3.5 -5.3367 -14.4079 4.9134 -5.3367 -14.4079 5.5434 -5.5729 -13.4946 3.5 -5.691 -13.0376
4 16 5.5434 -5.5729 -13.4946 6 -6.1479 -11.2716 4 -6.1479 -11.2716 3.696 -5.7641 -12.7544
3 16 3.696 -5.7641 -12.7544 3.5 -5.691 -13.0376 5.5434 -5.5729 -13.4946
3 16 3.6787 2.6705 -13.7632 3.5 2.119 -14.0291 3.5 2.6705 -13.7632
3 16 4.7152 3.9694 -12.3076 4.2426 3.122 -13.2571 3.5 3.9694 -12.3076
4 16 3.5 3.9694 -12.3076 4.2426 3.122 -13.2571 3.6787 2.6705 -13.7632 3.5 2.6705 -13.7632
3 16 5.6195 4.6128 -10.4658 3.5 4.6076 -10.3742 3.6956 4.5906 -10.0763
4 16 3.6956 4.5906 -10.0763 4 4.502 -8.518 6 4.502 -8.518 5.6195 4.6128 -10.4658
4 16 3.5 4.6076 -10.3742 5.5434 4.4609 -10.9004 4.7152 3.9694 -12.3076 3.5 3.9694 -12.3076
3 16 3.5 4.6076 -10.3742 5.6195 4.6128 -10.4658 5.5434 4.4609 -10.9004
4 16 4 -6.1479 -11.2716 4 4.502 -8.518 3.6956 4.5906 -10.0763 3.696 -5.7641 -12.7544
4 16 3.696 -5.7641 -12.7544 3.6956 4.5906 -10.0763 3.5 4.6076 -10.3742 3.5 -5.691 -13.0376
4 16 3.5 -5.3367 -14.4079 3.5 -5.691 -13.0376 3.5 4.6076 -10.3742 3.5 3.9694 -12.3076
3 16 3.5 3.9694 -12.3076 3.5 2.6705 -13.7632 3.5 2.119 -14.0291
4 16 3.5 2.119 -14.0291 3.5 -3.5089 -15.4846 3.5 -5.3367 -14.4079 3.5 3.9694 -12.3076
2 24 3.5 2.119 -14.0291 3.5 -3.5089 -15.4846
5 24 4 4.502 -8.518 6 4.502 -8.518 3.6956 4.1188 -7.036 5.6195 4.6128 -10.4658
5 24 3.5 4.6076 -10.3742 5.6195 4.6128 -10.4658 6 4.502 -8.518 4.7152 3.9694 -12.3076
5 24 3.696 -5.7641 -12.7544 3.6956 4.5906 -10.0763 3.5 -5.691 -13.0376 4 -6.1479 -11.2716
5 24 3.5 3.9694 -12.3076 4.7152 3.9694 -12.3076 3.5 4.6076 -10.3742 4.2426 3.122 -13.2571
5 24 3.5 2.6705 -13.7632 3.6787 2.6705 -13.7632 3.5 2.119 -14.0291 3.5 3.9694 -12.3076
5 24 5.5434 4.4609 -10.9004 5.5434 -5.5729 -13.4946 6 -6.1479 -11.2716 4.9134 -5.3367 -14.4079
5 24 4.2426 -4.6969 -15.2792 4.2426 3.122 -13.2571 4.7152 3.9694 -12.3076 3.6787 2.6705 -13.7632
2 24 4 -6.1479 -11.2716 3.696 -5.7641 -12.7544
2 24 3.696 -5.7641 -12.7544 3.5 -5.691 -13.0376
2 24 3.5 -5.3367 -14.4079 3.5 -5.691 -13.0376
2 24 5.5434 -5.5729 -13.4946 4.9134 -5.3367 -14.4079
2 24 5.5434 -5.5729 -13.4946 6 -6.1479 -11.2716
5 24 3.5 -4.0933 -15.5178 3.6708 -4.0933 -15.5178 3.5 -3.5089 -15.4846 3.5 -4.6459 -15.3248
5 24 3.5 -4.6459 -15.3248 4.2426 -4.6969 -15.2792 3.5 -4.0933 -15.5178 3.5 -5.0825 -14.9351
5 24 4.5298 -5.0825 -14.9351 3.5 -5.0825 -14.9351 3.5 -5.3367 -14.4079 3.5 -4.6459 -15.3248
5 24 4.9134 -5.3367 -14.4079 3.5 -5.3367 -14.4079 3.5 -5.691 -13.0376 3.5 -5.0825 -14.9351
5 24 -3.5 -4.6459 -15.3248 -3.6708 -4.0933 -15.5178 -4.2426 -4.6969 -15.2792 -3.5 -4.0933 -15.5178

0 FILE parts/s/3818s01.dat
0 ~Minifig Arm Right Inner Half
0 Name: s\3818s01.dat
0 Author: Magnus Forsberg [MagFors]
0 !LDRAW_ORG Subpart UPDATE 2020-02
0 !LICENSE Licensed under CC BY 4.0 : see CAreadme.txt

0 BFC CERTIFY CCW

0 !HISTORY 2018-12-08 [PTadmin] Official Update 2018-02
0 !HISTORY 2019-11-24 [MagFors] used knob subfile, reworked elbow
0 !HISTORY 2020-09-05 [PTadmin] Official Update 2020-02


1 16 0 0 0 1 0 0 0 1 0 0 0 1 knob1.dat
0 // flat inner arm
2 24 0 0 6.5 0 -2.4876 6.0054
2 24 0 -2.4876 6.0054 0 -4.5962 4.5962
2 24 0 -4.5962 4.5962 0 -6.0054 2.4876
2 24 0 -6.0054 2.4876 0 -6.5 0
2 24 0 -6.5 0 0 -6.0054 -2.4876
2 24 0 -6.0054 -2.4876 0 -4.5962 -4.5962
2 24 0 -4.5962 -4.5962 0 -2.4876 -6.0054
2 24 0 -2.4876 -6.0054 0 0 -6.5
4 16 0 0 -6.5 0 2.487 -6.005 0 0 -3.25 0 -2.488 -6.005
4 16 0 -4.5962 -4.5962 0 -2.488 -6.005 0 0 -3.25 0 -6.0054 -2.4876
4 16 0 -6.5 0 0 -6.0054 -2.4876 0 0 -3.25 0 -3.25 0
4 16 0 -6.0054 2.4876 0 -6.5 0 0 -3.25 0 0 0 3.25
4 16 0 -4.5962 4.5962 0 -6.0054 2.4876 0 0 3.25 0 -2.488 6.005
4 16 0 0 6.5 0 -2.488 6.005 0 0 3.25 0 2.5 6.5
4 16 0 3.25 0 0 0 -3.25 0 2.487 -6.005 0 4.596 -4.596
4 16 0 3.25 0 0 9.028 -0.028 0 2.5 6.5 0 0 3.25
3 16 0 4.596 -4.596 0 9.028 -0.028 0 3.25 0
2 24 0 0 -6.5 0 2.487 -6.005
2 24 0 2.487 -6.005 0 4.596 -4.596
2 24 0 4.596 -4.596 0 9.028 -0.028

0 // hand hole
1 16 -5 18.9 -9.9 2.5 0 0 0 -1 -1.7678 0 0 -1.7678 4-4ndis.dat
0 BFC INVERTNEXT
1 16 -5 8.294 0.707 2.5 0 0 0 10.6066 -1.76777 0 -10.6066 -1.76777 4-4cylc.dat
2 24 0 18.9 -9.9 -0.3805 17.5468 -11.2532
2 24 -0.3805 17.5468 -11.2532 -1.4645 16.3997 -12.4003
2 24 -1.4645 16.3997 -12.4003 -3.0865 15.6331 -13.1669
2 24 -3.0865 15.6331 -13.1669 -5 15.364 -13.436
2 24 -5 15.364 -13.436 -6.9135 15.6331 -13.1669
2 24 -6.9135 15.6331 -13.1669 -8.6155 16.402 -12.4003
2 24 -8.6155 16.402 -12.4003 -9.7694 17.5511 -11.2532
2 24 -9.7694 17.5511 -11.2532 -10 18.9 -9.9
2 24 -10 18.9 -9.9 -9.6195 20.2532 -8.5468
2 24 -9.6195 20.2532 -8.5468 -8.5355 21.4003 -7.3997
2 24 -8.5355 21.4003 -7.3997 -6.9135 22.1669 -6.6331
2 24 -6.9135 22.1669 -6.6331 -5 22.436 -6.364
2 24 -5 22.436 -6.364 -3.0865 22.1669 -6.6331
2 24 -3.0865 22.1669 -6.6331 -1.4645 21.4003 -7.3997
2 24 -1.4645 21.4003 -7.3997 -0.3805 20.2532 -8.5468
2 24 -0.3805 20.2532 -8.5468 0 18.9 -9.9
4 16 -3.0865 15.6331 -13.1669 -5 15.364 -13.436 -5 17.1322 -11.6678 -2.5 17.1322 -11.6678
4 16 -1.4645 16.3997 -12.4003 -3.0865 15.6331 -13.1669 -2.5 17.1322 -11.6678 -0.3805 17.5468 -11.2532
4 16 -0.3805 17.5468 -11.2532 -2.5 17.1322 -11.6678 -2.5 18.9 -9.9 0 18.9 -9.9
4 16 -0.3805 20.2532 -8.5468 0 18.9 -9.9 -2.5 18.9 -9.9 -2.5 20.6678 -8.1322
4 16 -1.4645 21.4003 -7.3997 -0.3805 20.2532 -8.5468 -2.5 20.6678 -8.1322 -3.0865 22.1669 -6.6331
4 16 -3.0865 22.1669 -6.6331 -2.5 20.6678 -8.1322 -5 20.6678 -8.1322 -5 22.436 -6.364
4 16 -6.9135 22.1669 -6.6331 -5 22.436 -6.364 -5 20.6678 -8.1322 -7.5 20.6678 -8.1322
4 16 -8.5355 21.4003 -7.3997 -6.9135 22.1669 -6.6331 -7.5 20.6678 -8.1322 -9.6195 20.2532 -8.5468
4 16 -9.6195 20.2532 -8.5468 -7.5 20.6678 -8.1322 -7.5 18.9 -9.9 -10 18.9 -9.9
4 16 -9.7694 17.5511 -11.2532 -10 18.9 -9.9 -7.5 18.9 -9.9 -7.5 17.1322 -11.6678
4 16 -8.6155 16.402 -12.4003 -9.7694 17.5511 -11.2532 -7.5 17.1322 -11.6678 -6.9135 15.6331 -13.1669
4 16 -6.9135 15.6331 -13.1669 -7.5 17.1322 -11.6678 -5 17.1322 -11.6678 -5 15.364 -13.436

0 // lower arm
4 16 -3.0865 8.4737 -6.0075 -3.0865 15.6331 -13.1669 -1.4645 16.3997 -12.4003 -1.4645 8.6037 -4.6044
4 16 -1.4645 8.6037 -4.6044 -1.4645 16.3997 -12.4003 -0.3805 17.5468 -11.2532 -0.3805 8.7984 -2.5048
4 16 -0.3805 8.7984 -2.5048 -0.3805 17.5468 -11.2532 0 18.9 -9.9 0 9.028 -0.028
4 16 -3.0865 22.1669 -6.6331 -5 22.436 -6.364 -5 10.6471 5.4249 -3.087 9.034 6.5
4 16 -1.4645 21.4003 -7.3997 -3.0865 22.1669 -6.6331 -3.087 9.034 6.5 -1.465 7.5 6.5
4 16 -0.381 5.206 6.5 -0.3805 20.2532 -8.5468 -1.4645 21.4003 -7.3997 -1.465 7.5 6.5
4 16 0 9.028 -0.028 0 18.9 -9.9 -0.3805 20.2532 -8.5468 -0.381 5.206 6.5
4 16 -5 15.364 -13.436 -3.0865 15.6331 -13.1669 -3.0865 8.4737 -6.0075 -5.02 8.4209 -6.5354
5 24 -5 15.364 -13.436 -5.02 8.4209 -6.5354 -3.0865 15.6331 -13.1669 -6.9135 15.6331 -13.1669
5 24 -3.0865 15.6331 -13.1669 -3.0865 8.4737 -6.0075 -1.4645 16.3997 -12.4003 -5 15.364 -13.436
5 24 -1.4645 16.3997 -12.4003 -1.4645 8.6037 -4.6044 -0.3805 17.5468 -11.2532 -3.0865 15.6331 -13.1669
5 24 -0.3805 17.5468 -11.2532 -0.3805 8.7984 -2.5048 0 18.9 -9.9 -1.4645 16.3997 -12.4003
5 24 -3.0865 22.1669 -6.6331 -3.087 9.034 6.5 -5 22.436 -6.364 -1.4645 21.4003 -7.3997
5 24 -5 22.436 -6.364 -5 10.6471 5.4249 -6.9135 22.1669 -6.6331 -3.0865 22.1669 -6.6331
5 24 -4.9997 9.3236 6.2624 -4.9224 7.8154 6.5 -3.087 9.034 6.5 -6.8356 7.8154 6.0054
5 24 -1.4645 21.4003 -7.3997 -1.465 7.5 6.5 -0.3805 20.2532 -8.5468 -3.0865 22.1669 -6.6331
5 24 -0.3805 20.2532 -8.5468 -0.381 5.206 6.5 -1.4645 21.4003 -7.3997 0 18.9 -9.9
5 24 0 18.9 -9.9 0 9.028 -0.028 -0.3805 20.2532 -8.5468 -0.3805 17.5468 -11.2532
3 16 0 9.028 -0.028 -0.381 5.206 6.5 0 2.5 6.5
5 24 0 9.028 -0.028 0 2.5 6.5 -0.381 5.206 6.5 0 0 6.5

0 // rear upper arm
4 16 -0.381 5.206 6.5 -1.465 7.5 6.5 -4.9224 7.8154 6.5 0 2.5 6.5
4 16 0 0 6.5 0 2.5 6.5 -4.9224 7.8154 6.5 -1.666 0 6.5
3 16 -4.9224 7.8154 6.5 -3.087 9.034 6.5 -4.9997 9.3236 6.2624
3 16 -4.9997 9.3236 6.2624 -3.087 9.034 6.5 -5 10.6471 5.4249
3 16 -4.9224 7.8154 6.5 -1.465 7.5 6.5 -3.087 9.034 6.5
3 16 0 -2.488 6.005 0 0 6.5 -1.666 0 6.5
5 24 0 -2.488 6.005 -1.666 0 6.5 -0.957 -2.2 6.005 0 0 6.5
5 24 -1.666 0 6.5 0 0 6.5 -4.9224 7.8154 6.5 0 -2.488 6.005
5 24 -3.087 9.034 6.5 -5 10.6471 5.4249 -4.9997 9.3236 6.2624 -3.0865 22.1669 -6.6331
5 24 -3.087 9.034 6.5 -4.9224 7.8154 6.5 -4.9997 9.3236 6.2624 -1.465 7.5 6.5
5 24 -4.9997 9.3236 6.2624 -5 10.6471 5.4249 -6.9135 10.5627 4.9712 -3.087 9.034 6.5
5 24 -3.087 9.034 6.5 -4.9997 9.3236 6.2624 -4.9224 7.8154 6.5 -5 10.6471 5.4249
2 24 -3.087 9.034 6.5 -1.465 7.5 6.5
2 24 -1.465 7.5 6.5 -0.381 5.206 6.5
2 24 -0.381 5.206 6.5 0 2.5 6.5
2 24 0 2.5 6.5 0 0 6.5
5 24 -4.9224 7.8154 6.5 -1.666 0 6.5 -6.8356 7.8154 6.0054 -1.465 7.5 6.5

0 // crook of elbow
3 16 -1.666 0 -6.5 0 0 -6.5 0 -2.488 -6.005
5 24 -1.666 0 -6.5 0 -2.488 -6.005 -0.957 -2.2 -6.005 0 0 -6.5
3 16 -3.0865 8.4737 -6.0075 0 0 -6.5 -5.02 8.4209 -6.5354
3 16 -1.666 0 -6.5 -5.02 8.4209 -6.5354 0 0 -6.5
3 16 -3.0865 8.4737 -6.0075 0 2.487 -6.005 0 0 -6.5
3 16 -3.0865 8.4737 -6.0075 -1.4645 8.6037 -4.6044 0 2.487 -6.005
4 16 0 4.596 -4.596 0 2.487 -6.005 -1.4645 8.6037 -4.6044 -0.3805 8.7984 -2.5048
3 16 0 9.028 -0.028 0 4.596 -4.596 -0.3805 8.7984 -2.5048
5 24 -0.381 8.798 -2.505 0 4.596 -4.596 -1.465 8.604 -4.604 0 9.028 -0.028
5 24 -3.087 8.474 -6.008 0 0 -6.5 0 2.487 -6.005 -5.02 8.4209 -6.5354
5 24 0 0 -6.5 -5.02 8.4209 -6.5354 -3.087 8.474 -6.008 -1.666 0 -6.5
5 24 0 0 -6.5 -1.666 0 -6.5 0 -2.488 -6.005 -5.02 8.4209 -6.5354
2 24 0 9.028 -0.028 -0.381 8.798 -2.505
2 24 -0.381 8.798 -2.505 -1.465 8.604 -4.604
2 24 -1.465 8.604 -4.604 -3.087 8.474 -6.008
2 24 -3.087 8.474 -6.008 -5.02 8.4209 -6.5354
5 24 -3.087 8.474 -6.008 0 2.487 -6.005 0 0 -6.5 -1.465 8.604 -4.604
5 24 -1.465 8.604 -4.604 0 2.487 -6.005 -3.087 8.474 -6.008 0 4.596 -4.596
5 24 -1.666 0 -6.5 -5.02 8.4209 -6.5354 0 0 -6.5 -2.942 -1.53 -6.005

0 FILE parts/s/3818s02.dat
0 ~Minifig Arm Right Outer Surface
0 Name: s\3818s02.dat
0 Author: Magnus Forsberg [MagFors]
0 !LDRAW_ORG Subpart UPDATE 2020-01
0 !LICENSE Licensed under CC BY 4.0 : see CAreadme.txt

0 BFC CERTIFY CCW

0 !HISTORY 2018-12-08 [PTadmin] Official Update 2018-02
0 !HISTORY 2019-11-24 [MagFors] Used pattern subfiles
0 !HISTORY 2020-06-28 [PTadmin] Official Update 2020-01


1 16 0 0 0 1 0 0 0 1 0 0 0 1 s/3818s03.dat
1 16 0 0 0 1 0 0 0 1 0 0 0 1 s/3818s04.dat

0 FILE 5-16cyli.dat
0 Cylinder 0.3125
0 Name: 5-16cyli.dat
0 Author: Philippe Hurbain [Philo]
0 !LDRAW_ORG Primitive UPDATE 2009-03
0 !LICENSE Licensed under CC BY 4.0 : see CAreadme.txt

0 BFC CERTIFY CCW

0 !HISTORY 2009-12-29 [PTadmin] Official Update 2009-03


4 16 0.9239 0 0.3827 1 0 0 1 1 0 0.9239 1 0.3827
4 16 0.7071 0 0.7071 0.9239 0 0.3827 0.9239 1 0.3827 0.7071 1 0.7071
4 16 0.3827 0 0.9239 0.7071 0 0.7071 0.7071 1 0.7071 0.3827 1 0.9239
4 16 0 0 1 0.3827 0 0.9239 0.3827 1 0.9239 0 1 1
4 16 -0.3827 0 0.9239 0 0 1 0 1 1 -0.3827 1 0.9239

0 // conditional lines
5 24 1 1 0 1 0 0 1 1 -0.4142 0.9239 1 0.3827
5 24 0.9239 1 0.3827 0.9239 0 0.3827 1 1 0 0.7071 1 0.7071
5 24 0.7071 1 0.7071 0.7071 0 0.7071 0.9239 1 0.3827 0.3827 1 0.9239
5 24 0.3827 1 0.9239 0.3827 0 0.9239 0.7071 1 0.7071 0 1 1
5 24 0 1 1 0 0 1 0.3827 1 0.9239 -0.3827 1 0.9239
5 24 -0.3827 1 0.9239 -0.3827 0 0.9239 0 1 1 -0.7654 1 0.7654

0 // end of file

0 FILE parts/s/3815s01.dat
0 ~Minifig Hips without Decorated Surface (Obsolete)
0 Name: s\3815s01.dat
0 Author: Steve Bliss [sbliss]
0 !LDRAW_ORG Subpart UPDATE 2022-01
0 !LICENSE Licensed under CC BY 4.0 : see CAreadme.txt

0 BFC CERTIFY CCW

0 !HISTORY 1998-12-11 [cwdee] created subpart
0 !HISTORY 1999-02-01 [PTadmin] Official Update 1999-01
0 !HISTORY 2002-06-10 [cwdee] updated studs with those developed by Mark Kennedy
0 !HISTORY 2002-08-18 [PTadmin] Official Update 2002-04
0 !HISTORY 2004-06-15 [nielsk] BFC'd
0 !HISTORY 2004-11-06 [PTadmin] Official Update 2004-04
0 !HISTORY 2007-09-13 [PTadmin] Header formatted for Contributor Agreement
0 !HISTORY 2008-07-01 [PTadmin] Official Update 2008-01
0 !HISTORY 2009-01-28 [Philo] Moved crotch to main for patterned parts
0 !HISTORY 2009-01-28 [Philo] Various shape improvements
0 !HISTORY 2009-08-24 [PTadmin] Renamed from s\970s01
0 !HISTORY 2010-07-05 [PTadmin] Official Update 2010-02
0 !HISTORY 2018-08-03 [MagFors] created stud primitive
0 !HISTORY 2019-09-08 [MagFors] Obsoleted due to bad leg geometry
0 !HISTORY 2022-01-14 [PTadmin] Official Update 2022-01


1 16 0 3 0 18 0 0 0 -3 0 0 0 10 box2-5.dat
2 24 18 0 -10 18 6 -10
2 24 -18 0 -10 -18 6 -10
1 16 10 0 0 1 0 0 0 1 0 0 0 1 hipstud.dat
1 16 -10 0 0 -1 0 0 0 1 0 0 0 -1 hipstud.dat
1 16 -2 12 0 0 4 0 8.3149 0 3.4441 -3.4441 0 8.3149 7-16cyli.dat
0 BFC INVERTNEXT
1 16 -18 12 0 0 36 0 -6.364 0 -6.364 6.364 0 -6.364 1-4cylo.dat
1 16 -18 12 0 0 1 0 -9 0 0 0 0 -9 1-8ndis.dat
1 16 -18 12 0 0 1 0 -9 0 0 0 0 9 1-8ndis.dat
1 16 18 12 0 0 -1 0 -9 0 0 0 0 -9 1-8ndis.dat
1 16 18 12 0 0 -1 0 -9 0 0 0 0 9 1-8ndis.dat

1 16 -2 12 0 0 1 0 9 0 0 0 0 9 4-4edge.dat
1 16 2 12 0 0 1 0 9 0 0 0 0 9 4-4edge.dat
1 16 -2 12 0 0 1 0 9 0 0 0 0 -9 4-4disc.dat
1 16 2 12 0 0 -1 0 9 0 0 0 0 9 4-4disc.dat
1 16 -9.92 12 0 0 19.84 0 3 0 0 0 0 3 4-4cylc.dat
1 16 9.92 12 0 0 -1 0 3 0 0 0 0 3 4-4disc.dat
1 16 -2 12 0 0 1 0 3 0 0 0 0 3 4-4edge.dat
1 16 2 12 0 0 1 0 3 0 0 0 0 3 4-4edge.dat
1 16 0 6 -8.3035 0 0 18 0 -1 0 1.6965 0 0 rect.dat
1 16 0 5.818 -6.4855 0 0 18 -.182 -1 0 .1215 0 0 rect2p.dat
1 16 0 6 8.3035 18 0 0 0 -1 0 0 0 -1.6965 rect3.dat
1 16 0 5.818 6.4855 0 0 -18 -.182 -1 0 -.1215 0 0 rect2p.dat

4 16 18 3 -9 18 6 -10 18 6 -6.607 18 5.636 -6.364
3 16 18 0 -10 18 6 -10 18 3 -9
3 16 18 0 -10 18 3 -9 18 3 0
4 16 18 0 -10 18 3 0 18 3 9 18 0 10
3 16 18 0 10 18 3 9 18 6 10
4 16 18 3 9 18 5.636 6.364 18 6 6.607 18 6 10
4 16 -18 3 9 -18 6 10 -18 6 6.607 -18 5.636 6.364
3 16 -18 0 10 -18 6 10 -18 3 9
3 16 -18 0 10 -18 3 9 -18 3 0
4 16 -18 0 10 -18 3 0 -18 3 -9 -18 0 -10
3 16 -18 0 -10 -18 3 -9 -18 6 -10
4 16 -18 6 -6.607 -18 6 -10 -18 3 -9 -18 5.636 -6.364

0 FILE 3815c01.dat
0 ~Minifig Hips and Legs (Obsolete)
0 Name: 3815c01.dat
0 Author: Steve Bliss [sbliss]
0 !LDRAW_ORG Shortcut UPDATE 2022-01
0 !LICENSE Licensed under CC BY 4.0 : see CAreadme.txt

0 BFC CERTIFY CCW

0 !CATEGORY Obsolete

0 !HISTORY 2002-02-18 [PTadmin] Official Update 2002-01
0 !HISTORY 2007-07-27 [PTadmin] Header formatted for Contributor Agreement
0 !HISTORY 2008-07-01 [PTadmin] Official Update 2008-01
0 !HISTORY 2009-08-24 [PTadmin] Renamed from 970c00
0 !HISTORY 2010-07-05 [PTadmin] Official Update 2010-02
0 !HISTORY 2015-12-30 [cwdee] Updated description
0 !HISTORY 2015-12-30 [PTadmin] Official Update 2015-02
0 !HISTORY 2015-12-31 [Steffen] Add BFC statement
0 !HISTORY 2016-12-31 [PTadmin] Official Update 2016-01
0 !HISTORY 2020-07-09 [cwdee] Obsoleted due to bad leg geometry
0 !HISTORY 2022-01-14 [PTadmin] Official Update 2022-01


1 16 0 0 0 1 0 0 0 1 0 0 0 1 3815.dat
1 16 0 12 0 1 0 0 0 1 0 0 0 1 3816.dat
1 16 0 12 0 1 0 0 0 1 0 0 0 1 3817.dat

0 FILE parts/s/3811s01.dat
0 ~Baseplate 32 x 32 without Top Surface
0 Name: s\3811s01.dat
0 Author: Mark Kennedy [mkennedy]
0 !LDRAW_ORG Subpart UPDATE 2025-09
0 !LICENSE Licensed under CC BY 4.0 : see CAreadme.txt

0 BFC CERTIFY CCW

0 !HISTORY 2004-04-22 [PTadmin] Official Update 2004-02
0 !HISTORY 2007-08-31 [PTadmin] Header formatted for Contributor Agreement
0 !HISTORY 2008-07-01 [PTadmin] Official Update 2008-01
0 !HISTORY 2025-09-27 [OrionP] Changed winding to CCW
0 !HISTORY 2025-09-29 [OrionP] Official Update 2025-09

1 16 0 2 320 316 0 0 0 0 2 0 -1 0 rect2p.dat
1 16 320 2 0 0 -1 0 0 0 2 316 0 0 rect2p.dat
1 16 0 2 -320 316 0 0 0 0 2 0 1 0 rect2p.dat
1 16 -320 2 0 0 1 0 0 0 2 316 0 0 rect2p.dat
1 16 316 4 316 4 0 0 0 1 0 0 0 4 1-4edge.dat
1 16 -316 4 316 -4 0 0 0 1 0 0 0 4 1-4edge.dat
1 16 -316 4 -316 -4 0 0 0 1 0 0 0 -4 1-4edge.dat
1 16 316 4 -316 4 0 0 0 1 0 0 0 -4 1-4edge.dat
1 16 316 0 316 4 0 0 0 1 0 0 0 4 1-4edge.dat
1 16 -316 0 316 -4 0 0 0 1 0 0 0 4 1-4edge.dat
1 16 -316 0 -316 -4 0 0 0 1 0 0 0 -4 1-4edge.dat
1 16 316 0 -316 4 0 0 0 1 0 0 0 -4 1-4edge.dat
1 16 316 4 316 4 0 0 0 -1 0 0 0 4 1-4disc.dat
1 16 -316 4 316 -4 0 0 0 -1 0 0 0 4 1-4disc.dat
1 16 -316 4 -316 -4 0 0 0 -1 0 0 0 -4 1-4disc.dat
1 16 316 4 -316 4 0 0 0 -1 0 0 0 -4 1-4disc.dat
4 16 -316 4 316 -316 4 320 316 4 320 316 4 316
4 16 316 4 -316 316 4 -320 -316 4 -320 -316 4 -316
4 16 320 4 -316 -320 4 -316 -320 4 316 320 4 316
1 16 316 0 316 4 0 0 0 4 0 0 0 4 1-4cyli.dat
1 16 -316 0 316 -4 0 0 0 4 0 0 0 4 1-4cyli.dat
1 16 -316 0 -316 -4 0 0 0 4 0 0 0 -4 1-4cyli.dat
1 16 316 0 -316 4 0 0 0 4 0 0 0 -4 1-4cyli.dat
0

0 FILE stug7.dat
0 ~Moved to stug-7x7
0 Name: stug7.dat
0 Author: [PTadmin]
0 !LDRAW_ORG Primitive UPDATE 2011-01
0 !LICENSE Licensed under CC BY 4.0 : see CAreadme.txt

0 BFC CERTIFY CCW

0 !HISTORY 2011-07-25 [PTadmin] Official Update 2011-01


0 // Stud Group 7 x 7
1 16 0 0 0 1 0 0 0 1 0 0 0 1 stug-7x7.dat

0 FILE stug5.dat
0 ~Moved to stug-5x5
0 Name: stug5.dat
0 Author: [PTadmin]
0 !LDRAW_ORG Primitive UPDATE 2011-01
0 !LICENSE Licensed under CC BY 4.0 : see CAreadme.txt

0 BFC CERTIFY CCW

0 !HISTORY 2011-07-25 [PTadmin] Official Update 2011-01


0 // Stud Group 5 x 5
1 16 0 0 0 1 0 0 0 1 0 0 0 1 stug-5x5.dat

0 FILE stug2.dat
0 ~Moved to stug-2x2
0 Name: stug2.dat
0 Author: [PTadmin]
0 !LDRAW_ORG Primitive UPDATE 2011-01
0 !LICENSE Licensed under CC BY 4.0 : see CAreadme.txt

0 BFC CERTIFY CCW

0 !HISTORY 2011-07-25 [PTadmin] Official Update 2011-01


0 // Stud Group 2 x 2
1 16 0 0 0 1 0 0 0 1 0 0 0 1 stug-2x2.dat

0 FILE stug3.dat
0 ~Moved to stug-3x3
0 Name: stug3.dat
0 Author: [PTadmin]
0 !LDRAW_ORG Primitive UPDATE 2011-01
0 !LICENSE Licensed under CC BY 4.0 : see CAreadme.txt

0 BFC CERTIFY CCW

0 !HISTORY 2011-07-25 [PTadmin] Official Update 2011-01


0 // Stud Group 3 x 3
1 16 0 0 0 1 0 0 0 1 0 0 0 1 stug-3x3.dat

0 FILE stug4.dat
0 ~Moved to stug-4x4
0 Name: stug4.dat
0 Author: [PTadmin]
0 !LDRAW_ORG Primitive UPDATE 2011-01
0 !LICENSE Licensed under CC BY 4.0 : see CAreadme.txt

0 BFC CERTIFY CCW

0 !HISTORY 2011-07-25 [PTadmin] Official Update 2011-01


0 // Stud Group 4 x 4
1 16 0 0 0 1 0 0 0 1 0 0 0 1 stug-4x4.dat

0 FILE 1-4edge.dat
0 Circle 0.25
0 Name: 1-4edge.dat
0 Author: James Jessiman
0 !LDRAW_ORG Primitive UPDATE 2017-01
0 !LICENSE Licensed under CC BY 4.0 : see CAreadme.txt

0 BFC CERTIFY CCW

0 !HISTORY 2007-06-22 [PTadmin] Header formatted for Contributor Agreement
0 !HISTORY 2008-07-01 [PTadmin] Official Update 2008-01
0 !HISTORY 2017-01-15 [Steffen] BFCed
0 !HISTORY 2017-12-30 [PTadmin] Official Update 2017-01


2 24 1 0 0 0.9239 0 0.3827
2 24 0.9239 0 0.3827 0.7071 0 0.7071
2 24 0.7071 0 0.7071 0.3827 0 0.9239
2 24 0.3827 0 0.9239 0 0 1

0 FILE 1-4cyli.dat
0 Cylinder 0.25
0 Name: 1-4cyli.dat
0 Author: James Jessiman
0 !LDRAW_ORG Primitive UPDATE 2012-01
0 !LICENSE Licensed under CC BY 4.0 : see CAreadme.txt

0 BFC CERTIFY CCW

0 !HISTORY 2002-03-23 [sbliss] Added BFC statement.
0 !HISTORY 2002-04-25 [PTadmin] Official Update 2002-02
0 !HISTORY 2007-06-22 [PTadmin] Header formatted for Contributor Agreement
0 !HISTORY 2008-07-01 [PTadmin] Official Update 2008-01
0 !HISTORY 2012-02-16 [Philo] Changed to CCW
0 !HISTORY 2012-03-30 [PTadmin] Official Update 2012-01


4 16 1 1 0 0.9239 1 0.3827 0.9239 0 0.3827 1 0 0
5 24 1 0 0 1 1 0 0.9239 0 0.3827 1 0 -1
4 16 0.9239 1 0.3827 0.7071 1 0.7071 0.7071 0 0.7071 0.9239 0 0.3827
5 24 0.9239 0 0.3827 0.9239 1 0.3827 0.7071 0 0.7071 1 0 0
4 16 0.7071 1 0.7071 0.3827 1 0.9239 0.3827 0 0.9239 0.7071 0 0.7071
5 24 0.7071 0 0.7071 0.7071 1 0.7071 0.3827 0 0.9239 0.9239 0 0.3827
4 16 0.3827 1 0.9239 0 1 1 0 0 1 0.3827 0 0.9239
5 24 0.3827 0 0.9239 0.3827 1 0.9239 0 0 1 0.7071 0 0.7071
5 24 0 0 1 0 1 1 0.3827 0 0.9239 -1 0 1

0 FILE box5.dat
0 Box with 5 Faces and All Edges
0 Name: box5.dat
0 Author: James Jessiman
0 !LDRAW_ORG Primitive UPDATE 2012-01
0 !LICENSE Licensed under CC BY 4.0 : see CAreadme.txt

0 BFC CERTIFY CCW

0 !HISTORY 2002-04-03 [sbliss] Modified for BFC compliance
0 !HISTORY 2002-04-25 [PTadmin] Official Update 2002-02
0 !HISTORY 2007-06-24 [PTadmin] Header formatted for Contributor Agreement
0 !HISTORY 2008-07-01 [PTadmin] Official Update 2008-01
0 !HISTORY 2012-02-16 [Philo] Changed to CCW
0 !HISTORY 2012-03-30 [PTadmin] Official Update 2012-01


2 24 1 1 1 -1 1 1
2 24 -1 1 1 -1 1 -1
2 24 -1 1 -1 1 1 -1
2 24 1 1 -1 1 1 1
2 24 1 0 1 -1 0 1
2 24 -1 0 1 -1 0 -1
2 24 -1 0 -1 1 0 -1
2 24 1 0 -1 1 0 1
2 24 1 0 1 1 1 1
2 24 -1 0 1 -1 1 1
2 24 1 0 -1 1 1 -1
2 24 -1 0 -1 -1 1 -1
4 16 -1 1 1 1 1 1 1 1 -1 -1 1 -1
4 16 -1 1 1 -1 0 1 1 0 1 1 1 1
4 16 -1 1 -1 -1 0 -1 -1 0 1 -1 1 1
4 16 1 1 -1 1 0 -1 -1 0 -1 -1 1 -1
4 16 1 1 1 1 0 1 1 0 -1 1 1 -1

0 FILE box4.dat
0 Box with 4 Faces (2 Parallel Pairs) and All Edges
0 Name: box4.dat
0 Author: James Jessiman
0 !LDRAW_ORG Primitive UPDATE 2012-01
0 !LICENSE Licensed under CC BY 4.0 : see CAreadme.txt

0 BFC CERTIFY CCW

0 !HISTORY 2002-04-03 [sbliss] Modified for BFC compliance
0 !HISTORY 2002-04-25 [PTadmin] Official Update 2002-02
0 !HISTORY 2007-06-24 [PTadmin] Header formatted for Contributor Agreement
0 !HISTORY 2008-07-01 [PTadmin] Official Update 2008-01
0 !HISTORY 2012-02-16 [Philo] Changed to CCW
0 !HISTORY 2012-03-30 [PTadmin] Official Update 2012-01


2 24 1 1 1 -1 1 1
2 24 -1 1 1 -1 1 -1
2 24 -1 1 -1 1 1 -1
2 24 1 1 -1 1 1 1
2 24 1 0 1 -1 0 1
2 24 -1 0 1 -1 0 -1
2 24 -1 0 -1 1 0 -1
2 24 1 0 -1 1 0 1
2 24 1 0 1 1 1 1
2 24 -1 0 1 -1 1 1
2 24 1 0 -1 1 1 -1
2 24 -1 0 -1 -1 1 -1
4 16 -1 1 1 -1 0 1 1 0 1 1 1 1
4 16 -1 1 -1 -1 0 -1 -1 0 1 -1 1 1
4 16 1 1 -1 1 0 -1 -1 0 -1 -1 1 -1
4 16 1 1 1 1 0 1 1 0 -1 1 1 -1

0 FILE rect1.dat
0 Rectangle with 1 Edge
0 Name: rect1.dat
0 Author: Chris Dee [cwdee]
0 !LDRAW_ORG Primitive UPDATE 2010-01
0 !LICENSE Licensed under CC BY 4.0 : see CAreadme.txt

0 BFC CERTIFY CCW

0 !HISTORY 2003-12-19 [PTadmin] Official Update 2003-03
0 !HISTORY 2007-06-24 [PTadmin] Header formatted for Contributor Agreement
0 !HISTORY 2008-07-01 [PTadmin] Official Update 2008-01
0 !HISTORY 2010-01-17 [mikeheide] changed winding to CCW
0 !HISTORY 2010-04-05 [PTadmin] Official Update 2010-01


2 24 1 0 -1 1 0 1
4 16 -1 0 1 -1 0 -1 1 0 -1 1 0 1
0

0 FILE 1-4ring6.dat
0 Ring  6 x 0.25
0 Name: 1-4ring6.dat
0 Author: Franklin W. Cain [fwcain]
0 !LDRAW_ORG Primitive UPDATE 2015-01
0 !LICENSE Licensed under CC BY 4.0 : see CAreadme.txt

0 BFC CERTIFY CCW

0 !HISTORY 2001-12-31 [PTadmin] Official Update 2001-03
0 !HISTORY 2007-06-22 [PTadmin] Header formatted for Contributor Agreement
0 !HISTORY 2008-07-01 [PTadmin] Official Update 2008-01
0 !HISTORY 2012-02-16 [Philo] Changed to CCW
0 !HISTORY 2012-03-30 [PTadmin] Official Update 2012-01
0 !HISTORY 2014-12-25 [MMR1988] Fixed a rounding issue
0 !HISTORY 2015-10-11 [PTadmin] Official Update 2015-01


4 16 7 0 0 6.4673 0 2.6789 5.5434 0 2.2962 6 0 0
4 16 6.4673 0 2.6789 4.9497 0 4.9497 4.2426 0 4.2426 5.5434 0 2.2962
4 16 4.9497 0 4.9497 2.6789 0 6.4673 2.2962 0 5.5434 4.2426 0 4.2426
4 16 2.6789 0 6.4673 0 0 7 0 0 6 2.2962 0 5.5434
0 // Build by Primitive Generator 2

0 FILE 1-4cylo.dat
0 Cylinder Open 0.25
0 Name: 1-4cylo.dat
0 Author: Max Martin Richter [MMR1988]
0 !LDRAW_ORG Primitive UPDATE 2010-03
0 !LICENSE Licensed under CC BY 4.0 : see CAreadme.txt

0 BFC CERTIFY CCW

0 !HISTORY 2010-12-31 [PTadmin] Official Update 2010-03


1 16 0 0 0 1 0 0 0 1 0 0 0 1 1-4edge.dat
1 16 0 1 0 1 0 0 0 1 0 0 0 1 1-4edge.dat
1 16 0 0 0 1 0 0 0 1 0 0 0 1 1-4cyli.dat

0 FILE tri3u1.dat
0 Triangular Prism with 3 Faces without 1 Edge
0 Name: tri3u1.dat
0 Author: Mark Kennedy [mkennedy]
0 !LDRAW_ORG Primitive UPDATE 2010-01
0 !LICENSE Licensed under CC BY 4.0 : see CAreadme.txt

0 BFC CERTIFY CCW

0 !HISTORY 2010-04-05 [PTadmin] Official Update 2010-01


2 24 1 1 0 0 1 1
2 24 0 1 1 0 1 0
2 24 0 1 0 1 1 0
2 24 1 0 0 0 0 1
2 24 0 0 1 0 0 0
2 24 0 0 0 1 0 0
2 24 1 0 0 1 1 0
2 24 0 0 1 0 1 1
4 16 1 1 0 0 1 1 0 0 1 1 0 0
3 16 0 1 0 0 1 1 1 1 0
3 16 1 0 0 0 0 1 0 0 0
0

0 FILE box3u5p.dat
0 Box with  3 Faces without  5 Edges
0 Name: box3u5p.dat
0 Author: Willy Tschager [Holly-Wood]
0 !LDRAW_ORG Primitive UPDATE 2024-01
0 !LICENSE Licensed under CC BY 4.0 : see CAreadme.txt

0 BFC CERTIFY CCW

0 !HISTORY 2009-09-03 [PTadmin] Official Update 2009-02
0 !HISTORY 2024-01-02 [Holly-Wood] Complete re-write, original by WilliamH
0 !HISTORY 2024-01-29 [OrionP] Official Update 2024-01

2 24 1 1 -1 -1 1 -1
2 24 1 0 -1 -1 0 -1
4 16 -1 0 -1 -1 1 -1 1 1 -1 1 0 -1

2 24 -1 1 1 1 1 1
2 24 -1 0 1 1 0 1
4 16 1 0 1 1 1 1 -1 1 1 -1 0 1

2 24 -1 1 1 -1 1 -1
4 16 1 1 1 1 1 -1 -1 1 -1 -1 1 1

2 24 -1 0 1 -1 1 1
2 24 -1 0 -1 -1 1 -1

0 FILE 1-4ndis.dat
0 Disc Negative 0.25
0 Name: 1-4ndis.dat
0 Author: James Jessiman
0 !LDRAW_ORG Primitive UPDATE 2012-01
0 !LICENSE Licensed under CC BY 4.0 : see CAreadme.txt

0 BFC CERTIFY CCW

0 !HISTORY 2002-03-23 [sbliss] Added BFC Statement
0 !HISTORY 2002-04-25 [PTadmin] Official Update 2002-02
0 !HISTORY 2007-06-22 [PTadmin] Header formatted for Contributor Agreement
0 !HISTORY 2008-07-01 [PTadmin] Official Update 2008-01
0 !HISTORY 2012-02-16 [Philo] Changed to CCW
0 !HISTORY 2012-03-30 [PTadmin] Official Update 2012-01


3 16 0.9239 0 0.3827 1 0 0 1 0 1
3 16 0.7071 0 0.7071 0.9239 0 0.3827 1 0 1
3 16 0.3827 0 0.9239 0.7071 0 0.7071 1 0 1
3 16 0 0 1 0.3827 0 0.9239 1 0 1

0 FILE tri3u3.dat
0 Triangular Prism with 3 Faces without 3 Edges
0 Name: tri3u3.dat
0 Author: J.C. Tchang [tchang]
0 !LDRAW_ORG Primitive UPDATE 2013-02
0 !LICENSE Licensed under CC BY 4.0 : see CAreadme.txt

0 BFC CERTIFY CCW

0 !HISTORY 2013-12-23 [PTadmin] Official Update 2013-02


2 24 1 1 0 0 1 1
2 24 0 1 0 1 1 0
2 24 1 0 0 0 0 1
2 24 0 0 0 1 0 0
2 24 1 0 0 1 1 0
2 24 0 0 1 0 1 1
4 16 1 1 0 0 1 1 0 0 1 1 0 0
3 16 0 1 0 0 1 1 1 1 0
3 16 1 0 0 0 0 1 0 0 0

0 FILE rect2a.dat
0 Rectangle with 2 Adjacent Edges
0 Name: rect2a.dat
0 Author: Chris Dee [cwdee]
0 !LDRAW_ORG Primitive UPDATE 2010-01
0 !LICENSE Licensed under CC BY 4.0 : see CAreadme.txt

0 BFC CERTIFY CCW

0 !HISTORY 2003-12-19 [PTadmin] Official Update 2003-03
0 !HISTORY 2007-06-24 [PTadmin] Header formatted for Contributor Agreement
0 !HISTORY 2008-07-01 [PTadmin] Official Update 2008-01
0 !HISTORY 2010-01-17 [mikeheide] changed winding to CCW
0 !HISTORY 2010-04-05 [PTadmin] Official Update 2010-01


2 24 1 0 1 -1 0 1
2 24 1 0 -1 1 0 1
4 16 -1 0 1 -1 0 -1 1 0 -1 1 0 1
0

0 FILE stud2a.dat
0 Stud Open without Base Edges
0 Name: stud2a.dat
0 Author: James Jessiman
0 !LDRAW_ORG Primitive UPDATE 2009-02
0 !LICENSE Licensed under CC BY 4.0 : see CAreadme.txt

0 BFC CERTIFY CCW

0 !HISTORY 1999-07-05 [PTadmin] Official Update 1999-05
0 !HISTORY 2002-04-04 [sbliss] Modified for BFC compliance
0 !HISTORY 2002-04-25 [PTadmin] Official Update 2002-02
0 !HISTORY 2007-06-24 [PTadmin] Header formatted for Contributor Agreement
0 !HISTORY 2008-07-01 [PTadmin] Official Update 2008-01
0 !HISTORY 2009-06-21 [cwdee] Update ring references to 4-4ring
0 !HISTORY 2009-09-03 [PTadmin] Official Update 2009-02


1 16 0 -4 0 4 0 0 0 1 0 0 0 4 4-4edge.dat
1 16 0 -4 0 6 0 0 0 1 0 0 0 6 4-4edge.dat
0 BFC INVERTNEXT
1 16 0 -4 0 4 0 0 0 4 0 0 0 4 4-4cyli.dat
1 16 0 -4 0 6 0 0 0 4 0 0 0 6 4-4cyli.dat
1 16 0 -4 0 2 0 0 0 1 0 0 0 2 4-4ring2.dat
0

0 FILE stug-1x7.dat
0 Stud Group  1 x  7
0 Name: stug-1x7.dat
0 Author: Steffen [Steffen]
0 !LDRAW_ORG Primitive UPDATE 2012-01
0 !LICENSE Licensed under CC BY 4.0 : see CAreadme.txt

0 BFC CERTIFY CCW

0 !HISTORY 2012-03-30 [PTadmin] Official Update 2012-01


1 16 -60 0 0 1 0 0 0 1 0 0 0 1 stud.dat
1 16 -40 0 0 1 0 0 0 1 0 0 0 1 stud.dat
1 16 -20 0 0 1 0 0 0 1 0 0 0 1 stud.dat
1 16 0 0 0 1 0 0 0 1 0 0 0 1 stud.dat
1 16 20 0 0 1 0 0 0 1 0 0 0 1 stud.dat
1 16 40 0 0 1 0 0 0 1 0 0 0 1 stud.dat
1 16 60 0 0 1 0 0 0 1 0 0 0 1 stud.dat

0 FILE 1-4ring4.dat
0 Ring  4 x 0.25
0 Name: 1-4ring4.dat
0 Author: Willy Tschager [Holly-Wood]
0 !LDRAW_ORG Primitive UPDATE 2024-01
0 !LICENSE Licensed under CC BY 4.0 : see CAreadme.txt

0 BFC CERTIFY CCW

0 !HISTORY 2000-09-30 [PTadmin] Official Update 2000-02
0 !HISTORY 2003-08-01 [PTadmin] Official Update 2003-02
0 !HISTORY 2007-06-22 [PTadmin] Header formatted for Contributor Agreement
0 !HISTORY 2008-07-01 [PTadmin] Official Update 2008-01
0 !HISTORY 2012-02-16 [Philo] Changed to CCW
0 !HISTORY 2012-03-30 [PTadmin] Official Update 2012-01
0 !HISTORY 2024-01-06 [Holly-Wood] Complete regeneration, original by bbroich
0 !HISTORY 2024-01-29 [OrionP] Official Update 2024-01

4 16 5 0 0 4.6195 0 1.9135 3.6956 0 1.5308 4 0 0
4 16 4.6195 0 1.9135 3.5355 0 3.5355 2.8284 0 2.8284 3.6956 0 1.5308
4 16 3.5355 0 3.5355 1.9135 0 4.6195 1.5308 0 3.6956 2.8284 0 2.8284
4 16 1.9135 0 4.6195 0 0 5 0 0 4 1.5308 0 3.6956
0 // Build by LDPartEditor (PrimGen 2.X)

0 FILE 1-4ring3.dat
0 Ring  3 x 0.25
0 Name: 1-4ring3.dat
0 Author: Willy Tschager [Holly-Wood]
0 !LDRAW_ORG Primitive UPDATE 2024-01
0 !LICENSE Licensed under CC BY 4.0 : see CAreadme.txt

0 BFC CERTIFY CCW

0 !HISTORY 1999-07-05 [PTadmin] Official Update 1999-05
0 !HISTORY 2003-01-21 [cavehop] Update Added BFC and 1 digit of significance
0 !HISTORY 2003-05-21 [cavehop] Corrected values as indicated by pneaster
0 !HISTORY 2003-06-12 [cavehop] Re-corrected values as indicated by pneaster
0 !HISTORY 2003-08-01 [PTadmin] Official Update 2003-02
0 !HISTORY 2007-06-22 [PTadmin] Header formatted for Contributor Agreement
0 !HISTORY 2008-07-01 [PTadmin] Official Update 2008-01
0 !HISTORY 2012-02-16 [Philo] Changed to CCW
0 !HISTORY 2012-03-30 [PTadmin] Official Update 2012-01
0 !HISTORY 2024-01-04 [Holly-Wood] Complete re-write, original by Karim Nassar
0 !HISTORY 2024-01-29 [OrionP] Official Update 2024-01

4 16 4 0 0 3.6956 0 1.5308 2.7717 0 1.1481 3 0 0
4 16 3.6956 0 1.5308 2.8284 0 2.8284 2.1213 0 2.1213 2.7717 0 1.1481
4 16 2.8284 0 2.8284 1.5308 0 3.6956 1.1481 0 2.7717 2.1213 0 2.1213
4 16 1.5308 0 3.6956 0 0 4 0 0 3 1.1481 0 2.7717
0 // Build by LDPartEditor (PrimGen 2.X)

0 FILE box3u8p.dat
0 Box with 3 Faces and 4 Parallel Edges
0 Name: box3u8p.dat
0 Author: James Jessiman
0 !LDRAW_ORG Primitive UPDATE 2012-01
0 !LICENSE Licensed under CC BY 4.0 : see CAreadme.txt

0 BFC CERTIFY CCW

0 !HISTORY 2002-12-13 [hafhead] Made BFC compliant
0 !HISTORY 2003-08-01 [PTadmin] Official Update 2003-02
0 !HISTORY 2007-06-24 [PTadmin] Header formatted for Contributor Agreement
0 !HISTORY 2008-07-01 [PTadmin] Official Update 2008-01
0 !HISTORY 2012-02-16 [Philo] Changed to CCW
0 !HISTORY 2012-03-30 [PTadmin] Official Update 2012-01


2 24 1 1 1 -1 1 1
2 24 -1 1 -1 1 1 -1
2 24 1 0 1 -1 0 1
2 24 -1 0 -1 1 0 -1
4 16 1 1 -1 -1 1 -1 -1 1 1 1 1 1
4 16 -1 1 1 -1 0 1 1 0 1 1 1 1
4 16 1 1 -1 1 0 -1 -1 0 -1 -1 1 -1

0 FILE parts/s/3003s02.dat
0 ~Brick  2 x  2 without Front and Back Faces
0 Name: s\3003s02.dat
0 Author: Owen Burgoyne [C3POwen]
0 !LDRAW_ORG Subpart UPDATE 2013-02
0 !LICENSE Licensed under CC BY 4.0 : see CAreadme.txt

0 BFC CERTIFY CCW

0 !HISTORY 2013-12-23 [PTadmin] Official Update 2013-02


1 16 0 4 0 1 0 0 0 -5 0 0 0 1 stud4.dat
0 BFC INVERTNEXT
1 16 0 24 0 16 0 0 0 -20 0 0 0 16 box5.dat
4 16 20 24 20 16 24 16 -16 24 16 -20 24 20
4 16 -20 24 20 -16 24 16 -16 24 -16 -20 24 -20
4 16 -20 24 -20 -16 24 -16 16 24 -16 20 24 -20
4 16 20 24 -20 16 24 -16 16 24 16 20 24 20
2 24 20 24 20 -20 24 20
2 24 20 24 -20 -20 24 -20
1 16 0 24 0 0 0 20 0 -24 0 -20 0 0 box3u2p.dat
1 16 0 0 0 1 0 0 0 1 0 0 0 1 stug-2x2.dat

0 FILE box3u2p.dat
0 Box with 3 Faces without 2 Parallel Edges
0 Name: box3u2p.dat
0 Author: Niels Karsdorp [nielsk]
0 !LDRAW_ORG Primitive UPDATE 2012-01
0 !LICENSE Licensed under CC BY 4.0 : see CAreadme.txt

0 BFC CERTIFY CCW

0 !HISTORY 2003-03-12 [PTadmin] Official Update 2003-01
0 !HISTORY 2007-06-24 [PTadmin] Header formatted for Contributor Agreement
0 !HISTORY 2008-07-01 [PTadmin] Official Update 2008-01
0 !HISTORY 2012-02-16 [Philo] Changed to CCW
0 !HISTORY 2012-03-30 [PTadmin] Official Update 2012-01


2 24 1 1 1 -1 1 1
2 24 -1 1 -1 1 1 -1
2 24 1 0 1 -1 0 1
2 24 -1 0 -1 1 0 -1
2 24 1 1 1 1 1 -1
2 24 -1 1 1 -1 1 -1
2 24 1 1 1 1 0 1
2 24 1 1 -1 1 0 -1
2 24 -1 1 1 -1 0 1
2 24 -1 1 -1 -1 0 -1
4 16 -1 1 -1 -1 1 1 1 1 1 1 1 -1
4 16 -1 1 1 -1 0 1 1 0 1 1 1 1
4 16 1 1 -1 1 0 -1 -1 0 -1 -1 1 -1

0 FILE 4-4ring3.dat
0 Ring  3 x 1.0
0 Name: 4-4ring3.dat
0 Author: James Jessiman
0 !LDRAW_ORG Primitive UPDATE 2009-01
0 !LICENSE Licensed under CC BY 4.0 : see CAreadme.txt

0 BFC CERTIFY CCW

0 !HISTORY 1998-12-15 [PTadmin] Official Update 1998-10
0 !HISTORY 2002-04-05 [hafhead] Added BFC statement
0 !HISTORY 2002-04-25 [PTadmin] Official Update 2002-02
0 !HISTORY 2007-06-24 [PTadmin] Header formatted for Contributor Agreement
0 !HISTORY 2008-07-01 [PTadmin] Official Update 2008-01
0 !HISTORY 2008-08-26 [cwdee] Switch polygon winding and rename
0 !HISTORY 2009-05-02 [PTadmin] Official Update 2009-01


4 16 -1.5308 0 3.6956 -1.1481 0 2.7717 0 0 3 0 0 4
4 16 -2.8284 0 2.8284 -2.1213 0 2.1213 -1.1481 0 2.7717 -1.5308 0 3.6956
4 16 -3.6956 0 1.5308 -2.7717 0 1.1481 -2.1213 0 2.1213 -2.8284 0 2.8284
4 16 -4 0 0 -3 0 0 -2.7717 0 1.1481 -3.6956 0 1.5308
4 16 -3.6956 0 -1.5308 -2.7717 0 -1.1481 -3 0 0 -4 0 0
4 16 -2.8284 0 -2.8284 -2.1213 0 -2.1213 -2.7717 0 -1.1481 -3.6956 0 -1.5308
4 16 -1.5308 0 -3.6956 -1.1481 0 -2.7717 -2.1213 0 -2.1213 -2.8284 0 -2.8284
4 16 0 0 -4 0 0 -3 -1.1481 0 -2.7717 -1.5308 0 -3.6956
4 16 1.5308 0 -3.6956 1.1481 0 -2.7717 0 0 -3 0 0 -4
4 16 2.8284 0 -2.8284 2.1213 0 -2.1213 1.1481 0 -2.7717 1.5308 0 -3.6956
4 16 3.6956 0 -1.5308 2.7717 0 -1.1481 2.1213 0 -2.1213 2.8284 0 -2.8284
4 16 4 0 0 3 0 0 2.7717 0 -1.1481 3.6956 0 -1.5308
4 16 3.6956 0 1.5308 2.7717 0 1.1481 3 0 0 4 0 0
4 16 2.8284 0 2.8284 2.1213 0 2.1213 2.7717 0 1.1481 3.6956 0 1.5308
4 16 1.5308 0 3.6956 1.1481 0 2.7717 2.1213 0 2.1213 2.8284 0 2.8284
4 16 0 0 4 0 0 3 1.1481 0 2.7717 1.5308 0 3.6956
0

0 FILE filstud3.dat
0 Stud Filler with 3 Ribs for Hollow Studs
0 Name: filstud3.dat
0 Author: Magnus Forsberg [MagFors]
0 !LDRAW_ORG Primitive UPDATE 2012-03
0 !LICENSE Licensed under CC BY 4.0 : see CAreadme.txt

0 BFC CERTIFY CCW

0 !HISTORY 2012-12-28 [PTadmin] Official Update 2012-03


1 16 0 4 0 4 0 0 0 1 0 0 0 4 3-16edge.dat
1 16 0 4 0 -1.5307 0 -3.6955 0 1 0 3.6955 0 -1.5307 3-16edge.dat
1 16 0 4 0 -2.8284 0 2.8284 0 1 0 -2.8284 0 -2.8284 1-4edge.dat
2 24 1 4 3.801 1.5307 4 3.6955
2 24 -1 4 3.801 -1.5307 4 3.6955
2 24 -3.794 4 -1.036 -4 4 0
2 24 3.794 4 -1.036 4 4 0
4 16 0 4 0 0 4 4 1 4 3.801 1 4 0.577
4 16 0 4 0 -1 4 0.577 -1 4 3.801 0 4 4
4 16 0 4 0 -3.6955 4 -1.5307 -3.794 4 -1.036 -1 4 0.577
4 16 0 4 0 0 4 -1.1545 -2.8284 4 -2.8284 -3.6955 4 -1.5307
4 16 0 4 0 3.6955 4 -1.5307 2.8284 4 -2.8284 0 4 -1.1545
4 16 0 4 0 1 4 0.577 3.794 4 -1.036 3.6955 4 -1.5307
0 //
0 BFC INVERTNEXT
1 16 2.397 2 1.3825 0 -1.397 0 -2 0 0 0 0.8065 -1.612 box2-5.dat
0 BFC INVERTNEXT
1 16 -2.397 2 1.3825 0 1.397 0 2 0 0 0 0.8065 -1.612 box2-5.dat
0 BFC INVERTNEXT
1 16 0 2 -2.8284 0 1.4142 -1.4142 -2 0 0 0 0.83695 0.83695 box2-5.dat
0 BFC INVERTNEXT
1 16 0 0 0 4 0 0 0 4 0 0 0 4 3-16cyli.dat
0 BFC INVERTNEXT
1 16 0 0 0 -1.5307 0 -3.6955 0 4 0 3.6955 0 -1.5307 3-16cyli.dat
0 BFC INVERTNEXT
1 16 0 0 0 -2.8284 0 2.8284 0 4 0 -2.8284 0 -2.8284 1-4cyli.dat
4 16 1 4 3.801 1.5307 4 3.6955 1.5307 0 3.6955 1 0 3.801
4 16 -1 0 3.801 -1.5307 0 3.6955 -1.5307 4 3.6955 -1 4 3.801
4 16 -3.794 4 -1.036 -4 4 0 -4 0 0 -3.794 0 -1.036
4 16 3.794 0 -1.036 4 0 0 4 4 0 3.794 4 -1.036
5 24 1.5307 4 3.6955 1.5307 0 3.6955 1 0 3.801 2.8284 0 2.8284
5 24 -1.5307 4 3.6955 -1.5307 0 3.6955 -1 0 3.801 -2.82848 0 2.82847
5 24 -4 4 0 -4 0 0 -3.794 0 -1.036 -3.69545 0 1.53073
5 24 4 4 0 4 0 0 3.794 0 -1.036 3.6956 0 1.5308
0 //
2 24 1 0 3.801 0 0 4
2 24 0 0 4 -1 0 3.801
2 24 -3.794 0 -1.036 -3.6955 0 -1.5307
2 24 -2.8284 0 -2.8284 -3.6955 0 -1.5307
2 24 3.794 0 -1.036 3.6955 0 -1.5307
2 24 2.8284 0 -2.8284 3.6955 0 -1.5307
4 16 0 0 0 1 0 0.577 1 0 3.801 0 0 4
4 16 0 0 0 0 0 4 -1 0 3.801 -1 0 0.577
4 16 0 0 0 -1 0 0.577 -3.794 0 -1.036 -3.6955 0 -1.5307
4 16 0 0 0 -3.6955 0 -1.5307 -2.8284 0 -2.8284 0 0 -1.1545
4 16 0 0 0 0 0 -1.1545 2.8284 0 -2.8284 3.6955 0 -1.5307
4 16 0 0 0 3.6955 0 -1.5307 3.794 0 -1.036 1 0 0.577

0 FILE 2-4cyli.dat
0 Cylinder 0.5
0 Name: 2-4cyli.dat
0 Author: James Jessiman
0 !LDRAW_ORG Primitive UPDATE 2005-01
0 !LICENSE Licensed under CC BY 4.0 : see CAreadme.txt

0 BFC CERTIFY CCW

0 !HISTORY 2002-03-23 [sbliss] Added BFC statement; compacted code
0 !HISTORY 2002-04-25 [PTadmin] Official Update 2002-02
0 !HISTORY 2004-12-11 [nielsk] Recreated using Primitive Generator, Edge lines fixed, BFC changed to CCW
0 !HISTORY 2005-12-28 [PTadmin] Official Update 2005-01
0 !HISTORY 2007-06-24 [PTadmin] Header formatted for Contributor Agreement
0 !HISTORY 2008-07-01 [PTadmin] Official Update 2008-01


4 16 .9239 1 .3827 .9239 0 .3827 1 0 0 1 1 0
4 16 .7071 1 .7071 .7071 0 .7071 .9239 0 .3827 .9239 1 .3827
4 16 .3827 1 .9239 .3827 0 .9239 .7071 0 .7071 .7071 1 .7071
4 16 0 1 1 0 0 1 .3827 0 .9239 .3827 1 .9239
4 16 -.3827 1 .9239 -.3827 0 .9239 0 0 1 0 1 1
4 16 -.7071 1 .7071 -.7071 0 .7071 -.3827 0 .9239 -.3827 1 .9239
4 16 -.9239 1 .3827 -.9239 0 .3827 -.7071 0 .7071 -.7071 1 .7071
4 16 -1 1 0 -1 0 0 -.9239 0 .3827 -.9239 1 .3827
5 24 1 1 0 1 0 0 1 1 -.4142 .9239 1 .3827
5 24 .9239 1 .3827 .9239 0 .3827 1 1 0 .7071 1 .7071
5 24 .7071 1 .7071 .7071 0 .7071 .9239 1 .3827 .3827 1 .9239
5 24 .3827 1 .9239 .3827 0 .9239 .7071 1 .7071 0 1 1
5 24 0 1 1 0 0 1 .3827 1 .9239 -.3827 1 .9239
5 24 -.3827 1 .9239 -.3827 0 .9239 0 1 1 -.7071 1 .7071
5 24 -.7071 1 .7071 -.7071 0 .7071 -.3827 1 .9239 -.9239 1 .3827
5 24 -.9239 1 .3827 -.9239 0 .3827 -.7071 1 .7071 -1 1 0
5 24 -1 1 0 -1 0 0 -.9239 1 .3827 -1 1 -.4142
0

0 FILE parts/s/973s01.dat
0 ~Minifig Torso without Front or Back
0 Name: s\973s01.dat
0 Author: Steve Bliss [sbliss]
0 !LDRAW_ORG Subpart UPDATE 2018-02
0 !LICENSE Licensed under CC BY 4.0 : see CAreadme.txt

0 BFC CERTIFY CCW

0 !HISTORY 1999-04-16 [sbliss] Moved to s\973s01.dat; removed back area; updated comment code
0 !HISTORY 1999-04-19 [sbliss] Fixed internal surface error
0 !HISTORY 1999-05-17 [PTadmin] Official Update 1999-03
0 !HISTORY 1999-05-24 [PTadmin] Official Update 1999-04
0 !HISTORY 2000-11-05 [cwdee] Removed hard-coded neck mark; now required in main part
0 !HISTORY 2001-10-26 [PTadmin] Official Update 2001-01
0 !HISTORY 2002-02-05 [cwdee] Corrected L3P -check warnings; bow-tie quads mainly
0 !HISTORY 2002-02-18 [PTadmin] Official Update 2002-01
0 !HISTORY 2002-02-19 [sbliss] Made it fully BFC compliant
0 !HISTORY 2002-04-25 [PTadmin] Official Update 2002-02
0 !HISTORY 2007-09-14 [PTadmin] Header formatted for Contributor Agreement
0 !HISTORY 2008-07-01 [PTadmin] Official Update 2008-01
0 !HISTORY 2018-11-15 [Steffen] minor polish
0 !HISTORY 2018-11-17 [Philo] Removed bottom bleeding, useless t-juctions, used more primitives
0 !HISTORY 2018-12-08 [PTadmin] Official Update 2018-02


0 // front:
0 // 4 16 -19 29 -10 19 32 -10 -19 32 -10 19 29 -10
0 // 4 16 19 29 -10 -19 29 -10 -14.345 2 -10 14.345 2 -10
0 // 4 16 -14.345 2 -10 -12 0 -10 12 0 -10 14.345 2 -10
0 // back:
0 // 4 16 19 29 10 -19 32 10 19 32 10 -19 29 10
0 // 4 16 -19 29 10 19 29 10 -14.345 2 10 14.345 2 10
0 // 4 16 -14.345 2 10 12 0 10 -12 0 10 14.345 2 10
0 // neck mark:
0 // 1 16 0 -4 0 4.243 0 -4.243 0 -8 0 -4.243 0 -4.243 1-4cyli.dat

2 24 -19 32 -10 19 32 -10
2 24 19 32 10 -19 32 10
2 24 -16 32 -6 -6.536 32 -6
2 24 6.536 32 -6 16 32 -6
2 24 16 32 6 6.536 32 6
2 24 -6.536 32 6 -16 32 6
2 24 -6.536 32 -6 -6.536 3 -6
2 24 6.536 32 -6 6.536 3 -6
2 24 -6.536 32 6 -6.536 3 6
2 24 6.536 32 6 6.536 3 6
2 24 -12.484 3 -6 -6.536 3 -6
2 24 6.536 3 -6 12.484 3 -6
2 24 12.484 3 6 6.536 3 6
2 24 -6.536 3 6 -12.484 3 6
2 24 -12.484 3 -6 -16 23.37 -6
2 24 -12.484 3 6 -16 23.37 6
2 24 12.484 3 6 16 23.37 6
2 24 12.484 3 -6 16 23.37 -6
2 24 -19 29 -10 -14.345 2 -10
2 24 -19 29 10 -14.345 2 10
2 24 19 29 -10 14.345 2 -10
2 24 19 29 10 14.345 2 10
2 24 -14.345 2 -10 -14 0 -8
2 24 -14.345 2 -10 -12 0 -10
2 24 -14.345 2 10 -14 0 8
2 24 -14.345 2 10 -12 0 10
2 24 14.345 2 -10 14 0 -8
2 24 14.345 2 -10 12 0 -10
2 24 14.345 2 10 14 0 8
2 24 14.345 2 10 12 0 10
2 24 -14 0 -8 -14 0 8
2 24 -14 0 8 -12 0 10
2 24 12 0 10 14 0 8
2 24 14 0 8 14 0 -8
2 24 14 0 -8 12 0 -10
2 24 -12 0 -10 -14 0 -8
4 16 16 32 -6 19 32 -10 -19 32 -10 -16 32 -6
4 16 16 32 6 19 32 10 19 32 -10 16 32 -6
4 16 -16 32 6 -19 32 10 19 32 10 16 32 6
4 16 -16 32 -6 -19 32 -10 -19 32 10 -16 32 6
1 16 -16 27.685 0 0 -1 0 0 0 -4.315 6 0 0 rect.dat
1 16 16 27.685 0 0 1 0 4.315 0 0 0 0 -6 rect.dat
1 16 0 3 0 0 0 -12.484 0 -1 0 -6 0 0 rect2p.dat
1 16 19 30.5 0 0 -1 0 0 0 -1.5 10 0 0 rect.dat
1 16 -19 30.5 0 0 1 0 0 0 -1.5 -10 0 0 rect.dat
4 16 -14 0 8 -14.345 2 10 -14.345 2 -10 -14 0 -8
4 16 14.345 2 -10 14.345 2 10 14 0 8 14 0 -8
4 16 -14 0 -8 -12 0 -10 -12 0 10 -14 0 8
1 16 0 0 0 -12 0 0 0 1 0 0 0 -10 rect2p.dat
4 16 14 0 8 12 0 10 12 0 -10 14 0 -8
3 16 -14 0 -8 -14.345 2 -10 -12 0 -10
3 16 14 0 -8 12 0 -10 14.345 2 -10
3 16 14 0 8 14.345 2 10 12 0 10
3 16 -14 0 8 -12 0 10 -14.345 2 10
1 16 0 0 0 6 0 0 0 1 0 0 0 6 4-4edge.dat
1 16 0 -12 0 6 0 0 0 1 0 0 0 6 4-4edge.dat
1 16 0 0 0 6 0 0 0 -4 0 0 0 6 4-4cyli.dat
1 16 0 -4 0 4.243 0 4.243 0 -8 0 -4.243 0 4.243 3-4cyli.dat
1 16 0 -12 0 6 0 0 0 1 0 0 0 6 4-4disc.dat
0 BFC INVERTNEXT
1 16 13.558 9.221 0 0.85 1.97 0 4.925 -0.34 0 0 0 5 4-4cylo.dat
1 16 13.558 9.221 0 0.85 0 0 4.925 -1 0 0 0 5 4-4ndis.dat
1 16 15.528 8.881 0 0.85 0 0 4.925 1 0 0 0 5 4-4ndis.dat

0 BFC INVERTNEXT
1 16 -13.558 9.221 0 -0.85 -1.97 0 4.925 -0.34 0 0 0 5 4-4cylo.dat
1 16 -13.558 9.221 0 -0.85 0 0 4.925 -1 0 0 0 5 4-4ndis.dat
1 16 -15.528 8.881 0 -0.85 0 0 4.925 1 0 0 0 5 4-4ndis.dat
4 16 -14.345 2 10 -14.678 3.956 5 -14.678 3.956 -5 -14.345 2 -10
4 16 -19 29 -10 -14.345 2 -10 -14.678 3.956 -5 -16.378 13.806 -5
4 16 -19 29 -10 -16.378 13.806 -5 -16.378 13.806 5 -19 29 10
4 16 -19 29 10 -16.378 13.806 5 -14.678 3.956 5 -14.345 2 10
4 16 -12.484 3 -6 -12.708 4.296 -5 -12.708 4.296 5 -12.484 3 6
4 16 -12.484 3 6 -12.708 4.296 5 -14.408 14.146 5 -16 23.37 6
4 16 -16 23.37 -6 -16 23.37 6 -14.408 14.146 5 -14.408 14.146 -5
4 16 -16 23.37 -6 -14.408 14.146 -5 -12.708 4.296 -5 -12.484 3 -6
4 16 14.678 3.956 -5 14.678 3.956 5 14.345 2 10 14.345 2 -10
4 16 14.678 3.956 -5 14.345 2 -10 19 29 -10 16.378 13.806 -5
4 16 16.378 13.806 5 16.378 13.806 -5 19 29 -10 19 29 10
4 16 14.678 3.956 5 16.378 13.806 5 19 29 10 14.345 2 10
4 16 12.708 4.296 5 12.708 4.296 -5 12.484 3 -6 12.484 3 6
4 16 14.408 14.146 5 12.708 4.296 5 12.484 3 6 16 23.37 6
4 16 14.408 14.146 5 16 23.37 6 16 23.37 -6 14.408 14.146 -5
4 16 12.708 4.296 -5 14.408 14.146 -5 16 23.37 -6 12.484 3 -6
1 16 4 3 3.464 2.536 0 0 0 29 0 2.536 0 2.536 tri3a4.dat
1 16 -4 3 3.464 -2.536 0 0 0 29 0 2.536 0 2.536 tri3a4.dat
1 16 4 3 -3.464 2.536 0 0 0 29 0 -2.536 0 -2.536 tri3a4.dat
1 16 -4 3 -3.464 -2.536 0 0 0 29 0 -2.536 0 -2.536 tri3a4.dat
4 16 -6.536 32 -6 -16 32 -6 -12.484 3 -6 -6.536 3 -6
3 16 -16 23.37 -6 -12.484 3 -6 -16 32 -6
4 16 12.484 3 -6 16 32 -6 6.536 32 -6 6.536 3 -6
3 16 12.484 3 -6 16 23.37 -6 16 32 -6
1 16 0 17.5 -6 -4 0 0 0 0 -14.5 0 -1 0 rect.dat
4 16 -12.484 3 6 -16 32 6 -6.536 32 6 -6.536 3 6
3 16 -12.484 3 6 -16 23.37 6 -16 32 6
4 16 6.536 32 6 16 32 6 12.484 3 6 6.536 3 6
3 16 16 23.37 6 12.484 3 6 16 32 6
1 16 0 17.5 6 0 0 4 14.5 0 0 0 1 0 rect.dat

0 FILE 2-4cylo.dat
0 Cylinder Open 0.5
0 Name: 2-4cylo.dat
0 Author: Max Martin Richter [MMR1988]
0 !LDRAW_ORG Primitive UPDATE 2010-03
0 !LICENSE Licensed under CC BY 4.0 : see CAreadme.txt

0 BFC CERTIFY CCW

0 !HISTORY 2010-12-31 [PTadmin] Official Update 2010-03


1 16 0 0 0 1 0 0 0 1 0 0 0 1 2-4edge.dat
1 16 0 1 0 1 0 0 0 1 0 0 0 1 2-4edge.dat
1 16 0 0 0 1 0 0 0 1 0 0 0 1 2-4cyli.dat

0 FILE 2-4ring2.dat
0 Ring  2 x 0.5
0 Name: 2-4ring2.dat
0 Author: Chris Dee [cwdee]
0 !LDRAW_ORG Primitive UPDATE 2012-01
0 !LICENSE Licensed under CC BY 4.0 : see CAreadme.txt

0 BFC CERTIFY CCW

0 !HISTORY 2001-10-26 [PTadmin] Official Update 2001-01
0 !HISTORY 2007-06-24 [PTadmin] Header formatted for Contributor Agreement
0 !HISTORY 2008-07-01 [PTadmin] Official Update 2008-01
0 !HISTORY 2012-02-16 [Philo] Changed to CCW
0 !HISTORY 2012-03-30 [PTadmin] Official Update 2012-01


4 16 3 0 0 2.7717 0 1.1481 1.8478 0 0.7654 2 0 0
4 16 2.7717 0 1.1481 2.1213 0 2.1213 1.4142 0 1.4142 1.8478 0 0.7654
4 16 2.1213 0 2.1213 1.1481 0 2.7717 0.7654 0 1.8478 1.4142 0 1.4142
4 16 1.1481 0 2.7717 0 0 3 0 0 2 0.7654 0 1.8478
4 16 0 0 3 -1.1481 0 2.7717 -0.7654 0 1.8478 0 0 2
4 16 -1.1481 0 2.7717 -2.1213 0 2.1213 -1.4142 0 1.4142 -0.7654 0 1.8478
4 16 -2.1213 0 2.1213 -2.7717 0 1.1481 -1.8478 0 0.7654 -1.4142 0 1.4142
4 16 -2.7717 0 1.1481 -3 0 0 -2 0 0 -1.8478 0 0.7654

0 FILE knob1.dat
0 Minifig Arm Knob
0 Name: knob1.dat
0 Author: Philippe Hurbain [Philo]
0 !LDRAW_ORG Primitive UPDATE 2020-01
0 !LICENSE Licensed under CC BY 4.0 : see CAreadme.txt

0 BFC CERTIFY CCW

0 !HISTORY 2020-06-28 [PTadmin] Official Update 2020-01


1 16 -3 0 0 0 1 0 2 0 0 0 0 -2 4-4edge.dat
1 16 -3 0 0 0 -1 0 2 0 0 0 0 -2 4-4disc.dat
0 BFC INVERTNEXT
1 16 -3 0 0 0 5 0 2 0 0 0 0 -2 4-4cyli.dat
1 16 7 0 0 0 1 0 2 0 0 0 0 2 3-4edge.dat
0 BFC INVERTNEXT
1 16 7 0 0 0 -5 0 2 0 0 0 0 2 3-4cyli.dat
1 16 7 0 0 0 -1 0 2 0 0 0 0 2 3-4ring1.dat
1 16 7 0 0 0 -1 0 4 0 0 0 0 4 3-4edge.dat
1 16 0 0 0 0 2 0 5 0 0 0 0 -5 4-4cylo.dat
1 16 3.5 0 0 0 -1.5 0 0.5 0 0 0 0 0.5 2-4con10.dat
1 16 5 0 0 0 1 0 0.5 0 0 0 0 0.5 2-4con10.dat
1 16 6 0 0 0 1 0 1 0 0 0 0 1 2-4con4.dat
1 16 3.5 0 0 0 -1.5 0 -0.5 0 0 0 0 -0.5 1-4con10.dat
1 16 5 0 0 0 1 0 -0.5 0 0 0 0 -0.5 1-4con10.dat
1 16 6 0 0 0 1 0 -1 0 0 0 0 -1 1-4con4.dat
1 16 3.5 0 0 0 1.5 0 5.5 0 0 0 0 5.5 3-4cyli.dat

4 16 2 5 0 3.5 5.5 0 3.5 5.0813 -2.1043 2 4.6194 -1.9134
4 16 3.5 5.5 0 5 5.5 0 5 5.0813 -2.1043 3.5 5.0813 -2.1043
4 16 5 5.5 0 6 5 0 6 4.6188 -1.9134 5 5.0813 -2.1043
4 16 6 5 0 7 4 0 7 3.696 -1.5309 6 4.6188 -1.9134
4 16 2 4.6194 -1.9134 3.5 5.0813 -2.1043 5 5.0813 -2.1043 6 4.6188 -1.9134
4 16 2 4.6194 -1.9134 6 4.6188 -1.9134 7 3.696 -1.5309 2 3.6956 -1.5307
4 16 2 2 0 2 3.6956 -1.5307 7 3.696 -1.5309 7 2 0
3 16 7 2 0 7 3.696 -1.5309 7 4 0
2 24 2 2 0 2 3.6956 -1.5307
2 24 2 3.6956 -1.5307 2 4.6194 -1.9134
2 24 2 4.6194 -1.9134 3.5 5.0813 -2.1043
2 24 3.5 5.0813 -2.1043 5 5.0813 -2.1043
2 24 5 5.0813 -2.1043 6 4.6188 -1.9134
2 24 6 4.6188 -1.9134 7 3.696 -1.5309
2 24 7 3.696 -1.5309 7 2 0
2 24 7 3.696 -1.5309 7 4 0
2 24 2 2 0 7 2 0
4 16 3.5 2.1043 -5.0813 3.5 0 -5.5 2 0 -5 2 1.9134 -4.6194
4 16 5 2.1043 -5.0813 5 0 -5.5 3.5 0 -5.5 3.5 2.1043 -5.0813
4 16 6 1.9134 -4.6188 6 0 -5 5 0 -5.5 5 2.1043 -5.0813
4 16 7 1.5309 -3.696 7 0 -4 6 0 -5 6 1.9134 -4.6188
4 16 5 2.1043 -5.0813 3.5 2.1043 -5.0813 2 1.9134 -4.6194 6 1.9134 -4.6188
4 16 7 1.5309 -3.696 6 1.9134 -4.6188 2 1.9134 -4.6194 2 1.5307 -3.6956
4 16 7 1.5309 -3.696 2 1.5307 -3.6956 2 0 -2 7 0 -2
2 24 2 0 -2 2 1.5307 -3.6956
2 24 2 1.5307 -3.6956 2 1.9134 -4.6194
2 24 2 1.9134 -4.6194 3.5 2.1043 -5.0813
2 24 3.5 2.1043 -5.0813 5 2.1043 -5.0813
2 24 5 2.1043 -5.0813 6 1.9134 -4.6188
2 24 6 1.9134 -4.6188 7 1.5309 -3.696
2 24 7 1.5309 -3.696 7 0 -2
3 16 7 1.5309 -3.696 7 0 -2 7 0 -4
2 24 2 0 -2 7 0 -2
1 16 2 0 0 0 1 0 0 0 2 -2 0 0 1-4edge.dat
1 16 2 0 0 0 -1 0 0 0 2 -2 0 0 1-4ndis.dat
1 16 2 0 0 0 -1 0 4.6194 0 -1.9134 -1.9134 0 -4.6194 1-8chrd.dat
4 16 2 4.6194 -1.9134 2 3.6956 -1.5307 2 1.5307 -3.6956 2 1.9134 -4.6194
3 16 2 2 -2 2 1.5307 -3.6956 2 3.6956 -1.5307
3 16 2 2 -2 2 3.6956 -1.5307 2 2 0
3 16 2 1.5307 -3.6956 2 2 -2 2 0 -2
2 24 7 0 -4 7 1.5309 -3.696
0 // Added lines/Condlines
5 24 5 -5.0813 -2.1043 5 -5.5 0 6 -4.6188 -1.9134 3.5 -5.5 0
5 24 5 5.5 0 5 5.0813 -2.1043 6 5 0 3.5 5.0813 -2.1043
5 24 6 -3.5355 3.5355 6 -1.9136 4.6194 7 -2.8284 2.8284 5 -2.1045 5.0813
5 24 3.5 -5.0813 -2.1043 3.5 -3.8891 -3.8891 2 -4.6195 -1.9134 5 -3.8891 -3.8891
5 24 3.5 -2.1045 5.0813 3.5 -3.8891 3.8891 5 -3.8891 3.8891 2 -1.9134 4.6195
5 24 6 4.6188 1.9134 6 5 0 7 3.6956 1.5308 5 5.5 0
5 24 6 1.9134 4.6188 6 0 5 5 2.1043 5.0813 7 0 4
5 24 5 3.8891 3.8891 5 5.0813 2.1043 6 3.5355 3.5355 3.5 5.0813 2.1043
5 24 6 0 -5 5 0 -5.5 5 2.1043 -5.0813 6 -1.9134 -4.6188
5 24 3.5 5.5 0 2 5 0 2 4.6195 1.9134 3.5 5.0813 -2.1043
5 24 6 -4.6189 1.9132 6 -5 0 5 -5.0811 2.1046 7 -4 0
5 24 5 -3.8891 -3.8891 5 -5.0813 -2.1043 6 -3.5355 -3.5355 3.5 -5.0813 -2.1043
5 24 3.5 -3.8891 3.8891 3.5 -5.0811 2.1046 2 -3.5355 3.5355 5 -5.0811 2.1046
5 24 7 4 0 6 5 0 7 3.696 -1.5309 6 4.6188 1.9134
5 24 3.5 -2.1043 -5.0813 3.5 0 -5.5 5 0 -5.5 2 -1.9134 -4.6195
5 24 6 -4.6188 -1.9134 6 -5 0 7 -3.6956 -1.5308 5 -5.5 0
5 24 6 3.5355 3.5355 6 1.9134 4.6188 5 3.8891 3.8891 7 1.5308 3.6956
5 24 3.5 -5.0813 -2.1043 3.5 -5.5 0 2 -5 0 5 -5.0813 -2.1043
5 24 6 5 0 6 4.6188 -1.9134 5 5.0813 -2.1043 7 4 0
5 24 5 -5.5 0 5 -5.0811 2.1046 6 -5 0 3.5 -5.0811 2.1046
5 24 5 2.1043 5.0813 5 3.8891 3.8891 6 1.9134 4.6188 3.5 3.8891 3.8891
5 24 5 -2.1043 -5.0813 5 -3.8891 -3.8891 3.5 -3.8891 -3.8891 6 -1.9134 -4.6188
5 24 6 -3.5355 -3.5355 6 -4.6188 -1.9134 7 -2.8284 -2.8284 5 -5.0813 -2.1043
5 24 3.5 0 -5.5 3.5 2.1043 -5.0813 2 0 -5 5 2.1043 -5.0813
5 24 2 0 -5 3.5 0 -5.5 2 1.9134 -4.6194 3.5 -2.1043 -5.0813
5 24 5 0 -5.5 5 -2.1043 -5.0813 6 0 -5 3.5 -2.1043 -5.0813
5 24 5 5.5 0 6 5 0 6 4.6188 -1.9134 5 5.0813 2.1043
5 24 3.5 5.0813 2.1043 3.5 5.5 0 2 5 0 5 5.0813 2.1043
5 24 3.5 2.1043 5.0813 3.5 3.8891 3.8891 5 2.1043 5.0813 2 3.5355 3.5355
5 24 2 1.5307 -3.6956 7 1.5309 -3.696 2 0 -2 6 1.9134 -4.6188
5 24 5 2.1043 -5.0813 5 0 -5.5 6 1.9134 -4.6188 3.5 0 -5.5
5 24 6 0 -5 7 0 -4 6 1.9134 -4.6188 7 -1.5308 -3.6956
5 24 3.5 0 5.5 3.5 -2.1045 5.0813 5 -2.1045 5.0813 2 0 5
5 24 5 0 5.5 5 2.1043 5.0813 6 0 5 3.5 2.1043 5.0813
5 24 3.5 0 5.5 3.5 2.1043 5.0813 2 1.9134 4.6195 5 0 5.5
5 24 3.5 5.5 0 3.5 5.0813 -2.1043 5 5.5 0 2 4.6194 -1.9134
5 24 6 4.6188 1.9134 6 3.5355 3.5355 7 2.8284 2.8284 5 5.0813 2.1043
5 24 6 -1.9134 -4.6188 6 -3.5355 -3.5355 5 -3.8891 -3.8891 7 -1.5308 -3.6956
5 24 3.5 -3.8891 -3.8891 3.5 -2.1043 -5.0813 2 -3.5355 -3.5355 5 -2.1043 -5.0813
5 24 5 0 -5.5 3.5 0 -5.5 3.5 2.1043 -5.0813 5 -2.1043 -5.0813
5 24 6 -3.5355 3.5355 6 -4.6189 1.9132 5 -3.8891 3.8891 7 -3.6956 1.5308
5 24 5 -2.1045 5.0813 5 -3.8891 3.8891 6 -3.5355 3.5355 3.5 -2.1045 5.0813
5 24 6 -1.9136 4.6194 6 0 5 5 0 5.5 7 -1.5308 3.6956
5 24 5 5.0813 2.1043 5 5.5 0 6 4.6188 1.9134 3.5 5.5 0
5 24 5 -5.0811 2.1046 5 -3.8891 3.8891 6 -4.6189 1.9132 3.5 -3.8891 3.8891
5 24 3.5 5.5 0 5 5.5 0 3.5 5.0813 2.1043 5 5.0813 -2.1043
5 24 6 1.9134 -4.6188 6 0 -5 5 0 -5.5 7 1.5309 -3.696
5 24 6 0 -5 6 -1.9134 -4.6188 7 0 -4 5 -2.1043 -5.0813
5 24 5 0 5.5 5 -2.1045 5.0813 3.5 0 5.5 6 -1.9136 4.6194
5 24 3.5 -5.0811 2.1046 3.5 -5.5 0 2 -4.6195 1.9134 5 -5.5 0
5 24 3.5 3.8891 3.8891 3.5 5.0813 2.1043 2 4.6195 1.9134 5 3.8891 3.8891
5 24 7 3.696 -1.5309 2 3.6956 -1.5307 2 4.6194 -1.9134 7 2 0

0 FILE parts/s/3818s03.dat
0 ~Minifig Arm Right Outer Surface Upper Arm
0 Name: s\3818s03.dat
0 Author: Magnus Forsberg [MagFors]
0 !LDRAW_ORG Subpart UPDATE 2020-01
0 !LICENSE Licensed under CC BY 4.0 : see CAreadme.txt

0 BFC CERTIFY CCW

0 !HISTORY 2020-06-28 [PTadmin] Official Update 2020-01


0 // shoulder

3 16 -1.666 0 6.5 -0.957 -2.2 6.005 0 -2.488 6.005
3 16 -0.957 -2.2 6.005 -1.666 0 6.5 -2.942 -1.53 6.005
3 16 -2.942 -1.53 -6.005 -0.957 -2.2 -6.005 -1.768 -4.066 -4.596
3 16 -2.942 -1.53 -6.005 -1.768 -4.066 -4.596 -4.024 -2.829 -4.596
3 16 -1.666 0 -6.5 -0.957 -2.2 -6.005 -2.942 -1.53 -6.005
3 16 -2.31 -5.312 2.487 -1.768 -4.066 4.596 -4.024 -2.829 4.596
3 16 -2.31 -5.312 2.487 -4.024 -2.829 4.596 -4.746 -3.695 2.487
3 16 -2.942 -1.53 6.005 -4.024 -2.829 4.596 -1.768 -4.066 4.596
3 16 -0.957 -2.2 6.005 -2.942 -1.53 6.005 -1.768 -4.066 4.596
3 16 -2.5 -5.75 0 -2.31 -5.312 2.487 -4.746 -3.695 2.487
3 16 -4.746 -3.695 2.487 -5 -4 0 -2.5 -5.75 0
3 16 -4.024 -2.829 -4.596 -1.768 -4.066 -4.596 -2.31 -5.312 -2.487
3 16 -4.746 -3.695 -2.487 -2.31 -5.312 -2.487 -2.5 -5.75 0
3 16 0 -2.488 -6.005 -0.957 -2.2 -6.005 -1.666 0 -6.5
3 16 -2.31 -5.312 -2.487 -4.746 -3.695 -2.487 -4.024 -2.829 -4.596
3 16 -2.5 -5.75 0 -5 -4 0 -4.746 -3.695 -2.487
4 16 0 -2.488 6.005 -0.957 -2.2 6.005 -1.768 -4.066 4.596 0 -4.596 4.596
4 16 -0.957 -2.2 -6.005 0 -2.488 -6.005 0 -4.596 -4.596 -1.768 -4.066 -4.596
4 16 -2.31 -5.312 -2.487 0 -6.005 -2.488 0 -6.5 0 -2.5 -5.75 0
4 16 -1.768 -4.066 -4.596 0 -4.596 -4.596 0 -6.005 -2.488 -2.31 -5.312 -2.487
4 16 0 -6.005 2.488 -2.31 -5.312 2.487 -2.5 -5.75 0 0 -6.5 0
4 16 0 -4.596 4.596 -1.768 -4.066 4.596 -2.31 -5.312 2.487 0 -6.005 2.488
5 24 -2.5 -5.75 0 0 -6.5 0 -2.31 -5.312 -2.487 -2.31 -5.312 2.487
5 24 -2.31 -5.312 -2.487 0 -6.005 -2.487 -2.5 -5.75 0 -1.768 -4.066 -4.596
5 24 -2.31 -5.312 -2.487 -1.768 -4.066 -4.596 0 -6.005 -2.487 -4.024 -2.829 -4.596
5 24 -1.768 -4.066 4.596 -2.942 -1.53 6.005 -0.957 -2.2 6.005 -4.024 -2.829 4.596
5 24 -1.768 -4.066 -4.596 0 -4.596 -4.596 -2.31 -5.312 -2.487 -0.957 -2.2 -6.005
5 24 -2.31 -5.312 2.487 0 -6.005 2.487 -2.5 -5.75 0 -1.768 -4.066 4.596
5 24 -1.768 -4.066 4.596 0 -4.596 4.596 -2.31 -5.312 2.487 -0.957 -2.2 6.005
5 24 -4.024 -2.829 -4.596 -1.768 -4.066 -4.596 -2.942 -1.53 -6.005 -2.31 -5.312 -2.487
5 24 -1.666 0 -6.5 -0.957 -2.2 -6.005 -2.942 -1.53 -6.005 0 -2.488 -6.005
5 24 -4.024 -2.829 4.596 -1.768 -4.066 4.596 -2.942 -1.53 6.005 -2.31 -5.312 2.487
5 24 -0.957 -2.2 6.005 -1.768 -4.066 4.596 0 -4.596 4.596 -2.942 -1.53 6.005
5 24 -1.768 -4.066 4.596 -2.31 -5.312 2.487 -4.024 -2.829 4.596 0 -6.005 2.487
5 24 -2.31 -5.312 2.487 -2.5 -5.75 0 -4.746 -3.695 2.487 0 -6.5 0
5 24 -1.768 -4.066 -4.596 -0.957 -2.2 -6.005 0 -2.488 -6.005 -2.942 -1.53 -6.005
5 24 -5 -4 0 -4.746 -3.695 2.487 -2.5 -5.75 0 -10.0392 8.1462 0
5 24 -4.746 -3.695 -2.487 -4.024 -2.829 -4.596 -9.8555 8.6121 -2.4761 -2.31 -5.312 -2.487
5 24 -4.024 -2.829 -4.596 -2.942 -1.53 -6.005 -1.768 -4.066 -4.596 -8.7537 8.5262 -4.5962
5 24 -4.746 -3.695 2.487 -4.024 -2.829 4.596 -2.31 -5.312 2.487 -9.58 7.9077 2.4876
5 24 -4.024 -2.829 4.596 -2.942 -1.53 6.005 -1.768 -4.066 4.596 -8.4614 7.8246 4.5962
5 24 -2.942 -1.53 6.005 -1.666 0 6.5 -0.957 -2.2 6.005 -6.8356 7.8154 6.0054
5 24 -2.942 -1.53 -6.005 -1.666 0 -6.5 -0.957 -2.2 -6.005 -7.0853 8.4402 -6.0243
5 24 -5 -4 0 -4.746 -3.695 -2.487 -2.5 -5.75 0 -10.0392 8.1462 0
5 24 0 -2.488 -6.005 -0.957 -2.2 -6.005 -1.666 0 -6.5 0 -4.5962 -4.5962
5 24 -2.942 -1.53 -6.005 -0.957 -2.2 -6.005 -1.666 0 -6.5 -1.768 -4.066 -4.596
5 24 -0.957 -2.2 6.005 0 -2.488 6.005 -1.666 0 6.5 -1.768 -4.066 4.596
5 24 -2.31 -5.312 -2.487 -2.5 -5.75 0 -4.746 -3.695 -2.487 0 -6.005 -2.488
5 24 -4.746 -3.695 -2.487 -2.31 -5.312 -2.487 -2.5 -5.75 0 -4.024 -2.829 -4.596
5 24 -2.31 -5.312 2.487 -4.746 -3.695 2.487 -2.5 -5.75 0 -4.024 -2.829 4.596
5 24 -4.746 -3.695 -2.487 -2.5 -5.75 0 -2.31 -5.312 -2.487 -5 -4 0
5 24 -1.666 0 6.5 -0.957 -2.2 6.005 -2.942 -1.53 6.005 0 -2.488 6.005
5 24 -2.5 -5.75 0 -4.746 -3.695 2.487 -2.31 -5.312 2.487 -5 -4 0
5 24 -5 -4 0 -2.5 -5.75 0 -4.746 -3.695 2.487 -4.746 -3.695 -2.487
5 24 -4.024 -2.829 4.596 -2.31 -5.312 2.487 -1.768 -4.066 4.596 -4.746 -3.695 2.487
5 24 -2.31 -5.312 -2.487 -4.024 -2.829 -4.596 -4.746 -3.695 -2.487 -1.768 -4.066 -4.596
5 24 -1.768 -4.066 -4.596 -2.942 -1.53 -6.005 -0.957 -2.2 -6.005 -4.024 -2.829 -4.596
5 24 -2.942 -1.53 6.005 -0.957 -2.2 6.005 -1.666 0 6.5 -1.768 -4.066 4.596

0 // upper arm
4 16 -9.8555 8.6121 -2.4761 -8.7537 8.5262 -4.5962 -4.024 -2.829 -4.596 -4.746 -3.695 -2.487
4 16 -7.0853 8.4402 -6.0243 -5.02 8.4209 -6.5354 -1.666 0 -6.5 -2.942 -1.53 -6.005
4 16 -7.0853 8.4402 -6.0243 -2.942 -1.53 -6.005 -4.024 -2.829 -4.596 -8.7537 8.5262 -4.5962
4 16 -10.0392 8.1462 0 -9.8555 8.6121 -2.4761 -4.746 -3.695 -2.487 -5 -4 0
4 16 -10.0392 8.1462 0 -5 -4 0 -4.746 -3.695 2.487 -9.58 7.9077 2.4876
4 16 -8.4614 7.8246 4.5962 -9.58 7.9077 2.4876 -4.746 -3.695 2.487 -4.024 -2.829 4.596
4 16 -8.4614 7.8246 4.5962 -4.024 -2.829 4.596 -2.942 -1.53 6.005 -6.8356 7.8154 6.0054
4 16 -4.9224 7.8154 6.5 -6.8356 7.8154 6.0054 -2.942 -1.53 6.005 -1.666 0 6.5
5 24 -10.0392 8.1462 0 -5 -4 0 -9.8555 8.6121 -2.4761 -9.58 7.9077 2.4876
5 24 -9.8555 8.6121 -2.4761 -4.746 -3.695 -2.487 -10.0392 8.1462 0 -8.7537 8.5262 -4.5962
5 24 -8.7537 8.5262 -4.5962 -4.024 -2.829 -4.596 -9.8555 8.6121 -2.4761 -7.0853 8.4402 -6.0243
5 24 -9.58 7.9077 2.4876 -4.746 -3.695 2.487 -10.0392 8.1462 0 -8.4614 7.8246 4.5962
5 24 -7.0853 8.4402 -6.0243 -2.942 -1.53 -6.005 -8.7537 8.5262 -4.5962 -5.02 8.4209 -6.5354
5 24 -6.8356 7.8154 6.0054 -2.942 -1.53 6.005 -8.4614 7.8246 4.5962 -4.9224 7.8154 6.5
5 24 -8.4614 7.8246 4.5962 -4.024 -2.829 4.596 -9.58 7.9077 2.4876 -6.8356 7.8154 6.0054

0 FILE parts/s/3818s04.dat
0 ~Minifig Arm Right Outer Surface Forearm
0 Name: s\3818s04.dat
0 Author: Magnus Forsberg [MagFors]
0 !LDRAW_ORG Subpart UPDATE 2020-01
0 !LICENSE Licensed under CC BY 4.0 : see CAreadme.txt

0 BFC CERTIFY CCW

0 !HISTORY 2020-06-28 [PTadmin] Official Update 2020-01


0 // elbow

3 16 -9.8555 8.6121 -2.4761 -10.0392 8.1462 0 -10.0652 9.0949 -.3523
3 16 -9.669 8.9811 2.3159 -10.0652 9.0949 -.3523 -10.0392 8.1462 0
3 16 -10.0392 8.1462 0 -9.58 7.9077 2.4876 -9.669 8.9811 2.3159
3 16 -10.0652 9.0949 -.3523 -9.669 8.9811 2.3159 -9.6195 9.6086 2.0978
4 16 -9.669 8.9811 2.3159 -8.535 9.1611 4.3373 -8.5355 10.1807 3.8199 -9.6195 9.6086 2.0978
3 16 -9.58 7.9077 2.4876 -8.4614 7.8246 4.5962 -8.535 9.1611 4.3373
3 16 -8.535 9.1611 4.3373 -9.669 8.9811 2.3159 -9.58 7.9077 2.4876
3 16 -6.8356 7.8154 6.0054 -6.913 9.2813 5.6883 -8.535 9.1611 4.3373
3 16 -8.535 9.1611 4.3373 -8.4614 7.8246 4.5962 -6.8356 7.8154 6.0054
3 16 -8.5355 10.1807 3.8199 -8.535 9.1611 4.3373 -6.913 9.2813 5.6883
3 16 -6.913 9.2813 5.6883 -6.9135 10.5627 4.9712 -8.5355 10.1807 3.8199
3 16 -4.9997 9.3236 6.2624 -6.913 9.2813 5.6883 -6.8356 7.8154 6.0054
3 16 -6.8356 7.8154 6.0054 -4.9224 7.8154 6.5 -4.9997 9.3236 6.2624
3 16 -6.9135 10.5627 4.9712 -6.913 9.2813 5.6883 -4.9997 9.3236 6.2624
3 16 -4.9997 9.3236 6.2624 -5 10.6471 5.4249 -6.9135 10.5627 4.9712
5 24 -8.535 9.1611 4.3373 -9.58 7.9077 2.4876 -9.669 8.9811 2.3159 -8.4614 7.8246 4.5962
5 24 -8.535 9.1611 4.3373 -6.8356 7.8154 6.0054 -8.4614 7.8246 4.5962 -6.913 9.2813 5.6883
5 24 -6.913 9.2813 5.6883 -8.5355 10.1807 3.8199 -6.9135 10.5627 4.9712 -8.535 9.1611 4.3373
5 24 -6.8356 7.8154 6.0054 -4.9997 9.3236 6.2624 -6.913 9.2813 5.6883 -4.9224 7.8154 6.5
5 24 -4.9997 9.3236 6.2624 -6.9135 10.5627 4.9712 -5 10.6471 5.4249 -6.913 9.2813 5.6883
5 24 -8.4614 7.8246 4.5962 -6.8356 7.8154 6.0054 -4.024 -2.829 4.596 -8.535 9.1611 4.3373
5 24 -9.58 7.9077 2.4876 -9.669 8.9811 2.3159 -8.535 9.1611 4.3373 -10.0392 8.1462 0
5 24 -4.9997 9.3236 6.2624 -6.913 9.2813 5.6883 -6.8356 7.8154 6.0054 -6.9135 10.5627 4.9712
5 24 -8.535 9.1611 4.3373 -8.5355 10.1807 3.8199 -9.6195 9.6086 2.0978 -6.913 9.2813 5.6883
5 24 -6.8356 7.8154 6.0054 -4.9224 7.8154 6.5 -2.942 -1.53 6.005 -4.9997 9.3236 6.2624
5 24 -9.58 7.9077 2.4876 -10.0392 8.1462 0 -9.669 8.9811 2.3159 -4.746 -3.695 2.487
5 24 -8.4614 7.8246 4.5962 -8.535 9.1611 4.3373 -9.58 7.9077 2.4876 -6.8356 7.8154 6.0054
5 24 -6.9135 10.5627 4.9712 -8.5355 10.1807 3.8199 -6.9135 22.1669 -6.6331 -6.913 9.2813 5.6883
5 24 -9.669 8.9811 2.3159 -10.0392 8.1462 0 -10.0652 9.0949 -.3523 -9.58 7.9077 2.4876
5 24 -9.58 7.9077 2.4876 -8.4614 7.8246 4.5962 -4.746 -3.695 2.487 -8.535 9.1611 4.3373
5 24 -5 10.6471 5.4249 -6.9135 10.5627 4.9712 -5 22.436 -6.364 -4.9997 9.3236 6.2624
5 24 -9.669 8.9811 2.3159 -9.6195 9.6086 2.0978 -8.535 9.1611 4.3373 -10.0652 9.0949 -.3523
5 24 -9.6195 9.6086 2.0978 -10.0652 9.0949 -.3523 -9.6195 20.2532 -8.5468 -9.669 8.9811 2.3159
5 24 -6.8356 7.8154 6.0054 -6.913 9.2813 5.6883 -4.9997 9.3236 6.2624 -8.535 9.1611 4.3373
5 24 -8.5355 10.1807 3.8199 -9.6195 9.6086 2.0978 -8.535 9.1611 4.3373 -8.5355 21.4003 -7.3997
5 24 -6.913 9.2813 5.6883 -8.535 9.1611 4.3373 -8.5355 10.1807 3.8199 -6.8356 7.8154 6.0054
5 24 -9.669 8.9811 2.3159 -10.0652 9.0949 -.3523 -9.6195 9.6086 2.0978 -10.0392 8.1462 0
5 24 -9.669 8.9811 2.3159 -8.535 9.1611 4.3373 -9.6195 9.6086 2.0978 -9.58 7.9077 2.4876
5 24 -6.913 9.2813 5.6883 -6.9135 10.5627 4.9712 -4.9997 9.3236 6.2624 -8.5355 10.1807 3.8199
5 24 -10.0392 8.1462 0 -9.8555 8.6121 -2.4761 -10.0652 9.0949 -.3523 -5 -4 0
5 24 -10.0652 9.0949 -.3523 -10.0392 8.1462 0 -9.8555 8.6121 -2.4761 -9.669 8.9811 2.3159
5 24 -10.0652 9.0949 -.3523 -9.8555 8.6121 -2.4761 -10.0392 8.1462 0 -10 18.9 -9.9
5 24 -8.7537 8.5262 -4.5962 -9.8555 8.6121 -2.4761 -8.6155 16.402 -12.4003 -4.024 -2.829 -4.596
5 24 -5.02 8.4209 -6.5354 -7.0853 8.4402 -6.0243 -5 15.364 -13.436 -1.666 0 -6.5
5 24 -7.0853 8.4402 -6.0243 -8.7537 8.5262 -4.5962 -6.9135 15.6331 -13.1669 -2.942 -1.53 -6.005

0 // forearm
4 16 -10.0652 9.0949 -.3523 -10 18.9 -9.9 -9.7694 17.5511 -11.2532 -9.8555 8.6121 -2.4761
4 16 -9.7694 17.5511 -11.2532 -8.6155 16.402 -12.4003 -8.7537 8.5262 -4.5962 -9.8555 8.6121 -2.4761
4 16 -5.02 8.4209 -6.5354 -7.0853 8.4402 -6.0243 -6.9135 15.6331 -13.1669 -5 15.364 -13.436
4 16 -8.6155 16.402 -12.4003 -6.9135 15.6331 -13.1669 -7.0853 8.4402 -6.0243 -8.7537 8.5262 -4.5962
4 16 -9.6195 20.2532 -8.5468 -10 18.9 -9.9 -10.0652 9.0949 -.3523 -9.6195 9.6086 2.0978
4 16 -8.5355 21.4003 -7.3997 -9.6195 20.2532 -8.5468 -9.6195 9.6086 2.0978 -8.5355 10.1807 3.8199
4 16 -8.5355 21.4003 -7.3997 -8.5355 10.1807 3.8199 -6.9135 10.5627 4.9712 -6.9135 22.1669 -6.6331
4 16 -5 22.436 -6.364 -6.9135 22.1669 -6.6331 -6.9135 10.5627 4.9712 -5 10.6471 5.4249
5 24 -7.0853 8.4402 -6.0243 -6.9135 15.6331 -13.1669 -5.02 8.4209 -6.5354 -8.7537 8.5262 -4.5962
5 24 -8.7537 8.5262 -4.5962 -8.6155 16.402 -12.4003 -7.0853 8.4402 -6.0243 -9.8555 8.6121 -2.4761
5 24 -9.8555 8.6121 -2.4761 -9.7694 17.5511 -11.2532 -8.7537 8.5262 -4.5962 -10.0652 9.0949 -.3523
5 24 -10.0652 9.0949 -.3523 -10 18.9 -9.9 -9.8555 8.6121 -2.4761 -9.6195 9.6086 2.0978
5 24 -9.6195 9.6086 2.0978 -9.6195 20.2532 -8.5468 -10.0652 9.0949 -.3523 -8.5355 10.1807 3.8199
5 24 -8.5355 10.1807 3.8199 -8.5355 21.4003 -7.3997 -9.6195 9.6086 2.0978 -6.9135 10.5627 4.9712
5 24 -6.9135 10.5627 4.9712 -6.9135 22.1669 -6.6331 -8.5355 10.1807 3.8199 -5 10.6471 5.4249

0 FILE box2-5.dat
0 Box with 2 Faces without 5 Edges
0 Name: box2-5.dat
0 Author: Steffen [Steffen]
0 !LDRAW_ORG Primitive UPDATE 2003-03
0 !LICENSE Licensed under CC BY 4.0 : see CAreadme.txt

0 BFC CERTIFY CCW

0 !HISTORY 2003-12-19 [PTadmin] Official Update 2003-03
0 !HISTORY 2007-06-24 [PTadmin] Header formatted for Contributor Agreement
0 !HISTORY 2008-07-01 [PTadmin] Official Update 2008-01


2 24 1 1 1 -1 1 1
2 24 1 1 -1 -1 1 -1
2 24 1 -1 1 -1 -1 1
2 24 -1 -1 1 -1 1 1
2 24 1 -1 1 1 1 1
2 24 -1 1 -1 -1 1 1
2 24 1 1 -1 1 1 1
4 16 1 1 1 1 1 -1 -1 1 -1 -1 1 1
4 16 1 1 1 -1 1 1 -1 -1 1 1 -1 1
0

0 FILE hipstud.dat
0 Stud for Minifig Hips
0 Name: hipstud.dat
0 Author: Magnus Forsberg [MagFors]
0 !LDRAW_ORG Primitive UPDATE 2018-02
0 !LICENSE Licensed under CC BY 4.0 : see CAreadme.txt

0 BFC CERTIFY CCW

0 !HISTORY 2018-12-08 [PTadmin] Official Update 2018-02


2 24 4.48 0 4.48 6 0 3.46
2 24 6 0 -3.46 4.48 0 -4.48
2 24 6 -4 3.46 4.48 -11 4.48
2 24 6 -4 -3.46 4.48 -11 -4.48
2 24 4.48 -11 4.48 4.48 -11 -4.48

1 16 0 -5.5 6 3.46 0 0 0 0 5.5 0 -1 0 rect.dat
1 16 -6 -5.5 0 0 1 0 0 0 5.5 3.46 0 0 rect.dat
1 16 0 -5.5 -6 3.46 0 0 0 0 -5.5 0 1 0 rect.dat
1 16 6 -2 0 0 -1 0 0 0 2 -3.46 0 0 rect.dat
1 16 2.8 -5.5 0 0 1 0 0 0 5.5 2.8 0 0 rect.dat

1 16 3.97 -5.5 -5.24 .51 -1 0 0 0 -5.5 .76 0 0 rect2p.dat
1 16 -3.97 -5.5 -5.24 .51 1 0 0 0 -5.5 -.76 0 0 rect2p.dat
1 16 -5.24 -5.5 -3.97 .76 1 0 0 0 -5.5 -.51 0 0 rect2p.dat
1 16 -5.24 -5.5 3.97 -.76 1 0 0 0 -5.5 -.51 0 0 rect2p.dat
1 16 -3.97 -5.5 5.24 -.51 1 0 0 0 -5.5 -.76 0 0 rect2p.dat
1 16 3.97 -5.5 5.24 -.51 -1 0 0 0 -5.5 .76 0 0 rect2p.dat
4 16 6 -4 3.46 6 0 3.46 4.48 0 4.48 4.48 -11 4.48
4 16 6 -4 -3.46 6 -4 3.46 4.48 -11 4.48 4.48 -11 -4.48
4 16 4.48 -11 -4.48 4.48 0 -4.48 6 0 -3.46 6 -4 -3.46

4 16 2.8 -11 2.8 2.8 -11 -2.8 4.48 -11 -4.48 4.48 -11 4.48
4 16 3.46 -11 6 0 -11 5.6 2.8 -11 2.8 4.48 -11 4.48
3 16 -3.46 -11 6 0 -11 5.6 3.46 -11 6
4 16 -4.48 -11 4.48 -2.8 -11 2.8 0 -11 5.6 -3.46 -11 6
4 16 -6 -11 3.46 -5.6 -11 0 -2.8 -11 2.8 -4.48 -11 4.48
3 16 -6 -11 -3.46 -5.6 -11 0 -6 -11 3.46
4 16 -4.48 -11 -4.48 -2.8 -11 -2.8 -5.6 -11 0 -6 -11 -3.46
4 16 -3.46 -11 -6 0 -11 -5.6 -2.8 -11 -2.8 -4.48 -11 -4.48
3 16 3.46 -11 -6 0 -11 -5.6 -3.46 -11 -6
4 16 4.48 -11 -4.48 2.8 -11 -2.8 0 -11 -5.6 3.46 -11 -6
0 BFC INVERTNEXT
1 16 0 -11 0 2.8 0 -2.8 0 11 0 -2.8 0 -2.8 3-4cylo.dat
1 16 0 -11 0 2.8 0 -2.8 0 1 0 -2.8 0 -2.8 3-4ndis.dat
5 24 -4.48 -11 -4.48 -4.48 0 -4.48 -3.46 -11 -6 -6 -11 -3.46
5 24 4.48 -11 -4.48 4.48 0 -4.48 3.46 -11 -6 6 -4 -3.46
5 24 -4.48 -11 4.48 -4.48 0 4.48 -3.46 -11 6 -6 -11 3.46
5 24 4.48 -11 4.48 4.48 0 4.48 3.46 -11 6 6 -4 3.46

0 FILE 7-16cyli.dat
0 Cylinder 0.4375
0 Name: 7-16cyli.dat
0 Author: Magnus Forsberg [MagFors]
0 !LDRAW_ORG Primitive UPDATE 2024-01
0 !LICENSE Licensed under CC BY 4.0 : see CAreadme.txt

0 BFC CERTIFY CCW

0 !HISTORY 2009-05-02 [PTadmin] Official Update 2009-01
0 !HISTORY 2024-01-03 [MagFors] Complete regeneration, original by guyvivan
0 !HISTORY 2024-01-29 [OrionP] Official Update 2024-01

4 16 0.9239 0 0.3827 1 0 0 1 1 0 0.9239 1 0.3827
4 16 0.7071 0 0.7071 0.9239 0 0.3827 0.9239 1 0.3827 0.7071 1 0.7071
4 16 0.3827 0 0.9239 0.7071 0 0.7071 0.7071 1 0.7071 0.3827 1 0.9239
4 16 0 0 1 0.3827 0 0.9239 0.3827 1 0.9239 0 1 1
4 16 -0.3827 0 0.9239 0 0 1 0 1 1 -0.3827 1 0.9239
4 16 -0.7071 0 0.7071 -0.3827 0 0.9239 -0.3827 1 0.9239 -0.7071 1 0.7071
4 16 -0.9239 0 0.3827 -0.7071 0 0.7071 -0.7071 1 0.7071 -0.9239 1 0.3827
0 // conditional lines
5 24 1 1 0 1 0 0 1 1 -0.4142 0.9239 1 0.3827
5 24 0.9239 1 0.3827 0.9239 0 0.3827 1 1 0 0.7071 1 0.7071
5 24 0.7071 1 0.7071 0.7071 0 0.7071 0.9239 1 0.3827 0.3827 1 0.9239
5 24 0.3827 1 0.9239 0.3827 0 0.9239 0.7071 1 0.7071 0 1 1
5 24 0 1 1 0 0 1 0.3827 1 0.9239 -0.3827 1 0.9239
5 24 -0.3827 1 0.9239 -0.3827 0 0.9239 0 1 1 -0.7071 1 0.7071
5 24 -0.7071 1 0.7071 -0.7071 0 0.7071 -0.3827 1 0.9239 -0.9239 1 0.3827
5 24 -0.9239 1 0.3827 -0.9239 0 0.3827 -0.7071 1 0.7071 -1.0824 1 0
0 // Build by LDPartEditor (PrimGen 2.X)

0 FILE 1-8ndis.dat
0 Disc Negative 0.125
0 Name: 1-8ndis.dat
0 Author: James Jessiman
0 !LDRAW_ORG Primitive UPDATE 2012-01
0 !LICENSE Licensed under CC BY 4.0 : see CAreadme.txt

0 BFC CERTIFY CCW

0 !HISTORY 2002-03-23 [sbliss] Added BFC statement
0 !HISTORY 2002-04-25 [PTadmin] Official Update 2002-02
0 !HISTORY 2007-06-22 [PTadmin] Header formatted for Contributor Agreement
0 !HISTORY 2008-07-01 [PTadmin] Official Update 2008-01
0 !HISTORY 2012-02-16 [Philo] Changed to CCW
0 !HISTORY 2012-03-30 [PTadmin] Official Update 2012-01


3 16 0.9239 0 0.3827 1 0 0 1 0 1
3 16 0.7071 0 0.7071 0.9239 0 0.3827 1 0 1

0 FILE 3815.dat
0 ~Minifig Hips (Obsolete)
0 Name: 3815.dat
0 Author: Steve Bliss [sbliss]
0 !LDRAW_ORG Part UPDATE 2025-09
0 !LICENSE Licensed under CC BY 4.0 : see CAreadme.txt

0 BFC CERTIFY CCW

0 !CATEGORY Obsolete

0 !HISTORY 1997-10-29 [PTadmin] Official Update 1997-16
0 !HISTORY 1999-01-01 [cwdee] Modifications
0 !HISTORY 1999-02-01 [PTadmin] Official Update 1999-01
0 !HISTORY 2004-06-15 [nielsk] BFC'd
0 !HISTORY 2004-11-06 [PTadmin] Official Update 2004-04
0 !HISTORY 2007-07-27 [PTadmin] Header formatted for Contributor Agreement
0 !HISTORY 2008-07-01 [PTadmin] Official Update 2008-01
0 !HISTORY 2009-01-28 [Philo] Moved crotch to main part
0 !HISTORY 2009-08-24 [PTadmin] Renamed from 970
0 !HISTORY 2010-07-05 [PTadmin] Official Update 2010-02
0 !HISTORY 2020-05-30 [cwdee] Obsoleted due to bad leg geometry
0 !HISTORY 2022-01-14 [PTadmin] Official Update 2022-01
0 !HISTORY 2025-09-27 [OrionP] Changed winding to CCW
0 !HISTORY 2025-09-29 [OrionP] Official Update 2025-09

4 16 -18 0 -10 -18 6 -10 18 6 -10 18 0 -10
1 16 -2 12 0 0 4 0 -6.364 0 6.364 -6.364 0 -6.364 5-16cyli.dat
1 16 0 0 0 1 0 0 0 1 0 0 0 1 s/3815s01.dat
0 //

0 FILE 3816.dat
0 ~Minifig Leg Right (Obsolete)
0 Name: 3816.dat
0 Author: Steve Bliss [sbliss]
0 !LDRAW_ORG Part UPDATE 2022-01
0 !LICENSE Licensed under CC BY 4.0 : see CAreadme.txt

0 !HELP Move down 12 units to align with hips

0 BFC CERTIFY CCW

0 !CATEGORY Obsolete

0 !HISTORY 1997-10-29 [PTadmin] Official Update 1997-16
0 !HISTORY 1999-02-01 [PTadmin] Official Update 1999-01
0 !HISTORY 2000-05-07 [PTadmin] Official Update 2000-01
0 !HISTORY 2002-04-10 [fwcain] Fixed overlapping quad...
0 !HISTORY 2002-04-25 [PTadmin] Official Update 2002-02
0 !HISTORY 2002-05-29 [fwcain] Moved all front surfaces to "main" file (from subfile)...
0 !HISTORY 2002-08-18 [PTadmin] Official Update 2002-04
0 !HISTORY 2007-07-27 [PTadmin] Header formatted for Contributor Agreement
0 !HISTORY 2008-07-01 [PTadmin] Official Update 2008-01
0 !HISTORY 2008-12-31 [tchang] Add BFC
0 !HISTORY 2009-08-24 [PTadmin] Moved from 971
0 !HISTORY 2009-12-29 [PTadmin] Official Update 2009-03
0 !HISTORY 2020-05-30 [cwdee] Obsoleted due to bad leg geometry
0 !HISTORY 2022-01-14 [PTadmin] Official Update 2022-01


1 16 0 0 0 1 0 0 0 1 0 0 0 1 s/3816s01.dat
0
4 16 -19.18 20 -6 -19.18 20 -11 -1.5 20 -11 -1.5 20 -6
4 16 -19.18 20 -11 -19.5 28 -11 -1.5 28 -11 -1.5 20 -11
4 16 -19.18 20 -6 -1.5 20 -6 -1.5 7.7 -6 -18.68 7.7 -6
4 16 -18.68 7.7 -6 -2 7.7 -6 -2 6.74 -6 -18.64 6.74 -6
4 16 -18.5 3.42 -8.28 -18.64 6.74 -6 -2 6.74 -6 -2 3.42 -8.28
4 16 -18.36 0 -9 -18.5 3.42 -8.28 -2 3.42 -8.28 -2 0 -9
4 16 -18.36 0 -9 -2 0 -9 -2 -3.42 -8.28 -18.23 -3.42 -8.28
4 16 -18.11 -6.3 -6.3 -18.23 -3.42 -8.28 -2 -3.42 -8.28 -2 -6.3 -6.3
0

0 FILE 3817.dat
0 ~Minifig Leg Left (Obsolete)
0 Name: 3817.dat
0 Author: Steve Bliss [sbliss]
0 !LDRAW_ORG Part UPDATE 2022-01
0 !LICENSE Licensed under CC BY 4.0 : see CAreadme.txt

0 !HELP Move down 12 units to align with hips

0 BFC CERTIFY CCW

0 !CATEGORY Obsolete

0 !HISTORY 1997-10-29 [PTadmin] Official Update 1997-16
0 !HISTORY 1999-02-01 [PTadmin] Official Update 1999-01
0 !HISTORY 2002-04-10 [fwcain] Fixed overlapping quad...
0 !HISTORY 2002-04-25 [PTadmin] Official Update 2002-02
0 !HISTORY 2002-05-29 [fwcain] Moved all front surfaces to "main" file (from subfile)...
0 !HISTORY 2002-08-18 [PTadmin] Official Update 2002-04
0 !HISTORY 2007-07-27 [PTadmin] Header formatted for Contributor Agreement
0 !HISTORY 2008-07-01 [PTadmin] Official Update 2008-01
0 !HISTORY 2008-12-31 [tchang] Add BFC
0 !HISTORY 2009-08-24 [PTadmin] Moved from 972
0 !HISTORY 2009-12-29 [PTadmin] Official Update 2009-03
0 !HISTORY 2020-05-30 [cwdee] Obsoleted due to bad leg geometry
0 !HISTORY 2022-01-14 [PTadmin] Official Update 2022-01


1 16 0 0 0 1 0 0 0 1 0 0 0 1 s/3817s01.dat
0
4 16 1.5 20 -6 1.5 20 -11 19.18 20 -11 19.18 20 -6
4 16 1.5 20 -11 1.5 28 -11 19.5 28 -11 19.18 20 -11
4 16 18.68 7.7 -6 1.5 7.7 -6 1.5 20 -6 19.18 20 -6
4 16 18.64 6.74 -6 2 6.74 -6 2 7.7 -6 18.68 7.7 -6
4 16 2 3.42 -8.28 2 6.74 -6 18.64 6.74 -6 18.5 3.42 -8.28
4 16 2 0 -9 2 3.42 -8.28 18.5 3.42 -8.28 18.36 0 -9
4 16 18.23 -3.42 -8.28 2 -3.42 -8.28 2 0 -9 18.36 0 -9
4 16 2 -6.3 -6.3 2 -3.42 -8.28 18.23 -3.42 -8.28 18.11 -6.3 -6.3
0

0 FILE stug-7x7.dat
0 Stud Group  7 x  7
0 Name: stug-7x7.dat
0 Author: Michael Heidemann [mikeheide]
0 !LDRAW_ORG Primitive UPDATE 2011-01
0 !LICENSE Licensed under CC BY 4.0 : see CAreadme.txt

0 BFC CERTIFY CCW

0 !HISTORY 2005-12-28 [PTadmin] Official Update 2005-01
0 !HISTORY 2007-05-04 [PTadmin] Header formatted for Contributor Agreement
0 !HISTORY 2008-07-01 [PTadmin] Official Update 2008-01
0 !HISTORY 2011-07-01 [PTadmin] Renamed from stug7
0 !HISTORY 2011-07-25 [PTadmin] Official Update 2011-01


1 16 -10 0 10 1 0 0 0 1 0 0 0 1 stug-6x6.dat
1 16 60 0 -40 1 0 0 0 1 0 0 0 1 stud.dat
1 16 60 0 -20 1 0 0 0 1 0 0 0 1 stud.dat
1 16 60 0 0 1 0 0 0 1 0 0 0 1 stud.dat
1 16 60 0 20 1 0 0 0 1 0 0 0 1 stud.dat
1 16 60 0 40 1 0 0 0 1 0 0 0 1 stud.dat
1 16 60 0 60 1 0 0 0 1 0 0 0 1 stud.dat
1 16 -60 0 -60 1 0 0 0 1 0 0 0 1 stud.dat
1 16 -40 0 -60 1 0 0 0 1 0 0 0 1 stud.dat
1 16 -20 0 -60 1 0 0 0 1 0 0 0 1 stud.dat
1 16 0 0 -60 1 0 0 0 1 0 0 0 1 stud.dat
1 16 20 0 -60 1 0 0 0 1 0 0 0 1 stud.dat
1 16 40 0 -60 1 0 0 0 1 0 0 0 1 stud.dat
1 16 60 0 -60 1 0 0 0 1 0 0 0 1 stud.dat
0

0 FILE 3-16edge.dat
0 Circle 0.1875
0 Name: 3-16edge.dat
0 Author: Donald Sutter [technog]
0 !LDRAW_ORG Primitive UPDATE 2017-01
0 !LICENSE Licensed under CC BY 4.0 : see CAreadme.txt

0 BFC CERTIFY CCW

0 !HISTORY 2004-03-02 [PTadmin] Official Update 2004-01
0 !HISTORY 2007-06-24 [PTadmin] Header formatted for Contributor Agreement
0 !HISTORY 2008-07-01 [PTadmin] Official Update 2008-01
0 !HISTORY 2017-01-15 [Steffen] BFCed
0 !HISTORY 2017-12-30 [PTadmin] Official Update 2017-01


2 24 1 0 0 0.9239 0 0.3827
2 24 0.9239 0 0.3827 0.7071 0 0.7071
2 24 0.7071 0 0.7071 0.3827 0 0.9239

0 FILE 3-4cyli.dat
0 Cylinder 0.75
0 Name: 3-4cyli.dat
0 Author: James Jessiman
0 !LDRAW_ORG Primitive UPDATE 2005-01
0 !LICENSE Licensed under CC BY 4.0 : see CAreadme.txt

0 BFC CERTIFY CCW

0 !HISTORY 2002-03-23 [sbliss] Added BFC statement; compacted code
0 !HISTORY 2002-04-25 [PTadmin] Official Update 2002-02
0 !HISTORY 2004-12-11 [nielsk] Recreated using Primitive Generator, Edge lines fixed, BFC changed to CCW
0 !HISTORY 2005-12-28 [PTadmin] Official Update 2005-01
0 !HISTORY 2007-06-24 [PTadmin] Header formatted for Contributor Agreement
0 !HISTORY 2008-07-01 [PTadmin] Official Update 2008-01


4 16 .9239 1 .3827 .9239 0 .3827 1 0 0 1 1 0
4 16 .7071 1 .7071 .7071 0 .7071 .9239 0 .3827 .9239 1 .3827
4 16 .3827 1 .9239 .3827 0 .9239 .7071 0 .7071 .7071 1 .7071
4 16 0 1 1 0 0 1 .3827 0 .9239 .3827 1 .9239
4 16 -.3827 1 .9239 -.3827 0 .9239 0 0 1 0 1 1
4 16 -.7071 1 .7071 -.7071 0 .7071 -.3827 0 .9239 -.3827 1 .9239
4 16 -.9239 1 .3827 -.9239 0 .3827 -.7071 0 .7071 -.7071 1 .7071
4 16 -1 1 0 -1 0 0 -.9239 0 .3827 -.9239 1 .3827
4 16 -.9239 1 -.3827 -.9239 0 -.3827 -1 0 0 -1 1 0
4 16 -.7071 1 -.7071 -.7071 0 -.7071 -.9239 0 -.3827 -.9239 1 -.3827
4 16 -.3827 1 -.9239 -.3827 0 -.9239 -.7071 0 -.7071 -.7071 1 -.7071
4 16 0 1 -1 0 0 -1 -.3827 0 -.9239 -.3827 1 -.9239
5 24 1 1 0 1 0 0 1 1 -.4142 .9239 1 .3827
5 24 .9239 1 .3827 .9239 0 .3827 1 1 0 .7071 1 .7071
5 24 .7071 1 .7071 .7071 0 .7071 .9239 1 .3827 .3827 1 .9239
5 24 .3827 1 .9239 .3827 0 .9239 .7071 1 .7071 0 1 1
5 24 0 1 1 0 0 1 .3827 1 .9239 -.3827 1 .9239
5 24 -.3827 1 .9239 -.3827 0 .9239 0 1 1 -.7071 1 .7071
5 24 -.7071 1 .7071 -.7071 0 .7071 -.3827 1 .9239 -.9239 1 .3827
5 24 -.9239 1 .3827 -.9239 0 .3827 -.7071 1 .7071 -1 1 0
5 24 -1 1 0 -1 0 0 -.9239 1 .3827 -.9239 1 -.3827
5 24 -.9239 1 -.3827 -.9239 0 -.3827 -1 1 0 -.7071 1 -.7071
5 24 -.7071 1 -.7071 -.7071 0 -.7071 -.9239 1 -.3827 -.3827 1 -.9239
5 24 -.3827 1 -.9239 -.3827 0 -.9239 -.7071 1 -.7071 0 1 -1
5 24 0 1 -1 0 0 -1 -.3827 1 -.9239 .4142 1 -1
0

0 FILE tri3a4.dat
0 Triangular Prism with 3 Adjacent Faces without 4 Edges
0 Name: tri3a4.dat
0 Author: Magnus Forsberg [MagFors]
0 !LDRAW_ORG Primitive UPDATE 2017-01
0 !LICENSE Licensed under CC BY 4.0 : see CAreadme.txt

0 BFC CERTIFY CCW

0 !HISTORY 2017-12-30 [PTadmin] Official Update 2017-01


2 24 0 1 1 0 1 0
2 24 0 1 0 1 1 0
2 24 0 0 1 0 0 0
2 24 0 0 0 1 0 0
2 24 0 0 0 0 1 0
4 16 0 1 1 0 1 0 0 0 0 0 0 1
4 16 0 1 0 1 1 0 1 0 0 0 0 0
3 16 0 1 0 0 1 1 1 1 0

0 FILE 2-4edge.dat
0 Circle 0.5
0 Name: 2-4edge.dat
0 Author: James Jessiman
0 !LDRAW_ORG Primitive UPDATE 2017-01
0 !LICENSE Licensed under CC BY 4.0 : see CAreadme.txt

0 BFC CERTIFY CCW

0 !HISTORY 2007-06-24 [PTadmin] Header formatted for Contributor Agreement
0 !HISTORY 2008-07-01 [PTadmin] Official Update 2008-01
0 !HISTORY 2017-01-15 [Steffen] BFCed
0 !HISTORY 2017-12-30 [PTadmin] Official Update 2017-01


2 24 1 0 0 0.9239 0 0.3827
2 24 0.9239 0 0.3827 0.7071 0 0.7071
2 24 0.7071 0 0.7071 0.3827 0 0.9239
2 24 0.3827 0 0.9239 0 0 1
2 24 0 0 1 -0.3827 0 0.9239
2 24 -0.3827 0 0.9239 -0.7071 0 0.7071
2 24 -0.7071 0 0.7071 -0.9239 0 0.3827
2 24 -0.9239 0 0.3827 -1 0 0

0 FILE 3-4edge.dat
0 Circle 0.75
0 Name: 3-4edge.dat
0 Author: James Jessiman
0 !LDRAW_ORG Primitive UPDATE 2017-01
0 !LICENSE Licensed under CC BY 4.0 : see CAreadme.txt

0 BFC CERTIFY CCW

0 !HISTORY 2007-06-24 [PTadmin] Header formatted for Contributor Agreement
0 !HISTORY 2008-07-01 [PTadmin] Official Update 2008-01
0 !HISTORY 2017-01-15 [Steffen] BFCed
0 !HISTORY 2017-12-30 [PTadmin] Official Update 2017-01


2 24 1 0 0 0.9239 0 0.3827
2 24 0.9239 0 0.3827 0.7071 0 0.7071
2 24 0.7071 0 0.7071 0.3827 0 0.9239
2 24 0.3827 0 0.9239 0 0 1
2 24 0 0 1 -0.3827 0 0.9239
2 24 -0.3827 0 0.9239 -0.7071 0 0.7071
2 24 -0.7071 0 0.7071 -0.9239 0 0.3827
2 24 -0.9239 0 0.3827 -1 0 0
2 24 -1 0 -0 -0.9239 0 -0.3827
2 24 -0.9239 0 -0.3827 -0.7071 0 -0.7071
2 24 -0.7071 0 -0.7071 -0.3827 0 -0.9239
2 24 -0.3827 0 -0.9239 0 0 -1

0 FILE 3-4ring1.dat
0 Ring  1 x 0.75
0 Name: 3-4ring1.dat
0 Author: Willy Tschager [Holly-Wood]
0 !LDRAW_ORG Primitive UPDATE 2024-01
0 !LICENSE Licensed under CC BY 4.0 : see CAreadme.txt

0 BFC CERTIFY CCW

0 !HISTORY 2010-07-05 [PTadmin] Official Update 2010-02
0 !HISTORY 2024-01-19 [Holly-Wood] Complete regeneration, original by guyvivan
0 !HISTORY 2024-01-29 [OrionP] Official Update 2024-01

4 16 2 0 0 1.8478 0 0.7654 0.9239 0 0.3827 1 0 0
4 16 1.8478 0 0.7654 1.4142 0 1.4142 0.7071 0 0.7071 0.9239 0 0.3827
4 16 1.4142 0 1.4142 0.7654 0 1.8478 0.3827 0 0.9239 0.7071 0 0.7071
4 16 0.7654 0 1.8478 0 0 2 0 0 1 0.3827 0 0.9239
4 16 0 0 2 -0.7654 0 1.8478 -0.3827 0 0.9239 0 0 1
4 16 -0.7654 0 1.8478 -1.4142 0 1.4142 -0.7071 0 0.7071 -0.3827 0 0.9239
4 16 -1.4142 0 1.4142 -1.8478 0 0.7654 -0.9239 0 0.3827 -0.7071 0 0.7071
4 16 -1.8478 0 0.7654 -2 0 0 -1 0 0 -0.9239 0 0.3827
4 16 -2 0 0 -1.8478 0 -0.7654 -0.9239 0 -0.3827 -1 0 0
4 16 -1.8478 0 -0.7654 -1.4142 0 -1.4142 -0.7071 0 -0.7071 -0.9239 0 -0.3827
4 16 -1.4142 0 -1.4142 -0.7654 0 -1.8478 -0.3827 0 -0.9239 -0.7071 0 -0.7071
4 16 -0.7654 0 -1.8478 0 0 -2 0 0 -1 -0.3827 0 -0.9239
0 // Build by LDPartEditor (PrimGen 2.X)

0 FILE 2-4con10.dat
0 Cone 10 x 0.5
0 Name: 2-4con10.dat
0 Author: Michael Heidemann [mikeheide]
0 !LDRAW_ORG Primitive UPDATE 2010-02
0 !LICENSE Licensed under CC BY 4.0 : see CAreadme.txt

0 BFC CERTIFY CCW

0 !HISTORY 2010-07-05 [PTadmin] Official Update 2010-02


4 16 10 1 0 9.239 1 3.827 10.1629 0 4.2097 11 0 0
4 16 9.239 1 3.827 7.071 1 7.071 7.7781 0 7.7781 10.1629 0 4.2097
4 16 7.071 1 7.071 3.827 1 9.239 4.2097 0 10.1629 7.7781 0 7.7781
4 16 3.827 1 9.239 0 1 10 0 0 11 4.2097 0 10.1629
4 16 0 1 10 -3.827 1 9.239 -4.2097 0 10.1629 0 0 11
4 16 -3.827 1 9.239 -7.071 1 7.071 -7.7781 0 7.7781 -4.2097 0 10.1629
4 16 -7.071 1 7.071 -9.239 1 3.827 -10.1629 0 4.2097 -7.7781 0 7.7781
4 16 -9.239 1 3.827 -10 1 0 -11 0 0 -10.1629 0 4.2097
0 // conditional lines
5 24 10 1 0 11 0 0 9.239 1 -3.827 9.239 1 3.827
5 24 9.239 1 3.827 10.1629 0 4.2097 10 1 0 7.071 1 7.071
5 24 7.071 1 7.071 7.7781 0 7.7781 9.239 1 3.827 3.827 1 9.239
5 24 3.827 1 9.239 4.2097 0 10.1629 7.071 1 7.071 0 1 10
5 24 0 1 10 0 0 11 3.827 1 9.239 -3.827 1 9.239
5 24 -3.827 1 9.239 -4.2097 0 10.1629 0 1 10 -7.071 1 7.071
5 24 -7.071 1 7.071 -7.7781 0 7.7781 -3.827 1 9.239 -9.239 1 3.827
5 24 -9.239 1 3.827 -10.1629 0 4.2097 -7.071 1 7.071 -10 1 0
5 24 -10 1 0 -11 0 0 -9.239 1 3.827 -9.239 1 -3.827
0 // end of file
0

0 FILE 2-4con4.dat
0 Cone  4 x 0.5
0 Name: 2-4con4.dat
0 Author: Mark Kennedy [mkennedy]
0 !LDRAW_ORG Primitive UPDATE 2012-01
0 !LICENSE Licensed under CC BY 4.0 : see CAreadme.txt

0 BFC CERTIFY CCW

0 !HISTORY 2009-05-02 [PTadmin] Official Update 2009-01
0 !HISTORY 2012-02-16 [Philo] Recreated CCW
0 !HISTORY 2012-03-30 [PTadmin] Official Update 2012-01


4 16 4 1 0 3.6956 1 1.5308 4.6195 0 1.9135 5 0 0
4 16 3.6956 1 1.5308 2.8284 1 2.8284 3.5355 0 3.5355 4.6195 0 1.9135
4 16 2.8284 1 2.8284 1.5308 1 3.6956 1.9135 0 4.6195 3.5355 0 3.5355
4 16 1.5308 1 3.6956 0 1 4 0 0 5 1.9135 0 4.6195
4 16 0 1 4 -1.5308 1 3.6956 -1.9135 0 4.6195 0 0 5
4 16 -1.5308 1 3.6956 -2.8284 1 2.8284 -3.5355 0 3.5355 -1.9135 0 4.6195
4 16 -2.8284 1 2.8284 -3.6956 1 1.5308 -4.6195 0 1.9135 -3.5355 0 3.5355
4 16 -3.6956 1 1.5308 -4 1 0 -5 0 0 -4.6195 0 1.9135
0 // conditional lines
5 24 4 1 0 5 0 0 4 1 -1.6569 3.6955 1 1.5307
5 24 3.6956 1 1.5308 4.6195 0 1.9135 4 1 0 2.8284 1 2.8284
5 24 2.8284 1 2.8284 3.5355 0 3.5355 3.6955 1 1.5307 1.5307 1 3.6955
5 24 1.5308 1 3.6956 1.9135 0 4.6195 2.8284 1 2.8284 0 1 4
5 24 0 1 4 0 0 5 1.5307 1 3.6955 -1.5307 1 3.6955
5 24 -1.5308 1 3.6956 -1.9135 0 4.6195 0 1 4 -2.8284 1 2.8284
5 24 -2.8284 1 2.8284 -3.5355 0 3.5355 -1.5307 1 3.6955 -3.6955 1 1.5307
5 24 -3.6956 1 1.5308 -4.6195 0 1.9135 -2.8284 1 2.8284 -4 1 0
5 24 -4 1 0 -5 0 0 -3.6955 1 1.5307 -4 1 -1.6569
0 // Build by Primitive Generator 2

0 FILE 1-4con10.dat
0 Cone 10 x 0.25
0 Name: 1-4con10.dat
0 Author: Willy Tschager [Holly-Wood]
0 !LDRAW_ORG Primitive UPDATE 2024-02
0 !LICENSE Licensed under CC BY 4.0 : see CAreadme.txt

0 BFC CERTIFY CCW

0 !HISTORY 1999-07-05 [PTadmin] Official Update 1999-05
0 !HISTORY 2002-12-11 [cwdee] Standardised title and made BFC compliant
0 !HISTORY 2003-03-12 [PTadmin] Official Update 2003-01
0 !HISTORY 2004-11-07 [nielsk] Added missing edge
0 !HISTORY 2004-12-15 [nielsk] BFC changed to CCW
0 !HISTORY 2005-12-28 [PTadmin] Official Update 2005-01
0 !HISTORY 2007-06-22 [PTadmin] Header formatted for Contributor Agreement
0 !HISTORY 2008-07-01 [PTadmin] Official Update 2008-01
0 !HISTORY 2024-02-06 [Holly-Wood] Complete regeneration, original by Karim Nassar
0 !HISTORY 2024-03-24 [OrionP] Official Update 2024-02

4 16 10 1 0 9.239 1 3.827 10.1629 0 4.2097 11 0 0
4 16 9.239 1 3.827 7.071 1 7.071 7.7781 0 7.7781 10.1629 0 4.2097
4 16 7.071 1 7.071 3.827 1 9.239 4.2097 0 10.1629 7.7781 0 7.7781
4 16 3.827 1 9.239 0 1 10 0 0 11 4.2097 0 10.1629
0 // conditional lines
5 24 10 1 0 11 0 0 10 1 -4.142 9.239 1 3.827
5 24 9.239 1 3.827 10.1629 0 4.2097 10 1 0 7.071 1 7.071
5 24 7.071 1 7.071 7.7781 0 7.7781 9.239 1 3.827 3.827 1 9.239
5 24 3.827 1 9.239 4.2097 0 10.1629 7.071 1 7.071 0 1 10
5 24 0 1 10 0 0 11 3.827 1 9.239 -4.142 1 10
0 // Build by LDPartEditor (PrimGen 2.X)

0 FILE 1-4con4.dat
0 Cone  4 x 0.25
0 Name: 1-4con4.dat
0 Author: Steve Bliss [sbliss]
0 !LDRAW_ORG Primitive UPDATE 2012-01
0 !LICENSE Licensed under CC BY 4.0 : see CAreadme.txt

0 BFC CERTIFY CCW

0 !HISTORY 1998-12-15 [PTadmin] Official Update 1998-10
0 !HISTORY 1999-02-01 [PTadmin] Official Update 1999-01
0 !HISTORY 1999-05-11 [sbliss] Added optional lines
0 !HISTORY 1999-05-17 [PTadmin] Official Update 1999-03
0 !HISTORY 2002-12-11 [cwdee] Standardised title and made BFC compliant
0 !HISTORY 2003-03-12 [PTadmin] Official Update 2003-01
0 !HISTORY 2007-06-22 [PTadmin] Header formatted for Contributor Agreement
0 !HISTORY 2008-07-01 [PTadmin] Official Update 2008-01
0 !HISTORY 2012-02-16 [Philo] Recreated CCW
0 !HISTORY 2012-03-30 [PTadmin] Official Update 2012-01


4 16 4 1 0 3.6956 1 1.5308 4.6195 0 1.9135 5 0 0
4 16 3.6956 1 1.5308 2.8284 1 2.8284 3.5355 0 3.5355 4.6195 0 1.9135
4 16 2.8284 1 2.8284 1.5308 1 3.6956 1.9135 0 4.6195 3.5355 0 3.5355
4 16 1.5308 1 3.6956 0 1 4 0 0 5 1.9135 0 4.6195
0 // conditional lines
5 24 4 1 0 5 0 0 4 1 -1.6569 3.6955 1 1.5307
5 24 3.6956 1 1.5308 4.6195 0 1.9135 4 1 0 2.8284 1 2.8284
5 24 2.8284 1 2.8284 3.5355 0 3.5355 3.6955 1 1.5307 1.5307 1 3.6955
5 24 1.5308 1 3.6956 1.9135 0 4.6195 2.8284 1 2.8284 0 1 4
5 24 0 1 4 0 0 5 1.5307 1 3.6955 -1.6569 1 4
0 // Build by Primitive Generator 2

0 FILE 1-8chrd.dat
0 Chord 0.125
0 Name: 1-8chrd.dat
0 Author: Orion Pobursky [OrionP]
0 !LDRAW_ORG Primitive UPDATE 2023-05
0 !LICENSE Licensed under CC BY 4.0 : see CAreadme.txt

0 BFC CERTIFY CCW

0 !HISTORY 2004-04-22 [PTadmin] Official Update 2004-02
0 !HISTORY 2007-06-22 [PTadmin] Header formatted for Contributor Agreement
0 !HISTORY 2008-07-01 [PTadmin] Official Update 2008-01
0 !HISTORY 2023-10-27 [OrionP] Rebuilt with PrimGen2, original author westrate
0 !HISTORY 2023-10-31 [OrionP] Official Update 2023-05

3 16 1 0 0 0.9239 0 0.3827 0.7071 0 0.7071

0 FILE 3-4cylo.dat
0 Cylinder Open 0.75
0 Name: 3-4cylo.dat
0 Author: Philippe Hurbain [Philo]
0 !LDRAW_ORG Primitive UPDATE 2011-02
0 !LICENSE Licensed under CC BY 4.0 : see CAreadme.txt

0 BFC CERTIFY CCW

0 !HISTORY 2011-12-29 [PTadmin] Official Update 2011-02


1 16 0 0 0 1 0 0 0 1 0 0 0 1 3-4edge.dat
1 16 0 1 0 1 0 0 0 1 0 0 0 1 3-4edge.dat
1 16 0 0 0 1 0 0 0 1 0 0 0 1 3-4cyli.dat

0 FILE 3-4ndis.dat
0 Disc Negative 0.75
0 Name: 3-4ndis.dat
0 Author: James Jessiman
0 !LDRAW_ORG Primitive UPDATE 2012-01
0 !LICENSE Licensed under CC BY 4.0 : see CAreadme.txt

0 BFC CERTIFY CCW

0 !HISTORY 2002-03-23 [sbliss] Added BFC statement; compacted code
0 !HISTORY 2002-04-25 [PTadmin] Official Update 2002-02
0 !HISTORY 2007-06-24 [PTadmin] Header formatted for Contributor Agreement
0 !HISTORY 2008-07-01 [PTadmin] Official Update 2008-01
0 !HISTORY 2012-02-16 [Philo] Changed to CCW
0 !HISTORY 2012-03-30 [PTadmin] Official Update 2012-01


3 16 0.9239 0 0.3827 1 0 0 1 0 1
3 16 0.7071 0 0.7071 0.9239 0 0.3827 1 0 1
3 16 0.3827 0 0.9239 0.7071 0 0.7071 1 0 1
3 16 0 0 1 0.3827 0 0.9239 1 0 1
3 16 -0.3827 0 0.9239 0 0 1 -1 0 1
3 16 -0.7071 0 0.7071 -0.3827 0 0.9239 -1 0 1
3 16 -0.9239 0 0.3827 -0.7071 0 0.7071 -1 0 1
3 16 -1 0 0 -0.9239 0 0.3827 -1 0 1
3 16 -0.9239 0 -0.3827 -1 0 0 -1 0 -1
3 16 -0.7071 0 -0.7071 -0.9239 0 -0.3827 -1 0 -1
3 16 -0.3827 0 -0.9239 -0.7071 0 -0.7071 -1 0 -1
3 16 0 0 -1 -0.3827 0 -0.9239 -1 0 -1

0 FILE parts/s/3816s01.dat
0 ~Minifig Leg Right without Front Surfaces (Obsolete)
0 Name: s\3816s01.dat
0 Author: Steve Bliss [sbliss]
0 !LDRAW_ORG Subpart UPDATE 2025-09
0 !LICENSE Licensed under CC BY 4.0 : see CAreadme.txt

0 BFC CERTIFY CCW

0 !HISTORY 1999-02-01 [PTadmin] Official Update 1999-01
0 !HISTORY 2002-05-29 [fwcain] removed all front surfaces (put into "main" file[s])...
0 !HISTORY 2002-08-18 [PTadmin] Official Update 2002-04
0 !HISTORY 2007-09-13 [PTadmin] Header formatted for Contributor Agreement
0 !HISTORY 2008-07-01 [PTadmin] Official Update 2008-01
0 !HISTORY 2008-07-07 [tchang] Add BFC, partially rebuild
0 !HISTORY 2008-12-31 [tchang] Corrected some conditional lines
0 !HISTORY 2009-08-24 [PTadmin] Renamed from s/971s01
0 !HISTORY 2009-12-29 [PTadmin] Official Update 2009-03
0 !HISTORY 2013-04-01 [tchang] Suppress overlap faces
0 !HISTORY 2013-04-03 [MagFors] Used new file s\3816s02.dat
0 !HISTORY 2013-12-23 [PTadmin] Official Update 2013-02
0 !HISTORY 2020-05-30 [cwdee] Obsoleted due to bad leg geometry
0 !HISTORY 2022-01-14 [PTadmin] Official Update 2022-01
0 !HISTORY 2025-09-27 [OrionP] Changed winding to CCW
0 !HISTORY 2025-09-29 [OrionP] Official Update 2025-09

1 16 0 0 0 1 0 0 0 1 0 0 0 1 s/3816s02.dat
0 // outer side surface
4 16 -19.18 20 -11 -19.18 20 -6 -19.5 28 9 -19.5 28 -11
4 16 -18.64 6.74 -6 -18.36 0 9 -19.5 28 9 -19.18 20 -6
3 16 -18.64 6.74 -6 -18.36 0 0 -18.36 0 9
4 16 -18.11 -6.3 6.3 -18.23 -3.42 8.28 -18.36 0 9 -18.36 0 0
4 16 -18 -9 0 -18.03 -8.28 3.42 -18.11 -6.3 6.3 -18.36 0 0
4 16 -18.11 -6.3 -6.3 -18.03 -8.28 -3.42 -18 -9 0 -18.36 0 0
4 16 -18.36 0 -9 -18.23 -3.42 -8.28 -18.11 -6.3 -6.3 -18.36 0 0
4 16 -18.64 6.74 -6 -18.5 3.42 -8.28 -18.36 0 -9 -18.36 0 0

0 FILE parts/s/3817s01.dat
0 ~Minifig Leg Left without Front Surfaces (Obsolete)
0 Name: s\3817s01.dat
0 Author: Steve Bliss [sbliss]
0 !LDRAW_ORG Subpart UPDATE 2025-09
0 !LICENSE Licensed under CC BY 4.0 : see CAreadme.txt

0 BFC CERTIFY CCW

0 !HISTORY 1999-02-01 [PTadmin] Official Update 1999-01
0 !HISTORY 2002-05-29 [fwcain] removed all front surfaces (put into "main" file[s])
0 !HISTORY 2002-08-18 [PTadmin] Official Update 2002-04
0 !HISTORY 2003-07-01 [sbliss] Changed to be a mirror reference to 971s01
0 !HISTORY 2003-12-19 [PTadmin] Official Update 2003-03
0 !HISTORY 2007-09-13 [PTadmin] Header formatted for Contributor Agreement
0 !HISTORY 2008-07-01 [PTadmin] Official Update 2008-01
0 !HISTORY 2009-05-20 [Steffen] BFCed
0 !HISTORY 2009-08-24 [PTadmin] Renamed from s/972s01
0 !HISTORY 2009-12-29 [PTadmin] Official Update 2009-03
0 !HISTORY 2020-05-30 [cwdee] Obsoleted due to bad leg geometry
0 !HISTORY 2022-01-14 [PTadmin] Official Update 2022-01
0 !HISTORY 2025-09-27 [OrionP] Changed winding to CCW
0 !HISTORY 2025-09-29 [OrionP] Official Update 2025-09

0 // Un-Comment these lines for front surfaces:
0 // 4 16 2 -6.30 -6.30 2 -3.42 -8.28 18.23 -3.42 -8.28 18.11 -6.30 -6.30
0 // 4 16 2 -3.42 -8.28 2 0 -9 18.36 0 -9 18.23 -3.42 -8.28
0 // 4 16 2 0 -9 2 3.42 -8.28 18.50 3.42 -8.28 18.36 0 -9
0 // 4 16 2 3.42 -8.28 2 6.74 -6 18.64 6.74 -6 18.50 3.42 -8.28
0 // 4 16 2 6.74 -6 2 7.70 -6 18.68 7.70 -6 18.64 6.74 -6
0 // 4 16 1.50 7.70 -6 1.50 20 -6 19.18 20 -6 18.68 7.70 -6
0 // 4 16 1.50 20 -6 1.50 20 -11 19.18 20 -11 19.18 20 -6
0 // 4 16 1.50 20 -11 1.50 28 -11 19.50 28 -11 19.18 20 -11

1 16 0 0 0 -1 0 0 0 1 0 0 0 1 s/3816s01.dat
0

0 FILE parts/s/3816s02.dat
0 ~Minifig Leg Right without Front and Side Surfaces (Obsolete)
0 Name: s\3816s02.dat
0 Author: Magnus Forsberg [MagFors]
0 !LDRAW_ORG Subpart UPDATE 2025-09
0 !LICENSE Licensed under CC BY 4.0 : see CAreadme.txt

0 BFC CERTIFY CCW

0 !HISTORY 2013-12-23 [PTadmin] Official Update 2013-02
0 !HISTORY 2020-05-30 [cwdee] Obsoleted due to bad leg geometry
0 !HISTORY 2022-01-14 [PTadmin] Official Update 2022-01
0 !HISTORY 2025-09-27 [OrionP] Changed winding to CCW
0 !HISTORY 2025-09-29 [OrionP] Official Update 2025-09

0 // Interior

2 24 -4 28 -7 -4 28 5
2 24 -4 28 5 -16 28 5
2 24 -16 28 5 -16 28 -7
2 24 -16 28 5 -16 24 5
2 24 -4 28 5 -4 24 5
0 BFC INVERTNEXT
1 16 -10 18 5 6 0 0 0 0 6 0 4 0 4-4cylo.dat
1 16 -10 18 5 6 0 0 0 0 6 0 1 0 4-4ndis.dat
4 16 -10 24 5 -16 24 5 -16 28 5 -4 28 5
3 16 -4 24 5 -10 24 5 -4 28 5
4 16 -4 8 5 -16 8 5 -16 12 5 -10 12 5
3 16 -4 8 5 -10 12 5 -4 12 5
0 BFC INVERTNEXT
1 16 -10 16 5 -6 0 0 0 0 -8 0 -8 0 box4-4a.dat
4 16 -16 28 -7 -16 28 5 -16 24 5 -16 24 -3
3 16 -16 24 -3 -16 24 -7 -16 28 -7
4 16 -4 24 -3 -4 24 5 -4 28 5 -4 28 -7
3 16 -4 28 -7 -4 24 -7 -4 24 -3
0 BFC INVERTNEXT
1 16 -10 26 -5 -6 0 0 0 0 -2 0 -2 0 box2-5.dat
0 // Bottom
2 24 -19.5 28 -11 -1.5 28 -11
2 24 -1.5 28 -11 -1.5 28 9
2 24 -1.5 28 9 -19.5 28 9
2 24 -19.5 28 9 -19.5 28 -11
4 16 -19.5 28 -11 -19.5 28 9 -16 28 5 -16 28 -7
4 16 -19.5 28 9 -1.5 28 9 -4 28 5 -16 28 5
4 16 -1.5 28 9 -1.5 28 -11 -4 28 -7 -4 28 5
4 16 -1.5 28 -11 -19.5 28 -11 -16 28 -7 -4 28 -7
0 // Front
2 24 -19.5 28 -11 -19.18 20 -11
2 24 -1.5 28 -11 -1.5 20 -11
2 24 -19.18 20 -11 -19.18 20 -6
2 24 -19.18 20 -6 -1.5 20 -6
2 24 -1.5 20 -6 -1.5 20 -11
2 24 -1.5 20 -11 -19.18 20 -11
2 24 -2 6.74 -6 -2 7.69 -6
2 24 -19.18 20 -6 -18.64 6.74 -6
2 24 -1.5 20 -6 -1.5 7.69 -6
2 24 -18.64 6.74 -6 -2 6.74 -6
0 // Side out
2 24 -19.5 28 9 -18.36 0 9
2 24 -18.36 0 9 -18.23 -3.42 8.28
2 24 -18.23 -3.42 8.28 -18.11 -6.3 6.3
2 24 -18.11 -6.3 6.3 -18.03 -8.28 3.42
2 24 -18.03 -8.28 3.42 -18 -9 0
2 24 -18 -9 0 -18.03 -8.28 -3.42
2 24 -18.03 -8.28 -3.42 -18.11 -6.3 -6.3
2 24 -18.11 -6.3 -6.3 -18.23 -3.42 -8.28
2 24 -18.23 -3.42 -8.28 -18.36 0 -9
2 24 -18.36 0 -9 -18.5 3.42 -8.28
2 24 -18.5 3.42 -8.28 -18.64 6.74 -6

0 // Side in
2 24 -1.5 28 9 -1.5 4.1 9
4 16 -1.5 28 -11 -1.5 28 9 -1.5 20 -6 -1.5 20 -11
3 16 -1.5 20 -6 -1.5 9.2 -3.8 -1.5 7.7 -6
4 16 -1.5 20 -6 -1.5 28 9 -1.5 10 0 -1.5 9.2 -3.8
3 16 -1.5 28 9 -1.5 9.2 3.8 -1.5 10 0
3 16 -1.5 28 9 -1.5 7 7 -1.5 9.2 3.8
3 16 -1.5 28 9 -1.5 4.1 9 -1.5 7 7

0 // Side out
2 24 -2 7.7 -6 -2 9.2 -3.8
2 24 -2 9.2 -3.8 -2 10 0
2 24 -2 10 0 -2 9.2 3.8
2 24 -2 9.2 3.8 -2 7 7
2 24 -2 7 7 -2 4.1 9
2 24 -1.5 7.7 -6 -1.5 9.2 -3.8
2 24 -1.5 9.2 -3.8 -1.5 10 0
2 24 -1.5 10 0 -1.5 9.2 3.8
2 24 -1.5 9.2 3.8 -1.5 7 7
2 24 -1.5 7 7 -1.5 4.1 9
2 24 -1.5 7.7 -6 -2 7.7 -6
2 24 -1.5 4.1 9 -2 4.1 9
4 16 -1.5 7.7 -6 -1.5 9.2 -3.8 -2 9.2 -3.8 -2 7.7 -6
4 16 -1.5 9.2 -3.8 -1.5 10 0 -2 10 0 -2 9.2 -3.8
4 16 -1.5 10 0 -1.5 9.2 3.8 -2 9.2 3.8 -2 10 0
4 16 -1.5 9.2 3.8 -1.5 7 7 -2 7 7 -2 9.2 3.8
4 16 -1.5 7 7 -1.5 4.1 9 -2 4.1 9 -2 7 7
5 24 -2 9.2 -3.8 -1.5 9.2 -3.8 -2 7.7 -6 -2 10 0
5 24 -2 10 0 -1.5 10 0 -2 9.2 -3.8 -2 9.2 3.8
5 24 -2 9.2 3.8 -1.5 9.2 3.8 -2 10 0 -2 7 7
5 24 -2 7 7 -1.5 7 7 -2 9.2 3.8 -2 4.1 9

2 24 -2 4.1 9 -2 0 9
2 24 -2 0 9 -2 -3.42 8.28
2 24 -2 -3.42 8.28 -2 -6.3 6.3
2 24 -2 -6.3 6.3 -2 -8.28 3.42
2 24 -2 -8.28 3.42 -2 -9 0
2 24 -2 -9 0 -2 -8.28 -3.42
2 24 -2 -8.28 -3.42 -2 -6.3 -6.3
2 24 -2 -6.3 -6.3 -2 -3.42 -8.28
2 24 -2 -3.42 -8.28 -2 0 -9
2 24 -2 0 -9 -2 3.42 -8.28
2 24 -2 3.42 -8.28 -2 6.74 -6
0 BFC INVERTNEXT
1 16 -7.72 0 0 0 5.72 0 3 0 0 0 0 3 4-4cylo.dat
4 16 -2 1.1481 2.7717 -2 2.1213 2.1213 -2 4.1 9 -2 0 9
4 16 -2 0 3 -2 1.1481 2.7717 -2 0 9 -2 -3.42 8.28
4 16 -2 -1.1481 2.7717 -2 0 3 -2 -3.42 8.28 -2 -6.3 6.3
4 16 -2 -2.1213 2.1213 -2 -1.1481 2.7717 -2 -6.3 6.3 -2 -8.28 3.42
4 16 -2 -2.7717 1.1481 -2 -2.1213 2.1213 -2 -8.28 3.42 -2 -9 0
4 16 -2 -3 0 -2 -2.7717 1.1481 -2 -9 0 -2 -8.28 -3.42
4 16 -2 -2.7717 -1.1481 -2 -3 0 -2 -8.28 -3.42 -2 -6.3 -6.3
4 16 -2 -2.1213 -2.1213 -2 -2.7717 -1.1481 -2 -6.3 -6.3 -2 -3.42 -8.28
4 16 -2 -1.1481 -2.7717 -2 -2.1213 -2.1213 -2 -3.42 -8.28 -2 0 -9
4 16 -2 0 -3 -2 -1.1481 -2.7717 -2 0 -9 -2 3.42 -8.28
4 16 -2 1.1481 -2.7717 -2 0 -3 -2 3.42 -8.28 -2 6.74 -6
4 16 -2 2.1213 -2.1213 -2 1.1481 -2.7717 -2 6.74 -6 -2 7.7 -6
4 16 -2 2.7717 -1.1481 -2 2.1213 -2.1213 -2 7.7 -6 -2 9.2 -3.8
4 16 -2 3 0 -2 2.7717 -1.1481 -2 9.2 -3.8 -2 10 0
4 16 -2 2.7717 1.1481 -2 3 0 -2 10 0 -2 9.2 3.8
4 16 -2 2.1213 2.1213 -2 2.7717 1.1481 -2 9.2 3.8 -2 7 7
3 16 -2 4.1 9 -2 2.1213 2.1213 -2 7 7

0 // Hole side
0 BFC INVERTNEXT
1 16 -14.34 0 0 0 6.62 0 -6 0 0 0 0 -6 1-4cylc.dat
2 24 -7.72 0 -6 -7.72 2.3 -5.54
2 24 -7.72 2.3 -5.54 -7.72 3.55 -4.71
2 24 -7.72 3.55 -4.71 -10 4 -4.4
2 24 -10 4 -4.4 -12.3 3.54 -4.71
2 24 -12.3 3.54 -4.71 -14.24 2.24 -5.55
2 24 -14.24 2.24 -5.55 -14.34 2.1 -5.58
2 24 -14.34 2.1 -5.58 -14.34 0 -6
2 24 -14.34 2.1 -5.58 -14.34 2.1 5
2 24 -7.72 3.55 5 -7.72 3.55 -4.71
2 24 -14.34 -6 5 -7.72 -6 5
2 24 -7.72 -6 5 -7.72 3.55 5
2 24 -14.34 2.1 5 -14.34 -6 5
2 24 -14.34 -6 5 -14.34 -6 0
2 24 -7.72 -6 0 -7.72 -6 5
4 16 -14.34 -6 5 -7.72 -6 5 -7.72 -6 0 -14.34 -6 0
4 16 -7.72 0 -6 -7.72 2.3 -5.54 -14.34 2.1 -5.58 -14.34 0 -6
3 16 -7.72 2.3 -5.54 -14.24 2.24 -5.55 -14.34 2.1 -5.58
3 16 -12.3 3.54 -4.71 -14.24 2.24 -5.55 -7.72 2.3 -5.54
4 16 -10 4 -4.4 -12.3 3.54 -4.71 -7.72 2.3 -5.54 -7.72 3.55 -4.71
5 24 -7.72 2.3 -5.54 -14.24 2.24 -5.55 -14.34 2.1 -5.58 -12.3 3.54 -4.71
4 16 -14.34 2.1 5 -14.34 -6 5 -14.34 -6 0 -14.34 0 0
4 16 -14.34 0 -6 -14.34 2.1 -5.58 -14.34 2.1 5 -14.34 0 0
1 16 -7.72 0 0 0 1 0 -3 0 0 0 0 -3 1-4ring1.dat
1 16 -7.72 0 0 0 1 0 0 0 3 -3 0 0 3-4ndis.dat
4 16 -7.72 -6 5 -7.72 -3 3 -7.72 -3 0 -7.72 -6 0
4 16 -7.72 0 3 -7.72 -6 5 -7.72 3.55 5 -7.72 3 3
4 16 -7.72 3 0 -7.72 3.55 5 -7.72 3.55 -4.71 -7.72 3 -3
4 16 -7.72 0 -3 -7.72 3 -3 -7.72 2.3 -5.54 -7.72 0 -6
3 16 -7.72 2.3 -5.54 -7.72 3 -3 -7.72 3.55 -4.71

1 16 -10 -2 5 6 0 0 0 0 -6 0 1 0 2-4edge.dat
2 24 -14.34 2.1 5 -15.5434 0.2962 5
2 24 -15.5434 0.2962 5 -16 -2 5
2 24 -4 -2 5 -4.4566 0.2962 5
2 24 -4.4566 0.2962 5 -5.7574 2.2426 5
2 24 -5.7574 2.2426 5 -7.72 3.55 5

4 16 -16 -2 5 -14.34 -6 5 -14.34 2.1 5 -15.5434 0.2962 5
4 16 -14.2426 -6.2426 5 -14.34 -6 5 -16 -2 5 -15.5434 -4.2962 5
4 16 -10 -8 5 -14.34 -6 5 -12.8194 -7.1937 5 -12.2962 -7.5434 5
4 16 -7.7038 -7.5434 5 -7.72 -6 5 -14.34 -6 5 -10 -8 5
4 16 -4.4566 -4.2962 5 -7.72 -6 5 -7.7038 -7.5434 5 -7.1806 -7.1937 5
4 16 -4.4566 0.2962 5 -7.72 -6 5 -4.4566 -4.2962 5 -4 -2 5
4 16 -7.72 3.55 5 -7.72 -6 5 -4.4566 0.2962 5 -5.7574 2.2426 5

0 // inner cyl
2 24 -12.2962 3.5434 9 -10 4 9
2 24 -14.2426 2.2426 9 -12.2962 3.5434 9
2 24 -15.5434 0.2962 9 -14.2426 2.2426 9
2 24 -15.6023 0 9 -15.5434 0.2962 9
2 24 -16 -2 8.5789 -15.6023 0 9
2 24 -15.7176 -3.42 8.28 -16 -2 8.5789
2 24 -15.5434 -4.2962 7.6776 -15.7176 -3.42 8.28
2 24 -14.2426 -6.2426 6.3395 -15.5434 -4.2962 7.6776
2 24 -14.2426 -6.2426 6.3395 -14.1567 -6.3 6.3
2 24 -14.1567 -6.3 6.3 -12.2962 -7.5434 4.4914
2 24 -12.2962 -7.5434 4.4914 -10 -8 3.8273
2 24 -10 -8 3.8273 -7.7038 -7.5434 4.4914
2 24 -7.7038 -7.5434 4.4914 -5.8433 -6.3 6.3
2 24 -5.8433 -6.3 6.3 -5.7574 -6.2426 6.3395
2 24 -5.7574 -6.2426 6.3395 -4.4566 -4.2962 7.6776
2 24 -4.4566 -4.2962 7.6776 -4.2824 -3.42 8.28
2 24 -4.2824 -3.42 8.28 -4 -2 8.5789
2 24 -4 -2 8.5789 -4.3977 0 9
2 24 -4.3977 0 9 -4.4566 0.2962 9
2 24 -4.4566 0.2962 9 -5.7574 2.2426 9
2 24 -7.7038 3.5434 9 -5.7574 2.2426 9
2 24 -10 4 9 -7.7038 3.5434 9

4 16 -12.3 3.54 -4.71 -10 4 -4.4 -10 4 9 -12.2962 3.5434 9
4 16 -14.24 2.24 -5.55 -12.3 3.54 -4.71 -12.2962 3.5434 9 -14.2426 2.2426 9
4 16 -14.34 2.1 5 -14.34 2.1 -5.58 -14.24 2.24 -5.55 -14.2426 2.2426 9
4 16 -14.2426 2.2426 9 -15.5434 0.2962 9 -15.5434 0.2962 5 -14.34 2.1 5
3 16 -15.5434 0.2962 5 -15.5434 0.2962 9 -15.6023 0 9
4 16 -16 -2 5 -15.5434 0.2962 5 -15.6023 0 9 -16 -2 8.5789
4 16 -15.5434 -4.2962 5 -16 -2 5 -16 -2 8.5789 -15.7176 -3.42 8.28
3 16 -15.5434 -4.2962 5 -15.7176 -3.42 8.28 -15.5434 -4.2962 7.6776
4 16 -14.2426 -6.2426 5 -15.5434 -4.2962 5 -15.5434 -4.2962 7.6776 -14.2426 -6.2426 6.3395
4 16 -12.8194 -7.1937 5 -14.2426 -6.2426 5 -14.2426 -6.2426 6.3395 -14.1567 -6.3 6.3
3 16 -12.2962 -7.5434 5 -12.8194 -7.1937 5 -12.2962 -7.5434 4.4914
5 24 -12.2962 3.5434 9 -12.3 3.54 -4.71 -10 4 9 -14.2426 2.2426 9
5 24 -14.2426 2.2426 9 -14.24 2.24 -5.55 -12.2962 3.5434 9 -15.5434 0.2962 9
5 24 -15.5434 0.2962 9 -15.5434 0.2962 5 -14.2426 2.2426 9 -15.6023 0 9
5 24 -16 -2 5 -16 -2 8.5789 -15.5434 0.2962 5 -15.7176 -3.42 5
5 24 -15.5434 -4.2962 5 -15.5434 -4.2962 7.6776 -15.7176 -3.42 5 -14.2426 -6.2426 5
5 24 -14.2426 -6.2426 5 -14.2426 -6.2426 6.3395 -15.5434 -4.2962 5 -14.1567 -6.3 5
5 24 -12.2962 -7.5434 5 -12.2962 -7.5434 4.4914 -14.1567 -6.3 5 -10 -8 5
4 16 -12.2962 -7.5434 4.4914 -10 -8 3.8273 -10 -8 5 -12.2962 -7.5434 5
4 16 -10 -8 3.8273 -7.7038 -7.5434 4.4914 -7.7038 -7.5434 5 -10 -8 5
5 24 -10 -8 5 -10 -8 3.82 -7.7038 -7.5434 5 -12.2962 -7.5434 5
3 16 -7.7038 -7.5434 5 -7.7038 -7.5434 4.4914 -7.1806 -7.1937 5
4 16 -5.7574 -6.2426 6.3395 -5.7574 -6.2426 5 -7.1806 -7.1937 5 -5.8433 -6.3 6.3
4 16 -4.4566 -4.2962 5 -5.7574 -6.2426 5 -5.7574 -6.2426 6.3395 -4.4566 -4.2962 7.6776
4 16 -4 -2 5 -4.4566 -4.2962 5 -4.4566 -4.2962 7.6776 -4.2824 -3.42 8.28
3 16 -4 -2 5 -4.2824 -3.42 8.28 -4 -2 8.5789
4 16 -4.3977 0 9 -4.4566 0.2962 5 -4 -2 5 -4 -2 8.5789
3 16 -4.4566 0.2962 5 -4.3977 0 9 -4.4566 0.2962 9
4 16 -5.7574 2.2426 9 -5.7574 2.2426 5 -4.4566 0.2962 5 -4.4566 0.2962 9
4 16 -7.7038 3.5434 9 -7.72 3.55 5 -5.7574 2.2426 5 -5.7574 2.2426 9
3 16 -10 4 9 -7.72 3.55 5 -7.7038 3.5434 9
4 16 -10 4 9 -10 4 -4.4 -7.72 3.55 -4.71 -7.72 3.55 5
5 24 -7.7038 -7.5434 5 -7.7038 -7.5434 4.4914 -10 -8 5 -5.8433 -6.3 5
5 24 -5.7574 -6.2426 5 -5.7574 -6.2426 6.3395 -5.8433 -6.3 5 -4.4566 -4.2962 5
5 24 -4.4566 -4.2962 5 -4.4566 -4.2962 7.6776 -5.7574 -6.2426 5 -4.2824 -3.42 5
5 24 -4 -2 5 -4 -2 8.5789 -4.2824 -3.42 5 -4.4566 0.2962 5
5 24 -4.4566 0.2962 5 -4.4566 0.2962 9 -4.3977 0 5 -5.7574 2.2426 5
5 24 -5.7574 2.2426 5 -5.7574 2.2426 9 -4.4566 0.2962 5 -7.72 3.55 5
5 24 -7.7038 3.5434 9 -7.72 3.55 5 -5.7574 2.2426 9 -10 4 9
5 24 -10 4 9 -10 4 -4.4 -7.7038 3.5434 9 -12.2962 3.5434 9

0 // topside
3 16 -18.03 -8.28 3.42 -2 -8.28 3.42 -10 -8 3.8273
3 16 -10 -8 3.8273 -12.2962 -7.5434 4.4914 -18.03 -8.28 3.42
3 16 -7.7038 -7.5434 4.4914 -10 -8 3.8273 -2 -8.28 3.42
3 16 -7.1806 -7.1937 5 -7.7038 -7.5434 4.4914 -2 -8.28 3.42
3 16 -12.2962 -7.5434 4.4914 -12.8194 -7.1937 5 -18.03 -8.28 3.42
4 16 -18.03 -8.28 3.42 -12.8194 -7.1937 5 -14.1567 -6.3 6.3 -18.11 -6.3 6.3
4 16 -2 -8.28 3.42 -2 -6.3 6.3 -5.8433 -6.3 6.3 -7.1806 -7.1937 5
4 16 -18.03 -8.28 3.42 -18 -9 0 -2 -9 0 -2 -8.28 3.42
4 16 -18 -9 0 -18.03 -8.28 -3.42 -2 -8.28 -3.42 -2 -9 0
4 16 -18.03 -8.28 -3.42 -18.11 -6.3 -6.3 -2 -6.3 -6.3 -2 -8.28 -3.42
5 24 -2 -8.28 3.42 -18.03 -8.28 3.42 -2 -7.19 5.01 -2 -9 0
5 24 -2 -3.42 -8.28 -18.23 -3.42 -8.28 -2 -6.3 -6.3 -2 0 -9
5 24 -2 -6.3 -6.3 -18.11 -6.3 -6.3 -2 -3.42 -8.28 -2 -8.28 -3.42
5 24 -2 0 -9 -18.36 0 -9 -2 -3.42 -8.28 -2 3.42 -8.28
5 24 -2 3.42 -8.28 -18.5 3.42 -8.28 -2 0 -9 -2 6.74 -6
5 24 -2 6.74 -6 -18.64 6.74 -6 -2 3.42 -8.28 -2 7.7 -6
5 24 -2 -9 0 -18 -9 0 -2 -8.28 3.42 -2 -8.28 -3.42
5 24 -2 -8.28 -3.42 -18.03 -8.28 -3.42 -2 -9 0 -2 -6.3 -6.3

0 // backside
4 16 -18.23 -3.42 8.28 -16 -2 8.5789 -15.6023 0 9 -18.36 0 9
3 16 -16 -2 8.5789 -18.23 -3.42 8.28 -15.7176 -3.42 8.28
3 16 -15.7176 -3.42 8.28 -18.23 -3.42 8.28 -15.5434 -4.2962 7.6776
4 16 -18.11 -6.3 6.3 -14.2426 -6.2426 6.3395 -15.5434 -4.2962 7.6776 -18.23 -3.42 8.28
3 16 -14.2426 -6.2426 6.3395 -18.11 -6.3 6.3 -14.1567 -6.3 6.3
5 24 -15.6023 0 9 -18.36 0 9 -15.5434 0.2962 9 -16 -2 8.5789
5 24 -15.7176 -3.42 8.28 -18.23 -3.42 8.28 -16 -2 8.5789 -15.5434 -4.2962 7.6776
5 24 -14.1567 -6.3 6.3 -18.11 -6.3 6.3 -14.2426 -6.2426 6.3395 -12.2962 -7.5434 4.4914

4 16 -2 0 9 -4.3977 0 9 -4 -2 8.5789 -2 -3.42 8.28
3 16 -2 -3.42 8.28 -4 -2 8.5789 -4.2824 -3.42 8.28
3 16 -2 -3.42 8.28 -4.2824 -3.42 8.28 -4.4566 -4.2962 7.6776
4 16 -2 -3.42 8.28 -4.4566 -4.2962 7.6776 -5.7574 -6.2426 6.3395 -2 -6.3 6.3
3 16 -2 -6.3 6.3 -5.7574 -6.2426 6.3395 -5.8433 -6.3 6.3
5 24 -2 0 9 -4.3977 0 9 -2 0.2962 9 -2 -2 8.5789
5 24 -2 -3.42 8.28 -4.2824 -3.42 8.28 -2 -2 8.5789 -2 -4.2962 7.6776
5 24 -2 -6.3 6.3 -5.8433 -6.3 6.3 -2 -6.2426 6.3395 -2 -7.5434 4.4914

0 // backside bottom
1 16 -10 18 9 6 0 0 0 0 6 0 -1 0 4-4ndis.dat
4 16 -10 12 9 -10 4 9 -7.7038 3.5434 9 -2 4.1 9
4 16 -2 4.1 9 -7.7038 3.5434 9 -5.7574 2.2426 9 -2 0 9
3 16 -2 0 9 -5.7574 2.2426 9 -4.4566 0.2962 9
3 16 -2 0 9 -4.4566 0.2962 9 -4.3977 0 9
3 16 -15.6023 0 9 -15.5434 0.2962 9 -18.36 0 9
3 16 -15.5434 0.2962 9 -14.2426 2.2426 9 -18.36 0 9
4 16 -18.36 0 9 -14.2426 2.2426 9 -12.2962 3.5434 9 -16 12 9
4 16 -10 12 9 -16 12 9 -12.2962 3.5434 9 -10 4 9
4 16 -1.5 28 9 -19.5 28 9 -16 24 9 -10 24 9
3 16 -4 24 9 -1.5 28 9 -10 24 9
3 16 -4 24 9 -4 18 9 -1.5 28 9
4 16 -1.5 28 9 -4 18 9 -4 12 9 -1.5 4.1 9
4 16 -1.5 4.1 9 -4 12 9 -10 12 9 -2 4.1 9
4 16 -19.5 28 9 -18.36 0 9 -16 12 9 -16 18 9
3 16 -16 24 9 -19.5 28 9 -16 18 9
3 16 -14.34 -6 5 -14.2426 -6.2426 5 -12.8194 -7.1937 5
3 16 -4.4566 -4.2962 5 -7.1806 -7.1937 5 -5.7574 -6.2426 5
3 16 -7.72 0 3 -7.72 -3 3 -7.72 -6 5
3 16 -7.72 3 0 -7.72 3 3 -7.72 3.55 5

0 FILE box4-4a.dat
0 Box with  4 Faces without  4 Adjacent Edges
0 Name: box4-4a.dat
0 Author: Willy Tschager [Holly-Wood]
0 !LDRAW_ORG Primitive UPDATE 2024-01
0 !LICENSE Licensed under CC BY 4.0 : see CAreadme.txt

0 BFC CERTIFY CCW

0 !HISTORY 1998-07-15 [PTadmin] Official Update 1998-07
0 !HISTORY 2002-12-13 [hafhead] Made BFC compliant
0 !HISTORY 2003-03-12 [PTadmin] Official Update 2003-01
0 !HISTORY 2007-06-24 [PTadmin] Header formatted for Contributor Agreement
0 !HISTORY 2008-07-01 [PTadmin] Official Update 2008-01
0 !HISTORY 2012-02-16 [Philo] Changed to CCW
0 !HISTORY 2012-03-30 [PTadmin] Official Update 2012-01
0 !HISTORY 2024-01-03 [Holly-Wood] Complete re-write, original by Manfred Moolhuysen
0 !HISTORY 2024-01-29 [OrionP] Official Update 2024-01

2 24 -1 1 -1 -1 1 1
2 24 1 1 1 1 1 -1
2 24 -1 1 1 1 1 1
4 16 1 1 1 1 1 -1 -1 1 -1 -1 1 1

2 24 -1 0 -1 -1 0 1
4 16 -1 1 1 -1 1 -1 -1 0 -1 -1 0 1

2 24 1 0 1 1 0 -1
4 16 1 1 -1 1 1 1 1 0 1 1 0 -1

2 24 1 1 1 1 0 1
2 24 -1 1 1 -1 0 1
2 24 -1 0 1 1 0 1
4 16 1 1 1 -1 1 1 -1 0 1 1 0 1

0 FILE 1-4cylc.dat
0 Cylinder Closed 0.25
0 Name: 1-4cylc.dat
0 Author: Mark Kennedy [mkennedy]
0 !LDRAW_ORG Primitive UPDATE 2010-01
0 !LICENSE Licensed under CC BY 4.0 : see CAreadme.txt

0 BFC CERTIFY CCW

0 !HISTORY 2010-04-05 [PTadmin] Official Update 2010-01


1 16 0 0 0 1 0 0 0 1 0 0 0 1 1-4edge.dat
1 16 0 1 0 1 0 0 0 1 0 0 0 1 1-4edge.dat
1 16 0 0 0 1 0 0 0 1 0 0 0 1 1-4disc.dat
1 16 0 0 0 1 0 0 0 1 0 0 0 1 1-4cyli.dat
0

0 FILE 1-4ring1.dat
0 Ring  1 x 0.25
0 Name: 1-4ring1.dat
0 Author: Chris Dee [cwdee]
0 !LDRAW_ORG Primitive UPDATE 2012-01
0 !LICENSE Licensed under CC BY 4.0 : see CAreadme.txt

0 BFC CERTIFY CCW

0 !HISTORY 2000-05-07 [PTadmin] Official Update 2000-01
0 !HISTORY 2002-11-22 [hafhead] Added BFC statement
0 !HISTORY 2002-11-30 [PTadmin] Official Update 2002-05
0 !HISTORY 2007-06-22 [PTadmin] Header formatted for Contributor Agreement
0 !HISTORY 2008-07-01 [PTadmin] Official Update 2008-01
0 !HISTORY 2012-02-16 [Philo] Changed to CCW
0 !HISTORY 2012-03-30 [PTadmin] Official Update 2012-01


4 16 2 0 0 1.8478 0 0.7654 0.9239 0 0.3827 1 0 0
4 16 1.8478 0 0.7654 1.4142 0 1.4142 0.7071 0 0.7071 0.9239 0 0.3827
4 16 1.4142 0 1.4142 0.7654 0 1.8478 0.3827 0 0.9239 0.7071 0 0.7071
4 16 0.7654 0 1.8478 0 0 2 0 0 1 0.3827 0 0.9239
